chr	start	end	WT.count	mut.count	subclonal.CN	nMaj1	nMin1	frac1	nMaj2	nMin2	frac2	phase	mutation.copy.number	subclonal.fraction	no.chrs.bearing.mut
1	1920388	1920389	47	8	NA	NA	NA	NA	NA	NA	NA	unphased	NA	NA	1
1	6142264	6142265	127	14	3	2	1	1	NA	NA	NA	unphased	0.784054781120078	0.784054781120078	1
1	12638847	12638848	44	6	3	2	1	1	NA	NA	NA	unphased	0.947586206896552	0.947586206896552	1
1	13474836	13474837	31	11	3	2	1	1	NA	NA	NA	unphased	2.06814449917898	1.03407224958949	2
1	14142994	14142995	77	10	3	2	1	1	NA	NA	NA	unphased	0.90764962346413	0.90764962346413	1
1	15764974	15764975	101	19	3	2	1	1	NA	NA	NA	unphased	1.25028735632184	1.25028735632184	1
1	17413095	17413096	84	14	3	2	1	1	NA	NA	NA	unphased	1.12807881773399	1.12807881773399	1
1	18661414	18661415	73	7	3	2	1	1	NA	NA	NA	unphased	0.690948275862069	0.690948275862069	1
1	22834522	22834523	160	16	3	2	1	1	NA	NA	NA	unphased	0.717868338557994	0.717868338557994	1
1	23236983	23236984	76	15	3	2	1	1	NA	NA	NA	unphased	1.30162940507768	1.30162940507768	1
1	26371651	26371652	96	12	3	2	1	1	NA	NA	NA	unphased	0.877394636015326	0.877394636015326	1
1	27687249	27687250	16	8	3	2	1	1	NA	NA	NA	unphased	2.63218390804598	1.31609195402299	2
1	28477082	28477083	83	24	3	2	1	1	NA	NA	NA	unphased	1.77118917176926	0.885594585884628	2
1	33138125	33138126	103	32	3	2	1	1	NA	NA	NA	unphased	1.87177522349936	0.935887611749681	2
1	33248104	33248105	118	22	3	2	1	1	NA	NA	NA	unphased	1.24088669950739	1.24088669950739	1
1	35852693	35852694	53	16	3	2	1	1	NA	NA	NA	unphased	1.83108445777111	0.915542228885557	2
1	36904371	36904372	85	15	3	2	1	1	NA	NA	NA	unphased	1.18448275862069	1.18448275862069	1
1	38227467	38227468	73	11	3	2	1	1	NA	NA	NA	unphased	1.03407224958949	1.03407224958949	1
1	47489601	47489602	58	7	3	2	1	1	NA	NA	NA	unphased	0.850397877984085	0.850397877984085	1
1	47748107	47748108	132	20	3	2	1	1	NA	NA	NA	unphased	1.03901996370236	1.03901996370236	1
1	65113495	65113496	34	14	3	2	1	1	NA	NA	NA	unphased	2.30316091954023	1.15158045977011	2
1	67303452	67303453	103	17	3	2	1	1	NA	NA	NA	unphased	1.11867816091954	1.11867816091954	1
1	70761843	70761844	162	19	3	2	1	1	NA	NA	NA	unphased	0.828919794246523	0.828919794246523	1
1	75037012	75037013	182	60	3	2	1	1	NA	NA	NA	unphased	1.9578227415218	0.978911370760901	2
1	75038578	75038579	167	54	3	2	1	1	NA	NA	NA	unphased	1.92947417693868	0.96473708846934	2
1	75608927	75608928	114	13	3	2	1	1	NA	NA	NA	unphased	0.808308444203095	0.808308444203095	1
1	77516035	77516036	172	48	3	2	1	1	NA	NA	NA	unphased	1.72288401253919	0.861442006269593	2
1	79356755	79356756	35	17	3	2	1	1	NA	NA	NA	unphased	2.5815649867374	1.2907824933687	2
1	85116141	85116142	394	42	3	2	1	1	NA	NA	NA	unphased	0.760677000949067	0.760677000949067	1
1	85279637	85279638	89	11	3	2	1	1	NA	NA	NA	unphased	0.868620689655172	0.868620689655172	1
1	86515817	86515818	214	22	3	2	1	1	NA	NA	NA	unphased	0.736119228521333	0.736119228521333	1
1	89616021	89616022	107	31	3	2	1	1	NA	NA	NA	unphased	1.77386306846577	0.886931534232884	2
1	89616022	89616023	107	31	3	2	1	1	NA	NA	NA	unphased	1.77386306846577	0.886931534232884	2
1	89732272	89732273	128	32	3	2	1	1	NA	NA	NA	unphased	1.57931034482759	0.789655172413793	2
1	89844144	89844145	112	23	3	2	1	1	NA	NA	NA	unphased	1.34533844189017	1.34533844189017	1
1	92946571	92946572	25	4	3	2	1	1	NA	NA	NA	unphased	1.08917954815696	1.08917954815696	1
1	94485161	94485162	18	4	3	2	1	1	NA	NA	NA	unphased	1.43573667711599	1.43573667711599	1
1	94544148	94544149	218	60	3	2	1	1	NA	NA	NA	unphased	1.70429173902258	0.852145869511288	2
1	102302472	102302473	120	16	3	2	1	1	NA	NA	NA	unphased	0.929006085192698	0.929006085192698	1
1	104234109	104234110	549	77	3	2	1	1	NA	NA	NA	unphased	0.971301090668723	0.971301090668723	1
1	107691379	107691380	189	23	3	2	1	1	NA	NA	NA	unphased	0.856701366297983	0.856701366297983	1
1	107691380	107691381	187	24	3	2	1	1	NA	NA	NA	unphased	0.898185978100997	0.898185978100997	1
1	107867165	107867166	118	36	3	2	1	1	NA	NA	NA	unphased	1.84594715629198	0.922973578145992	2
1	109793526	109793527	86	46	2.75	4	2	0.35	1	0	0.65	unphased	2.66470741901776	0.986928673710283	2.7
1	110085913	110085914	219	103	2.75	4	2	0.35	1	0	0.65	unphased	2.44594666952238	1.04082837000952	2.35
1	110151361	110151362	133	21	2.75	4	2	0.35	1	0	0.65	unphased	1.04271159874608	1.04271159874608	1
1	110170102	110170103	128	22	2.75	4	2	0.35	1	0	0.65	unphased	1.12149425287356	1.12149425287356	1
1	110921553	110921554	135	85	2.75	4	2	0.35	1	0	0.65	unphased	2.95434952978056	1.09420352954836	2.7
1	111773905	111773906	110	25	5	3	2	1	NA	NA	NA	unphased	1.83269476372925	0.916347381864623	2
1	145498696	145498697	92	23	NA	NA	NA	NA	NA	NA	NA	unphased	NA	NA	1
1	145581501	145581502	219	50	NA	NA	NA	NA	NA	NA	NA	unphased	NA	NA	1
1	147380333	147380334	131	29	NA	NA	NA	NA	NA	NA	NA	unphased	NA	NA	1
1	149369340	149369341	13	8	NA	NA	NA	NA	NA	NA	NA	unphased	NA	NA	1
1	150325420	150325421	203	47	6	4	2	1	NA	NA	NA	unphased	2.04855172413793	1.02427586206897	2
1	151502487	151502488	122	58	6	4	2	1	NA	NA	NA	unphased	3.51111111111111	0.877777777777778	4
1	152277217	152277218	794	44	6	4	2	1	NA	NA	NA	unphased	0.572133980742326	0.572133980742326	1
1	152322971	152322972	23	11	6	4	2	1	NA	NA	NA	unphased	3.52535496957404	0.881338742393509	4
1	152322973	152322974	24	11	6	4	2	1	NA	NA	NA	unphased	3.42463054187192	1.14154351395731	3
1	152328870	152328871	293	166	6	4	2	1	NA	NA	NA	unphased	3.94080084140936	0.98520021035234	4
1	152552236	152552237	137	65	6	4	2	1	NA	NA	NA	unphased	3.50631614885627	0.876579037214066	4
1	152648841	152648842	125	22	6	4	2	1	NA	NA	NA	unphased	1.63077644851044	0.815388224255219	2
1	152733166	152733167	70	36	6	4	2	1	NA	NA	NA	unphased	3.7007156798959	0.925178919973975	4
1	152733526	152733527	167	30	6	4	2	1	NA	NA	NA	unphased	1.65937335900578	0.829686679502888	2
1	153043127	153043128	280	43	6	4	2	1	NA	NA	NA	unphased	1.45062453293477	0.725312266467386	2
1	153915605	153915606	75	39	6	4	2	1	NA	NA	NA	unphased	3.72776769509982	0.931941923774955	4
1	154310208	154310209	107	17	6	4	2	1	NA	NA	NA	unphased	1.49388209121246	1.49388209121246	1
1	154832275	154832276	56	43	6	4	2	1	NA	NA	NA	unphased	4.73284569836294	1.18321142459074	4
1	155029763	155029764	92	24	6	4	2	1	NA	NA	NA	unphased	2.25445897740785	1.12722948870392	2
1	156642952	156642953	76	18	6	4	2	1	NA	NA	NA	unphased	2.08657373440939	1.0432868672047	2
1	156816459	156816460	97	16	6	4	2	1	NA	NA	NA	unphased	1.54287458040891	0.771437290204455	2
1	158669759	158669760	148	40	6	4	2	1	NA	NA	NA	unphased	2.31841526045488	1.15920763022744	2
1	159038355	159038356	171	40	6	4	2	1	NA	NA	NA	unphased	2.06569700931525	1.03284850465762	2
1	159166740	159166741	175	34	6	4	2	1	NA	NA	NA	unphased	1.77264477808942	0.886322389044712	2
1	159175340	159175341	111	50	6	4	2	1	NA	NA	NA	unphased	3.384022274577	1.128007424859	3
1	159409973	159409974	323	25	6	4	2	1	NA	NA	NA	unphased	0.782798256044391	0.782798256044391	1
1	159778907	159778908	131	23	6	4	2	1	NA	NA	NA	unphased	1.62740707568294	0.813703537841469	2
1	160313208	160313209	21	4	6	4	2	1	NA	NA	NA	unphased	1.74344827586207	1.74344827586207	1
1	161017589	161017590	152	70	6	4	2	1	NA	NA	NA	unphased	3.43584964274619	0.858962410686549	4
1	161183896	161183897	103	6	6	4	2	1	NA	NA	NA	unphased	0.599810186649794	0.599810186649794	1
1	161771914	161771915	202	41	6	4	2	1	NA	NA	NA	unphased	1.83851284234426	0.91925642117213	2
1	162366874	162366875	12	11	6	4	2	1	NA	NA	NA	unphased	5.21139430284858	1.30284857571214	4
1	162381887	162381888	46	10	6	4	2	1	NA	NA	NA	unphased	1.94581280788177	0.972906403940887	2
1	162824551	162824552	110	24	6	4	2	1	NA	NA	NA	unphased	1.95162120432321	0.975810602161606	2
1	166926060	166926061	101	53	6	4	2	1	NA	NA	NA	unphased	3.75011195700851	0.937527989252127	4
1	166990977	166990978	130	76	6	4	2	1	NA	NA	NA	unphased	4.02008704385671	1.00502176096418	4
1	168260461	168260462	332	61	6	4	2	1	NA	NA	NA	unphased	1.6913222777924	0.845661138896201	2
1	169563952	169563953	95	54	6	4	2	1	NA	NA	NA	unphased	3.94908585975469	0.987271464938672	4
1	171227227	171227228	88	26	6	4	2	1	NA	NA	NA	unphased	2.48517846339988	0.828392821133293	3
1	171227228	171227229	88	26	6	4	2	1	NA	NA	NA	unphased	2.48517846339988	0.828392821133293	3
1	173628543	173628544	65	27	6	4	2	1	NA	NA	NA	unphased	3.19790104947526	1.06596701649175	3
1	175306791	175306792	84	8	6	4	2	1	NA	NA	NA	unphased	0.947526236881559	0.947526236881559	1
1	175335035	175335036	167	29	6	4	2	1	NA	NA	NA	unphased	1.61224489795918	0.806122448979592	2
1	176664920	176664921	159	88	6	4	2	1	NA	NA	NA	unphased	3.88217227418679	0.970543068546698	4
1	176918406	176918407	77	16	6	4	2	1	NA	NA	NA	unphased	1.87467556544308	0.937337782721542	2
1	178491582	178491583	15	5	6	4	2	1	NA	NA	NA	unphased	2.72413793103448	0.908045977011494	3
1	179086472	179086473	184	79	6	4	2	1	NA	NA	NA	unphased	3.27310869280189	1.09103623093396	3
1	181767703	181767704	45	21	6	4	2	1	NA	NA	NA	unphased	3.46708463949843	0.866771159874608	4
1	183273966	183273967	44	22	6	4	2	1	NA	NA	NA	unphased	3.63218390804598	0.908045977011494	4
1	185958695	185958696	141	20	6	4	2	1	NA	NA	NA	unphased	1.3536089098308	1.3536089098308	1
1	196227489	196227490	190	28	6	4	2	1	NA	NA	NA	unphased	1.39955710218285	0.699778551091427	2
1	196928243	196928244	58	16	6	4	2	1	NA	NA	NA	unphased	2.35601118359739	1.1780055917987	2
1	201193994	201193995	44	12	6	4	2	1	NA	NA	NA	unphased	2.33497536945813	1.16748768472906	2
1	201282571	201282572	18	7	6	4	2	1	NA	NA	NA	unphased	3.05103448275862	1.01701149425287	3
1	204985432	204985433	187	57	6	4	2	1	NA	NA	NA	unphased	2.54550593555681	0.848501978518937	3
1	208224693	208224694	58	27	6	4	2	1	NA	NA	NA	unphased	3.46125760649087	0.865314401622718	4
1	209789945	209789946	130	26	6	4	2	1	NA	NA	NA	unphased	1.81609195402299	0.908045977011494	2
1	209789949	209789950	123	24	6	4	2	1	NA	NA	NA	unphased	1.77902885292048	0.889514426460239	2
1	220284271	220284272	139	10	6	4	2	1	NA	NA	NA	unphased	0.731312196250868	0.731312196250868	1
1	228548133	228548134	65	10	6	4	2	1	NA	NA	NA	unphased	1.45287356321839	1.45287356321839	1
1	229667382	229667383	224	27	6	4	2	1	NA	NA	NA	unphased	1.17213903008655	1.17213903008655	1
1	230846533	230846534	118	23	6	4	2	1	NA	NA	NA	unphased	1.77745169968207	0.888725849841037	2
1	236755332	236755333	199	34	6	4	2	1	NA	NA	NA	unphased	1.59005475802871	0.795027379014356	2
1	237001808	237001809	168	94	6	4	2	1	NA	NA	NA	unphased	3.90944985522506	0.977362463806265	4
1	237875059	237875060	28	9	6	4	2	1	NA	NA	NA	unphased	2.65051258154706	0.883504193849021	3
1	237947411	237947412	90	55	6	4	2	1	NA	NA	NA	unphased	4.13317479191439	1.0332936979786	4
1	238050798	238050799	105	52	6	4	2	1	NA	NA	NA	unphased	3.60904897869537	0.902262244673841	4
1	241731809	241731810	249	122	6	4	2	1	NA	NA	NA	unphased	3.58323264243889	0.895808160609722	4
1	241946623	241946624	78	44	6	4	2	1	NA	NA	NA	unphased	3.92990390050876	0.982475975127191	4
1	243349337	243349338	121	27	6	4	2	1	NA	NA	NA	unphased	1.9878844361603	0.993942218080149	2
1	245775266	245775267	51	20	6	4	2	1	NA	NA	NA	unphased	3.06945118989801	1.02315039663267	3
1	247486493	247486494	109	48	6	4	2	1	NA	NA	NA	unphased	3.33142982648803	1.11047660882934	3
1	248028136	248028137	53	27	NA	NA	NA	NA	NA	NA	NA	unphased	NA	NA	1
1	248028137	248028138	53	27	NA	NA	NA	NA	NA	NA	NA	unphased	NA	NA	1
1	248059643	248059644	176	91	NA	NA	NA	NA	NA	NA	NA	unphased	NA	NA	1
1	248262719	248262720	335	57	NA	NA	NA	NA	NA	NA	NA	unphased	NA	NA	1
1	248402641	248402642	180	73	NA	NA	NA	NA	NA	NA	NA	unphased	NA	NA	1
1	248402961	248402962	100	66	NA	NA	NA	NA	NA	NA	NA	unphased	NA	NA	1
1	248551412	248551413	68	27	NA	NA	NA	NA	NA	NA	NA	unphased	NA	NA	1
1	248551420	248551421	79	17	NA	NA	NA	NA	NA	NA	NA	unphased	NA	NA	1
1	248616107	248616108	195	19	NA	NA	NA	NA	NA	NA	NA	unphased	NA	NA	1
1	248616191	248616192	425	58	NA	NA	NA	NA	NA	NA	NA	unphased	NA	NA	1
1	248652065	248652066	142	27	NA	NA	NA	NA	NA	NA	NA	unphased	NA	NA	1
10	93208	93209	158	38	NA	NA	NA	NA	NA	NA	NA	unphased	NA	NA	1
10	1132229	1132230	58	8	4	2	2	1	NA	NA	NA	unphased	1.07836990595611	1.07836990595611	1
10	5781662	5781663	184	24	4	2	2	1	NA	NA	NA	unphased	1.02652519893899	1.02652519893899	1
10	6067807	6067808	131	32	4	2	2	1	NA	NA	NA	unphased	1.74656230167125	0.873281150835625	2
10	15091700	15091701	90	21	4	2	2	1	NA	NA	NA	unphased	1.68313140726934	0.841565703634669	2
10	15091729	15091730	75	16	4	2	2	1	NA	NA	NA	unphased	1.5642288745737	0.782114437286851	2
10	16970247	16970248	104	22	4	2	2	1	NA	NA	NA	unphased	1.55336617405583	0.776683087027915	2
10	17865236	17865237	303	68	4	2	2	1	NA	NA	NA	unphased	1.63063481736221	0.815317408681104	2
10	18254523	18254524	109	26	4	2	2	1	NA	NA	NA	unphased	1.71340996168582	0.856704980842912	2
10	18292057	18292058	132	23	4	2	2	1	NA	NA	NA	unphased	1.32013348164627	1.32013348164627	1
10	28822469	28822470	22	8	4	2	2	1	NA	NA	NA	unphased	2.37241379310345	1.18620689655172	2
10	30318156	30318157	165	43	4	2	2	1	NA	NA	NA	unphased	1.83919098143236	0.91959549071618	2
10	37508144	37508145	227	70	4	2	2	1	NA	NA	NA	unphased	2.09683037269244	1.04841518634622	2
10	37508146	37508147	224	68	4	2	2	1	NA	NA	NA	unphased	2.07179971658007	1.03589985829003	2
10	38246010	38246011	146	21	4	2	2	1	NA	NA	NA	unphased	1.11872806111914	1.11872806111914	1
10	42947109	42947110	26	5	4	2	2	1	NA	NA	NA	unphased	1.4349276974416	1.4349276974416	1
10	48390082	48390083	61	15	4	2	2	1	NA	NA	NA	unphased	1.75589836660617	0.877949183303085	2
10	50820152	50820153	55	15	4	2	2	1	NA	NA	NA	unphased	1.9064039408867	0.95320197044335	2
10	50916597	50916598	150	38	4	2	2	1	NA	NA	NA	unphased	1.7982391782832	0.899119589141599	2
10	51562435	51562436	71	22	4	2	2	1	NA	NA	NA	unphased	2.10456062291435	1.05228031145717	2
10	51748360	51748361	22	4	4	2	2	1	NA	NA	NA	unphased	1.36870026525199	1.36870026525199	1
10	53458657	53458658	77	15	4	2	2	1	NA	NA	NA	unphased	1.45052473763118	1.45052473763118	1
10	54530476	54530477	195	59	4	2	2	1	NA	NA	NA	unphased	2.06652185718165	1.03326092859082	2
10	61830100	61830101	178	38	4	2	2	1	NA	NA	NA	unphased	1.56513409961686	0.782567049808429	2
10	68526127	68526128	220	23	4	2	2	1	NA	NA	NA	unphased	0.842060451255854	0.842060451255854	1
10	69948692	69948693	69	19	4	2	2	1	NA	NA	NA	unphased	1.92084639498433	0.960423197492163	2
10	71393008	71393009	18	4	4	2	2	1	NA	NA	NA	unphased	1.61755485893417	1.61755485893417	1
10	87484169	87484170	45	13	4	2	2	1	NA	NA	NA	unphased	1.99405469678954	0.997027348394768	2
10	88768599	88768600	231	54	4	2	2	1	NA	NA	NA	unphased	1.68566243194192	0.842831215970962	2
10	95790600	95790601	8	4	4	2	2	1	NA	NA	NA	unphased	2.96551724137931	1.48275862068966	2
10	96116959	96116960	247	43	4	2	2	1	NA	NA	NA	unphased	1.31914387633769	1.31914387633769	1
10	96352230	96352231	102	28	4	2	2	1	NA	NA	NA	unphased	1.91618037135279	0.958090185676393	2
10	96535185	96535186	151	27	4	2	2	1	NA	NA	NA	unphased	1.3494769469198	1.3494769469198	1
10	97099060	97099061	135	27	4	2	2	1	NA	NA	NA	unphased	1.48275862068966	0.741379310344828	2
10	97099061	97099062	138	27	4	2	2	1	NA	NA	NA	unphased	1.45579937304075	0.727899686520376	2
10	98924620	98924621	176	25	4	2	2	1	NA	NA	NA	unphased	1.10653628409676	1.10653628409676	1
10	103360551	103360552	125	39	4	2	2	1	NA	NA	NA	unphased	2.11564339781329	1.05782169890664	2
10	103534510	103534511	39	8	4	2	2	1	NA	NA	NA	unphased	1.51430667644901	1.51430667644901	1
10	104233429	104233430	128	36	4	2	2	1	NA	NA	NA	unphased	1.9529015979815	0.976450798990749	2
10	108357141	108357142	43	7	4	2	2	1	NA	NA	NA	unphased	1.24551724137931	1.24551724137931	1
10	115905432	115905433	121	28	4	2	2	1	NA	NA	NA	unphased	1.67183522332793	0.835917611663967	2
10	117823872	117823873	54	5	4	2	2	1	NA	NA	NA	unphased	0.753945061367621	0.753945061367621	1
10	117856233	117856234	46	11	4	2	2	1	NA	NA	NA	unphased	1.71687840290381	0.858439201451906	2
10	118202638	118202639	78	24	4	2	2	1	NA	NA	NA	unphased	2.09330628803245	1.04665314401623	2
10	126495450	126495451	148	26	4	2	2	1	NA	NA	NA	unphased	1.32936979785969	1.32936979785969	1
10	127486642	127486643	225	56	4	2	2	1	NA	NA	NA	unphased	1.7729782795435	0.886489139771751	2
10	128202507	128202508	97	29	4	2	2	1	NA	NA	NA	unphased	2.04761904761905	1.02380952380952	2
10	132944874	132944875	71	19	4	2	2	1	NA	NA	NA	unphased	1.87816091954023	0.939080459770115	2
10	134161527	134161528	195	44	4	2	2	1	NA	NA	NA	unphased	1.63785889482037	0.818929447410186	2
10	135084400	135084401	50	10	4	2	2	1	NA	NA	NA	unphased	1.48275862068966	1.48275862068966	1
11	551757	551758	46	7	1.16	2	1	0.08	0	1	0.92	unphased	0.799921925829538	0.799921925829538	1
11	1083835	1083836	10	7	1.16	2	1	0.08	0	1	0.92	unphased	2.49387423935091	2.30914281421381	1.08
11	1955237	1955238	19	5	1.16	2	1	0.08	0	1	0.92	unphased	1.2617816091954	1.2617816091954	1
11	2441527	2441528	104	15	1.16	2	1	0.08	0	1	0.92	unphased	0.763430889597218	0.763430889597218	1
11	3721996	3721997	134	12	1.16	2	1	0.08	0	1	0.92	unphased	0.497798771846953	0.497798771846953	1
11	4510903	4510904	288	46	1.16	2	1	0.08	0	1	0.92	unphased	0.834135866198637	0.834135866198637	1
11	4825139	4825140	136	38	1.16	2	1	0.08	0	1	0.92	unphased	1.32269520412208	1.22471778159452	1.08
11	5010951	5010952	51	8	1.16	2	1	0.08	0	1	0.92	unphased	0.821227352425482	0.821227352425482	1
11	5221083	5221084	79	28	1.16	2	1	0.08	0	1	0.92	unphased	1.58489203996133	1.46749262959382	1.08
11	5410719	5410720	288	52	1.16	2	1	0.08	0	1	0.92	unphased	0.926296146044625	0.926296146044625	1
11	6221387	6221388	230	38	1.16	2	1	0.08	0	1	0.92	unphased	0.858764796706125	0.858764796706125	1
11	7111457	7111458	16	9	1.16	2	1	0.08	0	1	0.92	unphased	2.18035862068966	2.01885057471264	1.08
11	7949671	7949672	109	13	1.16	2	1	0.08	0	1	0.92	unphased	0.645370265686829	0.645370265686829	1
11	17464789	17464790	83	19	1.16	2	1	0.08	0	1	0.92	unphased	1.12818120351589	1.12818120351589	1
11	22279265	22279266	95	16	1.16	2	1	0.08	0	1	0.92	unphased	0.873016464740603	0.873016464740603	1
11	22398150	22398151	130	40	1.16	2	1	0.08	0	1	0.92	unphased	1.42507099391481	1.31951017955075	1.08
11	25100168	25100169	66	23	1.16	2	1	0.08	0	1	0.92	unphased	1.56517628826036	1.44923730394478	1.08
11	26692797	26692798	203	37	1.16	2	1	0.08	0	1	0.92	unphased	0.933718390804598	0.933718390804598	1
11	26743305	26743306	126	13	1.16	2	1	0.08	0	1	0.92	unphased	0.566440089307864	0.566440089307864	1
11	32705048	32705049	54	8	1.16	2	1	0.08	0	1	0.92	unphased	0.781490545050056	0.781490545050056	1
11	33564800	33564801	154	23	1.16	2	1	0.08	0	1	0.92	unphased	0.78700954607442	0.78700954607442	1
11	36597900	36597901	110	31	1.16	2	1	0.08	0	1	0.92	unphased	1.3315822939594	1.3315822939594	1
11	44940768	44940769	91	22	1.16	2	1	0.08	0	1	0.92	unphased	1.1791516631065	1.1791516631065	1
11	47496951	47496952	143	28	1.16	2	1	0.08	0	1	0.92	unphased	0.991716071788667	0.991716071788667	1
11	48158553	48158554	163	29	1.16	2	1	0.08	0	1	0.92	unphased	0.914791666666667	0.914791666666667	1
11	51411896	51411897	77	9	1.16	2	1	0.08	0	1	0.92	unphased	0.633825180433039	0.633825180433039	1
11	55406532	55406533	153	30	1.16	2	1	0.08	0	1	0.92	unphased	0.99287733182589	0.99287733182589	1
11	55798551	55798552	452	56	1.16	2	1	0.08	0	1	0.92	unphased	0.667651371164811	0.667651371164811	1
11	57185283	57185284	74	11	1.16	2	1	0.08	0	1	0.92	unphased	0.783789046653144	0.783789046653144	1
11	57886238	57886239	101	16	1.16	2	1	0.08	0	1	0.92	unphased	0.8282463896257	0.8282463896257	1
11	58317459	58317460	124	37	1.16	2	1	0.08	0	1	0.92	unphased	1.39187834654102	1.28877624679724	1.08
11	58714631	58714632	56	18	1.16	2	1	0.08	0	1	0.92	unphased	1.47321528424977	1.36408822615719	1.08
11	59626556	59626557	199	55	1.16	2	1	0.08	0	1	0.92	unphased	1.31145805050231	1.21431300972436	1.08
11	59834452	59834453	54	15	1.16	2	1	0.08	0	1	0.92	unphased	1.31664167916042	1.31664167916042	1
11	60199937	60199938	25	4	1.16	2	1	0.08	0	1	0.92	unphased	0.83538644470868	0.83538644470868	1
11	60666019	60666020	92	23	1.16	2	1	0.08	0	1	0.92	unphased	1.21131034482759	1.21131034482759	1
11	60785352	60785353	166	41	1.16	2	1	0.08	0	1	0.92	unphased	1.19960686323505	1.19960686323505	1
11	61034963	61034964	94	14	1.16	2	1	0.08	0	1	0.92	unphased	0.785108556832695	0.785108556832695	1
11	62472995	62472996	39	14	1.16	2	1	0.08	0	1	0.92	unphased	1.59984385165908	1.48133689968433	1.08
11	63964752	63964753	62	22	1.16	2	1	0.08	0	1	0.92	unphased	1.58623973727422	1.46874049747613	1.08
11	64331799	64331800	63	15	1.16	2	1	0.08	0	1	0.92	unphased	1.16472148541114	1.16472148541114	1
11	64402921	64402922	55	7	1.16	2	1	0.08	0	1	0.92	unphased	0.683804226918799	0.683804226918799	1
11	64722209	64722210	152	11	1.16	2	1	0.08	0	1	0.92	unphased	0.408724349481701	0.408724349481701	1
11	65811042	65811043	39	5	1.16	2	1	0.08	0	1	0.92	unphased	0.688244514106583	0.688244514106583	1
11	68305321	68305322	69	21	1.16	2	1	0.08	0	1	0.92	unphased	1.41319540229885	1.41319540229885	1
11	68369333	68369334	154	32	1.16	2	1	0.08	0	1	0.92	unphased	1.04198739340007	1.04198739340007	1
11	68748105	68748106	63	18	1.16	2	1	0.08	0	1	0.92	unphased	1.34590038314176	1.34590038314176	1
11	71943767	71943768	130	12	1.16	2	1	0.08	0	1	0.92	unphased	0.51182127246236	0.51182127246236	1
11	72145561	72145562	30	11	1.16	2	1	0.08	0	1	0.92	unphased	1.62492851135408	1.62492851135408	1
11	74904398	74904399	66	29	1.16	2	1	0.08	0	1	0.92	unphased	1.84884210526316	1.71189083820663	1.08
11	76370686	76370687	93	27	1.16	2	1	0.08	0	1	0.92	unphased	1.36272413793103	1.36272413793103	1
11	76370870	76370871	54	7	1.16	2	1	0.08	0	1	0.92	unphased	0.695014132278123	0.695014132278123	1
11	82443435	82443436	14	3	1.16	2	1	0.08	0	1	0.92	unphased	1.06880324543611	1.06880324543611	1
11	86518795	86518796	147	30	1.16	2	1	0.08	0	1	0.92	unphased	1.02653419053185	1.02653419053185	1
11	88301071	88301072	51	13	1.16	2	1	0.08	0	1	0.92	unphased	1.23023706896552	1.23023706896552	1
11	92569861	92569862	88	8	1.16	2	1	0.08	0	1	0.92	unphased	0.504712643678161	0.504712643678161	1
11	92624105	92624106	41	17	1.16	2	1	0.08	0	1	0.92	unphased	1.77519619500595	1.64370018056106	1.08
11	103175331	103175332	73	9	1.16	2	1	0.08	0	1	0.92	unphased	0.664743481917578	0.664743481917578	1
11	106856834	106856835	97	20	1.16	2	1	0.08	0	1	0.92	unphased	1.03530798703213	1.03530798703213	1
11	107920687	107920688	106	16	1.16	2	1	0.08	0	1	0.92	unphased	0.794301865460712	0.794301865460712	1
11	108546405	108546406	170	60	1.16	2	1	0.08	0	1	0.92	unphased	1.5799700149925	1.46293519906713	1.08
11	111338322	111338323	61	19	1.16	2	1	0.08	0	1	0.92	unphased	1.43843103448276	1.43843103448276	1
11	113283455	113283456	90	37	1.16	2	1	0.08	0	1	0.92	unphased	1.76450719522129	1.63380295853823	1.08
11	113934713	113934714	46	15	1.16	2	1	0.08	0	1	0.92	unphased	1.48931599773884	1.48931599773884	1
11	116661184	116661185	53	23	1.16	2	1	0.08	0	1	0.92	unphased	1.83290381125227	1.69713315856692	1.08
11	118952271	118952272	133	36	1.16	2	1	0.08	0	1	0.92	unphased	1.29015302999388	1.29015302999388	1
11	123811090	123811091	258	66	1.16	2	1	0.08	0	1	0.92	unphased	1.23374201787995	1.14235372025921	1.08
11	124761297	124761298	44	5	1.16	2	1	0.08	0	1	0.92	unphased	0.618015482054891	0.618015482054891	1
11	129817093	129817094	139	31	1.16	2	1	0.08	0	1	0.92	unphased	1.10443002028398	1.10443002028398	1
12	272695	272696	111	10	NA	NA	NA	NA	NA	NA	NA	unphased	NA	NA	1
12	772709	772710	63	24	NA	NA	NA	NA	NA	NA	NA	unphased	NA	NA	1
12	977281	977282	91	23	2.98	2	2	0.49	1	1	0.51	unphased	1.58912885662432	1.06652943397605	1.49
12	1702820	1702821	121	18	2.98	2	2	0.49	1	1	0.51	unphased	1.01998511535599	1.01998511535599	1
12	1943678	1943679	79	22	2.98	2	2	0.49	1	1	0.51	unphased	1.71568453397064	1.15146613018164	1.49
12	6928575	6928576	65	31	2.98	2	2	0.49	1	1	0.51	unphased	2.54346982758621	1.70702672992363	1.49
12	8200822	8200823	52	7	4.16	3	2	0.79	1	0	0.21	unphased	1.07450613676213	1.07450613676213	1
12	9318667	9318668	248	46	4.16	3	2	0.79	1	0	0.21	unphased	1.41701149425287	0.791626533102164	1.79
12	11286440	11286441	236	40	4.16	3	2	0.79	1	0	0.21	unphased	1.31254372813593	0.733264652589906	1.79
12	11286441	11286442	237	41	4.16	3	2	0.79	1	0	0.21	unphased	1.33567849168941	0.746189101502462	1.79
12	13720188	13720189	72	23	4.16	3	2	0.79	1	0	0.21	unphased	2.1926388384755	0.849860014912984	2.58
12	19511299	19511300	85	28	4.16	3	2	0.79	1	0	0.21	unphased	2.24410131217577	0.869806710145647	2.58
12	20896272	20896273	297	78	4.16	3	2	0.79	1	0	0.21	unphased	1.88376275862069	1.05238142939703	1.79
12	25398283	25398284	50	6	4.16	3	2	0.79	1	0	0.21	unphased	0.970344827586207	0.970344827586207	1
12	26781007	26781008	473	169	4.16	3	2	0.79	1	0	0.21	unphased	2.3840455473198	0.92404866175186	2.58
12	27845546	27845547	200	28	4.16	3	2	0.79	1	0	0.21	unphased	1.11220810647308	1.11220810647308	1
12	29624818	29624819	41	7	4.16	3	2	0.79	1	0	0.21	unphased	1.32074712643678	1.32074712643678	1
12	33592367	33592368	214	74	4.16	3	2	0.79	1	0	0.21	unphased	2.327030651341	0.901949864860851	2.58
12	39695425	39695426	408	36	4.16	3	2	0.79	1	0	0.21	unphased	0.734315004659832	0.92951266412637	0.79
12	42749001	42749002	92	76	4.16	3	2	0.79	1	0	0.21	unphased	4.09701149425287	1.4684629011659	2.79
12	42864155	42864156	89	88	4.16	3	2	0.79	1	0	0.21	unphased	4.50269238262225	1.61386823749901	2.79
12	49171510	49171511	109	47	3	3	0	1	NA	NA	NA	unphased	2.37908930150309	1.18954465075155	2
12	52282413	52282414	97	62	3	3	0	1	NA	NA	NA	unphased	3.07915853394058	1.02638617798019	3
12	52282512	52282513	82	29	3	3	0	1	NA	NA	NA	unphased	2.06306306306306	1.03153153153153	2
12	54765500	54765501	95	42	3	3	0	1	NA	NA	NA	unphased	2.42084067455323	0.806946891517745	3
12	55026025	55026026	163	8	3	3	0	1	NA	NA	NA	unphased	0.369429320427506	0.369429320427506	1
12	55615676	55615677	76	33	3	3	0	1	NA	NA	NA	unphased	2.39069914583992	1.19534957291996	2
12	58019550	58019551	53	25	3	3	0	1	NA	NA	NA	unphased	2.53094606542882	0.843648688476275	3
12	63541319	63541320	156	64	3	3	0	1	NA	NA	NA	unphased	2.29717868338558	1.14858934169279	2
12	63544621	63544622	22	13	3	3	0	1	NA	NA	NA	unphased	2.93300492610837	0.977668308702792	3
12	64889503	64889504	40	11	3	3	0	1	NA	NA	NA	unphased	1.70317782285328	0.85158891142664	2
12	81568680	81568681	76	6	3	3	0	1	NA	NA	NA	unphased	0.577796467619849	0.577796467619849	1
12	85623385	85623386	144	58	3	3	0	1	NA	NA	NA	unphased	2.26732673267327	1.13366336633663	2
12	89997945	89997946	73	38	3	3	0	1	NA	NA	NA	unphased	2.70332401366884	0.90110800455628	3
12	108634305	108634306	88	42	3	3	0	1	NA	NA	NA	unphased	2.55119363395226	0.850397877984085	3
12	109880040	109880041	52	26	3	3	0	1	NA	NA	NA	unphased	2.63218390804598	0.877394636015326	3
12	110221576	110221577	48	19	3	3	0	1	NA	NA	NA	unphased	2.23932063818837	1.11966031909418	2
12	111342441	111342442	97	42	3	3	0	1	NA	NA	NA	unphased	2.38600843463161	1.1930042173158	2
12	113307719	113307720	116	25	3	3	0	1	NA	NA	NA	unphased	1.40009782342871	0.700048911714356	2
12	113905979	113905980	10	10	3	3	0	1	NA	NA	NA	unphased	3.94827586206897	1.31609195402299	3
12	117768669	117768670	75	49	3	3	0	1	NA	NA	NA	unphased	3.12041156840934	1.04013718946978	3
12	132403135	132403136	27	8	3	3	0	1	NA	NA	NA	unphased	1.80492610837438	1.80492610837438	1
13	19751300	19751301	111	56	2	2	0	1	NA	NA	NA	unphased	2.31261614701631	1.15630807350816	2
13	24861018	24861019	47	14	2	2	0	1	NA	NA	NA	unphased	1.58281514980215	0.791407574901074	2
13	27333175	27333176	37	15	2	2	0	1	NA	NA	NA	unphased	1.9893899204244	0.994694960212202	2
13	42295624	42295625	94	36	2	2	0	1	NA	NA	NA	unphased	1.90981432360743	0.954907161803714	2
13	46701661	46701662	53	18	2	2	0	1	NA	NA	NA	unphased	1.74842156386595	0.874210781932977	2
13	49833556	49833557	116	34	2	2	0	1	NA	NA	NA	unphased	1.5632183908046	0.781609195402299	2
13	51969451	51969452	219	80	2	2	0	1	NA	NA	NA	unphased	1.84523123053858	0.922615615269288	2
13	53603143	53603144	97	30	2	2	0	1	NA	NA	NA	unphased	1.62910670648928	0.814553353244638	2
13	58298891	58298892	89	27	2	2	0	1	NA	NA	NA	unphased	1.60523186682521	0.802615933412604	2
13	76427278	76427279	70	19	2	2	0	1	NA	NA	NA	unphased	1.47229755908563	0.736148779542813	2
13	77670579	77670580	105	39	2	2	0	1	NA	NA	NA	unphased	1.86781609195402	0.933908045977011	2
13	79191191	79191192	115	35	2	2	0	1	NA	NA	NA	unphased	1.60919540229885	0.804597701149425	2
13	84453488	84453489	20	9	2	2	0	1	NA	NA	NA	unphased	2.14030915576694	1.07015457788347	2
13	84454607	84454608	141	35	2	2	0	1	NA	NA	NA	unphased	1.37147335423198	0.685736677115988	2
13	110823046	110823047	51	19	2	2	0	1	NA	NA	NA	unphased	1.87192118226601	0.935960591133005	2
13	111973109	111973110	20	14	2	2	0	1	NA	NA	NA	unphased	2.83975659229209	1.41987829614604	2
13	115091460	115091461	93	19	NA	NA	NA	NA	NA	NA	NA	unphased	NA	NA	1
14	19553861	19553862	122	15	NA	NA	NA	NA	NA	NA	NA	unphased	NA	NA	1
14	19553862	19553863	122	14	NA	NA	NA	NA	NA	NA	NA	unphased	NA	NA	1
14	20502157	20502158	64	19	4	2	2	1	NA	NA	NA	unphased	2.03656003323639	1.0182800166182	2
14	20528845	20528846	256	53	4	2	2	1	NA	NA	NA	unphased	1.52594576498159	0.762972882490794	2
14	20711153	20711154	216	46	4	2	2	1	NA	NA	NA	unphased	1.56198999736773	0.780994998683864	2
14	20852214	20852215	67	16	4	2	2	1	NA	NA	NA	unphased	1.71499792272538	0.857498961362692	2
14	23902751	23902752	154	42	4	2	2	1	NA	NA	NA	unphased	1.9064039408867	0.95320197044335	2
14	28733879	28733880	98	25	4	2	2	1	NA	NA	NA	unphased	1.80824222035324	0.904121110176619	2
14	38678679	38678680	16	4	4	2	2	1	NA	NA	NA	unphased	1.77931034482759	1.77931034482759	1
14	39650615	39650616	86	14	4	2	2	1	NA	NA	NA	unphased	1.24551724137931	1.24551724137931	1
14	42373532	42373533	37	4	4	2	2	1	NA	NA	NA	unphased	0.867956265769554	0.867956265769554	1
14	45403486	45403487	162	46	4	2	2	1	NA	NA	NA	unphased	1.96750663129973	0.983753315649867	2
14	50101113	50101114	16	5	4	2	2	1	NA	NA	NA	unphased	2.11822660098522	2.11822660098522	1
14	50101367	50101368	60	19	4	2	2	1	NA	NA	NA	unphased	2.13967699694457	1.06983849847228	2
14	53331190	53331191	233	55	4	2	2	1	NA	NA	NA	unphased	1.69899425287356	0.849497126436782	2
14	57268834	57268835	100	24	4	2	2	1	NA	NA	NA	unphased	1.72191323692992	0.860956618464961	2
14	65262185	65262186	95	29	4	2	2	1	NA	NA	NA	unphased	2.08064516129032	1.04032258064516	2
14	67826553	67826554	16	7	4	2	2	1	NA	NA	NA	unphased	2.70764617691154	1.35382308845577	2
14	70263892	70263893	43	10	4	2	2	1	NA	NA	NA	unphased	1.67859466493169	1.67859466493169	1
14	70634702	70634703	108	23	4	2	2	1	NA	NA	NA	unphased	1.56198999736773	0.780994998683864	2
14	70634703	70634704	109	23	4	2	2	1	NA	NA	NA	unphased	1.55015673981191	0.775078369905956	2
14	72943483	72943484	69	15	4	2	2	1	NA	NA	NA	unphased	1.58866995073892	0.794334975369458	2
14	73444751	73444752	141	44	4	2	2	1	NA	NA	NA	unphased	2.11593662628145	1.05796831314073	2
14	76905948	76905949	52	15	4	2	2	1	NA	NA	NA	unphased	1.99176531137416	0.995882655687082	2
14	81329202	81329203	81	17	4	2	2	1	NA	NA	NA	unphased	1.5432793807178	0.771639690358902	2
14	88652093	88652094	204	54	4	2	2	1	NA	NA	NA	unphased	1.86206896551724	0.931034482758621	2
14	91770321	91770322	90	22	4	2	2	1	NA	NA	NA	unphased	1.74753694581281	0.873768472906404	2
14	94933626	94933627	70	19	4	2	2	1	NA	NA	NA	unphased	1.89926385122046	0.949631925610229	2
14	96178651	96178652	151	37	4	2	2	1	NA	NA	NA	unphased	1.75091709464417	0.875458547322084	2
14	100792492	100792493	29	9	4	2	2	1	NA	NA	NA	unphased	2.1070780399274	1.0535390199637	2
14	105929527	105929528	213	30	4	2	2	1	NA	NA	NA	unphased	1.09833971902937	1.09833971902937	1
14	105929528	105929529	213	31	4	2	2	1	NA	NA	NA	unphased	1.13029960429621	1.13029960429621	1
14	106054519	106054520	68	11	NA	NA	NA	NA	NA	NA	NA	unphased	NA	NA	1
14	106109832	106109833	303	45	NA	NA	NA	NA	NA	NA	NA	unphased	NA	NA	1
14	106320706	106320707	28	5	NA	NA	NA	NA	NA	NA	NA	unphased	NA	NA	1
14	106586231	106586232	155	51	NA	NA	NA	NA	NA	NA	NA	unphased	NA	NA	1
14	107198960	107198961	180	32	NA	NA	NA	NA	NA	NA	NA	unphased	NA	NA	1
15	23811036	23811037	49	4	2	1	1	1	NA	NA	NA	unphased	0.520494469746259	0.520494469746259	1
15	25470432	25470433	196	21	2	1	1	1	NA	NA	NA	unphased	0.667408231368187	0.667408231368187	1
15	28000528	28000529	51	7	2	1	1	1	NA	NA	NA	unphased	0.832342449464923	0.832342449464923	1
15	31342634	31342635	116	14	2	1	1	1	NA	NA	NA	unphased	0.742705570291777	0.742705570291777	1
15	34130267	34130268	157	16	2	1	1	1	NA	NA	NA	unphased	0.637831373330676	0.637831373330676	1
15	35529783	35529784	73	10	2	1	1	1	NA	NA	NA	unphased	0.830909846281679	0.830909846281679	1
15	42171651	42171652	28	5	2	1	1	1	NA	NA	NA	unphased	1.04493207941484	1.04493207941484	1
15	48435225	48435226	109	11	2	1	1	1	NA	NA	NA	unphased	0.632183908045977	0.632183908045977	1
15	50593425	50593426	190	30	2	1	1	1	NA	NA	NA	unphased	0.940438871473354	0.940438871473354	1
15	50853916	50853917	75	11	2	1	1	1	NA	NA	NA	unphased	0.882117080994387	0.882117080994387	1
15	54305915	54305916	124	20	2	1	1	1	NA	NA	NA	unphased	0.957854406130268	0.957854406130268	1
15	57731049	57731050	52	11	2	1	1	1	NA	NA	NA	unphased	1.20415982484948	1.20415982484948	1
15	63012045	63012046	31	5	2	1	1	1	NA	NA	NA	unphased	0.957854406130268	0.957854406130268	1
15	65680824	65680825	219	35	2	1	1	1	NA	NA	NA	unphased	0.950312245452077	0.950312245452077	1
15	65681676	65681677	28	4	2	1	1	1	NA	NA	NA	unphased	0.862068965517241	0.862068965517241	1
15	68937590	68937591	71	13	2	1	1	1	NA	NA	NA	unphased	1.06732348111658	1.06732348111658	1
15	74631988	74631989	53	12	2	1	1	1	NA	NA	NA	unphased	1.27320954907162	1.27320954907162	1
15	76630194	76630195	23	4	2	1	1	1	NA	NA	NA	unphased	1.02171136653895	1.02171136653895	1
15	78212124	78212125	280	35	2	1	1	1	NA	NA	NA	unphased	0.766283524904215	0.766283524904215	1
15	81625200	81625201	68	14	2	1	1	1	NA	NA	NA	unphased	1.17746005046257	1.17746005046257	1
15	81625293	81625294	95	11	2	1	1	1	NA	NA	NA	unphased	0.715679895901106	0.715679895901106	1
15	82512460	82512461	293	41	2	1	1	1	NA	NA	NA	unphased	0.846582696675614	0.846582696675614	1
15	83215197	83215198	120	16	2	1	1	1	NA	NA	NA	unphased	0.811359026369168	0.811359026369168	1
15	83499354	83499355	221	26	2	1	1	1	NA	NA	NA	unphased	0.725952813067151	0.725952813067151	1
15	83820016	83820017	152	17	2	1	1	1	NA	NA	NA	unphased	0.693735972250561	0.693735972250561	1
15	88678523	88678524	85	14	2	1	1	1	NA	NA	NA	unphased	0.975269940787182	0.975269940787182	1
15	89384999	89385000	94	13	2	1	1	1	NA	NA	NA	unphased	0.837898807605543	0.837898807605543	1
15	89386767	89386768	28	5	2	1	1	1	NA	NA	NA	unphased	1.04493207941484	1.04493207941484	1
15	89402123	89402124	47	5	2	1	1	1	NA	NA	NA	unphased	0.663129973474801	0.663129973474801	1
15	90188243	90188244	366	42	2	1	1	1	NA	NA	NA	unphased	0.709939148073022	0.709939148073022	1
15	90258227	90258228	39	5	2	1	1	1	NA	NA	NA	unphased	0.783699059561129	0.783699059561129	1
15	91030218	91030219	137	18	2	1	1	1	NA	NA	NA	unphased	0.800889877641824	0.800889877641824	1
15	100331138	100331139	153	13	2	1	1	1	NA	NA	NA	unphased	0.540091400083091	0.540091400083091	1
16	304612	304613	446	28	NA	NA	NA	NA	NA	NA	NA	unphased	NA	NA	1
16	602650	602651	7	4	NA	NA	NA	NA	NA	NA	NA	unphased	NA	NA	1
16	1261798	1261799	65	10	4	2	2	1	NA	NA	NA	unphased	1.18620689655172	1.18620689655172	1
16	1451673	1451674	43	4	4	2	2	1	NA	NA	NA	unphased	0.757153338224505	0.757153338224505	1
16	2126550	2126551	136	26	4	2	2	1	NA	NA	NA	unphased	1.42784163473819	0.713920817369093	2
16	2818221	2818222	50	10	4	2	2	1	NA	NA	NA	unphased	1.48275862068966	1.48275862068966	1
16	3339777	3339778	150	34	4	2	2	1	NA	NA	NA	unphased	1.64392803598201	0.821964017991004	2
16	3613870	3613871	85	17	4	2	2	1	NA	NA	NA	unphased	1.48275862068966	1.48275862068966	1
16	3929872	3929873	19	3	4	2	2	1	NA	NA	NA	unphased	1.21316614420063	1.21316614420063	1
16	4016468	4016469	123	29	4	2	2	1	NA	NA	NA	unphased	1.69736842105263	0.848684210526316	2
16	12145888	12145889	179	18	4	2	2	1	NA	NA	NA	unphased	0.812882898652197	0.812882898652197	1
16	14645941	14645942	176	34	4	2	2	1	NA	NA	NA	unphased	1.44039408866995	0.720197044334976	2
16	15120545	15120546	112	7	4	2	2	1	NA	NA	NA	unphased	0.523326572008114	0.523326572008114	1
16	19741748	19741749	62	5	4	2	2	1	NA	NA	NA	unphased	0.663921770458055	0.663921770458055	1
16	20410443	20410444	97	24	4	2	2	1	NA	NA	NA	unphased	1.76460530065546	0.882302650327729	2
16	20471478	20471479	48	14	4	2	2	1	NA	NA	NA	unphased	2.00889877641824	1.00444938820912	2
16	21053521	21053522	81	31	4	2	2	1	NA	NA	NA	unphased	2.46243842364532	1.23121921182266	2
16	21261271	21261272	90	30	4	2	2	1	NA	NA	NA	unphased	2.22413793103448	1.11206896551724	2
16	21991973	21991974	193	40	4	2	2	1	NA	NA	NA	unphased	1.52730501701939	0.763652508509694	2
16	22563701	22563702	209	17	4	2	2	1	NA	NA	NA	unphased	0.669209642966128	0.669209642966128	1
16	23713834	23713835	290	65	4	2	2	1	NA	NA	NA	unphased	1.62894609033511	0.814473045167557	2
16	23768978	23768979	134	8	4	2	2	1	NA	NA	NA	unphased	0.501214181641574	0.501214181641574	1
16	25255468	25255469	144	24	4	2	2	1	NA	NA	NA	unphased	1.27093596059113	1.27093596059113	1
16	27441380	27441381	29	9	4	2	2	1	NA	NA	NA	unphased	2.1070780399274	1.0535390199637	2
16	28967352	28967353	104	21	4	2	2	1	NA	NA	NA	unphased	1.49462068965517	0.747310344827586	2
16	30037023	30037024	224	49	4	2	2	1	NA	NA	NA	unphased	1.59681697612732	0.798408488063661	2
16	30978362	30978363	11	4	4	2	2	1	NA	NA	NA	unphased	2.37241379310345	2.37241379310345	1
16	31368398	31368399	56	10	4	2	2	1	NA	NA	NA	unphased	1.34796238244514	1.34796238244514	1
16	31422799	31422800	165	30	4	2	2	1	NA	NA	NA	unphased	1.36870026525199	0.684350132625995	2
16	31437392	31437393	55	11	4	2	2	1	NA	NA	NA	unphased	1.48275862068966	1.48275862068966	1
16	47581371	47581372	130	26	4	2	2	1	NA	NA	NA	unphased	1.48275862068966	0.741379310344828	2
16	49670119	49670120	60	19	4	2	2	1	NA	NA	NA	unphased	2.13967699694457	1.06983849847228	2
16	49672001	49672002	41	12	4	2	2	1	NA	NA	NA	unphased	2.01431359791802	1.00715679895901	2
16	49672202	49672203	71	17	4	2	2	1	NA	NA	NA	unphased	1.71865203761755	0.859326018808777	2
16	50733621	50733622	90	16	4	2	2	1	NA	NA	NA	unphased	1.34287573194535	1.34287573194535	1
16	53341593	53341594	23	8	4	2	2	1	NA	NA	NA	unphased	2.29588431590656	1.14794215795328	2
16	55903633	55903634	17	5	4	2	2	1	NA	NA	NA	unphased	2.02194357366771	2.02194357366771	1
16	57075939	57075940	32	10	4	2	2	1	NA	NA	NA	unphased	2.11822660098522	1.05911330049261	2
16	57689318	57689319	170	35	4	2	2	1	NA	NA	NA	unphased	1.51892346509672	0.75946173254836	2
16	67683409	67683410	58	15	4	2	2	1	NA	NA	NA	unphased	1.828058573453	0.9140292867265	2
16	67912294	67912295	166	29	4	2	2	1	NA	NA	NA	unphased	1.32307692307692	1.32307692307692	1
16	68386305	68386306	113	30	4	2	2	1	NA	NA	NA	unphased	1.86640945261635	0.933204726308175	2
16	68406029	68406030	19	8	4	2	2	1	NA	NA	NA	unphased	2.6360153256705	1.31800766283525	2
16	70301603	70301604	100	20	4	2	2	1	NA	NA	NA	unphased	1.48275862068966	0.741379310344828	2
16	71096095	71096096	20	5	4	2	2	1	NA	NA	NA	unphased	1.77931034482759	1.77931034482759	1
16	71512790	71512791	237	43	4	2	2	1	NA	NA	NA	unphased	1.36625615763547	0.683128078817734	2
16	72993232	72993233	205	56	4	2	2	1	NA	NA	NA	unphased	1.90883868410622	0.954419342053112	2
16	77769814	77769815	187	39	4	2	2	1	NA	NA	NA	unphased	1.53524565151053	0.767622825755264	2
16	77775533	77775534	134	28	4	2	2	1	NA	NA	NA	unphased	1.53767560664112	0.768837803320562	2
16	77775534	77775535	133	27	4	2	2	1	NA	NA	NA	unphased	1.50129310344828	0.750646551724138	2
16	85952066	85952067	108	15	4	2	2	1	NA	NA	NA	unphased	1.08494533221194	1.08494533221194	1
16	87723354	87723355	27	6	4	2	2	1	NA	NA	NA	unphased	1.61755485893417	1.61755485893417	1
16	89592808	89592809	203	70	NA	NA	NA	NA	NA	NA	NA	unphased	NA	NA	1
17	3999904	3999905	213	35	3	2	1	1	NA	NA	NA	unphased	1.11443270300334	1.11443270300334	1
17	4577936	4577937	50	12	3	2	1	1	NA	NA	NA	unphased	1.52836484983315	1.52836484983315	1
17	5033907	5033908	95	25	3	2	1	1	NA	NA	NA	unphased	1.64511494252874	0.822557471264368	2
17	5064894	5064895	91	15	3	2	1	1	NA	NA	NA	unphased	1.1174365647365	1.1174365647365	1
17	7225026	7225027	58	8	2	2	0	1	NA	NA	NA	unphased	0.83594566353187	0.83594566353187	1
17	7578270	7578271	64	14	2	2	0	1	NA	NA	NA	unphased	1.23784261715296	1.23784261715296	1
17	10543697	10543698	112	41	2	2	0	1	NA	NA	NA	unphased	1.84809556006311	0.924047780031553	2
17	16062140	16062141	102	31	2	2	0	1	NA	NA	NA	unphased	1.60746694322012	0.80373347161006	2
17	18251639	18251640	31	13	4	2	2	1	NA	NA	NA	unphased	2.62852664576803	1.31426332288401	2
17	18541638	18541639	165	16	4	2	2	1	NA	NA	NA	unphased	0.786435511526005	0.786435511526005	1
17	18541639	18541640	166	16	4	2	2	1	NA	NA	NA	unphased	0.782114437286851	0.782114437286851	1
17	18544617	18544618	68	7	4	2	2	1	NA	NA	NA	unphased	0.830344827586207	0.830344827586207	1
17	20319894	20319895	135	36	4	2	2	1	NA	NA	NA	unphased	1.87295825771325	0.936479128856624	2
17	21730981	21730982	65	13	4	2	2	1	NA	NA	NA	unphased	1.48275862068966	1.48275862068966	1
17	27225478	27225479	11	6	4	2	2	1	NA	NA	NA	unphased	3.13995943204868	1.56997971602434	2
17	33289094	33289095	53	29	3	3	0	1	NA	NA	NA	unphased	2.79268292682927	0.930894308943089	3
17	33966698	33966699	115	56	3	3	0	1	NA	NA	NA	unphased	2.58600524299254	0.86200174766418	3
17	39411751	39411752	66	32	3	3	0	1	NA	NA	NA	unphased	2.57846586910626	0.859488623035421	3
17	42148410	42148411	9	10	3	3	0	1	NA	NA	NA	unphased	4.15607985480944	1.38535995160315	3
17	43005471	43005472	26	15	3	3	0	1	NA	NA	NA	unphased	2.88898233809924	0.962994112699748	3
17	48608777	48608778	57	23	6	3	3	1	NA	NA	NA	unphased	3.13275862068966	1.04425287356322	3
17	48917670	48917671	116	42	6	3	3	1	NA	NA	NA	unphased	2.89655172413793	0.96551724137931	3
17	49730998	49730999	99	27	6	3	3	1	NA	NA	NA	unphased	2.33497536945813	1.16748768472906	2
17	54985915	54985916	154	38	6	3	3	1	NA	NA	NA	unphased	2.1566091954023	1.07830459770115	2
17	56232966	56232967	181	46	8	5	3	1	NA	NA	NA	unphased	2.61339814674161	0.871132715580536	3
17	57093161	57093162	115	38	8	5	3	1	NA	NA	NA	unphased	3.20306513409962	1.06768837803321	3
17	61613055	61613056	110	43	8	5	3	1	NA	NA	NA	unphased	3.62452107279693	0.906130268199234	4
17	65116710	65116711	114	57	8	5	3	1	NA	NA	NA	unphased	4.29885057471264	1.07471264367816	4
17	66883494	66883495	146	114	10	7	3	1	NA	NA	NA	unphased	6.5315649867374	0.933080712391057	7
17	74382560	74382561	99	26	7.3	5	3	0.9	0	1	0.1	unphased	2.53688275862069	0.939586206896552	2.7
17	76422545	76422546	55	16	7.3	5	3	0.9	0	1	0.1	unphased	2.74851869839728	1.01796988829529	2.7
17	77755583	77755584	157	35	5	3	2	1	NA	NA	NA	unphased	1.80405890804598	0.902029454022989	2
18	7016666	7016667	20	4	4	2	2	1	NA	NA	NA	unphased	1.48275862068966	1.48275862068966	1
18	19997539	19997540	272	54	4	2	2	1	NA	NA	NA	unphased	1.47366194203512	0.736830971017559	2
18	23714030	23714031	60	18	4	2	2	1	NA	NA	NA	unphased	2.05305039787798	1.02652519893899	2
18	28991265	28991266	84	21	4	2	2	1	NA	NA	NA	unphased	1.77931034482759	0.889655172413793	2
18	29049151	29049152	259	49	4	2	2	1	NA	NA	NA	unphased	1.4153605015674	0.707680250783699	2
18	30257225	30257226	120	31	4	2	2	1	NA	NA	NA	unphased	1.82644439369719	0.913222196848596	2
18	31325548	31325549	184	42	4	2	2	1	NA	NA	NA	unphased	1.65334147085749	0.826670735428746	2
18	32374194	32374195	96	31	4	2	2	1	NA	NA	NA	unphased	2.1715992397502	1.0857996198751	2
18	34092444	34092445	70	10	4	2	2	1	NA	NA	NA	unphased	1.11206896551724	1.11206896551724	1
18	43204732	43204733	110	21	4	2	2	1	NA	NA	NA	unphased	1.42616478020532	1.42616478020532	1
18	43534877	43534878	153	30	4	2	2	1	NA	NA	NA	unphased	1.45845110231769	0.729225551158847	2
18	44259924	44259925	13	5	4	2	2	1	NA	NA	NA	unphased	2.47126436781609	1.23563218390805	2
18	44260412	44260413	23	3	4	2	2	1	NA	NA	NA	unphased	1.02652519893899	1.02652519893899	1
18	54348545	54348546	150	39	4	2	2	1	NA	NA	NA	unphased	1.83579638752053	0.917898193760263	2
18	56939807	56939808	77	19	4	2	2	1	NA	NA	NA	unphased	1.76077586206897	0.880387931034483	2
18	57006017	57006018	380	69	4	2	2	1	NA	NA	NA	unphased	1.36717610014592	0.683588050072959	2
18	61234061	61234062	162	44	4	2	2	1	NA	NA	NA	unphased	1.900234348845	0.950117174422498	2
18	72775233	72775234	135	36	4	2	2	1	NA	NA	NA	unphased	1.87295825771325	0.936479128856624	2
19	806484	806485	10	4	4	2	2	1	NA	NA	NA	unphased	2.54187192118227	2.54187192118227	1
19	2811727	2811728	116	14	4	2	2	1	NA	NA	NA	unphased	0.958090185676393	0.958090185676393	1
19	2852846	2852847	100	28	4	2	2	1	NA	NA	NA	unphased	1.94612068965517	0.973060344827586	2
19	4157077	4157078	101	16	4	2	2	1	NA	NA	NA	unphased	1.21662245800177	1.21662245800177	1
19	4217074	4217075	36	8	4	2	2	1	NA	NA	NA	unphased	1.61755485893417	1.61755485893417	1
19	4280022	4280023	4	4	4	2	2	1	NA	NA	NA	unphased	4.44827586206897	2.22413793103448	2
19	6312478	6312479	133	35	4	2	2	1	NA	NA	NA	unphased	1.85344827586207	0.926724137931035	2
19	7166393	7166394	57	16	4	2	2	1	NA	NA	NA	unphased	1.94992914501653	0.974964572508266	2
19	7518460	7518461	133	18	4	2	2	1	NA	NA	NA	unphased	1.06051609956611	1.06051609956611	1
19	7763623	7763624	25	4	4	2	2	1	NA	NA	NA	unphased	1.22711058263971	1.22711058263971	1
19	8564511	8564512	125	34	4	2	2	1	NA	NA	NA	unphased	1.90240728692258	0.951203643461288	2
19	8808507	8808508	79	17	4	2	2	1	NA	NA	NA	unphased	1.57543103448276	0.787715517241379	2
19	8987317	8987318	55	10	4	2	2	1	NA	NA	NA	unphased	1.36870026525199	1.36870026525199	1
19	9067291	9067292	305	52	4	2	2	1	NA	NA	NA	unphased	1.2958562735439	1.2958562735439	1
19	9070489	9070490	41	13	4	2	2	1	NA	NA	NA	unphased	2.14176245210728	1.07088122605364	2
19	9086802	9086803	132	30	4	2	2	1	NA	NA	NA	unphased	1.64750957854406	0.823754789272031	2
19	9090009	9090010	75	28	4	2	2	1	NA	NA	NA	unphased	2.41848008034818	1.20924004017409	2
19	9271896	9271897	82	13	4	2	2	1	NA	NA	NA	unphased	1.21742286751361	1.21742286751361	1
19	9324921	9324922	114	32	4	2	2	1	NA	NA	NA	unphased	1.94992914501653	0.974964572508266	2
19	9801078	9801079	113	23	4	2	2	1	NA	NA	NA	unphased	1.50456389452333	0.752281947261663	2
19	10169742	10169743	68	15	4	2	2	1	NA	NA	NA	unphased	1.60781055255505	0.803905276277524	2
19	13566023	13566024	185	41	4	2	2	1	NA	NA	NA	unphased	1.61397619774184	0.806988098870919	2
19	13991434	13991435	23	7	4	2	2	1	NA	NA	NA	unphased	2.07586206896552	1.03793103448276	2
19	13991435	13991436	22	7	4	2	2	1	NA	NA	NA	unphased	2.1474435196195	1.07372175980975	2
19	14730197	14730198	77	19	4	2	2	1	NA	NA	NA	unphased	1.76077586206897	0.880387931034483	2
19	14952103	14952104	114	14	4	2	2	1	NA	NA	NA	unphased	0.973060344827586	0.973060344827586	1
19	15839555	15839556	174	48	4	2	2	1	NA	NA	NA	unphased	1.92357875116496	0.961789375582479	2
19	16687444	16687445	50	16	4	2	2	1	NA	NA	NA	unphased	2.15673981191223	1.07836990595611	2
19	16688168	16688169	39	10	4	2	2	1	NA	NA	NA	unphased	1.81562280084448	0.907811400422238	2
19	16883964	16883965	84	25	4	2	2	1	NA	NA	NA	unphased	2.04049351471053	1.02024675735527	2
19	17309000	17309001	45	10	4	2	2	1	NA	NA	NA	unphased	1.61755485893417	1.61755485893417	1
19	17641599	17641600	66	18	4	2	2	1	NA	NA	NA	unphased	1.9064039408867	0.95320197044335	2
19	17943499	17943500	220	59	4	2	2	1	NA	NA	NA	unphased	1.88134964775677	0.940674823878383	2
19	18092800	18092801	13	4	4	2	2	1	NA	NA	NA	unphased	2.09330628803245	2.09330628803245	1
19	18104309	18104310	26	6	4	2	2	1	NA	NA	NA	unphased	1.66810344827586	1.66810344827586	1
19	18561353	18561354	39	14	4	2	2	1	NA	NA	NA	unphased	2.35003253090436	1.17501626545218	2
19	19345884	19345885	98	18	4	2	2	1	NA	NA	NA	unphased	1.38049940546968	1.38049940546968	1
19	19349152	19349153	74	11	4	2	2	1	NA	NA	NA	unphased	1.15131845841785	1.15131845841785	1
19	19349153	19349154	74	11	4	2	2	1	NA	NA	NA	unphased	1.15131845841785	1.15131845841785	1
19	19377327	19377328	88	17	4	2	2	1	NA	NA	NA	unphased	1.44039408866995	1.44039408866995	1
19	20308024	20308025	88	19	4	2	2	1	NA	NA	NA	unphased	1.5797615211086	0.789880760554302	2
19	20728418	20728419	49	20	4	2	2	1	NA	NA	NA	unphased	2.57871064467766	1.28935532233883	2
19	20828569	20828570	82	20	4	2	2	1	NA	NA	NA	unphased	1.74442190669371	0.872210953346856	2
19	21131882	21131883	120	23	4	2	2	1	NA	NA	NA	unphased	1.43091391367253	0.715456956836267	2
19	21991602	21991603	153	26	4	2	2	1	NA	NA	NA	unphased	1.2922365632826	1.2922365632826	1
19	36051481	36051482	52	14	4	2	2	1	NA	NA	NA	unphased	1.8871473354232	0.943573667711599	2
19	36205650	36205651	128	27	4	2	2	1	NA	NA	NA	unphased	1.54972191323693	0.774860956618465	2
19	36964353	36964354	153	35	4	2	2	1	NA	NA	NA	unphased	1.6562729273661	0.828136463683052	2
19	37642819	37642820	84	11	4	2	2	1	NA	NA	NA	unphased	1.03012704174229	1.03012704174229	1
19	38948818	38948819	153	32	4	2	2	1	NA	NA	NA	unphased	1.53886300093197	0.769431500465983	2
19	38964020	38964021	100	18	4	2	2	1	NA	NA	NA	unphased	1.35710111046172	1.35710111046172	1
19	39760270	39760271	101	21	4	2	2	1	NA	NA	NA	unphased	1.53137365743358	0.765686828716789	2
19	40354043	40354044	33	11	4	2	2	1	NA	NA	NA	unphased	2.22413793103448	1.11206896551724	2
19	43433852	43433853	319	48	4	2	2	1	NA	NA	NA	unphased	1.16358169688997	1.16358169688997	1
19	43690624	43690625	177	28	4	2	2	1	NA	NA	NA	unphased	1.21513877207738	1.21513877207738	1
19	43698647	43698648	481	60	4	2	2	1	NA	NA	NA	unphased	0.986678564599401	0.986678564599401	1
19	44097464	44097465	83	23	4	2	2	1	NA	NA	NA	unphased	1.93038386467144	0.965191932335719	2
19	44236976	44236977	75	25	4	2	2	1	NA	NA	NA	unphased	2.22413793103448	1.11206896551724	2
19	44793160	44793161	183	63	4	2	2	1	NA	NA	NA	unphased	2.27838519764508	1.13919259882254	2
19	47279002	47279003	96	27	4	2	2	1	NA	NA	NA	unphased	1.9529015979815	0.976450798990749	2
19	48533698	48533699	29	10	4	2	2	1	NA	NA	NA	unphased	2.28116710875332	1.14058355437666	2
19	50099408	50099409	55	13	4	2	2	1	NA	NA	NA	unphased	1.70081135902637	0.850405679513185	2
19	50840354	50840355	47	9	4	2	2	1	NA	NA	NA	unphased	1.42980295566502	1.42980295566502	1
19	51133390	51133391	33	6	4	2	2	1	NA	NA	NA	unphased	1.36870026525199	1.36870026525199	1
19	52003405	52003406	142	28	4	2	2	1	NA	NA	NA	unphased	1.46531440162272	0.732657200811359	2
19	52132674	52132675	122	24	4	2	2	1	NA	NA	NA	unphased	1.4624468587624	0.7312234293812	2
19	52618659	52618660	99	34	4	2	2	1	NA	NA	NA	unphased	2.27430645579466	1.13715322789733	2
19	52824940	52824941	115	41	4	2	2	1	NA	NA	NA	unphased	2.33819628647215	1.16909814323607	2
19	53453831	53453832	231	53	4	2	2	1	NA	NA	NA	unphased	1.66027197668771	0.830135988343856	2
19	53577462	53577463	176	36	4	2	2	1	NA	NA	NA	unphased	1.51073519843852	0.755367599219258	2
19	53669102	53669103	222	67	4	2	2	1	NA	NA	NA	unphased	2.06252237203198	1.03126118601599	2
19	54238186	54238187	76	28	4	2	2	1	NA	NA	NA	unphased	2.39522546419098	1.19761273209549	2
19	54395862	54395863	46	13	4	2	2	1	NA	NA	NA	unphased	1.96025715955582	0.980128579777908	2
19	54761147	54761148	32	11	4	2	2	1	NA	NA	NA	unphased	2.27586206896552	1.13793103448276	2
19	55341924	55341925	24	8	4	2	2	1	NA	NA	NA	unphased	2.22413793103448	1.11206896551724	2
19	55399720	55399721	23	6	4	2	2	1	NA	NA	NA	unphased	1.84066587395957	1.84066587395957	1
19	56320226	56320227	175	44	4	2	2	1	NA	NA	NA	unphased	1.78743504959849	0.893717524799244	2
19	56320400	56320401	268	53	4	2	2	1	NA	NA	NA	unphased	1.46890106348695	0.734450531743474	2
19	56423597	56423598	177	42	4	2	2	1	NA	NA	NA	unphased	1.70618800188947	0.853094000944733	2
19	56423908	56423909	122	35	4	2	2	1	NA	NA	NA	unphased	1.98330770920272	0.991653854601362	2
19	56552433	56552434	274	59	4	2	2	1	NA	NA	NA	unphased	1.57626592109351	0.788132960546754	2
19	57642066	57642067	82	18	4	2	2	1	NA	NA	NA	unphased	1.60137931034483	0.800689655172414	2
19	57922743	57922744	21	3	4	2	2	1	NA	NA	NA	unphased	1.11206896551724	1.11206896551724	1
19	58455395	58455396	94	12	4	2	2	1	NA	NA	NA	unphased	1.00715679895901	1.00715679895901	1
19	58551836	58551837	171	42	4	2	2	1	NA	NA	NA	unphased	1.75424963574551	0.877124817872754	2
19	58640593	58640594	183	46	4	2	2	1	NA	NA	NA	unphased	1.78708025899714	0.89354012949857	2
19	58805484	58805485	56	11	4	2	2	1	NA	NA	NA	unphased	1.46062789500772	1.46062789500772	1
19	58868375	58868376	23	6	NA	NA	NA	NA	NA	NA	NA	unphased	NA	NA	1
2	3196337	3196338	107	20	5	3	2	1	NA	NA	NA	unphased	1.55851208254141	0.779256041270703	2
2	8890424	8890425	87	27	5	3	2	1	NA	NA	NA	unphased	2.34392014519056	1.17196007259528	2
2	9508638	9508639	73	16	5	3	2	1	NA	NA	NA	unphased	1.77915536613716	0.889577683068578	2
2	17830694	17830695	155	41	5	3	2	1	NA	NA	NA	unphased	2.07019704433498	1.03509852216749	2
2	20886821	20886822	146	19	5	3	2	1	NA	NA	NA	unphased	1.13960292580982	1.13960292580982	1
2	21225624	21225625	173	42	5	3	2	1	NA	NA	NA	unphased	1.93327987169206	0.96663993584603	2
2	21251235	21251236	177	29	5	3	2	1	NA	NA	NA	unphased	1.39320388349515	0.696601941747573	2
2	25966819	25966820	238	56	5	3	2	1	NA	NA	NA	unphased	1.88505747126437	0.942528735632184	2
2	26533713	26533714	35	11	5	3	2	1	NA	NA	NA	unphased	2.36656671664168	1.18328335832084	2
2	26684616	26684617	186	33	5	3	2	1	NA	NA	NA	unphased	1.49126121870572	0.745630609352858	2
2	27360928	27360929	63	9	5	3	2	1	NA	NA	NA	unphased	1.23706896551724	1.23706896551724	1
2	29092624	29092625	168	29	5	3	2	1	NA	NA	NA	unphased	1.45685279187817	0.728426395939086	2
2	29416632	29416633	227	43	5	3	2	1	NA	NA	NA	unphased	1.57611749680715	0.788058748403576	2
2	33246084	33246085	430	92	5	3	2	1	NA	NA	NA	unphased	1.74421984410094	0.872109922050469	2
2	33952463	33952464	19	3	5	3	2	1	NA	NA	NA	unphased	1.34952978056426	1.34952978056426	1
2	39944389	39944390	100	15	5	3	2	1	NA	NA	NA	unphased	1.29085457271364	1.29085457271364	1
2	50280680	50280681	140	43	5	3	2	1	NA	NA	NA	unphased	2.32541925758432	1.16270962879216	2
2	51254744	51254745	4	5	5	3	2	1	NA	NA	NA	unphased	5.49808429118774	1.83269476372925	3
2	51255012	51255013	36	24	5	3	2	1	NA	NA	NA	unphased	3.95862068965517	1.31954022988506	3
2	54873419	54873420	139	12	5	3	2	1	NA	NA	NA	unphased	0.786480931719571	0.786480931719571	1
2	55771493	55771494	75	11	5	3	2	1	NA	NA	NA	unphased	1.26583801122694	1.26583801122694	1
2	61575056	61575057	124	41	5	3	2	1	NA	NA	NA	unphased	2.45914315569488	0.819714385231627	3
2	64176296	64176297	56	13	5	3	2	1	NA	NA	NA	unphased	1.86456771614193	0.932283858070965	2
2	70043260	70043261	65	23	5	3	2	1	NA	NA	NA	unphased	2.5865987460815	0.862199582027168	3
2	70188435	70188436	81	29	5	3	2	1	NA	NA	NA	unphased	2.60909090909091	0.86969696969697	3
2	79255025	79255026	162	25	5	3	2	1	NA	NA	NA	unphased	1.32306841231791	1.32306841231791	1
2	80136851	80136852	149	17	5	3	2	1	NA	NA	NA	unphased	1.01350228500208	1.01350228500208	1
2	86014022	86014023	30	14	5	3	2	1	NA	NA	NA	unphased	3.14890282131661	1.0496342737722	3
2	86279956	86279957	72	24	5	3	2	1	NA	NA	NA	unphased	2.47413793103448	0.824712643678161	3
2	88390581	88390582	322	71	5	3	2	1	NA	NA	NA	unphased	1.78792664736334	0.893963323681671	2
2	89416948	89416949	246	85	5	3	2	1	NA	NA	NA	unphased	2.54141056360038	0.847136854533459	3
2	95537416	95537417	81	23	5	3	2	1	NA	NA	NA	unphased	2.18866047745358	1.09433023872679	2
2	95542382	95542383	24	7	5	3	2	1	NA	NA	NA	unphased	2.23470522803115	1.11735261401557	2
2	95843282	95843283	213	64	5	3	2	1	NA	NA	NA	unphased	2.28656790738205	1.14328395369102	2
2	96780559	96780560	19	5	5	3	2	1	NA	NA	NA	unphased	2.0617816091954	2.0617816091954	1
2	97007302	97007303	113	19	5	3	2	1	NA	NA	NA	unphased	1.42450365726228	1.42450365726228	1
2	98986517	98986518	39	6	5	3	2	1	NA	NA	NA	unphased	1.31954022988506	1.31954022988506	1
2	101654981	101654982	302	28	5	3	2	1	NA	NA	NA	unphased	0.839707419017764	0.839707419017764	1
2	102456398	102456399	109	22	5	3	2	1	NA	NA	NA	unphased	1.66201632008423	0.831008160042117	2
2	107423384	107423385	60	16	5	3	2	1	NA	NA	NA	unphased	2.08348457350272	1.04174228675136	2
2	109003810	109003811	115	23	5	3	2	1	NA	NA	NA	unphased	1.64942528735632	0.824712643678161	2
2	113780149	113780150	29	7	5	3	2	1	NA	NA	NA	unphased	1.92432950191571	1.92432950191571	1
2	113992990	113992991	14	4	5	3	2	1	NA	NA	NA	unphased	2.1992337164751	2.1992337164751	1
2	119738994	119738995	83	12	5	3	2	1	NA	NA	NA	unphased	1.25009074410163	1.25009074410163	1
2	128366302	128366303	26	13	5	3	2	1	NA	NA	NA	unphased	3.29885057471264	1.09961685823755	3
2	128415037	128415038	178	30	5	3	2	1	NA	NA	NA	unphased	1.42738726790451	0.713693633952255	2
2	135926480	135926481	25	7	5	3	2	1	NA	NA	NA	unphased	2.16487068965517	1.08243534482759	2
2	137872851	137872852	17	6	5	3	2	1	NA	NA	NA	unphased	2.58170914542729	0.860569715142429	3
2	141027830	141027831	106	41	5	3	2	1	NA	NA	NA	unphased	2.76026272577997	0.920087575259989	3
2	141079598	141079599	115	35	5	3	2	1	NA	NA	NA	unphased	2.30919540229885	1.15459770114943	2
2	141607898	141607899	33	18	5	3	2	1	NA	NA	NA	unphased	3.49290060851927	1.16430020283976	3
2	141641536	141641537	197	47	5	3	2	1	NA	NA	NA	unphased	1.90630299604296	0.953151498021481	2
2	141777630	141777631	193	52	5	3	2	1	NA	NA	NA	unphased	2.10049261083744	1.05024630541872	2
2	153616430	153616431	55	7	5	3	2	1	NA	NA	NA	unphased	1.11735261401557	1.11735261401557	1
2	155102350	155102351	202	58	5	3	2	1	NA	NA	NA	unphased	2.20769230769231	1.10384615384615	2
2	164466808	164466809	102	30	5	3	2	1	NA	NA	NA	unphased	2.24921630094044	1.12460815047022	2
2	167760127	167760128	98	20	5	3	2	1	NA	NA	NA	unphased	1.67738164815897	0.838690824079486	2
2	168099455	168099456	69	15	5	3	2	1	NA	NA	NA	unphased	1.76724137931034	0.883620689655172	2
2	168107360	168107361	205	66	5	3	2	1	NA	NA	NA	unphased	2.41023030919964	0.803410103066548	3
2	168107811	168107812	191	41	5	3	2	1	NA	NA	NA	unphased	1.74895957193817	0.874479785969084	2
2	169757855	169757856	166	45	5	3	2	1	NA	NA	NA	unphased	2.11063899329956	1.05531949664978	2
2	179516668	179516669	51	5	5	3	2	1	NA	NA	NA	unphased	0.883620689655172	0.883620689655172	1
2	179576837	179576838	145	15	5	3	2	1	NA	NA	NA	unphased	0.927801724137931	0.927801724137931	1
2	179584125	179584126	148	55	5	3	2	1	NA	NA	NA	unphased	2.68133174791914	0.893777249306381	3
2	179616388	179616389	304	69	5	3	2	1	NA	NA	NA	unphased	1.83072940741426	0.915364703707128	2
2	179636126	179636127	165	16	5	3	2	1	NA	NA	NA	unphased	0.874833301581254	0.874833301581254	1
2	180308013	180308014	53	10	5	3	2	1	NA	NA	NA	unphased	1.57088122605364	1.57088122605364	1
2	183790255	183790256	23	7	5	3	2	1	NA	NA	NA	unphased	2.30919540229885	1.15459770114943	2
2	186671052	186671053	110	39	5	3	2	1	NA	NA	NA	unphased	2.59037259893543	0.863457532978477	3
2	186697894	186697895	116	30	5	3	2	1	NA	NA	NA	unphased	2.03353802550779	1.0167690127539	2
2	196825594	196825595	243	74	5	3	2	1	NA	NA	NA	unphased	2.31023604916785	1.15511802458392	2
2	198622074	198622075	67	18	5	3	2	1	NA	NA	NA	unphased	2.09574036511156	1.04787018255578	2
2	201807408	201807409	79	19	5	3	2	1	NA	NA	NA	unphased	1.91871921182266	0.95935960591133	2
2	209169660	209169661	105	38	5	3	2	1	NA	NA	NA	unphased	2.62985290571498	0.876617635238325	3
2	212589911	212589912	125	53	5	3	2	1	NA	NA	NA	unphased	2.94672607516467	0.982242025054888	3
2	217142458	217142459	183	49	5	3	2	1	NA	NA	NA	unphased	2.09021997621879	1.04510998810939	2
2	217366153	217366154	73	15	5	3	2	1	NA	NA	NA	unphased	1.68691222570533	0.843456112852665	2
2	219612842	219612843	128	41	5	3	2	1	NA	NA	NA	unphased	2.40093858396246	0.800312861320819	3
2	219825323	219825324	117	46	5	3	2	1	NA	NA	NA	unphased	2.79289189760948	0.930963965869826	3
2	220026665	220026666	105	36	5	3	2	1	NA	NA	NA	unphased	2.52677916360968	0.842259721203228	3
2	220500200	220500201	32	9	5	3	2	1	NA	NA	NA	unphased	2.17241379310345	1.08620689655172	2
2	220502501	220502502	57	5	5	3	2	1	NA	NA	NA	unphased	0.798109010011124	0.798109010011124	1
2	228563978	228563979	200	32	5	3	2	1	NA	NA	NA	unphased	1.36504161712247	0.682520808561237	2
2	231775393	231775394	122	24	5	3	2	1	NA	NA	NA	unphased	1.62683042040624	0.813415210203118	2
2	238728874	238728875	24	4	5	3	2	1	NA	NA	NA	unphased	1.41379310344828	1.41379310344828	1
2	238742730	238742731	10	11	5	3	2	1	NA	NA	NA	unphased	5.18390804597701	1.727969348659	3
20	76968	76969	326	79	NA	NA	NA	NA	NA	NA	NA	unphased	NA	NA	1
20	2378586	2378587	77	20	4	2	2	1	NA	NA	NA	unphased	1.83434056167792	0.917170280838962	2
20	2796439	2796440	156	24	4	2	2	1	NA	NA	NA	unphased	1.18620689655172	1.18620689655172	1
20	3804562	3804563	29	7	4	2	2	1	NA	NA	NA	unphased	1.72988505747126	1.72988505747126	1
20	5935796	5935797	103	21	4	2	2	1	NA	NA	NA	unphased	1.50667408231368	0.753337041156841	2
20	10030160	10030161	104	25	4	2	2	1	NA	NA	NA	unphased	1.72413793103448	0.862068965517241	2
20	13971171	13971172	135	16	4	2	2	1	NA	NA	NA	unphased	0.942680977392099	0.942680977392099	1
20	21376440	21376441	23	4	4	2	2	1	NA	NA	NA	unphased	1.31800766283525	1.31800766283525	1
20	21376441	21376442	24	4	4	2	2	1	NA	NA	NA	unphased	1.27093596059113	1.27093596059113	1
20	21494283	21494284	132	17	4	2	2	1	NA	NA	NA	unphased	1.01504281416339	1.01504281416339	1
20	24565544	24565545	215	44	4	2	2	1	NA	NA	NA	unphased	1.51138330448675	0.755691652243376	2
20	30226899	30226900	20	6	4	2	2	1	NA	NA	NA	unphased	2.05305039787798	2.05305039787798	1
20	30414742	30414743	54	13	4	2	2	1	NA	NA	NA	unphased	1.72619660319094	0.863098301595471	2
20	30816185	30816186	59	12	4	2	2	1	NA	NA	NA	unphased	1.50364254492472	1.50364254492472	1
20	33297147	33297148	49	17	4	2	2	1	NA	NA	NA	unphased	2.29153605015674	1.14576802507837	2
20	42694439	42694440	176	45	4	2	2	1	NA	NA	NA	unphased	1.81151505695116	0.905757528475581	2
20	42695412	42695413	181	53	4	2	2	1	NA	NA	NA	unphased	2.01503094606543	1.00751547303271	2
20	43933000	43933001	30	10	4	2	2	1	NA	NA	NA	unphased	2.22413793103448	1.11206896551724	2
20	44664042	44664043	350	83	4	2	2	1	NA	NA	NA	unphased	1.70534363303337	0.852671816516684	2
20	50052241	50052242	27	3	4	2	2	1	NA	NA	NA	unphased	0.889655172413793	0.889655172413793	1
20	55206875	55206876	62	20	4	2	2	1	NA	NA	NA	unphased	2.16989066442389	1.08494533221194	2
20	56098240	56098241	259	74	4	2	2	1	NA	NA	NA	unphased	1.97701149425287	0.988505747126437	2
20	57767500	57767501	80	18	4	2	2	1	NA	NA	NA	unphased	1.63406052076003	0.817030260380014	2
20	60774189	60774190	68	16	4	2	2	1	NA	NA	NA	unphased	1.69458128078818	0.847290640394089	2
20	61039929	61039930	95	12	4	2	2	1	NA	NA	NA	unphased	0.997744118594908	0.997744118594908	1
20	61340681	61340682	31	8	4	2	2	1	NA	NA	NA	unphased	1.82493368700265	1.82493368700265	1
20	61513235	61513236	228	43	4	2	2	1	NA	NA	NA	unphased	1.41162997836875	0.705814989184375	2
20	61981780	61981781	85	19	4	2	2	1	NA	NA	NA	unphased	1.62533156498674	0.812665782493369	2
21	11015000	11015001	36	6	NA	NA	NA	NA	NA	NA	NA	unphased	NA	NA	1
21	15588572	15588573	23	5	4	2	2	1	NA	NA	NA	unphased	1.58866995073892	1.58866995073892	1
21	27840831	27840832	107	18	4	2	2	1	NA	NA	NA	unphased	1.28110344827586	1.28110344827586	1
21	28210527	28210528	106	29	4	2	2	1	NA	NA	NA	unphased	1.91111111111111	0.955555555555556	2
21	28337864	28337865	46	18	4	2	2	1	NA	NA	NA	unphased	2.50215517241379	1.2510775862069	2
21	31744369	31744370	89	18	4	2	2	1	NA	NA	NA	unphased	1.49661617789236	0.748308088946181	2
21	32253373	32253374	83	15	4	2	2	1	NA	NA	NA	unphased	1.36171710063336	1.36171710063336	1
21	40652109	40652110	87	10	4	2	2	1	NA	NA	NA	unphased	0.917170280838962	0.917170280838962	1
21	45948438	45948439	95	31	4	2	2	1	NA	NA	NA	unphased	2.1888341543514	1.0944170771757	2
21	45953736	45953737	38	9	4	2	2	1	NA	NA	NA	unphased	1.70359501100514	1.70359501100514	1
21	46596498	46596499	108	33	4	2	2	1	NA	NA	NA	unphased	2.08217168011739	1.04108584005869	2
21	46603326	46603327	59	17	4	2	2	1	NA	NA	NA	unphased	1.99001814882033	0.995009074410163	2
21	46640870	46640871	55	20	4	2	2	1	NA	NA	NA	unphased	2.37241379310345	1.18620689655172	2
22	17072302	17072303	148	21	NA	NA	NA	NA	NA	NA	NA	unphased	NA	NA	1
22	20760055	20760056	11	6	3	3	0	1	NA	NA	NA	unphased	2.78701825557809	0.929006085192698	3
22	25753294	25753295	70	28	3	3	0	1	NA	NA	NA	unphased	2.25615763546798	1.12807881773399	2
22	30200764	30200765	324	129	2	2	0	1	NA	NA	NA	unphased	1.96391870290021	0.981959351450103	2
22	37524148	37524149	31	9	2	2	0	1	NA	NA	NA	unphased	1.55172413793103	1.55172413793103	1
22	37524844	37524845	53	21	2	2	0	1	NA	NA	NA	unphased	1.95712954333644	0.97856477166822	2
22	50319130	50319131	96	29	NA	NA	NA	NA	NA	NA	NA	unphased	NA	NA	1
3	3111981	3111982	148	57	2	2	0	1	NA	NA	NA	unphased	1.91757779646762	0.95878889823381	2
3	3143455	3143456	71	36	2	2	0	1	NA	NA	NA	unphased	2.32033515952304	1.16016757976152	2
3	4699875	4699876	104	30	2	2	0	1	NA	NA	NA	unphased	1.54400411734431	0.772002058672157	2
3	6903579	6903580	76	30	2	2	0	1	NA	NA	NA	unphased	1.95185426154847	0.975927130774236	2
3	10970979	10970980	173	59	2	2	0	1	NA	NA	NA	unphased	1.7538644470868	0.876932223543401	2
3	21552463	21552464	100	21	2	2	0	1	NA	NA	NA	unphased	1.196922200057	1.196922200057	1
3	25670393	25670394	56	10	2	2	0	1	NA	NA	NA	unphased	1.04493207941484	1.04493207941484	1
3	38265349	38265350	82	36	2	2	0	1	NA	NA	NA	unphased	2.10403272939801	1.05201636469901	2
3	38591835	38591836	137	38	2	2	0	1	NA	NA	NA	unphased	1.49753694581281	0.748768472906404	2
3	43760018	43760019	116	37	2	2	0	1	NA	NA	NA	unphased	1.66779355420329	0.833896777101645	2
3	49212196	49212197	44	18	2	2	0	1	NA	NA	NA	unphased	2.00222469410456	1.00111234705228	2
3	58351613	58351614	44	14	2	2	0	1	NA	NA	NA	unphased	1.66468489892985	0.832342449464923	2
3	65342243	65342244	139	43	2	2	0	1	NA	NA	NA	unphased	1.62940507768094	0.81470253884047	2
3	77666760	77666761	109	32	2	2	0	1	NA	NA	NA	unphased	1.56517485937882	0.782587429689411	2
3	89462308	89462309	168	51	2	2	0	1	NA	NA	NA	unphased	1.60604629192253	0.803023145961266	2
3	93596019	93596020	79	19	4	2	2	1	NA	NA	NA	unphased	1.72484166080225	0.862420830401126	2
3	97731399	97731400	120	25	4	2	2	1	NA	NA	NA	unphased	1.53388822829964	0.766944114149822	2
3	97983382	97983383	460	88	4	2	2	1	NA	NA	NA	unphased	1.4286433425623	0.714321671281148	2
3	100328730	100328731	116	25	4	2	2	1	NA	NA	NA	unphased	1.57740278796772	0.788701393983859	2
3	100994524	100994525	92	23	4	2	2	1	NA	NA	NA	unphased	1.77931034482759	0.889655172413793	2
3	113327358	113327359	230	47	4	2	2	1	NA	NA	NA	unphased	1.50952321673098	0.754761608365492	2
3	118647460	118647461	106	20	4	2	2	1	NA	NA	NA	unphased	1.41215106732348	1.41215106732348	1
3	119531532	119531533	271	62	4	2	2	1	NA	NA	NA	unphased	1.65641503572538	0.82820751786269	2
3	119886536	119886537	120	27	4	2	2	1	NA	NA	NA	unphased	1.63406052076003	0.817030260380014	2
3	120428679	120428680	117	21	4	2	2	1	NA	NA	NA	unphased	1.35382308845577	1.35382308845577	1
3	122525725	122525726	156	26	4	2	2	1	NA	NA	NA	unphased	1.27093596059113	1.27093596059113	1
3	123359275	123359276	161	40	4	2	2	1	NA	NA	NA	unphased	1.77045805455481	0.885229027277406	2
3	128181767	128181768	93	26	4	2	2	1	NA	NA	NA	unphased	1.94378441031585	0.971892205157925	2
3	128990647	128990648	55	17	4	2	2	1	NA	NA	NA	unphased	2.10057471264368	1.05028735632184	2
3	130095104	130095105	73	16	4	2	2	1	NA	NA	NA	unphased	1.59938008523828	0.79969004261914	2
3	133099359	133099360	45	9	4	2	2	1	NA	NA	NA	unphased	1.48275862068966	1.48275862068966	1
3	133476760	133476761	96	27	4	2	2	1	NA	NA	NA	unphased	1.9529015979815	0.976450798990749	2
3	133661459	133661460	75	21	4	2	2	1	NA	NA	NA	unphased	1.94612068965517	0.973060344827586	2
3	138724581	138724582	34	8	4	2	2	1	NA	NA	NA	unphased	1.69458128078818	1.69458128078818	1
3	139292445	139292446	55	11	4	2	2	1	NA	NA	NA	unphased	1.48275862068966	1.48275862068966	1
3	142499858	142499859	89	12	4	2	2	1	NA	NA	NA	unphased	1.05701604643223	1.05701604643223	1
3	148577782	148577783	125	27	4	2	2	1	NA	NA	NA	unphased	1.58030852994555	0.790154264972777	2
3	148577784	148577785	125	27	4	2	2	1	NA	NA	NA	unphased	1.58030852994555	0.790154264972777	2
3	148601602	148601603	99	31	4	2	2	1	NA	NA	NA	unphased	2.12148541114058	1.06074270557029	2
3	158409359	158409360	69	13	4	2	2	1	NA	NA	NA	unphased	1.41042893187553	1.41042893187553	1
3	161220819	161220820	6	3	4	2	2	1	NA	NA	NA	unphased	2.96551724137931	2.96551724137931	1
3	164756888	164756889	55	20	4	2	2	1	NA	NA	NA	unphased	2.37241379310345	1.18620689655172	2
3	164906810	164906811	65	22	4	2	2	1	NA	NA	NA	unphased	2.24970273483948	1.12485136741974	2
3	167023590	167023591	93	7	4	2	2	1	NA	NA	NA	unphased	0.622758620689655	0.622758620689655	1
3	169644489	169644490	107	19	4	2	2	1	NA	NA	NA	unphased	1.34154351395731	1.34154351395731	1
3	181430594	181430595	10	4	4	2	2	1	NA	NA	NA	unphased	2.54187192118227	2.54187192118227	1
3	184542457	184542458	54	17	4	2	2	1	NA	NA	NA	unphased	2.13016027197669	1.06508013598834	2
3	185969655	185969656	215	37	4	2	2	1	NA	NA	NA	unphased	1.30623973727422	1.30623973727422	1
3	194126645	194126646	169	43	4	2	2	1	NA	NA	NA	unphased	1.80448926480156	0.902244632400781	2
4	2306900	2306901	72	15	4	2	2	1	NA	NA	NA	unphased	1.53388822829964	1.53388822829964	1
4	3189498	3189499	215	50	4	2	2	1	NA	NA	NA	unphased	1.67859466493169	0.839297332465843	2
4	3210631	3210632	42	9	4	2	2	1	NA	NA	NA	unphased	1.56997971602434	1.56997971602434	1
4	20529981	20529982	101	25	4	2	2	1	NA	NA	NA	unphased	1.76518883415435	0.882594417077176	2
4	20714443	20714444	384	86	4	2	2	1	NA	NA	NA	unphased	1.62787967718269	0.813939838591343	2
4	22694591	22694592	15	4	4	2	2	1	NA	NA	NA	unphased	1.87295825771325	1.87295825771325	1
4	44624476	44624477	32	13	4	2	2	1	NA	NA	NA	unphased	2.57011494252874	1.28505747126437	2
4	46966985	46966986	104	26	4	2	2	1	NA	NA	NA	unphased	1.77931034482759	0.889655172413793	2
4	47559918	47559919	108	28	4	2	2	1	NA	NA	NA	unphased	1.8316430020284	0.915821501014199	2
4	47655646	47655647	136	24	4	2	2	1	NA	NA	NA	unphased	1.33448275862069	1.33448275862069	1
4	52863991	52863992	301	81	4	2	2	1	NA	NA	NA	unphased	1.88644159595595	0.943220797977975	2
4	55139786	55139787	147	24	4	2	2	1	NA	NA	NA	unphased	1.2486388384755	1.2486388384755	1
4	55161574	55161575	23	4	4	2	2	1	NA	NA	NA	unphased	1.31800766283525	1.31800766283525	1
4	56837434	56837435	71	20	4	2	2	1	NA	NA	NA	unphased	1.95528609321713	0.977643046608564	2
4	62758546	62758547	77	26	4	2	2	1	NA	NA	NA	unphased	2.24573150318045	1.12286575159022	2
4	68925150	68925151	82	18	4	2	2	1	NA	NA	NA	unphased	1.60137931034483	0.800689655172414	2
4	68928494	68928495	161	41	4	2	2	1	NA	NA	NA	unphased	1.80573574598839	0.902867872994196	2
4	70079771	70079772	103	25	4	2	2	1	NA	NA	NA	unphased	1.73760775862069	0.868803879310345	2
4	70921232	70921233	99	24	4	2	2	1	NA	NA	NA	unphased	1.73591253153911	0.867956265769554	2
4	71255675	71255676	122	19	4	2	2	1	NA	NA	NA	unphased	1.19882611885547	1.19882611885547	1
4	74863932	74863933	112	42	4	2	2	1	NA	NA	NA	unphased	2.42633228840125	1.21316614420063	2
4	74964325	74964326	139	29	4	2	2	1	NA	NA	NA	unphased	1.53571428571429	0.767857142857143	2
4	76539511	76539512	104	23	4	2	2	1	NA	NA	NA	unphased	1.61118653271789	0.805593266358947	2
4	80328108	80328109	188	44	4	2	2	1	NA	NA	NA	unphased	1.68727705112961	0.843638525564804	2
4	90816168	90816169	135	34	4	2	2	1	NA	NA	NA	unphased	1.78983880840645	0.894919404203224	2
4	90856833	90856834	93	16	4	2	2	1	NA	NA	NA	unphased	1.30591584941474	1.30591584941474	1
4	96470112	96470113	65	20	4	2	2	1	NA	NA	NA	unphased	2.09330628803245	1.04665314401623	2
4	98902438	98902439	180	47	4	2	2	1	NA	NA	NA	unphased	1.84201731733252	0.921008658666262	2
4	100208805	100208806	106	18	4	2	2	1	NA	NA	NA	unphased	1.29143492769744	1.29143492769744	1
4	100232721	100232722	238	54	4	2	2	1	NA	NA	NA	unphased	1.6452527161077	0.82262635805385	2
4	100510862	100510863	67	15	4	2	2	1	NA	NA	NA	unphased	1.62741799831791	0.813708999158957	2
4	102951123	102951124	130	10	4	2	2	1	NA	NA	NA	unphased	0.635467980295567	0.635467980295567	1
4	106307723	106307724	84	12	4	2	2	1	NA	NA	NA	unphased	1.11206896551724	1.11206896551724	1
4	109895705	109895706	167	46	4	2	2	1	NA	NA	NA	unphased	1.92132102962603	0.960660514813016	2
4	110222990	110222991	156	26	4	2	2	1	NA	NA	NA	unphased	1.27093596059113	1.27093596059113	1
4	113436241	113436242	90	19	4	2	2	1	NA	NA	NA	unphased	1.55077507118001	0.775387535590003	2
4	114276508	114276509	122	9	4	2	2	1	NA	NA	NA	unphased	0.61121347723085	0.61121347723085	1
4	122854261	122854262	20	3	4	2	2	1	NA	NA	NA	unphased	1.16041979010495	1.16041979010495	1
4	123156161	123156162	135	19	4	2	2	1	NA	NA	NA	unphased	1.09762651141961	1.09762651141961	1
4	123156162	123156163	135	22	4	2	2	1	NA	NA	NA	unphased	1.24665056007028	1.24665056007028	1
4	123156163	123156164	131	18	4	2	2	1	NA	NA	NA	unphased	1.07475121499653	1.07475121499653	1
4	123274241	123274242	141	32	4	2	2	1	NA	NA	NA	unphased	1.64560494319314	0.822802471596572	2
4	123329163	123329164	95	24	4	2	2	1	NA	NA	NA	unphased	1.79426253259925	0.897131266299623	2
4	126329948	126329949	163	54	4	2	2	1	NA	NA	NA	unphased	2.21388844748133	1.10694422374066	2
4	126373613	126373614	92	13	4	2	2	1	NA	NA	NA	unphased	1.10147783251232	1.10147783251232	1
4	134072880	134072881	159	37	4	2	2	1	NA	NA	NA	unphased	1.67945109078114	0.83972554539057	2
4	141888920	141888921	210	42	4	2	2	1	NA	NA	NA	unphased	1.48275862068966	0.741379310344828	2
4	143029258	143029259	46	13	4	2	2	1	NA	NA	NA	unphased	1.96025715955582	0.980128579777908	2
4	145061869	145061870	42	9	4	2	2	1	NA	NA	NA	unphased	1.56997971602434	1.56997971602434	1
4	146648102	146648103	138	46	4	2	2	1	NA	NA	NA	unphased	2.22413793103448	1.11206896551724	2
4	148787869	148787870	83	23	4	2	2	1	NA	NA	NA	unphased	1.93038386467144	0.965191932335719	2
4	159789785	159789786	44	16	4	2	2	1	NA	NA	NA	unphased	2.37241379310345	1.18620689655172	2
4	162307500	162307501	93	22	4	2	2	1	NA	NA	NA	unphased	1.70194902548726	0.850974512743628	2
4	164246899	164246900	51	8	4	2	2	1	NA	NA	NA	unphased	1.20631209818819	1.20631209818819	1
4	164272170	164272171	178	24	4	2	2	1	NA	NA	NA	unphased	1.05701604643223	1.05701604643223	1
4	164393739	164393740	151	51	4	2	2	1	NA	NA	NA	unphased	2.24615909866849	1.12307954933424	2
4	170477229	170477230	54	10	4	2	2	1	NA	NA	NA	unphased	1.39008620689655	1.39008620689655	1
4	184210712	184210713	62	18	4	2	2	1	NA	NA	NA	unphased	2.00172413793103	1.00086206896552	2
4	185940876	185940877	25	10	4	2	2	1	NA	NA	NA	unphased	2.54187192118227	1.27093596059113	2
4	190876237	190876238	162	14	NA	NA	NA	NA	NA	NA	NA	unphased	NA	NA	1
5	2749795	2749796	97	43	5	3	2	1	NA	NA	NA	unphased	3.03965517241379	1.0132183908046	3
5	9197324	9197325	170	31	5	3	2	1	NA	NA	NA	unphased	1.52633384800137	0.763166924000686	2
5	9224890	9224891	59	12	5	3	2	1	NA	NA	NA	unphased	1.67265662943176	0.836328314715882	2
5	13754395	13754396	266	65	5	3	2	1	NA	NA	NA	unphased	1.94343160745911	0.971715803729555	2
5	21802393	21802394	51	11	5	3	2	1	NA	NA	NA	unphased	1.75583982202447	0.877919911012236	2
5	22078881	22078882	30	13	5	3	2	1	NA	NA	NA	unphased	2.99198075380914	0.997326917936381	3
5	24535372	24535373	142	37	5	3	2	1	NA	NA	NA	unphased	2.04565594297823	1.02282797148912	2
5	35644552	35644553	69	17	5	3	2	1	NA	NA	NA	unphased	1.95629510825982	0.978147554129912	2
5	37170328	37170329	310	76	5	3	2	1	NA	NA	NA	unphased	1.94854386278363	0.974271931391817	2
5	39202245	39202246	220	49	5	3	2	1	NA	NA	NA	unphased	1.80271760030765	0.901358800153827	2
5	39389971	39389972	26	4	5	3	2	1	NA	NA	NA	unphased	1.31954022988506	1.31954022988506	1
5	40681444	40681445	243	23	5	3	2	1	NA	NA	NA	unphased	0.855716878402904	0.855716878402904	1
5	41005681	41005682	17	9	5	3	2	1	NA	NA	NA	unphased	3.42572944297082	1.14190981432361	3
5	43704511	43704512	112	39	5	3	2	1	NA	NA	NA	unphased	2.5560630280886	0.852021009362868	3
5	50687183	50687184	69	18	3	2	1	1	NA	NA	NA	unphased	1.63376932223543	0.816884661117717	2
5	52360841	52360842	208	57	3	2	1	1	NA	NA	NA	unphased	1.69850357839948	0.84925178919974	2
5	56777636	56777637	106	36	3	2	1	1	NA	NA	NA	unphased	2.00194269062652	1.00097134531326	2
5	56777637	56777638	106	36	3	2	1	1	NA	NA	NA	unphased	2.00194269062652	1.00097134531326	2
5	61923218	61923219	48	5	3	2	1	1	NA	NA	NA	unphased	0.744957709824333	0.744957709824333	1
5	64892896	64892897	207	16	3	2	1	1	NA	NA	NA	unphased	0.566568733570435	0.566568733570435	1
5	66479812	66479813	153	42	3	2	1	1	NA	NA	NA	unphased	1.70079575596817	0.850397877984085	2
5	66492430	66492431	167	22	3	2	1	1	NA	NA	NA	unphased	0.919175332968436	0.919175332968436	1
5	68524114	68524115	157	50	3	2	1	1	NA	NA	NA	unphased	1.90737964351158	0.953689821755789	2
5	74973697	74973698	82	16	3	2	1	1	NA	NA	NA	unphased	1.28923293455313	1.28923293455313	1
5	76251580	76251581	120	18	3	2	1	1	NA	NA	NA	unphased	1.02998500749625	1.02998500749625	1
5	78350074	78350075	106	17	3	2	1	1	NA	NA	NA	unphased	1.09139332772638	1.09139332772638	1
5	79033165	79033166	133	32	3	2	1	1	NA	NA	NA	unphased	1.53145245559039	0.765726227795193	2
5	82816318	82816319	116	18	3	2	1	1	NA	NA	NA	unphased	1.06073082861554	1.06073082861554	1
5	85578469	85578470	39	8	3	2	1	1	NA	NA	NA	unphased	1.34409391049156	1.34409391049156	1
5	87501733	87501734	82	10	3	2	1	1	NA	NA	NA	unphased	0.85832083958021	0.85832083958021	1
5	112179671	112179672	120	38	3	2	1	1	NA	NA	NA	unphased	1.89917066783064	0.949585333915321	2
5	115142162	115142163	72	14	3	2	1	1	NA	NA	NA	unphased	1.28548516439455	1.28548516439455	1
5	120021879	120021880	135	24	3	2	1	1	NA	NA	NA	unphased	1.19193233571893	1.19193233571893	1
5	121188451	121188452	74	6	3	2	1	1	NA	NA	NA	unphased	0.592241379310345	0.592241379310345	1
5	126676252	126676253	91	24	3	2	1	1	NA	NA	NA	unphased	1.647976011994	0.823988005997002	2
5	127680189	127680190	109	44	3	2	1	1	NA	NA	NA	unphased	2.27090376380437	1.13545188190219	2
5	127681107	127681108	198	20	3	2	1	1	NA	NA	NA	unphased	0.724454286618159	0.724454286618159	1
5	135277048	135277049	134	34	3	2	1	1	NA	NA	NA	unphased	1.59811165845649	0.799055829228243	2
5	136963996	136963997	184	23	3	2	1	1	NA	NA	NA	unphased	0.877394636015326	0.877394636015326	1
5	137488191	137488192	305	43	3	2	1	1	NA	NA	NA	unphased	0.97572334522394	0.97572334522394	1
5	140176858	140176859	100	9	3	2	1	1	NA	NA	NA	unphased	0.652008857956343	0.652008857956343	1
5	140182027	140182028	220	49	3	2	1	1	NA	NA	NA	unphased	1.43840533264966	0.71920266632483	2
5	140203691	140203692	94	19	3	2	1	1	NA	NA	NA	unphased	1.32773878547452	1.32773878547452	1
5	140215758	140215759	114	12	3	2	1	1	NA	NA	NA	unphased	0.752052545155993	0.752052545155993	1
5	140221956	140221957	263	24	3	2	1	1	NA	NA	NA	unphased	0.66033882013697	0.66033882013697	1
5	140502734	140502735	174	21	3	2	1	1	NA	NA	NA	unphased	0.850397877984085	0.850397877984085	1
5	140537765	140537766	159	18	3	2	1	1	NA	NA	NA	unphased	0.803039158386908	0.803039158386908	1
5	140573661	140573662	234	11	3	2	1	1	NA	NA	NA	unphased	0.354539057002111	0.354539057002111	1
5	140595173	140595174	108	21	3	2	1	1	NA	NA	NA	unphased	1.28548516439455	1.28548516439455	1
5	140605192	140605193	300	58	3	2	1	1	NA	NA	NA	unphased	1.27932960893855	1.27932960893855	1
5	140711872	140711873	301	54	3	2	1	1	NA	NA	NA	unphased	1.20116561437591	1.20116561437591	1
5	140731333	140731334	107	12	3	2	1	1	NA	NA	NA	unphased	0.79629093016517	0.79629093016517	1
5	140740267	140740268	129	29	3	2	1	1	NA	NA	NA	unphased	1.4493670886076	0.724683544303798	2
5	140741396	140741397	77	16	3	2	1	1	NA	NA	NA	unphased	1.35854653318502	1.35854653318502	1
5	140741590	140741591	25	9	3	2	1	1	NA	NA	NA	unphased	2.09026369168357	1.04513184584179	2
5	140754885	140754886	110	37	3	2	1	1	NA	NA	NA	unphased	1.98756744076941	0.993783720384706	2
5	140755675	140755676	107	11	3	2	1	1	NA	NA	NA	unphased	0.736119228521333	0.736119228521333	1
5	140772710	140772711	82	25	3	2	1	1	NA	NA	NA	unphased	1.84498872059297	0.922494360296487	2
5	141059942	141059943	64	25	3	2	1	1	NA	NA	NA	unphased	2.21813250678032	1.10906625339016	2
5	147593511	147593512	120	10	3	2	1	1	NA	NA	NA	unphased	0.607427055702918	0.607427055702918	1
5	148742231	148742232	116	11	3	2	1	1	NA	NA	NA	unphased	0.683953298941081	0.683953298941081	1
5	149449612	149449613	64	12	3	2	1	1	NA	NA	NA	unphased	1.24682395644283	1.24682395644283	1
5	153030029	153030030	89	10	3	2	1	1	NA	NA	NA	unphased	0.79763148728666	0.79763148728666	1
5	153709220	153709221	76	31	3	2	1	1	NA	NA	NA	unphased	2.28778601353529	1.14389300676764	2
5	154252159	154252160	44	7	3	2	1	1	NA	NA	NA	unphased	1.08384043272481	1.08384043272481	1
5	160047669	160047670	46	10	3	2	1	1	NA	NA	NA	unphased	1.41009852216749	1.41009852216749	1
5	167617356	167617357	39	5	3	2	1	1	NA	NA	NA	unphased	0.897335423197492	0.897335423197492	1
5	167868811	167868812	46	5	3	2	1	1	NA	NA	NA	unphased	0.774171737660581	0.774171737660581	1
5	169702322	169702323	115	19	3	2	1	1	NA	NA	NA	unphased	1.11966031909418	1.11966031909418	1
5	172659654	172659655	39	7	3	2	1	1	NA	NA	NA	unphased	1.20164917541229	1.20164917541229	1
5	172752941	172752942	536	63	3	2	1	1	NA	NA	NA	unphased	0.830522134592136	0.830522134592136	1
5	176305315	176305316	67	16	3	2	1	1	NA	NA	NA	unphased	1.52222683838804	0.761113419194018	2
5	176306488	176306489	87	21	3	2	1	1	NA	NA	NA	unphased	1.53544061302682	0.76772030651341	2
5	176825358	176825359	58	10	3	2	1	1	NA	NA	NA	unphased	1.16125760649087	1.16125760649087	1
5	178540896	178540897	208	32	3	2	1	1	NA	NA	NA	unphased	1.05287356321839	1.05287356321839	1
5	178554994	178554995	136	31	3	2	1	1	NA	NA	NA	unphased	1.46582696675614	0.732913483378071	2
6	401663	401664	84	21	NA	NA	NA	NA	NA	NA	NA	unphased	NA	NA	1
6	17788050	17788051	211	42	4	2	2	1	NA	NA	NA	unphased	1.47689791467902	0.738448957339512	2
6	18225820	18225821	66	23	4	2	2	1	NA	NA	NA	unphased	2.29910887253003	1.14955443626501	2
6	26423290	26423291	90	16	4	2	2	1	NA	NA	NA	unphased	1.34287573194535	1.34287573194535	1
6	28327313	28327314	64	12	4	2	2	1	NA	NA	NA	unphased	1.40471869328494	1.40471869328494	1
6	28887812	28887813	119	40	4	2	2	1	NA	NA	NA	unphased	2.23812621990891	1.11906310995446	2
6	29323453	29323454	126	39	4	2	2	1	NA	NA	NA	unphased	2.10282131661442	1.05141065830721	2
6	29408091	29408092	119	42	4	2	2	1	NA	NA	NA	unphased	2.3208395802099	1.16041979010495	2
6	30638586	30638587	112	21	4	2	2	1	NA	NA	NA	unphased	1.40471869328494	1.40471869328494	1
6	30675170	30675171	115	27	4	2	2	1	NA	NA	NA	unphased	1.69159786304031	0.845798931520156	2
6	31473419	31473420	129	32	4	2	2	1	NA	NA	NA	unphased	1.76825872777897	0.884129363889484	2
6	31548625	31548626	19	5	4	2	2	1	NA	NA	NA	unphased	1.85344827586207	1.85344827586207	1
6	31548626	31548627	19	5	4	2	2	1	NA	NA	NA	unphased	1.85344827586207	1.85344827586207	1
6	31557589	31557590	116	15	4	2	2	1	NA	NA	NA	unphased	1.01868912871808	1.01868912871808	1
6	32944067	32944068	123	49	4	2	2	1	NA	NA	NA	unphased	2.53448275862069	1.26724137931034	2
6	38029507	38029508	61	21	4	2	2	1	NA	NA	NA	unphased	2.27838519764508	1.13919259882254	2
6	42236744	42236745	150	19	4	2	2	1	NA	NA	NA	unphased	1.00020403999184	1.00020403999184	1
6	43472984	43472985	77	20	4	2	2	1	NA	NA	NA	unphased	1.83434056167792	0.917170280838962	2
6	49754375	49754376	131	36	4	2	2	1	NA	NA	NA	unphased	1.9178195333471	0.95890976667355	2
6	52013754	52013755	63	11	4	2	2	1	NA	NA	NA	unphased	1.32246039142591	1.32246039142591	1
6	54173301	54173302	54	11	4	2	2	1	NA	NA	NA	unphased	1.50557029177719	1.50557029177719	1
6	54806504	54806505	115	41	4	2	2	1	NA	NA	NA	unphased	2.33819628647215	1.16909814323607	2
6	66205403	66205404	15	10	2	2	0	1	NA	NA	NA	unphased	2.75862068965517	1.37931034482759	2
6	69685215	69685216	69	20	2	2	0	1	NA	NA	NA	unphased	1.54978690430066	0.774893452150329	2
6	70049306	70049307	254	79	2	2	0	1	NA	NA	NA	unphased	1.63611887749819	0.818059438749094	2
6	70944603	70944604	46	17	2	2	0	1	NA	NA	NA	unphased	1.86097427476738	0.930487137383689	2
6	78172078	78172079	143	30	2	2	0	1	NA	NA	NA	unphased	1.19593382499502	1.19593382499502	1
6	91226166	91226167	59	31	2	2	0	1	NA	NA	NA	unphased	2.37547892720307	1.18773946360153	2
6	91246237	91246238	11	5	2	2	0	1	NA	NA	NA	unphased	2.1551724137931	2.1551724137931	1
6	102516294	102516295	53	17	2	2	0	1	NA	NA	NA	unphased	1.67487684729064	0.83743842364532	2
6	108768447	108768448	69	28	2	2	0	1	NA	NA	NA	unphased	1.99075719872023	0.995378599360114	2
6	112375427	112375428	81	32	2	2	0	1	NA	NA	NA	unphased	1.95300579798596	0.976502898992981	2
6	128312005	128312006	120	17	2	2	0	1	NA	NA	NA	unphased	0.855776491316386	0.855776491316386	1
6	130762651	130762652	70	28	2	2	0	1	NA	NA	NA	unphased	1.97044334975369	0.985221674876847	2
6	132196927	132196928	80	33	2	2	0	1	NA	NA	NA	unphased	2.01403722917302	1.00701861458651	2
6	132649220	132649221	127	38	2	2	0	1	NA	NA	NA	unphased	1.58829676071055	0.794148380355277	2
6	134496019	134496020	45	16	2	2	0	1	NA	NA	NA	unphased	1.80893159977388	0.904465799886942	2
6	136597257	136597258	324	27	2	2	0	1	NA	NA	NA	unphased	0.530503978779841	0.530503978779841	1
6	146625929	146625930	62	17	2	2	0	1	NA	NA	NA	unphased	1.48406809253601	1.48406809253601	1
6	146625930	146625931	61	17	2	2	0	1	NA	NA	NA	unphased	1.50309460654288	0.751547303271441	2
6	157510846	157510847	63	34	2	2	0	1	NA	NA	NA	unphased	2.41734802701742	1.20867401350871	2
6	157713867	157713868	70	32	2	2	0	1	NA	NA	NA	unphased	2.16362407031778	1.08181203515889	2
6	160551217	160551218	133	29	2	2	0	1	NA	NA	NA	unphased	1.23456790123457	1.23456790123457	1
6	161012039	161012040	40	18	2	2	0	1	NA	NA	NA	unphased	2.14030915576694	1.07015457788347	2
6	161016557	161016558	85	33	2	2	0	1	NA	NA	NA	unphased	1.92869666861485	0.964348334307423	2
6	165846495	165846496	65	18	2	2	0	1	NA	NA	NA	unphased	1.49563772330702	0.747818861653511	2
7	4794120	4794121	85	18	3.56	3	2	0.64	1	0	0.36	unphased	1.47784399062605	1.47784399062605	1
7	4949560	4949561	49	14	3.56	3	2	0.64	1	0	0.36	unphased	1.8792337164751	1.14587421736286	1.64
7	8258024	8258025	229	50	3.56	3	2	0.64	1	0	0.36	unphased	1.51551106167346	0.924092110776503	1.64
7	15601407	15601408	191	46	3.56	3	2	0.64	1	0	0.36	unphased	1.64135603084534	1.00082684807642	1.64
7	15666512	15666513	172	47	3.56	3	2	0.64	1	0	0.36	unphased	1.81487639741773	1.10663194964496	1.64
7	18066438	18066439	229	90	3.56	3	2	0.64	1	0	0.36	unphased	2.3858609880013	1.04643025789531	2.28
7	20683123	20683124	186	35	3.56	3	2	0.64	1	0	0.36	unphased	1.33927289748791	0.816629815541407	1.64
7	20824766	20824767	6	4	3.56	3	2	0.64	1	0	0.36	unphased	3.38262068965517	1.28129571577847	2.64
7	22533203	22533204	133	44	3.56	3	2	0.64	1	0	0.36	unphased	2.10219364893824	0.922014758306247	2.28
7	23561337	23561338	204	40	3.56	3	2	0.64	1	0	0.36	unphased	1.38631995477671	0.845317045595555	1.64
7	27148081	27148082	178	50	3.56	3	2	0.64	1	0	0.36	unphased	1.85450695704779	1.13079692502914	1.64
7	34697899	34697900	24	3	3.56	3	2	0.64	1	0	0.36	unphased	0.939616858237548	0.939616858237548	1
7	36396560	36396561	183	62	3.56	3	2	0.64	1	0	0.36	unphased	2.14002533427164	0.938607602750719	2.28
7	38389064	38389065	168	60	3.56	3	2	0.64	1	0	0.36	unphased	2.22540834845735	0.976056293183048	2.28
7	38574542	38574543	61	25	3.56	3	2	0.64	1	0	0.36	unphased	2.45829991980754	0.93117421204831	2.64
7	44228648	44228649	10	4	3.56	3	2	0.64	1	0	0.36	unphased	2.41615763546798	2.41615763546798	1
7	51287597	51287598	60	25	3.56	3	2	0.64	1	0	0.36	unphased	2.48722109533469	0.94212920277829	2.64
7	57188060	57188061	85	16	3.56	3	2	0.64	1	0	0.36	unphased	1.33965175827928	1.33965175827928	1
7	70885911	70885912	259	77	3	2	1	1	NA	NA	NA	unphased	1.80962643678161	0.904813218390805	2
7	75442989	75442990	91	17	3	2	1	1	NA	NA	NA	unphased	1.24297573435504	1.24297573435504	1
7	82583806	82583807	92	17	3	2	1	1	NA	NA	NA	unphased	1.23157228725087	1.23157228725087	1
7	83636724	83636725	173	18	3	2	1	1	NA	NA	NA	unphased	0.744177649395198	0.744177649395198	1
7	84644519	84644520	158	43	3	2	1	1	NA	NA	NA	unphased	1.68931206038772	0.844656030193858	2
7	90492579	90492580	59	23	3	2	1	1	NA	NA	NA	unphased	2.21488645920942	1.10744322960471	2
7	90895851	90895852	79	14	3	2	1	1	NA	NA	NA	unphased	1.18872821653689	1.18872821653689	1
7	91864856	91864857	156	38	3	2	1	1	NA	NA	NA	unphased	1.54674724493423	0.773373622467117	2
7	92120787	92120788	155	40	3	2	1	1	NA	NA	NA	unphased	1.61980548187445	0.809902740937224	2
7	92158103	92158104	29	7	3	2	1	1	NA	NA	NA	unphased	1.53544061302682	1.53544061302682	1
7	93063592	93063593	102	12	3	2	1	1	NA	NA	NA	unphased	0.831215970961887	0.831215970961887	1
7	94167062	94167063	208	42	3	2	1	1	NA	NA	NA	unphased	1.32662068965517	1.32662068965517	1
7	99757933	99757934	93	34	3	2	1	1	NA	NA	NA	unphased	2.11403746945425	1.05701873472712	2
7	100390117	100390118	40	15	3	2	1	1	NA	NA	NA	unphased	2.15360501567398	1.07680250783699	2
7	100678974	100678975	311	84	3	2	1	1	NA	NA	NA	unphased	1.67926669576604	0.839633347883021	2
7	100844047	100844048	31	11	3	2	1	1	NA	NA	NA	unphased	2.06814449917898	1.03407224958949	2
7	101256777	101256778	137	18	3	2	1	1	NA	NA	NA	unphased	0.917018909899889	0.917018909899889	1
7	103136227	103136228	257	23	3	2	1	1	NA	NA	NA	unphased	0.648645320197044	0.648645320197044	1
7	103969462	103969463	80	16	3	2	1	1	NA	NA	NA	unphased	1.31609195402299	1.31609195402299	1
7	106508159	106508160	92	13	3	2	1	1	NA	NA	NA	unphased	0.977668308702792	0.977668308702792	1
7	117874880	117874881	131	25	3	2	1	1	NA	NA	NA	unphased	1.26547303271441	1.26547303271441	1
7	120765876	120765877	88	5	3	2	1	1	NA	NA	NA	unphased	0.424545791620319	0.424545791620319	1
7	121944341	121944342	140	49	3	2	1	1	NA	NA	NA	unphased	2.04725415070243	1.02362707535121	2
7	123119973	123119974	105	15	3	2	1	1	NA	NA	NA	unphased	0.987068965517241	0.987068965517241	1
7	124510964	124510965	107	26	3	2	1	1	NA	NA	NA	unphased	1.54368680321493	0.771843401607467	2
7	126883156	126883157	114	18	3	2	1	1	NA	NA	NA	unphased	1.07680250783699	1.07680250783699	1
7	127253564	127253565	115	16	3	2	1	1	NA	NA	NA	unphased	0.964464332719137	0.964464332719137	1
7	127979362	127979363	282	39	3	2	1	1	NA	NA	NA	unphased	0.959394134708347	0.959394134708347	1
7	128035311	128035312	93	13	3	2	1	1	NA	NA	NA	unphased	0.968445022771633	0.968445022771633	1
7	128035312	128035313	97	13	3	2	1	1	NA	NA	NA	unphased	0.933228840125392	0.933228840125392	1
7	128388830	128388831	155	30	3	2	1	1	NA	NA	NA	unphased	1.28052190121156	1.28052190121156	1
7	128850307	128850308	131	25	3	2	1	1	NA	NA	NA	unphased	1.26547303271441	1.26547303271441	1
7	131878842	131878843	107	11	3	2	1	1	NA	NA	NA	unphased	0.736119228521333	0.736119228521333	1
7	136700016	136700017	166	21	3	2	1	1	NA	NA	NA	unphased	0.886778535865757	0.886778535865757	1
7	137293797	137293798	63	14	3	2	1	1	NA	NA	NA	unphased	1.43573667711599	1.43573667711599	1
7	141722145	141722146	135	13	3	2	1	1	NA	NA	NA	unphased	0.693616029822926	0.693616029822926	1
7	142498823	142498824	112	7	3	2	1	1	NA	NA	NA	unphased	0.464503042596349	0.464503042596349	1
7	142606680	142606681	75	24	3	2	1	1	NA	NA	NA	unphased	1.91431556948798	0.957157784743992	2
7	142723386	142723387	96	32	3	2	1	1	NA	NA	NA	unphased	1.97413793103448	0.987068965517241	2
7	143028742	143028743	92	31	3	2	1	1	NA	NA	NA	unphased	1.99018783291281	0.995093916456406	2
7	143140766	143140767	179	24	3	2	1	1	NA	NA	NA	unphased	0.933582469848819	0.933582469848819	1
7	143573187	143573188	66	23	3	2	1	1	NA	NA	NA	unphased	2.04068190623789	1.02034095311895	2
7	147869354	147869355	101	16	3	2	1	1	NA	NA	NA	unphased	1.07987032124963	1.07987032124963	1
7	147869375	147869376	95	15	3	2	1	1	NA	NA	NA	unphased	1.07680250783699	1.07680250783699	1
7	149481985	149481986	138	17	3	2	1	1	NA	NA	NA	unphased	0.866073414905451	0.866073414905451	1
7	151716791	151716792	128	28	3	2	1	1	NA	NA	NA	unphased	1.41732979664014	0.708664898320071	2
8	3200842	3200843	68	22	2	2	0	1	NA	NA	NA	unphased	1.68582375478927	0.842911877394636	2
8	10464623	10464624	304	109	2	2	0	1	NA	NA	NA	unphased	1.82015529765384	0.910077648826918	2
8	11995402	11995403	85	21	2	2	0	1	NA	NA	NA	unphased	1.36629798308393	1.36629798308393	1
8	19214712	19214713	81	26	2	2	0	1	NA	NA	NA	unphased	1.67579761521109	0.837898807605543	2
8	19362802	19362803	69	22	2	2	0	1	NA	NA	NA	unphased	1.66729821902236	0.833649109511179	2
8	19682314	19682315	47	12	2	2	0	1	NA	NA	NA	unphased	1.40268848626534	1.40268848626534	1
8	27925080	27925081	24	9	2	2	0	1	NA	NA	NA	unphased	1.88087774294671	0.940438871473354	2
8	33449706	33449707	23	10	2	2	0	1	NA	NA	NA	unphased	2.08986415882968	1.04493207941484	2
8	38178627	38178628	158	40	2	2	0	1	NA	NA	NA	unphased	1.39324277255312	0.696621386276559	2
8	38271248	38271249	25	11	2	2	0	1	NA	NA	NA	unphased	2.10727969348659	1.0536398467433	2
8	38677229	38677230	158	30	2	2	0	1	NA	NA	NA	unphased	1.10051357300073	1.10051357300073	1
8	52321017	52321018	51	13	5	3	2	1	NA	NA	NA	unphased	2.01023706896552	1.00511853448276	2
8	52321568	52321569	46	8	5	3	2	1	NA	NA	NA	unphased	1.4661558109834	1.4661558109834	1
8	63973948	63973949	117	27	5	3	2	1	NA	NA	NA	unphased	1.85560344827586	0.927801724137931	2
8	67342102	67342103	97	10	5	3	2	1	NA	NA	NA	unphased	0.924911376087657	0.924911376087657	1
8	72968046	72968047	102	24	5	3	2	1	NA	NA	NA	unphased	1.88505747126437	0.942528735632184	2
8	72977768	72977769	90	19	5	3	2	1	NA	NA	NA	unphased	1.72508699778551	0.862543498892756	2
8	72987668	72987669	71	12	5	3	2	1	NA	NA	NA	unphased	1.43082675529705	1.43082675529705	1
8	74516093	74516094	80	18	5	3	2	1	NA	NA	NA	unphased	1.81773399014778	0.908866995073892	2
8	77764007	77764008	104	16	5	3	2	1	NA	NA	NA	unphased	1.31954022988506	1.31954022988506	1
8	77764867	77764868	25	15	5	3	2	1	NA	NA	NA	unphased	3.71120689655172	1.23706896551724	3
8	82714645	82714646	96	8	5	3	2	1	NA	NA	NA	unphased	0.761273209549072	0.761273209549072	1
8	85686828	85686829	26	10	5	3	2	1	NA	NA	NA	unphased	2.74904214559387	0.916347381864623	3
8	87081839	87081840	10	9	5	3	2	1	NA	NA	NA	unphased	4.68784029038113	1.56261343012704	3
8	87226853	87226854	65	18	5	3	2	1	NA	NA	NA	unphased	2.14624013294558	1.07312006647279	2
8	88249148	88249149	132	35	5	3	2	1	NA	NA	NA	unphased	2.07412760685526	1.03706380342763	2
8	92406478	92406479	117	21	5	3	2	1	NA	NA	NA	unphased	1.50599700149925	0.752998500749625	2
8	93003965	93003966	149	42	5	3	2	1	NA	NA	NA	unphased	2.17620509117169	1.08810254558585	2
8	97274193	97274194	13	4	5	3	2	1	NA	NA	NA	unphased	2.32860040567951	2.32860040567951	1
8	97847306	97847307	156	16	5	3	2	1	NA	NA	NA	unphased	0.920609462710505	0.920609462710505	1
8	100588007	100588008	84	23	5	3	2	1	NA	NA	NA	unphased	2.12729616500161	1.06364808250081	2
8	100975192	100975193	56	14	5	3	2	1	NA	NA	NA	unphased	1.97931034482759	0.989655172413793	2
8	105361160	105361161	162	59	5	3	2	1	NA	NA	NA	unphased	2.6420658449056	0.880688614968534	3
8	124383963	124383964	112	9	5	3	2	1	NA	NA	NA	unphased	0.736107153035053	0.736107153035053	1
8	125022923	125022924	325	69	5	3	2	1	NA	NA	NA	unphased	1.73315245930334	0.866576229651672	2
8	130789825	130789826	265	33	7	5	2	1	NA	NA	NA	unphased	1.31740337884749	1.31740337884749	1
8	133036947	133036948	41	6	7	5	2	1	NA	NA	NA	unphased	1.51870873074101	1.51870873074101	1
8	133047069	133047070	159	20	7	5	2	1	NA	NA	NA	unphased	1.32922365632826	1.32922365632826	1
8	133900612	133900613	82	41	7	5	2	1	NA	NA	NA	unphased	3.96551724137931	0.991379310344827	4
8	139144758	139144759	114	16	7	5	2	1	NA	NA	NA	unphased	1.46419098143236	1.46419098143236	1
8	139160919	139160920	77	9	7	5	2	1	NA	NA	NA	unphased	1.24498797113071	1.24498797113071	1
8	139701163	139701164	181	103	7	5	2	1	NA	NA	NA	unphased	4.31459446333171	1.07864861583293	4
8	142154269	142154270	129	18	7	5	2	1	NA	NA	NA	unphased	1.4567206192822	1.4567206192822	1
8	144239839	144239840	156	31	7	5	2	1	NA	NA	NA	unphased	1.97215563341324	0.98607781670662	2
8	144946585	144946586	38	7	7	5	2	1	NA	NA	NA	unphased	1.85057471264368	1.85057471264368	1
8	145094966	145094967	71	10	7	5	2	1	NA	NA	NA	unphased	1.46871008939974	1.46871008939974	1
9	5920888	5920889	189	42	4	2	2	1	NA	NA	NA	unphased	1.61755485893417	0.808777429467085	2
9	6012795	6012796	99	23	4	2	2	1	NA	NA	NA	unphased	1.67721876766535	0.838609383832674	2
9	6012796	6012797	101	23	4	2	2	1	NA	NA	NA	unphased	1.65016685205784	0.825083426028921	2
9	6486819	6486820	60	19	4	2	2	1	NA	NA	NA	unphased	2.13967699694457	1.06983849847228	2
9	8341266	8341267	248	56	4	2	2	1	NA	NA	NA	unphased	1.63883847549909	0.819419237749546	2
9	8497246	8497247	30	10	4	2	2	1	NA	NA	NA	unphased	2.22413793103448	1.11206896551724	2
9	12695586	12695587	146	33	4	2	2	1	NA	NA	NA	unphased	1.64014640724331	0.820073203621653	2
9	13205965	13205966	78	18	4	2	2	1	NA	NA	NA	unphased	1.66810344827586	0.834051724137931	2
9	18753349	18753350	27	8	4	2	2	1	NA	NA	NA	unphased	2.03349753694581	1.01674876847291	2
9	34385669	34385670	122	35	4	2	2	1	NA	NA	NA	unphased	1.98330770920272	0.991653854601362	2
9	34971547	34971548	128	41	4	2	2	1	NA	NA	NA	unphased	2.1583350336666	1.0791675168333	2
9	39149925	39149926	61	14	4	2	2	1	NA	NA	NA	unphased	1.66068965517241	0.830344827586207	2
9	40772743	40772744	190	56	4	2	2	1	NA	NA	NA	unphased	2.02523128679563	1.01261564339781	2
9	43624862	43624863	277	60	4	2	2	1	NA	NA	NA	unphased	1.58395579658242	0.791977898291211	2
9	71951135	71951136	160	14	4	2	2	1	NA	NA	NA	unphased	0.715814506539834	0.715814506539834	1
9	80336338	80336339	87	17	4	2	2	1	NA	NA	NA	unphased	1.45424403183024	1.45424403183024	1
9	84606374	84606375	269	60	4	2	2	1	NA	NA	NA	unphased	1.62247143905251	0.811235719526255	2
9	91940536	91940537	297	84	4	2	2	1	NA	NA	NA	unphased	1.96144447461309	0.980722237306544	2
9	95177576	95177577	101	23	4	2	2	1	NA	NA	NA	unphased	1.65016685205784	0.825083426028921	2
9	100424368	100424369	110	25	4	2	2	1	NA	NA	NA	unphased	1.64750957854406	0.823754789272031	2
9	104324621	104324622	108	32	4	2	2	1	NA	NA	NA	unphased	2.03349753694581	1.01674876847291	2
9	104356918	104356919	167	32	4	2	2	1	NA	NA	NA	unphased	1.43060128227344	0.715300641136718	2
9	104449113	104449114	79	18	4	2	2	1	NA	NA	NA	unphased	1.65090650551013	0.825453252755066	2
9	107331691	107331692	318	91	4	2	2	1	NA	NA	NA	unphased	1.97942837872018	0.989714189360088	2
9	107380417	107380418	157	37	4	2	2	1	NA	NA	NA	unphased	1.69676501955208	0.84838250977604	2
9	107535281	107535282	116	24	4	2	2	1	NA	NA	NA	unphased	1.52512315270936	0.76256157635468	2
9	111655281	111655282	139	10	4	2	2	1	NA	NA	NA	unphased	0.597084008331405	0.597084008331405	1
9	114305432	114305433	141	15	4	2	2	1	NA	NA	NA	unphased	0.855437665782494	0.855437665782494	1
9	116038826	116038827	148	34	4	2	2	1	NA	NA	NA	unphased	1.66199317923456	0.830996589617279	2
9	116930450	116930451	110	34	4	2	2	1	NA	NA	NA	unphased	2.10057471264368	1.05028735632184	2
9	119943397	119943398	33	9	4	2	2	1	NA	NA	NA	unphased	1.9064039408867	0.95320197044335	2
9	120176883	120176884	25	4	4	2	2	1	NA	NA	NA	unphased	1.22711058263971	1.22711058263971	1
9	120176884	120176885	23	4	4	2	2	1	NA	NA	NA	unphased	1.31800766283525	1.31800766283525	1
9	125423956	125423957	121	31	4	2	2	1	NA	NA	NA	unphased	1.81442831215971	0.907214156079855	2
9	128061224	128061225	70	15	4	2	2	1	NA	NA	NA	unphased	1.56997971602434	0.78498985801217	2
9	130167219	130167220	120	29	4	2	2	1	NA	NA	NA	unphased	1.73154362416107	0.865771812080537	2
9	131083878	131083879	148	26	4	2	2	1	NA	NA	NA	unphased	1.32936979785969	1.32936979785969	1
9	133355141	133355142	124	17	4	2	2	1	NA	NA	NA	unphased	1.07263389581805	1.07263389581805	1
9	134165698	134165699	126	37	4	2	2	1	NA	NA	NA	unphased	2.01946266130738	1.00973133065369	2
9	135073724	135073725	45	10	4	2	2	1	NA	NA	NA	unphased	1.61755485893417	1.61755485893417	1
9	135278057	135278058	162	38	4	2	2	1	NA	NA	NA	unphased	1.69034482758621	0.845172413793104	2
9	135863746	135863747	28	22	4	2	2	1	NA	NA	NA	unphased	3.91448275862069	1.95724137931035	2
9	135984068	135984069	60	18	4	2	2	1	NA	NA	NA	unphased	2.05305039787798	1.02652519893899	2
9	136277972	136277973	48	14	4	2	2	1	NA	NA	NA	unphased	2.00889877641824	1.00444938820912	2
9	139369858	139369859	40	10	4	2	2	1	NA	NA	NA	unphased	1.77931034482759	0.889655172413793	2
9	139621339	139621340	62	14	4	2	2	1	NA	NA	NA	unphased	1.63883847549909	0.819419237749546	2
X	3228317	3228318	97	33	NA	NA	NA	NA	NA	NA	NA	unphased	NA	NA	1
X	3235231	3235232	28	16	NA	NA	NA	NA	NA	NA	NA	unphased	NA	NA	1
X	3235232	3235233	29	16	NA	NA	NA	NA	NA	NA	NA	unphased	NA	NA	1
X	9862547	9862548	52	15	NA	NA	NA	NA	NA	NA	NA	unphased	NA	NA	1
X	9900340	9900341	71	23	NA	NA	NA	NA	NA	NA	NA	unphased	NA	NA	1
X	14862095	14862096	138	54	NA	NA	NA	NA	NA	NA	NA	unphased	NA	NA	1
X	15344120	15344121	151	46	NA	NA	NA	NA	NA	NA	NA	unphased	NA	NA	1
X	18183268	18183269	203	55	NA	NA	NA	NA	NA	NA	NA	unphased	NA	NA	1
X	18183296	18183297	197	58	NA	NA	NA	NA	NA	NA	NA	unphased	NA	NA	1
X	18183298	18183299	199	58	NA	NA	NA	NA	NA	NA	NA	unphased	NA	NA	1
X	21613469	21613470	107	32	NA	NA	NA	NA	NA	NA	NA	unphased	NA	NA	1
X	30746886	30746887	240	74	NA	NA	NA	NA	NA	NA	NA	unphased	NA	NA	1
X	37984554	37984555	66	12	NA	NA	NA	NA	NA	NA	NA	unphased	NA	NA	1
X	51150576	51150577	11	4	NA	NA	NA	NA	NA	NA	NA	unphased	NA	NA	1
X	54099357	54099358	84	33	NA	NA	NA	NA	NA	NA	NA	unphased	NA	NA	1
X	55287032	55287033	54	12	NA	NA	NA	NA	NA	NA	NA	unphased	NA	NA	1
X	63410370	63410371	50	29	NA	NA	NA	NA	NA	NA	NA	unphased	NA	NA	1
X	63444221	63444222	80	23	NA	NA	NA	NA	NA	NA	NA	unphased	NA	NA	1
X	65242568	65242569	20	8	NA	NA	NA	NA	NA	NA	NA	unphased	NA	NA	1
X	67937798	67937799	23	5	NA	NA	NA	NA	NA	NA	NA	unphased	NA	NA	1
X	70607141	70607142	198	69	NA	NA	NA	NA	NA	NA	NA	unphased	NA	NA	1
X	73061281	73061282	92	32	NA	NA	NA	NA	NA	NA	NA	unphased	NA	NA	1
X	77359773	77359774	19	7	NA	NA	NA	NA	NA	NA	NA	unphased	NA	NA	1
X	84526121	84526122	47	10	NA	NA	NA	NA	NA	NA	NA	unphased	NA	NA	1
X	88009403	88009404	18	4	NA	NA	NA	NA	NA	NA	NA	unphased	NA	NA	1
X	89177449	89177450	86	21	NA	NA	NA	NA	NA	NA	NA	unphased	NA	NA	1
X	91132395	91132396	115	11	NA	NA	NA	NA	NA	NA	NA	unphased	NA	NA	1
X	100626658	100626659	162	45	NA	NA	NA	NA	NA	NA	NA	unphased	NA	NA	1
X	106117315	106117316	20	5	NA	NA	NA	NA	NA	NA	NA	unphased	NA	NA	1
X	106236561	106236562	96	29	NA	NA	NA	NA	NA	NA	NA	unphased	NA	NA	1
X	106236562	106236563	96	28	NA	NA	NA	NA	NA	NA	NA	unphased	NA	NA	1
X	123499636	123499637	217	79	NA	NA	NA	NA	NA	NA	NA	unphased	NA	NA	1
X	123615584	123615585	71	16	NA	NA	NA	NA	NA	NA	NA	unphased	NA	NA	1
X	125685302	125685303	180	70	NA	NA	NA	NA	NA	NA	NA	unphased	NA	NA	1
X	125686418	125686419	108	21	NA	NA	NA	NA	NA	NA	NA	unphased	NA	NA	1
X	128703319	128703320	222	86	NA	NA	NA	NA	NA	NA	NA	unphased	NA	NA	1
X	128901655	128901656	100	36	NA	NA	NA	NA	NA	NA	NA	unphased	NA	NA	1
X	134482890	134482891	32	7	NA	NA	NA	NA	NA	NA	NA	unphased	NA	NA	1
X	135429972	135429973	244	71	NA	NA	NA	NA	NA	NA	NA	unphased	NA	NA	1
X	137714739	137714740	10	4	NA	NA	NA	NA	NA	NA	NA	unphased	NA	NA	1
X	140985355	140985356	141	46	NA	NA	NA	NA	NA	NA	NA	unphased	NA	NA	1
X	145075860	145075861	151	54	NA	NA	NA	NA	NA	NA	NA	unphased	NA	NA	1
X	150841060	150841061	104	36	NA	NA	NA	NA	NA	NA	NA	unphased	NA	NA	1
X	152036129	152036130	32	12	NA	NA	NA	NA	NA	NA	NA	unphased	NA	NA	1
X	152036130	152036131	33	12	NA	NA	NA	NA	NA	NA	NA	unphased	NA	NA	1
X	152612355	152612356	74	23	NA	NA	NA	NA	NA	NA	NA	unphased	NA	NA	1
X	153641902	153641903	72	21	NA	NA	NA	NA	NA	NA	NA	unphased	NA	NA	1
X	153881590	153881591	38	14	NA	NA	NA	NA	NA	NA	NA	unphased	NA	NA	1
