chr	pos	ref	alt	gene	classification	t_ref_count	t_alt_count	total_depth	vaf	local_cn	major_cn	minor_cn	mcn	multiplicity	ccf	ccf_capped	is_clonal	purity	ploidy
1	1170006	G	A	B3GALT6	3'UTR	93	27	120	0.225	2	1	1	0.7627	1	0.7627	0.7627	False	0.59	2.09
1	1961035	G	A	GABRD	Missense_Mutation	36	4	40	0.1	2	1	1	0.339	1	0.339	0.339	False	0.59	2.09
1	2268231	G	A	MORN1	Silent	40	13	53	0.24528301886792453	2	1	1	0.8315	1	0.8315	0.8315	False	0.59	2.09
1	3383884	T	C	ARHGEF16	Missense_Mutation	8	6	14	0.42857142857142855	2	1	1	1.4528	1	1.4528	1.0	True	0.59	2.09
1	6696192	G	A	DNAJC11	Missense_Mutation	28	11	39	0.28205128205128205	2	1	1	0.9561	1	0.9561	0.9561	True	0.59	2.09
1	7798362	G	T	CAMTA1	Missense_Mutation	51	24	75	0.32	2	1	1	1.0847	1	1.0847	1.0	True	0.59	2.09
1	9323954	G	T	H6PD	Missense_Mutation	46	7	53	0.1320754716981132	2	1	1	0.4477	1	0.4477	0.4477	False	0.59	2.09
1	9791446	C	T	CLSTN1	Missense_Mutation	26	12	38	0.3157894736842105	2	1	1	1.0705	1	1.0705	1.0	True	0.59	2.09
1	10384905	G	A	KIF1B	Missense_Mutation	100	40	140	0.2857142857142857	2	1	1	0.9685	1	0.9685	0.9685	True	0.59	2.09
1	10708092	G	A	CASZ1	Missense_Mutation	40	8	48	0.16666666666666666	2	1	1	0.565	1	0.565	0.565	False	0.59	2.09
1	10720567	C	T	CASZ1	Missense_Mutation	34	10	44	0.22727272727272727	2	1	1	0.7704	1	0.7704	0.7704	False	0.59	2.09
1	11190824	G	A	MTOR	Missense_Mutation	50	29	79	0.3670886075949367	2	1	1	1.2444	1	1.2444	1.0	True	0.59	2.09
1	11585247	G	A	PTCHD2	Missense_Mutation	69	35	104	0.33653846153846156	2	1	1	1.1408	1	1.1408	1.0	True	0.59	2.09
1	12023612	G	A	PLOD1	Missense_Mutation	25	6	31	0.1935483870967742	2	1	1	0.6561	1	0.6561	0.6561	False	0.59	2.09
1	12382625	C	A	VPS13D	Silent	62	27	89	0.30337078651685395	2	1	1	1.0284	1	1.0284	1.0	True	0.59	2.09
1	12776133	T	C	AADACL3	5'Flank	17	12	29	0.41379310344827586	2	1	1	1.4027	1	1.4027	1.0	True	0.59	2.09
1	12939672	C	T	PRAMEF4	Missense_Mutation	32	13	45	0.28888888888888886	2	1	1	0.9793	1	0.9793	0.9793	True	0.59	2.09
1	12952856	C	T	PRAMEF10	Missense_Mutation	60	15	75	0.2	2	1	1	0.678	1	0.678	0.678	False	0.59	2.09
1	16257665	G	A	SPEN	Missense_Mutation	41	9	50	0.18	2	1	1	0.6102	1	0.6102	0.6102	False	0.59	2.09
1	16272313	G	A	ZBTB17	Silent	52	6	58	0.10344827586206896	2	1	1	0.3507	1	0.3507	0.3507	False	0.59	2.09
1	16386472	C	T	FAM131C	Missense_Mutation	47	24	71	0.3380281690140845	2	1	1	1.1459	1	1.1459	1.0	True	0.59	2.09
1	16901088	C	T	NBPF1	Silent	161	12	173	0.06936416184971098	2	1	1	0.2351	1	0.2351	0.2351	False	0.59	2.09
1	17257810	G	A	CROCC	Missense_Mutation	46	20	66	0.30303030303030304	2	1	1	1.0272	1	1.0272	1.0	True	0.59	2.09
1	17318281	C	T	ATP13A2	Silent	48	20	68	0.29411764705882354	2	1	1	0.997	1	0.997	0.997	True	0.59	2.09
1	17550120	G	A	PADI1	Missense_Mutation	39	7	46	0.15217391304347827	2	1	1	0.5158	1	0.5158	0.5158	False	0.59	2.09
1	17559316	T	C	PADI1	Silent	42	20	62	0.3225806451612903	2	1	1	1.0935	1	1.0935	1.0	True	0.59	2.09
1	18661428	C	T	IGSF21	Silent	21	6	27	0.2222222222222222	2	1	1	0.7533	1	0.7533	0.7533	False	0.59	2.09
1	19444329	T	C	UBR4	Silent	23	4	27	0.14814814814814814	2	1	1	0.5022	1	0.5022	0.5022	False	0.59	2.09
1	19487573	T	A	UBR4	Missense_Mutation	58	25	83	0.30120481927710846	2	1	1	1.021	1	1.021	1.0	True	0.59	2.09
1	19500862	G	A	UBR4	Missense_Mutation	27	16	43	0.37209302325581395	2	1	1	1.2613	1	1.2613	1.0	True	0.59	2.09
1	19547286	G	A	EMC1	Missense_Mutation	48	20	68	0.29411764705882354	2	1	1	0.997	1	0.997	0.997	True	0.59	2.09
1	20466002	C	T	PLA2G2F	Missense_Mutation	40	6	46	0.13043478260869565	2	1	1	0.4422	1	0.4422	0.4422	False	0.59	2.09
1	21072034	A	G	HP1BP3	Splice_Site	93	34	127	0.2677165354330709	2	1	1	0.9075	1	0.9075	0.9075	True	0.59	2.09
1	21771647	C	T	NBPF3	Missense_Mutation	44	21	65	0.3230769230769231	2	1	1	1.0952	1	1.0952	1.0	True	0.59	2.09
1	22179253	C	A	HSPG2	Missense_Mutation	34	10	44	0.22727272727272727	2	1	1	0.7704	1	0.7704	0.7704	False	0.59	2.09
1	22179275	G	A	HSPG2	Silent	33	11	44	0.25	2	1	1	0.8475	1	0.8475	0.8475	False	0.59	2.09
1	22332459	T	C	CELA3A	Intron	26	4	30	0.13333333333333333	2	1	1	0.452	1	0.452	0.452	False	0.59	2.09
1	22903081	C	T	EPHA8	Silent	25	16	41	0.3902439024390244	2	1	1	1.3229	1	1.3229	1.0	True	0.59	2.09
1	24180948	G	A	FUCA1	Missense_Mutation	94	42	136	0.3088235294117647	2	1	1	1.0469	1	1.0469	1.0	True	0.59	2.09
1	24407870	G	A	MYOM3	Missense_Mutation	110	41	151	0.271523178807947	2	1	1	0.9204	1	0.9204	0.9204	True	0.59	2.09
1	24424449	C	T	MYOM3	Missense_Mutation	120	46	166	0.27710843373493976	2	1	1	0.9394	1	0.9394	0.9394	True	0.59	2.09
1	24449813	C	T	IL22RA1	Silent	22	10	32	0.3125	2	1	1	1.0593	1	1.0593	1.0	True	0.59	2.09
1	24995930	C	T	SRRM1	Missense_Mutation	44	9	53	0.16981132075471697	2	1	1	0.5756	1	0.5756	0.5756	False	0.59	2.09
1	26689534	G	A	ZNF683	Missense_Mutation	18	16	34	0.47058823529411764	2	1	1	1.5952	1	1.5952	1.0	True	0.59	2.09
1	27105553	C	T	ARID1A	Nonsense_Mutation	165	69	234	0.2948717948717949	2	1	1	0.9996	1	0.9996	0.9996	True	0.59	2.09
1	27332867	G	A	FAM46B	Silent	19	5	24	0.20833333333333334	2	1	1	0.7062	1	0.7062	0.7062	False	0.59	2.09
1	27429731	C	T	SLC9A1	Missense_Mutation	84	18	102	0.17647058823529413	2	1	1	0.5982	1	0.5982	0.5982	False	0.59	2.09
1	27677316	G	A	SYTL1	Missense_Mutation	44	17	61	0.2786885245901639	2	1	1	0.9447	1	0.9447	0.9447	True	0.59	2.09
1	29391606	G	A	EPB41	Missense_Mutation	48	8	56	0.14285714285714285	2	1	1	0.4843	1	0.4843	0.4843	False	0.59	2.09
1	29447269	G	T	TMEM200B	3'UTR	8	4	12	0.3333333333333333	2	1	1	1.1299	1	1.1299	1.0	True	0.59	2.09
1	29447710	C	T	TMEM200B	Missense_Mutation	27	7	34	0.20588235294117646	2	1	1	0.6979	1	0.6979	0.6979	False	0.59	2.09
1	29528475	C	T	MECR	Missense_Mutation	72	26	98	0.2653061224489796	2	1	1	0.8993	1	0.8993	0.8993	True	0.59	2.09
1	33059217	C	T	ZBTB8A	Nonsense_Mutation	70	17	87	0.19540229885057472	2	1	1	0.6624	1	0.6624	0.6624	False	0.59	2.09
1	33354851	C	T	HPCA	Missense_Mutation	38	12	50	0.24	2	1	1	0.8136	1	0.8136	0.8136	False	0.59	2.09
1	33407933	G	A	RNF19B	Silent	90	10	100	0.1	2	1	1	0.339	1	0.339	0.339	False	0.59	2.09
1	33795687	C	A	PHC2	Missense_Mutation	195	35	230	0.15217391304347827	2	1	1	0.5158	1	0.5158	0.5158	False	0.59	2.09
1	36354152	C	T	AGO1	Silent	47	7	54	0.12962962962962962	2	1	1	0.4394	1	0.4394	0.4394	False	0.59	2.09
1	36565763	G	T	COL8A2	Silent	13	7	20	0.35	2	1	1	1.1864	1	1.1864	1.0	True	0.59	2.09
1	36755210	G	T	THRAP3	Missense_Mutation	31	13	44	0.29545454545454547	2	1	1	1.0015	1	1.0015	1.0	True	0.59	2.09
1	36932196	C	A	CSF3R	Missense_Mutation	33	20	53	0.37735849056603776	2	1	1	1.2792	1	1.2792	1.0	True	0.59	2.09
1	37271711	G	A	GRIK3	Missense_Mutation	35	20	55	0.36363636363636365	2	1	1	1.2327	1	1.2327	1.0	True	0.59	2.09
1	37948649	A	G	ZC3H12A	Missense_Mutation	33	20	53	0.37735849056603776	2	1	1	1.2792	1	1.2792	1.0	True	0.59	2.09
1	38227457	G	A	EPHA10	Missense_Mutation	10	7	17	0.4117647058823529	2	1	1	1.3958	1	1.3958	1.0	True	0.59	2.09
1	39801904	G	A	MACF1	Intron	138	13	151	0.08609271523178808	2	1	1	0.2918	1	0.2918	0.2918	False	0.59	2.09
1	39914410	A	G	MACF1	Missense_Mutation	39	20	59	0.3389830508474576	2	1	1	1.1491	1	1.1491	1.0	True	0.59	2.09
1	40214739	A	G	PPIE	Missense_Mutation	41	24	65	0.36923076923076925	2	1	1	1.2516	1	1.2516	1.0	True	0.59	2.09
1	41304269	G	A	KCNQ4	3'UTR	17	9	26	0.34615384615384615	2	1	1	1.1734	1	1.1734	1.0	True	0.59	2.09
1	42922666	T	A	PPCS	Missense_Mutation	19	6	25	0.24	2	1	1	0.8136	1	0.8136	0.8136	False	0.59	2.09
1	43212981	C	T	LEPRE1	Missense_Mutation	15	9	24	0.375	2	1	1	1.2712	1	1.2712	1.0	True	0.59	2.09
1	43772528	C	A	TIE1	Missense_Mutation	24	7	31	0.22580645161290322	2	1	1	0.7654	1	0.7654	0.7654	False	0.59	2.09
1	43898252	G	A	SZT2	Missense_Mutation	37	14	51	0.27450980392156865	2	1	1	0.9305	1	0.9305	0.9305	True	0.59	2.09
1	44010722	G	A	PTPRF	5'UTR	34	7	41	0.17073170731707318	2	1	1	0.5788	1	0.5788	0.5788	False	0.59	2.09
1	44069403	C	T	PTPRF	Silent	23	9	32	0.28125	2	1	1	0.9534	1	0.9534	0.9534	True	0.59	2.09
1	45253079	C	T	BEST4	Missense_Mutation	40	18	58	0.3103448275862069	2	1	1	1.052	1	1.052	1.0	True	0.59	2.09
1	46499854	C	G	MAST2	Missense_Mutation	37	17	54	0.3148148148148148	2	1	1	1.0672	1	1.0672	1.0	True	0.59	2.09
1	46654443	C	A	POMGNT1	Missense_Mutation	58	16	74	0.21621621621621623	2	1	1	0.7329	1	0.7329	0.7329	False	0.59	2.09
1	46726478	G	A	RAD54L	Missense_Mutation	34	14	48	0.2916666666666667	2	1	1	0.9887	1	0.9887	0.9887	True	0.59	2.09
1	52850925	A	T	ORC1	Silent	61	30	91	0.32967032967032966	2	1	1	1.1175	1	1.1175	1.0	True	0.59	2.09
1	52981558	T	C	ZCCHC11	Intron	163	82	245	0.3346938775510204	2	1	1	1.1346	1	1.1346	1.0	True	0.59	2.09
1	54684006	G	A	MRPL37	3'UTR	23	14	37	0.3783783783783784	2	1	1	1.2826	1	1.2826	1.0	True	0.59	2.09
1	57171868	T	G	PRKAA2	Missense_Mutation	30	7	37	0.1891891891891892	2	1	1	0.6413	1	0.6413	0.6413	False	0.59	2.09
1	57216797	T	A	C1orf168	Missense_Mutation	29	21	50	0.42	2	1	1	1.4237	1	1.4237	1.0	True	0.59	2.09
1	70505345	G	A	LRRC7	Missense_Mutation	17	13	30	0.43333333333333335	2	1	1	1.4689	1	1.4689	1.0	True	0.59	2.09
1	70505347	C	A	LRRC7	Missense_Mutation	18	13	31	0.41935483870967744	2	1	1	1.4215	1	1.4215	1.0	True	0.59	2.09
1	70904920	G	A	CTH	3'UTR	23	11	34	0.3235294117647059	2	1	1	1.0967	1	1.0967	1.0	True	0.59	2.09
1	71513010	C	T	PTGER3	Missense_Mutation	43	6	49	0.12244897959183673	2	1	1	0.4151	1	0.4151	0.4151	False	0.59	2.09
1	72058499	C	T	NEGR1	Splice_Site	36	4	40	0.1	2	1	1	0.339	1	0.339	0.339	False	0.59	2.09
1	75038681	C	A	C1orf173	Missense_Mutation	45	16	61	0.26229508196721313	2	1	1	0.8891	1	0.8891	0.8891	True	0.59	2.09
1	75716909	A	G	SLC44A5	Missense_Mutation	29	14	43	0.32558139534883723	2	1	1	1.1037	1	1.1037	1.0	True	0.59	2.09
1	77334257	G	T	ST6GALNAC5	Missense_Mutation	53	24	77	0.3116883116883117	2	1	1	1.0566	1	1.0566	1.0	True	0.59	2.09
1	86896606	T	C	CLCA2	Silent	81	43	124	0.3467741935483871	2	1	1	1.1755	1	1.1755	1.0	True	0.59	2.09
1	89237488	C	T	PKN2	Missense_Mutation	72	40	112	0.35714285714285715	2	1	1	1.2107	1	1.2107	1.0	True	0.59	2.09
1	90473298	C	T	ZNF326	Nonsense_Mutation	36	6	42	0.14285714285714285	2	1	1	0.4843	1	0.4843	0.4843	False	0.59	2.09
1	91726610	C	A	HFM1	3'UTR	35	21	56	0.375	2	1	1	1.2712	1	1.2712	1.0	True	0.59	2.09
1	92636956	C	T	KIAA1107	Missense_Mutation	170	16	186	0.08602150537634409	2	1	1	0.2916	1	0.2916	0.2916	False	0.59	2.09
1	92946010	G	A	GFI1	Silent	11	4	15	0.26666666666666666	2	1	1	0.904	1	0.904	0.904	True	0.59	2.09
1	94037299	C	T	BCAR3	Silent	37	22	59	0.3728813559322034	2	1	1	1.264	1	1.264	1.0	True	0.59	2.09
1	97243426	T	A	PTBP2	Missense_Mutation	159	23	182	0.12637362637362637	2	1	1	0.4284	1	0.4284	0.4284	False	0.59	2.09
1	109242140	A	G	PRPF38B	Missense_Mutation	59	15	74	0.20270270270270271	2	1	1	0.6871	1	0.6871	0.6871	False	0.59	2.09
1	109321907	G	T	STXBP3	Splice_Site	88	11	99	0.1111111111111111	2	1	1	0.3766	1	0.3766	0.3766	False	0.59	2.09
1	109734346	A	C	KIAA1324	Splice_Site	24	11	35	0.3142857142857143	2	1	1	1.0654	1	1.0654	1.0	True	0.59	2.09
1	111737281	C	T	DENND2D	Missense_Mutation	67	16	83	0.1927710843373494	2	1	1	0.6535	1	0.6535	0.6535	False	0.59	2.09
1	111857907	T	C	CHIA	Silent	43	18	61	0.29508196721311475	2	1	1	1.0003	1	1.0003	1.0	True	0.59	2.09
1	112042693	G	T	ADORA3	Intron	51	18	69	0.2608695652173913	2	1	1	0.8843	1	0.8843	0.8843	True	0.59	2.09
1	112524506	G	A	KCND3	Silent	21	14	35	0.4	2	1	1	1.3559	1	1.3559	1.0	True	0.59	2.09
1	113238788	G	A	MOV10	Missense_Mutation	53	5	58	0.08620689655172414	2	1	1	0.2922	1	0.2922	0.2922	False	0.59	2.09
1	115128054	A	T	DENND2C	3'UTR	26	14	40	0.35	2	1	1	1.1864	1	1.1864	1.0	True	0.59	2.09
1	116676081	G	T	MAB21L3	3'UTR	13	3	16	0.1875	2	1	1	0.6356	1	0.6356	0.6356	False	0.59	2.09
1	117159045	C	A	IGSF3	Missense_Mutation	25	8	33	0.24242424242424243	2	1	1	0.8218	1	0.8218	0.8218	False	0.59	2.09
1	117661060	A	T	TRIM45	Missense_Mutation	60	16	76	0.21052631578947367	2	1	1	0.7136	1	0.7136	0.7136	False	0.59	2.09
1	117699582	C	A	VTCN1	Intron	15	7	22	0.3181818181818182	2	1	1	1.0786	1	1.0786	1.0	True	0.59	2.09
1	120506309	G	A	NOTCH2	Silent	45	13	58	0.22413793103448276	2	1	1	0.7598	1	0.7598	0.7598	False	0.59	2.09
1	144598692	G	A	RP11-640M9.2	RNA	69	9	78	0.11538461538461539	2	1	1	0.3911	1	0.3911	0.3911	False	0.59	2.09
1	145248825	G	A	NOTCH2NL	5'UTR	994	84	1078	0.07792207792207792	2	1	1	0.2641	1	0.2641	0.2641	False	0.59	2.09
1	146680498	C	T	FMO5	Missense_Mutation	105	52	157	0.33121019108280253	2	1	1	1.1227	1	1.1227	1.0	True	0.59	2.09
1	150039916	T	C	VPS45	Translation_Start_Site	61	17	78	0.21794871794871795	2	1	1	0.7388	1	0.7388	0.7388	False	0.59	2.09
1	150477165	G	A	TARS2	Silent	42	15	57	0.2631578947368421	2	1	1	0.8921	1	0.8921	0.8921	True	0.59	2.09
1	150737124	T	C	CTSS	Missense_Mutation	107	53	160	0.33125	2	1	1	1.1229	1	1.1229	1.0	True	0.59	2.09
1	151318748	C	G	RFX5	Missense_Mutation	28	13	41	0.3170731707317073	2	1	1	1.0748	1	1.0748	1.0	True	0.59	2.09
1	151491308	T	C	CGN	Missense_Mutation	32	9	41	0.21951219512195122	2	1	1	0.7441	1	0.7441	0.7441	False	0.59	2.09
1	151787890	C	T	RORC	Missense_Mutation	50	25	75	0.3333333333333333	2	1	1	1.1299	1	1.1299	1.0	True	0.59	2.09
1	152282490	C	A	FLG	Missense_Mutation	242	22	264	0.08333333333333333	2	1	1	0.2825	1	0.2825	0.2825	False	0.59	2.09
1	152328587	A	G	FLG2	Missense_Mutation	87	40	127	0.31496062992125984	2	1	1	1.0677	1	1.0677	1.0	True	0.59	2.09
1	152733792	T	C	KPRP	Silent	60	20	80	0.25	2	1	1	0.8475	1	0.8475	0.8475	False	0.59	2.09
1	152883707	C	A	IVL	Silent	88	28	116	0.2413793103448276	2	1	1	0.8182	1	0.8182	0.8182	False	0.59	2.09
1	154185009	C	T	C1orf43	Silent	73	9	82	0.10975609756097561	2	1	1	0.3721	1	0.3721	0.3721	False	0.59	2.09
1	154304153	C	T	ATP8B2	Missense_Mutation	78	19	97	0.1958762886597938	2	1	1	0.664	1	0.664	0.664	False	0.59	2.09
1	154458516	G	A	SHE	Missense_Mutation	22	9	31	0.2903225806451613	2	1	1	0.9841	1	0.9841	0.9841	True	0.59	2.09
1	154474126	G	A	SHE	Missense_Mutation	38	11	49	0.22448979591836735	2	1	1	0.761	1	0.761	0.761	False	0.59	2.09
1	154960586	C	G	FLAD1	Missense_Mutation	86	50	136	0.36764705882352944	2	1	1	1.2463	1	1.2463	1.0	True	0.59	2.09
1	155041640	C	G	EFNA4	Missense_Mutation	20	7	27	0.25925925925925924	2	1	1	0.8788	1	0.8788	0.8788	True	0.59	2.09
1	155291778	C	T	RUSC1	Missense_Mutation	19	9	28	0.32142857142857145	2	1	1	1.0896	1	1.0896	1.0	True	0.59	2.09
1	155582230	C	T	MSTO1	Missense_Mutation	98	39	137	0.2846715328467153	2	1	1	0.965	1	0.965	0.965	True	0.59	2.09
1	156230308	C	T	SMG5	Silent	26	13	39	0.3333333333333333	2	1	1	1.1299	1	1.1299	1.0	True	0.59	2.09
1	156498868	G	A	IQGAP3	Missense_Mutation	87	55	142	0.3873239436619718	2	1	1	1.313	1	1.313	1.0	True	0.59	2.09
1	156697079	G	A	ISG20L2	Silent	81	26	107	0.24299065420560748	2	1	1	0.8237	1	0.8237	0.8237	False	0.59	2.09
1	156815476	C	A	INSRR	Missense_Mutation	47	19	66	0.2878787878787879	2	1	1	0.9759	1	0.9759	0.9759	True	0.59	2.09
1	157067693	C	T	ETV3L	Missense_Mutation	42	18	60	0.3	2	1	1	1.0169	1	1.0169	1.0	True	0.59	2.09
1	158151958	C	A	CD1D	Silent	90	43	133	0.3233082706766917	2	1	1	1.096	1	1.096	1.0	True	0.59	2.09
1	158326601	G	A	CD1E	Missense_Mutation	45	20	65	0.3076923076923077	2	1	1	1.043	1	1.043	1.0	True	0.59	2.09
1	159021627	T	C	IFI16	Silent	32	27	59	0.4576271186440678	2	1	1	1.5513	1	1.5513	1.0	True	0.59	2.09
1	159032423	A	G	AIM2	3'UTR	150	66	216	0.3055555555555556	2	1	1	1.0358	1	1.0358	1.0	True	0.59	2.09
1	159163732	T	G	CADM3	Missense_Mutation	64	6	70	0.08571428571428572	2	1	1	0.2906	1	0.2906	0.2906	False	0.59	2.09
1	159409871	G	A	OR10J1	Missense_Mutation	32	10	42	0.23809523809523808	2	1	1	0.8071	1	0.8071	0.8071	False	0.59	2.09
1	159410501	A	T	OR10J1	Missense_Mutation	29	6	35	0.17142857142857143	2	1	1	0.5811	1	0.5811	0.5811	False	0.59	2.09
1	160012130	G	A	KCNJ10	Missense_Mutation	56	27	83	0.3253012048192771	2	1	1	1.1027	1	1.1027	1.0	True	0.59	2.09
1	160057492	G	A	KCNJ9	Missense_Mutation	14	5	19	0.2631578947368421	2	1	1	0.8921	1	0.8921	0.8921	True	0.59	2.09
1	160249260	C	T	PEX19	3'UTR	19	5	24	0.20833333333333334	2	1	1	0.7062	1	0.7062	0.7062	False	0.59	2.09
1	161721524	C	A	DUSP12	Silent	226	137	363	0.3774104683195592	2	1	1	1.2794	1	1.2794	1.0	True	0.59	2.09
1	162353316	C	T	C1orf226	Missense_Mutation	40	24	64	0.375	2	1	1	1.2712	1	1.2712	1.0	True	0.59	2.09
1	165324831	A	C	LMX1A	Intron	23	9	32	0.28125	2	1	1	0.9534	1	0.9534	0.9534	True	0.59	2.09
1	167096962	G	A	DUSP27	Missense_Mutation	31	17	48	0.3541666666666667	2	1	1	1.2006	1	1.2006	1.0	True	0.59	2.09
1	169961336	C	T	KIFAP3	Missense_Mutation	159	63	222	0.28378378378378377	2	1	1	0.962	1	0.962	0.962	True	0.59	2.09
1	174363243	A	G	RABGAP1L	Missense_Mutation	23	7	30	0.23333333333333334	2	1	1	0.791	1	0.791	0.791	False	0.59	2.09
1	174670261	G	A	RABGAP1L	Intron	164	30	194	0.15463917525773196	2	1	1	0.5242	1	0.5242	0.5242	False	0.59	2.09
1	174957845	C	T	RABGAP1L	Missense_Mutation	52	19	71	0.2676056338028169	2	1	1	0.9071	1	0.9071	0.9071	True	0.59	2.09
1	177249754	A	C	BRINP2	Missense_Mutation	53	19	72	0.2638888888888889	2	1	1	0.8945	1	0.8945	0.8945	True	0.59	2.09
1	180804065	C	T	XPR1	Missense_Mutation	38	21	59	0.3559322033898305	2	1	1	1.2065	1	1.2065	1.0	True	0.59	2.09
1	181705433	A	C	CACNA1E	Missense_Mutation	60	12	72	0.16666666666666666	2	1	1	0.565	1	0.565	0.565	False	0.59	2.09
1	181705472	G	T	CACNA1E	Missense_Mutation	63	35	98	0.35714285714285715	2	1	1	1.2107	1	1.2107	1.0	True	0.59	2.09
1	182443442	T	G	RGSL1	Missense_Mutation	68	18	86	0.20930232558139536	2	1	1	0.7095	1	0.7095	0.7095	False	0.59	2.09
1	182850714	C	T	DHX9	Missense_Mutation	88	12	100	0.12	2	1	1	0.4068	1	0.4068	0.4068	False	0.59	2.09
1	183099670	G	A	LAMC1	Missense_Mutation	30	20	50	0.4	2	1	1	1.3559	1	1.3559	1.0	True	0.59	2.09
1	185270600	A	G	IVNS1ABP	Silent	97	35	132	0.26515151515151514	2	1	1	0.8988	1	0.8988	0.8988	True	0.59	2.09
1	196918746	G	C	CFHR2	Missense_Mutation	129	25	154	0.16233766233766234	2	1	1	0.5503	1	0.5503	0.5503	False	0.59	2.09
1	200956173	G	A	KIF21B	Missense_Mutation	39	18	57	0.3157894736842105	2	1	1	1.0705	1	1.0705	1.0	True	0.59	2.09
1	201061233	G	A	CACNA1S	Silent	71	27	98	0.2755102040816326	2	1	1	0.9339	1	0.9339	0.9339	True	0.59	2.09
1	202409899	T	C	PPP1R12B	Silent	66	26	92	0.2826086956521739	2	1	1	0.958	1	0.958	0.958	True	0.59	2.09
1	203317191	G	A	FMOD	Missense_Mutation	39	22	61	0.36065573770491804	2	1	1	1.2226	1	1.2226	1.0	True	0.59	2.09
1	204217946	T	C	PLEKHA6	Intron	41	31	72	0.4305555555555556	2	1	1	1.4595	1	1.4595	1.0	True	0.59	2.09
1	204379492	C	T	PPP1R15B	Missense_Mutation	99	42	141	0.2978723404255319	2	1	1	1.0097	1	1.0097	1.0	True	0.59	2.09
1	204438849	C	T	PIK3C2B	Missense_Mutation	66	46	112	0.4107142857142857	2	1	1	1.3923	1	1.3923	1.0	True	0.59	2.09
1	205312716	A	G	KLHDC8A	Missense_Mutation	11	8	19	0.42105263157894735	2	1	1	1.4273	1	1.4273	1.0	True	0.59	2.09
1	206328752	C	T	CTSE	Silent	50	12	62	0.1935483870967742	2	1	1	0.6561	1	0.6561	0.6561	False	0.59	2.09
1	210796871	C	T	HHAT	Missense_Mutation	53	5	58	0.08620689655172414	2	1	1	0.2922	1	0.2922	0.2922	False	0.59	2.09
1	212798685	G	A	FAM71A	Missense_Mutation	43	11	54	0.2037037037037037	2	1	1	0.6905	1	0.6905	0.6905	False	0.59	2.09
1	215759842	A	G	KCTD3	Missense_Mutation	48	9	57	0.15789473684210525	2	1	1	0.5352	1	0.5352	0.5352	False	0.59	2.09
1	215914871	C	T	USH2A	Missense_Mutation	23	15	38	0.39473684210526316	2	1	1	1.3381	1	1.3381	1.0	True	0.59	2.09
1	216424243	A	G	USH2A	Splice_Site	74	13	87	0.14942528735632185	2	1	1	0.5065	1	0.5065	0.5065	False	0.59	2.09
1	220870029	G	A	C1orf115	Missense_Mutation	43	22	65	0.3384615384615385	2	1	1	1.1473	1	1.1473	1.0	True	0.59	2.09
1	223934705	C	T	CAPN2	Silent	44	15	59	0.2542372881355932	2	1	1	0.8618	1	0.8618	0.8618	True	0.59	2.09
1	227076673	C	T	PSEN2	Missense_Mutation	104	24	128	0.1875	2	1	1	0.6356	1	0.6356	0.6356	False	0.59	2.09
1	228399555	G	A	OBSCN	Missense_Mutation	21	8	29	0.27586206896551724	2	1	1	0.9351	1	0.9351	0.9351	True	0.59	2.09
1	228462128	C	T	OBSCN	Missense_Mutation	35	5	40	0.125	2	1	1	0.4237	1	0.4237	0.4237	False	0.59	2.09
1	228470777	C	T	OBSCN	Silent	46	13	59	0.22033898305084745	2	1	1	0.7469	1	0.7469	0.7469	False	0.59	2.09
1	229462906	C	G	CCSAP	Intron	23	6	29	0.20689655172413793	2	1	1	0.7013	1	0.7013	0.7013	False	0.59	2.09
1	229772040	G	A	URB2	Silent	40	29	69	0.42028985507246375	2	1	1	1.4247	1	1.4247	1.0	True	0.59	2.09
1	230914820	C	T	CAPN9	Missense_Mutation	27	9	36	0.25	2	1	1	0.8475	1	0.8475	0.8475	False	0.59	2.09
1	231401098	C	T	GNPAT	Missense_Mutation	112	44	156	0.28205128205128205	2	1	1	0.9561	1	0.9561	0.9561	True	0.59	2.09
1	231409687	A	G	GNPAT	Missense_Mutation	44	17	61	0.2786885245901639	2	1	1	0.9447	1	0.9447	0.9447	True	0.59	2.09
1	232575201	C	T	SIPA1L2	Silent	90	14	104	0.1346153846153846	2	1	1	0.4563	1	0.4563	0.4563	False	0.59	2.09
1	233122230	G	A	PCNXL2	Missense_Mutation	32	10	42	0.23809523809523808	2	1	1	0.8071	1	0.8071	0.8071	False	0.59	2.09
1	235613378	G	A	B3GALNT2	3'UTR	18	6	24	0.25	2	1	1	0.8475	1	0.8475	0.8475	False	0.59	2.09
1	235969261	C	T	LYST	Missense_Mutation	93	32	125	0.256	2	1	1	0.8678	1	0.8678	0.8678	True	0.59	2.09
1	236212202	C	T	NID1	Missense_Mutation	21	4	25	0.16	2	1	1	0.5424	1	0.5424	0.5424	False	0.59	2.09
1	236740153	G	A	HEATR1	Missense_Mutation	37	18	55	0.32727272727272727	2	1	1	1.1094	1	1.1094	1.0	True	0.59	2.09
1	237586430	G	A	RYR2	Missense_Mutation	93	44	137	0.32116788321167883	2	1	1	1.0887	1	1.0887	1.0	True	0.59	2.09
1	237753255	G	T	RYR2	Missense_Mutation	75	13	88	0.14772727272727273	2	1	1	0.5008	1	0.5008	0.5008	False	0.59	2.09
1	237886544	G	A	RYR2	Silent	35	7	42	0.16666666666666666	2	1	1	0.565	1	0.565	0.565	False	0.59	2.09
1	237936941	A	G	RYR2	Missense_Mutation	23	12	35	0.34285714285714286	2	1	1	1.1622	1	1.1622	1.0	True	0.59	2.09
1	240071655	C	T	CHRM3	Missense_Mutation	33	9	42	0.21428571428571427	2	1	1	0.7264	1	0.7264	0.7264	False	0.59	2.09
1	240370456	T	C	FMN2	Missense_Mutation	36	10	46	0.21739130434782608	2	1	1	0.7369	1	0.7369	0.7369	False	0.59	2.09
1	240656311	G	A	GREM2	Silent	32	9	41	0.21951219512195122	2	1	1	0.7441	1	0.7441	0.7441	False	0.59	2.09
1	242042273	G	A	EXO1	Silent	70	33	103	0.32038834951456313	2	1	1	1.0861	1	1.0861	1.0	True	0.59	2.09
1	242511457	C	T	PLD5	Missense_Mutation	53	22	75	0.29333333333333333	2	1	1	0.9944	1	0.9944	0.9944	True	0.59	2.09
1	243419541	G	A	SDCCAG8	Silent	37	10	47	0.2127659574468085	2	1	1	0.7212	1	0.7212	0.7212	False	0.59	2.09
1	244214667	C	T	ZBTB18	5'UTR	73	8	81	0.09876543209876543	2	1	1	0.3348	1	0.3348	0.3348	False	0.59	2.09
1	247025323	G	A	AHCTF1	Nonsense_Mutation	170	57	227	0.2511013215859031	2	1	1	0.8512	1	0.8512	0.8512	True	0.59	2.09
1	247081570	G	A	AHCTF1	Missense_Mutation	195	63	258	0.2441860465116279	2	1	1	0.8277	1	0.8277	0.8277	False	0.59	2.09
1	247752398	C	T	OR2G2	Missense_Mutation	114	50	164	0.3048780487804878	2	1	1	1.0335	1	1.0335	1.0	True	0.59	2.09
1	247921554	T	C	OR1C1	Missense_Mutation	46	21	67	0.31343283582089554	2	1	1	1.0625	1	1.0625	1.0	True	0.59	2.09
1	248512475	C	T	OR14C36	Silent	53	21	74	0.28378378378378377	2	1	1	0.962	1	0.962	0.962	True	0.59	2.09
2	45589	C	T	FAM110C	Missense_Mutation	36	28	64	0.4375	2	1	1	1.4831	1	1.4831	1.0	True	0.59	2.09
2	1843058	C	T	MYT1L	Silent	48	12	60	0.2	2	1	1	0.678	1	0.678	0.678	False	0.59	2.09
2	3392292	A	G	TRAPPC12	Missense_Mutation	29	8	37	0.21621621621621623	2	1	1	0.7329	1	0.7329	0.7329	False	0.59	2.09
2	6991673	A	T	CMPK2	Missense_Mutation	119	28	147	0.19047619047619047	2	1	1	0.6457	1	0.6457	0.6457	False	0.59	2.09
2	9543421	T	A	ASAP2	Missense_Mutation	131	15	146	0.10273972602739725	2	1	1	0.3483	1	0.3483	0.3483	False	0.59	2.09
2	9543423	C	A	ASAP2	Missense_Mutation	119	35	154	0.22727272727272727	2	1	1	0.7704	1	0.7704	0.7704	False	0.59	2.09
2	10192595	C	T	KLF11	Silent	34	4	38	0.10526315789473684	2	1	1	0.3568	1	0.3568	0.3568	False	0.59	2.09
2	21233245	G	T	APOB	Silent	43	11	54	0.2037037037037037	2	1	1	0.6905	1	0.6905	0.6905	False	0.59	2.09
2	21233251	G	T	APOB	Silent	45	11	56	0.19642857142857142	2	1	1	0.6659	1	0.6659	0.6659	False	0.59	2.09
2	21234616	T	C	APOB	Silent	55	18	73	0.2465753424657534	2	1	1	0.8358	1	0.8358	0.8358	False	0.59	2.09
2	24526713	G	A	ITSN2	Missense_Mutation	45	14	59	0.23728813559322035	2	1	1	0.8044	1	0.8044	0.8044	False	0.59	2.09
2	25472582	G	A	DNMT3A	Intron	114	57	171	0.3333333333333333	2	1	1	1.1299	1	1.1299	1.0	True	0.59	2.09
2	26435330	A	T	HADHA	Intron	17	13	30	0.43333333333333335	2	1	1	1.4689	1	1.4689	1.0	True	0.59	2.09
2	27352228	G	A	ABHD1	Missense_Mutation	29	20	49	0.40816326530612246	2	1	1	1.3836	1	1.3836	1.0	True	0.59	2.09
2	27439484	G	A	ATRAID	Missense_Mutation	151	83	234	0.3547008547008547	2	1	1	1.2024	1	1.2024	1.0	True	0.59	2.09
2	27601720	G	A	ZNF513	Missense_Mutation	21	13	34	0.38235294117647056	2	1	1	1.2961	1	1.2961	1.0	True	0.59	2.09
2	27677525	G	A	IFT172	Missense_Mutation	61	41	102	0.4019607843137255	2	1	1	1.3626	1	1.3626	1.0	True	0.59	2.09
2	30976009	T	A	CAPN13	Missense_Mutation	68	6	74	0.08108108108108109	2	1	1	0.2749	1	0.2749	0.2749	False	0.59	2.09
2	31414847	C	T	CAPN14	Missense_Mutation	39	6	45	0.13333333333333333	2	1	1	0.452	1	0.452	0.452	False	0.59	2.09
2	33622217	G	A	LTBP1	Missense_Mutation	81	39	120	0.325	2	1	1	1.1017	1	1.1017	1.0	True	0.59	2.09
2	39095410	T	C	DHX57	Silent	42	20	62	0.3225806451612903	2	1	1	1.0935	1	1.0935	1.0	True	0.59	2.09
2	40656327	C	T	SLC8A1	Missense_Mutation	40	17	57	0.2982456140350877	2	1	1	1.011	1	1.011	1.0	True	0.59	2.09
2	48873757	A	G	STON1-GTF2A1L	Missense_Mutation	97	9	106	0.08490566037735849	2	1	1	0.2878	1	0.2878	0.2878	False	0.59	2.09
2	48950667	A	C	LHCGR	Missense_Mutation	42	12	54	0.2222222222222222	2	1	1	0.7533	1	0.7533	0.7533	False	0.59	2.09
2	50724496	A	C	NRXN1	Missense_Mutation	19	4	23	0.17391304347826086	2	1	1	0.5895	1	0.5895	0.5895	False	0.59	2.09
2	54081849	C	T	GPR75	Silent	73	30	103	0.2912621359223301	2	1	1	0.9873	1	0.9873	0.9873	True	0.59	2.09
2	58468420	C	T	FANCL	Missense_Mutation	20	10	30	0.3333333333333333	2	1	1	1.1299	1	1.1299	1.0	True	0.59	2.09
2	61014654	A	G	PAPOLG	Missense_Mutation	70	36	106	0.33962264150943394	2	1	1	1.1513	1	1.1513	1.0	True	0.59	2.09
2	61417459	A	G	USP34	Missense_Mutation	61	28	89	0.3146067415730337	2	1	1	1.0665	1	1.0665	1.0	True	0.59	2.09
2	68691336	T	C	FBXO48	3'UTR	76	6	82	0.07317073170731707	2	1	1	0.248	1	0.248	0.248	False	0.59	2.09
2	68872882	G	A	PROKR1	5'UTR	25	5	30	0.16666666666666666	2	1	1	0.565	1	0.565	0.565	False	0.59	2.09
2	69207131	C	T	GKN1	Silent	43	22	65	0.3384615384615385	2	1	1	1.1473	1	1.1473	1.0	True	0.59	2.09
2	70188239	C	A	ASPRV1	Missense_Mutation	21	5	26	0.19230769230769232	2	1	1	0.6519	1	0.6519	0.6519	False	0.59	2.09
2	70188512	C	T	ASPRV1	Silent	34	6	40	0.15	2	1	1	0.5085	1	0.5085	0.5085	False	0.59	2.09
2	73519428	C	T	EGR4	Silent	26	4	30	0.13333333333333333	2	1	1	0.452	1	0.452	0.452	False	0.59	2.09
2	73676552	G	A	ALMS1	Silent	36	7	43	0.16279069767441862	2	1	1	0.5518	1	0.5518	0.5518	False	0.59	2.09
2	74317025	C	T	TET3	Missense_Mutation	63	6	69	0.08695652173913043	2	1	1	0.2948	1	0.2948	0.2948	False	0.59	2.09
2	74688005	A	G	WBP1	3'UTR	15	5	20	0.25	2	1	1	0.8475	1	0.8475	0.8475	False	0.59	2.09
2	74708664	T	A	CCDC142	Silent	52	6	58	0.10344827586206896	2	1	1	0.3507	1	0.3507	0.3507	False	0.59	2.09
2	85598241	G	A	ELMOD3	Silent	34	6	40	0.15	2	1	1	0.5085	1	0.5085	0.5085	False	0.59	2.09
2	88857327	C	T	EIF2AK3	Missense_Mutation	108	27	135	0.2	2	1	1	0.678	1	0.678	0.678	False	0.59	2.09
2	89087857	C	A	ANKRD36BP2	RNA	43	14	57	0.24561403508771928	2	1	1	0.8326	1	0.8326	0.8326	False	0.59	2.09
2	90212166	G	A	IGKV3D-11	Silent	151	62	213	0.29107981220657275	2	1	1	0.9867	1	0.9867	0.9867	True	0.59	2.09
2	95940438	G	A	PROM2	Silent	28	12	40	0.3	2	1	1	1.0169	1	1.0169	1.0	True	0.59	2.09
2	97749489	C	A	FAHD2B	3'UTR	66	15	81	0.18518518518518517	2	1	1	0.6277	1	0.6277	0.6277	False	0.59	2.09
2	98196931	A	G	ANKRD36B	RNA	289	83	372	0.22311827956989247	2	1	1	0.7563	1	0.7563	0.7563	False	0.59	2.09
2	98409299	C	T	TMEM131	Missense_Mutation	72	17	89	0.19101123595505617	2	1	1	0.6475	1	0.6475	0.6475	False	0.59	2.09
2	98750294	G	A	VWA3B	Missense_Mutation	25	10	35	0.2857142857142857	2	1	1	0.9685	1	0.9685	0.9685	True	0.59	2.09
2	100019566	G	A	REV1	Missense_Mutation	47	18	65	0.27692307692307694	2	1	1	0.9387	1	0.9387	0.9387	True	0.59	2.09
2	103325088	G	A	SLC9A2	3'UTR	7	3	10	0.3	2	1	1	1.0169	1	1.0169	1.0	True	0.59	2.09
2	109271485	G	A	LIMS1	5'Flank	84	32	116	0.27586206896551724	2	1	1	0.9351	1	0.9351	0.9351	True	0.59	2.09
2	109379946	C	A	RANBP2	Missense_Mutation	49	10	59	0.1694915254237288	2	1	1	0.5745	1	0.5745	0.5745	False	0.59	2.09
2	110065682	C	T	SH3RF3	Missense_Mutation	57	23	80	0.2875	2	1	1	0.9746	1	0.9746	0.9746	True	0.59	2.09
2	112751921	G	A	MERTK	Missense_Mutation	53	24	77	0.3116883116883117	2	1	1	1.0566	1	1.0566	1.0	True	0.59	2.09
2	113317051	C	T	POLR1B	Silent	106	13	119	0.1092436974789916	2	1	1	0.3703	1	0.3703	0.3703	False	0.59	2.09
2	114257044	C	T	FOXD4L1	Nonsense_Mutation	73	39	112	0.3482142857142857	2	1	1	1.1804	1	1.1804	1.0	True	0.59	2.09
2	115919766	C	T	DPP10	Intron	22	7	29	0.2413793103448276	2	1	1	0.8182	1	0.8182	0.8182	False	0.59	2.09
2	118586995	A	G	DDX18	Missense_Mutation	192	29	221	0.13122171945701358	2	1	1	0.4448	1	0.4448	0.4448	False	0.59	2.09
2	119915183	C	T	C1QL2	Silent	45	18	63	0.2857142857142857	2	1	1	0.9685	1	0.9685	0.9685	True	0.59	2.09
2	120128318	C	T	DBI	Missense_Mutation	83	17	100	0.17	2	1	1	0.5763	1	0.5763	0.5763	False	0.59	2.09
2	120658363	C	T	PTPN4	Nonsense_Mutation	155	67	222	0.30180180180180183	2	1	1	1.0231	1	1.0231	1.0	True	0.59	2.09
2	120836148	T	C	EPB41L5	Missense_Mutation	58	12	70	0.17142857142857143	2	1	1	0.5811	1	0.5811	0.5811	False	0.59	2.09
2	125320873	A	C	CNTNAP5	Missense_Mutation	57	7	64	0.109375	2	1	1	0.3708	1	0.3708	0.3708	False	0.59	2.09
2	128016906	A	T	ERCC3	Missense_Mutation	25	6	31	0.1935483870967742	2	1	1	0.6561	1	0.6561	0.6561	False	0.59	2.09
2	128081791	G	T	MAP3K2	Missense_Mutation	140	58	198	0.29292929292929293	2	1	1	0.993	1	0.993	0.993	True	0.59	2.09
2	128381771	G	A	MYO7B	Missense_Mutation	12	16	28	0.5714285714285714	2	1	1	1.937	1	1.937	1.0	True	0.59	2.09
2	129025879	G	A	HS6ST1	Silent	119	20	139	0.14388489208633093	2	1	1	0.4877	1	0.4877	0.4877	False	0.59	2.09
2	130737455	G	A	RAB6C	5'UTR	8	6	14	0.42857142857142855	2	1	1	1.4528	1	1.4528	1.0	True	0.59	2.09
2	130912022	A	G	SMPD4	Missense_Mutation	108	19	127	0.14960629921259844	2	1	1	0.5071	1	0.5071	0.5071	False	0.59	2.09
2	131521412	A	C	AMER3	Silent	34	21	55	0.38181818181818183	2	1	1	1.2943	1	1.2943	1.0	True	0.59	2.09
2	131523030	G	A	AMER3	3'UTR	31	16	47	0.3404255319148936	2	1	1	1.154	1	1.154	1.0	True	0.59	2.09
2	133540888	C	T	NCKAP5	Missense_Mutation	244	21	265	0.07924528301886792	2	1	1	0.2686	1	0.2686	0.2686	False	0.59	2.09
2	133542069	T	C	NCKAP5	Missense_Mutation	103	25	128	0.1953125	2	1	1	0.6621	1	0.6621	0.6621	False	0.59	2.09
2	137639861	A	C	THSD7B	Missense_Mutation	41	20	61	0.32786885245901637	2	1	1	1.1114	1	1.1114	1.0	True	0.59	2.09
2	138376053	A	C	THSD7B	Silent	41	24	65	0.36923076923076925	2	1	1	1.2516	1	1.2516	1.0	True	0.59	2.09
2	145157095	A	G	ZEB2	Silent	48	21	69	0.30434782608695654	2	1	1	1.0317	1	1.0317	1.0	True	0.59	2.09
2	145157304	A	C	ZEB2	Missense_Mutation	24	19	43	0.4418604651162791	2	1	1	1.4978	1	1.4978	1.0	True	0.59	2.09
2	152319432	A	G	RIF1	Missense_Mutation	104	40	144	0.2777777777777778	2	1	1	0.9416	1	0.9416	0.9416	True	0.59	2.09
2	152698457	G	A	CACNB4	Missense_Mutation	82	14	96	0.14583333333333334	2	1	1	0.4944	1	0.4944	0.4944	False	0.59	2.09
2	158272228	G	A	CYTIP	Silent	146	20	166	0.12048192771084337	2	1	1	0.4084	1	0.4084	0.4084	False	0.59	2.09
2	160605264	T	C	MARCH7	Missense_Mutation	55	18	73	0.2465753424657534	2	1	1	0.8358	1	0.8358	0.8358	False	0.59	2.09
2	162711511	G	T	SLC4A10	Nonsense_Mutation	106	29	135	0.21481481481481482	2	1	1	0.7282	1	0.7282	0.7282	False	0.59	2.09
2	163003901	T	C	GCG	Silent	61	19	80	0.2375	2	1	1	0.8051	1	0.8051	0.8051	False	0.59	2.09
2	163230113	G	A	KCNH7	Missense_Mutation	67	38	105	0.3619047619047619	2	1	1	1.2268	1	1.2268	1.0	True	0.59	2.09
2	165765199	G	A	SLC38A11	Missense_Mutation	26	13	39	0.3333333333333333	2	1	1	1.1299	1	1.1299	1.0	True	0.59	2.09
2	167083206	C	A	SCN9A	Missense_Mutation	111	31	142	0.21830985915492956	2	1	1	0.74	1	0.74	0.74	False	0.59	2.09
2	167137046	A	C	SCN9A	Missense_Mutation	34	14	48	0.2916666666666667	2	1	1	0.9887	1	0.9887	0.9887	True	0.59	2.09
2	169727842	T	C	SPC25	3'UTR	3	6	9	0.6666666666666666	2	1	1	2.2599	1	2.2599	1.0	True	0.59	2.09
2	171239587	C	T	MYO3B	Missense_Mutation	37	10	47	0.2127659574468085	2	1	1	0.7212	1	0.7212	0.7212	False	0.59	2.09
2	171570243	C	A	LINC01124	Missense_Mutation	31	21	52	0.40384615384615385	2	1	1	1.369	1	1.369	1.0	True	0.59	2.09
2	172945152	G	A	METAP1D	3'UTR	46	9	55	0.16363636363636364	2	1	1	0.5547	1	0.5547	0.5547	False	0.59	2.09
2	173955820	A	G	MLTK	Missense_Mutation	95	12	107	0.11214953271028037	2	1	1	0.3802	1	0.3802	0.3802	False	0.59	2.09
2	179439589	A	G	TTN	Missense_Mutation	16	7	23	0.30434782608695654	2	1	1	1.0317	1	1.0317	1.0	True	0.59	2.09
2	179462400	C	A	TTN	Missense_Mutation	86	11	97	0.1134020618556701	2	1	1	0.3844	1	0.3844	0.3844	False	0.59	2.09
2	179472135	T	G	TTN	Missense_Mutation	44	15	59	0.2542372881355932	2	1	1	0.8618	1	0.8618	0.8618	True	0.59	2.09
2	179480433	C	T	TTN	Missense_Mutation	28	9	37	0.24324324324324326	2	1	1	0.8246	1	0.8246	0.8246	False	0.59	2.09
2	179500231	T	G	TTN	Missense_Mutation	99	13	112	0.11607142857142858	2	1	1	0.3935	1	0.3935	0.3935	False	0.59	2.09
2	179593063	A	G	TTN	Silent	39	22	61	0.36065573770491804	2	1	1	1.2226	1	1.2226	1.0	True	0.59	2.09
2	179596456	C	A	TTN	Missense_Mutation	16	13	29	0.4482758620689655	2	1	1	1.5196	1	1.5196	1.0	True	0.59	2.09
2	182521604	C	T	CERKL	Missense_Mutation	13	6	19	0.3157894736842105	2	1	1	1.0705	1	1.0705	1.0	True	0.59	2.09
2	183731088	C	T	FRZB	Missense_Mutation	76	21	97	0.21649484536082475	2	1	1	0.7339	1	0.7339	0.7339	False	0.59	2.09
2	185802125	A	G	ZNF804A	Missense_Mutation	46	16	62	0.25806451612903225	2	1	1	0.8748	1	0.8748	0.8748	True	0.59	2.09
2	186678411	A	G	FSIP2	Missense_Mutation	46	18	64	0.28125	2	1	1	0.9534	1	0.9534	0.9534	True	0.59	2.09
2	190332358	C	T	WDR75	Nonsense_Mutation	49	23	72	0.3194444444444444	2	1	1	1.0829	1	1.0829	1.0	True	0.59	2.09
2	190742164	T	C	PMS1	3'UTR	49	17	66	0.25757575757575757	2	1	1	0.8731	1	0.8731	0.8731	True	0.59	2.09
2	191235578	G	A	INPP1	Missense_Mutation	26	13	39	0.3333333333333333	2	1	1	1.1299	1	1.1299	1.0	True	0.59	2.09
2	191375184	C	T	TMEM194B	Missense_Mutation	94	19	113	0.168141592920354	2	1	1	0.57	1	0.57	0.57	False	0.59	2.09
2	196866472	A	C	DNAH7	Missense_Mutation	102	36	138	0.2608695652173913	2	1	1	0.8843	1	0.8843	0.8843	True	0.59	2.09
2	197791356	G	A	PGAP1	5'UTR	11	9	20	0.45	2	1	1	1.5254	1	1.5254	1.0	True	0.59	2.09
2	198950607	C	A	PLCL1	Missense_Mutation	115	43	158	0.2721518987341772	2	1	1	0.9225	1	0.9225	0.9225	True	0.59	2.09
2	202151432	G	A	CASP8	3'UTR	24	13	37	0.35135135135135137	2	1	1	1.191	1	1.191	1.0	True	0.59	2.09
2	202568905	C	A	ALS2	Missense_Mutation	60	11	71	0.15492957746478872	2	1	1	0.5252	1	0.5252	0.5252	False	0.59	2.09
2	203395543	C	T	BMPR2	Nonsense_Mutation	93	20	113	0.17699115044247787	2	1	1	0.6	1	0.6	0.6	False	0.59	2.09
2	204259440	G	A	ABI2	Missense_Mutation	50	5	55	0.09090909090909091	2	1	1	0.3082	1	0.3082	0.3082	False	0.59	2.09
2	204599643	G	A	CD28	3'UTR	31	12	43	0.27906976744186046	2	1	1	0.946	1	0.946	0.946	True	0.59	2.09
2	206614475	G	T	NRP2	Nonsense_Mutation	21	10	31	0.3225806451612903	2	1	1	1.0935	1	1.0935	1.0	True	0.59	2.09
2	208811215	A	G	PLEKHM3	Missense_Mutation	30	4	34	0.11764705882352941	2	1	1	0.3988	1	0.3988	0.3988	False	0.59	2.09
2	210560565	C	T	MAP2	Missense_Mutation	36	8	44	0.18181818181818182	2	1	1	0.6163	1	0.6163	0.6163	False	0.59	2.09
2	210574712	C	T	MAP2	Missense_Mutation	21	5	26	0.19230769230769232	2	1	1	0.6519	1	0.6519	0.6519	False	0.59	2.09
2	210968948	A	T	KANSL1L	Silent	99	10	109	0.09174311926605505	2	1	1	0.311	1	0.311	0.311	False	0.59	2.09
2	210968997	A	T	KANSL1L	Missense_Mutation	89	9	98	0.09183673469387756	2	1	1	0.3113	1	0.3113	0.3113	False	0.59	2.09
2	211342484	G	A	CPS1	5'UTR	56	8	64	0.125	2	1	1	0.4237	1	0.4237	0.4237	False	0.59	2.09
2	217341856	G	A	SMARCAL1	Missense_Mutation	32	11	43	0.2558139534883721	2	1	1	0.8672	1	0.8672	0.8672	True	0.59	2.09
2	219000483	A	C	CXCR2	Missense_Mutation	96	12	108	0.1111111111111111	2	1	1	0.3766	1	0.3766	0.3766	False	0.59	2.09
2	219114089	C	A	ARPC2	Missense_Mutation	44	4	48	0.08333333333333333	2	1	1	0.2825	1	0.2825	0.2825	False	0.59	2.09
2	220012398	A	G	NHEJ1	Silent	63	15	78	0.19230769230769232	2	1	1	0.6519	1	0.6519	0.6519	False	0.59	2.09
2	220046949	G	A	FAM134A	Silent	23	16	39	0.41025641025641024	2	1	1	1.3907	1	1.3907	1.0	True	0.59	2.09
2	220155312	G	A	PTPRN	Missense_Mutation	42	15	57	0.2631578947368421	2	1	1	0.8921	1	0.8921	0.8921	True	0.59	2.09
2	220329189	C	T	SPEG	Missense_Mutation	14	10	24	0.4166666666666667	2	1	1	1.4124	1	1.4124	1.0	True	0.59	2.09
2	224758960	G	A	WDFY1	Silent	97	37	134	0.27611940298507465	2	1	1	0.936	1	0.936	0.936	True	0.59	2.09
2	225729660	C	T	DOCK10	Missense_Mutation	78	36	114	0.3157894736842105	2	1	1	1.0705	1	1.0705	1.0	True	0.59	2.09
2	229890607	C	T	PID1	Missense_Mutation	77	13	90	0.14444444444444443	2	1	1	0.4896	1	0.4896	0.4896	False	0.59	2.09
2	233198653	G	A	DIS3L2	Missense_Mutation	41	31	72	0.4305555555555556	2	1	1	1.4595	1	1.4595	1.0	True	0.59	2.09
2	234394613	C	T	USP40	Missense_Mutation	23	13	36	0.3611111111111111	2	1	1	1.2241	1	1.2241	1.0	True	0.59	2.09
2	235950902	C	T	SH3BP4	Missense_Mutation	73	15	88	0.17045454545454544	2	1	1	0.5778	1	0.5778	0.5778	False	0.59	2.09
2	238233365	C	T	COL6A3	3'UTR	10	6	16	0.375	2	1	1	1.2712	1	1.2712	1.0	True	0.59	2.09
2	241401734	A	G	GPC1	Missense_Mutation	40	30	70	0.42857142857142855	2	1	1	1.4528	1	1.4528	1.0	True	0.59	2.09
2	241465688	G	A	ANKMY1	Silent	47	19	66	0.2878787878787879	2	1	1	0.9759	1	0.9759	0.9759	True	0.59	2.09
2	241534470	C	T	CAPN10	Missense_Mutation	79	17	96	0.17708333333333334	2	1	1	0.6003	1	0.6003	0.6003	False	0.59	2.09
2	241569966	C	A	GPR35	Silent	31	16	47	0.3404255319148936	2	1	1	1.154	1	1.154	1.0	True	0.59	2.09
2	241991850	G	A	SNED1	Missense_Mutation	23	5	28	0.17857142857142858	2	1	1	0.6053	1	0.6053	0.6053	False	0.59	2.09
3	4776937	C	A	ITPR1	Missense_Mutation	40	14	54	0.25925925925925924	2	1	1	0.8788	1	0.8788	0.8788	True	0.59	2.09
3	8809556	G	A	OXTR	Silent	36	17	53	0.32075471698113206	2	1	1	1.0873	1	1.0873	1.0	True	0.59	2.09
3	9055478	A	G	SRGAP3	Missense_Mutation	72	21	93	0.22580645161290322	2	1	1	0.7654	1	0.7654	0.7654	False	0.59	2.09
3	9484995	C	T	SETD5	Nonsense_Mutation	19	7	26	0.2692307692307692	2	1	1	0.9126	1	0.9126	0.9126	True	0.59	2.09
3	9775871	C	T	BRPF1	Missense_Mutation	19	14	33	0.42424242424242425	2	1	1	1.4381	1	1.4381	1.0	True	0.59	2.09
3	9798261	C	T	OGG1	Missense_Mutation	17	8	25	0.32	2	1	1	1.0847	1	1.0847	1.0	True	0.59	2.09
3	9825891	C	T	TADA3	Silent	41	11	52	0.21153846153846154	2	1	1	0.7171	1	0.7171	0.7171	False	0.59	2.09
3	9991568	C	T	PRRT3	Missense_Mutation	51	20	71	0.28169014084507044	2	1	1	0.9549	1	0.9549	0.9549	True	0.59	2.09
3	11078585	T	G	SLC6A1	Missense_Mutation	60	16	76	0.21052631578947367	2	1	1	0.7136	1	0.7136	0.7136	False	0.59	2.09
3	14549157	G	A	GRIP2	RNA	36	6	42	0.14285714285714285	2	1	1	0.4843	1	0.4843	0.4843	False	0.59	2.09
3	15498034	G	A	COLQ	Missense_Mutation	25	6	31	0.1935483870967742	2	1	1	0.6561	1	0.6561	0.6561	False	0.59	2.09
3	15731568	C	T	ANKRD28	Missense_Mutation	72	7	79	0.08860759493670886	2	1	1	0.3004	1	0.3004	0.3004	False	0.59	2.09
3	32927475	C	T	TRIM71	Missense_Mutation	44	16	60	0.26666666666666666	2	1	1	0.904	1	0.904	0.904	True	0.59	2.09
3	32931948	G	A	TRIM71	Missense_Mutation	34	15	49	0.30612244897959184	2	1	1	1.0377	1	1.0377	1.0	True	0.59	2.09
3	33134922	G	A	TMPPE	Missense_Mutation	27	14	41	0.34146341463414637	2	1	1	1.1575	1	1.1575	1.0	True	0.59	2.09
3	33580290	A	T	CLASP2	Missense_Mutation	115	64	179	0.3575418994413408	2	1	1	1.212	1	1.212	1.0	True	0.59	2.09
3	37150153	A	G	LRRFIP2	Missense_Mutation	29	25	54	0.46296296296296297	2	1	1	1.5694	1	1.5694	1.0	True	0.59	2.09
3	37555306	G	A	ITGA9	Missense_Mutation	117	16	133	0.12030075187969924	2	1	1	0.4078	1	0.4078	0.4078	False	0.59	2.09
3	38178609	A	G	ACAA1	5'UTR	6	5	11	0.45454545454545453	2	1	1	1.5408	1	1.5408	1.0	True	0.59	2.09
3	39140364	T	A	GORASP1	Missense_Mutation	55	36	91	0.3956043956043956	2	1	1	1.341	1	1.341	1.0	True	0.59	2.09
3	39228904	C	T	XIRP1	Missense_Mutation	16	13	29	0.4482758620689655	2	1	1	1.5196	1	1.5196	1.0	True	0.59	2.09
3	39307598	C	T	CX3CR1	Missense_Mutation	35	8	43	0.18604651162790697	2	1	1	0.6307	1	0.6307	0.6307	False	0.59	2.09
3	42741312	C	G	HHATL	Missense_Mutation	37	14	51	0.27450980392156865	2	1	1	0.9305	1	0.9305	0.9305	True	0.59	2.09
3	44701540	C	A	ZNF35	3'UTR	15	10	25	0.4	2	1	1	1.3559	1	1.3559	1.0	True	0.59	2.09
3	46753726	G	A	PRSS50	3'UTR	74	30	104	0.28846153846153844	2	1	1	0.9778	1	0.9778	0.9778	True	0.59	2.09
3	47041708	T	C	NBEAL2	Silent	40	14	54	0.25925925925925924	2	1	1	0.8788	1	0.8788	0.8788	True	0.59	2.09
3	47048602	G	A	NBEAL2	Missense_Mutation	21	12	33	0.36363636363636365	2	1	1	1.2327	1	1.2327	1.0	True	0.59	2.09
3	48602626	G	A	COL7A1	Missense_Mutation	79	16	95	0.16842105263157894	2	1	1	0.5709	1	0.5709	0.5709	False	0.59	2.09
3	49147970	C	A	USP19	Missense_Mutation	71	14	85	0.16470588235294117	2	1	1	0.5583	1	0.5583	0.5583	False	0.59	2.09
3	49690305	A	G	BSN	Missense_Mutation	20	13	33	0.3939393939393939	2	1	1	1.3354	1	1.3354	1.0	True	0.59	2.09
3	49723754	G	A	MST1	Silent	64	8	72	0.1111111111111111	2	1	1	0.3766	1	0.3766	0.3766	False	0.59	2.09
3	49756837	G	A	AMIGO3	Missense_Mutation	46	11	57	0.19298245614035087	2	1	1	0.6542	1	0.6542	0.6542	False	0.59	2.09
3	49758062	C	T	RNF123	Missense_Mutation	26	7	33	0.21212121212121213	2	1	1	0.7191	1	0.7191	0.7191	False	0.59	2.09
3	50095346	C	T	RBM6	Missense_Mutation	25	11	36	0.3055555555555556	2	1	1	1.0358	1	1.0358	1.0	True	0.59	2.09
3	52085110	G	A	DUSP7	Silent	22	11	33	0.3333333333333333	2	1	1	1.1299	1	1.1299	1.0	True	0.59	2.09
3	52257214	C	T	TLR9	Missense_Mutation	23	11	34	0.3235294117647059	2	1	1	1.0967	1	1.0967	1.0	True	0.59	2.09
3	52387532	T	A	DNAH1	Missense_Mutation	29	18	47	0.3829787234042553	2	1	1	1.2982	1	1.2982	1.0	True	0.59	2.09
3	52420214	G	A	DNAH1	Silent	58	28	86	0.32558139534883723	2	1	1	1.1037	1	1.1037	1.0	True	0.59	2.09
3	52828902	G	A	ITIH3	Missense_Mutation	49	27	76	0.35526315789473684	2	1	1	1.2043	1	1.2043	1.0	True	0.59	2.09
3	54958873	T	G	LRTM1	Missense_Mutation	51	16	67	0.23880597014925373	2	1	1	0.8095	1	0.8095	0.8095	False	0.59	2.09
3	56591204	A	G	CCDC66	5'UTR	22	11	33	0.3333333333333333	2	1	1	1.1299	1	1.1299	1.0	True	0.59	2.09
3	56649202	G	A	CCDC66	Missense_Mutation	192	97	289	0.3356401384083045	2	1	1	1.1378	1	1.1378	1.0	True	0.59	2.09
3	56667597	C	T	FAM208A	Silent	23	12	35	0.34285714285714286	2	1	1	1.1622	1	1.1622	1.0	True	0.59	2.09
3	57414101	A	C	DNAH12	Missense_Mutation	62	12	74	0.16216216216216217	2	1	1	0.5497	1	0.5497	0.5497	False	0.59	2.09
3	58139271	C	T	FLNB	Silent	29	6	35	0.17142857142857143	2	1	1	0.5811	1	0.5811	0.5811	False	0.59	2.09
3	62248416	A	G	PTPRG	Intron	73	18	91	0.1978021978021978	2	1	1	0.6705	1	0.6705	0.6705	False	0.59	2.09
3	65342450	C	T	MAGI1	Missense_Mutation	61	38	99	0.3838383838383838	2	1	1	1.3011	1	1.3011	1.0	True	0.59	2.09
3	70008488	C	T	MITF	Nonsense_Mutation	58	24	82	0.2926829268292683	2	1	1	0.9921	1	0.9921	0.9921	True	0.59	2.09
3	74313649	A	G	CNTN3	Missense_Mutation	53	18	71	0.2535211267605634	2	1	1	0.8594	1	0.8594	0.8594	True	0.59	2.09
3	97503824	A	G	ARL6	Missense_Mutation	171	23	194	0.11855670103092783	2	1	1	0.4019	1	0.4019	0.4019	False	0.59	2.09
3	98519494	C	T	DCBLD2	Missense_Mutation	62	32	94	0.3404255319148936	2	1	1	1.154	1	1.154	1.0	True	0.59	2.09
3	98519572	C	T	DCBLD2	Intron	56	22	78	0.28205128205128205	2	1	1	0.9561	1	0.9561	0.9561	True	0.59	2.09
3	100605048	A	G	ABI3BP	Missense_Mutation	90	35	125	0.28	2	1	1	0.9492	1	0.9492	0.9492	True	0.59	2.09
3	102187857	C	T	ZPLD1	Missense_Mutation	45	20	65	0.3076923076923077	2	1	1	1.043	1	1.043	1.0	True	0.59	2.09
3	111732266	G	A	TAGLN3	Silent	83	32	115	0.2782608695652174	2	1	1	0.9433	1	0.9433	0.9433	True	0.59	2.09
3	111999594	G	T	SLC9C1	Missense_Mutation	86	30	116	0.25862068965517243	2	1	1	0.8767	1	0.8767	0.8767	True	0.59	2.09
3	113374537	A	G	KIAA2018	Missense_Mutation	39	17	56	0.30357142857142855	2	1	1	1.0291	1	1.0291	1.0	True	0.59	2.09
3	119585470	C	T	GSK3B	Silent	104	34	138	0.2463768115942029	2	1	1	0.8352	1	0.8352	0.8352	False	0.59	2.09
3	120500292	G	A	GTF2E1	Missense_Mutation	116	57	173	0.32947976878612717	2	1	1	1.1169	1	1.1169	1.0	True	0.59	2.09
3	121630447	A	G	SLC15A2	Missense_Mutation	87	40	127	0.31496062992125984	2	1	1	1.0677	1	1.0677	1.0	True	0.59	2.09
3	122334667	C	A	PARP15	Silent	146	66	212	0.3113207547169811	2	1	1	1.0553	1	1.0553	1.0	True	0.59	2.09
3	122437651	G	A	PARP14	Missense_Mutation	61	16	77	0.2077922077922078	2	1	1	0.7044	1	0.7044	0.7044	False	0.59	2.09
3	124436191	C	T	KALRN	Nonsense_Mutation	42	10	52	0.19230769230769232	2	1	1	0.6519	1	0.6519	0.6519	False	0.59	2.09
3	124952059	G	A	ZNF148	Missense_Mutation	30	15	45	0.3333333333333333	2	1	1	1.1299	1	1.1299	1.0	True	0.59	2.09
3	127788405	G	T	SEC61A1	Missense_Mutation	44	5	49	0.10204081632653061	2	1	1	0.3459	1	0.3459	0.3459	False	0.59	2.09
3	128182617	C	T	DNAJB8	5'UTR	24	12	36	0.3333333333333333	2	1	1	1.1299	1	1.1299	1.0	True	0.59	2.09
3	128292935	C	T	C3orf27	5'UTR	102	44	146	0.3013698630136986	2	1	1	1.0216	1	1.0216	1.0	True	0.59	2.09
3	129285409	G	T	PLXND1	Silent	26	10	36	0.2777777777777778	2	1	1	0.9416	1	0.9416	0.9416	True	0.59	2.09
3	137843566	C	T	A4GNT	Missense_Mutation	61	22	83	0.26506024096385544	2	1	1	0.8985	1	0.8985	0.8985	True	0.59	2.09
3	138665338	G	A	FOXL2	Missense_Mutation	59	48	107	0.4485981308411215	2	1	1	1.5207	1	1.5207	1.0	True	0.59	2.09
3	138762971	C	T	PRR23C	Silent	74	28	102	0.27450980392156865	2	1	1	0.9305	1	0.9305	0.9305	True	0.59	2.09
3	139180990	G	A	RBP2	Silent	134	58	192	0.3020833333333333	2	1	1	1.024	1	1.024	1.0	True	0.59	2.09
3	141499224	C	T	GRK7	Silent	29	17	46	0.3695652173913043	2	1	1	1.2528	1	1.2528	1.0	True	0.59	2.09
3	142503601	T	A	TRPC1	Missense_Mutation	99	8	107	0.07476635514018691	2	1	1	0.2534	1	0.2534	0.2534	False	0.59	2.09
3	148601586	C	G	CPA3	Missense_Mutation	52	26	78	0.3333333333333333	2	1	1	1.1299	1	1.1299	1.0	True	0.59	2.09
3	149051101	G	T	TM4SF18	Silent	44	15	59	0.2542372881355932	2	1	1	0.8618	1	0.8618	0.8618	True	0.59	2.09
3	150883245	A	G	MED12L	Silent	76	33	109	0.30275229357798167	2	1	1	1.0263	1	1.0263	1.0	True	0.59	2.09
3	150931886	A	C	P2RY14	Silent	62	22	84	0.2619047619047619	2	1	1	0.8878	1	0.8878	0.8878	True	0.59	2.09
3	158363451	G	T	GFM1	Missense_Mutation	97	10	107	0.09345794392523364	2	1	1	0.3168	1	0.3168	0.3168	False	0.59	2.09
3	159610030	A	C	IQCJ-SCHIP1	Intron	38	8	46	0.17391304347826086	2	1	1	0.5895	1	0.5895	0.5895	False	0.59	2.09
3	169500313	C	A	MYNN	Silent	43	31	74	0.4189189189189189	2	1	1	1.4201	1	1.4201	1.0	True	0.59	2.09
3	169802275	G	A	GPR160	Missense_Mutation	60	32	92	0.34782608695652173	2	1	1	1.1791	1	1.1791	1.0	True	0.59	2.09
3	169846862	G	T	PHC3	Silent	68	39	107	0.3644859813084112	2	1	1	1.2355	1	1.2355	1.0	True	0.59	2.09
3	170908528	C	A	TNIK	Missense_Mutation	84	36	120	0.3	2	1	1	1.0169	1	1.0169	1.0	True	0.59	2.09
3	172534527	G	A	ECT2	Missense_Mutation	46	18	64	0.28125	2	1	1	0.9534	1	0.9534	0.9534	True	0.59	2.09
3	178937438	C	A	PIK3CA	Missense_Mutation	99	38	137	0.2773722627737226	2	1	1	0.9402	1	0.9402	0.9402	True	0.59	2.09
3	179448421	G	A	USP13	Missense_Mutation	71	12	83	0.14457831325301204	2	1	1	0.4901	1	0.4901	0.4901	False	0.59	2.09
3	180694024	A	G	FXR1	Missense_Mutation	103	26	129	0.20155038759689922	2	1	1	0.6832	1	0.6832	0.6832	False	0.59	2.09
3	183028715	G	A	MCF2L2	Silent	39	18	57	0.3157894736842105	2	1	1	1.0705	1	1.0705	1.0	True	0.59	2.09
3	183976223	C	T	ECE2	Intron	31	31	62	0.5	2	1	1	1.6949	1	1.6949	1.0	True	0.59	2.09
3	184038752	C	T	EIF4G1	Missense_Mutation	47	17	64	0.265625	2	1	1	0.9004	1	0.9004	0.9004	True	0.59	2.09
3	185155359	G	T	MAP3K13	Missense_Mutation	50	8	58	0.13793103448275862	2	1	1	0.4676	1	0.4676	0.4676	False	0.59	2.09
3	185641724	A	G	TRA2B	Missense_Mutation	39	24	63	0.38095238095238093	2	1	1	1.2914	1	1.2914	1.0	True	0.59	2.09
3	190338187	C	T	IL1RAP	Missense_Mutation	59	10	69	0.14492753623188406	2	1	1	0.4913	1	0.4913	0.4913	False	0.59	2.09
3	193051598	G	T	ATP13A5	Missense_Mutation	26	8	34	0.23529411764705882	2	1	1	0.7976	1	0.7976	0.7976	False	0.59	2.09
3	195453133	C	T	MUC20	Silent	53	18	71	0.2535211267605634	2	1	1	0.8594	1	0.8594	0.8594	True	0.59	2.09
3	195507516	G	A	MUC4	Silent	27	3	30	0.1	2	1	1	0.339	1	0.339	0.339	False	0.59	2.09
3	195510011	C	T	MUC4	Missense_Mutation	29	32	61	0.5245901639344263	2	1	1	1.7783	1	1.7783	1.0	True	0.59	2.09
3	196050725	C	A	TM4SF19	Missense_Mutation	55	10	65	0.15384615384615385	2	1	1	0.5215	1	0.5215	0.5215	False	0.59	2.09
3	196118794	G	A	UBXN7	Missense_Mutation	43	7	50	0.14	2	1	1	0.4746	1	0.4746	0.4746	False	0.59	2.09
3	197670811	T	C	IQCG	Silent	205	76	281	0.2704626334519573	2	1	1	0.9168	1	0.9168	0.9168	True	0.59	2.09
4	367389	T	A	ZNF141	Missense_Mutation	39	4	43	0.09302325581395349	2	1	1	0.3153	1	0.3153	0.3153	False	0.59	2.09
4	527707	C	T	PIGG	Missense_Mutation	62	11	73	0.1506849315068493	2	1	1	0.5108	1	0.5108	0.5108	False	0.59	2.09
4	1079711	G	T	RNF212	Nonsense_Mutation	58	27	85	0.3176470588235294	2	1	1	1.0768	1	1.0768	1.0	True	0.59	2.09
4	1161194	A	C	SPON2	3'UTR	9	4	13	0.3076923076923077	2	1	1	1.043	1	1.043	1.0	True	0.59	2.09
4	1232018	T	C	CTBP1	Missense_Mutation	53	12	65	0.18461538461538463	2	1	1	0.6258	1	0.6258	0.6258	False	0.59	2.09
4	1808986	G	A	FGFR3	Silent	11	4	15	0.26666666666666666	2	1	1	0.904	1	0.904	0.904	True	0.59	2.09
4	2172860	G	A	POLN	Missense_Mutation	125	19	144	0.13194444444444445	2	1	1	0.4473	1	0.4473	0.4473	False	0.59	2.09
4	3189563	A	T	HTT	Missense_Mutation	46	27	73	0.3698630136986301	2	1	1	1.2538	1	1.2538	1.0	True	0.59	2.09
4	3768996	G	A	ADRA2C	Silent	34	7	41	0.17073170731707318	2	1	1	0.5788	1	0.5788	0.5788	False	0.59	2.09
4	3769431	C	T	ADRA2C	Silent	8	6	14	0.42857142857142855	2	1	1	1.4528	1	1.4528	1.0	True	0.59	2.09
4	4199660	G	A	OTOP1	Missense_Mutation	101	29	130	0.2230769230769231	2	1	1	0.7562	1	0.7562	0.7562	False	0.59	2.09
4	5830320	C	T	CRMP1	Missense_Mutation	105	12	117	0.10256410256410256	2	1	1	0.3477	1	0.3477	0.3477	False	0.59	2.09
4	5868445	G	A	CRMP1	Silent	76	19	95	0.2	2	1	1	0.678	1	0.678	0.678	False	0.59	2.09
4	6087175	C	T	JAKMIP1	Missense_Mutation	20	17	37	0.4594594594594595	2	1	1	1.5575	1	1.5575	1.0	True	0.59	2.09
4	6642902	A	G	MRFAP1	Missense_Mutation	74	15	89	0.16853932584269662	2	1	1	0.5713	1	0.5713	0.5713	False	0.59	2.09
4	7044268	G	A	CCDC96	Missense_Mutation	25	6	31	0.1935483870967742	2	1	1	0.6561	1	0.6561	0.6561	False	0.59	2.09
4	8211493	G	A	SH3TC1	Missense_Mutation	33	10	43	0.23255813953488372	2	1	1	0.7883	1	0.7883	0.7883	False	0.59	2.09
4	9785349	G	C	DRD5	3'UTR	133	38	171	0.2222222222222222	2	1	1	0.7533	1	0.7533	0.7533	False	0.59	2.09
4	24557968	A	G	DHX15	Missense_Mutation	69	10	79	0.12658227848101267	2	1	1	0.4291	1	0.4291	0.4291	False	0.59	2.09
4	24833140	C	A	CCDC149	Missense_Mutation	165	56	221	0.25339366515837103	2	1	1	0.859	1	0.859	0.859	True	0.59	2.09
4	25780793	C	T	SEL1L3	Silent	56	13	69	0.18840579710144928	2	1	1	0.6387	1	0.6387	0.6387	False	0.59	2.09
4	37446167	G	A	KIAA1239	Missense_Mutation	63	15	78	0.19230769230769232	2	1	1	0.6519	1	0.6519	0.6519	False	0.59	2.09
4	39064307	A	G	KLHL5	Missense_Mutation	89	57	146	0.3904109589041096	2	1	1	1.3234	1	1.3234	1.0	True	0.59	2.09
4	39077666	T	G	KLHL5	Missense_Mutation	185	31	216	0.14351851851851852	2	1	1	0.4865	1	0.4865	0.4865	False	0.59	2.09
4	41992654	C	A	SLC30A9	5'UTR	28	10	38	0.2631578947368421	2	1	1	0.8921	1	0.8921	0.8921	True	0.59	2.09
4	46994901	C	T	GABRA4	Missense_Mutation	171	81	252	0.32142857142857145	2	1	1	1.0896	1	1.0896	1.0	True	0.59	2.09
4	48581032	G	A	FRYL	Missense_Mutation	95	20	115	0.17391304347826086	2	1	1	0.5895	1	0.5895	0.5895	False	0.59	2.09
4	55141027	G	A	PDGFRA	Missense_Mutation	61	9	70	0.12857142857142856	2	1	1	0.4358	1	0.4358	0.4358	False	0.59	2.09
4	55603346	A	G	KIT	Missense_Mutation	35	14	49	0.2857142857142857	2	1	1	0.9685	1	0.9685	0.9685	True	0.59	2.09
4	56830555	A	G	CEP135	Missense_Mutation	47	19	66	0.2878787878787879	2	1	1	0.9759	1	0.9759	0.9759	True	0.59	2.09
4	56847496	A	G	CEP135	Missense_Mutation	78	26	104	0.25	2	1	1	0.8475	1	0.8475	0.8475	False	0.59	2.09
4	69198527	G	A	YTHDC1	Missense_Mutation	40	12	52	0.23076923076923078	2	1	1	0.7823	1	0.7823	0.7823	False	0.59	2.09
4	70505291	A	G	UGT2A2	Missense_Mutation	61	24	85	0.2823529411764706	2	1	1	0.9571	1	0.9571	0.9571	True	0.59	2.09
4	77678089	A	G	SHROOM3	Missense_Mutation	40	10	50	0.2	2	1	1	0.678	1	0.678	0.678	False	0.59	2.09
4	77926886	T	C	SEPT11	Missense_Mutation	39	7	46	0.15217391304347827	2	1	1	0.5158	1	0.5158	0.5158	False	0.59	2.09
4	79403674	G	A	FRAS1	Missense_Mutation	57	23	80	0.2875	2	1	1	0.9746	1	0.9746	0.9746	True	0.59	2.09
4	84519316	C	T	AGPAT9	Missense_Mutation	33	15	48	0.3125	2	1	1	1.0593	1	1.0593	1.0	True	0.59	2.09
4	85594125	C	A	WDFY3	Nonsense_Mutation	21	6	27	0.2222222222222222	2	1	1	0.7533	1	0.7533	0.7533	False	0.59	2.09
4	85660273	C	T	WDFY3	Splice_Site	63	14	77	0.18181818181818182	2	1	1	0.6163	1	0.6163	0.6163	False	0.59	2.09
4	88536291	G	A	DSPP	Missense_Mutation	150	66	216	0.3055555555555556	2	1	1	1.0358	1	1.0358	1.0	True	0.59	2.09
4	89356967	C	T	HERC6	Silent	52	14	66	0.21212121212121213	2	1	1	0.7191	1	0.7191	0.7191	False	0.59	2.09
4	90034520	G	A	TIGD2	Missense_Mutation	48	22	70	0.3142857142857143	2	1	1	1.0654	1	1.0654	1.0	True	0.59	2.09
4	94693597	C	T	GRID2	Missense_Mutation	13	6	19	0.3157894736842105	2	1	1	1.0705	1	1.0705	1.0	True	0.59	2.09
4	96470046	A	G	UNC5C	5'UTR	35	18	53	0.33962264150943394	2	1	1	1.1513	1	1.1513	1.0	True	0.59	2.09
4	96761843	A	G	PDHA2	Missense_Mutation	41	10	51	0.19607843137254902	2	1	1	0.6647	1	0.6647	0.6647	False	0.59	2.09
4	99806159	G	A	EIF4E	Silent	204	20	224	0.08928571428571429	2	1	1	0.3027	1	0.3027	0.3027	False	0.59	2.09
4	100534288	T	C	MTTP	Silent	53	26	79	0.3291139240506329	2	1	1	1.1156	1	1.1156	1.0	True	0.59	2.09
4	102030195	C	T	PPP3CA	Silent	41	19	60	0.31666666666666665	2	1	1	1.0734	1	1.0734	1.0	True	0.59	2.09
4	103866373	G	T	SLC9B1	Silent	84	36	120	0.3	2	1	1	1.0169	1	1.0169	1.0	True	0.59	2.09
4	103867925	G	A	SLC9B1	Missense_Mutation	96	9	105	0.08571428571428572	2	1	1	0.2906	1	0.2906	0.2906	False	0.59	2.09
4	104029978	T	C	CENPE	Missense_Mutation	106	12	118	0.1016949152542373	2	1	1	0.3447	1	0.3447	0.3447	False	0.59	2.09
4	113436104	G	A	NEUROG2	Silent	27	18	45	0.4	2	1	1	1.3559	1	1.3559	1.0	True	0.59	2.09
4	114275601	G	A	ANK2	Missense_Mutation	18	9	27	0.3333333333333333	2	1	1	1.1299	1	1.1299	1.0	True	0.59	2.09
4	114378559	C	A	CAMK2D	Missense_Mutation	41	26	67	0.3880597014925373	2	1	1	1.3155	1	1.3155	1.0	True	0.59	2.09
4	122589485	G	A	ANXA5	3'UTR	12	3	15	0.2	2	1	1	0.678	1	0.678	0.678	False	0.59	2.09
4	123168412	A	T	KIAA1109	Silent	56	12	68	0.17647058823529413	2	1	1	0.5982	1	0.5982	0.5982	False	0.59	2.09
4	123264628	C	T	KIAA1109	Missense_Mutation	49	24	73	0.3287671232876712	2	1	1	1.1145	1	1.1145	1.0	True	0.59	2.09
4	123342440	A	G	ADAD1	Silent	57	34	91	0.37362637362637363	2	1	1	1.2665	1	1.2665	1.0	True	0.59	2.09
4	123664110	C	T	BBS12	Nonsense_Mutation	49	10	59	0.1694915254237288	2	1	1	0.5745	1	0.5745	0.5745	False	0.59	2.09
4	125591555	A	G	ANKRD50	Silent	50	5	55	0.09090909090909091	2	1	1	0.3082	1	0.3082	0.3082	False	0.59	2.09
4	126328144	G	A	FAT4	Missense_Mutation	62	7	69	0.10144927536231885	2	1	1	0.3439	1	0.3439	0.3439	False	0.59	2.09
4	129764179	C	T	JADE1	Nonsense_Mutation	74	25	99	0.25252525252525254	2	1	1	0.856	1	0.856	0.856	True	0.59	2.09
4	135121683	G	A	PABPC4L	Silent	136	20	156	0.1282051282051282	2	1	1	0.4346	1	0.4346	0.4346	False	0.59	2.09
4	141294835	G	A	SCOC	Missense_Mutation	20	6	26	0.23076923076923078	2	1	1	0.7823	1	0.7823	0.7823	False	0.59	2.09
4	142950056	C	T	INPP4B	Missense_Mutation	80	18	98	0.1836734693877551	2	1	1	0.6226	1	0.6226	0.6226	False	0.59	2.09
4	147560286	C	T	POU4F2	5'UTR	25	12	37	0.32432432432432434	2	1	1	1.0994	1	1.0994	1.0	True	0.59	2.09
4	151504663	G	A	MAB21L2	Missense_Mutation	10	8	18	0.4444444444444444	2	1	1	1.5066	1	1.5066	1.0	True	0.59	2.09
4	152058914	G	A	SH3D19	Silent	46	30	76	0.39473684210526316	2	1	1	1.3381	1	1.3381	1.0	True	0.59	2.09
4	152201007	C	T	PRSS48	Missense_Mutation	55	27	82	0.32926829268292684	2	1	1	1.1162	1	1.1162	1.0	True	0.59	2.09
4	154243886	G	A	TRIM2	Silent	24	5	29	0.1724137931034483	2	1	1	0.5845	1	0.5845	0.5845	False	0.59	2.09
4	154625080	A	T	TLR2	Missense_Mutation	63	6	69	0.08695652173913043	2	1	1	0.2948	1	0.2948	0.2948	False	0.59	2.09
4	155157158	T	G	DCHS2	Missense_Mutation	72	25	97	0.25773195876288657	2	1	1	0.8737	1	0.8737	0.8737	True	0.59	2.09
4	155157524	C	T	DCHS2	Silent	97	34	131	0.2595419847328244	2	1	1	0.8798	1	0.8798	0.8798	True	0.59	2.09
4	155219391	T	G	DCHS2	Missense_Mutation	93	13	106	0.12264150943396226	2	1	1	0.4157	1	0.4157	0.4157	False	0.59	2.09
4	159156651	G	T	TMEM144	Missense_Mutation	58	27	85	0.3176470588235294	2	1	1	1.0768	1	1.0768	1.0	True	0.59	2.09
4	163032461	G	A	FSTL5	Missense_Mutation	47	13	60	0.21666666666666667	2	1	1	0.7345	1	0.7345	0.7345	False	0.59	2.09
4	166924698	T	C	TLL1	Missense_Mutation	43	22	65	0.3384615384615385	2	1	1	1.1473	1	1.1473	1.0	True	0.59	2.09
4	166946571	C	A	TLL1	Silent	117	53	170	0.31176470588235294	2	1	1	1.0568	1	1.0568	1.0	True	0.59	2.09
4	170611780	G	T	CLCN3	Missense_Mutation	197	82	279	0.2939068100358423	2	1	1	0.9963	1	0.9963	0.9963	True	0.59	2.09
4	177605194	G	T	VEGFC	Missense_Mutation	50	12	62	0.1935483870967742	2	1	1	0.6561	1	0.6561	0.6561	False	0.59	2.09
4	178243680	G	A	NEIL3	Missense_Mutation	133	16	149	0.10738255033557047	2	1	1	0.364	1	0.364	0.364	False	0.59	2.09
4	183650167	C	T	TENM3	Silent	76	33	109	0.30275229357798167	2	1	1	1.0263	1	1.0263	1.0	True	0.59	2.09
4	183710531	T	A	TENM3	Missense_Mutation	51	15	66	0.22727272727272727	2	1	1	0.7704	1	0.7704	0.7704	False	0.59	2.09
4	184368383	T	G	CDKN2AIP	Missense_Mutation	137	22	159	0.13836477987421383	2	1	1	0.469	1	0.469	0.469	False	0.59	2.09
4	184932247	A	C	STOX2	Missense_Mutation	65	11	76	0.14473684210526316	2	1	1	0.4906	1	0.4906	0.4906	False	0.59	2.09
4	185311894	G	A	IRF2	Missense_Mutation	92	44	136	0.3235294117647059	2	1	1	1.0967	1	1.0967	1.0	True	0.59	2.09
4	186380117	C	T	CCDC110	Missense_Mutation	144	24	168	0.14285714285714285	2	1	1	0.4843	1	0.4843	0.4843	False	0.59	2.09
4	186545255	C	T	SORBS2	Missense_Mutation	93	67	160	0.41875	2	1	1	1.4195	1	1.4195	1.0	True	0.59	2.09
4	187540205	A	G	FAT1	Missense_Mutation	81	39	120	0.325	2	1	1	1.1017	1	1.1017	1.0	True	0.59	2.09
4	189026388	C	A	TRIML2	5'UTR	106	38	144	0.2638888888888889	2	1	1	0.8945	1	0.8945	0.8945	True	0.59	2.09
4	189068102	C	T	TRIML1	Missense_Mutation	57	27	84	0.32142857142857145	2	1	1	1.0896	1	1.0896	1.0	True	0.59	2.09
5	169594	G	A	PLEKHG4B	Missense_Mutation	28	11	39	0.28205128205128205	2	1	1	0.9561	1	0.9561	0.9561	True	0.59	2.09
5	306799	C	T	PDCD6	Silent	57	24	81	0.2962962962962963	2	1	1	1.0044	1	1.0044	1.0	True	0.59	2.09
5	465951	C	T	EXOC3	Missense_Mutation	70	8	78	0.10256410256410256	2	1	1	0.3477	1	0.3477	0.3477	False	0.59	2.09
5	1053545	C	T	SLC12A7	Missense_Mutation	58	24	82	0.2926829268292683	2	1	1	0.9921	1	0.9921	0.9921	True	0.59	2.09
5	3600155	A	G	IRX1	Missense_Mutation	31	13	44	0.29545454545454547	2	1	1	1.0015	1	1.0015	1.0	True	0.59	2.09
5	3600256	C	T	IRX1	Silent	34	9	43	0.20930232558139536	2	1	1	0.7095	1	0.7095	0.7095	False	0.59	2.09
5	7724694	A	C	ADCY2	Silent	72	15	87	0.1724137931034483	2	1	1	0.5845	1	0.5845	0.5845	False	0.59	2.09
5	7895967	T	C	MTRR	Splice_Site	20	6	26	0.23076923076923078	2	1	1	0.7823	1	0.7823	0.7823	False	0.59	2.09
5	11732339	G	A	CTNND2	Missense_Mutation	20	13	33	0.3939393939393939	2	1	1	1.3354	1	1.3354	1.0	True	0.59	2.09
5	13786383	G	A	DNAH5	Missense_Mutation	26	24	50	0.48	2	1	1	1.6271	1	1.6271	1.0	True	0.59	2.09
5	15928259	C	T	FBXL7	Missense_Mutation	12	5	17	0.29411764705882354	2	1	1	0.997	1	0.997	0.997	True	0.59	2.09
5	19473748	T	A	CDH18	Missense_Mutation	27	6	33	0.18181818181818182	2	1	1	0.6163	1	0.6163	0.6163	False	0.59	2.09
5	23527866	G	A	PRDM9	Missense_Mutation	40	5	45	0.1111111111111111	2	1	1	0.3766	1	0.3766	0.3766	False	0.59	2.09
5	24509911	G	A	CDH10	Silent	74	10	84	0.11904761904761904	2	1	1	0.4036	1	0.4036	0.4036	False	0.59	2.09
5	33936946	C	T	RXFP3	Missense_Mutation	36	16	52	0.3076923076923077	2	1	1	1.043	1	1.043	1.0	True	0.59	2.09
5	35795845	C	A	SPEF2	Missense_Mutation	35	18	53	0.33962264150943394	2	1	1	1.1513	1	1.1513	1.0	True	0.59	2.09
5	37017200	G	A	NIPBL	Missense_Mutation	178	24	202	0.1188118811881188	2	1	1	0.4028	1	0.4028	0.4028	False	0.59	2.09
5	43446500	G	A	C5orf28	Nonsense_Mutation	53	24	77	0.3116883116883117	2	1	1	1.0566	1	1.0566	1.0	True	0.59	2.09
5	52096303	C	T	PELO	Silent	19	14	33	0.42424242424242425	2	1	1	1.4381	1	1.4381	1.0	True	0.59	2.09
5	52368978	C	T	ITGA2	Silent	20	9	29	0.3103448275862069	2	1	1	1.052	1	1.052	1.0	True	0.59	2.09
5	53815138	C	T	SNX18	Silent	40	16	56	0.2857142857142857	2	1	1	0.9685	1	0.9685	0.9685	True	0.59	2.09
5	53815270	C	T	SNX18	Silent	33	5	38	0.13157894736842105	2	1	1	0.446	1	0.446	0.446	False	0.59	2.09
5	54721085	C	T	PPAP2A	Silent	106	42	148	0.28378378378378377	2	1	1	0.962	1	0.962	0.962	True	0.59	2.09
5	56778129	C	T	ACTBL2	Missense_Mutation	54	22	76	0.2894736842105263	2	1	1	0.9813	1	0.9813	0.9813	True	0.59	2.09
5	66430427	C	T	MAST4	Missense_Mutation	79	55	134	0.41044776119402987	2	1	1	1.3913	1	1.3913	1.0	True	0.59	2.09
5	68467104	C	G	CCNB1	Missense_Mutation	116	39	155	0.25161290322580643	2	1	1	0.8529	1	0.8529	0.8529	True	0.59	2.09
5	74137498	C	T	FAM169A	Missense_Mutation	28	6	34	0.17647058823529413	2	1	1	0.5982	1	0.5982	0.5982	False	0.59	2.09
5	74325783	G	A	GCNT4	Missense_Mutation	43	17	60	0.2833333333333333	2	1	1	0.9605	1	0.9605	0.9605	True	0.59	2.09
5	75884778	T	C	IQGAP2	Missense_Mutation	208	93	301	0.3089700996677741	2	1	1	1.0474	1	1.0474	1.0	True	0.59	2.09
5	78411657	A	T	BHMT	Missense_Mutation	64	19	83	0.2289156626506024	2	1	1	0.776	1	0.776	0.776	False	0.59	2.09
5	78919115	C	T	PAPD4	Missense_Mutation	47	12	59	0.2033898305084746	2	1	1	0.6895	1	0.6895	0.6895	False	0.59	2.09
5	79379068	T	A	THBS4	3'UTR	23	7	30	0.23333333333333334	2	1	1	0.791	1	0.791	0.791	False	0.59	2.09
5	80608439	G	A	ZCCHC9	Silent	84	11	95	0.11578947368421053	2	1	1	0.3925	1	0.3925	0.3925	False	0.59	2.09
5	86627205	C	T	RASA1	Missense_Mutation	79	16	95	0.16842105263157894	2	1	1	0.5709	1	0.5709	0.5709	False	0.59	2.09
5	89979788	C	T	GPR98	Missense_Mutation	53	30	83	0.3614457831325301	2	1	1	1.2252	1	1.2252	1.0	True	0.59	2.09
5	109904194	T	A	TMEM232	Missense_Mutation	68	22	90	0.24444444444444444	2	1	1	0.8286	1	0.8286	0.8286	False	0.59	2.09
5	111598212	G	A	EPB41L4A	Silent	30	8	38	0.21052631578947367	2	1	1	0.7136	1	0.7136	0.7136	False	0.59	2.09
5	112770606	C	T	TSSK1B	5'UTR	52	6	58	0.10344827586206896	2	1	1	0.3507	1	0.3507	0.3507	False	0.59	2.09
5	113808816	A	C	KCNN2	Missense_Mutation	55	6	61	0.09836065573770492	2	1	1	0.3334	1	0.3334	0.3334	False	0.59	2.09
5	115815898	G	A	SEMA6A	Silent	19	11	30	0.36666666666666664	2	1	1	1.2429	1	1.2429	1.0	True	0.59	2.09
5	118485098	G	A	DMXL1	Silent	22	5	27	0.18518518518518517	2	1	1	0.6277	1	0.6277	0.6277	False	0.59	2.09
5	121736753	T	C	SNCAIP	Intron	45	16	61	0.26229508196721313	2	1	1	0.8891	1	0.8891	0.8891	True	0.59	2.09
5	123983567	C	T	ZNF608	Missense_Mutation	153	98	251	0.3904382470119522	2	1	1	1.3235	1	1.3235	1.0	True	0.59	2.09
5	123984456	T	C	ZNF608	Missense_Mutation	174	79	253	0.31225296442687744	2	1	1	1.0585	1	1.0585	1.0	True	0.59	2.09
5	125971863	C	A	C5orf48	Missense_Mutation	47	21	68	0.3088235294117647	2	1	1	1.0469	1	1.0469	1.0	True	0.59	2.09
5	126887633	G	A	PRRC1	3'UTR	19	7	26	0.2692307692307692	2	1	1	0.9126	1	0.9126	0.9126	True	0.59	2.09
5	130940388	T	C	RAPGEF6	Splice_Site	99	42	141	0.2978723404255319	2	1	1	1.0097	1	1.0097	1.0	True	0.59	2.09
5	131796380	G	A	C5orf56	Missense_Mutation	123	72	195	0.36923076923076925	2	1	1	1.2516	1	1.2516	1.0	True	0.59	2.09
5	134106623	G	T	DDX46	Silent	253	105	358	0.29329608938547486	2	1	1	0.9942	1	0.9942	0.9942	True	0.59	2.09
5	137226194	A	G	PKD2L2	Missense_Mutation	206	24	230	0.10434782608695652	2	1	1	0.3537	1	0.3537	0.3537	False	0.59	2.09
5	137278592	G	A	FAM13B	Nonsense_Mutation	121	36	157	0.22929936305732485	2	1	1	0.7773	1	0.7773	0.7773	False	0.59	2.09
5	137292230	C	T	FAM13B	Intron	55	10	65	0.15384615384615385	2	1	1	0.5215	1	0.5215	0.5215	False	0.59	2.09
5	138268361	C	T	CTNNA1	Missense_Mutation	53	15	68	0.22058823529411764	2	1	1	0.7478	1	0.7478	0.7478	False	0.59	2.09
5	138269752	G	A	CTNNA1	Missense_Mutation	12	9	21	0.42857142857142855	2	1	1	1.4528	1	1.4528	1.0	True	0.59	2.09
5	139680121	A	G	PFDN1	Missense_Mutation	360	52	412	0.1262135922330097	2	1	1	0.4278	1	0.4278	0.4278	False	0.59	2.09
5	140053168	C	A	HARS	3'UTR	89	24	113	0.21238938053097345	2	1	1	0.72	1	0.72	0.72	False	0.59	2.09
5	140174970	C	T	PCDHA2	Missense_Mutation	76	34	110	0.3090909090909091	2	1	1	1.0478	1	1.0478	1.0	True	0.59	2.09
5	140176605	G	A	PCDHA2	Missense_Mutation	65	41	106	0.3867924528301887	2	1	1	1.3112	1	1.3112	1.0	True	0.59	2.09
5	140188234	G	A	PCDHA4	Missense_Mutation	78	44	122	0.36065573770491804	2	1	1	1.2226	1	1.2226	1.0	True	0.59	2.09
5	140201623	G	A	PCDHA5	Missense_Mutation	28	14	42	0.3333333333333333	2	1	1	1.1299	1	1.1299	1.0	True	0.59	2.09
5	140223097	G	A	PCDHA8	Missense_Mutation	126	64	190	0.3368421052631579	2	1	1	1.1418	1	1.1418	1.0	True	0.59	2.09
5	140242893	G	T	AC005609.1	Missense_Mutation	137	22	159	0.13836477987421383	2	1	1	0.469	1	0.469	0.469	False	0.59	2.09
5	140308254	A	G	PCDHAC1	Missense_Mutation	54	21	75	0.28	2	1	1	0.9492	1	0.9492	0.9492	True	0.59	2.09
5	140481456	C	T	PCDHB3	Missense_Mutation	56	19	75	0.25333333333333335	2	1	1	0.8588	1	0.8588	0.8588	True	0.59	2.09
5	140503865	A	G	PCDHB4	Missense_Mutation	47	17	64	0.265625	2	1	1	0.9004	1	0.9004	0.9004	True	0.59	2.09
5	140537693	G	A	PCDHB17	3'UTR	20	7	27	0.25925925925925924	2	1	1	0.8788	1	0.8788	0.8788	True	0.59	2.09
5	140710511	C	T	PCDHGA1	Missense_Mutation	52	8	60	0.13333333333333333	2	1	1	0.452	1	0.452	0.452	False	0.59	2.09
5	140755075	T	C	PCDHGA6	Silent	33	14	47	0.2978723404255319	2	1	1	1.0097	1	1.0097	1.0	True	0.59	2.09
5	140755788	C	T	PCDHGA6	Missense_Mutation	101	65	166	0.39156626506024095	2	1	1	1.3273	1	1.3273	1.0	True	0.59	2.09
5	140764011	C	T	PCDHGA7	Silent	39	15	54	0.2777777777777778	2	1	1	0.9416	1	0.9416	0.9416	True	0.59	2.09
5	140787870	G	A	PCDHGB6	Missense_Mutation	63	25	88	0.2840909090909091	2	1	1	0.963	1	0.963	0.963	True	0.59	2.09
5	140802769	G	A	PCDHGA11	Missense_Mutation	27	9	36	0.25	2	1	1	0.8475	1	0.8475	0.8475	False	0.59	2.09
5	140811001	C	T	PCDHGA12	Silent	5	4	9	0.4444444444444444	2	1	1	1.5066	1	1.5066	1.0	True	0.59	2.09
5	145651141	C	T	RBM27	Silent	86	13	99	0.13131313131313133	2	1	1	0.4451	1	0.4451	0.4451	False	0.59	2.09
5	146773619	A	G	DPYSL3	Silent	48	21	69	0.30434782608695654	2	1	1	1.0317	1	1.0317	1.0	True	0.59	2.09
5	146777237	G	A	DPYSL3	Missense_Mutation	25	11	36	0.3055555555555556	2	1	1	1.0358	1	1.0358	1.0	True	0.59	2.09
5	149501588	G	A	PDGFRB	Silent	49	18	67	0.26865671641791045	2	1	1	0.9107	1	0.9107	0.9107	True	0.59	2.09
5	149782775	C	A	CD74	Missense_Mutation	51	17	68	0.25	2	1	1	0.8475	1	0.8475	0.8475	False	0.59	2.09
5	151231019	C	T	GLRA1	Missense_Mutation	87	28	115	0.24347826086956523	2	1	1	0.8254	1	0.8254	0.8254	False	0.59	2.09
5	151775109	G	A	NMUR2	Missense_Mutation	57	12	69	0.17391304347826086	2	1	1	0.5895	1	0.5895	0.5895	False	0.59	2.09
5	153077603	G	A	GRIA1	Splice_Site	37	17	54	0.3148148148148148	2	1	1	1.0672	1	1.0672	1.0	True	0.59	2.09
5	153429203	A	G	MFAP3	5'UTR	15	6	21	0.2857142857142857	2	1	1	0.9685	1	0.9685	0.9685	True	0.59	2.09
5	153789216	G	A	GALNT10	Missense_Mutation	23	15	38	0.39473684210526316	2	1	1	1.3381	1	1.3381	1.0	True	0.59	2.09
5	154282108	C	A	GEMIN5	Missense_Mutation	52	8	60	0.13333333333333333	2	1	1	0.452	1	0.452	0.452	False	0.59	2.09
5	154393886	G	A	KIF4B	Missense_Mutation	183	45	228	0.19736842105263158	2	1	1	0.669	1	0.669	0.669	False	0.59	2.09
5	156917461	A	G	ADAM19	Silent	53	18	71	0.2535211267605634	2	1	1	0.8594	1	0.8594	0.8594	True	0.59	2.09
5	157107070	A	C	C5orf52	3'UTR	15	9	24	0.375	2	1	1	1.2712	1	1.2712	1.0	True	0.59	2.09
5	167851016	G	A	WWC1	Missense_Mutation	66	13	79	0.16455696202531644	2	1	1	0.5578	1	0.5578	0.5578	False	0.59	2.09
5	168096834	G	T	SLIT3	Silent	68	8	76	0.10526315789473684	2	1	1	0.3568	1	0.3568	0.3568	False	0.59	2.09
5	168175368	G	A	SLIT3	Nonsense_Mutation	40	7	47	0.14893617021276595	2	1	1	0.5049	1	0.5049	0.5049	False	0.59	2.09
5	168310308	C	T	SLIT3	Silent	28	22	50	0.44	2	1	1	1.4915	1	1.4915	1.0	True	0.59	2.09
5	169472896	T	C	DOCK2	Missense_Mutation	32	17	49	0.3469387755102041	2	1	1	1.1761	1	1.1761	1.0	True	0.59	2.09
5	173317209	T	C	CPEB4	Missense_Mutation	40	8	48	0.16666666666666666	2	1	1	0.565	1	0.565	0.565	False	0.59	2.09
5	176056600	G	A	SNCB	Missense_Mutation	78	21	99	0.21212121212121213	2	1	1	0.7191	1	0.7191	0.7191	False	0.59	2.09
5	176297475	G	T	UNC5A	Nonsense_Mutation	37	12	49	0.24489795918367346	2	1	1	0.8302	1	0.8302	0.8302	False	0.59	2.09
5	176700728	A	T	NSD1	Missense_Mutation	130	23	153	0.1503267973856209	2	1	1	0.5096	1	0.5096	0.5096	False	0.59	2.09
5	176814874	G	A	SLC34A1	Missense_Mutation	10	7	17	0.4117647058823529	2	1	1	1.3958	1	1.3958	1.0	True	0.59	2.09
5	176899130	C	T	DBN1	Missense_Mutation	76	40	116	0.3448275862068966	2	1	1	1.1689	1	1.1689	1.0	True	0.59	2.09
5	177577990	T	C	NHP2	Missense_Mutation	31	6	37	0.16216216216216217	2	1	1	0.5497	1	0.5497	0.5497	False	0.59	2.09
5	178044361	G	A	CLK4	Silent	72	33	105	0.3142857142857143	2	1	1	1.0654	1	1.0654	1.0	True	0.59	2.09
5	178373483	C	T	ZNF454	Silent	40	12	52	0.23076923076923078	2	1	1	0.7823	1	0.7823	0.7823	False	0.59	2.09
5	178540952	C	T	ADAMTS2	Silent	241	95	336	0.28273809523809523	2	1	1	0.9584	1	0.9584	0.9584	True	0.59	2.09
5	179290767	T	G	TBC1D9B	Missense_Mutation	57	14	71	0.19718309859154928	2	1	1	0.6684	1	0.6684	0.6684	False	0.59	2.09
5	179564945	T	C	RASGEF1C	Silent	48	30	78	0.38461538461538464	2	1	1	1.3038	1	1.3038	1.0	True	0.59	2.09
6	656294	C	T	HUS1B	Silent	47	23	70	0.32857142857142857	2	1	1	1.1138	1	1.1138	1.0	True	0.59	2.09
6	3123914	T	C	BPHL	Missense_Mutation	120	13	133	0.09774436090225563	2	1	1	0.3313	1	0.3313	0.3313	False	0.59	2.09
6	3850444	G	A	FAM50B	Silent	9	6	15	0.4	2	1	1	1.3559	1	1.3559	1.0	True	0.59	2.09
6	4937830	C	T	CDYL	Missense_Mutation	61	32	93	0.34408602150537637	2	1	1	1.1664	1	1.1664	1.0	True	0.59	2.09
6	4943956	C	T	CDYL	Missense_Mutation	51	6	57	0.10526315789473684	2	1	1	0.3568	1	0.3568	0.3568	False	0.59	2.09
6	7572198	G	A	DSP	Missense_Mutation	36	22	58	0.3793103448275862	2	1	1	1.2858	1	1.2858	1.0	True	0.59	2.09
6	10796274	G	A	MAK	Missense_Mutation	321	29	350	0.08285714285714285	2	1	1	0.2809	1	0.2809	0.2809	False	0.59	2.09
6	10887329	C	T	SYCP2L	5'UTR	27	6	33	0.18181818181818182	2	1	1	0.6163	1	0.6163	0.6163	False	0.59	2.09
6	11104970	A	C	ERVFRD-1	Missense_Mutation	117	55	172	0.31976744186046513	2	1	1	1.084	1	1.084	1.0	True	0.59	2.09
6	18197396	G	T	KDM1B	Missense_Mutation	39	18	57	0.3157894736842105	2	1	1	1.0705	1	1.0705	1.0	True	0.59	2.09
6	20152902	C	T	MBOAT1	Silent	37	21	58	0.3620689655172414	2	1	1	1.2274	1	1.2274	1.0	True	0.59	2.09
6	24437459	G	A	GPLD1	Silent	29	8	37	0.21621621621621623	2	1	1	0.7329	1	0.7329	0.7329	False	0.59	2.09
6	25855396	A	G	SLC17A3	Missense_Mutation	40	15	55	0.2727272727272727	2	1	1	0.9245	1	0.9245	0.9245	True	0.59	2.09
6	26056089	C	T	HIST1H1C	Missense_Mutation	175	29	204	0.14215686274509803	2	1	1	0.4819	1	0.4819	0.4819	False	0.59	2.09
6	26638534	C	A	ZNF322	Missense_Mutation	135	39	174	0.22413793103448276	2	1	1	0.7598	1	0.7598	0.7598	False	0.59	2.09
6	27279810	G	A	POM121L2	Missense_Mutation	44	25	69	0.36231884057971014	2	1	1	1.2282	1	1.2282	1.0	True	0.59	2.09
6	27368366	G	A	ZNF391	Missense_Mutation	30	15	45	0.3333333333333333	2	1	1	1.1299	1	1.1299	1.0	True	0.59	2.09
6	27799247	C	T	HIST1H4K	Missense_Mutation	73	25	98	0.25510204081632654	2	1	1	0.8648	1	0.8648	0.8648	True	0.59	2.09
6	28135041	T	C	ZNF192P1	RNA	28	4	32	0.125	2	1	1	0.4237	1	0.4237	0.4237	False	0.59	2.09
6	29274638	T	C	OR14J1	Missense_Mutation	172	13	185	0.07027027027027027	2	1	1	0.2382	1	0.2382	0.2382	False	0.59	2.09
6	29911965	C	A	HLA-A	Missense_Mutation	101	48	149	0.3221476510067114	2	1	1	1.092	1	1.092	1.0	True	0.59	2.09
6	30570103	C	T	PPP1R10	Missense_Mutation	59	37	96	0.3854166666666667	2	1	1	1.3065	1	1.3065	1.0	True	0.59	2.09
6	30916347	C	A	DPCR1	Missense_Mutation	51	24	75	0.32	2	1	1	1.0847	1	1.0847	1.0	True	0.59	2.09
6	31675438	C	A	LY6G6F	Missense_Mutation	96	48	144	0.3333333333333333	2	1	1	1.1299	1	1.1299	1.0	True	0.59	2.09
6	31779035	G	C	HSPA1L	Missense_Mutation	53	22	75	0.29333333333333333	2	1	1	0.9944	1	0.9944	0.9944	True	0.59	2.09
6	31779459	A	G	HSPA1L	Silent	107	47	154	0.3051948051948052	2	1	1	1.0346	1	1.0346	1.0	True	0.59	2.09
6	31937950	A	G	DXO	Missense_Mutation	77	10	87	0.11494252873563218	2	1	1	0.3896	1	0.3896	0.3896	False	0.59	2.09
6	33154551	G	T	COL11A2	Silent	128	60	188	0.3191489361702128	2	1	1	1.0819	1	1.0819	1.0	True	0.59	2.09
6	33163160	G	A	RXRB	Missense_Mutation	62	25	87	0.28735632183908044	2	1	1	0.9741	1	0.9741	0.9741	True	0.59	2.09
6	33173932	G	T	HSD17B8	Nonsense_Mutation	35	19	54	0.35185185185185186	2	1	1	1.1927	1	1.1927	1.0	True	0.59	2.09
6	34101143	C	T	GRM4	Missense_Mutation	34	5	39	0.1282051282051282	2	1	1	0.4346	1	0.4346	0.4346	False	0.59	2.09
6	34213379	A	G	HMGA1	3'UTR	37	8	45	0.17777777777777778	2	1	1	0.6026	1	0.6026	0.6026	False	0.59	2.09
6	35765035	C	T	CLPS	Missense_Mutation	51	11	62	0.1774193548387097	2	1	1	0.6014	1	0.6014	0.6014	False	0.59	2.09
6	37626036	G	A	MDGA1	Missense_Mutation	6	7	13	0.5384615384615384	2	1	1	1.8253	1	1.8253	1.0	True	0.59	2.09
6	38813531	G	A	DNAH8	Missense_Mutation	18	11	29	0.3793103448275862	2	1	1	1.2858	1	1.2858	1.0	True	0.59	2.09
6	39158811	C	A	KCNK5	Missense_Mutation	29	11	40	0.275	2	1	1	0.9322	1	0.9322	0.9322	True	0.59	2.09
6	39851674	C	T	DAAM2	Intron	32	19	51	0.37254901960784315	2	1	1	1.2629	1	1.2629	1.0	True	0.59	2.09
6	42179598	C	A	MRPS10	Missense_Mutation	69	25	94	0.26595744680851063	2	1	1	0.9016	1	0.9016	0.9016	True	0.59	2.09
6	42934321	A	G	PEX6	Missense_Mutation	46	12	58	0.20689655172413793	2	1	1	0.7013	1	0.7013	0.7013	False	0.59	2.09
6	43146057	G	A	SRF	Silent	29	7	36	0.19444444444444445	2	1	1	0.6591	1	0.6591	0.6591	False	0.59	2.09
6	43191033	C	A	CUL9	Silent	78	15	93	0.16129032258064516	2	1	1	0.5467	1	0.5467	0.5467	False	0.59	2.09
6	43275614	G	A	CRIP3	Silent	34	6	40	0.15	2	1	1	0.5085	1	0.5085	0.5085	False	0.59	2.09
6	43410858	G	A	ABCC10	Missense_Mutation	17	7	24	0.2916666666666667	2	1	1	0.9887	1	0.9887	0.9887	True	0.59	2.09
6	44148711	C	T	CAPN11	Missense_Mutation	32	20	52	0.38461538461538464	2	1	1	1.3038	1	1.3038	1.0	True	0.59	2.09
6	45917076	C	T	CLIC5	Silent	113	47	160	0.29375	2	1	1	0.9958	1	0.9958	0.9958	True	0.59	2.09
6	46656871	C	T	TDRD6	Missense_Mutation	100	12	112	0.10714285714285714	2	1	1	0.3632	1	0.3632	0.3632	False	0.59	2.09
6	55039274	G	A	HCRTR2	5'UTR	8	4	12	0.3333333333333333	2	1	1	1.1299	1	1.1299	1.0	True	0.59	2.09
6	56335022	G	A	DST	Silent	54	13	67	0.19402985074626866	2	1	1	0.6577	1	0.6577	0.6577	False	0.59	2.09
6	56918729	C	T	KIAA1586	Nonsense_Mutation	66	31	97	0.31958762886597936	2	1	1	1.0833	1	1.0833	1.0	True	0.59	2.09
6	57012972	G	T	ZNF451	Missense_Mutation	80	10	90	0.1111111111111111	2	1	1	0.3766	1	0.3766	0.3766	False	0.59	2.09
6	63990176	C	T	LGSN	Missense_Mutation	53	17	70	0.24285714285714285	2	1	1	0.8232	1	0.8232	0.8232	False	0.59	2.09
6	64499076	C	A	EYS	Missense_Mutation	45	16	61	0.26229508196721313	2	1	1	0.8891	1	0.8891	0.8891	True	0.59	2.09
6	70385916	A	G	LMBRD1	3'UTR	7	4	11	0.36363636363636365	2	1	1	1.2327	1	1.2327	1.0	True	0.59	2.09
6	72678732	A	C	RIMS1	Silent	39	6	45	0.13333333333333333	2	1	1	0.452	1	0.452	0.452	False	0.59	2.09
6	73000525	T	C	RIMS1	Missense_Mutation	23	14	37	0.3783783783783784	2	1	1	1.2826	1	1.2826	1.0	True	0.59	2.09
6	74104197	G	A	DDX43	5'Flank	27	14	41	0.34146341463414637	2	1	1	1.1575	1	1.1575	1.0	True	0.59	2.09
6	75864144	T	A	COL12A1	Missense_Mutation	37	14	51	0.27450980392156865	2	1	1	0.9305	1	0.9305	0.9305	True	0.59	2.09
6	80720532	T	C	TTK	Silent	26	13	39	0.3333333333333333	2	1	1	1.1299	1	1.1299	1.0	True	0.59	2.09
6	82927753	A	G	IBTK	Silent	90	45	135	0.3333333333333333	2	1	1	1.1299	1	1.1299	1.0	True	0.59	2.09
6	83839024	G	A	DOPEY1	Missense_Mutation	56	19	75	0.25333333333333335	2	1	1	0.8588	1	0.8588	0.8588	True	0.59	2.09
6	83855295	C	T	DOPEY1	Missense_Mutation	49	23	72	0.3194444444444444	2	1	1	1.0829	1	1.0829	1.0	True	0.59	2.09
6	85470073	G	A	TBX18	Missense_Mutation	31	9	40	0.225	2	1	1	0.7627	1	0.7627	0.7627	False	0.59	2.09
6	88346138	A	G	ORC3	Missense_Mutation	70	49	119	0.4117647058823529	2	1	1	1.3958	1	1.3958	1.0	True	0.59	2.09
6	90578732	C	T	CASP8AP2	RNA	156	20	176	0.11363636363636363	2	1	1	0.3852	1	0.3852	0.3852	False	0.59	2.09
6	100006193	A	T	CCNC	Intron	5	4	9	0.4444444444444444	2	1	1	1.5066	1	1.5066	1.0	True	0.59	2.09
6	106536113	A	G	PRDM1	Missense_Mutation	61	18	79	0.22784810126582278	2	1	1	0.7724	1	0.7724	0.7724	False	0.59	2.09
6	109415077	G	A	SESN1	Missense_Mutation	108	30	138	0.21739130434782608	2	1	1	0.7369	1	0.7369	0.7369	False	0.59	2.09
6	112405395	T	C	TUBE1	Silent	144	69	213	0.323943661971831	2	1	1	1.0981	1	1.0981	1.0	True	0.59	2.09
6	116944064	G	A	RSPH4A	Missense_Mutation	59	21	80	0.2625	2	1	1	0.8898	1	0.8898	0.8898	True	0.59	2.09
6	117589376	C	T	VGLL2	Missense_Mutation	74	27	101	0.26732673267326734	2	1	1	0.9062	1	0.9062	0.9062	True	0.59	2.09
6	117681090	G	A	ROS1	Missense_Mutation	26	18	44	0.4090909090909091	2	1	1	1.3867	1	1.3867	1.0	True	0.59	2.09
6	117869175	C	A	DCBLD1	Intron	11	11	22	0.5	2	1	1	1.6949	1	1.6949	1.0	True	0.59	2.09
6	117890738	C	A	GOPC	Missense_Mutation	90	14	104	0.1346153846153846	2	1	1	0.4563	1	0.4563	0.4563	False	0.59	2.09
6	119670059	C	T	MAN1A1	Missense_Mutation	20	4	24	0.16666666666666666	2	1	1	0.565	1	0.565	0.565	False	0.59	2.09
6	123850437	T	G	TRDN	Intron	15	4	19	0.21052631578947367	2	1	1	0.7136	1	0.7136	0.7136	False	0.59	2.09
6	127765378	G	T	KIAA0408	Missense_Mutation	33	5	38	0.13157894736842105	2	1	1	0.446	1	0.446	0.446	False	0.59	2.09
6	128134518	G	A	THEMIS	Missense_Mutation	30	8	38	0.21052631578947367	2	1	1	0.7136	1	0.7136	0.7136	False	0.59	2.09
6	131958551	G	A	ENPP3	Silent	56	12	68	0.17647058823529413	2	1	1	0.5982	1	0.5982	0.5982	False	0.59	2.09
6	132207800	G	A	ENPP1	Missense_Mutation	141	57	198	0.2878787878787879	2	1	1	0.9759	1	0.9759	0.9759	True	0.59	2.09
6	132860183	G	C	TAAR9	Missense_Mutation	72	23	95	0.24210526315789474	2	1	1	0.8207	1	0.8207	0.8207	False	0.59	2.09
6	132909796	C	T	TAAR5	3'UTR	44	8	52	0.15384615384615385	2	1	1	0.5215	1	0.5215	0.5215	False	0.59	2.09
6	138656102	C	T	KIAA1244	Missense_Mutation	63	7	70	0.1	2	1	1	0.339	1	0.339	0.339	False	0.59	2.09
6	138753657	C	A	NHSL1	Missense_Mutation	76	16	92	0.17391304347826086	2	1	1	0.5895	1	0.5895	0.5895	False	0.59	2.09
6	142396809	G	A	NMBR	Silent	34	24	58	0.41379310344827586	2	1	1	1.4027	1	1.4027	1.0	True	0.59	2.09
6	146234627	T	C	SHPRH	Missense_Mutation	41	14	55	0.2545454545454545	2	1	1	0.8629	1	0.8629	0.8629	True	0.59	2.09
6	146755623	G	A	GRM1	Silent	22	5	27	0.18518518518518517	2	1	1	0.6277	1	0.6277	0.6277	False	0.59	2.09
6	148795286	C	T	SASH1	Silent	82	41	123	0.3333333333333333	2	1	1	1.1299	1	1.1299	1.0	True	0.59	2.09
6	149911977	C	T	GINM1	3'UTR	21	6	27	0.2222222222222222	2	1	1	0.7533	1	0.7533	0.7533	False	0.59	2.09
6	149997822	G	T	LATS1	Missense_Mutation	44	16	60	0.26666666666666666	2	1	1	0.904	1	0.904	0.904	True	0.59	2.09
6	151687930	C	T	ZBTB2	Missense_Mutation	49	13	62	0.20967741935483872	2	1	1	0.7108	1	0.7108	0.7108	False	0.59	2.09
6	152443751	G	A	SYNE1	Silent	29	10	39	0.2564102564102564	2	1	1	0.8692	1	0.8692	0.8692	True	0.59	2.09
6	152542066	G	C	SYNE1	Missense_Mutation	95	31	126	0.24603174603174602	2	1	1	0.834	1	0.834	0.834	False	0.59	2.09
6	153078238	G	A	VIP	Missense_Mutation	14	11	25	0.44	2	1	1	1.4915	1	1.4915	1.0	True	0.59	2.09
6	153296531	G	A	FBXO5	Missense_Mutation	125	31	156	0.1987179487179487	2	1	1	0.6736	1	0.6736	0.6736	False	0.59	2.09
6	154429258	G	A	OPRM1	Intron	48	7	55	0.12727272727272726	2	1	1	0.4314	1	0.4314	0.4314	False	0.59	2.09
6	158925001	C	T	TULP4	Missense_Mutation	10	7	17	0.4117647058823529	2	1	1	1.3958	1	1.3958	1.0	True	0.59	2.09
6	159660766	G	A	FNDC1	Silent	32	21	53	0.39622641509433965	2	1	1	1.3431	1	1.3431	1.0	True	0.59	2.09
6	160858117	G	A	SLC22A3	Missense_Mutation	71	27	98	0.2755102040816326	2	1	1	0.9339	1	0.9339	0.9339	True	0.59	2.09
6	160864692	G	C	SLC22A3	Silent	62	22	84	0.2619047619047619	2	1	1	0.8878	1	0.8878	0.8878	True	0.59	2.09
6	161533727	G	A	MAP3K4	Missense_Mutation	50	31	81	0.38271604938271603	2	1	1	1.2973	1	1.2973	1.0	True	0.59	2.09
6	165703539	T	A	C6orf118	Missense_Mutation	50	14	64	0.21875	2	1	1	0.7415	1	0.7415	0.7415	False	0.59	2.09
6	166923806	A	G	RPS6KA2	Missense_Mutation	71	28	99	0.2828282828282828	2	1	1	0.9587	1	0.9587	0.9587	True	0.59	2.09
6	167728729	G	A	UNC93A	Missense_Mutation	71	22	93	0.23655913978494625	2	1	1	0.8019	1	0.8019	0.8019	False	0.59	2.09
6	168315864	G	A	MLLT4	Silent	34	5	39	0.1282051282051282	2	1	1	0.4346	1	0.4346	0.4346	False	0.59	2.09
6	168351927	G	A	MLLT4	Missense_Mutation	30	6	36	0.16666666666666666	2	1	1	0.565	1	0.565	0.565	False	0.59	2.09
6	170156841	C	T	ERMARD	Silent	77	41	118	0.3474576271186441	2	1	1	1.1778	1	1.1778	1.0	True	0.59	2.09
7	550530	G	A	PDGFA	Silent	44	7	51	0.13725490196078433	2	1	1	0.4653	1	0.4653	0.4653	False	0.59	2.09
7	1586811	G	A	TMEM184A	Missense_Mutation	25	12	37	0.32432432432432434	2	1	1	1.0994	1	1.0994	1.0	True	0.59	2.09
7	2418788	G	A	EIF3B	Missense_Mutation	39	12	51	0.23529411764705882	2	1	1	0.7976	1	0.7976	0.7976	False	0.59	2.09
7	4002400	G	A	SDK1	Missense_Mutation	33	17	50	0.34	2	1	1	1.1525	1	1.1525	1.0	True	0.59	2.09
7	4189019	C	T	SDK1	Nonsense_Mutation	19	4	23	0.17391304347826086	2	1	1	0.5895	1	0.5895	0.5895	False	0.59	2.09
7	4780473	A	G	FOXK1	Missense_Mutation	65	29	94	0.30851063829787234	2	1	1	1.0458	1	1.0458	1.0	True	0.59	2.09
7	4827794	G	A	AP5Z1	Silent	32	14	46	0.30434782608695654	2	1	1	1.0317	1	1.0317	1.0	True	0.59	2.09
7	4917780	G	T	RADIL	5'UTR	24	6	30	0.2	2	1	1	0.678	1	0.678	0.678	False	0.59	2.09
7	5336714	G	A	SLC29A4	Missense_Mutation	52	22	74	0.2972972972972973	2	1	1	1.0078	1	1.0078	1.0	True	0.59	2.09
7	5336823	C	T	SLC29A4	Silent	7	6	13	0.46153846153846156	2	1	1	1.5645	1	1.5645	1.0	True	0.59	2.09
7	5391576	G	T	TNRC18	Missense_Mutation	45	8	53	0.1509433962264151	2	1	1	0.5117	1	0.5117	0.5117	False	0.59	2.09
7	5541275	C	T	FBXL18	Missense_Mutation	18	4	22	0.18181818181818182	2	1	1	0.6163	1	0.6163	0.6163	False	0.59	2.09
7	5680795	G	T	RNF216	Missense_Mutation	35	5	40	0.125	2	1	1	0.4237	1	0.4237	0.4237	False	0.59	2.09
7	12730188	A	G	ARL4A	3'UTR	30	7	37	0.1891891891891892	2	1	1	0.6413	1	0.6413	0.6413	False	0.59	2.09
7	18625094	G	A	HDAC9	Silent	40	10	50	0.2	2	1	1	0.678	1	0.678	0.678	False	0.59	2.09
7	28858945	G	A	CREB5	3'UTR	10	4	14	0.2857142857142857	2	1	1	0.9685	1	0.9685	0.9685	True	0.59	2.09
7	32909137	C	T	KBTBD2	Silent	39	17	56	0.30357142857142855	2	1	1	1.0291	1	1.0291	1.0	True	0.59	2.09
7	36373744	T	A	KIAA0895	Missense_Mutation	237	40	277	0.1444043321299639	2	1	1	0.4895	1	0.4895	0.4895	False	0.59	2.09
7	36616236	C	T	AOAH	Missense_Mutation	40	11	51	0.21568627450980393	2	1	1	0.7311	1	0.7311	0.7311	False	0.59	2.09
7	40132766	G	A	CDK13	Silent	37	9	46	0.1956521739130435	2	1	1	0.6632	1	0.6632	0.6632	False	0.59	2.09
7	42064874	G	A	GLI3	Missense_Mutation	46	25	71	0.352112676056338	2	1	1	1.1936	1	1.1936	1.0	True	0.59	2.09
7	42964325	G	T	PSMA2	Missense_Mutation	54	12	66	0.18181818181818182	2	1	1	0.6163	1	0.6163	0.6163	False	0.59	2.09
7	43477604	A	G	HECW1	Silent	41	16	57	0.2807017543859649	2	1	1	0.9515	1	0.9515	0.9515	True	0.59	2.09
7	43916395	G	A	URGCP	Silent	66	24	90	0.26666666666666666	2	1	1	0.904	1	0.904	0.904	True	0.59	2.09
7	44092501	C	T	DBNL	Silent	18	8	26	0.3076923076923077	2	1	1	1.043	1	1.043	1.0	True	0.59	2.09
7	44118408	C	T	POLM	Silent	35	14	49	0.2857142857142857	2	1	1	0.9685	1	0.9685	0.9685	True	0.59	2.09
7	45742989	A	G	ADCY1	Silent	38	9	47	0.19148936170212766	2	1	1	0.6491	1	0.6491	0.6491	False	0.59	2.09
7	47840338	C	T	PKD1L1	Missense_Mutation	50	17	67	0.2537313432835821	2	1	1	0.8601	1	0.8601	0.8601	True	0.59	2.09
7	47942032	C	T	PKD1L1	Missense_Mutation	26	13	39	0.3333333333333333	2	1	1	1.1299	1	1.1299	1.0	True	0.59	2.09
7	48075805	C	T	C7orf57	Intron	15	6	21	0.2857142857142857	2	1	1	0.9685	1	0.9685	0.9685	True	0.59	2.09
7	48319417	T	C	ABCA13	Missense_Mutation	53	17	70	0.24285714285714285	2	1	1	0.8232	1	0.8232	0.8232	False	0.59	2.09
7	51095751	G	A	COBL	Silent	61	16	77	0.2077922077922078	2	1	1	0.7044	1	0.7044	0.7044	False	0.59	2.09
7	51096682	C	T	COBL	Missense_Mutation	176	78	254	0.30708661417322836	2	1	1	1.041	1	1.041	1.0	True	0.59	2.09
7	54617755	G	A	VSTM2A	Missense_Mutation	37	10	47	0.2127659574468085	2	1	1	0.7212	1	0.7212	0.7212	False	0.59	2.09
7	56155317	C	T	PHKG1	Missense_Mutation	49	10	59	0.1694915254237288	2	1	1	0.5745	1	0.5745	0.5745	False	0.59	2.09
7	63538219	C	A	ZNF727	Silent	62	8	70	0.11428571428571428	2	1	1	0.3874	1	0.3874	0.3874	False	0.59	2.09
7	64169441	G	A	ZNF107	3'UTR	6	3	9	0.3333333333333333	2	1	1	1.1299	1	1.1299	1.0	True	0.59	2.09
7	65554149	G	A	ASL	Missense_Mutation	26	12	38	0.3157894736842105	2	1	1	1.0705	1	1.0705	1.0	True	0.59	2.09
7	72413921	G	T	POM121	Missense_Mutation	96	20	116	0.1724137931034483	2	1	1	0.5845	1	0.5845	0.5845	False	0.59	2.09
7	72892706	G	T	BAZ1B	Missense_Mutation	118	53	171	0.30994152046783624	2	1	1	1.0506	1	1.0506	1.0	True	0.59	2.09
7	75617123	C	T	POR	3'Flank	15	3	18	0.16666666666666666	2	1	1	0.565	1	0.565	0.565	False	0.59	2.09
7	80433540	A	G	SEMA3C	Missense_Mutation	45	25	70	0.35714285714285715	2	1	1	1.2107	1	1.2107	1.0	True	0.59	2.09
7	86416246	G	A	GRM3	Missense_Mutation	47	20	67	0.29850746268656714	2	1	1	1.0119	1	1.0119	1.0	True	0.59	2.09
7	87031411	T	G	ABCB4	3'UTR	50	17	67	0.2537313432835821	2	1	1	0.8601	1	0.8601	0.8601	True	0.59	2.09
7	91623953	G	A	AKAP9	Missense_Mutation	149	14	163	0.08588957055214724	2	1	1	0.2912	1	0.2912	0.2912	False	0.59	2.09
7	92734833	G	A	SAMD9	Missense_Mutation	110	54	164	0.32926829268292684	2	1	1	1.1162	1	1.1162	1.0	True	0.59	2.09
7	94293714	G	A	PEG10	Silent	18	6	24	0.25	2	1	1	0.8475	1	0.8475	0.8475	False	0.59	2.09
7	95838171	C	T	SLC25A13	Silent	55	10	65	0.15384615384615385	2	1	1	0.5215	1	0.5215	0.5215	False	0.59	2.09
7	98609104	G	A	TRRAP	Silent	53	27	80	0.3375	2	1	1	1.1441	1	1.1441	1.0	True	0.59	2.09
7	99031006	C	T	ATP5J2-PTCD1	Missense_Mutation	33	5	38	0.13157894736842105	2	1	1	0.446	1	0.446	0.446	False	0.59	2.09
7	99158301	A	G	ZNF655	Missense_Mutation	26	3	29	0.10344827586206896	2	1	1	0.3507	1	0.3507	0.3507	False	0.59	2.09
7	99227411	G	A	ZSCAN25	Missense_Mutation	33	20	53	0.37735849056603776	2	1	1	1.2792	1	1.2792	1.0	True	0.59	2.09
7	99668605	T	C	ZNF3	3'UTR	12	5	17	0.29411764705882354	2	1	1	0.997	1	0.997	0.997	True	0.59	2.09
7	99668870	G	A	ZNF3	Missense_Mutation	59	21	80	0.2625	2	1	1	0.8898	1	0.8898	0.8898	True	0.59	2.09
7	100189522	G	T	FBXO24	Missense_Mutation	90	9	99	0.09090909090909091	2	1	1	0.3082	1	0.3082	0.3082	False	0.59	2.09
7	100334606	G	A	ZAN	Missense_Mutation	24	7	31	0.22580645161290322	2	1	1	0.7654	1	0.7654	0.7654	False	0.59	2.09
7	100675383	C	T	MUC17	Missense_Mutation	45	4	49	0.08163265306122448	2	1	1	0.2767	1	0.2767	0.2767	False	0.59	2.09
7	100802409	G	A	AP1S1	Missense_Mutation	50	5	55	0.09090909090909091	2	1	1	0.3082	1	0.3082	0.3082	False	0.59	2.09
7	101870949	G	A	CUX1	Missense_Mutation	17	13	30	0.43333333333333335	2	1	1	1.4689	1	1.4689	1.0	True	0.59	2.09
7	102097776	A	G	ALKBH4	3'UTR	12	6	18	0.3333333333333333	2	1	1	1.1299	1	1.1299	1.0	True	0.59	2.09
7	103015023	G	A	SLC26A5	Silent	25	13	38	0.34210526315789475	2	1	1	1.1597	1	1.1597	1.0	True	0.59	2.09
7	103293015	C	T	RELN	Silent	14	5	19	0.2631578947368421	2	1	1	0.8921	1	0.8921	0.8921	True	0.59	2.09
7	106964889	T	C	COG5	Silent	148	53	201	0.263681592039801	2	1	1	0.8938	1	0.8938	0.8938	True	0.59	2.09
7	107398857	A	G	CBLL1	Missense_Mutation	48	6	54	0.1111111111111111	2	1	1	0.3766	1	0.3766	0.3766	False	0.59	2.09
7	107564451	C	T	LAMB1	Missense_Mutation	107	61	168	0.3630952380952381	2	1	1	1.2308	1	1.2308	1.0	True	0.59	2.09
7	110763957	C	T	LRRN3	Missense_Mutation	24	10	34	0.29411764705882354	2	1	1	0.997	1	0.997	0.997	True	0.59	2.09
7	114562975	C	A	MDFIC	Intron	19	12	31	0.3870967741935484	2	1	1	1.3122	1	1.3122	1.0	True	0.59	2.09
7	117067425	G	A	ASZ1	Silent	34	23	57	0.40350877192982454	2	1	1	1.3678	1	1.3678	1.0	True	0.59	2.09
7	123594013	A	T	SPAM1	Missense_Mutation	17	6	23	0.2608695652173913	2	1	1	0.8843	1	0.8843	0.8843	True	0.59	2.09
7	128450362	T	C	CCDC136	Missense_Mutation	44	27	71	0.38028169014084506	2	1	1	1.2891	1	1.2891	1.0	True	0.59	2.09
7	128480730	T	C	FLNC	Splice_Site	99	17	116	0.14655172413793102	2	1	1	0.4968	1	0.4968	0.4968	False	0.59	2.09
7	128480971	G	T	FLNC	Missense_Mutation	95	11	106	0.10377358490566038	2	1	1	0.3518	1	0.3518	0.3518	False	0.59	2.09
7	128482306	G	A	FLNC	Missense_Mutation	43	4	47	0.0851063829787234	2	1	1	0.2885	1	0.2885	0.2885	False	0.59	2.09
7	128494921	C	T	FLNC	Missense_Mutation	58	20	78	0.2564102564102564	2	1	1	0.8692	1	0.8692	0.8692	True	0.59	2.09
7	129986379	G	C	CPA5	Missense_Mutation	23	4	27	0.14814814814814814	2	1	1	0.5022	1	0.5022	0.5022	False	0.59	2.09
7	131825373	T	A	PLXNA4	Missense_Mutation	61	16	77	0.2077922077922078	2	1	1	0.7044	1	0.7044	0.7044	False	0.59	2.09
7	131872227	T	G	PLXNA4	Intron	44	20	64	0.3125	2	1	1	1.0593	1	1.0593	1.0	True	0.59	2.09
7	134718929	G	A	AGBL3	Missense_Mutation	66	7	73	0.0958904109589041	2	1	1	0.3251	1	0.3251	0.3251	False	0.59	2.09
7	138602776	C	T	KIAA1549	Silent	19	7	26	0.2692307692307692	2	1	1	0.9126	1	0.9126	0.9126	True	0.59	2.09
7	138604075	G	A	KIAA1549	Silent	93	43	136	0.3161764705882353	2	1	1	1.0718	1	1.0718	1.0	True	0.59	2.09
7	138768749	C	T	ZC3HAV1	Silent	47	19	66	0.2878787878787879	2	1	1	0.9759	1	0.9759	0.9759	True	0.59	2.09
7	138845819	T	C	TTC26	Intron	18	13	31	0.41935483870967744	2	1	1	1.4215	1	1.4215	1.0	True	0.59	2.09
7	138954259	T	C	UBN2	Missense_Mutation	29	4	33	0.12121212121212122	2	1	1	0.4109	1	0.4109	0.4109	False	0.59	2.09
7	139655321	C	T	TBXAS1	Silent	50	17	67	0.2537313432835821	2	1	1	0.8601	1	0.8601	0.8601	True	0.59	2.09
7	140394680	G	A	ADCK2	3'UTR	14	5	19	0.2631578947368421	2	1	1	0.8921	1	0.8921	0.8921	True	0.59	2.09
7	140453136	A	T	BRAF	Missense_Mutation	33	11	44	0.25	2	1	1	0.8475	1	0.8475	0.8475	False	0.59	2.09
7	141366207	A	G	KIAA1147	Missense_Mutation	58	8	66	0.12121212121212122	2	1	1	0.4109	1	0.4109	0.4109	False	0.59	2.09
7	141750534	A	C	MGAM	Missense_Mutation	89	30	119	0.25210084033613445	2	1	1	0.8546	1	0.8546	0.8546	True	0.59	2.09
7	141765186	A	G	MGAM	Silent	51	17	68	0.25	2	1	1	0.8475	1	0.8475	0.8475	False	0.59	2.09
7	142630460	G	T	TRPV5	Missense_Mutation	36	29	65	0.4461538461538462	2	1	1	1.5124	1	1.5124	1.0	True	0.59	2.09
7	144101700	G	A	NOBOX	Silent	31	3	34	0.08823529411764706	2	1	1	0.2991	1	0.2991	0.2991	False	0.59	2.09
7	146829425	A	C	CNTNAP2	Missense_Mutation	23	9	32	0.28125	2	1	1	0.9534	1	0.9534	0.9534	True	0.59	2.09
7	147675054	G	A	CNTNAP2	Missense_Mutation	58	25	83	0.30120481927710846	2	1	1	1.021	1	1.021	1.0	True	0.59	2.09
7	148454196	G	A	CUL1	Missense_Mutation	35	16	51	0.3137254901960784	2	1	1	1.0635	1	1.0635	1.0	True	0.59	2.09
7	149500630	C	T	SSPO	RNA	51	31	82	0.3780487804878049	2	1	1	1.2815	1	1.2815	1.0	True	0.59	2.09
7	150085513	G	A	ZNF775	5'UTR	93	15	108	0.1388888888888889	2	1	1	0.4708	1	0.4708	0.4708	False	0.59	2.09
7	150704193	C	T	NOS3	Silent	57	6	63	0.09523809523809523	2	1	1	0.3228	1	0.3228	0.3228	False	0.59	2.09
7	150725542	G	A	ABCB8	5'UTR	49	22	71	0.30985915492957744	2	1	1	1.0504	1	1.0504	1.0	True	0.59	2.09
7	158536332	A	G	ESYT2	Missense_Mutation	34	15	49	0.30612244897959184	2	1	1	1.0377	1	1.0377	1.0	True	0.59	2.09
8	1954839	G	A	KBTBD11	3'UTR	44	4	48	0.08333333333333333	2	1	1	0.2825	1	0.2825	0.2825	False	0.59	2.09
8	3063110	C	A	CSMD1	Missense_Mutation	30	7	37	0.1891891891891892	2	1	1	0.6413	1	0.6413	0.6413	False	0.59	2.09
8	3263589	G	A	CSMD1	Silent	21	20	41	0.4878048780487805	2	1	1	1.6536	1	1.6536	1.0	True	0.59	2.09
8	10102688	G	A	MSRA	Missense_Mutation	45	5	50	0.1	2	1	1	0.339	1	0.339	0.339	False	0.59	2.09
8	10755776	C	A	XKR6	Missense_Mutation	25	6	31	0.1935483870967742	2	1	1	0.6561	1	0.6561	0.6561	False	0.59	2.09
8	11058360	C	T	XKR6	Silent	18	7	25	0.28	2	1	1	0.9492	1	0.9492	0.9492	True	0.59	2.09
8	12044098	C	T	FAM86B1	Missense_Mutation	45	11	56	0.19642857142857142	2	1	1	0.6659	1	0.6659	0.6659	False	0.59	2.09
8	12943817	A	G	DLC1	Missense_Mutation	25	17	42	0.40476190476190477	2	1	1	1.3721	1	1.3721	1.0	True	0.59	2.09
8	13959935	A	G	SGCZ	Missense_Mutation	55	6	61	0.09836065573770492	2	1	1	0.3334	1	0.3334	0.3334	False	0.59	2.09
8	15998514	A	G	MSR1	Intron	61	10	71	0.14084507042253522	2	1	1	0.4774	1	0.4774	0.4774	False	0.59	2.09
8	17434760	A	G	PDGFRL	5'UTR	32	10	42	0.23809523809523808	2	1	1	0.8071	1	0.8071	0.8071	False	0.59	2.09
8	19816860	G	A	LPL	Missense_Mutation	30	16	46	0.34782608695652173	2	1	1	1.1791	1	1.1791	1.0	True	0.59	2.09
8	22864830	G	T	RHOBTB2	Missense_Mutation	34	6	40	0.15	2	1	1	0.5085	1	0.5085	0.5085	False	0.59	2.09
8	25280756	G	A	GNRH1	Missense_Mutation	33	7	40	0.175	2	1	1	0.5932	1	0.5932	0.5932	False	0.59	2.09
8	27145186	C	T	TRIM35	Missense_Mutation	37	22	59	0.3728813559322034	2	1	1	1.264	1	1.264	1.0	True	0.59	2.09
8	27320976	G	A	CHRNA2	Silent	54	44	98	0.4489795918367347	2	1	1	1.522	1	1.522	1.0	True	0.59	2.09
8	27767183	G	A	SCARA5	Nonsense_Mutation	36	8	44	0.18181818181818182	2	1	1	0.6163	1	0.6163	0.6163	False	0.59	2.09
8	27887908	C	T	NUGGC	Missense_Mutation	24	23	47	0.48936170212765956	2	1	1	1.6589	1	1.6589	1.0	True	0.59	2.09
8	28575163	C	T	EXTL3	Silent	26	6	32	0.1875	2	1	1	0.6356	1	0.6356	0.6356	False	0.59	2.09
8	32453382	A	T	NRG1	Missense_Mutation	34	5	39	0.1282051282051282	2	1	1	0.4346	1	0.4346	0.4346	False	0.59	2.09
8	35401924	A	T	UNC5D	Intron	50	8	58	0.13793103448275862	2	1	1	0.4676	1	0.4676	0.4676	False	0.59	2.09
8	37698693	C	T	GPR124	Missense_Mutation	26	13	39	0.3333333333333333	2	1	1	1.1299	1	1.1299	1.0	True	0.59	2.09
8	38831861	C	T	HTRA4	Missense_Mutation	13	7	20	0.35	2	1	1	1.1864	1	1.1864	1.0	True	0.59	2.09
8	39871188	A	G	IDO2	Missense_Mutation	58	18	76	0.23684210526315788	2	1	1	0.8029	1	0.8029	0.8029	False	0.59	2.09
8	41557018	A	G	ANK1	Missense_Mutation	50	8	58	0.13793103448275862	2	1	1	0.4676	1	0.4676	0.4676	False	0.59	2.09
8	42317485	C	T	SLC20A2	Missense_Mutation	69	12	81	0.14814814814814814	2	1	1	0.5022	1	0.5022	0.5022	False	0.59	2.09
8	42863050	C	T	HOOK3	Silent	106	18	124	0.14516129032258066	2	1	1	0.4921	1	0.4921	0.4921	False	0.59	2.09
8	49831291	C	T	SNAI2	3'UTR	45	16	61	0.26229508196721313	2	1	1	0.8891	1	0.8891	0.8891	True	0.59	2.09
8	53477861	C	A	FAM150A	5'UTR	14	5	19	0.2631578947368421	2	1	1	0.8921	1	0.8921	0.8921	True	0.59	2.09
8	54684670	T	C	ATP6V1H	Missense_Mutation	80	18	98	0.1836734693877551	2	1	1	0.6226	1	0.6226	0.6226	False	0.59	2.09
8	55542130	G	A	RP1	Missense_Mutation	63	17	80	0.2125	2	1	1	0.7203	1	0.7203	0.7203	False	0.59	2.09
8	65291793	G	T	MIR124-2	RNA	32	24	56	0.42857142857142855	2	1	1	1.4528	1	1.4528	1.0	True	0.59	2.09
8	67808447	A	C	MCMDC2	Missense_Mutation	94	11	105	0.10476190476190476	2	1	1	0.3551	1	0.3551	0.3551	False	0.59	2.09
8	68989641	C	A	PREX2	Missense_Mutation	80	15	95	0.15789473684210525	2	1	1	0.5352	1	0.5352	0.5352	False	0.59	2.09
8	68995622	G	C	PREX2	Missense_Mutation	79	53	132	0.4015151515151515	2	1	1	1.3611	1	1.3611	1.0	True	0.59	2.09
8	69351686	T	G	C8orf34	Intron	15	10	25	0.4	2	1	1	1.3559	1	1.3559	1.0	True	0.59	2.09
8	72754829	C	T	MSC	3'UTR	59	23	82	0.2804878048780488	2	1	1	0.9508	1	0.9508	0.9508	True	0.59	2.09
8	72963013	C	T	TRPA1	Silent	24	8	32	0.25	2	1	1	0.8475	1	0.8475	0.8475	False	0.59	2.09
8	74706249	T	C	UBE2W	3'UTR	109	36	145	0.2482758620689655	2	1	1	0.8416	1	0.8416	0.8416	False	0.59	2.09
8	75761387	G	T	PI15	Missense_Mutation	122	23	145	0.15862068965517243	2	1	1	0.5377	1	0.5377	0.5377	False	0.59	2.09
8	77617680	G	A	ZFHX4	Missense_Mutation	42	21	63	0.3333333333333333	2	1	1	1.1299	1	1.1299	1.0	True	0.59	2.09
8	77619951	A	T	ZFHX4	Missense_Mutation	46	4	50	0.08	2	1	1	0.2712	1	0.2712	0.2712	False	0.59	2.09
8	77620005	A	G	ZFHX4	Missense_Mutation	69	10	79	0.12658227848101267	2	1	1	0.4291	1	0.4291	0.4291	False	0.59	2.09
8	77776198	C	T	ZFHX4	Silent	26	17	43	0.3953488372093023	2	1	1	1.3402	1	1.3402	1.0	True	0.59	2.09
8	87386283	G	A	WWP1	Missense_Mutation	41	12	53	0.22641509433962265	2	1	1	0.7675	1	0.7675	0.7675	False	0.59	2.09
8	87680362	G	A	CNGB3	Silent	105	38	143	0.26573426573426573	2	1	1	0.9008	1	0.9008	0.9008	True	0.59	2.09
8	88885491	G	A	DCAF4L2	Missense_Mutation	132	39	171	0.22807017543859648	2	1	1	0.7731	1	0.7731	0.7731	False	0.59	2.09
8	91657722	C	T	TMEM64	Missense_Mutation	26	4	30	0.13333333333333333	2	1	1	0.452	1	0.452	0.452	False	0.59	2.09
8	95178144	A	C	CDH17	Missense_Mutation	114	11	125	0.088	2	1	1	0.2983	1	0.2983	0.2983	False	0.59	2.09
8	97256270	A	G	MTERFD1	Silent	210	18	228	0.07894736842105263	2	1	1	0.2676	1	0.2676	0.2676	False	0.59	2.09
8	100454787	T	C	VPS13B	Silent	75	26	101	0.25742574257425743	2	1	1	0.8726	1	0.8726	0.8726	True	0.59	2.09
8	104337269	G	T	FZD6	Missense_Mutation	39	24	63	0.38095238095238093	2	1	1	1.2914	1	1.2914	1.0	True	0.59	2.09
8	104898169	T	G	RIMS2	Missense_Mutation	9	5	14	0.35714285714285715	2	1	1	1.2107	1	1.2107	1.0	True	0.59	2.09
8	109001468	A	C	RSPO2	Missense_Mutation	36	9	45	0.2	2	1	1	0.678	1	0.678	0.678	False	0.59	2.09
8	110420436	G	T	PKHD1L1	Splice_Site	29	15	44	0.3409090909090909	2	1	1	1.1556	1	1.1556	1.0	True	0.59	2.09
8	110984487	C	A	KCNV1	Nonsense_Mutation	28	10	38	0.2631578947368421	2	1	1	0.8921	1	0.8921	0.8921	True	0.59	2.09
8	117784033	A	T	UTP23	Missense_Mutation	23	11	34	0.3235294117647059	2	1	1	1.0967	1	1.0967	1.0	True	0.59	2.09
8	121290351	T	C	COL14A1	Missense_Mutation	48	5	53	0.09433962264150944	2	1	1	0.3198	1	0.3198	0.3198	False	0.59	2.09
8	124153041	G	A	TBC1D31	Missense_Mutation	132	89	221	0.40271493212669685	2	1	1	1.3651	1	1.3651	1.0	True	0.59	2.09
8	124206355	C	T	FAM83A	Missense_Mutation	65	18	83	0.21686746987951808	2	1	1	0.7351	1	0.7351	0.7351	False	0.59	2.09
8	125132017	G	A	FER1L6	Missense_Mutation	17	12	29	0.41379310344827586	2	1	1	1.4027	1	1.4027	1.0	True	0.59	2.09
8	125339647	G	A	TMEM65	Missense_Mutation	119	10	129	0.07751937984496124	2	1	1	0.2628	1	0.2628	0.2628	False	0.59	2.09
8	125464742	C	T	TRMT12	3'UTR	125	67	192	0.3489583333333333	2	1	1	1.1829	1	1.1829	1.0	True	0.59	2.09
8	125568560	C	A	MTSS1	Silent	75	11	86	0.12790697674418605	2	1	1	0.4336	1	0.4336	0.4336	False	0.59	2.09
8	132968107	G	A	EFR3A	Missense_Mutation	99	58	157	0.36942675159235666	2	1	1	1.2523	1	1.2523	1.0	True	0.59	2.09
8	139268934	C	T	FAM135B	Silent	82	10	92	0.10869565217391304	2	1	1	0.3685	1	0.3685	0.3685	False	0.59	2.09
8	141034090	A	G	TRAPPC9	Silent	56	12	68	0.17647058823529413	2	1	1	0.5982	1	0.5982	0.5982	False	0.59	2.09
8	142441080	G	A	PTP4A3	Missense_Mutation	29	7	36	0.19444444444444445	2	1	1	0.6591	1	0.6591	0.6591	False	0.59	2.09
8	143746364	C	T	JRK	RNA	35	11	46	0.2391304347826087	2	1	1	0.8106	1	0.8106	0.8106	False	0.59	2.09
8	143846067	C	T	LYNX1	Missense_Mutation	77	38	115	0.33043478260869563	2	1	1	1.1201	1	1.1201	1.0	True	0.59	2.09
8	144734280	C	T	ZNF623	3'UTR	142	17	159	0.1069182389937107	2	1	1	0.3624	1	0.3624	0.3624	False	0.59	2.09
8	144945119	A	G	EPPK1	Missense_Mutation	119	32	151	0.2119205298013245	2	1	1	0.7184	1	0.7184	0.7184	False	0.59	2.09
8	145006626	A	T	PLEC	Missense_Mutation	58	32	90	0.35555555555555557	2	1	1	1.2053	1	1.2053	1.0	True	0.59	2.09
8	145008609	G	A	PLEC	Missense_Mutation	32	21	53	0.39622641509433965	2	1	1	1.3431	1	1.3431	1.0	True	0.59	2.09
8	145024426	G	T	PLEC	Missense_Mutation	40	14	54	0.25925925925925924	2	1	1	0.8788	1	0.8788	0.8788	True	0.59	2.09
8	145095112	G	A	SPATC1	Missense_Mutation	41	10	51	0.19607843137254902	2	1	1	0.6647	1	0.6647	0.6647	False	0.59	2.09
8	145161286	G	A	MAF1	Missense_Mutation	52	22	74	0.2972972972972973	2	1	1	1.0078	1	1.0078	1.0	True	0.59	2.09
8	145579773	G	A	FBXL6	Nonsense_Mutation	46	14	60	0.23333333333333334	2	1	1	0.791	1	0.791	0.791	False	0.59	2.09
8	146156613	G	A	ZNF16	Silent	67	16	83	0.1927710843373494	2	1	1	0.6535	1	0.6535	0.6535	False	0.59	2.09
9	421034	G	A	DOCK8	Missense_Mutation	106	14	120	0.11666666666666667	2	1	1	0.3955	1	0.3955	0.3955	False	0.59	2.09
9	1056892	T	G	DMRT2	Missense_Mutation	44	5	49	0.10204081632653061	3	3	0	0.4479	1	0.4479	0.4479	False	0.59	2.09
9	1056975	C	A	DMRT2	Missense_Mutation	61	16	77	0.2077922077922078	3	3	0	0.9122	1	0.9122	0.9122	True	0.59	2.09
9	6645287	C	A	GLDC	Silent	41	6	47	0.1276595744680851	3	3	0	0.5604	1	0.5604	0.5604	False	0.59	2.09
9	6893122	A	T	KDM4C	Missense_Mutation	75	7	82	0.08536585365853659	3	3	0	0.3747	1	0.3747	0.3747	False	0.59	2.09
9	13140115	C	T	MPDZ	Missense_Mutation	95	13	108	0.12037037037037036	3	3	0	0.5284	1	0.5284	0.5284	False	0.59	2.09
9	14748564	C	T	FREM1	Silent	98	10	108	0.09259259259259259	3	3	0	0.4065	1	0.4065	0.4065	False	0.59	2.09
9	21077240	G	A	IFNB1	3'UTR	5	14	19	0.7368421052631579	2	2	0	2.4978	2	1.2489	1.0	True	0.59	2.09
9	21367655	C	T	IFNA13	Missense_Mutation	90	49	139	0.35251798561151076	2	2	0	1.195	1	1.195	1.0	True	0.59	2.09
9	27172710	G	A	TEK	Missense_Mutation	64	24	88	0.2727272727272727	2	2	0	0.9245	1	0.9245	0.9245	True	0.59	2.09
9	32434659	G	A	ACO1	Missense_Mutation	77	9	86	0.10465116279069768	2	2	0	0.3547	1	0.3547	0.3547	False	0.59	2.09
9	32449012	C	T	ACO1	Missense_Mutation	53	13	66	0.19696969696969696	2	2	0	0.6677	1	0.6677	0.6677	False	0.59	2.09
9	33364060	C	T	NFX1	Missense_Mutation	34	59	93	0.6344086021505376	2	2	0	2.1505	2	1.0753	1.0	True	0.59	2.09
9	33675704	G	C	PTENP1	RNA	188	17	205	0.08292682926829269	2	2	0	0.2811	1	0.2811	0.2811	False	0.59	2.09
9	34557567	C	A	CNTFR	Silent	66	112	178	0.6292134831460674	2	2	0	2.1329	2	1.0665	1.0	True	0.59	2.09
9	35062231	C	T	VCP	Missense_Mutation	65	8	73	0.1095890410958904	2	2	0	0.3715	1	0.3715	0.3715	False	0.59	2.09
9	36352823	C	T	RNF38	Missense_Mutation	70	9	79	0.11392405063291139	2	2	0	0.3862	1	0.3862	0.3862	False	0.59	2.09
9	36357867	C	A	RNF38	Missense_Mutation	38	4	42	0.09523809523809523	2	2	0	0.3228	1	0.3228	0.3228	False	0.59	2.09
9	39144313	G	A	CNTNAP3	Silent	222	50	272	0.18382352941176472	3	2	1	0.807	1	0.807	0.807	False	0.59	2.09
9	40772982	T	C	ZNF658	Missense_Mutation	66	14	80	0.175	3	2	1	0.7682	1	0.7682	0.7682	False	0.59	2.09
9	66469095	G	C	RP11-262H14.1	RNA	31	6	37	0.16216216216216217	3	2	1	0.7119	1	0.7119	0.7119	False	0.59	2.09
9	72783676	A	G	MAMDC2	Missense_Mutation	63	27	90	0.3	2	1	1	1.0169	1	1.0169	1.0	True	0.59	2.09
9	74865699	C	A	GDA	Silent	31	21	52	0.40384615384615385	3	2	1	1.7728	2	0.8864	0.8864	True	0.59	2.09
9	77562990	C	T	C9orf40	Missense_Mutation	76	39	115	0.3391304347826087	3	2	1	1.4887	1	1.4887	1.0	True	0.59	2.09
9	79319703	G	T	PRUNE2	Missense_Mutation	109	16	125	0.128	3	2	1	0.5619	1	0.5619	0.5619	False	0.59	2.09
9	79968356	A	C	VPS13A	Missense_Mutation	88	50	138	0.36231884057971014	3	2	1	1.5905	2	0.7953	0.7953	False	0.59	2.09
9	85928652	G	A	FRMD3	Missense_Mutation	57	8	65	0.12307692307692308	3	2	1	0.5403	1	0.5403	0.5403	False	0.59	2.09
9	88284475	A	G	AGTPBP1	Missense_Mutation	52	27	79	0.34177215189873417	3	2	1	1.5003	2	0.7502	0.7502	False	0.59	2.09
9	91607004	G	A	C9orf47	3'UTR	11	6	17	0.35294117647058826	3	2	1	1.5494	2	0.7747	0.7747	False	0.59	2.09
9	91619117	C	G	S1PR3	3'UTR	13	7	20	0.35	3	2	1	1.5364	2	0.7682	0.7682	False	0.59	2.09
9	91628486	C	T	SHC3	Missense_Mutation	172	28	200	0.14	3	2	1	0.6146	1	0.6146	0.6146	False	0.59	2.09
9	95050109	G	T	IARS	Nonsense_Mutation	107	21	128	0.1640625	3	2	1	0.7202	1	0.7202	0.7202	False	0.59	2.09
9	95081587	T	C	NOL8	Silent	225	92	317	0.2902208201892745	3	2	1	1.274	1	1.274	1.0	True	0.59	2.09
9	95237084	C	A	ASPN	Missense_Mutation	44	23	67	0.34328358208955223	3	2	1	1.507	2	0.7535	0.7535	False	0.59	2.09
9	96015265	G	A	WNK2	Silent	26	10	36	0.2777777777777778	3	2	1	1.2194	1	1.2194	1.0	True	0.59	2.09
9	100417192	C	T	NCBP1	Missense_Mutation	67	7	74	0.0945945945945946	2	1	1	0.3207	1	0.3207	0.3207	False	0.59	2.09
9	101065558	A	T	GABBR2	Missense_Mutation	141	30	171	0.17543859649122806	2	1	1	0.5947	1	0.5947	0.5947	False	0.59	2.09
9	106880520	G	T	SMC2	Missense_Mutation	109	21	130	0.16153846153846155	2	1	1	0.5476	1	0.5476	0.5476	False	0.59	2.09
9	107267380	C	T	OR13F1	Silent	71	8	79	0.10126582278481013	2	1	1	0.3433	1	0.3433	0.3433	False	0.59	2.09
9	107594022	G	T	ABCA1	Missense_Mutation	81	42	123	0.34146341463414637	2	1	1	1.1575	1	1.1575	1.0	True	0.59	2.09
9	111616922	G	A	ACTL7B	3'UTR	47	5	52	0.09615384615384616	2	1	1	0.3259	1	0.3259	0.3259	False	0.59	2.09
9	111782563	A	C	TMEM245	3'UTR	17	5	22	0.22727272727272727	2	1	1	0.7704	1	0.7704	0.7704	False	0.59	2.09
9	114994443	G	A	PTBP3	Missense_Mutation	56	7	63	0.1111111111111111	2	1	1	0.3766	1	0.3766	0.3766	False	0.59	2.09
9	116153898	C	T	ALAD	Missense_Mutation	48	7	55	0.12727272727272726	2	1	1	0.4314	1	0.4314	0.4314	False	0.59	2.09
9	116854668	T	C	KIF12	Silent	39	17	56	0.30357142857142855	2	1	1	1.0291	1	1.0291	1.0	True	0.59	2.09
9	119495745	C	T	ASTN2	Silent	40	5	45	0.1111111111111111	2	1	1	0.3766	1	0.3766	0.3766	False	0.59	2.09
9	119903692	C	T	ASTN2	Intron	69	6	75	0.08	2	1	1	0.2712	1	0.2712	0.2712	False	0.59	2.09
9	125551233	C	T	OR5C1	Missense_Mutation	24	11	35	0.3142857142857143	2	1	1	1.0654	1	1.0654	1.0	True	0.59	2.09
9	127572519	G	A	OLFML2A	Missense_Mutation	19	5	24	0.20833333333333334	2	1	1	0.7062	1	0.7062	0.7062	False	0.59	2.09
9	128118026	G	A	GAPVD1	Silent	56	29	85	0.3411764705882353	2	1	1	1.1565	1	1.1565	1.0	True	0.59	2.09
9	130279254	C	T	FAM129B	Silent	24	11	35	0.3142857142857143	2	1	1	1.0654	1	1.0654	1.0	True	0.59	2.09
9	131765150	C	T	NUP188	Missense_Mutation	44	22	66	0.3333333333333333	2	1	1	1.1299	1	1.1299	1.0	True	0.59	2.09
9	131857753	G	A	CRAT	Missense_Mutation	19	6	25	0.24	2	1	1	0.8136	1	0.8136	0.8136	False	0.59	2.09
9	131882882	G	A	PPP2R4	Missense_Mutation	64	15	79	0.189873417721519	2	1	1	0.6436	1	0.6436	0.6436	False	0.59	2.09
9	133511478	G	A	FUBP3	Missense_Mutation	25	9	34	0.2647058823529412	2	1	1	0.8973	1	0.8973	0.8973	True	0.59	2.09
9	134351582	C	T	PRRC2B	Missense_Mutation	17	16	33	0.48484848484848486	2	1	1	1.6436	1	1.6436	1.0	True	0.59	2.09
9	135206778	C	T	SETX	Missense_Mutation	34	10	44	0.22727272727272727	2	1	1	0.7704	1	0.7704	0.7704	False	0.59	2.09
9	135940143	A	G	CEL	Missense_Mutation	25	13	38	0.34210526315789475	2	1	1	1.1597	1	1.1597	1.0	True	0.59	2.09
9	136597723	C	T	SARDH	Missense_Mutation	27	15	42	0.35714285714285715	2	1	1	1.2107	1	1.2107	1.0	True	0.59	2.09
9	137007763	C	T	WDR5	Silent	78	14	92	0.15217391304347827	2	1	1	0.5158	1	0.5158	0.5158	False	0.59	2.09
9	137714848	C	T	COL5A1	Missense_Mutation	21	8	29	0.27586206896551724	2	1	1	0.9351	1	0.9351	0.9351	True	0.59	2.09
9	138380112	A	G	PPP1R26	3'UTR	57	17	74	0.22972972972972974	2	1	1	0.7787	1	0.7787	0.7787	False	0.59	2.09
9	138642799	C	T	KCNT1	Missense_Mutation	24	10	34	0.29411764705882354	2	1	1	0.997	1	0.997	0.997	True	0.59	2.09
9	139350544	C	T	SEC16A	Silent	32	6	38	0.15789473684210525	2	1	1	0.5352	1	0.5352	0.5352	False	0.59	2.09
9	139395101	C	T	NOTCH1	Missense_Mutation	27	12	39	0.3076923076923077	2	1	1	1.043	1	1.043	1.0	True	0.59	2.09
9	139618050	C	A	FAM69B	Silent	11	6	17	0.35294117647058826	2	1	1	1.1964	1	1.1964	1.0	True	0.59	2.09
9	139699285	C	T	CCDC183	Intron	41	13	54	0.24074074074074073	2	1	1	0.8161	1	0.8161	0.8161	False	0.59	2.09
9	139838522	C	T	FBXW5	Missense_Mutation	9	11	20	0.55	2	1	1	1.8644	1	1.8644	1.0	True	0.59	2.09
9	140146465	G	A	C9orf173	Missense_Mutation	27	15	42	0.35714285714285715	2	1	1	1.2107	1	1.2107	1.0	True	0.59	2.09
9	140437894	T	C	PNPLA7	Missense_Mutation	85	24	109	0.22018348623853212	2	1	1	0.7464	1	0.7464	0.7464	False	0.59	2.09
10	94757	G	T	TUBB8	Nonsense_Mutation	19	3	22	0.13636363636363635	2	1	1	0.4622	1	0.4622	0.4622	False	0.59	2.09
10	436203	C	T	DIP2C	Splice_Site	59	25	84	0.2976190476190476	2	1	1	1.0089	1	1.0089	1.0	True	0.59	2.09
10	3124609	C	T	PFKP	Missense_Mutation	32	21	53	0.39622641509433965	2	1	1	1.3431	1	1.3431	1.0	True	0.59	2.09
10	11962993	T	C	UPF2	3'UTR	30	3	33	0.09090909090909091	2	1	1	0.3082	1	0.3082	0.3082	False	0.59	2.09
10	13251371	G	A	MCM10	3'UTR	34	8	42	0.19047619047619047	2	1	1	0.6457	1	0.6457	0.6457	False	0.59	2.09
10	14563888	G	A	FAM107B	Missense_Mutation	209	34	243	0.13991769547325103	2	1	1	0.4743	1	0.4743	0.4743	False	0.59	2.09
10	15145342	G	A	RPP38	Missense_Mutation	16	10	26	0.38461538461538464	2	1	1	1.3038	1	1.3038	1.0	True	0.59	2.09
10	15646219	T	C	ITGA8	Silent	93	42	135	0.3111111111111111	2	1	1	1.0546	1	1.0546	1.0	True	0.59	2.09
10	16526798	G	A	PTER	Missense_Mutation	32	8	40	0.2	2	1	1	0.678	1	0.678	0.678	False	0.59	2.09
10	16873356	G	A	CUBN	Missense_Mutation	76	38	114	0.3333333333333333	2	1	1	1.1299	1	1.1299	1.0	True	0.59	2.09
10	17113494	T	A	CUBN	Missense_Mutation	43	8	51	0.1568627450980392	2	1	1	0.5317	1	0.5317	0.5317	False	0.59	2.09
10	20290758	T	G	PLXDC2	Missense_Mutation	39	10	49	0.20408163265306123	2	1	1	0.6918	1	0.6918	0.6918	False	0.59	2.09
10	21098812	C	T	NEBL	Missense_Mutation	15	5	20	0.25	2	1	1	0.8475	1	0.8475	0.8475	False	0.59	2.09
10	21115407	C	T	NEBL	Missense_Mutation	63	7	70	0.1	2	1	1	0.339	1	0.339	0.339	False	0.59	2.09
10	24722005	C	T	KIAA1217	Missense_Mutation	29	17	46	0.3695652173913043	2	1	1	1.2528	1	1.2528	1.0	True	0.59	2.09
10	24832023	C	T	KIAA1217	Missense_Mutation	25	13	38	0.34210526315789475	2	1	1	1.1597	1	1.1597	1.0	True	0.59	2.09
10	25314555	C	T	THNSL1	3'UTR	37	13	50	0.26	2	1	1	0.8814	1	0.8814	0.8814	True	0.59	2.09
10	25888009	C	T	GPR158	Missense_Mutation	20	7	27	0.25925925925925924	2	1	1	0.8788	1	0.8788	0.8788	True	0.59	2.09
10	27410337	T	C	YME1L1	Missense_Mutation	26	3	29	0.10344827586206896	2	1	1	0.3507	1	0.3507	0.3507	False	0.59	2.09
10	29776169	C	T	SVIL	Missense_Mutation	42	14	56	0.25	2	1	1	0.8475	1	0.8475	0.8475	False	0.59	2.09
10	33552752	G	A	NRP1	Silent	58	24	82	0.2926829268292683	2	1	1	0.9921	1	0.9921	0.9921	True	0.59	2.09
10	35896891	G	A	GJD4	Silent	19	5	24	0.20833333333333334	2	1	1	0.7062	1	0.7062	0.7062	False	0.59	2.09
10	48371962	C	A	ZNF488	3'UTR	44	8	52	0.15384615384615385	2	1	1	0.5215	1	0.5215	0.5215	False	0.59	2.09
10	48428713	A	T	GDF10	Missense_Mutation	45	19	64	0.296875	2	1	1	1.0064	1	1.0064	1.0	True	0.59	2.09
10	48438441	G	A	GDF10	Silent	10	5	15	0.3333333333333333	2	1	1	1.1299	1	1.1299	1.0	True	0.59	2.09
10	49613003	G	T	MAPK8	Missense_Mutation	83	42	125	0.336	2	1	1	1.139	1	1.139	1.0	True	0.59	2.09
10	51472599	A	T	AGAP7	Silent	17	8	25	0.32	2	1	1	1.0847	1	1.0847	1.0	True	0.59	2.09
10	51579212	G	A	NCOA4	Missense_Mutation	26	9	35	0.2571428571428571	2	1	1	0.8717	1	0.8717	0.8717	True	0.59	2.09
10	51585019	T	C	NCOA4	Missense_Mutation	41	4	45	0.08888888888888889	2	1	1	0.3013	1	0.3013	0.3013	False	0.59	2.09
10	51769755	G	T	AGAP6	Missense_Mutation	25	7	32	0.21875	2	1	1	0.7415	1	0.7415	0.7415	False	0.59	2.09
10	58118172	C	T	ZWINT	3'UTR	88	39	127	0.30708661417322836	2	1	1	1.041	1	1.041	1.0	True	0.59	2.09
10	63170301	C	T	TMEM26	Missense_Mutation	85	29	114	0.2543859649122807	2	1	1	0.8623	1	0.8623	0.8623	True	0.59	2.09
10	67748469	G	A	CTNNA3	Missense_Mutation	71	17	88	0.19318181818181818	2	1	1	0.6549	1	0.6549	0.6549	False	0.59	2.09
10	70043993	C	T	PBLD	Missense_Mutation	67	21	88	0.23863636363636365	2	1	1	0.8089	1	0.8089	0.8089	False	0.59	2.09
10	70446282	G	A	TET1	Missense_Mutation	30	8	38	0.21052631578947367	2	1	1	0.7136	1	0.7136	0.7136	False	0.59	2.09
10	71631958	G	A	COL13A1	Missense_Mutation	80	30	110	0.2727272727272727	2	1	1	0.9245	1	0.9245	0.9245	True	0.59	2.09
10	73574949	G	A	CDH23	Missense_Mutation	16	8	24	0.3333333333333333	2	1	1	1.1299	1	1.1299	1.0	True	0.59	2.09
10	75525312	G	A	SEC24C	Missense_Mutation	225	103	328	0.31402439024390244	2	1	1	1.0645	1	1.0645	1.0	True	0.59	2.09
10	75671677	G	A	PLAU	Intron	92	13	105	0.12380952380952381	2	1	1	0.4197	1	0.4197	0.4197	False	0.59	2.09
10	76781869	G	A	KAT6B	Silent	40	15	55	0.2727272727272727	2	1	1	0.9245	1	0.9245	0.9245	True	0.59	2.09
10	78761171	G	A	KCNMA1	Intron	29	17	46	0.3695652173913043	2	1	1	1.2528	1	1.2528	1.0	True	0.59	2.09
10	78869992	T	A	KCNMA1	Missense_Mutation	87	23	110	0.20909090909090908	2	1	1	0.7088	1	0.7088	0.7088	False	0.59	2.09
10	78870005	C	T	KCNMA1	Missense_Mutation	95	28	123	0.22764227642276422	2	1	1	0.7717	1	0.7717	0.7717	False	0.59	2.09
10	85901227	T	A	GHITM	5'UTR	35	6	41	0.14634146341463414	2	1	1	0.4961	1	0.4961	0.4961	False	0.59	2.09
10	85962737	A	G	CDHR1	Missense_Mutation	140	72	212	0.33962264150943394	2	1	1	1.1513	1	1.1513	1.0	True	0.59	2.09
10	85968528	G	A	CDHR1	Missense_Mutation	67	10	77	0.12987012987012986	2	1	1	0.4402	1	0.4402	0.4402	False	0.59	2.09
10	88704134	C	T	MMRN2	Silent	42	13	55	0.23636363636363636	2	1	1	0.8012	1	0.8012	0.8012	False	0.59	2.09
10	89720693	G	T	PTEN	Nonsense_Mutation	111	10	121	0.08264462809917356	2	1	1	0.2802	1	0.2802	0.2802	False	0.59	2.09
10	91352500	G	A	PANK1	Intron	67	12	79	0.1518987341772152	2	1	1	0.5149	1	0.5149	0.5149	False	0.59	2.09
10	94608329	G	A	EXOC6	Silent	18	9	27	0.3333333333333333	2	1	1	1.1299	1	1.1299	1.0	True	0.59	2.09
10	95552622	G	A	LGI1	Missense_Mutation	42	14	56	0.25	2	1	1	0.8475	1	0.8475	0.8475	False	0.59	2.09
10	97916587	C	T	ZNF518A	RNA	27	11	38	0.2894736842105263	2	1	1	0.9813	1	0.9813	0.9813	True	0.59	2.09
10	97921074	C	T	ZNF518A	RNA	51	28	79	0.35443037974683544	2	1	1	1.2015	1	1.2015	1.0	True	0.59	2.09
10	98744051	C	T	C10orf12	Silent	18	11	29	0.3793103448275862	2	1	1	1.2858	1	1.2858	1.0	True	0.59	2.09
10	100195048	C	T	HPS1	Missense_Mutation	37	15	52	0.28846153846153844	2	1	1	0.9778	1	0.9778	0.9778	True	0.59	2.09
10	101090277	G	A	CNNM1	Missense_Mutation	24	6	30	0.2	2	1	1	0.678	1	0.678	0.678	False	0.59	2.09
10	101419689	G	A	ENTPD7	5'UTR	30	16	46	0.34782608695652173	2	1	1	1.1791	1	1.1791	1.0	True	0.59	2.09
10	102988411	G	A	LBX1	Silent	20	17	37	0.4594594594594595	2	1	1	1.5575	1	1.5575	1.0	True	0.59	2.09
10	103360972	C	T	DPCD	Missense_Mutation	38	9	47	0.19148936170212766	2	1	1	0.6491	1	0.6491	0.6491	False	0.59	2.09
10	103867869	G	A	LDB1	Missense_Mutation	49	9	58	0.15517241379310345	2	1	1	0.526	1	0.526	0.526	False	0.59	2.09
10	103900905	T	C	PPRC1	Silent	138	18	156	0.11538461538461539	2	1	1	0.3911	1	0.3911	0.3911	False	0.59	2.09
10	104679412	C	T	CNNM2	Missense_Mutation	16	8	24	0.3333333333333333	2	1	1	1.1299	1	1.1299	1.0	True	0.59	2.09
10	105793951	C	T	COL17A1	Missense_Mutation	45	19	64	0.296875	2	1	1	1.0064	1	1.0064	1.0	True	0.59	2.09
10	105926427	T	C	WDR96	Missense_Mutation	77	16	93	0.17204301075268819	2	1	1	0.5832	1	0.5832	0.5832	False	0.59	2.09
10	108589412	T	A	SORCS1	Missense_Mutation	43	8	51	0.1568627450980392	2	1	1	0.5317	1	0.5317	0.5317	False	0.59	2.09
10	114182169	T	C	ACSL5	Silent	39	20	59	0.3389830508474576	2	1	1	1.1491	1	1.1491	1.0	True	0.59	2.09
10	115515084	G	A	PLEKHS1	5'UTR	17	9	26	0.34615384615384615	2	1	1	1.1734	1	1.1734	1.0	True	0.59	2.09
10	118360710	G	A	PNLIPRP1	Missense_Mutation	24	6	30	0.2	2	1	1	0.678	1	0.678	0.678	False	0.59	2.09
10	119134467	G	A	PDZD8	Missense_Mutation	9	6	15	0.4	2	1	1	1.3559	1	1.3559	1.0	True	0.59	2.09
10	120809334	G	A	EIF3A	Silent	153	65	218	0.2981651376146789	2	1	1	1.0107	1	1.0107	1.0	True	0.59	2.09
10	121586591	C	T	INPP5F	Nonsense_Mutation	46	19	65	0.2923076923076923	2	1	1	0.9909	1	0.9909	0.9909	True	0.59	2.09
10	123324952	C	A	FGFR2	Missense_Mutation	18	13	31	0.41935483870967744	2	1	1	1.4215	1	1.4215	1.0	True	0.59	2.09
10	123844875	G	A	TACC2	Missense_Mutation	17	8	25	0.32	2	1	1	1.0847	1	1.0847	1.0	True	0.59	2.09
10	124596381	G	T	CUZD1	Silent	25	17	42	0.40476190476190477	2	1	1	1.3721	1	1.3721	1.0	True	0.59	2.09
10	124672283	C	A	FAM24A	Missense_Mutation	97	42	139	0.302158273381295	2	1	1	1.0243	1	1.0243	1.0	True	0.59	2.09
10	126205798	G	A	LHPP	Missense_Mutation	29	12	41	0.2926829268292683	2	1	1	0.9921	1	0.9921	0.9921	True	0.59	2.09
10	128795052	A	T	DOCK1	Missense_Mutation	102	29	131	0.22137404580152673	2	1	1	0.7504	1	0.7504	0.7504	False	0.59	2.09
10	129899602	G	A	MKI67	Missense_Mutation	128	69	197	0.350253807106599	2	1	1	1.1873	1	1.1873	1.0	True	0.59	2.09
10	129907396	C	A	MKI67	Missense_Mutation	412	30	442	0.06787330316742081	2	1	1	0.2301	1	0.2301	0.2301	False	0.59	2.09
10	134016328	G	T	DPYSL4	Missense_Mutation	27	4	31	0.12903225806451613	2	1	1	0.4374	1	0.4374	0.4374	False	0.59	2.09
10	134660511	G	T	TTC40	Silent	26	15	41	0.36585365853658536	2	1	1	1.2402	1	1.2402	1.0	True	0.59	2.09
11	609288	G	A	PHRF1	Missense_Mutation	31	5	36	0.1388888888888889	2	1	1	0.4708	1	0.4708	0.4708	False	0.59	2.09
11	1023964	C	A	MUC6	Missense_Mutation	18	12	30	0.4	2	1	1	1.3559	1	1.3559	1.0	True	0.59	2.09
11	1094679	G	A	MUC2	Missense_Mutation	29	18	47	0.3829787234042553	2	1	1	1.2982	1	1.2982	1.0	True	0.59	2.09
11	1094828	C	A	MUC2	Silent	110	33	143	0.23076923076923078	2	1	1	0.7823	1	0.7823	0.7823	False	0.59	2.09
11	1260163	C	A	MUC5B	Silent	27	9	36	0.25	2	1	1	0.8475	1	0.8475	0.8475	False	0.59	2.09
11	1263238	C	T	MUC5B	Missense_Mutation	34	4	38	0.10526315789473684	2	1	1	0.3568	1	0.3568	0.3568	False	0.59	2.09
11	1266767	C	A	MUC5B	Missense_Mutation	85	46	131	0.3511450381679389	2	1	1	1.1903	1	1.1903	1.0	True	0.59	2.09
11	2005704	G	A	MRPL23-AS1	RNA	20	9	29	0.3103448275862069	2	1	1	1.052	1	1.052	1.0	True	0.59	2.09
11	4471097	C	T	OR52K2	Silent	143	43	186	0.23118279569892472	2	1	1	0.7837	1	0.7837	0.7837	False	0.59	2.09
11	5809914	A	C	OR52N1	Missense_Mutation	33	4	37	0.10810810810810811	2	1	1	0.3665	1	0.3665	0.3665	False	0.59	2.09
11	5878524	G	A	OR52E8	Missense_Mutation	26	11	37	0.2972972972972973	2	1	1	1.0078	1	1.0078	1.0	True	0.59	2.09
11	6023379	G	T	OR56A4	Missense_Mutation	69	21	90	0.23333333333333334	2	1	1	0.791	1	0.791	0.791	False	0.59	2.09
11	6652592	G	A	DCHS1	Missense_Mutation	61	18	79	0.22784810126582278	2	1	1	0.7724	1	0.7724	0.7724	False	0.59	2.09
11	6806774	G	A	OR2AG1	Missense_Mutation	48	17	65	0.26153846153846155	2	1	1	0.8866	1	0.8866	0.8866	True	0.59	2.09
11	7064968	G	T	NLRP14	Missense_Mutation	33	4	37	0.10810810810810811	2	1	1	0.3665	1	0.3665	0.3665	False	0.59	2.09
11	7669616	A	G	PPFIBP2	Splice_Site	46	27	73	0.3698630136986301	2	1	1	1.2538	1	1.2538	1.0	True	0.59	2.09
11	7982636	C	T	NLRP10	Missense_Mutation	40	8	48	0.16666666666666666	2	1	1	0.565	1	0.565	0.565	False	0.59	2.09
11	7982867	A	G	NLRP10	Missense_Mutation	53	12	65	0.18461538461538463	2	1	1	0.6258	1	0.6258	0.6258	False	0.59	2.09
11	8640308	G	A	TRIM66	Nonsense_Mutation	20	12	32	0.375	2	1	1	1.2712	1	1.2712	1.0	True	0.59	2.09
11	8706299	C	T	RPL27A	Missense_Mutation	37	24	61	0.39344262295081966	2	1	1	1.3337	1	1.3337	1.0	True	0.59	2.09
11	9530252	A	G	ZNF143	Missense_Mutation	24	6	30	0.2	2	1	1	0.678	1	0.678	0.678	False	0.59	2.09
11	12958813	C	T	TEAD1	3'UTR	23	7	30	0.23333333333333334	2	1	1	0.791	1	0.791	0.791	False	0.59	2.09
11	17099177	C	T	RPS13	Missense_Mutation	56	17	73	0.2328767123287671	2	1	1	0.7894	1	0.7894	0.7894	False	0.59	2.09
11	17409452	G	A	KCNJ11	Silent	47	14	61	0.22950819672131148	2	1	1	0.778	1	0.778	0.778	False	0.59	2.09
11	18637073	G	A	SPTY2D1	Missense_Mutation	92	42	134	0.31343283582089554	2	1	1	1.0625	1	1.0625	1.0	True	0.59	2.09
11	20805244	A	T	NELL1	Missense_Mutation	43	23	66	0.3484848484848485	2	1	1	1.1813	1	1.1813	1.0	True	0.59	2.09
11	20805262	G	T	NELL1	Missense_Mutation	47	21	68	0.3088235294117647	2	1	1	1.0469	1	1.0469	1.0	True	0.59	2.09
11	22382477	G	A	SLC17A6	Missense_Mutation	26	11	37	0.2972972972972973	2	1	1	1.0078	1	1.0078	1.0	True	0.59	2.09
11	22646255	T	C	FANCF	Missense_Mutation	65	8	73	0.1095890410958904	2	1	1	0.3715	1	0.3715	0.3715	False	0.59	2.09
11	26353784	G	A	ANO3	5'UTR	50	22	72	0.3055555555555556	2	1	1	1.0358	1	1.0358	1.0	True	0.59	2.09
11	26677929	A	C	ANO3	Missense_Mutation	49	18	67	0.26865671641791045	2	1	1	0.9107	1	0.9107	0.9107	True	0.59	2.09
11	27016530	C	T	FIBIN	Missense_Mutation	11	5	16	0.3125	2	1	1	1.0593	1	1.0593	1.0	True	0.59	2.09
11	32410544	T	G	WT1	3'UTR	34	7	41	0.17073170731707318	2	1	1	0.5788	1	0.5788	0.5788	False	0.59	2.09
11	33079609	G	A	TCP11L1	Missense_Mutation	44	10	54	0.18518518518518517	2	1	1	0.6277	1	0.6277	0.6277	False	0.59	2.09
11	35219667	G	C	CD44	Splice_Site	29	8	37	0.21621621621621623	2	1	1	0.7329	1	0.7329	0.7329	False	0.59	2.09
11	35641183	G	A	FJX1	Silent	14	5	19	0.2631578947368421	2	1	1	0.8921	1	0.8921	0.8921	True	0.59	2.09
11	35641844	G	C	FJX1	3'UTR	25	4	29	0.13793103448275862	2	1	1	0.4676	1	0.4676	0.4676	False	0.59	2.09
11	45948338	G	A	GYLTL1B	Missense_Mutation	24	14	38	0.3684210526315789	2	1	1	1.2489	1	1.2489	1.0	True	0.59	2.09
11	46393069	G	A	DGKZ	Silent	28	10	38	0.2631578947368421	2	1	1	0.8921	1	0.8921	0.8921	True	0.59	2.09
11	46399781	T	C	DGKZ	Splice_Site	34	14	48	0.2916666666666667	2	1	1	0.9887	1	0.9887	0.9887	True	0.59	2.09
11	46407024	C	T	CHRM4	Missense_Mutation	16	6	22	0.2727272727272727	2	1	1	0.9245	1	0.9245	0.9245	True	0.59	2.09
11	46745004	G	T	F2	Silent	26	13	39	0.3333333333333333	2	1	1	1.1299	1	1.1299	1.0	True	0.59	2.09
11	47296477	G	A	MADD	Silent	17	8	25	0.32	2	1	1	1.0847	1	1.0847	1.0	True	0.59	2.09
11	47296508	G	A	MADD	Missense_Mutation	23	8	31	0.25806451612903225	2	1	1	0.8748	1	0.8748	0.8748	True	0.59	2.09
11	47594774	C	T	KBTBD4	Missense_Mutation	73	13	86	0.1511627906976744	2	1	1	0.5124	1	0.5124	0.5124	False	0.59	2.09
11	47744606	A	T	FNBP4	Silent	24	9	33	0.2727272727272727	2	1	1	0.9245	1	0.9245	0.9245	True	0.59	2.09
11	55657450	C	A	TRIM51	Missense_Mutation	110	43	153	0.28104575163398693	2	1	1	0.9527	1	0.9527	0.9527	True	0.59	2.09
11	55659219	T	C	TRIM51	3'UTR	6	3	9	0.3333333333333333	2	1	1	1.1299	1	1.1299	1.0	True	0.59	2.09
11	57080357	G	T	TNKS1BP1	Missense_Mutation	39	11	50	0.22	2	1	1	0.7458	1	0.7458	0.7458	False	0.59	2.09
11	57457892	C	T	ZDHHC5	Missense_Mutation	90	22	112	0.19642857142857142	2	1	1	0.6659	1	0.6659	0.6659	False	0.59	2.09
11	57947583	G	A	OR9Q1	Missense_Mutation	103	65	168	0.3869047619047619	2	1	1	1.3115	1	1.3115	1.0	True	0.59	2.09
11	60482508	G	A	MS4A8	Silent	73	38	111	0.34234234234234234	2	1	1	1.1605	1	1.1605	1.0	True	0.59	2.09
11	61252184	C	T	PPP1R32	Nonsense_Mutation	23	10	33	0.30303030303030304	2	1	1	1.0272	1	1.0272	1.0	True	0.59	2.09
11	62520294	G	A	ZBTB3	Silent	61	24	85	0.2823529411764706	2	1	1	0.9571	1	0.9571	0.9571	True	0.59	2.09
11	63680191	G	A	RCOR2	Silent	78	23	101	0.22772277227722773	2	1	1	0.7719	1	0.7719	0.7719	False	0.59	2.09
11	63884259	G	A	FLRT1	Missense_Mutation	17	6	23	0.2608695652173913	2	1	1	0.8843	1	0.8843	0.8843	True	0.59	2.09
11	64108790	C	T	CCDC88B	Missense_Mutation	37	31	68	0.45588235294117646	2	1	1	1.5454	1	1.5454	1.0	True	0.59	2.09
11	64662682	C	A	ATG2A	Splice_Site	39	9	48	0.1875	2	1	1	0.6356	1	0.6356	0.6356	False	0.59	2.09
11	64896087	C	T	SYVN1	Silent	56	10	66	0.15151515151515152	2	1	1	0.5136	1	0.5136	0.5136	False	0.59	2.09
11	65417896	G	T	SIPA1	Missense_Mutation	64	16	80	0.2	2	1	1	0.678	1	0.678	0.678	False	0.59	2.09
11	66050236	C	T	CNIH2	Silent	33	12	45	0.26666666666666666	2	1	1	0.904	1	0.904	0.904	True	0.59	2.09
11	66052363	G	A	YIF1A	Missense_Mutation	33	15	48	0.3125	2	1	1	1.0593	1	1.0593	1.0	True	0.59	2.09
11	66192380	C	T	NPAS4	Silent	31	7	38	0.18421052631578946	2	1	1	0.6244	1	0.6244	0.6244	False	0.59	2.09
11	66407164	C	T	RBM4	5'UTR	50	5	55	0.09090909090909091	2	1	1	0.3082	1	0.3082	0.3082	False	0.59	2.09
11	66834210	G	T	RHOD	Silent	31	9	40	0.225	2	1	1	0.7627	1	0.7627	0.7627	False	0.59	2.09
11	67202550	G	A	RPS6KB2	Silent	27	4	31	0.12903225806451613	2	1	1	0.4374	1	0.4374	0.4374	False	0.59	2.09
11	67399806	G	A	TBX10	Missense_Mutation	33	19	52	0.36538461538461536	2	1	1	1.2386	1	1.2386	1.0	True	0.59	2.09
11	68193528	C	T	LRP5	Silent	15	6	21	0.2857142857142857	2	1	1	0.9685	1	0.9685	0.9685	True	0.59	2.09
11	68483387	C	T	MTL5	Missense_Mutation	18	7	25	0.28	2	1	1	0.9492	1	0.9492	0.9492	True	0.59	2.09
11	75902779	C	T	WNT11	Missense_Mutation	22	7	29	0.2413793103448276	2	1	1	0.8182	1	0.8182	0.8182	False	0.59	2.09
11	76830163	G	T	CAPN5	Missense_Mutation	16	5	21	0.23809523809523808	2	1	1	0.8071	1	0.8071	0.8071	False	0.59	2.09
11	82443869	C	T	FAM181B	Silent	2	6	8	0.75	2	1	1	2.5424	1	2.5424	1.0	True	0.59	2.09
11	83544713	C	T	DLG2	Missense_Mutation	21	16	37	0.43243243243243246	2	1	1	1.4659	1	1.4659	1.0	True	0.59	2.09
11	89424653	G	T	FOLH1B	RNA	167	19	186	0.10215053763440861	2	1	1	0.3463	1	0.3463	0.3463	False	0.59	2.09
11	93471368	C	T	TAF1D	Silent	126	26	152	0.17105263157894737	2	1	1	0.5798	1	0.5798	0.5798	False	0.59	2.09
11	96116453	A	G	CCDC82	Missense_Mutation	75	18	93	0.1935483870967742	2	1	1	0.6561	1	0.6561	0.6561	False	0.59	2.09
11	96125290	G	A	JRKL	Missense_Mutation	65	7	72	0.09722222222222222	2	1	1	0.3296	1	0.3296	0.3296	False	0.59	2.09
11	100999477	C	T	PGR	Missense_Mutation	26	4	30	0.13333333333333333	2	1	1	0.452	1	0.452	0.452	False	0.59	2.09
11	102592161	G	A	MMP8	Missense_Mutation	58	24	82	0.2926829268292683	2	1	1	0.9921	1	0.9921	0.9921	True	0.59	2.09
11	102816465	T	C	MMP13	Missense_Mutation	21	8	29	0.27586206896551724	2	1	1	0.9351	1	0.9351	0.9351	True	0.59	2.09
11	103126895	C	A	DYNC2H1	Missense_Mutation	61	29	90	0.32222222222222224	2	1	1	1.0923	1	1.0923	1.0	True	0.59	2.09
11	107833156	C	T	RAB39A	3'UTR	38	21	59	0.3559322033898305	2	1	1	1.2065	1	1.2065	1.0	True	0.59	2.09
11	108142001	G	T	ATM	Missense_Mutation	87	9	96	0.09375	2	1	1	0.3178	1	0.3178	0.3178	False	0.59	2.09
11	114569423	T	C	NXPE2	Silent	26	7	33	0.21212121212121213	2	1	1	0.7191	1	0.7191	0.7191	False	0.59	2.09
11	118272186	C	A	ATP5L	5'UTR	8	6	14	0.42857142857142855	2	1	1	1.4528	1	1.4528	1.0	True	0.59	2.09
11	118375871	G	A	KMT2A	Missense_Mutation	58	18	76	0.23684210526315788	2	1	1	0.8029	1	0.8029	0.8029	False	0.59	2.09
11	118944073	C	T	VPS11	Silent	57	27	84	0.32142857142857145	2	1	1	1.0896	1	1.0896	1.0	True	0.59	2.09
11	119050850	G	A	NLRX1	Missense_Mutation	64	14	78	0.1794871794871795	2	1	1	0.6084	1	0.6084	0.6084	False	0.59	2.09
11	119066153	C	A	CCDC153	Missense_Mutation	264	111	375	0.296	2	1	1	1.0034	1	1.0034	1.0	True	0.59	2.09
11	120957839	G	T	TBCEL	3'UTR	15	3	18	0.16666666666666666	2	1	1	0.565	1	0.565	0.565	False	0.59	2.09
11	120989208	A	T	TECTA	Silent	54	27	81	0.3333333333333333	2	1	1	1.1299	1	1.1299	1.0	True	0.59	2.09
11	121038819	C	A	TECTA	Missense_Mutation	67	48	115	0.41739130434782606	2	1	1	1.4149	1	1.4149	1.0	True	0.59	2.09
11	121428048	G	A	SORL1	Missense_Mutation	40	30	70	0.42857142857142855	2	1	1	1.4528	1	1.4528	1.0	True	0.59	2.09
11	121490511	T	C	SORL1	Missense_Mutation	69	11	80	0.1375	2	1	1	0.4661	1	0.4661	0.4661	False	0.59	2.09
11	123483564	G	A	GRAMD1B	Missense_Mutation	37	11	48	0.22916666666666666	2	1	1	0.7768	1	0.7768	0.7768	False	0.59	2.09
11	123524568	G	A	SCN3B	5'UTR	24	12	36	0.3333333333333333	2	1	1	1.1299	1	1.1299	1.0	True	0.59	2.09
11	123810958	T	C	OR4D5	Missense_Mutation	183	66	249	0.26506024096385544	2	1	1	0.8985	1	0.8985	0.8985	True	0.59	2.09
11	124180410	A	C	OR8D1	Missense_Mutation	33	5	38	0.13157894736842105	2	1	1	0.446	1	0.446	0.446	False	0.59	2.09
11	126141332	A	G	FOXRED1	Missense_Mutation	31	3	34	0.08823529411764706	2	1	1	0.2991	1	0.2991	0.2991	False	0.59	2.09
11	128332245	C	A	ETS1	3'UTR	61	20	81	0.24691358024691357	2	1	1	0.837	1	0.837	0.837	False	0.59	2.09
11	130332455	G	T	ADAMTS15	Missense_Mutation	17	17	34	0.5	2	1	1	1.6949	1	1.6949	1.0	True	0.59	2.09
11	134118307	G	A	THYN1	3'UTR	94	24	118	0.2033898305084746	2	1	1	0.6895	1	0.6895	0.6895	False	0.59	2.09
11	134126542	G	T	ACAD8	Missense_Mutation	29	15	44	0.3409090909090909	2	1	1	1.1556	1	1.1556	1.0	True	0.59	2.09
11	134181042	A	T	GLB1L3	Missense_Mutation	26	12	38	0.3157894736842105	2	1	1	1.0705	1	1.0705	1.0	True	0.59	2.09
11	134241653	C	T	GLB1L2	Missense_Mutation	24	13	37	0.35135135135135137	2	1	1	1.191	1	1.191	1.0	True	0.59	2.09
12	3048530	G	T	TULP3	Missense_Mutation	112	47	159	0.29559748427672955	2	1	1	1.002	1	1.002	1.0	True	0.59	2.09
12	3678685	G	A	PRMT8	Missense_Mutation	34	17	51	0.3333333333333333	2	1	1	1.1299	1	1.1299	1.0	True	0.59	2.09
12	4922682	C	A	KCNA6	3'UTR	40	22	62	0.3548387096774194	2	1	1	1.2028	1	1.2028	1.0	True	0.59	2.09
12	5027395	G	T	KCNA1	3'UTR	95	30	125	0.24	2	1	1	0.8136	1	0.8136	0.8136	False	0.59	2.09
12	5154436	G	A	KCNA5	Missense_Mutation	71	33	104	0.3173076923076923	2	1	1	1.0756	1	1.0756	1.0	True	0.59	2.09
12	5155376	G	A	KCNA5	3'UTR	63	24	87	0.27586206896551724	2	1	1	0.9351	1	0.9351	0.9351	True	0.59	2.09
12	5939612	G	A	ANO2	Missense_Mutation	52	37	89	0.4157303370786517	2	1	1	1.4093	1	1.4093	1.0	True	0.59	2.09
12	6127971	G	A	VWF	Missense_Mutation	8	8	16	0.5	2	1	1	1.6949	1	1.6949	1.0	True	0.59	2.09
12	6691425	G	A	CHD4	Missense_Mutation	38	20	58	0.3448275862068966	2	1	1	1.1689	1	1.1689	1.0	True	0.59	2.09
12	6859161	G	A	MLF2	Missense_Mutation	28	14	42	0.3333333333333333	2	1	1	1.1299	1	1.1299	1.0	True	0.59	2.09
12	6946690	C	T	LEPREL2	Missense_Mutation	27	13	40	0.325	2	1	1	1.1017	1	1.1017	1.0	True	0.59	2.09
12	6955994	G	T	GNB3	Nonsense_Mutation	21	7	28	0.25	2	1	1	0.8475	1	0.8475	0.8475	False	0.59	2.09
12	7050048	G	A	ATN1	Missense_Mutation	47	16	63	0.25396825396825395	2	1	1	0.8609	1	0.8609	0.8609	True	0.59	2.09
12	8757877	C	T	AICDA	Missense_Mutation	26	17	43	0.3953488372093023	2	1	1	1.3402	1	1.3402	1.0	True	0.59	2.09
12	8995918	C	A	A2ML1	Silent	31	17	48	0.3541666666666667	2	1	1	1.2006	1	1.2006	1.0	True	0.59	2.09
12	9220517	G	T	A2M	Intron	17	11	28	0.39285714285714285	2	1	1	1.3317	1	1.3317	1.0	True	0.59	2.09
12	11506284	A	C	PRB1	Silent	251	26	277	0.09386281588447654	2	1	1	0.3182	1	0.3182	0.3182	False	0.59	2.09
12	13221569	C	A	KIAA1467	Missense_Mutation	93	32	125	0.256	2	1	1	0.8678	1	0.8678	0.8678	True	0.59	2.09
12	14659126	G	T	PLBD1	Missense_Mutation	61	15	76	0.19736842105263158	2	1	1	0.669	1	0.669	0.669	False	0.59	2.09
12	14927782	G	T	H2AFJ	Silent	61	39	100	0.39	2	1	1	1.322	1	1.322	1.0	True	0.59	2.09
12	15095559	G	A	ARHGDIB	Missense_Mutation	22	5	27	0.18518518518518517	2	1	1	0.6277	1	0.6277	0.6277	False	0.59	2.09
12	18876409	G	A	PLCZ1	Missense_Mutation	53	18	71	0.2535211267605634	2	1	1	0.8594	1	0.8594	0.8594	True	0.59	2.09
12	19646795	C	A	AEBP2	Missense_Mutation	136	45	181	0.24861878453038674	2	1	1	0.8428	1	0.8428	0.8428	False	0.59	2.09
12	25232195	C	T	LRMP	Silent	215	27	242	0.1115702479338843	2	1	1	0.3782	1	0.3782	0.3782	False	0.59	2.09
12	26810750	C	T	ITPR2	Nonsense_Mutation	114	42	156	0.2692307692307692	2	1	1	0.9126	1	0.9126	0.9126	True	0.59	2.09
12	27132834	C	T	TM7SF3	Missense_Mutation	36	21	57	0.3684210526315789	2	1	1	1.2489	1	1.2489	1.0	True	0.59	2.09
12	29648372	T	C	OVCH1	Missense_Mutation	75	10	85	0.11764705882352941	2	1	1	0.3988	1	0.3988	0.3988	False	0.59	2.09
12	32786535	G	A	FGD4	Missense_Mutation	101	44	145	0.30344827586206896	2	1	1	1.0286	1	1.0286	1.0	True	0.59	2.09
12	41352951	G	A	CNTN1	Silent	20	7	27	0.25925925925925924	2	1	1	0.8788	1	0.8788	0.8788	True	0.59	2.09
12	42853924	G	T	PRICKLE1	Missense_Mutation	51	28	79	0.35443037974683544	2	1	1	1.2015	1	1.2015	1.0	True	0.59	2.09
12	42854137	C	T	PRICKLE1	Missense_Mutation	76	11	87	0.12643678160919541	2	1	1	0.4286	1	0.4286	0.4286	False	0.59	2.09
12	43771225	G	A	ADAMTS20	Silent	43	16	59	0.2711864406779661	2	1	1	0.9193	1	0.9193	0.9193	True	0.59	2.09
12	46233111	G	A	ARID2	Splice_Site	37	20	57	0.3508771929824561	2	1	1	1.1894	1	1.1894	1.0	True	0.59	2.09
12	46244770	C	T	ARID2	Missense_Mutation	56	8	64	0.125	2	1	1	0.4237	1	0.4237	0.4237	False	0.59	2.09
12	48174346	T	C	SLC48A1	3'UTR	20	8	28	0.2857142857142857	2	1	1	0.9685	1	0.9685	0.9685	True	0.59	2.09
12	48393881	C	A	COL2A1	Missense_Mutation	62	8	70	0.11428571428571428	2	1	1	0.3874	1	0.3874	0.3874	False	0.59	2.09
12	49396634	C	T	PRKAG1	3'UTR	18	13	31	0.41935483870967744	2	1	1	1.4215	1	1.4215	1.0	True	0.59	2.09
12	49431349	G	T	KMT2D	Missense_Mutation	41	8	49	0.16326530612244897	2	1	1	0.5534	1	0.5534	0.5534	False	0.59	2.09
12	50746110	G	T	FAM186A	Missense_Mutation	44	13	57	0.22807017543859648	2	1	1	0.7731	1	0.7731	0.7731	False	0.59	2.09
12	50746182	G	T	FAM186A	Missense_Mutation	115	13	128	0.1015625	2	1	1	0.3443	1	0.3443	0.3443	False	0.59	2.09
12	50867887	G	A	LARP4	Silent	116	53	169	0.3136094674556213	2	1	1	1.0631	1	1.0631	1.0	True	0.59	2.09
12	51069197	A	T	DIP2B	Missense_Mutation	69	10	79	0.12658227848101267	2	1	1	0.4291	1	0.4291	0.4291	False	0.59	2.09
12	51853836	G	A	SLC4A8	Silent	75	10	85	0.11764705882352941	2	1	1	0.3988	1	0.3988	0.3988	False	0.59	2.09
12	52145343	C	T	SCN8A	Missense_Mutation	55	5	60	0.08333333333333333	2	1	1	0.2825	1	0.2825	0.2825	False	0.59	2.09
12	52283264	G	A	ANKRD33	Missense_Mutation	49	17	66	0.25757575757575757	2	1	1	0.8731	1	0.8731	0.8731	True	0.59	2.09
12	52283274	C	T	ANKRD33	Intron	43	6	49	0.12244897959183673	2	1	1	0.4151	1	0.4151	0.4151	False	0.59	2.09
12	52760898	C	T	KRT85	Missense_Mutation	125	69	194	0.3556701030927835	2	1	1	1.2057	1	1.2057	1.0	True	0.59	2.09
12	52910626	T	C	KRT5	Missense_Mutation	71	10	81	0.12345679012345678	2	1	1	0.4185	1	0.4185	0.4185	False	0.59	2.09
12	53073618	T	A	KRT1	Missense_Mutation	190	64	254	0.25196850393700787	2	1	1	0.8541	1	0.8541	0.8541	True	0.59	2.09
12	53073619	C	T	KRT1	Missense_Mutation	190	64	254	0.25196850393700787	2	1	1	0.8541	1	0.8541	0.8541	True	0.59	2.09
12	53217737	G	A	KRT79	Silent	62	17	79	0.21518987341772153	2	1	1	0.7295	1	0.7295	0.7295	False	0.59	2.09
12	53491443	C	G	IGFBP6	5'UTR	15	3	18	0.16666666666666666	2	1	1	0.565	1	0.565	0.565	False	0.59	2.09
12	53694033	G	A	C12orf10	Missense_Mutation	20	7	27	0.25925925925925924	2	1	1	0.8788	1	0.8788	0.8788	True	0.59	2.09
12	54059162	G	A	ATP5G2	Missense_Mutation	57	25	82	0.3048780487804878	2	1	1	1.0335	1	1.0335	1.0	True	0.59	2.09
12	54118938	A	G	CALCOCO1	Missense_Mutation	108	51	159	0.32075471698113206	2	1	1	1.0873	1	1.0873	1.0	True	0.59	2.09
12	54338837	C	T	HOXC13	Missense_Mutation	39	20	59	0.3389830508474576	2	1	1	1.1491	1	1.1491	1.0	True	0.59	2.09
12	54803374	C	T	ITGA5	Silent	17	4	21	0.19047619047619047	2	1	1	0.6457	1	0.6457	0.6457	False	0.59	2.09
12	56234595	G	A	MMP19	Missense_Mutation	54	41	95	0.43157894736842106	2	1	1	1.463	1	1.463	1.0	True	0.59	2.09
12	56577702	C	T	SMARCC2	Missense_Mutation	78	25	103	0.24271844660194175	2	1	1	0.8228	1	0.8228	0.8228	False	0.59	2.09
12	56822139	G	A	TIMELESS	Nonsense_Mutation	43	5	48	0.10416666666666667	2	1	1	0.3531	1	0.3531	0.3531	False	0.59	2.09
12	56963734	C	T	RBMS2	Missense_Mutation	56	37	93	0.3978494623655914	2	1	1	1.3486	1	1.3486	1.0	True	0.59	2.09
12	58014151	G	A	SLC26A10	Missense_Mutation	109	38	147	0.2585034013605442	2	1	1	0.8763	1	0.8763	0.8763	True	0.59	2.09
12	63042352	G	A	PPM1H	Missense_Mutation	29	16	45	0.35555555555555557	2	1	1	1.2053	1	1.2053	1.0	True	0.59	2.09
12	64536212	G	A	SRGAP1	Silent	53	14	67	0.208955223880597	2	1	1	0.7083	1	0.7083	0.7083	False	0.59	2.09
12	68054889	T	C	DYRK2	3'UTR	23	7	30	0.23333333333333334	2	1	1	0.791	1	0.791	0.791	False	0.59	2.09
12	68646360	T	C	IL22	Missense_Mutation	33	4	37	0.10810810810810811	2	1	1	0.3665	1	0.3665	0.3665	False	0.59	2.09
12	72092769	A	T	TMEM19	Missense_Mutation	178	53	231	0.22943722943722944	2	1	1	0.7778	1	0.7778	0.7778	False	0.59	2.09
12	81331661	G	A	LIN7A	5'UTR	7	5	12	0.4166666666666667	2	1	1	1.4124	1	1.4124	1.0	True	0.59	2.09
12	86373716	A	G	MGAT4C	Missense_Mutation	29	3	32	0.09375	2	1	1	0.3178	1	0.3178	0.3178	False	0.59	2.09
12	89864201	A	G	POC1B	Silent	26	16	42	0.38095238095238093	2	1	1	1.2914	1	1.2914	1.0	True	0.59	2.09
12	93196449	T	G	EEA1	Missense_Mutation	96	20	116	0.1724137931034483	2	1	1	0.5845	1	0.5845	0.5845	False	0.59	2.09
12	95694094	A	C	VEZT	Missense_Mutation	86	15	101	0.1485148514851485	2	1	1	0.5034	1	0.5034	0.5034	False	0.59	2.09
12	96660998	A	G	ELK3	3'UTR	24	7	31	0.22580645161290322	2	1	1	0.7654	1	0.7654	0.7654	False	0.59	2.09
12	105425667	A	T	ALDH1L2	Missense_Mutation	134	28	162	0.1728395061728395	2	1	1	0.5859	1	0.5859	0.5859	False	0.59	2.09
12	105536923	C	T	KIAA1033	Missense_Mutation	72	31	103	0.30097087378640774	2	1	1	1.0202	1	1.0202	1.0	True	0.59	2.09
12	106717298	C	A	TCP11L2	Missense_Mutation	67	31	98	0.3163265306122449	2	1	1	1.0723	1	1.0723	1.0	True	0.59	2.09
12	107712933	C	A	BTBD11	Silent	10	5	15	0.3333333333333333	2	1	1	1.1299	1	1.1299	1.0	True	0.59	2.09
12	108919340	G	A	SART3	Missense_Mutation	69	30	99	0.30303030303030304	2	1	1	1.0272	1	1.0272	1.0	True	0.59	2.09
12	109611988	T	G	ACACB	Missense_Mutation	16	3	19	0.15789473684210525	2	1	1	0.5352	1	0.5352	0.5352	False	0.59	2.09
12	109634925	G	A	ACACB	Missense_Mutation	19	20	39	0.5128205128205128	2	1	1	1.7384	1	1.7384	1.0	True	0.59	2.09
12	109677765	C	T	ACACB	Missense_Mutation	44	4	48	0.08333333333333333	2	1	1	0.2825	1	0.2825	0.2825	False	0.59	2.09
12	110207106	G	A	FAM222A	3'UTR	11	3	14	0.21428571428571427	2	1	1	0.7264	1	0.7264	0.7264	False	0.59	2.09
12	112622918	G	A	HECTD4	Silent	39	15	54	0.2777777777777778	2	1	1	0.9416	1	0.9416	0.9416	True	0.59	2.09
12	112688117	G	A	HECTD4	Silent	49	5	54	0.09259259259259259	2	1	1	0.3139	1	0.3139	0.3139	False	0.59	2.09
12	113614712	G	A	DDX54	Missense_Mutation	32	16	48	0.3333333333333333	2	1	1	1.1299	1	1.1299	1.0	True	0.59	2.09
12	113633674	G	A	IQCD	Silent	35	12	47	0.2553191489361702	2	1	1	0.8655	1	0.8655	0.8655	True	0.59	2.09
12	118474221	G	A	WSB2	Missense_Mutation	34	21	55	0.38181818181818183	2	1	1	1.2943	1	1.2943	1.0	True	0.59	2.09
12	118848935	C	A	SUDS3	Nonsense_Mutation	17	7	24	0.2916666666666667	2	1	1	0.9887	1	0.9887	0.9887	True	0.59	2.09
12	119419651	A	G	SRRM4	5'UTR	54	9	63	0.14285714285714285	2	1	1	0.4843	1	0.4843	0.4843	False	0.59	2.09
12	120582225	G	A	GCN1L1	Missense_Mutation	43	12	55	0.21818181818181817	2	1	1	0.7396	1	0.7396	0.7396	False	0.59	2.09
12	122090688	C	A	MORN3	Silent	50	16	66	0.24242424242424243	2	1	1	0.8218	1	0.8218	0.8218	False	0.59	2.09
12	122092275	C	T	MORN3	Missense_Mutation	29	16	45	0.35555555555555557	2	1	1	1.2053	1	1.2053	1.0	True	0.59	2.09
12	122803896	C	A	CLIP1	Splice_Site	129	68	197	0.34517766497461927	2	1	1	1.1701	1	1.1701	1.0	True	0.59	2.09
12	123281942	G	A	CCDC62	Silent	17	5	22	0.22727272727272727	2	1	1	0.7704	1	0.7704	0.7704	False	0.59	2.09
12	123475170	G	A	PITPNM2	Missense_Mutation	45	18	63	0.2857142857142857	2	1	1	0.9685	1	0.9685	0.9685	True	0.59	2.09
12	129559152	C	T	TMEM132D	Silent	90	9	99	0.09090909090909091	2	1	1	0.3082	1	0.3082	0.3082	False	0.59	2.09
12	129563094	C	T	TMEM132D	Silent	17	4	21	0.19047619047619047	2	1	1	0.6457	1	0.6457	0.6457	False	0.59	2.09
12	130648150	C	T	FZD10	Silent	12	9	21	0.42857142857142855	2	1	1	1.4528	1	1.4528	1.0	True	0.59	2.09
12	131569088	C	T	GPR133	Silent	36	5	41	0.12195121951219512	2	1	1	0.4134	1	0.4134	0.4134	False	0.59	2.09
12	132326218	C	T	MMP17	Silent	46	4	50	0.08	2	1	1	0.2712	1	0.2712	0.2712	False	0.59	2.09
12	132397762	G	A	ULK1	Silent	6	8	14	0.5714285714285714	2	1	1	1.937	1	1.937	1.0	True	0.59	2.09
12	132594348	G	A	EP400NL	3'Flank	30	13	43	0.3023255813953488	2	1	1	1.0248	1	1.0248	1.0	True	0.59	2.09
12	132630166	A	G	NOC4L	Missense_Mutation	38	12	50	0.24	2	1	1	0.8136	1	0.8136	0.8136	False	0.59	2.09
12	133733625	A	G	ZNF10	3'UTR	10	6	16	0.375	2	1	1	1.2712	1	1.2712	1.0	True	0.59	2.09
13	21620119	C	T	LATS2	Missense_Mutation	125	14	139	0.10071942446043165	4	3	1	0.5429	1	0.5429	0.5429	False	0.59	2.09
13	24796999	T	C	SPATA13	5'UTR	33	24	57	0.42105263157894735	4	3	1	2.2694	2	1.1347	1.0	True	0.59	2.09
13	25478062	A	C	CENPJ	Splice_Site	99	9	108	0.08333333333333333	4	3	1	0.4492	1	0.4492	0.4492	False	0.59	2.09
13	29599559	C	T	MTUS2	Missense_Mutation	27	33	60	0.55	4	3	1	2.9644	3	0.9881	0.9881	True	0.59	2.09
13	36402441	C	T	DCLK1	Silent	43	9	52	0.17307692307692307	4	3	1	0.9329	1	0.9329	0.9329	True	0.59	2.09
13	36424792	T	G	DCLK1	Intron	40	44	84	0.5238095238095238	4	3	1	2.8232	3	0.9411	0.9411	True	0.59	2.09
13	37269706	A	G	SERTM1	3'UTR	98	27	125	0.216	4	3	1	1.1642	1	1.1642	1.0	True	0.59	2.09
13	38320386	G	T	TRPC4	Silent	81	13	94	0.13829787234042554	4	3	1	0.7454	1	0.7454	0.7454	False	0.59	2.09
13	39263393	C	T	FREM2	Nonsense_Mutation	35	11	46	0.2391304347826087	4	3	1	1.2889	1	1.2889	1.0	True	0.59	2.09
13	41134688	G	A	FOXO1	Missense_Mutation	145	28	173	0.16184971098265896	4	3	1	0.8723	1	0.8723	0.8723	True	0.59	2.09
13	41495785	G	A	SUGT1P3	RNA	56	25	81	0.30864197530864196	4	3	1	1.6635	2	0.8318	0.8318	False	0.59	2.09
13	41515288	G	A	ELF1	Missense_Mutation	144	14	158	0.08860759493670886	4	3	1	0.4776	1	0.4776	0.4776	False	0.59	2.09
13	46679140	T	G	CPB2	Missense_Mutation	24	29	53	0.5471698113207547	4	3	1	2.9492	3	0.9831	0.9831	True	0.59	2.09
13	49781287	T	C	FNDC3A	Missense_Mutation	75	9	84	0.10714285714285714	4	3	1	0.5775	1	0.5775	0.5775	False	0.59	2.09
13	50205562	G	A	ARL11	3'UTR	89	15	104	0.14423076923076922	4	3	1	0.7774	1	0.7774	0.7774	False	0.59	2.09
13	58208235	G	A	PCDH17	Missense_Mutation	36	17	53	0.32075471698113206	4	3	1	1.7288	2	0.8644	0.8644	True	0.59	2.09
13	72440228	C	G	DACH1	Missense_Mutation	102	10	112	0.08928571428571429	4	3	1	0.4812	1	0.4812	0.4812	False	0.59	2.09
13	76381723	G	T	LMO7	Missense_Mutation	65	17	82	0.2073170731707317	4	3	1	1.1174	1	1.1174	1.0	True	0.59	2.09
13	88329884	C	T	SLITRK5	Silent	25	10	35	0.2857142857142857	4	3	1	1.54	2	0.77	0.77	False	0.59	2.09
13	93879772	C	T	GPC6	Silent	45	50	95	0.5263157894736842	4	3	1	2.8368	3	0.9456	0.9456	True	0.59	2.09
13	95131263	G	A	DCT	Missense_Mutation	46	11	57	0.19298245614035087	4	3	1	1.0401	1	1.0401	1.0	True	0.59	2.09
13	96086197	T	C	CLDN10	Missense_Mutation	85	82	167	0.49101796407185627	4	3	1	2.6465	3	0.8822	0.8822	True	0.59	2.09
13	97485081	G	A	HS6ST3	Missense_Mutation	63	15	78	0.19230769230769232	4	3	1	1.0365	1	1.0365	1.0	True	0.59	2.09
13	99630040	G	T	DOCK9	Missense_Mutation	69	11	80	0.1375	4	3	1	0.7411	1	0.7411	0.7411	False	0.59	2.09
13	103446100	G	A	KDELC1	Missense_Mutation	62	20	82	0.24390243902439024	4	3	1	1.3146	1	1.3146	1.0	True	0.59	2.09
13	108882803	T	A	ABHD13	3'UTR	57	6	63	0.09523809523809523	4	3	1	0.5133	1	0.5133	0.5133	False	0.59	2.09
13	109318374	G	A	MYO16	Missense_Mutation	31	4	35	0.11428571428571428	4	3	1	0.616	1	0.616	0.616	False	0.59	2.09
13	110862351	C	T	COL4A1	Silent	41	42	83	0.5060240963855421	4	3	1	2.7274	3	0.9091	0.9091	True	0.59	2.09
13	111102699	G	A	COL4A2	Missense_Mutation	41	20	61	0.32786885245901637	4	3	1	1.7672	2	0.8836	0.8836	True	0.59	2.09
13	111111209	C	T	COL4A2	Silent	22	28	50	0.56	4	3	1	3.0183	3	1.0061	1.0	True	0.59	2.09
13	111289549	C	T	CARKD	Silent	28	17	45	0.37777777777777777	4	3	1	2.0362	2	1.0181	1.0	True	0.59	2.09
13	111294676	C	A	CARS2	Missense_Mutation	57	13	70	0.18571428571428572	4	3	1	1.001	1	1.001	1.0	True	0.59	2.09
13	111372202	A	T	ING1	Nonsense_Mutation	137	18	155	0.11612903225806452	4	3	1	0.6259	1	0.6259	0.6259	False	0.59	2.09
13	112722132	C	T	SOX1	Missense_Mutation	55	11	66	0.16666666666666666	4	3	1	0.8983	1	0.8983	0.8983	True	0.59	2.09
13	113976651	G	A	LAMP1	Missense_Mutation	35	44	79	0.5569620253164557	4	3	1	3.0019	3	1.0006	1.0	True	0.59	2.09
13	114152659	A	G	TMCO3	Silent	28	26	54	0.48148148148148145	4	3	1	2.5951	3	0.865	0.865	True	0.59	2.09
14	20612565	G	A	OR4N5	Missense_Mutation	59	26	85	0.3058823529411765	2	1	1	1.0369	1	1.0369	1.0	True	0.59	2.09
14	21499215	C	T	TPPP2	Missense_Mutation	40	8	48	0.16666666666666666	2	1	1	0.565	1	0.565	0.565	False	0.59	2.09
14	21830994	C	T	SUPT16H	Missense_Mutation	50	8	58	0.13793103448275862	2	1	1	0.4676	1	0.4676	0.4676	False	0.59	2.09
14	21862079	C	T	CHD8	Missense_Mutation	24	18	42	0.42857142857142855	2	1	1	1.4528	1	1.4528	1.0	True	0.59	2.09
14	21868713	G	A	CHD8	Nonsense_Mutation	33	10	43	0.23255813953488372	2	1	1	0.7883	1	0.7883	0.7883	False	0.59	2.09
14	23240783	C	T	OXA1L	3'UTR	25	19	44	0.4318181818181818	2	1	1	1.4638	1	1.4638	1.0	True	0.59	2.09
14	23311764	G	A	MMP14	Missense_Mutation	27	12	39	0.3076923076923077	2	1	1	1.043	1	1.043	1.0	True	0.59	2.09
14	23313891	G	A	MMP14	Silent	52	6	58	0.10344827586206896	2	1	1	0.3507	1	0.3507	0.3507	False	0.59	2.09
14	23346454	T	A	LRP10	Silent	60	31	91	0.34065934065934067	2	1	1	1.1548	1	1.1548	1.0	True	0.59	2.09
14	23443309	C	T	AJUBA	Missense_Mutation	19	16	35	0.45714285714285713	2	1	1	1.5496	1	1.5496	1.0	True	0.59	2.09
14	24114395	G	A	DHRS2	Missense_Mutation	52	22	74	0.2972972972972973	2	1	1	1.0078	1	1.0078	1.0	True	0.59	2.09
14	24437993	C	T	DHRS4	Silent	75	35	110	0.3181818181818182	2	1	1	1.0786	1	1.0786	1.0	True	0.59	2.09
14	24602023	G	A	FITM1	Silent	21	7	28	0.25	2	1	1	0.8475	1	0.8475	0.8475	False	0.59	2.09
14	24619910	G	A	RNF31	Missense_Mutation	77	10	87	0.11494252873563218	2	1	1	0.3896	1	0.3896	0.3896	False	0.59	2.09
14	24653224	G	A	IPO4	Missense_Mutation	29	9	38	0.23684210526315788	2	1	1	0.8029	1	0.8029	0.8029	False	0.59	2.09
14	31364699	G	T	STRN3	Nonsense_Mutation	77	24	101	0.2376237623762376	2	1	1	0.8055	1	0.8055	0.8055	False	0.59	2.09
14	31647372	C	T	HECTD1	Missense_Mutation	63	7	70	0.1	2	1	1	0.339	1	0.339	0.339	False	0.59	2.09
14	33292717	G	C	AKAP6	Missense_Mutation	23	5	28	0.17857142857142858	2	1	1	0.6053	1	0.6053	0.6053	False	0.59	2.09
14	35032115	C	T	SNX6	3'UTR	14	9	23	0.391304347826087	2	1	1	1.3265	1	1.3265	1.0	True	0.59	2.09
14	36278074	A	T	RALGAPA1	5'UTR	36	8	44	0.18181818181818182	2	1	1	0.6163	1	0.6163	0.6163	False	0.59	2.09
14	44976198	C	T	FSCB	5'UTR	295	81	376	0.2154255319148936	2	1	1	0.7303	1	0.7303	0.7303	False	0.59	2.09
14	51225255	G	A	NIN	Silent	116	59	175	0.33714285714285713	2	1	1	1.1429	1	1.1429	1.0	True	0.59	2.09
14	58832319	A	G	ARID4A	Missense_Mutation	69	10	79	0.12658227848101267	2	1	1	0.4291	1	0.4291	0.4291	False	0.59	2.09
14	59835461	C	T	DAAM1	Missense_Mutation	78	14	92	0.15217391304347827	2	1	1	0.5158	1	0.5158	0.5158	False	0.59	2.09
14	62547643	C	T	SYT16	Missense_Mutation	54	9	63	0.14285714285714285	2	1	1	0.4843	1	0.4843	0.4843	False	0.59	2.09
14	64564807	G	A	SYNE2	Silent	41	22	63	0.3492063492063492	2	1	1	1.1838	1	1.1838	1.0	True	0.59	2.09
14	65560458	G	A	MAX	Missense_Mutation	66	20	86	0.23255813953488372	2	1	1	0.7883	1	0.7883	0.7883	False	0.59	2.09
14	67671667	C	T	FAM71D	Missense_Mutation	52	18	70	0.2571428571428571	2	1	1	0.8717	1	0.8717	0.8717	True	0.59	2.09
14	68273308	T	C	ZFYVE26	Missense_Mutation	120	52	172	0.3023255813953488	2	1	1	1.0248	1	1.0248	1.0	True	0.59	2.09
14	70633584	G	A	SLC8A3	Missense_Mutation	15	4	19	0.21052631578947367	2	1	1	0.7136	1	0.7136	0.7136	False	0.59	2.09
14	72932491	G	T	RGS6	Missense_Mutation	157	65	222	0.2927927927927928	2	1	1	0.9925	1	0.9925	0.9925	True	0.59	2.09
14	74203710	A	G	ELMSAN1	Silent	51	23	74	0.3108108108108108	2	1	1	1.0536	1	1.0536	1.0	True	0.59	2.09
14	74205678	C	T	ELMSAN1	Missense_Mutation	16	5	21	0.23809523809523808	2	1	1	0.8071	1	0.8071	0.8071	False	0.59	2.09
14	74413035	C	A	FAM161B	Missense_Mutation	31	13	44	0.29545454545454547	2	1	1	1.0015	1	1.0015	1.0	True	0.59	2.09
14	74756999	G	A	ABCD4	Missense_Mutation	36	14	50	0.28	2	1	1	0.9492	1	0.9492	0.9492	True	0.59	2.09
14	74999211	C	T	LTBP2	Silent	50	19	69	0.2753623188405797	2	1	1	0.9334	1	0.9334	0.9334	True	0.59	2.09
14	76045429	C	T	FLVCR2	Silent	76	10	86	0.11627906976744186	2	1	1	0.3942	1	0.3942	0.3942	False	0.59	2.09
14	77697949	C	T	TMEM63C	Silent	74	27	101	0.26732673267326734	2	1	1	0.9062	1	0.9062	0.9062	True	0.59	2.09
14	77746417	G	A	POMT2	Missense_Mutation	38	26	64	0.40625	2	1	1	1.3771	1	1.3771	1.0	True	0.59	2.09
14	80130201	C	T	NRXN3	Silent	62	31	93	0.3333333333333333	2	1	1	1.1299	1	1.1299	1.0	True	0.59	2.09
14	81366373	G	A	CEP128	Missense_Mutation	36	9	45	0.2	2	1	1	0.678	1	0.678	0.678	False	0.59	2.09
14	88935420	G	A	PTPN21	Missense_Mutation	52	11	63	0.1746031746031746	2	1	1	0.5919	1	0.5919	0.5919	False	0.59	2.09
14	88946460	C	T	PTPN21	Missense_Mutation	46	22	68	0.3235294117647059	2	1	1	1.0967	1	1.0967	1.0	True	0.59	2.09
14	88952138	T	C	PTPN21	Silent	37	11	48	0.22916666666666666	2	1	1	0.7768	1	0.7768	0.7768	False	0.59	2.09
14	94776287	C	T	SERPINA6	Missense_Mutation	33	13	46	0.2826086956521739	2	1	1	0.958	1	0.958	0.958	True	0.59	2.09
14	94929406	A	G	SERPINA9	3'UTR	80	8	88	0.09090909090909091	2	1	1	0.3082	1	0.3082	0.3082	False	0.59	2.09
14	101350502	G	A	RTL1	Silent	84	35	119	0.29411764705882354	2	1	1	0.997	1	0.997	0.997	True	0.59	2.09
14	102368094	C	T	PPP2R5C	Silent	44	13	57	0.22807017543859648	2	1	1	0.7731	1	0.7731	0.7731	False	0.59	2.09
14	102442053	C	T	DYNC1H1	Silent	195	68	263	0.2585551330798479	2	1	1	0.8765	1	0.8765	0.8765	True	0.59	2.09
14	102516048	C	T	DYNC1H1	Intron	26	6	32	0.1875	2	1	1	0.6356	1	0.6356	0.6356	False	0.59	2.09
14	102805544	G	A	ZNF839	Silent	47	32	79	0.4050632911392405	2	1	1	1.3731	1	1.3731	1.0	True	0.59	2.09
14	102901477	G	A	TECPR2	Missense_Mutation	33	15	48	0.3125	2	1	1	1.0593	1	1.0593	1.0	True	0.59	2.09
14	103342740	C	T	TRAF3	Missense_Mutation	61	8	69	0.11594202898550725	2	1	1	0.393	1	0.393	0.393	False	0.59	2.09
14	103999006	G	A	TRMT61A	Missense_Mutation	36	17	53	0.32075471698113206	2	1	1	1.0873	1	1.0873	1.0	True	0.59	2.09
14	104123945	G	A	KLC1	Silent	68	9	77	0.11688311688311688	2	1	1	0.3962	1	0.3962	0.3962	False	0.59	2.09
14	105415883	G	A	AHNAK2	Missense_Mutation	84	42	126	0.3333333333333333	2	1	1	1.1299	1	1.1299	1.0	True	0.59	2.09
14	105622208	G	A	JAG2	Silent	36	17	53	0.32075471698113206	2	1	1	1.0873	1	1.0873	1.0	True	0.59	2.09
14	106174281	C	T	IGHA1	Missense_Mutation	85	43	128	0.3359375	2	1	1	1.1388	1	1.1388	1.0	True	0.59	2.09
14	106321024	T	G	IGHM	Missense_Mutation	41	12	53	0.22641509433962265	2	1	1	0.7675	1	0.7675	0.7675	False	0.59	2.09
14	106667653	G	A	IGHV3-20	Silent	76	28	104	0.2692307692307692	2	1	1	0.9126	1	0.9126	0.9126	True	0.59	2.09
14	106725626	A	T	IGHV3-23	Missense_Mutation	91	25	116	0.21551724137931033	2	1	1	0.7306	1	0.7306	0.7306	False	0.59	2.09
14	106967167	C	T	IGHV1-46	Missense_Mutation	94	75	169	0.4437869822485207	2	1	1	1.5044	1	1.5044	1.0	True	0.59	2.09
15	20739818	T	C	GOLGA6L6	Silent	57	11	68	0.16176470588235295	2	1	1	0.5484	1	0.5484	0.5484	False	0.59	2.09
15	23812718	T	G	MKRN3	3'UTR	245	19	264	0.07196969696969698	2	1	1	0.244	1	0.244	0.244	False	0.59	2.09
15	24923969	C	T	NPAP1	Silent	45	21	66	0.3181818181818182	2	1	1	1.0786	1	1.0786	1.0	True	0.59	2.09
15	24926811	T	A	NPAP1	3'UTR	40	14	54	0.25925925925925924	2	1	1	0.8788	1	0.8788	0.8788	True	0.59	2.09
15	27128344	C	A	GABRA5	Nonsense_Mutation	23	9	32	0.28125	2	1	1	0.9534	1	0.9534	0.9534	True	0.59	2.09
15	28273046	C	T	OCA2	Silent	18	4	22	0.18181818181818182	2	1	1	0.6163	1	0.6163	0.6163	False	0.59	2.09
15	28458942	C	T	HERC2	Silent	193	37	230	0.1608695652173913	2	1	1	0.5453	1	0.5453	0.5453	False	0.59	2.09
15	31294293	A	G	TRPM1	Missense_Mutation	40	4	44	0.09090909090909091	2	1	1	0.3082	1	0.3082	0.3082	False	0.59	2.09
15	31330321	G	A	TRPM1	Missense_Mutation	47	20	67	0.29850746268656714	2	1	1	1.0119	1	1.0119	1.0	True	0.59	2.09
15	34042198	G	T	RYR3	Missense_Mutation	99	50	149	0.33557046979865773	2	1	1	1.1375	1	1.1375	1.0	True	0.59	2.09
15	34113560	C	T	RYR3	Silent	103	45	148	0.30405405405405406	2	1	1	1.0307	1	1.0307	1.0	True	0.59	2.09
15	34123249	C	A	RYR3	Missense_Mutation	37	21	58	0.3620689655172414	2	1	1	1.2274	1	1.2274	1.0	True	0.59	2.09
15	34396248	C	G	PGBD4	Missense_Mutation	26	11	37	0.2972972972972973	2	1	1	1.0078	1	1.0078	1.0	True	0.59	2.09
15	34530557	G	T	SLC12A6	Missense_Mutation	56	8	64	0.125	2	1	1	0.4237	1	0.4237	0.4237	False	0.59	2.09
15	34548445	T	C	SLC12A6	Missense_Mutation	22	16	38	0.42105263157894735	2	1	1	1.4273	1	1.4273	1.0	True	0.59	2.09
15	38988823	G	T	C15orf53	Silent	38	15	53	0.2830188679245283	2	1	1	0.9594	1	0.9594	0.9594	True	0.59	2.09
15	39882060	G	A	THBS1	Missense_Mutation	41	16	57	0.2807017543859649	2	1	1	0.9515	1	0.9515	0.9515	True	0.59	2.09
15	40502377	C	T	BUB1B	Missense_Mutation	47	22	69	0.3188405797101449	2	1	1	1.0808	1	1.0808	1.0	True	0.59	2.09
15	40599914	G	T	PLCB2	5'UTR	19	13	32	0.40625	2	1	1	1.3771	1	1.3771	1.0	True	0.59	2.09
15	40751885	G	A	BAHD1	Missense_Mutation	29	10	39	0.2564102564102564	2	1	1	0.8692	1	0.8692	0.8692	True	0.59	2.09
15	40914739	G	A	CASC5	Silent	50	26	76	0.34210526315789475	2	1	1	1.1597	1	1.1597	1.0	True	0.59	2.09
15	42152804	C	A	SPTBN5	Missense_Mutation	39	16	55	0.2909090909090909	2	1	1	0.9861	1	0.9861	0.9861	True	0.59	2.09
15	43498613	A	G	EPB42	Silent	70	15	85	0.17647058823529413	2	1	1	0.5982	1	0.5982	0.5982	False	0.59	2.09
15	44028337	G	A	RNU6-354P	5'Flank	80	49	129	0.3798449612403101	2	1	1	1.2876	1	1.2876	1.0	True	0.59	2.09
15	44914856	A	G	SPG11	Intron	42	13	55	0.23636363636363636	2	1	1	0.8012	1	0.8012	0.8012	False	0.59	2.09
15	45426457	C	A	DUOX1	Missense_Mutation	32	4	36	0.1111111111111111	2	1	1	0.3766	1	0.3766	0.3766	False	0.59	2.09
15	45444498	G	A	DUOX1	Missense_Mutation	41	17	58	0.29310344827586204	2	1	1	0.9936	1	0.9936	0.9936	True	0.59	2.09
15	50595160	T	G	GABPB1	Missense_Mutation	59	10	69	0.14492753623188406	2	1	1	0.4913	1	0.4913	0.4913	False	0.59	2.09
15	50793007	G	T	USP50	Missense_Mutation	33	16	49	0.32653061224489793	2	1	1	1.1069	1	1.1069	1.0	True	0.59	2.09
15	55497636	C	T	RAB27A	3'UTR	49	22	71	0.30985915492957744	2	1	1	1.0504	1	1.0504	1.0	True	0.59	2.09
15	56148330	A	C	NEDD4	Missense_Mutation	103	42	145	0.2896551724137931	2	1	1	0.9819	1	0.9819	0.9819	True	0.59	2.09
15	59064171	A	G	FAM63B	Missense_Mutation	42	18	60	0.3	2	1	1	1.0169	1	1.0169	1.0	True	0.59	2.09
15	63358179	C	T	TPM1	Intron	33	22	55	0.4	2	1	1	1.3559	1	1.3559	1.0	True	0.59	2.09
15	63634241	T	C	CA12	Missense_Mutation	41	23	64	0.359375	2	1	1	1.2182	1	1.2182	1.0	True	0.59	2.09
15	63964866	T	C	HERC1	Missense_Mutation	75	42	117	0.358974358974359	2	1	1	1.2169	1	1.2169	1.0	True	0.59	2.09
15	64019868	C	A	HERC1	Missense_Mutation	93	27	120	0.225	2	1	1	0.7627	1	0.7627	0.7627	False	0.59	2.09
15	64508898	G	A	CSNK1G1	Nonsense_Mutation	49	9	58	0.15517241379310345	2	1	1	0.526	1	0.526	0.526	False	0.59	2.09
15	65157129	G	A	PLEKHO2	Missense_Mutation	59	5	64	0.078125	2	1	1	0.2648	1	0.2648	0.2648	False	0.59	2.09
15	72642941	C	A	HEXA	Missense_Mutation	41	11	52	0.21153846153846154	2	1	1	0.7171	1	0.7171	0.7171	False	0.59	2.09
15	73616570	C	T	HCN4	Missense_Mutation	25	13	38	0.34210526315789475	2	1	1	1.1597	1	1.1597	1.0	True	0.59	2.09
15	74467616	C	T	ISLR	Silent	20	13	33	0.3939393939393939	2	1	1	1.3354	1	1.3354	1.0	True	0.59	2.09
15	75094104	A	G	CSK	Missense_Mutation	64	24	88	0.2727272727272727	2	1	1	0.9245	1	0.9245	0.9245	True	0.59	2.09
15	75722649	C	T	SIN3A	Missense_Mutation	41	15	56	0.26785714285714285	2	1	1	0.908	1	0.908	0.908	True	0.59	2.09
15	75949507	G	A	SNX33	Missense_Mutation	17	14	31	0.45161290322580644	2	1	1	1.5309	1	1.5309	1.0	True	0.59	2.09
15	75967906	G	A	CSPG4	Silent	22	9	31	0.2903225806451613	2	1	1	0.9841	1	0.9841	0.9841	True	0.59	2.09
15	77320963	C	T	PSTPIP1	Silent	49	12	61	0.19672131147540983	2	1	1	0.6669	1	0.6669	0.6669	False	0.59	2.09
15	77328172	G	A	PSTPIP1	Missense_Mutation	9	5	14	0.35714285714285715	2	1	1	1.2107	1	1.2107	1.0	True	0.59	2.09
15	77425854	G	A	PEAK1	Silent	137	33	170	0.19411764705882353	2	1	1	0.658	1	0.658	0.658	False	0.59	2.09
15	78211326	C	A	RP11-114H24.7	Intron	193	30	223	0.13452914798206278	2	1	1	0.456	1	0.456	0.456	False	0.59	2.09
15	78566575	C	T	DNAJA4	Missense_Mutation	29	21	50	0.42	2	1	1	1.4237	1	1.4237	1.0	True	0.59	2.09
15	79296319	G	A	RASGRF1	Silent	57	23	80	0.2875	2	1	1	0.9746	1	0.9746	0.9746	True	0.59	2.09
15	79320147	G	A	RASGRF1	Silent	159	79	238	0.3319327731092437	2	1	1	1.1252	1	1.1252	1.0	True	0.59	2.09
15	79760758	A	G	KIAA1024	3'UTR	23	16	39	0.41025641025641024	2	1	1	1.3907	1	1.3907	1.0	True	0.59	2.09
15	81624850	C	T	TMC3	Silent	44	12	56	0.21428571428571427	2	1	1	0.7264	1	0.7264	0.7264	False	0.59	2.09
15	81625056	G	A	TMC3	Missense_Mutation	44	9	53	0.16981132075471697	2	1	1	0.5756	1	0.5756	0.5756	False	0.59	2.09
15	82335585	G	A	MEX3B	Silent	39	11	50	0.22	2	1	1	0.7458	1	0.7458	0.7458	False	0.59	2.09
15	82507105	C	T	EFTUD1	Missense_Mutation	55	23	78	0.2948717948717949	2	1	1	0.9996	1	0.9996	0.9996	True	0.59	2.09
15	83481999	G	A	WHAMM	Missense_Mutation	187	50	237	0.2109704641350211	2	1	1	0.7152	1	0.7152	0.7152	False	0.59	2.09
15	84651607	A	C	ADAMTSL3	Missense_Mutation	29	20	49	0.40816326530612246	2	1	1	1.3836	1	1.3836	1.0	True	0.59	2.09
15	85164718	C	T	ZSCAN2	Missense_Mutation	41	11	52	0.21153846153846154	2	1	1	0.7171	1	0.7171	0.7171	False	0.59	2.09
15	86311588	G	A	KLHL25	Missense_Mutation	43	15	58	0.25862068965517243	2	1	1	0.8767	1	0.8767	0.8767	True	0.59	2.09
15	89719194	C	T	ABHD2	Silent	58	10	68	0.14705882352941177	2	1	1	0.4985	1	0.4985	0.4985	False	0.59	2.09
15	90346953	C	T	ANPEP	Silent	29	17	46	0.3695652173913043	2	1	1	1.2528	1	1.2528	1.0	True	0.59	2.09
15	92706285	G	A	SLCO3A1	Missense_Mutation	23	7	30	0.23333333333333334	2	1	1	0.791	1	0.791	0.791	False	0.59	2.09
15	96877529	G	A	NR2F2	Missense_Mutation	58	13	71	0.18309859154929578	2	1	1	0.6207	1	0.6207	0.6207	False	0.59	2.09
15	97326895	G	A	SPATA8	Missense_Mutation	34	12	46	0.2608695652173913	2	1	1	0.8843	1	0.8843	0.8843	True	0.59	2.09
15	101775430	C	T	CHSY1	Missense_Mutation	43	11	54	0.2037037037037037	2	1	1	0.6905	1	0.6905	0.6905	False	0.59	2.09
15	101910642	T	C	PCSK6	Missense_Mutation	24	15	39	0.38461538461538464	2	1	1	1.3038	1	1.3038	1.0	True	0.59	2.09
16	1576066	G	A	IFT140	Nonsense_Mutation	38	18	56	0.32142857142857145	2	1	1	1.0896	1	1.0896	1.0	True	0.59	2.09
16	1720721	A	G	CRAMP1L	Missense_Mutation	62	29	91	0.31868131868131866	2	1	1	1.0803	1	1.0803	1.0	True	0.59	2.09
16	2326738	C	T	ABCA3	Silent	31	19	50	0.38	2	1	1	1.2881	1	1.2881	1.0	True	0.59	2.09
16	2506578	G	A	CCNF	Missense_Mutation	4	7	11	0.6363636363636364	2	1	1	2.1572	1	2.1572	1.0	True	0.59	2.09
16	2546300	C	T	RP11-20I23.1	Missense_Mutation	19	5	24	0.20833333333333334	2	1	1	0.7062	1	0.7062	0.7062	False	0.59	2.09
16	2546789	C	T	RP11-20I23.1	Missense_Mutation	51	39	90	0.43333333333333335	2	1	1	1.4689	1	1.4689	1.0	True	0.59	2.09
16	2549911	G	A	TBC1D24	Missense_Mutation	227	21	248	0.0846774193548387	2	1	1	0.287	1	0.287	0.287	False	0.59	2.09
16	2578617	G	A	AMDHD2	Missense_Mutation	30	19	49	0.3877551020408163	2	1	1	1.3144	1	1.3144	1.0	True	0.59	2.09
16	3336043	C	T	ZNF263	Silent	103	62	165	0.37575757575757573	2	1	1	1.2738	1	1.2738	1.0	True	0.59	2.09
16	3433571	G	A	ZSCAN32	Missense_Mutation	89	27	116	0.23275862068965517	2	1	1	0.789	1	0.789	0.789	False	0.59	2.09
16	4016178	G	A	ADCY9	Silent	141	39	180	0.21666666666666667	2	1	1	0.7345	1	0.7345	0.7345	False	0.59	2.09
16	4847246	C	T	ROGDI	3'UTR	4	7	11	0.6363636363636364	2	1	1	2.1572	1	2.1572	1.0	True	0.59	2.09
16	4934992	G	A	PPL	Nonsense_Mutation	42	33	75	0.44	2	1	1	1.4915	1	1.4915	1.0	True	0.59	2.09
16	10788329	C	A	TEKT5	Missense_Mutation	31	12	43	0.27906976744186046	2	1	1	0.946	1	0.946	0.946	True	0.59	2.09
16	11369790	G	A	PRM2	Silent	141	64	205	0.3121951219512195	2	1	1	1.0583	1	1.0583	1.0	True	0.59	2.09
16	11873143	G	A	ZC3H7A	Missense_Mutation	109	57	166	0.3433734939759036	2	1	1	1.164	1	1.164	1.0	True	0.59	2.09
16	14041667	C	T	ERCC4	Silent	64	7	71	0.09859154929577464	2	1	1	0.3342	1	0.3342	0.3342	False	0.59	2.09
16	15917248	G	A	MYH11	Silent	107	15	122	0.12295081967213115	2	1	1	0.4168	1	0.4168	0.4168	False	0.59	2.09
16	18470903	C	T	NPIPA7	5'Flank	52	11	63	0.1746031746031746	2	1	1	0.5919	1	0.5919	0.5919	False	0.59	2.09
16	18820730	C	T	SMG1	3'UTR	194	25	219	0.1141552511415525	2	1	1	0.387	1	0.387	0.387	False	0.59	2.09
16	19127153	G	A	ITPRIPL2	Missense_Mutation	18	10	28	0.35714285714285715	2	1	1	1.2107	1	1.2107	1.0	True	0.59	2.09
16	19127412	T	C	ITPRIPL2	3'UTR	28	9	37	0.24324324324324326	2	1	1	0.8246	1	0.8246	0.8246	False	0.59	2.09
16	19620305	G	T	C16orf62	Missense_Mutation	27	5	32	0.15625	2	1	1	0.5297	1	0.5297	0.5297	False	0.59	2.09
16	23581820	C	T	UBFD1	Missense_Mutation	88	61	149	0.40939597315436244	2	1	1	1.3878	1	1.3878	1.0	True	0.59	2.09
16	23619229	G	A	PALB2	Silent	22	11	33	0.3333333333333333	2	1	1	1.1299	1	1.1299	1.0	True	0.59	2.09
16	24788660	G	A	TNRC6A	Silent	17	6	23	0.2608695652173913	2	1	1	0.8843	1	0.8843	0.8843	True	0.59	2.09
16	27761390	G	A	KIAA0556	Missense_Mutation	40	20	60	0.3333333333333333	2	1	1	1.1299	1	1.1299	1.0	True	0.59	2.09
16	28841284	C	T	ATXN2L	Silent	52	21	73	0.2876712328767123	2	1	1	0.9752	1	0.9752	0.9752	True	0.59	2.09
16	28883542	C	T	SH2B1	Silent	14	4	18	0.2222222222222222	2	1	1	0.7533	1	0.7533	0.7533	False	0.59	2.09
16	29679312	C	T	SPN	3'UTR	40	14	54	0.25925925925925924	2	1	1	0.8788	1	0.8788	0.8788	True	0.59	2.09
16	29821441	G	A	MAZ	3'UTR	27	19	46	0.41304347826086957	2	1	1	1.4001	1	1.4001	1.0	True	0.59	2.09
16	29855974	A	G	MVP	Missense_Mutation	29	15	44	0.3409090909090909	2	1	1	1.1556	1	1.1556	1.0	True	0.59	2.09
16	30516597	C	A	ITGAL	Silent	55	8	63	0.12698412698412698	2	1	1	0.4305	1	0.4305	0.4305	False	0.59	2.09
16	30795021	C	T	ZNF629	Missense_Mutation	94	34	128	0.265625	2	1	1	0.9004	1	0.9004	0.9004	True	0.59	2.09
16	31448452	C	T	ZNF843	5'UTR	28	15	43	0.3488372093023256	2	1	1	1.1825	1	1.1825	1.0	True	0.59	2.09
16	31500212	T	C	SLC5A2	Missense_Mutation	23	7	30	0.23333333333333334	2	1	1	0.791	1	0.791	0.791	False	0.59	2.09
16	32893204	C	T	RP11-989E6.3	5'Flank	44	21	65	0.3230769230769231	2	1	1	1.0952	1	1.0952	1.0	True	0.59	2.09
16	48201512	C	T	ABCC11	Silent	36	21	57	0.3684210526315789	2	1	1	1.2489	1	1.2489	1.0	True	0.59	2.09
16	48204879	C	A	ABCC11	Splice_Site	53	25	78	0.32051282051282054	2	1	1	1.0865	1	1.0865	1.0	True	0.59	2.09
16	48249174	C	T	ABCC11	Missense_Mutation	100	38	138	0.2753623188405797	2	1	1	0.9334	1	0.9334	0.9334	True	0.59	2.09
16	50339757	C	T	ADCY7	Silent	30	12	42	0.2857142857142857	2	1	1	0.9685	1	0.9685	0.9685	True	0.59	2.09
16	50788265	T	C	CYLD	Silent	112	52	164	0.3170731707317073	2	1	1	1.0748	1	1.0748	1.0	True	0.59	2.09
16	53358450	T	C	CHD9	Silent	21	17	38	0.4473684210526316	2	1	1	1.5165	1	1.5165	1.0	True	0.59	2.09
16	55690726	C	T	SLC6A2	Silent	8	4	12	0.3333333333333333	2	1	1	1.1299	1	1.1299	1.0	True	0.59	2.09
16	57596350	G	A	GPR114	Missense_Mutation	121	48	169	0.28402366863905326	2	1	1	0.9628	1	0.9628	0.9628	True	0.59	2.09
16	57719607	G	A	GPR97	Missense_Mutation	115	35	150	0.23333333333333334	2	1	1	0.791	1	0.791	0.791	False	0.59	2.09
16	57738944	A	G	CCDC135	Missense_Mutation	23	13	36	0.3611111111111111	2	1	1	1.2241	1	1.2241	1.0	True	0.59	2.09
16	58044016	G	T	USB1	Missense_Mutation	49	12	61	0.19672131147540983	2	1	1	0.6669	1	0.6669	0.6669	False	0.59	2.09
16	58200581	C	T	CSNK2A2	Missense_Mutation	54	25	79	0.31645569620253167	2	1	1	1.0727	1	1.0727	1.0	True	0.59	2.09
16	62055106	T	A	CDH8	Missense_Mutation	22	5	27	0.18518518518518517	2	1	1	0.6277	1	0.6277	0.6277	False	0.59	2.09
16	66511487	G	A	BEAN1	Missense_Mutation	10	4	14	0.2857142857142857	2	1	1	0.9685	1	0.9685	0.9685	True	0.59	2.09
16	67180991	C	T	C16orf70	Missense_Mutation	35	6	41	0.14634146341463414	2	1	1	0.4961	1	0.4961	0.4961	False	0.59	2.09
16	67263608	C	T	FHOD1	Silent	54	5	59	0.0847457627118644	2	1	1	0.2873	1	0.2873	0.2873	False	0.59	2.09
16	67268081	G	A	FHOD1	Nonsense_Mutation	50	7	57	0.12280701754385964	2	1	1	0.4163	1	0.4163	0.4163	False	0.59	2.09
16	67270885	G	A	FHOD1	Missense_Mutation	34	24	58	0.41379310344827586	2	1	1	1.4027	1	1.4027	1.0	True	0.59	2.09
16	67692136	C	T	ACD	Missense_Mutation	60	29	89	0.3258426966292135	2	1	1	1.1046	1	1.1046	1.0	True	0.59	2.09
16	67762414	G	A	RANBP10	Silent	83	14	97	0.14432989690721648	2	1	1	0.4893	1	0.4893	0.4893	False	0.59	2.09
16	67762495	C	T	RANBP10	Intron	25	6	31	0.1935483870967742	2	1	1	0.6561	1	0.6561	0.6561	False	0.59	2.09
16	68849625	G	A	CDH1	Missense_Mutation	64	26	90	0.28888888888888886	2	1	1	0.9793	1	0.9793	0.9793	True	0.59	2.09
16	69833092	G	T	WWP2	Missense_Mutation	70	27	97	0.27835051546391754	2	1	1	0.9436	1	0.9436	0.9436	True	0.59	2.09
16	70211235	C	T	CLEC18C	Missense_Mutation	200	28	228	0.12280701754385964	2	1	1	0.4163	1	0.4163	0.4163	False	0.59	2.09
16	70852425	A	G	HYDIN	Silent	19	6	25	0.24	2	1	1	0.8136	1	0.8136	0.8136	False	0.59	2.09
16	70916787	C	T	HYDIN	Missense_Mutation	50	22	72	0.3055555555555556	2	1	1	1.0358	1	1.0358	1.0	True	0.59	2.09
16	71318570	C	T	CMTR2	Nonsense_Mutation	65	26	91	0.2857142857142857	2	1	1	0.9685	1	0.9685	0.9685	True	0.59	2.09
16	71668201	G	A	MARVELD3	Intron	77	15	92	0.16304347826086957	2	1	1	0.5527	1	0.5527	0.5527	False	0.59	2.09
16	71682861	G	A	PHLPP2	Missense_Mutation	122	53	175	0.3028571428571429	2	1	1	1.0266	1	1.0266	1.0	True	0.59	2.09
16	75148843	C	T	LDHD	Silent	26	4	30	0.13333333333333333	2	1	1	0.452	1	0.452	0.452	False	0.59	2.09
16	75564412	A	G	CHST5	5'UTR	36	4	40	0.1	2	1	1	0.339	1	0.339	0.339	False	0.59	2.09
16	77232113	C	T	MON1B	Missense_Mutation	65	27	92	0.29347826086956524	2	1	1	0.9948	1	0.9948	0.9948	True	0.59	2.09
16	77465345	G	T	ADAMTS18	Silent	67	13	80	0.1625	2	1	1	0.5508	1	0.5508	0.5508	False	0.59	2.09
16	79634592	G	A	MAF	5'UTR	116	11	127	0.08661417322834646	2	1	1	0.2936	1	0.2936	0.2936	False	0.59	2.09
16	81076085	G	T	ATMIN	Missense_Mutation	23	15	38	0.39473684210526316	2	1	1	1.3381	1	1.3381	1.0	True	0.59	2.09
16	81232553	G	A	PKD1L2	Silent	159	44	203	0.21674876847290642	2	1	1	0.7347	1	0.7347	0.7347	False	0.59	2.09
16	83378517	G	A	CDH13	Silent	37	7	44	0.1590909090909091	2	1	1	0.5393	1	0.5393	0.5393	False	0.59	2.09
16	84024134	G	A	NECAB2	Silent	35	18	53	0.33962264150943394	2	1	1	1.1513	1	1.1513	1.0	True	0.59	2.09
16	85694969	G	A	GSE1	Missense_Mutation	18	6	24	0.25	2	1	1	0.8475	1	0.8475	0.8475	False	0.59	2.09
16	87870208	C	T	SLC7A5	Missense_Mutation	17	4	21	0.19047619047619047	2	1	1	0.6457	1	0.6457	0.6457	False	0.59	2.09
16	89349019	G	A	ANKRD11	Nonsense_Mutation	80	10	90	0.1111111111111111	2	1	1	0.3766	1	0.3766	0.3766	False	0.59	2.09
16	89986259	C	T	MC1R	Missense_Mutation	16	6	22	0.2727272727272727	2	1	1	0.9245	1	0.9245	0.9245	True	0.59	2.09
16	90075268	G	A	DBNDD1	Silent	16	8	24	0.3333333333333333	2	1	1	1.1299	1	1.1299	1.0	True	0.59	2.09
16	90110158	C	A	GAS8	3'UTR	32	4	36	0.1111111111111111	2	1	1	0.3766	1	0.3766	0.3766	False	0.59	2.09
17	694835	G	A	RNMTL1	Missense_Mutation	67	26	93	0.27956989247311825	2	1	1	0.9477	1	0.9477	0.9477	True	0.59	2.09
17	2935733	G	A	RAP1GAP2	3'UTR	100	14	114	0.12280701754385964	2	1	1	0.4163	1	0.4163	0.4163	False	0.59	2.09
17	3366054	G	T	SPATA22	Silent	93	14	107	0.1308411214953271	2	1	1	0.4435	1	0.4435	0.4435	False	0.59	2.09
17	3628152	C	T	GSG2	Missense_Mutation	17	10	27	0.37037037037037035	2	1	1	1.2555	1	1.2555	1.0	True	0.59	2.09
17	4462998	C	T	GGT6	Silent	19	8	27	0.2962962962962963	2	1	1	1.0044	1	1.0044	1.0	True	0.59	2.09
17	4644968	G	T	ZMYND15	Missense_Mutation	67	21	88	0.23863636363636365	2	1	1	0.8089	1	0.8089	0.8089	False	0.59	2.09
17	4862853	C	A	SPAG7	Silent	43	12	55	0.21818181818181817	2	1	1	0.7396	1	0.7396	0.7396	False	0.59	2.09
17	5039115	T	C	USP6	Missense_Mutation	6	5	11	0.45454545454545453	2	1	1	1.5408	1	1.5408	1.0	True	0.59	2.09
17	5085262	T	C	ZNF594	Missense_Mutation	97	16	113	0.1415929203539823	2	1	1	0.48	1	0.48	0.48	False	0.59	2.09
17	6946267	C	T	SLC16A11	Missense_Mutation	42	13	55	0.23636363636363636	2	1	1	0.8012	1	0.8012	0.8012	False	0.59	2.09
17	7228547	G	A	NEURL4	Missense_Mutation	38	16	54	0.2962962962962963	2	1	1	1.0044	1	1.0044	1.0	True	0.59	2.09
17	7257649	T	C	KCTD11	3'UTR	131	56	187	0.2994652406417112	2	1	1	1.0151	1	1.0151	1.0	True	0.59	2.09
17	7296783	T	C	TMEM256-PLSCR3	Intron	52	17	69	0.2463768115942029	2	1	1	0.8352	1	0.8352	0.8352	False	0.59	2.09
17	7350426	C	T	CHRNB1	Missense_Mutation	20	10	30	0.3333333333333333	2	1	1	1.1299	1	1.1299	1.0	True	0.59	2.09
17	7495923	G	T	FXR2	Intron	23	14	37	0.3783783783783784	2	1	1	1.2826	1	1.2826	1.0	True	0.59	2.09
17	7749596	G	A	KDM6B	Missense_Mutation	18	5	23	0.21739130434782608	2	1	1	0.7369	1	0.7369	0.7369	False	0.59	2.09
17	7976248	C	T	ALOX12B	Silent	35	18	53	0.33962264150943394	2	1	1	1.1513	1	1.1513	1.0	True	0.59	2.09
17	8020192	C	T	ALOXE3	Missense_Mutation	51	12	63	0.19047619047619047	2	1	1	0.6457	1	0.6457	0.6457	False	0.59	2.09
17	9515746	G	A	WDR16	Silent	53	12	65	0.18461538461538463	2	1	1	0.6258	1	0.6258	0.6258	False	0.59	2.09
17	9578225	C	A	USP43	Missense_Mutation	134	16	150	0.10666666666666667	2	1	1	0.3616	1	0.3616	0.3616	False	0.59	2.09
17	10310268	A	G	MYH8	Missense_Mutation	118	43	161	0.2670807453416149	2	1	1	0.9054	1	0.9054	0.9054	True	0.59	2.09
17	10432392	C	T	MYH2	Missense_Mutation	40	18	58	0.3103448275862069	2	1	1	1.052	1	1.052	1.0	True	0.59	2.09
17	10441152	A	G	MYH2	Missense_Mutation	39	17	56	0.30357142857142855	2	1	1	1.0291	1	1.0291	1.0	True	0.59	2.09
17	12823131	G	T	ARHGAP44	Missense_Mutation	154	70	224	0.3125	2	1	1	1.0593	1	1.0593	1.0	True	0.59	2.09
17	15517182	C	T	RP11-385D13.1	Missense_Mutation	229	16	245	0.0653061224489796	2	1	1	0.2214	1	0.2214	0.2214	False	0.59	2.09
17	15935761	C	T	NCOR1	Missense_Mutation	63	16	79	0.20253164556962025	2	1	1	0.6865	1	0.6865	0.6865	False	0.59	2.09
17	16593893	G	A	CCDC144A	Missense_Mutation	74	12	86	0.13953488372093023	2	1	1	0.473	1	0.473	0.473	False	0.59	2.09
17	17696339	G	A	RAI1	Missense_Mutation	55	10	65	0.15384615384615385	2	1	1	0.5215	1	0.5215	0.5215	False	0.59	2.09
17	17797030	G	T	TOM1L2	Missense_Mutation	51	8	59	0.13559322033898305	2	1	1	0.4596	1	0.4596	0.4596	False	0.59	2.09
17	17962206	T	C	GID4	Missense_Mutation	47	13	60	0.21666666666666667	2	1	1	0.7345	1	0.7345	0.7345	False	0.59	2.09
17	18009754	G	A	DRG2	Missense_Mutation	26	10	36	0.2777777777777778	2	1	1	0.9416	1	0.9416	0.9416	True	0.59	2.09
17	18565534	G	A	ZNF286B	Missense_Mutation	77	10	87	0.11494252873563218	2	1	1	0.3896	1	0.3896	0.3896	False	0.59	2.09
17	19619798	G	T	SLC47A2	Missense_Mutation	64	35	99	0.35353535353535354	2	1	1	1.1984	1	1.1984	1.0	True	0.59	2.09
17	21321987	C	A	KCNJ12	3'UTR	32	17	49	0.3469387755102041	2	1	1	1.1761	1	1.1761	1.0	True	0.59	2.09
17	21322685	T	C	KCNJ12	3'UTR	110	15	125	0.12	2	1	1	0.4068	1	0.4068	0.4068	False	0.59	2.09
17	26653873	G	A	TMEM97	3'UTR	9	9	18	0.5	2	1	1	1.6949	1	1.6949	1.0	True	0.59	2.09
17	27028098	C	T	SUPT6H	Missense_Mutation	30	4	34	0.11764705882352941	2	1	1	0.3988	1	0.3988	0.3988	False	0.59	2.09
17	27068556	T	G	NEK8	Missense_Mutation	43	5	48	0.10416666666666667	2	1	1	0.3531	1	0.3531	0.3531	False	0.59	2.09
17	27449224	C	T	MYO18A	Silent	72	36	108	0.3333333333333333	2	1	1	1.1299	1	1.1299	1.0	True	0.59	2.09
17	28417501	C	T	EFCAB5	Missense_Mutation	60	19	79	0.24050632911392406	2	1	1	0.8153	1	0.8153	0.8153	False	0.59	2.09
17	29271968	C	T	ADAP2	Missense_Mutation	25	11	36	0.3055555555555556	2	1	1	1.0358	1	1.0358	1.0	True	0.59	2.09
17	29546120	C	A	NF1	Missense_Mutation	92	12	104	0.11538461538461539	2	1	1	0.3911	1	0.3911	0.3911	False	0.59	2.09
17	30815174	G	A	CDK5R1	Missense_Mutation	24	9	33	0.2727272727272727	2	1	1	0.9245	1	0.9245	0.9245	True	0.59	2.09
17	34943653	C	T	GGNBP2	Missense_Mutation	65	11	76	0.14473684210526316	2	1	1	0.4906	1	0.4906	0.4906	False	0.59	2.09
17	35545390	G	A	ACACA	Missense_Mutation	40	15	55	0.2727272727272727	2	1	1	0.9245	1	0.9245	0.9245	True	0.59	2.09
17	36002149	C	A	DDX52	Silent	331	193	524	0.3683206106870229	2	1	1	1.2485	1	1.2485	1.0	True	0.59	2.09
17	36508581	C	A	SOCS7	Missense_Mutation	37	8	45	0.17777777777777778	2	1	1	0.6026	1	0.6026	0.6026	False	0.59	2.09
17	36720475	G	A	SRCIN1	Silent	12	8	20	0.4	2	1	1	1.3559	1	1.3559	1.0	True	0.59	2.09
17	36895838	C	T	PCGF2	Splice_Site	40	21	61	0.3442622950819672	2	1	1	1.167	1	1.167	1.0	True	0.59	2.09
17	36936725	T	C	PIP4K2B	Missense_Mutation	23	14	37	0.3783783783783784	2	1	1	1.2826	1	1.2826	1.0	True	0.59	2.09
17	37224011	G	T	PLXDC1	3'UTR	21	7	28	0.25	2	1	1	0.8475	1	0.8475	0.8475	False	0.59	2.09
17	37898577	C	T	GRB7	Missense_Mutation	63	16	79	0.20253164556962025	2	1	1	0.6865	1	0.6865	0.6865	False	0.59	2.09
17	38176550	G	A	MED24	Missense_Mutation	71	18	89	0.20224719101123595	2	1	1	0.6856	1	0.6856	0.6856	False	0.59	2.09
17	38251797	C	T	NR1D1	Missense_Mutation	83	34	117	0.2905982905982906	2	1	1	0.9851	1	0.9851	0.9851	True	0.59	2.09
17	39973353	C	T	FKBP10	Missense_Mutation	53	28	81	0.345679012345679	2	1	1	1.1718	1	1.1718	1.0	True	0.59	2.09
17	40266545	G	A	KAT2A	Silent	35	11	46	0.2391304347826087	2	1	1	0.8106	1	0.8106	0.8106	False	0.59	2.09
17	40706441	C	T	HSD17B1	Silent	13	10	23	0.43478260869565216	2	1	1	1.4738	1	1.4738	1.0	True	0.59	2.09
17	41179234	C	A	RND2	Silent	74	9	83	0.10843373493975904	2	1	1	0.3676	1	0.3676	0.3676	False	0.59	2.09
17	41836132	G	A	SOST	5'UTR	11	5	16	0.3125	2	1	1	1.0593	1	1.0593	1.0	True	0.59	2.09
17	42018261	G	A	PPY	3'UTR	47	4	51	0.0784313725490196	2	1	1	0.2659	1	0.2659	0.2659	False	0.59	2.09
17	42232260	C	T	C17orf53	Missense_Mutation	55	22	77	0.2857142857142857	2	1	1	0.9685	1	0.9685	0.9685	True	0.59	2.09
17	42990687	C	T	GFAP	Missense_Mutation	87	11	98	0.11224489795918367	2	1	1	0.3805	1	0.3805	0.3805	False	0.59	2.09
17	43194139	G	T	PLCD3	Missense_Mutation	29	8	37	0.21621621621621623	2	1	1	0.7329	1	0.7329	0.7329	False	0.59	2.09
17	43228367	C	T	HEXIM1	3'UTR	60	6	66	0.09090909090909091	2	1	1	0.3082	1	0.3082	0.3082	False	0.59	2.09
17	44590206	T	C	LRRC37A2	Missense_Mutation	186	24	210	0.11428571428571428	2	1	1	0.3874	1	0.3874	0.3874	False	0.59	2.09
17	45886353	G	A	OSBPL7	Missense_Mutation	18	4	22	0.18181818181818182	2	1	1	0.6163	1	0.6163	0.6163	False	0.59	2.09
17	46002877	G	A	SP2	Missense_Mutation	19	13	32	0.40625	2	1	1	1.3771	1	1.3771	1.0	True	0.59	2.09
17	46620878	G	A	HOXB2	Missense_Mutation	34	16	50	0.32	2	1	1	1.0847	1	1.0847	1.0	True	0.59	2.09
17	46628160	C	T	HOXB3	Missense_Mutation	34	6	40	0.15	2	1	1	0.5085	1	0.5085	0.5085	False	0.59	2.09
17	48626309	A	G	SPATA20	Missense_Mutation	65	9	74	0.12162162162162163	2	1	1	0.4123	1	0.4123	0.4123	False	0.59	2.09
17	48667913	C	A	CACNA1G	Missense_Mutation	116	19	135	0.14074074074074075	2	1	1	0.4771	1	0.4771	0.4771	False	0.59	2.09
17	48703471	C	T	CACNA1G	Missense_Mutation	33	16	49	0.32653061224489793	2	1	1	1.1069	1	1.1069	1.0	True	0.59	2.09
17	49074032	C	T	SPAG9	Missense_Mutation	131	17	148	0.11486486486486487	2	1	1	0.3894	1	0.3894	0.3894	False	0.59	2.09
17	53471763	C	T	MMD	Missense_Mutation	52	22	74	0.2972972972972973	2	1	1	1.0078	1	1.0078	1.0	True	0.59	2.09
17	59761229	C	T	BRIP1	Missense_Mutation	108	47	155	0.3032258064516129	2	1	1	1.0279	1	1.0279	1.0	True	0.59	2.09
17	60032800	C	T	MED13	Missense_Mutation	58	28	86	0.32558139534883723	2	1	1	1.1037	1	1.1037	1.0	True	0.59	2.09
17	61899083	C	A	FTSJ3	Missense_Mutation	84	9	93	0.0967741935483871	2	1	1	0.328	1	0.328	0.328	False	0.59	2.09
17	61988492	C	T	CSHL1	Intron	119	44	163	0.26993865030674846	2	1	1	0.915	1	0.915	0.915	True	0.59	2.09
17	62083998	G	A	ICAM2	Silent	55	6	61	0.09836065573770492	2	1	1	0.3334	1	0.3334	0.3334	False	0.59	2.09
17	67293485	C	T	ABCA5	Missense_Mutation	89	30	119	0.25210084033613445	2	1	1	0.8546	1	0.8546	0.8546	True	0.59	2.09
17	70943929	G	A	SLC39A11	Missense_Mutation	39	24	63	0.38095238095238093	2	1	1	1.2914	1	1.2914	1.0	True	0.59	2.09
17	71192791	A	G	COG1	Missense_Mutation	51	23	74	0.3108108108108108	2	1	1	1.0536	1	1.0536	1.0	True	0.59	2.09
17	72348407	C	T	KIF19	Silent	23	13	36	0.3611111111111111	2	1	1	1.2241	1	1.2241	1.0	True	0.59	2.09
17	72869065	G	A	FDXR	Missense_Mutation	9	6	15	0.4	2	1	1	1.3559	1	1.3559	1.0	True	0.59	2.09
17	73263667	G	T	MIF4GD	Missense_Mutation	46	8	54	0.14814814814814814	2	1	1	0.5022	1	0.5022	0.5022	False	0.59	2.09
17	73702102	G	A	SAP30BP	Silent	13	4	17	0.23529411764705882	2	1	1	0.7976	1	0.7976	0.7976	False	0.59	2.09
17	73736522	C	T	ITGB4	Missense_Mutation	20	14	34	0.4117647058823529	2	1	1	1.3958	1	1.3958	1.0	True	0.59	2.09
17	73949563	C	T	ACOX1	Missense_Mutation	80	9	89	0.10112359550561797	2	1	1	0.3428	1	0.3428	0.3428	False	0.59	2.09
17	74005001	G	T	EVPL	Missense_Mutation	19	7	26	0.2692307692307692	2	1	1	0.9126	1	0.9126	0.9126	True	0.59	2.09
17	76970770	C	T	LGALS3BP	Missense_Mutation	35	9	44	0.20454545454545456	2	1	1	0.6934	1	0.6934	0.6934	False	0.59	2.09
17	77043723	C	A	C1QTNF1	Silent	17	7	24	0.2916666666666667	2	1	1	0.9887	1	0.9887	0.9887	True	0.59	2.09
17	77768655	C	T	CBX8	Missense_Mutation	24	10	34	0.29411764705882354	2	1	1	0.997	1	0.997	0.997	True	0.59	2.09
17	77808625	G	A	CBX4	Silent	176	78	254	0.30708661417322836	2	1	1	1.041	1	1.041	1.0	True	0.59	2.09
17	79655789	C	T	HGS	Missense_Mutation	38	20	58	0.3448275862068966	2	1	1	1.1689	1	1.1689	1.0	True	0.59	2.09
18	5291559	G	A	ZBTB14	Silent	30	8	38	0.21052631578947367	2	1	1	0.7136	1	0.7136	0.7136	False	0.59	2.09
18	7032079	G	A	LAMA1	Missense_Mutation	33	3	36	0.08333333333333333	2	1	1	0.2825	1	0.2825	0.2825	False	0.59	2.09
18	7080342	C	T	LAMA1	Missense_Mutation	75	17	92	0.18478260869565216	2	1	1	0.6264	1	0.6264	0.6264	False	0.59	2.09
18	8113645	C	T	PTPRM	Missense_Mutation	35	19	54	0.35185185185185186	2	1	1	1.1927	1	1.1927	1.0	True	0.59	2.09
18	8253302	G	A	PTPRM	Missense_Mutation	43	13	56	0.23214285714285715	2	1	1	0.7869	1	0.7869	0.7869	False	0.59	2.09
18	9914333	G	A	VAPA	Splice_Site	10	3	13	0.23076923076923078	2	1	1	0.7823	1	0.7823	0.7823	False	0.59	2.09
18	12009902	C	T	IMPA2	Missense_Mutation	46	7	53	0.1320754716981132	2	1	1	0.4477	1	0.4477	0.4477	False	0.59	2.09
18	18531224	C	G	ROCK1	3'UTR	30	22	52	0.4230769230769231	2	1	1	1.4342	1	1.4342	1.0	True	0.59	2.09
18	18534813	G	A	ROCK1	Nonsense_Mutation	153	51	204	0.25	2	1	1	0.8475	1	0.8475	0.8475	False	0.59	2.09
18	21427491	C	T	LAMA3	Missense_Mutation	40	11	51	0.21568627450980393	2	1	1	0.7311	1	0.7311	0.7311	False	0.59	2.09
18	25591889	C	A	CDH2	Missense_Mutation	71	16	87	0.1839080459770115	2	1	1	0.6234	1	0.6234	0.6234	False	0.59	2.09
18	32826115	G	A	ZNF397	Silent	67	30	97	0.30927835051546393	2	1	1	1.0484	1	1.0484	1.0	True	0.59	2.09
18	33877916	G	A	FHOD3	Missense_Mutation	14	9	23	0.391304347826087	2	1	1	1.3265	1	1.3265	1.0	True	0.59	2.09
18	34298575	G	A	FHOD3	Missense_Mutation	42	13	55	0.23636363636363636	2	1	1	0.8012	1	0.8012	0.8012	False	0.59	2.09
18	43671739	C	T	ATP5A1	Missense_Mutation	98	45	143	0.3146853146853147	2	1	1	1.0667	1	1.0667	1.0	True	0.59	2.09
18	44113144	T	G	LOXHD1	Missense_Mutation	101	45	146	0.3082191780821918	2	1	1	1.0448	1	1.0448	1.0	True	0.59	2.09
18	45371636	A	G	SMAD2	Intron	13	5	18	0.2777777777777778	2	1	1	0.9416	1	0.9416	0.9416	True	0.59	2.09
18	47318615	G	A	ACAA2	Silent	99	33	132	0.25	2	1	1	0.8475	1	0.8475	0.8475	False	0.59	2.09
18	47421415	G	A	MYO5B	Silent	82	11	93	0.11827956989247312	2	1	1	0.4009	1	0.4009	0.4009	False	0.59	2.09
18	47500841	G	A	MYO5B	Missense_Mutation	66	9	75	0.12	2	1	1	0.4068	1	0.4068	0.4068	False	0.59	2.09
18	47797748	T	C	MBD1	Intron	19	9	28	0.32142857142857145	2	1	1	1.0896	1	1.0896	1.0	True	0.59	2.09
18	50731650	T	C	DCC	Silent	27	10	37	0.2702702702702703	2	1	1	0.9162	1	0.9162	0.9162	True	0.59	2.09
18	51025743	A	T	DCC	Missense_Mutation	49	10	59	0.1694915254237288	2	1	1	0.5745	1	0.5745	0.5745	False	0.59	2.09
18	58039865	A	C	MC4R	5'UTR	172	18	190	0.09473684210526316	2	1	1	0.3211	1	0.3211	0.3211	False	0.59	2.09
18	59195230	A	G	CDH20	Missense_Mutation	57	26	83	0.3132530120481928	2	1	1	1.0619	1	1.0619	1.0	True	0.59	2.09
18	61570323	G	A	SERPINB2	Silent	50	10	60	0.16666666666666666	2	1	1	0.565	1	0.565	0.565	False	0.59	2.09
18	63526278	G	T	CDH7	Missense_Mutation	73	31	104	0.2980769230769231	2	1	1	1.0104	1	1.0104	1.0	True	0.59	2.09
18	65182278	T	C	DSEL	5'UTR	135	22	157	0.14012738853503184	2	1	1	0.475	1	0.475	0.475	False	0.59	2.09
18	67563118	G	A	CD226	Silent	58	7	65	0.1076923076923077	2	1	1	0.3651	1	0.3651	0.3651	False	0.59	2.09
18	74639076	G	C	ZNF236	Missense_Mutation	52	25	77	0.3246753246753247	2	1	1	1.1006	1	1.1006	1.0	True	0.59	2.09
18	76754306	C	T	SALL3	Missense_Mutation	47	23	70	0.32857142857142857	2	1	1	1.1138	1	1.1138	1.0	True	0.59	2.09
18	77193683	C	T	NFATC1	Missense_Mutation	36	17	53	0.32075471698113206	2	1	1	1.0873	1	1.0873	1.0	True	0.59	2.09
18	77227559	G	A	NFATC1	Missense_Mutation	62	10	72	0.1388888888888889	2	1	1	0.4708	1	0.4708	0.4708	False	0.59	2.09
19	407912	G	A	C2CD4C	Silent	31	15	46	0.32608695652173914	2	1	1	1.1054	1	1.1054	1.0	True	0.59	2.09
19	578092	G	A	BSG	Missense_Mutation	12	4	16	0.25	2	1	1	0.8475	1	0.8475	0.8475	False	0.59	2.09
19	608171	T	C	HCN2	Missense_Mutation	20	15	35	0.42857142857142855	2	1	1	1.4528	1	1.4528	1.0	True	0.59	2.09
19	623496	G	A	POLRMT	Silent	25	5	30	0.16666666666666666	2	1	1	0.565	1	0.565	0.565	False	0.59	2.09
19	1055192	G	A	ABCA7	Silent	23	7	30	0.23333333333333334	2	1	1	0.791	1	0.791	0.791	False	0.59	2.09
19	1230942	C	T	C19orf26	Missense_Mutation	14	6	20	0.3	2	1	1	1.0169	1	1.0169	1.0	True	0.59	2.09
19	1578477	G	A	MBD3	Silent	20	6	26	0.23076923076923078	2	1	1	0.7823	1	0.7823	0.7823	False	0.59	2.09
19	1811706	C	T	ATP8B3	Silent	10	4	14	0.2857142857142857	2	1	1	0.9685	1	0.9685	0.9685	True	0.59	2.09
19	2110734	G	A	AP3D1	Silent	15	14	29	0.4827586206896552	2	1	1	1.6365	1	1.6365	1.0	True	0.59	2.09
19	2291264	G	A	LINGO3	Missense_Mutation	16	7	23	0.30434782608695654	2	1	1	1.0317	1	1.0317	1.0	True	0.59	2.09
19	2430720	G	A	LMNB2	3'UTR	7	3	10	0.3	2	1	1	1.0169	1	1.0169	1.0	True	0.59	2.09
19	2520634	C	T	GNG7	Missense_Mutation	37	4	41	0.0975609756097561	2	1	1	0.3307	1	0.3307	0.3307	False	0.59	2.09
19	2834308	C	T	ZNF554	Nonsense_Mutation	11	7	18	0.3888888888888889	2	1	1	1.3183	1	1.3183	1.0	True	0.59	2.09
19	3624009	G	A	CACTIN	Missense_Mutation	6	4	10	0.4	2	1	1	1.3559	1	1.3559	1.0	True	0.59	2.09
19	3735574	C	T	TJP3	Missense_Mutation	31	6	37	0.16216216216216217	2	1	1	0.5497	1	0.5497	0.5497	False	0.59	2.09
19	4512131	C	A	PLIN4	Missense_Mutation	138	74	212	0.3490566037735849	2	1	1	1.1832	1	1.1832	1.0	True	0.59	2.09
19	5214592	G	A	PTPRS	Missense_Mutation	31	17	48	0.3541666666666667	2	1	1	1.2006	1	1.2006	1.0	True	0.59	2.09
19	5770965	G	A	CATSPERD	Missense_Mutation	35	15	50	0.3	2	1	1	1.0169	1	1.0169	1.0	True	0.59	2.09
19	6416530	C	T	KHSRP	Missense_Mutation	47	14	61	0.22950819672131148	2	1	1	0.778	1	0.778	0.778	False	0.59	2.09
19	6432082	T	C	SLC25A41	Missense_Mutation	26	8	34	0.23529411764705882	2	1	1	0.7976	1	0.7976	0.7976	False	0.59	2.09
19	6495166	G	A	TUBB4A	3'UTR	34	8	42	0.19047619047619047	2	1	1	0.6457	1	0.6457	0.6457	False	0.59	2.09
19	6736657	C	A	GPR108	Silent	22	7	29	0.2413793103448276	2	1	1	0.8182	1	0.8182	0.8182	False	0.59	2.09
19	6822322	G	A	VAV1	Silent	21	22	43	0.5116279069767442	2	1	1	1.7343	1	1.7343	1.0	True	0.59	2.09
19	7592774	C	T	MCOLN1	Silent	33	17	50	0.34	2	1	1	1.1525	1	1.1525	1.0	True	0.59	2.09
19	8160343	C	A	FBN3	Missense_Mutation	57	9	66	0.13636363636363635	2	1	1	0.4622	1	0.4622	0.4622	False	0.59	2.09
19	8620544	A	G	MYO1F	Missense_Mutation	66	27	93	0.2903225806451613	2	1	1	0.9841	1	0.9841	0.9841	True	0.59	2.09
19	9577432	C	T	ZNF560	Missense_Mutation	69	16	85	0.18823529411764706	2	1	1	0.6381	1	0.6381	0.6381	False	0.59	2.09
19	10434065	C	T	RAVER1	Missense_Mutation	4	5	9	0.5555555555555556	2	1	1	1.8832	1	1.8832	1.0	True	0.59	2.09
19	10748564	G	A	SLC44A2	Silent	100	46	146	0.3150684931506849	2	1	1	1.068	1	1.068	1.0	True	0.59	2.09
19	10923025	A	G	DNM2	Missense_Mutation	39	11	50	0.22	2	1	1	0.7458	1	0.7458	0.7458	False	0.59	2.09
19	11328012	G	A	DOCK6	Silent	74	9	83	0.10843373493975904	2	1	1	0.3676	1	0.3676	0.3676	False	0.59	2.09
19	12511914	C	A	ZNF799	5'UTR	20	7	27	0.25925925925925924	2	1	1	0.8788	1	0.8788	0.8788	True	0.59	2.09
19	12511916	G	C	ZNF799	5'UTR	20	8	28	0.2857142857142857	2	1	1	0.9685	1	0.9685	0.9685	True	0.59	2.09
19	12511920	G	A	ZNF799	5'UTR	15	8	23	0.34782608695652173	2	1	1	1.1791	1	1.1791	1.0	True	0.59	2.09
19	12816128	C	T	TNPO2	Missense_Mutation	40	5	45	0.1111111111111111	2	1	1	0.3766	1	0.3766	0.3766	False	0.59	2.09
19	12841843	C	T	C19orf43	Missense_Mutation	58	16	74	0.21621621621621623	2	1	1	0.7329	1	0.7329	0.7329	False	0.59	2.09
19	13084476	G	T	DAND5	3'UTR	22	6	28	0.21428571428571427	2	1	1	0.7264	1	0.7264	0.7264	False	0.59	2.09
19	13410062	G	A	CACNA1A	Silent	23	5	28	0.17857142857142858	2	1	1	0.6053	1	0.6053	0.6053	False	0.59	2.09
19	13988290	G	A	NANOS3	Silent	11	7	18	0.3888888888888889	2	1	1	1.3183	1	1.3183	1.0	True	0.59	2.09
19	14162426	C	A	IL27RA	Silent	33	18	51	0.35294117647058826	2	1	1	1.1964	1	1.1964	1.0	True	0.59	2.09
19	15535691	G	A	WIZ	Missense_Mutation	53	6	59	0.1016949152542373	2	1	1	0.3447	1	0.3447	0.3447	False	0.59	2.09
19	16910915	C	T	NWD1	Silent	40	17	57	0.2982456140350877	2	1	1	1.011	1	1.011	1.0	True	0.59	2.09
19	17329240	C	T	USE1	Intron	79	14	93	0.15053763440860216	2	1	1	0.5103	1	0.5103	0.5103	False	0.59	2.09
19	17611587	G	A	SLC27A1	Missense_Mutation	40	18	58	0.3103448275862069	2	1	1	1.052	1	1.052	1.0	True	0.59	2.09
19	18979510	G	A	GDF1	Missense_Mutation	13	10	23	0.43478260869565216	2	1	1	1.4738	1	1.4738	1.0	True	0.59	2.09
19	19010434	G	A	COPE	3'UTR	26	14	40	0.35	2	1	1	1.1864	1	1.1864	1.0	True	0.59	2.09
19	19105137	G	A	SUGP2	3'UTR	81	15	96	0.15625	2	1	1	0.5297	1	0.5297	0.5297	False	0.59	2.09
19	19339168	T	C	NCAN	Silent	29	3	32	0.09375	2	1	1	0.3178	1	0.3178	0.3178	False	0.59	2.09
19	19616216	G	A	GATAD2A	Missense_Mutation	16	10	26	0.38461538461538464	2	1	1	1.3038	1	1.3038	1.0	True	0.59	2.09
19	19638915	G	A	NDUFA13	Missense_Mutation	25	6	31	0.1935483870967742	2	1	1	0.6561	1	0.6561	0.6561	False	0.59	2.09
19	21300201	C	T	ZNF714	Missense_Mutation	22	5	27	0.18518518518518517	2	1	1	0.6277	1	0.6277	0.6277	False	0.59	2.09
19	21934230	A	G	ZNF100	Intron	89	17	106	0.16037735849056603	2	1	1	0.5437	1	0.5437	0.5437	False	0.59	2.09
19	21991567	T	C	ZNF43	Silent	20	7	27	0.25925925925925924	2	1	1	0.8788	1	0.8788	0.8788	True	0.59	2.09
19	30314609	T	C	CCNE1	Silent	27	3	30	0.1	2	1	1	0.339	1	0.339	0.339	False	0.59	2.09
19	32844624	T	A	ZNF507	Silent	55	19	74	0.25675675675675674	2	1	1	0.8704	1	0.8704	0.8704	True	0.59	2.09
19	34292219	G	A	KCTD15	Missense_Mutation	39	7	46	0.15217391304347827	2	1	1	0.5158	1	0.5158	0.5158	False	0.59	2.09
19	34884959	G	A	GPI	Silent	17	18	35	0.5142857142857142	2	1	1	1.7433	1	1.7433	1.0	True	0.59	2.09
19	35616130	G	T	LGI4	Silent	87	25	112	0.22321428571428573	2	1	1	0.7567	1	0.7567	0.7567	False	0.59	2.09
19	36029509	G	A	GAPDHS	Missense_Mutation	38	22	60	0.36666666666666664	2	1	1	1.2429	1	1.2429	1.0	True	0.59	2.09
19	36048722	G	A	ATP4A	Missense_Mutation	18	14	32	0.4375	2	1	1	1.4831	1	1.4831	1.0	True	0.59	2.09
19	36303560	G	A	PRODH2	Missense_Mutation	35	12	47	0.2553191489361702	2	1	1	0.8655	1	0.8655	0.8655	True	0.59	2.09
19	36517492	C	T	CLIP3	Silent	19	12	31	0.3870967741935484	2	1	1	1.3122	1	1.3122	1.0	True	0.59	2.09
19	36523197	C	A	CLIP3	Missense_Mutation	65	11	76	0.14473684210526316	2	1	1	0.4906	1	0.4906	0.4906	False	0.59	2.09
19	36633602	G	A	CAPNS1	Missense_Mutation	47	29	76	0.3815789473684211	2	1	1	1.2935	1	1.2935	1.0	True	0.59	2.09
19	36640790	T	C	CAPNS1	3'UTR	34	19	53	0.3584905660377358	2	1	1	1.2152	1	1.2152	1.0	True	0.59	2.09
19	37310083	T	C	ZNF790	Missense_Mutation	32	17	49	0.3469387755102041	2	1	1	1.1761	1	1.1761	1.0	True	0.59	2.09
19	37677177	C	T	ZNF585B	Missense_Mutation	96	16	112	0.14285714285714285	2	1	1	0.4843	1	0.4843	0.4843	False	0.59	2.09
19	37677179	G	A	ZNF585B	Silent	97	16	113	0.1415929203539823	2	1	1	0.48	1	0.48	0.48	False	0.59	2.09
19	37697955	C	T	CTC-454I21.3	Missense_Mutation	34	15	49	0.30612244897959184	2	1	1	1.0377	1	1.0377	1.0	True	0.59	2.09
19	38385434	A	G	WDR87	Silent	70	18	88	0.20454545454545456	2	1	1	0.6934	1	0.6934	0.6934	False	0.59	2.09
19	38600934	C	T	SIPA1L3	Missense_Mutation	53	20	73	0.273972602739726	2	1	1	0.9287	1	0.9287	0.9287	True	0.59	2.09
19	39026022	C	T	RYR1	Nonsense_Mutation	57	17	74	0.22972972972972974	2	1	1	0.7787	1	0.7787	0.7787	False	0.59	2.09
19	39055679	T	C	RYR1	Silent	8	9	17	0.5294117647058824	2	1	1	1.7946	1	1.7946	1.0	True	0.59	2.09
19	39663674	G	A	PAK4	Silent	12	6	18	0.3333333333333333	2	1	1	1.1299	1	1.1299	1.0	True	0.59	2.09
19	39826151	G	A	GMFG	Silent	86	18	104	0.17307692307692307	2	1	1	0.5867	1	0.5867	0.5867	False	0.59	2.09
19	39877361	G	A	PAF1	Silent	73	43	116	0.3706896551724138	2	1	1	1.2566	1	1.2566	1.0	True	0.59	2.09
19	39908648	G	A	PLEKHG2	Missense_Mutation	17	5	22	0.22727272727272727	2	1	1	0.7704	1	0.7704	0.7704	False	0.59	2.09
19	39915788	G	T	PLEKHG2	Missense_Mutation	13	9	22	0.4090909090909091	2	1	1	1.3867	1	1.3867	1.0	True	0.59	2.09
19	39998563	G	A	DLL3	Silent	48	13	61	0.21311475409836064	2	1	1	0.7224	1	0.7224	0.7224	False	0.59	2.09
19	40408668	C	T	FCGBP	Missense_Mutation	223	97	320	0.303125	2	1	1	1.0275	1	1.0275	1.0	True	0.59	2.09
19	40590694	C	G	ZNF780A	5'UTR	13	7	20	0.35	2	1	1	1.1864	1	1.1864	1.0	True	0.59	2.09
19	40788531	T	C	AKT2	Intron	25	3	28	0.10714285714285714	2	1	1	0.3632	1	0.3632	0.3632	False	0.59	2.09
19	41209478	G	A	ADCK4	Missense_Mutation	35	15	50	0.3	2	1	1	1.0169	1	1.0169	1.0	True	0.59	2.09
19	41884185	G	A	TMEM91	Splice_Site	31	4	35	0.11428571428571428	2	1	1	0.3874	1	0.3874	0.3874	False	0.59	2.09
19	42265981	T	A	CEACAM6	Missense_Mutation	116	48	164	0.2926829268292683	2	1	1	0.9921	1	0.9921	0.9921	True	0.59	2.09
19	42400518	C	T	ARHGEF1	Missense_Mutation	16	20	36	0.5555555555555556	2	1	1	1.8832	1	1.8832	1.0	True	0.59	2.09
19	42563653	G	A	GRIK5	Missense_Mutation	12	6	18	0.3333333333333333	2	1	1	1.1299	1	1.1299	1.0	True	0.59	2.09
19	42909650	C	T	LIPE	Missense_Mutation	43	10	53	0.18867924528301888	2	1	1	0.6396	1	0.6396	0.6396	False	0.59	2.09
19	44131345	G	T	CADM4	Missense_Mutation	61	16	77	0.2077922077922078	2	1	1	0.7044	1	0.7044	0.7044	False	0.59	2.09
19	44933418	C	T	ZNF229	Missense_Mutation	63	16	79	0.20253164556962025	2	1	1	0.6865	1	0.6865	0.6865	False	0.59	2.09
19	45656447	C	T	NKPD1	Silent	68	15	83	0.18072289156626506	2	1	1	0.6126	1	0.6126	0.6126	False	0.59	2.09
19	45662262	C	T	NKPD1	Missense_Mutation	15	4	19	0.21052631578947367	2	1	1	0.7136	1	0.7136	0.7136	False	0.59	2.09
19	46268851	C	T	SIX5	Missense_Mutation	46	10	56	0.17857142857142858	2	1	1	0.6053	1	0.6053	0.6053	False	0.59	2.09
19	46464368	C	T	NOVA2	Silent	49	28	77	0.36363636363636365	2	1	1	1.2327	1	1.2327	1.0	True	0.59	2.09
19	46893565	G	A	PPP5C	Missense_Mutation	68	6	74	0.08108108108108109	2	1	1	0.2749	1	0.2749	0.2749	False	0.59	2.09
19	46997924	C	T	PNMAL2	Missense_Mutation	90	32	122	0.26229508196721313	2	1	1	0.8891	1	0.8891	0.8891	True	0.59	2.09
19	47910354	C	T	MEIS3	Missense_Mutation	21	7	28	0.25	2	1	1	0.8475	1	0.8475	0.8475	False	0.59	2.09
19	47951365	G	A	SLC8A2	Silent	12	3	15	0.2	2	1	1	0.678	1	0.678	0.678	False	0.59	2.09
19	47979893	G	A	KPTN	Missense_Mutation	34	7	41	0.17073170731707318	2	1	1	0.5788	1	0.5788	0.5788	False	0.59	2.09
19	47981003	C	T	KPTN	Missense_Mutation	58	25	83	0.30120481927710846	2	1	1	1.021	1	1.021	1.0	True	0.59	2.09
19	48182685	G	A	GLTSCR1	Silent	48	34	82	0.4146341463414634	2	1	1	1.4055	1	1.4055	1.0	True	0.59	2.09
19	48956285	C	T	GRWD1	3'UTR	27	20	47	0.425531914893617	2	1	1	1.4425	1	1.4425	1.0	True	0.59	2.09
19	49002400	C	T	LMTK3	Silent	16	3	19	0.15789473684210525	2	1	1	0.5352	1	0.5352	0.5352	False	0.59	2.09
19	49173996	C	T	NTN5	Missense_Mutation	29	13	42	0.30952380952380953	2	1	1	1.0492	1	1.0492	1.0	True	0.59	2.09
19	49442857	C	G	DHDH	Missense_Mutation	26	7	33	0.21212121212121213	2	1	1	0.7191	1	0.7191	0.7191	False	0.59	2.09
19	49519541	C	T	LHB	Silent	8	6	14	0.42857142857142855	2	1	1	1.4528	1	1.4528	1.0	True	0.59	2.09
19	49963099	C	T	ALDH16A1	Missense_Mutation	36	19	55	0.34545454545454546	2	1	1	1.171	1	1.171	1.0	True	0.59	2.09
19	50154316	C	T	SCAF1	Nonsense_Mutation	15	4	19	0.21052631578947367	2	1	1	0.7136	1	0.7136	0.7136	False	0.59	2.09
19	50393156	G	A	IL4I1	Missense_Mutation	12	7	19	0.3684210526315789	2	1	1	1.2489	1	1.2489	1.0	True	0.59	2.09
19	50436244	C	T	ATF5	Silent	22	9	31	0.2903225806451613	2	1	1	0.9841	1	0.9841	0.9841	True	0.59	2.09
19	50919935	C	T	POLD1	Missense_Mutation	8	6	14	0.42857142857142855	2	1	1	1.4528	1	1.4528	1.0	True	0.59	2.09
19	51220187	C	T	SHANK1	5'UTR	14	19	33	0.5757575757575758	2	1	1	1.9517	1	1.9517	1.0	True	0.59	2.09
19	51329967	C	T	KLK15	Silent	35	10	45	0.2222222222222222	2	1	1	0.7533	1	0.7533	0.7533	False	0.59	2.09
19	51503326	C	T	KLK8	Missense_Mutation	29	6	35	0.17142857142857143	2	1	1	0.5811	1	0.5811	0.5811	False	0.59	2.09
19	51519274	G	A	KLK10	Silent	38	4	42	0.09523809523809523	2	1	1	0.3228	1	0.3228	0.3228	False	0.59	2.09
19	51986571	G	A	CEACAM18	Missense_Mutation	52	10	62	0.16129032258064516	2	1	1	0.5467	1	0.5467	0.5467	False	0.59	2.09
19	53014503	A	G	ZNF578	Missense_Mutation	38	26	64	0.40625	2	1	1	1.3771	1	1.3771	1.0	True	0.59	2.09
19	53343956	T	A	ZNF468	3'UTR	52	29	81	0.35802469135802467	2	1	1	1.2136	1	1.2136	1.0	True	0.59	2.09
19	53762164	G	A	VN1R2	Missense_Mutation	40	15	55	0.2727272727272727	2	1	1	0.9245	1	0.9245	0.9245	True	0.59	2.09
19	54074879	G	A	ZNF331	Missense_Mutation	67	22	89	0.24719101123595505	2	1	1	0.8379	1	0.8379	0.8379	False	0.59	2.09
19	54140024	G	A	DPRX	Missense_Mutation	71	24	95	0.25263157894736843	2	1	1	0.8564	1	0.8564	0.8564	True	0.59	2.09
19	54313767	C	T	NLRP12	Silent	38	8	46	0.17391304347826086	2	1	1	0.5895	1	0.5895	0.5895	False	0.59	2.09
19	54401306	C	T	PRKCG	Missense_Mutation	68	7	75	0.09333333333333334	2	1	1	0.3164	1	0.3164	0.3164	False	0.59	2.09
19	54579163	G	A	TARM1	Silent	14	3	17	0.17647058823529413	2	1	1	0.5982	1	0.5982	0.5982	False	0.59	2.09
19	54848197	C	T	LILRA4	Silent	98	37	135	0.2740740740740741	2	1	1	0.9291	1	0.9291	0.9291	True	0.59	2.09
19	54963438	T	C	LENG8	Silent	26	12	38	0.3157894736842105	2	1	1	1.0705	1	1.0705	1.0	True	0.59	2.09
19	54973999	C	T	LENG9	Silent	43	7	50	0.14	2	1	1	0.4746	1	0.4746	0.4746	False	0.59	2.09
19	55549613	A	G	GP6	5'UTR	20	9	29	0.3103448275862069	2	1	1	1.052	1	1.052	1.0	True	0.59	2.09
19	55594760	C	T	EPS8L1	Missense_Mutation	29	9	38	0.23684210526315788	2	1	1	0.8029	1	0.8029	0.8029	False	0.59	2.09
19	55966630	C	T	ISOC2	Missense_Mutation	29	12	41	0.2926829268292683	2	1	1	0.9921	1	0.9921	0.9921	True	0.59	2.09
19	55995152	G	A	ZNF628	Silent	41	12	53	0.22641509433962265	2	1	1	0.7675	1	0.7675	0.7675	False	0.59	2.09
19	56307597	G	A	NLRP11	Nonsense_Mutation	17	6	23	0.2608695652173913	2	1	1	0.8843	1	0.8843	0.8843	True	0.59	2.09
19	56895990	G	A	ZNF582	Nonsense_Mutation	55	17	72	0.2361111111111111	2	1	1	0.8004	1	0.8004	0.8004	False	0.59	2.09
19	57955702	A	G	ZNF749	Missense_Mutation	46	27	73	0.3698630136986301	2	1	1	1.2538	1	1.2538	1.0	True	0.59	2.09
19	57985284	G	A	ZNF772	Silent	75	35	110	0.3181818181818182	2	1	1	1.0786	1	1.0786	1.0	True	0.59	2.09
19	58084718	C	T	ZNF416	Missense_Mutation	58	25	83	0.30120481927710846	2	1	1	1.021	1	1.021	1.0	True	0.59	2.09
19	58238988	G	A	ZNF671	5'UTR	41	18	59	0.3050847457627119	2	1	1	1.0342	1	1.0342	1.0	True	0.59	2.09
19	58265916	G	A	ZNF776	Missense_Mutation	43	10	53	0.18867924528301888	2	1	1	0.6396	1	0.6396	0.6396	False	0.59	2.09
19	58773791	A	G	ZNF544	Missense_Mutation	32	12	44	0.2727272727272727	2	1	1	0.9245	1	0.9245	0.9245	True	0.59	2.09
19	58928897	C	T	ZNF584	Missense_Mutation	28	14	42	0.3333333333333333	2	1	1	1.1299	1	1.1299	1.0	True	0.59	2.09
19	58966528	A	G	ZNF324B	Intron	95	37	132	0.2803030303030303	2	1	1	0.9502	1	0.9502	0.9502	True	0.59	2.09
20	399998	C	T	RBCK1	Silent	37	4	41	0.0975609756097561	2	1	1	0.3307	1	0.3307	0.3307	False	0.59	2.09
20	2097584	G	A	STK35	Missense_Mutation	54	13	67	0.19402985074626866	2	1	1	0.6577	1	0.6577	0.6577	False	0.59	2.09
20	2291773	C	T	TGM3	Nonsense_Mutation	56	13	69	0.18840579710144928	2	1	1	0.6387	1	0.6387	0.6387	False	0.59	2.09
20	3183997	G	A	DDRGK1	Silent	25	10	35	0.2857142857142857	2	1	1	0.9685	1	0.9685	0.9685	True	0.59	2.09
20	3185290	C	T	DDRGK1	5'UTR	9	7	16	0.4375	2	1	1	1.4831	1	1.4831	1.0	True	0.59	2.09
20	4706951	T	C	PRND	3'UTR	72	32	104	0.3076923076923077	2	1	1	1.043	1	1.043	1.0	True	0.59	2.09
20	5903253	C	T	CHGB	Missense_Mutation	30	23	53	0.4339622641509434	2	1	1	1.4711	1	1.4711	1.0	True	0.59	2.09
20	9364917	G	A	PLCB4	Missense_Mutation	73	29	102	0.28431372549019607	2	1	1	0.9638	1	0.9638	0.9638	True	0.59	2.09
20	9546560	G	A	PAK7	Nonsense_Mutation	354	43	397	0.10831234256926953	2	1	1	0.3672	1	0.3672	0.3672	False	0.59	2.09
20	10625818	C	T	JAG1	Missense_Mutation	80	9	89	0.10112359550561797	2	1	1	0.3428	1	0.3428	0.3428	False	0.59	2.09
20	16337097	G	A	KIF16B	Missense_Mutation	33	17	50	0.34	2	1	1	1.1525	1	1.1525	1.0	True	0.59	2.09
20	17614129	G	A	RRBP1	Silent	87	37	124	0.29838709677419356	2	1	1	1.0115	1	1.0115	1.0	True	0.59	2.09
20	18142746	C	T	CSRP2BP	Missense_Mutation	42	17	59	0.288135593220339	2	1	1	0.9767	1	0.9767	0.9767	True	0.59	2.09
20	20029140	C	T	CRNKL1	Missense_Mutation	71	52	123	0.42276422764227645	2	1	1	1.4331	1	1.4331	1.0	True	0.59	2.09
20	20071496	A	G	C20orf26	Missense_Mutation	55	5	60	0.08333333333333333	2	1	1	0.2825	1	0.2825	0.2825	False	0.59	2.09
20	20596685	A	G	RALGAPA2	Splice_Site	172	111	283	0.392226148409894	2	1	1	1.3296	1	1.3296	1.0	True	0.59	2.09
20	21687639	C	T	PAX1	Missense_Mutation	10	6	16	0.375	2	1	1	1.2712	1	1.2712	1.0	True	0.59	2.09
20	24930069	C	T	CST7	5'UTR	44	17	61	0.2786885245901639	2	1	1	0.9447	1	0.9447	0.9447	True	0.59	2.09
20	25056761	T	C	VSX1	3'UTR	30	12	42	0.2857142857142857	2	1	1	0.9685	1	0.9685	0.9685	True	0.59	2.09
20	25273215	C	T	PYGB	Missense_Mutation	20	9	29	0.3103448275862069	2	1	1	1.052	1	1.052	1.0	True	0.59	2.09
20	25656579	T	C	ZNF337	Missense_Mutation	33	25	58	0.43103448275862066	2	1	1	1.4611	1	1.4611	1.0	True	0.59	2.09
20	31024109	A	G	ASXL1	Silent	22	5	27	0.18518518518518517	2	1	1	0.6277	1	0.6277	0.6277	False	0.59	2.09
20	32880258	G	T	AHCY	Silent	55	20	75	0.26666666666666666	2	1	1	0.904	1	0.904	0.904	True	0.59	2.09
20	33330644	T	C	NCOA6	Missense_Mutation	89	32	121	0.2644628099173554	2	1	1	0.8965	1	0.8965	0.8965	True	0.59	2.09
20	33567227	C	T	MYH7B	Silent	15	7	22	0.3181818181818182	2	1	1	1.0786	1	1.0786	1.0	True	0.59	2.09
20	33586679	C	A	MYH7B	Missense_Mutation	37	24	61	0.39344262295081966	2	1	1	1.3337	1	1.3337	1.0	True	0.59	2.09
20	35444172	G	A	SOGA1	Missense_Mutation	14	12	26	0.46153846153846156	2	1	1	1.5645	1	1.5645	1.0	True	0.59	2.09
20	36640064	G	T	TTI1	Missense_Mutation	75	38	113	0.336283185840708	2	1	1	1.1399	1	1.1399	1.0	True	0.59	2.09
20	39721181	C	A	TOP1	Silent	117	18	135	0.13333333333333333	2	1	1	0.452	1	0.452	0.452	False	0.59	2.09
20	40053953	A	T	CHD6	Missense_Mutation	77	12	89	0.1348314606741573	2	1	1	0.4571	1	0.4571	0.4571	False	0.59	2.09
20	40116311	C	A	CHD6	Missense_Mutation	67	11	78	0.14102564102564102	2	1	1	0.4781	1	0.4781	0.4781	False	0.59	2.09
20	42694500	C	A	TOX2	Missense_Mutation	22	4	26	0.15384615384615385	2	1	1	0.5215	1	0.5215	0.5215	False	0.59	2.09
20	43851648	C	T	SEMG2	Missense_Mutation	80	7	87	0.08045977011494253	2	1	1	0.2727	1	0.2727	0.2727	False	0.59	2.09
20	44580807	G	A	ZNF335	Silent	36	19	55	0.34545454545454546	2	1	1	1.171	1	1.171	1.0	True	0.59	2.09
20	44594346	G	A	ZNF335	Silent	7	3	10	0.3	2	1	1	1.0169	1	1.0169	1.0	True	0.59	2.09
20	44657975	G	A	SLC12A5	Intron	10	4	14	0.2857142857142857	2	1	1	0.9685	1	0.9685	0.9685	True	0.59	2.09
20	45004000	C	T	ELMO2	Missense_Mutation	61	52	113	0.46017699115044247	2	1	1	1.5599	1	1.5599	1.0	True	0.59	2.09
20	45905197	C	T	ZMYND8	Silent	64	39	103	0.3786407766990291	2	1	1	1.2835	1	1.2835	1.0	True	0.59	2.09
20	47991189	C	T	KCNB1	Missense_Mutation	62	25	87	0.28735632183908044	2	1	1	0.9741	1	0.9741	0.9741	True	0.59	2.09
20	49218765	G	A	FAM65C	Silent	25	7	32	0.21875	2	1	1	0.7415	1	0.7415	0.7415	False	0.59	2.09
20	50049133	G	A	NFATC2	Silent	34	4	38	0.10526315789473684	2	1	1	0.3568	1	0.3568	0.3568	False	0.59	2.09
20	52192647	C	T	ZNF217	Missense_Mutation	84	32	116	0.27586206896551724	2	1	1	0.9351	1	0.9351	0.9351	True	0.59	2.09
20	56807874	G	A	ANKRD60	5'Flank	23	8	31	0.25806451612903225	2	1	1	0.8748	1	0.8748	0.8748	True	0.59	2.09
20	57829296	C	T	ZNF831	Missense_Mutation	32	22	54	0.4074074074074074	2	1	1	1.381	1	1.381	1.0	True	0.59	2.09
20	58442801	C	T	SYCP2	Missense_Mutation	60	11	71	0.15492957746478872	2	1	1	0.5252	1	0.5252	0.5252	False	0.59	2.09
20	58456029	C	A	SYCP2	Missense_Mutation	165	71	236	0.3008474576271186	2	1	1	1.0198	1	1.0198	1.0	True	0.59	2.09
20	60498567	C	T	CDH4	Missense_Mutation	47	36	83	0.43373493975903615	2	1	1	1.4703	1	1.4703	1.0	True	0.59	2.09
20	61443698	G	A	OGFR	Missense_Mutation	16	23	39	0.5897435897435898	2	1	1	1.9991	1	1.9991	1.0	True	0.59	2.09
20	61461754	C	T	COL9A3	Nonsense_Mutation	20	12	32	0.375	2	1	1	1.2712	1	1.2712	1.0	True	0.59	2.09
20	61511656	G	A	DIDO1	Silent	30	9	39	0.23076923076923078	2	1	1	0.7823	1	0.7823	0.7823	False	0.59	2.09
20	61522306	G	A	DIDO1	Intron	29	5	34	0.14705882352941177	2	1	1	0.4985	1	0.4985	0.4985	False	0.59	2.09
20	61576278	G	A	GID8	3'UTR	31	4	35	0.11428571428571428	2	1	1	0.3874	1	0.3874	0.3874	False	0.59	2.09
20	62196245	C	T	HELZ2	Silent	63	15	78	0.19230769230769232	2	1	1	0.6519	1	0.6519	0.6519	False	0.59	2.09
20	62221932	G	A	GMEB2	Missense_Mutation	9	11	20	0.55	2	1	1	1.8644	1	1.8644	1.0	True	0.59	2.09
20	62421273	G	A	ZBTB46	Missense_Mutation	84	8	92	0.08695652173913043	2	1	1	0.2948	1	0.2948	0.2948	False	0.59	2.09
20	62614467	C	T	PRPF6	Missense_Mutation	34	12	46	0.2608695652173913	2	1	1	0.8843	1	0.8843	0.8843	True	0.59	2.09
20	62659079	C	A	PRPF6	Missense_Mutation	70	41	111	0.36936936936936937	2	1	1	1.2521	1	1.2521	1.0	True	0.59	2.09
20	62699426	C	T	TCEA2	Missense_Mutation	33	5	38	0.13157894736842105	2	1	1	0.446	1	0.446	0.446	False	0.59	2.09
20	62737396	G	A	NPBWR2	Silent	6	4	10	0.4	2	1	1	1.3559	1	1.3559	1.0	True	0.59	2.09
21	10907027	T	G	TPTE	Missense_Mutation	220	44	264	0.16666666666666666	2	1	1	0.565	1	0.565	0.565	False	0.59	2.09
21	14410727	T	A	ANKRD30BP2	5'Flank	92	9	101	0.0891089108910891	2	1	1	0.3021	1	0.3021	0.3021	False	0.59	2.09
21	19744604	A	C	TMPRSS15	Silent	91	12	103	0.11650485436893204	2	1	1	0.3949	1	0.3949	0.3949	False	0.59	2.09
21	22804492	C	T	NCAM2	Silent	70	32	102	0.3137254901960784	2	1	1	1.0635	1	1.0635	1.0	True	0.59	2.09
21	31709708	C	T	KRTAP27-1	Silent	71	30	101	0.297029702970297	2	1	1	1.0069	1	1.0069	1.0	True	0.59	2.09
21	31709823	T	C	KRTAP27-1	Missense_Mutation	60	41	101	0.40594059405940597	2	1	1	1.3761	1	1.3761	1.0	True	0.59	2.09
21	31864193	C	T	KRTAP19-3	Missense_Mutation	81	39	120	0.325	2	1	1	1.1017	1	1.1017	1.0	True	0.59	2.09
21	34988890	A	G	CRYZL1	Intron	42	11	53	0.20754716981132076	2	1	1	0.7035	1	0.7035	0.7035	False	0.59	2.09
21	35239619	C	A	ITSN1	Missense_Mutation	46	16	62	0.25806451612903225	2	1	1	0.8748	1	0.8748	0.8748	True	0.59	2.09
21	35475039	C	T	SLC5A3	3'UTR	36	8	44	0.18181818181818182	2	1	1	0.6163	1	0.6163	0.6163	False	0.59	2.09
21	37443324	C	T	CBR1	Silent	71	30	101	0.297029702970297	2	1	1	1.0069	1	1.0069	1.0	True	0.59	2.09
21	38600048	C	T	DSCR3	Missense_Mutation	47	18	65	0.27692307692307694	2	1	1	0.9387	1	0.9387	0.9387	True	0.59	2.09
21	40568602	C	T	BRWD1	Silent	207	40	247	0.16194331983805668	2	1	1	0.549	1	0.549	0.549	False	0.59	2.09
21	40582061	T	C	BRWD1	Missense_Mutation	53	11	64	0.171875	2	1	1	0.5826	1	0.5826	0.5826	False	0.59	2.09
21	41151124	C	A	IGSF5	Missense_Mutation	70	35	105	0.3333333333333333	2	1	1	1.1299	1	1.1299	1.0	True	0.59	2.09
21	43867237	C	T	UBASH3A	Missense_Mutation	21	5	26	0.19230769230769232	2	1	1	0.6519	1	0.6519	0.6519	False	0.59	2.09
21	45523260	G	A	TRAPPC10	Missense_Mutation	33	5	38	0.13157894736842105	2	1	1	0.446	1	0.446	0.446	False	0.59	2.09
21	46058123	C	T	KRTAP10-10	3'UTR	69	24	93	0.25806451612903225	2	1	1	0.8748	1	0.8748	0.8748	True	0.59	2.09
21	46603387	A	T	ADARB1	Missense_Mutation	45	32	77	0.4155844155844156	2	1	1	1.4088	1	1.4088	1.0	True	0.59	2.09
21	47410318	C	T	COL6A1	Silent	16	10	26	0.38461538461538464	2	1	1	1.3038	1	1.3038	1.0	True	0.59	2.09
21	47625800	C	T	LSS	Silent	36	13	49	0.2653061224489796	2	1	1	0.8993	1	0.8993	0.8993	True	0.59	2.09
21	47697544	G	A	MCM3AP	Silent	26	14	40	0.35	2	1	1	1.1864	1	1.1864	1.0	True	0.59	2.09
22	17073292	C	T	CCT8L2	Missense_Mutation	24	13	37	0.35135135135135137	2	1	1	1.191	1	1.191	1.0	True	0.59	2.09
22	20230541	C	T	RTN4R	Missense_Mutation	9	4	13	0.3076923076923077	2	1	1	1.043	1	1.043	1.0	True	0.59	2.09
22	20458843	G	A	RIMBP3	Missense_Mutation	19	4	23	0.17391304347826086	2	1	1	0.5895	1	0.5895	0.5895	False	0.59	2.09
22	20731443	A	G	USP41	Splice_Site	65	26	91	0.2857142857142857	2	1	1	0.9685	1	0.9685	0.9685	True	0.59	2.09
22	22285603	C	T	PPM1F	Missense_Mutation	31	16	47	0.3404255319148936	2	1	1	1.154	1	1.154	1.0	True	0.59	2.09
22	23962791	T	C	C22orf43	Silent	44	38	82	0.4634146341463415	2	1	1	1.5709	1	1.5709	1.0	True	0.59	2.09
22	24836788	G	A	ADORA2A	Silent	190	43	233	0.18454935622317598	2	1	1	0.6256	1	0.6256	0.6256	False	0.59	2.09
22	24981964	G	T	FAM211B	Missense_Mutation	4	11	15	0.7333333333333333	2	1	1	2.4859	1	2.4859	1.0	True	0.59	2.09
22	26164229	G	A	MYO18B	Missense_Mutation	40	23	63	0.36507936507936506	2	1	1	1.2376	1	1.2376	1.0	True	0.59	2.09
22	26165342	G	A	MYO18B	Missense_Mutation	22	8	30	0.26666666666666666	2	1	1	0.904	1	0.904	0.904	True	0.59	2.09
22	26346416	A	C	MYO18B	Missense_Mutation	90	24	114	0.21052631578947367	2	1	1	0.7136	1	0.7136	0.7136	False	0.59	2.09
22	29383171	C	T	ZNRF3	Silent	79	15	94	0.1595744680851064	2	1	1	0.5409	1	0.5409	0.5409	False	0.59	2.09
22	29627580	A	G	EMID1	Splice_Site	15	13	28	0.4642857142857143	2	1	1	1.5738	1	1.5738	1.0	True	0.59	2.09
22	29694744	C	T	EWSR1	Missense_Mutation	90	47	137	0.34306569343065696	2	1	1	1.1629	1	1.1629	1.0	True	0.59	2.09
22	30977042	G	A	PES1	Missense_Mutation	46	18	64	0.28125	2	1	1	0.9534	1	0.9534	0.9534	True	0.59	2.09
22	31536150	G	A	PLA2G3	Missense_Mutation	17	3	20	0.15	2	1	1	0.5085	1	0.5085	0.5085	False	0.59	2.09
22	32297790	T	C	DEPDC5	Splice_Site	50	26	76	0.34210526315789475	2	1	1	1.1597	1	1.1597	1.0	True	0.59	2.09
22	32754418	G	A	RFPL3	Missense_Mutation	81	30	111	0.2702702702702703	2	1	1	0.9162	1	0.9162	0.9162	True	0.59	2.09
22	33712183	G	A	LARGE	Missense_Mutation	22	17	39	0.4358974358974359	2	1	1	1.4776	1	1.4776	1.0	True	0.59	2.09
22	37154366	C	T	IFT27	Missense_Mutation	52	12	64	0.1875	2	1	1	0.6356	1	0.6356	0.6356	False	0.59	2.09
22	37603625	G	A	SSTR3	Missense_Mutation	38	11	49	0.22448979591836735	2	1	1	0.761	1	0.761	0.761	False	0.59	2.09
22	37770756	C	T	ELFN2	Silent	30	7	37	0.1891891891891892	2	1	1	0.6413	1	0.6413	0.6413	False	0.59	2.09
22	38027008	A	G	GGA1	Missense_Mutation	32	11	43	0.2558139534883721	2	1	1	0.8672	1	0.8672	0.8672	True	0.59	2.09
22	38271950	G	A	EIF3L	Missense_Mutation	25	4	29	0.13793103448275862	2	1	1	0.4676	1	0.4676	0.4676	False	0.59	2.09
22	38690231	A	G	CSNK1E	Missense_Mutation	16	6	22	0.2727272727272727	2	1	1	0.9245	1	0.9245	0.9245	True	0.59	2.09
22	39136408	G	T	SUN2	Missense_Mutation	48	25	73	0.3424657534246575	2	1	1	1.1609	1	1.1609	1.0	True	0.59	2.09
22	41572409	A	G	EP300	Silent	76	13	89	0.14606741573033707	2	1	1	0.4951	1	0.4951	0.4951	False	0.59	2.09
22	41753191	G	A	ZC3H7B	Missense_Mutation	11	10	21	0.47619047619047616	2	1	1	1.6142	1	1.6142	1.0	True	0.59	2.09
22	42474247	C	A	FAM109B	3'UTR	79	7	86	0.08139534883720931	2	1	1	0.2759	1	0.2759	0.2759	False	0.59	2.09
22	42474990	C	A	FAM109B	3'UTR	87	34	121	0.2809917355371901	2	1	1	0.9525	1	0.9525	0.9525	True	0.59	2.09
22	42538575	A	G	NDUFA6-AS1	3'Flank	43	15	58	0.25862068965517243	2	1	1	0.8767	1	0.8767	0.8767	True	0.59	2.09
22	43089338	A	C	A4GALT	Missense_Mutation	22	8	30	0.26666666666666666	2	1	1	0.904	1	0.904	0.904	True	0.59	2.09
22	43287100	G	T	PACSIN2	Silent	86	23	109	0.21100917431192662	2	1	1	0.7153	1	0.7153	0.7153	False	0.59	2.09
22	43564151	G	A	TTLL12	Nonsense_Mutation	50	9	59	0.15254237288135594	2	1	1	0.5171	1	0.5171	0.5171	False	0.59	2.09
22	44333018	G	A	PNPLA3	Missense_Mutation	32	11	43	0.2558139534883721	2	1	1	0.8672	1	0.8672	0.8672	True	0.59	2.09
22	45130928	G	A	PRR5	Missense_Mutation	9	12	21	0.5714285714285714	2	1	1	1.937	1	1.937	1.0	True	0.59	2.09
22	45182362	G	T	PRR5-ARHGAP8	Silent	66	12	78	0.15384615384615385	2	1	1	0.5215	1	0.5215	0.5215	False	0.59	2.09
22	49103576	G	A	FAM19A5	Missense_Mutation	39	25	64	0.390625	2	1	1	1.3242	1	1.3242	1.0	True	0.59	2.09
22	50693887	G	A	MAPK12	Missense_Mutation	39	15	54	0.2777777777777778	2	1	1	0.9416	1	0.9416	0.9416	True	0.59	2.09
22	50869710	G	A	PPP6R2	Missense_Mutation	15	6	21	0.2857142857142857	2	1	1	0.9685	1	0.9685	0.9685	True	0.59	2.09
22	50879410	C	G	PPP6R2	Missense_Mutation	18	11	29	0.3793103448275862	2	1	1	1.2858	1	1.2858	1.0	True	0.59	2.09
22	50921009	C	A	ADM2	Silent	18	6	24	0.25	2	1	1	0.8475	1	0.8475	0.8475	False	0.59	2.09
22	51018246	C	T	CHKB	Missense_Mutation	26	13	39	0.3333333333333333	2	1	1	1.1299	1	1.1299	1.0	True	0.59	2.09
X	1317422	G	A	CRLF2	Missense_Mutation	278	118	396	0.29797979797979796	2	1	1	1.0101	1	1.0101	1.0	True	0.59	2.09
X	1546793	C	A	ASMTL	Missense_Mutation	12	17	29	0.5862068965517241	2	1	1	1.9871	1	1.9871	1.0	True	0.59	2.09
X	3229308	G	A	MXRA5	Silent	39	18	57	0.3157894736842105	2	1	1	1.0705	1	1.0705	1.0	True	0.59	2.09
X	3235195	G	A	MXRA5	Missense_Mutation	19	10	29	0.3448275862068966	2	1	1	1.1689	1	1.1689	1.0	True	0.59	2.09
X	3573393	G	A	PRKX	Silent	83	37	120	0.30833333333333335	2	1	1	1.0452	1	1.0452	1.0	True	0.59	2.09
X	5811010	A	G	NLGN4X	Missense_Mutation	140	53	193	0.27461139896373055	2	1	1	0.9309	1	0.9309	0.9309	True	0.59	2.09
X	8434476	C	T	VCX3B	3'UTR	151	135	286	0.47202797202797203	2	1	1	1.6001	1	1.6001	1.0	True	0.59	2.09
X	8764367	C	T	FAM9A	Missense_Mutation	203	128	331	0.3867069486404834	2	1	1	1.3109	1	1.3109	1.0	True	0.59	2.09
X	9709443	T	C	GPR143	Missense_Mutation	175	71	246	0.2886178861788618	2	1	1	0.9784	1	0.9784	0.9784	True	0.59	2.09
X	9714127	A	C	GPR143	Silent	135	24	159	0.1509433962264151	2	1	1	0.5117	1	0.5117	0.5117	False	0.59	2.09
X	10085204	C	T	WWC3	Missense_Mutation	25	12	37	0.32432432432432434	2	1	1	1.0994	1	1.0994	1.0	True	0.59	2.09
X	10090779	G	T	WWC3	Missense_Mutation	38	14	52	0.2692307692307692	2	1	1	0.9126	1	0.9126	0.9126	True	0.59	2.09
X	12157067	G	A	FRMPD4	5'UTR	24	11	35	0.3142857142857143	2	1	1	1.0654	1	1.0654	1.0	True	0.59	2.09
X	15591537	A	G	ACE2	Silent	34	11	45	0.24444444444444444	2	1	1	0.8286	1	0.8286	0.8286	False	0.59	2.09
X	15818022	A	G	ZRSR2	Missense_Mutation	226	79	305	0.25901639344262295	2	1	1	0.878	1	0.878	0.878	True	0.59	2.09
X	16635370	C	T	CTPS2	Splice_Site	47	11	58	0.1896551724137931	2	1	1	0.6429	1	0.6429	0.6429	False	0.59	2.09
X	18276181	C	T	SCML2	Missense_Mutation	143	54	197	0.27411167512690354	2	1	1	0.9292	1	0.9292	0.9292	True	0.59	2.09
X	18671623	C	T	CDKL5	Missense_Mutation	27	7	34	0.20588235294117646	2	1	1	0.6979	1	0.6979	0.6979	False	0.59	2.09
X	19017362	G	A	GPR64	Missense_Mutation	86	33	119	0.2773109243697479	2	1	1	0.94	1	0.94	0.94	True	0.59	2.09
X	19367475	A	G	PDHA1	Missense_Mutation	162	96	258	0.37209302325581395	2	1	1	1.2613	1	1.2613	1.0	True	0.59	2.09
X	19971160	A	T	CXorf23	Missense_Mutation	120	15	135	0.1111111111111111	2	1	1	0.3766	1	0.3766	0.3766	False	0.59	2.09
X	22012585	T	G	SMS	3'UTR	21	6	27	0.2222222222222222	2	1	1	0.7533	1	0.7533	0.7533	False	0.59	2.09
X	24608207	C	T	PCYT1B	Missense_Mutation	92	16	108	0.14814814814814814	2	1	1	0.5022	1	0.5022	0.5022	False	0.59	2.09
X	32536107	A	C	DMD	Intron	175	32	207	0.15458937198067632	2	1	1	0.524	1	0.524	0.524	False	0.59	2.09
X	34648569	T	G	TMEM47	Missense_Mutation	128	58	186	0.3118279569892473	2	1	1	1.057	1	1.057	1.0	True	0.59	2.09
X	34675081	G	A	TMEM47	Silent	42	31	73	0.4246575342465753	2	1	1	1.4395	1	1.4395	1.0	True	0.59	2.09
X	37553798	A	C	XK	Silent	63	30	93	0.3225806451612903	2	1	1	1.0935	1	1.0935	1.0	True	0.59	2.09
X	37655343	C	T	CYBB	Missense_Mutation	30	10	40	0.25	2	1	1	0.8475	1	0.8475	0.8475	False	0.59	2.09
X	38031305	G	A	SRPX	Nonsense_Mutation	63	29	92	0.31521739130434784	2	1	1	1.0685	1	1.0685	1.0	True	0.59	2.09
X	38267994	G	C	OTC	Splice_Site	87	10	97	0.10309278350515463	2	1	1	0.3495	1	0.3495	0.3495	False	0.59	2.09
X	40523721	G	T	MED14	Missense_Mutation	45	18	63	0.2857142857142857	2	1	1	0.9685	1	0.9685	0.9685	True	0.59	2.09
X	41082527	T	C	USP9X	Missense_Mutation	158	63	221	0.2850678733031674	2	1	1	0.9663	1	0.9663	0.9663	True	0.59	2.09
X	44007992	G	A	EFHC2	3'UTR	17	13	30	0.43333333333333335	2	1	1	1.4689	1	1.4689	1.0	True	0.59	2.09
X	44942751	C	T	KDM6A	Missense_Mutation	169	27	196	0.1377551020408163	2	1	1	0.467	1	0.467	0.467	False	0.59	2.09
X	47069400	C	A	UBA1	Missense_Mutation	84	15	99	0.15151515151515152	2	1	1	0.5136	1	0.5136	0.5136	False	0.59	2.09
X	48687514	C	A	ERAS	5'UTR	88	16	104	0.15384615384615385	2	1	1	0.5215	1	0.5215	0.5215	False	0.59	2.09
X	48759746	C	T	PQBP1	Missense_Mutation	37	12	49	0.24489795918367346	2	1	1	0.8302	1	0.8302	0.8302	False	0.59	2.09
X	48776121	G	A	PIM2	5'UTR	48	8	56	0.14285714285714285	2	1	1	0.4843	1	0.4843	0.4843	False	0.59	2.09
X	48847481	C	T	GRIPAP1	Missense_Mutation	105	18	123	0.14634146341463414	2	1	1	0.4961	1	0.4961	0.4961	False	0.59	2.09
X	48930139	G	A	PRAF2	Missense_Mutation	18	6	24	0.25	2	1	1	0.8475	1	0.8475	0.8475	False	0.59	2.09
X	50213444	G	A	DGKK	RNA	128	62	190	0.3263157894736842	2	1	1	1.1062	1	1.1062	1.0	True	0.59	2.09
X	50345666	C	A	SHROOM4	Missense_Mutation	203	103	306	0.3366013071895425	2	1	1	1.141	1	1.141	1.0	True	0.59	2.09
X	50376274	C	T	SHROOM4	Silent	141	14	155	0.09032258064516129	2	1	1	0.3062	1	0.3062	0.3062	False	0.59	2.09
X	51487515	A	G	GSPT2	Missense_Mutation	84	13	97	0.13402061855670103	2	1	1	0.4543	1	0.4543	0.4543	False	0.59	2.09
X	53349703	G	A	IQSEC2	Missense_Mutation	13	12	25	0.48	2	1	1	1.6271	1	1.6271	1.0	True	0.59	2.09
X	53440234	C	T	SMC1A	Missense_Mutation	144	55	199	0.27638190954773867	2	1	1	0.9369	1	0.9369	0.9369	True	0.59	2.09
X	54069084	G	A	PHF8	Silent	40	20	60	0.3333333333333333	2	1	1	1.1299	1	1.1299	1.0	True	0.59	2.09
X	57146506	A	G	SPIN2B	Missense_Mutation	86	43	129	0.3333333333333333	2	1	1	1.1299	1	1.1299	1.0	True	0.59	2.09
X	62944531	T	C	ARHGEF9	Missense_Mutation	23	6	29	0.20689655172413793	2	1	1	0.7013	1	0.7013	0.7013	False	0.59	2.09
X	63412694	T	G	AMER1	Missense_Mutation	25	12	37	0.32432432432432434	2	1	1	1.0994	1	1.0994	1.0	True	0.59	2.09
X	69501557	C	T	ARR3	Missense_Mutation	29	17	46	0.3695652173913043	2	1	1	1.2528	1	1.2528	1.0	True	0.59	2.09
X	69549351	A	C	KIF4A	Missense_Mutation	20	13	33	0.3939393939393939	2	1	1	1.3354	1	1.3354	1.0	True	0.59	2.09
X	69748982	A	C	TEX11	Missense_Mutation	208	19	227	0.08370044052863436	2	1	1	0.2837	1	0.2837	0.2837	False	0.59	2.09
X	70324159	C	A	CXorf65	Missense_Mutation	104	21	125	0.168	2	1	1	0.5695	1	0.5695	0.5695	False	0.59	2.09
X	70329238	T	A	IL2RG	Missense_Mutation	44	8	52	0.15384615384615385	2	1	1	0.5215	1	0.5215	0.5215	False	0.59	2.09
X	70472944	C	T	ZMYM3	Silent	105	42	147	0.2857142857142857	2	1	1	0.9685	1	0.9685	0.9685	True	0.59	2.09
X	71521494	C	T	CITED1	3'UTR	15	7	22	0.3181818181818182	2	1	1	1.0786	1	1.0786	1.0	True	0.59	2.09
X	74523416	A	T	UPRT	3'UTR	54	11	65	0.16923076923076924	2	1	1	0.5737	1	0.5737	0.5737	False	0.59	2.09
X	74742895	C	T	ZDHHC15	5'UTR	32	12	44	0.2727272727272727	2	1	1	0.9245	1	0.9245	0.9245	True	0.59	2.09
X	75648720	T	C	MAGEE1	Missense_Mutation	41	4	45	0.08888888888888889	2	1	1	0.3013	1	0.3013	0.3013	False	0.59	2.09
X	76849281	G	A	ATRX	Missense_Mutation	142	66	208	0.3173076923076923	2	1	1	1.0756	1	1.0756	1.0	True	0.59	2.09
X	77224344	T	C	PGAM4	3'UTR	48	16	64	0.25	2	1	1	0.8475	1	0.8475	0.8475	False	0.59	2.09
X	79985485	C	T	BRWD3	Missense_Mutation	341	129	470	0.274468085106383	2	1	1	0.9304	1	0.9304	0.9304	True	0.59	2.09
X	82763518	C	T	POU3F4	Silent	30	16	46	0.34782608695652173	2	1	1	1.1791	1	1.1791	1.0	True	0.59	2.09
X	83724153	G	A	HDX	Missense_Mutation	139	18	157	0.11464968152866242	2	1	1	0.3886	1	0.3886	0.3886	False	0.59	2.09
X	84525078	G	A	ZNF711	Missense_Mutation	158	25	183	0.1366120218579235	2	1	1	0.4631	1	0.4631	0.4631	False	0.59	2.09
X	86890749	C	A	KLHL4	Nonsense_Mutation	130	20	150	0.13333333333333333	2	1	1	0.452	1	0.452	0.452	False	0.59	2.09
X	96200545	G	A	DIAPH2	Silent	231	63	294	0.21428571428571427	2	1	1	0.7264	1	0.7264	0.7264	False	0.59	2.09
X	100088274	G	A	CSTF2	Missense_Mutation	60	17	77	0.22077922077922077	2	1	1	0.7484	1	0.7484	0.7484	False	0.59	2.09
X	100536759	C	T	TAF7L	Silent	191	97	288	0.3368055555555556	2	1	1	1.1417	1	1.1417	1.0	True	0.59	2.09
X	100808373	C	T	ARMCX1	Missense_Mutation	37	26	63	0.4126984126984127	2	1	1	1.399	1	1.399	1.0	True	0.59	2.09
X	101098114	G	A	NXF5	5'UTR	595	51	646	0.07894736842105263	2	1	1	0.2676	1	0.2676	0.2676	False	0.59	2.09
X	101572033	C	T	NXF2	Missense_Mutation	20	10	30	0.3333333333333333	2	1	1	1.1299	1	1.1299	1.0	True	0.59	2.09
X	102529288	A	G	TCEAL5	Silent	243	142	385	0.36883116883116884	2	1	1	1.2503	1	1.2503	1.0	True	0.59	2.09
X	102564736	G	A	BEX2	Missense_Mutation	117	42	159	0.2641509433962264	2	1	1	0.8954	1	0.8954	0.8954	True	0.59	2.09
X	102754781	C	T	RAB40A	3'UTR	187	32	219	0.1461187214611872	2	1	1	0.4953	1	0.4953	0.4953	False	0.59	2.09
X	103041612	G	A	PLP1	Missense_Mutation	197	106	303	0.34983498349834985	2	1	1	1.1859	1	1.1859	1.0	True	0.59	2.09
X	105449372	A	G	MUM1L1	5'UTR	47	10	57	0.17543859649122806	2	1	1	0.5947	1	0.5947	0.5947	False	0.59	2.09
X	106146491	A	G	RIPPLY1	Silent	107	41	148	0.27702702702702703	2	1	1	0.9391	1	0.9391	0.9391	True	0.59	2.09
X	109388039	T	C	TMEM164	Missense_Mutation	89	28	117	0.23931623931623933	2	1	1	0.8112	1	0.8112	0.8112	False	0.59	2.09
X	109697555	C	T	RGAG1	Missense_Mutation	57	21	78	0.2692307692307692	2	1	1	0.9126	1	0.9126	0.9126	True	0.59	2.09
X	110574188	C	A	DCX	Missense_Mutation	119	28	147	0.19047619047619047	2	1	1	0.6457	1	0.6457	0.6457	False	0.59	2.09
X	113997817	C	T	HTR2C	Intron	44	22	66	0.3333333333333333	2	1	1	1.1299	1	1.1299	1.0	True	0.59	2.09
X	114953006	T	C	RP1-241P17.4	3'UTR	16	7	23	0.30434782608695654	2	1	1	1.0317	1	1.0317	1.0	True	0.59	2.09
X	117959503	G	A	ZCCHC12	Missense_Mutation	99	15	114	0.13157894736842105	2	1	1	0.446	1	0.446	0.446	False	0.59	2.09
X	118771108	G	A	SEPT6	Missense_Mutation	67	26	93	0.27956989247311825	2	1	1	0.9477	1	0.9477	0.9477	True	0.59	2.09
X	118893752	C	T	SOWAHD	3'UTR	73	9	82	0.10975609756097561	2	1	1	0.3721	1	0.3721	0.3721	False	0.59	2.09
X	119005800	C	A	NDUFA1	5'UTR	11	14	25	0.56	2	1	1	1.8983	1	1.8983	1.0	True	0.59	2.09
X	123516663	C	A	TENM1	Splice_Site	68	23	91	0.25274725274725274	2	1	1	0.8568	1	0.8568	0.8568	True	0.59	2.09
X	125299283	C	T	DCAF12L2	Missense_Mutation	42	20	62	0.3225806451612903	2	1	1	1.0935	1	1.0935	1.0	True	0.59	2.09
X	128940435	C	T	ZDHHC9	Missense_Mutation	93	33	126	0.2619047619047619	2	1	1	0.8878	1	0.8878	0.8878	True	0.59	2.09
X	129058768	C	A	UTP14A	Intron	72	21	93	0.22580645161290322	2	1	1	0.7654	1	0.7654	0.7654	False	0.59	2.09
X	129483310	C	T	SLC25A14	Missense_Mutation	88	41	129	0.3178294573643411	2	1	1	1.0774	1	1.0774	1.0	True	0.59	2.09
X	134167161	G	A	FAM127A	3'UTR	112	72	184	0.391304347826087	2	1	1	1.3265	1	1.3265	1.0	True	0.59	2.09
X	134426283	A	G	ZNF75D	Silent	99	38	137	0.2773722627737226	2	1	1	0.9402	1	0.9402	0.9402	True	0.59	2.09
X	134947937	C	A	CT45A5	Missense_Mutation	200	40	240	0.16666666666666666	2	1	1	0.565	1	0.565	0.565	False	0.59	2.09
X	134947940	G	T	CT45A5	Missense_Mutation	198	39	237	0.16455696202531644	2	1	1	0.5578	1	0.5578	0.5578	False	0.59	2.09
X	134947943	A	G	CT45A5	Missense_Mutation	201	42	243	0.1728395061728395	2	1	1	0.5859	1	0.5859	0.5859	False	0.59	2.09
X	134988628	T	C	SAGE1	Silent	152	61	213	0.2863849765258216	2	1	1	0.9708	1	0.9708	0.9708	True	0.59	2.09
X	135313853	G	A	MAP7D3	Silent	120	61	181	0.3370165745856354	2	1	1	1.1424	1	1.1424	1.0	True	0.59	2.09
X	135432096	G	T	GPR112	Silent	39	16	55	0.2909090909090909	2	1	1	0.9861	1	0.9861	0.9861	True	0.59	2.09
X	135630769	A	T	VGLL1	Missense_Mutation	95	44	139	0.31654676258992803	2	1	1	1.073	1	1.073	1.0	True	0.59	2.09
X	138643986	C	T	F9	Missense_Mutation	34	19	53	0.3584905660377358	2	1	1	1.2152	1	1.2152	1.0	True	0.59	2.09
X	138774259	G	A	MCF2	Intron	19	12	31	0.3870967741935484	2	1	1	1.3122	1	1.3122	1.0	True	0.59	2.09
X	139040286	A	T	CXorf66	Missense_Mutation	204	93	297	0.31313131313131315	2	1	1	1.0615	1	1.0615	1.0	True	0.59	2.09
X	140008378	A	G	MIR320D2	RNA	173	76	249	0.30522088353413657	2	1	1	1.0346	1	1.0346	1.0	True	0.59	2.09
X	144905057	C	T	SLITRK2	Missense_Mutation	51	5	56	0.08928571428571429	2	1	1	0.3027	1	0.3027	0.3027	False	0.59	2.09
X	149912833	C	T	MTMR1	Nonsense_Mutation	101	26	127	0.2047244094488189	2	1	1	0.694	1	0.694	0.694	False	0.59	2.09
X	151899579	T	C	MAGEA12	3'UTR	260	101	361	0.27977839335180055	2	1	1	0.9484	1	0.9484	0.9484	True	0.59	2.09
X	151935746	C	T	MAGEA3	Missense_Mutation	278	104	382	0.27225130890052357	2	1	1	0.9229	1	0.9229	0.9229	True	0.59	2.09
X	152088926	C	T	ZNF185	Silent	83	9	92	0.09782608695652174	2	1	1	0.3316	1	0.3316	0.3316	False	0.59	2.09
X	152735920	G	A	HAUS7	Silent	96	26	122	0.21311475409836064	2	1	1	0.7224	1	0.7224	0.7224	False	0.59	2.09
X	152801610	G	A	ATP2B3	5'UTR	24	11	35	0.3142857142857143	2	1	1	1.0654	1	1.0654	1.0	True	0.59	2.09
X	152860070	C	T	FAM58A	Missense_Mutation	120	42	162	0.25925925925925924	2	1	1	0.8788	1	0.8788	0.8788	True	0.59	2.09
X	152914924	C	A	DUSP9	Missense_Mutation	45	5	50	0.1	2	1	1	0.339	1	0.339	0.339	False	0.59	2.09
X	152994812	G	A	ABCD1	Silent	48	8	56	0.14285714285714285	2	1	1	0.4843	1	0.4843	0.4843	False	0.59	2.09
X	153053319	G	A	IDH3G	Missense_Mutation	120	33	153	0.21568627450980393	2	1	1	0.7311	1	0.7311	0.7311	False	0.59	2.09
X	153141292	C	A	L1CAM	5'UTR	17	6	23	0.2608695652173913	2	1	1	0.8843	1	0.8843	0.8843	True	0.59	2.09
X	153176440	T	C	ARHGAP4	Silent	30	3	33	0.09090909090909091	2	1	1	0.3082	1	0.3082	0.3082	False	0.59	2.09
X	153215748	C	T	HCFC1	Missense_Mutation	100	11	111	0.0990990990990991	2	1	1	0.3359	1	0.3359	0.3359	False	0.59	2.09
X	153586724	C	T	FLNA	Splice_Site	98	9	107	0.08411214953271028	2	1	1	0.2851	1	0.2851	0.2851	False	0.59	2.09
X	153692833	C	T	PLXNA3	Silent	65	44	109	0.4036697247706422	2	1	1	1.3684	1	1.3684	1.0	True	0.59	2.09
X	154299811	G	A	BRCC3	Silent	36	10	46	0.21739130434782608	2	1	1	0.7369	1	0.7369	0.7369	False	0.59	2.09
X	154301690	G	A	BRCC3	Missense_Mutation	216	40	256	0.15625	2	1	1	0.5297	1	0.5297	0.5297	False	0.59	2.09
X	154528179	G	A	CLIC2	Missense_Mutation	96	53	149	0.35570469798657717	2	1	1	1.2058	1	1.2058	1.0	True	0.59	2.09
X	155004405	C	A	SPRY3	3'UTR	99	49	148	0.3310810810810811	2	1	1	1.1223	1	1.1223	1.0	True	0.59	2.09
