chr	pos	ref	alt	gene	classification	t_ref_count	t_alt_count	total_depth	vaf	local_cn	major_cn	minor_cn	mcn	multiplicity	ccf	ccf_capped	is_clonal	purity	ploidy
1	906721	C	G	PLEKHN1	Silent	5	3	8	0.375	1	1	0	0.7788	1	0.7788	0.7788	False	0.65	1.91
1	989845	C	T	AGRN	Missense_Mutation	4	6	10	0.6	1	1	0	1.2462	1	1.2462	1.0	True	0.65	1.91
1	1268466	G	A	TAS1R3	Missense_Mutation	27	4	31	0.12903225806451613	1	1	0	0.268	1	0.268	0.268	False	0.65	1.91
1	10155553	C	G	UBE4B	Silent	33	21	54	0.3888888888888889	1	1	0	0.8077	1	0.8077	0.8077	False	0.65	1.91
1	12856052	C	T	PRAMEF1	Silent	240	55	295	0.1864406779661017	1	1	0	0.3872	1	0.3872	0.3872	False	0.65	1.91
1	18808900	G	C	KLHDC7A	Silent	66	14	80	0.175	1	1	0	0.3635	1	0.3635	0.3635	False	0.65	1.91
1	22835692	C	T	ZBTB40	Missense_Mutation	41	28	69	0.4057971014492754	1	1	0	0.8428	1	0.8428	0.8428	False	0.65	1.91
1	25717396	G	C	RHCE	Missense_Mutation	55	48	103	0.46601941747572817	1	1	0	0.9679	1	0.9679	0.9679	True	0.65	1.91
1	26161667	G	A	AUNIP	Silent	67	48	115	0.41739130434782606	1	1	0	0.8669	1	0.8669	0.8669	True	0.65	1.91
1	32623945	G	C	KPNA6	Missense_Mutation	45	23	68	0.3382352941176471	1	1	0	0.7025	1	0.7025	0.7025	False	0.65	1.91
1	35824672	G	A	ZMYM4	Missense_Mutation	18	9	27	0.3333333333333333	1	1	0	0.6923	1	0.6923	0.6923	False	0.65	1.91
1	55186911	G	A	TTC4	Missense_Mutation	14	9	23	0.391304347826087	1	1	0	0.8127	1	0.8127	0.8127	False	0.65	1.91
1	60314129	G	A	HOOK1	Missense_Mutation	19	14	33	0.42424242424242425	1	1	0	0.8811	1	0.8811	0.8811	True	0.65	1.91
1	60505594	C	T	C1orf87	Missense_Mutation	33	16	49	0.32653061224489793	1	1	0	0.6782	1	0.6782	0.6782	False	0.65	1.91
1	70488866	G	T	LRRC7	Missense_Mutation	21	20	41	0.4878048780487805	1	1	0	1.0131	1	1.0131	1.0	True	0.65	1.91
1	76190395	G	C	ACADM	5'Flank	14	10	24	0.4166666666666667	1	1	0	0.8654	1	0.8654	0.8654	True	0.65	1.91
1	76254940	G	A	RABGGTB	Missense_Mutation	35	4	39	0.10256410256410256	1	1	0	0.213	1	0.213	0.213	False	0.65	1.91
1	76288254	G	C	MSH4	Missense_Mutation	9	15	24	0.625	1	1	0	1.2981	1	1.2981	1.0	True	0.65	1.91
1	78268977	A	G	FAM73A	Silent	13	7	20	0.35	1	1	0	0.7269	1	0.7269	0.7269	False	0.65	1.91
1	84679882	G	A	PRKACB	Missense_Mutation	11	15	26	0.5769230769230769	1	1	0	1.1982	1	1.1982	1.0	True	0.65	1.91
1	86820539	C	T	ODF2L	Missense_Mutation	22	17	39	0.4358974358974359	1	1	0	0.9053	1	0.9053	0.9053	True	0.65	1.91
1	89478923	G	C	GBP3	Missense_Mutation	43	39	82	0.47560975609756095	1	1	0	0.9878	1	0.9878	0.9878	True	0.65	1.91
1	92459688	C	G	BRDT	Missense_Mutation	25	29	54	0.5370370370370371	1	1	0	1.1154	1	1.1154	1.0	True	0.65	1.91
1	114308720	G	C	RSBN1	Nonsense_Mutation	26	13	39	0.3333333333333333	1	1	0	0.6923	1	0.6923	0.6923	False	0.65	1.91
1	114523956	G	A	OLFML3	Silent	63	7	70	0.1	1	1	0	0.2077	1	0.2077	0.2077	False	0.65	1.91
1	120277352	C	T	PHGDH	Silent	62	55	117	0.4700854700854701	1	1	0	0.9763	1	0.9763	0.9763	True	0.65	1.91
1	144892210	G	A	PDE4DIP	Intron	38	11	49	0.22448979591836735	3	2	0	0.9152	1	0.9152	0.9152	True	0.65	1.91
1	145538028	C	G	ITGA10	Missense_Mutation	242	81	323	0.25077399380804954	3	2	1	1.0224	1	1.0224	1.0	True	0.65	1.91
1	146731511	T	C	CHD1L	Missense_Mutation	156	46	202	0.22772277227722773	3	2	1	0.9284	1	0.9284	0.9284	True	0.65	1.91
1	147090676	C	T	BCL9	Missense_Mutation	236	59	295	0.2	3	2	1	0.8154	1	0.8154	0.8154	False	0.65	1.91
1	149858075	G	C	HIST2H2BE	Missense_Mutation	261	75	336	0.22321428571428573	3	2	1	0.91	1	0.91	0.91	True	0.65	1.91
1	149904192	G	A	MTMR11	Missense_Mutation	191	28	219	0.1278538812785388	3	2	1	0.5213	1	0.5213	0.5213	False	0.65	1.91
1	150131706	G	A	PLEKHO1	Silent	21	8	29	0.27586206896551724	3	2	1	1.1247	1	1.1247	1.0	True	0.65	1.91
1	150259178	G	A	C1orf51	Missense_Mutation	163	11	174	0.06321839080459771	3	2	1	0.2577	1	0.2577	0.2577	False	0.65	1.91
1	150967118	G	C	ANXA9	Silent	162	7	169	0.04142011834319527	3	2	1	0.1689	1	0.1689	0.1689	False	0.65	1.91
1	151006310	C	G	PRUNE	Missense_Mutation	201	33	234	0.14102564102564102	3	2	1	0.575	1	0.575	0.575	False	0.65	1.91
1	151062949	G	A	GABPB2	Missense_Mutation	73	21	94	0.22340425531914893	3	2	1	0.9108	1	0.9108	0.9108	True	0.65	1.91
1	152081251	T	A	TCHH	Missense_Mutation	140	31	171	0.18128654970760233	3	2	1	0.7391	1	0.7391	0.7391	False	0.65	1.91
1	152276705	C	G	FLG	Missense_Mutation	341	100	441	0.22675736961451248	3	2	1	0.9245	1	0.9245	0.9245	True	0.65	1.91
1	153659121	G	C	NPR1	Splice_Site	135	33	168	0.19642857142857142	3	2	1	0.8008	1	0.8008	0.8008	False	0.65	1.91
1	154155523	C	G	TPM3	Intron	82	19	101	0.18811881188118812	3	2	1	0.7669	1	0.7669	0.7669	False	0.65	1.91
1	155023285	G	A	DCST1	Missense_Mutation	28	7	35	0.2	3	2	1	0.8154	1	0.8154	0.8154	False	0.65	1.91
1	155034392	G	A	ADAM15	Missense_Mutation	228	68	296	0.22972972972972974	3	2	1	0.9366	1	0.9366	0.9366	True	0.65	1.91
1	155154467	G	C	TRIM46	Silent	40	19	59	0.3220338983050847	3	2	1	1.3129	1	1.3129	1.0	True	0.65	1.91
1	155177674	C	T	THBS3	5'UTR	71	21	92	0.22826086956521738	3	2	1	0.9306	1	0.9306	0.9306	True	0.65	1.91
1	155255058	G	A	HCN3	Missense_Mutation	109	26	135	0.1925925925925926	3	2	1	0.7852	1	0.7852	0.7852	False	0.65	1.91
1	155785628	C	A	GON4L	Missense_Mutation	13	10	23	0.43478260869565216	3	2	1	1.7726	2	0.8863	0.8863	True	0.65	1.91
1	155870401	C	A	RIT1	Missense_Mutation	73	20	93	0.21505376344086022	3	2	1	0.8768	1	0.8768	0.8768	True	0.65	1.91
1	156926274	C	T	ARHGEF11	Missense_Mutation	164	45	209	0.215311004784689	3	2	1	0.8778	1	0.8778	0.8778	True	0.65	1.91
1	156927594	C	T	ARHGEF11	Missense_Mutation	55	27	82	0.32926829268292684	3	2	1	1.3424	1	1.3424	1.0	True	0.65	1.91
1	158549427	C	G	OR10X1	Missense_Mutation	28	28	56	0.5	3	2	1	2.0385	2	1.0192	1.0	True	0.65	1.91
1	158906839	C	G	PYHIN1	Missense_Mutation	50	6	56	0.10714285714285714	3	2	1	0.4368	1	0.4368	0.4368	False	0.65	1.91
1	159163688	C	G	CADM3	Silent	34	25	59	0.423728813559322	3	2	1	1.7275	2	0.8638	0.8638	True	0.65	1.91
1	159170672	G	T	CADM3	Missense_Mutation	143	19	162	0.11728395061728394	3	2	1	0.4782	1	0.4782	0.4782	False	0.65	1.91
1	159170673	G	T	CADM3	Silent	142	19	161	0.11801242236024845	3	2	1	0.4811	1	0.4811	0.4811	False	0.65	1.91
1	159900498	G	C	IGSF9	Silent	78	20	98	0.20408163265306123	3	2	1	0.832	1	0.832	0.832	False	0.65	1.91
1	161519627	C	G	FCGR3A	Missense_Mutation	97	34	131	0.2595419847328244	3	2	1	1.0581	1	1.0581	1.0	True	0.65	1.91
1	167847691	C	G	ADCY10	Missense_Mutation	60	11	71	0.15492957746478872	3	2	1	0.6316	1	0.6316	0.6316	False	0.65	1.91
1	170699420	C	G	PRRX1	Intron	193	43	236	0.18220338983050846	3	2	1	0.7428	1	0.7428	0.7428	False	0.65	1.91
1	171236728	C	G	FMO1	Missense_Mutation	89	13	102	0.12745098039215685	3	2	1	0.5196	1	0.5196	0.5196	False	0.65	1.91
1	171561016	G	T	PRRC2C	3'UTR	56	50	106	0.4716981132075472	3	2	1	1.9231	2	0.9615	0.9615	True	0.65	1.91
1	171810933	C	G	DNM3	Missense_Mutation	34	8	42	0.19047619047619047	3	2	1	0.7766	1	0.7766	0.7766	False	0.65	1.91
1	175335059	C	T	TNR	Missense_Mutation	74	30	104	0.28846153846153844	3	2	1	1.176	1	1.176	1.0	True	0.65	1.91
1	179851758	G	A	TOR1AIP1	Missense_Mutation	46	6	52	0.11538461538461539	3	2	1	0.4704	1	0.4704	0.4704	False	0.65	1.91
1	179886985	G	A	TOR1AIP1	Missense_Mutation	74	18	92	0.1956521739130435	3	2	1	0.7977	1	0.7977	0.7977	False	0.65	1.91
1	180064987	C	G	CEP350	Missense_Mutation	43	11	54	0.2037037037037037	3	2	1	0.8305	1	0.8305	0.8305	False	0.65	1.91
1	182025358	G	A	ZNF648	3'UTR	25	26	51	0.5098039215686274	3	2	1	2.0784	2	1.0392	1.0	True	0.65	1.91
1	184688328	G	A	EDEM3	Nonsense_Mutation	60	4	64	0.0625	3	2	1	0.2548	1	0.2548	0.2548	False	0.65	1.91
1	186057135	C	T	HMCN1	Silent	50	9	59	0.15254237288135594	3	2	1	0.6219	1	0.6219	0.6219	False	0.65	1.91
1	186291507	G	A	TPR	Missense_Mutation	18	4	22	0.18181818181818182	3	2	1	0.7413	1	0.7413	0.7413	False	0.65	1.91
1	186322861	G	A	TPR	Nonsense_Mutation	95	22	117	0.18803418803418803	3	2	1	0.7666	1	0.7666	0.7666	False	0.65	1.91
1	193202188	G	T	CDC73	Missense_Mutation	48	6	54	0.1111111111111111	3	2	1	0.453	1	0.453	0.453	False	0.65	1.91
1	196659258	G	T	CFH	Missense_Mutation	36	14	50	0.28	3	2	1	1.1415	1	1.1415	1.0	True	0.65	1.91
1	201777692	C	G	NAV1	Missense_Mutation	93	30	123	0.24390243902439024	3	2	1	0.9944	1	0.9944	0.9944	True	0.65	1.91
1	202777383	G	A	KDM5B	Silent	53	5	58	0.08620689655172414	3	2	1	0.3515	1	0.3515	0.3515	False	0.65	1.91
1	203452963	C	T	PRELP	Silent	348	19	367	0.051771117166212535	3	2	1	0.2111	1	0.2111	0.2111	False	0.65	1.91
1	203830863	G	A	SNRPE	Intron	46	29	75	0.38666666666666666	3	2	1	1.5764	2	0.7882	0.7882	False	0.65	1.91
1	204093775	G	T	SOX13	Missense_Mutation	23	8	31	0.25806451612903225	3	2	1	1.0521	1	1.0521	1.0	True	0.65	1.91
1	204228674	G	A	PLEKHA6	Missense_Mutation	82	19	101	0.18811881188118812	3	2	1	0.7669	1	0.7669	0.7669	False	0.65	1.91
1	204429480	C	G	PIK3C2B	Missense_Mutation	77	25	102	0.24509803921568626	3	2	1	0.9992	1	0.9992	0.9992	True	0.65	1.91
1	207107855	C	T	PIGR	Missense_Mutation	99	29	128	0.2265625	3	2	1	0.9237	1	0.9237	0.9237	True	0.65	1.91
1	209950725	A	T	TRAF3IP3	Missense_Mutation	63	16	79	0.20253164556962025	3	2	1	0.8257	1	0.8257	0.8257	False	0.65	1.91
1	210522315	G	C	HHAT	Intron	49	11	60	0.18333333333333332	3	2	1	0.7474	1	0.7474	0.7474	False	0.65	1.91
1	216017644	C	T	USH2A	Missense_Mutation	42	11	53	0.20754716981132076	3	2	1	0.8462	1	0.8462	0.8462	False	0.65	1.91
1	216019187	G	A	USH2A	Missense_Mutation	39	6	45	0.13333333333333333	3	2	1	0.5436	1	0.5436	0.5436	False	0.65	1.91
1	216062006	C	T	USH2A	Missense_Mutation	41	15	56	0.26785714285714285	3	2	1	1.092	1	1.092	1.0	True	0.65	1.91
1	216420069	C	G	USH2A	Missense_Mutation	115	39	154	0.2532467532467532	3	2	1	1.0325	1	1.0325	1.0	True	0.65	1.91
1	222801100	G	C	MIA3	Missense_Mutation	33	17	50	0.34	3	2	1	1.3862	1	1.3862	1.0	True	0.65	1.91
1	222837455	G	A	MIA3	Missense_Mutation	109	26	135	0.1925925925925926	3	2	1	0.7852	1	0.7852	0.7852	False	0.65	1.91
1	226176006	G	C	SDE2	Nonsense_Mutation	133	42	175	0.24	3	2	1	0.9785	1	0.9785	0.9785	True	0.65	1.91
1	226182969	C	T	SDE2	Missense_Mutation	89	17	106	0.16037735849056603	3	2	1	0.6538	1	0.6538	0.6538	False	0.65	1.91
1	226420132	G	A	LIN9	3'UTR	14	4	18	0.2222222222222222	3	2	1	0.906	1	0.906	0.906	True	0.65	1.91
1	227268703	C	G	CDC42BPA	Missense_Mutation	65	23	88	0.26136363636363635	3	2	1	1.0656	1	1.0656	1.0	True	0.65	1.91
1	228346799	G	T	GJC2	3'UTR	33	7	40	0.175	3	2	1	0.7135	1	0.7135	0.7135	False	0.65	1.91
1	228400197	C	G	OBSCN	Nonsense_Mutation	38	16	54	0.2962962962962963	3	2	1	1.208	1	1.208	1.0	True	0.65	1.91
1	228475522	G	A	OBSCN	Silent	93	17	110	0.15454545454545454	3	2	1	0.6301	1	0.6301	0.6301	False	0.65	1.91
1	228588809	C	G	TRIM11	Silent	65	22	87	0.25287356321839083	3	2	1	1.0309	1	1.0309	1.0	True	0.65	1.91
1	235850265	C	T	LYST	Missense_Mutation	112	30	142	0.2112676056338028	3	2	1	0.8613	1	0.8613	0.8613	True	0.65	1.91
1	236228219	G	A	NID1	Missense_Mutation	25	4	29	0.13793103448275862	3	2	1	0.5623	1	0.5623	0.5623	False	0.65	1.91
1	236902749	G	A	ACTN2	Missense_Mutation	100	39	139	0.2805755395683453	3	2	1	1.1439	1	1.1439	1.0	True	0.65	1.91
1	237865357	G	A	RYR2	Silent	18	4	22	0.18181818181818182	3	2	1	0.7413	1	0.7413	0.7413	False	0.65	1.91
1	240555822	C	G	FMN2	Missense_Mutation	38	13	51	0.2549019607843137	3	2	1	1.0392	1	1.0392	1.0	True	0.65	1.91
1	241797060	G	A	CHML	3'UTR	82	8	90	0.08888888888888889	3	2	1	0.3624	1	0.3624	0.3624	False	0.65	1.91
1	243668570	G	A	AKT3	Missense_Mutation	39	5	44	0.11363636363636363	3	2	1	0.4633	1	0.4633	0.4633	False	0.65	1.91
1	243858901	G	A	AKT3	Missense_Mutation	20	5	25	0.2	3	2	1	0.8154	1	0.8154	0.8154	False	0.65	1.91
1	244214709	C	T	ZBTB18	5'UTR	63	15	78	0.19230769230769232	3	2	1	0.784	1	0.784	0.784	False	0.65	1.91
1	245019253	C	A	HNRNPU	Missense_Mutation	106	40	146	0.273972602739726	3	2	1	1.117	1	1.117	1.0	True	0.65	1.91
1	245019434	C	G	HNRNPU	Missense_Mutation	40	13	53	0.24528301886792453	3	2	1	1.0	1	1.0	1.0	True	0.65	1.91
1	246729212	C	G	TFB2M	Missense_Mutation	129	33	162	0.2037037037037037	3	2	1	0.8305	1	0.8305	0.8305	False	0.65	1.91
1	247473695	C	T	ZNF496	Missense_Mutation	64	15	79	0.189873417721519	3	2	1	0.7741	1	0.7741	0.7741	False	0.65	1.91
1	247751861	C	T	OR2G2	Missense_Mutation	136	10	146	0.0684931506849315	3	2	1	0.2792	1	0.2792	0.2792	False	0.65	1.91
1	247769229	C	G	OR2G3	Silent	166	68	234	0.2905982905982906	3	2	1	1.1847	1	1.1847	1.0	True	0.65	1.91
1	248112456	G	C	OR2L8	Missense_Mutation	186	46	232	0.19827586206896552	3	2	1	0.8084	1	0.8084	0.8084	False	0.65	1.91
1	248436276	G	T	OR2T33	Missense_Mutation	122	65	187	0.34759358288770054	3	2	1	1.4171	1	1.4171	1.0	True	0.65	1.91
1	248722745	G	A	OR2T29	Silent	46	5	51	0.09803921568627451	2	1	1	0.3017	1	0.3017	0.3017	False	0.65	1.91
1	248737986	C	T	OR2T34	Missense_Mutation	95	6	101	0.0594059405940594	2	1	1	0.1828	1	0.1828	0.1828	False	0.65	1.91
2	8919116	C	A	KIDINS220	Missense_Mutation	86	32	118	0.2711864406779661	2	1	1	0.8344	1	0.8344	0.8344	False	0.65	1.91
2	11284207	G	A	C2orf50	Silent	48	6	54	0.1111111111111111	2	1	1	0.3419	1	0.3419	0.3419	False	0.65	1.91
2	15326937	C	T	NBAS	Missense_Mutation	58	20	78	0.2564102564102564	2	1	1	0.789	1	0.789	0.789	False	0.65	1.91
2	15415726	G	A	NBAS	Missense_Mutation	29	13	42	0.30952380952380953	2	1	1	0.9524	1	0.9524	0.9524	True	0.65	1.91
2	15415732	G	T	NBAS	Missense_Mutation	33	14	47	0.2978723404255319	2	1	1	0.9165	1	0.9165	0.9165	True	0.65	1.91
2	15536539	G	A	NBAS	Silent	7	7	14	0.5	2	1	1	1.5385	1	1.5385	1.0	True	0.65	1.91
2	15607829	G	A	NBAS	Silent	10	4	14	0.2857142857142857	2	1	1	0.8791	1	0.8791	0.8791	True	0.65	1.91
2	17959282	C	T	GEN1	Nonsense_Mutation	22	9	31	0.2903225806451613	2	1	1	0.8933	1	0.8933	0.8933	True	0.65	1.91
2	20402472	G	C	SDC1	3'UTR	85	33	118	0.2796610169491525	2	1	1	0.8605	1	0.8605	0.8605	True	0.65	1.91
2	21231220	C	T	APOB	Silent	122	12	134	0.08955223880597014	2	1	1	0.2755	1	0.2755	0.2755	False	0.65	1.91
2	26416628	G	A	HADHA	Missense_Mutation	104	58	162	0.35802469135802467	2	1	1	1.1016	1	1.1016	1.0	True	0.65	1.91
2	26569121	G	C	EPT1	Silent	42	6	48	0.125	2	1	1	0.3846	1	0.3846	0.3846	False	0.65	1.91
2	27360122	C	T	C2orf53	Missense_Mutation	110	54	164	0.32926829268292684	2	1	1	1.0131	1	1.0131	1.0	True	0.65	1.91
2	27676911	G	A	IFT172	Nonsense_Mutation	148	21	169	0.1242603550295858	2	1	1	0.3823	1	0.3823	0.3823	False	0.65	1.91
2	27677466	G	A	IFT172	Missense_Mutation	58	8	66	0.12121212121212122	2	1	1	0.373	1	0.373	0.373	False	0.65	1.91
2	32288957	G	A	SPAST	Silent	9	4	13	0.3076923076923077	2	2	0	0.9467	1	0.9467	0.9467	True	0.65	1.91
2	33817200	G	A	FAM98A	Missense_Mutation	82	49	131	0.37404580152671757	2	2	0	1.1509	1	1.1509	1.0	True	0.65	1.91
2	37402349	C	G	SULT6B1	Missense_Mutation	12	3	15	0.2	2	1	1	0.6154	1	0.6154	0.6154	False	0.65	1.91
2	42510097	C	G	EML4	Missense_Mutation	67	14	81	0.1728395061728395	2	1	1	0.5318	1	0.5318	0.5318	False	0.65	1.91
2	44502719	G	C	SLC3A1	Missense_Mutation	21	5	26	0.19230769230769232	2	1	1	0.5917	1	0.5917	0.5917	False	0.65	1.91
2	44549016	G	C	PREPL	Missense_Mutation	35	16	51	0.3137254901960784	2	1	1	0.9653	1	0.9653	0.9653	True	0.65	1.91
2	47134963	G	C	MCFD2	Missense_Mutation	37	20	57	0.3508771929824561	2	1	1	1.0796	1	1.0796	1.0	True	0.65	1.91
2	47672761	C	T	MSH2	Nonsense_Mutation	42	5	47	0.10638297872340426	2	1	1	0.3273	1	0.3273	0.3273	False	0.65	1.91
2	48808367	G	C	STON1-GTF2A1L	Missense_Mutation	26	17	43	0.3953488372093023	2	1	1	1.2165	1	1.2165	1.0	True	0.65	1.91
2	50280712	G	A	NRXN1	Silent	36	9	45	0.2	2	1	1	0.6154	1	0.6154	0.6154	False	0.65	1.91
2	55462086	G	A	RPS27A	Silent	12	12	24	0.5	2	1	1	1.5385	1	1.5385	1.0	True	0.65	1.91
2	58468351	A	T	FANCL	Splice_Site	31	14	45	0.3111111111111111	2	1	1	0.9573	1	0.9573	0.9573	True	0.65	1.91
2	61187609	C	A	PUS10	Missense_Mutation	41	16	57	0.2807017543859649	2	1	1	0.8637	1	0.8637	0.8637	True	0.65	1.91
2	69002156	G	A	ARHGAP25	Intron	4	5	9	0.5555555555555556	2	1	1	1.7094	1	1.7094	1.0	True	0.65	1.91
2	71797847	C	T	DYSF	Silent	30	16	46	0.34782608695652173	2	1	1	1.0702	1	1.0702	1.0	True	0.65	1.91
2	73493798	C	G	FBXO41	Missense_Mutation	47	27	74	0.36486486486486486	2	1	1	1.1227	1	1.1227	1.0	True	0.65	1.91
2	73680117	G	C	ALMS1	Missense_Mutation	34	24	58	0.41379310344827586	2	1	1	1.2732	1	1.2732	1.0	True	0.65	1.91
2	73680396	G	A	ALMS1	Missense_Mutation	24	12	36	0.3333333333333333	2	1	1	1.0256	1	1.0256	1.0	True	0.65	1.91
2	74719173	G	C	TTC31	Missense_Mutation	49	21	70	0.3	2	1	1	0.9231	1	0.9231	0.9231	True	0.65	1.91
2	74720131	C	T	TTC31	Missense_Mutation	174	44	218	0.2018348623853211	2	1	1	0.621	1	0.621	0.621	False	0.65	1.91
2	74720171	G	C	TTC31	Missense_Mutation	187	91	278	0.3273381294964029	2	1	1	1.0072	1	1.0072	1.0	True	0.65	1.91
2	74725146	C	T	LBX2	Missense_Mutation	83	17	100	0.17	2	1	1	0.5231	1	0.5231	0.5231	False	0.65	1.91
2	74729987	C	G	LBX2	5'UTR	38	12	50	0.24	2	1	1	0.7385	1	0.7385	0.7385	False	0.65	1.91
2	85875905	G	A	USP39	Missense_Mutation	153	59	212	0.2783018867924528	2	1	1	0.8563	1	0.8563	0.8563	True	0.65	1.91
2	85876124	G	C	USP39	3'UTR	15	5	20	0.25	2	1	1	0.7692	1	0.7692	0.7692	False	0.65	1.91
2	87042598	G	C	CD8B	3'Flank	36	8	44	0.18181818181818182	2	1	1	0.5594	1	0.5594	0.5594	False	0.65	1.91
2	88874785	G	A	EIF2AK3	Missense_Mutation	223	43	266	0.16165413533834586	2	1	1	0.4974	1	0.4974	0.4974	False	0.65	1.91
2	97377642	C	T	LMAN2L	Missense_Mutation	103	12	115	0.10434782608695652	2	1	1	0.3211	1	0.3211	0.3211	False	0.65	1.91
2	98866891	C	A	VWA3B	Silent	42	13	55	0.23636363636363636	2	1	1	0.7273	1	0.7273	0.7273	False	0.65	1.91
2	100199404	G	C	AFF3	Silent	50	17	67	0.2537313432835821	2	1	1	0.7807	1	0.7807	0.7807	False	0.65	1.91
2	103274180	C	G	SLC9A2	Missense_Mutation	197	8	205	0.03902439024390244	2	1	1	0.1201	1	0.1201	0.1201	False	0.65	1.91
2	111408245	C	A	BUB1	Missense_Mutation	35	12	47	0.2553191489361702	2	1	1	0.7856	1	0.7856	0.7856	False	0.65	1.91
2	113309400	G	C	POLR1B	Missense_Mutation	70	19	89	0.21348314606741572	2	1	1	0.6569	1	0.6569	0.6569	False	0.65	1.91
2	120413939	G	A	PCDP1	Missense_Mutation	46	4	50	0.08	2	1	1	0.2462	1	0.2462	0.2462	False	0.65	1.91
2	122513376	C	T	TSN	Silent	59	23	82	0.2804878048780488	2	1	1	0.863	1	0.863	0.863	True	0.65	1.91
2	132277212	C	T	AC093838.4	RNA	19	12	31	0.3870967741935484	2	1	1	1.1911	1	1.1911	1.0	True	0.65	1.91
2	136567501	C	T	LCT	Missense_Mutation	64	25	89	0.2808988764044944	2	1	1	0.8643	1	0.8643	0.8643	True	0.65	1.91
2	136743127	C	G	DARS	5'UTR	15	8	23	0.34782608695652173	2	1	1	1.0702	1	1.0702	1.0	True	0.65	1.91
2	138727779	G	A	HNMT	Missense_Mutation	14	6	20	0.3	2	1	1	0.9231	1	0.9231	0.9231	True	0.65	1.91
2	148695735	C	T	ORC4	Missense_Mutation	9	3	12	0.25	2	1	1	0.7692	1	0.7692	0.7692	False	0.65	1.91
2	150071289	G	T	LYPD6B	3'UTR	64	23	87	0.26436781609195403	2	1	1	0.8134	1	0.8134	0.8134	False	0.65	1.91
2	151343788	G	C	RND3	Missense_Mutation	17	7	24	0.2916666666666667	2	1	1	0.8974	1	0.8974	0.8974	True	0.65	1.91
2	152319428	C	G	RIF1	Missense_Mutation	20	8	28	0.2857142857142857	2	1	1	0.8791	1	0.8791	0.8791	True	0.65	1.91
2	152977280	C	G	STAM2	Missense_Mutation	43	22	65	0.3384615384615385	2	1	1	1.0414	1	1.0414	1.0	True	0.65	1.91
2	163174679	G	A	IFIH1	Nonsense_Mutation	50	16	66	0.24242424242424243	2	1	1	0.7459	1	0.7459	0.7459	False	0.65	1.91
2	165969488	T	G	SCN3A	Silent	112	35	147	0.23809523809523808	2	1	1	0.7326	1	0.7326	0.7326	False	0.65	1.91
2	165969532	T	G	SCN3A	Missense_Mutation	98	33	131	0.25190839694656486	2	1	1	0.7751	1	0.7751	0.7751	False	0.65	1.91
2	166758327	C	A	TTC21B	Missense_Mutation	32	14	46	0.30434782608695654	2	1	1	0.9365	1	0.9365	0.9365	True	0.65	1.91
2	178098953	C	G	NFE2L2	Missense_Mutation	10	6	16	0.375	2	1	1	1.1538	1	1.1538	1.0	True	0.65	1.91
2	179399891	C	G	TTN	Missense_Mutation	49	15	64	0.234375	2	1	1	0.7212	1	0.7212	0.7212	False	0.65	1.91
2	179440842	C	T	TTN	Silent	53	14	67	0.208955223880597	2	1	1	0.6429	1	0.6429	0.6429	False	0.65	1.91
2	179446810	C	T	TTN	Missense_Mutation	74	33	107	0.308411214953271	2	1	1	0.949	1	0.949	0.949	True	0.65	1.91
2	179647678	A	G	TTN	Silent	46	16	62	0.25806451612903225	2	1	1	0.794	1	0.794	0.794	False	0.65	1.91
2	179997134	C	A	SESTD1	Missense_Mutation	97	41	138	0.2971014492753623	2	1	1	0.9142	1	0.9142	0.9142	True	0.65	1.91
2	182542828	C	T	NEUROD1	Missense_Mutation	73	34	107	0.3177570093457944	2	1	1	0.9777	1	0.9777	0.9777	True	0.65	1.91
2	182783599	G	A	SSFA2	Missense_Mutation	31	3	34	0.08823529411764706	2	1	1	0.2715	1	0.2715	0.2715	False	0.65	1.91
2	191843579	C	G	STAT1	Intron	33	18	51	0.35294117647058826	2	1	1	1.086	1	1.086	1.0	True	0.65	1.91
2	191843640	C	G	STAT1	Missense_Mutation	40	20	60	0.3333333333333333	2	1	1	1.0256	1	1.0256	1.0	True	0.65	1.91
2	191874615	C	G	STAT1	Missense_Mutation	90	32	122	0.26229508196721313	2	1	1	0.8071	1	0.8071	0.8071	False	0.65	1.91
2	196642654	C	T	DNAH7	Missense_Mutation	38	11	49	0.22448979591836735	2	1	1	0.6907	1	0.6907	0.6907	False	0.65	1.91
2	196837053	G	C	DNAH7	Missense_Mutation	53	21	74	0.28378378378378377	2	1	1	0.8732	1	0.8732	0.8732	True	0.65	1.91
2	197986134	C	G	ANKRD44	Missense_Mutation	47	13	60	0.21666666666666667	2	1	1	0.6667	1	0.6667	0.6667	False	0.65	1.91
2	202025156	G	T	CFLAR	Missense_Mutation	79	22	101	0.21782178217821782	2	1	1	0.6702	1	0.6702	0.6702	False	0.65	1.91
2	204305898	C	A	RAPH1	Missense_Mutation	55	28	83	0.3373493975903614	2	1	1	1.038	1	1.038	1.0	True	0.65	1.91
2	206659744	G	A	NRP2	Missense_Mutation	28	9	37	0.24324324324324326	2	1	1	0.7484	1	0.7484	0.7484	False	0.65	1.91
2	207630000	G	C	MDH1B	5'UTR	52	12	64	0.1875	2	1	1	0.5769	1	0.5769	0.5769	False	0.65	1.91
2	211518809	G	A	CPS1	Missense_Mutation	46	18	64	0.28125	2	1	1	0.8654	1	0.8654	0.8654	True	0.65	1.91
2	216251584	C	T	FN1	Silent	24	5	29	0.1724137931034483	2	1	1	0.5305	1	0.5305	0.5305	False	0.65	1.91
2	216273066	C	T	FN1	Missense_Mutation	52	24	76	0.3157894736842105	2	1	1	0.9717	1	0.9717	0.9717	True	0.65	1.91
2	219339484	G	A	USP37	Missense_Mutation	31	17	48	0.3541666666666667	2	1	1	1.0897	1	1.0897	1.0	True	0.65	1.91
2	219513943	C	T	ZNF142	Missense_Mutation	34	18	52	0.34615384615384615	2	1	1	1.0651	1	1.0651	1.0	True	0.65	1.91
2	219544331	G	A	STK36	Missense_Mutation	25	12	37	0.32432432432432434	2	1	1	0.9979	1	0.9979	0.9979	True	0.65	1.91
2	219617499	C	T	TTLL4	Missense_Mutation	48	15	63	0.23809523809523808	2	1	1	0.7326	1	0.7326	0.7326	False	0.65	1.91
2	220071667	C	G	ZFAND2B	5'UTR	22	8	30	0.26666666666666666	2	1	1	0.8205	1	0.8205	0.8205	False	0.65	1.91
2	220495026	G	C	SLC4A3	Missense_Mutation	54	27	81	0.3333333333333333	2	1	1	1.0256	1	1.0256	1.0	True	0.65	1.91
2	228881681	C	T	SPHKAP	Missense_Mutation	59	26	85	0.3058823529411765	2	1	1	0.9412	1	0.9412	0.9412	True	0.65	1.91
2	234775922	C	G	MSL3P1	RNA	17	4	21	0.19047619047619047	2	1	1	0.5861	1	0.5861	0.5861	False	0.65	1.91
2	238290014	G	C	COL6A3	Missense_Mutation	36	25	61	0.4098360655737705	2	1	1	1.261	1	1.261	1.0	True	0.65	1.91
3	9413060	C	G	THUMPD3	Nonsense_Mutation	13	16	29	0.5517241379310345	1	1	0	1.1459	1	1.1459	1.0	True	0.65	1.91
3	12856641	G	C	CAND2	Missense_Mutation	24	17	41	0.4146341463414634	1	1	0	0.8612	1	0.8612	0.8612	True	0.65	1.91
3	19498290	C	T	KCNH8	Missense_Mutation	20	22	42	0.5238095238095238	1	1	0	1.0879	1	1.0879	1.0	True	0.65	1.91
3	28476714	C	G	ZCWPW2	Nonsense_Mutation	21	16	37	0.43243243243243246	1	1	0	0.8981	1	0.8981	0.8981	True	0.65	1.91
3	38962733	G	A	SCN11A	Silent	75	7	82	0.08536585365853659	1	1	0	0.1773	1	0.1773	0.1773	False	0.65	1.91
3	46753868	G	T	PRSS50	Silent	15	18	33	0.5454545454545454	1	1	0	1.1329	1	1.1329	1.0	True	0.65	1.91
3	49932792	C	T	MST1R	Missense_Mutation	27	40	67	0.5970149253731343	1	1	0	1.24	1	1.24	1.0	True	0.65	1.91
3	51308309	G	C	DOCK3	Missense_Mutation	20	27	47	0.574468085106383	1	1	0	1.1931	1	1.1931	1.0	True	0.65	1.91
3	52442611	C	G	BAP1	Missense_Mutation	4	6	10	0.6	1	1	0	1.2462	1	1.2462	1.0	True	0.65	1.91
3	52505946	G	A	NISCH	Missense_Mutation	38	21	59	0.3559322033898305	1	1	0	0.7392	1	0.7392	0.7392	False	0.65	1.91
3	54537576	G	A	CACNA2D3	Missense_Mutation	23	22	45	0.4888888888888889	1	1	0	1.0154	1	1.0154	1.0	True	0.65	1.91
3	96963154	C	T	EPHA6	Intron	24	12	36	0.3333333333333333	2	2	0	1.0256	1	1.0256	1.0	True	0.65	1.91
3	97711752	C	A	GABRR3	3'Flank	68	84	152	0.5526315789473685	2	2	0	1.7004	2	0.8502	0.8502	True	0.65	1.91
3	97888021	G	A	OR5H15	Missense_Mutation	27	3	30	0.1	2	2	0	0.3077	1	0.3077	0.3077	False	0.65	1.91
3	99569323	G	T	FILIP1L	Silent	111	29	140	0.20714285714285716	2	2	0	0.6374	1	0.6374	0.6374	False	0.65	1.91
3	99891232	G	T	CMSS1	Nonsense_Mutation	27	13	40	0.325	2	2	0	1.0	1	1.0	1.0	True	0.65	1.91
3	100994579	G	A	IMPG2	Silent	28	6	34	0.17647058823529413	2	2	0	0.543	1	0.543	0.543	False	0.65	1.91
3	108626864	C	T	GUCA1C	3'UTR	28	5	33	0.15151515151515152	3	3	0	0.6177	1	0.6177	0.6177	False	0.65	1.91
3	108836925	C	G	MORC1	5'UTR	12	8	20	0.4	3	3	0	1.6308	2	0.8154	0.8154	False	0.65	1.91
3	109047888	C	T	DPPA4	Missense_Mutation	33	12	45	0.26666666666666666	3	3	0	1.0872	1	1.0872	1.0	True	0.65	1.91
3	112642485	C	G	CD200R1	3'UTR	27	8	35	0.22857142857142856	3	3	0	0.9319	1	0.9319	0.9319	True	0.65	1.91
3	124117701	G	C	KALRN	Missense_Mutation	81	23	104	0.22115384615384615	3	3	0	0.9016	1	0.9016	0.9016	True	0.65	1.91
3	125741768	C	T	SLC41A3	Silent	158	33	191	0.17277486910994763	3	3	0	0.7044	1	0.7044	0.7044	False	0.65	1.91
3	128998558	G	C	HMCES	5'UTR	35	9	44	0.20454545454545456	3	3	0	0.8339	1	0.8339	0.8339	False	0.65	1.91
3	129225256	C	T	IFT122	Silent	100	30	130	0.23076923076923078	3	3	0	0.9408	1	0.9408	0.9408	True	0.65	1.91
3	129231155	G	A	IFT122	Missense_Mutation	155	11	166	0.06626506024096386	3	3	0	0.2702	1	0.2702	0.2702	False	0.65	1.91
3	129824385	C	G	FAM86HP	RNA	25	7	32	0.21875	3	3	0	0.8918	1	0.8918	0.8918	True	0.65	1.91
3	132242426	G	A	DNAJC13	Missense_Mutation	160	49	209	0.23444976076555024	3	3	0	0.9558	1	0.9558	0.9558	True	0.65	1.91
3	134078172	G	C	AMOTL2	Missense_Mutation	146	8	154	0.05194805194805195	3	3	0	0.2118	1	0.2118	0.2118	False	0.65	1.91
3	134269038	C	T	CEP63	Missense_Mutation	64	16	80	0.2	3	3	0	0.8154	1	0.8154	0.8154	False	0.65	1.91
3	136141407	C	T	STAG1	Missense_Mutation	69	26	95	0.2736842105263158	3	3	0	1.1158	1	1.1158	1.0	True	0.65	1.91
3	137748705	G	A	CLDN18	Silent	18	4	22	0.18181818181818182	3	3	0	0.7413	1	0.7413	0.7413	False	0.65	1.91
3	142242894	C	A	ATR	Missense_Mutation	107	24	131	0.183206106870229	3	3	0	0.7469	1	0.7469	0.7469	False	0.65	1.91
3	142423337	A	G	PLS1	Missense_Mutation	23	12	35	0.34285714285714286	3	3	0	1.3978	1	1.3978	1.0	True	0.65	1.91
3	147113948	C	T	ZIC4	Missense_Mutation	90	7	97	0.07216494845360824	3	3	0	0.2942	1	0.2942	0.2942	False	0.65	1.91
3	150127594	C	G	TSC22D2	Missense_Mutation	141	8	149	0.053691275167785234	3	3	0	0.2189	1	0.2189	0.2189	False	0.65	1.91
3	151164002	G	A	IGSF10	Missense_Mutation	88	28	116	0.2413793103448276	3	3	0	0.9841	1	0.9841	0.9841	True	0.65	1.91
3	152880615	G	A	RAP2B	Missense_Mutation	230	58	288	0.2013888888888889	3	3	0	0.821	1	0.821	0.821	False	0.65	1.91
3	153840025	C	T	ARHGEF26	Silent	44	7	51	0.13725490196078433	3	3	0	0.5596	1	0.5596	0.5596	False	0.65	1.91
3	153840347	C	T	ARHGEF26	Missense_Mutation	49	13	62	0.20967741935483872	3	3	0	0.8548	1	0.8548	0.8548	True	0.65	1.91
3	155311931	G	A	PLCH1	Missense_Mutation	28	10	38	0.2631578947368421	3	3	0	1.0729	1	1.0729	1.0	True	0.65	1.91
3	155838427	G	C	KCNAB1	Silent	189	38	227	0.16740088105726872	3	3	0	0.6825	1	0.6825	0.6825	False	0.65	1.91
3	160148513	G	A	SMC4	Silent	56	17	73	0.2328767123287671	3	3	0	0.9494	1	0.9494	0.9494	True	0.65	1.91
3	160149458	G	A	SMC4	Missense_Mutation	42	6	48	0.125	3	3	0	0.5096	1	0.5096	0.5096	False	0.65	1.91
3	160149461	G	A	SMC4	Missense_Mutation	42	6	48	0.125	3	3	0	0.5096	1	0.5096	0.5096	False	0.65	1.91
3	167277954	G	C	WDR49	Missense_Mutation	59	22	81	0.2716049382716049	3	3	0	1.1073	1	1.1073	1.0	True	0.65	1.91
3	170786750	C	T	TNIK	Missense_Mutation	118	32	150	0.21333333333333335	3	3	0	0.8697	1	0.8697	0.8697	True	0.65	1.91
3	179322645	G	A	NDUFB5	Silent	43	15	58	0.25862068965517243	5	5	0	1.5716	2	0.7858	0.7858	False	0.65	1.91
3	183209716	C	G	KLHL6	Nonstop_Mutation	75	33	108	0.3055555555555556	5	5	0	1.8568	2	0.9284	0.9284	True	0.65	1.91
3	187086266	C	G	RTP4	Missense_Mutation	79	13	92	0.14130434782608695	5	5	0	0.8587	1	0.8587	0.8587	True	0.65	1.91
3	190936662	G	C	OSTN	Missense_Mutation	91	8	99	0.08080808080808081	5	5	0	0.4911	1	0.4911	0.4911	False	0.65	1.91
3	192516720	G	C	MB21D2	Missense_Mutation	74	11	85	0.12941176470588237	4	4	0	0.657	1	0.657	0.657	False	0.65	1.91
3	196159292	G	T	UBXN7	5'UTR	55	7	62	0.11290322580645161	5	5	0	0.6861	1	0.6861	0.6861	False	0.65	1.91
3	196198779	G	A	RNF168	Missense_Mutation	192	37	229	0.1615720524017467	5	5	0	0.9819	1	0.9819	0.9819	True	0.65	1.91
3	196198790	G	A	RNF168	Missense_Mutation	196	33	229	0.14410480349344978	5	5	0	0.8757	1	0.8757	0.8757	True	0.65	1.91
3	196743169	G	C	MFI2	Silent	197	10	207	0.04830917874396135	5	5	0	0.2936	1	0.2936	0.2936	False	0.65	1.91
3	197616569	C	T	IQCG	Missense_Mutation	145	29	174	0.16666666666666666	5	5	0	1.0128	1	1.0128	1.0	True	0.65	1.91
4	4199265	C	T	OTOP1	Silent	32	22	54	0.4074074074074074	1	1	0	0.8462	1	0.8462	0.8462	False	0.65	1.91
4	13545704	C	A	NKX3-2	Missense_Mutation	4	6	10	0.6	1	1	0	1.2462	1	1.2462	1.0	True	0.65	1.91
4	15008952	G	A	CPEB2	Nonsense_Mutation	21	11	32	0.34375	1	1	0	0.7139	1	0.7139	0.7139	False	0.65	1.91
4	40045230	C	T	RP11-333E13.4	RNA	13	16	29	0.5517241379310345	1	1	0	1.1459	1	1.1459	1.0	True	0.65	1.91
4	40440149	C	G	RBM47	Missense_Mutation	51	30	81	0.37037037037037035	1	1	0	0.7692	1	0.7692	0.7692	False	0.65	1.91
4	47901133	G	A	NFXL1	Silent	11	10	21	0.47619047619047616	1	1	0	0.989	1	0.989	0.989	True	0.65	1.91
4	54344815	G	A	LNX1	Missense_Mutation	80	10	90	0.1111111111111111	2	1	1	0.3419	1	0.3419	0.3419	False	0.65	1.91
4	55129880	C	T	PDGFRA	Silent	70	9	79	0.11392405063291139	2	1	1	0.3505	1	0.3505	0.3505	False	0.65	1.91
4	66361130	C	T	EPHA5	Missense_Mutation	76	25	101	0.24752475247524752	2	1	1	0.7616	1	0.7616	0.7616	False	0.65	1.91
4	68619664	G	A	GNRHR	Silent	20	11	31	0.3548387096774194	2	1	1	1.0918	1	1.0918	1.0	True	0.65	1.91
4	69093718	C	A	TMPRSS11B	Missense_Mutation	9	9	18	0.5	2	1	1	1.5385	1	1.5385	1.0	True	0.65	1.91
4	73957883	G	A	ANKRD17	Missense_Mutation	94	38	132	0.2878787878787879	2	1	1	0.8858	1	0.8858	0.8858	True	0.65	1.91
4	74453554	G	T	RASSF6	Intron	29	9	38	0.23684210526315788	2	1	1	0.7287	1	0.7287	0.7287	False	0.65	1.91
4	76878850	C	T	SDAD1	Silent	49	26	75	0.3466666666666667	2	1	1	1.0667	1	1.0667	1.0	True	0.65	1.91
4	79400722	G	A	FRAS1	Missense_Mutation	60	11	71	0.15492957746478872	2	1	1	0.4767	1	0.4767	0.4767	False	0.65	1.91
4	79832640	C	T	BMP2K	Missense_Mutation	65	22	87	0.25287356321839083	2	1	1	0.7781	1	0.7781	0.7781	False	0.65	1.91
4	85717898	C	G	WDFY3	Missense_Mutation	30	9	39	0.23076923076923078	2	1	1	0.7101	1	0.7101	0.7101	False	0.65	1.91
4	86916572	G	A	ARHGAP24	Missense_Mutation	92	18	110	0.16363636363636364	2	1	1	0.5035	1	0.5035	0.5035	False	0.65	1.91
4	87022278	C	T	MAPK10	Missense_Mutation	51	22	73	0.3013698630136986	2	1	1	0.9273	1	0.9273	0.9273	True	0.65	1.91
4	88535250	C	T	DSPP	Missense_Mutation	49	23	72	0.3194444444444444	2	1	1	0.9829	1	0.9829	0.9829	True	0.65	1.91
4	89384691	G	T	HERC5	Missense_Mutation	32	8	40	0.2	2	1	1	0.6154	1	0.6154	0.6154	False	0.65	1.91
4	106157356	A	T	TET2	Nonsense_Mutation	22	21	43	0.4883720930232558	1	1	0	1.0143	1	1.0143	1.0	True	0.65	1.91
4	123249403	G	A	KIAA1109	Missense_Mutation	21	20	41	0.4878048780487805	1	1	0	1.0131	1	1.0131	1.0	True	0.65	1.91
4	123855596	G	C	SPATA5	Missense_Mutation	21	27	48	0.5625	1	1	0	1.1683	1	1.1683	1.0	True	0.65	1.91
4	128626754	G	C	INTU	Missense_Mutation	34	26	60	0.43333333333333335	1	1	0	0.9	1	0.9	0.9	True	0.65	1.91
4	129767674	C	T	JADE1	Nonsense_Mutation	18	23	41	0.5609756097560976	1	1	0	1.1651	1	1.1651	1.0	True	0.65	1.91
4	129924946	C	T	SCLT1	Missense_Mutation	28	9	37	0.24324324324324326	1	1	0	0.5052	1	0.5052	0.5052	False	0.65	1.91
4	155528127	C	T	FGG	Missense_Mutation	26	23	49	0.46938775510204084	1	1	0	0.9749	1	0.9749	0.9749	True	0.65	1.91
4	177052851	G	T	WDR17	Missense_Mutation	106	9	115	0.0782608695652174	1	1	0	0.1625	1	0.1625	0.1625	False	0.65	1.91
4	183594235	G	C	TENM3	Missense_Mutation	6	8	14	0.5714285714285714	1	1	0	1.1868	1	1.1868	1.0	True	0.65	1.91
4	183812415	G	A	DCTD	3'UTR	6	3	9	0.3333333333333333	1	1	0	0.6923	1	0.6923	0.6923	False	0.65	1.91
4	185587089	C	G	PRIMPOL	Missense_Mutation	24	3	27	0.1111111111111111	1	1	0	0.2308	1	0.2308	0.2308	False	0.65	1.91
4	189022368	C	G	TRIML2	Missense_Mutation	16	3	19	0.15789473684210525	1	1	0	0.3279	1	0.3279	0.3279	False	0.65	1.91
5	1201820	G	T	SLC6A19	Missense_Mutation	32	17	49	0.3469387755102041	2	1	1	1.0675	1	1.0675	1.0	True	0.65	1.91
5	1294527	G	C	TERT	Silent	7	4	11	0.36363636363636365	2	1	1	1.1189	1	1.1189	1.0	True	0.65	1.91
5	5262855	C	T	ADAMTS16	Silent	51	23	74	0.3108108108108108	2	1	1	0.9563	1	0.9563	0.9563	True	0.65	1.91
5	9190548	C	T	SEMA5A	Silent	42	14	56	0.25	2	1	1	0.7692	1	0.7692	0.7692	False	0.65	1.91
5	26881499	G	T	CDH9	Missense_Mutation	51	21	72	0.2916666666666667	2	1	1	0.8974	1	0.8974	0.8974	True	0.65	1.91
5	32712102	C	G	NPR3	Missense_Mutation	20	12	32	0.375	2	1	1	1.1538	1	1.1538	1.0	True	0.65	1.91
5	33624367	C	G	ADAMTS12	Silent	37	17	54	0.3148148148148148	2	1	1	0.9687	1	0.9687	0.9687	True	0.65	1.91
5	38407987	C	T	EGFLAM	Nonsense_Mutation	28	5	33	0.15151515151515152	2	1	1	0.4662	1	0.4662	0.4662	False	0.65	1.91
5	39202007	G	A	FYB	Silent	33	6	39	0.15384615384615385	2	1	1	0.4734	1	0.4734	0.4734	False	0.65	1.91
5	45645362	C	A	HCN1	Missense_Mutation	21	8	29	0.27586206896551724	2	1	1	0.8488	1	0.8488	0.8488	False	0.65	1.91
5	50137956	G	A	PARP8	3'UTR	12	3	15	0.2	2	1	1	0.6154	1	0.6154	0.6154	False	0.65	1.91
5	52096289	G	T	PELO	Nonsense_Mutation	48	19	67	0.2835820895522388	2	1	1	0.8726	1	0.8726	0.8726	True	0.65	1.91
5	59982837	T	A	DEPDC1B	Missense_Mutation	123	58	181	0.32044198895027626	2	1	1	0.986	1	0.986	0.986	True	0.65	1.91
5	60455843	C	A	SMIM15	Missense_Mutation	42	12	54	0.2222222222222222	2	1	1	0.6838	1	0.6838	0.6838	False	0.65	1.91
5	68524045	C	A	MRPS36	Nonsense_Mutation	18	11	29	0.3793103448275862	2	1	1	1.1671	1	1.1671	1.0	True	0.65	1.91
5	73931347	G	A	ENC1	Missense_Mutation	89	14	103	0.13592233009708737	2	1	1	0.4182	1	0.4182	0.4182	False	0.65	1.91
5	73931590	G	A	ENC1	Silent	48	6	54	0.1111111111111111	2	1	1	0.3419	1	0.3419	0.3419	False	0.65	1.91
5	74016297	C	G	HEXB	Missense_Mutation	72	17	89	0.19101123595505617	2	1	1	0.5877	1	0.5877	0.5877	False	0.65	1.91
5	74325667	C	T	GCNT4	Missense_Mutation	70	27	97	0.27835051546391754	2	1	1	0.8565	1	0.8565	0.8565	True	0.65	1.91
5	79855362	C	T	ANKRD34B	Silent	74	33	107	0.308411214953271	2	1	1	0.949	1	0.949	0.949	True	0.65	1.91
5	80366365	G	A	RASGRF2	Missense_Mutation	54	18	72	0.25	2	1	1	0.7692	1	0.7692	0.7692	False	0.65	1.91
5	86708428	G	A	CCNH	Intron	19	4	23	0.17391304347826086	2	1	1	0.5351	1	0.5351	0.5351	False	0.65	1.91
5	88119700	C	G	MEF2C	5'UTR	60	9	69	0.13043478260869565	2	1	1	0.4013	1	0.4013	0.4013	False	0.65	1.91
5	90079868	G	A	GPR98	Silent	14	6	20	0.3	2	1	1	0.9231	1	0.9231	0.9231	True	0.65	1.91
5	95018285	C	T	SPATA9	Missense_Mutation	29	11	40	0.275	2	1	1	0.8462	1	0.8462	0.8462	False	0.65	1.91
5	95748039	C	G	PCSK1	Missense_Mutation	88	8	96	0.08333333333333333	2	1	1	0.2564	1	0.2564	0.2564	False	0.65	1.91
5	98194686	G	A	CHD1	Missense_Mutation	20	13	33	0.3939393939393939	2	1	1	1.2121	1	1.2121	1.0	True	0.65	1.91
5	102309930	G	C	PAM	Missense_Mutation	45	18	63	0.2857142857142857	2	1	1	0.8791	1	0.8791	0.8791	True	0.65	1.91
5	102484979	G	A	PPIP5K2	Missense_Mutation	38	22	60	0.36666666666666664	2	1	1	1.1282	1	1.1282	1.0	True	0.65	1.91
5	112257029	G	C	REEP5	Intron	10	5	15	0.3333333333333333	2	1	1	1.0256	1	1.0256	1.0	True	0.65	1.91
5	115146976	C	T	CDO1	Silent	79	25	104	0.2403846153846154	2	1	1	0.7396	1	0.7396	0.7396	False	0.65	1.91
5	123984197	G	A	ZNF608	Missense_Mutation	41	5	46	0.10869565217391304	2	1	1	0.3344	1	0.3344	0.3344	False	0.65	1.91
5	132219164	C	A	AFF4	Missense_Mutation	52	26	78	0.3333333333333333	2	1	1	1.0256	1	1.0256	1.0	True	0.65	1.91
5	135416212	C	G	VTRNA2-1	RNA	56	13	69	0.18840579710144928	2	1	1	0.5797	1	0.5797	0.5797	False	0.65	1.91
5	135416248	C	T	VTRNA2-1	RNA	60	4	64	0.0625	2	1	1	0.1923	1	0.1923	0.1923	False	0.65	1.91
5	139060142	G	A	CXXC5	Missense_Mutation	6	8	14	0.5714285714285714	2	1	1	1.7582	1	1.7582	1.0	True	0.65	1.91
5	140202803	G	T	PCDHA5	Silent	130	47	177	0.2655367231638418	2	1	1	0.817	1	0.817	0.817	False	0.65	1.91
5	140208633	C	G	PCDHA6	Silent	63	19	82	0.23170731707317074	2	1	1	0.7129	1	0.7129	0.7129	False	0.65	1.91
5	140573304	A	G	PCDHB10	Silent	42	20	62	0.3225806451612903	2	1	1	0.9926	1	0.9926	0.9926	True	0.65	1.91
5	140581762	G	C	PCDHB11	3'UTR	8	5	13	0.38461538461538464	2	1	1	1.1834	1	1.1834	1.0	True	0.65	1.91
5	140711826	C	T	PCDHGA1	Silent	224	92	316	0.2911392405063291	2	1	1	0.8958	1	0.8958	0.8958	True	0.65	1.91
5	140755278	G	C	PCDHGA6	Missense_Mutation	208	61	269	0.22676579925650558	2	1	1	0.6977	1	0.6977	0.6977	False	0.65	1.91
5	140773906	C	G	PCDHGA8	Missense_Mutation	61	10	71	0.14084507042253522	2	1	1	0.4334	1	0.4334	0.4334	False	0.65	1.91
5	140788813	C	G	PCDHGB6	Missense_Mutation	46	6	52	0.11538461538461539	2	1	1	0.355	1	0.355	0.355	False	0.65	1.91
5	141335531	C	G	PCDH12	Missense_Mutation	52	19	71	0.2676056338028169	2	1	1	0.8234	1	0.8234	0.8234	False	0.65	1.91
5	145442185	G	A	SH3RF2	Missense_Mutation	79	5	84	0.05952380952380952	2	1	1	0.1832	1	0.1832	0.1832	False	0.65	1.91
5	145838702	C	G	TCERG1	Missense_Mutation	51	4	55	0.07272727272727272	2	1	1	0.2238	1	0.2238	0.2238	False	0.65	1.91
5	149324066	C	G	PDE6A	Missense_Mutation	47	21	68	0.3088235294117647	2	1	1	0.9502	1	0.9502	0.9502	True	0.65	1.91
5	151784537	G	A	NMUR2	Silent	62	4	66	0.06060606060606061	2	1	1	0.1865	1	0.1865	0.1865	False	0.65	1.91
5	153433363	G	C	MFAP3	3'UTR	9	10	19	0.5263157894736842	2	1	1	1.6194	1	1.6194	1.0	True	0.65	1.91
5	153677516	G	A	GALNT10	Missense_Mutation	83	31	114	0.2719298245614035	2	1	1	0.8367	1	0.8367	0.8367	False	0.65	1.91
5	153796413	G	C	GALNT10	Missense_Mutation	73	7	80	0.0875	2	1	1	0.2692	1	0.2692	0.2692	False	0.65	1.91
5	154271059	G	C	GEMIN5	Missense_Mutation	139	11	150	0.07333333333333333	2	1	1	0.2256	1	0.2256	0.2256	False	0.65	1.91
5	154394281	T	A	KIF4B	Missense_Mutation	100	39	139	0.2805755395683453	2	1	1	0.8633	1	0.8633	0.8633	True	0.65	1.91
5	156915320	G	A	ADAM19	Missense_Mutation	111	61	172	0.3546511627906977	2	1	1	1.0912	1	1.0912	1.0	True	0.65	1.91
5	158139975	G	T	EBF1	Intron	67	9	76	0.11842105263157894	2	1	1	0.3644	1	0.3644	0.3644	False	0.65	1.91
5	158696019	C	G	UBLCP1	Silent	33	14	47	0.2978723404255319	2	1	1	0.9165	1	0.9165	0.9165	True	0.65	1.91
5	160973420	C	G	GABRB2	Splice_Site	23	6	29	0.20689655172413793	2	1	1	0.6366	1	0.6366	0.6366	False	0.65	1.91
5	167553902	T	A	TENM2	Missense_Mutation	16	7	23	0.30434782608695654	2	1	1	0.9365	1	0.9365	0.9365	True	0.65	1.91
5	169138991	G	A	DOCK2	Missense_Mutation	49	17	66	0.25757575757575757	2	1	1	0.7925	1	0.7925	0.7925	False	0.65	1.91
5	169509832	G	T	DOCK2	Missense_Mutation	50	17	67	0.2537313432835821	2	1	1	0.7807	1	0.7807	0.7807	False	0.65	1.91
5	176831505	G	A	F12	Silent	14	6	20	0.3	2	1	1	0.9231	1	0.9231	0.9231	True	0.65	1.91
5	176884704	C	T	DBN1	Missense_Mutation	33	21	54	0.3888888888888889	2	1	1	1.1966	1	1.1966	1.0	True	0.65	1.91
6	6224998	G	T	F13A1	Missense_Mutation	43	37	80	0.4625	1	1	0	0.9606	1	0.9606	0.9606	True	0.65	1.91
6	7542218	C	T	DSP	Missense_Mutation	7	7	14	0.5	1	1	0	1.0385	1	1.0385	1.0	True	0.65	1.91
6	16306884	C	T	ATXN1	Silent	41	11	52	0.21153846153846154	1	1	0	0.4393	1	0.4393	0.4393	False	0.65	1.91
6	17616866	G	C	NUP153	Nonsense_Mutation	104	17	121	0.14049586776859505	6	5	1	0.9943	1	0.9943	0.9943	True	0.65	1.91
6	18163152	G	C	KDM1B	Missense_Mutation	57	11	68	0.16176470588235295	7	5	1	1.3066	1	1.3066	1.0	True	0.65	1.91
6	20212434	G	C	MBOAT1	Missense_Mutation	106	13	119	0.1092436974789916	7	7	1	0.8824	1	0.8824	0.8824	True	0.65	1.91
6	30136190	G	T	TRIM15	Missense_Mutation	7	6	13	0.46153846153846156	1	1	0	0.9586	1	0.9586	0.9586	True	0.65	1.91
6	31323240	T	C	HLA-B	Missense_Mutation	69	25	94	0.26595744680851063	1	1	0	0.5524	1	0.5524	0.5524	False	0.65	1.91
6	35393701	G	C	PPARD	Missense_Mutation	30	17	47	0.3617021276595745	1	1	0	0.7512	1	0.7512	0.7512	False	0.65	1.91
6	35393733	G	C	PPARD	Missense_Mutation	31	21	52	0.40384615384615385	1	1	0	0.8388	1	0.8388	0.8388	False	0.65	1.91
6	39267310	G	C	KCNK17	Missense_Mutation	36	22	58	0.3793103448275862	1	1	0	0.7878	1	0.7878	0.7878	False	0.65	1.91
6	41119073	G	C	TREML1	Missense_Mutation	21	23	44	0.5227272727272727	1	1	0	1.0857	1	1.0857	1.0	True	0.65	1.91
6	42997081	C	G	RRP36	3'UTR	11	4	15	0.26666666666666666	1	1	0	0.5538	1	0.5538	0.5538	False	0.65	1.91
6	64029827	G	C	LGSN	Missense_Mutation	21	5	26	0.19230769230769232	2	1	1	0.5917	1	0.5917	0.5917	False	0.65	1.91
6	66044963	G	T	EYS	Missense_Mutation	33	13	46	0.2826086956521739	2	1	1	0.8696	1	0.8696	0.8696	True	0.65	1.91
6	71269542	G	A	FAM135A	Missense_Mutation	15	12	27	0.4444444444444444	2	1	1	1.3675	1	1.3675	1.0	True	0.65	1.91
6	84300996	C	A	SNAP91	Missense_Mutation	54	22	76	0.2894736842105263	2	1	1	0.8907	1	0.8907	0.8907	True	0.65	1.91
6	86347027	C	T	SYNCRIP	Silent	41	17	58	0.29310344827586204	2	1	1	0.9019	1	0.9019	0.9019	True	0.65	1.91
6	89790830	C	G	PNRC1	Missense_Mutation	23	11	34	0.3235294117647059	2	1	1	0.9955	1	0.9955	0.9955	True	0.65	1.91
6	96054068	A	T	MANEA	Silent	57	23	80	0.2875	2	1	1	0.8846	1	0.8846	0.8846	True	0.65	1.91
6	97423954	G	A	KLHL32	Silent	32	7	39	0.1794871794871795	2	1	1	0.5523	1	0.5523	0.5523	False	0.65	1.91
6	99883503	G	A	USP45	3'UTR	6	3	9	0.3333333333333333	2	1	1	1.0256	1	1.0256	1.0	True	0.65	1.91
6	112389518	G	A	WISP3	Missense_Mutation	28	13	41	0.3170731707317073	2	1	1	0.9756	1	0.9756	0.9756	True	0.65	1.91
6	117128141	C	G	GPRC6A	Missense_Mutation	42	16	58	0.27586206896551724	2	1	1	0.8488	1	0.8488	0.8488	False	0.65	1.91
6	121576543	G	A	TBC1D32	Missense_Mutation	27	6	33	0.18181818181818182	2	1	1	0.5594	1	0.5594	0.5594	False	0.65	1.91
6	121638742	C	T	TBC1D32	Missense_Mutation	30	8	38	0.21052631578947367	2	1	1	0.6478	1	0.6478	0.6478	False	0.65	1.91
6	121768718	G	A	GJA1	Missense_Mutation	49	23	72	0.3194444444444444	2	1	1	0.9829	1	0.9829	0.9829	True	0.65	1.91
6	123319019	G	A	CLVS2	Missense_Mutation	46	28	74	0.3783783783783784	2	1	1	1.1642	1	1.1642	1.0	True	0.65	1.91
6	124979534	T	A	NKAIN2	Splice_Site	47	19	66	0.2878787878787879	2	1	1	0.8858	1	0.8858	0.8858	True	0.65	1.91
6	127607996	G	A	RNF146	Missense_Mutation	54	17	71	0.23943661971830985	2	1	1	0.7367	1	0.7367	0.7367	False	0.65	1.91
6	132032076	C	G	CTAGE9	Missense_Mutation	41	18	59	0.3050847457627119	2	1	1	0.9387	1	0.9387	0.9387	True	0.65	1.91
6	132859434	G	T	TAAR9	Silent	10	5	15	0.3333333333333333	2	1	1	1.0256	1	1.0256	1.0	True	0.65	1.91
6	132874619	T	A	TAAR8	Missense_Mutation	61	26	87	0.2988505747126437	2	1	1	0.9195	1	0.9195	0.9195	True	0.65	1.91
6	135254096	C	G	ALDH8A1	Missense_Mutation	36	13	49	0.2653061224489796	2	1	1	0.8163	1	0.8163	0.8163	False	0.65	1.91
6	135521305	C	G	MYB	Missense_Mutation	68	30	98	0.30612244897959184	2	1	1	0.9419	1	0.9419	0.9419	True	0.65	1.91
6	136597595	C	G	BCLAF1	Missense_Mutation	146	20	166	0.12048192771084337	2	1	1	0.3707	1	0.3707	0.3707	False	0.65	1.91
6	137323011	G	A	IL20RA	Missense_Mutation	78	36	114	0.3157894736842105	2	1	1	0.9717	1	0.9717	0.9717	True	0.65	1.91
6	144416216	C	G	SF3B5	3'UTR	27	9	36	0.25	2	1	1	0.7692	1	0.7692	0.7692	False	0.65	1.91
6	149856763	C	T	PPIL4	Missense_Mutation	15	8	23	0.34782608695652173	2	1	1	1.0702	1	1.0702	1.0	True	0.65	1.91
6	150004617	G	A	LATS1	Silent	63	22	85	0.25882352941176473	2	1	1	0.7964	1	0.7964	0.7964	False	0.65	1.91
6	150322167	G	A	RAET1K	RNA	29	14	43	0.32558139534883723	2	1	1	1.0018	1	1.0018	1.0	True	0.65	1.91
6	151936646	G	A	CCDC170	Missense_Mutation	80	37	117	0.3162393162393162	2	1	1	0.973	1	0.973	0.973	True	0.65	1.91
6	151939319	G	A	CCDC170	3'UTR	27	10	37	0.2702702702702703	2	1	1	0.8316	1	0.8316	0.8316	False	0.65	1.91
6	152734532	C	A	SYNE1	Missense_Mutation	87	20	107	0.18691588785046728	2	1	1	0.5751	1	0.5751	0.5751	False	0.65	1.91
6	153292217	C	A	FBXO5	3'UTR	6	3	9	0.3333333333333333	2	1	1	1.0256	1	1.0256	1.0	True	0.65	1.91
6	153292273	C	A	FBXO5	3'UTR	16	3	19	0.15789473684210525	2	1	1	0.4858	1	0.4858	0.4858	False	0.65	1.91
6	157522623	G	T	ARID1B	Splice_Site	68	34	102	0.3333333333333333	2	1	1	1.0256	1	1.0256	1.0	True	0.65	1.91
6	160769574	C	T	SLC22A3	Silent	15	12	27	0.4444444444444444	2	1	1	1.3675	1	1.3675	1.0	True	0.65	1.91
6	165711558	C	T	C6orf118	Silent	34	12	46	0.2608695652173913	2	1	1	0.8027	1	0.8027	0.8027	False	0.65	1.91
6	168316030	C	T	MLLT4	Nonsense_Mutation	25	11	36	0.3055555555555556	2	1	1	0.9402	1	0.9402	0.9402	True	0.65	1.91
7	2749438	C	T	AMZ1	Silent	36	7	43	0.16279069767441862	2	1	1	0.5009	1	0.5009	0.5009	False	0.65	1.91
7	21750217	G	C	DNAH11	Missense_Mutation	18	6	24	0.25	2	1	1	0.7692	1	0.7692	0.7692	False	0.65	1.91
7	28220234	G	C	JAZF1	5'UTR	19	6	25	0.24	2	1	1	0.7385	1	0.7385	0.7385	False	0.65	1.91
7	37960383	C	T	EPDR1	5'UTR	44	11	55	0.2	2	1	1	0.6154	1	0.6154	0.6154	False	0.65	1.91
7	43540341	G	C	HECW1	Missense_Mutation	79	25	104	0.2403846153846154	2	1	1	0.7396	1	0.7396	0.7396	False	0.65	1.91
7	48411977	C	T	ABCA13	Silent	80	41	121	0.33884297520661155	2	1	1	1.0426	1	1.0426	1.0	True	0.65	1.91
7	50358695	C	G	IKZF1	Nonsense_Mutation	109	43	152	0.28289473684210525	2	1	1	0.8704	1	0.8704	0.8704	True	0.65	1.91
7	55540645	G	A	VOPP1	Missense_Mutation	37	9	46	0.1956521739130435	2	1	1	0.602	1	0.602	0.602	False	0.65	1.91
7	64167579	C	T	ZNF107	Silent	28	7	35	0.2	2	1	1	0.6154	1	0.6154	0.6154	False	0.65	1.91
7	72400516	C	G	POM121	Nonsense_Mutation	96	33	129	0.2558139534883721	2	1	1	0.7871	1	0.7871	0.7871	False	0.65	1.91
7	72436376	C	T	TRIM74	Missense_Mutation	36	13	49	0.2653061224489796	2	1	1	0.8163	1	0.8163	0.8163	False	0.65	1.91
7	73020302	G	C	MLXIPL	Nonsense_Mutation	6	6	12	0.5	2	1	1	1.5385	1	1.5385	1.0	True	0.65	1.91
7	73152137	G	C	ABHD11	Intron	11	8	19	0.42105263157894735	2	1	1	1.2955	1	1.2955	1.0	True	0.65	1.91
7	74565075	G	T	GTF2IRD2B	Missense_Mutation	39	18	57	0.3157894736842105	2	1	1	0.9717	1	0.9717	0.9717	True	0.65	1.91
7	74565076	G	T	GTF2IRD2B	Missense_Mutation	39	18	57	0.3157894736842105	2	1	1	0.9717	1	0.9717	0.9717	True	0.65	1.91
7	75028412	C	T	TRIM73	Silent	17	20	37	0.5405405405405406	2	1	1	1.6632	1	1.6632	1.0	True	0.65	1.91
7	80285998	G	A	CD36	Missense_Mutation	67	19	86	0.22093023255813954	2	1	1	0.6798	1	0.6798	0.6798	False	0.65	1.91
7	81643784	G	A	CACNA2D1	Silent	16	14	30	0.4666666666666667	2	1	1	1.4359	1	1.4359	1.0	True	0.65	1.91
7	83590959	C	T	SEMA3A	Missense_Mutation	76	17	93	0.1827956989247312	2	1	1	0.5624	1	0.5624	0.5624	False	0.65	1.91
7	87564416	G	C	ADAM22	Missense_Mutation	41	18	59	0.3050847457627119	2	1	1	0.9387	1	0.9387	0.9387	True	0.65	1.91
7	91875773	G	A	ANKIB1	5'UTR	22	5	27	0.18518518518518517	2	1	1	0.5698	1	0.5698	0.5698	False	0.65	1.91
7	91875774	G	A	ANKIB1	5'UTR	22	5	27	0.18518518518518517	2	1	1	0.5698	1	0.5698	0.5698	False	0.65	1.91
7	92119141	G	C	PEX1	Missense_Mutation	45	4	49	0.08163265306122448	2	1	1	0.2512	1	0.2512	0.2512	False	0.65	1.91
7	94293359	G	T	PEG10	Missense_Mutation	153	52	205	0.25365853658536586	2	1	1	0.7805	1	0.7805	0.7805	False	0.65	1.91
7	99965106	G	A	PILRB	3'UTR	11	10	21	0.47619047619047616	2	1	1	1.4652	1	1.4652	1.0	True	0.65	1.91
7	100549721	C	T	MUC3A	Missense_Mutation	124	15	139	0.1079136690647482	2	1	1	0.332	1	0.332	0.332	False	0.65	1.91
7	102856935	G	C	DPY19L2P2	RNA	27	17	44	0.38636363636363635	2	1	1	1.1888	1	1.1888	1.0	True	0.65	1.91
7	102982341	C	T	DNAJC2	Missense_Mutation	34	20	54	0.37037037037037035	2	1	1	1.1396	1	1.1396	1.0	True	0.65	1.91
7	103270434	G	A	RELN	Silent	68	29	97	0.29896907216494845	2	1	1	0.9199	1	0.9199	0.9199	True	0.65	1.91
7	103270450	G	C	RELN	Missense_Mutation	67	26	93	0.27956989247311825	2	1	1	0.8602	1	0.8602	0.8602	True	0.65	1.91
7	103767296	C	T	ORC5	Silent	24	7	31	0.22580645161290322	2	1	1	0.6948	1	0.6948	0.6948	False	0.65	1.91
7	107423793	G	T	SLC26A3	Missense_Mutation	28	17	45	0.37777777777777777	2	1	1	1.1624	1	1.1624	1.0	True	0.65	1.91
7	108154912	C	T	PNPLA8	Missense_Mutation	68	23	91	0.25274725274725274	2	1	1	0.7777	1	0.7777	0.7777	False	0.65	1.91
7	112424624	G	A	TMEM168	Missense_Mutation	36	13	49	0.2653061224489796	2	1	1	0.8163	1	0.8163	0.8163	False	0.65	1.91
7	116862962	G	C	ST7	Missense_Mutation	60	21	81	0.25925925925925924	2	1	1	0.7977	1	0.7977	0.7977	False	0.65	1.91
7	117359575	C	T	CTTNBP2	Missense_Mutation	49	15	64	0.234375	2	1	1	0.7212	1	0.7212	0.7212	False	0.65	1.91
7	119915653	G	A	KCND2	Missense_Mutation	40	28	68	0.4117647058823529	2	1	1	1.267	1	1.267	1.0	True	0.65	1.91
7	123101503	C	G	IQUB	Missense_Mutation	45	4	49	0.08163265306122448	2	1	1	0.2512	1	0.2512	0.2512	False	0.65	1.91
7	128490494	C	T	FLNC	Silent	94	55	149	0.3691275167785235	2	1	1	1.1358	1	1.1358	1.0	True	0.65	1.91
7	128492703	G	A	FLNC	Silent	57	8	65	0.12307692307692308	2	1	1	0.3787	1	0.3787	0.3787	False	0.65	1.91
7	129474806	C	T	UBE2H	Missense_Mutation	39	24	63	0.38095238095238093	2	1	1	1.1722	1	1.1722	1.0	True	0.65	1.91
7	129945717	G	A	CPA4	Missense_Mutation	107	13	120	0.10833333333333334	2	1	1	0.3333	1	0.3333	0.3333	False	0.65	1.91
7	138969131	G	A	UBN2	Silent	41	15	56	0.26785714285714285	2	1	1	0.8242	1	0.8242	0.8242	False	0.65	1.91
7	139575412	G	A	TBXAS1	Missense_Mutation	24	13	37	0.35135135135135137	2	1	1	1.0811	1	1.0811	1.0	True	0.65	1.91
7	139826556	C	G	KDM7A	Missense_Mutation	61	18	79	0.22784810126582278	2	1	1	0.7011	1	0.7011	0.7011	False	0.65	1.91
7	142637732	C	T	C7orf34	3'UTR	19	4	23	0.17391304347826086	2	1	1	0.5351	1	0.5351	0.5351	False	0.65	1.91
7	142658027	G	A	KEL	Missense_Mutation	101	33	134	0.2462686567164179	2	1	1	0.7577	1	0.7577	0.7577	False	0.65	1.91
7	142749675	C	T	OR6V1	Missense_Mutation	142	17	159	0.1069182389937107	2	1	1	0.329	1	0.329	0.329	False	0.65	1.91
7	143826568	C	T	OR2A14	Silent	96	49	145	0.33793103448275863	2	1	1	1.0398	1	1.0398	1.0	True	0.65	1.91
7	144097332	G	A	NOBOX	Silent	51	23	74	0.3108108108108108	2	1	1	0.9563	1	0.9563	0.9563	True	0.65	1.91
7	146471409	C	T	CNTNAP2	Silent	22	7	29	0.2413793103448276	2	1	1	0.7427	1	0.7427	0.7427	False	0.65	1.91
7	147092837	G	A	CNTNAP2	Silent	54	36	90	0.4	2	1	1	1.2308	1	1.2308	1.0	True	0.65	1.91
7	150935575	C	T	CHPF2	Silent	13	10	23	0.43478260869565216	2	1	1	1.3378	1	1.3378	1.0	True	0.65	1.91
7	156799327	G	T	MNX1	Missense_Mutation	6	3	9	0.3333333333333333	2	1	1	1.0256	1	1.0256	1.0	True	0.65	1.91
8	16976263	G	T	MICU3	Missense_Mutation	33	6	39	0.15384615384615385	2	1	1	0.4734	1	0.4734	0.4734	False	0.65	1.91
8	21955747	G	A	FAM160B2	Missense_Mutation	13	4	17	0.23529411764705882	2	1	1	0.724	1	0.724	0.724	False	0.65	1.91
8	22473311	A	T	CCAR2	Silent	82	35	117	0.29914529914529914	2	1	1	0.9204	1	0.9204	0.9204	True	0.65	1.91
8	26365639	C	A	PNMA2	Silent	87	23	110	0.20909090909090908	2	1	1	0.6434	1	0.6434	0.6434	False	0.65	1.91
8	27168491	C	T	TRIM35	Missense_Mutation	30	10	40	0.25	2	1	1	0.7692	1	0.7692	0.7692	False	0.65	1.91
8	30705645	C	G	TEX15	Missense_Mutation	18	4	22	0.18181818181818182	2	1	1	0.5594	1	0.5594	0.5594	False	0.65	1.91
8	38187013	C	G	WHSC1L1	Silent	43	16	59	0.2711864406779661	2	1	1	0.8344	1	0.8344	0.8344	False	0.65	1.91
8	42693329	C	G	THAP1	Missense_Mutation	81	31	112	0.2767857142857143	2	1	1	0.8516	1	0.8516	0.8516	True	0.65	1.91
8	54141836	C	A	OPRK1	3'UTR	9	14	23	0.6086956521739131	1	1	0	1.2642	1	1.2642	1.0	True	0.65	1.91
8	57354199	C	T	PENK	Missense_Mutation	30	25	55	0.45454545454545453	1	1	0	0.9441	1	0.9441	0.9441	True	0.65	1.91
8	69058575	C	G	PREX2	Missense_Mutation	9	12	21	0.5714285714285714	1	1	0	1.1868	1	1.1868	1.0	True	0.65	1.91
8	77620052	C	A	ZFHX4	Silent	14	13	27	0.48148148148148145	1	1	0	1.0	1	1.0	1.0	True	0.65	1.91
8	85097202	C	G	RALYL	5'UTR	35	9	44	0.20454545454545456	1	1	0	0.4248	1	0.4248	0.4248	False	0.65	1.91
8	109498750	C	G	EMC2	Missense_Mutation	18	4	22	0.18181818181818182	2	2	0	0.5594	1	0.5594	0.5594	False	0.65	1.91
8	114111049	C	T	CSMD3	Missense_Mutation	18	7	25	0.28	2	2	0	0.8615	1	0.8615	0.8615	True	0.65	1.91
8	120651052	T	C	ENPP2	5'UTR	23	44	67	0.6567164179104478	2	2	0	2.0207	2	1.0103	1.0	True	0.65	1.91
8	124369936	G	A	ATAD2	Silent	29	16	45	0.35555555555555557	2	2	0	1.094	1	1.094	1.0	True	0.65	1.91
8	131149227	C	T	ASAP1	Missense_Mutation	53	14	67	0.208955223880597	2	2	0	0.6429	1	0.6429	0.6429	False	0.65	1.91
8	133044216	G	A	OC90	Silent	51	26	77	0.33766233766233766	2	2	0	1.039	1	1.039	1.0	True	0.65	1.91
8	139626107	C	T	COL22A1	Intron	80	34	114	0.2982456140350877	1	1	0	0.6194	1	0.6194	0.6194	False	0.65	1.91
8	145668163	C	T	TONSL	Missense_Mutation	33	30	63	0.47619047619047616	1	1	0	0.989	1	0.989	0.989	True	0.65	1.91
8	146033195	C	G	ZNF517	Missense_Mutation	17	8	25	0.32	1	1	0	0.6646	1	0.6646	0.6646	False	0.65	1.91
8	146068415	G	C	ZNF7	Missense_Mutation	31	12	43	0.27906976744186046	1	1	0	0.5796	1	0.5796	0.5796	False	0.65	1.91
9	2648309	G	C	VLDLR	Missense_Mutation	36	33	69	0.4782608695652174	1	1	0	0.9933	1	0.9933	0.9933	True	0.65	1.91
9	4585573	G	A	SLC1A1	3'UTR	29	15	44	0.3409090909090909	1	1	0	0.708	1	0.708	0.708	False	0.65	1.91
9	6330228	C	G	TPD52L3	3'UTR	13	13	26	0.5	1	1	0	1.0385	1	1.0385	1.0	True	0.65	1.91
9	27044781	G	C	IFT74	Missense_Mutation	13	13	26	0.5	1	1	0	1.0385	1	1.0385	1.0	True	0.65	1.91
9	32541750	C	G	TOPORS	Missense_Mutation	165	11	176	0.0625	3	2	1	0.2548	1	0.2548	0.2548	False	0.65	1.91
9	32634719	C	T	TAF1L	Missense_Mutation	97	34	131	0.2595419847328244	2	1	1	0.7986	1	0.7986	0.7986	False	0.65	1.91
9	34372984	C	A	KIAA1161	5'UTR	98	33	131	0.25190839694656486	4	3	1	1.2789	1	1.2789	1.0	True	0.65	1.91
9	35377575	G	A	UNC13B	Missense_Mutation	87	17	104	0.16346153846153846	4	3	1	0.8299	1	0.8299	0.8299	False	0.65	1.91
9	35546546	G	C	RUSC2	Missense_Mutation	169	28	197	0.14213197969543148	4	3	1	0.7216	1	0.7216	0.7216	False	0.65	1.91
9	35547637	C	T	RUSC2	Silent	166	32	198	0.16161616161616163	4	3	1	0.8205	1	0.8205	0.8205	False	0.65	1.91
9	35706849	C	T	TLN1	Silent	143	18	161	0.11180124223602485	4	3	1	0.5676	1	0.5676	0.5676	False	0.65	1.91
9	36171042	G	T	CCIN	Missense_Mutation	78	20	98	0.20408163265306123	2	1	1	0.6279	1	0.6279	0.6279	False	0.65	1.91
9	70490017	C	T	CBWD5	Missense_Mutation	217	31	248	0.125	2	1	1	0.3846	1	0.3846	0.3846	False	0.65	1.91
9	82268983	C	G	TLE4	Missense_Mutation	48	15	63	0.23809523809523808	2	1	1	0.7326	1	0.7326	0.7326	False	0.65	1.91
9	84530871	C	T	SPATA31D5P	RNA	17	9	26	0.34615384615384615	2	1	1	1.0651	1	1.0651	1.0	True	0.65	1.91
9	84562563	G	C	RP11-383M4.6	Intron	10	8	18	0.4444444444444444	2	1	1	1.3675	1	1.3675	1.0	True	0.65	1.91
9	88162025	C	T	AGTPBP1	Silent	43	12	55	0.21818181818181817	2	1	1	0.6713	1	0.6713	0.6713	False	0.65	1.91
9	95888699	G	C	NINJ1	Missense_Mutation	30	23	53	0.4339622641509434	2	1	1	1.3353	1	1.3353	1.0	True	0.65	1.91
9	101817629	G	A	COL15A1	Missense_Mutation	59	25	84	0.2976190476190476	2	1	1	0.9158	1	0.9158	0.9158	True	0.65	1.91
9	106857746	C	T	SMC2	Silent	29	9	38	0.23684210526315788	2	1	1	0.7287	1	0.7287	0.7287	False	0.65	1.91
9	107361608	C	A	OR13C5	Silent	71	12	83	0.14457831325301204	2	1	1	0.4449	1	0.4449	0.4449	False	0.65	1.91
9	114178597	C	T	KIAA0368	Missense_Mutation	27	10	37	0.2702702702702703	2	1	1	0.8316	1	0.8316	0.8316	False	0.65	1.91
9	124441057	C	T	DAB2IP	Silent	10	4	14	0.2857142857142857	2	1	1	0.8791	1	0.8791	0.8791	True	0.65	1.91
9	132484595	C	T	PRRX2	Silent	51	10	61	0.16393442622950818	2	1	1	0.5044	1	0.5044	0.5044	False	0.65	1.91
9	132662335	C	G	FNBP1	Missense_Mutation	64	19	83	0.2289156626506024	2	1	1	0.7044	1	0.7044	0.7044	False	0.65	1.91
9	133756018	G	C	ABL1	Missense_Mutation	33	25	58	0.43103448275862066	2	1	1	1.3263	1	1.3263	1.0	True	0.65	1.91
9	135203329	G	A	SETX	Missense_Mutation	74	18	92	0.1956521739130435	2	1	1	0.602	1	0.602	0.602	False	0.65	1.91
9	136260872	C	T	C9orf96	Missense_Mutation	51	15	66	0.22727272727272727	2	1	1	0.6993	1	0.6993	0.6993	False	0.65	1.91
9	136599073	C	A	SARDH	Missense_Mutation	24	11	35	0.3142857142857143	2	1	1	0.967	1	0.967	0.967	True	0.65	1.91
9	138378679	A	T	PPP1R26	Missense_Mutation	19	6	25	0.24	2	1	1	0.7385	1	0.7385	0.7385	False	0.65	1.91
9	139733489	C	T	RABL6	Missense_Mutation	31	14	45	0.3111111111111111	2	1	1	0.9573	1	0.9573	0.9573	True	0.65	1.91
9	139748298	C	T	MAMDC4	Missense_Mutation	38	4	42	0.09523809523809523	2	1	1	0.293	1	0.293	0.293	False	0.65	1.91
9	139929475	C	T	C9orf139	Missense_Mutation	78	47	125	0.376	2	1	1	1.1569	1	1.1569	1.0	True	0.65	1.91
9	140128709	G	A	SLC34A3	Silent	17	8	25	0.32	2	1	1	0.9846	1	0.9846	0.9846	True	0.65	1.91
9	140329722	G	T	ENTPD8	Silent	49	15	64	0.234375	2	1	1	0.7212	1	0.7212	0.7212	False	0.65	1.91
10	859039	C	G	LARP4B	Missense_Mutation	57	25	82	0.3048780487804878	2	1	1	0.9381	1	0.9381	0.9381	True	0.65	1.91
10	7745375	G	A	ITIH2	5'UTR	45	4	49	0.08163265306122448	2	1	1	0.2512	1	0.2512	0.2512	False	0.65	1.91
10	11371072	G	A	CELF2	Intron	44	4	48	0.08333333333333333	2	1	1	0.2564	1	0.2564	0.2564	False	0.65	1.91
10	13852818	C	T	FRMD4A	Missense_Mutation	9	8	17	0.47058823529411764	2	1	1	1.448	1	1.448	1.0	True	0.65	1.91
10	14890858	G	A	HSPA14	Missense_Mutation	34	3	37	0.08108108108108109	2	1	1	0.2495	1	0.2495	0.2495	False	0.65	1.91
10	15161444	G	A	NMT2	Silent	57	21	78	0.2692307692307692	2	1	1	0.8284	1	0.8284	0.8284	False	0.65	1.91
10	16918918	G	C	CUBN	Missense_Mutation	57	17	74	0.22972972972972974	2	1	1	0.7069	1	0.7069	0.7069	False	0.65	1.91
10	16957870	G	C	CUBN	Missense_Mutation	38	13	51	0.2549019607843137	2	1	1	0.7843	1	0.7843	0.7843	False	0.65	1.91
10	16957894	A	C	CUBN	Missense_Mutation	45	20	65	0.3076923076923077	2	1	1	0.9467	1	0.9467	0.9467	True	0.65	1.91
10	28151539	T	C	ARMC4	Missense_Mutation	18	10	28	0.35714285714285715	2	1	1	1.0989	1	1.0989	1.0	True	0.65	1.91
10	30318281	C	T	KIAA1462	Missense_Mutation	63	30	93	0.3225806451612903	2	1	1	0.9926	1	0.9926	0.9926	True	0.65	1.91
10	30658087	C	A	AL161651.1	5'Flank	54	22	76	0.2894736842105263	2	1	1	0.8907	1	0.8907	0.8907	True	0.65	1.91
10	38344887	A	G	ZNF33A	Missense_Mutation	29	24	53	0.4528301886792453	2	1	1	1.3933	1	1.3933	1.0	True	0.65	1.91
10	43883317	C	T	HNRNPF	Missense_Mutation	40	17	57	0.2982456140350877	2	1	1	0.9177	1	0.9177	0.9177	True	0.65	1.91
10	49628245	G	C	MAPK8	Missense_Mutation	35	11	46	0.2391304347826087	2	1	1	0.7358	1	0.7358	0.7358	False	0.65	1.91
10	50678891	T	C	ERCC6	Missense_Mutation	50	14	64	0.21875	2	1	1	0.6731	1	0.6731	0.6731	False	0.65	1.91
10	50916774	C	G	C10orf53	3'UTR	4	6	10	0.6	2	1	1	1.8462	1	1.8462	1.0	True	0.65	1.91
10	61832958	C	T	ANK3	Missense_Mutation	70	21	91	0.23076923076923078	2	1	1	0.7101	1	0.7101	0.7101	False	0.65	1.91
10	67748499	G	A	CTNNA3	Missense_Mutation	44	29	73	0.3972602739726027	2	1	1	1.2223	1	1.2223	1.0	True	0.65	1.91
10	70696752	G	A	DDX50	Silent	63	7	70	0.1	2	1	1	0.3077	1	0.3077	0.3077	False	0.65	1.91
10	76737079	G	A	KAT6B	Missense_Mutation	19	7	26	0.2692307692307692	2	1	1	0.8284	1	0.8284	0.8284	False	0.65	1.91
10	82363423	C	G	SH2D4B	Missense_Mutation	17	6	23	0.2608695652173913	2	1	1	0.8027	1	0.8027	0.8027	False	0.65	1.91
10	84118591	T	A	NRG3	Missense_Mutation	57	21	78	0.2692307692307692	2	1	1	0.8284	1	0.8284	0.8284	False	0.65	1.91
10	84744918	G	A	NRG3	Missense_Mutation	155	47	202	0.23267326732673269	2	1	1	0.7159	1	0.7159	0.7159	False	0.65	1.91
10	86198331	C	G	CCSER2	Missense_Mutation	58	7	65	0.1076923076923077	2	1	1	0.3314	1	0.3314	0.3314	False	0.65	1.91
10	87484200	C	T	GRID1	Silent	52	22	74	0.2972972972972973	2	1	1	0.9148	1	0.9148	0.9148	True	0.65	1.91
10	88768603	A	G	RP11-96C23.10	3'Flank	92	55	147	0.3741496598639456	2	1	1	1.1512	1	1.1512	1.0	True	0.65	1.91
10	88820525	C	T	GLUD1	Missense_Mutation	116	58	174	0.3333333333333333	2	1	1	1.0256	1	1.0256	1.0	True	0.65	1.91
10	91099869	C	G	IFIT3	Nonsense_Mutation	45	12	57	0.21052631578947367	2	1	1	0.6478	1	0.6478	0.6478	False	0.65	1.91
10	91498148	G	A	KIF20B	Missense_Mutation	56	11	67	0.16417910447761194	2	1	1	0.5052	1	0.5052	0.5052	False	0.65	1.91
10	93741483	G	C	BTAF1	Missense_Mutation	35	24	59	0.4067796610169492	2	1	1	1.2516	1	1.2516	1.0	True	0.65	1.91
10	97604375	C	A	ENTPD1	Missense_Mutation	96	33	129	0.2558139534883721	2	1	1	0.7871	1	0.7871	0.7871	False	0.65	1.91
10	98087340	G	A	DNTT	Missense_Mutation	131	57	188	0.30319148936170215	2	1	1	0.9329	1	0.9329	0.9329	True	0.65	1.91
10	101451250	C	G	ENTPD7	Nonsense_Mutation	39	12	51	0.23529411764705882	2	1	1	0.724	1	0.724	0.724	False	0.65	1.91
10	101985735	C	G	CHUK	Missense_Mutation	39	11	50	0.22	2	1	1	0.6769	1	0.6769	0.6769	False	0.65	1.91
10	124610109	C	T	CUZD1	5'UTR	17	8	25	0.32	2	1	1	0.9846	1	0.9846	0.9846	True	0.65	1.91
10	129902865	C	G	MKI67	Silent	121	6	127	0.047244094488188976	2	1	1	0.1454	1	0.1454	0.1454	False	0.65	1.91
11	639948	C	T	DRD4	Silent	9	8	17	0.47058823529411764	1	1	0	0.9774	1	0.9774	0.9774	True	0.65	1.91
11	792964	C	G	SLC25A22	Missense_Mutation	17	12	29	0.41379310344827586	1	1	0	0.8594	1	0.8594	0.8594	True	0.65	1.91
11	5345007	C	A	OR51B2	Missense_Mutation	48	13	61	0.21311475409836064	2	1	1	0.6557	1	0.6557	0.6557	False	0.65	1.91
11	5968677	C	A	OR56A3	Missense_Mutation	74	32	106	0.3018867924528302	2	1	1	0.9289	1	0.9289	0.9289	True	0.65	1.91
11	6461724	C	T	HPX	Missense_Mutation	60	21	81	0.25925925925925924	2	1	1	0.7977	1	0.7977	0.7977	False	0.65	1.91
11	10626074	A	T	MRVI1	Missense_Mutation	69	24	93	0.25806451612903225	2	1	1	0.794	1	0.794	0.794	False	0.65	1.91
11	11454228	C	G	GALNT18	Missense_Mutation	17	10	27	0.37037037037037035	2	1	1	1.1396	1	1.1396	1.0	True	0.65	1.91
11	22747949	G	A	GAS2	Missense_Mutation	52	14	66	0.21212121212121213	2	1	1	0.6527	1	0.6527	0.6527	False	0.65	1.91
11	32953392	C	T	QSER1	Silent	49	30	79	0.379746835443038	2	1	1	1.1685	1	1.1685	1.0	True	0.65	1.91
11	32954581	G	A	QSER1	Missense_Mutation	52	22	74	0.2972972972972973	2	1	1	0.9148	1	0.9148	0.9148	True	0.65	1.91
11	46772673	G	C	CKAP5	Missense_Mutation	47	16	63	0.25396825396825395	2	1	1	0.7814	1	0.7814	0.7814	False	0.65	1.91
11	51411523	C	T	OR4A5	Missense_Mutation	17	5	22	0.22727272727272727	2	1	1	0.6993	1	0.6993	0.6993	False	0.65	1.91
11	55541509	G	T	OR5D13	Missense_Mutation	54	21	75	0.28	2	1	1	0.8615	1	0.8615	0.8615	True	0.65	1.91
11	55655552	G	A	TRIM51	Silent	37	9	46	0.1956521739130435	2	1	1	0.602	1	0.602	0.602	False	0.65	1.91
11	56380441	C	T	OR5M1	Missense_Mutation	35	17	52	0.3269230769230769	2	1	1	1.0059	1	1.0059	1.0	True	0.65	1.91
11	57004110	G	A	APLNR	Silent	22	6	28	0.21428571428571427	2	1	1	0.6593	1	0.6593	0.6593	False	0.65	1.91
11	57970976	G	T	OR1S2	Silent	39	25	64	0.390625	2	1	1	1.2019	1	1.2019	1.0	True	0.65	1.91
11	58125596	C	T	OR5B17	3'Flank	39	18	57	0.3157894736842105	2	1	1	0.9717	1	0.9717	0.9717	True	0.65	1.91
11	58979280	G	A	MPEG1	Silent	82	9	91	0.0989010989010989	2	1	1	0.3043	1	0.3043	0.3043	False	0.65	1.91
11	59807988	A	T	OOSP2	Missense_Mutation	40	16	56	0.2857142857142857	2	1	1	0.8791	1	0.8791	0.8791	True	0.65	1.91
11	62297944	C	G	AHNAK	Missense_Mutation	167	34	201	0.1691542288557214	2	1	1	0.5205	1	0.5205	0.5205	False	0.65	1.91
11	62327798	G	C	EEF1G	Missense_Mutation	15	7	22	0.3181818181818182	2	1	1	0.979	1	0.979	0.979	True	0.65	1.91
11	62433266	C	G	METTL12	5'UTR	19	5	24	0.20833333333333334	2	1	1	0.641	1	0.641	0.641	False	0.65	1.91
11	65272816	C	T	MALAT1	RNA	21	10	31	0.3225806451612903	2	1	1	0.9926	1	0.9926	0.9926	True	0.65	1.91
11	65293412	C	T	SCYL1	Silent	100	42	142	0.29577464788732394	2	1	1	0.9101	1	0.9101	0.9101	True	0.65	1.91
11	65417329	C	G	SIPA1	Missense_Mutation	47	24	71	0.3380281690140845	2	1	1	1.0401	1	1.0401	1.0	True	0.65	1.91
11	65417904	C	G	SIPA1	Missense_Mutation	46	38	84	0.4523809523809524	2	1	1	1.3919	1	1.3919	1.0	True	0.65	1.91
11	66190012	G	T	NPAS4	Missense_Mutation	67	28	95	0.29473684210526313	2	1	1	0.9069	1	0.9069	0.9069	True	0.65	1.91
11	70130068	C	G	PPFIA1	Intron	12	5	17	0.29411764705882354	2	1	1	0.905	1	0.905	0.905	True	0.65	1.91
11	71212360	G	C	NADSYN1	Missense_Mutation	11	5	16	0.3125	2	1	1	0.9615	1	0.9615	0.9615	True	0.65	1.91
11	71238750	G	C	KRTAP5-7	Missense_Mutation	154	83	237	0.350210970464135	2	1	1	1.0776	1	1.0776	1.0	True	0.65	1.91
11	71276910	G	T	KRTAP5-10	Missense_Mutation	215	30	245	0.12244897959183673	2	1	1	0.3768	1	0.3768	0.3768	False	0.65	1.91
11	71715079	G	C	NUMA1	Missense_Mutation	139	72	211	0.3412322274881517	2	1	1	1.0499	1	1.0499	1.0	True	0.65	1.91
11	72040794	C	T	CLPB	Missense_Mutation	26	4	30	0.13333333333333333	2	1	1	0.4103	1	0.4103	0.4103	False	0.65	1.91
11	73785380	C	G	C2CD3	Silent	50	16	66	0.24242424242424243	2	1	1	0.7459	1	0.7459	0.7459	False	0.65	1.91
11	73785391	C	T	C2CD3	Missense_Mutation	49	19	68	0.27941176470588236	2	1	1	0.8597	1	0.8597	0.8597	True	0.65	1.91
11	74800633	G	A	OR2AT4	Silent	58	22	80	0.275	2	1	1	0.8462	1	0.8462	0.8462	False	0.65	1.91
11	78369020	C	G	TENM4	3'UTR	87	7	94	0.07446808510638298	2	1	1	0.2291	1	0.2291	0.2291	False	0.65	1.91
11	78369325	C	G	TENM4	Missense_Mutation	45	5	50	0.1	2	1	1	0.3077	1	0.3077	0.3077	False	0.65	1.91
11	82642804	G	C	C11orf82	Missense_Mutation	56	25	81	0.30864197530864196	2	1	1	0.9497	1	0.9497	0.9497	True	0.65	1.91
11	86662217	C	T	FZD4	Silent	56	12	68	0.17647058823529413	2	1	1	0.543	1	0.543	0.543	False	0.65	1.91
11	87032312	C	T	TMEM135	Silent	41	25	66	0.3787878787878788	2	1	1	1.1655	1	1.1655	1.0	True	0.65	1.91
11	101832661	G	C	KIAA1377	Missense_Mutation	29	10	39	0.2564102564102564	2	1	1	0.789	1	0.789	0.789	False	0.65	1.91
11	103074498	C	T	DYNC2H1	Silent	10	8	18	0.4444444444444444	2	1	1	1.3675	1	1.3675	1.0	True	0.65	1.91
11	105880650	C	A	MSANTD4	Missense_Mutation	48	10	58	0.1724137931034483	2	1	1	0.5305	1	0.5305	0.5305	False	0.65	1.91
11	117859119	G	A	IL10RA	Silent	109	28	137	0.20437956204379562	2	1	1	0.6289	1	0.6289	0.6289	False	0.65	1.91
11	119002326	G	A	HINFP	Missense_Mutation	87	31	118	0.2627118644067797	2	1	1	0.8083	1	0.8083	0.8083	False	0.65	1.91
11	119027673	G	A	ABCG4	Silent	110	28	138	0.2028985507246377	2	1	1	0.6243	1	0.6243	0.6243	False	0.65	1.91
11	120312907	C	G	ARHGEF12	Nonsense_Mutation	18	4	22	0.18181818181818182	2	1	1	0.5594	1	0.5594	0.5594	False	0.65	1.91
11	120322337	G	A	ARHGEF12	Missense_Mutation	38	4	42	0.09523809523809523	2	1	1	0.293	1	0.293	0.293	False	0.65	1.91
11	123894333	T	A	OR10G9	Missense_Mutation	110	44	154	0.2857142857142857	2	1	1	0.8791	1	0.8791	0.8791	True	0.65	1.91
11	124622058	G	C	VSIG2	5'UTR	6	4	10	0.4	2	1	1	1.2308	1	1.2308	1.0	True	0.65	1.91
11	125267793	G	C	PKNOX2	Silent	70	35	105	0.3333333333333333	2	1	1	1.0256	1	1.0256	1.0	True	0.65	1.91
11	126215626	G	A	DCPS	3'UTR	11	4	15	0.26666666666666666	2	1	1	0.8205	1	0.8205	0.8205	False	0.65	1.91
11	128851407	C	T	ARHGAP32	Missense_Mutation	47	12	59	0.2033898305084746	2	1	1	0.6258	1	0.6258	0.6258	False	0.65	1.91
12	6231927	T	A	VWF	Intron	50	7	57	0.12280701754385964	2	1	1	0.3779	1	0.3779	0.3779	False	0.65	1.91
12	6231930	C	G	VWF	Intron	50	6	56	0.10714285714285714	2	1	1	0.3297	1	0.3297	0.3297	False	0.65	1.91
12	6499400	C	T	LTBR	Silent	79	7	86	0.08139534883720931	2	1	1	0.2504	1	0.2504	0.2504	False	0.65	1.91
12	6602400	G	T	MRPL51	5'UTR	13	4	17	0.23529411764705882	2	1	1	0.724	1	0.724	0.724	False	0.65	1.91
12	6979546	G	A	TPI1	Silent	44	13	57	0.22807017543859648	2	1	1	0.7018	1	0.7018	0.7018	False	0.65	1.91
12	6979856	G	C	TPI1	3'UTR	16	8	24	0.3333333333333333	2	1	1	1.0256	1	1.0256	1.0	True	0.65	1.91
12	6979910	G	C	TPI1	3'UTR	9	3	12	0.25	2	1	1	0.7692	1	0.7692	0.7692	False	0.65	1.91
12	8671636	G	C	CLEC4D	Missense_Mutation	20	14	34	0.4117647058823529	2	1	1	1.267	1	1.267	1.0	True	0.65	1.91
12	11174664	C	T	TAS2R19	Silent	55	32	87	0.367816091954023	2	1	1	1.1317	1	1.1317	1.0	True	0.65	1.91
12	14804899	C	T	GUCY2C	Silent	39	17	56	0.30357142857142855	2	1	1	0.9341	1	0.9341	0.9341	True	0.65	1.91
12	20792805	T	G	PDE3A	Missense_Mutation	15	6	21	0.2857142857142857	2	1	1	0.8791	1	0.8791	0.8791	True	0.65	1.91
12	21918938	C	T	KCNJ8	Missense_Mutation	70	31	101	0.3069306930693069	2	1	1	0.9444	1	0.9444	0.9444	True	0.65	1.91
12	39096695	C	T	CPNE8	Missense_Mutation	73	5	78	0.0641025641025641	2	1	1	0.1972	1	0.1972	0.1972	False	0.65	1.91
12	39155955	G	A	CPNE8	Silent	21	8	29	0.27586206896551724	2	1	1	0.8488	1	0.8488	0.8488	False	0.65	1.91
12	40677681	G	A	LRRK2	Missense_Mutation	27	10	37	0.2702702702702703	2	1	1	0.8316	1	0.8316	0.8316	False	0.65	1.91
12	40714926	G	T	LRRK2	Missense_Mutation	40	18	58	0.3103448275862069	2	1	1	0.9549	1	0.9549	0.9549	True	0.65	1.91
12	41422973	G	A	CNTN1	Missense_Mutation	102	40	142	0.28169014084507044	2	1	1	0.8667	1	0.8667	0.8667	True	0.65	1.91
12	43826208	G	T	ADAMTS20	Missense_Mutation	40	25	65	0.38461538461538464	2	1	1	1.1834	1	1.1834	1.0	True	0.65	1.91
12	49089908	G	C	CCNT1	Missense_Mutation	22	11	33	0.3333333333333333	2	1	1	1.0256	1	1.0256	1.0	True	0.65	1.91
12	49854719	G	C	SPATS2	5'UTR	8	11	19	0.5789473684210527	2	1	1	1.7814	1	1.7814	1.0	True	0.65	1.91
12	50185781	C	T	NCKAP5L	Silent	17	18	35	0.5142857142857142	2	1	1	1.5824	1	1.5824	1.0	True	0.65	1.91
12	51663041	G	C	SMAGP	Missense_Mutation	36	16	52	0.3076923076923077	2	1	1	0.9467	1	0.9467	0.9467	True	0.65	1.91
12	54348888	G	C	HOXC12	Missense_Mutation	30	6	36	0.16666666666666666	2	1	1	0.5128	1	0.5128	0.5128	False	0.65	1.91
12	55759046	C	A	OR6C75	Missense_Mutation	101	22	123	0.17886178861788618	2	1	1	0.5503	1	0.5503	0.5503	False	0.65	1.91
12	56078801	G	T	ITGA7	3'UTR	17	4	21	0.19047619047619047	2	1	1	0.5861	1	0.5861	0.5861	False	0.65	1.91
12	56234584	C	G	MMP19	Silent	90	44	134	0.3283582089552239	2	1	1	1.0103	1	1.0103	1.0	True	0.65	1.91
12	56398071	G	C	SUOX	Missense_Mutation	45	26	71	0.36619718309859156	2	1	1	1.1268	1	1.1268	1.0	True	0.65	1.91
12	56648646	C	G	ANKRD52	Intron	65	15	80	0.1875	2	1	1	0.5769	1	0.5769	0.5769	False	0.65	1.91
12	56661100	G	A	COQ10A	Intron	32	25	57	0.43859649122807015	2	1	1	1.3495	1	1.3495	1.0	True	0.65	1.91
12	57496079	G	C	STAT6	Missense_Mutation	123	50	173	0.28901734104046245	2	1	1	0.8893	1	0.8893	0.8893	True	0.65	1.91
12	57537551	C	A	LRP1	Missense_Mutation	34	10	44	0.22727272727272727	2	1	1	0.6993	1	0.6993	0.6993	False	0.65	1.91
12	57969896	G	A	KIF5A	Missense_Mutation	82	39	121	0.32231404958677684	2	1	1	0.9917	1	0.9917	0.9917	True	0.65	1.91
12	57970069	G	A	KIF5A	Silent	43	19	62	0.3064516129032258	2	1	1	0.9429	1	0.9429	0.9429	True	0.65	1.91
12	66717831	C	G	HELB	Nonsense_Mutation	52	19	71	0.2676056338028169	2	1	1	0.8234	1	0.8234	0.8234	False	0.65	1.91
12	72028515	C	T	ZFC3H1	Missense_Mutation	10	4	14	0.2857142857142857	2	1	1	0.8791	1	0.8791	0.8791	True	0.65	1.91
12	73014967	A	C	TRHDE	Missense_Mutation	31	8	39	0.20512820512820512	2	1	1	0.6312	1	0.6312	0.6312	False	0.65	1.91
12	73014969	G	T	TRHDE	Missense_Mutation	30	8	38	0.21052631578947367	2	1	1	0.6478	1	0.6478	0.6478	False	0.65	1.91
12	80623104	C	T	OTOGL	Missense_Mutation	39	15	54	0.2777777777777778	2	1	1	0.8547	1	0.8547	0.8547	True	0.65	1.91
12	88522773	C	G	CEP290	Missense_Mutation	8	4	12	0.3333333333333333	2	1	1	1.0256	1	1.0256	1.0	True	0.65	1.91
12	100042370	C	T	FAM71C	Silent	57	21	78	0.2692307692307692	2	1	1	0.8284	1	0.8284	0.8284	False	0.65	1.91
12	102307955	T	C	DRAM1	Missense_Mutation	22	7	29	0.2413793103448276	2	1	1	0.7427	1	0.7427	0.7427	False	0.65	1.91
12	104136293	G	A	STAB2	Missense_Mutation	152	58	210	0.2761904761904762	2	1	1	0.8498	1	0.8498	0.8498	False	0.65	1.91
12	109660694	C	T	ACACB	Nonsense_Mutation	34	8	42	0.19047619047619047	2	1	1	0.5861	1	0.5861	0.5861	False	0.65	1.91
12	110013877	C	T	MVK	Silent	39	18	57	0.3157894736842105	2	1	1	0.9717	1	0.9717	0.9717	True	0.65	1.91
12	111734333	G	T	CUX2	Missense_Mutation	6	5	11	0.45454545454545453	2	1	1	1.3986	1	1.3986	1.0	True	0.65	1.91
12	116429625	C	A	MED13L	Missense_Mutation	53	23	76	0.3026315789473684	2	1	1	0.9312	1	0.9312	0.9312	True	0.65	1.91
12	117665373	G	C	NOS1	Missense_Mutation	85	32	117	0.27350427350427353	2	1	1	0.8416	1	0.8416	0.8416	False	0.65	1.91
12	122992908	G	A	RSRC2	Nonsense_Mutation	30	14	44	0.3181818181818182	2	1	1	0.979	1	0.979	0.979	True	0.65	1.91
12	123341225	G	A	HIP1R	Silent	6	3	9	0.3333333333333333	2	1	1	1.0256	1	1.0256	1.0	True	0.65	1.91
12	124420102	C	T	DNAH10	3'UTR	46	11	57	0.19298245614035087	2	1	1	0.5938	1	0.5938	0.5938	False	0.65	1.91
12	124829479	C	T	NCOR2	Missense_Mutation	5	3	8	0.375	2	1	1	1.1538	1	1.1538	1.0	True	0.65	1.91
12	130842033	G	T	PIWIL1	Missense_Mutation	48	8	56	0.14285714285714285	2	1	1	0.4396	1	0.4396	0.4396	False	0.65	1.91
12	132241033	G	A	SFSWAP	Missense_Mutation	76	28	104	0.2692307692307692	2	1	1	0.8284	1	0.8284	0.8284	False	0.65	1.91
12	132505641	C	G	EP400	Missense_Mutation	50	25	75	0.3333333333333333	2	1	1	1.0256	1	1.0256	1.0	True	0.65	1.91
13	23915537	G	A	SACS	Silent	34	9	43	0.20930232558139536	2	1	1	0.644	1	0.644	0.644	False	0.65	1.91
13	24864861	C	T	SPATA13	Silent	84	39	123	0.3170731707317073	2	1	1	0.9756	1	0.9756	0.9756	True	0.65	1.91
13	25435487	C	T	RNF17	Nonsense_Mutation	96	32	128	0.25	2	1	1	0.7692	1	0.7692	0.7692	False	0.65	1.91
13	28608328	T	C	FLT3	Silent	20	7	27	0.25925925925925924	2	1	1	0.7977	1	0.7977	0.7977	False	0.65	1.91
13	28980006	C	T	FLT1	Missense_Mutation	35	23	58	0.39655172413793105	2	1	1	1.2202	1	1.2202	1.0	True	0.65	1.91
13	33687009	C	T	STARD13	Missense_Mutation	75	26	101	0.25742574257425743	2	1	1	0.7921	1	0.7921	0.7921	False	0.65	1.91
13	37586410	G	C	SUPT20H	Missense_Mutation	104	39	143	0.2727272727272727	2	1	1	0.8392	1	0.8392	0.8392	False	0.65	1.91
13	38145539	C	T	POSTN	Missense_Mutation	33	17	50	0.34	2	1	1	1.0462	1	1.0462	1.0	True	0.65	1.91
13	39622135	C	T	NHLRC3	3'UTR	15	6	21	0.2857142857142857	2	1	1	0.8791	1	0.8791	0.8791	True	0.65	1.91
13	43896586	C	G	ENOX1	Missense_Mutation	32	21	53	0.39622641509433965	2	1	1	1.2192	1	1.2192	1.0	True	0.65	1.91
13	46538147	G	C	ZC3H13	Missense_Mutation	51	12	63	0.19047619047619047	2	1	1	0.5861	1	0.5861	0.5861	False	0.65	1.91
13	47469802	C	T	HTR2A	Silent	39	18	57	0.3157894736842105	2	1	1	0.9717	1	0.9717	0.9717	True	0.65	1.91
13	50062491	G	T	SETDB2	Missense_Mutation	39	17	56	0.30357142857142855	2	1	1	0.9341	1	0.9341	0.9341	True	0.65	1.91
13	73636341	G	C	KLF5	Missense_Mutation	54	25	79	0.31645569620253167	2	1	1	0.9737	1	0.9737	0.9737	True	0.65	1.91
13	94958289	C	T	GPC6	Missense_Mutation	95	43	138	0.3115942028985507	2	1	1	0.9588	1	0.9588	0.9588	True	0.65	1.91
13	100515251	G	A	CLYBL	Missense_Mutation	24	3	27	0.1111111111111111	2	1	1	0.3419	1	0.3419	0.3419	False	0.65	1.91
13	102105282	G	C	ITGBL1	Missense_Mutation	50	18	68	0.2647058823529412	2	1	1	0.8145	1	0.8145	0.8145	False	0.65	1.91
13	103449243	C	G	KDELC1	Missense_Mutation	36	16	52	0.3076923076923077	2	1	1	0.9467	1	0.9467	0.9467	True	0.65	1.91
13	108518068	C	T	FAM155A	Missense_Mutation	77	24	101	0.2376237623762376	2	1	1	0.7312	1	0.7312	0.7312	False	0.65	1.91
13	111091012	G	A	COL4A2	Silent	92	5	97	0.05154639175257732	2	1	1	0.1586	1	0.1586	0.1586	False	0.65	1.91
13	113803471	G	A	F10	Silent	62	18	80	0.225	2	1	1	0.6923	1	0.6923	0.6923	False	0.65	1.91
13	114782711	A	G	RASA3	Splice_Site	87	41	128	0.3203125	2	1	1	0.9856	1	0.9856	0.9856	True	0.65	1.91
14	20666396	C	A	OR11G2	Missense_Mutation	94	35	129	0.2713178294573643	2	1	1	0.8348	1	0.8348	0.8348	False	0.65	1.91
14	20979117	G	A	RNASE10	Missense_Mutation	36	12	48	0.25	2	1	1	0.7692	1	0.7692	0.7692	False	0.65	1.91
14	22038583	C	A	OR10G3	Missense_Mutation	35	14	49	0.2857142857142857	2	1	1	0.8791	1	0.8791	0.8791	True	0.65	1.91
14	33836455	T	A	NPAS3	Nonsense_Mutation	7	6	13	0.46153846153846156	1	1	0	0.9586	1	0.9586	0.9586	True	0.65	1.91
14	50360742	C	T	ARF6	Silent	44	5	49	0.10204081632653061	1	1	0	0.2119	1	0.2119	0.2119	False	0.65	1.91
14	50583054	C	G	VCPKMT	Missense_Mutation	7	7	14	0.5	1	1	0	1.0385	1	1.0385	1.0	True	0.65	1.91
14	52781926	C	G	PTGER2	Silent	20	9	29	0.3103448275862069	1	1	0	0.6446	1	0.6446	0.6446	False	0.65	1.91
14	55510560	G	C	SOCS4	Missense_Mutation	20	18	38	0.47368421052631576	1	1	0	0.9838	1	0.9838	0.9838	True	0.65	1.91
14	64882095	C	G	MTHFD1	Missense_Mutation	39	35	74	0.47297297297297297	1	1	0	0.9823	1	0.9823	0.9823	True	0.65	1.91
14	78043176	G	C	SPTLC2	Missense_Mutation	77	69	146	0.4726027397260274	1	1	0	0.9816	1	0.9816	0.9816	True	0.65	1.91
14	88893029	G	A	SPATA7	Missense_Mutation	22	3	25	0.12	1	1	0	0.2492	1	0.2492	0.2492	False	0.65	1.91
14	95036033	G	A	SERPINA4	3'UTR	4	5	9	0.5555555555555556	1	1	0	1.1538	1	1.1538	1.0	True	0.65	1.91
15	20710716	C	A	HERC2P3	RNA	17	5	22	0.22727272727272727	2	1	1	0.6993	1	0.6993	0.6993	False	0.65	1.91
15	22332538	T	G	RP11-69H14.6	RNA	127	27	154	0.17532467532467533	2	1	1	0.5395	1	0.5395	0.5395	False	0.65	1.91
15	22473104	C	A	IGHV4OR15-8	Missense_Mutation	172	24	196	0.12244897959183673	2	1	1	0.3768	1	0.3768	0.3768	False	0.65	1.91
15	23889721	C	G	MAGEL2	Missense_Mutation	38	10	48	0.20833333333333334	2	1	1	0.641	1	0.641	0.641	False	0.65	1.91
15	25227128	G	A	SNRPN	3'Flank	197	46	243	0.18930041152263374	2	1	1	0.5825	1	0.5825	0.5825	False	0.65	1.91
15	25479469	G	A	SNORD115-35	RNA	150	41	191	0.21465968586387435	2	1	1	0.6605	1	0.6605	0.6605	False	0.65	1.91
15	28493875	C	A	HERC2	Missense_Mutation	25	10	35	0.2857142857142857	2	1	1	0.8791	1	0.8791	0.8791	True	0.65	1.91
15	34168167	C	G	AVEN	Missense_Mutation	17	6	23	0.2608695652173913	2	1	1	0.8027	1	0.8027	0.8027	False	0.65	1.91
15	34549843	A	G	SLC12A6	Silent	33	10	43	0.23255813953488372	2	1	1	0.7156	1	0.7156	0.7156	False	0.65	1.91
15	41767772	G	C	RTF1	Missense_Mutation	13	12	25	0.48	1	1	0	0.9969	1	0.9969	0.9969	True	0.65	1.91
15	42041375	C	T	MGA	Missense_Mutation	61	5	66	0.07575757575757576	1	1	0	0.1573	1	0.1573	0.1573	False	0.65	1.91
15	43478385	C	T	CCNDBP1	Missense_Mutation	37	17	54	0.3148148148148148	1	1	0	0.6538	1	0.6538	0.6538	False	0.65	1.91
15	43687802	C	T	TUBGCP4	Silent	121	87	208	0.4182692307692308	1	1	0	0.8687	1	0.8687	0.8687	True	0.65	1.91
15	45968491	G	C	SQRDL	Missense_Mutation	39	33	72	0.4583333333333333	1	1	0	0.9519	1	0.9519	0.9519	True	0.65	1.91
15	48431192	G	A	SLC24A5	Missense_Mutation	10	5	15	0.3333333333333333	1	1	0	0.6923	1	0.6923	0.6923	False	0.65	1.91
15	59813460	A	T	FAM81A	Silent	22	10	32	0.3125	2	1	1	0.9615	1	0.9615	0.9615	True	0.65	1.91
15	59961104	C	G	BNIP2	Missense_Mutation	23	7	30	0.23333333333333334	2	1	1	0.7179	1	0.7179	0.7179	False	0.65	1.91
15	67709317	C	G	IQCH	Missense_Mutation	22	7	29	0.2413793103448276	2	1	1	0.7427	1	0.7427	0.7427	False	0.65	1.91
15	68583377	G	A	FEM1B	Missense_Mutation	73	21	94	0.22340425531914893	2	1	1	0.6874	1	0.6874	0.6874	False	0.65	1.91
15	68623323	G	A	ITGA11	Silent	29	9	38	0.23684210526315788	2	1	1	0.7287	1	0.7287	0.7287	False	0.65	1.91
15	72502799	C	G	PKM	Missense_Mutation	50	25	75	0.3333333333333333	2	1	1	1.0256	1	1.0256	1.0	True	0.65	1.91
15	82444381	C	G	EFTUD1	Missense_Mutation	52	5	57	0.08771929824561403	3	2	1	0.3576	1	0.3576	0.3576	False	0.65	1.91
15	83499823	C	T	WHAMM	Missense_Mutation	149	36	185	0.1945945945945946	3	2	1	0.7933	1	0.7933	0.7933	False	0.65	1.91
15	84527554	G	C	ADAMTSL3	Missense_Mutation	67	15	82	0.18292682926829268	3	2	1	0.7458	1	0.7458	0.7458	False	0.65	1.91
15	89074927	G	A	DET1	Missense_Mutation	62	17	79	0.21518987341772153	3	2	1	0.8773	1	0.8773	0.8773	True	0.65	1.91
15	89858615	G	C	FANCI	Missense_Mutation	66	13	79	0.16455696202531644	3	2	1	0.6709	1	0.6709	0.6709	False	0.65	1.91
15	100340416	G	A	DNM1P46	RNA	24	3	27	0.1111111111111111	3	2	1	0.453	1	0.453	0.453	False	0.65	1.91
15	101718176	G	C	CHSY1	Nonsense_Mutation	58	14	72	0.19444444444444445	3	2	1	0.7927	1	0.7927	0.7927	False	0.65	1.91
15	102346039	G	C	OR4F6	Silent	195	67	262	0.25572519083969464	3	2	1	1.0426	1	1.0426	1.0	True	0.65	1.91
16	775459	C	G	CCDC78	Missense_Mutation	27	23	50	0.46	1	1	0	0.9554	1	0.9554	0.9554	True	0.65	1.91
16	4925233	C	G	UBN1	Missense_Mutation	48	6	54	0.1111111111111111	1	1	0	0.2308	1	0.2308	0.2308	False	0.65	1.91
16	11001839	C	T	CIITA	Silent	24	32	56	0.5714285714285714	1	1	0	1.1868	1	1.1868	1.0	True	0.65	1.91
16	17228575	G	A	XYLT1	Silent	137	58	195	0.29743589743589743	2	1	1	0.9152	1	0.9152	0.9152	True	0.65	1.91
16	20696560	G	A	ACSM1	Nonsense_Mutation	77	31	108	0.28703703703703703	2	1	1	0.8832	1	0.8832	0.8832	True	0.65	1.91
16	20931443	G	C	LYRM1	Splice_Site	42	22	64	0.34375	2	1	1	1.0577	1	1.0577	1.0	True	0.65	1.91
16	23226561	C	T	SCNN1G	Missense_Mutation	82	40	122	0.32786885245901637	2	1	1	1.0088	1	1.0088	1.0	True	0.65	1.91
16	23598630	C	G	NDUFAB1	Missense_Mutation	46	6	52	0.11538461538461539	2	1	1	0.355	1	0.355	0.355	False	0.65	1.91
16	28898537	C	A	ATP2A1	Missense_Mutation	86	27	113	0.23893805309734514	2	1	1	0.7352	1	0.7352	0.7352	False	0.65	1.91
16	30583591	C	T	ZNF688	5'UTR	58	7	65	0.1076923076923077	2	1	1	0.3314	1	0.3314	0.3314	False	0.65	1.91
16	31501655	C	G	SLC5A2	Silent	17	3	20	0.15	2	1	1	0.4615	1	0.4615	0.4615	False	0.65	1.91
16	31734011	C	G	ZNF720	Nonsense_Mutation	35	25	60	0.4166666666666667	2	1	1	1.2821	1	1.2821	1.0	True	0.65	1.91
16	48130804	G	C	ABCC12	Silent	64	26	90	0.28888888888888886	2	1	1	0.8889	1	0.8889	0.8889	True	0.65	1.91
16	51173736	G	C	SALL1	Silent	70	34	104	0.3269230769230769	2	1	1	1.0059	1	1.0059	1.0	True	0.65	1.91
16	54319099	C	G	IRX3	Missense_Mutation	16	8	24	0.3333333333333333	2	1	1	1.0256	1	1.0256	1.0	True	0.65	1.91
16	67300074	A	G	SLC9A5	Missense_Mutation	43	19	62	0.3064516129032258	2	1	1	0.9429	1	0.9429	0.9429	True	0.65	1.91
16	67942979	C	T	PSKH1	Silent	57	21	78	0.2692307692307692	2	1	1	0.8284	1	0.8284	0.8284	False	0.65	1.91
16	70721963	C	G	VAC14	Missense_Mutation	92	38	130	0.2923076923076923	2	1	1	0.8994	1	0.8994	0.8994	True	0.65	1.91
16	77359897	C	G	ADAMTS18	Missense_Mutation	20	4	24	0.16666666666666666	2	1	1	0.5128	1	0.5128	0.5128	False	0.65	1.91
16	79633754	G	C	MAF	Missense_Mutation	98	12	110	0.10909090909090909	3	2	1	0.4448	1	0.4448	0.4448	False	0.65	1.91
16	81151077	C	G	PKD1L2	RNA	132	101	233	0.4334763948497854	3	2	1	1.7672	2	0.8836	0.8836	True	0.65	1.91
16	81279203	G	C	BCMO1	Missense_Mutation	88	29	117	0.24786324786324787	3	2	1	1.0105	1	1.0105	1.0	True	0.65	1.91
16	81914529	C	G	PLCG2	Missense_Mutation	90	23	113	0.20353982300884957	3	2	1	0.8298	1	0.8298	0.8298	False	0.65	1.91
16	83520256	G	A	CDH13	Missense_Mutation	59	22	81	0.2716049382716049	3	2	1	1.1073	1	1.1073	1.0	True	0.65	1.91
16	84089656	C	T	MBTPS1	Silent	92	28	120	0.23333333333333334	3	2	1	0.9513	1	0.9513	0.9513	True	0.65	1.91
16	84188402	C	G	DNAAF1	Silent	37	12	49	0.24489795918367346	3	2	1	0.9984	1	0.9984	0.9984	True	0.65	1.91
16	88781608	G	A	CTU2	Silent	77	17	94	0.18085106382978725	3	2	1	0.7373	1	0.7373	0.7373	False	0.65	1.91
16	88923573	C	G	TRAPPC2L	Missense_Mutation	32	3	35	0.08571428571428572	3	2	1	0.3495	1	0.3495	0.3495	False	0.65	1.91
16	89167500	C	G	ACSF3	Silent	81	42	123	0.34146341463414637	3	2	1	1.3921	1	1.3921	1.0	True	0.65	1.91
16	90002234	G	C	TUBB3	3'UTR	26	9	35	0.2571428571428571	3	2	1	1.0484	1	1.0484	1.0	True	0.65	1.91
17	1399120	G	C	INPP5K	Missense_Mutation	19	12	31	0.3870967741935484	1	1	0	0.804	1	0.804	0.804	False	0.65	1.91
17	2201216	C	T	SMG6	Missense_Mutation	32	28	60	0.4666666666666667	1	1	0	0.9692	1	0.9692	0.9692	True	0.65	1.91
17	3489152	G	C	SHPK	Silent	21	13	34	0.38235294117647056	1	1	0	0.7941	1	0.7941	0.7941	False	0.65	1.91
17	4458221	G	C	MYBBP1A	Missense_Mutation	17	16	33	0.48484848484848486	1	1	0	1.007	1	1.007	1.0	True	0.65	1.91
17	4624269	G	C	ARRB2	Missense_Mutation	57	39	96	0.40625	1	1	0	0.8438	1	0.8438	0.8438	False	0.65	1.91
17	4675268	C	T	TM4SF5	Silent	107	25	132	0.1893939393939394	1	1	0	0.3934	1	0.3934	0.3934	False	0.65	1.91
17	4893189	A	T	INCA1	Missense_Mutation	72	63	135	0.4666666666666667	1	1	0	0.9692	1	0.9692	0.9692	True	0.65	1.91
17	7577142	C	G	TP53	Missense_Mutation	11	11	22	0.5	1	1	0	1.0385	1	1.0385	1.0	True	0.65	1.91
17	10364348	G	A	MYH4	Silent	27	15	42	0.35714285714285715	1	1	0	0.7418	1	0.7418	0.7418	False	0.65	1.91
17	11837311	G	A	DNAH9	Missense_Mutation	35	21	56	0.375	1	1	0	0.7788	1	0.7788	0.7788	False	0.65	1.91
17	18257028	G	C	SHMT1	Missense_Mutation	62	46	108	0.42592592592592593	1	1	0	0.8846	1	0.8846	0.8846	True	0.65	1.91
17	27042273	C	G	RAB34	Silent	17	16	33	0.48484848484848486	2	1	1	1.4918	1	1.4918	1.0	True	0.65	1.91
17	27286484	C	T	SEZ6	Missense_Mutation	81	22	103	0.21359223300970873	2	1	1	0.6572	1	0.6572	0.6572	False	0.65	1.91
17	31322633	C	T	SPACA3	Silent	49	28	77	0.36363636363636365	2	1	1	1.1189	1	1.1189	1.0	True	0.65	1.91
17	32964735	C	T	TMEM132E	Silent	132	29	161	0.18012422360248448	2	1	1	0.5542	1	0.5542	0.5542	False	0.65	1.91
17	33772187	T	A	SLFN13	Silent	64	33	97	0.3402061855670103	2	1	1	1.0468	1	1.0468	1.0	True	0.65	1.91
17	34236407	C	G	AC015849.16	RNA	26	10	36	0.2777777777777778	2	1	1	0.8547	1	0.8547	0.8547	True	0.65	1.91
17	35549121	G	A	ACACA	Silent	49	20	69	0.2898550724637681	2	1	1	0.8919	1	0.8919	0.8919	True	0.65	1.91
17	35879164	G	C	SYNRG	Nonsense_Mutation	181	61	242	0.25206611570247933	2	1	1	0.7756	1	0.7756	0.7756	False	0.65	1.91
17	36868997	G	T	MLLT6	Silent	96	33	129	0.2558139534883721	2	1	1	0.7871	1	0.7871	0.7871	False	0.65	1.91
17	37826612	C	G	PNMT	Missense_Mutation	17	6	23	0.2608695652173913	3	2	1	1.0635	1	1.0635	1.0	True	0.65	1.91
17	38249440	C	G	NR1D1	Missense_Mutation	86	20	106	0.18867924528301888	3	2	1	0.7692	1	0.7692	0.7692	False	0.65	1.91
17	38926233	C	G	KRT26	Missense_Mutation	178	42	220	0.19090909090909092	3	2	1	0.7783	1	0.7783	0.7783	False	0.65	1.91
17	38938383	C	G	KRT27	Missense_Mutation	136	8	144	0.05555555555555555	3	2	1	0.2265	1	0.2265	0.2265	False	0.65	1.91
17	39092489	C	G	KRT23	Missense_Mutation	74	30	104	0.28846153846153844	3	2	1	1.176	1	1.176	1.0	True	0.65	1.91
17	39119876	C	G	KRT39	Intron	128	11	139	0.07913669064748201	3	2	1	0.3226	1	0.3226	0.3226	False	0.65	1.91
17	39846394	C	G	EIF1	Missense_Mutation	110	6	116	0.05172413793103448	3	2	1	0.2109	1	0.2109	0.2109	False	0.65	1.91
17	39883608	C	T	HAP1	Intron	77	77	154	0.5	3	2	1	2.0385	2	1.0192	1.0	True	0.65	1.91
17	40714365	C	T	COASY	Intron	46	17	63	0.2698412698412698	3	2	1	1.1001	1	1.1001	1.0	True	0.65	1.91
17	40714604	C	T	COASY	Intron	45	16	61	0.26229508196721313	3	2	1	1.0694	1	1.0694	1.0	True	0.65	1.91
17	40714609	C	T	COASY	Intron	47	18	65	0.27692307692307694	3	2	1	1.129	1	1.129	1.0	True	0.65	1.91
17	40716744	C	T	COASY	Silent	180	65	245	0.2653061224489796	3	2	1	1.0816	1	1.0816	1.0	True	0.65	1.91
17	40765019	G	C	TUBG1	Missense_Mutation	131	23	154	0.14935064935064934	3	2	1	0.6089	1	0.6089	0.6089	False	0.65	1.91
17	40818842	C	G	TUBG2	3'UTR	28	12	40	0.3	3	2	1	1.2231	1	1.2231	1.0	True	0.65	1.91
17	40948754	G	A	WNK4	3'UTR	71	20	91	0.21978021978021978	3	2	1	0.896	1	0.896	0.896	True	0.65	1.91
17	41158783	C	T	IFI35	5'UTR	15	8	23	0.34782608695652173	3	2	1	1.4181	1	1.4181	1.0	True	0.65	1.91
17	42328659	G	C	SLC4A1	Missense_Mutation	76	22	98	0.22448979591836735	3	2	1	0.9152	1	0.9152	0.9152	True	0.65	1.91
17	42335888	G	T	SLC4A1	Missense_Mutation	63	71	134	0.5298507462686567	3	2	1	2.1602	2	1.0801	1.0	True	0.65	1.91
17	42340267	G	A	SLC4A1	5'UTR	78	59	137	0.4306569343065693	3	2	1	1.7558	2	0.8779	0.8779	True	0.65	1.91
17	42478427	C	G	GPATCH8	Missense_Mutation	158	7	165	0.04242424242424243	3	2	1	0.173	1	0.173	0.173	False	0.65	1.91
17	42635248	G	A	FZD2	Silent	125	35	160	0.21875	3	2	1	0.8918	1	0.8918	0.8918	True	0.65	1.91
17	42850721	G	A	ADAM11	Silent	111	35	146	0.23972602739726026	3	2	1	0.9773	1	0.9773	0.9773	True	0.65	1.91
17	43003610	C	G	KIF18B	Intron	22	4	26	0.15384615384615385	3	2	1	0.6272	1	0.6272	0.6272	False	0.65	1.91
17	43006205	C	G	KIF18B	Missense_Mutation	30	7	37	0.1891891891891892	3	2	1	0.7713	1	0.7713	0.7713	False	0.65	1.91
17	43552782	C	T	PLEKHM1	Missense_Mutation	90	21	111	0.1891891891891892	3	2	1	0.7713	1	0.7713	0.7713	False	0.65	1.91
17	44626389	C	G	LRRC37A2	Missense_Mutation	103	28	131	0.21374045801526717	2	1	1	0.6577	1	0.6577	0.6577	False	0.65	1.91
17	44846078	C	G	WNT3	Missense_Mutation	103	33	136	0.2426470588235294	3	2	1	0.9893	1	0.9893	0.9893	True	0.65	1.91
17	44846108	C	G	WNT3	Missense_Mutation	93	35	128	0.2734375	3	2	1	1.1148	1	1.1148	1.0	True	0.65	1.91
17	45741624	G	A	KPNB1	Missense_Mutation	113	25	138	0.18115942028985507	3	2	1	0.7386	1	0.7386	0.7386	False	0.65	1.91
17	45891935	G	A	OSBPL7	Silent	84	13	97	0.13402061855670103	3	2	1	0.5464	1	0.5464	0.5464	False	0.65	1.91
17	48191742	G	A	SAMD14	Silent	40	8	48	0.16666666666666666	3	2	1	0.6795	1	0.6795	0.6795	False	0.65	1.91
17	48604653	G	A	MYCBPAP	Silent	131	43	174	0.2471264367816092	3	2	1	1.0075	1	1.0075	1.0	True	0.65	1.91
17	48733197	C	T	ABCC3	Missense_Mutation	60	17	77	0.22077922077922077	3	2	1	0.9001	1	0.9001	0.9001	True	0.65	1.91
17	55946525	C	T	CUEDC1	Missense_Mutation	24	6	30	0.2	3	2	1	0.8154	1	0.8154	0.8154	False	0.65	1.91
17	57262807	G	C	PRR11	Missense_Mutation	36	15	51	0.29411764705882354	3	2	1	1.1991	1	1.1991	1.0	True	0.65	1.91
17	59469369	G	A	BCAS3	Silent	140	51	191	0.2670157068062827	3	2	1	1.0886	1	1.0886	1.0	True	0.65	1.91
17	59962317	C	G	INTS2	Missense_Mutation	5	4	9	0.4444444444444444	3	2	1	1.812	2	0.906	0.906	True	0.65	1.91
17	61775935	C	G	LIMD2	Missense_Mutation	43	14	57	0.24561403508771928	3	2	1	1.0013	1	1.0013	1.0	True	0.65	1.91
17	61972636	C	G	CSH1	Intron	98	19	117	0.1623931623931624	3	2	1	0.6621	1	0.6621	0.6621	False	0.65	1.91
17	62081170	G	A	ICAM2	Silent	108	30	138	0.21739130434782608	3	2	1	0.8863	1	0.8863	0.8863	True	0.65	1.91
17	68128761	G	C	KCNJ16	Missense_Mutation	96	20	116	0.1724137931034483	3	2	1	0.7029	1	0.7029	0.7029	False	0.65	1.91
17	71189326	G	A	COG1	Missense_Mutation	18	4	22	0.18181818181818182	3	2	1	0.7413	1	0.7413	0.7413	False	0.65	1.91
17	73774600	C	G	H3F3B	3'UTR	34	7	41	0.17073170731707318	3	2	1	0.6961	1	0.6961	0.6961	False	0.65	1.91
17	74287485	G	A	QRICH2	Missense_Mutation	63	13	76	0.17105263157894737	3	2	1	0.6974	1	0.6974	0.6974	False	0.65	1.91
17	74287648	G	C	QRICH2	Missense_Mutation	135	34	169	0.20118343195266272	3	2	1	0.8202	1	0.8202	0.8202	False	0.65	1.91
17	74733140	C	T	SRSF2	Missense_Mutation	37	8	45	0.17777777777777778	3	2	1	0.7248	1	0.7248	0.7248	False	0.65	1.91
17	75196746	C	T	SEC14L1	Missense_Mutation	113	41	154	0.2662337662337662	3	2	1	1.0854	1	1.0854	1.0	True	0.65	1.91
17	76167718	C	T	SYNGR2	Silent	52	12	64	0.1875	3	2	1	0.7644	1	0.7644	0.7644	False	0.65	1.91
17	76212846	G	A	BIRC5	Missense_Mutation	69	17	86	0.19767441860465115	3	2	1	0.8059	1	0.8059	0.8059	False	0.65	1.91
17	76968119	G	C	LGALS3BP	Missense_Mutation	82	5	87	0.05747126436781609	3	2	1	0.2343	1	0.2343	0.2343	False	0.65	1.91
17	78079644	G	A	GAA	Missense_Mutation	86	6	92	0.06521739130434782	3	2	1	0.2659	1	0.2659	0.2659	False	0.65	1.91
17	79988680	G	A	LRRC45	Silent	25	3	28	0.10714285714285714	3	2	1	0.4368	1	0.4368	0.4368	False	0.65	1.91
17	80442792	G	T	NARF	Nonsense_Mutation	137	7	144	0.04861111111111111	3	2	1	0.1982	1	0.1982	0.1982	False	0.65	1.91
18	8824761	G	A	SOGA2	Missense_Mutation	49	21	70	0.3	2	1	1	0.9231	1	0.9231	0.9231	True	0.65	1.91
18	10680295	G	A	PIEZO2	Missense_Mutation	44	24	68	0.35294117647058826	2	1	1	1.086	1	1.086	1.0	True	0.65	1.91
18	12359936	C	T	AFG3L2	Missense_Mutation	56	20	76	0.2631578947368421	2	1	1	0.8097	1	0.8097	0.8097	False	0.65	1.91
18	14851884	C	G	ANKRD30B	Nonsense_Mutation	11	4	15	0.26666666666666666	2	1	1	0.8205	1	0.8205	0.8205	False	0.65	1.91
18	18567033	C	T	ROCK1	Missense_Mutation	24	12	36	0.3333333333333333	2	1	1	1.0256	1	1.0256	1.0	True	0.65	1.91
18	23907006	G	A	TAF4B	Missense_Mutation	34	12	46	0.2608695652173913	2	1	1	0.8027	1	0.8027	0.8027	False	0.65	1.91
18	28648058	C	T	DSC2	Missense_Mutation	34	10	44	0.22727272727272727	2	1	1	0.6993	1	0.6993	0.6993	False	0.65	1.91
18	29116184	C	T	DSG2	Silent	32	16	48	0.3333333333333333	2	1	1	1.0256	1	1.0256	1.0	True	0.65	1.91
18	31323472	C	T	ASXL3	Silent	29	15	44	0.3409090909090909	2	1	1	1.049	1	1.049	1.0	True	0.65	1.91
18	32887557	C	G	ZNF271	RNA	34	17	51	0.3333333333333333	2	1	1	1.0256	1	1.0256	1.0	True	0.65	1.91
18	33935522	G	A	FHOD3	Silent	41	10	51	0.19607843137254902	2	1	1	0.6033	1	0.6033	0.6033	False	0.65	1.91
18	48510617	C	G	ELAC1	Missense_Mutation	56	4	60	0.06666666666666667	2	1	1	0.2051	1	0.2051	0.2051	False	0.65	1.91
18	50278687	G	T	DCC	Missense_Mutation	53	18	71	0.2535211267605634	2	1	1	0.7801	1	0.7801	0.7801	False	0.65	1.91
18	51888105	G	A	C18orf54	Missense_Mutation	24	19	43	0.4418604651162791	2	1	1	1.3596	1	1.3596	1.0	True	0.65	1.91
18	56056330	G	A	NEDD4L	Missense_Mutation	23	11	34	0.3235294117647059	2	1	1	0.9955	1	0.9955	0.9955	True	0.65	1.91
18	56202639	C	T	ALPK2	Missense_Mutation	53	24	77	0.3116883116883117	2	1	1	0.959	1	0.959	0.959	True	0.65	1.91
18	56601832	G	A	ZNF532	Silent	76	35	111	0.3153153153153153	2	1	1	0.9702	1	0.9702	0.9702	True	0.65	1.91
18	65181711	C	T	DSEL	Silent	43	13	56	0.23214285714285715	2	1	1	0.7143	1	0.7143	0.7143	False	0.65	1.91
18	67836148	T	A	RTTN	Silent	44	23	67	0.34328358208955223	2	1	1	1.0563	1	1.0563	1.0	True	0.65	1.91
19	872055	C	T	MED16	Missense_Mutation	52	16	68	0.23529411764705882	2	1	1	0.724	1	0.724	0.724	False	0.65	1.91
19	1008781	G	A	GRIN3B	Silent	9	6	15	0.4	2	1	1	1.2308	1	1.2308	1.0	True	0.65	1.91
19	1045054	G	A	ABCA7	Silent	64	31	95	0.3263157894736842	2	1	1	1.004	1	1.004	1.0	True	0.65	1.91
19	1468355	G	C	APC2	Missense_Mutation	5	3	8	0.375	2	1	1	1.1538	1	1.1538	1.0	True	0.65	1.91
19	1599501	C	T	UQCR11	Missense_Mutation	84	30	114	0.2631578947368421	2	1	1	0.8097	1	0.8097	0.8097	False	0.65	1.91
19	1818543	G	A	REXO1	Missense_Mutation	22	3	25	0.12	2	1	1	0.3692	1	0.3692	0.3692	False	0.65	1.91
19	3179907	G	C	S1PR4	Missense_Mutation	120	50	170	0.29411764705882354	2	1	1	0.905	1	0.905	0.905	True	0.65	1.91
19	3752980	G	A	APBA3	Silent	56	18	74	0.24324324324324326	2	1	1	0.7484	1	0.7484	0.7484	False	0.65	1.91
19	4280112	C	G	SHD	Missense_Mutation	26	5	31	0.16129032258064516	2	1	1	0.4963	1	0.4963	0.4963	False	0.65	1.91
19	7083647	G	A	ZNF557	Missense_Mutation	34	16	50	0.32	2	1	1	0.9846	1	0.9846	0.9846	True	0.65	1.91
19	7763736	G	A	FCER2	Silent	7	8	15	0.5333333333333333	2	1	1	1.641	1	1.641	1.0	True	0.65	1.91
19	8173089	C	A	FBN3	Missense_Mutation	63	22	85	0.25882352941176473	2	1	1	0.7964	1	0.7964	0.7964	False	0.65	1.91
19	8398030	C	G	KANK3	Missense_Mutation	17	15	32	0.46875	2	1	1	1.4423	1	1.4423	1.0	True	0.65	1.91
19	9056233	C	T	MUC16	Missense_Mutation	113	46	159	0.2893081761006289	2	1	1	0.8902	1	0.8902	0.8902	True	0.65	1.91
19	9065735	C	T	MUC16	Silent	89	41	130	0.3153846153846154	2	1	1	0.9704	1	0.9704	0.9704	True	0.65	1.91
19	9578029	G	C	ZNF560	Missense_Mutation	48	12	60	0.2	2	1	1	0.6154	1	0.6154	0.6154	False	0.65	1.91
19	9875614	G	A	ZNF846	Nonsense_Mutation	79	35	114	0.30701754385964913	2	1	1	0.9447	1	0.9447	0.9447	True	0.65	1.91
19	10531639	C	A	PDE4A	Missense_Mutation	7	4	11	0.36363636363636365	2	1	1	1.1189	1	1.1189	1.0	True	0.65	1.91
19	10624470	G	C	S1PR5	3'UTR	79	10	89	0.11235955056179775	2	1	1	0.3457	1	0.3457	0.3457	False	0.65	1.91
19	11918033	G	T	ZNF491	Missense_Mutation	22	13	35	0.37142857142857144	2	1	1	1.1429	1	1.1429	1.0	True	0.65	1.91
19	11998672	G	C	ZNF69	5'UTR	40	9	49	0.1836734693877551	2	1	1	0.5651	1	0.5651	0.5651	False	0.65	1.91
19	12739302	G	C	ZNF791	Missense_Mutation	37	16	53	0.3018867924528302	2	1	1	0.9289	1	0.9289	0.9289	True	0.65	1.91
19	15341894	C	T	EPHX3	Silent	37	24	61	0.39344262295081966	2	1	1	1.2106	1	1.2106	1.0	True	0.65	1.91
19	17362455	G	T	USHBP1	Missense_Mutation	94	32	126	0.25396825396825395	2	1	1	0.7814	1	0.7814	0.7814	False	0.65	1.91
19	18943057	C	G	UPF1	Silent	73	5	78	0.0641025641025641	2	1	1	0.1972	1	0.1972	0.1972	False	0.65	1.91
19	19338800	G	T	NCAN	Missense_Mutation	81	11	92	0.11956521739130435	2	1	1	0.3679	1	0.3679	0.3679	False	0.65	1.91
19	19339164	G	T	NCAN	Missense_Mutation	131	15	146	0.10273972602739725	2	1	1	0.3161	1	0.3161	0.3161	False	0.65	1.91
19	19359655	G	T	NCAN	Missense_Mutation	64	22	86	0.2558139534883721	2	1	1	0.7871	1	0.7871	0.7871	False	0.65	1.91
19	19359656	G	T	NCAN	Missense_Mutation	63	21	84	0.25	2	1	1	0.7692	1	0.7692	0.7692	False	0.65	1.91
19	20044159	G	A	ZNF93	Missense_Mutation	32	12	44	0.2727272727272727	2	1	1	0.8392	1	0.8392	0.8392	False	0.65	1.91
19	20135086	C	T	ZNF682	Missense_Mutation	38	22	60	0.36666666666666664	2	1	1	1.1282	1	1.1282	1.0	True	0.65	1.91
19	30164776	C	T	PLEKHF1	Silent	134	17	151	0.11258278145695365	6	5	1	0.7967	1	0.7967	0.7967	False	0.65	1.91
19	31040011	C	T	ZNF536	Missense_Mutation	196	26	222	0.11711711711711711	6	5	1	0.8288	1	0.8288	0.8288	False	0.65	1.91
19	31040330	C	T	ZNF536	Silent	84	8	92	0.08695652173913043	6	5	1	0.6154	1	0.6154	0.6154	False	0.65	1.91
19	31770440	C	T	TSHZ3	Missense_Mutation	110	13	123	0.10569105691056911	7	7	1	0.8537	1	0.8537	0.8537	True	0.65	1.91
19	33617568	G	C	GPATCH1	Missense_Mutation	148	7	155	0.04516129032258064	5	4	1	0.2744	1	0.2744	0.2744	False	0.65	1.91
19	35758446	C	T	LSR	Missense_Mutation	45	11	56	0.19642857142857142	5	4	1	1.1937	1	1.1937	1.0	True	0.65	1.91
19	35843031	C	T	FFAR1	Silent	53	11	64	0.171875	5	4	1	1.0445	1	1.0445	1.0	True	0.65	1.91
19	35996644	G	A	DMKN	Silent	120	16	136	0.11764705882352941	5	4	1	0.7149	1	0.7149	0.7149	False	0.65	1.91
19	36231944	G	A	IGFLR1	Silent	70	11	81	0.13580246913580246	5	4	1	0.8253	1	0.8253	0.8253	False	0.65	1.91
19	36235227	G	A	U2AF1L4	Silent	144	18	162	0.1111111111111111	5	4	1	0.6752	1	0.6752	0.6752	False	0.65	1.91
19	36235245	G	T	U2AF1L4	Silent	171	26	197	0.1319796954314721	5	4	1	0.802	1	0.802	0.802	False	0.65	1.91
19	36235314	G	A	U2AF1L4	Silent	134	23	157	0.1464968152866242	5	4	1	0.8902	1	0.8902	0.8902	True	0.65	1.91
19	36236856	G	A	PSENEN	Missense_Mutation	151	35	186	0.1881720430107527	5	4	1	1.1435	1	1.1435	1.0	True	0.65	1.91
19	36273272	C	G	ARHGAP33	Intron	175	32	207	0.15458937198067632	5	4	1	0.9394	1	0.9394	0.9394	True	0.65	1.91
19	36273671	G	T	ARHGAP33	Nonsense_Mutation	62	4	66	0.06060606060606061	5	4	1	0.3683	1	0.3683	0.3683	False	0.65	1.91
19	36333440	C	A	NPHS1	Nonsense_Mutation	146	30	176	0.17045454545454544	5	4	1	1.0358	1	1.0358	1.0	True	0.65	1.91
19	36351893	G	A	KIRREL2	Silent	54	9	63	0.14285714285714285	5	4	1	0.8681	1	0.8681	0.8681	True	0.65	1.91
19	36369844	G	A	APLP1	Missense_Mutation	128	29	157	0.18471337579617833	5	4	1	1.1225	1	1.1225	1.0	True	0.65	1.91
19	36370431	G	T	APLP1	3'UTR	32	5	37	0.13513513513513514	5	4	1	0.8212	1	0.8212	0.8212	False	0.65	1.91
19	36605290	C	G	POLR2I	Missense_Mutation	86	14	100	0.14	5	4	1	0.8508	1	0.8508	0.8508	True	0.65	1.91
19	36605749	C	T	POLR2I	Missense_Mutation	241	35	276	0.12681159420289856	5	4	1	0.7706	1	0.7706	0.7706	False	0.65	1.91
19	36940501	G	C	ZNF566	Nonsense_Mutation	90	10	100	0.1	6	5	1	0.7077	1	0.7077	0.7077	False	0.65	1.91
19	37879531	G	C	ZNF527	Missense_Mutation	77	21	98	0.21428571428571427	6	5	1	1.5165	2	0.7582	0.7582	False	0.65	1.91
19	38230856	G	C	ZNF573	Missense_Mutation	134	12	146	0.0821917808219178	6	5	1	0.5817	1	0.5817	0.5817	False	0.65	1.91
19	38573136	G	A	SIPA1L3	Missense_Mutation	63	8	71	0.11267605633802817	6	5	1	0.7974	1	0.7974	0.7974	False	0.65	1.91
19	38817398	G	A	KCNK6	Nonsense_Mutation	207	9	216	0.041666666666666664	6	5	1	0.2949	1	0.2949	0.2949	False	0.65	1.91
19	39116671	G	A	EIF3K	Missense_Mutation	296	48	344	0.13953488372093023	6	5	1	0.9875	1	0.9875	0.9875	True	0.65	1.91
19	39866435	G	A	SAMD4B	Silent	77	159	236	0.673728813559322	6	5	1	4.7679	5	0.9536	0.9536	True	0.65	1.91
19	39888408	G	A	MED29	3'UTR	13	4	17	0.23529411764705882	6	5	1	1.6652	2	0.8326	0.8326	False	0.65	1.91
19	39955584	C	T	SUPT5H	Silent	191	37	228	0.16228070175438597	6	5	1	1.1484	1	1.1484	1.0	True	0.65	1.91
19	40376701	G	C	FCGBP	Missense_Mutation	652	31	683	0.04538799414348463	6	5	1	0.3212	1	0.3212	0.3212	False	0.65	1.91
19	40376722	C	T	FCGBP	Silent	544	33	577	0.05719237435008666	6	5	1	0.4047	1	0.4047	0.4047	False	0.65	1.91
19	40408324	G	C	FCGBP	Missense_Mutation	121	10	131	0.07633587786259542	6	5	1	0.5402	1	0.5402	0.5402	False	0.65	1.91
19	40589105	G	C	ZNF780A	Missense_Mutation	149	28	177	0.15819209039548024	6	5	1	1.1195	1	1.1195	1.0	True	0.65	1.91
19	40698104	G	A	MAP3K10	Missense_Mutation	19	36	55	0.6545454545454545	6	5	1	4.6322	5	0.9264	0.9264	True	0.65	1.91
19	40724034	G	A	TTC9B	Silent	55	5	60	0.08333333333333333	6	5	1	0.5897	1	0.5897	0.5897	False	0.65	1.91
19	40873637	G	C	PLD3	Missense_Mutation	89	12	101	0.1188118811881188	6	5	1	0.8408	1	0.8408	0.8408	False	0.65	1.91
19	41897839	C	T	EXOSC5	Silent	234	31	265	0.1169811320754717	6	5	1	0.8279	1	0.8279	0.8279	False	0.65	1.91
19	42355764	G	C	DMRTC2	Nonstop_Mutation	61	12	73	0.1643835616438356	6	5	1	1.1633	1	1.1633	1.0	True	0.65	1.91
19	42485925	G	A	ATP1A3	Silent	129	17	146	0.11643835616438356	6	5	1	0.824	1	0.824	0.824	False	0.65	1.91
19	42492153	C	T	ATP1A3	Missense_Mutation	261	61	322	0.18944099378881987	6	5	1	1.3407	1	1.3407	1.0	True	0.65	1.91
19	42891308	C	T	CNFN	Silent	109	15	124	0.12096774193548387	6	5	1	0.8561	1	0.8561	0.8561	True	0.65	1.91
19	43358278	C	G	PSG10P	RNA	415	76	491	0.15478615071283094	6	5	1	1.0954	1	1.0954	1.0	True	0.65	1.91
19	43359867	C	A	PSG10P	5'Flank	65	13	78	0.16666666666666666	6	5	1	1.1795	1	1.1795	1.0	True	0.65	1.91
19	43967835	G	C	LYPD3	Missense_Mutation	70	10	80	0.125	6	5	1	0.8846	1	0.8846	0.8846	True	0.65	1.91
19	44471455	G	A	ZNF221	Missense_Mutation	165	33	198	0.16666666666666666	6	5	1	1.1795	1	1.1795	1.0	True	0.65	1.91
19	44536793	C	T	ZNF222	Silent	182	33	215	0.15348837209302327	6	5	1	1.0862	1	1.0862	1.0	True	0.65	1.91
19	45575338	G	C	ZNF296	Missense_Mutation	129	33	162	0.2037037037037037	6	5	1	1.4416	1	1.4416	1.0	True	0.65	1.91
19	45853603	C	T	KLC3	Missense_Mutation	133	20	153	0.13071895424836602	6	5	1	0.9251	1	0.9251	0.9251	True	0.65	1.91
19	45912234	G	A	CD3EAP	Silent	296	58	354	0.1638418079096045	6	5	1	1.1595	1	1.1595	1.0	True	0.65	1.91
19	46215182	G	C	FBXO46	Silent	76	24	100	0.24	6	5	1	1.6985	2	0.8492	0.8492	False	0.65	1.91
19	46215245	G	A	FBXO46	Silent	52	14	66	0.21212121212121213	6	5	1	1.5012	2	0.7506	0.7506	False	0.65	1.91
19	46506309	C	T	CCDC61	Silent	22	7	29	0.2413793103448276	6	5	1	1.7082	2	0.8541	0.8541	True	0.65	1.91
19	46526234	G	C	PGLYRP1	Missense_Mutation	24	6	30	0.2	6	5	1	1.4154	1	1.4154	1.0	True	0.65	1.91
19	47030206	C	T	PPP5D1	Missense_Mutation	30	8	38	0.21052631578947367	6	5	1	1.4899	1	1.4899	1.0	True	0.65	1.91
19	49079249	C	T	SULT2B1	Silent	57	49	106	0.46226415094339623	1	1	0	0.9601	1	0.9601	0.9601	True	0.65	1.91
19	49377733	G	C	PPP1R15A	Missense_Mutation	59	58	117	0.49572649572649574	1	1	0	1.0296	1	1.0296	1.0	True	0.65	1.91
19	49868847	G	A	DKKL1	Missense_Mutation	41	17	58	0.29310344827586204	1	1	0	0.6088	1	0.6088	0.6088	False	0.65	1.91
19	53886917	C	T	ZNF525	3'UTR	10	7	17	0.4117647058823529	1	1	0	0.8552	1	0.8552	0.8552	True	0.65	1.91
19	54659456	G	C	LENG1	3'UTR	13	6	19	0.3157894736842105	1	1	0	0.6559	1	0.6559	0.6559	False	0.65	1.91
19	55147063	G	A	LILRB1	Intron	47	54	101	0.5346534653465347	1	1	0	1.1104	1	1.1104	1.0	True	0.65	1.91
19	55325417	G	T	KIR2DL4	Missense_Mutation	19	16	35	0.45714285714285713	1	1	0	0.9495	1	0.9495	0.9495	True	0.65	1.91
19	57132732	C	T	ZNF71	Missense_Mutation	35	4	39	0.10256410256410256	1	1	0	0.213	1	0.213	0.213	False	0.65	1.91
19	58579087	G	T	ZNF135	Missense_Mutation	20	14	34	0.4117647058823529	1	1	0	0.8552	1	0.8552	0.8552	True	0.65	1.91
19	58850499	G	A	ZSCAN22	Missense_Mutation	61	23	84	0.27380952380952384	1	1	0	0.5687	1	0.5687	0.5687	False	0.65	1.91
20	239943	C	G	DEFB132	Nonsense_Mutation	35	16	51	0.3137254901960784	2	1	1	0.9653	1	0.9653	0.9653	True	0.65	1.91
20	489132	C	G	CSNK2A1	Missense_Mutation	53	4	57	0.07017543859649122	2	1	1	0.2159	1	0.2159	0.2159	False	0.65	1.91
20	2840951	G	C	VPS16	Missense_Mutation	46	23	69	0.3333333333333333	2	1	1	1.0256	1	1.0256	1.0	True	0.65	1.91
20	3053063	G	A	OXT	Silent	67	16	83	0.1927710843373494	2	1	1	0.5931	1	0.5931	0.5931	False	0.65	1.91
20	5904581	G	C	CHGB	Silent	70	5	75	0.06666666666666667	2	1	1	0.2051	1	0.2051	0.2051	False	0.65	1.91
20	5988028	A	G	CRLS1	Intron	17	8	25	0.32	2	1	1	0.9846	1	0.9846	0.9846	True	0.65	1.91
20	6057946	C	G	FERMT1	Silent	42	18	60	0.3	2	1	1	0.9231	1	0.9231	0.9231	True	0.65	1.91
20	13698024	A	G	ESF1	Silent	43	15	58	0.25862068965517243	2	1	1	0.7958	1	0.7958	0.7958	False	0.65	1.91
20	16359872	C	T	KIF16B	Silent	65	6	71	0.08450704225352113	2	1	1	0.26	1	0.26	0.26	False	0.65	1.91
20	16360255	G	A	KIF16B	Missense_Mutation	34	26	60	0.43333333333333335	2	1	1	1.3333	1	1.3333	1.0	True	0.65	1.91
20	17599310	G	A	RRBP1	Silent	44	13	57	0.22807017543859648	2	1	1	0.7018	1	0.7018	0.7018	False	0.65	1.91
20	20033134	C	A	CRNKL1	Silent	63	20	83	0.24096385542168675	2	1	1	0.7414	1	0.7414	0.7414	False	0.65	1.91
20	21309266	G	A	XRN2	Missense_Mutation	33	10	43	0.23255813953488372	2	1	1	0.7156	1	0.7156	0.7156	False	0.65	1.91
20	23476540	G	A	CST8	Missense_Mutation	32	18	50	0.36	2	1	1	1.1077	1	1.1077	1.0	True	0.65	1.91
20	30070236	C	T	REM1	Silent	64	17	81	0.20987654320987653	2	1	1	0.6458	1	0.6458	0.6458	False	0.65	1.91
20	30458365	C	T	DUSP15	5'UTR	11	3	14	0.21428571428571427	2	1	1	0.6593	1	0.6593	0.6593	False	0.65	1.91
20	31572959	G	A	SUN5	Silent	70	22	92	0.2391304347826087	2	1	1	0.7358	1	0.7358	0.7358	False	0.65	1.91
20	33329447	G	C	NCOA6	Missense_Mutation	69	32	101	0.31683168316831684	2	1	1	0.9749	1	0.9749	0.9749	True	0.65	1.91
20	33345853	G	T	NCOA6	Nonsense_Mutation	64	12	76	0.15789473684210525	2	1	1	0.4858	1	0.4858	0.4858	False	0.65	1.91
20	33345886	G	C	NCOA6	Missense_Mutation	55	12	67	0.1791044776119403	2	1	1	0.5511	1	0.5511	0.5511	False	0.65	1.91
20	35242200	G	A	SLA2	3'UTR	24	7	31	0.22580645161290322	2	1	1	0.6948	1	0.6948	0.6948	False	0.65	1.91
20	37531330	C	T	PPP1R16B	Silent	104	38	142	0.2676056338028169	2	1	1	0.8234	1	0.8234	0.8234	False	0.65	1.91
20	39991014	C	G	EMILIN3	Missense_Mutation	39	23	62	0.3709677419354839	2	1	1	1.1414	1	1.1414	1.0	True	0.65	1.91
20	43752854	G	A	WFDC12	Silent	87	21	108	0.19444444444444445	2	1	1	0.5983	1	0.5983	0.5983	False	0.65	1.91
20	46292220	C	T	SULF2	Nonsense_Mutation	123	52	175	0.29714285714285715	2	1	1	0.9143	1	0.9143	0.9143	True	0.65	1.91
20	47632816	G	A	ARFGEF2	Splice_Site	10	7	17	0.4117647058823529	2	1	1	1.267	1	1.267	1.0	True	0.65	1.91
20	49626176	C	G	KCNG1	Missense_Mutation	21	6	27	0.2222222222222222	2	1	1	0.6838	1	0.6838	0.6838	False	0.65	1.91
20	56191489	C	G	ZBP1	Missense_Mutation	100	8	108	0.07407407407407407	2	1	1	0.2279	1	0.2279	0.2279	False	0.65	1.91
20	60776067	G	A	MTG2	Silent	37	7	44	0.1590909090909091	2	1	1	0.4895	1	0.4895	0.4895	False	0.65	1.91
20	62044887	C	T	KCNQ2	Missense_Mutation	129	59	188	0.31382978723404253	2	1	1	0.9656	1	0.9656	0.9656	True	0.65	1.91
20	62365043	G	A	ZGPAT	Missense_Mutation	144	11	155	0.07096774193548387	2	1	1	0.2184	1	0.2184	0.2184	False	0.65	1.91
21	44837607	C	G	SIK1	Missense_Mutation	5	4	9	0.4444444444444444	1	1	0	0.9231	1	0.9231	0.9231	True	0.65	1.91
21	45475711	G	C	TRAPPC10	Missense_Mutation	44	33	77	0.42857142857142855	1	1	0	0.8901	1	0.8901	0.8901	True	0.65	1.91
21	47588297	G	T	SPATC1L	Silent	17	11	28	0.39285714285714285	1	1	0	0.8159	1	0.8159	0.8159	False	0.65	1.91
22	17688052	G	C	CECR1	Missense_Mutation	51	25	76	0.32894736842105265	1	1	0	0.6832	1	0.6832	0.6832	False	0.65	1.91
22	19318995	G	C	HIRA	Missense_Mutation	59	20	79	0.25316455696202533	2	1	1	0.779	1	0.779	0.779	False	0.65	1.91
22	20720865	C	T	USP41	Missense_Mutation	17	8	25	0.32	2	1	1	0.9846	1	0.9846	0.9846	True	0.65	1.91
22	24159044	C	G	SMARCB1	Missense_Mutation	65	23	88	0.26136363636363635	2	1	1	0.8042	1	0.8042	0.8042	False	0.65	1.91
22	24472190	G	A	CABIN1	Missense_Mutation	57	6	63	0.09523809523809523	2	1	1	0.293	1	0.293	0.293	False	0.65	1.91
22	24921750	C	A	UPB1	Silent	167	59	226	0.2610619469026549	2	1	1	0.8033	1	0.8033	0.8033	False	0.65	1.91
22	30731650	G	A	SF3A1	Silent	79	6	85	0.07058823529411765	2	1	1	0.2172	1	0.2172	0.2172	False	0.65	1.91
22	32439361	C	G	SLC5A1	Missense_Mutation	29	15	44	0.3409090909090909	2	1	1	1.049	1	1.049	1.0	True	0.65	1.91
22	32589273	T	C	RFPL2	Intron	53	25	78	0.32051282051282054	2	1	1	0.9862	1	0.9862	0.9862	True	0.65	1.91
22	36691695	G	C	MYH9	Missense_Mutation	33	7	40	0.175	3	2	1	0.7135	1	0.7135	0.7135	False	0.65	1.91
22	37271760	T	A	NCF4	Silent	99	66	165	0.4	3	2	1	1.6308	2	0.8154	0.8154	False	0.65	1.91
22	37603468	G	A	SSTR3	Silent	172	11	183	0.060109289617486336	3	2	1	0.2451	1	0.2451	0.2451	False	0.65	1.91
22	41568575	T	C	EP300	Missense_Mutation	21	13	34	0.38235294117647056	3	2	1	1.5588	2	0.7794	0.7794	False	0.65	1.91
22	42159272	G	A	MEI1	Missense_Mutation	81	24	105	0.22857142857142856	3	2	1	0.9319	1	0.9319	0.9319	True	0.65	1.91
22	42206267	C	T	CCDC134	Silent	48	10	58	0.1724137931034483	3	2	1	0.7029	1	0.7029	0.7029	False	0.65	1.91
22	42522878	C	T	CYP2D6	Silent	20	6	26	0.23076923076923078	3	2	1	0.9408	1	0.9408	0.9408	True	0.65	1.91
22	42608728	C	T	TCF20	Missense_Mutation	119	23	142	0.1619718309859155	3	2	1	0.6603	1	0.6603	0.6603	False	0.65	1.91
22	43088851	A	G	A4GALT	3'UTR	33	17	50	0.34	3	2	1	1.3862	1	1.3862	1.0	True	0.65	1.91
22	43575731	C	T	TTLL12	Missense_Mutation	148	11	159	0.06918238993710692	3	2	1	0.2821	1	0.2821	0.2821	False	0.65	1.91
22	43658776	C	G	SCUBE1	Missense_Mutation	105	27	132	0.20454545454545456	3	2	1	0.8339	1	0.8339	0.8339	False	0.65	1.91
22	45750012	G	A	SMC1B	Missense_Mutation	86	14	100	0.14	3	2	1	0.5708	1	0.5708	0.5708	False	0.65	1.91
22	50904621	G	A	SBF1	Silent	29	57	86	0.6627906976744186	2	2	0	2.0394	2	1.0197	1.0	True	0.65	1.91
22	50905863	G	A	SBF1	Silent	46	86	132	0.6515151515151515	2	2	0	2.0047	2	1.0023	1.0	True	0.65	1.91
22	50906864	G	A	SBF1	Silent	12	17	29	0.5862068965517241	2	2	0	1.8037	2	0.9019	0.9019	True	0.65	1.91
X	8553316	G	A	KAL1	Missense_Mutation	7	9	16	0.5625	2	1	1	1.7308	1	1.7308	1.0	True	0.65	1.91
X	12736686	G	C	FRMPD4	Missense_Mutation	40	49	89	0.550561797752809	2	1	1	1.694	1	1.694	1.0	True	0.65	1.91
X	19378896	C	T	MAP3K15	Missense_Mutation	38	9	47	0.19148936170212766	2	1	1	0.5892	1	0.5892	0.5892	False	0.65	1.91
X	24229099	C	T	ZFX	Missense_Mutation	19	34	53	0.6415094339622641	2	1	1	1.9739	1	1.9739	1.0	True	0.65	1.91
X	37652986	C	T	CYBB	Missense_Mutation	14	15	29	0.5172413793103449	2	1	1	1.5915	1	1.5915	1.0	True	0.65	1.91
X	39934032	C	T	BCOR	Silent	34	24	58	0.41379310344827586	2	1	1	1.2732	1	1.2732	1.0	True	0.65	1.91
X	53581834	C	G	HUWE1	Missense_Mutation	21	4	25	0.16	2	1	1	0.4923	1	0.4923	0.4923	False	0.65	1.91
X	54497828	G	A	FGD1	Missense_Mutation	22	24	46	0.5217391304347826	2	1	1	1.6054	1	1.6054	1.0	True	0.65	1.91
X	55479417	G	A	MAGEH1	Missense_Mutation	25	29	54	0.5370370370370371	2	1	1	1.6524	1	1.6524	1.0	True	0.65	1.91
X	57935379	C	T	ZXDA	Silent	17	36	53	0.6792452830188679	2	1	1	2.09	1	2.09	1.0	True	0.65	1.91
X	64138922	C	A	ZC4H2	Missense_Mutation	14	19	33	0.5757575757575758	2	1	1	1.7716	1	1.7716	1.0	True	0.65	1.91
X	69507618	C	T	PDZD11	Silent	15	21	36	0.5833333333333334	2	1	1	1.7949	1	1.7949	1.0	True	0.65	1.91
X	69510574	G	A	KIF4A	Missense_Mutation	11	3	14	0.21428571428571427	2	1	1	0.6593	1	0.6593	0.6593	False	0.65	1.91
X	73041383	C	G	XIST	RNA	4	9	13	0.6923076923076923	2	1	1	2.1302	1	2.1302	1.0	True	0.65	1.91
X	73072124	G	A	XIST	RNA	4	5	9	0.5555555555555556	2	1	1	1.7094	1	1.7094	1.0	True	0.65	1.91
X	79999598	C	T	BRWD3	Nonsense_Mutation	19	21	40	0.525	2	1	1	1.6154	1	1.6154	1.0	True	0.65	1.91
X	86877418	C	A	KLHL4	Missense_Mutation	17	20	37	0.5405405405405406	2	1	1	1.6632	1	1.6632	1.0	True	0.65	1.91
X	107911639	G	T	COL4A5	Missense_Mutation	10	11	21	0.5238095238095238	2	1	1	1.6117	1	1.6117	1.0	True	0.65	1.91
X	123525968	C	T	TENM1	Silent	12	15	27	0.5555555555555556	2	1	1	1.7094	1	1.7094	1.0	True	0.65	1.91
X	136113677	C	T	GPR101	Missense_Mutation	36	39	75	0.52	2	1	1	1.6	1	1.6	1.0	True	0.65	1.91
X	136113756	G	A	GPR101	Silent	37	40	77	0.5194805194805194	2	1	1	1.5984	1	1.5984	1.0	True	0.65	1.91
X	140335790	C	G	SPANXC	Missense_Mutation	102	36	138	0.2608695652173913	2	1	1	0.8027	1	0.8027	0.8027	False	0.65	1.91
X	140993583	T	A	MAGEC1	Silent	27	33	60	0.55	2	1	1	1.6923	1	1.6923	1.0	True	0.65	1.91
X	141291672	C	A	MAGEC2	Missense_Mutation	41	50	91	0.5494505494505495	2	1	1	1.6906	1	1.6906	1.0	True	0.65	1.91
Y	4966455	C	A	PCDH11Y	Missense_Mutation	26	28	54	0.5185185185185185	2	1	1	1.5954	1	1.5954	1.0	True	0.65	1.91
