chr	pos	ref	alt	gene	classification	t_ref_count	t_alt_count	total_depth	vaf	local_cn	major_cn	minor_cn	mcn	multiplicity	ccf	ccf_capped	is_clonal	purity	ploidy
1	1573174	C	T	CDK11B	Missense_Mutation	125	43	168	0.25595238095238093	1	1	0	0.3535	1	0.3535	0.3535	False	0.84	1.82
1	9910706	C	T	CTNNBIP1	3'UTR	23	22	45	0.4888888888888889	1	1	0	0.6751	1	0.6751	0.6751	False	0.84	1.82
1	11308146	C	G	MTOR	Silent	74	13	87	0.14942528735632185	1	1	0	0.2063	1	0.2063	0.2063	False	0.84	1.82
1	11561505	C	G	PTCHD2	Missense_Mutation	23	7	30	0.23333333333333334	1	1	0	0.3222	1	0.3222	0.3222	False	0.84	1.82
1	11855349	C	A	MTHFR	Missense_Mutation	22	9	31	0.2903225806451613	1	1	0	0.4009	1	0.4009	0.4009	False	0.84	1.82
1	12337822	G	A	VPS13D	Missense_Mutation	46	9	55	0.16363636363636364	1	1	0	0.226	1	0.226	0.226	False	0.84	1.82
1	12921262	C	G	PRAMEF2	Silent	145	37	182	0.2032967032967033	1	1	0	0.2807	1	0.2807	0.2807	False	0.84	1.82
1	15894522	C	A	DNAJC16	Silent	47	7	54	0.12962962962962962	1	1	0	0.179	1	0.179	0.179	False	0.84	1.82
1	16258291	C	T	SPEN	Silent	51	6	57	0.10526315789473684	1	1	0	0.1454	1	0.1454	0.1454	False	0.84	1.82
1	16260668	C	G	SPEN	Missense_Mutation	86	13	99	0.13131313131313133	1	1	0	0.1813	1	0.1813	0.1813	False	0.84	1.82
1	16632313	G	A	FBXO42	Nonsense_Mutation	27	32	59	0.5423728813559322	1	1	0	0.749	1	0.749	0.749	False	0.84	1.82
1	18961018	G	A	PAX7	Missense_Mutation	10	13	23	0.5652173913043478	1	1	0	0.7805	1	0.7805	0.7805	False	0.84	1.82
1	21031102	C	G	KIF17	Missense_Mutation	23	25	48	0.5208333333333334	1	1	0	0.7192	1	0.7192	0.7192	False	0.84	1.82
1	22211278	C	G	HSPG2	Missense_Mutation	13	4	17	0.23529411764705882	1	1	0	0.3249	1	0.3249	0.3249	False	0.84	1.82
1	22817960	C	G	ZBTB40	Silent	55	29	84	0.34523809523809523	1	1	0	0.4768	1	0.4768	0.4768	False	0.84	1.82
1	23189568	G	T	EPHB2	Nonsense_Mutation	82	15	97	0.15463917525773196	1	1	0	0.2135	1	0.2135	0.2135	False	0.84	1.82
1	26163917	G	A	AUNIP	Silent	41	8	49	0.16326530612244897	1	1	0	0.2255	1	0.2255	0.2255	False	0.84	1.82
1	27250652	G	A	NUDC	Missense_Mutation	23	14	37	0.3783783783783784	1	1	0	0.5225	1	0.5225	0.5225	False	0.84	1.82
1	27876708	G	A	AHDC1	Missense_Mutation	61	43	104	0.41346153846153844	1	1	0	0.571	1	0.571	0.571	False	0.84	1.82
1	28116078	C	A	STX12	Missense_Mutation	9	17	26	0.6538461538461539	1	1	0	0.9029	1	0.9029	0.9029	True	0.84	1.82
1	36235472	G	A	CLSPN	5'UTR	36	9	45	0.2	1	1	0	0.2762	1	0.2762	0.2762	False	0.84	1.82
1	36932836	C	T	CSF3R	Missense_Mutation	29	24	53	0.4528301886792453	1	1	0	0.6253	1	0.6253	0.6253	False	0.84	1.82
1	39876466	G	C	KIAA0754	Missense_Mutation	41	8	49	0.16326530612244897	1	1	0	0.2255	1	0.2255	0.2255	False	0.84	1.82
1	39893212	G	C	MACF1	Missense_Mutation	109	17	126	0.1349206349206349	1	1	0	0.1863	1	0.1863	0.1863	False	0.84	1.82
1	39920611	C	T	MACF1	Missense_Mutation	49	15	64	0.234375	1	1	0	0.3237	1	0.3237	0.3237	False	0.84	1.82
1	40129051	G	C	NT5C1A	Silent	20	16	36	0.4444444444444444	1	1	0	0.6138	1	0.6138	0.6138	False	0.84	1.82
1	40137689	C	A	NT5C1A	Nonsense_Mutation	10	17	27	0.6296296296296297	1	1	0	0.8695	1	0.8695	0.8695	True	0.84	1.82
1	43011226	G	A	CCDC30	Missense_Mutation	46	6	52	0.11538461538461539	1	1	0	0.1593	1	0.1593	0.1593	False	0.84	1.82
1	43825981	C	T	CDC20	Missense_Mutation	55	11	66	0.16666666666666666	1	1	0	0.2302	1	0.2302	0.2302	False	0.84	1.82
1	44463575	G	C	SLC6A9	Silent	22	6	28	0.21428571428571427	1	1	0	0.2959	1	0.2959	0.2959	False	0.84	1.82
1	45293264	C	G	PTCH2	Silent	14	10	24	0.4166666666666667	1	1	0	0.5754	1	0.5754	0.5754	False	0.84	1.82
1	47110895	C	G	ATPAF1	Missense_Mutation	68	15	83	0.18072289156626506	1	1	0	0.2496	1	0.2496	0.2496	False	0.84	1.82
1	52399020	C	T	RAB3B	Missense_Mutation	60	12	72	0.16666666666666666	1	1	0	0.2302	1	0.2302	0.2302	False	0.84	1.82
1	54474610	C	T	LDLRAD1	3'UTR	35	29	64	0.453125	1	1	0	0.6257	1	0.6257	0.6257	False	0.84	1.82
1	54675719	G	A	MRPL37	Silent	72	18	90	0.2	1	1	0	0.2762	1	0.2762	0.2762	False	0.84	1.82
1	62675752	G	C	L1TD1	Missense_Mutation	29	5	34	0.14705882352941177	2	1	0	0.3501	1	0.3501	0.3501	False	0.84	1.82
1	70503886	T	A	LRRC7	Silent	116	22	138	0.15942028985507245	2	1	0	0.3796	1	0.3796	0.3796	False	0.84	1.82
1	75055606	G	C	C1orf173	Missense_Mutation	120	5	125	0.04	2	1	1	0.0952	1	0.0952	0.0952	False	0.84	1.82
1	78481927	C	G	DNAJB4	Nonsense_Mutation	34	3	37	0.08108108108108109	2	1	1	0.1931	1	0.1931	0.1931	False	0.84	1.82
1	85331113	G	A	LPAR3	Missense_Mutation	31	3	34	0.08823529411764706	2	1	1	0.2101	1	0.2101	0.2101	False	0.84	1.82
1	91818148	G	C	HFM1	Missense_Mutation	73	12	85	0.1411764705882353	2	1	0	0.3361	1	0.3361	0.3361	False	0.84	1.82
1	92200453	C	T	TGFBR3	Missense_Mutation	122	6	128	0.046875	2	1	0	0.1116	1	0.1116	0.1116	False	0.84	1.82
1	94048201	G	A	BCAR3	Missense_Mutation	22	10	32	0.3125	2	2	0	0.744	1	0.744	0.744	False	0.84	1.82
1	94461712	C	A	ABCA4	Missense_Mutation	27	6	33	0.18181818181818182	2	2	0	0.4329	1	0.4329	0.4329	False	0.84	1.82
1	94463667	C	G	ABCA4	Splice_Site	33	16	49	0.32653061224489793	2	2	0	0.7775	1	0.7775	0.7775	False	0.84	1.82
1	94522291	G	T	ABCA4	Missense_Mutation	12	8	20	0.4	2	2	0	0.9524	1	0.9524	0.9524	True	0.84	1.82
1	95448580	G	C	ALG14	3'UTR	25	5	30	0.16666666666666666	2	1	0	0.3968	1	0.3968	0.3968	False	0.84	1.82
1	100366354	C	G	AGL	Silent	130	27	157	0.17197452229299362	2	1	0	0.4095	1	0.4095	0.4095	False	0.84	1.82
1	109192905	G	A	HENMT1	Silent	39	31	70	0.44285714285714284	2	1	0	1.0544	1	1.0544	1.0	True	0.84	1.82
1	110230832	C	G	GSTM1	Nonsense_Mutation	11	53	64	0.828125	2	1	1	1.9717	1	1.9717	1.0	True	0.84	1.82
1	112020609	C	T	C1orf162	Missense_Mutation	61	18	79	0.22784810126582278	2	1	0	0.5425	1	0.5425	0.5425	False	0.84	1.82
1	114123190	G	C	MAGI3	Missense_Mutation	87	13	100	0.13	2	1	1	0.3095	1	0.3095	0.3095	False	0.84	1.82
1	116931591	A	C	ATP1A1	Missense_Mutation	97	12	109	0.11009174311926606	2	1	1	0.2621	1	0.2621	0.2621	False	0.84	1.82
1	120336844	G	A	REG4	3'UTR	34	35	69	0.5072463768115942	2	1	1	1.2077	1	1.2077	1.0	True	0.84	1.82
1	144930814	C	G	PDE4DIP	Intron	140	21	161	0.13043478260869565	2	1	1	0.3106	1	0.3106	0.3106	False	0.84	1.82
1	145535801	G	C	ITGA10	Missense_Mutation	90	38	128	0.296875	2	1	1	0.7068	1	0.7068	0.7068	False	0.84	1.82
1	146057328	C	G	NBPF11	Missense_Mutation	47	6	53	0.11320754716981132	2	1	1	0.2695	1	0.2695	0.2695	False	0.84	1.82
1	149877306	A	G	SV2A	Intron	16	22	38	0.5789473684210527	2	1	1	1.3784	1	1.3784	1.0	True	0.84	1.82
1	150921954	C	T	SETDB1	Silent	84	4	88	0.045454545454545456	2	1	1	0.1082	1	0.1082	0.1082	False	0.84	1.82
1	151109457	G	A	SEMA6C	Missense_Mutation	99	64	163	0.39263803680981596	2	1	1	0.9349	1	0.9349	0.9349	True	0.84	1.82
1	151337144	C	T	SELENBP1	Missense_Mutation	48	45	93	0.4838709677419355	2	1	1	1.1521	1	1.1521	1.0	True	0.84	1.82
1	152084813	C	G	TCHH	Missense_Mutation	70	7	77	0.09090909090909091	2	1	1	0.2165	1	0.2165	0.2165	False	0.84	1.82
1	152286608	C	G	FLG	Missense_Mutation	112	49	161	0.30434782608695654	2	1	1	0.7246	1	0.7246	0.7246	False	0.84	1.82
1	152659531	G	A	LCE2B	Missense_Mutation	158	72	230	0.3130434782608696	2	1	1	0.7453	1	0.7453	0.7453	False	0.84	1.82
1	152857121	G	C	SMCP	Missense_Mutation	111	10	121	0.08264462809917356	2	1	1	0.1968	1	0.1968	0.1968	False	0.84	1.82
1	153911438	C	G	DENND4B	Missense_Mutation	9	11	20	0.55	2	1	1	1.3095	1	1.3095	1.0	True	0.84	1.82
1	154548288	C	T	CHRNB2	Silent	90	47	137	0.34306569343065696	2	1	1	0.8168	1	0.8168	0.8168	False	0.84	1.82
1	154940182	G	C	SHC1	Silent	33	29	62	0.46774193548387094	2	1	1	1.1137	1	1.1137	1.0	True	0.84	1.82
1	155226122	C	T	SCAMP3	Missense_Mutation	66	39	105	0.37142857142857144	2	1	1	0.8844	1	0.8844	0.8844	True	0.84	1.82
1	155279912	G	T	FDPS	Missense_Mutation	84	8	92	0.08695652173913043	2	1	1	0.207	1	0.207	0.207	False	0.84	1.82
1	155491384	C	G	ASH1L	5'UTR	40	7	47	0.14893617021276595	2	1	1	0.3546	1	0.3546	0.3546	False	0.84	1.82
1	155911572	G	A	RXFP4	Silent	69	75	144	0.5208333333333334	2	1	1	1.2401	1	1.2401	1.0	True	0.84	1.82
1	155912050	G	A	RXFP4	Missense_Mutation	53	35	88	0.3977272727272727	2	1	1	0.947	1	0.947	0.947	True	0.84	1.82
1	155912094	G	A	RXFP4	Silent	58	35	93	0.3763440860215054	2	1	1	0.8961	1	0.8961	0.8961	True	0.84	1.82
1	156046476	G	A	MEX3A	Silent	24	4	28	0.14285714285714285	2	1	1	0.3401	1	0.3401	0.3401	False	0.84	1.82
1	156518209	G	T	IQGAP3	Missense_Mutation	29	35	64	0.546875	2	1	1	1.3021	1	1.3021	1.0	True	0.84	1.82
1	156616607	C	T	BCAN	Missense_Mutation	20	14	34	0.4117647058823529	2	1	1	0.9804	1	0.9804	0.9804	True	0.84	1.82
1	156647076	G	A	NES	5'UTR	12	11	23	0.4782608695652174	2	1	1	1.1387	1	1.1387	1.0	True	0.84	1.82
1	158577164	A	C	OR10Z1	Missense_Mutation	151	11	162	0.06790123456790123	2	1	1	0.1617	1	0.1617	0.1617	False	0.84	1.82
1	158911862	A	G	PYHIN1	Silent	72	12	84	0.14285714285714285	2	1	1	0.3401	1	0.3401	0.3401	False	0.84	1.82
1	159825786	G	A	VSIG8	Silent	9	6	15	0.4	2	1	1	0.9524	1	0.9524	0.9524	True	0.84	1.82
1	159832291	G	C	VSIG8	Missense_Mutation	74	8	82	0.0975609756097561	2	1	1	0.2323	1	0.2323	0.2323	False	0.84	1.82
1	160252287	C	G	PEX19	Missense_Mutation	107	21	128	0.1640625	2	1	1	0.3906	1	0.3906	0.3906	False	0.84	1.82
1	161094084	C	G	DEDD	Missense_Mutation	14	19	33	0.5757575757575758	2	1	1	1.3709	1	1.3709	1.0	True	0.84	1.82
1	174973906	G	A	CACYBP	Missense_Mutation	74	9	83	0.10843373493975904	2	1	1	0.2582	1	0.2582	0.2582	False	0.84	1.82
1	179504085	T	C	AXDND1	Missense_Mutation	32	15	47	0.3191489361702128	2	1	1	0.7599	1	0.7599	0.7599	False	0.84	1.82
1	180158727	C	A	QSOX1	Missense_Mutation	47	65	112	0.5803571428571429	1	1	0	0.8014	1	0.8014	0.8014	False	0.84	1.82
1	183604789	C	A	ARPC5	Silent	4	21	25	0.84	1	1	0	1.16	1	1.16	1.0	True	0.84	1.82
1	186047318	A	C	HMCN1	Silent	25	6	31	0.1935483870967742	1	1	0	0.2673	1	0.2673	0.2673	False	0.84	1.82
1	186089219	G	A	HMCN1	Missense_Mutation	13	38	51	0.7450980392156863	1	1	0	1.0289	1	1.0289	1.0	True	0.84	1.82
1	193119499	C	G	CDC73	Missense_Mutation	37	19	56	0.3392857142857143	2	1	1	0.8078	1	0.8078	0.8078	False	0.84	1.82
1	197071989	T	G	ASPM	Missense_Mutation	155	12	167	0.0718562874251497	2	1	1	0.1711	1	0.1711	0.1711	False	0.84	1.82
1	205042211	G	A	CNTN2	Missense_Mutation	7	8	15	0.5333333333333333	2	1	1	1.2698	1	1.2698	1.0	True	0.84	1.82
1	205739904	C	T	RAB7L1	Missense_Mutation	31	24	55	0.43636363636363634	2	1	1	1.039	1	1.039	1.0	True	0.84	1.82
1	214169991	G	C	PROX1	Missense_Mutation	33	15	48	0.3125	1	1	1	0.4315	1	0.4315	0.4315	False	0.84	1.82
1	214170440	G	A	PROX1	Missense_Mutation	33	14	47	0.2978723404255319	1	1	1	0.4113	1	0.4113	0.4113	False	0.84	1.82
1	216595450	G	C	USH2A	Missense_Mutation	16	10	26	0.38461538461538464	1	1	1	0.5311	1	0.5311	0.5311	False	0.84	1.82
1	223987671	G	A	TP53BP2	Missense_Mutation	38	31	69	0.4492753623188406	1	1	1	0.6204	1	0.6204	0.6204	False	0.84	1.82
1	226180268	T	A	SDE2	Silent	70	17	87	0.19540229885057472	1	1	1	0.2698	1	0.2698	0.2698	False	0.84	1.82
1	226180269	C	T	SDE2	Splice_Site	69	17	86	0.19767441860465115	1	1	1	0.273	1	0.273	0.273	False	0.84	1.82
1	235292031	C	G	TOMM20	5'UTR	74	31	105	0.29523809523809524	2	1	1	0.7029	1	0.7029	0.7029	False	0.84	1.82
2	1667492	C	A	PXDN	Silent	83	35	118	0.2966101694915254	2	2	1	0.7062	1	0.7062	0.7062	False	0.84	1.82
2	9541463	G	A	ASAP2	Missense_Mutation	47	6	53	0.11320754716981132	2	1	1	0.2695	1	0.2695	0.2695	False	0.84	1.82
2	25982503	T	C	ASXL2	Missense_Mutation	42	30	72	0.4166666666666667	2	1	1	0.9921	1	0.9921	0.9921	True	0.84	1.82
2	28836940	T	C	PLB1	Missense_Mutation	49	12	61	0.19672131147540983	2	1	1	0.4684	1	0.4684	0.4684	False	0.84	1.82
2	28843819	T	C	PLB1	Silent	57	40	97	0.41237113402061853	2	1	1	0.9818	1	0.9818	0.9818	True	0.84	1.82
2	33614370	G	C	LTBP1	Missense_Mutation	75	7	82	0.08536585365853659	2	1	1	0.2033	1	0.2033	0.2033	False	0.84	1.82
2	40342585	A	G	SLC8A1	Silent	30	17	47	0.3617021276595745	2	1	1	0.8612	1	0.8612	0.8612	True	0.84	1.82
2	43919773	C	G	PLEKHH2	Missense_Mutation	74	15	89	0.16853932584269662	2	1	1	0.4013	1	0.4013	0.4013	False	0.84	1.82
2	45879351	C	T	PRKCE	Missense_Mutation	52	6	58	0.10344827586206896	2	1	1	0.2463	1	0.2463	0.2463	False	0.84	1.82
2	47698196	C	T	MSH2	Missense_Mutation	66	8	74	0.10810810810810811	2	1	1	0.2574	1	0.2574	0.2574	False	0.84	1.82
2	48808382	A	C	STON1-GTF2A1L	Missense_Mutation	43	15	58	0.25862068965517243	2	1	1	0.6158	1	0.6158	0.6158	False	0.84	1.82
2	50723087	A	G	NRXN1	Missense_Mutation	12	15	27	0.5555555555555556	2	1	1	1.3228	1	1.3228	1.0	True	0.84	1.82
2	55561703	C	T	CCDC88A	Missense_Mutation	80	12	92	0.13043478260869565	2	1	1	0.3106	1	0.3106	0.3106	False	0.84	1.82
2	61441806	G	T	USP34	Missense_Mutation	41	21	62	0.3387096774193548	2	1	1	0.8065	1	0.8065	0.8065	False	0.84	1.82
2	61441807	G	T	USP34	Silent	40	21	61	0.3442622950819672	2	1	1	0.8197	1	0.8197	0.8197	False	0.84	1.82
2	61447506	C	G	USP34	Missense_Mutation	217	177	394	0.44923857868020306	2	1	1	1.0696	1	1.0696	1.0	True	0.84	1.82
2	63053319	A	T	EHBP1	Missense_Mutation	65	25	90	0.2777777777777778	2	1	1	0.6614	1	0.6614	0.6614	False	0.84	1.82
2	65309759	C	G	CEP68	Missense_Mutation	67	58	125	0.464	2	1	1	1.1048	1	1.1048	1.0	True	0.84	1.82
2	73285717	G	A	SFXN5	Silent	18	12	30	0.4	2	1	1	0.9524	1	0.9524	0.9524	True	0.84	1.82
2	74512955	C	T	SLC4A5	Missense_Mutation	17	9	26	0.34615384615384615	2	1	1	0.8242	1	0.8242	0.8242	False	0.84	1.82
2	74783562	G	A	DOK1	Missense_Mutation	22	17	39	0.4358974358974359	2	1	1	1.0379	1	1.0379	1.0	True	0.84	1.82
2	89160423	G	A	IGKJ4	Silent	48	32	80	0.4	2	1	1	0.9524	1	0.9524	0.9524	True	0.84	1.82
2	96692049	G	A	GPAT2	Missense_Mutation	25	5	30	0.16666666666666666	2	1	1	0.3968	1	0.3968	0.3968	False	0.84	1.82
2	113405244	G	A	SLC20A1	Missense_Mutation	101	7	108	0.06481481481481481	1	1	0	0.0895	1	0.0895	0.0895	False	0.84	1.82
2	118579511	G	C	DDX18	Missense_Mutation	52	24	76	0.3157894736842105	1	1	0	0.4361	1	0.4361	0.4361	False	0.84	1.82
2	118579777	G	C	DDX18	Missense_Mutation	57	14	71	0.19718309859154928	1	1	0	0.2723	1	0.2723	0.2723	False	0.84	1.82
2	120075062	G	A	C2orf76	Missense_Mutation	6	3	9	0.3333333333333333	1	1	0	0.4603	1	0.4603	0.4603	False	0.84	1.82
2	128346127	C	G	MYO7B	Missense_Mutation	41	8	49	0.16326530612244897	1	1	0	0.2255	1	0.2255	0.2255	False	0.84	1.82
2	128699705	G	C	SAP130	Missense_Mutation	50	18	68	0.2647058823529412	1	1	0	0.3655	1	0.3655	0.3655	False	0.84	1.82
2	130865602	G	C	POTEF	Missense_Mutation	20	7	27	0.25925925925925924	1	1	0	0.358	1	0.358	0.358	False	0.84	1.82
2	136481533	G	A	R3HDM1	Missense_Mutation	40	6	46	0.13043478260869565	1	1	1	0.1801	1	0.1801	0.1801	False	0.84	1.82
2	141816473	G	C	LRP1B	Missense_Mutation	48	6	54	0.1111111111111111	1	1	1	0.1534	1	0.1534	0.1534	False	0.84	1.82
2	160087249	C	G	TANC1	Missense_Mutation	24	7	31	0.22580645161290322	1	1	0	0.3118	1	0.3118	0.3118	False	0.84	1.82
2	162092053	C	G	TANK	3'UTR	34	13	47	0.2765957446808511	1	1	0	0.382	1	0.382	0.382	False	0.84	1.82
2	164466371	C	A	FIGN	Silent	44	13	57	0.22807017543859648	1	1	0	0.315	1	0.315	0.315	False	0.84	1.82
2	165947801	C	G	SCN3A	Missense_Mutation	37	46	83	0.5542168674698795	1	1	1	0.7653	1	0.7653	0.7653	False	0.84	1.82
2	166187985	C	T	SCN2A	Silent	126	32	158	0.20253164556962025	1	1	1	0.2797	1	0.2797	0.2797	False	0.84	1.82
2	168114752	G	A	XIRP2	3'UTR	34	17	51	0.3333333333333333	1	1	1	0.4603	1	0.4603	0.4603	False	0.84	1.82
2	170417041	T	C	FASTKD1	Missense_Mutation	38	33	71	0.4647887323943662	1	1	1	0.6419	1	0.6419	0.6419	False	0.84	1.82
2	170938397	A	G	UBR3	3'UTR	32	20	52	0.38461538461538464	1	1	1	0.5311	1	0.5311	0.5311	False	0.84	1.82
2	178592834	C	G	PDE11A	Missense_Mutation	19	24	43	0.5581395348837209	2	1	1	1.3289	1	1.3289	1.0	True	0.84	1.82
2	179236888	G	C	OSBPL6	Missense_Mutation	39	38	77	0.4935064935064935	2	1	1	1.175	1	1.175	1.0	True	0.84	1.82
2	179413832	C	G	TTN	Missense_Mutation	55	29	84	0.34523809523809523	2	1	1	0.822	1	0.822	0.822	False	0.84	1.82
2	179444736	G	A	TTN	Silent	72	41	113	0.36283185840707965	2	1	1	0.8639	1	0.8639	0.8639	True	0.84	1.82
2	179517257	G	C	TTN	Missense_Mutation	93	39	132	0.29545454545454547	2	1	1	0.7035	1	0.7035	0.7035	False	0.84	1.82
2	187455218	C	T	ITGAV	Silent	6	16	22	0.7272727272727273	2	1	1	1.7316	1	1.7316	1.0	True	0.84	1.82
2	196729560	G	A	DNAH7	Silent	42	41	83	0.4939759036144578	1	1	0	0.6822	1	0.6822	0.6822	False	0.84	1.82
2	210560522	A	G	MAP2	Missense_Mutation	24	6	30	0.2	1	1	0	0.2762	1	0.2762	0.2762	False	0.84	1.82
2	211464286	G	C	CPS1	Splice_Site	40	11	51	0.21568627450980393	1	1	0	0.2979	1	0.2979	0.2979	False	0.84	1.82
2	220397128	C	G	ASIC4	Missense_Mutation	9	14	23	0.6086956521739131	1	1	0	0.8406	1	0.8406	0.8406	False	0.84	1.82
2	227953366	C	T	COL4A4	Intron	57	15	72	0.20833333333333334	1	1	0	0.2877	1	0.2877	0.2877	False	0.84	1.82
2	228882145	C	G	SPHKAP	Missense_Mutation	15	14	29	0.4827586206896552	1	1	0	0.6667	1	0.6667	0.6667	False	0.84	1.82
2	231065663	G	A	SP110	Missense_Mutation	81	19	100	0.19	1	1	0	0.2624	1	0.2624	0.2624	False	0.84	1.82
2	234545777	C	G	UGT1A10	Missense_Mutation	138	25	163	0.15337423312883436	1	1	0	0.2118	1	0.2118	0.2118	False	0.84	1.82
2	237074742	C	A	GBX2	Nonsense_Mutation	54	20	74	0.2702702702702703	1	1	0	0.3732	1	0.3732	0.3732	False	0.84	1.82
2	242511723	C	T	BOK	Silent	9	7	16	0.4375	1	1	0	0.6042	1	0.6042	0.6042	False	0.84	1.82
3	9803397	G	C	CAMK1	Missense_Mutation	19	7	26	0.2692307692307692	1	1	0	0.3718	1	0.3718	0.3718	False	0.84	1.82
3	20082251	C	T	KAT2B	Silent	7	16	23	0.6956521739130435	1	1	0	0.9607	1	0.9607	0.9607	True	0.84	1.82
3	36884168	G	A	TRANK1	Missense_Mutation	15	4	19	0.21052631578947367	1	1	0	0.2907	1	0.2907	0.2907	False	0.84	1.82
3	40552976	G	C	ZNF620	Missense_Mutation	40	43	83	0.5180722891566265	1	1	0	0.7154	1	0.7154	0.7154	False	0.84	1.82
3	42684037	G	C	NKTR	Missense_Mutation	37	23	60	0.38333333333333336	2	1	1	0.9127	1	0.9127	0.9127	True	0.84	1.82
3	43388851	T	C	SNRK	Missense_Mutation	21	69	90	0.7666666666666667	1	1	0	1.0587	1	1.0587	1.0	True	0.84	1.82
3	44943329	G	A	TGM4	Missense_Mutation	8	12	20	0.6	1	1	0	0.8286	1	0.8286	0.8286	False	0.84	1.82
3	44943391	G	C	TGM4	Missense_Mutation	8	22	30	0.7333333333333333	1	1	0	1.0127	1	1.0127	1.0	True	0.84	1.82
3	45637103	C	T	LIMD1	Silent	20	14	34	0.4117647058823529	1	1	0	0.5686	1	0.5686	0.5686	False	0.84	1.82
3	45637110	C	T	LIMD1	Nonsense_Mutation	18	17	35	0.4857142857142857	1	1	0	0.6707	1	0.6707	0.6707	False	0.84	1.82
3	49163562	C	G	LAMB2	Missense_Mutation	4	9	13	0.6923076923076923	1	1	0	0.956	1	0.956	0.956	True	0.84	1.82
3	50095162	G	A	RBM6	Silent	15	57	72	0.7916666666666666	1	1	0	1.0933	1	1.0933	1.0	True	0.84	1.82
3	50095425	G	C	RBM6	Missense_Mutation	2	7	9	0.7777777777777778	1	1	0	1.0741	1	1.0741	1.0	True	0.84	1.82
3	50095429	G	A	RBM6	Silent	2	7	9	0.7777777777777778	1	1	0	1.0741	1	1.0741	1.0	True	0.84	1.82
3	54958790	G	A	LRTM1	Nonsense_Mutation	138	11	149	0.0738255033557047	4	3	2	0.3234	1	0.3234	0.3234	False	0.84	1.82
3	56766332	C	G	ARHGEF3	Missense_Mutation	61	9	70	0.12857142857142856	2	1	1	0.3061	1	0.3061	0.3061	False	0.84	1.82
3	58368262	C	G	PXK	Missense_Mutation	38	10	48	0.20833333333333334	2	1	1	0.496	1	0.496	0.496	False	0.84	1.82
3	62153648	G	C	PTPRG	Missense_Mutation	32	17	49	0.3469387755102041	1	1	0	0.4791	1	0.4791	0.4791	False	0.84	1.82
3	64085079	C	T	PRICKLE2	Missense_Mutation	46	5	51	0.09803921568627451	1	1	0	0.1354	1	0.1354	0.1354	False	0.84	1.82
3	97806692	G	C	OR5AC2	Missense_Mutation	47	3	50	0.06	2	1	1	0.1429	1	0.1429	0.1429	False	0.84	1.82
3	100469284	A	G	ABI3BP	3'UTR	36	38	74	0.5135135135135135	2	1	1	1.2227	1	1.2227	1.0	True	0.84	1.82
3	108118017	C	G	MYH15	Missense_Mutation	93	6	99	0.06060606060606061	2	1	1	0.1443	1	0.1443	0.1443	False	0.84	1.82
3	111962924	C	G	SLC9C1	Splice_Site	45	9	54	0.16666666666666666	2	1	1	0.3968	1	0.3968	0.3968	False	0.84	1.82
3	112184871	A	G	BTLA	3'UTR	34	33	67	0.4925373134328358	2	1	1	1.1727	1	1.1727	1.0	True	0.84	1.82
3	113342289	G	C	SIDT1	Missense_Mutation	177	17	194	0.08762886597938144	2	1	1	0.2086	1	0.2086	0.2086	False	0.84	1.82
3	113524349	A	C	ATP6V1A	Missense_Mutation	38	54	92	0.5869565217391305	2	1	1	1.3975	1	1.3975	1.0	True	0.84	1.82
3	113955249	C	G	ZNF80	Missense_Mutation	99	40	139	0.28776978417266186	2	1	1	0.6852	1	0.6852	0.6852	False	0.84	1.82
3	119528917	G	A	NR1I2	Missense_Mutation	30	12	42	0.2857142857142857	2	1	1	0.6803	1	0.6803	0.6803	False	0.84	1.82
3	119962903	G	C	GPR156	Missense_Mutation	35	32	67	0.47761194029850745	2	1	1	1.1372	1	1.1372	1.0	True	0.84	1.82
3	120469741	T	G	GTF2E1	Missense_Mutation	56	26	82	0.3170731707317073	2	1	1	0.7549	1	0.7549	0.7549	False	0.84	1.82
3	121215657	G	C	POLQ	Missense_Mutation	84	5	89	0.056179775280898875	2	1	1	0.1338	1	0.1338	0.1338	False	0.84	1.82
3	121417734	C	G	GOLGB1	Missense_Mutation	146	36	182	0.1978021978021978	2	1	1	0.471	1	0.471	0.471	False	0.84	1.82
3	121615266	C	G	SLC15A2	Missense_Mutation	87	38	125	0.304	2	1	1	0.7238	1	0.7238	0.7238	False	0.84	1.82
3	122123117	G	C	FAM162A	Missense_Mutation	29	5	34	0.14705882352941177	2	1	1	0.3501	1	0.3501	0.3501	False	0.84	1.82
3	122126241	G	A	FAM162A	Intron	27	4	31	0.12903225806451613	2	1	1	0.3072	1	0.3072	0.3072	False	0.84	1.82
3	122928200	C	G	SEC22A	Missense_Mutation	46	37	83	0.4457831325301205	2	1	1	1.0614	1	1.0614	1.0	True	0.84	1.82
3	126180360	G	A	ZXDC	Intron	20	6	26	0.23076923076923078	2	1	1	0.5495	1	0.5495	0.5495	False	0.84	1.82
3	127786429	G	C	SEC61A1	Missense_Mutation	59	22	81	0.2716049382716049	2	1	1	0.6467	1	0.6467	0.6467	False	0.84	1.82
3	128982814	A	G	COPG1	Missense_Mutation	43	34	77	0.44155844155844154	2	1	1	1.0513	1	1.0513	1.0	True	0.84	1.82
3	129695613	G	C	TRH	Missense_Mutation	61	8	69	0.11594202898550725	2	1	1	0.2761	1	0.2761	0.2761	False	0.84	1.82
3	130656283	C	T	ATP2C1	Silent	65	44	109	0.4036697247706422	2	1	1	0.9611	1	0.9611	0.9611	True	0.84	1.82
3	132202409	A	G	DNAJC13	Missense_Mutation	43	27	70	0.38571428571428573	2	1	1	0.9184	1	0.9184	0.9184	True	0.84	1.82
3	136323277	C	G	STAG1	Missense_Mutation	90	20	110	0.18181818181818182	2	1	1	0.4329	1	0.4329	0.4329	False	0.84	1.82
3	140406715	G	C	TRIM42	Missense_Mutation	44	5	49	0.10204081632653061	2	1	1	0.243	1	0.243	0.243	False	0.84	1.82
3	140409818	G	C	TRIM42	Missense_Mutation	56	23	79	0.2911392405063291	2	1	1	0.6932	1	0.6932	0.6932	False	0.84	1.82
3	142094679	G	T	XRN1	Nonsense_Mutation	58	38	96	0.3958333333333333	2	1	1	0.9425	1	0.9425	0.9425	True	0.84	1.82
3	156763331	G	C	LEKR1	Missense_Mutation	38	36	74	0.4864864864864865	2	1	1	1.1583	1	1.1583	1.0	True	0.84	1.82
3	160025478	G	A	IFT80	Missense_Mutation	87	12	99	0.12121212121212122	4	3	1	0.531	1	0.531	0.531	False	0.84	1.82
3	170781596	G	C	TNIK	3'UTR	14	5	19	0.2631578947368421	2	1	1	0.6266	1	0.6266	0.6266	False	0.84	1.82
3	170801984	C	T	TNIK	Silent	36	4	40	0.1	2	1	1	0.2381	1	0.2381	0.2381	False	0.84	1.82
3	172025174	C	G	FNDC3B	Silent	60	10	70	0.14285714285714285	2	1	1	0.3401	1	0.3401	0.3401	False	0.84	1.82
3	172064204	G	A	FNDC3B	Missense_Mutation	53	39	92	0.42391304347826086	2	1	1	1.0093	1	1.0093	1.0	True	0.84	1.82
3	178936091	G	A	PIK3CA	Missense_Mutation	36	19	55	0.34545454545454546	2	1	1	0.8225	1	0.8225	0.8225	False	0.84	1.82
3	183824031	C	G	HTR3E	Silent	23	11	34	0.3235294117647059	2	1	1	0.7703	1	0.7703	0.7703	False	0.84	1.82
3	184922317	C	G	EHHADH	Missense_Mutation	70	49	119	0.4117647058823529	2	1	1	0.9804	1	0.9804	0.9804	True	0.84	1.82
3	185906167	C	T	DGKG	Missense_Mutation	26	22	48	0.4583333333333333	2	1	1	1.0913	1	1.0913	1.0	True	0.84	1.82
3	189705370	G	A	LEPREL1	Silent	52	32	84	0.38095238095238093	2	1	1	0.907	1	0.907	0.907	True	0.84	1.82
3	193335031	G	A	OPA1	Silent	48	18	66	0.2727272727272727	2	1	1	0.6494	1	0.6494	0.6494	False	0.84	1.82
4	844769	C	T	GAK	Missense_Mutation	111	16	127	0.12598425196850394	2	1	1	0.3	1	0.3	0.3	False	0.84	1.82
4	25391770	C	T	ANAPC4	Silent	54	11	65	0.16923076923076924	1	1	0	0.2337	1	0.2337	0.2337	False	0.84	1.82
4	36163133	C	G	ARAP2	Missense_Mutation	44	3	47	0.06382978723404255	1	1	0	0.0881	1	0.0881	0.0881	False	0.84	1.82
4	38775591	C	G	TLR10	Missense_Mutation	61	19	80	0.2375	1	1	0	0.328	1	0.328	0.328	False	0.84	1.82
4	38776964	C	T	TLR10	Missense_Mutation	23	27	50	0.54	1	1	0	0.7457	1	0.7457	0.7457	False	0.84	1.82
4	46042911	C	G	GABRG1	3'UTR	9	9	18	0.5	1	1	0	0.6905	1	0.6905	0.6905	False	0.84	1.82
4	57889615	G	A	POLR2B	Missense_Mutation	77	28	105	0.26666666666666666	3	2	0	0.9016	1	0.9016	0.9016	True	0.84	1.82
4	69431361	G	A	UGT2B17	Missense_Mutation	16	75	91	0.8241758241758241	2	1	1	1.9623	1	1.9623	1.0	True	0.84	1.82
4	69512743	C	T	UGT2B15	3'UTR	23	6	29	0.20689655172413793	2	1	1	0.4926	1	0.4926	0.4926	False	0.84	1.82
4	69512806	C	T	UGT2B15	3'UTR	84	15	99	0.15151515151515152	2	1	1	0.3608	1	0.3608	0.3608	False	0.84	1.82
4	71555505	G	C	UTP3	Missense_Mutation	53	11	64	0.171875	2	1	0	0.4092	1	0.4092	0.4092	False	0.84	1.82
4	71654602	T	A	RUFY3	Missense_Mutation	33	6	39	0.15384615384615385	2	1	0	0.3663	1	0.3663	0.3663	False	0.84	1.82
4	74719087	C	G	PF4V1	Missense_Mutation	53	11	64	0.171875	3	3	1	0.5811	1	0.5811	0.5811	False	0.84	1.82
4	79199812	G	A	FRAS1	Missense_Mutation	43	8	51	0.1568627450980392	2	2	1	0.3735	1	0.3735	0.3735	False	0.84	1.82
4	79199884	G	A	FRAS1	Missense_Mutation	41	4	45	0.08888888888888889	2	2	1	0.2116	1	0.2116	0.2116	False	0.84	1.82
4	89649952	C	T	FAM13A	Intron	4	7	11	0.6363636363636364	2	1	1	1.5152	1	1.5152	1.0	True	0.84	1.82
4	110737358	G	C	GAR1	Missense_Mutation	44	17	61	0.2786885245901639	2	1	1	0.6635	1	0.6635	0.6635	False	0.84	1.82
4	113352015	G	A	ALPK1	Missense_Mutation	71	8	79	0.10126582278481013	2	1	1	0.2411	1	0.2411	0.2411	False	0.84	1.82
4	115589294	G	A	UGT8	Missense_Mutation	74	12	86	0.13953488372093023	2	1	1	0.3322	1	0.3322	0.3322	False	0.84	1.82
4	118975531	G	C	NDST3	Missense_Mutation	41	13	54	0.24074074074074073	2	1	1	0.5732	1	0.5732	0.5732	False	0.84	1.82
4	119252891	G	A	PRSS12	Silent	38	9	47	0.19148936170212766	2	1	1	0.4559	1	0.4559	0.4559	False	0.84	1.82
4	121738001	G	T	PRDM5	Missense_Mutation	142	45	187	0.24064171122994651	2	1	1	0.573	1	0.573	0.573	False	0.84	1.82
4	134072252	A	C	PCDH10	Missense_Mutation	35	29	64	0.453125	1	1	1	0.6257	1	0.6257	0.6257	False	0.84	1.82
4	152680029	C	G	PET112	Missense_Mutation	50	31	81	0.38271604938271603	1	1	1	0.5285	1	0.5285	0.5285	False	0.84	1.82
4	157771462	C	G	PDGFC	Missense_Mutation	26	13	39	0.3333333333333333	1	1	1	0.4603	1	0.4603	0.4603	False	0.84	1.82
4	164054328	G	C	NAF1	Silent	42	3	45	0.06666666666666667	1	1	1	0.0921	1	0.0921	0.0921	False	0.84	1.82
4	164247524	C	G	NPY1R	Missense_Mutation	42	18	60	0.3	1	1	1	0.4143	1	0.4143	0.4143	False	0.84	1.82
4	187521283	G	A	FAT1	Nonsense_Mutation	45	12	57	0.21052631578947367	1	1	1	0.2907	1	0.2907	0.2907	False	0.84	1.82
5	304328	C	T	PDCD6	Missense_Mutation	67	14	81	0.1728395061728395	4	2	2	0.7572	1	0.7572	0.7572	False	0.84	1.82
5	462333	C	G	EXOC3	Missense_Mutation	174	29	203	0.14285714285714285	4	2	2	0.6259	1	0.6259	0.6259	False	0.84	1.82
5	5461390	C	T	KIAA0947	Missense_Mutation	148	24	172	0.13953488372093023	5	3	2	0.7508	1	0.7508	0.7508	False	0.84	1.82
5	13923440	G	C	DNAH5	Missense_Mutation	518	27	545	0.04954128440366973	6	3	2	0.3161	1	0.3161	0.3161	False	0.84	1.82
5	14304687	C	G	TRIO	Missense_Mutation	304	12	316	0.0379746835443038	6	3	2	0.2423	1	0.2423	0.2423	False	0.84	1.82
5	14481697	G	C	TRIO	Missense_Mutation	248	39	287	0.13588850174216027	6	3	2	0.8671	1	0.8671	0.8671	True	0.84	1.82
5	19503204	G	A	CDH18	Silent	177	9	186	0.04838709677419355	6	3	3	0.3088	1	0.3088	0.3088	False	0.84	1.82
5	24487828	G	A	CDH10	Missense_Mutation	348	57	405	0.14074074074074075	6	3	2	0.8981	1	0.8981	0.8981	True	0.84	1.82
5	32400206	A	C	ZFR	Missense_Mutation	170	10	180	0.05555555555555555	5	3	2	0.2989	1	0.2989	0.2989	False	0.84	1.82
5	33881350	C	G	ADAMTS12	Missense_Mutation	150	14	164	0.08536585365853659	5	3	2	0.4593	1	0.4593	0.4593	False	0.84	1.82
5	37176048	G	A	C5orf42	Nonsense_Mutation	330	38	368	0.10326086956521739	7	5	2	0.7622	1	0.7622	0.7622	False	0.84	1.82
5	37294531	G	C	NUP155	Missense_Mutation	133	12	145	0.08275862068965517	5	4	2	0.4453	1	0.4453	0.4453	False	0.84	1.82
5	37350278	G	A	NUP155	Silent	164	34	198	0.1717171717171717	5	4	2	0.924	1	0.924	0.924	True	0.84	1.82
5	39202404	G	C	FYB	Missense_Mutation	195	28	223	0.12556053811659193	5	4	2	0.6756	1	0.6756	0.6756	False	0.84	1.82
5	39202487	G	C	FYB	Silent	182	31	213	0.14553990610328638	5	4	2	0.7831	1	0.7831	0.7831	False	0.84	1.82
5	40769524	G	T	PRKAA1	Nonsense_Mutation	286	29	315	0.09206349206349207	5	4	2	0.4954	1	0.4954	0.4954	False	0.84	1.82
5	40769603	G	C	PRKAA1	Missense_Mutation	248	26	274	0.0948905109489051	5	4	2	0.5106	1	0.5106	0.5106	False	0.84	1.82
5	40832806	G	C	RPL37	Intron	155	13	168	0.07738095238095238	5	4	2	0.4164	1	0.4164	0.4164	False	0.84	1.82
5	41150087	C	G	C6	Missense_Mutation	194	19	213	0.0892018779342723	5	4	2	0.48	1	0.48	0.48	False	0.84	1.82
5	41382415	C	A	PLCXD3	Nonsense_Mutation	192	70	262	0.26717557251908397	5	4	2	1.4377	1	1.4377	1.0	True	0.84	1.82
5	41382524	G	C	PLCXD3	Silent	183	9	192	0.046875	5	4	2	0.2522	1	0.2522	0.2522	False	0.84	1.82
5	41939561	A	T	FBXO4	Missense_Mutation	197	73	270	0.27037037037037037	5	4	2	1.4549	1	1.4549	1.0	True	0.84	1.82
5	43529943	C	G	PAIP1	Missense_Mutation	210	21	231	0.09090909090909091	5	4	2	0.4892	1	0.4892	0.4892	False	0.84	1.82
5	43651878	C	G	NNT	Missense_Mutation	370	62	432	0.14351851851851852	5	4	2	0.7723	1	0.7723	0.7723	False	0.84	1.82
5	49963909	C	A	PARP8	Missense_Mutation	115	46	161	0.2857142857142857	2	2	0	0.6803	1	0.6803	0.6803	False	0.84	1.82
5	52225454	G	A	ITGA1	Splice_Site	21	9	30	0.3	1	1	0	0.4143	1	0.4143	0.4143	False	0.84	1.82
5	63510096	G	C	RNF180	Missense_Mutation	10	14	24	0.5833333333333334	1	1	0	0.8056	1	0.8056	0.8056	False	0.84	1.82
5	95234307	G	T	ELL2	Missense_Mutation	39	30	69	0.43478260869565216	1	1	0	0.6004	1	0.6004	0.6004	False	0.84	1.82
5	95735691	C	T	PCSK1	Missense_Mutation	5	13	18	0.7222222222222222	1	1	0	0.9974	1	0.9974	0.9974	True	0.84	1.82
5	127595503	C	A	FBN2	Nonsense_Mutation	51	13	64	0.203125	1	1	0	0.2805	1	0.2805	0.2805	False	0.84	1.82
5	132222059	G	C	AFF4	Missense_Mutation	119	24	143	0.16783216783216784	3	3	0	0.5674	1	0.5674	0.5674	False	0.84	1.82
5	132234008	C	T	AFF4	Missense_Mutation	114	34	148	0.22972972972972974	3	3	0	0.7767	1	0.7767	0.7767	False	0.84	1.82
5	140186904	C	A	PCDHA4	Missense_Mutation	43	20	63	0.31746031746031744	1	1	0	0.4384	1	0.4384	0.4384	False	0.84	1.82
5	140626446	G	C	PCDHB15	Missense_Mutation	15	46	61	0.7540983606557377	1	1	0	1.0414	1	1.0414	1.0	True	0.84	1.82
5	140768593	C	A	PCDHGB4	Missense_Mutation	38	17	55	0.3090909090909091	1	1	0	0.4268	1	0.4268	0.4268	False	0.84	1.82
5	140788374	G	A	PCDHGB6	Missense_Mutation	10	8	18	0.4444444444444444	1	1	0	0.6138	1	0.6138	0.6138	False	0.84	1.82
5	146752763	C	T	STK32A	Missense_Mutation	72	25	97	0.25773195876288657	1	1	0	0.3559	1	0.3559	0.3559	False	0.84	1.82
5	172537598	G	C	CREBRF	Missense_Mutation	28	12	40	0.3	1	1	0	0.4143	1	0.4143	0.4143	False	0.84	1.82
5	178139370	G	C	ZNF354A	Missense_Mutation	72	20	92	0.21739130434782608	1	1	0	0.3002	1	0.3002	0.3002	False	0.84	1.82
6	12162085	C	G	HIVEP1	Missense_Mutation	85	9	94	0.09574468085106383	2	2	0	0.228	1	0.228	0.228	False	0.84	1.82
6	13365755	C	T	GFOD1	Missense_Mutation	12	62	74	0.8378378378378378	2	2	0	1.9949	2	0.9974	0.9974	True	0.84	1.82
6	17675821	G	C	NUP153	Missense_Mutation	73	10	83	0.12048192771084337	2	2	0	0.2869	1	0.2869	0.2869	False	0.84	1.82
6	26205029	G	A	HIST1H4E	Missense_Mutation	38	4	42	0.09523809523809523	1	1	0	0.1315	1	0.1315	0.1315	False	0.84	1.82
6	28500171	G	T	GPX5	Nonsense_Mutation	91	7	98	0.07142857142857142	2	2	0	0.1701	1	0.1701	0.1701	False	0.84	1.82
6	30036411	G	C	PPP1R11	Missense_Mutation	84	5	89	0.056179775280898875	3	3	0	0.1899	1	0.1899	0.1899	False	0.84	1.82
6	31125280	G	C	CCHCR1	Nonsense_Mutation	35	13	48	0.2708333333333333	3	3	0	0.9157	1	0.9157	0.9157	True	0.84	1.82
6	32053620	G	C	TNXB	Missense_Mutation	31	3	34	0.08823529411764706	1	1	0	0.1218	1	0.1218	0.1218	False	0.84	1.82
6	32138789	G	A	AGPAT1	Nonsense_Mutation	55	4	59	0.06779661016949153	1	1	0	0.0936	1	0.0936	0.0936	False	0.84	1.82
6	32945722	G	C	BRD2	Missense_Mutation	77	5	82	0.06097560975609756	2	1	1	0.1452	1	0.1452	0.1452	False	0.84	1.82
6	33281835	C	T	TAPBP	5'UTR	20	17	37	0.4594594594594595	2	1	1	1.094	1	1.094	1.0	True	0.84	1.82
6	38905888	C	T	DNAH8	Missense_Mutation	81	9	90	0.1	4	2	2	0.4381	1	0.4381	0.4381	False	0.84	1.82
6	39040716	C	G	GLP1R	Missense_Mutation	72	24	96	0.25	3	2	1	0.8452	1	0.8452	0.8452	False	0.84	1.82
6	41740660	G	A	FRS3	Silent	53	54	107	0.5046728971962616	4	3	2	2.2109	2	1.1055	1.0	True	0.84	1.82
6	43096945	C	T	PTK7	Missense_Mutation	27	47	74	0.6351351351351351	4	3	2	2.7825	3	0.9275	0.9275	True	0.84	1.82
6	43109405	G	A	PTK7	Splice_Site	143	23	166	0.13855421686746988	4	3	2	0.607	1	0.607	0.607	False	0.84	1.82
6	43109959	G	C	PTK7	Missense_Mutation	75	7	82	0.08536585365853659	4	3	2	0.374	1	0.374	0.374	False	0.84	1.82
6	43191853	G	C	CUL9	Missense_Mutation	95	140	235	0.5957446808510638	4	3	2	2.6099	3	0.87	0.87	True	0.84	1.82
6	43519175	C	G	XPO5	Missense_Mutation	77	69	146	0.4726027397260274	3	2	1	1.5978	2	0.7989	0.7989	False	0.84	1.82
6	44273474	C	T	AARS2	Silent	139	24	163	0.147239263803681	3	2	1	0.4978	1	0.4978	0.4978	False	0.84	1.82
6	50786664	C	G	TFAP2B	Silent	46	4	50	0.08	3	2	1	0.2705	1	0.2705	0.2705	False	0.84	1.82
6	51613215	G	A	PKHD1	Silent	114	25	139	0.17985611510791366	2	1	1	0.4282	1	0.4282	0.4282	False	0.84	1.82
6	51930823	G	C	PKHD1	Missense_Mutation	57	50	107	0.4672897196261682	2	1	1	1.1126	1	1.1126	1.0	True	0.84	1.82
6	56497790	G	C	DST	Missense_Mutation	57	23	80	0.2875	2	1	0	0.6845	1	0.6845	0.6845	False	0.84	1.82
6	57013008	G	C	ZNF451	Missense_Mutation	16	25	41	0.6097560975609756	2	1	0	1.4518	1	1.4518	1.0	True	0.84	1.82
6	66205361	A	T	EYS	5'UTR	7	4	11	0.36363636363636365	2	1	0	0.8658	1	0.8658	0.8658	True	0.84	1.82
6	76124547	C	T	FILIP1	Missense_Mutation	100	31	131	0.2366412213740458	1	1	0	0.3268	1	0.3268	0.3268	False	0.84	1.82
6	87943153	G	C	ZNF292	Missense_Mutation	60	10	70	0.14285714285714285	1	1	0	0.1973	1	0.1973	0.1973	False	0.84	1.82
6	87993946	G	A	GJB7	3'UTR	31	4	35	0.11428571428571428	1	1	0	0.1578	1	0.1578	0.1578	False	0.84	1.82
6	88258313	G	A	RARS2	Silent	26	5	31	0.16129032258064516	1	1	0	0.2227	1	0.2227	0.2227	False	0.84	1.82
6	89808556	G	C	SRSF12	Missense_Mutation	67	75	142	0.528169014084507	1	1	0	0.7294	1	0.7294	0.7294	False	0.84	1.82
6	90576358	G	A	CASP8AP2	RNA	8	5	13	0.38461538461538464	1	1	0	0.5311	1	0.5311	0.5311	False	0.84	1.82
6	97676802	C	T	MMS22L	Silent	30	29	59	0.4915254237288136	1	1	0	0.6788	1	0.6788	0.6788	False	0.84	1.82
6	100841640	G	T	SIM1	Missense_Mutation	33	14	47	0.2978723404255319	1	1	0	0.4113	1	0.4113	0.4113	False	0.84	1.82
6	100897504	G	A	SIM1	Silent	31	21	52	0.40384615384615385	1	1	0	0.5577	1	0.5577	0.5577	False	0.84	1.82
6	110541017	G	A	CDC40	Missense_Mutation	66	12	78	0.15384615384615385	1	1	0	0.2125	1	0.2125	0.2125	False	0.84	1.82
6	112440483	C	A	LAMA4	Missense_Mutation	28	23	51	0.45098039215686275	1	1	0	0.6228	1	0.6228	0.6228	False	0.84	1.82
6	119232887	G	C	MCM9	Missense_Mutation	36	11	47	0.23404255319148937	1	1	0	0.3232	1	0.3232	0.3232	False	0.84	1.82
6	124604274	C	T	NKAIN2	Missense_Mutation	48	16	64	0.25	1	1	0	0.3452	1	0.3452	0.3452	False	0.84	1.82
6	128410869	C	T	PTPRK	Silent	65	13	78	0.16666666666666666	1	1	0	0.2302	1	0.2302	0.2302	False	0.84	1.82
6	128540226	C	G	PTPRK	Missense_Mutation	70	12	82	0.14634146341463414	1	1	0	0.2021	1	0.2021	0.2021	False	0.84	1.82
6	133100529	C	A	SLC18B1	Nonsense_Mutation	32	17	49	0.3469387755102041	1	1	0	0.4791	1	0.4791	0.4791	False	0.84	1.82
6	137113081	G	T	MAP3K5	Missense_Mutation	19	5	24	0.20833333333333334	2	1	1	0.496	1	0.496	0.496	False	0.84	1.82
6	138428341	G	C	PERP	Missense_Mutation	39	15	54	0.2777777777777778	2	1	1	0.6614	1	0.6614	0.6614	False	0.84	1.82
6	143092003	C	G	HIVEP2	Missense_Mutation	162	30	192	0.15625	2	1	1	0.372	1	0.372	0.372	False	0.84	1.82
6	146870651	G	A	RAB32	Missense_Mutation	63	43	106	0.4056603773584906	2	1	1	0.9659	1	0.9659	0.9659	True	0.84	1.82
6	149262465	G	A	UST	Silent	107	13	120	0.10833333333333334	2	1	1	0.2579	1	0.2579	0.2579	False	0.84	1.82
6	149777857	C	T	ZC3H12D	Missense_Mutation	40	10	50	0.2	2	1	1	0.4762	1	0.4762	0.4762	False	0.84	1.82
6	159457058	C	T	TAGAP	Missense_Mutation	29	20	49	0.40816326530612246	2	1	1	0.9718	1	0.9718	0.9718	True	0.84	1.82
6	166571941	G	C	T	Silent	39	18	57	0.3157894736842105	2	1	1	0.7519	1	0.7519	0.7519	False	0.84	1.82
6	167571197	G	A	GPR31	Silent	18	5	23	0.21739130434782608	2	1	1	0.5176	1	0.5176	0.5176	False	0.84	1.82
6	168319586	G	C	MLLT4	Missense_Mutation	25	11	36	0.3055555555555556	2	1	1	0.7275	1	0.7275	0.7275	False	0.84	1.82
6	168352586	C	G	MLLT4	Missense_Mutation	41	9	50	0.18	2	1	1	0.4286	1	0.4286	0.4286	False	0.84	1.82
6	168370544	C	T	MLLT4	Nonsense_Mutation	18	7	25	0.28	2	1	1	0.6667	1	0.6667	0.6667	False	0.84	1.82
6	170632292	C	A	FAM120B	Missense_Mutation	49	17	66	0.25757575757575757	2	1	1	0.6133	1	0.6133	0.6133	False	0.84	1.82
7	4014064	G	C	SDK1	Missense_Mutation	42	9	51	0.17647058823529413	2	1	1	0.4202	1	0.4202	0.4202	False	0.84	1.82
7	5567222	C	T	ACTB	3'UTR	5	3	8	0.375	2	1	1	0.8929	1	0.8929	0.8929	True	0.84	1.82
7	5633095	C	G	FSCN1	Silent	16	17	33	0.5151515151515151	2	1	1	1.2266	1	1.2266	1.0	True	0.84	1.82
7	5780799	C	G	RNF216	Silent	82	8	90	0.08888888888888889	2	1	1	0.2116	1	0.2116	0.2116	False	0.84	1.82
7	10979667	G	T	NDUFA4	Silent	106	12	118	0.1016949152542373	2	1	1	0.2421	1	0.2421	0.2421	False	0.84	1.82
7	16502518	G	T	SOSTDC1	Silent	65	4	69	0.057971014492753624	2	1	1	0.138	1	0.138	0.138	False	0.84	1.82
7	21628952	C	G	DNAH11	Missense_Mutation	53	16	69	0.2318840579710145	2	1	1	0.5521	1	0.5521	0.5521	False	0.84	1.82
7	24681452	G	A	MPP6	Missense_Mutation	40	26	66	0.3939393939393939	2	1	1	0.938	1	0.938	0.938	True	0.84	1.82
7	27211545	C	G	HOXA10	Missense_Mutation	37	45	82	0.5487804878048781	2	1	1	1.3066	1	1.3066	1.0	True	0.84	1.82
7	28547236	C	G	CREB5	Missense_Mutation	202	51	253	0.2015810276679842	2	1	1	0.48	1	0.48	0.48	False	0.84	1.82
7	37780482	G	A	GPR141	Missense_Mutation	73	9	82	0.10975609756097561	2	1	1	0.2613	1	0.2613	0.2613	False	0.84	1.82
7	44575857	C	G	NPC1L1	Missense_Mutation	18	19	37	0.5135135135135135	2	1	1	1.2227	1	1.2227	1.0	True	0.84	1.82
7	50097593	G	A	ZPBP	Missense_Mutation	29	7	36	0.19444444444444445	2	1	1	0.463	1	0.463	0.463	False	0.84	1.82
7	53104150	C	T	POM121L12	Silent	67	12	79	0.1518987341772152	2	1	1	0.3617	1	0.3617	0.3617	False	0.84	1.82
7	56123323	C	T	CCT6A	Missense_Mutation	19	19	38	0.5	2	1	1	1.1905	1	1.1905	1.0	True	0.84	1.82
7	64442486	C	G	ZNF117	5'UTR	76	26	102	0.2549019607843137	2	2	1	0.6069	1	0.6069	0.6069	False	0.84	1.82
7	65751506	G	C	TPST1	Missense_Mutation	47	6	53	0.11320754716981132	2	2	0	0.2695	1	0.2695	0.2695	False	0.84	1.82
7	66274273	C	T	KCTD7	3'UTR	91	13	104	0.125	2	2	0	0.2976	1	0.2976	0.2976	False	0.84	1.82
7	70228071	C	T	AUTS2	Missense_Mutation	16	30	46	0.6521739130434783	2	2	0	1.5528	2	0.7764	0.7764	False	0.84	1.82
7	72430561	C	T	TRIM74	Silent	35	33	68	0.4852941176470588	2	2	0	1.1555	1	1.1555	1.0	True	0.84	1.82
7	74212563	C	G	GTF2IRD2	Missense_Mutation	36	9	45	0.2	2	2	0	0.4762	1	0.4762	0.4762	False	0.84	1.82
7	82763761	A	G	PCLO	Silent	22	14	36	0.3888888888888889	3	2	1	1.3148	1	1.3148	1.0	True	0.84	1.82
7	86808950	G	C	DMTF1	Silent	97	7	104	0.0673076923076923	3	2	1	0.2276	1	0.2276	0.2276	False	0.84	1.82
7	87022134	C	G	CROT	Silent	82	12	94	0.1276595744680851	3	2	1	0.4316	1	0.4316	0.4316	False	0.84	1.82
7	87564471	G	C	ADAM22	Silent	22	10	32	0.3125	3	2	1	1.0565	1	1.0565	1.0	True	0.84	1.82
7	91867019	C	T	KRIT1	Missense_Mutation	31	50	81	0.6172839506172839	2	2	0	1.4697	1	1.4697	1.0	True	0.84	1.82
7	93108738	G	T	CALCR	Silent	145	15	160	0.09375	2	2	0	0.2232	1	0.2232	0.2232	False	0.84	1.82
7	98645449	G	A	SMURF1	Missense_Mutation	185	8	193	0.04145077720207254	2	2	1	0.0987	1	0.0987	0.0987	False	0.84	1.82
7	99097327	C	G	ZNF394	Missense_Mutation	116	12	128	0.09375	2	2	1	0.2232	1	0.2232	0.2232	False	0.84	1.82
7	99129890	G	C	ZKSCAN5	3'UTR	71	31	102	0.30392156862745096	2	2	1	0.7236	1	0.7236	0.7236	False	0.84	1.82
7	100391801	G	T	ZAN	Intron	16	43	59	0.7288135593220338	2	2	0	1.7353	2	0.8676	0.8676	True	0.84	1.82
7	100684167	C	G	MUC17	Nonsense_Mutation	284	58	342	0.1695906432748538	2	2	0	0.4038	1	0.4038	0.4038	False	0.84	1.82
7	100685841	C	G	MUC17	Nonsense_Mutation	112	25	137	0.18248175182481752	2	2	0	0.4345	1	0.4345	0.4345	False	0.84	1.82
7	103281034	G	C	RELN	Silent	17	45	62	0.7258064516129032	2	2	0	1.7281	2	0.8641	0.8641	True	0.84	1.82
7	106509095	C	G	PIK3CG	Silent	57	22	79	0.27848101265822783	2	2	0	0.6631	1	0.6631	0.6631	False	0.84	1.82
7	116340289	G	C	MET	Missense_Mutation	130	11	141	0.07801418439716312	2	2	0	0.1857	1	0.1857	0.1857	False	0.84	1.82
7	129938623	G	C	CPA4	Missense_Mutation	82	11	93	0.11827956989247312	2	2	0	0.2816	1	0.2816	0.2816	False	0.84	1.82
7	130002789	T	C	CPA5	Missense_Mutation	31	39	70	0.5571428571428572	2	2	0	1.3265	1	1.3265	1.0	True	0.84	1.82
7	133689840	G	A	EXOC4	Missense_Mutation	31	68	99	0.6868686868686869	2	2	0	1.6354	2	0.8177	0.8177	False	0.84	1.82
7	134254185	G	C	AKR1B15	Missense_Mutation	69	20	89	0.2247191011235955	2	2	0	0.535	1	0.535	0.535	False	0.84	1.82
7	134881081	C	T	WDR91	Silent	38	5	43	0.11627906976744186	2	2	0	0.2769	1	0.2769	0.2769	False	0.84	1.82
7	137776586	G	T	AKR1D1	Missense_Mutation	46	25	71	0.352112676056338	2	2	0	0.8384	1	0.8384	0.8384	False	0.84	1.82
7	142459622	C	T	PRSS1	Intron	98	26	124	0.20967741935483872	2	2	0	0.4992	1	0.4992	0.4992	False	0.84	1.82
7	148800670	G	C	ZNF425	3'UTR	19	7	26	0.2692307692307692	2	2	0	0.641	1	0.641	0.641	False	0.84	1.82
7	148895472	C	T	ZNF282	Silent	74	15	89	0.16853932584269662	2	2	1	0.4013	1	0.4013	0.4013	False	0.84	1.82
7	149480665	G	A	SSPO	RNA	55	5	60	0.08333333333333333	2	2	0	0.1984	1	0.1984	0.1984	False	0.84	1.82
7	149558190	C	G	ZNF862	Missense_Mutation	18	7	25	0.28	2	2	0	0.6667	1	0.6667	0.6667	False	0.84	1.82
7	151680103	C	G	GALNTL5	Missense_Mutation	107	19	126	0.15079365079365079	2	2	0	0.359	1	0.359	0.359	False	0.84	1.82
7	151845790	C	G	KMT2C	Missense_Mutation	27	68	95	0.7157894736842105	2	2	0	1.7043	2	0.8521	0.8521	True	0.84	1.82
8	442722	C	G	TDRP	Missense_Mutation	103	6	109	0.05504587155963303	2	2	0	0.1311	1	0.1311	0.1311	False	0.84	1.82
8	12950222	T	C	DLC1	Silent	9	18	27	0.6666666666666666	2	2	0	1.5873	2	0.7937	0.7937	False	0.84	1.82
8	22333014	A	G	PPP3CC	Silent	36	65	101	0.6435643564356436	1	1	0	0.8887	1	0.8887	0.8887	True	0.84	1.82
8	33354239	G	A	MAK16	Missense_Mutation	4	5	9	0.5555555555555556	1	1	0	0.7672	1	0.7672	0.7672	False	0.84	1.82
8	38373935	G	A	C8orf86	Silent	152	46	198	0.23232323232323232	3	2	1	0.7855	1	0.7855	0.7855	False	0.84	1.82
8	39627032	G	C	ADAM2	Nonsense_Mutation	50	34	84	0.40476190476190477	3	2	1	1.3685	1	1.3685	1.0	True	0.84	1.82
8	41557053	G	C	ANK1	Missense_Mutation	144	43	187	0.22994652406417113	3	1	1	0.7774	1	0.7774	0.7774	False	0.84	1.82
8	53569401	C	G	RB1CC1	Missense_Mutation	149	61	210	0.2904761904761905	3	2	1	0.9821	1	0.9821	0.9821	True	0.84	1.82
8	62559382	C	T	ASPH	Silent	452	36	488	0.07377049180327869	3	2	1	0.2494	1	0.2494	0.2494	False	0.84	1.82
8	68089948	G	A	CSPP1	Missense_Mutation	104	6	110	0.05454545454545454	3	2	1	0.1844	1	0.1844	0.1844	False	0.84	1.82
8	70533285	G	C	SULF1	Missense_Mutation	37	32	69	0.463768115942029	3	2	1	1.568	2	0.784	0.784	False	0.84	1.82
8	86025181	C	T	LRRCC1	Missense_Mutation	60	4	64	0.0625	3	2	1	0.2113	1	0.2113	0.2113	False	0.84	1.82
8	91013744	C	T	DECR1	Silent	18	13	31	0.41935483870967744	3	2	1	1.4178	1	1.4178	1.0	True	0.84	1.82
8	95895084	C	A	CCNE2	Nonsense_Mutation	123	13	136	0.09558823529411764	3	2	1	0.3232	1	0.3232	0.3232	False	0.84	1.82
8	97892102	G	A	CPQ	Missense_Mutation	223	26	249	0.10441767068273092	3	2	1	0.353	1	0.353	0.353	False	0.84	1.82
8	99440250	G	A	KCNS2	Missense_Mutation	10	11	21	0.5238095238095238	3	2	1	1.771	2	0.8855	0.8855	True	0.84	1.82
8	101074914	G	C	RGS22	Missense_Mutation	31	23	54	0.42592592592592593	3	2	1	1.44	1	1.44	1.0	True	0.84	1.82
8	103291056	C	G	UBR5	Missense_Mutation	289	16	305	0.05245901639344262	4	3	1	0.2298	1	0.2298	0.2298	False	0.84	1.82
8	104330830	C	G	FZD6	Missense_Mutation	72	21	93	0.22580645161290322	3	2	1	0.7634	1	0.7634	0.7634	False	0.84	1.82
8	105601101	C	G	LRP12	Missense_Mutation	9	6	15	0.4	3	2	1	1.3524	1	1.3524	1.0	True	0.84	1.82
8	106815512	C	T	ZFPM2	Nonsense_Mutation	22	13	35	0.37142857142857144	3	2	1	1.2558	1	1.2558	1.0	True	0.84	1.82
8	113266540	G	C	CSMD3	Missense_Mutation	222	21	243	0.08641975308641975	4	2	1	0.3786	1	0.3786	0.3786	False	0.84	1.82
8	113697704	G	A	CSMD3	Missense_Mutation	113	35	148	0.23648648648648649	4	2	1	1.036	1	1.036	1.0	True	0.84	1.82
8	118159333	A	G	SLC30A8	Missense_Mutation	132	28	160	0.175	3	2	1	0.5917	1	0.5917	0.5917	False	0.84	1.82
8	125463473	C	T	TRMT12	Missense_Mutation	58	41	99	0.41414141414141414	3	2	1	1.4002	1	1.4002	1.0	True	0.84	1.82
8	141742717	G	C	PTK2	Intron	17	16	33	0.48484848484848486	3	2	1	1.6392	2	0.8196	0.8196	False	0.84	1.82
8	142367717	C	G	GPR20	Missense_Mutation	63	5	68	0.07352941176470588	3	2	1	0.2486	1	0.2486	0.2486	False	0.84	1.82
8	144889739	G	A	SCRIB	Missense_Mutation	87	34	121	0.2809917355371901	2	2	1	0.669	1	0.669	0.669	False	0.84	1.82
8	144900579	G	A	PUF60	Silent	35	14	49	0.2857142857142857	2	2	1	0.6803	1	0.6803	0.6803	False	0.84	1.82
8	144991023	G	A	PLEC	Silent	70	51	121	0.4214876033057851	2	2	1	1.0035	1	1.0035	1.0	True	0.84	1.82
8	144991279	G	A	PLEC	Missense_Mutation	80	35	115	0.30434782608695654	2	2	1	0.7246	1	0.7246	0.7246	False	0.84	1.82
8	145267981	C	T	MROH1	Intron	73	27	100	0.27	2	2	1	0.6429	1	0.6429	0.6429	False	0.84	1.82
8	145745405	C	G	LRRC14	Nonsense_Mutation	48	5	53	0.09433962264150944	2	2	1	0.2246	1	0.2246	0.2246	False	0.84	1.82
8	145998792	C	G	ZNF34	Missense_Mutation	112	63	175	0.36	2	2	1	0.8571	1	0.8571	0.8571	True	0.84	1.82
9	4663239	C	G	PPAPDC2	Silent	109	25	134	0.1865671641791045	2	2	0	0.4442	1	0.4442	0.4442	False	0.84	1.82
9	13168526	C	T	MPDZ	Missense_Mutation	28	112	140	0.8	2	2	0	1.9048	2	0.9524	0.9524	True	0.84	1.82
9	17791268	C	G	SH3GL2	Missense_Mutation	13	48	61	0.7868852459016393	2	2	0	1.8735	2	0.9368	0.9368	True	0.84	1.82
9	17791318	C	G	SH3GL2	Silent	11	41	52	0.7884615384615384	2	2	0	1.8773	2	0.9386	0.9386	True	0.84	1.82
9	21206643	G	C	IFNA10	Missense_Mutation	74	251	325	0.7723076923076924	2	2	0	1.8388	2	0.9194	0.9194	True	0.84	1.82
9	21334288	G	A	KLHL9	Silent	7	40	47	0.851063829787234	2	2	0	2.0263	2	1.0132	1.0	True	0.84	1.82
9	34660498	C	G	IL11RA	Intron	15	16	31	0.5161290322580645	1	1	0	0.7127	1	0.7127	0.7127	False	0.84	1.82
9	34660733	C	A	IL11RA	Intron	25	12	37	0.32432432432432434	1	1	0	0.4479	1	0.4479	0.4479	False	0.84	1.82
9	37441722	G	A	ZBTB5	Missense_Mutation	64	12	76	0.15789473684210525	1	1	0	0.218	1	0.218	0.218	False	0.84	1.82
9	37529146	G	A	FBXO10	Silent	5	9	14	0.6428571428571429	1	1	0	0.8878	1	0.8878	0.8878	True	0.84	1.82
9	37529147	G	A	FBXO10	Silent	5	9	14	0.6428571428571429	1	1	0	0.8878	1	0.8878	0.8878	True	0.84	1.82
9	75441871	C	T	TMC1	Missense_Mutation	157	8	165	0.048484848484848485	2	2	0	0.1154	1	0.1154	0.1154	False	0.84	1.82
9	86587824	G	C	HNRNPK	Missense_Mutation	88	9	97	0.09278350515463918	2	2	0	0.2209	1	0.2209	0.2209	False	0.84	1.82
9	96278456	G	C	FAM120A	Missense_Mutation	36	26	62	0.41935483870967744	2	2	0	0.9985	1	0.9985	0.9985	True	0.84	1.82
9	96318705	C	T	FAM120A	Silent	115	14	129	0.10852713178294573	2	2	0	0.2584	1	0.2584	0.2584	False	0.84	1.82
9	98222006	G	C	PTCH1	Missense_Mutation	61	11	72	0.1527777777777778	2	2	0	0.3638	1	0.3638	0.3638	False	0.84	1.82
9	99711919	C	G	HIATL2	Missense_Mutation	21	44	65	0.676923076923077	2	2	0	1.6117	2	0.8059	0.8059	False	0.84	1.82
9	107547777	G	C	ABCA1	Missense_Mutation	55	29	84	0.34523809523809523	2	2	0	0.822	1	0.822	0.822	False	0.84	1.82
9	114521556	G	C	C9orf84	Intron	51	13	64	0.203125	2	2	0	0.4836	1	0.4836	0.4836	False	0.84	1.82
9	125315777	C	G	OR1N2	Missense_Mutation	118	12	130	0.09230769230769231	2	2	0	0.2198	1	0.2198	0.2198	False	0.84	1.82
9	125920338	G	C	STRBP	Missense_Mutation	60	63	123	0.5121951219512195	2	2	0	1.2195	1	1.2195	1.0	True	0.84	1.82
9	127951943	G	C	PPP6C	Missense_Mutation	30	19	49	0.3877551020408163	2	2	0	0.9232	1	0.9232	0.9232	True	0.84	1.82
9	128347887	C	G	MAPKAP1	Silent	43	7	50	0.14	2	2	0	0.3333	1	0.3333	0.3333	False	0.84	1.82
9	135522335	G	T	DDX31	Missense_Mutation	29	17	46	0.3695652173913043	1	1	0	0.5104	1	0.5104	0.5104	False	0.84	1.82
9	135782175	C	T	TSC1	Missense_Mutation	49	5	54	0.09259259259259259	1	1	0	0.1279	1	0.1279	0.1279	False	0.84	1.82
9	139358919	G	C	SEC16A	Missense_Mutation	30	17	47	0.3617021276595745	1	1	0	0.4995	1	0.4995	0.4995	False	0.84	1.82
9	139699037	C	G	CCDC183	Missense_Mutation	68	5	73	0.0684931506849315	2	2	0	0.1631	1	0.1631	0.1631	False	0.84	1.82
9	140093677	C	G	TPRN	Missense_Mutation	63	13	76	0.17105263157894737	2	2	0	0.4073	1	0.4073	0.4073	False	0.84	1.82
10	415527	T	C	DIP2C	Missense_Mutation	45	34	79	0.43037974683544306	2	1	1	1.0247	1	1.0247	1.0	True	0.84	1.82
10	6151979	C	G	RBM17	Nonsense_Mutation	57	45	102	0.4411764705882353	2	1	1	1.0504	1	1.0504	1.0	True	0.84	1.82
10	15151794	C	G	NMT2	Missense_Mutation	61	28	89	0.3146067415730337	2	1	1	0.7491	1	0.7491	0.7491	False	0.84	1.82
10	15154822	C	G	NMT2	Missense_Mutation	48	55	103	0.5339805825242718	2	1	1	1.2714	1	1.2714	1.0	True	0.84	1.82
10	16949640	C	G	CUBN	Missense_Mutation	52	17	69	0.2463768115942029	2	1	1	0.5866	1	0.5866	0.5866	False	0.84	1.82
10	22048465	C	G	DNAJC1	Missense_Mutation	26	9	35	0.2571428571428571	2	1	1	0.6122	1	0.6122	0.6122	False	0.84	1.82
10	25241467	C	G	PRTFDC1	Missense_Mutation	5	8	13	0.6153846153846154	2	1	1	1.4652	1	1.4652	1.0	True	0.84	1.82
10	27031432	G	A	PDSS1	Missense_Mutation	42	7	49	0.14285714285714285	2	1	1	0.3401	1	0.3401	0.3401	False	0.84	1.82
10	27425215	G	C	YME1L1	Nonsense_Mutation	110	12	122	0.09836065573770492	2	1	1	0.2342	1	0.2342	0.2342	False	0.84	1.82
10	27687295	G	C	PTCHD3	Missense_Mutation	50	5	55	0.09090909090909091	2	1	1	0.2165	1	0.2165	0.2165	False	0.84	1.82
10	28101375	C	T	ARMC4	3'UTR	22	14	36	0.3888888888888889	2	1	1	0.9259	1	0.9259	0.9259	True	0.84	1.82
10	28101442	C	G	ARMC4	Nonstop_Mutation	63	39	102	0.38235294117647056	2	1	1	0.9104	1	0.9104	0.9104	True	0.84	1.82
10	31610457	G	A	ZEB1	Intron	133	11	144	0.0763888888888889	2	1	1	0.1819	1	0.1819	0.1819	False	0.84	1.82
10	32582639	C	G	EPC1	Missense_Mutation	58	9	67	0.13432835820895522	2	1	1	0.3198	1	0.3198	0.3198	False	0.84	1.82
10	37520408	G	C	ANKRD30A	3'UTR	44	9	53	0.16981132075471697	2	1	1	0.4043	1	0.4043	0.4043	False	0.84	1.82
10	43662529	C	T	CSGALNACT2	Missense_Mutation	19	6	25	0.24	2	1	1	0.5714	1	0.5714	0.5714	False	0.84	1.82
10	51821357	C	G	RP11-324H6.5	Splice_Site	262	102	364	0.2802197802197802	2	1	1	0.6672	1	0.6672	0.6672	False	0.84	1.82
10	64425908	C	G	ZNF365	Missense_Mutation	24	5	29	0.1724137931034483	1	1	0	0.2381	1	0.2381	0.2381	False	0.84	1.82
10	70532850	G	C	CCAR1	Missense_Mutation	11	3	14	0.21428571428571427	1	1	0	0.2959	1	0.2959	0.2959	False	0.84	1.82
10	71010045	G	C	HKDC1	Splice_Site	94	72	166	0.43373493975903615	1	1	0	0.599	1	0.599	0.599	False	0.84	1.82
10	73578394	C	G	PSAP	Missense_Mutation	33	149	182	0.8186813186813187	1	1	0	1.1306	1	1.1306	1.0	True	0.84	1.82
10	75038029	G	A	TTC18	Missense_Mutation	32	6	38	0.15789473684210525	1	1	0	0.218	1	0.218	0.218	False	0.84	1.82
10	75279565	G	A	USP54	Nonsense_Mutation	18	4	22	0.18181818181818182	1	1	0	0.2511	1	0.2511	0.2511	False	0.84	1.82
10	79565545	G	T	DLG5	Nonsense_Mutation	72	11	83	0.13253012048192772	1	1	0	0.183	1	0.183	0.183	False	0.84	1.82
10	82280628	G	C	TSPAN14	3'UTR	24	36	60	0.6	1	1	0	0.8286	1	0.8286	0.8286	False	0.84	1.82
10	91177102	C	T	IFIT5	Missense_Mutation	13	43	56	0.7678571428571429	1	1	0	1.0604	1	1.0604	1.0	True	0.84	1.82
10	91177617	C	G	IFIT5	Missense_Mutation	11	43	54	0.7962962962962963	1	1	0	1.0996	1	1.0996	1.0	True	0.84	1.82
10	96076414	G	C	PLCE1	Missense_Mutation	53	13	66	0.19696969696969696	1	1	0	0.272	1	0.272	0.272	False	0.84	1.82
10	96447916	G	C	CYP2C18	Missense_Mutation	40	32	72	0.4444444444444444	1	1	0	0.6138	1	0.6138	0.6138	False	0.84	1.82
10	99623982	C	G	GOLGA7B	Missense_Mutation	22	3	25	0.12	1	1	0	0.1657	1	0.1657	0.1657	False	0.84	1.82
10	103899371	C	G	PPRC1	Missense_Mutation	85	20	105	0.19047619047619047	1	1	0	0.263	1	0.263	0.263	False	0.84	1.82
10	104591322	G	C	CYP17A1	Missense_Mutation	15	15	30	0.5	1	1	0	0.6905	1	0.6905	0.6905	False	0.84	1.82
10	105921780	C	T	WDR96	Missense_Mutation	107	128	235	0.5446808510638298	1	1	0	0.7522	1	0.7522	0.7522	False	0.84	1.82
10	121689224	G	A	SEC23IP	Missense_Mutation	38	29	67	0.43283582089552236	1	1	0	0.5977	1	0.5977	0.5977	False	0.84	1.82
11	3720358	G	C	NUP98	Silent	104	20	124	0.16129032258064516	1	1	0	0.2227	1	0.2227	0.2227	False	0.84	1.82
11	5537102	G	A	UBQLNL	Silent	140	9	149	0.06040268456375839	1	1	0	0.0834	1	0.0834	0.0834	False	0.84	1.82
11	6942319	C	G	OR2D3	Missense_Mutation	42	13	55	0.23636363636363636	1	1	0	0.3264	1	0.3264	0.3264	False	0.84	1.82
11	7067996	G	C	NLRP14	Missense_Mutation	91	19	110	0.17272727272727273	1	1	0	0.2385	1	0.2385	0.2385	False	0.84	1.82
11	17150938	G	T	PIK3C2A	Missense_Mutation	36	5	41	0.12195121951219512	1	1	0	0.1684	1	0.1684	0.1684	False	0.84	1.82
11	19259625	C	G	E2F8	Missense_Mutation	36	8	44	0.18181818181818182	1	1	0	0.2511	1	0.2511	0.2511	False	0.84	1.82
11	32704976	C	G	CCDC73	Intron	8	4	12	0.3333333333333333	1	1	0	0.4603	1	0.4603	0.4603	False	0.84	1.82
11	32739656	A	G	CCDC73	Missense_Mutation	8	10	18	0.5555555555555556	1	1	0	0.7672	1	0.7672	0.7672	False	0.84	1.82
11	46568832	G	C	AMBRA1	Missense_Mutation	11	33	44	0.75	1	1	0	1.0357	1	1.0357	1.0	True	0.84	1.82
11	47602247	G	A	NDUFS3	Intron	4	11	15	0.7333333333333333	1	1	0	1.0127	1	1.0127	1.0	True	0.84	1.82
11	47602553	G	C	NDUFS3	Intron	9	37	46	0.8043478260869565	1	1	0	1.1108	1	1.1108	1.0	True	0.84	1.82
11	57003813	G	C	APLNR	Missense_Mutation	44	14	58	0.2413793103448276	3	2	1	0.8161	1	0.8161	0.8161	False	0.84	1.82
11	57472631	G	A	MED19	Silent	43	20	63	0.31746031746031744	3	2	1	1.0733	1	1.0733	1.0	True	0.84	1.82
11	57982331	C	G	OR1S1	Missense_Mutation	147	15	162	0.09259259259259259	3	2	1	0.3131	1	0.3131	0.3131	False	0.84	1.82
11	58892342	G	T	FAM111B	Nonsense_Mutation	45	18	63	0.2857142857142857	2	2	1	0.6803	1	0.6803	0.6803	False	0.84	1.82
11	58979693	T	A	MPEG1	Missense_Mutation	54	10	64	0.15625	2	2	1	0.372	1	0.372	0.372	False	0.84	1.82
11	59282631	G	C	OR4D9	Silent	94	40	134	0.29850746268656714	2	2	1	0.7107	1	0.7107	0.7107	False	0.84	1.82
11	61183840	C	T	CPSF7	Silent	26	46	72	0.6388888888888888	2	2	1	1.5212	2	0.7606	0.7606	False	0.84	1.82
11	63449203	G	C	RTN3	Missense_Mutation	26	3	29	0.10344827586206896	2	2	1	0.2463	1	0.2463	0.2463	False	0.84	1.82
11	63487292	A	G	RTN3	Missense_Mutation	72	26	98	0.2653061224489796	2	2	1	0.6317	1	0.6317	0.6317	False	0.84	1.82
11	64695600	G	C	PPP2R5B	Missense_Mutation	89	18	107	0.16822429906542055	2	2	1	0.4005	1	0.4005	0.4005	False	0.84	1.82
11	65003944	C	T	SLC22A20	RNA	13	8	21	0.38095238095238093	2	2	1	0.907	1	0.907	0.907	True	0.84	1.82
11	66359040	T	C	CCDC87	Missense_Mutation	134	76	210	0.3619047619047619	2	2	1	0.8617	1	0.8617	0.8617	True	0.84	1.82
11	66476457	G	C	SPTBN2	Silent	79	8	87	0.09195402298850575	2	2	1	0.2189	1	0.2189	0.2189	False	0.84	1.82
11	67200265	C	G	RPS6KB2	Missense_Mutation	100	7	107	0.06542056074766354	2	2	1	0.1558	1	0.1558	0.1558	False	0.84	1.82
11	67925321	G	C	SUV420H1	Missense_Mutation	67	18	85	0.21176470588235294	2	1	1	0.5042	1	0.5042	0.5042	False	0.84	1.82
11	68748293	G	A	MRGPRD	Nonsense_Mutation	40	9	49	0.1836734693877551	2	1	1	0.4373	1	0.4373	0.4373	False	0.84	1.82
11	70218446	G	C	PPFIA1	Missense_Mutation	29	32	61	0.5245901639344263	2	1	1	1.249	1	1.249	1.0	True	0.84	1.82
11	73996862	C	T	P4HA3	Missense_Mutation	102	9	111	0.08108108108108109	2	1	1	0.1931	1	0.1931	0.1931	False	0.84	1.82
11	74168589	G	A	KCNE3	Missense_Mutation	37	6	43	0.13953488372093023	2	1	1	0.3322	1	0.3322	0.3322	False	0.84	1.82
11	75298105	C	G	MAP6	Nonstop_Mutation	51	15	66	0.22727272727272727	2	1	1	0.5411	1	0.5411	0.5411	False	0.84	1.82
11	75298877	C	G	MAP6	Missense_Mutation	82	40	122	0.32786885245901637	2	1	1	0.7806	1	0.7806	0.7806	False	0.84	1.82
11	75298898	C	T	MAP6	Missense_Mutation	80	42	122	0.3442622950819672	2	1	1	0.8197	1	0.8197	0.8197	False	0.84	1.82
11	77047295	C	G	PAK1	Missense_Mutation	32	29	61	0.47540983606557374	2	1	1	1.1319	1	1.1319	1.0	True	0.84	1.82
11	77301163	G	T	AQP11	Silent	13	10	23	0.43478260869565216	2	1	1	1.0352	1	1.0352	1.0	True	0.84	1.82
11	92570844	C	T	FAT3	Silent	45	7	52	0.1346153846153846	2	2	1	0.3205	1	0.3205	0.3205	False	0.84	1.82
11	92616348	G	A	FAT3	Silent	148	8	156	0.05128205128205128	2	2	1	0.1221	1	0.1221	0.1221	False	0.84	1.82
11	95552066	G	C	CEP57	Missense_Mutation	18	20	38	0.5263157894736842	2	2	1	1.2531	1	1.2531	1.0	True	0.84	1.82
11	102593181	T	G	MMP8	Missense_Mutation	69	4	73	0.0547945205479452	2	2	1	0.1305	1	0.1305	0.1305	False	0.84	1.82
11	102710861	C	T	MMP3	Missense_Mutation	78	28	106	0.2641509433962264	2	2	1	0.6289	1	0.6289	0.6289	False	0.84	1.82
11	103106477	C	G	DYNC2H1	Missense_Mutation	40	7	47	0.14893617021276595	2	2	1	0.3546	1	0.3546	0.3546	False	0.84	1.82
11	108018203	C	T	ACAT1	3'UTR	39	3	42	0.07142857142857142	2	1	1	0.1701	1	0.1701	0.1701	False	0.84	1.82
11	108192065	G	C	ATM	Missense_Mutation	146	20	166	0.12048192771084337	2	1	1	0.2869	1	0.2869	0.2869	False	0.84	1.82
11	112104316	C	G	PTS	3'UTR	52	33	85	0.38823529411764707	2	1	1	0.9244	1	0.9244	0.9244	True	0.84	1.82
11	119056582	C	T	PDZD3	Intron	22	26	48	0.5416666666666666	2	1	1	1.2897	1	1.2897	1.0	True	0.84	1.82
11	120979992	G	A	TECTA	Missense_Mutation	42	6	48	0.125	2	1	1	0.2976	1	0.2976	0.2976	False	0.84	1.82
11	121986263	C	G	BLID	3'UTR	32	8	40	0.2	2	1	1	0.4762	1	0.4762	0.4762	False	0.84	1.82
11	124253257	C	T	OR8B2	5'UTR	50	26	76	0.34210526315789475	2	1	1	0.8145	1	0.8145	0.8145	False	0.84	1.82
11	130332664	A	C	ADAMTS15	Missense_Mutation	75	32	107	0.29906542056074764	2	1	1	0.7121	1	0.7121	0.7121	False	0.84	1.82
12	1599256	C	G	ERC1	Intron	25	59	84	0.7023809523809523	2	2	1	1.6723	2	0.8362	0.8362	False	0.84	1.82
12	2074824	C	T	DCP1B	Missense_Mutation	21	27	48	0.5625	2	2	1	1.3393	1	1.3393	1.0	True	0.84	1.82
12	6886542	G	C	LAG3	Missense_Mutation	49	30	79	0.379746835443038	2	2	1	0.9042	1	0.9042	0.9042	True	0.84	1.82
12	7177540	C	A	C1S	Missense_Mutation	25	3	28	0.10714285714285714	2	1	1	0.2551	1	0.2551	0.2551	False	0.84	1.82
12	10282615	G	C	CLEC7A	Missense_Mutation	71	9	80	0.1125	2	2	1	0.2679	1	0.2679	0.2679	False	0.84	1.82
12	10587972	G	C	KLRC2	Silent	93	37	130	0.2846153846153846	2	1	1	0.6777	1	0.6777	0.6777	False	0.84	1.82
12	10999868	C	T	PRR4	Missense_Mutation	123	40	163	0.24539877300613497	2	2	1	0.5843	1	0.5843	0.5843	False	0.84	1.82
12	11546852	G	A	PRB2	Missense_Mutation	122	18	140	0.12857142857142856	2	2	1	0.3061	1	0.3061	0.3061	False	0.84	1.82
12	19418758	C	T	PLEKHA5	Missense_Mutation	85	5	90	0.05555555555555555	2	2	1	0.1323	1	0.1323	0.1323	False	0.84	1.82
12	21353503	G	A	SLCO1B1	Silent	77	10	87	0.11494252873563218	2	2	1	0.2737	1	0.2737	0.2737	False	0.84	1.82
12	21598305	G	C	PYROXD1	Missense_Mutation	51	7	58	0.1206896551724138	2	2	1	0.2874	1	0.2874	0.2874	False	0.84	1.82
12	21711248	C	T	GYS2	Splice_Site	28	15	43	0.3488372093023256	2	2	1	0.8306	1	0.8306	0.8306	False	0.84	1.82
12	27077362	C	T	ASUN	Missense_Mutation	79	4	83	0.04819277108433735	2	2	1	0.1147	1	0.1147	0.1147	False	0.84	1.82
12	29523100	T	C	ERGIC2	Silent	22	27	49	0.5510204081632653	2	1	1	1.312	1	1.312	1.0	True	0.84	1.82
12	31236798	G	C	DDX11	Missense_Mutation	40	46	86	0.5348837209302325	2	1	1	1.2735	1	1.2735	1.0	True	0.84	1.82
12	44782333	G	A	TMEM117	Missense_Mutation	87	6	93	0.06451612903225806	2	1	1	0.1536	1	0.1536	0.1536	False	0.84	1.82
12	49444172	C	T	KMT2D	Missense_Mutation	11	7	18	0.3888888888888889	2	1	1	0.9259	1	0.9259	0.9259	True	0.84	1.82
12	49666207	G	T	TUBA1C	Nonsense_Mutation	27	17	44	0.38636363636363635	2	1	1	0.9199	1	0.9199	0.9199	True	0.84	1.82
12	49953243	G	A	MCRS1	Missense_Mutation	18	13	31	0.41935483870967744	2	1	1	0.9985	1	0.9985	0.9985	True	0.84	1.82
12	49996992	C	T	FAM186B	Missense_Mutation	33	27	60	0.45	2	1	1	1.0714	1	1.0714	1.0	True	0.84	1.82
12	56221305	G	C	DNAJC14	Missense_Mutation	89	12	101	0.1188118811881188	2	1	1	0.2829	1	0.2829	0.2829	False	0.84	1.82
12	56233492	A	T	MMP19	Missense_Mutation	7	3	10	0.3	2	1	1	0.7143	1	0.7143	0.7143	False	0.84	1.82
12	56495022	C	T	ERBB3	Missense_Mutation	27	10	37	0.2702702702702703	2	1	1	0.6435	1	0.6435	0.6435	False	0.84	1.82
12	56526287	C	G	ESYT1	Nonsense_Mutation	51	4	55	0.07272727272727272	2	1	1	0.1732	1	0.1732	0.1732	False	0.84	1.82
12	57108465	C	T	NACA	Missense_Mutation	40	22	62	0.3548387096774194	2	1	1	0.8449	1	0.8449	0.8449	False	0.84	1.82
12	64815196	A	G	XPOT	Missense_Mutation	42	25	67	0.373134328358209	2	1	1	0.8884	1	0.8884	0.8884	True	0.84	1.82
12	65633916	A	G	LEMD3	Missense_Mutation	46	26	72	0.3611111111111111	2	1	1	0.8598	1	0.8598	0.8598	True	0.84	1.82
12	71139646	G	C	PTPRR	Missense_Mutation	49	17	66	0.25757575757575757	2	1	1	0.6133	1	0.6133	0.6133	False	0.84	1.82
12	81101796	C	A	MYF6	Missense_Mutation	43	18	61	0.29508196721311475	2	1	1	0.7026	1	0.7026	0.7026	False	0.84	1.82
12	83444700	G	C	TMTC2	Missense_Mutation	32	6	38	0.15789473684210525	2	1	1	0.3759	1	0.3759	0.3759	False	0.84	1.82
12	104156178	G	C	STAB2	Missense_Mutation	30	30	60	0.5	2	1	1	1.1905	1	1.1905	1.0	True	0.84	1.82
12	108589558	C	G	WSCD2	5'UTR	14	12	26	0.46153846153846156	2	1	1	1.0989	1	1.0989	1.0	True	0.84	1.82
12	109898575	C	A	KCTD10	Missense_Mutation	24	11	35	0.3142857142857143	2	1	1	0.7483	1	0.7483	0.7483	False	0.84	1.82
12	120263063	G	A	CIT	Missense_Mutation	47	22	69	0.3188405797101449	2	1	1	0.7591	1	0.7591	0.7591	False	0.84	1.82
12	120527845	G	T	CCDC64	Silent	23	16	39	0.41025641025641024	2	1	1	0.9768	1	0.9768	0.9768	True	0.84	1.82
12	121789986	C	T	ANAPC5	Missense_Mutation	15	22	37	0.5945945945945946	2	1	1	1.4157	1	1.4157	1.0	True	0.84	1.82
12	122716681	G	C	VPS33A	3'UTR	13	5	18	0.2777777777777778	2	1	1	0.6614	1	0.6614	0.6614	False	0.84	1.82
12	122763391	C	G	CLIP1	Missense_Mutation	18	14	32	0.4375	2	1	1	1.0417	1	1.0417	1.0	True	0.84	1.82
12	123187066	G	A	HCAR2	Silent	41	8	49	0.16326530612244897	2	1	1	0.3887	1	0.3887	0.3887	False	0.84	1.82
12	123187658	G	C	HCAR2	Missense_Mutation	25	14	39	0.358974358974359	2	1	1	0.8547	1	0.8547	0.8547	True	0.84	1.82
12	124256154	G	C	DNAH10	Missense_Mutation	11	4	15	0.26666666666666666	2	1	1	0.6349	1	0.6349	0.6349	False	0.84	1.82
12	125397126	C	G	UBC	Missense_Mutation	122	89	211	0.4218009478672986	2	1	1	1.0043	1	1.0043	1.0	True	0.84	1.82
12	130847598	G	A	PIWIL1	Missense_Mutation	57	16	73	0.2191780821917808	2	1	1	0.5219	1	0.5219	0.5219	False	0.84	1.82
13	24444280	G	C	MIPEP	Missense_Mutation	68	6	74	0.08108108108108109	2	1	1	0.1931	1	0.1931	0.1931	False	0.84	1.82
13	24444281	A	T	MIPEP	Missense_Mutation	69	5	74	0.06756756756756757	2	1	1	0.1609	1	0.1609	0.1609	False	0.84	1.82
13	28624349	C	T	FLT3	Missense_Mutation	56	6	62	0.0967741935483871	2	1	1	0.2304	1	0.2304	0.2304	False	0.84	1.82
13	31232961	G	A	USPL1	Missense_Mutation	61	18	79	0.22784810126582278	2	1	1	0.5425	1	0.5425	0.5425	False	0.84	1.82
13	32911757	C	G	BRCA2	Missense_Mutation	68	22	90	0.24444444444444444	3	2	1	0.8265	1	0.8265	0.8265	False	0.84	1.82
13	33635733	C	G	KL	Silent	68	26	94	0.2765957446808511	3	2	1	0.9352	1	0.9352	0.9352	True	0.84	1.82
13	35926351	C	G	NBEA	Missense_Mutation	23	10	33	0.30303030303030304	2	2	1	0.7215	1	0.7215	0.7215	False	0.84	1.82
13	36903569	G	C	SPG20	Missense_Mutation	122	41	163	0.25153374233128833	2	2	1	0.5989	1	0.5989	0.5989	False	0.84	1.82
13	38237614	C	T	TRPC4	Missense_Mutation	60	6	66	0.09090909090909091	2	1	1	0.2165	1	0.2165	0.2165	False	0.84	1.82
13	50050713	C	G	SETDB2	Missense_Mutation	182	6	188	0.031914893617021274	2	1	1	0.076	1	0.076	0.076	False	0.84	1.82
13	52548779	G	C	ATP7B	Missense_Mutation	64	6	70	0.08571428571428572	2	1	1	0.2041	1	0.2041	0.2041	False	0.84	1.82
13	70456576	C	A	KLHL1	Nonsense_Mutation	82	12	94	0.1276595744680851	2	2	1	0.304	1	0.304	0.304	False	0.84	1.82
13	77754343	G	C	MYCBP2	Missense_Mutation	102	11	113	0.09734513274336283	3	1	1	0.3291	1	0.3291	0.3291	False	0.84	1.82
13	77807378	G	A	MYCBP2	Missense_Mutation	52	44	96	0.4583333333333333	3	1	1	1.5496	1	1.5496	1.0	True	0.84	1.82
13	88329490	C	G	SLITRK5	Nonsense_Mutation	224	8	232	0.034482758620689655	3	1	1	0.1166	1	0.1166	0.1166	False	0.84	1.82
13	96293693	C	G	DZIP1	Silent	48	8	56	0.14285714285714285	2	1	1	0.3401	1	0.3401	0.3401	False	0.84	1.82
13	111367740	C	T	ING1	5'UTR	15	7	22	0.3181818181818182	2	1	1	0.7576	1	0.7576	0.7576	False	0.84	1.82
13	111368180	C	T	ING1	Silent	9	5	14	0.35714285714285715	2	1	1	0.8503	1	0.8503	0.8503	True	0.84	1.82
13	111368195	C	T	ING1	Silent	12	10	22	0.45454545454545453	2	1	1	1.0823	1	1.0823	1.0	True	0.84	1.82
13	111953139	G	C	ARHGEF7	Missense_Mutation	116	15	131	0.11450381679389313	2	1	1	0.2726	1	0.2726	0.2726	False	0.84	1.82
13	113052380	G	C	SPACA7	Missense_Mutation	169	10	179	0.055865921787709494	2	1	1	0.133	1	0.133	0.133	False	0.84	1.82
14	21861391	G	C	CHD8	Silent	28	8	36	0.2222222222222222	2	1	0	0.5291	1	0.5291	0.5291	False	0.84	1.82
14	22294226	C	G	TRAV10	Missense_Mutation	11	29	40	0.725	2	1	0	1.7262	1	1.7262	1.0	True	0.84	1.82
14	23794476	C	T	BCL2L2-PABPN1	Missense_Mutation	54	28	82	0.34146341463414637	2	1	0	0.813	1	0.813	0.813	False	0.84	1.82
14	24710891	G	A	TINF2	Missense_Mutation	25	15	40	0.375	2	1	0	0.8929	1	0.8929	0.8929	True	0.84	1.82
14	31614051	G	C	HECTD1	Missense_Mutation	40	9	49	0.1836734693877551	2	1	1	0.4373	1	0.4373	0.4373	False	0.84	1.82
14	33290991	C	T	AKAP6	Silent	38	7	45	0.15555555555555556	2	1	1	0.3704	1	0.3704	0.3704	False	0.84	1.82
14	33292295	C	G	AKAP6	Missense_Mutation	39	19	58	0.3275862068965517	2	1	1	0.78	1	0.78	0.78	False	0.84	1.82
14	38060530	C	A	FOXA1	3'UTR	9	8	17	0.47058823529411764	2	1	1	1.1204	1	1.1204	1.0	True	0.84	1.82
14	39818134	A	G	CTAGE5	Missense_Mutation	92	22	114	0.19298245614035087	2	1	1	0.4595	1	0.4595	0.4595	False	0.84	1.82
14	45372492	G	C	C14orf28	Missense_Mutation	112	33	145	0.22758620689655173	2	1	1	0.5419	1	0.5419	0.5419	False	0.84	1.82
14	50267156	G	A	NEMF	Missense_Mutation	8	8	16	0.5	2	1	0	1.1905	1	1.1905	1.0	True	0.84	1.82
14	51401870	C	T	PYGL	Missense_Mutation	55	15	70	0.21428571428571427	2	1	0	0.5102	1	0.5102	0.5102	False	0.84	1.82
14	53175509	G	C	PSMC6	Missense_Mutation	47	9	56	0.16071428571428573	2	1	0	0.3827	1	0.3827	0.3827	False	0.84	1.82
14	55462425	G	C	WDHD1	Nonsense_Mutation	12	18	30	0.6	2	1	0	1.4286	1	1.4286	1.0	True	0.84	1.82
14	58831502	A	T	ARID4A	Missense_Mutation	30	8	38	0.21052631578947367	2	1	0	0.5013	1	0.5013	0.5013	False	0.84	1.82
14	61442637	T	G	TRMT5	Missense_Mutation	39	32	71	0.4507042253521127	1	1	0	0.6224	1	0.6224	0.6224	False	0.84	1.82
14	61446386	G	A	TRMT5	Missense_Mutation	52	36	88	0.4090909090909091	1	1	0	0.5649	1	0.5649	0.5649	False	0.84	1.82
14	70714127	G	C	ADAM21P1	RNA	43	18	61	0.29508196721311475	1	1	0	0.4075	1	0.4075	0.4075	False	0.84	1.82
14	70924467	C	G	ADAM21	Missense_Mutation	75	8	83	0.0963855421686747	1	1	0	0.1331	1	0.1331	0.1331	False	0.84	1.82
14	88983466	G	T	PTPN21	Nonsense_Mutation	23	11	34	0.3235294117647059	1	1	0	0.4468	1	0.4468	0.4468	False	0.84	1.82
14	93125711	G	C	RIN3	Missense_Mutation	18	15	33	0.45454545454545453	1	1	0	0.6277	1	0.6277	0.6277	False	0.84	1.82
14	94517753	C	T	DDX24	Silent	91	10	101	0.09900990099009901	1	1	0	0.1367	1	0.1367	0.1367	False	0.84	1.82
14	100835428	G	C	WARS	Nonsense_Mutation	36	5	41	0.12195121951219512	1	1	0	0.1684	1	0.1684	0.1684	False	0.84	1.82
15	20644066	C	G	HERC2P3	RNA	7	5	12	0.4166666666666667	1	1	0	0.5754	1	0.5754	0.5754	False	0.84	1.82
15	28234813	C	G	OCA2	Splice_Site	19	6	25	0.24	1	1	0	0.3314	1	0.3314	0.3314	False	0.84	1.82
15	33927951	G	A	RYR3	Silent	13	4	17	0.23529411764705882	1	1	0	0.3249	1	0.3249	0.3249	False	0.84	1.82
15	40939190	G	C	CASC5	Missense_Mutation	24	5	29	0.1724137931034483	1	1	0	0.2381	1	0.2381	0.2381	False	0.84	1.82
15	44166359	C	T	FRMD5	Silent	45	8	53	0.1509433962264151	1	1	0	0.2084	1	0.2084	0.2084	False	0.84	1.82
15	44581417	G	A	CASC4	Missense_Mutation	20	5	25	0.2	1	1	0	0.2762	1	0.2762	0.2762	False	0.84	1.82
15	44816458	A	G	CTDSPL2	3'UTR	4	13	17	0.7647058823529411	1	1	0	1.056	1	1.056	1.0	True	0.84	1.82
15	49031133	G	A	CEP152	Silent	46	10	56	0.17857142857142858	1	1	0	0.2466	1	0.2466	0.2466	False	0.84	1.82
15	54306845	C	T	UNC13C	Missense_Mutation	22	5	27	0.18518518518518517	1	1	0	0.2557	1	0.2557	0.2557	False	0.84	1.82
15	63125804	G	C	TLN2	Missense_Mutation	39	16	55	0.2909090909090909	1	1	0	0.4017	1	0.4017	0.4017	False	0.84	1.82
15	64067105	C	G	HERC1	Missense_Mutation	36	19	55	0.34545454545454546	1	1	0	0.4771	1	0.4771	0.4771	False	0.84	1.82
15	64706408	C	A	TRIP4	Missense_Mutation	77	4	81	0.04938271604938271	1	1	0	0.0682	1	0.0682	0.0682	False	0.84	1.82
15	66821897	G	C	ZWILCH	Missense_Mutation	19	28	47	0.5957446808510638	1	1	0	0.8227	1	0.8227	0.8227	False	0.84	1.82
15	73558736	G	C	NEO1	Silent	73	8	81	0.09876543209876543	1	1	0	0.1364	1	0.1364	0.1364	False	0.84	1.82
15	74490116	G	A	STRA6	Missense_Mutation	8	3	11	0.2727272727272727	1	1	0	0.3766	1	0.3766	0.3766	False	0.84	1.82
15	76696995	C	G	SCAPER	Missense_Mutation	27	15	42	0.35714285714285715	1	1	0	0.4932	1	0.4932	0.4932	False	0.84	1.82
15	77473981	C	G	PEAK1	Missense_Mutation	56	14	70	0.2	1	1	0	0.2762	1	0.2762	0.2762	False	0.84	1.82
15	77908000	G	C	LINGO1	Missense_Mutation	8	6	14	0.42857142857142855	1	1	0	0.5918	1	0.5918	0.5918	False	0.84	1.82
15	79750577	C	T	KIAA1024	Silent	56	33	89	0.3707865168539326	1	1	0	0.512	1	0.512	0.512	False	0.84	1.82
15	84561433	G	A	ADAMTSL3	Intron	4	9	13	0.6923076923076923	1	1	0	0.956	1	0.956	0.956	True	0.84	1.82
15	88690604	G	C	NTRK3	Silent	30	18	48	0.375	1	1	0	0.5179	1	0.5179	0.5179	False	0.84	1.82
15	89837117	C	T	FANCI	Missense_Mutation	111	11	122	0.09016393442622951	1	1	0	0.1245	1	0.1245	0.1245	False	0.84	1.82
16	779179	C	G	HAGHL	Intron	11	5	16	0.3125	2	1	1	0.744	1	0.744	0.744	False	0.84	1.82
16	845804	C	G	CHTF18	Silent	14	5	19	0.2631578947368421	2	1	1	0.6266	1	0.6266	0.6266	False	0.84	1.82
16	1748849	G	C	HN1L	Missense_Mutation	22	18	40	0.45	2	1	1	1.0714	1	1.0714	1.0	True	0.84	1.82
16	2115600	G	A	TSC2	Silent	100	9	109	0.08256880733944955	2	1	1	0.1966	1	0.1966	0.1966	False	0.84	1.82
16	2331115	C	A	ABCA3	Silent	53	8	61	0.13114754098360656	2	1	1	0.3123	1	0.3123	0.3123	False	0.84	1.82
16	2812457	G	C	SRRM2	Missense_Mutation	66	13	79	0.16455696202531644	2	1	1	0.3918	1	0.3918	0.3918	False	0.84	1.82
16	2815128	G	C	SRRM2	Silent	41	37	78	0.47435897435897434	2	1	1	1.1294	1	1.1294	1.0	True	0.84	1.82
16	3063799	G	C	CLDN9	Missense_Mutation	48	4	52	0.07692307692307693	2	1	1	0.1832	1	0.1832	0.1832	False	0.84	1.82
16	4027575	G	A	ADCY9	Silent	7	5	12	0.4166666666666667	2	1	1	0.9921	1	0.9921	0.9921	True	0.84	1.82
16	14962407	A	G	NOMO1	Silent	105	75	180	0.4166666666666667	2	1	1	0.9921	1	0.9921	0.9921	True	0.84	1.82
16	15711214	C	G	KIAA0430	Missense_Mutation	43	22	65	0.3384615384615385	2	1	1	0.8059	1	0.8059	0.8059	False	0.84	1.82
16	16244626	C	T	ABCC6	Silent	8	3	11	0.2727272727272727	2	1	1	0.6494	1	0.6494	0.6494	False	0.84	1.82
16	20803346	C	T	ACSM3	Missense_Mutation	42	22	64	0.34375	2	1	1	0.8185	1	0.8185	0.8185	False	0.84	1.82
16	21110072	C	T	DNAH3	Silent	160	24	184	0.13043478260869565	2	1	1	0.3106	1	0.3106	0.3106	False	0.84	1.82
16	23091486	C	G	USP31	Missense_Mutation	55	6	61	0.09836065573770492	2	1	1	0.2342	1	0.2342	0.2342	False	0.84	1.82
16	23652811	A	G	DCTN5	5'UTR	15	8	23	0.34782608695652173	2	1	1	0.8282	1	0.8282	0.8282	False	0.84	1.82
16	23716428	G	A	ERN2	Silent	22	5	27	0.18518518518518517	2	1	1	0.4409	1	0.4409	0.4409	False	0.84	1.82
16	29819072	G	A	MAZ	Missense_Mutation	103	11	114	0.09649122807017543	2	1	1	0.2297	1	0.2297	0.2297	False	0.84	1.82
16	30677859	G	A	FBRS	Silent	131	7	138	0.050724637681159424	2	1	1	0.1208	1	0.1208	0.1208	False	0.84	1.82
16	30734044	C	T	SRCAP	Silent	108	45	153	0.29411764705882354	2	1	1	0.7003	1	0.7003	0.7003	False	0.84	1.82
16	53190890	C	T	CHD9	Missense_Mutation	83	9	92	0.09782608695652174	2	1	1	0.2329	1	0.2329	0.2329	False	0.84	1.82
16	55519234	G	A	MMP2	Missense_Mutation	66	12	78	0.15384615384615385	2	1	1	0.3663	1	0.3663	0.3663	False	0.84	1.82
16	65005962	G	C	CDH11	Missense_Mutation	27	8	35	0.22857142857142856	2	1	1	0.5442	1	0.5442	0.5442	False	0.84	1.82
16	66945867	G	A	CDH16	Silent	41	23	64	0.359375	2	1	1	0.8557	1	0.8557	0.8557	True	0.84	1.82
16	67236334	C	G	ELMO3	Missense_Mutation	56	28	84	0.3333333333333333	2	1	1	0.7937	1	0.7937	0.7937	False	0.84	1.82
16	67325713	G	A	KCTD19	Missense_Mutation	27	7	34	0.20588235294117646	2	1	1	0.4902	1	0.4902	0.4902	False	0.84	1.82
16	67404973	G	T	LRRC36	Missense_Mutation	36	17	53	0.32075471698113206	2	1	1	0.7637	1	0.7637	0.7637	False	0.84	1.82
16	67961249	C	T	PSKH1	Silent	95	5	100	0.05	2	1	1	0.119	1	0.119	0.119	False	0.84	1.82
16	67964658	C	T	CTRL	Missense_Mutation	53	4	57	0.07017543859649122	2	1	1	0.1671	1	0.1671	0.1671	False	0.84	1.82
16	67970132	G	A	PSMB10	Silent	90	47	137	0.34306569343065696	2	1	1	0.8168	1	0.8168	0.8168	False	0.84	1.82
16	68592414	G	C	ZFP90	Missense_Mutation	19	17	36	0.4722222222222222	2	1	1	1.1243	1	1.1243	1.0	True	0.84	1.82
16	69148449	C	T	HAS3	Silent	34	6	40	0.15	2	1	1	0.3571	1	0.3571	0.3571	False	0.84	1.82
16	69703905	C	G	NFAT5	Missense_Mutation	44	9	53	0.16981132075471697	2	1	1	0.4043	1	0.4043	0.4043	False	0.84	1.82
16	70562804	C	A	SF3B3	Silent	40	24	64	0.375	2	1	1	0.8929	1	0.8929	0.8929	True	0.84	1.82
16	70590867	G	C	SF3B3	Missense_Mutation	25	6	31	0.1935483870967742	2	1	1	0.4608	1	0.4608	0.4608	False	0.84	1.82
16	70594423	G	C	SF3B3	Missense_Mutation	33	32	65	0.49230769230769234	2	1	1	1.1722	1	1.1722	1.0	True	0.84	1.82
16	77229455	G	A	MON1B	Missense_Mutation	24	8	32	0.25	2	1	1	0.5952	1	0.5952	0.5952	False	0.84	1.82
16	78148904	C	T	WWOX	Missense_Mutation	93	25	118	0.211864406779661	2	1	1	0.5044	1	0.5044	0.5044	False	0.84	1.82
16	81134836	G	C	GCSH	5'Flank	24	10	34	0.29411764705882354	2	1	1	0.7003	1	0.7003	0.7003	False	0.84	1.82
16	84256054	G	A	KCNG4	Silent	78	6	84	0.07142857142857142	2	1	1	0.1701	1	0.1701	0.1701	False	0.84	1.82
16	84872045	C	T	CRISPLD2	5'UTR	69	8	77	0.1038961038961039	2	1	1	0.2474	1	0.2474	0.2474	False	0.84	1.82
16	85009881	G	C	ZDHHC7	3'UTR	42	19	61	0.3114754098360656	2	1	1	0.7416	1	0.7416	0.7416	False	0.84	1.82
16	87874726	C	T	SLC7A5	Missense_Mutation	23	15	38	0.39473684210526316	2	1	1	0.9398	1	0.9398	0.9398	True	0.84	1.82
16	89294941	C	G	ZNF778	Missense_Mutation	63	11	74	0.14864864864864866	2	1	1	0.3539	1	0.3539	0.3539	False	0.84	1.82
16	89828369	G	A	FANCA	Missense_Mutation	98	11	109	0.10091743119266056	2	1	1	0.2403	1	0.2403	0.2403	False	0.84	1.82
16	89922527	G	C	SPIRE2	Missense_Mutation	8	7	15	0.4666666666666667	2	1	1	1.1111	1	1.1111	1.0	True	0.84	1.82
17	1617217	C	T	TLCD2	5'Flank	26	3	29	0.10344827586206896	1	1	0	0.1429	1	0.1429	0.1429	False	0.84	1.82
17	3533520	C	T	SHPK	Missense_Mutation	37	5	42	0.11904761904761904	1	2	0	0.1644	1	0.1644	0.1644	False	0.84	1.82
17	4836699	C	T	GP1BA	Missense_Mutation	47	7	54	0.12962962962962962	1	2	0	0.179	1	0.179	0.179	False	0.84	1.82
17	6531882	G	T	KIAA0753	Silent	72	41	113	0.36283185840707965	1	2	0	0.5011	1	0.5011	0.5011	False	0.84	1.82
17	7406503	G	C	POLR2A	Missense_Mutation	5	28	33	0.8484848484848485	1	2	0	1.1717	1	1.1717	1.0	True	0.84	1.82
17	7578382	G	C	TP53	Nonsense_Mutation	7	34	41	0.8292682926829268	1	2	0	1.1452	1	1.1452	1.0	True	0.84	1.82
17	8358153	C	T	NDEL1	Missense_Mutation	35	127	162	0.7839506172839507	1	2	0	1.0826	1	1.0826	1.0	True	0.84	1.82
17	10231184	G	A	MYH13	Missense_Mutation	32	24	56	0.42857142857142855	1	2	0	0.5918	1	0.5918	0.5918	False	0.84	1.82
17	15974811	G	A	NCOR1	Missense_Mutation	124	84	208	0.40384615384615385	2	2	0	0.9615	1	0.9615	0.9615	True	0.84	1.82
17	16004574	C	G	NCOR1	Missense_Mutation	63	5	68	0.07352941176470588	2	2	0	0.1751	1	0.1751	0.1751	False	0.84	1.82
17	16004835	C	G	NCOR1	Missense_Mutation	27	22	49	0.4489795918367347	2	2	0	1.069	1	1.069	1.0	True	0.84	1.82
17	26862157	G	C	FOXN1	Missense_Mutation	38	6	44	0.13636363636363635	3	1	1	0.461	1	0.461	0.461	False	0.84	1.82
17	26958872	G	T	KIAA0100	Silent	87	62	149	0.4161073825503356	3	1	1	1.4068	1	1.4068	1.0	True	0.84	1.82
17	27076062	G	C	TRAF4	Missense_Mutation	85	7	92	0.07608695652173914	3	1	1	0.2572	1	0.2572	0.2572	False	0.84	1.82
17	27401833	C	T	MYO18A	Silent	83	56	139	0.4028776978417266	3	1	1	1.3621	1	1.3621	1.0	True	0.84	1.82
17	27613768	G	C	NUFIP2	Missense_Mutation	101	9	110	0.08181818181818182	3	1	1	0.2766	1	0.2766	0.2766	False	0.84	1.82
17	28652039	C	T	TMIGD1	Silent	174	21	195	0.1076923076923077	3	1	1	0.3641	1	0.3641	0.3641	False	0.84	1.82
17	30192428	T	C	UTP6	Silent	46	36	82	0.43902439024390244	3	1	1	1.4843	1	1.4843	1.0	True	0.84	1.82
17	30226692	G	C	UTP6	Missense_Mutation	98	7	105	0.06666666666666667	3	1	1	0.2254	1	0.2254	0.2254	False	0.84	1.82
17	30267339	G	C	SUZ12	Silent	206	20	226	0.08849557522123894	3	1	1	0.2992	1	0.2992	0.2992	False	0.84	1.82
17	30315353	C	T	SUZ12	Silent	90	11	101	0.10891089108910891	3	1	1	0.3682	1	0.3682	0.3682	False	0.84	1.82
17	30815426	C	G	CDK5R1	Missense_Mutation	87	12	99	0.12121212121212122	2	2	0	0.2886	1	0.2886	0.2886	False	0.84	1.82
17	33968979	G	C	AP2B1	Missense_Mutation	56	10	66	0.15151515151515152	2	2	0	0.3608	1	0.3608	0.3608	False	0.84	1.82
17	35990093	C	G	DDX52	Silent	179	72	251	0.2868525896414343	4	3	2	1.2567	1	1.2567	1.0	True	0.84	1.82
17	38420907	C	G	WIPF2	Missense_Mutation	41	23	64	0.359375	2	2	0	0.8557	1	0.8557	0.8557	True	0.84	1.82
17	39036898	C	T	KRT20	Missense_Mutation	49	24	73	0.3287671232876712	2	2	0	0.7828	1	0.7828	0.7828	False	0.84	1.82
17	39726263	C	G	KRT9	Missense_Mutation	70	35	105	0.3333333333333333	1	1	0	0.4603	1	0.4603	0.4603	False	0.84	1.82
17	41168327	C	T	VAT1	Silent	45	4	49	0.08163265306122448	1	1	0	0.1127	1	0.1127	0.1127	False	0.84	1.82
17	41242998	G	C	BRCA1	Nonsense_Mutation	18	7	25	0.28	1	1	0	0.3867	1	0.3867	0.3867	False	0.84	1.82
17	45056119	G	A	RPRML	Silent	2	13	15	0.8666666666666667	2	2	0	2.0635	2	1.0317	1.0	True	0.84	1.82
17	47874111	G	C	KAT7	Splice_Site	14	39	53	0.7358490566037735	2	2	0	1.752	2	0.876	0.876	True	0.84	1.82
17	57298051	G	A	GDPD1	Silent	160	8	168	0.047619047619047616	4	2	1	0.2086	1	0.2086	0.2086	False	0.84	1.82
17	58003876	C	T	RPS6KB1	Silent	135	9	144	0.0625	5	4	1	0.3363	1	0.3363	0.3363	False	0.84	1.82
17	58013871	G	A	RPS6KB1	Missense_Mutation	677	34	711	0.04781997187060478	5	4	1	0.2573	1	0.2573	0.2573	False	0.84	1.82
17	59479063	C	T	TBX2	Silent	175	14	189	0.07407407407407407	7	7	2	0.5467	1	0.5467	0.5467	False	0.84	1.82
17	59760886	C	G	BRIP1	Missense_Mutation	218	17	235	0.07234042553191489	7	7	2	0.5339	1	0.5339	0.5339	False	0.84	1.82
17	60501622	G	A	METTL2A	Silent	42	7	49	0.14285714285714285	5	3	1	0.7687	1	0.7687	0.7687	False	0.84	1.82
17	60765945	G	A	MRC2	Missense_Mutation	167	35	202	0.17326732673267325	5	3	1	0.9323	1	0.9323	0.9323	True	0.84	1.82
17	61417549	C	T	TANC2	Missense_Mutation	44	22	66	0.3333333333333333	2	1	1	0.7937	1	0.7937	0.7937	False	0.84	1.82
17	61497894	C	T	TANC2	Silent	30	3	33	0.09090909090909091	2	1	1	0.2165	1	0.2165	0.2165	False	0.84	1.82
17	61766936	C	T	MAP3K3	Nonsense_Mutation	13	4	17	0.23529411764705882	2	1	1	0.5602	1	0.5602	0.5602	False	0.84	1.82
17	61908762	G	T	PSMC5	Nonsense_Mutation	202	30	232	0.12931034482758622	2	1	1	0.3079	1	0.3079	0.3079	False	0.84	1.82
17	62547765	C	G	SMURF2	Missense_Mutation	62	39	101	0.38613861386138615	2	2	0	0.9194	1	0.9194	0.9194	True	0.84	1.82
17	65050180	C	G	CACNG1	Missense_Mutation	27	25	52	0.4807692307692308	2	2	0	1.1447	1	1.1447	1.0	True	0.84	1.82
17	66872842	A	C	ABCA8	Nonsense_Mutation	37	9	46	0.1956521739130435	2	2	0	0.4658	1	0.4658	0.4658	False	0.84	1.82
17	67250581	C	T	ABCA5	Silent	16	62	78	0.7948717948717948	2	1	1	1.8926	1	1.8926	1.0	True	0.84	1.82
17	74056446	G	A	SRP68	Silent	75	7	82	0.08536585365853659	1	1	0	0.1179	1	0.1179	0.1179	False	0.84	1.82
17	77921545	C	T	TBC1D16	Missense_Mutation	41	7	48	0.14583333333333334	1	1	0	0.2014	1	0.2014	0.2014	False	0.84	1.82
17	78346910	C	G	RNF213	Missense_Mutation	6	19	25	0.76	1	1	0	1.0495	1	1.0495	1.0	True	0.84	1.82
18	346709	G	A	COLEC12	Nonsense_Mutation	61	5	66	0.07575757575757576	2	1	1	0.1804	1	0.1804	0.1804	False	0.84	1.82
18	2567193	G	A	METTL4	Missense_Mutation	60	9	69	0.13043478260869565	2	1	1	0.3106	1	0.3106	0.3106	False	0.84	1.82
18	5419899	C	T	EPB41L3	Intron	22	68	90	0.7555555555555555	1	1	0	1.0434	1	1.0434	1.0	True	0.84	1.82
18	6263973	G	C	L3MBTL4	Silent	27	6	33	0.18181818181818182	1	1	0	0.2511	1	0.2511	0.2511	False	0.84	1.82
18	9255858	G	C	ANKRD12	Missense_Mutation	21	4	25	0.16	1	1	0	0.221	1	0.221	0.221	False	0.84	1.82
18	12802116	G	C	PTPN2	Missense_Mutation	23	4	27	0.14814814814814814	1	1	0	0.2046	1	0.2046	0.2046	False	0.84	1.82
18	19203799	G	C	SNRPD1	Missense_Mutation	61	26	87	0.2988505747126437	3	2	1	1.0104	1	1.0104	1.0	True	0.84	1.82
18	21508201	G	A	LAMA3	Nonsense_Mutation	33	6	39	0.15384615384615385	2	1	1	0.3663	1	0.3663	0.3663	False	0.84	1.82
18	25543404	C	T	CDH2	Missense_Mutation	53	21	74	0.28378378378378377	3	2	1	0.9595	1	0.9595	0.9595	True	0.84	1.82
18	28989425	C	G	DSG4	Silent	90	7	97	0.07216494845360824	2	1	1	0.1718	1	0.1718	0.1718	False	0.84	1.82
18	43535088	C	T	EPG5	Missense_Mutation	54	9	63	0.14285714285714285	1	1	0	0.1973	1	0.1973	0.1973	False	0.84	1.82
18	47810410	C	T	CXXC1	Missense_Mutation	60	11	71	0.15492957746478872	1	1	0	0.214	1	0.214	0.214	False	0.84	1.82
18	50734160	G	A	DCC	Missense_Mutation	210	15	225	0.06666666666666667	2	2	0	0.1587	1	0.1587	0.1587	False	0.84	1.82
18	51731509	G	A	MBD2	Silent	45	5	50	0.1	2	2	0	0.2381	1	0.2381	0.2381	False	0.84	1.82
18	55398940	C	G	ATP8B1	Missense_Mutation	21	81	102	0.7941176470588235	2	2	0	1.8908	2	0.9454	0.9454	True	0.84	1.82
18	56278983	G	C	ALPK2	Missense_Mutation	44	13	57	0.22807017543859648	2	2	0	0.543	1	0.543	0.543	False	0.84	1.82
19	541370	G	A	CDC34	Missense_Mutation	4	11	15	0.7333333333333333	2	1	1	1.746	1	1.746	1.0	True	0.84	1.82
19	831823	C	A	AZU1	Silent	65	17	82	0.2073170731707317	2	1	1	0.4936	1	0.4936	0.4936	False	0.84	1.82
19	831910	C	T	AZU1	3'UTR	32	4	36	0.1111111111111111	2	1	1	0.2646	1	0.2646	0.2646	False	0.84	1.82
19	3736305	G	A	TJP3	Missense_Mutation	10	5	15	0.3333333333333333	2	1	1	0.7937	1	0.7937	0.7937	False	0.84	1.82
19	3969722	G	C	DAPK3	Missense_Mutation	27	4	31	0.12903225806451613	2	1	1	0.3072	1	0.3072	0.3072	False	0.84	1.82
19	3983208	G	T	EEF2	Silent	23	9	32	0.28125	2	1	1	0.6696	1	0.6696	0.6696	False	0.84	1.82
19	4099409	C	G	MAP2K2	Missense_Mutation	13	3	16	0.1875	2	1	1	0.4464	1	0.4464	0.4464	False	0.84	1.82
19	4792709	G	A	FEM1A	Silent	45	10	55	0.18181818181818182	2	1	1	0.4329	1	0.4329	0.4329	False	0.84	1.82
19	4852282	G	C	PLIN3	Missense_Mutation	24	4	28	0.14285714285714285	2	1	1	0.3401	1	0.3401	0.3401	False	0.84	1.82
19	6707483	C	G	C3	Missense_Mutation	72	5	77	0.06493506493506493	2	1	1	0.1546	1	0.1546	0.1546	False	0.84	1.82
19	6928165	G	A	EMR1	Silent	176	10	186	0.053763440860215055	2	1	1	0.128	1	0.128	0.128	False	0.84	1.82
19	8399278	C	T	KANK3	Silent	24	8	32	0.25	2	1	1	0.5952	1	0.5952	0.5952	False	0.84	1.82
19	8969284	C	G	MUC16	Missense_Mutation	68	28	96	0.2916666666666667	2	1	1	0.6944	1	0.6944	0.6944	False	0.84	1.82
19	9066420	G	C	MUC16	Missense_Mutation	176	33	209	0.15789473684210525	2	1	1	0.3759	1	0.3759	0.3759	False	0.84	1.82
19	9578847	G	C	ZNF560	Missense_Mutation	102	8	110	0.07272727272727272	2	1	1	0.1732	1	0.1732	0.1732	False	0.84	1.82
19	9583925	G	C	ZNF560	Silent	154	17	171	0.09941520467836257	2	1	1	0.2367	1	0.2367	0.2367	False	0.84	1.82
19	9801086	C	T	ZNF812	Missense_Mutation	47	4	51	0.0784313725490196	2	1	1	0.1867	1	0.1867	0.1867	False	0.84	1.82
19	10599872	G	A	KEAP1	Silent	36	5	41	0.12195121951219512	2	1	1	0.2904	1	0.2904	0.2904	False	0.84	1.82
19	10657529	G	A	ATG4D	Missense_Mutation	33	8	41	0.1951219512195122	2	1	1	0.4646	1	0.4646	0.4646	False	0.84	1.82
19	10668503	C	T	KRI1	Silent	16	7	23	0.30434782608695654	2	1	1	0.7246	1	0.7246	0.7246	False	0.84	1.82
19	11348134	C	T	DOCK6	Missense_Mutation	41	13	54	0.24074074074074073	2	1	1	0.5732	1	0.5732	0.5732	False	0.84	1.82
19	11660696	C	G	CNN1	3'UTR	22	4	26	0.15384615384615385	2	1	1	0.3663	1	0.3663	0.3663	False	0.84	1.82
19	11832550	C	G	ZNF823	Missense_Mutation	58	4	62	0.06451612903225806	2	1	1	0.1536	1	0.1536	0.1536	False	0.84	1.82
19	12985129	C	T	MAST1	Silent	24	8	32	0.25	2	1	1	0.5952	1	0.5952	0.5952	False	0.84	1.82
19	13246324	G	A	NACC1	Missense_Mutation	45	3	48	0.0625	2	1	1	0.1488	1	0.1488	0.1488	False	0.84	1.82
19	14910580	G	A	OR7C1	Silent	55	7	62	0.11290322580645161	2	1	1	0.2688	1	0.2688	0.2688	False	0.84	1.82
19	14991433	G	C	OR7A17	Silent	78	11	89	0.12359550561797752	2	1	1	0.2943	1	0.2943	0.2943	False	0.84	1.82
19	15587403	G	C	PGLYRP2	Silent	17	8	25	0.32	2	1	1	0.7619	1	0.7619	0.7619	False	0.84	1.82
19	15734074	C	G	CYP4F8	RNA	62	22	84	0.2619047619047619	2	1	1	0.6236	1	0.6236	0.6236	False	0.84	1.82
19	16229041	G	T	RAB8A	Missense_Mutation	43	12	55	0.21818181818181817	2	1	1	0.5195	1	0.5195	0.5195	False	0.84	1.82
19	16687104	C	G	MED26	Missense_Mutation	33	14	47	0.2978723404255319	2	1	1	0.7092	1	0.7092	0.7092	False	0.84	1.82
19	16870082	G	T	NWD1	Missense_Mutation	59	9	68	0.1323529411764706	2	1	1	0.3151	1	0.3151	0.3151	False	0.84	1.82
19	17305414	G	A	MYO9B	Missense_Mutation	22	9	31	0.2903225806451613	2	1	1	0.6912	1	0.6912	0.6912	False	0.84	1.82
19	17346315	G	T	NR2F6	Missense_Mutation	3	5	8	0.625	2	1	1	1.4881	1	1.4881	1.0	True	0.84	1.82
19	18943110	C	G	UPF1	Missense_Mutation	54	4	58	0.06896551724137931	2	1	1	0.1642	1	0.1642	0.1642	False	0.84	1.82
19	19764808	C	T	ATP13A1	Silent	7	5	12	0.4166666666666667	2	1	1	0.9921	1	0.9921	0.9921	True	0.84	1.82
19	19823498	C	G	ZNF14	Missense_Mutation	61	25	86	0.29069767441860467	2	1	1	0.6921	1	0.6921	0.6921	False	0.84	1.82
19	20308019	C	T	ZNF486	Missense_Mutation	39	23	62	0.3709677419354839	1	1	1	0.5123	1	0.5123	0.5123	False	0.84	1.82
19	20308235	A	T	ZNF486	Missense_Mutation	50	9	59	0.15254237288135594	1	1	1	0.2107	1	0.2107	0.2107	False	0.84	1.82
19	20308236	A	T	ZNF486	Missense_Mutation	52	8	60	0.13333333333333333	1	1	1	0.1841	1	0.1841	0.1841	False	0.84	1.82
19	21131687	G	A	ZNF85	Missense_Mutation	79	9	88	0.10227272727272728	2	1	1	0.2435	1	0.2435	0.2435	False	0.84	1.82
19	24310263	G	C	ZNF254	Missense_Mutation	109	7	116	0.0603448275862069	2	1	1	0.1437	1	0.1437	0.1437	False	0.84	1.82
19	24310282	G	A	ZNF254	Missense_Mutation	105	7	112	0.0625	2	1	1	0.1488	1	0.1488	0.1488	False	0.84	1.82
19	32844195	G	A	ZNF507	Silent	58	19	77	0.24675324675324675	2	1	1	0.5875	1	0.5875	0.5875	False	0.84	1.82
19	35435145	G	A	ZNF30	Silent	12	16	28	0.5714285714285714	2	1	1	1.3605	1	1.3605	1.0	True	0.84	1.82
19	36109039	G	A	HAUS5	Missense_Mutation	59	10	69	0.14492753623188406	2	1	1	0.3451	1	0.3451	0.3451	False	0.84	1.82
19	36275081	G	A	ARHGAP33	Missense_Mutation	34	8	42	0.19047619047619047	2	1	1	0.4535	1	0.4535	0.4535	False	0.84	1.82
19	36851365	C	G	ZFP14	Silent	74	10	84	0.11904761904761904	2	1	1	0.2834	1	0.2834	0.2834	False	0.84	1.82
19	36853105	G	C	ZFP14	Missense_Mutation	55	10	65	0.15384615384615385	2	1	1	0.3663	1	0.3663	0.3663	False	0.84	1.82
19	37117888	G	C	ZNF382	Missense_Mutation	56	24	80	0.3	2	1	1	0.7143	1	0.7143	0.7143	False	0.84	1.82
19	37677401	C	G	ZNF585B	Missense_Mutation	264	22	286	0.07692307692307693	3	2	1	0.2601	1	0.2601	0.2601	False	0.84	1.82
19	37905235	C	T	ZNF569	Missense_Mutation	43	8	51	0.1568627450980392	2	1	1	0.3735	1	0.3735	0.3735	False	0.84	1.82
19	37975905	C	T	ZNF570	Nonsense_Mutation	109	6	115	0.05217391304347826	2	1	1	0.1242	1	0.1242	0.1242	False	0.84	1.82
19	38924404	C	T	RYR1	5'Flank	17	10	27	0.37037037037037035	2	1	1	0.8818	1	0.8818	0.8818	True	0.84	1.82
19	39734657	G	A	IFNL3	Silent	53	6	59	0.1016949152542373	2	1	1	0.2421	1	0.2421	0.2421	False	0.84	1.82
19	40732352	T	G	CNTD2	Missense_Mutation	15	4	19	0.21052631578947367	2	1	1	0.5013	1	0.5013	0.5013	False	0.84	1.82
19	40929308	G	T	SERTAD1	Nonsense_Mutation	18	5	23	0.21739130434782608	2	1	1	0.5176	1	0.5176	0.5176	False	0.84	1.82
19	41925047	G	A	BCKDHA	Silent	45	4	49	0.08163265306122448	2	1	1	0.1944	1	0.1944	0.1944	False	0.84	1.82
19	42599721	G	A	POU2F2	Silent	17	7	24	0.2916666666666667	2	1	1	0.6944	1	0.6944	0.6944	False	0.84	1.82
19	43421933	G	A	PSG6	Silent	67	60	127	0.47244094488188976	2	1	1	1.1249	1	1.1249	1.0	True	0.84	1.82
19	44301645	C	T	LYPD5	3'UTR	18	5	23	0.21739130434782608	2	1	1	0.5176	1	0.5176	0.5176	False	0.84	1.82
19	44376892	C	T	ZNF404	Missense_Mutation	21	7	28	0.25	2	1	1	0.5952	1	0.5952	0.5952	False	0.84	1.82
19	44418823	C	T	ZNF45	Silent	101	34	135	0.2518518518518518	2	1	1	0.5996	1	0.5996	0.5996	False	0.84	1.82
19	44791407	G	A	ZNF235	Silent	45	19	64	0.296875	2	1	1	0.7068	1	0.7068	0.7068	False	0.84	1.82
19	44792476	C	G	ZNF235	Missense_Mutation	17	20	37	0.5405405405405406	2	1	1	1.287	1	1.287	1.0	True	0.84	1.82
19	44891143	G	C	ZNF285	Missense_Mutation	53	22	75	0.29333333333333333	2	1	1	0.6984	1	0.6984	0.6984	False	0.84	1.82
19	45015147	G	A	CEACAM20	RNA	54	21	75	0.28	2	1	1	0.6667	1	0.6667	0.6667	False	0.84	1.82
19	45575833	C	G	ZNF296	Missense_Mutation	50	16	66	0.24242424242424243	2	1	1	0.5772	1	0.5772	0.5772	False	0.84	1.82
19	46318292	G	A	RSPH6A	Missense_Mutation	50	7	57	0.12280701754385964	2	1	1	0.2924	1	0.2924	0.2924	False	0.84	1.82
19	46351147	C	T	SYMPK	Missense_Mutation	19	6	25	0.24	2	1	1	0.5714	1	0.5714	0.5714	False	0.84	1.82
19	48800464	C	G	CCDC114	Silent	40	5	45	0.1111111111111111	2	1	1	0.2646	1	0.2646	0.2646	False	0.84	1.82
19	49497082	G	A	RUVBL2	5'UTR	16	7	23	0.30434782608695654	2	1	1	0.7246	1	0.7246	0.7246	False	0.84	1.82
19	49497085	G	A	RUVBL2	5'UTR	16	7	23	0.30434782608695654	2	1	1	0.7246	1	0.7246	0.7246	False	0.84	1.82
19	49969051	G	A	ALDH16A1	Missense_Mutation	30	15	45	0.3333333333333333	2	1	1	0.7937	1	0.7937	0.7937	False	0.84	1.82
19	50148320	G	A	SCAF1	Missense_Mutation	34	3	37	0.08108108108108109	2	1	1	0.1931	1	0.1931	0.1931	False	0.84	1.82
19	50361877	G	A	PTOV1	Silent	6	11	17	0.6470588235294118	2	1	1	1.5406	1	1.5406	1.0	True	0.84	1.82
19	51582079	G	C	KLK14	Missense_Mutation	228	68	296	0.22972972972972974	2	1	1	0.547	1	0.547	0.547	False	0.84	1.82
19	51958763	C	T	SIGLEC8	Silent	20	9	29	0.3103448275862069	2	1	1	0.7389	1	0.7389	0.7389	False	0.84	1.82
19	53085619	G	A	ZNF701	Missense_Mutation	70	7	77	0.09090909090909091	1	1	1	0.1255	1	0.1255	0.1255	False	0.84	1.82
19	53268833	C	T	ZNF600	3'UTR	57	78	135	0.5777777777777777	2	1	1	1.3757	1	1.3757	1.0	True	0.84	1.82
19	53384539	C	G	ZNF320	Missense_Mutation	100	29	129	0.2248062015503876	2	1	1	0.5353	1	0.5353	0.5353	False	0.84	1.82
19	53741614	C	G	ZNF677	Missense_Mutation	55	35	90	0.3888888888888889	2	1	1	0.9259	1	0.9259	0.9259	True	0.84	1.82
19	54182275	C	T	MIR515-1	RNA	233	10	243	0.0411522633744856	2	1	1	0.098	1	0.098	0.098	False	0.84	1.82
19	54395052	G	A	PRKCG	Silent	44	16	60	0.26666666666666666	2	1	1	0.6349	1	0.6349	0.6349	False	0.84	1.82
19	55222181	C	G	AC098784.2	3'Flank	54	15	69	0.21739130434782608	2	1	1	0.5176	1	0.5176	0.5176	False	0.84	1.82
19	56538994	C	T	NLRP5	Silent	48	10	58	0.1724137931034483	2	1	1	0.4105	1	0.4105	0.4105	False	0.84	1.82
19	56972100	C	G	ZNF667	Missense_Mutation	35	31	66	0.4696969696969697	2	1	1	1.1183	1	1.1183	1.0	True	0.84	1.82
19	57175041	G	T	ZNF835	Missense_Mutation	106	41	147	0.2789115646258503	2	1	1	0.6641	1	0.6641	0.6641	False	0.84	1.82
19	58018429	G	T	ZNF773	Missense_Mutation	108	89	197	0.4517766497461929	2	1	1	1.0757	1	1.0757	1.0	True	0.84	1.82
19	58049011	C	T	ZNF549	Silent	53	8	61	0.13114754098360656	2	1	1	0.3123	1	0.3123	0.3123	False	0.84	1.82
19	58549411	C	G	ZSCAN1	Silent	7	7	14	0.5	2	1	1	1.1905	1	1.1905	1.0	True	0.84	1.82
19	59010559	C	A	SLC27A5	Nonsense_Mutation	16	21	37	0.5675675675675675	2	1	1	1.3514	1	1.3514	1.0	True	0.84	1.82
19	59067596	C	G	UBE2M	Missense_Mutation	56	14	70	0.2	2	1	1	0.4762	1	0.4762	0.4762	False	0.84	1.82
20	1559137	C	T	RP4-576H24.4	Missense_Mutation	212	37	249	0.14859437751004015	2	1	1	0.3538	1	0.3538	0.3538	False	0.84	1.82
20	1902322	C	G	SIRPA	Missense_Mutation	46	27	73	0.3698630136986301	3	2	1	1.2505	1	1.2505	1.0	True	0.84	1.82
20	3204021	G	C	ITPA	Missense_Mutation	48	8	56	0.14285714285714285	2	1	1	0.3401	1	0.3401	0.3401	False	0.84	1.82
20	3846824	C	T	MAVS	3'UTR	9	4	13	0.3076923076923077	1	1	0	0.4249	1	0.4249	0.4249	False	0.84	1.82
20	17341282	G	A	PCSK2	Missense_Mutation	6	13	19	0.6842105263157895	1	1	0	0.9449	1	0.9449	0.9449	True	0.84	1.82
20	23965870	C	T	GGTLC1	Missense_Mutation	8	9	17	0.5294117647058824	1	1	0	0.7311	1	0.7311	0.7311	False	0.84	1.82
20	30585105	C	G	XKR7	Missense_Mutation	58	35	93	0.3763440860215054	2	1	1	0.8961	1	0.8961	0.8961	True	0.84	1.82
20	33574744	C	A	MYH7B	Silent	43	20	63	0.31746031746031744	2	1	1	0.7559	1	0.7559	0.7559	False	0.84	1.82
20	34090367	G	C	CEP250	Silent	26	3	29	0.10344827586206896	2	1	1	0.2463	1	0.2463	0.2463	False	0.84	1.82
20	34090820	G	C	CEP250	Missense_Mutation	66	6	72	0.08333333333333333	2	1	1	0.1984	1	0.1984	0.1984	False	0.84	1.82
20	35128773	G	C	DLGAP4	Missense_Mutation	24	10	34	0.29411764705882354	2	1	1	0.7003	1	0.7003	0.7003	False	0.84	1.82
20	35128993	G	C	DLGAP4	Missense_Mutation	46	18	64	0.28125	2	1	1	0.6696	1	0.6696	0.6696	False	0.84	1.82
20	35242277	C	T	SLA2	Missense_Mutation	39	12	51	0.23529411764705882	2	1	1	0.5602	1	0.5602	0.5602	False	0.84	1.82
20	36375039	G	C	CTNNBL1	Intron	64	5	69	0.07246376811594203	2	1	1	0.1725	1	0.1725	0.1725	False	0.84	1.82
20	40112154	C	G	CHD6	Missense_Mutation	10	4	14	0.2857142857142857	2	1	1	0.6803	1	0.6803	0.6803	False	0.84	1.82
20	46290638	C	G	SULF2	Silent	101	10	111	0.09009009009009009	2	1	1	0.2145	1	0.2145	0.2145	False	0.84	1.82
20	47273601	G	A	PREX1	Silent	8	3	11	0.2727272727272727	2	1	1	0.6494	1	0.6494	0.6494	False	0.84	1.82
20	47273692	G	C	PREX1	Missense_Mutation	19	8	27	0.2962962962962963	2	1	1	0.7055	1	0.7055	0.7055	False	0.84	1.82
20	47736554	G	A	STAU1	Nonsense_Mutation	34	5	39	0.1282051282051282	2	1	1	0.3053	1	0.3053	0.3053	False	0.84	1.82
20	49227396	G	A	FAM65C	Silent	59	68	127	0.5354330708661418	2	1	1	1.2748	1	1.2748	1.0	True	0.84	1.82
20	54573593	C	T	CBLN4	3'UTR	51	5	56	0.08928571428571429	2	1	1	0.2126	1	0.2126	0.2126	False	0.84	1.82
20	57768402	C	T	ZNF831	Silent	16	3	19	0.15789473684210525	2	1	1	0.3759	1	0.3759	0.3759	False	0.84	1.82
20	60775941	C	T	MTG2	Silent	97	8	105	0.0761904761904762	2	1	1	0.1814	1	0.1814	0.1814	False	0.84	1.82
20	60967523	G	C	CABLES2	Nonsense_Mutation	146	12	158	0.0759493670886076	2	1	1	0.1808	1	0.1808	0.1808	False	0.84	1.82
20	62319338	G	T	RTEL1	Missense_Mutation	14	11	25	0.44	2	1	1	1.0476	1	1.0476	1.0	True	0.84	1.82
21	15352237	C	T	ANKRD20A11P	5'Flank	8	7	15	0.4666666666666667	3	2	1	1.5778	2	0.7889	0.7889	False	0.84	1.82
21	15748072	C	T	HSPA13	Missense_Mutation	88	7	95	0.07368421052631578	3	2	1	0.2491	1	0.2491	0.2491	False	0.84	1.82
21	30521509	G	C	MAP3K7CL	Splice_Site	142	14	156	0.08974358974358974	3	2	1	0.3034	1	0.3034	0.3034	False	0.84	1.82
21	33063167	C	G	SCAF4	Missense_Mutation	102	27	129	0.20930232558139536	2	1	1	0.4983	1	0.4983	0.4983	False	0.84	1.82
21	34072209	C	G	SYNJ1	Missense_Mutation	65	4	69	0.057971014492753624	2	1	1	0.138	1	0.138	0.138	False	0.84	1.82
21	35183365	G	C	ITSN1	Missense_Mutation	80	10	90	0.1111111111111111	2	1	1	0.2646	1	0.2646	0.2646	False	0.84	1.82
21	37418257	C	T	SETD4	Missense_Mutation	81	6	87	0.06896551724137931	2	1	1	0.1642	1	0.1642	0.1642	False	0.84	1.82
21	43543119	C	T	UMODL1	Silent	36	23	59	0.3898305084745763	2	1	1	0.9282	1	0.9282	0.9282	True	0.84	1.82
21	43766597	C	T	TFF2	3'UTR	204	21	225	0.09333333333333334	2	1	1	0.2222	1	0.2222	0.2222	False	0.84	1.82
21	44323806	G	C	NDUFV3	Missense_Mutation	106	32	138	0.2318840579710145	2	1	1	0.5521	1	0.5521	0.5521	False	0.84	1.82
21	46309319	C	T	ITGB2	Silent	16	15	31	0.4838709677419355	3	1	1	1.6359	1	1.6359	1.0	True	0.84	1.82
21	47831538	G	A	PCNT	Missense_Mutation	56	5	61	0.08196721311475409	3	1	1	0.2771	1	0.2771	0.2771	False	0.84	1.82
22	19511503	G	C	CLDN5	Missense_Mutation	10	3	13	0.23076923076923078	2	1	1	0.5495	1	0.5495	0.5495	False	0.84	1.82
22	20812283	C	G	KLHL22	Missense_Mutation	21	9	30	0.3	2	1	1	0.7143	1	0.7143	0.7143	False	0.84	1.82
22	26157032	C	A	MYO18B	5'UTR	64	10	74	0.13513513513513514	2	1	1	0.3218	1	0.3218	0.3218	False	0.84	1.82
22	26761388	C	A	SEZ6L	Missense_Mutation	142	7	149	0.04697986577181208	2	1	1	0.1119	1	0.1119	0.1119	False	0.84	1.82
22	27012150	G	C	CRYBB1	Missense_Mutation	34	31	65	0.47692307692307695	2	1	1	1.1355	1	1.1355	1.0	True	0.84	1.82
22	29177153	G	T	CCDC117	Nonsense_Mutation	20	4	24	0.16666666666666666	2	1	1	0.3968	1	0.3968	0.3968	False	0.84	1.82
22	29747711	G	C	AP1B1	Missense_Mutation	18	7	25	0.28	2	1	1	0.6667	1	0.6667	0.6667	False	0.84	1.82
22	31799166	C	G	DRG1	Missense_Mutation	49	18	67	0.26865671641791045	2	1	1	0.6397	1	0.6397	0.6397	False	0.84	1.82
22	32924877	G	C	SYN3	Missense_Mutation	30	6	36	0.16666666666666666	2	1	1	0.3968	1	0.3968	0.3968	False	0.84	1.82
22	38164097	G	A	TRIOBP	Silent	10	7	17	0.4117647058823529	2	1	1	0.9804	1	0.9804	0.9804	True	0.84	1.82
22	40059831	C	T	CACNA1I	Silent	57	61	118	0.5169491525423728	2	1	1	1.2308	1	1.2308	1.0	True	0.84	1.82
22	41077824	C	T	MCHR1	Silent	150	7	157	0.044585987261146494	2	1	1	0.1062	1	0.1062	0.1062	False	0.84	1.82
22	42322114	C	T	TNFRSF13C	Missense_Mutation	19	9	28	0.32142857142857145	1	1	1	0.4439	1	0.4439	0.4439	False	0.84	1.82
22	42992255	C	G	POLDIP3	Missense_Mutation	45	5	50	0.1	1	1	1	0.1381	1	0.1381	0.1381	False	0.84	1.82
22	45182344	G	A	PRR5-ARHGAP8	Silent	7	3	10	0.3	1	1	1	0.4143	1	0.4143	0.4143	False	0.84	1.82
22	45241147	A	C	ARHGAP8	Splice_Site	30	6	36	0.16666666666666666	1	1	1	0.2302	1	0.2302	0.2302	False	0.84	1.82
X	3241797	G	A	MXRA5	Silent	61	80	141	0.5673758865248227	2	1	1	1.3509	1	1.3509	1.0	True	0.84	1.82
X	12738760	A	T	FRMPD4	3'UTR	24	9	33	0.2727272727272727	2	1	1	0.6494	1	0.6494	0.6494	False	0.84	1.82
X	14861749	C	T	FANCB	Silent	192	68	260	0.26153846153846155	2	1	1	0.6227	1	0.6227	0.6227	False	0.84	1.82
X	17088107	G	C	REPS2	Missense_Mutation	53	4	57	0.07017543859649122	2	1	1	0.1671	1	0.1671	0.1671	False	0.84	1.82
X	17819188	C	T	RAI2	Missense_Mutation	97	86	183	0.46994535519125685	2	1	1	1.1189	1	1.1189	1.0	True	0.84	1.82
X	18338455	C	G	SCML2	Missense_Mutation	70	30	100	0.3	2	1	1	0.7143	1	0.7143	0.7143	False	0.84	1.82
X	18593487	C	G	CDKL5	Silent	84	12	96	0.125	2	1	1	0.2976	1	0.2976	0.2976	False	0.84	1.82
X	19049104	G	C	GPR64	Nonsense_Mutation	250	13	263	0.049429657794676805	2	1	1	0.1177	1	0.1177	0.1177	False	0.84	1.82
X	23411547	G	A	PTCHD1	Missense_Mutation	121	117	238	0.49159663865546216	2	1	1	1.1705	1	1.1705	1.0	True	0.84	1.82
X	26157673	G	T	MAGEB18	Nonsense_Mutation	34	15	49	0.30612244897959184	2	1	1	0.7289	1	0.7289	0.7289	False	0.84	1.82
X	30269469	G	C	MAGEB1	Missense_Mutation	153	22	175	0.12571428571428572	2	1	1	0.2993	1	0.2993	0.2993	False	0.84	1.82
X	31165508	C	G	DMD	Missense_Mutation	94	12	106	0.11320754716981132	2	1	1	0.2695	1	0.2695	0.2695	False	0.84	1.82
X	32536202	C	T	DMD	Missense_Mutation	102	6	108	0.05555555555555555	2	1	1	0.1323	1	0.1323	0.1323	False	0.84	1.82
X	36007600	G	C	CXorf22	Missense_Mutation	67	25	92	0.2717391304347826	2	1	1	0.647	1	0.647	0.647	False	0.84	1.82
X	44945181	G	T	KDM6A	Missense_Mutation	33	33	66	0.5	2	1	1	1.1905	1	1.1905	1.0	True	0.84	1.82
X	48419301	G	A	TBC1D25	Missense_Mutation	26	9	35	0.2571428571428571	2	1	1	0.6122	1	0.6122	0.6122	False	0.84	1.82
X	51151111	G	A	CXorf67	Missense_Mutation	46	13	59	0.22033898305084745	2	1	1	0.5246	1	0.5246	0.5246	False	0.84	1.82
X	53454999	G	T	RIBC1	Nonsense_Mutation	43	7	50	0.14	2	1	1	0.3333	1	0.3333	0.3333	False	0.84	1.82
X	68836526	C	G	EDA	Missense_Mutation	12	8	20	0.4	2	1	1	0.9524	1	0.9524	0.9524	True	0.84	1.82
X	70621380	G	C	TAF1	Silent	21	8	29	0.27586206896551724	2	1	1	0.6568	1	0.6568	0.6568	False	0.84	1.82
X	70764432	C	T	OGT	Missense_Mutation	11	4	15	0.26666666666666666	2	1	1	0.6349	1	0.6349	0.6349	False	0.84	1.82
X	83128356	C	A	CYLC1	Missense_Mutation	17	8	25	0.32	2	1	1	0.7619	1	0.7619	0.7619	False	0.84	1.82
X	83723935	A	G	HDX	Missense_Mutation	76	14	90	0.15555555555555556	2	1	1	0.3704	1	0.3704	0.3704	False	0.84	1.82
X	84347526	G	T	SATL1	3'UTR	15	4	19	0.21052631578947367	2	1	1	0.5013	1	0.5013	0.5013	False	0.84	1.82
X	101096684	C	T	NXF5	Missense_Mutation	91	29	120	0.24166666666666667	2	1	1	0.5754	1	0.5754	0.5754	False	0.84	1.82
X	105450252	C	T	MUM1L1	Missense_Mutation	19	4	23	0.17391304347826086	2	1	1	0.4141	1	0.4141	0.4141	False	0.84	1.82
X	109694611	T	C	RGAG1	Missense_Mutation	74	25	99	0.25252525252525254	2	1	1	0.6013	1	0.6013	0.6013	False	0.84	1.82
X	110490614	G	A	CAPN6	Silent	149	35	184	0.19021739130434784	2	1	1	0.4529	1	0.4529	0.4529	False	0.84	1.82
X	110491217	T	C	CAPN6	Silent	125	35	160	0.21875	2	1	1	0.5208	1	0.5208	0.5208	False	0.84	1.82
X	111090496	C	G	TRPC5	Missense_Mutation	33	31	64	0.484375	2	1	1	1.1533	1	1.1533	1.0	True	0.84	1.82
X	122778431	G	A	THOC2	Silent	29	26	55	0.4727272727272727	2	1	1	1.1255	1	1.1255	1.0	True	0.84	1.82
X	123657222	C	G	TENM1	Missense_Mutation	56	16	72	0.2222222222222222	2	1	1	0.5291	1	0.5291	0.5291	False	0.84	1.82
X	128723853	A	T	OCRL	Missense_Mutation	71	77	148	0.5202702702702703	2	1	1	1.2387	1	1.2387	1.0	True	0.84	1.82
X	130407803	C	G	IGSF1	Missense_Mutation	74	78	152	0.5131578947368421	2	1	1	1.2218	1	1.2218	1.0	True	0.84	1.82
X	135825921	G	C	ARHGEF6	Missense_Mutation	66	15	81	0.18518518518518517	2	1	1	0.4409	1	0.4409	0.4409	False	0.84	1.82
X	135862910	C	G	ARHGEF6	Silent	169	41	210	0.19523809523809524	2	1	1	0.4649	1	0.4649	0.4649	False	0.84	1.82
X	138886666	G	A	ATP11C	Silent	183	56	239	0.23430962343096234	2	1	1	0.5579	1	0.5579	0.5579	False	0.84	1.82
X	140985341	G	A	MAGEC3	Intron	69	16	85	0.18823529411764706	2	1	1	0.4482	1	0.4482	0.4482	False	0.84	1.82
X	151092236	G	A	MAGEA4	Missense_Mutation	46	15	61	0.2459016393442623	2	1	1	0.5855	1	0.5855	0.5855	False	0.84	1.82
X	151808855	G	A	GABRQ	Missense_Mutation	128	32	160	0.2	2	1	1	0.4762	1	0.4762	0.4762	False	0.84	1.82
X	153247906	C	G	TMEM187	Silent	8	4	12	0.3333333333333333	2	1	1	0.7937	1	0.7937	0.7937	False	0.84	1.82
X	153665590	G	C	GDI1	5'UTR	12	5	17	0.29411764705882354	2	1	1	0.7003	1	0.7003	0.7003	False	0.84	1.82
X	153699942	C	T	PLXNA3	Silent	49	8	57	0.14035087719298245	2	1	1	0.3342	1	0.3342	0.3342	False	0.84	1.82
X	153716110	G	A	SLC10A3	Silent	33	9	42	0.21428571428571427	2	1	1	0.5102	1	0.5102	0.5102	False	0.84	1.82
X	153744169	G	T	FAM3A	5'UTR	14	5	19	0.2631578947368421	2	1	1	0.6266	1	0.6266	0.6266	False	0.84	1.82
X	154197620	G	C	F8	Missense_Mutation	55	10	65	0.15384615384615385	2	1	1	0.3663	1	0.3663	0.3663	False	0.84	1.82
