chr	pos	ref	alt	gene	classification	t_ref_count	t_alt_count	total_depth	vaf	local_cn	major_cn	minor_cn	mcn	multiplicity	ccf	ccf_capped	is_clonal	purity	ploidy
1	1153867	C	T	SDF4	Missense_Mutation	32	13	45	0.28888888888888886	2	1	1	0.8374	1	0.8374	0.8374	False	0.69	3.39
1	1178268	C	G	FAM132A	Missense_Mutation	29	3	32	0.09375	2	1	1	0.2717	1	0.2717	0.2717	False	0.69	3.39
1	1225697	C	T	SCNN1D	Missense_Mutation	31	9	40	0.225	2	1	1	0.6522	1	0.6522	0.6522	False	0.69	3.39
1	1226989	G	A	SCNN1D	Silent	19	32	51	0.6274509803921569	2	1	1	1.8187	1	1.8187	1.0	True	0.69	3.39
1	1244841	C	T	PUSL1	Missense_Mutation	5	6	11	0.5454545454545454	2	1	1	1.581	1	1.581	1.0	True	0.69	3.39
1	1290312	G	A	MXRA8	Silent	10	4	14	0.2857142857142857	2	1	1	0.8282	1	0.8282	0.8282	False	0.69	3.39
1	1334489	C	T	CCNL2	Silent	41	5	46	0.10869565217391304	2	1	1	0.3151	1	0.3151	0.3151	False	0.69	3.39
1	1459719	C	T	ATAD3A	Missense_Mutation	59	7	66	0.10606060606060606	2	1	1	0.3074	1	0.3074	0.3074	False	0.69	3.39
1	1720630	C	T	GNB1	Missense_Mutation	31	41	72	0.5694444444444444	2	1	1	1.6506	1	1.6506	1.0	True	0.69	3.39
1	1720636	C	T	GNB1	Missense_Mutation	63	9	72	0.125	2	1	1	0.3623	1	0.3623	0.3623	False	0.69	3.39
1	2125482	C	T	C1orf86	Silent	62	25	87	0.28735632183908044	2	1	1	0.8329	1	0.8329	0.8329	False	0.69	3.39
1	2268254	G	A	MORN1	Nonsense_Mutation	17	12	29	0.41379310344827586	2	1	1	1.1994	1	1.1994	1.0	True	0.69	3.39
1	2520475	C	G	FAM213B	Missense_Mutation	37	16	53	0.3018867924528302	2	1	1	0.875	1	0.875	0.875	True	0.69	3.39
1	2524269	C	T	MMEL1	Intron	30	33	63	0.5238095238095238	2	1	1	1.5183	1	1.5183	1.0	True	0.69	3.39
1	3319489	G	C	PRDM16	Missense_Mutation	57	11	68	0.16176470588235295	5	3	2	0.9542	1	0.9542	0.9542	True	0.69	3.39
1	3542350	G	A	TPRG1L	Missense_Mutation	36	8	44	0.18181818181818182	5	3	2	1.0725	1	1.0725	1.0	True	0.69	3.39
1	3547608	G	A	WRAP73	Silent	83	46	129	0.35658914728682173	5	3	2	2.1034	2	1.0517	1.0	True	0.69	3.39
1	6195343	G	A	CHD5	Silent	86	28	114	0.24561403508771928	5	3	2	1.4488	1	1.4488	1.0	True	0.69	3.39
1	6640604	C	T	ZBTB48	5'UTR	20	5	25	0.2	5	3	2	1.1797	1	1.1797	1.0	True	0.69	3.39
1	6696217	C	T	DNAJC11	Silent	36	27	63	0.42857142857142855	5	3	2	2.528	3	0.8427	0.8427	False	0.69	3.39
1	8420690	C	T	RERE	Missense_Mutation	115	27	142	0.19014084507042253	5	3	2	1.1216	1	1.1216	1.0	True	0.69	3.39
1	8921336	G	A	ENO1	3'UTR	29	16	45	0.35555555555555557	5	3	2	2.0973	2	1.0486	1.0	True	0.69	3.39
1	9613859	C	T	SLC25A33	Silent	44	7	51	0.13725490196078433	5	3	2	0.8096	1	0.8096	0.8096	False	0.69	3.39
1	10067689	G	A	RBP7	Silent	63	20	83	0.24096385542168675	5	3	2	1.4213	1	1.4213	1.0	True	0.69	3.39
1	10195078	T	A	UBE4B	Missense_Mutation	99	22	121	0.18181818181818182	5	3	2	1.0725	1	1.0725	1.0	True	0.69	3.39
1	11882771	G	A	CLCN6	Silent	100	42	142	0.29577464788732394	5	3	2	1.7446	2	0.8723	0.8723	True	0.69	3.39
1	12304593	G	A	VPS13D	Splice_Site	84	70	154	0.45454545454545453	5	3	2	2.6812	3	0.8937	0.8937	True	0.69	3.39
1	12387712	G	A	VPS13D	Silent	260	93	353	0.26345609065155806	5	3	2	1.554	2	0.777	0.777	False	0.69	3.39
1	14105194	G	A	PRDM2	Missense_Mutation	74	20	94	0.2127659574468085	5	3	2	1.255	1	1.255	1.0	True	0.69	3.39
1	15874821	G	C	DNAJC16	Missense_Mutation	73	36	109	0.3302752293577982	5	3	2	1.9481	2	0.9741	0.9741	True	0.69	3.39
1	15956939	C	T	DDI2	Nonsense_Mutation	115	23	138	0.16666666666666666	5	3	2	0.9831	1	0.9831	0.9831	True	0.69	3.39
1	16053943	C	T	PLEKHM2	Missense_Mutation	14	4	18	0.2222222222222222	5	3	2	1.3108	1	1.3108	1.0	True	0.69	3.39
1	16259146	G	A	SPEN	Silent	161	76	237	0.3206751054852321	5	3	2	1.8915	2	0.9458	0.9458	True	0.69	3.39
1	16259289	C	T	SPEN	Missense_Mutation	66	61	127	0.48031496062992124	5	3	2	2.8332	3	0.9444	0.9444	True	0.69	3.39
1	16269163	C	T	ZBTB17	Silent	30	34	64	0.53125	5	3	2	3.1336	3	1.0445	1.0	True	0.69	3.39
1	16269661	G	A	ZBTB17	Missense_Mutation	153	32	185	0.17297297297297298	5	3	2	1.0203	1	1.0203	1.0	True	0.69	3.39
1	16905879	G	A	NBPF1	Missense_Mutation	255	22	277	0.07942238267148015	2	1	1	0.2302	1	0.2302	0.2302	False	0.69	3.39
1	16910099	C	G	NBPF1	Missense_Mutation	809	58	867	0.06689734717416378	2	1	1	0.1939	1	0.1939	0.1939	False	0.69	3.39
1	17257888	G	A	CROCC	Missense_Mutation	62	84	146	0.5753424657534246	2	1	1	1.6677	1	1.6677	1.0	True	0.69	3.39
1	17409048	C	T	PADI2	Missense_Mutation	60	22	82	0.2682926829268293	3	2	1	1.046	1	1.046	1.0	True	0.69	3.39
1	18661457	G	T	IGSF21	Missense_Mutation	23	9	32	0.28125	3	2	1	1.0965	1	1.0965	1.0	True	0.69	3.39
1	18809398	C	A	KLHDC7A	Silent	6	7	13	0.5384615384615384	3	2	1	2.0992	2	1.0496	1.0	True	0.69	3.39
1	19186032	G	C	TAS1R2	Silent	45	43	88	0.48863636363636365	3	2	1	1.905	2	0.9525	0.9525	True	0.69	3.39
1	19510379	C	T	UBR4	Missense_Mutation	41	15	56	0.26785714285714285	3	2	1	1.0443	1	1.0443	1.0	True	0.69	3.39
1	19559255	C	G	EMC1	Missense_Mutation	132	39	171	0.22807017543859648	3	2	1	0.8891	1	0.8891	0.8891	True	0.69	3.39
1	21167472	A	G	EIF4G3	Missense_Mutation	71	29	100	0.29	3	2	1	1.1306	1	1.1306	1.0	True	0.69	3.39
1	22173050	G	A	HSPG2	Missense_Mutation	68	18	86	0.20930232558139536	3	2	1	0.816	1	0.816	0.816	False	0.69	3.39
1	22173059	G	A	HSPG2	Missense_Mutation	62	16	78	0.20512820512820512	3	2	1	0.7997	1	0.7997	0.7997	False	0.69	3.39
1	22178312	A	T	HSPG2	Silent	39	12	51	0.23529411764705882	3	2	1	0.9173	1	0.9173	0.9173	True	0.69	3.39
1	23696057	G	A	C1orf213	Silent	30	5	35	0.14285714285714285	3	2	1	0.5569	1	0.5569	0.5569	False	0.69	3.39
1	24406673	C	T	MYOM3	Missense_Mutation	36	16	52	0.3076923076923077	3	2	1	1.1996	1	1.1996	1.0	True	0.69	3.39
1	24768670	C	T	NIPAL3	Silent	82	20	102	0.19607843137254902	3	2	1	0.7644	1	0.7644	0.7644	False	0.69	3.39
1	26190213	G	A	PAQR7	Missense_Mutation	41	17	58	0.29310344827586204	3	2	1	1.1427	1	1.1427	1.0	True	0.69	3.39
1	26503992	G	A	CNKSR1	5'UTR	10	6	16	0.375	3	2	1	1.462	1	1.462	1.0	True	0.69	3.39
1	26509694	G	A	CNKSR1	Missense_Mutation	131	112	243	0.4609053497942387	3	2	1	1.7969	2	0.8984	0.8984	True	0.69	3.39
1	26610630	C	T	UBXN11	Intron	99	38	137	0.2773722627737226	3	2	1	1.0813	1	1.0813	1.0	True	0.69	3.39
1	27121287	C	T	PIGV	Silent	137	49	186	0.26344086021505375	3	2	1	1.027	1	1.027	1.0	True	0.69	3.39
1	27124267	C	T	PIGV	Silent	71	21	92	0.22826086956521738	3	2	1	0.8899	1	0.8899	0.8899	True	0.69	3.39
1	27239897	C	T	NR0B2	Intron	44	14	58	0.2413793103448276	3	2	1	0.941	1	0.941	0.941	True	0.69	3.39
1	27700864	C	A	FCN3	Missense_Mutation	31	12	43	0.27906976744186046	3	2	1	1.088	1	1.088	1.0	True	0.69	3.39
1	27875316	C	A	AHDC1	Missense_Mutation	54	10	64	0.15625	3	2	1	0.6091	1	0.6091	0.6091	False	0.69	3.39
1	27939500	G	C	FGR	Missense_Mutation	37	8	45	0.17777777777777778	3	2	1	0.6931	1	0.6931	0.6931	False	0.69	3.39
1	27950343	C	T	FGR	Missense_Mutation	28	11	39	0.28205128205128205	3	2	1	1.0996	1	1.0996	1.0	True	0.69	3.39
1	27950351	C	A	FGR	Missense_Mutation	27	13	40	0.325	3	2	1	1.267	1	1.267	1.0	True	0.69	3.39
1	28206495	C	T	THEMIS2	Silent	8	4	12	0.3333333333333333	3	2	1	1.2995	1	1.2995	1.0	True	0.69	3.39
1	28920495	G	A	RAB42	Missense_Mutation	12	23	35	0.6571428571428571	3	2	1	2.5619	2	1.281	1.0	True	0.69	3.39
1	32092484	C	T	HCRTR1	Missense_Mutation	100	36	136	0.2647058823529412	3	2	1	1.032	1	1.032	1.0	True	0.69	3.39
1	32279666	C	G	SPOCD1	Missense_Mutation	38	32	70	0.45714285714285713	3	2	1	1.7822	2	0.8911	0.8911	True	0.69	3.39
1	32670814	G	A	CCDC28B	Missense_Mutation	20	4	24	0.16666666666666666	3	2	1	0.6498	1	0.6498	0.6498	False	0.69	3.39
1	33245125	C	T	YARS	Splice_Site	48	20	68	0.29411764705882354	3	2	1	1.1466	1	1.1466	1.0	True	0.69	3.39
1	33252626	C	T	YARS	Silent	45	57	102	0.5588235294117647	3	2	1	2.1786	2	1.0893	1.0	True	0.69	3.39
1	33959815	C	T	ZSCAN20	Intron	54	11	65	0.16923076923076924	3	2	1	0.6598	1	0.6598	0.6598	False	0.69	3.39
1	35476590	C	T	ZMYM6	Silent	55	19	74	0.25675675675675674	3	2	1	1.001	1	1.001	1.0	True	0.69	3.39
1	35575944	C	T	ZMYM1	Missense_Mutation	123	34	157	0.21656050955414013	3	2	1	0.8443	1	0.8443	0.8443	False	0.69	3.39
1	35972601	G	C	KIAA0319L	Missense_Mutation	43	10	53	0.18867924528301888	3	2	1	0.7356	1	0.7356	0.7356	False	0.69	3.39
1	36181317	G	A	C1orf216	Silent	96	33	129	0.2558139534883721	3	2	1	0.9973	1	0.9973	0.9973	True	0.69	3.39
1	36643602	C	A	MAP7D1	Missense_Mutation	24	5	29	0.1724137931034483	3	2	1	0.6722	1	0.6722	0.6722	False	0.69	3.39
1	39352269	C	T	RHBDL2	Silent	99	28	127	0.2204724409448819	3	2	1	0.8595	1	0.8595	0.8595	True	0.69	3.39
1	39757669	G	A	MACF1	Missense_Mutation	30	26	56	0.4642857142857143	3	2	1	1.81	2	0.905	0.905	True	0.69	3.39
1	39919397	G	C	MACF1	Missense_Mutation	90	95	185	0.5135135135135135	3	2	1	2.002	2	1.001	1.0	True	0.69	3.39
1	39950348	G	A	MACF1	Missense_Mutation	153	41	194	0.211340206185567	3	2	1	0.8239	1	0.8239	0.8239	False	0.69	3.39
1	40041525	G	A	PABPC4	Silent	19	6	25	0.24	3	2	1	0.9357	1	0.9357	0.9357	True	0.69	3.39
1	40929203	C	T	ZFP69B	Missense_Mutation	77	21	98	0.21428571428571427	3	2	1	0.8354	1	0.8354	0.8354	False	0.69	3.39
1	41283961	C	T	KCNQ4	Silent	44	36	80	0.45	3	2	1	1.7543	2	0.8772	0.8772	True	0.69	3.39
1	41949827	G	A	EDN2	Missense_Mutation	25	12	37	0.32432432432432434	3	2	1	1.2644	1	1.2644	1.0	True	0.69	3.39
1	42647606	G	C	FOXJ3	Missense_Mutation	24	7	31	0.22580645161290322	3	2	1	0.8803	1	0.8803	0.8803	True	0.69	3.39
1	42671497	C	T	FOXJ3	Missense_Mutation	39	35	74	0.47297297297297297	3	2	1	1.8439	2	0.922	0.922	True	0.69	3.39
1	42921666	C	T	ZMYND12	Translation_Start_Site	17	4	21	0.19047619047619047	3	2	1	0.7426	1	0.7426	0.7426	False	0.69	3.39
1	43213045	G	A	LEPRE1	Silent	52	20	72	0.2777777777777778	3	2	1	1.0829	1	1.0829	1.0	True	0.69	3.39
1	44019601	C	T	PTPRF	Missense_Mutation	19	12	31	0.3870967741935484	3	2	1	1.5091	2	0.7546	0.7546	False	0.69	3.39
1	44477385	G	A	SLC6A9	Missense_Mutation	49	14	63	0.2222222222222222	3	2	1	0.8663	1	0.8663	0.8663	True	0.69	3.39
1	45251772	C	T	BEST4	Missense_Mutation	94	74	168	0.44047619047619047	3	2	1	1.7172	2	0.8586	0.8586	True	0.69	3.39
1	45266717	G	A	PLK3	Missense_Mutation	15	10	25	0.4	3	2	1	1.5594	2	0.7797	0.7797	False	0.69	3.39
1	46073665	C	T	NASP	Missense_Mutation	92	9	101	0.0891089108910891	3	2	1	0.3474	1	0.3474	0.3474	False	0.69	3.39
1	46211827	C	A	IPP	Missense_Mutation	58	19	77	0.24675324675324675	3	2	1	0.962	1	0.962	0.962	True	0.69	3.39
1	47024307	C	T	MKNK1	Silent	27	24	51	0.47058823529411764	3	2	1	1.8346	2	0.9173	0.9173	True	0.69	3.39
1	47564903	G	A	CYP4Z1	Silent	63	24	87	0.27586206896551724	3	2	1	1.0755	1	1.0755	1.0	True	0.69	3.39
1	52344197	C	T	NRD1	Missense_Mutation	23	6	29	0.20689655172413793	3	2	1	0.8066	1	0.8066	0.8066	False	0.69	3.39
1	52805846	G	A	ZFYVE9	Silent	75	19	94	0.20212765957446807	3	2	1	0.788	1	0.788	0.788	False	0.69	3.39
1	54428058	C	T	LRRC42	Silent	25	6	31	0.1935483870967742	3	2	1	0.7546	1	0.7546	0.7546	False	0.69	3.39
1	55352603	G	A	DHCR24	Missense_Mutation	12	5	17	0.29411764705882354	3	2	1	1.1466	1	1.1466	1.0	True	0.69	3.39
1	55352654	C	T	DHCR24	Missense_Mutation	16	7	23	0.30434782608695654	3	2	1	1.1865	1	1.1865	1.0	True	0.69	3.39
1	57320598	C	T	C8A	Silent	13	14	27	0.5185185185185185	3	2	1	2.0215	2	1.0107	1.0	True	0.69	3.39
1	63113920	C	G	DOCK7	Missense_Mutation	86	23	109	0.21100917431192662	3	2	1	0.8226	1	0.8226	0.8226	False	0.69	3.39
1	63920112	G	A	ITGB3BP	Silent	56	14	70	0.2	3	2	1	0.7797	1	0.7797	0.7797	False	0.69	3.39
1	64643416	C	T	ROR1	Silent	43	40	83	0.4819277108433735	3	2	1	1.8788	2	0.9394	0.9394	True	0.69	3.39
1	67299731	T	A	WDR78	Missense_Mutation	69	29	98	0.29591836734693877	3	2	1	1.1537	1	1.1537	1.0	True	0.69	3.39
1	67559011	C	G	C1orf141	Missense_Mutation	123	34	157	0.21656050955414013	3	2	1	0.8443	1	0.8443	0.8443	False	0.69	3.39
1	71512801	C	T	PTGER3	Missense_Mutation	5	9	14	0.6428571428571429	3	2	1	2.5062	2	1.2531	1.0	True	0.69	3.39
1	79385973	G	A	ELTD1	Silent	77	26	103	0.2524271844660194	3	2	1	0.9841	1	0.9841	0.9841	True	0.69	3.39
1	82417698	G	C	LPHN2	Missense_Mutation	42	29	71	0.4084507042253521	3	2	1	1.5924	2	0.7962	0.7962	False	0.69	3.39
1	85462597	A	T	MCOLN2	5'UTR	18	11	29	0.3793103448275862	3	2	1	1.4788	1	1.4788	1.0	True	0.69	3.39
1	86173976	G	A	ZNHIT6	5'UTR	22	3	25	0.12	3	2	1	0.4678	1	0.4678	0.4678	False	0.69	3.39
1	87029391	G	C	CLCA4	Missense_Mutation	55	18	73	0.2465753424657534	3	2	1	0.9613	1	0.9613	0.9613	True	0.69	3.39
1	89477538	G	A	GBP3	Silent	56	5	61	0.08196721311475409	3	2	1	0.3196	1	0.3196	0.3196	False	0.69	3.39
1	89518891	G	A	GBP1	3'UTR	13	6	19	0.3157894736842105	3	2	1	1.2311	1	1.2311	1.0	True	0.69	3.39
1	92941706	G	A	GFI1	Silent	10	7	17	0.4117647058823529	3	2	1	1.6053	2	0.8026	0.8026	False	0.69	3.39
1	93170239	G	A	EVI5	Missense_Mutation	99	32	131	0.24427480916030533	3	2	1	0.9523	1	0.9523	0.9523	True	0.69	3.39
1	94033313	G	A	BCAR3	Silent	65	26	91	0.2857142857142857	3	2	1	1.1139	1	1.1139	1.0	True	0.69	3.39
1	94048275	G	A	BCAR3	Silent	51	19	70	0.2714285714285714	3	2	1	1.0582	1	1.0582	1.0	True	0.69	3.39
1	94370097	G	A	GCLM	Silent	84	18	102	0.17647058823529413	3	2	1	0.688	1	0.688	0.688	False	0.69	3.39
1	99157196	G	A	SNX7	Missense_Mutation	52	12	64	0.1875	3	2	1	0.731	1	0.731	0.731	False	0.69	3.39
1	100327239	C	A	AGL	Missense_Mutation	106	23	129	0.17829457364341086	3	2	1	0.6951	1	0.6951	0.6951	False	0.69	3.39
1	107600219	G	A	PRMT6	Silent	10	20	30	0.6666666666666666	3	2	1	2.599	2	1.2995	1.0	True	0.69	3.39
1	109171130	G	A	FAM102B	Missense_Mutation	89	31	120	0.25833333333333336	3	2	1	1.0071	1	1.0071	1.0	True	0.69	3.39
1	109756738	G	C	SARS	Missense_Mutation	22	7	29	0.2413793103448276	3	2	1	0.941	1	0.941	0.941	True	0.69	3.39
1	110129467	G	C	GNAI3	Missense_Mutation	73	27	100	0.27	3	2	1	1.0526	1	1.0526	1.0	True	0.69	3.39
1	110213924	G	A	GSTM2	Missense_Mutation	35	32	67	0.47761194029850745	3	2	1	1.862	2	0.931	0.931	True	0.69	3.39
1	110766114	G	A	KCNC4	Missense_Mutation	96	24	120	0.2	3	2	1	0.7797	1	0.7797	0.7797	False	0.69	3.39
1	112042563	G	T	ADORA3	Intron	40	10	50	0.2	3	2	1	0.7797	1	0.7797	0.7797	False	0.69	3.39
1	112299299	G	A	DDX20	Silent	80	21	101	0.2079207920792079	3	2	1	0.8106	1	0.8106	0.8106	False	0.69	3.39
1	114242367	G	C	PHTF1	Missense_Mutation	15	4	19	0.21052631578947367	3	2	1	0.8207	1	0.8207	0.8207	False	0.69	3.39
1	114447326	C	T	AP4B1	Missense_Mutation	78	87	165	0.5272727272727272	3	2	1	2.0556	2	1.0278	1.0	True	0.69	3.39
1	116245548	G	A	CASQ2	Silent	15	8	23	0.34782608695652173	3	2	1	1.356	1	1.356	1.0	True	0.69	3.39
1	117910898	G	C	MAN1A2	Missense_Mutation	91	29	120	0.24166666666666667	3	2	1	0.9421	1	0.9421	0.9421	True	0.69	3.39
1	118624072	C	T	SPAG17	Missense_Mutation	111	33	144	0.22916666666666666	3	2	1	0.8934	1	0.8934	0.8934	True	0.69	3.39
1	120539319	G	A	NOTCH2	Intron	40	13	53	0.24528301886792453	2	1	1	0.711	1	0.711	0.711	False	0.69	3.39
1	145075044	C	T	PDE4DIP	Missense_Mutation	59	9	68	0.1323529411764706	2	1	1	0.3836	1	0.3836	0.3836	False	0.69	3.39
1	145293493	G	A	NBPF10	Missense_Mutation	956	53	1009	0.05252725470763132	2	1	1	0.1523	1	0.1523	0.1523	False	0.69	3.39
1	145549259	G	A	ANKRD35	5'UTR	8	4	12	0.3333333333333333	2	1	1	0.9662	1	0.9662	0.9662	True	0.69	3.39
1	145562892	T	G	ANKRD35	Nonsense_Mutation	4	11	15	0.7333333333333333	2	1	1	2.1256	1	2.1256	1.0	True	0.69	3.39
1	145688151	G	A	RNF115	Silent	116	50	166	0.30120481927710846	2	1	1	0.8731	1	0.8731	0.8731	True	0.69	3.39
1	147408770	C	G	GPR89B	Missense_Mutation	192	34	226	0.1504424778761062	2	1	1	0.4361	1	0.4361	0.4361	False	0.69	3.39
1	149785205	G	A	HIST2H3D	Missense_Mutation	32	16	48	0.3333333333333333	2	1	1	0.9662	1	0.9662	0.9662	True	0.69	3.39
1	150193049	G	A	ANP32E	Nonsense_Mutation	162	328	490	0.6693877551020408	5	5	0	3.9484	4	0.9871	0.9871	True	0.69	3.39
1	150532646	G	A	ADAMTSL4	Missense_Mutation	24	86	110	0.7818181818181819	7	6	1	6.1752	6	1.0292	1.0	True	0.69	3.39
1	150550774	G	A	MCL1	Silent	306	40	346	0.11560693641618497	7	6	1	0.9131	1	0.9131	0.9131	True	0.69	3.39
1	150938508	G	A	CERS2	3'UTR	72	11	83	0.13253012048192772	7	6	1	1.0468	1	1.0468	1.0	True	0.69	3.39
1	150981133	C	G	PRUNE	Missense_Mutation	213	35	248	0.14112903225806453	7	6	1	1.1147	1	1.1147	1.0	True	0.69	3.39
1	151021023	C	T	C1orf56	Nonsense_Mutation	94	218	312	0.6987179487179487	7	6	1	5.5189	6	0.9198	0.9198	True	0.69	3.39
1	151288752	G	A	PI4KB	Missense_Mutation	143	16	159	0.10062893081761007	7	6	1	0.7948	1	0.7948	0.7948	False	0.69	3.39
1	151298777	G	A	PI4KB	5'UTR	7	27	34	0.7941176470588235	7	6	1	6.2724	6	1.0454	1.0	True	0.69	3.39
1	151339220	G	A	SELENBP1	Silent	248	54	302	0.17880794701986755	7	6	1	1.4123	1	1.4123	1.0	True	0.69	3.39
1	151372617	G	A	PSMB4	Missense_Mutation	422	59	481	0.12266112266112267	7	6	1	0.9688	1	0.9688	0.9688	True	0.69	3.39
1	151542174	G	C	TUFT1	Missense_Mutation	428	66	494	0.13360323886639677	7	6	1	1.0553	1	1.0553	1.0	True	0.69	3.39
1	151743617	C	T	OAZ3	Silent	71	237	308	0.7694805194805194	7	6	1	6.0778	6	1.013	1.0	True	0.69	3.39
1	151785508	G	T	RORC	Silent	26	73	99	0.7373737373737373	7	6	1	5.8242	6	0.9707	0.9707	True	0.69	3.39
1	151826107	C	T	THEM5	5'UTR	49	49	98	0.5	7	6	1	3.9493	4	0.9873	0.9873	True	0.69	3.39
1	152083964	G	A	TCHH	Nonsense_Mutation	82	34	116	0.29310344827586204	7	6	1	2.3151	2	1.1575	1.0	True	0.69	3.39
1	152276091	G	A	FLG	Silent	257	597	854	0.6990632318501171	7	6	1	5.5216	6	0.9203	0.9203	True	0.69	3.39
1	153005165	C	T	SPRR1B	3'UTR	41	5	46	0.10869565217391304	7	6	1	0.8585	1	0.8585	0.8585	True	0.69	3.39
1	153507246	C	T	S100A6	Missense_Mutation	98	113	211	0.5355450236966824	7	6	1	4.23	4	1.0575	1.0	True	0.69	3.39
1	154955992	G	A	FLAD1	5'UTR	11	15	26	0.5769230769230769	7	6	1	4.5569	5	0.9114	0.9114	True	0.69	3.39
1	154988999	C	T	ZBTB7B	Silent	50	10	60	0.16666666666666666	7	6	1	1.3164	1	1.3164	1.0	True	0.69	3.39
1	155161824	G	A	MUC1	Silent	51	9	60	0.15	7	6	1	1.1848	1	1.1848	1.0	True	0.69	3.39
1	155717142	C	T	GON4L	3'Flank	9	5	14	0.35714285714285715	7	6	1	2.8209	3	0.9403	0.9403	True	0.69	3.39
1	155823271	G	A	GON4L	Nonsense_Mutation	370	50	420	0.11904761904761904	7	6	1	0.9403	1	0.9403	0.9403	True	0.69	3.39
1	156051412	C	T	MEX3A	Silent	0	20	20	1.0	7	6	1	7.8986	6	1.3164	1.0	True	0.69	3.39
1	156256052	G	A	TMEM79	Silent	105	26	131	0.1984732824427481	7	6	1	1.5677	2	0.7838	0.7838	False	0.69	3.39
1	156263941	C	T	C1orf85	Silent	41	102	143	0.7132867132867133	7	6	1	5.6339	6	0.939	0.939	True	0.69	3.39
1	156280783	C	T	CCT3	Silent	120	11	131	0.08396946564885496	7	6	1	0.6632	1	0.6632	0.6632	False	0.69	3.39
1	156354598	G	A	RHBG	3'UTR	9	36	45	0.8	7	6	1	6.3188	6	1.0531	1.0	True	0.69	3.39
1	156563376	G	A	APOA1BP	Intron	19	50	69	0.7246376811594203	7	6	1	5.7236	6	0.9539	0.9539	True	0.69	3.39
1	157550118	C	T	FCRL4	Missense_Mutation	86	220	306	0.7189542483660131	7	6	1	5.6787	6	0.9464	0.9464	True	0.69	3.39
1	158584040	C	G	SPTA1	Intron	110	12	122	0.09836065573770492	7	6	1	0.7769	1	0.7769	0.7769	False	0.69	3.39
1	159842861	C	T	CCDC19	Missense_Mutation	97	30	127	0.23622047244094488	7	6	1	1.8658	2	0.9329	0.9329	True	0.69	3.39
1	160063790	G	T	IGSF8	Missense_Mutation	65	45	110	0.4090909090909091	7	6	1	3.2312	3	1.0771	1.0	True	0.69	3.39
1	160163575	G	C	CASQ1	Missense_Mutation	89	20	109	0.1834862385321101	7	6	1	1.4493	1	1.4493	1.0	True	0.69	3.39
1	160261692	C	T	COPA	Missense_Mutation	119	382	501	0.7624750499001997	7	6	1	6.0224	6	1.0037	1.0	True	0.69	3.39
1	160681499	G	A	CD48	Silent	18	54	72	0.75	7	6	1	5.9239	6	0.9873	0.9873	True	0.69	3.39
1	161641245	C	G	FCGR2B	Missense_Mutation	104	18	122	0.14754098360655737	7	6	1	1.1654	1	1.1654	1.0	True	0.69	3.39
1	161641318	C	G	FCGR2B	Silent	95	16	111	0.14414414414414414	7	6	1	1.1385	1	1.1385	1.0	True	0.69	3.39
1	161641408	C	T	FCGR2B	Silent	67	11	78	0.14102564102564102	7	6	1	1.1139	1	1.1139	1.0	True	0.69	3.39
1	161695648	C	T	FCRLB	Silent	56	5	61	0.08196721311475409	7	6	1	0.6474	1	0.6474	0.6474	False	0.69	3.39
1	161696695	C	T	FCRLB	Silent	4	14	18	0.7777777777777778	7	6	1	6.1433	6	1.0239	1.0	True	0.69	3.39
1	169351514	G	T	BLZF1	Nonsense_Mutation	51	14	65	0.2153846153846154	3	2	1	0.8397	1	0.8397	0.8397	False	0.69	3.39
1	169696928	C	G	SELE	Missense_Mutation	69	88	157	0.5605095541401274	3	2	1	2.1852	2	1.0926	1.0	True	0.69	3.39
1	173916678	G	A	RC3H1	Nonsense_Mutation	36	44	80	0.55	3	2	1	2.1442	2	1.0721	1.0	True	0.69	3.39
1	176012859	G	A	RFWD2	Missense_Mutation	257	76	333	0.22822822822822822	3	2	1	0.8898	1	0.8898	0.8898	True	0.69	3.39
1	179320459	C	G	SOAT1	Missense_Mutation	180	59	239	0.24686192468619247	3	2	1	0.9624	1	0.9624	0.9624	True	0.69	3.39
1	179339182	G	A	AXDND1	Missense_Mutation	34	10	44	0.22727272727272727	3	2	1	0.886	1	0.886	0.886	True	0.69	3.39
1	179609578	G	C	TDRD5	Missense_Mutation	95	21	116	0.1810344827586207	3	2	1	0.7058	1	0.7058	0.7058	False	0.69	3.39
1	180080149	G	A	CEP350	Silent	66	18	84	0.21428571428571427	3	2	1	0.8354	1	0.8354	0.8354	False	0.69	3.39
1	181058788	G	A	IER5	Silent	19	15	34	0.4411764705882353	3	2	1	1.7199	2	0.86	0.86	True	0.69	3.39
1	182571103	C	T	RGS16	Missense_Mutation	46	40	86	0.46511627906976744	3	2	1	1.8133	2	0.9066	0.9066	True	0.69	3.39
1	182845653	C	T	DHX9	Missense_Mutation	39	29	68	0.4264705882352941	3	2	1	1.6626	2	0.8313	0.8313	False	0.69	3.39
1	185171807	C	G	SWT1	Missense_Mutation	59	28	87	0.3218390804597701	3	2	1	1.2547	1	1.2547	1.0	True	0.69	3.39
1	185276692	C	T	IVNS1ABP	Missense_Mutation	40	33	73	0.4520547945205479	3	2	1	1.7624	2	0.8812	0.8812	True	0.69	3.39
1	185703826	G	A	HMCN1	5'UTR	34	13	47	0.2765957446808511	3	2	1	1.0783	1	1.0783	1.0	True	0.69	3.39
1	185703957	C	G	HMCN1	Missense_Mutation	117	114	231	0.4935064935064935	3	2	1	1.924	2	0.962	0.962	True	0.69	3.39
1	186946811	G	T	PLA2G4A	Silent	82	27	109	0.24770642201834864	3	2	1	0.9657	1	0.9657	0.9657	True	0.69	3.39
1	193074729	G	C	GLRX2	Missense_Mutation	24	6	30	0.2	3	2	1	0.7797	1	0.7797	0.7797	False	0.69	3.39
1	196342316	C	T	KCNT2	Missense_Mutation	112	32	144	0.2222222222222222	3	2	1	0.8663	1	0.8663	0.8663	True	0.69	3.39
1	197145778	C	T	ZBTB41	Missense_Mutation	75	63	138	0.45652173913043476	3	2	1	1.7798	2	0.8899	0.8899	True	0.69	3.39
1	198288556	T	G	NEK7	Silent	37	11	48	0.22916666666666666	3	2	1	0.8934	1	0.8934	0.8934	True	0.69	3.39
1	200377338	G	A	ZNF281	Missense_Mutation	126	38	164	0.23170731707317074	3	2	1	0.9033	1	0.9033	0.9033	True	0.69	3.39
1	200878016	G	A	C1orf106	Missense_Mutation	44	10	54	0.18518518518518517	3	2	1	0.722	1	0.722	0.722	False	0.69	3.39
1	200880945	G	A	C1orf106	Missense_Mutation	13	6	19	0.3157894736842105	3	2	1	1.2311	1	1.2311	1.0	True	0.69	3.39
1	201182530	G	A	IGFN1	Missense_Mutation	19	14	33	0.42424242424242425	3	2	1	1.6539	2	0.827	0.827	False	0.69	3.39
1	201489431	C	T	RPS10P7	RNA	10	5	15	0.3333333333333333	3	2	1	1.2995	1	1.2995	1.0	True	0.69	3.39
1	202318026	G	A	PPP1R12B	Missense_Mutation	7	3	10	0.3	3	2	1	1.1696	1	1.1696	1.0	True	0.69	3.39
1	203276346	G	A	BTG2	Missense_Mutation	42	12	54	0.2222222222222222	3	2	1	0.8663	1	0.8663	0.8663	True	0.69	3.39
1	204125005	G	A	REN	Silent	9	7	16	0.4375	3	2	1	1.7056	2	0.8528	0.8528	True	0.69	3.39
1	205628264	G	A	SLC45A3	3'UTR	6	11	17	0.6470588235294118	3	2	1	2.5226	2	1.2613	1.0	True	0.69	3.39
1	205767810	G	A	SLC41A1	Silent	91	19	110	0.17272727272727273	3	2	1	0.6734	1	0.6734	0.6734	False	0.69	3.39
1	206904547	C	T	MAPKAPK2	Missense_Mutation	66	21	87	0.2413793103448276	3	2	1	0.941	1	0.941	0.941	True	0.69	3.39
1	207317297	G	A	C4BPA	Missense_Mutation	56	32	88	0.36363636363636365	3	2	1	1.4177	1	1.4177	1.0	True	0.69	3.39
1	208252706	C	T	PLXNA2	Missense_Mutation	4	11	15	0.7333333333333333	3	2	1	2.8589	2	1.4295	1.0	True	0.69	3.39
1	211842601	C	T	NEK2	Missense_Mutation	137	43	180	0.2388888888888889	3	2	1	0.9313	1	0.9313	0.9313	True	0.69	3.39
1	212118233	C	T	INTS7	Missense_Mutation	82	26	108	0.24074074074074073	3	2	1	0.9385	1	0.9385	0.9385	True	0.69	3.39
1	216019244	A	G	USH2A	Missense_Mutation	57	15	72	0.20833333333333334	3	2	1	0.8122	1	0.8122	0.8122	False	0.69	3.39
1	220146632	C	G	EPRS	Missense_Mutation	62	43	105	0.4095238095238095	3	2	1	1.5965	2	0.7983	0.7983	False	0.69	3.39
1	221057702	G	A	HLX	Missense_Mutation	14	15	29	0.5172413793103449	3	2	1	2.0165	2	1.0082	1.0	True	0.69	3.39
1	221875931	C	T	DUSP10	Missense_Mutation	60	97	157	0.6178343949044586	4	3	1	3.0265	3	1.0088	1.0	True	0.69	3.39
1	224492452	C	T	NVL	Missense_Mutation	227	47	274	0.17153284671532848	4	3	1	0.8403	1	0.8403	0.8403	False	0.69	3.39
1	228505341	G	A	OBSCN	Missense_Mutation	21	10	31	0.3225806451612903	3	2	1	1.2576	1	1.2576	1.0	True	0.69	3.39
1	228582712	C	T	TRIM11	Silent	22	25	47	0.5319148936170213	3	2	1	2.0737	2	1.0368	1.0	True	0.69	3.39
1	230486730	A	G	PGBD5	Missense_Mutation	64	25	89	0.2808988764044944	3	2	1	1.0951	1	1.0951	1.0	True	0.69	3.39
1	230845940	C	T	AGT	Silent	25	16	41	0.3902439024390244	3	2	1	1.5214	2	0.7607	0.7607	False	0.69	3.39
1	235747067	C	G	GNG4	Missense_Mutation	81	88	169	0.5207100591715976	3	2	1	2.03	2	1.015	1.0	True	0.69	3.39
1	235747078	C	T	GNG4	Missense_Mutation	88	97	185	0.5243243243243243	3	2	1	2.0441	2	1.0221	1.0	True	0.69	3.39
1	236228224	G	A	NID1	Silent	6	11	17	0.6470588235294118	3	2	1	2.5226	2	1.2613	1.0	True	0.69	3.39
1	236557680	C	T	EDARADD	5'UTR	19	9	28	0.32142857142857145	3	2	1	1.2531	1	1.2531	1.0	True	0.69	3.39
1	236738083	C	G	HEATR1	Missense_Mutation	39	44	83	0.5301204819277109	3	2	1	2.0667	2	1.0334	1.0	True	0.69	3.39
1	243480080	C	T	SDCCAG8	Missense_Mutation	51	29	80	0.3625	3	2	1	1.4132	1	1.4132	1.0	True	0.69	3.39
1	244218572	G	C	ZBTB18	Missense_Mutation	75	22	97	0.2268041237113402	3	2	1	0.8842	1	0.8842	0.8842	True	0.69	3.39
1	246729307	G	A	TFB2M	Missense_Mutation	66	14	80	0.175	3	2	1	0.6822	1	0.6822	0.6822	False	0.69	3.39
1	248039263	C	T	TRIM58	Silent	35	17	52	0.3269230769230769	2	1	1	0.9476	1	0.9476	0.9476	True	0.69	3.39
1	248637237	G	A	OR2T3	Missense_Mutation	102	79	181	0.43646408839779005	2	1	1	1.2651	1	1.2651	1.0	True	0.69	3.39
2	1893096	C	T	MYT1L	Missense_Mutation	97	24	121	0.19834710743801653	5	4	1	1.17	1	1.17	1.0	True	0.69	3.39
2	9540887	G	A	ASAP2	Silent	65	11	76	0.14473684210526316	5	4	1	0.8537	1	0.8537	0.8537	True	0.69	3.39
2	9552439	C	G	ITGB1BP1	Missense_Mutation	129	25	154	0.16233766233766234	5	4	1	0.9576	1	0.9576	0.9576	True	0.69	3.39
2	9695720	G	A	ADAM17	Silent	10	3	13	0.23076923076923078	5	4	1	1.3612	1	1.3612	1.0	True	0.69	3.39
2	10101494	C	T	GRHL1	Nonsense_Mutation	153	43	196	0.2193877551020408	5	4	1	1.2941	1	1.2941	1.0	True	0.69	3.39
2	10187963	C	T	KLF11	Missense_Mutation	80	23	103	0.22330097087378642	5	4	1	1.3172	1	1.3172	1.0	True	0.69	3.39
2	10559935	G	A	HPCAL1	Missense_Mutation	12	34	46	0.7391304347826086	5	4	1	4.3598	4	1.0899	1.0	True	0.69	3.39
2	11964910	C	T	LPIN1	Missense_Mutation	34	66	100	0.66	5	4	1	3.893	4	0.9733	0.9733	True	0.69	3.39
2	15415689	C	T	NBAS	Missense_Mutation	25	66	91	0.7252747252747253	5	4	1	4.2781	4	1.0695	1.0	True	0.69	3.39
2	16082186	G	A	MYCN	5'UTR	44	5	49	0.10204081632653061	5	4	1	0.6019	1	0.6019	0.6019	False	0.69	3.39
2	21233209	A	G	APOB	Silent	31	50	81	0.6172839506172839	5	4	1	3.6411	4	0.9103	0.9103	True	0.69	3.39
2	21233218	C	T	APOB	Silent	32	47	79	0.5949367088607594	5	4	1	3.5093	4	0.8773	0.8773	True	0.69	3.39
2	24236211	G	A	MFSD2B	Silent	21	5	26	0.19230769230769232	5	4	1	1.1343	1	1.1343	1.0	True	0.69	3.39
2	24398440	G	C	FAM228A	Missense_Mutation	31	32	63	0.5079365079365079	5	4	1	2.9961	3	0.9987	0.9987	True	0.69	3.39
2	25047259	C	T	ADCY3	Silent	29	41	70	0.5857142857142857	5	4	1	3.4549	3	1.1516	1.0	True	0.69	3.39
2	25705718	C	T	DTNB	Missense_Mutation	29	48	77	0.6233766233766234	5	4	1	3.677	4	0.9193	0.9193	True	0.69	3.39
2	26029124	C	T	ASXL2	Missense_Mutation	38	5	43	0.11627906976744186	5	4	1	0.6859	1	0.6859	0.6859	False	0.69	3.39
2	26536242	C	T	GPR113	Intron	14	5	19	0.2631578947368421	5	4	1	1.5523	2	0.7761	0.7761	False	0.69	3.39
2	26689579	C	T	OTOF	Intron	82	13	95	0.1368421052631579	5	4	1	0.8072	1	0.8072	0.8072	False	0.69	3.39
2	26726693	G	A	OTOF	Missense_Mutation	84	16	100	0.16	5	4	1	0.9438	1	0.9438	0.9438	True	0.69	3.39
2	27258840	G	A	TMEM214	Missense_Mutation	85	12	97	0.12371134020618557	5	4	1	0.7297	1	0.7297	0.7297	False	0.69	3.39
2	27427346	G	C	SLC5A6	Missense_Mutation	77	14	91	0.15384615384615385	5	4	1	0.9075	1	0.9075	0.9075	True	0.69	3.39
2	27430496	G	T	SLC5A6	Nonsense_Mutation	58	10	68	0.14705882352941177	5	4	1	0.8674	1	0.8674	0.8674	True	0.69	3.39
2	27463781	G	A	CAD	Missense_Mutation	22	27	49	0.5510204081632653	5	4	1	3.2502	3	1.0834	1.0	True	0.69	3.39
2	27605009	G	A	PPM1G	Missense_Mutation	74	16	90	0.17777777777777778	5	4	1	1.0486	1	1.0486	1.0	True	0.69	3.39
2	28152708	A	G	BRE	Silent	117	26	143	0.18181818181818182	5	4	1	1.0725	1	1.0725	1.0	True	0.69	3.39
2	29295005	G	C	C2orf71	Nonsense_Mutation	140	20	160	0.125	5	4	1	0.7373	1	0.7373	0.7373	False	0.69	3.39
2	31587029	G	A	XDH	Nonsense_Mutation	54	8	62	0.12903225806451613	5	4	1	0.7611	1	0.7611	0.7611	False	0.69	3.39
2	32640622	G	A	BIRC6	Missense_Mutation	79	14	93	0.15053763440860216	5	4	1	0.888	1	0.888	0.888	True	0.69	3.39
2	32743450	C	T	BIRC6	Nonsense_Mutation	83	15	98	0.15306122448979592	5	4	1	0.9028	1	0.9028	0.9028	True	0.69	3.39
2	32770731	C	T	BIRC6	Missense_Mutation	305	59	364	0.1620879120879121	5	4	1	0.9561	1	0.9561	0.9561	True	0.69	3.39
2	38960689	C	T	GALM	Silent	109	91	200	0.455	4	3	1	2.2288	2	1.1144	1.0	True	0.69	3.39
2	46815245	C	G	PIGF	Intron	36	12	48	0.25	4	3	1	1.2246	1	1.2246	1.0	True	0.69	3.39
2	54028617	G	A	ERLEC1	Silent	93	47	140	0.3357142857142857	5	3	2	1.9802	2	0.9901	0.9901	True	0.69	3.39
2	54882285	C	T	SPTBN1	Silent	69	13	82	0.15853658536585366	5	3	2	0.9351	1	0.9351	0.9351	True	0.69	3.39
2	55252388	G	C	RTN4	Silent	93	95	188	0.5053191489361702	5	3	2	2.9807	3	0.9936	0.9936	True	0.69	3.39
2	55253818	C	T	RTN4	Missense_Mutation	218	132	350	0.37714285714285717	5	3	2	2.2246	2	1.1123	1.0	True	0.69	3.39
2	55471226	C	T	MTIF2	Missense_Mutation	44	50	94	0.5319148936170213	5	3	2	3.1375	3	1.0458	1.0	True	0.69	3.39
2	60688925	G	C	BCL11A	Silent	87	31	118	0.2627118644067797	5	3	2	1.5496	2	0.7748	0.7748	False	0.69	3.39
2	61169372	T	C	PUS10	3'UTR	32	4	36	0.1111111111111111	5	3	2	0.6554	1	0.6554	0.6554	False	0.69	3.39
2	62449761	G	C	B3GNT2	Missense_Mutation	265	45	310	0.14516129032258066	5	3	2	0.8562	1	0.8562	0.8562	True	0.69	3.39
2	63282997	C	T	OTX1	Missense_Mutation	8	9	17	0.5294117647058824	5	3	2	3.1228	3	1.0409	1.0	True	0.69	3.39
2	69569358	G	C	GFPT1	Missense_Mutation	245	49	294	0.16666666666666666	5	3	2	0.9831	1	0.9831	0.9831	True	0.69	3.39
2	70008679	C	T	ANXA4	5'UTR	63	26	89	0.29213483146067415	5	3	2	1.7232	2	0.8616	0.8616	True	0.69	3.39
2	70315543	C	T	PCBP1	Missense_Mutation	30	23	53	0.4339622641509434	5	3	2	2.5597	3	0.8532	0.8532	True	0.69	3.39
2	71297643	G	A	NAGK	Missense_Mutation	37	10	47	0.2127659574468085	5	3	2	1.255	1	1.255	1.0	True	0.69	3.39
2	73316586	G	A	RAB11FIP5	Intron	16	16	32	0.5	5	3	2	2.9493	3	0.9831	0.9831	True	0.69	3.39
2	74709391	C	T	CCDC142	Missense_Mutation	9	6	15	0.4	5	3	2	2.3594	2	1.1797	1.0	True	0.69	3.39
2	74883774	G	C	SEMA4F	Missense_Mutation	81	57	138	0.41304347826086957	5	3	2	2.4364	2	1.2182	1.0	True	0.69	3.39
2	85108116	G	C	TRABD2A	Silent	3	7	10	0.7	5	3	2	4.129	3	1.3763	1.0	True	0.69	3.39
2	85616934	G	A	ELMOD3	Missense_Mutation	44	35	79	0.4430379746835443	5	3	2	2.6133	3	0.8711	0.8711	True	0.69	3.39
2	85662187	G	A	SH2D6	Missense_Mutation	24	10	34	0.29411764705882354	5	3	2	1.7349	2	0.8674	0.8674	True	0.69	3.39
2	86259451	C	T	POLR1A	Missense_Mutation	59	41	100	0.41	5	3	2	2.4184	2	1.2092	1.0	True	0.69	3.39
2	86333455	G	A	PTCD3	Missense_Mutation	57	22	79	0.27848101265822783	5	3	2	1.6426	2	0.8213	0.8213	False	0.69	3.39
2	88327938	C	T	KRCC1	Missense_Mutation	100	56	156	0.358974358974359	5	3	2	2.1174	2	1.0587	1.0	True	0.69	3.39
2	89416981	C	G	IGKV1-17	Missense_Mutation	228	31	259	0.11969111969111969	2	1	1	0.3469	1	0.3469	0.3469	False	0.69	3.39
2	89416982	G	A	IGKV1-17	Missense_Mutation	232	34	266	0.12781954887218044	2	1	1	0.3705	1	0.3705	0.3705	False	0.69	3.39
2	89545055	G	A	IGKV2-30	5'UTR	50	7	57	0.12280701754385964	2	1	1	0.356	1	0.356	0.356	False	0.69	3.39
2	95940393	G	A	PROM2	Silent	76	10	86	0.11627906976744186	7	5	2	0.9184	1	0.9184	0.9184	True	0.69	3.39
2	95940456	C	T	PROM2	Silent	159	46	205	0.22439024390243903	7	5	2	1.7724	2	0.8862	0.8862	True	0.69	3.39
2	96072879	G	T	FAHD2A	Nonsense_Mutation	125	10	135	0.07407407407407407	7	5	2	0.5851	1	0.5851	0.5851	False	0.69	3.39
2	96657376	G	A	ANKRD36C	Silent	31	5	36	0.1388888888888889	2	1	1	0.4026	1	0.4026	0.4026	False	0.69	3.39
2	97215120	C	T	ARID5A	Silent	49	30	79	0.379746835443038	4	2	2	1.8602	2	0.9301	0.9301	True	0.69	3.39
2	99812183	C	G	MRPL30	3'UTR	65	46	111	0.4144144144144144	4	2	2	2.03	2	1.015	1.0	True	0.69	3.39
2	99976974	C	G	EIF5B	Missense_Mutation	48	19	67	0.2835820895522388	4	2	2	1.3891	1	1.3891	1.0	True	0.69	3.39
2	99984993	G	A	EIF5B	Silent	66	36	102	0.35294117647058826	4	2	2	1.7289	2	0.8645	0.8645	True	0.69	3.39
2	101648738	C	T	TBC1D8	Missense_Mutation	12	9	21	0.42857142857142855	4	2	2	2.0994	2	1.0497	1.0	True	0.69	3.39
2	105959589	C	T	C2orf49	Missense_Mutation	76	40	116	0.3448275862068966	4	2	2	1.6892	2	0.8446	0.8446	False	0.69	3.39
2	108608600	G	A	SLC5A7	Missense_Mutation	56	36	92	0.391304347826087	4	2	2	1.9168	2	0.9584	0.9584	True	0.69	3.39
2	109352069	G	C	RANBP2	Missense_Mutation	446	104	550	0.1890909090909091	4	2	2	0.9263	1	0.9263	0.9263	True	0.69	3.39
2	109383083	G	A	RANBP2	Missense_Mutation	643	135	778	0.17352185089974292	4	2	2	0.85	1	0.85	0.85	True	0.69	3.39
2	110332307	C	T	SEPT10	Missense_Mutation	71	53	124	0.4274193548387097	4	2	2	2.0937	2	1.0469	1.0	True	0.69	3.39
2	112550062	G	A	ANAPC1	Missense_Mutation	58	14	72	0.19444444444444445	4	2	2	0.9525	1	0.9525	0.9525	True	0.69	3.39
2	112751899	G	A	MERTK	Silent	113	74	187	0.39572192513368987	4	2	2	1.9385	2	0.9692	0.9692	True	0.69	3.39
2	114256945	G	A	FOXD4L1	Missense_Mutation	68	49	117	0.4188034188034188	4	2	2	2.0515	2	1.0258	1.0	True	0.69	3.39
2	119604241	G	A	EN1	Missense_Mutation	4	8	12	0.6666666666666666	4	2	2	3.2657	2	1.6329	1.0	True	0.69	3.39
2	125504879	G	T	CNTNAP5	Silent	77	45	122	0.36885245901639346	4	2	2	1.8068	2	0.9034	0.9034	True	0.69	3.39
2	128867254	C	T	UGGT1	Missense_Mutation	84	56	140	0.4	4	2	2	1.9594	2	0.9797	0.9797	True	0.69	3.39
2	129026352	G	A	HS6ST1	Missense_Mutation	61	12	73	0.1643835616438356	4	2	2	0.8052	1	0.8052	0.8052	False	0.69	3.39
2	135888197	C	T	RAB3GAP1	Missense_Mutation	53	16	69	0.2318840579710145	3	3	0	0.904	1	0.904	0.904	True	0.69	3.39
2	136743012	C	T	DARS	Silent	2	9	11	0.8181818181818182	3	3	0	3.1897	3	1.0632	1.0	True	0.69	3.39
2	141359032	C	T	LRP1B	Missense_Mutation	10	39	49	0.7959183673469388	3	3	0	3.1029	3	1.0343	1.0	True	0.69	3.39
2	149226996	C	G	MBD5	Nonsense_Mutation	37	17	54	0.3148148148148148	2	2	0	0.9125	1	0.9125	0.9125	True	0.69	3.39
2	153000393	C	G	STAM2	Missense_Mutation	39	19	58	0.3275862068965517	2	2	0	0.9495	1	0.9495	0.9495	True	0.69	3.39
2	153616362	C	T	ARL6IP6	3'UTR	27	40	67	0.5970149253731343	2	2	0	1.7305	2	0.8652	0.8652	True	0.69	3.39
2	169783663	C	T	ABCB11	Intron	96	53	149	0.35570469798657717	2	2	0	1.031	1	1.031	1.0	True	0.69	3.39
2	170148823	G	A	LRP2	Nonsense_Mutation	51	18	69	0.2608695652173913	2	2	0	0.7561	1	0.7561	0.7561	False	0.69	3.39
2	171913057	G	C	TLK1	Nonsense_Mutation	55	28	83	0.3373493975903614	2	2	0	0.9778	1	0.9778	0.9778	True	0.69	3.39
2	172928454	G	C	METAP1D	Missense_Mutation	25	3	28	0.10714285714285714	2	2	0	0.3106	1	0.3106	0.3106	False	0.69	3.39
2	179604684	C	T	TTN	Missense_Mutation	71	31	102	0.30392156862745096	2	2	0	0.8809	1	0.8809	0.8809	True	0.69	3.39
2	179606140	G	C	TTN	Missense_Mutation	134	61	195	0.3128205128205128	2	2	0	0.9067	1	0.9067	0.9067	True	0.69	3.39
2	179641337	G	A	TTN	Missense_Mutation	41	24	65	0.36923076923076925	2	2	0	1.0702	1	1.0702	1.0	True	0.69	3.39
2	182766801	C	T	SSFA2	Nonsense_Mutation	45	15	60	0.25	2	2	0	0.7246	1	0.7246	0.7246	False	0.69	3.39
2	190619038	C	T	OSGEPL1	Missense_Mutation	29	8	37	0.21621621621621623	2	2	0	0.6267	1	0.6267	0.6267	False	0.69	3.39
2	191792056	G	A	GLS	Missense_Mutation	31	17	48	0.3541666666666667	2	2	0	1.0266	1	1.0266	1.0	True	0.69	3.39
2	197964488	G	T	ANKRD44	3'UTR	19	7	26	0.2692307692307692	2	2	0	0.7804	1	0.7804	0.7804	False	0.69	3.39
2	198950660	G	A	PLCL1	Missense_Mutation	77	37	114	0.32456140350877194	2	2	0	0.9408	1	0.9408	0.9408	True	0.69	3.39
2	201342726	C	G	SPATS2L	Nonsense_Mutation	18	10	28	0.35714285714285715	2	2	0	1.0352	1	1.0352	1.0	True	0.69	3.39
2	202494121	C	G	TMEM237	Missense_Mutation	4	6	10	0.6	2	2	0	1.7391	2	0.8696	0.8696	True	0.69	3.39
2	204055050	G	C	NBEAL1	Missense_Mutation	88	36	124	0.2903225806451613	2	2	0	0.8415	1	0.8415	0.8415	False	0.69	3.39
2	208725884	C	T	PLEKHM3	Missense_Mutation	43	88	131	0.6717557251908397	2	2	0	1.9471	2	0.9736	0.9736	True	0.69	3.39
2	209190606	G	A	PIKFYVE	Missense_Mutation	15	51	66	0.7727272727272727	2	2	0	2.2398	2	1.1199	1.0	True	0.69	3.39
2	209190762	C	G	PIKFYVE	Missense_Mutation	51	28	79	0.35443037974683544	2	2	0	1.0273	1	1.0273	1.0	True	0.69	3.39
2	214174842	C	T	SPAG16	Silent	60	28	88	0.3181818181818182	2	2	0	0.9223	1	0.9223	0.9223	True	0.69	3.39
2	215813432	G	A	ABCA12	Missense_Mutation	66	34	100	0.34	4	2	2	1.6655	2	0.8328	0.8328	False	0.69	3.39
2	215852376	G	A	ABCA12	Missense_Mutation	40	26	66	0.3939393939393939	4	2	2	1.9297	2	0.9649	0.9649	True	0.69	3.39
2	216200791	G	A	ATIC	Missense_Mutation	97	69	166	0.41566265060240964	4	2	2	2.0361	2	1.0181	1.0	True	0.69	3.39
2	219480435	C	T	PLCD4	5'UTR	36	20	56	0.35714285714285715	4	2	2	1.7495	2	0.8747	0.8747	True	0.69	3.39
2	219602555	C	T	TTLL4	Silent	113	30	143	0.2097902097902098	4	2	2	1.0277	1	1.0277	1.0	True	0.69	3.39
2	220085580	G	A	ATG9A	Silent	57	17	74	0.22972972972972974	4	2	2	1.1253	1	1.1253	1.0	True	0.69	3.39
2	220309694	C	T	SPEG	Missense_Mutation	18	5	23	0.21739130434782608	4	2	2	1.0649	1	1.0649	1.0	True	0.69	3.39
2	220494009	G	A	SLC4A3	Missense_Mutation	18	12	30	0.4	4	2	2	1.9594	2	0.9797	0.9797	True	0.69	3.39
2	223096999	G	A	PAX3	Missense_Mutation	120	20	140	0.14285714285714285	4	2	2	0.6998	1	0.6998	0.6998	False	0.69	3.39
2	227662785	C	T	IRS1	Missense_Mutation	29	19	48	0.3958333333333333	2	2	0	1.1473	1	1.1473	1.0	True	0.69	3.39
2	232070924	G	C	ARMC9	5'UTR	43	15	58	0.25862068965517243	2	2	0	0.7496	1	0.7496	0.7496	False	0.69	3.39
2	234669682	C	G	UGT1A8	Intron	68	30	98	0.30612244897959184	2	2	0	0.8873	1	0.8873	0.8873	True	0.69	3.39
2	238730445	C	T	RBM44	Missense_Mutation	18	7	25	0.28	2	2	0	0.8116	1	0.8116	0.8116	False	0.69	3.39
2	242135138	G	T	ANO7	Nonsense_Mutation	9	12	21	0.5714285714285714	2	2	0	1.6563	2	0.8282	0.8282	False	0.69	3.39
2	242162689	G	A	ANO7	Missense_Mutation	20	53	73	0.726027397260274	2	2	0	2.1044	2	1.0522	1.0	True	0.69	3.39
2	242163167	C	T	ANO7	Silent	25	13	38	0.34210526315789475	2	2	0	0.9916	1	0.9916	0.9916	True	0.69	3.39
3	2908608	T	C	CNTN4	Silent	93	40	133	0.3007518796992481	5	5	0	1.774	2	0.887	0.887	True	0.69	3.39
3	5022016	G	A	BHLHE40	Missense_Mutation	6	41	47	0.8723404255319149	5	5	0	5.1455	5	1.0291	1.0	True	0.69	3.39
3	5252943	C	G	EDEM1	Intron	36	4	40	0.1	5	5	0	0.5899	1	0.5899	0.5899	False	0.69	3.39
3	9055453	C	G	SRGAP3	Silent	117	7	124	0.056451612903225805	5	5	0	0.333	1	0.333	0.333	False	0.69	3.39
3	9791867	G	C	OGG1	5'UTR	5	35	40	0.875	5	5	0	5.1612	5	1.0322	1.0	True	0.69	3.39
3	9803376	G	A	CAMK1	Silent	87	40	127	0.31496062992125984	5	5	0	1.8578	2	0.9289	0.9289	True	0.69	3.39
3	9959040	G	A	IL17RC	Missense_Mutation	81	15	96	0.15625	5	5	0	0.9216	1	0.9216	0.9216	True	0.69	3.39
3	9986069	G	A	CRELD1	Silent	312	40	352	0.11363636363636363	5	5	0	0.6703	1	0.6703	0.6703	False	0.69	3.39
3	10067722	G	A	FANCD2	5'Flank	35	10	45	0.2222222222222222	5	5	0	1.3108	1	1.3108	1.0	True	0.69	3.39
3	10070355	G	C	FANCD2	Missense_Mutation	112	7	119	0.058823529411764705	5	5	0	0.347	1	0.347	0.347	False	0.69	3.39
3	10127604	C	T	FANCD2	Silent	28	182	210	0.8666666666666667	5	5	0	5.1121	5	1.0224	1.0	True	0.69	3.39
3	11606374	G	T	VGLL4	Missense_Mutation	38	4	42	0.09523809523809523	5	5	0	0.5618	1	0.5618	0.5618	False	0.69	3.39
3	12950806	C	T	IQSEC1	Missense_Mutation	187	70	257	0.2723735408560311	5	5	0	1.6066	2	0.8033	0.8033	False	0.69	3.39
3	14949214	G	T	FGD5	Missense_Mutation	26	7	33	0.21212121212121213	5	5	0	1.2512	1	1.2512	1.0	True	0.69	3.39
3	15297466	G	T	SH3BP5	3'UTR	51	31	82	0.3780487804878049	5	5	0	2.2299	2	1.115	1.0	True	0.69	3.39
3	30045548	C	T	RBMS3	3'UTR	0	11	11	1.0	6	6	0	6.8986	6	1.1498	1.0	True	0.69	3.39
3	36570456	G	C	STAC	Missense_Mutation	24	25	49	0.5102040816326531	3	2	1	1.9891	2	0.9945	0.9945	True	0.69	3.39
3	37033664	G	A	EPM2AIP1	Missense_Mutation	85	20	105	0.19047619047619047	3	2	1	0.7426	1	0.7426	0.7426	False	0.69	3.39
3	37034658	C	T	EPM2AIP1	5'UTR	8	19	27	0.7037037037037037	3	2	1	2.7434	2	1.3717	1.0	True	0.69	3.39
3	38415956	C	T	XYLB	Missense_Mutation	21	33	54	0.6111111111111112	3	2	1	2.3824	2	1.1912	1.0	True	0.69	3.39
3	39307491	C	G	CX3CR1	Missense_Mutation	95	43	138	0.3115942028985507	3	2	1	1.2148	1	1.2148	1.0	True	0.69	3.39
3	40456182	G	A	ENTPD3	Missense_Mutation	54	56	110	0.509090909090909	3	2	1	1.9847	2	0.9924	0.9924	True	0.69	3.39
3	40558468	C	T	ZNF620	3'UTR	20	8	28	0.2857142857142857	3	2	1	1.1139	1	1.1139	1.0	True	0.69	3.39
3	41266101	C	T	CTNNB1	Missense_Mutation	32	7	39	0.1794871794871795	3	2	1	0.6997	1	0.6997	0.6997	False	0.69	3.39
3	44684773	G	T	ZNF197	Missense_Mutation	89	65	154	0.42207792207792205	3	2	1	1.6455	2	0.8227	0.8227	False	0.69	3.39
3	44700379	G	T	ZNF35	Missense_Mutation	38	111	149	0.7449664429530202	3	2	1	2.9043	2	1.4521	1.0	True	0.69	3.39
3	45077285	G	A	CLEC3B	Missense_Mutation	10	27	37	0.7297297297297297	3	2	1	2.8449	2	1.4224	1.0	True	0.69	3.39
3	47378043	T	C	KLHL18	Missense_Mutation	15	31	46	0.6739130434782609	3	2	1	2.6273	2	1.3136	1.0	True	0.69	3.39
3	47676775	C	T	SMARCC1	Missense_Mutation	20	38	58	0.6551724137931034	3	2	1	2.5542	2	1.2771	1.0	True	0.69	3.39
3	48309504	C	T	ZNF589	Missense_Mutation	60	16	76	0.21052631578947367	3	2	1	0.8207	1	0.8207	0.8207	False	0.69	3.39
3	48447188	G	A	PLXNB1	Silent	18	7	25	0.28	3	2	1	1.0916	1	1.0916	1.0	True	0.69	3.39
3	48474369	C	T	CCDC51	Missense_Mutation	92	25	117	0.21367521367521367	3	2	1	0.833	1	0.833	0.833	False	0.69	3.39
3	48506933	C	G	ATRIP	Missense_Mutation	28	13	41	0.3170731707317073	3	2	1	1.2361	1	1.2361	1.0	True	0.69	3.39
3	48602351	G	A	COL7A1	Missense_Mutation	76	15	91	0.16483516483516483	3	2	1	0.6426	1	0.6426	0.6426	False	0.69	3.39
3	48626328	G	C	COL7A1	Nonsense_Mutation	50	10	60	0.16666666666666666	3	2	1	0.6498	1	0.6498	0.6498	False	0.69	3.39
3	48664437	C	G	SLC26A6	Missense_Mutation	127	25	152	0.16447368421052633	3	2	1	0.6412	1	0.6412	0.6412	False	0.69	3.39
3	48671065	C	T	SLC26A6	Silent	74	66	140	0.4714285714285714	3	2	1	1.8379	2	0.9189	0.9189	True	0.69	3.39
3	49044905	C	T	WDR6	Missense_Mutation	9	5	14	0.35714285714285715	3	2	1	1.3923	1	1.3923	1.0	True	0.69	3.39
3	49050477	G	A	WDR6	Missense_Mutation	37	11	48	0.22916666666666666	3	2	1	0.8934	1	0.8934	0.8934	True	0.69	3.39
3	49060614	G	A	NDUFAF3	3'UTR	32	27	59	0.4576271186440678	3	2	1	1.7841	2	0.892	0.892	True	0.69	3.39
3	49062461	G	C	IMPDH2	Missense_Mutation	65	12	77	0.15584415584415584	3	2	1	0.6076	1	0.6076	0.6076	False	0.69	3.39
3	49137494	C	T	QARS	Missense_Mutation	87	22	109	0.2018348623853211	3	2	1	0.7869	1	0.7869	0.7869	False	0.69	3.39
3	49314209	C	T	C3orf62	Missense_Mutation	28	38	66	0.5757575757575758	3	2	1	2.2446	2	1.1223	1.0	True	0.69	3.39
3	49449798	G	A	TCTA	5'UTR	9	6	15	0.4	3	2	1	1.5594	2	0.7797	0.7797	False	0.69	3.39
3	49449866	G	T	TCTA	Nonsense_Mutation	16	15	31	0.4838709677419355	3	2	1	1.8864	2	0.9432	0.9432	True	0.69	3.39
3	49455127	G	A	AMT	Missense_Mutation	34	25	59	0.423728813559322	3	2	1	1.6519	2	0.826	0.826	False	0.69	3.39
3	49718651	G	C	APEH	Missense_Mutation	30	28	58	0.4827586206896552	3	2	1	1.8821	2	0.941	0.941	True	0.69	3.39
3	49724697	A	T	MST1	Missense_Mutation	23	15	38	0.39473684210526316	3	2	1	1.5389	2	0.7695	0.7695	False	0.69	3.39
3	50396052	G	A	TMEM115	Missense_Mutation	14	14	28	0.5	3	2	1	1.9493	2	0.9746	0.9746	True	0.69	3.39
3	51426367	G	A	MANF	Silent	4	4	8	0.5	3	2	1	1.9493	2	0.9746	0.9746	True	0.69	3.39
3	51672281	G	A	RAD54L2	Missense_Mutation	34	24	58	0.41379310344827586	3	2	1	1.6132	2	0.8066	0.8066	False	0.69	3.39
3	53212478	C	A	PRKCD	Missense_Mutation	37	8	45	0.17777777777777778	3	2	1	0.6931	1	0.6931	0.6931	False	0.69	3.39
3	56114883	C	G	ERC2	Missense_Mutation	23	22	45	0.4888888888888889	3	2	1	1.906	2	0.953	0.953	True	0.69	3.39
3	56627024	C	T	CCDC66	Silent	150	48	198	0.24242424242424243	3	2	1	0.9451	1	0.9451	0.9451	True	0.69	3.39
3	58106996	C	T	FLNB	Silent	145	45	190	0.23684210526315788	3	2	1	0.9233	1	0.9233	0.9233	True	0.69	3.39
3	58109098	A	T	FLNB	Missense_Mutation	64	74	138	0.5362318840579711	3	2	1	2.0905	2	1.0453	1.0	True	0.69	3.39
3	58377553	C	T	PXK	Silent	86	79	165	0.47878787878787876	3	2	1	1.8666	2	0.9333	0.9333	True	0.69	3.39
3	63600994	C	T	SYNPR	Missense_Mutation	26	6	32	0.1875	3	2	1	0.731	1	0.731	0.731	False	0.69	3.39
3	64142939	C	T	PRICKLE2	Missense_Mutation	23	32	55	0.5818181818181818	3	2	1	2.2682	2	1.1341	1.0	True	0.69	3.39
3	67054357	T	C	KBTBD8	Silent	78	73	151	0.48344370860927155	3	2	1	1.8847	2	0.9424	0.9424	True	0.69	3.39
3	69074854	G	A	TMF1	Missense_Mutation	72	31	103	0.30097087378640774	3	2	1	1.1734	1	1.1734	1.0	True	0.69	3.39
3	69112141	G	T	UBA3	Missense_Mutation	66	76	142	0.5352112676056338	3	2	1	2.0865	2	1.0433	1.0	True	0.69	3.39
3	71037150	G	A	FOXP1	Nonsense_Mutation	230	76	306	0.24836601307189543	3	2	1	0.9683	1	0.9683	0.9683	True	0.69	3.39
3	93593036	C	T	PROS1	3'UTR	46	8	54	0.14814814814814814	3	2	1	0.5776	1	0.5776	0.5776	False	0.69	3.39
3	93611869	G	A	PROS1	Missense_Mutation	123	8	131	0.061068702290076333	3	2	1	0.2381	1	0.2381	0.2381	False	0.69	3.39
3	93733304	T	C	STX19	Silent	31	39	70	0.5571428571428572	3	2	1	2.172	2	1.086	1.0	True	0.69	3.39
3	93781924	G	A	NSUN3	5'UTR	84	12	96	0.125	3	2	1	0.4873	1	0.4873	0.4873	False	0.69	3.39
3	97668720	G	A	MINA	Missense_Mutation	60	13	73	0.1780821917808219	4	3	1	0.8723	1	0.8723	0.8723	True	0.69	3.39
3	100471769	C	G	ABI3BP	Missense_Mutation	42	37	79	0.46835443037974683	4	3	1	2.2943	2	1.1471	1.0	True	0.69	3.39
3	108102561	G	A	MYH15	Nonsense_Mutation	104	28	132	0.21212121212121213	4	3	1	1.0391	1	1.0391	1.0	True	0.69	3.39
3	108139937	C	G	MYH15	Missense_Mutation	139	35	174	0.20114942528735633	4	3	1	0.9853	1	0.9853	0.9853	True	0.69	3.39
3	108218327	G	A	MYH15	Nonsense_Mutation	39	30	69	0.43478260869565216	4	3	1	2.1298	2	1.0649	1.0	True	0.69	3.39
3	112255317	C	G	ATG3	Intron	32	36	68	0.5294117647058824	4	3	1	2.5934	3	0.8645	0.8645	True	0.69	3.39
3	113377710	G	A	KIAA2018	Missense_Mutation	129	129	258	0.5	4	3	1	2.4493	2	1.2246	1.0	True	0.69	3.39
3	113850098	C	T	DRD3	Silent	231	29	260	0.11153846153846154	4	3	1	0.5464	1	0.5464	0.5464	False	0.69	3.39
3	120424963	T	C	RABL3	Splice_Site	38	11	49	0.22448979591836735	3	2	1	0.8752	1	0.8752	0.8752	True	0.69	3.39
3	121554153	C	T	EAF2	Silent	16	14	30	0.4666666666666667	3	2	1	1.8193	2	0.9097	0.9097	True	0.69	3.39
3	122658317	C	T	SEMA5B	Silent	36	7	43	0.16279069767441862	3	2	1	0.6346	1	0.6346	0.6346	False	0.69	3.39
3	123699230	G	A	ROPN1	Silent	46	22	68	0.3235294117647059	3	2	1	1.2613	1	1.2613	1.0	True	0.69	3.39
3	126676358	C	T	CHCHD6	Silent	4	6	10	0.6	3	2	1	2.3391	2	1.1696	1.0	True	0.69	3.39
3	128182099	G	A	DNAJB8	5'UTR	49	15	64	0.234375	3	2	1	0.9137	1	0.9137	0.9137	True	0.69	3.39
3	129293326	G	A	PLXND1	Silent	25	8	33	0.24242424242424243	3	2	1	0.9451	1	0.9451	0.9451	True	0.69	3.39
3	132071660	G	A	ACPP	Missense_Mutation	97	17	114	0.14912280701754385	3	2	1	0.5814	1	0.5814	0.5814	False	0.69	3.39
3	132169512	C	T	DNAJC13	Missense_Mutation	44	60	104	0.5769230769230769	3	2	1	2.2492	2	1.1246	1.0	True	0.69	3.39
3	134077398	C	T	AMOTL2	Silent	38	8	46	0.17391304347826086	3	2	1	0.678	1	0.678	0.678	False	0.69	3.39
3	138256169	C	T	CEP70	Silent	43	11	54	0.2037037037037037	3	2	1	0.7941	1	0.7941	0.7941	False	0.69	3.39
3	138665349	C	T	FOXL2	Silent	30	22	52	0.4230769230769231	3	2	1	1.6494	2	0.8247	0.8247	False	0.69	3.39
3	139258348	C	T	RBP1	Nonsense_Mutation	11	6	17	0.35294117647058826	3	2	1	1.376	1	1.376	1.0	True	0.69	3.39
3	141006166	C	T	ACPL2	Missense_Mutation	124	37	161	0.22981366459627328	3	2	1	0.8959	1	0.8959	0.8959	True	0.69	3.39
3	141526645	G	A	GRK7	Silent	82	10	92	0.10869565217391304	3	2	1	0.4238	1	0.4238	0.4238	False	0.69	3.39
3	141626055	C	T	ATP1B3	Silent	87	29	116	0.25	3	2	1	0.9746	1	0.9746	0.9746	True	0.69	3.39
3	142509894	A	G	TRPC1	Missense_Mutation	70	19	89	0.21348314606741572	3	2	1	0.8323	1	0.8323	0.8323	False	0.69	3.39
3	146311816	G	C	PLSCR5	Missense_Mutation	138	41	179	0.22905027932960895	3	2	1	0.893	1	0.893	0.893	True	0.69	3.39
3	149678727	G	A	RNF13	Missense_Mutation	61	22	83	0.26506024096385544	3	2	1	1.0334	1	1.0334	1.0	True	0.69	3.39
3	151150606	G	A	MED12L	3'UTR	43	6	49	0.12244897959183673	3	2	1	0.4774	1	0.4774	0.4774	False	0.69	3.39
3	152880887	T	C	RAP2B	Silent	22	14	36	0.3888888888888889	3	2	1	1.5161	2	0.7581	0.7581	False	0.69	3.39
3	154886393	G	A	MME	Nonsense_Mutation	115	28	143	0.1958041958041958	3	2	1	0.7634	1	0.7634	0.7634	False	0.69	3.39
3	155571662	G	A	SLC33A1	Missense_Mutation	50	11	61	0.18032786885245902	3	2	1	0.703	1	0.703	0.703	False	0.69	3.39
3	160395402	G	A	ARL14	Missense_Mutation	88	12	100	0.12	3	2	1	0.4678	1	0.4678	0.4678	False	0.69	3.39
3	165548500	C	G	BCHE	Missense_Mutation	41	65	106	0.6132075471698113	3	2	1	2.3906	2	1.1953	1.0	True	0.69	3.39
3	167045793	T	A	ZBBX	Missense_Mutation	185	50	235	0.2127659574468085	3	2	1	0.8295	1	0.8295	0.8295	False	0.69	3.39
3	170725017	C	T	SLC2A2	Missense_Mutation	28	30	58	0.5172413793103449	3	2	1	2.0165	2	1.0082	1.0	True	0.69	3.39
3	170786662	G	A	TNIK	Missense_Mutation	50	10	60	0.16666666666666666	3	2	1	0.6498	1	0.6498	0.6498	False	0.69	3.39
3	171338225	G	C	PLD1	Missense_Mutation	119	17	136	0.125	3	2	1	0.4873	1	0.4873	0.4873	False	0.69	3.39
3	172061911	G	A	FNDC3B	Missense_Mutation	117	13	130	0.1	3	2	1	0.3899	1	0.3899	0.3899	False	0.69	3.39
3	178936091	G	A	PIK3CA	Missense_Mutation	43	30	73	0.410958904109589	3	2	1	1.6021	2	0.8011	0.8011	False	0.69	3.39
3	179066706	G	A	MFN1	Missense_Mutation	169	40	209	0.19138755980861244	3	2	1	0.7461	1	0.7461	0.7461	False	0.69	3.39
3	179305844	C	T	ACTL6A	3'UTR	9	12	21	0.5714285714285714	3	2	1	2.2277	2	1.1139	1.0	True	0.69	3.39
3	179754502	C	T	PEX5L	5'UTR	11	14	25	0.56	3	2	1	2.1832	2	1.0916	1.0	True	0.69	3.39
3	180319941	G	C	TTC14	5'UTR	12	5	17	0.29411764705882354	3	2	1	1.1466	1	1.1466	1.0	True	0.69	3.39
3	182872117	G	A	LAMP3	Nonsense_Mutation	74	59	133	0.44360902255639095	3	2	1	1.7294	2	0.8647	0.8647	True	0.69	3.39
3	183960265	G	A	ALG3	3'UTR	13	4	17	0.23529411764705882	3	2	1	0.9173	1	0.9173	0.9173	True	0.69	3.39
3	183967552	G	A	ECE2	Missense_Mutation	19	10	29	0.3448275862068966	3	2	1	1.3443	1	1.3443	1.0	True	0.69	3.39
3	185643391	C	T	TRA2B	Missense_Mutation	50	16	66	0.24242424242424243	3	2	1	0.9451	1	0.9451	0.9451	True	0.69	3.39
3	186358310	C	T	FETUB	Missense_Mutation	105	105	210	0.5	3	2	1	1.9493	2	0.9746	0.9746	True	0.69	3.39
3	186969425	C	T	MASP1	Silent	53	62	115	0.5391304347826087	3	2	1	2.1018	2	1.0509	1.0	True	0.69	3.39
3	189349350	G	A	TP63	Missense_Mutation	136	42	178	0.23595505617977527	3	2	1	0.9199	1	0.9199	0.9199	True	0.69	3.39
3	193854434	G	A	HES1	Missense_Mutation	15	10	25	0.4	3	2	1	1.5594	2	0.7797	0.7797	False	0.69	3.39
3	193855629	C	T	HES1	Silent	19	5	24	0.20833333333333334	3	2	1	0.8122	1	0.8122	0.8122	False	0.69	3.39
3	195701408	C	T	SDHAP1	RNA	79	16	95	0.16842105263157894	3	2	1	0.6566	1	0.6566	0.6566	False	0.69	3.39
3	196214289	C	G	RNF168	Missense_Mutation	311	96	407	0.23587223587223588	3	2	1	0.9196	1	0.9196	0.9196	True	0.69	3.39
3	197238892	G	A	BDH1	Silent	80	26	106	0.24528301886792453	3	2	1	0.9562	1	0.9562	0.9562	True	0.69	3.39
4	676629	C	T	MFSD7	Missense_Mutation	6	4	10	0.4	2	1	1	1.1594	1	1.1594	1.0	True	0.69	3.39
4	678583	C	A	MFSD7	Missense_Mutation	9	18	27	0.6666666666666666	2	1	1	1.9324	1	1.9324	1.0	True	0.69	3.39
4	759890	G	C	PCGF3	3'UTR	14	15	29	0.5172413793103449	2	1	1	1.4993	1	1.4993	1.0	True	0.69	3.39
4	887189	C	T	GAK	Silent	18	11	29	0.3793103448275862	2	1	1	1.0995	1	1.0995	1.0	True	0.69	3.39
4	1388306	G	A	CRIPAK	Missense_Mutation	62	83	145	0.5724137931034483	4	3	1	2.804	3	0.9347	0.9347	True	0.69	3.39
4	1746259	G	A	TACC3	Silent	60	9	69	0.13043478260869565	4	3	1	0.6389	1	0.6389	0.6389	False	0.69	3.39
4	2746669	C	T	TNIP2	Missense_Mutation	38	8	46	0.17391304347826086	4	3	1	0.8519	1	0.8519	0.8519	True	0.69	3.39
4	3344756	C	T	RGS12	Silent	67	16	83	0.1927710843373494	4	3	1	0.9443	1	0.9443	0.9443	True	0.69	3.39
4	3424704	C	T	RGS12	Missense_Mutation	37	7	44	0.1590909090909091	4	3	1	0.7793	1	0.7793	0.7793	False	0.69	3.39
4	3944359	G	A	FAM86EP	RNA	11	4	15	0.26666666666666666	4	3	1	1.3063	1	1.3063	1.0	True	0.69	3.39
4	4303908	A	T	ZBTB49	Silent	148	47	195	0.24102564102564103	4	3	1	1.1807	1	1.1807	1.0	True	0.69	3.39
4	5567045	C	G	EVC2	Missense_Mutation	113	8	121	0.06611570247933884	4	3	1	0.3239	1	0.3239	0.3239	False	0.69	3.39
4	5578040	C	T	EVC2	Missense_Mutation	105	31	136	0.22794117647058823	4	3	1	1.1166	1	1.1166	1.0	True	0.69	3.39
4	5838496	G	A	CRMP1	Missense_Mutation	70	32	102	0.3137254901960784	4	3	1	1.5368	2	0.7684	0.7684	False	0.69	3.39
4	7044015	C	T	CCDC96	Silent	27	36	63	0.5714285714285714	4	3	1	2.7992	3	0.9331	0.9331	True	0.69	3.39
4	7044026	C	T	CCDC96	Missense_Mutation	26	31	57	0.543859649122807	4	3	1	2.6641	3	0.888	0.888	True	0.69	3.39
4	8237168	G	A	SH3TC1	Silent	36	34	70	0.4857142857142857	4	3	1	2.3793	2	1.1896	1.0	True	0.69	3.39
4	22456499	G	A	GPR125	Silent	62	9	71	0.1267605633802817	4	3	1	0.6209	1	0.6209	0.6209	False	0.69	3.39
4	25005688	G	C	LGI2	Silent	58	71	129	0.5503875968992248	4	3	1	2.6961	3	0.8987	0.8987	True	0.69	3.39
4	25005740	G	A	LGI2	Missense_Mutation	82	120	202	0.594059405940594	4	3	1	2.91	3	0.97	0.97	True	0.69	3.39
4	25664407	G	A	SLC34A2	Missense_Mutation	64	102	166	0.6144578313253012	4	3	1	3.01	3	1.0033	1.0	True	0.69	3.39
4	26750122	G	A	TBC1D19	Missense_Mutation	140	65	205	0.3170731707317073	4	3	1	1.5532	2	0.7766	0.7766	False	0.69	3.39
4	39271675	G	C	WDR19	Missense_Mutation	60	18	78	0.23076923076923078	3	2	1	0.8997	1	0.8997	0.8997	True	0.69	3.39
4	39278656	G	A	WDR19	Missense_Mutation	99	34	133	0.2556390977443609	3	2	1	0.9966	1	0.9966	0.9966	True	0.69	3.39
4	39448203	C	T	KLB	Silent	52	13	65	0.2	3	2	1	0.7797	1	0.7797	0.7797	False	0.69	3.39
4	39978093	C	T	PDS5A	Silent	91	66	157	0.42038216560509556	3	2	1	1.6389	2	0.8194	0.8194	False	0.69	3.39
4	40103906	G	A	N4BP2	Silent	88	27	115	0.23478260869565218	3	2	1	0.9153	1	0.9153	0.9153	True	0.69	3.39
4	40123254	C	T	N4BP2	Missense_Mutation	86	36	122	0.29508196721311475	3	2	1	1.1504	1	1.1504	1.0	True	0.69	3.39
4	40144375	G	A	N4BP2	Missense_Mutation	95	29	124	0.23387096774193547	3	2	1	0.9118	1	0.9118	0.9118	True	0.69	3.39
4	40245409	G	A	RHOH	Missense_Mutation	43	16	59	0.2711864406779661	3	2	1	1.0572	1	1.0572	1.0	True	0.69	3.39
4	40350954	G	A	CHRNA9	Missense_Mutation	119	30	149	0.20134228187919462	3	2	1	0.7849	1	0.7849	0.7849	False	0.69	3.39
4	46053535	G	A	GABRG1	Missense_Mutation	45	15	60	0.25	3	2	1	0.9746	1	0.9746	0.9746	True	0.69	3.39
4	47565643	C	T	ATP10D	Missense_Mutation	51	14	65	0.2153846153846154	3	2	1	0.8397	1	0.8397	0.8397	False	0.69	3.39
4	47578955	C	G	ATP10D	Missense_Mutation	121	29	150	0.19333333333333333	3	2	1	0.7537	1	0.7537	0.7537	False	0.69	3.39
4	48139430	C	T	TEC	3'UTR	32	16	48	0.3333333333333333	3	2	1	1.2995	1	1.2995	1.0	True	0.69	3.39
4	48422195	C	T	SLAIN2	Missense_Mutation	41	10	51	0.19607843137254902	3	2	1	0.7644	1	0.7644	0.7644	False	0.69	3.39
4	48525073	C	T	FRYL	Missense_Mutation	57	42	99	0.42424242424242425	3	2	1	1.6539	2	0.827	0.827	False	0.69	3.39
4	48605373	C	T	FRYL	Silent	65	42	107	0.3925233644859813	3	2	1	1.5303	2	0.7651	0.7651	False	0.69	3.39
4	48862870	C	G	OCIAD1	3'UTR	51	14	65	0.2153846153846154	3	2	1	0.8397	1	0.8397	0.8397	False	0.69	3.39
4	55524236	C	T	KIT	Missense_Mutation	20	12	32	0.375	3	2	1	1.462	1	1.462	1.0	True	0.69	3.39
4	55991471	G	C	KDR	5'UTR	5	5	10	0.5	3	2	1	1.9493	2	0.9746	0.9746	True	0.69	3.39
4	62813849	C	T	LPHN3	Missense_Mutation	26	7	33	0.21212121212121213	3	2	1	0.827	1	0.827	0.827	False	0.69	3.39
4	68784859	C	T	TMPRSS11A	Missense_Mutation	76	60	136	0.4411764705882353	3	2	1	1.7199	2	0.86	0.86	True	0.69	3.39
4	69434194	C	T	UGT2B17	Silent	308	188	496	0.3790322580645161	3	2	1	1.4777	1	1.4777	1.0	True	0.69	3.39
4	71339733	G	A	MUC7	5'UTR	116	25	141	0.1773049645390071	4	2	2	0.8685	1	0.8685	0.8685	True	0.69	3.39
4	74350018	G	A	AFM	Missense_Mutation	70	25	95	0.2631578947368421	3	2	1	1.0259	1	1.0259	1.0	True	0.69	3.39
4	76434446	G	A	RCHY1	Nonsense_Mutation	15	29	44	0.6590909090909091	3	2	1	2.5695	2	1.2847	1.0	True	0.69	3.39
4	76781894	C	T	PPEF2	Missense_Mutation	50	24	74	0.32432432432432434	3	2	1	1.2644	1	1.2644	1.0	True	0.69	3.39
4	76782018	C	T	PPEF2	Missense_Mutation	88	25	113	0.22123893805309736	3	2	1	0.8625	1	0.8625	0.8625	True	0.69	3.39
4	76895235	G	A	SDAD1	Silent	69	25	94	0.26595744680851063	3	2	1	1.0368	1	1.0368	1.0	True	0.69	3.39
4	77100813	C	T	SCARB2	Missense_Mutation	121	146	267	0.5468164794007491	3	2	1	2.1318	2	1.0659	1.0	True	0.69	3.39
4	77660886	G	A	SHROOM3	Silent	52	66	118	0.559322033898305	3	2	1	2.1805	2	1.0903	1.0	True	0.69	3.39
4	81123465	C	T	PRDM8	Silent	8	4	12	0.3333333333333333	3	2	1	1.2995	1	1.2995	1.0	True	0.69	3.39
4	83406710	G	A	TMEM150C	Missense_Mutation	13	9	22	0.4090909090909091	3	2	1	1.5949	2	0.7974	0.7974	False	0.69	3.39
4	85672802	C	G	WDFY3	Missense_Mutation	150	29	179	0.16201117318435754	3	2	1	0.6316	1	0.6316	0.6316	False	0.69	3.39
4	87653921	T	C	PTPN13	Splice_Site	21	15	36	0.4166666666666667	2	1	1	1.2077	1	1.2077	1.0	True	0.69	3.39
4	96051059	G	A	BMPR1B	Missense_Mutation	28	14	42	0.3333333333333333	3	3	0	1.2995	1	1.2995	1.0	True	0.69	3.39
4	96199421	G	A	UNC5C	Missense_Mutation	53	14	67	0.208955223880597	3	3	0	0.8146	1	0.8146	0.8146	False	0.69	3.39
4	100756843	C	T	DAPP1	Silent	70	48	118	0.4067796610169492	3	3	0	1.5859	2	0.7929	0.7929	False	0.69	3.39
4	103723730	G	C	UBE2D3	Missense_Mutation	75	51	126	0.40476190476190477	3	3	0	1.578	2	0.789	0.789	False	0.69	3.39
4	107154786	C	T	TBCK	Missense_Mutation	22	19	41	0.4634146341463415	3	3	0	1.8066	2	0.9033	0.9033	True	0.69	3.39
4	107956627	G	A	DKK2	Missense_Mutation	20	48	68	0.7058823529411765	3	3	0	2.7519	3	0.9173	0.9173	True	0.69	3.39
4	109663505	C	T	ETNPPL	3'UTR	7	19	26	0.7307692307692307	3	3	0	2.8489	3	0.9496	0.9496	True	0.69	3.39
4	110384687	C	T	SEC24B	Missense_Mutation	13	78	91	0.8571428571428571	3	3	0	3.3416	3	1.1139	1.0	True	0.69	3.39
4	110460768	G	C	SEC24B	Silent	25	45	70	0.6428571428571429	3	3	0	2.5062	3	0.8354	0.8354	False	0.69	3.39
4	110682771	C	T	CFI	Missense_Mutation	24	112	136	0.8235294117647058	3	3	0	3.2106	3	1.0702	1.0	True	0.69	3.39
4	114232546	G	A	ANK2	Missense_Mutation	40	9	49	0.1836734693877551	3	3	0	0.7161	1	0.7161	0.7161	False	0.69	3.39
4	120549792	C	T	PDE5A	Missense_Mutation	9	26	35	0.7428571428571429	3	3	0	2.8961	3	0.9654	0.9654	True	0.69	3.39
4	126398547	C	T	FAT4	Intron	23	47	70	0.6714285714285714	3	3	0	2.6176	3	0.8725	0.8725	True	0.69	3.39
4	140005446	G	T	ELF2	Intron	23	6	29	0.20689655172413793	3	3	0	0.8066	1	0.8066	0.8066	False	0.69	3.39
4	140291390	G	C	NAA15	Missense_Mutation	2	20	22	0.9090909090909091	3	3	0	3.5441	3	1.1814	1.0	True	0.69	3.39
4	142155060	G	A	ZNF330	Missense_Mutation	44	21	65	0.3230769230769231	3	3	0	1.2595	1	1.2595	1.0	True	0.69	3.39
4	144109040	G	C	USP38	Missense_Mutation	46	19	65	0.2923076923076923	3	3	0	1.1396	1	1.1396	1.0	True	0.69	3.39
4	145567932	G	T	HHIP	Missense_Mutation	68	21	89	0.23595505617977527	3	3	0	0.9199	1	0.9199	0.9199	True	0.69	3.39
4	146067481	C	T	OTUD4	Missense_Mutation	60	69	129	0.5348837209302325	3	3	0	2.0853	2	1.0426	1.0	True	0.69	3.39
4	153247165	G	A	FBXW7	Missense_Mutation	28	91	119	0.7647058823529411	3	3	0	2.9812	3	0.9937	0.9937	True	0.69	3.39
4	154525365	C	T	KIAA0922	Silent	53	24	77	0.3116883116883117	3	3	0	1.2151	1	1.2151	1.0	True	0.69	3.39
4	154542885	C	G	KIAA0922	Missense_Mutation	42	21	63	0.3333333333333333	3	3	0	1.2995	1	1.2995	1.0	True	0.69	3.39
4	164087539	G	A	NAF1	Missense_Mutation	12	12	24	0.5	3	3	0	1.9493	2	0.9746	0.9746	True	0.69	3.39
4	169351708	G	A	DDX60L	Missense_Mutation	15	5	20	0.25	3	3	0	0.9746	1	0.9746	0.9746	True	0.69	3.39
5	256590	C	T	SDHA	3'UTR	29	7	36	0.19444444444444445	2	1	1	0.5636	1	0.5636	0.5636	False	0.69	3.39
5	475147	C	T	SLC9A3	Silent	12	7	19	0.3684210526315789	2	1	1	1.0679	1	1.0679	1.0	True	0.69	3.39
5	1081816	C	T	SLC12A7	Silent	37	10	47	0.2127659574468085	3	2	1	0.8295	1	0.8295	0.8295	False	0.69	3.39
5	1081819	C	T	SLC12A7	Silent	37	9	46	0.1956521739130435	3	2	1	0.7628	1	0.7628	0.7628	False	0.69	3.39
5	1239598	G	A	SLC6A18	Missense_Mutation	70	64	134	0.47761194029850745	3	2	1	1.862	2	0.931	0.931	True	0.69	3.39
5	1420746	C	T	SLC6A3	Missense_Mutation	83	19	102	0.18627450980392157	3	2	1	0.7262	1	0.7262	0.7262	False	0.69	3.39
5	5457591	C	T	KIAA0947	Nonsense_Mutation	31	11	42	0.2619047619047619	3	2	1	1.021	1	1.021	1.0	True	0.69	3.39
5	6604332	C	T	NSUN2	Missense_Mutation	56	27	83	0.3253012048192771	3	2	1	1.2682	1	1.2682	1.0	True	0.69	3.39
5	7870910	G	A	MTRR	Missense_Mutation	53	55	108	0.5092592592592593	3	2	1	1.9854	2	0.9927	0.9927	True	0.69	3.39
5	7900211	G	A	MTRR	3'UTR	35	14	49	0.2857142857142857	3	2	1	1.1139	1	1.1139	1.0	True	0.69	3.39
5	9202334	G	A	SEMA5A	Missense_Mutation	29	15	44	0.3409090909090909	2	2	0	0.9881	1	0.9881	0.9881	True	0.69	3.39
5	16475032	G	C	FAM134B	Missense_Mutation	57	19	76	0.25	3	2	1	0.9746	1	0.9746	0.9746	True	0.69	3.39
5	16680071	C	T	MYO10	Silent	22	5	27	0.18518518518518517	3	2	1	0.722	1	0.722	0.722	False	0.69	3.39
5	16701650	C	T	MYO10	Missense_Mutation	23	7	30	0.23333333333333334	3	2	1	0.9097	1	0.9097	0.9097	True	0.69	3.39
5	23522739	G	C	PRDM9	Missense_Mutation	26	9	35	0.2571428571428571	3	2	1	1.0025	1	1.0025	1.0	True	0.69	3.39
5	31302360	C	T	CDH6	Silent	51	11	62	0.1774193548387097	3	2	1	0.6917	1	0.6917	0.6917	False	0.69	3.39
5	33641932	C	T	ADAMTS12	Silent	56	20	76	0.2631578947368421	3	2	1	1.0259	1	1.0259	1.0	True	0.69	3.39
5	35921175	C	G	CAPSL	Missense_Mutation	35	13	48	0.2708333333333333	3	2	1	1.0559	1	1.0559	1.0	True	0.69	3.39
5	36152307	G	A	SKP2	5'UTR	22	7	29	0.2413793103448276	3	2	1	0.941	1	0.941	0.941	True	0.69	3.39
5	38464063	A	C	EGFLAM	Missense_Mutation	25	9	34	0.2647058823529412	3	2	1	1.032	1	1.032	1.0	True	0.69	3.39
5	38904542	G	C	OSMR	Missense_Mutation	63	17	80	0.2125	3	2	1	0.8284	1	0.8284	0.8284	False	0.69	3.39
5	38945050	G	A	RICTOR	Missense_Mutation	130	42	172	0.2441860465116279	3	2	1	0.952	1	0.952	0.952	True	0.69	3.39
5	40692603	G	A	PTGER4	3'UTR	20	5	25	0.2	3	2	1	0.7797	1	0.7797	0.7797	False	0.69	3.39
5	40716164	C	T	TTC33	3'UTR	5	4	9	0.4444444444444444	3	2	1	1.7327	2	0.8663	0.8663	True	0.69	3.39
5	40853853	C	T	CARD6	Missense_Mutation	321	90	411	0.21897810218978103	3	2	1	0.8537	1	0.8537	0.8537	True	0.69	3.39
5	40998246	G	A	MROH2B	Missense_Mutation	172	60	232	0.25862068965517243	3	2	1	1.0082	1	1.0082	1.0	True	0.69	3.39
5	41009477	C	T	MROH2B	Missense_Mutation	59	21	80	0.2625	3	2	1	1.0234	1	1.0234	1.0	True	0.69	3.39
5	41009499	C	T	MROH2B	Silent	85	24	109	0.22018348623853212	3	2	1	0.8584	1	0.8584	0.8584	True	0.69	3.39
5	52096666	C	T	PELO	Silent	17	4	21	0.19047619047619047	3	2	1	0.7426	1	0.7426	0.7426	False	0.69	3.39
5	53815651	G	A	SNX18	Missense_Mutation	46	15	61	0.2459016393442623	3	2	1	0.9587	1	0.9587	0.9587	True	0.69	3.39
5	54573026	G	T	DHX29	Missense_Mutation	70	11	81	0.13580246913580246	3	2	1	0.5294	1	0.5294	0.5294	False	0.69	3.39
5	64267618	G	A	CWC27	Silent	42	11	53	0.20754716981132076	3	2	1	0.8091	1	0.8091	0.8091	False	0.69	3.39
5	67593263	G	A	PIK3R1	Missense_Mutation	120	41	161	0.2546583850931677	3	2	1	0.9928	1	0.9928	0.9928	True	0.69	3.39
5	71015114	C	T	CARTPT	5'UTR	40	8	48	0.16666666666666666	3	2	1	0.6498	1	0.6498	0.6498	False	0.69	3.39
5	73932241	G	A	ENC1	Missense_Mutation	31	14	45	0.3111111111111111	3	2	1	1.2129	1	1.2129	1.0	True	0.69	3.39
5	74101053	C	T	FAM169A	Missense_Mutation	69	22	91	0.24175824175824176	3	2	1	0.9425	1	0.9425	0.9425	True	0.69	3.39
5	82815228	C	G	VCAN	Missense_Mutation	94	44	138	0.3188405797101449	2	1	1	0.9242	1	0.9242	0.9242	True	0.69	3.39
5	86700760	C	T	CCNH	Missense_Mutation	38	16	54	0.2962962962962963	2	1	1	0.8588	1	0.8588	0.8588	True	0.69	3.39
5	86703827	T	G	CCNH	Missense_Mutation	50	28	78	0.358974358974359	2	1	1	1.0405	1	1.0405	1.0	True	0.69	3.39
5	92956830	C	T	FAM172A	Missense_Mutation	19	8	27	0.2962962962962963	2	1	1	0.8588	1	0.8588	0.8588	True	0.69	3.39
5	109202634	C	T	MAN2A1	Nonsense_Mutation	80	33	113	0.2920353982300885	2	1	1	0.8465	1	0.8465	0.8465	False	0.69	3.39
5	112111406	G	C	APC	Missense_Mutation	61	30	91	0.32967032967032966	2	1	1	0.9556	1	0.9556	0.9556	True	0.69	3.39
5	112418687	C	T	MCC	Missense_Mutation	48	20	68	0.29411764705882354	2	1	1	0.8525	1	0.8525	0.8525	True	0.69	3.39
5	112458513	C	T	MCC	Missense_Mutation	28	14	42	0.3333333333333333	2	1	1	0.9662	1	0.9662	0.9662	True	0.69	3.39
5	114878661	C	G	FEM1C	Missense_Mutation	87	27	114	0.23684210526315788	3	2	1	0.9233	1	0.9233	0.9233	True	0.69	3.39
5	114879143	G	A	FEM1C	Silent	32	31	63	0.49206349206349204	3	2	1	1.9183	2	0.9592	0.9592	True	0.69	3.39
5	118533494	C	T	DMXL1	Missense_Mutation	105	30	135	0.2222222222222222	3	2	1	0.8663	1	0.8663	0.8663	True	0.69	3.39
5	118533569	C	T	DMXL1	Missense_Mutation	125	31	156	0.1987179487179487	3	2	1	0.7747	1	0.7747	0.7747	False	0.69	3.39
5	121758693	G	A	SNCAIP	Silent	36	17	53	0.32075471698113206	3	2	1	1.2505	1	1.2505	1.0	True	0.69	3.39
5	124036770	C	G	ZNF608	Missense_Mutation	73	16	89	0.1797752808988764	3	2	1	0.7009	1	0.7009	0.7009	False	0.69	3.39
5	124036909	G	A	ZNF608	Silent	64	19	83	0.2289156626506024	3	2	1	0.8924	1	0.8924	0.8924	True	0.69	3.39
5	124080028	G	A	ZNF608	Nonsense_Mutation	41	50	91	0.5494505494505495	3	2	1	2.1421	2	1.071	1.0	True	0.69	3.39
5	125759297	C	T	GRAMD3	Intron	13	4	17	0.23529411764705882	3	2	1	0.9173	1	0.9173	0.9173	True	0.69	3.39
5	130970657	C	A	RAPGEF6	Nonsense_Mutation	28	6	34	0.17647058823529413	3	2	1	0.688	1	0.688	0.688	False	0.69	3.39
5	131039796	C	G	FNIP1	Missense_Mutation	59	14	73	0.1917808219178082	3	2	1	0.7477	1	0.7477	0.7477	False	0.69	3.39
5	132209663	G	C	LEAP2	Missense_Mutation	21	35	56	0.625	3	2	1	2.4366	2	1.2183	1.0	True	0.69	3.39
5	132534795	C	T	FSTL4	Missense_Mutation	25	7	32	0.21875	3	2	1	0.8528	1	0.8528	0.8528	True	0.69	3.39
5	132535121	G	A	FSTL4	Missense_Mutation	37	17	54	0.3148148148148148	3	2	1	1.2273	1	1.2273	1.0	True	0.69	3.39
5	133295697	C	T	C5orf15	Missense_Mutation	33	20	53	0.37735849056603776	3	2	1	1.4712	1	1.4712	1.0	True	0.69	3.39
5	133984735	G	A	SEC24A	5'UTR	14	19	33	0.5757575757575758	3	2	1	2.2446	2	1.1223	1.0	True	0.69	3.39
5	134235176	C	T	TXNDC15	Intron	65	26	91	0.2857142857142857	3	2	1	1.1139	1	1.1139	1.0	True	0.69	3.39
5	134696333	C	T	H2AFY	Intron	17	6	23	0.2608695652173913	3	2	1	1.017	1	1.017	1.0	True	0.69	3.39
5	134785084	G	A	TIFAB	3'UTR	43	11	54	0.2037037037037037	3	2	1	0.7941	1	0.7941	0.7941	False	0.69	3.39
5	134785161	G	C	TIFAB	Missense_Mutation	73	18	91	0.1978021978021978	3	2	1	0.7711	1	0.7711	0.7711	False	0.69	3.39
5	138661216	G	T	MATR3	Nonsense_Mutation	56	18	74	0.24324324324324326	3	2	1	0.9483	1	0.9483	0.9483	True	0.69	3.39
5	138665072	G	C	MATR3	Missense_Mutation	92	16	108	0.14814814814814814	3	2	1	0.5776	1	0.5776	0.5776	False	0.69	3.39
5	139905595	C	T	ANKHD1	Missense_Mutation	77	24	101	0.2376237623762376	3	2	1	0.9264	1	0.9264	0.9264	True	0.69	3.39
5	140230192	C	G	PCDHA9	Missense_Mutation	30	32	62	0.5161290322580645	3	2	1	2.0122	2	1.0061	1.0	True	0.69	3.39
5	140308755	C	T	PCDHAC1	Silent	71	56	127	0.4409448818897638	3	2	1	1.719	2	0.8595	0.8595	True	0.69	3.39
5	140431478	G	A	PCDHB1	Silent	42	7	49	0.14285714285714285	3	2	1	0.5569	1	0.5569	0.5569	False	0.69	3.39
5	140476935	T	C	PCDHB2	3'UTR	19	4	23	0.17391304347826086	3	2	1	0.678	1	0.678	0.678	False	0.69	3.39
5	140502976	G	A	PCDHB4	Missense_Mutation	61	28	89	0.3146067415730337	3	2	1	1.2265	1	1.2265	1.0	True	0.69	3.39
5	140579748	C	T	PCDHB11	Missense_Mutation	159	44	203	0.21674876847290642	3	2	1	0.845	1	0.845	0.845	False	0.69	3.39
5	140744168	G	A	PCDHGA5	Missense_Mutation	41	23	64	0.359375	3	2	1	1.401	1	1.401	1.0	True	0.69	3.39
5	140788029	A	C	PCDHGB6	Missense_Mutation	82	28	110	0.2545454545454545	3	2	1	0.9924	1	0.9924	0.9924	True	0.69	3.39
5	143549462	C	T	YIPF5	Missense_Mutation	59	88	147	0.5986394557823129	4	3	1	2.9325	3	0.9775	0.9775	True	0.69	3.39
5	145252343	A	G	GRXCR2	Silent	86	49	135	0.362962962962963	4	3	1	1.778	2	0.889	0.889	True	0.69	3.39
5	146763487	C	A	STK32A	Missense_Mutation	28	18	46	0.391304347826087	4	3	1	1.9168	2	0.9584	0.9584	True	0.69	3.39
5	148730750	G	A	GRPEL2	Missense_Mutation	64	57	121	0.47107438016528924	3	2	1	1.8365	2	0.9183	0.9183	True	0.69	3.39
5	150847396	C	A	SLC36A1	Silent	60	19	79	0.24050632911392406	3	2	1	0.9376	1	0.9376	0.9376	True	0.69	3.39
5	150867878	C	G	SLC36A1	3'UTR	14	7	21	0.3333333333333333	3	2	1	1.2995	1	1.2995	1.0	True	0.69	3.39
5	151784712	C	G	NMUR2	5'UTR	65	22	87	0.25287356321839083	3	2	1	0.9858	1	0.9858	0.9858	True	0.69	3.39
5	159682612	C	T	CCNJL	Silent	82	77	159	0.48427672955974843	3	2	1	1.888	2	0.944	0.944	True	0.69	3.39
5	167655045	G	A	TENM2	Silent	4	11	15	0.7333333333333333	3	2	1	2.8589	2	1.4295	1.0	True	0.69	3.39
5	169122855	C	T	DOCK2	Nonsense_Mutation	47	52	99	0.5252525252525253	3	2	1	2.0477	2	1.0239	1.0	True	0.69	3.39
5	170159845	G	A	KCNIP1	Silent	47	20	67	0.29850746268656714	3	2	1	1.1637	1	1.1637	1.0	True	0.69	3.39
5	170215616	C	G	GABRP	5'UTR	72	22	94	0.23404255319148937	3	2	1	0.9124	1	0.9124	0.9124	True	0.69	3.39
5	171517361	C	T	STK10	Silent	137	48	185	0.2594594594594595	3	2	1	1.0115	1	1.0115	1.0	True	0.69	3.39
5	175306917	G	C	CPLX2	Missense_Mutation	16	5	21	0.23809523809523808	4	3	1	1.1663	1	1.1663	1.0	True	0.69	3.39
5	175307108	C	G	CPLX2	3'UTR	5	5	10	0.5	4	3	1	2.4493	2	1.2246	1.0	True	0.69	3.39
5	175816403	C	T	HIGD2A	Nonsense_Mutation	76	49	125	0.392	4	3	1	1.9202	2	0.9601	0.9601	True	0.69	3.39
5	176309065	G	C	HK3	Nonsense_Mutation	26	16	42	0.38095238095238093	4	3	1	1.8661	2	0.9331	0.9331	True	0.69	3.39
5	176562564	G	C	NSD1	Missense_Mutation	110	21	131	0.16030534351145037	4	3	1	0.7853	1	0.7853	0.7853	False	0.69	3.39
5	176721473	C	G	NSD1	Silent	57	10	67	0.14925373134328357	4	3	1	0.7311	1	0.7311	0.7311	False	0.69	3.39
5	176867977	C	T	GRK6	Missense_Mutation	37	11	48	0.22916666666666666	4	3	1	1.1226	1	1.1226	1.0	True	0.69	3.39
5	178359071	C	T	ZFP2	Nonsense_Mutation	74	19	93	0.20430107526881722	4	3	1	1.0008	1	1.0008	1.0	True	0.69	3.39
5	178554964	G	A	ADAMTS2	Silent	83	28	111	0.25225225225225223	4	3	1	1.2357	1	1.2357	1.0	True	0.69	3.39
5	179251010	A	T	SQSTM1	Missense_Mutation	50	19	69	0.2753623188405797	4	3	1	1.3489	1	1.3489	1.0	True	0.69	3.39
5	179763570	C	T	GFPT2	Silent	134	174	308	0.564935064935065	4	3	1	2.7674	3	0.9225	0.9225	True	0.69	3.39
5	180472482	G	A	BTNL9	5'UTR	49	5	54	0.09259259259259259	2	1	1	0.2684	1	0.2684	0.2684	False	0.69	3.39
5	180582627	A	G	OR2V2	Missense_Mutation	161	34	195	0.17435897435897435	2	1	1	0.5054	1	0.5054	0.5054	False	0.69	3.39
6	7398940	C	G	RIOK1	Missense_Mutation	34	23	57	0.40350877192982454	2	1	1	1.1696	1	1.1696	1.0	True	0.69	3.39
6	7583091	C	T	DSP	Nonsense_Mutation	39	22	61	0.36065573770491804	2	1	1	1.0454	1	1.0454	1.0	True	0.69	3.39
6	10907799	C	G	SYCP2L	Missense_Mutation	50	40	90	0.4444444444444444	2	1	1	1.2882	1	1.2882	1.0	True	0.69	3.39
6	12123091	C	T	HIVEP1	Silent	988	43	1031	0.041707080504364696	7	7	1	0.3294	1	0.3294	0.3294	False	0.69	3.39
6	17804706	G	A	KIF13A	Silent	6	21	27	0.7777777777777778	7	7	1	6.1433	6	1.0239	1.0	True	0.69	3.39
6	21065357	G	A	CDKAL1	Silent	514	23	537	0.04283054003724395	7	7	1	0.3383	1	0.3383	0.3383	False	0.69	3.39
6	21231097	G	A	CDKAL1	Missense_Mutation	336	21	357	0.058823529411764705	7	7	1	0.4646	1	0.4646	0.4646	False	0.69	3.39
6	26045930	G	A	HIST1H3C	Missense_Mutation	30	14	44	0.3181818181818182	3	2	1	1.2404	1	1.2404	1.0	True	0.69	3.39
6	26158404	G	A	HIST1H2BD	Missense_Mutation	52	15	67	0.22388059701492538	3	2	1	0.8728	1	0.8728	0.8728	True	0.69	3.39
6	26158626	G	A	HIST1H2BD	Missense_Mutation	108	50	158	0.31645569620253167	3	2	1	1.2337	1	1.2337	1.0	True	0.69	3.39
6	26184336	G	C	HIST1H2BE	Missense_Mutation	57	18	75	0.24	3	2	1	0.9357	1	0.9357	0.9357	True	0.69	3.39
6	26200177	C	G	HIST1H2BF	3'UTR	37	10	47	0.2127659574468085	3	2	1	0.8295	1	0.8295	0.8295	False	0.69	3.39
6	26217568	G	A	HIST1H2AE	Silent	25	10	35	0.2857142857142857	3	2	1	1.1139	1	1.1139	1.0	True	0.69	3.39
6	26368410	G	C	BTN3A2	5'UTR	63	38	101	0.37623762376237624	3	2	1	1.4668	1	1.4668	1.0	True	0.69	3.39
6	26545407	C	G	HMGN4	5'UTR	53	5	58	0.08620689655172414	3	2	1	0.3361	1	0.3361	0.3361	False	0.69	3.39
6	27834692	C	T	HIST1H1B	Missense_Mutation	48	11	59	0.1864406779661017	3	2	1	0.7268	1	0.7268	0.7268	False	0.69	3.39
6	28120950	G	C	ZKSCAN8	Missense_Mutation	52	17	69	0.2463768115942029	3	2	1	0.9605	1	0.9605	0.9605	True	0.69	3.39
6	30574287	G	C	PPP1R10	Missense_Mutation	77	17	94	0.18085106382978725	3	2	1	0.7051	1	0.7051	0.7051	False	0.69	3.39
6	30594989	G	A	ATAT1	Silent	27	6	33	0.18181818181818182	3	2	1	0.7088	1	0.7088	0.7088	False	0.69	3.39
6	30617717	A	G	C6orf136	Missense_Mutation	56	20	76	0.2631578947368421	3	2	1	1.0259	1	1.0259	1.0	True	0.69	3.39
6	31670992	C	T	ABHD16A	Missense_Mutation	29	23	52	0.4423076923076923	3	2	1	1.7244	2	0.8622	0.8622	True	0.69	3.39
6	31938901	G	T	DXO	Missense_Mutation	29	26	55	0.4727272727272727	3	2	1	1.843	2	0.9215	0.9215	True	0.69	3.39
6	32024681	C	T	TNXB	Splice_Site	43	16	59	0.2711864406779661	3	2	1	1.0572	1	1.0572	1.0	True	0.69	3.39
6	32157485	C	T	PBX2	Missense_Mutation	36	15	51	0.29411764705882354	3	2	1	1.1466	1	1.1466	1.0	True	0.69	3.39
6	32977305	G	A	HLA-DOA	Silent	20	4	24	0.16666666666666666	3	2	1	0.6498	1	0.6498	0.6498	False	0.69	3.39
6	33245448	G	C	B3GALT4	Silent	92	37	129	0.2868217054263566	3	2	1	1.1182	1	1.1182	1.0	True	0.69	3.39
6	33247078	G	C	WDR46	Missense_Mutation	149	32	181	0.17679558011049723	3	2	1	0.6892	1	0.6892	0.6892	False	0.69	3.39
6	34831871	C	T	UHRF1BP1	Missense_Mutation	49	19	68	0.27941176470588236	3	2	1	1.0893	1	1.0893	1.0	True	0.69	3.39
6	35543582	C	T	FKBP5	3'UTR	136	52	188	0.2765957446808511	3	2	1	1.0783	1	1.0783	1.0	True	0.69	3.39
6	36291244	G	C	C6orf222	Missense_Mutation	176	54	230	0.23478260869565218	3	2	1	0.9153	1	0.9153	0.9153	True	0.69	3.39
6	36452534	G	A	KCTD20	Silent	118	132	250	0.528	3	2	1	2.0584	2	1.0292	1.0	True	0.69	3.39
6	36652272	G	T	CDKN1A	Missense_Mutation	31	13	44	0.29545454545454547	3	2	1	1.1518	1	1.1518	1.0	True	0.69	3.39
6	37419600	G	C	CMTR1	Missense_Mutation	64	23	87	0.26436781609195403	3	2	1	1.0307	1	1.0307	1.0	True	0.69	3.39
6	39865036	C	G	DAAM2	Missense_Mutation	87	36	123	0.2926829268292683	5	6	0	1.7264	2	0.8632	0.8632	True	0.69	3.39
6	39895072	G	A	MOCS1	Silent	79	8	87	0.09195402298850575	7	6	2	0.7263	1	0.7263	0.7263	False	0.69	3.39
6	41121535	G	A	TREML1	Nonsense_Mutation	39	103	142	0.7253521126760564	7	7	2	5.7292	6	0.9549	0.9549	True	0.69	3.39
6	41129313	C	T	TREM2	Missense_Mutation	73	9	82	0.10975609756097561	7	7	2	0.8669	1	0.8669	0.8669	True	0.69	3.39
6	41243831	A	G	TREM1	3'UTR	59	19	78	0.24358974358974358	7	7	2	1.924	2	0.962	0.962	True	0.69	3.39
6	41621322	C	T	MDFI	3'UTR	174	16	190	0.08421052631578947	7	7	2	0.6651	1	0.6651	0.6651	False	0.69	3.39
6	42532121	G	T	UBR2	Nonsense_Mutation	7	9	16	0.5625	5	3	2	3.3179	3	1.106	1.0	True	0.69	3.39
6	42713401	G	A	TBCC	Silent	43	6	49	0.12244897959183673	5	3	2	0.7223	1	0.7223	0.7223	False	0.69	3.39
6	42981053	C	T	MEA1	Missense_Mutation	167	29	196	0.14795918367346939	5	3	2	0.8727	1	0.8727	0.8727	True	0.69	3.39
6	43181188	G	C	CUL9	Missense_Mutation	99	13	112	0.11607142857142858	5	3	2	0.6847	1	0.6847	0.6847	False	0.69	3.39
6	43190340	C	T	CUL9	Silent	42	27	69	0.391304347826087	5	3	2	2.3081	2	1.1541	1.0	True	0.69	3.39
6	43323779	C	T	ZNF318	Silent	88	73	161	0.453416149068323	5	3	2	2.6745	3	0.8915	0.8915	True	0.69	3.39
6	43475602	C	T	LRRC73	Missense_Mutation	36	7	43	0.16279069767441862	5	3	2	0.9602	1	0.9602	0.9602	True	0.69	3.39
6	44226864	G	A	NFKBIE	3'UTR	57	10	67	0.14925373134328357	5	3	2	0.8804	1	0.8804	0.8804	True	0.69	3.39
6	46977301	G	A	GPR110	Missense_Mutation	42	8	50	0.16	4	2	2	0.7838	1	0.7838	0.7838	False	0.69	3.39
6	46977464	G	A	GPR110	Silent	71	17	88	0.19318181818181818	4	2	2	0.9463	1	0.9463	0.9463	True	0.69	3.39
6	49700942	G	C	CRISP3	Missense_Mutation	175	40	215	0.18604651162790697	4	2	2	0.9114	1	0.9114	0.9114	True	0.69	3.39
6	49753659	G	A	PGK2	Silent	60	40	100	0.4	4	2	2	1.9594	2	0.9797	0.9797	True	0.69	3.39
6	51612670	G	A	PKHD1	Silent	99	53	152	0.34868421052631576	4	2	2	1.708	2	0.854	0.854	True	0.69	3.39
6	52103570	G	C	IL17F	Nonsense_Mutation	51	11	62	0.1774193548387097	4	2	2	0.8691	1	0.8691	0.8691	True	0.69	3.39
6	52129560	G	C	MCM3	Silent	95	58	153	0.3790849673202614	4	2	2	1.857	2	0.9285	0.9285	True	0.69	3.39
6	52701150	G	A	GSTA5	Silent	152	30	182	0.16483516483516483	4	2	2	0.8075	1	0.8075	0.8075	False	0.69	3.39
6	53010460	C	G	GCM1	5'UTR	51	51	102	0.5	4	2	2	2.4493	2	1.2246	1.0	True	0.69	3.39
6	53660187	G	C	LRRC1	Missense_Mutation	17	14	31	0.45161290322580644	4	2	2	2.2122	2	1.1061	1.0	True	0.69	3.39
6	55739327	T	C	BMP5	Missense_Mutation	95	22	117	0.18803418803418803	4	2	2	0.9211	1	0.9211	0.9211	True	0.69	3.39
6	56707876	T	A	RP11-472M19.2	5'Flank	16	12	28	0.42857142857142855	4	2	2	2.0994	2	1.0497	1.0	True	0.69	3.39
6	56707877	C	A	RP11-472M19.2	5'Flank	16	10	26	0.38461538461538464	4	2	2	1.8841	2	0.942	0.942	True	0.69	3.39
6	57075078	A	C	RAB23	Missense_Mutation	138	42	180	0.23333333333333334	4	2	2	1.143	1	1.143	1.0	True	0.69	3.39
6	57183276	G	A	PRIM2	Silent	17	9	26	0.34615384615384615	4	2	2	1.6957	2	0.8478	0.8478	False	0.69	3.39
6	70875842	G	A	COL19A1	Missense_Mutation	185	28	213	0.13145539906103287	4	2	2	0.6439	1	0.6439	0.6439	False	0.69	3.39
6	70966509	C	T	COL9A1	Missense_Mutation	34	3	37	0.08108108108108109	4	2	2	0.3972	1	0.3972	0.3972	False	0.69	3.39
6	72968754	G	A	RIMS1	Missense_Mutation	75	55	130	0.4230769230769231	4	2	2	2.0725	2	1.0362	1.0	True	0.69	3.39
6	73843259	G	A	KCNQ5	Missense_Mutation	77	22	99	0.2222222222222222	4	2	2	1.0886	1	1.0886	1.0	True	0.69	3.39
6	73904551	C	T	KCNQ5	Missense_Mutation	26	22	48	0.4583333333333333	4	2	2	2.2452	2	1.1226	1.0	True	0.69	3.39
6	74150017	C	T	MB21D1	Nonsense_Mutation	97	50	147	0.3401360544217687	4	2	2	1.6662	2	0.8331	0.8331	False	0.69	3.39
6	74171472	G	T	MTO1	5'UTR	9	4	13	0.3076923076923077	4	2	2	1.5072	2	0.7536	0.7536	False	0.69	3.39
6	74440088	G	A	CD109	Missense_Mutation	141	30	171	0.17543859649122806	4	2	2	0.8594	1	0.8594	0.8594	True	0.69	3.39
6	76425252	C	G	SENP6	Nonsense_Mutation	87	60	147	0.40816326530612246	4	2	2	1.9994	2	0.9997	0.9997	True	0.69	3.39
6	76657219	C	T	IMPG1	Missense_Mutation	22	10	32	0.3125	4	2	2	1.5308	2	0.7654	0.7654	False	0.69	3.39
6	80228490	G	A	LCA5	Missense_Mutation	213	111	324	0.3425925925925926	4	2	2	1.6782	2	0.8391	0.8391	False	0.69	3.39
6	84618805	G	A	CYB5R4	Silent	56	9	65	0.13846153846153847	4	2	2	0.6783	1	0.6783	0.6783	False	0.69	3.39
6	84862559	G	A	KIAA1009	Nonsense_Mutation	52	27	79	0.34177215189873417	4	2	2	1.6742	2	0.8371	0.8371	False	0.69	3.39
6	89888585	C	G	GABRR1	Missense_Mutation	179	47	226	0.2079646017699115	4	2	2	1.0187	1	1.0187	1.0	True	0.69	3.39
6	91257893	G	A	MAP3K7	Missense_Mutation	65	41	106	0.3867924528301887	4	2	2	1.8947	2	0.9474	0.9474	True	0.69	3.39
6	97587083	C	T	KLHL32	Silent	161	37	198	0.18686868686868688	4	2	2	0.9154	1	0.9154	0.9154	True	0.69	3.39
6	97626329	C	G	MMS22L	Missense_Mutation	123	16	139	0.11510791366906475	4	2	2	0.5639	1	0.5639	0.5639	False	0.69	3.39
6	99994315	C	G	CCNC	Missense_Mutation	112	19	131	0.1450381679389313	4	2	2	0.7105	1	0.7105	0.7105	False	0.69	3.39
6	106649864	G	A	ATG5	Missense_Mutation	61	55	116	0.47413793103448276	4	2	2	2.3226	2	1.1613	1.0	True	0.69	3.39
6	107232003	C	G	MIR587	RNA	77	13	90	0.14444444444444443	4	2	2	0.7076	1	0.7076	0.7076	False	0.69	3.39
6	109415101	G	A	SESN1	Missense_Mutation	114	76	190	0.4	4	2	2	1.9594	2	0.9797	0.9797	True	0.69	3.39
6	109700850	C	T	CD164	Missense_Mutation	68	68	136	0.5	4	2	2	2.4493	2	1.2246	1.0	True	0.69	3.39
6	110301458	G	A	GPR6	3'UTR	47	30	77	0.38961038961038963	4	2	2	1.9085	2	0.9543	0.9543	True	0.69	3.39
6	110501647	C	T	CDC40	5'UTR	34	9	43	0.20930232558139536	4	2	2	1.0253	1	1.0253	1.0	True	0.69	3.39
6	116879249	G	A	FAM26D	Missense_Mutation	108	55	163	0.3374233128834356	4	2	2	1.6529	2	0.8264	0.8264	False	0.69	3.39
6	117086385	G	A	FAM162B	Missense_Mutation	26	17	43	0.3953488372093023	4	2	2	1.9366	2	0.9683	0.9683	True	0.69	3.39
6	117127788	A	C	GPRC6A	Missense_Mutation	104	26	130	0.2	4	2	2	0.9797	1	0.9797	0.9797	True	0.69	3.39
6	117198480	G	A	RFX6	Silent	5	9	14	0.6428571428571429	4	2	2	3.1491	2	1.5745	1.0	True	0.69	3.39
6	119669855	C	T	MAN1A1	Missense_Mutation	43	24	67	0.3582089552238806	4	2	2	1.7547	2	0.8774	0.8774	True	0.69	3.39
6	126203598	G	A	NCOA7	Silent	40	18	58	0.3103448275862069	4	2	2	1.5202	2	0.7601	0.7601	False	0.69	3.39
6	129796544	A	C	LAMA2	Silent	35	10	45	0.2222222222222222	4	2	2	1.0886	1	1.0886	1.0	True	0.69	3.39
6	130376350	C	T	L3MBTL3	Missense_Mutation	65	9	74	0.12162162162162163	4	2	2	0.5958	1	0.5958	0.5958	False	0.69	3.39
6	135539213	G	A	MYB	3'UTR	24	18	42	0.42857142857142855	4	2	2	2.0994	2	1.0497	1.0	True	0.69	3.39
6	136596991	C	T	BCLAF1	Missense_Mutation	175	73	248	0.29435483870967744	4	2	2	1.4419	1	1.4419	1.0	True	0.69	3.39
6	137017141	C	G	MAP3K5	Missense_Mutation	69	40	109	0.3669724770642202	4	2	2	1.7976	2	0.8988	0.8988	True	0.69	3.39
6	139094917	G	A	CCDC28A	Missense_Mutation	155	32	187	0.1711229946524064	4	2	2	0.8383	1	0.8383	0.8383	False	0.69	3.39
6	139094928	G	A	CCDC28A	Silent	150	28	178	0.15730337078651685	4	2	2	0.7706	1	0.7706	0.7706	False	0.69	3.39
6	139694349	C	T	CITED2	Missense_Mutation	126	36	162	0.2222222222222222	4	2	2	1.0886	1	1.0886	1.0	True	0.69	3.39
6	144759888	G	A	UTRN	Missense_Mutation	86	31	117	0.26495726495726496	4	2	2	1.2979	1	1.2979	1.0	True	0.69	3.39
6	144820495	G	A	UTRN	Missense_Mutation	43	25	68	0.36764705882352944	4	2	2	1.8009	2	0.9005	0.9005	True	0.69	3.39
6	145160371	G	A	UTRN	Silent	64	30	94	0.3191489361702128	4	2	2	1.5634	2	0.7817	0.7817	False	0.69	3.39
6	148855934	C	G	SASH1	Silent	87	70	157	0.445859872611465	4	2	2	2.1841	2	1.092	1.0	True	0.69	3.39
6	149700055	G	C	TAB2	Missense_Mutation	50	33	83	0.39759036144578314	4	2	2	1.9476	2	0.9738	0.9738	True	0.69	3.39
6	151754317	C	A	RMND1	Missense_Mutation	61	13	74	0.17567567567567569	4	2	2	0.8606	1	0.8606	0.8606	True	0.69	3.39
6	151754318	C	A	RMND1	Missense_Mutation	62	13	75	0.17333333333333334	4	2	2	0.8491	1	0.8491	0.8491	False	0.69	3.39
6	152831425	C	T	SYNE1	Missense_Mutation	85	63	148	0.42567567567567566	4	2	2	2.0852	2	1.0426	1.0	True	0.69	3.39
6	155129288	C	T	SCAF8	Missense_Mutation	102	25	127	0.1968503937007874	4	2	2	0.9643	1	0.9643	0.9643	True	0.69	3.39
6	155143463	C	T	SCAF8	Nonsense_Mutation	123	64	187	0.3422459893048128	4	2	2	1.6765	2	0.8383	0.8383	False	0.69	3.39
6	158924726	G	A	TULP4	Missense_Mutation	49	9	58	0.15517241379310345	4	2	2	0.7601	1	0.7601	0.7601	False	0.69	3.39
6	159173048	C	T	SYTL3	Nonsense_Mutation	29	5	34	0.14705882352941177	4	2	2	0.7204	1	0.7204	0.7204	False	0.69	3.39
6	159204664	G	A	EZR	Nonsense_Mutation	111	28	139	0.2014388489208633	4	2	2	0.9868	1	0.9868	0.9868	True	0.69	3.39
6	159677592	C	T	FNDC1	Silent	182	64	246	0.2601626016260163	4	2	2	1.2744	1	1.2744	1.0	True	0.69	3.39
6	159677606	C	G	FNDC1	Missense_Mutation	180	66	246	0.2682926829268293	4	2	2	1.3142	1	1.3142	1.0	True	0.69	3.39
6	160500612	G	C	IGF2R	Missense_Mutation	11	3	14	0.21428571428571427	4	2	2	1.0497	1	1.0497	1.0	True	0.69	3.39
6	160998217	A	G	LPA	Missense_Mutation	153	38	191	0.19895287958115182	4	2	2	0.9746	1	0.9746	0.9746	True	0.69	3.39
6	168352586	C	T	MLLT4	Silent	33	26	59	0.4406779661016949	4	2	2	2.1587	2	1.0793	1.0	True	0.69	3.39
6	169629759	G	C	THBS2	Missense_Mutation	100	23	123	0.18699186991869918	4	2	2	0.916	1	0.916	0.916	True	0.69	3.39
7	913076	C	T	SUN1	3'UTR	18	18	36	0.5	3	2	1	1.9493	2	0.9746	0.9746	True	0.69	3.39
7	2966391	C	T	CARD11	Missense_Mutation	11	4	15	0.26666666666666666	3	2	1	1.0396	1	1.0396	1.0	True	0.69	3.39
7	5780687	G	C	RNF216	Missense_Mutation	111	33	144	0.22916666666666666	3	2	1	0.8934	1	0.8934	0.8934	True	0.69	3.39
7	12728246	G	A	ARL4A	Missense_Mutation	79	11	90	0.12222222222222222	4	3	1	0.5987	1	0.5987	0.5987	False	0.69	3.39
7	13975376	G	C	ETV1	Missense_Mutation	189	31	220	0.1409090909090909	4	3	1	0.6903	1	0.6903	0.6903	False	0.69	3.39
7	15601351	T	C	AGMO	Silent	137	33	170	0.19411764705882353	4	3	1	0.9509	1	0.9509	0.9509	True	0.69	3.39
7	16840963	G	A	AGR2	Silent	55	14	69	0.2028985507246377	4	3	1	0.9939	1	0.9939	0.9939	True	0.69	3.39
7	18705862	G	A	HDAC9	Silent	140	37	177	0.20903954802259886	4	3	1	1.024	1	1.024	1.0	True	0.69	3.39
7	23240239	G	C	NUPL2	Missense_Mutation	181	28	209	0.1339712918660287	4	3	1	0.6563	1	0.6563	0.6563	False	0.69	3.39
7	26240198	C	T	HNRNPA2B1	5'UTR	93	57	150	0.38	4	3	1	1.8614	2	0.9307	0.9307	True	0.69	3.39
7	30174846	G	A	MTURN	Missense_Mutation	14	3	17	0.17647058823529413	4	3	1	0.8645	1	0.8645	0.8645	True	0.69	3.39
7	36327382	G	A	EEPD1	Silent	81	46	127	0.36220472440944884	4	3	1	1.7743	2	0.8871	0.8871	True	0.69	3.39
7	37960171	C	G	EPDR1	5'UTR	25	5	30	0.16666666666666666	4	3	1	0.8164	1	0.8164	0.8164	False	0.69	3.39
7	42964297	C	T	PSMA2	Silent	137	27	164	0.16463414634146342	4	3	1	0.8065	1	0.8065	0.8065	False	0.69	3.39
7	43540819	G	A	HECW1	Missense_Mutation	64	13	77	0.16883116883116883	4	3	1	0.827	1	0.827	0.827	False	0.69	3.39
7	44573037	C	T	NPC1L1	Missense_Mutation	44	30	74	0.40540540540540543	4	3	1	1.9859	2	0.9929	0.9929	True	0.69	3.39
7	51095844	C	T	COBL	Silent	64	16	80	0.2	4	3	1	0.9797	1	0.9797	0.9797	True	0.69	3.39
7	54612455	C	T	VSTM2A	Missense_Mutation	14	7	21	0.3333333333333333	4	3	1	1.6329	2	0.8164	0.8164	False	0.69	3.39
7	56141885	C	T	SUMF2	Missense_Mutation	177	45	222	0.20270270270270271	4	3	1	0.9929	1	0.9929	0.9929	True	0.69	3.39
7	56141899	A	G	SUMF2	Silent	166	39	205	0.1902439024390244	4	3	1	0.9319	1	0.9319	0.9319	True	0.69	3.39
7	56142308	G	A	SUMF2	Silent	100	14	114	0.12280701754385964	4	3	1	0.6016	1	0.6016	0.6016	False	0.69	3.39
7	65554627	C	G	ASL	Nonsense_Mutation	53	14	67	0.208955223880597	4	3	1	1.0236	1	1.0236	1.0	True	0.69	3.39
7	66456253	C	T	SBDS	Missense_Mutation	60	26	86	0.3023255813953488	4	3	1	1.481	1	1.481	1.0	True	0.69	3.39
7	66764318	C	T	Y_RNA	5'Flank	479	183	662	0.2764350453172205	4	3	1	1.3541	1	1.3541	1.0	True	0.69	3.39
7	66771042	C	G	STAG3L4	RNA	208	42	250	0.168	4	3	1	0.823	1	0.823	0.823	False	0.69	3.39
7	72657664	G	C	GTF2IRD2P1	RNA	127	24	151	0.15894039735099338	2	1	1	0.4607	1	0.4607	0.4607	False	0.69	3.39
7	72657952	G	A	GTF2IRD2P1	RNA	132	42	174	0.2413793103448276	2	1	1	0.6997	1	0.6997	0.6997	False	0.69	3.39
7	73107716	G	T	WBSCR22	Missense_Mutation	13	7	20	0.35	3	2	1	1.3645	1	1.3645	1.0	True	0.69	3.39
7	74239514	G	A	GTF2IRD2	Silent	30	12	42	0.2857142857142857	3	2	1	1.1139	1	1.1139	1.0	True	0.69	3.39
7	75617097	C	G	POR	3'Flank	9	3	12	0.25	3	2	1	0.9746	1	0.9746	0.9746	True	0.69	3.39
7	77247848	G	A	PTPN12	Missense_Mutation	105	35	140	0.25	3	2	1	0.9746	1	0.9746	0.9746	True	0.69	3.39
7	77423270	G	A	TMEM60	3'UTR	39	11	50	0.22	3	2	1	0.8577	1	0.8577	0.8577	True	0.69	3.39
7	77539723	C	G	PHTF2	Nonsense_Mutation	21	17	38	0.4473684210526316	3	2	1	1.7441	2	0.872	0.872	True	0.69	3.39
7	78130895	C	G	MAGI2	Missense_Mutation	78	18	96	0.1875	3	2	1	0.731	1	0.731	0.731	False	0.69	3.39
7	82582282	G	C	PCLO	Missense_Mutation	26	42	68	0.6176470588235294	3	2	1	2.4079	2	1.204	1.0	True	0.69	3.39
7	84702367	G	A	SEMA3D	Nonsense_Mutation	64	21	85	0.24705882352941178	3	2	1	0.9632	1	0.9632	0.9632	True	0.69	3.39
7	87912268	G	C	STEAP4	Missense_Mutation	78	15	93	0.16129032258064516	3	2	1	0.6288	1	0.6288	0.6288	False	0.69	3.39
7	89854699	G	C	STEAP2	Silent	160	46	206	0.22330097087378642	3	2	1	0.8706	1	0.8706	0.8706	True	0.69	3.39
7	90528612	G	A	CDK14	Missense_Mutation	33	12	45	0.26666666666666666	3	2	1	1.0396	1	1.0396	1.0	True	0.69	3.39
7	90894810	C	T	FZD1	Silent	31	13	44	0.29545454545454547	3	2	1	1.1518	1	1.1518	1.0	True	0.69	3.39
7	91630771	G	A	AKAP9	Missense_Mutation	85	21	106	0.19811320754716982	3	2	1	0.7724	1	0.7724	0.7724	False	0.69	3.39
7	91690664	G	A	AKAP9	Missense_Mutation	41	37	78	0.47435897435897434	3	2	1	1.8493	2	0.9247	0.9247	True	0.69	3.39
7	92762320	G	A	SAMD9L	Missense_Mutation	99	30	129	0.23255813953488372	3	2	1	0.9066	1	0.9066	0.9066	True	0.69	3.39
7	92855779	C	T	HEPACAM2	5'UTR	46	17	63	0.2698412698412698	3	2	1	1.052	1	1.052	1.0	True	0.69	3.39
7	94540505	G	A	PPP1R9A	Silent	26	33	59	0.559322033898305	3	2	1	2.1805	2	1.0903	1.0	True	0.69	3.39
7	97362008	G	A	TAC1	Silent	75	25	100	0.25	3	2	1	0.9746	1	0.9746	0.9746	True	0.69	3.39
7	98528285	C	T	TRRAP	Silent	140	109	249	0.43775100401606426	3	2	1	1.7066	2	0.8533	0.8533	True	0.69	3.39
7	98581886	A	G	TRRAP	Missense_Mutation	131	41	172	0.23837209302325582	3	2	1	0.9293	1	0.9293	0.9293	True	0.69	3.39
7	99021515	C	A	ATP5J2-PTCD1	Silent	72	26	98	0.2653061224489796	3	2	1	1.0343	1	1.0343	1.0	True	0.69	3.39
7	99048377	C	T	CPSF4	Silent	67	21	88	0.23863636363636365	3	2	1	0.9303	1	0.9303	0.9303	True	0.69	3.39
7	99170633	A	C	ZNF655	Missense_Mutation	81	22	103	0.21359223300970873	3	2	1	0.8327	1	0.8327	0.8327	False	0.69	3.39
7	99305506	G	C	CYP3A7	Missense_Mutation	114	116	230	0.5043478260869565	3	2	1	1.9662	2	0.9831	0.9831	True	0.69	3.39
7	99691195	C	T	MCM7	Intron	45	9	54	0.16666666666666666	3	2	1	0.6498	1	0.6498	0.6498	False	0.69	3.39
7	100033913	G	C	PPP1R35	Missense_Mutation	13	5	18	0.2777777777777778	3	2	1	1.0829	1	1.0829	1.0	True	0.69	3.39
7	100180050	C	T	LRCH4	Missense_Mutation	24	16	40	0.4	3	2	1	1.5594	2	0.7797	0.7797	False	0.69	3.39
7	100201832	C	T	PCOLCE	Missense_Mutation	33	4	37	0.10810810810810811	3	2	1	0.4215	1	0.4215	0.4215	False	0.69	3.39
7	100391797	C	T	ZAN	Intron	35	51	86	0.5930232558139535	3	2	1	2.3119	2	1.156	1.0	True	0.69	3.39
7	100478981	C	T	SRRT	Silent	35	25	60	0.4166666666666667	3	2	1	1.6244	2	0.8122	0.8122	False	0.69	3.39
7	100549546	G	C	MUC3A	Missense_Mutation	112	23	135	0.17037037037037037	3	2	1	0.6642	1	0.6642	0.6642	False	0.69	3.39
7	100552079	C	T	MUC3A	Missense_Mutation	425	158	583	0.27101200686106347	3	2	1	1.0566	1	1.0566	1.0	True	0.69	3.39
7	100552975	G	C	MUC3A	Missense_Mutation	85	11	96	0.11458333333333333	3	2	1	0.4467	1	0.4467	0.4467	False	0.69	3.39
7	100773891	G	A	SERPINE1	Missense_Mutation	130	127	257	0.49416342412451364	3	2	1	1.9265	2	0.9633	0.9633	True	0.69	3.39
7	100806760	G	A	VGF	Silent	11	5	16	0.3125	3	2	1	1.2183	1	1.2183	1.0	True	0.69	3.39
7	102839067	C	G	DPY19L2P2	Splice_Site	27	7	34	0.20588235294117646	3	2	1	0.8026	1	0.8026	0.8026	False	0.69	3.39
7	104752302	C	G	KMT2E	Missense_Mutation	66	14	80	0.175	3	2	1	0.6822	1	0.6822	0.6822	False	0.69	3.39
7	104782887	C	T	SRPK2	Missense_Mutation	137	32	169	0.1893491124260355	3	2	1	0.7382	1	0.7382	0.7382	False	0.69	3.39
7	116962989	G	A	WNT2	Missense_Mutation	28	5	33	0.15151515151515152	3	2	1	0.5907	1	0.5907	0.5907	False	0.69	3.39
7	120767150	G	A	CPED1	Missense_Mutation	64	14	78	0.1794871794871795	3	2	1	0.6997	1	0.6997	0.6997	False	0.69	3.39
7	122337916	C	T	RNF133	Missense_Mutation	141	62	203	0.3054187192118227	3	2	1	1.1907	1	1.1907	1.0	True	0.69	3.39
7	124482960	T	A	POT1	Missense_Mutation	72	17	89	0.19101123595505617	3	2	1	0.7447	1	0.7447	0.7447	False	0.69	3.39
7	127224211	C	T	GCC1	Missense_Mutation	45	17	62	0.27419354838709675	3	2	1	1.069	1	1.069	1.0	True	0.69	3.39
7	128317717	C	A	FAM71F2	Silent	40	19	59	0.3220338983050847	3	2	1	1.2555	1	1.2555	1.0	True	0.69	3.39
7	132990735	C	T	EXOC4	Silent	59	15	74	0.20270270270270271	3	2	1	0.7902	1	0.7902	0.7902	False	0.69	3.39
7	134135636	C	T	AKR1B1	Missense_Mutation	30	8	38	0.21052631578947367	3	2	1	0.8207	1	0.8207	0.8207	False	0.69	3.39
7	134873230	G	A	WDR91	Silent	113	35	148	0.23648648648648649	3	2	1	0.922	1	0.922	0.922	True	0.69	3.39
7	134873240	G	A	WDR91	Missense_Mutation	120	37	157	0.2356687898089172	3	2	1	0.9188	1	0.9188	0.9188	True	0.69	3.39
7	135123034	G	C	CNOT4	Missense_Mutation	22	24	46	0.5217391304347826	3	2	1	2.034	2	1.017	1.0	True	0.69	3.39
7	135329649	C	T	NUP205	Nonsense_Mutation	103	29	132	0.2196969696969697	3	2	1	0.8565	1	0.8565	0.8565	True	0.69	3.39
7	136700170	C	G	CHRM2	Silent	65	59	124	0.47580645161290325	3	2	1	1.855	2	0.9275	0.9275	True	0.69	3.39
7	137262020	G	C	DGKI	Missense_Mutation	30	3	33	0.09090909090909091	3	2	1	0.3544	1	0.3544	0.3544	False	0.69	3.39
7	139083368	G	A	LUC7L2	Silent	54	52	106	0.49056603773584906	3	2	1	1.9125	2	0.9562	0.9562	True	0.69	3.39
7	139838913	G	T	KDM7A	Missense_Mutation	101	38	139	0.2733812949640288	3	2	1	1.0658	1	1.0658	1.0	True	0.69	3.39
7	140125723	G	C	RAB19	Missense_Mutation	141	45	186	0.24193548387096775	3	2	1	0.9432	1	0.9432	0.9432	True	0.69	3.39
7	140301337	G	A	DENND2A	Silent	109	49	158	0.310126582278481	3	2	1	1.209	1	1.209	1.0	True	0.69	3.39
7	142168624	C	T	TRBV5-4	Silent	50	10	60	0.16666666666666666	3	2	1	0.6498	1	0.6498	0.6498	False	0.69	3.39
7	142197670	G	A	TRBV11-2	RNA	92	30	122	0.2459016393442623	3	2	1	0.9587	1	0.9587	0.9587	True	0.69	3.39
7	142564247	G	A	EPHB6	Missense_Mutation	44	11	55	0.2	3	2	1	0.7797	1	0.7797	0.7797	False	0.69	3.39
7	142630628	G	C	TRPV5	5'UTR	41	27	68	0.39705882352941174	3	2	1	1.548	2	0.774	0.774	False	0.69	3.39
7	143747957	C	T	OR2A5	Silent	171	64	235	0.2723404255319149	3	2	1	1.0617	1	1.0617	1.0	True	0.69	3.39
7	144101707	G	A	NOBOX	Missense_Mutation	72	19	91	0.2087912087912088	3	2	1	0.814	1	0.814	0.814	False	0.69	3.39
7	148771522	A	G	ZNF786	Missense_Mutation	41	10	51	0.19607843137254902	3	2	1	0.7644	1	0.7644	0.7644	False	0.69	3.39
7	150814758	C	T	AGAP3	Silent	137	40	177	0.22598870056497175	3	2	1	0.881	1	0.881	0.881	True	0.69	3.39
7	151818704	C	T	GALNT11	Missense_Mutation	41	18	59	0.3050847457627119	3	2	1	1.1894	1	1.1894	1.0	True	0.69	3.39
7	152373171	G	A	XRCC2	5'UTR	23	4	27	0.14814814814814814	3	2	1	0.5776	1	0.5776	0.5776	False	0.69	3.39
7	156437437	C	G	RNF32	Missense_Mutation	68	15	83	0.18072289156626506	3	2	1	0.7046	1	0.7046	0.7046	False	0.69	3.39
7	156754887	G	A	NOM1	Missense_Mutation	111	90	201	0.44776119402985076	3	2	1	1.7456	2	0.8728	0.8728	True	0.69	3.39
8	6914118	C	T	DEFA5	Silent	26	34	60	0.5666666666666667	1	1	0	1.0758	1	1.0758	1.0	True	0.69	3.39
8	10465561	G	A	RP1L1	Missense_Mutation	63	38	101	0.37623762376237624	1	1	0	0.7143	1	0.7143	0.7143	False	0.69	3.39
8	10583400	G	A	SOX7	Missense_Mutation	13	12	25	0.48	1	1	0	0.9113	1	0.9113	0.9113	True	0.69	3.39
8	17161949	C	T	MTMR7	Missense_Mutation	29	31	60	0.5166666666666667	1	1	0	0.9809	1	0.9809	0.9809	True	0.69	3.39
8	17198941	C	A	MTMR7	Missense_Mutation	15	14	29	0.4827586206896552	1	1	0	0.9165	1	0.9165	0.9165	True	0.69	3.39
8	17722196	C	T	FGL1	Missense_Mutation	10	11	21	0.5238095238095238	1	1	0	0.9945	1	0.9945	0.9945	True	0.69	3.39
8	18725265	G	C	PSD3	Missense_Mutation	30	20	50	0.4	1	1	0	0.7594	1	0.7594	0.7594	False	0.69	3.39
8	22864615	C	G	RHOBTB2	Missense_Mutation	24	28	52	0.5384615384615384	1	1	0	1.0223	1	1.0223	1.0	True	0.69	3.39
8	27301724	C	T	PTK2B	Missense_Mutation	10	9	19	0.47368421052631576	1	1	0	0.8993	1	0.8993	0.8993	True	0.69	3.39
8	27361252	C	T	EPHX2	Silent	14	7	21	0.3333333333333333	1	1	0	0.6329	1	0.6329	0.6329	False	0.69	3.39
8	37632915	G	C	PROSC	Missense_Mutation	80	51	131	0.3893129770992366	2	2	0	1.1284	1	1.1284	1.0	True	0.69	3.39
8	37974186	C	T	ASH2L	Missense_Mutation	47	33	80	0.4125	2	2	0	1.1957	1	1.1957	1.0	True	0.69	3.39
8	38148131	C	T	WHSC1L1	Missense_Mutation	166	47	213	0.22065727699530516	3	3	0	0.8602	1	0.8602	0.8602	True	0.69	3.39
8	38369913	C	T	C8orf86	Missense_Mutation	49	10	59	0.1694915254237288	3	3	0	0.6608	1	0.6608	0.6608	False	0.69	3.39
8	42129721	C	G	IKBKB	Missense_Mutation	56	15	71	0.2112676056338028	3	3	0	0.8236	1	0.8236	0.8236	False	0.69	3.39
8	48508407	G	A	SPIDR	Missense_Mutation	59	60	119	0.5042016806722689	5	6	0	2.9741	3	0.9914	0.9914	True	0.69	3.39
8	54742015	C	T	ATP6V1H	Missense_Mutation	135	17	152	0.1118421052631579	5	4	1	0.6597	1	0.6597	0.6597	False	0.69	3.39
8	54965251	G	A	LYPLA1	Silent	49	9	58	0.15517241379310345	5	4	1	0.9153	1	0.9153	0.9153	True	0.69	3.39
8	55060079	G	A	MRPL15	Missense_Mutation	127	21	148	0.14189189189189189	5	4	1	0.837	1	0.837	0.837	False	0.69	3.39
8	56015534	C	T	XKR4	Silent	27	31	58	0.5344827586206896	5	4	1	3.1527	3	1.0509	1.0	True	0.69	3.39
8	56015540	C	T	XKR4	Silent	42	11	53	0.20754716981132076	5	4	1	1.2242	1	1.2242	1.0	True	0.69	3.39
8	59555592	C	A	NSMAF	Nonsense_Mutation	103	12	115	0.10434782608695652	5	4	1	0.6155	1	0.6155	0.6155	False	0.69	3.39
8	65528701	C	T	CYP7B1	Missense_Mutation	124	19	143	0.13286713286713286	6	4	2	0.9166	1	0.9166	0.9166	True	0.69	3.39
8	66631545	G	A	PDE7A	Nonsense_Mutation	91	14	105	0.13333333333333333	5	4	1	0.7865	1	0.7865	0.7865	False	0.69	3.39
8	67089335	G	A	CRH	Silent	9	4	13	0.3076923076923077	5	4	1	1.8149	2	0.9075	0.9075	True	0.69	3.39
8	67576939	C	T	VCPIP1	Missense_Mutation	178	37	215	0.17209302325581396	5	4	1	1.0151	1	1.0151	1.0	True	0.69	3.39
8	67577466	G	A	VCPIP1	Silent	266	58	324	0.17901234567901234	5	4	1	1.0559	1	1.0559	1.0	True	0.69	3.39
8	67976635	T	C	CSPP1	Translation_Start_Site	17	4	21	0.19047619047619047	5	4	1	1.1235	1	1.1235	1.0	True	0.69	3.39
8	68421789	C	T	CPA6	Missense_Mutation	152	31	183	0.16939890710382513	5	4	1	0.9992	1	0.9992	0.9992	True	0.69	3.39
8	70978524	G	A	PRDM14	Missense_Mutation	115	20	135	0.14814814814814814	5	4	1	0.8739	1	0.8739	0.8739	True	0.69	3.39
8	74205835	C	T	RPL7	Missense_Mutation	29	5	34	0.14705882352941177	5	4	1	0.8674	1	0.8674	0.8674	True	0.69	3.39
8	81582772	C	T	ZNF704	Missense_Mutation	169	29	198	0.14646464646464646	5	4	1	0.8639	1	0.8639	0.8639	True	0.69	3.39
8	82391049	G	C	FABP4	3'UTR	87	17	104	0.16346153846153846	5	4	1	0.9642	1	0.9642	0.9642	True	0.69	3.39
8	82606862	C	T	SLC10A5	Missense_Mutation	186	43	229	0.18777292576419213	5	4	1	1.1076	1	1.1076	1.0	True	0.69	3.39
8	88885315	C	G	DCAF4L2	Missense_Mutation	82	12	94	0.1276595744680851	5	4	1	0.753	1	0.753	0.753	False	0.69	3.39
8	93017372	C	T	RUNX1T1	Missense_Mutation	179	27	206	0.13106796116504854	5	4	1	0.7731	1	0.7731	0.7731	False	0.69	3.39
8	97274371	G	A	PTDSS1	Missense_Mutation	62	12	74	0.16216216216216217	5	4	1	0.9565	1	0.9565	0.9565	True	0.69	3.39
8	97797339	G	C	CPQ	Missense_Mutation	124	18	142	0.1267605633802817	5	4	1	0.7477	1	0.7477	0.7477	False	0.69	3.39
8	99149086	C	T	POP1	Intron	99	148	247	0.5991902834008097	5	4	1	3.5344	4	0.8836	0.8836	True	0.69	3.39
8	100454826	G	A	VPS13B	Silent	55	13	68	0.19117647058823528	4	4	0	0.9365	1	0.9365	0.9365	True	0.69	3.39
8	100883099	C	T	VPS13B	Missense_Mutation	64	18	82	0.21951219512195122	5	4	1	1.2948	1	1.2948	1.0	True	0.69	3.39
8	101300012	C	T	RNF19A	Missense_Mutation	241	62	303	0.20462046204620463	5	4	1	1.207	1	1.207	1.0	True	0.69	3.39
8	101932959	C	G	YWHAZ	Missense_Mutation	120	24	144	0.16666666666666666	5	4	1	0.9831	1	0.9831	0.9831	True	0.69	3.39
8	104080913	C	G	ATP6V1C1	Missense_Mutation	105	17	122	0.13934426229508196	5	4	1	0.8219	1	0.8219	0.8219	False	0.69	3.39
8	105235966	C	T	RIMS2	Intron	21	5	26	0.19230769230769232	5	4	1	1.1343	1	1.1343	1.0	True	0.69	3.39
8	105503092	C	T	LRP12	Missense_Mutation	140	35	175	0.2	5	4	1	1.1797	1	1.1797	1.0	True	0.69	3.39
8	106813421	G	A	ZFPM2	Missense_Mutation	214	46	260	0.17692307692307693	5	4	1	1.0436	1	1.0436	1.0	True	0.69	3.39
8	107719112	G	C	OXR1	Missense_Mutation	43	90	133	0.6766917293233082	5	4	1	3.9915	4	0.9979	0.9979	True	0.69	3.39
8	110575628	C	G	EBAG9	Intron	392	68	460	0.14782608695652175	5	4	1	0.872	1	0.872	0.872	True	0.69	3.39
8	113518955	G	A	CSMD3	Silent	136	26	162	0.16049382716049382	5	4	1	0.9467	1	0.9467	0.9467	True	0.69	3.39
8	117782536	G	C	UTP23	Silent	131	27	158	0.17088607594936708	5	4	1	1.008	1	1.008	1.0	True	0.69	3.39
8	119391629	G	A	SAMD12	3'UTR	44	10	54	0.18518518518518517	5	4	1	1.0923	1	1.0923	1.0	True	0.69	3.39
8	122629422	C	G	HAS2	Missense_Mutation	54	9	63	0.14285714285714285	5	4	1	0.8427	1	0.8427	0.8427	False	0.69	3.39
8	124266210	C	A	ZHX1	Silent	166	17	183	0.09289617486338798	5	4	1	0.548	1	0.548	0.548	False	0.69	3.39
8	132991170	C	G	EFR3A	Missense_Mutation	143	35	178	0.19662921348314608	5	4	1	1.1598	1	1.1598	1.0	True	0.69	3.39
8	136554899	C	G	KHDRBS3	Missense_Mutation	87	143	230	0.6217391304347826	5	4	1	3.6674	4	0.9168	0.9168	True	0.69	3.39
8	139648989	T	C	COL22A1	Missense_Mutation	372	69	441	0.1564625850340136	5	4	1	0.9229	1	0.9229	0.9229	True	0.69	3.39
8	141525439	C	T	CHRAC1	3'UTR	82	14	96	0.14583333333333334	5	4	1	0.8602	1	0.8602	0.8602	True	0.69	3.39
8	141774448	C	T	PTK2	Intron	71	14	85	0.16470588235294117	5	4	1	0.9715	1	0.9715	0.9715	True	0.69	3.39
8	143856563	G	A	LYNX1	Intron	2	7	9	0.7777777777777778	5	4	1	4.5878	4	1.1469	1.0	True	0.69	3.39
8	144732386	G	C	ZNF623	Missense_Mutation	155	21	176	0.11931818181818182	5	4	1	0.7038	1	0.7038	0.7038	False	0.69	3.39
8	144898723	C	T	PUF60	Silent	47	78	125	0.624	5	4	1	3.6807	4	0.9202	0.9202	True	0.69	3.39
8	144940699	C	T	EPPK1	Silent	102	5	107	0.04672897196261682	5	4	1	0.2756	1	0.2756	0.2756	False	0.69	3.39
8	144991306	G	A	PLEC	Missense_Mutation	35	6	41	0.14634146341463414	5	4	1	0.8632	1	0.8632	0.8632	True	0.69	3.39
8	144997136	C	T	PLEC	Missense_Mutation	9	4	13	0.3076923076923077	5	4	1	1.8149	2	0.9075	0.9075	True	0.69	3.39
8	145013596	C	T	PLEC	Intron	20	3	23	0.13043478260869565	5	4	1	0.7694	1	0.7694	0.7694	False	0.69	3.39
8	145114968	C	T	OPLAH	5'UTR	5	11	16	0.6875	5	4	1	4.0553	4	1.0138	1.0	True	0.69	3.39
8	145151087	C	T	CYC1	Silent	243	52	295	0.17627118644067796	5	4	1	1.0397	1	1.0397	1.0	True	0.69	3.39
8	145583548	C	T	SLC52A2	Silent	132	40	172	0.23255813953488372	2	1	1	0.6741	1	0.6741	0.6741	False	0.69	3.39
8	145616165	G	A	ADCK5	Missense_Mutation	43	12	55	0.21818181818181817	2	1	1	0.6324	1	0.6324	0.6324	False	0.69	3.39
8	145700598	T	C	FOXH1	Missense_Mutation	18	4	22	0.18181818181818182	2	1	1	0.527	1	0.527	0.527	False	0.69	3.39
8	145947214	G	T	ZNF251	Missense_Mutation	34	47	81	0.5802469135802469	2	1	1	1.6819	1	1.6819	1.0	True	0.69	3.39
8	145980141	C	T	ZNF251	5'UTR	7	11	18	0.6111111111111112	2	1	1	1.7713	1	1.7713	1.0	True	0.69	3.39
8	146076001	C	T	COMMD5	3'UTR	17	4	21	0.19047619047619047	2	1	1	0.5521	1	0.5521	0.5521	False	0.69	3.39
9	2060921	C	T	SMARCA2	Silent	61	11	72	0.1527777777777778	5	4	1	0.9012	1	0.9012	0.9012	True	0.69	3.39
9	2060974	G	T	SMARCA2	Missense_Mutation	26	24	50	0.48	5	4	1	2.8313	3	0.9438	0.9438	True	0.69	3.39
9	4661989	G	A	SPATA6L	Silent	51	7	58	0.1206896551724138	5	4	1	0.7119	1	0.7119	0.7119	False	0.69	3.39
9	5745991	G	A	KIAA1432	Missense_Mutation	88	77	165	0.4666666666666667	5	4	1	2.7527	3	0.9176	0.9176	True	0.69	3.39
9	6007317	G	A	KIAA2026	Silent	54	14	68	0.20588235294117646	5	4	1	1.2144	1	1.2144	1.0	True	0.69	3.39
9	6413479	C	G	UHRF2	5'UTR	11	14	25	0.56	5	4	1	3.3032	3	1.1011	1.0	True	0.69	3.39
9	6605254	C	T	GLDC	Silent	63	13	76	0.17105263157894737	5	4	1	1.009	1	1.009	1.0	True	0.69	3.39
9	7174617	G	C	KDM4C	Missense_Mutation	58	144	202	0.7128712871287128	5	4	1	4.2049	4	1.0512	1.0	True	0.69	3.39
9	7799696	G	A	TMEM261	Silent	7	20	27	0.7407407407407407	5	4	1	4.3693	4	1.0923	1.0	True	0.69	3.39
9	12821926	G	A	LURAP1L	3'UTR	28	3	31	0.0967741935483871	5	4	1	0.5708	1	0.5708	0.5708	False	0.69	3.39
9	13143491	C	T	MPDZ	Missense_Mutation	55	87	142	0.6126760563380281	5	4	1	3.6139	4	0.9035	0.9035	True	0.69	3.39
9	33026956	G	A	DNAJA1	Missense_Mutation	33	62	95	0.6526315789473685	5	4	1	3.8496	4	0.9624	0.9624	True	0.69	3.39
9	33264454	C	T	BAG1	Silent	16	17	33	0.5151515151515151	5	4	1	3.0386	3	1.0129	1.0	True	0.69	3.39
9	33798470	C	T	PRSS3	Intron	143	19	162	0.11728395061728394	5	4	1	0.6918	1	0.6918	0.6918	False	0.69	3.39
9	34125197	G	A	DCAF12	Missense_Mutation	56	75	131	0.5725190839694656	5	4	1	3.377	3	1.1257	1.0	True	0.69	3.39
9	34709845	C	G	CCL21	Missense_Mutation	27	66	93	0.7096774193548387	5	4	1	4.1861	4	1.0465	1.0	True	0.69	3.39
9	35673883	C	A	CA9	5'UTR	19	30	49	0.6122448979591837	5	4	1	3.6114	4	0.9028	0.9028	True	0.69	3.39
9	35732998	G	A	CREB3	Silent	40	82	122	0.6721311475409836	5	4	1	3.9646	4	0.9911	0.9911	True	0.69	3.39
9	35906254	G	A	HRCT1	5'UTR	11	4	15	0.26666666666666666	5	4	1	1.5729	2	0.7865	0.7865	False	0.69	3.39
9	37441574	C	T	ZBTB5	Missense_Mutation	180	30	210	0.14285714285714285	5	4	1	0.8427	1	0.8427	0.8427	False	0.69	3.39
9	37842126	A	T	DCAF10	Missense_Mutation	50	102	152	0.6710526315789473	5	4	1	3.9582	4	0.9896	0.9896	True	0.69	3.39
9	40773924	G	T	ZNF658	Missense_Mutation	291	77	368	0.20923913043478262	5	4	1	1.2342	1	1.2342	1.0	True	0.69	3.39
9	67968467	G	A	ANKRD20A1	Missense_Mutation	104	15	119	0.12605042016806722	5	4	1	0.7435	1	0.7435	0.7435	False	0.69	3.39
9	72349085	G	A	PTAR1	Missense_Mutation	44	35	79	0.4430379746835443	5	4	1	2.6133	3	0.8711	0.8711	True	0.69	3.39
9	72930468	G	A	SMC5	Missense_Mutation	52	49	101	0.48514851485148514	5	4	1	2.8617	3	0.9539	0.9539	True	0.69	3.39
9	75567869	C	T	ALDH1A1	Silent	47	25	72	0.3472222222222222	5	4	1	2.0481	2	1.0241	1.0	True	0.69	3.39
9	77354857	A	G	TRPM6	Missense_Mutation	53	37	90	0.4111111111111111	5	4	1	2.425	2	1.2125	1.0	True	0.69	3.39
9	77732450	C	T	OSTF1	Missense_Mutation	105	14	119	0.11764705882352941	5	4	1	0.6939	1	0.6939	0.6939	False	0.69	3.39
9	80262682	C	T	GNA14	Missense_Mutation	8	4	12	0.3333333333333333	5	4	1	1.9662	2	0.9831	0.9831	True	0.69	3.39
9	84202699	G	C	TLE1	Missense_Mutation	25	47	72	0.6527777777777778	4	3	1	3.1977	3	1.0659	1.0	True	0.69	3.39
9	86587870	G	C	HNRNPK	Missense_Mutation	97	21	118	0.17796610169491525	4	3	1	0.8718	1	0.8718	0.8718	True	0.69	3.39
9	86912168	C	T	SLC28A3	Missense_Mutation	46	57	103	0.5533980582524272	4	3	1	2.7108	3	0.9036	0.9036	True	0.69	3.39
9	88958054	G	A	ZCCHC6	Missense_Mutation	92	30	122	0.2459016393442623	4	3	1	1.2046	1	1.2046	1.0	True	0.69	3.39
9	90500387	C	T	SPATA31E1	Missense_Mutation	13	21	34	0.6176470588235294	4	3	1	3.0256	3	1.0085	1.0	True	0.69	3.39
9	91993604	G	A	SEMA4D	3'UTR	9	17	26	0.6538461538461539	4	3	1	3.2029	3	1.0676	1.0	True	0.69	3.39
9	91994364	G	A	SEMA4D	Missense_Mutation	186	316	502	0.6294820717131474	4	3	1	3.0835	3	1.0278	1.0	True	0.69	3.39
9	92220696	C	T	GADD45G	Silent	38	13	51	0.2549019607843137	4	3	1	1.2487	1	1.2487	1.0	True	0.69	3.39
9	95482795	G	C	BICD2	Silent	37	44	81	0.5432098765432098	4	3	1	2.6609	3	0.887	0.887	True	0.69	3.39
9	95599742	G	A	ANKRD19P	RNA	5	14	19	0.7368421052631579	4	3	1	3.6095	3	1.2032	1.0	True	0.69	3.39
9	96024958	G	A	WNK2	Missense_Mutation	33	6	39	0.15384615384615385	4	3	1	0.7536	1	0.7536	0.7536	False	0.69	3.39
9	96714549	G	C	BARX1	Nonsense_Mutation	17	5	22	0.22727272727272727	4	3	1	1.1133	1	1.1133	1.0	True	0.69	3.39
9	100672824	C	T	C9orf156	Missense_Mutation	29	46	75	0.6133333333333333	4	3	1	3.0044	3	1.0015	1.0	True	0.69	3.39
9	101980576	C	T	ALG2	Silent	91	22	113	0.19469026548672566	4	3	1	0.9537	1	0.9537	0.9537	True	0.69	3.39
9	105767772	G	A	CYLC2	Missense_Mutation	20	19	39	0.48717948717948717	4	3	1	2.3865	2	1.1932	1.0	True	0.69	3.39
9	107510070	C	T	NIPSNAP3A	5'UTR	5	9	14	0.6428571428571429	4	3	1	3.1491	3	1.0497	1.0	True	0.69	3.39
9	107588035	G	A	ABCA1	Missense_Mutation	37	74	111	0.6666666666666666	4	3	1	3.2657	3	1.0886	1.0	True	0.69	3.39
9	111631388	C	T	IKBKAP	3'UTR	53	63	116	0.5431034482758621	4	3	1	2.6604	3	0.8868	0.8868	True	0.69	3.39
9	114195538	C	T	KIAA0368	Missense_Mutation	86	19	105	0.18095238095238095	4	3	1	0.8864	1	0.8864	0.8864	True	0.69	3.39
9	116187324	G	T	C9orf43	Missense_Mutation	49	44	93	0.4731182795698925	4	3	1	2.3176	2	1.1588	1.0	True	0.69	3.39
9	116925054	G	A	COL27A1	Missense_Mutation	66	88	154	0.5714285714285714	4	3	1	2.7992	3	0.9331	0.9331	True	0.69	3.39
9	117359915	C	T	ATP6V1G1	Silent	74	23	97	0.23711340206185566	4	3	1	1.1615	1	1.1615	1.0	True	0.69	3.39
9	123924225	G	A	CNTRL	Silent	53	60	113	0.5309734513274337	4	3	1	2.601	3	0.867	0.867	True	0.69	3.39
9	124922195	G	A	MORN5	5'UTR	40	11	51	0.21568627450980393	4	3	1	1.0566	1	1.0566	1.0	True	0.69	3.39
9	125023758	G	A	RBM18	Missense_Mutation	27	39	66	0.5909090909090909	4	3	1	2.8946	3	0.9649	0.9649	True	0.69	3.39
9	127915852	C	T	PPP6C	Missense_Mutation	74	10	84	0.11904761904761904	4	3	1	0.5832	1	0.5832	0.5832	False	0.69	3.39
9	130027210	G	A	GARNL3	Silent	187	46	233	0.19742489270386265	4	3	1	0.9671	1	0.9671	0.9671	True	0.69	3.39
9	130083018	G	A	GARNL3	Silent	64	8	72	0.1111111111111111	4	3	1	0.5443	1	0.5443	0.5443	False	0.69	3.39
9	130592029	G	A	ENG	Silent	31	8	39	0.20512820512820512	4	3	1	1.0048	1	1.0048	1.0	True	0.69	3.39
9	130678714	C	T	ST6GALNAC4	5'UTR	89	25	114	0.21929824561403508	4	3	1	1.0742	1	1.0742	1.0	True	0.69	3.39
9	130981398	C	T	DNM1	Silent	122	37	159	0.23270440251572327	4	3	1	1.1399	1	1.1399	1.0	True	0.69	3.39
9	131019547	C	T	GOLGA2	Silent	25	40	65	0.6153846153846154	4	3	1	3.0145	3	1.0048	1.0	True	0.69	3.39
9	131197963	G	A	CERCAM	Missense_Mutation	26	7	33	0.21212121212121213	4	3	1	1.0391	1	1.0391	1.0	True	0.69	3.39
9	131749135	G	A	NUP188	Missense_Mutation	104	12	116	0.10344827586206896	4	3	1	0.5067	1	0.5067	0.5067	False	0.69	3.39
9	131843464	C	T	DOLPP1	Silent	40	10	50	0.2	4	3	1	0.9797	1	0.9797	0.9797	True	0.69	3.39
9	133569207	C	T	EXOSC2	Missense_Mutation	25	4	29	0.13793103448275862	4	3	1	0.6757	1	0.6757	0.6757	False	0.69	3.39
9	133799256	G	A	FIBCD1	Nonsense_Mutation	43	15	58	0.25862068965517243	4	3	1	1.2669	1	1.2669	1.0	True	0.69	3.39
9	134340375	G	A	PRRC2B	Missense_Mutation	32	5	37	0.13513513513513514	4	3	1	0.662	1	0.662	0.662	False	0.69	3.39
9	135906463	G	A	GTF3C5	Missense_Mutation	15	5	20	0.25	4	3	1	1.2246	1	1.2246	1.0	True	0.69	3.39
9	136226921	C	T	SURF2	Missense_Mutation	11	19	30	0.6333333333333333	4	3	1	3.1024	3	1.0341	1.0	True	0.69	3.39
9	136272041	C	T	REXO4	3'UTR	68	12	80	0.15	4	3	1	0.7348	1	0.7348	0.7348	False	0.69	3.39
9	136507542	A	G	DBH	Missense_Mutation	10	11	21	0.5238095238095238	4	3	1	2.5659	3	0.8553	0.8553	True	0.69	3.39
9	137328351	C	T	RXRA	Missense_Mutation	51	60	111	0.5405405405405406	4	3	1	2.6479	3	0.8826	0.8826	True	0.69	3.39
9	138590901	G	A	SOHLH1	Missense_Mutation	20	8	28	0.2857142857142857	4	3	1	1.3996	1	1.3996	1.0	True	0.69	3.39
9	138662868	G	A	KCNT1	Silent	6	13	19	0.6842105263157895	4	3	1	3.3516	3	1.1172	1.0	True	0.69	3.39
9	138713633	G	A	CAMSAP1	Silent	41	117	158	0.740506329113924	4	3	1	3.6274	3	1.2091	1.0	True	0.69	3.39
9	139748504	G	A	MAMDC4	Missense_Mutation	77	18	95	0.18947368421052632	4	3	1	0.9281	1	0.9281	0.9281	True	0.69	3.39
9	139907259	C	T	ABCA2	Silent	8	10	18	0.5555555555555556	4	3	1	2.7214	3	0.9071	0.9071	True	0.69	3.39
9	140062241	G	A	GRIN1	Missense_Mutation	32	6	38	0.15789473684210525	4	3	1	0.7735	1	0.7735	0.7735	False	0.69	3.39
9	140083657	G	A	SSNA1	Silent	28	4	32	0.125	4	3	1	0.6123	1	0.6123	0.6123	False	0.69	3.39
9	140196323	C	T	NRARP	Missense_Mutation	44	6	50	0.12	4	3	1	0.5878	1	0.5878	0.5878	False	0.69	3.39
9	140446923	C	T	MRPL41	Silent	17	23	40	0.575	4	3	1	2.8167	3	0.9389	0.9389	True	0.69	3.39
10	3111571	G	C	PFKP	Intron	5	5	10	0.5	7	6	2	3.9493	4	0.9873	0.9873	True	0.69	3.39
10	13708121	G	A	FRMD4A	Nonsense_Mutation	110	118	228	0.5175438596491229	6	4	2	3.5703	4	0.8926	0.8926	True	0.69	3.39
10	15254893	G	C	FAM171A1	3'UTR	90	31	121	0.256198347107438	3	2	1	0.9988	1	0.9988	0.9988	True	0.69	3.39
10	17641359	C	T	PTPLA	Missense_Mutation	31	18	49	0.3673469387755102	3	2	1	1.4321	1	1.4321	1.0	True	0.69	3.39
10	20436813	C	T	PLXDC2	Silent	48	22	70	0.3142857142857143	3	2	1	1.2253	1	1.2253	1.0	True	0.69	3.39
10	21785724	G	A	CASC10	Missense_Mutation	9	4	13	0.3076923076923077	3	2	1	1.1996	1	1.1996	1.0	True	0.69	3.39
10	21804624	C	T	SKIDA1	Missense_Mutation	179	166	345	0.4811594202898551	3	2	1	1.8758	2	0.9379	0.9379	True	0.69	3.39
10	24832553	G	A	KIAA1217	Missense_Mutation	49	46	95	0.4842105263157895	3	2	1	1.8877	2	0.9439	0.9439	True	0.69	3.39
10	25883235	C	G	GPR158	Nonsense_Mutation	84	31	115	0.26956521739130435	3	2	1	1.0509	1	1.0509	1.0	True	0.69	3.39
10	27524079	C	T	ACBD5	Missense_Mutation	59	23	82	0.2804878048780488	3	2	1	1.0935	1	1.0935	1.0	True	0.69	3.39
10	29811369	G	A	SVIL	Missense_Mutation	31	34	65	0.5230769230769231	3	2	1	2.0392	2	1.0196	1.0	True	0.69	3.39
10	30984863	C	T	SVILP1	RNA	11	4	15	0.26666666666666666	3	2	1	1.0396	1	1.0396	1.0	True	0.69	3.39
10	35894525	C	T	GJD4	Silent	38	13	51	0.2549019607843137	3	2	1	0.9937	1	0.9937	0.9937	True	0.69	3.39
10	37508401	C	T	ANKRD30A	Missense_Mutation	43	56	99	0.5656565656565656	3	2	1	2.2052	2	1.1026	1.0	True	0.69	3.39
10	43016428	C	T	ZNF37BP	RNA	154	24	178	0.1348314606741573	5	3	2	0.7953	1	0.7953	0.7953	False	0.69	3.39
10	43087947	G	A	ZNF33B	3'UTR	78	14	92	0.15217391304347827	5	3	2	0.8976	1	0.8976	0.8976	True	0.69	3.39
10	43292488	C	T	BMS1	Missense_Mutation	83	89	172	0.5174418604651163	5	3	2	3.0522	3	1.0174	1.0	True	0.69	3.39
10	43612094	C	T	RET	Silent	265	44	309	0.1423948220064725	5	3	2	0.8399	1	0.8399	0.8399	False	0.69	3.39
10	43651198	G	A	CSGALNACT2	Missense_Mutation	96	38	134	0.2835820895522388	5	3	2	1.6727	2	0.8364	0.8364	False	0.69	3.39
10	45488852	C	T	RASSF4	3'UTR	11	4	15	0.26666666666666666	5	3	2	1.5729	2	0.7865	0.7865	False	0.69	3.39
10	48416478	C	G	GDF2	Silent	69	19	88	0.2159090909090909	5	3	2	1.2736	1	1.2736	1.0	True	0.69	3.39
10	48416501	C	G	GDF2	Missense_Mutation	69	18	87	0.20689655172413793	5	3	2	1.2204	1	1.2204	1.0	True	0.69	3.39
10	51549561	C	T	MSMB	5'UTR	279	32	311	0.10289389067524116	5	3	2	0.6069	1	0.6069	0.6069	False	0.69	3.39
10	54076536	C	T	DKK1	Missense_Mutation	42	64	106	0.6037735849056604	5	3	2	3.5614	3	1.1871	1.0	True	0.69	3.39
10	63700148	C	T	ARID5B	Silent	15	19	34	0.5588235294117647	3	2	1	2.1786	2	1.0893	1.0	True	0.69	3.39
10	64967741	G	T	JMJD1C	Missense_Mutation	102	27	129	0.20930232558139536	3	2	1	0.816	1	0.816	0.816	False	0.69	3.39
10	64974489	G	A	JMJD1C	Missense_Mutation	193	61	254	0.24015748031496062	3	2	1	0.9363	1	0.9363	0.9363	True	0.69	3.39
10	71026541	C	G	HKDC1	3'UTR	37	30	67	0.44776119402985076	3	2	1	1.7456	2	0.8728	0.8728	True	0.69	3.39
10	71332454	C	T	NEUROG3	Missense_Mutation	24	7	31	0.22580645161290322	3	2	1	0.8803	1	0.8803	0.8803	True	0.69	3.39
10	71902546	G	A	TYSND1	Missense_Mutation	20	6	26	0.23076923076923078	3	2	1	0.8997	1	0.8997	0.8997	True	0.69	3.39
10	73082533	G	A	SLC29A3	Missense_Mutation	94	24	118	0.2033898305084746	3	2	1	0.7929	1	0.7929	0.7929	False	0.69	3.39
10	75567514	G	C	NDST2	Silent	44	9	53	0.16981132075471697	3	2	1	0.662	1	0.662	0.662	False	0.69	3.39
10	75960592	G	A	ADK	Missense_Mutation	43	13	56	0.23214285714285715	3	2	1	0.905	1	0.905	0.905	True	0.69	3.39
10	81373965	C	T	SFTPA1	3'Flank	11	4	15	0.26666666666666666	3	2	1	1.0396	1	1.0396	1.0	True	0.69	3.39
10	88260375	C	T	WAPAL	Missense_Mutation	145	42	187	0.22459893048128343	3	2	1	0.8756	1	0.8756	0.8756	True	0.69	3.39
10	88439133	G	A	LDB3	Missense_Mutation	31	27	58	0.46551724137931033	3	2	1	1.8148	2	0.9074	0.9074	True	0.69	3.39
10	88696506	C	T	MMRN2	Silent	68	89	157	0.5668789808917197	3	2	1	2.21	2	1.105	1.0	True	0.69	3.39
10	91403631	G	A	PANK1	Intron	15	4	19	0.21052631578947367	3	2	1	0.8207	1	0.8207	0.8207	False	0.69	3.39
10	92617043	G	C	HTR7	Missense_Mutation	57	10	67	0.14925373134328357	3	2	1	0.5819	1	0.5819	0.5819	False	0.69	3.39
10	93185076	C	T	HECTD2	Silent	61	11	72	0.1527777777777778	3	2	1	0.5956	1	0.5956	0.5956	False	0.69	3.39
10	95400233	G	C	PDE6C	Silent	123	42	165	0.2545454545454545	3	2	1	0.9924	1	0.9924	0.9924	True	0.69	3.39
10	96162368	C	T	TBC1D12	5'UTR	17	4	21	0.19047619047619047	3	2	1	0.7426	1	0.7426	0.7426	False	0.69	3.39
10	96162370	G	A	TBC1D12	5'UTR	14	7	21	0.3333333333333333	3	2	1	1.2995	1	1.2995	1.0	True	0.69	3.39
10	96698472	C	G	CYP2C9	Silent	164	178	342	0.52046783625731	3	2	1	2.0291	2	1.0145	1.0	True	0.69	3.39
10	97366442	G	A	ALDH18A1	3'UTR	120	33	153	0.21568627450980393	3	2	1	0.8409	1	0.8409	0.8409	False	0.69	3.39
10	97607265	C	T	ENTPD1	Silent	103	36	139	0.2589928057553957	3	2	1	1.0097	1	1.0097	1.0	True	0.69	3.39
10	97964290	C	T	BLNK	Silent	73	47	120	0.39166666666666666	3	2	1	1.5269	2	0.7635	0.7635	False	0.69	3.39
10	98144396	G	A	TLL2	Silent	88	30	118	0.2542372881355932	3	2	1	0.9912	1	0.9912	0.9912	True	0.69	3.39
10	98336574	C	G	TM9SF3	Missense_Mutation	68	25	93	0.26881720430107525	3	2	1	1.048	1	1.048	1.0	True	0.69	3.39
10	98392650	G	A	PIK3AP1	Intron	45	11	56	0.19642857142857142	3	2	1	0.7658	1	0.7658	0.7658	False	0.69	3.39
10	99190329	G	A	PGAM1	Silent	70	19	89	0.21348314606741572	3	2	1	0.8323	1	0.8323	0.8323	False	0.69	3.39
10	100022549	G	A	LOXL4	Silent	29	32	61	0.5245901639344263	3	2	1	2.0451	2	1.0226	1.0	True	0.69	3.39
10	101514304	G	T	CUTC	Missense_Mutation	240	83	323	0.25696594427244585	3	2	1	1.0018	1	1.0018	1.0	True	0.69	3.39
10	101594192	G	A	ABCC2	Missense_Mutation	98	89	187	0.47593582887700536	3	2	1	1.8555	2	0.9277	0.9277	True	0.69	3.39
10	101945387	C	T	ERLIN1	5'UTR	50	61	111	0.5495495495495496	3	2	1	2.1424	2	1.0712	1.0	True	0.69	3.39
10	101959727	C	T	CHUK	Splice_Site	100	23	123	0.18699186991869918	3	2	1	0.729	1	0.729	0.729	False	0.69	3.39
10	102746534	C	T	MRPL43	Missense_Mutation	43	13	56	0.23214285714285715	3	2	1	0.905	1	0.905	0.905	True	0.69	3.39
10	103588903	G	A	KCNIP2	Silent	24	5	29	0.1724137931034483	3	2	1	0.6722	1	0.6722	0.6722	False	0.69	3.39
10	103789330	G	A	C10orf76	Intron	40	9	49	0.1836734693877551	3	2	1	0.7161	1	0.7161	0.7161	False	0.69	3.39
10	104679815	C	T	CNNM2	Silent	127	53	180	0.29444444444444445	3	2	1	1.1479	1	1.1479	1.0	True	0.69	3.39
10	111881975	G	A	ADD3	Silent	72	33	105	0.3142857142857143	3	2	1	1.2253	1	1.2253	1.0	True	0.69	3.39
10	112636474	C	T	PDCD4	Intron	9	4	13	0.3076923076923077	3	2	1	1.1996	1	1.1996	1.0	True	0.69	3.39
10	114186017	C	T	ACSL5	Missense_Mutation	85	30	115	0.2608695652173913	3	2	1	1.017	1	1.017	1.0	True	0.69	3.39
10	115402797	C	A	NRAP	Missense_Mutation	87	25	112	0.22321428571428573	3	2	1	0.8702	1	0.8702	0.8702	True	0.69	3.39
10	115609522	C	T	DCLRE1A	Missense_Mutation	62	47	109	0.43119266055045874	3	2	1	1.681	2	0.8405	0.8405	False	0.69	3.39
10	116062228	C	T	AFAP1L2	Missense_Mutation	82	26	108	0.24074074074074073	3	2	1	0.9385	1	0.9385	0.9385	True	0.69	3.39
10	116593033	C	T	FAM160B1	Silent	70	23	93	0.24731182795698925	3	2	1	0.9642	1	0.9642	0.9642	True	0.69	3.39
10	119799772	G	A	RAB11FIP2	Nonsense_Mutation	270	27	297	0.09090909090909091	3	2	1	0.3544	1	0.3544	0.3544	False	0.69	3.39
10	120928689	C	T	PRDX3	Silent	80	27	107	0.2523364485981308	3	2	1	0.9837	1	0.9837	0.9837	True	0.69	3.39
10	121411190	G	A	BAG3	Translation_Start_Site	7	12	19	0.631578947368421	3	2	1	2.4622	2	1.2311	1.0	True	0.69	3.39
10	123239498	G	A	FGFR2	Missense_Mutation	92	35	127	0.2755905511811024	3	2	1	1.0744	1	1.0744	1.0	True	0.69	3.39
10	123325072	C	T	FGFR2	Missense_Mutation	84	27	111	0.24324324324324326	3	2	1	0.9483	1	0.9483	0.9483	True	0.69	3.39
10	126172787	C	T	LHPP	Nonsense_Mutation	39	11	50	0.22	3	2	1	0.8577	1	0.8577	0.8577	True	0.69	3.39
10	126301921	G	C	LHPP	Missense_Mutation	27	24	51	0.47058823529411764	3	2	1	1.8346	2	0.9173	0.9173	True	0.69	3.39
10	126670348	G	A	ZRANB1	Missense_Mutation	53	17	70	0.24285714285714285	3	2	1	0.9468	1	0.9468	0.9468	True	0.69	3.39
10	127525285	C	T	DHX32	Missense_Mutation	41	14	55	0.2545454545454545	3	2	1	0.9924	1	0.9924	0.9924	True	0.69	3.39
10	129924015	C	T	MKI67	5'UTR	19	6	25	0.24	3	2	1	0.9357	1	0.9357	0.9357	True	0.69	3.39
10	131964842	G	A	GLRX3	Missense_Mutation	103	24	127	0.1889763779527559	3	2	1	0.7367	1	0.7367	0.7367	False	0.69	3.39
10	134015509	A	C	DPYSL4	Missense_Mutation	152	23	175	0.13142857142857142	6	4	2	0.9067	1	0.9067	0.9067	True	0.69	3.39
10	134218707	G	A	PWWP2B	Missense_Mutation	8	3	11	0.2727272727272727	6	4	2	1.8814	2	0.9407	0.9407	True	0.69	3.39
10	134261557	G	A	C10orf91	Missense_Mutation	114	24	138	0.17391304347826086	6	4	2	1.1997	1	1.1997	1.0	True	0.69	3.39
10	134261583	C	T	C10orf91	3'UTR	75	11	86	0.12790697674418605	6	4	2	0.8824	1	0.8824	0.8824	True	0.69	3.39
10	134511403	C	T	INPP5A	Missense_Mutation	35	11	46	0.2391304347826087	6	4	2	1.6497	2	0.8248	0.8248	False	0.69	3.39
10	134622338	G	A	TTC40	Nonsense_Mutation	16	5	21	0.23809523809523808	6	4	2	1.6425	2	0.8213	0.8213	False	0.69	3.39
11	533785	C	T	HRAS	Missense_Mutation	36	21	57	0.3684210526315789	4	2	2	1.8047	2	0.9024	0.9024	True	0.69	3.39
11	563424	C	T	RASSF7	Missense_Mutation	14	5	19	0.2631578947368421	4	2	2	1.2891	1	1.2891	1.0	True	0.69	3.39
11	597514	G	A	PHRF1	Missense_Mutation	17	4	21	0.19047619047619047	4	2	2	0.9331	1	0.9331	0.9331	True	0.69	3.39
11	617418	T	A	CDHR5	Missense_Mutation	12	4	16	0.25	4	2	2	1.2246	1	1.2246	1.0	True	0.69	3.39
11	617419	C	T	CDHR5	Missense_Mutation	12	4	16	0.25	4	2	2	1.2246	1	1.2246	1.0	True	0.69	3.39
11	702971	G	A	TMEM80	Missense_Mutation	44	11	55	0.2	4	2	2	0.9797	1	0.9797	0.9797	True	0.69	3.39
11	703075	C	T	TMEM80	Silent	37	6	43	0.13953488372093023	4	2	2	0.6835	1	0.6835	0.6835	False	0.69	3.39
11	1081800	G	A	MUC2	Silent	23	18	41	0.43902439024390244	4	2	2	2.1506	2	1.0753	1.0	True	0.69	3.39
11	1276623	G	A	MUC5B	Missense_Mutation	5	4	9	0.4444444444444444	4	2	2	2.1771	2	1.0886	1.0	True	0.69	3.39
11	1856335	G	A	SYT8	Silent	35	6	41	0.14634146341463414	4	2	2	0.7169	1	0.7169	0.7169	False	0.69	3.39
11	1856355	C	G	SYT8	Missense_Mutation	40	5	45	0.1111111111111111	4	2	2	0.5443	1	0.5443	0.5443	False	0.69	3.39
11	1856543	A	C	SYT8	Missense_Mutation	53	25	78	0.32051282051282054	4	2	2	1.57	2	0.785	0.785	False	0.69	3.39
11	3707310	G	C	NUP98	Silent	87	16	103	0.1553398058252427	4	2	2	0.7609	1	0.7609	0.7609	False	0.69	3.39
11	4661061	C	G	OR51D1	Nonsense_Mutation	155	31	186	0.16666666666666666	4	2	2	0.8164	1	0.8164	0.8164	False	0.69	3.39
11	5020915	G	C	OR51L1	Missense_Mutation	85	17	102	0.16666666666666666	4	2	2	0.8164	1	0.8164	0.8164	False	0.69	3.39
11	5173165	C	G	OR52A1	Missense_Mutation	53	24	77	0.3116883116883117	4	2	2	1.5268	2	0.7634	0.7634	False	0.69	3.39
11	5624476	G	A	TRIM6-TRIM34	Silent	42	25	67	0.373134328358209	3	2	1	1.4547	1	1.4547	1.0	True	0.69	3.39
11	5624860	C	G	TRIM6-TRIM34	Silent	69	43	112	0.38392857142857145	3	2	1	1.4968	1	1.4968	1.0	True	0.69	3.39
11	6632638	C	T	TAF10	Missense_Mutation	19	21	40	0.525	3	2	1	2.0467	2	1.0234	1.0	True	0.69	3.39
11	6632654	C	T	TAF10	Silent	14	19	33	0.5757575757575758	3	2	1	2.2446	2	1.1223	1.0	True	0.69	3.39
11	6648801	C	G	DCHS1	Silent	19	9	28	0.32142857142857145	3	2	1	1.2531	1	1.2531	1.0	True	0.69	3.39
11	6661224	C	T	DCHS1	Missense_Mutation	39	13	52	0.25	3	2	1	0.9746	1	0.9746	0.9746	True	0.69	3.39
11	6661225	C	A	DCHS1	Missense_Mutation	37	14	51	0.27450980392156865	3	2	1	1.0702	1	1.0702	1.0	True	0.69	3.39
11	6661230	C	T	DCHS1	Missense_Mutation	39	14	53	0.2641509433962264	3	2	1	1.0298	1	1.0298	1.0	True	0.69	3.39
11	6704022	C	T	MRPL17	Missense_Mutation	9	26	35	0.7428571428571429	3	2	1	2.8961	2	1.448	1.0	True	0.69	3.39
11	7509610	G	A	OLFML1	Missense_Mutation	16	7	23	0.30434782608695654	3	2	1	1.1865	1	1.1865	1.0	True	0.69	3.39
11	8014480	G	A	EIF3F	Missense_Mutation	46	61	107	0.5700934579439252	3	2	1	2.2225	2	1.1113	1.0	True	0.69	3.39
11	9088303	C	A	SCUBE2	Missense_Mutation	11	18	29	0.6206896551724138	3	2	1	2.4198	2	1.2099	1.0	True	0.69	3.39
11	9424908	G	C	IPO7	Silent	53	19	72	0.2638888888888889	3	2	1	1.0288	1	1.0288	1.0	True	0.69	3.39
11	9597434	G	A	WEE1	Splice_Site	58	10	68	0.14705882352941177	3	2	1	0.5733	1	0.5733	0.5733	False	0.69	3.39
11	9598771	G	A	WEE1	Missense_Mutation	144	25	169	0.14792899408284024	3	2	1	0.5767	1	0.5767	0.5767	False	0.69	3.39
11	10327400	G	A	ADM	Intron	24	10	34	0.29411764705882354	3	2	1	1.1466	1	1.1466	1.0	True	0.69	3.39
11	10822517	G	A	EIF4G2	Silent	142	39	181	0.2154696132596685	3	2	1	0.84	1	0.84	0.84	False	0.69	3.39
11	14526600	C	A	PSMA1	3'Flank	30	6	36	0.16666666666666666	3	2	1	0.6498	1	0.6498	0.6498	False	0.69	3.39
11	16838617	G	C	PLEKHA7	Missense_Mutation	25	11	36	0.3055555555555556	3	2	1	1.1912	1	1.1912	1.0	True	0.69	3.39
11	17121480	G	C	PIK3C2A	Missense_Mutation	92	22	114	0.19298245614035087	3	2	1	0.7524	1	0.7524	0.7524	False	0.69	3.39
11	18253209	C	T	SAA4	Missense_Mutation	47	8	55	0.14545454545454545	3	2	1	0.5671	1	0.5671	0.5671	False	0.69	3.39
11	19204293	A	T	CSRP3	Missense_Mutation	67	25	92	0.2717391304347826	3	2	1	1.0594	1	1.0594	1.0	True	0.69	3.39
11	20621143	C	G	SLC6A5	5'UTR	25	11	36	0.3055555555555556	3	2	1	1.1912	1	1.1912	1.0	True	0.69	3.39
11	22384329	C	T	SLC17A6	Missense_Mutation	59	18	77	0.23376623376623376	3	2	1	0.9113	1	0.9113	0.9113	True	0.69	3.39
11	22646239	G	A	FANCF	Missense_Mutation	57	44	101	0.43564356435643564	3	2	1	1.6984	2	0.8492	0.8492	False	0.69	3.39
11	22707331	C	T	GAS2	Missense_Mutation	32	29	61	0.47540983606557374	3	2	1	1.8534	2	0.9267	0.9267	True	0.69	3.39
11	25004745	C	A	LUZP2	Missense_Mutation	84	85	169	0.5029585798816568	3	2	1	1.9608	2	0.9804	0.9804	True	0.69	3.39
11	26465320	G	A	ANO3	Missense_Mutation	30	11	41	0.2682926829268293	3	2	1	1.046	1	1.046	1.0	True	0.69	3.39
11	32624047	C	T	EIF3M	3'UTR	5	12	17	0.7058823529411765	3	2	1	2.7519	2	1.376	1.0	True	0.69	3.39
11	34167693	G	C	NAT10	Missense_Mutation	16	3	19	0.15789473684210525	3	2	1	0.6156	1	0.6156	0.6156	False	0.69	3.39
11	34680084	G	A	EHF	Silent	34	53	87	0.6091954022988506	3	2	1	2.375	2	1.1875	1.0	True	0.69	3.39
11	45889168	G	C	CRY2	Missense_Mutation	80	27	107	0.2523364485981308	3	2	1	0.9837	1	0.9837	0.9837	True	0.69	3.39
11	46563761	G	A	AMBRA1	Silent	31	9	40	0.225	3	2	1	0.8772	1	0.8772	0.8772	True	0.69	3.39
11	46749600	C	T	F2	Silent	12	4	16	0.25	3	2	1	0.9746	1	0.9746	0.9746	True	0.69	3.39
11	46890629	C	T	LRP4	Missense_Mutation	35	21	56	0.375	3	2	1	1.462	1	1.462	1.0	True	0.69	3.39
11	47354825	G	A	MYBPC3	Silent	1	7	8	0.875	3	2	1	3.4112	2	1.7056	1.0	True	0.69	3.39
11	47433961	G	A	SLC39A13	Silent	22	12	34	0.35294117647058826	3	2	1	1.376	1	1.376	1.0	True	0.69	3.39
11	47721019	C	T	AGBL2	Missense_Mutation	77	22	99	0.2222222222222222	3	2	1	0.8663	1	0.8663	0.8663	True	0.69	3.39
11	55904807	G	C	OR8J3	Missense_Mutation	119	26	145	0.1793103448275862	4	2	2	0.8784	1	0.8784	0.8784	True	0.69	3.39
11	56000467	G	C	OR5T2	Missense_Mutation	48	31	79	0.3924050632911392	4	2	2	1.9222	2	0.9611	0.9611	True	0.69	3.39
11	56237065	G	A	OR5M3	Silent	32	21	53	0.39622641509433965	4	2	2	1.9409	2	0.9705	0.9705	True	0.69	3.39
11	56237767	C	T	OR5M3	Silent	89	54	143	0.3776223776223776	4	2	2	1.8498	2	0.9249	0.9249	True	0.69	3.39
11	57243799	C	T	RTN4RL2	Silent	9	12	21	0.5714285714285714	4	2	2	2.7992	2	1.3996	1.0	True	0.69	3.39
11	59343972	G	C	OSBP	3'UTR	50	27	77	0.35064935064935066	2	1	1	1.0164	1	1.0164	1.0	True	0.69	3.39
11	59856269	C	T	MS4A2	Missense_Mutation	22	11	33	0.3333333333333333	3	2	1	1.2995	1	1.2995	1.0	True	0.69	3.39
11	60164085	C	T	MS4A14	Missense_Mutation	27	12	39	0.3076923076923077	3	2	1	1.1996	1	1.1996	1.0	True	0.69	3.39
11	60781007	C	T	CD6	Silent	188	61	249	0.24497991967871485	3	2	1	0.9551	1	0.9551	0.9551	True	0.69	3.39
11	61067688	C	T	DDB1	Missense_Mutation	14	5	19	0.2631578947368421	3	2	1	1.0259	1	1.0259	1.0	True	0.69	3.39
11	62297473	T	C	AHNAK	Silent	195	187	382	0.4895287958115183	4	2	2	2.398	2	1.199	1.0	True	0.69	3.39
11	62372641	G	C	EML3	Silent	64	16	80	0.2	4	2	2	0.9797	1	0.9797	0.9797	True	0.69	3.39
11	62400737	C	T	GANAB	Missense_Mutation	169	7	176	0.03977272727272727	4	2	2	0.1948	1	0.1948	0.1948	False	0.69	3.39
11	62406471	C	T	GANAB	Missense_Mutation	28	19	47	0.40425531914893614	4	2	2	1.9803	2	0.9901	0.9901	True	0.69	3.39
11	62496309	T	C	TTC9C	5'UTR	33	8	41	0.1951219512195122	4	2	2	0.9558	1	0.9558	0.9558	True	0.69	3.39
11	62519909	C	A	ZBTB3	Missense_Mutation	63	35	98	0.35714285714285715	4	2	2	1.7495	2	0.8747	0.8747	True	0.69	3.39
11	62563940	G	C	NXF1	Missense_Mutation	113	10	123	0.08130081300813008	4	2	2	0.3983	1	0.3983	0.3983	False	0.69	3.39
11	62767306	C	T	SLC22A8	Missense_Mutation	25	4	29	0.13793103448275862	4	2	2	0.6757	1	0.6757	0.6757	False	0.69	3.39
11	63668428	G	A	MARK2	Splice_Site	61	51	112	0.45535714285714285	4	2	2	2.2306	2	1.1153	1.0	True	0.69	3.39
11	64054074	G	A	GPR137	Silent	91	30	121	0.24793388429752067	5	3	2	1.4625	1	1.4625	1.0	True	0.69	3.39
11	64067112	A	C	KCNK4	Silent	23	4	27	0.14814814814814814	5	3	2	0.8739	1	0.8739	0.8739	True	0.69	3.39
11	64084577	C	T	TRMT112	Missense_Mutation	29	30	59	0.5084745762711864	5	3	2	2.9993	3	0.9998	0.9998	True	0.69	3.39
11	64138842	A	T	RPS6KA4	Missense_Mutation	28	5	33	0.15151515151515152	5	3	2	0.8937	1	0.8937	0.8937	True	0.69	3.39
11	64536954	G	A	SF1	Missense_Mutation	252	147	399	0.3684210526315789	5	3	2	2.1732	2	1.0866	1.0	True	0.69	3.39
11	64571923	C	T	MEN1	Silent	169	159	328	0.4847560975609756	5	3	2	2.8594	3	0.9531	0.9531	True	0.69	3.39
11	64577195	G	A	MEN1	Silent	125	64	189	0.3386243386243386	5	3	2	1.9974	2	0.9987	0.9987	True	0.69	3.39
11	64879095	C	T	VPS51	3'UTR	7	4	11	0.36363636363636365	5	3	2	2.1449	2	1.0725	1.0	True	0.69	3.39
11	65147003	G	A	SLC25A45	Silent	42	16	58	0.27586206896551724	5	3	2	1.6272	2	0.8136	0.8136	False	0.69	3.39
11	65161130	G	A	FRMD8	Missense_Mutation	13	4	17	0.23529411764705882	5	3	2	1.3879	1	1.3879	1.0	True	0.69	3.39
11	65270172	G	A	MALAT1	RNA	34	31	65	0.47692307692307695	5	3	2	2.8132	3	0.9377	0.9377	True	0.69	3.39
11	65351709	C	T	EHBP1L1	Intron	114	62	176	0.3522727272727273	5	3	2	2.0779	2	1.0389	1.0	True	0.69	3.39
11	65401671	G	A	PCNXL3	Silent	22	5	27	0.18518518518518517	5	3	2	1.0923	1	1.0923	1.0	True	0.69	3.39
11	65812872	G	A	GAL3ST3	Silent	39	4	43	0.09302325581395349	5	3	2	0.5487	1	0.5487	0.5487	False	0.69	3.39
11	66099733	C	T	RIN1	3'UTR	108	51	159	0.32075471698113206	5	3	2	1.892	2	0.946	0.946	True	0.69	3.39
11	66099752	C	G	RIN1	Missense_Mutation	136	59	195	0.30256410256410254	5	3	2	1.7847	2	0.8923	0.8923	True	0.69	3.39
11	66099842	C	G	RIN1	Missense_Mutation	166	60	226	0.26548672566371684	5	3	2	1.566	2	0.783	0.783	False	0.69	3.39
11	66192561	G	A	NPAS4	Missense_Mutation	145	30	175	0.17142857142857143	5	3	2	1.0112	1	1.0112	1.0	True	0.69	3.39
11	66291352	C	G	BBS1	Missense_Mutation	62	6	68	0.08823529411764706	5	3	2	0.5205	1	0.5205	0.5205	False	0.69	3.39
11	67051768	C	T	ADRBK1	Silent	88	13	101	0.12871287128712872	5	3	2	0.7592	1	0.7592	0.7592	False	0.69	3.39
11	67209050	G	A	CORO1B	Intron	14	3	17	0.17647058823529413	5	3	2	1.0409	1	1.0409	1.0	True	0.69	3.39
11	68363635	G	A	PPP6R3	Missense_Mutation	52	52	104	0.5	5	3	2	2.9493	3	0.9831	0.9831	True	0.69	3.39
11	68527743	C	G	CPT1A	Missense_Mutation	17	16	33	0.48484848484848486	5	3	2	2.8599	3	0.9533	0.9533	True	0.69	3.39
11	68747724	G	A	MRGPRD	Silent	43	31	74	0.4189189189189189	5	3	2	2.471	2	1.2355	1.0	True	0.69	3.39
11	69456023	G	C	CCND1	5'UTR	34	7	41	0.17073170731707318	3	2	1	0.6656	1	0.6656	0.6656	False	0.69	3.39
11	69458749	C	T	CCND1	Silent	12	14	26	0.5384615384615384	3	2	1	2.0992	2	1.0496	1.0	True	0.69	3.39
11	73796738	C	T	C2CD3	Missense_Mutation	34	16	50	0.32	2	1	1	0.9275	1	0.9275	0.9275	True	0.69	3.39
11	74800029	A	G	OR2AT4	Missense_Mutation	21	14	35	0.4	2	1	1	1.1594	1	1.1594	1.0	True	0.69	3.39
11	76255317	C	T	C11orf30	Silent	42	17	59	0.288135593220339	2	1	1	0.8352	1	0.8352	0.8352	False	0.69	3.39
11	77301461	G	A	AQP11	Missense_Mutation	30	20	50	0.4	2	1	1	1.1594	1	1.1594	1.0	True	0.69	3.39
11	77301511	C	T	AQP11	Silent	50	27	77	0.35064935064935066	2	1	1	1.0164	1	1.0164	1.0	True	0.69	3.39
11	78399156	C	T	TENM4	Missense_Mutation	80	25	105	0.23809523809523808	2	1	1	0.6901	1	0.6901	0.6901	False	0.69	3.39
11	82625788	G	A	C11orf82	Missense_Mutation	54	11	65	0.16923076923076924	4	3	1	0.829	1	0.829	0.829	False	0.69	3.39
11	82877677	G	A	PCF11	Missense_Mutation	90	18	108	0.16666666666666666	4	3	1	0.8164	1	0.8164	0.8164	False	0.69	3.39
11	82877695	G	A	PCF11	Missense_Mutation	47	63	110	0.5727272727272728	4	3	1	2.8055	3	0.9352	0.9352	True	0.69	3.39
11	85396454	G	A	CCDC89	Silent	123	22	145	0.15172413793103448	6	5	1	1.0467	1	1.0467	1.0	True	0.69	3.39
11	85989320	C	T	EED	Intron	40	5	45	0.1111111111111111	6	5	1	0.7665	1	0.7665	0.7665	False	0.69	3.39
11	86048553	C	T	C11orf73	Missense_Mutation	332	48	380	0.12631578947368421	6	5	1	0.8714	1	0.8714	0.8714	True	0.69	3.39
11	93464163	G	A	KIAA1731	3'Flank	64	40	104	0.38461538461538464	2	1	1	1.1148	1	1.1148	1.0	True	0.69	3.39
11	93796691	G	A	HEPHL1	Missense_Mutation	7	6	13	0.46153846153846156	2	1	1	1.3378	1	1.3378	1.0	True	0.69	3.39
11	93796692	G	A	HEPHL1	Missense_Mutation	7	6	13	0.46153846153846156	2	1	1	1.3378	1	1.3378	1.0	True	0.69	3.39
11	93808405	G	A	HEPHL1	Missense_Mutation	23	12	35	0.34285714285714286	2	1	1	0.9938	1	0.9938	0.9938	True	0.69	3.39
11	94113882	G	A	GPR83	Silent	21	5	26	0.19230769230769232	2	1	1	0.5574	1	0.5574	0.5574	False	0.69	3.39
11	94113903	G	T	GPR83	Missense_Mutation	25	5	30	0.16666666666666666	2	1	1	0.4831	1	0.4831	0.4831	False	0.69	3.39
11	102736603	G	T	MMP12	RNA	24	13	37	0.35135135135135137	2	1	1	1.0184	1	1.0184	1.0	True	0.69	3.39
11	104899926	C	A	CASP1	Nonsense_Mutation	40	17	57	0.2982456140350877	2	1	1	0.8645	1	0.8645	0.8645	True	0.69	3.39
11	106680837	G	A	GUCY1A2	Missense_Mutation	43	17	60	0.2833333333333333	2	1	1	0.8213	1	0.8213	0.8213	False	0.69	3.39
11	107799300	G	C	RAB39A	Missense_Mutation	5	4	9	0.4444444444444444	2	1	1	1.2882	1	1.2882	1.0	True	0.69	3.39
11	107968457	C	T	CUL5	Missense_Mutation	48	24	72	0.3333333333333333	2	1	1	0.9662	1	0.9662	0.9662	True	0.69	3.39
11	111614220	G	A	PPP2R1B	Silent	91	52	143	0.36363636363636365	2	1	1	1.054	1	1.054	1.0	True	0.69	3.39
11	111753253	G	T	C11orf1	Silent	17	13	30	0.43333333333333335	2	1	1	1.256	1	1.256	1.0	True	0.69	3.39
11	111957629	G	A	SDHD	5'UTR	19	14	33	0.42424242424242425	2	1	1	1.2297	1	1.2297	1.0	True	0.69	3.39
11	113651192	G	A	CLDN25	Silent	53	21	74	0.28378378378378377	2	1	1	0.8226	1	0.8226	0.8226	False	0.69	3.39
11	118348840	G	A	KMT2A	Missense_Mutation	99	53	152	0.34868421052631576	2	1	1	1.0107	1	1.0107	1.0	True	0.69	3.39
11	118773239	C	T	BCL9L	Missense_Mutation	19	7	26	0.2692307692307692	2	1	1	0.7804	1	0.7804	0.7804	False	0.69	3.39
11	118899929	C	T	SLC37A4	Intron	9	4	13	0.3076923076923077	2	1	1	0.8919	1	0.8919	0.8919	True	0.69	3.39
11	118965672	C	T	H2AFX	3'UTR	9	8	17	0.47058823529411764	2	1	1	1.364	1	1.364	1.0	True	0.69	3.39
11	119044185	C	T	NLRX1	Intron	42	20	62	0.3225806451612903	2	1	1	0.935	1	0.935	0.935	True	0.69	3.39
11	119044232	C	G	NLRX1	Missense_Mutation	40	16	56	0.2857142857142857	2	1	1	0.8282	1	0.8282	0.8282	False	0.69	3.39
11	119044292	G	A	NLRX1	Missense_Mutation	30	22	52	0.4230769230769231	2	1	1	1.2263	1	1.2263	1.0	True	0.69	3.39
11	119050897	G	A	NLRX1	Missense_Mutation	24	14	38	0.3684210526315789	2	1	1	1.0679	1	1.0679	1.0	True	0.69	3.39
11	119181552	G	A	MCAM	Silent	52	21	73	0.2876712328767123	2	1	1	0.8338	1	0.8338	0.8338	False	0.69	3.39
11	120989420	G	C	TECTA	Missense_Mutation	44	20	64	0.3125	2	1	1	0.9058	1	0.9058	0.9058	True	0.69	3.39
11	121174160	G	C	SC5D	Missense_Mutation	63	31	94	0.32978723404255317	2	1	1	0.9559	1	0.9559	0.9559	True	0.69	3.39
11	121460047	G	A	SORL1	Nonsense_Mutation	118	53	171	0.30994152046783624	2	1	1	0.8984	1	0.8984	0.8984	True	0.69	3.39
11	126215464	G	A	DCPS	Missense_Mutation	86	32	118	0.2711864406779661	2	1	1	0.786	1	0.786	0.786	False	0.69	3.39
11	128709337	G	A	KCNJ1	Missense_Mutation	50	53	103	0.5145631067961165	3	2	1	2.0061	2	1.003	1.0	True	0.69	3.39
11	128936684	C	T	ARHGAP32	Missense_Mutation	29	19	48	0.3958333333333333	3	2	1	1.5432	2	0.7716	0.7716	False	0.69	3.39
11	130278816	C	G	ADAMTS8	Missense_Mutation	87	27	114	0.23684210526315788	3	2	1	0.9233	1	0.9233	0.9233	True	0.69	3.39
11	130785628	G	A	SNX19	Silent	39	15	54	0.2777777777777778	3	2	1	1.0829	1	1.0829	1.0	True	0.69	3.39
11	134014688	G	A	JAM3	Silent	52	20	72	0.2777777777777778	3	2	1	1.0829	1	1.0829	1.0	True	0.69	3.39
11	134214971	C	A	GLB1L2	Missense_Mutation	11	4	15	0.26666666666666666	2	1	1	0.7729	1	0.7729	0.7729	False	0.69	3.39
12	662717	A	G	B4GALNT3	Missense_Mutation	14	22	36	0.6111111111111112	2	1	1	1.7713	1	1.7713	1.0	True	0.69	3.39
12	2968485	C	T	FOXM1	Silent	51	33	84	0.39285714285714285	2	2	0	1.1387	1	1.1387	1.0	True	0.69	3.39
12	2994524	C	T	RHNO1	5'UTR	19	27	46	0.5869565217391305	2	2	0	1.7013	2	0.8507	0.8507	True	0.69	3.39
12	5936945	G	C	ANO2	Missense_Mutation	5	3	8	0.375	2	2	0	1.087	1	1.087	1.0	True	0.69	3.39
12	6457910	C	T	SCNN1A	Missense_Mutation	43	24	67	0.3582089552238806	2	2	0	1.0383	1	1.0383	1.0	True	0.69	3.39
12	6926360	G	T	CD4	Silent	18	8	26	0.3076923076923077	2	2	0	0.8919	1	0.8919	0.8919	True	0.69	3.39
12	7078670	C	A	PHB2	Missense_Mutation	51	21	72	0.2916666666666667	2	2	0	0.8454	1	0.8454	0.8454	False	0.69	3.39
12	8988871	G	A	A2ML1	Missense_Mutation	34	10	44	0.22727272727272727	2	2	0	0.6588	1	0.6588	0.6588	False	0.69	3.39
12	12871770	C	T	CDKN1B	Nonsense_Mutation	34	72	106	0.6792452830188679	2	2	0	1.9688	2	0.9844	0.9844	True	0.69	3.39
12	15747986	G	A	PTPRO	3'UTR	35	3	38	0.07894736842105263	2	2	0	0.2288	1	0.2288	0.2288	False	0.69	3.39
12	20864431	C	A	SLCO1C1	Silent	42	22	64	0.34375	2	2	0	0.9964	1	0.9964	0.9964	True	0.69	3.39
12	26277470	C	T	BHLHE41	Missense_Mutation	20	36	56	0.6428571428571429	2	2	0	1.8634	2	0.9317	0.9317	True	0.69	3.39
12	26943129	C	T	ITPR2	Missense_Mutation	36	13	49	0.2653061224489796	2	2	0	0.769	1	0.769	0.769	False	0.69	3.39
12	29659735	C	T	TMTC1	3'UTR	20	68	88	0.7727272727272727	2	2	0	2.2398	2	1.1199	1.0	True	0.69	3.39
12	31240903	G	A	DDX11	Missense_Mutation	12	5	17	0.29411764705882354	2	2	0	0.8525	1	0.8525	0.8525	True	0.69	3.39
12	33592424	G	A	SYT10	Silent	106	48	154	0.3116883116883117	2	2	0	0.9034	1	0.9034	0.9034	True	0.69	3.39
12	39947845	C	T	ABCD2	Missense_Mutation	15	32	47	0.6808510638297872	2	2	0	1.9735	2	0.9867	0.9867	True	0.69	3.39
12	40749951	G	A	LRRK2	Missense_Mutation	18	7	25	0.28	2	2	0	0.8116	1	0.8116	0.8116	False	0.69	3.39
12	45781986	T	C	ANO6	Missense_Mutation	139	81	220	0.36818181818181817	4	2	2	1.8036	2	0.9018	0.9018	True	0.69	3.39
12	46582754	C	T	SLC38A1	Silent	70	19	89	0.21348314606741572	4	2	2	1.0458	1	1.0458	1.0	True	0.69	3.39
12	49391911	G	A	DDN	Nonsense_Mutation	71	14	85	0.16470588235294117	4	2	2	0.8068	1	0.8068	0.8068	False	0.69	3.39
12	49434778	C	T	KMT2D	Missense_Mutation	36	19	55	0.34545454545454546	4	2	2	1.6922	2	0.8461	0.8461	False	0.69	3.39
12	49445264	G	C	KMT2D	Silent	37	8	45	0.17777777777777778	4	2	2	0.8709	1	0.8709	0.8709	True	0.69	3.39
12	49689233	G	A	PRPH	Missense_Mutation	9	6	15	0.4	4	2	2	1.9594	2	0.9797	0.9797	True	0.69	3.39
12	50036100	G	A	PRPF40B	Missense_Mutation	59	52	111	0.46846846846846846	4	2	2	2.2948	2	1.1474	1.0	True	0.69	3.39
12	50037941	G	A	PRPF40B	Missense_Mutation	31	6	37	0.16216216216216217	4	2	2	0.7944	1	0.7944	0.7944	False	0.69	3.39
12	51130885	C	G	DIP2B	Missense_Mutation	144	39	183	0.21311475409836064	4	2	2	1.044	1	1.044	1.0	True	0.69	3.39
12	51450271	C	T	LETMD1	Nonsense_Mutation	83	29	112	0.25892857142857145	4	2	2	1.2684	1	1.2684	1.0	True	0.69	3.39
12	51584140	C	T	POU6F1	Missense_Mutation	139	34	173	0.19653179190751446	4	2	2	0.9627	1	0.9627	0.9627	True	0.69	3.39
12	52565086	C	T	KRT80	3'UTR	70	36	106	0.33962264150943394	4	2	2	1.6637	2	0.8318	0.8318	False	0.69	3.39
12	52565091	C	T	KRT80	3'UTR	77	40	117	0.3418803418803419	4	2	2	1.6747	2	0.8374	0.8374	False	0.69	3.39
12	52827960	C	G	KRT75	Silent	55	8	63	0.12698412698412698	4	2	2	0.622	1	0.622	0.622	False	0.69	3.39
12	53185189	T	C	KRT3	Missense_Mutation	44	35	79	0.4430379746835443	4	2	2	2.1702	2	1.0851	1.0	True	0.69	3.39
12	53565116	C	G	CSAD	Silent	62	38	100	0.38	4	2	2	1.8614	2	0.9307	0.9307	True	0.69	3.39
12	53565270	C	G	CSAD	Intron	18	22	40	0.55	4	2	2	2.6942	2	1.3471	1.0	True	0.69	3.39
12	53607344	G	A	RARG	Silent	29	25	54	0.46296296296296297	4	2	2	2.2678	2	1.1339	1.0	True	0.69	3.39
12	53609125	G	A	RARG	Nonsense_Mutation	93	35	128	0.2734375	4	2	2	1.3394	1	1.3394	1.0	True	0.69	3.39
12	53776403	C	T	SP1	Silent	87	51	138	0.3695652173913043	4	2	2	1.8103	2	0.9052	0.9052	True	0.69	3.39
12	53861124	G	A	PCBP2	Intron	43	44	87	0.5057471264367817	4	2	2	2.4774	2	1.2387	1.0	True	0.69	3.39
12	54366988	C	G	HOXC11	5'UTR	13	15	28	0.5357142857142857	4	2	2	2.6242	2	1.3121	1.0	True	0.69	3.39
12	55846762	C	T	OR6C2	Silent	173	32	205	0.15609756097560976	4	2	2	0.7647	1	0.7647	0.7647	False	0.69	3.39
12	56230763	G	A	MMP19	3'UTR	43	38	81	0.4691358024691358	4	2	2	2.2981	2	1.149	1.0	True	0.69	3.39
12	56397731	G	C	SUOX	Silent	27	26	53	0.49056603773584906	4	2	2	2.4031	2	1.2015	1.0	True	0.69	3.39
12	56531079	G	A	ESYT1	Silent	62	40	102	0.39215686274509803	4	2	2	1.921	2	0.9605	0.9605	True	0.69	3.39
12	56551553	G	A	MYL6B	3'UTR	15	15	30	0.5	4	2	2	2.4493	2	1.2246	1.0	True	0.69	3.39
12	56651667	C	T	ANKRD52	Missense_Mutation	25	12	37	0.32432432432432434	4	2	2	1.5887	2	0.7944	0.7944	False	0.69	3.39
12	56716974	C	T	PAN2	Missense_Mutation	159	105	264	0.3977272727272727	4	2	2	1.9483	2	0.9741	0.9741	True	0.69	3.39
12	56720612	C	T	PAN2	Missense_Mutation	118	29	147	0.19727891156462585	4	2	2	0.9664	1	0.9664	0.9664	True	0.69	3.39
12	56722297	G	A	PAN2	Silent	126	57	183	0.3114754098360656	4	2	2	1.5258	2	0.7629	0.7629	False	0.69	3.39
12	57108199	C	T	NACA	Missense_Mutation	84	21	105	0.2	4	2	2	0.9797	1	0.9797	0.9797	True	0.69	3.39
12	57111049	C	T	NACA	Intron	17	18	35	0.5142857142857142	4	2	2	2.5193	2	1.2596	1.0	True	0.69	3.39
12	57328012	G	A	SDR9C7	Missense_Mutation	52	9	61	0.14754098360655737	4	2	2	0.7227	1	0.7227	0.7227	False	0.69	3.39
12	57493598	A	T	STAT6	Missense_Mutation	23	12	35	0.34285714285714286	4	2	2	1.6795	2	0.8398	0.8398	False	0.69	3.39
12	57850047	C	T	INHBE	Missense_Mutation	184	105	289	0.3633217993079585	4	2	2	1.7798	2	0.8899	0.8899	True	0.69	3.39
12	57858641	G	A	GLI1	Missense_Mutation	59	15	74	0.20270270270270271	4	2	2	0.9929	1	0.9929	0.9929	True	0.69	3.39
12	57926780	C	T	DCTN2	Missense_Mutation	19	8	27	0.2962962962962963	4	2	2	1.4514	1	1.4514	1.0	True	0.69	3.39
12	57994197	G	C	PIP4K2C	Missense_Mutation	49	12	61	0.19672131147540983	4	2	2	0.9636	1	0.9636	0.9636	True	0.69	3.39
12	58127921	G	A	AGAP2	Silent	19	21	40	0.525	4	2	2	2.5717	2	1.2859	1.0	True	0.69	3.39
12	58152013	G	T	MARCH9	Missense_Mutation	65	24	89	0.2696629213483146	4	2	2	1.321	1	1.321	1.0	True	0.69	3.39
12	62104123	G	C	FAM19A2	3'UTR	129	88	217	0.4055299539170507	4	2	2	1.9865	2	0.9933	0.9933	True	0.69	3.39
12	62861092	C	T	MON2	Silent	71	20	91	0.21978021978021978	4	2	2	1.0766	1	1.0766	1.0	True	0.69	3.39
12	65564632	C	T	LEMD3	Missense_Mutation	75	21	96	0.21875	4	2	2	1.0716	1	1.0716	1.0	True	0.69	3.39
12	69158705	G	A	SLC35E3	3'UTR	40	23	63	0.36507936507936506	4	2	2	1.7884	2	0.8942	0.8942	True	0.69	3.39
12	70760748	C	T	KCNMB4	Silent	84	23	107	0.21495327102803738	4	2	2	1.053	1	1.053	1.0	True	0.69	3.39
12	72080342	G	A	TMEM19	5'UTR	25	4	29	0.13793103448275862	4	2	2	0.6757	1	0.6757	0.6757	False	0.69	3.39
12	76443477	C	G	NAP1L1	Intron	44	21	65	0.3230769230769231	4	2	2	1.5826	2	0.7913	0.7913	False	0.69	3.39
12	76788453	C	T	OSBPL8	Silent	42	34	76	0.4473684210526316	4	2	2	2.1915	2	1.0957	1.0	True	0.69	3.39
12	78513043	G	C	NAV3	Missense_Mutation	225	44	269	0.16356877323420074	4	2	2	0.8012	1	0.8012	0.8012	False	0.69	3.39
12	78513245	C	T	NAV3	Missense_Mutation	68	15	83	0.18072289156626506	4	2	2	0.8853	1	0.8853	0.8853	True	0.69	3.39
12	81536974	C	T	ACSS3	Missense_Mutation	21	98	119	0.8235294117647058	4	2	2	4.0341	2	2.0171	1.0	True	0.69	3.39
12	91372040	C	G	EPYC	Splice_Site	104	51	155	0.32903225806451614	4	2	2	1.6118	2	0.8059	0.8059	False	0.69	3.39
12	91445283	G	A	KERA	Missense_Mutation	40	32	72	0.4444444444444444	4	2	2	2.1771	2	1.0886	1.0	True	0.69	3.39
12	93804976	C	T	UBE2N	Missense_Mutation	96	54	150	0.36	4	2	2	1.7635	2	0.8817	0.8817	True	0.69	3.39
12	96284667	C	G	CCDC38	Missense_Mutation	49	28	77	0.36363636363636365	4	2	2	1.7813	2	0.8906	0.8906	True	0.69	3.39
12	96382019	C	T	HAL	Splice_Site	168	110	278	0.39568345323741005	4	2	2	1.9383	2	0.9691	0.9691	True	0.69	3.39
12	97051853	C	T	C12orf55	Missense_Mutation	120	32	152	0.21052631578947367	4	2	2	1.0313	1	1.0313	1.0	True	0.69	3.39
12	99019906	C	T	IKBIP	Silent	75	17	92	0.18478260869565216	4	2	2	0.9052	1	0.9052	0.9052	True	0.69	3.39
12	99548326	C	T	ANKS1B	Intron	23	6	29	0.20689655172413793	4	2	2	1.0135	1	1.0135	1.0	True	0.69	3.39
12	100489579	G	C	UHRF1BP1L	Missense_Mutation	53	18	71	0.2535211267605634	4	2	2	1.2419	1	1.2419	1.0	True	0.69	3.39
12	101584349	T	C	SLC5A8	Missense_Mutation	98	29	127	0.2283464566929134	4	2	2	1.1186	1	1.1186	1.0	True	0.69	3.39
12	110318108	G	A	GLTP	Silent	13	7	20	0.35	4	2	2	1.7145	2	0.8572	0.8572	True	0.69	3.39
12	110370668	G	C	GIT2	3'UTR	20	6	26	0.23076923076923078	4	2	2	1.1304	1	1.1304	1.0	True	0.69	3.39
12	110927993	G	A	FAM216A	3'UTR	130	102	232	0.4396551724137931	4	2	2	2.1537	2	1.0768	1.0	True	0.69	3.39
12	110956540	C	G	RAD9B	Missense_Mutation	65	44	109	0.4036697247706422	4	2	2	1.9774	2	0.9887	0.9887	True	0.69	3.39
12	111290763	C	T	CCDC63	Missense_Mutation	32	27	59	0.4576271186440678	4	2	2	2.2417	2	1.1209	1.0	True	0.69	3.39
12	113448315	G	C	OAS2	3'UTR	133	34	167	0.20359281437125748	4	2	2	0.9973	1	0.9973	0.9973	True	0.69	3.39
12	113531504	G	C	DTX1	Missense_Mutation	18	12	30	0.4	4	2	2	1.9594	2	0.9797	0.9797	True	0.69	3.39
12	113532921	G	A	DTX1	Missense_Mutation	35	21	56	0.375	4	2	2	1.837	2	0.9185	0.9185	True	0.69	3.39
12	113737681	G	A	SLC8B1	Silent	43	31	74	0.4189189189189189	4	2	2	2.0521	2	1.026	1.0	True	0.69	3.39
12	115120680	G	A	TBX3	Missense_Mutation	51	33	84	0.39285714285714285	4	2	2	1.9244	2	0.9622	0.9622	True	0.69	3.39
12	116418744	C	G	MED13L	Splice_Site	48	19	67	0.2835820895522388	4	2	2	1.3891	1	1.3891	1.0	True	0.69	3.39
12	118511775	C	T	VSIG10	Silent	24	17	41	0.4146341463414634	4	2	2	2.0311	2	1.0156	1.0	True	0.69	3.39
12	119954484	G	A	CCDC60	Missense_Mutation	63	16	79	0.20253164556962025	4	2	2	0.9921	1	0.9921	0.9921	True	0.69	3.39
12	120876184	C	G	AL021546.6	Missense_Mutation	22	9	31	0.2903225806451613	4	2	2	1.4222	1	1.4222	1.0	True	0.69	3.39
12	120903591	C	G	SRSF9	Splice_Site	44	21	65	0.3230769230769231	4	2	2	1.5826	2	0.7913	0.7913	False	0.69	3.39
12	120995412	G	A	RNF10	Silent	196	37	233	0.15879828326180256	4	2	2	0.7779	1	0.7779	0.7779	False	0.69	3.39
12	121615003	C	T	P2RX7	Silent	80	59	139	0.4244604316546763	4	2	2	2.0792	2	1.0396	1.0	True	0.69	3.39
12	122018015	G	T	KDM2B	Intron	166	43	209	0.20574162679425836	4	2	2	1.0078	1	1.0078	1.0	True	0.69	3.39
12	122404858	C	T	WDR66	Intron	112	20	132	0.15151515151515152	4	2	2	0.7422	1	0.7422	0.7422	False	0.69	3.39
12	122817644	C	G	CLIP1	Silent	38	18	56	0.32142857142857145	4	2	2	1.5745	2	0.7873	0.7873	False	0.69	3.39
12	123089504	C	G	KNTC1	Silent	13	10	23	0.43478260869565216	4	2	2	2.1298	2	1.0649	1.0	True	0.69	3.39
12	123214722	G	A	HCAR1	Silent	11	15	26	0.5769230769230769	4	2	2	2.8261	2	1.413	1.0	True	0.69	3.39
12	123868753	G	A	SETD8	Missense_Mutation	14	5	19	0.2631578947368421	4	2	2	1.2891	1	1.2891	1.0	True	0.69	3.39
12	124104609	G	T	DDX55	Missense_Mutation	92	21	113	0.18584070796460178	4	2	2	0.9104	1	0.9104	0.9104	True	0.69	3.39
12	124979754	G	A	NCOR2	Missense_Mutation	35	7	42	0.16666666666666666	4	2	2	0.8164	1	0.8164	0.8164	False	0.69	3.39
12	125398075	C	T	UBC	Silent	178	113	291	0.38831615120274915	4	2	2	1.9022	2	0.9511	0.9511	True	0.69	3.39
12	132322757	C	T	MMP17	Silent	21	20	41	0.4878048780487805	4	2	2	2.3895	2	1.1948	1.0	True	0.69	3.39
12	132380364	T	C	ULK1	Missense_Mutation	62	8	70	0.11428571428571428	4	2	2	0.5598	1	0.5598	0.5598	False	0.69	3.39
12	133198607	G	A	P2RX2	3'Flank	43	28	71	0.39436619718309857	2	1	1	1.1431	1	1.1431	1.0	True	0.69	3.39
12	133226443	C	T	POLE	Silent	35	11	46	0.2391304347826087	2	1	1	0.6931	1	0.6931	0.6931	False	0.69	3.39
12	133294683	C	T	PGAM5	Silent	56	10	66	0.15151515151515152	2	1	1	0.4392	1	0.4392	0.4392	False	0.69	3.39
12	133682468	C	T	ZNF140	Missense_Mutation	53	11	64	0.171875	2	1	1	0.4982	1	0.4982	0.4982	False	0.69	3.39
13	20425496	A	G	ZMYM5	Silent	80	20	100	0.2	3	2	1	0.7797	1	0.7797	0.7797	False	0.69	3.39
13	21371070	C	T	XPO4	Missense_Mutation	71	19	90	0.2111111111111111	3	2	1	0.823	1	0.823	0.823	False	0.69	3.39
13	21751241	C	T	MRP63	Silent	26	5	31	0.16129032258064516	3	2	1	0.6288	1	0.6288	0.6288	False	0.69	3.39
13	30341760	G	C	UBL3	Missense_Mutation	44	38	82	0.4634146341463415	3	2	1	1.8066	2	0.9033	0.9033	True	0.69	3.39
13	31211905	C	T	USPL1	Missense_Mutation	90	32	122	0.26229508196721313	3	2	1	1.0226	1	1.0226	1.0	True	0.69	3.39
13	33018001	T	C	N4BP2L2	Missense_Mutation	7	4	11	0.36363636363636365	3	2	1	1.4177	1	1.4177	1.0	True	0.69	3.39
13	36686315	C	G	DCLK1	Missense_Mutation	55	27	82	0.32926829268292684	3	2	1	1.2837	1	1.2837	1.0	True	0.69	3.39
13	36909157	C	G	SPG20	Splice_Site	70	43	113	0.3805309734513274	3	2	1	1.4835	1	1.4835	1.0	True	0.69	3.39
13	45147906	G	A	TSC22D1	Nonsense_Mutation	62	19	81	0.2345679012345679	4	2	2	1.149	1	1.149	1.0	True	0.69	3.39
13	45149590	C	T	TSC22D1	Silent	23	23	46	0.5	4	2	2	2.4493	2	1.2246	1.0	True	0.69	3.39
13	45768414	C	T	KCTD4	Missense_Mutation	129	86	215	0.4	4	2	2	1.9594	2	0.9797	0.9797	True	0.69	3.39
13	46701847	G	C	LCP1	Missense_Mutation	38	60	98	0.6122448979591837	2	2	0	1.7746	2	0.8873	0.8873	True	0.69	3.39
13	48619952	G	C	NUDT15	3'UTR	53	16	69	0.2318840579710145	2	2	0	0.6721	1	0.6721	0.6721	False	0.69	3.39
13	48985612	G	A	LPAR6	Silent	62	46	108	0.42592592592592593	2	2	0	1.2346	1	1.2346	1.0	True	0.69	3.39
13	49085972	G	A	RCBTB2	Silent	36	12	48	0.25	2	2	0	0.7246	1	0.7246	0.7246	False	0.69	3.39
13	52548420	C	T	ATP7B	Silent	69	30	99	0.30303030303030304	2	2	0	0.8783	1	0.8783	0.8783	True	0.69	3.39
13	53624514	C	G	OLFM4	Missense_Mutation	159	61	220	0.2772727272727273	2	2	0	0.8037	1	0.8037	0.8037	False	0.69	3.39
13	58208221	C	T	PCDH17	Missense_Mutation	19	25	44	0.5681818181818182	2	2	0	1.6469	2	0.8235	0.8235	False	0.69	3.39
13	61985735	G	A	PCDH20	Missense_Mutation	56	33	89	0.3707865168539326	2	2	0	1.0747	1	1.0747	1.0	True	0.69	3.39
13	72134058	G	T	DACH1	Silent	14	5	19	0.2631578947368421	2	2	0	0.7628	1	0.7628	0.7628	False	0.69	3.39
13	77459558	C	T	KCTD12	Silent	2	8	10	0.8	2	2	0	2.3188	2	1.1594	1.0	True	0.69	3.39
13	77651516	G	A	MYCBP2	Silent	27	21	48	0.4375	2	2	0	1.2681	1	1.2681	1.0	True	0.69	3.39
13	93879803	G	A	GPC6	Missense_Mutation	15	8	23	0.34782608695652173	2	2	0	1.0082	1	1.0082	1.0	True	0.69	3.39
13	95104879	T	C	DCT	Missense_Mutation	12	19	31	0.6129032258064516	2	2	0	1.7765	2	0.8883	0.8883	True	0.69	3.39
13	107822773	C	A	FAM155A	3'UTR	7	17	24	0.7083333333333334	2	2	0	2.0531	2	1.0266	1.0	True	0.69	3.39
13	113508799	C	T	ATP11A	Missense_Mutation	18	13	31	0.41935483870967744	2	2	0	1.2155	1	1.2155	1.0	True	0.69	3.39
13	113976673	C	T	LAMP1	Silent	15	34	49	0.6938775510204082	2	2	0	2.0112	2	1.0056	1.0	True	0.69	3.39
14	20781943	G	C	CCNB1IP1	Silent	38	11	49	0.22448979591836735	2	1	1	0.6507	1	0.6507	0.6507	False	0.69	3.39
14	20916914	G	A	OSGEP	Missense_Mutation	49	18	67	0.26865671641791045	2	1	1	0.7787	1	0.7787	0.7787	False	0.69	3.39
14	21699232	C	T	HNRNPC	Splice_Site	40	19	59	0.3220338983050847	2	1	1	0.9334	1	0.9334	0.9334	True	0.69	3.39
14	21862166	C	T	CHD8	Missense_Mutation	22	13	35	0.37142857142857144	2	1	1	1.0766	1	1.0766	1.0	True	0.69	3.39
14	21967731	C	T	METTL3	Missense_Mutation	78	31	109	0.28440366972477066	2	1	1	0.8244	1	0.8244	0.8244	False	0.69	3.39
14	22690301	G	A	TRAV35	Missense_Mutation	58	30	88	0.3409090909090909	2	1	1	0.9881	1	0.9881	0.9881	True	0.69	3.39
14	23021012	C	T	AE000662.92	5'Flank	22	7	29	0.2413793103448276	2	1	1	0.6997	1	0.6997	0.6997	False	0.69	3.39
14	23887435	C	T	MYH7	Missense_Mutation	47	18	65	0.27692307692307694	2	1	1	0.8027	1	0.8027	0.8027	False	0.69	3.39
14	23940112	C	T	NGDN	Intron	40	19	59	0.3220338983050847	2	1	1	0.9334	1	0.9334	0.9334	True	0.69	3.39
14	24036487	C	T	AP1G2	Missense_Mutation	17	5	22	0.22727272727272727	2	1	1	0.6588	1	0.6588	0.6588	False	0.69	3.39
14	24528595	G	A	LRRC16B	Missense_Mutation	11	7	18	0.3888888888888889	3	2	1	1.5161	2	0.7581	0.7581	False	0.69	3.39
14	24532014	G	A	LRRC16B	Missense_Mutation	41	7	48	0.14583333333333334	3	2	1	0.5685	1	0.5685	0.5685	False	0.69	3.39
14	24617580	G	A	RNF31	Silent	16	15	31	0.4838709677419355	3	2	1	1.8864	2	0.9432	0.9432	True	0.69	3.39
14	24641766	T	A	REC8	Missense_Mutation	7	10	17	0.5882352941176471	3	2	1	2.2933	2	1.1466	1.0	True	0.69	3.39
14	24656644	G	C	IPO4	Missense_Mutation	68	17	85	0.2	3	2	1	0.7797	1	0.7797	0.7797	False	0.69	3.39
14	24656660	G	C	IPO4	Missense_Mutation	66	16	82	0.1951219512195122	3	2	1	0.7607	1	0.7607	0.7607	False	0.69	3.39
14	24656970	G	T	IPO4	Nonsense_Mutation	28	14	42	0.3333333333333333	3	2	1	1.2995	1	1.2995	1.0	True	0.69	3.39
14	24658431	C	T	TM9SF1	3'UTR	8	6	14	0.42857142857142855	3	2	1	1.6708	2	0.8354	0.8354	False	0.69	3.39
14	24659547	G	T	TM9SF1	Intron	47	7	54	0.12962962962962962	3	2	1	0.5054	1	0.5054	0.5054	False	0.69	3.39
14	24731453	G	A	TGM1	Missense_Mutation	44	10	54	0.18518518518518517	3	2	1	0.722	1	0.722	0.722	False	0.69	3.39
14	24772312	C	T	NOP9	Silent	53	22	75	0.29333333333333333	3	2	1	1.1436	1	1.1436	1.0	True	0.69	3.39
14	24883866	G	A	NYNRIN	Missense_Mutation	18	11	29	0.3793103448275862	3	2	1	1.4788	1	1.4788	1.0	True	0.69	3.39
14	24884334	G	A	NYNRIN	Missense_Mutation	14	12	26	0.46153846153846156	3	2	1	1.7993	2	0.8997	0.8997	True	0.69	3.39
14	27064680	A	G	NOVA1	Silent	107	21	128	0.1640625	3	2	1	0.6396	1	0.6396	0.6396	False	0.69	3.39
14	31602842	C	G	HECTD1	Missense_Mutation	52	14	66	0.21212121212121213	3	2	1	0.827	1	0.827	0.827	False	0.69	3.39
14	31917208	G	A	DTD2	3'UTR	11	4	15	0.26666666666666666	3	2	1	1.0396	1	1.0396	1.0	True	0.69	3.39
14	38060825	C	T	FOXA1	Silent	9	3	12	0.25	3	2	1	0.9746	1	0.9746	0.9746	True	0.69	3.39
14	42356993	G	C	LRFN5	Missense_Mutation	54	21	75	0.28	3	2	1	1.0916	1	1.0916	1.0	True	0.69	3.39
14	45468596	C	G	FAM179B	Missense_Mutation	108	13	121	0.10743801652892562	3	2	1	0.4189	1	0.4189	0.4189	False	0.69	3.39
14	45605471	G	A	FANCM	Silent	41	9	50	0.18	3	2	1	0.7017	1	0.7017	0.7017	False	0.69	3.39
14	50238388	G	A	KLHDC2	Missense_Mutation	57	19	76	0.25	3	2	1	0.9746	1	0.9746	0.9746	True	0.69	3.39
14	52936858	C	T	TXNDC16	Silent	84	12	96	0.125	3	2	1	0.4873	1	0.4873	0.4873	False	0.69	3.39
14	55642735	C	T	DLGAP5	Missense_Mutation	62	19	81	0.2345679012345679	3	2	1	0.9145	1	0.9145	0.9145	True	0.69	3.39
14	57735984	C	T	AP5M1	5'UTR	46	14	60	0.23333333333333334	3	2	1	0.9097	1	0.9097	0.9097	True	0.69	3.39
14	57960436	C	T	C14orf105	5'UTR	27	14	41	0.34146341463414637	3	2	1	1.3312	1	1.3312	1.0	True	0.69	3.39
14	58047974	C	A	SLC35F4	Missense_Mutation	21	8	29	0.27586206896551724	3	2	1	1.0755	1	1.0755	1.0	True	0.69	3.39
14	61285476	C	T	MNAT1	Nonsense_Mutation	68	21	89	0.23595505617977527	3	2	1	0.9199	1	0.9199	0.9199	True	0.69	3.39
14	64608747	G	A	SYNE2	Missense_Mutation	42	11	53	0.20754716981132076	3	2	1	0.8091	1	0.8091	0.8091	False	0.69	3.39
14	64680937	C	T	SYNE2	Missense_Mutation	53	48	101	0.4752475247524752	3	2	1	1.8528	2	0.9264	0.9264	True	0.69	3.39
14	64685228	C	T	SYNE2	Missense_Mutation	21	5	26	0.19230769230769232	3	2	1	0.7497	1	0.7497	0.7497	False	0.69	3.39
14	64909033	C	G	MTHFD1	Missense_Mutation	75	45	120	0.375	3	2	1	1.462	1	1.462	1.0	True	0.69	3.39
14	64989728	T	G	ZBTB1	Missense_Mutation	99	37	136	0.27205882352941174	3	2	1	1.0606	1	1.0606	1.0	True	0.69	3.39
14	64990098	G	C	ZBTB1	Missense_Mutation	57	52	109	0.47706422018348627	3	2	1	1.8599	2	0.9299	0.9299	True	0.69	3.39
14	65009223	C	T	HSPA2	Silent	52	25	77	0.3246753246753247	3	2	1	1.2658	1	1.2658	1.0	True	0.69	3.39
14	67826524	C	T	ATP6V1D	5'UTR	11	5	16	0.3125	3	2	1	1.2183	1	1.2183	1.0	True	0.69	3.39
14	67864415	G	C	PLEK2	Silent	26	3	29	0.10344827586206896	3	2	1	0.4033	1	0.4033	0.4033	False	0.69	3.39
14	68114822	C	T	ARG2	Missense_Mutation	39	14	53	0.2641509433962264	3	2	1	1.0298	1	1.0298	1.0	True	0.69	3.39
14	68189425	C	A	RDH12	Silent	68	30	98	0.30612244897959184	3	2	1	1.1934	1	1.1934	1.0	True	0.69	3.39
14	71575342	C	T	PCNX	Missense_Mutation	33	22	55	0.4	3	2	1	1.5594	2	0.7797	0.7797	False	0.69	3.39
14	72196839	G	A	SIPA1L1	Missense_Mutation	51	21	72	0.2916666666666667	3	2	1	1.1371	1	1.1371	1.0	True	0.69	3.39
14	73577788	A	T	RBM25	Missense_Mutation	44	12	56	0.21428571428571427	3	2	1	0.8354	1	0.8354	0.8354	False	0.69	3.39
14	76238194	G	C	TTLL5	Missense_Mutation	53	39	92	0.42391304347826086	3	2	1	1.6526	2	0.8263	0.8263	False	0.69	3.39
14	76452101	C	T	IFT43	5'Flank	13	5	18	0.2777777777777778	3	2	1	1.0829	1	1.0829	1.0	True	0.69	3.39
14	89039256	G	C	ZC3H14	Missense_Mutation	102	37	139	0.26618705035971224	3	2	1	1.0377	1	1.0377	1.0	True	0.69	3.39
14	91196427	G	A	TTC7B	Silent	134	51	185	0.2756756756756757	3	2	1	1.0747	1	1.0747	1.0	True	0.69	3.39
14	91633816	C	T	C14orf159	Intron	32	6	38	0.15789473684210525	3	2	1	0.6156	1	0.6156	0.6156	False	0.69	3.39
14	91791126	C	T	CCDC88C	Missense_Mutation	21	8	29	0.27586206896551724	3	2	1	1.0755	1	1.0755	1.0	True	0.69	3.39
14	91791156	C	G	CCDC88C	Missense_Mutation	38	12	50	0.24	3	2	1	0.9357	1	0.9357	0.9357	True	0.69	3.39
14	92084066	C	T	CATSPERB	Missense_Mutation	35	30	65	0.46153846153846156	3	2	1	1.7993	2	0.8997	0.8997	True	0.69	3.39
14	94512231	C	T	OTUB2	Missense_Mutation	20	8	28	0.2857142857142857	3	2	1	1.1139	1	1.1139	1.0	True	0.69	3.39
14	97313665	G	A	VRK1	Missense_Mutation	39	13	52	0.25	3	2	1	0.9746	1	0.9746	0.9746	True	0.69	3.39
14	100192565	G	A	CYP46A1	Missense_Mutation	36	15	51	0.29411764705882354	3	2	1	1.1466	1	1.1466	1.0	True	0.69	3.39
14	101012852	C	G	BEGAIN	Silent	7	5	12	0.4166666666666667	3	2	1	1.6244	2	0.8122	0.8122	False	0.69	3.39
14	102510791	G	A	DYNC1H1	Missense_Mutation	30	10	40	0.25	3	2	1	0.9746	1	0.9746	0.9746	True	0.69	3.39
14	102898163	C	T	TECPR2	Missense_Mutation	90	29	119	0.24369747899159663	3	2	1	0.9501	1	0.9501	0.9501	True	0.69	3.39
14	103969477	G	T	MARK3	Silent	39	16	55	0.2909090909090909	3	2	1	1.1341	1	1.1341	1.0	True	0.69	3.39
14	104571063	C	T	ASPG	Silent	8	12	20	0.6	3	2	1	2.3391	2	1.1696	1.0	True	0.69	3.39
14	105408667	C	T	AHNAK2	Missense_Mutation	74	94	168	0.5595238095238095	5	4	2	3.3004	3	1.1001	1.0	True	0.69	3.39
14	105618508	G	A	JAG2	Silent	40	36	76	0.47368421052631576	5	4	2	2.7941	3	0.9314	0.9314	True	0.69	3.39
14	106091497	T	A	IGHG4	Missense_Mutation	95	25	120	0.20833333333333334	2	1	1	0.6039	1	0.6039	0.6039	False	0.69	3.39
14	106091498	C	T	IGHG4	Missense_Mutation	98	24	122	0.19672131147540983	2	1	1	0.5702	1	0.5702	0.5702	False	0.69	3.39
14	106307448	C	T	IGHD	Silent	13	3	16	0.1875	2	1	1	0.5435	1	0.5435	0.5435	False	0.69	3.39
15	23012428	G	A	NIPA2	Missense_Mutation	105	60	165	0.36363636363636365	2	1	1	1.054	1	1.054	1.0	True	0.69	3.39
15	23313237	G	A	HERC2P2	RNA	13	9	22	0.4090909090909091	2	1	1	1.1858	1	1.1858	1.0	True	0.69	3.39
15	25584354	G	A	UBE3A	Missense_Mutation	65	23	88	0.26136363636363635	4	2	2	1.2803	1	1.2803	1.0	True	0.69	3.39
15	33941338	G	T	RYR3	Silent	122	29	151	0.19205298013245034	4	2	2	0.9408	1	0.9408	0.9408	True	0.69	3.39
15	34395021	G	A	PGBD4	Missense_Mutation	33	35	68	0.5147058823529411	4	2	2	2.5213	2	1.2607	1.0	True	0.69	3.39
15	35189812	C	T	AQR	Missense_Mutation	92	22	114	0.19298245614035087	4	2	2	0.9453	1	0.9453	0.9453	True	0.69	3.39
15	35230975	C	T	AQR	Silent	120	16	136	0.11764705882352941	4	2	2	0.5763	1	0.5763	0.5763	False	0.69	3.39
15	39544580	C	G	C15orf54	Missense_Mutation	151	40	191	0.2094240837696335	3	2	1	0.8165	1	0.8165	0.8165	False	0.69	3.39
15	40396422	G	A	BMF	Nonsense_Mutation	95	86	181	0.47513812154696133	3	2	1	1.8524	2	0.9262	0.9262	True	0.69	3.39
15	40505608	G	A	BUB1B	Missense_Mutation	75	28	103	0.27184466019417475	3	2	1	1.0598	1	1.0598	1.0	True	0.69	3.39
15	40763862	C	G	CHST14	Silent	41	17	58	0.29310344827586204	3	2	1	1.1427	1	1.1427	1.0	True	0.69	3.39
15	40764104	G	A	CHST14	Missense_Mutation	117	48	165	0.2909090909090909	3	2	1	1.1341	1	1.1341	1.0	True	0.69	3.39
15	41865267	C	T	TYRO3	Missense_Mutation	37	45	82	0.5487804878048781	3	2	1	2.1394	2	1.0697	1.0	True	0.69	3.39
15	42146360	G	T	SPTBN5	Missense_Mutation	9	4	13	0.3076923076923077	3	2	1	1.1996	1	1.1996	1.0	True	0.69	3.39
15	43307928	G	A	UBR1	Missense_Mutation	206	59	265	0.22264150943396227	3	2	1	0.868	1	0.868	0.868	True	0.69	3.39
15	43476562	G	A	TMEM62	Silent	162	149	311	0.4790996784565916	3	2	1	1.8678	2	0.9339	0.9339	True	0.69	3.39
15	43489643	C	T	EPB42	Missense_Mutation	43	33	76	0.4342105263157895	3	2	1	1.6928	2	0.8464	0.8464	False	0.69	3.39
15	45386349	C	T	DUOX2	Silent	43	11	54	0.2037037037037037	3	2	1	0.7941	1	0.7941	0.7941	False	0.69	3.39
15	45445633	C	T	DUOX1	Silent	114	31	145	0.21379310344827587	3	2	1	0.8335	1	0.8335	0.8335	False	0.69	3.39
15	45460156	G	C	SHF	Missense_Mutation	30	13	43	0.3023255813953488	3	2	1	1.1786	1	1.1786	1.0	True	0.69	3.39
15	49176534	C	A	SHC4	Missense_Mutation	53	15	68	0.22058823529411764	3	2	1	0.86	1	0.86	0.86	True	0.69	3.39
15	52250986	C	G	LEO1	Missense_Mutation	73	22	95	0.23157894736842105	3	2	1	0.9028	1	0.9028	0.9028	True	0.69	3.39
15	52416747	C	T	GNB5	Missense_Mutation	60	18	78	0.23076923076923078	3	2	1	0.8997	1	0.8997	0.8997	True	0.69	3.39
15	52844068	G	A	ARPP19	3'UTR	25	9	34	0.2647058823529412	3	2	1	1.032	1	1.032	1.0	True	0.69	3.39
15	52970307	C	T	FAM214A	5'UTR	47	10	57	0.17543859649122806	3	2	1	0.684	1	0.684	0.684	False	0.69	3.39
15	56665652	G	C	TEX9	Missense_Mutation	25	14	39	0.358974358974359	3	2	1	1.3995	1	1.3995	1.0	True	0.69	3.39
15	57565345	C	T	TCF12	Silent	59	16	75	0.21333333333333335	3	2	1	0.8317	1	0.8317	0.8317	False	0.69	3.39
15	58904123	C	T	ADAM10	Missense_Mutation	61	24	85	0.2823529411764706	3	2	1	1.1008	1	1.1008	1.0	True	0.69	3.39
15	59942969	G	A	GTF2A2	Nonsense_Mutation	33	27	60	0.45	3	2	1	1.7543	2	0.8772	0.8772	True	0.69	3.39
15	63850344	T	G	USP3	Missense_Mutation	33	32	65	0.49230769230769234	3	2	1	1.9193	2	0.9596	0.9596	True	0.69	3.39
15	64005075	C	G	HERC1	Missense_Mutation	19	8	27	0.2962962962962963	3	2	1	1.1551	1	1.1551	1.0	True	0.69	3.39
15	64005081	T	G	HERC1	Missense_Mutation	13	10	23	0.43478260869565216	3	2	1	1.695	2	0.8475	0.8475	False	0.69	3.39
15	64017671	G	A	HERC1	Nonsense_Mutation	72	17	89	0.19101123595505617	3	2	1	0.7447	1	0.7447	0.7447	False	0.69	3.39
15	64332447	G	C	DAPK2	Nonsense_Mutation	101	19	120	0.15833333333333333	3	2	1	0.6173	1	0.6173	0.6173	False	0.69	3.39
15	64445458	G	A	SNX22	Silent	31	45	76	0.5921052631578947	3	2	1	2.3084	2	1.1542	1.0	True	0.69	3.39
15	65622908	G	A	IGDCC3	Missense_Mutation	38	26	64	0.40625	3	2	1	1.5838	2	0.7919	0.7919	False	0.69	3.39
15	65890802	C	T	VWA9	Splice_Site	37	10	47	0.2127659574468085	3	2	1	0.8295	1	0.8295	0.8295	False	0.69	3.39
15	67473685	G	A	SMAD3	Missense_Mutation	22	8	30	0.26666666666666666	3	2	1	1.0396	1	1.0396	1.0	True	0.69	3.39
15	67495178	G	A	AAGAB	Missense_Mutation	48	15	63	0.23809523809523808	3	2	1	0.9282	1	0.9282	0.9282	True	0.69	3.39
15	69080226	C	T	ANP32A	Silent	116	41	157	0.2611464968152866	3	2	1	1.0181	1	1.0181	1.0	True	0.69	3.39
15	69327705	C	T	NOX5	Silent	17	6	23	0.2608695652173913	3	2	1	1.017	1	1.017	1.0	True	0.69	3.39
15	69721528	G	A	KIF23	Missense_Mutation	4	11	15	0.7333333333333333	3	2	1	2.8589	2	1.4295	1.0	True	0.69	3.39
15	72338155	G	C	MYO9A	Missense_Mutation	73	22	95	0.23157894736842105	3	2	1	0.9028	1	0.9028	0.9028	True	0.69	3.39
15	72492911	G	T	PKM	Missense_Mutation	54	13	67	0.19402985074626866	3	2	1	0.7564	1	0.7564	0.7564	False	0.69	3.39
15	72499149	C	T	PKM	Missense_Mutation	22	29	51	0.5686274509803921	3	2	1	2.2168	2	1.1084	1.0	True	0.69	3.39
15	72668266	G	A	HEXA	Silent	24	30	54	0.5555555555555556	3	2	1	2.1659	2	1.0829	1.0	True	0.69	3.39
15	74468086	C	T	ISLR	Missense_Mutation	82	25	107	0.2336448598130841	3	2	1	0.9109	1	0.9109	0.9109	True	0.69	3.39
15	74927761	G	A	EDC3	Missense_Mutation	30	36	66	0.5454545454545454	3	2	1	2.1265	2	1.0632	1.0	True	0.69	3.39
15	75198699	G	A	FAM219B	Silent	15	4	19	0.21052631578947367	3	2	1	0.8207	1	0.8207	0.8207	False	0.69	3.39
15	75335823	C	T	PPCDC	Silent	13	4	17	0.23529411764705882	3	2	1	0.9173	1	0.9173	0.9173	True	0.69	3.39
15	75499996	C	G	C15orf39	Nonsense_Mutation	16	8	24	0.3333333333333333	3	2	1	1.2995	1	1.2995	1.0	True	0.69	3.39
15	75668090	G	T	SIN3A	Missense_Mutation	104	39	143	0.2727272727272727	3	2	1	1.0632	1	1.0632	1.0	True	0.69	3.39
15	78393321	C	T	SH2D7	Silent	35	19	54	0.35185185185185186	3	2	1	1.3717	1	1.3717	1.0	True	0.69	3.39
15	80883951	C	T	ARNT2	Missense_Mutation	44	19	63	0.30158730158730157	3	2	1	1.1758	1	1.1758	1.0	True	0.69	3.39
15	82336488	G	A	MEX3B	Silent	91	33	124	0.2661290322580645	3	2	1	1.0375	1	1.0375	1.0	True	0.69	3.39
15	85186742	G	A	WDR73	Silent	13	9	22	0.4090909090909091	3	2	1	1.5949	2	0.7974	0.7974	False	0.69	3.39
15	85188819	G	A	WDR73	Missense_Mutation	9	6	15	0.4	3	2	1	1.5594	2	0.7797	0.7797	False	0.69	3.39
15	86076934	C	G	AKAP13	Missense_Mutation	60	21	81	0.25925925925925924	3	2	1	1.0107	1	1.0107	1.0	True	0.69	3.39
15	86087153	G	A	AKAP13	Missense_Mutation	50	9	59	0.15254237288135594	3	2	1	0.5947	1	0.5947	0.5947	False	0.69	3.39
15	89182687	C	T	ISG20	Silent	24	11	35	0.3142857142857143	3	2	1	1.2253	1	1.2253	1.0	True	0.69	3.39
15	89401276	G	A	ACAN	Silent	26	5	31	0.16129032258064516	3	2	1	0.6288	1	0.6288	0.6288	False	0.69	3.39
15	89402471	G	A	ACAN	Missense_Mutation	27	16	43	0.37209302325581395	3	2	1	1.4506	1	1.4506	1.0	True	0.69	3.39
15	91172546	C	T	CRTC3	Missense_Mutation	152	43	195	0.2205128205128205	3	2	1	0.8597	1	0.8597	0.8597	True	0.69	3.39
15	91424718	C	T	FURIN	Silent	24	13	37	0.35135135135135137	3	2	1	1.3698	1	1.3698	1.0	True	0.69	3.39
15	91488214	C	G	UNC45A	Missense_Mutation	69	12	81	0.14814814814814814	3	2	1	0.5776	1	0.5776	0.5776	False	0.69	3.39
15	91517833	C	G	PRC1	Missense_Mutation	132	146	278	0.5251798561151079	3	2	1	2.0474	2	1.0237	1.0	True	0.69	3.39
15	92706457	C	T	SLCO3A1	3'UTR	25	8	33	0.24242424242424243	3	2	1	0.9451	1	0.9451	0.9451	True	0.69	3.39
15	101115276	C	T	LINS	Missense_Mutation	89	31	120	0.25833333333333336	3	2	1	1.0071	1	1.0071	1.0	True	0.69	3.39
15	101718244	C	T	CHSY1	Silent	48	16	64	0.25	3	2	1	0.9746	1	0.9746	0.9746	True	0.69	3.39
16	1412450	C	T	GNPTG	Intron	22	15	37	0.40540540540540543	2	2	0	1.1751	1	1.1751	1.0	True	0.69	3.39
16	1877226	A	T	FAHD1	5'UTR	21	6	27	0.2222222222222222	2	2	0	0.6441	1	0.6441	0.6441	False	0.69	3.39
16	2215900	C	T	TRAF7	Silent	21	6	27	0.2222222222222222	2	2	0	0.6441	1	0.6441	0.6441	False	0.69	3.39
16	2812535	C	T	SRRM2	Missense_Mutation	59	30	89	0.33707865168539325	2	2	0	0.977	1	0.977	0.977	True	0.69	3.39
16	2818133	C	G	SRRM2	Missense_Mutation	15	8	23	0.34782608695652173	2	2	0	1.0082	1	1.0082	1.0	True	0.69	3.39
16	2819183	C	G	SRRM2	Missense_Mutation	42	41	83	0.4939759036144578	2	2	0	1.4318	1	1.4318	1.0	True	0.69	3.39
16	3293307	C	G	MEFV	Missense_Mutation	56	19	75	0.25333333333333335	2	2	0	0.7343	1	0.7343	0.7343	False	0.69	3.39
16	3640211	G	A	SLX4	Missense_Mutation	24	64	88	0.7272727272727273	2	2	0	2.108	2	1.054	1.0	True	0.69	3.39
16	3641190	C	T	SLX4	Missense_Mutation	86	30	116	0.25862068965517243	2	2	0	0.7496	1	0.7496	0.7496	False	0.69	3.39
16	8941604	C	T	PMM2	Silent	19	37	56	0.6607142857142857	2	2	0	1.9151	2	0.9576	0.9576	True	0.69	3.39
16	9009183	C	T	USP7	Missense_Mutation	32	47	79	0.5949367088607594	2	2	0	1.7245	2	0.8622	0.8622	True	0.69	3.39
16	10863027	C	T	NUBP1	3'UTR	8	17	25	0.68	2	2	0	1.971	2	0.9855	0.9855	True	0.69	3.39
16	11792135	T	G	TXNDC11	Missense_Mutation	16	37	53	0.6981132075471698	2	2	0	2.0235	2	1.0118	1.0	True	0.69	3.39
16	11933795	C	G	RSL1D1	Missense_Mutation	66	37	103	0.3592233009708738	2	2	0	1.0412	1	1.0412	1.0	True	0.69	3.39
16	15841995	C	A	MYH11	Nonsense_Mutation	8	22	30	0.7333333333333333	2	1	1	2.1256	1	2.1256	1.0	True	0.69	3.39
16	16215927	C	T	ABCC1	Silent	52	13	65	0.2	2	1	1	0.5797	1	0.5797	0.5797	False	0.69	3.39
16	19041668	G	A	TMC7	Silent	58	54	112	0.48214285714285715	4	2	2	2.3618	2	1.1809	1.0	True	0.69	3.39
16	19183952	C	T	SYT17	Intron	5	11	16	0.6875	4	2	2	3.3678	2	1.6839	1.0	True	0.69	3.39
16	19236002	C	T	SYT17	Intron	94	16	110	0.14545454545454545	4	2	2	0.7125	1	0.7125	0.7125	False	0.69	3.39
16	20835811	G	A	AC004381.6	Missense_Mutation	72	10	82	0.12195121951219512	3	2	1	0.4754	1	0.4754	0.4754	False	0.69	3.39
16	21170741	C	T	DNAH3	Missense_Mutation	42	47	89	0.5280898876404494	3	2	1	2.0588	2	1.0294	1.0	True	0.69	3.39
16	21214522	C	T	ZP2	Silent	55	11	66	0.16666666666666666	3	2	1	0.6498	1	0.6498	0.6498	False	0.69	3.39
16	23436192	G	A	COG7	Missense_Mutation	48	20	68	0.29411764705882354	3	2	1	1.1466	1	1.1466	1.0	True	0.69	3.39
16	23492071	C	T	GGA2	Missense_Mutation	48	280	328	0.8536585365853658	7	7	1	6.7427	7	0.9632	0.9632	True	0.69	3.39
16	24802299	C	T	TNRC6A	Missense_Mutation	125	9	134	0.06716417910447761	7	7	2	0.5305	1	0.5305	0.5305	False	0.69	3.39
16	24817006	G	A	TNRC6A	Silent	446	45	491	0.09164969450101833	7	7	2	0.7239	1	0.7239	0.7239	False	0.69	3.39
16	28128716	G	A	XPO6	Missense_Mutation	151	29	180	0.16111111111111112	5	3	2	0.9503	1	0.9503	0.9503	True	0.69	3.39
16	28969930	G	A	NFATC2IP	Intron	23	22	45	0.4888888888888889	3	2	1	1.906	2	0.953	0.953	True	0.69	3.39
16	28975091	C	G	NFATC2IP	Silent	61	16	77	0.2077922077922078	3	2	1	0.8101	1	0.8101	0.8101	False	0.69	3.39
16	29814250	G	A	KIF22	Missense_Mutation	29	26	55	0.4727272727272727	3	2	1	1.843	2	0.9215	0.9215	True	0.69	3.39
16	30390351	C	T	SEPT1	Missense_Mutation	8	13	21	0.6190476190476191	3	2	1	2.4134	2	1.2067	1.0	True	0.69	3.39
16	30390418	C	T	SEPT1	Missense_Mutation	46	12	58	0.20689655172413793	3	2	1	0.8066	1	0.8066	0.8066	False	0.69	3.39
16	30740403	C	T	SRCAP	Silent	55	12	67	0.1791044776119403	3	2	1	0.6982	1	0.6982	0.6982	False	0.69	3.39
16	31004075	G	C	STX1B	3'UTR	12	3	15	0.2	3	2	1	0.7797	1	0.7797	0.7797	False	0.69	3.39
16	31088003	G	T	ZNF646	Nonsense_Mutation	21	19	40	0.475	3	2	1	1.8518	2	0.9259	0.9259	True	0.69	3.39
16	31090756	C	T	ZNF646	Silent	116	41	157	0.2611464968152866	3	2	1	1.0181	1	1.0181	1.0	True	0.69	3.39
16	31142465	G	A	KAT8	3'UTR	5	5	10	0.5	3	2	1	1.9493	2	0.9746	0.9746	True	0.69	3.39
16	46649952	G	A	SHCBP1	Silent	55	22	77	0.2857142857142857	2	2	0	0.8282	1	0.8282	0.8282	False	0.69	3.39
16	50745896	G	A	NOD2	Missense_Mutation	35	16	51	0.3137254901960784	4	3	1	1.5368	2	0.7684	0.7684	False	0.69	3.39
16	53514621	C	G	RBL2	Missense_Mutation	45	94	139	0.6762589928057554	6	5	1	4.6652	5	0.933	0.933	True	0.69	3.39
16	56670854	G	A	MT1M	3'Flank	30	15	45	0.3333333333333333	2	1	1	0.9662	1	0.9662	0.9662	True	0.69	3.39
16	57016076	G	A	CETP	Splice_Site	29	40	69	0.5797101449275363	4	3	1	2.8397	3	0.9466	0.9466	True	0.69	3.39
16	57062240	G	A	NLRC5	Missense_Mutation	129	45	174	0.25862068965517243	4	3	1	1.2669	1	1.2669	1.0	True	0.69	3.39
16	57181557	C	G	CPNE2	Missense_Mutation	16	8	24	0.3333333333333333	2	1	1	0.9662	1	0.9662	0.9662	True	0.69	3.39
16	57416765	C	T	CX3CL1	Missense_Mutation	36	12	48	0.25	2	1	1	0.7246	1	0.7246	0.7246	False	0.69	3.39
16	66945993	C	G	CDH16	Missense_Mutation	24	6	30	0.2	2	1	1	0.5797	1	0.5797	0.5797	False	0.69	3.39
16	67203215	G	C	HSF4	Missense_Mutation	14	6	20	0.3	2	1	1	0.8696	1	0.8696	0.8696	True	0.69	3.39
16	67203774	G	A	HSF4	3'UTR	16	5	21	0.23809523809523808	2	1	1	0.6901	1	0.6901	0.6901	False	0.69	3.39
16	67208208	G	A	NOL3	Missense_Mutation	8	4	12	0.3333333333333333	2	1	1	0.9662	1	0.9662	0.9662	True	0.69	3.39
16	67324826	C	G	KCTD19	Missense_Mutation	11	5	16	0.3125	2	1	1	0.9058	1	0.9058	0.9058	True	0.69	3.39
16	67425101	C	T	TPPP3	5'UTR	6	3	9	0.3333333333333333	2	1	1	0.9662	1	0.9662	0.9662	True	0.69	3.39
16	67865789	C	G	CENPT	Missense_Mutation	12	6	18	0.3333333333333333	2	1	1	0.9662	1	0.9662	0.9662	True	0.69	3.39
16	69385466	C	T	TMED6	Missense_Mutation	48	25	73	0.3424657534246575	2	1	1	0.9927	1	0.9927	0.9927	True	0.69	3.39
16	69726682	C	T	NFAT5	Missense_Mutation	60	18	78	0.23076923076923078	2	1	1	0.6689	1	0.6689	0.6689	False	0.69	3.39
16	70165883	C	T	PDPR	Intron	6	3	9	0.3333333333333333	2	1	1	0.9662	1	0.9662	0.9662	True	0.69	3.39
16	70170094	C	G	PDPR	Intron	20	5	25	0.2	2	1	1	0.5797	1	0.5797	0.5797	False	0.69	3.39
16	70301626	G	A	AARS	Silent	39	18	57	0.3157894736842105	2	1	1	0.9153	1	0.9153	0.9153	True	0.69	3.39
16	70546183	C	T	COG4	Missense_Mutation	32	23	55	0.41818181818181815	2	1	1	1.2121	1	1.2121	1.0	True	0.69	3.39
16	83817067	C	T	CDH13	Silent	42	31	73	0.4246575342465753	2	1	1	1.2309	1	1.2309	1.0	True	0.69	3.39
17	2310396	G	A	AC006435.1	Nonsense_Mutation	23	21	44	0.4772727272727273	3	3	0	1.8607	2	0.9303	0.9303	True	0.69	3.39
17	4045890	G	A	ZZEF1	Silent	4	11	15	0.7333333333333333	3	3	0	2.8589	3	0.953	0.953	True	0.69	3.39
17	4577935	C	T	PELP1	Silent	7	15	22	0.6818181818181818	3	3	0	2.6581	3	0.886	0.886	True	0.69	3.39
17	5058719	G	A	USP6	Missense_Mutation	30	71	101	0.7029702970297029	3	3	0	2.7406	3	0.9135	0.9135	True	0.69	3.39
17	5086360	G	A	ZNF594	Missense_Mutation	91	265	356	0.7443820224719101	3	3	0	2.902	3	0.9673	0.9673	True	0.69	3.39
17	5322700	C	T	NUP88	Missense_Mutation	30	19	49	0.3877551020408163	3	3	0	1.5117	2	0.7558	0.7558	False	0.69	3.39
17	5322772	C	G	NUP88	Missense_Mutation	50	40	90	0.4444444444444444	3	3	0	1.7327	2	0.8663	0.8663	True	0.69	3.39
17	5418329	C	T	NLRP1	Silent	22	20	42	0.47619047619047616	3	3	0	1.8565	2	0.9282	0.9282	True	0.69	3.39
17	6358809	C	T	PITPNM3	Missense_Mutation	5	16	21	0.7619047619047619	3	3	0	2.9703	3	0.9901	0.9901	True	0.69	3.39
17	7129501	G	A	DVL2	Missense_Mutation	43	8	51	0.1568627450980392	3	3	0	0.6115	1	0.6115	0.6115	False	0.69	3.39
17	7145647	C	T	GABARAP	Translation_Start_Site	7	31	38	0.8157894736842105	3	3	0	3.1804	3	1.0601	1.0	True	0.69	3.39
17	7256381	G	A	KCTD11	Silent	6	32	38	0.8421052631578947	3	3	0	3.283	3	1.0943	1.0	True	0.69	3.39
17	7329765	C	G	C17orf74	Missense_Mutation	21	57	78	0.7307692307692307	3	3	0	2.8489	3	0.9496	0.9496	True	0.69	3.39
17	7492785	C	T	SOX15	Silent	10	13	23	0.5652173913043478	3	3	0	2.2035	2	1.1018	1.0	True	0.69	3.39
17	7572986	G	A	TP53	Nonsense_Mutation	24	68	92	0.7391304347826086	3	3	0	2.8815	3	0.9605	0.9605	True	0.69	3.39
17	7577127	C	T	TP53	Missense_Mutation	6	23	29	0.7931034482758621	3	3	0	3.092	3	1.0307	1.0	True	0.69	3.39
17	7702525	C	T	DNAH2	Silent	13	30	43	0.6976744186046512	3	3	0	2.7199	3	0.9066	0.9066	True	0.69	3.39
17	7760451	G	A	LSMD1	Silent	85	35	120	0.2916666666666667	3	3	0	1.1371	1	1.1371	1.0	True	0.69	3.39
17	7792337	G	A	CHD3	Intron	17	52	69	0.7536231884057971	3	3	0	2.938	3	0.9793	0.9793	True	0.69	3.39
17	8508259	C	A	MYH10	Missense_Mutation	67	17	84	0.20238095238095238	3	3	0	0.789	1	0.789	0.789	False	0.69	3.39
17	8725949	G	A	PIK3R6	Silent	24	11	35	0.3142857142857143	3	3	0	1.2253	1	1.2253	1.0	True	0.69	3.39
17	9143161	C	T	NTN1	Missense_Mutation	3	7	10	0.7	2	2	0	2.029	2	1.0145	1.0	True	0.69	3.39
17	15942956	G	C	NCOR1	Missense_Mutation	12	6	18	0.3333333333333333	2	2	0	0.9662	1	0.9662	0.9662	True	0.69	3.39
17	16343359	G	A	TRPV2	3'Flank	22	36	58	0.6206896551724138	2	2	0	1.7991	2	0.8996	0.8996	True	0.69	3.39
17	16703636	G	A	CCDC144A	3'UTR	107	27	134	0.20149253731343283	2	2	0	0.584	1	0.584	0.584	False	0.69	3.39
17	18653396	C	T	FBXW10	Silent	40	34	74	0.4594594594594595	2	2	0	1.3318	1	1.3318	1.0	True	0.69	3.39
17	19708077	C	A	ULK2	Missense_Mutation	20	37	57	0.6491228070175439	2	2	0	1.8815	2	0.9408	0.9408	True	0.69	3.39
17	26696647	G	C	VTN	Nonsense_Mutation	37	10	47	0.2127659574468085	3	2	1	0.8295	1	0.8295	0.8295	False	0.69	3.39
17	26965042	C	G	KIAA0100	Missense_Mutation	32	22	54	0.4074074074074074	3	2	1	1.5883	2	0.7941	0.7941	False	0.69	3.39
17	26967622	C	T	KIAA0100	Silent	81	37	118	0.3135593220338983	3	2	1	1.2224	1	1.2224	1.0	True	0.69	3.39
17	26967681	C	T	KIAA0100	Missense_Mutation	44	24	68	0.35294117647058826	3	2	1	1.376	1	1.376	1.0	True	0.69	3.39
17	26967693	C	T	KIAA0100	Missense_Mutation	37	22	59	0.3728813559322034	3	2	1	1.4537	1	1.4537	1.0	True	0.69	3.39
17	27075418	G	A	TRAF4	Missense_Mutation	21	17	38	0.4473684210526316	3	2	1	1.7441	2	0.872	0.872	True	0.69	3.39
17	27076569	G	A	TRAF4	Missense_Mutation	55	24	79	0.3037974683544304	3	2	1	1.1844	1	1.1844	1.0	True	0.69	3.39
17	27438549	G	A	MYO18A	Silent	34	7	41	0.17073170731707318	7	7	2	1.3485	1	1.3485	1.0	True	0.69	3.39
17	28598396	C	T	BLMH	Missense_Mutation	56	28	84	0.3333333333333333	3	2	1	1.2995	1	1.2995	1.0	True	0.69	3.39
17	28601152	C	T	BLMH	Missense_Mutation	77	23	100	0.23	3	2	1	0.8967	1	0.8967	0.8967	True	0.69	3.39
17	28770948	C	T	CPD	Silent	192	45	237	0.189873417721519	3	2	1	0.7402	1	0.7402	0.7402	False	0.69	3.39
17	30302704	G	A	SUZ12	Missense_Mutation	68	16	84	0.19047619047619047	4	2	2	0.9331	1	0.9331	0.9331	True	0.69	3.39
17	30594838	G	A	RHBDL3	Intron	205	40	245	0.16326530612244897	7	7	2	1.2896	1	1.2896	1.0	True	0.69	3.39
17	33288630	G	A	ZNF830	Silent	79	34	113	0.3008849557522124	3	2	1	1.173	1	1.173	1.0	True	0.69	3.39
17	33690544	C	T	SLFN11	Missense_Mutation	62	56	118	0.4745762711864407	3	2	1	1.8502	2	0.9251	0.9251	True	0.69	3.39
17	34264799	C	G	LYZL6	Missense_Mutation	59	33	92	0.358695652173913	3	2	1	1.3984	1	1.3984	1.0	True	0.69	3.39
17	35297719	C	T	LHX1	Silent	18	6	24	0.25	3	2	1	0.9746	1	0.9746	0.9746	True	0.69	3.39
17	35545234	C	T	ACACA	Missense_Mutation	29	27	56	0.48214285714285715	3	2	1	1.8797	2	0.9398	0.9398	True	0.69	3.39
17	36476600	G	A	MRPL45	Missense_Mutation	118	116	234	0.49572649572649574	3	2	1	1.9326	2	0.9663	0.9663	True	0.69	3.39
17	36486038	C	T	GPR179	Silent	44	35	79	0.4430379746835443	3	2	1	1.7272	2	0.8636	0.8636	True	0.69	3.39
17	37576107	C	G	MED1	Missense_Mutation	70	23	93	0.24731182795698925	3	2	1	0.9642	1	0.9642	0.9642	True	0.69	3.39
17	38175706	C	T	MED24	3'UTR	34	11	45	0.24444444444444444	3	2	1	0.953	1	0.953	0.953	True	0.69	3.39
17	38421182	C	A	WIPF2	Missense_Mutation	124	46	170	0.27058823529411763	3	2	1	1.0549	1	1.0549	1.0	True	0.69	3.39
17	38910644	C	G	KRT25	Missense_Mutation	57	25	82	0.3048780487804878	3	2	1	1.1886	1	1.1886	1.0	True	0.69	3.39
17	39116576	C	G	KRT39	Missense_Mutation	96	38	134	0.2835820895522388	3	2	1	1.1056	1	1.1056	1.0	True	0.69	3.39
17	39137159	C	G	KRT40	Missense_Mutation	102	71	173	0.41040462427745666	3	2	1	1.6	2	0.8	0.8	False	0.69	3.39
17	39183285	C	T	KRTAP1-5	Silent	34	10	44	0.22727272727272727	3	2	1	0.886	1	0.886	0.886	True	0.69	3.39
17	39183317	C	G	KRTAP1-5	Missense_Mutation	20	7	27	0.25925925925925924	3	2	1	1.0107	1	1.0107	1.0	True	0.69	3.39
17	39190696	C	T	KRTAP1-3	Silent	16	16	32	0.5	3	2	1	1.9493	2	0.9746	0.9746	True	0.69	3.39
17	39551521	G	A	KRT31	Silent	90	25	115	0.21739130434782608	3	2	1	0.8475	1	0.8475	0.8475	False	0.69	3.39
17	39981850	C	G	NT5C3B	Missense_Mutation	43	50	93	0.5376344086021505	3	2	1	2.096	2	1.048	1.0	True	0.69	3.39
17	40001428	G	A	KLHL10	Missense_Mutation	41	12	53	0.22641509433962265	3	2	1	0.8827	1	0.8827	0.8827	True	0.69	3.39
17	40069977	C	T	ACLY	Silent	55	17	72	0.2361111111111111	3	2	1	0.9205	1	0.9205	0.9205	True	0.69	3.39
17	40070105	C	T	ACLY	Missense_Mutation	110	37	147	0.25170068027210885	3	2	1	0.9813	1	0.9813	0.9813	True	0.69	3.39
17	40323937	G	A	KCNH4	Missense_Mutation	14	7	21	0.3333333333333333	3	2	1	1.2995	1	1.2995	1.0	True	0.69	3.39
17	40384031	C	G	STAT5B	Missense_Mutation	60	53	113	0.4690265486725664	3	2	1	1.8285	2	0.9143	0.9143	True	0.69	3.39
17	40629672	C	T	ATP6V0A1	Nonsense_Mutation	66	19	85	0.2235294117647059	3	2	1	0.8714	1	0.8714	0.8714	True	0.69	3.39
17	40689536	G	A	NAGLU	Nonsense_Mutation	36	11	47	0.23404255319148937	3	2	1	0.9124	1	0.9124	0.9124	True	0.69	3.39
17	40705437	C	T	HSD17B1	Intron	17	7	24	0.2916666666666667	3	2	1	1.1371	1	1.1371	1.0	True	0.69	3.39
17	40828484	C	T	PLEKHH3	Missense_Mutation	10	4	14	0.2857142857142857	3	2	1	1.1139	1	1.1139	1.0	True	0.69	3.39
17	41020689	C	G	AOC4P	RNA	14	21	35	0.6	3	2	1	2.3391	2	1.1696	1.0	True	0.69	3.39
17	41116252	G	A	PTGES3L-AARSD1	Silent	33	14	47	0.2978723404255319	3	2	1	1.1613	1	1.1613	1.0	True	0.69	3.39
17	42274334	G	A	ATXN7L3	Silent	113	46	159	0.2893081761006289	3	2	1	1.1279	1	1.1279	1.0	True	0.69	3.39
17	42513873	G	C	GPATCH8	Silent	65	47	112	0.41964285714285715	3	2	1	1.636	2	0.818	0.818	False	0.69	3.39
17	42745073	G	C	C17orf104	Silent	31	5	36	0.1388888888888889	3	2	1	0.5415	1	0.5415	0.5415	False	0.69	3.39
17	42745351	G	A	C17orf104	Missense_Mutation	27	5	32	0.15625	3	2	1	0.6091	1	0.6091	0.6091	False	0.69	3.39
17	42928498	G	A	EFTUD2	3'UTR	13	12	25	0.48	3	2	1	1.8713	2	0.9357	0.9357	True	0.69	3.39
17	43226866	C	T	HEXIM1	Silent	8	6	14	0.42857142857142855	3	2	1	1.6708	2	0.8354	0.8354	False	0.69	3.39
17	43246319	G	C	HEXIM2	Intron	126	50	176	0.2840909090909091	3	2	1	1.1075	1	1.1075	1.0	True	0.69	3.39
17	43545870	G	A	PLEKHM1	Missense_Mutation	30	29	59	0.4915254237288136	3	2	1	1.9162	2	0.9581	0.9581	True	0.69	3.39
17	43585443	G	A	LRRC37A4P	3'Flank	34	6	40	0.15	3	2	1	0.5848	1	0.5848	0.5848	False	0.69	3.39
17	45891976	G	A	OSBPL7	Missense_Mutation	22	6	28	0.21428571428571427	3	2	1	0.8354	1	0.8354	0.8354	False	0.69	3.39
17	46606878	C	T	HOXB1	3'UTR	13	13	26	0.5	3	2	1	1.9493	2	0.9746	0.9746	True	0.69	3.39
17	46805665	C	T	HOXB13	Silent	48	44	92	0.4782608695652174	3	2	1	1.8645	2	0.9323	0.9323	True	0.69	3.39
17	47022045	C	T	SNF8	Missense_Mutation	138	52	190	0.2736842105263158	3	2	1	1.067	1	1.067	1.0	True	0.69	3.39
17	48618874	G	A	EPN3	Silent	44	9	53	0.16981132075471697	3	2	1	0.662	1	0.662	0.662	False	0.69	3.39
17	48917453	C	T	WFIKKN2	Silent	37	17	54	0.3148148148148148	3	2	1	1.2273	1	1.2273	1.0	True	0.69	3.39
17	55058443	G	A	SCPEP1	Missense_Mutation	15	22	37	0.5945945945945946	3	2	1	2.3181	2	1.159	1.0	True	0.69	3.39
17	55074400	C	G	SCPEP1	Missense_Mutation	60	14	74	0.1891891891891892	3	2	1	0.7376	1	0.7376	0.7376	False	0.69	3.39
17	55693406	T	C	MSI2	Missense_Mutation	111	39	150	0.26	3	2	1	1.0136	1	1.0136	1.0	True	0.69	3.39
17	56388949	A	C	BZRAP1	Missense_Mutation	45	14	59	0.23728813559322035	3	2	1	0.9251	1	0.9251	0.9251	True	0.69	3.39
17	56408633	C	T	BZRAP1	5'Flank	15	20	35	0.5714285714285714	3	2	1	2.2277	2	1.1139	1.0	True	0.69	3.39
17	56428800	C	T	SUPT4H1	Missense_Mutation	124	27	151	0.17880794701986755	3	2	1	0.6971	1	0.6971	0.6971	False	0.69	3.39
17	56620915	C	T	C17orf47	Silent	145	50	195	0.2564102564102564	3	2	1	0.9996	1	0.9996	0.9996	True	0.69	3.39
17	56650602	A	C	TEX14	Missense_Mutation	221	60	281	0.21352313167259787	3	2	1	0.8324	1	0.8324	0.8324	False	0.69	3.39
17	59067592	G	A	BCAS3	Silent	55	22	77	0.2857142857142857	3	2	1	1.1139	1	1.1139	1.0	True	0.69	3.39
17	60088352	G	A	MED13	Missense_Mutation	89	27	116	0.23275862068965517	3	2	1	0.9074	1	0.9074	0.9074	True	0.69	3.39
17	61781653	G	A	STRADA	Intron	5	9	14	0.6428571428571429	3	2	1	2.5062	2	1.2531	1.0	True	0.69	3.39
17	62892235	C	T	LRRC37A3	Missense_Mutation	175	91	266	0.34210526315789475	3	2	1	1.3337	1	1.3337	1.0	True	0.69	3.39
17	66267782	C	T	SLC16A6	Silent	27	29	56	0.5178571428571429	3	2	1	2.0189	2	1.0094	1.0	True	0.69	3.39
17	67149526	C	A	ABCA10	Silent	113	37	150	0.24666666666666667	3	2	1	0.9616	1	0.9616	0.9616	True	0.69	3.39
17	67170479	T	C	ABCA10	Silent	141	35	176	0.19886363636363635	3	2	1	0.7753	1	0.7753	0.7753	False	0.69	3.39
17	70119040	C	T	SOX9	Silent	44	39	83	0.46987951807228917	3	2	1	1.8318	2	0.9159	0.9159	True	0.69	3.39
17	73016661	G	A	ICT1	Missense_Mutation	49	16	65	0.24615384615384617	3	2	1	0.9596	1	0.9596	0.9596	True	0.69	3.39
17	73132157	G	A	HN1	Silent	65	31	96	0.3229166666666667	3	2	1	1.2589	1	1.2589	1.0	True	0.69	3.39
17	73570949	C	T	LLGL2	Intron	48	22	70	0.3142857142857143	3	2	1	1.2253	1	1.2253	1.0	True	0.69	3.39
17	73998610	C	T	CDK3	Missense_Mutation	27	14	41	0.34146341463414637	3	2	1	1.3312	1	1.3312	1.0	True	0.69	3.39
17	74053483	C	T	SRP68	Splice_Site	46	21	67	0.31343283582089554	3	2	1	1.2219	1	1.2219	1.0	True	0.69	3.39
17	77758613	G	A	CBX2	Silent	7	5	12	0.4166666666666667	3	2	1	1.6244	2	0.8122	0.8122	False	0.69	3.39
17	77770064	G	A	CBX8	Missense_Mutation	115	121	236	0.5127118644067796	3	2	1	1.9988	2	0.9994	0.9994	True	0.69	3.39
17	78039319	G	C	CCDC40	Missense_Mutation	56	13	69	0.18840579710144928	3	2	1	0.7345	1	0.7345	0.7345	False	0.69	3.39
17	78176253	G	A	CARD14	Intron	12	9	21	0.42857142857142855	3	2	1	1.6708	2	0.8354	0.8354	False	0.69	3.39
17	78268536	G	A	RNF213	Missense_Mutation	66	29	95	0.30526315789473685	3	2	1	1.1901	1	1.1901	1.0	True	0.69	3.39
17	79478272	G	A	ACTG1	Silent	78	51	129	0.3953488372093023	3	2	1	1.5413	2	0.7706	0.7706	False	0.69	3.39
17	79803467	G	A	P4HB	Silent	12	11	23	0.4782608695652174	3	2	1	1.8645	2	0.9323	0.9323	True	0.69	3.39
17	79857411	G	A	ANAPC11	Missense_Mutation	28	10	38	0.2631578947368421	3	2	1	1.0259	1	1.0259	1.0	True	0.69	3.39
17	80018633	C	T	DUS1L	Silent	12	5	17	0.29411764705882354	3	2	1	1.1466	1	1.1466	1.0	True	0.69	3.39
17	80018637	C	T	DUS1L	Missense_Mutation	11	5	16	0.3125	3	2	1	1.2183	1	1.2183	1.0	True	0.69	3.39
17	80019230	C	G	DUS1L	Splice_Site	27	5	32	0.15625	3	2	1	0.6091	1	0.6091	0.6091	False	0.69	3.39
17	80574488	G	A	WDR45B	Silent	94	28	122	0.22950819672131148	3	2	1	0.8947	1	0.8947	0.8947	True	0.69	3.39
18	2920390	G	A	LPIN2	Silent	31	18	49	0.3673469387755102	3	2	1	1.4321	1	1.4321	1.0	True	0.69	3.39
18	3814113	C	T	DLGAP1	Missense_Mutation	34	51	85	0.6	3	2	1	2.3391	2	1.1696	1.0	True	0.69	3.39
18	8824703	G	A	SOGA2	Silent	9	15	24	0.625	3	2	1	2.4366	2	1.2183	1.0	True	0.69	3.39
18	9337220	G	A	TWSG1	5'UTR	99	111	210	0.5285714285714286	3	2	1	2.0607	2	1.0303	1.0	True	0.69	3.39
18	9522255	G	A	RALBP1	Silent	56	16	72	0.2222222222222222	3	2	1	0.8663	1	0.8663	0.8663	True	0.69	3.39
18	14478215	C	T	CXADRP3	RNA	20	6	26	0.23076923076923078	3	2	1	0.8997	1	0.8997	0.8997	True	0.69	3.39
18	19110207	T	G	ESCO1	3'UTR	21	22	43	0.5116279069767442	3	2	1	1.9946	2	0.9973	0.9973	True	0.69	3.39
18	19154829	G	C	ESCO1	5'UTR	22	5	27	0.18518518518518517	3	2	1	0.722	1	0.722	0.722	False	0.69	3.39
18	20606179	A	C	RBBP8	Silent	24	31	55	0.5636363636363636	3	2	1	2.1974	2	1.0987	1.0	True	0.69	3.39
18	21148935	C	T	NPC1	Silent	52	19	71	0.2676056338028169	3	2	1	1.0433	1	1.0433	1.0	True	0.69	3.39
18	21479265	G	C	LAMA3	Missense_Mutation	31	12	43	0.27906976744186046	3	2	1	1.088	1	1.088	1.0	True	0.69	3.39
18	23866219	C	T	TAF4B	Missense_Mutation	38	25	63	0.3968253968253968	3	2	1	1.547	2	0.7735	0.7735	False	0.69	3.39
18	29171903	G	A	TTR	Missense_Mutation	34	18	52	0.34615384615384615	2	1	1	1.0033	1	1.0033	1.0	True	0.69	3.39
18	29419348	C	T	TRAPPC8	Missense_Mutation	58	27	85	0.3176470588235294	2	1	1	0.9207	1	0.9207	0.9207	True	0.69	3.39
18	29617112	G	A	RNF125	Silent	157	88	245	0.35918367346938773	2	1	1	1.0411	1	1.0411	1.0	True	0.69	3.39
18	31523073	C	T	NOL4	Missense_Mutation	35	21	56	0.375	2	1	1	1.087	1	1.087	1.0	True	0.69	3.39
18	32391936	G	A	DTNA	Missense_Mutation	46	23	69	0.3333333333333333	2	1	1	0.9662	1	0.9662	0.9662	True	0.69	3.39
18	33722249	G	C	ELP2	Missense_Mutation	65	30	95	0.3157894736842105	2	1	1	0.9153	1	0.9153	0.9153	True	0.69	3.39
18	33722792	G	C	ELP2	Missense_Mutation	47	25	72	0.3472222222222222	2	1	1	1.0064	1	1.0064	1.0	True	0.69	3.39
18	43571884	C	T	PSTPIP2	Missense_Mutation	31	17	48	0.3541666666666667	2	1	1	1.0266	1	1.0266	1.0	True	0.69	3.39
18	55362485	A	C	ATP8B1	Missense_Mutation	49	21	70	0.3	2	1	1	0.8696	1	0.8696	0.8696	True	0.69	3.39
18	55368508	G	A	ATP8B1	Missense_Mutation	27	12	39	0.3076923076923077	2	1	1	0.8919	1	0.8919	0.8919	True	0.69	3.39
18	60985642	G	A	BCL2	Silent	6	3	9	0.3333333333333333	2	1	1	0.9662	1	0.9662	0.9662	True	0.69	3.39
18	61647081	C	T	SERPINB8	Missense_Mutation	70	37	107	0.34579439252336447	2	1	1	1.0023	1	1.0023	1.0	True	0.69	3.39
18	67715352	G	A	RTTN	Missense_Mutation	29	20	49	0.40816326530612246	2	1	1	1.1831	1	1.1831	1.0	True	0.69	3.39
18	72167257	C	T	CNDP2	Missense_Mutation	19	12	31	0.3870967741935484	2	1	1	1.122	1	1.122	1.0	True	0.69	3.39
18	77211716	G	A	NFATC1	Silent	21	13	34	0.38235294117647056	2	1	1	1.1083	1	1.1083	1.0	True	0.69	3.39
19	374361	C	T	THEG	Silent	35	11	46	0.2391304347826087	3	2	1	0.9323	1	0.9323	0.9323	True	0.69	3.39
19	1093966	C	T	POLR2E	Missense_Mutation	15	4	19	0.21052631578947367	3	2	1	0.8207	1	0.8207	0.8207	False	0.69	3.39
19	1453566	G	A	APC2	Silent	15	8	23	0.34782608695652173	3	2	1	1.356	1	1.356	1.0	True	0.69	3.39
19	1461114	G	T	APC2	Missense_Mutation	62	19	81	0.2345679012345679	3	2	1	0.9145	1	0.9145	0.9145	True	0.69	3.39
19	1785654	C	G	ATP8B3	Missense_Mutation	9	12	21	0.5714285714285714	3	2	1	2.2277	2	1.1139	1.0	True	0.69	3.39
19	2194543	G	A	DOT1L	Missense_Mutation	46	18	64	0.28125	3	2	1	1.0965	1	1.0965	1.0	True	0.69	3.39
19	2208972	C	T	DOT1L	Silent	51	27	78	0.34615384615384615	3	2	1	1.3495	1	1.3495	1.0	True	0.69	3.39
19	2852793	A	G	ZNF555	Missense_Mutation	55	18	73	0.2465753424657534	3	2	1	0.9613	1	0.9613	0.9613	True	0.69	3.39
19	3055693	C	G	AES	Missense_Mutation	31	13	44	0.29545454545454547	3	2	1	1.1518	1	1.1518	1.0	True	0.69	3.39
19	3586625	G	A	GIPC3	Missense_Mutation	99	18	117	0.15384615384615385	3	2	1	0.5998	1	0.5998	0.5998	False	0.69	3.39
19	3964647	G	A	DAPK3	Silent	66	22	88	0.25	3	2	1	0.9746	1	0.9746	0.9746	True	0.69	3.39
19	4164618	C	T	CREB3L3	Missense_Mutation	28	20	48	0.4166666666666667	3	2	1	1.6244	2	0.8122	0.8122	False	0.69	3.39
19	4288274	G	A	SHD	Missense_Mutation	44	16	60	0.26666666666666666	3	2	1	1.0396	1	1.0396	1.0	True	0.69	3.39
19	4288325	G	A	SHD	Missense_Mutation	27	8	35	0.22857142857142856	3	2	1	0.8911	1	0.8911	0.8911	True	0.69	3.39
19	6187358	G	A	ACSBG2	Silent	83	22	105	0.20952380952380953	3	2	1	0.8168	1	0.8168	0.8168	False	0.69	3.39
19	6306799	G	A	ACER1	Missense_Mutation	41	11	52	0.21153846153846154	3	2	1	0.8247	1	0.8247	0.8247	False	0.69	3.39
19	6364487	C	T	CLPP	Missense_Mutation	10	4	14	0.2857142857142857	3	2	1	1.1139	1	1.1139	1.0	True	0.69	3.39
19	6468033	C	T	DENND1C	Missense_Mutation	14	9	23	0.391304347826087	3	2	1	1.5255	2	0.7628	0.7628	False	0.69	3.39
19	6746547	G	C	TRIP10	Missense_Mutation	14	7	21	0.3333333333333333	3	2	1	1.2995	1	1.2995	1.0	True	0.69	3.39
19	6829860	C	T	VAV1	Silent	90	24	114	0.21052631578947367	3	2	1	0.8207	1	0.8207	0.8207	False	0.69	3.39
19	7152923	G	A	INSR	Missense_Mutation	50	22	72	0.3055555555555556	3	2	1	1.1912	1	1.1912	1.0	True	0.69	3.39
19	7184523	G	A	INSR	Silent	17	3	20	0.15	3	2	1	0.5848	1	0.5848	0.5848	False	0.69	3.39
19	7531822	G	A	ARHGEF18	Missense_Mutation	62	10	72	0.1388888888888889	3	2	1	0.5415	1	0.5415	0.5415	False	0.69	3.39
19	7743014	C	G	C19orf59	Nonsense_Mutation	143	49	192	0.2552083333333333	3	2	1	0.9949	1	0.9949	0.9949	True	0.69	3.39
19	9325375	G	C	OR7D4	Missense_Mutation	59	14	73	0.1917808219178082	3	2	1	0.7477	1	0.7477	0.7477	False	0.69	3.39
19	9677729	G	A	ZNF121	Silent	62	23	85	0.27058823529411763	3	2	1	1.0549	1	1.0549	1.0	True	0.69	3.39
19	9763894	G	C	ZNF562	Missense_Mutation	135	37	172	0.21511627906976744	3	2	1	0.8386	1	0.8386	0.8386	False	0.69	3.39
19	10230536	C	T	EIF3G	5'UTR	33	11	44	0.25	3	2	1	0.9746	1	0.9746	0.9746	True	0.69	3.39
19	10488945	G	A	TYK2	Silent	28	17	45	0.37777777777777777	3	2	1	1.4728	1	1.4728	1.0	True	0.69	3.39
19	10571772	C	T	PDE4A	Silent	32	6	38	0.15789473684210525	3	2	1	0.6156	1	0.6156	0.6156	False	0.69	3.39
19	10677925	C	T	CDKN2D	Missense_Mutation	114	39	153	0.2549019607843137	3	2	1	0.9937	1	0.9937	0.9937	True	0.69	3.39
19	10793282	G	A	ILF3	Missense_Mutation	21	10	31	0.3225806451612903	3	2	1	1.2576	1	1.2576	1.0	True	0.69	3.39
19	10793285	G	A	ILF3	Missense_Mutation	21	10	31	0.3225806451612903	3	2	1	1.2576	1	1.2576	1.0	True	0.69	3.39
19	10793287	G	A	ILF3	Silent	21	10	31	0.3225806451612903	3	2	1	1.2576	1	1.2576	1.0	True	0.69	3.39
19	11040318	G	A	C19orf52	Silent	11	15	26	0.5769230769230769	3	2	1	2.2492	2	1.1246	1.0	True	0.69	3.39
19	11319653	G	A	DOCK6	Silent	10	5	15	0.3333333333333333	3	2	1	1.2995	1	1.2995	1.0	True	0.69	3.39
19	11493835	G	A	EPOR	Silent	21	7	28	0.25	3	2	1	0.9746	1	0.9746	0.9746	True	0.69	3.39
19	11541826	C	T	CCDC151	Missense_Mutation	140	33	173	0.1907514450867052	3	2	1	0.7437	1	0.7437	0.7437	False	0.69	3.39
19	11545897	C	T	CCDC151	5'UTR	26	13	39	0.3333333333333333	3	2	1	1.2995	1	1.2995	1.0	True	0.69	3.39
19	11545908	C	T	CCDC151	5'UTR	19	19	38	0.5	3	2	1	1.9493	2	0.9746	0.9746	True	0.69	3.39
19	11546865	G	A	PRKCSH	5'UTR	12	16	28	0.5714285714285714	3	2	1	2.2277	2	1.1139	1.0	True	0.69	3.39
19	11616941	C	T	ECSIT	3'UTR	121	28	149	0.18791946308724833	3	2	1	0.7326	1	0.7326	0.7326	False	0.69	3.39
19	11687879	C	G	ACP5	Missense_Mutation	44	11	55	0.2	3	2	1	0.7797	1	0.7797	0.7797	False	0.69	3.39
19	12076012	G	A	ZNF763	5'UTR	13	6	19	0.3157894736842105	3	2	1	1.2311	1	1.2311	1.0	True	0.69	3.39
19	12273921	G	A	ZNF136	5'UTR	31	13	44	0.29545454545454547	3	2	1	1.1518	1	1.1518	1.0	True	0.69	3.39
19	12885514	G	A	HOOK2	Missense_Mutation	29	16	45	0.35555555555555557	3	2	1	1.3862	1	1.3862	1.0	True	0.69	3.39
19	12958498	G	A	MAST1	Silent	19	11	30	0.36666666666666664	3	2	1	1.4295	1	1.4295	1.0	True	0.69	3.39
19	13246852	C	T	NACC1	Silent	12	17	29	0.5862068965517241	3	2	1	2.2854	2	1.1427	1.0	True	0.69	3.39
19	13264058	C	T	IER2	Missense_Mutation	6	5	11	0.45454545454545453	3	2	1	1.7721	2	0.886	0.886	True	0.69	3.39
19	13325339	C	G	CACNA1A	Missense_Mutation	13	8	21	0.38095238095238093	3	2	1	1.4852	1	1.4852	1.0	True	0.69	3.39
19	13470507	C	T	CACNA1A	Silent	9	3	12	0.25	3	2	1	0.9746	1	0.9746	0.9746	True	0.69	3.39
19	14507162	G	A	CD97	Missense_Mutation	84	24	108	0.2222222222222222	3	2	1	0.8663	1	0.8663	0.8663	True	0.69	3.39
19	14991344	G	A	OR7A17	Missense_Mutation	78	28	106	0.2641509433962264	3	2	1	1.0298	1	1.0298	1.0	True	0.69	3.39
19	15648197	C	T	CYP4F22	Silent	82	23	105	0.21904761904761905	3	2	1	0.854	1	0.854	0.854	True	0.69	3.39
19	16535906	G	A	EPS15L1	Silent	67	17	84	0.20238095238095238	3	2	1	0.789	1	0.789	0.789	False	0.69	3.39
19	17160658	C	T	HAUS8	3'UTR	131	46	177	0.2598870056497175	3	2	1	1.0132	1	1.0132	1.0	True	0.69	3.39
19	17339098	G	T	OCEL1	Nonsense_Mutation	96	35	131	0.26717557251908397	3	2	1	1.0416	1	1.0416	1.0	True	0.69	3.39
19	17375060	G	A	USHBP1	Missense_Mutation	21	4	25	0.16	3	2	1	0.6238	1	0.6238	0.6238	False	0.69	3.39
19	17476312	G	A	PLVAP	Missense_Mutation	35	8	43	0.18604651162790697	3	2	1	0.7253	1	0.7253	0.7253	False	0.69	3.39
19	17608118	G	A	SLC27A1	Missense_Mutation	18	6	24	0.25	3	2	1	0.9746	1	0.9746	0.9746	True	0.69	3.39
19	17942579	C	T	JAK3	Silent	19	8	27	0.2962962962962963	3	2	1	1.1551	1	1.1551	1.0	True	0.69	3.39
19	19313597	C	T	NR2C2AP	Intron	27	7	34	0.20588235294117646	3	2	1	0.8026	1	0.8026	0.8026	False	0.69	3.39
19	19359535	G	T	NCAN	Nonsense_Mutation	24	7	31	0.22580645161290322	3	2	1	0.8803	1	0.8803	0.8803	True	0.69	3.39
19	19420949	G	A	SUGP1	Silent	67	16	83	0.1927710843373494	3	2	1	0.7515	1	0.7515	0.7515	False	0.69	3.39
19	19675894	G	A	PBX4	Missense_Mutation	135	125	260	0.4807692307692308	3	2	1	1.8743	2	0.9372	0.9372	True	0.69	3.39
19	21607496	C	G	ZNF493	Missense_Mutation	37	6	43	0.13953488372093023	3	2	1	0.544	1	0.544	0.544	False	0.69	3.39
19	21607848	C	T	ZNF493	3'UTR	29	18	47	0.3829787234042553	3	2	1	1.4931	1	1.4931	1.0	True	0.69	3.39
19	21719352	G	C	ZNF429	Missense_Mutation	54	7	61	0.11475409836065574	3	2	1	0.4474	1	0.4474	0.4474	False	0.69	3.39
19	22364107	C	T	ZNF676	Missense_Mutation	111	22	133	0.16541353383458646	3	2	1	0.6449	1	0.6449	0.6449	False	0.69	3.39
19	23405538	C	T	ZNF724P	Silent	58	11	69	0.15942028985507245	3	2	1	0.6215	1	0.6215	0.6215	False	0.69	3.39
19	23544693	G	A	ZNF91	Missense_Mutation	117	21	138	0.15217391304347827	3	2	1	0.5933	1	0.5933	0.5933	False	0.69	3.39
19	24309428	C	T	ZNF254	Missense_Mutation	68	22	90	0.24444444444444444	3	2	1	0.953	1	0.953	0.953	True	0.69	3.39
19	32845546	G	A	ZNF507	Missense_Mutation	43	6	49	0.12244897959183673	3	2	1	0.4774	1	0.4774	0.4774	False	0.69	3.39
19	33467474	C	T	C19orf40	Silent	119	29	148	0.19594594594594594	3	2	1	0.7639	1	0.7639	0.7639	False	0.69	3.39
19	33579137	C	T	GPATCH1	Silent	63	27	90	0.3	3	2	1	1.1696	1	1.1696	1.0	True	0.69	3.39
19	33792439	G	T	CEBPA	Silent	27	9	36	0.25	3	2	1	0.9746	1	0.9746	0.9746	True	0.69	3.39
19	33792440	A	T	CEBPA	Missense_Mutation	28	8	36	0.2222222222222222	3	2	1	0.8663	1	0.8663	0.8663	True	0.69	3.39
19	35175770	G	A	ZNF302	Silent	72	19	91	0.2087912087912088	3	2	1	0.814	1	0.814	0.814	False	0.69	3.39
19	35451187	C	T	ZNF792	Missense_Mutation	37	9	46	0.1956521739130435	3	2	1	0.7628	1	0.7628	0.7628	False	0.69	3.39
19	35512680	G	A	GRAMD1A	Silent	20	8	28	0.2857142857142857	3	2	1	1.1139	1	1.1139	1.0	True	0.69	3.39
19	36278895	C	T	ARHGAP33	Missense_Mutation	8	3	11	0.2727272727272727	3	2	1	1.0632	1	1.0632	1.0	True	0.69	3.39
19	36590419	A	G	WDR62	Missense_Mutation	48	33	81	0.4074074074074074	3	2	1	1.5883	2	0.7941	0.7941	False	0.69	3.39
19	36673778	C	T	ZNF565	Missense_Mutation	74	32	106	0.3018867924528302	3	2	1	1.1769	1	1.1769	1.0	True	0.69	3.39
19	38597188	G	A	SIPA1L3	Missense_Mutation	108	9	117	0.07692307692307693	3	2	1	0.2999	1	0.2999	0.2999	False	0.69	3.39
19	39734518	C	G	IFNL3	Missense_Mutation	14	10	24	0.4166666666666667	4	2	2	2.0411	2	1.0205	1.0	True	0.69	3.39
19	39734756	C	T	IFNL3	Silent	23	19	42	0.4523809523809524	4	2	2	2.216	2	1.108	1.0	True	0.69	3.39
19	39868130	G	A	SAMD4B	Silent	63	18	81	0.2222222222222222	4	2	2	1.0886	1	1.0886	1.0	True	0.69	3.39
19	39926340	C	T	RPS16	Silent	32	4	36	0.1111111111111111	4	2	2	0.5443	1	0.5443	0.5443	False	0.69	3.39
19	39965239	G	T	SUPT5H	Missense_Mutation	33	20	53	0.37735849056603776	4	2	2	1.8485	2	0.9243	0.9243	True	0.69	3.39
19	39971296	G	A	TIMM50	Missense_Mutation	42	11	53	0.20754716981132076	4	2	2	1.0167	1	1.0167	1.0	True	0.69	3.39
19	40097960	C	T	LGALS13	Missense_Mutation	54	43	97	0.44329896907216493	4	2	2	2.1715	2	1.0858	1.0	True	0.69	3.39
19	40370212	C	T	FCGBP	Missense_Mutation	116	19	135	0.14074074074074075	4	2	2	0.6894	1	0.6894	0.6894	False	0.69	3.39
19	40398259	G	A	FCGBP	Silent	8	6	14	0.42857142857142855	4	2	2	2.0994	2	1.0497	1.0	True	0.69	3.39
19	40433739	G	A	FCGBP	Missense_Mutation	61	53	114	0.4649122807017544	4	2	2	2.2774	2	1.1387	1.0	True	0.69	3.39
19	40542198	C	T	ZNF780B	Missense_Mutation	107	13	120	0.10833333333333334	4	2	2	0.5307	1	0.5307	0.5307	False	0.69	3.39
19	40542207	G	A	ZNF780B	Missense_Mutation	108	14	122	0.11475409836065574	4	2	2	0.5621	1	0.5621	0.5621	False	0.69	3.39
19	40715101	C	T	MAP3K10	Silent	57	38	95	0.4	4	2	2	1.9594	2	0.9797	0.9797	True	0.69	3.39
19	40947819	G	A	SERTAD3	Missense_Mutation	11	5	16	0.3125	4	2	2	1.5308	2	0.7654	0.7654	False	0.69	3.39
19	41008759	G	A	SPTBN4	Silent	74	51	125	0.408	4	2	2	1.9986	2	0.9993	0.9993	True	0.69	3.39
19	41088265	C	T	SHKBP1	Missense_Mutation	96	22	118	0.1864406779661017	4	2	2	0.9133	1	0.9133	0.9133	True	0.69	3.39
19	41117097	G	A	LTBP4	Missense_Mutation	38	6	44	0.13636363636363635	4	2	2	0.668	1	0.668	0.668	False	0.69	3.39
19	41118028	G	A	LTBP4	Silent	15	5	20	0.25	4	2	2	1.2246	1	1.2246	1.0	True	0.69	3.39
19	41349839	G	A	CYP2A6	Silent	54	8	62	0.12903225806451613	4	2	2	0.6321	1	0.6321	0.6321	False	0.69	3.39
19	42557979	C	T	GRIK5	Missense_Mutation	30	5	35	0.14285714285714285	4	2	2	0.6998	1	0.6998	0.6998	False	0.69	3.39
19	42584118	G	C	ZNF574	Missense_Mutation	43	38	81	0.4691358024691358	4	2	2	2.2981	2	1.149	1.0	True	0.69	3.39
19	42827892	C	G	TMEM145	Missense_Mutation	48	11	59	0.1864406779661017	4	2	2	0.9133	1	0.9133	0.9133	True	0.69	3.39
19	42854308	C	T	MEGF8	Silent	90	14	104	0.1346153846153846	4	2	2	0.6594	1	0.6594	0.6594	False	0.69	3.39
19	42930623	C	G	LIPE	Missense_Mutation	137	48	185	0.2594594594594595	4	2	2	1.271	1	1.271	1.0	True	0.69	3.39
19	43032605	C	T	CEACAM1	5'UTR	16	3	19	0.15789473684210525	4	2	2	0.7735	1	0.7735	0.7735	False	0.69	3.39
19	43428961	C	T	PSG7	Silent	89	20	109	0.1834862385321101	4	2	2	0.8988	1	0.8988	0.8988	True	0.69	3.39
19	43866321	G	T	CD177	3'UTR	81	9	90	0.1	4	2	2	0.4899	1	0.4899	0.4899	False	0.69	3.39
19	44302740	C	T	LYPD5	Silent	56	10	66	0.15151515151515152	4	2	2	0.7422	1	0.7422	0.7422	False	0.69	3.39
19	44351438	C	T	ZNF283	Missense_Mutation	65	37	102	0.3627450980392157	4	2	2	1.7769	2	0.8885	0.8885	True	0.69	3.39
19	44514653	C	G	ZNF230	Missense_Mutation	150	33	183	0.18032786885245902	4	2	2	0.8833	1	0.8833	0.8833	True	0.69	3.39
19	44585289	C	T	ZNF284	Missense_Mutation	88	48	136	0.35294117647058826	4	2	2	1.7289	2	0.8645	0.8645	True	0.69	3.39
19	44676255	C	T	ZNF226	Silent	107	58	165	0.3515151515151515	4	2	2	1.7219	2	0.861	0.861	True	0.69	3.39
19	45391385	G	C	PVRL2	Missense_Mutation	81	19	100	0.19	4	2	2	0.9307	1	0.9307	0.9307	True	0.69	3.39
19	45873455	T	C	ERCC2	Missense_Mutation	29	13	42	0.30952380952380953	4	2	2	1.5162	2	0.7581	0.7581	False	0.69	3.39
19	45971689	G	A	FOSB	5'UTR	19	17	36	0.4722222222222222	4	2	2	2.3132	2	1.1566	1.0	True	0.69	3.39
19	45988916	G	C	RTN2	3'UTR	35	14	49	0.2857142857142857	4	2	2	1.3996	1	1.3996	1.0	True	0.69	3.39
19	46271356	G	A	SIX5	Silent	16	5	21	0.23809523809523808	4	2	2	1.1663	1	1.1663	1.0	True	0.69	3.39
19	46375902	C	T	FOXA3	Silent	16	9	25	0.36	4	2	2	1.7635	2	0.8817	0.8817	True	0.69	3.39
19	46997390	C	T	PNMAL2	Missense_Mutation	56	31	87	0.3563218390804598	4	2	2	1.7455	2	0.8727	0.8727	True	0.69	3.39
19	47151862	T	C	DACT3	Silent	80	15	95	0.15789473684210525	4	2	2	0.7735	1	0.7735	0.7735	False	0.69	3.39
19	47910774	G	A	MEIS3	Missense_Mutation	25	5	30	0.16666666666666666	4	2	2	0.8164	1	0.8164	0.8164	False	0.69	3.39
19	49334955	C	T	HSD17B14	Silent	103	22	125	0.176	4	2	2	0.8621	1	0.8621	0.8621	True	0.69	3.39
19	49469600	G	T	FTL	Missense_Mutation	31	26	57	0.45614035087719296	4	2	2	2.2344	2	1.1172	1.0	True	0.69	3.39
19	49846565	C	T	TEAD2	Missense_Mutation	68	23	91	0.25274725274725274	4	2	2	1.2381	1	1.2381	1.0	True	0.69	3.39
19	50191558	C	T	PRMT1	3'UTR	13	10	23	0.43478260869565216	4	2	2	2.1298	2	1.0649	1.0	True	0.69	3.39
19	50243401	C	T	TSKS	Missense_Mutation	83	20	103	0.1941747572815534	4	2	2	0.9512	1	0.9512	0.9512	True	0.69	3.39
19	50245148	C	G	TSKS	Missense_Mutation	79	46	125	0.368	4	2	2	1.8027	2	0.9013	0.9013	True	0.69	3.39
19	50393764	C	T	IL4I1	Silent	14	3	17	0.17647058823529413	4	2	2	0.8645	1	0.8645	0.8645	True	0.69	3.39
19	50412045	C	A	NUP62	Missense_Mutation	108	66	174	0.3793103448275862	4	2	2	1.8581	2	0.929	0.929	True	0.69	3.39
19	51009492	C	T	JOSD2	Missense_Mutation	44	6	50	0.12	4	2	2	0.5878	1	0.5878	0.5878	False	0.69	3.39
19	51219555	C	G	SHANK1	Missense_Mutation	83	50	133	0.37593984962406013	6	4	2	2.5934	3	0.8645	0.8645	True	0.69	3.39
19	51527533	G	T	KLK11	Silent	57	59	116	0.5086206896551724	6	4	2	3.5087	4	0.8772	0.8772	True	0.69	3.39
19	51920200	C	T	SIGLEC10	Silent	80	94	174	0.5402298850574713	6	4	2	3.7268	4	0.9317	0.9317	True	0.69	3.39
19	52498046	G	A	ZNF615	Nonsense_Mutation	153	22	175	0.12571428571428572	7	5	2	0.993	1	0.993	0.993	True	0.69	3.39
19	52568426	G	A	ZNF841	Silent	63	9	72	0.125	7	5	2	0.9873	1	0.9873	0.9873	True	0.69	3.39
19	52618287	G	A	ZNF616	Silent	369	50	419	0.11933174224343675	7	5	2	0.9425	1	0.9425	0.9425	True	0.69	3.39
19	52659824	G	A	ZNF836	Missense_Mutation	84	34	118	0.288135593220339	7	5	2	2.2759	2	1.1379	1.0	True	0.69	3.39
19	52663830	G	A	ZNF836	Silent	177	20	197	0.10152284263959391	7	5	2	0.8019	1	0.8019	0.8019	False	0.69	3.39
19	52937222	C	A	ZNF534	Missense_Mutation	165	15	180	0.08333333333333333	7	5	2	0.6582	1	0.6582	0.6582	False	0.69	3.39
19	53014288	C	G	ZNF578	Silent	218	27	245	0.11020408163265306	7	5	2	0.8705	1	0.8705	0.8705	True	0.69	3.39
19	53384869	G	C	ZNF320	Missense_Mutation	209	15	224	0.06696428571428571	7	5	2	0.5289	1	0.5289	0.5289	False	0.69	3.39
19	53644301	C	T	ZNF347	Missense_Mutation	363	46	409	0.11246943765281174	7	5	2	0.8883	1	0.8883	0.8883	True	0.69	3.39
19	53656992	G	A	ZNF347	Silent	251	31	282	0.1099290780141844	7	5	2	0.8683	1	0.8683	0.8683	True	0.69	3.39
19	54185411	G	T	MIR519C	5'Flank	112	24	136	0.17647058823529413	7	5	2	1.3939	1	1.3939	1.0	True	0.69	3.39
19	54201673	C	T	MIR523	RNA	168	23	191	0.12041884816753927	7	5	2	0.9511	1	0.9511	0.9511	True	0.69	3.39
19	54257304	C	G	MIR527	RNA	283	43	326	0.13190184049079753	7	5	2	1.0418	1	1.0418	1.0	True	0.69	3.39
19	54628017	C	T	PRPF31	Silent	69	7	76	0.09210526315789473	7	5	2	0.7275	1	0.7275	0.7275	False	0.69	3.39
19	54649696	G	T	CNOT3	Nonsense_Mutation	87	22	109	0.2018348623853211	7	5	2	1.5942	2	0.7971	0.7971	False	0.69	3.39
19	54664083	C	T	TMC4	Missense_Mutation	245	31	276	0.11231884057971014	7	5	2	0.8872	1	0.8872	0.8872	True	0.69	3.39
19	54666432	G	A	TMC4	Silent	37	4	41	0.0975609756097561	7	5	2	0.7706	1	0.7706	0.7706	False	0.69	3.39
19	54973372	G	A	LENG9	Silent	102	97	199	0.48743718592964824	7	5	2	3.85	4	0.9625	0.9625	True	0.69	3.39
19	55508802	G	A	NLRP2	Silent	167	198	365	0.5424657534246575	7	5	2	4.2847	4	1.0712	1.0	True	0.69	3.39
19	55670468	G	A	DNAAF3	Missense_Mutation	32	52	84	0.6190476190476191	7	5	2	4.8896	5	0.9779	0.9779	True	0.69	3.39
19	55686347	G	C	SYT5	Missense_Mutation	31	69	100	0.69	7	5	2	5.45	5	1.09	1.0	True	0.69	3.39
19	55912936	G	A	UBE2S	Silent	33	4	37	0.10810810810810811	7	5	2	0.8539	1	0.8539	0.8539	True	0.69	3.39
19	55993070	C	T	ZNF628	Silent	39	5	44	0.11363636363636363	7	5	2	0.8976	1	0.8976	0.8976	True	0.69	3.39
19	56369323	C	A	NLRP4	Missense_Mutation	232	21	253	0.08300395256916997	7	5	2	0.6556	1	0.6556	0.6556	False	0.69	3.39
19	56925325	C	T	ZNF583	Intron	355	38	393	0.09669211195928754	7	5	2	0.7637	1	0.7637	0.7637	False	0.69	3.39
19	57132856	C	G	ZNF71	Silent	73	9	82	0.10975609756097561	7	5	2	0.8669	1	0.8669	0.8669	True	0.69	3.39
19	57665708	G	C	DUXA	3'UTR	53	9	62	0.14516129032258066	7	5	2	1.1466	1	1.1466	1.0	True	0.69	3.39
19	57743573	G	C	AURKC	Missense_Mutation	103	8	111	0.07207207207207207	7	5	2	0.5693	1	0.5693	0.5693	False	0.69	3.39
19	57911012	G	C	ZNF548	Missense_Mutation	112	13	125	0.104	7	5	2	0.8214	1	0.8214	0.8214	False	0.69	3.39
19	57988846	C	T	ZNF772	5'UTR	27	6	33	0.18181818181818182	7	5	2	1.4361	1	1.4361	1.0	True	0.69	3.39
19	58187526	C	A	ZSCAN4	Missense_Mutation	123	19	142	0.13380281690140844	7	5	2	1.0568	1	1.0568	1.0	True	0.69	3.39
19	58421054	C	T	ZNF417	Missense_Mutation	71	35	106	0.330188679245283	3	2	1	1.2873	1	1.2873	1.0	True	0.69	3.39
19	58452322	G	A	ZNF256	Silent	80	22	102	0.21568627450980393	3	2	1	0.8409	1	0.8409	0.8409	False	0.69	3.39
19	58453721	C	G	ZNF256	Missense_Mutation	107	34	141	0.24113475177304963	3	2	1	0.9401	1	0.9401	0.9401	True	0.69	3.39
19	58639131	C	T	ZNF329	3'UTR	17	9	26	0.34615384615384615	3	2	1	1.3495	1	1.3495	1.0	True	0.69	3.39
19	58773587	C	G	ZNF544	Missense_Mutation	52	59	111	0.5315315315315315	3	2	1	2.0722	2	1.0361	1.0	True	0.69	3.39
19	58858336	G	A	A1BG	3'UTR	17	19	36	0.5277777777777778	3	2	1	2.0576	2	1.0288	1.0	True	0.69	3.39
20	947851	G	A	RSPO4	Silent	29	10	39	0.2564102564102564	4	2	2	1.256	1	1.256	1.0	True	0.69	3.39
20	1629746	C	T	SIRPG	Missense_Mutation	171	48	219	0.2191780821917808	4	2	2	1.0737	1	1.0737	1.0	True	0.69	3.39
20	2413155	C	T	TGM6	Nonsense_Mutation	66	19	85	0.2235294117647059	4	2	2	1.095	1	1.095	1.0	True	0.69	3.39
20	2795712	G	C	C20orf141	5'UTR	11	11	22	0.5	4	2	2	2.4493	2	1.2246	1.0	True	0.69	3.39
20	2945569	G	C	PTPRA	Missense_Mutation	73	32	105	0.3047619047619048	4	2	2	1.4929	1	1.4929	1.0	True	0.69	3.39
20	2968991	G	A	PTPRA	Silent	87	24	111	0.21621621621621623	4	2	2	1.0591	1	1.0591	1.0	True	0.69	3.39
20	3649545	C	T	ADAM33	3'UTR	99	13	112	0.11607142857142858	4	2	2	0.5686	1	0.5686	0.5686	False	0.69	3.39
20	3655675	G	A	ADAM33	Missense_Mutation	20	10	30	0.3333333333333333	4	2	2	1.6329	2	0.8164	0.8164	False	0.69	3.39
20	3891268	G	A	PANK2	Silent	120	71	191	0.3717277486910995	4	2	2	1.8209	2	0.9105	0.9105	True	0.69	3.39
20	4202235	C	T	ADRA1D	Missense_Mutation	36	6	42	0.14285714285714285	4	2	2	0.6998	1	0.6998	0.6998	False	0.69	3.39
20	5556510	G	C	GPCPD1	Missense_Mutation	133	31	164	0.18902439024390244	4	2	2	0.9259	1	0.9259	0.9259	True	0.69	3.39
20	5935298	G	C	MCM8	Missense_Mutation	76	17	93	0.1827956989247312	4	2	2	0.8954	1	0.8954	0.8954	True	0.69	3.39
20	10620096	G	A	JAG1	3'UTR	93	22	115	0.19130434782608696	4	2	2	0.9371	1	0.9371	0.9371	True	0.69	3.39
20	10625512	C	T	JAG1	Silent	98	52	150	0.3466666666666667	4	2	2	1.6982	2	0.8491	0.8491	False	0.69	3.39
20	13550189	C	T	TASP1	Missense_Mutation	108	25	133	0.18796992481203006	4	2	2	0.9208	1	0.9208	0.9208	True	0.69	3.39
20	16348186	C	T	KIF16B	Missense_Mutation	76	19	95	0.2	4	2	2	0.9797	1	0.9797	0.9797	True	0.69	3.39
20	16362382	C	T	KIF16B	Missense_Mutation	46	10	56	0.17857142857142858	4	2	2	0.8747	1	0.8747	0.8747	True	0.69	3.39
20	17479526	G	A	BFSP1	Nonsense_Mutation	25	19	44	0.4318181818181818	4	2	2	2.1153	2	1.0576	1.0	True	0.69	3.39
20	17950541	C	G	MGME1	Silent	85	21	106	0.19811320754716982	4	2	2	0.9705	1	0.9705	0.9705	True	0.69	3.39
20	18162455	C	T	CSRP2BP	Silent	120	20	140	0.14285714285714285	4	2	2	0.6998	1	0.6998	0.6998	False	0.69	3.39
20	19565642	G	A	SLC24A3	Missense_Mutation	77	20	97	0.20618556701030927	4	2	2	1.01	1	1.01	1.0	True	0.69	3.39
20	21687492	G	A	PAX1	Missense_Mutation	12	9	21	0.42857142857142855	4	2	2	2.0994	2	1.0497	1.0	True	0.69	3.39
20	23549008	T	C	CST9L	Missense_Mutation	34	18	52	0.34615384615384615	4	2	2	1.6957	2	0.8478	0.8478	False	0.69	3.39
20	23728490	C	G	CST1	Missense_Mutation	43	13	56	0.23214285714285715	4	2	2	1.1372	1	1.1372	1.0	True	0.69	3.39
20	24994205	G	A	ACSS1	Nonsense_Mutation	18	5	23	0.21739130434782608	4	2	2	1.0649	1	1.0649	1.0	True	0.69	3.39
20	25426654	C	T	GINS1	3'UTR	19	17	36	0.4722222222222222	4	2	2	2.3132	2	1.1566	1.0	True	0.69	3.39
20	30037947	C	A	DEFB123	Nonsense_Mutation	80	16	96	0.16666666666666666	4	2	2	0.8164	1	0.8164	0.8164	False	0.69	3.39
20	30309932	C	T	BCL2L1	Silent	80	64	144	0.4444444444444444	4	2	2	2.1771	2	1.0886	1.0	True	0.69	3.39
20	30432733	C	T	FOXS1	Missense_Mutation	37	4	41	0.0975609756097561	4	2	2	0.4779	1	0.4779	0.4779	False	0.69	3.39
20	30556321	G	A	XKR7	Missense_Mutation	10	8	18	0.4444444444444444	4	2	2	2.1771	2	1.0886	1.0	True	0.69	3.39
20	30745699	G	A	TM9SF4	Missense_Mutation	92	58	150	0.38666666666666666	4	2	2	1.8941	2	0.9471	0.9471	True	0.69	3.39
20	31946862	G	C	CDK5RAP1	Missense_Mutation	90	14	104	0.1346153846153846	4	2	2	0.6594	1	0.6594	0.6594	False	0.69	3.39
20	32005554	C	T	SNTA1	Silent	52	23	75	0.30666666666666664	4	2	2	1.5022	2	0.7511	0.7511	False	0.69	3.39
20	32251342	G	A	C20orf144	Missense_Mutation	18	3	21	0.14285714285714285	4	2	2	0.6998	1	0.6998	0.6998	False	0.69	3.39
20	33077105	G	A	ITCH	Missense_Mutation	95	31	126	0.24603174603174602	4	2	2	1.2052	1	1.2052	1.0	True	0.69	3.39
20	33114076	G	A	DYNLRB1	Missense_Mutation	37	5	42	0.11904761904761904	4	2	2	0.5832	1	0.5832	0.5832	False	0.69	3.39
20	33346669	C	T	NCOA6	Missense_Mutation	96	21	117	0.1794871794871795	4	2	2	0.8792	1	0.8792	0.8792	True	0.69	3.39
20	33533875	G	A	GSS	Silent	140	27	167	0.16167664670658682	4	2	2	0.792	1	0.792	0.792	False	0.69	3.39
20	33591402	G	C	TRPC4AP	Silent	27	5	32	0.15625	4	2	2	0.7654	1	0.7654	0.7654	False	0.69	3.39
20	33872046	G	A	EIF6	Silent	62	15	77	0.19480519480519481	4	2	2	0.9543	1	0.9543	0.9543	True	0.69	3.39
20	33879833	C	T	FAM83C	Missense_Mutation	51	9	60	0.15	4	2	2	0.7348	1	0.7348	0.7348	False	0.69	3.39
20	34057761	G	A	CEP250	Missense_Mutation	61	36	97	0.3711340206185567	4	2	2	1.818	2	0.909	0.909	True	0.69	3.39
20	34322864	G	T	RBM39	Intron	20	6	26	0.23076923076923078	4	2	2	1.1304	1	1.1304	1.0	True	0.69	3.39
20	35627227	G	A	RBL1	Nonsense_Mutation	89	60	149	0.40268456375838924	4	2	2	1.9726	2	0.9863	0.9863	True	0.69	3.39
20	37353482	G	A	SLC32A1	Missense_Mutation	28	4	32	0.125	4	2	2	0.6123	1	0.6123	0.6123	False	0.69	3.39
20	37576568	G	A	FAM83D	Missense_Mutation	130	36	166	0.21686746987951808	4	2	2	1.0623	1	1.0623	1.0	True	0.69	3.39
20	37576605	G	A	FAM83D	Silent	112	18	130	0.13846153846153847	4	2	2	0.6783	1	0.6783	0.6783	False	0.69	3.39
20	39990348	C	T	EMILIN3	Missense_Mutation	37	30	67	0.44776119402985076	4	2	2	2.1934	2	1.0967	1.0	True	0.69	3.39
20	42143223	G	A	L3MBTL1	Intron	7	5	12	0.4166666666666667	4	2	2	2.0411	2	1.0205	1.0	True	0.69	3.39
20	43571786	C	T	TOMM34	Silent	78	14	92	0.15217391304347827	4	2	2	0.7454	1	0.7454	0.7454	False	0.69	3.39
20	43623860	G	A	STK4	Missense_Mutation	77	20	97	0.20618556701030927	4	2	2	1.01	1	1.01	1.0	True	0.69	3.39
20	44236675	G	A	WFDC9	3'UTR	170	29	199	0.1457286432160804	4	2	2	0.7139	1	0.7139	0.7139	False	0.69	3.39
20	44330765	G	A	WFDC13	Translation_Start_Site	15	6	21	0.2857142857142857	4	2	2	1.3996	1	1.3996	1.0	True	0.69	3.39
20	44879800	G	A	CDH22	Missense_Mutation	15	3	18	0.16666666666666666	4	2	2	0.8164	1	0.8164	0.8164	False	0.69	3.39
20	45976605	G	A	ZMYND8	Missense_Mutation	105	59	164	0.3597560975609756	4	2	2	1.7623	2	0.8811	0.8811	True	0.69	3.39
20	47649787	A	G	ARFGEF2	3'UTR	22	19	41	0.4634146341463415	4	2	2	2.2701	2	1.135	1.0	True	0.69	3.39
20	47675013	G	A	CSE1L	Missense_Mutation	104	19	123	0.15447154471544716	4	2	2	0.7567	1	0.7567	0.7567	False	0.69	3.39
20	48466215	C	T	SLC9A8	Nonsense_Mutation	56	29	85	0.3411764705882353	4	2	2	1.6713	2	0.8356	0.8356	False	0.69	3.39
20	48808497	G	A	CEBPB	Silent	10	7	17	0.4117647058823529	4	2	2	2.0171	2	1.0085	1.0	True	0.69	3.39
20	49212713	C	T	FAM65C	Silent	60	42	102	0.4117647058823529	4	2	2	2.0171	2	1.0085	1.0	True	0.69	3.39
20	50401020	C	T	SALL4	Silent	73	42	115	0.3652173913043478	4	2	2	1.789	2	0.8945	0.8945	True	0.69	3.39
20	52788164	T	C	CYP24A1	Silent	180	40	220	0.18181818181818182	4	2	2	0.8906	1	0.8906	0.8906	True	0.69	3.39
20	55918412	G	A	SPO11	Missense_Mutation	92	49	141	0.3475177304964539	4	2	2	1.7023	2	0.8512	0.8512	True	0.69	3.39
20	56993382	C	T	VAPB	Silent	115	20	135	0.14814814814814814	4	2	2	0.7257	1	0.7257	0.7257	False	0.69	3.39
20	60448896	G	T	CDH4	Missense_Mutation	92	24	116	0.20689655172413793	4	2	2	1.0135	1	1.0135	1.0	True	0.69	3.39
20	60893546	G	A	LAMA5	Silent	13	14	27	0.5185185185185185	4	2	2	2.54	2	1.27	1.0	True	0.69	3.39
20	60908290	G	A	LAMA5	Silent	21	7	28	0.25	4	2	2	1.2246	1	1.2246	1.0	True	0.69	3.39
20	60910092	A	G	LAMA5	Missense_Mutation	25	6	31	0.1935483870967742	4	2	2	0.9481	1	0.9481	0.9481	True	0.69	3.39
20	62338434	G	C	ARFRP1	Missense_Mutation	9	6	15	0.4	2	1	1	1.1594	1	1.1594	1.0	True	0.69	3.39
20	62340319	G	A	ZGPAT	Silent	47	16	63	0.25396825396825395	2	1	1	0.7361	1	0.7361	0.7361	False	0.69	3.39
21	15561684	C	T	LIPI	Missense_Mutation	160	43	203	0.21182266009852216	3	2	1	0.8258	1	0.8258	0.8258	False	0.69	3.39
21	15599290	G	A	RBM11	Silent	278	68	346	0.19653179190751446	3	2	1	0.7662	1	0.7662	0.7662	False	0.69	3.39
21	16339706	G	A	NRIP1	Silent	127	69	196	0.3520408163265306	3	2	1	1.3724	1	1.3724	1.0	True	0.69	3.39
21	27326925	C	T	APP	Missense_Mutation	26	12	38	0.3157894736842105	3	2	1	1.2311	1	1.2311	1.0	True	0.69	3.39
21	27423431	C	G	APP	Missense_Mutation	56	6	62	0.0967741935483871	3	2	1	0.3773	1	0.3773	0.3773	False	0.69	3.39
21	30949385	C	G	GRIK1	Missense_Mutation	106	24	130	0.18461538461538463	3	2	1	0.7197	1	0.7197	0.7197	False	0.69	3.39
21	31869171	G	A	KRTAP19-4	3'UTR	201	51	252	0.20238095238095238	3	2	1	0.789	1	0.789	0.789	False	0.69	3.39
21	34860800	G	C	DNAJC28	Missense_Mutation	128	106	234	0.452991452991453	3	2	1	1.766	2	0.883	0.883	True	0.69	3.39
21	35895867	G	C	RCAN1	Missense_Mutation	57	33	90	0.36666666666666664	3	2	1	1.4295	1	1.4295	1.0	True	0.69	3.39
21	35895991	G	C	RCAN1	Silent	61	30	91	0.32967032967032966	3	2	1	1.2852	1	1.2852	1.0	True	0.69	3.39
21	36252962	C	G	RUNX1	Missense_Mutation	20	19	39	0.48717948717948717	3	2	1	1.8993	2	0.9496	0.9496	True	0.69	3.39
21	37642413	C	T	DOPEY2	Nonsense_Mutation	62	62	124	0.5	3	2	1	1.9493	2	0.9746	0.9746	True	0.69	3.39
21	38593674	G	A	DSCR3	3'Flank	25	20	45	0.4444444444444444	3	2	1	1.7327	2	0.8663	0.8663	True	0.69	3.39
21	38593683	G	A	DSCR3	3'Flank	26	25	51	0.49019607843137253	3	2	1	1.9111	2	0.9555	0.9555	True	0.69	3.39
21	40191551	G	A	ETS2	Silent	23	7	30	0.23333333333333334	3	2	1	0.9097	1	0.9097	0.9097	True	0.69	3.39
21	42778893	G	A	MX2	Missense_Mutation	42	43	85	0.5058823529411764	3	2	1	1.9722	2	0.9861	0.9861	True	0.69	3.39
21	42821118	G	A	MX1	Missense_Mutation	84	21	105	0.2	3	2	1	0.7797	1	0.7797	0.7797	False	0.69	3.39
21	43867289	G	C	UBASH3A	Missense_Mutation	112	38	150	0.25333333333333335	3	2	1	0.9876	1	0.9876	0.9876	True	0.69	3.39
21	43867303	G	T	UBASH3A	Nonstop_Mutation	102	34	136	0.25	3	2	1	0.9746	1	0.9746	0.9746	True	0.69	3.39
21	45503018	G	C	TRAPPC10	Silent	73	25	98	0.25510204081632654	3	2	1	0.9945	1	0.9945	0.9945	True	0.69	3.39
21	45503079	C	T	TRAPPC10	Silent	82	73	155	0.47096774193548385	3	2	1	1.8361	2	0.918	0.918	True	0.69	3.39
21	45503092	C	T	TRAPPC10	Missense_Mutation	93	81	174	0.46551724137931033	3	2	1	1.8148	2	0.9074	0.9074	True	0.69	3.39
21	45789113	G	A	TRPM2	Missense_Mutation	10	5	15	0.3333333333333333	3	2	1	1.2995	1	1.2995	1.0	True	0.69	3.39
21	45970525	T	A	KRTAP10-2	3'UTR	23	6	29	0.20689655172413793	3	2	1	0.8066	1	0.8066	0.8066	False	0.69	3.39
22	17072537	C	T	CCT8L2	Missense_Mutation	96	39	135	0.28888888888888886	2	1	1	0.8374	1	0.8374	0.8374	False	0.69	3.39
22	18566437	G	A	PEX26	Silent	25	17	42	0.40476190476190477	2	1	1	1.1732	1	1.1732	1.0	True	0.69	3.39
22	19418988	C	T	HIRA	Silent	13	7	20	0.35	2	1	1	1.0145	1	1.0145	1.0	True	0.69	3.39
22	21141329	G	A	SERPIND1	Missense_Mutation	39	8	47	0.1702127659574468	2	1	1	0.4934	1	0.4934	0.4934	False	0.69	3.39
22	22517052	G	A	IGLV4-60	Missense_Mutation	18	14	32	0.4375	3	2	1	1.7056	2	0.8528	0.8528	True	0.69	3.39
22	24159103	G	A	SMARCB1	Missense_Mutation	46	12	58	0.20689655172413793	3	2	1	0.8066	1	0.8066	0.8066	False	0.69	3.39
22	24917979	C	T	UPB1	Missense_Mutation	22	7	29	0.2413793103448276	3	2	1	0.941	1	0.941	0.941	True	0.69	3.39
22	25747768	A	T	LRP5L	Nonstop_Mutation	53	19	72	0.2638888888888889	3	2	1	1.0288	1	1.0288	1.0	True	0.69	3.39
22	29886470	G	C	NEFH	Missense_Mutation	31	15	46	0.32608695652173914	3	2	1	1.2713	1	1.2713	1.0	True	0.69	3.39
22	30198101	C	T	ASCC2	Missense_Mutation	34	6	40	0.15	3	2	1	0.5848	1	0.5848	0.5848	False	0.69	3.39
22	30822716	G	A	MTFP1	Missense_Mutation	23	9	32	0.28125	3	2	1	1.0965	1	1.0965	1.0	True	0.69	3.39
22	31738885	G	A	PATZ1	Nonsense_Mutation	105	25	130	0.19230769230769232	3	2	1	0.7497	1	0.7497	0.7497	False	0.69	3.39
22	32495203	C	T	SLC5A1	Silent	131	47	178	0.2640449438202247	3	2	1	1.0294	1	1.0294	1.0	True	0.69	3.39
22	36122285	G	A	APOL5	Nonsense_Mutation	56	14	70	0.2	3	2	1	0.7797	1	0.7797	0.7797	False	0.69	3.39
22	36122301	G	A	APOL5	Silent	34	33	67	0.4925373134328358	3	2	1	1.9202	2	0.9601	0.9601	True	0.69	3.39
22	36690984	C	T	MYH9	Silent	83	34	117	0.2905982905982906	3	2	1	1.1329	1	1.1329	1.0	True	0.69	3.39
22	36697582	G	A	MYH9	Nonsense_Mutation	38	8	46	0.17391304347826086	3	2	1	0.678	1	0.678	0.678	False	0.69	3.39
22	37268449	C	G	NCF4	Missense_Mutation	67	28	95	0.29473684210526313	3	2	1	1.149	1	1.149	1.0	True	0.69	3.39
22	37331726	C	T	CSF2RB	Silent	14	5	19	0.2631578947368421	3	2	1	1.0259	1	1.0259	1.0	True	0.69	3.39
22	37688736	G	A	CYTH4	Missense_Mutation	23	23	46	0.5	3	2	1	1.9493	2	0.9746	0.9746	True	0.69	3.39
22	39268249	G	T	CBX6	5'UTR	5	6	11	0.5454545454545454	3	2	1	2.1265	2	1.0632	1.0	True	0.69	3.39
22	39381814	C	T	APOBEC3B	Intron	26	10	36	0.2777777777777778	3	2	1	1.0829	1	1.0829	1.0	True	0.69	3.39
22	39629484	G	C	PDGFB	Missense_Mutation	37	10	47	0.2127659574468085	3	2	1	0.8295	1	0.8295	0.8295	False	0.69	3.39
22	39639936	G	A	PDGFB	Silent	9	3	12	0.25	3	2	1	0.9746	1	0.9746	0.9746	True	0.69	3.39
22	40061947	C	T	CACNA1I	Missense_Mutation	31	8	39	0.20512820512820512	3	2	1	0.7997	1	0.7997	0.7997	False	0.69	3.39
22	40078519	G	A	CACNA1I	Missense_Mutation	55	27	82	0.32926829268292684	2	1	1	0.9544	1	0.9544	0.9544	True	0.69	3.39
22	40343156	G	A	GRAP2	Missense_Mutation	49	21	70	0.3	2	1	1	0.8696	1	0.8696	0.8696	True	0.69	3.39
22	40805700	G	A	SGSM3	Silent	48	20	68	0.29411764705882354	2	1	1	0.8525	1	0.8525	0.8525	True	0.69	3.39
22	42084851	C	T	NHP2L1	5'UTR	25	9	34	0.2647058823529412	2	1	1	0.7673	1	0.7673	0.7673	False	0.69	3.39
22	46508670	T	C	FLJ27365	3'UTR	24	11	35	0.3142857142857143	2	1	1	0.911	1	0.911	0.911	True	0.69	3.39
22	46654093	C	G	PKDREJ	Silent	90	9	99	0.09090909090909091	2	1	1	0.2635	1	0.2635	0.2635	False	0.69	3.39
22	50635718	G	A	TRABD	Missense_Mutation	41	11	52	0.21153846153846154	2	1	1	0.6132	1	0.6132	0.6132	False	0.69	3.39
X	1484114	C	G	IL3RA	Missense_Mutation	32	19	51	0.37254901960784315	2	1	1	1.0799	1	1.0799	1.0	True	0.69	3.39
X	10104698	C	T	WWC3	Missense_Mutation	32	13	45	0.28888888888888886	2	1	1	0.8374	1	0.8374	0.8374	False	0.69	3.39
X	11130276	G	A	HCCS	Missense_Mutation	22	13	35	0.37142857142857144	2	1	1	1.0766	1	1.0766	1.0	True	0.69	3.39
X	12906158	C	A	TLR7	Nonsense_Mutation	36	148	184	0.8043478260869565	2	1	1	2.3314	1	2.3314	1.0	True	0.69	3.39
X	15809081	G	A	ZRSR2	Silent	4	16	20	0.8	2	1	1	2.3188	1	2.3188	1.0	True	0.69	3.39
X	19032082	G	C	GPR64	Missense_Mutation	30	23	53	0.4339622641509434	2	1	1	1.2579	1	1.2579	1.0	True	0.69	3.39
X	19413274	G	A	MAP3K15	Missense_Mutation	70	42	112	0.375	2	1	1	1.087	1	1.087	1.0	True	0.69	3.39
X	43587477	C	A	MAOA	Missense_Mutation	108	44	152	0.2894736842105263	2	1	1	0.8391	1	0.8391	0.8391	False	0.69	3.39
X	45017019	G	A	CXorf36	Missense_Mutation	8	3	11	0.2727272727272727	2	1	1	0.7905	1	0.7905	0.7905	False	0.69	3.39
X	47083090	G	A	CDK16	Missense_Mutation	2	8	10	0.8	2	1	1	2.3188	1	2.3188	1.0	True	0.69	3.39
X	47083092	G	A	CDK16	Missense_Mutation	2	8	10	0.8	2	1	1	2.3188	1	2.3188	1.0	True	0.69	3.39
X	47083915	G	A	CDK16	Missense_Mutation	3	28	31	0.9032258064516129	2	1	1	2.618	1	2.618	1.0	True	0.69	3.39
X	48891000	G	C	TFE3	Silent	17	7	24	0.2916666666666667	2	1	1	0.8454	1	0.8454	0.8454	False	0.69	3.39
X	49079298	C	T	CACNA1F	Splice_Site	28	19	47	0.40425531914893614	2	1	1	1.1718	1	1.1718	1.0	True	0.69	3.39
X	50052841	G	A	CCNB3	Missense_Mutation	9	31	40	0.775	2	1	1	2.2464	1	2.2464	1.0	True	0.69	3.39
X	50370665	C	G	SHROOM4	Missense_Mutation	18	18	36	0.5	2	1	1	1.4493	1	1.4493	1.0	True	0.69	3.39
X	51075817	G	A	NUDT10	5'UTR	2	7	9	0.7777777777777778	2	1	1	2.2544	1	2.2544	1.0	True	0.69	3.39
X	54473866	C	T	FGD1	Missense_Mutation	3	19	22	0.8636363636363636	2	1	1	2.5033	1	2.5033	1.0	True	0.69	3.39
X	55247849	G	A	PAGE5	Missense_Mutation	26	19	45	0.4222222222222222	2	1	1	1.2238	1	1.2238	1.0	True	0.69	3.39
X	57935505	G	A	ZXDA	Silent	31	20	51	0.39215686274509803	2	1	1	1.1367	1	1.1367	1.0	True	0.69	3.39
X	70355032	G	A	MED12	Missense_Mutation	2	20	22	0.9090909090909091	2	1	1	2.635	1	2.635	1.0	True	0.69	3.39
X	71494972	C	T	RPS4X	Silent	6	10	16	0.625	2	1	1	1.8116	1	1.8116	1.0	True	0.69	3.39
X	71494974	C	G	RPS4X	Missense_Mutation	6	10	16	0.625	2	1	1	1.8116	1	1.8116	1.0	True	0.69	3.39
X	71846900	C	G	PHKA1	Splice_Site	12	26	38	0.6842105263157895	2	1	1	1.9832	1	1.9832	1.0	True	0.69	3.39
X	73812835	G	A	RLIM	Silent	24	39	63	0.6190476190476191	2	1	1	1.7943	1	1.7943	1.0	True	0.69	3.39
X	99661856	G	C	PCDH19	Missense_Mutation	13	18	31	0.5806451612903226	2	1	1	1.683	1	1.683	1.0	True	0.69	3.39
X	99901230	G	C	SRPX2	5'UTR	7	11	18	0.6111111111111112	2	1	1	1.7713	1	1.7713	1.0	True	0.69	3.39
X	101908734	C	T	GPRASP1	5'UTR	6	7	13	0.5384615384615384	2	1	1	1.5608	1	1.5608	1.0	True	0.69	3.39
X	105937496	G	C	RNF128	Missense_Mutation	11	21	32	0.65625	2	1	1	1.9022	1	1.9022	1.0	True	0.69	3.39
X	122561889	G	C	GRIA3	Missense_Mutation	24	52	76	0.6842105263157895	2	1	1	1.9832	1	1.9832	1.0	True	0.69	3.39
X	122598816	G	A	GRIA3	Missense_Mutation	12	26	38	0.6842105263157895	2	1	1	1.9832	1	1.9832	1.0	True	0.69	3.39
X	132162129	C	T	USP26	Silent	17	23	40	0.575	2	1	1	1.6667	1	1.6667	1.0	True	0.69	3.39
X	134494824	G	A	ZNF449	Silent	29	91	120	0.7583333333333333	2	1	1	2.1981	1	2.1981	1.0	True	0.69	3.39
X	138286239	C	T	FGF13	Missense_Mutation	6	11	17	0.6470588235294118	2	1	1	1.8755	1	1.8755	1.0	True	0.69	3.39
X	152137987	C	T	ZNF185	Silent	3	8	11	0.7272727272727273	2	1	1	2.108	1	2.108	1.0	True	0.69	3.39
X	153223253	G	C	HCFC1	Missense_Mutation	13	20	33	0.6060606060606061	2	1	1	1.7567	1	1.7567	1.0	True	0.69	3.39
X	153580262	G	C	FLNA	Silent	6	8	14	0.5714285714285714	2	1	1	1.6563	1	1.6563	1.0	True	0.69	3.39
X	155232652	G	A	IL9R	Missense_Mutation	63	24	87	0.27586206896551724	2	1	1	0.7996	1	0.7996	0.7996	False	0.69	3.39
Y	14885574	G	T	USP9Y	Missense_Mutation	20	54	74	0.7297297297297297	2	1	1	2.1152	1	2.1152	1.0	True	0.69	3.39
Y	14885804	G	C	USP9Y	Missense_Mutation	8	21	29	0.7241379310344828	2	1	1	2.099	1	2.099	1.0	True	0.69	3.39
Y	14885824	G	T	USP9Y	Missense_Mutation	6	19	25	0.76	2	1	1	2.2029	1	2.2029	1.0	True	0.69	3.39
