chr	pos	ref	alt	gene	classification	t_ref_count	t_alt_count	total_depth	vaf	local_cn	major_cn	minor_cn	mcn	multiplicity	ccf	ccf_capped	is_clonal	purity	ploidy
1	1565078	C	T	MIB2	Missense_Mutation	10	7	17	0.4117647058823529	2	1	1	1.0424	1	1.0424	1.0	True	0.79	1.86
1	3334427	G	C	PRDM16	Missense_Mutation	87	54	141	0.3829787234042553	2	1	1	0.9696	1	0.9696	0.9696	True	0.79	1.86
1	3397060	C	T	ARHGEF16	Missense_Mutation	32	12	44	0.2727272727272727	2	1	1	0.6904	1	0.6904	0.6904	False	0.79	1.86
1	5964795	G	A	NPHP4	Silent	56	35	91	0.38461538461538464	2	1	1	0.9737	1	0.9737	0.9737	True	0.79	1.86
1	6314056	G	A	GPR153	Silent	14	5	19	0.2631578947368421	2	1	1	0.6662	1	0.6662	0.6662	False	0.79	1.86
1	6314057	G	A	GPR153	Silent	14	5	19	0.2631578947368421	2	1	1	0.6662	1	0.6662	0.6662	False	0.79	1.86
1	7724103	G	A	CAMTA1	Missense_Mutation	57	29	86	0.3372093023255814	2	1	1	0.8537	1	0.8537	0.8537	True	0.79	1.86
1	8716118	G	A	RERE	Missense_Mutation	169	96	265	0.3622641509433962	2	1	1	0.9171	1	0.9171	0.9171	True	0.79	1.86
1	12836088	G	A	PRAMEF12	Silent	57	39	96	0.40625	2	1	1	1.0285	1	1.0285	1.0	True	0.79	1.86
1	12921097	G	A	PRAMEF2	Silent	82	57	139	0.41007194244604317	2	1	1	1.0382	1	1.0382	1.0	True	0.79	1.86
1	13001107	G	A	PRAMEF6	Silent	55	6	61	0.09836065573770492	2	1	1	0.249	1	0.249	0.249	False	0.79	1.86
1	16060315	C	T	PLEKHM2	Silent	65	23	88	0.26136363636363635	2	1	1	0.6617	1	0.6617	0.6617	False	0.79	1.86
1	16256478	C	T	SPEN	Missense_Mutation	48	36	84	0.42857142857142855	2	1	1	1.085	1	1.085	1.0	True	0.79	1.86
1	16350333	G	A	CLCNKA	Missense_Mutation	35	22	57	0.38596491228070173	2	1	1	0.9771	1	0.9771	0.9771	True	0.79	1.86
1	19570194	G	A	EMC1	Silent	47	34	81	0.41975308641975306	2	1	1	1.0627	1	1.0627	1.0	True	0.79	1.86
1	20996944	G	A	KIF17	Silent	65	27	92	0.29347826086956524	2	1	1	0.743	1	0.743	0.743	False	0.79	1.86
1	24447335	A	T	IL22RA1	Missense_Mutation	44	26	70	0.37142857142857144	2	1	1	0.9403	1	0.9403	0.9403	True	0.79	1.86
1	27434230	G	A	SLC9A1	Silent	9	7	16	0.4375	2	1	1	1.1076	1	1.1076	1.0	True	0.79	1.86
1	28271830	C	T	SMPDL3B	Missense_Mutation	28	12	40	0.3	2	1	1	0.7595	1	0.7595	0.7595	False	0.79	1.86
1	28907611	C	T	TRNAU1AP	3'Flank	21	10	31	0.3225806451612903	2	1	1	0.8167	1	0.8167	0.8167	False	0.79	1.86
1	28920632	C	T	RAB42	3'UTR	11	6	17	0.35294117647058826	2	1	1	0.8935	1	0.8935	0.8935	True	0.79	1.86
1	31347418	G	A	SDC3	Silent	58	16	74	0.21621621621621623	2	1	1	0.5474	1	0.5474	0.5474	False	0.79	1.86
1	31811831	C	T	ZCCHC17	Missense_Mutation	42	19	61	0.3114754098360656	2	1	1	0.7885	1	0.7885	0.7885	False	0.79	1.86
1	36225975	G	A	CLSPN	Missense_Mutation	34	15	49	0.30612244897959184	2	1	1	0.775	1	0.775	0.775	False	0.79	1.86
1	36359681	C	T	AGO1	Silent	49	32	81	0.3950617283950617	2	1	1	1.0002	1	1.0002	1.0	True	0.79	1.86
1	36644056	C	T	MAP7D1	Missense_Mutation	7	7	14	0.5	2	1	1	1.2658	1	1.2658	1.0	True	0.79	1.86
1	36644057	C	T	MAP7D1	Silent	7	7	14	0.5	2	1	1	1.2658	1	1.2658	1.0	True	0.79	1.86
1	40092735	G	A	HEYL	Missense_Mutation	24	21	45	0.4666666666666667	2	1	1	1.1814	1	1.1814	1.0	True	0.79	1.86
1	42045916	G	A	HIVEP3	Missense_Mutation	38	24	62	0.3870967741935484	2	1	1	0.98	1	0.98	0.98	True	0.79	1.86
1	43663223	G	A	WDR65	Splice_Site	89	60	149	0.40268456375838924	2	1	1	1.0195	1	1.0195	1.0	True	0.79	1.86
1	43773242	A	C	TIE1	Missense_Mutation	40	20	60	0.3333333333333333	2	1	1	0.8439	1	0.8439	0.8439	False	0.79	1.86
1	44083415	G	A	PTPRF	Missense_Mutation	21	10	31	0.3225806451612903	2	1	1	0.8167	1	0.8167	0.8167	False	0.79	1.86
1	44083416	G	A	PTPRF	Missense_Mutation	21	10	31	0.3225806451612903	2	1	1	0.8167	1	0.8167	0.8167	False	0.79	1.86
1	45797397	G	A	MUTYH	Silent	22	11	33	0.3333333333333333	2	1	1	0.8439	1	0.8439	0.8439	False	0.79	1.86
1	47276530	C	T	CYP4B1	Silent	28	15	43	0.3488372093023256	2	1	1	0.8831	1	0.8831	0.8831	True	0.79	1.86
1	55223545	G	A	PARS2	Silent	72	32	104	0.3076923076923077	2	1	1	0.779	1	0.779	0.779	False	0.79	1.86
1	55474242	G	A	BSND	Missense_Mutation	52	21	73	0.2876712328767123	2	1	1	0.7283	1	0.7283	0.7283	False	0.79	1.86
1	57258437	G	A	C1orf168	Nonsense_Mutation	196	92	288	0.3194444444444444	2	1	1	0.8087	1	0.8087	0.8087	False	0.79	1.86
1	57399055	G	A	C8B	Missense_Mutation	41	29	70	0.4142857142857143	2	1	1	1.0488	1	1.0488	1.0	True	0.79	1.86
1	60463316	T	C	C1orf87	Missense_Mutation	55	31	86	0.36046511627906974	2	1	1	0.9126	1	0.9126	0.9126	True	0.79	1.86
1	64095113	C	T	PGM1	Silent	82	50	132	0.3787878787878788	2	1	1	0.959	1	0.959	0.959	True	0.79	1.86
1	65143967	C	T	CACHD1	Missense_Mutation	15	20	35	0.5714285714285714	2	1	1	1.4467	1	1.4467	1.0	True	0.79	1.86
1	82408771	C	T	LPHN2	Silent	36	24	60	0.4	2	1	1	1.0127	1	1.0127	1.0	True	0.79	1.86
1	84408234	G	A	TTLL7	Missense_Mutation	41	23	64	0.359375	2	1	1	0.9098	1	0.9098	0.9098	True	0.79	1.86
1	89652711	G	A	GBP4	Silent	64	35	99	0.35353535353535354	2	1	1	0.895	1	0.895	0.895	True	0.79	1.86
1	91859874	G	A	HFM1	Silent	19	20	39	0.5128205128205128	2	1	1	1.2983	1	1.2983	1.0	True	0.79	1.86
1	93298949	T	C	RPL5	Missense_Mutation	31	16	47	0.3404255319148936	2	1	1	0.8618	1	0.8618	0.8618	True	0.79	1.86
1	98060686	C	T	DPYD	Missense_Mutation	86	38	124	0.3064516129032258	2	1	1	0.7758	1	0.7758	0.7758	False	0.79	1.86
1	98060687	C	T	DPYD	Missense_Mutation	85	38	123	0.3089430894308943	2	1	1	0.7821	1	0.7821	0.7821	False	0.79	1.86
1	100613780	C	T	TRMT13	Missense_Mutation	45	34	79	0.43037974683544306	2	1	1	1.0896	1	1.0896	1.0	True	0.79	1.86
1	103343611	G	A	COL11A1	Silent	48	27	75	0.36	2	1	1	0.9114	1	0.9114	0.9114	True	0.79	1.86
1	103449719	C	T	COL11A1	Missense_Mutation	31	18	49	0.3673469387755102	2	1	1	0.93	1	0.93	0.93	True	0.79	1.86
1	109807531	C	T	CELSR2	Missense_Mutation	309	177	486	0.36419753086419754	2	1	1	0.922	1	0.922	0.922	True	0.79	1.86
1	109816837	C	T	CELSR2	3'UTR	13	7	20	0.35	2	1	1	0.8861	1	0.8861	0.8861	True	0.79	1.86
1	110029688	C	T	ATXN7L2	Missense_Mutation	162	90	252	0.35714285714285715	2	1	1	0.9042	1	0.9042	0.9042	True	0.79	1.86
1	110950356	G	A	LAMTOR5	Missense_Mutation	30	9	39	0.23076923076923078	2	1	1	0.5842	1	0.5842	0.5842	False	0.79	1.86
1	111437015	G	A	CD53	Missense_Mutation	62	23	85	0.27058823529411763	2	1	1	0.685	1	0.685	0.685	False	0.79	1.86
1	114240271	T	A	PHTF1	3'UTR	12	10	22	0.45454545454545453	2	1	1	1.1507	1	1.1507	1.0	True	0.79	1.86
1	118644447	C	T	SPAG17	Missense_Mutation	92	54	146	0.3698630136986301	2	1	1	0.9364	1	0.9364	0.9364	True	0.79	1.86
1	120286705	G	A	PHGDH	3'UTR	80	43	123	0.34959349593495936	2	1	1	0.885	1	0.885	0.885	True	0.79	1.86
1	120469126	G	A	NOTCH2	Missense_Mutation	124	57	181	0.3149171270718232	2	1	1	0.7973	1	0.7973	0.7973	False	0.79	1.86
1	147380300	C	T	GJA8	Missense_Mutation	36	16	52	0.3076923076923077	2	1	1	0.779	1	0.779	0.779	False	0.79	1.86
1	149783859	G	A	HIST2H2BF	Missense_Mutation	77	41	118	0.3474576271186441	2	1	1	0.8796	1	0.8796	0.8796	True	0.79	1.86
1	150551359	A	G	MCL1	Silent	38	12	50	0.24	2	1	1	0.6076	1	0.6076	0.6076	False	0.79	1.86
1	150551360	A	C	MCL1	Missense_Mutation	37	11	48	0.22916666666666666	2	1	1	0.5802	1	0.5802	0.5802	False	0.79	1.86
1	151149261	G	A	VPS72	Silent	66	34	100	0.34	2	1	1	0.8608	1	0.8608	0.8608	True	0.79	1.86
1	152059653	G	A	TCHHL1	Missense_Mutation	60	36	96	0.375	2	1	1	0.9494	1	0.9494	0.9494	True	0.79	1.86
1	152129412	C	T	RPTN	Missense_Mutation	64	18	82	0.21951219512195122	2	1	1	0.5557	1	0.5557	0.5557	False	0.79	1.86
1	152129438	T	G	RPTN	Splice_Site	31	36	67	0.5373134328358209	2	1	1	1.3603	1	1.3603	1.0	True	0.79	1.86
1	152975642	G	A	SPRR3	Missense_Mutation	13	10	23	0.43478260869565216	2	1	1	1.1007	1	1.1007	1.0	True	0.79	1.86
1	153409599	C	T	S100A7L2	Missense_Mutation	73	55	128	0.4296875	2	1	1	1.0878	1	1.0878	1.0	True	0.79	1.86
1	153946380	G	A	CREB3L4	Missense_Mutation	13	12	25	0.48	2	1	1	1.2152	1	1.2152	1.0	True	0.79	1.86
1	155236605	G	A	CLK2	Silent	24	10	34	0.29411764705882354	2	1	1	0.7446	1	0.7446	0.7446	False	0.79	1.86
1	155920998	C	T	ARHGEF2	Silent	19	7	26	0.2692307692307692	2	1	1	0.6816	1	0.6816	0.6816	False	0.79	1.86
1	157667645	C	T	FCRL3	Silent	59	35	94	0.3723404255319149	2	1	1	0.9426	1	0.9426	0.9426	True	0.79	1.86
1	158154037	G	A	CD1D	3'UTR	26	14	40	0.35	2	1	1	0.8861	1	0.8861	0.8861	True	0.79	1.86
1	158262012	G	A	CD1C	Missense_Mutation	126	67	193	0.3471502590673575	2	1	1	0.8789	1	0.8789	0.8789	True	0.79	1.86
1	158325209	C	T	CD1E	Missense_Mutation	58	29	87	0.3333333333333333	2	1	1	0.8439	1	0.8439	0.8439	False	0.79	1.86
1	158549411	G	A	OR10X1	Silent	35	15	50	0.3	2	1	1	0.7595	1	0.7595	0.7595	False	0.79	1.86
1	158622276	T	A	SPTA1	Missense_Mutation	68	37	105	0.3523809523809524	2	1	1	0.8921	1	0.8921	0.8921	True	0.79	1.86
1	159166699	G	A	CADM3	Nonsense_Mutation	54	19	73	0.2602739726027397	2	1	1	0.6589	1	0.6589	0.6589	False	0.79	1.86
1	159869827	C	T	CCDC19	Intron	7	5	12	0.4166666666666667	2	1	1	1.0549	1	1.0549	1.0	True	0.79	1.86
1	159897632	G	A	IGSF9	Silent	31	10	41	0.24390243902439024	2	1	1	0.6175	1	0.6175	0.6175	False	0.79	1.86
1	160389128	C	T	VANGL2	Missense_Mutation	59	50	109	0.45871559633027525	2	1	1	1.1613	1	1.1613	1.0	True	0.79	1.86
1	161953983	G	A	OLFML2B	Missense_Mutation	38	15	53	0.2830188679245283	2	1	1	0.7165	1	0.7165	0.7165	False	0.79	1.86
1	165175136	G	A	LMX1A	Missense_Mutation	35	31	66	0.4696969696969697	2	1	1	1.1891	1	1.1891	1.0	True	0.79	1.86
1	166990344	G	A	MAEL	Missense_Mutation	40	30	70	0.42857142857142855	2	1	1	1.085	1	1.085	1.0	True	0.79	1.86
1	169388157	C	T	CCDC181	Intron	15	6	21	0.2857142857142857	2	1	1	0.7233	1	0.7233	0.7233	False	0.79	1.86
1	169511239	C	T	F5	Missense_Mutation	130	62	192	0.3229166666666667	2	1	1	0.8175	1	0.8175	0.8175	False	0.79	1.86
1	169580879	C	T	SELP	Missense_Mutation	75	28	103	0.27184466019417475	2	1	1	0.6882	1	0.6882	0.6882	False	0.79	1.86
1	172007556	A	T	DNM3	Missense_Mutation	74	47	121	0.3884297520661157	2	1	1	0.9834	1	0.9834	0.9834	True	0.79	1.86
1	176668404	C	T	PAPPA2	Missense_Mutation	112	45	157	0.28662420382165604	2	1	1	0.7256	1	0.7256	0.7256	False	0.79	1.86
1	176927571	C	T	ASTN1	Missense_Mutation	15	6	21	0.2857142857142857	2	1	1	0.7233	1	0.7233	0.7233	False	0.79	1.86
1	179631290	G	A	TDRD5	Missense_Mutation	46	34	80	0.425	2	1	1	1.0759	1	1.0759	1.0	True	0.79	1.86
1	180853285	C	T	XPR1	3'UTR	8	7	15	0.4666666666666667	2	1	1	1.1814	1	1.1814	1.0	True	0.79	1.86
1	181727957	G	A	CACNA1E	Missense_Mutation	61	43	104	0.41346153846153844	2	1	1	1.0467	1	1.0467	1.0	True	0.79	1.86
1	183515287	C	T	SMG7	Missense_Mutation	42	29	71	0.4084507042253521	2	1	1	1.0341	1	1.0341	1.0	True	0.79	1.86
1	186043883	C	T	HMCN1	Missense_Mutation	33	16	49	0.32653061224489793	2	1	1	0.8267	1	0.8267	0.8267	False	0.79	1.86
1	186276363	G	A	PRG4	Silent	34	13	47	0.2765957446808511	2	1	1	0.7002	1	0.7002	0.7002	False	0.79	1.86
1	196799639	G	A	CFHR1	Missense_Mutation	56	50	106	0.4716981132075472	2	1	1	1.1942	1	1.1942	1.0	True	0.79	1.86
1	197390429	G	A	CRB1	Missense_Mutation	44	21	65	0.3230769230769231	3	2	1	1.141	1	1.141	1.0	True	0.79	1.86
1	198247118	C	T	NEK7	Missense_Mutation	100	38	138	0.2753623188405797	3	2	1	0.9725	1	0.9725	0.9725	True	0.79	1.86
1	201081481	A	G	CACNA1S	5'UTR	68	28	96	0.2916666666666667	3	2	1	1.0301	1	1.0301	1.0	True	0.79	1.86
1	201263067	T	C	PKP1	Intron	8	17	25	0.68	3	2	1	2.4015	2	1.2008	1.0	True	0.79	1.86
1	202121710	C	T	PTPN7	Missense_Mutation	18	8	26	0.3076923076923077	3	2	1	1.0867	1	1.0867	1.0	True	0.79	1.86
1	202566040	C	T	SYT2	Missense_Mutation	51	20	71	0.28169014084507044	3	2	1	0.9948	1	0.9948	0.9948	True	0.79	1.86
1	204197962	G	A	PLEKHA6	Missense_Mutation	45	13	58	0.22413793103448276	3	2	1	0.7916	1	0.7916	0.7916	False	0.79	1.86
1	204945813	A	T	NFASC	Missense_Mutation	128	42	170	0.24705882352941178	3	2	1	0.8725	1	0.8725	0.8725	True	0.79	1.86
1	205811876	C	T	PM20D1	Silent	70	25	95	0.2631578947368421	3	2	1	0.9294	1	0.9294	0.9294	True	0.79	1.86
1	205899142	G	A	SLC26A9	Missense_Mutation	32	8	40	0.2	3	2	1	0.7063	1	0.7063	0.7063	False	0.79	1.86
1	206628240	G	A	SRGAP2	Missense_Mutation	46	15	61	0.2459016393442623	3	2	1	0.8684	1	0.8684	0.8684	True	0.79	1.86
1	214819674	C	T	CENPF	Missense_Mutation	138	37	175	0.21142857142857144	3	2	1	0.7467	1	0.7467	0.7467	False	0.79	1.86
1	216496976	G	A	USH2A	Missense_Mutation	104	44	148	0.2972972972972973	3	2	1	1.0499	1	1.0499	1.0	True	0.79	1.86
1	220340851	G	A	RAB3GAP2	Silent	124	53	177	0.2994350282485876	2	2	0	0.7581	1	0.7581	0.7581	False	0.79	1.86
1	220340852	G	A	RAB3GAP2	Missense_Mutation	122	52	174	0.2988505747126437	2	2	0	0.7566	1	0.7566	0.7566	False	0.79	1.86
1	226019641	C	T	EPHX1	Silent	55	20	75	0.26666666666666666	2	2	0	0.6751	1	0.6751	0.6751	False	0.79	1.86
1	228596850	C	T	TRIM17	Intron	55	43	98	0.4387755102040816	3	2	1	1.5496	2	0.7748	0.7748	False	0.79	1.86
1	231376911	C	T	C1orf131	5'UTR	53	22	75	0.29333333333333333	3	2	1	1.0359	1	1.0359	1.0	True	0.79	1.86
1	232942697	A	G	MAP10	Missense_Mutation	35	17	52	0.3269230769230769	3	2	1	1.1546	1	1.1546	1.0	True	0.79	1.86
1	233512253	C	T	MLK4	Missense_Mutation	37	12	49	0.24489795918367346	3	2	1	0.8649	1	0.8649	0.8649	True	0.79	1.86
1	233515355	C	T	MLK4	Missense_Mutation	41	19	60	0.31666666666666665	3	2	1	1.1184	1	1.1184	1.0	True	0.79	1.86
1	233802528	C	T	KCNK1	Silent	60	22	82	0.2682926829268293	3	2	1	0.9475	1	0.9475	0.9475	True	0.79	1.86
1	235324630	C	T	RBM34	5'UTR	12	18	30	0.6	3	2	1	2.119	2	1.0595	1.0	True	0.79	1.86
1	236979789	C	T	MTR	Missense_Mutation	134	146	280	0.5214285714285715	3	2	1	1.8415	2	0.9208	0.9208	True	0.79	1.86
1	238050115	C	T	ZP4	Silent	106	34	140	0.24285714285714285	3	2	1	0.8577	1	0.8577	0.8577	True	0.79	1.86
1	238090420	C	T	RP11-193H5.1	RNA	25	8	33	0.24242424242424243	3	2	1	0.8562	1	0.8562	0.8562	True	0.79	1.86
1	240351539	A	T	FMN2	Nonsense_Mutation	76	17	93	0.1827956989247312	3	2	1	0.6456	1	0.6456	0.6456	False	0.79	1.86
1	245775268	G	A	KIF26B	Silent	41	12	53	0.22641509433962265	3	2	1	0.7996	1	0.7996	0.7996	False	0.79	1.86
1	247737496	C	T	GCSAML	Missense_Mutation	103	32	135	0.23703703703703705	3	2	1	0.8371	1	0.8371	0.8371	False	0.79	1.86
1	247752385	G	A	OR2G2	Missense_Mutation	55	32	87	0.367816091954023	3	2	1	1.299	1	1.299	1.0	True	0.79	1.86
1	247752599	G	A	OR2G2	Missense_Mutation	89	27	116	0.23275862068965517	3	2	1	0.822	1	0.822	0.822	False	0.79	1.86
1	248343365	C	T	OR2M2	Silent	194	73	267	0.27340823970037453	2	1	1	0.6922	1	0.6922	0.6922	False	0.79	1.86
1	248366832	G	A	OR2M3	Missense_Mutation	157	58	215	0.26976744186046514	2	1	1	0.683	1	0.683	0.683	False	0.79	1.86
1	248525185	G	A	OR2T4	Missense_Mutation	240	67	307	0.2182410423452769	2	1	1	0.5525	1	0.5525	0.5525	False	0.79	1.86
1	248525707	C	T	OR2T4	Silent	129	44	173	0.2543352601156069	2	1	1	0.6439	1	0.6439	0.6439	False	0.79	1.86
1	248616128	C	T	OR2T2	Silent	249	32	281	0.11387900355871886	2	1	1	0.2883	1	0.2883	0.2883	False	0.79	1.86
1	248637593	G	A	OR2T3	Missense_Mutation	338	39	377	0.10344827586206896	2	1	1	0.2619	1	0.2619	0.2619	False	0.79	1.86
2	18757621	C	T	NT5C1B	Silent	36	9	45	0.2	2	1	1	0.5063	1	0.5063	0.5063	False	0.79	1.86
2	20202958	C	T	MATN3	Missense_Mutation	30	19	49	0.3877551020408163	2	1	1	0.9817	1	0.9817	0.9817	True	0.79	1.86
2	20455081	G	A	PUM2	Missense_Mutation	29	25	54	0.46296296296296297	2	1	1	1.1721	1	1.1721	1.0	True	0.79	1.86
2	20647414	A	C	RHOB	Missense_Mutation	41	17	58	0.29310344827586204	2	1	1	0.742	1	0.742	0.742	False	0.79	1.86
2	21231795	C	T	APOB	Missense_Mutation	343	206	549	0.37522768670309653	2	1	1	0.9499	1	0.9499	0.9499	True	0.79	1.86
2	27521592	A	G	TRIM54	Missense_Mutation	22	14	36	0.3888888888888889	2	1	1	0.9845	1	0.9845	0.9845	True	0.79	1.86
2	27535421	G	A	MPV17	Silent	54	27	81	0.3333333333333333	2	1	1	0.8439	1	0.8439	0.8439	False	0.79	1.86
2	29917784	G	A	ALK	Missense_Mutation	69	34	103	0.3300970873786408	2	1	1	0.8357	1	0.8357	0.8357	False	0.79	1.86
2	32481851	G	A	NLRC4	5'UTR	37	15	52	0.28846153846153844	2	1	1	0.7303	1	0.7303	0.7303	False	0.79	1.86
2	32481852	G	A	NLRC4	5'UTR	36	13	49	0.2653061224489796	2	1	1	0.6717	1	0.6717	0.6717	False	0.79	1.86
2	37234374	G	A	HEATR5B	Silent	69	34	103	0.3300970873786408	2	1	1	0.8357	1	0.8357	0.8357	False	0.79	1.86
2	37586815	C	T	QPCT	Silent	27	18	45	0.4	2	1	1	1.0127	1	1.0127	1.0	True	0.79	1.86
2	66795932	G	A	MEIS1	Intron	54	33	87	0.3793103448275862	2	1	1	0.9603	1	0.9603	0.9603	True	0.79	1.86
2	66795933	A	C	MEIS1	Intron	57	31	88	0.3522727272727273	2	1	1	0.8918	1	0.8918	0.8918	True	0.79	1.86
2	74902381	G	A	SEMA4F	Missense_Mutation	27	19	46	0.41304347826086957	2	1	1	1.0457	1	1.0457	1.0	True	0.79	1.86
2	74902382	G	A	SEMA4F	Missense_Mutation	26	18	44	0.4090909090909091	2	1	1	1.0357	1	1.0357	1.0	True	0.79	1.86
2	84780120	C	T	DNAH6	Nonsense_Mutation	80	49	129	0.3798449612403101	2	1	1	0.9616	1	0.9616	0.9616	True	0.79	1.86
2	85554604	G	A	TGOLN2	Missense_Mutation	166	94	260	0.36153846153846153	2	1	1	0.9153	1	0.9153	0.9153	True	0.79	1.86
2	88393054	C	T	SMYD1	Silent	67	20	87	0.22988505747126436	2	1	1	0.582	1	0.582	0.582	False	0.79	1.86
2	89399622	G	A	IGKV1-16	Silent	86	48	134	0.3582089552238806	2	1	1	0.9069	1	0.9069	0.9069	True	0.79	1.86
2	89513167	G	A	IGKV1-27	Missense_Mutation	28	5	33	0.15151515151515152	2	1	1	0.3836	1	0.3836	0.3836	False	0.79	1.86
2	97278298	G	A	KANSL3	Silent	47	29	76	0.3815789473684211	2	1	1	0.966	1	0.966	0.966	True	0.79	1.86
2	97279279	G	A	KANSL3	Silent	63	34	97	0.35051546391752575	2	1	1	0.8874	1	0.8874	0.8874	True	0.79	1.86
2	97530946	A	G	SEMA4C	Missense_Mutation	13	7	20	0.35	2	1	1	0.8861	1	0.8861	0.8861	True	0.79	1.86
2	99812098	T	A	MRPL30	Missense_Mutation	79	42	121	0.34710743801652894	2	1	1	0.8788	1	0.8788	0.8788	True	0.79	1.86
2	99977974	C	T	EIF5B	Nonsense_Mutation	28	11	39	0.28205128205128205	2	1	1	0.7141	1	0.7141	0.7141	False	0.79	1.86
2	105713766	C	T	MRPS9	Silent	26	7	33	0.21212121212121213	2	1	1	0.537	1	0.537	0.537	False	0.79	1.86
2	109546615	C	T	EDAR	Silent	19	7	26	0.2692307692307692	2	1	1	0.6816	1	0.6816	0.6816	False	0.79	1.86
2	120194596	C	T	TMEM37	Silent	72	42	114	0.3684210526315789	2	1	1	0.9327	1	0.9327	0.9327	True	0.79	1.86
2	128367259	T	C	MYO7B	Missense_Mutation	75	37	112	0.33035714285714285	2	1	1	0.8363	1	0.8363	0.8363	False	0.79	1.86
2	128390866	G	A	MYO7B	Silent	20	8	28	0.2857142857142857	2	1	1	0.7233	1	0.7233	0.7233	False	0.79	1.86
2	128699505	A	T	SAP130	3'UTR	10	12	22	0.5454545454545454	2	1	1	1.3809	1	1.3809	1.0	True	0.79	1.86
2	130878044	C	T	POTEF	Silent	63	36	99	0.36363636363636365	2	1	1	0.9206	1	0.9206	0.9206	True	0.79	1.86
2	131519914	G	A	AMER3	Missense_Mutation	13	5	18	0.2777777777777778	2	1	1	0.7032	1	0.7032	0.7032	False	0.79	1.86
2	133403686	C	T	LYPD1	Missense_Mutation	41	13	54	0.24074074074074073	2	1	1	0.6095	1	0.6095	0.6095	False	0.79	1.86
2	135743570	C	T	MAP3K19	Missense_Mutation	32	14	46	0.30434782608695654	2	1	1	0.7705	1	0.7705	0.7705	False	0.79	1.86
2	135744273	C	T	MAP3K19	Missense_Mutation	82	54	136	0.39705882352941174	2	1	1	1.0052	1	1.0052	1.0	True	0.79	1.86
2	135779399	T	G	MAP3K19	Missense_Mutation	52	22	74	0.2972972972972973	2	1	1	0.7527	1	0.7527	0.7527	False	0.79	1.86
2	138400065	G	A	THSD7B	Missense_Mutation	95	38	133	0.2857142857142857	2	1	1	0.7233	1	0.7233	0.7233	False	0.79	1.86
2	152492815	T	G	NEB	Missense_Mutation	18	9	27	0.3333333333333333	2	1	1	0.8439	1	0.8439	0.8439	False	0.79	1.86
2	153405583	G	A	FMNL2	Missense_Mutation	22	10	32	0.3125	2	1	1	0.7911	1	0.7911	0.7911	False	0.79	1.86
2	153475610	C	T	FMNL2	Missense_Mutation	19	10	29	0.3448275862068966	2	1	1	0.873	1	0.873	0.873	True	0.79	1.86
2	159522971	C	T	PKP4	Missense_Mutation	93	38	131	0.2900763358778626	2	1	1	0.7344	1	0.7344	0.7344	False	0.79	1.86
2	163393558	G	A	KCNH7	Missense_Mutation	59	36	95	0.37894736842105264	2	1	1	0.9594	1	0.9594	0.9594	True	0.79	1.86
2	165809291	C	T	SLC38A11	Intron	42	29	71	0.4084507042253521	2	1	1	1.0341	1	1.0341	1.0	True	0.79	1.86
2	166859089	G	A	SCN1A	Missense_Mutation	41	25	66	0.3787878787878788	2	1	1	0.959	1	0.959	0.959	True	0.79	1.86
2	167129157	C	T	SCN9A	Missense_Mutation	35	18	53	0.33962264150943394	2	1	1	0.8598	1	0.8598	0.8598	True	0.79	1.86
2	167162390	T	A	SCN9A	Nonsense_Mutation	35	27	62	0.43548387096774194	2	1	1	1.1025	1	1.1025	1.0	True	0.79	1.86
2	167759998	C	T	XIRP2	Silent	40	23	63	0.36507936507936506	2	1	1	0.9243	1	0.9243	0.9243	True	0.79	1.86
2	167760381	C	T	XIRP2	Missense_Mutation	66	24	90	0.26666666666666666	2	1	1	0.6751	1	0.6751	0.6751	False	0.79	1.86
2	168099978	G	A	XIRP2	Silent	35	22	57	0.38596491228070173	2	1	1	0.9771	1	0.9771	0.9771	True	0.79	1.86
2	168108204	G	A	XIRP2	Missense_Mutation	32	36	68	0.5294117647058824	2	1	1	1.3403	1	1.3403	1.0	True	0.79	1.86
2	174229542	G	A	CDCA7	Missense_Mutation	67	29	96	0.3020833333333333	2	1	1	0.7648	1	0.7648	0.7648	False	0.79	1.86
2	175243705	G	A	CIR1	Missense_Mutation	57	27	84	0.32142857142857145	2	1	1	0.8137	1	0.8137	0.8137	False	0.79	1.86
2	179396101	C	T	TTN	Missense_Mutation	65	46	111	0.4144144144144144	2	1	1	1.0492	1	1.0492	1.0	True	0.79	1.86
2	179580319	C	T	TTN	Missense_Mutation	36	15	51	0.29411764705882354	2	1	1	0.7446	1	0.7446	0.7446	False	0.79	1.86
2	179613668	G	A	TTN	Intron	47	32	79	0.4050632911392405	2	1	1	1.0255	1	1.0255	1.0	True	0.79	1.86
2	179634502	G	A	TTN	Missense_Mutation	167	78	245	0.3183673469387755	2	1	1	0.806	1	0.806	0.806	False	0.79	1.86
2	186673690	A	G	FSIP2	Missense_Mutation	15	22	37	0.5945945945945946	2	1	1	1.5053	1	1.5053	1.0	True	0.79	1.86
2	187702078	G	A	ZSWIM2	Missense_Mutation	48	19	67	0.2835820895522388	2	1	1	0.7179	1	0.7179	0.7179	False	0.79	1.86
2	189862072	G	A	COL3A1	Missense_Mutation	32	24	56	0.42857142857142855	2	1	1	1.085	1	1.085	1.0	True	0.79	1.86
2	189904289	C	T	COL5A2	Missense_Mutation	38	13	51	0.2549019607843137	2	1	1	0.6453	1	0.6453	0.6453	False	0.79	1.86
2	189943830	C	T	COL5A2	Missense_Mutation	38	30	68	0.4411764705882353	2	1	1	1.1169	1	1.1169	1.0	True	0.79	1.86
2	196682525	G	A	DNAH7	Missense_Mutation	22	13	35	0.37142857142857144	2	1	1	0.9403	1	0.9403	0.9403	True	0.79	1.86
2	197208412	C	T	HECW2	Nonsense_Mutation	158	100	258	0.3875968992248062	2	1	1	0.9813	1	0.9813	0.9813	True	0.79	1.86
2	198949555	C	T	PLCL1	Silent	47	29	76	0.3815789473684211	2	1	1	0.966	1	0.966	0.966	True	0.79	1.86
2	202215474	G	A	ALS2CR12	Missense_Mutation	26	18	44	0.4090909090909091	2	1	1	1.0357	1	1.0357	1.0	True	0.79	1.86
2	203075522	G	A	SUMO1	Missense_Mutation	46	20	66	0.30303030303030304	2	1	1	0.7672	1	0.7672	0.7672	False	0.79	1.86
2	208994531	G	A	CRYGC	5'UTR	92	52	144	0.3611111111111111	2	1	1	0.9142	1	0.9142	0.9142	True	0.79	1.86
2	211455618	C	T	CPS1	Missense_Mutation	71	34	105	0.3238095238095238	2	1	1	0.8198	1	0.8198	0.8198	False	0.79	1.86
2	211455619	C	A	CPS1	Silent	71	33	104	0.3173076923076923	2	1	1	0.8033	1	0.8033	0.8033	False	0.79	1.86
2	219525811	A	G	BCS1L	Missense_Mutation	61	28	89	0.3146067415730337	2	1	1	0.7965	1	0.7965	0.7965	False	0.79	1.86
2	219825368	G	A	CDK5R2	Missense_Mutation	77	42	119	0.35294117647058826	2	1	1	0.8935	1	0.8935	0.8935	True	0.79	1.86
2	220348848	A	C	SPEG	Missense_Mutation	19	12	31	0.3870967741935484	2	1	1	0.98	1	0.98	0.98	True	0.79	1.86
2	220431639	G	A	OBSL1	Silent	26	21	47	0.44680851063829785	2	1	1	1.1312	1	1.1312	1.0	True	0.79	1.86
2	228104886	G	A	COL4A3	Missense_Mutation	15	7	22	0.3181818181818182	2	1	1	0.8055	1	0.8055	0.8055	False	0.79	1.86
2	228155586	G	A	COL4A3	Missense_Mutation	11	7	18	0.3888888888888889	2	1	1	0.9845	1	0.9845	0.9845	True	0.79	1.86
2	229890376	G	A	PID1	Missense_Mutation	61	23	84	0.27380952380952384	2	1	1	0.6932	1	0.6932	0.6932	False	0.79	1.86
2	229890452	C	T	PID1	Missense_Mutation	55	34	89	0.38202247191011235	2	1	1	0.9671	1	0.9671	0.9671	True	0.79	1.86
2	230411738	G	A	DNER	Silent	60	33	93	0.3548387096774194	2	1	1	0.8983	1	0.8983	0.8983	True	0.79	1.86
2	230910666	A	T	SLC16A14	Silent	31	13	44	0.29545454545454547	2	1	1	0.748	1	0.748	0.748	False	0.79	1.86
2	233244608	G	A	ALPP	Missense_Mutation	44	13	57	0.22807017543859648	2	1	1	0.5774	1	0.5774	0.5774	False	0.79	1.86
2	233422643	T	A	EIF4E2	Missense_Mutation	51	42	93	0.45161290322580644	2	1	1	1.1433	1	1.1433	1.0	True	0.79	1.86
2	237489792	C	T	ACKR3	Silent	41	29	70	0.4142857142857143	2	1	1	1.0488	1	1.0488	1.0	True	0.79	1.86
2	238726978	T	G	RBM44	Silent	55	26	81	0.32098765432098764	2	1	1	0.8126	1	0.8126	0.8126	False	0.79	1.86
2	239010659	C	T	ESPNL	Silent	10	4	14	0.2857142857142857	2	1	1	0.7233	1	0.7233	0.7233	False	0.79	1.86
2	239234471	T	A	TRAF3IP1	Missense_Mutation	28	10	38	0.2631578947368421	2	1	1	0.6662	1	0.6662	0.6662	False	0.79	1.86
2	241533346	C	T	CAPN10	Missense_Mutation	114	61	175	0.3485714285714286	2	1	1	0.8825	1	0.8825	0.8825	True	0.79	1.86
2	242075323	G	A	PASK	Silent	57	39	96	0.40625	2	1	1	1.0285	1	1.0285	1.0	True	0.79	1.86
2	242814229	G	A	CXXC11	Silent	9	10	19	0.5263157894736842	2	1	1	1.3324	1	1.3324	1.0	True	0.79	1.86
3	11885596	G	A	TAMM41	Silent	10	16	26	0.6153846153846154	1	1	0	0.9426	1	0.9426	0.9426	True	0.79	1.86
3	16411787	C	T	RFTN1	Splice_Site	51	77	128	0.6015625	1	1	0	0.9214	1	0.9214	0.9214	True	0.79	1.86
3	25781072	G	A	NGLY1	Missense_Mutation	56	25	81	0.30864197530864196	2	1	1	0.7814	1	0.7814	0.7814	False	0.79	1.86
3	36872412	C	T	TRANK1	Missense_Mutation	49	33	82	0.4024390243902439	2	1	1	1.0188	1	1.0188	1.0	True	0.79	1.86
3	36899226	G	A	TRANK1	Missense_Mutation	80	40	120	0.3333333333333333	2	1	1	0.8439	1	0.8439	0.8439	False	0.79	1.86
3	38793755	T	C	SCN10A	Silent	77	39	116	0.33620689655172414	2	1	1	0.8512	1	0.8512	0.8512	True	0.79	1.86
3	39225664	C	T	XIRP1	Missense_Mutation	89	67	156	0.42948717948717946	2	1	1	1.0873	1	1.0873	1.0	True	0.79	1.86
3	42956297	G	A	ZNF662	Silent	36	28	64	0.4375	2	1	1	1.1076	1	1.1076	1.0	True	0.79	1.86
3	44763909	C	T	ZNF502	Missense_Mutation	54	26	80	0.325	2	1	1	0.8228	1	0.8228	0.8228	False	0.79	1.86
3	45748372	G	A	SACM1L	Silent	26	27	53	0.5094339622641509	2	1	1	1.2897	1	1.2897	1.0	True	0.79	1.86
3	46307148	C	T	CCR3	Missense_Mutation	51	29	80	0.3625	2	1	1	0.9177	1	0.9177	0.9177	True	0.79	1.86
3	46307149	C	T	CCR3	Missense_Mutation	52	31	83	0.37349397590361444	2	1	1	0.9456	1	0.9456	0.9456	True	0.79	1.86
3	46399601	C	T	CCR2	Missense_Mutation	222	137	359	0.3816155988857939	2	1	1	0.9661	1	0.9661	0.9661	True	0.79	1.86
3	46945184	G	A	PTH1R	3'UTR	38	17	55	0.3090909090909091	2	1	1	0.7825	1	0.7825	0.7825	False	0.79	1.86
3	48624701	C	T	COL7A1	Missense_Mutation	10	10	20	0.5	2	1	1	1.2658	1	1.2658	1.0	True	0.79	1.86
3	48691417	G	A	CELSR3	Silent	23	13	36	0.3611111111111111	2	1	1	0.9142	1	0.9142	0.9142	True	0.79	1.86
3	49051357	G	A	WDR6	Missense_Mutation	26	14	40	0.35	2	1	1	0.8861	1	0.8861	0.8861	True	0.79	1.86
3	50223737	G	A	SEMA3F	Missense_Mutation	20	18	38	0.47368421052631576	2	1	1	1.1992	1	1.1992	1.0	True	0.79	1.86
3	50294242	C	T	GNAI2	Silent	35	30	65	0.46153846153846156	2	1	1	1.1685	1	1.1685	1.0	True	0.79	1.86
3	50416522	C	T	CACNA2D2	Splice_Site	17	13	30	0.43333333333333335	2	1	1	1.097	1	1.097	1.0	True	0.79	1.86
3	51297745	C	T	DOCK3	Silent	18	8	26	0.3076923076923077	2	1	1	0.779	1	0.779	0.779	False	0.79	1.86
3	51370667	A	G	DOCK3	Silent	73	30	103	0.2912621359223301	2	1	1	0.7374	1	0.7374	0.7374	False	0.79	1.86
3	52248117	C	T	ALAS1	Missense_Mutation	54	30	84	0.35714285714285715	2	1	1	0.9042	1	0.9042	0.9042	True	0.79	1.86
3	52255454	C	T	TLR9	Missense_Mutation	21	12	33	0.36363636363636365	2	1	1	0.9206	1	0.9206	0.9206	True	0.79	1.86
3	52426985	C	T	DNAH1	Missense_Mutation	78	44	122	0.36065573770491804	2	1	1	0.9131	1	0.9131	0.9131	True	0.79	1.86
3	52457136	C	T	PHF7	Missense_Mutation	68	28	96	0.2916666666666667	2	1	1	0.7384	1	0.7384	0.7384	False	0.79	1.86
3	54676196	C	T	CACNA2D3	Silent	9	19	28	0.6785714285714286	1	1	0	1.0393	1	1.0393	1.0	True	0.79	1.86
3	57843838	C	T	SLMAP	Silent	43	68	111	0.6126126126126126	1	1	0	0.9383	1	0.9383	0.9383	True	0.79	1.86
3	58552279	C	T	FAM107A	3'UTR	10	9	19	0.47368421052631576	1	1	0	0.7255	1	0.7255	0.7255	False	0.79	1.86
3	64587690	G	A	ADAMTS9	Missense_Mutation	72	107	179	0.5977653631284916	1	1	0	0.9156	1	0.9156	0.9156	True	0.79	1.86
3	81698054	G	A	GBE1	Missense_Mutation	26	7	33	0.21212121212121213	2	1	1	0.537	1	0.537	0.537	False	0.79	1.86
3	86115815	G	A	CADM2	Missense_Mutation	34	23	57	0.40350877192982454	2	1	1	1.0215	1	1.0215	1.0	True	0.79	1.86
3	89521711	G	A	EPHA3	Missense_Mutation	50	28	78	0.358974358974359	2	1	1	0.9088	1	0.9088	0.9088	True	0.79	1.86
3	95374238	G	A	MTHFD2P1	RNA	11	8	19	0.42105263157894735	2	1	1	1.066	1	1.066	1.0	True	0.79	1.86
3	95374239	G	A	MTHFD2P1	RNA	11	8	19	0.42105263157894735	2	1	1	1.066	1	1.066	1.0	True	0.79	1.86
3	96706601	C	T	EPHA6	Missense_Mutation	149	101	250	0.404	2	1	1	1.0228	1	1.0228	1.0	True	0.79	1.86
3	97868711	G	A	OR5H14	Missense_Mutation	83	38	121	0.3140495867768595	2	1	1	0.7951	1	0.7951	0.7951	False	0.79	1.86
3	100645200	G	A	ABI3BP	Missense_Mutation	53	19	72	0.2638888888888889	2	1	1	0.6681	1	0.6681	0.6681	False	0.79	1.86
3	101311501	C	T	PCNP	Silent	63	32	95	0.3368421052631579	2	1	1	0.8528	1	0.8528	0.8528	True	0.79	1.86
3	101572119	C	T	NFKBIZ	Missense_Mutation	42	25	67	0.373134328358209	2	1	1	0.9446	1	0.9446	0.9446	True	0.79	1.86
3	108476003	G	A	RETNLB	Silent	22	7	29	0.2413793103448276	2	1	1	0.6111	1	0.6111	0.6111	False	0.79	1.86
3	111263901	G	A	CD96	Missense_Mutation	74	30	104	0.28846153846153844	2	1	1	0.7303	1	0.7303	0.7303	False	0.79	1.86
3	111927084	C	T	SLC9C1	Missense_Mutation	127	85	212	0.4009433962264151	2	1	1	1.015	1	1.015	1.0	True	0.79	1.86
3	113342554	T	A	SIDT1	Missense_Mutation	53	41	94	0.43617021276595747	2	1	1	1.1042	1	1.1042	1.0	True	0.79	1.86
3	114070718	G	A	ZBTB20	Silent	47	35	82	0.4268292682926829	2	1	1	1.0806	1	1.0806	1.0	True	0.79	1.86
3	119367478	G	A	POPDC2	Missense_Mutation	50	35	85	0.4117647058823529	2	1	1	1.0424	1	1.0424	1.0	True	0.79	1.86
3	119462887	C	T	MAATS1	Silent	47	20	67	0.29850746268656714	2	1	1	0.7557	1	0.7557	0.7557	False	0.79	1.86
3	121304901	G	A	ARGFX	Silent	37	16	53	0.3018867924528302	2	1	1	0.7643	1	0.7643	0.7643	False	0.79	1.86
3	121647371	C	T	SLC15A2	Missense_Mutation	83	46	129	0.35658914728682173	2	1	1	0.9028	1	0.9028	0.9028	True	0.79	1.86
3	121649724	C	T	SLC15A2	Silent	32	31	63	0.49206349206349204	2	1	1	1.2457	1	1.2457	1.0	True	0.79	1.86
3	121712403	G	A	ILDR1	Missense_Mutation	27	16	43	0.37209302325581395	2	1	1	0.942	1	0.942	0.942	True	0.79	1.86
3	121976192	C	T	CASR	Silent	40	28	68	0.4117647058823529	2	1	1	1.0424	1	1.0424	1.0	True	0.79	1.86
3	123401111	C	T	MYLK	Silent	10	8	18	0.4444444444444444	2	1	1	1.1252	1	1.1252	1.0	True	0.79	1.86
3	124810994	G	A	SLC12A8	Missense_Mutation	64	34	98	0.3469387755102041	2	1	1	0.8783	1	0.8783	0.8783	True	0.79	1.86
3	126201114	G	A	UROC1	3'UTR	21	8	29	0.27586206896551724	2	1	1	0.6984	1	0.6984	0.6984	False	0.79	1.86
3	127336175	C	T	MCM2	Silent	21	17	38	0.4473684210526316	2	1	1	1.1326	1	1.1326	1.0	True	0.79	1.86
3	128809915	C	G	RAB43	3'UTR	13	7	20	0.35	2	1	1	0.8861	1	0.8861	0.8861	True	0.79	1.86
3	133099320	G	A	TMEM108	Silent	23	9	32	0.28125	2	1	1	0.712	1	0.712	0.712	False	0.79	1.86
3	133910819	C	T	RYK	Missense_Mutation	43	25	68	0.36764705882352944	2	1	1	0.9308	1	0.9308	0.9308	True	0.79	1.86
3	136699297	C	T	IL20RB	Intron	74	51	125	0.408	2	1	1	1.0329	1	1.0329	1.0	True	0.79	1.86
3	139297856	C	T	NMNAT3	Missense_Mutation	24	14	38	0.3684210526315789	2	1	1	0.9327	1	0.9327	0.9327	True	0.79	1.86
3	142985627	C	T	SLC9A9	Missense_Mutation	53	40	93	0.43010752688172044	2	1	1	1.0889	1	1.0889	1.0	True	0.79	1.86
3	146177821	C	T	PLSCR2	Silent	5	4	9	0.4444444444444444	2	1	1	1.1252	1	1.1252	1.0	True	0.79	1.86
3	148459572	C	T	AGTR1	Silent	38	32	70	0.45714285714285713	2	1	1	1.1573	1	1.1573	1.0	True	0.79	1.86
3	150404140	C	T	FAM194A	Silent	44	29	73	0.3972602739726027	2	1	1	1.0057	1	1.0057	1.0	True	0.79	1.86
3	150911442	C	T	MED12L	Missense_Mutation	58	40	98	0.40816326530612246	2	1	1	1.0333	1	1.0333	1.0	True	0.79	1.86
3	150931715	A	T	P2RY14	Silent	43	7	50	0.14	2	1	1	0.3544	1	0.3544	0.3544	False	0.79	1.86
3	151463442	A	G	AADACL2	Missense_Mutation	48	26	74	0.35135135135135137	2	1	1	0.8895	1	0.8895	0.8895	True	0.79	1.86
3	153905608	G	A	ARHGEF26	Missense_Mutation	23	6	29	0.20689655172413793	2	1	1	0.5238	1	0.5238	0.5238	False	0.79	1.86
3	153943635	C	T	ARHGEF26	Intron	31	20	51	0.39215686274509803	2	1	1	0.9928	1	0.9928	0.9928	True	0.79	1.86
3	154138962	C	T	GPR149	Missense_Mutation	74	69	143	0.4825174825174825	2	1	1	1.2216	1	1.2216	1.0	True	0.79	1.86
3	154898211	C	T	MME	Missense_Mutation	120	56	176	0.3181818181818182	2	1	1	0.8055	1	0.8055	0.8055	False	0.79	1.86
3	155215185	G	A	PLCH1	Silent	71	30	101	0.297029702970297	2	1	1	0.752	1	0.752	0.752	False	0.79	1.86
3	170244740	G	A	SLC7A14	5'UTR	8	7	15	0.4666666666666667	2	1	1	1.1814	1	1.1814	1.0	True	0.79	1.86
3	171330184	G	A	PLD1	Missense_Mutation	40	27	67	0.40298507462686567	2	1	1	1.0202	1	1.0202	1.0	True	0.79	1.86
3	173998905	T	A	NLGN1	Missense_Mutation	41	18	59	0.3050847457627119	2	1	1	0.7724	1	0.7724	0.7724	False	0.79	1.86
3	183824092	G	A	HTR3E	Missense_Mutation	13	3	16	0.1875	2	1	1	0.4747	1	0.4747	0.4747	False	0.79	1.86
3	185146352	G	C	MAP3K13	5'UTR	26	16	42	0.38095238095238093	2	1	1	0.9644	1	0.9644	0.9644	True	0.79	1.86
3	185969597	C	T	DGKG	Missense_Mutation	74	45	119	0.37815126050420167	2	1	1	0.9573	1	0.9573	0.9573	True	0.79	1.86
3	189349287	C	T	TP63	5'UTR	58	36	94	0.3829787234042553	2	1	1	0.9696	1	0.9696	0.9696	True	0.79	1.86
3	189612028	C	T	TP63	Nonsense_Mutation	41	29	70	0.4142857142857143	2	1	1	1.0488	1	1.0488	1.0	True	0.79	1.86
3	190106098	C	T	CLDN16	Missense_Mutation	37	12	49	0.24489795918367346	2	1	1	0.62	1	0.62	0.62	False	0.79	1.86
3	196215511	T	C	RNF168	Silent	47	25	72	0.3472222222222222	2	1	1	0.879	1	0.879	0.879	True	0.79	1.86
3	197403774	G	A	KIAA0226	Silent	37	18	55	0.32727272727272727	2	1	1	0.8285	1	0.8285	0.8285	False	0.79	1.86
4	438156	G	A	ZNF721	Missense_Mutation	33	42	75	0.56	2	1	1	1.4177	1	1.4177	1.0	True	0.79	1.86
4	1656818	G	A	FAM53A	Missense_Mutation	9	13	22	0.5909090909090909	3	2	1	2.0869	2	1.0434	1.0	True	0.79	1.86
4	1729447	C	T	TACC3	Silent	337	137	474	0.2890295358649789	3	2	1	1.0207	1	1.0207	1.0	True	0.79	1.86
4	1801058	C	T	FGFR3	Missense_Mutation	38	57	95	0.6	3	2	1	2.119	2	1.0595	1.0	True	0.79	1.86
4	3129175	C	T	HTT	Silent	39	14	53	0.2641509433962264	3	2	1	0.9329	1	0.9329	0.9329	True	0.79	1.86
4	15005680	C	T	CPEB2	Silent	23	12	35	0.34285714285714286	3	2	1	1.2108	1	1.2108	1.0	True	0.79	1.86
4	17516864	C	T	CLRN2	5'UTR	26	26	52	0.5	3	2	1	1.7658	2	0.8829	0.8829	True	0.79	1.86
4	17805353	G	A	DCAF16	Missense_Mutation	203	80	283	0.2826855123674912	3	2	1	0.9983	1	0.9983	0.9983	True	0.79	1.86
4	20611774	T	A	SLIT2	Silent	23	28	51	0.5490196078431373	3	2	1	1.9389	2	0.9695	0.9695	True	0.79	1.86
4	25379079	C	T	ANAPC4	Silent	37	12	49	0.24489795918367346	3	2	1	0.8649	1	0.8649	0.8649	True	0.79	1.86
4	40045197	G	A	RP11-333E13.4	RNA	13	8	21	0.38095238095238093	2	1	1	0.9644	1	0.9644	0.9644	True	0.79	1.86
4	40108641	C	T	N4BP2	Missense_Mutation	45	25	70	0.35714285714285715	2	1	1	0.9042	1	0.9042	0.9042	True	0.79	1.86
4	43032575	G	A	GRXCR1	3'UTR	52	42	94	0.44680851063829785	2	1	1	1.1312	1	1.1312	1.0	True	0.79	1.86
4	48147256	G	A	TEC	Missense_Mutation	51	31	82	0.3780487804878049	2	1	1	0.9571	1	0.9571	0.9571	True	0.79	1.86
4	71691860	T	C	GRSF1	Missense_Mutation	11	22	33	0.6666666666666666	1	1	0	1.0211	1	1.0211	1.0	True	0.79	1.86
4	77003118	G	A	ART3	Missense_Mutation	8	26	34	0.7647058823529411	1	1	0	1.1713	1	1.1713	1.0	True	0.79	1.86
4	80246535	T	C	NAA11	Missense_Mutation	5	10	15	0.6666666666666666	1	1	0	1.0211	1	1.0211	1.0	True	0.79	1.86
4	82125774	G	A	PRKG2	Missense_Mutation	109	127	236	0.538135593220339	1	1	0	0.8242	1	0.8242	0.8242	False	0.79	1.86
4	85731479	G	A	WDFY3	Nonsense_Mutation	9	13	22	0.5909090909090909	1	1	0	0.9051	1	0.9051	0.9051	True	0.79	1.86
4	87724993	C	T	PTPN13	Missense_Mutation	26	52	78	0.6666666666666666	1	1	0	1.0211	1	1.0211	1.0	True	0.79	1.86
4	88534101	G	A	DSPP	Missense_Mutation	15	24	39	0.6153846153846154	1	1	0	0.9426	1	0.9426	0.9426	True	0.79	1.86
4	102117259	G	A	PPP3CA	Missense_Mutation	12	12	24	0.5	1	1	0	0.7658	1	0.7658	0.7658	False	0.79	1.86
4	110745127	T	A	GAR1	Missense_Mutation	39	81	120	0.675	1	1	0	1.0339	1	1.0339	1.0	True	0.79	1.86
4	128685492	G	A	SLC25A31	Missense_Mutation	25	35	60	0.5833333333333334	1	1	0	0.8935	1	0.8935	0.8935	True	0.79	1.86
4	138453255	G	A	PCDH18	5'UTR	21	20	41	0.4878048780487805	1	1	0	0.7471	1	0.7471	0.7471	False	0.79	1.86
4	141320054	C	T	CLGN	Missense_Mutation	47	50	97	0.5154639175257731	1	1	0	0.7895	1	0.7895	0.7895	False	0.79	1.86
4	146823846	A	T	ZNF827	Missense_Mutation	18	26	44	0.5909090909090909	1	1	0	0.9051	1	0.9051	0.9051	True	0.79	1.86
4	154626372	G	C	TLR2	Silent	18	29	47	0.6170212765957447	1	1	0	0.9451	1	0.9451	0.9451	True	0.79	1.86
4	155219727	C	T	DCHS2	Silent	21	38	59	0.6440677966101694	1	1	0	0.9865	1	0.9865	0.9865	True	0.79	1.86
4	156638326	G	A	GUCY1A3	Missense_Mutation	15	27	42	0.6428571428571429	1	1	0	0.9846	1	0.9846	0.9846	True	0.79	1.86
4	164247360	T	A	NPY1R	Missense_Mutation	7	10	17	0.5882352941176471	1	1	0	0.901	1	0.901	0.901	True	0.79	1.86
4	164247362	C	A	NPY1R	Missense_Mutation	9	10	19	0.5263157894736842	1	1	0	0.8061	1	0.8061	0.8061	False	0.79	1.86
5	6751215	C	T	PAPD7	Missense_Mutation	60	24	84	0.2857142857142857	2	1	1	0.7233	1	0.7233	0.7233	False	0.79	1.86
5	7835598	G	A	C5orf49	Missense_Mutation	34	24	58	0.41379310344827586	2	1	1	1.0476	1	1.0476	1.0	True	0.79	1.86
5	13780988	C	T	DNAH5	Silent	21	19	40	0.475	2	1	1	1.2025	1	1.2025	1.0	True	0.79	1.86
5	13841889	G	A	DNAH5	Missense_Mutation	40	29	69	0.42028985507246375	2	1	1	1.064	1	1.064	1.0	True	0.79	1.86
5	13891132	G	A	DNAH5	Missense_Mutation	120	76	196	0.3877551020408163	2	1	1	0.9817	1	0.9817	0.9817	True	0.79	1.86
5	14769104	G	A	ANKH	Missense_Mutation	46	32	78	0.41025641025641024	2	1	1	1.0386	1	1.0386	1.0	True	0.79	1.86
5	26988458	G	A	CDH9	5'UTR	26	23	49	0.46938775510204084	2	1	1	1.1883	1	1.1883	1.0	True	0.79	1.86
5	31305377	G	A	CDH6	Missense_Mutation	37	27	64	0.421875	2	1	1	1.068	1	1.068	1.0	True	0.79	1.86
5	31313484	G	A	CDH6	Missense_Mutation	55	55	110	0.5	2	1	1	1.2658	1	1.2658	1.0	True	0.79	1.86
5	32058184	C	T	PDZD2	Silent	23	19	42	0.4523809523809524	2	1	1	1.1453	1	1.1453	1.0	True	0.79	1.86
5	35065712	G	A	PRLR	Silent	98	46	144	0.3194444444444444	2	1	1	0.8087	1	0.8087	0.8087	False	0.79	1.86
5	38406929	G	A	EGFLAM	Splice_Site	18	15	33	0.45454545454545453	2	1	1	1.1507	1	1.1507	1.0	True	0.79	1.86
5	41019062	G	A	MROH2B	Missense_Mutation	37	10	47	0.2127659574468085	2	1	1	0.5386	1	0.5386	0.5386	False	0.79	1.86
5	41038872	G	A	MROH2B	Missense_Mutation	28	12	40	0.3	2	1	1	0.7595	1	0.7595	0.7595	False	0.79	1.86
5	41061769	G	A	MROH2B	Missense_Mutation	68	36	104	0.34615384615384615	2	1	1	0.8763	1	0.8763	0.8763	True	0.79	1.86
5	41061770	G	A	MROH2B	Missense_Mutation	67	35	102	0.3431372549019608	2	1	1	0.8687	1	0.8687	0.8687	True	0.79	1.86
5	41065470	G	A	MROH2B	Silent	24	11	35	0.3142857142857143	2	1	1	0.7957	1	0.7957	0.7957	False	0.79	1.86
5	41150037	C	T	C6	Missense_Mutation	33	18	51	0.35294117647058826	2	1	1	0.8935	1	0.8935	0.8935	True	0.79	1.86
5	54281074	G	A	ESM1	Missense_Mutation	74	44	118	0.3728813559322034	2	1	1	0.944	1	0.944	0.944	True	0.79	1.86
5	55110939	C	T	DDX4	Silent	97	55	152	0.3618421052631579	2	1	1	0.9161	1	0.9161	0.9161	True	0.79	1.86
5	57750400	G	A	PLK2	3'UTR	41	27	68	0.39705882352941174	2	1	1	1.0052	1	1.0052	1.0	True	0.79	1.86
5	57790678	A	T	GAPT	Silent	48	40	88	0.45454545454545453	2	1	1	1.1507	1	1.1507	1.0	True	0.79	1.86
5	61832575	T	C	IPO11	Silent	27	20	47	0.425531914893617	2	1	1	1.0773	1	1.0773	1.0	True	0.79	1.86
5	63496695	C	T	RNF180	Missense_Mutation	42	20	62	0.3225806451612903	2	1	1	0.8167	1	0.8167	0.8167	False	0.79	1.86
5	68665291	G	C	TAF9	Intron	24	11	35	0.3142857142857143	2	1	1	0.7957	1	0.7957	0.7957	False	0.79	1.86
5	70855835	T	A	BDP1	Missense_Mutation	38	25	63	0.3968253968253968	2	1	1	1.0046	1	1.0046	1.0	True	0.79	1.86
5	73989524	T	A	HEXB	Nonsense_Mutation	37	33	70	0.4714285714285714	2	1	1	1.1935	1	1.1935	1.0	True	0.79	1.86
5	75997022	G	A	IQGAP2	Missense_Mutation	45	34	79	0.43037974683544306	2	1	1	1.0896	1	1.0896	1.0	True	0.79	1.86
5	79747353	C	T	ZFYVE16	Silent	38	26	64	0.40625	2	1	1	1.0285	1	1.0285	1.0	True	0.79	1.86
5	89949088	C	T	GPR98	Missense_Mutation	29	11	40	0.275	2	1	1	0.6962	1	0.6962	0.6962	False	0.79	1.86
5	89990185	T	A	GPR98	Missense_Mutation	50	24	74	0.32432432432432434	2	1	1	0.8211	1	0.8211	0.8211	False	0.79	1.86
5	90020993	G	A	GPR98	Missense_Mutation	30	8	38	0.21052631578947367	2	1	1	0.533	1	0.533	0.533	False	0.79	1.86
5	95728987	C	T	PCSK1	Silent	48	20	68	0.29411764705882354	2	1	1	0.7446	1	0.7446	0.7446	False	0.79	1.86
5	95761620	T	C	PCSK1	Silent	24	20	44	0.45454545454545453	2	1	1	1.1507	1	1.1507	1.0	True	0.79	1.86
5	108523217	C	T	FER	Missense_Mutation	38	34	72	0.4722222222222222	2	1	1	1.1955	1	1.1955	1.0	True	0.79	1.86
5	110411878	C	T	TSLP	3'Flank	11	11	22	0.5	2	1	1	1.2658	1	1.2658	1.0	True	0.79	1.86
5	112896808	C	T	YTHDC2	Missense_Mutation	37	9	46	0.1956521739130435	2	1	1	0.4953	1	0.4953	0.4953	False	0.79	1.86
5	115336900	T	C	AQPEP	Missense_Mutation	90	43	133	0.3233082706766917	2	1	1	0.8185	1	0.8185	0.8185	False	0.79	1.86
5	137223019	G	A	MYOT	Missense_Mutation	41	26	67	0.3880597014925373	2	1	1	0.9824	1	0.9824	0.9824	True	0.79	1.86
5	140075147	C	T	HARS2	Missense_Mutation	83	41	124	0.33064516129032256	2	1	1	0.8371	1	0.8371	0.8371	False	0.79	1.86
5	140209499	C	T	PCDHA6	Missense_Mutation	31	9	40	0.225	2	1	1	0.5696	1	0.5696	0.5696	False	0.79	1.86
5	140222071	C	T	PCDHA8	Silent	91	68	159	0.4276729559748428	2	1	1	1.0827	1	1.0827	1.0	True	0.79	1.86
5	140236204	C	T	PCDHA10	Missense_Mutation	46	38	84	0.4523809523809524	2	1	1	1.1453	1	1.1453	1.0	True	0.79	1.86
5	140236476	C	T	PCDHA10	Silent	41	23	64	0.359375	2	1	1	0.9098	1	0.9098	0.9098	True	0.79	1.86
5	140432091	G	A	PCDHB1	Missense_Mutation	44	23	67	0.34328358208955223	2	1	1	0.8691	1	0.8691	0.8691	True	0.79	1.86
5	140502954	C	T	PCDHB4	Silent	70	25	95	0.2631578947368421	2	1	1	0.6662	1	0.6662	0.6662	False	0.79	1.86
5	140517259	A	T	PCDHB5	Missense_Mutation	103	56	159	0.3522012578616352	2	1	1	0.8916	1	0.8916	0.8916	True	0.79	1.86
5	140552862	G	A	PCDHB7	Missense_Mutation	50	24	74	0.32432432432432434	2	1	1	0.8211	1	0.8211	0.8211	False	0.79	1.86
5	140553921	C	T	PCDHB7	Missense_Mutation	51	37	88	0.42045454545454547	2	1	1	1.0644	1	1.0644	1.0	True	0.79	1.86
5	140718655	C	T	PCDHGA2	Silent	42	17	59	0.288135593220339	2	1	1	0.7295	1	0.7295	0.7295	False	0.79	1.86
5	140750199	G	A	PCDHGB3	Missense_Mutation	176	88	264	0.3333333333333333	2	1	1	0.8439	1	0.8439	0.8439	False	0.79	1.86
5	140769813	C	T	PCDHGB4	Missense_Mutation	123	46	169	0.27218934911242604	2	1	1	0.6891	1	0.6891	0.6891	False	0.79	1.86
5	140774627	C	T	PCDHGA8	Silent	23	33	56	0.5892857142857143	2	1	1	1.4919	1	1.4919	1.0	True	0.79	1.86
5	140803134	C	T	PCDHGA11	Silent	34	15	49	0.30612244897959184	2	1	1	0.775	1	0.775	0.775	False	0.79	1.86
5	140811671	C	T	PCDHGA12	Missense_Mutation	44	9	53	0.16981132075471697	2	1	1	0.4299	1	0.4299	0.4299	False	0.79	1.86
5	141248667	G	A	PCDH1	Nonsense_Mutation	28	14	42	0.3333333333333333	2	1	1	0.8439	1	0.8439	0.8439	False	0.79	1.86
5	147019205	C	T	JAKMIP2	Missense_Mutation	261	140	401	0.3491271820448878	2	1	1	0.8839	1	0.8839	0.8839	True	0.79	1.86
5	147040616	G	A	JAKMIP2	Silent	131	79	210	0.3761904761904762	2	1	1	0.9524	1	0.9524	0.9524	True	0.79	1.86
5	148685890	C	T	AFAP1L1	Missense_Mutation	11	5	16	0.3125	2	1	1	0.7911	1	0.7911	0.7911	False	0.79	1.86
5	150071404	G	A	RBM22	Missense_Mutation	46	25	71	0.352112676056338	2	1	1	0.8914	1	0.8914	0.8914	True	0.79	1.86
5	150885259	C	T	FAT2	Missense_Mutation	23	9	32	0.28125	2	1	1	0.712	1	0.712	0.712	False	0.79	1.86
5	153855395	G	A	HAND1	Nonsense_Mutation	30	16	46	0.34782608695652173	2	1	1	0.8806	1	0.8806	0.8806	True	0.79	1.86
5	154190829	C	T	LARP1	Nonsense_Mutation	37	18	55	0.32727272727272727	2	1	1	0.8285	1	0.8285	0.8285	False	0.79	1.86
5	158634789	T	C	RNF145	Intron	198	108	306	0.35294117647058826	2	1	1	0.8935	1	0.8935	0.8935	True	0.79	1.86
5	159822450	G	A	C5orf54	Silent	82	30	112	0.26785714285714285	2	1	1	0.6781	1	0.6781	0.6781	False	0.79	1.86
5	160721128	G	A	GABRB2	Missense_Mutation	25	21	46	0.45652173913043476	2	1	1	1.1558	1	1.1558	1.0	True	0.79	1.86
5	161569269	C	T	GABRG2	Missense_Mutation	41	31	72	0.4305555555555556	2	1	1	1.09	1	1.09	1.0	True	0.79	1.86
5	161580099	G	A	GABRG2	Missense_Mutation	43	19	62	0.3064516129032258	2	1	1	0.7758	1	0.7758	0.7758	False	0.79	1.86
5	169535126	G	A	FOXI1	Silent	46	27	73	0.3698630136986301	2	1	1	0.9364	1	0.9364	0.9364	True	0.79	1.86
5	170239061	C	T	GABRP	Silent	47	21	68	0.3088235294117647	2	1	1	0.7818	1	0.7818	0.7818	False	0.79	1.86
5	170667979	C	T	RANBP17	Missense_Mutation	101	64	165	0.3878787878787879	2	1	1	0.982	1	0.982	0.982	True	0.79	1.86
5	176084784	G	A	TSPAN17	3'UTR	12	3	15	0.2	2	1	1	0.5063	1	0.5063	0.5063	False	0.79	1.86
6	12123591	G	A	HIVEP1	Missense_Mutation	29	20	49	0.40816326530612246	2	1	1	1.0333	1	1.0333	1.0	True	0.79	1.86
6	17292459	A	T	RBM24	3'UTR	8	4	12	0.3333333333333333	2	1	1	0.8439	1	0.8439	0.8439	False	0.79	1.86
6	24653351	T	C	TDP2	Missense_Mutation	185	123	308	0.39935064935064934	2	1	1	1.011	1	1.011	1.0	True	0.79	1.86
6	26108317	G	A	HIST1H1T	Missense_Mutation	27	12	39	0.3076923076923077	2	1	1	0.779	1	0.779	0.779	False	0.79	1.86
6	29054546	A	T	OR2B3	Silent	30	14	44	0.3181818181818182	2	1	1	0.8055	1	0.8055	0.8055	False	0.79	1.86
6	29581119	G	A	GABBR1	Silent	62	38	100	0.38	2	1	1	0.962	1	0.962	0.962	True	0.79	1.86
6	29640508	C	T	ZFP57	Silent	51	21	72	0.2916666666666667	2	1	1	0.7384	1	0.7384	0.7384	False	0.79	1.86
6	30860301	G	A	DDR1	Missense_Mutation	57	22	79	0.27848101265822783	2	1	1	0.705	1	0.705	0.705	False	0.79	1.86
6	31496962	G	A	MCCD1	Silent	32	11	43	0.2558139534883721	2	1	1	0.6476	1	0.6476	0.6476	False	0.79	1.86
6	32017250	G	A	TNXB	5'Flank	223	135	358	0.3770949720670391	2	1	1	0.9547	1	0.9547	0.9547	True	0.79	1.86
6	32038104	G	A	TNXB	Missense_Mutation	123	63	186	0.3387096774193548	2	1	1	0.8575	1	0.8575	0.8575	True	0.79	1.86
6	32063453	C	T	TNXB	Missense_Mutation	159	99	258	0.38372093023255816	2	1	1	0.9714	1	0.9714	0.9714	True	0.79	1.86
6	33135229	C	T	COL11A2	Missense_Mutation	14	11	25	0.44	2	1	1	1.1139	1	1.1139	1.0	True	0.79	1.86
6	34499429	G	A	PACSIN1	Missense_Mutation	97	46	143	0.32167832167832167	2	1	1	0.8144	1	0.8144	0.8144	False	0.79	1.86
6	35208186	C	T	SCUBE3	Missense_Mutation	32	16	48	0.3333333333333333	2	1	1	0.8439	1	0.8439	0.8439	False	0.79	1.86
6	35754864	G	A	CLPSL1	Silent	53	8	61	0.13114754098360656	2	1	1	0.332	1	0.332	0.332	False	0.79	1.86
6	38843575	C	T	DNAH8	Missense_Mutation	38	14	52	0.2692307692307692	2	1	1	0.6816	1	0.6816	0.6816	False	0.79	1.86
6	38843576	C	T	DNAH8	Silent	36	14	50	0.28	2	1	1	0.7089	1	0.7089	0.7089	False	0.79	1.86
6	38885135	G	A	DNAH8	Missense_Mutation	46	27	73	0.3698630136986301	2	1	1	0.9364	1	0.9364	0.9364	True	0.79	1.86
6	39040774	G	A	GLP1R	Missense_Mutation	40	17	57	0.2982456140350877	2	1	1	0.7551	1	0.7551	0.7551	False	0.79	1.86
6	40400449	T	A	LRFN2	Missense_Mutation	21	16	37	0.43243243243243246	2	1	1	1.0948	1	1.0948	1.0	True	0.79	1.86
6	43227423	G	A	TTBK1	Missense_Mutation	4	5	9	0.5555555555555556	2	1	1	1.4065	1	1.4065	1.0	True	0.79	1.86
6	43267668	G	A	SLC22A7	Missense_Mutation	45	29	74	0.3918918918918919	2	1	1	0.9921	1	0.9921	0.9921	True	0.79	1.86
6	43479876	A	T	YIPF3	3'UTR	88	37	125	0.296	2	1	1	0.7494	1	0.7494	0.7494	False	0.79	1.86
6	44120422	C	T	TMEM63B	Silent	24	19	43	0.4418604651162791	2	1	1	1.1186	1	1.1186	1.0	True	0.79	1.86
6	44253959	G	A	TCTE1	Silent	31	19	50	0.38	2	1	1	0.962	1	0.962	0.962	True	0.79	1.86
6	46874485	C	T	GPR116	Silent	46	34	80	0.425	2	1	1	1.0759	1	1.0759	1.0	True	0.79	1.86
6	47754326	A	C	OPN5	Missense_Mutation	49	17	66	0.25757575757575757	2	1	1	0.6521	1	0.6521	0.6521	False	0.79	1.86
6	52993715	C	T	GCM1	Silent	72	29	101	0.2871287128712871	2	1	1	0.7269	1	0.7269	0.7269	False	0.79	1.86
6	52993716	C	T	GCM1	Missense_Mutation	72	29	101	0.2871287128712871	2	1	1	0.7269	1	0.7269	0.7269	False	0.79	1.86
6	54804969	C	T	FAM83B	Silent	54	38	92	0.41304347826086957	2	1	1	1.0457	1	1.0457	1.0	True	0.79	1.86
6	54806277	G	A	FAM83B	Silent	21	8	29	0.27586206896551724	2	1	1	0.6984	1	0.6984	0.6984	False	0.79	1.86
6	55216368	G	A	GFRAL	Missense_Mutation	36	11	47	0.23404255319148937	2	1	1	0.5925	1	0.5925	0.5925	False	0.79	1.86
6	55223744	G	A	GFRAL	Missense_Mutation	76	28	104	0.2692307692307692	2	1	1	0.6816	1	0.6816	0.6816	False	0.79	1.86
6	56919312	G	A	KIAA1586	Missense_Mutation	28	8	36	0.2222222222222222	2	1	1	0.5626	1	0.5626	0.5626	False	0.79	1.86
6	57512661	G	A	PRIM2	3'UTR	507	74	581	0.12736660929432014	2	1	1	0.3224	1	0.3224	0.3224	False	0.79	1.86
6	70070771	G	A	BAI3	Silent	49	18	67	0.26865671641791045	2	1	1	0.6801	1	0.6801	0.6801	False	0.79	1.86
6	70672762	G	A	COL19A1	Silent	30	20	50	0.4	2	1	1	1.0127	1	1.0127	1.0	True	0.79	1.86
6	71004230	G	A	COL9A1	Silent	92	46	138	0.3333333333333333	2	1	1	0.8439	1	0.8439	0.8439	False	0.79	1.86
6	74155359	G	A	MB21D1	Missense_Mutation	40	33	73	0.4520547945205479	2	1	1	1.1444	1	1.1444	1.0	True	0.79	1.86
6	86197192	G	A	NT5E	Silent	99	63	162	0.3888888888888889	2	1	1	0.9845	1	0.9845	0.9845	True	0.79	1.86
6	87964629	T	C	ZNF292	Silent	33	21	54	0.3888888888888889	2	1	1	0.9845	1	0.9845	0.9845	True	0.79	1.86
6	90380733	C	T	MDN1	Missense_Mutation	54	20	74	0.2702702702702703	2	1	1	0.6842	1	0.6842	0.6842	False	0.79	1.86
6	90385895	C	T	MDN1	Missense_Mutation	56	29	85	0.3411764705882353	2	1	1	0.8637	1	0.8637	0.8637	True	0.79	1.86
6	94120121	G	A	EPHA7	Intron	13	10	23	0.43478260869565216	2	1	1	1.1007	1	1.1007	1.0	True	0.79	1.86
6	109274487	C	T	ARMC2	Silent	28	7	35	0.2	2	1	1	0.5063	1	0.5063	0.5063	False	0.79	1.86
6	109274488	C	T	ARMC2	Missense_Mutation	28	7	35	0.2	2	1	1	0.5063	1	0.5063	0.5063	False	0.79	1.86
6	110110840	A	C	FIG4	Missense_Mutation	60	29	89	0.3258426966292135	2	1	1	0.8249	1	0.8249	0.8249	False	0.79	1.86
6	110734509	G	A	DDO	Missense_Mutation	43	34	77	0.44155844155844154	2	1	1	1.1179	1	1.1179	1.0	True	0.79	1.86
6	110988704	G	A	CDK19	Missense_Mutation	47	37	84	0.44047619047619047	2	1	1	1.1151	1	1.1151	1.0	True	0.79	1.86
6	112671051	G	A	RFPL4B	Silent	15	12	27	0.4444444444444444	2	1	1	1.1252	1	1.1252	1.0	True	0.79	1.86
6	116574216	G	A	TSPYL4	Missense_Mutation	36	17	53	0.32075471698113206	2	1	1	0.812	1	0.812	0.812	False	0.79	1.86
6	117114369	G	A	GPRC6A	Missense_Mutation	12	9	21	0.42857142857142855	2	1	1	1.085	1	1.085	1.0	True	0.79	1.86
6	117116901	G	A	GPRC6A	Missense_Mutation	53	26	79	0.3291139240506329	2	1	1	0.8332	1	0.8332	0.8332	False	0.79	1.86
6	119569520	C	T	MAN1A1	Splice_Site	19	16	35	0.45714285714285713	2	1	1	1.1573	1	1.1573	1.0	True	0.79	1.86
6	126080650	G	A	HEY2	Missense_Mutation	115	59	174	0.3390804597701149	2	1	1	0.8584	1	0.8584	0.8584	True	0.79	1.86
6	128400043	C	T	PTPRK	Missense_Mutation	75	49	124	0.3951612903225806	2	1	1	1.0004	1	1.0004	1.0	True	0.79	1.86
6	129635813	G	A	LAMA2	Missense_Mutation	29	13	42	0.30952380952380953	2	1	1	0.7836	1	0.7836	0.7836	False	0.79	1.86
6	130762228	C	T	TMEM200A	Nonsense_Mutation	34	16	50	0.32	2	1	1	0.8101	1	0.8101	0.8101	False	0.79	1.86
6	131277475	G	A	EPB41L2	Missense_Mutation	61	41	102	0.4019607843137255	2	1	1	1.0176	1	1.0176	1.0	True	0.79	1.86
6	133049906	C	T	VNN3	Missense_Mutation	39	18	57	0.3157894736842105	2	1	1	0.7995	1	0.7995	0.7995	False	0.79	1.86
6	133834096	G	A	EYA4	Missense_Mutation	34	20	54	0.37037037037037035	2	1	1	0.9376	1	0.9376	0.9376	True	0.79	1.86
6	136597503	T	C	BCLAF1	Missense_Mutation	265	52	317	0.1640378548895899	2	1	1	0.4153	1	0.4153	0.4153	False	0.79	1.86
6	139498230	C	A	HECA	Silent	16	6	22	0.2727272727272727	2	1	1	0.6904	1	0.6904	0.6904	False	0.79	1.86
6	142409714	C	T	NMBR	Missense_Mutation	25	14	39	0.358974358974359	2	1	1	0.9088	1	0.9088	0.9088	True	0.79	1.86
6	144070141	C	T	PHACTR2	Silent	22	10	32	0.3125	2	1	1	0.7911	1	0.7911	0.7911	False	0.79	1.86
6	150059891	G	A	NUP43	Missense_Mutation	85	43	128	0.3359375	2	1	1	0.8505	1	0.8505	0.8505	True	0.79	1.86
6	160239996	T	A	PNLDC1	Missense_Mutation	58	34	92	0.3695652173913043	2	1	1	0.9356	1	0.9356	0.9356	True	0.79	1.86
6	161139332	C	T	PLG	Missense_Mutation	59	30	89	0.33707865168539325	2	1	1	0.8534	1	0.8534	0.8534	True	0.79	1.86
6	163984665	T	A	QKI	Nonsense_Mutation	37	31	68	0.45588235294117646	2	1	1	1.1541	1	1.1541	1.0	True	0.79	1.86
6	167755067	T	A	TTLL2	Missense_Mutation	42	18	60	0.3	2	1	1	0.7595	1	0.7595	0.7595	False	0.79	1.86
7	872193	C	T	SUN1	Missense_Mutation	9	9	18	0.5	3	2	1	1.7658	2	0.8829	0.8829	True	0.79	1.86
7	4050701	G	A	SDK1	Silent	26	8	34	0.23529411764705882	3	2	1	0.831	1	0.831	0.831	False	0.79	1.86
7	4830963	C	T	AP5Z1	Silent	7	5	12	0.4166666666666667	3	2	1	1.4715	1	1.4715	1.0	True	0.79	1.86
7	4946935	G	A	MMD2	3'UTR	9	10	19	0.5263157894736842	3	2	1	1.8588	2	0.9294	0.9294	True	0.79	1.86
7	5103441	T	C	RBAK	Silent	42	37	79	0.46835443037974683	3	2	1	1.6541	2	0.827	0.827	False	0.79	1.86
7	8125850	C	T	GLCCI1	Silent	243	67	310	0.2161290322580645	3	2	1	0.7633	1	0.7633	0.7633	False	0.79	1.86
7	18066477	G	A	PRPS1L1	Missense_Mutation	184	201	385	0.522077922077922	3	2	1	1.8438	2	0.9219	0.9219	True	0.79	1.86
7	18669046	C	T	HDAC9	Silent	25	30	55	0.5454545454545454	3	2	1	1.9264	2	0.9632	0.9632	True	0.79	1.86
7	18705909	G	A	HDAC9	Missense_Mutation	115	32	147	0.21768707482993196	3	2	1	0.7688	1	0.7688	0.7688	False	0.79	1.86
7	21628202	G	A	DNAH11	Missense_Mutation	81	112	193	0.5803108808290155	3	2	1	2.0495	2	1.0247	1.0	True	0.79	1.86
7	21628203	T	A	DNAH11	Missense_Mutation	78	111	189	0.5873015873015873	3	2	1	2.0741	2	1.0371	1.0	True	0.79	1.86
7	21630843	A	T	DNAH11	Missense_Mutation	29	44	73	0.6027397260273972	3	2	1	2.1287	2	1.0643	1.0	True	0.79	1.86
7	23391174	C	G	IGF2BP3	Missense_Mutation	48	35	83	0.42168674698795183	3	2	1	1.4892	1	1.4892	1.0	True	0.79	1.86
7	23391184	T	A	IGF2BP3	Silent	49	31	80	0.3875	3	2	1	1.3685	1	1.3685	1.0	True	0.79	1.86
7	30921964	C	T	FAM188B	Missense_Mutation	19	6	25	0.24	3	2	1	0.8476	1	0.8476	0.8476	False	0.79	1.86
7	34851447	C	T	NPSR1	Silent	82	90	172	0.5232558139534884	3	2	1	1.848	2	0.924	0.924	True	0.79	1.86
7	35244129	C	T	TBX20	Missense_Mutation	43	15	58	0.25862068965517243	3	2	1	0.9134	1	0.9134	0.9134	True	0.79	1.86
7	45005329	C	T	MYO1G	Missense_Mutation	32	13	45	0.28888888888888886	3	2	1	1.0203	1	1.0203	1.0	True	0.79	1.86
7	47694908	G	A	C7orf65	Missense_Mutation	30	8	38	0.21052631578947367	3	2	1	0.7435	1	0.7435	0.7435	False	0.79	1.86
7	47882569	C	T	PKD1L1	Silent	63	21	84	0.25	3	2	1	0.8829	1	0.8829	0.8829	True	0.79	1.86
7	47894550	C	T	PKD1L1	Missense_Mutation	82	34	116	0.29310344827586204	3	2	1	1.0351	1	1.0351	1.0	True	0.79	1.86
7	48308582	C	T	ABCA13	Missense_Mutation	18	24	42	0.5714285714285714	3	2	1	2.0181	2	1.009	1.0	True	0.79	1.86
7	50070802	A	T	ZPBP	Missense_Mutation	99	47	146	0.3219178082191781	3	2	1	1.1369	1	1.1369	1.0	True	0.79	1.86
7	57188644	G	A	ZNF479	Missense_Mutation	51	37	88	0.42045454545454547	3	2	1	1.4849	1	1.4849	1.0	True	0.79	1.86
7	57188759	C	T	ZNF479	Silent	88	68	156	0.4358974358974359	3	2	1	1.5394	2	0.7697	0.7697	False	0.79	1.86
7	62752480	C	T	ZNF733P	RNA	19	8	27	0.2962962962962963	3	2	1	1.0464	1	1.0464	1.0	True	0.79	1.86
7	63726795	C	T	ZNF679	Missense_Mutation	14	7	21	0.3333333333333333	3	2	1	1.1772	1	1.1772	1.0	True	0.79	1.86
7	66273942	C	A	KCTD7	Missense_Mutation	54	29	83	0.3493975903614458	3	2	1	1.2339	1	1.2339	1.0	True	0.79	1.86
7	72413513	C	T	POM121	Missense_Mutation	114	27	141	0.19148936170212766	3	2	1	0.6763	1	0.6763	0.6763	False	0.79	1.86
7	72413539	C	T	POM121	Missense_Mutation	129	34	163	0.2085889570552147	3	2	1	0.7367	1	0.7367	0.7367	False	0.79	1.86
7	73012022	G	A	MLXIPL	Missense_Mutation	28	24	52	0.46153846153846156	3	2	1	1.63	2	0.815	0.815	False	0.79	1.86
7	73184200	C	T	CLDN3	Silent	33	13	46	0.2826086956521739	3	2	1	0.9981	1	0.9981	0.9981	True	0.79	1.86
7	76908140	A	T	CCDC146	Missense_Mutation	46	24	70	0.34285714285714286	3	2	1	1.2108	1	1.2108	1.0	True	0.79	1.86
7	77708295	G	A	MAGI2	Silent	126	68	194	0.35051546391752575	3	2	1	1.2379	1	1.2379	1.0	True	0.79	1.86
7	82475907	C	T	PCLO	Missense_Mutation	55	23	78	0.2948717948717949	3	2	1	1.0414	1	1.0414	1.0	True	0.79	1.86
7	82544905	G	A	PCLO	Missense_Mutation	51	62	113	0.5486725663716814	3	2	1	1.9377	2	0.9689	0.9689	True	0.79	1.86
7	82584970	A	C	PCLO	Missense_Mutation	178	50	228	0.21929824561403508	3	2	1	0.7745	1	0.7745	0.7745	False	0.79	1.86
7	82585451	C	T	PCLO	Silent	269	88	357	0.24649859943977592	3	2	1	0.8705	1	0.8705	0.8705	True	0.79	1.86
7	82785303	C	T	PCLO	Silent	20	28	48	0.5833333333333334	3	2	1	2.0601	2	1.0301	1.0	True	0.79	1.86
7	87175237	C	T	ABCB1	Missense_Mutation	77	24	101	0.2376237623762376	3	2	1	0.8392	1	0.8392	0.8392	False	0.79	1.86
7	91641942	A	G	AKAP9	Missense_Mutation	39	50	89	0.5617977528089888	3	2	1	1.9841	2	0.992	0.992	True	0.79	1.86
7	92098569	G	T	ERVW-1	Missense_Mutation	28	8	36	0.2222222222222222	3	2	1	0.7848	1	0.7848	0.7848	False	0.79	1.86
7	99221679	G	A	ZSCAN25	Splice_Site	104	48	152	0.3157894736842105	3	2	1	1.1153	1	1.1153	1.0	True	0.79	1.86
7	99489773	G	A	TRIM4	3'UTR	14	26	40	0.65	3	2	1	2.2956	2	1.1478	1.0	True	0.79	1.86
7	102738832	G	A	ARMC10	Silent	147	24	171	0.14035087719298245	3	2	1	0.4957	1	0.4957	0.4957	False	0.79	1.86
7	103276823	G	A	RELN	Missense_Mutation	37	34	71	0.4788732394366197	3	2	1	1.6912	2	0.8456	0.8456	False	0.79	1.86
7	107434305	C	T	SLC26A3	Silent	37	38	75	0.5066666666666667	3	2	1	1.7894	2	0.8947	0.8947	True	0.79	1.86
7	113517931	G	A	PPP1R3A	Silent	65	78	143	0.5454545454545454	3	2	1	1.9264	2	0.9632	0.9632	True	0.79	1.86
7	120911459	G	A	CPED1	Missense_Mutation	84	98	182	0.5384615384615384	3	2	1	1.9017	2	0.9508	0.9508	True	0.79	1.86
7	123302262	A	T	LMOD2	Missense_Mutation	40	10	50	0.2	3	2	1	0.7063	1	0.7063	0.7063	False	0.79	1.86
7	127958082	G	A	RBM28	Silent	39	10	49	0.20408163265306123	3	2	1	0.7207	1	0.7207	0.7207	False	0.79	1.86
7	133943058	C	T	LRGUK	Missense_Mutation	61	70	131	0.5343511450381679	3	2	1	1.8871	2	0.9436	0.9436	True	0.79	1.86
7	138262304	G	A	TRIM24	Missense_Mutation	103	18	121	0.1487603305785124	4	3	1	0.6741	1	0.6741	0.6741	False	0.79	1.86
7	140453136	A	T	BRAF	Missense_Mutation	58	72	130	0.5538461538461539	4	3	1	2.5098	3	0.8366	0.8366	False	0.79	1.86
7	142176473	G	A	TRBV7-4	Missense_Mutation	42	19	61	0.3114754098360656	2	1	1	0.7885	1	0.7885	0.7885	False	0.79	1.86
7	142459672	G	A	PRSS1	Missense_Mutation	181	52	233	0.22317596566523606	2	1	1	0.565	1	0.565	0.565	False	0.79	1.86
7	143175718	C	T	TAS2R41	Silent	85	64	149	0.42953020134228187	3	2	1	1.5169	2	0.7585	0.7585	False	0.79	1.86
7	144015578	C	T	OR2A1	Missense_Mutation	109	17	126	0.1349206349206349	3	2	1	0.4765	1	0.4765	0.4765	False	0.79	1.86
7	144062460	C	T	ARHGEF5	Missense_Mutation	19	6	25	0.24	3	2	1	0.8476	1	0.8476	0.8476	False	0.79	1.86
7	144150682	C	T	TPK1	Missense_Mutation	63	106	169	0.6272189349112426	3	2	1	2.2151	2	1.1076	1.0	True	0.79	1.86
7	146805346	G	A	CNTNAP2	Missense_Mutation	67	23	90	0.25555555555555554	3	2	1	0.9025	1	0.9025	0.9025	True	0.79	1.86
7	147914545	A	C	CNTNAP2	Missense_Mutation	57	56	113	0.49557522123893805	3	2	1	1.7502	2	0.8751	0.8751	True	0.79	1.86
7	149317098	G	A	ZNF767	RNA	32	16	48	0.3333333333333333	3	2	1	1.1772	1	1.1772	1.0	True	0.79	1.86
7	149486750	C	T	SSPO	RNA	5	6	11	0.5454545454545454	3	2	1	1.9264	2	0.9632	0.9632	True	0.79	1.86
7	150558262	C	T	AOC1	Missense_Mutation	33	11	44	0.25	3	2	1	0.8829	1	0.8829	0.8829	True	0.79	1.86
7	150558263	C	T	AOC1	Missense_Mutation	32	11	43	0.2558139534883721	3	2	1	0.9034	1	0.9034	0.9034	True	0.79	1.86
7	150696062	G	A	NOS3	Missense_Mutation	50	22	72	0.3055555555555556	3	2	1	1.0791	1	1.0791	1.0	True	0.79	1.86
7	154876080	G	A	HTR5A	Nonsense_Mutation	84	101	185	0.5459459459459459	3	2	1	1.9281	2	0.964	0.964	True	0.79	1.86
7	157985162	C	T	PTPRN2	Missense_Mutation	48	66	114	0.5789473684210527	3	2	1	2.0446	2	1.0223	1.0	True	0.79	1.86
8	1624744	G	T	DLGAP2	Nonsense_Mutation	3	7	10	0.7	1	1	0	1.0722	1	1.0722	1.0	True	0.79	1.86
8	9588486	C	T	TNKS	Silent	14	24	38	0.631578947368421	1	1	0	0.9674	1	0.9674	0.9674	True	0.79	1.86
8	11415549	T	C	BLK	Splice_Site	11	19	30	0.6333333333333333	1	1	0	0.97	1	0.97	0.97	True	0.79	1.86
8	21986541	G	A	HR	Missense_Mutation	25	12	37	0.32432432432432434	2	1	1	0.8211	1	0.8211	0.8211	False	0.79	1.86
8	21986542	G	A	HR	Missense_Mutation	24	12	36	0.3333333333333333	2	1	1	0.8439	1	0.8439	0.8439	False	0.79	1.86
8	27327415	C	T	CHRNA2	Missense_Mutation	41	23	64	0.359375	2	1	1	0.9098	1	0.9098	0.9098	True	0.79	1.86
8	29023289	C	T	KIF13B	Missense_Mutation	44	16	60	0.26666666666666666	2	1	1	0.6751	1	0.6751	0.6751	False	0.79	1.86
8	30511065	A	T	GTF2E2	Silent	40	25	65	0.38461538461538464	2	1	1	0.9737	1	0.9737	0.9737	True	0.79	1.86
8	36793288	T	A	KCNU1	Silent	133	64	197	0.3248730964467005	2	1	1	0.8225	1	0.8225	0.8225	False	0.79	1.86
8	39604026	C	T	ADAM2	Silent	87	54	141	0.3829787234042553	2	1	1	0.9696	1	0.9696	0.9696	True	0.79	1.86
8	41791374	G	A	KAT6A	Missense_Mutation	75	32	107	0.29906542056074764	2	1	1	0.7571	1	0.7571	0.7571	False	0.79	1.86
8	42175288	C	T	IKBKB	Silent	46	19	65	0.2923076923076923	2	1	1	0.74	1	0.74	0.74	False	0.79	1.86
8	68255621	G	A	ARFGEF1	5'UTR	12	14	26	0.5384615384615384	2	1	1	1.3632	1	1.3632	1.0	True	0.79	1.86
8	68419059	C	T	CPA6	Nonsense_Mutation	48	33	81	0.4074074074074074	2	1	1	1.0314	1	1.0314	1.0	True	0.79	1.86
8	77767758	T	A	ZFHX4	Silent	30	14	44	0.3181818181818182	2	1	1	0.8055	1	0.8055	0.8055	False	0.79	1.86
8	89053655	C	T	MMP16	3'UTR	54	27	81	0.3333333333333333	2	1	1	0.8439	1	0.8439	0.8439	False	0.79	1.86
8	95183151	G	A	CDH17	Silent	86	49	135	0.362962962962963	2	1	1	0.9189	1	0.9189	0.9189	True	0.79	1.86
8	95186178	C	T	CDH17	Silent	28	21	49	0.42857142857142855	2	1	1	1.085	1	1.085	1.0	True	0.79	1.86
8	95653669	C	T	ESRP1	Silent	179	126	305	0.4131147540983607	2	1	1	1.0459	1	1.0459	1.0	True	0.79	1.86
8	99102037	G	A	C8orf47	Silent	13	16	29	0.5517241379310345	2	1	1	1.3968	1	1.3968	1.0	True	0.79	1.86
8	101146071	G	A	FBXO43	Missense_Mutation	45	41	86	0.47674418604651164	2	1	1	1.2069	1	1.2069	1.0	True	0.79	1.86
8	104831701	G	A	RIMS2	Intron	36	19	55	0.34545454545454546	2	1	1	0.8746	1	0.8746	0.8746	True	0.79	1.86
8	105405064	G	A	DPYS	Missense_Mutation	112	47	159	0.29559748427672955	2	1	1	0.7483	1	0.7483	0.7483	False	0.79	1.86
8	107773671	C	T	ABRA	Missense_Mutation	65	35	100	0.35	2	1	1	0.8861	1	0.8861	0.8861	True	0.79	1.86
8	110464981	C	T	PKHD1L1	Missense_Mutation	11	8	19	0.42105263157894735	2	1	1	1.066	1	1.066	1.0	True	0.79	1.86
8	113348946	C	T	CSMD3	Silent	80	56	136	0.4117647058823529	2	1	1	1.0424	1	1.0424	1.0	True	0.79	1.86
8	116616459	G	A	TRPS1	Silent	25	19	44	0.4318181818181818	2	1	1	1.0932	1	1.0932	1.0	True	0.79	1.86
8	120608147	C	T	ENPP2	Silent	74	43	117	0.36752136752136755	2	1	1	0.9304	1	0.9304	0.9304	True	0.79	1.86
8	124515590	G	A	FBXO32	3'UTR	31	17	48	0.3541666666666667	2	1	1	0.8966	1	0.8966	0.8966	True	0.79	1.86
8	124658106	G	A	KLHL38	Missense_Mutation	49	25	74	0.33783783783783783	2	1	1	0.8553	1	0.8553	0.8553	True	0.79	1.86
8	124790922	C	T	FAM91A1	Silent	39	26	65	0.4	2	1	1	1.0127	1	1.0127	1.0	True	0.79	1.86
8	134232969	C	A	WISP1	Silent	29	22	51	0.43137254901960786	2	1	1	1.0921	1	1.0921	1.0	True	0.79	1.86
8	139165229	C	T	FAM135B	Missense_Mutation	59	42	101	0.4158415841584158	2	1	1	1.0528	1	1.0528	1.0	True	0.79	1.86
8	139263157	C	T	FAM135B	Missense_Mutation	67	59	126	0.46825396825396826	2	1	1	1.1855	1	1.1855	1.0	True	0.79	1.86
8	143570778	C	T	BAI1	Silent	51	39	90	0.43333333333333335	2	1	1	1.097	1	1.097	1.0	True	0.79	1.86
8	144332163	C	T	ZFP41	Silent	11	10	21	0.47619047619047616	2	1	1	1.2055	1	1.2055	1.0	True	0.79	1.86
8	144810890	G	A	FAM83H	Silent	23	11	34	0.3235294117647059	2	1	1	0.8191	1	0.8191	0.8191	False	0.79	1.86
8	144941698	C	T	EPPK1	Silent	10	10	20	0.5	2	1	1	1.2658	1	1.2658	1.0	True	0.79	1.86
8	145001455	G	A	PLEC	Nonsense_Mutation	89	39	128	0.3046875	2	1	1	0.7714	1	0.7714	0.7714	False	0.79	1.86
9	14857659	G	A	FREM1	Silent	19	21	40	0.525	1	1	0	0.8041	1	0.8041	0.8041	False	0.79	1.86
9	21409388	C	T	IFNA8	Silent	23	34	57	0.5964912280701754	1	1	0	0.9136	1	0.9136	0.9136	True	0.79	1.86
9	32632764	G	A	TAF1L	Silent	16	33	49	0.673469387755102	1	1	0	1.0315	1	1.0315	1.0	True	0.79	1.86
9	35091524	G	A	PIGO	Missense_Mutation	15	24	39	0.6153846153846154	1	1	0	0.9426	1	0.9426	0.9426	True	0.79	1.86
9	36170052	C	T	CCIN	Missense_Mutation	12	25	37	0.6756756756756757	1	1	0	1.0349	1	1.0349	1.0	True	0.79	1.86
9	39171442	G	A	CNTNAP3	Silent	17	36	53	0.6792452830188679	1	1	0	1.0404	1	1.0404	1.0	True	0.79	1.86
9	72471531	G	A	C9orf135	Missense_Mutation	14	20	34	0.5882352941176471	1	1	0	0.901	1	0.901	0.901	True	0.79	1.86
9	77343228	C	A	TRPM6	Missense_Mutation	16	12	28	0.42857142857142855	1	1	0	0.6564	1	0.6564	0.6564	False	0.79	1.86
9	85640753	T	C	RASEF	Missense_Mutation	42	62	104	0.5961538461538461	1	1	0	0.9131	1	0.9131	0.9131	True	0.79	1.86
9	94488852	C	T	ROR2	Missense_Mutation	17	20	37	0.5405405405405406	1	1	0	0.8279	1	0.8279	0.8279	False	0.79	1.86
9	98231211	G	A	PTCH1	Missense_Mutation	11	17	28	0.6071428571428571	1	1	0	0.9299	1	0.9299	0.9299	True	0.79	1.86
9	100897142	C	T	CORO2A	Silent	12	15	27	0.5555555555555556	1	1	0	0.8509	1	0.8509	0.8509	True	0.79	1.86
9	107367211	C	T	OR13C2	Missense_Mutation	10	36	46	0.782608695652174	1	1	0	1.1987	1	1.1987	1.0	True	0.79	1.86
9	113192603	G	A	SVEP1	Silent	6	11	17	0.6470588235294118	1	1	0	0.9911	1	0.9911	0.9911	True	0.79	1.86
9	114508622	C	T	C9orf84	Missense_Mutation	12	21	33	0.6363636363636364	1	1	0	0.9747	1	0.9747	0.9747	True	0.79	1.86
9	118162656	G	A	DEC1	Nonsense_Mutation	16	20	36	0.5555555555555556	1	1	0	0.8509	1	0.8509	0.8509	True	0.79	1.86
9	118163567	G	A	DEC1	Silent	14	31	45	0.6888888888888889	1	1	0	1.0551	1	1.0551	1.0	True	0.79	1.86
9	123215998	G	A	CDK5RAP2	Silent	31	43	74	0.581081081081081	1	1	0	0.89	1	0.89	0.89	True	0.79	1.86
9	130670630	G	A	ST6GALNAC4	3'UTR	19	12	31	0.3870967741935484	1	1	0	0.5929	1	0.5929	0.5929	False	0.79	1.86
9	131198100	C	T	CERCAM	Silent	4	7	11	0.6363636363636364	1	1	0	0.9747	1	0.9747	0.9747	True	0.79	1.86
9	135750555	G	A	AK8	Missense_Mutation	20	11	31	0.3548387096774194	1	1	0	0.5435	1	0.5435	0.5435	False	0.79	1.86
9	135919250	C	T	GTF3C5	Missense_Mutation	18	11	29	0.3793103448275862	1	1	0	0.581	1	0.581	0.581	False	0.79	1.86
9	136259421	C	T	C9orf96	Missense_Mutation	30	32	62	0.5161290322580645	1	1	0	0.7905	1	0.7905	0.7905	False	0.79	1.86
9	139815663	C	T	TRAF2	Silent	7	13	20	0.65	1	1	0	0.9956	1	0.9956	0.9956	True	0.79	1.86
9	140126205	G	A	SLC34A3	Silent	23	36	59	0.6101694915254238	1	1	0	0.9346	1	0.9346	0.9346	True	0.79	1.86
9	140126206	G	A	SLC34A3	Missense_Mutation	23	37	60	0.6166666666666667	1	1	0	0.9445	1	0.9445	0.9445	True	0.79	1.86
9	140991008	C	T	CACNA1B	Missense_Mutation	9	29	38	0.7631578947368421	2	1	1	1.932	1	1.932	1.0	True	0.79	1.86
10	5042641	C	T	AKR1C2	Intron	5	7	12	0.5833333333333334	1	1	0	0.8935	1	0.8935	0.8935	True	0.79	1.86
10	7751130	G	A	ITIH2	Missense_Mutation	24	22	46	0.4782608695652174	1	1	0	0.7325	1	0.7325	0.7325	False	0.79	1.86
10	7817756	G	A	KIN	Missense_Mutation	8	12	20	0.6	1	1	0	0.919	1	0.919	0.919	True	0.79	1.86
10	13323103	G	A	PHYH	Missense_Mutation	11	20	31	0.6451612903225806	1	1	0	0.9882	1	0.9882	0.9882	True	0.79	1.86
10	13522979	G	A	BEND7	Missense_Mutation	20	47	67	0.7014925373134329	1	1	0	1.0744	1	1.0744	1.0	True	0.79	1.86
10	20436730	C	T	PLXDC2	Nonsense_Mutation	14	26	40	0.65	1	1	0	0.9956	1	0.9956	0.9956	True	0.79	1.86
10	24762301	C	T	KIAA1217	Missense_Mutation	8	15	23	0.6521739130434783	1	1	0	0.9989	1	0.9989	0.9989	True	0.79	1.86
10	28224181	C	T	ARMC4	Silent	15	26	41	0.6341463414634146	1	1	0	0.9713	1	0.9713	0.9713	True	0.79	1.86
10	30336727	T	A	KIAA1462	Missense_Mutation	18	29	47	0.6170212765957447	1	1	0	0.9451	1	0.9451	0.9451	True	0.79	1.86
10	44868661	C	T	CXCL12	3'Flank	29	15	44	0.3409090909090909	2	1	1	0.8631	1	0.8631	0.8631	True	0.79	1.86
10	51974589	C	T	ASAH2	Missense_Mutation	27	19	46	0.41304347826086957	2	1	1	1.0457	1	1.0457	1.0	True	0.79	1.86
10	61832232	C	T	ANK3	Missense_Mutation	21	26	47	0.5531914893617021	1	1	0	0.8473	1	0.8473	0.8473	False	0.79	1.86
10	61965560	G	A	ANK3	Missense_Mutation	11	18	29	0.6206896551724138	1	1	0	0.9507	1	0.9507	0.9507	True	0.79	1.86
10	63170154	C	T	TMEM26	Missense_Mutation	12	16	28	0.5714285714285714	1	1	0	0.8752	1	0.8752	0.8752	True	0.79	1.86
10	70514543	G	A	CCAR1	Missense_Mutation	17	42	59	0.711864406779661	1	1	0	1.0903	1	1.0903	1.0	True	0.79	1.86
10	71689802	G	A	COL13A1	Missense_Mutation	8	11	19	0.5789473684210527	1	1	0	0.8867	1	0.8867	0.8867	True	0.79	1.86
10	73462447	A	T	CDH23	Missense_Mutation	11	25	36	0.6944444444444444	1	1	0	1.0636	1	1.0636	1.0	True	0.79	1.86
10	74619034	C	T	MCU	Missense_Mutation	25	28	53	0.5283018867924528	1	1	0	0.8092	1	0.8092	0.8092	False	0.79	1.86
10	75527676	C	T	SEC24C	Missense_Mutation	10	22	32	0.6875	1	1	0	1.053	1	1.053	1.0	True	0.79	1.86
10	81701826	C	T	SFTPD	Missense_Mutation	20	25	45	0.5555555555555556	1	1	0	0.8509	1	0.8509	0.8509	True	0.79	1.86
10	82331323	G	A	SH2D4B	Missense_Mutation	10	12	22	0.5454545454545454	1	1	0	0.8354	1	0.8354	0.8354	False	0.79	1.86
10	90438385	C	T	LIPF	Missense_Mutation	19	33	52	0.6346153846153846	1	1	0	0.972	1	0.972	0.972	True	0.79	1.86
10	90733018	G	A	ACTA2	Intron	18	26	44	0.5909090909090909	1	1	0	0.9051	1	0.9051	0.9051	True	0.79	1.86
10	93389689	G	A	PPP1R3C	Nonsense_Mutation	14	35	49	0.7142857142857143	1	1	0	1.094	1	1.094	1.0	True	0.79	1.86
10	95372779	C	T	PDE6C	Silent	12	17	29	0.5862068965517241	1	1	0	0.8979	1	0.8979	0.8979	True	0.79	1.86
10	97388165	C	T	ALDH18A1	Missense_Mutation	52	56	108	0.5185185185185185	1	1	0	0.7942	1	0.7942	0.7942	False	0.79	1.86
10	97388166	C	T	ALDH18A1	Missense_Mutation	52	57	109	0.5229357798165137	1	1	0	0.801	1	0.801	0.801	False	0.79	1.86
10	97607239	C	T	ENTPD1	Missense_Mutation	21	42	63	0.6666666666666666	1	1	0	1.0211	1	1.0211	1.0	True	0.79	1.86
10	123844662	G	A	TACC2	Missense_Mutation	15	15	30	0.5	1	1	0	0.7658	1	0.7658	0.7658	False	0.79	1.86
10	135350654	C	T	CYP2E1	Missense_Mutation	25	19	44	0.4318181818181818	2	1	1	1.0932	1	1.0932	1.0	True	0.79	1.86
11	1432786	C	T	BRSK2	Missense_Mutation	3	6	9	0.6666666666666666	1	1	0	1.0211	1	1.0211	1.0	True	0.79	1.86
11	4869718	G	A	OR51S1	Missense_Mutation	9	17	26	0.6538461538461539	1	1	0	1.0015	1	1.0015	1.0	True	0.79	1.86
11	4976637	C	T	OR51A2	Missense_Mutation	28	59	87	0.6781609195402298	1	1	0	1.0387	1	1.0387	1.0	True	0.79	1.86
11	5021068	C	T	OR51L1	Missense_Mutation	11	31	42	0.7380952380952381	1	1	0	1.1305	1	1.1305	1.0	True	0.79	1.86
11	5906158	G	A	OR52E4	Silent	25	37	62	0.5967741935483871	1	1	0	0.914	1	0.914	0.914	True	0.79	1.86
11	6191292	G	A	OR52B2	Missense_Mutation	45	54	99	0.5454545454545454	1	1	0	0.8354	1	0.8354	0.8354	False	0.79	1.86
11	7818388	G	A	OR5P2	Silent	7	22	29	0.7586206896551724	1	1	0	1.1619	1	1.1619	1.0	True	0.79	1.86
11	16340070	G	A	SOX6	Missense_Mutation	39	71	110	0.6454545454545455	1	1	0	0.9886	1	0.9886	0.9886	True	0.79	1.86
11	19955420	C	T	NAV2	Missense_Mutation	9	28	37	0.7567567567567568	1	1	0	1.1591	1	1.1591	1.0	True	0.79	1.86
11	32995058	C	T	QSER1	Missense_Mutation	39	32	71	0.4507042253521127	1	1	0	0.6903	1	0.6903	0.6903	False	0.79	1.86
11	43380494	G	A	TTC17	5'UTR	3	14	17	0.8235294117647058	1	1	0	1.2614	1	1.2614	1.0	True	0.79	1.86
11	47736196	G	T	AGBL2	Missense_Mutation	60	75	135	0.5555555555555556	1	1	0	0.8509	1	0.8509	0.8509	True	0.79	1.86
11	57886273	A	G	OR9I1	Missense_Mutation	10	7	17	0.4117647058823529	1	1	0	0.6307	1	0.6307	0.6307	False	0.79	1.86
11	58207395	G	A	OR5B12	Missense_Mutation	5	14	19	0.7368421052631579	1	1	0	1.1286	1	1.1286	1.0	True	0.79	1.86
11	58604849	G	A	GLYATL2	Missense_Mutation	19	30	49	0.6122448979591837	1	1	0	0.9377	1	0.9377	0.9377	True	0.79	1.86
11	60785429	C	T	CD6	Missense_Mutation	16	21	37	0.5675675675675675	1	1	0	0.8693	1	0.8693	0.8693	True	0.79	1.86
11	62300683	G	A	AHNAK	Silent	6	15	21	0.7142857142857143	1	1	0	1.094	1	1.094	1.0	True	0.79	1.86
11	62603256	G	A	WDR74	Missense_Mutation	3	12	15	0.8	1	1	0	1.2253	1	1.2253	1.0	True	0.79	1.86
11	63283879	G	A	LGALS12	3'UTR	11	21	32	0.65625	1	1	0	1.0051	1	1.0051	1.0	True	0.79	1.86
11	64900952	G	A	SYVN1	Missense_Mutation	16	21	37	0.5675675675675675	1	1	0	0.8693	1	0.8693	0.8693	True	0.79	1.86
11	68846357	C	T	TPCN2	Intron	12	25	37	0.6756756756756757	1	1	0	1.0349	1	1.0349	1.0	True	0.79	1.86
11	73602227	C	T	PAAF1	Missense_Mutation	14	22	36	0.6111111111111112	1	1	0	0.936	1	0.936	0.936	True	0.79	1.86
11	102937231	G	A	DCUN1D5	Missense_Mutation	15	20	35	0.5714285714285714	1	1	0	0.8752	1	0.8752	0.8752	True	0.79	1.86
11	103908174	G	A	DDI1	Silent	26	42	68	0.6176470588235294	1	1	0	0.946	1	0.946	0.946	True	0.79	1.86
11	113780017	G	A	HTR3B	Missense_Mutation	18	33	51	0.6470588235294118	1	1	0	0.9911	1	0.9911	0.9911	True	0.79	1.86
11	117302311	G	A	DSCAML1	Silent	17	25	42	0.5952380952380952	1	1	0	0.9117	1	0.9117	0.9117	True	0.79	1.86
11	117651308	G	A	DSCAML1	Silent	60	59	119	0.4957983193277311	1	1	0	0.7594	1	0.7594	0.7594	False	0.79	1.86
11	118373178	C	T	KMT2A	Nonsense_Mutation	16	19	35	0.5428571428571428	1	1	0	0.8315	1	0.8315	0.8315	False	0.79	1.86
11	118375900	C	T	KMT2A	Missense_Mutation	27	50	77	0.6493506493506493	1	1	0	0.9946	1	0.9946	0.9946	True	0.79	1.86
11	123810973	C	T	OR4D5	Missense_Mutation	51	70	121	0.5785123966942148	1	1	0	0.8861	1	0.8861	0.8861	True	0.79	1.86
11	123814360	G	A	OR6T1	Silent	22	44	66	0.6666666666666666	1	1	0	1.0211	1	1.0211	1.0	True	0.79	1.86
11	124253229	C	T	OR8B2	Missense_Mutation	18	18	36	0.5	1	1	0	0.7658	1	0.7658	0.7658	False	0.79	1.86
12	1940342	C	T	LRTM2	Silent	43	18	61	0.29508196721311475	2	1	1	0.747	1	0.747	0.747	False	0.79	1.86
12	2706657	C	T	CACNA1C	Missense_Mutation	20	13	33	0.3939393939393939	2	1	1	0.9973	1	0.9973	0.9973	True	0.79	1.86
12	2927308	C	T	ITFG2	Missense_Mutation	47	29	76	0.3815789473684211	2	1	1	0.966	1	0.966	0.966	True	0.79	1.86
12	5915239	C	T	ANO2	Silent	34	20	54	0.37037037037037035	2	1	1	0.9376	1	0.9376	0.9376	True	0.79	1.86
12	6030450	C	T	ANO2	Missense_Mutation	26	11	37	0.2972972972972973	2	1	1	0.7527	1	0.7527	0.7527	False	0.79	1.86
12	6463605	C	T	SCNN1A	Nonsense_Mutation	63	43	106	0.4056603773584906	2	1	1	1.027	1	1.027	1.0	True	0.79	1.86
12	6464564	G	A	SCNN1A	Silent	15	6	21	0.2857142857142857	2	1	1	0.7233	1	0.7233	0.7233	False	0.79	1.86
12	7043347	G	T	ATN1	Missense_Mutation	30	10	40	0.25	2	1	1	0.6329	1	0.6329	0.6329	False	0.79	1.86
12	7069157	G	A	PTPN6	Missense_Mutation	56	29	85	0.3411764705882353	2	1	1	0.8637	1	0.8637	0.8637	True	0.79	1.86
12	8673834	G	A	CLEC4D	Silent	72	35	107	0.32710280373831774	2	1	1	0.8281	1	0.8281	0.8281	False	0.79	1.86
12	8687260	G	A	CLEC4E	Missense_Mutation	30	18	48	0.375	2	1	1	0.9494	1	0.9494	0.9494	True	0.79	1.86
12	8808044	C	A	MFAP5	Splice_Site	33	13	46	0.2826086956521739	2	1	1	0.7155	1	0.7155	0.7155	False	0.79	1.86
12	8982357	C	T	A2ML1	Silent	78	46	124	0.3709677419354839	2	1	1	0.9392	1	0.9392	0.9392	True	0.79	1.86
12	9266120	G	A	A2M	Missense_Mutation	52	32	84	0.38095238095238093	2	1	1	0.9644	1	0.9644	0.9644	True	0.79	1.86
12	10569321	G	A	KLRC3	Missense_Mutation	40	25	65	0.38461538461538464	2	1	1	0.9737	1	0.9737	0.9737	True	0.79	1.86
12	10599208	C	T	KLRC1	Missense_Mutation	94	36	130	0.27692307692307694	2	1	1	0.7011	1	0.7011	0.7011	False	0.79	1.86
12	10959048	G	A	TAS2R8	Missense_Mutation	35	21	56	0.375	2	1	1	0.9494	1	0.9494	0.9494	True	0.79	1.86
12	14958949	G	A	SMCO3	Silent	62	31	93	0.3333333333333333	2	1	1	0.8439	1	0.8439	0.8439	False	0.79	1.86
12	19418703	C	T	PLEKHA5	Silent	101	40	141	0.28368794326241137	2	1	1	0.7182	1	0.7182	0.7182	False	0.79	1.86
12	19418704	C	T	PLEKHA5	Silent	101	41	142	0.2887323943661972	2	1	1	0.731	1	0.731	0.731	False	0.79	1.86
12	20854341	G	A	SLCO1C1	Silent	59	34	93	0.3655913978494624	2	1	1	0.9255	1	0.9255	0.9255	True	0.79	1.86
12	21069243	C	T	SLCO1B3	3'UTR	21	9	30	0.3	2	1	1	0.7595	1	0.7595	0.7595	False	0.79	1.86
12	25267737	G	A	CASC1	Silent	49	22	71	0.30985915492957744	2	1	1	0.7845	1	0.7845	0.7845	False	0.79	1.86
12	26714877	G	A	ITPR2	Missense_Mutation	26	14	40	0.35	2	1	1	0.8861	1	0.8861	0.8861	True	0.79	1.86
12	29786178	G	A	TMTC1	Missense_Mutation	54	35	89	0.39325842696629215	2	1	1	0.9956	1	0.9956	0.9956	True	0.79	1.86
12	31945136	C	T	H3F3C	5'UTR	23	11	34	0.3235294117647059	2	1	1	0.8191	1	0.8191	0.8191	False	0.79	1.86
12	32481244	C	T	BICD1	Missense_Mutation	91	61	152	0.40131578947368424	2	1	1	1.016	1	1.016	1.0	True	0.79	1.86
12	39731002	G	A	KIF21A	Missense_Mutation	34	20	54	0.37037037037037035	2	1	1	0.9376	1	0.9376	0.9376	True	0.79	1.86
12	40114841	G	A	C12orf40	Missense_Mutation	40	23	63	0.36507936507936506	2	1	1	0.9243	1	0.9243	0.9243	True	0.79	1.86
12	41967587	A	T	PDZRN4	Missense_Mutation	31	13	44	0.29545454545454547	2	1	1	0.748	1	0.748	0.748	False	0.79	1.86
12	43817684	A	C	ADAMTS20	Intron	10	6	16	0.375	2	1	1	0.9494	1	0.9494	0.9494	True	0.79	1.86
12	43862502	G	A	ADAMTS20	Missense_Mutation	36	30	66	0.45454545454545453	2	1	1	1.1507	1	1.1507	1.0	True	0.79	1.86
12	45429804	G	A	DBX2	Missense_Mutation	20	11	31	0.3548387096774194	2	1	1	0.8983	1	0.8983	0.8983	True	0.79	1.86
12	48141519	G	A	RAPGEF3	Silent	30	13	43	0.3023255813953488	2	1	1	0.7654	1	0.7654	0.7654	False	0.79	1.86
12	48737346	G	A	ZNF641	Missense_Mutation	34	11	45	0.24444444444444444	2	1	1	0.6188	1	0.6188	0.6188	False	0.79	1.86
12	49952686	G	A	MCRS1	Silent	37	25	62	0.4032258064516129	2	1	1	1.0208	1	1.0208	1.0	True	0.79	1.86
12	51281090	A	G	TMPRSS12	Missense_Mutation	33	16	49	0.32653061224489793	2	1	1	0.8267	1	0.8267	0.8267	False	0.79	1.86
12	51590675	G	A	POU6F1	5'UTR	15	15	30	0.5	2	1	1	1.2658	1	1.2658	1.0	True	0.79	1.86
12	51851149	C	T	SLC4A8	Nonsense_Mutation	33	28	61	0.45901639344262296	2	1	1	1.1621	1	1.1621	1.0	True	0.79	1.86
12	52760976	G	A	KRT85	Nonsense_Mutation	23	12	35	0.34285714285714286	2	1	1	0.868	1	0.868	0.868	True	0.79	1.86
12	52760977	G	A	KRT85	Silent	23	11	34	0.3235294117647059	2	1	1	0.8191	1	0.8191	0.8191	False	0.79	1.86
12	53166662	C	T	KRT76	Missense_Mutation	43	24	67	0.3582089552238806	2	1	1	0.9069	1	0.9069	0.9069	True	0.79	1.86
12	53722232	C	T	SP7	Missense_Mutation	37	13	50	0.26	2	1	1	0.6582	1	0.6582	0.6582	False	0.79	1.86
12	53819505	G	A	AMHR2	Nonsense_Mutation	15	8	23	0.34782608695652173	2	1	1	0.8806	1	0.8806	0.8806	True	0.79	1.86
12	54405187	C	T	HOXC8	3'UTR	44	43	87	0.4942528735632184	2	1	1	1.2513	1	1.2513	1.0	True	0.79	1.86
12	54966942	C	T	PDE1B	Missense_Mutation	59	33	92	0.358695652173913	2	1	1	0.9081	1	0.9081	0.9081	True	0.79	1.86
12	55886239	C	T	OR6C68	Silent	64	51	115	0.4434782608695652	2	1	1	1.1227	1	1.1227	1.0	True	0.79	1.86
12	56031458	C	T	OR10P1	Silent	59	30	89	0.33707865168539325	2	1	1	0.8534	1	0.8534	0.8534	True	0.79	1.86
12	56031459	C	T	OR10P1	Missense_Mutation	57	31	88	0.3522727272727273	2	1	1	0.8918	1	0.8918	0.8918	True	0.79	1.86
12	56566415	A	G	SMARCC2	Missense_Mutation	54	33	87	0.3793103448275862	2	1	1	0.9603	1	0.9603	0.9603	True	0.79	1.86
12	56715907	G	A	PAN2	Missense_Mutation	85	53	138	0.38405797101449274	2	1	1	0.9723	1	0.9723	0.9723	True	0.79	1.86
12	57843541	C	T	INHBC	Silent	39	8	47	0.1702127659574468	2	1	1	0.4309	1	0.4309	0.4309	False	0.79	1.86
12	58087910	G	A	OS9	5'UTR	74	40	114	0.3508771929824561	2	1	1	0.8883	1	0.8883	0.8883	True	0.79	1.86
12	70070720	G	A	BEST3	Silent	89	45	134	0.3358208955223881	2	1	1	0.8502	1	0.8502	0.8502	True	0.79	1.86
12	70988397	C	T	PTPRB	Missense_Mutation	45	19	64	0.296875	2	1	1	0.7516	1	0.7516	0.7516	False	0.79	1.86
12	78400636	C	T	NAV3	Missense_Mutation	66	36	102	0.35294117647058826	2	1	1	0.8935	1	0.8935	0.8935	True	0.79	1.86
12	78562585	G	T	NAV3	Missense_Mutation	93	44	137	0.32116788321167883	2	1	1	0.8131	1	0.8131	0.8131	False	0.79	1.86
12	86373853	T	A	MGAT4C	Silent	34	21	55	0.38181818181818183	2	1	1	0.9666	1	0.9666	0.9666	True	0.79	1.86
12	95228349	A	T	MIR492	3'Flank	8	9	17	0.5294117647058824	2	1	1	1.3403	1	1.3403	1.0	True	0.79	1.86
12	96350710	C	T	AMDHD1	Missense_Mutation	96	43	139	0.30935251798561153	2	1	1	0.7832	1	0.7832	0.7832	False	0.79	1.86
12	101368632	C	T	ANO4	Silent	49	43	92	0.4673913043478261	2	1	1	1.1833	1	1.1833	1.0	True	0.79	1.86
12	103700002	G	A	C12orf42	Silent	28	17	45	0.37777777777777777	2	1	1	0.9564	1	0.9564	0.9564	True	0.79	1.86
12	104092977	T	A	STAB2	Missense_Mutation	18	13	31	0.41935483870967744	2	1	1	1.0617	1	1.0617	1.0	True	0.79	1.86
12	104376924	C	T	TDG	Missense_Mutation	139	87	226	0.38495575221238937	2	1	1	0.9746	1	0.9746	0.9746	True	0.79	1.86
12	107126816	C	T	RFX4	Missense_Mutation	67	44	111	0.3963963963963964	2	1	1	1.0035	1	1.0035	1.0	True	0.79	1.86
12	108029125	C	T	BTBD11	Missense_Mutation	50	32	82	0.3902439024390244	2	1	1	0.988	1	0.988	0.988	True	0.79	1.86
12	108685854	G	A	CMKLR1	Silent	30	16	46	0.34782608695652173	2	1	1	0.8806	1	0.8806	0.8806	True	0.79	1.86
12	109698356	C	T	ACACB	Silent	110	59	169	0.34911242603550297	2	1	1	0.8838	1	0.8838	0.8838	True	0.79	1.86
12	112121036	G	A	BRAP	Missense_Mutation	111	58	169	0.3431952662721893	2	1	1	0.8688	1	0.8688	0.8688	True	0.79	1.86
12	112121037	G	A	BRAP	Missense_Mutation	112	58	170	0.3411764705882353	2	1	1	0.8637	1	0.8637	0.8637	True	0.79	1.86
12	112498129	A	T	NAA25	Silent	54	23	77	0.2987012987012987	2	1	1	0.7562	1	0.7562	0.7562	False	0.79	1.86
12	113328703	C	T	RPH3A	Missense_Mutation	14	7	21	0.3333333333333333	2	1	1	0.8439	1	0.8439	0.8439	False	0.79	1.86
12	113645327	G	A	IQCD	Silent	54	26	80	0.325	2	1	1	0.8228	1	0.8228	0.8228	False	0.79	1.86
12	114392984	G	A	RBM19	Silent	70	20	90	0.2222222222222222	2	1	1	0.5626	1	0.5626	0.5626	False	0.79	1.86
12	114392985	G	T	RBM19	Missense_Mutation	75	20	95	0.21052631578947367	2	1	1	0.533	1	0.533	0.533	False	0.79	1.86
12	117726024	C	T	NOS1	Missense_Mutation	47	28	75	0.37333333333333335	2	1	1	0.9451	1	0.9451	0.9451	True	0.79	1.86
12	117968819	C	T	KSR2	Splice_Site	102	48	150	0.32	2	1	1	0.8101	1	0.8101	0.8101	False	0.79	1.86
12	118693341	A	G	TAOK3	Missense_Mutation	116	55	171	0.3216374269005848	2	1	1	0.8143	1	0.8143	0.8143	False	0.79	1.86
12	121469308	G	A	OASL	Silent	224	116	340	0.3411764705882353	2	1	1	0.8637	1	0.8637	0.8637	True	0.79	1.86
12	121986882	G	A	KDM2B	Silent	26	18	44	0.4090909090909091	2	1	1	1.0357	1	1.0357	1.0	True	0.79	1.86
12	122669150	G	A	LRRC43	Missense_Mutation	17	8	25	0.32	2	1	1	0.8101	1	0.8101	0.8101	False	0.79	1.86
12	124114980	G	A	EIF2B1	Silent	21	15	36	0.4166666666666667	2	1	1	1.0549	1	1.0549	1.0	True	0.79	1.86
12	124497283	C	T	ZNF664	Missense_Mutation	39	25	64	0.390625	2	1	1	0.9889	1	0.9889	0.9889	True	0.79	1.86
12	124497284	C	T	ZNF664	Missense_Mutation	40	24	64	0.375	2	1	1	0.9494	1	0.9494	0.9494	True	0.79	1.86
12	124796378	C	T	FAM101A	5'UTR	4	7	11	0.6363636363636364	2	1	1	1.611	1	1.611	1.0	True	0.79	1.86
12	130185047	G	A	TMEM132D	Silent	34	22	56	0.39285714285714285	2	1	1	0.9946	1	0.9946	0.9946	True	0.79	1.86
12	133249242	G	A	POLE	Missense_Mutation	46	30	76	0.39473684210526316	2	1	1	0.9993	1	0.9993	0.9993	True	0.79	1.86
13	21217703	C	T	IFT88	Missense_Mutation	51	26	77	0.33766233766233766	2	1	1	0.8548	1	0.8548	0.8548	True	0.79	1.86
13	23907016	G	A	SACS	Missense_Mutation	40	23	63	0.36507936507936506	2	1	1	0.9243	1	0.9243	0.9243	True	0.79	1.86
13	29012394	C	T	FLT1	Silent	30	18	48	0.375	2	1	1	0.9494	1	0.9494	0.9494	True	0.79	1.86
13	30066811	G	A	MTUS2	Silent	42	25	67	0.373134328358209	2	1	1	0.9446	1	0.9446	0.9446	True	0.79	1.86
13	31903644	C	T	B3GALTL	Missense_Mutation	66	44	110	0.4	2	1	1	1.0127	1	1.0127	1.0	True	0.79	1.86
13	32366933	G	A	RXFP2	Missense_Mutation	30	23	53	0.4339622641509434	2	1	1	1.0986	1	1.0986	1.0	True	0.79	1.86
13	33016551	A	C	N4BP2L2	Missense_Mutation	11	10	21	0.47619047619047616	2	1	1	1.2055	1	1.2055	1.0	True	0.79	1.86
13	37453563	G	A	SMAD9	Silent	16	12	28	0.42857142857142855	2	1	1	1.085	1	1.085	1.0	True	0.79	1.86
13	37678626	G	A	CSNK1A1L	Silent	52	44	96	0.4583333333333333	2	1	1	1.1603	1	1.1603	1.0	True	0.79	1.86
13	37679361	G	A	CSNK1A1L	Silent	52	45	97	0.4639175257731959	2	1	1	1.1745	1	1.1745	1.0	True	0.79	1.86
13	38144728	C	T	POSTN	Missense_Mutation	46	25	71	0.352112676056338	2	1	1	0.8914	1	0.8914	0.8914	True	0.79	1.86
13	41705314	G	A	KBTBD6	Missense_Mutation	60	36	96	0.375	2	1	1	0.9494	1	0.9494	0.9494	True	0.79	1.86
13	52604978	C	T	UTP14C	Nonsense_Mutation	114	73	187	0.39037433155080214	2	1	1	0.9883	1	0.9883	0.9883	True	0.79	1.86
13	60453373	G	A	DIAPH3	Missense_Mutation	27	14	41	0.34146341463414637	2	1	1	0.8645	1	0.8645	0.8645	True	0.79	1.86
13	79189644	G	A	RNF219	3'UTR	9	10	19	0.5263157894736842	2	1	1	1.3324	1	1.3324	1.0	True	0.79	1.86
13	98664589	C	T	IPO5	Silent	51	21	72	0.2916666666666667	2	1	1	0.7384	1	0.7384	0.7384	False	0.79	1.86
13	99356685	T	A	SLC15A1	Missense_Mutation	54	27	81	0.3333333333333333	2	1	1	0.8439	1	0.8439	0.8439	False	0.79	1.86
13	113714954	G	A	MCF2L	Silent	9	19	28	0.6785714285714286	1	1	0	1.0393	1	1.0393	1.0	True	0.79	1.86
14	20482421	C	T	OR4K14	Silent	121	54	175	0.30857142857142855	2	1	1	0.7812	1	0.7812	0.7812	False	0.79	1.86
14	20856088	G	A	TEP1	Missense_Mutation	57	26	83	0.3132530120481928	2	1	1	0.793	1	0.793	0.793	False	0.79	1.86
14	21623432	G	A	OR5AU1	Silent	30	22	52	0.4230769230769231	2	1	1	1.0711	1	1.0711	1.0	True	0.79	1.86
14	22356464	C	T	TRAV12-2	Missense_Mutation	39	19	58	0.3275862068965517	2	1	1	0.8293	1	0.8293	0.8293	False	0.79	1.86
14	23512187	C	T	PSMB11	Silent	16	7	23	0.30434782608695654	2	1	1	0.7705	1	0.7705	0.7705	False	0.79	1.86
14	23518845	C	T	CDH24	Missense_Mutation	22	18	40	0.45	2	1	1	1.1392	1	1.1392	1.0	True	0.79	1.86
14	23518846	C	T	CDH24	Silent	22	18	40	0.45	2	1	1	1.1392	1	1.1392	1.0	True	0.79	1.86
14	23600687	G	A	SLC7A8	Missense_Mutation	43	17	60	0.2833333333333333	2	1	1	0.7173	1	0.7173	0.7173	False	0.79	1.86
14	23635597	T	C	SLC7A8	Missense_Mutation	94	44	138	0.3188405797101449	2	1	1	0.8072	1	0.8072	0.8072	False	0.79	1.86
14	23865960	C	T	MYH6	Silent	35	25	60	0.4166666666666667	2	1	1	1.0549	1	1.0549	1.0	True	0.79	1.86
14	24034933	G	A	AP1G2	Intron	21	6	27	0.2222222222222222	2	1	1	0.5626	1	0.5626	0.5626	False	0.79	1.86
14	24710294	G	A	TINF2	Missense_Mutation	96	54	150	0.36	2	1	1	0.9114	1	0.9114	0.9114	True	0.79	1.86
14	38061585	T	C	FOXA1	Missense_Mutation	10	8	18	0.4444444444444444	2	1	1	1.1252	1	1.1252	1.0	True	0.79	1.86
14	39536465	G	A	SEC23A	Missense_Mutation	62	22	84	0.2619047619047619	2	1	1	0.6631	1	0.6631	0.6631	False	0.79	1.86
14	39717188	C	T	MIA2	Silent	69	46	115	0.4	2	1	1	1.0127	1	1.0127	1.0	True	0.79	1.86
14	55310756	G	A	GCH1	Silent	51	21	72	0.2916666666666667	2	1	1	0.7384	1	0.7384	0.7384	False	0.79	1.86
14	62205038	C	A	HIF1A	Missense_Mutation	175	96	271	0.35424354243542433	2	1	1	0.8968	1	0.8968	0.8968	True	0.79	1.86
14	62462942	G	A	SYT16	Missense_Mutation	115	65	180	0.3611111111111111	2	1	1	0.9142	1	0.9142	0.9142	True	0.79	1.86
14	64700103	C	T	ESR2	Intron	13	10	23	0.43478260869565216	2	1	1	1.1007	1	1.1007	1.0	True	0.79	1.86
14	65259726	G	A	SPTB	Silent	30	12	42	0.2857142857142857	2	1	1	0.7233	1	0.7233	0.7233	False	0.79	1.86
14	68251080	G	A	ZFYVE26	Silent	156	77	233	0.33047210300429186	2	1	1	0.8366	1	0.8366	0.8366	False	0.79	1.86
14	69522018	G	A	DCAF5	Missense_Mutation	26	15	41	0.36585365853658536	2	1	1	0.9262	1	0.9262	0.9262	True	0.79	1.86
14	73720524	C	T	PAPLN	Missense_Mutation	47	23	70	0.32857142857142857	2	1	1	0.8318	1	0.8318	0.8318	False	0.79	1.86
14	81371267	G	A	CEP128	Missense_Mutation	55	35	90	0.3888888888888889	2	1	1	0.9845	1	0.9845	0.9845	True	0.79	1.86
14	89206850	G	A	EML5	Nonsense_Mutation	102	59	161	0.36645962732919257	2	1	1	0.9277	1	0.9277	0.9277	True	0.79	1.86
14	89878430	G	A	FOXN3	Missense_Mutation	91	31	122	0.2540983606557377	2	1	1	0.6433	1	0.6433	0.6433	False	0.79	1.86
14	90509426	T	G	TDP1	Missense_Mutation	63	38	101	0.37623762376237624	2	1	1	0.9525	1	0.9525	0.9525	True	0.79	1.86
14	92053616	G	A	CATSPERB	Missense_Mutation	28	30	58	0.5172413793103449	2	1	1	1.3095	1	1.3095	1.0	True	0.79	1.86
14	92251698	G	A	TC2N	Silent	94	82	176	0.4659090909090909	2	1	1	1.1795	1	1.1795	1.0	True	0.79	1.86
14	92958550	C	T	SLC24A4	Missense_Mutation	110	43	153	0.28104575163398693	2	1	1	0.7115	1	0.7115	0.7115	False	0.79	1.86
14	94526450	A	G	DDX24	Missense_Mutation	53	31	84	0.36904761904761907	2	1	1	0.9343	1	0.9343	0.9343	True	0.79	1.86
14	94964174	C	T	SERPINA12	Silent	86	30	116	0.25862068965517243	2	1	1	0.6547	1	0.6547	0.6547	False	0.79	1.86
14	95053711	C	T	SERPINA5	Silent	71	33	104	0.3173076923076923	2	1	1	0.8033	1	0.8033	0.8033	False	0.79	1.86
14	95903214	G	A	SYNE3	Silent	79	41	120	0.3416666666666667	2	1	1	0.865	1	0.865	0.865	True	0.79	1.86
14	101416231	C	T	SNORD114-1	RNA	19	10	29	0.3448275862068966	2	1	1	0.873	1	0.873	0.873	True	0.79	1.86
14	101419726	G	A	SNORD114-3	RNA	52	28	80	0.35	2	1	1	0.8861	1	0.8861	0.8861	True	0.79	1.86
14	101512287	C	T	MIR381	RNA	12	4	16	0.25	2	1	1	0.6329	1	0.6329	0.6329	False	0.79	1.86
14	103173840	C	T	RCOR1	Silent	70	30	100	0.3	2	1	1	0.7595	1	0.7595	0.7595	False	0.79	1.86
14	103187353	A	G	RCOR1	Missense_Mutation	124	103	227	0.45374449339207046	2	1	1	1.1487	1	1.1487	1.0	True	0.79	1.86
14	104571006	G	A	ASPG	Silent	29	14	43	0.32558139534883723	2	1	1	0.8243	1	0.8243	0.8243	False	0.79	1.86
14	105412741	G	A	AHNAK2	Missense_Mutation	114	62	176	0.3522727272727273	2	1	1	0.8918	1	0.8918	0.8918	True	0.79	1.86
14	105718852	G	A	BRF1	Missense_Mutation	19	14	33	0.42424242424242425	2	1	1	1.074	1	1.074	1.0	True	0.79	1.86
14	105718853	G	A	BRF1	Missense_Mutation	19	14	33	0.42424242424242425	2	1	1	1.074	1	1.074	1.0	True	0.79	1.86
14	106329413	G	A	IGHJ6	Missense_Mutation	34	11	45	0.24444444444444444	2	1	1	0.6188	1	0.6188	0.6188	False	0.79	1.86
15	25455073	G	A	SNORD115-22	RNA	158	85	243	0.3497942386831276	2	1	1	0.8856	1	0.8856	0.8856	True	0.79	1.86
15	27159995	G	A	GABRA5	Silent	37	15	52	0.28846153846153844	2	1	1	0.7303	1	0.7303	0.7303	False	0.79	1.86
15	33840366	G	A	RYR3	Missense_Mutation	26	7	33	0.21212121212121213	2	1	1	0.537	1	0.537	0.537	False	0.79	1.86
15	33855110	G	A	RYR3	Missense_Mutation	46	26	72	0.3611111111111111	2	1	1	0.9142	1	0.9142	0.9142	True	0.79	1.86
15	34295320	G	A	AVEN	Nonsense_Mutation	47	27	74	0.36486486486486486	2	1	1	0.9237	1	0.9237	0.9237	True	0.79	1.86
15	40099246	G	A	GPR176	Missense_Mutation	117	68	185	0.3675675675675676	2	1	1	0.9306	1	0.9306	0.9306	True	0.79	1.86
15	40300312	C	G	EIF2AK4	Silent	111	63	174	0.3620689655172414	2	1	1	0.9166	1	0.9166	0.9166	True	0.79	1.86
15	40300332	T	C	EIF2AK4	Missense_Mutation	129	68	197	0.34517766497461927	2	1	1	0.8739	1	0.8739	0.8739	True	0.79	1.86
15	40657409	C	T	DISP2	Missense_Mutation	42	23	65	0.35384615384615387	2	1	1	0.8958	1	0.8958	0.8958	True	0.79	1.86
15	40657471	C	T	DISP2	Silent	22	8	30	0.26666666666666666	2	1	1	0.6751	1	0.6751	0.6751	False	0.79	1.86
15	41854889	C	T	TYRO3	Missense_Mutation	10	5	15	0.3333333333333333	2	1	1	0.8439	1	0.8439	0.8439	False	0.79	1.86
15	42059489	C	T	MGA	3'UTR	58	32	90	0.35555555555555557	2	1	1	0.9001	1	0.9001	0.9001	True	0.79	1.86
15	42298225	C	T	PLA2G4E	Missense_Mutation	42	14	56	0.25	2	1	1	0.6329	1	0.6329	0.6329	False	0.79	1.86
15	42363686	C	T	PLA2G4D	Missense_Mutation	24	14	38	0.3684210526315789	2	1	1	0.9327	1	0.9327	0.9327	True	0.79	1.86
15	43940225	A	G	CATSPER2	Missense_Mutation	245	120	365	0.3287671232876712	2	1	1	0.8323	1	0.8323	0.8323	False	0.79	1.86
15	44062493	G	A	PDIA3	Missense_Mutation	40	16	56	0.2857142857142857	2	1	1	0.7233	1	0.7233	0.7233	False	0.79	1.86
15	49176514	A	G	SHC4	Silent	61	31	92	0.33695652173913043	2	1	1	0.8531	1	0.8531	0.8531	True	0.79	1.86
15	50897179	A	G	TRPM7	Missense_Mutation	62	28	90	0.3111111111111111	2	1	1	0.7876	1	0.7876	0.7876	False	0.79	1.86
15	51350308	A	T	TNFAIP8L3	Missense_Mutation	41	18	59	0.3050847457627119	2	1	1	0.7724	1	0.7724	0.7724	False	0.79	1.86
15	51696536	G	A	GLDN	Missense_Mutation	93	64	157	0.40764331210191085	2	1	1	1.032	1	1.032	1.0	True	0.79	1.86
15	57910263	G	A	MYZAP	Silent	41	21	62	0.3387096774193548	2	1	1	0.8575	1	0.8575	0.8575	True	0.79	1.86
15	62205598	G	A	VPS13C	Missense_Mutation	70	34	104	0.3269230769230769	2	1	1	0.8277	1	0.8277	0.8277	False	0.79	1.86
15	62214859	G	A	VPS13C	Missense_Mutation	82	39	121	0.32231404958677684	2	1	1	0.816	1	0.816	0.816	False	0.79	1.86
15	63058542	C	T	TLN2	Missense_Mutation	41	22	63	0.3492063492063492	2	1	1	0.8841	1	0.8841	0.8841	True	0.79	1.86
15	72642726	G	A	HEXA	Intron	10	12	22	0.5454545454545454	2	1	1	1.3809	1	1.3809	1.0	True	0.79	1.86
15	74636166	C	T	CYP11A1	Missense_Mutation	119	81	200	0.405	2	1	1	1.0253	1	1.0253	1.0	True	0.79	1.86
15	75047291	C	T	CYP1A2	Silent	38	24	62	0.3870967741935484	2	1	1	0.98	1	0.98	0.98	True	0.79	1.86
15	77474242	T	C	PEAK1	Silent	44	35	79	0.4430379746835443	2	1	1	1.1216	1	1.1216	1.0	True	0.79	1.86
15	78921508	G	A	CHRNB4	Missense_Mutation	27	22	49	0.4489795918367347	2	1	1	1.1367	1	1.1367	1.0	True	0.79	1.86
15	79755596	C	T	KIAA1024	Missense_Mutation	48	39	87	0.4482758620689655	2	1	1	1.1349	1	1.1349	1.0	True	0.79	1.86
15	81650587	C	T	TMC3	Missense_Mutation	52	35	87	0.40229885057471265	2	1	1	1.0185	1	1.0185	1.0	True	0.79	1.86
15	82456243	G	A	EFTUD1	Silent	34	14	48	0.2916666666666667	2	1	1	0.7384	1	0.7384	0.7384	False	0.79	1.86
15	83725214	G	A	BTBD1	Missense_Mutation	30	23	53	0.4339622641509434	2	1	1	1.0986	1	1.0986	1.0	True	0.79	1.86
15	90984750	T	C	IQGAP1	Missense_Mutation	39	30	69	0.43478260869565216	2	1	1	1.1007	1	1.1007	1.0	True	0.79	1.86
15	94983482	C	T	MCTP2	Silent	87	54	141	0.3829787234042553	2	1	1	0.9696	1	0.9696	0.9696	True	0.79	1.86
15	94986178	G	A	MCTP2	Missense_Mutation	56	20	76	0.2631578947368421	2	1	1	0.6662	1	0.6662	0.6662	False	0.79	1.86
15	99892588	C	T	LRRC28	Nonsense_Mutation	87	71	158	0.44936708860759494	2	1	1	1.1376	1	1.1376	1.0	True	0.79	1.86
15	102358668	C	T	OR4F15	Silent	67	38	105	0.3619047619047619	2	1	1	0.9162	1	0.9162	0.9162	True	0.79	1.86
16	815762	C	T	MSLN	Silent	19	10	29	0.3448275862068966	2	1	1	0.873	1	0.873	0.873	True	0.79	1.86
16	815763	C	T	MSLN	Missense_Mutation	18	10	28	0.35714285714285715	2	1	1	0.9042	1	0.9042	0.9042	True	0.79	1.86
16	1291284	C	T	TPSAB1	Silent	38	13	51	0.2549019607843137	2	1	1	0.6453	1	0.6453	0.6453	False	0.79	1.86
16	2345602	C	T	ABCA3	Silent	95	58	153	0.3790849673202614	2	1	1	0.9597	1	0.9597	0.9597	True	0.79	1.86
16	2812815	C	T	SRRM2	Silent	102	49	151	0.32450331125827814	2	1	1	0.8215	1	0.8215	0.8215	False	0.79	1.86
16	9857332	G	A	GRIN2A	Missense_Mutation	41	17	58	0.29310344827586204	2	1	1	0.742	1	0.742	0.742	False	0.79	1.86
16	10032408	C	T	GRIN2A	Missense_Mutation	26	18	44	0.4090909090909091	2	1	1	1.0357	1	1.0357	1.0	True	0.79	1.86
16	11219974	C	T	CLEC16A	Missense_Mutation	25	13	38	0.34210526315789475	2	1	1	0.8661	1	0.8661	0.8661	True	0.79	1.86
16	15724341	C	T	KIAA0430	Missense_Mutation	25	27	52	0.5192307692307693	2	1	1	1.3145	1	1.3145	1.0	True	0.79	1.86
16	16284138	C	T	ABCC6	Nonsense_Mutation	33	24	57	0.42105263157894735	2	1	1	1.066	1	1.066	1.0	True	0.79	1.86
16	19726093	G	A	KNOP1	Missense_Mutation	51	24	75	0.32	2	1	1	0.8101	1	0.8101	0.8101	False	0.79	1.86
16	20952789	A	T	DNAH3	Nonsense_Mutation	95	71	166	0.42771084337349397	2	1	1	1.0828	1	1.0828	1.0	True	0.79	1.86
16	23672571	C	T	DCTN5	Missense_Mutation	43	31	74	0.4189189189189189	2	1	1	1.0606	1	1.0606	1.0	True	0.79	1.86
16	23718180	G	A	ERN2	Missense_Mutation	21	20	41	0.4878048780487805	2	1	1	1.2349	1	1.2349	1.0	True	0.79	1.86
16	24185843	T	C	PRKCB	Missense_Mutation	27	14	41	0.34146341463414637	2	1	1	0.8645	1	0.8645	0.8645	True	0.79	1.86
16	26147380	C	T	HS3ST4	Silent	12	14	26	0.5384615384615384	2	1	1	1.3632	1	1.3632	1.0	True	0.79	1.86
16	28146632	G	A	XPO6	Silent	79	38	117	0.3247863247863248	2	1	1	0.8222	1	0.8222	0.8222	False	0.79	1.86
16	28509438	C	T	APOBR	Missense_Mutation	18	5	23	0.21739130434782608	2	1	1	0.5504	1	0.5504	0.5504	False	0.79	1.86
16	28509439	C	T	APOBR	Missense_Mutation	17	5	22	0.22727272727272727	2	1	1	0.5754	1	0.5754	0.5754	False	0.79	1.86
16	29115586	C	T	CTB-134H23.3	RNA	7	3	10	0.3	2	1	1	0.7595	1	0.7595	0.7595	False	0.79	1.86
16	30392719	C	G	SEPT1	Missense_Mutation	44	26	70	0.37142857142857144	2	1	1	0.9403	1	0.9403	0.9403	True	0.79	1.86
16	30750282	C	T	SRCAP	Missense_Mutation	12	16	28	0.5714285714285714	2	1	1	1.4467	1	1.4467	1.0	True	0.79	1.86
16	30777523	C	T	RNF40	Silent	62	26	88	0.29545454545454547	2	1	1	0.748	1	0.748	0.748	False	0.79	1.86
16	30939897	C	T	FBXL19	Missense_Mutation	7	5	12	0.4166666666666667	2	1	1	1.0549	1	1.0549	1.0	True	0.79	1.86
16	31202393	G	A	FUS	Silent	34	13	47	0.2765957446808511	2	1	1	0.7002	1	0.7002	0.7002	False	0.79	1.86
16	31424248	G	A	ITGAD	Missense_Mutation	31	28	59	0.4745762711864407	2	1	1	1.2015	1	1.2015	1.0	True	0.79	1.86
16	46774025	G	A	MYLK3	Missense_Mutation	68	52	120	0.43333333333333335	2	1	1	1.097	1	1.097	1.0	True	0.79	1.86
16	47162260	G	A	NETO2	Nonsense_Mutation	50	32	82	0.3902439024390244	2	1	1	0.988	1	0.988	0.988	True	0.79	1.86
16	48142409	G	A	ABCC12	Silent	57	48	105	0.45714285714285713	2	1	1	1.1573	1	1.1573	1.0	True	0.79	1.86
16	49430331	C	T	C16orf78	Intron	51	30	81	0.37037037037037035	2	1	1	0.9376	1	0.9376	0.9376	True	0.79	1.86
16	50136199	C	T	HEATR3	Silent	73	31	104	0.2980769230769231	2	1	1	0.7546	1	0.7546	0.7546	False	0.79	1.86
16	51175771	C	T	SALL1	Missense_Mutation	75	26	101	0.25742574257425743	2	1	1	0.6517	1	0.6517	0.6517	False	0.79	1.86
16	55584910	G	T	LPCAT2	Missense_Mutation	64	37	101	0.36633663366336633	2	1	1	0.9274	1	0.9274	0.9274	True	0.79	1.86
16	56866247	C	T	NUP93	Missense_Mutation	59	25	84	0.2976190476190476	2	1	1	0.7535	1	0.7535	0.7535	False	0.79	1.86
16	57295862	G	A	PLLP	Missense_Mutation	33	23	56	0.4107142857142857	2	1	1	1.0398	1	1.0398	1.0	True	0.79	1.86
16	57562890	C	T	CCDC102A	Missense_Mutation	4	6	10	0.6	2	1	1	1.519	1	1.519	1.0	True	0.79	1.86
16	58319856	C	T	PRSS54	Nonsense_Mutation	35	25	60	0.4166666666666667	2	1	1	1.0549	1	1.0549	1.0	True	0.79	1.86
16	58538325	G	A	NDRG4	Missense_Mutation	35	28	63	0.4444444444444444	2	1	1	1.1252	1	1.1252	1.0	True	0.79	1.86
16	58557398	G	A	CNOT1	Missense_Mutation	48	32	80	0.4	2	1	1	1.0127	1	1.0127	1.0	True	0.79	1.86
16	66948290	C	T	CDH16	Silent	19	10	29	0.3448275862068966	2	1	1	0.873	1	0.873	0.873	True	0.79	1.86
16	67576106	C	T	FAM65A	Silent	38	20	58	0.3448275862068966	2	1	1	0.873	1	0.873	0.873	True	0.79	1.86
16	69951744	C	T	WWP2	Silent	22	7	29	0.2413793103448276	2	1	1	0.6111	1	0.6111	0.6111	False	0.79	1.86
16	71509231	G	A	ZNF19	Missense_Mutation	48	25	73	0.3424657534246575	2	1	1	0.867	1	0.867	0.867	True	0.79	1.86
16	72827786	C	T	ZFHX3	Missense_Mutation	42	37	79	0.46835443037974683	2	1	1	1.1857	1	1.1857	1.0	True	0.79	1.86
16	77775602	C	T	NUDT7	Missense_Mutation	73	41	114	0.35964912280701755	2	1	1	0.9105	1	0.9105	0.9105	True	0.79	1.86
16	82033683	T	C	SDR42E1	Missense_Mutation	59	56	115	0.48695652173913045	2	1	1	1.2328	1	1.2328	1.0	True	0.79	1.86
16	89789072	C	T	ZNF276	Silent	37	19	56	0.3392857142857143	2	1	1	0.859	1	0.859	0.859	True	0.79	1.86
17	97003	C	T	RPH3AL	Missense_Mutation	26	12	38	0.3157894736842105	2	1	1	0.7995	1	0.7995	0.7995	False	0.79	1.86
17	708444	G	A	NXN	Silent	18	7	25	0.28	2	1	1	0.7089	1	0.7089	0.7089	False	0.79	1.86
17	914039	C	T	ABR	Silent	50	25	75	0.3333333333333333	2	1	1	0.8439	1	0.8439	0.8439	False	0.79	1.86
17	1787103	C	T	RPA1	Intron	107	57	164	0.3475609756097561	2	1	1	0.8799	1	0.8799	0.8799	True	0.79	1.86
17	3030567	G	A	OR1G1	Silent	37	21	58	0.3620689655172414	2	1	1	0.9166	1	0.9166	0.9166	True	0.79	1.86
17	3144278	C	T	OR1D4	RNA	43	10	53	0.18867924528301888	2	1	1	0.4777	1	0.4777	0.4777	False	0.79	1.86
17	3828614	G	A	ATP2A3	3'UTR	14	5	19	0.2631578947368421	2	1	1	0.6662	1	0.6662	0.6662	False	0.79	1.86
17	4621234	C	T	ARRB2	Silent	18	7	25	0.28	2	1	1	0.7089	1	0.7089	0.7089	False	0.79	1.86
17	4804268	T	A	C17orf107	3'UTR	35	25	60	0.4166666666666667	2	1	1	1.0549	1	1.0549	1.0	True	0.79	1.86
17	5212019	A	T	RABEP1	Missense_Mutation	24	15	39	0.38461538461538464	2	1	1	0.9737	1	0.9737	0.9737	True	0.79	1.86
17	5998538	C	T	WSCD1	Nonsense_Mutation	15	9	24	0.375	2	1	1	0.9494	1	0.9494	0.9494	True	0.79	1.86
17	7330098	C	T	C17orf74	Missense_Mutation	17	16	33	0.48484848484848486	2	1	1	1.2275	1	1.2275	1.0	True	0.79	1.86
17	7668873	C	T	DNAH2	Silent	48	23	71	0.323943661971831	2	1	1	0.8201	1	0.8201	0.8201	False	0.79	1.86
17	7827774	G	A	KCNAB3	Silent	33	17	50	0.34	2	1	1	0.8608	1	0.8608	0.8608	True	0.79	1.86
17	7979013	G	A	ALOX12B	Silent	112	55	167	0.32934131736526945	2	1	1	0.8338	1	0.8338	0.8338	False	0.79	1.86
17	7989457	A	T	ALOX12B	Missense_Mutation	29	12	41	0.2926829268292683	2	1	1	0.741	1	0.741	0.741	False	0.79	1.86
17	8159960	C	T	PFAS	Missense_Mutation	26	24	50	0.48	2	1	1	1.2152	1	1.2152	1.0	True	0.79	1.86
17	8167625	C	T	PFAS	Silent	16	11	27	0.4074074074074074	2	1	1	1.0314	1	1.0314	1.0	True	0.79	1.86
17	8169316	C	T	PFAS	Silent	23	18	41	0.43902439024390244	2	1	1	1.1115	1	1.1115	1.0	True	0.79	1.86
17	8644940	C	T	CCDC42	Missense_Mutation	21	16	37	0.43243243243243246	2	1	1	1.0948	1	1.0948	1.0	True	0.79	1.86
17	10399579	C	T	MYH1	Silent	70	33	103	0.32038834951456313	2	1	1	0.8111	1	0.8111	0.8111	False	0.79	1.86
17	11666769	C	T	DNAH9	Silent	93	50	143	0.34965034965034963	2	1	1	0.8852	1	0.8852	0.8852	True	0.79	1.86
17	15884382	G	A	ZSWIM7	Missense_Mutation	13	11	24	0.4583333333333333	2	1	1	1.1603	1	1.1603	1.0	True	0.79	1.86
17	18022910	C	T	MYO15A	Missense_Mutation	24	11	35	0.3142857142857143	2	1	1	0.7957	1	0.7957	0.7957	False	0.79	1.86
17	18022911	C	T	MYO15A	Missense_Mutation	25	12	37	0.32432432432432434	2	1	1	0.8211	1	0.8211	0.8211	False	0.79	1.86
17	20224893	C	T	AC004702.2	Intron	132	60	192	0.3125	2	1	1	0.7911	1	0.7911	0.7911	False	0.79	1.86
17	20363713	C	T	LGALS9B	Missense_Mutation	80	34	114	0.2982456140350877	2	1	1	0.7551	1	0.7551	0.7551	False	0.79	1.86
17	26861982	C	T	FOXN1	Missense_Mutation	14	4	18	0.2222222222222222	2	1	1	0.5626	1	0.5626	0.5626	False	0.79	1.86
17	26861983	C	T	FOXN1	Missense_Mutation	14	4	18	0.2222222222222222	2	1	1	0.5626	1	0.5626	0.5626	False	0.79	1.86
17	27011697	C	T	SUPT6H	Nonsense_Mutation	48	26	74	0.35135135135135137	2	1	1	0.8895	1	0.8895	0.8895	True	0.79	1.86
17	27024747	G	A	SUPT6H	Missense_Mutation	33	3	36	0.08333333333333333	2	1	1	0.211	1	0.211	0.211	False	0.79	1.86
17	29220499	G	A	ATAD5	Missense_Mutation	56	35	91	0.38461538461538464	2	1	1	0.9737	1	0.9737	0.9737	True	0.79	1.86
17	29665142	C	T	NF1	Silent	86	49	135	0.362962962962963	2	1	1	0.9189	1	0.9189	0.9189	True	0.79	1.86
17	31039087	G	A	MYO1D	Silent	88	82	170	0.4823529411764706	2	1	1	1.2211	1	1.2211	1.0	True	0.79	1.86
17	33513632	T	C	UNC45B	3'UTR	13	8	21	0.38095238095238093	2	1	1	0.9644	1	0.9644	0.9644	True	0.79	1.86
17	34245308	G	A	RDM1	3'UTR	19	7	26	0.2692307692307692	2	1	1	0.6816	1	0.6816	0.6816	False	0.79	1.86
17	36099441	C	T	HNF1B	Silent	186	134	320	0.41875	2	1	1	1.0601	1	1.0601	1.0	True	0.79	1.86
17	36104883	G	A	HNF1B	5'UTR	75	48	123	0.3902439024390244	2	1	1	0.988	1	0.988	0.988	True	0.79	1.86
17	39165029	G	A	KRTAP3-1	3'UTR	27	7	34	0.20588235294117646	2	1	1	0.5212	1	0.5212	0.5212	False	0.79	1.86
17	39672221	C	T	KRT15	Missense_Mutation	125	47	172	0.27325581395348836	2	1	1	0.6918	1	0.6918	0.6918	False	0.79	1.86
17	40865335	G	A	EZH1	Missense_Mutation	56	28	84	0.3333333333333333	2	1	1	0.8439	1	0.8439	0.8439	False	0.79	1.86
17	41847063	G	A	DUSP3	Missense_Mutation	34	12	46	0.2608695652173913	2	1	1	0.6604	1	0.6604	0.6604	False	0.79	1.86
17	42934475	G	A	EFTUD2	Silent	53	41	94	0.43617021276595747	2	1	1	1.1042	1	1.1042	1.0	True	0.79	1.86
17	42936451	G	A	EFTUD2	Silent	43	23	66	0.3484848484848485	2	1	1	0.8822	1	0.8822	0.8822	True	0.79	1.86
17	43246334	C	T	HEXIM2	Intron	81	43	124	0.3467741935483871	2	1	1	0.8779	1	0.8779	0.8779	True	0.79	1.86
17	45750523	C	T	KPNB1	Nonsense_Mutation	61	40	101	0.39603960396039606	2	1	1	1.0026	1	1.0026	1.0	True	0.79	1.86
17	45885931	T	C	OSBPL7	Missense_Mutation	114	80	194	0.41237113402061853	2	1	1	1.044	1	1.044	1.0	True	0.79	1.86
17	46607022	C	T	HOXB1	Missense_Mutation	67	39	106	0.36792452830188677	2	1	1	0.9315	1	0.9315	0.9315	True	0.79	1.86
17	46691682	G	A	HOXB8	Missense_Mutation	10	4	14	0.2857142857142857	2	1	1	0.7233	1	0.7233	0.7233	False	0.79	1.86
17	47044610	C	T	GIP	5'UTR	49	25	74	0.33783783783783783	2	1	1	0.8553	1	0.8553	0.8553	True	0.79	1.86
17	48696108	C	T	CACNA1G	Silent	31	16	47	0.3404255319148936	2	1	1	0.8618	1	0.8618	0.8618	True	0.79	1.86
17	48701370	C	T	CACNA1G	Missense_Mutation	32	20	52	0.38461538461538464	2	1	1	0.9737	1	0.9737	0.9737	True	0.79	1.86
17	51900733	G	A	KIF2B	Silent	55	29	84	0.34523809523809523	2	1	1	0.874	1	0.874	0.874	True	0.79	1.86
17	53798413	T	C	TMEM100	Missense_Mutation	65	41	106	0.3867924528301887	2	1	1	0.9792	1	0.9792	0.9792	True	0.79	1.86
17	54428267	C	T	ANKFN1	Missense_Mutation	48	31	79	0.3924050632911392	2	1	1	0.9934	1	0.9934	0.9934	True	0.79	1.86
17	56664997	G	A	TEX14	Silent	39	23	62	0.3709677419354839	2	1	1	0.9392	1	0.9392	0.9392	True	0.79	1.86
17	56692624	C	T	TEX14	Missense_Mutation	61	45	106	0.42452830188679247	2	1	1	1.0748	1	1.0748	1.0	True	0.79	1.86
17	58524995	C	A	APPBP2	Nonsense_Mutation	99	63	162	0.3888888888888889	2	1	1	0.9845	1	0.9845	0.9845	True	0.79	1.86
17	61768530	C	T	MAP3K3	Silent	36	18	54	0.3333333333333333	2	1	1	0.8439	1	0.8439	0.8439	False	0.79	1.86
17	62137861	G	A	ERN1	Missense_Mutation	66	35	101	0.3465346534653465	2	1	1	0.8773	1	0.8773	0.8773	True	0.79	1.86
17	65026931	C	T	CACNG4	Silent	21	16	37	0.43243243243243246	2	1	1	1.0948	1	1.0948	1.0	True	0.79	1.86
17	66533797	C	T	FAM20A	Missense_Mutation	10	9	19	0.47368421052631576	2	1	1	1.1992	1	1.1992	1.0	True	0.79	1.86
17	72305515	C	T	DNAI2	Silent	28	13	41	0.3170731707317073	2	1	1	0.8027	1	0.8027	0.8027	False	0.79	1.86
17	72832536	C	T	TMEM104	Missense_Mutation	26	17	43	0.3953488372093023	2	1	1	1.0009	1	1.0009	1.0	True	0.79	1.86
17	72832537	C	T	TMEM104	Missense_Mutation	27	16	43	0.37209302325581395	2	1	1	0.942	1	0.942	0.942	True	0.79	1.86
17	74136356	C	T	FOXJ1	Missense_Mutation	14	8	22	0.36363636363636365	2	1	1	0.9206	1	0.9206	0.9206	True	0.79	1.86
17	74942495	G	A	MGAT5B	Missense_Mutation	23	9	32	0.28125	2	1	1	0.712	1	0.712	0.712	False	0.79	1.86
17	76449483	C	T	DNAH17	Missense_Mutation	14	7	21	0.3333333333333333	2	1	1	0.8439	1	0.8439	0.8439	False	0.79	1.86
17	76482527	G	A	DNAH17	Missense_Mutation	20	19	39	0.48717948717948717	2	1	1	1.2334	1	1.2334	1.0	True	0.79	1.86
17	78268774	G	T	RNF213	Missense_Mutation	55	16	71	0.22535211267605634	2	1	1	0.5705	1	0.5705	0.5705	False	0.79	1.86
17	80382276	C	T	HEXDC	Missense_Mutation	45	28	73	0.3835616438356164	2	1	1	0.971	1	0.971	0.971	True	0.79	1.86
17	80790255	T	C	ZNF750	Missense_Mutation	76	34	110	0.3090909090909091	2	1	1	0.7825	1	0.7825	0.7825	False	0.79	1.86
18	9255150	C	T	ANKRD12	Missense_Mutation	16	34	50	0.68	1	1	0	1.0415	1	1.0415	1.0	True	0.79	1.86
18	12699056	G	A	CEP76	Missense_Mutation	13	28	41	0.6829268292682927	1	1	0	1.046	1	1.046	1.0	True	0.79	1.86
18	21501454	G	A	LAMA3	Nonsense_Mutation	52	25	77	0.3246753246753247	2	1	1	0.822	1	0.822	0.822	False	0.79	1.86
18	24496402	C	T	CHST9	Missense_Mutation	72	42	114	0.3684210526315789	2	1	1	0.9327	1	0.9327	0.9327	True	0.79	1.86
18	28728530	C	T	DSC1	Missense_Mutation	53	38	91	0.4175824175824176	2	1	1	1.0572	1	1.0572	1.0	True	0.79	1.86
18	29039874	C	T	DSG3	Missense_Mutation	41	25	66	0.3787878787878788	2	1	1	0.959	1	0.959	0.959	True	0.79	1.86
18	29126475	G	A	DSG2	Silent	45	30	75	0.4	2	1	1	1.0127	1	1.0127	1.0	True	0.79	1.86
18	30093079	C	T	WBP11P1	RNA	6	3	9	0.3333333333333333	2	1	1	0.8439	1	0.8439	0.8439	False	0.79	1.86
18	34647216	C	T	KIAA1328	Missense_Mutation	42	23	65	0.35384615384615387	2	1	1	0.8958	1	0.8958	0.8958	True	0.79	1.86
18	44560836	G	A	TCEB3B	Missense_Mutation	60	34	94	0.3617021276595745	2	1	1	0.9157	1	0.9157	0.9157	True	0.79	1.86
18	44561311	C	T	TCEB3B	Missense_Mutation	52	28	80	0.35	2	1	1	0.8861	1	0.8861	0.8861	True	0.79	1.86
18	55024677	G	A	ST8SIA3	Missense_Mutation	67	51	118	0.4322033898305085	2	1	1	1.0942	1	1.0942	1.0	True	0.79	1.86
18	56985680	C	T	CPLX4	Missense_Mutation	31	15	46	0.32608695652173914	2	1	1	0.8255	1	0.8255	0.8255	False	0.79	1.86
18	56998314	G	A	LMAN1	3'UTR	51	31	82	0.3780487804878049	2	1	1	0.9571	1	0.9571	0.9571	True	0.79	1.86
18	59170282	G	A	CDH20	Missense_Mutation	73	27	100	0.27	2	1	1	0.6835	1	0.6835	0.6835	False	0.79	1.86
18	59895551	C	T	KIAA1468	Missense_Mutation	76	34	110	0.3090909090909091	2	1	1	0.7825	1	0.7825	0.7825	False	0.79	1.86
18	76754644	G	A	SALL3	Missense_Mutation	22	17	39	0.4358974358974359	2	1	1	1.1035	1	1.1035	1.0	True	0.79	1.86
19	287583	G	A	PPAP2C	Missense_Mutation	55	30	85	0.35294117647058826	2	1	1	0.8935	1	0.8935	0.8935	True	0.79	1.86
19	614009	C	T	HCN2	Silent	14	5	19	0.2631578947368421	2	1	1	0.6662	1	0.6662	0.6662	False	0.79	1.86
19	2853171	T	G	ZNF555	Missense_Mutation	10	5	15	0.3333333333333333	2	1	1	0.8439	1	0.8439	0.8439	False	0.79	1.86
19	3905499	C	T	ATCAY	Silent	7	10	17	0.5882352941176471	2	1	1	1.4892	1	1.4892	1.0	True	0.79	1.86
19	4288268	G	A	SHD	Missense_Mutation	24	13	37	0.35135135135135137	2	1	1	0.8895	1	0.8895	0.8895	True	0.79	1.86
19	4792820	C	T	FEM1A	Silent	22	12	34	0.35294117647058826	2	1	1	0.8935	1	0.8935	0.8935	True	0.79	1.86
19	6366373	C	T	CLPP	Silent	15	4	19	0.21052631578947367	2	1	1	0.533	1	0.533	0.533	False	0.79	1.86
19	6908704	C	T	EMR1	Missense_Mutation	52	27	79	0.34177215189873417	2	1	1	0.8652	1	0.8652	0.8652	True	0.79	1.86
19	7692252	G	A	XAB2	Silent	10	10	20	0.5	2	1	1	1.2658	1	1.2658	1.0	True	0.79	1.86
19	7810954	G	A	CD209	Silent	102	43	145	0.296551724137931	2	1	1	0.7508	1	0.7508	0.7508	False	0.79	1.86
19	8974080	T	A	MUC16	Silent	13	9	22	0.4090909090909091	2	1	1	1.0357	1	1.0357	1.0	True	0.79	1.86
19	9027568	G	A	MUC16	Silent	29	27	56	0.48214285714285715	2	1	1	1.2206	1	1.2206	1.0	True	0.79	1.86
19	9045944	G	A	MUC16	Missense_Mutation	71	34	105	0.3238095238095238	2	1	1	0.8198	1	0.8198	0.8198	False	0.79	1.86
19	9046062	C	T	MUC16	Missense_Mutation	59	35	94	0.3723404255319149	2	1	1	0.9426	1	0.9426	0.9426	True	0.79	1.86
19	9046254	G	A	MUC16	Missense_Mutation	16	17	33	0.5151515151515151	2	1	1	1.3042	1	1.3042	1.0	True	0.79	1.86
19	9056878	G	A	MUC16	Missense_Mutation	40	34	74	0.4594594594594595	2	1	1	1.1632	1	1.1632	1.0	True	0.79	1.86
19	9059483	G	A	MUC16	Silent	66	33	99	0.3333333333333333	2	1	1	0.8439	1	0.8439	0.8439	False	0.79	1.86
19	9063850	C	T	MUC16	Missense_Mutation	37	16	53	0.3018867924528302	2	1	1	0.7643	1	0.7643	0.7643	False	0.79	1.86
19	9072702	A	G	MUC16	Missense_Mutation	96	36	132	0.2727272727272727	2	1	1	0.6904	1	0.6904	0.6904	False	0.79	1.86
19	9077469	C	T	MUC16	Missense_Mutation	59	35	94	0.3723404255319149	2	1	1	0.9426	1	0.9426	0.9426	True	0.79	1.86
19	9083027	A	T	MUC16	Missense_Mutation	53	26	79	0.3291139240506329	2	1	1	0.8332	1	0.8332	0.8332	False	0.79	1.86
19	9086190	C	T	MUC16	Silent	19	9	28	0.32142857142857145	2	1	1	0.8137	1	0.8137	0.8137	False	0.79	1.86
19	9236949	C	T	OR7G3	Missense_Mutation	116	58	174	0.3333333333333333	2	1	1	0.8439	1	0.8439	0.8439	False	0.79	1.86
19	9269503	T	G	ZNF317	Missense_Mutation	31	18	49	0.3673469387755102	2	1	1	0.93	1	0.93	0.93	True	0.79	1.86
19	9270855	C	T	ZNF317	Silent	22	13	35	0.37142857142857144	2	1	1	0.9403	1	0.9403	0.9403	True	0.79	1.86
19	9325046	G	A	OR7D4	Silent	45	14	59	0.23728813559322035	2	1	1	0.6007	1	0.6007	0.6007	False	0.79	1.86
19	10363306	C	T	MRPL4	Silent	31	26	57	0.45614035087719296	2	1	1	1.1548	1	1.1548	1.0	True	0.79	1.86
19	12256086	G	A	ZNF625	3'UTR	55	24	79	0.3037974683544304	2	1	1	0.7691	1	0.7691	0.7691	False	0.79	1.86
19	12256087	G	A	ZNF625	3'UTR	55	24	79	0.3037974683544304	2	1	1	0.7691	1	0.7691	0.7691	False	0.79	1.86
19	13423587	C	T	CACNA1A	Missense_Mutation	39	9	48	0.1875	2	1	1	0.4747	1	0.4747	0.4747	False	0.79	1.86
19	14006280	C	T	C19orf57	Silent	105	59	164	0.3597560975609756	2	1	1	0.9108	1	0.9108	0.9108	True	0.79	1.86
19	14578389	C	T	PKN1	Nonsense_Mutation	26	10	36	0.2777777777777778	2	1	1	0.7032	1	0.7032	0.7032	False	0.79	1.86
19	14752279	G	A	EMR3	Silent	49	19	68	0.27941176470588236	2	1	1	0.7074	1	0.7074	0.7074	False	0.79	1.86
19	15198637	C	G	OR1I1	Missense_Mutation	15	3	18	0.16666666666666666	2	1	1	0.4219	1	0.4219	0.4219	False	0.79	1.86
19	15739586	C	T	CYP4F8	RNA	29	11	40	0.275	2	1	1	0.6962	1	0.6962	0.6962	False	0.79	1.86
19	15839424	A	T	OR10H2	Missense_Mutation	54	33	87	0.3793103448275862	2	1	1	0.9603	1	0.9603	0.9603	True	0.79	1.86
19	15852274	C	T	OR10H3	Silent	127	55	182	0.3021978021978022	2	1	1	0.7651	1	0.7651	0.7651	False	0.79	1.86
19	16338374	C	T	AP1M1	Missense_Mutation	50	29	79	0.3670886075949367	2	1	1	0.9293	1	0.9293	0.9293	True	0.79	1.86
19	17351572	G	A	NR2F6	Missense_Mutation	52	17	69	0.2463768115942029	2	1	1	0.6237	1	0.6237	0.6237	False	0.79	1.86
19	18233516	C	T	MAST3	Silent	8	4	12	0.3333333333333333	2	1	1	0.8439	1	0.8439	0.8439	False	0.79	1.86
19	19427238	G	A	SUGP1	Missense_Mutation	25	15	40	0.375	2	1	1	0.9494	1	0.9494	0.9494	True	0.79	1.86
19	19744700	G	A	GMIP	Missense_Mutation	9	5	14	0.35714285714285715	2	1	1	0.9042	1	0.9042	0.9042	True	0.79	1.86
19	20229372	G	A	ZNF90	Missense_Mutation	10	4	14	0.2857142857142857	2	1	1	0.7233	1	0.7233	0.7233	False	0.79	1.86
19	20844318	C	T	ZNF626	5'UTR	22	15	37	0.40540540540540543	2	1	1	1.0263	1	1.0263	1.0	True	0.79	1.86
19	21476864	G	A	ZNF708	Missense_Mutation	22	12	34	0.35294117647058826	2	1	1	0.8935	1	0.8935	0.8935	True	0.79	1.86
19	22364141	T	C	ZNF676	Silent	78	55	133	0.41353383458646614	2	1	1	1.0469	1	1.0469	1.0	True	0.79	1.86
19	22939118	T	A	ZNF99	3'Flank	6	15	21	0.7142857142857143	2	1	1	1.8083	1	1.8083	1.0	True	0.79	1.86
19	22940851	G	A	ZNF99	Silent	20	8	28	0.2857142857142857	2	1	1	0.7233	1	0.7233	0.7233	False	0.79	1.86
19	22941413	G	A	ZNF99	Missense_Mutation	35	20	55	0.36363636363636365	2	1	1	0.9206	1	0.9206	0.9206	True	0.79	1.86
19	23941560	T	G	ZNF681	5'UTR	57	27	84	0.32142857142857145	2	1	1	0.8137	1	0.8137	0.8137	False	0.79	1.86
19	24310482	C	T	ZNF254	Silent	20	10	30	0.3333333333333333	2	1	1	0.8439	1	0.8439	0.8439	False	0.79	1.86
19	34791262	C	T	KIAA0355	5'UTR	10	6	16	0.375	2	1	1	0.9494	1	0.9494	0.9494	True	0.79	1.86
19	34843722	C	T	KIAA0355	Silent	5	4	9	0.4444444444444444	2	1	1	1.1252	1	1.1252	1.0	True	0.79	1.86
19	35850524	C	T	FFAR3	Silent	96	35	131	0.26717557251908397	2	1	1	0.6764	1	0.6764	0.6764	False	0.79	1.86
19	35862804	C	T	GPR42	Silent	8	10	18	0.5555555555555556	2	1	1	1.4065	1	1.4065	1.0	True	0.79	1.86
19	36004094	A	G	DMKN	Missense_Mutation	36	11	47	0.23404255319148937	2	1	1	0.5925	1	0.5925	0.5925	False	0.79	1.86
19	36123881	C	T	RBM42	Silent	31	25	56	0.44642857142857145	2	1	1	1.1302	1	1.1302	1.0	True	0.79	1.86
19	36290890	T	C	PRODH2	3'Flank	5	3	8	0.375	2	1	1	0.9494	1	0.9494	0.9494	True	0.79	1.86
19	36347965	G	A	KIRREL2	5'UTR	17	11	28	0.39285714285714285	2	1	1	0.9946	1	0.9946	0.9946	True	0.79	1.86
19	36673547	G	A	ZNF565	Missense_Mutation	23	16	39	0.41025641025641024	2	1	1	1.0386	1	1.0386	1.0	True	0.79	1.86
19	36728168	G	A	ZNF146	Missense_Mutation	34	15	49	0.30612244897959184	2	1	1	0.775	1	0.775	0.775	False	0.79	1.86
19	38027988	G	A	ZNF793	Missense_Mutation	27	8	35	0.22857142857142856	2	1	1	0.5787	1	0.5787	0.5787	False	0.79	1.86
19	38229711	C	T	ZNF573	Silent	32	31	63	0.49206349206349204	2	1	1	1.2457	1	1.2457	1.0	True	0.79	1.86
19	38795267	G	A	C19orf33	Missense_Mutation	21	17	38	0.4473684210526316	2	1	1	1.1326	1	1.1326	1.0	True	0.79	1.86
19	38966067	G	A	RYR1	Missense_Mutation	18	7	25	0.28	2	1	1	0.7089	1	0.7089	0.7089	False	0.79	1.86
19	39008218	C	T	RYR1	Missense_Mutation	27	18	45	0.4	2	1	1	1.0127	1	1.0127	1.0	True	0.79	1.86
19	39232476	G	A	CAPN12	Silent	20	10	30	0.3333333333333333	2	1	1	0.8439	1	0.8439	0.8439	False	0.79	1.86
19	39362287	C	T	RINL	Missense_Mutation	65	16	81	0.19753086419753085	2	1	1	0.5001	1	0.5001	0.5001	False	0.79	1.86
19	39924197	G	A	RPS16	Missense_Mutation	69	52	121	0.4297520661157025	2	1	1	1.088	1	1.088	1.0	True	0.79	1.86
19	41703762	G	A	CYP2S1	Missense_Mutation	27	28	55	0.509090909090909	2	1	1	1.2888	1	1.2888	1.0	True	0.79	1.86
19	42311154	C	T	CEACAM3	Intron	93	55	148	0.3716216216216216	2	1	1	0.9408	1	0.9408	0.9408	True	0.79	1.86
19	43234077	G	A	PSG3	Missense_Mutation	148	52	200	0.26	2	1	1	0.6582	1	0.6582	0.6582	False	0.79	1.86
19	43522979	C	T	PSG11	Missense_Mutation	196	98	294	0.3333333333333333	2	1	1	0.8439	1	0.8439	0.8439	False	0.79	1.86
19	44610559	C	T	ZNF224	Silent	23	7	30	0.23333333333333334	2	1	1	0.5907	1	0.5907	0.5907	False	0.79	1.86
19	44610560	C	A	ZNF224	Missense_Mutation	22	7	29	0.2413793103448276	2	1	1	0.6111	1	0.6111	0.6111	False	0.79	1.86
19	45211244	A	T	CEACAM16	Missense_Mutation	70	17	87	0.19540229885057472	2	1	1	0.4947	1	0.4947	0.4947	False	0.79	1.86
19	45448482	C	T	APOC4	Missense_Mutation	236	163	399	0.40852130325814534	2	1	1	1.0342	1	1.0342	1.0	True	0.79	1.86
19	45515487	C	T	RELB	Missense_Mutation	38	20	58	0.3448275862068966	2	1	1	0.873	1	0.873	0.873	True	0.79	1.86
19	47124806	C	T	PTGIR	Missense_Mutation	37	31	68	0.45588235294117646	2	1	1	1.1541	1	1.1541	1.0	True	0.79	1.86
19	47823574	G	C	C5AR1	Missense_Mutation	85	49	134	0.3656716417910448	2	1	1	0.9258	1	0.9258	0.9258	True	0.79	1.86
19	48523119	T	A	ELSPBP1	Missense_Mutation	28	16	44	0.36363636363636365	2	1	1	0.9206	1	0.9206	0.9206	True	0.79	1.86
19	49547354	C	T	CGB5	5'UTR	30	10	40	0.25	2	1	1	0.6329	1	0.6329	0.6329	False	0.79	1.86
19	49671865	T	G	TRPM4	Missense_Mutation	26	10	36	0.2777777777777778	2	1	1	0.7032	1	0.7032	0.7032	False	0.79	1.86
19	50550097	A	G	ZNF473	Silent	33	13	46	0.2826086956521739	2	1	1	0.7155	1	0.7155	0.7155	False	0.79	1.86
19	51022446	G	A	LRRC4B	Missense_Mutation	24	15	39	0.38461538461538464	2	1	1	0.9737	1	0.9737	0.9737	True	0.79	1.86
19	51274719	G	A	GPR32	Missense_Mutation	43	17	60	0.2833333333333333	2	1	1	0.7173	1	0.7173	0.7173	False	0.79	1.86
19	51358246	T	G	KLK3	Missense_Mutation	33	11	44	0.25	2	1	1	0.6329	1	0.6329	0.6329	False	0.79	1.86
19	51918465	G	A	SIGLEC10	Nonsense_Mutation	27	28	55	0.509090909090909	2	1	1	1.2888	1	1.2888	1.0	True	0.79	1.86
19	52519474	T	C	ZNF614	Silent	66	35	101	0.3465346534653465	2	1	1	0.8773	1	0.8773	0.8773	True	0.79	1.86
19	52869701	C	T	ZNF610	Missense_Mutation	55	23	78	0.2948717948717949	2	1	1	0.7465	1	0.7465	0.7465	False	0.79	1.86
19	52869803	T	A	ZNF610	Missense_Mutation	35	18	53	0.33962264150943394	2	1	1	0.8598	1	0.8598	0.8598	True	0.79	1.86
19	53015010	A	T	ZNF578	Missense_Mutation	36	28	64	0.4375	2	1	1	1.1076	1	1.1076	1.0	True	0.79	1.86
19	53454809	G	A	ZNF816	Silent	59	38	97	0.3917525773195876	2	1	1	0.9918	1	0.9918	0.9918	True	0.79	1.86
19	53612696	G	A	ZNF415	Missense_Mutation	55	24	79	0.3037974683544304	2	1	1	0.7691	1	0.7691	0.7691	False	0.79	1.86
19	53994194	C	T	ZNF813	Silent	58	31	89	0.34831460674157305	2	1	1	0.8818	1	0.8818	0.8818	True	0.79	1.86
19	53994690	C	T	ZNF813	Missense_Mutation	29	25	54	0.46296296296296297	2	1	1	1.1721	1	1.1721	1.0	True	0.79	1.86
19	53995275	C	T	ZNF813	Missense_Mutation	10	11	21	0.5238095238095238	2	1	1	1.3261	1	1.3261	1.0	True	0.79	1.86
19	54191781	G	A	MIR1283-1	RNA	44	22	66	0.3333333333333333	2	1	1	0.8439	1	0.8439	0.8439	False	0.79	1.86
19	54228779	G	A	MIR516B2	RNA	16	9	25	0.36	2	1	1	0.9114	1	0.9114	0.9114	True	0.79	1.86
19	54313043	C	T	NLRP12	Missense_Mutation	46	23	69	0.3333333333333333	2	1	1	0.8439	1	0.8439	0.8439	False	0.79	1.86
19	54395856	C	T	PRKCG	Silent	26	13	39	0.3333333333333333	2	1	1	0.8439	1	0.8439	0.8439	False	0.79	1.86
19	54802162	C	T	LILRA3	Silent	32	10	42	0.23809523809523808	2	1	1	0.6028	1	0.6028	0.6028	False	0.79	1.86
19	55107840	T	G	LILRA1	Missense_Mutation	87	30	117	0.2564102564102564	2	1	1	0.6491	1	0.6491	0.6491	False	0.79	1.86
19	55143065	G	A	LILRB1	Missense_Mutation	54	37	91	0.4065934065934066	2	1	1	1.0294	1	1.0294	1.0	True	0.79	1.86
19	55143137	C	T	LILRB1	Missense_Mutation	44	25	69	0.36231884057971014	2	1	1	0.9173	1	0.9173	0.9173	True	0.79	1.86
19	55179529	A	G	LILRB4	3'UTR	11	4	15	0.26666666666666666	2	1	1	0.6751	1	0.6751	0.6751	False	0.79	1.86
19	55773949	G	A	HSPBP1	3'UTR	7	3	10	0.3	2	1	1	0.7595	1	0.7595	0.7595	False	0.79	1.86
19	56249473	C	T	NLRP9	Missense_Mutation	361	210	571	0.36777583187390545	2	1	1	0.9311	1	0.9311	0.9311	True	0.79	1.86
19	56419288	C	T	NLRP13	Missense_Mutation	71	37	108	0.3425925925925926	2	1	1	0.8673	1	0.8673	0.8673	True	0.79	1.86
19	56466093	G	A	NLRP8	Silent	29	14	43	0.32558139534883723	2	1	1	0.8243	1	0.8243	0.8243	False	0.79	1.86
19	57085765	T	C	ZNF470	Silent	45	17	62	0.27419354838709675	2	1	1	0.6942	1	0.6942	0.6942	False	0.79	1.86
19	57175912	C	T	ZNF835	Missense_Mutation	2	8	10	0.8	2	1	1	2.0253	1	2.0253	1.0	True	0.79	1.86
19	57328369	C	T	PEG3	Missense_Mutation	82	37	119	0.31092436974789917	2	1	1	0.7872	1	0.7872	0.7872	False	0.79	1.86
19	57640096	G	A	USP29	Missense_Mutation	32	23	55	0.41818181818181815	2	1	1	1.0587	1	1.0587	1.0	True	0.79	1.86
19	57648328	T	A	ZIM3	Missense_Mutation	47	19	66	0.2878787878787879	2	1	1	0.7288	1	0.7288	0.7288	False	0.79	1.86
19	57931998	C	T	ZNF17	Missense_Mutation	61	42	103	0.4077669902912621	2	1	1	1.0323	1	1.0323	1.0	True	0.79	1.86
19	57955450	C	T	ZNF749	Missense_Mutation	39	21	60	0.35	2	1	1	0.8861	1	0.8861	0.8861	True	0.79	1.86
19	58046568	C	T	ZNF549	Silent	59	31	90	0.34444444444444444	2	1	1	0.872	1	0.872	0.872	True	0.79	1.86
19	58578608	G	A	ZNF135	Silent	70	46	116	0.39655172413793105	2	1	1	1.0039	1	1.0039	1.0	True	0.79	1.86
19	58772667	G	A	ZNF544	Missense_Mutation	50	36	86	0.4186046511627907	2	1	1	1.0598	1	1.0598	1.0	True	0.79	1.86
19	59010865	G	A	SLC27A5	Missense_Mutation	26	23	49	0.46938775510204084	2	1	1	1.1883	1	1.1883	1.0	True	0.79	1.86
20	1471926	G	A	SIRPB2	Missense_Mutation	23	13	36	0.3611111111111111	2	1	1	0.9142	1	0.9142	0.9142	True	0.79	1.86
20	6088199	A	T	FERMT1	Missense_Mutation	22	13	35	0.37142857142857144	2	1	1	0.9403	1	0.9403	0.9403	True	0.79	1.86
20	7866479	C	T	HAO1	Silent	74	44	118	0.3728813559322034	2	1	1	0.944	1	0.944	0.944	True	0.79	1.86
20	10273890	G	A	SNAP25	Missense_Mutation	52	31	83	0.37349397590361444	2	1	1	0.9456	1	0.9456	0.9456	True	0.79	1.86
20	18794514	G	A	SCP2D1	Missense_Mutation	30	15	45	0.3333333333333333	2	1	1	0.8439	1	0.8439	0.8439	False	0.79	1.86
20	19664827	C	T	SLC24A3	Silent	64	30	94	0.3191489361702128	2	1	1	0.808	1	0.808	0.808	False	0.79	1.86
20	20484026	G	A	RALGAPA2	Missense_Mutation	49	22	71	0.30985915492957744	2	1	1	0.7845	1	0.7845	0.7845	False	0.79	1.86
20	24959505	G	A	APMAP	Missense_Mutation	35	26	61	0.4262295081967213	2	1	1	1.0791	1	1.0791	1.0	True	0.79	1.86
20	24959506	G	A	APMAP	Silent	35	26	61	0.4262295081967213	2	1	1	1.0791	1	1.0791	1.0	True	0.79	1.86
20	25000673	G	A	ACSS1	Missense_Mutation	53	30	83	0.3614457831325301	2	1	1	0.9151	1	0.9151	0.9151	True	0.79	1.86
20	29960918	C	T	DEFB118	Missense_Mutation	38	17	55	0.3090909090909091	2	1	1	0.7825	1	0.7825	0.7825	False	0.79	1.86
20	35668583	G	A	RBL1	Nonsense_Mutation	74	43	117	0.36752136752136755	2	1	1	0.9304	1	0.9304	0.9304	True	0.79	1.86
20	37356590	A	G	SLC32A1	Missense_Mutation	38	24	62	0.3870967741935484	2	1	1	0.98	1	0.98	0.98	True	0.79	1.86
20	40790000	C	T	PTPRT	Missense_Mutation	40	22	62	0.3548387096774194	2	1	1	0.8983	1	0.8983	0.8983	True	0.79	1.86
20	43129877	G	A	SERINC3	Missense_Mutation	59	34	93	0.3655913978494624	2	1	1	0.9255	1	0.9255	0.9255	True	0.79	1.86
20	43561110	T	A	PABPC1L	Intron	18	9	27	0.3333333333333333	2	1	1	0.8439	1	0.8439	0.8439	False	0.79	1.86
20	44987131	G	A	SLC35C2	Silent	30	13	43	0.3023255813953488	2	1	1	0.7654	1	0.7654	0.7654	False	0.79	1.86
20	47887289	G	A	ZNFX1	Missense_Mutation	105	49	154	0.3181818181818182	2	1	1	0.8055	1	0.8055	0.8055	False	0.79	1.86
20	50230311	G	A	ATP9A	Missense_Mutation	122	85	207	0.4106280193236715	2	1	1	1.0396	1	1.0396	1.0	True	0.79	1.86
20	51871554	T	G	TSHZ2	Silent	40	25	65	0.38461538461538464	2	1	1	0.9737	1	0.9737	0.9737	True	0.79	1.86
20	55026928	C	T	CASS4	Silent	28	15	43	0.3488372093023256	2	1	1	0.8831	1	0.8831	0.8831	True	0.79	1.86
20	57428697	G	A	GNAS	Missense_Mutation	31	10	41	0.24390243902439024	2	1	1	0.6175	1	0.6175	0.6175	False	0.79	1.86
20	57599799	G	A	TUBB1	Silent	36	6	42	0.14285714285714285	2	1	1	0.3617	1	0.3617	0.3617	False	0.79	1.86
20	57829535	C	T	ZNF831	Missense_Mutation	52	38	90	0.4222222222222222	2	1	1	1.0689	1	1.0689	1.0	True	0.79	1.86
20	58475306	C	T	SYCP2	Missense_Mutation	25	14	39	0.358974358974359	2	1	1	0.9088	1	0.9088	0.9088	True	0.79	1.86
20	62316899	C	T	RTEL1	Silent	19	10	29	0.3448275862068966	2	1	1	0.873	1	0.873	0.873	True	0.79	1.86
20	62421499	C	T	ZBTB46	Silent	29	8	37	0.21621621621621623	2	1	1	0.5474	1	0.5474	0.5474	False	0.79	1.86
21	10914373	C	T	TPTE	Missense_Mutation	74	8	82	0.0975609756097561	2	1	1	0.247	1	0.247	0.247	False	0.79	1.86
21	10914379	G	A	TPTE	Missense_Mutation	72	12	84	0.14285714285714285	2	1	1	0.3617	1	0.3617	0.3617	False	0.79	1.86
21	10973727	C	T	TPTE	Missense_Mutation	85	20	105	0.19047619047619047	2	1	1	0.4822	1	0.4822	0.4822	False	0.79	1.86
21	11039407	C	T	BAGE2	RNA	150	12	162	0.07407407407407407	2	1	1	0.1875	1	0.1875	0.1875	False	0.79	1.86
21	15352093	C	T	ANKRD20A11P	RNA	18	15	33	0.45454545454545453	2	1	1	1.1507	1	1.1507	1.0	True	0.79	1.86
21	15561499	G	A	LIPI	Silent	55	28	83	0.3373493975903614	2	1	1	0.854	1	0.854	0.854	True	0.79	1.86
21	28338411	C	T	ADAMTS5	Silent	36	17	53	0.32075471698113206	2	1	1	0.812	1	0.812	0.812	False	0.79	1.86
21	30419289	C	T	USP16	Missense_Mutation	33	22	55	0.4	2	1	1	1.0127	1	1.0127	1.0	True	0.79	1.86
21	30949456	C	T	GRIK1	Missense_Mutation	69	24	93	0.25806451612903225	2	1	1	0.6533	1	0.6533	0.6533	False	0.79	1.86
21	33975427	G	A	C21orf59	Intron	36	13	49	0.2653061224489796	2	1	1	0.6717	1	0.6717	0.6717	False	0.79	1.86
21	35893825	G	A	RCAN1	Silent	243	166	409	0.4058679706601467	2	1	1	1.0275	1	1.0275	1.0	True	0.79	1.86
21	38538400	C	T	TTC3	Missense_Mutation	75	38	113	0.336283185840708	2	1	1	0.8513	1	0.8513	0.8513	True	0.79	1.86
21	41719788	G	A	DSCAM	Missense_Mutation	56	33	89	0.3707865168539326	2	1	1	0.9387	1	0.9387	0.9387	True	0.79	1.86
21	42080671	G	A	DSCAM	Missense_Mutation	76	35	111	0.3153153153153153	2	1	1	0.7983	1	0.7983	0.7983	False	0.79	1.86
21	42710382	G	A	FAM3B	Missense_Mutation	53	19	72	0.2638888888888889	2	1	1	0.6681	1	0.6681	0.6681	False	0.79	1.86
21	43531574	C	T	UMODL1	Missense_Mutation	29	8	37	0.21621621621621623	2	1	1	0.5474	1	0.5474	0.5474	False	0.79	1.86
21	45929219	G	A	TSPEAR	Silent	10	4	14	0.2857142857142857	2	1	1	0.7233	1	0.7233	0.7233	False	0.79	1.86
21	46047570	C	T	KRTAP10-9	Missense_Mutation	122	47	169	0.2781065088757396	2	1	1	0.7041	1	0.7041	0.7041	False	0.79	1.86
22	18028326	C	T	CECR2	Missense_Mutation	2	10	12	0.8333333333333334	2	2	0	2.1097	2	1.0549	1.0	True	0.79	1.86
22	26118328	C	T	ADRBK2	Missense_Mutation	10	60	70	0.8571428571428571	2	2	0	2.17	2	1.085	1.0	True	0.79	1.86
22	32589013	C	T	RFPL2	Missense_Mutation	53	18	71	0.2535211267605634	2	2	0	0.6418	1	0.6418	0.6418	False	0.79	1.86
22	35660647	C	T	HMGXB4	Missense_Mutation	37	122	159	0.7672955974842768	2	2	0	1.9425	2	0.9713	0.9713	True	0.79	1.86
22	39067278	C	T	CBY1	Intron	8	44	52	0.8461538461538461	2	2	0	2.1422	2	1.0711	1.0	True	0.79	1.86
22	40803434	T	A	SGSM3	Nonsense_Mutation	12	15	27	0.5555555555555556	2	2	0	1.4065	1	1.4065	1.0	True	0.79	1.86
22	43089095	G	A	A4GALT	Missense_Mutation	5	10	15	0.6666666666666666	2	2	0	1.6878	2	0.8439	0.8439	False	0.79	1.86
22	43933267	G	A	EFCAB6	Silent	34	88	122	0.7213114754098361	2	2	0	1.8261	2	0.9131	0.9131	True	0.79	1.86
22	43933268	G	A	EFCAB6	Missense_Mutation	34	87	121	0.71900826446281	2	2	0	1.8203	2	0.9101	0.9101	True	0.79	1.86
22	44692610	C	T	KIAA1644	Missense_Mutation	37	144	181	0.7955801104972375	2	2	0	2.0141	2	1.0071	1.0	True	0.79	1.86
22	45961049	C	T	FBLN1	Intron	4	10	14	0.7142857142857143	2	2	0	1.8083	2	0.9042	0.9042	True	0.79	1.86
22	46327142	C	T	WNT7B	Missense_Mutation	12	42	54	0.7777777777777778	2	2	0	1.9691	2	0.9845	0.9845	True	0.79	1.86
X	1471298	G	A	IL3RA	Missense_Mutation	96	50	146	0.3424657534246575	2	1	1	0.867	1	0.867	0.867	True	0.79	1.86
X	3228042	C	T	MXRA5	Silent	30	17	47	0.3617021276595745	2	1	1	0.9157	1	0.9157	0.9157	True	0.79	1.86
X	3238523	T	A	MXRA5	Missense_Mutation	24	11	35	0.3142857142857143	2	1	1	0.7957	1	0.7957	0.7957	False	0.79	1.86
X	3241849	G	A	MXRA5	Missense_Mutation	32	22	54	0.4074074074074074	2	1	1	1.0314	1	1.0314	1.0	True	0.79	1.86
X	3248289	C	T	MXRA5	Missense_Mutation	26	14	40	0.35	2	1	1	0.8861	1	0.8861	0.8861	True	0.79	1.86
X	8997363	T	A	FAM9B	Missense_Mutation	9	13	22	0.5909090909090909	2	1	1	1.496	1	1.496	1.0	True	0.79	1.86
X	9900704	G	A	SHROOM2	Silent	19	10	29	0.3448275862068966	2	1	1	0.873	1	0.873	0.873	True	0.79	1.86
X	9900726	G	A	SHROOM2	Missense_Mutation	23	10	33	0.30303030303030304	2	1	1	0.7672	1	0.7672	0.7672	False	0.79	1.86
X	10096186	C	T	WWC3	Silent	36	21	57	0.3684210526315789	2	1	1	0.9327	1	0.9327	0.9327	True	0.79	1.86
X	11160413	C	T	ARHGAP6	Missense_Mutation	100	46	146	0.3150684931506849	2	1	1	0.7976	1	0.7976	0.7976	False	0.79	1.86
X	13792655	T	A	GPM6B	Intron	72	33	105	0.3142857142857143	2	1	1	0.7957	1	0.7957	0.7957	False	0.79	1.86
X	17743841	G	A	NHS	Missense_Mutation	46	25	71	0.352112676056338	2	1	1	0.8914	1	0.8914	0.8914	True	0.79	1.86
X	19042051	G	A	GPR64	Silent	44	25	69	0.36231884057971014	2	1	1	0.9173	1	0.9173	0.9173	True	0.79	1.86
X	26212306	C	T	MAGEB6	Missense_Mutation	63	33	96	0.34375	2	1	1	0.8703	1	0.8703	0.8703	True	0.79	1.86
X	30577511	G	A	CXorf21	3'UTR	15	10	25	0.4	2	1	1	1.0127	1	1.0127	1.0	True	0.79	1.86
X	31089734	G	A	FTHL17	Nonsense_Mutation	37	26	63	0.4126984126984127	2	1	1	1.0448	1	1.0448	1.0	True	0.79	1.86
X	34148503	A	T	FAM47A	Missense_Mutation	45	31	76	0.40789473684210525	2	1	1	1.0326	1	1.0326	1.0	True	0.79	1.86
X	35820931	G	A	MAGEB16	Silent	37	22	59	0.3728813559322034	2	1	1	0.944	1	0.944	0.944	True	0.79	1.86
X	38128894	G	A	TM4SF2	Intron	83	34	117	0.2905982905982906	2	1	1	0.7357	1	0.7357	0.7357	False	0.79	1.86
X	41088904	C	T	USP9X	Missense_Mutation	43	26	69	0.37681159420289856	2	1	1	0.954	1	0.954	0.954	True	0.79	1.86
X	41782287	G	A	CASK	5'Flank	9	4	13	0.3076923076923077	2	1	1	0.779	1	0.779	0.779	False	0.79	1.86
X	43661466	C	T	MAOB	Nonsense_Mutation	16	8	24	0.3333333333333333	2	1	1	0.8439	1	0.8439	0.8439	False	0.79	1.86
X	46521567	C	T	SLC9A7	Missense_Mutation	24	7	31	0.22580645161290322	2	1	1	0.5717	1	0.5717	0.5717	False	0.79	1.86
X	46913781	G	A	JADE3	Silent	34	17	51	0.3333333333333333	2	1	1	0.8439	1	0.8439	0.8439	False	0.79	1.86
X	47426163	A	T	ARAF	Missense_Mutation	34	22	56	0.39285714285714285	2	1	1	0.9946	1	0.9946	0.9946	True	0.79	1.86
X	48542280	G	A	WAS	Missense_Mutation	32	14	46	0.30434782608695654	2	1	1	0.7705	1	0.7705	0.7705	False	0.79	1.86
X	49034474	G	A	PRICKLE3	Missense_Mutation	14	6	20	0.3	2	1	1	0.7595	1	0.7595	0.7595	False	0.79	1.86
X	49081431	A	G	CACNA1F	Silent	6	4	10	0.4	2	1	1	1.0127	1	1.0127	1.0	True	0.79	1.86
X	49955652	C	T	AKAP4	Missense_Mutation	60	18	78	0.23076923076923078	2	1	1	0.5842	1	0.5842	0.5842	False	0.79	1.86
X	49958744	G	A	AKAP4	Missense_Mutation	151	97	248	0.3911290322580645	2	1	1	0.9902	1	0.9902	0.9902	True	0.79	1.86
X	50376200	T	A	SHROOM4	Missense_Mutation	11	6	17	0.35294117647058826	2	1	1	0.8935	1	0.8935	0.8935	True	0.79	1.86
X	50376392	C	T	SHROOM4	Missense_Mutation	28	17	45	0.37777777777777777	2	1	1	0.9564	1	0.9564	0.9564	True	0.79	1.86
X	51487254	G	A	GSPT2	Missense_Mutation	19	4	23	0.17391304347826086	2	1	1	0.4403	1	0.4403	0.4403	False	0.79	1.86
X	53575230	A	T	HUWE1	Missense_Mutation	14	7	21	0.3333333333333333	2	1	1	0.8439	1	0.8439	0.8439	False	0.79	1.86
X	62569899	A	T	SPIN4	3'UTR	20	7	27	0.25925925925925924	2	1	1	0.6564	1	0.6564	0.6564	False	0.79	1.86
X	62875602	C	T	ARHGEF9	Missense_Mutation	122	66	188	0.35106382978723405	2	1	1	0.8888	1	0.8888	0.8888	True	0.79	1.86
X	70148084	C	T	SLC7A3	Missense_Mutation	17	7	24	0.2916666666666667	2	1	1	0.7384	1	0.7384	0.7384	False	0.79	1.86
X	70338619	G	A	MED12	Silent	5	10	15	0.6666666666666666	2	1	1	1.6878	1	1.6878	1.0	True	0.79	1.86
X	70779460	C	T	OGT	Missense_Mutation	31	10	41	0.24390243902439024	2	1	1	0.6175	1	0.6175	0.6175	False	0.79	1.86
X	71427528	C	T	ERCC6L	Silent	117	56	173	0.3236994219653179	2	1	1	0.8195	1	0.8195	0.8195	False	0.79	1.86
X	71840728	G	A	PHKA1	Missense_Mutation	44	12	56	0.21428571428571427	2	1	1	0.5425	1	0.5425	0.5425	False	0.79	1.86
X	73812727	T	A	RLIM	Silent	118	69	187	0.3689839572192513	2	1	1	0.9341	1	0.9341	0.9341	True	0.79	1.86
X	74494208	G	A	UPRT	Missense_Mutation	25	6	31	0.1935483870967742	2	1	1	0.49	1	0.49	0.49	False	0.79	1.86
X	75397606	A	G	PBDC1	Missense_Mutation	11	7	18	0.3888888888888889	2	1	1	0.9845	1	0.9845	0.9845	True	0.79	1.86
X	75649713	G	T	MAGEE1	Missense_Mutation	18	8	26	0.3076923076923077	2	1	1	0.779	1	0.779	0.779	False	0.79	1.86
X	77393565	T	A	TAF9B	Missense_Mutation	109	67	176	0.3806818181818182	2	1	1	0.9638	1	0.9638	0.9638	True	0.79	1.86
X	77913641	C	T	ZCCHC5	Missense_Mutation	16	7	23	0.30434782608695654	2	1	1	0.7705	1	0.7705	0.7705	False	0.79	1.86
X	78011169	T	C	LPAR4	Missense_Mutation	26	16	42	0.38095238095238093	2	1	1	0.9644	1	0.9644	0.9644	True	0.79	1.86
X	79937548	G	A	BRWD3	Silent	71	36	107	0.3364485981308411	2	1	1	0.8518	1	0.8518	0.8518	True	0.79	1.86
X	80532515	C	T	SH3BGRL	Silent	43	15	58	0.25862068965517243	2	1	1	0.6547	1	0.6547	0.6547	False	0.79	1.86
X	84349220	C	T	SATL1	Missense_Mutation	65	33	98	0.336734693877551	2	1	1	0.8525	1	0.8525	0.8525	True	0.79	1.86
X	91090558	T	C	PCDH11X	Missense_Mutation	40	24	64	0.375	2	1	1	0.9494	1	0.9494	0.9494	True	0.79	1.86
X	100349697	C	T	TMEM35	Missense_Mutation	112	56	168	0.3333333333333333	2	1	1	0.8439	1	0.8439	0.8439	False	0.79	1.86
X	100349720	C	T	TMEM35	Silent	104	60	164	0.36585365853658536	2	1	1	0.9262	1	0.9262	0.9262	True	0.79	1.86
X	100387404	C	T	CENPI	Missense_Mutation	102	29	131	0.22137404580152673	2	1	1	0.5604	1	0.5604	0.5604	False	0.79	1.86
X	100490968	G	A	DRP2	Missense_Mutation	131	54	185	0.2918918918918919	2	1	1	0.739	1	0.739	0.739	False	0.79	1.86
X	101909676	C	T	GPRASP1	Missense_Mutation	93	59	152	0.3881578947368421	2	1	1	0.9827	1	0.9827	0.9827	True	0.79	1.86
X	102864578	G	A	TCEAL3	Missense_Mutation	56	28	84	0.3333333333333333	2	1	1	0.8439	1	0.8439	0.8439	False	0.79	1.86
X	105150462	C	T	NRK	Missense_Mutation	12	8	20	0.4	2	1	1	1.0127	1	1.0127	1.0	True	0.79	1.86
X	106186394	C	T	MORC4	Missense_Mutation	94	48	142	0.3380281690140845	2	1	1	0.8558	1	0.8558	0.8558	True	0.79	1.86
X	106957890	G	A	TSC22D3	Silent	127	63	190	0.33157894736842103	2	1	1	0.8394	1	0.8394	0.8394	False	0.79	1.86
X	110951410	C	T	ALG13	Missense_Mutation	39	11	50	0.22	2	1	1	0.557	1	0.557	0.557	False	0.79	1.86
X	111698523	T	C	ZCCHC16	Silent	63	34	97	0.35051546391752575	2	1	1	0.8874	1	0.8874	0.8874	True	0.79	1.86
X	114242621	C	T	IL13RA2	Missense_Mutation	58	33	91	0.3626373626373626	2	1	1	0.9181	1	0.9181	0.9181	True	0.79	1.86
X	114422878	G	A	LRCH2	Silent	18	16	34	0.47058823529411764	2	1	1	1.1914	1	1.1914	1.0	True	0.79	1.86
X	118763465	C	T	SEPT6	Missense_Mutation	41	28	69	0.4057971014492754	2	1	1	1.0273	1	1.0273	1.0	True	0.79	1.86
X	118977163	C	T	UPF3B	Missense_Mutation	89	44	133	0.3308270676691729	2	1	1	0.8375	1	0.8375	0.8375	False	0.79	1.86
X	123195717	G	A	STAG2	Missense_Mutation	66	33	99	0.3333333333333333	2	1	1	0.8439	1	0.8439	0.8439	False	0.79	1.86
X	128946754	G	A	ZDHHC9	Silent	89	66	155	0.4258064516129032	2	1	1	1.078	1	1.078	1.0	True	0.79	1.86
X	130419413	A	T	IGSF1	Missense_Mutation	55	34	89	0.38202247191011235	2	1	1	0.9671	1	0.9671	0.9671	True	0.79	1.86
X	135104756	C	T	SLC9A6	Silent	52	27	79	0.34177215189873417	2	1	1	0.8652	1	0.8652	0.8652	True	0.79	1.86
X	135288748	G	A	FHL1	Splice_Site	78	44	122	0.36065573770491804	2	1	1	0.9131	1	0.9131	0.9131	True	0.79	1.86
X	135430106	C	T	GPR112	Missense_Mutation	86	37	123	0.3008130081300813	2	1	1	0.7616	1	0.7616	0.7616	False	0.79	1.86
X	135862953	A	C	ARHGEF6	Missense_Mutation	111	56	167	0.33532934131736525	2	1	1	0.8489	1	0.8489	0.8489	False	0.79	1.86
X	138669893	G	A	MCF2	Missense_Mutation	96	52	148	0.35135135135135137	2	1	1	0.8895	1	0.8895	0.8895	True	0.79	1.86
X	144337235	G	A	SPANXN1	Silent	49	26	75	0.3466666666666667	2	1	1	0.8776	1	0.8776	0.8776	True	0.79	1.86
X	148584859	C	T	IDS	Missense_Mutation	25	10	35	0.2857142857142857	2	1	1	0.7233	1	0.7233	0.7233	False	0.79	1.86
X	151128157	C	T	GABRE	Intron	75	44	119	0.3697478991596639	2	1	1	0.9361	1	0.9361	0.9361	True	0.79	1.86
X	151303812	G	A	MAGEA10	Missense_Mutation	202	78	280	0.2785714285714286	2	1	1	0.7052	1	0.7052	0.7052	False	0.79	1.86
X	151870354	G	T	MAGEA6	3'UTR	9	5	14	0.35714285714285715	2	1	1	0.9042	1	0.9042	0.9042	True	0.79	1.86
X	152835063	G	A	ATP2B3	Intron	95	37	132	0.2803030303030303	2	1	1	0.7096	1	0.7096	0.7096	False	0.79	1.86
X	152835064	G	T	ATP2B3	Intron	98	40	138	0.2898550724637681	2	1	1	0.7338	1	0.7338	0.7338	False	0.79	1.86
X	153278809	G	A	IRAK1	Missense_Mutation	22	22	44	0.5	2	1	1	1.2658	1	1.2658	1.0	True	0.79	1.86
X	153694496	C	T	PLXNA3	Silent	27	23	50	0.46	2	1	1	1.1646	1	1.1646	1.0	True	0.79	1.86
X	153908454	A	T	GAB3	Nonsense_Mutation	142	77	219	0.3515981735159817	2	1	1	0.8901	1	0.8901	0.8901	True	0.79	1.86
X	154456711	C	T	VBP1	Silent	137	63	200	0.315	2	1	1	0.7975	1	0.7975	0.7975	False	0.79	1.86
