chr	start	end	WT.count	mut.count	subclonal.CN	nMaj1	nMin1	frac1	nMaj2	nMin2	frac2	phase	mutation.copy.number	subclonal.fraction	no.chrs.bearing.mut
1	979056	979057	63	10	3	2	1	1	NA	NA	NA	unphased	1.23287671232877	1.23287671232877	1
1	3327947	3327948	39	7	3	2	1	1	NA	NA	NA	unphased	1.3695652173913	1.3695652173913	1
1	5947484	5947485	46	6	3	2	1	1	NA	NA	NA	unphased	1.03846153846154	1.03846153846154	1
1	6314815	6314816	91	34	3	2	1	1	NA	NA	NA	unphased	2.448	1.224	2
1	8925447	8925448	63	11	3	2	1	1	NA	NA	NA	unphased	1.33783783783784	1.33783783783784	1
1	10511696	10511697	5	3	3	2	1	1	NA	NA	NA	unphased	3.375	1.6875	2
1	11896119	11896120	40	3	3	2	1	1	NA	NA	NA	unphased	0.627906976744186	0.627906976744186	1
1	12368512	12368513	119	10	3	2	1	1	NA	NA	NA	unphased	0.697674418604651	0.697674418604651	1
1	12820844	12820845	94	8	3	2	1	1	NA	NA	NA	unphased	0.705882352941176	0.705882352941176	1
1	13695703	13695704	38	8	3	2	1	1	NA	NA	NA	unphased	1.56521739130435	1.56521739130435	1
1	16268579	16268580	68	7	3	2	1	1	NA	NA	NA	unphased	0.84	0.84	1
1	16957463	16957464	9	3	NA	NA	NA	NA	NA	NA	NA	unphased	NA	NA	1
1	17594365	17594366	67	19	3	2	1	1	NA	NA	NA	unphased	1.98837209302326	0.994186046511628	2
1	17597575	17597576	41	7	3	2	1	1	NA	NA	NA	unphased	1.3125	1.3125	1
1	19166481	19166482	85	22	3	2	1	1	NA	NA	NA	unphased	1.85046728971963	0.925233644859813	2
1	19166979	19166980	60	5	3	2	1	1	NA	NA	NA	unphased	0.692307692307692	0.692307692307692	1
1	21133761	21133762	66	7	3	2	1	1	NA	NA	NA	unphased	0.863013698630137	0.863013698630137	1
1	22852926	22852927	69	6	3	2	1	1	NA	NA	NA	unphased	0.72	0.72	1
1	23239992	23239993	48	4	3	2	1	1	NA	NA	NA	unphased	0.692307692307692	0.692307692307692	1
1	23848383	23848384	68	17	3	2	1	1	NA	NA	NA	unphased	1.8	0.9	2
1	33741723	33741724	72	4	3	2	1	1	NA	NA	NA	unphased	0.473684210526316	0.473684210526316	1
1	35321259	35321260	39	10	3	2	1	1	NA	NA	NA	unphased	1.83673469387755	0.918367346938776	2
1	35370453	35370454	45	4	3	2	1	1	NA	NA	NA	unphased	0.73469387755102	0.73469387755102	1
1	35653599	35653600	139	21	3	2	1	1	NA	NA	NA	unphased	1.18125	1.18125	1
1	35921729	35921730	142	40	3	2	1	1	NA	NA	NA	unphased	1.97802197802198	0.989010989010989	2
1	36026476	36026477	83	17	3	2	1	1	NA	NA	NA	unphased	1.53	0.765	2
1	36208791	36208792	123	9	3	2	1	1	NA	NA	NA	unphased	0.613636363636364	0.613636363636364	1
1	36316619	36316620	29	8	3	2	1	1	NA	NA	NA	unphased	1.94594594594595	0.972972972972973	2
1	36788028	36788029	19	4	3	2	1	1	NA	NA	NA	unphased	1.56521739130435	1.56521739130435	1
1	37945984	37945985	55	6	3	2	1	1	NA	NA	NA	unphased	0.885245901639344	0.885245901639344	1
1	42880403	42880404	116	27	3	2	1	1	NA	NA	NA	unphased	1.6993006993007	0.84965034965035	2
1	43213437	43213438	150	18	3	2	1	1	NA	NA	NA	unphased	0.964285714285714	0.964285714285714	1
1	43317472	43317473	43	6	3	2	1	1	NA	NA	NA	unphased	1.10204081632653	1.10204081632653	1
1	43815035	43815036	70	5	3	2	1	1	NA	NA	NA	unphased	0.6	0.6	1
1	43891221	43891222	126	6	3	2	1	1	NA	NA	NA	unphased	0.409090909090909	0.409090909090909	1
1	45268773	45268774	78	6	3	2	1	1	NA	NA	NA	unphased	0.642857142857143	0.642857142857143	1
1	47101331	47101332	25	4	3	2	1	1	NA	NA	NA	unphased	1.24137931034483	1.24137931034483	1
1	50666681	50666682	109	12	3	2	1	1	NA	NA	NA	unphased	0.892561983471074	0.892561983471074	1
1	50885182	50885183	13	3	3	2	1	1	NA	NA	NA	unphased	1.6875	1.6875	1
1	52854938	52854939	77	20	3	2	1	1	NA	NA	NA	unphased	1.85567010309278	0.927835051546392	2
1	53544495	53544496	62	8	3	2	1	1	NA	NA	NA	unphased	1.02857142857143	1.02857142857143	1
1	54606941	54606942	43	7	3	2	1	1	NA	NA	NA	unphased	1.26	1.26	1
1	57537272	57537273	43	9	3	2	1	1	NA	NA	NA	unphased	1.55769230769231	1.55769230769231	1
1	62672643	62672644	98	13	3	2	1	1	NA	NA	NA	unphased	1.05405405405405	1.05405405405405	1
1	66102023	66102024	103	15	3	2	1	1	NA	NA	NA	unphased	1.14406779661017	1.14406779661017	1
1	68659684	68659685	96	14	3	2	1	1	NA	NA	NA	unphased	1.14545454545455	1.14545454545455	1
1	70541764	70541765	46	13	3	2	1	1	NA	NA	NA	unphased	1.98305084745763	0.991525423728814	2
1	76198770	76198771	47	5	3	2	1	1	NA	NA	NA	unphased	0.865384615384615	0.865384615384615	1
1	76251902	76251903	41	15	3	2	1	1	NA	NA	NA	unphased	2.41071428571429	1.20535714285714	2
1	79116147	79116148	126	6	3	2	1	1	NA	NA	NA	unphased	0.409090909090909	0.409090909090909	1
1	82450946	82450947	47	12	3	2	1	1	NA	NA	NA	unphased	1.83050847457627	0.915254237288136	2
1	86591054	86591055	104	7	3	2	1	1	NA	NA	NA	unphased	0.567567567567568	0.567567567567568	1
1	89449450	89449451	272	23	3	2	1	1	NA	NA	NA	unphased	0.701694915254237	0.701694915254237	1
1	92459755	92459756	76	7	3	2	1	1	NA	NA	NA	unphased	0.759036144578313	0.759036144578313	1
1	94458776	94458777	45	7	3	2	1	1	NA	NA	NA	unphased	1.21153846153846	1.21153846153846	1
1	100327117	100327118	40	12	3	2	1	1	NA	NA	NA	unphased	2.07692307692308	1.03846153846154	2
1	100382039	100382040	30	7	3	2	1	1	NA	NA	NA	unphased	1.7027027027027	1.7027027027027	1
1	103573741	103573742	30	3	3	2	1	1	NA	NA	NA	unphased	0.818181818181818	0.818181818181818	1
1	103573752	103573753	30	3	3	2	1	1	NA	NA	NA	unphased	0.818181818181818	0.818181818181818	1
1	108313262	108313263	76	8	3	2	1	1	NA	NA	NA	unphased	0.857142857142857	0.857142857142857	1
1	109265168	109265169	44	10	3	2	1	1	NA	NA	NA	unphased	1.66666666666667	1.66666666666667	1
1	109395282	109395283	61	13	3	2	1	1	NA	NA	NA	unphased	1.58108108108108	1.58108108108108	1
1	109607068	109607069	43	8	3	2	1	1	NA	NA	NA	unphased	1.41176470588235	1.41176470588235	1
1	109793737	109793738	75	11	3	2	1	1	NA	NA	NA	unphased	1.15116279069767	1.15116279069767	1
1	109793742	109793743	74	10	3	2	1	1	NA	NA	NA	unphased	1.07142857142857	1.07142857142857	1
1	109793758	109793759	58	6	3	2	1	1	NA	NA	NA	unphased	0.84375	0.84375	1
1	109824315	109824316	85	8	3	2	1	1	NA	NA	NA	unphased	0.774193548387097	0.774193548387097	1
1	110655129	110655130	105	9	3	2	1	1	NA	NA	NA	unphased	0.710526315789474	0.710526315789474	1
1	110766160	110766161	128	40	3	2	1	1	NA	NA	NA	unphased	2.14285714285714	1.07142857142857	2
1	110925480	110925481	107	5	3	2	1	1	NA	NA	NA	unphased	0.401785714285714	0.401785714285714	1
1	111147388	111147389	134	36	3	2	1	1	NA	NA	NA	unphased	1.90588235294118	0.952941176470588	2
1	114354780	114354781	52	17	3	2	1	1	NA	NA	NA	unphased	2.21739130434783	1.10869565217391	2
1	115167964	115167965	93	28	3	2	1	1	NA	NA	NA	unphased	2.08264462809917	1.04132231404959	2
1	115223067	115223068	106	13	3	2	1	1	NA	NA	NA	unphased	0.983193277310924	0.983193277310924	1
1	115266614	115266615	100	37	3	2	1	1	NA	NA	NA	unphased	2.43065693430657	1.21532846715328	2
1	116937890	116937891	67	16	3	2	1	1	NA	NA	NA	unphased	1.73493975903614	0.867469879518072	2
1	116941624	116941625	132	10	3	2	1	1	NA	NA	NA	unphased	0.633802816901408	0.633802816901408	1
1	117122187	117122188	48	4	3	2	1	1	NA	NA	NA	unphased	0.692307692307692	0.692307692307692	1
1	117619350	117619351	61	6	3	2	1	1	NA	NA	NA	unphased	0.805970149253731	0.805970149253731	1
1	118413127	118413128	41	5	3	2	1	1	NA	NA	NA	unphased	0.978260869565217	0.978260869565217	1
1	142713684	142713685	83	7	NA	NA	NA	NA	NA	NA	NA	unphased	NA	NA	1
1	144814684	144814685	221	84	7	4	3	1	NA	NA	NA	unphased	3.58032786885246	0.895081967213115	4
1	144877270	144877271	129	17	7	4	3	1	NA	NA	NA	unphased	1.51369863013699	1.51369863013699	1
1	144952192	144952193	279	21	7	4	3	1	NA	NA	NA	unphased	0.91	0.91	1
1	145533870	145533871	80	13	7	4	3	1	NA	NA	NA	unphased	1.81720430107527	0.908602150537634	2
1	145601801	145601802	164	12	7	4	3	1	NA	NA	NA	unphased	0.886363636363636	0.886363636363636	1
1	146680259	146680260	10	3	7	4	3	1	NA	NA	NA	unphased	3	3	1
1	149882395	149882396	69	9	7	4	3	1	NA	NA	NA	unphased	1.5	1.5	1
1	150053435	150053436	53	4	7	4	3	1	NA	NA	NA	unphased	0.912280701754386	0.912280701754386	1
1	150485939	150485940	31	12	7	4	3	1	NA	NA	NA	unphased	3.62790697674419	0.906976744186046	4
1	151261666	151261667	124	6	7	4	3	1	NA	NA	NA	unphased	0.6	0.6	1
1	151263276	151263277	105	19	7	4	3	1	NA	NA	NA	unphased	1.99193548387097	0.995967741935484	2
1	152187075	152187076	2442	160	7	4	3	1	NA	NA	NA	unphased	0.799385088393543	0.799385088393543	1
1	152281515	152281516	664	193	7	4	3	1	NA	NA	NA	unphased	2.92765460910152	0.975884869700506	3
1	152282653	152282654	488	81	7	4	3	1	NA	NA	NA	unphased	1.8506151142355	0.92530755711775	2
1	152284618	152284619	771	101	7	4	3	1	NA	NA	NA	unphased	1.50573394495413	0.752866972477064	2
1	152748980	152748981	114	11	7	4	3	1	NA	NA	NA	unphased	1.144	1.144	1
1	152759793	152759794	263	48	NA	NA	NA	NA	NA	NA	NA	unphased	NA	NA	1
1	152777924	152777925	57	9	7	4	3	1	NA	NA	NA	unphased	1.77272727272727	1.77272727272727	1
1	152975612	152975613	67	26	7	4	3	1	NA	NA	NA	unphased	3.63440860215054	0.908602150537634	4
1	153346430	153346431	122	23	7	4	3	1	NA	NA	NA	unphased	2.06206896551724	1.03103448275862	2
1	153636603	153636604	21	7	7	4	3	1	NA	NA	NA	unphased	3.25	1.08333333333333	3
1	153742310	153742311	58	11	7	4	3	1	NA	NA	NA	unphased	2.07246376811594	1.03623188405797	2
1	153749140	153749141	104	22	7	4	3	1	NA	NA	NA	unphased	2.26984126984127	1.13492063492063	2
1	154931744	154931745	35	3	7	4	3	1	NA	NA	NA	unphased	1.02631578947368	1.02631578947368	1
1	154960556	154960557	201	13	7	4	3	1	NA	NA	NA	unphased	0.789719626168224	0.789719626168224	1
1	155013002	155013003	17	4	7	4	3	1	NA	NA	NA	unphased	2.47619047619048	2.47619047619048	1
1	155177613	155177614	109	7	7	4	3	1	NA	NA	NA	unphased	0.78448275862069	0.78448275862069	1
1	155231902	155231903	73	10	7	4	3	1	NA	NA	NA	unphased	1.56626506024096	1.56626506024096	1
1	155236525	155236526	64	4	7	4	3	1	NA	NA	NA	unphased	0.764705882352941	0.764705882352941	1
1	155870378	155870379	139	37	7	4	3	1	NA	NA	NA	unphased	2.73295454545455	0.910984848484849	3
1	156524032	156524033	150	20	7	4	3	1	NA	NA	NA	unphased	1.52941176470588	0.764705882352941	2
1	156846280	156846281	53	19	7	4	3	1	NA	NA	NA	unphased	3.43055555555556	0.857638888888889	4
1	157508986	157508987	65	16	7	4	3	1	NA	NA	NA	unphased	2.5679012345679	0.8559670781893	3
1	157548317	157548318	103	6	7	4	3	1	NA	NA	NA	unphased	0.715596330275229	0.715596330275229	1
1	157660237	157660238	131	9	7	4	3	1	NA	NA	NA	unphased	0.835714285714286	0.835714285714286	1
1	157668355	157668356	80	23	7	4	3	1	NA	NA	NA	unphased	2.90291262135922	0.967637540453074	3
1	157737238	157737239	107	20	7	4	3	1	NA	NA	NA	unphased	2.04724409448819	1.02362204724409	2
1	157771251	157771252	76	17	7	4	3	1	NA	NA	NA	unphased	2.37634408602151	1.18817204301075	2
1	158059360	158059361	98	7	7	4	3	1	NA	NA	NA	unphased	0.866666666666667	0.866666666666667	1
1	158592941	158592942	386	141	7	4	3	1	NA	NA	NA	unphased	3.47817836812144	0.869544592030361	4
1	158622423	158622424	97	8	7	4	3	1	NA	NA	NA	unphased	0.990476190476191	0.990476190476191	1
1	159163771	159163772	89	7	7	4	3	1	NA	NA	NA	unphased	0.947916666666667	0.947916666666667	1
1	159176248	159176249	280	37	7	4	3	1	NA	NA	NA	unphased	1.51735015772871	0.758675078864353	2
1	160062767	160062768	43	12	3.76	3	3	0.44	1	1	0.56	unphased	2.12945454545455	0.872727272727273	2.44
1	160385610	160385611	24	3	3.76	3	3	0.44	1	1	0.56	unphased	1.08444444444444	1.08444444444444	1
1	160654838	160654839	148	18	3.76	3	3	0.44	1	1	0.56	unphased	1.05831325301205	1.05831325301205	1
1	160654848	160654849	137	18	3.76	3	3	0.44	1	1	0.56	unphased	1.13341935483871	1.13341935483871	1
1	160654912	160654913	89	20	3.76	3	3	0.44	1	1	0.56	unphased	1.79082568807339	0.952566855358189	1.88
1	161012386	161012387	70	10	3.76	3	3	0.44	1	1	0.56	unphased	1.22	1.22	1
1	161683277	161683278	23	6	7	4	3	1	NA	NA	NA	unphased	2.68965517241379	0.896551724137931	3
1	161816293	161816294	108	19	7	4	3	1	NA	NA	NA	unphased	1.94488188976378	0.97244094488189	2
1	162535806	162535807	62	10	7	4	3	1	NA	NA	NA	unphased	1.80555555555556	0.902777777777778	2
1	166818881	166818882	135	22	7	4	3	1	NA	NA	NA	unphased	1.82165605095541	0.910828025477707	2
1	167088548	167088549	65	7	7	4	3	1	NA	NA	NA	unphased	1.26388888888889	1.26388888888889	1
1	167779067	167779068	85	11	7	4	3	1	NA	NA	NA	unphased	1.48958333333333	1.48958333333333	1
1	168550306	168550307	75	15	7	4	3	1	NA	NA	NA	unphased	2.16666666666667	1.08333333333333	2
1	169698717	169698718	152	34	7	4	3	1	NA	NA	NA	unphased	2.37634408602151	1.18817204301075	2
1	169698743	169698744	142	36	7	4	3	1	NA	NA	NA	unphased	2.62921348314607	0.876404494382022	3
1	171510917	171510918	77	16	7	4	3	1	NA	NA	NA	unphased	2.23655913978495	1.11827956989247	2
1	171765811	171765812	185	29	7	4	3	1	NA	NA	NA	unphased	1.76168224299065	0.880841121495327	2
1	172579363	172579364	82	9	7	4	3	1	NA	NA	NA	unphased	1.28571428571429	1.28571428571429	1
1	172635020	172635021	163	12	7	4	3	1	NA	NA	NA	unphased	0.891428571428571	0.891428571428571	1
1	173446605	173446606	36	11	7	4	3	1	NA	NA	NA	unphased	3.04255319148936	1.01418439716312	3
1	173474414	173474415	53	10	7	4	3	1	NA	NA	NA	unphased	2.06349206349206	1.03174603174603	2
1	173567076	173567077	98	20	7	4	3	1	NA	NA	NA	unphased	2.20338983050847	1.10169491525424	2
1	174363162	174363163	183	13	7	4	3	1	NA	NA	NA	unphased	0.862244897959184	0.862244897959184	1
1	175348752	175348753	49	11	7	4	3	1	NA	NA	NA	unphased	2.38333333333333	1.19166666666667	2
1	176564104	176564105	134	27	7	4	3	1	NA	NA	NA	unphased	2.18012422360248	1.09006211180124	2
1	176661388	176661389	222	24	7	4	3	1	NA	NA	NA	unphased	1.26829268292683	1.26829268292683	1
1	176738825	176738826	154	23	7	4	3	1	NA	NA	NA	unphased	1.68926553672316	0.844632768361582	2
1	177001714	177001715	135	39	7	4	3	1	NA	NA	NA	unphased	2.91379310344828	0.971264367816092	3
1	180163518	180163519	97	16	7	4	3	1	NA	NA	NA	unphased	1.84070796460177	0.920353982300885	2
1	180971835	180971836	59	9	7	4	3	1	NA	NA	NA	unphased	1.72058823529412	1.72058823529412	1
1	181680154	181680155	151	9	7	4	3	1	NA	NA	NA	unphased	0.73125	0.73125	1
1	181706742	181706743	191	8	7	4	3	1	NA	NA	NA	unphased	0.522613065326633	0.522613065326633	1
1	181727909	181727910	92	8	7	4	3	1	NA	NA	NA	unphased	1.04	1.04	1
1	181765962	181765963	23	5	7	4	3	1	NA	NA	NA	unphased	2.32142857142857	1.16071428571429	2
1	182823293	182823294	79	28	7	4	3	1	NA	NA	NA	unphased	3.4018691588785	1.13395638629283	3
1	185175790	185175791	62	15	7	4	3	1	NA	NA	NA	unphased	2.53246753246753	0.844155844155844	3
1	185976346	185976347	130	14	7	4	3	1	NA	NA	NA	unphased	1.26388888888889	1.26388888888889	1
1	186276015	186276016	170	20	7	4	3	1	NA	NA	NA	unphased	1.36842105263158	1.36842105263158	1
1	186304662	186304663	120	13	7	4	3	1	NA	NA	NA	unphased	1.27067669172932	1.27067669172932	1
1	186313197	186313198	44	5	7	4	3	1	NA	NA	NA	unphased	1.3265306122449	1.3265306122449	1
1	186908222	186908223	115	14	7	4	3	1	NA	NA	NA	unphased	1.41085271317829	1.41085271317829	1
1	192778312	192778313	94	10	7	4	3	1	NA	NA	NA	unphased	1.25	1.25	1
1	196645128	196645129	94	17	7	4	3	1	NA	NA	NA	unphased	1.99099099099099	0.995495495495495	2
1	196762505	196762506	87	14	NA	NA	NA	NA	NA	NA	NA	unphased	NA	NA	1
1	196883692	196883693	70	21	3.04	4	3	0.34	1	0	0.66	unphased	2.08615384615385	1.03274942878903	2.02
1	197070640	197070641	47	9	3.04	4	3	0.34	1	0	0.66	unphased	1.45285714285714	1.45285714285714	1
1	197890512	197890513	80	23	3.04	4	3	0.34	1	0	0.66	unphased	2.01864077669903	0.999327117177737	2.02
1	200882794	200882795	26	4	7	4	3	1	NA	NA	NA	unphased	1.73333333333333	1.73333333333333	1
1	201351787	201351788	7	4	7	4	3	1	NA	NA	NA	unphased	4.72727272727273	1.18181818181818	4
1	201383685	201383686	27	6	7	4	3	1	NA	NA	NA	unphased	2.36363636363636	1.18181818181818	2
1	202910786	202910787	93	13	7	4	3	1	NA	NA	NA	unphased	1.59433962264151	1.59433962264151	1
1	203138415	203138416	38	7	7	4	3	1	NA	NA	NA	unphased	2.02222222222222	1.01111111111111	2
1	203472808	203472809	149	20	7	4	3	1	NA	NA	NA	unphased	1.53846153846154	0.769230769230769	2
1	203741239	203741240	86	19	7	4	3	1	NA	NA	NA	unphased	2.35238095238095	1.17619047619048	2
1	203809448	203809449	136	10	7	4	3	1	NA	NA	NA	unphased	0.89041095890411	0.89041095890411	1
1	205132093	205132094	238	26	7	4	3	1	NA	NA	NA	unphased	1.28030303030303	1.28030303030303	1
1	205883991	205883992	106	19	7	4	3	1	NA	NA	NA	unphased	1.976	0.988	2
1	206666658	206666659	159	18	7	4	3	1	NA	NA	NA	unphased	1.32203389830508	1.32203389830508	1
1	206905806	206905807	18	5	7	4	3	1	NA	NA	NA	unphased	2.82608695652174	0.942028985507246	3
1	207245717	207245718	78	18	7	4	3	1	NA	NA	NA	unphased	2.4375	0.8125	3
1	207314563	207314564	122	7	7	4	3	1	NA	NA	NA	unphased	0.705426356589147	0.705426356589147	1
1	209880164	209880165	216	20	7	4	3	1	NA	NA	NA	unphased	1.10169491525424	1.10169491525424	1
1	209961959	209961960	66	8	7	4	3	1	NA	NA	NA	unphased	1.40540540540541	1.40540540540541	1
1	211545755	211545756	135	54	7	4	3	1	NA	NA	NA	unphased	3.71428571428571	0.928571428571428	4
1	212532040	212532041	93	9	7	4	3	1	NA	NA	NA	unphased	1.14705882352941	1.14705882352941	1
1	213277839	213277840	121	25	7	4	3	1	NA	NA	NA	unphased	2.22602739726027	1.11301369863014	2
1	216040426	216040427	59	19	7	4	3	1	NA	NA	NA	unphased	3.16666666666667	1.05555555555556	3
1	216496966	216496967	174	26	7	4	3	1	NA	NA	NA	unphased	1.69	0.845	2
1	218458670	218458671	78	25	7	4	3	1	NA	NA	NA	unphased	3.15533980582524	1.05177993527508	3
1	220153471	220153472	201	52	7	4	3	1	NA	NA	NA	unphased	2.67193675889328	0.89064558629776	3
1	220203797	220203798	40	12	7	4	3	1	NA	NA	NA	unphased	3	1	3
1	220236295	220236296	61	12	7	4	3	1	NA	NA	NA	unphased	2.13698630136986	1.06849315068493	2
1	221058023	221058024	20	17	7	4	3	1	NA	NA	NA	unphased	5.97297297297297	1.49324324324324	4
1	222753123	222753124	147	26	7	4	3	1	NA	NA	NA	unphased	1.95375722543353	0.976878612716763	2
1	227149079	227149080	77	16	7	4	3	1	NA	NA	NA	unphased	2.23655913978495	1.11827956989247	2
1	227149097	227149098	87	19	7	4	3	1	NA	NA	NA	unphased	2.33018867924528	1.16509433962264	2
1	228003828	228003829	131	22	7	4	3	1	NA	NA	NA	unphased	1.86928104575163	0.934640522875817	2
1	228345795	228345796	13	4	7	4	3	1	NA	NA	NA	unphased	3.05882352941176	1.01960784313725	3
1	228464713	228464714	8	3	7	4	3	1	NA	NA	NA	unphased	3.54545454545454	0.886363636363636	4
1	228469871	228469872	26	11	7	4	3	1	NA	NA	NA	unphased	3.86486486486486	0.966216216216216	4
1	228503569	228503570	13	3	7	4	3	1	NA	NA	NA	unphased	2.4375	2.4375	1
1	231060716	231060717	148	22	7	4	3	1	NA	NA	NA	unphased	1.68235294117647	0.841176470588235	2
1	231124162	231124163	144	69	7	4	3	1	NA	NA	NA	unphased	4.2112676056338	1.05281690140845	4
1	231360239	231360240	22	4	7	4	3	1	NA	NA	NA	unphased	2	2	1
1	232551290	232551291	143	23	7	4	3	1	NA	NA	NA	unphased	1.80120481927711	0.900602409638554	2
1	233518217	233518218	88	6	7	4	3	1	NA	NA	NA	unphased	0.829787234042553	0.829787234042553	1
1	235613534	235613535	100	41	7	4	3	1	NA	NA	NA	unphased	3.78014184397163	0.945035460992908	4
1	235826343	235826344	140	10	7	4	3	1	NA	NA	NA	unphased	0.866666666666667	0.866666666666667	1
1	237711756	237711757	27	14	7	4	3	1	NA	NA	NA	unphased	4.4390243902439	1.10975609756098	4
1	237948049	237948050	82	22	7	4	3	1	NA	NA	NA	unphased	2.75	0.916666666666667	3
1	238090893	238090894	15	5	7	4	3	1	NA	NA	NA	unphased	3.25	1.08333333333333	3
1	240072500	240072501	74	13	7	4	3	1	NA	NA	NA	unphased	1.94252873563218	0.971264367816092	2
1	240370505	240370506	118	11	7	4	3	1	NA	NA	NA	unphased	1.10852713178295	1.10852713178295	1
1	241671986	241671987	84	8	7	4	3	1	NA	NA	NA	unphased	1.1304347826087	1.1304347826087	1
1	243328758	243328759	24	4	7	4	3	1	NA	NA	NA	unphased	1.85714285714286	1.85714285714286	1
1	243329201	243329202	90	15	7	4	3	1	NA	NA	NA	unphased	1.85714285714286	0.928571428571428	2
1	247263868	247263869	172	29	7	4	3	1	NA	NA	NA	unphased	1.87562189054726	0.937810945273632	2
1	247320032	247320033	166	13	7	4	3	1	NA	NA	NA	unphased	0.944134078212291	0.944134078212291	1
1	247463919	247463920	103	20	7	4	3	1	NA	NA	NA	unphased	2.11382113821138	1.05691056910569	2
1	247492574	247492575	74	11	7	4	3	1	NA	NA	NA	unphased	1.68235294117647	1.68235294117647	1
1	247587852	247587853	88	34	7	4	3	1	NA	NA	NA	unphased	3.62295081967213	0.905737704918033	4
1	247588539	247588540	82	7	7	4	3	1	NA	NA	NA	unphased	1.02247191011236	1.02247191011236	1
1	247769101	247769102	405	55	7	4	3	1	NA	NA	NA	unphased	1.55434782608696	0.777173913043478	2
1	248039410	248039411	79	31	7	4	3	1	NA	NA	NA	unphased	3.66363636363636	0.915909090909091	4
1	248436163	248436164	248	40	7	4	3	1	NA	NA	NA	unphased	1.80555555555556	0.902777777777778	2
1	248685700	248685701	134	19	7	4	3	1	NA	NA	NA	unphased	1.61437908496732	0.80718954248366	2
1	249110740	249110741	89	7	7	4	3	1	NA	NA	NA	unphased	0.947916666666667	0.947916666666667	1
10	3158983	3158984	117	45	5	5	0	1	NA	NA	NA	unphased	3.05555555555556	1.01851851851852	3
10	4879673	4879674	76	16	5	5	0	1	NA	NA	NA	unphased	1.91304347826087	0.956521739130435	2
10	6539206	6539207	189	11	5	5	0	1	NA	NA	NA	unphased	0.605	0.605	1
10	7409850	7409851	31	15	5	5	0	1	NA	NA	NA	unphased	3.58695652173913	0.896739130434783	4
10	12867770	12867771	72	16	1.72	3	2	0.18	0	1	0.82	unphased	1.40363636363636	1.40363636363636	1
10	15008445	15008446	43	4	1.72	3	2	0.18	0	1	0.82	unphased	0.657021276595745	0.657021276595745	1
10	15561288	15561289	165	45	1.72	3	2	0.18	0	1	0.82	unphased	1.65428571428571	1.21638655462185	1.36
10	15639225	15639226	91	21	1.72	3	2	0.18	0	1	0.82	unphased	1.4475	1.06433823529412	1.36
10	15655740	15655741	118	7	1.72	3	2	0.18	0	1	0.82	unphased	0.43232	0.43232	1
10	17107560	17107561	218	45	1.72	3	2	0.18	0	1	0.82	unphased	1.32091254752852	0.97125922612391	1.36
10	18834912	18834913	167	37	5	3	2	1	NA	NA	NA	unphased	1.99509803921569	0.997549019607843	2
10	22830825	22830826	89	34	5	3	2	1	NA	NA	NA	unphased	3.04065040650406	1.01355013550135	3
10	23393146	23393147	49	11	5	3	2	1	NA	NA	NA	unphased	2.01666666666667	1.00833333333333	2
10	25313552	25313553	122	6	5	3	2	1	NA	NA	NA	unphased	0.515625	0.515625	1
10	25887325	25887326	205	23	5	3	2	1	NA	NA	NA	unphased	1.10964912280702	1.10964912280702	1
10	30318219	30318220	92	22	5	3	2	1	NA	NA	NA	unphased	2.12280701754386	1.06140350877193	2
10	33136771	33136772	105	10	5	3	2	1	NA	NA	NA	unphased	0.956521739130435	0.956521739130435	1
10	37508465	37508466	53	11	5	3	2	1	NA	NA	NA	unphased	1.890625	0.9453125	2
10	43019175	43019176	50	4	2	2	0	1	NA	NA	NA	unphased	0.592592592592593	0.592592592592593	1
10	43609989	43609990	47	16	2	2	0	1	NA	NA	NA	unphased	2.03174603174603	1.01587301587302	2
10	45799635	45799636	26	12	2	2	0	1	NA	NA	NA	unphased	2.52631578947368	1.26315789473684	2
10	50863175	50863176	80	20	2	2	0	1	NA	NA	NA	unphased	1.6	0.8	2
10	54074433	54074434	61	4	2	2	0	1	NA	NA	NA	unphased	0.492307692307692	0.492307692307692	1
10	55973700	55973701	32	7	2	2	0	1	NA	NA	NA	unphased	1.43589743589744	1.43589743589744	1
10	64425961	64425962	30	8	2	2	0	1	NA	NA	NA	unphased	1.68421052631579	1.68421052631579	1
10	70775877	70775878	78	26	2	2	0	1	NA	NA	NA	unphased	2	1	2
10	71174887	71174888	50	4	2	2	0	1	NA	NA	NA	unphased	0.592592592592593	0.592592592592593	1
10	72468437	72468438	67	19	2	2	0	1	NA	NA	NA	unphased	1.76744186046512	0.883720930232558	2
10	75037089	75037090	95	10	2	2	0	1	NA	NA	NA	unphased	0.761904761904762	0.761904761904762	1
10	89720682	89720683	33	4	2	2	0	1	NA	NA	NA	unphased	0.864864864864865	0.864864864864865	1
10	90672977	90672978	65	21	2	2	0	1	NA	NA	NA	unphased	1.95348837209302	0.976744186046512	2
10	93389937	93389938	85	28	2	2	0	1	NA	NA	NA	unphased	1.98230088495575	0.991150442477876	2
10	94297255	94297256	70	24	2	2	0	1	NA	NA	NA	unphased	2.04255319148936	1.02127659574468	2
10	94836937	94836938	31	7	2	2	0	1	NA	NA	NA	unphased	1.47368421052632	1.47368421052632	1
10	97607264	97607265	76	32	2	2	0	1	NA	NA	NA	unphased	2.37037037037037	1.18518518518519	2
10	101455814	101455815	78	7	2	2	0	1	NA	NA	NA	unphased	0.658823529411765	0.658823529411765	1
10	101636982	101636983	71	22	2	2	0	1	NA	NA	NA	unphased	1.89247311827957	0.946236559139785	2
10	101646371	101646372	95	17	2	2	0	1	NA	NA	NA	unphased	1.21428571428571	1.21428571428571	1
10	102053053	102053054	45	9	2	2	0	1	NA	NA	NA	unphased	1.33333333333333	1.33333333333333	1
10	102763688	102763689	45	23	2	2	0	1	NA	NA	NA	unphased	2.70588235294118	1.35294117647059	2
10	102766533	102766534	16	4	2	2	0	1	NA	NA	NA	unphased	1.6	1.6	1
10	102824323	102824324	44	6	2	2	0	1	NA	NA	NA	unphased	0.96	0.96	1
10	104247958	104247959	65	22	2	2	0	1	NA	NA	NA	unphased	2.02298850574713	1.01149425287356	2
10	105903379	105903380	38	9	2	2	0	1	NA	NA	NA	unphased	1.53191489361702	1.53191489361702	1
10	116605994	116605995	131	40	2	2	0	1	NA	NA	NA	unphased	1.87134502923977	0.935672514619883	2
10	117856263	117856264	28	3	2	2	0	1	NA	NA	NA	unphased	0.774193548387097	0.774193548387097	1
10	124390626	124390627	48	4	2	2	0	1	NA	NA	NA	unphased	0.615384615384615	0.615384615384615	1
10	126714832	126714833	62	7	2	2	0	1	NA	NA	NA	unphased	0.811594202898551	0.811594202898551	1
10	134006239	134006240	75	16	2	2	0	1	NA	NA	NA	unphased	1.40659340659341	1.40659340659341	1
10	135024968	135024969	67	17	2	2	0	1	NA	NA	NA	unphased	1.61904761904762	0.80952380952381	2
10	135082997	135082998	14	5	2	2	0	1	NA	NA	NA	unphased	2.10526315789474	2.10526315789474	1
11	552667	552668	26	5	2.54	2	2	0.27	1	1	0.73	unphased	1.37741935483871	1.37741935483871	1
11	838173	838174	59	4	2.54	2	2	0.27	1	1	0.73	unphased	0.542222222222222	0.542222222222222	1
11	977177	977178	35	10	2.54	2	2	0.27	1	1	0.73	unphased	1.89777777777778	1.49431321084864	1.27
11	1081647	1081648	21	7	2.54	2	2	0.27	1	1	0.73	unphased	2.135	1.68110236220472	1.27
11	1262577	1262578	22	7	2.54	2	2	0.27	1	1	0.73	unphased	2.06137931034483	1.62313331523215	1.27
11	1265559	1265560	109	18	2.54	2	2	0.27	1	1	0.73	unphased	1.2103937007874	1.2103937007874	1
11	2154210	2154211	212	24	2.54	2	2	0.27	1	1	0.73	unphased	0.868474576271186	0.868474576271186	1
11	4615648	4615649	71	4	2.54	2	2	0.27	1	1	0.73	unphased	0.455466666666667	0.455466666666667	1
11	4661475	4661476	136	22	2.54	2	2	0.27	1	1	0.73	unphased	1.18911392405063	1.18911392405063	1
11	4824716	4824717	115	25	2.54	2	2	0.27	1	1	0.73	unphased	1.525	1.2007874015748	1.27
11	4967712	4967713	58	14	NA	NA	NA	NA	NA	NA	NA	unphased	NA	NA	1
11	5247912	5247913	113	17	3	2	1	1	NA	NA	NA	unphased	1.17692307692308	1.17692307692308	1
11	5247949	5247950	134	19	3	2	1	1	NA	NA	NA	unphased	1.11764705882353	1.11764705882353	1
11	5411542	5411543	21	7	3	2	1	1	NA	NA	NA	unphased	2.25	1.125	2
11	5776644	5776645	122	20	3	2	1	1	NA	NA	NA	unphased	1.26760563380282	1.26760563380282	1
11	5841994	5841995	116	16	3	2	1	1	NA	NA	NA	unphased	1.09090909090909	1.09090909090909	1
11	6231613	6231614	147	10	3	2	1	1	NA	NA	NA	unphased	0.573248407643312	0.573248407643312	1
11	6592203	6592204	64	4	3	2	1	1	NA	NA	NA	unphased	0.529411764705882	0.529411764705882	1
11	6898605	6898606	108	9	3	2	1	1	NA	NA	NA	unphased	0.692307692307692	0.692307692307692	1
11	8123114	8123115	49	15	3	2	1	1	NA	NA	NA	unphased	2.109375	1.0546875	2
11	12262607	12262608	135	9	3	2	1	1	NA	NA	NA	unphased	0.5625	0.5625	1
11	13380011	13380012	156	19	3	2	1	1	NA	NA	NA	unphased	0.977142857142857	0.977142857142857	1
11	13734521	13734522	114	10	3	2	1	1	NA	NA	NA	unphased	0.725806451612903	0.725806451612903	1
11	17352571	17352572	13	4	3	2	1	1	NA	NA	NA	unphased	2.11764705882353	2.11764705882353	1
11	17809918	17809919	43	9	3	2	1	1	NA	NA	NA	unphased	1.55769230769231	1.55769230769231	1
11	18425353	18425354	57	6	3	2	1	1	NA	NA	NA	unphased	0.857142857142857	0.857142857142857	1
11	20139798	20139799	192	19	3	2	1	1	NA	NA	NA	unphased	0.81042654028436	0.81042654028436	1
11	26529748	26529749	52	8	3	2	1	1	NA	NA	NA	unphased	1.2	1.2	1
11	35231558	35231559	284	11	9	7	2	1	NA	NA	NA	unphased	0.559322033898305	0.559322033898305	1
11	36248959	36248960	47	22	3	2	1	1	NA	NA	NA	unphased	2.8695652173913	1.43478260869565	2
11	46563724	46563725	32	4	3	2	1	1	NA	NA	NA	unphased	1	1	1
11	49168271	49168272	43	11	3	2	1	1	NA	NA	NA	unphased	1.83333333333333	0.916666666666667	2
11	49178306	49178307	135	16	3	2	1	1	NA	NA	NA	unphased	0.95364238410596	0.95364238410596	1
11	55541586	55541587	91	6	3	2	1	1	NA	NA	NA	unphased	0.556701030927835	0.556701030927835	1
11	55761679	55761680	70	9	3	2	1	1	NA	NA	NA	unphased	1.0253164556962	1.0253164556962	1
11	56043409	56043410	108	18	3	2	1	1	NA	NA	NA	unphased	1.28571428571429	1.28571428571429	1
11	56058391	56058392	246	26	3	2	1	1	NA	NA	NA	unphased	0.860294117647059	0.860294117647059	1
11	56310654	56310655	123	11	3	2	1	1	NA	NA	NA	unphased	0.738805970149254	0.738805970149254	1
11	56949879	56949880	24	13	3	2	1	1	NA	NA	NA	unphased	3.16216216216216	1.58108108108108	2
11	57982358	57982359	165	33	3	2	1	1	NA	NA	NA	unphased	1.5	0.75	2
11	58189905	58189906	79	9	3	2	1	1	NA	NA	NA	unphased	0.920454545454546	0.920454545454546	1
11	59574079	59574080	85	25	3	2	1	1	NA	NA	NA	unphased	2.04545454545455	1.02272727272727	2
11	59837058	59837059	171	13	3	2	1	1	NA	NA	NA	unphased	0.635869565217391	0.635869565217391	1
11	60274207	60274208	40	4	3	2	1	1	NA	NA	NA	unphased	0.818181818181818	0.818181818181818	1
11	61533158	61533159	21	5	3	2	1	1	NA	NA	NA	unphased	1.73076923076923	1.73076923076923	1
11	61897667	61897668	70	8	3	2	1	1	NA	NA	NA	unphased	0.923076923076923	0.923076923076923	1
11	62010908	62010909	107	30	3	2	1	1	NA	NA	NA	unphased	1.97080291970803	0.985401459854015	2
11	62300789	62300790	67	8	3	2	1	1	NA	NA	NA	unphased	0.96	0.96	1
11	62444188	62444189	110	13	3	2	1	1	NA	NA	NA	unphased	0.951219512195122	0.951219512195122	1
11	62457779	62457780	57	5	3	2	1	1	NA	NA	NA	unphased	0.725806451612903	0.725806451612903	1
11	62751967	62751968	53	15	3	2	1	1	NA	NA	NA	unphased	1.98529411764706	0.992647058823529	2
11	64009910	64009911	60	17	3	2	1	1	NA	NA	NA	unphased	1.98701298701299	0.993506493506493	2
11	64338639	64338640	24	3	3	2	1	1	NA	NA	NA	unphased	1	1	1
11	64645663	64645664	58	8	3	2	1	1	NA	NA	NA	unphased	1.09090909090909	1.09090909090909	1
11	65113490	65113491	131	9	3	2	1	1	NA	NA	NA	unphased	0.578571428571429	0.578571428571429	1
11	65113780	65113781	47	7	3	2	1	1	NA	NA	NA	unphased	1.16666666666667	1.16666666666667	1
11	65123346	65123347	78	11	3	2	1	1	NA	NA	NA	unphased	1.1123595505618	1.1123595505618	1
11	65123448	65123449	126	17	3	2	1	1	NA	NA	NA	unphased	1.06993006993007	1.06993006993007	1
11	66407039	66407040	11	5	3	2	1	1	NA	NA	NA	unphased	2.8125	1.40625	2
11	66461658	66461659	50	5	3	2	1	1	NA	NA	NA	unphased	0.818181818181818	0.818181818181818	1
11	68475929	68475930	48	5	3	2	1	1	NA	NA	NA	unphased	0.849056603773585	0.849056603773585	1
11	68478346	68478347	43	7	3	2	1	1	NA	NA	NA	unphased	1.26	1.26	1
11	69625399	69625400	67	6	3	2	1	1	NA	NA	NA	unphased	0.73972602739726	0.73972602739726	1
11	70333259	70333260	109	13	3	2	1	1	NA	NA	NA	unphased	0.959016393442623	0.959016393442623	1
11	71847077	71847078	142	31	3	2	1	1	NA	NA	NA	unphased	1.61271676300578	0.80635838150289	2
11	71944715	71944716	109	19	3	2	1	1	NA	NA	NA	unphased	1.3359375	1.3359375	1
11	72295735	72295736	46	6	3	2	1	1	NA	NA	NA	unphased	1.03846153846154	1.03846153846154	1
11	73021144	73021145	58	17	3	2	1	1	NA	NA	NA	unphased	2.04	1.02	2
11	76256840	76256841	114	16	3	2	1	1	NA	NA	NA	unphased	1.10769230769231	1.10769230769231	1
11	76256912	76256913	71	13	3	2	1	1	NA	NA	NA	unphased	1.39285714285714	1.39285714285714	1
11	82705145	82705146	100	10	3	2	1	1	NA	NA	NA	unphased	0.818181818181818	0.818181818181818	1
11	85435181	85435182	69	18	3	2	1	1	NA	NA	NA	unphased	1.86206896551724	0.931034482758621	2
11	92534501	92534502	43	11	3	2	1	1	NA	NA	NA	unphased	1.83333333333333	0.916666666666667	2
11	92534951	92534952	92	17	3	2	1	1	NA	NA	NA	unphased	1.40366972477064	1.40366972477064	1
11	94924579	94924580	150	14	3	2	1	1	NA	NA	NA	unphased	0.768292682926829	0.768292682926829	1
11	103055672	103055673	64	7	3	2	1	1	NA	NA	NA	unphased	0.887323943661972	0.887323943661972	1
11	105009698	105009699	106	31	3	2	1	1	NA	NA	NA	unphased	2.03649635036496	1.01824817518248	2
11	106810471	106810472	57	16	3	2	1	1	NA	NA	NA	unphased	1.97260273972603	0.986301369863014	2
11	106810473	106810474	60	16	3	2	1	1	NA	NA	NA	unphased	1.89473684210526	0.947368421052632	2
11	108060037	108060038	106	22	3	2	1	1	NA	NA	NA	unphased	1.546875	0.7734375	2
11	110461474	110461475	44	7	3	2	1	1	NA	NA	NA	unphased	1.23529411764706	1.23529411764706	1
11	113661278	113661279	52	22	3	2	1	1	NA	NA	NA	unphased	2.67567567567568	1.33783783783784	2
11	117064584	117064585	53	4	3	2	1	1	NA	NA	NA	unphased	0.631578947368421	0.631578947368421	1
11	119206044	119206045	169	35	3	2	1	1	NA	NA	NA	unphased	1.54411764705882	0.772058823529412	2
11	120929157	120929158	128	31	3	2	1	1	NA	NA	NA	unphased	1.75471698113208	0.877358490566038	2
11	120996477	120996478	115	11	3	2	1	1	NA	NA	NA	unphased	0.785714285714286	0.785714285714286	1
11	123524575	123524576	95	10	3	2	1	1	NA	NA	NA	unphased	0.857142857142857	0.857142857142857	1
11	123601267	123601268	113	18	3	2	1	1	NA	NA	NA	unphased	1.23664122137405	1.23664122137405	1
11	125255569	125255570	57	15	3	2	1	1	NA	NA	NA	unphased	1.875	0.9375	2
11	125483986	125483987	145	38	3	2	1	1	NA	NA	NA	unphased	1.86885245901639	0.934426229508197	2
11	128842742	128842743	70	28	3	2	1	1	NA	NA	NA	unphased	2.57142857142857	1.28571428571429	2
12	662962	662963	122	6	4	2	2	1	NA	NA	NA	unphased	0.46875	0.46875	1
12	978153	978154	393	29	4	2	2	1	NA	NA	NA	unphased	0.687203791469194	0.687203791469194	1
12	1345969	1345970	42	17	4	2	2	1	NA	NA	NA	unphased	2.88135593220339	1.4406779661017	2
12	2997083	2997084	19	4	4	2	2	1	NA	NA	NA	unphased	1.73913043478261	1.73913043478261	1
12	3678688	3678689	83	20	4	2	2	1	NA	NA	NA	unphased	1.94174757281553	0.970873786407767	2
12	6838546	6838547	76	18	4	2	2	1	NA	NA	NA	unphased	1.91489361702128	0.957446808510638	2
12	7173259	7173260	62	21	4	2	2	1	NA	NA	NA	unphased	2.53012048192771	1.26506024096386	2
12	7586145	7586146	97	14	4	2	2	1	NA	NA	NA	unphased	1.26126126126126	1.26126126126126	1
12	7966783	7966784	30	7	4	2	2	1	NA	NA	NA	unphased	1.89189189189189	1.89189189189189	1
12	9009911	9009912	138	30	4	2	2	1	NA	NA	NA	unphased	1.78571428571429	0.892857142857143	2
12	10587092	10587093	125	14	4	2	2	1	NA	NA	NA	unphased	1.00719424460432	1.00719424460432	1
12	12870830	12870831	85	25	4	2	2	1	NA	NA	NA	unphased	2.27272727272727	1.13636363636364	2
12	15710450	15710451	43	17	4	2	2	1	NA	NA	NA	unphased	2.83333333333333	1.41666666666667	2
12	18800984	18800985	19	3	4	2	2	1	NA	NA	NA	unphased	1.36363636363636	1.36363636363636	1
12	19496295	19496296	47	14	4	2	2	1	NA	NA	NA	unphased	2.29508196721311	1.14754098360656	2
12	21175838	21175839	121	9	4	2	2	1	NA	NA	NA	unphased	0.692307692307692	0.692307692307692	1
12	21623097	21623098	48	10	4	2	2	1	NA	NA	NA	unphased	1.72413793103448	1.72413793103448	1
12	22354384	22354385	41	12	4	2	2	1	NA	NA	NA	unphased	2.26415094339623	1.13207547169811	2
12	23757370	23757371	70	22	4	2	2	1	NA	NA	NA	unphased	2.39130434782609	1.19565217391304	2
12	25398283	25398284	25	6	4	2	2	1	NA	NA	NA	unphased	1.93548387096774	1.93548387096774	1
12	26551832	26551833	30	5	4	2	2	1	NA	NA	NA	unphased	1.42857142857143	1.42857142857143	1
12	27126800	27126801	44	12	4	2	2	1	NA	NA	NA	unphased	2.14285714285714	1.07142857142857	2
12	27573438	27573439	85	22	4	2	2	1	NA	NA	NA	unphased	2.05607476635514	1.02803738317757	2
12	29617580	29617581	81	13	4	2	2	1	NA	NA	NA	unphased	1.38297872340426	1.38297872340426	1
12	29689149	29689150	98	15	4	2	2	1	NA	NA	NA	unphased	1.32743362831858	1.32743362831858	1
12	30802164	30802165	78	13	4	2	2	1	NA	NA	NA	unphased	1.42857142857143	1.42857142857143	1
12	32134432	32134433	104	14	4	2	2	1	NA	NA	NA	unphased	1.1864406779661	1.1864406779661	1
12	32134546	32134547	101	22	4	2	2	1	NA	NA	NA	unphased	1.78861788617886	0.894308943089431	2
12	32866200	32866201	71	17	4	2	2	1	NA	NA	NA	unphased	1.93181818181818	0.965909090909091	2
12	32906890	32906891	138	29	4	2	2	1	NA	NA	NA	unphased	1.73652694610778	0.868263473053892	2
12	32949102	32949103	77	10	4	2	2	1	NA	NA	NA	unphased	1.14942528735632	1.14942528735632	1
12	32977004	32977005	63	7	4	2	2	1	NA	NA	NA	unphased	1	1	1
12	39726892	39726893	131	25	4	2	2	1	NA	NA	NA	unphased	1.6025641025641	0.801282051282051	2
12	39726893	39726894	134	26	4	2	2	1	NA	NA	NA	unphased	1.625	0.8125	2
12	40076716	40076717	57	26	4	2	2	1	NA	NA	NA	unphased	3.13253012048193	1.56626506024096	2
12	42787469	42787470	64	12	4	2	2	1	NA	NA	NA	unphased	1.57894736842105	1.57894736842105	1
12	46320011	46320012	157	12	4	2	2	1	NA	NA	NA	unphased	0.710059171597633	0.710059171597633	1
12	49396732	49396733	90	15	4	2	2	1	NA	NA	NA	unphased	1.42857142857143	1.42857142857143	1
12	49431868	49431869	31	4	4	2	2	1	NA	NA	NA	unphased	1.14285714285714	1.14285714285714	1
12	49521763	49521764	165	31	4	2	2	1	NA	NA	NA	unphased	1.58163265306122	0.790816326530612	2
12	49579178	49579179	89	22	4	2	2	1	NA	NA	NA	unphased	1.98198198198198	0.990990990990991	2
12	49725508	49725509	27	7	4	2	2	1	NA	NA	NA	unphased	2.05882352941176	1.02941176470588	2
12	49951666	49951667	55	6	4	2	2	1	NA	NA	NA	unphased	0.983606557377049	0.983606557377049	1
12	51883581	51883582	125	24	4	2	2	1	NA	NA	NA	unphased	1.61073825503356	0.805369127516778	2
12	52992694	52992695	132	26	4	2	2	1	NA	NA	NA	unphased	1.64556962025316	0.822784810126582	2
12	53517520	53517521	57	12	4	2	2	1	NA	NA	NA	unphased	1.73913043478261	0.869565217391304	2
12	53687195	53687196	60	11	4	2	2	1	NA	NA	NA	unphased	1.54929577464789	1.54929577464789	1
12	53900040	53900041	7	3	4	2	2	1	NA	NA	NA	unphased	3	3	1
12	54394242	54394243	31	4	4	2	2	1	NA	NA	NA	unphased	1.14285714285714	1.14285714285714	1
12	54447720	54447721	115	22	4	2	2	1	NA	NA	NA	unphased	1.60583941605839	0.802919708029197	2
12	54686508	54686509	44	13	4	2	2	1	NA	NA	NA	unphased	2.28070175438596	1.14035087719298	2
12	55356805	55356806	46	11	4	2	2	1	NA	NA	NA	unphased	1.92982456140351	0.964912280701754	2
12	56435938	56435939	56	17	4	2	2	1	NA	NA	NA	unphased	2.32876712328767	1.16438356164384	2
12	57389349	57389350	67	11	4	2	2	1	NA	NA	NA	unphased	1.41025641025641	1.41025641025641	1
12	57501399	57501400	74	13	4	2	2	1	NA	NA	NA	unphased	1.49425287356322	1.49425287356322	1
12	57920108	57920109	50	13	4	2	2	1	NA	NA	NA	unphased	2.06349206349206	1.03174603174603	2
12	58144536	58144537	80	7	4	2	2	1	NA	NA	NA	unphased	0.804597701149425	0.804597701149425	1
12	69140320	69140321	78	19	4	2	2	1	NA	NA	NA	unphased	1.95876288659794	0.979381443298969	2
12	70732531	70732532	83	11	4	2	2	1	NA	NA	NA	unphased	1.17021276595745	1.17021276595745	1
12	75601360	75601361	44	6	4	2	2	1	NA	NA	NA	unphased	1.2	1.2	1
12	77419462	77419463	118	30	4	2	2	1	NA	NA	NA	unphased	2.02702702702703	1.01351351351351	2
12	78522601	78522602	91	18	4	2	2	1	NA	NA	NA	unphased	1.65137614678899	0.825688073394495	2
12	80704476	80704477	49	7	4	2	2	1	NA	NA	NA	unphased	1.25	1.25	1
12	80707255	80707256	36	6	4	2	2	1	NA	NA	NA	unphased	1.42857142857143	1.42857142857143	1
12	81648697	81648698	49	19	4	2	2	1	NA	NA	NA	unphased	2.79411764705882	1.39705882352941	2
12	81719563	81719564	24	4	4	2	2	1	NA	NA	NA	unphased	1.42857142857143	1.42857142857143	1
12	85517925	85517926	86	5	4	2	2	1	NA	NA	NA	unphased	0.549450549450549	0.549450549450549	1
12	89853464	89853465	52	8	4	2	2	1	NA	NA	NA	unphased	1.33333333333333	1.33333333333333	1
12	91347781	91347782	310	71	4	2	2	1	NA	NA	NA	unphased	1.86351706036745	0.931758530183727	2
12	91347839	91347840	212	47	4	2	2	1	NA	NA	NA	unphased	1.81467181467181	0.907335907335907	2
12	93968689	93968690	83	11	4	2	2	1	NA	NA	NA	unphased	1.17021276595745	1.17021276595745	1
12	94965347	94965348	133	10	4	2	2	1	NA	NA	NA	unphased	0.699300699300699	0.699300699300699	1
12	95228582	95228583	20	5	4	2	2	1	NA	NA	NA	unphased	2	2	1
12	95445589	95445590	31	3	4	2	2	1	NA	NA	NA	unphased	0.882352941176471	0.882352941176471	1
12	96354203	96354204	42	19	4	2	2	1	NA	NA	NA	unphased	3.11475409836066	1.55737704918033	2
12	97137902	97137903	26	10	4	2	2	1	NA	NA	NA	unphased	2.77777777777778	1.38888888888889	2
12	100166776	100166777	58	10	4	2	2	1	NA	NA	NA	unphased	1.47058823529412	1.47058823529412	1
12	102158575	102158576	63	21	4	2	2	1	NA	NA	NA	unphased	2.5	1.25	2
12	104397069	104397070	81	13	4	2	2	1	NA	NA	NA	unphased	1.38297872340426	1.38297872340426	1
12	109577465	109577466	122	32	4	2	2	1	NA	NA	NA	unphased	2.07792207792208	1.03896103896104	2
12	111290745	111290746	91	22	4	2	2	1	NA	NA	NA	unphased	1.94690265486726	0.973451327433628	2
12	112506752	112506753	67	20	4	2	2	1	NA	NA	NA	unphased	2.29885057471264	1.14942528735632	2
12	112676902	112676903	71	10	4	2	2	1	NA	NA	NA	unphased	1.23456790123457	1.23456790123457	1
12	116424068	116424069	58	12	4	2	2	1	NA	NA	NA	unphased	1.71428571428571	0.857142857142857	2
12	118199091	118199092	43	9	4	2	2	1	NA	NA	NA	unphased	1.73076923076923	1.73076923076923	1
12	118504233	118504234	6	3	4	2	2	1	NA	NA	NA	unphased	3.33333333333333	1.66666666666667	2
12	120530903	120530904	40	8	4	2	2	1	NA	NA	NA	unphased	1.66666666666667	1.66666666666667	1
12	120954576	120954577	135	30	4	2	2	1	NA	NA	NA	unphased	1.81818181818182	0.909090909090909	2
12	121154760	121154761	118	26	4	2	2	1	NA	NA	NA	unphased	1.80555555555556	0.902777777777778	2
12	121747583	121747584	105	6	4	2	2	1	NA	NA	NA	unphased	0.540540540540541	0.540540540540541	1
12	121768516	121768517	25	3	4	2	2	1	NA	NA	NA	unphased	1.07142857142857	1.07142857142857	1
12	121784751	121784752	27	18	4	2	2	1	NA	NA	NA	unphased	4	2	2
12	123424726	123424727	22	4	4	2	2	1	NA	NA	NA	unphased	1.53846153846154	1.53846153846154	1
12	124420006	124420007	139	35	4	2	2	1	NA	NA	NA	unphased	2.01149425287356	1.00574712643678	2
12	124856603	124856604	58	10	4	2	2	1	NA	NA	NA	unphased	1.47058823529412	1.47058823529412	1
12	125461948	125461949	151	17	4	2	2	1	NA	NA	NA	unphased	1.01190476190476	1.01190476190476	1
12	125900161	125900162	73	17	4	2	2	1	NA	NA	NA	unphased	1.88888888888889	0.944444444444444	2
12	130184762	130184763	30	7	4	2	2	1	NA	NA	NA	unphased	1.89189189189189	1.89189189189189	1
12	130647694	130647695	67	7	4	2	2	1	NA	NA	NA	unphased	0.945945945945946	0.945945945945946	1
12	131476885	131476886	146	30	4	2	2	1	NA	NA	NA	unphased	1.70454545454545	0.852272727272727	2
12	132512741	132512742	123	33	4	2	2	1	NA	NA	NA	unphased	2.11538461538462	1.05769230769231	2
13	20049724	20049725	45	5	3	2	1	1	NA	NA	NA	unphased	0.9	0.9	1
13	21562245	21562246	73	16	3	2	1	1	NA	NA	NA	unphased	1.61797752808989	0.808988764044944	2
13	29600528	29600529	94	18	3	2	1	1	NA	NA	NA	unphased	1.44642857142857	1.44642857142857	1
13	32735327	32735328	113	15	3	2	1	1	NA	NA	NA	unphased	1.0546875	1.0546875	1
13	32915276	32915277	142	15	3	2	1	1	NA	NA	NA	unphased	0.859872611464968	0.859872611464968	1
13	32954224	32954225	68	5	3	2	1	1	NA	NA	NA	unphased	0.616438356164384	0.616438356164384	1
13	33635704	33635705	71	21	3	2	1	1	NA	NA	NA	unphased	2.05434782608696	1.02717391304348	2
13	36909298	36909299	83	8	3	2	1	1	NA	NA	NA	unphased	0.791208791208791	0.791208791208791	1
13	38266408	38266409	42	6	3	2	1	1	NA	NA	NA	unphased	1.125	1.125	1
13	39605734	39605735	60	16	3	2	1	1	NA	NA	NA	unphased	1.89473684210526	0.947368421052632	2
13	42882667	42882668	108	8	3	2	1	1	NA	NA	NA	unphased	0.620689655172414	0.620689655172414	1
13	46585618	46585619	78	7	3	2	1	1	NA	NA	NA	unphased	0.741176470588235	0.741176470588235	1
13	52351195	52351196	52	5	3	2	1	1	NA	NA	NA	unphased	0.789473684210526	0.789473684210526	1
13	61985391	61985392	38	9	3	2	1	1	NA	NA	NA	unphased	1.72340425531915	1.72340425531915	1
13	72014783	72014784	100	7	3	2	1	1	NA	NA	NA	unphased	0.588785046728972	0.588785046728972	1
13	79191204	79191205	64	20	3	2	1	1	NA	NA	NA	unphased	2.14285714285714	1.07142857142857	2
13	99090068	99090069	81	25	3	2	1	1	NA	NA	NA	unphased	2.12264150943396	1.06132075471698	2
13	102051458	102051459	33	16	3	2	1	1	NA	NA	NA	unphased	2.93877551020408	1.46938775510204	2
13	102051465	102051466	30	15	3	2	1	1	NA	NA	NA	unphased	3	1.5	2
13	111090964	111090965	113	7	3	2	1	1	NA	NA	NA	unphased	0.525	0.525	1
13	111156283	111156284	45	4	3	2	1	1	NA	NA	NA	unphased	0.73469387755102	0.73469387755102	1
13	111290950	111290951	31	8	3	2	1	1	NA	NA	NA	unphased	1.84615384615385	1.84615384615385	1
14	20444328	20444329	188	48	4	2	2	1	NA	NA	NA	unphased	2.03389830508475	1.01694915254237	2
14	20767467	20767468	64	5	4	2	2	1	NA	NA	NA	unphased	0.72463768115942	0.72463768115942	1
14	21462765	21462766	114	12	4	2	2	1	NA	NA	NA	unphased	0.952380952380952	0.952380952380952	1
14	21486367	21486368	50	8	4	2	2	1	NA	NA	NA	unphased	1.37931034482759	1.37931034482759	1
14	22616470	22616471	54	14	4	2	2	1	NA	NA	NA	unphased	2.05882352941176	1.02941176470588	2
14	23374087	23374088	256	12	4	2	2	1	NA	NA	NA	unphased	0.447761194029851	0.447761194029851	1
14	23517599	23517600	141	39	4	2	2	1	NA	NA	NA	unphased	2.16666666666667	1.08333333333333	2
14	23518333	23518334	18	6	4	2	2	1	NA	NA	NA	unphased	2.5	1.25	2
14	23532190	23532191	129	28	4	2	2	1	NA	NA	NA	unphased	1.78343949044586	0.89171974522293	2
14	23532191	23532192	129	28	4	2	2	1	NA	NA	NA	unphased	1.78343949044586	0.89171974522293	2
14	23596495	23596496	68	10	4	2	2	1	NA	NA	NA	unphased	1.28205128205128	1.28205128205128	1
14	23826584	23826585	52	14	4	2	2	1	NA	NA	NA	unphased	2.12121212121212	1.06060606060606	2
14	23858876	23858877	56	16	4	2	2	1	NA	NA	NA	unphased	2.22222222222222	1.11111111111111	2
14	23896940	23896941	98	19	4	2	2	1	NA	NA	NA	unphased	1.62393162393162	0.811965811965812	2
14	24798677	24798678	69	19	4	2	2	1	NA	NA	NA	unphased	2.15909090909091	1.07954545454545	2
14	24799136	24799137	107	22	4	2	2	1	NA	NA	NA	unphased	1.70542635658915	0.852713178294574	2
14	24975308	24975309	55	7	4	2	2	1	NA	NA	NA	unphased	1.12903225806452	1.12903225806452	1
14	36982402	36982403	21	4	4	2	2	1	NA	NA	NA	unphased	1.6	1.6	1
14	37198737	37198738	19	4	4	2	2	1	NA	NA	NA	unphased	1.73913043478261	1.73913043478261	1
14	44973865	44973866	148	18	4	2	2	1	NA	NA	NA	unphased	1.08433734939759	1.08433734939759	1
14	45523677	45523678	55	13	4	2	2	1	NA	NA	NA	unphased	1.91176470588235	0.955882352941176	2
14	50585439	50585440	155	37	4	2	2	1	NA	NA	NA	unphased	1.92708333333333	0.963541666666667	2
14	50667676	50667677	147	41	4	2	2	1	NA	NA	NA	unphased	2.18085106382979	1.09042553191489	2
14	50789457	50789458	44	13	4	2	2	1	NA	NA	NA	unphased	2.28070175438596	1.14035087719298	2
14	51223675	51223676	28	4	4	2	2	1	NA	NA	NA	unphased	1.25	1.25	1
14	55004469	55004470	31	6	4	2	2	1	NA	NA	NA	unphased	1.62162162162162	1.62162162162162	1
14	58937418	58937419	19	8	4	2	2	1	NA	NA	NA	unphased	2.96296296296296	1.48148148148148	2
14	60193682	60193683	23	5	4	2	2	1	NA	NA	NA	unphased	1.78571428571429	1.78571428571429	1
14	63747783	63747784	76	8	4	2	2	1	NA	NA	NA	unphased	0.952380952380952	0.952380952380952	1
14	65008731	65008732	91	6	4	2	2	1	NA	NA	NA	unphased	0.618556701030928	0.618556701030928	1
14	68114829	68114830	42	6	4	2	2	1	NA	NA	NA	unphased	1.25	1.25	1
14	70515591	70515592	33	3	4	2	2	1	NA	NA	NA	unphased	0.833333333333333	0.833333333333333	1
14	72054697	72054698	120	27	4	2	2	1	NA	NA	NA	unphased	1.83673469387755	0.918367346938776	2
14	73743741	73743742	78	15	4	2	2	1	NA	NA	NA	unphased	1.61290322580645	0.806451612903226	2
14	74824104	74824105	64	20	4	2	2	1	NA	NA	NA	unphased	2.38095238095238	1.19047619047619	2
14	74825068	74825069	119	13	4	2	2	1	NA	NA	NA	unphased	0.984848484848485	0.984848484848485	1
14	75746468	75746469	37	7	4	2	2	1	NA	NA	NA	unphased	1.59090909090909	1.59090909090909	1
14	77951110	77951111	56	11	4	2	2	1	NA	NA	NA	unphased	1.64179104477612	1.64179104477612	1
14	81969102	81969103	216	16	4	2	2	1	NA	NA	NA	unphased	0.689655172413793	0.689655172413793	1
14	88737229	88737230	70	15	4	2	2	1	NA	NA	NA	unphased	1.76470588235294	0.882352941176471	2
14	91700786	91700787	21	4	4	2	2	1	NA	NA	NA	unphased	1.6	1.6	1
14	92471199	92471200	61	8	4	2	2	1	NA	NA	NA	unphased	1.15942028985507	1.15942028985507	1
14	92909116	92909117	70	11	4	2	2	1	NA	NA	NA	unphased	1.35802469135802	1.35802469135802	1
14	93171049	93171050	151	32	4	2	2	1	NA	NA	NA	unphased	1.74863387978142	0.87431693989071	2
14	94405651	94405652	65	9	4	2	2	1	NA	NA	NA	unphased	1.21621621621622	1.21621621621622	1
14	94718089	94718090	62	8	4	2	2	1	NA	NA	NA	unphased	1.14285714285714	1.14285714285714	1
14	94750306	94750307	83	9	4	2	2	1	NA	NA	NA	unphased	0.978260869565217	0.978260869565217	1
14	94935972	94935973	84	18	4	2	2	1	NA	NA	NA	unphased	1.76470588235294	0.882352941176471	2
14	95056412	95056413	32	7	4	2	2	1	NA	NA	NA	unphased	1.79487179487179	1.79487179487179	1
14	95081373	95081374	119	19	4	2	2	1	NA	NA	NA	unphased	1.3768115942029	1.3768115942029	1
14	96797767	96797768	101	11	4	2	2	1	NA	NA	NA	unphased	0.982142857142857	0.982142857142857	1
14	100613145	100613146	81	12	4	2	2	1	NA	NA	NA	unphased	1.29032258064516	1.29032258064516	1
14	103969273	103969274	54	13	4	2	2	1	NA	NA	NA	unphased	1.94029850746269	0.970149253731343	2
14	104493156	104493157	66	13	4	2	2	1	NA	NA	NA	unphased	1.64556962025316	0.822784810126582	2
14	105353863	105353864	24	3	4	2	2	1	NA	NA	NA	unphased	1.11111111111111	1.11111111111111	1
14	105409019	105409020	262	52	4	2	2	1	NA	NA	NA	unphased	1.65605095541401	0.828025477707006	2
14	105716709	105716710	60	16	4	2	2	1	NA	NA	NA	unphased	2.10526315789474	1.05263157894737	2
14	106236642	106236643	329	55	4	2	2	1	NA	NA	NA	unphased	1.43229166666667	0.716145833333333	2
14	106621952	106621953	194	33	NA	NA	NA	NA	NA	NA	NA	unphased	NA	NA	1
14	106805477	106805478	89	15	NA	NA	NA	NA	NA	NA	NA	unphased	NA	NA	1
15	23310039	23310040	32	9	3	2	1	1	NA	NA	NA	unphased	1.97560975609756	0.98780487804878	2
15	23932042	23932043	76	10	3	2	1	1	NA	NA	NA	unphased	1.04651162790698	1.04651162790698	1
15	24923118	24923119	190	21	3	2	1	1	NA	NA	NA	unphased	0.895734597156398	0.895734597156398	1
15	25222047	25222048	89	13	3	2	1	1	NA	NA	NA	unphased	1.14705882352941	1.14705882352941	1
15	25346811	25346812	50	6	3	2	1	1	NA	NA	NA	unphased	0.964285714285714	0.964285714285714	1
15	25346812	25346813	48	7	3	2	1	1	NA	NA	NA	unphased	1.14545454545455	1.14545454545455	1
15	25444484	25444485	93	14	3	2	1	1	NA	NA	NA	unphased	1.17757009345794	1.17757009345794	1
15	25453293	25453294	342	35	3	2	1	1	NA	NA	NA	unphased	0.835543766578249	0.835543766578249	1
15	26812840	26812841	67	11	3	2	1	1	NA	NA	NA	unphased	1.26923076923077	1.26923076923077	1
15	28358239	28358240	37	9	3	2	1	1	NA	NA	NA	unphased	1.76086956521739	1.76086956521739	1
15	38793415	38793416	53	4	3	2	1	1	NA	NA	NA	unphased	0.631578947368421	0.631578947368421	1
15	40661143	40661144	105	20	3	2	1	1	NA	NA	NA	unphased	1.44	1.44	1
15	41813109	41813110	64	7	3	2	1	1	NA	NA	NA	unphased	0.887323943661972	0.887323943661972	1
15	42602976	42602977	115	11	3	2	1	1	NA	NA	NA	unphased	0.785714285714286	0.785714285714286	1
15	42695110	42695111	120	15	3	2	1	1	NA	NA	NA	unphased	1	1	1
15	43021434	43021435	62	17	3	2	1	1	NA	NA	NA	unphased	1.93670886075949	0.968354430379747	2
15	43675639	43675640	75	4	3	2	1	1	NA	NA	NA	unphased	0.455696202531646	0.455696202531646	1
15	44094024	44094025	42	13	3	2	1	1	NA	NA	NA	unphased	2.12727272727273	1.06363636363636	2
15	48414180	48414181	134	12	3	2	1	1	NA	NA	NA	unphased	0.73972602739726	0.73972602739726	1
15	48591462	48591463	16	8	3	2	1	1	NA	NA	NA	unphased	3	1.5	2
15	49285067	49285068	154	8	3	2	1	1	NA	NA	NA	unphased	0.444444444444444	0.444444444444444	1
15	50168578	50168579	71	23	3	2	1	1	NA	NA	NA	unphased	2.20212765957447	1.10106382978723	2
15	52564028	52564029	35	3	3	2	1	1	NA	NA	NA	unphased	0.710526315789474	0.710526315789474	1
15	54630573	54630574	112	32	3	2	1	1	NA	NA	NA	unphased	2	1	2
15	54630677	54630678	80	15	3	2	1	1	NA	NA	NA	unphased	1.42105263157895	1.42105263157895	1
15	59182578	59182579	98	26	3	2	1	1	NA	NA	NA	unphased	1.88709677419355	0.943548387096774	2
15	59813561	59813562	15	3	3	2	1	1	NA	NA	NA	unphased	1.5	1.5	1
15	62241763	62241764	58	4	3	2	1	1	NA	NA	NA	unphased	0.580645161290323	0.580645161290323	1
15	63930646	63930647	83	21	3	2	1	1	NA	NA	NA	unphased	1.81730769230769	0.908653846153846	2
15	65347377	65347378	21	4	3	2	1	1	NA	NA	NA	unphased	1.44	1.44	1
15	65744416	65744417	106	10	3	2	1	1	NA	NA	NA	unphased	0.775862068965517	0.775862068965517	1
15	69072754	69072755	48	8	3	2	1	1	NA	NA	NA	unphased	1.28571428571429	1.28571428571429	1
15	71196914	71196915	74	16	3	2	1	1	NA	NA	NA	unphased	1.6	0.8	2
15	73615987	73615988	33	4	3	2	1	1	NA	NA	NA	unphased	0.972972972972973	0.972972972972973	1
15	75013575	75013576	112	11	3	2	1	1	NA	NA	NA	unphased	0.804878048780488	0.804878048780488	1
15	75091003	75091004	53	4	3	2	1	1	NA	NA	NA	unphased	0.631578947368421	0.631578947368421	1
15	77345213	77345214	27	6	3	2	1	1	NA	NA	NA	unphased	1.63636363636364	1.63636363636364	1
15	80478482	80478483	52	9	3	2	1	1	NA	NA	NA	unphased	1.32786885245902	1.32786885245902	1
15	81234624	81234625	90	6	3	2	1	1	NA	NA	NA	unphased	0.5625	0.5625	1
15	85342389	85342390	173	53	3	2	1	1	NA	NA	NA	unphased	2.11061946902655	1.05530973451327	2
15	89400554	89400555	99	11	3	2	1	1	NA	NA	NA	unphased	0.9	0.9	1
15	90021103	90021104	42	5	3	2	1	1	NA	NA	NA	unphased	0.957446808510638	0.957446808510638	1
15	90611279	90611280	89	8	3	2	1	1	NA	NA	NA	unphased	0.742268041237113	0.742268041237113	1
15	90801384	90801385	199	22	3	2	1	1	NA	NA	NA	unphased	0.895927601809955	0.895927601809955	1
15	91432604	91432605	67	8	3	2	1	1	NA	NA	NA	unphased	0.96	0.96	1
15	101719143	101719144	35	5	3	2	1	1	NA	NA	NA	unphased	1.125	1.125	1
16	111420	111421	48	6	6	4	2	1	NA	NA	NA	unphased	1.33333333333333	1.33333333333333	1
16	456349	456350	57	13	6	4	2	1	NA	NA	NA	unphased	2.22857142857143	1.11428571428571	2
16	1250457	1250458	43	7	6	4	2	1	NA	NA	NA	unphased	1.68	1.68	1
16	1250560	1250561	54	5	6	4	2	1	NA	NA	NA	unphased	1.01694915254237	1.01694915254237	1
16	1279734	1279735	32	8	6	4	2	1	NA	NA	NA	unphased	2.4	0.8	3
16	1279735	1279736	32	8	6	4	2	1	NA	NA	NA	unphased	2.4	0.8	3
16	1291155	1291156	35	6	6	4	2	1	NA	NA	NA	unphased	1.75609756097561	1.75609756097561	1
16	1291156	1291157	34	6	6	4	2	1	NA	NA	NA	unphased	1.8	1.8	1
16	1816097	1816098	45	12	6	4	2	1	NA	NA	NA	unphased	2.52631578947368	0.842105263157895	3
16	1827142	1827143	75	15	6	4	2	1	NA	NA	NA	unphased	2	1	2
16	2162447	2162448	18	5	6	4	2	1	NA	NA	NA	unphased	2.60869565217391	0.869565217391304	3
16	2237001	2237002	75	47	6	4	2	1	NA	NA	NA	unphased	4.62295081967213	1.15573770491803	4
16	2373457	2373458	224	38	6	4	2	1	NA	NA	NA	unphased	1.74045801526718	0.870229007633588	2
16	2983574	2983575	38	3	6	4	2	1	NA	NA	NA	unphased	0.878048780487805	0.878048780487805	1
16	3100389	3100390	64	11	6	4	2	1	NA	NA	NA	unphased	1.76	0.88	2
16	3640559	3640560	127	20	6	4	2	1	NA	NA	NA	unphased	1.63265306122449	0.816326530612245	2
16	3640875	3640876	167	11	6	4	2	1	NA	NA	NA	unphased	0.741573033707865	0.741573033707865	1
16	3831291	3831292	39	4	6	4	2	1	NA	NA	NA	unphased	1.11627906976744	1.11627906976744	1
16	4500478	4500479	14	3	6	4	2	1	NA	NA	NA	unphased	2.11764705882353	2.11764705882353	1
16	4911084	4911085	43	8	6	4	2	1	NA	NA	NA	unphased	1.88235294117647	0.941176470588235	2
16	4934390	4934391	129	27	6	4	2	1	NA	NA	NA	unphased	2.07692307692308	1.03846153846154	2
16	8866747	8866748	83	6	6	4	2	1	NA	NA	NA	unphased	0.808988764044944	0.808988764044944	1
16	8949173	8949174	61	14	6	4	2	1	NA	NA	NA	unphased	2.24	1.12	2
16	15208338	15208339	95	19	6	4	2	1	NA	NA	NA	unphased	2	1	2
16	18795988	18795989	60	15	4	2	2	1	NA	NA	NA	unphased	2	1	2
16	20043688	20043689	123	26	4	2	2	1	NA	NA	NA	unphased	1.74496644295302	0.87248322147651	2
16	20334219	20334220	53	7	4	2	2	1	NA	NA	NA	unphased	1.16666666666667	1.16666666666667	1
16	20487006	20487007	250	35	4	2	2	1	NA	NA	NA	unphased	1.2280701754386	1.2280701754386	1
16	21042405	21042406	81	14	4	2	2	1	NA	NA	NA	unphased	1.47368421052632	1.47368421052632	1
16	21712307	21712308	48	22	4	2	2	1	NA	NA	NA	unphased	3.14285714285714	1.57142857142857	2
16	23546228	23546229	27	4	4	2	2	1	NA	NA	NA	unphased	1.29032258064516	1.29032258064516	1
16	23641669	23641670	71	12	4	2	2	1	NA	NA	NA	unphased	1.44578313253012	1.44578313253012	1
16	23702674	23702675	33	11	4	2	2	1	NA	NA	NA	unphased	2.5	1.25	2
16	23769034	23769035	17	8	4	2	2	1	NA	NA	NA	unphased	3.2	1.6	2
16	24567010	24567011	95	15	4	2	2	1	NA	NA	NA	unphased	1.36363636363636	1.36363636363636	1
16	25238509	25238510	63	14	4	2	2	1	NA	NA	NA	unphased	1.81818181818182	0.909090909090909	2
16	25251952	25251953	92	14	4	2	2	1	NA	NA	NA	unphased	1.32075471698113	1.32075471698113	1
16	27454286	27454287	136	36	4	2	2	1	NA	NA	NA	unphased	2.09302325581395	1.04651162790698	2
16	27481436	27481437	179	43	4	2	2	1	NA	NA	NA	unphased	1.93693693693694	0.968468468468468	2
16	29990326	29990327	167	16	4	2	2	1	NA	NA	NA	unphased	0.87431693989071	0.87431693989071	1
16	29994919	29994920	416	109	4	2	2	1	NA	NA	NA	unphased	2.07619047619048	1.03809523809524	2
16	29998976	29998977	78	20	4	2	2	1	NA	NA	NA	unphased	2.04081632653061	1.02040816326531	2
16	31154669	31154670	93	20	4	2	2	1	NA	NA	NA	unphased	1.76991150442478	0.884955752212389	2
16	31473802	31473803	35	11	4	2	2	1	NA	NA	NA	unphased	2.39130434782609	1.19565217391304	2
16	31484835	31484836	60	15	4	2	2	1	NA	NA	NA	unphased	2	1	2
16	46782068	46782069	39	11	4	2	2	1	NA	NA	NA	unphased	2.2	1.1	2
16	49559342	49559343	60	4	4	2	2	1	NA	NA	NA	unphased	0.625	0.625	1
16	51174208	51174209	78	6	4	2	2	1	NA	NA	NA	unphased	0.714285714285714	0.714285714285714	1
16	55539443	55539444	17	7	4	2	2	1	NA	NA	NA	unphased	2.91666666666667	1.45833333333333	2
16	56701236	56701237	61	14	4	2	2	1	NA	NA	NA	unphased	1.86666666666667	0.933333333333333	2
16	56868086	56868087	130	35	4	2	2	1	NA	NA	NA	unphased	2.12121212121212	1.06060606060606	2
16	57486774	57486775	96	24	4	2	2	1	NA	NA	NA	unphased	2	1	2
16	57998442	57998443	43	5	4	2	2	1	NA	NA	NA	unphased	1.04166666666667	1.04166666666667	1
16	61687566	61687567	74	19	4	2	2	1	NA	NA	NA	unphased	2.04301075268817	1.02150537634409	2
16	67236430	67236431	96	27	4	2	2	1	NA	NA	NA	unphased	2.19512195121951	1.09756097560976	2
16	67319110	67319111	61	5	4	2	2	1	NA	NA	NA	unphased	0.757575757575758	0.757575757575758	1
16	67917625	67917626	181	41	4	2	2	1	NA	NA	NA	unphased	1.84684684684685	0.923423423423423	2
16	67965099	67965100	34	13	4	2	2	1	NA	NA	NA	unphased	2.76595744680851	1.38297872340426	2
16	69364997	69364998	36	5	4	2	2	1	NA	NA	NA	unphased	1.21951219512195	1.21951219512195	1
16	72110412	72110413	55	25	2	2	0	1	NA	NA	NA	unphased	2.5	1.25	2
16	72198791	72198792	53	11	2	2	0	1	NA	NA	NA	unphased	1.375	1.375	1
16	74942823	74942824	52	16	2	2	0	1	NA	NA	NA	unphased	1.88235294117647	0.941176470588235	2
16	82182359	82182360	101	11	2	2	0	1	NA	NA	NA	unphased	0.785714285714286	0.785714285714286	1
16	83999178	83999179	44	12	2	2	0	1	NA	NA	NA	unphased	1.71428571428571	0.857142857142857	2
16	84212560	84212561	32	15	2	2	0	1	NA	NA	NA	unphased	2.5531914893617	1.27659574468085	2
16	84691284	84691285	34	12	2	2	0	1	NA	NA	NA	unphased	2.08695652173913	1.04347826086957	2
16	88952472	88952473	9	3	2	2	0	1	NA	NA	NA	unphased	2	2	1
17	3635675	3635676	88	20	2	1	1	0.53	1	1	0.47	unphased	1.48148148148148	1.48148148148148	1
17	4461258	4461259	12	3	2	1	1	0.53	1	1	0.47	unphased	1.6	1.6	1
17	4621235	4621236	33	8	2	1	1	0.53	1	1	0.47	unphased	1.5609756097561	1.5609756097561	1
17	4624300	4624301	149	17	2	1	1	0.53	1	1	0.47	unphased	0.819277108433735	0.819277108433735	1
17	5042416	5042417	29	14	2	1	1	0.53	1	1	0.47	unphased	2.6046511627907	2.6046511627907	1
17	6590909	6590910	97	20	2	1	1	0.53	1	1	0.47	unphased	1.36752136752137	1.36752136752137	1
17	7161909	7161910	162	20	2	1	1	0.53	1	1	0.47	unphased	0.879120879120879	0.879120879120879	1
17	7365425	7365426	237	54	2	1	1	0.53	1	1	0.47	unphased	1.48453608247423	1.48453608247423	1
17	7796625	7796626	22	7	2	1	1	0.53	1	1	0.47	unphased	1.93103448275862	1.93103448275862	1
17	8135235	8135236	155	22	2	1	1	0.53	1	1	0.47	unphased	0.994350282485876	0.994350282485876	1
17	8384695	8384696	53	9	2	1	1	0.53	1	1	0.47	unphased	1.16129032258065	1.16129032258065	1
17	9885171	9885172	87	24	2	1	1	0.53	1	1	0.47	unphased	1.72972972972973	1.72972972972973	1
17	10322276	10322277	127	20	2	1	1	0.53	1	1	0.47	unphased	1.08843537414966	1.08843537414966	1
17	10368003	10368004	45	4	2	1	1	0.53	1	1	0.47	unphased	0.653061224489796	0.653061224489796	1
17	10409178	10409179	73	10	2	1	1	0.53	1	1	0.47	unphased	0.963855421686747	0.963855421686747	1
17	10419386	10419387	125	23	2	1	1	0.53	1	1	0.47	unphased	1.24324324324324	1.24324324324324	1
17	10728645	10728646	93	14	2	1	1	0.53	1	1	0.47	unphased	1.04672897196262	1.04672897196262	1
17	12888089	12888090	46	4	2	1	1	0.53	1	1	0.47	unphased	0.64	0.64	1
17	13980263	13980264	75	11	2	1	1	0.53	1	1	0.47	unphased	1.02325581395349	1.02325581395349	1
17	15935608	15935609	26	4	2	1	1	0.53	1	1	0.47	unphased	1.06666666666667	1.06666666666667	1
17	16526152	16526153	130	13	2	1	1	0.53	1	1	0.47	unphased	0.727272727272727	0.727272727272727	1
17	18137460	18137461	19	4	2	1	1	0.53	1	1	0.47	unphased	1.39130434782609	1.39130434782609	1
17	18139955	18139956	68	12	2	1	1	0.53	1	1	0.47	unphased	1.2	1.2	1
17	18155795	18155796	60	13	2	1	1	0.53	1	1	0.47	unphased	1.42465753424658	1.42465753424658	1
17	18882018	18882019	127	13	4	2	2	1	NA	NA	NA	unphased	0.928571428571429	0.928571428571429	1
17	19318605	19318606	23	3	2.36	2	1	0.36	1	1	0.64	unphased	0.964615384615385	0.964615384615385	1
17	19845161	19845162	26	13	2.36	2	1	0.36	1	1	0.64	unphased	2.78666666666667	2.04901960784314	1.36
17	21318722	21318723	54	5	2.36	2	1	0.36	1	1	0.64	unphased	0.708474576271186	0.708474576271186	1
17	21319079	21319080	64	5	2.36	2	1	0.36	1	1	0.64	unphased	0.605797101449275	0.605797101449275	1
17	25639399	25639400	194	51	2.36	2	1	0.36	1	1	0.64	unphased	1.74024489795918	1.27959183673469	1.36
17	27085554	27085555	61	8	2.84	2	2	0.42	1	1	0.58	unphased	1.02492753623188	1.02492753623188	1
17	28445170	28445171	109	9	2.84	2	2	0.42	1	1	0.58	unphased	0.674237288135593	0.674237288135593	1
17	30183822	30183823	421	93	2.84	2	2	0.42	1	1	0.58	unphased	1.59945525291829	1.12637693867485	1.42
17	34964955	34964956	23	3	2.84	2	2	0.42	1	1	0.58	unphased	1.02	1.02	1
17	36520737	36520738	64	6	2.84	2	2	0.42	1	1	0.58	unphased	0.757714285714286	0.757714285714286	1
17	36864104	36864105	12	7	2.84	2	2	0.42	1	1	0.58	unphased	3.25684210526316	2.29355077835434	1.42
17	37188606	37188607	138	17	2.84	2	2	0.42	1	1	0.58	unphased	0.969548387096774	0.969548387096774	1
17	38922702	38922703	28	5	2.84	2	2	0.42	1	1	0.58	unphased	1.33939393939394	1.33939393939394	1
17	39114808	39114809	115	7	2.84	2	2	0.42	1	1	0.58	unphased	0.507213114754098	1.20765027322404	0.42
17	39155695	39155696	17	5	2.84	2	2	0.42	1	1	0.58	unphased	2.00909090909091	2.00909090909091	1
17	39767352	39767353	183	37	2.3	2	1	0.3	1	1	0.7	unphased	1.39590909090909	1.07377622377622	1.3
17	39880918	39880919	90	19	2.3	2	1	0.3	1	1	0.7	unphased	1.44678899082569	1.44678899082569	1
17	40706833	40706834	17	3	2.3	2	1	0.3	1	1	0.7	unphased	1.245	1.245	1
17	40843309	40843310	112	17	2.3	2	1	0.3	1	1	0.7	unphased	1.0937984496124	1.0937984496124	1
17	42084748	42084749	39	6	2.3	2	1	0.3	1	1	0.7	unphased	1.10666666666667	1.10666666666667	1
17	44096026	44096027	168	11	2.3	2	1	0.3	1	1	0.7	unphased	0.510055865921788	0.510055865921788	1
17	44171960	44171961	90	14	2.3	2	1	0.3	1	1	0.7	unphased	1.11730769230769	1.11730769230769	1
17	45822715	45822716	55	8	2.88	2	2	0.44	1	1	0.56	unphased	1.12761904761905	1.12761904761905	1
17	47875696	47875697	64	5	2.88	2	2	0.44	1	1	0.56	unphased	0.643478260869565	0.643478260869565	1
17	48156230	48156231	107	23	2.88	2	2	0.44	1	1	0.56	unphased	1.57107692307692	1.09102564102564	1.44
17	48433334	48433335	47	4	2.88	2	2	0.44	1	1	0.56	unphased	0.696470588235294	0.696470588235294	1
17	48753300	48753301	55	7	2.88	2	2	0.44	1	1	0.56	unphased	1.00258064516129	1.00258064516129	1
17	51900841	51900842	102	16	2.88	2	2	0.44	1	1	0.56	unphased	1.20406779661017	1.20406779661017	1
17	55956980	55956981	68	9	2.88	2	2	0.44	1	1	0.56	unphased	1.03792207792208	1.03792207792208	1
17	56659036	56659037	82	14	2.88	2	2	0.44	1	1	0.56	unphased	1.295	1.295	1
17	56659048	56659049	91	15	2.88	2	2	0.44	1	1	0.56	unphased	1.25660377358491	1.25660377358491	1
17	56659054	56659055	91	15	2.88	2	2	0.44	1	1	0.56	unphased	1.25660377358491	1.25660377358491	1
17	58011873	58011874	34	6	2.88	2	2	0.44	1	1	0.56	unphased	1.332	1.332	1
17	59115353	59115354	129	25	2.88	2	2	0.44	1	1	0.56	unphased	1.44155844155844	1.00108225108225	1.44
17	59557521	59557522	127	14	2.88	2	2	0.44	1	1	0.56	unphased	0.881702127659574	0.881702127659574	1
17	60799893	60799894	28	3	2.88	2	2	0.44	1	1	0.56	unphased	0.859354838709677	0.859354838709677	1
17	62034785	62034786	38	9	2.88	2	2	0.44	1	1	0.56	unphased	1.70042553191489	1.70042553191489	1
17	65907072	65907073	44	9	2.88	2	2	0.44	1	1	0.56	unphased	1.50792452830189	1.50792452830189	1
17	65907695	65907696	95	16	2.88	2	2	0.44	1	1	0.56	unphased	1.28	1.28	1
17	65955972	65955973	61	4	2.88	2	2	0.44	1	1	0.56	unphased	0.546461538461538	0.546461538461538	1
17	66533670	66533671	25	4	2.88	2	2	0.44	1	1	0.56	unphased	1.2248275862069	1.2248275862069	1
17	67136822	67136823	65	5	2.88	2	2	0.44	1	1	0.56	unphased	0.634285714285714	0.634285714285714	1
17	72470011	72470012	62	16	2.88	2	2	0.44	1	1	0.56	unphased	1.82153846153846	1.26495726495726	1.44
17	72694572	72694573	40	6	2.88	2	2	0.44	1	1	0.56	unphased	1.15826086956522	1.15826086956522	1
17	73228041	73228042	40	7	2.88	2	2	0.44	1	1	0.56	unphased	1.32255319148936	1.32255319148936	1
17	73780836	73780837	25	5	2.88	2	2	0.44	1	1	0.56	unphased	1.48	1.48	1
17	74084854	74084855	103	16	2.88	2	2	0.44	1	1	0.56	unphased	1.19394957983193	1.19394957983193	1
17	76567819	76567820	70	15	2.88	2	2	0.44	1	1	0.56	unphased	1.56705882352941	1.08823529411765	1.44
17	77710988	77710989	38	12	2.88	2	2	0.44	1	1	0.56	unphased	2.1312	1.48	1.44
17	77808391	77808392	18	6	2.88	2	2	0.44	1	1	0.56	unphased	2.22	1.54166666666667	1.44
17	78063584	78063585	68	13	2.88	2	2	0.44	1	1	0.56	unphased	1.42518518518518	1.42518518518518	1
17	78079592	78079593	41	10	2.88	2	2	0.44	1	1	0.56	unphased	1.74117647058824	1.20915032679739	1.44
17	78221996	78221997	15	4	2.88	2	2	0.44	1	1	0.56	unphased	1.86947368421053	1.86947368421053	1
17	78319599	78319600	118	16	2.88	2	2	0.44	1	1	0.56	unphased	1.06029850746269	1.06029850746269	1
17	79173300	79173301	10	4	2.88	2	2	0.44	1	1	0.56	unphased	2.53714285714286	2.53714285714286	1
17	79479368	79479369	101	36	2.88	2	2	0.44	1	1	0.56	unphased	2.33343065693431	1.62043795620438	1.44
17	79512906	79512907	22	5	2.88	2	2	0.44	1	1	0.56	unphased	1.64444444444444	1.64444444444444	1
17	79682016	79682017	38	8	2.88	2	2	0.44	1	1	0.56	unphased	1.54434782608696	1.54434782608696	1
17	80352266	80352267	218	48	2.88	2	2	0.44	1	1	0.56	unphased	1.60240601503759	1.11278195488722	1.44
17	80402373	80402374	70	16	2.88	2	2	0.44	1	1	0.56	unphased	1.65209302325581	1.14728682170543	1.44
18	580763	580764	67	8	4	2	2	1	NA	NA	NA	unphased	1.06666666666667	1.06666666666667	1
18	6986273	6986274	86	18	4	2	2	1	NA	NA	NA	unphased	1.73076923076923	0.865384615384615	2
18	8718560	8718561	83	15	4	2	2	1	NA	NA	NA	unphased	1.53061224489796	1.53061224489796	1
18	9516868	9516869	78	10	4	2	2	1	NA	NA	NA	unphased	1.13636363636364	1.13636363636364	1
18	13645225	13645226	101	29	4	2	2	1	NA	NA	NA	unphased	2.23076923076923	1.11538461538462	2
18	21739515	21739516	75	15	4	2	2	1	NA	NA	NA	unphased	1.66666666666667	0.833333333333333	2
18	22804641	22804642	80	10	4	2	2	1	NA	NA	NA	unphased	1.11111111111111	1.11111111111111	1
18	28914164	28914165	56	12	4	2	2	1	NA	NA	NA	unphased	1.76470588235294	0.882352941176471	2
18	28993609	28993610	47	13	4	2	2	1	NA	NA	NA	unphased	2.16666666666667	1.08333333333333	2
18	29055682	29055683	60	14	4	2	2	1	NA	NA	NA	unphased	1.89189189189189	0.945945945945946	2
18	30977139	30977140	60	9	4	2	2	1	NA	NA	NA	unphased	1.30434782608696	1.30434782608696	1
18	31326341	31326342	118	17	4	2	2	1	NA	NA	NA	unphased	1.25925925925926	1.25925925925926	1
18	44560033	44560034	92	21	4	2	2	1	NA	NA	NA	unphased	1.85840707964602	0.929203539823009	2
18	44560255	44560256	124	22	4	2	2	1	NA	NA	NA	unphased	1.50684931506849	0.753424657534246	2
18	47361760	47361761	73	22	4	2	2	1	NA	NA	NA	unphased	2.31578947368421	1.15789473684211	2
18	47373649	47373650	25	10	4	2	2	1	NA	NA	NA	unphased	2.85714285714286	1.42857142857143	2
18	47809066	47809067	96	12	4	2	2	1	NA	NA	NA	unphased	1.11111111111111	1.11111111111111	1
18	47917648	47917649	83	15	4	2	2	1	NA	NA	NA	unphased	1.53061224489796	1.53061224489796	1
18	48473655	48473656	26	6	4	2	2	1	NA	NA	NA	unphased	1.875	1.875	1
18	48573372	48573373	28	5	4	2	2	1	NA	NA	NA	unphased	1.51515151515152	1.51515151515152	1
18	52265361	52265362	94	17	4	2	2	1	NA	NA	NA	unphased	1.53153153153153	0.765765765765766	2
18	56205030	56205031	103	27	4	2	2	1	NA	NA	NA	unphased	2.07692307692308	1.03846153846154	2
18	59212337	59212338	118	11	4	2	2	1	NA	NA	NA	unphased	0.852713178294574	0.852713178294574	1
18	63530047	63530048	48	9	4	2	2	1	NA	NA	NA	unphased	1.57894736842105	1.57894736842105	1
18	64176480	64176481	36	9	4	2	2	1	NA	NA	NA	unphased	2	1	2
18	71797721	71797722	64	18	4	2	2	1	NA	NA	NA	unphased	2.19512195121951	1.09756097560976	2
18	76753581	76753582	11	5	4	2	2	1	NA	NA	NA	unphased	3.125	1.5625	2
18	77473099	77473100	46	11	4	2	2	1	NA	NA	NA	unphased	1.92982456140351	0.964912280701754	2
18	77896435	77896436	52	13	4	2	2	1	NA	NA	NA	unphased	2	1	2
19	1223130	1223131	15	6	4	2	2	1	NA	NA	NA	unphased	2.85714285714286	1.42857142857143	2
19	1506028	1506029	14	4	4	2	2	1	NA	NA	NA	unphased	2.22222222222222	2.22222222222222	1
19	1818717	1818718	44	8	4	2	2	1	NA	NA	NA	unphased	1.53846153846154	1.53846153846154	1
19	2222508	2222509	26	8	4	2	2	1	NA	NA	NA	unphased	2.35294117647059	1.17647058823529	2
19	2227083	2227084	10	4	4	2	2	1	NA	NA	NA	unphased	2.85714285714286	1.42857142857143	2
19	2432466	2432467	100	18	4	2	2	1	NA	NA	NA	unphased	1.52542372881356	0.76271186440678	2
19	3595671	3595672	5	3	4	2	2	1	NA	NA	NA	unphased	3.75	1.875	2
19	3746677	3746678	15	3	4	2	2	1	NA	NA	NA	unphased	1.66666666666667	1.66666666666667	1
19	3982311	3982312	60	15	4	2	2	1	NA	NA	NA	unphased	2	1	2
19	4431957	4431958	125	14	4	2	2	1	NA	NA	NA	unphased	1.00719424460432	1.00719424460432	1
19	4513301	4513302	164	26	4	2	2	1	NA	NA	NA	unphased	1.36842105263158	1.36842105263158	1
19	4550270	4550271	56	8	4	2	2	1	NA	NA	NA	unphased	1.25	1.25	1
19	5077463	5077464	134	38	4	2	2	1	NA	NA	NA	unphased	2.2093023255814	1.1046511627907	2
19	5456226	5456227	64	8	4	2	2	1	NA	NA	NA	unphased	1.11111111111111	1.11111111111111	1
19	5789317	5789318	19	6	4	2	2	1	NA	NA	NA	unphased	2.4	1.2	2
19	5789318	5789319	19	6	4	2	2	1	NA	NA	NA	unphased	2.4	1.2	2
19	6212979	6212980	42	7	4	2	2	1	NA	NA	NA	unphased	1.42857142857143	1.42857142857143	1
19	6262267	6262268	56	11	4	2	2	1	NA	NA	NA	unphased	1.64179104477612	1.64179104477612	1
19	6306729	6306730	53	14	4	2	2	1	NA	NA	NA	unphased	2.08955223880597	1.04477611940298	2
19	6432076	6432077	51	10	4	2	2	1	NA	NA	NA	unphased	1.63934426229508	1.63934426229508	1
19	7531953	7531954	112	32	4	2	2	1	NA	NA	NA	unphased	2.22222222222222	1.11111111111111	2
19	7690785	7690786	53	12	4	2	2	1	NA	NA	NA	unphased	1.84615384615385	0.923076923076923	2
19	7808048	7808049	261	64	4	2	2	1	NA	NA	NA	unphased	1.96923076923077	0.984615384615385	2
19	7830593	7830594	120	34	4	2	2	1	NA	NA	NA	unphased	2.20779220779221	1.1038961038961	2
19	9046720	9046721	131	43	4	2	2	1	NA	NA	NA	unphased	2.47126436781609	1.23563218390805	2
19	9073567	9073568	81	7	4	2	2	1	NA	NA	NA	unphased	0.795454545454545	0.795454545454545	1
19	9076436	9076437	104	16	4	2	2	1	NA	NA	NA	unphased	1.33333333333333	1.33333333333333	1
19	9362420	9362421	29	3	4	2	2	1	NA	NA	NA	unphased	0.9375	0.9375	1
19	9965292	9965293	66	10	4	2	2	1	NA	NA	NA	unphased	1.31578947368421	1.31578947368421	1
19	10089888	10089889	50	11	4	2	2	1	NA	NA	NA	unphased	1.80327868852459	0.901639344262295	2
19	10224817	10224818	43	5	4	2	2	1	NA	NA	NA	unphased	1.04166666666667	1.04166666666667	1
19	10381831	10381832	15	5	4	2	2	1	NA	NA	NA	unphased	2.5	1.25	2
19	11221368	11221369	58	18	4	2	2	1	NA	NA	NA	unphased	2.36842105263158	1.18421052631579	2
19	11258791	11258792	17	5	4	2	2	1	NA	NA	NA	unphased	2.27272727272727	2.27272727272727	1
19	11492776	11492777	34	16	4	2	2	1	NA	NA	NA	unphased	3.2	1.6	2
19	11944477	11944478	34	3	4	2	2	1	NA	NA	NA	unphased	0.810810810810811	0.810810810810811	1
19	12222350	12222351	9	4	4	2	2	1	NA	NA	NA	unphased	3.07692307692308	1.53846153846154	2
19	12358826	12358827	12	4	4	2	2	1	NA	NA	NA	unphased	2.5	2.5	1
19	12918073	12918074	139	12	4	2	2	1	NA	NA	NA	unphased	0.794701986754967	0.794701986754967	1
19	12976218	12976219	109	30	4	2	2	1	NA	NA	NA	unphased	2.15827338129496	1.07913669064748	2
19	14508933	14508934	52	20	4	2	2	1	NA	NA	NA	unphased	2.77777777777778	1.38888888888889	2
19	15079158	15079159	22	5	4	2	2	1	NA	NA	NA	unphased	1.85185185185185	1.85185185185185	1
19	15734145	15734146	91	21	4	2	2	1	NA	NA	NA	unphased	1.875	0.9375	2
19	16038019	16038020	74	10	4	2	2	1	NA	NA	NA	unphased	1.19047619047619	1.19047619047619	1
19	16515464	16515465	61	8	4	2	2	1	NA	NA	NA	unphased	1.15942028985507	1.15942028985507	1
19	17013616	17013617	142	26	4	2	2	1	NA	NA	NA	unphased	1.54761904761905	0.773809523809524	2
19	17441756	17441757	226	22	4	2	2	1	NA	NA	NA	unphased	0.887096774193548	0.887096774193548	1
19	18260411	18260412	27	3	4	2	2	1	NA	NA	NA	unphased	1	1	1
19	18778619	18778620	91	6	4	2	2	1	NA	NA	NA	unphased	0.618556701030928	0.618556701030928	1
19	19043761	19043762	43	15	4	2	2	1	NA	NA	NA	unphased	2.58620689655172	1.29310344827586	2
19	19655557	19655558	22	7	4	2	2	1	NA	NA	NA	unphased	2.41379310344828	1.20689655172414	2
19	19766206	19766207	46	4	4	2	2	1	NA	NA	NA	unphased	0.8	0.8	1
19	21300182	21300183	62	10	4	2	2	1	NA	NA	NA	unphased	1.38888888888889	1.38888888888889	1
19	21719122	21719123	50	4	4	2	2	1	NA	NA	NA	unphased	0.740740740740741	0.740740740740741	1
19	21991862	21991863	75	6	4	2	2	1	NA	NA	NA	unphased	0.740740740740741	0.740740740740741	1
19	22605105	22605106	52	10	4	2	2	1	NA	NA	NA	unphased	1.61290322580645	1.61290322580645	1
19	22784159	22784160	9	3	4	2	2	1	NA	NA	NA	unphased	2.5	2.5	1
19	22941437	22941438	42	10	4	2	2	1	NA	NA	NA	unphased	1.92307692307692	0.961538461538462	2
19	30314758	30314759	28	9	4	2	2	1	NA	NA	NA	unphased	2.43243243243243	1.21621621621622	2
19	30505874	30505875	133	33	4	2	2	1	NA	NA	NA	unphased	1.98795180722892	0.993975903614458	2
19	30934612	30934613	101	29	4	2	2	1	NA	NA	NA	unphased	2.23076923076923	1.11538461538462	2
19	30934613	30934614	97	30	4	2	2	1	NA	NA	NA	unphased	2.36220472440945	1.18110236220472	2
19	33113433	33113434	200	33	4	2	2	1	NA	NA	NA	unphased	1.41630901287554	0.708154506437768	2
19	35512614	35512615	80	5	4	2	2	1	NA	NA	NA	unphased	0.588235294117647	0.588235294117647	1
19	36050967	36050968	63	5	4	2	2	1	NA	NA	NA	unphased	0.735294117647059	0.735294117647059	1
19	36352499	36352500	174	42	4	2	2	1	NA	NA	NA	unphased	1.94444444444444	0.972222222222222	2
19	36398430	36398431	52	4	4	2	2	1	NA	NA	NA	unphased	0.714285714285714	0.714285714285714	1
19	36674504	36674505	225	11	4	2	2	1	NA	NA	NA	unphased	0.466101694915254	0.466101694915254	1
19	38817628	38817629	85	15	4	2	2	1	NA	NA	NA	unphased	1.5	1.5	1
19	38845463	38845464	182	33	4	2	2	1	NA	NA	NA	unphased	1.53488372093023	0.767441860465116	2
19	38845473	38845474	172	31	4	2	2	1	NA	NA	NA	unphased	1.52709359605911	0.763546798029557	2
19	38981296	38981297	88	7	4	2	2	1	NA	NA	NA	unphased	0.736842105263158	0.736842105263158	1
19	39575752	39575753	18	5	4	2	2	1	NA	NA	NA	unphased	2.17391304347826	2.17391304347826	1
19	39663959	39663960	8	7	4	2	2	1	NA	NA	NA	unphased	4.66666666666667	2.33333333333333	2
19	39962242	39962243	51	17	4	2	2	1	NA	NA	NA	unphased	2.5	1.25	2
19	40363059	40363060	33	10	4	2	2	1	NA	NA	NA	unphased	2.32558139534884	1.16279069767442	2
19	40363171	40363172	40	12	4	2	2	1	NA	NA	NA	unphased	2.30769230769231	1.15384615384615	2
19	40419849	40419850	71	15	4	2	2	1	NA	NA	NA	unphased	1.74418604651163	0.872093023255814	2
19	41597672	41597673	60	10	4	2	2	1	NA	NA	NA	unphased	1.42857142857143	1.42857142857143	1
19	42489230	42489231	36	11	4	2	2	1	NA	NA	NA	unphased	2.34042553191489	1.17021276595745	2
19	42489289	42489290	27	5	4	2	2	1	NA	NA	NA	unphased	1.5625	1.5625	1
19	42566968	42566969	73	6	4	2	2	1	NA	NA	NA	unphased	0.759493670886076	0.759493670886076	1
19	42753390	42753391	11	6	4	2	2	1	NA	NA	NA	unphased	3.52941176470588	1.76470588235294	2
19	42821934	42821935	77	17	4	2	2	1	NA	NA	NA	unphased	1.80851063829787	0.904255319148936	2
19	43269749	43269750	79	14	4	2	2	1	NA	NA	NA	unphased	1.50537634408602	1.50537634408602	1
19	43528954	43528955	148	84	NA	NA	NA	NA	NA	NA	NA	unphased	NA	NA	1
19	44536665	44536666	236	48	4	2	2	1	NA	NA	NA	unphased	1.69014084507042	0.845070422535211	2
19	44681714	44681715	60	14	4	2	2	1	NA	NA	NA	unphased	1.89189189189189	0.945945945945946	2
19	44738937	44738938	84	24	4	2	2	1	NA	NA	NA	unphased	2.22222222222222	1.11111111111111	2
19	45260648	45260649	18	3	4	2	2	1	NA	NA	NA	unphased	1.42857142857143	1.42857142857143	1
19	46094047	46094048	42	11	4	2	2	1	NA	NA	NA	unphased	2.07547169811321	1.0377358490566	2
19	46195199	46195200	127	47	4	2	2	1	NA	NA	NA	unphased	2.70114942528736	1.35057471264368	2
19	46352036	46352037	83	8	4	2	2	1	NA	NA	NA	unphased	0.879120879120879	0.879120879120879	1
19	47207624	47207625	124	20	4	2	2	1	NA	NA	NA	unphased	1.38888888888889	1.38888888888889	1
19	47775019	47775020	11	5	4	2	2	1	NA	NA	NA	unphased	3.125	1.5625	2
19	47884518	47884519	72	18	4	2	2	1	NA	NA	NA	unphased	2	1	2
19	48342972	48342973	174	35	4	2	2	1	NA	NA	NA	unphased	1.67464114832536	0.837320574162679	2
19	49416365	49416366	88	28	4	2	2	1	NA	NA	NA	unphased	2.41379310344828	1.20689655172414	2
19	49519560	49519561	105	6	4	2	2	1	NA	NA	NA	unphased	0.540540540540541	0.540540540540541	1
19	49565008	49565009	15	6	4	2	2	1	NA	NA	NA	unphased	2.85714285714286	1.42857142857143	2
19	49621639	49621640	186	43	4	2	2	1	NA	NA	NA	unphased	1.87772925764192	0.938864628820961	2
19	50157970	50157971	130	14	4	2	2	1	NA	NA	NA	unphased	0.972222222222222	0.972222222222222	1
19	50360276	50360277	186	44	4	2	2	1	NA	NA	NA	unphased	1.91304347826087	0.956521739130435	2
19	50730195	50730196	69	7	4	2	2	1	NA	NA	NA	unphased	0.921052631578947	0.921052631578947	1
19	50905060	50905061	74	9	4	2	2	1	NA	NA	NA	unphased	1.08433734939759	1.08433734939759	1
19	51452335	51452336	100	21	4	2	2	1	NA	NA	NA	unphased	1.73553719008264	0.867768595041322	2
19	51532653	51532654	92	21	4	2	2	1	NA	NA	NA	unphased	1.85840707964602	0.929203539823009	2
19	51728597	51728598	123	31	4	2	2	1	NA	NA	NA	unphased	2.01298701298701	1.00649350649351	2
19	51919306	51919307	28	6	4	2	2	1	NA	NA	NA	unphased	1.76470588235294	1.76470588235294	1
19	52505472	52505473	202	35	4	2	2	1	NA	NA	NA	unphased	1.47679324894515	0.738396624472574	2
19	52709291	52709292	80	5	4	2	2	1	NA	NA	NA	unphased	0.588235294117647	0.588235294117647	1
19	53117855	53117856	26	4	4	2	2	1	NA	NA	NA	unphased	1.33333333333333	1.33333333333333	1
19	53270801	53270802	272	57	4	2	2	1	NA	NA	NA	unphased	1.73252279635258	0.866261398176292	2
19	53884867	53884868	62	22	4	2	2	1	NA	NA	NA	unphased	2.61904761904762	1.30952380952381	2
19	54965620	54965621	56	10	4	2	2	1	NA	NA	NA	unphased	1.51515151515152	1.51515151515152	1
19	55087349	55087350	80	14	4	2	2	1	NA	NA	NA	unphased	1.48936170212766	1.48936170212766	1
19	55176297	55176298	30	6	4	2	2	1	NA	NA	NA	unphased	1.66666666666667	1.66666666666667	1
19	55247295	55247296	156	23	4	2	2	1	NA	NA	NA	unphased	1.28491620111732	1.28491620111732	1
19	55494391	55494392	31	11	4	2	2	1	NA	NA	NA	unphased	2.61904761904762	1.30952380952381	2
19	55502028	55502029	78	9	4	2	2	1	NA	NA	NA	unphased	1.03448275862069	1.03448275862069	1
19	56701358	56701359	53	11	4	2	2	1	NA	NA	NA	unphased	1.71875	0.859375	2
19	57134041	57134042	61	7	4	2	2	1	NA	NA	NA	unphased	1.02941176470588	1.02941176470588	1
19	57647047	57647048	182	42	4	2	2	1	NA	NA	NA	unphased	1.875	0.9375	2
19	58572945	58572946	63	11	4	2	2	1	NA	NA	NA	unphased	1.48648648648649	1.48648648648649	1
19	58863776	58863777	181	10	4	2	2	1	NA	NA	NA	unphased	0.523560209424084	0.523560209424084	1
19	58863966	58863967	62	8	4	2	2	1	NA	NA	NA	unphased	1.14285714285714	1.14285714285714	1
19	59028439	59028440	235	12	4	2	2	1	NA	NA	NA	unphased	0.48582995951417	0.48582995951417	1
19	59059659	59059660	104	23	4	2	2	1	NA	NA	NA	unphased	1.81102362204724	0.905511811023622	2
2	9013369	9013370	42	12	4	2	2	1	NA	NA	NA	unphased	2.22222222222222	1.11111111111111	2
2	11802127	11802128	134	24	4	2	2	1	NA	NA	NA	unphased	1.51898734177215	0.759493670886076	2
2	12864892	12864893	191	42	4	2	2	1	NA	NA	NA	unphased	1.80257510729614	0.901287553648069	2
2	21260889	21260890	97	6	4	2	2	1	NA	NA	NA	unphased	0.58252427184466	0.58252427184466	1
2	24240373	24240374	5	3	4	2	2	1	NA	NA	NA	unphased	3.75	1.875	2
2	25966003	25966004	107	13	4	2	2	1	NA	NA	NA	unphased	1.08333333333333	1.08333333333333	1
2	26654769	26654770	111	27	4	2	2	1	NA	NA	NA	unphased	1.95652173913043	0.978260869565217	2
2	26781544	26781545	23	4	4	2	2	1	NA	NA	NA	unphased	1.48148148148148	1.48148148148148	1
2	27164932	27164933	127	35	4	2	2	1	NA	NA	NA	unphased	2.16049382716049	1.08024691358025	2
2	27306072	27306073	46	14	4	2	2	1	NA	NA	NA	unphased	2.33333333333333	1.16666666666667	2
2	27670706	27670707	81	13	4	2	2	1	NA	NA	NA	unphased	1.38297872340426	1.38297872340426	1
2	27800043	27800044	75	6	4	2	2	1	NA	NA	NA	unphased	0.740740740740741	0.740740740740741	1
2	27804047	27804048	131	31	4	2	2	1	NA	NA	NA	unphased	1.91358024691358	0.95679012345679	2
2	27806525	27806526	38	3	4	2	2	1	NA	NA	NA	unphased	0.731707317073171	0.731707317073171	1
2	29293496	29293497	59	16	4	2	2	1	NA	NA	NA	unphased	2.13333333333333	1.06666666666667	2
2	32693562	32693563	104	6	4	2	2	1	NA	NA	NA	unphased	0.545454545454545	0.545454545454545	1
2	47637429	47637430	162	43	4	2	2	1	NA	NA	NA	unphased	2.09756097560976	1.04878048780488	2
2	47637430	47637431	163	43	4	2	2	1	NA	NA	NA	unphased	2.0873786407767	1.04368932038835	2
2	54876126	54876127	19	6	4	2	2	1	NA	NA	NA	unphased	2.4	1.2	2
2	55481267	55481268	55	6	4	2	2	1	NA	NA	NA	unphased	0.983606557377049	0.983606557377049	1
2	55895049	55895050	33	7	4	2	2	1	NA	NA	NA	unphased	1.75	1.75	1
2	55895084	55895085	28	5	4	2	2	1	NA	NA	NA	unphased	1.51515151515152	1.51515151515152	1
2	63631214	63631215	96	9	4	2	2	1	NA	NA	NA	unphased	0.857142857142857	0.857142857142857	1
2	64139704	64139705	95	12	4	2	2	1	NA	NA	NA	unphased	1.1214953271028	1.1214953271028	1
2	71300673	71300674	263	59	4	2	2	1	NA	NA	NA	unphased	1.83229813664596	0.916149068322981	2
2	72360276	72360277	41	13	4	2	2	1	NA	NA	NA	unphased	2.40740740740741	1.2037037037037	2
2	74593142	74593143	108	9	4	2	2	1	NA	NA	NA	unphased	0.769230769230769	0.769230769230769	1
2	74594184	74594185	67	5	4	2	2	1	NA	NA	NA	unphased	0.694444444444444	0.694444444444444	1
2	74690173	74690174	93	5	4	2	2	1	NA	NA	NA	unphased	0.510204081632653	0.510204081632653	1
2	74902471	74902472	31	8	4	2	2	1	NA	NA	NA	unphased	2.05128205128205	1.02564102564103	2
2	79384323	79384324	67	4	4	2	2	1	NA	NA	NA	unphased	0.563380281690141	0.563380281690141	1
2	86346106	86346107	111	39	4	2	2	1	NA	NA	NA	unphased	2.6	1.3	2
2	86705315	86705316	99	19	4	2	2	1	NA	NA	NA	unphased	1.61016949152542	0.805084745762712	2
2	88857451	88857452	87	20	4	2	2	1	NA	NA	NA	unphased	1.86915887850467	0.934579439252336	2
2	89266201	89266202	211	21	4	2	2	1	NA	NA	NA	unphased	0.905172413793103	0.905172413793103	1
2	89278276	89278277	110	26	4	2	2	1	NA	NA	NA	unphased	1.91176470588235	0.955882352941176	2
2	97543649	97543650	42	10	4	2	2	1	NA	NA	NA	unphased	1.92307692307692	0.961538461538462	2
2	103068531	103068532	220	20	4	2	2	1	NA	NA	NA	unphased	0.833333333333333	0.833333333333333	1
2	103148913	103148914	74	14	4	2	2	1	NA	NA	NA	unphased	1.59090909090909	0.795454545454545	2
2	103299788	103299789	84	23	4	2	2	1	NA	NA	NA	unphased	2.14953271028037	1.07476635514019	2
2	107459817	107459818	51	12	4	2	2	1	NA	NA	NA	unphased	1.9047619047619	0.952380952380952	2
2	108488078	108488079	173	24	4	2	2	1	NA	NA	NA	unphased	1.21827411167513	1.21827411167513	1
2	109086637	109086638	163	7	4	2	2	1	NA	NA	NA	unphased	0.411764705882353	0.411764705882353	1
2	109088411	109088412	56	14	4	2	2	1	NA	NA	NA	unphased	2	1	2
2	112545895	112545896	63	7	4	2	2	1	NA	NA	NA	unphased	1	1	1
2	113832250	113832251	179	18	4	2	2	1	NA	NA	NA	unphased	0.913705583756345	0.913705583756345	1
2	114220046	114220047	109	24	4	2	2	1	NA	NA	NA	unphased	1.80451127819549	0.902255639097744	2
2	125504878	125504879	82	15	4	2	2	1	NA	NA	NA	unphased	1.54639175257732	1.54639175257732	1
2	128075799	128075800	89	16	4	2	2	1	NA	NA	NA	unphased	1.52380952380952	1.52380952380952	1
2	128384596	128384597	12	4	4	2	2	1	NA	NA	NA	unphased	2.5	2.5	1
2	130902499	130902500	12	4	4	2	2	1	NA	NA	NA	unphased	2.5	2.5	1
2	130910639	130910640	103	30	4	2	2	1	NA	NA	NA	unphased	2.25563909774436	1.12781954887218	2
2	130911856	130911857	32	10	4	2	2	1	NA	NA	NA	unphased	2.38095238095238	1.19047619047619	2
2	135738404	135738405	38	4	4	2	2	1	NA	NA	NA	unphased	0.952380952380952	0.952380952380952	1
2	135738535	135738536	72	22	4	2	2	1	NA	NA	NA	unphased	2.34042553191489	1.17021276595745	2
2	135738646	135738647	89	18	4	2	2	1	NA	NA	NA	unphased	1.68224299065421	0.841121495327103	2
2	136575321	136575322	109	19	4	2	2	1	NA	NA	NA	unphased	1.484375	0.7421875	2
2	138373783	138373784	124	26	4	2	2	1	NA	NA	NA	unphased	1.73333333333333	0.866666666666667	2
2	145162440	145162441	29	8	4	2	2	1	NA	NA	NA	unphased	2.16216216216216	1.08108108108108	2
2	149260036	149260037	31	10	4	2	2	1	NA	NA	NA	unphased	2.4390243902439	1.21951219512195	2
2	152417106	152417107	18	5	4	2	2	1	NA	NA	NA	unphased	2.17391304347826	2.17391304347826	1
2	152466324	152466325	151	10	4	2	2	1	NA	NA	NA	unphased	0.62111801242236	0.62111801242236	1
2	155711377	155711378	92	21	4	2	2	1	NA	NA	NA	unphased	1.85840707964602	0.929203539823009	2
2	157185854	157185855	14	5	4	2	2	1	NA	NA	NA	unphased	2.63157894736842	1.31578947368421	2
2	158622627	158622628	85	6	4	2	2	1	NA	NA	NA	unphased	0.659340659340659	0.659340659340659	1
2	164466420	164466421	115	7	4	2	2	1	NA	NA	NA	unphased	0.573770491803279	0.573770491803279	1
2	166027016	166027017	49	12	4	2	2	1	NA	NA	NA	unphased	1.9672131147541	0.983606557377049	2
2	166797545	166797546	58	15	4	2	2	1	NA	NA	NA	unphased	2.05479452054794	1.02739726027397	2
2	167085226	167085227	156	12	4	2	2	1	NA	NA	NA	unphased	0.714285714285714	0.714285714285714	1
2	168100535	168100536	103	31	4	2	2	1	NA	NA	NA	unphased	2.3134328358209	1.15671641791045	2
2	168100570	168100571	83	19	4	2	2	1	NA	NA	NA	unphased	1.86274509803922	0.931372549019608	2
2	169699555	169699556	41	8	4	2	2	1	NA	NA	NA	unphased	1.63265306122449	1.63265306122449	1
2	170677622	170677623	82	12	4	2	2	1	NA	NA	NA	unphased	1.27659574468085	1.27659574468085	1
2	171358356	171358357	38	9	4	2	2	1	NA	NA	NA	unphased	1.91489361702128	0.957446808510638	2
2	178684994	178684995	79	11	4	2	2	1	NA	NA	NA	unphased	1.22222222222222	1.22222222222222	1
2	179247975	179247976	37	11	4	2	2	1	NA	NA	NA	unphased	2.29166666666667	1.14583333333333	2
2	179397512	179397513	47	13	4	2	2	1	NA	NA	NA	unphased	2.16666666666667	1.08333333333333	2
2	179466783	179466784	82	12	4	2	2	1	NA	NA	NA	unphased	1.27659574468085	1.27659574468085	1
2	179476317	179476318	92	28	4	2	2	1	NA	NA	NA	unphased	2.33333333333333	1.16666666666667	2
2	179478920	179478921	38	8	4	2	2	1	NA	NA	NA	unphased	1.73913043478261	1.73913043478261	1
2	179605689	179605690	106	24	4	2	2	1	NA	NA	NA	unphased	1.84615384615385	0.923076923076923	2
2	179643650	179643651	45	18	4	2	2	1	NA	NA	NA	unphased	2.85714285714286	1.42857142857143	2
2	182542429	182542430	138	36	4	2	2	1	NA	NA	NA	unphased	2.06896551724138	1.03448275862069	2
2	182542606	182542607	109	9	4	2	2	1	NA	NA	NA	unphased	0.76271186440678	0.76271186440678	1
2	183860434	183860435	70	8	4	2	2	1	NA	NA	NA	unphased	1.02564102564103	1.02564102564103	1
2	185731143	185731144	60	10	4	2	2	1	NA	NA	NA	unphased	1.42857142857143	1.42857142857143	1
2	185801565	185801566	135	28	4	2	2	1	NA	NA	NA	unphased	1.71779141104294	0.858895705521472	2
2	187698687	187698688	47	10	4	2	2	1	NA	NA	NA	unphased	1.75438596491228	0.87719298245614	2
2	189873719	189873720	83	21	4	2	2	1	NA	NA	NA	unphased	2.01923076923077	1.00961538461538	2
2	189945716	189945717	77	8	4	2	2	1	NA	NA	NA	unphased	0.941176470588235	0.941176470588235	1
2	190620066	190620067	46	10	4	2	2	1	NA	NA	NA	unphased	1.78571428571429	0.892857142857143	2
2	190927342	190927343	43	8	4	2	2	1	NA	NA	NA	unphased	1.56862745098039	1.56862745098039	1
2	191769863	191769864	38	9	4	2	2	1	NA	NA	NA	unphased	1.91489361702128	0.957446808510638	2
2	191931187	191931188	38	5	4	2	2	1	NA	NA	NA	unphased	1.16279069767442	1.16279069767442	1
2	196774815	196774816	56	8	4	2	2	1	NA	NA	NA	unphased	1.25	1.25	1
2	196774852	196774853	47	4	4	2	2	1	NA	NA	NA	unphased	0.784313725490196	0.784313725490196	1
2	198570843	198570844	58	11	4	2	2	1	NA	NA	NA	unphased	1.59420289855072	1.59420289855072	1
2	198571569	198571570	130	16	4	2	2	1	NA	NA	NA	unphased	1.0958904109589	1.0958904109589	1
2	201436980	201436981	137	28	4	2	2	1	NA	NA	NA	unphased	1.6969696969697	0.848484848484849	2
2	201768358	201768359	73	14	4	2	2	1	NA	NA	NA	unphased	1.60919540229885	0.804597701149425	2
2	202611432	202611433	204	25	4	2	2	1	NA	NA	NA	unphased	1.09170305676856	1.09170305676856	1
2	203384881	203384882	35	3	4	2	2	1	NA	NA	NA	unphased	0.789473684210526	0.789473684210526	1
2	210545491	210545492	186	49	4	2	2	1	NA	NA	NA	unphased	2.08510638297872	1.04255319148936	2
2	219691683	219691684	79	19	4	2	2	1	NA	NA	NA	unphased	1.93877551020408	0.969387755102041	2
2	220087143	220087144	81	16	4	2	2	1	NA	NA	NA	unphased	1.64948453608247	0.824742268041237	2
2	220167116	220167117	21	12	4	2	2	1	NA	NA	NA	unphased	3.63636363636364	1.81818181818182	2
2	220167310	220167311	87	21	4	2	2	1	NA	NA	NA	unphased	1.94444444444444	0.972222222222222	2
2	223918042	223918043	32	3	4	2	2	1	NA	NA	NA	unphased	0.857142857142857	0.857142857142857	1
2	225265820	225265821	76	11	4	2	2	1	NA	NA	NA	unphased	1.26436781609195	1.26436781609195	1
2	228128533	228128534	32	15	4	2	2	1	NA	NA	NA	unphased	3.19148936170213	1.59574468085106	2
2	228167756	228167757	55	18	4	2	2	1	NA	NA	NA	unphased	2.46575342465753	1.23287671232877	2
2	231338076	231338077	71	19	4	2	2	1	NA	NA	NA	unphased	2.11111111111111	1.05555555555556	2
2	231948462	231948463	41	14	4	2	2	1	NA	NA	NA	unphased	2.54545454545454	1.27272727272727	2
2	231973420	231973421	75	13	4	2	2	1	NA	NA	NA	unphased	1.47727272727273	1.47727272727273	1
2	233759610	233759611	96	27	4	2	2	1	NA	NA	NA	unphased	2.19512195121951	1.09756097560976	2
2	234752891	234752892	122	19	4	2	2	1	NA	NA	NA	unphased	1.34751773049645	1.34751773049645	1
2	238642442	238642443	42	10	4	2	2	1	NA	NA	NA	unphased	1.92307692307692	0.961538461538462	2
2	240016590	240016591	37	14	4	2	2	1	NA	NA	NA	unphased	2.74509803921569	1.37254901960784	2
2	240036896	240036897	84	26	4	2	2	1	NA	NA	NA	unphased	2.36363636363636	1.18181818181818	2
2	240985090	240985091	22	5	4	2	2	1	NA	NA	NA	unphased	1.85185185185185	1.85185185185185	1
2	242141638	242141639	45	15	4	2	2	1	NA	NA	NA	unphased	2.5	1.25	2
20	467058	467059	52	10	4	2	2	1	NA	NA	NA	unphased	1.61290322580645	1.61290322580645	1
20	1552624	1552625	108	27	4	2	2	1	NA	NA	NA	unphased	2	1	2
20	2775218	2775219	93	7	4	2	2	1	NA	NA	NA	unphased	0.7	0.7	1
20	3649433	3649434	23	6	4	2	2	1	NA	NA	NA	unphased	2.06896551724138	2.06896551724138	1
20	4229213	4229214	33	5	4	2	2	1	NA	NA	NA	unphased	1.31578947368421	1.31578947368421	1
20	4880359	4880360	114	28	4	2	2	1	NA	NA	NA	unphased	1.97183098591549	0.985915492957746	2
20	9417702	9417703	40	6	4	2	2	1	NA	NA	NA	unphased	1.30434782608696	1.30434782608696	1
20	10644630	10644631	90	6	4	2	2	1	NA	NA	NA	unphased	0.625	0.625	1
20	20144721	20144722	80	14	4	2	2	1	NA	NA	NA	unphased	1.48936170212766	1.48936170212766	1
20	24964615	24964616	81	23	4	2	2	1	NA	NA	NA	unphased	2.21153846153846	1.10576923076923	2
20	30689155	30689156	55	10	4	2	2	1	NA	NA	NA	unphased	1.53846153846154	1.53846153846154	1
20	39987443	39987444	167	31	4	2	2	1	NA	NA	NA	unphased	1.56565656565657	0.782828282828283	2
20	40710607	40710608	112	7	4	2	2	1	NA	NA	NA	unphased	0.588235294117647	0.588235294117647	1
20	42159055	42159056	69	18	4	2	2	1	NA	NA	NA	unphased	2.06896551724138	1.03448275862069	2
20	43922441	43922442	28	11	4	2	2	1	NA	NA	NA	unphased	2.82051282051282	1.41025641025641	2
20	43929582	43929583	34	12	4	2	2	1	NA	NA	NA	unphased	2.60869565217391	1.30434782608696	2
20	44598228	44598229	84	13	4	2	2	1	NA	NA	NA	unphased	1.34020618556701	1.34020618556701	1
20	45224800	45224801	44	4	4	2	2	1	NA	NA	NA	unphased	0.833333333333333	0.833333333333333	1
20	47297794	47297795	253	55	4	2	2	1	NA	NA	NA	unphased	1.78571428571429	0.892857142857143	2
20	47711370	47711371	72	14	4	2	2	1	NA	NA	NA	unphased	1.62790697674419	0.813953488372093	2
20	48098894	48098895	8	3	4	2	2	1	NA	NA	NA	unphased	2.72727272727273	2.72727272727273	1
20	48252692	48252693	15	4	4	2	2	1	NA	NA	NA	unphased	2.10526315789474	2.10526315789474	1
20	50241768	50241769	41	9	4	2	2	1	NA	NA	NA	unphased	1.8	0.9	2
20	50407942	50407943	78	5	4	2	2	1	NA	NA	NA	unphased	0.602409638554217	0.602409638554217	1
20	50769312	50769313	66	15	4	2	2	1	NA	NA	NA	unphased	1.85185185185185	0.925925925925926	2
20	52775599	52775600	68	26	4	2	2	1	NA	NA	NA	unphased	2.76595744680851	1.38297872340426	2
20	55027403	55027404	42	11	4	2	2	1	NA	NA	NA	unphased	2.07547169811321	1.0377358490566	2
20	55033414	55033415	78	10	4	2	2	1	NA	NA	NA	unphased	1.13636363636364	1.13636363636364	1
20	56090745	56090746	129	32	4	2	2	1	NA	NA	NA	unphased	1.98757763975155	0.993788819875776	2
20	57288529	57288530	12	4	4	2	2	1	NA	NA	NA	unphased	2.5	2.5	1
20	57767444	57767445	33	3	4	2	2	1	NA	NA	NA	unphased	0.833333333333333	0.833333333333333	1
20	57767781	57767782	31	9	4	2	2	1	NA	NA	NA	unphased	2.25	1.125	2
20	58562571	58562572	59	13	4	2	2	1	NA	NA	NA	unphased	1.80555555555556	0.902777777777778	2
20	61288010	61288011	17	4	1.12	2	2	0.04	0	1	0.96	unphased	1.35619047619048	1.35619047619048	1
20	61511821	61511822	110	10	1.12	2	2	0.04	0	1	0.96	unphased	0.593333333333333	0.593333333333333	1
20	61828009	61828010	66	11	1.12	2	2	0.04	0	1	0.96	unphased	1.01714285714286	1.01714285714286	1
20	61870751	61870752	51	15	1.12	2	2	0.04	0	1	0.96	unphased	1.61818181818182	1.55594405594406	1.04
20	61981720	61981721	63	16	1.12	2	2	0.04	0	1	0.96	unphased	1.4420253164557	1.4420253164557	1
20	62065182	62065183	100	9	1.12	2	2	0.04	0	1	0.96	unphased	0.587889908256881	0.587889908256881	1
20	62172588	62172589	135	24	1.12	2	2	0.04	0	1	0.96	unphased	1.07471698113208	1.07471698113208	1
20	62197485	62197486	9	5	1.12	2	2	0.04	0	1	0.96	unphased	2.54285714285714	2.44505494505495	1.04
20	62198576	62198577	37	11	1.12	2	2	0.04	0	1	0.96	unphased	1.63166666666667	1.63166666666667	1
20	62595879	62595880	33	8	1.12	2	2	0.04	0	1	0.96	unphased	1.38926829268293	1.38926829268293	1
20	62680648	62680649	33	3	1.12	2	2	0.04	0	1	0.96	unphased	0.593333333333333	0.593333333333333	1
21	10971325	10971326	55	6	NA	NA	NA	NA	NA	NA	NA	unphased	NA	NA	1
21	19704414	19704415	65	15	3	2	1	1	NA	NA	NA	unphased	1.6875	0.84375	2
21	27096900	27096901	33	5	3	2	1	1	NA	NA	NA	unphased	1.18421052631579	1.18421052631579	1
21	30701832	30701833	21	6	3	2	1	1	NA	NA	NA	unphased	2	2	1
21	32598164	32598165	93	11	3	2	1	1	NA	NA	NA	unphased	0.951923076923077	0.951923076923077	1
21	34805027	34805028	94	7	3	2	1	1	NA	NA	NA	unphased	0.623762376237624	0.623762376237624	1
21	38884218	38884219	67	9	3	2	1	1	NA	NA	NA	unphased	1.06578947368421	1.06578947368421	1
21	41385055	41385056	32	9	3	2	1	1	NA	NA	NA	unphased	1.97560975609756	0.98780487804878	2
21	43277312	43277313	76	15	3	2	1	1	NA	NA	NA	unphased	1.48351648351648	1.48351648351648	1
21	44839844	44839845	11	7	3	2	1	1	NA	NA	NA	unphased	3.5	1.75	2
21	45825108	45825109	55	9	3	2	1	1	NA	NA	NA	unphased	1.265625	1.265625	1
21	46067127	46067128	131	11	3	2	1	1	NA	NA	NA	unphased	0.697183098591549	0.697183098591549	1
21	46117833	46117834	68	5	3	2	1	1	NA	NA	NA	unphased	0.616438356164384	0.616438356164384	1
21	46689865	46689866	64	5	3	2	1	1	NA	NA	NA	unphased	0.652173913043478	0.652173913043478	1
21	47558809	47558810	55	23	3	2	1	1	NA	NA	NA	unphased	2.65384615384615	1.32692307692308	2
21	47801717	47801718	162	20	3	2	1	1	NA	NA	NA	unphased	0.989010989010989	0.989010989010989	1
21	47987484	47987485	61	9	3	2	1	1	NA	NA	NA	unphased	1.15714285714286	1.15714285714286	1
21	48019356	48019357	130	11	3	2	1	1	NA	NA	NA	unphased	0.702127659574468	0.702127659574468	1
22	18185105	18185106	69	19	1.18	2	1	0.09	0	1	0.91	unphased	1.55022727272727	1.42222685571309	1.09
22	20229974	20229975	58	18	1.18	2	1	0.09	0	1	0.91	unphased	1.70052631578947	1.56011588604539	1.09
22	21385395	21385396	44	11	1.18	2	1	0.09	0	1	0.91	unphased	1.436	1.436	1
22	21989124	21989125	158	16	1.18	2	1	0.09	0	1	0.91	unphased	0.660229885057471	0.660229885057471	1
22	23237574	23237575	29	6	1.18	2	1	0.09	0	1	0.91	unphased	1.23085714285714	1.23085714285714	1
22	23237576	23237577	29	6	1.18	2	1	0.09	0	1	0.91	unphased	1.23085714285714	1.23085714285714	1
22	23237722	23237723	46	11	1.18	2	1	0.09	0	1	0.91	unphased	1.38561403508772	1.38561403508772	1
22	24036978	24036979	20	4	1.18	2	1	0.09	0	1	0.91	unphased	1.19666666666667	1.19666666666667	1
22	24615992	24615993	37	17	3	2	1	1	NA	NA	NA	unphased	2.83333333333333	1.41666666666667	2
22	26688689	26688690	22	4	3	2	1	1	NA	NA	NA	unphased	1.38461538461538	1.38461538461538	1
22	29940578	29940579	71	13	3	2	1	1	NA	NA	NA	unphased	1.39285714285714	1.39285714285714	1
22	30735011	30735012	127	34	3	2	1	1	NA	NA	NA	unphased	1.90062111801242	0.950310559006211	2
22	31013397	31013398	58	16	3	2	1	1	NA	NA	NA	unphased	1.94594594594595	0.972972972972973	2
22	31501027	31501028	45	5	3	2	1	1	NA	NA	NA	unphased	0.9	0.9	1
22	32211098	32211099	119	10	3	2	1	1	NA	NA	NA	unphased	0.697674418604651	0.697674418604651	1
22	32651307	32651308	196	35	3	2	1	1	NA	NA	NA	unphased	1.36363636363636	0.681818181818182	2
22	36122728	36122729	192	44	3	2	1	1	NA	NA	NA	unphased	1.67796610169492	0.838983050847458	2
22	39832585	39832586	52	11	3	2	1	1	NA	NA	NA	unphased	1.57142857142857	1.57142857142857	1
22	42393028	42393029	47	13	3	2	1	1	NA	NA	NA	unphased	1.95	0.975	2
22	43715977	43715978	83	14	3	2	1	1	NA	NA	NA	unphased	1.29896907216495	1.29896907216495	1
22	43715978	43715979	82	14	3	2	1	1	NA	NA	NA	unphased	1.3125	1.3125	1
22	44368854	44368855	79	29	3	2	1	1	NA	NA	NA	unphased	2.41666666666667	1.20833333333333	2
22	45121159	45121160	63	5	3	2	1	1	NA	NA	NA	unphased	0.661764705882353	0.661764705882353	1
22	45255676	45255677	45	10	3	2	1	1	NA	NA	NA	unphased	1.63636363636364	1.63636363636364	1
22	45598963	45598964	188	16	3	2	1	1	NA	NA	NA	unphased	0.705882352941176	0.705882352941176	1
22	47569308	47569309	61	7	3	2	1	1	NA	NA	NA	unphased	0.926470588235294	0.926470588235294	1
22	50720292	50720293	48	6	3	2	1	1	NA	NA	NA	unphased	1	1	1
22	50962675	50962676	48	4	3	2	1	1	NA	NA	NA	unphased	0.692307692307692	0.692307692307692	1
3	4354884	4354885	48	5	2	2	0	1	NA	NA	NA	unphased	0.754716981132076	0.754716981132076	1
3	9877302	9877303	23	3	2	2	0	1	NA	NA	NA	unphased	0.923076923076923	0.923076923076923	1
3	32031666	32031667	68	5	2	2	0	1	NA	NA	NA	unphased	0.547945205479452	0.547945205479452	1
3	37381673	37381674	47	14	2	2	0	1	NA	NA	NA	unphased	1.83606557377049	0.918032786885246	2
3	39307067	39307068	111	38	2	2	0	1	NA	NA	NA	unphased	2.04026845637584	1.02013422818792	2
3	40299761	40299762	25	3	2	2	0	1	NA	NA	NA	unphased	0.857142857142857	0.857142857142857	1
3	44612319	44612320	57	27	2	2	0	1	NA	NA	NA	unphased	2.57142857142857	1.28571428571429	2
3	46539613	46539614	51	16	2	2	0	1	NA	NA	NA	unphased	1.91044776119403	0.955223880597015	2
3	47452630	47452631	18	4	2	2	0	1	NA	NA	NA	unphased	1.45454545454545	1.45454545454545	1
3	47453842	47453843	63	19	2	2	0	1	NA	NA	NA	unphased	1.85365853658537	0.926829268292683	2
3	47470145	47470146	75	7	2	2	0	1	NA	NA	NA	unphased	0.682926829268293	0.682926829268293	1
3	48699024	48699025	75	10	2	2	0	1	NA	NA	NA	unphased	0.941176470588235	0.941176470588235	1
3	49695121	49695122	71	25	2	2	0	1	NA	NA	NA	unphased	2.08333333333333	1.04166666666667	2
3	49897038	49897039	151	33	2	2	0	1	NA	NA	NA	unphased	1.43478260869565	0.717391304347826	2
3	50220895	50220896	40	6	2	2	0	1	NA	NA	NA	unphased	1.04347826086957	1.04347826086957	1
3	51672254	51672255	49	4	2	2	0	1	NA	NA	NA	unphased	0.60377358490566	0.60377358490566	1
3	52558585	52558586	45	20	2	2	0	1	NA	NA	NA	unphased	2.46153846153846	1.23076923076923	2
3	62189587	62189588	40	8	2	2	0	1	NA	NA	NA	unphased	1.33333333333333	1.33333333333333	1
3	95374323	95374324	77	17	4	2	2	1	NA	NA	NA	unphased	1.80851063829787	0.904255319148936	2
3	100567679	100567680	46	14	4	2	2	1	NA	NA	NA	unphased	2.33333333333333	1.16666666666667	2
3	101080688	101080689	85	13	4	2	2	1	NA	NA	NA	unphased	1.3265306122449	1.3265306122449	1
3	105378047	105378048	71	14	4	2	2	1	NA	NA	NA	unphased	1.64705882352941	0.823529411764706	2
3	111923076	111923077	61	18	4	2	2	1	NA	NA	NA	unphased	2.27848101265823	1.13924050632911	2
3	112255248	112255249	22	7	4	2	2	1	NA	NA	NA	unphased	2.41379310344828	1.20689655172414	2
3	114058242	114058243	47	11	4	2	2	1	NA	NA	NA	unphased	1.89655172413793	0.948275862068966	2
3	119301278	119301279	72	19	4	2	2	1	NA	NA	NA	unphased	2.08791208791209	1.04395604395604	2
3	122126161	122126162	57	10	4	2	2	1	NA	NA	NA	unphased	1.49253731343284	1.49253731343284	1
3	122255188	122255189	63	11	4	2	2	1	NA	NA	NA	unphased	1.48648648648649	1.48648648648649	1
3	122437793	122437794	24	8	4	2	2	1	NA	NA	NA	unphased	2.5	1.25	2
3	123066636	123066637	230	21	4	2	2	1	NA	NA	NA	unphased	0.836653386454183	0.836653386454183	1
3	123166723	123166724	28	4	4	2	2	1	NA	NA	NA	unphased	1.25	1.25	1
3	123988083	123988084	56	10	4	2	2	1	NA	NA	NA	unphased	1.51515151515152	1.51515151515152	1
3	126445942	126445943	101	20	4	2	2	1	NA	NA	NA	unphased	1.65289256198347	0.826446280991736	2
3	126708478	126708479	141	6	4	2	2	1	NA	NA	NA	unphased	0.408163265306122	0.408163265306122	1
3	127702993	127702994	101	23	4	2	2	1	NA	NA	NA	unphased	1.85483870967742	0.92741935483871	2
3	128205168	128205169	7	3	4	2	2	1	NA	NA	NA	unphased	3	3	1
3	131404746	131404747	48	4	4	2	2	1	NA	NA	NA	unphased	0.769230769230769	0.769230769230769	1
3	134514433	134514434	55	13	4	2	2	1	NA	NA	NA	unphased	1.91176470588235	0.955882352941176	2
3	135721002	135721003	82	19	4	2	2	1	NA	NA	NA	unphased	1.88118811881188	0.940594059405941	2
3	138665135	138665136	15	5	4	2	2	1	NA	NA	NA	unphased	2.5	1.25	2
3	141231019	141231020	63	16	4	2	2	1	NA	NA	NA	unphased	2.0253164556962	1.0126582278481	2
3	141697461	141697462	49	8	4	2	2	1	NA	NA	NA	unphased	1.40350877192982	1.40350877192982	1
3	142561834	142561835	62	20	4	2	2	1	NA	NA	NA	unphased	2.4390243902439	1.21951219512195	2
3	148458772	148458773	50	9	4	2	2	1	NA	NA	NA	unphased	1.52542372881356	1.52542372881356	1
3	148545857	148545858	51	12	4	2	2	1	NA	NA	NA	unphased	1.9047619047619	0.952380952380952	2
3	150391773	150391774	89	25	4	2	2	1	NA	NA	NA	unphased	2.19298245614035	1.09649122807018	2
3	151461907	151461908	72	20	4	2	2	1	NA	NA	NA	unphased	2.17391304347826	1.08695652173913	2
3	151461908	151461909	73	20	4	2	2	1	NA	NA	NA	unphased	2.1505376344086	1.0752688172043	2
3	152880853	152880854	55	11	4	2	2	1	NA	NA	NA	unphased	1.66666666666667	1.66666666666667	1
3	153998376	153998377	90	18	4	2	2	1	NA	NA	NA	unphased	1.66666666666667	0.833333333333333	2
3	160142722	160142723	66	13	4	2	2	1	NA	NA	NA	unphased	1.64556962025316	0.822784810126582	2
3	164783107	164783108	52	6	4	2	2	1	NA	NA	NA	unphased	1.03448275862069	1.03448275862069	1
3	167754632	167754633	141	28	4	2	2	1	NA	NA	NA	unphased	1.65680473372781	0.828402366863905	2
3	169099028	169099029	115	15	4	2	2	1	NA	NA	NA	unphased	1.15384615384615	1.15384615384615	1
3	169637307	169637308	98	16	4	2	2	1	NA	NA	NA	unphased	1.40350877192982	1.40350877192982	1
3	170803009	170803010	10	3	4	2	2	1	NA	NA	NA	unphased	2.30769230769231	2.30769230769231	1
3	173997176	173997177	86	18	4	2	2	1	NA	NA	NA	unphased	1.73076923076923	0.865384615384615	2
3	179294441	179294442	132	13	4	2	2	1	NA	NA	NA	unphased	0.896551724137931	0.896551724137931	1
3	183882618	183882619	104	14	4	2	2	1	NA	NA	NA	unphased	1.1864406779661	1.1864406779661	1
3	186760713	186760714	99	16	4	2	2	1	NA	NA	NA	unphased	1.39130434782609	1.39130434782609	1
3	186969492	186969493	102	14	4	2	2	1	NA	NA	NA	unphased	1.20689655172414	1.20689655172414	1
3	193040283	193040284	109	29	4	2	2	1	NA	NA	NA	unphased	2.10144927536232	1.05072463768116	2
3	194117240	194117241	74	15	4	2	2	1	NA	NA	NA	unphased	1.68539325842697	0.842696629213483	2
4	533030	533031	52	5	1.52	2	1	0.26	1	0	0.74	unphased	0.659649122807017	0.659649122807017	1
4	1807624	1807625	141	11	7	5	2	1	NA	NA	NA	unphased	0.940789473684211	0.940789473684211	1
4	2935296	2935297	66	6	3	2	1	1	NA	NA	NA	unphased	0.75	0.75	1
4	3419253	3419254	46	11	3	2	1	1	NA	NA	NA	unphased	1.73684210526316	0.868421052631579	2
4	4864599	4864600	46	5	3	2	1	1	NA	NA	NA	unphased	0.882352941176471	0.882352941176471	1
4	5857932	5857933	61	9	3	2	1	1	NA	NA	NA	unphased	1.15714285714286	1.15714285714286	1
4	6302488	6302489	106	27	3	2	1	1	NA	NA	NA	unphased	1.82706766917293	0.913533834586466	2
4	6622929	6622930	77	18	3	2	1	1	NA	NA	NA	unphased	1.70526315789474	0.852631578947368	2
4	6710990	6710991	75	19	3	2	1	1	NA	NA	NA	unphased	1.81914893617021	0.909574468085106	2
4	16258112	16258113	32	4	3	2	1	1	NA	NA	NA	unphased	1	1	1
4	17528452	17528453	41	9	3	2	1	1	NA	NA	NA	unphased	1.62	1.62	1
4	20619072	20619073	22	5	3	2	1	1	NA	NA	NA	unphased	1.66666666666667	1.66666666666667	1
4	25019696	25019697	142	19	3	2	1	1	NA	NA	NA	unphased	1.06211180124224	1.06211180124224	1
4	37848863	37848864	100	5	3	2	1	1	NA	NA	NA	unphased	0.428571428571429	0.428571428571429	1
4	40113713	40113714	118	11	3	2	1	1	NA	NA	NA	unphased	0.767441860465116	0.767441860465116	1
4	40351383	40351384	175	20	3	2	1	1	NA	NA	NA	unphased	0.923076923076923	0.923076923076923	1
4	48379983	48379984	73	21	3	2	1	1	NA	NA	NA	unphased	2.01063829787234	1.00531914893617	2
4	66467663	66467664	83	24	3	2	1	1	NA	NA	NA	unphased	2.01869158878505	1.00934579439252	2
4	68780415	68780416	111	12	3	2	1	1	NA	NA	NA	unphased	0.878048780487805	0.878048780487805	1
4	70078377	70078378	114	30	3	2	1	1	NA	NA	NA	unphased	1.875	0.9375	2
4	70078378	70078379	117	29	3	2	1	1	NA	NA	NA	unphased	1.78767123287671	0.893835616438356	2
4	70615502	70615503	80	20	3	2	1	1	NA	NA	NA	unphased	1.8	0.9	2
4	71027310	71027311	37	6	3	2	1	1	NA	NA	NA	unphased	1.25581395348837	1.25581395348837	1
4	73154505	73154506	39	5	3	2	1	1	NA	NA	NA	unphased	1.02272727272727	1.02272727272727	1
4	76811216	76811217	121	16	3	2	1	1	NA	NA	NA	unphased	1.05109489051095	1.05109489051095	1
4	77091112	77091113	110	10	3	2	1	1	NA	NA	NA	unphased	0.75	0.75	1
4	79833081	79833082	134	19	3	2	1	1	NA	NA	NA	unphased	1.11764705882353	1.11764705882353	1
4	82126020	82126021	95	32	3	2	1	1	NA	NA	NA	unphased	2.26771653543307	1.13385826771654	2
4	89680016	89680017	75	12	3	2	1	1	NA	NA	NA	unphased	1.24137931034483	1.24137931034483	1
4	90034802	90034803	86	16	3	2	1	1	NA	NA	NA	unphased	1.41176470588235	1.41176470588235	1
4	94436523	94436524	75	12	3	2	1	1	NA	NA	NA	unphased	1.24137931034483	1.24137931034483	1
4	95171961	95171962	71	14	3	2	1	1	NA	NA	NA	unphased	1.48235294117647	1.48235294117647	1
4	106967833	106967834	38	5	3	2	1	1	NA	NA	NA	unphased	1.04651162790698	1.04651162790698	1
4	110897232	110897233	140	25	3	2	1	1	NA	NA	NA	unphased	1.36363636363636	1.36363636363636	1
4	113352043	113352044	75	7	3	2	1	1	NA	NA	NA	unphased	0.768292682926829	0.768292682926829	1
4	113435809	113435810	25	8	3	2	1	1	NA	NA	NA	unphased	2.18181818181818	1.09090909090909	2
4	114163341	114163342	66	14	3	2	1	1	NA	NA	NA	unphased	1.575	1.575	1
4	118006109	118006110	107	8	3	2	1	1	NA	NA	NA	unphased	0.626086956521739	0.626086956521739	1
4	119472271	119472272	15	3	3	2	1	1	NA	NA	NA	unphased	1.5	1.5	1
4	119736236	119736237	111	11	3	2	1	1	NA	NA	NA	unphased	0.811475409836066	0.811475409836066	1
4	119951496	119951497	60	4	3	2	1	1	NA	NA	NA	unphased	0.5625	0.5625	1
4	123164166	123164167	80	22	3	2	1	1	NA	NA	NA	unphased	1.94117647058824	0.970588235294118	2
4	123813513	123813514	125	24	3	2	1	1	NA	NA	NA	unphased	1.4496644295302	0.724832214765101	2
4	134072309	134072310	122	11	3	2	1	1	NA	NA	NA	unphased	0.744360902255639	0.744360902255639	1
4	134073201	134073202	50	12	3	2	1	1	NA	NA	NA	unphased	1.74193548387097	0.870967741935484	2
4	139964451	139964452	118	8	3	2	1	1	NA	NA	NA	unphased	0.571428571428571	0.571428571428571	1
4	139980117	139980118	100	9	3	2	1	1	NA	NA	NA	unphased	0.743119266055046	0.743119266055046	1
4	141446701	141446702	69	18	3	2	1	1	NA	NA	NA	unphased	1.86206896551724	0.931034482758621	2
4	146560478	146560479	97	10	3	2	1	1	NA	NA	NA	unphased	0.841121495327103	0.841121495327103	1
4	147560580	147560581	42	8	3	2	1	1	NA	NA	NA	unphased	1.44	1.44	1
4	152679921	152679922	98	10	3	2	1	1	NA	NA	NA	unphased	0.833333333333333	0.833333333333333	1
4	154626386	154626387	92	8	3	2	1	1	NA	NA	NA	unphased	0.72	0.72	1
4	154626395	154626396	76	9	3	2	1	1	NA	NA	NA	unphased	0.952941176470588	0.952941176470588	1
4	158073915	158073916	116	20	3	2	1	1	NA	NA	NA	unphased	1.32352941176471	1.32352941176471	1
4	163032539	163032540	60	10	3	2	1	1	NA	NA	NA	unphased	1.28571428571429	1.28571428571429	1
4	166262967	166262968	102	10	3	2	1	1	NA	NA	NA	unphased	0.803571428571429	0.803571428571429	1
4	167655921	167655922	28	7	3	2	1	1	NA	NA	NA	unphased	1.8	1.8	1
4	167656102	167656103	51	13	3	2	1	1	NA	NA	NA	unphased	1.828125	0.9140625	2
4	170611782	170611783	59	16	3	2	1	1	NA	NA	NA	unphased	1.92	0.96	2
4	175237323	175237324	64	6	3	2	1	1	NA	NA	NA	unphased	0.771428571428571	0.771428571428571	1
4	183601768	183601769	65	5	3	2	1	1	NA	NA	NA	unphased	0.642857142857143	0.642857142857143	1
4	183814233	183814234	21	9	3	2	1	1	NA	NA	NA	unphased	2.7	1.35	2
4	185683579	185683580	72	18	3	2	1	1	NA	NA	NA	unphased	1.8	0.9	2
4	186366659	186366660	72	10	3	2	1	1	NA	NA	NA	unphased	1.09756097560976	1.09756097560976	1
4	187630637	187630638	87	29	3	2	1	1	NA	NA	NA	unphased	2.25	1.125	2
5	678031	678032	36	4	4	2	2	1	NA	NA	NA	unphased	1	1	1
5	5237197	5237198	54	18	4	2	2	1	NA	NA	NA	unphased	2.5	1.25	2
5	6746461	6746462	145	14	4	2	2	1	NA	NA	NA	unphased	0.880503144654088	0.880503144654088	1
5	11023017	11023018	60	21	4	2	2	1	NA	NA	NA	unphased	2.59259259259259	1.2962962962963	2
5	11199569	11199570	134	19	4	2	2	1	NA	NA	NA	unphased	1.24183006535948	1.24183006535948	1
5	13830716	13830717	56	13	4	2	2	1	NA	NA	NA	unphased	1.88405797101449	0.942028985507246	2
5	14681700	14681701	55	16	4	2	2	1	NA	NA	NA	unphased	2.25352112676056	1.12676056338028	2
5	21765109	21765110	110	16	4	2	2	1	NA	NA	NA	unphased	1.26984126984127	1.26984126984127	1
5	21765113	21765114	110	17	4	2	2	1	NA	NA	NA	unphased	1.33858267716535	1.33858267716535	1
5	23526895	23526896	122	30	4	2	2	1	NA	NA	NA	unphased	1.97368421052632	0.986842105263158	2
5	26881403	26881404	126	26	4	2	2	1	NA	NA	NA	unphased	1.71052631578947	0.855263157894737	2
5	33549335	33549336	57	10	4	2	2	1	NA	NA	NA	unphased	1.49253731343284	1.49253731343284	1
5	33616026	33616027	121	34	4	2	2	1	NA	NA	NA	unphased	2.19354838709677	1.09677419354839	2
5	35876507	35876508	49	12	4	2	2	1	NA	NA	NA	unphased	1.9672131147541	0.983606557377049	2
5	35965905	35965906	68	18	4	2	2	1	NA	NA	NA	unphased	2.09302325581395	1.04651162790698	2
5	36039626	36039627	90	24	4	2	2	1	NA	NA	NA	unphased	2.10526315789474	1.05263157894737	2
5	38942935	38942936	46	4	4	2	2	1	NA	NA	NA	unphased	0.8	0.8	1
5	40950049	40950050	11	4	4	2	2	1	NA	NA	NA	unphased	2.66666666666667	1.33333333333333	2
5	52206158	52206159	59	14	4	2	2	1	NA	NA	NA	unphased	1.91780821917808	0.958904109589041	2
5	54327396	54327397	81	20	4	2	2	1	NA	NA	NA	unphased	1.98019801980198	0.99009900990099	2
5	65460676	65460677	98	12	4	2	2	1	NA	NA	NA	unphased	1.09090909090909	1.09090909090909	1
5	73168827	73168828	40	7	4	2	2	1	NA	NA	NA	unphased	1.48936170212766	1.48936170212766	1
5	76926519	76926520	10	4	4	2	2	1	NA	NA	NA	unphased	2.85714285714286	1.42857142857143	2
5	79465310	79465311	41	6	4	2	2	1	NA	NA	NA	unphased	1.27659574468085	1.27659574468085	1
5	86564540	86564541	18	6	4	2	2	1	NA	NA	NA	unphased	2.5	1.25	2
5	86690459	86690460	13	3	4	2	2	1	NA	NA	NA	unphased	1.875	1.875	1
5	95018644	95018645	22	3	4	2	2	1	NA	NA	NA	unphased	1.2	1.2	1
5	96328757	96328758	107	11	4	2	2	1	NA	NA	NA	unphased	0.932203389830508	0.932203389830508	1
5	109117127	109117128	40	8	4	2	2	1	NA	NA	NA	unphased	1.66666666666667	1.66666666666667	1
5	112676372	112676373	46	5	4	2	2	1	NA	NA	NA	unphased	0.980392156862745	0.980392156862745	1
5	115783382	115783383	54	8	4	2	2	1	NA	NA	NA	unphased	1.29032258064516	1.29032258064516	1
5	115803426	115803427	32	4	4	2	2	1	NA	NA	NA	unphased	1.11111111111111	1.11111111111111	1
5	118867041	118867042	53	11	4	2	2	1	NA	NA	NA	unphased	1.71875	0.859375	2
5	122343587	122343588	49	13	4	2	2	1	NA	NA	NA	unphased	2.09677419354839	1.04838709677419	2
5	125939777	125939778	73	9	4	2	2	1	NA	NA	NA	unphased	1.09756097560976	1.09756097560976	1
5	125939788	125939789	72	9	4	2	2	1	NA	NA	NA	unphased	1.11111111111111	1.11111111111111	1
5	128302076	128302077	75	8	4	2	2	1	NA	NA	NA	unphased	0.963855421686747	0.963855421686747	1
5	132051608	132051609	16	8	4	2	2	1	NA	NA	NA	unphased	3.33333333333333	1.66666666666667	2
5	135583279	135583280	124	6	4	2	2	1	NA	NA	NA	unphased	0.461538461538462	0.461538461538462	1
5	140175288	140175289	124	22	4	2	2	1	NA	NA	NA	unphased	1.50684931506849	0.753424657534246	2
5	140176095	140176096	122	25	4	2	2	1	NA	NA	NA	unphased	1.70068027210884	0.850340136054422	2
5	140176177	140176178	114	18	4	2	2	1	NA	NA	NA	unphased	1.36363636363636	1.36363636363636	1
5	140176253	140176254	100	15	4	2	2	1	NA	NA	NA	unphased	1.30434782608696	1.30434782608696	1
5	140188280	140188281	71	17	4	2	2	1	NA	NA	NA	unphased	1.93181818181818	0.965909090909091	2
5	140223344	140223345	44	4	4	2	2	1	NA	NA	NA	unphased	0.833333333333333	0.833333333333333	1
5	140264144	140264145	49	10	4	2	2	1	NA	NA	NA	unphased	1.69491525423729	1.69491525423729	1
5	140480870	140480871	80	15	4	2	2	1	NA	NA	NA	unphased	1.57894736842105	0.789473684210526	2
5	140554652	140554653	252	24	4	2	2	1	NA	NA	NA	unphased	0.869565217391304	0.869565217391304	1
5	140559326	140559327	148	18	4	2	2	1	NA	NA	NA	unphased	1.08433734939759	1.08433734939759	1
5	140603727	140603728	92	31	4	2	2	1	NA	NA	NA	unphased	2.52032520325203	1.26016260162602	2
5	140744450	140744451	50	7	4	2	2	1	NA	NA	NA	unphased	1.2280701754386	1.2280701754386	1
5	140769494	140769495	187	12	4	2	2	1	NA	NA	NA	unphased	0.603015075376884	0.603015075376884	1
5	140773059	140773060	67	4	4	2	2	1	NA	NA	NA	unphased	0.563380281690141	0.563380281690141	1
5	140793666	140793667	15	3	4	2	2	1	NA	NA	NA	unphased	1.66666666666667	1.66666666666667	1
5	140870274	140870275	144	33	4	2	2	1	NA	NA	NA	unphased	1.86440677966102	0.932203389830508	2
5	141014504	141014505	99	9	4	2	2	1	NA	NA	NA	unphased	0.833333333333333	0.833333333333333	1
5	141236890	141236891	41	6	4	2	2	1	NA	NA	NA	unphased	1.27659574468085	1.27659574468085	1
5	145464070	145464071	108	13	4	2	2	1	NA	NA	NA	unphased	1.07438016528926	1.07438016528926	1
5	148886634	148886635	39	7	4	2	2	1	NA	NA	NA	unphased	1.52173913043478	1.52173913043478	1
5	149216094	149216095	84	12	4	2	2	1	NA	NA	NA	unphased	1.25	1.25	1
5	149580736	149580737	77	11	4	2	2	1	NA	NA	NA	unphased	1.25	1.25	1
5	149767551	149767552	49	15	4	2	2	1	NA	NA	NA	unphased	2.34375	1.171875	2
5	150847345	150847346	138	24	4	2	2	1	NA	NA	NA	unphased	1.48148148148148	0.740740740740741	2
5	155771528	155771529	78	15	4	2	2	1	NA	NA	NA	unphased	1.61290322580645	0.806451612903226	2
5	156566135	156566136	60	15	4	2	2	1	NA	NA	NA	unphased	2	1	2
5	156957868	156957869	59	6	4	2	2	1	NA	NA	NA	unphased	0.923076923076923	0.923076923076923	1
5	160018107	160018108	56	16	4	2	2	1	NA	NA	NA	unphased	2.22222222222222	1.11111111111111	2
5	160757956	160757957	107	26	4	2	2	1	NA	NA	NA	unphased	1.95488721804511	0.977443609022556	2
5	160758125	160758126	153	25	4	2	2	1	NA	NA	NA	unphased	1.40449438202247	0.702247191011236	2
5	170876251	170876252	62	14	4	2	2	1	NA	NA	NA	unphased	1.84210526315789	0.921052631578947	2
5	176732844	176732845	25	9	4	2	2	1	NA	NA	NA	unphased	2.64705882352941	1.32352941176471	2
5	176778482	176778483	59	11	4	2	2	1	NA	NA	NA	unphased	1.57142857142857	1.57142857142857	1
5	176859090	176859091	92	9	4	2	2	1	NA	NA	NA	unphased	0.891089108910891	0.891089108910891	1
5	178540863	178540864	60	14	1.54	2	2	0.18	0	1	0.82	unphased	1.42648648648649	1.42648648648649	1
5	179201684	179201685	42	7	1.54	2	2	0.18	0	1	0.82	unphased	1.07714285714286	1.07714285714286	1
5	179292989	179292990	23	3	1.54	2	2	0.18	0	1	0.82	unphased	0.87	0.87	1
5	180338441	180338442	204	51	1.54	2	2	0.18	0	1	0.82	unphased	1.508	1.27796610169492	1.18
6	401689	401690	54	4	4	2	2	1	NA	NA	NA	unphased	0.689655172413793	0.689655172413793	1
6	2949160	2949161	99	5	4	2	2	1	NA	NA	NA	unphased	0.480769230769231	0.480769230769231	1
6	7249028	7249029	24	12	4	2	2	1	NA	NA	NA	unphased	3.33333333333333	1.66666666666667	2
6	10755413	10755414	71	6	4	2	2	1	NA	NA	NA	unphased	0.779220779220779	0.779220779220779	1
6	12125446	12125447	224	9	4	2	2	1	NA	NA	NA	unphased	0.386266094420601	0.386266094420601	1
6	18122804	18122805	31	9	4	2	2	1	NA	NA	NA	unphased	2.25	1.125	2
6	25916989	25916990	79	16	4	2	2	1	NA	NA	NA	unphased	1.68421052631579	0.842105263157895	2
6	26200030	26200031	157	50	4	2	2	1	NA	NA	NA	unphased	2.41545893719807	1.20772946859903	2
6	27834893	27834894	187	53	4	2	2	1	NA	NA	NA	unphased	2.20833333333333	1.10416666666667	2
6	29430309	29430310	129	18	4	2	2	1	NA	NA	NA	unphased	1.22448979591837	1.22448979591837	1
6	29556084	29556085	120	24	4	2	2	1	NA	NA	NA	unphased	1.66666666666667	0.833333333333333	2
6	30624498	30624499	65	15	4	2	2	1	NA	NA	NA	unphased	1.875	0.9375	2
6	31997053	31997054	92	22	4	2	2	1	NA	NA	NA	unphased	1.92982456140351	0.964912280701754	2
6	32012898	32012899	39	9	4	2	2	1	NA	NA	NA	unphased	1.875	0.9375	2
6	32046971	32046972	181	10	4	2	2	1	NA	NA	NA	unphased	0.523560209424084	0.523560209424084	1
6	33154516	33154517	106	32	4	2	2	1	NA	NA	NA	unphased	2.31884057971015	1.15942028985507	2
6	33179099	33179100	51	12	4	2	2	1	NA	NA	NA	unphased	1.9047619047619	0.952380952380952	2
6	33237775	33237776	124	24	4	2	2	1	NA	NA	NA	unphased	1.62162162162162	0.810810810810811	2
6	33405508	33405509	147	54	4	2	2	1	NA	NA	NA	unphased	2.6865671641791	1.34328358208955	2
6	33626604	33626605	135	15	4	2	2	1	NA	NA	NA	unphased	1	1	1
6	36106755	36106756	40	7	4	2	2	1	NA	NA	NA	unphased	1.48936170212766	1.48936170212766	1
6	38702369	38702370	117	22	4	2	2	1	NA	NA	NA	unphased	1.58273381294964	0.79136690647482	2
6	41753997	41753998	38	11	4	2	2	1	NA	NA	NA	unphased	2.24489795918367	1.12244897959184	2
6	42141290	42141291	29	5	4	2	2	1	NA	NA	NA	unphased	1.47058823529412	1.47058823529412	1
6	42147072	42147073	42	4	4	2	2	1	NA	NA	NA	unphased	0.869565217391304	0.869565217391304	1
6	42644555	42644556	82	18	4	2	2	1	NA	NA	NA	unphased	1.8	0.9	2
6	42832507	42832508	77	18	4	2	2	1	NA	NA	NA	unphased	1.89473684210526	0.947368421052632	2
6	43499296	43499297	83	8	4	2	2	1	NA	NA	NA	unphased	0.879120879120879	0.879120879120879	1
6	43591805	43591806	50	13	4	2	2	1	NA	NA	NA	unphased	2.06349206349206	1.03174603174603	2
6	46659282	46659283	106	34	4	2	2	1	NA	NA	NA	unphased	2.42857142857143	1.21428571428571	2
6	49427203	49427204	38	7	4	2	2	1	NA	NA	NA	unphased	1.55555555555556	1.55555555555556	1
6	51799085	51799086	76	20	4	2	2	1	NA	NA	NA	unphased	2.08333333333333	1.04166666666667	2
6	52374377	52374378	74	17	4	2	2	1	NA	NA	NA	unphased	1.86813186813187	0.934065934065934	2
6	55145179	55145180	89	19	4	2	2	1	NA	NA	NA	unphased	1.75925925925926	0.87962962962963	2
6	56857345	56857346	132	23	4	2	2	1	NA	NA	NA	unphased	1.48387096774194	0.741935483870968	2
6	57189078	57189079	12	5	4	2	2	1	NA	NA	NA	unphased	2.94117647058824	1.47058823529412	2
6	70962015	70962016	86	5	4	2	2	1	NA	NA	NA	unphased	0.549450549450549	0.549450549450549	1
6	70991168	70991169	15	5	4	2	2	1	NA	NA	NA	unphased	2.5	1.25	2
6	71233803	71233804	30	3	4	2	2	1	NA	NA	NA	unphased	0.909090909090909	0.909090909090909	1
6	72891996	72891997	58	9	4	2	2	1	NA	NA	NA	unphased	1.34328358208955	1.34328358208955	1
6	74228505	74228506	54	12	4	2	2	1	NA	NA	NA	unphased	1.81818181818182	0.909090909090909	2
6	84233330	84233331	105	16	4	2	2	1	NA	NA	NA	unphased	1.32231404958678	1.32231404958678	1
6	87967552	87967553	101	28	4	2	2	1	NA	NA	NA	unphased	2.17054263565891	1.08527131782946	2
6	87968160	87968161	37	11	4	2	2	1	NA	NA	NA	unphased	2.29166666666667	1.14583333333333	2
6	88218205	88218206	41	11	4	2	2	1	NA	NA	NA	unphased	2.11538461538462	1.05769230769231	2
6	88313199	88313200	81	13	4	2	2	1	NA	NA	NA	unphased	1.38297872340426	1.38297872340426	1
6	88854817	88854818	62	16	4	2	2	1	NA	NA	NA	unphased	2.05128205128205	1.02564102564103	2
6	90039499	90039500	72	11	4	2	2	1	NA	NA	NA	unphased	1.32530120481928	1.32530120481928	1
6	99824024	99824025	88	19	4	2	2	1	NA	NA	NA	unphased	1.77570093457944	0.88785046728972	2
6	100964171	100964172	88	9	4	2	2	1	NA	NA	NA	unphased	0.927835051546392	0.927835051546392	1
6	107391045	107391046	29	8	4	2	2	1	NA	NA	NA	unphased	2.16216216216216	1.08108108108108	2
6	107391637	107391638	37	7	4	2	2	1	NA	NA	NA	unphased	1.59090909090909	1.59090909090909	1
6	109471353	109471354	98	17	4	2	2	1	NA	NA	NA	unphased	1.47826086956522	1.47826086956522	1
6	110714367	110714368	226	26	4	2	2	1	NA	NA	NA	unphased	1.03174603174603	1.03174603174603	1
6	110777746	110777747	174	32	4	2	2	1	NA	NA	NA	unphased	1.55339805825243	0.776699029126213	2
6	116579888	116579889	67	10	4	2	2	1	NA	NA	NA	unphased	1.2987012987013	1.2987012987013	1
6	116833429	116833430	60	10	4	2	2	1	NA	NA	NA	unphased	1.42857142857143	1.42857142857143	1
6	117203553	117203554	67	15	4	2	2	1	NA	NA	NA	unphased	1.82926829268293	0.914634146341463	2
6	118812917	118812918	25	8	4	2	2	1	NA	NA	NA	unphased	2.42424242424242	1.21212121212121	2
6	119327767	119327768	105	13	4	2	2	1	NA	NA	NA	unphased	1.10169491525424	1.10169491525424	1
6	128505633	128505634	117	24	4	2	2	1	NA	NA	NA	unphased	1.70212765957447	0.851063829787234	2
6	129939932	129939933	64	5	4	2	2	1	NA	NA	NA	unphased	0.72463768115942	0.72463768115942	1
6	130762580	130762581	75	25	4	2	2	1	NA	NA	NA	unphased	2.5	1.25	2
6	135507086	135507087	98	18	4	2	2	1	NA	NA	NA	unphased	1.55172413793103	0.775862068965517	2
6	136926360	136926361	108	12	4	2	2	1	NA	NA	NA	unphased	1	1	1
6	139233917	139233918	104	22	4	2	2	1	NA	NA	NA	unphased	1.74603174603175	0.873015873015873	2
6	139563976	139563977	72	23	4	2	2	1	NA	NA	NA	unphased	2.42105263157895	1.21052631578947	2
6	146720637	146720638	97	15	4	2	2	1	NA	NA	NA	unphased	1.33928571428571	1.33928571428571	1
6	146875765	146875766	88	8	4	2	2	1	NA	NA	NA	unphased	0.833333333333333	0.833333333333333	1
6	147588245	147588246	137	29	4	2	2	1	NA	NA	NA	unphased	1.74698795180723	0.873493975903614	2
6	148835511	148835512	50	8	4	2	2	1	NA	NA	NA	unphased	1.37931034482759	1.37931034482759	1
6	148865013	148865014	174	32	4	2	2	1	NA	NA	NA	unphased	1.55339805825243	0.776699029126213	2
6	151358113	151358114	65	7	4	2	2	1	NA	NA	NA	unphased	0.972222222222222	0.972222222222222	1
6	152631899	152631900	42	4	4	2	2	1	NA	NA	NA	unphased	0.869565217391304	0.869565217391304	1
6	152784489	152784490	83	18	4	2	2	1	NA	NA	NA	unphased	1.78217821782178	0.891089108910891	2
6	154567875	154567876	80	19	4	2	2	1	NA	NA	NA	unphased	1.91919191919192	0.95959595959596	2
6	159403599	159403600	62	4	4	2	2	1	NA	NA	NA	unphased	0.606060606060606	0.606060606060606	1
6	159653527	159653528	45	8	4	2	2	1	NA	NA	NA	unphased	1.50943396226415	1.50943396226415	1
6	160575894	160575895	50	11	4	2	2	1	NA	NA	NA	unphased	1.80327868852459	0.901639344262295	2
6	161006105	161006106	230	60	4	2	2	1	NA	NA	NA	unphased	2.06896551724138	1.03448275862069	2
6	161032736	161032737	296	48	4	2	2	1	NA	NA	NA	unphased	1.3953488372093	0.697674418604651	2
6	161032737	161032738	295	49	4	2	2	1	NA	NA	NA	unphased	1.42441860465116	0.712209302325581	2
6	161054927	161054928	58	9	4	2	2	1	NA	NA	NA	unphased	1.34328358208955	1.34328358208955	1
6	161054928	161054929	58	9	4	2	2	1	NA	NA	NA	unphased	1.34328358208955	1.34328358208955	1
6	161174114	161174115	36	7	4	2	2	1	NA	NA	NA	unphased	1.62790697674419	1.62790697674419	1
6	162683713	162683714	48	10	4	2	2	1	NA	NA	NA	unphased	1.72413793103448	1.72413793103448	1
6	165715711	165715712	67	25	4	2	2	1	NA	NA	NA	unphased	2.71739130434783	1.35869565217391	2
6	167275638	167275639	166	30	4	2	2	1	NA	NA	NA	unphased	1.53061224489796	0.76530612244898	2
6	168465693	168465694	55	9	8	6	2	1	NA	NA	NA	unphased	1.96875	0.984375	2
6	169623449	169623450	69	17	4	2	2	1	NA	NA	NA	unphased	1.97674418604651	0.988372093023256	2
6	170591877	170591878	66	12	4	2	2	1	NA	NA	NA	unphased	1.53846153846154	1.53846153846154	1
7	796598	796599	31	10	4	2	2	1	NA	NA	NA	unphased	2.4390243902439	1.21951219512195	2
7	4862022	4862023	14	3	4	2	2	1	NA	NA	NA	unphased	1.76470588235294	1.76470588235294	1
7	11485875	11485876	158	34	4	2	2	1	NA	NA	NA	unphased	1.77083333333333	0.885416666666667	2
7	16734481	16734482	80	14	4	2	2	1	NA	NA	NA	unphased	1.48936170212766	1.48936170212766	1
7	21630858	21630859	57	10	4	2	2	1	NA	NA	NA	unphased	1.49253731343284	1.49253731343284	1
7	21805078	21805079	168	10	4	2	2	1	NA	NA	NA	unphased	0.561797752808989	0.561797752808989	1
7	23552535	23552536	68	8	4	2	2	1	NA	NA	NA	unphased	1.05263157894737	1.05263157894737	1
7	27147655	27147656	46	5	4	2	2	1	NA	NA	NA	unphased	0.980392156862745	0.980392156862745	1
7	27187137	27187138	65	4	4	2	2	1	NA	NA	NA	unphased	0.579710144927536	0.579710144927536	1
7	30825464	30825465	122	24	4	2	2	1	NA	NA	NA	unphased	1.64383561643836	0.821917808219178	2
7	31125015	31125016	125	12	4	2	2	1	NA	NA	NA	unphased	0.875912408759124	0.875912408759124	1
7	31617943	31617944	56	4	4	2	2	1	NA	NA	NA	unphased	0.666666666666667	0.666666666666667	1
7	34097699	34097700	47	8	4	2	2	1	NA	NA	NA	unphased	1.45454545454545	1.45454545454545	1
7	36459862	36459863	85	23	4	2	2	1	NA	NA	NA	unphased	2.12962962962963	1.06481481481481	2
7	37780719	37780720	136	22	4	2	2	1	NA	NA	NA	unphased	1.39240506329114	1.39240506329114	1
7	38398125	38398126	80	17	4	2	2	1	NA	NA	NA	unphased	1.75257731958763	0.876288659793814	2
7	43351403	43351404	102	15	4	2	2	1	NA	NA	NA	unphased	1.28205128205128	1.28205128205128	1
7	44149662	44149663	34	12	4	2	2	1	NA	NA	NA	unphased	2.60869565217391	1.30434782608696	2
7	44613520	44613521	20	3	4	2	2	1	NA	NA	NA	unphased	1.30434782608696	1.30434782608696	1
7	45145189	45145190	136	35	4	2	2	1	NA	NA	NA	unphased	2.04678362573099	1.0233918128655	2
7	48318327	48318328	240	45	4	2	2	1	NA	NA	NA	unphased	1.57894736842105	0.789473684210526	2
7	50455144	50455145	18	4	4	2	2	1	NA	NA	NA	unphased	1.81818181818182	1.81818181818182	1
7	50563059	50563060	38	6	4	2	2	1	NA	NA	NA	unphased	1.36363636363636	1.36363636363636	1
7	53103454	53103455	36	7	4	2	2	1	NA	NA	NA	unphased	1.62790697674419	1.62790697674419	1
7	54823561	54823562	57	10	4	2	2	1	NA	NA	NA	unphased	1.49253731343284	1.49253731343284	1
7	55755518	55755519	70	14	4	2	2	1	NA	NA	NA	unphased	1.66666666666667	0.833333333333333	2
7	55863547	55863548	32	7	4	2	2	1	NA	NA	NA	unphased	1.79487179487179	1.79487179487179	1
7	57188673	57188674	74	15	NA	NA	NA	NA	NA	NA	NA	unphased	NA	NA	1
7	62752071	62752072	36	9	NA	NA	NA	NA	NA	NA	NA	unphased	NA	NA	1
7	66406930	66406931	99	25	4	2	2	1	NA	NA	NA	unphased	2.01612903225806	1.00806451612903	2
7	72413642	72413643	136	9	4	2	2	1	NA	NA	NA	unphased	0.620689655172414	0.620689655172414	1
7	73152655	73152656	27	5	4	2	2	1	NA	NA	NA	unphased	1.5625	1.5625	1
7	73245715	73245716	65	16	4	2	2	1	NA	NA	NA	unphased	1.97530864197531	0.987654320987654	2
7	73790473	73790474	35	7	4	2	2	1	NA	NA	NA	unphased	1.66666666666667	1.66666666666667	1
7	77325970	77325971	29	3	4	2	2	1	NA	NA	NA	unphased	0.9375	0.9375	1
7	87069115	87069116	98	19	4	2	2	1	NA	NA	NA	unphased	1.62393162393162	0.811965811965812	2
7	89854660	89854661	145	9	4	2	2	1	NA	NA	NA	unphased	0.584415584415584	0.584415584415584	1
7	91625026	91625027	49	11	4	2	2	1	NA	NA	NA	unphased	1.83333333333333	0.916666666666667	2
7	92098483	92098484	11	3	4	2	2	1	NA	NA	NA	unphased	2.14285714285714	2.14285714285714	1
7	99022729	99022730	75	9	4	2	2	1	NA	NA	NA	unphased	1.07142857142857	1.07142857142857	1
7	99104017	99104018	114	9	4	2	2	1	NA	NA	NA	unphased	0.731707317073171	0.731707317073171	1
7	99490315	99490316	59	23	4	2	2	1	NA	NA	NA	unphased	2.80487804878049	1.40243902439024	2
7	99757729	99757730	121	6	4	2	2	1	NA	NA	NA	unphased	0.47244094488189	0.47244094488189	1
7	99818868	99818869	17	3	4	2	2	1	NA	NA	NA	unphased	1.5	1.5	1
7	100218577	100218578	15	7	4	2	2	1	NA	NA	NA	unphased	3.18181818181818	1.59090909090909	2
7	100244607	100244608	53	11	4	2	2	1	NA	NA	NA	unphased	1.71875	0.859375	2
7	100246285	100246286	37	7	4	2	2	1	NA	NA	NA	unphased	1.59090909090909	1.59090909090909	1
7	100865909	100865910	98	8	4	2	2	1	NA	NA	NA	unphased	0.754716981132075	0.754716981132075	1
7	105664878	105664879	42	13	4	2	2	1	NA	NA	NA	unphased	2.36363636363636	1.18181818181818	2
7	106523598	106523599	115	27	4	2	2	1	NA	NA	NA	unphased	1.90140845070423	0.950704225352113	2
7	107849965	107849966	97	17	4	2	2	1	NA	NA	NA	unphased	1.49122807017544	1.49122807017544	1
7	117432210	117432211	136	40	4	2	2	1	NA	NA	NA	unphased	2.27272727272727	1.13636363636364	2
7	120381639	120381640	48	13	4	2	2	1	NA	NA	NA	unphased	2.13114754098361	1.0655737704918	2
7	120655889	120655890	23	5	4	2	2	1	NA	NA	NA	unphased	1.78571428571429	1.78571428571429	1
7	120971959	120971960	58	15	4	2	2	1	NA	NA	NA	unphased	2.05479452054794	1.02739726027397	2
7	122634979	122634980	134	25	4	2	2	1	NA	NA	NA	unphased	1.57232704402516	0.786163522012579	2
7	127239563	127239564	88	23	4	2	2	1	NA	NA	NA	unphased	2.07207207207207	1.03603603603604	2
7	128492670	128492671	66	18	4	2	2	1	NA	NA	NA	unphased	2.14285714285714	1.07142857142857	2
7	132193404	132193405	15	7	4	2	2	1	NA	NA	NA	unphased	3.18181818181818	1.59090909090909	2
7	134643006	134643007	112	10	4	2	2	1	NA	NA	NA	unphased	0.819672131147541	0.819672131147541	1
7	135291547	135291548	112	7	4	2	2	1	NA	NA	NA	unphased	0.588235294117647	0.588235294117647	1
7	135376382	135376383	41	8	4	2	2	1	NA	NA	NA	unphased	1.63265306122449	1.63265306122449	1
7	138764575	138764576	125	13	4	2	2	1	NA	NA	NA	unphased	0.942028985507246	0.942028985507246	1
7	139715526	139715527	85	13	4	2	2	1	NA	NA	NA	unphased	1.3265306122449	1.3265306122449	1
7	141420839	141420840	116	6	4	2	2	1	NA	NA	NA	unphased	0.491803278688525	0.491803278688525	1
7	141766447	141766448	137	42	4	2	2	1	NA	NA	NA	unphased	2.3463687150838	1.1731843575419	2
7	142605940	142605941	41	12	4	2	2	1	NA	NA	NA	unphased	2.26415094339623	1.13207547169811	2
7	142625884	142625885	93	18	4	2	2	1	NA	NA	NA	unphased	1.62162162162162	0.810810810810811	2
7	142750137	142750138	174	44	4	2	2	1	NA	NA	NA	unphased	2.01834862385321	1.00917431192661	2
7	143039181	143039182	64	13	4	2	2	1	NA	NA	NA	unphased	1.68831168831169	0.844155844155844	2
7	143417139	143417140	65	13	4	2	2	1	NA	NA	NA	unphased	1.66666666666667	0.833333333333333	2
7	143453686	143453687	70	6	4	2	2	1	NA	NA	NA	unphased	0.789473684210526	0.789473684210526	1
7	143748149	143748150	175	35	4	2	2	1	NA	NA	NA	unphased	1.66666666666667	0.833333333333333	2
7	146536873	146536874	49	14	4	2	2	1	NA	NA	NA	unphased	2.22222222222222	1.11111111111111	2
7	148910864	148910865	44	6	4	2	2	1	NA	NA	NA	unphased	1.2	1.2	1
7	149491941	149491942	54	4	4	2	2	1	NA	NA	NA	unphased	0.689655172413793	0.689655172413793	1
7	149515037	149515038	56	7	4	2	2	1	NA	NA	NA	unphased	1.11111111111111	1.11111111111111	1
7	154684413	154684414	29	8	4	2	2	1	NA	NA	NA	unphased	2.16216216216216	1.08108108108108	2
7	155255090	155255091	196	12	4	2	2	1	NA	NA	NA	unphased	0.576923076923077	0.576923076923077	1
7	157926482	157926483	71	15	4	2	2	1	NA	NA	NA	unphased	1.74418604651163	0.872093023255814	2
8	195576	195577	93	7	2	1	1	1	NA	NA	NA	unphased	0.56	0.56	1
8	1833814	1833815	53	6	2	1	1	1	NA	NA	NA	unphased	0.813559322033898	0.813559322033898	1
8	2092606	2092607	94	16	2	1	1	1	NA	NA	NA	unphased	1.16363636363636	1.16363636363636	1
8	3889490	3889491	36	3	2	1	1	1	NA	NA	NA	unphased	0.615384615384615	0.615384615384615	1
8	10469772	10469773	72	9	2	1	1	1	NA	NA	NA	unphased	0.888888888888889	0.888888888888889	1
8	17123432	17123433	78	8	2	1	1	1	NA	NA	NA	unphased	0.744186046511628	0.744186046511628	1
8	17804811	17804812	117	15	2	1	1	1	NA	NA	NA	unphased	0.909090909090909	0.909090909090909	1
8	19694652	19694653	48	11	2	1	1	1	NA	NA	NA	unphased	1.49152542372881	1.49152542372881	1
8	20110801	20110802	82	15	2	1	1	1	NA	NA	NA	unphased	1.23711340206186	1.23711340206186	1
8	23709043	23709044	50	4	2	1	1	1	NA	NA	NA	unphased	0.592592592592593	0.592592592592593	1
8	27634625	27634626	45	7	2	1	1	1	NA	NA	NA	unphased	1.07692307692308	1.07692307692308	1
8	27661008	27661009	33	7	2	1	1	1	NA	NA	NA	unphased	1.4	1.4	1
8	27927170	27927171	46	9	2	1	1	1	NA	NA	NA	unphased	1.30909090909091	1.30909090909091	1
8	37730178	37730179	66	10	2	1	1	1	NA	NA	NA	unphased	1.05263157894737	1.05263157894737	1
8	40389619	40389620	12	3	2	1	1	0.79	1	1	0.21	unphased	1.6	1.6	1
8	42023070	42023071	134	19	2	1	1	0.79	1	1	0.21	unphased	0.993464052287582	0.993464052287582	1
8	42329755	42329756	189	31	2	1	1	0.79	1	1	0.21	unphased	1.12727272727273	1.12727272727273	1
8	42586888	42586889	50	8	2	1	1	0.79	1	1	0.21	unphased	1.10344827586207	1.10344827586207	1
8	42611335	42611336	77	16	2	1	1	0.79	1	1	0.21	unphased	1.37634408602151	1.37634408602151	1
8	48801590	48801591	45	7	2	1	1	0.79	1	1	0.21	unphased	1.07692307692308	1.07692307692308	1
8	49832876	49832877	120	14	2	1	1	0.79	1	1	0.21	unphased	0.835820895522388	0.835820895522388	1
8	54866715	54866716	64	8	2	1	1	0.79	1	1	0.21	unphased	0.888888888888889	0.888888888888889	1
8	67740917	67740918	127	11	2	1	1	0.79	1	1	0.21	unphased	0.63768115942029	0.63768115942029	1
8	68189568	68189569	71	9	2	1	1	0.79	1	1	0.21	unphased	0.9	0.9	1
8	68189577	68189578	67	9	2	1	1	0.79	1	1	0.21	unphased	0.947368421052632	0.947368421052632	1
8	70744642	70744643	45	5	2	1	1	0.79	1	1	0.21	unphased	0.8	0.8	1
8	71068645	71068646	107	13	2	1	1	0.79	1	1	0.21	unphased	0.866666666666667	0.866666666666667	1
8	75227125	75227126	128	12	2	1	1	0.79	1	1	0.21	unphased	0.685714285714286	0.685714285714286	1
8	77618429	77618430	57	7	2	1	1	0.79	1	1	0.21	unphased	0.875	0.875	1
8	92406161	92406162	72	21	2	1	1	0.79	1	1	0.21	unphased	1.80645161290323	1.80645161290323	1
8	92406192	92406193	68	18	2	1	1	0.79	1	1	0.21	unphased	1.67441860465116	1.67441860465116	1
8	103663874	103663875	86	9	2	1	1	0.79	1	1	0.21	unphased	0.757894736842105	0.757894736842105	1
8	103846975	103846976	66	4	2	1	1	0.79	1	1	0.21	unphased	0.457142857142857	0.457142857142857	1
8	104412680	104412681	107	11	2	1	1	0.79	1	1	0.21	unphased	0.745762711864407	0.745762711864407	1
8	104898396	104898397	56	5	2	1	1	0.79	1	1	0.21	unphased	0.655737704918033	0.655737704918033	1
8	110348393	110348394	32	6	2	1	1	0.79	1	1	0.21	unphased	1.26315789473684	1.26315789473684	1
8	110510890	110510891	45	4	2	1	1	0.79	1	1	0.21	unphased	0.653061224489796	0.653061224489796	1
8	113256622	113256623	73	20	3	2	1	1	NA	NA	NA	unphased	1.93548387096774	0.967741935483871	2
8	120940731	120940732	100	37	3	2	1	1	NA	NA	NA	unphased	2.43065693430657	1.21532846715328	2
8	122626599	122626600	152	18	3	2	1	1	NA	NA	NA	unphased	0.952941176470588	0.952941176470588	1
8	125103711	125103712	103	17	3	2	1	1	NA	NA	NA	unphased	1.275	1.275	1
8	128750682	128750683	31	13	3	2	1	1	NA	NA	NA	unphased	2.65909090909091	1.32954545454545	2
8	133764239	133764240	46	6	3	2	1	1	NA	NA	NA	unphased	1.03846153846154	1.03846153846154	1
8	134144054	134144055	55	18	3	2	1	1	NA	NA	NA	unphased	2.21917808219178	1.10958904109589	2
8	134225386	134225387	68	8	3	2	1	1	NA	NA	NA	unphased	0.947368421052632	0.947368421052632	1
8	142229760	142229761	21	4	3	2	1	1	NA	NA	NA	unphased	1.44	1.44	1
8	142432239	142432240	19	3	3	2	1	1	NA	NA	NA	unphased	1.22727272727273	1.22727272727273	1
8	142441044	142441045	45	10	3	2	1	1	NA	NA	NA	unphased	1.63636363636364	1.63636363636364	1
8	143784548	143784549	62	6	3	2	1	1	NA	NA	NA	unphased	0.794117647058824	0.794117647058824	1
8	143960773	143960774	38	13	3	2	1	1	NA	NA	NA	unphased	2.29411764705882	1.14705882352941	2
8	144550668	144550669	11	4	3	2	1	1	NA	NA	NA	unphased	2.4	2.4	1
8	145006691	145006692	79	13	3	2	1	1	NA	NA	NA	unphased	1.27173913043478	1.27173913043478	1
8	145745157	145745158	43	8	3	2	1	1	NA	NA	NA	unphased	1.41176470588235	1.41176470588235	1
8	145753437	145753438	57	8	3	2	1	1	NA	NA	NA	unphased	1.10769230769231	1.10769230769231	1
8	145998870	145998871	78	9	3	2	1	1	NA	NA	NA	unphased	0.931034482758621	0.931034482758621	1
8	146017462	146017463	40	5	3	2	1	1	NA	NA	NA	unphased	1	1	1
9	1056200	1056201	78	12	2.24	2	1	0.24	1	1	0.76	unphased	1.09866666666667	1.09866666666667	1
9	2635509	2635510	187	22	2.24	2	1	0.24	1	1	0.76	unphased	0.867368421052632	0.867368421052632	1
9	14146700	14146701	83	15	2.28	2	1	0.28	1	1	0.72	unphased	1.26734693877551	1.26734693877551	1
9	17388158	17388159	98	19	2.28	2	1	0.28	1	1	0.72	unphased	1.34461538461538	1.34461538461538	1
9	20912882	20912883	38	5	2.28	2	1	0.28	1	1	0.72	unphased	0.962790697674419	0.962790697674419	1
9	21367690	21367691	76	15	2.28	2	1	0.28	1	1	0.72	unphased	1.36483516483517	1.36483516483517	1
9	21818189	21818190	49	8	2.28	2	1	0.28	1	1	0.72	unphased	1.16210526315789	1.16210526315789	1
9	27229243	27229244	82	35	1.64	2	1	0.32	1	0	0.68	unphased	2.28547008547009	1.73141673141673	1.32
9	33318739	33318740	197	12	1.64	2	1	0.32	1	0	0.68	unphased	0.43866028708134	1.37081339712919	0.32
9	35618039	35618040	298	76	1.64	2	1	0.32	1	0	0.68	unphased	1.55251336898396	1.17614649165451	1.32
9	35674213	35674214	39	8	1.64	2	1	0.32	1	0	0.68	unphased	1.30042553191489	1.30042553191489	1
9	35674214	35674215	39	8	1.64	2	1	0.32	1	0	0.68	unphased	1.30042553191489	1.30042553191489	1
9	35754005	35754006	318	54	1.64	2	1	0.32	1	0	0.68	unphased	1.10903225806452	1.10903225806452	1
9	35754006	35754007	316	55	1.64	2	1	0.32	1	0	0.68	unphased	1.13261455525606	1.13261455525606	1
9	35811657	35811658	72	27	1.64	2	1	0.32	1	0	0.68	unphased	2.08363636363636	1.57851239669421	1.32
9	36966712	36966713	50	12	1.64	2	1	0.32	1	0	0.68	unphased	1.47870967741935	1.47870967741935	1
9	38413247	38413248	73	15	1.64	2	1	0.32	1	0	0.68	unphased	1.30227272727273	1.30227272727273	1
9	77400858	77400859	189	24	1.64	2	1	0.32	1	0	0.68	unphased	0.860845070422535	0.860845070422535	1
9	78772026	78772027	83	23	1.64	2	1	0.32	1	0	0.68	unphased	1.6577358490566	1.25586049170955	1.32
9	79118534	79118535	116	6	1.64	2	1	0.32	1	0	0.68	unphased	0.375737704918033	1.17418032786885	0.32
9	79520881	79520882	50	5	1.64	2	1	0.32	1	0	0.68	unphased	0.694545454545455	0.694545454545455	1
9	80336355	80336356	61	28	1.64	2	1	0.32	1	0	0.68	unphased	2.40359550561798	1.82090568607423	1.32
9	86905192	86905193	57	8	1.64	2	1	0.32	1	0	0.68	unphased	0.940307692307692	0.940307692307692	1
9	88938047	88938048	113	9	1.64	2	1	0.32	1	0	0.68	unphased	0.563606557377049	0.563606557377049	1
9	90535904	90535905	351	41	NA	NA	NA	NA	NA	NA	NA	unphased	NA	NA	1
9	90582116	90582117	11	3	1.58	2	1	0.29	1	0	0.71	unphased	1.62428571428571	1.62428571428571	1
9	93375630	93375631	88	6	1.58	2	1	0.29	1	0	0.71	unphased	0.483829787234043	0.483829787234043	1
9	96026303	96026304	14	5	1.58	2	1	0.29	1	0	0.71	unphased	1.99473684210526	1.99473684210526	1
9	98248006	98248007	127	39	1.58	2	1	0.29	1	0	0.71	unphased	1.78084337349398	1.38049873914262	1.29
9	103054822	103054823	45	6	1.58	2	1	0.29	1	0	0.71	unphased	0.891764705882353	0.891764705882353	1
9	103348399	103348400	135	20	1.58	2	1	0.29	1	0	0.71	unphased	0.978064516129032	0.978064516129032	1
9	104433005	104433006	79	12	1.58	2	1	0.29	1	0	0.71	unphased	0.99956043956044	0.99956043956044	1
9	108456878	108456879	28	3	1.58	2	1	0.29	1	0	0.71	unphased	0.733548387096774	0.733548387096774	1
9	111631246	111631247	16	3	1.58	2	1	0.29	1	0	0.71	unphased	1.19684210526316	1.19684210526316	1
9	115449905	115449906	71	8	1.58	2	1	0.29	1	0	0.71	unphased	0.767594936708861	0.767594936708861	1
9	119582991	119582992	80	15	1.58	2	1	0.29	1	0	0.71	unphased	1.19684210526316	1.19684210526316	1
9	119903657	119903658	53	14	1.58	2	1	0.29	1	0	0.71	unphased	1.58388059701493	1.22781441629064	1.29
9	123538384	123538385	139	18	1.58	2	1	0.29	1	0	0.71	unphased	0.869044585987261	0.869044585987261	1
9	123628311	123628312	74	7	1.58	2	1	0.29	1	0	0.71	unphased	0.655061728395062	0.655061728395062	1
9	123907592	123907593	120	16	1.58	2	1	0.29	1	0	0.71	unphased	0.891764705882353	0.891764705882353	1
9	124534996	124534997	56	8	1.58	2	1	0.29	1	0	0.71	unphased	0.9475	0.9475	1
9	124801586	124801587	75	10	1.58	2	1	0.29	1	0	0.71	unphased	0.891764705882353	0.891764705882353	1
9	124929054	124929055	24	3	1.58	2	1	0.29	1	0	0.71	unphased	0.842222222222222	0.842222222222222	1
9	125084909	125084910	27	3	1.58	2	1	0.29	1	0	0.71	unphased	0.758	0.758	1
9	125552141	125552142	59	6	1.58	2	1	0.29	1	0	0.71	unphased	0.699692307692308	0.699692307692308	1
9	127674181	127674182	127	6	1.58	2	1	0.29	1	0	0.71	unphased	0.341954887218045	1.1791547835105	0.29
9	129870627	129870628	36	9	1.58	2	1	0.29	1	0	0.71	unphased	1.516	1.516	1
9	129870960	129870961	47	5	1.58	2	1	0.29	1	0	0.71	unphased	0.728846153846154	0.728846153846154	1
9	131371235	131371236	175	25	1.58	2	1	0.29	1	0	0.71	unphased	0.9475	0.9475	1
9	131482826	131482827	52	8	1.58	2	1	0.29	1	0	0.71	unphased	1.01066666666667	1.01066666666667	1
9	131671400	131671401	67	10	1.58	2	1	0.29	1	0	0.71	unphased	0.984415584415584	0.984415584415584	1
9	132569565	132569566	149	11	1.58	2	1	0.29	1	0	0.71	unphased	0.521125	0.521125	1
9	134136224	134136225	103	27	1.58	2	1	0.29	1	0	0.71	unphased	1.57430769230769	1.22039355992844	1.29
9	135277989	135277990	91	23	1.58	2	1	0.29	1	0	0.71	unphased	1.52929824561403	1.18550251597987	1.29
9	136230384	136230385	42	9	1.58	2	1	0.29	1	0	0.71	unphased	1.33764705882353	1.33764705882353	1
9	136310875	136310876	39	11	1.58	2	1	0.29	1	0	0.71	unphased	1.6676	1.6676	1
9	137803098	137803099	213	30	1.58	2	1	0.29	1	0	0.71	unphased	0.935802469135802	0.935802469135802	1
9	138709897	138709898	36	4	1.58	2	1	0.29	1	0	0.71	unphased	0.758	0.758	1
9	139404255	139404256	95	30	1.58	2	1	0.29	1	0	0.71	unphased	1.8192	1.41023255813953	1.29
9	139944973	139944974	36	7	1.58	2	1	0.29	1	0	0.71	unphased	1.23395348837209	1.23395348837209	1
9	140138201	140138202	183	25	1.58	2	1	0.29	1	0	0.71	unphased	0.911057692307692	0.911057692307692	1
X	10096092	10096093	47	15	NA	NA	NA	NA	NA	NA	NA	unphased	NA	NA	1
X	13727625	13727626	13	5	NA	NA	NA	NA	NA	NA	NA	unphased	NA	NA	1
X	15540711	15540712	50	7	NA	NA	NA	NA	NA	NA	NA	unphased	NA	NA	1
X	17768239	17768240	58	42	NA	NA	NA	NA	NA	NA	NA	unphased	NA	NA	1
X	18622686	18622687	69	40	NA	NA	NA	NA	NA	NA	NA	unphased	NA	NA	1
X	30260574	30260575	21	7	NA	NA	NA	NA	NA	NA	NA	unphased	NA	NA	1
X	35974293	35974294	28	7	NA	NA	NA	NA	NA	NA	NA	unphased	NA	NA	1
X	47001789	47001790	20	4	NA	NA	NA	NA	NA	NA	NA	unphased	NA	NA	1
X	47083884	47083885	34	8	NA	NA	NA	NA	NA	NA	NA	unphased	NA	NA	1
X	47307414	47307415	21	11	NA	NA	NA	NA	NA	NA	NA	unphased	NA	NA	1
X	48339834	48339835	27	7	NA	NA	NA	NA	NA	NA	NA	unphased	NA	NA	1
X	53652123	53652124	51	9	NA	NA	NA	NA	NA	NA	NA	unphased	NA	NA	1
X	73049003	73049004	17	4	NA	NA	NA	NA	NA	NA	NA	unphased	NA	NA	1
X	78426764	78426765	34	12	NA	NA	NA	NA	NA	NA	NA	unphased	NA	NA	1
X	90690955	90690956	50	22	NA	NA	NA	NA	NA	NA	NA	unphased	NA	NA	1
X	90690969	90690970	54	20	NA	NA	NA	NA	NA	NA	NA	unphased	NA	NA	1
X	99943191	99943192	2	6	NA	NA	NA	NA	NA	NA	NA	unphased	NA	NA	1
X	100093250	100093251	50	13	NA	NA	NA	NA	NA	NA	NA	unphased	NA	NA	1
X	101396214	101396215	26	9	NA	NA	NA	NA	NA	NA	NA	unphased	NA	NA	1
X	102968474	102968475	31	16	NA	NA	NA	NA	NA	NA	NA	unphased	NA	NA	1
X	115578012	115578013	34	16	NA	NA	NA	NA	NA	NA	NA	unphased	NA	NA	1
X	118603884	118603885	69	62	NA	NA	NA	NA	NA	NA	NA	unphased	NA	NA	1
X	118786855	118786856	34	11	NA	NA	NA	NA	NA	NA	NA	unphased	NA	NA	1
X	128894497	128894498	167	27	NA	NA	NA	NA	NA	NA	NA	unphased	NA	NA	1
X	135428207	135428208	25	23	NA	NA	NA	NA	NA	NA	NA	unphased	NA	NA	1
X	135630822	135630823	105	65	NA	NA	NA	NA	NA	NA	NA	unphased	NA	NA	1
X	142596928	142596929	39	28	NA	NA	NA	NA	NA	NA	NA	unphased	NA	NA	1
X	148797769	148797770	71	29	NA	NA	NA	NA	NA	NA	NA	unphased	NA	NA	1
X	152721101	152721102	50	5	NA	NA	NA	NA	NA	NA	NA	unphased	NA	NA	1
X	152845824	152845825	6	6	NA	NA	NA	NA	NA	NA	NA	unphased	NA	NA	1
X	153221811	153221812	66	19	NA	NA	NA	NA	NA	NA	NA	unphased	NA	NA	1
