chr	start	end	WT.count	mut.count	subclonal.CN	nMaj1	nMin1	frac1	nMaj2	nMin2	frac2	phase	mutation.copy.number	subclonal.fraction	no.chrs.bearing.mut
1	2450625	2450626	32	17	2.12	2	1	0.12	1	1	0.88	unphased	1.0053514739229	1.0053514739229	1
1	7724157	7724158	57	19	2.12	2	1	0.12	1	1	0.88	unphased	0.724444444444445	0.724444444444445	1
1	7725035	7725036	69	78	2.12	2	1	0.12	1	1	0.88	unphased	1.53759637188209	1.37285390346615	1.12
1	9107748	9107749	75	22	2.12	2	1	0.12	1	1	0.88	unphased	0.657227949599084	0.657227949599084	1
1	11561833	11561834	10	4	1.1	2	1	0.05	0	1	0.95	unphased	0.536507936507936	0.536507936507936	1
1	12144547	12144548	36	28	1.1	2	1	0.05	0	1	0.95	unphased	0.821527777777778	0.821527777777778	1
1	12885338	12885339	55	103	1.1	2	1	0.05	0	1	0.95	unphased	1.22412095639944	1.16582948228518	1.05
1	12907681	12907682	152	37	1.1	2	1	0.05	0	1	0.95	unphased	0.367607289829512	0.367607289829512	1
1	14106294	14106295	47	17	1.1	2	1	0.05	0	1	0.95	unphased	0.498784722222222	0.498784722222222	1
1	17298932	17298933	8	15	1.1	2	1	0.05	0	1	0.95	unphased	1.22463768115942	1.22463768115942	1
1	18691800	18691801	29	31	1.1	2	1	0.05	0	1	0.95	unphased	0.970185185185185	0.970185185185185	1
1	19969871	19969872	24	7	1.1	2	1	0.05	0	1	0.95	unphased	0.424014336917563	0.424014336917563	1
1	20249178	20249179	42	12	1.1	2	1	0.05	0	1	0.95	unphased	0.417283950617284	0.417283950617284	1
1	22028007	22028008	36	12	1.1	2	1	0.05	0	1	0.95	unphased	0.469444444444444	0.469444444444444	1
1	27877070	27877071	23	26	1.1	2	1	0.05	0	1	0.95	unphased	0.996371882086168	0.996371882086168	1
1	28233751	28233752	111	23	1.1	2	1	0.05	0	1	0.95	unphased	0.322305140961857	0.322305140961857	1
1	32740505	32740506	18	24	1.1	2	1	0.05	0	1	0.95	unphased	1.07301587301587	1.07301587301587	1
1	32782331	32782332	66	64	1.1	2	1	0.05	0	1	0.95	unphased	0.924444444444445	0.924444444444445	1
1	33276517	33276518	249	45	4	2	2	1	NA	NA	NA	unphased	0.731292517006803	0.731292517006803	1
1	35260504	35260505	30	22	4	2	2	1	NA	NA	NA	unphased	2.02136752136752	1.01068376068376	2
1	39788297	39788298	128	9	4	2	2	1	NA	NA	NA	unphased	0.313868613138686	0.313868613138686	1
1	41092229	41092230	21	11	1.44	3	2	0.11	1	0	0.89	unphased	0.762361111111111	0.762361111111111	1
1	41450644	41450645	56	38	1.44	3	2	0.11	1	0	0.89	unphased	0.896548463356974	0.896548463356974	1
1	41618288	41618289	63	19	1.44	3	2	0.11	1	0	0.89	unphased	0.513875338753388	0.513875338753388	1
1	41976630	41976631	32	46	1.44	3	2	0.11	1	0	0.89	unphased	1.30792022792023	1.07206576059035	1.22
1	43788390	43788391	21	13	1.44	3	2	0.11	1	0	0.89	unphased	0.84797385620915	0.84797385620915	1
1	43890086	43890087	52	23	1.44	3	2	0.11	1	0	0.89	unphased	0.680118518518519	0.680118518518519	1
1	44437842	44437843	100	18	1.44	3	2	0.11	1	0	0.89	unphased	0.338305084745763	0.338305084745763	1
1	45295397	45295398	66	37	1.44	3	2	0.11	1	0	0.89	unphased	0.796677454153182	0.796677454153182	1
1	47746794	47746795	102	12	3	2	1	1	NA	NA	NA	unphased	0.39766081871345	0.39766081871345	1
1	53535628	53535629	3	5	3	2	1	1	NA	NA	NA	unphased	2.36111111111111	1.18055555555556	2
1	57185862	57185863	27	26	3	2	1	1	NA	NA	NA	unphased	1.85324947589099	0.926624737945493	2
1	60297838	60297839	47	32	3	2	1	1	NA	NA	NA	unphased	1.53023909985935	0.765119549929677	2
1	62703854	62703855	8	8	3	2	1	1	NA	NA	NA	unphased	1.88888888888889	0.944444444444445	2
1	64038193	64038194	17	7	3	2	1	1	NA	NA	NA	unphased	1.10185185185185	1.10185185185185	1
1	67194969	67194970	39	46	3	2	1	1	NA	NA	NA	unphased	2.04444444444444	1.02222222222222	2
1	67337071	67337072	59	19	3	2	1	1	NA	NA	NA	unphased	0.92022792022792	0.92022792022792	1
1	74670731	74670732	52	11	3	2	1	1	NA	NA	NA	unphased	0.659611992945326	0.659611992945326	1
1	75038039	75038040	66	22	3	2	1	1	NA	NA	NA	unphased	0.944444444444445	0.944444444444445	1
1	75055640	75055641	70	20	3	2	1	1	NA	NA	NA	unphased	0.839506172839506	0.839506172839506	1
1	78325062	78325063	57	8	3	2	1	1	NA	NA	NA	unphased	0.464957264957265	0.464957264957265	1
1	84815511	84815512	39	16	3	2	1	1	NA	NA	NA	unphased	1.0989898989899	1.0989898989899	1
1	86581051	86581052	26	7	3	2	1	1	NA	NA	NA	unphased	0.801346801346802	0.801346801346802	1
1	86889846	86889847	19	5	3	2	1	1	NA	NA	NA	unphased	0.787037037037037	0.787037037037037	1
1	86919205	86919206	46	35	3	2	1	1	NA	NA	NA	unphased	1.6323731138546	0.816186556927298	2
1	89273111	89273112	96	10	3	2	1	1	NA	NA	NA	unphased	0.356394129979036	0.356394129979036	1
1	91843633	91843634	59	17	3	2	1	1	NA	NA	NA	unphased	0.845029239766082	0.845029239766082	1
1	92789787	92789788	53	49	3	2	1	1	NA	NA	NA	unphased	1.81481481481481	0.907407407407407	2
1	97272444	97272445	49	9	3	2	1	1	NA	NA	NA	unphased	0.586206896551724	0.586206896551724	1
1	99771696	99771697	59	67	3	2	1	1	NA	NA	NA	unphased	2.00881834215168	1.00440917107584	2
1	101704509	101704510	10	11	3	2	1	1	NA	NA	NA	unphased	1.97883597883598	0.98941798941799	2
1	103354444	103354445	78	8	3	2	1	1	NA	NA	NA	unphased	0.351421188630491	0.351421188630491	1
1	103467480	103467481	54	10	3	2	1	1	NA	NA	NA	unphased	0.590277777777778	0.590277777777778	1
1	103471676	103471677	50	13	3	2	1	1	NA	NA	NA	unphased	0.779541446208113	0.779541446208113	1
1	109191483	109191484	24	16	2	1	1	1	NA	NA	NA	unphased	1.11111111111111	1.11111111111111	1
1	109849516	109849517	20	8	2	1	1	1	NA	NA	NA	unphased	0.793650793650794	0.793650793650794	1
1	109849644	109849645	17	15	2	1	1	1	NA	NA	NA	unphased	1.30208333333333	1.30208333333333	1
1	111061110	111061111	32	14	2	1	1	1	NA	NA	NA	unphased	0.845410628019324	0.845410628019324	1
1	114682277	114682278	14	10	2	1	1	1	NA	NA	NA	unphased	1.15740740740741	1.15740740740741	1
1	115319022	115319023	52	23	2	1	1	1	NA	NA	NA	unphased	0.851851851851852	0.851851851851852	1
1	120306918	120306919	50	14	1.2	2	1	0.1	1	0	0.9	unphased	0.432638888888889	0.432638888888889	1
1	142713457	142713458	30	19	NA	NA	NA	NA	NA	NA	NA	unphased	NA	NA	1
1	142803548	142803549	95	9	NA	NA	NA	NA	NA	NA	NA	unphased	NA	NA	1
1	144873992	144873993	431	92	2.78	3	2	0.26	1	1	0.74	unphased	0.625842362438921	0.625842362438921	1
1	145765121	145765122	42	5	6	4	2	1	NA	NA	NA	unphased	0.721040189125296	0.721040189125296	1
1	147380930	147380931	55	35	6	4	2	1	NA	NA	NA	unphased	2.6358024691358	0.878600823045268	3
1	150484273	150484274	66	15	6	4	2	1	NA	NA	NA	unphased	1.25514403292181	1.25514403292181	1
1	150525636	150525637	85	18	6	4	2	1	NA	NA	NA	unphased	1.18446601941748	1.18446601941748	1
1	150529142	150529143	133	73	6	4	2	1	NA	NA	NA	unphased	2.40183387270766	0.800611290902553	3
1	152057968	152057969	163	60	6	4	2	1	NA	NA	NA	unphased	1.82361733931241	0.911808669656203	2
1	152081139	152081140	171	29	6	4	2	1	NA	NA	NA	unphased	0.982777777777778	0.982777777777778	1
1	152190876	152190877	419	261	6	4	2	1	NA	NA	NA	unphased	2.6014705882353	0.867156862745098	3
1	152277184	152277185	548	101	NA	NA	NA	NA	NA	NA	NA	unphased	NA	NA	1
1	152278993	152278994	525	141	NA	NA	NA	NA	NA	NA	NA	unphased	NA	NA	1
1	152279942	152279943	689	121	NA	NA	NA	NA	NA	NA	NA	unphased	NA	NA	1
1	152283877	152283878	714	140	NA	NA	NA	NA	NA	NA	NA	unphased	NA	NA	1
1	152325707	152325708	396	229	1.3	4	2	0.06	0	1	0.94	unphased	0.761297777777778	0.761297777777778	1
1	152538331	152538332	95	32	1.3	4	2	0.06	0	1	0.94	unphased	0.523534558180228	0.523534558180228	1
1	152770506	152770507	47	25	6	4	2	1	NA	NA	NA	unphased	2.3533950617284	1.1766975308642	2
1	154218750	154218751	125	42	6	4	2	1	NA	NA	NA	unphased	1.70459081836327	0.852295409181637	2
1	154525294	154525295	88	28	6	4	2	1	NA	NA	NA	unphased	1.6360153256705	0.818007662835249	2
1	154544389	154544390	11	5	6	4	2	1	NA	NA	NA	unphased	2.11805555555556	2.11805555555556	1
1	154962936	154962937	69	11	6	4	2	1	NA	NA	NA	unphased	0.931944444444445	0.931944444444445	1
1	155148067	155148068	94	17	6	4	2	1	NA	NA	NA	unphased	1.03803803803804	1.03803803803804	1
1	155148464	155148465	269	107	6	4	2	1	NA	NA	NA	unphased	1.92878250591017	0.964391252955083	2
1	155884039	155884040	95	38	6	4	2	1	NA	NA	NA	unphased	1.93650793650794	0.968253968253968	2
1	156027834	156027835	78	16	6	4	2	1	NA	NA	NA	unphased	1.15366430260047	1.15366430260047	1
1	156639928	156639929	63	42	3.28	3	2	0.57	1	0	0.43	unphased	1.62311111111111	1.03382873319179	1.57
1	156880455	156880456	26	27	3.28	3	2	0.57	1	0	0.43	unphased	2.06716981132075	0.965967201551755	2.14
1	157106101	157106102	149	124	3.28	3	2	0.57	1	0	0.43	unphased	1.8430932030932	0.861258506118319	2.14
1	157556222	157556223	40	37	3.28	3	2	0.57	1	0	0.43	unphased	1.94984126984127	0.911140780299659	2.14
1	157803199	157803200	123	18	3.28	3	2	0.57	1	0	0.43	unphased	0.518014184397163	0.908796814731865	0.57
1	158590078	158590079	48	39	3.28	3	2	0.57	1	0	0.43	unphased	1.81900383141762	0.850001790382067	2.14
1	158622409	158622410	60	25	3.28	3	2	0.57	1	0	0.43	unphased	1.19346405228758	1.19346405228758	1
1	158631159	158631160	71	75	3.28	3	2	0.57	1	0	0.43	unphased	2.08447488584475	0.974053684974182	2.14
1	159032370	159032371	12	7	3.28	3	2	0.57	1	0	0.43	unphased	1.49497076023392	1.49497076023392	1
1	159166948	159166949	15	4	3.28	3	2	0.57	1	0	0.43	unphased	0.854269005847953	0.854269005847953	1
1	159921457	159921458	53	35	3.28	3	2	0.57	1	0	0.43	unphased	1.61388888888889	1.02795470629866	1.57
1	160604557	160604558	67	34	3.28	3	2	0.57	1	0	0.43	unphased	1.36598459845985	0.870053884369329	1.57
1	160604683	160604684	33	33	3.28	3	2	0.57	1	0	0.43	unphased	2.02888888888889	0.948078920041537	2.14
1	160808276	160808277	97	12	3.28	3	2	0.57	1	0	0.43	unphased	0.446727828746177	0.783733032888031	0.57
1	161022310	161022311	159	94	3.28	3	2	0.57	1	0	0.43	unphased	1.50763285024155	0.960275700790794	1.57
1	161494983	161494984	34	27	3.28	3	2	0.57	1	0	0.43	unphased	1.79606557377049	1.14399081131878	1.57
1	161967783	161967784	53	36	3.28	3	2	0.57	1	0	0.43	unphased	1.64134831460674	1.04544478637372	1.57
1	165380286	165380287	56	20	3.28	3	2	0.57	1	0	0.43	unphased	1.06783625730994	1.06783625730994	1
1	165380289	165380290	54	23	3.28	3	2	0.57	1	0	0.43	unphased	1.21206349206349	1.21206349206349	1
1	165514088	165514089	114	51	3.28	3	2	0.57	1	0	0.43	unphased	1.25422222222222	0.798867657466384	1.57
1	173881079	173881080	104	66	3.28	3	2	0.57	1	0	0.43	unphased	1.57537254901961	1.00342200574497	1.57
1	173886449	173886450	10	16	3.28	3	2	0.57	1	0	0.43	unphased	2.49709401709402	0.971631913266154	2.57
1	175067679	175067680	64	27	3.28	3	2	0.57	1	0	0.43	unphased	1.20395604395604	1.20395604395604	1
1	175334405	175334406	15	21	3.28	3	2	0.57	1	0	0.43	unphased	2.36703703703704	0.921026084450209	2.57
1	179460789	179460790	119	71	3.28	3	2	0.57	1	0	0.43	unphased	1.51632748538012	0.965813684955488	1.57
1	179590170	179590171	65	35	3.28	3	2	0.57	1	0	0.43	unphased	1.42022222222222	0.904600141542817	1.57
1	179604988	179604989	51	32	3.28	3	2	0.57	1	0	0.43	unphased	1.56444444444444	0.996461429582449	1.57
1	179632614	179632615	33	31	3.28	3	2	0.57	1	0	0.43	unphased	1.96548611111111	0.918451453790239	2.14
1	181767983	181767984	11	9	3.28	3	2	0.57	1	0	0.43	unphased	1.826	0.853271028037383	2.14
1	182850426	182850427	79	47	3.28	3	2	0.57	1	0	0.43	unphased	1.51361552028219	0.964086318651075	1.57
1	183711406	183711407	74	41	3.28	3	2	0.57	1	0	0.43	unphased	1.44668599033816	0.921456044801379	1.57
1	183920139	183920140	117	75	3.28	3	2	0.57	1	0	0.43	unphased	1.58506944444444	1.00959837225761	1.57
1	184764143	184764144	74	50	3.28	3	2	0.57	1	0	0.43	unphased	1.63620071684588	1.04216606168527	1.57
1	186008060	186008061	82	19	3.28	3	2	0.57	1	0	0.43	unphased	0.763344334433443	0.763344334433443	1
1	186055508	186055509	34	34	3.28	3	2	0.57	1	0	0.43	unphased	2.02888888888889	0.948078920041537	2.14
1	190250820	190250821	45	11	1.5	2	1	0.25	1	0	0.75	unphased	0.447420634920635	0.447420634920635	1
1	196946708	196946709	12	14	3	2	1	1	NA	NA	NA	unphased	2.03418803418803	1.01709401709402	2
1	196967415	196967416	20	19	3	2	1	1	NA	NA	NA	unphased	1.84045584045584	0.92022792022792	2
1	197297551	197297552	13	21	3	2	1	1	NA	NA	NA	unphased	2.33333333333333	1.16666666666667	2
1	200876999	200877000	23	12	3	2	1	1	NA	NA	NA	unphased	1.2952380952381	1.2952380952381	1
1	201286763	201286764	12	11	3	2	1	1	NA	NA	NA	unphased	1.80676328502415	0.903381642512077	2
1	204957969	204957970	21	8	3	2	1	1	NA	NA	NA	unphased	1.04214559386973	1.04214559386973	1
1	207010116	207010117	59	72	3	2	1	1	NA	NA	NA	unphased	2.0763358778626	1.0381679389313	2
1	208270129	208270130	43	15	3	2	1	1	NA	NA	NA	unphased	0.977011494252874	0.977011494252874	1
1	211652373	211652374	3	6	3	2	1	1	NA	NA	NA	unphased	2.51851851851852	1.25925925925926	2
1	216498789	216498790	40	46	3	2	1	1	NA	NA	NA	unphased	2.02067183462532	1.01033591731266	2
1	220219791	220219792	5	10	3	2	1	1	NA	NA	NA	unphased	2.51851851851852	1.25925925925926	2
1	228335978	228335979	8	3	3	2	1	1	NA	NA	NA	unphased	1.03030303030303	1.03030303030303	1
1	230472902	230472903	39	11	3	2	1	1	NA	NA	NA	unphased	0.831111111111111	0.831111111111111	1
1	231473256	231473257	21	23	3	2	1	1	NA	NA	NA	unphased	1.97474747474747	0.987373737373737	2
1	232002341	232002342	23	5	3	2	1	1	NA	NA	NA	unphased	0.674603174603175	0.674603174603175	1
1	235715444	235715445	69	94	3	2	1	1	NA	NA	NA	unphased	2.1785957736878	1.0892978868439	2
1	236145042	236145043	49	14	3	2	1	1	NA	NA	NA	unphased	0.839506172839506	0.839506172839506	1
1	236145046	236145047	50	16	3	2	1	1	NA	NA	NA	unphased	0.915824915824916	0.915824915824916	1
1	236924323	236924324	49	20	3	2	1	1	NA	NA	NA	unphased	1.09500805152979	1.09500805152979	1
1	237167586	237167587	32	5	3	2	1	1	NA	NA	NA	unphased	0.510510510510511	0.510510510510511	1
1	237831199	237831200	4	6	3	2	1	1	NA	NA	NA	unphased	2.26666666666667	1.13333333333333	2
1	237831200	237831201	4	6	3	2	1	1	NA	NA	NA	unphased	2.26666666666667	1.13333333333333	2
1	237868565	237868566	15	3	3	2	1	1	NA	NA	NA	unphased	0.62962962962963	0.62962962962963	1
1	240071544	240071545	26	47	3	2	1	1	NA	NA	NA	unphased	2.43226788432268	1.21613394216134	2
1	241753360	241753361	79	21	3	2	1	1	NA	NA	NA	unphased	0.793333333333333	0.793333333333333	1
1	241757664	241757665	23	22	3	2	1	1	NA	NA	NA	unphased	1.84691358024691	0.923456790123457	2
1	247492593	247492594	41	19	3	2	1	1	NA	NA	NA	unphased	1.1962962962963	1.1962962962963	1
1	247592947	247592948	40	59	3	2	1	1	NA	NA	NA	unphased	2.25140291806958	1.12570145903479	2
1	247597425	247597426	73	25	3	2	1	1	NA	NA	NA	unphased	0.963718820861678	0.963718820861678	1
1	248436325	248436326	92	85	3	2	1	1	NA	NA	NA	unphased	1.81418706842436	0.907093534212178	2
1	248458409	248458410	74	16	3	2	1	1	NA	NA	NA	unphased	0.671604938271605	0.671604938271605	1
1	248458593	248458594	39	23	3	2	1	1	NA	NA	NA	unphased	1.40143369175627	0.700716845878136	2
1	248458594	248458595	39	24	3	2	1	1	NA	NA	NA	unphased	1.43915343915344	0.71957671957672	2
1	248525577	248525578	70	88	3	2	1	1	NA	NA	NA	unphased	2.10407876230661	1.05203938115331	2
10	5789335	5789336	145	38	4	2	2	1	NA	NA	NA	unphased	0.99210686095932	0.99210686095932	1
10	11505064	11505065	31	21	2.22	2	2	0.11	1	1	0.89	unphased	1.21064102564103	1.21064102564103	1
10	11567386	11567387	52	33	2.22	2	2	0.11	1	1	0.89	unphased	1.1638431372549	1.1638431372549	1
10	17110258	17110259	70	36	2.22	2	2	0.11	1	1	0.89	unphased	1.01811320754717	1.01811320754717	1
10	18280158	18280159	42	40	2.22	2	2	0.11	1	1	0.89	unphased	1.46233062330623	1.31741497595156	1.11
10	18789787	18789788	40	34	2.22	2	2	0.11	1	1	0.89	unphased	1.37735735735736	1.24086248410573	1.11
10	22208760	22208761	69	51	2.22	2	2	0.11	1	1	0.89	unphased	1.27405555555556	1.1477977977978	1.11
10	25701353	25701354	94	84	2.22	2	2	0.11	1	1	0.89	unphased	1.41468164794008	1.27448797111718	1.11
10	26455088	26455089	109	85	2.22	2	2	0.11	1	1	0.89	unphased	1.31345933562428	1.18329669876062	1.11
10	26534848	26534849	19	5	2.22	2	2	0.11	1	1	0.89	unphased	0.624537037037037	0.624537037037037	1
10	27493466	27493467	31	10	2.32	2	2	0.16	1	1	0.84	unphased	0.755555555555556	0.755555555555556	1
10	27493467	27493468	30	11	2.32	2	2	0.16	1	1	0.84	unphased	0.831111111111111	0.831111111111111	1
10	30336468	30336469	32	19	2.32	2	2	0.16	1	1	0.84	unphased	1.15407407407407	1.15407407407407	1
10	30656771	30656772	41	10	2.32	2	2	0.16	1	1	0.84	unphased	0.607407407407407	0.607407407407407	1
10	31809606	31809607	41	22	2.32	2	2	0.16	1	1	0.84	unphased	1.08176366843034	1.08176366843034	1
10	38343713	38343714	51	27	2.7	2	2	0.35	1	1	0.65	unphased	1.20384615384615	1.20384615384615	1
10	44052017	44052018	14	5	2.7	2	2	0.35	1	1	0.65	unphased	0.915204678362573	0.915204678362573	1
10	46967677	46967678	154	11	NA	NA	NA	NA	NA	NA	NA	unphased	NA	NA	1
10	54527755	54527756	21	17	4	2	2	1	NA	NA	NA	unphased	2.1374269005848	1.0687134502924	2
10	55566771	55566772	44	29	4	2	2	1	NA	NA	NA	unphased	1.89802130898021	0.949010654490107	2
10	55955633	55955634	49	33	4	2	2	1	NA	NA	NA	unphased	1.92276422764228	0.961382113821138	2
10	61830561	61830562	103	76	4	2	2	1	NA	NA	NA	unphased	2.02855369335816	1.01427684667908	2
10	63170200	63170201	47	18	4	2	2	1	NA	NA	NA	unphased	1.32307692307692	1.32307692307692	1
10	64967478	64967479	115	67	4	2	2	1	NA	NA	NA	unphased	1.75885225885226	0.87942612942613	2
10	68686232	68686233	51	51	4	2	2	1	NA	NA	NA	unphased	2.38888888888889	1.19444444444444	2
10	70333279	70333280	130	80	4	2	2	1	NA	NA	NA	unphased	1.82010582010582	0.91005291005291	2
10	71158456	71158457	19	22	4	2	2	1	NA	NA	NA	unphased	2.56368563685637	1.28184281842818	2
10	73058921	73058922	97	88	4	2	2	1	NA	NA	NA	unphased	2.27267267267267	1.13633633633634	2
10	73567651	73567652	8	9	4	2	2	1	NA	NA	NA	unphased	2.52941176470588	1.26470588235294	2
10	78646960	78646961	183	153	4	2	2	1	NA	NA	NA	unphased	2.17559523809524	1.08779761904762	2
10	78771793	78771794	45	37	4	2	2	1	NA	NA	NA	unphased	2.15582655826558	1.07791327913279	2
10	91359244	91359245	24	44	2	2	0	1	NA	NA	NA	unphased	1.79738562091503	0.898692810457516	2
10	94291553	94291554	7	41	2	2	0	1	NA	NA	NA	unphased	2.37268518518519	1.18634259259259	2
10	99126539	99126540	22	93	2	2	0	1	NA	NA	NA	unphased	2.2463768115942	1.1231884057971	2
10	102750197	102750198	70	46	2	2	0	1	NA	NA	NA	unphased	1.10153256704981	1.10153256704981	1
10	104536130	104536131	12	26	2	2	0	1	NA	NA	NA	unphased	1.90058479532164	0.950292397660819	2
10	107012559	107012560	24	47	2	2	0	1	NA	NA	NA	unphased	1.83881064162754	0.919405320813772	2
10	108536370	108536371	29	39	2	2	0	1	NA	NA	NA	unphased	1.59313725490196	0.79656862745098	2
10	115423620	115423621	9	28	2	2	0	1	NA	NA	NA	unphased	2.1021021021021	1.05105105105105	2
10	116056705	116056706	13	30	2	2	0	1	NA	NA	NA	unphased	1.93798449612403	0.968992248062016	2
10	118351338	118351339	25	91	3	3	0	1	NA	NA	NA	unphased	2.96360153256705	0.98786717752235	3
10	118897450	118897451	10	31	3	3	0	1	NA	NA	NA	unphased	2.85636856368564	0.952122854561879	3
10	119305184	119305185	9	35	3	3	0	1	NA	NA	NA	unphased	3.00505050505051	1.0016835016835	3
10	119799783	119799784	37	121	3	3	0	1	NA	NA	NA	unphased	2.89310829817159	0.964369432723863	3
10	124457543	124457544	11	37	3	3	0	1	NA	NA	NA	unphased	2.91203703703704	0.970679012345679	3
11	293726	293727	72	16	2	1	1	0.75	1	1	0.25	unphased	0.505050505050505	0.505050505050505	1
11	800235	800236	27	4	2	1	1	0.75	1	1	0.25	unphased	0.3584229390681	1.4336917562724	0.25
11	1011115	1011116	6	7	2	1	1	0.75	1	1	0.25	unphased	1.4957264957265	1.4957264957265	1
11	1090897	1090898	13	7	2	1	1	0.75	1	1	0.25	unphased	0.972222222222222	0.972222222222222	1
11	1217216	1217217	12	5	2	1	1	0.75	1	1	0.25	unphased	0.816993464052288	0.816993464052288	1
11	1247899	1247900	7	10	2	1	1	0.75	1	1	0.25	unphased	1.63398692810458	1.63398692810458	1
11	1265810	1265811	86	36	2	1	1	0.75	1	1	0.25	unphased	0.819672131147541	0.819672131147541	1
11	1270617	1270618	37	17	2	1	1	0.75	1	1	0.25	unphased	0.874485596707819	0.874485596707819	1
11	1283281	1283282	19	4	2	1	1	0.75	1	1	0.25	unphased	0.483091787439614	0.483091787439614	1
11	1432628	1432629	11	9	2	1	1	0.75	1	1	0.25	unphased	1.25	1.25	1
11	3249998	3249999	19	9	2	1	1	0.75	1	1	0.25	unphased	0.892857142857143	0.892857142857143	1
11	4389326	4389327	26	11	2	1	1	0.75	1	1	0.25	unphased	0.825825825825826	0.825825825825826	1
11	4703327	4703328	48	17	2	1	1	0.75	1	1	0.25	unphased	0.726495726495727	0.726495726495727	1
11	4825640	4825641	46	21	2	1	1	0.75	1	1	0.25	unphased	0.870646766169154	0.870646766169154	1
11	4967909	4967910	133	76	2	1	1	0.75	1	1	0.25	unphased	1.01010101010101	1.01010101010101	1
11	5269687	5269688	30	15	2	1	1	0.75	1	1	0.25	unphased	0.925925925925926	0.925925925925926	1
11	5373322	5373323	54	41	2	1	1	0.75	1	1	0.25	unphased	1.19883040935673	1.19883040935673	1
11	6226834	6226835	24	23	2.15	2	1	0.15	1	1	0.85	unphased	1.43274231678487	1.24586288416076	1.15
11	6231689	6231690	53	43	2.15	2	1	0.15	1	1	0.85	unphased	1.31140046296296	1.14034822866345	1.15
11	6789581	6789582	25	18	2.15	2	1	0.15	1	1	0.85	unphased	1.22558139534884	1.22558139534884	1
11	6807025	6807026	49	48	2.15	2	1	0.15	1	1	0.85	unphased	1.44879725085911	1.25982369639922	1.15
11	6942411	6942412	70	45	2.15	2	1	0.15	1	1	0.85	unphased	1.14565217391304	1.14565217391304	1
11	6942511	6942512	139	9	2.15	2	1	0.15	1	1	0.85	unphased	0.178040540540541	1.18693693693694	0.15
11	8117130	8117131	11	4	2.15	2	1	0.15	1	1	0.85	unphased	0.780740740740741	0.780740740740741	1
11	8123160	8123161	21	9	2.15	2	1	0.15	1	1	0.85	unphased	0.878333333333333	0.878333333333333	1
11	10778369	10778370	78	27	2.15	2	1	0.15	1	1	0.85	unphased	0.752857142857143	0.752857142857143	1
11	15098834	15098835	19	25	2.15	2	1	0.15	1	1	0.85	unphased	1.6635101010101	1.44653052261748	1.15
11	15134050	15134051	30	6	2.15	2	1	0.15	1	1	0.85	unphased	0.487962962962963	0.487962962962963	1
11	17409666	17409667	15	12	2.15	2	1	0.15	1	1	0.85	unphased	1.30123456790123	1.30123456790123	1
11	17483151	17483152	51	36	2.15	2	1	0.15	1	1	0.85	unphased	1.21149425287356	1.21149425287356	1
11	17554974	17554975	8	6	2.15	2	1	0.15	1	1	0.85	unphased	1.2547619047619	1.2547619047619	1
11	18763888	18763889	43	45	2.15	2	1	0.15	1	1	0.85	unphased	1.49715909090909	1.30187747035573	1.15
11	20699560	20699561	54	36	2.15	2	1	0.15	1	1	0.85	unphased	1.17111111111111	1.17111111111111	1
11	21596633	21596634	15	8	2.15	2	1	0.15	1	1	0.85	unphased	1.01835748792271	1.01835748792271	1
11	26529695	26529696	37	16	2.15	2	1	0.15	1	1	0.85	unphased	0.883857442348008	0.883857442348008	1
11	26655803	26655804	35	4	2.15	2	1	0.15	1	1	0.85	unphased	0.3002849002849	0.3002849002849	1
11	26743177	26743178	47	45	2.15	2	1	0.15	1	1	0.85	unphased	1.4320652173913	1.2452741020794	1.15
11	35231567	35231568	64	36	2.15	2	1	0.15	1	1	0.85	unphased	1.054	1.054	1
11	46321503	46321504	21	6	2.82	2	2	0.41	1	1	0.59	unphased	0.799506172839506	0.799506172839506	1
11	46341922	46341923	4	6	2.82	2	2	0.41	1	1	0.59	unphased	2.15866666666667	1.53096926713948	1.41
11	51412047	51412048	19	22	2.44	2	1	0.44	1	1	0.56	unphased	1.72661246612466	1.19903643480879	1.44
11	55035826	55035827	55	14	2.44	2	1	0.44	1	1	0.56	unphased	0.652882447665056	0.652882447665056	1
11	55606478	55606479	136	69	2.44	2	1	0.44	1	1	0.56	unphased	1.08305691056911	1.08305691056911	1
11	55905148	55905149	78	26	2.44	2	1	0.44	1	1	0.56	unphased	0.804444444444445	0.804444444444445	1
11	56086667	56086668	19	15	2.44	2	1	0.44	1	1	0.56	unphased	1.41960784313726	1.41960784313726	1
11	56143345	56143346	119	52	2.44	2	1	0.44	1	1	0.56	unphased	0.978505523066927	0.978505523066927	1
11	56468137	56468138	91	25	2.44	2	1	0.44	1	1	0.56	unphased	0.693486590038314	0.693486590038314	1
11	57102098	57102099	65	33	2.44	2	1	0.44	1	1	0.56	unphased	1.08353741496599	1.08353741496599	1
11	57569604	57569605	156	60	2.44	2	1	0.44	1	1	0.56	unphased	0.893827160493827	0.893827160493827	1
11	57798931	57798932	69	32	2.44	2	1	0.44	1	1	0.56	unphased	1.01949394939494	1.01949394939494	1
11	57982882	57982883	45	32	2.44	2	1	0.44	1	1	0.56	unphased	1.3372582972583	0.928651595318262	1.44
11	58035059	58035060	26	16	2.44	2	1	0.44	1	1	0.56	unphased	1.22582010582011	1.22582010582011	1
11	58190023	58190024	29	19	2.44	2	1	0.44	1	1	0.56	unphased	1.2737037037037	1.2737037037037	1
11	58482885	58482886	36	15	2.44	2	1	0.44	1	1	0.56	unphased	0.94640522875817	0.94640522875817	1
11	58979597	58979598	23	9	2.44	2	1	0.44	1	1	0.56	unphased	0.905	0.905	1
11	59224553	59224554	51	32	2.44	2	1	0.44	1	1	0.56	unphased	1.2405890227577	1.2405890227577	1
11	59480984	59480985	16	15	2.44	2	1	0.44	1	1	0.56	unphased	1.55698924731183	1.08124253285544	1.44
11	59834550	59834551	14	6	2.44	2	1	0.44	1	1	0.56	unphased	0.965333333333333	0.965333333333333	1
11	59834551	59834552	14	6	2.44	2	1	0.44	1	1	0.56	unphased	0.965333333333333	0.965333333333333	1
11	60637183	60637184	17	17	2.44	2	1	0.44	1	1	0.56	unphased	1.60888888888889	1.11728395061728	1.44
11	60777079	60777080	24	10	2.44	2	1	0.44	1	1	0.56	unphased	0.94640522875817	0.94640522875817	1
11	60786756	60786757	20	4	2.44	2	1	0.44	1	1	0.56	unphased	0.536296296296296	0.536296296296296	1
11	61495622	61495623	45	32	2.44	2	1	0.44	1	1	0.56	unphased	1.3372582972583	0.928651595318262	1.44
11	61544776	61544777	37	14	2.44	2	1	0.44	1	1	0.56	unphased	0.883311546840959	0.883311546840959	1
11	62996883	62996884	45	37	2.44	2	1	0.44	1	1	0.56	unphased	1.45192411924119	1.00828063836194	1.44
11	64335177	64335178	36	13	2.44	2	1	0.44	1	1	0.56	unphased	0.853696145124717	0.853696145124717	1
11	64366347	64366348	19	12	2.44	2	1	0.44	1	1	0.56	unphased	1.24559139784946	1.24559139784946	1
11	64367341	64367342	14	11	2.44	2	1	0.44	1	1	0.56	unphased	1.41582222222222	1.41582222222222	1
11	64597713	64597714	6	5	2.44	2	1	0.44	1	1	0.56	unphased	1.46262626262626	1.46262626262626	1
11	64606678	64606679	47	19	2.44	2	1	0.44	1	1	0.56	unphased	0.926329966329966	0.926329966329966	1
11	65269017	65269018	32	11	2.44	2	1	0.44	1	1	0.56	unphased	0.823152454780362	0.823152454780362	1
11	65561583	65561584	57	22	2.44	2	1	0.44	1	1	0.56	unphased	0.896090014064698	0.896090014064698	1
11	65826400	65826401	43	26	2.44	2	1	0.44	1	1	0.56	unphased	1.2124959742351	1.2124959742351	1
11	66191770	66191771	212	13	2.44	2	1	0.44	1	1	0.56	unphased	0.185916049382716	0.185916049382716	1
11	66359146	66359147	66	32	2.44	2	1	0.44	1	1	0.56	unphased	1.0507029478458	1.0507029478458	1
11	66638804	66638805	64	36	2.44	2	1	0.44	1	1	0.56	unphased	1.1584	1.1584	1
11	67074432	67074433	22	12	2.44	2	1	0.44	1	1	0.56	unphased	1.1356862745098	1.1356862745098	1
11	68380630	68380631	6	14	2.47	2	1	0.47	1	1	0.53	unphased	2.27344444444444	1.54656084656085	1.47
11	70336380	70336381	32	34	2.47	2	1	0.47	1	1	0.53	unphased	1.67309764309764	1.13816166197119	1.47
11	71146435	71146436	72	14	2.47	2	1	0.47	1	1	0.53	unphased	0.528708010335917	1.12491066028919	0.47
11	71806261	71806262	21	7	2.47	2	1	0.47	1	1	0.53	unphased	0.811944444444444	0.811944444444444	1
11	72290583	72290584	12	6	2.47	2	1	0.47	1	1	0.53	unphased	1.08259259259259	1.08259259259259	1
11	72406092	72406093	22	15	2.47	2	1	0.47	1	1	0.53	unphased	1.31666666666667	1.31666666666667	1
11	73689367	73689368	29	40	2.47	2	1	0.47	1	1	0.53	unphased	1.88276972624799	1.28079573214149	1.47
11	77907332	77907333	26	17	2.47	2	1	0.47	1	1	0.53	unphased	1.28400516795866	1.28400516795866	1
11	92592413	92592414	18	22	2.96	3	1	0.48	1	1	0.52	unphased	2.05577777777778	1.04886621315193	1.96
11	92623877	92623878	24	13	2.96	3	1	0.48	1	1	0.52	unphased	1.31327327327327	1.31327327327327	1
11	94731954	94731955	53	14	4	3	1	1	NA	NA	NA	unphased	0.998341625207297	0.998341625207297	1
11	95504786	95504787	65	9	4	3	1	1	NA	NA	NA	unphased	0.581081081081081	0.581081081081081	1
11	102649957	102649958	97	28	3	2	1	1	NA	NA	NA	unphased	0.846222222222222	0.846222222222222	1
11	104916049	104916050	59	48	3	2	1	1	NA	NA	NA	unphased	1.69470404984424	0.847352024922119	2
11	104971434	104971435	160	52	3	2	1	1	NA	NA	NA	unphased	0.926624737945493	0.926624737945493	1
11	105961309	105961310	85	25	3	2	1	1	NA	NA	NA	unphased	0.858585858585859	0.858585858585859	1
11	107578642	107578643	30	44	4	3	1	1	NA	NA	NA	unphased	2.84084084084084	0.946946946946947	3
11	111225078	111225079	42	7	2	1	1	0.77	1	1	0.23	unphased	0.396825396825397	0.396825396825397	1
11	111747646	111747647	9	7	2	1	1	0.77	1	1	0.23	unphased	1.21527777777778	1.21527777777778	1
11	116636084	116636085	38	25	2	1	1	1	NA	NA	NA	unphased	1.10229276895944	1.10229276895944	1
11	119029411	119029412	58	28	2	1	1	1	NA	NA	NA	unphased	0.904392764857881	0.904392764857881	1
11	122929363	122929364	43	37	3	2	1	1	NA	NA	NA	unphased	1.74722222222222	0.873611111111111	2
11	123600463	123600464	26	8	2.53	3	1	0.51	1	0	0.49	unphased	0.778300653594771	0.778300653594771	1
11	123811041	123811042	96	97	2.53	3	1	0.51	1	0	0.49	unphased	1.66245826137018	1.10096573600674	1.51
11	123886334	123886335	30	54	2.53	3	1	0.51	1	0	0.49	unphased	2.12642857142857	1.0526874115983	2.02
11	123886509	123886510	52	49	2.53	3	1	0.51	1	0	0.49	unphased	1.60476347634764	1.06275726910439	1.51
11	124134893	124134894	39	24	2.53	3	1	0.51	1	0	0.49	unphased	1.26010582010582	1.26010582010582	1
11	124135109	124135110	69	43	2.53	3	1	0.51	1	0	0.49	unphased	1.2699503968254	0.841026752864501	1.51
11	124623436	124623437	12	3	2.53	3	1	0.51	1	0	0.49	unphased	0.661555555555556	0.661555555555556	1
11	124789806	124789807	24	49	2.53	3	1	0.51	1	0	0.49	unphased	2.22028919330289	1.09915306599153	2.02
11	128807679	128807680	53	6	2.53	3	1	0.51	1	0	0.49	unphased	0.33638418079096	0.659576825080315	0.51
11	131781324	131781325	18	13	2	1	1	1	NA	NA	NA	unphased	1.16487455197133	1.16487455197133	1
11	134252716	134252717	19	14	2	1	1	1	NA	NA	NA	unphased	1.17845117845118	1.17845117845118	1
12	6707247	6707248	34	72	2	2	0	1	NA	NA	NA	unphased	1.88679245283019	0.943396226415094	2
12	7551109	7551110	25	58	2	2	0	1	NA	NA	NA	unphased	1.94109772423025	0.970548862115127	2
12	8391310	8391311	7	15	2	2	0	1	NA	NA	NA	unphased	1.89393939393939	0.946969696969697	2
12	9231859	9231860	10	26	2	2	0	1	NA	NA	NA	unphased	2.00617283950617	1.00308641975309	2
12	10217423	10217424	23	30	2	2	0	1	NA	NA	NA	unphased	1.57232704402516	0.786163522012579	2
12	10978768	10978769	13	38	2	2	0	1	NA	NA	NA	unphased	2.06971677559913	1.03485838779956	2
12	13716727	13716728	6	22	2	2	0	1	NA	NA	NA	unphased	2.18253968253968	1.09126984126984	2
12	20807010	20807011	13	37	2	2	0	1	NA	NA	NA	unphased	2.05555555555556	1.02777777777778	2
12	24102590	24102591	8	15	2	2	0	1	NA	NA	NA	unphased	1.81159420289855	0.905797101449275	2
12	41337831	41337832	52	21	2.24	2	2	0.12	1	1	0.88	unphased	0.868127853881279	0.868127853881279	1
12	49933243	49933244	9	7	2.24	2	2	0.12	1	1	0.88	unphased	1.32027777777778	1.32027777777778	1
12	52163107	52163108	28	9	2.24	2	2	0.12	1	1	0.88	unphased	0.734054054054054	0.734054054054054	1
12	52282555	52282556	37	23	2.24	2	2	0.12	1	1	0.88	unphased	1.15681481481481	1.15681481481481	1
12	52702324	52702325	32	3	2.24	2	2	0.12	1	1	0.88	unphased	0.258666666666667	0.258666666666667	1
12	53010073	53010074	81	45	2.24	2	2	0.12	1	1	0.88	unphased	1.07777777777778	1.07777777777778	1
12	53188082	53188083	62	39	2.24	2	2	0.12	1	1	0.88	unphased	1.16528052805281	1.16528052805281	1
12	53189281	53189282	29	17	2.24	2	2	0.12	1	1	0.88	unphased	1.11526570048309	1.11526570048309	1
12	53621177	53621178	43	11	2.24	2	2	0.12	1	1	0.88	unphased	0.614732510288066	0.614732510288066	1
12	55356412	55356413	81	57	2.24	2	2	0.12	1	1	0.88	unphased	1.24647342995169	1.11292270531401	1.12
12	56094901	56094902	35	23	2.24	2	2	0.12	1	1	0.88	unphased	1.19670498084291	1.19670498084291	1
12	57643083	57643084	54	32	2.24	2	2	0.12	1	1	0.88	unphased	1.12289405684755	1.12289405684755	1
12	57974759	57974760	23	8	2.24	2	2	0.12	1	1	0.88	unphased	0.778781362007169	0.778781362007169	1
12	58014206	58014207	286	68	2.24	2	2	0.12	1	1	0.88	unphased	0.579686126804771	0.579686126804771	1
12	59270255	59270256	30	11	2.24	2	2	0.12	1	1	0.88	unphased	0.809647696476965	0.809647696476965	1
12	64521866	64521867	24	12	2.24	2	2	0.12	1	1	0.88	unphased	1.00592592592593	1.00592592592593	1
12	67675814	67675815	56	59	2.24	2	2	0.12	1	1	0.88	unphased	1.54825120772947	1.38236714975845	1.12
12	67696181	67696182	142	67	2.24	2	2	0.12	1	1	0.88	unphased	0.96742158426369	0.96742158426369	1
12	68720478	68720479	36	41	2.24	2	2	0.12	1	1	0.88	unphased	1.60686868686869	1.43470418470418	1.12
12	70066687	70066688	22	24	2.24	2	2	0.12	1	1	0.88	unphased	1.57449275362319	1.40579710144928	1.12
12	70929816	70929817	32	20	2.24	2	2	0.12	1	1	0.88	unphased	1.16068376068376	1.16068376068376	1
12	77436979	77436980	54	45	2.24	2	2	0.12	1	1	0.88	unphased	1.37171717171717	1.22474747474747	1.12
12	78579397	78579398	32	8	2.24	2	2	0.12	1	1	0.88	unphased	0.603555555555556	0.603555555555556	1
12	80663932	80663933	15	6	2.24	2	2	0.12	1	1	0.88	unphased	0.862222222222222	0.862222222222222	1
12	95365304	95365305	45	34	2.13	2	1	0.13	1	1	0.87	unphased	1.25144866385373	1.25144866385373	1
12	100453821	100453822	28	27	1.08	2	1	0.04	0	1	0.96	unphased	0.912	0.912	1
12	101520707	101520708	29	21	1.08	2	1	0.04	0	1	0.96	unphased	0.780266666666667	0.780266666666667	1
12	103699817	103699818	75	77	1.08	2	1	0.04	0	1	0.96	unphased	0.941111111111111	0.941111111111111	1
12	107080752	107080753	78	57	1.08	2	1	0.04	0	1	0.96	unphased	0.784395061728395	0.784395061728395	1
12	109306398	109306399	92	47	1.08	2	1	0.04	0	1	0.96	unphased	0.628169464428457	0.628169464428457	1
12	109611945	109611946	13	6	1.08	2	1	0.04	0	1	0.96	unphased	0.586666666666667	0.586666666666667	1
12	109680335	109680336	50	27	1.08	2	1	0.04	0	1	0.96	unphased	0.651428571428572	0.651428571428572	1
12	110989773	110989774	38	32	1.08	2	1	0.04	0	1	0.96	unphased	0.849269841269841	0.849269841269841	1
12	111290677	111290678	45	29	1.08	2	1	0.04	0	1	0.96	unphased	0.728048048048048	0.728048048048048	1
12	113433239	113433240	60	31	1.08	2	1	0.04	0	1	0.96	unphased	0.632869352869353	0.632869352869353	1
12	113533148	113533149	52	19	1.08	2	1	0.04	0	1	0.96	unphased	0.497151799687011	0.497151799687011	1
12	113715047	113715048	11	9	1.08	2	1	0.04	0	1	0.96	unphased	0.836	0.836	1
12	117769041	117769042	6	6	1.08	2	1	0.04	0	1	0.96	unphased	0.928888888888889	0.928888888888889	1
12	118533340	118533341	35	41	1.08	2	1	0.04	0	1	0.96	unphased	1.00222222222222	1.00222222222222	1
12	120152001	120152002	23	8	1.08	2	1	0.04	0	1	0.96	unphased	0.479426523297491	0.479426523297491	1
12	120760003	120760004	160	128	1.08	2	1	0.04	0	1	0.96	unphased	0.825679012345679	0.825679012345679	1
12	121458259	121458260	11	9	1.08	2	1	0.04	0	1	0.96	unphased	0.836	0.836	1
12	121461867	121461868	38	22	1.08	2	1	0.04	0	1	0.96	unphased	0.681185185185185	0.681185185185185	1
12	121766212	121766213	25	26	1.08	2	1	0.04	0	1	0.96	unphased	0.947102396514161	0.947102396514161	1
12	133384675	133384676	42	39	1.06	2	1	0.03	0	1	0.97	unphased	0.884855967078189	0.884855967078189	1
13	19751128	19751129	12	50	3	3	0	1	NA	NA	NA	unphased	3.04659498207885	1.01553166069295	3
13	28155639	28155640	20	48	3	3	0	1	NA	NA	NA	unphased	2.66666666666667	0.888888888888889	3
13	29933476	29933477	3	13	3	3	0	1	NA	NA	NA	unphased	3.06944444444445	1.02314814814815	3
13	31531028	31531029	36	22	3	3	0	1	NA	NA	NA	unphased	1.43295019157088	0.716475095785441	2
13	36429707	36429708	3	8	3	3	0	1	NA	NA	NA	unphased	2.74747474747475	0.915824915824916	3
13	39433586	39433587	64	15	3	3	0	1	NA	NA	NA	unphased	0.717299578059072	0.717299578059072	1
13	52330481	52330482	20	42	3	3	0	1	NA	NA	NA	unphased	2.55913978494624	0.853046594982079	3
13	53419725	53419726	23	14	3	3	0	1	NA	NA	NA	unphased	1.42942942942943	1.42942942942943	1
13	53420604	53420605	7	10	3	3	0	1	NA	NA	NA	unphased	2.22222222222222	1.11111111111111	2
13	58209234	58209235	5	25	3	3	0	1	NA	NA	NA	unphased	3.14814814814815	1.04938271604938	3
13	96592220	96592221	11	17	2	2	0	1	NA	NA	NA	unphased	1.68650793650794	0.843253968253968	2
13	100617790	100617791	73	14	2.92	2	2	0.46	1	1	0.54	unphased	0.595044699872286	1.29357543450497	0.46
13	101828712	101828713	32	17	2.92	2	2	0.46	1	1	0.54	unphased	1.28290249433107	1.28290249433107	1
13	103343187	103343188	31	19	2.92	2	2	0.46	1	1	0.54	unphased	1.40515555555556	1.40515555555556	1
13	113333673	113333674	14	12	2.92	2	2	0.46	1	1	0.54	unphased	1.70666666666667	1.1689497716895	1.46
13	113730284	113730285	9	11	2.92	2	2	0.46	1	1	0.54	unphased	2.03377777777778	1.39299847792998	1.46
13	114839283	114839284	50	40	2.92	2	2	0.46	1	1	0.54	unphased	1.64345679012346	1.125655335701	1.46
14	19553408	19553409	81	11	NA	NA	NA	NA	NA	NA	NA	unphased	NA	NA	1
14	19571412	19571413	97	21	NA	NA	NA	NA	NA	NA	NA	unphased	NA	NA	1
14	20020227	20020228	51	8	NA	NA	NA	NA	NA	NA	NA	unphased	NA	NA	1
14	20784611	20784612	15	41	3	3	0	1	NA	NA	NA	unphased	2.76587301587302	0.921957671957672	3
14	21025164	21025165	22	39	3	3	0	1	NA	NA	NA	unphased	2.41530054644809	0.805100182149363	3
14	21501882	21501883	5	14	3	3	0	1	NA	NA	NA	unphased	2.78362573099415	0.927875243664717	3
14	22459083	22459084	6	16	3	3	0	1	NA	NA	NA	unphased	2.74747474747475	0.915824915824916	3
14	23450491	23450492	55	47	NA	NA	NA	NA	NA	NA	NA	unphased	NA	NA	1
14	23902776	23902777	76	43	1.05	4	2	0.01	0	1	0.99	unphased	0.660457516339869	0.660457516339869	1
14	24527232	24527233	61	59	1.05	4	2	0.01	0	1	0.99	unphased	0.898657407407407	0.898657407407407	1
14	24652820	24652821	35	32	1.05	4	2	0.01	0	1	0.99	unphased	0.872968490878939	0.872968490878939	1
14	24846901	24846902	109	11	1.05	4	2	0.01	0	1	0.99	unphased	0.167546296296296	0.167546296296296	1
14	25281804	25281805	12	14	1.05	4	2	0.01	0	1	0.99	unphased	0.984188034188034	0.984188034188034	1
14	26917815	26917816	56	37	4.52	4	2	0.63	1	1	0.37	unphased	2.10771804062127	0.932618602044808	2.26
14	29237048	29237049	35	12	3.11	3	2	0.37	1	1	0.63	unphased	0.992624113475177	0.992624113475177	1
14	31346776	31346777	83	15	1.35	4	4	0.05	0	1	0.95	unphased	0.325680272108844	0.325680272108844	1
14	31354998	31354999	160	31	1.35	4	4	0.05	0	1	0.95	unphased	0.345346131471786	0.345346131471786	1
14	36781179	36781180	179	34	10	5	5	1	NA	NA	NA	unphased	1.72039645279082	0.860198226395409	2
14	39305000	39305001	4	12	3.84	4	2	0.46	1	1	0.54	unphased	3.46333333333333	1.0009633911368	3.46
14	39650315	39650316	47	88	3.84	4	2	0.46	1	1	0.54	unphased	3.01010699588477	1.03085856023451	2.92
14	42357020	42357021	50	24	4	4	0	1	NA	NA	NA	unphased	1.54954954954955	0.774774774774775	2
14	42373533	42373534	6	16	4	4	0	1	NA	NA	NA	unphased	3.47474747474747	0.868686868686869	4
14	52478300	52478301	89	50	3	3	0	1	NA	NA	NA	unphased	1.35891286970424	0.679456434852118	2
14	55203961	55203962	75	57	3	3	0	1	NA	NA	NA	unphased	1.63131313131313	0.815656565656566	2
14	57070540	57070541	49	45	3	3	0	1	NA	NA	NA	unphased	1.80851063829787	0.904255319148936	2
14	59797977	59797978	135	19	2.92	3	3	0.23	1	1	0.77	unphased	0.456219336219336	0.456219336219336	1
14	67431987	67431988	77	77	5.55	3	3	0.91	0	1	0.09	unphased	3.16388888888889	1.08724704085529	2.91
14	81372384	81372385	7	37	3	3	0	1	NA	NA	NA	unphased	3.17676767676768	1.05892255892256	3
14	89016815	89016816	7	11	3	3	0	1	NA	NA	NA	unphased	2.30864197530864	1.15432098765432	2
14	93688706	93688707	40	12	1.08	3	2	0.02	0	1	0.98	unphased	0.428717948717949	0.428717948717949	1
14	94772554	94772555	71	5	6.2	4	3	0.84	1	1	0.16	unphased	0.45906432748538	0.54650515176831	0.84
14	94776255	94776256	50	53	6.2	4	3	0.84	1	1	0.16	unphased	3.59050701186623	1.02003040109836	3.52
14	94848950	94848951	84	69	6.2	4	3	0.84	1	1	0.16	unphased	3.14684095860566	0.893988908694791	3.52
14	95058417	95058418	314	96	6.2	4	3	0.84	1	1	0.16	unphased	1.63382113821138	0.887946270767056	1.84
14	95596457	95596458	35	7	4.16	3	2	0.72	1	1	0.28	unphased	0.822962962962963	0.822962962962963	1
14	99642360	99642361	10	5	4.16	3	2	0.72	1	1	0.28	unphased	1.64592592592593	1.64592592592593	1
14	100374054	100374055	58	8	4.16	3	2	0.72	1	1	0.28	unphased	0.598518518518519	0.598518518518519	1
14	101510583	101510584	8	17	3	3	0	1	NA	NA	NA	unphased	2.56888888888889	0.856296296296296	3
14	105176006	105176007	165	18	5.97	5	3	0.71	1	0	0.29	unphased	0.663715846994536	0.93481105210498	0.71
14	105396325	105396326	54	50	5.97	5	3	0.71	1	0	0.29	unphased	3.24412393162393	1.03646132000765	3.13
14	105397111	105397112	156	36	5.97	5	3	0.71	1	0	0.29	unphased	1.26520833333333	1.26520833333333	1
14	105407968	105407969	118	158	5.97	5	3	0.71	1	0	0.29	unphased	3.86285829307568	1.00595268048846	3.84
14	105413675	105413676	370	85	5.97	5	3	0.71	1	0	0.29	unphased	1.26057387057387	1.26057387057387	1
14	105421103	105421104	21	22	5.97	5	3	0.71	1	0	0.29	unphased	3.45235142118863	1.00945947987972	3.42
14	106091125	106091126	993	110	5.97	5	3	0.71	1	0	0.29	unphased	0.672942480104765	0.947806310006711	0.71
14	106405823	106405824	97	29	NA	NA	NA	NA	NA	NA	NA	unphased	NA	NA	1
14	106405824	106405825	97	29	NA	NA	NA	NA	NA	NA	NA	unphased	NA	NA	1
14	106552575	106552576	52	47	NA	NA	NA	NA	NA	NA	NA	unphased	NA	NA	1
15	24921777	24921778	10	28	2	2	0	1	NA	NA	NA	unphased	2.04678362573099	1.0233918128655	2
15	25463960	25463961	11	41	2	2	0	1	NA	NA	NA	unphased	2.19017094017094	1.09508547008547	2
15	25472145	25472146	8	35	2	2	0	1	NA	NA	NA	unphased	2.2609819121447	1.13049095607235	2
15	37385786	37385787	15	45	3	3	0	1	NA	NA	NA	unphased	2.83333333333333	0.944444444444445	3
15	38990596	38990597	12	35	3	3	0	1	NA	NA	NA	unphased	2.81323877068558	0.937746256895193	3
15	40509639	40509640	18	46	3	3	0	1	NA	NA	NA	unphased	2.71527777777778	0.905092592592593	3
15	40630015	40630016	4	12	3	3	0	1	NA	NA	NA	unphased	2.83333333333333	0.944444444444445	3
15	43250217	43250218	16	42	3	3	0	1	NA	NA	NA	unphased	2.73563218390805	0.911877394636015	3
15	45387645	45387646	17	63	3	3	0	1	NA	NA	NA	unphased	2.975	0.991666666666667	3
15	54914578	54914579	11	56	3	3	0	1	NA	NA	NA	unphased	3.1575456053068	1.05251520176893	3
15	55931848	55931849	10	66	3	3	0	1	NA	NA	NA	unphased	3.28070175438597	1.09356725146199	3
15	65316078	65316079	12	23	3	3	0	1	NA	NA	NA	unphased	2.48253968253968	0.827513227513228	3
15	65347232	65347233	9	24	3	3	0	1	NA	NA	NA	unphased	2.74747474747475	0.915824915824916	3
15	74363329	74363330	55	7	3	3	0	1	NA	NA	NA	unphased	0.426523297491039	0.426523297491039	1
15	75658917	75658918	6	3	3	3	0	1	NA	NA	NA	unphased	1.25925925925926	1.25925925925926	1
15	83932755	83932756	17	68	3	3	0	1	NA	NA	NA	unphased	3.02222222222222	1.00740740740741	3
15	84237415	84237416	19	35	3	3	0	1	NA	NA	NA	unphased	2.44855967078189	0.816186556927298	3
15	84237416	84237417	19	34	3	3	0	1	NA	NA	NA	unphased	2.42348008385744	0.807826694619147	3
15	85341640	85341641	47	11	3	3	0	1	NA	NA	NA	unphased	0.716475095785441	0.716475095785441	1
15	86814850	86814851	19	46	3	3	0	1	NA	NA	NA	unphased	2.67350427350427	0.891168091168091	3
15	92671692	92671693	37	30	2	2	0	1	NA	NA	NA	unphased	1.24378109452736	1.24378109452736	1
15	93496748	93496749	88	37	2.7	2	2	0.35	1	1	0.65	unphased	1.02942222222222	1.02942222222222	1
15	99901704	99901705	53	52	2.5	2	2	0.25	1	1	0.75	unphased	1.62328042328042	1.29862433862434	1.25
15	99901705	99901706	52	52	2.5	2	2	0.25	1	1	0.75	unphased	1.63888888888889	1.31111111111111	1.25
16	633310	633311	56	24	1.4	2	1	0.2	1	0	0.8	unphased	0.653333333333333	0.653333333333333	1
16	1255245	1255246	20	20	1.4	2	1	0.2	1	0	0.8	unphased	1.08888888888889	1.08888888888889	1
16	1255246	1255247	20	19	1.4	2	1	0.2	1	0	0.8	unphased	1.06096866096866	1.06096866096866	1
16	1306323	1306324	47	29	1.4	2	1	0.2	1	0	0.8	unphased	0.830994152046784	0.830994152046784	1
16	3142080	3142081	17	17	1.4	2	1	0.2	1	0	0.8	unphased	1.08888888888889	1.08888888888889	1
16	3170332	3170333	6	3	1.4	2	1	0.2	1	0	0.8	unphased	0.725925925925926	0.725925925925926	1
16	3294276	3294277	29	10	1.4	2	1	0.2	1	0	0.8	unphased	0.558404558404558	0.558404558404558	1
16	3304457	3304458	17	5	1.4	2	1	0.2	1	0	0.8	unphased	0.494949494949495	0.494949494949495	1
16	3900442	3900443	49	21	1.4	2	1	0.2	1	0	0.8	unphased	0.653333333333333	0.653333333333333	1
16	4016166	4016167	102	23	1.4	2	1	0.2	1	0	0.8	unphased	0.400711111111111	0.400711111111111	1
16	9928000	9928001	70	55	3	2	1	1	NA	NA	NA	unphased	1.66222222222222	0.831111111111111	2
16	10031979	10031980	34	20	3	2	1	1	NA	NA	NA	unphased	1.39917695473251	1.39917695473251	1
16	11000998	11000999	25	10	3	2	1	1	NA	NA	NA	unphased	1.07936507936508	1.07936507936508	1
16	17202620	17202621	20	6	1.5	2	1	0.25	1	0	0.75	unphased	0.525641025641026	0.525641025641026	1
16	18863668	18863669	51	31	1.26	2	1	0.13	1	0	0.87	unphased	0.770379403794038	0.770379403794038	1
16	20955855	20955856	29	23	1.26	2	1	0.13	1	0	0.87	unphased	0.901324786324786	0.901324786324786	1
16	22161178	22161179	21	42	1.08	2	1	0.04	0	1	0.96	unphased	1.23851851851852	1.19088319088319	1.04
16	24788542	24788543	81	81	3	2	1	1	NA	NA	NA	unphased	1.88888888888889	0.944444444444445	2
16	29918368	29918369	36	16	3	2	1	1	NA	NA	NA	unphased	1.16239316239316	1.16239316239316	1
16	30490662	30490663	29	20	3	2	1	1	NA	NA	NA	unphased	1.54195011337868	0.770975056689342	2
16	31332812	31332813	196	70	3	2	1	1	NA	NA	NA	unphased	0.994152046783626	0.994152046783626	1
16	31434492	31434493	18	7	3	2	1	1	NA	NA	NA	unphased	1.05777777777778	1.05777777777778	1
16	32893953	32893954	96	17	3	2	1	1	NA	NA	NA	unphased	0.568338249754179	0.568338249754179	1
16	56423146	56423147	19	24	2	2	0	1	NA	NA	NA	unphased	1.55038759689922	0.775193798449612	2
16	67702445	67702446	8	27	4	4	0	1	NA	NA	NA	unphased	3.68571428571429	0.921428571428572	4
16	70070469	70070470	96	15	4	4	0	1	NA	NA	NA	unphased	0.645645645645646	0.645645645645646	1
16	70076258	70076259	33	20	4	4	0	1	NA	NA	NA	unphased	1.80293501048218	0.90146750524109	2
16	70894058	70894059	30	6	4.04	4	2	0.51	1	1	0.49	unphased	0.802962962962963	0.802962962962963	1
16	72094554	72094555	10	70	4	4	0	1	NA	NA	NA	unphased	4.18055555555556	1.04513888888889	4
16	76523734	76523735	4	10	3	3	0	1	NA	NA	NA	unphased	2.6984126984127	0.8994708994709	3
16	81819700	81819701	6	22	3	3	0	1	NA	NA	NA	unphased	2.96825396825397	0.98941798941799	3
16	84270967	84270968	10	40	3	3	0	1	NA	NA	NA	unphased	3.02222222222222	1.00740740740741	3
16	89169020	89169021	11	49	3	3	0	1	NA	NA	NA	unphased	3.08518518518519	1.0283950617284	3
16	89169121	89169122	48	9	3	3	0	1	NA	NA	NA	unphased	0.596491228070175	0.596491228070175	1
16	89603564	89603565	2	6	3	3	0	1	NA	NA	NA	unphased	2.83333333333333	0.944444444444445	3
16	89924884	89924885	10	57	3	3	0	1	NA	NA	NA	unphased	3.21393034825871	1.07131011608624	3
17	1840377	1840378	3	6	2	2	0	1	NA	NA	NA	unphased	1.85185185185185	1.85185185185185	1
17	1840533	1840534	7	20	2	2	0	1	NA	NA	NA	unphased	2.05761316872428	1.02880658436214	2
17	6374562	6374563	6	7	2	2	0	1	NA	NA	NA	unphased	1.4957264957265	1.4957264957265	1
17	6684076	6684077	11	28	2	2	0	1	NA	NA	NA	unphased	1.99430199430199	0.997150997150997	2
17	6902061	6902062	3	12	2	2	0	1	NA	NA	NA	unphased	2.22222222222222	1.11111111111111	2
17	7256788	7256789	5	17	2	2	0	1	NA	NA	NA	unphased	2.14646464646465	1.07323232323232	2
17	7577540	7577541	12	28	2	2	0	1	NA	NA	NA	unphased	1.94444444444444	0.972222222222222	2
17	18141032	18141033	23	7	2.3	2	2	0.15	1	1	0.85	unphased	0.718148148148148	0.718148148148148	1
17	18151881	18151882	68	34	2.3	2	2	0.15	1	1	0.85	unphased	1.02592592592593	1.02592592592593	1
17	18681916	18681917	38	40	2.3	2	2	0.15	1	1	0.85	unphased	1.57834757834758	1.37247615508485	1.15
17	20358693	20358694	29	10	2.3	2	2	0.15	1	1	0.85	unphased	0.789173789173789	0.789173789173789	1
17	21207837	21207838	41	6	2.3	2	2	0.15	1	1	0.85	unphased	0.39290780141844	0.39290780141844	1
17	21319641	21319642	151	16	2.3	2	2	0.15	1	1	0.85	unphased	0.294876912840985	0.294876912840985	1
17	21731019	21731020	36	33	2.3	2	2	0.15	1	1	0.85	unphased	1.4719806763285	1.27998319680739	1.15
17	25630660	25630661	119	63	2.3	2	2	0.15	1	1	0.85	unphased	1.06538461538462	1.06538461538462	1
17	25948959	25948960	13	15	2.3	2	2	0.15	1	1	0.85	unphased	1.64880952380952	1.43374741200828	1.15
17	33520780	33520781	205	13	2.3	2	2	0.15	1	1	0.85	unphased	0.183537206931702	1.22358137954468	0.15
17	33802109	33802110	32	26	2.3	2	2	0.15	1	1	0.85	unphased	1.37969348659004	1.19973346660003	1.15
17	34199240	34199241	13	3	2.3	2	2	0.15	1	1	0.85	unphased	0.577083333333333	0.577083333333333	1
17	34304734	34304735	54	43	2.3	2	2	0.15	1	1	0.85	unphased	1.36437571592211	1.18641366601922	1.15
17	34862944	34862945	30	16	2.3	2	2	0.15	1	1	0.85	unphased	1.07053140096618	1.07053140096618	1
17	36709069	36709070	47	21	2.3	2	2	0.15	1	1	0.85	unphased	0.950490196078432	0.950490196078432	1
17	36962606	36962607	16	7	2.3	2	2	0.15	1	1	0.85	unphased	0.936714975845411	0.936714975845411	1
17	37762570	37762571	6	11	2.3	2	2	0.15	1	1	0.85	unphased	1.99150326797386	1.73174197215118	1.15
17	39034458	39034459	116	83	2.3	2	2	0.15	1	1	0.85	unphased	1.28369625907314	1.11625761658534	1.15
17	39038821	39038822	47	39	2.3	2	2	0.15	1	1	0.85	unphased	1.39573643410853	1.21368385574655	1.15
17	39165299	39165300	45	40	2.3	2	2	0.15	1	1	0.85	unphased	1.4483660130719	1.25944870701904	1.15
17	39280109	39280110	59	41	2.3	2	2	0.15	1	1	0.85	unphased	1.26188888888889	1.09729468599034	1.15
17	39525941	39525942	39	20	2.3	2	2	0.15	1	1	0.85	unphased	1.04331450094162	1.04331450094162	1
17	39551618	39551619	67	49	2.3	2	2	0.15	1	1	0.85	unphased	1.30009578544061	1.13051807429619	1.15
17	39567644	39567645	13	14	2.3	2	2	0.15	1	1	0.85	unphased	1.59588477366255	1.38772589014135	1.15
17	39975631	39975632	43	32	2.3	2	2	0.15	1	1	0.85	unphased	1.31318518518519	1.1419001610306	1.15
17	40257125	40257126	29	15	2.3	2	2	0.15	1	1	0.85	unphased	1.04924242424242	1.04924242424242	1
17	40915026	40915027	9	5	2.3	2	2	0.15	1	1	0.85	unphased	1.09920634920635	1.09920634920635	1
17	41835994	41835995	41	35	2.3	2	2	0.15	1	1	0.85	unphased	1.41739766081871	1.23251970505975	1.15
17	42113519	42113520	33	13	2.3	2	2	0.15	1	1	0.85	unphased	0.869806763285024	0.869806763285024	1
17	42455867	42455868	13	6	2.3	2	2	0.15	1	1	0.85	unphased	0.971929824561404	0.971929824561404	1
17	43351871	43351872	19	31	2.3	2	2	0.15	1	1	0.85	unphased	1.90822222222222	1.65932367149758	1.15
17	51901162	51901163	61	33	4.85	4	2	0.77	1	0	0.23	unphased	1.97570921985816	1.11621989822495	1.77
17	56621439	56621440	83	69	4.85	4	2	0.77	1	0	0.23	unphased	2.5547149122807	1.00579327255146	2.54
17	57228552	57228553	8	20	4.85	4	2	0.77	1	0	0.23	unphased	4.01984126984127	1.0662708938571	3.77
17	59667852	59667853	103	118	4.85	4	2	0.77	1	0	0.23	unphased	3.00487682252388	1.08479307672342	2.77
17	60342479	60342480	170	31	4.85	4	2	0.77	1	0	0.23	unphased	0.867965726920951	0.867965726920951	1
17	61607737	61607738	105	38	4.85	4	2	0.77	1	0	0.23	unphased	1.4954933954934	0.844911522877624	1.77
17	62006811	62006812	52	20	4.85	4	2	0.77	1	0	0.23	unphased	1.56327160493827	0.883204296575295	1.77
17	63637169	63637170	96	36	4.85	4	2	0.77	1	0	0.23	unphased	1.53484848484848	0.867146036637562	1.77
17	64025367	64025368	85	13	4.85	4	2	0.77	1	0	0.23	unphased	0.746541950113379	0.746541950113379	1
17	64873420	64873421	24	37	4.85	4	2	0.77	1	0	0.23	unphased	3.41357012750455	1.03129006873249	3.31
17	64881146	64881147	74	21	4.85	4	2	0.77	1	0	0.23	unphased	1.2440350877193	1.2440350877193	1
17	65174827	65174828	104	40	4.85	4	2	0.77	1	0	0.23	unphased	1.56327160493827	0.883204296575295	1.77
17	65928031	65928032	76	12	4.85	4	2	0.77	1	0	0.23	unphased	0.767424242424242	0.767424242424242	1
17	66267739	66267740	42	65	4.85	4	2	0.77	1	0	0.23	unphased	3.418743509865	1.0328530241284	3.31
17	67132283	67132284	13	28	4.85	4	2	0.77	1	0	0.23	unphased	3.84336043360434	1.01945900095606	3.77
17	67270187	67270188	93	39	4.85	4	2	0.77	1	0	0.23	unphased	1.66275252525253	0.939408206357359	1.77
17	67305516	67305517	66	75	4.85	4	2	0.77	1	0	0.23	unphased	2.9934988179669	1.08068549385087	2.77
17	72297275	72297276	109	130	4.85	4	2	0.77	1	0	0.23	unphased	3.06113435611344	0.924814004868107	3.31
17	73851355	73851356	157	54	4.85	4	2	0.77	1	0	0.23	unphased	1.44028436018957	0.813719977508234	1.77
17	73915848	73915849	61	15	4.85	4	2	0.77	1	0	0.23	unphased	1.11074561403509	1.11074561403509	1
17	73945403	73945404	159	23	4.85	4	2	0.77	1	0	0.23	unphased	0.711202686202686	0.923639852211281	0.77
17	76501441	76501442	43	16	4.85	4	2	0.77	1	0	0.23	unphased	1.52617702448211	0.862246906487067	1.77
17	78265622	78265623	32	43	4.85	4	2	0.77	1	0	0.23	unphased	3.22659259259259	0.974801387490209	3.31
17	79419841	79419842	6	11	4.85	4	2	0.77	1	0	0.23	unphased	3.64150326797386	1.02867323954064	3.54
17	79684439	79684440	51	58	4.85	4	2	0.77	1	0	0.23	unphased	2.99459734964322	1.08108207568347	2.77
17	79916233	79916234	30	7	4.85	4	2	0.77	1	0	0.23	unphased	1.06471471471471	1.06471471471471	1
17	80046104	80046105	64	19	4.85	4	2	0.77	1	0	0.23	unphased	1.28828647925033	1.28828647925033	1
17	80195043	80195044	6	4	4.85	4	2	0.77	1	0	0.23	unphased	2.25111111111111	2.25111111111111	1
17	80787881	80787882	10	6	4.85	4	2	0.77	1	0	0.23	unphased	2.11041666666667	0.830872703412073	2.54
18	3135564	3135565	43	5	4.16	4	2	0.54	1	1	0.46	unphased	0.514351851851852	0.514351851851852	1
18	5291434	5291435	69	15	2	2	0	1	NA	NA	NA	unphased	0.496031746031746	0.496031746031746	1
18	6851036	6851037	15	26	2	2	0	1	NA	NA	NA	unphased	1.76151761517615	0.880758807588076	2
18	18547803	18547804	185	13	NA	NA	NA	NA	NA	NA	NA	unphased	NA	NA	1
18	20602223	20602224	35	166	4.19	5	0	0.73	1	1	0.27	unphased	4.10274184632394	0.979174664993779	4.19
18	21474889	21474890	91	11	8	7	1	1	0	1	0	unphased	0.946623093681917	0.946623093681917	1
18	21531690	21531691	12	50	8	7	1	1	0	1	0	unphased	7.07885304659498	1.01126472094214	7
18	21711844	21711845	153	51	8	7	1	1	0	1	0	unphased	2.19444444444444	1.09722222222222	2
18	21712654	21712655	26	16	8	7	1	1	0	1	0	unphased	3.34391534391534	1.11463844797178	3
18	22806811	22806812	28	87	7.58	7	1	0.94	0	1	0.0600000000000001	unphased	6.32284057971015	0.960918021232545	6.58
18	28725698	28725699	64	5	2.82	2	2	0.41	1	1	0.59	unphased	0.260708534621578	0.635874474686776	0.41
18	28986190	28986191	43	27	2.82	2	2	0.41	1	1	0.59	unphased	1.38771428571429	0.98419452887538	1.41
18	29648276	29648277	108	20	8	7	1	1	0	1	0	unphased	1.37152777777778	1.37152777777778	1
18	30092563	30092564	58	87	5.99	7	2	0.57	1	1	0.43	unphased	4.06066666666667	0.980837359098229	4.14
18	34647098	34647099	69	10	3.74	4	1	0.58	1	1	0.42	unphased	0.571870604781997	0.985983801348271	0.58
18	34839127	34839128	23	16	3.74	4	1	0.58	1	1	0.42	unphased	1.85344729344729	0.858077450670043	2.16
18	43535269	43535270	41	4	2.47	2	1	0.47	1	1	0.53	unphased	0.288691358024691	0.614236931967428	0.47
18	49867028	49867029	12	4	2	2	0	0.28	1	1	0.72	unphased	0.694444444444444	0.694444444444444	1
18	55024370	55024371	73	8	2	2	0	0.28	1	1	0.72	unphased	0.274348422496571	0.274348422496571	1
18	55240532	55240533	38	11	2	2	0	0.28	1	1	0.72	unphased	0.623582766439909	0.866087175610985	0.72
18	56204701	56204702	18	26	2	2	0	0.28	1	1	0.72	unphased	1.64141414141414	1.2823547979798	1.28
18	56377242	56377243	44	43	2	2	0	0.28	1	1	0.72	unphased	1.37292464878672	1.07259738186462	1.28
18	56998707	56998708	20	32	2	2	0	0.28	1	1	0.72	unphased	1.70940170940171	1.33547008547009	1.28
18	59203765	59203766	104	26	2	2	0	0.28	1	1	0.72	unphased	0.555555555555556	0.771604938271605	0.72
18	59912038	59912039	13	17	2	2	0	0.28	1	1	0.72	unphased	1.57407407407407	1.22974537037037	1.28
18	61377440	61377441	2	8	2	2	0	0.28	1	1	0.72	unphased	2.22222222222222	1.73611111111111	1.28
18	61377488	61377489	6	8	2	2	0	0.28	1	1	0.72	unphased	1.58730158730159	1.58730158730159	1
18	61569753	61569754	34	40	2	2	0	0.28	1	1	0.72	unphased	1.5015015015015	1.17304804804805	1.28
18	63530135	63530136	8	16	2	2	0	0.28	1	1	0.72	unphased	1.85185185185185	1.44675925925926	1.28
18	63547682	63547683	28	5	2	2	0	0.28	1	1	0.72	unphased	0.420875420875421	0.584549195660307	0.72
18	67860645	67860646	13	26	2.29	2	1	0.29	1	1	0.71	unphased	2.04518518518519	1.58541487223658	1.29
18	74154839	74154840	6	14	2.29	2	1	0.29	1	1	0.71	unphased	2.14744444444444	1.66468561584841	1.29
18	76755281	76755282	4	5	2.29	2	1	0.29	1	1	0.71	unphased	1.70432098765432	1.70432098765432	1
18	77895671	77895672	40	37	2.29	2	1	0.29	1	1	0.71	unphased	1.47412698412698	1.14273409622247	1.29
19	3738614	3738615	17	52	2	2	0	1	NA	NA	NA	unphased	2.09339774557166	1.04669887278583	2
19	4930800	4930801	9	18	2	2	0	1	NA	NA	NA	unphased	1.85185185185185	0.925925925925926	2
19	6531263	6531264	0	10	4	4	0	1	NA	NA	NA	unphased	4.77777777777778	1.19444444444444	4
19	6913761	6913762	129	10	4	4	0	1	NA	NA	NA	unphased	0.343725019984013	0.343725019984013	1
19	7618869	7618870	7	41	4	4	0	1	NA	NA	NA	unphased	4.08101851851852	1.02025462962963	4
19	8807961	8807962	6	38	3	3	0	1	NA	NA	NA	unphased	3.26262626262626	1.08754208754209	3
19	8953622	8953623	17	54	3	3	0	1	NA	NA	NA	unphased	2.87323943661972	0.957746478873239	3
19	9047941	9047942	7	20	3	3	0	1	NA	NA	NA	unphased	2.79835390946502	0.93278463648834	3
19	9069688	9069689	25	55	3	3	0	1	NA	NA	NA	unphased	2.59722222222222	0.865740740740741	3
19	9213342	9213343	15	61	3	3	0	1	NA	NA	NA	unphased	3.03216374269006	1.01072124756335	3
19	9213343	9213344	16	63	3	3	0	1	NA	NA	NA	unphased	3.0126582278481	1.0042194092827	3
19	9577374	9577375	29	99	3	3	0	1	NA	NA	NA	unphased	2.921875	0.973958333333333	3
19	9577764	9577765	26	135	3	3	0	1	NA	NA	NA	unphased	3.16770186335404	1.05590062111801	3
19	10599902	10599903	2	13	3	3	0	1	NA	NA	NA	unphased	3.27407407407407	1.09135802469136	3
19	10677700	10677701	8	48	3	3	0	1	NA	NA	NA	unphased	3.23809523809524	1.07936507936508	3
19	12866459	12866460	12	55	3	3	0	1	NA	NA	NA	unphased	3.10116086235489	1.03372028745163	3
19	12936645	12936646	6	15	3	3	0	1	NA	NA	NA	unphased	2.6984126984127	0.8994708994709	3
19	13445268	13445269	10	54	3	3	0	1	NA	NA	NA	unphased	3.1875	1.0625	3
19	14006294	14006295	45	148	3	3	0	1	NA	NA	NA	unphased	2.89694876223374	0.965649587411245	3
19	15739115	15739116	50	53	3	3	0	1	NA	NA	NA	unphased	1.94390507011866	0.971952535059331	2
19	15871631	15871632	19	58	3	3	0	1	NA	NA	NA	unphased	2.84559884559885	0.948532948532949	3
19	17104274	17104275	4	22	3	3	0	1	NA	NA	NA	unphased	3.1965811965812	1.06552706552707	3
19	17644422	17644423	15	36	3	3	0	1	NA	NA	NA	unphased	2.66666666666667	0.888888888888889	3
19	18710581	18710582	1	9	3	3	0	1	NA	NA	NA	unphased	3.4	1.13333333333333	3
19	19221685	19221686	8	34	3	3	0	1	NA	NA	NA	unphased	3.05820105820106	1.01940035273369	3
19	19637066	19637067	19	3	3	3	0	1	NA	NA	NA	unphased	0.515151515151515	0.515151515151515	1
19	21606405	21606406	13	59	3	3	0	1	NA	NA	NA	unphased	3.09567901234568	1.03189300411523	3
19	22586283	22586284	26	83	3	3	0	1	NA	NA	NA	unphased	2.87665647298675	0.958885490995583	3
19	23927111	23927112	15	41	2	2	0	1	NA	NA	NA	unphased	2.03373015873016	1.01686507936508	2
19	30935459	30935460	99	78	4.76	3	2	0.94	0	1	0.0600000000000001	unphased	2.44037664783427	0.865381790012154	2.82
19	30936547	30936548	22	21	4.76	3	2	0.94	0	1	0.0600000000000001	unphased	2.70449612403101	0.9590411787344	2.82
19	30936626	30936627	21	7	4.76	3	2	0.94	0	1	0.0600000000000001	unphased	1.38444444444444	1.38444444444444	1
19	31038992	31038993	80	72	4.76	3	2	0.94	0	1	0.0600000000000001	unphased	2.62315789473684	0.930197835013064	2.82
19	31039534	31039535	66	59	4.76	3	2	0.94	0	1	0.0600000000000001	unphased	2.61383111111111	0.926890464933018	2.82
19	31048129	31048130	118	63	4.76	3	2	0.94	0	1	0.0600000000000001	unphased	1.9275138121547	0.993563820698297	1.94
19	31767508	31767509	50	44	4.76	3	2	0.94	0	1	0.0600000000000001	unphased	2.59215130023641	0.919202588736314	2.82
19	32949336	32949337	167	97	4.76	3	2	0.94	0	1	0.0600000000000001	unphased	2.0347138047138	1.04882154882155	1.94
19	33703798	33703799	38	44	4.76	3	2	0.94	0	1	0.0600000000000001	unphased	2.97149051490515	1.01071105949155	2.94
19	34263061	34263062	22	17	4.76	3	2	0.94	0	1	0.0600000000000001	unphased	2.41390313390313	0.855994019114587	2.82
19	35449725	35449726	26	29	4.76	3	2	0.94	0	1	0.0600000000000001	unphased	2.91991919191919	0.993169793169793	2.94
19	36018919	36018920	209	183	9	7	2	1	0	1	0	unphased	4.56462585034014	0.912925170068027	5
19	36227599	36227600	36	7	4.36	4	2	0.59	1	1	0.41	unphased	0.836382428940569	0.836382428940569	1
19	36234924	36234925	59	60	4.36	4	2	0.59	1	1	0.41	unphased	2.59047619047619	1.00018385732671	2.59
19	36370110	36370111	65	40	4.36	4	2	0.59	1	1	0.41	unphased	1.95724867724868	0.897820494150769	2.18
19	36399167	36399168	18	12	4.36	4	2	0.59	1	1	0.41	unphased	2.05511111111111	0.942711518858308	2.18
19	36884660	36884661	132	19	4.36	4	2	0.59	1	1	0.41	unphased	0.646475349521707	1.09572093139272	0.59
19	37101548	37101549	64	35	4.36	4	2	0.59	1	1	0.41	unphased	1.81638608305275	1.14238118430991	1.59
19	37118371	37118372	95	26	4.36	4	2	0.59	1	1	0.41	unphased	1.10398530762167	1.10398530762167	1
19	38200656	38200657	73	31	4.36	4	2	0.59	1	1	0.41	unphased	1.53145299145299	0.963177982045907	1.59
19	38573528	38573529	70	41	4.36	4	2	0.59	1	1	0.41	unphased	1.89773773773774	0.870521898044834	2.18
19	38621395	38621396	52	29	4.36	4	2	0.59	1	1	0.41	unphased	1.83945130315501	0.843785001447251	2.18
19	38974003	38974004	8	3	4.36	4	2	0.59	1	1	0.41	unphased	1.40121212121212	1.40121212121212	1
19	38976769	38976770	97	89	4.36	4	2	0.59	1	1	0.41	unphased	2.4583990442055	0.949188820156562	2.59
19	39433155	39433156	30	28	4.36	4	2	0.59	1	1	0.41	unphased	2.48030651340996	0.957647302474889	2.59
19	39590884	39590885	95	69	4.36	4	2	0.59	1	1	0.41	unphased	2.16162601626016	0.991571567091818	2.18
19	39911930	39911931	23	35	4.36	4	2	0.59	1	1	0.41	unphased	3.10038314176245	0.974963252126557	3.18
19	39911931	39911932	22	35	4.36	4	2	0.59	1	1	0.41	unphased	3.15477582846004	0.992067870584918	3.18
19	39913962	39913963	42	35	4.36	4	2	0.59	1	1	0.41	unphased	2.33535353535354	1.07126308961171	2.18
19	39989983	39989984	7	10	4.36	4	2	0.59	1	1	0.41	unphased	3.02222222222222	0.950384346610762	3.18
19	40172729	40172730	10	6	4.36	4	2	0.59	1	1	0.41	unphased	1.92666666666667	1.92666666666667	1
19	40316675	40316676	46	11	4.36	4	2	0.59	1	1	0.41	unphased	0.99150097465887	0.99150097465887	1
19	40886226	40886227	15	48	4	4	0	1	NA	NA	NA	unphased	3.64021164021164	0.91005291005291	4
19	41778032	41778033	154	27	4	4	0	1	NA	NA	NA	unphased	0.712707182320442	0.712707182320442	1
19	43258432	43258433	242	17	4	4	0	1	NA	NA	NA	unphased	0.313599313599314	0.313599313599314	1
19	43439646	43439647	86	370	4	4	0	1	NA	NA	NA	unphased	3.87670565302144	0.969176413255361	4
19	43519506	43519507	48	136	4	4	0	1	NA	NA	NA	unphased	3.53140096618357	0.882850241545894	4
19	43689064	43689065	82	392	4	4	0	1	NA	NA	NA	unphased	3.95124238162213	0.987810595405532	4
19	44280782	44280783	31	6	4	4	0	1	NA	NA	NA	unphased	0.774774774774775	0.774774774774775	1
19	44844682	44844683	16	96	4	4	0	1	NA	NA	NA	unphased	4.09523809523809	1.02380952380952	4
19	44892225	44892226	24	109	4	4	0	1	NA	NA	NA	unphased	3.9156223893066	0.97890559732665	4
19	45477748	45477749	16	72	4	4	0	1	NA	NA	NA	unphased	3.90909090909091	0.977272727272727	4
19	45774826	45774827	106	7	4	4	0	1	NA	NA	NA	unphased	0.295968534906588	0.295968534906588	1
19	45912959	45912960	5	10	4	4	0	1	NA	NA	NA	unphased	3.18518518518519	1.06172839506173	3
19	46318942	46318943	1	15	4	4	0	1	NA	NA	NA	unphased	4.47916666666667	1.11979166666667	4
19	47656281	47656282	184	54	4	4	0	1	NA	NA	NA	unphased	1.08403361344538	1.08403361344538	1
19	47823226	47823227	17	67	4	4	0	1	NA	NA	NA	unphased	3.81084656084656	0.95271164021164	4
19	47969537	47969538	4	15	4	4	0	1	NA	NA	NA	unphased	3.7719298245614	0.942982456140351	4
19	49224014	49224015	21	120	4	4	0	1	NA	NA	NA	unphased	4.0661938534279	1.01654846335697	4
19	50247550	50247551	8	63	4	4	0	1	NA	NA	NA	unphased	4.23943661971831	1.05985915492958	4
19	50384542	50384543	9	27	4	4	0	1	NA	NA	NA	unphased	3.58333333333333	0.895833333333333	4
19	50838141	50838142	10	11	4	4	0	1	NA	NA	NA	unphased	2.5026455026455	0.834215167548501	3
19	51274695	51274696	14	84	4	4	0	1	NA	NA	NA	unphased	4.09523809523809	1.02380952380952	4
19	51361738	51361739	13	120	4	4	0	1	NA	NA	NA	unphased	4.31077694235589	1.07769423558897	4
19	51470520	51470521	15	52	4	4	0	1	NA	NA	NA	unphased	3.70812603648425	0.927031509121061	4
19	52002433	52002434	11	44	4	4	0	1	NA	NA	NA	unphased	3.82222222222222	0.955555555555556	4
19	52250121	52250122	12	66	4	4	0	1	NA	NA	NA	unphased	4.04273504273504	1.01068376068376	4
19	52772823	52772824	4	15	4	4	0	1	NA	NA	NA	unphased	3.7719298245614	0.942982456140351	4
19	53612318	53612319	26	38	4	4	0	1	NA	NA	NA	unphased	2.83680555555556	0.945601851851852	3
19	53912910	53912911	117	9	4	4	0	1	NA	NA	NA	unphased	0.341269841269841	0.341269841269841	1
19	54385746	54385747	29	130	4	4	0	1	NA	NA	NA	unphased	3.90635918937806	0.976589797344514	4
19	54566997	54566998	32	115	4	4	0	1	NA	NA	NA	unphased	3.73771730914588	0.93442932728647	4
19	54724569	54724570	19	44	4	4	0	1	NA	NA	NA	unphased	3.336860670194	1.11228689006467	3
19	54744321	54744322	200	36	4	4	0	1	NA	NA	NA	unphased	0.728813559322034	0.728813559322034	1
19	54758763	54758764	10	65	4	4	0	1	NA	NA	NA	unphased	4.14074074074074	1.03518518518519	4
19	55105732	55105733	100	15	4	4	0	1	NA	NA	NA	unphased	0.623188405797101	0.623188405797101	1
19	55174413	55174414	6	51	4	4	0	1	NA	NA	NA	unphased	4.27485380116959	1.0687134502924	4
19	55222039	55222040	16	126	4	4	0	1	NA	NA	NA	unphased	4.23943661971831	1.05985915492958	4
19	55297939	55297940	7	49	4	4	0	1	NA	NA	NA	unphased	4.18055555555556	1.04513888888889	4
19	55453061	55453062	43	7	4	4	0	1	NA	NA	NA	unphased	0.668888888888889	0.668888888888889	1
19	56307570	56307571	124	41	4	4	0	1	NA	NA	NA	unphased	1.18720538720539	1.18720538720539	1
19	56466861	56466862	33	126	4	4	0	1	NA	NA	NA	unphased	3.78616352201258	0.946540880503145	4
19	56539561	56539562	16	69	4	4	0	1	NA	NA	NA	unphased	3.87843137254902	0.969607843137255	4
19	56701794	56701795	40	149	4	4	0	1	NA	NA	NA	unphased	3.76660787771899	0.941651969429747	4
19	58190172	58190173	26	132	4	4	0	1	NA	NA	NA	unphased	3.9915611814346	0.99789029535865	4
19	58265419	58265420	26	104	4	4	0	1	NA	NA	NA	unphased	3.82222222222222	0.955555555555556	4
2	7164643	7164644	51	15	2.13	2	1	0.13	1	1	0.87	unphased	0.660858585858586	0.660858585858586	1
2	11798749	11798750	47	16	2.13	2	1	0.13	1	1	0.87	unphased	0.738483245149912	0.738483245149912	1
2	20202956	20202957	32	34	2.13	2	1	0.13	1	1	0.87	unphased	1.49794612794613	1.3256160424302	1.13
2	21232391	21232392	69	57	2.13	2	1	0.13	1	1	0.87	unphased	1.31542328042328	1.16409139860467	1.13
2	27462665	27462666	29	20	2.13	2	1	0.13	1	1	0.87	unphased	1.18684807256236	1.18684807256236	1
2	27465739	27465740	18	13	2.13	2	1	0.13	1	1	0.87	unphased	1.21939068100358	1.21939068100358	1
2	27528551	27528552	12	9	2.13	2	1	0.13	1	1	0.87	unphased	1.24619047619048	1.24619047619048	1
2	27530299	27530300	7	8	2.13	2	1	0.13	1	1	0.87	unphased	1.55081481481481	1.55081481481481	1
2	27549495	27549496	8	7	2.13	2	1	0.13	1	1	0.87	unphased	1.35696296296296	1.35696296296296	1
2	29293990	29293991	37	28	2.13	2	1	0.13	1	1	0.87	unphased	1.2525811965812	1.2525811965812	1
2	31587068	31587069	32	26	2.13	2	1	0.13	1	1	0.87	unphased	1.30348659003831	1.30348659003831	1
2	39009074	39009075	32	27	1	2	1	0	0	1	1	unphased	0.813559322033898	0.813559322033898	1
2	48026795	48026796	83	87	3.6	3	2	0.65	1	0	0.35	unphased	2.24039215686274	0.974083546462063	2.3
2	50280577	50280578	56	37	1.24	2	2	0.08	0	1	0.92	unphased	0.802771804062127	0.802771804062127	1
2	50850582	50850583	84	49	1.24	2	2	0.08	0	1	0.92	unphased	0.743391812865497	0.743391812865497	1
2	61149603	61149604	63	11	1.08	2	1	0.04	0	1	0.96	unphased	0.276156156156156	0.276156156156156	1
2	61542062	61542063	70	46	1.08	2	1	0.04	0	1	0.96	unphased	0.736704980842912	0.736704980842912	1
2	69784099	69784100	21	6	1.08	2	1	0.04	0	1	0.96	unphased	0.41283950617284	0.41283950617284	1
2	71300694	71300695	122	89	1.08	2	1	0.04	0	1	0.96	unphased	0.78361242759347	0.78361242759347	1
2	71886040	71886041	68	43	1.08	2	1	0.04	0	1	0.96	unphased	0.71967967967968	0.71967967967968	1
2	73479951	73479952	18	6	1.08	2	1	0.04	0	1	0.96	unphased	0.464444444444444	0.464444444444444	1
2	73681071	73681072	31	32	1.08	2	1	0.04	0	1	0.96	unphased	0.94363315696649	0.94363315696649	1
2	79386510	79386511	33	17	1.08	2	1	0.04	0	1	0.96	unphased	0.631644444444445	0.631644444444445	1
2	89196825	89196826	17	3	1.08	2	1	0.04	0	1	0.96	unphased	0.278666666666667	0.278666666666667	1
2	96780811	96780812	22	7	1.08	2	1	0.04	0	1	0.96	unphased	0.448429118773946	0.448429118773946	1
2	97875436	97875437	76	11	1.08	2	1	0.04	0	1	0.96	unphased	0.234891443167305	0.234891443167305	1
2	99013797	99013798	12	10	3	2	1	1	NA	NA	NA	unphased	1.71717171717172	0.858585858585859	2
2	99936170	99936171	36	24	3	2	1	1	NA	NA	NA	unphased	1.51111111111111	0.755555555555556	2
2	102486089	102486090	10	6	3	2	1	1	NA	NA	NA	unphased	1.41666666666667	1.41666666666667	1
2	103010973	103010974	53	19	3	2	1	1	NA	NA	NA	unphased	0.996913580246914	0.996913580246914	1
2	103128687	103128688	69	31	3	2	1	1	NA	NA	NA	unphased	1.17111111111111	1.17111111111111	1
2	105473123	105473124	22	15	3	2	1	1	NA	NA	NA	unphased	1.53153153153153	0.765765765765766	2
2	108869810	108869811	40	5	2	2	0	1	NA	NA	NA	unphased	0.308641975308642	0.308641975308642	1
2	113067563	113067564	26	11	3	2	1	1	NA	NA	NA	unphased	1.12312312312312	1.12312312312312	1
2	120848000	120848001	15	53	2	2	0	1	NA	NA	NA	unphased	2.16503267973856	1.08251633986928	2
2	125204344	125204345	6	17	2	2	0	1	NA	NA	NA	unphased	2.05314009661836	1.02657004830918	2
2	125660550	125660551	3	6	2	2	0	1	NA	NA	NA	unphased	1.85185185185185	1.85185185185185	1
2	128380916	128380917	2	10	2	2	0	1	NA	NA	NA	unphased	2.31481481481481	1.15740740740741	2
2	128628474	128628475	7	12	2	2	0	1	NA	NA	NA	unphased	1.75438596491228	0.87719298245614	2
2	131704164	131704165	20	63	2	2	0	1	NA	NA	NA	unphased	2.10843373493976	1.05421686746988	2
2	135893220	135893221	12	17	2	2	0	1	NA	NA	NA	unphased	1.62835249042146	0.814176245210728	2
2	152553947	152553948	18	39	2	2	0	1	NA	NA	NA	unphased	1.90058479532164	0.950292397660819	2
2	155711651	155711652	26	54	2.14	3	0	0.57	1	0	0.43	unphased	1.9695	0.920327102803738	2.14
2	160673340	160673341	76	42	2.48	2	2	0.24	1	1	0.76	unphased	1.15954802259887	1.15954802259887	1
2	160901605	160901606	38	20	2.48	2	2	0.24	1	1	0.76	unphased	1.12337164750958	1.12337164750958	1
2	162273125	162273126	62	41	2.48	2	2	0.24	1	1	0.76	unphased	1.29678532901834	1.04579462017608	1.24
2	162273331	162273332	96	61	2.48	2	2	0.24	1	1	0.76	unphased	1.26576079263977	1.02077483277401	1.24
2	162279913	162279914	32	17	2.48	2	2	0.24	1	1	0.76	unphased	1.13024943310658	1.13024943310658	1
2	165956927	165956928	26	20	2.48	2	2	0.24	1	1	0.76	unphased	1.41642512077295	1.14227832320399	1.24
2	166223865	166223866	42	41	2.48	2	2	0.24	1	1	0.76	unphased	1.60926372155288	1.29779332383297	1.24
2	168101942	168101943	72	47	2.48	2	2	0.24	1	1	0.76	unphased	1.28668534080299	1.03764946838951	1.24
2	168104333	168104334	72	18	2.48	2	2	0.24	1	1	0.76	unphased	0.651555555555556	0.651555555555556	1
2	168108116	168108117	85	55	2.48	2	2	0.24	1	1	0.76	unphased	1.27984126984127	1.0321300563236	1.24
2	169780100	169780101	25	22	2.48	2	2	0.24	1	1	0.76	unphased	1.52491725768322	1.22977198200259	1.24
2	170027170	170027171	60	60	2.48	2	2	0.24	1	1	0.76	unphased	1.62888888888889	1.31362007168459	1.24
2	172822980	172822981	58	42	2.48	2	2	0.24	1	1	0.76	unphased	1.36826666666667	1.10344086021505	1.24
2	172965285	172965286	24	20	2.48	2	2	0.24	1	1	0.76	unphased	1.48080808080808	1.19420006516781	1.24
2	176046221	176046222	7	4	2.48	2	2	0.24	1	1	0.76	unphased	1.18464646464646	1.18464646464646	1
2	176981672	176981673	82	52	2.48	2	2	0.24	1	1	0.76	unphased	1.26421227197347	1.01952602578505	1.24
2	178988948	178988949	71	34	2.44	2	2	0.22	1	1	0.78	unphased	1.04194708994709	1.04194708994709	1
2	179424240	179424241	75	50	2.44	2	2	0.22	1	1	0.78	unphased	1.28711111111111	1.05500910746812	1.22
2	179434458	179434459	33	18	2.44	2	2	0.22	1	1	0.78	unphased	1.1356862745098	1.1356862745098	1
2	179454312	179454313	156	17	2.44	2	2	0.22	1	1	0.78	unphased	0.316197816313423	1.43726280142465	0.22
2	179571217	179571218	31	37	2.44	2	2	0.22	1	1	0.78	unphased	1.75084967320261	1.43512268295296	1.22
2	179575950	179575951	128	76	2.44	2	2	0.22	1	1	0.78	unphased	1.19877995642702	0.982606521661488	1.22
2	179593082	179593083	15	16	2.44	2	2	0.22	1	1	0.78	unphased	1.66078853046595	1.36130207415242	1.22
2	179612966	179612967	62	45	2.44	2	2	0.22	1	1	0.78	unphased	1.35327102803738	1.10923854757163	1.22
2	182787004	182787005	78	23	2.44	2	2	0.22	1	1	0.78	unphased	0.732761276127613	0.732761276127613	1
2	185803417	185803418	66	57	2.44	2	2	0.22	1	1	0.78	unphased	1.49116531165312	1.222266648896	1.22
2	188228127	188228128	67	16	2.44	2	2	0.22	1	1	0.78	unphased	0.620294511378849	0.620294511378849	1
2	188361769	188361770	37	24	2.44	2	2	0.22	1	1	0.78	unphased	1.26601092896175	1.26601092896175	1
2	190640196	190640197	14	13	2.44	2	2	0.22	1	1	0.78	unphased	1.54930041152263	1.26991837010052	1.22
2	190656637	190656638	29	13	2.44	2	2	0.22	1	1	0.78	unphased	0.995978835978836	0.995978835978836	1
2	196791227	196791228	56	15	1.06	2	1	0.03	0	1	0.97	unphased	0.388262910798122	0.388262910798122	1
2	198436806	198436807	49	31	1.06	2	1	0.03	0	1	0.97	unphased	0.712138888888889	0.712138888888889	1
2	200173645	200173646	38	12	1.06	2	1	0.03	0	1	0.97	unphased	0.441066666666667	0.441066666666667	1
2	202025396	202025397	52	23	1.06	2	1	0.03	0	1	0.97	unphased	0.563585185185185	0.563585185185185	1
2	206166580	206166581	16	9	1.06	2	1	0.03	0	1	0.97	unphased	0.6616	0.6616	1
2	215848573	215848574	38	27	1.06	2	1	0.03	0	1	0.97	unphased	0.763384615384615	0.763384615384615	1
2	217543650	217543651	23	6	1.06	2	1	0.03	0	1	0.97	unphased	0.380229885057471	0.380229885057471	1
2	217543651	217543652	23	6	1.06	2	1	0.03	0	1	0.97	unphased	0.380229885057471	0.380229885057471	1
2	220420681	220420682	40	9	1.06	2	1	0.03	0	1	0.97	unphased	0.337551020408163	0.337551020408163	1
2	223066885	223066886	4	6	1.06	2	1	0.03	0	1	0.97	unphased	1.10266666666667	1.10266666666667	1
2	225635344	225635345	16	22	1.06	2	1	0.03	0	1	0.97	unphased	1.06397660818713	1.06397660818713	1
2	225669999	225670000	74	27	1.06	2	1	0.03	0	1	0.97	unphased	0.491287128712871	0.491287128712871	1
2	227968757	227968758	24	9	1.06	2	1	0.03	0	1	0.97	unphased	0.501212121212121	0.501212121212121	1
2	227968758	227968759	24	9	1.06	2	1	0.03	0	1	0.97	unphased	0.501212121212121	0.501212121212121	1
2	231264873	231264874	60	28	1.06	2	1	0.03	0	1	0.97	unphased	0.584747474747475	0.584747474747475	1
2	231948444	231948445	31	22	1.06	2	1	0.03	0	1	0.97	unphased	0.762851153039832	0.762851153039832	1
2	233344827	233344828	8	4	1.06	2	1	0.03	0	1	0.97	unphased	0.612592592592593	0.612592592592593	1
2	233350866	233350867	4	4	1.06	2	1	0.03	0	1	0.97	unphased	0.918888888888889	0.918888888888889	1
2	233398942	233398943	25	13	1.06	2	1	0.03	0	1	0.97	unphased	0.628713450292398	0.628713450292398	1
2	234527120	234527121	305	161	1.06	2	1	0.03	0	1	0.97	unphased	0.634940391034812	0.634940391034812	1
2	238275447	238275448	62	23	1.06	2	1	0.03	0	1	0.97	unphased	0.497281045751634	0.497281045751634	1
2	241700756	241700757	28	22	1.06	2	1	0.03	0	1	0.97	unphased	0.808622222222222	0.808622222222222	1
20	2384236	2384237	44	42	1	2	1	0	0	1	1	unphased	0.868217054263566	0.868217054263566	1
20	2464824	2464825	37	34	1	2	1	0	0	1	1	unphased	0.851330203442879	0.851330203442879	1
20	3251130	3251131	37	13	1	2	1	0	0	1	1	unphased	0.462222222222222	0.462222222222222	1
20	3677795	3677796	37	9	1	2	1	0	0	1	1	unphased	0.347826086956522	0.347826086956522	1
20	3680040	3680041	8	4	1	2	1	0	0	1	1	unphased	0.592592592592593	0.592592592592593	1
20	11904396	11904397	19	8	1	2	1	0	0	1	1	unphased	0.526748971193416	0.526748971193416	1
20	17705667	17705668	74	28	1	2	1	0	0	1	1	unphased	0.4880174291939	0.4880174291939	1
20	23065770	23065771	37	10	2.1	2	1	0.1	1	1	0.9	unphased	0.612293144208038	0.612293144208038	1
20	23472292	23472293	56	22	2.1	2	1	0.1	1	1	0.9	unphased	0.811680911680912	0.811680911680912	1
20	23584144	23584145	26	14	2.1	2	1	0.1	1	1	0.9	unphased	1.00722222222222	1.00722222222222	1
20	23860155	23860156	135	63	2.1	2	1	0.1	1	1	0.9	unphased	0.915656565656566	0.915656565656566	1
20	30407985	30407986	21	76	3.6	5	1	0.52	1	0	0.48	unphased	3.43001145475372	0.974435072373217	3.52
20	30785259	30785260	27	7	3.6	5	1	0.52	1	0	0.48	unphased	0.901307189542484	0.901307189542484	1
20	32664934	32664935	13	5	1.08	2	1	0.04	0	1	0.96	unphased	0.516049382716049	0.516049382716049	1
20	33876681	33876682	45	42	1.08	2	1	0.04	0	1	0.96	unphased	0.896858237547893	0.896858237547893	1
20	34572669	34572670	101	23	1.08	2	1	0.04	0	1	0.96	unphased	0.344587813620072	0.344587813620072	1
20	35381121	35381122	29	12	1.08	2	1	0.04	0	1	0.96	unphased	0.543739837398374	0.543739837398374	1
20	36640473	36640474	75	89	1.08	2	1	0.04	0	1	0.96	unphased	1.00818428184282	1.00818428184282	1
20	36841785	36841786	7	10	1.08	2	1	0.04	0	1	0.96	unphased	1.09281045751634	1.09281045751634	1
20	37547005	37547006	64	13	1.08	2	1	0.04	0	1	0.96	unphased	0.313650793650794	0.313650793650794	1
20	44313395	44313396	25	23	1.08	2	1	0.04	0	1	0.96	unphased	0.890185185185185	0.890185185185185	1
20	44536369	44536370	10	10	1.08	2	1	0.04	0	1	0.96	unphased	0.928888888888889	0.928888888888889	1
20	47253066	47253067	4	17	1.08	2	1	0.04	0	1	0.96	unphased	1.50391534391534	1.44607244607245	1.04
20	50048685	50048686	33	52	1.08	2	1	0.04	0	1	0.96	unphased	1.13652287581699	1.13652287581699	1
20	51872492	51872493	32	38	1.08	2	1	0.04	0	1	0.96	unphased	1.00850793650794	1.00850793650794	1
20	54972378	54972379	76	73	1.08	2	1	0.04	0	1	0.96	unphased	0.910186428038777	0.910186428038777	1
20	55209257	55209258	43	12	1.08	2	1	0.04	0	1	0.96	unphased	0.405333333333333	0.405333333333333	1
20	56993337	56993338	67	31	1.08	2	1	0.04	0	1	0.96	unphased	0.587664399092971	0.587664399092971	1
20	57567017	57567018	29	39	1.08	2	1	0.04	0	1	0.96	unphased	1.06549019607843	1.06549019607843	1
20	57766385	57766386	15	7	1.08	2	1	0.04	0	1	0.96	unphased	0.591111111111111	0.591111111111111	1
20	58496366	58496367	31	5	1.08	2	1	0.04	0	1	0.96	unphased	0.258024691358025	0.258024691358025	1
20	60793574	60793575	15	3	1.08	2	1	0.04	0	1	0.96	unphased	0.30962962962963	0.30962962962963	1
20	60900454	60900455	13	8	1.08	2	1	0.04	0	1	0.96	unphased	0.707724867724868	0.707724867724868	1
20	61512634	61512635	28	35	1.08	2	1	0.04	0	1	0.96	unphased	1.0320987654321	1.0320987654321	1
20	62737889	62737890	10	13	1.08	2	1	0.04	0	1	0.96	unphased	1.05004830917874	1.05004830917874	1
21	15561442	15561443	11	84	5.1	6	0	0.82	1	0	0.18	unphased	5.19719298245614	0.984316852737905	5.28
21	30257670	30257671	12	39	5	5	0	1	NA	NA	NA	unphased	4.41830065359477	1.10457516339869	4
21	30339203	30339204	33	62	5	5	0	1	NA	NA	NA	unphased	3.77076023391813	0.942690058479532	4
21	32525451	32525452	16	86	5	5	0	1	NA	NA	NA	unphased	4.87145969498911	0.974291938997822	5
21	32525452	32525453	16	86	5	5	0	1	NA	NA	NA	unphased	4.87145969498911	0.974291938997822	5
21	39426792	39426793	5	36	5	5	0	1	NA	NA	NA	unphased	5.07317073170732	1.01463414634146	5
21	39775463	39775464	85	15	5	5	0	1	NA	NA	NA	unphased	0.866666666666667	0.866666666666667	1
21	41033419	41033420	12	42	5	5	0	1	NA	NA	NA	unphased	4.49382716049383	0.898765432098765	5
21	42748970	42748971	14	183	5	5	0	1	NA	NA	NA	unphased	5.36717428087986	1.07343485617597	5
21	45825048	45825049	18	112	5	5	0	1	NA	NA	NA	unphased	4.97777777777778	0.995555555555556	5
21	46078126	46078127	9	97	5	5	0	1	NA	NA	NA	unphased	5.28721174004193	1.05744234800839	5
22	16287902	16287903	178	99	1.21	2	2	0.07	0	1	0.93	unphased	0.71043321299639	0.71043321299639	1
22	17619578	17619579	143	68	1.21	2	2	0.07	0	1	0.93	unphased	0.640610847814639	0.640610847814639	1
22	18844902	18844903	78	13	1.21	2	2	0.07	0	1	0.93	unphased	0.283968253968254	0.283968253968254	1
22	19183810	19183811	26	27	1.21	2	2	0.07	0	1	0.93	unphased	1.01264150943396	1.01264150943396	1
22	19195813	19195814	65	48	1.21	2	2	0.07	0	1	0.93	unphased	0.844365781710914	0.844365781710914	1
22	19195814	19195815	65	47	1.21	2	2	0.07	0	1	0.93	unphased	0.834156746031746	0.834156746031746	1
22	19209524	19209525	111	12	1.21	2	2	0.07	0	1	0.93	unphased	0.193929539295393	0.193929539295393	1
22	20921054	20921055	112	16	2.78	2	2	0.39	1	1	0.61	unphased	0.444722222222222	1.14031339031339	0.39
22	24085999	24086000	178	19	NA	NA	NA	NA	NA	NA	NA	unphased	NA	NA	1
22	29708167	29708168	40	31	2	2	0	1	NA	NA	NA	unphased	1.21283255086072	1.21283255086072	1
22	32792120	32792121	52	119	2	2	0	1	NA	NA	NA	unphased	1.93307342430149	0.966536712150747	2
22	35463012	35463013	5	9	2	2	0	1	NA	NA	NA	unphased	1.78571428571429	0.892857142857143	2
22	37334574	37334575	18	8	2	2	0	1	NA	NA	NA	unphased	0.854700854700855	0.854700854700855	1
22	37491999	37492000	10	17	2	2	0	1	NA	NA	NA	unphased	1.74897119341564	0.874485596707819	2
22	38122185	38122186	16	37	2	2	0	1	NA	NA	NA	unphased	1.93920335429769	0.969601677148847	2
22	40036946	40036947	6	20	2	2	0	1	NA	NA	NA	unphased	2.13675213675214	1.06837606837607	2
22	40055064	40055065	4	24	2	2	0	1	NA	NA	NA	unphased	2.38095238095238	1.19047619047619	2
22	41605643	41605644	8	46	2	2	0	1	NA	NA	NA	unphased	2.36625514403292	1.18312757201646	2
22	51143399	51143400	44	23	2	1	1	0.59	1	1	0.41	unphased	0.953565505804312	0.953565505804312	1
22	51160758	51160759	18	7	2	1	1	0.59	1	1	0.41	unphased	0.777777777777778	0.777777777777778	1
3	3887995	3887996	135	56	3	3	0	1	NA	NA	NA	unphased	1.10762070971495	1.10762070971495	1
3	17052935	17052936	20	78	3	3	0	1	NA	NA	NA	unphased	3.00680272108844	1.00226757369615	3
3	19389225	19389226	19	47	3	3	0	1	NA	NA	NA	unphased	2.69023569023569	0.896745230078564	3
3	20156407	20156408	11	32	3	3	0	1	NA	NA	NA	unphased	2.81136950904393	0.937123169681309	3
3	37544798	37544799	15	15	3	3	0	1	NA	NA	NA	unphased	1.88888888888889	0.944444444444445	2
3	38622673	38622674	3	13	3	3	0	1	NA	NA	NA	unphased	3.06944444444445	1.02314814814815	3
3	39227603	39227604	18	45	3	3	0	1	NA	NA	NA	unphased	2.6984126984127	0.8994708994709	3
3	39227604	39227605	18	45	3	3	0	1	NA	NA	NA	unphased	2.6984126984127	0.8994708994709	3
3	51752295	51752296	1	9	2	2	0	1	NA	NA	NA	unphased	2.5	1.25	2
3	52476873	52476874	3	6	2	2	0	1	NA	NA	NA	unphased	1.85185185185185	1.85185185185185	1
3	52523628	52523629	18	39	2	2	0	1	NA	NA	NA	unphased	1.90058479532164	0.950292397660819	2
3	58178646	58178647	3	6	2	2	0	1	NA	NA	NA	unphased	1.85185185185185	1.85185185185185	1
3	58178647	58178648	3	6	2	2	0	1	NA	NA	NA	unphased	1.85185185185185	1.85185185185185	1
3	61734633	61734634	7	15	2	2	0	1	NA	NA	NA	unphased	1.89393939393939	0.946969696969697	2
3	66436705	66436706	118	17	2	2	0	1	NA	NA	NA	unphased	0.349794238683128	0.349794238683128	1
3	93595822	93595823	59	35	1.18	2	2	0.06	0	1	0.94	unphased	0.728959810874704	0.728959810874704	1
3	97605505	97605506	83	41	2.18	2	2	0.09	1	1	0.91	unphased	0.977974910394265	0.977974910394265	1
3	98217158	98217159	102	59	2.18	2	2	0.09	1	1	0.91	unphased	1.08390614216701	1.08390614216701	1
3	100617728	100617729	79	29	2.18	2	2	0.09	1	1	0.91	unphased	0.794218106995885	0.794218106995885	1
3	111317005	111317006	98	52	2.18	2	2	0.09	1	1	0.91	unphased	1.02536296296296	1.02536296296296	1
3	111785272	111785273	52	29	2.18	2	2	0.09	1	1	0.91	unphased	1.05895747599451	1.05895747599451	1
3	112324499	112324500	32	22	2.18	2	2	0.09	1	1	0.91	unphased	1.20502057613169	1.20502057613169	1
3	112968604	112968605	24	9	2.18	2	2	0.09	1	1	0.91	unphased	0.806666666666667	0.806666666666667	1
3	119306731	119306732	69	47	2.18	2	2	0.09	1	1	0.91	unphased	1.19840996168582	1.19840996168582	1
3	119434405	119434406	158	34	2.18	2	2	0.09	1	1	0.91	unphased	0.523773148148148	0.523773148148148	1
3	121544909	121544910	23	5	2.32	2	2	0.16	1	1	0.84	unphased	0.553174603174603	0.553174603174603	1
3	122003455	122003456	27	25	2.32	2	2	0.16	1	1	0.84	unphased	1.48931623931624	1.28389330975538	1.16
3	122630825	122630826	15	11	2.32	2	2	0.16	1	1	0.84	unphased	1.31059829059829	1.31059829059829	1
3	124393413	124393414	18	3	2.32	2	2	0.16	1	1	0.84	unphased	0.442539682539683	0.442539682539683	1
3	124627144	124627145	47	15	2.32	2	2	0.16	1	1	0.84	unphased	0.749462365591398	0.749462365591398	1
3	129270134	129270135	29	17	2.32	2	2	0.16	1	1	0.84	unphased	1.1448309178744	1.1448309178744	1
3	129370401	129370402	68	57	2.32	2	2	0.16	1	1	0.84	unphased	1.41258666666667	1.21774712643678	1.16
3	130189805	130189806	12	5	2.34	2	2	0.17	1	1	0.83	unphased	0.916993464052288	0.916993464052288	1
3	133654685	133654686	10	6	2.34	2	2	0.17	1	1	0.83	unphased	1.16916666666667	1.16916666666667	1
3	137849717	137849718	52	26	2.26	2	2	0.13	1	1	0.87	unphased	1.01259259259259	1.01259259259259	1
3	138669284	138669285	39	16	2.26	2	2	0.13	1	1	0.87	unphased	0.883717171717172	0.883717171717172	1
3	142281469	142281470	71	11	2.26	2	2	0.13	1	1	0.87	unphased	0.407506775067751	0.407506775067751	1
3	142775240	142775241	12	19	2.26	2	2	0.13	1	1	0.87	unphased	1.86186379928315	1.64766707901164	1.13
3	147114089	147114090	14	14	2.26	2	2	0.13	1	1	0.87	unphased	1.51888888888889	1.34414945919371	1.13
3	150129009	150129010	52	38	2.26	2	2	0.13	1	1	0.87	unphased	1.28261728395062	1.13505954331913	1.13
3	152150693	152150694	55	40	2.26	2	2	0.13	1	1	0.87	unphased	1.27906432748538	1.13191533405786	1.13
3	154889951	154889952	58	42	2.26	2	2	0.13	1	1	0.87	unphased	1.27586666666667	1.12908554572271	1.13
3	160285615	160285616	6	3	1.24	2	2	0.08	0	1	0.92	unphased	0.672592592592593	0.672592592592593	1
3	165547658	165547659	41	23	4	2	2	1	NA	NA	NA	unphased	1.71701388888889	0.858506944444445	2
3	167754687	167754688	99	56	4	2	2	1	NA	NA	NA	unphased	1.72616487455197	0.863082437275986	2
3	172482079	172482080	36	29	4	2	2	1	NA	NA	NA	unphased	2.13162393162393	1.06581196581197	2
3	179287989	179287990	47	44	4	2	2	1	NA	NA	NA	unphased	2.31013431013431	1.15506715506716	2
3	179460064	179460065	33	17	4	2	2	1	NA	NA	NA	unphased	1.62444444444444	0.812222222222222	2
3	179501841	179501842	88	45	4	2	2	1	NA	NA	NA	unphased	1.61654135338346	0.808270676691729	2
3	179592152	179592153	30	31	4	2	2	1	NA	NA	NA	unphased	2.42805100182149	1.21402550091075	2
3	182590197	182590198	69	46	2.66	2	2	0.33	1	1	0.67	unphased	1.37511111111111	1.03391812865497	1.33
3	183211928	183211929	100	60	2.66	2	2	0.33	1	1	0.67	unphased	1.28916666666667	0.969298245614035	1.33
3	183700297	183700298	33	18	2.66	2	2	0.33	1	1	0.67	unphased	1.21333333333333	1.21333333333333	1
3	184045220	184045221	44	28	2.66	2	2	0.33	1	1	0.67	unphased	1.33691358024691	1.00519818063678	1.33
3	186944246	186944247	5	5	2.66	2	2	0.33	1	1	0.67	unphased	1.71888888888889	1.71888888888889	1
3	194386358	194386359	39	5	2.72	2	2	0.36	1	1	0.64	unphased	0.397474747474747	1.10409652076319	0.36
3	194387270	194387271	53	29	2.72	2	2	0.36	1	1	0.64	unphased	1.2370189701897	1.2370189701897	1
3	195515799	195515800	14	8	2.68	2	2	0.34	1	1	0.66	unphased	1.25737373737374	1.25737373737374	1
3	196386987	196386988	28	11	2.68	2	2	0.34	1	1	0.66	unphased	0.975270655270655	0.975270655270655	1
4	3148598	3148599	178	94	2.44	2	1	0.44	1	1	0.56	unphased	1.11202614379085	1.11202614379085	1
4	7436162	7436163	7	4	2	1	1	0.61	1	1	0.39	unphased	1.01010101010101	1.01010101010101	1
4	11400838	11400839	44	22	2.48	2	1	0.48	1	1	0.52	unphased	1.08592592592593	1.08592592592593	1
4	13475982	13475983	100	40	2.48	2	1	0.48	1	1	0.52	unphased	0.930793650793651	0.930793650793651	1
4	20487837	20487838	35	4	2.48	2	1	0.48	1	1	0.52	unphased	0.334131054131054	0.69610636277303	0.48
4	39408721	39408722	62	23	2.43	2	1	0.43	1	1	0.57	unphased	0.867986928104575	0.867986928104575	1
4	46995550	46995551	3	5	2.43	2	1	0.43	1	1	0.57	unphased	2.00486111111111	2.00486111111111	1
4	47938465	47938466	41	23	2.42	2	1	0.42	1	1	0.58	unphased	1.14920138888889	1.14920138888889	1
4	49005779	49005780	64	15	2.42	2	1	0.42	1	1	0.58	unphased	0.607172995780591	0.607172995780591	1
4	55133588	55133589	35	16	2.42	2	1	0.42	1	1	0.58	unphased	1.00322440087146	1.00322440087146	1
4	55971128	55971129	36	22	2.42	2	1	0.42	1	1	0.58	unphased	1.21295019157088	1.21295019157088	1
4	55976588	55976589	52	32	2.42	2	1	0.42	1	1	0.58	unphased	1.21820105820106	1.21820105820106	1
4	57335834	57335835	84	6	2.42	2	1	0.42	1	1	0.58	unphased	0.213185185185185	0.507583774250441	0.42
4	66467703	66467704	56	33	2	1	1	0.57	1	1	0.43	unphased	1.02996254681648	1.02996254681648	1
4	66535295	66535296	9	5	2	1	1	0.57	1	1	0.43	unphased	0.992063492063492	0.992063492063492	1
4	68788573	68788574	34	16	2	1	1	0.57	1	1	0.43	unphased	0.888888888888889	0.888888888888889	1
4	68919576	68919577	31	19	2	1	1	0.57	1	1	0.43	unphased	1.05555555555556	1.05555555555556	1
4	68934443	68934444	44	14	2	1	1	0.57	1	1	0.43	unphased	0.670498084291188	0.670498084291188	1
4	69093776	69093777	13	5	2	1	1	0.57	1	1	0.43	unphased	0.771604938271605	0.771604938271605	1
4	70723320	70723321	45	24	1.82	2	1	0.41	1	0	0.59	unphased	0.903574879227053	0.903574879227053	1
4	71201322	71201323	37	19	1.82	2	1	0.41	1	0	0.59	unphased	0.881388888888889	0.881388888888889	1
4	72102327	72102328	15	17	1.82	2	1	0.41	1	0	0.59	unphased	1.38006944444444	1.38006944444444	1
4	83748688	83748689	75	58	1.82	2	1	0.41	1	0	0.59	unphased	1.13286549707602	1.13286549707602	1
4	87680212	87680213	25	8	1.82	2	1	0.41	1	0	0.59	unphased	0.62976430976431	0.62976430976431	1
4	88766515	88766516	30	37	1.82	2	1	0.41	1	0	0.59	unphased	1.43459369817579	1.01744233913176	1.41
4	90169363	90169364	39	28	1.82	2	1	0.41	1	0	0.59	unphased	1.08563847429519	1.08563847429519	1
4	94159550	94159551	34	40	1.82	2	1	0.41	1	0	0.59	unphased	1.4042042042042	0.995889506527805	1.41
4	94750293	94750294	11	10	1.82	2	1	0.41	1	0	0.59	unphased	1.23703703703704	1.23703703703704	1
4	96091388	96091389	114	22	1.82	2	1	0.41	1	0	0.59	unphased	0.420228758169935	1.02494819065838	0.41
4	100349272	100349273	39	34	1.82	2	1	0.41	1	0	0.59	unphased	1.20992389649924	1.20992389649924	1
4	100518296	100518297	45	33	1.82	2	1	0.41	1	0	0.59	unphased	1.09905982905983	1.09905982905983	1
4	100532389	100532390	45	21	1.82	2	1	0.41	1	0	0.59	unphased	0.826565656565657	0.826565656565657	1
4	103822416	103822417	224	13	1.82	2	1	0.41	1	0	0.59	unphased	0.14249413970933	0.14249413970933	1
4	109810404	109810405	58	38	2	1	1	0.59	1	1	0.41	unphased	1.09953703703704	1.09953703703704	1
4	109839345	109839346	32	23	2	1	1	0.59	1	1	0.41	unphased	1.16161616161616	1.16161616161616	1
4	115577983	115577984	11	5	2.23	2	1	0.23	1	1	0.77	unphased	0.939930555555556	0.939930555555556	1
4	115997889	115997890	74	9	2.23	2	1	0.23	1	1	0.77	unphased	0.326144578313253	1.4180199057098	0.23
4	119161770	119161771	34	10	2.14	2	1	0.14	1	1	0.86	unphased	0.663131313131313	0.663131313131313	1
4	119951152	119951153	71	19	2.14	2	1	0.14	1	1	0.86	unphased	0.615975308641975	0.615975308641975	1
4	123329110	123329111	56	7	2.14	2	1	0.14	1	1	0.86	unphased	0.324197530864198	0.324197530864198	1
4	126371799	126371800	47	46	2.14	2	1	0.14	1	1	0.86	unphased	1.44320191158901	1.26596658911317	1.14
4	134071185	134071186	23	8	1.33	2	2	0.11	1	0	0.89	unphased	0.543942652329749	0.543942652329749	1
4	134072610	134072611	95	61	1.33	2	2	0.11	1	0	0.89	unphased	0.824195156695157	0.824195156695157	1
4	144135556	144135557	73	44	1.99	2	2	0.33	1	0	0.67	unphased	1.04087369420703	1.04087369420703	1
4	145916439	145916440	22	13	1.99	2	2	0.33	1	0	0.67	unphased	1.02803174603175	1.02803174603175	1
4	145916440	145916441	23	13	1.99	2	2	0.33	1	0	0.67	unphased	0.999475308641975	0.999475308641975	1
4	153245478	153245479	26	20	1.75	2	2	0.25	1	0	0.75	unphased	1.09903381642512	1.09903381642512	1
4	153245479	153245480	26	21	1.75	2	2	0.25	1	0	0.75	unphased	1.12943262411348	1.12943262411348	1
4	153303399	153303400	51	20	1.75	2	2	0.25	1	0	0.75	unphased	0.712050078247261	0.712050078247261	1
4	155487110	155487111	25	19	1.75	2	2	0.25	1	0	0.75	unphased	1.0915404040404	1.0915404040404	1
4	156634248	156634249	45	39	1.75	2	2	0.25	1	0	0.75	unphased	1.17361111111111	1.17361111111111	1
4	158256957	158256958	20	24	1.75	2	2	0.25	1	0	0.75	unphased	1.37878787878788	1.1030303030303	1.25
4	158281282	158281283	49	43	1.75	2	2	0.25	1	0	0.75	unphased	1.18146135265701	1.18146135265701	1
4	159616786	159616787	54	11	1.75	2	2	0.25	1	0	0.75	unphased	0.427777777777778	0.427777777777778	1
4	164394868	164394869	23	15	1.75	2	2	0.25	1	0	0.75	unphased	0.99780701754386	0.99780701754386	1
4	165961673	165961674	45	26	1.75	2	2	0.25	1	0	0.75	unphased	0.92566510172144	0.92566510172144	1
4	165962484	165962485	60	50	1.75	2	2	0.25	1	0	0.75	unphased	1.1489898989899	1.1489898989899	1
4	166416782	166416783	65	38	1.75	2	2	0.25	1	0	0.75	unphased	0.932578209277239	0.932578209277239	1
4	167658666	167658667	143	74	1.75	2	2	0.25	1	0	0.75	unphased	0.862007168458781	0.862007168458781	1
4	169205969	169205970	31	17	1.72	2	2	0.24	1	0	0.76	unphased	0.88462962962963	0.88462962962963	1
4	170912914	170912915	49	27	1.72	2	2	0.24	1	0	0.76	unphased	0.887368421052632	0.887368421052632	1
4	173734725	173734726	50	13	4	2	2	1	NA	NA	NA	unphased	0.985890652557319	0.985890652557319	1
4	187629378	187629379	65	36	1	3	2	0	0	1	1	unphased	0.633663366336634	0.633663366336634	1
4	189063587	189063588	45	39	1	3	2	0	0	1	1	unphased	0.825396825396825	0.825396825396825	1
5	1416276	1416277	33	21	1.24	2	2	0.08	0	1	0.92	unphased	0.784691358024691	0.784691358024691	1
5	5464212	5464213	38	24	1.24	2	2	0.08	0	1	0.92	unphased	0.781075268817204	0.781075268817204	1
5	14489021	14489022	9	7	1.3	2	2	0.1	1	0	0.9	unphased	0.909027777777778	0.909027777777778	1
5	23526426	23526427	131	18	3.28	4	2	0.32	1	1	0.68	unphased	0.490201342281879	0.490201342281879	1
5	24509927	24509928	35	36	3.28	4	2	0.32	1	1	0.68	unphased	2.05746478873239	1.04972693302673	1.96
5	24593574	24593575	62	72	3.28	4	2	0.32	1	1	0.68	unphased	2.18029850746269	0.939783839423572	2.32
5	32789485	32789486	83	66	4	2	2	1	NA	NA	NA	unphased	2.11633109619687	1.05816554809843	2
5	33649048	33649049	52	38	4	2	2	1	NA	NA	NA	unphased	2.01728395061728	1.00864197530864	2
5	35039560	35039561	67	29	4	2	2	1	NA	NA	NA	unphased	1.44328703703704	0.721643518518518	2
5	36117896	36117897	36	24	4	2	2	1	NA	NA	NA	unphased	1.91111111111111	0.955555555555556	2
5	37014783	37014784	68	34	4	2	2	1	NA	NA	NA	unphased	1.59259259259259	0.796296296296296	2
5	37342740	37342741	31	23	4	2	2	1	NA	NA	NA	unphased	2.03497942386831	1.01748971193416	2
5	37697861	37697862	40	30	4	2	2	1	NA	NA	NA	unphased	2.04761904761905	1.02380952380952	2
5	39119033	39119034	37	18	4	2	2	1	NA	NA	NA	unphased	1.56363636363636	0.781818181818182	2
5	40936441	40936442	22	13	4	2	2	1	NA	NA	NA	unphased	1.77460317460317	0.887301587301587	2
5	41032898	41032899	13	14	4	2	2	1	NA	NA	NA	unphased	2.47736625514403	1.23868312757202	2
5	41048526	41048527	33	11	4	2	2	1	NA	NA	NA	unphased	1.19444444444444	1.19444444444444	1
5	41160308	41160309	76	54	4	2	2	1	NA	NA	NA	unphased	1.98461538461538	0.992307692307692	2
5	57755903	57755904	5	4	4	2	2	1	NA	NA	NA	unphased	2.12345679012346	2.12345679012346	1
5	60188845	60188846	19	9	4	2	2	1	NA	NA	NA	unphased	1.53571428571429	1.53571428571429	1
5	63509791	63509792	62	37	4	2	2	1	NA	NA	NA	unphased	1.78563411896745	0.892817059483726	2
5	65340054	65340055	45	27	4	2	2	1	NA	NA	NA	unphased	1.79166666666667	0.895833333333333	2
5	66405925	66405926	76	7	4	2	2	1	NA	NA	NA	unphased	0.402945113788487	0.402945113788487	1
5	68868339	68868340	98	38	4	2	2	1	NA	NA	NA	unphased	1.33496732026144	0.667483660130719	2
5	70751762	70751763	16	10	4	2	2	1	NA	NA	NA	unphased	1.83760683760684	0.918803418803419	2
5	70751763	70751764	16	10	4	2	2	1	NA	NA	NA	unphased	1.83760683760684	0.918803418803419	2
5	78251294	78251295	42	29	4	2	2	1	NA	NA	NA	unphased	1.95148669796557	0.975743348982786	2
5	78338267	78338268	93	7	4	2	2	1	NA	NA	NA	unphased	0.334444444444444	0.334444444444444	1
5	80521581	80521582	31	19	4	2	2	1	NA	NA	NA	unphased	1.81555555555556	0.907777777777778	2
5	80626091	80626092	8	7	4	2	2	1	NA	NA	NA	unphased	2.22962962962963	1.11481481481481	2
5	90106335	90106336	59	37	4	2	2	1	NA	NA	NA	unphased	1.84143518518519	0.920717592592593	2
5	108207178	108207179	58	26	4	2	2	1	NA	NA	NA	unphased	1.47883597883598	0.73941798941799	2
5	112421000	112421001	75	56	4	2	2	1	NA	NA	NA	unphased	2.04240882103478	1.02120441051739	2
5	115336936	115336937	87	38	4	2	2	1	NA	NA	NA	unphased	1.45244444444444	0.726222222222222	2
5	120021733	120021734	52	41	4	2	2	1	NA	NA	NA	unphased	2.1063321385902	1.0531660692951	2
5	121488258	121488259	51	34	4	2	2	1	NA	NA	NA	unphased	1.91111111111111	0.955555555555556	2
5	127728887	127728888	85	52	4	2	2	1	NA	NA	NA	unphased	1.81346309813463	0.906731549067315	2
5	128862056	128862057	82	38	2.99	3	2	0.33	1	1	0.67	unphased	1.19312962962963	1.19312962962963	1
5	129019847	129019848	19	44	2	2	0	1	NA	NA	NA	unphased	1.94003527336861	0.970017636684303	2
5	131329895	131329896	8	9	2	2	0	1	NA	NA	NA	unphased	1.47058823529412	1.47058823529412	1
5	133707233	133707234	2	7	3	3	0	1	NA	NA	NA	unphased	2.93827160493827	0.979423868312757	3
5	137089562	137089563	12	54	3	3	0	1	NA	NA	NA	unphased	3.09090909090909	1.03030303030303	3
5	140174687	140174688	22	55	3	3	0	1	NA	NA	NA	unphased	2.6984126984127	0.8994708994709	3
5	140181220	140181221	78	16	3	3	0	1	NA	NA	NA	unphased	0.643026004728132	0.643026004728132	1
5	140202806	140202807	19	76	3	3	0	1	NA	NA	NA	unphased	3.02222222222222	1.00740740740741	3
5	140202851	140202852	18	88	3	3	0	1	NA	NA	NA	unphased	3.13626834381551	1.04542278127184	3
5	140202975	140202976	17	105	3	3	0	1	NA	NA	NA	unphased	3.25136612021858	1.08378870673953	3
5	140209367	140209368	63	13	3	3	0	1	NA	NA	NA	unphased	0.646198830409357	0.646198830409357	1
5	140209368	140209369	62	13	3	3	0	1	NA	NA	NA	unphased	0.654814814814815	0.654814814814815	1
5	140237119	140237120	94	13	3	3	0	1	NA	NA	NA	unphased	0.458982346832814	0.458982346832814	1
5	140250526	140250527	12	74	3	3	0	1	NA	NA	NA	unphased	3.25064599483204	1.08354866494401	3
5	140433352	140433353	25	76	3	3	0	1	NA	NA	NA	unphased	2.84268426842684	0.947561422808948	3
5	140476929	140476930	6	24	3	3	0	1	NA	NA	NA	unphased	3.02222222222222	1.00740740740741	3
5	140554759	140554760	126	32	3	3	0	1	NA	NA	NA	unphased	0.765119549929677	0.765119549929677	1
5	140558222	140558223	174	62	3	3	0	1	NA	NA	NA	unphased	0.992467043314501	0.992467043314501	1
5	140564194	140564195	29	84	3	3	0	1	NA	NA	NA	unphased	2.80825958702065	0.936086529006883	3
5	140580338	140580339	25	54	3	3	0	1	NA	NA	NA	unphased	2.58227848101266	0.860759493670886	3
5	140719962	140719963	90	15	3	3	0	1	NA	NA	NA	unphased	0.53968253968254	0.53968253968254	1
5	140753884	140753885	12	61	3	3	0	1	NA	NA	NA	unphased	3.15677321156773	1.05225773718924	3
5	140768133	140768134	35	106	3	3	0	1	NA	NA	NA	unphased	2.84003152088259	0.946677173627528	3
5	148989226	148989227	12	49	3	3	0	1	NA	NA	NA	unphased	3.03460837887067	1.01153612629022	3
5	156346550	156346551	12	21	3	3	0	1	NA	NA	NA	unphased	2.4040404040404	0.801346801346801	3
5	157216422	157216423	25	95	3	3	0	1	NA	NA	NA	unphased	2.99074074074074	0.996913580246914	3
5	161113335	161113336	21	74	3	3	0	1	NA	NA	NA	unphased	2.94269005847953	0.980896686159844	3
5	161300253	161300254	18	40	3	3	0	1	NA	NA	NA	unphased	2.60536398467433	0.86845466155811	3
5	169461401	169461402	27	4	3	3	0	1	NA	NA	NA	unphased	0.487455197132617	0.487455197132617	1
5	169672979	169672980	24	50	3	3	0	1	NA	NA	NA	unphased	2.55255255255255	0.850850850850851	3
5	172581410	172581411	4	11	3	3	0	1	NA	NA	NA	unphased	2.77037037037037	0.923456790123457	3
5	175813904	175813905	47	17	3	3	0	1	NA	NA	NA	unphased	1.00347222222222	1.00347222222222	1
5	178413297	178413298	18	3	3	3	0	1	NA	NA	NA	unphased	0.53968253968254	0.53968253968254	1
5	179227063	179227064	10	44	3	3	0	1	NA	NA	NA	unphased	3.07818930041152	1.02606310013717	3
6	4087751	4087752	11	73	4	4	0	1	NA	NA	NA	unphased	4.1521164021164	1.0380291005291	4
6	5216970	5216971	12	65	4	4	0	1	NA	NA	NA	unphased	4.03318903318903	1.00829725829726	4
6	7229491	7229492	6	59	4	4	0	1	NA	NA	NA	unphased	4.33675213675214	1.08418803418803	4
6	17817339	17817340	53	10	4	4	0	1	NA	NA	NA	unphased	0.758377425044092	0.758377425044092	1
6	18122754	18122755	8	25	4	4	0	1	NA	NA	NA	unphased	3.61952861952862	0.904882154882155	4
6	28269904	28269905	13	110	6	6	0	1	NA	NA	NA	unphased	6.06142728093948	1.01023788015658	6
6	29627267	29627268	27	139	6	6	0	1	NA	NA	NA	unphased	5.67536813922356	0.945894689870594	6
6	30140221	30140222	20	17	6	6	0	1	NA	NA	NA	unphased	3.11411411411412	1.03803803803804	3
6	31548607	31548608	4	36	6	6	0	1	NA	NA	NA	unphased	6.1	1.01666666666667	6
6	31901532	31901533	8	88	6	6	0	1	NA	NA	NA	unphased	6.21296296296296	1.03549382716049	6
6	32053748	32053749	11	56	6	6	0	1	NA	NA	NA	unphased	5.66500829187396	0.944168048645661	6
6	32187963	32187964	12	72	6	6	0	1	NA	NA	NA	unphased	5.80952380952381	0.968253968253968	6
6	32372944	32372945	24	164	6	6	0	1	NA	NA	NA	unphased	5.91252955082742	0.985421591804571	6
6	33177788	33177789	6	59	6	6	0	1	NA	NA	NA	unphased	6.15213675213675	1.02535612535613	6
6	35090086	35090087	14	93	6	6	0	1	NA	NA	NA	unphased	5.89096573208723	0.981827622014538	6
6	42162559	42162560	7	11	5.12	5	3	0.52	1	1	0.48	unphased	3.6041975308642	1.01241503675961	3.56
6	43305929	43305930	94	104	5.12	5	3	0.52	1	1	0.48	unphased	3.097822671156	1.00578658154416	3.08
6	44144650	44144651	201	104	5.12	5	3	0.52	1	1	0.48	unphased	2.01104553734062	0.985806635951284	2.04
6	45514746	45514747	34	35	2.98	2	2	0.49	1	1	0.51	unphased	1.9061191626409	1.27927460579926	1.49
6	46135474	46135475	49	63	2.98	2	2	0.49	1	1	0.51	unphased	2.11375	1.41862416107383	1.49
6	47253706	47253707	51	29	2.98	2	2	0.49	1	1	0.51	unphased	1.36219444444444	0.914224459358688	1.49
6	47646846	47646847	40	59	2.98	2	2	0.49	1	1	0.51	unphased	2.23948372615039	1.50300921218147	1.49
6	49582518	49582519	43	46	2.98	2	2	0.49	1	1	0.51	unphased	1.94222222222222	1.30350484712901	1.49
6	49660541	49660542	58	26	2.98	2	2	0.49	1	1	0.51	unphased	1.16312169312169	1.16312169312169	1
6	51491818	51491819	133	26	2.98	2	2	0.49	1	1	0.51	unphased	0.614479385045423	1.25403956131719	0.49
6	55142304	55142305	42	12	2.52	2	2	0.26	1	1	0.74	unphased	0.732839506172839	0.732839506172839	1
6	56510682	56510683	72	32	2.52	2	2	0.26	1	1	0.74	unphased	1.01470085470085	1.01470085470085	1
6	57372297	57372298	56	7	2.52	2	2	0.26	1	1	0.74	unphased	0.36641975308642	1.40930674264008	0.26
6	70948953	70948954	38	19	1.92	2	1	0.46	1	0	0.54	unphased	0.899259259259259	0.899259259259259	1
6	70948954	70948955	38	18	1.92	2	1	0.46	1	0	0.54	unphased	0.867142857142857	0.867142857142857	1
6	71004104	71004105	82	46	1.92	2	1	0.46	1	0	0.54	unphased	0.969513888888889	0.969513888888889	1
6	71009790	71009791	31	13	1.92	2	1	0.46	1	0	0.54	unphased	0.797070707070707	0.797070707070707	1
6	72960040	72960041	18	11	2.45	2	1	0.45	1	1	0.55	unphased	1.22432950191571	1.22432950191571	1
6	75884985	75884986	47	24	2.45	2	1	0.45	1	1	0.55	unphased	1.09107981220657	1.09107981220657	1
6	76720888	76720889	23	4	2.45	2	1	0.45	1	1	0.55	unphased	0.478189300411523	0.478189300411523	1
6	79608091	79608092	13	3	2.42	2	1	0.42	1	1	0.58	unphased	0.599583333333333	0.599583333333333	1
6	79726269	79726270	78	28	2.42	2	1	0.42	1	1	0.58	unphased	0.844696016771489	0.844696016771489	1
6	87725862	87725863	110	40	2.42	2	1	0.42	1	1	0.58	unphased	0.852740740740741	0.852740740740741	1
6	88853844	88853845	57	24	2.42	2	1	0.42	1	1	0.58	unphased	0.947489711934156	0.947489711934156	1
6	90463859	90463860	30	27	2.42	2	1	0.42	1	1	0.58	unphased	1.51473684210526	1.06671608598962	1.42
6	90660404	90660405	27	12	2.42	2	1	0.42	1	1	0.58	unphased	0.983931623931624	0.983931623931624	1
6	99283456	99283457	14	7	2.42	2	1	0.42	1	1	0.58	unphased	1.06592592592593	1.06592592592593	1
6	99323338	99323339	33	22	2.42	2	1	0.42	1	1	0.58	unphased	1.27911111111111	1.27911111111111	1
6	100964119	100964120	60	19	2.42	2	1	0.42	1	1	0.58	unphased	0.769085794655415	0.769085794655415	1
6	100964120	100964121	58	19	2.42	2	1	0.42	1	1	0.58	unphased	0.789062049062049	0.789062049062049	1
6	107100440	107100441	44	10	1.6	2	1	0.3	1	0	0.7	unphased	0.440329218106996	1.46776406035665	0.3
6	114378538	114378539	33	25	1.6	2	1	0.3	1	0	0.7	unphased	1.02490421455939	1.02490421455939	1
6	116832865	116832866	57	11	1.6	2	1	0.3	1	0	0.7	unphased	0.384640522875817	1.28213507625272	0.3
6	118556734	118556735	44	10	1.6	2	1	0.3	1	0	0.7	unphased	0.440329218106996	1.46776406035665	0.3
6	126333970	126333971	31	15	1.6	2	1	0.3	1	0	0.7	unphased	0.77536231884058	0.77536231884058	1
6	127911456	127911457	67	45	1.6	2	1	0.3	1	0	0.7	unphased	0.955357142857143	0.955357142857143	1
6	129581890	129581891	88	40	1.6	2	1	0.3	1	0	0.7	unphased	0.743055555555556	0.743055555555556	1
6	129634130	129634131	42	18	1.6	2	1	0.3	1	0	0.7	unphased	0.713333333333333	0.713333333333333	1
6	130381179	130381180	24	10	1.6	2	1	0.3	1	0	0.7	unphased	0.699346405228758	0.699346405228758	1
6	132039848	132039849	47	20	1.6	2	1	0.3	1	0	0.7	unphased	0.709784411276949	0.709784411276949	1
6	132270414	132270415	57	23	1.6	2	1	0.3	1	0	0.7	unphased	0.683611111111111	0.683611111111111	1
6	134583195	134583196	66	50	1.6	2	1	0.3	1	0	0.7	unphased	1.02490421455939	1.02490421455939	1
6	135254061	135254062	29	23	1.6	2	1	0.3	1	0	0.7	unphased	1.0517094017094	1.0517094017094	1
6	136667179	136667180	40	4	1.6	2	1	0.3	1	0	0.7	unphased	0.216161616161616	0.720538720538721	0.3
6	139164322	139164323	47	47	1.6	2	1	0.3	1	0	0.7	unphased	1.18888888888889	1.18888888888889	1
6	144081660	144081661	23	16	1.6	2	1	0.3	1	0	0.7	unphased	0.975498575498576	0.975498575498576	1
6	144416465	144416466	40	44	1.6	2	1	0.3	1	0	0.7	unphased	1.24550264550265	0.958078958078958	1.3
6	146125935	146125936	69	34	1.6	2	1	0.3	1	0	0.7	unphased	0.784897518878102	0.784897518878102	1
6	152651237	152651238	31	31	1.6	2	1	0.3	1	0	0.7	unphased	1.18888888888889	1.18888888888889	1
6	154480927	154480928	4	10	1.6	2	1	0.3	1	0	0.7	unphased	1.6984126984127	1.30647130647131	1.3
6	154763226	154763227	25	21	1.6	2	1	0.3	1	0	0.7	unphased	1.08550724637681	1.08550724637681	1
6	157488303	157488304	63	23	1.6	2	1	0.3	1	0	0.7	unphased	0.635917312661499	0.635917312661499	1
6	159403691	159403692	20	17	1.6	2	1	0.3	1	0	0.7	unphased	1.09249249249249	1.09249249249249	1
6	159420559	159420560	48	14	1.6	2	1	0.3	1	0	0.7	unphased	0.536917562724014	0.536917562724014	1
6	159687217	159687218	39	38	1.6	2	1	0.3	1	0	0.7	unphased	1.17344877344877	1.17344877344877	1
6	160494824	160494825	33	22	1.6	2	1	0.3	1	0	0.7	unphased	0.951111111111111	0.951111111111111	1
6	160969552	160969553	40	15	1.6	2	1	0.3	1	0	0.7	unphased	0.648484848484848	0.648484848484848	1
6	161012026	161012027	19	10	1.6	2	1	0.3	1	0	0.7	unphased	0.81992337164751	0.81992337164751	1
6	161519451	161519452	57	47	1.6	2	1	0.3	1	0	0.7	unphased	1.07457264957265	1.07457264957265	1
6	167719495	167719496	53	48	1.84	2	1	0.42	1	0	0.58	unphased	1.24409240924092	0.876121414958397	1.42
6	167728934	167728935	101	17	1.84	2	1	0.42	1	0	0.58	unphased	0.37713747645951	0.897946372522644	0.42
7	883160	883161	325	21	7.88	6	3	0.84	1	1	0.16	unphased	0.525472061657033	0.525472061657033	1
7	1523389	1523390	44	15	7.88	6	3	0.84	1	1	0.16	unphased	2.20112994350282	0.821317143098069	2.68
7	2418816	2418817	62	18	7.88	6	3	0.84	1	1	0.16	unphased	1.948	1.05869565217391	1.84
7	2698073	2698074	35	13	7.88	6	3	0.84	1	1	0.16	unphased	2.34481481481481	0.874930901050304	2.68
7	5680881	5680882	116	32	7.88	6	3	0.84	1	1	0.16	unphased	1.87195195195195	1.01736519127823	1.84
7	6370521	6370522	36	67	7.88	6	3	0.84	1	1	0.16	unphased	5.63175836030205	0.991506753574305	5.68
7	6731965	6731966	33	46	7.88	6	3	0.84	1	1	0.16	unphased	5.04123769338959	0.969468787190306	5.2
7	7283314	7283315	203	57	7.88	6	3	0.84	1	1	0.16	unphased	1.89805128205128	1.03154960981048	1.84
7	7545643	7545644	97	32	7.88	6	3	0.84	1	1	0.16	unphased	2.14766580534022	1.16720967681534	1.84
7	11630186	11630187	60	19	7.88	6	3	0.84	1	1	0.16	unphased	2.08225035161744	1.13165779979209	1.84
7	11676039	11676040	37	66	7.88	6	3	0.84	1	1	0.16	unphased	5.54770226537217	1.00501852633554	5.52
7	20438508	20438509	53	76	8.02	7	3	0.78	1	0	0.22	unphased	5.18318690783807	1.01234119293712	5.12
7	21611513	21611514	17	27	6	3	3	1	NA	NA	NA	unphased	4.15909090909091	1.38636363636364	3
7	24749963	24749964	81	54	6	3	3	1	NA	NA	NA	unphased	2.71111111111111	0.903703703703704	3
7	24911636	24911637	64	25	6	3	3	1	NA	NA	NA	unphased	1.90387016229713	0.951935081148565	2
7	27168918	27168919	60	52	6	3	3	1	NA	NA	NA	unphased	3.1468253968254	1.0489417989418	3
7	27211531	27211532	122	18	6	3	3	1	NA	NA	NA	unphased	0.871428571428571	0.871428571428571	1
7	29983639	29983640	91	62	6	3	3	1	NA	NA	NA	unphased	2.74655047204067	0.915516824013556	3
7	31142902	31142903	177	13	6	3	3	1	NA	NA	NA	unphased	0.46374269005848	0.46374269005848	1
7	34086017	34086018	59	63	6	3	3	1	NA	NA	NA	unphased	3.5	1.16666666666667	3
7	35673171	35673172	15	10	6	3	3	1	NA	NA	NA	unphased	2.71111111111111	0.903703703703704	3
7	37953991	37953992	55	44	6	3	3	1	NA	NA	NA	unphased	3.01234567901235	1.00411522633745	3
7	37955911	37955912	45	31	6	3	3	1	NA	NA	NA	unphased	2.76461988304094	0.921539961013645	3
7	39472800	39472801	42	27	6	3	3	1	NA	NA	NA	unphased	2.65217391304348	0.884057971014493	3
7	41729230	41729231	92	10	6	3	3	1	NA	NA	NA	unphased	0.664488017429194	0.664488017429194	1
7	43503284	43503285	150	11	6	3	3	1	NA	NA	NA	unphased	0.463077984817115	0.463077984817115	1
7	43519228	43519229	106	86	6	3	3	1	NA	NA	NA	unphased	3.03587962962963	1.01195987654321	3
7	44073840	44073841	15	12	6	3	3	1	NA	NA	NA	unphased	3.01234567901235	1.00411522633745	3
7	44150782	44150783	30	23	6	3	3	1	NA	NA	NA	unphased	2.94129979035639	0.980433263452132	3
7	47917144	47917145	70	41	6	3	3	1	NA	NA	NA	unphased	2.5035035035035	0.834501167834501	3
7	48356863	48356864	35	17	6	3	3	1	NA	NA	NA	unphased	2.21581196581197	1.10790598290598	2
7	51287546	51287547	77	13	6	3	3	1	NA	NA	NA	unphased	0.979012345679012	0.979012345679012	1
7	53103355	53103356	9	10	2.93	3	2	0.31	1	1	0.69	unphased	1.95146198830409	0.844788739525582	2.31
7	56020942	56020943	15	52	2	2	0	1	NA	NA	NA	unphased	2.1558872305141	1.07794361525705	2
7	57187599	57187600	33	67	3.34	5	2	0.39	1	0	0.61	unphased	2.75891111111111	0.992414068745004	2.78
7	57193804	57193805	135	45	3.34	5	2	0.39	1	0	0.61	unphased	1.02944444444444	1.02944444444444	1
7	64167093	64167094	9	20	3	3	0	1	NA	NA	NA	unphased	2.60536398467433	0.86845466155811	3
7	64292720	64292721	7	12	3	3	0	1	NA	NA	NA	unphased	2.3859649122807	1.19298245614035	2
7	70800711	70800712	17	19	3	3	0	1	NA	NA	NA	unphased	1.99382716049383	0.996913580246914	2
7	71130415	71130416	26	57	3	3	0	1	NA	NA	NA	unphased	2.59437751004016	0.86479250334672	3
7	72849511	72849512	9	25	3	3	0	1	NA	NA	NA	unphased	2.77777777777778	0.925925925925926	3
7	77256327	77256328	7	46	3	3	0	1	NA	NA	NA	unphased	3.27882599580713	1.09294199860238	3
7	81392078	81392079	15	34	3	3	0	1	NA	NA	NA	unphased	2.62131519274376	0.873771730914588	3
7	82545773	82545774	22	91	3	3	0	1	NA	NA	NA	unphased	3.04228121927237	1.01409373975746	3
7	84727203	84727204	43	90	3	3	0	1	NA	NA	NA	unphased	2.55639097744361	0.852130325814536	3
7	92733350	92733351	104	66	3	3	0	1	NA	NA	NA	unphased	1.46666666666667	0.733333333333334	2
7	92760660	92760661	15	43	3	3	0	1	NA	NA	NA	unphased	2.8007662835249	0.933588761174968	3
7	92938211	92938212	19	23	3	3	0	1	NA	NA	NA	unphased	2.06878306878307	1.03439153439153	2
7	97854378	97854379	4	4	3	3	0	1	NA	NA	NA	unphased	1.88888888888889	1.88888888888889	1
7	99258146	99258147	67	11	3	3	0	1	NA	NA	NA	unphased	0.532763532763533	0.532763532763533	1
7	99779760	99779761	38	4	3	3	0	1	NA	NA	NA	unphased	0.35978835978836	0.35978835978836	1
7	100610431	100610432	7	3	3	3	0	1	NA	NA	NA	unphased	1.13333333333333	1.13333333333333	1
7	101843430	101843431	52	16	4.6	3	3	0.65	1	1	0.35	unphased	1.26535947712418	1.26535947712418	1
7	102246407	102246408	21	4	4.6	3	3	0.65	1	1	0.35	unphased	0.860444444444445	0.860444444444445	1
7	116340086	116340087	69	18	4.6	3	3	0.65	1	1	0.35	unphased	1.11264367816092	1.11264367816092	1
7	117398004	117398005	16	7	4.6	3	3	0.65	1	1	0.35	unphased	1.63671497584541	1.63671497584541	1
7	121650871	121650872	41	32	4.6	3	3	0.65	1	1	0.35	unphased	2.35738203957382	1.02494871285818	2.3
7	121652130	121652131	74	73	4.6	3	3	0.65	1	1	0.35	unphased	2.67059712773999	1.00777250103396	2.65
7	123336782	123336783	26	26	4.6	3	3	0.65	1	1	0.35	unphased	2.68888888888889	1.0146750524109	2.65
7	123594233	123594234	87	55	4.6	3	3	0.65	1	1	0.35	unphased	2.0829420970266	0.905626998707219	2.3
7	126746582	126746583	31	27	4.12	3	3	0.53	1	1	0.47	unphased	2.28	0.901185770750988	2.53
7	127229588	127229589	70	18	4.12	3	3	0.53	1	1	0.47	unphased	1.00181818181818	1.00181818181818	1
7	127727084	127727085	37	37	4.12	3	3	0.53	1	1	0.47	unphased	2.44888888888889	0.967940272288098	2.53
7	128035025	128035026	56	43	4.12	3	3	0.53	1	1	0.47	unphased	2.12731762065095	1.03267845662668	2.06
7	128370107	128370108	84	62	4.12	3	3	0.53	1	1	0.47	unphased	2.07987823439878	1.00964962834892	2.06
7	130008494	130008495	34	27	4.12	3	3	0.53	1	1	0.47	unphased	2.16786885245902	1.05236352061117	2.06
7	132193156	132193157	45	43	4.12	3	3	0.53	1	1	0.47	unphased	2.39323232323232	0.945941629736096	2.53
7	132659948	132659949	82	8	4.12	3	3	0.53	1	1	0.47	unphased	0.435358024691358	0.821430235266713	0.53
7	133943132	133943133	52	30	4.52	3	3	0.63	1	1	0.37	unphased	1.93821138211382	0.857615655802576	2.26
7	134136346	134136347	83	10	4.52	3	3	0.63	1	1	0.37	unphased	0.569653524492234	0.904211943638467	0.63
7	136699743	136699744	98	53	4.52	3	3	0.63	1	1	0.37	unphased	1.85948491537896	1.14078829164353	1.63
7	142000794	142000795	40	25	2.84	2	2	0.42	1	1	0.58	unphased	1.39145299145299	0.97989647285422	1.42
7	142131558	142131559	69	69	2.84	2	2	0.42	1	1	0.58	unphased	1.80888888888889	1.27386541471049	1.42
7	142197570	142197571	177	23	2.84	2	2	0.42	1	1	0.58	unphased	0.416044444444444	0.990582010582011	0.42
7	142326755	142326756	57	50	2.84	2	2	0.42	1	1	0.58	unphased	1.69055036344756	1.19052842496307	1.42
7	142566042	142566043	49	31	2.84	2	2	0.42	1	1	0.58	unphased	1.40188888888889	0.987245696400626	1.42
7	142569572	142569573	51	35	2.84	2	2	0.42	1	1	0.58	unphased	1.47235142118863	1.03686719802016	1.42
7	143175615	143175616	58	28	2.84	2	2	0.42	1	1	0.58	unphased	1.1778811369509	1.1778811369509	1
7	143657820	143657821	61	56	2.84	2	2	0.42	1	1	0.58	unphased	1.73158594491928	1.21942672177414	1.42
7	143771332	143771333	68	40	2.84	2	2	0.42	1	1	0.58	unphased	1.33991769547325	0.943604010896656	1.42
7	143807533	143807534	123	76	2.84	2	2	0.42	1	1	0.58	unphased	1.38166387493021	0.973002728824089	1.42
7	149148095	149148096	51	13	4.64	3	3	0.66	1	1	0.34	unphased	1.10048611111111	1.10048611111111	1
7	149522429	149522430	66	35	4.64	3	3	0.66	1	1	0.34	unphased	1.87744774477448	1.13099261733402	1.66
7	150174421	150174422	52	52	4.64	3	3	0.66	1	1	0.34	unphased	2.70888888888889	1.01837928153718	2.66
7	150217353	150217354	39	28	4.64	3	3	0.66	1	1	0.34	unphased	2.26414593698176	0.975924972836965	2.32
7	150696403	150696404	99	76	4.64	3	3	0.66	1	1	0.34	unphased	2.35286349206349	1.01416529830323	2.32
7	150698449	150698450	70	45	4.64	3	3	0.66	1	1	0.34	unphased	2.12	0.913793103448276	2.32
7	152480279	152480280	148	41	3.95	3	2	0.65	1	1	0.35	unphased	1.0256025867137	1.0256025867137	1
7	154595623	154595624	8	12	2.64	2	2	0.32	1	1	0.68	unphased	2.05066666666667	1.55353535353535	1.32
7	154595625	154595626	9	11	2.64	2	2	0.32	1	1	0.68	unphased	1.87977777777778	1.42407407407407	1.32
7	156554847	156554848	46	25	3.62	3	2	0.54	1	1	0.46	unphased	1.54851330203443	1.00552811820417	1.54
7	156798542	156798543	65	19	3.62	3	2	0.54	1	1	0.46	unphased	0.99473544973545	0.99473544973545	1
8	2048818	2048819	13	9	1.06	2	1	0.03	0	1	0.97	unphased	0.751818181818182	0.751818181818182	1
8	2796064	2796065	7	4	1.06	2	1	0.03	0	1	0.97	unphased	0.668282828282828	0.668282828282828	1
8	10102717	10102718	52	24	1.06	2	1	0.03	0	1	0.97	unphased	0.580350877192982	0.580350877192982	1
8	11418940	11418941	17	4	1.1	2	1	0.05	0	1	0.95	unphased	0.357671957671958	0.357671957671958	1
8	11667313	11667314	32	14	1.1	2	1	0.05	0	1	0.95	unphased	0.571497584541063	0.571497584541063	1
8	11851591	11851592	58	14	1.1	2	1	0.05	0	1	0.95	unphased	0.365123456790124	0.365123456790124	1
8	12956885	12956886	21	30	1.66	2	1	0.33	1	0	0.67	unphased	1.43398692810458	1.078185660229	1.33
8	18258183	18258184	92	9	1.66	2	1	0.33	1	0	0.67	unphased	0.217227722772277	0.658265826582658	0.33
8	22277094	22277095	128	36	1.04	2	1	0.02	0	1	0.98	unphased	0.399024390243902	0.399024390243902	1
8	23174525	23174526	40	24	1.04	2	1	0.02	0	1	0.98	unphased	0.681666666666667	0.681666666666667	1
8	23538997	23538998	106	38	1.04	2	1	0.02	0	1	0.98	unphased	0.479691358024691	0.479691358024691	1
8	24342861	24342862	38	30	1.04	2	1	0.02	0	1	0.98	unphased	0.801960784313726	0.801960784313726	1
8	24813269	24813270	13	17	1.04	2	1	0.02	0	1	0.98	unphased	1.03007407407407	1.03007407407407	1
8	27291056	27291057	22	4	3	2	1	1	NA	NA	NA	unphased	0.581196581196581	0.581196581196581	1
8	32600295	32600296	155	11	3	2	1	1	NA	NA	NA	unphased	0.250334672021419	0.250334672021419	1
8	37795162	37795163	5	7	3	2	1	1	NA	NA	NA	unphased	2.2037037037037	1.10185185185185	2
8	38189014	38189015	22	27	3	2	1	1	NA	NA	NA	unphased	2.08163265306122	1.04081632653061	2
8	39785376	39785377	4	5	2.23	2	1	0.23	1	1	0.77	unphased	1.67098765432099	1.67098765432099	1
8	40554901	40554902	42	14	2.23	2	1	0.23	1	1	0.77	unphased	0.751944444444444	0.751944444444444	1
8	48845667	48845668	7	9	3	2	1	1	NA	NA	NA	unphased	2.125	1.0625	2
8	49986615	49986616	19	28	3	2	1	1	NA	NA	NA	unphased	2.25059101654846	1.12529550827423	2
8	52336196	52336197	9	20	3	2	1	1	NA	NA	NA	unphased	2.60536398467433	1.30268199233716	2
8	57079087	57079088	60	49	3	2	1	1	NA	NA	NA	unphased	1.69826707441386	0.849133537206932	2
8	57905801	57905802	12	4	3	2	1	1	NA	NA	NA	unphased	0.944444444444445	0.944444444444445	1
8	59728123	59728124	36	8	3	2	1	1	NA	NA	NA	unphased	0.686868686868687	0.686868686868687	1
8	61654205	61654206	16	4	3	2	1	1	NA	NA	NA	unphased	0.755555555555556	0.755555555555556	1
8	69058476	69058477	40	17	3.8	3	2	0.7	1	0	0.3	unphased	1.36530214424951	1.36530214424951	1
8	69058477	69058478	41	17	3.8	3	2	0.7	1	0	0.3	unphased	1.34176245210728	1.34176245210728	1
8	74203859	74203860	48	29	3.8	3	2	0.7	1	0	0.3	unphased	1.72409812409812	1.01417536711654	1.7
8	77775631	77775632	81	59	3.8	3	2	0.7	1	0	0.3	unphased	1.92920634920635	1.13482726423903	1.7
8	77776197	77776198	14	9	3.8	3	2	0.7	1	0	0.3	unphased	1.79130434782609	1.0537084398977	1.7
8	88885067	88885068	50	17	3.44	3	2	0.61	1	0	0.39	unphased	1.0701824212272	1.0701824212272	1
8	88885611	88885612	141	20	3.44	3	2	0.61	1	0	0.39	unphased	0.523947550034507	0.858930409892634	0.61
8	103317387	103317388	124	60	2.38	2	2	0.19	1	1	0.81	unphased	1.02971014492754	1.02971014492754	1
8	104831843	104831844	38	16	2.36	2	2	0.18	1	1	0.82	unphased	0.929711934156379	0.929711934156379	1
8	110131525	110131526	217	62	2.88	4	2	0.22	1	1	0.78	unphased	0.812839506172839	0.812839506172839	1
8	113299446	113299447	100	40	2.68	4	2	0.17	1	1	0.83	unphased	0.987936507936508	0.987936507936508	1
8	113650966	113650967	50	15	2.68	4	2	0.17	1	1	0.83	unphased	0.797948717948718	0.797948717948718	1
8	117778950	117778951	23	8	2.68	4	2	0.17	1	1	0.83	unphased	0.892329749103943	0.892329749103943	1
8	120651056	120651057	95	10	2.68	4	2	0.17	1	1	0.83	unphased	0.329312169312169	0.329312169312169	1
8	121219330	121219331	28	8	2.68	4	2	0.17	1	1	0.83	unphased	0.768395061728395	0.768395061728395	1
8	121243834	121243835	40	12	2.68	4	2	0.17	1	1	0.83	unphased	0.797948717948718	0.797948717948718	1
8	132997195	132997196	39	68	3	4	2	0.25	1	1	0.75	unphased	2.40083073727934	0.960332294911734	2.5
8	133806682	133806683	37	68	5.5	4	2	0.9	0	1	0.1	unphased	4.06560846560847	1.04246370913038	3.9
8	133899669	133899670	33	65	5.5	4	2	0.9	0	1	0.1	unphased	4.16383219954648	1.067649281935	3.9
8	134225115	134225116	17	5	5.5	4	2	0.9	0	1	0.1	unphased	1.42676767676768	1.42676767676768	1
8	139149464	139149465	112	34	5.5	4	2	0.9	0	1	0.1	unphased	1.46194824961948	0.812193472010824	1.8
8	139180137	139180138	109	26	5.5	4	2	0.9	0	1	0.1	unphased	1.20905349794239	1.20905349794239	1
8	139705900	139705901	8	7	5.5	4	2	0.9	0	1	0.1	unphased	2.92962962962963	1.01021711366539	2.9
8	139820047	139820048	151	26	5.5	4	2	0.9	0	1	0.1	unphased	0.922159447583176	0.922159447583176	1
8	143614775	143614776	44	8	5.5	4	2	0.9	0	1	0.1	unphased	0.965811965811966	0.965811965811966	1
8	143695348	143695349	6	12	5.5	4	2	0.9	0	1	0.1	unphased	4.18518518518519	1.07312440645774	3.9
8	143846002	143846003	8	29	5.5	4	2	0.9	0	1	0.1	unphased	4.92042042042042	1.26164626164626	3.9
8	143956676	143956677	39	6	5.5	4	2	0.9	0	1	0.1	unphased	0.837037037037037	0.837037037037037	1
8	143958584	143958585	32	5	5.5	4	2	0.9	0	1	0.1	unphased	0.848348348348348	0.848348348348348	1
8	143996545	143996546	29	7	5.5	4	2	0.9	0	1	0.1	unphased	1.22067901234568	1.22067901234568	1
8	144993576	144993577	47	55	3.74	4	1	0.58	1	1	0.42	unphased	2.43605664488017	0.94420800189154	2.58
8	145111989	145111990	1	8	3.74	4	1	0.58	1	1	0.42	unphased	4.0158024691358	1.12173253327816	3.58
8	145999667	145999668	13	42	3.74	4	1	0.58	1	1	0.42	unphased	3.44993939393939	0.963670221770781	3.58
9	6014979	6014980	87	8	1.09	2	0	0.09	0	1	0.91	unphased	0.157286549707602	1.74762833008447	0.09
9	14307213	14307214	70	8	1.09	2	0	0.09	0	1	0.91	unphased	0.191566951566952	0.191566951566952	1
9	18662028	18662029	82	13	1.18	2	1	0.09	0	1	0.91	unphased	0.267906432748538	0.267906432748538	1
9	21206546	21206547	202	17	1.18	2	1	0.09	0	1	0.91	unphased	0.15197361745307	0.15197361745307	1
9	21239719	21239720	55	74	1.18	2	1	0.09	0	1	0.91	unphased	1.12306632213609	1.12306632213609	1
9	21455784	21455785	3	7	1.18	2	1	0.09	0	1	0.91	unphased	1.37044444444444	1.37044444444444	1
9	34557931	34557932	16	28	2	2	0	1	NA	NA	NA	unphased	1.76767676767677	0.883838383838384	2
9	34993418	34993419	19	42	2	2	0	1	NA	NA	NA	unphased	1.91256830601093	0.956284153005465	2
9	34997026	34997027	35	67	2	2	0	1	NA	NA	NA	unphased	1.82461873638344	0.912309368191721	2
9	42368473	42368474	20	10	2	2	0	1	NA	NA	NA	unphased	0.925925925925926	0.925925925925926	1
9	43626457	43626458	5	7	2	2	0	1	NA	NA	NA	unphased	1.62037037037037	1.62037037037037	1
9	43853527	43853528	22	9	2	2	0	1	NA	NA	NA	unphased	0.806451612903226	0.806451612903226	1
9	74817550	74817551	77	30	1.26	2	1	0.13	1	0	0.87	unphased	0.571339563862928	0.571339563862928	1
9	75533737	75533738	40	10	1.26	2	1	0.13	1	0	0.87	unphased	0.407555555555556	0.407555555555556	1
9	84608040	84608041	41	15	3	2	1	1	NA	NA	NA	unphased	1.01190476190476	1.01190476190476	1
9	85615104	85615105	62	31	3	2	1	1	NA	NA	NA	unphased	1.25925925925926	1.25925925925926	1
9	90346057	90346058	15	5	3	2	1	1	NA	NA	NA	unphased	0.944444444444445	0.944444444444445	1
9	90500213	90500214	20	17	3	2	1	1	NA	NA	NA	unphased	1.73573573573574	0.867867867867868	2
9	95267881	95267882	81	19	3	2	1	1	NA	NA	NA	unphased	0.717777777777778	0.717777777777778	1
9	95411780	95411781	36	11	3	2	1	1	NA	NA	NA	unphased	0.884160756501182	0.884160756501182	1
9	95481864	95481865	4	5	3	2	1	1	NA	NA	NA	unphased	2.09876543209877	2.09876543209877	1
9	95610477	95610478	55	46	3	2	1	1	NA	NA	NA	unphased	1.72057205720572	0.86028602860286	2
9	96079817	96079818	12	10	3	2	1	1	NA	NA	NA	unphased	1.71717171717172	0.858585858585859	2
9	100190914	100190915	42	15	3	2	1	1	NA	NA	NA	unphased	0.994152046783626	0.994152046783626	1
9	101536272	101536273	27	8	3	2	1	1	NA	NA	NA	unphased	0.863492063492064	0.863492063492064	1
9	109691999	109692000	28	35	3	2	1	1	NA	NA	NA	unphased	2.09876543209877	1.04938271604938	2
9	111681116	111681117	35	26	3	2	1	1	NA	NA	NA	unphased	1.61020036429873	0.805100182149363	2
9	112898734	112898735	51	40	3	2	1	1	NA	NA	NA	unphased	1.66056166056166	0.83028083028083	2
9	115946629	115946630	13	3	3	2	1	1	NA	NA	NA	unphased	0.708333333333333	0.708333333333333	1
9	117379406	117379407	13	4	3	2	1	1	NA	NA	NA	unphased	0.888888888888889	0.888888888888889	1
9	118989788	118989789	38	11	3	2	1	1	NA	NA	NA	unphased	0.848072562358277	0.848072562358277	1
9	125289071	125289072	27	21	3	2	1	1	NA	NA	NA	unphased	1.65277777777778	0.826388888888889	2
9	127781385	127781386	18	14	3	2	1	1	NA	NA	NA	unphased	1.65277777777778	0.826388888888889	2
9	130221302	130221303	36	15	3	2	1	1	NA	NA	NA	unphased	1.11111111111111	1.11111111111111	1
9	130469272	130469273	73	26	3	2	1	1	NA	NA	NA	unphased	0.992143658810326	0.992143658810326	1
9	131196736	131196737	49	15	3	2	1	1	NA	NA	NA	unphased	0.885416666666667	0.885416666666667	1
9	131904748	131904749	26	23	3	2	1	1	NA	NA	NA	unphased	1.77324263038549	0.886621315192744	2
9	136650948	136650949	18	5	3	2	1	1	NA	NA	NA	unphased	0.821256038647343	0.821256038647343	1
9	137804378	137804379	14	13	2.47	2	1	0.47	1	1	0.53	unphased	1.56374485596708	1.06377201086196	1.47
9	138669315	138669316	12	14	2.47	2	1	0.47	1	1	0.53	unphased	1.74880341880342	1.18966218966219	1.47
9	140080783	140080784	7	4	2.47	2	1	0.47	1	1	0.53	unphased	1.1810101010101	1.1810101010101	1
9	140392678	140392679	18	14	2.47	2	1	0.47	1	1	0.53	unphased	1.42090277777778	1.42090277777778	1
9	140846822	140846823	25	11	2.47	2	1	0.47	1	1	0.53	unphased	0.992376543209877	0.992376543209877	1
9	141006902	141006903	19	6	2.47	2	1	0.47	1	1	0.53	unphased	0.779466666666667	0.779466666666667	1
X	1321355	1321356	19	23	NA	NA	NA	NA	NA	NA	NA	unphased	NA	NA	1
X	1755359	1755360	22	35	NA	NA	NA	NA	NA	NA	NA	unphased	NA	NA	1
X	3235646	3235647	5	5	NA	NA	NA	NA	NA	NA	NA	unphased	NA	NA	1
X	3242242	3242243	17	43	NA	NA	NA	NA	NA	NA	NA	unphased	NA	NA	1
X	5821253	5821254	17	15	NA	NA	NA	NA	NA	NA	NA	unphased	NA	NA	1
X	6069135	6069136	15	34	NA	NA	NA	NA	NA	NA	NA	unphased	NA	NA	1
X	7811723	7811724	27	33	NA	NA	NA	NA	NA	NA	NA	unphased	NA	NA	1
X	29972707	29972708	4	19	NA	NA	NA	NA	NA	NA	NA	unphased	NA	NA	1
X	30873434	30873435	11	26	NA	NA	NA	NA	NA	NA	NA	unphased	NA	NA	1
X	40531143	40531144	45	5	NA	NA	NA	NA	NA	NA	NA	unphased	NA	NA	1
X	48372701	48372702	4	15	NA	NA	NA	NA	NA	NA	NA	unphased	NA	NA	1
X	48825919	48825920	4	14	NA	NA	NA	NA	NA	NA	NA	unphased	NA	NA	1
X	48921476	48921477	3	7	NA	NA	NA	NA	NA	NA	NA	unphased	NA	NA	1
X	49050733	49050734	5	25	NA	NA	NA	NA	NA	NA	NA	unphased	NA	NA	1
X	49846436	49846437	6	13	NA	NA	NA	NA	NA	NA	NA	unphased	NA	NA	1
X	50659412	50659413	10	27	NA	NA	NA	NA	NA	NA	NA	unphased	NA	NA	1
X	54982640	54982641	5	9	NA	NA	NA	NA	NA	NA	NA	unphased	NA	NA	1
X	57146718	57146719	11	37	NA	NA	NA	NA	NA	NA	NA	unphased	NA	NA	1
X	64722882	64722883	5	16	NA	NA	NA	NA	NA	NA	NA	unphased	NA	NA	1
X	64955187	64955188	3	6	NA	NA	NA	NA	NA	NA	NA	unphased	NA	NA	1
X	65253405	65253406	20	39	NA	NA	NA	NA	NA	NA	NA	unphased	NA	NA	1
X	65413415	65413416	2	11	NA	NA	NA	NA	NA	NA	NA	unphased	NA	NA	1
X	70356319	70356320	3	14	NA	NA	NA	NA	NA	NA	NA	unphased	NA	NA	1
X	70613231	70613232	11	19	NA	NA	NA	NA	NA	NA	NA	unphased	NA	NA	1
X	71864286	71864287	3	8	NA	NA	NA	NA	NA	NA	NA	unphased	NA	NA	1
X	77224682	77224683	15	37	NA	NA	NA	NA	NA	NA	NA	unphased	NA	NA	1
X	84520161	84520162	46	23	NA	NA	NA	NA	NA	NA	NA	unphased	NA	NA	1
X	86069727	86069728	7	22	NA	NA	NA	NA	NA	NA	NA	unphased	NA	NA	1
X	90690696	90690697	3	25	NA	NA	NA	NA	NA	NA	NA	unphased	NA	NA	1
X	91134202	91134203	21	77	NA	NA	NA	NA	NA	NA	NA	unphased	NA	NA	1
X	101576980	101576981	8	5	NA	NA	NA	NA	NA	NA	NA	unphased	NA	NA	1
X	105970513	105970514	14	23	NA	NA	NA	NA	NA	NA	NA	unphased	NA	NA	1
X	108696734	108696735	3	11	NA	NA	NA	NA	NA	NA	NA	unphased	NA	NA	1
X	119211064	119211065	5	52	NA	NA	NA	NA	NA	NA	NA	unphased	NA	NA	1
X	119602808	119602809	2	11	NA	NA	NA	NA	NA	NA	NA	unphased	NA	NA	1
X	120181629	120181630	0	9	NA	NA	NA	NA	NA	NA	NA	unphased	NA	NA	1
X	123785832	123785833	75	38	NA	NA	NA	NA	NA	NA	NA	unphased	NA	NA	1
X	125299884	125299885	5	7	NA	NA	NA	NA	NA	NA	NA	unphased	NA	NA	1
X	125686259	125686260	10	45	NA	NA	NA	NA	NA	NA	NA	unphased	NA	NA	1
X	128876095	128876096	8	25	NA	NA	NA	NA	NA	NA	NA	unphased	NA	NA	1
X	129149295	129149296	13	51	NA	NA	NA	NA	NA	NA	NA	unphased	NA	NA	1
X	135430971	135430972	89	46	NA	NA	NA	NA	NA	NA	NA	unphased	NA	NA	1
X	136649890	136649891	69	12	NA	NA	NA	NA	NA	NA	NA	unphased	NA	NA	1
X	138643698	138643699	62	31	NA	NA	NA	NA	NA	NA	NA	unphased	NA	NA	1
X	139038280	139038281	14	88	NA	NA	NA	NA	NA	NA	NA	unphased	NA	NA	1
X	139038281	139038282	14	88	NA	NA	NA	NA	NA	NA	NA	unphased	NA	NA	1
X	140271040	140271041	7	35	NA	NA	NA	NA	NA	NA	NA	unphased	NA	NA	1
X	140785614	140785615	55	81	NA	NA	NA	NA	NA	NA	NA	unphased	NA	NA	1
X	148037734	148037735	99	13	NA	NA	NA	NA	NA	NA	NA	unphased	NA	NA	1
X	149639149	149639150	27	112	NA	NA	NA	NA	NA	NA	NA	unphased	NA	NA	1
X	151303776	151303777	23	136	NA	NA	NA	NA	NA	NA	NA	unphased	NA	NA	1
X	151899820	151899821	14	66	NA	NA	NA	NA	NA	NA	NA	unphased	NA	NA	1
X	153069053	153069054	9	48	NA	NA	NA	NA	NA	NA	NA	unphased	NA	NA	1
