chr	pos	ref	alt	gene	classification	t_ref_count	t_alt_count	total_depth	vaf	local_cn	major_cn	minor_cn	mcn	multiplicity	ccf	ccf_capped	is_clonal	purity	ploidy
1	1203256	C	T	UBE2J2	Silent	1115	824	1939	0.42496132026817945	2	1	1	1.024	1	1.024	1.0	True	0.83	1.93
1	1396178	C	T	ATAD3C	Silent	103	72	175	0.4114285714285714	2	1	1	0.9914	1	0.9914	0.9914	True	0.83	1.93
1	1509893	G	T	SSU72	Missense_Mutation	206	118	324	0.36419753086419754	2	1	1	0.8776	1	0.8776	0.8776	True	0.83	1.93
1	1563761	C	G	MIB2	Silent	198	130	328	0.39634146341463417	2	1	1	0.955	1	0.955	0.955	True	0.83	1.93
1	2411717	A	G	PLCH2	Missense_Mutation	595	347	942	0.36836518046709127	2	1	1	0.8876	1	0.8876	0.8876	True	0.83	1.93
1	3431121	G	A	MEGF6	Silent	82	47	129	0.3643410852713178	2	1	1	0.8779	1	0.8779	0.8779	True	0.83	1.93
1	3431122	G	A	MEGF6	Missense_Mutation	82	46	128	0.359375	2	1	1	0.866	1	0.866	0.866	True	0.83	1.93
1	6529668	C	T	PLEKHG5	Silent	544	323	867	0.37254901960784315	2	1	1	0.8977	1	0.8977	0.8977	True	0.83	1.93
1	6529669	C	T	PLEKHG5	Missense_Mutation	548	323	871	0.37083811710677383	2	1	1	0.8936	1	0.8936	0.8936	True	0.83	1.93
1	6532641	C	T	PLEKHG5	Nonsense_Mutation	164	98	262	0.37404580152671757	2	1	1	0.9013	1	0.9013	0.9013	True	0.83	1.93
1	7870507	C	T	PER3	Nonsense_Mutation	224	122	346	0.35260115606936415	2	1	1	0.8496	1	0.8496	0.8496	False	0.83	1.93
1	10500419	C	T	APITD1	Silent	293	122	415	0.29397590361445786	2	1	1	0.7084	1	0.7084	0.7084	False	0.83	1.93
1	11580751	C	T	PTCHD2	Silent	305	171	476	0.3592436974789916	2	1	1	0.8656	1	0.8656	0.8656	True	0.83	1.93
1	11709882	C	T	FBXO2	Missense_Mutation	404	202	606	0.3333333333333333	2	1	1	0.8032	1	0.8032	0.8032	False	0.83	1.93
1	11709883	C	T	FBXO2	Nonsense_Mutation	401	205	606	0.33828382838283827	2	1	1	0.8151	1	0.8151	0.8151	False	0.83	1.93
1	12251980	G	A	TNFRSF1B	Missense_Mutation	284	113	397	0.28463476070528965	2	1	1	0.6859	1	0.6859	0.6859	False	0.83	1.93
1	12854298	G	A	PRAMEF1	Silent	754	235	989	0.23761375126390294	2	1	1	0.5726	1	0.5726	0.5726	False	0.83	1.93
1	12887161	C	T	PRAMEF11	Silent	374	131	505	0.2594059405940594	2	1	1	0.6251	1	0.6251	0.6251	False	0.83	1.93
1	12888590	C	T	PRAMEF11	5'UTR	411	24	435	0.05517241379310345	2	1	1	0.1329	1	0.1329	0.1329	False	0.83	1.93
1	15386692	C	T	KAZN	Missense_Mutation	491	330	821	0.40194884287454324	2	1	1	0.9686	1	0.9686	0.9686	True	0.83	1.93
1	15821896	G	A	CASP9	Missense_Mutation	53	30	83	0.3614457831325301	2	1	1	0.871	1	0.871	0.871	True	0.83	1.93
1	16058884	T	C	PLEKHM2	Missense_Mutation	73	4	77	0.05194805194805195	2	1	1	0.1252	1	0.1252	0.1252	False	0.83	1.93
1	16532128	G	A	ARHGEF19	Missense_Mutation	176	87	263	0.33079847908745247	2	1	1	0.7971	1	0.7971	0.7971	False	0.83	1.93
1	17033878	C	T	ESPNP	RNA	168	19	187	0.10160427807486631	2	1	1	0.2448	1	0.2448	0.2448	False	0.83	1.93
1	17277559	C	T	CROCC	Missense_Mutation	208	116	324	0.35802469135802467	2	1	1	0.8627	1	0.8627	0.8627	True	0.83	1.93
1	17764779	C	T	RCC2	Missense_Mutation	53	44	97	0.4536082474226804	2	1	1	1.093	1	1.093	1.0	True	0.83	1.93
1	20474925	G	A	PLA2G2F	3'UTR	126	76	202	0.37623762376237624	2	1	1	0.9066	1	0.9066	0.9066	True	0.83	1.93
1	20517564	G	A	UBXN10	Silent	285	192	477	0.4025157232704403	2	1	1	0.9699	1	0.9699	0.9699	True	0.83	1.93
1	20517565	G	A	UBXN10	Missense_Mutation	288	193	481	0.40124740124740127	2	1	1	0.9669	1	0.9669	0.9669	True	0.83	1.93
1	21807440	G	A	NBPF3	Missense_Mutation	491	187	678	0.275811209439528	2	1	1	0.6646	1	0.6646	0.6646	False	0.83	1.93
1	21894683	G	A	ALPL	Silent	415	306	721	0.42441054091539526	2	1	1	1.0227	1	1.0227	1.0	True	0.83	1.93
1	22204701	G	A	HSPG2	Missense_Mutation	204	100	304	0.32894736842105265	2	1	1	0.7926	1	0.7926	0.7926	False	0.83	1.93
1	23233372	G	A	EPHB2	Silent	190	86	276	0.3115942028985507	2	1	1	0.7508	1	0.7508	0.7508	False	0.83	1.93
1	23236991	C	T	EPHB2	Silent	262	140	402	0.3482587064676617	2	1	1	0.8392	1	0.8392	0.8392	False	0.83	1.93
1	23520573	A	T	HTR1D	Missense_Mutation	315	174	489	0.3558282208588957	2	1	1	0.8574	1	0.8574	0.8574	True	0.83	1.93
1	23520574	C	T	HTR1D	Missense_Mutation	315	175	490	0.35714285714285715	2	1	1	0.8606	1	0.8606	0.8606	True	0.83	1.93
1	23697670	C	T	C1orf213	3'UTR	137	94	231	0.4069264069264069	2	1	1	0.9805	1	0.9805	0.9805	True	0.83	1.93
1	24409232	G	A	MYOM3	Intron	208	125	333	0.37537537537537535	2	1	1	0.9045	1	0.9045	0.9045	True	0.83	1.93
1	25655545	G	T	RHD	3'UTR	15	63	78	0.8076923076923077	2	1	1	1.9462	1	1.9462	1.0	True	0.83	1.93
1	25655547	G	A	RHD	3'UTR	14	59	73	0.8082191780821918	2	1	1	1.9475	1	1.9475	1.0	True	0.83	1.93
1	27088784	C	T	ARID1A	Missense_Mutation	196	75	271	0.2767527675276753	2	1	1	0.6669	1	0.6669	0.6669	False	0.83	1.93
1	27088785	C	T	ARID1A	Silent	199	78	277	0.2815884476534296	2	1	1	0.6785	1	0.6785	0.6785	False	0.83	1.93
1	27277248	C	T	C1orf172	Splice_Site	431	261	692	0.37716763005780346	2	1	1	0.9088	1	0.9088	0.9088	True	0.83	1.93
1	31810109	T	C	ZCCHC17	Missense_Mutation	217	122	339	0.35988200589970504	2	1	1	0.8672	1	0.8672	0.8672	True	0.83	1.93
1	32101024	G	A	PEF1	Missense_Mutation	115	64	179	0.3575418994413408	2	1	1	0.8615	1	0.8615	0.8615	True	0.83	1.93
1	32682472	C	T	TMEM234	Silent	258	165	423	0.3900709219858156	2	1	1	0.9399	1	0.9399	0.9399	True	0.83	1.93
1	32682473	C	T	TMEM234	Missense_Mutation	262	166	428	0.3878504672897196	2	1	1	0.9346	1	0.9346	0.9346	True	0.83	1.93
1	33487220	G	A	AK2	Missense_Mutation	111	47	158	0.2974683544303797	2	1	1	0.7168	1	0.7168	0.7168	False	0.83	1.93
1	33956860	C	T	ZSCAN20	Silent	142	113	255	0.44313725490196076	2	1	1	1.0678	1	1.0678	1.0	True	0.83	1.93
1	34033255	C	T	CSMD2	Missense_Mutation	59	38	97	0.3917525773195876	2	1	1	0.944	1	0.944	0.944	True	0.83	1.93
1	34033256	C	T	CSMD2	Missense_Mutation	58	38	96	0.3958333333333333	2	1	1	0.9538	1	0.9538	0.9538	True	0.83	1.93
1	34033349	G	A	CSMD2	Missense_Mutation	37	11	48	0.22916666666666666	2	1	1	0.5522	1	0.5522	0.5522	False	0.83	1.93
1	34182043	G	A	CSMD2	Silent	189	115	304	0.3782894736842105	2	1	1	0.9115	1	0.9115	0.9115	True	0.83	1.93
1	34208909	C	T	CSMD2	Silent	38	30	68	0.4411764705882353	2	1	1	1.0631	1	1.0631	1.0	True	0.83	1.93
1	34330366	G	A	HMGB4	3'UTR	12	14	26	0.5384615384615384	2	1	1	1.2975	1	1.2975	1.0	True	0.83	1.93
1	35580522	C	T	ZMYM1	Nonsense_Mutation	432	245	677	0.361890694239291	2	1	1	0.872	1	0.872	0.872	True	0.83	1.93
1	36929946	T	C	MRPS15	5'UTR	101	63	164	0.38414634146341464	2	1	1	0.9257	1	0.9257	0.9257	True	0.83	1.93
1	38188738	G	A	EPHA10	Silent	332	184	516	0.35658914728682173	2	1	1	0.8593	1	0.8593	0.8593	True	0.83	1.93
1	38265300	T	G	MANEAL	Missense_Mutation	946	599	1545	0.3877022653721683	2	1	1	0.9342	1	0.9342	0.9342	True	0.83	1.93
1	40980611	T	G	EXO5	Missense_Mutation	315	160	475	0.3368421052631579	2	1	1	0.8117	1	0.8117	0.8117	False	0.83	1.93
1	43855557	C	T	SZT2	5'Flank	177	108	285	0.37894736842105264	2	1	1	0.9131	1	0.9131	0.9131	True	0.83	1.93
1	43880764	G	A	SZT2	Silent	72	37	109	0.3394495412844037	2	1	1	0.818	1	0.818	0.818	False	0.83	1.93
1	44149375	T	A	KDM4A	Missense_Mutation	123	76	199	0.38190954773869346	2	1	1	0.9203	1	0.9203	0.9203	True	0.83	1.93
1	45227596	G	A	KIF2C	Silent	298	166	464	0.3577586206896552	2	1	1	0.8621	1	0.8621	0.8621	True	0.83	1.93
1	45295599	G	A	PTCH2	Missense_Mutation	230	156	386	0.40414507772020725	2	1	1	0.9738	1	0.9738	0.9738	True	0.83	1.93
1	46034623	C	T	AKR1A1	Silent	314	204	518	0.3938223938223938	2	1	1	0.949	1	0.949	0.949	True	0.83	1.93
1	47325399	G	A	CYP4Z2P	RNA	85	16	101	0.15841584158415842	2	1	1	0.3817	1	0.3817	0.3817	False	0.83	1.93
1	47351173	C	T	CYP4Z2P	RNA	17	15	32	0.46875	2	1	1	1.1295	1	1.1295	1.0	True	0.83	1.93
1	54262616	G	C	NDC1	Missense_Mutation	131	93	224	0.41517857142857145	2	1	1	1.0004	1	1.0004	1.0	True	0.83	1.93
1	55144429	G	A	MROH7	Missense_Mutation	131	73	204	0.35784313725490197	2	1	1	0.8623	1	0.8623	0.8623	True	0.83	1.93
1	55174699	C	T	MROH7	Missense_Mutation	414	244	658	0.3708206686930091	2	1	1	0.8935	1	0.8935	0.8935	True	0.83	1.93
1	57216728	G	A	C1orf168	Missense_Mutation	31	16	47	0.3404255319148936	2	1	1	0.8203	1	0.8203	0.8203	False	0.83	1.93
1	57349169	G	A	C8A	Missense_Mutation	14	5	19	0.2631578947368421	2	1	1	0.6341	1	0.6341	0.6341	False	0.83	1.93
1	57415385	G	A	C8B	Missense_Mutation	23	12	35	0.34285714285714286	2	1	1	0.8262	1	0.8262	0.8262	False	0.83	1.93
1	57481073	G	A	DAB1	Silent	190	103	293	0.3515358361774744	2	1	1	0.8471	1	0.8471	0.8471	False	0.83	1.93
1	60299103	A	C	HOOK1	Silent	26	19	45	0.4222222222222222	2	1	1	1.0174	1	1.0174	1.0	True	0.83	1.93
1	60299104	C	T	HOOK1	Missense_Mutation	26	19	45	0.4222222222222222	2	1	1	1.0174	1	1.0174	1.0	True	0.83	1.93
1	62503682	T	A	INADL	Silent	62	27	89	0.30337078651685395	2	1	1	0.731	1	0.731	0.731	False	0.83	1.93
1	62718736	C	T	KANK4	Intron	288	108	396	0.2727272727272727	2	1	1	0.6572	1	0.6572	0.6572	False	0.83	1.93
1	65130324	C	T	CACHD1	Silent	141	52	193	0.2694300518134715	2	1	1	0.6492	1	0.6492	0.6492	False	0.83	1.93
1	66838170	C	T	PDE4B	Silent	28	19	47	0.40425531914893614	2	1	1	0.9741	1	0.9741	0.9741	True	0.83	1.93
1	67558636	G	A	C1orf141	3'UTR	63	27	90	0.3	2	1	1	0.7229	1	0.7229	0.7229	False	0.83	1.93
1	68955157	C	T	DEPDC1	Missense_Mutation	215	121	336	0.3601190476190476	2	1	1	0.8678	1	0.8678	0.8678	True	0.83	1.93
1	75038879	C	T	C1orf173	Missense_Mutation	35	23	58	0.39655172413793105	2	1	1	0.9555	1	0.9555	0.9555	True	0.83	1.93
1	75038880	C	T	C1orf173	Silent	36	23	59	0.3898305084745763	2	1	1	0.9394	1	0.9394	0.9394	True	0.83	1.93
1	75086427	G	A	C1orf173	Missense_Mutation	70	36	106	0.33962264150943394	2	1	1	0.8184	1	0.8184	0.8184	False	0.83	1.93
1	78001592	C	T	AK5	Missense_Mutation	138	87	225	0.38666666666666666	2	1	1	0.9317	1	0.9317	0.9317	True	0.83	1.93
1	78958572	C	T	PTGFR	Silent	590	324	914	0.3544857768052516	2	1	1	0.8542	1	0.8542	0.8542	True	0.83	1.93
1	79385897	G	A	ELTD1	Missense_Mutation	19	5	24	0.20833333333333334	2	1	1	0.502	1	0.502	0.502	False	0.83	1.93
1	87101784	G	A	RP4-651E10.4	Intron	78	42	120	0.35	2	1	1	0.8434	1	0.8434	0.8434	False	0.83	1.93
1	89522545	C	T	GBP1	Missense_Mutation	219	110	329	0.3343465045592705	2	1	1	0.8057	1	0.8057	0.8057	False	0.83	1.93
1	89618368	C	T	GBP7	Silent	19	16	35	0.45714285714285713	2	1	1	1.1015	1	1.1015	1.0	True	0.83	1.93
1	89655736	G	A	GBP4	Silent	113	77	190	0.4052631578947368	2	1	1	0.9765	1	0.9765	0.9765	True	0.83	1.93
1	90048542	G	A	LRRC8B	Silent	76	31	107	0.2897196261682243	2	1	1	0.6981	1	0.6981	0.6981	False	0.83	1.93
1	92195501	C	T	TGFBR3	Missense_Mutation	58	50	108	0.46296296296296297	2	1	1	1.1156	1	1.1156	1.0	True	0.83	1.93
1	94049648	G	A	BCAR3	Silent	229	136	365	0.3726027397260274	2	1	1	0.8978	1	0.8978	0.8978	True	0.83	1.93
1	94337785	C	G	DNTTIP2	Missense_Mutation	279	142	421	0.33729216152019004	2	1	1	0.8128	1	0.8128	0.8128	False	0.83	1.93
1	94486960	C	T	ABCA4	Nonsense_Mutation	199	118	317	0.3722397476340694	2	1	1	0.897	1	0.897	0.897	True	0.83	1.93
1	94955483	C	T	ABCD3	Missense_Mutation	62	21	83	0.25301204819277107	2	1	1	0.6097	1	0.6097	0.6097	False	0.83	1.93
1	97981290	G	A	DPYD	Missense_Mutation	26	10	36	0.2777777777777778	2	1	1	0.6693	1	0.6693	0.6693	False	0.83	1.93
1	97981408	G	A	DPYD	Silent	19	9	28	0.32142857142857145	2	1	1	0.7745	1	0.7745	0.7745	False	0.83	1.93
1	99772125	C	T	LPPR4	Silent	16	8	24	0.3333333333333333	2	1	1	0.8032	1	0.8032	0.8032	False	0.83	1.93
1	109477531	C	T	CLCC1	Missense_Mutation	1097	719	1816	0.3959251101321586	2	1	1	0.954	1	0.954	0.954	True	0.83	1.93
1	110022024	C	T	SYPL2	Silent	2180	1241	3421	0.36275942706810876	2	1	1	0.8741	1	0.8741	0.8741	True	0.83	1.93
1	111060112	C	T	KCNA10	Missense_Mutation	58	22	80	0.275	2	1	1	0.6627	1	0.6627	0.6627	False	0.83	1.93
1	111060471	G	A	KCNA10	Silent	153	86	239	0.3598326359832636	2	1	1	0.8671	1	0.8671	0.8671	True	0.83	1.93
1	111146754	G	A	KCNA2	Silent	424	242	666	0.3633633633633634	2	1	1	0.8756	1	0.8756	0.8756	True	0.83	1.93
1	112298438	G	A	DDX20	5'UTR	181	130	311	0.4180064308681672	2	1	1	1.0072	1	1.0072	1.0	True	0.83	1.93
1	112298439	G	A	DDX20	5'UTR	179	126	305	0.4131147540983607	2	1	1	0.9955	1	0.9955	0.9955	True	0.83	1.93
1	113661932	C	T	LRIG2	Missense_Mutation	245	164	409	0.40097799511002447	2	1	1	0.9662	1	0.9662	0.9662	True	0.83	1.93
1	114454578	C	T	DCLRE1B	Missense_Mutation	646	433	1079	0.40129749768303985	2	1	1	0.967	1	0.967	0.967	True	0.83	1.93
1	114682401	C	T	SYT6	Silent	468	265	733	0.3615279672578445	2	1	1	0.8712	1	0.8712	0.8712	True	0.83	1.93
1	115238105	C	T	AMPD1	Silent	331	149	480	0.3104166666666667	2	1	1	0.748	1	0.748	0.748	False	0.83	1.93
1	115256529	T	A	NRAS	Missense_Mutation	657	350	1007	0.34756703078450846	2	1	1	0.8375	1	0.8375	0.8375	False	0.83	1.93
1	115256530	G	A	NRAS	Nonsense_Mutation	658	354	1012	0.34980237154150196	2	1	1	0.8429	1	0.8429	0.8429	False	0.83	1.93
1	118534050	G	A	SPAG17	Silent	17	10	27	0.37037037037037035	2	1	1	0.8925	1	0.8925	0.8925	True	0.83	1.93
1	118548078	C	T	SPAG17	Missense_Mutation	36	16	52	0.3076923076923077	2	1	1	0.7414	1	0.7414	0.7414	False	0.83	1.93
1	118548079	C	T	SPAG17	Silent	36	16	52	0.3076923076923077	2	1	1	0.7414	1	0.7414	0.7414	False	0.83	1.93
1	120165658	G	A	ZNF697	Silent	79	36	115	0.3130434782608696	2	1	1	0.7543	1	0.7543	0.7543	False	0.83	1.93
1	120300032	C	T	HMGCS2	Missense_Mutation	305	199	504	0.3948412698412698	2	1	1	0.9514	1	0.9514	0.9514	True	0.83	1.93
1	120336763	G	A	REG4	3'UTR	208	112	320	0.35	2	1	1	0.8434	1	0.8434	0.8434	False	0.83	1.93
1	120345601	G	A	REG4	Intron	1036	569	1605	0.3545171339563863	2	1	1	0.8543	1	0.8543	0.8543	True	0.83	1.93
1	144520950	G	A	AL592284.1	3'UTR	88	30	118	0.2542372881355932	3	2	1	0.8669	1	0.8669	0.8669	True	0.83	1.93
1	150131106	C	T	PLEKHO1	Silent	349	434	783	0.5542784163473818	3	2	1	1.8899	2	0.9449	0.9449	True	0.83	1.93
1	150484887	C	T	ECM1	Silent	753	243	996	0.24397590361445784	3	2	1	0.8319	1	0.8319	0.8319	False	0.83	1.93
1	151115037	G	A	SEMA6C	Missense_Mutation	468	504	972	0.5185185185185185	3	2	1	1.768	2	0.884	0.884	True	0.83	1.93
1	151171381	C	T	PIP5K1A	5'UTR	367	458	825	0.5551515151515152	3	2	1	1.8929	2	0.9464	0.9464	True	0.83	1.93
1	151214646	C	T	PIP5K1A	Missense_Mutation	828	330	1158	0.2849740932642487	3	2	1	0.9717	1	0.9717	0.9717	True	0.83	1.93
1	151260472	C	T	ZNF687	Missense_Mutation	852	276	1128	0.24468085106382978	3	2	1	0.8343	1	0.8343	0.8343	False	0.83	1.93
1	151958702	G	A	S100A10	Missense_Mutation	592	490	1082	0.45286506469500926	3	2	1	1.5441	2	0.7721	0.7721	False	0.83	1.93
1	151958704	C	A	S100A10	Translation_Start_Site	587	488	1075	0.45395348837209304	3	2	1	1.5478	2	0.7739	0.7739	False	0.83	1.93
1	152191815	C	T	HRNR	Missense_Mutation	369	480	849	0.5653710247349824	3	2	1	1.9277	2	0.9639	0.9639	True	0.83	1.93
1	152325726	C	T	FLG2	Silent	136	153	289	0.5294117647058824	3	2	1	1.8051	2	0.9026	0.9026	True	0.83	1.93
1	152484087	C	T	LCE5A	Missense_Mutation	219	290	509	0.5697445972495089	3	2	1	1.9426	2	0.9713	0.9713	True	0.83	1.93
1	153012574	C	T	SPRR2D	3'UTR	263	313	576	0.5434027777777778	3	2	1	1.8528	2	0.9264	0.9264	True	0.83	1.93
1	153533746	C	T	S100A2	3'UTR	59	16	75	0.21333333333333335	3	2	1	0.7274	1	0.7274	0.7274	False	0.83	1.93
1	153653110	C	T	NPR1	Silent	500	201	701	0.2867332382310984	3	2	1	0.9777	1	0.9777	0.9777	True	0.83	1.93
1	154295777	C	T	AQP10	Missense_Mutation	606	656	1262	0.5198098256735341	3	2	1	1.7724	2	0.8862	0.8862	True	0.83	1.93
1	155279920	C	T	FDPS	Missense_Mutation	578	215	793	0.27112232030264816	3	2	1	0.9244	1	0.9244	0.9244	True	0.83	1.93
1	156252434	G	A	SMG5	Missense_Mutation	203	230	433	0.5311778290993071	3	2	1	1.8111	2	0.9056	0.9056	True	0.83	1.93
1	156533598	C	T	IQGAP3	Silent	184	49	233	0.21030042918454936	3	2	1	0.717	1	0.717	0.717	False	0.83	1.93
1	156815088	C	T	INSRR	Silent	143	179	322	0.5559006211180124	3	2	1	1.8954	2	0.9477	0.9477	True	0.83	1.93
1	157522119	C	T	FCRL5	Intron	54	20	74	0.2702702702702703	3	2	1	0.9215	1	0.9215	0.9215	True	0.83	1.93
1	157548633	G	A	FCRL4	Silent	10	20	30	0.6666666666666666	3	2	1	2.2731	2	1.1365	1.0	True	0.83	1.93
1	157548634	G	A	FCRL4	Missense_Mutation	10	20	30	0.6666666666666666	3	2	1	2.2731	2	1.1365	1.0	True	0.83	1.93
1	158152078	G	A	CD1D	Silent	1661	533	2194	0.24293527803099363	3	2	1	0.8283	1	0.8283	0.8283	False	0.83	1.93
1	158577016	A	T	OR10Z1	Missense_Mutation	63	68	131	0.5190839694656488	3	2	1	1.7699	2	0.8849	0.8849	True	0.83	1.93
1	158577087	C	T	OR10Z1	Missense_Mutation	86	72	158	0.45569620253164556	3	2	1	1.5538	2	0.7769	0.7769	False	0.83	1.93
1	158669637	A	C	OR6K2	Missense_Mutation	26	29	55	0.5272727272727272	3	2	1	1.7978	2	0.8989	0.8989	True	0.83	1.93
1	158946490	G	A	PYHIN1	Splice_Site	26	23	49	0.46938775510204084	3	2	1	1.6004	2	0.8002	0.8002	False	0.83	1.93
1	159175422	T	G	DARC	Missense_Mutation	727	30	757	0.03963011889035667	3	2	1	0.1351	1	0.1351	0.1351	False	0.83	1.93
1	159683618	G	A	CRP	Silent	755	277	1032	0.26841085271317827	3	2	1	0.9152	1	0.9152	0.9152	True	0.83	1.93
1	159921444	G	A	SLAMF9	3'UTR	285	287	572	0.5017482517482518	3	2	1	1.7108	2	0.8554	0.8554	True	0.83	1.93
1	160209837	G	A	DCAF8	Missense_Mutation	86	120	206	0.5825242718446602	3	2	1	1.9862	2	0.9931	0.9931	True	0.83	1.93
1	160209838	G	A	DCAF8	Silent	86	119	205	0.5804878048780487	3	2	1	1.9793	2	0.9896	0.9896	True	0.83	1.93
1	160260464	G	A	COPA	Silent	533	168	701	0.2396576319543509	3	2	1	0.8171	1	0.8171	0.8171	False	0.83	1.93
1	160535312	C	T	CD84	Silent	86	72	158	0.45569620253164556	3	2	1	1.5538	2	0.7769	0.7769	False	0.83	1.93
1	160920967	G	A	ITLN2	Missense_Mutation	243	72	315	0.22857142857142856	3	2	1	0.7793	1	0.7793	0.7793	False	0.83	1.93
1	161046224	G	A	PVRL4	Silent	468	626	1094	0.5722120658135283	3	2	1	1.951	2	0.9755	0.9755	True	0.83	1.93
1	162345160	G	A	C1orf111	Missense_Mutation	424	535	959	0.5578727841501564	3	2	1	1.9021	2	0.9511	0.9511	True	0.83	1.93
1	163298690	A	T	NUF2	Silent	157	201	358	0.5614525139664804	3	2	1	1.9144	2	0.9572	0.9572	True	0.83	1.93
1	165173235	G	A	LMX1A	Missense_Mutation	97	74	171	0.4327485380116959	3	2	1	1.4755	1	1.4755	1.0	True	0.83	1.93
1	166926004	C	T	ILDR2	Silent	220	254	474	0.5358649789029536	3	2	1	1.8271	2	0.9136	0.9136	True	0.83	1.93
1	168065809	G	A	GPR161	Missense_Mutation	217	252	469	0.5373134328358209	3	2	1	1.832	2	0.916	0.916	True	0.83	1.93
1	169267912	C	T	NME7	Missense_Mutation	67	24	91	0.26373626373626374	3	2	1	0.8992	1	0.8992	0.8992	True	0.83	1.93
1	169484718	C	T	F5	Nonsense_Mutation	119	35	154	0.22727272727272727	3	2	1	0.7749	1	0.7749	0.7749	False	0.83	1.93
1	173470208	C	T	SLC9C2	3'UTR	30	24	54	0.4444444444444444	3	2	1	1.5154	2	0.7577	0.7577	False	0.83	1.93
1	173552678	G	A	SLC9C2	Missense_Mutation	112	32	144	0.2222222222222222	3	2	1	0.7577	1	0.7577	0.7577	False	0.83	1.93
1	173556818	G	A	SLC9C2	Missense_Mutation	64	26	90	0.28888888888888886	3	2	1	0.985	1	0.985	0.985	True	0.83	1.93
1	173616142	G	A	ANKRD45	Silent	22	47	69	0.6811594202898551	3	2	1	2.3225	2	1.1613	1.0	True	0.83	1.93
1	173703100	C	T	KLHL20	Missense_Mutation	80	110	190	0.5789473684210527	3	2	1	1.974	2	0.987	0.987	True	0.83	1.93
1	175046873	G	A	TNN	Missense_Mutation	279	291	570	0.5105263157894737	3	2	1	1.7407	2	0.8704	0.8704	True	0.83	1.93
1	175087881	G	A	TNN	Silent	122	162	284	0.5704225352112676	3	2	1	1.9449	2	0.9725	0.9725	True	0.83	1.93
1	175334168	G	A	TNR	Silent	37	29	66	0.4393939393939394	3	2	1	1.4982	1	1.4982	1.0	True	0.83	1.93
1	176927615	G	A	ASTN1	Silent	30	12	42	0.2857142857142857	3	2	1	0.9742	1	0.9742	0.9742	True	0.83	1.93
1	176998583	G	A	ASTN1	Intron	36	28	64	0.4375	3	2	1	1.4917	1	1.4917	1.0	True	0.83	1.93
1	177225096	G	A	BRINP2	Missense_Mutation	99	22	121	0.18181818181818182	3	2	1	0.6199	1	0.6199	0.6199	False	0.83	1.93
1	177250822	G	A	BRINP2	3'UTR	30	32	62	0.5161290322580645	3	2	1	1.7598	2	0.8799	0.8799	True	0.83	1.93
1	178427384	C	T	RASAL2	Missense_Mutation	117	169	286	0.5909090909090909	3	2	1	2.0148	2	1.0074	1.0	True	0.83	1.93
1	178427385	C	T	RASAL2	Silent	117	170	287	0.5923344947735192	3	2	1	2.0196	2	1.0098	1.0	True	0.83	1.93
1	178490433	G	A	TEX35	Intron	265	94	359	0.2618384401114206	3	2	1	0.8928	1	0.8928	0.8928	True	0.83	1.93
1	178491476	G	A	TEX35	Silent	69	28	97	0.28865979381443296	3	2	1	0.9842	1	0.9842	0.9842	True	0.83	1.93
1	181058213	G	A	IER5	Missense_Mutation	72	36	108	0.3333333333333333	3	2	1	1.1365	1	1.1365	1.0	True	0.83	1.93
1	182922015	G	A	SHCBP1L	Missense_Mutation	106	40	146	0.273972602739726	3	2	1	0.9341	1	0.9341	0.9341	True	0.83	1.93
1	183543646	G	A	NCF2	Silent	365	468	833	0.5618247298919568	3	2	1	1.9156	2	0.9578	0.9578	True	0.83	1.93
1	184801032	C	T	FAM129A	Silent	123	50	173	0.28901734104046245	3	2	1	0.9854	1	0.9854	0.9854	True	0.83	1.93
1	185175888	C	T	SWT1	Silent	33	33	66	0.5	3	2	1	1.7048	2	0.8524	0.8524	True	0.83	1.93
1	185894182	C	A	HMCN1	Missense_Mutation	69	20	89	0.2247191011235955	3	2	1	0.7662	1	0.7662	0.7662	False	0.83	1.93
1	186052055	C	T	HMCN1	Missense_Mutation	11	6	17	0.35294117647058826	3	2	1	1.2034	1	1.2034	1.0	True	0.83	1.93
1	186107027	C	T	HMCN1	Missense_Mutation	66	31	97	0.31958762886597936	3	2	1	1.0897	1	1.0897	1.0	True	0.83	1.93
1	196227391	T	C	KCNT2	Silent	16	13	29	0.4482758620689655	3	2	1	1.5285	2	0.7642	0.7642	False	0.83	1.93
1	196757491	T	C	CFHR3	Silent	134	67	201	0.3333333333333333	3	2	1	1.1365	1	1.1365	1.0	True	0.83	1.93
1	196884135	C	T	CFHR4	Silent	102	75	177	0.423728813559322	3	2	1	1.4448	1	1.4448	1.0	True	0.83	1.93
1	197029555	C	T	F13B	Missense_Mutation	28	34	62	0.5483870967741935	3	2	1	1.8698	2	0.9349	0.9349	True	0.83	1.93
1	197071299	G	A	ASPM	Missense_Mutation	50	19	69	0.2753623188405797	3	2	1	0.9389	1	0.9389	0.9389	True	0.83	1.93
1	197407909	G	A	CRB1	Intron	10	12	22	0.5454545454545454	3	2	1	1.8598	2	0.9299	0.9299	True	0.83	1.93
1	198498228	G	A	ATP6V1G3	Nonsense_Mutation	41	16	57	0.2807017543859649	3	2	1	0.9571	1	0.9571	0.9571	True	0.83	1.93
1	201030530	C	T	CACNA1S	Silent	435	174	609	0.2857142857142857	3	2	1	0.9742	1	0.9742	0.9742	True	0.83	1.93
1	202698044	A	G	KDM5B	3'UTR	124	57	181	0.3149171270718232	3	2	1	1.0738	1	1.0738	1.0	True	0.83	1.93
1	202701055	G	A	KDM5B	Missense_Mutation	214	92	306	0.3006535947712418	3	2	1	1.0251	1	1.0251	1.0	True	0.83	1.93
1	203668664	T	C	ATP2B4	Silent	143	199	342	0.5818713450292398	3	2	1	1.984	2	0.992	0.992	True	0.83	1.93
1	205814567	G	A	PM20D1	Silent	491	191	682	0.28005865102639294	3	2	1	0.9549	1	0.9549	0.9549	True	0.83	1.93
1	206767007	G	A	EIF2D	Nonsense_Mutation	220	68	288	0.2361111111111111	3	2	1	0.8051	1	0.8051	0.8051	False	0.83	1.93
1	207642195	C	T	CR2	Missense_Mutation	81	100	181	0.5524861878453039	3	2	1	1.8838	2	0.9419	0.9419	True	0.83	1.93
1	207850845	C	T	CR1L	Missense_Mutation	392	296	688	0.43023255813953487	3	2	1	1.4669	1	1.4669	1.0	True	0.83	1.93
1	209796891	C	T	LAMB3	Missense_Mutation	400	410	810	0.5061728395061729	3	2	1	1.7259	2	0.8629	0.8629	True	0.83	1.93
1	209803111	G	A	LAMB3	Missense_Mutation	498	177	675	0.26222222222222225	3	2	1	0.8941	1	0.8941	0.8941	True	0.83	1.93
1	212799806	C	T	FAM71A	Silent	194	213	407	0.5233415233415234	3	2	1	1.7844	2	0.8922	0.8922	True	0.83	1.93
1	214170561	G	A	PROX1	Missense_Mutation	270	325	595	0.5462184873949579	3	2	1	1.8624	2	0.9312	0.9312	True	0.83	1.93
1	215847603	C	T	USH2A	Silent	76	18	94	0.19148936170212766	3	2	1	0.6529	1	0.6529	0.6529	False	0.83	1.93
1	222860955	A	G	AIDA	Missense_Mutation	169	181	350	0.5171428571428571	3	2	1	1.7633	2	0.8816	0.8816	True	0.83	1.93
1	222919938	C	T	FAM177B	Silent	79	18	97	0.18556701030927836	3	2	1	0.6327	1	0.6327	0.6327	False	0.83	1.93
1	223567632	G	A	C1orf65	Missense_Mutation	156	203	359	0.5654596100278552	3	2	1	1.928	2	0.964	0.964	True	0.83	1.93
1	226055587	C	T	TMEM63A	Splice_Site	141	139	280	0.49642857142857144	3	2	1	1.6926	2	0.8463	0.8463	False	0.83	1.93
1	227968362	G	A	SNAP47	Silent	665	171	836	0.20454545454545456	3	2	1	0.6974	1	0.6974	0.6974	False	0.83	1.93
1	228210433	C	T	WNT3A	Missense_Mutation	387	171	558	0.3064516129032258	3	2	1	1.0449	1	1.0449	1.0	True	0.83	1.93
1	228456411	G	A	OBSCN	Missense_Mutation	337	390	727	0.5364511691884457	3	2	1	1.8291	2	0.9146	0.9146	True	0.83	1.93
1	233134934	C	T	PCNXL2	Silent	104	145	249	0.5823293172690763	3	2	1	1.9855	2	0.9928	0.9928	True	0.83	1.93
1	233512231	C	T	MLK4	Nonsense_Mutation	47	32	79	0.4050632911392405	3	2	1	1.3811	1	1.3811	1.0	True	0.83	1.93
1	233514855	C	T	MLK4	Silent	94	36	130	0.27692307692307694	3	2	1	0.9442	1	0.9442	0.9442	True	0.83	1.93
1	233807324	G	A	KCNK1	3'UTR	139	40	179	0.22346368715083798	3	2	1	0.7619	1	0.7619	0.7619	False	0.83	1.93
1	235972583	T	C	LYST	Missense_Mutation	63	33	96	0.34375	3	2	1	1.1721	1	1.1721	1.0	True	0.83	1.93
1	237947744	C	T	RYR2	Silent	14	14	28	0.5	3	2	1	1.7048	2	0.8524	0.8524	True	0.83	1.93
1	246784911	G	A	CNST	Missense_Mutation	956	305	1261	0.24187153053132435	3	2	1	0.8247	1	0.8247	0.8247	False	0.83	1.93
1	246923342	T	G	SCCPDH	Missense_Mutation	182	93	275	0.3381818181818182	3	2	1	1.1531	1	1.1531	1.0	True	0.83	1.93
1	247150635	G	A	ZNF695	Silent	132	96	228	0.42105263157894735	3	2	1	1.4356	1	1.4356	1.0	True	0.83	1.93
1	247588522	G	A	NLRP3	Missense_Mutation	98	96	194	0.4948453608247423	3	2	1	1.6872	2	0.8436	0.8436	False	0.83	1.93
1	247752384	C	T	OR2G2	Silent	22	33	55	0.6	3	2	1	2.0458	2	1.0229	1.0	True	0.83	1.93
1	247875599	G	A	OR6F1	Silent	222	54	276	0.1956521739130435	2	1	1	0.4715	1	0.4715	0.4715	False	0.83	1.93
1	248262730	C	T	OR2L13	Missense_Mutation	214	50	264	0.1893939393939394	2	1	1	0.4564	1	0.4564	0.4564	False	0.83	1.93
1	248343287	C	A	OR2M2	5'Flank	167	149	316	0.47151898734177217	2	1	1	1.1362	1	1.1362	1.0	True	0.83	1.93
1	248684994	G	A	OR2G6	Missense_Mutation	100	97	197	0.49238578680203043	2	1	1	1.1865	1	1.1865	1.0	True	0.83	1.93
2	1983293	C	T	MYT1L	Missense_Mutation	164	61	225	0.27111111111111114	2	1	1	0.6533	1	0.6533	0.6533	False	0.83	1.93
2	3504605	G	A	ADI1	Missense_Mutation	263	149	412	0.3616504854368932	2	1	1	0.8714	1	0.8714	0.8714	True	0.83	1.93
2	8871126	G	A	KIDINS220	Silent	376	146	522	0.2796934865900383	2	1	1	0.674	1	0.674	0.674	False	0.83	1.93
2	8873729	G	A	KIDINS220	Missense_Mutation	256	147	403	0.36476426799007444	2	1	1	0.879	1	0.879	0.879	True	0.83	1.93
2	10101458	C	T	GRHL1	Missense_Mutation	342	197	539	0.3654916512059369	2	1	1	0.8807	1	0.8807	0.8807	True	0.83	1.93
2	11758670	C	T	GREB1	Silent	193	132	325	0.40615384615384614	2	1	1	0.9787	1	0.9787	0.9787	True	0.83	1.93
2	11913802	C	T	LPIN1	Missense_Mutation	775	455	1230	0.3699186991869919	2	1	1	0.8914	1	0.8914	0.8914	True	0.83	1.93
2	11922502	T	A	LPIN1	Missense_Mutation	348	273	621	0.4396135265700483	2	1	1	1.0593	1	1.0593	1.0	True	0.83	1.93
2	15307436	G	A	NBAS	Silent	54	42	96	0.4375	2	1	1	1.0542	1	1.0542	1.0	True	0.83	1.93
2	15319169	C	A	NBAS	Missense_Mutation	44	36	80	0.45	2	1	1	1.0843	1	1.0843	1.0	True	0.83	1.93
2	26477303	A	T	HADHB	Nonsense_Mutation	205	82	287	0.2857142857142857	2	1	1	0.6885	1	0.6885	0.6885	False	0.83	1.93
2	26477304	G	A	HADHB	Missense_Mutation	203	81	284	0.2852112676056338	2	1	1	0.6873	1	0.6873	0.6873	False	0.83	1.93
2	26706495	C	T	OTOF	Silent	190	84	274	0.30656934306569344	2	1	1	0.7387	1	0.7387	0.7387	False	0.83	1.93
2	26706496	C	T	OTOF	Missense_Mutation	190	85	275	0.3090909090909091	2	1	1	0.7448	1	0.7448	0.7448	False	0.83	1.93
2	27306762	C	T	EMILIN1	Silent	177	138	315	0.4380952380952381	2	1	1	1.0557	1	1.0557	1.0	True	0.83	1.93
2	27449415	C	T	CAD	Missense_Mutation	357	196	553	0.35443037974683544	2	1	1	0.854	1	0.854	0.854	True	0.83	1.93
2	29240746	G	A	FAM179A	Silent	123	69	192	0.359375	2	1	1	0.866	1	0.866	0.866	True	0.83	1.93
2	30966439	G	A	CAPN13	Missense_Mutation	81	50	131	0.3816793893129771	2	1	1	0.9197	1	0.9197	0.9197	True	0.83	1.93
2	31591480	G	A	XDH	Missense_Mutation	149	74	223	0.33183856502242154	2	1	1	0.7996	1	0.7996	0.7996	False	0.83	1.93
2	31604542	G	A	XDH	Silent	36	20	56	0.35714285714285715	2	1	1	0.8606	1	0.8606	0.8606	True	0.83	1.93
2	32361943	T	C	SPAST	Intron	29	19	48	0.3958333333333333	2	1	1	0.9538	1	0.9538	0.9538	True	0.83	1.93
2	32475921	G	A	NLRC4	Missense_Mutation	65	49	114	0.4298245614035088	2	1	1	1.0357	1	1.0357	1.0	True	0.83	1.93
2	32715118	T	C	BIRC6	Silent	92	83	175	0.4742857142857143	2	1	1	1.1429	1	1.1429	1.0	True	0.83	1.93
2	36982174	G	A	VIT	Nonsense_Mutation	29	9	38	0.23684210526315788	2	1	1	0.5707	1	0.5707	0.5707	False	0.83	1.93
2	37105106	A	T	STRN	Silent	425	252	677	0.3722304283604136	2	1	1	0.8969	1	0.8969	0.8969	True	0.83	1.93
2	38903167	G	A	GALM	Missense_Mutation	189	101	290	0.3482758620689655	2	1	1	0.8392	1	0.8392	0.8392	False	0.83	1.93
2	39095502	C	T	DHX57	Missense_Mutation	513	221	734	0.3010899182561308	2	1	1	0.7255	1	0.7255	0.7255	False	0.83	1.93
2	42284374	C	T	PKDCC	Silent	497	285	782	0.36445012787723785	2	1	1	0.8782	1	0.8782	0.8782	True	0.83	1.93
2	50699459	C	T	NRXN1	Missense_Mutation	37	21	58	0.3620689655172414	2	1	1	0.8725	1	0.8725	0.8725	True	0.83	1.93
2	50780084	C	T	NRXN1	Missense_Mutation	260	169	429	0.3939393939393939	2	1	1	0.9493	1	0.9493	0.9493	True	0.83	1.93
2	61413791	T	A	AHSA2	Missense_Mutation	158	96	254	0.3779527559055118	2	1	1	0.9107	1	0.9107	0.9107	True	0.83	1.93
2	70890433	C	T	ADD2	3'UTR	15	9	24	0.375	2	1	1	0.9036	1	0.9036	0.9036	True	0.83	1.93
2	71780260	C	T	DYSF	Silent	441	241	682	0.3533724340175953	2	1	1	0.8515	1	0.8515	0.8515	True	0.83	1.93
2	71886052	C	T	DYSF	Silent	184	99	283	0.3498233215547703	2	1	1	0.8429	1	0.8429	0.8429	False	0.83	1.93
2	73675293	C	T	ALMS1	Silent	28	14	42	0.3333333333333333	2	1	1	0.8032	1	0.8032	0.8032	False	0.83	1.93
2	74042650	G	A	C2orf78	Missense_Mutation	255	180	435	0.41379310344827586	2	1	1	0.9971	1	0.9971	0.9971	True	0.83	1.93
2	74710166	C	T	CCDC142	5'Flank	297	203	500	0.406	2	1	1	0.9783	1	0.9783	0.9783	True	0.83	1.93
2	74710167	C	T	CCDC142	5'Flank	295	212	507	0.4181459566074951	2	1	1	1.0076	1	1.0076	1.0	True	0.83	1.93
2	74842098	G	A	M1AP	Missense_Mutation	100	66	166	0.39759036144578314	2	1	1	0.958	1	0.958	0.958	True	0.83	1.93
2	75929358	G	A	GCFC2	Nonsense_Mutation	343	221	564	0.39184397163120566	2	1	1	0.9442	1	0.9442	0.9442	True	0.83	1.93
2	75933774	G	A	GCFC2	Missense_Mutation	373	217	590	0.3677966101694915	2	1	1	0.8863	1	0.8863	0.8863	True	0.83	1.93
2	79313493	C	T	REG1B	Silent	23	8	31	0.25806451612903225	2	1	1	0.6218	1	0.6218	0.6218	False	0.83	1.93
2	80875001	G	A	CTNNA2	3'UTR	20	15	35	0.42857142857142855	2	1	1	1.0327	1	1.0327	1.0	True	0.83	1.93
2	88874621	G	A	EIF2AK3	Missense_Mutation	248	180	428	0.4205607476635514	2	1	1	1.0134	1	1.0134	1.0	True	0.83	1.93
2	89196846	C	T	IGKV5-2	Silent	16	7	23	0.30434782608695654	2	1	1	0.7334	1	0.7334	0.7334	False	0.83	1.93
2	89521256	C	T	IGKV2-28	Missense_Mutation	8	7	15	0.4666666666666667	2	1	1	1.1245	1	1.1245	1.0	True	0.83	1.93
2	90199113	G	A	IGKV1D-12	Missense_Mutation	102	48	150	0.32	2	1	1	0.7711	1	0.7711	0.7711	False	0.83	1.93
2	95537595	G	A	TEKT4	Missense_Mutation	128	71	199	0.35678391959798994	2	1	1	0.8597	1	0.8597	0.8597	True	0.83	1.93
2	98354343	G	A	ZAP70	Missense_Mutation	894	572	1466	0.39017735334242837	2	1	1	0.9402	1	0.9402	0.9402	True	0.83	1.93
2	98354344	G	A	ZAP70	Missense_Mutation	887	566	1453	0.389538885065382	2	1	1	0.9386	1	0.9386	0.9386	True	0.83	1.93
2	98920243	C	T	VWA3B	Missense_Mutation	91	41	132	0.3106060606060606	2	1	1	0.7484	1	0.7484	0.7484	False	0.83	1.93
2	102407207	T	A	MAP4K4	Nonsense_Mutation	6	4	10	0.4	2	1	1	0.9639	1	0.9639	0.9639	True	0.83	1.93
2	102792979	G	A	IL1R1	Silent	82	45	127	0.3543307086614173	2	1	1	0.8538	1	0.8538	0.8538	True	0.83	1.93
2	102792980	G	A	IL1R1	Missense_Mutation	82	45	127	0.3543307086614173	2	1	1	0.8538	1	0.8538	0.8538	True	0.83	1.93
2	102965684	G	A	IL1RL1	Silent	159	104	263	0.39543726235741444	2	1	1	0.9529	1	0.9529	0.9529	True	0.83	1.93
2	103414377	C	T	TMEM182	Silent	218	141	359	0.39275766016713093	2	1	1	0.9464	1	0.9464	0.9464	True	0.83	1.93
2	106710441	C	A	UXS1	3'UTR	164	115	279	0.4121863799283154	2	1	1	0.9932	1	0.9932	0.9932	True	0.83	1.93
2	107007411	G	A	PLGLA	RNA	13	10	23	0.43478260869565216	2	1	1	1.0477	1	1.0477	1.0	True	0.83	1.93
2	108994820	T	C	SULT1C4	Silent	197	136	333	0.4084084084084084	2	1	1	0.9841	1	0.9841	0.9841	True	0.83	1.93
2	109545771	G	A	EDAR	Missense_Mutation	277	154	431	0.35730858468677495	2	1	1	0.861	1	0.861	0.861	True	0.83	1.93
2	111881413	G	A	BCL2L11	Missense_Mutation	400	216	616	0.35064935064935066	2	1	1	0.8449	1	0.8449	0.8449	False	0.83	1.93
2	111881414	G	A	BCL2L11	Missense_Mutation	390	217	607	0.357495881383855	2	1	1	0.8614	1	0.8614	0.8614	True	0.83	1.93
2	112705031	A	G	MERTK	Missense_Mutation	41	33	74	0.44594594594594594	2	1	1	1.0746	1	1.0746	1.0	True	0.83	1.93
2	116497419	C	T	DPP10	Missense_Mutation	42	35	77	0.45454545454545453	2	1	1	1.0953	1	1.0953	1.0	True	0.83	1.93
2	119735476	G	A	MARCO	Missense_Mutation	31	10	41	0.24390243902439024	2	1	1	0.5877	1	0.5877	0.5877	False	0.83	1.93
2	120005746	C	T	STEAP3	Silent	286	143	429	0.3333333333333333	2	1	1	0.8032	1	0.8032	0.8032	False	0.83	1.93
2	121748112	C	T	GLI2	Missense_Mutation	812	473	1285	0.3680933852140078	2	1	1	0.887	1	0.887	0.887	True	0.83	1.93
2	122104659	G	A	CLASP1	Silent	50	31	81	0.38271604938271603	2	1	1	0.9222	1	0.9222	0.9222	True	0.83	1.93
2	128051731	C	T	ERCC3	5'UTR	45	31	76	0.40789473684210525	2	1	1	0.9829	1	0.9829	0.9829	True	0.83	1.93
2	128366430	G	A	MYO7B	Missense_Mutation	142	78	220	0.35454545454545455	2	1	1	0.8543	1	0.8543	0.8543	True	0.83	1.93
2	128381890	G	A	MYO7B	Missense_Mutation	42	31	73	0.4246575342465753	2	1	1	1.0233	1	1.0233	1.0	True	0.83	1.93
2	128467377	C	T	WDR33	Missense_Mutation	1371	744	2115	0.3517730496453901	2	1	1	0.8476	1	0.8476	0.8476	False	0.83	1.93
2	130898785	G	A	CCDC74B	Missense_Mutation	618	231	849	0.27208480565371024	2	1	1	0.6556	1	0.6556	0.6556	False	0.83	1.93
2	132289321	C	T	CCDC74A	Missense_Mutation	1156	148	1304	0.11349693251533742	2	1	1	0.2735	1	0.2735	0.2735	False	0.83	1.93
2	141128855	C	T	LRP1B	Splice_Site	6	4	10	0.4	2	1	1	0.9639	1	0.9639	0.9639	True	0.83	1.93
2	149803410	C	T	KIF5C	Intron	73	27	100	0.27	2	1	1	0.6506	1	0.6506	0.6506	False	0.83	1.93
2	152424922	G	A	NEB	Missense_Mutation	36	19	55	0.34545454545454546	2	1	1	0.8324	1	0.8324	0.8324	False	0.83	1.93
2	152424923	G	A	NEB	Silent	35	18	53	0.33962264150943394	2	1	1	0.8184	1	0.8184	0.8184	False	0.83	1.93
2	152474840	C	T	NEB	Silent	84	42	126	0.3333333333333333	2	1	1	0.8032	1	0.8032	0.8032	False	0.83	1.93
2	154996960	C	T	GALNT13	Missense_Mutation	40	21	61	0.3442622950819672	2	1	1	0.8295	1	0.8295	0.8295	False	0.83	1.93
2	155265592	C	T	GALNT13	Nonsense_Mutation	48	19	67	0.2835820895522388	2	1	1	0.6833	1	0.6833	0.6833	False	0.83	1.93
2	155566185	G	A	KCNJ3	Missense_Mutation	240	130	370	0.35135135135135137	2	1	1	0.8466	1	0.8466	0.8466	False	0.83	1.93
2	159519537	C	T	PKP4	Silent	63	43	106	0.4056603773584906	2	1	1	0.9775	1	0.9775	0.9775	True	0.83	1.93
2	160688299	T	G	LY75-CD302	Splice_Site	31	12	43	0.27906976744186046	2	1	1	0.6725	1	0.6725	0.6725	False	0.83	1.93
2	160901443	G	A	PLA2R1	Missense_Mutation	141	70	211	0.33175355450236965	2	1	1	0.7994	1	0.7994	0.7994	False	0.83	1.93
2	163031387	C	T	FAP	Nonsense_Mutation	21	11	32	0.34375	2	1	1	0.8283	1	0.8283	0.8283	False	0.83	1.93
2	163393558	G	A	KCNH7	Missense_Mutation	35	27	62	0.43548387096774194	2	1	1	1.0494	1	1.0494	1.0	True	0.83	1.93
2	163693197	C	T	KCNH7	Missense_Mutation	192	108	300	0.36	2	1	1	0.8675	1	0.8675	0.8675	True	0.83	1.93
2	167084228	A	T	SCN9A	Silent	15	8	23	0.34782608695652173	2	1	1	0.8381	1	0.8381	0.8381	False	0.83	1.93
2	167304163	G	A	SCN7A	Missense_Mutation	42	26	68	0.38235294117647056	2	1	1	0.9213	1	0.9213	0.9213	True	0.83	1.93
2	167327137	G	A	SCN7A	Missense_Mutation	20	12	32	0.375	2	1	1	0.9036	1	0.9036	0.9036	True	0.83	1.93
2	168067285	A	C	XIRP2	Missense_Mutation	295	195	490	0.3979591836734694	2	1	1	0.9589	1	0.9589	0.9589	True	0.83	1.93
2	169792784	C	T	ABCB11	Missense_Mutation	32	13	45	0.28888888888888886	2	1	1	0.6961	1	0.6961	0.6961	False	0.83	1.93
2	175264816	G	A	SCRN3	Missense_Mutation	486	227	713	0.31837307152875177	2	1	1	0.7672	1	0.7672	0.7672	False	0.83	1.93
2	178095822	C	T	NFE2L2	Silent	143	64	207	0.30917874396135264	2	1	1	0.745	1	0.745	0.745	False	0.83	1.93
2	179478906	C	T	TTN	Silent	8	5	13	0.38461538461538464	2	1	1	0.9268	1	0.9268	0.9268	True	0.83	1.93
2	179530116	G	A	TTN	Missense_Mutation	59	33	92	0.358695652173913	2	1	1	0.8643	1	0.8643	0.8643	True	0.83	1.93
2	179594198	C	T	TTN	Missense_Mutation	26	16	42	0.38095238095238093	2	1	1	0.918	1	0.918	0.918	True	0.83	1.93
2	179595694	C	T	TTN	Missense_Mutation	71	44	115	0.3826086956521739	2	1	1	0.9219	1	0.9219	0.9219	True	0.83	1.93
2	179596677	T	C	TTN	Missense_Mutation	18	17	35	0.4857142857142857	2	1	1	1.1704	1	1.1704	1.0	True	0.83	1.93
2	179606352	A	T	TTN	Missense_Mutation	25	18	43	0.4186046511627907	2	1	1	1.0087	1	1.0087	1.0	True	0.83	1.93
2	179610386	C	T	TTN	Intron	12	4	16	0.25	2	1	1	0.6024	1	0.6024	0.6024	False	0.83	1.93
2	179664226	G	A	TTN	Missense_Mutation	46	20	66	0.30303030303030304	2	1	1	0.7302	1	0.7302	0.7302	False	0.83	1.93
2	180016105	G	A	SESTD1	Missense_Mutation	21	13	34	0.38235294117647056	2	1	1	0.9213	1	0.9213	0.9213	True	0.83	1.93
2	185802647	T	C	ZNF804A	Silent	60	46	106	0.4339622641509434	2	1	1	1.0457	1	1.0457	1.0	True	0.83	1.93
2	185803417	C	T	ZNF804A	Silent	89	48	137	0.35036496350364965	2	1	1	0.8443	1	0.8443	0.8443	False	0.83	1.93
2	186670661	C	T	FSIP2	Missense_Mutation	26	6	32	0.1875	2	1	1	0.4518	1	0.4518	0.4518	False	0.83	1.93
2	190530903	C	T	ASNSD1	Silent	440	268	708	0.3785310734463277	2	1	1	0.9121	1	0.9121	0.9121	True	0.83	1.93
2	190922180	C	T	MSTN	Missense_Mutation	53	35	88	0.3977272727272727	2	1	1	0.9584	1	0.9584	0.9584	True	0.83	1.93
2	191844533	G	A	STAT1	Silent	54	44	98	0.4489795918367347	2	1	1	1.0819	1	1.0819	1.0	True	0.83	1.93
2	191874645	C	G	STAT1	Missense_Mutation	568	365	933	0.3912111468381565	2	1	1	0.9427	1	0.9427	0.9427	True	0.83	1.93
2	192815177	C	T	TMEFF2	Intron	63	48	111	0.43243243243243246	2	1	1	1.042	1	1.042	1.0	True	0.83	1.93
2	192815178	C	T	TMEFF2	Intron	64	48	112	0.42857142857142855	2	1	1	1.0327	1	1.0327	1.0	True	0.83	1.93
2	196759768	C	T	DNAH7	Missense_Mutation	28	19	47	0.40425531914893614	2	1	1	0.9741	1	0.9741	0.9741	True	0.83	1.93
2	197298102	T	C	HECW2	Missense_Mutation	30	19	49	0.3877551020408163	2	1	1	0.9343	1	0.9343	0.9343	True	0.83	1.93
2	202501564	G	A	TMEM237	Missense_Mutation	87	52	139	0.37410071942446044	2	1	1	0.9014	1	0.9014	0.9014	True	0.83	1.93
2	203242119	G	A	BMPR2	5'UTR	196	129	325	0.39692307692307693	2	1	1	0.9564	1	0.9564	0.9564	True	0.83	1.93
2	206659800	C	T	NRP2	3'UTR	31	20	51	0.39215686274509803	2	1	1	0.945	1	0.945	0.945	True	0.83	1.93
2	206869173	G	A	INO80D	Silent	17	6	23	0.2608695652173913	2	1	1	0.6286	1	0.6286	0.6286	False	0.83	1.93
2	207171914	G	A	ZDBF2	Missense_Mutation	32	22	54	0.4074074074074074	2	1	1	0.9817	1	0.9817	0.9817	True	0.83	1.93
2	207175364	G	A	ZDBF2	Missense_Mutation	12	10	22	0.45454545454545453	2	1	1	1.0953	1	1.0953	1.0	True	0.83	1.93
2	207527786	G	C	DYTN	Missense_Mutation	53	23	76	0.3026315789473684	2	1	1	0.7292	1	0.7292	0.7292	False	0.83	1.93
2	218924969	C	T	CXCR2P1	RNA	59	34	93	0.3655913978494624	2	1	1	0.8809	1	0.8809	0.8809	True	0.83	1.93
2	219028870	C	T	CXCR1	3'UTR	85	46	131	0.3511450381679389	2	1	1	0.8461	1	0.8461	0.8461	False	0.83	1.93
2	219508346	G	A	ZNF142	Missense_Mutation	775	545	1320	0.4128787878787879	2	1	1	0.9949	1	0.9949	0.9949	True	0.83	1.93
2	219696074	C	T	PRKAG3	Missense_Mutation	185	103	288	0.3576388888888889	2	1	1	0.8618	1	0.8618	0.8618	True	0.83	1.93
2	219696075	C	T	PRKAG3	Silent	189	103	292	0.3527397260273973	2	1	1	0.85	1	0.85	0.85	False	0.83	1.93
2	219875354	G	A	CCDC108	Missense_Mutation	112	62	174	0.3563218390804598	2	1	1	0.8586	1	0.8586	0.8586	True	0.83	1.93
2	219875355	G	A	CCDC108	Silent	109	62	171	0.36257309941520466	2	1	1	0.8737	1	0.8737	0.8737	True	0.83	1.93
2	219878241	C	T	CCDC108	Silent	94	57	151	0.37748344370860926	2	1	1	0.9096	1	0.9096	0.9096	True	0.83	1.93
2	220111520	C	G	STK16	Missense_Mutation	256	145	401	0.36159600997506236	2	1	1	0.8713	1	0.8713	0.8713	True	0.83	1.93
2	220166329	C	T	PTPRN	Silent	614	412	1026	0.4015594541910331	2	1	1	0.9676	1	0.9676	0.9676	True	0.83	1.93
2	220355197	C	T	SPEG	Silent	357	254	611	0.4157119476268412	2	1	1	1.0017	1	1.0017	1.0	True	0.83	1.93
2	220412289	C	T	TMEM198	Silent	1879	989	2868	0.344839609483961	2	1	1	0.8309	1	0.8309	0.8309	False	0.83	1.93
2	220412290	T	G	TMEM198	Missense_Mutation	1877	970	2847	0.3407095187917106	2	1	1	0.821	1	0.821	0.821	False	0.83	1.93
2	220478553	G	A	STK11IP	Missense_Mutation	373	171	544	0.31433823529411764	2	1	1	0.7574	1	0.7574	0.7574	False	0.83	1.93
2	220478554	G	A	STK11IP	Missense_Mutation	371	171	542	0.3154981549815498	2	1	1	0.7602	1	0.7602	0.7602	False	0.83	1.93
2	226447029	C	T	NYAP2	Missense_Mutation	389	194	583	0.33276157804459694	2	1	1	0.8018	1	0.8018	0.8018	False	0.83	1.93
2	228389553	G	A	AGFG1	Missense_Mutation	44	25	69	0.36231884057971014	2	1	1	0.8731	1	0.8731	0.8731	True	0.83	1.93
2	228855765	C	T	SPHKAP	Missense_Mutation	23	11	34	0.3235294117647059	2	1	1	0.7796	1	0.7796	0.7796	False	0.83	1.93
2	228883733	C	T	SPHKAP	Missense_Mutation	19	16	35	0.45714285714285713	2	1	1	1.1015	1	1.1015	1.0	True	0.83	1.93
2	229890218	C	T	PID1	3'UTR	18	5	23	0.21739130434782608	2	1	1	0.5238	1	0.5238	0.5238	False	0.83	1.93
2	231222673	A	T	SP140L	Missense_Mutation	227	160	387	0.4134366925064599	2	1	1	0.9962	1	0.9962	0.9962	True	0.83	1.93
2	231253283	G	A	SP140L	Missense_Mutation	10	3	13	0.23076923076923078	2	1	1	0.5561	1	0.5561	0.5561	False	0.83	1.93
2	231775515	C	T	GPR55	Missense_Mutation	166	95	261	0.36398467432950193	2	1	1	0.8771	1	0.8771	0.8771	True	0.83	1.93
2	232378304	G	A	LINC00471	RNA	416	291	707	0.4115983026874116	2	1	1	0.9918	1	0.9918	0.9918	True	0.83	1.93
2	233272555	G	A	ALPPL2	Missense_Mutation	459	273	732	0.3729508196721312	2	1	1	0.8987	1	0.8987	0.8987	True	0.83	1.93
2	233897453	C	T	NEU2	Silent	421	245	666	0.36786786786786785	2	1	1	0.8864	1	0.8864	0.8864	True	0.83	1.93
2	235962430	C	T	SH3BP4	Silent	410	231	641	0.36037441497659906	2	1	1	0.8684	1	0.8684	0.8684	True	0.83	1.93
2	240982270	C	T	PRR21	Missense_Mutation	133	89	222	0.4009009009009009	2	1	1	0.966	1	0.966	0.966	True	0.83	1.93
2	241656729	G	A	KIF1A	3'UTR	304	216	520	0.4153846153846154	2	1	1	1.0009	1	1.0009	1.0	True	0.83	1.93
2	241728671	G	A	KIF1A	Silent	360	187	547	0.34186471663619744	2	1	1	0.8238	1	0.8238	0.8238	False	0.83	1.93
2	241728672	G	A	KIF1A	Missense_Mutation	360	189	549	0.3442622950819672	2	1	1	0.8295	1	0.8295	0.8295	False	0.83	1.93
2	241813426	G	A	AGXT	Silent	641	285	926	0.3077753779697624	2	1	1	0.7416	1	0.7416	0.7416	False	0.83	1.93
3	391211	C	T	CHL1	Missense_Mutation	111	39	150	0.26	2	1	1	0.6265	1	0.6265	0.6265	False	0.83	1.93
3	447275	G	A	CHL1	Missense_Mutation	35	13	48	0.2708333333333333	2	1	1	0.6526	1	0.6526	0.6526	False	0.83	1.93
3	9833128	G	A	TADA3	Missense_Mutation	213	86	299	0.28762541806020064	2	1	1	0.6931	1	0.6931	0.6931	False	0.83	1.93
3	9833129	G	A	TADA3	Missense_Mutation	208	88	296	0.2972972972972973	2	1	1	0.7164	1	0.7164	0.7164	False	0.83	1.93
3	10280488	C	T	IRAK2	Silent	633	427	1060	0.4028301886792453	2	1	1	0.9707	1	0.9707	0.9707	True	0.83	1.93
3	10280489	C	T	IRAK2	Missense_Mutation	640	433	1073	0.40354147250698974	2	1	1	0.9724	1	0.9724	0.9724	True	0.83	1.93
3	10370570	C	T	ATP2B2	Silent	337	191	528	0.36174242424242425	2	1	1	0.8717	1	0.8717	0.8717	True	0.83	1.93
3	12859246	G	A	CAND2	Missense_Mutation	695	463	1158	0.3998272884283247	2	1	1	0.9634	1	0.9634	0.9634	True	0.83	1.93
3	12983084	A	C	IQSEC1	Missense_Mutation	97	85	182	0.46703296703296704	2	1	1	1.1254	1	1.1254	1.0	True	0.83	1.93
3	13359188	G	A	NUP210	Missense_Mutation	63	44	107	0.411214953271028	2	1	1	0.9909	1	0.9909	0.9909	True	0.83	1.93
3	13896034	G	A	WNT7A	Nonsense_Mutation	1001	581	1582	0.3672566371681416	2	1	1	0.885	1	0.885	0.885	True	0.83	1.93
3	15126324	G	A	ZFYVE20	Silent	179	121	300	0.4033333333333333	2	1	1	0.9719	1	0.9719	0.9719	True	0.83	1.93
3	17053498	G	A	PLCL2	Missense_Mutation	29	24	53	0.4528301886792453	2	1	1	1.0912	1	1.0912	1.0	True	0.83	1.93
3	30769672	G	A	GADL1	3'UTR	15	8	23	0.34782608695652173	2	1	1	0.8381	1	0.8381	0.8381	False	0.83	1.93
3	30769870	C	T	GADL1	Missense_Mutation	15	3	18	0.16666666666666666	2	1	1	0.4016	1	0.4016	0.4016	False	0.83	1.93
3	32995215	G	A	CCR4	Missense_Mutation	221	180	401	0.4488778054862843	2	1	1	1.0816	1	1.0816	1.0	True	0.83	1.93
3	33249379	G	A	SUSD5	Silent	216	119	335	0.35522388059701493	2	1	1	0.856	1	0.856	0.856	True	0.83	1.93
3	36898464	T	G	TRANK1	Missense_Mutation	15	12	27	0.4444444444444444	2	1	1	1.071	1	1.071	1.0	True	0.83	1.93
3	38647610	C	T	SCN5A	Missense_Mutation	259	138	397	0.34760705289672544	2	1	1	0.8376	1	0.8376	0.8376	False	0.83	1.93
3	38770082	G	A	SCN10A	Missense_Mutation	69	32	101	0.31683168316831684	2	1	1	0.7634	1	0.7634	0.7634	False	0.83	1.93
3	38951638	C	T	SCN11A	Silent	20	12	32	0.375	2	1	1	0.9036	1	0.9036	0.9036	True	0.83	1.93
3	39307002	C	T	CX3CR1	Silent	199	111	310	0.3580645161290323	2	1	1	0.8628	1	0.8628	0.8628	True	0.83	1.93
3	43373670	G	A	SNRK	Missense_Mutation	80	32	112	0.2857142857142857	2	1	1	0.6885	1	0.6885	0.6885	False	0.83	1.93
3	43373671	T	A	SNRK	Missense_Mutation	83	33	116	0.28448275862068967	2	1	1	0.6855	1	0.6855	0.6855	False	0.83	1.93
3	46011172	G	A	FYCO1	Silent	204	110	314	0.3503184713375796	2	1	1	0.8441	1	0.8441	0.8441	False	0.83	1.93
3	46023136	C	T	FYCO1	Missense_Mutation	333	194	527	0.3681214421252372	2	1	1	0.887	1	0.887	0.887	True	0.83	1.93
3	46306989	C	T	CCR3	Missense_Mutation	67	50	117	0.42735042735042733	2	1	1	1.0298	1	1.0298	1.0	True	0.83	1.93
3	46307643	C	T	CCR3	Missense_Mutation	32	14	46	0.30434782608695654	2	1	1	0.7334	1	0.7334	0.7334	False	0.83	1.93
3	46541994	G	A	RTP3	Missense_Mutation	606	433	1039	0.4167468719923003	2	1	1	1.0042	1	1.0042	1.0	True	0.83	1.93
3	48612535	G	A	COL7A1	Missense_Mutation	428	314	742	0.42318059299191374	2	1	1	1.0197	1	1.0197	1.0	True	0.83	1.93
3	48623787	G	A	COL7A1	Silent	1411	881	2292	0.3843804537521815	2	1	1	0.9262	1	0.9262	0.9262	True	0.83	1.93
3	48688503	G	A	CELSR3	Silent	295	189	484	0.390495867768595	2	1	1	0.941	1	0.941	0.941	True	0.83	1.93
3	49548071	C	T	DAG1	Missense_Mutation	112	48	160	0.3	2	1	1	0.7229	1	0.7229	0.7229	False	0.83	1.93
3	49548072	C	T	DAG1	Silent	106	49	155	0.3161290322580645	2	1	1	0.7618	1	0.7618	0.7618	False	0.83	1.93
3	49897933	G	A	CAMKV	Silent	98	58	156	0.3717948717948718	2	1	1	0.8959	1	0.8959	0.8959	True	0.83	1.93
3	50129560	G	A	RBM5	Silent	287	187	474	0.39451476793248946	2	1	1	0.9506	1	0.9506	0.9506	True	0.83	1.93
3	50129563	G	T	RBM5	Missense_Mutation	279	187	466	0.4012875536480687	2	1	1	0.967	1	0.967	0.967	True	0.83	1.93
3	51367568	G	A	DOCK3	Splice_Site	11	6	17	0.35294117647058826	2	1	1	0.8505	1	0.8505	0.8505	True	0.83	1.93
3	51417591	C	T	DOCK3	Missense_Mutation	239	164	403	0.40694789081885857	2	1	1	0.9806	1	0.9806	0.9806	True	0.83	1.93
3	52264925	G	A	TWF2	Silent	73	99	172	0.5755813953488372	2	1	1	1.3869	1	1.3869	1.0	True	0.83	1.93
3	52281709	C	T	PPM1M	5'UTR	100	54	154	0.35064935064935066	2	1	1	0.8449	1	0.8449	0.8449	False	0.83	1.93
3	52443604	C	T	BAP1	Missense_Mutation	1502	869	2371	0.36651202024462254	2	1	1	0.8832	1	0.8832	0.8832	True	0.83	1.93
3	52539159	G	A	STAB1	Silent	634	382	1016	0.37598425196850394	2	1	1	0.906	1	0.906	0.906	True	0.83	1.93
3	52547982	C	T	STAB1	Silent	632	452	1084	0.41697416974169743	2	1	1	1.0048	1	1.0048	1.0	True	0.83	1.93
3	52620639	A	T	PBRM1	Nonsense_Mutation	83	57	140	0.40714285714285714	2	1	1	0.9811	1	0.9811	0.9811	True	0.83	1.93
3	52643485	A	T	PBRM1	Nonsense_Mutation	77	42	119	0.35294117647058826	2	1	1	0.8505	1	0.8505	0.8505	True	0.83	1.93
3	52741907	C	T	SPCS1	3'UTR	245	151	396	0.3813131313131313	2	1	1	0.9188	1	0.9188	0.9188	True	0.83	1.93
3	53326729	C	T	DCP1A	Silent	44	42	86	0.4883720930232558	2	1	1	1.1768	1	1.1768	1.0	True	0.83	1.93
3	53381614	A	T	DCP1A	5'UTR	153	107	260	0.4115384615384615	2	1	1	0.9917	1	0.9917	0.9917	True	0.83	1.93
3	54537555	G	A	CACNA2D3	Missense_Mutation	62	25	87	0.28735632183908044	2	1	1	0.6924	1	0.6924	0.6924	False	0.83	1.93
3	54604068	G	A	CACNA2D3	Silent	105	43	148	0.2905405405405405	2	1	1	0.7001	1	0.7001	0.7001	False	0.83	1.93
3	54661843	C	T	CACNA2D3	Silent	94	37	131	0.2824427480916031	2	1	1	0.6806	1	0.6806	0.6806	False	0.83	1.93
3	54958919	G	A	LRTM1	Missense_Mutation	77	42	119	0.35294117647058826	2	1	1	0.8505	1	0.8505	0.8505	True	0.83	1.93
3	56468606	C	T	ERC2	Missense_Mutation	167	67	234	0.2863247863247863	2	1	1	0.6899	1	0.6899	0.6899	False	0.83	1.93
3	64582627	A	G	ADAMTS9	Missense_Mutation	182	106	288	0.3680555555555556	2	1	1	0.8869	1	0.8869	0.8869	True	0.83	1.93
3	65479187	C	T	MAGI1	Missense_Mutation	44	18	62	0.2903225806451613	2	1	1	0.6996	1	0.6996	0.6996	False	0.83	1.93
3	71015038	C	A	FOXP1	Intron	199	117	316	0.370253164556962	2	1	1	0.8922	1	0.8922	0.8922	True	0.83	1.93
3	85984961	G	A	CADM2	Missense_Mutation	27	11	38	0.2894736842105263	2	1	1	0.6975	1	0.6975	0.6975	False	0.83	1.93
3	97661390	T	C	MINA	3'UTR	9	7	16	0.4375	2	1	1	1.0542	1	1.0542	1.0	True	0.83	1.93
3	97669650	T	G	MINA	Missense_Mutation	54	21	75	0.28	2	1	1	0.6747	1	0.6747	0.6747	False	0.83	1.93
3	98073098	C	T	OR5K4	Missense_Mutation	68	37	105	0.3523809523809524	2	1	1	0.8491	1	0.8491	0.8491	False	0.83	1.93
3	98073395	G	A	OR5K4	Missense_Mutation	31	18	49	0.3673469387755102	2	1	1	0.8852	1	0.8852	0.8852	True	0.83	1.93
3	98189178	G	A	OR5K1	Missense_Mutation	26	29	55	0.5272727272727272	2	1	1	1.2705	1	1.2705	1.0	True	0.83	1.93
3	99513113	G	T	COL8A1	Missense_Mutation	87	54	141	0.3829787234042553	2	1	1	0.9228	1	0.9228	0.9228	True	0.83	1.93
3	100566478	G	A	ABI3BP	Missense_Mutation	74	31	105	0.29523809523809524	2	1	1	0.7114	1	0.7114	0.7114	False	0.83	1.93
3	108117529	T	G	MYH15	Missense_Mutation	136	82	218	0.3761467889908257	2	1	1	0.9064	1	0.9064	0.9064	True	0.83	1.93
3	108182072	C	T	MYH15	Missense_Mutation	61	20	81	0.24691358024691357	2	1	1	0.595	1	0.595	0.595	False	0.83	1.93
3	108677820	C	T	MORC1	Missense_Mutation	13	4	17	0.23529411764705882	2	1	1	0.567	1	0.567	0.567	False	0.83	1.93
3	113679645	G	A	ZDHHC23	3'UTR	98	52	150	0.3466666666666667	2	1	1	0.8353	1	0.8353	0.8353	False	0.83	1.93
3	119133721	G	A	ARHGAP31	Missense_Mutation	92	63	155	0.4064516129032258	2	1	1	0.9794	1	0.9794	0.9794	True	0.83	1.93
3	119331934	C	T	PLA1A	Silent	30	19	49	0.3877551020408163	2	1	1	0.9343	1	0.9343	0.9343	True	0.83	1.93
3	119466063	G	A	MAATS1	Silent	71	40	111	0.36036036036036034	2	1	1	0.8683	1	0.8683	0.8683	True	0.83	1.93
3	119900021	C	T	GPR156	Missense_Mutation	59	27	86	0.313953488372093	2	1	1	0.7565	1	0.7565	0.7565	False	0.83	1.93
3	120360505	C	T	HGD	Silent	55	23	78	0.2948717948717949	2	1	1	0.7105	1	0.7105	0.7105	False	0.83	1.93
3	120394643	C	T	HGD	Missense_Mutation	35	29	64	0.453125	2	1	1	1.0919	1	1.0919	1.0	True	0.83	1.93
3	120394644	C	T	HGD	Missense_Mutation	37	29	66	0.4393939393939394	2	1	1	1.0588	1	1.0588	1.0	True	0.83	1.93
3	121126317	C	T	STXBP5L	Silent	10	15	25	0.6	2	1	1	1.4458	1	1.4458	1.0	True	0.83	1.93
3	121707240	G	A	ILDR1	Missense_Mutation	158	111	269	0.41263940520446096	2	1	1	0.9943	1	0.9943	0.9943	True	0.83	1.93
3	121828194	T	A	CD86	Silent	49	32	81	0.3950617283950617	2	1	1	0.952	1	0.952	0.952	True	0.83	1.93
3	121838341	C	T	CD86	Missense_Mutation	70	23	93	0.24731182795698925	2	1	1	0.5959	1	0.5959	0.5959	False	0.83	1.93
3	121994865	C	T	CASR	Silent	168	119	287	0.4146341463414634	2	1	1	0.9991	1	0.9991	0.9991	True	0.83	1.93
3	122001056	C	T	CASR	Missense_Mutation	572	320	892	0.35874439461883406	2	1	1	0.8644	1	0.8644	0.8644	True	0.83	1.93
3	122002901	C	T	CASR	Silent	361	192	553	0.3471971066907776	2	1	1	0.8366	1	0.8366	0.8366	False	0.83	1.93
3	122003539	C	T	CASR	Missense_Mutation	178	96	274	0.35036496350364965	2	1	1	0.8443	1	0.8443	0.8443	False	0.83	1.93
3	122003540	C	T	CASR	Silent	180	96	276	0.34782608695652173	2	1	1	0.8381	1	0.8381	0.8381	False	0.83	1.93
3	122632406	C	T	SEMA5B	Missense_Mutation	203	119	322	0.3695652173913043	2	1	1	0.8905	1	0.8905	0.8905	True	0.83	1.93
3	122632407	C	T	SEMA5B	Missense_Mutation	203	119	322	0.3695652173913043	2	1	1	0.8905	1	0.8905	0.8905	True	0.83	1.93
3	123010051	T	C	ADCY5	Missense_Mutation	267	141	408	0.34558823529411764	2	1	1	0.8327	1	0.8327	0.8327	False	0.83	1.93
3	123451843	G	A	MYLK	Silent	68	40	108	0.37037037037037035	2	1	1	0.8925	1	0.8925	0.8925	True	0.83	1.93
3	123452564	C	T	MYLK	Missense_Mutation	240	114	354	0.3220338983050847	2	1	1	0.776	1	0.776	0.776	False	0.83	1.93
3	124449234	G	A	UMPS	5'UTR	368	329	697	0.4720229555236729	2	1	1	1.1374	1	1.1374	1.0	True	0.83	1.93
3	124952383	T	A	ZNF148	Missense_Mutation	30	24	54	0.4444444444444444	2	1	1	1.071	1	1.071	1.0	True	0.83	1.93
3	126157184	C	T	ZXDC	3'UTR	63	48	111	0.43243243243243246	2	1	1	1.042	1	1.042	1.0	True	0.83	1.93
3	126386006	G	A	NUP210P1	RNA	56	21	77	0.2727272727272727	2	1	1	0.6572	1	0.6572	0.6572	False	0.83	1.93
3	127323849	G	A	MCM2	Missense_Mutation	316	203	519	0.3911368015414258	2	1	1	0.9425	1	0.9425	0.9425	True	0.83	1.93
3	128813977	G	A	ISY1-RAB43	Missense_Mutation	268	171	439	0.3895216400911162	2	1	1	0.9386	1	0.9386	0.9386	True	0.83	1.93
3	131624227	G	A	CPNE4	Missense_Mutation	14	11	25	0.44	2	1	1	1.0602	1	1.0602	1.0	True	0.83	1.93
3	133666168	C	T	SLCO2A1	Missense_Mutation	156	83	239	0.3472803347280335	2	1	1	0.8368	1	0.8368	0.8368	False	0.83	1.93
3	136192425	T	C	STAG1	Missense_Mutation	126	62	188	0.32978723404255317	2	1	1	0.7947	1	0.7947	0.7947	False	0.83	1.93
3	137483785	G	A	SOX14	Silent	352	75	427	0.1756440281030445	2	1	1	0.4232	1	0.4232	0.4232	False	0.83	1.93
3	139108410	C	T	COPB2	5'UTR	176	73	249	0.2931726907630522	2	1	1	0.7064	1	0.7064	0.7064	False	0.83	1.93
3	142180908	G	A	ATR	Missense_Mutation	296	158	454	0.34801762114537443	2	1	1	0.8386	1	0.8386	0.8386	False	0.83	1.93
3	146171856	C	T	PLSCR2	Missense_Mutation	46	39	85	0.4588235294117647	2	1	1	1.1056	1	1.1056	1.0	True	0.83	1.93
3	148863268	C	T	HPS3	Silent	122	82	204	0.4019607843137255	2	1	1	0.9686	1	0.9686	0.9686	True	0.83	1.93
3	150645793	C	T	CLRN1	Missense_Mutation	107	58	165	0.3515151515151515	2	1	1	0.847	1	0.847	0.847	False	0.83	1.93
3	151012994	C	T	GPR87	Missense_Mutation	53	28	81	0.345679012345679	2	1	1	0.833	1	0.833	0.833	False	0.83	1.93
3	152163105	G	A	MBNL1	Missense_Mutation	63	33	96	0.34375	2	1	1	0.8283	1	0.8283	0.8283	False	0.83	1.93
3	155200085	G	A	PLCH1	Silent	252	160	412	0.3883495145631068	2	1	1	0.9358	1	0.9358	0.9358	True	0.83	1.93
3	155200483	C	T	PLCH1	Missense_Mutation	289	197	486	0.4053497942386831	2	1	1	0.9767	1	0.9767	0.9767	True	0.83	1.93
3	155200553	C	T	PLCH1	Missense_Mutation	746	292	1038	0.2813102119460501	2	1	1	0.6779	1	0.6779	0.6779	False	0.83	1.93
3	155267630	C	T	PLCH1	Silent	59	26	85	0.3058823529411765	2	1	1	0.7371	1	0.7371	0.7371	False	0.83	1.93
3	158519991	A	T	MFSD1	Missense_Mutation	165	102	267	0.38202247191011235	2	1	1	0.9205	1	0.9205	0.9205	True	0.83	1.93
3	167051674	C	T	ZBBX	Missense_Mutation	20	12	32	0.375	2	1	1	0.9036	1	0.9036	0.9036	True	0.83	1.93
3	169521924	C	T	LRRC34	Missense_Mutation	129	84	213	0.39436619718309857	2	1	1	0.9503	1	0.9503	0.9503	True	0.83	1.93
3	169639003	G	A	SAMD7	Missense_Mutation	143	88	231	0.38095238095238093	2	1	1	0.918	1	0.918	0.918	True	0.83	1.93
3	169639067	G	A	SAMD7	Missense_Mutation	132	76	208	0.36538461538461536	2	1	1	0.8804	1	0.8804	0.8804	True	0.83	1.93
3	169656145	C	T	SAMD7	Missense_Mutation	126	73	199	0.36683417085427134	2	1	1	0.8839	1	0.8839	0.8839	True	0.83	1.93
3	170150513	C	T	CLDN11	Missense_Mutation	225	130	355	0.36619718309859156	2	1	1	0.8824	1	0.8824	0.8824	True	0.83	1.93
3	170244711	G	A	SLC7A14	Silent	34	17	51	0.3333333333333333	2	1	1	0.8032	1	0.8032	0.8032	False	0.83	1.93
3	178968769	G	A	KCNMB3	Intron	199	128	327	0.39143730886850153	2	1	1	0.9432	1	0.9432	0.9432	True	0.83	1.93
3	182789134	G	A	MCCC1	Missense_Mutation	243	167	410	0.4073170731707317	2	1	1	0.9815	1	0.9815	0.9815	True	0.83	1.93
3	183823977	C	T	HTR3E	Silent	314	148	462	0.3203463203463203	2	1	1	0.7719	1	0.7719	0.7719	False	0.83	1.93
3	184100547	G	A	CHRD	Missense_Mutation	478	273	751	0.36351531291611183	2	1	1	0.8759	1	0.8759	0.8759	True	0.83	1.93
3	186333516	G	A	AHSG	Missense_Mutation	180	127	307	0.41368078175895767	2	1	1	0.9968	1	0.9968	0.9968	True	0.83	1.93
3	186392940	G	A	HRG	Silent	151	67	218	0.3073394495412844	2	1	1	0.7406	1	0.7406	0.7406	False	0.83	1.93
3	186838931	C	T	RPL39L	3'UTR	217	113	330	0.3424242424242424	2	1	1	0.8251	1	0.8251	0.8251	False	0.83	1.93
3	191093238	C	T	CCDC50	Missense_Mutation	17	13	30	0.43333333333333335	2	1	1	1.0442	1	1.0442	1.0	True	0.83	1.93
3	193029730	C	T	ATP13A5	Missense_Mutation	39	17	56	0.30357142857142855	2	1	1	0.7315	1	0.7315	0.7315	False	0.83	1.93
3	195245818	G	A	PPP1R2	Nonsense_Mutation	183	111	294	0.37755102040816324	2	1	1	0.9098	1	0.9098	0.9098	True	0.83	1.93
3	195701399	G	A	SDHAP1	RNA	543	96	639	0.15023474178403756	2	1	1	0.362	1	0.362	0.362	False	0.83	1.93
3	195955749	G	A	SLC51A	Silent	489	360	849	0.42402826855123676	2	1	1	1.0218	1	1.0218	1.0	True	0.83	1.93
4	676052	G	A	MFSD7	Missense_Mutation	158	36	194	0.18556701030927836	2	1	1	0.4471	1	0.4471	0.4471	False	0.83	1.93
4	758838	A	T	PCGF3	Missense_Mutation	199	258	457	0.5645514223194749	2	1	1	1.3604	1	1.3604	1.0	True	0.83	1.93
4	961364	G	A	DGKQ	Silent	487	105	592	0.17736486486486486	2	1	1	0.4274	1	0.4274	0.4274	False	0.83	1.93
4	1657423	C	T	FAM53A	Missense_Mutation	142	23	165	0.1393939393939394	2	2	1	0.3359	1	0.3359	0.3359	False	0.83	1.93
4	1808928	C	T	FGFR3	Missense_Mutation	125	37	162	0.22839506172839505	2	2	1	0.5503	1	0.5503	0.5503	False	0.83	1.93
4	2747233	G	A	TNIP2	Silent	167	228	395	0.5772151898734177	2	2	1	1.3909	1	1.3909	1.0	True	0.83	1.93
4	2749475	C	T	TNIP2	Silent	793	1162	1955	0.5943734015345269	2	2	1	1.4322	1	1.4322	1.0	True	0.83	1.93
4	2986330	C	T	GRK4	Missense_Mutation	131	27	158	0.17088607594936708	2	2	1	0.4118	1	0.4118	0.4118	False	0.83	1.93
4	5785473	C	T	EVC	Silent	68	14	82	0.17073170731707318	2	2	1	0.4114	1	0.4114	0.4114	False	0.83	1.93
4	8229602	G	A	SH3TC1	Silent	705	153	858	0.17832167832167833	2	2	1	0.4297	1	0.4297	0.4297	False	0.83	1.93
4	9784156	C	T	DRD5	Missense_Mutation	186	311	497	0.6257545271629779	2	2	1	1.5078	2	0.7539	0.7539	False	0.83	1.93
4	15067856	C	T	CPEB2	Missense_Mutation	99	16	115	0.1391304347826087	2	2	1	0.3353	1	0.3353	0.3353	False	0.83	1.93
4	17503480	G	T	QDPR	Missense_Mutation	169	219	388	0.5644329896907216	2	2	1	1.3601	1	1.3601	1.0	True	0.83	1.93
4	21699079	C	T	KCNIP4	Intron	8	16	24	0.6666666666666666	2	2	1	1.6064	2	0.8032	0.8032	False	0.83	1.93
4	23816198	T	C	PPARGC1A	Missense_Mutation	44	8	52	0.15384615384615385	2	2	1	0.3707	1	0.3707	0.3707	False	0.83	1.93
4	30724766	G	A	PCDH7	Silent	165	221	386	0.572538860103627	2	2	1	1.3796	1	1.3796	1.0	True	0.83	1.93
4	36230295	T	C	ARAP2	Missense_Mutation	123	5	128	0.0390625	2	2	1	0.0941	1	0.0941	0.0941	False	0.83	1.93
4	36230836	C	T	ARAP2	Silent	66	72	138	0.5217391304347826	2	2	1	1.2572	1	1.2572	1.0	True	0.83	1.93
4	37962566	T	G	PTTG2	Missense_Mutation	270	123	393	0.31297709923664124	2	2	1	0.7542	1	0.7542	0.7542	False	0.83	1.93
4	39033961	C	T	TMEM156	5'UTR	17	35	52	0.6730769230769231	2	2	1	1.6219	2	0.8109	0.8109	False	0.83	1.93
4	41682052	G	A	LIMCH1	Silent	14	9	23	0.391304347826087	2	2	1	0.9429	1	0.9429	0.9429	True	0.83	1.93
4	41946931	T	A	TMEM33	Missense_Mutation	188	40	228	0.17543859649122806	2	2	1	0.4227	1	0.4227	0.4227	False	0.83	1.93
4	47746416	T	C	CORIN	Intron	43	60	103	0.5825242718446602	2	2	1	1.4037	1	1.4037	1.0	True	0.83	1.93
4	52861761	C	T	LRRC66	Missense_Mutation	88	17	105	0.1619047619047619	2	2	1	0.3901	1	0.3901	0.3901	False	0.83	1.93
4	55139830	C	T	PDGFRA	Silent	139	23	162	0.1419753086419753	2	2	1	0.3421	1	0.3421	0.3421	False	0.83	1.93
4	57189571	C	T	KIAA1211	Silent	289	64	353	0.1813031161473088	2	2	1	0.4369	1	0.4369	0.4369	False	0.83	1.93
4	62598838	C	T	LPHN3	Missense_Mutation	15	5	20	0.25	2	2	1	0.6024	1	0.6024	0.6024	False	0.83	1.93
4	65274970	G	A	TECRL	Missense_Mutation	29	4	33	0.12121212121212122	2	2	1	0.2921	1	0.2921	0.2921	False	0.83	1.93
4	68385125	C	T	CENPC	Missense_Mutation	36	8	44	0.18181818181818182	2	2	1	0.4381	1	0.4381	0.4381	False	0.83	1.93
4	68795722	C	T	TMPRSS11A	Missense_Mutation	166	214	380	0.5631578947368421	2	2	1	1.357	1	1.357	1.0	True	0.83	1.93
4	68939712	G	A	TMPRSS11F	Nonsense_Mutation	9	21	30	0.7	2	2	1	1.6867	2	0.8434	0.8434	False	0.83	1.93
4	69096993	T	C	TMPRSS11B	Missense_Mutation	78	19	97	0.1958762886597938	2	2	1	0.472	1	0.472	0.472	False	0.83	1.93
4	69101751	C	T	TMPRSS11B	Missense_Mutation	21	23	44	0.5227272727272727	2	2	1	1.2596	1	1.2596	1.0	True	0.83	1.93
4	69798472	C	T	UGT2A3	Missense_Mutation	69	10	79	0.12658227848101267	2	2	1	0.305	1	0.305	0.305	False	0.83	1.93
4	70346242	G	A	UGT2B4	3'UTR	5	3	8	0.375	2	2	1	0.9036	1	0.9036	0.9036	True	0.83	1.93
4	70719964	G	A	SULT1E1	Missense_Mutation	136	38	174	0.21839080459770116	2	2	1	0.5262	1	0.5262	0.5262	False	0.83	1.93
4	71275649	G	A	PROL1	Missense_Mutation	370	78	448	0.17410714285714285	2	2	1	0.4195	1	0.4195	0.4195	False	0.83	1.93
4	71275869	A	G	PROL1	3'UTR	25	17	42	0.40476190476190477	2	2	1	0.9753	1	0.9753	0.9753	True	0.83	1.93
4	71471906	G	A	AMBN	Missense_Mutation	18	24	42	0.5714285714285714	2	2	1	1.3769	1	1.3769	1.0	True	0.83	1.93
4	74357752	G	A	AFM	Missense_Mutation	31	43	74	0.581081081081081	2	2	1	1.4002	1	1.4002	1.0	True	0.83	1.93
4	76896914	G	A	SDAD1	Silent	149	38	187	0.20320855614973263	2	2	1	0.4897	1	0.4897	0.4897	False	0.83	1.93
4	77476894	A	C	SHROOM3	Missense_Mutation	49	56	105	0.5333333333333333	2	2	1	1.2851	1	1.2851	1.0	True	0.83	1.93
4	77678072	C	T	SHROOM3	Missense_Mutation	110	146	256	0.5703125	2	2	1	1.3742	1	1.3742	1.0	True	0.83	1.93
4	78665876	A	G	CNOT6L	Missense_Mutation	20	23	43	0.5348837209302325	2	2	1	1.2889	1	1.2889	1.0	True	0.83	1.93
4	79173606	C	T	FRAS1	Nonsense_Mutation	44	16	60	0.26666666666666666	2	2	1	0.6426	1	0.6426	0.6426	False	0.83	1.93
4	80327602	C	T	GK2	3'UTR	36	5	41	0.12195121951219512	2	2	1	0.2939	1	0.2939	0.2939	False	0.83	1.93
4	81952627	C	T	BMP3	Silent	276	66	342	0.19298245614035087	2	2	1	0.465	1	0.465	0.465	False	0.83	1.93
4	82126170	G	A	PRKG2	Missense_Mutation	53	63	116	0.5431034482758621	2	2	1	1.3087	1	1.3087	1.0	True	0.83	1.93
4	83838849	C	T	THAP9	Missense_Mutation	139	173	312	0.5544871794871795	2	2	1	1.3361	1	1.3361	1.0	True	0.83	1.93
4	84222179	G	A	HPSE	Missense_Mutation	68	68	136	0.5	2	2	1	1.2048	1	1.2048	1.0	True	0.83	1.93
4	85416877	G	A	NKX6-1	Missense_Mutation	986	236	1222	0.19312602291325695	2	2	1	0.4654	1	0.4654	0.4654	False	0.83	1.93
4	85696089	G	A	WDFY3	Silent	77	126	203	0.6206896551724138	2	2	1	1.4956	1	1.4956	1.0	True	0.83	1.93
4	90171262	G	A	GPRIN3	5'UTR	187	36	223	0.16143497757847533	2	2	1	0.389	1	0.389	0.389	False	0.83	1.93
4	96052390	G	A	BMPR1B	Missense_Mutation	90	22	112	0.19642857142857142	2	2	1	0.4733	1	0.4733	0.4733	False	0.83	1.93
4	100047829	T	A	ADH4	Missense_Mutation	86	155	241	0.6431535269709544	2	2	1	1.5498	2	0.7749	0.7749	False	0.83	1.93
4	100268905	A	C	ADH1C	Missense_Mutation	39	41	80	0.5125	2	2	1	1.2349	1	1.2349	1.0	True	0.83	1.93
4	100527936	G	A	MTTP	Missense_Mutation	48	14	62	0.22580645161290322	2	2	1	0.5441	1	0.5441	0.5441	False	0.83	1.93
4	102946496	T	C	BANK1	Missense_Mutation	33	53	86	0.6162790697674418	2	2	1	1.485	1	1.485	1.0	True	0.83	1.93
4	103189214	G	A	SLC39A8	Missense_Mutation	171	42	213	0.19718309859154928	2	2	1	0.4751	1	0.4751	0.4751	False	0.83	1.93
4	110442617	C	T	SEC24B	Silent	125	27	152	0.17763157894736842	2	2	1	0.428	1	0.428	0.428	False	0.83	1.93
4	111397488	C	T	ENPEP	5'UTR	93	77	170	0.45294117647058824	2	2	1	1.0914	1	1.0914	1.0	True	0.83	1.93
4	118006426	C	T	TRAM1L1	Missense_Mutation	312	74	386	0.19170984455958548	2	2	1	0.462	1	0.462	0.462	False	0.83	1.93
4	119158332	C	T	NDST3	Missense_Mutation	100	80	180	0.4444444444444444	2	2	1	1.071	1	1.071	1.0	True	0.83	1.93
4	119948195	C	T	SYNPO2	Missense_Mutation	31	57	88	0.6477272727272727	2	2	1	1.5608	2	0.7804	0.7804	False	0.83	1.93
4	119948196	T	C	SYNPO2	Silent	31	55	86	0.6395348837209303	2	2	1	1.541	2	0.7705	0.7705	False	0.83	1.93
4	119951033	A	T	SYNPO2	Missense_Mutation	126	146	272	0.5367647058823529	2	2	1	1.2934	1	1.2934	1.0	True	0.83	1.93
4	126373919	G	A	FAT4	Silent	15	26	41	0.6341463414634146	2	2	1	1.5281	2	0.764	0.764	False	0.83	1.93
4	126411151	C	T	FAT4	Missense_Mutation	577	128	705	0.18156028368794327	2	2	1	0.4375	1	0.4375	0.4375	False	0.83	1.93
4	139157563	G	A	SLC7A11	Missense_Mutation	144	35	179	0.19553072625698323	2	2	0	0.4712	1	0.4712	0.4712	False	0.83	1.93
4	139983140	T	C	ELF2	Missense_Mutation	110	29	139	0.20863309352517986	2	2	0	0.5027	1	0.5027	0.5027	False	0.83	1.93
4	145573916	G	T	HHIP	Nonsense_Mutation	543	110	653	0.16845329249617153	2	2	0	0.4059	1	0.4059	0.4059	False	0.83	1.93
4	152053519	C	T	SH3D19	Silent	15	74	89	0.8314606741573034	2	2	0	2.0035	2	1.0018	1.0	True	0.83	1.93
4	152054201	C	A	SH3D19	Missense_Mutation	18	98	116	0.8448275862068966	2	2	0	2.0357	2	1.0179	1.0	True	0.83	1.93
4	153332598	G	A	FBXW7	Nonsense_Mutation	7	19	26	0.7307692307692307	2	2	0	1.7609	2	0.8804	0.8804	True	0.83	1.93
4	153897706	G	A	FHDC1	Missense_Mutation	77	266	343	0.7755102040816326	2	2	0	1.8687	2	0.9343	0.9343	True	0.83	1.93
4	156632228	G	A	GUCY1A3	Missense_Mutation	9	21	30	0.7	2	2	0	1.6867	2	0.8434	0.8434	False	0.83	1.93
4	166960592	T	A	TLL1	Silent	2	9	11	0.8181818181818182	2	2	0	1.9715	2	0.9858	0.9858	True	0.83	1.93
4	169189052	G	A	DDX60	Missense_Mutation	16	58	74	0.7837837837837838	2	2	0	1.8886	2	0.9443	0.9443	True	0.83	1.93
4	169197322	C	T	DDX60	Silent	19	60	79	0.759493670886076	2	2	0	1.8301	2	0.9151	0.9151	True	0.83	1.93
4	187525728	C	T	FAT1	Missense_Mutation	13	47	60	0.7833333333333333	2	2	0	1.8876	2	0.9438	0.9438	True	0.83	1.93
5	1064086	C	T	SLC12A7	Nonsense_Mutation	352	65	417	0.15587529976019185	1	1	0	0.2197	1	0.2197	0.2197	False	0.83	1.93
5	5146321	G	A	ADAMTS16	Missense_Mutation	234	49	283	0.17314487632508835	1	1	0	0.2441	1	0.2441	0.2441	False	0.83	1.93
5	9063217	C	T	SEMA5A	Missense_Mutation	28	17	45	0.37777777777777777	1	1	0	0.5325	1	0.5325	0.5325	False	0.83	1.93
5	9154633	G	A	SEMA5A	Missense_Mutation	42	24	66	0.36363636363636365	1	1	0	0.5126	1	0.5126	0.5126	False	0.83	1.93
5	10992670	G	A	CTNND2	Silent	177	181	358	0.505586592178771	1	1	0	0.7127	1	0.7127	0.7127	False	0.83	1.93
5	13753412	G	A	DNAH5	Missense_Mutation	31	11	42	0.2619047619047619	1	1	0	0.3692	1	0.3692	0.3692	False	0.83	1.93
5	13769624	C	T	DNAH5	Missense_Mutation	29	37	66	0.5606060606060606	1	1	0	0.7903	1	0.7903	0.7903	False	0.83	1.93
5	13883105	C	T	DNAH5	Missense_Mutation	82	27	109	0.24770642201834864	1	1	0	0.3492	1	0.3492	0.3492	False	0.83	1.93
5	23527858	C	T	PRDM9	Silent	9	16	25	0.64	1	1	0	0.9022	1	0.9022	0.9022	True	0.83	1.93
5	31294268	C	T	CDH6	Missense_Mutation	33	35	68	0.5147058823529411	1	1	0	0.7255	1	0.7255	0.7255	False	0.83	1.93
5	31305303	A	T	CDH6	Missense_Mutation	53	5	58	0.08620689655172414	1	1	0	0.1215	1	0.1215	0.1215	False	0.83	1.93
5	31526642	G	A	DROSHA	Missense_Mutation	102	17	119	0.14285714285714285	1	1	0	0.2014	1	0.2014	0.2014	False	0.83	1.93
5	31526643	G	A	DROSHA	Missense_Mutation	103	16	119	0.13445378151260504	1	1	0	0.1895	1	0.1895	0.1895	False	0.83	1.93
5	32074523	C	T	PDZD2	Missense_Mutation	209	41	250	0.164	1	1	0	0.2312	1	0.2312	0.2312	False	0.83	1.93
5	33989322	C	T	AMACR	Missense_Mutation	276	52	328	0.15853658536585366	1	1	0	0.2235	1	0.2235	0.2235	False	0.83	1.93
5	35065776	G	A	PRLR	Silent	99	63	162	0.3888888888888889	1	1	0	0.5482	1	0.5482	0.5482	False	0.83	1.93
5	35876323	G	A	IL7R	Missense_Mutation	53	7	60	0.11666666666666667	1	1	0	0.1645	1	0.1645	0.1645	False	0.83	1.93
5	38418331	G	A	EGFLAM	Missense_Mutation	13	20	33	0.6060606060606061	1	1	0	0.8543	1	0.8543	0.8543	True	0.83	1.93
5	38464144	C	T	EGFLAM	3'UTR	81	78	159	0.49056603773584906	1	1	0	0.6915	1	0.6915	0.6915	False	0.83	1.93
5	38482297	C	T	LIFR	Silent	45	34	79	0.43037974683544306	1	1	0	0.6067	1	0.6067	0.6067	False	0.83	1.93
5	38924674	G	A	OSMR	Missense_Mutation	57	55	112	0.49107142857142855	1	1	0	0.6922	1	0.6922	0.6922	False	0.83	1.93
5	39153647	G	A	FYB	Missense_Mutation	202	70	272	0.25735294117647056	1	1	0	0.3628	1	0.3628	0.3628	False	0.83	1.93
5	41840595	G	T	OXCT1	Missense_Mutation	32	28	60	0.4666666666666667	1	1	0	0.6578	1	0.6578	0.6578	False	0.83	1.93
5	42719241	C	T	GHR	Silent	29	4	33	0.12121212121212122	1	1	0	0.1709	1	0.1709	0.1709	False	0.83	1.93
5	43486958	A	T	C5orf34	3'UTR	72	20	92	0.21739130434782608	1	1	0	0.3064	1	0.3064	0.3064	False	0.83	1.93
5	43619149	C	T	NNT	Silent	106	23	129	0.17829457364341086	1	1	0	0.2513	1	0.2513	0.2513	False	0.83	1.93
5	45645578	G	A	HCN1	Silent	45	44	89	0.4943820224719101	1	1	0	0.6969	1	0.6969	0.6969	False	0.83	1.93
5	54403645	T	C	GZMA	Missense_Mutation	24	12	36	0.3333333333333333	1	1	0	0.4699	1	0.4699	0.4699	False	0.83	1.93
5	54552319	G	A	DHX29	Silent	25	18	43	0.4186046511627907	1	1	0	0.5901	1	0.5901	0.5901	False	0.83	1.93
5	54923779	A	T	SLC38A9	Missense_Mutation	68	69	137	0.5036496350364964	1	1	0	0.71	1	0.71	0.71	False	0.83	1.93
5	73931914	G	A	ENC1	Missense_Mutation	451	84	535	0.15700934579439252	1	1	0	0.2213	1	0.2213	0.2213	False	0.83	1.93
5	78076340	G	A	ARSB	Silent	99	23	122	0.1885245901639344	1	1	0	0.2658	1	0.2658	0.2658	False	0.83	1.93
5	82833200	G	A	VCAN	Missense_Mutation	21	11	32	0.34375	1	1	0	0.4846	1	0.4846	0.4846	False	0.83	1.93
5	90136565	C	T	GPR98	Silent	557	132	689	0.19158200290275762	1	1	0	0.2701	1	0.2701	0.2701	False	0.83	1.93
5	90144634	G	A	GPR98	Missense_Mutation	204	189	393	0.48091603053435117	1	1	0	0.6779	1	0.6779	0.6779	False	0.83	1.93
5	95735809	C	T	PCSK1	Nonsense_Mutation	74	57	131	0.4351145038167939	1	1	0	0.6134	1	0.6134	0.6134	False	0.83	1.93
5	101834498	C	T	SLCO6A1	Silent	1046	202	1248	0.16185897435897437	1	1	0	0.2282	1	0.2282	0.2282	False	0.83	1.93
5	111066742	C	T	NREP	Missense_Mutation	12	7	19	0.3684210526315789	1	1	0	0.5193	1	0.5193	0.5193	False	0.83	1.93
5	115783481	C	T	SEMA6A	Missense_Mutation	109	26	135	0.1925925925925926	1	1	0	0.2715	1	0.2715	0.2715	False	0.83	1.93
5	121356448	T	A	SRFBP1	Missense_Mutation	11	4	15	0.26666666666666666	1	1	0	0.3759	1	0.3759	0.3759	False	0.83	1.93
5	126784839	A	C	MEGF10	Missense_Mutation	109	23	132	0.17424242424242425	1	1	0	0.2456	1	0.2456	0.2456	False	0.83	1.93
5	131303687	G	A	ACSL6	Silent	68	85	153	0.5555555555555556	1	1	0	0.7831	1	0.7831	0.7831	False	0.83	1.93
5	131671556	G	A	SLC22A4	Missense_Mutation	198	138	336	0.4107142857142857	1	1	0	0.579	1	0.579	0.579	False	0.83	1.93
5	134782188	G	A	C5orf20	Missense_Mutation	49	113	162	0.6975308641975309	1	1	0	0.9833	1	0.9833	0.9833	True	0.83	1.93
5	137733895	C	T	KDM3B	Missense_Mutation	46	83	129	0.6434108527131783	1	1	0	0.907	1	0.907	0.907	True	0.83	1.93
5	140481048	G	A	PCDHB3	Missense_Mutation	218	414	632	0.6550632911392406	1	1	0	0.9234	1	0.9234	0.9234	True	0.83	1.93
5	140764321	G	A	PCDHGA7	Missense_Mutation	116	253	369	0.6856368563685636	1	1	0	0.9665	1	0.9665	0.9665	True	0.83	1.93
5	140802553	T	A	PCDHGA11	Missense_Mutation	256	467	723	0.6459197786998617	1	1	0	0.9105	1	0.9105	0.9105	True	0.83	1.93
5	141008152	G	A	HDAC3	Missense_Mutation	112	235	347	0.6772334293948127	1	1	0	0.9547	1	0.9547	0.9547	True	0.83	1.93
5	145442149	G	A	SH3RF2	Missense_Mutation	81	69	150	0.46	1	1	0	0.6484	1	0.6484	0.6484	False	0.83	1.93
5	147019254	C	T	JAKMIP2	Missense_Mutation	170	226	396	0.5707070707070707	1	1	0	0.8045	1	0.8045	0.8045	False	0.83	1.93
5	149264377	T	A	PDE6A	Missense_Mutation	34	81	115	0.7043478260869566	1	1	0	0.9929	1	0.9929	0.9929	True	0.83	1.93
5	150029654	C	T	SYNPO	Missense_Mutation	202	390	592	0.6587837837837838	1	1	0	0.9286	1	0.9286	0.9286	True	0.83	1.93
5	150672984	C	T	SLC36A3	Silent	18	23	41	0.5609756097560976	1	1	0	0.7908	1	0.7908	0.7908	False	0.83	1.93
5	150696555	G	A	SLC36A2	Silent	30	52	82	0.6341463414634146	1	1	0	0.8939	1	0.8939	0.8939	True	0.83	1.93
5	150929002	C	T	FAT2	Missense_Mutation	24	41	65	0.6307692307692307	1	1	0	0.8892	1	0.8892	0.8892	True	0.83	1.93
5	150929003	C	T	FAT2	Missense_Mutation	24	41	65	0.6307692307692307	1	1	0	0.8892	1	0.8892	0.8892	True	0.83	1.93
5	153054110	G	A	GRIA1	Silent	33	56	89	0.6292134831460674	1	1	0	0.887	1	0.887	0.887	True	0.83	1.93
5	156723780	C	T	CYFIP2	Nonsense_Mutation	94	147	241	0.6099585062240664	1	1	0	0.8598	1	0.8598	0.8598	True	0.83	1.93
5	168098256	G	A	SLIT3	Silent	78	158	236	0.6694915254237288	1	1	0	0.9437	1	0.9437	0.9437	True	0.83	1.93
5	169720331	C	T	LCP2	Missense_Mutation	5	11	16	0.6875	1	1	0	0.9691	1	0.9691	0.9691	True	0.83	1.93
5	175111324	A	C	HRH2	Intron	180	285	465	0.6129032258064516	1	1	0	0.864	1	0.864	0.864	True	0.83	1.93
5	176885602	G	A	DBN1	Silent	72	139	211	0.6587677725118484	1	1	0	0.9286	1	0.9286	0.9286	True	0.83	1.93
5	177636398	G	A	HNRNPAB	Missense_Mutation	124	218	342	0.6374269005847953	1	1	0	0.8985	1	0.8985	0.8985	True	0.83	1.93
5	178391739	G	A	ZNF454	Missense_Mutation	28	46	74	0.6216216216216216	1	1	0	0.8763	1	0.8763	0.8763	True	0.83	1.93
5	179264662	G	A	C5orf45	Missense_Mutation	150	265	415	0.6385542168674698	1	1	0	0.9001	1	0.9001	0.9001	True	0.83	1.93
5	179264663	G	A	C5orf45	Missense_Mutation	153	266	419	0.6348448687350835	1	1	0	0.8949	1	0.8949	0.8949	True	0.83	1.93
5	180056259	C	T	FLT4	Missense_Mutation	213	202	415	0.4867469879518072	1	1	0	0.6861	1	0.6861	0.6861	False	0.83	1.93
5	180166799	C	T	OR2Y1	Missense_Mutation	205	30	235	0.1276595744680851	1	1	0	0.18	1	0.18	0.18	False	0.83	1.93
6	3154135	C	T	TUBB2A	Missense_Mutation	562	237	799	0.29662077596996245	2	1	1	0.7147	1	0.7147	0.7147	False	0.83	1.93
6	5999216	G	A	NRN1	Missense_Mutation	104	64	168	0.38095238095238093	2	1	1	0.918	1	0.918	0.918	True	0.83	1.93
6	7583110	C	T	DSP	Missense_Mutation	297	168	465	0.36129032258064514	2	1	1	0.8706	1	0.8706	0.8706	True	0.83	1.93
6	10419776	C	T	TFAP2A	5'Flank	273	182	455	0.4	2	1	1	0.9639	1	0.9639	0.9639	True	0.83	1.93
6	24291202	C	T	DCDC2	Missense_Mutation	58	26	84	0.30952380952380953	2	1	1	0.7458	1	0.7458	0.7458	False	0.83	1.93
6	24875981	G	A	FAM65B	Silent	18	9	27	0.3333333333333333	2	1	1	0.8032	1	0.8032	0.8032	False	0.83	1.93
6	24875982	G	A	FAM65B	Missense_Mutation	18	9	27	0.3333333333333333	2	1	1	0.8032	1	0.8032	0.8032	False	0.83	1.93
6	26021002	G	A	HIST1H3A	Silent	237	158	395	0.4	2	1	1	0.9639	1	0.9639	0.9639	True	0.83	1.93
6	28268620	C	T	PGBD1	Missense_Mutation	86	43	129	0.3333333333333333	2	1	1	0.8032	1	0.8032	0.8032	False	0.83	1.93
6	28887960	G	A	TRIM27	Silent	802	495	1297	0.38164996144949886	2	1	1	0.9196	1	0.9196	0.9196	True	0.83	1.93
6	28887961	G	A	TRIM27	Missense_Mutation	792	493	1285	0.38365758754863816	2	1	1	0.9245	1	0.9245	0.9245	True	0.83	1.93
6	29012512	C	T	OR2W1	Missense_Mutation	126	76	202	0.37623762376237624	2	1	1	0.9066	1	0.9066	0.9066	True	0.83	1.93
6	29323164	T	A	OR5V1	Missense_Mutation	133	59	192	0.3072916666666667	2	1	1	0.7405	1	0.7405	0.7405	False	0.83	1.93
6	29408527	C	T	OR10C1	Silent	947	570	1517	0.37574159525379036	2	1	1	0.9054	1	0.9054	0.9054	True	0.83	1.93
6	29627395	C	T	MOG	Nonsense_Mutation	91	44	135	0.32592592592592595	2	1	1	0.7854	1	0.7854	0.7854	False	0.83	1.93
6	30569809	G	A	PPP1R10	Nonsense_Mutation	242	148	390	0.37948717948717947	2	1	1	0.9144	1	0.9144	0.9144	True	0.83	1.93
6	31079247	G	A	C6orf15	Missense_Mutation	152	106	258	0.4108527131782946	2	1	1	0.99	1	0.99	0.99	True	0.83	1.93
6	31107725	C	T	PSORS1C1	3'UTR	650	255	905	0.281767955801105	2	1	1	0.679	1	0.679	0.679	False	0.83	1.93
6	31107726	C	T	PSORS1C1	3'UTR	651	248	899	0.27586206896551724	2	1	1	0.6647	1	0.6647	0.6647	False	0.83	1.93
6	31599065	A	C	PRRC2A	Missense_Mutation	388	176	564	0.3120567375886525	2	1	1	0.7519	1	0.7519	0.7519	False	0.83	1.93
6	31711766	C	T	MSH5	Silent	2187	1367	3554	0.3846370287000563	2	1	1	0.9268	1	0.9268	0.9268	True	0.83	1.93
6	31749511	G	A	VARS	Missense_Mutation	1113	655	1768	0.37047511312217196	2	1	1	0.8927	1	0.8927	0.8927	True	0.83	1.93
6	31930493	C	T	SKIV2L	Missense_Mutation	2085	1355	3440	0.3938953488372093	2	1	1	0.9491	1	0.9491	0.9491	True	0.83	1.93
6	32041447	G	A	RNA5SP206	3'Flank	1416	917	2333	0.39305615087869694	2	1	1	0.9471	1	0.9471	0.9471	True	0.83	1.93
6	32046957	C	T	RNA5SP206	5'Flank	2478	1546	4024	0.3841948310139165	2	1	1	0.9258	1	0.9258	0.9258	True	0.83	1.93
6	33146224	C	T	COL11A2	Silent	978	625	1603	0.3898939488459139	2	1	1	0.9395	1	0.9395	0.9395	True	0.83	1.93
6	33385710	G	A	CUTA	Intron	92	74	166	0.4457831325301205	2	1	1	1.0742	1	1.0742	1.0	True	0.83	1.93
6	34949602	C	T	ANKS1A	Silent	95	64	159	0.4025157232704403	2	1	1	0.9699	1	0.9699	0.9699	True	0.83	1.93
6	35434167	C	T	FANCE	3'UTR	214	175	389	0.4498714652956298	2	1	1	1.084	1	1.084	1.0	True	0.83	1.93
6	35755834	C	T	CLPSL1	3'UTR	378	80	458	0.17467248908296942	2	1	1	0.4209	1	0.4209	0.4209	False	0.83	1.93
6	35763000	C	T	CLPS	Missense_Mutation	530	187	717	0.2608089260808926	2	1	1	0.6285	1	0.6285	0.6285	False	0.83	1.93
6	35773671	C	T	LHFPL5	Missense_Mutation	1037	631	1668	0.37829736211031173	2	1	1	0.9116	1	0.9116	0.9116	True	0.83	1.93
6	36196743	C	T	BRPF3	Missense_Mutation	195	72	267	0.2696629213483146	2	1	1	0.6498	1	0.6498	0.6498	False	0.83	1.93
6	36298017	C	T	C6orf222	Missense_Mutation	162	88	250	0.352	2	1	1	0.8482	1	0.8482	0.8482	False	0.83	1.93
6	36983600	C	T	FGD2	Silent	54	27	81	0.3333333333333333	2	1	1	0.8032	1	0.8032	0.8032	False	0.83	1.93
6	38723833	G	A	DNAH8	Missense_Mutation	70	26	96	0.2708333333333333	2	1	1	0.6526	1	0.6526	0.6526	False	0.83	1.93
6	38810519	C	T	DNAH8	Missense_Mutation	35	24	59	0.4067796610169492	2	1	1	0.9802	1	0.9802	0.9802	True	0.83	1.93
6	38885165	T	G	DNAH8	Missense_Mutation	29	15	44	0.3409090909090909	2	1	1	0.8215	1	0.8215	0.8215	False	0.83	1.93
6	39846280	G	A	DAAM2	Silent	22	11	33	0.3333333333333333	2	1	1	0.8032	1	0.8032	0.8032	False	0.83	1.93
6	41196546	C	T	TREML4	Missense_Mutation	167	107	274	0.3905109489051095	2	1	1	0.941	1	0.941	0.941	True	0.83	1.93
6	41304018	A	C	NCR2	Silent	107	54	161	0.33540372670807456	2	1	1	0.8082	1	0.8082	0.8082	False	0.83	1.93
6	41565545	C	T	FOXP4	Silent	125	68	193	0.35233160621761656	2	1	1	0.849	1	0.849	0.849	False	0.83	1.93
6	41565546	C	A	FOXP4	Missense_Mutation	127	70	197	0.3553299492385787	2	1	1	0.8562	1	0.8562	0.8562	True	0.83	1.93
6	41897973	C	T	BYSL	Missense_Mutation	216	122	338	0.3609467455621302	2	1	1	0.8698	1	0.8698	0.8698	True	0.83	1.93
6	43230740	C	T	TTBK1	Silent	142	69	211	0.32701421800947866	2	1	1	0.788	1	0.788	0.788	False	0.83	1.93
6	43250912	G	A	TTBK1	Missense_Mutation	45	30	75	0.4	2	1	1	0.9639	1	0.9639	0.9639	True	0.83	1.93
6	43266304	C	T	SLC22A7	Missense_Mutation	232	113	345	0.32753623188405795	2	1	1	0.7892	1	0.7892	0.7892	False	0.83	1.93
6	43745284	C	T	VEGFA	Missense_Mutation	293	205	498	0.41164658634538154	2	1	1	0.9919	1	0.9919	0.9919	True	0.83	1.93
6	44198583	A	G	SLC29A1	Silent	1027	530	1557	0.340398201669878	2	1	1	0.8202	1	0.8202	0.8202	False	0.83	1.93
6	44320496	G	A	SPATS1	Missense_Mutation	109	72	181	0.39779005524861877	2	1	1	0.9585	1	0.9585	0.9585	True	0.83	1.93
6	46623599	C	T	SLC25A27	Silent	321	173	494	0.35020242914979755	2	1	1	0.8439	1	0.8439	0.8439	False	0.83	1.93
6	46847631	C	T	GPR116	Silent	46	25	71	0.352112676056338	2	1	1	0.8485	1	0.8485	0.8485	False	0.83	1.93
6	49585872	C	T	RHAG	Missense_Mutation	110	42	152	0.27631578947368424	2	1	1	0.6658	1	0.6658	0.6658	False	0.83	1.93
6	49986678	C	T	DEFB110	3'UTR	30	11	41	0.2682926829268293	2	1	1	0.6465	1	0.6465	0.6465	False	0.83	1.93
6	52656542	G	A	GSTA1	3'UTR	59	36	95	0.37894736842105264	2	1	1	0.9131	1	0.9131	0.9131	True	0.83	1.93
6	54804673	G	A	FAM83B	Missense_Mutation	22	14	36	0.3888888888888889	2	1	1	0.9371	1	0.9371	0.9371	True	0.83	1.93
6	55120104	G	A	HCRTR2	Missense_Mutation	33	16	49	0.32653061224489793	2	1	1	0.7868	1	0.7868	0.7868	False	0.83	1.93
6	55638936	C	T	BMP5	Missense_Mutation	51	35	86	0.4069767441860465	2	1	1	0.9807	1	0.9807	0.9807	True	0.83	1.93
6	57006886	C	T	ZNF451	Missense_Mutation	67	49	116	0.4224137931034483	2	1	1	1.0179	1	1.0179	1.0	True	0.83	1.93
6	62887131	G	A	KHDRBS2	Missense_Mutation	11	5	16	0.3125	2	1	1	0.753	1	0.753	0.753	False	0.83	1.93
6	70034864	G	A	BAI3	Missense_Mutation	80	28	108	0.25925925925925924	2	1	1	0.6247	1	0.6247	0.6247	False	0.83	1.93
6	72955546	C	G	RIMS1	Missense_Mutation	21	4	25	0.16	1	1	0	0.2255	1	0.2255	0.2255	False	0.83	1.93
6	73787572	G	A	KCNQ5	Missense_Mutation	6	14	20	0.7	1	1	0	0.9867	1	0.9867	0.9867	True	0.83	1.93
6	76412655	G	A	SENP6	Silent	28	66	94	0.7021276595744681	1	1	0	0.9897	1	0.9897	0.9897	True	0.83	1.93
6	83847746	C	T	DOPEY1	Silent	13	11	24	0.4583333333333333	1	1	0	0.6461	1	0.6461	0.6461	False	0.83	1.93
6	86324599	G	A	SYNCRIP	Nonsense_Mutation	130	224	354	0.632768361581921	1	1	0	0.892	1	0.892	0.892	True	0.83	1.93
6	87725874	C	T	HTR1E	Silent	185	328	513	0.6393762183235867	1	1	0	0.9013	1	0.9013	0.9013	True	0.83	1.93
6	93979364	C	T	EPHA7	Silent	40	70	110	0.6363636363636364	1	1	0	0.897	1	0.897	0.897	True	0.83	1.93
6	117201821	C	T	RFX6	Silent	61	119	180	0.6611111111111111	1	1	0	0.9319	1	0.9319	0.9319	True	0.83	1.93
6	117641174	C	T	ROS1	Missense_Mutation	5	9	14	0.6428571428571429	1	1	0	0.9062	1	0.9062	0.9062	True	0.83	1.93
6	117687279	A	G	ROS1	Silent	118	219	337	0.6498516320474778	1	1	0	0.9161	1	0.9161	0.9161	True	0.83	1.93
6	130762608	G	A	TMEM200A	Silent	5	15	20	0.75	1	1	0	1.0572	1	1.0572	1.0	True	0.83	1.93
6	132029987	G	A	CTAGE9	Missense_Mutation	446	315	761	0.41392904073587383	1	1	0	0.5835	1	0.5835	0.5835	False	0.83	1.93
6	132939186	G	A	TAAR2	Silent	7	16	23	0.6956521739130435	1	1	0	0.9806	1	0.9806	0.9806	True	0.83	1.93
6	136502373	G	A	PDE7B	Silent	126	193	319	0.6050156739811913	1	1	0	0.8529	1	0.8529	0.8529	True	0.83	1.93
6	136502374	A	T	PDE7B	Nonsense_Mutation	129	196	325	0.6030769230769231	1	1	0	0.8501	1	0.8501	0.8501	True	0.83	1.93
6	136599099	G	A	BCLAF1	Missense_Mutation	50	58	108	0.5370370370370371	1	1	0	0.757	1	0.757	0.757	False	0.83	1.93
6	136913610	T	A	MAP3K5	Missense_Mutation	60	137	197	0.6954314720812182	1	1	0	0.9803	1	0.9803	0.9803	True	0.83	1.93
6	137519434	A	C	IFNGR1	Missense_Mutation	20	39	59	0.6610169491525424	1	1	0	0.9318	1	0.9318	0.9318	True	0.83	1.93
6	144811249	G	A	UTRN	Missense_Mutation	158	282	440	0.6409090909090909	1	1	0	0.9035	1	0.9035	0.9035	True	0.83	1.93
6	151789520	G	A	C6orf211	Missense_Mutation	50	99	149	0.6644295302013423	1	1	0	0.9366	1	0.9366	0.9366	True	0.83	1.93
6	151789521	G	A	C6orf211	Missense_Mutation	50	96	146	0.6575342465753424	1	1	0	0.9269	1	0.9269	0.9269	True	0.83	1.93
6	152647134	A	G	SYNE1	Missense_Mutation	68	76	144	0.5277777777777778	1	1	0	0.744	1	0.744	0.744	False	0.83	1.93
6	153019226	C	T	MYCT1	Silent	23	17	40	0.425	1	1	0	0.5991	1	0.5991	0.5991	False	0.83	1.93
6	153019227	T	A	MYCT1	Missense_Mutation	23	17	40	0.425	1	1	0	0.5991	1	0.5991	0.5991	False	0.83	1.93
6	155450878	G	A	TIAM2	Missense_Mutation	37	58	95	0.6105263157894737	1	1	0	0.8606	1	0.8606	0.8606	True	0.83	1.93
6	157521970	G	A	ARID1B	Silent	78	114	192	0.59375	1	1	0	0.837	1	0.837	0.837	False	0.83	1.93
6	157521971	G	A	ARID1B	Missense_Mutation	77	112	189	0.5925925925925926	1	1	0	0.8353	1	0.8353	0.8353	False	0.83	1.93
6	159672449	G	A	FNDC1	Silent	14	22	36	0.6111111111111112	1	1	0	0.8614	1	0.8614	0.8614	True	0.83	1.93
6	160999693	G	A	LPA	Missense_Mutation	7	15	22	0.6818181818181818	1	1	0	0.9611	1	0.9611	0.9611	True	0.83	1.93
6	161020670	C	T	LPA	Missense_Mutation	10	36	46	0.782608695652174	1	1	0	1.1032	1	1.1032	1.0	True	0.83	1.93
6	166743718	G	A	SFT2D1	Silent	22	48	70	0.6857142857142857	1	1	0	0.9666	1	0.9666	0.9666	True	0.83	1.93
6	167721271	G	A	UNC93A	Silent	134	125	259	0.4826254826254826	1	1	0	0.6803	1	0.6803	0.6803	False	0.83	1.93
6	167721272	G	A	UNC93A	Missense_Mutation	133	125	258	0.4844961240310077	1	1	0	0.683	1	0.683	0.683	False	0.83	1.93
6	170594138	C	T	DLL1	Missense_Mutation	118	225	343	0.6559766763848397	1	1	0	0.9247	1	0.9247	0.9247	True	0.83	1.93
7	1097781	C	T	GPR146	Silent	109	60	169	0.35502958579881655	2	1	1	0.8555	1	0.8555	0.8555	True	0.83	1.93
7	2692625	G	A	TTYH3	Nonsense_Mutation	105	49	154	0.3181818181818182	2	1	1	0.7667	1	0.7667	0.7667	False	0.83	1.93
7	2748707	A	G	AMZ1	Splice_Site	236	107	343	0.3119533527696793	2	1	1	0.7517	1	0.7517	0.7517	False	0.83	1.93
7	3681621	G	A	SDK1	Silent	175	66	241	0.27385892116182575	2	1	1	0.6599	1	0.6599	0.6599	False	0.83	1.93
7	4051792	A	T	SDK1	Missense_Mutation	426	209	635	0.3291338582677165	2	1	1	0.7931	1	0.7931	0.7931	False	0.83	1.93
7	4259903	G	A	SDK1	Splice_Site	412	213	625	0.3408	2	1	1	0.8212	1	0.8212	0.8212	False	0.83	1.93
7	4900186	G	A	PAPOLB	Missense_Mutation	1642	1008	2650	0.38037735849056603	2	1	1	0.9166	1	0.9166	0.9166	True	0.83	1.93
7	5338755	G	A	SLC29A4	Missense_Mutation	139	94	233	0.4034334763948498	2	1	1	0.9721	1	0.9721	0.9721	True	0.83	1.93
7	6628595	C	T	ZDHHC4	3'UTR	525	319	844	0.37796208530805686	2	1	1	0.9108	1	0.9108	0.9108	True	0.83	1.93
7	7278205	G	A	C1GALT1	Silent	82	59	141	0.41843971631205673	2	1	1	1.0083	1	1.0083	1.0	True	0.83	1.93
7	13971355	C	T	ETV1	Missense_Mutation	72	46	118	0.3898305084745763	2	1	1	0.9394	1	0.9394	0.9394	True	0.83	1.93
7	16725628	C	T	BZW2	Silent	13	10	23	0.43478260869565216	2	1	1	1.0477	1	1.0477	1.0	True	0.83	1.93
7	18767289	C	T	HDAC9	Silent	27	20	47	0.425531914893617	2	1	1	1.0254	1	1.0254	1.0	True	0.83	1.93
7	21723441	C	T	DNAH11	Missense_Mutation	204	105	309	0.33980582524271846	2	1	1	0.8188	1	0.8188	0.8188	False	0.83	1.93
7	21789384	G	A	DNAH11	Missense_Mutation	16	12	28	0.42857142857142855	2	1	1	1.0327	1	1.0327	1.0	True	0.83	1.93
7	22162022	G	A	RAPGEF5	3'UTR	23	7	30	0.23333333333333334	2	1	1	0.5622	1	0.5622	0.5622	False	0.83	1.93
7	23352044	C	T	IGF2BP3	Silent	336	180	516	0.3488372093023256	2	1	1	0.8406	1	0.8406	0.8406	False	0.83	1.93
7	23811884	G	A	STK31	Missense_Mutation	34	26	60	0.43333333333333335	2	1	1	1.0442	1	1.0442	1.0	True	0.83	1.93
7	24705247	C	A	MPP6	Missense_Mutation	19	14	33	0.42424242424242425	2	1	1	1.0223	1	1.0223	1.0	True	0.83	1.93
7	24742400	G	A	DFNA5	Silent	281	184	465	0.3956989247311828	2	1	1	0.9535	1	0.9535	0.9535	True	0.83	1.93
7	27140431	C	T	HOXA2	Missense_Mutation	664	406	1070	0.3794392523364486	2	1	1	0.9143	1	0.9143	0.9143	True	0.83	1.93
7	30492470	G	A	NOD1	Missense_Mutation	439	303	742	0.408355795148248	2	1	1	0.984	1	0.984	0.984	True	0.83	1.93
7	30963570	C	T	AQP1	3'UTR	78	42	120	0.35	2	1	1	0.8434	1	0.8434	0.8434	False	0.83	1.93
7	31792881	G	A	PDE1C	3'UTR	43	19	62	0.3064516129032258	2	1	1	0.7384	1	0.7384	0.7384	False	0.83	1.93
7	31829807	G	A	PDE1C	Intron	17	9	26	0.34615384615384615	2	1	1	0.8341	1	0.8341	0.8341	False	0.83	1.93
7	32209401	A	G	PDE1C	Missense_Mutation	34	18	52	0.34615384615384615	2	1	1	0.8341	1	0.8341	0.8341	False	0.83	1.93
7	34118669	G	A	BMPER	Missense_Mutation	543	388	931	0.4167561761546724	2	1	1	1.0042	1	1.0042	1.0	True	0.83	1.93
7	36657925	T	A	AOAH	Silent	50	37	87	0.42528735632183906	2	1	1	1.0248	1	1.0248	1.0	True	0.83	1.93
7	38725323	C	T	FAM183B	Missense_Mutation	207	111	318	0.3490566037735849	2	1	1	0.8411	1	0.8411	0.8411	False	0.83	1.93
7	39379267	C	T	POU6F2	Nonsense_Mutation	134	74	208	0.3557692307692308	2	1	1	0.8573	1	0.8573	0.8573	True	0.83	1.93
7	40041554	T	C	CDK13	Silent	75	28	103	0.27184466019417475	2	1	1	0.655	1	0.655	0.655	False	0.83	1.93
7	44735718	C	T	OGDH	Missense_Mutation	167	93	260	0.3576923076923077	2	1	1	0.8619	1	0.8619	0.8619	True	0.83	1.93
7	45104163	C	T	CCM2	Silent	105	68	173	0.3930635838150289	2	1	1	0.9471	1	0.9471	0.9471	True	0.83	1.93
7	45750222	G	A	ADCY1	Missense_Mutation	219	139	358	0.388268156424581	2	1	1	0.9356	1	0.9356	0.9356	True	0.83	1.93
7	50367321	G	A	IKZF1	Missense_Mutation	26	30	56	0.5357142857142857	2	1	1	1.2909	1	1.2909	1.0	True	0.83	1.93
7	53103641	G	A	POM121L12	Missense_Mutation	160	97	257	0.377431906614786	2	1	1	0.9095	1	0.9095	0.9095	True	0.83	1.93
7	54617633	G	A	VSTM2A	Missense_Mutation	119	90	209	0.430622009569378	2	1	1	1.0376	1	1.0376	1.0	True	0.83	1.93
7	56174183	G	A	CHCHD2	5'UTR	143	116	259	0.44787644787644787	2	1	1	1.0792	1	1.0792	1.0	True	0.83	1.93
7	66103255	C	T	KCTD7	Missense_Mutation	457	278	735	0.3782312925170068	2	1	1	0.9114	1	0.9114	0.9114	True	0.83	1.93
7	70250942	G	A	AUTS2	Silent	419	15	434	0.03456221198156682	2	1	1	0.0833	1	0.0833	0.0833	False	0.83	1.93
7	71488686	G	A	CALN1	Missense_Mutation	254	160	414	0.3864734299516908	2	1	1	0.9313	1	0.9313	0.9313	True	0.83	1.93
7	74303873	G	A	STAG3L2	RNA	408	918	1326	0.6923076923076923	2	1	1	1.6682	1	1.6682	1.0	True	0.83	1.93
7	75398992	G	A	CCL26	3'UTR	49	37	86	0.43023255813953487	2	1	1	1.0367	1	1.0367	1.0	True	0.83	1.93
7	75398993	G	A	CCL26	3'UTR	50	37	87	0.42528735632183906	2	1	1	1.0248	1	1.0248	1.0	True	0.83	1.93
7	77973208	C	T	MAGI2	Missense_Mutation	77	28	105	0.26666666666666666	2	1	1	0.6426	1	0.6426	0.6426	False	0.83	1.93
7	78256514	C	T	MAGI2	Missense_Mutation	68	27	95	0.28421052631578947	2	1	1	0.6848	1	0.6848	0.6848	False	0.83	1.93
7	82476488	T	A	PCLO	Missense_Mutation	10	7	17	0.4117647058823529	2	1	1	0.9922	1	0.9922	0.9922	True	0.83	1.93
7	82544124	C	T	PCLO	Missense_Mutation	11	12	23	0.5217391304347826	2	1	1	1.2572	1	1.2572	1.0	True	0.83	1.93
7	82579048	G	A	PCLO	Missense_Mutation	69	35	104	0.33653846153846156	2	1	1	0.8109	1	0.8109	0.8109	False	0.83	1.93
7	82583374	C	T	PCLO	Missense_Mutation	89	67	156	0.42948717948717946	2	1	1	1.0349	1	1.0349	1.0	True	0.83	1.93
7	82585116	G	A	PCLO	Missense_Mutation	28	19	47	0.40425531914893614	2	1	1	0.9741	1	0.9741	0.9741	True	0.83	1.93
7	82595334	G	A	PCLO	Missense_Mutation	93	67	160	0.41875	2	1	1	1.009	1	1.009	1.0	True	0.83	1.93
7	87329745	A	G	RUNDC3B	Missense_Mutation	27	20	47	0.425531914893617	2	1	1	1.0254	1	1.0254	1.0	True	0.83	1.93
7	89854414	G	A	STEAP2	Missense_Mutation	186	98	284	0.34507042253521125	2	1	1	0.8315	1	0.8315	0.8315	False	0.83	1.93
7	89982181	G	A	GTPBP10	Missense_Mutation	169	81	250	0.324	2	1	1	0.7807	1	0.7807	0.7807	False	0.83	1.93
7	89982182	G	A	GTPBP10	Missense_Mutation	170	80	250	0.32	2	1	1	0.7711	1	0.7711	0.7711	False	0.83	1.93
7	90741984	G	A	CDK14	Missense_Mutation	10	16	26	0.6153846153846154	2	1	1	1.4829	1	1.4829	1.0	True	0.83	1.93
7	92762391	C	T	SAMD9L	Missense_Mutation	20	5	25	0.2	2	1	1	0.4819	1	0.4819	0.4819	False	0.83	1.93
7	92762826	G	A	SAMD9L	Missense_Mutation	36	17	53	0.32075471698113206	2	1	1	0.7729	1	0.7729	0.7729	False	0.83	1.93
7	93090138	C	T	CALCR	Missense_Mutation	18	9	27	0.3333333333333333	2	1	1	0.8032	1	0.8032	0.8032	False	0.83	1.93
7	93090202	C	T	CALCR	Silent	25	17	42	0.40476190476190477	2	1	1	0.9753	1	0.9753	0.9753	True	0.83	1.93
7	94855390	G	A	PPP1R9A	Missense_Mutation	11	7	18	0.3888888888888889	2	1	1	0.9371	1	0.9371	0.9371	True	0.83	1.93
7	94928408	G	A	PON1	Nonsense_Mutation	53	55	108	0.5092592592592593	2	1	1	1.2271	1	1.2271	1.0	True	0.83	1.93
7	97821333	C	T	LMTK2	Missense_Mutation	307	162	469	0.34541577825159914	2	1	1	0.8323	1	0.8323	0.8323	False	0.83	1.93
7	97821334	C	T	LMTK2	Silent	306	163	469	0.34754797441364604	2	1	1	0.8375	1	0.8375	0.8375	False	0.83	1.93
7	98643359	G	A	SMURF1	Silent	369	181	550	0.3290909090909091	2	1	1	0.793	1	0.793	0.793	False	0.83	1.93
7	100205613	C	T	PCOLCE	Missense_Mutation	583	299	882	0.33900226757369617	2	1	1	0.8169	1	0.8169	0.8169	False	0.83	1.93
7	100205614	C	T	PCOLCE	Missense_Mutation	580	298	878	0.33940774487471526	2	1	1	0.8178	1	0.8178	0.8178	False	0.83	1.93
7	100320819	T	C	EPO	3'UTR	101	82	183	0.44808743169398907	2	1	1	1.0797	1	1.0797	1.0	True	0.83	1.93
7	100676654	C	T	MUC17	Missense_Mutation	734	396	1130	0.3504424778761062	2	1	1	0.8444	1	0.8444	0.8444	False	0.83	1.93
7	101183202	C	T	COL26A1	Missense_Mutation	194	90	284	0.31690140845070425	2	1	1	0.7636	1	0.7636	0.7636	False	0.83	1.93
7	101918603	C	T	CUX1	Silent	312	200	512	0.390625	2	1	1	0.9413	1	0.9413	0.9413	True	0.83	1.93
7	102584657	C	T	LRRC17	Missense_Mutation	109	45	154	0.2922077922077922	2	1	1	0.7041	1	0.7041	0.7041	False	0.83	1.93
7	103126851	G	A	RELN	Missense_Mutation	32	21	53	0.39622641509433965	2	1	1	0.9548	1	0.9548	0.9548	True	0.83	1.93
7	106836293	C	T	HBP1	Missense_Mutation	56	29	85	0.3411764705882353	2	1	1	0.8221	1	0.8221	0.8221	False	0.83	1.93
7	108213754	G	A	DNAJB9	Missense_Mutation	361	191	552	0.34601449275362317	2	1	1	0.8338	1	0.8338	0.8338	False	0.83	1.93
7	113518303	C	T	PPP1R3A	Silent	32	20	52	0.38461538461538464	2	1	1	0.9268	1	0.9268	0.9268	True	0.83	1.93
7	115580925	C	T	TFEC	Missense_Mutation	108	71	179	0.39664804469273746	2	1	1	0.9558	1	0.9558	0.9558	True	0.83	1.93
7	115581838	G	A	TFEC	Intron	17	13	30	0.43333333333333335	2	1	1	1.0442	1	1.0442	1.0	True	0.83	1.93
7	119915161	G	A	KCND2	Missense_Mutation	365	200	565	0.35398230088495575	2	1	1	0.853	1	0.853	0.853	True	0.83	1.93
7	121651045	G	A	PTPRZ1	Missense_Mutation	35	11	46	0.2391304347826087	2	1	1	0.5762	1	0.5762	0.5762	False	0.83	1.93
7	127235623	G	A	FSCN3	Nonsense_Mutation	227	144	371	0.3881401617250674	2	1	1	0.9353	1	0.9353	0.9353	True	0.83	1.93
7	128141846	G	A	METTL2B	Missense_Mutation	216	126	342	0.3684210526315789	2	1	1	0.8878	1	0.8878	0.8878	True	0.83	1.93
7	131910981	C	T	PLXNA4	Missense_Mutation	226	106	332	0.3192771084337349	2	1	1	0.7693	1	0.7693	0.7693	False	0.83	1.93
7	132192577	G	A	PLXNA4	Silent	64	28	92	0.30434782608695654	2	1	1	0.7334	1	0.7334	0.7334	False	0.83	1.93
7	137080407	C	A	DGKI	Silent	43	32	75	0.4266666666666667	2	1	1	1.0281	1	1.0281	1.0	True	0.83	1.93
7	138601935	C	T	KIAA1549	Missense_Mutation	83	29	112	0.25892857142857145	2	1	1	0.6239	1	0.6239	0.6239	False	0.83	1.93
7	138604145	G	A	KIAA1549	Missense_Mutation	196	94	290	0.32413793103448274	2	1	1	0.7811	1	0.7811	0.7811	False	0.83	1.93
7	141490491	C	T	TAS2R5	Silent	282	62	344	0.18023255813953487	2	1	1	0.4343	1	0.4343	0.4343	False	0.83	1.93
7	141759749	G	A	MGAM	Missense_Mutation	5	6	11	0.5454545454545454	2	1	1	1.3143	1	1.3143	1.0	True	0.83	1.93
7	142032418	C	T	TRBV7-1	Missense_Mutation	10	3	13	0.23076923076923078	2	1	1	0.5561	1	0.5561	0.5561	False	0.83	1.93
7	142139334	C	T	TRBV7-6	Silent	92	46	138	0.3333333333333333	2	1	1	0.8032	1	0.8032	0.8032	False	0.83	1.93
7	142180678	C	T	TRBV6-5	Missense_Mutation	502	113	615	0.183739837398374	2	1	1	0.4427	1	0.4427	0.4427	False	0.83	1.93
7	142180726	C	T	TRBV6-5	Missense_Mutation	503	102	605	0.16859504132231404	2	1	1	0.4063	1	0.4063	0.4063	False	0.83	1.93
7	142364595	G	A	TRBV24-1	Missense_Mutation	65	49	114	0.4298245614035088	2	1	1	1.0357	1	1.0357	1.0	True	0.83	1.93
7	142622658	C	T	TRPV5	Missense_Mutation	102	50	152	0.32894736842105265	2	1	1	0.7926	1	0.7926	0.7926	False	0.83	1.93
7	142749774	C	T	OR6V1	Silent	91	41	132	0.3106060606060606	2	1	1	0.7484	1	0.7484	0.7484	False	0.83	1.93
7	143047569	G	A	CLCN1	Silent	301	167	468	0.35683760683760685	2	1	1	0.8598	1	0.8598	0.8598	True	0.83	1.93
7	143048977	G	A	CLCN1	Silent	495	323	818	0.39486552567237165	2	1	1	0.9515	1	0.9515	0.9515	True	0.83	1.93
7	143053858	C	T	FAM131B	Missense_Mutation	622	385	1007	0.38232373386295926	2	1	1	0.9213	1	0.9213	0.9213	True	0.83	1.93
7	143807483	G	A	OR2A2	Missense_Mutation	54	30	84	0.35714285714285715	2	1	1	0.8606	1	0.8606	0.8606	True	0.83	1.93
7	146741113	G	A	CNTNAP2	Missense_Mutation	92	49	141	0.3475177304964539	2	1	1	0.8374	1	0.8374	0.8374	False	0.83	1.93
7	147914405	G	A	CNTNAP2	Silent	94	44	138	0.3188405797101449	2	1	1	0.7683	1	0.7683	0.7683	False	0.83	1.93
7	148484200	C	T	CUL1	Silent	404	230	634	0.3627760252365931	2	1	1	0.8742	1	0.8742	0.8742	True	0.83	1.93
7	149477368	C	T	SSPO	RNA	66	43	109	0.3944954128440367	2	1	1	0.9506	1	0.9506	0.9506	True	0.83	1.93
7	149492394	C	T	SSPO	RNA	313	184	497	0.3702213279678068	2	1	1	0.8921	1	0.8921	0.8921	True	0.83	1.93
7	150171298	G	A	GIMAP8	Missense_Mutation	107	57	164	0.3475609756097561	2	1	1	0.8375	1	0.8375	0.8375	False	0.83	1.93
7	150217434	G	A	GIMAP7	Missense_Mutation	254	151	405	0.3728395061728395	2	1	1	0.8984	1	0.8984	0.8984	True	0.83	1.93
7	150554300	G	A	AOC1	Missense_Mutation	375	203	578	0.35121107266435986	2	1	1	0.8463	1	0.8463	0.8463	False	0.83	1.93
7	150814517	G	A	AGAP3	Missense_Mutation	768	422	1190	0.3546218487394958	2	1	1	0.8545	1	0.8545	0.8545	True	0.83	1.93
7	151859582	G	A	KMT2C	Missense_Mutation	703	422	1125	0.3751111111111111	2	1	1	0.9039	1	0.9039	0.9039	True	0.83	1.93
7	151962153	C	T	KMT2C	Missense_Mutation	253	19	272	0.06985294117647059	2	1	1	0.1683	1	0.1683	0.1683	False	0.83	1.93
7	154863154	G	A	HTR5A	Missense_Mutation	260	150	410	0.36585365853658536	2	1	1	0.8816	1	0.8816	0.8816	True	0.83	1.93
8	3008941	C	T	CSMD1	Silent	27	18	45	0.4	2	1	1	0.9639	1	0.9639	0.9639	True	0.83	1.93
8	3047537	G	A	CSMD1	Silent	26	10	36	0.2777777777777778	2	1	1	0.6693	1	0.6693	0.6693	False	0.83	1.93
8	6690347	G	A	GS1-24F4.2	5'Flank	308	177	485	0.3649484536082474	2	1	1	0.8794	1	0.8794	0.8794	True	0.83	1.93
8	11615997	C	T	GATA4	3'UTR	238	132	370	0.3567567567567568	2	1	1	0.8597	1	0.8597	0.8597	True	0.83	1.93
8	11995223	C	T	USP17L2	Missense_Mutation	11	30	41	0.7317073170731707	2	1	1	1.7632	1	1.7632	1.0	True	0.83	1.93
8	11995798	G	A	USP17L2	Nonsense_Mutation	34	4	38	0.10526315789473684	2	1	1	0.2536	1	0.2536	0.2536	False	0.83	1.93
8	13162805	G	A	DLC1	Nonsense_Mutation	117	72	189	0.38095238095238093	2	1	1	0.918	1	0.918	0.918	True	0.83	1.93
8	15517093	C	T	TUSC3	Silent	76	35	111	0.3153153153153153	2	1	1	0.7598	1	0.7598	0.7598	False	0.83	1.93
8	17132465	C	T	VPS37A	Missense_Mutation	126	65	191	0.3403141361256545	2	1	1	0.82	1	0.82	0.82	False	0.83	1.93
8	17132466	C	T	VPS37A	Missense_Mutation	126	65	191	0.3403141361256545	2	1	1	0.82	1	0.82	0.82	False	0.83	1.93
8	17579394	C	T	MTUS1	Intron	47	29	76	0.3815789473684211	2	1	1	0.9195	1	0.9195	0.9195	True	0.83	1.93
8	17579395	C	T	MTUS1	Intron	46	28	74	0.3783783783783784	2	1	1	0.9118	1	0.9118	0.9118	True	0.83	1.93
8	18730199	C	T	PSD3	Missense_Mutation	35	17	52	0.3269230769230769	2	1	1	0.7878	1	0.7878	0.7878	False	0.83	1.93
8	21958469	C	T	FAM160B2	Silent	252	137	389	0.35218508997429304	2	1	1	0.8486	1	0.8486	0.8486	False	0.83	1.93
8	22102546	G	A	POLR3D	5'Flank	488	278	766	0.3629242819843342	2	1	1	0.8745	1	0.8745	0.8745	True	0.83	1.93
8	22451334	G	A	PDLIM2	Missense_Mutation	111	42	153	0.27450980392156865	2	1	1	0.6615	1	0.6615	0.6615	False	0.83	1.93
8	22451335	G	A	PDLIM2	Missense_Mutation	109	42	151	0.2781456953642384	2	1	1	0.6702	1	0.6702	0.6702	False	0.83	1.93
8	23167372	C	T	LOXL2	Silent	418	230	648	0.3549382716049383	2	1	1	0.8553	1	0.8553	0.8553	True	0.83	1.93
8	24181389	G	A	ADAM28	Missense_Mutation	23	7	30	0.23333333333333334	2	1	1	0.5622	1	0.5622	0.5622	False	0.83	1.93
8	24193057	C	T	ADAM28	Silent	24	12	36	0.3333333333333333	2	1	1	0.8032	1	0.8032	0.8032	False	0.83	1.93
8	24193090	G	A	ADAM28	Silent	17	9	26	0.34615384615384615	2	1	1	0.8341	1	0.8341	0.8341	False	0.83	1.93
8	25365369	A	G	CDCA2	3'UTR	6	7	13	0.5384615384615384	2	1	1	1.2975	1	1.2975	1.0	True	0.83	1.93
8	26906400	T	C	MIR548H4	RNA	16	3	19	0.15789473684210525	2	1	1	0.3805	1	0.3805	0.3805	False	0.83	1.93
8	27358512	G	A	EPHX2	Silent	215	128	343	0.37317784256559766	2	1	1	0.8992	1	0.8992	0.8992	True	0.83	1.93
8	28827942	C	T	HMBOX1	Missense_Mutation	62	44	106	0.41509433962264153	2	1	1	1.0002	1	1.0002	1.0	True	0.83	1.93
8	38282210	G	A	FGFR1	Silent	324	192	516	0.37209302325581395	2	1	1	0.8966	1	0.8966	0.8966	True	0.83	1.93
8	39495136	G	A	ADAM18	Silent	17	9	26	0.34615384615384615	2	1	1	0.8341	1	0.8341	0.8341	False	0.83	1.93
8	39792675	G	A	IDO2	5'UTR	173	83	256	0.32421875	2	1	1	0.7812	1	0.7812	0.7812	False	0.83	1.93
8	41581085	C	T	ANK1	Missense_Mutation	565	280	845	0.33136094674556216	2	1	1	0.7985	1	0.7985	0.7985	False	0.83	1.93
8	42037570	T	C	PLAT	Missense_Mutation	111	66	177	0.3728813559322034	2	1	1	0.8985	1	0.8985	0.8985	True	0.83	1.93
8	42623495	C	T	CHRNA6	Missense_Mutation	127	83	210	0.3952380952380952	2	1	1	0.9524	1	0.9524	0.9524	True	0.83	1.93
8	48508560	G	A	SPIDR	Missense_Mutation	26	12	38	0.3157894736842105	2	1	1	0.7609	1	0.7609	0.7609	False	0.83	1.93
8	52232440	C	T	PXDNL	3'UTR	24	9	33	0.2727272727272727	2	1	1	0.6572	1	0.6572	0.6572	False	0.83	1.93
8	55538048	G	A	RP1	Missense_Mutation	137	85	222	0.38288288288288286	2	1	1	0.9226	1	0.9226	0.9226	True	0.83	1.93
8	56436754	C	T	XKR4	Nonsense_Mutation	146	88	234	0.37606837606837606	2	1	1	0.9062	1	0.9062	0.9062	True	0.83	1.93
8	57228735	A	G	SDR16C5	Silent	277	177	454	0.3898678414096916	2	1	1	0.9394	1	0.9394	0.9394	True	0.83	1.93
8	57890662	A	T	IMPAD1	Missense_Mutation	267	139	406	0.34236453201970446	2	1	1	0.825	1	0.825	0.825	False	0.83	1.93
8	59499059	G	A	NSMAF	Missense_Mutation	87	56	143	0.3916083916083916	2	1	1	0.9436	1	0.9436	0.9436	True	0.83	1.93
8	59764150	C	T	TOX	Missense_Mutation	30	11	41	0.2682926829268293	2	1	1	0.6465	1	0.6465	0.6465	False	0.83	1.93
8	61654794	C	T	CHD7	Missense_Mutation	762	572	1334	0.4287856071964018	2	1	1	1.0332	1	1.0332	1.0	True	0.83	1.93
8	67511375	A	T	MYBL1	Missense_Mutation	22	11	33	0.3333333333333333	2	1	1	0.8032	1	0.8032	0.8032	False	0.83	1.93
8	67592170	C	A	C8orf44	Missense_Mutation	90	41	131	0.31297709923664124	2	1	1	0.7542	1	0.7542	0.7542	False	0.83	1.93
8	70978537	T	A	PRDM14	Missense_Mutation	344	232	576	0.4027777777777778	2	1	1	0.9705	1	0.9705	0.9705	True	0.83	1.93
8	71550843	C	T	LACTB2	Missense_Mutation	70	40	110	0.36363636363636365	2	1	1	0.8762	1	0.8762	0.8762	True	0.83	1.93
8	71556407	G	A	LACTB2	Missense_Mutation	233	132	365	0.36164383561643837	2	1	1	0.8714	1	0.8714	0.8714	True	0.83	1.93
8	71619189	G	A	XKR9	Silent	18	6	24	0.25	2	1	1	0.6024	1	0.6024	0.6024	False	0.83	1.93
8	73993372	C	T	SBSPON	Silent	554	233	787	0.2960609911054638	2	1	1	0.7134	1	0.7134	0.7134	False	0.83	1.93
8	74782503	C	T	UBE2W	Splice_Site	38	17	55	0.3090909090909091	2	1	1	0.7448	1	0.7448	0.7448	False	0.83	1.93
8	75263640	G	A	GDAP1	Silent	817	488	1305	0.3739463601532567	2	1	1	0.9011	1	0.9011	0.9011	True	0.83	1.93
8	75756225	G	A	PI15	Missense_Mutation	99	39	138	0.2826086956521739	2	1	1	0.681	1	0.681	0.681	False	0.83	1.93
8	79710383	G	A	IL7	Missense_Mutation	131	77	208	0.3701923076923077	2	1	1	0.892	1	0.892	0.892	True	0.83	1.93
8	86041490	A	G	LRRCC1	Missense_Mutation	375	194	569	0.3409490333919156	2	1	1	0.8216	1	0.8216	0.8216	False	0.83	1.93
8	87076749	C	T	PSKH2	Silent	324	181	505	0.3584158415841584	2	1	1	0.8637	1	0.8637	0.8637	True	0.83	1.93
8	90777694	T	A	RIPK2	Missense_Mutation	249	136	385	0.35324675324675325	2	1	1	0.8512	1	0.8512	0.8512	True	0.83	1.93
8	91094270	C	T	CALB1	Missense_Mutation	753	437	1190	0.36722689075630255	2	1	1	0.8849	1	0.8849	0.8849	True	0.83	1.93
8	94935236	C	T	PDP1	Nonsense_Mutation	267	169	436	0.3876146788990826	2	1	1	0.934	1	0.934	0.934	True	0.83	1.93
8	100493950	C	T	VPS13B	Missense_Mutation	32	15	47	0.3191489361702128	2	1	1	0.769	1	0.769	0.769	False	0.83	1.93
8	101018276	A	G	RGS22	Missense_Mutation	27	22	49	0.4489795918367347	2	1	1	1.0819	1	1.0819	1.0	True	0.83	1.93
8	104897710	G	A	RIMS2	Missense_Mutation	19	9	28	0.32142857142857145	2	1	1	0.7745	1	0.7745	0.7745	False	0.83	1.93
8	105440328	C	T	DPYS	Silent	56	25	81	0.30864197530864196	2	1	1	0.7437	1	0.7437	0.7437	False	0.83	1.93
8	108276487	T	C	ANGPT1	Missense_Mutation	10	4	14	0.2857142857142857	2	1	1	0.6885	1	0.6885	0.6885	False	0.83	1.93
8	109260865	G	A	EIF3E	Missense_Mutation	92	74	166	0.4457831325301205	2	1	1	1.0742	1	1.0742	1.0	True	0.83	1.93
8	110471946	G	A	PKHD1L1	Missense_Mutation	20	5	25	0.2	2	1	1	0.4819	1	0.4819	0.4819	False	0.83	1.93
8	110477280	C	T	PKHD1L1	Missense_Mutation	46	21	67	0.31343283582089554	2	1	1	0.7553	1	0.7553	0.7553	False	0.83	1.93
8	110520124	G	A	PKHD1L1	Missense_Mutation	143	44	187	0.23529411764705882	2	1	1	0.567	1	0.567	0.567	False	0.83	1.93
8	110535569	T	G	PKHD1L1	Missense_Mutation	67	41	108	0.37962962962962965	2	1	1	0.9148	1	0.9148	0.9148	True	0.83	1.93
8	113237040	C	T	CSMD3	Missense_Mutation	147	63	210	0.3	2	1	1	0.7229	1	0.7229	0.7229	False	0.83	1.93
8	117950537	G	A	AARD	Missense_Mutation	220	123	343	0.358600583090379	2	1	1	0.8641	1	0.8641	0.8641	True	0.83	1.93
8	118147554	C	T	SLC30A8	5'Flank	101	50	151	0.33112582781456956	2	1	1	0.7979	1	0.7979	0.7979	False	0.83	1.93
8	119945466	G	A	TNFRSF11B	Missense_Mutation	250	138	388	0.3556701030927835	2	1	1	0.857	1	0.857	0.857	True	0.83	1.93
8	121238917	G	A	COL14A1	Missense_Mutation	20	12	32	0.375	2	1	1	0.9036	1	0.9036	0.9036	True	0.83	1.93
8	121293266	C	T	COL14A1	Silent	20	11	31	0.3548387096774194	2	1	1	0.855	1	0.855	0.855	True	0.83	1.93
8	124267642	G	A	ZHX1	Missense_Mutation	207	107	314	0.34076433121019106	2	1	1	0.8211	1	0.8211	0.8211	False	0.83	1.93
8	124693244	A	G	ANXA13	3'UTR	14	24	38	0.631578947368421	2	1	1	1.5219	1	1.5219	1.0	True	0.83	1.93
8	124992923	G	A	FER1L6	Missense_Mutation	44	55	99	0.5555555555555556	2	1	1	1.3387	1	1.3387	1.0	True	0.83	1.93
8	128428546	A	G	POU5F1B	Silent	77	32	109	0.29357798165137616	2	1	1	0.7074	1	0.7074	0.7074	False	0.83	1.93
8	133848864	T	A	PHF20L1	Missense_Mutation	30	11	41	0.2682926829268293	2	1	1	0.6465	1	0.6465	0.6465	False	0.83	1.93
8	139696699	G	A	COL22A1	Missense_Mutation	185	84	269	0.31226765799256506	2	1	1	0.7525	1	0.7525	0.7525	False	0.83	1.93
8	142151323	G	T	DENND3	Missense_Mutation	522	264	786	0.33587786259541985	2	1	1	0.8093	1	0.8093	0.8093	False	0.83	1.93
8	142222354	G	A	SLC45A4	Missense_Mutation	180	149	329	0.45288753799392095	2	1	1	1.0913	1	1.0913	1.0	True	0.83	1.93
8	142228125	G	A	SLC45A4	Silent	115	54	169	0.31952662721893493	2	1	1	0.7699	1	0.7699	0.7699	False	0.83	1.93
8	143562623	C	T	BAI1	Silent	445	293	738	0.3970189701897019	2	1	1	0.9567	1	0.9567	0.9567	True	0.83	1.93
8	143960599	C	T	CYP11B1	Missense_Mutation	369	248	617	0.4019448946515397	2	1	1	0.9685	1	0.9685	0.9685	True	0.83	1.93
8	143993989	C	T	CYP11B2	Missense_Mutation	443	209	652	0.3205521472392638	2	1	1	0.7724	1	0.7724	0.7724	False	0.83	1.93
8	143999261	A	G	CYP11B2	5'Flank	783	417	1200	0.3475	2	1	1	0.8373	1	0.8373	0.8373	False	0.83	1.93
8	144945398	G	A	EPPK1	Missense_Mutation	230	139	369	0.37669376693766937	2	1	1	0.9077	1	0.9077	0.9077	True	0.83	1.93
8	144993387	G	A	PLEC	Silent	864	440	1304	0.3374233128834356	2	1	1	0.8131	1	0.8131	0.8131	False	0.83	1.93
8	144993388	G	A	PLEC	Missense_Mutation	857	439	1296	0.3387345679012346	2	1	1	0.8162	1	0.8162	0.8162	False	0.83	1.93
8	146157959	C	T	ZNF16	Missense_Mutation	138	64	202	0.31683168316831684	2	1	1	0.7634	1	0.7634	0.7634	False	0.83	1.93
9	4573943	G	A	SLC1A1	Silent	277	109	386	0.2823834196891192	2	1	1	0.6804	1	0.6804	0.6804	False	0.83	1.93
9	8331706	G	A	PTPRD	Nonsense_Mutation	15	10	25	0.4	2	1	1	0.9639	1	0.9639	0.9639	True	0.83	1.93
9	8499786	A	C	PTPRD	Missense_Mutation	49	35	84	0.4166666666666667	2	1	1	1.004	1	1.004	1.0	True	0.83	1.93
9	12698617	C	T	TYRP1	Missense_Mutation	15	11	26	0.4230769230769231	2	1	1	1.0195	1	1.0195	1.0	True	0.83	1.93
9	14722307	C	T	CER1	Missense_Mutation	76	50	126	0.3968253968253968	2	1	1	0.9562	1	0.9562	0.9562	True	0.83	1.93
9	17298398	T	A	CNTLN	Intron	69	38	107	0.35514018691588783	2	1	1	0.8558	1	0.8558	0.8558	True	0.83	1.93
9	17793432	C	T	SH3GL2	Missense_Mutation	17	24	41	0.5853658536585366	2	1	1	1.4105	1	1.4105	1.0	True	0.83	1.93
9	17793433	C	T	SH3GL2	Missense_Mutation	17	22	39	0.5641025641025641	2	1	1	1.3593	1	1.3593	1.0	True	0.83	1.93
9	21187427	C	T	IFNA4	Missense_Mutation	53	30	83	0.3614457831325301	2	1	1	0.871	1	0.871	0.871	True	0.83	1.93
9	21385088	C	T	IFNA2	Missense_Mutation	230	142	372	0.3817204301075269	2	1	1	0.9198	1	0.9198	0.9198	True	0.83	1.93
9	26962038	C	T	IFT74	Missense_Mutation	220	131	351	0.3732193732193732	2	1	1	0.8993	1	0.8993	0.8993	True	0.83	1.93
9	27330576	G	A	MOB3B	3'UTR	73	47	120	0.39166666666666666	2	1	1	0.9438	1	0.9438	0.9438	True	0.83	1.93
9	33311115	C	T	NFX1	Missense_Mutation	160	90	250	0.36	2	1	1	0.8675	1	0.8675	0.8675	True	0.83	1.93
9	33675973	G	A	PTENP1	RNA	405	221	626	0.35303514376996803	2	1	1	0.8507	1	0.8507	0.8507	True	0.83	1.93
9	33797945	G	A	PRSS3	Missense_Mutation	152	70	222	0.3153153153153153	2	1	1	0.7598	1	0.7598	0.7598	False	0.83	1.93
9	34625778	C	T	ARID3C	Missense_Mutation	641	382	1023	0.3734115347018573	2	1	1	0.8998	1	0.8998	0.8998	True	0.83	1.93
9	34709556	C	T	CCL21	Silent	302	153	455	0.3362637362637363	2	1	1	0.8103	1	0.8103	0.8103	False	0.83	1.93
9	35077033	C	T	FANCG	Missense_Mutation	464	285	749	0.38050734312416556	2	1	1	0.9169	1	0.9169	0.9169	True	0.83	1.93
9	37737191	C	T	FRMPD1	Silent	211	134	345	0.3884057971014493	2	1	1	0.9359	1	0.9359	0.9359	True	0.83	1.93
9	38414147	C	T	IGFBPL1	Missense_Mutation	341	153	494	0.3097165991902834	2	1	1	0.7463	1	0.7463	0.7463	False	0.83	1.93
9	43627001	C	T	SPATA31A6	Silent	222	306	528	0.5795454545454546	1	1	0	0.8169	1	0.8169	0.8169	False	0.83	1.93
9	71509297	G	A	PIP5K1B	Missense_Mutation	11	18	29	0.6206896551724138	1	1	0	0.8749	1	0.8749	0.8749	True	0.83	1.93
9	72131545	C	T	APBA1	Silent	39	97	136	0.7132352941176471	1	1	0	1.0054	1	1.0054	1.0	True	0.83	1.93
9	77275628	G	A	RORB	Missense_Mutation	22	45	67	0.6716417910447762	1	1	0	0.9468	1	0.9468	0.9468	True	0.83	1.93
9	78803528	G	A	PCSK5	Missense_Mutation	17	19	36	0.5277777777777778	1	1	0	0.744	1	0.744	0.744	False	0.83	1.93
9	88667464	G	A	GOLM1	Nonsense_Mutation	303	535	838	0.6384248210023866	1	1	0	0.8999	1	0.8999	0.8999	True	0.83	1.93
9	97823036	C	T	C9orf3	Missense_Mutation	108	123	231	0.5324675324675324	1	1	0	0.7506	1	0.7506	0.7506	False	0.83	1.93
9	99150434	A	G	ZNF367	3'UTR	20	52	72	0.7222222222222222	1	1	0	1.0181	1	1.0181	1.0	True	0.83	1.93
9	99150444	T	C	ZNF367	3'UTR	22	63	85	0.7411764705882353	1	1	0	1.0448	1	1.0448	1.0	True	0.83	1.93
9	99582013	C	T	ZNF782	Missense_Mutation	12	22	34	0.6470588235294118	1	1	0	0.9121	1	0.9121	0.9121	True	0.83	1.93
9	105767118	G	A	CYLC2	Missense_Mutation	21	18	39	0.46153846153846156	1	1	0	0.6506	1	0.6506	0.6506	False	0.83	1.93
9	112004017	G	A	EPB41L4B	Intron	62	85	147	0.5782312925170068	1	1	0	0.8151	1	0.8151	0.8151	False	0.83	1.93
9	117070023	G	A	COL27A1	Missense_Mutation	74	147	221	0.665158371040724	1	1	0	0.9376	1	0.9376	0.9376	True	0.83	1.93
9	117070024	G	T	COL27A1	Missense_Mutation	76	145	221	0.6561085972850679	1	1	0	0.9249	1	0.9249	0.9249	True	0.83	1.93
9	117108961	G	T	AKNA	Silent	125	170	295	0.576271186440678	1	1	0	0.8123	1	0.8123	0.8123	False	0.83	1.93
9	117108962	G	T	AKNA	Silent	129	169	298	0.5671140939597316	1	1	0	0.7994	1	0.7994	0.7994	False	0.83	1.93
9	125239279	G	A	OR1J1	Silent	15	19	34	0.5588235294117647	1	1	0	0.7877	1	0.7877	0.7877	False	0.83	1.93
9	127253505	C	T	NR5A1	Silent	77	171	248	0.6895161290322581	1	1	0	0.972	1	0.972	0.972	True	0.83	1.93
9	129643003	C	T	ZBTB34	Missense_Mutation	29	82	111	0.7387387387387387	1	1	0	1.0414	1	1.0414	1.0	True	0.83	1.93
9	131038524	C	T	SWI5	Missense_Mutation	79	153	232	0.6594827586206896	1	1	0	0.9296	1	0.9296	0.9296	True	0.83	1.93
9	131885396	C	T	PPP2R4	Silent	187	317	504	0.628968253968254	1	1	0	0.8866	1	0.8866	0.8866	True	0.83	1.93
9	134354730	C	T	PRRC2B	Missense_Mutation	58	141	199	0.7085427135678392	1	1	0	0.9988	1	0.9988	0.9988	True	0.83	1.93
9	134505629	G	A	RAPGEF1	Missense_Mutation	71	119	190	0.6263157894736842	1	1	0	0.8829	1	0.8829	0.8829	True	0.83	1.93
9	135374956	C	T	C9orf171	Missense_Mutation	117	168	285	0.5894736842105263	1	1	0	0.8309	1	0.8309	0.8309	False	0.83	1.93
9	136215095	C	T	RPL7A	5'UTR	298	496	794	0.6246851385390428	1	1	0	0.8806	1	0.8806	0.8806	True	0.83	1.93
9	137716551	G	C	COL5A1	Missense_Mutation	128	204	332	0.6144578313253012	1	1	0	0.8662	1	0.8662	0.8662	True	0.83	1.93
9	140161789	C	T	NELFB	Missense_Mutation	38	69	107	0.6448598130841121	1	1	0	0.909	1	0.909	0.909	True	0.83	1.93
9	140161790	C	T	NELFB	Missense_Mutation	38	68	106	0.6415094339622641	1	1	0	0.9043	1	0.9043	0.9043	True	0.83	1.93
10	408428	A	G	DIP2C	Splice_Site	281	139	420	0.33095238095238094	2	1	1	0.7975	1	0.7975	0.7975	False	0.83	1.93
10	15107690	G	A	OLAH	Silent	52	25	77	0.3246753246753247	2	1	1	0.7824	1	0.7824	0.7824	False	0.83	1.93
10	17153034	C	T	CUBN	Missense_Mutation	98	69	167	0.41317365269461076	2	1	1	0.9956	1	0.9956	0.9956	True	0.83	1.93
10	17905630	G	T	MRC1L1	Missense_Mutation	18	34	52	0.6538461538461539	2	1	1	1.5755	1	1.5755	1.0	True	0.83	1.93
10	20290886	G	A	PLXDC2	Missense_Mutation	15	4	19	0.21052631578947367	2	1	1	0.5073	1	0.5073	0.5073	False	0.83	1.93
10	21250658	G	A	NEBL	Silent	59	15	74	0.20270270270270271	2	1	1	0.4884	1	0.4884	0.4884	False	0.83	1.93
10	21435362	G	A	C10orf113	Silent	65	15	80	0.1875	2	1	1	0.4518	1	0.4518	0.4518	False	0.83	1.93
10	22676824	G	A	SPAG6	Missense_Mutation	28	13	41	0.3170731707317073	2	1	1	0.764	1	0.764	0.764	False	0.83	1.93
10	25887347	C	T	GPR158	Missense_Mutation	79	42	121	0.34710743801652894	2	1	1	0.8364	1	0.8364	0.8364	False	0.83	1.93
10	26518625	C	T	GAD2	Silent	102	54	156	0.34615384615384615	2	1	1	0.8341	1	0.8341	0.8341	False	0.83	1.93
10	27507103	A	T	ACBD5	Missense_Mutation	199	25	224	0.11160714285714286	2	1	1	0.2689	1	0.2689	0.2689	False	0.83	1.93
10	27702574	C	T	PTCHD3	Silent	539	284	823	0.3450789793438639	2	1	1	0.8315	1	0.8315	0.8315	False	0.83	1.93
10	28228936	C	T	ARMC4	Missense_Mutation	17	7	24	0.2916666666666667	2	1	1	0.7028	1	0.7028	0.7028	False	0.83	1.93
10	29600029	G	A	LYZL1	3'UTR	288	172	460	0.3739130434782609	2	1	1	0.901	1	0.901	0.901	True	0.83	1.93
10	29747363	C	T	SVIL	Silent	115	84	199	0.4221105527638191	2	1	1	1.0171	1	1.0171	1.0	True	0.83	1.93
10	31810320	C	T	ZEB1	Missense_Mutation	17	6	23	0.2608695652173913	2	1	1	0.6286	1	0.6286	0.6286	False	0.83	1.93
10	35896618	G	A	GJD4	Silent	606	284	890	0.31910112359550563	2	1	1	0.7689	1	0.7689	0.7689	False	0.83	1.93
10	35928828	G	A	FZD8	Silent	178	74	252	0.29365079365079366	2	1	1	0.7076	1	0.7076	0.7076	False	0.83	1.93
10	37430981	G	A	ANKRD30A	Missense_Mutation	144	65	209	0.31100478468899523	2	1	1	0.7494	1	0.7494	0.7494	False	0.83	1.93
10	43078542	C	T	ZNF33B	RNA	33	15	48	0.3125	2	1	1	0.753	1	0.753	0.753	False	0.83	1.93
10	43615054	G	A	RET	Missense_Mutation	179	121	300	0.4033333333333333	2	1	1	0.9719	1	0.9719	0.9719	True	0.83	1.93
10	43617398	G	A	RET	Missense_Mutation	686	288	974	0.29568788501026694	2	1	1	0.7125	1	0.7125	0.7125	False	0.83	1.93
10	45602557	A	C	RSU1P2	RNA	14	14	28	0.5	2	1	1	1.2048	1	1.2048	1.0	True	0.83	1.93
10	45799539	G	A	OR13A1	Missense_Mutation	79	52	131	0.3969465648854962	2	1	1	0.9565	1	0.9565	0.9565	True	0.83	1.93
10	48371278	C	T	ZNF488	Missense_Mutation	279	218	497	0.4386317907444668	2	1	1	1.0569	1	1.0569	1.0	True	0.83	1.93
10	48413663	G	A	GDF2	Missense_Mutation	97	54	151	0.3576158940397351	2	1	1	0.8617	1	0.8617	0.8617	True	0.83	1.93
10	48413860	G	A	GDF2	Silent	366	156	522	0.2988505747126437	2	1	1	0.7201	1	0.7201	0.7201	False	0.83	1.93
10	49654486	G	A	ARHGAP22	Missense_Mutation	512	187	699	0.2675250357653791	2	1	1	0.6446	1	0.6446	0.6446	False	0.83	1.93
10	50531756	A	T	C10orf71	Missense_Mutation	394	233	627	0.37161084529505584	2	1	1	0.8954	1	0.8954	0.8954	True	0.83	1.93
10	52103386	C	T	SGMS1	Silent	71	40	111	0.36036036036036034	2	1	1	0.8683	1	0.8683	0.8683	True	0.83	1.93
10	52575934	C	T	A1CF	Missense_Mutation	17	3	20	0.15	2	1	1	0.3614	1	0.3614	0.3614	False	0.83	1.93
10	54040672	C	T	PRKG1	Silent	24	6	30	0.2	2	1	1	0.4819	1	0.4819	0.4819	False	0.83	1.93
10	55582777	A	C	PCDH15	Missense_Mutation	324	203	527	0.38519924098671726	2	1	1	0.9282	1	0.9282	0.9282	True	0.83	1.93
10	61829923	T	G	ANK3	Missense_Mutation	21	10	31	0.3225806451612903	2	1	1	0.7773	1	0.7773	0.7773	False	0.83	1.93
10	61830110	G	A	ANK3	Missense_Mutation	15	15	30	0.5	2	1	1	1.2048	1	1.2048	1.0	True	0.83	1.93
10	61834193	G	A	ANK3	Missense_Mutation	60	25	85	0.29411764705882354	2	1	1	0.7087	1	0.7087	0.7087	False	0.83	1.93
10	61848032	G	A	ANK3	Missense_Mutation	57	19	76	0.25	2	1	1	0.6024	1	0.6024	0.6024	False	0.83	1.93
10	61874073	C	T	ANK3	Missense_Mutation	23	7	30	0.23333333333333334	2	1	1	0.5622	1	0.5622	0.5622	False	0.83	1.93
10	64135994	G	A	ZNF365	Silent	430	241	671	0.3591654247391952	2	1	1	0.8655	1	0.8655	0.8655	True	0.83	1.93
10	64148314	C	T	ZNF365	Silent	67	36	103	0.34951456310679613	2	1	1	0.8422	1	0.8422	0.8422	False	0.83	1.93
10	64565099	G	A	ADO	Missense_Mutation	114	60	174	0.3448275862068966	2	1	1	0.8309	1	0.8309	0.8309	False	0.83	1.93
10	68526055	C	T	CTNNA3	Silent	30	11	41	0.2682926829268293	2	1	1	0.6465	1	0.6465	0.6465	False	0.83	1.93
10	68940089	C	T	CTNNA3	Missense_Mutation	14	8	22	0.36363636363636365	2	1	1	0.8762	1	0.8762	0.8762	True	0.83	1.93
10	69750152	T	G	HERC4	Silent	19	12	31	0.3870967741935484	2	1	1	0.9328	1	0.9328	0.9328	True	0.83	1.93
10	70333459	C	T	TET1	Missense_Mutation	237	125	362	0.3453038674033149	2	1	1	0.8321	1	0.8321	0.8321	False	0.83	1.93
10	71902467	G	A	TYSND1	Silent	112	84	196	0.42857142857142855	2	1	1	1.0327	1	1.0327	1.0	True	0.83	1.93
10	72324241	C	T	PALD1	Missense_Mutation	539	222	761	0.29172141918528255	2	1	1	0.7029	1	0.7029	0.7029	False	0.83	1.93
10	73057803	G	A	UNC5B	Silent	229	101	330	0.30606060606060603	2	1	1	0.7375	1	0.7375	0.7375	False	0.83	1.93
10	73544845	C	T	CDH23	Silent	302	132	434	0.30414746543778803	2	1	1	0.7329	1	0.7329	0.7329	False	0.83	1.93
10	75037955	C	T	TTC18	Missense_Mutation	104	58	162	0.35802469135802467	2	1	1	0.8627	1	0.8627	0.8627	True	0.83	1.93
10	75397610	T	C	MYOZ1	Silent	782	584	1366	0.42752562225475843	2	1	1	1.0302	1	1.0302	1.0	True	0.83	1.93
10	78850193	C	T	KCNMA1	Silent	52	18	70	0.2571428571428571	2	1	1	0.6196	1	0.6196	0.6196	False	0.83	1.93
10	79581657	C	T	DLG5	Missense_Mutation	364	270	634	0.42586750788643535	2	1	1	1.0262	1	1.0262	1.0	True	0.83	1.93
10	81918919	C	T	ANXA11	Missense_Mutation	347	210	557	0.3770197486535009	2	1	1	0.9085	1	0.9085	0.9085	True	0.83	1.93
10	87362080	C	T	GRID1	Missense_Mutation	159	102	261	0.39080459770114945	2	1	1	0.9417	1	0.9417	0.9417	True	0.83	1.93
10	88696449	C	T	MMRN2	3'UTR	428	219	647	0.3384853168469861	2	1	1	0.8156	1	0.8156	0.8156	False	0.83	1.93
10	88696450	C	T	MMRN2	3'UTR	433	217	650	0.33384615384615385	2	1	1	0.8044	1	0.8044	0.8044	False	0.83	1.93
10	88769587	C	T	RP11-96C23.10	RNA	543	183	726	0.25206611570247933	2	1	1	0.6074	1	0.6074	0.6074	False	0.83	1.93
10	93614874	G	A	TNKS2	Silent	41	28	69	0.4057971014492754	2	1	1	0.9778	1	0.9778	0.9778	True	0.83	1.93
10	93718859	T	C	BTAF1	Missense_Mutation	157	70	227	0.30837004405286345	2	1	1	0.7431	1	0.7431	0.7431	False	0.83	1.93
10	94669218	G	A	EXOC6	Missense_Mutation	234	111	345	0.3217391304347826	2	1	1	0.7753	1	0.7753	0.7753	False	0.83	1.93
10	95720216	G	A	PIPSL	RNA	115	73	188	0.3882978723404255	2	1	1	0.9357	1	0.9357	0.9357	True	0.83	1.93
10	96495027	G	A	CYP2C18	Silent	17	10	27	0.37037037037037035	2	1	1	0.8925	1	0.8925	0.8925	True	0.83	1.93
10	96971703	C	T	C10orf129	Missense_Mutation	35	19	54	0.35185185185185186	2	1	1	0.8478	1	0.8478	0.8478	False	0.83	1.93
10	97096857	G	A	SORBS1	Silent	102	45	147	0.30612244897959184	2	1	1	0.7376	1	0.7376	0.7376	False	0.83	1.93
10	98092300	C	T	DNTT	Silent	56	48	104	0.46153846153846156	2	1	1	1.1121	1	1.1121	1.0	True	0.83	1.93
10	98715083	C	T	LCOR	Nonsense_Mutation	131	55	186	0.2956989247311828	2	1	1	0.7125	1	0.7125	0.7125	False	0.83	1.93
10	99349981	C	T	C10orf62	Silent	309	144	453	0.31788079470198677	2	1	1	0.766	1	0.766	0.766	False	0.83	1.93
10	99349982	C	T	C10orf62	Missense_Mutation	307	142	449	0.31625835189309576	2	1	1	0.7621	1	0.7621	0.7621	False	0.83	1.93
10	101977836	G	A	CHUK	Silent	125	81	206	0.3932038834951456	2	1	1	0.9475	1	0.9475	0.9475	True	0.83	1.93
10	102241672	G	A	WNT8B	Missense_Mutation	224	161	385	0.41818181818181815	2	1	1	1.0077	1	1.0077	1.0	True	0.83	1.93
10	103755071	G	A	C10orf76	Missense_Mutation	95	73	168	0.43452380952380953	2	1	1	1.047	1	1.047	1.0	True	0.83	1.93
10	105361498	C	T	SH3PXD2A	3'UTR	611	302	913	0.3307776560788609	2	1	1	0.7971	1	0.7971	0.7971	False	0.83	1.93
10	105362047	C	A	SH3PXD2A	Silent	222	165	387	0.4263565891472868	2	1	1	1.0274	1	1.0274	1.0	True	0.83	1.93
10	105778666	G	A	SLK	Silent	113	72	185	0.3891891891891892	2	1	1	0.9378	1	0.9378	0.9378	True	0.83	1.93
10	105953657	G	A	WDR96	Missense_Mutation	76	36	112	0.32142857142857145	2	1	1	0.7745	1	0.7745	0.7745	False	0.83	1.93
10	106118174	G	A	CCDC147	Missense_Mutation	137	98	235	0.41702127659574467	2	1	1	1.0049	1	1.0049	1.0	True	0.83	1.93
10	106849544	G	A	SORCS3	Missense_Mutation	50	36	86	0.4186046511627907	2	1	1	1.0087	1	1.0087	1.0	True	0.83	1.93
10	111648338	G	A	XPNPEP1	Missense_Mutation	21	10	31	0.3225806451612903	2	1	1	0.7773	1	0.7773	0.7773	False	0.83	1.93
10	112266753	T	G	DUSP5	Missense_Mutation	971	505	1476	0.3421409214092141	2	1	1	0.8244	1	0.8244	0.8244	False	0.83	1.93
10	112635736	G	A	PDCD4	5'UTR	136	60	196	0.30612244897959184	2	1	1	0.7376	1	0.7376	0.7376	False	0.83	1.93
10	116037803	C	T	VWA2	Missense_Mutation	153	56	209	0.2679425837320574	2	1	1	0.6456	1	0.6456	0.6456	False	0.83	1.93
10	119003629	G	A	SLC18A2	Missense_Mutation	358	165	523	0.3154875717017208	2	1	1	0.7602	1	0.7602	0.7602	False	0.83	1.93
10	122334746	C	T	PPAPDC1A	Silent	105	50	155	0.3225806451612903	2	1	1	0.7773	1	0.7773	0.7773	False	0.83	1.93
10	123244982	G	A	FGFR2	Missense_Mutation	144	64	208	0.3076923076923077	2	1	1	0.7414	1	0.7414	0.7414	False	0.83	1.93
10	123245004	C	T	FGFR2	Silent	134	49	183	0.2677595628415301	2	1	1	0.6452	1	0.6452	0.6452	False	0.83	1.93
10	123256077	G	A	FGFR2	Missense_Mutation	391	166	557	0.2980251346499102	2	1	1	0.7181	1	0.7181	0.7181	False	0.83	1.93
10	124273729	G	A	HTRA1	Missense_Mutation	611	346	957	0.361546499477534	2	1	1	0.8712	1	0.8712	0.8712	True	0.83	1.93
10	124358299	C	T	DMBT1	Missense_Mutation	749	378	1127	0.33540372670807456	2	1	1	0.8082	1	0.8082	0.8082	False	0.83	1.93
10	124377595	G	A	DMBT1	Missense_Mutation	575	343	918	0.37363834422657954	2	1	1	0.9003	1	0.9003	0.9003	True	0.83	1.93
10	124377832	G	A	DMBT1	Missense_Mutation	147	67	214	0.3130841121495327	2	1	1	0.7544	1	0.7544	0.7544	False	0.83	1.93
10	124392781	C	T	DMBT1	Missense_Mutation	245	94	339	0.27728613569321536	2	1	1	0.6682	1	0.6682	0.6682	False	0.83	1.93
10	124671195	C	T	FAM24A	Silent	138	60	198	0.30303030303030304	2	1	1	0.7302	1	0.7302	0.7302	False	0.83	1.93
10	125447574	C	T	GPR26	Silent	266	111	377	0.29442970822281167	2	1	1	0.7095	1	0.7095	0.7095	False	0.83	1.93
10	126670317	T	A	ZRANB1	Silent	89	45	134	0.3358208955223881	2	1	1	0.8092	1	0.8092	0.8092	False	0.83	1.93
10	126670318	C	T	ZRANB1	Nonsense_Mutation	91	45	136	0.33088235294117646	2	1	1	0.7973	1	0.7973	0.7973	False	0.83	1.93
10	126715000	G	A	CTBP2	Silent	257	120	377	0.3183023872679045	2	1	1	0.767	1	0.767	0.767	False	0.83	1.93
10	134626288	C	T	TTC40	Splice_Site	430	265	695	0.381294964028777	2	1	1	0.9188	1	0.9188	0.9188	True	0.83	1.93
10	135020665	C	T	KNDC1	Silent	76	58	134	0.43283582089552236	2	1	1	1.043	1	1.043	1.0	True	0.83	1.93
10	135352476	G	A	CYP2E1	3'UTR	101	71	172	0.4127906976744186	2	1	1	0.9947	1	0.9947	0.9947	True	0.83	1.93
10	135369180	C	T	SYCE1	Missense_Mutation	174	79	253	0.31225296442687744	2	1	1	0.7524	1	0.7524	0.7524	False	0.83	1.93
11	397181	G	A	PKP3	Missense_Mutation	150	148	298	0.4966442953020134	2	1	1	1.1967	1	1.1967	1.0	True	0.83	1.93
11	654029	C	T	DEAF1	Missense_Mutation	173	155	328	0.4725609756097561	2	1	1	1.1387	1	1.1387	1.0	True	0.83	1.93
11	758967	T	A	TALDO1	Missense_Mutation	758	578	1336	0.43263473053892215	2	1	1	1.0425	1	1.0425	1.0	True	0.83	1.93
11	803208	G	A	PIDD	Silent	161	151	312	0.483974358974359	2	1	1	1.1662	1	1.1662	1.0	True	0.83	1.93
11	1087447	G	A	MUC2	Silent	283	104	387	0.268733850129199	2	1	1	0.6476	1	0.6476	0.6476	False	0.83	1.93
11	1629200	G	A	KRTAP5-3	Missense_Mutation	970	263	1233	0.21330089213300893	2	1	1	0.514	1	0.514	0.514	False	0.83	1.93
11	4407465	C	T	TRIM21	Missense_Mutation	36	9	45	0.2	2	1	1	0.4819	1	0.4819	0.4819	False	0.83	1.93
11	4510322	T	G	OR52K1	Missense_Mutation	28	22	50	0.44	2	1	1	1.0602	1	1.0602	1.0	True	0.83	1.93
11	4510323	C	T	OR52K1	Silent	28	21	49	0.42857142857142855	2	1	1	1.0327	1	1.0327	1.0	True	0.83	1.93
11	4566873	C	T	OR52M1	Silent	46	6	52	0.11538461538461539	2	1	1	0.278	1	0.278	0.278	False	0.83	1.93
11	4661414	G	A	OR51D1	Missense_Mutation	43	24	67	0.3582089552238806	2	1	1	0.8632	1	0.8632	0.8632	True	0.83	1.93
11	4790956	G	A	OR51F1	Silent	66	27	93	0.2903225806451613	2	1	1	0.6996	1	0.6996	0.6996	False	0.83	1.93
11	4976213	G	A	OR51A2	Missense_Mutation	198	36	234	0.15384615384615385	2	1	1	0.3707	1	0.3707	0.3707	False	0.83	1.93
11	5172912	G	A	OR52A1	Missense_Mutation	163	46	209	0.22009569377990432	2	1	1	0.5304	1	0.5304	0.5304	False	0.83	1.93
11	5345040	G	A	OR51B2	Missense_Mutation	22	4	26	0.15384615384615385	2	1	1	0.3707	1	0.3707	0.3707	False	0.83	1.93
11	5345263	C	T	OR51B2	Missense_Mutation	28	11	39	0.28205128205128205	2	1	1	0.6796	1	0.6796	0.6796	False	0.83	1.93
11	5364499	C	T	OR51B5	Missense_Mutation	13	6	19	0.3157894736842105	2	1	1	0.7609	1	0.7609	0.7609	False	0.83	1.93
11	5364578	G	A	OR51B5	Silent	19	14	33	0.42424242424242425	2	1	1	1.0223	1	1.0223	1.0	True	0.83	1.93
11	5444253	C	T	OR51Q1	Missense_Mutation	159	242	401	0.6034912718204489	2	1	1	1.4542	1	1.4542	1.0	True	0.83	1.93
11	5537200	T	C	UBQLNL	Missense_Mutation	30	26	56	0.4642857142857143	2	1	1	1.1188	1	1.1188	1.0	True	0.83	1.93
11	5624743	C	G	TRIM6	Missense_Mutation	157	53	210	0.2523809523809524	2	1	1	0.6081	1	0.6081	0.6081	False	0.83	1.93
11	5969381	A	G	OR56A3	Missense_Mutation	451	113	564	0.20035460992907803	2	1	1	0.4828	1	0.4828	0.4828	False	0.83	1.93
11	6007457	G	A	OR52L1	Missense_Mutation	273	85	358	0.23743016759776536	2	1	1	0.5721	1	0.5721	0.5721	False	0.83	1.93
11	6024169	G	A	OR56A4	Silent	68	72	140	0.5142857142857142	2	1	1	1.2392	1	1.2392	1.0	True	0.83	1.93
11	6048713	G	A	OR56A1	Silent	56	19	75	0.25333333333333335	2	1	1	0.6104	1	0.6104	0.6104	False	0.83	1.93
11	6291139	C	T	CCKBR	Missense_Mutation	225	208	433	0.48036951501154734	2	1	1	1.1575	1	1.1575	1.0	True	0.83	1.93
11	6424924	C	T	APBB1	Missense_Mutation	312	245	557	0.4398563734290844	2	1	1	1.0599	1	1.0599	1.0	True	0.83	1.93
11	6646552	C	T	DCHS1	Silent	187	195	382	0.5104712041884817	2	1	1	1.2301	1	1.2301	1.0	True	0.83	1.93
11	6913093	C	T	OR2D2	Silent	18	6	24	0.25	2	1	1	0.6024	1	0.6024	0.6024	False	0.83	1.93
11	7064277	C	T	NLRP14	Silent	58	16	74	0.21621621621621623	2	1	1	0.521	1	0.521	0.521	False	0.83	1.93
11	7817549	C	T	OR5P2	Missense_Mutation	37	50	87	0.5747126436781609	2	1	1	1.3848	1	1.3848	1.0	True	0.83	1.93
11	7981382	C	T	NLRP10	Missense_Mutation	95	53	148	0.3581081081081081	2	1	1	0.8629	1	0.8629	0.8629	True	0.83	1.93
11	8016890	G	A	EIF3F	Silent	273	299	572	0.5227272727272727	2	1	1	1.2596	1	1.2596	1.0	True	0.83	1.93
11	9462133	G	A	IPO7	Missense_Mutation	68	68	136	0.5	2	1	1	1.2048	1	1.2048	1.0	True	0.83	1.93
11	10647749	C	T	MRVI1	Missense_Mutation	86	75	161	0.4658385093167702	2	1	1	1.1225	1	1.1225	1.0	True	0.83	1.93
11	18764004	G	A	PTPN5	Missense_Mutation	202	73	275	0.26545454545454544	2	1	1	0.6396	1	0.6396	0.6396	False	0.83	1.93
11	18955414	C	T	MRGPRX1	Silent	105	100	205	0.4878048780487805	2	1	1	1.1754	1	1.1754	1.0	True	0.83	1.93
11	25004772	C	T	LUZP2	Missense_Mutation	27	18	45	0.4	2	1	1	0.9639	1	0.9639	0.9639	True	0.83	1.93
11	26584715	C	T	MUC15	Silent	25	12	37	0.32432432432432434	2	1	1	0.7815	1	0.7815	0.7815	False	0.83	1.93
11	33308557	C	T	HIPK3	Silent	60	46	106	0.4339622641509434	2	1	1	1.0457	1	1.0457	1.0	True	0.83	1.93
11	33667329	C	T	KIAA1549L	Missense_Mutation	579	144	723	0.1991701244813278	2	1	1	0.4799	1	0.4799	0.4799	False	0.83	1.93
11	34097853	T	G	CAPRIN1	Nonsense_Mutation	56	73	129	0.5658914728682171	2	1	1	1.3636	1	1.3636	1.0	True	0.83	1.93
11	35492367	C	T	PAMR1	Splice_Site	14	4	18	0.2222222222222222	2	1	1	0.5355	1	0.5355	0.5355	False	0.83	1.93
11	43284006	C	T	HNRNPKP3	RNA	11	7	18	0.3888888888888889	2	1	1	0.9371	1	0.9371	0.9371	True	0.83	1.93
11	44072949	G	A	ACCSL	Missense_Mutation	73	80	153	0.5228758169934641	2	1	1	1.2599	1	1.2599	1.0	True	0.83	1.93
11	46894889	C	T	LRP4	Intron	33	10	43	0.23255813953488372	2	1	1	0.5604	1	0.5604	0.5604	False	0.83	1.93
11	48238452	C	T	OR4B1	Missense_Mutation	121	91	212	0.42924528301886794	2	1	1	1.0343	1	1.0343	1.0	True	0.83	1.93
11	48511177	C	T	OR4A47	Missense_Mutation	36	8	44	0.18181818181818182	2	1	1	0.4381	1	0.4381	0.4381	False	0.83	1.93
11	49178313	G	A	FOLH1	Nonsense_Mutation	114	23	137	0.1678832116788321	2	1	1	0.4045	1	0.4045	0.4045	False	0.83	1.93
11	49207377	C	T	FOLH1	Missense_Mutation	115	30	145	0.20689655172413793	2	1	1	0.4985	1	0.4985	0.4985	False	0.83	1.93
11	55135452	G	A	OR4A15	Missense_Mutation	5	5	10	0.5	2	1	1	1.2048	1	1.2048	1.0	True	0.83	1.93
11	55322224	G	A	OR4C15	Missense_Mutation	50	14	64	0.21875	2	1	1	0.5271	1	0.5271	0.5271	False	0.83	1.93
11	55322738	C	T	OR4C15	Missense_Mutation	41	34	75	0.4533333333333333	2	1	1	1.0924	1	1.0924	1.0	True	0.83	1.93
11	55579712	C	T	OR5L1	Missense_Mutation	151	38	189	0.20105820105820105	2	1	1	0.4845	1	0.4845	0.4845	False	0.83	1.93
11	55579833	G	A	OR5L1	Silent	53	45	98	0.45918367346938777	2	1	1	1.1065	1	1.1065	1.0	True	0.83	1.93
11	55594973	C	T	OR5L2	Silent	74	13	87	0.14942528735632185	2	1	1	0.3601	1	0.3601	0.3601	False	0.83	1.93
11	55735136	G	A	OR10AG1	Silent	70	16	86	0.18604651162790697	2	1	1	0.4483	1	0.4483	0.4483	False	0.83	1.93
11	55735289	C	T	OR10AG1	Silent	42	23	65	0.35384615384615387	2	1	1	0.8526	1	0.8526	0.8526	True	0.83	1.93
11	55762055	C	T	OR5F1	Missense_Mutation	66	46	112	0.4107142857142857	2	1	1	0.9897	1	0.9897	0.9897	True	0.83	1.93
11	55889918	G	T	OR8H3	Missense_Mutation	102	23	125	0.184	2	1	1	0.4434	1	0.4434	0.4434	False	0.83	1.93
11	57004260	C	T	APLNR	Silent	188	161	349	0.46131805157593125	2	1	1	1.1116	1	1.1116	1.0	True	0.83	1.93
11	57068486	A	C	TNKS1BP1	Silent	123	104	227	0.4581497797356828	2	1	1	1.104	1	1.104	1.0	True	0.83	1.93
11	58126362	G	A	OR5B17	Missense_Mutation	13	10	23	0.43478260869565216	2	1	1	1.0477	1	1.0477	1.0	True	0.83	1.93
11	58723508	A	T	GLYATL1	3'UTR	84	56	140	0.4	2	1	1	0.9639	1	0.9639	0.9639	True	0.83	1.93
11	59189564	G	A	OR5A2	Missense_Mutation	35	4	39	0.10256410256410256	2	1	1	0.2471	1	0.2471	0.2471	False	0.83	1.93
11	59423462	G	A	PATL1	Silent	63	21	84	0.25	2	1	1	0.6024	1	0.6024	0.6024	False	0.83	1.93
11	60689575	G	A	TMEM109	Missense_Mutation	114	121	235	0.5148936170212766	2	1	1	1.2407	1	1.2407	1.0	True	0.83	1.93
11	61404442	G	A	RPLP0P2	RNA	85	24	109	0.22018348623853212	2	1	1	0.5306	1	0.5306	0.5306	False	0.83	1.93
11	61959676	G	A	SCGB1D1	Silent	40	51	91	0.5604395604395604	2	1	1	1.3505	1	1.3505	1.0	True	0.83	1.93
11	62346322	C	T	TUT1	Missense_Mutation	192	179	371	0.48247978436657685	2	1	1	1.1626	1	1.1626	1.0	True	0.83	1.93
11	62346323	C	T	TUT1	Silent	192	181	373	0.48525469168900803	2	1	1	1.1693	1	1.1693	1.0	True	0.83	1.93
11	62782229	C	T	SLC22A8	Missense_Mutation	640	583	1223	0.4766966475878986	2	1	1	1.1487	1	1.1487	1.0	True	0.83	1.93
11	62996845	G	A	SLC22A25	Missense_Mutation	35	4	39	0.10256410256410256	2	1	1	0.2471	1	0.2471	0.2471	False	0.83	1.93
11	63064812	C	T	SLC22A10	Nonsense_Mutation	18	21	39	0.5384615384615384	2	1	1	1.2975	1	1.2975	1.0	True	0.83	1.93
11	63064898	C	T	SLC22A10	Silent	28	7	35	0.2	2	1	1	0.4819	1	0.4819	0.4819	False	0.83	1.93
11	63067078	G	A	SLC22A10	Silent	7	16	23	0.6956521739130435	2	1	1	1.6763	1	1.6763	1.0	True	0.83	1.93
11	64084949	C	T	TRMT112	Missense_Mutation	110	30	140	0.21428571428571427	2	1	1	0.5164	1	0.5164	0.5164	False	0.83	1.93
11	64136992	C	T	RPS6KA4	Silent	90	82	172	0.47674418604651164	2	1	1	1.1488	1	1.1488	1.0	True	0.83	1.93
11	64519430	G	A	PYGM	Silent	480	160	640	0.25	2	1	1	0.6024	1	0.6024	0.6024	False	0.83	1.93
11	64525731	G	A	PYGM	Missense_Mutation	978	278	1256	0.2213375796178344	2	1	1	0.5333	1	0.5333	0.5333	False	0.83	1.93
11	64669436	G	A	ATG2A	Missense_Mutation	313	233	546	0.4267399267399267	2	1	1	1.0283	1	1.0283	1.0	True	0.83	1.93
11	64669437	G	A	ATG2A	Silent	316	233	549	0.424408014571949	2	1	1	1.0227	1	1.0227	1.0	True	0.83	1.93
11	64764438	C	T	BATF2	5'UTR	113	117	230	0.508695652173913	2	1	1	1.2258	1	1.2258	1.0	True	0.83	1.93
11	64812753	G	A	NAALADL1	Missense_Mutation	151	49	200	0.245	2	1	1	0.5904	1	0.5904	0.5904	False	0.83	1.93
11	65266878	T	C	MALAT1	RNA	50	49	99	0.494949494949495	2	1	1	1.1926	1	1.1926	1.0	True	0.83	1.93
11	65267853	A	G	MALAT1	RNA	192	167	359	0.46518105849582175	2	1	1	1.1209	1	1.1209	1.0	True	0.83	1.93
11	65313968	G	A	LTBP3	Silent	128	119	247	0.4817813765182186	2	1	1	1.1609	1	1.1609	1.0	True	0.83	1.93
11	65367187	G	A	MAP3K11	Silent	109	37	146	0.2534246575342466	2	1	1	0.6107	1	0.6107	0.6107	False	0.83	1.93
11	65367188	G	A	MAP3K11	Missense_Mutation	109	37	146	0.2534246575342466	2	1	1	0.6107	1	0.6107	0.6107	False	0.83	1.93
11	66006668	C	G	PACS1	Silent	288	199	487	0.4086242299794661	2	1	1	0.9846	1	0.9846	0.9846	True	0.83	1.93
11	66328765	A	T	CTSF	3'Flank	94	66	160	0.4125	2	1	1	0.994	1	0.994	0.994	True	0.83	1.93
11	67222957	C	T	CABP4	Silent	208	71	279	0.25448028673835127	2	1	1	0.6132	1	0.6132	0.6132	False	0.83	1.93
11	68475735	C	T	MTL5	3'UTR	114	38	152	0.25	2	1	1	0.6024	1	0.6024	0.6024	False	0.83	1.93
11	70338455	C	T	SHANK2	Silent	327	98	425	0.23058823529411765	2	1	1	0.5556	1	0.5556	0.5556	False	0.83	1.93
11	71715117	C	T	NUMA1	Missense_Mutation	547	475	1022	0.46477495107632094	2	1	1	1.1199	1	1.1199	1.0	True	0.83	1.93
11	71940600	C	T	INPPL1	Nonsense_Mutation	933	273	1206	0.2263681592039801	2	1	1	0.5455	1	0.5455	0.5455	False	0.83	1.93
11	72408418	G	A	ARAP1	Missense_Mutation	1163	1052	2215	0.4749435665914221	2	1	1	1.1444	1	1.1444	1.0	True	0.83	1.93
11	73681102	C	T	DNAJB13	Silent	417	399	816	0.4889705882352941	2	1	1	1.1782	1	1.1782	1.0	True	0.83	1.93
11	74977201	G	A	ARRB1	3'UTR	170	179	349	0.5128939828080229	2	1	1	1.2359	1	1.2359	1.0	True	0.83	1.93
11	77910659	C	T	USP35	Silent	596	586	1182	0.4957698815566836	2	1	1	1.1946	1	1.1946	1.0	True	0.83	1.93
11	78383140	C	T	TENM4	Missense_Mutation	160	60	220	0.2727272727272727	2	1	1	0.6572	1	0.6572	0.6572	False	0.83	1.93
11	78387371	G	C	TENM4	Missense_Mutation	179	144	323	0.4458204334365325	2	1	1	1.0743	1	1.0743	1.0	True	0.83	1.93
11	78443510	C	T	TENM4	Missense_Mutation	25	18	43	0.4186046511627907	2	1	1	1.0087	1	1.0087	1.0	True	0.83	1.93
11	78482078	G	A	TENM4	Missense_Mutation	5	8	13	0.6153846153846154	2	1	1	1.4829	1	1.4829	1.0	True	0.83	1.93
11	82935899	C	T	ANKRD42	Missense_Mutation	65	86	151	0.5695364238410596	2	1	1	1.3724	1	1.3724	1.0	True	0.83	1.93
11	85420485	C	T	SYTL2	Missense_Mutation	157	51	208	0.24519230769230768	2	1	1	0.5908	1	0.5908	0.5908	False	0.83	1.93
11	85468696	G	A	SYTL2	Silent	174	50	224	0.22321428571428573	2	1	1	0.5379	1	0.5379	0.5379	False	0.83	1.93
11	89407302	G	A	FOLH1B	RNA	40	4	44	0.09090909090909091	2	1	1	0.2191	1	0.2191	0.2191	False	0.83	1.93
11	93822030	G	A	HEPHL1	Silent	189	138	327	0.42201834862385323	2	1	1	1.0169	1	1.0169	1.0	True	0.83	1.93
11	94731230	C	T	KDM4D	Missense_Mutation	207	59	266	0.22180451127819548	2	1	1	0.5345	1	0.5345	0.5345	False	0.83	1.93
11	94862602	C	T	ENDOD1	Silent	86	82	168	0.4880952380952381	2	1	1	1.1761	1	1.1761	1.0	True	0.83	1.93
11	99690324	A	G	CNTN5	Silent	342	134	476	0.2815126050420168	2	1	1	0.6783	1	0.6783	0.6783	False	0.83	1.93
11	100179193	G	A	CNTN5	Missense_Mutation	44	15	59	0.2542372881355932	2	1	1	0.6126	1	0.6126	0.6126	False	0.83	1.93
11	100999653	G	A	PGR	Missense_Mutation	132	124	256	0.484375	2	1	1	1.1672	1	1.1672	1.0	True	0.83	1.93
11	101375371	T	C	TRPC6	Missense_Mutation	57	34	91	0.37362637362637363	2	1	1	0.9003	1	0.9003	0.9003	True	0.83	1.93
11	101833960	G	A	KIAA1377	Missense_Mutation	19	4	23	0.17391304347826086	2	1	1	0.4191	1	0.4191	0.4191	False	0.83	1.93
11	102650355	C	T	MMP10	Missense_Mutation	69	19	88	0.2159090909090909	2	1	1	0.5203	1	0.5203	0.5203	False	0.83	1.93
11	102661089	G	A	MMP1	3'UTR	9	5	14	0.35714285714285715	2	1	1	0.8606	1	0.8606	0.8606	True	0.83	1.93
11	103025222	C	T	DYNC2H1	Silent	11	7	18	0.3888888888888889	2	1	1	0.9371	1	0.9371	0.9371	True	0.83	1.93
11	103027349	C	T	DYNC2H1	Missense_Mutation	16	28	44	0.6363636363636364	2	1	1	1.5334	1	1.5334	1.0	True	0.83	1.93
11	108155011	G	A	ATM	Silent	37	8	45	0.17777777777777778	2	1	1	0.4284	1	0.4284	0.4284	False	0.83	1.93
11	111405324	G	A	C11orf88	Intron	47	49	96	0.5104166666666666	2	1	1	1.2299	1	1.2299	1.0	True	0.83	1.93
11	113269692	G	A	ANKK1	Missense_Mutation	28	6	34	0.17647058823529413	2	1	1	0.4252	1	0.4252	0.4252	False	0.83	1.93
11	116633924	A	T	BUD13	Silent	1060	957	2017	0.4744670302429351	2	1	1	1.1433	1	1.1433	1.0	True	0.83	1.93
11	117063866	C	T	SIDT2	Intron	1780	1510	3290	0.45896656534954405	2	1	1	1.1059	1	1.1059	1.0	True	0.83	1.93
11	118373290	C	T	KMT2A	Missense_Mutation	76	77	153	0.5032679738562091	2	1	1	1.2127	1	1.2127	1.0	True	0.83	1.93
11	119027056	C	T	ABCG4	Missense_Mutation	858	278	1136	0.24471830985915494	2	1	1	0.5897	1	0.5897	0.5897	False	0.83	1.93
11	120008368	C	T	TRIM29	Silent	764	707	1471	0.4806254248810333	2	1	1	1.1581	1	1.1581	1.0	True	0.83	1.93
11	121477909	G	A	SORL1	Silent	181	30	211	0.14218009478672985	2	1	1	0.3426	1	0.3426	0.3426	False	0.83	1.93
11	122647763	G	A	UBASH3B	Missense_Mutation	64	58	122	0.47540983606557374	2	1	1	1.1456	1	1.1456	1.0	True	0.83	1.93
11	122931379	G	A	HSPA8	Silent	556	175	731	0.2393980848153215	2	1	1	0.5769	1	0.5769	0.5769	False	0.83	1.93
11	123448136	C	T	GRAMD1B	Missense_Mutation	48	31	79	0.3924050632911392	2	1	1	0.9456	1	0.9456	0.9456	True	0.83	1.93
11	123908820	C	T	OR10G7	Missense_Mutation	25	8	33	0.24242424242424243	2	1	1	0.5842	1	0.5842	0.5842	False	0.83	1.93
11	123993780	A	G	VWA5A	Missense_Mutation	99	22	121	0.18181818181818182	2	1	1	0.4381	1	0.4381	0.4381	False	0.83	1.93
11	124253044	G	A	OR8B2	Missense_Mutation	44	26	70	0.37142857142857144	2	1	1	0.895	1	0.895	0.895	True	0.83	1.93
11	124266729	G	A	OR8B3	Silent	65	62	127	0.4881889763779528	2	1	1	1.1764	1	1.1764	1.0	True	0.83	1.93
11	124481452	C	T	PANX3	5'UTR	42	43	85	0.5058823529411764	2	1	1	1.219	1	1.219	1.0	True	0.83	1.93
11	124749423	C	T	ROBO3	Missense_Mutation	161	42	203	0.20689655172413793	2	1	1	0.4985	1	0.4985	0.4985	False	0.83	1.93
11	125618763	C	T	PATE1	3'UTR	5	5	10	0.5	2	1	1	1.2048	1	1.2048	1.0	True	0.83	1.93
11	130342957	C	T	ADAMTS15	Silent	368	307	675	0.45481481481481484	1	1	0	0.6411	1	0.6411	0.6411	False	0.83	1.93
12	463244	C	T	KDM5A	Missense_Mutation	74	22	96	0.22916666666666666	2	1	1	0.5522	1	0.5522	0.5522	False	0.83	1.93
12	3763391	G	A	EFCAB4B	Nonsense_Mutation	102	82	184	0.44565217391304346	2	1	1	1.0739	1	1.0739	1.0	True	0.83	1.93
12	4446225	C	T	C12orf5	Missense_Mutation	127	43	170	0.2529411764705882	2	1	1	0.6095	1	0.6095	0.6095	False	0.83	1.93
12	4702284	A	C	DYRK4	Missense_Mutation	56	51	107	0.4766355140186916	2	1	1	1.1485	1	1.1485	1.0	True	0.83	1.93
12	4724902	C	T	AKAP3	3'UTR	78	59	137	0.4306569343065693	2	1	1	1.0377	1	1.0377	1.0	True	0.83	1.93
12	5708727	G	A	ANO2	Missense_Mutation	79	70	149	0.4697986577181208	2	1	1	1.132	1	1.132	1.0	True	0.83	1.93
12	6471223	T	C	SCNN1A	Missense_Mutation	377	393	770	0.5103896103896104	2	1	1	1.2299	1	1.2299	1.0	True	0.83	1.93
12	6700684	G	A	CHD4	Silent	171	195	366	0.5327868852459017	2	1	1	1.2838	1	1.2838	1.0	True	0.83	1.93
12	6753378	C	T	ACRBP	Missense_Mutation	363	315	678	0.4646017699115044	2	1	1	1.1195	1	1.1195	1.0	True	0.83	1.93
12	7527893	G	A	CD163L1	Silent	62	21	83	0.25301204819277107	2	1	1	0.6097	1	0.6097	0.6097	False	0.83	1.93
12	7528442	C	T	CD163L1	Missense_Mutation	98	85	183	0.4644808743169399	2	1	1	1.1192	1	1.1192	1.0	True	0.83	1.93
12	7528443	C	T	CD163L1	Missense_Mutation	98	86	184	0.4673913043478261	2	1	1	1.1262	1	1.1262	1.0	True	0.83	1.93
12	7651770	C	T	CD163	Missense_Mutation	75	21	96	0.21875	2	1	1	0.5271	1	0.5271	0.5271	False	0.83	1.93
12	10010159	T	C	CLEC2B	Missense_Mutation	40	7	47	0.14893617021276595	2	1	1	0.3589	1	0.3589	0.3589	False	0.83	1.93
12	10541470	G	A	KLRK1	5'UTR	14	9	23	0.391304347826087	2	1	1	0.9429	1	0.9429	0.9429	True	0.83	1.93
12	10978338	C	A	TAS2R10	Missense_Mutation	25	12	37	0.32432432432432434	2	1	1	0.7815	1	0.7815	0.7815	False	0.83	1.93
12	14827660	C	A	GUCY2C	Missense_Mutation	44	20	64	0.3125	2	1	1	0.753	1	0.753	0.753	False	0.83	1.93
12	15823810	T	A	EPS8	Missense_Mutation	49	40	89	0.449438202247191	2	1	1	1.083	1	1.083	1.0	True	0.83	1.93
12	18890395	C	T	PLCZ1	5'UTR	3	8	11	0.7272727272727273	2	1	1	1.7525	1	1.7525	1.0	True	0.83	1.93
12	20774250	C	T	PDE3A	Missense_Mutation	6	7	13	0.5384615384615384	2	1	1	1.2975	1	1.2975	1.0	True	0.83	1.93
12	21036506	G	A	SLCO1B3	Missense_Mutation	72	36	108	0.3333333333333333	2	1	1	0.8032	1	0.8032	0.8032	False	0.83	1.93
12	21727174	C	T	GYS2	Silent	15	12	27	0.4444444444444444	2	1	1	1.071	1	1.071	1.0	True	0.83	1.93
12	32871635	C	T	DNM1L	Silent	33	51	84	0.6071428571428571	2	1	1	1.463	1	1.463	1.0	True	0.83	1.93
12	38714324	T	A	ALG10B	Missense_Mutation	503	134	637	0.21036106750392464	2	1	1	0.5069	1	0.5069	0.5069	False	0.83	1.93
12	39973353	G	A	ABCD2	Missense_Mutation	155	39	194	0.20103092783505155	2	1	1	0.4844	1	0.4844	0.4844	False	0.83	1.93
12	40076547	G	A	C12orf40	Missense_Mutation	86	59	145	0.4068965517241379	2	1	1	0.9805	1	0.9805	0.9805	True	0.83	1.93
12	40653358	C	G	LRRK2	Missense_Mutation	16	4	20	0.2	2	1	1	0.4819	1	0.4819	0.4819	False	0.83	1.93
12	41312506	G	A	CNTN1	Missense_Mutation	57	25	82	0.3048780487804878	2	1	1	0.7346	1	0.7346	0.7346	False	0.83	1.93
12	43847717	G	A	ADAMTS20	Missense_Mutation	6	9	15	0.6	2	1	1	1.4458	1	1.4458	1.0	True	0.83	1.93
12	43945032	G	A	ADAMTS20	Missense_Mutation	202	176	378	0.4656084656084656	2	1	1	1.1219	1	1.1219	1.0	True	0.83	1.93
12	45059387	C	T	NELL2	Missense_Mutation	131	36	167	0.2155688622754491	2	1	1	0.5194	1	0.5194	0.5194	False	0.83	1.93
12	46246056	C	T	ARID2	Missense_Mutation	19	7	26	0.2692307692307692	2	1	1	0.6487	1	0.6487	0.6487	False	0.83	1.93
12	46601355	C	T	SLC38A1	Silent	39	26	65	0.4	2	1	1	0.9639	1	0.9639	0.9639	True	0.83	1.93
12	47186741	C	T	SLC38A4	Missense_Mutation	32	16	48	0.3333333333333333	2	1	1	0.8032	1	0.8032	0.8032	False	0.83	1.93
12	48191260	C	T	HDAC7	Missense_Mutation	301	266	567	0.4691358024691358	2	1	1	1.1304	1	1.1304	1.0	True	0.83	1.93
12	48723366	G	A	H1FNT	Missense_Mutation	173	138	311	0.4437299035369775	2	1	1	1.0692	1	1.0692	1.0	True	0.83	1.93
12	48962956	C	T	LALBA	Silent	54	18	72	0.25	2	1	1	0.6024	1	0.6024	0.6024	False	0.83	1.93
12	49087349	G	A	CCNT1	Nonsense_Mutation	296	242	538	0.44981412639405205	2	1	1	1.0839	1	1.0839	1.0	True	0.83	1.93
12	49421018	G	A	KMT2D	Missense_Mutation	763	251	1014	0.24753451676528598	2	1	1	0.5965	1	0.5965	0.5965	False	0.83	1.93
12	49432566	G	A	KMT2D	Missense_Mutation	99	20	119	0.16806722689075632	2	1	1	0.405	1	0.405	0.405	False	0.83	1.93
12	50025701	C	T	PRPF40B	Missense_Mutation	458	339	797	0.42534504391468003	2	1	1	1.0249	1	1.0249	1.0	True	0.83	1.93
12	50189689	G	C	NCKAP5L	Missense_Mutation	92	30	122	0.2459016393442623	2	1	1	0.5925	1	0.5925	0.5925	False	0.83	1.93
12	51584014	G	A	POU6F1	3'UTR	123	49	172	0.28488372093023256	2	1	1	0.6865	1	0.6865	0.6865	False	0.83	1.93
12	52156341	C	T	SCN8A	Missense_Mutation	213	182	395	0.4607594936708861	2	1	1	1.1103	1	1.1103	1.0	True	0.83	1.93
12	52284813	G	A	ANKRD33	Silent	169	136	305	0.4459016393442623	2	1	1	1.0745	1	1.0745	1.0	True	0.83	1.93
12	52646107	G	A	KRT7	3'Flank	308	302	610	0.49508196721311476	2	1	1	1.193	1	1.193	1.0	True	0.83	1.93
12	52938154	C	T	KRT71	3'UTR	83	72	155	0.4645161290322581	2	1	1	1.1193	1	1.1193	1.0	True	0.83	1.93
12	52943862	C	T	KRT71	Missense_Mutation	365	280	645	0.43410852713178294	2	1	1	1.046	1	1.046	1.0	True	0.83	1.93
12	53202120	C	T	KRT4	Missense_Mutation	329	64	393	0.1628498727735369	2	1	1	0.3924	1	0.3924	0.3924	False	0.83	1.93
12	53664583	G	A	ESPL1	Splice_Site	412	131	543	0.24125230202578268	2	1	1	0.5813	1	0.5813	0.5813	False	0.83	1.93
12	54686416	C	T	NFE2	Silent	87	132	219	0.6027397260273972	2	1	1	1.4524	1	1.4524	1.0	True	0.83	1.93
12	54795606	G	A	ITGA5	Missense_Mutation	143	120	263	0.45627376425855515	2	1	1	1.0995	1	1.0995	1.0	True	0.83	1.93
12	54799016	C	T	ITGA5	Missense_Mutation	237	249	486	0.5123456790123457	2	1	1	1.2346	1	1.2346	1.0	True	0.83	1.93
12	54901693	C	T	NCKAP1L	Silent	116	24	140	0.17142857142857143	2	1	1	0.4131	1	0.4131	0.4131	False	0.83	1.93
12	55420303	C	T	NEUROD4	Missense_Mutation	40	19	59	0.3220338983050847	2	1	1	0.776	1	0.776	0.776	False	0.83	1.93
12	55615353	C	T	OR10A7	Missense_Mutation	46	8	54	0.14814814814814814	2	1	1	0.357	1	0.357	0.357	False	0.83	1.93
12	56031459	C	T	OR10P1	Missense_Mutation	320	76	396	0.1919191919191919	2	1	1	0.4625	1	0.4625	0.4625	False	0.83	1.93
12	56398469	C	T	SUOX	Silent	386	97	483	0.20082815734989648	2	1	1	0.4839	1	0.4839	0.4839	False	0.83	1.93
12	56492414	C	T	ERBB3	Intron	192	69	261	0.26436781609195403	2	1	1	0.637	1	0.637	0.637	False	0.83	1.93
12	56705059	G	A	CNPY2	Missense_Mutation	920	290	1210	0.2396694214876033	2	1	1	0.5775	1	0.5775	0.5775	False	0.83	1.93
12	56755814	G	A	APOF	Missense_Mutation	466	346	812	0.42610837438423643	2	1	1	1.0268	1	1.0268	1.0	True	0.83	1.93
12	57548035	T	G	LRP1	Missense_Mutation	573	152	725	0.2096551724137931	2	1	1	0.5052	1	0.5052	0.5052	False	0.83	1.93
12	57600328	C	T	LRP1	Missense_Mutation	202	206	408	0.5049019607843137	2	1	1	1.2166	1	1.2166	1.0	True	0.83	1.93
12	60098735	C	A	SLC16A7	Missense_Mutation	8	7	15	0.4666666666666667	2	1	1	1.1245	1	1.1245	1.0	True	0.83	1.93
12	64521665	C	T	SRGAP1	Silent	161	112	273	0.41025641025641024	2	1	1	0.9886	1	0.9886	0.9886	True	0.83	1.93
12	66308901	G	A	HMGA2	Intron	198	67	265	0.2528301886792453	2	1	1	0.6092	1	0.6092	0.6092	False	0.83	1.93
12	69651633	G	T	CPSF6	Silent	207	209	416	0.5024038461538461	2	1	1	1.2106	1	1.2106	1.0	True	0.83	1.93
12	70954554	C	T	PTPRB	Silent	25	11	36	0.3055555555555556	2	1	1	0.7363	1	0.7363	0.7363	False	0.83	1.93
12	75444548	G	T	KCNC2	Missense_Mutation	7	9	16	0.5625	2	1	1	1.3554	1	1.3554	1.0	True	0.83	1.93
12	76740252	G	A	BBS10	Missense_Mutation	311	255	566	0.450530035335689	2	1	1	1.0856	1	1.0856	1.0	True	0.83	1.93
12	78562597	C	T	NAV3	Silent	17	8	25	0.32	2	1	1	0.7711	1	0.7711	0.7711	False	0.83	1.93
12	81733043	G	A	PPFIA2	Missense_Mutation	14	6	20	0.3	2	1	1	0.7229	1	0.7229	0.7229	False	0.83	1.93
12	85518290	G	A	LRRIQ1	Missense_Mutation	178	135	313	0.43130990415335463	2	1	1	1.0393	1	1.0393	1.0	True	0.83	1.93
12	86373394	C	T	MGAT4C	Silent	28	11	39	0.28205128205128205	2	1	1	0.6796	1	0.6796	0.6796	False	0.83	1.93
12	95914826	C	T	USP44	Missense_Mutation	236	81	317	0.2555205047318612	2	1	1	0.6157	1	0.6157	0.6157	False	0.83	1.93
12	96368029	G	A	HAL	Missense_Mutation	681	214	895	0.23910614525139665	2	1	1	0.5762	1	0.5762	0.5762	False	0.83	1.93
12	101573822	C	T	SLC5A8	Missense_Mutation	118	23	141	0.16312056737588654	2	1	1	0.3931	1	0.3931	0.3931	False	0.83	1.93
12	104033936	C	T	STAB2	Silent	268	231	499	0.46292585170340683	2	1	1	1.1155	1	1.1155	1.0	True	0.83	1.93
12	104149490	C	T	STAB2	Silent	83	92	175	0.5257142857142857	2	1	1	1.2668	1	1.2668	1.0	True	0.83	1.93
12	108045516	G	A	BTBD11	Silent	63	73	136	0.5367647058823529	2	1	1	1.2934	1	1.2934	1.0	True	0.83	1.93
12	109644522	C	T	ACACB	Missense_Mutation	1036	216	1252	0.17252396166134185	2	1	1	0.4157	1	0.4157	0.4157	False	0.83	1.93
12	109881337	A	T	MYO1H	Nonsense_Mutation	112	37	149	0.2483221476510067	2	1	1	0.5984	1	0.5984	0.5984	False	0.83	1.93
12	110812066	G	A	ANAPC7	Silent	233	183	416	0.43990384615384615	2	1	1	1.06	1	1.06	1.0	True	0.83	1.93
12	111089095	G	A	HVCN1	Silent	88	39	127	0.30708661417322836	2	1	1	0.74	1	0.74	0.74	False	0.83	1.93
12	111785931	C	T	CUX2	Silent	208	57	265	0.21509433962264152	2	1	1	0.5183	1	0.5183	0.5183	False	0.83	1.93
12	112371783	C	A	TMEM116	Missense_Mutation	49	38	87	0.4367816091954023	2	1	1	1.0525	1	1.0525	1.0	True	0.83	1.93
12	113333679	G	C	RPH3A	Splice_Site	25	10	35	0.2857142857142857	2	1	1	0.6885	1	0.6885	0.6885	False	0.83	1.93
12	113403602	C	T	OAS3	Silent	40	18	58	0.3103448275862069	2	1	1	0.7478	1	0.7478	0.7478	False	0.83	1.93
12	113496244	C	T	DTX1	Missense_Mutation	418	431	849	0.5076560659599529	2	1	1	1.2233	1	1.2233	1.0	True	0.83	1.93
12	113532612	G	A	DTX1	Missense_Mutation	297	86	383	0.2245430809399478	2	1	1	0.5411	1	0.5411	0.5411	False	0.83	1.93
12	113537799	G	A	RASAL1	Missense_Mutation	369	110	479	0.22964509394572025	2	1	1	0.5534	1	0.5534	0.5534	False	0.83	1.93
12	117669901	G	T	NOS1	Missense_Mutation	62	37	99	0.37373737373737376	2	1	1	0.9006	1	0.9006	0.9006	True	0.83	1.93
12	117685236	C	T	NOS1	Missense_Mutation	98	27	125	0.216	2	1	1	0.5205	1	0.5205	0.5205	False	0.83	1.93
12	117696935	C	T	NOS1	Missense_Mutation	45	42	87	0.4827586206896552	2	1	1	1.1633	1	1.1633	1.0	True	0.83	1.93
12	117977675	A	T	KSR2	Silent	157	36	193	0.18652849740932642	2	1	1	0.4495	1	0.4495	0.4495	False	0.83	1.93
12	119568606	C	T	SRRM4	Silent	31	34	65	0.5230769230769231	2	1	1	1.2604	1	1.2604	1.0	True	0.83	1.93
12	120578756	G	A	GCN1L1	Silent	611	181	792	0.22853535353535354	2	1	1	0.5507	1	0.5507	0.5507	False	0.83	1.93
12	121205252	G	A	SPPL3	Silent	72	71	143	0.4965034965034965	2	1	1	1.1964	1	1.1964	1.0	True	0.83	1.93
12	121471316	C	T	OASL	Silent	784	227	1011	0.22453016815034618	2	1	1	0.541	1	0.541	0.541	False	0.83	1.93
12	121471317	C	T	OASL	Missense_Mutation	787	224	1011	0.2215628090999011	2	1	1	0.5339	1	0.5339	0.5339	False	0.83	1.93
12	121880394	C	T	KDM2B	Silent	128	45	173	0.26011560693641617	2	1	1	0.6268	1	0.6268	0.6268	False	0.83	1.93
12	122669159	G	A	LRRC43	Missense_Mutation	213	67	280	0.2392857142857143	2	1	1	0.5766	1	0.5766	0.5766	False	0.83	1.93
12	123095366	C	T	KNTC1	Intron	41	35	76	0.4605263157894737	2	1	1	1.1097	1	1.1097	1.0	True	0.83	1.93
12	123476369	G	A	PITPNM2	Intron	166	57	223	0.2556053811659193	2	1	1	0.6159	1	0.6159	0.6159	False	0.83	1.93
12	123805410	G	A	SBNO1	Missense_Mutation	54	15	69	0.21739130434782608	2	1	1	0.5238	1	0.5238	0.5238	False	0.83	1.93
12	124191370	C	T	TCTN2	Missense_Mutation	180	149	329	0.45288753799392095	2	1	1	1.0913	1	1.0913	1.0	True	0.83	1.93
12	124341782	C	T	DNAH10	Silent	152	143	295	0.4847457627118644	2	1	1	1.1681	1	1.1681	1.0	True	0.83	1.93
12	126135361	C	T	TMEM132B	Silent	40	27	67	0.40298507462686567	2	1	1	0.971	1	0.971	0.971	True	0.83	1.93
12	130897293	C	T	RIMBP2	Missense_Mutation	144	129	273	0.4725274725274725	2	1	1	1.1386	1	1.1386	1.0	True	0.83	1.93
12	130935832	G	A	RIMBP2	Missense_Mutation	193	147	340	0.4323529411764706	2	1	1	1.0418	1	1.0418	1.0	True	0.83	1.93
12	130935833	G	A	RIMBP2	Silent	193	147	340	0.4323529411764706	2	1	1	1.0418	1	1.0418	1.0	True	0.83	1.93
12	132425867	C	T	PUS1	Missense_Mutation	229	153	382	0.4005235602094241	2	1	1	0.9651	1	0.9651	0.9651	True	0.83	1.93
12	132624299	G	A	DDX51	Nonsense_Mutation	288	253	541	0.4676524953789279	2	1	1	1.1269	1	1.1269	1.0	True	0.83	1.93
12	132629495	C	T	NOC4L	Missense_Mutation	95	34	129	0.26356589147286824	2	1	1	0.6351	1	0.6351	0.6351	False	0.83	1.93
13	24876758	C	T	SPATA13	Silent	498	271	769	0.35240572171651496	2	1	1	0.8492	1	0.8492	0.8492	False	0.83	1.93
13	25285668	T	A	ATP12A	3'UTR	249	109	358	0.30446927374301674	2	1	1	0.7337	1	0.7337	0.7337	False	0.83	1.93
13	25285670	C	T	ATP12A	3'UTR	255	111	366	0.30327868852459017	2	1	1	0.7308	1	0.7308	0.7308	False	0.83	1.93
13	25338466	C	T	RNF17	Missense_Mutation	62	42	104	0.40384615384615385	2	1	1	0.9731	1	0.9731	0.9731	True	0.83	1.93
13	25418068	G	A	RNF17	Silent	43	12	55	0.21818181818181817	2	1	1	0.5257	1	0.5257	0.5257	False	0.83	1.93
13	31506856	G	A	TEX26	Missense_Mutation	156	81	237	0.34177215189873417	2	1	1	0.8235	1	0.8235	0.8235	False	0.83	1.93
13	33635166	C	T	KL	Silent	210	87	297	0.29292929292929293	2	1	1	0.7059	1	0.7059	0.7059	False	0.83	1.93
13	35770018	C	T	NBEA	Missense_Mutation	16	9	25	0.36	2	1	1	0.8675	1	0.8675	0.8675	True	0.83	1.93
13	36239231	C	T	NBEA	Missense_Mutation	27	17	44	0.38636363636363635	2	1	1	0.931	1	0.931	0.931	True	0.83	1.93
13	36241521	C	T	NBEA	Silent	205	110	315	0.3492063492063492	2	1	1	0.8415	1	0.8415	0.8415	False	0.83	1.93
13	36241522	C	T	NBEA	Missense_Mutation	207	110	317	0.3470031545741325	2	1	1	0.8362	1	0.8362	0.8362	False	0.83	1.93
13	36764133	C	T	SOHLH2	Silent	51	28	79	0.35443037974683544	2	1	1	0.854	1	0.854	0.854	True	0.83	1.93
13	38211150	G	A	TRPC4	Missense_Mutation	64	22	86	0.2558139534883721	2	1	1	0.6164	1	0.6164	0.6164	False	0.83	1.93
13	39452977	C	T	FREM2	Nonsense_Mutation	33	19	52	0.36538461538461536	2	1	1	0.8804	1	0.8804	0.8804	True	0.83	1.93
13	41134072	G	A	FOXO1	Missense_Mutation	188	154	342	0.4502923976608187	2	1	1	1.085	1	1.085	1.0	True	0.83	1.93
13	41654830	G	A	WBP4	Missense_Mutation	149	85	234	0.36324786324786323	2	1	1	0.8753	1	0.8753	0.8753	True	0.83	1.93
13	42769039	C	T	DGKH	Missense_Mutation	66	38	104	0.36538461538461536	2	1	1	0.8804	1	0.8804	0.8804	True	0.83	1.93
13	42769041	C	T	DGKH	Missense_Mutation	67	38	105	0.3619047619047619	2	1	1	0.8721	1	0.8721	0.8721	True	0.83	1.93
13	45841479	A	C	GTF2F2	Missense_Mutation	124	63	187	0.33689839572192515	2	1	1	0.8118	1	0.8118	0.8118	False	0.83	1.93
13	46276945	C	T	SPERT	Silent	127	81	208	0.3894230769230769	2	1	1	0.9384	1	0.9384	0.9384	True	0.83	1.93
13	46708262	C	T	LCP1	Silent	23	30	53	0.5660377358490566	2	1	1	1.3639	1	1.3639	1.0	True	0.83	1.93
13	50204832	C	T	ARL11	Silent	258	139	397	0.3501259445843829	2	1	1	0.8437	1	0.8437	0.8437	False	0.83	1.93
13	50296188	G	A	KPNA3	Missense_Mutation	193	138	331	0.4169184290030212	2	1	1	1.0046	1	1.0046	1.0	True	0.83	1.93
13	52548574	A	G	ATP7B	Missense_Mutation	118	91	209	0.4354066985645933	2	1	1	1.0492	1	1.0492	1.0	True	0.83	1.93
13	52586554	G	A	ALG11	5'UTR	489	237	726	0.32644628099173556	2	1	1	0.7866	1	0.7866	0.7866	False	0.83	1.93
13	61986316	A	G	PCDH20	Missense_Mutation	413	251	664	0.37801204819277107	2	1	1	0.9109	1	0.9109	0.9109	True	0.83	1.93
13	72131210	C	T	DACH1	Missense_Mutation	29	17	46	0.3695652173913043	2	1	1	0.8905	1	0.8905	0.8905	True	0.83	1.93
13	76381890	G	A	LMO7	Missense_Mutation	43	23	66	0.3484848484848485	2	1	1	0.8397	1	0.8397	0.8397	False	0.83	1.93
13	76381957	A	C	LMO7	Missense_Mutation	48	35	83	0.42168674698795183	2	1	1	1.0161	1	1.0161	1.0	True	0.83	1.93
13	76423325	G	T	LMO7	Nonsense_Mutation	53	18	71	0.2535211267605634	2	1	1	0.6109	1	0.6109	0.6109	False	0.83	1.93
13	77725060	A	T	MYCBP2	Missense_Mutation	102	31	133	0.23308270676691728	2	1	1	0.5616	1	0.5616	0.5616	False	0.83	1.93
13	78133981	C	T	SCEL	Silent	120	42	162	0.25925925925925924	2	1	1	0.6247	1	0.6247	0.6247	False	0.83	1.93
13	79911254	G	T	RBM26	Missense_Mutation	62	29	91	0.31868131868131866	2	1	1	0.7679	1	0.7679	0.7679	False	0.83	1.93
13	84454708	G	A	SLITRK1	Missense_Mutation	191	103	294	0.35034013605442177	2	1	1	0.8442	1	0.8442	0.8442	False	0.83	1.93
13	88328412	G	A	SLITRK5	Missense_Mutation	873	564	1437	0.3924843423799583	2	1	1	0.9457	1	0.9457	0.9457	True	0.83	1.93
13	96589279	C	T	UGGT2	Missense_Mutation	457	236	693	0.34054834054834054	2	1	1	0.8206	1	0.8206	0.8206	False	0.83	1.93
13	97995409	C	T	MBNL2	Missense_Mutation	394	206	600	0.3433333333333333	2	1	1	0.8273	1	0.8273	0.8273	False	0.83	1.93
13	101944421	C	T	NALCN	Missense_Mutation	16	11	27	0.4074074074074074	2	1	1	0.9817	1	0.9817	0.9817	True	0.83	1.93
13	102368069	G	A	ITGBL1	3'UTR	47	34	81	0.41975308641975306	2	1	1	1.0115	1	1.0115	1.0	True	0.83	1.93
13	103698526	G	A	SLC10A2	Missense_Mutation	27	17	44	0.38636363636363635	2	1	1	0.931	1	0.931	0.931	True	0.83	1.93
13	109318403	C	T	MYO16	Silent	30	12	42	0.2857142857142857	2	1	1	0.6885	1	0.6885	0.6885	False	0.83	1.93
13	109518583	C	T	MYO16	Missense_Mutation	185	120	305	0.39344262295081966	2	1	1	0.9481	1	0.9481	0.9481	True	0.83	1.93
13	111154033	G	A	COL4A2	Missense_Mutation	358	199	557	0.35727109515260325	2	1	1	0.8609	1	0.8609	0.8609	True	0.83	1.93
13	113679023	C	T	MCF2L	Missense_Mutation	472	265	737	0.35956580732700133	2	1	1	0.8664	1	0.8664	0.8664	True	0.83	1.93
14	20216471	G	A	OR4Q3	Missense_Mutation	23	5	28	0.17857142857142858	2	1	1	0.4303	1	0.4303	0.4303	False	0.83	1.93
14	20248579	C	T	OR4M1	Missense_Mutation	352	91	443	0.2054176072234763	2	1	1	0.495	1	0.495	0.495	False	0.83	1.93
14	20296159	C	T	OR4N2	Silent	160	39	199	0.19597989949748743	2	1	1	0.4722	1	0.4722	0.4722	False	0.83	1.93
14	20344984	G	A	OR4K2	Silent	2089	282	2371	0.11893715731758751	2	1	1	0.2866	1	0.2866	0.2866	False	0.83	1.93
14	20345023	G	A	OR4K2	Missense_Mutation	1625	233	1858	0.12540365984930033	2	1	1	0.3022	1	0.3022	0.3022	False	0.83	1.93
14	20389353	A	T	OR4K5	Missense_Mutation	97	12	109	0.11009174311926606	2	1	1	0.2653	1	0.2653	0.2653	False	0.83	1.93
14	20404475	C	T	OR4K1	Missense_Mutation	108	24	132	0.18181818181818182	2	1	1	0.4381	1	0.4381	0.4381	False	0.83	1.93
14	20404482	C	T	OR4K1	Silent	104	25	129	0.1937984496124031	2	1	1	0.467	1	0.467	0.467	False	0.83	1.93
14	20586009	C	A	OR4K17	Silent	67	23	90	0.25555555555555554	2	1	1	0.6158	1	0.6158	0.6158	False	0.83	1.93
14	21167603	C	T	RNASE4	Missense_Mutation	381	223	604	0.36920529801324503	2	1	1	0.8897	1	0.8897	0.8897	True	0.83	1.93
14	21238388	G	A	EDDM3B	Missense_Mutation	69	50	119	0.42016806722689076	2	1	1	1.0125	1	1.0125	1.0	True	0.83	1.93
14	21424314	A	C	RNASE2	Silent	178	105	283	0.3710247349823322	2	1	1	0.894	1	0.894	0.894	True	0.83	1.93
14	21830469	G	A	SUPT16H	Silent	51	23	74	0.3108108108108108	2	1	1	0.7489	1	0.7489	0.7489	False	0.83	1.93
14	22102532	G	A	OR10G2	Missense_Mutation	171	86	257	0.3346303501945525	2	1	1	0.8063	1	0.8063	0.8063	False	0.83	1.93
14	22362656	C	T	TRAV8-4	5'UTR	7	12	19	0.631578947368421	2	1	1	1.5219	1	1.5219	1.0	True	0.83	1.93
14	23818588	G	A	SLC22A17	Missense_Mutation	174	97	271	0.35793357933579334	2	1	1	0.8625	1	0.8625	0.8625	True	0.83	1.93
14	23887503	G	A	MYH7	Missense_Mutation	399	274	673	0.40713224368499257	2	1	1	0.981	1	0.981	0.981	True	0.83	1.93
14	24033353	T	C	AP1G2	Silent	154	107	261	0.4099616858237548	2	1	1	0.9879	1	0.9879	0.9879	True	0.83	1.93
14	24114504	G	A	DHRS2	Missense_Mutation	320	200	520	0.38461538461538464	2	1	1	0.9268	1	0.9268	0.9268	True	0.83	1.93
14	24587637	C	T	DCAF11	Silent	742	418	1160	0.3603448275862069	2	1	1	0.8683	1	0.8683	0.8683	True	0.83	1.93
14	24803709	G	A	ADCY4	Silent	48	25	73	0.3424657534246575	2	1	1	0.8252	1	0.8252	0.8252	False	0.83	1.93
14	25043610	G	A	CTSG	Silent	191	87	278	0.3129496402877698	2	1	1	0.7541	1	0.7541	0.7541	False	0.83	1.93
14	37145711	C	T	PAX9	3'UTR	52	24	76	0.3157894736842105	2	1	1	0.7609	1	0.7609	0.7609	False	0.83	1.93
14	38724051	C	T	CLEC14A	Missense_Mutation	218	157	375	0.4186666666666667	2	1	1	1.0088	1	1.0088	1.0	True	0.83	1.93
14	45599954	G	A	FKBP3	Missense_Mutation	194	96	290	0.3310344827586207	2	1	1	0.7977	1	0.7977	0.7977	False	0.83	1.93
14	50360931	G	A	ARF6	Silent	195	112	307	0.36482084690553745	2	1	1	0.8791	1	0.8791	0.8791	True	0.83	1.93
14	55847310	G	A	ATG14	Missense_Mutation	40	25	65	0.38461538461538464	2	1	1	0.9268	1	0.9268	0.9268	True	0.83	1.93
14	56108471	C	T	KTN1	Missense_Mutation	98	51	149	0.3422818791946309	2	1	1	0.8248	1	0.8248	0.8248	False	0.83	1.93
14	57082683	G	A	TMEM260	Silent	230	109	339	0.3215339233038348	2	1	1	0.7748	1	0.7748	0.7748	False	0.83	1.93
14	60921820	C	T	C14orf39	Missense_Mutation	37	14	51	0.27450980392156865	2	1	1	0.6615	1	0.6615	0.6615	False	0.83	1.93
14	63453898	C	T	KCNH5	Silent	30	13	43	0.3023255813953488	2	1	1	0.7285	1	0.7285	0.7285	False	0.83	1.93
14	64724039	C	T	ESR2	Silent	440	284	724	0.39226519337016574	2	1	1	0.9452	1	0.9452	0.9452	True	0.83	1.93
14	64724074	C	T	ESR2	Missense_Mutation	368	174	542	0.3210332103321033	2	1	1	0.7736	1	0.7736	0.7736	False	0.83	1.93
14	65241964	G	A	SPTB	Missense_Mutation	276	138	414	0.3333333333333333	2	1	1	0.8032	1	0.8032	0.8032	False	0.83	1.93
14	65262071	C	T	SPTB	Nonsense_Mutation	126	82	208	0.3942307692307692	2	1	1	0.95	1	0.95	0.95	True	0.83	1.93
14	66209165	C	T	FUT8	3'UTR	9	6	15	0.4	2	1	1	0.9639	1	0.9639	0.9639	True	0.83	1.93
14	68191301	T	C	RDH12	Silent	185	101	286	0.3531468531468531	2	1	1	0.851	1	0.851	0.851	True	0.83	1.93
14	71134364	T	C	TTC9	Missense_Mutation	98	56	154	0.36363636363636365	2	1	1	0.8762	1	0.8762	0.8762	True	0.83	1.93
14	75151289	G	A	AREL1	Silent	47	36	83	0.43373493975903615	2	1	1	1.0451	1	1.0451	1.0	True	0.83	1.93
14	75279405	C	T	YLPM1	Missense_Mutation	13	3	16	0.1875	2	1	1	0.4518	1	0.4518	0.4518	False	0.83	1.93
14	76905876	C	T	ESRRB	Silent	265	171	436	0.3922018348623853	2	1	1	0.9451	1	0.9451	0.9451	True	0.83	1.93
14	81227856	G	A	CEP128	Silent	237	129	366	0.3524590163934426	2	1	1	0.8493	1	0.8493	0.8493	False	0.83	1.93
14	90650963	C	T	KCNK13	Silent	190	111	301	0.3687707641196013	2	1	1	0.8886	1	0.8886	0.8886	True	0.83	1.93
14	91927794	G	T	SMEK1	Silent	199	131	330	0.396969696969697	2	1	1	0.9566	1	0.9566	0.9566	True	0.83	1.93
14	92258712	G	A	TC2N	Missense_Mutation	191	90	281	0.3202846975088968	2	1	1	0.7718	1	0.7718	0.7718	False	0.83	1.93
14	93183739	C	T	LGMN	Missense_Mutation	764	437	1201	0.3638634471273938	2	1	1	0.8768	1	0.8768	0.8768	True	0.83	1.93
14	94044276	C	T	UNC79	Missense_Mutation	130	74	204	0.3627450980392157	2	1	1	0.8741	1	0.8741	0.8741	True	0.83	1.93
14	94582776	C	A	IFI27	Intron	61	45	106	0.42452830188679247	2	1	1	1.023	1	1.023	1.0	True	0.83	1.93
14	94964483	G	A	SERPINA12	Silent	249	132	381	0.3464566929133858	2	1	1	0.8348	1	0.8348	0.8348	False	0.83	1.93
14	101194759	C	T	DLK1	Missense_Mutation	371	196	567	0.345679012345679	2	1	1	0.833	1	0.833	0.833	False	0.83	1.93
14	103946755	G	C	MARK3	Missense_Mutation	239	87	326	0.2668711656441718	2	1	1	0.6431	1	0.6431	0.6431	False	0.83	1.93
14	104206788	G	A	PPP1R13B	Silent	817	414	1231	0.3363119415109667	2	1	1	0.8104	1	0.8104	0.8104	False	0.83	1.93
14	104208349	C	T	PPP1R13B	Missense_Mutation	1156	597	1753	0.3405590416428979	2	1	1	0.8206	1	0.8206	0.8206	False	0.83	1.93
14	105406180	G	A	AHNAK2	Missense_Mutation	1845	1046	2891	0.361812521618817	2	1	1	0.8718	1	0.8718	0.8718	True	0.83	1.93
14	105409727	G	A	AHNAK2	Missense_Mutation	999	452	1451	0.31150930392832527	2	1	1	0.7506	1	0.7506	0.7506	False	0.83	1.93
14	105411657	C	T	AHNAK2	Silent	911	582	1493	0.3898191560616209	2	1	1	0.9393	1	0.9393	0.9393	True	0.83	1.93
14	105413138	C	T	AHNAK2	Missense_Mutation	1147	665	1812	0.3669977924944812	2	1	1	0.8843	1	0.8843	0.8843	True	0.83	1.93
14	105455377	A	T	C14orf79	Missense_Mutation	367	230	597	0.3852596314907873	2	1	1	0.9283	1	0.9283	0.9283	True	0.83	1.93
14	106091118	G	T	IGHG4	Missense_Mutation	2006	592	2598	0.22786759045419552	2	1	1	0.5491	1	0.5491	0.5491	False	0.83	1.93
14	106667825	G	A	IGHV3-20	Missense_Mutation	116	77	193	0.39896373056994816	2	1	1	0.9614	1	0.9614	0.9614	True	0.83	1.93
15	23890670	C	T	MAGEL2	Silent	196	172	368	0.4673913043478261	2	1	1	1.1262	1	1.1262	1.0	True	0.83	1.93
15	25232075	T	A	SNORD108	RNA	84	48	132	0.36363636363636365	2	1	1	0.8762	1	0.8762	0.8762	True	0.83	1.93
15	25332813	C	G	SNORD116-20	RNA	103	55	158	0.34810126582278483	2	1	1	0.8388	1	0.8388	0.8388	False	0.83	1.93
15	31220836	G	A	FAN1	Missense_Mutation	568	313	881	0.35527809307604996	2	1	1	0.8561	1	0.8561	0.8561	True	0.83	1.93
15	31357274	T	C	TRPM1	Intron	358	191	549	0.34790528233151186	2	1	1	0.8383	1	0.8383	0.8383	False	0.83	1.93
15	32693645	C	T	GOLGA8K	Missense_Mutation	20	19	39	0.48717948717948717	2	1	1	1.1739	1	1.1739	1.0	True	0.83	1.93
15	32929997	C	T	ARHGAP11A	Missense_Mutation	96	44	140	0.3142857142857143	2	1	1	0.7573	1	0.7573	0.7573	False	0.83	1.93
15	33895497	G	A	RYR3	Missense_Mutation	134	74	208	0.3557692307692308	2	1	1	0.8573	1	0.8573	0.8573	True	0.83	1.93
15	34657849	G	A	LPCAT4	Silent	294	231	525	0.44	2	1	1	1.0602	1	1.0602	1.0	True	0.83	1.93
15	35176813	G	A	AQR	Silent	66	41	107	0.38317757009345793	2	1	1	0.9233	1	0.9233	0.9233	True	0.83	1.93
15	40247835	T	C	EIF2AK4	Silent	123	49	172	0.28488372093023256	2	1	1	0.6865	1	0.6865	0.6865	False	0.83	1.93
15	40675112	C	T	KNSTRN	Missense_Mutation	410	289	699	0.413447782546495	2	1	1	0.9963	1	0.9963	0.9963	True	0.83	1.93
15	41195020	C	T	VPS18	Silent	285	196	481	0.4074844074844075	2	1	1	0.9819	1	0.9819	0.9819	True	0.83	1.93
15	41772832	C	T	RTF1	Missense_Mutation	357	180	537	0.33519553072625696	2	1	1	0.8077	1	0.8077	0.8077	False	0.83	1.93
15	41772833	C	T	RTF1	Missense_Mutation	363	182	545	0.3339449541284404	2	1	1	0.8047	1	0.8047	0.8047	False	0.83	1.93
15	42170735	G	A	SPTBN5	Missense_Mutation	157	101	258	0.39147286821705424	2	1	1	0.9433	1	0.9433	0.9433	True	0.83	1.93
15	42436718	G	A	PLA2G4F	Silent	185	118	303	0.38943894389438943	2	1	1	0.9384	1	0.9384	0.9384	True	0.83	1.93
15	43552311	C	T	TGM5	Silent	334	223	557	0.400359066427289	2	1	1	0.9647	1	0.9647	0.9647	True	0.83	1.93
15	44705593	G	A	CASC4	Missense_Mutation	245	146	391	0.3734015345268542	2	1	1	0.8998	1	0.8998	0.8998	True	0.83	1.93
15	44918538	C	T	SPG11	Silent	74	53	127	0.41732283464566927	2	1	1	1.0056	1	1.0056	1.0	True	0.83	1.93
15	45398743	G	A	DUOX2	Missense_Mutation	906	410	1316	0.31155015197568386	2	1	1	0.7507	1	0.7507	0.7507	False	0.83	1.93
15	45781175	G	A	SLC30A4	Missense_Mutation	66	28	94	0.2978723404255319	2	1	1	0.7178	1	0.7178	0.7178	False	0.83	1.93
15	48707889	A	G	FBN1	Missense_Mutation	97	60	157	0.3821656050955414	2	1	1	0.9209	1	0.9209	0.9209	True	0.83	1.93
15	48789529	G	A	FBN1	Missense_Mutation	62	61	123	0.4959349593495935	2	1	1	1.195	1	1.195	1.0	True	0.83	1.93
15	50555448	C	T	HDC	Missense_Mutation	212	134	346	0.3872832369942196	2	1	1	0.9332	1	0.9332	0.9332	True	0.83	1.93
15	51250972	G	A	AP4E1	Missense_Mutation	58	24	82	0.2926829268292683	2	1	1	0.7053	1	0.7053	0.7053	False	0.83	1.93
15	51250973	G	T	AP4E1	Missense_Mutation	58	24	82	0.2926829268292683	2	1	1	0.7053	1	0.7053	0.7053	False	0.83	1.93
15	52356190	G	A	MAPK6	Missense_Mutation	53	35	88	0.3977272727272727	2	1	1	0.9584	1	0.9584	0.9584	True	0.83	1.93
15	54306845	C	T	UNC13C	Missense_Mutation	34	16	50	0.32	2	1	1	0.7711	1	0.7711	0.7711	False	0.83	1.93
15	54841857	G	A	UNC13C	Missense_Mutation	86	35	121	0.2892561983471074	2	1	1	0.697	1	0.697	0.697	False	0.83	1.93
15	56032592	G	A	PRTG	Missense_Mutation	602	360	962	0.37422037422037424	2	1	1	0.9017	1	0.9017	0.9017	True	0.83	1.93
15	56386375	G	A	RFX7	Missense_Mutation	155	89	244	0.36475409836065575	2	1	1	0.8789	1	0.8789	0.8789	True	0.83	1.93
15	58467154	C	T	AQP9	Silent	52	27	79	0.34177215189873417	2	1	1	0.8235	1	0.8235	0.8235	False	0.83	1.93
15	60768358	G	A	NARG2	Missense_Mutation	121	93	214	0.43457943925233644	2	1	1	1.0472	1	1.0472	1.0	True	0.83	1.93
15	63618455	C	T	CA12	3'UTR	338	232	570	0.4070175438596491	2	1	1	0.9808	1	0.9808	0.9808	True	0.83	1.93
15	63908060	G	A	HERC1	Silent	40	23	63	0.36507936507936506	2	1	1	0.8797	1	0.8797	0.8797	True	0.83	1.93
15	64015516	C	T	HERC1	Missense_Mutation	10	6	16	0.375	2	1	1	0.9036	1	0.9036	0.9036	True	0.83	1.93
15	69011130	C	T	CORO2B	Missense_Mutation	152	110	262	0.4198473282442748	2	1	1	1.0117	1	1.0117	1.0	True	0.83	1.93
15	69238433	G	A	SPESP1	Missense_Mutation	195	125	320	0.390625	2	1	1	0.9413	1	0.9413	0.9413	True	0.83	1.93
15	72192297	C	G	MYO9A	Silent	37	3	40	0.075	2	1	1	0.1807	1	0.1807	0.1807	False	0.83	1.93
15	72700271	G	A	TMEM202	3'UTR	26	11	37	0.2972972972972973	2	1	1	0.7164	1	0.7164	0.7164	False	0.83	1.93
15	72954876	G	A	GOLGA6B	Silent	432	122	554	0.22021660649819494	2	1	1	0.5306	1	0.5306	0.5306	False	0.83	1.93
15	73044794	G	A	ADPGK	Missense_Mutation	180	95	275	0.34545454545454546	2	1	1	0.8324	1	0.8324	0.8324	False	0.83	1.93
15	75012934	C	T	CYP1A1	Missense_Mutation	417	219	636	0.3443396226415094	2	1	1	0.8297	1	0.8297	0.8297	False	0.83	1.93
15	75188745	G	A	MPI	Intron	72	42	114	0.3684210526315789	2	1	1	0.8878	1	0.8878	0.8878	True	0.83	1.93
15	75722576	G	A	SIN3A	Silent	69	55	124	0.4435483870967742	2	1	1	1.0688	1	1.0688	1.0	True	0.83	1.93
15	78317818	G	A	TBC1D2B	Missense_Mutation	71	55	126	0.4365079365079365	2	1	1	1.0518	1	1.0518	1.0	True	0.83	1.93
15	79350699	C	T	RASGRF1	Missense_Mutation	177	148	325	0.4553846153846154	2	1	1	1.0973	1	1.0973	1.0	True	0.83	1.93
15	81271499	G	A	MESDC2	3'UTR	118	73	191	0.38219895287958117	2	1	1	0.921	1	0.921	0.921	True	0.83	1.93
15	82456262	G	A	EFTUD1	Missense_Mutation	53	28	81	0.345679012345679	2	1	1	0.833	1	0.833	0.833	False	0.83	1.93
15	83349745	G	A	AP3B2	Silent	391	143	534	0.26779026217228463	2	1	1	0.6453	1	0.6453	0.6453	False	0.83	1.93
15	83349746	G	A	AP3B2	Missense_Mutation	390	142	532	0.2669172932330827	2	1	1	0.6432	1	0.6432	0.6432	False	0.83	1.93
15	83876084	C	A	HDGFRP3	Missense_Mutation	44	33	77	0.42857142857142855	2	1	1	1.0327	1	1.0327	1.0	True	0.83	1.93
15	84245413	G	A	SH3GL3	Missense_Mutation	34	25	59	0.423728813559322	2	1	1	1.021	1	1.021	1.0	True	0.83	1.93
15	84553918	G	A	ADAMTSL3	Silent	29	8	37	0.21621621621621623	2	1	1	0.521	1	0.521	0.521	False	0.83	1.93
15	84561641	G	A	ADAMTSL3	Splice_Site	34	14	48	0.2916666666666667	2	1	1	0.7028	1	0.7028	0.7028	False	0.83	1.93
15	85382953	C	T	ALPK3	Missense_Mutation	555	365	920	0.3967391304347826	2	1	1	0.956	1	0.956	0.956	True	0.83	1.93
15	89381943	G	A	ACAN	Silent	512	272	784	0.3469387755102041	2	1	1	0.836	1	0.836	0.836	False	0.83	1.93
15	89381944	G	A	ACAN	Missense_Mutation	499	272	771	0.3527885862516213	2	1	1	0.8501	1	0.8501	0.8501	True	0.83	1.93
15	89403630	C	T	ACAN	Silent	139	80	219	0.365296803652968	2	1	1	0.8802	1	0.8802	0.8802	True	0.83	1.93
15	90771879	C	T	SEMA4B	3'UTR	388	227	615	0.36910569105691055	2	1	1	0.8894	1	0.8894	0.8894	True	0.83	1.93
15	93543792	C	T	CHD2	Silent	68	37	105	0.3523809523809524	2	1	1	0.8491	1	0.8491	0.8491	False	0.83	1.93
15	100269448	G	A	LYSMD4	Silent	673	409	1082	0.378003696857671	2	1	1	0.9109	1	0.9109	0.9109	True	0.83	1.93
15	101929707	G	A	PCSK6	Silent	491	251	742	0.33827493261455527	2	1	1	0.8151	1	0.8151	0.8151	False	0.83	1.93
15	102516407	C	T	WASH3P	3'Flank	279	23	302	0.076158940397351	2	1	1	0.1835	1	0.1835	0.1835	False	0.83	1.93
16	347065	G	A	AXIN1	Missense_Mutation	1069	658	1727	0.3810075275043428	2	1	1	0.9181	1	0.9181	0.9181	True	0.83	1.93
16	1270244	C	T	CACNA1H	Silent	186	109	295	0.3694915254237288	2	1	1	0.8903	1	0.8903	0.8903	True	0.83	1.93
16	1838655	C	T	NUBP2	Silent	163	127	290	0.4379310344827586	2	1	1	1.0553	1	1.0553	1.0	True	0.83	1.93
16	2012222	G	A	RPS2	Silent	343	191	534	0.35767790262172283	2	1	1	0.8619	1	0.8619	0.8619	True	0.83	1.93
16	2228577	C	G	CASKIN1	Missense_Mutation	133	95	228	0.4166666666666667	2	1	1	1.004	1	1.004	1.0	True	0.83	1.93
16	2231004	G	A	CASKIN1	Nonsense_Mutation	202	100	302	0.33112582781456956	2	1	1	0.7979	1	0.7979	0.7979	False	0.83	1.93
16	2234978	G	A	CASKIN1	Missense_Mutation	497	333	830	0.40120481927710844	2	1	1	0.9668	1	0.9668	0.9668	True	0.83	1.93
16	2260031	C	T	BRICD5	Missense_Mutation	135	86	221	0.3891402714932127	2	1	1	0.9377	1	0.9377	0.9377	True	0.83	1.93
16	2294496	G	A	ECI1	Missense_Mutation	129	69	198	0.3484848484848485	2	1	1	0.8397	1	0.8397	0.8397	False	0.83	1.93
16	2294497	G	A	ECI1	Silent	126	69	195	0.35384615384615387	2	1	1	0.8526	1	0.8526	0.8526	True	0.83	1.93
16	2499286	C	T	CCNF	Missense_Mutation	421	255	676	0.3772189349112426	2	1	1	0.909	1	0.909	0.909	True	0.83	1.93
16	3254585	C	T	OR1F1	Silent	460	242	702	0.34472934472934474	2	1	1	0.8307	1	0.8307	0.8307	False	0.83	1.93
16	3306609	G	A	MEFV	5'UTR	793	483	1276	0.3785266457680251	2	1	1	0.9121	1	0.9121	0.9121	True	0.83	1.93
16	3454643	G	A	ZNF174	Missense_Mutation	293	176	469	0.3752665245202559	2	1	1	0.9043	1	0.9043	0.9043	True	0.83	1.93
16	3586094	C	T	CLUAP1	Intron	114	51	165	0.3090909090909091	2	1	1	0.7448	1	0.7448	0.7448	False	0.83	1.93
16	3640521	G	A	SLX4	Missense_Mutation	604	458	1062	0.4312617702448211	2	1	1	1.0392	1	1.0392	1.0	True	0.83	1.93
16	5094240	C	G	C16orf89	3'UTR	71	37	108	0.3425925925925926	2	1	1	0.8255	1	0.8255	0.8255	False	0.83	1.93
16	9857458	C	T	GRIN2A	Missense_Mutation	53	22	75	0.29333333333333333	2	1	1	0.7068	1	0.7068	0.7068	False	0.83	1.93
16	10867218	C	T	TVP23A	Nonsense_Mutation	254	160	414	0.3864734299516908	2	1	1	0.9313	1	0.9313	0.9313	True	0.83	1.93
16	11001684	G	A	CIITA	Missense_Mutation	455	273	728	0.375	2	1	1	0.9036	1	0.9036	0.9036	True	0.83	1.93
16	15815413	C	T	MYH11	Missense_Mutation	387	222	609	0.3645320197044335	2	1	1	0.8784	1	0.8784	0.8784	True	0.83	1.93
16	15870018	G	A	MYH11	Missense_Mutation	296	149	445	0.3348314606741573	2	1	1	0.8068	1	0.8068	0.8068	False	0.83	1.93
16	15880532	G	A	MYH11	Silent	62	36	98	0.3673469387755102	2	1	1	0.8852	1	0.8852	0.8852	True	0.83	1.93
16	16282690	G	A	ABCC6	Nonsense_Mutation	69	27	96	0.28125	2	1	1	0.6777	1	0.6777	0.6777	False	0.83	1.93
16	16330755	C	T	NOMO3	Intron	308	203	511	0.3972602739726027	2	1	1	0.9573	1	0.9573	0.9573	True	0.83	1.93
16	17353103	G	A	XYLT1	Missense_Mutation	316	143	459	0.3115468409586057	2	1	1	0.7507	1	0.7507	0.7507	False	0.83	1.93
16	18554963	G	A	NOMO2	Silent	310	166	476	0.3487394957983193	2	1	1	0.8403	1	0.8403	0.8403	False	0.83	1.93
16	19083404	G	A	COQ7	Silent	470	280	750	0.37333333333333335	2	1	1	0.8996	1	0.8996	0.8996	True	0.83	1.93
16	20422920	C	T	ACSM5	Silent	53	34	87	0.39080459770114945	2	1	1	0.9417	1	0.9417	0.9417	True	0.83	1.93
16	20986677	C	T	DNAH3	Missense_Mutation	360	232	592	0.3918918918918919	2	1	1	0.9443	1	0.9443	0.9443	True	0.83	1.93
16	21042367	C	A	DNAH3	Missense_Mutation	83	26	109	0.23853211009174313	2	1	1	0.5748	1	0.5748	0.5748	False	0.83	1.93
16	23391948	G	A	SCNN1B	Silent	404	231	635	0.3637795275590551	2	1	1	0.8766	1	0.8766	0.8766	True	0.83	1.93
16	23713965	G	A	ERN2	Missense_Mutation	845	558	1403	0.3977191732002851	2	1	1	0.9584	1	0.9584	0.9584	True	0.83	1.93
16	24104192	C	T	PRKCB	Missense_Mutation	107	66	173	0.3815028901734104	2	1	1	0.9193	1	0.9193	0.9193	True	0.83	1.93
16	24196444	C	T	PRKCB	Nonsense_Mutation	98	43	141	0.3049645390070922	2	1	1	0.7349	1	0.7349	0.7349	False	0.83	1.93
16	24582320	C	T	RBBP6	Silent	286	151	437	0.34553775743707094	2	1	1	0.8326	1	0.8326	0.8326	False	0.83	1.93
16	24831623	T	A	TNRC6A	Missense_Mutation	196	103	299	0.34448160535117056	2	1	1	0.8301	1	0.8301	0.8301	False	0.83	1.93
16	24831624	A	C	TNRC6A	Missense_Mutation	196	100	296	0.33783783783783783	2	1	1	0.8141	1	0.8141	0.8141	False	0.83	1.93
16	25263266	A	T	ZKSCAN2	Missense_Mutation	358	223	581	0.3838209982788296	2	1	1	0.9249	1	0.9249	0.9249	True	0.83	1.93
16	28146597	G	A	XPO6	Silent	145	138	283	0.4876325088339223	2	1	1	1.175	1	1.175	1.0	True	0.83	1.93
16	28403325	G	A	EIF3CL	Silent	368	207	575	0.36	2	1	1	0.8675	1	0.8675	0.8675	True	0.83	1.93
16	28734620	C	T	EIF3C	Silent	2524	780	3304	0.2360774818401937	2	1	1	0.5689	1	0.5689	0.5689	False	0.83	1.93
16	29708641	C	T	QPRT	Missense_Mutation	345	222	567	0.3915343915343915	2	1	1	0.9435	1	0.9435	0.9435	True	0.83	1.93
16	29841948	C	T	MVP	Silent	323	183	506	0.3616600790513834	2	1	1	0.8715	1	0.8715	0.8715	True	0.83	1.93
16	29885032	G	A	SEZ6L2	Missense_Mutation	274	220	494	0.44534412955465585	2	1	1	1.0731	1	1.0731	1.0	True	0.83	1.93
16	30018571	C	T	DOC2A	Missense_Mutation	530	280	810	0.345679012345679	2	1	1	0.833	1	0.833	0.833	False	0.83	1.93
16	30128045	C	T	MAPK3	Missense_Mutation	511	395	906	0.4359823399558499	2	1	1	1.0506	1	1.0506	1.0	True	0.83	1.93
16	30495178	C	T	ITGAL	Silent	493	375	868	0.43202764976958524	2	1	1	1.041	1	1.041	1.0	True	0.83	1.93
16	30749203	C	T	SRCAP	Silent	488	303	791	0.38305941845764857	2	1	1	0.923	1	0.923	0.923	True	0.83	1.93
16	34712344	G	A	RP11-80F22.9	RNA	36	10	46	0.21739130434782608	2	1	1	0.5238	1	0.5238	0.5238	False	0.83	1.93
16	50112882	C	A	HEATR3	Missense_Mutation	166	81	247	0.32793522267206476	2	1	1	0.7902	1	0.7902	0.7902	False	0.83	1.93
16	50733554	C	T	NOD2	Silent	378	204	582	0.35051546391752575	2	1	1	0.8446	1	0.8446	0.8446	False	0.83	1.93
16	50765666	G	A	NOD2	Missense_Mutation	193	94	287	0.32752613240418116	2	1	1	0.7892	1	0.7892	0.7892	False	0.83	1.93
16	57702286	C	T	GPR97	Silent	103	68	171	0.39766081871345027	2	1	1	0.9582	1	0.9582	0.9582	True	0.83	1.93
16	57702287	C	T	GPR97	Silent	106	68	174	0.39080459770114945	2	1	1	0.9417	1	0.9417	0.9417	True	0.83	1.93
16	61851630	C	T	CDH8	Missense_Mutation	20	11	31	0.3548387096774194	2	1	1	0.855	1	0.855	0.855	True	0.83	1.93
16	66948284	C	T	CDH16	Silent	263	130	393	0.33078880407124683	2	1	1	0.7971	1	0.7971	0.7971	False	0.83	1.93
16	66969505	C	T	CES2	Silent	655	396	1051	0.37678401522359656	2	1	1	0.9079	1	0.9079	0.9079	True	0.83	1.93
16	67288959	C	T	SLC9A5	Silent	271	158	429	0.3682983682983683	2	1	1	0.8875	1	0.8875	0.8875	True	0.83	1.93
16	67699046	C	T	ENKD1	Silent	1448	735	2183	0.33669262482821805	2	1	1	0.8113	1	0.8113	0.8113	False	0.83	1.93
16	70292955	G	A	AARS	Silent	803	460	1263	0.3642121931908155	2	1	1	0.8776	1	0.8776	0.8776	True	0.83	1.93
16	70292956	G	A	AARS	Missense_Mutation	802	459	1261	0.36399682791435367	2	1	1	0.8771	1	0.8771	0.8771	True	0.83	1.93
16	70543248	G	A	COG4	Silent	183	136	319	0.4263322884012539	2	1	1	1.0273	1	1.0273	1.0	True	0.83	1.93
16	70955078	C	T	HYDIN	Missense_Mutation	319	131	450	0.2911111111111111	2	1	1	0.7015	1	0.7015	0.7015	False	0.83	1.93
16	71772996	G	A	AP1G1	Missense_Mutation	333	192	525	0.3657142857142857	2	1	1	0.8812	1	0.8812	0.8812	True	0.83	1.93
16	72993478	G	A	ZFHX3	Silent	622	375	997	0.37612838515546637	2	1	1	0.9063	1	0.9063	0.9063	True	0.83	1.93
16	74330842	G	C	PSMD7	Silent	258	148	406	0.3645320197044335	2	1	1	0.8784	1	0.8784	0.8784	True	0.83	1.93
16	75146190	G	A	LDHD	3'UTR	180	118	298	0.3959731543624161	2	1	1	0.9542	1	0.9542	0.9542	True	0.83	1.93
16	75512732	G	A	CHST6	Missense_Mutation	428	293	721	0.406380027739251	2	1	1	0.9792	1	0.9792	0.9792	True	0.83	1.93
16	76461449	C	T	CNTNAP4	Missense_Mutation	24	17	41	0.4146341463414634	2	1	1	0.9991	1	0.9991	0.9991	True	0.83	1.93
16	76486463	C	T	CNTNAP4	Missense_Mutation	165	107	272	0.39338235294117646	2	1	1	0.9479	1	0.9479	0.9479	True	0.83	1.93
16	80583408	A	G	DYNLRB2	Missense_Mutation	74	46	120	0.38333333333333336	2	1	1	0.9237	1	0.9237	0.9237	True	0.83	1.93
16	81181055	C	T	PKD1L2	RNA	322	185	507	0.36489151873767256	2	1	1	0.8793	1	0.8793	0.8793	True	0.83	1.93
16	84209740	G	A	DNAAF1	Missense_Mutation	140	113	253	0.44664031620553357	2	1	1	1.0762	1	1.0762	1.0	True	0.83	1.93
16	84444322	G	A	ATP2C2	Missense_Mutation	182	114	296	0.38513513513513514	2	1	1	0.928	1	0.928	0.928	True	0.83	1.93
16	84474529	G	A	ATP2C2	Missense_Mutation	209	90	299	0.3010033444816054	2	1	1	0.7253	1	0.7253	0.7253	False	0.83	1.93
16	85690882	G	A	GSE1	Splice_Site	371	191	562	0.3398576512455516	2	1	1	0.8189	1	0.8189	0.8189	False	0.83	1.93
16	89763814	G	A	SPATA2L	Silent	162	104	266	0.39097744360902253	2	1	1	0.9421	1	0.9421	0.9421	True	0.83	1.93
17	649222	G	A	GEMIN4	Silent	68	152	220	0.6909090909090909	2	1	1	1.6648	1	1.6648	1.0	True	0.83	1.93
17	1563247	C	T	PRPF8	Missense_Mutation	93	138	231	0.5974025974025974	1	1	0	0.8421	1	0.8421	0.8421	False	0.83	1.93
17	2266792	G	A	SGSM2	Missense_Mutation	59	104	163	0.6380368098159509	1	1	0	0.8994	1	0.8994	0.8994	True	0.83	1.93
17	2601309	G	A	CLUH	Silent	43	57	100	0.57	1	1	0	0.8035	1	0.8035	0.8035	False	0.83	1.93
17	4621956	T	A	ARRB2	Nonsense_Mutation	214	487	701	0.6947218259629101	1	1	0	0.9793	1	0.9793	0.9793	True	0.83	1.93
17	4621957	C	T	ARRB2	Missense_Mutation	208	482	690	0.6985507246376812	1	1	0	0.9847	1	0.9847	0.9847	True	0.83	1.93
17	4883016	G	A	CAMTA2	Missense_Mutation	266	409	675	0.605925925925926	1	1	0	0.8541	1	0.8541	0.8541	True	0.83	1.93
17	6683895	C	T	FBXO39	Silent	136	276	412	0.6699029126213593	1	1	0	0.9443	1	0.9443	0.9443	True	0.83	1.93
17	7576897	G	A	TP53	Nonsense_Mutation	123	224	347	0.6455331412103746	1	1	0	0.91	1	0.91	0.91	True	0.83	1.93
17	7910458	G	A	GUCY2D	Missense_Mutation	231	384	615	0.624390243902439	1	1	0	0.8802	1	0.8802	0.8802	True	0.83	1.93
17	8049307	G	A	PER1	Silent	198	307	505	0.6079207920792079	1	1	0	0.8569	1	0.8569	0.8569	True	0.83	1.93
17	8272565	C	T	KRBA2	Missense_Mutation	202	387	589	0.6570458404074703	1	1	0	0.9262	1	0.9262	0.9262	True	0.83	1.93
17	10318681	G	A	MYH8	Silent	29	56	85	0.6588235294117647	1	1	0	0.9287	1	0.9287	0.9287	True	0.83	1.93
17	10405001	C	T	MYH1	Silent	33	73	106	0.6886792452830188	1	1	0	0.9708	1	0.9708	0.9708	True	0.83	1.93
17	10531915	G	A	MYH3	3'UTR	92	98	190	0.5157894736842106	1	1	0	0.7271	1	0.7271	0.7271	False	0.83	1.93
17	11573027	G	A	DNAH9	Missense_Mutation	94	98	192	0.5104166666666666	1	1	0	0.7195	1	0.7195	0.7195	False	0.83	1.93
17	12639528	G	A	MYOCD	Missense_Mutation	134	136	270	0.5037037037037037	1	1	0	0.71	1	0.71	0.71	False	0.83	1.93
17	12661487	C	T	MYOCD	Missense_Mutation	21	33	54	0.6111111111111112	1	1	0	0.8614	1	0.8614	0.8614	True	0.83	1.93
17	25924425	C	T	KSR1	Silent	135	70	205	0.34146341463414637	2	1	1	0.8228	1	0.8228	0.8228	False	0.83	1.93
17	26817382	G	A	SLC13A2	Missense_Mutation	309	208	517	0.402321083172147	2	1	1	0.9694	1	0.9694	0.9694	True	0.83	1.93
17	27002448	G	A	SUPT6H	Missense_Mutation	191	118	309	0.3818770226537217	2	1	1	0.9202	1	0.9202	0.9202	True	0.83	1.93
17	27306818	C	T	SEZ6	Nonsense_Mutation	75	59	134	0.44029850746268656	2	1	1	1.061	1	1.061	1.0	True	0.83	1.93
17	27975269	C	T	SSH2	Nonsense_Mutation	119	58	177	0.327683615819209	2	1	1	0.7896	1	0.7896	0.7896	False	0.83	1.93
17	28537579	G	A	SLC6A4	Missense_Mutation	255	193	448	0.43080357142857145	2	1	1	1.0381	1	1.0381	1.0	True	0.83	1.93
17	28548879	G	A	SLC6A4	Missense_Mutation	635	417	1052	0.39638783269961975	2	1	1	0.9552	1	0.9552	0.9552	True	0.83	1.93
17	29685550	C	T	NF1	Missense_Mutation	63	22	85	0.25882352941176473	2	1	1	0.6237	1	0.6237	0.6237	False	0.83	1.93
17	34067441	C	A	RASL10B	Missense_Mutation	490	278	768	0.3619791666666667	2	1	1	0.8722	1	0.8722	0.8722	True	0.83	1.93
17	34072434	C	T	GAS2L2	Silent	994	579	1573	0.3680864589955499	2	1	1	0.887	1	0.887	0.887	True	0.83	1.93
17	34183756	C	T	C17orf66	Silent	26	13	39	0.3333333333333333	2	1	1	0.8032	1	0.8032	0.8032	False	0.83	1.93
17	34310778	G	A	CCL14	3'UTR	35	24	59	0.4067796610169492	2	1	1	0.9802	1	0.9802	0.9802	True	0.83	1.93
17	35563735	G	A	ACACA	Missense_Mutation	60	44	104	0.4230769230769231	2	1	1	1.0195	1	1.0195	1.0	True	0.83	1.93
17	36003412	C	T	DDX52	Missense_Mutation	181	42	223	0.18834080717488788	2	1	1	0.4538	1	0.4538	0.4538	False	0.83	1.93
17	36876005	C	T	MLLT6	Missense_Mutation	247	142	389	0.36503856041131105	2	1	1	0.8796	1	0.8796	0.8796	True	0.83	1.93
17	37618287	G	A	CDK12	5'Flank	251	172	423	0.4066193853427896	2	1	1	0.9798	1	0.9798	0.9798	True	0.83	1.93
17	38024514	C	T	ZPBP2	5'UTR	178	113	291	0.38831615120274915	2	1	1	0.9357	1	0.9357	0.9357	True	0.83	1.93
17	38325687	C	T	CASC3	Silent	336	250	586	0.42662116040955633	2	1	1	1.028	1	1.028	1.0	True	0.83	1.93
17	38350012	C	T	RAPGEFL1	Missense_Mutation	335	209	544	0.38419117647058826	2	1	1	0.9258	1	0.9258	0.9258	True	0.83	1.93
17	38636963	T	G	TNS4	Missense_Mutation	195	97	292	0.3321917808219178	2	1	1	0.8005	1	0.8005	0.8005	False	0.83	1.93
17	39164949	A	G	KRTAP3-1	3'UTR	17	11	28	0.39285714285714285	2	1	1	0.9466	1	0.9466	0.9466	True	0.83	1.93
17	39340692	G	A	KRTAP4-1	Missense_Mutation	936	530	1466	0.3615279672578445	2	1	1	0.8712	1	0.8712	0.8712	True	0.83	1.93
17	39671830	C	T	KRT15	Missense_Mutation	335	212	547	0.3875685557586837	2	1	1	0.9339	1	0.9339	0.9339	True	0.83	1.93
17	40842928	C	T	CNTNAP1	Missense_Mutation	876	467	1343	0.347728965003723	2	1	1	0.8379	1	0.8379	0.8379	False	0.83	1.93
17	40962998	A	G	BECN1	Intron	81	74	155	0.4774193548387097	2	1	1	1.1504	1	1.1504	1.0	True	0.83	1.93
17	41063225	G	A	G6PC	Missense_Mutation	121	72	193	0.37305699481865284	2	1	1	0.8989	1	0.8989	0.8989	True	0.83	1.93
17	41132593	G	A	RUNDC1	5'UTR	267	133	400	0.3325	2	1	1	0.8012	1	0.8012	0.8012	False	0.83	1.93
17	41955296	C	T	MPP2	Missense_Mutation	290	148	438	0.3378995433789954	2	1	1	0.8142	1	0.8142	0.8142	False	0.83	1.93
17	41955297	C	T	MPP2	Missense_Mutation	287	147	434	0.3387096774193548	2	1	1	0.8162	1	0.8162	0.8162	False	0.83	1.93
17	43924320	C	T	SPPL2C	Missense_Mutation	322	165	487	0.33880903490759756	2	1	1	0.8164	1	0.8164	0.8164	False	0.83	1.93
17	45517911	G	A	EFCAB13	Missense_Mutation	145	85	230	0.3695652173913043	2	1	1	0.8905	1	0.8905	0.8905	True	0.83	1.93
17	45822864	G	A	TBX21	3'UTR	65	38	103	0.36893203883495146	2	1	1	0.889	1	0.889	0.889	True	0.83	1.93
17	46135824	C	T	NFE2L1	Silent	572	372	944	0.3940677966101695	2	1	1	0.9496	1	0.9496	0.9496	True	0.83	1.93
17	46673891	C	A	HOXB6	Nonsense_Mutation	1225	674	1899	0.3549236440231701	2	1	1	0.8552	1	0.8552	0.8552	True	0.83	1.93
17	46673892	C	T	HOXB6	Silent	1236	676	1912	0.35355648535564854	2	1	1	0.8519	1	0.8519	0.8519	True	0.83	1.93
17	49231712	G	A	NME1	5'UTR	631	371	1002	0.37025948103792417	2	1	1	0.8922	1	0.8922	0.8922	True	0.83	1.93
17	49708759	A	G	CA10	3'UTR	21	3	24	0.125	2	1	1	0.3012	1	0.3012	0.3012	False	0.83	1.93
17	51902363	A	G	KIF2B	Missense_Mutation	192	104	296	0.35135135135135137	2	1	1	0.8466	1	0.8466	0.8466	False	0.83	1.93
17	53798339	G	A	TMEM100	Silent	72	27	99	0.2727272727272727	2	1	1	0.6572	1	0.6572	0.6572	False	0.83	1.93
17	56232598	C	T	OR4D1	Silent	927	576	1503	0.38323353293413176	2	1	1	0.9235	1	0.9235	0.9235	True	0.83	1.93
17	56386214	G	A	BZRAP1	Silent	269	217	486	0.44650205761316875	2	1	1	1.0759	1	1.0759	1.0	True	0.83	1.93
17	56646619	C	T	TEX14	Missense_Mutation	64	42	106	0.39622641509433965	2	1	1	0.9548	1	0.9548	0.9548	True	0.83	1.93
17	56833305	C	T	PPM1E	5'UTR	234	161	395	0.40759493670886077	2	1	1	0.9822	1	0.9822	0.9822	True	0.83	1.93
17	58022834	T	C	RP11-178C3.1	Missense_Mutation	27	23	50	0.46	2	1	1	1.1084	1	1.1084	1.0	True	0.83	1.93
17	59485551	G	A	TBX2	Missense_Mutation	222	145	367	0.39509536784741145	2	1	1	0.952	1	0.952	0.952	True	0.83	1.93
17	59958411	C	T	INTS2	Silent	102	68	170	0.4	2	1	1	0.9639	1	0.9639	0.9639	True	0.83	1.93
17	61428720	G	A	TANC2	Missense_Mutation	76	49	125	0.392	2	1	1	0.9446	1	0.9446	0.9446	True	0.83	1.93
17	61619602	G	A	KCNH6	Missense_Mutation	378	187	565	0.3309734513274336	2	1	1	0.7975	1	0.7975	0.7975	False	0.83	1.93
17	61902519	G	A	FTSJ3	Silent	298	177	475	0.3726315789473684	2	1	1	0.8979	1	0.8979	0.8979	True	0.83	1.93
17	61914857	G	A	SMARCD2	Silent	820	454	1274	0.3563579277864992	2	1	1	0.8587	1	0.8587	0.8587	True	0.83	1.93
17	62131659	C	T	ERN1	Missense_Mutation	109	55	164	0.3353658536585366	2	1	1	0.8081	1	0.8081	0.8081	False	0.83	1.93
17	62144126	G	A	ERN1	Silent	73	32	105	0.3047619047619048	2	1	1	0.7344	1	0.7344	0.7344	False	0.83	1.93
17	62801204	C	T	PLEKHM1P	RNA	131	68	199	0.3417085427135678	2	1	1	0.8234	1	0.8234	0.8234	False	0.83	1.93
17	62801205	C	T	PLEKHM1P	RNA	130	69	199	0.34673366834170855	2	1	1	0.8355	1	0.8355	0.8355	False	0.83	1.93
17	62856307	G	A	LRRC37A3	Silent	637	342	979	0.34933605720122574	2	1	1	0.8418	1	0.8418	0.8418	False	0.83	1.93
17	63822421	C	T	CEP112	Intron	227	139	366	0.3797814207650273	2	1	1	0.9151	1	0.9151	0.9151	True	0.83	1.93
17	64880637	C	T	CACNG5	Silent	96	63	159	0.39622641509433965	2	1	1	0.9548	1	0.9548	0.9548	True	0.83	1.93
17	65021002	C	G	CACNG4	Missense_Mutation	748	311	1059	0.29367327667610954	2	1	1	0.7076	1	0.7076	0.7076	False	0.83	1.93
17	65041002	G	A	CACNG1	Missense_Mutation	133	60	193	0.31088082901554404	2	1	1	0.7491	1	0.7491	0.7491	False	0.83	1.93
17	65041003	G	A	CACNG1	Missense_Mutation	134	60	194	0.30927835051546393	2	1	1	0.7452	1	0.7452	0.7452	False	0.83	1.93
17	65908943	C	T	BPTF	Missense_Mutation	42	20	62	0.3225806451612903	2	1	1	0.7773	1	0.7773	0.7773	False	0.83	1.93
17	66972067	C	T	ABCA9	Missense_Mutation	23	10	33	0.30303030303030304	2	1	1	0.7302	1	0.7302	0.7302	False	0.83	1.93
17	71395335	G	A	SDK2	Missense_Mutation	283	167	450	0.3711111111111111	2	1	1	0.8942	1	0.8942	0.8942	True	0.83	1.93
17	72584797	G	A	CD300LD	Nonsense_Mutation	236	123	359	0.3426183844011142	2	1	1	0.8256	1	0.8256	0.8256	False	0.83	1.93
17	72998256	G	A	CDR2L	Missense_Mutation	89	62	151	0.4105960264900662	2	1	1	0.9894	1	0.9894	0.9894	True	0.83	1.93
17	73559867	C	T	LLGL2	Silent	562	336	898	0.3741648106904232	2	1	1	0.9016	1	0.9016	0.9016	True	0.83	1.93
17	73723294	C	T	ITGB4	Silent	126	48	174	0.27586206896551724	2	1	1	0.6647	1	0.6647	0.6647	False	0.83	1.93
17	73836021	C	T	UNC13D	Silent	320	205	525	0.3904761904761905	2	1	1	0.9409	1	0.9409	0.9409	True	0.83	1.93
17	73838692	A	G	UNC13D	Missense_Mutation	349	203	552	0.3677536231884058	2	1	1	0.8862	1	0.8862	0.8862	True	0.83	1.93
17	74079617	G	A	EXOC7	3'UTR	110	66	176	0.375	2	1	1	0.9036	1	0.9036	0.9036	True	0.83	1.93
17	75471799	C	T	SEPT9	Intron	269	183	452	0.40486725663716816	2	1	1	0.9756	1	0.9756	0.9756	True	0.83	1.93
17	76464942	T	A	DNAH17	Silent	261	183	444	0.41216216216216217	2	1	1	0.9932	1	0.9932	0.9932	True	0.83	1.93
17	76499039	C	T	DNAH17	Missense_Mutation	192	134	326	0.4110429447852761	2	1	1	0.9905	1	0.9905	0.9905	True	0.83	1.93
17	76522770	G	A	DNAH17	Missense_Mutation	253	99	352	0.28125	2	1	1	0.6777	1	0.6777	0.6777	False	0.83	1.93
17	77770084	G	A	CBX8	Silent	1030	617	1647	0.37462052216150576	2	1	1	0.9027	1	0.9027	0.9027	True	0.83	1.93
17	78058622	A	C	CCDC40	Silent	214	115	329	0.3495440729483283	2	1	1	0.8423	1	0.8423	0.8423	False	0.83	1.93
17	80053275	G	A	FASN	Silent	379	242	621	0.3896940418679549	2	1	1	0.939	1	0.939	0.939	True	0.83	1.93
17	80350239	G	A	OGFOD3	3'UTR	78	61	139	0.43884892086330934	2	1	1	1.0575	1	1.0575	1.0	True	0.83	1.93
18	346625	C	T	COLEC12	Missense_Mutation	113	96	209	0.45933014354066987	2	1	1	1.1068	1	1.1068	1.0	True	0.83	1.93
18	2718181	T	C	SMCHD1	Silent	71	59	130	0.45384615384615384	2	1	1	1.0936	1	1.0936	1.0	True	0.83	1.93
18	2891764	C	T	EMILIN2	Nonsense_Mutation	337	180	517	0.3481624758220503	2	1	1	0.8389	1	0.8389	0.8389	False	0.83	1.93
18	3116369	C	T	MYOM1	Missense_Mutation	39	26	65	0.4	2	1	1	0.9639	1	0.9639	0.9639	True	0.83	1.93
18	3215125	T	G	MYOM1	Missense_Mutation	308	145	453	0.3200883002207506	2	1	1	0.7713	1	0.7713	0.7713	False	0.83	1.93
18	9887912	G	A	TXNDC2	Nonsense_Mutation	60	28	88	0.3181818181818182	2	1	1	0.7667	1	0.7667	0.7667	False	0.83	1.93
18	9887913	G	A	TXNDC2	Nonsense_Mutation	61	28	89	0.3146067415730337	2	1	1	0.7581	1	0.7581	0.7581	False	0.83	1.93
18	13049187	C	T	CEP192	Silent	38	26	64	0.40625	2	1	1	0.9789	1	0.9789	0.9789	True	0.83	1.93
18	14478185	C	T	CXADRP3	RNA	210	154	364	0.4230769230769231	2	1	1	1.0195	1	1.0195	1.0	True	0.83	1.93
18	21099071	A	T	C18orf8	Missense_Mutation	138	82	220	0.37272727272727274	2	1	1	0.8981	1	0.8981	0.8981	True	0.83	1.93
18	23862009	G	A	TAF4B	Silent	73	39	112	0.3482142857142857	2	1	1	0.8391	1	0.8391	0.8391	False	0.83	1.93
18	28605778	C	T	DSC3	Missense_Mutation	51	22	73	0.3013698630136986	2	1	1	0.7262	1	0.7262	0.7262	False	0.83	1.93
18	28659912	C	T	DSC2	Missense_Mutation	56	23	79	0.2911392405063291	2	1	1	0.7015	1	0.7015	0.7015	False	0.83	1.93
18	28666641	C	T	DSC2	Silent	79	46	125	0.368	2	1	1	0.8867	1	0.8867	0.8867	True	0.83	1.93
18	28711788	G	A	DSC1	Silent	38	22	60	0.36666666666666664	2	1	1	0.8835	1	0.8835	0.8835	True	0.83	1.93
18	28989502	G	A	DSG4	Missense_Mutation	544	296	840	0.3523809523809524	2	1	1	0.8491	1	0.8491	0.8491	False	0.83	1.93
18	29340041	C	T	SLC25A52	Missense_Mutation	479	273	752	0.363031914893617	2	1	1	0.8748	1	0.8748	0.8748	True	0.83	1.93
18	29340355	C	T	SLC25A52	Silent	501	299	800	0.37375	2	1	1	0.9006	1	0.9006	0.9006	True	0.83	1.93
18	29795084	G	A	MEP1B	Missense_Mutation	216	99	315	0.3142857142857143	2	1	1	0.7573	1	0.7573	0.7573	False	0.83	1.93
18	29797810	C	T	MEP1B	Missense_Mutation	94	53	147	0.36054421768707484	2	1	1	0.8688	1	0.8688	0.8688	True	0.83	1.93
18	31320151	G	A	ASXL3	Missense_Mutation	108	67	175	0.38285714285714284	2	1	1	0.9225	1	0.9225	0.9225	True	0.83	1.93
18	31803000	C	T	NOL4	Missense_Mutation	310	207	517	0.40038684719535783	2	1	1	0.9648	1	0.9648	0.9648	True	0.83	1.93
18	31803001	C	G	NOL4	Missense_Mutation	315	209	524	0.3988549618320611	2	1	1	0.9611	1	0.9611	0.9611	True	0.83	1.93
18	31803068	G	C	NOL4	Missense_Mutation	519	262	781	0.3354673495518566	2	1	1	0.8084	1	0.8084	0.8084	False	0.83	1.93
18	34359558	C	T	FHOD3	3'UTR	16	8	24	0.3333333333333333	2	1	1	0.8032	1	0.8032	0.8032	False	0.83	1.93
18	34359559	C	T	FHOD3	3'UTR	15	10	25	0.4	2	1	1	0.9639	1	0.9639	0.9639	True	0.83	1.93
18	34901826	C	T	CELF4	Missense_Mutation	141	114	255	0.4470588235294118	2	1	1	1.0773	1	1.0773	1.0	True	0.83	1.93
18	43252881	C	T	SLC14A2	Missense_Mutation	107	46	153	0.3006535947712418	2	1	1	0.7245	1	0.7245	0.7245	False	0.83	1.93
18	43328385	G	A	SLC14A1	Missense_Mutation	78	55	133	0.41353383458646614	2	1	1	0.9965	1	0.9965	0.9965	True	0.83	1.93
18	44036659	C	T	RNF165	3'UTR	118	64	182	0.3516483516483517	2	1	1	0.8473	1	0.8473	0.8473	False	0.83	1.93
18	44555104	C	T	TCEB3C	Nonsense_Mutation	7495	353	7848	0.0449796126401631	2	1	1	0.1084	1	0.1084	0.1084	False	0.83	1.93
18	47429091	C	G	MYO5B	Missense_Mutation	95	56	151	0.3708609271523179	2	1	1	0.8936	1	0.8936	0.8936	True	0.83	1.93
18	47432962	G	A	MYO5B	Silent	96	66	162	0.4074074074074074	2	1	1	0.9817	1	0.9817	0.9817	True	0.83	1.93
18	47777856	G	A	CCDC11	Missense_Mutation	216	157	373	0.42091152815013405	2	1	1	1.0142	1	1.0142	1.0	True	0.83	1.93
18	50450106	C	T	DCC	Silent	11	9	20	0.45	2	1	1	1.0843	1	1.0843	1.0	True	0.83	1.93
18	54278309	T	G	TXNL1	Missense_Mutation	19	15	34	0.4411764705882353	2	1	1	1.0631	1	1.0631	1.0	True	0.83	1.93
18	61225604	T	A	SERPINB12	Missense_Mutation	72	40	112	0.35714285714285715	2	1	1	0.8606	1	0.8606	0.8606	True	0.83	1.93
18	61324104	C	T	SERPINB3	Missense_Mutation	27	9	36	0.25	2	1	1	0.6024	1	0.6024	0.6024	False	0.83	1.93
18	61471555	C	T	SERPINB7	Missense_Mutation	35	14	49	0.2857142857142857	2	1	1	0.6885	1	0.6885	0.6885	False	0.83	1.93
18	63548088	C	G	CDH7	Silent	209	100	309	0.32362459546925565	2	1	1	0.7798	1	0.7798	0.7798	False	0.83	1.93
18	67614037	G	A	CD226	Silent	64	23	87	0.26436781609195403	2	1	1	0.637	1	0.637	0.637	False	0.83	1.93
18	67733128	G	A	RTTN	Nonsense_Mutation	237	142	379	0.37467018469656993	2	1	1	0.9028	1	0.9028	0.9028	True	0.83	1.93
18	72109245	G	A	FAM69C	Missense_Mutation	513	290	803	0.36114570361145704	2	1	1	0.8702	1	0.8702	0.8702	True	0.83	1.93
18	72109314	G	A	FAM69C	Missense_Mutation	263	166	429	0.38694638694638694	2	1	1	0.9324	1	0.9324	0.9324	True	0.83	1.93
18	74631830	T	C	ZNF236	Silent	162	93	255	0.36470588235294116	2	1	1	0.8788	1	0.8788	0.8788	True	0.83	1.93
18	76753692	C	T	SALL3	Silent	84	37	121	0.30578512396694213	2	1	1	0.7368	1	0.7368	0.7368	False	0.83	1.93
18	77894694	C	T	ADNP2	Silent	286	170	456	0.37280701754385964	2	1	1	0.8983	1	0.8983	0.8983	True	0.83	1.93
18	77917846	G	A	PARD6G	Silent	53	42	95	0.4421052631578947	2	1	1	1.0653	1	1.0653	1.0	True	0.83	1.93
18	77917847	G	A	PARD6G	Missense_Mutation	53	43	96	0.4479166666666667	2	1	1	1.0793	1	1.0793	1.0	True	0.83	1.93
19	549174	G	C	GZMM	Missense_Mutation	79	51	130	0.3923076923076923	2	1	1	0.9453	1	0.9453	0.9453	True	0.83	1.93
19	577991	C	T	BSG	Silent	195	138	333	0.4144144144144144	2	1	1	0.9986	1	0.9986	0.9986	True	0.83	1.93
19	578036	C	T	BSG	Silent	155	86	241	0.35684647302904565	2	1	1	0.8599	1	0.8599	0.8599	True	0.83	1.93
19	731131	C	T	PALM	Silent	112	61	173	0.35260115606936415	2	1	1	0.8496	1	0.8496	0.8496	False	0.83	1.93
19	1047168	C	T	ABCA7	Missense_Mutation	109	70	179	0.39106145251396646	2	1	1	0.9423	1	0.9423	0.9423	True	0.83	1.93
19	1954170	C	T	CSNK1G2	Intron	103	61	164	0.3719512195121951	2	1	1	0.8963	1	0.8963	0.8963	True	0.83	1.93
19	1954171	C	T	CSNK1G2	Intron	105	61	166	0.3674698795180723	2	1	1	0.8855	1	0.8855	0.8855	True	0.83	1.93
19	2278609	C	T	C19orf35	Missense_Mutation	358	193	551	0.3502722323049002	2	1	1	0.844	1	0.844	0.844	False	0.83	1.93
19	2278610	C	T	C19orf35	Silent	350	192	542	0.35424354243542433	2	1	1	0.8536	1	0.8536	0.8536	True	0.83	1.93
19	2936681	G	A	ZNF77	Missense_Mutation	294	186	480	0.3875	2	1	1	0.9337	1	0.9337	0.9337	True	0.83	1.93
19	4268704	G	A	CCDC94	3'UTR	88	57	145	0.3931034482758621	2	1	1	0.9472	1	0.9472	0.9472	True	0.83	1.93
19	4283124	C	T	SHD	Silent	376	175	551	0.3176043557168784	2	1	1	0.7653	1	0.7653	0.7653	False	0.83	1.93
19	4288335	C	T	SHD	Missense_Mutation	122	101	223	0.452914798206278	2	1	1	1.0914	1	1.0914	1.0	True	0.83	1.93
19	4793084	C	T	FEM1A	Silent	554	323	877	0.36830102622576966	2	1	1	0.8875	1	0.8875	0.8875	True	0.83	1.93
19	5231452	G	A	PTPRS	Missense_Mutation	290	148	438	0.3378995433789954	2	1	1	0.8142	1	0.8142	0.8142	False	0.83	1.93
19	5757867	A	G	CATSPERD	Missense_Mutation	110	60	170	0.35294117647058826	2	1	1	0.8505	1	0.8505	0.8505	True	0.83	1.93
19	5843807	G	A	FUT3	Silent	390	283	673	0.42050520059435365	2	1	1	1.0133	1	1.0133	1.0	True	0.83	1.93
19	6183239	G	A	ACSBG2	Silent	115	53	168	0.31547619047619047	2	1	1	0.7602	1	0.7602	0.7602	False	0.83	1.93
19	6389649	C	T	GTF2F1	Splice_Site	584	382	966	0.39544513457556935	2	1	1	0.9529	1	0.9529	0.9529	True	0.83	1.93
19	6670004	C	T	TNFSF14	Missense_Mutation	660	401	1061	0.37794533459000945	2	1	1	0.9107	1	0.9107	0.9107	True	0.83	1.93
19	6697806	C	T	C3	Splice_Site	74	40	114	0.3508771929824561	2	1	1	0.8455	1	0.8455	0.8455	False	0.83	1.93
19	7763263	C	T	FCER2	Missense_Mutation	269	156	425	0.36705882352941177	2	1	1	0.8845	1	0.8845	0.8845	True	0.83	1.93
19	8174164	G	A	FBN3	Missense_Mutation	214	89	303	0.29372937293729373	2	1	1	0.7078	1	0.7078	0.7078	False	0.83	1.93
19	8389897	C	T	KANK3	Missense_Mutation	528	288	816	0.35294117647058826	2	1	1	0.8505	1	0.8505	0.8505	True	0.83	1.93
19	8431098	G	A	ANGPTL4	Missense_Mutation	508	246	754	0.32625994694960214	2	1	1	0.7862	1	0.7862	0.7862	False	0.83	1.93
19	8486870	C	T	MARCH2	Missense_Mutation	410	220	630	0.3492063492063492	2	1	1	0.8415	1	0.8415	0.8415	False	0.83	1.93
19	8563693	G	A	PRAM1	Silent	59	50	109	0.45871559633027525	2	1	1	1.1053	1	1.1053	1.0	True	0.83	1.93
19	9049457	G	A	MUC16	Missense_Mutation	209	110	319	0.3448275862068966	2	1	1	0.8309	1	0.8309	0.8309	False	0.83	1.93
19	9057986	G	A	MUC16	Silent	45	24	69	0.34782608695652173	2	1	1	0.8381	1	0.8381	0.8381	False	0.83	1.93
19	9062265	G	A	MUC16	Missense_Mutation	37	35	72	0.4861111111111111	2	1	1	1.1714	1	1.1714	1.0	True	0.83	1.93
19	9065268	G	A	MUC16	Missense_Mutation	17	14	31	0.45161290322580644	2	1	1	1.0882	1	1.0882	1.0	True	0.83	1.93
19	9066502	C	T	MUC16	Missense_Mutation	77	41	118	0.3474576271186441	2	1	1	0.8372	1	0.8372	0.8372	False	0.83	1.93
19	9070884	C	T	MUC16	Missense_Mutation	35	25	60	0.4166666666666667	2	1	1	1.004	1	1.004	1.0	True	0.83	1.93
19	9074523	C	A	MUC16	Missense_Mutation	21	15	36	0.4166666666666667	2	1	1	1.004	1	1.004	1.0	True	0.83	1.93
19	9074994	G	A	MUC16	Missense_Mutation	58	38	96	0.3958333333333333	2	1	1	0.9538	1	0.9538	0.9538	True	0.83	1.93
19	9077717	T	C	MUC16	Silent	97	66	163	0.4049079754601227	2	1	1	0.9757	1	0.9757	0.9757	True	0.83	1.93
19	9085475	G	A	MUC16	Nonsense_Mutation	127	71	198	0.35858585858585856	2	1	1	0.8641	1	0.8641	0.8641	True	0.83	1.93
19	9204400	C	T	OR1M1	Silent	200	114	314	0.3630573248407643	2	1	1	0.8748	1	0.8748	0.8748	True	0.83	1.93
19	9677121	G	A	ZNF121	Missense_Mutation	89	47	136	0.34558823529411764	2	1	1	0.8327	1	0.8327	0.8327	False	0.83	1.93
19	9764094	T	C	ZNF562	Missense_Mutation	108	33	141	0.23404255319148937	2	1	1	0.564	1	0.564	0.564	False	0.83	1.93
19	9768812	C	T	ZNF562	Splice_Site	29	37	66	0.5606060606060606	2	1	1	1.3509	1	1.3509	1.0	True	0.83	1.93
19	9868912	G	A	ZNF846	Missense_Mutation	223	118	341	0.3460410557184751	2	1	1	0.8338	1	0.8338	0.8338	False	0.83	1.93
19	10114341	C	T	COL5A3	Missense_Mutation	222	197	419	0.4701670644391408	2	1	1	1.1329	1	1.1329	1.0	True	0.83	1.93
19	11118581	G	A	SMARCA4	Missense_Mutation	214	100	314	0.3184713375796178	2	1	1	0.7674	1	0.7674	0.7674	False	0.83	1.93
19	11332692	A	T	DOCK6	Missense_Mutation	199	97	296	0.3277027027027027	2	1	1	0.7896	1	0.7896	0.7896	False	0.83	1.93
19	11728690	C	T	ZNF627	Missense_Mutation	160	72	232	0.3103448275862069	2	1	1	0.7478	1	0.7478	0.7478	False	0.83	1.93
19	11978504	T	A	ZNF439	Missense_Mutation	213	158	371	0.42587601078167114	2	1	1	1.0262	1	1.0262	1.0	True	0.83	1.93
19	12298386	G	A	ZNF136	Missense_Mutation	192	85	277	0.30685920577617326	2	1	1	0.7394	1	0.7394	0.7394	False	0.83	1.93
19	12911090	C	T	PRDX2	Missense_Mutation	715	484	1199	0.4036697247706422	2	1	1	0.9727	1	0.9727	0.9727	True	0.83	1.93
19	13033639	G	A	FARSA	Silent	924	538	1462	0.3679890560875513	2	1	1	0.8867	1	0.8867	0.8867	True	0.83	1.93
19	15052948	C	T	OR7C2	Silent	160	112	272	0.4117647058823529	2	1	1	0.9922	1	0.9922	0.9922	True	0.83	1.93
19	15198792	G	A	OR1I1	Missense_Mutation	132	36	168	0.21428571428571427	2	1	1	0.5164	1	0.5164	0.5164	False	0.83	1.93
19	15472548	G	A	AKAP8	Missense_Mutation	365	165	530	0.3113207547169811	2	1	1	0.7502	1	0.7502	0.7502	False	0.83	1.93
19	15739586	C	T	CYP4F8	RNA	356	161	517	0.3114119922630561	2	1	1	0.7504	1	0.7504	0.7504	False	0.83	1.93
19	15756645	C	T	CYP4F3	Silent	140	84	224	0.375	2	1	1	0.9036	1	0.9036	0.9036	True	0.83	1.93
19	16902221	G	A	NWD1	Missense_Mutation	234	107	341	0.31378299120234604	2	1	1	0.7561	1	0.7561	0.7561	False	0.83	1.93
19	16902222	A	T	NWD1	Missense_Mutation	228	109	337	0.32344213649851633	2	1	1	0.7794	1	0.7794	0.7794	False	0.83	1.93
19	16905281	C	T	NWD1	Missense_Mutation	49	28	77	0.36363636363636365	2	1	1	0.8762	1	0.8762	0.8762	True	0.83	1.93
19	17163694	C	A	HAUS8	Silent	390	200	590	0.3389830508474576	2	1	1	0.8168	1	0.8168	0.8168	False	0.83	1.93
19	17737533	C	T	UNC13A	Missense_Mutation	98	57	155	0.36774193548387096	2	1	1	0.8861	1	0.8861	0.8861	True	0.83	1.93
19	17785529	T	C	UNC13A	Missense_Mutation	453	255	708	0.3601694915254237	2	1	1	0.8679	1	0.8679	0.8679	True	0.83	1.93
19	17836861	C	T	MAP1S	Missense_Mutation	215	104	319	0.32601880877742945	2	1	1	0.7856	1	0.7856	0.7856	False	0.83	1.93
19	19627014	C	T	NDUFA13	5'UTR	373	265	638	0.4153605015673981	2	1	1	1.0009	1	1.0009	1.0	True	0.83	1.93
19	19627015	C	T	NDUFA13	5'UTR	402	242	644	0.37577639751552794	2	1	1	0.9055	1	0.9055	0.9055	True	0.83	1.93
19	19735326	A	G	LPAR2	Silent	338	168	506	0.33201581027667987	2	1	1	0.8	1	0.8	0.8	False	0.83	1.93
19	22574359	T	A	ZNF98	Nonsense_Mutation	6	7	13	0.5384615384615384	2	1	1	1.2975	1	1.2975	1.0	True	0.83	1.93
19	30935622	C	T	ZNF536	Missense_Mutation	548	308	856	0.3598130841121495	2	1	1	0.867	1	0.867	0.867	True	0.83	1.93
19	30936358	C	T	ZNF536	Missense_Mutation	981	419	1400	0.29928571428571427	2	1	1	0.7212	1	0.7212	0.7212	False	0.83	1.93
19	33706762	G	A	SLC7A10	Missense_Mutation	75	32	107	0.29906542056074764	2	1	1	0.7206	1	0.7206	0.7206	False	0.83	1.93
19	35233132	T	A	ZNF181	3'Flank	39	38	77	0.4935064935064935	2	1	1	1.1892	1	1.1892	1.0	True	0.83	1.93
19	35501050	C	T	GRAMD1A	Missense_Mutation	827	477	1304	0.36579754601226994	2	1	1	0.8814	1	0.8814	0.8814	True	0.83	1.93
19	36125256	C	T	RBM42	Silent	350	196	546	0.358974358974359	2	1	1	0.865	1	0.865	0.865	True	0.83	1.93
19	36125257	C	T	RBM42	Silent	354	195	549	0.3551912568306011	2	1	1	0.8559	1	0.8559	0.8559	True	0.83	1.93
19	36213929	C	T	KMT2B	Missense_Mutation	148	102	250	0.408	2	1	1	0.9831	1	0.9831	0.9831	True	0.83	1.93
19	36333054	C	T	NPHS1	Missense_Mutation	142	95	237	0.4008438818565401	2	1	1	0.9659	1	0.9659	0.9659	True	0.83	1.93
19	36341860	C	T	NPHS1	Intron	230	109	339	0.3215339233038348	2	1	1	0.7748	1	0.7748	0.7748	False	0.83	1.93
19	36967507	A	C	ZNF566	5'UTR	92	42	134	0.31343283582089554	2	1	1	0.7553	1	0.7553	0.7553	False	0.83	1.93
19	37440439	C	T	ZNF568	Silent	51	24	75	0.32	2	1	1	0.7711	1	0.7711	0.7711	False	0.83	1.93
19	37880001	G	A	ZNF527	Silent	76	50	126	0.3968253968253968	2	1	1	0.9562	1	0.9562	0.9562	True	0.83	1.93
19	38190356	C	T	ZNF607	Missense_Mutation	242	122	364	0.33516483516483514	2	1	1	0.8076	1	0.8076	0.8076	False	0.83	1.93
19	39025372	G	A	RYR1	Missense_Mutation	110	70	180	0.3888888888888889	2	1	1	0.9371	1	0.9371	0.9371	True	0.83	1.93
19	39103298	G	A	MAP4K1	Silent	407	226	633	0.3570300157977883	2	1	1	0.8603	1	0.8603	0.8603	True	0.83	1.93
19	40430452	C	T	FCGBP	Silent	91	42	133	0.3157894736842105	2	1	1	0.7609	1	0.7609	0.7609	False	0.83	1.93
19	40741983	G	A	AKT2	Missense_Mutation	1758	1001	2759	0.362812613265676	2	1	1	0.8742	1	0.8742	0.8742	True	0.83	1.93
19	41025435	G	A	SPTBN4	Missense_Mutation	91	51	142	0.3591549295774648	2	1	1	0.8654	1	0.8654	0.8654	True	0.83	1.93
19	41250078	G	A	C19orf54	Nonsense_Mutation	85	44	129	0.34108527131782945	2	1	1	0.8219	1	0.8219	0.8219	False	0.83	1.93
19	41263307	C	T	SNRPA	Silent	218	137	355	0.38591549295774646	2	1	1	0.9299	1	0.9299	0.9299	True	0.83	1.93
19	41263308	C	T	SNRPA	Silent	218	140	358	0.39106145251396646	2	1	1	0.9423	1	0.9423	0.9423	True	0.83	1.93
19	41351362	C	T	CYP2A6	Missense_Mutation	473	247	720	0.34305555555555556	2	1	1	0.8266	1	0.8266	0.8266	False	0.83	1.93
19	41386417	C	T	CYP2A7	Missense_Mutation	383	127	510	0.24901960784313726	2	1	1	0.6	1	0.6	0.6	False	0.83	1.93
19	41386418	C	T	CYP2A7	Silent	379	123	502	0.2450199203187251	2	1	1	0.5904	1	0.5904	0.5904	False	0.83	1.93
19	41518286	G	A	CYP2B6	Missense_Mutation	93	63	156	0.40384615384615385	2	1	1	0.9731	1	0.9731	0.9731	True	0.83	1.93
19	41765525	G	A	AXL	Missense_Mutation	341	170	511	0.33268101761252444	2	1	1	0.8016	1	0.8016	0.8016	False	0.83	1.93
19	42133393	G	A	CEACAM4	5'UTR	30	12	42	0.2857142857142857	2	1	1	0.6885	1	0.6885	0.6885	False	0.83	1.93
19	42222055	G	A	CEACAM5	Missense_Mutation	222	124	346	0.3583815028901734	2	1	1	0.8636	1	0.8636	0.8636	True	0.83	1.93
19	43262211	C	T	PSG8	Missense_Mutation	503	277	780	0.35512820512820514	2	1	1	0.8557	1	0.8557	0.8557	True	0.83	1.93
19	43372477	G	A	PSG1	Missense_Mutation	208	83	291	0.2852233676975945	2	1	1	0.6873	1	0.6873	0.6873	False	0.83	1.93
19	43428838	G	A	PSG7	3'UTR	56	46	102	0.45098039215686275	2	1	1	1.0867	1	1.0867	1.0	True	0.83	1.93
19	44223308	G	A	IRGC	Missense_Mutation	411	235	646	0.3637770897832817	2	1	1	0.8766	1	0.8766	0.8766	True	0.83	1.93
19	44492679	C	T	ZNF155	5'UTR	58	36	94	0.3829787234042553	2	1	1	0.9228	1	0.9228	0.9228	True	0.83	1.93
19	44933888	C	T	ZNF229	Silent	99	43	142	0.3028169014084507	2	1	1	0.7297	1	0.7297	0.7297	False	0.83	1.93
19	46375989	C	T	FOXA3	Silent	89	71	160	0.44375	2	1	1	1.0693	1	1.0693	1.0	True	0.83	1.93
19	47285682	G	A	SLC1A5	Missense_Mutation	575	321	896	0.35825892857142855	2	1	1	0.8633	1	0.8633	0.8633	True	0.83	1.93
19	47354122	C	T	AP2S1	5'UTR	77	40	117	0.3418803418803419	2	1	1	0.8238	1	0.8238	0.8238	False	0.83	1.93
19	47571034	G	A	ZC3H4	Nonsense_Mutation	122	68	190	0.35789473684210527	2	1	1	0.8624	1	0.8624	0.8624	True	0.83	1.93
19	48565294	G	A	PLA2G4C	Silent	246	161	407	0.3955773955773956	2	1	1	0.9532	1	0.9532	0.9532	True	0.83	1.93
19	48643362	G	A	LIG1	Missense_Mutation	324	179	503	0.3558648111332008	2	1	1	0.8575	1	0.8575	0.8575	True	0.83	1.93
19	49119171	A	T	RPL18	Missense_Mutation	135	90	225	0.4	2	1	1	0.9639	1	0.9639	0.9639	True	0.83	1.93
19	49167959	C	T	NTN5	Missense_Mutation	73	49	122	0.4016393442622951	2	1	1	0.9678	1	0.9678	0.9678	True	0.83	1.93
19	49470089	C	G	FTL	3'UTR	92	53	145	0.36551724137931035	2	1	1	0.8808	1	0.8808	0.8808	True	0.83	1.93
19	49633253	C	T	PPFIA3	Silent	421	344	765	0.4496732026143791	2	1	1	1.0835	1	1.0835	1.0	True	0.83	1.93
19	49850485	G	A	TEAD2	Missense_Mutation	1441	902	2343	0.38497652582159625	2	1	1	0.9277	1	0.9277	0.9277	True	0.83	1.93
19	49940005	C	T	SLC17A7	Missense_Mutation	370	217	587	0.3696763202725724	2	1	1	0.8908	1	0.8908	0.8908	True	0.83	1.93
19	49940006	C	T	SLC17A7	Missense_Mutation	369	217	586	0.3703071672354949	2	1	1	0.8923	1	0.8923	0.8923	True	0.83	1.93
19	50169131	C	T	BCL2L12	Silent	558	356	914	0.38949671772428884	2	1	1	0.9385	1	0.9385	0.9385	True	0.83	1.93
19	50170415	C	A	BCL2L12	Missense_Mutation	1402	672	2074	0.3240115718418515	2	1	1	0.7808	1	0.7808	0.7808	False	0.83	1.93
19	50209263	C	T	CPT1C	Silent	425	265	690	0.38405797101449274	2	1	1	0.9254	1	0.9254	0.9254	True	0.83	1.93
19	50249957	C	T	TSKS	Silent	116	95	211	0.45023696682464454	2	1	1	1.0849	1	1.0849	1.0	True	0.83	1.93
19	51171679	C	T	SHANK1	Missense_Mutation	181	143	324	0.44135802469135804	2	1	1	1.0635	1	1.0635	1.0	True	0.83	1.93
19	51455882	A	C	KLK5	Missense_Mutation	173	67	240	0.2791666666666667	2	1	1	0.6727	1	0.6727	0.6727	False	0.83	1.93
19	51530847	C	T	KLK11	5'UTR	161	86	247	0.3481781376518219	2	1	1	0.839	1	0.839	0.839	False	0.83	1.93
19	52033094	G	A	SIGLEC6	Missense_Mutation	188	115	303	0.3795379537953795	2	1	1	0.9145	1	0.9145	0.9145	True	0.83	1.93
19	52250226	G	A	FPR1	Missense_Mutation	15	6	21	0.2857142857142857	2	1	1	0.6885	1	0.6885	0.6885	False	0.83	1.93
19	52505120	G	A	ZNF615	Nonsense_Mutation	181	49	230	0.21304347826086956	2	1	1	0.5134	1	0.5134	0.5134	False	0.83	1.93
19	52505121	T	A	ZNF615	Missense_Mutation	176	48	224	0.21428571428571427	2	1	1	0.5164	1	0.5164	0.5164	False	0.83	1.93
19	52619667	G	T	ZNF616	Missense_Mutation	84	35	119	0.29411764705882354	2	1	1	0.7087	1	0.7087	0.7087	False	0.83	1.93
19	53056804	C	T	ZNF808	Missense_Mutation	354	194	548	0.354014598540146	2	1	1	0.853	1	0.853	0.853	True	0.83	1.93
19	54466543	C	T	CACNG8	Silent	233	138	371	0.3719676549865229	2	1	1	0.8963	1	0.8963	0.8963	True	0.83	1.93
19	54544082	C	T	VSTM1	3'UTR	14	8	22	0.36363636363636365	2	1	1	0.8762	1	0.8762	0.8762	True	0.83	1.93
19	54759954	G	A	LILRB5	Missense_Mutation	528	271	799	0.33917396745932415	2	1	1	0.8173	1	0.8173	0.8173	False	0.83	1.93
19	54844919	G	A	LILRA4	Missense_Mutation	290	177	467	0.37901498929336186	2	1	1	0.9133	1	0.9133	0.9133	True	0.83	1.93
19	55816724	G	A	BRSK1	Missense_Mutation	285	157	442	0.3552036199095023	2	1	1	0.8559	1	0.8559	0.8559	True	0.83	1.93
19	56206590	C	A	EPN1	Silent	180	144	324	0.4444444444444444	2	1	1	1.071	1	1.071	1.0	True	0.83	1.93
19	56206591	C	T	EPN1	Missense_Mutation	182	138	320	0.43125	2	1	1	1.0392	1	1.0392	1.0	True	0.83	1.93
19	56243633	C	T	NLRP9	Missense_Mutation	220	108	328	0.32926829268292684	2	1	1	0.7934	1	0.7934	0.7934	False	0.83	1.93
19	56321645	G	A	NLRP11	Missense_Mutation	62	30	92	0.32608695652173914	2	1	1	0.7858	1	0.7858	0.7858	False	0.83	1.93
19	56369416	C	T	NLRP4	Silent	234	108	342	0.3157894736842105	2	1	1	0.7609	1	0.7609	0.7609	False	0.83	1.93
19	56539571	C	T	NLRP5	Missense_Mutation	367	201	568	0.3538732394366197	2	1	1	0.8527	1	0.8527	0.8527	True	0.83	1.93
19	57955633	C	T	ZNF749	Nonsense_Mutation	276	163	439	0.3712984054669704	2	1	1	0.8947	1	0.8947	0.8947	True	0.83	1.93
19	58718408	G	A	ZNF274	Silent	108	68	176	0.38636363636363635	2	1	1	0.931	1	0.931	0.931	True	0.83	1.93
19	58718409	G	A	ZNF274	Missense_Mutation	104	68	172	0.3953488372093023	2	1	1	0.9526	1	0.9526	0.9526	True	0.83	1.93
19	59010864	G	A	SLC27A5	Silent	381	194	575	0.3373913043478261	2	1	1	0.813	1	0.813	0.813	False	0.83	1.93
20	2315831	G	A	TGM3	Missense_Mutation	157	92	249	0.36947791164658633	2	1	1	0.8903	1	0.8903	0.8903	True	0.83	1.93
20	2411208	G	A	TGM6	Missense_Mutation	67	42	109	0.3853211009174312	2	1	1	0.9285	1	0.9285	0.9285	True	0.83	1.93
20	2443366	G	A	SNRPB	Missense_Mutation	280	161	441	0.36507936507936506	2	1	1	0.8797	1	0.8797	0.8797	True	0.83	1.93
20	2636010	C	T	NOP56	Silent	774	489	1263	0.38717339667458434	2	1	1	0.9329	1	0.9329	0.9329	True	0.83	1.93
20	2778928	C	T	CPXM1	Missense_Mutation	264	195	459	0.42483660130718953	2	1	1	1.0237	1	1.0237	1.0	True	0.83	1.93
20	3725616	G	A	HSPA12B	Missense_Mutation	910	492	1402	0.3509272467902996	2	1	1	0.8456	1	0.8456	0.8456	False	0.83	1.93
20	3740717	G	A	C20orf27	Missense_Mutation	506	287	793	0.3619167717528373	2	1	1	0.8721	1	0.8721	0.8721	True	0.83	1.93
20	5559205	G	A	GPCPD1	Missense_Mutation	138	74	212	0.3490566037735849	2	1	1	0.8411	1	0.8411	0.8411	False	0.83	1.93
20	7886933	C	T	HAO1	Missense_Mutation	23	16	39	0.41025641025641024	2	1	1	0.9886	1	0.9886	0.9886	True	0.83	1.93
20	7963024	G	A	TMX4	Silent	43	19	62	0.3064516129032258	2	1	1	0.7384	1	0.7384	0.7384	False	0.83	1.93
20	7963025	G	A	TMX4	Missense_Mutation	40	21	61	0.3442622950819672	2	1	1	0.8295	1	0.8295	0.8295	False	0.83	1.93
20	9318659	G	A	PLCB4	Missense_Mutation	16	7	23	0.30434782608695654	2	1	1	0.7334	1	0.7334	0.7334	False	0.83	1.93
20	9497006	G	C	LAMP5	Missense_Mutation	355	208	563	0.369449378330373	2	1	1	0.8902	1	0.8902	0.8902	True	0.83	1.93
20	10273863	A	C	SNAP25	Missense_Mutation	91	34	125	0.272	2	1	1	0.6554	1	0.6554	0.6554	False	0.83	1.93
20	12990012	G	A	SPTLC3	Missense_Mutation	32	22	54	0.4074074074074074	2	1	1	0.9817	1	0.9817	0.9817	True	0.83	1.93
20	18295778	C	T	ZNF133	Missense_Mutation	191	103	294	0.35034013605442177	2	1	1	0.8442	1	0.8442	0.8442	False	0.83	1.93
20	20278924	G	A	C20orf26	Missense_Mutation	211	114	325	0.3507692307692308	2	1	1	0.8452	1	0.8452	0.8452	False	0.83	1.93
20	23472502	C	T	CST8	Silent	79	43	122	0.3524590163934426	2	1	1	0.8493	1	0.8493	0.8493	False	0.83	1.93
20	29961059	C	T	DEFB118	3'UTR	17	8	25	0.32	2	1	1	0.7711	1	0.7711	0.7711	False	0.83	1.93
20	30064251	G	A	REM1	Translation_Start_Site	484	268	752	0.35638297872340424	2	1	1	0.8588	1	0.8588	0.8588	True	0.83	1.93
20	30436629	C	T	FOXS1	5'Flank	232	106	338	0.3136094674556213	2	1	1	0.7557	1	0.7557	0.7557	False	0.83	1.93
20	30450449	G	A	DUSP15	Silent	639	368	1007	0.365441906653426	2	1	1	0.8806	1	0.8806	0.8806	True	0.83	1.93
20	30803152	G	A	POFUT1	Missense_Mutation	411	258	669	0.38565022421524664	2	1	1	0.9293	1	0.9293	0.9293	True	0.83	1.93
20	31024358	C	T	ASXL1	Silent	513	325	838	0.38782816229116945	2	1	1	0.9345	1	0.9345	0.9345	True	0.83	1.93
20	31643346	C	T	BPIFB3	Silent	357	169	526	0.32129277566539927	2	1	1	0.7742	1	0.7742	0.7742	False	0.83	1.93
20	31828158	C	T	BPIFA1	Missense_Mutation	217	108	325	0.3323076923076923	2	1	1	0.8007	1	0.8007	0.8007	False	0.83	1.93
20	34129795	G	A	ERGIC3	5'UTR	50	29	79	0.3670886075949367	2	1	1	0.8846	1	0.8846	0.8846	True	0.83	1.93
20	34129831	T	G	ERGIC3	5'UTR	73	49	122	0.4016393442622951	2	1	1	0.9678	1	0.9678	0.9678	True	0.83	1.93
20	34505530	C	T	PHF20	Silent	75	59	134	0.44029850746268656	2	1	1	1.061	1	1.061	1.0	True	0.83	1.93
20	34761873	A	G	EPB41L1	Silent	55	33	88	0.375	2	1	1	0.9036	1	0.9036	0.9036	True	0.83	1.93
20	35668680	G	A	RBL1	Silent	107	67	174	0.3850574712643678	2	1	1	0.9278	1	0.9278	0.9278	True	0.83	1.93
20	36022652	C	T	SRC	Silent	537	280	817	0.3427172582619339	2	1	1	0.8258	1	0.8258	0.8258	False	0.83	1.93
20	37168551	C	T	RALGAPB	Nonsense_Mutation	71	27	98	0.2755102040816326	2	1	1	0.6639	1	0.6639	0.6639	False	0.83	1.93
20	37547011	G	A	PPP1R16B	Nonsense_Mutation	407	238	645	0.3689922480620155	2	1	1	0.8891	1	0.8891	0.8891	True	0.83	1.93
20	39317511	G	A	MAFB	5'UTR	248	233	481	0.48440748440748443	2	1	1	1.1672	1	1.1672	1.0	True	0.83	1.93
20	39831811	G	A	ZHX3	Silent	216	126	342	0.3684210526315789	2	1	1	0.8878	1	0.8878	0.8878	True	0.83	1.93
20	40079712	C	T	CHD6	Missense_Mutation	59	32	91	0.3516483516483517	2	1	1	0.8473	1	0.8473	0.8473	False	0.83	1.93
20	43257749	C	A	ADA	Missense_Mutation	460	246	706	0.34844192634560905	2	1	1	0.8396	1	0.8396	0.8396	False	0.83	1.93
20	44515309	C	T	SPATA25	Silent	477	305	782	0.3900255754475703	2	1	1	0.9398	1	0.9398	0.9398	True	0.83	1.93
20	44815301	C	T	CDH22	Missense_Mutation	191	133	324	0.4104938271604938	2	1	1	0.9891	1	0.9891	0.9891	True	0.83	1.93
20	45353822	C	T	SLC2A10	Silent	412	220	632	0.34810126582278483	2	1	1	0.8388	1	0.8388	0.8388	False	0.83	1.93
20	45362569	C	T	SLC2A10	3'UTR	20	11	31	0.3548387096774194	2	1	1	0.855	1	0.855	0.855	True	0.83	1.93
20	47991500	G	A	KCNB1	Silent	75	31	106	0.29245283018867924	2	1	1	0.7047	1	0.7047	0.7047	False	0.83	1.93
20	50406809	G	A	SALL4	Missense_Mutation	194	103	297	0.3468013468013468	2	1	1	0.8357	1	0.8357	0.8357	False	0.83	1.93
20	50715040	G	A	ZFP64	Missense_Mutation	318	200	518	0.3861003861003861	2	1	1	0.9304	1	0.9304	0.9304	True	0.83	1.93
20	51871597	G	A	TSHZ2	Missense_Mutation	166	89	255	0.34901960784313724	2	1	1	0.841	1	0.841	0.841	False	0.83	1.93
20	57767199	G	A	ZNF831	Silent	107	71	178	0.398876404494382	2	1	1	0.9611	1	0.9611	0.9611	True	0.83	1.93
20	58475246	A	T	SYCP2	Missense_Mutation	53	32	85	0.3764705882352941	2	1	1	0.9072	1	0.9072	0.9072	True	0.83	1.93
20	60485496	G	A	CDH4	Missense_Mutation	258	167	425	0.39294117647058824	2	1	1	0.9468	1	0.9468	0.9468	True	0.83	1.93
20	60737912	G	A	SS18L1	Missense_Mutation	210	106	316	0.33544303797468356	2	1	1	0.8083	1	0.8083	0.8083	False	0.83	1.93
20	60737913	G	A	SS18L1	Missense_Mutation	209	106	315	0.33650793650793653	2	1	1	0.8109	1	0.8109	0.8109	False	0.83	1.93
20	62039804	G	A	KCNQ2	Missense_Mutation	115	72	187	0.3850267379679144	2	1	1	0.9278	1	0.9278	0.9278	True	0.83	1.93
20	62039805	G	A	KCNQ2	Silent	112	70	182	0.38461538461538464	2	1	1	0.9268	1	0.9268	0.9268	True	0.83	1.93
20	62059752	C	T	KCNQ2	Silent	110	52	162	0.32098765432098764	2	1	1	0.7735	1	0.7735	0.7735	False	0.83	1.93
20	62737461	C	T	NPBWR2	Missense_Mutation	182	105	287	0.36585365853658536	2	1	1	0.8816	1	0.8816	0.8816	True	0.83	1.93
21	11029651	C	T	BAGE2	RNA	38	9	47	0.19148936170212766	2	1	1	0.4614	1	0.4614	0.4614	False	0.83	1.93
21	11049480	C	T	BAGE2	RNA	139	12	151	0.07947019867549669	2	1	1	0.1915	1	0.1915	0.1915	False	0.83	1.93
21	19628897	C	T	CHODL	Nonsense_Mutation	28	52	80	0.65	1	1	0	0.9163	1	0.9163	0.9163	True	0.83	1.93
21	32582404	C	T	TIAM1	Missense_Mutation	22	30	52	0.5769230769230769	1	1	0	0.8133	1	0.8133	0.8133	False	0.83	1.93
21	33873794	A	C	EVA1C	Missense_Mutation	34	48	82	0.5853658536585366	1	1	0	0.8252	1	0.8252	0.8252	False	0.83	1.93
21	41465770	G	A	DSCAM	Missense_Mutation	17	18	35	0.5142857142857142	1	1	0	0.725	1	0.725	0.725	False	0.83	1.93
21	43187172	G	A	RIPK4	Silent	49	86	135	0.6370370370370371	1	1	0	0.898	1	0.898	0.898	True	0.83	1.93
21	43256640	A	C	PRDM15	Missense_Mutation	259	420	679	0.6185567010309279	1	1	0	0.8719	1	0.8719	0.8719	True	0.83	1.93
21	44488672	G	A	CBS	Missense_Mutation	677	1230	1907	0.6449921342422653	1	1	0	0.9092	1	0.9092	0.9092	True	0.83	1.93
21	46011854	G	A	KRTAP10-6	Missense_Mutation	263	417	680	0.6132352941176471	1	1	0	0.8644	1	0.8644	0.8644	True	0.83	1.93
21	46323291	G	A	ITGB2	Missense_Mutation	213	379	592	0.6402027027027027	1	1	0	0.9025	1	0.9025	0.9025	True	0.83	1.93
21	46912603	C	T	COL18A1	Silent	192	380	572	0.6643356643356644	1	1	0	0.9365	1	0.9365	0.9365	True	0.83	1.93
21	46931086	C	T	COL18A1	Missense_Mutation	26	34	60	0.5666666666666667	1	1	0	0.7988	1	0.7988	0.7988	False	0.83	1.93
21	47333947	C	T	PCBP3	Intron	61	148	209	0.7081339712918661	1	1	0	0.9982	1	0.9982	0.9982	True	0.83	1.93
22	16287257	T	G	POTEH	Missense_Mutation	958	134	1092	0.1227106227106227	2	1	1	0.2957	1	0.2957	0.2957	False	0.83	1.93
22	17073328	G	A	CCT8L2	Missense_Mutation	374	197	571	0.3450087565674256	2	1	1	0.8313	1	0.8313	0.8313	False	0.83	1.93
22	17578741	C	T	IL17RA	Missense_Mutation	253	142	395	0.3594936708860759	2	1	1	0.8662	1	0.8662	0.8662	True	0.83	1.93
22	18028461	G	A	CECR2	Missense_Mutation	98	49	147	0.3333333333333333	2	1	1	0.8032	1	0.8032	0.8032	False	0.83	1.93
22	18368808	G	A	MICAL3	Missense_Mutation	454	295	749	0.3938584779706275	2	1	1	0.9491	1	0.9491	0.9491	True	0.83	1.93
22	18769738	C	T	GGT3P	RNA	194	53	247	0.2145748987854251	2	1	1	0.517	1	0.517	0.517	False	0.83	1.93
22	19170972	G	T	CLTCL1	Silent	245	125	370	0.33783783783783783	2	1	1	0.8141	1	0.8141	0.8141	False	0.83	1.93
22	19951785	G	A	COMT	Nonsense_Mutation	410	255	665	0.38345864661654133	2	1	1	0.924	1	0.924	0.924	True	0.83	1.93
22	20729796	C	T	USP41	Silent	84	42	126	0.3333333333333333	2	1	1	0.8032	1	0.8032	0.8032	False	0.83	1.93
22	21470387	G	T	KB-1592A4.15	RNA	72	17	89	0.19101123595505617	2	1	1	0.4603	1	0.4603	0.4603	False	0.83	1.93
22	21800779	C	T	HIC2	Missense_Mutation	391	216	607	0.35584843492586493	2	1	1	0.8575	1	0.8575	0.8575	True	0.83	1.93
22	23406136	G	A	RTDR1	Silent	299	147	446	0.3295964125560538	2	1	1	0.7942	1	0.7942	0.7942	False	0.83	1.93
22	25294154	C	T	SGSM1	Silent	285	128	413	0.3099273607748184	2	1	1	0.7468	1	0.7468	0.7468	False	0.83	1.93
22	25315917	G	A	SGSM1	Silent	31	18	49	0.3673469387755102	2	1	1	0.8852	1	0.8852	0.8852	True	0.83	1.93
22	25597350	G	A	CRYBB3	5'UTR	413	216	629	0.34340222575516693	2	1	1	0.8275	1	0.8275	0.8275	False	0.83	1.93
22	26118441	C	T	ADRBK2	3'UTR	41	16	57	0.2807017543859649	2	1	1	0.6764	1	0.6764	0.6764	False	0.83	1.93
22	26159234	C	T	MYO18B	Missense_Mutation	103	78	181	0.430939226519337	2	1	1	1.0384	1	1.0384	1.0	True	0.83	1.93
22	26423107	C	T	MYO18B	Silent	81	48	129	0.37209302325581395	2	1	1	0.8966	1	0.8966	0.8966	True	0.83	1.93
22	26688560	G	A	SEZ6L	Missense_Mutation	65	36	101	0.3564356435643564	2	1	1	0.8589	1	0.8589	0.8589	True	0.83	1.93
22	26709835	G	A	SEZ6L	Missense_Mutation	130	72	202	0.3564356435643564	2	1	1	0.8589	1	0.8589	0.8589	True	0.83	1.93
22	26936874	C	T	TPST2	Silent	409	168	577	0.29116117850953205	2	1	1	0.7016	1	0.7016	0.7016	False	0.83	1.93
22	27019245	C	T	CRYBA4	Silent	284	167	451	0.37028824833702884	2	1	1	0.8923	1	0.8923	0.8923	True	0.83	1.93
22	28196393	G	A	MN1	Missense_Mutation	573	334	907	0.36824696802646084	2	1	1	0.8873	1	0.8873	0.8873	True	0.83	1.93
22	30127120	G	A	ZMAT5	3'UTR	328	190	518	0.3667953667953668	2	1	1	0.8838	1	0.8838	0.8838	True	0.83	1.93
22	30489925	C	T	HORMAD2	5'UTR	28	19	47	0.40425531914893614	2	1	1	0.9741	1	0.9741	0.9741	True	0.83	1.93
22	31535838	G	A	PLA2G3	Missense_Mutation	172	131	303	0.43234323432343236	2	1	1	1.0418	1	1.0418	1.0	True	0.83	1.93
22	32270373	G	A	DEPDC5	Missense_Mutation	26	13	39	0.3333333333333333	2	1	1	0.8032	1	0.8032	0.8032	False	0.83	1.93
22	32843213	G	A	BPIFC	Silent	139	59	198	0.29797979797979796	2	1	1	0.718	1	0.718	0.718	False	0.83	1.93
22	32875101	A	G	FBXO7	Missense_Mutation	837	454	1291	0.3516653756777692	2	1	1	0.8474	1	0.8474	0.8474	False	0.83	1.93
22	33402357	G	A	SYN3	Silent	302	192	494	0.38866396761133604	2	1	1	0.9365	1	0.9365	0.9365	True	0.83	1.93
22	35660805	G	A	HMGXB4	Missense_Mutation	207	152	359	0.4233983286908078	2	1	1	1.0202	1	1.0202	1.0	True	0.83	1.93
22	36597776	C	T	APOL4	Intron	30	15	45	0.3333333333333333	2	1	1	0.8032	1	0.8032	0.8032	False	0.83	1.93
22	37334334	G	A	CSF2RB	Silent	825	451	1276	0.35344827586206895	2	1	1	0.8517	1	0.8517	0.8517	True	0.83	1.93
22	37865980	C	T	MFNG	3'UTR	43	13	56	0.23214285714285715	2	1	1	0.5594	1	0.5594	0.5594	False	0.83	1.93
22	38894509	G	A	DDX17	Missense_Mutation	257	170	427	0.3981264637002342	2	1	1	0.9593	1	0.9593	0.9593	True	0.83	1.93
22	39712907	G	A	RPL3	Intron	295	176	471	0.37367303609341823	2	1	1	0.9004	1	0.9004	0.9004	True	0.83	1.93
22	39884653	C	T	MGAT3	Missense_Mutation	238	159	397	0.4005037783375315	2	1	1	0.9651	1	0.9651	0.9651	True	0.83	1.93
22	39884729	C	T	MGAT3	Silent	184	118	302	0.39072847682119205	2	1	1	0.9415	1	0.9415	0.9415	True	0.83	1.93
22	39996602	G	A	CACNA1I	Silent	229	146	375	0.3893333333333333	2	1	1	0.9382	1	0.9382	0.9382	True	0.83	1.93
22	42473325	C	T	FAM109B	Missense_Mutation	490	252	742	0.33962264150943394	2	1	1	0.8184	1	0.8184	0.8184	False	0.83	1.93
22	42981923	C	T	POLDIP3	Silent	237	151	388	0.38917525773195877	2	1	1	0.9378	1	0.9378	0.9378	True	0.83	1.93
22	42981924	C	T	POLDIP3	Missense_Mutation	238	145	383	0.3785900783289817	2	1	1	0.9123	1	0.9123	0.9123	True	0.83	1.93
22	43950818	C	T	EFCAB6	Silent	488	308	796	0.3869346733668342	2	1	1	0.9324	1	0.9324	0.9324	True	0.83	1.93
22	44234799	C	T	SULT4A1	Missense_Mutation	371	222	593	0.37436762225969644	2	1	1	0.9021	1	0.9021	0.9021	True	0.83	1.93
22	47085936	G	A	CERK	Silent	272	173	445	0.3887640449438202	2	1	1	0.9368	1	0.9368	0.9368	True	0.83	1.93
22	50720043	G	A	PLXNB2	Silent	420	241	661	0.36459909228441756	2	1	1	0.8786	1	0.8786	0.8786	True	0.83	1.93
22	50927488	C	T	MIOX	Missense_Mutation	167	83	250	0.332	2	1	1	0.8	1	0.8	0.8	False	0.83	1.93
X	1314897	C	T	CRLF2	Nonsense_Mutation	56	64	120	0.5333333333333333	2	1	1	1.2851	1	1.2851	1.0	True	0.83	1.93
X	1742137	G	A	ASMT	Missense_Mutation	142	217	359	0.6044568245125348	2	1	1	1.4565	1	1.4565	1.0	True	0.83	1.93
X	2951408	C	T	ARSH	Silent	3	16	19	0.8421052631578947	2	1	1	2.0292	1	2.0292	1.0	True	0.83	1.93
X	3238901	G	A	MXRA5	Missense_Mutation	137	438	575	0.7617391304347826	2	1	1	1.8355	1	1.8355	1.0	True	0.83	1.93
X	5821747	C	T	NLGN4X	Silent	92	217	309	0.7022653721682848	2	1	1	1.6922	1	1.6922	1.0	True	0.83	1.93
X	9914785	C	T	SHROOM2	Silent	19	88	107	0.822429906542056	2	1	1	1.9818	1	1.9818	1.0	True	0.83	1.93
X	10427726	C	T	MID1	Silent	10	45	55	0.8181818181818182	2	1	1	1.9715	1	1.9715	1.0	True	0.83	1.93
X	13681193	C	T	TCEANC	Missense_Mutation	68	201	269	0.7472118959107806	2	1	1	1.8005	1	1.8005	1.0	True	0.83	1.93
X	15582236	G	A	ACE2	Silent	20	48	68	0.7058823529411765	2	1	1	1.7009	1	1.7009	1.0	True	0.83	1.93
X	18260653	T	G	SCML2	Missense_Mutation	15	118	133	0.8872180451127819	2	1	1	2.1379	1	2.1379	1.0	True	0.83	1.93
X	27998066	G	T	DCAF8L1	Silent	6	10	16	0.625	2	1	1	1.506	1	1.506	1.0	True	0.83	1.93
X	34149124	G	A	FAM47A	Silent	29	98	127	0.7716535433070866	2	1	1	1.8594	1	1.8594	1.0	True	0.83	1.93
X	34149162	G	A	FAM47A	Missense_Mutation	36	106	142	0.7464788732394366	2	1	1	1.7987	1	1.7987	1.0	True	0.83	1.93
X	37027310	G	A	FAM47C	Missense_Mutation	66	201	267	0.7528089887640449	2	1	1	1.814	1	1.814	1.0	True	0.83	1.93
X	37027311	G	C	FAM47C	Silent	66	201	267	0.7528089887640449	2	1	1	1.814	1	1.814	1.0	True	0.83	1.93
X	37028253	G	A	FAM47C	Silent	56	173	229	0.7554585152838428	2	1	1	1.8204	1	1.8204	1.0	True	0.83	1.93
X	45059964	G	A	CXorf36	Silent	14	81	95	0.8526315789473684	2	1	1	2.0545	1	2.0545	1.0	True	0.83	1.93
X	47487623	G	A	CFP	Missense_Mutation	23	132	155	0.8516129032258064	2	1	1	2.0521	1	2.0521	1.0	True	0.83	1.93
X	47837015	G	A	ZNF182	Silent	34	65	99	0.6565656565656566	2	1	1	1.5821	1	1.5821	1.0	True	0.83	1.93
X	48649640	G	A	GATA1	Missense_Mutation	14	62	76	0.8157894736842105	2	1	1	1.9658	1	1.9658	1.0	True	0.83	1.93
X	48934105	G	A	WDR45	Silent	121	516	637	0.8100470957613815	2	1	1	1.9519	1	1.9519	1.0	True	0.83	1.93
X	50094252	G	A	CCNB3	Missense_Mutation	21	78	99	0.7878787878787878	2	1	1	1.8985	1	1.8985	1.0	True	0.83	1.93
X	52841586	G	A	XAGE5	5'UTR	36	47	83	0.5662650602409639	2	1	1	1.3645	1	1.3645	1.0	True	0.83	1.93
X	52893806	C	T	XAGE3	Missense_Mutation	42	108	150	0.72	2	1	1	1.7349	1	1.7349	1.0	True	0.83	1.93
X	54496554	G	A	FGD1	Silent	33	134	167	0.8023952095808383	2	1	1	1.9335	1	1.9335	1.0	True	0.83	1.93
X	54777626	G	A	ITIH6	Silent	28	42	70	0.6	2	1	1	1.4458	1	1.4458	1.0	True	0.83	1.93
X	54956372	C	T	TRO	Missense_Mutation	10	57	67	0.8507462686567164	2	1	1	2.05	1	2.05	1.0	True	0.83	1.93
X	64744894	G	A	LAS1L	Silent	13	54	67	0.8059701492537313	2	1	1	1.9421	1	1.9421	1.0	True	0.83	1.93
X	77276522	G	A	ATP7A	Silent	85	273	358	0.7625698324022346	2	1	1	1.8375	1	1.8375	1.0	True	0.83	1.93
X	83400545	G	A	RPS6KA6	Silent	4	11	15	0.7333333333333333	2	1	1	1.7671	1	1.7671	1.0	True	0.83	1.93
X	100349860	C	T	TMEM35	Missense_Mutation	112	404	516	0.7829457364341085	2	1	1	1.8866	1	1.8866	1.0	True	0.83	1.93
X	100871633	G	A	ARMCX6	5'UTR	17	104	121	0.859504132231405	2	1	1	2.0711	1	2.0711	1.0	True	0.83	1.93
X	103268125	C	T	H2BFWT	Silent	245	155	400	0.3875	2	1	1	0.9337	1	0.9337	0.9337	True	0.83	1.93
X	107418430	G	A	COL4A6	Missense_Mutation	31	101	132	0.7651515151515151	2	1	1	1.8437	1	1.8437	1.0	True	0.83	1.93
X	107418434	T	G	COL4A6	Missense_Mutation	33	92	125	0.736	2	1	1	1.7735	1	1.7735	1.0	True	0.83	1.93
X	110644344	C	T	DCX	Silent	4	21	25	0.84	2	1	1	2.0241	1	2.0241	1.0	True	0.83	1.93
X	114141940	C	T	HTR2C	Missense_Mutation	9	26	35	0.7428571428571429	2	1	1	1.79	1	1.79	1.0	True	0.83	1.93
X	118215320	C	T	KIAA1210	Nonsense_Mutation	92	334	426	0.784037558685446	2	1	1	1.8892	1	1.8892	1.0	True	0.83	1.93
X	120181511	G	A	GLUD2	5'UTR	65	203	268	0.7574626865671642	2	1	1	1.8252	1	1.8252	1.0	True	0.83	1.93
X	123220440	C	T	STAG2	Nonsense_Mutation	13	39	52	0.75	2	1	1	1.8072	1	1.8072	1.0	True	0.83	1.93
X	129053189	C	T	UTP14A	Silent	66	265	331	0.8006042296072508	2	1	1	1.9292	1	1.9292	1.0	True	0.83	1.93
X	129190019	G	A	BCORL1	Missense_Mutation	74	265	339	0.7817109144542773	2	1	1	1.8836	1	1.8836	1.0	True	0.83	1.93
X	130222806	T	G	ARHGAP36	3'UTR	39	123	162	0.7592592592592593	2	1	1	1.8295	1	1.8295	1.0	True	0.83	1.93
X	130408837	G	A	IGSF1	Missense_Mutation	71	208	279	0.7455197132616488	2	1	1	1.7964	1	1.7964	1.0	True	0.83	1.93
X	135429626	T	G	GPR112	Nonsense_Mutation	8	25	33	0.7575757575757576	2	1	1	1.8255	1	1.8255	1.0	True	0.83	1.93
X	138864889	T	A	ATP11C	Splice_Site	26	112	138	0.8115942028985508	2	1	1	1.9556	1	1.9556	1.0	True	0.83	1.93
X	140996573	A	T	MAGEC1	Missense_Mutation	16	68	84	0.8095238095238095	2	1	1	1.9507	1	1.9507	1.0	True	0.83	1.93
X	141291749	A	T	MAGEC2	Missense_Mutation	107	254	361	0.703601108033241	2	1	1	1.6954	1	1.6954	1.0	True	0.83	1.93
X	142717675	T	G	SLITRK4	Missense_Mutation	410	21	431	0.048723897911832945	2	1	1	0.1174	1	0.1174	0.1174	False	0.83	1.93
X	150868507	G	A	PRRG3	Missense_Mutation	61	182	243	0.7489711934156379	2	1	1	1.8047	1	1.8047	1.0	True	0.83	1.93
X	150869277	G	A	PRRG3	Silent	64	130	194	0.6701030927835051	2	1	1	1.6147	1	1.6147	1.0	True	0.83	1.93
X	150869278	G	T	PRRG3	Missense_Mutation	63	129	192	0.671875	2	1	1	1.619	1	1.619	1.0	True	0.83	1.93
X	151123218	G	T	GABRE	Missense_Mutation	27	32	59	0.5423728813559322	2	1	1	1.3069	1	1.3069	1.0	True	0.83	1.93
X	152956946	C	T	SLC6A8	Silent	220	752	972	0.7736625514403292	2	1	1	1.8642	1	1.8642	1.0	True	0.83	1.93
X	152956947	C	T	SLC6A8	Silent	222	757	979	0.7732379979570991	2	1	1	1.8632	1	1.8632	1.0	True	0.83	1.93
X	153678615	C	T	FAM50A	Missense_Mutation	124	410	534	0.7677902621722846	2	1	1	1.8501	1	1.8501	1.0	True	0.83	1.93
X	153678616	C	T	FAM50A	Silent	125	416	541	0.7689463955637708	2	1	1	1.8529	1	1.8529	1.0	True	0.83	1.93
X	154159546	G	A	F8	Missense_Mutation	14	37	51	0.7254901960784313	2	1	1	1.7482	1	1.7482	1.0	True	0.83	1.93
