chr	start	end	WT.count	mut.count	subclonal.CN	nMaj1	nMin1	frac1	nMaj2	nMin2	frac2	phase	mutation.copy.number	subclonal.fraction	no.chrs.bearing.mut
1	874453	874454	16	10	4	2	2	1	NA	NA	NA	unphased	1.7429406037001	0.871470301850049	2
1	980654	980655	29	24	4	2	2	1	NA	NA	NA	unphased	2.0520659183186	1.0260329591593	2
1	1235398	1235399	28	13	2	2	0	1	NA	NA	NA	unphased	0.802716887928373	0.802716887928373	1
1	2938439	2938440	29	17	2	2	0	1	NA	NA	NA	unphased	0.935608145294441	0.935608145294441	1
1	2939012	2939013	15	69	2	2	0	1	NA	NA	NA	unphased	2.07956600361664	1.03978300180832	2
1	3732005	3732006	2	17	2	2	0	1	NA	NA	NA	unphased	2.26515656229181	1.1325782811459	2
1	6208939	6208940	56	26	2	2	0	1	NA	NA	NA	unphased	0.802716887928373	0.802716887928373	1
1	8931950	8931951	83	26	2	2	0	1	NA	NA	NA	unphased	0.603878759725932	0.603878759725932	1
1	9011663	9011664	2	26	2	2	0	1	NA	NA	NA	unphased	2.35081374321881	1.1754068716094	2
1	11253668	11253669	10	35	2	2	0	1	NA	NA	NA	unphased	1.9690576652602	0.984528832630098	2
1	15789877	15789878	50	38	2	2	0	1	NA	NA	NA	unphased	1.09321058688147	1.09321058688147	1
1	16065192	16065193	26	17	2	2	0	1	NA	NA	NA	unphased	1.00088313217545	1.00088313217545	1
1	27056082	27056083	21	20	2	2	0	1	NA	NA	NA	unphased	1.23494905835134	1.23494905835134	1
1	28282763	28282764	6	21	2	2	0	1	NA	NA	NA	unphased	1.9690576652602	0.984528832630098	2
1	31845841	31845842	38	36	3	2	1	1	NA	NA	NA	unphased	1.71809784468012	0.859048922340062	2
1	32207656	32207657	68	27	3	2	1	1	NA	NA	NA	unphased	1.0037308461026	1.0037308461026	1
1	32714004	32714005	23	13	3	2	1	1	NA	NA	NA	unphased	1.2753164556962	1.2753164556962	1
1	32740034	32740035	42	17	3	2	1	1	NA	NA	NA	unphased	1.01759279124651	1.01759279124651	1
1	34033206	34033207	36	8	3	2	1	1	NA	NA	NA	unphased	0.642117376294591	0.642117376294591	1
1	34090212	34090213	98	39	3	2	1	1	NA	NA	NA	unphased	1.00535895777511	1.00535895777511	1
1	34663230	34663231	35	17	3	2	1	1	NA	NA	NA	unphased	1.15457643622201	1.15457643622201	1
1	35333194	35333195	101	109	3	2	1	1	NA	NA	NA	unphased	1.83309222423146	0.916546112115732	2
1	35917320	35917321	95	102	3	2	1	1	NA	NA	NA	unphased	1.82856775685922	0.914283878429609	2
1	36767167	36767168	29	25	3	2	1	1	NA	NA	NA	unphased	1.63502109704641	0.817510548523207	2
1	38511293	38511294	14	7	3	2	1	1	NA	NA	NA	unphased	1.17721518987342	1.17721518987342	1
1	40125072	40125073	111	35	3	2	1	1	NA	NA	NA	unphased	0.846627362580198	0.846627362580198	1
1	40766794	40766795	10	15	3	2	1	1	NA	NA	NA	unphased	2.11898734177215	1.05949367088608	2
1	41232362	41232363	59	19	3	2	1	1	NA	NA	NA	unphased	0.860272638753651	0.860272638753651	1
1	42048658	42048659	87	37	3	2	1	1	NA	NA	NA	unphased	1.05379746835443	1.05379746835443	1
1	43032145	43032146	67	26	3	2	1	1	NA	NA	NA	unphased	0.987341772151899	0.987341772151899	1
1	45469085	45469086	19	7	3	2	1	1	NA	NA	NA	unphased	0.950827653359299	0.950827653359299	1
1	46874130	46874131	289	119	3	2	1	1	NA	NA	NA	unphased	1.03006329113924	1.03006329113924	1
1	47078617	47078618	43	49	3	2	1	1	NA	NA	NA	unphased	1.88098514034122	0.940492570170611	2
1	50575569	50575570	16	11	3	2	1	1	NA	NA	NA	unphased	1.43881856540084	1.43881856540084	1
1	53930384	53930385	43	37	3	2	1	1	NA	NA	NA	unphased	1.63338607594937	0.816693037974684	2
1	54518699	54518700	100	40	3	2	1	1	NA	NA	NA	unphased	1.00904159132007	1.00904159132007	1
1	54666260	54666261	65	27	3	2	1	1	NA	NA	NA	unphased	1.03646119977986	1.03646119977986	1
1	57216867	57216868	23	22	3	2	1	1	NA	NA	NA	unphased	1.72658227848101	0.863291139240506	2
1	57216868	57216869	23	22	3	2	1	1	NA	NA	NA	unphased	1.72658227848101	0.863291139240506	2
1	59148139	59148140	47	28	2	2	0	1	NA	NA	NA	unphased	0.945147679324895	0.945147679324895	1
1	62321810	62321811	19	74	2	2	0	1	NA	NA	NA	unphased	2.0144276575473	1.00721382877365	2
1	65858465	65858466	4	32	2	2	0	1	NA	NA	NA	unphased	2.25035161744022	1.12517580872011	2
1	65858467	65858468	4	32	2	2	0	1	NA	NA	NA	unphased	2.25035161744022	1.12517580872011	2
1	66713188	66713189	57	143	2	2	0	1	NA	NA	NA	unphased	1.81012658227848	0.90506329113924	2
1	70385353	70385354	10	3	2	2	0	1	NA	NA	NA	unphased	0.584225900681597	0.584225900681597	1
1	70742524	70742525	31	23	2	2	0	1	NA	NA	NA	unphased	1.07829348335677	1.07829348335677	1
1	74670180	74670181	11	60	2	2	0	1	NA	NA	NA	unphased	2.13941879122838	1.06970939561419	2
1	74835263	74835264	17	84	2	2	0	1	NA	NA	NA	unphased	2.10552700839704	1.05276350419852	2
1	76345769	76345770	7	11	2	2	0	1	NA	NA	NA	unphased	1.54711673699015	1.54711673699015	1
1	77752708	77752709	18	48	2	2	0	1	NA	NA	NA	unphased	1.84119677790564	0.920598388952819	2
1	77752709	77752710	17	47	2	2	0	1	NA	NA	NA	unphased	1.85917721518987	0.929588607594937	2
1	86954770	86954771	41	4	2	2	0	1	NA	NA	NA	unphased	0.225035161744022	0.225035161744022	1
1	89599029	89599030	66	34	2	2	0	1	NA	NA	NA	unphased	0.860759493670886	0.860759493670886	1
1	89732103	89732104	12	74	2	2	0	1	NA	NA	NA	unphased	2.17839269944068	1.08919634972034	2
1	93303068	93303069	5	34	2	2	0	1	NA	NA	NA	unphased	2.20707562479714	1.10353781239857	2
1	94639652	94639653	25	24	2	2	0	1	NA	NA	NA	unphased	1.23998966675278	1.23998966675278	1
1	103364266	103364267	25	18	2	2	0	1	NA	NA	NA	unphased	1.05975861053871	1.05975861053871	1
1	115576670	115576671	100	43	2	2	0	1	NA	NA	NA	unphased	0.761264052403293	0.761264052403293	1
1	120458824	120458825	8	38	2	2	0	1	NA	NA	NA	unphased	2.09135938359934	1.04567969179967	2
1	145440635	145440636	128	37	4	2	2	1	NA	NA	NA	unphased	1.01618718833909	1.01618718833909	1
1	145537213	145537214	62	59	4	2	2	1	NA	NA	NA	unphased	2.20964536039335	1.10482268019667	2
1	145761320	145761321	120	19	4	2	2	1	NA	NA	NA	unphased	0.619433567070394	0.619433567070394	1
1	148932886	148932887	303	28	4	2	2	1	NA	NA	NA	unphased	0.383341619182378	0.383341619182378	1
1	148932898	148932899	297	20	4	2	2	1	NA	NA	NA	unphased	0.285908237830931	0.285908237830931	1
1	150053537	150053538	60	47	5	3	2	1	NA	NA	NA	unphased	2.42978824086123	0.809929413620411	3
1	150238808	150238809	23	3	5	3	2	1	NA	NA	NA	unphased	0.638266796494645	0.638266796494645	1
1	151338899	151338900	194	89	5	3	2	1	NA	NA	NA	unphased	1.73963411906785	0.869817059533927	2
1	152086472	152086473	91	110	5	3	2	1	NA	NA	NA	unphased	3.02726871969268	1.00908957323089	3
1	152275149	152275150	28	13	5	3	2	1	NA	NA	NA	unphased	1.75393640012349	0.876968200061747	2
1	152278661	152278662	1072	74	5	3	2	1	NA	NA	NA	unphased	0.357191773256456	0.357191773256456	1
1	152282528	152282529	288	143	5	3	2	1	NA	NA	NA	unphased	1.83532556022203	0.917662780111016	2
1	152326676	152326677	146	38	5	3	2	1	NA	NA	NA	unphased	1.14240506329114	1.14240506329114	1
1	152648767	152648768	121	130	5	3	2	1	NA	NA	NA	unphased	2.86499571334914	0.954998571116378	3
1	152659553	152659554	166	203	5	3	2	1	NA	NA	NA	unphased	3.04315460876128	1.01438486958709	3
1	152733778	152733779	69	40	5	3	2	1	NA	NA	NA	unphased	2.02996167692486	1.01498083846243	2
1	153752299	153752300	69	67	4.58	3	2	0.86	1	1	0.14	unphased	2.51823715562174	0.925822483684464	2.72
1	154918599	154918600	379	75	4.58	3	2	0.86	1	1	0.14	unphased	0.844434840796297	0.844434840796297	1
1	155015856	155015857	125	32	4.58	3	2	0.86	1	1	0.14	unphased	1.04186406514553	1.04186406514553	1
1	155217712	155217713	25	20	4.58	3	2	0.86	1	1	0.14	unphased	2.27184247538678	0.835236204186316	2.72
1	155217713	155217714	25	21	4.58	3	2	0.86	1	1	0.14	unphased	2.33357732526142	0.857932840169639	2.72
1	155491368	155491369	47	38	4.58	3	2	0.86	1	1	0.14	unphased	2.28520625465376	0.840149358328588	2.72
1	156617789	156617790	77	102	4.58	3	2	0.86	1	1	0.14	unphased	2.91278127430875	1.01845499101704	2.86
1	157665852	157665853	73	91	4.18	5	2	0.53	1	0	0.47	unphased	2.61438870021612	1.00941648656993	2.59
1	157738209	157738210	115	134	4.18	5	2	0.53	1	0	0.47	unphased	2.53558436276753	1.00220725801088	2.53
1	157738391	157738392	205	221	4.18	5	2	0.53	1	0	0.47	unphased	2.44430439175135	0.966128218083538	2.53
1	157771874	157771875	73	63	4.18	5	2	0.53	1	0	0.47	unphased	2.18260052122115	1.05951481612677	2.06
1	157772180	157772181	257	46	4.18	5	2	0.53	1	0	0.47	unphased	0.715299327401095	0.715299327401095	1
1	158059258	158059259	31	82	4.18	5	2	0.53	1	0	0.47	unphased	3.4190702363616	0.96857513777949	3.53
1	158225023	158225024	61	100	4.18	5	2	0.53	1	0	0.47	unphased	2.92648793144115	0.956368605046128	3.06
1	158225041	158225042	54	86	4.18	5	2	0.53	1	0	0.47	unphased	2.8942965641953	0.94584855039062	3.06
1	158261116	158261117	127	56	4.18	5	2	0.53	1	0	0.47	unphased	1.441815037698	0.942362769737256	1.53
1	158262577	158262578	156	52	4.18	5	2	0.53	1	0	0.47	unphased	1.17791139240506	1.17791139240506	1
1	158299391	158299392	134	106	4.18	5	2	0.53	1	0	0.47	unphased	2.08097679324894	1.01018290934415	2.06
1	158325306	158325307	18	70	4.18	5	2	0.53	1	0	0.47	unphased	3.7478998849252	1.04398325485382	3.59
1	158622405	158622406	134	16	4.18	5	2	0.53	1	0	0.47	unphased	0.50257552742616	0.948255712124831	0.53
1	158637763	158637764	262	40	4.18	5	2	0.53	1	0	0.47	unphased	0.624059015843742	1.17746984121461	0.53
1	158639568	158639569	337	45	4.18	5	2	0.53	1	0	0.47	unphased	0.555036781761548	1.04723921087085	0.53
1	158648265	158648266	153	20	4.18	5	2	0.53	1	0	0.47	unphased	0.544698909782688	1.02773379204281	0.53
1	158654918	158654919	96	36	4.18	5	2	0.53	1	0	0.47	unphased	1.28499424626007	1.28499424626007	1
1	158747163	158747164	172	171	4.18	5	2	0.53	1	0	0.47	unphased	2.34895449680776	0.928440512572239	2.53
1	158747164	158747165	176	170	4.18	5	2	0.53	1	0	0.47	unphased	2.31497036657642	0.915008050030207	2.53
1	158817622	158817623	241	42	4.18	5	2	0.53	1	0	0.47	unphased	0.699254819519613	0.699254819519613	1
1	158912011	158912012	41	32	4.18	5	2	0.53	1	0	0.47	unphased	2.06537887983354	1.00261110671531	2.06
1	159170723	159170724	93	47	4.18	5	2	0.53	1	0	0.47	unphased	1.58176672694394	1.03383446205486	1.53
1	159284029	159284030	111	41	4.18	5	2	0.53	1	0	0.47	unphased	1.27090439706862	1.27090439706862	1
1	159410328	159410329	161	21	4.18	5	2	0.53	1	0	0.47	unphased	0.54365141187926	1.02575738090426	0.53
1	159803080	159803081	387	167	4.18	5	2	0.53	1	0	0.47	unphased	1.42029749120322	0.928299013858312	1.53
1	159901665	159901666	41	87	4.18	5	2	0.53	1	0	0.47	unphased	3.20244659810127	1.02642519169912	3.12
1	160210059	160210060	29	30	4.18	5	2	0.53	1	0	0.47	unphased	2.39575198455267	0.946937543301451	2.53
1	160210061	160210062	29	30	4.18	5	2	0.53	1	0	0.47	unphased	2.39575198455267	0.946937543301451	2.53
1	160465952	160465953	113	171	4.18	5	2	0.53	1	0	0.47	unphased	2.83694152255304	0.927105072729751	3.06
1	160681561	160681562	60	30	4.18	5	2	0.53	1	0	0.47	unphased	1.57054852320675	1.02650230274951	1.53
1	165532810	165532811	56	13	4	2	2	1	NA	NA	NA	unphased	0.853788295725555	0.853788295725555	1
1	167095996	167095997	89	32	3	2	1	1	NA	NA	NA	unphased	0.933988910973951	0.933988910973951	1
1	168550397	168550398	73	4	3	2	1	1	NA	NA	NA	unphased	0.18346210751274	0.18346210751274	1
1	171621449	171621450	47	63	3	2	1	1	NA	NA	NA	unphased	2.02266973532796	1.01133486766398	2
1	175299236	175299237	53	31	2	2	0	1	NA	NA	NA	unphased	0.934297769740808	0.934297769740808	1
1	175325477	175325478	74	41	2	2	0	1	NA	NA	NA	unphased	0.902586681342873	0.902586681342873	1
1	175328814	175328815	40	12	2	2	0	1	NA	NA	NA	unphased	0.584225900681597	0.584225900681597	1
1	175355263	175355264	61	30	2	2	0	1	NA	NA	NA	unphased	0.834608429545138	0.834608429545138	1
1	179820396	179820397	10	44	2	2	0	1	NA	NA	NA	unphased	2.06282231598687	1.03141115799344	2
1	181695251	181695252	8	8	2	2	0	1	NA	NA	NA	unphased	1.26582278481013	1.26582278481013	1
1	181705534	181705535	4	7	2	2	0	1	NA	NA	NA	unphased	1.61104718066743	1.61104718066743	1
1	182615793	182615794	6	28	2	2	0	1	NA	NA	NA	unphased	2.08488458674609	1.04244229337305	2
1	183096489	183096490	8	40	2	2	0	1	NA	NA	NA	unphased	2.10970464135021	1.05485232067511	2
1	183096490	183096491	8	40	2	2	0	1	NA	NA	NA	unphased	2.10970464135021	1.05485232067511	2
1	186269341	186269342	61	33	2	2	0	1	NA	NA	NA	unphased	0.88876918933477	0.88876918933477	1
1	186643597	186643598	28	71	2	2	0	1	NA	NA	NA	unphased	1.81562460043473	0.907812300217363	2
1	186644481	186644482	17	47	2	2	0	1	NA	NA	NA	unphased	1.85917721518987	0.929588607594937	2
1	196709761	196709762	74	23	3	2	1	1	NA	NA	NA	unphased	0.837400495889338	0.837400495889338	1
1	196749010	196749011	4	7	NA	NA	NA	NA	NA	NA	NA	unphased	NA	NA	1
1	197021957	197021958	35	8	3	2	1	1	NA	NA	NA	unphased	0.657050338534001	0.657050338534001	1
1	197704750	197704751	53	15	3	2	1	1	NA	NA	NA	unphased	0.779039463886821	0.779039463886821	1
1	201823948	201823949	37	50	3	2	1	1	NA	NA	NA	unphased	2.02968136185072	1.01484068092536	2
1	202275998	202275999	21	24	3	2	1	1	NA	NA	NA	unphased	1.88354430379747	0.941772151898734	2
1	202407003	202407004	65	20	3	2	1	1	NA	NA	NA	unphased	0.830975428145942	0.830975428145942	1
1	203134500	203134501	38	18	3	2	1	1	NA	NA	NA	unphased	1.13517179023508	1.13517179023508	1
1	203652499	203652500	85	34	3	2	1	1	NA	NA	NA	unphased	1.00904159132007	1.00904159132007	1
1	205028232	205028233	22	41	3	2	1	1	NA	NA	NA	unphased	2.29837251356239	1.14918625678119	2
1	207644133	207644134	58	15	3	2	1	1	NA	NA	NA	unphased	0.725680596497312	0.725680596497312	1
1	207851614	207851615	61	18	3	2	1	1	NA	NA	NA	unphased	0.80467873738183	0.80467873738183	1
1	210015673	210015674	41	24	3	2	1	1	NA	NA	NA	unphased	1.30399221032132	1.30399221032132	1
1	211848939	211848940	8	5	4	3	1	1	NA	NA	NA	unphased	1.7429406037001	1.7429406037001	1
1	214625274	214625275	49	33	4	3	1	1	NA	NA	NA	unphased	1.82371102192035	0.911855510960173	2
1	215256617	215256618	49	83	4	3	1	1	NA	NA	NA	unphased	2.84944380514001	0.949814601713336	3
1	215342566	215342567	49	41	4	3	1	1	NA	NA	NA	unphased	2.06441631504923	1.03220815752461	2
1	215960133	215960134	24	50	4	3	1	1	NA	NA	NA	unphased	3.06192268217585	1.02064089405862	3
1	215987076	215987077	116	33	4	3	1	1	NA	NA	NA	unphased	1.00365304562059	1.00365304562059	1
1	216144087	216144088	44	23	4	3	1	1	NA	NA	NA	unphased	1.55563952389949	0.777819761949745	2
1	221055670	221055671	3	35	3	3	0	1	NA	NA	NA	unphased	3.25283144570286	1.08427714856762	3
1	223438116	223438117	83	25	3	3	0	1	NA	NA	NA	unphased	0.817510548523207	0.817510548523207	1
1	230883295	230883296	186	98	4.92	3	2	0.98	0	1	0.02	unphased	1.88120164022107	0.959796755214833	1.96
1	232539871	232539872	11	60	3	3	0	1	NA	NA	NA	unphased	2.98448921376359	0.994829737921198	3
1	236631535	236631536	19	76	3	3	0	1	NA	NA	NA	unphased	2.8253164556962	0.941772151898734	3
1	237774161	237774162	13	10	3	3	0	1	NA	NA	NA	unphased	1.53549807374794	1.53549807374794	1
1	237955568	237955569	27	14	3	3	0	1	NA	NA	NA	unphased	1.20592775548009	1.20592775548009	1
1	246021807	246021808	21	8	3	3	0	1	NA	NA	NA	unphased	0.974247053688346	0.974247053688346	1
1	247921098	247921099	11	25	3	3	0	1	NA	NA	NA	unphased	2.45253164556962	0.817510548523207	3
1	248028027	248028028	3	30	3	3	0	1	NA	NA	NA	unphased	3.21058688147296	1.07019562715765	3
1	248031155	248031156	29	36	3	3	0	1	NA	NA	NA	unphased	1.95598831548199	0.977994157740993	2
1	248031278	248031279	4	19	3	3	0	1	NA	NA	NA	unphased	2.91744634012108	0.972482113373693	3
1	248059806	248059807	2	35	3	3	0	1	NA	NA	NA	unphased	3.34074580910024	1.11358193636675	3
1	248084690	248084691	5	22	3	3	0	1	NA	NA	NA	unphased	2.87763713080169	0.959212376933896	3
1	248113036	248113037	35	31	3	3	0	1	NA	NA	NA	unphased	1.65880322209436	0.829401611047181	2
1	248685808	248685809	59	12	3	3	0	1	NA	NA	NA	unphased	0.596897842752719	0.596897842752719	1
10	395288	395289	45	11	2.24	2	2	0.12	1	1	0.88	unphased	0.544430379746836	0.544430379746836	1
10	1279685	1279686	95	96	2.24	2	2	0.12	1	1	0.88	unphased	1.39307840148453	1.24382000132547	1.12
10	3190572	3190573	28	8	2.24	2	2	0.12	1	1	0.88	unphased	0.61592123769339	0.61592123769339	1
10	7604850	7604851	22	8	2.18	2	2	0.09	1	1	0.91	unphased	0.723105485232067	0.723105485232067	1
10	7679257	7679258	154	44	2.18	2	2	0.09	1	1	0.91	unphased	0.602587904360056	0.602587904360056	1
10	15821009	15821010	39	6	2.22	2	2	0.11	1	1	0.89	unphased	0.366886075949367	0.366886075949367	1
10	17271392	17271393	14	12	2.22	2	2	0.11	1	1	0.89	unphased	1.26999026290166	1.26999026290166	1
10	17746451	17746452	140	35	2.22	2	2	0.11	1	1	0.89	unphased	0.550329113924051	0.550329113924051	1
10	18270348	18270349	54	14	2.18	2	2	0.09	1	1	0.91	unphased	0.558279970215934	0.558279970215934	1
10	18280100	18280101	73	10	2.18	2	2	0.09	1	1	0.91	unphased	0.326704285496416	0.326704285496416	1
10	18280231	18280232	52	10	2.18	2	2	0.09	1	1	0.91	unphased	0.437362188648428	0.437362188648428	1
10	18840748	18840749	126	43	2.18	2	2	0.09	1	1	0.91	unphased	0.689945322447757	0.689945322447757	1
10	21074664	21074665	28	7	4	2	2	1	NA	NA	NA	unphased	0.906329113924051	0.906329113924051	1
10	21784716	21784717	47	18	4	2	2	1	NA	NA	NA	unphased	1.25491723466407	1.25491723466407	1
10	22618354	22618355	83	80	4	2	2	1	NA	NA	NA	unphased	2.224120524967	1.1120602624835	2
10	22828899	22828900	118	108	4	2	2	1	NA	NA	NA	unphased	2.16556513946455	1.08278256973227	2
10	23235151	23235152	61	25	4	2	2	1	NA	NA	NA	unphased	1.31733882837798	1.31733882837798	1
10	23235152	23235153	61	26	4	2	2	1	NA	NA	NA	unphased	1.35428488287502	1.35428488287502	1
10	24909210	24909211	64	47	2.26	2	2	0.13	1	1	0.87	unphased	1.18204812407344	1.18204812407344	1
10	25312584	25312585	73	19	2.26	2	2	0.13	1	1	0.87	unphased	0.576535498073748	0.576535498073748	1
10	28233213	28233214	60	4	2.2	2	2	0.1	1	1	0.9	unphased	0.170727848101266	1.70727848101266	0.1
10	31133815	31133816	172	44	2.2	2	2	0.1	1	1	0.9	unphased	0.556446319737459	0.556446319737459	1
10	35500415	35500416	25	3	1.24	2	2	0.08	0	1	0.92	unphased	0.189819168173599	0.189819168173599	1
10	37508316	37508317	79	17	1.24	2	2	0.08	0	1	0.92	unphased	0.313728902953587	0.313728902953587	1
10	43596056	43596057	43	16	1.24	2	2	0.08	0	1	0.92	unphased	0.480446256168204	0.480446256168204	1
10	43654343	43654344	81	5	1.24	2	2	0.08	0	1	0.92	unphased	0.103002649396526	1.28753311745658	0.08
10	45602184	45602185	14	6	1.24	2	2	0.08	0	1	0.92	unphased	0.531493670886076	0.531493670886076	1
10	48390081	48390082	32	18	1.24	2	2	0.08	0	1	0.92	unphased	0.637792405063291	0.637792405063291	1
10	48390578	48390579	130	103	1.24	2	2	0.08	0	1	0.92	unphased	0.78317379257891	0.78317379257891	1
10	48390608	48390609	113	91	1.24	2	2	0.08	0	1	0.92	unphased	0.790292876644329	0.790292876644329	1
10	48416411	48416412	91	27	1.24	2	2	0.08	0	1	0.92	unphased	0.405376528641922	0.405376528641922	1
10	48426704	48426705	165	38	1.24	2	2	0.08	0	1	0.92	unphased	0.331638086923988	0.331638086923988	1
10	49658814	49658815	20	4	2.26	2	2	0.13	1	1	0.87	unphased	0.465274261603375	0.465274261603375	1
10	49687738	49687739	29	16	2.26	2	2	0.13	1	1	0.87	unphased	0.992585091420534	0.992585091420534	1
10	49791062	49791063	263	66	2.26	2	2	0.13	1	1	0.87	unphased	0.560026162902543	0.560026162902543	1
10	50594739	50594740	29	27	1.1	2	1	0.05	0	1	0.95	unphased	0.786686256781194	0.786686256781194	1
10	50819891	50819892	59	25	1.1	2	1	0.05	0	1	0.95	unphased	0.485608800482218	0.485608800482218	1
10	52005145	52005146	52	12	1.1	2	1	0.05	0	1	0.95	unphased	0.305933544303797	0.305933544303797	1
10	64957233	64957234	93	30	1.1	2	1	0.05	0	1	0.95	unphased	0.39796233405372	0.39796233405372	1
10	69366739	69366740	39	51	2.12	2	1	0.12	1	1	0.88	unphased	1.50259915611814	1.3416063893912	1.12
10	70551131	70551132	2	8	2.12	2	1	0.12	1	1	0.88	unphased	2.1213164556962	1.89403254972875	1.12
10	72326386	72326387	14	8	2.12	2	1	0.12	1	1	0.88	unphased	0.964234752589183	0.964234752589183	1
10	73473161	73473162	6	4	2.12	2	1	0.12	1	1	0.88	unphased	1.0606582278481	1.0606582278481	1
10	73515223	73515224	8	4	2.12	2	1	0.12	1	1	0.88	unphased	0.883881856540084	0.883881856540084	1
10	78647149	78647150	38	48	2.12	2	1	0.12	1	1	0.88	unphased	1.47998822490433	1.32141805795029	1.12
10	85991746	85991747	15	3	2.16	2	1	0.16	1	1	0.84	unphased	0.448607594936709	0.448607594936709	1
10	88476423	88476424	41	57	2.16	2	1	0.16	1	1	0.84	unphased	1.56554895375872	1.34961116703338	1.16
10	91192718	91192719	6	8	2.16	2	1	0.16	1	1	0.84	unphased	1.53808318264014	1.53808318264014	1
10	93751884	93751885	45	12	2.16	2	1	0.16	1	1	0.84	unphased	0.566662225183211	0.566662225183211	1
10	96112120	96112121	29	10	2.16	2	1	0.16	1	1	0.84	unphased	0.69016553067186	0.69016553067186	1
10	96291055	96291056	45	71	2.16	2	1	0.16	1	1	0.84	unphased	1.64747271933653	1.42023510287632	1.16
10	98355248	98355249	8	5	2.16	2	1	0.16	1	1	0.84	unphased	1.03524829600779	1.03524829600779	1
10	98715389	98715390	38	13	2.16	2	1	0.16	1	1	0.84	unphased	0.686105733432614	0.686105733432614	1
10	98806780	98806781	25	8	2.16	2	1	0.16	1	1	0.84	unphased	0.652520138089759	0.652520138089759	1
10	98806781	98806782	24	8	2.16	2	1	0.16	1	1	0.84	unphased	0.672911392405063	0.672911392405063	1
10	101841438	101841439	6	7	2.16	2	1	0.16	1	1	0.84	unphased	1.44934761441091	1.44934761441091	1
10	101912067	101912068	44	56	2.16	2	1	0.16	1	1	0.84	unphased	1.50732151898734	1.29941510257529	1.16
10	103296382	103296383	111	39	2.16	2	1	0.16	1	1	0.84	unphased	0.699827848101266	0.699827848101266	1
10	105184933	105184934	46	18	2.16	2	1	0.16	1	1	0.84	unphased	0.757025316455696	0.757025316455696	1
10	105953674	105953675	43	18	2.16	2	1	0.16	1	1	0.84	unphased	0.794256069724009	0.794256069724009	1
10	106976692	106976693	24	13	2.16	2	1	0.16	1	1	0.84	unphased	0.945713308244954	0.945713308244954	1
10	108338910	108338911	61	29	2.16	2	1	0.16	1	1	0.84	unphased	0.867308016877637	0.867308016877637	1
10	108357184	108357185	42	5	2.16	2	1	0.16	1	1	0.84	unphased	0.286345273363857	0.286345273363857	1
10	108432720	108432721	16	6	2.16	2	1	0.16	1	1	0.84	unphased	0.734085155350978	0.734085155350978	1
10	108447973	108447974	79	14	2.16	2	1	0.16	1	1	0.84	unphased	0.405193956717027	0.405193956717027	1
10	112338434	112338435	15	6	2.17	2	1	0.17	1	1	0.83	unphased	0.771898734177215	0.771898734177215	1
10	115384638	115384639	59	68	2.17	2	1	0.17	1	1	0.83	unphased	1.44655038373368	1.23636784934502	1.17
10	118138954	118138955	8	6	2.17	2	1	0.17	1	1	0.83	unphased	1.15784810126582	1.15784810126582	1
10	118354375	118354376	20	9	2.17	2	1	0.17	1	1	0.83	unphased	0.838441728502837	0.838441728502837	1
10	118425118	118425119	65	20	2.17	2	1	0.17	1	1	0.83	unphased	0.635681310498883	0.635681310498883	1
10	119100605	119100606	34	4	2.17	2	1	0.17	1	1	0.83	unphased	0.284383744170553	1.67284555394443	0.17
10	120934030	120934031	40	13	2.17	2	1	0.17	1	1	0.83	unphased	0.662667781227609	0.662667781227609	1
10	123846319	123846320	20	17	2.17	2	1	0.17	1	1	0.83	unphased	1.24129661306876	1.24129661306876	1
10	123976334	123976335	71	25	2.17	2	1	0.17	1	1	0.83	unphased	0.703553533755274	0.703553533755274	1
10	124271509	124271510	58	10	2.17	2	1	0.17	1	1	0.83	unphased	0.397300819061802	0.397300819061802	1
10	127585196	127585197	37	5	2.17	2	1	0.17	1	1	0.83	unphased	0.32162447257384	0.32162447257384	1
10	127753497	127753498	18	5	2.17	2	1	0.17	1	1	0.83	unphased	0.587314254265272	0.587314254265272	1
10	134599453	134599454	4	13	2.17	2	1	0.17	1	1	0.83	unphased	2.06596425912137	1.76578141805245	1.17
10	134664698	134664699	72	36	2.17	2	1	0.17	1	1	0.83	unphased	0.900548523206751	0.900548523206751	1
10	135077241	135077242	6	7	2.17	2	1	0.17	1	1	0.83	unphased	1.45473222979552	1.45473222979552	1
11	314315	314316	94	53	2	2	0	1	NA	NA	NA	unphased	0.912770171359683	0.912770171359683	1
11	380881	380882	19	5	2	2	0	1	NA	NA	NA	unphased	0.527426160337553	0.527426160337553	1
11	1265150	1265151	16	4	2	2	0	1	NA	NA	NA	unphased	0.506329113924051	0.506329113924051	1
11	1968580	1968581	0	13	2	2	0	1	NA	NA	NA	unphased	2.53164556962025	1.26582278481013	2
11	3688727	3688728	6	9	2	2	0	1	NA	NA	NA	unphased	1.51898734177215	1.51898734177215	1
11	4608281	4608282	64	85	2	2	0	1	NA	NA	NA	unphased	1.44422733837397	0.722113669186985	2
11	4615429	4615430	106	21	2	2	0	1	NA	NA	NA	unphased	0.418618558756105	0.418618558756105	1
11	4673875	4673876	37	76	2	2	0	1	NA	NA	NA	unphased	1.70269967514283	0.851349837571413	2
11	5142510	5142511	22	16	2	2	0	1	NA	NA	NA	unphased	1.06595602931379	1.06595602931379	1
11	5172786	5172787	50	30	2	2	0	1	NA	NA	NA	unphased	0.949367088607595	0.949367088607595	1
11	5173280	5173281	13	9	2	2	0	1	NA	NA	NA	unphased	1.03567318757192	1.03567318757192	1
11	5443981	5443982	31	111	2	2	0	1	NA	NA	NA	unphased	1.97896238188625	0.989481190943127	2
11	5530049	5530050	14	51	2	2	0	1	NA	NA	NA	unphased	1.98636806231743	0.993184031158715	2
11	5530522	5530523	36	19	2	2	0	1	NA	NA	NA	unphased	0.874568469505178	0.874568469505178	1
11	6048640	6048641	19	62	2	2	0	1	NA	NA	NA	unphased	1.93780278168464	0.968901390842319	2
11	6942932	6942933	6	26	2	2	0	1	NA	NA	NA	unphased	2.05696202531646	1.02848101265823	2
11	6977199	6977200	10	45	2	2	0	1	NA	NA	NA	unphased	2.07134637514384	1.03567318757192	2
11	7111022	7111023	5	15	2	2	0	1	NA	NA	NA	unphased	1.89873417721519	0.949367088607595	2
11	10650302	10650303	5	4	2	2	0	1	NA	NA	NA	unphased	1.12517580872011	1.12517580872011	1
11	17498185	17498186	12	9	2	2	0	1	NA	NA	NA	unphased	1.08499095840868	1.08499095840868	1
11	18750478	18750479	10	47	2	2	0	1	NA	NA	NA	unphased	2.08749722407284	1.04374861203642	2
11	20070503	20070504	57	27	2	2	0	1	NA	NA	NA	unphased	0.81374321880651	0.81374321880651	1
11	21596521	21596522	21	12	2	2	0	1	NA	NA	NA	unphased	0.920598388952819	0.920598388952819	1
11	26619967	26619968	64	41	2	2	0	1	NA	NA	NA	unphased	0.988547317661242	0.988547317661242	1
11	30914482	30914483	48	25	2	2	0	1	NA	NA	NA	unphased	0.867001907404196	0.867001907404196	1
11	43345173	43345174	35	107	2	2	0	1	NA	NA	NA	unphased	1.90764842217864	0.953824211089321	2
11	55062907	55062908	12	10	2	2	0	1	NA	NA	NA	unphased	1.15074798619102	1.15074798619102	1
11	55339944	55339945	110	52	2	2	0	1	NA	NA	NA	unphased	0.812626972964526	0.812626972964526	1
11	55563357	55563358	5	25	2	2	0	1	NA	NA	NA	unphased	2.10970464135021	1.05485232067511	2
11	55587541	55587542	38	135	2	2	0	1	NA	NA	NA	unphased	1.97556157166898	0.987780785834492	2
11	55587914	55587915	41	15	2	2	0	1	NA	NA	NA	unphased	0.678119349005425	0.678119349005425	1
11	55703698	55703699	6	42	2	2	0	1	NA	NA	NA	unphased	2.21518987341772	1.10759493670886	2
11	57799173	57799174	34	106	2	2	0	1	NA	NA	NA	unphased	1.91681735985533	0.958408679927667	2
11	58207286	58207287	55	27	2	2	0	1	NA	NA	NA	unphased	0.833590614387157	0.833590614387157	1
11	59190398	59190399	75	30	2	2	0	1	NA	NA	NA	unphased	0.723327305605787	0.723327305605787	1
11	59211113	59211114	54	244	2	2	0	1	NA	NA	NA	unphased	2.07289100331323	1.03644550165661	2
11	60156908	60156909	24	14	2	2	0	1	NA	NA	NA	unphased	0.932711525649567	0.932711525649567	1
11	61732206	61732207	35	43	2.48	3	0	0.74	1	0	0.26	unphased	1.66026614735476	0.954175946755606	1.74
11	62349013	62349014	35	32	2.48	3	0	0.74	1	0	0.26	unphased	1.43839788399773	0.82666545057341	1.74
11	62763622	62763623	49	23	2.48	3	0	0.74	1	0	0.26	unphased	0.962053445850914	0.962053445850914	1
11	63069893	63069894	68	17	2.48	3	0	0.74	1	0	0.26	unphased	0.602329113924051	0.813958262059528	0.74
11	63276100	63276101	23	28	2.48	3	0	0.74	1	0	0.26	unphased	1.65345246959543	0.950260039997375	1.74
11	64031508	64031509	111	31	2.48	3	0	0.74	1	0	0.26	unphased	0.657471920128365	0.888475567741034	0.74
11	64335177	64335178	64	20	2.48	3	0	0.74	1	0	0.26	unphased	0.717058468957203	0.968997931023247	0.74
11	64361126	64361127	50	12	2.48	3	0	0.74	1	0	0.26	unphased	0.582899142507146	0.787701543928575	0.74
11	64361127	64361128	53	12	2.48	3	0	0.74	1	0	0.26	unphased	0.555996105160662	0.751346088054949	0.74
11	64974040	64974041	79	36	2.48	3	0	0.74	1	0	0.26	unphased	0.942776004402862	0.942776004402862	1
11	65303734	65303735	72	25	2.48	3	0	0.74	1	0	0.26	unphased	0.776197311757797	0.776197311757797	1
11	66333814	66333815	7	34	2.48	3	0	0.74	1	0	0.26	unphased	2.49746217968509	1.00704120148592	2.48
11	66411408	66411409	20	78	2.48	3	0	0.74	1	0	0.26	unphased	2.39702402479979	0.966541945483788	2.48
11	67209531	67209532	52	18	2.48	3	0	0.74	1	0	0.26	unphased	0.774423146473779	0.774423146473779	1
11	67413250	67413251	115	37	2.48	3	0	0.74	1	0	0.26	unphased	0.733097934710193	0.990672884743504	0.74
11	68540864	68540865	11	48	2.48	3	0	0.74	1	0	0.26	unphased	2.45015232782665	0.987964648317196	2.48
11	74441864	74441865	8	3	3	3	0	1	NA	NA	NA	unphased	0.963176064441887	0.963176064441887	1
11	74880317	74880318	18	75	3	3	0	1	NA	NA	NA	unphased	2.84810126582278	0.949367088607595	3
11	89768762	89768763	25	24	3	3	0	1	NA	NA	NA	unphased	1.72978558512012	0.864892792560062	2
11	102702830	102702831	3	8	4	4	0	1	NA	NA	NA	unphased	3.29574223245109	1.09858074415036	3
11	103018568	103018569	6	61	4	4	0	1	NA	NA	NA	unphased	4.1258265633856	1.0314566408464	4
11	104912369	104912370	11	77	4	4	0	1	NA	NA	NA	unphased	3.96518987341772	0.99129746835443	4
11	108002666	108002667	85	22	4	4	0	1	NA	NA	NA	unphased	0.931740210576127	0.931740210576127	1
11	108032168	108032169	39	335	4	4	0	1	NA	NA	NA	unphased	4.05909429364381	1.01477357341095	4
11	108535847	108535848	41	8	4	4	0	1	NA	NA	NA	unphased	0.73986050116249	0.73986050116249	1
11	111156473	111156474	19	128	4	4	0	1	NA	NA	NA	unphased	3.94592267286661	0.986480668216654	4
11	113133592	113133593	1	38	4	4	0	1	NA	NA	NA	unphased	4.41544952937358	1.10386238234339	4
11	114168807	114168808	17	110	4	4	0	1	NA	NA	NA	unphased	3.92504734376557	0.981261835941393	4
11	117308099	117308100	127	31	4	4	0	1	NA	NA	NA	unphased	0.889120333279923	0.889120333279923	1
11	118375888	118375889	32	237	4	4	0	1	NA	NA	NA	unphased	3.99256505576208	0.99814126394052	4
11	118885783	118885784	184	53	4	4	0	1	NA	NA	NA	unphased	1.01340597126529	1.01340597126529	1
11	118968717	118968718	107	79	4	4	0	1	NA	NA	NA	unphased	1.9247311827957	0.962365591397849	2
11	118997795	118997796	50	16	4	4	0	1	NA	NA	NA	unphased	1.09858074415036	1.09858074415036	1
11	120008295	120008296	231	51	4	4	0	1	NA	NA	NA	unphased	0.819552922165365	0.819552922165365	1
11	123810873	123810874	99	85	4	4	0	1	NA	NA	NA	unphased	2.09342322509631	1.04671161254816	2
11	123909087	123909088	25	173	4	4	0	1	NA	NA	NA	unphased	3.9594680987086	0.989867024677151	4
11	124440537	124440538	95	23	4	4	0	1	NA	NA	NA	unphased	0.883286848315812	0.883286848315812	1
11	124766981	124766982	37	17	4	4	0	1	NA	NA	NA	unphased	1.42662916080638	1.42662916080638	1
11	124805899	124805900	9	50	4	4	0	1	NA	NA	NA	unphased	3.8403776013731	0.960094400343274	4
11	125864824	125864825	40	10	4	4	0	1	NA	NA	NA	unphased	0.906329113924051	0.906329113924051	1
11	126163599	126163600	91	26	4	4	0	1	NA	NA	NA	unphased	1.0070323488045	1.0070323488045	1
11	128638057	128638058	32	9	4	4	0	1	NA	NA	NA	unphased	0.994751466502007	0.994751466502007	1
11	128786459	128786460	186	32	4	4	0	1	NA	NA	NA	unphased	0.665195679944257	0.665195679944257	1
11	128840872	128840873	12	51	4	4	0	1	NA	NA	NA	unphased	3.66847498493068	0.91711874623267	4
11	128842291	128842292	72	15	4	4	0	1	NA	NA	NA	unphased	0.781318201658664	0.781318201658664	1
11	130275911	130275912	64	56	2	2	0	1	NA	NA	NA	unphased	1.18143459915612	1.18143459915612	1
11	133789687	133789688	3	9	2	2	0	1	NA	NA	NA	unphased	1.89873417721519	0.949367088607595	2
11	134182779	134182780	3	6	2	2	0	1	NA	NA	NA	unphased	1.68776371308017	1.68776371308017	1
12	247638	247639	2	11	2	2	0	1	NA	NA	NA	unphased	2.14216163583252	1.07108081791626	2
12	1988128	1988129	9	26	2	2	0	1	NA	NA	NA	unphased	1.88065099457505	0.940325497287523	2
12	2027606	2027607	2	7	2	2	0	1	NA	NA	NA	unphased	1.9690576652602	0.984528832630098	2
12	2775934	2775935	14	4	2	2	0	1	NA	NA	NA	unphased	0.562587904360056	0.562587904360056	1
12	3702300	3702301	19	9	2	2	0	1	NA	NA	NA	unphased	0.81374321880651	0.81374321880651	1
12	4553368	4553369	27	7	2	2	0	1	NA	NA	NA	unphased	0.521221146686523	0.521221146686523	1
12	4872478	4872479	10	51	2	2	0	1	NA	NA	NA	unphased	2.11662170574808	1.05831085287404	2
12	5020925	5020926	15	48	2	2	0	1	NA	NA	NA	unphased	1.92887281494876	0.964436407474382	2
12	5021990	5021991	26	117	2	2	0	1	NA	NA	NA	unphased	2.07134637514384	1.03567318757192	2
12	7585996	7585997	15	66	2	2	0	1	NA	NA	NA	unphased	2.06282231598687	1.03141115799344	2
12	7640184	7640185	20	73	2	2	0	1	NA	NA	NA	unphased	1.98720566217504	0.993602831087519	2
12	10205329	10205330	8	33	2	2	0	1	NA	NA	NA	unphased	2.03766594627972	1.01883297313986	2
12	10312546	10312547	25	108	2	2	0	1	NA	NA	NA	unphased	2.05577234224802	1.02788617112401	2
12	11139351	11139352	105	10	2	2	0	1	NA	NA	NA	unphased	0.220143093010457	0.220143093010457	1
12	11508512	11508513	32	16	2	2	0	1	NA	NA	NA	unphased	0.843881856540084	0.843881856540084	1
12	14943495	14943496	12	58	2	2	0	1	NA	NA	NA	unphased	2.09764918625678	1.04882459312839	2
12	21661418	21661419	8	19	2	2	0	1	NA	NA	NA	unphased	1.78152836380684	0.890764181903422	2
12	22015964	22015965	5	26	2	2	0	1	NA	NA	NA	unphased	2.12331563903634	1.06165781951817	2
12	22602683	22602684	26	10	2	2	0	1	NA	NA	NA	unphased	0.70323488045007	0.70323488045007	1
12	39735402	39735403	3	10	2	2	0	1	NA	NA	NA	unphased	1.94741966893866	0.973709834469328	2
12	49578863	49578864	119	77	2	2	0	1	NA	NA	NA	unphased	0.994575045207957	0.994575045207957	1
12	50192154	50192155	4	7	2	2	0	1	NA	NA	NA	unphased	1.61104718066743	1.61104718066743	1
12	52867404	52867405	15	66	2	2	0	1	NA	NA	NA	unphased	2.06282231598687	1.03141115799344	2
12	53164944	53164945	22	60	2	2	0	1	NA	NA	NA	unphased	1.85242358752701	0.926211793763507	2
12	53164973	53164974	39	27	2	2	0	1	NA	NA	NA	unphased	1.03567318757192	1.03567318757192	1
12	53573753	53573754	7	7	2	2	0	1	NA	NA	NA	unphased	1.26582278481013	1.26582278481013	1
12	53722322	53722323	8	42	2	2	0	1	NA	NA	NA	unphased	2.12658227848101	1.06329113924051	2
12	53722323	53722324	8	42	2	2	0	1	NA	NA	NA	unphased	2.12658227848101	1.06329113924051	2
12	55523944	55523945	41	38	2	2	0	1	NA	NA	NA	unphased	1.21775356513379	1.21775356513379	1
12	56721395	56721396	34	18	2	2	0	1	NA	NA	NA	unphased	0.876338851022395	0.876338851022395	1
12	58152053	58152054	6	28	2	2	0	1	NA	NA	NA	unphased	2.08488458674609	1.04244229337305	2
12	60169165	60169166	62	33	2	2	0	1	NA	NA	NA	unphased	0.879413724183877	0.879413724183877	1
12	62148676	62148677	39	13	2	2	0	1	NA	NA	NA	unphased	0.632911392405063	0.632911392405063	1
12	63195647	63195648	37	17	2	2	0	1	NA	NA	NA	unphased	0.796999531176746	0.796999531176746	1
12	64173796	64173797	34	16	2	2	0	1	NA	NA	NA	unphased	0.810126582278481	0.810126582278481	1
12	68716913	68716914	8	29	2	2	0	1	NA	NA	NA	unphased	1.98426274375641	0.992131371878207	2
12	71050593	71050594	15	42	2	2	0	1	NA	NA	NA	unphased	1.86542305129913	0.932711525649567	2
12	72027178	72027179	4	5	2	2	0	1	NA	NA	NA	unphased	1.40646976090014	1.40646976090014	1
12	75601176	75601177	3	9	2	2	0	1	NA	NA	NA	unphased	1.89873417721519	0.949367088607595	2
12	78444802	78444803	10	22	2	2	0	1	NA	NA	NA	unphased	1.74050632911392	0.870253164556962	2
12	81610745	81610746	12	31	2	2	0	1	NA	NA	NA	unphased	1.82513982926111	0.912569914630556	2
12	88900135	88900136	16	40	2	2	0	1	NA	NA	NA	unphased	1.80831826401447	0.904159132007233	2
12	95663848	95663849	3	12	2	2	0	1	NA	NA	NA	unphased	2.0253164556962	1.0126582278481	2
12	101413823	101413824	11	33	2	2	0	1	NA	NA	NA	unphased	1.89873417721519	0.949367088607595	2
12	109689956	109689957	9	6	2	2	0	1	NA	NA	NA	unphased	1.0126582278481	1.0126582278481	1
12	110034365	110034366	11	34	2	2	0	1	NA	NA	NA	unphased	1.91279887482419	0.956399437412096	2
12	111342463	111342464	17	48	2	2	0	1	NA	NA	NA	unphased	1.86952288218111	0.934761441090555	2
12	111342478	111342479	17	56	2	2	0	1	NA	NA	NA	unphased	1.9420842725854	0.9710421362927	2
12	112237853	112237854	5	10	2	2	0	1	NA	NA	NA	unphased	1.68776371308017	0.843881856540084	2
12	117992972	117992973	2	23	2	2	0	1	NA	NA	NA	unphased	2.32911392405063	1.16455696202532	2
12	120884160	120884161	20	64	2	2	0	1	NA	NA	NA	unphased	1.92887281494876	0.964436407474382	2
12	122380827	122380828	19	48	2	2	0	1	NA	NA	NA	unphased	1.81371622898167	0.906858114490837	2
12	122674804	122674805	22	83	2	2	0	1	NA	NA	NA	unphased	2.00120554550934	1.00060277275467	2
12	122862495	122862496	26	109	2	2	0	1	NA	NA	NA	unphased	2.04406938584154	1.02203469292077	2
12	124311318	124311319	74	32	2	2	0	1	NA	NA	NA	unphased	0.764270360640076	0.764270360640076	1
12	129569175	129569176	39	14	1.2	2	1	0.1	1	0	0.9	unphased	0.457415810843086	0.457415810843086	1
12	130648251	130648252	147	48	1.2	2	1	0.1	1	0	0.9	unphased	0.426251217137293	0.426251217137293	1
13	20279941	20279942	147	22	3	2	1	1	NA	NA	NA	unphased	0.459740843382518	0.459740843382518	1
13	21955660	21955661	27	9	NA	NA	NA	NA	NA	NA	NA	unphased	NA	NA	1
13	25744307	25744308	30	17	3	2	1	1	NA	NA	NA	unphased	1.27740371667116	1.27740371667116	1
13	26620820	26620821	44	42	3	2	1	1	NA	NA	NA	unphased	1.72475713865175	0.862378569325876	2
13	27256940	27256941	79	24	3	2	1	1	NA	NA	NA	unphased	0.822907705542583	0.822907705542583	1
13	28014489	28014490	27	30	3	2	1	1	NA	NA	NA	unphased	1.85876082611592	0.929380413057961	2
13	29600579	29600580	55	25	3	2	1	1	NA	NA	NA	unphased	1.10363924050633	1.10363924050633	1
13	32335878	32335879	30	27	3	2	1	1	NA	NA	NA	unphased	1.67288474350433	0.836442371752165	2
13	32912407	32912408	10	3	3	2	1	1	NA	NA	NA	unphased	0.814995131450828	0.814995131450828	1
13	37679463	37679464	29	9	3	2	1	1	NA	NA	NA	unphased	0.836442371752165	0.836442371752165	1
13	40325208	40325209	38	12	3	2	1	1	NA	NA	NA	unphased	0.847594936708861	0.847594936708861	1
13	46679174	46679175	24	16	3	2	1	1	NA	NA	NA	unphased	1.4126582278481	1.4126582278481	1
13	49771987	49771988	56	16	3	2	1	1	NA	NA	NA	unphased	0.784810126582278	0.784810126582278	1
13	53422160	53422161	26	14	2	1	1	1	NA	NA	NA	unphased	0.886075949367089	0.886075949367089	1
13	58207783	58207784	94	26	6	5	1	1	NA	NA	NA	unphased	1.41518987341772	0.707594936708861	2
13	67802566	67802567	23	16	2	1	1	1	NA	NA	NA	unphased	1.03862382343395	1.03862382343395	1
13	70681674	70681675	55	28	2	1	1	1	NA	NA	NA	unphased	0.8540491078237	0.8540491078237	1
13	84454897	84454898	17	18	1	1	0	1	NA	NA	NA	unphased	0.787703435804701	0.787703435804701	1
13	84455203	84455204	13	43	1	1	0	1	NA	NA	NA	unphased	1.17608499095841	1.17608499095841	1
13	86369251	86369252	14	25	1	1	0	1	NA	NA	NA	unphased	0.981824083089906	0.981824083089906	1
13	98829426	98829427	33	9	2	1	1	1	NA	NA	NA	unphased	0.54249547920434	0.54249547920434	1
13	101881928	101881929	64	34	2	1	1	1	NA	NA	NA	unphased	0.878326013949884	0.878326013949884	1
13	102568882	102568883	24	26	2	1	1	1	NA	NA	NA	unphased	1.31645569620253	1.31645569620253	1
13	103710718	103710719	6	23	1	1	0	1	NA	NA	NA	unphased	1.21475338280227	1.21475338280227	1
14	20019982	20019983	228	39	NA	NA	NA	NA	NA	NA	NA	unphased	NA	NA	1
14	20296297	20296298	17	55	1	1	0	1	NA	NA	NA	unphased	1.1700070323488	1.1700070323488	1
14	20528525	20528526	70	36	3	2	1	1	NA	NA	NA	unphased	1.19942679722952	1.19942679722952	1
14	20612200	20612201	210	52	NA	NA	NA	NA	NA	NA	NA	unphased	NA	NA	1
14	20847203	20847204	95	23	4	2	2	1	NA	NA	NA	unphased	0.883286848315812	0.883286848315812	1
14	21360390	21360391	76	23	3	2	1	1	NA	NA	NA	unphased	0.8204833141542	0.8204833141542	1
14	21831307	21831308	80	30	3	2	1	1	NA	NA	NA	unphased	0.963176064441887	0.963176064441887	1
14	22616439	22616440	21	26	3	2	1	1	NA	NA	NA	unphased	1.95367627255588	0.976838136277942	2
14	23874012	23874013	64	22	3	2	1	1	NA	NA	NA	unphased	0.903444215484251	0.903444215484251	1
14	24113331	24113332	74	31	3	2	1	1	NA	NA	NA	unphased	1.04267631103074	1.04267631103074	1
14	24728364	24728365	29	17	3	2	1	1	NA	NA	NA	unphased	1.30517336268575	1.30517336268575	1
14	27064615	27064616	94	21	3	2	1	1	NA	NA	NA	unphased	0.644909190974133	0.644909190974133	1
14	30046564	30046565	70	41	3	2	1	1	NA	NA	NA	unphased	1.30448169688676	1.30448169688676	1
14	38061609	38061610	23	11	3	2	1	1	NA	NA	NA	unphased	1.14259121370067	1.14259121370067	1
14	38310856	38310857	15	3	3	2	1	1	NA	NA	NA	unphased	0.588607594936709	0.588607594936709	1
14	44975456	44975457	29	22	2	2	0	1	NA	NA	NA	unphased	1.09208240258129	1.09208240258129	1
14	47120938	47120939	54	38	2	2	0	1	NA	NA	NA	unphased	1.04567969179967	1.04567969179967	1
14	47311160	47311161	43	14	2	2	0	1	NA	NA	NA	unphased	0.621807683766378	0.621807683766378	1
14	50671079	50671080	89	57	2	2	0	1	NA	NA	NA	unphased	0.988382174440784	0.988382174440784	1
14	52496359	52496360	9	44	2	2	0	1	NA	NA	NA	unphased	2.10174349176021	1.05087174588011	2
14	60212746	60212747	97	53	2	2	0	1	NA	NA	NA	unphased	0.894514767932489	0.894514767932489	1
14	61115896	61115897	14	12	2	2	0	1	NA	NA	NA	unphased	1.16845180136319	1.16845180136319	1
14	62016467	62016468	21	76	2	2	0	1	NA	NA	NA	unphased	1.9835573535169	0.99177867675845	2
14	64066077	64066078	18	56	2	2	0	1	NA	NA	NA	unphased	1.91583989052343	0.957919945261717	2
14	67525397	67525398	53	34	2	2	0	1	NA	NA	NA	unphased	0.98937872835734	0.98937872835734	1
14	77797603	77797604	7	19	2	2	0	1	NA	NA	NA	unphased	1.85004868549172	0.925024342745862	2
14	95054307	95054308	67	42	2	2	0	1	NA	NA	NA	unphased	0.975496458018813	0.975496458018813	1
14	96922716	96922717	33	16	2	2	0	1	NA	NA	NA	unphased	0.826659777835185	0.826659777835185	1
14	96944850	96944851	17	56	2	2	0	1	NA	NA	NA	unphased	1.9420842725854	0.9710421362927	2
14	100331977	100331978	3	30	2	2	0	1	NA	NA	NA	unphased	2.30149597238205	1.15074798619102	2
14	102027880	102027881	16	10	2	2	0	1	NA	NA	NA	unphased	0.973709834469328	0.973709834469328	1
14	102493035	102493036	3	26	2	2	0	1	NA	NA	NA	unphased	2.26975120034919	1.1348756001746	2
14	104571735	104571736	8	13	2	2	0	1	NA	NA	NA	unphased	1.56720916214587	0.783604581072936	2
14	106209213	106209214	28	24	2	2	0	1	NA	NA	NA	unphased	1.16845180136319	1.16845180136319	1
14	106478324	106478325	22	25	NA	NA	NA	NA	NA	NA	NA	unphased	NA	NA	1
14	106805429	106805430	9	19	NA	NA	NA	NA	NA	NA	NA	unphased	NA	NA	1
15	20170069	20170070	58	21	2	1	1	1	NA	NA	NA	unphased	0.672969075468675	0.672969075468675	1
15	20170070	20170071	56	21	2	1	1	1	NA	NA	NA	unphased	0.690448791714614	0.690448791714614	1
15	20876456	20876457	45	5	2	1	1	1	NA	NA	NA	unphased	0.253164556962025	0.253164556962025	1
15	20876571	20876572	43	6	2	1	1	1	NA	NA	NA	unphased	0.309997416688194	0.309997416688194	1
15	23445483	23445484	93	22	NA	NA	NA	NA	NA	NA	NA	unphased	NA	NA	1
15	23812499	23812500	14	14	2	1	1	1	NA	NA	NA	unphased	1.26582278481013	1.26582278481013	1
15	24921760	24921761	52	13	2	1	1	1	NA	NA	NA	unphased	0.506329113924051	0.506329113924051	1
15	24922345	24922346	60	29	2	1	1	1	NA	NA	NA	unphased	0.824918219314465	0.824918219314465	1
15	25222114	25222115	76	22	3	2	1	1	NA	NA	NA	unphased	0.792818393180057	0.792818393180057	1
15	25334962	25334963	11	3	3	2	1	1	NA	NA	NA	unphased	0.756781193490054	0.756781193490054	1
15	25477613	25477614	252	86	3	2	1	1	NA	NA	NA	unphased	0.898584375702195	0.898584375702195	1
15	25488648	25488649	44	19	3	2	1	1	NA	NA	NA	unphased	1.06509945750452	1.06509945750452	1
15	28424368	28424369	16	40	2	2	0	1	NA	NA	NA	unphased	1.80831826401447	0.904159132007233	2
15	33944943	33944944	8	26	2	2	0	1	NA	NA	NA	unphased	1.93596425912137	0.967982129560685	2
15	33954598	33954599	14	9	2	2	0	1	NA	NA	NA	unphased	0.990643918547056	0.990643918547056	1
15	33955907	33955908	5	5	2	2	0	1	NA	NA	NA	unphased	1.26582278481013	1.26582278481013	1
15	34638222	34638223	62	25	2	2	0	1	NA	NA	NA	unphased	0.72748435908628	0.72748435908628	1
15	35086942	35086943	17	87	2	2	0	1	NA	NA	NA	unphased	2.11781888997079	1.05890944498539	2
15	35086985	35086986	79	48	2	2	0	1	NA	NA	NA	unphased	0.956842420013954	0.956842420013954	1
15	41192006	41192007	24	128	4	4	0	1	NA	NA	NA	unphased	3.81612258494337	0.954030646235843	4
15	43815459	43815460	3	10	3	3	0	1	NA	NA	NA	unphased	2.71665043816943	0.905550146056475	3
15	48056987	48056988	4	43	3	3	0	1	NA	NA	NA	unphased	3.23107998922704	1.07702666307568	3
15	48787396	48787397	30	28	3	3	0	1	NA	NA	NA	unphased	1.70493234395461	0.852466171977303	2
15	49061269	49061270	7	11	3	3	0	1	NA	NA	NA	unphased	2.15822784810127	1.07911392405063	2
15	52635342	52635343	10	29	3	3	0	1	NA	NA	NA	unphased	2.62609542356378	0.875365141187926	3
15	56993397	56993398	2	12	3	3	0	1	NA	NA	NA	unphased	3.02712477396022	1.00904159132007	3
15	56999304	56999305	7	36	3	3	0	1	NA	NA	NA	unphased	2.956726523403	0.985575507801001	3
15	62300853	62300854	2	9	3	3	0	1	NA	NA	NA	unphased	2.88952819332566	0.963176064441887	3
15	63029236	63029237	44	18	3	3	0	1	NA	NA	NA	unphased	1.0253164556962	1.0253164556962	1
15	64410429	64410430	19	65	3	3	0	1	NA	NA	NA	unphased	2.73282097649186	0.910940325497288	3
15	65114557	65114558	52	10	3	3	0	1	NA	NA	NA	unphased	0.569620253164557	0.569620253164557	1
15	72191153	72191154	25	148	3	3	0	1	NA	NA	NA	unphased	3.02129216360577	1.00709738786859	3
15	75949688	75949689	21	12	3	3	0	1	NA	NA	NA	unphased	1.28423475258918	1.28423475258918	1
15	75982601	75982602	6	42	3	3	0	1	NA	NA	NA	unphased	3.09018987341772	1.03006329113924	3
15	85341819	85341820	55	16	3	3	0	1	NA	NA	NA	unphased	0.795863790336959	0.795863790336959	1
15	86801238	86801239	105	36	3	3	0	1	NA	NA	NA	unphased	0.901696741179639	0.901696741179639	1
15	88420099	88420100	6	9	3	3	0	1	NA	NA	NA	unphased	2.11898734177215	1.05949367088608	2
15	90809180	90809181	0	8	3	3	0	1	NA	NA	NA	unphased	3.53164556962025	1.17721518987342	3
15	91769886	91769887	44	12	3	3	0	1	NA	NA	NA	unphased	0.756781193490054	0.756781193490054	1
15	101595211	101595212	59	46	3	3	0	1	NA	NA	NA	unphased	1.54719710669078	0.773598553345389	2
15	101933594	101933595	34	29	3	3	0	1	NA	NA	NA	unphased	1.62567811934901	0.812839059674503	2
16	633238	633239	221	79	3	3	0	1	NA	NA	NA	unphased	0.93	0.93	1
16	2106211	2106212	30	49	3	3	0	1	NA	NA	NA	unphased	2.19051434065054	1.09525717032527	2
16	2121807	2121808	0	8	3	3	0	1	NA	NA	NA	unphased	3.53164556962025	1.17721518987342	3
16	2905593	2905594	56	26	3	3	0	1	NA	NA	NA	unphased	1.11979005866008	1.11979005866008	1
16	4815850	4815851	36	15	3	3	0	1	NA	NA	NA	unphased	1.03871928518243	1.03871928518243	1
16	7760794	7760795	38	13	3	3	0	1	NA	NA	NA	unphased	0.900223380491437	0.900223380491437	1
16	15733147	15733148	34	55	3	3	0	1	NA	NA	NA	unphased	2.18247759920353	1.09123879960176	2
16	17202826	17202827	89	36	3	3	0	1	NA	NA	NA	unphased	1.01711392405063	1.01711392405063	1
16	17202827	17202828	90	37	3	3	0	1	NA	NA	NA	unphased	1.02890461477125	1.02890461477125	1
16	17228340	17228341	101	15	3	3	0	1	NA	NA	NA	unphased	0.456678306416412	0.456678306416412	1
16	19087042	19087043	48	24	2	2	0	1	NA	NA	NA	unphased	0.843881856540084	0.843881856540084	1
16	20322522	20322523	14	28	2	2	0	1	NA	NA	NA	unphased	1.68776371308017	0.843881856540084	2
16	20422800	20422801	6	15	2	2	0	1	NA	NA	NA	unphased	1.80831826401447	0.904159132007233	2
16	20448675	20448676	7	27	2	2	0	1	NA	NA	NA	unphased	2.01042442293373	1.00521221146687	2
16	22926954	22926955	18	11	2	2	0	1	NA	NA	NA	unphased	0.960279353993889	0.960279353993889	1
16	27078132	27078133	26	8	2	2	0	1	NA	NA	NA	unphased	0.595681310498883	0.595681310498883	1
16	31384696	31384697	45	21	2	2	0	1	NA	NA	NA	unphased	0.805523590333717	0.805523590333717	1
16	47733335	47733336	55	28	2	2	0	1	NA	NA	NA	unphased	0.8540491078237	0.8540491078237	1
16	49670705	49670706	7	39	2	2	0	1	NA	NA	NA	unphased	2.14639515685195	1.07319757842598	2
16	67228756	67228757	54	38	2	2	0	1	NA	NA	NA	unphased	1.04567969179967	1.04567969179967	1
16	68010018	68010019	60	173	2	2	0	1	NA	NA	NA	unphased	1.87971967186396	0.939859835931982	2
16	71318217	71318218	8	30	2	2	0	1	NA	NA	NA	unphased	1.99866755496336	0.999333777481679	2
16	72188345	72188346	58	33	2	2	0	1	NA	NA	NA	unphased	0.918069272499652	0.918069272499652	1
16	76528961	76528962	19	69	2	2	0	1	NA	NA	NA	unphased	1.98504027617952	0.992520138089758	2
16	77896772	77896773	64	32	2	2	0	1	NA	NA	NA	unphased	0.843881856540084	0.843881856540084	1
16	79245525	79245526	33	24	2	2	0	1	NA	NA	NA	unphased	1.06595602931379	1.06595602931379	1
16	82131720	82131721	16	41	2	2	0	1	NA	NA	NA	unphased	1.82100821674439	0.910504108372196	2
16	87436794	87436795	18	10	2	2	0	1	NA	NA	NA	unphased	0.904159132007233	0.904159132007233	1
17	1386343	1386344	20	3	3	3	0	1	NA	NA	NA	unphased	0.460649422124381	0.460649422124381	1
17	1640810	1640811	55	18	3	3	0	1	NA	NA	NA	unphased	0.870816715796775	0.870816715796775	1
17	1840824	1840825	30	30	3	3	0	1	NA	NA	NA	unphased	1.76582278481013	0.882911392405063	2
17	2966061	2966062	46	36	NA	NA	NA	NA	NA	NA	NA	unphased	NA	NA	1
17	3379517	3379518	100	49	3	3	0	1	NA	NA	NA	unphased	1.16141364370062	1.16141364370062	1
17	3447942	3447943	26	11	3	3	0	1	NA	NA	NA	unphased	1.04994868286008	1.04994868286008	1
17	4889277	4889278	59	35	3	3	0	1	NA	NA	NA	unphased	1.31497441422031	1.31497441422031	1
17	5039176	5039177	78	41	3	3	0	1	NA	NA	NA	unphased	1.21678544835656	1.21678544835656	1
17	5086081	5086082	28	41	3	3	0	1	NA	NA	NA	unphased	2.09851403412218	1.04925701706109	2
17	6927596	6927597	47	55	3	3	0	1	NA	NA	NA	unphased	1.90431868950112	0.952159344750558	2
17	7578436	7578437	9	77	3	3	0	1	NA	NA	NA	unphased	3.16205475419488	1.05401825139829	3
17	7660477	7660478	147	142	3	3	0	1	NA	NA	NA	unphased	1.73527221759888	0.867636108799439	2
17	7660478	7660479	147	142	3	3	0	1	NA	NA	NA	unphased	1.73527221759888	0.867636108799439	2
17	7807858	7807859	38	46	3	3	0	1	NA	NA	NA	unphased	1.93399638336347	0.966998191681736	2
17	9674774	9674775	12	7	1.24	2	1	0.12	1	0	0.88	unphased	0.652711525649567	0.652711525649567	1
17	10247424	10247425	93	5	1.24	2	1	0.12	1	0	0.88	unphased	0.090390080082666	0.75325066735555	0.12
17	10303908	10303909	99	100	1.24	2	1	0.12	1	0	0.88	unphased	0.890274155588067	0.890274155588067	1
17	10363593	10363594	58	41	1.24	2	1	0.12	1	0	0.88	unphased	0.733711801559903	0.733711801559903	1
17	10426978	10426979	60	89	1.24	2	1	0.12	1	0	0.88	unphased	1.05823124628324	1.05823124628324	1
17	15508696	15508697	12	12	1.24	2	1	0.12	1	0	0.88	unphased	0.885822784810126	0.885822784810126	1
17	16723375	16723376	121	47	1.24	2	1	0.12	1	0	0.88	unphased	0.495638939119952	0.495638939119952	1
17	17250247	17250248	62	29	1.24	2	1	0.12	1	0	0.88	unphased	0.564590346362498	0.564590346362498	1
17	18111624	18111625	103	25	1.24	2	1	0.12	1	0	0.88	unphased	0.346024525316456	0.346024525316456	1
17	21477523	21477524	11	9	2	1	1	1	NA	NA	NA	unphased	1.13924050632911	1.13924050632911	1
17	21731570	21731571	27	10	3	2	1	1	NA	NA	NA	unphased	0.954498802600068	0.954498802600068	1
17	25621448	25621449	113	39	3	2	1	1	NA	NA	NA	unphased	0.906145902731512	0.906145902731512	1
17	27309015	27309016	41	13	3	2	1	1	NA	NA	NA	unphased	0.850210970464135	0.850210970464135	1
17	28645913	28645914	56	15	3	2	1	1	NA	NA	NA	unphased	0.746122303440899	0.746122303440899	1
17	28651950	28651951	124	46	3	2	1	1	NA	NA	NA	unphased	0.955621742367833	0.955621742367833	1
17	31348317	31348318	28	13	3	2	1	1	NA	NA	NA	unphased	1.11979005866008	1.11979005866008	1
17	33510498	33510499	53	7	3	2	1	1	NA	NA	NA	unphased	0.412025316455696	0.412025316455696	1
17	36359027	36359028	179	44	3	2	1	1	NA	NA	NA	unphased	0.696826928534938	0.696826928534938	1
17	38319735	38319736	51	65	3	2	1	1	NA	NA	NA	unphased	1.97893932780445	0.989469663902226	2
17	38925320	38925321	39	9	3	2	1	1	NA	NA	NA	unphased	0.662183544303797	0.662183544303797	1
17	39023106	39023107	353	13	3	2	1	1	NA	NA	NA	unphased	0.125440962855364	0.125440962855364	1
17	39274126	39274127	19	23	3	2	1	1	NA	NA	NA	unphased	1.93399638336347	0.966998191681736	2
17	39305861	39305862	40	18	3	2	1	1	NA	NA	NA	unphased	1.09602793539939	1.09602793539939	1
17	39334242	39334243	51	72	3	2	1	1	NA	NA	NA	unphased	2.06730472368015	1.03365236184007	2
17	39550388	39550389	39	49	3	2	1	1	NA	NA	NA	unphased	1.96648446490219	0.983242232451093	2
17	40010905	40010906	131	38	3	2	1	1	NA	NA	NA	unphased	0.794097820387986	0.794097820387986	1
17	40255735	40255736	117	32	3	2	1	1	NA	NA	NA	unphased	0.758474216294283	0.758474216294283	1
17	42451838	42451839	103	28	3	2	1	1	NA	NA	NA	unphased	0.754855541598222	0.754855541598222	1
17	45299160	45299161	70	22	3	2	1	1	NA	NA	NA	unphased	0.844523940561365	0.844523940561365	1
17	45820521	45820522	67	26	3	2	1	1	NA	NA	NA	unphased	0.987341772151899	0.987341772151899	1
17	46023994	46023995	67	24	3	2	1	1	NA	NA	NA	unphased	0.931423007372374	0.931423007372374	1
17	48697077	48697078	29	8	3	2	1	1	NA	NA	NA	unphased	0.763599042080055	0.763599042080055	1
17	48918302	48918303	36	24	3	2	1	1	NA	NA	NA	unphased	1.4126582278481	0.706329113924051	2
17	49708860	49708861	45	68	3	2	1	1	NA	NA	NA	unphased	2.12523804189537	1.06261902094769	2
17	53345166	53345167	86	20	3	2	1	1	NA	NA	NA	unphased	0.666348220683067	0.666348220683067	1
17	53798144	53798145	70	28	3	2	1	1	NA	NA	NA	unphased	1.00904159132007	1.00904159132007	1
17	56349076	56349077	44	9	3	2	1	1	NA	NA	NA	unphased	0.59971339861476	0.59971339861476	1
17	56693619	56693620	52	9	3	2	1	1	NA	NA	NA	unphased	0.521062461091513	0.521062461091513	1
17	57741252	57741253	77	25	3	2	1	1	NA	NA	NA	unphased	0.865599404318689	0.865599404318689	1
17	59485727	59485728	14	7	3	2	1	1	NA	NA	NA	unphased	1.17721518987342	1.17721518987342	1
17	60342556	60342557	163	24	3	2	1	1	NA	NA	NA	unphased	0.453259324443241	0.453259324443241	1
17	60753810	60753811	82	22	3	2	1	1	NA	NA	NA	unphased	0.747078870496592	0.747078870496592	1
17	62020206	62020207	19	22	3	2	1	1	NA	NA	NA	unphased	1.89502933004014	0.947514665020068	2
17	62036743	62036744	27	12	3	2	1	1	NA	NA	NA	unphased	1.08666017526777	1.08666017526777	1
17	63221383	63221384	189	73	4	3	1	1	NA	NA	NA	unphased	1.26263407092473	1.26263407092473	1
17	65714105	65714106	77	26	4	3	1	1	NA	NA	NA	unphased	1.14391053213715	1.14391053213715	1
17	67039704	67039705	61	15	4	3	1	1	NA	NA	NA	unphased	0.894403730846103	0.894403730846103	1
17	67270213	67270214	59	20	3	2	1	1	NA	NA	NA	unphased	0.894087485979811	0.894087485979811	1
17	71166223	71166224	92	36	3	2	1	1	NA	NA	NA	unphased	0.993275316455696	0.993275316455696	1
17	72308173	72308174	60	12	3.55	3	1	0.85	1	0	0.15	unphased	0.680274261603375	0.680274261603375	1
17	74477609	74477610	12	26	3.55	3	1	0.85	1	0	0.15	unphased	2.79270486342438	0.979896443306801	2.85
17	76130987	76130988	33	39	3.55	3	1	0.85	1	0	0.15	unphased	2.21089135021097	0.818848648226285	2.7
17	78333912	78333913	41	9	3.55	3	1	0.85	1	0	0.15	unphased	0.734696202531646	0.734696202531646	1
17	78704505	78704506	96	10	3.55	3	1	0.85	1	0	0.15	unphased	0.385060902794364	0.385060902794364	1
17	79287380	79287381	36	12	3.55	3	1	0.85	1	0	0.15	unphased	1.02041139240506	1.02041139240506	1
17	79871983	79871984	72	29	3.55	3	1	0.85	1	0	0.15	unphased	1.17195763880185	1.17195763880185	1
17	79985275	79985276	167	26	3.55	3	1	0.85	1	0	0.15	unphased	0.549858988653506	0.549858988653506	1
17	80274702	80274703	112	32	3	2	1	1	NA	NA	NA	unphased	0.784810126582278	0.784810126582278	1
18	331776	331777	45	40	3.1	4	3	0.22	1	1	0.78	unphased	1.7090096798213	1.0295239035068	1.66
18	335088	335089	200	21	3.1	4	3	0.22	1	1	0.78	unphased	0.345088493040838	0.345088493040838	1
18	2928652	2928653	52	72	3.1	4	3	0.22	1	1	0.78	unphased	2.10869742752144	0.949863706090738	2.22
18	5291200	5291201	165	21	3.1	4	3	0.22	1	1	0.78	unphased	0.410024499795835	0.410024499795835	1
18	5415896	5415897	153	18	3.1	4	3	0.22	1	1	0.78	unphased	0.382278481012658	0.382278481012658	1
18	8825212	8825213	98	14	3.1	4	3	0.22	1	1	0.78	unphased	0.453955696202532	0.453955696202532	1
18	9887884	9887885	39	69	3.1	4	3	0.22	1	1	0.78	unphased	2.32021800281294	1.04514324451033	2.22
18	13884887	13884888	72	45	3.1	4	3	0.22	1	1	0.78	unphased	1.39678675754625	0.969990803851563	1.44
18	14183722	14183723	174	88	3.1	4	3	0.22	1	1	0.78	unphased	1.21978935162818	0.999827337400145	1.22
18	14542976	14542977	381	63	3.1	4	3	0.22	1	1	0.78	unphased	0.515301060554225	0.515301060554225	1
18	14848861	14848862	16	19	3.1	4	3	0.22	1	1	0.78	unphased	1.97146473779385	0.88804717918642	2.22
18	15323298	15323299	11	6	NA	NA	NA	NA	NA	NA	NA	unphased	NA	NA	1
18	21017876	21017877	5	8	4	3	1	1	NA	NA	NA	unphased	2.78870496592016	0.929568321973385	3
18	22023041	22023042	76	143	4	3	1	1	NA	NA	NA	unphased	2.95901970984336	0.986339903281121	3
18	22807621	22807622	28	41	4	3	1	1	NA	NA	NA	unphased	2.6927169326729	0.897572310890968	3
18	23861979	23861980	60	93	4	3	1	1	NA	NA	NA	unphased	2.75452965996525	0.918176553321751	3
18	25589741	25589742	62	22	3	2	1	1	NA	NA	NA	unphased	0.9249547920434	0.9249547920434	1
18	28906936	28906937	76	36	2	1	1	1	NA	NA	NA	unphased	0.81374321880651	0.81374321880651	1
18	28934441	28934442	55	33	2	1	1	1	NA	NA	NA	unphased	0.949367088607595	0.949367088607595	1
18	30350007	30350008	59	29	2	1	1	1	NA	NA	NA	unphased	0.834292289988492	0.834292289988492	1
18	31319982	31319983	35	13	2	1	1	1	NA	NA	NA	unphased	0.685654008438819	0.685654008438819	1
18	40850200	40850201	29	11	2	1	1	1	NA	NA	NA	unphased	0.69620253164557	0.69620253164557	1
18	51686154	51686155	51	36	2	1	1	1	NA	NA	NA	unphased	1.04757747708424	1.04757747708424	1
18	55103328	55103329	19	16	2	1	1	1	NA	NA	NA	unphased	1.15732368896926	1.15732368896926	1
18	59195218	59195219	25	14	2	1	1	1	NA	NA	NA	unphased	0.908795845504706	0.908795845504706	1
18	59925184	59925185	23	7	2	1	1	1	NA	NA	NA	unphased	0.590717299578059	0.590717299578059	1
18	61160413	61160414	17	9	2	1	1	1	NA	NA	NA	unphased	0.876338851022395	0.876338851022395	1
18	61306968	61306969	30	18	2	1	1	1	NA	NA	NA	unphased	0.949367088607595	0.949367088607595	1
18	61377464	61377465	10	5	2	1	1	1	NA	NA	NA	unphased	0.843881856540084	0.843881856540084	1
18	63530069	63530070	16	14	2	1	1	1	NA	NA	NA	unphased	1.18143459915612	1.18143459915612	1
18	66504141	66504142	73	43	2	1	1	1	NA	NA	NA	unphased	0.938454823221301	0.938454823221301	1
18	67809567	67809568	32	13	2	1	1	1	NA	NA	NA	unphased	0.731364275668073	0.731364275668073	1
19	871945	871946	4	23	2	2	0	1	NA	NA	NA	unphased	2.15658696671355	1.07829348335677	2
19	1008174	1008175	3	6	2	2	0	1	NA	NA	NA	unphased	1.68776371308017	1.68776371308017	1
19	2810717	2810718	6	6	2	2	0	1	NA	NA	NA	unphased	1.26582278481013	1.26582278481013	1
19	3831716	3831717	10	6	2	2	0	1	NA	NA	NA	unphased	0.949367088607595	0.949367088607595	1
19	3834934	3834935	5	11	2	2	0	1	NA	NA	NA	unphased	1.74050632911392	0.870253164556962	2
19	4446665	4446666	30	52	2	2	0	1	NA	NA	NA	unphased	1.60543377585675	0.802716887928373	2
19	6380975	6380976	8	3	2	2	0	1	NA	NA	NA	unphased	0.690448791714614	0.690448791714614	1
19	7975581	7975582	4	7	2	2	0	1	NA	NA	NA	unphased	1.61104718066743	1.61104718066743	1
19	9066301	9066302	23	66	2	2	0	1	NA	NA	NA	unphased	1.87740008533637	0.938700042668184	2
19	9085245	9085246	10	19	2	2	0	1	NA	NA	NA	unphased	1.65866433871672	0.829332169358359	2
19	9087115	9087116	27	104	2	2	0	1	NA	NA	NA	unphased	2.00985602473669	1.00492801236834	2
19	9800896	9800897	18	10	2	2	0	1	NA	NA	NA	unphased	0.904159132007233	0.904159132007233	1
19	11657745	11657746	95	37	2	2	0	1	NA	NA	NA	unphased	0.709627924817798	0.709627924817798	1
19	12790714	12790715	30	20	2	2	0	1	NA	NA	NA	unphased	1.0126582278481	1.0126582278481	1
19	12958214	12958215	33	28	2	2	0	1	NA	NA	NA	unphased	1.16206681884208	1.16206681884208	1
19	13033587	13033588	74	38	2	2	0	1	NA	NA	NA	unphased	0.858951175406872	0.858951175406872	1
19	13915655	13915656	32	26	2	2	0	1	NA	NA	NA	unphased	1.1348756001746	1.1348756001746	1
19	14522357	14522358	8	25	2	2	0	1	NA	NA	NA	unphased	1.91791331031837	0.958956655159187	2
19	14991695	14991696	23	82	2	2	0	1	NA	NA	NA	unphased	1.97709463532248	0.988547317661242	2
19	16060463	16060464	138	65	2	2	0	1	NA	NA	NA	unphased	0.81062542869614	0.81062542869614	1
19	18174741	18174742	21	4	2	2	0	1	NA	NA	NA	unphased	0.40506329113924	0.40506329113924	1
19	19344611	19344612	25	78	2	2	0	1	NA	NA	NA	unphased	1.91716848961534	0.958584244807669	2
19	30935590	30935591	131	9	2	2	0	1	NA	NA	NA	unphased	0.162748643761302	0.162748643761302	1
19	31767459	31767460	20	66	2	2	0	1	NA	NA	NA	unphased	1.94289078598764	0.971445392993818	2
19	31768886	31768887	28	101	2	2	0	1	NA	NA	NA	unphased	1.98214110489648	0.991070552448238	2
19	36297411	36297412	30	94	2	2	0	1	NA	NA	NA	unphased	1.91915067374439	0.959575336872193	2
19	37488449	37488450	0	11	2	2	0	1	NA	NA	NA	unphased	2.53164556962025	1.26582278481013	2
19	38806358	38806359	12	12	2	2	0	1	NA	NA	NA	unphased	1.26582278481013	1.26582278481013	1
19	38873989	38873990	13	34	2	2	0	1	NA	NA	NA	unphased	1.83140317802316	0.915701589011581	2
19	39734682	39734683	62	29	2	2	0	1	NA	NA	NA	unphased	0.8067881485603	0.8067881485603	1
19	40541745	40541746	7	31	2	2	0	1	NA	NA	NA	unphased	2.06528980679547	1.03264490339773	2
19	41895803	41895804	69	16	3	3	0	1	NA	NA	NA	unphased	0.664780342516753	0.664780342516753	1
19	43415001	43415002	48	198	3	3	0	1	NA	NA	NA	unphased	2.8425439950602	0.947514665020068	3
19	43579541	43579542	68	342	3	3	0	1	NA	NA	NA	unphased	2.94590923124421	0.98196974374807	3
19	43922348	43922349	50	56	3	3	0	1	NA	NA	NA	unphased	1.86577501791259	0.932887508956293	2
19	44469164	44469165	46	257	3	3	0	1	NA	NA	NA	unphased	2.99548815641058	0.998496052136859	3
19	49131845	49131846	5	4	2	2	0	1	NA	NA	NA	unphased	1.12517580872011	1.12517580872011	1
19	49167531	49167532	14	9	2	2	0	1	NA	NA	NA	unphased	0.990643918547056	0.990643918547056	1
19	50099514	50099515	14	13	2	2	0	1	NA	NA	NA	unphased	1.21894045944679	1.21894045944679	1
19	52376733	52376734	23	80	2	2	0	1	NA	NA	NA	unphased	1.96632665601573	0.983163328007865	2
19	53345112	53345113	45	134	2	2	0	1	NA	NA	NA	unphased	1.89519835938052	0.947599179690262	2
19	54501558	54501559	6	30	2	2	0	1	NA	NA	NA	unphased	2.10970464135021	1.05485232067511	2
19	54756384	54756385	21	67	2	2	0	1	NA	NA	NA	unphased	1.92750287686997	0.963751438434983	2
19	55112230	55112231	8	39	2	2	0	1	NA	NA	NA	unphased	2.10072717479127	1.05036358739564	2
19	55401262	55401263	3	38	2	2	0	1	NA	NA	NA	unphased	2.34640321086755	1.17320160543378	2
19	55496491	55496492	55	34	2	2	0	1	NA	NA	NA	unphased	0.967145498506613	0.967145498506613	1
19	55672062	55672063	38	96	2	2	0	1	NA	NA	NA	unphased	1.81371622898167	0.906858114490837	2
19	55708535	55708536	16	30	2	2	0	1	NA	NA	NA	unphased	1.65107319757843	0.825536598789213	2
19	56103875	56103876	2	7	2	2	0	1	NA	NA	NA	unphased	1.9690576652602	0.984528832630098	2
19	56423439	56423440	17	84	2	2	0	1	NA	NA	NA	unphased	2.10552700839704	1.05276350419852	2
19	56539325	56539326	18	13	2	2	0	1	NA	NA	NA	unphased	1.06165781951817	1.06165781951817	1
19	57133425	57133426	35	27	2	2	0	1	NA	NA	NA	unphased	1.10249081257656	1.10249081257656	1
19	57641897	57641898	3	36	2	2	0	1	NA	NA	NA	unphased	2.33690360272639	1.16845180136319	2
19	58868266	58868267	1	9	2	2	0	1	NA	NA	NA	unphased	2.27848101265823	1.13924050632911	2
2	669584	669585	41	5	2.1	2	1	0.1	1	1	0.9	unphased	0.286048431480462	0.286048431480462	1
2	3392185	3392186	13	15	3	2	1	1	NA	NA	NA	unphased	1.89195298372514	0.945976491862568	2
2	9463310	9463311	177	146	1.15	2	2	0.05	0	1	0.95	unphased	0.760124622800486	0.760124622800486	1
2	9588428	9588429	64	17	1.15	2	2	0.05	0	1	0.95	unphased	0.352937959056102	0.352937959056102	1
2	10729737	10729738	16	3	1.15	2	2	0.05	0	1	0.95	unphased	0.265522984676882	0.265522984676882	1
2	10911979	10911980	132	83	1.15	2	2	0.05	0	1	0.95	unphased	0.649193405946423	0.649193405946423	1
2	11304380	11304381	54	14	1.15	2	2	0.05	0	1	0.95	unphased	0.346221146686523	0.346221146686523	1
2	15615860	15615861	83	11	1.15	2	2	0.05	0	1	0.95	unphased	0.19678831133854	0.19678831133854	1
2	21229204	21229205	103	68	4	2	2	1	NA	NA	NA	unphased	1.80205788733437	0.901028943667185	2
2	26804202	26804203	20	17	4	2	2	1	NA	NA	NA	unphased	2.08210742387958	1.04105371193979	2
2	26998465	26998466	14	15	4	2	2	1	NA	NA	NA	unphased	2.34395460497599	1.171977302488	2
2	27601658	27601659	42	8	4	2	2	1	NA	NA	NA	unphased	0.725063291139241	0.725063291139241	1
2	27657348	27657349	214	17	4	2	2	1	NA	NA	NA	unphased	0.333497725902789	0.333497725902789	1
2	29240705	29240706	19	16	4	2	2	1	NA	NA	NA	unphased	2.07160940325497	1.03580470162749	2
2	31178780	31178781	233	153	4	2	2	1	NA	NA	NA	unphased	1.79622220764741	0.898111103823703	2
2	31628798	31628799	110	12	4	2	2	1	NA	NA	NA	unphased	0.445735629798713	0.445735629798713	1
2	32774453	32774454	66	59	4	2	2	1	NA	NA	NA	unphased	2.13893670886076	1.06946835443038	2
2	33359932	33359933	42	41	4	2	2	1	NA	NA	NA	unphased	2.23852371511362	1.11926185755681	2
2	33482446	33482447	109	29	4	2	2	1	NA	NA	NA	unphased	0.952302329847734	0.952302329847734	1
2	33588540	33588541	77	79	4	2	2	1	NA	NA	NA	unphased	2.29487179487179	1.1474358974359	2
2	37032713	37032714	85	45	4	2	2	1	NA	NA	NA	unphased	1.56864654333009	0.784323271665044	2
2	40387969	40387970	68	41	4	2	2	1	NA	NA	NA	unphased	1.70456392985716	0.85228196492858	2
2	45169253	45169254	145	41	4	2	2	1	NA	NA	NA	unphased	0.99891112018511	0.99891112018511	1
2	46845964	46845965	97	15	4	2	2	1	NA	NA	NA	unphased	0.606916817359855	0.606916817359855	1
2	47600709	47600710	16	18	4	2	2	1	NA	NA	NA	unphased	2.39910647803425	1.19955323901713	2
2	47748785	47748786	14	9	4	2	2	1	NA	NA	NA	unphased	1.77325261419923	0.886626307099615	2
2	50463983	50463984	62	52	4	2	2	1	NA	NA	NA	unphased	2.06706640017766	1.03353320008883	2
2	56419857	56419858	84	46	4	2	2	1	NA	NA	NA	unphased	1.60350535540409	0.801752677702045	2
2	61009051	61009052	131	38	3	2	1	1	NA	NA	NA	unphased	0.794097820387986	0.794097820387986	1
2	63215157	63215158	72	29	3	2	1	1	NA	NA	NA	unphased	1.01403684672265	1.01403684672265	1
2	68400494	68400495	43	14	3	2	1	1	NA	NA	NA	unphased	0.867421718854097	0.867421718854097	1
2	69092998	69092999	38	49	3	2	1	1	NA	NA	NA	unphased	1.98908773461371	0.994543867306853	2
2	69300230	69300231	43	68	3	2	1	1	NA	NA	NA	unphased	2.16353061922682	1.08176530961341	2
2	70680405	70680406	157	60	3	2	1	1	NA	NA	NA	unphased	0.976491862567812	0.976491862567812	1
2	70903899	70903900	21	24	3	2	1	1	NA	NA	NA	unphased	1.88354430379747	0.941772151898734	2
2	74399724	74399725	44	53	3	2	1	1	NA	NA	NA	unphased	1.92966201226674	0.964831006133368	2
2	74399725	74399726	45	54	3	2	1	1	NA	NA	NA	unphased	1.92635212888377	0.963176064441887	2
2	74652346	74652347	134	6	3	2	1	1	NA	NA	NA	unphased	0.151356238698011	0.151356238698011	1
2	76975836	76975837	136	41	3	2	1	1	NA	NA	NA	unphased	0.818064792962883	0.818064792962883	1
2	77746473	77746474	60	19	3	2	1	1	NA	NA	NA	unphased	0.84938311168082	0.84938311168082	1
2	79363869	79363870	14	3	1.18	2	2	0.06	0	1	0.94	unphased	0.302055100521221	0.302055100521221	1
2	79385589	79385590	76	12	1.18	2	2	0.06	0	1	0.94	unphased	0.233406214039125	0.233406214039125	1
2	80101435	80101436	83	9	1.18	2	2	0.06	0	1	0.94	unphased	0.167443588332416	0.167443588332416	1
2	80529269	80529270	12	5	1.18	2	2	0.06	0	1	0.94	unphased	0.503425167535369	0.503425167535369	1
2	80530451	80530452	58	48	1.18	2	2	0.06	0	1	0.94	unphased	0.775084786243133	0.775084786243133	1
2	80530538	80530539	141	49	1.18	2	2	0.06	0	1	0.94	unphased	0.44142438374417	0.44142438374417	1
2	80530539	80530540	141	48	1.18	2	2	0.06	0	1	0.94	unphased	0.434703636728953	0.434703636728953	1
2	80782957	80782958	193	46	1.18	2	2	0.06	0	1	0.94	unphased	0.329438059424819	0.329438059424819	1
2	85780470	85780471	101	74	1.18	2	2	0.06	0	1	0.94	unphased	0.723781555153707	0.723781555153707	1
2	86014056	86014057	48	17	1.18	2	2	0.06	0	1	0.94	unphased	0.447661148977605	0.447661148977605	1
2	86302201	86302202	31	7	1.18	2	2	0.06	0	1	0.94	unphased	0.315303131245836	0.315303131245836	1
2	88047657	88047658	35	11	1.18	2	2	0.06	0	1	0.94	unphased	0.409306549257017	0.409306549257017	1
2	89384825	89384826	50	37	1.18	2	2	0.06	0	1	0.94	unphased	0.727941219263786	0.727941219263786	1
2	89399786	89399787	119	26	1.18	2	2	0.06	0	1	0.94	unphased	0.306915757311218	0.306915757311218	1
2	89442165	89442166	91	22	1.18	2	2	0.06	0	1	0.94	unphased	0.333240730368545	0.333240730368545	1
2	90044134	90044135	139	21	1.18	2	2	0.06	0	1	0.94	unphased	0.224653481012658	0.224653481012658	1
2	90044186	90044187	175	40	1.18	2	2	0.06	0	1	0.94	unphased	0.31844568737121	0.31844568737121	1
2	90139144	90139145	328	17	1.18	2	2	0.06	0	1	0.94	unphased	0.0843419556044762	1.4056992600746	0.06
2	96012781	96012782	19	10	1.18	2	2	0.06	0	1	0.94	unphased	0.59022261021388	0.59022261021388	1
2	98340941	98340942	10	3	4	2	2	1	NA	NA	NA	unphased	1.04576436222006	1.04576436222006	1
2	98351108	98351109	121	97	4	2	2	1	NA	NA	NA	unphased	2.01637440483103	1.00818720241551	2
2	99012954	99012955	41	35	4	2	2	1	NA	NA	NA	unphased	2.08694203864091	1.04347101932045	2
2	101648764	101648765	59	15	4	2	2	1	NA	NA	NA	unphased	0.918576804652754	0.918576804652754	1
2	102959634	102959635	120	31	4	2	2	1	NA	NA	NA	unphased	0.930337832173694	0.930337832173694	1
2	103068613	103068614	173	44	4	2	2	1	NA	NA	NA	unphased	0.918859009508254	0.918859009508254	1
2	105890146	105890147	70	22	4.64	3	2	0.88	1	1	0.12	unphased	1.23669785360484	1.23669785360484	1
2	106694349	106694350	58	6	4.64	3	2	0.88	1	1	0.12	unphased	0.484841772151899	0.550956559263521	0.88
2	107041105	107041106	617	91	4.64	3	2	0.88	1	1	0.12	unphased	0.664717156547236	0.664717156547236	1
2	107050738	107050739	181	30	4.64	3	2	0.88	1	1	0.12	unphased	0.735305057291979	0.835573928740885	0.88
2	107460189	107460190	104	15	4.64	3	2	0.88	1	1	0.12	unphased	0.651888097010956	0.740781928421541	0.88
2	108488443	108488444	251	112	4.64	3	2	0.88	1	1	0.12	unphased	1.59565923911148	0.848754914421002	1.88
2	109345600	109345601	24	22	4.64	3	2	0.88	1	1	0.12	unphased	2.47339570720969	0.896157864931046	2.76
2	112856251	112856252	54	17	1.24	2	2	0.08	0	1	0.92	unphased	0.424196826528793	0.424196826528793	1
2	116257115	116257116	52	13	4	2	2	1	NA	NA	NA	unphased	0.906329113924051	0.906329113924051	1
2	120125089	120125090	52	14	4	2	2	1	NA	NA	NA	unphased	0.961258151131569	0.961258151131569	1
2	121747416	121747417	24	13	4	2	2	1	NA	NA	NA	unphased	1.59219979473144	0.79609989736572	2
2	121747417	121747418	23	13	4	2	2	1	NA	NA	NA	unphased	1.63642756680731	0.818213783403657	2
2	124783124	124783125	4	4	NA	NA	NA	NA	NA	NA	NA	unphased	NA	NA	1
2	125284886	125284887	28	27	3	2	1	1	NA	NA	NA	unphased	1.7337169159954	0.866858457997698	2
2	130737809	130737810	96	31	3	2	1	1	NA	NA	NA	unphased	0.862055217781322	0.862055217781322	1
2	130737810	130737811	97	31	3	2	1	1	NA	NA	NA	unphased	0.855320411392405	0.855320411392405	1
2	131487187	131487188	34	29	3	2	1	1	NA	NA	NA	unphased	1.62567811934901	0.812839059674503	2
2	131520159	131520160	68	59	3	2	1	1	NA	NA	NA	unphased	1.64068573706768	0.820342868533838	2
2	131704259	131704260	51	21	3	2	1	1	NA	NA	NA	unphased	1.03006329113924	1.03006329113924	1
2	132277106	132277107	31	7	3	2	1	1	NA	NA	NA	unphased	0.650566289140573	0.650566289140573	1
2	133489361	133489362	57	53	3	2	1	1	NA	NA	NA	unphased	1.70161104718067	0.850805523590334	2
2	139428364	139428365	4	6	4	2	2	1	NA	NA	NA	unphased	2.71898734177215	1.35949367088608	2
2	139428682	139428683	38	7	4	2	2	1	NA	NA	NA	unphased	0.70492264416315	0.70492264416315	1
2	140992360	140992361	58	11	3	2	1	1	NA	NA	NA	unphased	0.563015960374243	0.563015960374243	1
2	141108375	141108376	33	22	4	2	2	1	NA	NA	NA	unphased	1.8126582278481	0.906329113924051	2
2	141458076	141458077	155	13	4	2	2	1	NA	NA	NA	unphased	0.350663050030139	0.350663050030139	1
2	141459779	141459780	150	26	4	2	2	1	NA	NA	NA	unphased	0.669447640966628	0.669447640966628	1
2	141641454	141641455	141	40	4	2	2	1	NA	NA	NA	unphased	1.00146863417022	1.00146863417022	1
2	141660562	141660563	61	57	4	2	2	1	NA	NA	NA	unphased	2.18901523278266	1.09450761639133	2
2	141665617	141665618	61	12	4	2	2	1	NA	NA	NA	unphased	0.744928038841685	0.744928038841685	1
2	141773447	141773448	119	41	4	2	2	1	NA	NA	NA	unphased	1.16123417721519	1.16123417721519	1
2	149227684	149227685	23	27	3	2	1	1	NA	NA	NA	unphased	1.90708860759494	0.953544303797468	2
2	158167754	158167755	32	35	3	2	1	1	NA	NA	NA	unphased	1.8448894766673	0.922444738333648	2
2	160035668	160035669	81	27	3	2	1	1	NA	NA	NA	unphased	0.882911392405063	0.882911392405063	1
2	160087295	160087296	33	11	3	2	1	1	NA	NA	NA	unphased	0.882911392405063	0.882911392405063	1
2	160605380	160605381	73	28	3	2	1	1	NA	NA	NA	unphased	0.979070058904625	0.979070058904625	1
2	163393573	163393574	103	19	5	3	2	1	NA	NA	NA	unphased	0.861485785432662	0.861485785432662	1
2	165795997	165795998	98	22	1.44	3	2	0.11	1	0	0.89	unphased	0.36146835443038	0.36146835443038	1
2	166866285	166866286	67	23	4	2	2	1	NA	NA	NA	unphased	1.15808720112518	1.15808720112518	1
2	166870309	166870310	56	47	4	2	2	1	NA	NA	NA	unphased	2.06783826963254	1.03391913481627	2
2	166900419	166900420	87	31	4	2	2	1	NA	NA	NA	unphased	1.19051705642566	1.19051705642566	1
2	166903432	166903433	159	8	4	2	2	1	NA	NA	NA	unphased	0.217084817706359	0.217084817706359	1
2	166903433	166903434	157	8	4	2	2	1	NA	NA	NA	unphased	0.219716148830073	0.219716148830073	1
2	168104260	168104261	43	31	4	2	2	1	NA	NA	NA	unphased	1.89839206294902	0.949196031474512	2
2	168726229	168726230	46	33	4	2	2	1	NA	NA	NA	unphased	1.89296587085403	0.946482935427015	2
2	169791829	169791830	93	71	4	2	2	1	NA	NA	NA	unphased	1.9618709478234	0.980935473911701	2
2	170022536	170022537	136	41	4	2	2	1	NA	NA	NA	unphased	1.04970321104198	1.04970321104198	1
2	170042336	170042337	112	104	4	2	2	1	NA	NA	NA	unphased	2.18190342240975	1.09095171120488	2
2	170558030	170558031	105	28	4	2	2	1	NA	NA	NA	unphased	0.954030646235843	0.954030646235843	1
2	175939546	175939547	43	33	4	2	2	1	NA	NA	NA	unphased	1.96768820786143	0.983844103930713	2
2	176947024	176947025	22	12	3	2	1	1	NA	NA	NA	unphased	1.24646314221891	1.24646314221891	1
2	176988904	176988905	84	77	3	2	1	1	NA	NA	NA	unphased	1.68904788112273	0.844523940561365	2
2	177036439	177036440	56	60	3	2	1	1	NA	NA	NA	unphased	1.82671322566565	0.913356612832824	2
2	177054968	177054969	6	4	3	2	1	1	NA	NA	NA	unphased	1.4126582278481	1.4126582278481	1
2	179350366	179350367	73	30	4	2	2	1	NA	NA	NA	unphased	1.31989676785056	1.31989676785056	1
2	179350367	179350368	72	30	4	2	2	1	NA	NA	NA	unphased	1.33283693224125	1.33283693224125	1
2	179397005	179397006	41	36	4	2	2	1	NA	NA	NA	unphased	2.11869143514713	1.05934571757357	2
2	179407506	179407507	131	35	4	2	2	1	NA	NA	NA	unphased	0.955467439377764	0.955467439377764	1
2	179411103	179411104	77	48	4	2	2	1	NA	NA	NA	unphased	1.74015189873418	0.870075949367089	2
2	179481477	179481478	178	27	4	2	2	1	NA	NA	NA	unphased	0.596850879901204	0.596850879901204	1
2	179497996	179497997	106	48	4	2	2	1	NA	NA	NA	unphased	1.41246095676475	0.706230478382377	2
2	179528546	179528547	307	31	4	2	2	1	NA	NA	NA	unphased	0.415624297805408	0.415624297805408	1
2	179575823	179575824	64	46	4	2	2	1	NA	NA	NA	unphased	1.89505178365938	0.947525891829689	2
2	179583948	179583949	82	60	4	2	2	1	NA	NA	NA	unphased	1.9147798181494	0.957389909074701	2
2	179599130	179599131	182	34	4	2	2	1	NA	NA	NA	unphased	0.713314580403188	0.713314580403188	1
2	179611703	179611704	98	67	4	2	2	1	NA	NA	NA	unphased	1.84012274645186	0.92006137322593	2
2	179612796	179612797	36	18	4	2	2	1	NA	NA	NA	unphased	1.51054852320675	0.755274261603375	2
2	182766521	182766522	9	40	2	2	0	1	NA	NA	NA	unphased	2.06664944458796	1.03332472229398	2
2	185731095	185731096	19	12	2	2	0	1	NA	NA	NA	unphased	0.979991833401388	0.979991833401388	1
2	187694607	187694608	51	33	2	2	0	1	NA	NA	NA	unphased	0.994575045207957	0.994575045207957	1
2	190569876	190569877	81	32	2	2	0	1	NA	NA	NA	unphased	0.716926179007505	0.716926179007505	1
2	207459538	207459539	13	44	2	2	0	1	NA	NA	NA	unphased	1.95425272040862	0.977126360204308	2
2	207988582	207988583	20	93	2	2	0	1	NA	NA	NA	unphased	2.08356670774056	1.04178335387028	2
2	208811221	208811222	31	71	2	2	0	1	NA	NA	NA	unphased	1.76222387689253	0.881111938446264	2
2	212248728	212248729	22	65	2	2	0	1	NA	NA	NA	unphased	1.89145933362433	0.945729666812163	2
2	219857786	219857787	35	25	2	2	0	1	NA	NA	NA	unphased	1.05485232067511	1.05485232067511	1
2	224765920	224765921	31	17	2	2	0	1	NA	NA	NA	unphased	0.89662447257384	0.89662447257384	1
2	225266639	225266640	0	8	2	2	0	1	NA	NA	NA	unphased	2.53164556962025	1.26582278481013	2
2	226447713	226447714	7	13	2	2	0	1	NA	NA	NA	unphased	1.64556962025316	0.822784810126582	2
2	229890722	229890723	34	26	2	2	0	1	NA	NA	NA	unphased	1.09704641350211	1.09704641350211	1
2	231775563	231775564	29	25	2	2	0	1	NA	NA	NA	unphased	1.17205813408345	1.17205813408345	1
2	238303829	238303830	6	15	2	2	0	1	NA	NA	NA	unphased	1.80831826401447	0.904159132007233	2
2	240984725	240984726	11	72	2	2	0	1	NA	NA	NA	unphased	2.19612627726094	1.09806313863047	2
2	241700762	241700763	6	29	2	2	0	1	NA	NA	NA	unphased	2.09764918625678	1.04882459312839	2
20	2539345	2539346	5	5	1	1	0	1	NA	NA	NA	unphased	0.765822784810126	0.765822784810126	1
20	5974338	5974339	12	21	1	1	0	1	NA	NA	NA	unphased	0.974683544303797	0.974683544303797	1
20	10603974	10603975	12	24	1	1	0	1	NA	NA	NA	unphased	1.0210970464135	1.0210970464135	1
20	11904038	11904039	17	184	7	7	0	1	NA	NA	NA	unphased	6.89464072044839	0.98494867434977	7
20	13055013	13055014	10	134	7	7	0	1	NA	NA	NA	unphased	7.00861462728551	1.00123066104079	7
20	13251265	13251266	25	83	7	7	0	1	NA	NA	NA	unphased	5.78820909517112	0.964701515861853	6
20	18794766	18794767	10	19	1	1	0	1	NA	NA	NA	unphased	1.00349192492361	1.00349192492361	1
20	23065481	23065482	73	38	2	2	0	1	NA	NA	NA	unphased	0.866689474284411	0.866689474284411	1
20	32258533	32258534	34	16	2	2	0	1	NA	NA	NA	unphased	0.810126582278481	0.810126582278481	1
20	39316632	39316633	38	88	2	2	0	1	NA	NA	NA	unphased	1.76813341370303	0.884066706851517	2
20	42163519	42163520	6	12	2	2	0	1	NA	NA	NA	unphased	1.68776371308017	0.843881856540084	2
20	42694746	42694747	6	10	2	2	0	1	NA	NA	NA	unphased	1.58227848101266	1.58227848101266	1
20	44187549	44187550	27	72	2	2	0	1	NA	NA	NA	unphased	1.84119677790564	0.920598388952819	2
20	44980778	44980779	19	57	2	2	0	1	NA	NA	NA	unphased	1.89873417721519	0.949367088607595	2
20	47606206	47606207	15	51	2	2	0	1	NA	NA	NA	unphased	1.95627157652474	0.97813578826237	2
20	56186824	56186825	4	23	2	2	0	1	NA	NA	NA	unphased	2.15658696671355	1.07829348335677	2
20	57226936	57226937	12	6	2	2	0	1	NA	NA	NA	unphased	0.843881856540084	0.843881856540084	1
20	57829698	57829699	12	37	2	2	0	1	NA	NA	NA	unphased	1.91165073624386	0.955825368121932	2
20	61291873	61291874	20	55	2	2	0	1	NA	NA	NA	unphased	1.85654008438819	0.928270042194093	2
20	61510927	61510928	25	67	2	2	0	1	NA	NA	NA	unphased	1.84369840396258	0.921849201981288	2
20	61511226	61511227	15	75	2	2	0	1	NA	NA	NA	unphased	2.10970464135021	1.05485232067511	2
20	62839664	62839665	15	59	2	2	0	1	NA	NA	NA	unphased	2.0184741703729	1.00923708518645	2
21	10920081	10920082	32	7	NA	NA	NA	NA	NA	NA	NA	unphased	NA	NA	1
21	11039180	11039181	199	13	NA	NA	NA	NA	NA	NA	NA	unphased	NA	NA	1
21	22881367	22881368	55	42	4	2	2	1	NA	NA	NA	unphased	1.96215581365001	0.981077906825003	2
21	28307036	28307037	39	27	4	2	2	1	NA	NA	NA	unphased	1.85385500575374	0.92692750287687	2
21	30949365	30949366	118	30	4	2	2	1	NA	NA	NA	unphased	0.918576804652754	0.918576804652754	1
21	30953748	30953749	61	48	4	2	2	1	NA	NA	NA	unphased	1.99558703983277	0.997793519916386	2
21	31744389	31744390	77	58	4	2	2	1	NA	NA	NA	unphased	1.9469292076887	0.973464603844351	2
21	31798225	31798226	120	20	4	2	2	1	NA	NA	NA	unphased	0.647377938517179	0.647377938517179	1
21	31802609	31802610	165	95	4	2	2	1	NA	NA	NA	unphased	1.65579357351509	0.827896786757546	2
21	31802719	31802720	113	69	4	2	2	1	NA	NA	NA	unphased	1.71804145221867	0.859020726109334	2
21	31812964	31812965	130	70	4	2	2	1	NA	NA	NA	unphased	1.58607594936709	0.793037974683544	2
21	32253393	32253394	110	65	4	2	2	1	NA	NA	NA	unphased	1.68318264014467	0.841591320072333	2
21	32502597	32502598	236	62	4	2	2	1	NA	NA	NA	unphased	0.942825588310254	0.942825588310254	1
21	32638822	32638823	122	70	4	2	2	1	NA	NA	NA	unphased	1.65216244725738	0.826081223628692	2
21	34621042	34621043	100	28	4	2	2	1	NA	NA	NA	unphased	0.99129746835443	0.99129746835443	1
21	37572752	37572753	58	41	4	2	2	1	NA	NA	NA	unphased	1.87674210459021	0.938371052295103	2
21	41151218	41151219	21	20	4	2	2	1	NA	NA	NA	unphased	2.2105588144489	1.10527940722445	2
21	41550863	41550864	53	15	4	2	2	1	NA	NA	NA	unphased	0.999627699180938	0.999627699180938	1
21	42861482	42861483	58	34	4	2	2	1	NA	NA	NA	unphased	1.67473858007705	0.837369290038525	2
21	45959745	45959746	160	93	2.3	2	2	0.15	1	1	0.85	unphased	1.04088157302246	1.04088157302246	1
21	46086639	46086640	58	37	2.3	2	2	0.15	1	1	0.85	unphased	1.10285143237841	1.10285143237841	1
22	16266926	16266927	100	21	4	2	2	1	NA	NA	NA	unphased	0.78648394183492	0.78648394183492	1
22	16287422	16287423	98	57	4	2	2	1	NA	NA	NA	unphased	1.66647611269906	0.83323805634953	2
22	16449629	16449630	203	45	4	2	2	1	NA	NA	NA	unphased	0.822274397713352	0.822274397713352	1
22	17073011	17073012	64	40	4	2	2	1	NA	NA	NA	unphased	1.7429406037001	0.871470301850049	2
22	17446137	17446138	28	18	4	2	2	1	NA	NA	NA	unphased	1.77325261419923	0.886626307099615	2
22	18210163	18210164	83	76	4	2	2	1	NA	NA	NA	unphased	2.16606958044742	1.08303479022371	2
22	18846044	18846045	96	11	NA	NA	NA	NA	NA	NA	NA	unphased	NA	NA	1
22	19213016	19213017	7	12	2.24	2	2	0.12	1	1	0.88	unphased	1.75051299133911	1.56295802798135	1.12
22	20825747	20825748	125	96	2.24	2	2	0.12	1	1	0.88	unphased	1.20397273612464	1.07497565725414	1.12
22	21172767	21172768	36	7	2.24	2	2	0.12	1	1	0.88	unphased	0.451198115984693	0.451198115984693	1
22	21348944	21348945	34	31	2.24	2	2	0.12	1	1	0.88	unphased	1.32186173320351	1.18023369036027	1.12
22	22735419	22735420	85	25	2.18	2	2	0.09	1	1	0.91	unphased	0.616283084004603	0.616283084004603	1
22	22842023	22842024	16	11	2.18	2	2	0.09	1	1	0.91	unphased	1.10474449132677	1.10474449132677	1
22	24726368	24726369	175	28	2.18	2	2	0.09	1	1	0.91	unphased	0.374020078568311	0.374020078568311	1
22	26422705	26422706	24	21	2.18	2	2	0.09	1	1	0.91	unphased	1.26543459915612	1.26543459915612	1
22	28193445	28193446	112	8	2.18	2	2	0.09	1	1	0.91	unphased	0.180776371308017	0.180776371308017	1
22	29835025	29835026	102	65	2.18	2	2	0.09	1	1	0.91	unphased	1.05543091033124	1.05543091033124	1
22	30974975	30974976	40	29	2.18	2	2	0.09	1	1	0.91	unphased	1.13967712346358	1.13967712346358	1
22	32753990	32753991	63	14	2.18	2	2	0.09	1	1	0.91	unphased	0.493026467203682	0.493026467203682	1
22	32756680	32756681	95	21	2.18	2	2	0.09	1	1	0.91	unphased	0.490901353120908	0.490901353120908	1
22	37326759	37326760	61	23	1.26	2	1	0.13	1	0	0.87	unphased	0.490569620253165	0.490569620253165	1
22	37462163	37462164	71	16	1.26	2	1	0.13	1	0	0.87	unphased	0.32949803579223	0.32949803579223	1
22	37524872	37524873	16	39	1.26	2	1	0.13	1	0	0.87	unphased	1.27043958573072	1.12428281923073	1.13
22	40070006	40070007	30	28	1.26	2	1	0.13	1	0	0.87	unphased	0.864932343954605	0.864932343954605	1
22	43284729	43284730	98	32	1.26	2	1	0.13	1	0	0.87	unphased	0.441020447906524	0.441020447906524	1
22	45681910	45681911	60	22	1.26	2	1	0.13	1	0	0.87	unphased	0.480685396727385	0.480685396727385	1
22	46709785	46709786	95	33	1.26	2	1	0.13	1	0	0.87	unphased	0.461908623417721	0.461908623417721	1
3	440066	440067	18	67	3	3	0	1	NA	NA	NA	unphased	2.78376768428891	0.927922561429635	3
3	3111821	3111822	10	80	3	3	0	1	NA	NA	NA	unphased	3.13924050632911	1.0464135021097	3
3	3139622	3139623	21	48	3	3	0	1	NA	NA	NA	unphased	2.4567969179967	0.818932305998899	3
3	7620395	7620396	25	116	3	3	0	1	NA	NA	NA	unphased	2.90546727713439	0.968489092378131	3
3	7721770	7721771	41	26	3	3	0	1	NA	NA	NA	unphased	1.37048932552428	0.685244662762139	2
3	11301853	11301854	11	49	3	3	0	1	NA	NA	NA	unphased	2.88417721518987	0.961392405063291	3
3	12458303	12458304	12	64	3	3	0	1	NA	NA	NA	unphased	2.97401732178548	0.991339107261825	3
3	14567023	14567024	14	83	3	3	0	1	NA	NA	NA	unphased	3.02192352864413	1.00730784288138	3
3	14965550	14965551	17	60	3	3	0	1	NA	NA	NA	unphased	2.75193161269111	0.917310537563702	3
3	16237421	16237422	9	40	3	3	0	1	NA	NA	NA	unphased	2.88297597520021	0.960991991733402	3
3	20164263	20164264	44	11	3	3	0	1	NA	NA	NA	unphased	0.706329113924051	0.706329113924051	1
3	32411495	32411496	27	11	3	3	0	1	NA	NA	NA	unphased	1.02231845436376	1.02231845436376	1
3	38627271	38627272	71	22	3	3	0	1	NA	NA	NA	unphased	0.835443037974684	0.835443037974684	1
3	40085545	40085546	4	15	3	3	0	1	NA	NA	NA	unphased	2.78814123917388	0.929380413057961	3
3	42701284	42701285	6	19	3	3	0	1	NA	NA	NA	unphased	2.68405063291139	0.894683544303798	3
3	46497382	46497383	5	25	2	2	0	1	NA	NA	NA	unphased	2.10970464135021	1.05485232067511	2
3	49680126	49680127	29	14	2	2	0	1	NA	NA	NA	unphased	0.824256697085664	0.824256697085664	1
3	51749446	51749447	34	24	2	2	0	1	NA	NA	NA	unphased	1.04757747708424	1.04757747708424	1
3	58124066	58124067	13	47	2	2	0	1	NA	NA	NA	unphased	1.9831223628692	0.991561181434599	2
3	65342326	65342327	21	59	2	2	0	1	NA	NA	NA	unphased	1.86708860759494	0.933544303797468	2
3	69072243	69072244	6	5	2	2	0	1	NA	NA	NA	unphased	1.15074798619102	1.15074798619102	1
3	96963161	96963162	30	24	4	3	1	1	NA	NA	NA	unphased	2.014064697609	1.0070323488045	2
3	97720471	97720472	21	28	3	2	1	1	NA	NA	NA	unphased	2.01808318264014	1.00904159132007	2
3	98251874	98251875	83	34	3	2	1	1	NA	NA	NA	unphased	1.02629016553067	1.02629016553067	1
3	98251875	98251876	82	34	3	2	1	1	NA	NA	NA	unphased	1.03513749454387	1.03513749454387	1
3	100058763	100058764	67	20	3	2	1	1	NA	NA	NA	unphased	0.811872544740288	0.811872544740288	1
3	101047362	101047363	91	32	3	2	1	1	NA	NA	NA	unphased	0.918802099413399	0.918802099413399	1
3	107492006	107492007	93	29	3	2	1	1	NA	NA	NA	unphased	0.839489520647437	0.839489520647437	1
3	108220589	108220590	63	23	3	2	1	1	NA	NA	NA	unphased	0.944509861642626	0.944509861642626	1
3	108541776	108541777	68	22	3	2	1	1	NA	NA	NA	unphased	0.863291139240506	0.863291139240506	1
3	111730691	111730692	56	21	3	2	1	1	NA	NA	NA	unphased	0.963176064441887	0.963176064441887	1
3	113784145	113784146	42	48	3	2	1	1	NA	NA	NA	unphased	1.88354430379747	0.941772151898734	2
3	119886839	119886840	23	123	2	2	0	1	NA	NA	NA	unphased	2.13282469221432	1.06641234610716	2
3	121207185	121207186	10	37	2	2	0	1	NA	NA	NA	unphased	1.99299757608403	0.996498788042015	2
3	123038555	123038556	9	22	2	2	0	1	NA	NA	NA	unphased	1.79665169456921	0.898325847284606	2
3	130399893	130399894	8	35	2	2	0	1	NA	NA	NA	unphased	2.06064174271416	1.03032087135708	2
3	133191383	133191384	5	11	2	2	0	1	NA	NA	NA	unphased	1.74050632911392	0.870253164556962	2
3	136665090	136665091	35	126	2	2	0	1	NA	NA	NA	unphased	1.98128783709411	0.990643918547056	2
3	137893656	137893657	14	3	2	2	0	1	NA	NA	NA	unphased	0.446760982874162	0.446760982874162	1
3	141011562	141011563	54	18	2	2	0	1	NA	NA	NA	unphased	0.632911392405063	0.632911392405063	1
3	142681275	142681276	12	64	2	2	0	1	NA	NA	NA	unphased	2.13191205862758	1.06595602931379	2
3	145924491	145924492	7	5	2	2	0	1	NA	NA	NA	unphased	1.05485232067511	1.05485232067511	1
3	147113924	147113925	19	66	2	2	0	1	NA	NA	NA	unphased	1.96574832464631	0.982874162323157	2
3	157817718	157817719	2	23	2	2	0	1	NA	NA	NA	unphased	2.32911392405063	1.16455696202532	2
3	161221479	161221480	4	21	2	2	0	1	NA	NA	NA	unphased	2.12658227848101	1.06329113924051	2
3	164773048	164773049	43	36	2	2	0	1	NA	NA	NA	unphased	1.15366127223201	1.15366127223201	1
3	165547327	165547328	118	12	5	3	2	1	NA	NA	NA	unphased	0.510613437195716	0.510613437195716	1
3	167322257	167322258	12	28	6	4	2	1	NA	NA	NA	unphased	4.57215189873418	1.14303797468354	4
3	169644786	169644787	174	70	1.56	3	2	0.14	1	0	0.86	unphased	0.600062253579581	0.600062253579581	1
3	172166153	172166154	14	25	4	2	2	1	NA	NA	NA	unphased	2.90490100616683	1.45245050308341	2
3	172835236	172835237	90	66	4	2	2	1	NA	NA	NA	unphased	1.91723466407011	0.958617332035054	2
3	173322695	173322696	158	121	4	2	2	1	NA	NA	NA	unphased	1.96533732589265	0.982668662946327	2
3	173996991	173996992	96	19	4	2	2	1	NA	NA	NA	unphased	0.748706659328564	0.748706659328564	1
3	174974223	174974224	10	24	2	2	0	1	NA	NA	NA	unphased	1.78704393149665	0.893521965748325	2
3	179080256	179080257	55	47	4	2	2	1	NA	NA	NA	unphased	2.08811119384463	1.04405559692231	2
3	179082088	179082089	42	33	4	2	2	1	NA	NA	NA	unphased	1.99392405063291	0.996962025316456	2
3	179093017	179093018	16	16	4	2	2	1	NA	NA	NA	unphased	2.26582278481013	1.13291139240506	2
3	180320095	180320096	30	28	4	2	2	1	NA	NA	NA	unphased	2.18769096464426	1.09384548232213	2
3	180321028	180321029	121	25	4	2	2	1	NA	NA	NA	unphased	0.775966707126756	0.775966707126756	1
3	183006992	183006993	26	8	4	2	2	1	NA	NA	NA	unphased	1.066269545793	1.066269545793	1
3	183888413	183888414	24	16	4	2	2	1	NA	NA	NA	unphased	1.8126582278481	0.906329113924051	2
3	184090350	184090351	198	42	4	2	2	1	NA	NA	NA	unphased	0.793037974683544	0.793037974683544	1
3	184104522	184104523	20	16	4	2	2	1	NA	NA	NA	unphased	2.014064697609	1.0070323488045	2
3	195965622	195965623	126	60	4.64	3	2	0.91	0	1	0.09	unphased	1.66827276439363	0.916633387029467	1.82
3	196134257	196134258	87	19	4.64	3	2	0.91	0	1	0.09	unphased	0.926993073799857	0.926993073799857	1
3	196388624	196388625	69	70	4.64	3	2	0.91	0	1	0.09	unphased	2.60442582642747	0.954002134222515	2.73
4	5018647	5018648	23	37	1	1	0	1	NA	NA	NA	unphased	0.944514767932489	0.944514767932489	1
4	16597322	16597323	28	15	2	1	1	1	NA	NA	NA	unphased	0.883132175448926	0.883132175448926	1
4	20569196	20569197	36	23	2	1	1	1	NA	NA	NA	unphased	0.986912679682472	0.986912679682472	1
4	23803355	23803356	30	19	2	1	1	1	NA	NA	NA	unphased	0.981658486179282	0.981658486179282	1
4	26487334	26487335	33	11	2	1	1	1	NA	NA	NA	unphased	0.632911392405063	0.632911392405063	1
4	46042911	46042912	26	11	3	2	1	1	NA	NA	NA	unphased	1.04994868286008	1.04994868286008	1
4	46252477	46252478	113	148	3	2	1	1	NA	NA	NA	unphased	2.00261894369271	1.00130947184636	2
4	46314712	46314713	17	4	3	2	1	1	NA	NA	NA	unphased	0.672694394213382	0.672694394213382	1
4	46976271	46976272	71	16	3	2	1	1	NA	NA	NA	unphased	0.64949803579223	0.64949803579223	1
4	48906500	48906501	81	24	3	2	1	1	NA	NA	NA	unphased	0.807233273056058	0.807233273056058	1
4	53525278	53525279	10	12	3	2	1	1	NA	NA	NA	unphased	1.92635212888377	0.963176064441887	2
4	54967886	54967887	135	55	3	2	1	1	NA	NA	NA	unphased	1.02231845436376	1.02231845436376	1
4	55961049	55961050	87	28	3	2	1	1	NA	NA	NA	unphased	0.859878921298844	0.859878921298844	1
4	62598686	62598687	22	45	3	2	1	1	NA	NA	NA	unphased	2.3720007557151	1.18600037785755	2
4	71024398	71024399	11	47	2	2	0	1	NA	NA	NA	unphased	2.05150589262331	1.02575294631165	2
4	74318260	74318261	6	45	2	2	0	1	NA	NA	NA	unphased	2.23380491437081	1.11690245718541	2
4	79832618	79832619	38	26	2	2	0	1	NA	NA	NA	unphased	1.02848101265823	1.02848101265823	1
4	81974562	81974563	29	97	2	2	0	1	NA	NA	NA	unphased	1.94896524010448	0.97448262005224	2
4	90857609	90857610	28	14	2	2	0	1	NA	NA	NA	unphased	0.843881856540084	0.843881856540084	1
4	95255745	95255746	9	25	2	2	0	1	NA	NA	NA	unphased	1.86150409530901	0.930752047654505	2
4	96166276	96166277	7	33	2	2	0	1	NA	NA	NA	unphased	2.08860759493671	1.04430379746835	2
4	99313111	99313112	14	5	2	2	0	1	NA	NA	NA	unphased	0.666222518321119	0.666222518321119	1
4	100257870	100257871	10	26	2	2	0	1	NA	NA	NA	unphased	1.82841068917018	0.914205344585091	2
4	100434273	100434274	36	33	2	2	0	1	NA	NA	NA	unphased	1.21078701155751	1.21078701155751	1
4	101961723	101961724	32	17	2	2	0	1	NA	NA	NA	unphased	0.878326013949884	0.878326013949884	1
4	103822387	103822388	371	40	2	2	0	1	NA	NA	NA	unphased	0.246388863223382	0.246388863223382	1
4	109663589	109663590	34	10	2	2	0	1	NA	NA	NA	unphased	0.575373993095512	0.575373993095512	1
4	111470762	111470763	24	70	2	2	0	1	NA	NA	NA	unphased	1.88526797737678	0.942633988688392	2
4	111471017	111471018	17	29	2	2	0	1	NA	NA	NA	unphased	1.59603742432581	0.798018712162906	2
4	113462398	113462399	7	22	2	2	0	1	NA	NA	NA	unphased	1.92055870798778	0.960279353993889	2
4	114276806	114276807	23	17	2	2	0	1	NA	NA	NA	unphased	1.07594936708861	1.07594936708861	1
4	114682290	114682291	10	31	2	2	0	1	NA	NA	NA	unphased	1.91417104044458	0.957085520222291	2
4	123254836	123254837	14	13	2	2	0	1	NA	NA	NA	unphased	1.21894045944679	1.21894045944679	1
4	134071828	134071829	48	23	2	2	0	1	NA	NA	NA	unphased	0.820110536637547	0.820110536637547	1
4	139163142	139163143	38	31	2	2	0	1	NA	NA	NA	unphased	1.13740598055403	1.13740598055403	1
4	145568068	145568069	32	16	2	2	0	1	NA	NA	NA	unphased	0.843881856540084	0.843881856540084	1
4	147860968	147860969	6	23	2	2	0	1	NA	NA	NA	unphased	2.00785683107813	1.00392841553907	2
4	153691100	153691101	31	35	2	2	0	1	NA	NA	NA	unphased	1.34253931722286	0.671269658611431	2
4	169173665	169173666	23	92	2	2	0	1	NA	NA	NA	unphased	2.0253164556962	1.0126582278481	2
4	169632845	169632846	27	21	2	2	0	1	NA	NA	NA	unphased	1.10759493670886	1.10759493670886	1
4	170037447	170037448	23	70	2	2	0	1	NA	NA	NA	unphased	1.90553967605826	0.952769838029128	2
4	186551727	186551728	11	8	2	2	0	1	NA	NA	NA	unphased	1.06595602931379	1.06595602931379	1
4	187509953	187509954	18	41	2	2	0	1	NA	NA	NA	unphased	1.75927912465136	0.879639562325681	2
4	189060939	189060940	15	80	2	2	0	1	NA	NA	NA	unphased	2.13191205862758	1.06595602931379	2
4	190883066	190883067	79	158	2	2	0	1	NA	NA	NA	unphased	1.68776371308017	0.843881856540084	2
5	191673	191674	36	10	2.29	3	1	0.43	1	0	0.57	unphased	0.613401210787011	0.613401210787011	1
5	1318505	1318506	121	30	2.29	3	1	0.43	1	0	0.57	unphased	0.560591835023891	1.30370194191603	0.43
5	6372600	6372601	81	7	2.29	3	1	0.43	1	0	0.57	unphased	0.224449079401611	0.52197460325956	0.43
5	11023090	11023091	26	38	2.29	3	1	0.43	1	0	0.57	unphased	1.67535205696203	0.900726912345175	1.86
5	11023091	11023092	24	39	2.29	3	1	0.43	1	0	0.57	unphased	1.74673297166968	0.939103748209506	1.86
5	13758969	13758970	210	50	2.29	3	1	0.43	1	0	0.57	unphased	0.542624148003895	1.26191662326487	0.43
5	13766108	13766109	119	97	2.29	3	1	0.43	1	0	0.57	unphased	1.26712787154243	0.886103406673027	1.43
5	15936703	15936704	60	12	2.29	3	1	0.43	1	0	0.57	unphased	0.470274261603375	1.09366107349622	0.43
5	15936733	15936734	26	29	2.29	3	1	0.43	1	0	0.57	unphased	1.48777675489068	1.04040332509838	1.43
5	15936874	15936875	25	6	2.29	3	1	0.43	1	0	0.57	unphased	0.546124948958759	1.27005802083432	0.43
5	16453172	16453173	36	86	4	3	1	1	NA	NA	NA	unphased	3.19443868022411	1.06481289340804	3
5	19503151	19503152	71	26	4	3	1	1	NA	NA	NA	unphased	1.21466788464048	1.21466788464048	1
5	19571917	19571918	42	8	4	3	1	1	NA	NA	NA	unphased	0.725063291139241	0.725063291139241	1
5	23521162	23521163	76	14	4	3	1	1	NA	NA	NA	unphased	0.70492264416315	0.70492264416315	1
5	23522514	23522515	122	36	4	3	1	1	NA	NA	NA	unphased	1.03252683864765	1.03252683864765	1
5	24498510	24498511	68	22	4	3	1	1	NA	NA	NA	unphased	1.10773558368495	1.10773558368495	1
5	24509756	24509757	26	42	4	3	1	1	NA	NA	NA	unphased	2.79895755770663	0.932985852568876	3
5	26915924	26915925	68	117	4	3	1	1	NA	NA	NA	unphased	2.86595963051659	0.955319876838864	3
5	31429588	31429589	57	32	4	3	1	1	NA	NA	NA	unphased	1.62935571042526	0.81467785521263	2
5	33549329	33549330	74	6	4	3	1	1	NA	NA	NA	unphased	0.339873417721519	0.339873417721519	1
5	33561136	33561137	99	186	4	3	1	1	NA	NA	NA	unphased	2.95749500333111	0.985831667777038	3
5	33624369	33624370	67	13	4	3	1	1	NA	NA	NA	unphased	0.736392405063291	0.736392405063291	1
5	35857136	35857137	100	98	4	3	1	1	NA	NA	NA	unphased	2.24293568597366	1.12146784298683	2
5	36035967	36035968	30	28	4	3	1	1	NA	NA	NA	unphased	2.18769096464426	1.09384548232213	2
5	37815752	37815753	59	34	4	3	1	1	NA	NA	NA	unphased	1.65673063835579	0.828365319177896	2
5	38445786	38445787	99	165	4	3	1	1	NA	NA	NA	unphased	2.83227848101266	0.944092827004219	3
5	38499617	38499618	29	36	4	3	1	1	NA	NA	NA	unphased	2.50983446932814	0.836611489776047	3
5	41009440	41009441	153	48	4	3	1	1	NA	NA	NA	unphased	1.08218401662573	1.08218401662573	1
5	42719286	42719287	27	18	4	3	1	1	NA	NA	NA	unphased	1.8126582278481	0.906329113924051	2
5	52160862	52160863	118	21	4	3	1	1	NA	NA	NA	unphased	0.684637100446225	0.684637100446225	1
5	54410070	54410071	49	11	4	3	1	1	NA	NA	NA	unphased	0.830801687763713	0.830801687763713	1
5	55209303	55209304	42	10	4	3	1	1	NA	NA	NA	unphased	0.871470301850049	0.871470301850049	1
5	64070588	64070589	36	23	2	1	1	1	NA	NA	NA	unphased	0.986912679682472	0.986912679682472	1
5	64824278	64824279	12	9	2	1	1	1	NA	NA	NA	unphased	1.08499095840868	1.08499095840868	1
5	64872725	64872726	67	25	2	1	1	1	NA	NA	NA	unphased	0.687947165657677	0.687947165657677	1
5	68669881	68669882	43	14	2	1	1	1	NA	NA	NA	unphased	0.621807683766378	0.621807683766378	1
5	72330521	72330522	29	25	2	1	1	1	NA	NA	NA	unphased	1.17205813408345	1.17205813408345	1
5	76249515	76249516	6	8	2	1	1	1	NA	NA	NA	unphased	1.44665461121157	1.44665461121157	1
5	79616080	79616081	139	67	2	1	1	1	NA	NA	NA	unphased	0.823399287206587	0.823399287206587	1
5	80338744	80338745	15	4	2	1	1	1	NA	NA	NA	unphased	0.532978014656895	0.532978014656895	1
5	80338745	80338746	14	4	2	1	1	1	NA	NA	NA	unphased	0.562587904360056	0.562587904360056	1
5	82786236	82786237	61	30	2	1	1	1	NA	NA	NA	unphased	0.834608429545138	0.834608429545138	1
5	82940297	82940298	41	37	2	1	1	1	NA	NA	NA	unphased	1.2009087958455	1.2009087958455	1
5	83362367	83362368	22	11	2	1	1	1	NA	NA	NA	unphased	0.843881856540084	0.843881856540084	1
5	85592176	85592177	10	4	2	1	1	1	NA	NA	NA	unphased	0.723327305605787	0.723327305605787	1
5	88047817	88047818	43	28	2	1	1	1	NA	NA	NA	unphased	0.998395435906579	0.998395435906579	1
5	94858950	94858951	130	71	2	1	1	1	NA	NA	NA	unphased	0.894262862900686	0.894262862900686	1
5	94858951	94858952	135	74	2	1	1	1	NA	NA	NA	unphased	0.896372115559324	0.896372115559324	1
5	95746614	95746615	161	93	2	1	1	1	NA	NA	NA	unphased	0.926941094388518	0.926941094388518	1
5	95761522	95761523	21	16	2	1	1	1	NA	NA	NA	unphased	1.09476565172768	1.09476565172768	1
5	99921933	99921934	24	18	2	1	1	1	NA	NA	NA	unphased	1.08499095840868	1.08499095840868	1
5	100147607	100147608	11	6	2	1	1	1	NA	NA	NA	unphased	0.893521965748325	0.893521965748325	1
5	102888106	102888107	24	10	2	1	1	1	NA	NA	NA	unphased	0.744601638123604	0.744601638123604	1
5	102895035	102895036	30	18	2	1	1	1	NA	NA	NA	unphased	0.949367088607595	0.949367088607595	1
5	112179436	112179437	46	24	2	1	1	1	NA	NA	NA	unphased	0.867992766726944	0.867992766726944	1
5	127637189	127637190	56	33	2	1	1	1	NA	NA	NA	unphased	0.938700042668184	0.938700042668184	1
5	127641323	127641324	29	27	2	1	1	1	NA	NA	NA	unphased	1.22061482820976	1.22061482820976	1
5	128994367	128994368	77	46	2	1	1	1	NA	NA	NA	unphased	0.946794278069363	0.946794278069363	1
5	134724808	134724809	27	11	2	1	1	1	NA	NA	NA	unphased	0.732844770153231	0.732844770153231	1
5	134914176	134914177	62	30	2	1	1	1	NA	NA	NA	unphased	0.825536598789213	0.825536598789213	1
5	135207325	135207326	49	26	2	1	1	1	NA	NA	NA	unphased	0.877637130801688	0.877637130801688	1
5	135398954	135398955	6	5	2	1	1	1	NA	NA	NA	unphased	1.15074798619102	1.15074798619102	1
5	135692334	135692335	13	7	2	1	1	1	NA	NA	NA	unphased	0.886075949367089	0.886075949367089	1
5	138209400	138209401	122	76	2	1	1	1	NA	NA	NA	unphased	0.971742743894643	0.971742743894643	1
5	139574061	139574062	58	36	2	1	1	1	NA	NA	NA	unphased	0.969566388365203	0.969566388365203	1
5	139943800	139943801	29	19	2	1	1	1	NA	NA	NA	unphased	1.00210970464135	1.00210970464135	1
5	139943887	139943888	13	4	2	1	1	1	NA	NA	NA	unphased	0.595681310498883	0.595681310498883	1
5	140176052	140176053	68	32	2	1	1	1	NA	NA	NA	unphased	0.810126582278481	0.810126582278481	1
5	140176607	140176608	121	61	2	1	1	1	NA	NA	NA	unphased	0.848518570037557	0.848518570037557	1
5	140209124	140209125	76	53	2	1	1	1	NA	NA	NA	unphased	1.04013345108429	1.04013345108429	1
5	140209789	140209790	84	50	2	1	1	1	NA	NA	NA	unphased	0.944643869261289	0.944643869261289	1
5	140229952	140229953	76	32	2	1	1	1	NA	NA	NA	unphased	0.750117205813408	0.750117205813408	1
5	140230277	140230278	63	39	2	1	1	1	NA	NA	NA	unphased	0.967982129560685	0.967982129560685	1
5	140432849	140432850	32	20	2	1	1	1	NA	NA	NA	unphased	0.973709834469328	0.973709834469328	1
5	140515125	140515126	49	28	2	1	1	1	NA	NA	NA	unphased	0.920598388952819	0.920598388952819	1
5	140562341	140562342	45	29	2	1	1	1	NA	NA	NA	unphased	0.992131371878207	0.992131371878207	1
5	140605041	140605042	35	29	2	1	1	1	NA	NA	NA	unphased	1.14715189873418	1.14715189873418	1
5	140725526	140725527	95	60	2	1	1	1	NA	NA	NA	unphased	0.979991833401388	0.979991833401388	1
5	140731824	140731825	89	63	2	1	1	1	NA	NA	NA	unphased	1.04930046635576	1.04930046635576	1
5	140801188	140801189	18	4	2	1	1	1	NA	NA	NA	unphased	0.46029919447641	0.46029919447641	1
5	149681797	149681798	29	10	2	1	1	1	NA	NA	NA	unphased	0.649139889646219	0.649139889646219	1
5	150885485	150885486	156	91	2	1	1	1	NA	NA	NA	unphased	0.932711525649567	0.932711525649567	1
5	150922790	150922791	96	47	2	1	1	1	NA	NA	NA	unphased	0.832079313091971	0.832079313091971	1
5	150925165	150925166	51	24	2	1	1	1	NA	NA	NA	unphased	0.810126582278481	0.810126582278481	1
5	150932751	150932752	50	16	2	1	1	1	NA	NA	NA	unphased	0.61373225930188	0.61373225930188	1
5	151784149	151784150	51	39	2	1	1	1	NA	NA	NA	unphased	1.09704641350211	1.09704641350211	1
5	153035389	153035390	57	11	2	1	1	1	NA	NA	NA	unphased	0.409530900967982	0.409530900967982	1
5	159992575	159992576	60	29	2	1	1	1	NA	NA	NA	unphased	0.824918219314465	0.824918219314465	1
5	161128706	161128707	43	15	2	1	1	1	NA	NA	NA	unphased	0.654735923177652	0.654735923177652	1
5	161324340	161324341	76	42	2	1	1	1	NA	NA	NA	unphased	0.901094185797039	0.901094185797039	1
5	161580272	161580273	63	55	2	1	1	1	NA	NA	NA	unphased	1.18000429092469	1.18000429092469	1
5	169125405	169125406	30	7	2	1	1	1	NA	NA	NA	unphased	0.478959972630859	0.478959972630859	1
5	169482388	169482389	29	19	2	1	1	1	NA	NA	NA	unphased	1.00210970464135	1.00210970464135	1
5	169504839	169504840	32	13	2	1	1	1	NA	NA	NA	unphased	0.731364275668073	0.731364275668073	1
5	169805724	169805725	60	39	2	1	1	1	NA	NA	NA	unphased	0.997314921365554	0.997314921365554	1
5	172573919	172573920	42	16	2	1	1	1	NA	NA	NA	unphased	0.698384984722828	0.698384984722828	1
5	172755214	172755215	43	31	2	1	1	1	NA	NA	NA	unphased	1.06055422511119	1.06055422511119	1
5	172755215	172755216	45	30	2	1	1	1	NA	NA	NA	unphased	1.0126582278481	1.0126582278481	1
5	174870010	174870011	59	33	2	1	1	1	NA	NA	NA	unphased	0.908090258668134	0.908090258668134	1
5	175110812	175110813	32	19	2	1	1	1	NA	NA	NA	unphased	0.943162074956565	0.943162074956565	1
5	177020708	177020709	89	47	2	1	1	1	NA	NA	NA	unphased	0.874906924795234	0.874906924795234	1
5	177156523	177156524	143	66	2	1	1	1	NA	NA	NA	unphased	0.799467021985343	0.799467021985343	1
5	180030139	180030140	3	7	2	1	1	1	NA	NA	NA	unphased	1.77215189873418	1.77215189873418	1
6	3287224	3287225	52	41	2.24	2	2	0.12	1	1	0.88	unphased	1.2219082618756	1.2219082618756	1
6	3738374	3738375	122	88	2.24	2	2	0.12	1	1	0.88	unphased	1.16145147679325	1.03701024713683	1.12
6	7229898	7229899	132	44	2.24	2	2	0.12	1	1	0.88	unphased	0.692911392405063	0.692911392405063	1
6	7301602	7301603	69	21	2.24	2	2	0.12	1	1	0.88	unphased	0.646717299578059	0.646717299578059	1
6	8041434	8041435	64	18	2.24	2	2	0.12	1	1	0.88	unphased	0.608410003087373	0.608410003087373	1
6	9933537	9933538	52	10	2.24	2	2	0.12	1	1	0.88	unphased	0.447039608003267	0.447039608003267	1
6	16327488	16327489	130	67	2.22	2	2	0.11	1	1	0.89	unphased	0.935838848551051	0.935838848551051	1
6	16327968	16327969	17	26	2.22	2	2	0.11	1	1	0.89	unphased	1.66378569325876	1.49890602996284	1.11
6	24178703	24178704	77	23	2.22	2	2	0.11	1	1	0.89	unphased	0.632878481012658	0.632878481012658	1
6	25538109	25538110	22	6	2.22	2	2	0.11	1	1	0.89	unphased	0.589638336347197	0.589638336347197	1
6	25776863	25776864	208	63	2.22	2	2	0.11	1	1	0.89	unphased	0.639681442384044	0.639681442384044	1
6	26032162	26032163	198	79	2.22	2	2	0.11	1	1	0.89	unphased	0.784765342960289	0.784765342960289	1
6	26158711	26158712	151	33	2.22	2	2	0.11	1	1	0.89	unphased	0.493501651073198	0.493501651073198	1
6	26205174	26205175	49	38	2.22	2	2	0.11	1	1	0.89	unphased	1.20186817983413	1.20186817983413	1
6	26388483	26388484	240	48	2.2	2	2	0.1	1	1	0.9	unphased	0.455274261603376	0.455274261603376	1
6	27841179	27841180	101	6	2.2	2	2	0.1	1	1	0.9	unphased	0.15317638708151	1.5317638708151	0.1
6	28227598	28227599	130	109	2.2	2	2	0.1	1	1	0.9	unphased	1.24581325141677	1.13255750128797	1.1
6	28539630	28539631	9	10	2.2	2	2	0.1	1	1	0.9	unphased	1.43770819453698	1.43770819453698	1
6	28872208	28872209	78	28	2.2	2	2	0.1	1	1	0.9	unphased	0.721566754239312	0.721566754239312	1
6	29323028	29323029	64	14	2.2	2	2	0.1	1	1	0.9	unphased	0.490295358649789	0.490295358649789	1
6	30515039	30515040	176	145	2.24	2	2	0.12	1	1	0.88	unphased	1.25198943175993	1.11784770692851	1.12
6	30671007	30671008	35	36	2.24	2	2	0.12	1	1	0.88	unphased	1.4053414155821	1.25476912105545	1.12
6	31106772	31106773	40	39	2.24	2	2	0.12	1	1	0.88	unphased	1.36828072424291	1.22167921807403	1.12
6	31584644	31584645	42	28	2.24	2	2	0.12	1	1	0.88	unphased	1.1086582278481	1.1086582278481	1
6	31842567	31842568	74	27	2.24	2	2	0.12	1	1	0.88	unphased	0.740934954254919	0.740934954254919	1
6	31843869	31843870	27	19	2.24	2	2	0.12	1	1	0.88	unphased	1.14481012658228	1.14481012658228	1
6	32188232	32188233	135	88	2.24	2	2	0.12	1	1	0.88	unphased	1.09374354316853	1.09374354316853	1
6	33995948	33995949	53	13	2.34	2	2	0.17	1	1	0.83	unphased	0.565627157652474	0.565627157652474	1
6	35260489	35260490	34	22	2.34	2	2	0.17	1	1	0.83	unphased	1.12814647377939	1.12814647377939	1
6	41162353	41162354	32	88	5.92	7	2	0.56	1	1	0.44	unphased	4.73120675105485	1.01094161347326	4.68
6	42893098	42893099	5	14	5.92	7	2	0.56	1	1	0.44	unphased	4.75384410393071	0.990384188318898	4.8
6	43109958	43109959	89	231	9	7	2	1	0	1	0	unphased	6.88065664556962	0.982950949367089	7
6	47471031	47471032	99	24	3.84	4	2	0.46	1	1	0.54	unphased	0.85300401358444	0.85300401358444	1
6	47847413	47847414	73	9	3.84	4	2	0.46	1	1	0.54	unphased	0.479814757641247	1.04307556008967	0.46
6	49676865	49676866	60	65	3.84	4	2	0.46	1	1	0.54	unphased	2.27325569620253	0.955149452185938	2.38
6	49676866	49676867	60	65	3.84	4	2	0.46	1	1	0.54	unphased	2.27325569620253	0.955149452185938	2.38
6	50786472	50786473	4	5	3.84	4	2	0.46	1	1	0.54	unphased	2.42869198312236	0.987273163870879	2.46
6	50791389	50791390	51	16	3.84	4	2	0.46	1	1	0.54	unphased	1.04397506140185	1.04397506140185	1
6	51918028	51918029	49	60	1.15	4	2	0.03	0	1	0.97	unphased	0.925676460341424	0.925676460341424	1
6	52268054	52268055	74	10	1.15	4	2	0.03	0	1	0.97	unphased	0.200195901145268	0.200195901145268	1
6	53156634	53156635	199	63	1.15	4	2	0.03	0	1	0.97	unphased	0.404365156053725	0.404365156053725	1
6	53518929	53518930	101	112	1.15	4	2	0.03	0	1	0.97	unphased	0.884245557734593	0.884245557734593	1
6	54066940	54066941	115	15	2.3	4	2	0.26	1	0	0.74	unphased	0.326728334956183	1.25664744213917	0.26
6	55039414	55039415	231	57	2.3	4	2	0.26	1	0	0.74	unphased	0.560429852320675	0.560429852320675	1
6	56394360	56394361	218	49	2.3	4	2	0.26	1	0	0.74	unphased	0.519665291802968	0.519665291802968	1
6	56470718	56470719	34	42	2.3	4	2	0.26	1	0	0.74	unphased	1.56485676215856	1.0295110277359	1.52
6	56471669	56471670	47	72	2.3	4	2	0.26	1	0	0.74	unphased	1.71326454632486	0.962508172092617	1.78
6	56480817	56480818	95	128	2.3	4	2	0.26	1	0	0.74	unphased	1.62533916103763	1.06930207963002	1.52
6	64394398	64394399	106	25	4	2	2	1	NA	NA	NA	unphased	0.864817856797758	0.864817856797758	1
6	70506701	70506702	15	15	3	2	1	1	NA	NA	NA	unphased	1.76582278481013	0.882911392405063	2
6	72006409	72006410	40	11	3	2	1	1	NA	NA	NA	unphased	0.761727475800447	0.761727475800447	1
6	74512978	74512979	47	17	2	2	0	1	NA	NA	NA	unphased	0.67246835443038	0.67246835443038	1
6	84644421	84644422	40	4	2	2	0	1	NA	NA	NA	unphased	0.230149597238205	0.230149597238205	1
6	102516387	102516388	7	19	2	2	0	1	NA	NA	NA	unphased	1.85004868549172	0.925024342745862	2
6	107956605	107956606	18	62	2	2	0	1	NA	NA	NA	unphased	1.9620253164557	0.981012658227848	2
6	112461006	112461007	11	45	2	2	0	1	NA	NA	NA	unphased	2.03435804701627	1.01717902350814	2
6	123319298	123319299	26	29	3	3	0	1	NA	NA	NA	unphased	1.86214039125432	0.931070195627158	2
6	125541339	125541340	11	42	3	3	0	1	NA	NA	NA	unphased	2.79866252686888	0.932887508956293	3
6	126070977	126070978	4	8	3	3	0	1	NA	NA	NA	unphased	2.35443037974684	1.17721518987342	2
6	129635885	129635886	4	51	3	3	0	1	NA	NA	NA	unphased	3.27479861910242	1.09159953970081	3
6	131277233	131277234	267	19	3	3	0	1	NA	NA	NA	unphased	0.234619810569178	0.234619810569178	1
6	132891610	132891611	129	40	3	3	0	1	NA	NA	NA	unphased	0.835892442513669	0.835892442513669	1
6	142711441	142711442	121	29	3	3	0	1	NA	NA	NA	unphased	0.682784810126582	0.682784810126582	1
6	146755299	146755300	146	9	3	3	0	1	NA	NA	NA	unphased	0.205063291139241	0.205063291139241	1
6	150719260	150719261	63	23	3	3	0	1	NA	NA	NA	unphased	0.944509861642626	0.944509861642626	1
6	151914346	151914347	8	37	3	3	0	1	NA	NA	NA	unphased	2.90379746835443	0.967932489451477	3
6	154521138	154521139	33	27	3	3	0	1	NA	NA	NA	unphased	1.58924050632911	0.794620253164557	2
6	165746584	165746585	92	31	3	3	0	1	NA	NA	NA	unphased	0.89008953380673	0.89008953380673	1
6	167728757	167728758	398	15	3	3	0	1	NA	NA	NA	unphased	0.128267998896619	0.128267998896619	1
6	167728905	167728906	286	10	3	3	0	1	NA	NA	NA	unphased	0.119312350325009	0.119312350325009	1
6	168271163	168271164	27	156	3	3	0	1	NA	NA	NA	unphased	3.01058310852874	1.00352770284291	3
7	1132476	1132477	35	9	4	2	2	1	NA	NA	NA	unphased	0.92692750287687	0.92692750287687	1
7	2952981	2952982	103	72	4	2	2	1	NA	NA	NA	unphased	1.86444846292948	0.932224231464738	2
7	5024569	5024570	28	32	4	2	2	1	NA	NA	NA	unphased	2.4168776371308	1.2084388185654	2
7	7283290	7283291	57	35	2.3	2	2	0.15	1	1	0.85	unphased	1.07725646670336	1.07725646670336	1
7	11441483	11441484	62	19	2.3	2	2	0.15	1	1	0.85	unphased	0.664213158305985	0.664213158305985	1
7	11676214	11676215	66	20	2.3	2	2	0.15	1	1	0.85	unphased	0.658522225493082	0.658522225493082	1
7	18630085	18630086	10	10	2.3	2	2	0.15	1	1	0.85	unphased	1.41582278481013	1.41582278481013	1
7	19748384	19748385	80	57	4	2	2	1	NA	NA	NA	unphased	1.88542917860113	0.942714589300564	2
7	21788237	21788238	62	16	4	2	2	1	NA	NA	NA	unphased	0.929568321973385	0.929568321973385	1
7	23728898	23728899	60	13	4	2	2	1	NA	NA	NA	unphased	0.807005375411826	0.807005375411826	1
7	24756919	24756920	90	8	4	2	2	1	NA	NA	NA	unphased	0.369930250581245	0.369930250581245	1
7	24854763	24854764	136	31	4	2	2	1	NA	NA	NA	unphased	0.841203668612143	0.841203668612143	1
7	27194631	27194632	134	141	4	2	2	1	NA	NA	NA	unphased	2.32349827387802	1.16174913693901	2
7	27285722	27285723	27	3	4	2	2	1	NA	NA	NA	unphased	0.453164556962025	0.453164556962025	1
7	28996172	28996173	24	14	4	2	2	1	NA	NA	NA	unphased	1.66955363091272	0.834776815456362	2
7	31683201	31683202	79	76	4	2	2	1	NA	NA	NA	unphased	2.22196815026541	1.11098407513271	2
7	34182893	34182894	145	27	4	2	2	1	NA	NA	NA	unphased	0.711362967324109	0.711362967324109	1
7	35288372	35288373	125	23	4	2	2	1	NA	NA	NA	unphased	0.704242216900445	0.704242216900445	1
7	43484555	43484556	34	26	4	2	2	1	NA	NA	NA	unphased	1.96371308016878	0.981856540084388	2
7	43484557	43484558	36	26	4	2	2	1	NA	NA	NA	unphased	1.90036749693753	0.950183748468763	2
7	43484812	43484813	64	36	4	2	2	1	NA	NA	NA	unphased	1.63139240506329	0.815696202531646	2
7	45223135	45223136	16	9	4	2	2	1	NA	NA	NA	unphased	1.63139240506329	1.63139240506329	1
7	45725756	45725757	77	52	4	2	2	1	NA	NA	NA	unphased	1.82670984201747	0.913354921008733	2
7	47876609	47876610	38	24	4	2	2	1	NA	NA	NA	unphased	1.75418538178849	0.877092690894243	2
7	50771566	50771567	33	21	4	2	2	1	NA	NA	NA	unphased	1.76230661040788	0.881153305203938	2
7	62752000	62752001	8	21	NA	NA	NA	NA	NA	NA	NA	unphased	NA	NA	1
7	77326000	77326001	35	3	2	2	0	1	NA	NA	NA	unphased	0.199866755496336	0.199866755496336	1
7	82072744	82072745	1	25	2	2	0	1	NA	NA	NA	unphased	2.43427458617332	1.21713729308666	2
7	88965352	88965353	26	18	2	2	0	1	NA	NA	NA	unphased	1.03567318757192	1.03567318757192	1
7	92730501	92730502	6	7	2	2	0	1	NA	NA	NA	unphased	1.36319376825706	1.36319376825706	1
7	100244437	100244438	32	28	2	2	0	1	NA	NA	NA	unphased	1.18143459915612	1.18143459915612	1
7	100252639	100252640	12	15	2	2	0	1	NA	NA	NA	unphased	1.40646976090014	1.40646976090014	1
7	100304651	100304652	133	85	2	2	0	1	NA	NA	NA	unphased	0.987109511090466	0.987109511090466	1
7	100552604	100552605	151	71	2	2	0	1	NA	NA	NA	unphased	0.809670429923595	0.809670429923595	1
7	100684202	100684203	63	261	2	2	0	1	NA	NA	NA	unphased	2.0393811533052	1.0196905766526	2
7	100695216	100695217	34	120	2	2	0	1	NA	NA	NA	unphased	1.97271083347033	0.986355416735164	2
7	100807438	100807439	18	7	2	2	0	1	NA	NA	NA	unphased	0.708860759493671	0.708860759493671	1
7	101183209	101183210	7	21	2	2	0	1	NA	NA	NA	unphased	1.89873417721519	0.949367088607595	2
7	101944452	101944453	7	7	2	2	0	1	NA	NA	NA	unphased	1.26582278481013	1.26582278481013	1
7	107752303	107752304	51	27	2	2	0	1	NA	NA	NA	unphased	0.876338851022395	0.876338851022395	1
7	112462367	112462368	8	14	1	1	0	1	NA	NA	NA	unphased	0.974683544303797	0.974683544303797	1
7	113520086	113520087	28	54	1	1	0	1	NA	NA	NA	unphased	1.00864464340846	1.00864464340846	1
7	117407143	117407144	13	25	1	1	0	1	NA	NA	NA	unphased	1.00766155896069	1.00766155896069	1
7	121624033	121624034	10	17	1	1	0	1	NA	NA	NA	unphased	0.964369432723863	0.964369432723863	1
7	124464114	124464115	3	5	1	1	0	1	NA	NA	NA	unphased	0.957278481012658	0.957278481012658	1
7	127222486	127222487	102	55	3	2	1	1	NA	NA	NA	unphased	1.2372006772555	1.2372006772555	1
7	135263537	135263538	53	22	1.24	2	1	0.12	1	0	0.88	unphased	0.519682700421941	0.519682700421941	1
7	135384242	135384243	60	20	1.24	2	1	0.12	1	0	0.88	unphased	0.442911392405063	0.442911392405063	1
7	137330265	137330266	29	16	1.24	2	1	0.12	1	0	0.88	unphased	0.629918424753868	0.629918424753868	1
7	137363376	137363377	178	60	1.24	2	1	0.12	1	0	0.88	unphased	0.446633336879055	0.446633336879055	1
7	138453920	138453921	34	32	1.24	2	1	0.12	1	0	0.88	unphased	0.858979670118911	0.858979670118911	1
7	140481410	140481411	88	23	1.24	2	1	0.12	1	0	0.88	unphased	0.367097730642034	0.367097730642034	1
7	141734584	141734585	28	30	1.24	2	1	0.12	1	0	0.88	unphased	0.916368398079441	0.916368398079441	1
7	142001209	142001210	20	8	1.24	2	1	0.12	1	0	0.88	unphased	0.506184448462929	0.506184448462929	1
7	142111399	142111400	94	32	1.24	2	1	0.12	1	0	0.88	unphased	0.449941731967048	0.449941731967048	1
7	142326794	142326795	35	76	1.24	2	1	0.12	1	0	0.88	unphased	1.21301858820846	1.08305231090041	1.12
7	142378654	142378655	15	4	1.24	2	1	0.12	1	0	0.88	unphased	0.372978014656895	0.372978014656895	1
7	142560941	142560942	19	6	1.24	2	1	0.12	1	0	0.88	unphased	0.425194936708861	0.425194936708861	1
7	142568344	142568345	101	40	1.24	2	1	0.12	1	0	0.88	unphased	0.502594487835533	0.502594487835533	1
7	142575510	142575511	138	46	1.24	2	1	0.12	1	0	0.88	unphased	0.442911392405063	0.442911392405063	1
7	142622657	142622658	71	4	1.24	2	1	0.12	1	0	0.88	unphased	0.0944877637130802	0.787398030942335	0.12
7	142626153	142626154	36	11	1.24	2	1	0.12	1	0	0.88	unphased	0.414640452464315	0.414640452464315	1
7	142723378	142723379	69	26	1.24	2	1	0.12	1	0	0.88	unphased	0.484871419053964	0.484871419053964	1
7	142829224	142829225	398	144	1.24	2	1	0.12	1	0	0.88	unphased	0.470695501891728	0.470695501891728	1
7	143029564	143029565	61	17	1.24	2	1	0.12	1	0	0.88	unphased	0.38612788055826	0.38612788055826	1
7	143573331	143573332	90	28	1.24	2	1	0.12	1	0	0.88	unphased	0.420390474147179	0.420390474147179	1
7	143771506	143771507	51	39	1.24	2	1	0.12	1	0	0.88	unphased	0.767713080168776	0.767713080168776	1
7	143771868	143771869	79	91	1.24	2	1	0.12	1	0	0.88	unphased	0.948351451973194	0.948351451973194	1
7	143792785	143792786	156	51	1.24	2	1	0.12	1	0	0.88	unphased	0.436492386718033	0.436492386718033	1
7	143807467	143807468	130	121	1.24	2	1	0.12	1	0	0.88	unphased	0.854060214836855	0.854060214836855	1
7	144320279	144320280	53	76	1.26	2	1	0.13	1	0	0.87	unphased	1.0555431262879	1.0555431262879	1
7	148496379	148496380	39	12	1.26	2	1	0.13	1	0	0.87	unphased	0.42156366344006	0.42156366344006	1
7	148978868	148978869	7	4	1.26	2	1	0.13	1	0	0.87	unphased	0.65150747986191	0.65150747986191	1
7	150164345	150164346	79	39	1.26	2	1	0.13	1	0	0.87	unphased	0.592154044196524	0.592154044196524	1
7	150171336	150171337	38	40	1.26	2	1	0.13	1	0	0.87	unphased	0.918792599805258	0.918792599805258	1
7	150389577	150389578	38	21	1.26	2	1	0.13	1	0	0.87	unphased	0.637704355288565	0.637704355288565	1
7	150490204	150490205	36	45	1.26	2	1	0.13	1	0	0.87	unphased	0.99535864978903	0.99535864978903	1
7	152517525	152517526	12	4	1.26	2	1	0.13	1	0	0.87	unphased	0.447911392405063	0.447911392405063	1
7	155511120	155511121	80	20	2.18	2	1	0.18	1	1	0.82	unphased	0.542329113924051	0.542329113924051	1
7	157926582	157926583	143	36	2.18	2	1	0.18	1	1	0.82	unphased	0.545358885510218	0.545358885510218	1
7	158824739	158824740	54	13	2.18	2	1	0.18	1	1	0.82	unphased	0.526140185150198	0.526140185150198	1
8	3000068	3000069	15	25	1	1	0	1	NA	NA	NA	unphased	0.957278481012658	0.957278481012658	1
8	6782403	6782404	11	25	1	1	0	1	NA	NA	NA	unphased	1.06364275668073	1.06364275668073	1
8	9605635	9605636	7	21	1	1	0	1	NA	NA	NA	unphased	1.14873417721519	1.14873417721519	1
8	9627712	9627713	5	12	1	1	0	1	NA	NA	NA	unphased	1.08116157855547	1.08116157855547	1
8	10756121	10756122	5	11	1	1	0	1	NA	NA	NA	unphased	1.05300632911392	1.05300632911392	1
8	11400747	11400748	14	15	1	1	0	1	NA	NA	NA	unphased	0.792230467044959	0.792230467044959	1
8	16032713	16032714	10	19	1	1	0	1	NA	NA	NA	unphased	1.00349192492361	1.00349192492361	1
8	36698471	36698472	10	7	1	1	0	1	NA	NA	NA	unphased	0.630677587490692	0.630677587490692	1
8	42586824	42586825	79	18	5	4	1	1	NA	NA	NA	unphased	1.026490930445	1.026490930445	1
8	42611012	42611013	137	325	5	4	1	1	NA	NA	NA	unphased	3.8913091128281	0.972827278207025	4
8	42868488	42868489	65	19	4	3	1	1	NA	NA	NA	unphased	1.02501506931887	1.02501506931887	1
8	48845658	48845659	10	5	3	2	1	1	NA	NA	NA	unphased	1.17721518987342	1.17721518987342	1
8	52323921	52323922	10	12	3	2	1	1	NA	NA	NA	unphased	1.92635212888377	0.963176064441887	2
8	52336242	52336243	32	6	3	2	1	1	NA	NA	NA	unphased	0.557628247834777	0.557628247834777	1
8	52469463	52469464	22	12	3	2	1	1	NA	NA	NA	unphased	1.24646314221891	1.24646314221891	1
8	53044616	53044617	31	47	3	2	1	1	NA	NA	NA	unphased	2.12804284323272	1.06402142161636	2
8	53558270	53558271	34	16	3	2	1	1	NA	NA	NA	unphased	1.13012658227848	1.13012658227848	1
8	57905788	57905789	32	12	3	2	1	1	NA	NA	NA	unphased	0.963176064441887	0.963176064441887	1
8	59059643	59059644	100	21	3	2	1	1	NA	NA	NA	unphased	0.612930222826656	0.612930222826656	1
8	59500260	59500261	30	13	3	2	1	1	NA	NA	NA	unphased	1.06770680011775	1.06770680011775	1
8	61654193	61654194	8	8	3	2	1	1	NA	NA	NA	unphased	1.76582278481013	0.882911392405063	2
8	62465663	62465664	203	67	3	2	1	1	NA	NA	NA	unphased	0.876371308016878	0.876371308016878	1
8	70978623	70978624	56	44	3	2	1	1	NA	NA	NA	unphased	1.55392405063291	0.776962025316456	2
8	72756450	72756451	20	6	3	2	1	1	NA	NA	NA	unphased	0.814995131450828	0.814995131450828	1
8	72969234	72969235	12	6	3	2	1	1	NA	NA	NA	unphased	1.17721518987342	1.17721518987342	1
8	73849080	73849081	90	76	3	2	1	1	NA	NA	NA	unphased	1.61689797163337	0.808448985816684	2
8	77616692	77616693	60	59	3	2	1	1	NA	NA	NA	unphased	1.75098393787895	0.875491968939475	2
8	77618830	77618831	5	18	3	2	1	1	NA	NA	NA	unphased	2.76389653274629	1.38194826637314	2
8	77764509	77764510	9	4	3	2	1	1	NA	NA	NA	unphased	1.08666017526777	1.08666017526777	1
8	77765033	77765034	64	25	3	2	1	1	NA	NA	NA	unphased	0.99203527236524	0.99203527236524	1
8	77767278	77767279	22	21	3	2	1	1	NA	NA	NA	unphased	1.72475713865175	0.862378569325876	2
8	86193559	86193560	71	23	3	2	1	1	NA	NA	NA	unphased	0.864126043630487	0.864126043630487	1
8	88249241	88249242	76	21	3	2	1	1	NA	NA	NA	unphased	0.764583061464179	0.764583061464179	1
8	89086854	89086855	66	17	3	2	1	1	NA	NA	NA	unphased	0.723349092572823	0.723349092572823	1
8	91081255	91081256	16	13	3	2	1	1	NA	NA	NA	unphased	1.58315146224356	0.791575731121781	2
8	92346558	92346559	55	9	3	2	1	1	NA	NA	NA	unphased	0.496637658227848	0.496637658227848	1
8	94747908	94747909	101	26	3	2	1	1	NA	NA	NA	unphased	0.723014053623044	0.723014053623044	1
8	95183121	95183122	93	34	3	2	1	1	NA	NA	NA	unphased	0.945479916276288	0.945479916276288	1
8	98787895	98787896	18	5	3	2	1	1	NA	NA	NA	unphased	0.767749036873968	0.767749036873968	1
8	99440714	99440715	47	23	3	2	1	1	NA	NA	NA	unphased	1.16039783001808	1.16039783001808	1
8	101541807	101541808	78	30	3.4	3	1	0.8	1	0	0.2	unphased	1.09212376933896	1.09212376933896	1
8	103251113	103251114	32	16	3.4	3	1	0.8	1	0	0.2	unphased	1.31054852320675	1.31054852320675	1
8	103298772	103298773	47	27	3.4	3	1	0.8	1	0	0.2	unphased	1.43451932945604	0.796955183031132	1.8
8	104922686	104922687	97	17	3.4	3	1	0.8	1	0	0.2	unphased	0.586298023539862	0.732872529424828	0.8
8	105105726	105105727	164	28	3.4	3	1	0.8	1	0	0.2	unphased	0.573364978902954	0.716706223628692	0.8
8	105463486	105463487	61	14	3.4	3	1	0.8	1	0	0.2	unphased	0.733907172995781	0.733907172995781	1
8	105509391	105509392	103	72	3.4	3	1	0.8	1	0	0.2	unphased	1.61759132007233	0.898661844484629	1.8
8	105510239	105510240	83	30	3.4	3	1	0.8	1	0	0.2	unphased	1.04379970874874	1.04379970874874	1
8	106815240	106815241	10	32	3.4	3	1	0.8	1	0	0.2	unphased	2.99553948161543	1.06983552914837	2.8
8	107773441	107773442	116	5	3.4	3	1	0.8	1	0	0.2	unphased	0.162464692959515	0.162464692959515	1
8	109796729	109796730	66	24	3.4	3	1	0.8	1	0	0.2	unphased	1.0484388185654	1.0484388185654	1
8	110454418	110454419	16	26	3.4	3	1	0.8	1	0	0.2	unphased	2.43387582881254	0.936106088004822	2.6
8	113256650	113256651	92	23	3.52	3	1	0.84	1	0	0.16	unphased	0.810329113924051	0.810329113924051	1
8	113256754	113256755	71	41	3.52	3	1	0.84	1	0	0.16	unphased	1.48319168173599	0.806082435726079	1.84
8	113349025	113349026	43	57	3.52	3	1	0.84	1	0	0.16	unphased	2.30943797468354	0.861730587568487	2.68
8	113402953	113402954	24	41	3.52	3	1	0.84	1	0	0.16	unphased	2.55565335929893	0.953601999738406	2.68
8	113484823	113484824	74	19	3.52	3	1	0.84	1	0	0.16	unphased	0.827755546481557	0.827755546481557	1
8	113662512	113662513	66	122	3.52	3	1	0.84	1	0	0.16	unphased	2.62925935900889	0.981066925003316	2.68
8	118533168	118533169	38	16	3.31	3	1	0.77	1	0	0.23	unphased	1.13826535396156	1.13826535396156	1
8	125103760	125103761	127	23	3.31	3	1	0.77	1	0	0.23	unphased	0.589052320675105	0.765003013863773	0.77
8	125103761	125103762	128	23	3.31	3	1	0.77	1	0	0.23	unphased	0.585151311928913	0.759936768738848	0.77
8	126011932	126011933	27	10	3.31	3	1	0.77	1	0	0.23	unphased	1.03828258638385	1.03828258638385	1
8	128429081	128429082	16	12	3.31	3	1	0.77	1	0	0.23	unphased	1.64641952983725	0.93018052533178	1.77
8	132052594	132052595	25	3	3.31	3	1	0.77	1	0	0.23	unphased	0.411604882459313	0.411604882459313	1
8	135490867	135490868	8	3	3.04	3	1	0.68	1	0	0.32	unphased	0.974085155350978	0.974085155350978	1
8	139153527	139153528	146	34	3.86	3	2	0.62	1	1	0.38	unphased	0.829533052039381	0.829533052039381	1
8	139164698	139164699	97	48	3.86	3	2	0.62	1	1	0.38	unphased	1.45378611959843	0.897398839258289	1.62
8	140630667	140630668	117	51	3.86	3	2	0.62	1	1	0.38	unphased	1.33317811934901	0.822949456388275	1.62
8	141262907	141262908	62	43	3.86	3	2	0.62	1	1	0.38	unphased	1.79848342374925	1.11017495293163	1.62
8	143558556	143558557	53	4	3.86	3	2	0.62	1	1	0.38	unphased	0.308185654008439	0.497073635497482	0.62
8	143866674	143866675	55	11	3.86	3	2	0.62	1	1	0.38	unphased	0.731940928270042	0.731940928270042	1
8	143994219	143994220	22	25	3.86	3	2	0.62	1	1	0.38	unphased	2.33598168596822	1.0428489669501	2.24
8	144776063	144776064	28	8	3.86	3	2	0.62	1	1	0.38	unphased	0.97592123769339	0.97592123769339	1
9	117902	117903	202	35	4	4	0	1	NA	NA	NA	unphased	0.669230358382738	0.669230358382738	1
9	433928	433929	21	72	4	4	0	1	NA	NA	NA	unphased	3.50837076357697	0.877092690894243	4
9	4585490	4585491	8	60	3	3	0	1	NA	NA	NA	unphased	3.11615785554728	1.03871928518243	3
9	6984191	6984192	69	23	3	3	0	1	NA	NA	NA	unphased	0.882911392405063	0.882911392405063	1
9	8485264	8485265	52	20	3	3	0	1	NA	NA	NA	unphased	0.981012658227848	0.981012658227848	1
9	8525009	8525010	107	154	3	3	0	1	NA	NA	NA	unphased	2.08380619816674	1.04190309908337	2
9	14722418	14722419	20	81	3	3	0	1	NA	NA	NA	unphased	2.83230981325981	0.944103271086603	3
9	16437216	16437217	30	191	3	3	0	1	NA	NA	NA	unphased	3.05223666876683	1.01741222292228	3
9	16870731	16870732	1	17	3	3	0	1	NA	NA	NA	unphased	3.33544303797468	1.11181434599156	3
9	27950525	27950526	17	65	2	2	0	1	NA	NA	NA	unphased	2.00679221982093	1.00339610991047	2
9	34564626	34564627	3	15	2	2	0	1	NA	NA	NA	unphased	2.10970464135021	1.05485232067511	2
9	34709817	34709818	77	6	2	2	0	1	NA	NA	NA	unphased	0.183010523105079	0.183010523105079	1
9	37498215	37498216	27	15	2	2	0	1	NA	NA	NA	unphased	0.904159132007233	0.904159132007233	1
9	43629261	43629262	44	118	NA	NA	NA	NA	NA	NA	NA	unphased	NA	NA	1
9	79322333	79322334	28	6	2	2	0	1	NA	NA	NA	unphased	0.446760982874162	0.446760982874162	1
9	85624576	85624577	5	33	2	2	0	1	NA	NA	NA	unphased	2.19853431045969	1.09926715522985	2
9	87317134	87317135	14	27	2	2	0	1	NA	NA	NA	unphased	1.66718122877431	0.833590614387157	2
9	95838223	95838224	62	7	2	2	0	1	NA	NA	NA	unphased	0.2568336085122	0.2568336085122	1
9	96294674	96294675	14	9	2	2	0	1	NA	NA	NA	unphased	0.990643918547056	0.990643918547056	1
9	101911460	101911461	1	7	2	2	0	1	NA	NA	NA	unphased	2.21518987341772	1.10759493670886	2
9	104356725	104356726	20	48	2	2	0	1	NA	NA	NA	unphased	1.78704393149665	0.893521965748325	2
9	113166662	113166663	50	174	2	2	0	1	NA	NA	NA	unphased	1.96654611211573	0.983273056057866	2
9	117047028	117047029	30	70	2	2	0	1	NA	NA	NA	unphased	1.77215189873418	0.886075949367089	2
9	120476082	120476083	6	27	2	2	0	1	NA	NA	NA	unphased	2.07134637514384	1.03567318757192	2
9	120476812	120476813	75	39	2	2	0	1	NA	NA	NA	unphased	0.866089273817455	0.866089273817455	1
9	129641820	129641821	59	30	2	2	0	1	NA	NA	NA	unphased	0.853363675152894	0.853363675152894	1
9	130980951	130980952	1	16	2	2	0	1	NA	NA	NA	unphased	2.38272524199553	1.19136262099777	2
9	133960997	133960998	53	22	2	2	0	1	NA	NA	NA	unphased	0.742616033755274	0.742616033755274	1
9	133961004	133961005	52	21	2	2	0	1	NA	NA	NA	unphased	0.728281602219525	0.728281602219525	1
9	135962378	135962379	7	5	2	2	0	1	NA	NA	NA	unphased	1.05485232067511	1.05485232067511	1
9	138517987	138517988	10	60	2	2	0	1	NA	NA	NA	unphased	2.16998191681736	1.08499095840868	2
9	138837784	138837785	15	38	2	2	0	1	NA	NA	NA	unphased	1.81514210652018	0.907571053260091	2
9	139354263	139354264	20	4	2	2	0	1	NA	NA	NA	unphased	0.421940928270042	0.421940928270042	1
9	140669662	140669663	25	8	2	2	0	1	NA	NA	NA	unphased	0.61373225930188	0.61373225930188	1
X	1752059	1752060	50	81	NA	NA	NA	NA	NA	NA	NA	unphased	NA	NA	1
X	2945507	2945508	22	31	NA	NA	NA	NA	NA	NA	NA	unphased	NA	NA	1
X	3248709	3248710	13	27	NA	NA	NA	NA	NA	NA	NA	unphased	NA	NA	1
X	5811170	5811171	19	22	NA	NA	NA	NA	NA	NA	NA	unphased	NA	NA	1
X	17745929	17745930	25	50	NA	NA	NA	NA	NA	NA	NA	unphased	NA	NA	1
X	22056469	22056470	16	26	NA	NA	NA	NA	NA	NA	NA	unphased	NA	NA	1
X	22291575	22291576	19	36	NA	NA	NA	NA	NA	NA	NA	unphased	NA	NA	1
X	30237383	30237384	11	13	NA	NA	NA	NA	NA	NA	NA	unphased	NA	NA	1
X	31341763	31341764	10	4	NA	NA	NA	NA	NA	NA	NA	unphased	NA	NA	1
X	31676143	31676144	11	16	NA	NA	NA	NA	NA	NA	NA	unphased	NA	NA	1
X	33229449	33229450	4	7	NA	NA	NA	NA	NA	NA	NA	unphased	NA	NA	1
X	34148119	34148120	19	95	NA	NA	NA	NA	NA	NA	NA	unphased	NA	NA	1
X	34149291	34149292	18	59	NA	NA	NA	NA	NA	NA	NA	unphased	NA	NA	1
X	35944172	35944173	30	21	NA	NA	NA	NA	NA	NA	NA	unphased	NA	NA	1
X	35993818	35993819	18	49	NA	NA	NA	NA	NA	NA	NA	unphased	NA	NA	1
X	36007709	36007710	2	9	NA	NA	NA	NA	NA	NA	NA	unphased	NA	NA	1
X	37265460	37265461	25	24	NA	NA	NA	NA	NA	NA	NA	unphased	NA	NA	1
X	44911045	44911046	7	8	NA	NA	NA	NA	NA	NA	NA	unphased	NA	NA	1
X	46713480	46713481	34	4	NA	NA	NA	NA	NA	NA	NA	unphased	NA	NA	1
X	47775255	47775256	8	30	NA	NA	NA	NA	NA	NA	NA	unphased	NA	NA	1
X	54783459	54783460	10	16	NA	NA	NA	NA	NA	NA	NA	unphased	NA	NA	1
X	63412646	63412647	59	30	NA	NA	NA	NA	NA	NA	NA	unphased	NA	NA	1
X	65819380	65819381	1	10	NA	NA	NA	NA	NA	NA	NA	unphased	NA	NA	1
X	70148345	70148346	4	5	NA	NA	NA	NA	NA	NA	NA	unphased	NA	NA	1
X	73063051	73063052	13	17	NA	NA	NA	NA	NA	NA	NA	unphased	NA	NA	1
X	73064053	73064054	46	54	NA	NA	NA	NA	NA	NA	NA	unphased	NA	NA	1
X	76855943	76855944	153	49	NA	NA	NA	NA	NA	NA	NA	unphased	NA	NA	1
X	77225099	77225100	95	22	NA	NA	NA	NA	NA	NA	NA	unphased	NA	NA	1
X	77270247	77270248	65	55	NA	NA	NA	NA	NA	NA	NA	unphased	NA	NA	1
X	77275740	77275741	35	39	NA	NA	NA	NA	NA	NA	NA	unphased	NA	NA	1
X	77528433	77528434	56	29	NA	NA	NA	NA	NA	NA	NA	unphased	NA	NA	1
X	78011274	78011275	91	22	NA	NA	NA	NA	NA	NA	NA	unphased	NA	NA	1
X	78216072	78216073	32	14	NA	NA	NA	NA	NA	NA	NA	unphased	NA	NA	1
X	79283491	79283492	28	15	NA	NA	NA	NA	NA	NA	NA	unphased	NA	NA	1
X	80375303	80375304	27	15	NA	NA	NA	NA	NA	NA	NA	unphased	NA	NA	1
X	82763661	82763662	25	16	NA	NA	NA	NA	NA	NA	NA	unphased	NA	NA	1
X	83723631	83723632	29	9	NA	NA	NA	NA	NA	NA	NA	unphased	NA	NA	1
X	85211156	85211157	25	16	NA	NA	NA	NA	NA	NA	NA	unphased	NA	NA	1
X	85218722	85218723	22	14	NA	NA	NA	NA	NA	NA	NA	unphased	NA	NA	1
X	85218724	85218725	23	14	NA	NA	NA	NA	NA	NA	NA	unphased	NA	NA	1
X	85403694	85403695	7	7	NA	NA	NA	NA	NA	NA	NA	unphased	NA	NA	1
X	85906053	85906054	22	10	NA	NA	NA	NA	NA	NA	NA	unphased	NA	NA	1
X	86773108	86773109	24	15	NA	NA	NA	NA	NA	NA	NA	unphased	NA	NA	1
X	96139984	96139985	20	39	NA	NA	NA	NA	NA	NA	NA	unphased	NA	NA	1
X	100809209	100809210	35	8	NA	NA	NA	NA	NA	NA	NA	unphased	NA	NA	1
X	101971019	101971020	13	46	NA	NA	NA	NA	NA	NA	NA	unphased	NA	NA	1
X	107084477	107084478	29	4	NA	NA	NA	NA	NA	NA	NA	unphased	NA	NA	1
X	107842069	107842070	14	30	NA	NA	NA	NA	NA	NA	NA	unphased	NA	NA	1
X	117814494	117814495	18	52	NA	NA	NA	NA	NA	NA	NA	unphased	NA	NA	1
X	118986934	118986935	49	31	NA	NA	NA	NA	NA	NA	NA	unphased	NA	NA	1
X	119293263	119293264	26	15	NA	NA	NA	NA	NA	NA	NA	unphased	NA	NA	1
X	120008814	120008815	183	85	NA	NA	NA	NA	NA	NA	NA	unphased	NA	NA	1
X	122747328	122747329	36	30	NA	NA	NA	NA	NA	NA	NA	unphased	NA	NA	1
X	125299248	125299249	49	16	NA	NA	NA	NA	NA	NA	NA	unphased	NA	NA	1
X	125299275	125299276	53	19	NA	NA	NA	NA	NA	NA	NA	unphased	NA	NA	1
X	125299276	125299277	53	19	NA	NA	NA	NA	NA	NA	NA	unphased	NA	NA	1
X	129492702	129492703	13	18	NA	NA	NA	NA	NA	NA	NA	unphased	NA	NA	1
X	134427932	134427933	26	44	NA	NA	NA	NA	NA	NA	NA	unphased	NA	NA	1
X	135292202	135292203	24	53	NA	NA	NA	NA	NA	NA	NA	unphased	NA	NA	1
X	135431879	135431880	11	32	NA	NA	NA	NA	NA	NA	NA	unphased	NA	NA	1
X	135443671	135443672	14	23	NA	NA	NA	NA	NA	NA	NA	unphased	NA	NA	1
X	135485474	135485475	6	12	NA	NA	NA	NA	NA	NA	NA	unphased	NA	NA	1
X	135770131	135770132	40	9	NA	NA	NA	NA	NA	NA	NA	unphased	NA	NA	1
X	139047581	139047582	24	43	NA	NA	NA	NA	NA	NA	NA	unphased	NA	NA	1
X	139865924	139865925	42	75	NA	NA	NA	NA	NA	NA	NA	unphased	NA	NA	1
X	140996506	140996507	36	46	NA	NA	NA	NA	NA	NA	NA	unphased	NA	NA	1
X	148579783	148579784	10	16	NA	NA	NA	NA	NA	NA	NA	unphased	NA	NA	1
X	148628314	148628315	6	6	NA	NA	NA	NA	NA	NA	NA	unphased	NA	NA	1
X	148798448	148798449	14	23	NA	NA	NA	NA	NA	NA	NA	unphased	NA	NA	1
X	150869058	150869059	44	86	NA	NA	NA	NA	NA	NA	NA	unphased	NA	NA	1
X	151869936	151869937	43	76	NA	NA	NA	NA	NA	NA	NA	unphased	NA	NA	1
X	153136580	153136581	10	20	NA	NA	NA	NA	NA	NA	NA	unphased	NA	NA	1
X	153284705	153284706	10	17	NA	NA	NA	NA	NA	NA	NA	unphased	NA	NA	1
X	154213043	154213044	27	38	NA	NA	NA	NA	NA	NA	NA	unphased	NA	NA	1
