chr	start	end	WT.count	mut.count	subclonal.CN	nMaj1	nMin1	frac1	nMaj2	nMin2	frac2	phase	mutation.copy.number	subclonal.fraction	no.chrs.bearing.mut
1	1509983	1509984	11	5	3	2	1	1	NA	NA	NA	unphased	1.39008620689655	1.39008620689655	1
1	2290141	2290142	25	10	3	2	1	1	NA	NA	NA	unphased	1.27093596059113	1.27093596059113	1
1	3328392	3328393	114	47	3	2	1	1	NA	NA	NA	unphased	1.29856500321268	1.29856500321268	1
1	3677915	3677916	65	20	3	2	1	1	NA	NA	NA	unphased	1.04665314401623	1.04665314401623	1
1	4772032	4772033	217	52	3	2	1	1	NA	NA	NA	unphased	0.859889757723369	0.859889757723369	1
1	6528320	6528321	12	13	3	2	1	1	NA	NA	NA	unphased	2.31310344827586	1.15655172413793	2
1	7797499	7797500	49	45	3	2	1	1	NA	NA	NA	unphased	2.12949376375642	1.06474688187821	2
1	7993323	7993324	11	8	3	2	1	1	NA	NA	NA	unphased	1.87295825771325	0.936479128856624	2
1	11151195	11151196	33	6	3	2	1	1	NA	NA	NA	unphased	0.684350132625995	0.684350132625995	1
1	11576118	11576119	30	18	3	2	1	1	NA	NA	NA	unphased	1.66810344827586	0.834051724137931	2
1	11769487	11769488	18	18	3	2	1	1	NA	NA	NA	unphased	2.22413793103448	1.11206896551724	2
1	12806405	12806406	21	11	3	2	1	1	NA	NA	NA	unphased	1.52909482758621	1.52909482758621	1
1	12837585	12837586	149	32	3	2	1	1	NA	NA	NA	unphased	0.786435511526005	0.786435511526005	1
1	12943077	12943078	71	100	3	2	1	1	NA	NA	NA	unphased	2.60133091349062	1.30066545674531	2
1	13036297	13036298	18	11	3	2	1	1	NA	NA	NA	unphased	1.68727705112961	0.843638525564804	2
1	15430523	15430524	13	10	3	2	1	1	NA	NA	NA	unphased	1.93403298350825	0.967016491754123	2
1	16258536	16258537	88	34	3	2	1	1	NA	NA	NA	unphased	1.23968343697004	1.23968343697004	1
1	17046635	17046636	161	20	3	2	1	1	NA	NA	NA	unphased	0.491522194703753	0.491522194703753	1
1	17046636	17046637	162	20	3	2	1	1	NA	NA	NA	unphased	0.488821523304282	0.488821523304282	1
1	17668572	17668573	75	18	3	2	1	1	NA	NA	NA	unphased	0.860956618464961	0.860956618464961	1
1	19479825	19479826	63	39	3	2	1	1	NA	NA	NA	unphased	1.70081135902637	0.850405679513185	2
1	19630659	19630660	24	17	3	2	1	1	NA	NA	NA	unphased	1.8444070647603	0.922203532380152	2
1	19923506	19923507	28	24	3	2	1	1	NA	NA	NA	unphased	2.05305039787798	1.02652519893899	2
1	20082252	20082253	62	49	3	2	1	1	NA	NA	NA	unphased	1.96365330848089	0.981826654240447	2
1	20879737	20879738	22	4	3	2	1	1	NA	NA	NA	unphased	0.684350132625995	0.684350132625995	1
1	21071380	21071381	18	19	3	2	1	1	NA	NA	NA	unphased	2.28424976700839	1.14212488350419	2
1	22083112	22083113	69	5	3	2	1	1	NA	NA	NA	unphased	0.300559179869525	0.300559179869525	1
1	22211355	22211356	47	33	3	2	1	1	NA	NA	NA	unphased	1.83491379310345	0.917456896551724	2
1	22965636	22965637	74	18	3	2	1	1	NA	NA	NA	unphased	0.870314842578711	0.870314842578711	1
1	22965762	22965763	61	53	3	2	1	1	NA	NA	NA	unphased	2.06805807622505	1.03402903811252	2
1	23751195	23751196	27	9	3	2	1	1	NA	NA	NA	unphased	1.11206896551724	1.11206896551724	1
1	23842998	23842999	23	6	3	2	1	1	NA	NA	NA	unphased	0.920332936979786	0.920332936979786	1
1	27099863	27099864	66	32	3	2	1	1	NA	NA	NA	unphased	1.45249824067558	0.72624912033779	2
1	27709013	27709014	47	14	3	2	1	1	NA	NA	NA	unphased	1.02091577162239	1.02091577162239	1
1	32257999	32258000	28	10	3	2	1	1	NA	NA	NA	unphased	1.17059891107078	1.17059891107078	1
1	33957076	33957077	87	25	3	2	1	1	NA	NA	NA	unphased	0.992918719211823	0.992918719211823	1
1	33960192	33960193	64	5	3	2	1	1	NA	NA	NA	unphased	0.322338830584708	0.322338830584708	1
1	34003188	34003189	51	24	3	2	1	1	NA	NA	NA	unphased	1.42344827586207	0.711724137931035	2
1	35580818	35580819	10	3	3	2	1	1	NA	NA	NA	unphased	1.02652519893899	1.02652519893899	1
1	35650073	35650074	48	7	3	2	1	1	NA	NA	NA	unphased	0.566144200626959	0.566144200626959	1
1	36209100	36209101	25	6	3	2	1	1	NA	NA	NA	unphased	0.860956618464961	0.860956618464961	1
1	37267391	37267392	15	11	3	2	1	1	NA	NA	NA	unphased	1.88196286472149	0.940981432360743	2
1	37975115	37975116	59	15	3	2	1	1	NA	NA	NA	unphased	0.901677539608574	0.901677539608574	1
1	38078563	38078564	93	20	3	2	1	1	NA	NA	NA	unphased	0.787305462313091	0.787305462313091	1
1	38227595	38227596	106	89	3	2	1	1	NA	NA	NA	unphased	2.03023872679045	1.01511936339523	2
1	38305673	38305674	71	16	3	2	1	1	NA	NA	NA	unphased	0.81807372175981	0.81807372175981	1
1	41461603	41461604	16	15	3	2	1	1	NA	NA	NA	unphased	2.1523915461624	1.0761957730812	2
1	43906233	43906234	93	32	3	2	1	1	NA	NA	NA	unphased	1.13875862068966	1.13875862068966	1
1	45226351	45226352	23	16	3	2	1	1	NA	NA	NA	unphased	1.82493368700265	0.912466843501326	2
1	46078915	46078916	12	6	3	2	1	1	NA	NA	NA	unphased	1.48275862068966	1.48275862068966	1
1	51778491	51778492	148	106	3	2	1	1	NA	NA	NA	unphased	1.85636709204453	0.928183546022264	2
1	52800420	52800421	18	8	3	2	1	1	NA	NA	NA	unphased	1.36870026525199	1.36870026525199	1
1	63021548	63021549	21	8	3	2	1	1	NA	NA	NA	unphased	1.22711058263971	1.22711058263971	1
1	67147756	67147757	165	41	3	2	1	1	NA	NA	NA	unphased	0.8853364579846	0.8853364579846	1
1	67558821	67558822	31	16	3	2	1	1	NA	NA	NA	unphased	1.51430667644901	0.757153338224505	2
1	67702455	67702456	9	10	3	2	1	1	NA	NA	NA	unphased	2.34119782214156	1.17059891107078	2
1	70446133	70446134	12	10	3	2	1	1	NA	NA	NA	unphased	2.02194357366771	1.01097178683386	2
1	74954896	74954897	20	4	3	2	1	1	NA	NA	NA	unphased	0.741379310344828	0.741379310344828	1
1	75009720	75009721	9	7	3	2	1	1	NA	NA	NA	unphased	1.94612068965517	0.973060344827586	2
1	75038590	75038591	110	79	3	2	1	1	NA	NA	NA	unphased	1.85933223864258	0.929666119321292	2
1	89637474	89637475	62	14	3	2	1	1	NA	NA	NA	unphased	0.819419237749546	0.819419237749546	1
1	90400997	90400998	54	40	3	2	1	1	NA	NA	NA	unphased	1.89288334556126	0.946441672780631	2
1	91404898	91404899	16	15	3	2	1	1	NA	NA	NA	unphased	2.1523915461624	1.0761957730812	2
1	103380338	103380339	16	9	3	2	1	1	NA	NA	NA	unphased	1.60137931034483	1.60137931034483	1
1	103431058	103431059	84	9	3	2	1	1	NA	NA	NA	unphased	0.430478309232481	0.430478309232481	1
1	103431059	103431060	83	9	3	2	1	1	NA	NA	NA	unphased	0.435157421289355	0.435157421289355	1
1	103468328	103468329	12	7	3	2	1	1	NA	NA	NA	unphased	1.63883847549909	1.63883847549909	1
1	109366270	109366271	29	17	3	2	1	1	NA	NA	NA	unphased	1.64392803598201	0.821964017991004	2
1	109777946	109777947	84	26	3	2	1	1	NA	NA	NA	unphased	1.05141065830721	1.05141065830721	1
1	113235501	113235502	11	16	3	2	1	1	NA	NA	NA	unphased	2.6360153256705	1.31800766283525	2
1	115222943	115222944	33	10	3	2	1	1	NA	NA	NA	unphased	1.03448275862069	1.03448275862069	1
1	117311189	117311190	85	20	3	2	1	1	NA	NA	NA	unphased	0.847290640394089	0.847290640394089	1
1	118461305	118461306	16	8	5	3	2	1	NA	NA	NA	unphased	2.14942528735632	1.07471264367816	2
1	119925619	119925620	29	12	2.16	3	2	0.29	1	0	0.71	unphased	1.05608074011775	1.05608074011775	1
1	119964804	119964805	110	23	2.16	3	2	0.29	1	0	0.71	unphased	0.623987555094633	0.623987555094633	1
1	145367815	145367816	54	6	2.16	3	2	0.29	1	0	0.71	unphased	0.360827586206897	1.24423305588585	0.29
1	149871825	149871826	83	24	4.64	4	1	0.91	0	1	0.09	unphased	1.36559458588463	1.36559458588463	1
1	150131100	150131101	76	131	8	6	2	1	NA	NA	NA	unphased	5.97934366150258	0.996557276917097	6
1	151001289	151001290	146	28	8	6	2	1	NA	NA	NA	unphased	1.52041220768926	0.760206103844629	2
1	152187526	152187527	1536	280	8	6	2	1	NA	NA	NA	unphased	1.45678262190491	0.728391310952453	2
1	152192513	152192514	335	476	8	6	2	1	NA	NA	NA	unphased	5.54547387218844	0.924245645364741	6
1	152192732	152192733	222	348	8	6	2	1	NA	NA	NA	unphased	5.76842105263158	0.96140350877193	6
1	152277653	152277654	734	182	8	6	2	1	NA	NA	NA	unphased	1.87727751844602	0.938638759223009	2
1	152278261	152278262	321	171	8	6	2	1	NA	NA	NA	unphased	3.2838519764508	1.0946173254836	3
1	152278836	152278837	1466	214	8	6	2	1	NA	NA	NA	unphased	1.20353037766831	1.20353037766831	1
1	152280359	152280360	1187	144	8	6	2	1	NA	NA	NA	unphased	1.02220264773699	1.02220264773699	1
1	152284257	152284258	1264	305	8	6	2	1	NA	NA	NA	unphased	1.83666293048504	0.918331465242522	2
1	152330002	152330003	37	42	8	6	2	1	NA	NA	NA	unphased	5.02313400261894	1.00462680052379	5
1	152484370	152484371	48	57	8	6	2	1	NA	NA	NA	unphased	5.12906403940887	1.02581280788177	5
1	152552253	152552254	248	27	8	6	2	1	NA	NA	NA	unphased	0.927648902821317	0.927648902821317	1
1	152749116	152749117	114	39	8	6	2	1	NA	NA	NA	unphased	2.40838404327248	0.802794681090827	3
1	152957730	152957731	275	56	1.07	6	2	0.01	0	1	0.99	unphased	0.426052713824357	0.426052713824357	1
1	153012528	153012529	153	21	1.07	6	2	0.01	0	1	0.99	unphased	0.303929845422117	0.303929845422117	1
1	153909159	153909160	26	38	4.9	5	2	0.58	1	1	0.42	unphased	3.76928879310345	1.00783122810253	3.74
1	154127554	154127555	29	5	4.9	5	2	0.58	1	1	0.42	unphased	0.933569979716024	0.933569979716024	1
1	155112638	155112639	98	7	4.9	5	2	0.58	1	1	0.42	unphased	0.423218390804598	0.729686880697582	0.58
1	155160948	155160949	11	19	4.9	5	2	0.58	1	1	0.42	unphased	4.02057471264368	0.966484305923961	4.16
1	156621398	156621399	117	52	4.9	5	2	0.58	1	1	0.42	unphased	1.95331564986737	0.904312800864525	2.16
1	156784877	156784878	33	11	4.9	5	2	0.58	1	1	0.42	unphased	1.58706896551724	1.58706896551724	1
1	156811528	156811529	120	75	4.9	5	2	0.58	1	1	0.42	unphased	2.44164456233422	0.946373861369852	2.58
1	157516896	157516897	126	31	4.9	5	2	0.58	1	1	0.42	unphased	1.25348122117285	1.25348122117285	1
1	157559029	157559030	96	31	4.9	5	2	0.58	1	1	0.42	unphased	1.54957914743416	0.980746295844403	1.58
1	157670367	157670368	13	5	1.12	2	1	0.06	0	1	0.94	unphased	0.713409961685824	0.713409961685824	1
1	158299204	158299205	129	27	1.12	2	1	0.06	0	1	0.94	unphased	0.444509283819629	0.444509283819629	1
1	158325876	158325877	88	11	1.12	2	1	0.06	0	1	0.94	unphased	0.285363984674329	0.285363984674329	1
1	158576487	158576488	187	62	1.12	2	1	0.06	0	1	0.94	unphased	0.639490375294281	0.639490375294281	1
1	158614044	158614045	28	4	1.12	2	1	0.06	0	1	0.94	unphased	0.321034482758621	0.321034482758621	1
1	158648312	158648313	30	18	1.12	2	1	0.06	0	1	0.94	unphased	0.963103448275862	0.963103448275862	1
1	158651360	158651361	110	52	1.12	2	1	0.06	0	1	0.94	unphased	0.82438484461473	0.82438484461473	1
1	158651404	158651405	130	36	1.12	2	1	0.06	0	1	0.94	unphased	0.556975488159535	0.556975488159535	1
1	158687841	158687842	26	6	1.12	2	1	0.06	0	1	0.94	unphased	0.481551724137931	0.481551724137931	1
1	158725115	158725116	52	30	1.12	2	1	0.06	0	1	0.94	unphased	0.939613120269134	0.939613120269134	1
1	159283778	159283779	94	15	1.12	2	1	0.06	0	1	0.94	unphased	0.353432458082885	0.353432458082885	1
1	159410094	159410095	111	26	1.12	2	1	0.06	0	1	0.94	unphased	0.487410017618928	0.487410017618928	1
1	159779193	159779194	63	31	1.12	2	1	0.06	0	1	0.94	unphased	0.846984592809978	0.846984592809978	1
1	160012205	160012206	101	51	1.12	2	1	0.06	0	1	0.94	unphased	0.861724137931034	0.861724137931034	1
1	160146331	160146332	37	13	1.12	2	1	0.06	0	1	0.94	unphased	0.667751724137931	0.667751724137931	1
1	160276210	160276211	54	26	1.12	2	1	0.06	0	1	0.94	unphased	0.834689655172414	0.834689655172414	1
1	160293298	160293299	15	7	1.12	2	1	0.06	0	1	0.94	unphased	0.81717868338558	0.81717868338558	1
1	160518042	160518043	23	8	1.12	2	1	0.06	0	1	0.94	unphased	0.662780867630701	0.662780867630701	1
1	174781080	174781081	10	10	5	3	2	1	NA	NA	NA	unphased	3.22413793103448	1.07471264367816	3
1	175304847	175304848	49	8	5	3	2	1	NA	NA	NA	unphased	0.905021173623714	0.905021173623714	1
1	175328800	175328801	71	16	5	3	2	1	NA	NA	NA	unphased	1.18588981371383	1.18588981371383	1
1	175375784	175375785	123	109	5	3	2	1	NA	NA	NA	unphased	3.02957788347206	1.00985929449069	3
1	176012320	176012321	46	26	5	3	2	1	NA	NA	NA	unphased	2.32854406130268	1.16427203065134	2
1	176564577	176564578	100	35	5	3	2	1	NA	NA	NA	unphased	1.67177522349936	0.835887611749681	2
1	176738780	176738781	90	26	5	3	2	1	NA	NA	NA	unphased	1.44530321046373	0.722651605231867	2
1	176857215	176857216	66	23	5	3	2	1	NA	NA	NA	unphased	1.66640836884928	0.833204184424642	2
1	176913068	176913069	46	22	5	3	2	1	NA	NA	NA	unphased	2.08620689655172	1.04310344827586	2
1	177133712	177133713	34	14	5	3	2	1	NA	NA	NA	unphased	1.88074712643678	0.940373563218391	2
1	178426018	178426019	65	20	5	3	2	1	NA	NA	NA	unphased	1.51724137931035	0.758620689655173	2
1	179077434	179077435	159	25	5	3	2	1	NA	NA	NA	unphased	0.876124437781109	0.876124437781109	1
1	179561894	179561895	69	20	5	3	2	1	NA	NA	NA	unphased	1.44905075552112	0.724525377760558	2
1	180063552	180063553	8	7	5	3	2	1	NA	NA	NA	unphased	3.00919540229885	1.00306513409962	3
1	181480530	181480531	161	56	5	3	2	1	NA	NA	NA	unphased	1.66407119021135	0.832035595105673	2
1	182845205	182845206	25	11	5	3	2	1	NA	NA	NA	unphased	1.97030651340996	0.985153256704981	2
1	186276406	186276407	138	31	3	2	1	1	NA	NA	NA	unphased	0.815955927361763	0.815955927361763	1
1	193117011	193117012	16	3	3	2	1	1	NA	NA	NA	unphased	0.702359346642468	0.702359346642468	1
1	196659262	196659263	22	5	5	3	2	1	NA	NA	NA	unphased	1.1941251596424	1.1941251596424	1
1	196697570	196697571	11	8	5	3	2	1	NA	NA	NA	unphased	2.71506352087114	0.905021173623715	3
1	197065254	197065255	47	17	5	3	2	1	NA	NA	NA	unphased	1.71282327586207	0.856411637931035	2
1	197072366	197072367	39	10	5	3	2	1	NA	NA	NA	unphased	1.31597466572836	1.31597466572836	1
1	197297670	197297671	20	17	5	3	2	1	NA	NA	NA	unphased	2.96272134203169	0.987573780677229	3
1	197396852	197396853	18	6	5	3	2	1	NA	NA	NA	unphased	1.61206896551724	1.61206896551724	1
1	197411164	197411165	39	13	5	3	2	1	NA	NA	NA	unphased	1.61206896551724	0.806034482758621	2
1	200959285	200959286	119	40	5	3	2	1	NA	NA	NA	unphased	1.62220776404251	0.811103882021254	2
1	201183363	201183364	41	14	5	3	2	1	NA	NA	NA	unphased	1.64137931034483	0.820689655172414	2
1	202462409	202462410	63	21	5	3	2	1	NA	NA	NA	unphased	1.61206896551724	0.806034482758621	2
1	203816655	203816656	61	31	5	3	2	1	NA	NA	NA	unphased	2.17278860569715	1.08639430284858	2
1	204095270	204095271	37	13	5	3	2	1	NA	NA	NA	unphased	1.67655172413793	0.838275862068966	2
1	204518287	204518288	43	15	5	3	2	1	NA	NA	NA	unphased	1.66765755053508	0.833828775267539	2
1	207785157	207785158	158	144	5	3	2	1	NA	NA	NA	unphased	3.07467458323818	1.02489152774606	3
1	207890989	207890990	200	26	5	3	2	1	NA	NA	NA	unphased	0.741837046078731	0.741837046078731	1
1	207925434	207925435	100	78	5	3	2	1	NA	NA	NA	unphased	2.82564897326618	0.941882991088726	3
1	208315744	208315745	105	68	5	3	2	1	NA	NA	NA	unphased	2.53458241977277	0.844860806590924	3
1	209963868	209963869	67	8	5	3	2	1	NA	NA	NA	unphased	0.687816091954023	0.687816091954023	1
1	209968634	209968635	86	39	5	3	2	1	NA	NA	NA	unphased	2.01186206896552	1.00593103448276	2
1	216262480	216262481	14	6	3	2	1	1	NA	NA	NA	unphased	1.33448275862069	1.33448275862069	1
1	217856630	217856631	35	13	3	2	1	1	NA	NA	NA	unphased	1.20474137931034	1.20474137931034	1
1	223285028	223285029	24	8	3	2	1	1	NA	NA	NA	unphased	1.11206896551724	1.11206896551724	1
1	223566955	223566956	11	4	3	2	1	1	NA	NA	NA	unphased	1.18620689655172	1.18620689655172	1
1	227842657	227842658	30	8	3	2	1	1	NA	NA	NA	unphased	0.936479128856624	0.936479128856624	1
1	228505739	228505740	45	43	3	2	1	1	NA	NA	NA	unphased	2.17358934169279	1.0867946708464	2
1	236228240	236228241	11	7	3	2	1	1	NA	NA	NA	unphased	1.72988505747126	1.72988505747126	1
1	236341875	236341876	50	22	3	2	1	1	NA	NA	NA	unphased	1.35919540229885	1.35919540229885	1
1	237550625	237550626	63	12	3	2	1	1	NA	NA	NA	unphased	0.711724137931035	0.711724137931035	1
1	237550626	237550627	62	12	3	2	1	1	NA	NA	NA	unphased	0.721342031686859	0.721342031686859	1
1	240071329	240071330	162	17	3	2	1	1	NA	NA	NA	unphased	0.422461953380852	0.422461953380852	1
1	244586217	244586218	7	6	3	2	1	1	NA	NA	NA	unphased	2.05305039787798	1.02652519893899	2
1	247151521	247151522	27	11	3	2	1	1	NA	NA	NA	unphased	1.28765880217786	1.28765880217786	1
1	247611745	247611746	36	17	3	2	1	1	NA	NA	NA	unphased	1.42680546519193	1.42680546519193	1
1	248028071	248028072	26	22	3	2	1	1	NA	NA	NA	unphased	2.03879310344828	1.01939655172414	2
1	248128905	248128906	98	13	3	2	1	1	NA	NA	NA	unphased	0.520969245107176	0.520969245107176	1
1	248436498	248436499	80	10	3	2	1	1	NA	NA	NA	unphased	0.494252873563218	0.494252873563218	1
1	248616535	248616536	99	18	3	2	1	1	NA	NA	NA	unphased	0.684350132625995	0.684350132625995	1
1	248617030	248617031	46	10	3	2	1	1	NA	NA	NA	unphased	0.794334975369458	0.794334975369458	1
1	248802124	248802125	16	17	2	2	0	1	NA	NA	NA	unphased	1.77638453500522	0.888192267502612	2
1	249106448	249106449	26	10	2	2	0	1	NA	NA	NA	unphased	0.957854406130268	0.957854406130268	1
10	5037596	5037597	27	4	2	2	0	1	NA	NA	NA	unphased	0.444938820912125	0.444938820912125	1
10	5144755	5144756	44	7	2	2	0	1	NA	NA	NA	unphased	0.473292765382015	0.473292765382015	1
10	7755206	7755207	14	5	2	2	0	1	NA	NA	NA	unphased	0.907441016333938	0.907441016333938	1
10	13386939	13386940	71	22	2	2	0	1	NA	NA	NA	unphased	0.815721171672228	0.815721171672228	1
10	15639298	15639299	14	15	3	2	1	1	NA	NA	NA	unphased	2.30083234244946	1.15041617122473	2
10	16526625	16526626	50	12	3	2	1	1	NA	NA	NA	unphased	0.860956618464961	0.860956618464961	1
10	18834779	18834780	11	4	3	2	1	1	NA	NA	NA	unphased	1.18620689655172	1.18620689655172	1
10	21108431	21108432	61	41	3	2	1	1	NA	NA	NA	unphased	1.78803245436106	0.894016227180528	2
10	21186112	21186113	4	5	3	2	1	1	NA	NA	NA	unphased	2.47126436781609	1.23563218390805	2
10	23248020	23248021	28	9	3	2	1	1	NA	NA	NA	unphased	1.08201304753029	1.08201304753029	1
10	24813549	24813550	61	13	3	2	1	1	NA	NA	NA	unphased	0.781453867660764	0.781453867660764	1
10	25464290	25464291	11	8	3	2	1	1	NA	NA	NA	unphased	1.87295825771325	0.936479128856624	2
10	25887690	25887691	54	31	3	2	1	1	NA	NA	NA	unphased	1.62231237322515	0.811156186612576	2
10	26506828	26506829	19	9	3	2	1	1	NA	NA	NA	unphased	1.42980295566502	1.42980295566502	1
10	26512828	26512829	17	3	3	2	1	1	NA	NA	NA	unphased	0.667241379310345	0.667241379310345	1
10	26789918	26789919	68	22	3	2	1	1	NA	NA	NA	unphased	1.08735632183908	1.08735632183908	1
10	30317640	30317641	127	30	3	2	1	1	NA	NA	NA	unphased	0.849989018229739	0.849989018229739	1
10	38299602	38299603	37	16	1.15	2	2	0.05	0	1	0.95	unphased	0.784385165907612	0.784385165907612	1
10	38344519	38344520	36	4	1.15	2	2	0.05	0	1	0.95	unphased	0.259827586206897	0.259827586206897	1
10	45798953	45798954	57	32	1.15	2	2	0.05	0	1	0.95	unphased	0.934211545912437	0.934211545912437	1
10	48389948	48389949	49	28	4	2	2	1	NA	NA	NA	unphased	1.98119122257053	0.990595611285267	2
10	49791159	49791160	222	120	4	2	2	1	NA	NA	NA	unphased	1.91167574107683	0.955837870538415	2
10	49791160	49791161	225	119	4	2	2	1	NA	NA	NA	unphased	1.88472333600642	0.942361668003208	2
10	50679102	50679103	37	15	4	2	2	1	NA	NA	NA	unphased	1.57161803713528	0.785809018567639	2
10	50863173	50863174	85	45	4	2	2	1	NA	NA	NA	unphased	1.88594164456233	0.942970822281167	2
10	53459342	53459343	65	21	3	2	1	1	NA	NA	NA	unphased	1.08620689655172	1.08620689655172	1
10	58120968	58120969	23	5	1.26	2	1	0.13	0	1	0.87	unphased	0.483620689655173	0.483620689655173	1
10	62652602	62652603	92	28	6	4	2	1	NA	NA	NA	unphased	1.73793103448276	0.868965517241379	2
10	69948774	69948775	15	15	3	2	1	1	NA	NA	NA	unphased	2.22413793103448	1.11206896551724	2
10	70719741	70719742	9	4	3	2	1	1	NA	NA	NA	unphased	1.36870026525199	1.36870026525199	1
10	71075651	71075652	56	57	6	4	2	1	NA	NA	NA	unphased	3.7570949038755	0.939273725968874	4
10	72020427	72020428	17	3	3	2	1	1	NA	NA	NA	unphased	0.667241379310345	0.667241379310345	1
10	72289779	72289780	46	25	3	2	1	1	NA	NA	NA	unphased	1.56629431762992	0.783147158814959	2
10	72536982	72536983	38	25	3	2	1	1	NA	NA	NA	unphased	1.76518883415435	0.882594417077176	2
10	73406355	73406356	177	39	3	2	1	1	NA	NA	NA	unphased	0.80316091954023	0.80316091954023	1
10	73464782	73464783	70	49	3	2	1	1	NA	NA	NA	unphased	1.8316430020284	0.915821501014199	2
10	74631225	74631226	64	43	3	2	1	1	NA	NA	NA	unphased	1.78762487914921	0.893812439574605	2
10	74631227	74631228	65	43	3	2	1	1	NA	NA	NA	unphased	1.77107279693487	0.885536398467433	2
10	75391679	75391680	16	7	3	2	1	1	NA	NA	NA	unphased	1.35382308845577	1.35382308845577	1
10	75533625	75533626	25	18	3	2	1	1	NA	NA	NA	unphased	1.86206896551724	0.931034482758621	2
10	76735732	76735733	40	25	3	2	1	1	NA	NA	NA	unphased	1.71087533156499	0.855437665782494	2
10	84118542	84118543	57	44	3	2	1	1	NA	NA	NA	unphased	1.93786275179242	0.96893137589621	2
10	84118543	84118544	57	44	3	2	1	1	NA	NA	NA	unphased	1.93786275179242	0.96893137589621	2
10	85981725	85981726	86	73	3	2	1	1	NA	NA	NA	unphased	2.04229017566688	1.02114508783344	2
10	90438338	90438339	40	21	3	2	1	1	NA	NA	NA	unphased	1.53137365743358	0.765686828716789	2
10	92617011	92617012	48	36	3	2	1	1	NA	NA	NA	unphased	1.9064039408867	0.95320197044335	2
10	96612643	96612644	44	11	3	2	1	1	NA	NA	NA	unphased	0.889655172413793	0.889655172413793	1
10	96805588	96805589	29	9	3	2	1	1	NA	NA	NA	unphased	1.0535390199637	1.0535390199637	1
10	98165041	98165042	46	10	3	2	1	1	NA	NA	NA	unphased	0.794334975369458	0.794334975369458	1
10	99198449	99198450	155	56	3.44	4	1	0.61	1	0	0.39	unphased	1.29736231410361	0.805815101927709	1.61
10	100995408	100995409	130	26	3.44	4	1	0.61	1	0	0.39	unphased	0.814712643678161	0.814712643678161	1
10	101603569	101603570	108	18	3.44	4	1	0.61	1	0	0.39	unphased	0.698325123152709	0.698325123152709	1
10	101716641	101716642	120	17	3.44	4	1	0.61	1	0	0.39	unphased	0.606574377045054	0.994384224664023	0.61
10	102505965	102505966	212	37	3.44	4	1	0.61	1	0	0.39	unphased	0.726370308821493	1.19077099806802	0.61
10	102566274	102566275	326	42	3.44	4	1	0.61	1	0	0.39	unphased	0.557901049475262	0.914591884385676	0.61
10	105201668	105201669	45	45	3.44	4	1	0.61	1	0	0.39	unphased	2.44413793103448	0.936451314572599	2.61
10	105201669	105201670	45	47	3.44	4	1	0.61	1	0	0.39	unphased	2.49727136431784	0.956808951845916	2.61
10	108469080	108469081	15	6	3.44	4	1	0.61	1	0	0.39	unphased	1.39665024630542	1.39665024630542	1
10	113913355	113913356	85	10	3.44	4	1	0.61	1	0	0.39	unphased	0.514555353901996	0.843533367052453	0.61
10	114053562	114053563	27	13	3.44	4	1	0.61	1	0	0.39	unphased	1.58868965517241	0.986763760976655	1.61
10	119798611	119798612	35	12	3.44	4	1	0.61	1	0	0.39	unphased	1.24807043286867	1.24807043286867	1
10	120830457	120830458	15	4	3.44	4	1	0.61	1	0	0.39	unphased	1.02911070780399	1.02911070780399	1
10	122622259	122622260	113	21	3.44	4	1	0.61	1	0	0.39	unphased	0.766073082861554	0.766073082861554	1
10	124345683	124345684	491	213	3.44	4	1	0.61	1	0	0.39	unphased	1.47898119122257	0.918621857902218	1.61
10	124392821	124392822	27	41	3.44	4	1	0.61	1	0	0.39	unphased	2.94734279918864	1.0414638866391	2.83
10	124909257	124909258	5	13	3.44	4	1	0.61	1	0	0.39	unphased	3.5304214559387	0.977956081977479	3.61
10	131943582	131943583	10	16	3.44	4	1	0.61	1	0	0.39	unphased	3.00816976127321	1.06295751281739	2.83
10	134896137	134896138	16	28	3.44	4	1	0.61	1	0	0.39	unphased	3.1107210031348	0.966062423333788	3.22
10	134896173	134896174	41	7	3.44	4	1	0.61	1	0	0.39	unphased	0.712873563218391	0.712873563218391	1
10	134906670	134906671	8	16	3.44	4	1	0.61	1	0	0.39	unphased	3.25885057471264	1.01206539587349	3.22
10	135053793	135053794	35	8	3.44	4	1	0.61	1	0	0.39	unphased	0.909446672012831	0.909446672012831	1
10	135372441	135372442	30	4	3.44	4	1	0.61	1	0	0.39	unphased	0.575091277890467	0.575091277890467	1
11	237092	237093	20	5	2	1	1	1	NA	NA	NA	unphased	0.689655172413793	0.689655172413793	1
11	810349	810350	14	5	2	1	1	1	NA	NA	NA	unphased	0.907441016333938	0.907441016333938	1
11	1262563	1262564	19	7	2	1	1	1	NA	NA	NA	unphased	0.928381962864722	0.928381962864722	1
11	1269678	1269679	143	40	2	1	1	1	NA	NA	NA	unphased	0.753721499905785	0.753721499905785	1
11	1270337	1270338	108	34	2	1	1	1	NA	NA	NA	unphased	0.825643516270034	0.825643516270034	1
11	1858196	1858197	38	17	2	1	1	1	NA	NA	NA	unphased	1.06583072100313	1.06583072100313	1
11	1860919	1860920	40	10	2	1	1	1	NA	NA	NA	unphased	0.689655172413793	0.689655172413793	1
11	2424073	2424074	10	6	2	1	1	1	NA	NA	NA	unphased	1.29310344827586	1.29310344827586	1
11	4510378	4510379	39	15	2	1	1	1	NA	NA	NA	unphased	0.957854406130268	0.957854406130268	1
11	4673739	4673740	24	13	2	1	1	1	NA	NA	NA	unphased	1.21155638397018	1.21155638397018	1
11	4825703	4825704	27	10	2	1	1	1	NA	NA	NA	unphased	0.931966449207829	0.931966449207829	1
11	4825781	4825782	12	3	2	1	1	1	NA	NA	NA	unphased	0.689655172413793	0.689655172413793	1
11	4903377	4903378	34	12	2	1	1	1	NA	NA	NA	unphased	0.899550224887556	0.899550224887556	1
11	4968294	4968295	18	5	2	1	1	1	NA	NA	NA	unphased	0.749625187406297	0.749625187406297	1
11	4976400	4976401	8	12	2	1	1	1	NA	NA	NA	unphased	2.06896551724138	2.06896551724138	1
11	5012713	5012714	39	13	2	1	1	1	NA	NA	NA	unphased	0.862068965517241	0.862068965517241	1
11	5221001	5221002	10	4	2	1	1	1	NA	NA	NA	unphased	0.985221674876847	0.985221674876847	1
11	5221781	5221782	36	14	2	1	1	1	NA	NA	NA	unphased	0.96551724137931	0.96551724137931	1
11	5372874	5372875	26	12	2	1	1	1	NA	NA	NA	unphased	1.08892921960073	1.08892921960073	1
11	5444176	5444177	40	18	2	1	1	1	NA	NA	NA	unphased	1.07015457788347	1.07015457788347	1
11	5510453	5510454	125	32	2	1	1	1	NA	NA	NA	unphased	0.702833296727433	0.702833296727433	1
11	5969016	5969017	63	18	2	1	1	1	NA	NA	NA	unphased	0.766283524904215	0.766283524904215	1
11	6240208	6240209	18	9	2	1	1	1	NA	NA	NA	unphased	1.14942528735632	1.14942528735632	1
11	6453207	6453208	113	38	2	1	1	1	NA	NA	NA	unphased	0.867778031514044	0.867778031514044	1
11	6653769	6653770	7	4	2	1	1	1	NA	NA	NA	unphased	1.25391849529781	1.25391849529781	1
11	6806466	6806467	123	36	2	1	1	1	NA	NA	NA	unphased	0.780741704619389	0.780741704619389	1
11	7064317	7064318	33	17	2	1	1	1	NA	NA	NA	unphased	1.17241379310345	1.17241379310345	1
11	7982109	7982110	59	12	2	1	1	1	NA	NA	NA	unphased	0.582807187955318	0.582807187955318	1
11	7982668	7982669	34	23	2	1	1	1	NA	NA	NA	unphased	1.39140955837871	1.39140955837871	1
11	14282263	14282264	50	15	2	1	1	1	NA	NA	NA	unphased	0.795755968169761	0.795755968169761	1
11	14512185	14512186	5	3	2	1	1	1	NA	NA	NA	unphased	1.29310344827586	1.29310344827586	1
11	15267456	15267457	55	26	2	1	1	1	NA	NA	NA	unphased	1.1068539804172	1.1068539804172	1
11	19256331	19256332	21	11	2	1	1	1	NA	NA	NA	unphased	1.18534482758621	1.18534482758621	1
11	20625862	20625863	83	23	2	1	1	1	NA	NA	NA	unphased	0.748210800260247	0.748210800260247	1
11	22249048	22249049	30	5	2	1	1	1	NA	NA	NA	unphased	0.492610837438424	0.492610837438424	1
11	22294474	22294475	20	9	2	1	1	1	NA	NA	NA	unphased	1.07015457788347	1.07015457788347	1
11	27114807	27114808	15	4	2	1	1	1	NA	NA	NA	unphased	0.725952813067151	0.725952813067151	1
11	33065471	33065472	47	4	2	1	1	1	NA	NA	NA	unphased	0.270453008789723	0.270453008789723	1
11	33124690	33124691	11	4	2	1	1	1	NA	NA	NA	unphased	0.919540229885058	0.919540229885058	1
11	33682505	33682506	13	6	2	1	1	1	NA	NA	NA	unphased	1.08892921960073	1.08892921960073	1
11	34144127	34144128	30	6	2	1	1	1	NA	NA	NA	unphased	0.574712643678161	0.574712643678161	1
11	34144128	34144129	29	5	2	1	1	1	NA	NA	NA	unphased	0.50709939148073	0.50709939148073	1
11	36422583	36422584	11	10	2	1	1	1	NA	NA	NA	unphased	1.64203612479475	1.64203612479475	1
11	36484050	36484051	39	14	2	1	1	1	NA	NA	NA	unphased	0.910865322055953	0.910865322055953	1
11	43511872	43511873	50	18	2	1	1	1	NA	NA	NA	unphased	0.912778904665315	0.912778904665315	1
11	46686424	46686425	140	31	3	2	1	1	NA	NA	NA	unphased	0.806412583182093	0.806412583182093	1
11	46765410	46765411	7	4	3	2	1	1	NA	NA	NA	unphased	1.61755485893417	1.61755485893417	1
11	48239260	48239261	16	8	3	2	1	1	NA	NA	NA	unphased	1.48275862068966	1.48275862068966	1
11	51412228	51412229	10	9	3	2	1	1	NA	NA	NA	unphased	2.1070780399274	1.0535390199637	2
11	51515319	51515320	58	14	3	2	1	1	NA	NA	NA	unphased	0.864942528735632	0.864942528735632	1
11	55038026	55038027	10	6	3	2	1	1	NA	NA	NA	unphased	1.66810344827586	1.66810344827586	1
11	55541363	55541364	70	9	3	2	1	1	NA	NA	NA	unphased	0.506765604539502	0.506765604539502	1
11	55587398	55587399	101	19	3	2	1	1	NA	NA	NA	unphased	0.704310344827586	0.704310344827586	1
11	55587531	55587532	121	20	3	2	1	1	NA	NA	NA	unphased	0.630961115187087	0.630961115187087	1
11	55681255	55681256	10	12	3	2	1	1	NA	NA	NA	unphased	2.42633228840125	1.21316614420063	2
11	55904797	55904798	101	18	3	2	1	1	NA	NA	NA	unphased	0.672848449724717	0.672848449724717	1
11	55905109	55905110	60	16	3	2	1	1	NA	NA	NA	unphased	0.936479128856624	0.936479128856624	1
11	56258723	56258724	62	42	3	2	1	1	NA	NA	NA	unphased	1.79641909814324	0.898209549071618	2
11	56380330	56380331	41	6	3	2	1	1	NA	NA	NA	unphased	0.567865003668379	0.567865003668379	1
11	56431267	56431268	80	19	3	2	1	1	NA	NA	NA	unphased	0.853709508881923	0.853709508881923	1
11	56431453	56431454	168	34	3	2	1	1	NA	NA	NA	unphased	0.748719699556163	0.748719699556163	1
11	56468471	56468472	158	27	3	2	1	1	NA	NA	NA	unphased	0.649207828518173	0.649207828518173	1
11	58034628	58034629	87	14	3	2	1	1	NA	NA	NA	unphased	0.616592693752134	0.616592693752134	1
11	59271359	59271360	124	58	4	2	2	1	NA	NA	NA	unphased	1.73626373626374	0.868131868131868	2
11	59603353	59603354	76	23	4	2	2	1	NA	NA	NA	unphased	1.26576105886451	1.26576105886451	1
11	60102421	60102422	42	6	4	2	2	1	NA	NA	NA	unphased	0.681034482758621	0.681034482758621	1
11	60476254	60476255	36	12	4	2	2	1	NA	NA	NA	unphased	1.36206896551724	1.36206896551724	1
11	60610097	60610098	58	30	4	2	2	1	NA	NA	NA	unphased	1.85736677115987	0.928683385579937	2
11	60901537	60901538	75	39	4	2	2	1	NA	NA	NA	unphased	1.86388384754991	0.931941923774955	2
11	61048399	61048400	11	9	4	2	2	1	NA	NA	NA	unphased	2.45172413793104	1.22586206896552	2
11	61053815	61053816	207	45	4	2	2	1	NA	NA	NA	unphased	0.972906403940887	0.972906403940887	1
11	62650418	62650419	43	29	4	2	2	1	NA	NA	NA	unphased	2.19444444444444	1.09722222222222	2
11	63137566	63137567	65	27	4	2	2	1	NA	NA	NA	unphased	1.59895052473763	0.799475262368816	2
11	64756839	64756840	35	18	4	2	2	1	NA	NA	NA	unphased	1.85035783994795	0.925178919973975	2
11	65423361	65423362	117	26	4	2	2	1	NA	NA	NA	unphased	0.990595611285267	0.990595611285267	1
11	66062165	66062166	6	6	4	2	2	1	NA	NA	NA	unphased	2.72413793103448	1.36206896551724	2
11	66307260	66307261	30	11	4	2	2	1	NA	NA	NA	unphased	1.46173254835997	1.46173254835997	1
11	66335530	66335531	21	11	4	2	2	1	NA	NA	NA	unphased	1.87284482758621	0.936422413793104	2
11	67942603	67942604	11	4	4	2	2	1	NA	NA	NA	unphased	1.45287356321839	1.45287356321839	1
11	70052377	70052378	48	24	4	2	2	1	NA	NA	NA	unphased	1.81609195402299	0.908045977011494	2
11	73765653	73765654	32	8	6	4	2	1	NA	NA	NA	unphased	1.48965517241379	1.48965517241379	1
11	74648053	74648054	20	23	4.75	4	2	0.75	1	0	0.25	unphased	3.31535685645549	1.02010980198631	3.25
11	74899177	74899178	20	8	4.75	4	2	0.75	1	0	0.25	unphased	1.77093596059113	1.77093596059113	1
11	78369325	78369326	101	32	4.75	4	2	0.75	1	0	0.25	unphased	1.49131449312938	0.852179710359643	1.75
11	78381365	78381366	60	6	4.75	4	2	0.75	1	0	0.25	unphased	0.563479623824451	0.563479623824451	1
11	85988961	85988962	13	10	2	2	0	1	NA	NA	NA	unphased	1.49925037481259	1.49925037481259	1
11	89924759	89924760	9	5	2	2	0	1	NA	NA	NA	unphased	1.23152709359606	1.23152709359606	1
11	92534235	92534236	10	9	2	2	0	1	NA	NA	NA	unphased	1.63339382940109	1.63339382940109	1
11	92577541	92577542	52	21	2	2	0	1	NA	NA	NA	unphased	0.991969768540387	0.991969768540387	1
11	92624302	92624303	9	7	2	2	0	1	NA	NA	NA	unphased	1.50862068965517	1.50862068965517	1
11	93466722	93466723	17	10	2	2	0	1	NA	NA	NA	unphased	1.27713920817369	1.27713920817369	1
11	93530832	93530833	6	9	2	2	0	1	NA	NA	NA	unphased	2.06896551724138	1.03448275862069	2
11	95826240	95826241	30	6	2	2	0	1	NA	NA	NA	unphased	0.574712643678161	0.574712643678161	1
11	104901095	104901096	18	12	2	2	0	1	NA	NA	NA	unphased	1.37931034482759	1.37931034482759	1
11	113076778	113076779	29	23	2	2	0	1	NA	NA	NA	unphased	1.52519893899204	0.762599469496021	2
11	113195391	113195392	5	5	2	2	0	1	NA	NA	NA	unphased	1.72413793103448	1.72413793103448	1
11	118405022	118405023	34	10	NA	NA	NA	NA	NA	NA	NA	unphased	NA	NA	1
11	118965793	118965794	87	64	3	2	1	1	NA	NA	NA	unphased	1.8853619547842	0.942680977392099	2
11	120732785	120732786	119	78	3	2	1	1	NA	NA	NA	unphased	1.76124628041309	0.880623140206547	2
11	123777146	123777147	23	4	3	2	1	1	NA	NA	NA	unphased	0.659003831417625	0.659003831417625	1
11	123777847	123777848	43	32	3	2	1	1	NA	NA	NA	unphased	1.89793103448276	0.948965517241379	2
11	123893937	123893938	120	21	3	2	1	1	NA	NA	NA	unphased	0.662509170946442	0.662509170946442	1
11	124763798	124763799	25	9	3	2	1	1	NA	NA	NA	unphased	1.17748478701826	1.17748478701826	1
11	133790970	133790971	93	17	3	2	1	1	NA	NA	NA	unphased	0.687460815047022	0.687460815047022	1
12	280293	280294	79	22	4	3	1	1	NA	NA	NA	unphased	1.18675315807443	1.18675315807443	1
12	344283	344284	94	13	4	3	1	1	NA	NA	NA	unphased	0.661940058008379	0.661940058008379	1
12	1748999	1749000	33	5	4	3	1	1	NA	NA	NA	unphased	0.716878402903811	0.716878402903811	1
12	2659169	2659170	11	6	4	3	1	1	NA	NA	NA	unphased	1.92292089249493	1.92292089249493	1
12	3686109	3686110	132	138	4	3	1	1	NA	NA	NA	unphased	2.78467432950192	0.928224776500639	3
12	4387952	4387953	79	16	4	3	1	1	NA	NA	NA	unphased	0.917604355716878	0.917604355716878	1
12	4708282	4708283	54	7	4	3	1	1	NA	NA	NA	unphased	0.625211984171849	0.625211984171849	1
12	4721710	4721711	51	53	4	3	1	1	NA	NA	NA	unphased	2.77652519893899	0.925508399646331	3
12	4737037	4737038	39	9	4	3	1	1	NA	NA	NA	unphased	1.02155172413793	1.02155172413793	1
12	4835818	4835819	45	6	4	3	1	1	NA	NA	NA	unphased	0.640973630831643	0.640973630831643	1
12	4854629	4854630	45	10	4	3	1	1	NA	NA	NA	unphased	0.990595611285267	0.990595611285267	1
12	5021006	5021007	125	26	4	3	1	1	NA	NA	NA	unphased	0.938113724594656	0.938113724594656	1
12	5154184	5154185	87	87	4	3	1	1	NA	NA	NA	unphased	2.72413793103448	0.908045977011494	3
12	6665026	6665027	14	24	4	3	1	1	NA	NA	NA	unphased	3.44101633393829	1.1470054446461	3
12	7842867	7842868	90	14	4	3	1	1	NA	NA	NA	unphased	0.73342175066313	0.73342175066313	1
12	9227309	9227310	28	6	4	3	1	1	NA	NA	NA	unphased	0.961460446247465	0.961460446247465	1
12	11083410	11083411	204	29	4	3	1	1	NA	NA	NA	unphased	0.678111587982833	0.678111587982833	1
12	11461659	11461660	854	52	4	3	1	1	NA	NA	NA	unphased	0.312704574864885	0.312704574864885	1
12	11546630	11546631	452	338	4	3	1	1	NA	NA	NA	unphased	2.33103448275862	1.16551724137931	2
12	13768117	13768118	59	14	4	3	1	1	NA	NA	NA	unphased	1.04487482286254	1.04487482286254	1
12	21331657	21331658	15	8	3.48	4	1	0.62	1	0	0.38	unphased	1.71418290854573	1.71418290854573	1
12	21620470	21620471	45	19	3.48	4	1	0.62	1	0	0.38	unphased	1.46308189655172	0.903136973180076	1.62
12	21788492	21788493	56	9	3.48	4	1	0.62	1	0	0.38	unphased	0.682376657824934	0.682376657824934	1
12	25260846	25260847	71	9	3.48	4	1	0.62	1	0	0.38	unphased	0.554431034482759	0.894243604004449	0.62
12	25398284	25398285	2	6	3.48	4	1	0.62	1	0	0.38	unphased	3.69620689655172	1.02105162888169	3.62
12	27117718	27117719	7	11	3.48	4	1	0.62	1	0	0.38	unphased	3.01172413793103	1.05305039787798	2.86
12	29649561	29649562	30	4	3.48	4	1	0.62	1	0	0.38	unphased	0.579797160243408	0.579797160243408	1
12	32134999	32135000	35	10	4	3	1	1	NA	NA	NA	unphased	1.21072796934866	1.21072796934866	1
12	39979950	39979951	13	5	4	3	1	1	NA	NA	NA	unphased	1.51340996168582	1.51340996168582	1
12	44238525	44238526	29	17	4	3	1	1	NA	NA	NA	unphased	2.01349325337331	1.00674662668666	2
12	46211528	46211529	24	3	4	3	1	1	NA	NA	NA	unphased	0.60536398467433	0.60536398467433	1
12	49956918	49956919	4	4	5	3	2	1	NA	NA	NA	unphased	3.22413793103448	1.07471264367816	3
12	52156454	52156455	22	8	5	3	2	1	NA	NA	NA	unphased	1.71954022988506	1.71954022988506	1
12	52710277	52710278	112	19	5	3	2	1	NA	NA	NA	unphased	0.935246117399316	0.935246117399316	1
12	52908753	52908754	55	28	5	3	2	1	NA	NA	NA	unphased	2.17532197756543	1.08766098878272	2
12	53342894	53342895	128	17	5	3	2	1	NA	NA	NA	unphased	0.756004756242568	0.756004756242568	1
12	53877415	53877416	76	73	5	3	2	1	NA	NA	NA	unphased	3.15922240222171	1.0530741340739	3
12	54110076	54110077	80	71	5	3	2	1	NA	NA	NA	unphased	3.0319707695821	1.01065692319403	3
12	55794880	55794881	99	10	5	3	2	1	NA	NA	NA	unphased	0.591584941474217	0.591584941474217	1
12	56742983	56742984	96	62	5	3	2	1	NA	NA	NA	unphased	2.5303360977739	0.843445365924633	3
12	57317624	57317625	63	48	5	3	2	1	NA	NA	NA	unphased	2.78844361602982	0.929481205343274	3
12	57432274	57432275	56	52	5	3	2	1	NA	NA	NA	unphased	3.10472541507024	1.03490847169008	3
12	57626979	57626980	75	8	5	3	2	1	NA	NA	NA	unphased	0.621520565018696	0.621520565018696	1
12	57924382	57924383	17	12	5	3	2	1	NA	NA	NA	unphased	2.66825208085612	0.889417360285375	3
12	58131151	58131152	80	13	5	3	2	1	NA	NA	NA	unphased	0.901371894697812	0.901371894697812	1
12	62902144	62902145	28	17	1.39	2	2	0.13	1	0	0.87	unphased	1.07223754789272	1.07223754789272	1
12	64833061	64833062	20	9	1.39	2	2	0.13	1	0	0.87	unphased	0.880844233055886	0.880844233055886	1
12	68043619	68043620	13	7	1.39	2	2	0.13	1	0	0.87	unphased	0.993396551724138	0.993396551724138	1
12	70946746	70946747	78	33	1.39	2	2	0.13	1	0	0.87	unphased	0.84381174277726	0.84381174277726	1
12	70974879	70974880	69	18	1.39	2	2	0.13	1	0	0.87	unphased	0.587229488703924	0.587229488703924	1
12	71078506	71078507	21	4	1.39	2	2	0.13	1	0	0.87	unphased	0.454124137931035	0.454124137931035	1
12	72425466	72425467	40	8	1.39	2	2	0.13	1	0	0.87	unphased	0.473045977011494	0.473045977011494	1
12	75692719	75692720	11	4	1.39	2	2	0.13	1	0	0.87	unphased	0.756873563218391	0.756873563218391	1
12	77158108	77158109	8	5	1.39	2	2	0.13	1	0	0.87	unphased	1.09164456233422	1.09164456233422	1
12	81532914	81532915	9	7	1.39	2	2	0.13	1	0	0.87	unphased	1.24174568965517	1.24174568965517	1
12	81545701	81545702	28	9	1.39	2	2	0.13	1	0	0.87	unphased	0.690391425908667	0.690391425908667	1
12	81545703	81545704	29	9	1.39	2	2	0.13	1	0	0.87	unphased	0.672223230490018	0.672223230490018	1
12	85279219	85279220	20	4	1.39	2	2	0.13	1	0	0.87	unphased	0.473045977011494	0.473045977011494	1
12	88391954	88391955	9	4	1.39	2	2	0.13	1	0	0.87	unphased	0.873315649867374	0.873315649867374	1
12	91348174	91348175	33	22	4	2	2	1	NA	NA	NA	unphased	2.17931034482759	1.08965517241379	2
12	91348366	91348367	47	5	4	2	2	1	NA	NA	NA	unphased	0.523872679045093	0.523872679045093	1
12	95694209	95694210	34	12	4	2	2	1	NA	NA	NA	unphased	1.42128935532234	1.42128935532234	1
12	97073490	97073491	126	24	4	2	2	1	NA	NA	NA	unphased	0.871724137931035	0.871724137931035	1
12	107208801	107208802	81	14	4	2	2	1	NA	NA	NA	unphased	0.802903811252269	0.802903811252269	1
12	108006581	108006582	20	9	4	2	2	1	NA	NA	NA	unphased	1.69084423305589	1.69084423305589	1
12	108600147	108600148	42	7	4	2	2	1	NA	NA	NA	unphased	0.778325123152709	0.778325123152709	1
12	108985459	108985460	119	36	4	2	2	1	NA	NA	NA	unphased	1.26540600667408	1.26540600667408	1
12	109182758	109182759	79	43	4	2	2	1	NA	NA	NA	unphased	1.92029395138496	0.960146975692482	2
12	109294186	109294187	86	39	4	2	2	1	NA	NA	NA	unphased	1.69986206896552	0.849931034482759	2
12	109306215	109306216	77	46	4	2	2	1	NA	NA	NA	unphased	2.03756658256238	1.01878329128119	2
12	110231794	110231795	18	4	4	2	2	1	NA	NA	NA	unphased	0.990595611285267	0.990595611285267	1
12	112623129	112623130	15	11	4	2	2	1	NA	NA	NA	unphased	2.30503978779841	1.1525198938992	2
12	113357268	113357269	63	45	4	2	2	1	NA	NA	NA	unphased	2.27011494252874	1.13505747126437	2
12	113386753	113386754	32	5	4	2	2	1	NA	NA	NA	unphased	0.736253494874185	0.736253494874185	1
12	116422113	116422114	39	13	4	2	2	1	NA	NA	NA	unphased	1.36206896551724	1.36206896551724	1
12	117701734	117701735	94	46	4	2	2	1	NA	NA	NA	unphased	1.79014778325123	0.895073891625616	2
12	117749383	117749384	28	7	4	2	2	1	NA	NA	NA	unphased	1.08965517241379	1.08965517241379	1
12	118520235	118520236	48	30	4	2	2	1	NA	NA	NA	unphased	2.09549071618037	1.04774535809019	2
12	118610377	118610378	82	44	4	2	2	1	NA	NA	NA	unphased	1.90257252326218	0.951286261631089	2
12	119978554	119978555	55	14	4	2	2	1	NA	NA	NA	unphased	1.10544727636182	1.10544727636182	1
12	120615555	120615556	62	37	4	2	2	1	NA	NA	NA	unphased	2.03622431208638	1.01811215604319	2
12	123087621	123087622	10	3	4	2	2	1	NA	NA	NA	unphased	1.25729442970822	1.25729442970822	1
12	123201017	123201018	70	28	4	2	2	1	NA	NA	NA	unphased	1.55665024630542	0.778325123152709	2
12	123480058	123480059	75	14	4	2	2	1	NA	NA	NA	unphased	0.857032158078264	0.857032158078264	1
12	124252182	124252183	7	7	4	2	2	1	NA	NA	NA	unphased	2.72413793103448	1.36206896551724	2
12	124326000	124326001	130	28	4	2	2	1	NA	NA	NA	unphased	0.96551724137931	0.96551724137931	1
12	124359901	124359902	22	4	4	2	2	1	NA	NA	NA	unphased	0.838196286472149	0.838196286472149	1
12	124821371	124821372	59	38	4	2	2	1	NA	NA	NA	unphased	2.13437611091362	1.06718805545681	2
12	125834516	125834517	71	46	4	2	2	1	NA	NA	NA	unphased	2.14205717653993	1.07102858826997	2
12	129822321	129822322	229	52	4	2	2	1	NA	NA	NA	unphased	1.00822186771383	1.00822186771383	1
12	130897279	130897280	34	6	4	2	2	1	NA	NA	NA	unphased	0.817241379310345	0.817241379310345	1
12	131602945	131602946	79	11	4	2	2	1	NA	NA	NA	unphased	0.665900383141762	0.665900383141762	1
12	132271012	132271013	7	4	4	2	2	1	NA	NA	NA	unphased	1.98119122257053	1.98119122257053	1
12	132325307	132325308	81	21	4	2	2	1	NA	NA	NA	unphased	1.12170385395538	1.12170385395538	1
12	132562163	132562164	36	24	4	2	2	1	NA	NA	NA	unphased	2.17931034482759	1.08965517241379	2
13	19752463	19752464	86	35	2	2	0	1	NA	NA	NA	unphased	0.997435166714164	0.997435166714164	1
13	21476837	21476838	5	5	2	2	0	1	NA	NA	NA	unphased	1.72413793103448	1.72413793103448	1
13	28608039	28608040	32	8	2	2	0	1	NA	NA	NA	unphased	0.689655172413793	0.689655172413793	1
13	29933440	29933441	6	5	2	2	0	1	NA	NA	NA	unphased	1.56739811912226	1.56739811912226	1
13	31735659	31735660	32	15	2	2	0	1	NA	NA	NA	unphased	1.10051357300073	1.10051357300073	1
13	33638185	33638186	29	6	2	2	0	1	NA	NA	NA	unphased	0.591133004926108	0.591133004926108	1
13	33703276	33703277	38	10	2	2	0	1	NA	NA	NA	unphased	0.718390804597701	0.718390804597701	1
13	37006763	37006764	6	10	2	2	0	1	NA	NA	NA	unphased	2.1551724137931	1.07758620689655	2
13	38161052	38161053	6	3	2	2	0	1	NA	NA	NA	unphased	1.14942528735632	1.14942528735632	1
13	39448655	39448656	55	17	2	2	0	1	NA	NA	NA	unphased	0.814176245210728	0.814176245210728	1
13	41508026	41508027	63	22	2	2	0	1	NA	NA	NA	unphased	0.892494929006085	0.892494929006085	1
13	42277487	42277488	2	8	2	2	0	1	NA	NA	NA	unphased	2.75862068965517	1.37931034482759	2
13	48986458	48986459	10	5	2	2	0	1	NA	NA	NA	unphased	1.14942528735632	1.14942528735632	1
13	50141334	50141335	15	10	2	2	0	1	NA	NA	NA	unphased	1.37931034482759	1.37931034482759	1
13	51969544	51969545	22	3	2	2	0	1	NA	NA	NA	unphased	0.413793103448276	0.413793103448276	1
13	53217178	53217179	37	12	2	2	0	1	NA	NA	NA	unphased	0.844475721323012	0.844475721323012	1
13	101890144	101890145	23	8	3	3	0	1	NA	NA	NA	unphased	1.14794215795328	1.14794215795328	1
13	110857861	110857862	97	55	3	3	0	1	NA	NA	NA	unphased	1.60957350272232	0.804786751361162	2
13	111132572	111132573	84	25	3	3	0	1	NA	NA	NA	unphased	1.02024675735527	1.02024675735527	1
13	114292198	114292199	46	43	3	3	0	1	NA	NA	NA	unphased	2.14916698953894	1.07458349476947	2
13	114292199	114292200	46	43	3	3	0	1	NA	NA	NA	unphased	2.14916698953894	1.07458349476947	2
13	114751244	114751245	26	52	3	3	0	1	NA	NA	NA	unphased	2.96551724137931	0.988505747126437	3
14	19553803	19553804	968	69	NA	NA	NA	NA	NA	NA	NA	unphased	NA	NA	1
14	20295855	20295856	99	99	2	2	0	1	NA	NA	NA	unphased	1.72413793103448	0.862068965517241	2
14	20811811	20811812	9	5	4	3	1	1	NA	NA	NA	unphased	1.94581280788177	1.94581280788177	1
14	21424286	21424287	54	14	4	3	1	1	NA	NA	NA	unphased	1.12170385395538	1.12170385395538	1
14	21498851	21498852	30	7	4	3	1	1	NA	NA	NA	unphased	1.03075489282386	1.03075489282386	1
14	21825478	21825479	10	9	4	3	1	1	NA	NA	NA	unphased	2.58076225045372	0.860254083484574	3
14	22133579	22133580	126	25	4	3	1	1	NA	NA	NA	unphased	0.902032427494862	0.902032427494862	1
14	22315379	22315380	66	15	4	3	1	1	NA	NA	NA	unphased	1.00893997445722	1.00893997445722	1
14	22520787	22520788	7	7	4	3	1	1	NA	NA	NA	unphased	2.72413793103448	0.908045977011494	3
14	22580353	22580354	13	14	4	3	1	1	NA	NA	NA	unphased	2.8250319284802	0.941677309493401	3
14	22965937	22965938	22	3	4	3	1	1	NA	NA	NA	unphased	0.653793103448276	0.653793103448276	1
14	23021057	23021058	17	14	4	3	1	1	NA	NA	NA	unphased	2.46051167964405	0.82017055988135	3
14	23021058	23021059	16	14	4	3	1	1	NA	NA	NA	unphased	2.54252873563218	0.847509578544061	3
14	23521745	23521746	45	32	4	3	1	1	NA	NA	NA	unphased	2.26421854008061	1.1321092700403	2
14	23521746	23521747	46	32	4	3	1	1	NA	NA	NA	unphased	2.23519009725906	1.11759504862953	2
14	23564634	23564635	15	12	4	3	1	1	NA	NA	NA	unphased	2.42145593869732	0.807151979565773	3
14	23894585	23894586	58	56	4	3	1	1	NA	NA	NA	unphased	2.67634603750756	0.892115345835854	3
14	24030507	24030508	69	16	4	3	1	1	NA	NA	NA	unphased	1.02555780933063	1.02555780933063	1
14	24809079	24809080	29	35	4	3	1	1	NA	NA	NA	unphased	2.97952586206897	0.993175287356322	3
14	25101303	25101304	71	21	4	3	1	1	NA	NA	NA	unphased	1.24362818590705	1.24362818590705	1
14	25101304	25101305	70	21	4	3	1	1	NA	NA	NA	unphased	1.25729442970822	1.25729442970822	1
14	29237644	29237645	44	50	4	3	1	1	NA	NA	NA	unphased	2.8980190755686	0.966006358522866	3
14	31416423	31416424	20	15	4	3	1	1	NA	NA	NA	unphased	2.33497536945813	1.16748768472906	2
14	38295534	38295535	22	5	4	3	1	1	NA	NA	NA	unphased	1.00893997445722	1.00893997445722	1
14	38724657	38724658	71	97	4	3	1	1	NA	NA	NA	unphased	3.14573070607553	1.04857690202518	3
14	39790160	39790161	26	8	4	3	1	1	NA	NA	NA	unphased	1.28194726166329	1.28194726166329	1
14	42360866	42360867	38	9	4	3	1	1	NA	NA	NA	unphased	1.0432868672047	1.0432868672047	1
14	51208306	51208307	39	6	4	3	1	1	NA	NA	NA	unphased	0.726436781609196	0.726436781609196	1
14	51448565	51448566	77	107	4	3	1	1	NA	NA	NA	unphased	3.16829085457271	1.05609695152424	3
14	55455826	55455827	15	18	4	3	1	1	NA	NA	NA	unphased	2.9717868338558	0.990595611285267	3
14	58785523	58785524	10	7	4	3	1	1	NA	NA	NA	unphased	2.24340770791075	1.12170385395538	2
14	59112481	59112482	109	17	4	3	1	1	NA	NA	NA	unphased	0.735084838533114	0.735084838533114	1
14	60977880	60977881	31	38	4	3	1	1	NA	NA	NA	unphased	3.00049975012494	1.00016658337498	3
14	62567416	62567417	21	3	4	3	1	1	NA	NA	NA	unphased	0.681034482758621	0.681034482758621	1
14	63269054	63269055	86	12	4	3	1	1	NA	NA	NA	unphased	0.667135819845179	0.667135819845179	1
14	68048817	68048818	13	6	4	3	1	1	NA	NA	NA	unphased	1.72050816696915	1.72050816696915	1
14	70252969	70252970	24	33	4	3	1	1	NA	NA	NA	unphased	3.15426497277677	1.05142165759226	3
14	74823885	74823886	67	33	4	3	1	1	NA	NA	NA	unphased	1.79793103448276	0.898965517241379	2
14	77935576	77935577	151	29	4	3	1	1	NA	NA	NA	unphased	0.877777777777778	0.877777777777778	1
14	77935582	77935583	144	29	4	3	1	1	NA	NA	NA	unphased	0.913294797687861	0.913294797687861	1
14	79423596	79423597	52	20	4	3	1	1	NA	NA	NA	unphased	1.51340996168582	0.756704980842912	2
14	81969146	81969147	29	18	4	3	1	1	NA	NA	NA	unphased	2.08657373440939	1.0432868672047	2
14	90756768	90756769	27	20	4	3	1	1	NA	NA	NA	unphased	2.31841526045488	1.15920763022744	2
14	91282589	91282590	16	11	4	3	1	1	NA	NA	NA	unphased	2.21966794380587	1.10983397190294	2
14	92471926	92471927	47	12	4	3	1	1	NA	NA	NA	unphased	1.10812390414962	1.10812390414962	1
14	94044187	94044188	47	29	4	3	1	1	NA	NA	NA	unphased	2.07894736842105	1.03947368421053	2
14	94046585	94046586	47	10	4	3	1	1	NA	NA	NA	unphased	0.955837870538415	0.955837870538415	1
14	94069699	94069700	65	14	4	3	1	1	NA	NA	NA	unphased	0.96551724137931	0.96551724137931	1
14	94718217	94718218	15	11	4	3	1	1	NA	NA	NA	unphased	2.30503978779841	1.1525198938992	2
14	94770679	94770680	25	7	4	3	1	1	NA	NA	NA	unphased	1.19181034482759	1.19181034482759	1
14	94915113	94915114	85	22	4	3	1	1	NA	NA	NA	unphased	1.12020625201418	1.12020625201418	1
14	95057195	95057196	63	7	4	3	1	1	NA	NA	NA	unphased	0.544827586206897	0.544827586206897	1
14	96129985	96129986	22	17	4	3	1	1	NA	NA	NA	unphased	2.37488947833775	1.18744473916888	2
14	96730965	96730966	123	15	4	3	1	1	NA	NA	NA	unphased	0.592203898050975	0.592203898050975	1
14	101492128	101492129	72	44	3	2	1	1	NA	NA	NA	unphased	1.68727705112961	0.843638525564804	2
14	101515002	101515003	22	5	3	2	1	1	NA	NA	NA	unphased	0.823754789272031	0.823754789272031	1
14	105213453	105213454	11	8	3	2	1	1	NA	NA	NA	unphased	1.87295825771325	0.936479128856624	2
15	22939265	22939266	21	4	2	1	1	1	NA	NA	NA	unphased	0.551724137931035	0.551724137931035	1
15	27571980	27571981	36	8	2	1	1	1	NA	NA	NA	unphased	0.626959247648903	0.626959247648903	1
15	29346285	29346286	68	31	2	1	1	1	NA	NA	NA	unphased	1.07976314872867	1.07976314872867	1
15	34673669	34673670	55	21	2	1	1	1	NA	NA	NA	unphased	0.952813067150635	0.952813067150635	1
15	35275469	35275470	13	4	2	1	1	1	NA	NA	NA	unphased	0.811359026369168	0.811359026369168	1
15	38643836	38643837	40	14	2	1	1	1	NA	NA	NA	unphased	0.893997445721584	0.893997445721584	1
15	41762492	41762493	59	21	2	1	1	1	NA	NA	NA	unphased	0.905172413793104	0.905172413793104	1
15	42042357	42042358	16	6	2	1	1	1	NA	NA	NA	unphased	0.940438871473354	0.940438871473354	1
15	45661523	45661524	17	4	2	1	1	1	NA	NA	NA	unphased	0.656814449917898	0.656814449917898	1
15	49659650	49659651	10	3	2	1	1	1	NA	NA	NA	unphased	0.795755968169761	0.795755968169761	1
15	50152287	50152288	14	4	2	1	1	1	NA	NA	NA	unphased	0.766283524904215	0.766283524904215	1
15	50886680	50886681	11	10	2	1	1	1	NA	NA	NA	unphased	1.64203612479475	1.64203612479475	1
15	51041052	51041053	27	13	2	1	1	1	NA	NA	NA	unphased	1.12068965517241	1.12068965517241	1
15	58902553	58902554	30	11	2	1	1	1	NA	NA	NA	unphased	0.925147182506308	0.925147182506308	1
15	59502770	59502771	11	3	2	1	1	1	NA	NA	NA	unphased	0.738916256157635	0.738916256157635	1
15	65350889	65350890	36	12	2	1	1	1	NA	NA	NA	unphased	0.862068965517241	0.862068965517241	1
15	65680854	65680855	108	43	2	1	1	1	NA	NA	NA	unphased	0.981959351450103	0.981959351450103	1
15	71125349	71125350	30	8	2	1	1	1	NA	NA	NA	unphased	0.725952813067151	0.725952813067151	1
15	71535337	71535338	55	18	2	1	1	1	NA	NA	NA	unphased	0.850259801606046	0.850259801606046	1
15	72144531	72144532	8	3	2	1	1	1	NA	NA	NA	unphased	0.940438871473354	0.940438871473354	1
15	72668432	72668433	16	6	2	1	1	1	NA	NA	NA	unphased	0.940438871473354	0.940438871473354	1
15	74625099	74625100	49	25	2	1	1	1	NA	NA	NA	unphased	1.16495806150979	1.16495806150979	1
15	74836553	74836554	43	10	2	1	1	1	NA	NA	NA	unphased	0.650618087182824	0.650618087182824	1
15	75586707	75586708	53	21	2	1	1	1	NA	NA	NA	unphased	0.97856477166822	0.97856477166822	1
15	75968674	75968675	21	12	2	1	1	1	NA	NA	NA	unphased	1.25391849529781	1.25391849529781	1
15	78213929	78213930	49	16	2	1	1	1	NA	NA	NA	unphased	0.848806366047746	0.848806366047746	1
15	81565481	81565482	27	6	2	1	1	1	NA	NA	NA	unphased	0.626959247648903	0.626959247648903	1
15	81592788	81592789	39	14	2	1	1	1	NA	NA	NA	unphased	0.910865322055953	0.910865322055953	1
15	83330575	83330576	9	3	2	1	1	1	NA	NA	NA	unphased	0.862068965517241	0.862068965517241	1
15	83931830	83931831	29	8	2	1	1	1	NA	NA	NA	unphased	0.745573159366263	0.745573159366263	1
15	84651141	84651142	45	18	2	1	1	1	NA	NA	NA	unphased	0.985221674876847	0.985221674876847	1
15	84694095	84694096	22	10	2	1	1	1	NA	NA	NA	unphased	1.07758620689655	1.07758620689655	1
15	85383658	85383659	22	8	2	1	1	1	NA	NA	NA	unphased	0.919540229885058	0.919540229885058	1
15	90026425	90026426	21	4	2	1	1	1	NA	NA	NA	unphased	0.551724137931035	0.551724137931035	1
15	101432773	101432774	29	8	2	1	1	1	NA	NA	NA	unphased	0.745573159366263	0.745573159366263	1
16	538968	538969	49	6	4	2	2	1	NA	NA	NA	unphased	0.59435736677116	0.59435736677116	1
16	599729	599730	12	4	4	2	2	1	NA	NA	NA	unphased	1.36206896551724	1.36206896551724	1
16	775483	775484	59	38	4	2	2	1	NA	NA	NA	unphased	2.13437611091362	1.06718805545681	2
16	777536	777537	17	9	4	2	2	1	NA	NA	NA	unphased	1.88594164456233	0.942970822281167	2
16	814908	814909	22	3	4	2	2	1	NA	NA	NA	unphased	0.653793103448276	0.653793103448276	1
16	1255175	1255176	57	23	4	2	2	1	NA	NA	NA	unphased	1.56637931034483	0.783189655172414	2
16	1270531	1270532	48	16	4	2	2	1	NA	NA	NA	unphased	1.36206896551724	1.36206896551724	1
16	1389588	1389589	11	7	4	2	2	1	NA	NA	NA	unphased	2.11877394636015	1.05938697318008	2
16	1479205	1479206	133	24	4	2	2	1	NA	NA	NA	unphased	0.832857456622007	0.832857456622007	1
16	2090149	2090150	223	34	4	2	2	1	NA	NA	NA	unphased	0.720783577083054	0.720783577083054	1
16	2150185	2150186	59	8	4	2	2	1	NA	NA	NA	unphased	0.650540401441071	0.650540401441071	1
16	2152078	2152079	8	9	4	2	2	1	NA	NA	NA	unphased	2.88438133874239	1.4421906693712	2
16	2158298	2158299	68	20	4	2	2	1	NA	NA	NA	unphased	1.23824451410658	1.23824451410658	1
16	2158456	2158457	67	33	4	2	2	1	NA	NA	NA	unphased	1.79793103448276	0.898965517241379	2
16	2817765	2817766	118	20	4	2	2	1	NA	NA	NA	unphased	0.7896051974013	0.7896051974013	1
16	3533406	3533407	15	8	4	2	2	1	NA	NA	NA	unphased	1.89505247376312	0.947526236881559	2
16	4016221	4016222	146	85	4	2	2	1	NA	NA	NA	unphased	2.00477683236304	1.00238841618152	2
16	5106093	5106094	52	17	4	2	2	1	NA	NA	NA	unphased	1.34232883558221	1.34232883558221	1
16	7629896	7629897	49	14	4	2	2	1	NA	NA	NA	unphased	1.21072796934866	1.21072796934866	1
16	18861342	18861343	19	8	4	2	2	1	NA	NA	NA	unphased	1.61430395913155	1.61430395913155	1
16	19621666	19621667	29	12	4	2	2	1	NA	NA	NA	unphased	1.5946173254836	1.5946173254836	1
16	20335218	20335219	39	23	4	2	2	1	NA	NA	NA	unphased	2.02113459399333	1.01056729699666	2
16	20441104	20441105	76	20	4	2	2	1	NA	NA	NA	unphased	1.13505747126437	1.13505747126437	1
16	20576043	20576044	18	15	4	2	2	1	NA	NA	NA	unphased	2.47648902821317	1.23824451410658	2
16	20681176	20681177	26	8	4	2	2	1	NA	NA	NA	unphased	1.28194726166329	1.28194726166329	1
16	20976220	20976221	75	44	4	2	2	1	NA	NA	NA	unphased	2.01448855404231	1.00724427702115	2
16	20976259	20976260	98	60	4	2	2	1	NA	NA	NA	unphased	2.06896551724138	1.03448275862069	2
16	22337458	22337459	27	20	4	2	2	1	NA	NA	NA	unphased	2.31841526045488	1.15920763022744	2
16	24231278	24231279	16	7	4	2	2	1	NA	NA	NA	unphased	1.65817091454273	1.65817091454273	1
16	24583298	24583299	38	22	4	2	2	1	NA	NA	NA	unphased	1.99770114942529	0.998850574712644	2
16	24802809	24802810	31	17	4	2	2	1	NA	NA	NA	unphased	1.92959770114943	0.964798850574713	2
16	27363912	27363913	152	30	4	2	2	1	NA	NA	NA	unphased	0.898067449791588	0.898067449791588	1
16	28509317	28509318	34	24	4	2	2	1	NA	NA	NA	unphased	2.25445897740785	1.12722948870392	2
16	28884518	28884519	18	3	4	2	2	1	NA	NA	NA	unphased	0.778325123152709	0.778325123152709	1
16	28969956	28969957	54	25	4	2	2	1	NA	NA	NA	unphased	1.72413793103448	0.862068965517241	2
16	28970310	28970311	61	9	4	2	2	1	NA	NA	NA	unphased	0.700492610837439	0.700492610837439	1
16	29884967	29884968	56	16	4	2	2	1	NA	NA	NA	unphased	1.21072796934866	1.21072796934866	1
16	31477830	31477831	27	22	4	2	2	1	NA	NA	NA	unphased	2.44616467276566	1.22308233638283	2
16	47294595	47294596	18	16	2	2	0	1	NA	NA	NA	unphased	1.62271805273834	0.811359026369168	2
16	49670950	49670951	47	36	2	2	0	1	NA	NA	NA	unphased	1.49563772330702	0.747818861653511	2
16	53358028	53358029	59	37	2	2	0	1	NA	NA	NA	unphased	1.32902298850575	1.32902298850575	1
16	55735807	55735808	51	25	2	2	0	1	NA	NA	NA	unphased	1.13430127041742	1.13430127041742	1
16	57113514	57113515	26	36	2	2	0	1	NA	NA	NA	unphased	2.00222469410456	1.00111234705228	2
16	71318898	71318899	5	20	2	2	0	1	NA	NA	NA	unphased	2.75862068965517	1.37931034482759	2
16	71408717	71408718	5	12	2	2	0	1	NA	NA	NA	unphased	2.43407707910751	1.21703853955375	2
16	76528950	76528951	6	19	2	2	0	1	NA	NA	NA	unphased	2.62068965517241	1.31034482758621	2
16	82131907	82131908	27	28	2	2	0	1	NA	NA	NA	unphased	1.75548589341693	0.877742946708464	2
16	86545011	86545012	6	7	2	2	0	1	NA	NA	NA	unphased	1.85676392572944	0.928381962864722	2
16	86601424	86601425	43	58	2	2	0	1	NA	NA	NA	unphased	1.98019801980198	0.99009900990099	2
17	1494730	1494731	23	43	3	3	0	1	NA	NA	NA	unphased	2.89811912225705	0.966039707419018	3
17	1558655	1558656	15	21	3	3	0	1	NA	NA	NA	unphased	2.5948275862069	0.864942528735632	3
17	1558656	1558657	15	21	3	3	0	1	NA	NA	NA	unphased	2.5948275862069	0.864942528735632	3
17	3337085	3337086	33	45	3	3	0	1	NA	NA	NA	unphased	2.56631299734748	0.855437665782493	3
17	3343582	3343583	4	13	3	3	0	1	NA	NA	NA	unphased	3.40162271805274	1.13387423935091	3
17	4356452	4356453	57	94	3	3	0	1	NA	NA	NA	unphased	2.76912537108929	0.923041790363097	3
17	5071276	5071277	34	38	3	3	0	1	NA	NA	NA	unphased	2.34770114942529	1.17385057471264	2
17	5323478	5323479	6	12	3	3	0	1	NA	NA	NA	unphased	2.96551724137931	0.988505747126437	3
17	5424866	5424867	48	11	3	3	0	1	NA	NA	NA	unphased	0.829339567504384	0.829339567504384	1
17	7250477	7250478	58	18	3	3	0	1	NA	NA	NA	unphased	1.0535390199637	1.0535390199637	1
17	7369683	7369684	31	10	3	3	0	1	NA	NA	NA	unphased	1.08494533221194	1.08494533221194	1
17	7415813	7415814	17	45	3	3	0	1	NA	NA	NA	unphased	3.2285873192436	1.0761957730812	3
17	7669695	7669696	27	49	3	3	0	1	NA	NA	NA	unphased	2.86796733212341	0.955989110707804	3
17	7945723	7945724	20	38	3	3	0	1	NA	NA	NA	unphased	2.91438763376932	0.971462544589774	3
17	7983351	7983352	3	15	3	3	0	1	NA	NA	NA	unphased	3.70689655172414	1.23563218390805	3
17	9801521	9801522	58	43	3	3	0	1	NA	NA	NA	unphased	1.89382041652441	0.946910208262206	2
17	10304096	10304097	57	31	3	3	0	1	NA	NA	NA	unphased	1.56700626959248	0.783503134796238	2
17	10442631	10442632	91	107	3	3	0	1	NA	NA	NA	unphased	2.40386624869384	0.801288749564612	3
17	10538315	10538316	59	19	3	3	0	1	NA	NA	NA	unphased	1.08355437665783	1.08355437665783	1
17	11511620	11511621	44	59	3	3	0	1	NA	NA	NA	unphased	2.54804151322397	0.849347171074657	3
17	11607716	11607717	48	10	3	3	0	1	NA	NA	NA	unphased	0.766944114149822	0.766944114149822	1
17	11672502	11672503	38	47	3	3	0	1	NA	NA	NA	unphased	2.45963488843813	0.819878296146045	3
17	11672528	11672529	36	45	3	3	0	1	NA	NA	NA	unphased	2.47126436781609	0.823754789272031	3
17	16852291	16852292	35	30	3	3	0	1	NA	NA	NA	unphased	2.05305039787798	1.02652519893899	2
17	26574519	26574520	9	4	6	3	3	1	NA	NA	NA	unphased	2.29177718832891	2.29177718832891	1
17	26817754	26817755	136	14	6	3	3	1	NA	NA	NA	unphased	0.695172413793103	0.695172413793103	1
17	26821466	26821467	127	64	6	3	3	1	NA	NA	NA	unphased	2.49575735692363	0.831919118974544	3
17	27493466	27493467	40	32	6	3	3	1	NA	NA	NA	unphased	3.31034482758621	1.10344827586207	3
17	29233218	29233219	82	55	6	3	3	1	NA	NA	NA	unphased	2.99018374024666	0.996727913415555	3
17	31618818	31618819	50	26	6	3	3	1	NA	NA	NA	unphased	2.5480943738657	0.849364791288566	3
17	32597376	32597377	52	26	6	3	3	1	NA	NA	NA	unphased	2.48275862068965	0.827586206896552	3
17	33266229	33266230	59	19	6	3	3	1	NA	NA	NA	unphased	1.81432360742706	0.907161803713528	2
17	33434070	33434071	90	56	6	3	3	1	NA	NA	NA	unphased	2.85687293339631	0.952290977798772	3
17	33464162	33464163	50	41	6	3	3	1	NA	NA	NA	unphased	3.35581659719591	1.11860553239864	3
17	33464163	33464164	49	40	6	3	3	1	NA	NA	NA	unphased	3.34753971328942	1.11584657109647	3
17	34182382	34182383	48	33	6	3	3	1	NA	NA	NA	unphased	3.03448275862069	1.01149425287356	3
17	34185974	34185975	118	21	6	3	3	1	NA	NA	NA	unphased	1.12527908707517	1.12527908707517	1
17	36876111	36876112	21	5	6	3	3	1	NA	NA	NA	unphased	1.43236074270557	1.43236074270557	1
17	37563813	37563814	30	15	6	3	3	1	NA	NA	NA	unphased	2.48275862068965	0.827586206896552	3
17	37563814	37563815	31	15	6	3	3	1	NA	NA	NA	unphased	2.4287856071964	0.809595202398801	3
17	38520081	38520082	14	10	6	3	3	1	NA	NA	NA	unphased	3.10344827586207	1.03448275862069	3
17	39538477	39538478	108	44	6	3	3	1	NA	NA	NA	unphased	2.15607985480944	1.07803992740472	2
17	39670872	39670873	28	9	6	3	3	1	NA	NA	NA	unphased	1.81174277726002	0.905871388630009	2
17	39670873	39670874	27	9	6	3	3	1	NA	NA	NA	unphased	1.86206896551724	0.931034482758621	2
17	40733880	40733881	55	31	6	3	3	1	NA	NA	NA	unphased	2.68484362469928	0.894947874899759	3
17	41003333	41003334	140	79	6	3	3	1	NA	NA	NA	unphased	2.68682097307511	0.895606991025035	3
17	41367824	41367825	379	201	6	3	3	1	NA	NA	NA	unphased	2.58121284185493	0.860404280618312	3
17	42239316	42239317	112	12	6	3	3	1	NA	NA	NA	unphased	0.720800889877642	0.720800889877642	1
17	43367930	43367931	73	36	6	3	3	1	NA	NA	NA	unphased	2.45998101866498	0.819993672888327	3
17	43531196	43531197	129	59	6	3	3	1	NA	NA	NA	unphased	2.33749082905356	1.16874541452678	2
17	43545798	43545799	62	53	6	3	3	1	NA	NA	NA	unphased	3.43268365817091	1.14422788605697	3
17	43912171	43912172	40	33	6	5	1	1	NA	NA	NA	unphased	3.36702881435994	1.12234293811998	3
17	45351864	45351865	234	39	5.35	3	3	0.87	0	1	0.13	unphased	0.971182266009852	0.971182266009852	1
17	45925245	45925246	17	3	5.35	3	3	0.87	0	1	0.13	unphased	1.01974137931034	1.01974137931034	1
17	48264872	48264873	44	19	5.35	3	3	0.87	0	1	0.13	unphased	2.05027367268747	1.09640303352271	1.87
17	48696026	48696027	47	21	5.35	3	3	0.87	0	1	0.13	unphased	2.09946754563895	1.12270991745398	1.87
17	48762200	48762201	128	14	5.35	3	3	0.87	0	1	0.13	unphased	0.670252549781447	0.670252549781447	1
17	53398223	53398224	31	7	5.35	3	3	0.87	0	1	0.13	unphased	1.25231397459165	1.25231397459165	1
17	54558176	54558177	62	25	5.35	3	3	0.87	0	1	0.13	unphased	1.95352754657154	1.04466713720403	1.87
17	55339530	55339531	35	6	5.35	3	3	0.87	0	1	0.13	unphased	0.994869638351556	0.994869638351556	1
17	55945510	55945511	55	25	5.35	3	3	0.87	0	1	0.13	unphased	2.12446120689655	1.13607551170939	1.87
17	56276477	56276478	81	7	5.35	3	3	0.87	0	1	0.13	unphased	0.540771943573668	0.540771943573668	1
17	56692696	56692697	92	50	5.35	3	3	0.87	0	1	0.13	unphased	2.39375910636231	0.917149082897437	2.61
17	57089792	57089793	21	8	5.35	3	3	0.87	0	1	0.13	unphased	1.87538644470868	1.00288045171587	1.87
17	57288526	57288527	149	27	5.35	3	3	0.87	0	1	0.13	unphased	1.04291731974922	1.04291731974922	1
17	57746154	57746155	10	4	5.35	3	3	0.87	0	1	0.13	unphased	1.9423645320197	1.9423645320197	1
17	59118182	59118183	77	17	5.35	3	3	0.87	0	1	0.13	unphased	1.22947542186354	1.22947542186354	1
17	59445779	59445780	126	15	5.35	3	3	0.87	0	1	0.13	unphased	0.723220836390315	0.723220836390315	1
17	59557320	59557321	158	58	5.35	3	3	0.87	0	1	0.13	unphased	1.82546296296296	0.976183402653991	1.87
17	60518051	60518052	59	29	5.35	3	3	0.87	0	1	0.13	unphased	2.24034090909091	0.858368164402647	2.61
17	60767527	60767528	54	31	5.35	3	3	0.87	0	1	0.13	unphased	2.47937119675456	0.949950650097534	2.61
17	60802427	60802428	115	81	5.35	3	3	0.87	0	1	0.13	unphased	2.80949155524279	0.978916918203062	2.87
17	61771007	61771008	132	12	5.35	3	3	0.87	0	1	0.13	unphased	0.566522988505747	0.65117584885718	0.87
17	61904195	61904196	56	42	5.35	3	3	0.87	0	1	0.13	unphased	2.91354679802956	1.01517310035873	2.87
17	64880921	64880922	129	23	5.35	3	3	0.87	0	1	0.13	unphased	1.02868647912886	1.02868647912886	1
17	66899626	66899627	42	16	5.35	3	3	0.87	0	1	0.13	unphased	1.87538644470868	1.00288045171587	1.87
17	67016572	67016573	63	12	5.35	3	3	0.87	0	1	0.13	unphased	1.08772413793103	1.08772413793103	1
17	67178889	67178890	53	19	5.35	3	3	0.87	0	1	0.13	unphased	1.79398946360153	1.0310284273572	1.74
17	67197766	67197767	19	5	5.35	3	3	0.87	0	1	0.13	unphased	1.41630747126437	1.41630747126437	1
17	71335029	71335030	78	8	5.35	3	3	0.87	0	1	0.13	unphased	0.632397754611067	0.632397754611067	1
17	72246115	72246116	189	20	5.35	3	3	0.87	0	1	0.13	unphased	0.650552714073585	0.747761740314466	0.87
17	72436920	72436921	91	8	5.35	3	3	0.87	0	1	0.13	unphased	0.549355625217694	0.63144324737666	0.87
17	72443038	72443039	97	50	5.35	3	3	0.87	0	1	0.13	unphased	2.31233872859489	0.88595353586011	2.61
17	73735959	73735960	67	42	5.35	3	3	0.87	0	1	0.13	unphased	2.61951913951281	1.00364717988997	2.61
17	74071305	74071306	72	26	5.35	3	3	0.87	0	1	0.13	unphased	1.80362420830401	0.964504924226744	1.87
17	74621581	74621582	45	24	5.35	3	3	0.87	0	1	0.13	unphased	2.36461769115442	0.905983789714338	2.61
17	76803210	76803211	80	13	5.4	3	3	0.85	1	1	0.15	unphased	0.957285873192436	0.957285873192436	1
17	78327428	78327429	52	33	5.4	3	3	0.85	1	1	0.15	unphased	2.65874239350913	0.984719405003381	2.7
17	79671275	79671276	48	26	5.4	3	3	0.85	1	1	0.15	unphased	2.40615097856477	0.891167029098064	2.7
17	79801923	79801924	269	70	5.4	3	3	0.85	1	1	0.15	unphased	1.41409826060421	0.764377438164438	1.85
17	80445932	80445933	116	58	5.4	3	3	0.85	1	1	0.15	unphased	2.28275862068965	0.845466155810983	2.7
18	5489095	5489096	23	8	4	3	1	1	NA	NA	NA	unphased	1.40600667408231	1.40600667408231	1
18	6943296	6943297	77	9	4	3	1	1	NA	NA	NA	unphased	0.570168404170008	0.570168404170008	1
18	6948534	6948535	39	16	4	3	1	1	NA	NA	NA	unphased	1.58495297805643	0.792476489028213	2
18	6975017	6975018	40	37	4	3	1	1	NA	NA	NA	unphased	2.6180026869682	0.872667562322735	3
18	7025979	7025980	13	21	4	3	1	1	NA	NA	NA	unphased	3.36511156186613	1.12170385395538	3
18	14851566	14851567	8	3	3.07	3	1	0.69	1	0	0.31	unphased	1.23225705329154	1.23225705329154	1
18	21214025	21214026	21	19	2	1	1	1	NA	NA	NA	unphased	1.63793103448276	1.63793103448276	1
18	22669428	22669429	13	4	2	1	1	1	NA	NA	NA	unphased	0.811359026369168	0.811359026369168	1
18	22804557	22804558	60	14	2	1	1	1	NA	NA	NA	unphased	0.65237651444548	0.65237651444548	1
18	22804679	22804680	49	15	2	1	1	1	NA	NA	NA	unphased	0.808189655172414	0.808189655172414	1
18	22806449	22806450	19	4	2	1	1	1	NA	NA	NA	unphased	0.599700149925038	0.599700149925038	1
18	29056004	29056005	57	24	2	1	1	1	NA	NA	NA	unphased	1.02171136653895	1.02171136653895	1
18	30092373	30092374	39	9	2	1	1	1	NA	NA	NA	unphased	0.646551724137931	0.646551724137931	1
18	30092817	30092818	16	6	2	1	1	1	NA	NA	NA	unphased	0.940438871473354	0.940438871473354	1
18	33272143	33272144	11	5	2	1	1	1	NA	NA	NA	unphased	1.07758620689655	1.07758620689655	1
18	33795716	33795717	43	12	2	1	1	1	NA	NA	NA	unphased	0.752351097178683	0.752351097178683	1
18	48252396	48252397	30	17	1	1	0	1	NA	NA	NA	unphased	0.885546588407924	0.885546588407924	1
18	54694337	54694338	23	13	1	1	0	1	NA	NA	NA	unphased	0.884099616858238	0.884099616858238	1
18	55027467	55027468	12	7	1	1	0	1	NA	NA	NA	unphased	0.901996370235935	0.901996370235935	1
18	58039474	58039475	19	14	1	1	0	1	NA	NA	NA	unphased	1.03866248693835	1.03866248693835	1
18	63511182	63511183	19	8	1	1	0	1	NA	NA	NA	unphased	0.725415070242656	0.725415070242656	1
18	74617119	74617120	7	6	1	1	0	1	NA	NA	NA	unphased	1.12997347480106	1.12997347480106	1
18	76753758	76753759	6	6	1	1	0	1	NA	NA	NA	unphased	1.22413793103448	1.22413793103448	1
19	815827	815828	24	21	3	2	1	1	NA	NA	NA	unphased	2.07586206896552	1.03793103448276	2
19	1008895	1008896	9	10	3	2	1	1	NA	NA	NA	unphased	2.34119782214156	1.17059891107078	2
19	2917793	2917794	39	5	3	2	1	1	NA	NA	NA	unphased	0.505485893416928	0.505485893416928	1
19	3293495	3293496	13	20	3	2	1	1	NA	NA	NA	unphased	2.69592476489028	1.34796238244514	2
19	4944409	4944410	47	39	3	2	1	1	NA	NA	NA	unphased	2.01724137931034	1.00862068965517	2
19	4954741	4954742	51	21	3	2	1	1	NA	NA	NA	unphased	1.29741379310345	1.29741379310345	1
19	5456378	5456379	66	30	3	2	1	1	NA	NA	NA	unphased	1.39008620689655	0.695043103448276	2
19	5456734	5456735	37	15	3	2	1	1	NA	NA	NA	unphased	1.28315649867374	1.28315649867374	1
19	5684827	5684828	62	12	3	2	1	1	NA	NA	NA	unphased	0.721342031686859	0.721342031686859	1
19	5867135	5867136	57	18	3	2	1	1	NA	NA	NA	unphased	1.06758620689655	1.06758620689655	1
19	6387449	6387450	71	16	3	2	1	1	NA	NA	NA	unphased	0.81807372175981	0.81807372175981	1
19	6496001	6496002	191	47	3	2	1	1	NA	NA	NA	unphased	0.878441031585048	0.878441031585048	1
19	7623911	7623912	65	14	3	2	1	1	NA	NA	NA	unphased	0.788302051505893	0.788302051505893	1
19	7623912	7623913	66	15	3	2	1	1	NA	NA	NA	unphased	0.823754789272031	0.823754789272031	1
19	7707909	7707910	87	28	3	2	1	1	NA	NA	NA	unphased	1.08305847076462	1.08305847076462	1
19	7808994	7808995	49	11	3	2	1	1	NA	NA	NA	unphased	0.81551724137931	0.81551724137931	1
19	7975955	7975956	62	7	3	2	1	1	NA	NA	NA	unphased	0.451274362818591	0.451274362818591	1
19	8495556	8495557	53	18	3	2	1	1	NA	NA	NA	unphased	1.12773190869354	1.12773190869354	1
19	9003571	9003572	146	86	3	2	1	1	NA	NA	NA	unphased	1.64892984542212	0.824464922711058	2
19	9011441	9011442	181	41	3	2	1	1	NA	NA	NA	unphased	0.821528424976701	0.821528424976701	1
19	9048741	9048742	74	24	3	2	1	1	NA	NA	NA	unphased	1.08937368050669	1.08937368050669	1
19	9060122	9060123	45	10	3	2	1	1	NA	NA	NA	unphased	0.808777429467085	0.808777429467085	1
19	9074423	9074424	13	12	3	2	1	1	NA	NA	NA	unphased	2.1351724137931	1.06758620689655	2
19	9088249	9088250	75	54	3	2	1	1	NA	NA	NA	unphased	1.86206896551724	0.931034482758621	2
19	9960079	9960080	13	4	3	2	1	1	NA	NA	NA	unphased	1.04665314401623	1.04665314401623	1
19	10265614	10265615	46	14	3	2	1	1	NA	NA	NA	unphased	1.03793103448276	1.03793103448276	1
19	10694625	10694626	6	6	3	2	1	1	NA	NA	NA	unphased	2.22413793103448	1.11206896551724	2
19	11565616	11565617	131	104	3	2	1	1	NA	NA	NA	unphased	1.96859867938371	0.984299339691856	2
19	12759989	12759990	35	9	1.5	2	1	0.25	1	0	0.75	unphased	0.603056426332289	0.603056426332289	1
19	12858359	12858360	37	15	1.5	2	1	0.25	1	0	0.75	unphased	0.850464190981432	0.850464190981432	1
19	12903686	12903687	10	3	1.5	2	1	0.25	1	0	0.75	unphased	0.680371352785146	0.680371352785146	1
19	13869918	13869919	28	6	1.5	2	1	0.25	1	0	0.75	unphased	0.520283975659229	0.520283975659229	1
19	14829434	14829435	25	25	1.5	2	1	0.25	1	0	0.75	unphased	1.47413793103448	1.17931034482759	1.25
19	15226100	15226101	79	20	1.5	2	1	0.25	1	0	0.75	unphased	0.595611285266458	0.595611285266458	1
19	15302574	15302575	69	10	1.5	2	1	0.25	1	0	0.75	unphased	0.373199476211262	1.49279790484505	0.25
19	15302575	15302576	68	10	1.5	2	1	0.25	1	0	0.75	unphased	0.377984084880637	1.51193633952255	0.25
19	15511760	15511761	39	10	1.5	2	1	0.25	1	0	0.75	unphased	0.601688951442646	0.601688951442646	1
19	15587313	15587314	42	7	1.5	2	1	0.25	1	0	0.75	unphased	0.421182266009852	0.421182266009852	1
19	15730463	15730464	32	8	1.5	2	1	0.25	1	0	0.75	unphased	0.589655172413793	0.589655172413793	1
19	15990435	15990436	151	32	1.5	2	1	0.25	1	0	0.75	unphased	0.515545505935557	0.515545505935557	1
19	16178525	16178526	46	8	1.5	2	1	0.25	1	0	0.75	unphased	0.436781609195402	0.436781609195402	1
19	17737455	17737456	4	6	1.5	2	1	0.25	1	0	0.75	unphased	1.76896551724138	1.76896551724138	1
19	17973772	17973773	35	25	1.5	2	1	0.25	1	0	0.75	unphased	1.22844827586207	1.22844827586207	1
19	18274193	18274194	53	10	1.5	2	1	0.25	1	0	0.75	unphased	0.467980295566503	0.467980295566503	1
19	19337841	19337842	44	28	1.5	2	1	0.25	1	0	0.75	unphased	1.14655172413793	1.14655172413793	1
19	19378818	19378819	45	10	1.5	2	1	0.25	1	0	0.75	unphased	0.536050156739812	0.536050156739812	1
19	22941657	22941658	15	6	1.5	2	1	0.25	1	0	0.75	unphased	0.842364532019704	0.842364532019704	1
19	31769221	31769222	186	47	3	2	1	1	NA	NA	NA	unphased	0.89729169749889	0.89729169749889	1
19	35823739	35823740	34	26	3	2	1	1	NA	NA	NA	unphased	1.92758620689655	0.963793103448276	2
19	35827244	35827245	42	8	3	2	1	1	NA	NA	NA	unphased	0.711724137931035	0.711724137931035	1
19	35941413	35941414	132	24	3	2	1	1	NA	NA	NA	unphased	0.684350132625995	0.684350132625995	1
19	36004048	36004049	37	44	3	2	1	1	NA	NA	NA	unphased	2.41634738186462	1.20817369093231	2
19	36168763	36168764	20	14	3	2	1	1	NA	NA	NA	unphased	1.8316430020284	0.915821501014199	2
19	36214651	36214652	9	7	3	2	1	1	NA	NA	NA	unphased	1.94612068965517	0.973060344827586	2
19	36227813	36227814	37	25	3	2	1	1	NA	NA	NA	unphased	1.793659621802	0.896829810901001	2
19	36228973	36228974	21	27	3	2	1	1	NA	NA	NA	unphased	2.50215517241379	1.2510775862069	2
19	36333428	36333429	50	34	3	2	1	1	NA	NA	NA	unphased	1.80049261083744	0.900246305418719	2
19	36900689	36900690	15	15	3	2	1	1	NA	NA	NA	unphased	2.22413793103448	1.11206896551724	2
19	37118439	37118440	19	6	3	2	1	1	NA	NA	NA	unphased	1.06758620689655	1.06758620689655	1
19	37314598	37314599	31	4	3	2	1	1	NA	NA	NA	unphased	0.508374384236453	0.508374384236453	1
19	38876588	38876589	9	5	3	2	1	1	NA	NA	NA	unphased	1.58866995073892	1.58866995073892	1
19	39100298	39100299	17	13	3	2	1	1	NA	NA	NA	unphased	1.92758620689655	0.963793103448276	2
19	39322146	39322147	32	11	3	2	1	1	NA	NA	NA	unphased	1.13793103448276	1.13793103448276	1
19	40331306	40331307	31	8	3	2	1	1	NA	NA	NA	unphased	0.912466843501326	0.912466843501326	1
19	40402202	40402203	28	5	3	2	1	1	NA	NA	NA	unphased	0.673981191222571	0.673981191222571	1
19	42388517	42388518	25	5	5	4	1	1	NA	NA	NA	unphased	1.07471264367816	1.07471264367816	1
19	42600074	42600075	69	15	3	2	1	1	NA	NA	NA	unphased	0.794334975369458	0.794334975369458	1
19	43414765	43414766	75	74	1	1	0	1	NA	NA	NA	unphased	1.21592224022217	1.21592224022217	1
19	47991435	47991436	18	8	3	2	1	1	NA	NA	NA	unphased	1.36870026525199	1.36870026525199	1
19	48377974	48377975	27	20	3	2	1	1	NA	NA	NA	unphased	1.89288334556126	0.946441672780631	2
19	48389591	48389592	26	26	3	2	1	1	NA	NA	NA	unphased	2.22413793103448	1.11206896551724	2
19	48565405	48565406	41	17	3	2	1	1	NA	NA	NA	unphased	1.3038049940547	1.3038049940547	1
19	49540087	49540088	19	13	3	2	1	1	NA	NA	NA	unphased	1.80711206896552	0.903556034482759	2
19	49548252	49548253	19	7	3	2	1	1	NA	NA	NA	unphased	1.19761273209549	1.19761273209549	1
19	49548253	49548254	20	7	3	2	1	1	NA	NA	NA	unphased	1.15325670498084	1.15325670498084	1
19	49968018	49968019	148	40	3	2	1	1	NA	NA	NA	unphased	0.946441672780631	0.946441672780631	1
19	49994178	49994179	61	43	3	2	1	1	NA	NA	NA	unphased	1.83919098143236	0.91959549071618	2
19	50149815	50149816	96	20	3	2	1	1	NA	NA	NA	unphased	0.766944114149822	0.766944114149822	1
19	50245235	50245236	46	44	3	2	1	1	NA	NA	NA	unphased	2.17471264367816	1.08735632183908	2
19	50657931	50657932	42	25	3	2	1	1	NA	NA	NA	unphased	1.65980442614514	0.829902213072568	2
19	51133390	51133391	18	18	3	2	1	1	NA	NA	NA	unphased	2.22413793103448	1.11206896551724	2
19	51274703	51274704	99	20	3	2	1	1	NA	NA	NA	unphased	0.74760938858302	0.74760938858302	1
19	51295009	51295010	61	17	3	2	1	1	NA	NA	NA	unphased	0.969496021220159	0.969496021220159	1
19	51323214	51323215	52	14	3	2	1	1	NA	NA	NA	unphased	0.943573667711599	0.943573667711599	1
19	51381674	51381675	106	22	3	2	1	1	NA	NA	NA	unphased	0.764547413793104	0.764547413793104	1
19	51499456	51499457	77	51	3	2	1	1	NA	NA	NA	unphased	1.7723599137931	0.886179956896552	2
19	51585996	51585997	17	17	3	2	1	1	NA	NA	NA	unphased	2.22413793103448	1.11206896551724	2
19	52133194	52133195	76	18	NA	NA	NA	NA	NA	NA	NA	unphased	NA	NA	1
19	53208014	53208015	15	9	3	2	1	1	NA	NA	NA	unphased	1.66810344827586	1.66810344827586	1
19	53208389	53208390	74	14	3	2	1	1	NA	NA	NA	unphased	0.707680250783699	0.707680250783699	1
19	53740318	53740319	7	3	3	2	1	1	NA	NA	NA	unphased	1.33448275862069	1.33448275862069	1
19	54194134	54194135	47	9	3	2	1	1	NA	NA	NA	unphased	0.714901477832512	0.714901477832512	1
19	54312897	54312898	44	16	3	2	1	1	NA	NA	NA	unphased	1.18620689655172	1.18620689655172	1
19	54313571	54313572	108	88	3	2	1	1	NA	NA	NA	unphased	1.99718508092892	0.998592540464462	2
19	54377019	54377020	127	25	3	2	1	1	NA	NA	NA	unphased	0.731624319419238	0.731624319419238	1
19	54416110	54416111	50	11	3	2	1	1	NA	NA	NA	unphased	0.802148106274732	0.802148106274732	1
19	54697082	54697083	72	43	3	2	1	1	NA	NA	NA	unphased	1.66326836581709	0.831634182908546	2
19	54756367	54756368	66	30	3	2	1	1	NA	NA	NA	unphased	1.39008620689655	0.695043103448276	2
19	54802050	54802051	37	99	3	2	1	1	NA	NA	NA	unphased	3.2380831643002	1.6190415821501	2
19	54967271	54967272	88	21	3	2	1	1	NA	NA	NA	unphased	0.857007276178425	0.857007276178425	1
19	55147200	55147201	23	28	3	2	1	1	NA	NA	NA	unphased	2.4421906693712	1.2210953346856	2
19	55174468	55174469	70	19	3	2	1	1	NA	NA	NA	unphased	0.949631925610229	0.949631925610229	1
19	55494873	55494874	27	30	3	2	1	1	NA	NA	NA	unphased	2.34119782214156	1.17059891107078	2
19	55512356	55512357	15	3	3	2	1	1	NA	NA	NA	unphased	0.741379310344828	0.741379310344828	1
19	55685986	55685987	80	12	3	2	1	1	NA	NA	NA	unphased	0.580209895052474	0.580209895052474	1
19	55693236	55693237	88	55	3	2	1	1	NA	NA	NA	unphased	1.71087533156499	0.855437665782494	2
19	56135913	56135914	4	5	3	2	1	1	NA	NA	NA	unphased	2.47126436781609	1.23563218390805	2
19	56369780	56369781	37	28	3	2	1	1	NA	NA	NA	unphased	1.91618037135279	0.958090185676393	2
19	56369781	56369782	36	27	3	2	1	1	NA	NA	NA	unphased	1.9064039408867	0.95320197044335	2
19	56701183	56701184	13	8	3	2	1	1	NA	NA	NA	unphased	1.69458128078818	1.69458128078818	1
19	56732912	56732913	13	11	3	2	1	1	NA	NA	NA	unphased	2.03879310344828	1.01939655172414	2
19	56934736	56934737	15	5	3	2	1	1	NA	NA	NA	unphased	1.11206896551724	1.11206896551724	1
19	57985768	57985769	19	10	4	2	2	1	NA	NA	NA	unphased	1.87871581450654	0.93935790725327	2
19	58024454	58024455	16	4	4	2	2	1	NA	NA	NA	unphased	1.08965517241379	1.08965517241379	1
19	58117236	58117237	30	16	4	2	2	1	NA	NA	NA	unphased	1.89505247376312	0.947526236881559	2
19	58772808	58772809	37	21	4	2	2	1	NA	NA	NA	unphased	1.97265160523187	0.986325802615934	2
19	58983206	58983207	85	35	4	2	2	1	NA	NA	NA	unphased	1.58908045977012	0.794540229885058	2
2	1094093	1094094	14	6	2	2	0	1	NA	NA	NA	unphased	1.03448275862069	1.03448275862069	1
2	3660900	3660901	5	3	2	2	0	1	NA	NA	NA	unphased	1.29310344827586	1.29310344827586	1
2	15506763	15506764	21	3	2	2	0	1	NA	NA	NA	unphased	0.431034482758621	0.431034482758621	1
2	21257704	21257705	20	11	2	2	0	1	NA	NA	NA	unphased	1.22358175750834	1.22358175750834	1
2	25505411	25505412	43	30	3	2	1	1	NA	NA	NA	unphased	1.828058573453	0.9140292867265	2
2	27430329	27430330	59	17	3	2	1	1	NA	NA	NA	unphased	0.995009074410163	0.995009074410163	1
2	27707894	27707895	28	21	3	2	1	1	NA	NA	NA	unphased	1.9064039408867	0.95320197044335	2
2	27799502	27799503	16	5	3	2	1	1	NA	NA	NA	unphased	1.05911330049261	1.05911330049261	1
2	27803569	27803570	48	21	3	2	1	1	NA	NA	NA	unphased	1.35382308845577	1.35382308845577	1
2	28825741	28825742	120	24	3	2	1	1	NA	NA	NA	unphased	0.741379310344828	0.741379310344828	1
2	32145865	32145866	21	13	3	2	1	1	NA	NA	NA	unphased	1.70081135902637	0.850405679513185	2
2	33036260	33036261	12	3	3	2	1	1	NA	NA	NA	unphased	0.889655172413793	0.889655172413793	1
2	33588553	33588554	26	4	3	2	1	1	NA	NA	NA	unphased	0.593103448275862	0.593103448275862	1
2	33745747	33745748	46	6	3	2	1	1	NA	NA	NA	unphased	0.513262599469496	0.513262599469496	1
2	33952546	33952547	19	4	3	2	1	1	NA	NA	NA	unphased	0.773613193403298	0.773613193403298	1
2	37505039	37505040	31	5	3	2	1	1	NA	NA	NA	unphased	0.617816091954023	0.617816091954023	1
2	39492385	39492386	32	6	3	2	1	1	NA	NA	NA	unphased	0.702359346642468	0.702359346642468	1
2	40342733	40342734	41	31	3	2	1	1	NA	NA	NA	unphased	1.91522988505747	0.957614942528736	2
2	44078920	44078921	117	19	3	2	1	1	NA	NA	NA	unphased	0.621450304259635	0.621450304259635	1
2	45169426	45169427	3	5	3	2	1	1	NA	NA	NA	unphased	2.7801724137931	1.39008620689655	2
2	49195955	49195956	37	5	3	2	1	1	NA	NA	NA	unphased	0.529556650246305	0.529556650246305	1
2	53999055	53999056	21	10	3	2	1	1	NA	NA	NA	unphased	1.4349276974416	1.4349276974416	1
2	69177347	69177348	14	3	3	2	1	1	NA	NA	NA	unphased	0.78498985801217	0.78498985801217	1
2	70910751	70910752	32	10	3	2	1	1	NA	NA	NA	unphased	1.05911330049261	1.05911330049261	1
2	71828640	71828641	22	24	3	2	1	1	NA	NA	NA	unphased	2.3208395802099	1.16041979010495	2
2	71828641	71828642	21	24	3	2	1	1	NA	NA	NA	unphased	2.37241379310345	1.18620689655172	2
2	74041243	74041244	38	9	3	2	1	1	NA	NA	NA	unphased	0.851797505502568	0.851797505502568	1
2	74317094	74317095	125	87	3	2	1	1	NA	NA	NA	unphased	1.82547169811321	0.912735849056604	2
2	75720356	75720357	127	44	3	2	1	1	NA	NA	NA	unphased	1.14458560193587	1.14458560193587	1
2	77746624	77746625	15	6	3	2	1	1	NA	NA	NA	unphased	1.27093596059113	1.27093596059113	1
2	80529618	80529619	54	14	3	2	1	1	NA	NA	NA	unphased	0.915821501014199	0.915821501014199	1
2	84670415	84670416	42	12	3	2	1	1	NA	NA	NA	unphased	0.988505747126437	0.988505747126437	1
2	85628668	85628669	81	16	3	2	1	1	NA	NA	NA	unphased	0.73373622467117	0.73373622467117	1
2	89399368	89399369	85	18	3	2	1	1	NA	NA	NA	unphased	0.777368597254771	0.777368597254771	1
2	89417044	89417045	118	24	3	2	1	1	NA	NA	NA	unphased	0.75182127246236	0.75182127246236	1
2	89442158	89442159	69	19	3	2	1	1	NA	NA	NA	unphased	0.960423197492163	0.960423197492163	1
2	89442179	89442180	90	22	3	2	1	1	NA	NA	NA	unphased	0.873768472906404	0.873768472906404	1
2	89459494	89459495	18	5	3	2	1	1	NA	NA	NA	unphased	0.967016491754123	0.967016491754123	1
2	89544351	89544352	146	25	3	2	1	1	NA	NA	NA	unphased	0.650332728372656	0.650332728372656	1
2	89976319	89976320	111	31	3	2	1	1	NA	NA	NA	unphased	0.971102476930549	0.971102476930549	1
2	90044383	90044384	132	33	3	2	1	1	NA	NA	NA	unphased	0.889655172413793	0.889655172413793	1
2	96583767	96583768	13	3	3	2	1	1	NA	NA	NA	unphased	0.834051724137931	0.834051724137931	1
2	97405647	97405648	95	38	3	2	1	1	NA	NA	NA	unphased	1.27093596059113	1.27093596059113	1
2	100210250	100210251	47	20	3	2	1	1	NA	NA	NA	unphased	1.32784354091611	1.32784354091611	1
2	103340369	103340370	38	20	3	2	1	1	NA	NA	NA	unphased	1.53388822829964	0.766944114149822	2
2	107423227	107423228	90	32	3	2	1	1	NA	NA	NA	unphased	1.16676088185416	1.16676088185416	1
2	107460198	107460199	65	16	3	2	1	1	NA	NA	NA	unphased	0.878671775223499	0.878671775223499	1
2	108479283	108479284	19	5	3	2	1	1	NA	NA	NA	unphased	0.926724137931035	0.926724137931035	1
2	108487823	108487824	110	16	3	2	1	1	NA	NA	NA	unphased	0.564860426929392	0.564860426929392	1
2	108496469	108496470	65	12	3	2	1	1	NA	NA	NA	unphased	0.693237796686073	0.693237796686073	1
2	113955459	113955460	27	3	3	2	1	1	NA	NA	NA	unphased	0.444827586206897	0.444827586206897	1
2	120206313	120206314	11	3	3	2	1	1	NA	NA	NA	unphased	0.95320197044335	0.95320197044335	1
2	121747435	121747436	39	6	3	2	1	1	NA	NA	NA	unphased	0.593103448275862	0.593103448275862	1
2	125175057	125175058	16	4	3	2	1	1	NA	NA	NA	unphased	0.889655172413793	0.889655172413793	1
2	125204391	125204392	53	18	3	2	1	1	NA	NA	NA	unphased	1.12773190869354	1.12773190869354	1
2	127834261	127834262	72	62	3	2	1	1	NA	NA	NA	unphased	2.05815748841997	1.02907874420998	2
2	130897507	130897508	54	28	3	2	1	1	NA	NA	NA	unphased	1.51892346509672	0.75946173254836	2
2	131704406	131704407	6	7	3	2	1	1	NA	NA	NA	unphased	2.39522546419098	1.19761273209549	2
2	131798968	131798969	67	20	3	2	1	1	NA	NA	NA	unphased	1.02259215219976	1.02259215219976	1
2	133541255	133541256	55	22	3	2	1	1	NA	NA	NA	unphased	1.27093596059113	1.27093596059113	1
2	135076236	135076237	99	20	3	2	1	1	NA	NA	NA	unphased	0.74760938858302	0.74760938858302	1
2	135596279	135596280	3	10	3	2	1	1	NA	NA	NA	unphased	3.42175066312997	1.71087533156499	2
2	141004725	141004726	8	4	3	2	1	1	NA	NA	NA	unphased	1.48275862068966	1.48275862068966	1
2	141115582	141115583	25	4	3	2	1	1	NA	NA	NA	unphased	0.613555291319857	0.613555291319857	1
2	141245214	141245215	12	3	3	2	1	1	NA	NA	NA	unphased	0.889655172413793	0.889655172413793	1
2	141528564	141528565	25	3	3	2	1	1	NA	NA	NA	unphased	0.476600985221675	0.476600985221675	1
2	141641448	141641449	47	15	3	2	1	1	NA	NA	NA	unphased	1.0761957730812	1.0761957730812	1
2	141762960	141762961	24	7	3	2	1	1	NA	NA	NA	unphased	1.00444938820912	1.00444938820912	1
2	158634729	158634730	29	3	3	2	1	1	NA	NA	NA	unphased	0.417025862068966	0.417025862068966	1
2	159488308	159488309	44	34	3	2	1	1	NA	NA	NA	unphased	1.93899204244032	0.969496021220159	2
2	160006928	160006929	30	11	3	2	1	1	NA	NA	NA	unphased	1.19343986543314	1.19343986543314	1
2	161056666	161056667	6	2	3	2	1	1	NA	NA	NA	unphased	1.11206896551724	1.11206896551724	1
2	165353922	165353923	25	12	3	2	1	1	NA	NA	NA	unphased	1.44268406337372	1.44268406337372	1
2	166848427	166848428	96	20	3	2	1	1	NA	NA	NA	unphased	0.766944114149822	0.766944114149822	1
2	167328883	167328884	8	4	3	2	1	1	NA	NA	NA	unphased	1.48275862068966	1.48275862068966	1
2	168105499	168105500	18	13	3	2	1	1	NA	NA	NA	unphased	1.86540600667408	0.932703003337041	2
2	170062691	170062692	28	7	3	2	1	1	NA	NA	NA	unphased	0.889655172413793	0.889655172413793	1
2	175618077	175618078	63	13	3	2	1	1	NA	NA	NA	unphased	0.760889292196007	0.760889292196007	1
2	179454968	179454969	42	20	3	2	1	1	NA	NA	NA	unphased	1.4349276974416	0.717463848720801	2
2	179463330	179463331	23	7	3	2	1	1	NA	NA	NA	unphased	1.03793103448276	1.03793103448276	1
2	179468880	179468881	68	15	3	2	1	1	NA	NA	NA	unphased	0.803905276277524	0.803905276277524	1
2	179498235	179498236	15	3	3	2	1	1	NA	NA	NA	unphased	0.741379310344828	0.741379310344828	1
2	179542861	179542862	17	4	3	2	1	1	NA	NA	NA	unphased	0.847290640394089	0.847290640394089	1
2	179665159	179665160	82	20	3	2	1	1	NA	NA	NA	unphased	0.872210953346856	0.872210953346856	1
2	186671913	186671914	33	7	3	2	1	1	NA	NA	NA	unphased	0.778448275862069	0.778448275862069	1
2	189875588	189875589	24	16	3	2	1	1	NA	NA	NA	unphased	1.77931034482759	0.889655172413793	2
2	190728660	190728661	14	13	3	2	1	1	NA	NA	NA	unphased	2.14176245210728	1.07088122605364	2
2	197964568	197964569	21	9	3	2	1	1	NA	NA	NA	unphased	1.33448275862069	1.33448275862069	1
2	200213475	200213476	78	29	3	2	1	1	NA	NA	NA	unphased	1.20560747663551	1.20560747663551	1
2	205986560	205986561	20	22	3	2	1	1	NA	NA	NA	unphased	2.33004926108374	1.16502463054187	2
2	206628558	206628559	80	23	3	2	1	1	NA	NA	NA	unphased	0.993304318714429	0.993304318714429	1
2	207509373	207509374	9	4	3	2	1	1	NA	NA	NA	unphased	1.36870026525199	1.36870026525199	1
2	209025675	209025676	50	50	3	2	1	1	NA	NA	NA	unphased	2.22413793103448	1.11206896551724	2
2	210641978	210641979	59	10	3	2	1	1	NA	NA	NA	unphased	0.644677661169415	0.644677661169415	1
2	210650817	210650818	67	6	3	2	1	1	NA	NA	NA	unphased	0.3656117146906	0.3656117146906	1
2	211070519	211070520	15	7	3	2	1	1	NA	NA	NA	unphased	1.4153605015674	1.4153605015674	1
2	214727350	214727351	43	11	3	2	1	1	NA	NA	NA	unphased	0.906130268199234	0.906130268199234	1
2	219029258	219029259	126	22	3	2	1	1	NA	NA	NA	unphased	0.661230195712954	0.661230195712954	1
2	220164869	220164870	67	51	3	2	1	1	NA	NA	NA	unphased	1.92255990648743	0.961279953243717	2
2	220349129	220349130	25	6	3	2	1	1	NA	NA	NA	unphased	0.860956618464961	0.860956618464961	1
2	220366639	220366640	115	75	3	2	1	1	NA	NA	NA	unphased	1.75589836660617	0.877949183303085	2
2	224776979	224776980	16	6	3	2	1	1	NA	NA	NA	unphased	1.21316614420063	1.21316614420063	1
2	226378245	226378246	58	13	3	2	1	1	NA	NA	NA	unphased	0.814473045167557	0.814473045167557	1
2	228846455	228846456	20	6	3	2	1	1	NA	NA	NA	unphased	1.02652519893899	1.02652519893899	1
2	232325454	232325455	25	14	3	2	1	1	NA	NA	NA	unphased	1.59681697612732	0.798408488063661	2
2	232373736	232373737	46	13	3	2	1	1	NA	NA	NA	unphased	0.980128579777908	0.980128579777908	1
2	232457816	232457817	116	27	3	2	1	1	NA	NA	NA	unphased	0.839884253677357	0.839884253677357	1
2	235949691	235949692	61	28	3	2	1	1	NA	NA	NA	unphased	1.39945757458349	0.699728787291747	2
2	238244985	238244986	187	49	3	2	1	1	NA	NA	NA	unphased	0.923582700175336	0.923582700175336	1
2	238277415	238277416	90	58	3	2	1	1	NA	NA	NA	unphased	1.74324324324324	0.871621621621622	2
2	240036914	240036915	87	30	3	2	1	1	NA	NA	NA	unphased	1.14058355437666	1.14058355437666	1
2	241835040	241835041	45	13	3	2	1	1	NA	NA	NA	unphased	0.997027348394768	0.997027348394768	1
2	242695428	242695429	64	18	3	2	1	1	NA	NA	NA	unphased	0.976450798990749	0.976450798990749	1
20	2411159	2411160	15	36	1.1	3	0	0.05	0	1	0.95	unphased	1.79878296146045	0.877455103151437	2.05
20	2796446	2796447	45	47	1.1	3	0	0.05	0	1	0.95	unphased	1.30183658170915	1.18348780155377	1.1
20	2844843	2844844	30	62	1.1	3	0	0.05	0	1	0.95	unphased	1.71731634182909	0.837715288697115	2.05
20	2998537	2998538	12	5	1.1	3	0	0.05	0	1	0.95	unphased	0.749492900608519	0.749492900608519	1
20	3001988	3001989	47	10	1.1	3	0	0.05	0	1	0.95	unphased	0.447065940713854	0.447065940713854	1
20	3673731	3673732	15	16	1.1	3	0	0.05	0	1	0.95	unphased	1.31523915461624	1.31523915461624	1
20	10653405	10653406	100	7	2.94	3	0	0.97	0	1	0.03	unphased	0.287083467611988	0.287083467611988	1
20	23016608	23016609	93	22	2.86	3	0	0.93	0	1	0.07	unphased	0.824191904047976	0.824191904047976	1
20	29845478	29845479	32	6	3	3	0	1	NA	NA	NA	unphased	0.702359346642468	0.702359346642468	1
20	30419513	30419514	58	40	3	3	0	1	NA	NA	NA	unphased	1.81562280084448	0.907811400422238	2
20	30433161	30433162	71	34	3	3	0	1	NA	NA	NA	unphased	1.44039408866995	0.720197044334976	2
20	30689307	30689308	19	5	3	3	0	1	NA	NA	NA	unphased	0.926724137931035	0.926724137931035	1
20	31825889	31825890	52	13	3	3	0	1	NA	NA	NA	unphased	0.889655172413793	0.889655172413793	1
20	33575987	33575988	35	33	3	3	0	1	NA	NA	NA	unphased	2.15872210953347	1.07936105476673	2
20	36932693	36932694	98	20	3	3	0	1	NA	NA	NA	unphased	0.753945061367621	0.753945061367621	1
20	37535620	37535621	37	5	3	3	0	1	NA	NA	NA	unphased	0.529556650246305	0.529556650246305	1
20	40757401	40757402	65	17	2.23	3	0	0.23	1	1	0.77	unphased	0.762569386038688	0.762569386038688	1
20	42891924	42891925	187	50	2.23	3	0	0.23	1	1	0.77	unphased	0.776007565837335	0.776007565837335	1
20	44530968	44530969	74	20	2.23	3	0	0.23	1	1	0.77	unphased	0.782611885546588	0.782611885546588	1
20	45002145	45002146	51	8	2.23	3	0	0.23	1	1	0.77	unphased	0.49874926943308	0.49874926943308	1
20	47601943	47601944	30	7	2.23	3	0	0.23	1	1	0.77	unphased	0.695890027958994	0.695890027958994	1
20	48156131	48156132	28	6	2.23	3	0	0.23	1	1	0.77	unphased	0.649107505070994	0.649107505070994	1
20	57829459	57829460	11	22	3.76	4	0	0.92	0	1	0.08	unphased	3.47218390804598	0.943528235882059	3.68
20	60504808	60504809	138	20	3.76	4	0	0.92	0	1	0.08	unphased	0.65927542557835	0.716603723454729	0.92
20	60897444	60897445	16	5	3.76	4	0	0.92	0	1	0.08	unphased	1.24006568144499	1.24006568144499	1
20	61512249	61512250	54	15	3	3	0	1	NA	NA	NA	unphased	0.967016491754123	0.967016491754123	1
20	62196854	62196855	31	5	3	3	0	1	NA	NA	NA	unphased	0.617816091954023	0.617816091954023	1
21	19737525	19737526	10	11	2	2	0	1	NA	NA	NA	unphased	1.80623973727422	0.90311986863711	2
21	30547054	30547055	81	13	4.45	4	2	0.69	1	0	0.31	unphased	0.815719002201027	0.815719002201027	1
21	30927397	30927398	59	16	4.45	4	2	0.69	1	0	0.31	unphased	1.25829885057471	1.25829885057471	1
21	31744016	31744017	71	9	4.45	4	2	0.69	1	0	0.31	unphased	0.663556034482759	0.663556034482759	1
21	31768582	31768583	172	28	4.45	4	2	0.69	1	0	0.31	unphased	0.825758620689655	0.825758620689655	1
21	31797817	31797818	25	18	4.45	4	2	0.69	1	0	0.31	unphased	2.46904570970329	1.03741416374088	2.38
21	32537368	32537369	15	14	2	2	0	1	NA	NA	NA	unphased	1.66468489892985	0.832342449464923	2
21	32624174	32624175	53	60	2	2	0	1	NA	NA	NA	unphased	1.83094293561184	0.91547146780592	2
21	37758466	37758467	59	27	2	2	0	1	NA	NA	NA	unphased	1.08259823576584	1.08259823576584	1
21	39755655	39755656	55	67	2	2	0	1	NA	NA	NA	unphased	1.89372526851328	0.946862634256642	2
21	40601362	40601363	5	4	2	2	0	1	NA	NA	NA	unphased	1.53256704980843	1.53256704980843	1
21	43838703	43838704	16	32	2	2	0	1	NA	NA	NA	unphased	2.29885057471264	1.14942528735632	2
21	46925786	46925787	41	18	2	2	0	1	NA	NA	NA	unphased	1.05201636469901	1.05201636469901	1
21	46925787	46925788	41	19	2	2	0	1	NA	NA	NA	unphased	1.09195402298851	1.09195402298851	1
21	47703706	47703707	37	34	2	2	0	1	NA	NA	NA	unphased	1.65128703254007	0.825643516270034	2
22	17688162	17688163	89	12	4.08	5	1	0.52	1	1	0.48	unphased	0.656824854899283	0.656824854899283	1
22	18222178	18222179	64	14	4.08	5	1	0.52	1	1	0.48	unphased	0.992254641909815	0.992254641909815	1
22	18273593	18273594	55	8	4.08	5	1	0.52	1	1	0.48	unphased	0.70200328407225	0.70200328407225	1
22	18389647	18389648	56	64	4.08	5	1	0.52	1	1	0.48	unphased	2.94841379310345	0.969872958257713	3.04
22	20786092	20786093	5	16	6	5	1	1	NA	NA	NA	unphased	5.67487684729064	1.13497536945813	5
22	21174167	21174168	42	92	6	5	1	1	NA	NA	NA	unphased	5.11374163664436	1.02274832732887	5
22	22162017	22162018	24	22	6	5	1	1	NA	NA	NA	unphased	3.56221889055472	0.890554722638681	4
22	22599623	22599624	52	12	4	3	1	1	NA	NA	NA	unphased	1.02155172413793	1.02155172413793	1
22	23029679	23029680	80	14	4	3	1	1	NA	NA	NA	unphased	0.811445341159208	0.811445341159208	1
22	23406199	23406200	36	24	4	3	1	1	NA	NA	NA	unphased	2.17931034482759	1.08965517241379	2
22	23742485	23742486	49	4	4	3	1	1	NA	NA	NA	unphased	0.411190631099545	0.411190631099545	1
22	25313687	25313688	17	4	4	3	1	1	NA	NA	NA	unphased	1.03776683087028	1.03776683087028	1
22	25603130	25603131	63	13	4	3	1	1	NA	NA	NA	unphased	0.931941923774955	0.931941923774955	1
22	26351182	26351183	16	5	2	1	1	1	NA	NA	NA	unphased	0.821018062397373	0.821018062397373	1
22	26689042	26689043	17	10	2	1	1	1	NA	NA	NA	unphased	1.27713920817369	1.27713920817369	1
22	26743727	26743728	48	13	2	1	1	1	NA	NA	NA	unphased	0.73487846240814	0.73487846240814	1
22	26743760	26743761	53	18	2	1	1	1	NA	NA	NA	unphased	0.874210781932977	0.874210781932977	1
22	27021530	27021531	142	34	2	1	1	1	NA	NA	NA	unphased	0.666144200626959	0.666144200626959	1
22	29446374	29446375	21	8	2	1	1	1	NA	NA	NA	unphased	0.951248513674197	0.951248513674197	1
22	31521870	31521871	16	3	2	1	1	1	NA	NA	NA	unphased	0.544464609800363	0.544464609800363	1
22	32498077	32498078	26	9	2	1	1	1	NA	NA	NA	unphased	0.886699507389163	0.886699507389163	1
22	32647775	32647776	40	13	2	1	1	1	NA	NA	NA	unphased	0.845803513337671	0.845803513337671	1
22	32756607	32756608	79	19	2	1	1	1	NA	NA	NA	unphased	0.668543279380718	0.668543279380718	1
22	32934044	32934045	53	14	2	1	1	1	NA	NA	NA	unphased	0.720535254760679	0.720535254760679	1
22	33253255	33253256	37	4	2	1	1	1	NA	NA	NA	unphased	0.336417157275021	0.336417157275021	1
22	37334109	37334110	45	20	2	1	1	1	NA	NA	NA	unphased	1.06100795755968	1.06100795755968	1
22	38122312	38122313	46	19	2	1	1	1	NA	NA	NA	unphased	1.0079575596817	1.0079575596817	1
22	38284503	38284504	28	12	2	1	1	1	NA	NA	NA	unphased	1.03448275862069	1.03448275862069	1
22	40755028	40755029	30	10	2	1	1	1	NA	NA	NA	unphased	0.862068965517241	0.862068965517241	1
22	42473550	42473551	86	22	2	1	1	1	NA	NA	NA	unphased	0.70242656449553	0.70242656449553	1
22	44527487	44527488	26	12	2	1	1	1	NA	NA	NA	unphased	1.08892921960073	1.08892921960073	1
22	45601100	45601101	38	12	2	1	1	1	NA	NA	NA	unphased	0.827586206896552	0.827586206896552	1
3	391188	391189	38	12	3	2	1	1	NA	NA	NA	unphased	1.06758620689655	1.06758620689655	1
3	3189248	3189249	17	7	3	2	1	1	NA	NA	NA	unphased	1.29741379310345	1.29741379310345	1
3	3221357	3221358	31	12	3	2	1	1	NA	NA	NA	unphased	1.24137931034483	1.24137931034483	1
3	10380003	10380004	47	14	2	1	1	1	NA	NA	NA	unphased	0.791407574901074	0.791407574901074	1
3	13543402	13543403	33	11	2	1	1	1	NA	NA	NA	unphased	0.862068965517241	0.862068965517241	1
3	14199946	14199947	47	21	2	1	1	1	NA	NA	NA	unphased	1.06490872210953	1.06490872210953	1
3	14803059	14803060	37	10	2	1	1	1	NA	NA	NA	unphased	0.733675715333822	0.733675715333822	1
3	16268965	16268966	25	4	2	1	1	1	NA	NA	NA	unphased	0.475624256837099	0.475624256837099	1
3	17052854	17052855	24	8	2	1	1	1	NA	NA	NA	unphased	0.862068965517241	0.862068965517241	1
3	19190272	19190273	40	12	2	1	1	1	NA	NA	NA	unphased	0.795755968169761	0.795755968169761	1
3	19492664	19492665	38	15	2	1	1	1	NA	NA	NA	unphased	0.975927130774236	0.975927130774236	1
3	24231780	24231781	40	23	2	1	1	1	NA	NA	NA	unphased	1.25889436234264	1.25889436234264	1
3	36779823	36779824	147	44	2	1	1	1	NA	NA	NA	unphased	0.79436721429861	0.79436721429861	1
3	38991800	38991801	32	16	2	1	1	1	NA	NA	NA	unphased	1.14942528735632	1.14942528735632	1
3	42781226	42781227	57	11	2	1	1	1	NA	NA	NA	unphased	0.557809330628803	0.557809330628803	1
3	43122518	43122519	86	21	2	1	1	1	NA	NA	NA	unphased	0.676764421527554	0.676764421527554	1
3	44488123	44488124	40	16	2	1	1	1	NA	NA	NA	unphased	0.985221674876847	0.985221674876847	1
3	44541303	44541304	7	3	2	1	1	1	NA	NA	NA	unphased	1.03448275862069	1.03448275862069	1
3	46501186	46501187	40	10	2	1	1	1	NA	NA	NA	unphased	0.689655172413793	0.689655172413793	1
3	47030765	47030766	16	4	2	1	1	1	NA	NA	NA	unphased	0.689655172413793	0.689655172413793	1
3	49721437	49721438	40	10	2	1	1	1	NA	NA	NA	unphased	0.689655172413793	0.689655172413793	1
3	51393610	51393611	46	10	3	2	1	1	NA	NA	NA	unphased	0.794334975369458	0.794334975369458	1
3	51664305	51664306	43	6	3	2	1	1	NA	NA	NA	unphased	0.544686840253343	0.544686840253343	1
3	51749254	51749255	39	9	3	2	1	1	NA	NA	NA	unphased	0.834051724137931	0.834051724137931	1
3	54157490	54157491	25	29	1.32	2	1	0.16	1	0	0.84	unphased	1.48666666666667	1.2816091954023	1.16
3	54919538	54919539	11	5	1.32	2	1	0.16	1	0	0.84	unphased	0.865086206896552	0.865086206896552	1
3	56627091	56627092	15	4	1.32	2	1	0.16	1	0	0.84	unphased	0.582794918330308	0.582794918330308	1
3	57203269	57203270	17	7	1.32	2	1	0.16	1	0	0.84	unphased	0.807413793103448	0.807413793103448	1
3	67053652	67053653	35	7	3	2	1	1	NA	NA	NA	unphased	0.741379310344828	0.741379310344828	1
3	73437169	73437170	51	10	3	2	1	1	NA	NA	NA	unphased	0.729225551158847	0.729225551158847	1
3	85961681	85961682	36	11	3	2	1	1	NA	NA	NA	unphased	1.04108584005869	1.04108584005869	1
3	97887928	97887929	38	7	5	3	2	1	NA	NA	NA	unphased	1.00306513409962	1.00306513409962	1
3	98001859	98001860	105	31	5	3	2	1	NA	NA	NA	unphased	1.4698275862069	0.734913793103448	2
3	100962668	100962669	25	26	5	3	2	1	NA	NA	NA	unphased	3.28735632183908	1.09578544061303	3
3	108343370	108343371	15	14	5	3	2	1	NA	NA	NA	unphased	3.11296076099881	1.0376535869996	3
3	111312667	111312668	101	45	5	3	2	1	NA	NA	NA	unphased	1.98748228625413	0.993741143127067	2
3	111312864	111312865	85	51	5	3	2	1	NA	NA	NA	unphased	2.41810344827586	0.806034482758621	3
3	114069117	114069118	109	93	5	3	2	1	NA	NA	NA	unphased	2.96876066917037	0.989586889723455	3
3	115560806	115560807	63	24	5	3	2	1	NA	NA	NA	unphased	1.77883472057075	0.889417360285375	2
3	119466062	119466063	22	8	5	3	2	1	NA	NA	NA	unphased	1.71954022988506	1.71954022988506	1
3	119531557	119531558	171	71	5	3	2	1	NA	NA	NA	unphased	1.89184952978056	0.945924764890282	2
3	121350946	121350947	132	22	5	3	2	1	NA	NA	NA	unphased	0.921182266009852	0.921182266009852	1
3	123046596	123046597	48	21	5	3	2	1	NA	NA	NA	unphased	1.96251874062969	0.981259370314843	2
3	124201663	124201664	65	7	5	3	2	1	NA	NA	NA	unphased	0.626915708812261	0.626915708812261	1
3	124237462	124237463	19	14	5	3	2	1	NA	NA	NA	unphased	2.73563218390805	0.911877394636015	3
3	125877391	125877392	125	41	5	3	2	1	NA	NA	NA	unphased	1.59264644786041	0.796323223930204	2
3	126071102	126071103	28	5	5	3	2	1	NA	NA	NA	unphased	0.977011494252874	0.977011494252874	1
3	126202311	126202312	59	15	5	3	2	1	NA	NA	NA	unphased	1.30708294501398	1.30708294501398	1
3	126219712	126219713	70	11	5	3	2	1	NA	NA	NA	unphased	0.875691783737761	0.875691783737761	1
3	127317249	127317250	20	8	5	3	2	1	NA	NA	NA	unphased	1.8423645320197	0.921182266009852	2
3	128889924	128889925	73	14	5	3	2	1	NA	NA	NA	unphased	1.0376535869996	1.0376535869996	1
3	132319805	132319806	12	10	5	3	2	1	NA	NA	NA	unphased	2.93103448275862	0.977011494252874	3
3	132319806	132319807	13	10	5	3	2	1	NA	NA	NA	unphased	2.80359820089955	0.934532733633184	3
3	133368280	133368281	27	5	5	3	2	1	NA	NA	NA	unphased	1.00754310344828	1.00754310344828	1
3	135806770	135806771	11	13	5	3	2	1	NA	NA	NA	unphased	3.49281609195402	1.16427203065134	3
3	137881116	137881117	24	11	5	3	2	1	NA	NA	NA	unphased	2.02660098522168	1.01330049261084	2
3	138291809	138291810	18	9	5	3	2	1	NA	NA	NA	unphased	2.14942528735632	1.07471264367816	2
3	138453600	138453601	31	4	5	3	2	1	NA	NA	NA	unphased	0.736945812807882	0.736945812807882	1
3	140401869	140401870	82	37	5	3	2	1	NA	NA	NA	unphased	2.00492610837438	1.00246305418719	2
3	141011427	141011428	81	40	5	3	2	1	NA	NA	NA	unphased	2.13166144200627	1.06583072100314	2
3	142840123	142840124	38	9	5	3	2	1	NA	NA	NA	unphased	1.23477622890682	1.23477622890682	1
3	142840127	142840128	37	10	5	3	2	1	NA	NA	NA	unphased	1.37197358767425	1.37197358767425	1
3	145914462	145914463	48	33	5	3	2	1	NA	NA	NA	unphased	2.62707535121328	0.875691783737761	3
3	145918825	145918826	6	4	5	3	2	1	NA	NA	NA	unphased	2.57931034482759	0.859770114942529	3
3	147114094	147114095	23	19	5	3	2	1	NA	NA	NA	unphased	2.91707717569787	0.972359058565955	3
3	148930364	148930365	12	6	5	3	2	1	NA	NA	NA	unphased	2.14942528735632	1.07471264367816	2
3	148930383	148930384	11	6	5	3	2	1	NA	NA	NA	unphased	2.27586206896552	1.13793103448276	2
3	150377828	150377829	37	19	5	3	2	1	NA	NA	NA	unphased	2.1878078817734	1.0939039408867	2
3	154139073	154139074	32	32	5	3	2	1	NA	NA	NA	unphased	3.22413793103448	1.07471264367816	3
3	154146525	154146526	113	97	5	3	2	1	NA	NA	NA	unphased	2.97848932676519	0.992829775588397	3
3	155861004	155861005	39	28	5	3	2	1	NA	NA	NA	unphased	2.69480185280494	0.898267284268314	3
3	157823890	157823891	26	12	5	3	2	1	NA	NA	NA	unphased	2.03629764065336	1.01814882032668	2
3	158980558	158980559	62	11	5	3	2	1	NA	NA	NA	unphased	0.971658006613132	0.971658006613132	1
3	164906974	164906975	84	13	5	3	2	1	NA	NA	NA	unphased	0.864201919658728	0.864201919658728	1
3	167000159	167000160	35	5	5	3	2	1	NA	NA	NA	unphased	0.806034482758621	0.806034482758621	1
3	170198695	170198696	98	79	5	3	2	1	NA	NA	NA	unphased	2.87804402883304	0.959348009611014	3
3	170800135	170800136	18	6	5	3	2	1	NA	NA	NA	unphased	1.61206896551724	1.61206896551724	1
3	179447990	179447991	29	3	5	3	2	1	NA	NA	NA	unphased	0.604525862068966	0.604525862068966	1
3	182545957	182545958	27	10	5	3	2	1	NA	NA	NA	unphased	1.74277726001864	0.87138863000932	2
3	182759538	182759539	45	18	5	3	2	1	NA	NA	NA	unphased	1.8423645320197	0.921182266009852	2
3	182988625	182988626	26	11	5	3	2	1	NA	NA	NA	unphased	1.9170549860205	0.958527493010252	2
3	183368112	183368113	25	3	5	3	2	1	NA	NA	NA	unphased	0.690886699507389	0.690886699507389	1
3	183490250	183490251	81	51	5	3	2	1	NA	NA	NA	unphased	2.49137931034483	0.830459770114943	3
3	183772552	183772553	107	15	5	3	2	1	NA	NA	NA	unphased	0.792820802713397	0.792820802713397	1
3	183885797	183885798	140	52	5	3	2	1	NA	NA	NA	unphased	1.74640804597701	0.873204022988506	2
3	184700361	184700362	4	7	5	3	2	1	NA	NA	NA	unphased	4.10344827586207	1.36781609195402	3
3	189838136	189838137	16	4	5	3	2	1	NA	NA	NA	unphased	1.28965517241379	1.28965517241379	1
3	190158127	190158128	42	9	5	3	2	1	NA	NA	NA	unphased	1.13793103448276	1.13793103448276	1
3	190158128	190158129	42	9	5	3	2	1	NA	NA	NA	unphased	1.13793103448276	1.13793103448276	1
3	192516573	192516574	79	15	5	3	2	1	NA	NA	NA	unphased	1.02898019075569	1.02898019075569	1
3	194991419	194991420	15	6	5	3	2	1	NA	NA	NA	unphased	1.8423645320197	1.8423645320197	1
3	196387011	196387012	29	29	5	3	2	1	NA	NA	NA	unphased	3.22413793103448	1.07471264367816	3
3	196387080	196387081	59	39	5	3	2	1	NA	NA	NA	unphased	2.5661505981703	0.855383532723434	3
3	197579472	197579473	27	12	5	3	2	1	NA	NA	NA	unphased	1.98408488063661	0.992042440318303	2
3	197765465	197765466	76	16	5	3	2	1	NA	NA	NA	unphased	1.12143928035982	1.12143928035982	1
4	1961454	1961455	43	30	1.96	2	1	0.48	1	0	0.52	unphased	1.40066131317903	0.946392779175018	1.48
4	2307102	2307103	47	29	1.96	2	1	0.48	1	0	0.52	unphased	1.30052631578947	1.30052631578947	1
4	2943496	2943497	7	6	1.96	2	1	0.48	1	0	0.52	unphased	1.57305039787798	1.57305039787798	1
4	4459222	4459223	7	5	1.96	2	1	0.48	1	0	0.52	unphased	1.42011494252874	1.42011494252874	1
4	5868435	5868436	43	7	1.96	2	1	0.48	1	0	0.52	unphased	0.477158620689655	0.994080459770115	0.48
4	8588916	8588917	94	18	1.96	2	1	0.48	1	0	0.52	unphased	0.547758620689655	1.14116379310345	0.48
4	8588946	8588947	94	13	1.96	2	1	0.48	1	0	0.52	unphased	0.414089590718659	0.86268664733054	0.48
4	9557789	9557790	45	36	4	3	1	1	NA	NA	NA	unphased	2.42145593869732	0.807151979565773	3
4	9784921	9784922	38	46	4	3	1	1	NA	NA	NA	unphased	2.98357963875205	0.994526546250684	3
4	10023092	10023093	37	6	4	3	1	1	NA	NA	NA	unphased	0.760224538893344	0.760224538893344	1
4	11401287	11401288	105	18	1.92	2	1	0.46	1	0	0.54	unphased	0.492918418839361	1.07156178008557	0.46
4	13602987	13602988	71	27	1.92	2	1	0.46	1	0	0.54	unphased	0.927994370161858	0.927994370161858	1
4	13605471	13605472	58	7	1.92	2	1	0.46	1	0	0.54	unphased	0.362737400530504	0.788559566370661	0.46
4	13606632	13606633	18	9	1.92	2	1	0.46	1	0	0.54	unphased	1.12275862068966	1.12275862068966	1
4	22390138	22390139	33	21	2.5	3	1	0.5	1	0	0.5	unphased	1.53544061302682	1.02362707535121	1.5
4	23803478	23803479	6	3	2.5	3	1	0.5	1	0	0.5	unphased	1.31609195402299	1.31609195402299	1
4	30724069	30724070	54	11	2.62	3	1	0.54	1	0	0.46	unphased	0.688477453580902	0.688477453580902	1
4	40245367	40245368	57	30	4	2	2	1	NA	NA	NA	unphased	1.87871581450654	0.93935790725327	2
4	41664969	41664970	31	15	4	2	2	1	NA	NA	NA	unphased	1.77661169415292	0.888305847076462	2
4	43032570	43032571	32	23	4	2	2	1	NA	NA	NA	unphased	2.27836990595611	1.13918495297806	2
4	44449911	44449912	10	4	4	2	2	1	NA	NA	NA	unphased	1.55665024630542	1.55665024630542	1
4	44450614	44450615	9	5	4	2	2	1	NA	NA	NA	unphased	1.94581280788177	1.94581280788177	1
4	46252557	46252558	41	8	4	2	2	1	NA	NA	NA	unphased	0.889514426460239	0.889514426460239	1
4	46390666	46390667	18	6	4	2	2	1	NA	NA	NA	unphased	1.36206896551724	1.36206896551724	1
4	47163394	47163395	41	7	4	2	2	1	NA	NA	NA	unphased	0.794540229885058	0.794540229885058	1
4	47676490	47676491	21	7	4	2	2	1	NA	NA	NA	unphased	1.36206896551724	1.36206896551724	1
4	52861966	52861967	82	47	4	2	2	1	NA	NA	NA	unphased	1.98503074044373	0.992515370221866	2
4	52943113	52943114	51	14	4	2	2	1	NA	NA	NA	unphased	1.17347480106101	1.17347480106101	1
4	52961084	52961085	52	10	4	2	2	1	NA	NA	NA	unphased	0.878754171301446	0.878754171301446	1
4	55976615	55976616	23	8	4	2	2	1	NA	NA	NA	unphased	1.40600667408231	1.40600667408231	1
4	56847391	56847392	13	7	2	2	0	1	NA	NA	NA	unphased	1.20689655172414	1.20689655172414	1
4	57860948	57860949	6	6	2	2	0	1	NA	NA	NA	unphased	1.72413793103448	1.72413793103448	1
4	68784889	68784890	15	19	2	2	0	1	NA	NA	NA	unphased	1.92697768762678	0.963488843813388	2
4	69692183	69692184	9	6	2	2	0	1	NA	NA	NA	unphased	1.37931034482759	1.37931034482759	1
4	69817193	69817194	10	18	2	2	0	1	NA	NA	NA	unphased	2.21674876847291	1.10837438423645	2
4	73941947	73941948	8	7	2	2	0	1	NA	NA	NA	unphased	1.60919540229885	1.60919540229885	1
4	76928569	76928570	27	4	2	2	0	1	NA	NA	NA	unphased	0.444938820912125	0.444938820912125	1
4	77290583	77290584	33	14	2	2	0	1	NA	NA	NA	unphased	1.02714600146735	1.02714600146735	1
4	79507465	79507466	6	5	2	2	0	1	NA	NA	NA	unphased	1.56739811912226	1.56739811912226	1
4	82058597	82058598	9	10	2	2	0	1	NA	NA	NA	unphased	1.81488203266788	0.907441016333938	2
4	83825977	83825978	24	5	2	2	0	1	NA	NA	NA	unphased	0.594530321046373	0.594530321046373	1
4	83825978	83825979	25	5	2	2	0	1	NA	NA	NA	unphased	0.574712643678161	0.574712643678161	1
4	94159538	94159539	25	12	4	2	2	1	NA	NA	NA	unphased	1.76700838769804	0.883504193849022	2
4	94693306	94693307	65	14	4	2	2	1	NA	NA	NA	unphased	0.96551724137931	0.96551724137931	1
4	95198208	95198209	21	6	4	2	2	1	NA	NA	NA	unphased	1.21072796934866	1.21072796934866	1
4	110743626	110743627	19	16	2	2	0	1	NA	NA	NA	unphased	1.57635467980296	0.788177339901478	2
4	121958563	121958564	72	53	3	2	1	1	NA	NA	NA	unphased	1.88606896551724	0.943034482758621	2
4	122599104	122599105	25	7	3	2	1	1	NA	NA	NA	unphased	0.973060344827586	0.973060344827586	1
4	123192604	123192605	16	5	3	2	1	1	NA	NA	NA	unphased	1.05911330049261	1.05911330049261	1
4	126372394	126372395	56	12	3	2	1	1	NA	NA	NA	unphased	0.78498985801217	0.78498985801217	1
4	126373391	126373392	64	18	3	2	1	1	NA	NA	NA	unphased	0.976450798990749	0.976450798990749	1
4	130030866	130030867	5	3	3	2	1	1	NA	NA	NA	unphased	1.66810344827586	1.66810344827586	1
4	134071900	134071901	54	18	3	3	0	1	NA	NA	NA	unphased	1.11206896551724	1.11206896551724	1
4	134072757	134072758	111	36	3	3	0	1	NA	NA	NA	unphased	1.08937368050669	1.08937368050669	1
4	143130115	143130116	13	3	3	3	0	1	NA	NA	NA	unphased	0.834051724137931	0.834051724137931	1
4	153332825	153332826	62	16	3	3	0	1	NA	NA	NA	unphased	0.912466843501326	0.912466843501326	1
4	154625062	154625063	22	10	4	4	0	1	NA	NA	NA	unphased	1.70258620689655	0.851293103448276	2
4	164087651	164087652	9	6	2	2	0	1	NA	NA	NA	unphased	1.37931034482759	1.37931034482759	1
4	167022030	167022031	6	5	2	2	0	1	NA	NA	NA	unphased	1.56739811912226	1.56739811912226	1
4	183600899	183600900	36	11	2	2	0	1	NA	NA	NA	unphased	0.807043286867205	0.807043286867205	1
4	186515055	186515056	10	3	2	2	0	1	NA	NA	NA	unphased	0.795755968169761	0.795755968169761	1
4	187530380	187530381	10	13	2	2	0	1	NA	NA	NA	unphased	1.94902548725637	0.974512743628186	2
4	189063456	189063457	8	5	2	2	0	1	NA	NA	NA	unphased	1.3262599469496	1.3262599469496	1
5	895025	895026	22	4	6	5	1	1	NA	NA	NA	unphased	1.14588859416446	1.14588859416446	1
5	1034941	1034942	31	44	4.2	5	1	0.64	1	0	0.36	unphased	3.31365517241379	1.01026072329689	3.28
5	3599659	3599660	85	44	4.2	5	1	0.64	1	0	0.36	unphased	1.92654370489174	0.844975309163044	2.28
5	6600288	6600289	60	21	4.2	5	1	0.64	1	0	0.36	unphased	1.46436781609195	0.892907204934118	1.64
5	6616881	6616882	27	57	4.2	5	1	0.64	1	0	0.36	unphased	3.83275862068966	0.9777445460943	3.92
5	15936914	15936915	46	11	4.95	5	1	0.79	1	0	0.21	unphased	1.23475499092559	1.23475499092559	1
5	17275855	17275856	43	5	4.95	5	1	0.79	1	0	0.21	unphased	0.666487068965517	0.666487068965517	1
5	23527566	23527567	111	176	5.5	5	2	0.7	1	1	0.3	unphased	4.26096359485762	0.968400817013096	4.4
5	26885802	26885803	48	8	5.5	5	2	0.7	1	1	0.3	unphased	0.992610837438424	0.992610837438424	1
5	26915764	26915765	17	26	5.5	5	2	0.7	1	1	0.3	unphased	4.20128307939054	1.02470319009525	4.1
5	31294352	31294353	94	27	5.5	5	2	0.7	1	1	0.3	unphased	1.55044172128812	0.912024541934186	1.7
5	31313456	31313457	58	11	5.5	5	2	0.7	1	1	0.3	unphased	1.10769615192404	1.10769615192404	1
5	31799679	31799680	182	35	5.5	5	2	0.7	1	1	0.3	unphased	1.12068965517241	1.12068965517241	1
5	32248973	32248974	30	21	5.5	5	2	0.7	1	1	0.3	unphased	2.86105476673428	1.05964991360529	2.7
5	33881250	33881251	132	40	5.5	5	2	0.7	1	1	0.3	unphased	1.6158781074579	0.950516533798764	1.7
5	33937064	33937065	135	17	5.5	5	2	0.7	1	1	0.3	unphased	0.777109800362976	0.777109800362976	1
5	35957512	35957513	50	8	5.5	5	2	0.7	1	1	0.3	unphased	0.958382877526754	0.958382877526754	1
5	39311262	39311263	30	16	5.5	5	2	0.7	1	1	0.3	unphased	2.4167916041979	1.00699650174913	2.4
5	39311440	39311441	19	21	5.5	5	2	0.7	1	1	0.3	unphased	3.64784482758621	0.985904007455732	3.7
5	41313705	41313706	22	21	4.42	5	2	0.57	1	0	0.43	unphased	2.86590216519647	1.05752847424224	2.71
5	42718659	42718660	90	20	4.42	5	2	0.57	1	0	0.43	unphased	1.0669592476489	1.0669592476489	1
5	42719076	42719077	63	23	4.42	5	2	0.57	1	0	0.43	unphased	1.56942261427426	0.999632238391247	1.57
5	45262258	45262259	107	9	7	5	2	1	NA	NA	NA	unphased	0.655469678953627	0.655469678953627	1
5	59284439	59284440	43	6	3	2	1	1	NA	NA	NA	unphased	0.544686840253343	0.544686840253343	1
5	63256991	63256992	191	39	3	2	1	1	NA	NA	NA	unphased	0.754272863568216	0.754272863568216	1
5	71492127	71492128	36	15	3	2	1	1	NA	NA	NA	unphased	1.30831643002028	1.30831643002028	1
5	71495327	71495328	56	19	3	2	1	1	NA	NA	NA	unphased	1.12689655172414	1.12689655172414	1
5	71495808	71495809	177	26	3	2	1	1	NA	NA	NA	unphased	0.569729913368439	0.569729913368439	1
5	71756587	71756588	212	47	3	2	1	1	NA	NA	NA	unphased	0.807216083078152	0.807216083078152	1
5	72800194	72800195	13	3	3	2	1	1	NA	NA	NA	unphased	0.834051724137931	0.834051724137931	1
5	75427817	75427818	34	15	3	2	1	1	NA	NA	NA	unphased	1.36171710063336	1.36171710063336	1
5	75967798	75967799	18	5	3	2	1	1	NA	NA	NA	unphased	0.967016491754123	0.967016491754123	1
5	75970389	75970390	13	8	3	2	1	1	NA	NA	NA	unphased	1.69458128078818	1.69458128078818	1
5	76355542	76355543	18	12	3	2	1	1	NA	NA	NA	unphased	1.77931034482759	0.889655172413793	2
5	78384496	78384497	13	4	3	2	1	1	NA	NA	NA	unphased	1.04665314401623	1.04665314401623	1
5	78746811	78746812	16	3	3	2	1	1	NA	NA	NA	unphased	0.702359346642468	0.702359346642468	1
5	79027894	79027895	11	12	3	2	1	1	NA	NA	NA	unphased	2.3208395802099	1.16041979010495	2
5	79368004	79368005	77	22	3	2	1	1	NA	NA	NA	unphased	0.988505747126437	0.988505747126437	1
5	82837153	82837154	41	9	3	2	1	1	NA	NA	NA	unphased	0.800689655172414	0.800689655172414	1
5	83433173	83433174	19	13	3	2	1	1	NA	NA	NA	unphased	1.80711206896552	0.903556034482759	2
5	93159935	93159936	24	6	3	2	1	1	NA	NA	NA	unphased	0.889655172413793	0.889655172413793	1
5	95234206	95234207	55	15	3	2	1	1	NA	NA	NA	unphased	0.95320197044335	0.95320197044335	1
5	96103156	96103157	8	3	3	2	1	1	NA	NA	NA	unphased	1.21316614420063	1.21316614420063	1
5	96430446	96430447	38	14	3	2	1	1	NA	NA	NA	unphased	1.19761273209549	1.19761273209549	1
5	100191807	100191808	23	8	3	2	1	1	NA	NA	NA	unphased	1.14794215795328	1.14794215795328	1
5	100191956	100191957	25	4	3	2	1	1	NA	NA	NA	unphased	0.613555291319857	0.613555291319857	1
5	110427921	110427922	44	16	3	2	1	1	NA	NA	NA	unphased	1.18620689655172	1.18620689655172	1
5	115782461	115782462	21	6	3	2	1	1	NA	NA	NA	unphased	0.988505747126437	0.988505747126437	1
5	115803367	115803368	18	5	3	2	1	1	NA	NA	NA	unphased	0.967016491754123	0.967016491754123	1
5	118264407	118264408	26	5	3	2	1	1	NA	NA	NA	unphased	0.717463848720801	0.717463848720801	1
5	126746104	126746105	35	9	3	2	1	1	NA	NA	NA	unphased	0.90987460815047	0.90987460815047	1
5	127710428	127710429	54	10	3	2	1	1	NA	NA	NA	unphased	0.695043103448276	0.695043103448276	1
5	127712451	127712452	35	12	3	2	1	1	NA	NA	NA	unphased	1.13573000733676	1.13573000733676	1
5	128994403	128994404	21	8	3	2	1	1	NA	NA	NA	unphased	1.22711058263971	1.22711058263971	1
5	132552967	132552968	25	20	3	2	1	1	NA	NA	NA	unphased	1.97701149425287	0.988505747126437	2
5	137488374	137488375	70	57	3	2	1	1	NA	NA	NA	unphased	1.99647026880261	0.998235134401303	2
5	137781246	137781247	52	15	3	2	1	1	NA	NA	NA	unphased	0.995882655687082	0.995882655687082	1
5	138223190	138223191	19	4	3	2	1	1	NA	NA	NA	unphased	0.773613193403298	0.773613193403298	1
5	138716258	138716259	64	11	3	2	1	1	NA	NA	NA	unphased	0.652413793103448	0.652413793103448	1
5	138718928	138718929	13	6	3	2	1	1	NA	NA	NA	unphased	1.40471869328494	1.40471869328494	1
5	139260444	139260445	82	33	3	2	1	1	NA	NA	NA	unphased	1.27646176911544	1.27646176911544	1
5	140056608	140056609	142	37	3	2	1	1	NA	NA	NA	unphased	0.919476016181853	0.919476016181853	1
5	140182209	140182210	179	47	3	2	1	1	NA	NA	NA	unphased	0.925083918217882	0.925083918217882	1
5	140183120	140183121	105	23	3	2	1	1	NA	NA	NA	unphased	0.799299568965517	0.799299568965517	1
5	140203481	140203482	100	30	3	2	1	1	NA	NA	NA	unphased	1.02652519893899	1.02652519893899	1
5	140431763	140431764	40	11	3	2	1	1	NA	NA	NA	unphased	0.959432048681542	0.959432048681542	1
5	140562795	140562796	48	40	3	2	1	1	NA	NA	NA	unphased	2.02194357366771	1.01097178683386	2
5	140616312	140616313	123	108	3	2	1	1	NA	NA	NA	unphased	2.07971339005822	1.03985669502911	2
5	140744135	140744136	69	36	3	2	1	1	NA	NA	NA	unphased	1.52512315270936	0.76256157635468	2
5	140762545	140762546	46	56	3	2	1	1	NA	NA	NA	unphased	2.4421906693712	1.2210953346856	2
5	140797657	140797658	83	22	3	2	1	1	NA	NA	NA	unphased	0.932019704433498	0.932019704433498	1
5	140798054	140798055	68	21	3	2	1	1	NA	NA	NA	unphased	1.04959318093762	1.04959318093762	1
5	140855601	140855602	53	11	3	2	1	1	NA	NA	NA	unphased	0.764547413793104	0.764547413793104	1
5	140865804	140865805	67	25	3	2	1	1	NA	NA	NA	unphased	1.20877061469265	1.20877061469265	1
5	141334599	141334600	100	36	3	2	1	1	NA	NA	NA	unphased	1.17748478701826	1.17748478701826	1
5	147862726	147862727	21	9	3	2	1	1	NA	NA	NA	unphased	1.33448275862069	1.33448275862069	1
5	150275332	150275333	17	3	3	2	1	1	NA	NA	NA	unphased	0.667241379310345	0.667241379310345	1
5	150507761	150507762	6	11	3	2	1	1	NA	NA	NA	unphased	2.87829614604463	1.43914807302231	2
5	150509058	150509059	8	5	3	2	1	1	NA	NA	NA	unphased	1.71087533156499	1.71087533156499	1
5	150515824	150515825	44	6	3	2	1	1	NA	NA	NA	unphased	0.533793103448276	0.533793103448276	1
5	154395563	154395564	37	8	3	2	1	1	NA	NA	NA	unphased	0.79080459770115	0.79080459770115	1
5	156349188	156349189	37	4	3	2	1	1	NA	NA	NA	unphased	0.433978132884777	0.433978132884777	1
5	159344725	159344726	81	24	3	2	1	1	NA	NA	NA	unphased	1.01674876847291	1.01674876847291	1
5	159656630	159656631	86	17	3	2	1	1	NA	NA	NA	unphased	0.734181452962839	0.734181452962839	1
5	160049430	160049431	26	9	3	2	1	1	NA	NA	NA	unphased	1.14384236453202	1.14384236453202	1
5	161524721	161524722	18	15	3	2	1	1	NA	NA	NA	unphased	2.02194357366771	1.01097178683386	2
5	164028094	164028095	8	3	3	2	1	1	NA	NA	NA	unphased	1.21316614420063	1.21316614420063	1
5	167617546	167617547	12	10	3	2	1	1	NA	NA	NA	unphased	2.02194357366771	1.01097178683386	2
5	169116264	169116265	39	11	3	2	1	1	NA	NA	NA	unphased	0.978620689655173	0.978620689655173	1
5	169116265	169116266	39	11	3	2	1	1	NA	NA	NA	unphased	0.978620689655173	0.978620689655173	1
5	169139179	169139180	34	5	3	2	1	1	NA	NA	NA	unphased	0.570291777188329	0.570291777188329	1
5	169535572	169535573	85	19	3	2	1	1	NA	NA	NA	unphased	0.812665782493369	0.812665782493369	1
5	169694068	169694069	73	16	3	2	1	1	NA	NA	NA	unphased	0.79969004261914	0.79969004261914	1
5	170610373	170610374	8	11	3	2	1	1	NA	NA	NA	unphased	2.57531760435572	1.28765880217786	2
5	172410836	172410837	154	35	3	2	1	1	NA	NA	NA	unphased	0.823754789272031	0.823754789272031	1
5	176002179	176002180	72	45	3	2	1	1	NA	NA	NA	unphased	1.71087533156499	0.855437665782494	2
5	179688754	179688755	27	17	3	2	1	1	NA	NA	NA	unphased	1.71865203761755	0.859326018808777	2
5	179763575	179763576	167	39	3	2	1	1	NA	NA	NA	unphased	0.842149313692668	0.842149313692668	1
6	397110	397111	131	62	4	2	2	1	NA	NA	NA	unphased	1.75022333392889	0.875111666964445	2
6	656765	656766	27	5	4	2	2	1	NA	NA	NA	unphased	0.851293103448276	0.851293103448276	1
6	3113469	3113470	38	12	4	2	2	1	NA	NA	NA	unphased	1.30758620689655	1.30758620689655	1
6	3113470	3113471	38	12	4	2	2	1	NA	NA	NA	unphased	1.30758620689655	1.30758620689655	1
6	7583077	7583078	66	11	4	2	2	1	NA	NA	NA	unphased	0.778325123152709	0.778325123152709	1
6	11105233	11105234	50	22	4	2	2	1	NA	NA	NA	unphased	1.66475095785441	0.832375478927203	2
6	13487029	13487030	111	20	4	2	2	1	NA	NA	NA	unphased	0.831797841537247	0.831797841537247	1
6	17817338	17817339	61	27	4	2	2	1	NA	NA	NA	unphased	1.67163009404389	0.835815047021944	2
6	22569875	22569876	84	18	4	2	2	1	NA	NA	NA	unphased	0.961460446247465	0.961460446247465	1
6	24178854	24178855	62	16	4	2	2	1	NA	NA	NA	unphased	1.11759504862953	1.11759504862953	1
6	25610288	25610289	45	14	4	2	2	1	NA	NA	NA	unphased	1.29281122150789	1.29281122150789	1
6	26017290	26017291	57	35	4	2	2	1	NA	NA	NA	unphased	2.07271364317841	1.03635682158921	2
6	26032249	26032250	202	36	4	2	2	1	NA	NA	NA	unphased	0.824108953926398	0.824108953926398	1
6	26056571	26056572	87	10	4	2	2	1	NA	NA	NA	unphased	0.561677923924636	0.561677923924636	1
6	26123962	26123963	192	90	4	2	2	1	NA	NA	NA	unphased	1.73881144534116	0.86940572267058	2
6	26157275	26157276	42	9	4	2	2	1	NA	NA	NA	unphased	0.961460446247465	0.961460446247465	1
6	26189000	26189001	84	22	4	2	2	1	NA	NA	NA	unphased	1.13077423552375	1.13077423552375	1
6	26508824	26508825	125	57	4	2	2	1	NA	NA	NA	unphased	1.70632815460402	0.853164077302008	2
6	27839853	27839854	183	37	4	2	2	1	NA	NA	NA	unphased	0.916300940438872	0.916300940438872	1
6	28268891	28268892	36	12	4	2	2	1	NA	NA	NA	unphased	1.36206896551724	1.36206896551724	1
6	28472165	28472166	47	5	4	2	2	1	NA	NA	NA	unphased	0.523872679045093	0.523872679045093	1
6	29364986	29364987	103	16	4	2	2	1	NA	NA	NA	unphased	0.732541292379021	0.732541292379021	1
6	29394510	29394511	21	11	4	2	2	1	NA	NA	NA	unphased	1.87284482758621	0.936422413793104	2
6	29429969	29429970	210	95	4	2	2	1	NA	NA	NA	unphased	1.69700395703787	0.848501978518937	2
6	30458996	30458997	160	87	4	2	2	1	NA	NA	NA	unphased	1.91902834008097	0.959514170040486	2
6	31474059	31474060	68	17	4	2	2	1	NA	NA	NA	unphased	1.08965517241379	1.08965517241379	1
6	31895398	31895399	84	54	4	2	2	1	NA	NA	NA	unphased	2.13193403298351	1.06596701649175	2
6	32138965	32138966	71	40	4	2	2	1	NA	NA	NA	unphased	1.96334265299783	0.981671326498913	2
6	34003514	34003515	52	24	4	2	2	1	NA	NA	NA	unphased	1.72050816696915	0.860254083484573	2
6	34004192	34004193	55	11	4	2	2	1	NA	NA	NA	unphased	0.908045977011494	0.908045977011494	1
6	34499493	34499494	248	48	4	2	2	1	NA	NA	NA	unphased	0.883504193849022	0.883504193849022	1
6	35478739	35478740	113	22	4	2	2	1	NA	NA	NA	unphased	0.88786717752235	0.88786717752235	1
6	35773494	35773495	146	20	4	2	2	1	NA	NA	NA	unphased	0.656418778562526	0.656418778562526	1
6	36981767	36981768	99	8	4	2	2	1	NA	NA	NA	unphased	0.407347728005156	0.407347728005156	1
6	38862638	38862639	18	3	4	2	2	1	NA	NA	NA	unphased	0.778325123152709	0.778325123152709	1
6	38905860	38905861	97	19	4	2	2	1	NA	NA	NA	unphased	0.892390011890606	0.892390011890606	1
6	39271738	39271739	149	9	4	2	2	1	NA	NA	NA	unphased	0.310344827586207	0.310344827586207	1
6	39607384	39607385	28	4	4	2	2	1	NA	NA	NA	unphased	0.681034482758621	0.681034482758621	1
6	41704509	41704510	61	18	4	2	2	1	NA	NA	NA	unphased	1.24137931034483	1.24137931034483	1
6	41903661	41903662	9	5	4	2	2	1	NA	NA	NA	unphased	1.94581280788177	1.94581280788177	1
6	42162527	42162528	18	11	4	2	2	1	NA	NA	NA	unphased	2.06658739595719	1.0332936979786	2
6	42672216	42672217	35	19	4	2	2	1	NA	NA	NA	unphased	1.91698595146871	0.958492975734355	2
6	43274006	43274007	74	40	4	2	2	1	NA	NA	NA	unphased	1.91167574107683	0.955837870538415	2
6	46135824	46135825	14	4	4	2	2	1	NA	NA	NA	unphased	1.21072796934866	1.21072796934866	1
6	48035981	48035982	90	29	4	2	2	1	NA	NA	NA	unphased	1.32773109243697	1.32773109243697	1
6	49427044	49427045	51	17	4	2	2	1	NA	NA	NA	unphased	1.36206896551724	1.36206896551724	1
6	49585904	49585905	11	3	4	2	2	1	NA	NA	NA	unphased	1.16748768472906	1.16748768472906	1
6	49587019	49587020	20	12	4	2	2	1	NA	NA	NA	unphased	2.04310344827586	1.02155172413793	2
6	51907694	51907695	31	11	4	2	2	1	NA	NA	NA	unphased	1.42692939244663	1.42692939244663	1
6	52101671	52101672	32	9	4	2	2	1	NA	NA	NA	unphased	1.1959629941127	1.1959629941127	1
6	53519728	53519729	44	9	4	2	2	1	NA	NA	NA	unphased	0.925178919973975	0.925178919973975	1
6	70871818	70871819	10	6	2	2	0	1	NA	NA	NA	unphased	1.29310344827586	1.29310344827586	1
6	70991136	70991137	14	19	2	2	0	1	NA	NA	NA	unphased	1.98537095088819	0.992685475444096	2
6	88331671	88331672	9	10	2	2	0	1	NA	NA	NA	unphased	1.81488203266788	0.907441016333938	2
6	90577103	90577104	10	3	2	2	0	1	NA	NA	NA	unphased	0.795755968169761	0.795755968169761	1
6	106967624	106967625	24	34	2	2	0	1	NA	NA	NA	unphased	2.02140309155767	1.01070154577883	2
6	106967627	106967628	23	35	2	2	0	1	NA	NA	NA	unphased	2.08085612366231	1.04042806183115	2
6	107372259	107372260	10	16	2	2	0	1	NA	NA	NA	unphased	2.12201591511936	1.06100795755968	2
6	111694253	111694254	14	20	2	2	0	1	NA	NA	NA	unphased	2.02839756592292	1.01419878296146	2
6	112420549	112420550	9	9	2	2	0	1	NA	NA	NA	unphased	1.72413793103448	0.862068965517241	2
6	112435333	112435334	14	5	2	2	0	1	NA	NA	NA	unphased	0.907441016333938	0.907441016333938	1
6	117240432	117240433	7	7	2	2	0	1	NA	NA	NA	unphased	1.72413793103448	1.72413793103448	1
6	121769261	121769262	10	4	2	2	0	1	NA	NA	NA	unphased	0.985221674876847	0.985221674876847	1
6	129498910	129498911	32	5	3	3	0	1	NA	NA	NA	unphased	0.601118359739049	0.601118359739049	1
6	129786363	129786364	13	15	3	3	0	1	NA	NA	NA	unphased	2.38300492610837	1.19150246305419	2
6	131917225	131917226	37	5	3	3	0	1	NA	NA	NA	unphased	0.529556650246305	0.529556650246305	1
6	131926381	131926382	5	10	3	3	0	1	NA	NA	NA	unphased	2.96551724137931	0.988505747126437	3
6	132859551	132859552	37	8	3	3	0	1	NA	NA	NA	unphased	0.79080459770115	0.79080459770115	1
6	133827253	133827254	15	8	3	3	0	1	NA	NA	NA	unphased	1.5472263868066	1.5472263868066	1
6	136597378	136597379	91	18	3	3	0	1	NA	NA	NA	unphased	0.734577665295793	0.734577665295793	1
6	137019811	137019812	9	15	3	3	0	1	NA	NA	NA	unphased	2.7801724137931	0.926724137931035	3
6	138618074	138618075	45	52	3	3	0	1	NA	NA	NA	unphased	2.3846427301813	1.19232136509065	2
6	142491479	142491480	26	7	3	3	0	1	NA	NA	NA	unphased	0.943573667711599	0.943573667711599	1
6	143095718	143095719	118	35	3	3	0	1	NA	NA	NA	unphased	1.01757944557133	1.01757944557133	1
6	146247396	146247397	29	9	3	3	0	1	NA	NA	NA	unphased	1.0535390199637	1.0535390199637	1
6	146275835	146275836	7	7	3	3	0	1	NA	NA	NA	unphased	2.22413793103448	1.11206896551724	2
6	152532663	152532664	11	4	3	3	0	1	NA	NA	NA	unphased	1.18620689655172	1.18620689655172	1
6	152847261	152847262	6	14	3	3	0	1	NA	NA	NA	unphased	3.11379310344828	1.03793103448276	3
6	155578920	155578921	12	30	3	3	0	1	NA	NA	NA	unphased	3.17733990147783	1.05911330049261	3
6	155743923	155743924	109	18	3	3	0	1	NA	NA	NA	unphased	0.63046429541135	0.63046429541135	1
6	159650932	159650933	137	29	3	3	0	1	NA	NA	NA	unphased	0.77710843373494	0.77710843373494	1
6	160106040	160106041	44	15	3	3	0	1	NA	NA	NA	unphased	1.13091759205143	1.13091759205143	1
6	160464295	160464296	92	25	3	3	0	1	NA	NA	NA	unphased	0.950486295313882	0.950486295313882	1
6	160511110	160511111	29	7	3	3	0	1	NA	NA	NA	unphased	0.864942528735632	0.864942528735632	1
6	160952812	160952813	10	21	3	3	0	1	NA	NA	NA	unphased	3.01334816462736	1.00444938820912	3
6	161970002	161970003	23	76	3	3	0	1	NA	NA	NA	unphased	3.41483803552769	1.1382793451759	3
6	163876387	163876388	26	8	3	3	0	1	NA	NA	NA	unphased	1.04665314401623	1.04665314401623	1
6	165843833	165843834	6	4	3	3	0	1	NA	NA	NA	unphased	1.77931034482759	1.77931034482759	1
7	2302872	2302873	53	15	4	3	1	1	NA	NA	NA	unphased	1.20182555780933	1.20182555780933	1
7	4091274	4091275	117	17	4	3	1	1	NA	NA	NA	unphased	0.691199176531138	0.691199176531138	1
7	4091275	4091276	117	18	4	3	1	1	NA	NA	NA	unphased	0.726436781609196	0.726436781609196	1
7	4899634	4899635	25	4	4	3	1	1	NA	NA	NA	unphased	0.751486325802616	0.751486325802616	1
7	6730659	6730660	23	5	4	3	1	1	NA	NA	NA	unphased	0.972906403940887	0.972906403940887	1
7	11418899	11418900	40	8	1.34	3	0	0.17	1	0	0.83	unphased	0.464712643678161	0.464712643678161	1
7	27224339	27224340	49	6	1.34	3	0	0.17	1	0	0.83	unphased	0.304175548589342	0.304175548589342	1
7	28848933	28848934	43	25	1.34	3	0	0.17	1	0	0.83	unphased	1.0251014198783	1.0251014198783	1
7	35674869	35674870	23	42	1.34	3	0	0.17	1	0	0.83	unphased	1.80165517241379	0.830255839822025	2.17
7	35734009	35734010	42	9	1.34	3	0	0.17	1	0	0.83	unphased	0.492048681541582	0.492048681541582	1
7	36763641	36763642	44	10	1.34	3	0	0.17	1	0	0.83	unphased	0.516347381864623	0.516347381864623	1
7	38389110	38389111	53	14	1.34	3	0	0.17	1	0	0.83	unphased	0.582624806999485	0.582624806999485	1
7	42004799	42004800	84	14	1.34	3	0	0.17	1	0	0.83	unphased	0.398325123152709	0.398325123152709	1
7	47407969	47407970	149	137	1.34	3	0	0.17	1	0	0.83	unphased	1.33564263322884	0.996748233752866	1.34
7	47854994	47854995	36	75	1.34	3	0	0.17	1	0	0.83	unphased	1.88397017707363	0.868189021692915	2.17
7	48556444	48556445	44	9	1.34	3	0	0.17	1	0	0.83	unphased	0.473480806766428	0.473480806766428	1
7	57522278	57522279	13	7	3.88	3	1	0.96	0	1	0.04	unphased	1.86489655172414	1.86489655172414	1
7	70246738	70246739	113	31	3.88	3	1	0.96	0	1	0.04	unphased	1.14705938697318	1.14705938697318	1
7	71036375	71036376	51	6	3.88	3	1	0.96	0	1	0.04	unphased	0.560871143375681	0.560871143375681	1
7	75621769	75621770	14	4	3.88	3	1	0.96	0	1	0.04	unphased	1.18406130268199	1.18406130268199	1
7	76109954	76109955	47	10	3.88	3	1	0.96	0	1	0.04	unphased	0.934785238959468	0.934785238959468	1
7	82474648	82474649	18	9	3.88	3	1	0.96	0	1	0.04	unphased	1.77609195402299	0.925047892720306	1.92
7	82764882	82764883	26	8	3.88	3	1	0.96	0	1	0.04	unphased	1.25371196754564	1.25371196754564	1
7	87178808	87178809	102	15	3.88	3	1	0.96	0	1	0.04	unphased	0.683112290008842	0.683112290008842	1
7	88847531	88847532	15	11	3.88	3	1	0.96	0	1	0.04	unphased	2.25427055702918	1.1501380393006	1.96
7	88964852	88964853	20	5	3.88	3	1	0.96	0	1	0.04	unphased	1.06565517241379	1.06565517241379	1
7	92762682	92762683	23	7	3.88	3	1	0.96	0	1	0.04	unphased	1.24326436781609	1.24326436781609	1
7	92764682	92764683	21	22	3.88	3	1	0.96	0	1	0.04	unphased	2.72609462710505	0.946560634411476	2.88
7	92886735	92886736	16	3	3.88	3	1	0.96	0	1	0.04	unphased	0.841306715063521	0.841306715063521	1
7	93055840	93055841	99	21	3.88	3	1	0.96	0	1	0.04	unphased	0.932448275862069	0.932448275862069	1
7	98554155	98554156	110	16	3.7	3	1	0.85	1	1	0.15	unphased	0.653749315818281	0.769116842139154	0.85
7	98562322	98562323	33	40	3.7	3	1	0.85	1	1	0.15	unphased	2.82097307510628	0.98981511407238	2.85
7	99258177	99258178	32	10	3.7	3	1	0.85	1	1	0.15	unphased	1.22577996715928	1.22577996715928	1
7	100087132	100087133	32	38	3.7	3	1	0.85	1	1	0.15	unphased	2.79477832512315	0.980623973727422	2.85
7	100676538	100676539	366	75	3.7	3	1	0.85	1	1	0.15	unphased	0.875557119399484	0.875557119399484	1
7	102137379	102137380	20	8	3.7	3	1	0.85	1	1	0.15	unphased	1.47093596059113	1.47093596059113	1
7	102213017	102213018	95	6	3.7	3	1	0.85	1	1	0.15	unphased	0.305838170023899	0.305838170023899	1
7	102938048	102938049	28	4	3.76	3	1	0.92	0	1	0.08	unphased	0.651034482758621	0.651034482758621	1
7	103230243	103230244	23	5	3.76	3	1	0.92	0	1	0.08	unphased	0.930049261083744	0.930049261083744	1
7	106797750	106797751	34	6	3.76	3	1	0.92	0	1	0.08	unphased	0.781241379310345	0.781241379310345	1
7	107824965	107824966	45	7	3.66	3	1	0.83	1	1	0.17	unphased	0.687652519893899	0.687652519893899	1
7	108524274	108524275	21	6	3.66	3	1	0.83	1	1	0.17	unphased	1.1351724137931	1.1351724137931	1
7	116937829	116937830	129	24	3.73	3	1	0.91	0	1	0.09	unphased	0.812278566599053	0.812278566599053	1
7	117424404	117424405	84	38	3.73	3	1	0.91	0	1	0.09	unphased	1.61290559638214	0.886211866144031	1.82
7	121755272	121755273	49	10	3.73	3	1	0.91	0	1	0.09	unphased	0.877673874926943	0.877673874926943	1
7	121943977	121943978	37	7	3.73	3	1	0.91	0	1	0.09	unphased	0.823816614420063	0.823816614420063	1
7	122635736	122635737	7	10	3.73	3	1	0.91	0	1	0.09	unphased	3.04604462474645	1.04675073015342	2.91
7	122635737	122635738	8	10	3.73	3	1	0.91	0	1	0.09	unphased	2.87681992337165	0.988597911811563	2.91
7	122809293	122809294	26	31	3.73	3	1	0.91	0	1	0.09	unphased	2.81625529340593	0.998672089860258	2.82
7	124404120	124404121	115	20	3.73	3	1	0.91	0	1	0.09	unphased	0.767151979565773	0.767151979565773	1
7	126883134	126883135	41	39	3.7	3	1	0.85	1	1	0.15	unphased	2.50978448275862	0.929549808429119	2.7
7	127255514	127255515	130	29	3.7	3	1	0.85	1	1	0.15	unphased	0.938993710691824	0.938993710691824	1
7	128497284	128497285	166	30	3.7	3	1	0.85	1	1	0.15	unphased	0.788001407459536	0.788001407459536	1
7	129951926	129951927	57	7	3.7	3	1	0.85	1	1	0.15	unphased	0.563092672413793	0.563092672413793	1
7	131887556	131887557	34	4	3.7	3	1	0.85	1	1	0.15	unphased	0.541923774954628	0.541923774954628	1
7	132192696	132192697	89	13	3.7	3	1	0.85	1	1	0.15	unphased	0.656152805949966	0.656152805949966	1
7	136848963	136848964	36	24	3.49	3	1	0.83	1	0	0.17	unphased	1.97531034482759	1.07940456001507	1.83
7	138223464	138223465	26	8	3.49	3	1	0.83	1	0	0.17	unphased	1.16194726166329	1.16194726166329	1
7	139416617	139416618	45	6	3.49	3	1	0.83	1	0	0.17	unphased	0.580973630831643	0.580973630831643	1
7	141365038	141365039	31	9	4	3	1	1	NA	NA	NA	unphased	1.22586206896552	1.22586206896552	1
7	141708337	141708338	12	8	4	3	1	1	NA	NA	NA	unphased	2.17931034482759	1.08965517241379	2
7	141954942	141954943	34	22	4	3	1	1	NA	NA	NA	unphased	2.14039408866995	1.07019704433498	2
7	142099569	142099570	66	16	4	3	1	1	NA	NA	NA	unphased	1.06307821698907	1.06307821698907	1
7	142104243	142104244	184	35	4	3	1	1	NA	NA	NA	unphased	0.870729019052118	0.870729019052118	1
7	142111615	142111616	75	59	4	3	1	1	NA	NA	NA	unphased	2.39886773031395	1.19943386515697	2
7	142120008	142120009	60	13	4	3	1	1	NA	NA	NA	unphased	0.970240906943789	0.970240906943789	1
7	142498900	142498901	136	32	4	3	1	1	NA	NA	NA	unphased	1.03776683087028	1.03776683087028	1
7	142498985	142498986	156	19	4	3	1	1	NA	NA	NA	unphased	0.591527093596059	0.591527093596059	1
7	142561852	142561853	140	117	4	3	1	1	NA	NA	NA	unphased	2.48034348584463	0.826781161948209	3
7	142625229	142625230	102	23	4	3	1	1	NA	NA	NA	unphased	1.00248275862069	1.00248275862069	1
7	142638461	142638462	95	19	4	3	1	1	NA	NA	NA	unphased	0.908045977011494	0.908045977011494	1
7	143400228	143400229	32	7	3.28	3	1	0.76	1	0	0.24	unphased	0.848664898320071	0.848664898320071	1
7	143400512	143400513	36	10	3.28	3	1	0.76	1	0	0.24	unphased	1.02788605697151	1.02788605697151	1
7	143453434	143453435	31	9	3.28	3	1	0.76	1	0	0.24	unphased	1.06386206896552	1.06386206896552	1
7	143632886	143632887	98	14	3.28	3	1	0.76	1	0	0.24	unphased	0.591034482758621	0.777676950998185	0.76
7	143657158	143657159	123	71	3.28	3	1	0.76	1	0	0.24	unphased	1.73045147529328	0.983211065507546	1.76
7	143771877	143771878	75	14	3.28	3	1	0.76	1	0	0.24	unphased	0.743773731111972	0.743773731111972	1
7	148947847	148947848	68	23	3.19	3	1	0.73	1	0	0.27	unphased	1.17231148162183	1.17231148162183	1
7	150761693	150761694	74	19	4	3	1	1	NA	NA	NA	unphased	1.11308861698183	1.11308861698183	1
7	150878097	150878098	27	10	4	3	1	1	NA	NA	NA	unphased	1.47250698974837	1.47250698974837	1
7	151874167	151874168	33	6	4	3	1	1	NA	NA	NA	unphased	0.838196286472149	0.838196286472149	1
7	156762405	156762406	75	16	3.49	3	1	0.83	1	0	0.17	unphased	0.868268283440697	0.868268283440697	1
7	158455055	158455056	11	3	3.49	3	1	0.83	1	0	0.17	unphased	1.05820197044335	1.05820197044335	1
8	2092694	2092695	36	21	1	1	0	1	NA	NA	NA	unphased	0.901996370235935	0.901996370235935	1
8	10465781	10465782	116	76	1	1	0	1	NA	NA	NA	unphased	0.969109195402299	0.969109195402299	1
8	10480498	10480499	24	14	1	1	0	1	NA	NA	NA	unphased	0.901996370235935	0.901996370235935	1
8	11687788	11687789	21	11	1	1	0	1	NA	NA	NA	unphased	0.841594827586207	0.841594827586207	1
8	14022111	14022112	9	5	1	1	0	1	NA	NA	NA	unphased	0.874384236453202	0.874384236453202	1
8	17813034	17813035	4	5	1	1	0	1	NA	NA	NA	unphased	1.36015325670498	1.36015325670498	1
8	22009454	22009455	27	18	1	1	0	1	NA	NA	NA	unphased	0.979310344827586	0.979310344827586	1
8	22033771	22033772	20	15	1	1	0	1	NA	NA	NA	unphased	1.04926108374384	1.04926108374384	1
8	22145055	22145056	22	13	1	1	0	1	NA	NA	NA	unphased	0.90935960591133	0.90935960591133	1
8	31014887	31014888	16	3	1	1	0	1	NA	NA	NA	unphased	0.386569872958258	0.386569872958258	1
8	33454927	33454928	26	6	1	1	0	1	NA	NA	NA	unphased	0.459051724137931	0.459051724137931	1
8	36776408	36776409	9	7	1	1	0	1	NA	NA	NA	unphased	1.07112068965517	1.07112068965517	1
8	37686462	37686463	27	7	1	1	0	1	NA	NA	NA	unphased	0.504056795131846	0.504056795131846	1
8	37698647	37698648	52	13	1	1	0	1	NA	NA	NA	unphased	0.489655172413793	0.489655172413793	1
8	37791803	37791804	4	4	1	1	0	1	NA	NA	NA	unphased	1.22413793103448	1.22413793103448	1
8	39537682	39537683	4	5	1	1	0	1	NA	NA	NA	unphased	1.36015325670498	1.36015325670498	1
8	51569543	51569544	75	21	1.81	3	1	0.27	1	0	0.73	unphased	0.712747844827586	0.712747844827586	1
8	52287228	52287229	22	3	1.81	3	1	0.27	1	0	0.73	unphased	0.390993103448276	1.44812260536398	0.27
8	53124656	53124657	21	6	1.81	3	1	0.27	1	0	0.73	unphased	0.724061302681992	0.724061302681992	1
8	56015225	56015226	3	7	1.81	3	1	0.27	1	0	0.73	unphased	2.28079310344828	1.00475467112259	2.27
8	73958247	73958248	14	14	1.93	3	1	0.31	1	0	0.69	unphased	1.68913793103448	1.04267773520647	1.62
8	76476400	76476401	21	3	1.93	3	1	0.31	1	0	0.69	unphased	0.422284482758621	0.422284482758621	1
8	77775752	77775753	89	34	7	6	1	1	NA	NA	NA	unphased	2.33529576675077	1.16764788337539	2
8	89053922	89053923	35	9	7	6	1	1	NA	NA	NA	unphased	1.72805642633229	1.72805642633229	1
8	91657519	91657520	37	6	7	6	1	1	NA	NA	NA	unphased	1.17882919005613	1.17882919005613	1
8	97256183	97256184	81	21	7	6	1	1	NA	NA	NA	unphased	1.7393509127789	0.869675456389452	2
8	97345821	97345822	87	16	7	6	1	1	NA	NA	NA	unphased	1.31235353197188	1.31235353197188	1
8	99057585	99057586	148	17	7	6	1	1	NA	NA	NA	unphased	0.87042842215256	0.87042842215256	1
8	100836124	100836125	65	9	7	6	1	1	NA	NA	NA	unphased	1.02749301025163	1.02749301025163	1
8	104831780	104831781	19	12	7	6	1	1	NA	NA	NA	unphased	3.27030033370412	1.09010011123471	3
8	104930675	104930676	9	3	7	6	1	1	NA	NA	NA	unphased	2.11206896551724	2.11206896551724	1
8	105441929	105441930	91	7	7	6	1	1	NA	NA	NA	unphased	0.603448275862069	0.603448275862069	1
8	106801078	106801079	68	5	7	6	1	1	NA	NA	NA	unphased	0.578649031648559	0.578649031648559	1
8	106814140	106814141	120	12	7	6	1	1	NA	NA	NA	unphased	0.768025078369906	0.768025078369906	1
8	107726140	107726141	47	5	7	6	1	1	NA	NA	NA	unphased	0.812334217506631	0.812334217506631	1
8	110457347	110457348	66	11	7	6	1	1	NA	NA	NA	unphased	1.20689655172414	1.20689655172414	1
8	110523109	110523110	77	13	7	6	1	1	NA	NA	NA	unphased	1.22030651340996	1.22030651340996	1
8	113585859	113585860	37	9	7	6	1	1	NA	NA	NA	unphased	1.65292353823088	1.65292353823088	1
8	113649230	113649231	71	14	7	6	1	1	NA	NA	NA	unphased	1.39148073022312	1.39148073022312	1
8	113702252	113702253	45	7	7	6	1	1	NA	NA	NA	unphased	1.13726790450928	1.13726790450928	1
8	121444297	121444298	34	13	7	6	1	1	NA	NA	NA	unphased	2.33675715333822	1.16837857666911	2
8	121444299	121444300	35	13	7	6	1	1	NA	NA	NA	unphased	2.28807471264368	1.14403735632184	2
8	124796772	124796773	20	5	7	6	1	1	NA	NA	NA	unphased	1.68965517241379	1.68965517241379	1
8	125072411	125072412	142	21	7	6	1	1	NA	NA	NA	unphased	1.08842817854876	1.08842817854876	1
8	126056933	126056934	102	19	7	6	1	1	NA	NA	NA	unphased	1.32658877172984	1.32658877172984	1
8	126448526	126448527	231	46	7	6	1	1	NA	NA	NA	unphased	1.40296277853853	0.701481389269264	2
8	131861887	131861888	47	4	4.06	6	1	0.51	1	0	0.49	unphased	0.432021636240703	0.847101247530791	0.51
8	131916020	131916021	35	46	4.06	6	1	0.51	1	0	0.49	unphased	3.12815666240954	1.0289989021084	3.04
8	132002783	132002784	208	34	4.06	6	1	0.51	1	0	0.49	unphased	0.773889997150185	0.773889997150185	1
8	133141334	133141335	32	5	4.06	6	1	0.51	1	0	0.49	unphased	0.744361602982293	0.744361602982293	1
8	134237701	134237702	154	65	4.06	6	1	0.51	1	0	0.49	unphased	1.63487639741773	1.08269960093889	1.51
8	134237799	134237800	105	16	4.06	6	1	0.51	1	0	0.49	unphased	0.728367056141351	0.728367056141351	1
8	139164584	139164585	133	14	4.06	6	1	0.51	1	0	0.49	unphased	0.524597701149425	1.02862294343025	0.51
8	139164586	139164587	131	14	4.06	6	1	0.51	1	0	0.49	unphased	0.531833531510107	1.04281084609825	0.51
8	139263234	139263235	270	28	4.06	6	1	0.51	1	0	0.49	unphased	0.517556121268225	1.01481592405534	0.51
8	139609198	139609199	123	17	4.06	6	1	0.51	1	0	0.49	unphased	0.668862068965517	1.31149425287356	0.51
8	139616994	139616995	19	3	4.06	6	1	0.51	1	0	0.49	unphased	0.751128526645768	0.751128526645768	1
8	139629191	139629192	104	31	4.06	6	1	0.51	1	0	0.49	unphased	1.26486334610473	1.26486334610473	1
8	139675982	139675983	31	4	4.06	6	1	0.51	1	0	0.49	unphased	0.62951724137931	0.62951724137931	1
8	144946589	144946590	55	8	3.35	5	1	0.47	1	0	0.53	unphased	0.609304871373837	0.609304871373837	1
8	145111861	145111862	7	15	3.35	5	1	0.47	1	0	0.53	unphased	3.27155172413793	0.959399332591769	3.41
8	146032601	146032602	31	13	3.35	5	1	0.47	1	0	0.53	unphased	1.4176724137931	1.4176724137931	1
8	146278071	146278072	35	82	3.35	5	1	0.47	1	0	0.53	unphased	3.36289419392868	0.986185980624245	3.41
9	713020	713021	63	16	2	2	0	1	NA	NA	NA	unphased	0.698384984722829	0.698384984722829	1
9	3275579	3275580	8	4	2	2	0	1	NA	NA	NA	unphased	1.14942528735632	1.14942528735632	1
9	5126756	5126757	12	5	2	2	0	1	NA	NA	NA	unphased	1.01419878296146	1.01419878296146	1
9	14307369	14307370	44	25	2	2	0	1	NA	NA	NA	unphased	1.24937531234383	1.24937531234383	1
9	18795485	18795486	6	4	2	2	0	1	NA	NA	NA	unphased	1.37931034482759	1.37931034482759	1
9	19378834	19378835	24	3	2	2	0	1	NA	NA	NA	unphased	0.383141762452107	0.383141762452107	1
9	21305227	21305228	45	5	2	2	0	1	NA	NA	NA	unphased	0.344827586206897	0.344827586206897	1
9	21305228	21305229	44	5	2	2	0	1	NA	NA	NA	unphased	0.351864883884588	0.351864883884588	1
9	21409409	21409410	51	18	2	2	0	1	NA	NA	NA	unphased	0.899550224887556	0.899550224887556	1
9	23692604	23692605	15	8	2	2	0	1	NA	NA	NA	unphased	1.19940029985008	1.19940029985008	1
9	27949809	27949810	42	13	2	2	0	1	NA	NA	NA	unphased	0.815047021943574	0.815047021943574	1
9	37430610	37430611	44	13	2	2	0	0.28	1	1	0.72	unphased	0.786448880822747	0.786448880822747	1
9	38016129	38016130	56	20	2	2	0	0.28	1	1	0.72	unphased	0.907441016333938	0.907441016333938	1
9	39887370	39887371	29	22	2	2	0	0.28	1	1	0.72	unphased	1.48749154834348	1.16210277214334	1.28
9	72901174	72901175	18	8	3	2	1	1	NA	NA	NA	unphased	1.36870026525199	1.36870026525199	1
9	79320640	79320641	41	26	3	2	1	1	NA	NA	NA	unphased	1.72619660319094	0.863098301595471	2
9	84530728	84530729	117	20	3	2	1	1	NA	NA	NA	unphased	0.649383337528316	0.649383337528316	1
9	84606715	84606716	13	10	3	2	1	1	NA	NA	NA	unphased	1.93403298350825	0.967016491754123	2
9	90502606	90502607	67	46	3	2	1	1	NA	NA	NA	unphased	1.81080256332011	0.905401281660055	2
9	90535459	90535460	223	177	3	2	1	1	NA	NA	NA	unphased	1.96836206896552	0.984181034482759	2
9	90535497	90535498	218	195	3	2	1	1	NA	NA	NA	unphased	2.10027552809552	1.05013776404776	2
9	94877664	94877665	52	10	3	2	1	1	NA	NA	NA	unphased	0.717463848720801	0.717463848720801	1
9	95772595	95772596	24	14	3	2	1	1	NA	NA	NA	unphased	1.63883847549909	0.819419237749546	2
9	96080694	96080695	61	41	3	2	1	1	NA	NA	NA	unphased	1.78803245436106	0.894016227180528	2
9	98248119	98248120	83	20	3	2	1	1	NA	NA	NA	unphased	0.863742885838634	0.863742885838634	1
9	99126811	99126812	34	9	3	2	1	1	NA	NA	NA	unphased	0.931034482758621	0.931034482758621	1
9	99580860	99580861	80	14	3	2	1	1	NA	NA	NA	unphased	0.662509170946442	0.662509170946442	1
9	99694021	99694022	28	17	3	2	1	1	NA	NA	NA	unphased	1.68045977011494	0.840229885057471	2
9	111625142	111625143	80	39	3	2	1	1	NA	NA	NA	unphased	1.45783830773689	0.728919153868444	2
9	111761454	111761455	38	12	3	2	1	1	NA	NA	NA	unphased	1.06758620689655	1.06758620689655	1
9	116085308	116085309	58	14	3	2	1	1	NA	NA	NA	unphased	0.864942528735632	0.864942528735632	1
9	116276857	116276858	88	21	3	2	1	1	NA	NA	NA	unphased	0.857007276178425	0.857007276178425	1
9	116357967	116357968	65	16	3	2	1	1	NA	NA	NA	unphased	0.878671775223499	0.878671775223499	1
9	116857588	116857589	20	21	3	2	1	1	NA	NA	NA	unphased	2.27838519764508	1.13919259882254	2
9	116858337	116858338	95	20	3	2	1	1	NA	NA	NA	unphased	0.773613193403298	0.773613193403298	1
9	117087108	117087109	45	10	3	2	1	1	NA	NA	NA	unphased	0.808777429467085	0.808777429467085	1
9	119097223	119097224	97	25	3	2	1	1	NA	NA	NA	unphased	0.911531938948559	0.911531938948559	1
9	119116067	119116068	43	9	3	2	1	1	NA	NA	NA	unphased	0.769893899204244	0.769893899204244	1
9	119188238	119188239	53	9	3	2	1	1	NA	NA	NA	unphased	0.645717463848721	0.645717463848721	1
9	119626012	119626013	33	5	3	2	1	1	NA	NA	NA	unphased	0.58529945553539	0.58529945553539	1
9	119858356	119858357	53	9	3	2	1	1	NA	NA	NA	unphased	0.645717463848721	0.645717463848721	1
9	120466786	120466787	31	17	3	2	1	1	NA	NA	NA	unphased	1.57543103448276	0.787715517241379	2
9	123170638	123170639	39	54	3	2	1	1	NA	NA	NA	unphased	2.58286985539488	1.29143492769744	2
9	124545963	124545964	13	18	3	2	1	1	NA	NA	NA	unphased	2.58286985539488	1.29143492769744	2
9	125424721	125424722	49	10	3	2	1	1	NA	NA	NA	unphased	0.753945061367621	0.753945061367621	1
9	125486954	125486955	209	36	3	2	1	1	NA	NA	NA	unphased	0.653624208304011	0.653624208304011	1
9	125673594	125673595	15	4	3	2	1	1	NA	NA	NA	unphased	0.936479128856624	0.936479128856624	1
9	125751747	125751748	12	3	3	2	1	1	NA	NA	NA	unphased	0.889655172413793	0.889655172413793	1
9	127828265	127828266	7	7	3	2	1	1	NA	NA	NA	unphased	2.22413793103448	1.11206896551724	2
9	130493067	130493068	63	21	3	2	1	1	NA	NA	NA	unphased	1.11206896551724	1.11206896551724	1
9	130943035	130943036	65	21	3	2	1	1	NA	NA	NA	unphased	1.08620689655172	1.08620689655172	1
9	131036248	131036249	82	58	3	2	1	1	NA	NA	NA	unphased	1.84285714285714	0.921428571428572	2
9	131600382	131600383	129	52	3	2	1	1	NA	NA	NA	unphased	1.27795770622976	1.27795770622976	1
9	133945108	133945109	7	4	3	2	1	1	NA	NA	NA	unphased	1.61755485893417	1.61755485893417	1
9	137650095	137650096	60	16	3	2	1	1	NA	NA	NA	unphased	0.936479128856624	0.936479128856624	1
9	137686945	137686946	63	14	3	2	1	1	NA	NA	NA	unphased	0.808777429467085	0.808777429467085	1
9	137772743	137772744	15	4	3	2	1	1	NA	NA	NA	unphased	0.936479128856624	0.936479128856624	1
9	139103117	139103118	42	10	3	2	1	1	NA	NA	NA	unphased	0.855437665782494	0.855437665782494	1
9	139391104	139391105	96	18	3	2	1	1	NA	NA	NA	unphased	0.702359346642468	0.702359346642468	1
9	139391702	139391703	66	19	3	2	1	1	NA	NA	NA	unphased	0.994320486815416	0.994320486815416	1
9	139418374	139418375	4	5	3	2	1	1	NA	NA	NA	unphased	2.47126436781609	1.23563218390805	2
9	139802566	139802567	85	27	3	2	1	1	NA	NA	NA	unphased	1.07235221674877	1.07235221674877	1
9	140130400	140130401	62	22	3	2	1	1	NA	NA	NA	unphased	1.16502463054187	1.16502463054187	1
9	140356629	140356630	19	20	3	2	1	1	NA	NA	NA	unphased	2.28116710875332	1.14058355437666	2
9	140907687	140907688	13	11	3	2	1	1	NA	NA	NA	unphased	2.03879310344828	1.01939655172414	2
X	1742073	1742074	29	12	NA	NA	NA	NA	NA	NA	NA	unphased	NA	NA	1
X	3228498	3228499	7	13	NA	NA	NA	NA	NA	NA	NA	unphased	NA	NA	1
X	3240327	3240328	18	46	NA	NA	NA	NA	NA	NA	NA	unphased	NA	NA	1
X	3241505	3241506	18	8	NA	NA	NA	NA	NA	NA	NA	unphased	NA	NA	1
X	6069375	6069376	43	19	NA	NA	NA	NA	NA	NA	NA	unphased	NA	NA	1
X	14627262	14627263	26	48	NA	NA	NA	NA	NA	NA	NA	unphased	NA	NA	1
X	15349861	15349862	42	23	NA	NA	NA	NA	NA	NA	NA	unphased	NA	NA	1
X	24759581	24759582	5	12	NA	NA	NA	NA	NA	NA	NA	unphased	NA	NA	1
X	26212808	26212809	39	61	NA	NA	NA	NA	NA	NA	NA	unphased	NA	NA	1
X	34148684	34148685	19	22	NA	NA	NA	NA	NA	NA	NA	unphased	NA	NA	1
X	36156526	36156527	7	5	NA	NA	NA	NA	NA	NA	NA	unphased	NA	NA	1
X	36162679	36162680	7	17	NA	NA	NA	NA	NA	NA	NA	unphased	NA	NA	1
X	37028399	37028400	67	32	NA	NA	NA	NA	NA	NA	NA	unphased	NA	NA	1
X	37028553	37028554	39	64	NA	NA	NA	NA	NA	NA	NA	unphased	NA	NA	1
X	37028949	37028950	38	23	NA	NA	NA	NA	NA	NA	NA	unphased	NA	NA	1
X	37526708	37526709	23	14	NA	NA	NA	NA	NA	NA	NA	unphased	NA	NA	1
X	47038782	47038783	9	12	NA	NA	NA	NA	NA	NA	NA	unphased	NA	NA	1
X	49957325	49957326	29	14	NA	NA	NA	NA	NA	NA	NA	unphased	NA	NA	1
X	51639803	51639804	12	38	NA	NA	NA	NA	NA	NA	NA	unphased	NA	NA	1
X	53222147	53222148	11	18	NA	NA	NA	NA	NA	NA	NA	unphased	NA	NA	1
X	65242640	65242641	10	3	NA	NA	NA	NA	NA	NA	NA	unphased	NA	NA	1
X	68748957	68748958	18	10	NA	NA	NA	NA	NA	NA	NA	unphased	NA	NA	1
X	73961183	73961184	20	27	NA	NA	NA	NA	NA	NA	NA	unphased	NA	NA	1
X	82763471	82763472	16	6	NA	NA	NA	NA	NA	NA	NA	unphased	NA	NA	1
X	82763607	82763608	17	4	NA	NA	NA	NA	NA	NA	NA	unphased	NA	NA	1
X	91873710	91873711	107	48	NA	NA	NA	NA	NA	NA	NA	unphased	NA	NA	1
X	96139308	96139309	20	5	NA	NA	NA	NA	NA	NA	NA	unphased	NA	NA	1
X	96200547	96200548	8	7	NA	NA	NA	NA	NA	NA	NA	unphased	NA	NA	1
X	100611117	100611118	22	54	NA	NA	NA	NA	NA	NA	NA	unphased	NA	NA	1
X	100611143	100611144	21	55	NA	NA	NA	NA	NA	NA	NA	unphased	NA	NA	1
X	102979155	102979156	64	17	NA	NA	NA	NA	NA	NA	NA	unphased	NA	NA	1
X	105011473	105011474	24	27	NA	NA	NA	NA	NA	NA	NA	unphased	NA	NA	1
X	105278316	105278317	5	8	NA	NA	NA	NA	NA	NA	NA	unphased	NA	NA	1
X	107976353	107976354	34	88	NA	NA	NA	NA	NA	NA	NA	unphased	NA	NA	1
X	108619372	108619373	59	18	NA	NA	NA	NA	NA	NA	NA	unphased	NA	NA	1
X	109310585	109310586	11	12	NA	NA	NA	NA	NA	NA	NA	unphased	NA	NA	1
X	110490683	110490684	11	15	NA	NA	NA	NA	NA	NA	NA	unphased	NA	NA	1
X	110928265	110928266	81	8	NA	NA	NA	NA	NA	NA	NA	unphased	NA	NA	1
X	117959423	117959424	63	45	NA	NA	NA	NA	NA	NA	NA	unphased	NA	NA	1
X	125685550	125685551	50	29	NA	NA	NA	NA	NA	NA	NA	unphased	NA	NA	1
X	129148295	129148296	169	75	NA	NA	NA	NA	NA	NA	NA	unphased	NA	NA	1
X	129546492	129546493	20	33	NA	NA	NA	NA	NA	NA	NA	unphased	NA	NA	1
X	129546547	129546548	16	40	NA	NA	NA	NA	NA	NA	NA	unphased	NA	NA	1
X	130217847	130217848	68	48	NA	NA	NA	NA	NA	NA	NA	unphased	NA	NA	1
X	130218649	130218650	17	37	NA	NA	NA	NA	NA	NA	NA	unphased	NA	NA	1
X	130419899	130419900	38	75	NA	NA	NA	NA	NA	NA	NA	unphased	NA	NA	1
X	134483123	134483124	81	34	NA	NA	NA	NA	NA	NA	NA	unphased	NA	NA	1
X	135405268	135405269	17	31	NA	NA	NA	NA	NA	NA	NA	unphased	NA	NA	1
X	144904646	144904647	62	20	NA	NA	NA	NA	NA	NA	NA	unphased	NA	NA	1
X	150828194	150828195	7	10	NA	NA	NA	NA	NA	NA	NA	unphased	NA	NA	1
X	151093165	151093166	13	35	NA	NA	NA	NA	NA	NA	NA	unphased	NA	NA	1
X	151424463	151424464	11	15	NA	NA	NA	NA	NA	NA	NA	unphased	NA	NA	1
X	151821065	151821066	18	68	NA	NA	NA	NA	NA	NA	NA	unphased	NA	NA	1
X	152482310	152482311	51	131	NA	NA	NA	NA	NA	NA	NA	unphased	NA	NA	1
X	152827614	152827615	72	93	NA	NA	NA	NA	NA	NA	NA	unphased	NA	NA	1
X	153178173	153178174	34	60	NA	NA	NA	NA	NA	NA	NA	unphased	NA	NA	1
X	153279569	153279570	10	28	NA	NA	NA	NA	NA	NA	NA	unphased	NA	NA	1
X	154250895	154250896	16	10	NA	NA	NA	NA	NA	NA	NA	unphased	NA	NA	1
