chr	start	end	WT.count	mut.count	subclonal.CN	nMaj1	nMin1	frac1	nMaj2	nMin2	frac2	phase	mutation.copy.number	subclonal.fraction	no.chrs.bearing.mut
1	1956993	1956994	5	27	NA	NA	NA	NA	NA	NA	NA	unphased	NA	NA	1
1	3350407	3350408	4	16	3	3	0	1	NA	NA	NA	unphased	2.90526315789474	0.968421052631579	3
1	6214762	6214763	2	19	3	3	0	1	NA	NA	NA	unphased	3.28571428571429	1.0952380952381	3
1	8073504	8073505	9	54	3	3	0	1	NA	NA	NA	unphased	3.11278195488722	1.03759398496241	3
1	9324491	9324492	8	27	3	3	0	1	NA	NA	NA	unphased	2.8015037593985	0.933834586466166	3
1	11983314	11983315	1	12	3	3	0	1	NA	NA	NA	unphased	3.35222672064777	1.11740890688259	3
1	12091340	12091341	5	19	3	3	0	1	NA	NA	NA	unphased	2.875	0.958333333333333	3
1	13695718	13695719	8	12	3	3	0	1	NA	NA	NA	unphased	2.17894736842105	1.08947368421053	2
1	15844621	15844622	12	31	3	3	0	1	NA	NA	NA	unphased	2.61811505507956	0.872705018359853	3
1	16455968	16455969	7	30	3	3	0	1	NA	NA	NA	unphased	2.94452347083926	0.981507823613087	3
1	16535534	16535535	4	14	3	3	0	1	NA	NA	NA	unphased	2.82456140350877	0.941520467836257	3
1	17707549	17707550	3	5	3	3	0	1	NA	NA	NA	unphased	2.26973684210526	1.13486842105263	2
1	19166266	19166267	6	9	3	3	0	1	NA	NA	NA	unphased	2.17894736842105	1.08947368421053	2
1	19166383	19166384	3	20	3	3	0	1	NA	NA	NA	unphased	3.15789473684211	1.05263157894737	3
1	25880542	25880543	4	17	3	3	0	1	NA	NA	NA	unphased	2.93984962406015	0.979949874686717	3
1	29508205	29508206	3	23	3	3	0	1	NA	NA	NA	unphased	3.21255060728745	1.07085020242915	3
1	33150084	33150085	2	6	3	3	0	1	NA	NA	NA	unphased	2.72368421052632	0.907894736842105	3
1	37346443	37346444	5	7	3	3	0	1	NA	NA	NA	unphased	2.11842105263158	1.05921052631579	2
1	37356640	37356641	19	74	3	3	0	1	NA	NA	NA	unphased	2.88964346349745	0.963214487832484	3
1	42049209	42049210	5	20	3	3	0	1	NA	NA	NA	unphased	2.90526315789474	0.968421052631579	3
1	43891739	43891740	2	16	3	3	0	1	NA	NA	NA	unphased	3.2280701754386	1.07602339181287	3
1	43891740	43891741	1	17	3	3	0	1	NA	NA	NA	unphased	3.42982456140351	1.14327485380117	3
1	55075529	55075530	18	3	3	3	0	1	NA	NA	NA	unphased	0.518796992481203	0.518796992481203	1
1	66075674	66075675	15	50	3	3	0	1	NA	NA	NA	unphased	2.79352226720648	0.931174089068826	3
1	67263851	67263852	8	44	3	3	0	1	NA	NA	NA	unphased	3.07287449392713	1.02429149797571	3
1	68912411	68912412	2	15	3	3	0	1	NA	NA	NA	unphased	3.20433436532508	1.06811145510836	3
1	70504651	70504652	4	13	3	3	0	1	NA	NA	NA	unphased	2.77708978328173	0.925696594427245	3
1	70504652	70504653	4	12	3	3	0	1	NA	NA	NA	unphased	2.72368421052632	0.907894736842105	3
1	75097511	75097512	10	25	3	3	0	1	NA	NA	NA	unphased	2.59398496240602	0.864661654135338	3
1	75677191	75677192	5	12	3	3	0	1	NA	NA	NA	unphased	2.56346749226006	0.854489164086687	3
1	76397962	76397963	8	14	3	3	0	1	NA	NA	NA	unphased	2.311004784689	1.1555023923445	2
1	86313344	86313345	6	30	3	3	0	1	NA	NA	NA	unphased	3.02631578947368	1.00877192982456	3
1	86591274	86591275	8	37	3	3	0	1	NA	NA	NA	unphased	2.9859649122807	0.995321637426901	3
1	86591288	86591289	7	29	3	3	0	1	NA	NA	NA	unphased	2.92543859649123	0.975146198830409	3
1	87036807	87036808	20	54	3	3	0	1	NA	NA	NA	unphased	2.65007112375533	0.883357041251778	3
1	93711760	93711761	12	31	3	3	0	1	NA	NA	NA	unphased	2.61811505507956	0.872705018359853	3
1	99767364	99767365	9	31	3	3	0	1	NA	NA	NA	unphased	2.81447368421053	0.938157894736842	3
1	103347290	103347291	4	19	3	3	0	1	NA	NA	NA	unphased	3	1	3
1	107691316	107691317	13	44	3	3	0	1	NA	NA	NA	unphased	2.80332409972299	0.934441366574331	3
1	109428167	109428168	12	35	3	3	0	1	NA	NA	NA	unphased	2.7043673012318	0.901455767077268	3
1	110551753	110551754	3	22	3	3	0	1	NA	NA	NA	unphased	3.19578947368421	1.06526315789474	3
1	118526492	118526493	3	12	3	3	0	1	NA	NA	NA	unphased	2.90526315789474	0.968421052631579	3
1	149882374	149882375	23	18	2.3	3	2	0.1	1	1	0.9	unphased	1.28703465982028	1.28703465982028	1
1	149884985	149884986	37	32	2.3	3	2	0.1	1	1	0.9	unphased	1.35957284515637	1.13297737096364	1.2
1	149885395	149885396	45	37	2.3	3	2	0.1	1	1	0.9	unphased	1.32278562259307	1.10232135216089	1.2
1	150679040	150679041	44	22	2.3	3	2	0.1	1	1	0.9	unphased	0.97719298245614	0.97719298245614	1
1	151234660	151234661	52	41	2.3	3	2	0.1	1	1	0.9	unphased	1.29241652518393	1.07701377098661	1.2
1	152128813	152128814	152	90	2.3	3	2	0.1	1	1	0.9	unphased	1.09025663331883	1.09025663331883	1
1	152192464	152192465	113	115	2.3	3	2	0.1	1	1	0.9	unphased	1.47864727608495	1.23220606340412	1.2
1	152284713	152284714	339	177	2.3	3	2	0.1	1	1	0.9	unphased	1.00559975520196	1.00559975520196	1
1	152957792	152957793	62	67	2.3	3	2	0.1	1	1	0.9	unphased	1.52260301917585	1.26883584931321	1.2
1	153012686	153012687	125	131	2.3	3	2	0.1	1	1	0.9	unphased	1.50014391447368	1.25011992872807	1.2
1	153043210	153043211	66	37	2.3	3	2	0.1	1	1	0.9	unphased	1.0530914665304	1.0530914665304	1
1	153640496	153640497	28	12	2.3	3	2	0.1	1	1	0.9	unphased	0.879473684210526	0.879473684210526	1
1	153790010	153790011	18	11	2.3	3	2	0.1	1	1	0.9	unphased	1.11197822141561	1.11197822141561	1
1	154422386	154422387	22	16	2.3	3	2	0.1	1	1	0.9	unphased	1.23434903047091	1.23434903047091	1
1	154437777	154437778	40	30	2.3	3	2	0.1	1	1	0.9	unphased	1.25639097744361	1.25639097744361	1
1	155252499	155252500	42	22	2.3	3	2	0.1	1	1	0.9	unphased	1.00773026315789	1.00773026315789	1
1	156642985	156642986	15	7	2.3	3	2	0.1	1	1	0.9	unphased	0.932775119617225	0.932775119617225	1
1	157494098	157494099	47	27	2.3	3	2	0.1	1	1	0.9	unphased	1.06963015647226	1.06963015647226	1
1	157555990	157555991	48	41	2.3	3	2	0.1	1	1	0.9	unphased	1.35050266114725	1.12541888428937	1.2
1	158368577	158368578	22	14	2.3	3	2	0.1	1	1	0.9	unphased	1.14005847953216	1.14005847953216	1
1	158435953	158435954	62	70	2.3	3	2	0.1	1	1	0.9	unphased	1.55462519936204	0.740297713981924	2.1
1	158548786	158548787	55	61	2.3	3	2	0.1	1	1	0.9	unphased	1.54160617059891	0.734098176475672	2.1
1	158577001	158577002	101	126	2.3	3	2	0.1	1	1	0.9	unphased	1.62722003246	0.774866682123812	2.1
1	158585083	158585084	129	71	2.3	3	2	0.1	1	1	0.9	unphased	1.04071052631579	1.04071052631579	1
1	158639546	158639547	120	71	2.3	3	2	0.1	1	1	0.9	unphased	1.08974924221549	1.08974924221549	1
1	158651380	158651381	114	68	2.3	3	2	0.1	1	1	0.9	unphased	1.09531521110468	1.09531521110468	1
1	158669544	158669545	22	12	2.3	3	2	0.1	1	1	0.9	unphased	1.03467492260062	1.03467492260062	1
1	158735960	158735961	43	30	2.3	3	2	0.1	1	1	0.9	unphased	1.20475847152127	1.20475847152127	1
1	158911775	158911776	10	12	2.3	3	2	0.1	1	1	0.9	unphased	1.59904306220096	0.761449077238551	2.1
1	161970017	161970018	42	26	2.3	3	2	0.1	1	1	0.9	unphased	1.12089783281734	1.12089783281734	1
1	161989881	161989882	25	29	2.3	3	2	0.1	1	1	0.9	unphased	1.57436647173489	0.749698319873758	2.1
1	166904640	166904641	27	36	2.3	3	2	0.1	1	1	0.9	unphased	1.67518796992481	0.797708557107053	2.1
1	168054914	168054915	78	57	2.3	3	2	0.1	1	1	0.9	unphased	1.23777777777778	1.03148148148148	1.2
1	171083477	171083478	17	17	2.3	3	2	0.1	1	1	0.9	unphased	1.46578947368421	1.22149122807018	1.2
1	175049429	175049430	43	16	2.3	3	2	0.1	1	1	0.9	unphased	0.795004460303301	0.795004460303301	1
1	175331856	175331857	52	44	2.3	3	2	0.1	1	1	0.9	unphased	1.34364035087719	1.11970029239766	1.2
1	175360455	175360456	63	37	2.3	3	2	0.1	1	1	0.9	unphased	1.08468421052632	1.08468421052632	1
1	176738764	176738765	51	41	2.3	3	2	0.1	1	1	0.9	unphased	1.30646453089245	1.08872044241037	1.2
1	176993815	176993816	24	22	2.3	3	2	0.1	1	1	0.9	unphased	1.40205949656751	1.16838291380625	1.2
1	177001870	177001871	44	36	2.3	3	2	0.1	1	1	0.9	unphased	1.31921052631579	1.09934210526316	1.2
1	177133543	177133544	6	3	2.3	3	2	0.1	1	1	0.9	unphased	0.97719298245614	0.97719298245614	1
1	178802637	178802638	44	31	2.3	3	2	0.1	1	1	0.9	unphased	1.21171929824561	1.21171929824561	1
1	179338015	179338016	25	15	2.3	3	2	0.1	1	1	0.9	unphased	1.09934210526316	1.09934210526316	1
1	179520368	179520369	58	24	2.3	3	2	0.1	1	1	0.9	unphased	0.858023106546855	0.858023106546855	1
1	179544725	179544726	20	17	2.3	3	2	0.1	1	1	0.9	unphased	1.34694167852063	1.34694167852063	1
1	181689991	181689992	8	8	2.3	3	2	0.1	1	1	0.9	unphased	1.46578947368421	1.46578947368421	1
1	184446561	184446562	8	12	2.3	3	2	0.1	1	1	0.9	unphased	1.75894736842105	0.837593984962406	2.1
1	186083235	186083236	46	45	2.3	3	2	0.1	1	1	0.9	unphased	1.44968189705032	1.20806824754193	1.2
1	186310291	186310292	19	23	2.3	3	2	0.1	1	1	0.9	unphased	1.60538847117794	0.764470700560926	2.1
1	196227368	196227369	34	29	2.3	3	2	0.1	1	1	0.9	unphased	1.34945697577276	1.12454747981064	1.2
1	196748351	196748352	36	28	2.3	3	2	0.1	1	1	0.9	unphased	1.28256578947368	1.28256578947368	1
1	197128670	197128671	63	34	2.3	3	2	0.1	1	1	0.9	unphased	1.02756375474769	1.02756375474769	1
1	197890706	197890707	16	13	2.3	3	2	0.1	1	1	0.9	unphased	1.31415607985481	1.31415607985481	1
1	202462445	202462446	1	19	3	3	0	1	NA	NA	NA	unphased	3.45	1.15	3
1	203798747	203798748	15	76	3	3	0	1	NA	NA	NA	unphased	3.03296703296703	1.01098901098901	3
1	204588012	204588013	13	39	3	3	0	1	NA	NA	NA	unphased	2.72368421052632	0.907894736842105	3
1	204957916	204957917	8	37	3	3	0	1	NA	NA	NA	unphased	2.9859649122807	0.995321637426901	3
1	209933635	209933636	5	9	3	3	0	1	NA	NA	NA	unphased	2.33458646616541	1.16729323308271	2
1	210577925	210577926	5	45	3	3	0	1	NA	NA	NA	unphased	3.26842105263158	1.08947368421053	3
1	222700384	222700385	2	9	3	3	0	1	NA	NA	NA	unphased	2.97129186602871	0.990430622009569	3
1	226032924	226032925	13	28	3	3	0	1	NA	NA	NA	unphased	2.4801026957638	0.826700898587933	3
1	227920666	227920667	6	20	3	3	0	1	NA	NA	NA	unphased	2.79352226720648	0.931174089068826	3
1	231342532	231342533	3	14	3	3	0	1	NA	NA	NA	unphased	2.99071207430341	0.996904024767802	3
1	242021859	242021860	5	45	3	3	0	1	NA	NA	NA	unphased	3.26842105263158	1.08947368421053	3
1	243727067	243727068	8	42	3	3	0	1	NA	NA	NA	unphased	3.05052631578947	1.01684210526316	3
1	247921269	247921270	9	34	NA	NA	NA	NA	NA	NA	NA	unphased	NA	NA	1
1	248262900	248262901	19	89	NA	NA	NA	NA	NA	NA	NA	unphased	NA	NA	1
1	248343691	248343692	39	118	NA	NA	NA	NA	NA	NA	NA	unphased	NA	NA	1
10	7621836	7621837	15	24	3	2	1	1	NA	NA	NA	unphased	2.23481781376518	1.11740890688259	2
10	8111516	8111517	14	20	3	2	1	1	NA	NA	NA	unphased	2.13622291021672	1.06811145510836	2
10	15573121	15573122	32	12	3	2	1	1	NA	NA	NA	unphased	0.990430622009569	0.990430622009569	1
10	17276748	17276749	23	44	3	2	1	1	NA	NA	NA	unphased	2.38491751767478	1.19245875883739	2
10	20506452	20506453	7	19	3	2	1	1	NA	NA	NA	unphased	2.65384615384615	1.32692307692308	2
10	20534320	20534321	30	20	3	2	1	1	NA	NA	NA	unphased	1.45263157894737	0.726315789473684	2
10	25313811	25313812	26	10	3	2	1	1	NA	NA	NA	unphased	1.00877192982456	1.00877192982456	1
10	25840013	25840014	31	12	3	2	1	1	NA	NA	NA	unphased	1.01346389228886	1.01346389228886	1
10	25887097	25887098	46	54	3	2	1	1	NA	NA	NA	unphased	1.96105263157895	0.980526315789474	2
10	26446278	26446279	11	18	3	2	1	1	NA	NA	NA	unphased	2.2540834845735	1.12704174228675	2
10	48388109	48388110	16	19	3	2	1	1	NA	NA	NA	unphased	1.97142857142857	0.985714285714286	2
10	48388251	48388252	11	8	3	2	1	1	NA	NA	NA	unphased	1.52908587257618	1.52908587257618	1
10	50964944	50964945	21	17	3	2	1	1	NA	NA	NA	unphased	1.62465373961219	0.812326869806094	2
10	55566680	55566681	47	69	3	2	1	1	NA	NA	NA	unphased	2.16016333938294	1.08008166969147	2
10	58117851	58117852	31	8	3	2	1	1	NA	NA	NA	unphased	0.744939271255061	0.744939271255061	1
10	69881590	69881591	10	15	3	2	1	1	NA	NA	NA	unphased	2.17894736842105	1.08947368421053	2
10	71048482	71048483	21	13	3	2	1	1	NA	NA	NA	unphased	1.38854489164087	1.38854489164087	1
10	71647245	71647246	7	7	3	2	1	1	NA	NA	NA	unphased	1.81578947368421	1.81578947368421	1
10	71690196	71690197	8	11	3	2	1	1	NA	NA	NA	unphased	2.10249307479224	1.05124653739612	2
10	72360454	72360455	10	11	3	2	1	1	NA	NA	NA	unphased	1.90225563909774	0.951127819548872	2
10	72493774	72493775	15	13	3	2	1	1	NA	NA	NA	unphased	1.68609022556391	0.843045112781955	2
10	75407865	75407866	4	5	3	2	1	1	NA	NA	NA	unphased	2.01754385964912	2.01754385964912	1
10	82126835	82126836	9	5	3	2	1	1	NA	NA	NA	unphased	1.29699248120301	1.29699248120301	1
10	85984320	85984321	32	17	3	2	1	1	NA	NA	NA	unphased	1.25993555316864	1.25993555316864	1
10	85992168	85992169	16	4	3	2	1	1	NA	NA	NA	unphased	0.726315789473684	0.726315789473684	1
10	96030304	96030305	31	10	3	2	1	1	NA	NA	NA	unphased	0.885750962772786	0.885750962772786	1
10	96306164	96306165	18	30	3	2	1	1	NA	NA	NA	unphased	2.26973684210526	1.13486842105263	2
10	96350193	96350194	15	24	3	2	1	1	NA	NA	NA	unphased	2.23481781376518	1.11740890688259	2
10	98098043	98098044	11	4	3	2	1	1	NA	NA	NA	unphased	0.968421052631579	0.968421052631579	1
10	98743138	98743139	20	23	3	2	1	1	NA	NA	NA	unphased	1.94247246022032	0.971236230110159	2
10	99531107	99531108	6	7	3	2	1	1	NA	NA	NA	unphased	1.95546558704453	0.977732793522267	2
10	101147613	101147614	16	7	3	2	1	1	NA	NA	NA	unphased	1.10526315789474	1.10526315789474	1
10	102566265	102566266	91	43	3	2	1	1	NA	NA	NA	unphased	1.16535742340927	1.16535742340927	1
10	105158270	105158271	14	7	3	2	1	1	NA	NA	NA	unphased	1.21052631578947	1.21052631578947	1
10	105209358	105209359	28	31	3	2	1	1	NA	NA	NA	unphased	1.90811775200714	0.954058876003568	2
10	105218462	105218463	13	6	3	2	1	1	NA	NA	NA	unphased	1.14681440443213	1.14681440443213	1
10	105830295	105830296	51	19	3	2	1	1	NA	NA	NA	unphased	0.985714285714286	0.985714285714286	1
10	106802853	106802854	37	34	3	2	1	1	NA	NA	NA	unphased	1.73906597479615	0.869532987398073	2
10	107022153	107022154	13	15	3	2	1	1	NA	NA	NA	unphased	1.94548872180451	0.972744360902256	2
10	108466361	108466362	28	9	3	2	1	1	NA	NA	NA	unphased	0.883357041251778	0.883357041251778	1
10	108923744	108923745	21	9	3	2	1	1	NA	NA	NA	unphased	1.08947368421053	1.08947368421053	1
10	115366007	115366008	16	20	3	2	1	1	NA	NA	NA	unphased	2.01754385964912	1.00877192982456	2
10	117185798	117185799	40	21	3	2	1	1	NA	NA	NA	unphased	1.25021570319241	1.25021570319241	1
10	117278784	117278785	23	13	3	2	1	1	NA	NA	NA	unphased	1.31140350877193	1.31140350877193	1
10	117486823	117486824	16	4	3	2	1	1	NA	NA	NA	unphased	0.726315789473684	0.726315789473684	1
10	117884933	117884934	17	4	3	2	1	1	NA	NA	NA	unphased	0.691729323308271	0.691729323308271	1
10	118354354	118354355	26	12	3	2	1	1	NA	NA	NA	unphased	1.14681440443213	1.14681440443213	1
10	118385497	118385498	23	6	3	2	1	1	NA	NA	NA	unphased	0.751361161524501	0.751361161524501	1
10	122280543	122280544	21	20	3	2	1	1	NA	NA	NA	unphased	1.77150192554557	0.885750962772786	2
10	124097568	124097569	17	12	3	2	1	1	NA	NA	NA	unphased	1.502722323049	1.502722323049	1
10	124459224	124459225	20	17	3	2	1	1	NA	NA	NA	unphased	1.66856330014225	0.834281650071124	2
10	135053620	135053621	3	10	1	1	0	1	NA	NA	NA	unphased	1.25506072874494	1.25506072874494	1
11	1270602	1270603	22	29	3	3	0	1	NA	NA	NA	unphased	2.06501547987616	1.03250773993808	2
11	2181149	2181150	1	13	3	3	0	1	NA	NA	NA	unphased	3.37218045112782	1.12406015037594	3
11	4156358	4156359	32	21	5	3	2	1	NA	NA	NA	unphased	2.23138033763654	1.11569016881827	2
11	4703107	4703108	41	21	5	3	2	1	NA	NA	NA	unphased	1.90747028862479	0.953735144312394	2
11	4944804	4944805	63	24	5	3	2	1	NA	NA	NA	unphased	1.5535390199637	0.776769509981851	2
11	5142771	5142772	58	39	5	3	2	1	NA	NA	NA	unphased	2.26424308193163	1.13212154096582	2
11	5269532	5269533	25	16	5	3	2	1	NA	NA	NA	unphased	2.19768934531451	1.09884467265725	2
11	5444287	5444288	54	23	5	3	2	1	NA	NA	NA	unphased	1.68215994531784	0.84107997265892	2
11	5530798	5530799	22	10	5	3	2	1	NA	NA	NA	unphased	1.75986842105263	0.879934210526316	2
11	6260392	6260393	21	19	5	3	2	1	NA	NA	NA	unphased	2.675	0.891666666666667	3
11	6541201	6541202	97	40	5	3	2	1	NA	NA	NA	unphased	1.64425662696888	0.822128313484441	2
11	6654133	6654134	26	8	5	3	2	1	NA	NA	NA	unphased	1.3250773993808	1.3250773993808	1
11	6654221	6654222	37	26	5	3	2	1	NA	NA	NA	unphased	2.32414369256474	1.16207184628237	2
11	6867386	6867387	67	41	5	3	2	1	NA	NA	NA	unphased	2.13791423001949	1.06895711500975	2
11	12278458	12278459	28	32	5	3	2	1	NA	NA	NA	unphased	3.00350877192982	1.00116959064327	3
11	17438476	17438477	20	9	5	3	2	1	NA	NA	NA	unphased	1.74773139745917	1.74773139745917	1
11	22271870	22271871	14	20	5	3	2	1	NA	NA	NA	unphased	3.31269349845201	1.10423116615067	3
11	22294523	22294524	54	27	5	3	2	1	NA	NA	NA	unphased	1.87719298245614	0.93859649122807	2
11	27016336	27016337	17	16	5	3	2	1	NA	NA	NA	unphased	2.7304625199362	0.910154173312068	3
11	31531319	31531320	12	15	5	3	2	1	NA	NA	NA	unphased	3.12865497076023	1.04288499025341	3
11	32636041	32636042	17	17	5	3	2	1	NA	NA	NA	unphased	2.81578947368421	0.93859649122807	3
11	33358644	33358645	19	10	5	3	2	1	NA	NA	NA	unphased	1.94192377495463	0.970961887477314	2
11	33596418	33596419	44	42	5	3	2	1	NA	NA	NA	unphased	2.75030599755202	0.916768665850673	3
11	35227678	35227679	28	16	5	3	2	1	NA	NA	NA	unphased	2.04784688995215	1.02392344497608	2
11	36594997	36594998	60	21	5	3	2	1	NA	NA	NA	unphased	1.46003898635478	0.730019493177388	2
11	36595592	36595593	41	18	5	3	2	1	NA	NA	NA	unphased	1.71810883140054	0.859054415700268	2
11	46747441	46747442	44	34	5	3	2	1	NA	NA	NA	unphased	2.45479082321188	0.818263607737292	3
11	46897218	46897219	26	15	5	3	2	1	NA	NA	NA	unphased	2.06033376123235	1.03016688061617	2
11	48328182	48328183	33	38	5	3	2	1	NA	NA	NA	unphased	3.01408450704225	1.00469483568075	3
11	51411793	51411794	22	10	5	3	2	1	NA	NA	NA	unphased	1.75986842105263	0.879934210526316	2
11	55321937	55321938	91	42	5	3	2	1	NA	NA	NA	unphased	1.77839335180055	0.889196675900277	2
11	55432870	55432871	72	33	5	3	2	1	NA	NA	NA	unphased	1.76992481203007	0.884962406015037	2
11	55433098	55433099	44	34	5	3	2	1	NA	NA	NA	unphased	2.45479082321188	0.818263607737292	3
11	55563059	55563060	51	43	5	3	2	1	NA	NA	NA	unphased	2.57614781634938	0.858715938783128	3
11	55563060	55563061	50	42	5	3	2	1	NA	NA	NA	unphased	2.57093821510297	0.856979405034325	3
11	55563195	55563196	59	20	5	3	2	1	NA	NA	NA	unphased	1.4257161892072	1.4257161892072	1
11	55594842	55594843	138	71	5	3	2	1	NA	NA	NA	unphased	1.91312012087635	0.956560060438177	2
11	55735034	55735035	29	16	5	3	2	1	NA	NA	NA	unphased	2.00233918128655	1.00116959064327	2
11	56020378	56020379	127	59	5	3	2	1	NA	NA	NA	unphased	1.7863610639502	0.893180531975099	2
11	56020486	56020487	52	68	5	3	2	1	NA	NA	NA	unphased	3.19122807017544	1.06374269005848	3
11	56230126	56230127	15	20	5	3	2	1	NA	NA	NA	unphased	3.21804511278195	1.07268170426065	3
11	56230127	56230128	14	20	5	3	2	1	NA	NA	NA	unphased	3.31269349845201	1.10423116615067	3
11	56230339	56230340	14	20	5	3	2	1	NA	NA	NA	unphased	3.31269349845201	1.10423116615067	3
11	56468108	56468109	117	22	5	3	2	1	NA	NA	NA	unphased	0.891329042029534	0.891329042029534	1
11	57259334	57259335	18	17	5	3	2	1	NA	NA	NA	unphased	2.73533834586466	0.911779448621554	3
11	57958751	57958752	62	33	5	3	2	1	NA	NA	NA	unphased	1.95623268698061	0.978116343490305	2
11	57983152	57983153	70	66	5	3	2	1	NA	NA	NA	unphased	2.73297213622291	0.910990712074303	3
11	58034885	58034886	19	10	5	3	2	1	NA	NA	NA	unphased	1.94192377495463	0.970961887477314	2
11	58384720	58384721	32	25	5	3	2	1	NA	NA	NA	unphased	2.46999076638966	0.823330255463219	3
11	59283050	59283051	70	88	5	3	2	1	NA	NA	NA	unphased	3.13657561625583	1.04552520541861	3
11	59480877	59480878	20	19	5	3	2	1	NA	NA	NA	unphased	2.74358974358974	0.914529914529914	3
11	59611417	59611418	30	17	5	3	2	1	NA	NA	NA	unphased	2.03695408734602	1.01847704367301	2
11	59834452	59834453	9	6	5	3	2	1	NA	NA	NA	unphased	2.25263157894737	1.12631578947368	2
11	60157000	60157001	46	13	5	3	2	1	NA	NA	NA	unphased	1.24085637823372	1.24085637823372	1
11	60777113	60777114	36	9	5	3	2	1	NA	NA	NA	unphased	1.12631578947368	1.12631578947368	1
11	61675766	61675767	7	4	5	3	2	1	NA	NA	NA	unphased	2.04784688995215	2.04784688995215	1
11	62156711	62156712	22	23	5	3	2	1	NA	NA	NA	unphased	2.87836257309941	0.959454191033138	3
11	62931308	62931309	85	43	5	3	2	1	NA	NA	NA	unphased	1.89185855263158	0.945929276315789	2
11	64032517	64032518	4	6	1.84	3	2	0.21	1	0	0.79	unphased	1.48294736842105	1.48294736842105	1
11	64390477	64390478	4	11	1.84	3	2	0.21	1	0	0.79	unphased	1.81249122807018	0.820131777407319	2.21
11	64607592	64607593	9	10	1.84	3	2	0.21	1	0	0.79	unphased	1.30083102493075	1.30083102493075	1
11	64795065	64795066	35	54	1.84	3	2	0.21	1	0	0.79	unphased	1.49960969840331	1.05606316788966	1.42
11	66190226	66190227	37	23	1.84	3	2	0.21	1	0	0.79	unphased	0.947438596491228	0.947438596491228	1
11	66190314	66190315	37	17	1.84	3	2	0.21	1	0	0.79	unphased	0.778089668615984	0.778089668615984	1
11	66192355	66192356	91	109	1.84	3	2	0.21	1	0	0.79	unphased	1.34701052631579	0.948598962194218	1.42
11	66617320	66617321	35	21	1.84	3	2	0.21	1	0	0.79	unphased	0.926842105263158	0.926842105263158	1
11	67431998	67431999	37	26	1.84	3	2	0.21	1	0	0.79	unphased	1.02001670843776	1.02001670843776	1
11	68529081	68529082	97	163	7	5	2	1	NA	NA	NA	unphased	4.78441295546559	0.956882591093117	5
11	72409057	72409058	9	19	7	5	2	1	NA	NA	NA	unphased	5.17857142857143	1.03571428571429	5
11	72945640	72945641	72	26	7	5	2	1	NA	NA	NA	unphased	2.02470461868958	1.01235230934479	2
11	74914214	74914215	7	4	7	5	2	1	NA	NA	NA	unphased	2.77511961722488	0.925039872408294	3
11	74983954	74983955	18	35	7	5	2	1	NA	NA	NA	unphased	5.03972194637537	1.00794438927507	5
11	82693370	82693371	34	47	7	5	2	1	NA	NA	NA	unphased	4.42820012995452	1.10705003248863	4
11	82705150	82705151	96	31	7	5	2	1	NA	NA	NA	unphased	1.86282635723166	0.931413178615831	2
11	83497828	83497829	19	35	7	5	2	1	NA	NA	NA	unphased	4.94639376218324	0.989278752436647	5
11	85725987	85725988	26	7	7	5	2	1	NA	NA	NA	unphased	1.61881977671451	1.61881977671451	1
11	86662731	86662732	26	49	7	5	2	1	NA	NA	NA	unphased	4.9859649122807	0.997192982456141	5
11	92086946	92086947	40	16	3	2	1	1	NA	NA	NA	unphased	1.03759398496241	1.03759398496241	1
11	92616384	92616385	49	40	3	2	1	1	NA	NA	NA	unphased	1.63217031342401	0.816085156712005	2
11	94180592	94180593	15	18	3	2	1	1	NA	NA	NA	unphased	1.98086124401914	0.990430622009569	2
11	102239279	102239280	14	20	3	2	1	1	NA	NA	NA	unphased	2.13622291021672	1.06811145510836	2
11	102398607	102398608	24	23	3	2	1	1	NA	NA	NA	unphased	1.77715565509518	0.888577827547592	2
11	102593334	102593335	24	29	3	2	1	1	NA	NA	NA	unphased	1.987090367428	0.993545183714002	2
11	103124056	103124057	21	16	3	2	1	1	NA	NA	NA	unphased	1.57041251778094	0.78520625889047	2
11	103907854	103907855	64	14	3	2	1	1	NA	NA	NA	unphased	0.651821862348178	0.651821862348178	1
11	105948417	105948418	21	5	3	2	1	1	NA	NA	NA	unphased	0.69838056680162	0.69838056680162	1
11	111414668	111414669	46	8	3	2	1	1	NA	NA	NA	unphased	0.538011695906433	0.538011695906433	1
11	113286301	113286302	9	8	3	2	1	1	NA	NA	NA	unphased	1.70897832817337	1.70897832817337	1
11	113287641	113287642	21	3	3	2	1	1	NA	NA	NA	unphased	0.453947368421053	0.453947368421053	1
11	113857437	113857438	18	17	3	2	1	1	NA	NA	NA	unphased	1.76390977443609	0.881954887218045	2
11	113857617	113857618	17	16	3	2	1	1	NA	NA	NA	unphased	1.76076555023923	0.880382775119617	2
11	113857765	113857766	21	9	3	2	1	1	NA	NA	NA	unphased	1.08947368421053	1.08947368421053	1
11	116661627	116661628	18	15	3	2	1	1	NA	NA	NA	unphased	1.65071770334928	0.825358851674641	2
11	117332277	117332278	18	27	3	2	1	1	NA	NA	NA	unphased	2.17894736842105	1.08947368421053	2
11	117774771	117774772	20	3	3	2	1	1	NA	NA	NA	unphased	0.473684210526316	0.473684210526316	1
11	118376563	118376564	33	40	3	2	1	1	NA	NA	NA	unphased	1.98990627253064	0.994953136265321	2
11	118498105	118498106	29	17	3	2	1	1	NA	NA	NA	unphased	1.34210526315789	1.34210526315789	1
11	118650397	118650398	7	8	3	2	1	1	NA	NA	NA	unphased	1.93684210526316	0.968421052631579	2
11	118773204	118773205	12	10	3	2	1	1	NA	NA	NA	unphased	1.65071770334928	1.65071770334928	1
11	118982043	118982044	67	17	3	2	1	1	NA	NA	NA	unphased	0.734962406015038	0.734962406015038	1
11	119998113	119998114	63	12	3	2	1	1	NA	NA	NA	unphased	0.581052631578947	0.581052631578947	1
11	120833278	120833279	19	28	3	2	1	1	NA	NA	NA	unphased	2.16349384098544	1.08174692049272	2
11	122669677	122669678	17	18	3	2	1	1	NA	NA	NA	unphased	1.86766917293233	0.933834586466165	2
11	123847750	123847751	14	8	3	2	1	1	NA	NA	NA	unphased	1.32057416267943	1.32057416267943	1
11	123908877	123908878	23	11	3	2	1	1	NA	NA	NA	unphased	1.1749226006192	1.1749226006192	1
11	124179962	124179963	14	20	3	2	1	1	NA	NA	NA	unphased	2.13622291021672	1.06811145510836	2
11	125325983	125325984	8	10	3	2	1	1	NA	NA	NA	unphased	2.01754385964912	1.00877192982456	2
11	131781345	131781346	6	13	3	2	1	1	NA	NA	NA	unphased	2.48476454293629	1.24238227146814	2
11	133715042	133715043	17	16	3	2	1	1	NA	NA	NA	unphased	1.76076555023923	0.880382775119617	2
12	247618	247619	9	3	NA	NA	NA	NA	NA	NA	NA	unphased	NA	NA	1
12	3104150	3104151	5	50	4	4	0	1	NA	NA	NA	unphased	4.21052631578947	1.05263157894737	4
12	6219731	6219732	37	24	4	4	0	1	NA	NA	NA	unphased	1.82226056945643	0.911130284728214	2
12	6970679	6970680	8	56	4	4	0	1	NA	NA	NA	unphased	4.05263157894737	1.01315789473684	4
12	9265128	9265129	1	12	4	4	0	1	NA	NA	NA	unphased	4.2753036437247	1.06882591093117	4
12	18641549	18641550	3	6	2	2	0	1	NA	NA	NA	unphased	1.75438596491228	1.75438596491228	1
12	20807032	20807033	10	16	2	2	0	1	NA	NA	NA	unphased	1.61943319838057	0.809716599190283	2
12	21689982	21689983	8	13	2	2	0	1	NA	NA	NA	unphased	1.62907268170426	0.81453634085213	2
12	24736766	24736767	8	16	2	2	0	1	NA	NA	NA	unphased	1.75438596491228	0.87719298245614	2
12	25047339	25047340	3	6	2	2	0	1	NA	NA	NA	unphased	1.75438596491228	1.75438596491228	1
12	25047340	25047341	3	6	2	2	0	1	NA	NA	NA	unphased	1.75438596491228	1.75438596491228	1
12	34179643	34179644	17	43	2	2	0	1	NA	NA	NA	unphased	1.8859649122807	0.942982456140351	2
12	39751057	39751058	11	35	2	2	0	1	NA	NA	NA	unphased	2.00228832951945	1.00114416475973	2
12	44913927	44913928	7	14	2	2	0	1	NA	NA	NA	unphased	1.75438596491228	0.87719298245614	2
12	48145202	48145203	3	15	3	3	0	1	NA	NA	NA	unphased	3.02631578947368	1.00877192982456	3
12	49521983	49521984	9	22	3	3	0	1	NA	NA	NA	unphased	2.57724957555178	0.859083191850594	3
12	51752989	51752990	28	110	3	3	0	1	NA	NA	NA	unphased	2.89473684210526	0.964912280701755	3
12	64860682	64860683	8	29	3	3	0	1	NA	NA	NA	unphased	2.84637268847795	0.948790896159317	3
12	67699357	67699358	8	61	3	3	0	1	NA	NA	NA	unphased	3.21052631578947	1.07017543859649	3
12	70195436	70195437	6	21	3	3	0	1	NA	NA	NA	unphased	2.82456140350877	0.941520467836257	3
12	77444525	77444526	4	19	3	3	0	1	NA	NA	NA	unphased	3	1	3
12	81111174	81111175	13	33	3	3	0	1	NA	NA	NA	unphased	2.60526315789474	0.868421052631579	3
12	83251125	83251126	6	34	3	3	0	1	NA	NA	NA	unphased	3.08684210526316	1.02894736842105	3
12	85460612	85460613	5	18	3	3	0	1	NA	NA	NA	unphased	2.8421052631579	0.947368421052632	3
12	85500332	85500333	10	46	3	3	0	1	NA	NA	NA	unphased	2.98308270676692	0.994360902255639	3
12	91347990	91347991	12	38	3	3	0	1	NA	NA	NA	unphased	2.76	0.92	3
12	91445103	91445104	2	11	3	3	0	1	NA	NA	NA	unphased	3.07287449392713	1.02429149797571	3
12	93968549	93968550	1	9	3	3	0	1	NA	NA	NA	unphased	3.26842105263158	1.08947368421053	3
12	94562940	94562941	3	8	3	3	0	1	NA	NA	NA	unphased	2.64114832535885	0.880382775119617	3
12	100377918	100377919	6	24	3	3	0	1	NA	NA	NA	unphased	2.90526315789474	0.968421052631579	3
12	109192935	109192936	1	12	3	3	0	1	NA	NA	NA	unphased	3.35222672064777	1.11740890688259	3
12	111731316	111731317	12	4	4	3	1	1	NA	NA	NA	unphased	1.15789473684211	1.15789473684211	1
12	112375994	112375995	46	14	4	3	1	1	NA	NA	NA	unphased	1.08070175438596	1.08070175438596	1
12	113303255	113303256	30	47	4	3	1	1	NA	NA	NA	unphased	2.82706766917293	0.942355889724311	3
12	113307592	113307593	32	63	4	3	1	1	NA	NA	NA	unphased	3.07146814404432	1.02382271468144	3
12	113354410	113354411	18	36	4	3	1	1	NA	NA	NA	unphased	3.08771929824561	1.02923976608187	3
12	114397121	114397122	57	10	4	3	1	1	NA	NA	NA	unphased	0.691280439905734	0.691280439905734	1
12	114793769	114793770	29	48	4	3	1	1	NA	NA	NA	unphased	2.88721804511278	0.962406015037594	3
12	115118880	115118881	36	55	4	3	1	1	NA	NA	NA	unphased	2.79930595720069	0.933101985733565	3
12	117968763	117968764	73	40	4	3	1	1	NA	NA	NA	unphased	1.63949697251979	0.819748486259897	2
12	120156601	120156602	56	3	4	3	1	1	NA	NA	NA	unphased	0.235504014272971	0.235504014272971	1
12	120171980	120171981	13	30	4	3	1	1	NA	NA	NA	unphased	3.23133414932681	1.07711138310894	3
12	122012499	122012500	41	6	4	3	1	1	NA	NA	NA	unphased	0.591265397536394	0.591265397536394	1
12	122615451	122615452	27	49	4	3	1	1	NA	NA	NA	unphased	2.98614958448753	0.995383194829178	3
12	125449023	125449024	18	25	4	3	1	1	NA	NA	NA	unphased	2.69277845777234	0.897592819257446	3
12	126139073	126139074	16	14	4	3	1	1	NA	NA	NA	unphased	2.16140350877193	1.08070175438596	2
12	130935810	130935811	9	20	4	3	1	1	NA	NA	NA	unphased	3.19419237749546	1.06473079249849	3
12	133244113	133244114	40	72	NA	NA	NA	NA	NA	NA	NA	unphased	NA	NA	1
13	19753573	19753574	48	24	4	2	2	1	NA	NA	NA	unphased	1.54385964912281	0.771929824561403	2
13	20579272	20579273	26	16	4	2	2	1	NA	NA	NA	unphased	1.76441102756892	0.882205513784461	2
13	24415499	24415500	20	7	4	2	2	1	NA	NA	NA	unphased	1.20077972709552	1.20077972709552	1
13	25433234	25433235	19	16	4	2	2	1	NA	NA	NA	unphased	2.11729323308271	1.05864661654135	2
13	29598963	29598964	25	15	4	2	2	1	NA	NA	NA	unphased	1.73684210526316	0.868421052631579	2
13	31506869	31506870	19	8	4	2	2	1	NA	NA	NA	unphased	1.37231968810916	1.37231968810916	1
13	32355866	32355867	16	18	4	2	2	1	NA	NA	NA	unphased	2.45201238390093	1.22600619195046	2
13	33222890	33222891	32	31	4	2	2	1	NA	NA	NA	unphased	2.27903091060986	1.13951545530493	2
13	35923250	35923251	18	8	4	2	2	1	NA	NA	NA	unphased	1.4251012145749	1.4251012145749	1
13	36049777	36049778	19	16	4	2	2	1	NA	NA	NA	unphased	2.11729323308271	1.05864661654135	2
13	37014165	37014166	30	23	4	2	2	1	NA	NA	NA	unphased	2.00993048659384	1.00496524329692	2
13	38211558	38211559	40	33	4	2	2	1	NA	NA	NA	unphased	2.09372746935833	1.04686373467916	2
13	38248494	38248495	19	10	4	2	2	1	NA	NA	NA	unphased	1.59709618874773	1.59709618874773	1
13	39542625	39542626	51	22	4	2	2	1	NA	NA	NA	unphased	1.39581831290555	1.39581831290555	1
13	39917995	39917996	32	18	4	2	2	1	NA	NA	NA	unphased	1.66736842105263	0.833684210526316	2
13	40175297	40175298	32	14	4	2	2	1	NA	NA	NA	unphased	1.40961098398169	1.40961098398169	1
13	41656987	41656988	16	11	4	2	2	1	NA	NA	NA	unphased	1.8869395711501	0.943469785575049	2
13	44455340	44455341	18	16	4	2	2	1	NA	NA	NA	unphased	2.17956656346749	1.08978328173375	2
13	45975270	45975271	25	26	4	2	2	1	NA	NA	NA	unphased	2.36119711042312	1.18059855521156	2
13	47469907	47469908	25	15	4	2	2	1	NA	NA	NA	unphased	1.73684210526316	0.868421052631579	2
13	49796398	49796399	27	39	4	2	2	1	NA	NA	NA	unphased	2.73684210526316	1.36842105263158	2
13	50064962	50064963	8	8	4	2	2	1	NA	NA	NA	unphased	2.31578947368421	1.15789473684211	2
13	52972230	52972231	34	24	4	2	2	1	NA	NA	NA	unphased	1.91651542649728	0.958257713248639	2
13	53419025	53419026	28	16	4	2	2	1	NA	NA	NA	unphased	1.68421052631579	0.842105263157895	2
13	58299197	58299198	48	34	4	2	2	1	NA	NA	NA	unphased	1.9204107830552	0.9602053915276	2
13	72204846	72204847	27	20	4	2	2	1	NA	NA	NA	unphased	1.97088465845465	0.985442329227324	2
13	77651279	77651280	16	11	4	2	2	1	NA	NA	NA	unphased	1.8869395711501	0.943469785575049	2
13	77748562	77748563	27	19	4	2	2	1	NA	NA	NA	unphased	1.91304347826087	0.956521739130435	2
13	88327909	88327910	88	60	4	2	2	1	NA	NA	NA	unphased	1.87766714082504	0.938833570412518	2
13	88329733	88329734	31	22	4	2	2	1	NA	NA	NA	unphased	1.92254220456802	0.961271102284012	2
13	97485260	97485261	46	24	4	2	2	1	NA	NA	NA	unphased	1.58796992481203	0.793984962406015	2
13	99505738	99505739	89	66	4	2	2	1	NA	NA	NA	unphased	1.97215619694397	0.986078098471986	2
13	102051435	102051436	26	14	4	2	2	1	NA	NA	NA	unphased	1.62105263157895	0.810526315789474	2
13	102051436	102051437	26	14	4	2	2	1	NA	NA	NA	unphased	1.62105263157895	0.810526315789474	2
13	103718338	103718339	37	33	4	2	2	1	NA	NA	NA	unphased	2.18345864661654	1.09172932330827	2
13	106124954	106124955	22	12	4	2	2	1	NA	NA	NA	unphased	1.63467492260062	0.81733746130031	2
13	111138058	111138059	24	23	4	2	2	1	NA	NA	NA	unphased	2.26651735722284	1.13325867861142	2
13	113536148	113536149	13	15	4	2	2	1	NA	NA	NA	unphased	2.4812030075188	1.2406015037594	2
13	113832440	113832441	13	7	4	2	2	1	NA	NA	NA	unphased	1.62105263157895	1.62105263157895	1
13	114817631	114817632	9	6	4	2	2	1	NA	NA	NA	unphased	1.85263157894737	1.85263157894737	1
14	20444382	20444383	52	35	NA	NA	NA	NA	NA	NA	NA	unphased	NA	NA	1
14	20502143	20502144	19	12	4	4	0	1	NA	NA	NA	unphased	1.79286926994907	0.896434634974533	2
14	20836574	20836575	44	26	4	4	0	1	NA	NA	NA	unphased	1.7203007518797	0.86015037593985	2
14	20926739	20926740	15	13	4	4	0	1	NA	NA	NA	unphased	2.15037593984962	1.07518796992481	2
14	22580940	22580941	12	7	4	4	0	1	NA	NA	NA	unphased	1.70637119113573	1.70637119113573	1
14	22616587	22616588	27	16	4	4	0	1	NA	NA	NA	unphased	1.7233782129743	0.861689106487148	2
14	23868096	23868097	11	44	4	4	0	1	NA	NA	NA	unphased	3.70526315789474	0.926315789473684	4
14	29237534	29237535	10	69	4	4	0	1	NA	NA	NA	unphased	4.04530313124584	1.01132578281146	4
14	38678809	38678810	5	44	4	4	0	1	NA	NA	NA	unphased	4.15896885069817	1.03974221267454	4
14	38724268	38724269	14	65	4	4	0	1	NA	NA	NA	unphased	3.8107928047968	0.952698201199201	4
14	55231217	55231218	19	120	4	4	0	1	NA	NA	NA	unphased	3.99848542218856	0.999621355547141	4
14	57078984	57078985	4	49	4	4	0	1	NA	NA	NA	unphased	4.28202581926514	1.07050645481629	4
14	63447594	63447595	2	21	4	4	0	1	NA	NA	NA	unphased	4.22883295194508	1.05720823798627	4
14	64447427	64447428	3	9	4	4	0	1	NA	NA	NA	unphased	3.47368421052632	0.868421052631579	4
14	65233334	65233335	6	23	4	4	0	1	NA	NA	NA	unphased	3.67332123411978	0.918330308529946	4
14	74206147	74206148	16	61	4	4	0	1	NA	NA	NA	unphased	3.66917293233083	0.917293233082707	4
14	92136301	92136302	26	17	4	4	0	1	NA	NA	NA	unphased	1.83108935128519	0.915544675642595	2
14	94469585	94469586	4	18	4	4	0	1	NA	NA	NA	unphased	3.78947368421053	0.947368421052632	4
14	101350918	101350919	6	30	4	4	0	1	NA	NA	NA	unphased	3.85964912280702	0.964912280701754	4
14	102028295	102028296	5	34	4	4	0	1	NA	NA	NA	unphased	4.03778677462888	1.00944669365722	4
14	102874863	102874864	7	75	4	4	0	1	NA	NA	NA	unphased	4.23620025673941	1.05905006418485	4
14	102918938	102918939	1	14	4	4	0	1	NA	NA	NA	unphased	4.32280701754386	1.08070175438596	4
14	104121094	104121095	29	8	4	4	0	1	NA	NA	NA	unphased	1.00142247510669	1.00142247510669	1
14	105410034	105410035	31	169	4	4	0	1	NA	NA	NA	unphased	3.91368421052632	0.978421052631579	4
14	106208308	106208309	23	223	NA	NA	NA	NA	NA	NA	NA	unphased	NA	NA	1
14	106452802	106452803	24	127	NA	NA	NA	NA	NA	NA	NA	unphased	NA	NA	1
14	106725295	106725296	201	173	NA	NA	NA	NA	NA	NA	NA	unphased	NA	NA	1
14	107179002	107179003	56	21	NA	NA	NA	NA	NA	NA	NA	unphased	NA	NA	1
15	22332472	22332473	103	25	NA	NA	NA	NA	NA	NA	NA	unphased	NA	NA	1
15	22368843	22368844	294	60	NA	NA	NA	NA	NA	NA	NA	unphased	NA	NA	1
15	22382694	22382695	417	18	NA	NA	NA	NA	NA	NA	NA	unphased	NA	NA	1
15	22709914	22709915	52	8	NA	NA	NA	NA	NA	NA	NA	unphased	NA	NA	1
15	23441080	23441081	129	37	NA	NA	NA	NA	NA	NA	NA	unphased	NA	NA	1
15	23890724	23890725	12	6	4	2	2	1	NA	NA	NA	unphased	1.54385964912281	1.54385964912281	1
15	23932276	23932277	9	7	4	2	2	1	NA	NA	NA	unphased	2.02631578947368	1.01315789473684	2
15	24921512	24921513	21	11	4	2	2	1	NA	NA	NA	unphased	1.59210526315789	1.59210526315789	1
15	24922264	24922265	35	20	4	2	2	1	NA	NA	NA	unphased	1.68421052631579	0.842105263157895	2
15	24922351	24922352	43	24	4	2	2	1	NA	NA	NA	unphased	1.65907305577376	0.829536527886881	2
15	24922626	24922627	86	70	4	2	2	1	NA	NA	NA	unphased	2.07827260458839	1.0391363022942	2
15	24924331	24924332	61	32	4	2	2	1	NA	NA	NA	unphased	1.59366157328806	0.79683078664403	2
15	28096606	28096607	13	3	4	2	2	1	NA	NA	NA	unphased	0.868421052631579	0.868421052631579	1
15	28211926	28211927	10	8	4	2	2	1	NA	NA	NA	unphased	2.05847953216374	1.02923976608187	2
15	28260047	28260048	17	8	4	2	2	1	NA	NA	NA	unphased	1.48210526315789	1.48210526315789	1
15	28263614	28263615	9	7	4	2	2	1	NA	NA	NA	unphased	2.02631578947368	1.01315789473684	2
15	28538047	28538048	15	17	4	2	2	1	NA	NA	NA	unphased	2.46052631578947	1.23026315789474	2
15	31358393	31358394	27	23	4	2	2	1	NA	NA	NA	unphased	2.13052631578947	1.06526315789474	2
15	31779766	31779767	4	15	4	2	2	1	NA	NA	NA	unphased	3.65650969529086	1.82825484764543	2
15	33939622	33939623	18	15	4	2	2	1	NA	NA	NA	unphased	2.10526315789474	1.05263157894737	2
15	34446861	34446862	16	7	6	4	2	1	NA	NA	NA	unphased	2.01830663615561	1.0091533180778	2
15	34825089	34825090	91	18	4	2	2	1	NA	NA	NA	unphased	0.764847899565427	0.764847899565427	1
15	39883722	39883723	43	12	4	2	2	1	NA	NA	NA	unphased	1.01052631578947	1.01052631578947	1
15	41347447	41347448	13	10	4	2	2	1	NA	NA	NA	unphased	2.0137299771167	1.00686498855835	2
15	42436327	42436328	27	18	4	2	2	1	NA	NA	NA	unphased	1.85263157894737	0.926315789473684	2
15	43577145	43577146	16	14	4	2	2	1	NA	NA	NA	unphased	2.16140350877193	1.08070175438596	2
15	43815577	43815578	7	2	4	2	2	1	NA	NA	NA	unphased	1.02923976608187	1.02923976608187	1
15	43851101	43851102	47	28	4	2	2	1	NA	NA	NA	unphased	1.72912280701754	0.864561403508772	2
15	44876468	44876469	21	17	4	2	2	1	NA	NA	NA	unphased	2.07202216066482	1.03601108033241	2
15	45411403	45411404	39	39	4	2	2	1	NA	NA	NA	unphased	2.31578947368421	1.15789473684211	2
15	48063805	48063806	53	55	4	2	2	1	NA	NA	NA	unphased	2.35867446393762	1.17933723196881	2
15	49800545	49800546	33	15	4	2	2	1	NA	NA	NA	unphased	1.44736842105263	1.44736842105263	1
15	52192419	52192420	20	7	4	2	2	1	NA	NA	NA	unphased	1.20077972709552	1.20077972709552	1
15	57910260	57910261	26	13	4	2	2	1	NA	NA	NA	unphased	1.54385964912281	1.54385964912281	1
15	59523933	59523934	40	27	4	2	2	1	NA	NA	NA	unphased	1.86645718774548	0.933228593872741	2
15	62283945	62283946	54	71	4	2	2	1	NA	NA	NA	unphased	2.63073684210526	1.31536842105263	2
15	63058584	63058585	31	21	4	2	2	1	NA	NA	NA	unphased	1.87044534412955	0.935222672064777	2
15	64499793	64499794	17	11	4	2	2	1	NA	NA	NA	unphased	1.81954887218045	0.909774436090225	2
15	65502106	65502107	20	23	4	2	2	1	NA	NA	NA	unphased	2.47735618115055	1.23867809057528	2
15	65667729	65667730	4	7	4	2	2	1	NA	NA	NA	unphased	2.94736842105263	1.47368421052632	2
15	65993502	65993503	11	8	4	2	2	1	NA	NA	NA	unphased	1.95013850415512	0.975069252077562	2
15	68504015	68504016	78	54	4	2	2	1	NA	NA	NA	unphased	1.89473684210526	0.947368421052632	2
15	69747560	69747561	27	21	4	2	2	1	NA	NA	NA	unphased	2.02631578947368	1.01315789473684	2
15	72195370	72195371	24	5	4	2	2	1	NA	NA	NA	unphased	0.798548094373866	0.798548094373866	1
15	72873133	72873134	23	8	4	2	2	1	NA	NA	NA	unphased	1.19524617996604	1.19524617996604	1
15	73616434	73616435	28	19	4	2	2	1	NA	NA	NA	unphased	1.87234042553191	0.936170212765957	2
15	73616436	73616437	30	19	4	2	2	1	NA	NA	NA	unphased	1.79591836734694	0.897959183673469	2
15	74702898	74702899	40	25	4	2	2	1	NA	NA	NA	unphased	1.78137651821862	0.890688259109312	2
15	76152290	76152291	17	10	4	2	2	1	NA	NA	NA	unphased	1.71539961013645	0.857699805068226	2
15	77406889	77406890	12	9	4	2	2	1	NA	NA	NA	unphased	1.98496240601504	0.992481203007519	2
15	78316865	78316866	19	20	4	2	2	1	NA	NA	NA	unphased	2.37516869095816	1.18758434547908	2
15	78585582	78585583	60	20	4	2	2	1	NA	NA	NA	unphased	1.15789473684211	1.15789473684211	1
15	79058983	79058984	16	11	4	2	2	1	NA	NA	NA	unphased	1.8869395711501	0.943469785575049	2
15	79614394	79614395	37	19	4	2	2	1	NA	NA	NA	unphased	1.57142857142857	0.785714285714286	2
15	79748576	79748577	45	21	4	2	2	1	NA	NA	NA	unphased	1.47368421052632	0.736842105263158	2
15	80460462	80460463	15	14	4	2	2	1	NA	NA	NA	unphased	2.23593466424682	1.11796733212341	2
15	81598782	81598783	73	57	4	2	2	1	NA	NA	NA	unphased	2.03076923076923	1.01538461538462	2
15	82422770	82422771	26	28	4	2	2	1	NA	NA	NA	unphased	2.40155945419103	1.20077972709552	2
15	84442318	84442319	23	18	4	2	2	1	NA	NA	NA	unphased	2.03337612323492	1.01668806161746	2
15	88576187	88576188	13	11	4	2	2	1	NA	NA	NA	unphased	2.12280701754386	1.06140350877193	2
15	89198668	89198669	21	20	4	2	2	1	NA	NA	NA	unphased	2.25930680359435	1.12965340179718	2
15	89398774	89398775	103	56	4	2	2	1	NA	NA	NA	unphased	1.63124793114863	0.815623965574313	2
16	424376	424377	24	10	NA	NA	NA	NA	NA	NA	NA	unphased	NA	NA	1
16	2156624	2156625	13	6	4	2	2	1	NA	NA	NA	unphased	1.46260387811634	1.46260387811634	1
16	3140418	3140419	49	34	4	2	2	1	NA	NA	NA	unphased	1.89727330374128	0.94863665187064	2
16	7657324	7657325	36	25	4	2	2	1	NA	NA	NA	unphased	1.89818809318378	0.94909404659189	2
16	9943700	9943701	52	6	4	2	2	1	NA	NA	NA	unphased	0.479128856624319	0.479128856624319	1
16	15045756	15045757	32	14	4	2	2	1	NA	NA	NA	unphased	1.40961098398169	1.40961098398169	1
16	19584459	19584460	41	34	4	2	2	1	NA	NA	NA	unphased	2.09964912280702	1.04982456140351	2
16	19883422	19883423	30	9	4	2	2	1	NA	NA	NA	unphased	1.06882591093117	1.06882591093117	1
16	20043301	20043302	37	26	4	2	2	1	NA	NA	NA	unphased	1.91144527986633	0.955722639933166	2
16	20335514	20335515	30	17	4	2	2	1	NA	NA	NA	unphased	1.67525195968645	0.837625979843225	2
16	20370605	20370606	42	33	4	2	2	1	NA	NA	NA	unphased	2.03789473684211	1.01894736842105	2
16	20386193	20386194	53	30	4	2	2	1	NA	NA	NA	unphased	1.67406467977172	0.837032339885859	2
16	20996709	20996710	14	8	4	2	2	1	NA	NA	NA	unphased	1.68421052631579	1.68421052631579	1
16	23718350	23718351	18	15	4	2	2	1	NA	NA	NA	unphased	2.10526315789474	1.05263157894737	2
16	24196447	24196448	46	27	4	2	2	1	NA	NA	NA	unphased	1.71304974765681	0.856524873828407	2
16	25235841	25235842	20	11	4	2	2	1	NA	NA	NA	unphased	1.64346349745331	0.821731748726655	2
16	27480841	27480842	39	37	4	2	2	1	NA	NA	NA	unphased	2.25484764542936	1.12742382271468	2
16	28164032	28164033	25	10	4	2	2	1	NA	NA	NA	unphased	1.32330827067669	1.32330827067669	1
16	30081552	30081553	28	15	4	2	2	1	NA	NA	NA	unphased	1.6156670746634	0.807833537331701	2
16	30718949	30718950	20	14	4	2	2	1	NA	NA	NA	unphased	1.90712074303406	0.953560371517028	2
16	48209259	48209260	28	17	4	2	2	1	NA	NA	NA	unphased	1.74970760233918	0.874853801169591	2
16	49671761	49671762	36	25	4	2	2	1	NA	NA	NA	unphased	1.89818809318378	0.94909404659189	2
16	53859962	53859963	33	21	4	2	2	1	NA	NA	NA	unphased	1.80116959064327	0.900584795321637	2
16	56485444	56485445	48	24	4	2	2	1	NA	NA	NA	unphased	1.54385964912281	0.771929824561403	2
16	57608833	57608834	18	19	4	2	2	1	NA	NA	NA	unphased	2.37837837837838	1.18918918918919	2
16	57741491	57741492	23	24	4	2	2	1	NA	NA	NA	unphased	2.36506159014558	1.18253079507279	2
16	58617058	58617059	8	16	4	2	2	1	NA	NA	NA	unphased	3.08771929824561	1.54385964912281	2
16	66422324	66422325	43	33	4	2	2	1	NA	NA	NA	unphased	2.01108033240997	1.00554016620499	2
16	67325560	67325561	32	19	4	2	2	1	NA	NA	NA	unphased	1.72549019607843	0.862745098039216	2
16	67694281	67694282	5	6	4	2	2	1	NA	NA	NA	unphased	2.52631578947368	1.26315789473684	2
16	67708930	67708931	7	5	4	2	2	1	NA	NA	NA	unphased	1.92982456140351	1.92982456140351	1
16	67943053	67943054	37	27	4	2	2	1	NA	NA	NA	unphased	1.95394736842105	0.976973684210526	2
16	71418247	71418248	41	30	4	2	2	1	NA	NA	NA	unphased	1.95700518902891	0.978502594514455	2
16	72170412	72170413	53	43	4	2	2	1	NA	NA	NA	unphased	2.07456140350877	1.03728070175439	2
16	74339559	74339560	20	8	4	2	2	1	NA	NA	NA	unphased	1.32330827067669	1.32330827067669	1
16	75138793	75138794	8	3	4	2	2	1	NA	NA	NA	unphased	1.26315789473684	1.26315789473684	1
16	76486649	76486650	11	10	4	2	2	1	NA	NA	NA	unphased	2.20551378446115	1.10275689223058	2
16	81151042	81151043	38	26	4	2	2	1	NA	NA	NA	unphased	1.88157894736842	0.940789473684211	2
16	81187853	81187854	16	12	4	2	2	1	NA	NA	NA	unphased	1.98496240601504	0.992481203007519	2
16	81241149	81241150	60	30	4	2	2	1	NA	NA	NA	unphased	1.54385964912281	0.771929824561403	2
16	82034395	82034396	13	8	4	2	2	1	NA	NA	NA	unphased	1.76441102756892	1.76441102756892	1
16	84031856	84031857	22	20	4	2	2	1	NA	NA	NA	unphased	2.20551378446115	1.10275689223058	2
16	84050270	84050271	15	26	4	2	2	1	NA	NA	NA	unphased	2.93709884467266	1.46854942233633	2
16	84227730	84227731	16	14	4	2	2	1	NA	NA	NA	unphased	2.16140350877193	1.08070175438596	2
16	87636836	87636837	35	20	4	2	2	1	NA	NA	NA	unphased	1.68421052631579	0.842105263157895	2
17	96917	96918	9	75	NA	NA	NA	NA	NA	NA	NA	unphased	NA	NA	1
17	3458052	3458053	2	39	4	4	0	1	NA	NA	NA	unphased	4.40564826700899	1.10141206675225	4
17	3513999	3514000	13	83	4	4	0	1	NA	NA	NA	unphased	4.00438596491228	1.00109649122807	4
17	3779707	3779708	11	37	4	4	0	1	NA	NA	NA	unphased	3.57017543859649	0.892543859649123	4
17	3955430	3955431	0	11	4	4	0	1	NA	NA	NA	unphased	4.63157894736842	1.15789473684211	4
17	5485232	5485233	17	66	4	4	0	1	NA	NA	NA	unphased	3.68294229549778	0.920735573874445	4
17	7578456	7578457	6	48	4	4	0	1	NA	NA	NA	unphased	4.11695906432749	1.02923976608187	4
17	10367996	10367997	10	15	4	4	0	1	NA	NA	NA	unphased	2.77894736842105	0.926315789473684	3
17	10368005	10368006	10	16	4	4	0	1	NA	NA	NA	unphased	2.8502024291498	0.950067476383266	3
17	10424659	10424660	18	88	4	4	0	1	NA	NA	NA	unphased	3.84508440913605	0.961271102284012	4
17	10532962	10532963	5	32	4	4	0	1	NA	NA	NA	unphased	4.00568990042674	1.00142247510669	4
17	10552922	10552923	12	72	4	4	0	1	NA	NA	NA	unphased	3.96992481203007	0.992481203007519	4
17	11737982	11737983	5	14	4	4	0	1	NA	NA	NA	unphased	3.41274238227147	1.13758079409049	3
17	16325966	16325967	3	8	4	4	0	1	NA	NA	NA	unphased	3.36842105263158	1.12280701754386	3
17	16631037	16631038	10	18	4	4	0	1	NA	NA	NA	unphased	2.97744360902256	0.992481203007519	3
17	17700137	17700138	15	64	4	4	0	1	NA	NA	NA	unphased	3.75216522318454	0.938041305796136	4
17	21201776	21201777	126	51	4	4	0	1	NA	NA	NA	unphased	1.33452274754683	0.667261373773417	2
17	21731006	21731007	40	16	4	4	0	1	NA	NA	NA	unphased	1.32330827067669	1.32330827067669	1
17	27425125	27425126	158	60	5.35	4	2	0.87	1	0	0.13	unphased	1.64630613230323	0.880377610857345	1.87
17	27958260	27958261	41	39	5.35	4	2	0.87	1	0	0.13	unphased	2.91601973684211	1.01603475151293	2.87
17	29562764	29562765	52	80	5.35	4	2	0.87	1	0	0.13	unphased	3.62519936204147	1.00421034959597	3.61
17	29653019	29653020	64	21	5.35	4	2	0.87	1	0	0.13	unphased	1.47780185758514	0.790268373040181	1.87
17	32598261	32598262	43	51	5.35	4	2	0.87	1	0	0.13	unphased	3.24532474804031	0.898981924664907	3.61
17	33427890	33427891	11	8	5.35	4	2	0.87	1	0	0.13	unphased	2.5185595567867	0.919182319995147	2.74
17	33592370	33592371	90	30	5.35	4	2	0.87	1	0	0.13	unphased	1.49539473684211	0.799676329862088	1.87
17	33738441	33738442	31	42	5.35	4	2	0.87	1	0	0.13	unphased	3.44145638067772	0.953312016808233	3.61
17	34072311	34072312	79	81	5.35	4	2	0.87	1	0	0.13	unphased	3.02817434210526	1.0551130111865	2.87
17	34261788	34261789	15	30	5.35	4	2	0.87	1	0	0.13	unphased	3.98771929824561	1.03041842331928	3.87
17	34797786	34797787	39	16	5.35	4	2	0.87	1	0	0.13	unphased	1.7400956937799	0.930532456566794	1.87
17	35945435	35945436	118	36	5.35	4	2	0.87	1	0	0.13	unphased	1.39829118250171	0.747749295455459	1.87
17	38079404	38079405	77	43	5.35	4	2	0.87	1	0	0.13	unphased	2.14339912280702	1.14620273946899	1.87
17	39197546	39197547	110	38	6	4	2	1	NA	NA	NA	unphased	1.7027027027027	0.851351351351352	2
17	39535647	39535648	100	21	6	4	2	1	NA	NA	NA	unphased	1.1509351892127	1.1509351892127	1
17	39551817	39551818	44	25	6	4	2	1	NA	NA	NA	unphased	2.40274599542334	0.800915331807781	3
17	39553205	39553206	33	32	6	4	2	1	NA	NA	NA	unphased	3.26477732793522	1.08825910931174	3
17	39684351	39684352	23	18	6	4	2	1	NA	NA	NA	unphased	2.91142490372272	0.970474967907574	3
17	39766754	39766755	40	41	6	4	2	1	NA	NA	NA	unphased	3.35672514619883	1.11890838206628	3
17	39913689	39913690	39	47	6	4	2	1	NA	NA	NA	unphased	3.62423500611995	0.906058751529988	4
17	40328138	40328139	58	79	6	4	2	1	NA	NA	NA	unphased	3.82404917402997	0.956012293507491	4
17	40673078	40673079	187	72	6	4	2	1	NA	NA	NA	unphased	1.84352773826458	0.92176386913229	2
17	41622669	41622670	15	7	6	4	2	1	NA	NA	NA	unphased	2.11004784688995	1.05502392344498	2
17	45669378	45669379	81	4	6	4	2	1	NA	NA	NA	unphased	0.312074303405573	0.312074303405573	1
17	46629745	46629746	64	13	8	6	2	1	NA	NA	NA	unphased	1.45727956254272	1.45727956254272	1
17	46703297	46703298	3	11	8	6	2	1	NA	NA	NA	unphased	6.78195488721804	1.13032581453634	6
17	47115773	47115774	14	7	8	6	2	1	NA	NA	NA	unphased	2.87719298245614	0.95906432748538	3
17	48821100	48821101	20	51	8	6	2	1	NA	NA	NA	unphased	6.20014825796887	1.03335804299481	6
17	51902053	51902054	26	72	8	6	2	1	NA	NA	NA	unphased	6.34156820622986	1.05692803437164	6
17	56060144	56060145	90	27	8	6	2	1	NA	NA	NA	unphased	1.9919028340081	0.995951417004049	2
17	56565294	56565295	56	13	8	6	2	1	NA	NA	NA	unphased	1.62623951182304	0.813119755911518	2
17	59793420	59793421	9	24	8	6	2	1	NA	NA	NA	unphased	6.27751196172249	1.04625199362041	6
17	61957913	61957914	40	90	8	6	2	1	NA	NA	NA	unphased	5.97570850202429	0.995951417004049	6
17	61994795	61994796	46	98	8	6	2	1	NA	NA	NA	unphased	5.87426900584795	0.979044834307992	6
17	62126468	62126469	59	20	8	6	2	1	NA	NA	NA	unphased	2.18520986009327	1.09260493004664	2
17	62968960	62968961	24	4	8	6	2	1	NA	NA	NA	unphased	1.23308270676692	1.23308270676692	1
17	67266796	67266797	225	68	8	6	2	1	NA	NA	NA	unphased	2.003233339321	1.0016166696605	2
17	68128877	68128878	19	60	8	6	2	1	NA	NA	NA	unphased	6.55562958027981	1.09260493004664	6
17	73177234	73177235	28	54	8	6	2	1	NA	NA	NA	unphased	5.68421052631579	0.947368421052632	6
17	73567786	73567787	15	51	8	6	2	1	NA	NA	NA	unphased	6.66985645933014	1.11164274322169	6
17	74151370	74151371	92	22	8	6	2	1	NA	NA	NA	unphased	1.6657433056325	0.832871652816251	2
17	76570800	76570801	30	73	8	6	2	1	NA	NA	NA	unphased	6.11752682677568	1.01958780446261	6
17	77079561	77079562	27	7	8	6	2	1	NA	NA	NA	unphased	1.77708978328173	1.77708978328173	1
17	78073476	78073477	63	20	8	6	2	1	NA	NA	NA	unphased	2.07989854153456	1.03994927076728	2
17	78973064	78973065	17	3	8	6	2	1	NA	NA	NA	unphased	1.29473684210526	1.29473684210526	1
17	79219441	79219442	60	15	8	6	2	1	NA	NA	NA	unphased	1.72631578947368	0.863157894736842	2
18	346948	346949	70	31	5	3	2	1	NA	NA	NA	unphased	1.72850442939031	0.864252214695154	2
18	2885110	2885111	28	14	4	2	2	1	NA	NA	NA	unphased	1.54385964912281	0.771929824561403	2
18	3126820	3126821	13	6	4	2	2	1	NA	NA	NA	unphased	1.46260387811634	1.46260387811634	1
18	7231279	7231280	32	24	4	2	2	1	NA	NA	NA	unphased	1.98496240601504	0.992481203007519	2
18	10471945	10471946	60	46	4	2	2	1	NA	NA	NA	unphased	2.00993048659384	1.00496524329692	2
18	14478134	14478135	6	5	4	2	2	1	NA	NA	NA	unphased	2.10526315789474	2.10526315789474	1
18	14537920	14537921	52	36	4	2	2	1	NA	NA	NA	unphased	1.89473684210526	0.947368421052632	2
18	18539816	18539817	6	4	3	2	1	1	NA	NA	NA	unphased	1.45263157894737	1.45263157894737	1
18	19348712	19348713	12	6	3	2	1	1	NA	NA	NA	unphased	1.21052631578947	1.21052631578947	1
18	20716525	20716526	12	14	3	2	1	1	NA	NA	NA	unphased	1.95546558704453	0.977732793522267	2
18	22805246	22805247	15	32	3	2	1	1	NA	NA	NA	unphased	2.47256438969765	1.23628219484882	2
18	22805796	22805797	43	17	3	2	1	1	NA	NA	NA	unphased	1.02894736842105	1.02894736842105	1
18	28712398	28712399	7	6	3	2	1	1	NA	NA	NA	unphased	1.67611336032389	1.67611336032389	1
18	29056036	29056037	19	23	3	2	1	1	NA	NA	NA	unphased	1.98872180451128	0.994360902255639	2
18	29446843	29446844	33	25	3	2	1	1	NA	NA	NA	unphased	1.56533575317604	0.782667876588022	2
18	30092996	30092997	11	4	3	2	1	1	NA	NA	NA	unphased	0.968421052631579	0.968421052631579	1
18	30093481	30093482	71	47	3	2	1	1	NA	NA	NA	unphased	1.44647636039251	0.723238180196253	2
18	30260410	30260411	63	19	3	2	1	1	NA	NA	NA	unphased	0.841463414634146	0.841463414634146	1
18	31319838	31319839	9	10	3	2	1	1	NA	NA	NA	unphased	1.91135734072022	0.955678670360111	2
18	42530400	42530401	20	19	3	2	1	1	NA	NA	NA	unphased	1.76923076923077	0.884615384615385	2
18	50832075	50832076	51	22	3	2	1	1	NA	NA	NA	unphased	1.09444844989185	1.09444844989185	1
18	51025780	51025781	35	34	3	2	1	1	NA	NA	NA	unphased	1.78947368421053	0.894736842105263	2
18	54444047	54444048	121	24	3	2	1	1	NA	NA	NA	unphased	0.601088929219601	0.601088929219601	1
18	56247140	56247141	33	11	3	2	1	1	NA	NA	NA	unphased	0.907894736842105	0.907894736842105	1
18	59221666	59221667	12	4	3	2	1	1	NA	NA	NA	unphased	0.907894736842105	0.907894736842105	1
18	61459671	61459672	13	24	3	2	1	1	NA	NA	NA	unphased	2.35561877667141	1.1778093883357	2
18	70526111	70526112	18	34	5	4	1	1	NA	NA	NA	unphased	3.68218623481781	0.920546558704453	4
18	74962773	74962774	79	15	5	4	1	1	NA	NA	NA	unphased	0.898656215005599	0.898656215005599	1
18	77489059	77489060	175	27	NA	NA	NA	NA	NA	NA	NA	unphased	NA	NA	1
19	1462037	1462038	2	15	2	2	0	1	NA	NA	NA	unphased	2.32198142414861	1.1609907120743	2
19	4028940	4028941	3	7	2	2	0	1	NA	NA	NA	unphased	1.84210526315789	0.921052631578947	2
19	4233292	4233293	2	9	2	2	0	1	NA	NA	NA	unphased	2.15311004784689	1.07655502392344	2
19	6821691	6821692	8	22	2	2	0	1	NA	NA	NA	unphased	1.92982456140351	0.964912280701754	2
19	7794772	7794773	6	21	2	2	0	1	NA	NA	NA	unphased	2.04678362573099	1.0233918128655	2
19	9066732	9066733	24	82	2	2	0	1	NA	NA	NA	unphased	2.03574975173784	1.01787487586892	2
19	9085553	9085554	22	76	2	2	0	1	NA	NA	NA	unphased	2.04081632653061	1.02040816326531	2
19	9089640	9089641	7	35	2	2	0	1	NA	NA	NA	unphased	2.19298245614035	1.09649122807018	2
19	9090221	9090222	7	19	2	2	0	1	NA	NA	NA	unphased	1.92307692307692	0.961538461538461	2
19	10610410	10610411	2	23	4	4	0	1	NA	NA	NA	unphased	4.26105263157895	1.06526315789474	4
19	10794216	10794217	7	21	2	2	0	1	NA	NA	NA	unphased	1.97368421052632	0.986842105263158	2
19	16925937	16925938	8	17	2	2	0	1	NA	NA	NA	unphased	1.78947368421053	0.894736842105263	2
19	18561686	18561687	5	11	2	2	0	1	NA	NA	NA	unphased	1.80921052631579	0.904605263157895	2
19	18672928	18672929	2	6	2	2	0	1	NA	NA	NA	unphased	1.97368421052632	0.986842105263158	2
19	18704379	18704380	5	7	5	3	2	1	NA	NA	NA	unphased	3.28508771929825	1.09502923976608	3
19	18709628	18709629	32	27	5	3	2	1	NA	NA	NA	unphased	2.5771632471008	0.859054415700268	3
19	20807978	20807979	33	32	NA	NA	NA	NA	NA	NA	NA	unphased	NA	NA	1
19	22171597	22171598	115	30	5	3	2	1	NA	NA	NA	unphased	1.16515426497278	1.16515426497278	1
19	22363717	22363718	40	24	5	3	2	1	NA	NA	NA	unphased	2.11184210526316	1.05592105263158	2
19	22574631	22574632	110	11	5	3	2	1	NA	NA	NA	unphased	0.511961722488038	0.511961722488038	1
19	22847752	22847753	9	9	5	3	2	1	NA	NA	NA	unphased	2.81578947368421	0.93859649122807	3
19	30936005	30936006	50	31	7	4	3	1	NA	NA	NA	unphased	2.92072774528915	0.973575915096383	3
19	34868445	34868446	59	23	7	4	3	1	NA	NA	NA	unphased	2.1405648267009	1.07028241335045	2
19	35175590	35175591	80	66	7	4	3	1	NA	NA	NA	unphased	3.44989185291997	0.862472963229993	4
19	35850156	35850157	95	23	7	4	3	1	NA	NA	NA	unphased	1.48751115075825	0.743755575379126	2
19	36336384	36336385	15	22	7	4	3	1	NA	NA	NA	unphased	4.53769559032717	1.13442389758179	4
19	36518057	36518058	47	31	7	4	3	1	NA	NA	NA	unphased	3.03306342780027	1.01102114260009	3
19	36940593	36940594	62	29	7	4	3	1	NA	NA	NA	unphased	2.43204164256796	0.810680547522653	3
19	37005494	37005495	60	63	7	4	3	1	NA	NA	NA	unphased	3.90885750962773	0.977214377406932	4
19	38903602	38903603	51	41	7	4	3	1	NA	NA	NA	unphased	3.40102974828375	1.13367658276125	3
19	39063882	39063883	31	23	7	4	3	1	NA	NA	NA	unphased	3.2504873294347	1.08349577647823	3
19	40224968	40224969	73	37	7	4	3	1	NA	NA	NA	unphased	2.56698564593301	0.855661881977671	3
19	40424299	40424300	176	107	7	4	3	1	NA	NA	NA	unphased	2.88543797656686	0.96181265885562	3
19	40902279	40902280	116	120	7	4	3	1	NA	NA	NA	unphased	3.88046387154326	0.970115967885816	4
19	41223331	41223332	20	27	7	4	3	1	NA	NA	NA	unphased	4.38409854423292	1.09602463605823	4
19	43702179	43702180	169	38	7	4	3	1	NA	NA	NA	unphased	1.40096618357488	0.70048309178744	2
19	44470420	44470421	84	58	7	4	3	1	NA	NA	NA	unphased	3.117123795404	1.03904126513467	3
19	45395672	45395673	68	44	7	4	3	1	NA	NA	NA	unphased	2.99812030075188	0.99937343358396	3
19	46832550	46832551	50	45	7	4	3	1	NA	NA	NA	unphased	3.61495844875346	0.903739612188366	4
19	48179128	48179129	8	18	7	4	3	1	NA	NA	NA	unphased	5.2834008097166	1.32085020242915	4
19	48374644	48374645	23	10	7	4	3	1	NA	NA	NA	unphased	2.31259968102073	1.15629984051037	2
19	49622181	49622182	37	32	7	4	3	1	NA	NA	NA	unphased	3.53928299008391	0.884820747520977	4
19	50384575	50384576	24	14	7	4	3	1	NA	NA	NA	unphased	2.81163434903047	0.937211449676824	3
19	51274688	51274689	48	43	7	4	3	1	NA	NA	NA	unphased	3.60613071139387	0.901532677848467	4
19	51359526	51359527	54	67	7	4	3	1	NA	NA	NA	unphased	4.2257503262288	1.0564375815572	4
19	51742911	51742912	39	20	7	4	3	1	NA	NA	NA	unphased	2.58697591436218	0.862325304787392	3
19	51960827	51960828	40	38	7	4	3	1	NA	NA	NA	unphased	3.71794871794872	0.92948717948718	4
19	52146580	52146581	74	54	7	4	3	1	NA	NA	NA	unphased	3.21957236842105	1.07319078947368	3
19	52146584	52146585	73	56	7	4	3	1	NA	NA	NA	unphased	3.31293349653203	1.10431116551068	3
19	52196136	52196137	36	23	7	4	3	1	NA	NA	NA	unphased	2.9750223015165	0.991674100505501	3
19	52272474	52272475	68	43	7	4	3	1	NA	NA	NA	unphased	2.95637743006164	0.98545914335388	3
19	52327903	52327904	125	58	7	4	3	1	NA	NA	NA	unphased	2.4187517975266	0.806250599175535	3
19	52619864	52619865	73	69	7	4	3	1	NA	NA	NA	unphased	3.70830244625649	0.927075611564122	4
19	52725454	52725455	54	22	7	4	3	1	NA	NA	NA	unphased	2.20914127423823	1.10457063711911	2
19	54185474	54185475	36	31	7	4	3	1	NA	NA	NA	unphased	3.53102906520031	0.882757266300079	4
19	54297354	54297355	39	38	7	4	3	1	NA	NA	NA	unphased	3.76623376623377	0.941558441558442	4
19	54403678	54403679	14	30	7	4	3	1	NA	NA	NA	unphased	5.20334928229665	1.30083732057416	4
19	54780276	54780277	32	19	7	4	3	1	NA	NA	NA	unphased	2.84313725490196	0.947712418300654	3
19	54875928	54875929	47	37	7	4	3	1	NA	NA	NA	unphased	3.36152882205514	1.12050960735171	3
19	55020267	55020268	42	27	7	4	3	1	NA	NA	NA	unphased	2.9862700228833	0.995423340961099	3
19	55341670	55341671	229	257	7	4	3	1	NA	NA	NA	unphased	4.03562919644791	1.00890729911198	4
19	55424184	55424185	29	19	7	4	3	1	NA	NA	NA	unphased	3.02083333333333	1.00694444444444	3
19	55889204	55889205	46	15	7	4	3	1	NA	NA	NA	unphased	1.87661777394305	0.938308886971527	2
19	56370164	56370165	104	40	7	4	3	1	NA	NA	NA	unphased	2.11988304093567	1.05994152046784	2
19	57335792	57335793	13	58	4	4	0	1	NA	NA	NA	unphased	3.78354336545589	0.945885841363973	4
19	57642181	57642182	3	33	4	4	0	1	NA	NA	NA	unphased	4.24561403508772	1.06140350877193	4
19	58118527	58118528	49	21	7	4	3	1	NA	NA	NA	unphased	2.28947368421053	1.14473684210526	2
19	58146121	58146122	48	41	7	4	3	1	NA	NA	NA	unphased	3.51567120047309	0.878917800118273	4
19	58189660	58189661	37	20	7	4	3	1	NA	NA	NA	unphased	2.67774699907664	0.892582333025546	3
19	58190160	58190161	89	100	7	4	3	1	NA	NA	NA	unphased	4.03787245892509	1.00946811473127	4
19	58262152	58262153	86	43	7	4	3	1	NA	NA	NA	unphased	2.54385964912281	0.847953216374269	3
2	1251115	1251116	14	8	4	4	0	1	NA	NA	NA	unphased	1.68421052631579	1.68421052631579	1
2	1652139	1652140	25	20	4	4	0	1	NA	NA	NA	unphased	2.05847953216374	1.02923976608187	2
2	1926726	1926727	85	59	4	4	0	1	NA	NA	NA	unphased	1.89766081871345	0.948830409356725	2
2	11053961	11053962	23	9	4	4	0	1	NA	NA	NA	unphased	1.30263157894737	1.30263157894737	1
2	11053983	11053984	20	7	4	4	0	1	NA	NA	NA	unphased	1.20077972709552	1.20077972709552	1
2	11716612	11716613	44	35	4	4	0	1	NA	NA	NA	unphased	2.05196535642905	1.02598267821452	2
2	11738825	11738826	54	37	4	4	0	1	NA	NA	NA	unphased	1.88316946211683	0.941584731058415	2
2	11780519	11780520	45	21	4	4	0	1	NA	NA	NA	unphased	1.47368421052632	0.736842105263158	2
2	15359017	15359018	36	22	4	4	0	1	NA	NA	NA	unphased	1.7568058076225	0.878402903811252	2
2	18767603	18767604	7	49	4	4	0	1	NA	NA	NA	unphased	4.05263157894737	1.01315789473684	4
2	27801651	27801652	46	24	4	4	0	1	NA	NA	NA	unphased	1.58796992481203	0.793984962406015	2
2	28855820	28855821	27	14	4	4	0	1	NA	NA	NA	unphased	1.58151476251605	0.790757381258023	2
2	29164363	29164364	7	12	4	4	0	1	NA	NA	NA	unphased	2.92520775623269	0.975069252077562	3
2	32476134	32476135	43	47	4	4	0	1	NA	NA	NA	unphased	2.4187134502924	0.806237816764133	3
2	32673861	32673862	8	24	4	4	0	1	NA	NA	NA	unphased	3.47368421052632	0.868421052631579	4
2	33585792	33585793	39	21	4	4	0	1	NA	NA	NA	unphased	1.62105263157895	0.810526315789474	2
2	33614328	33614329	25	22	4	4	0	1	NA	NA	NA	unphased	2.16797312430011	1.08398656215006	2
2	36691774	36691775	73	57	4	4	0	1	NA	NA	NA	unphased	2.03076923076923	1.01538461538462	2
2	39088828	39088829	55	36	4	4	0	1	NA	NA	NA	unphased	1.83227299016773	0.916136495083864	2
2	39944283	39944284	56	38	4	4	0	1	NA	NA	NA	unphased	1.87234042553191	0.936170212765957	2
2	44055221	44055222	20	15	4	4	0	1	NA	NA	NA	unphased	1.98496240601504	0.992481203007519	2
2	44099211	44099212	9	47	4	4	0	1	NA	NA	NA	unphased	3.88721804511278	0.971804511278196	4
2	46588228	46588229	2	16	4	4	0	1	NA	NA	NA	unphased	4.11695906432749	1.02923976608187	4
2	47382369	47382370	16	9	4	4	0	1	NA	NA	NA	unphased	1.66736842105263	1.66736842105263	1
2	56420332	56420333	45	22	4	4	0	1	NA	NA	NA	unphased	1.52081696779262	0.760408483896308	2
2	60679769	60679770	10	76	4	4	0	1	NA	NA	NA	unphased	4.09302325581395	1.02325581395349	4
2	68415682	68415683	57	34	5	3	2	1	NA	NA	NA	unphased	2.10410641989589	1.05205320994795	2
2	69769698	69769699	45	40	5	3	2	1	NA	NA	NA	unphased	2.65015479876161	0.883384932920536	3
2	71797023	71797024	29	9	5	3	2	1	NA	NA	NA	unphased	1.33379501385042	1.33379501385042	1
2	71838722	71838723	15	12	5	3	2	1	NA	NA	NA	unphased	2.50292397660819	0.834307992202729	3
2	79386514	79386515	29	28	5	3	2	1	NA	NA	NA	unphased	2.76638965835642	0.922129886118806	3
2	85049163	85049164	5	4	5	3	2	1	NA	NA	NA	unphased	2.50292397660819	0.834307992202729	3
2	85049164	85049165	5	4	5	3	2	1	NA	NA	NA	unphased	2.50292397660819	0.834307992202729	3
2	87085356	87085357	30	34	5	3	2	1	NA	NA	NA	unphased	2.99177631578947	0.997258771929824	3
2	89544453	89544454	56	47	5	3	2	1	NA	NA	NA	unphased	2.56974961676035	0.856583205586782	3
2	90458657	90458658	438	50	5	3	2	1	NA	NA	NA	unphased	0.577006039689387	0.577006039689387	1
2	102792909	102792910	4	26	5	3	2	1	NA	NA	NA	unphased	4.88070175438596	1.62690058479532	3
2	110065635	110065636	4	21	4	4	0	1	NA	NA	NA	unphased	3.89052631578947	0.972631578947368	4
2	121746741	121746742	10	59	4	4	0	1	NA	NA	NA	unphased	3.96033562166285	0.990083905415713	4
2	125530388	125530389	5	52	4	4	0	1	NA	NA	NA	unphased	4.2253000923361	1.05632502308403	4
2	128341833	128341834	5	37	4	4	0	1	NA	NA	NA	unphased	4.08020050125313	1.02005012531328	4
2	128341834	128341835	5	38	4	4	0	1	NA	NA	NA	unphased	4.09302325581395	1.02325581395349	4
2	128351162	128351163	14	71	4	4	0	1	NA	NA	NA	unphased	3.8687306501548	0.9671826625387	4
2	131487176	131487177	5	38	4	4	0	1	NA	NA	NA	unphased	4.09302325581395	1.02325581395349	4
2	131520864	131520865	3	48	4	4	0	1	NA	NA	NA	unphased	4.35913312693498	1.08978328173375	4
2	131521631	131521632	1	17	4	4	0	1	NA	NA	NA	unphased	4.37426900584795	1.09356725146199	4
2	135982055	135982056	5	27	4	4	0	1	NA	NA	NA	unphased	3.90789473684211	0.976973684210526	4
2	136594684	136594685	9	79	4	4	0	1	NA	NA	NA	unphased	4.15789473684211	1.03947368421053	4
2	152320043	152320044	4	31	5	5	0	1	NA	NA	NA	unphased	4.98796992481203	0.997593984962406	5
2	152534532	152534533	11	39	5	5	0	1	NA	NA	NA	unphased	4.39263157894737	1.09815789473684	4
2	159033119	159033120	1	20	5	5	0	1	NA	NA	NA	unphased	5.36340852130326	1.07268170426065	5
2	163253370	163253371	6	32	5	5	0	1	NA	NA	NA	unphased	4.74238227146814	0.948476454293628	5
2	165353976	165353977	8	45	5	5	0	1	NA	NA	NA	unphased	4.78152929493545	0.95630585898709	5
2	166179880	166179881	10	22	5	5	0	1	NA	NA	NA	unphased	3.87171052631579	0.967927631578947	4
2	168104537	168104538	4	29	5	5	0	1	NA	NA	NA	unphased	4.94896331738437	0.989792663476874	5
2	170487402	170487403	9	85	5	5	0	1	NA	NA	NA	unphased	5.09238521836506	1.01847704367301	5
2	179436923	179436924	3	41	5	5	0	1	NA	NA	NA	unphased	5.24760765550239	1.04952153110048	5
2	179640215	179640216	5	24	5	5	0	1	NA	NA	NA	unphased	4.66061705989111	0.932123411978221	5
2	183595773	183595774	11	24	5	5	0	1	NA	NA	NA	unphased	3.86165413533835	0.965413533834586	4
2	185800921	185800922	7	33	5	5	0	1	NA	NA	NA	unphased	4.64605263157895	0.929210526315789	5
2	185803643	185803644	12	102	5	5	0	1	NA	NA	NA	unphased	5.0387811634349	1.00775623268698	5
2	186672737	186672738	1	24	5	5	0	1	NA	NA	NA	unphased	5.40631578947368	1.08126315789474	5
2	192818492	192818493	5	58	5	5	0	1	NA	NA	NA	unphased	5.18462823725981	1.03692564745196	5
2	206165393	206165394	14	66	5	5	0	1	NA	NA	NA	unphased	4.64605263157895	0.929210526315789	5
2	212578299	212578300	1	18	5	5	0	1	NA	NA	NA	unphased	5.33518005540166	1.06703601108033	5
2	220167433	220167434	7	48	5	5	0	1	NA	NA	NA	unphased	4.91483253588517	0.982966507177033	5
2	220371036	220371037	8	47	5	5	0	1	NA	NA	NA	unphased	4.81244019138756	0.962488038277512	5
2	220502303	220502304	4	29	5	5	0	1	NA	NA	NA	unphased	4.94896331738437	0.989792663476874	5
2	224463756	224463757	10	74	5	5	0	1	NA	NA	NA	unphased	4.96115288220551	0.992230576441103	5
2	225378313	225378314	2	20	5	5	0	1	NA	NA	NA	unphased	5.11961722488038	1.02392344497608	5
2	227662184	227662185	11	67	5	5	0	1	NA	NA	NA	unphased	4.83738191632928	0.967476383265857	5
2	228881719	228881720	5	39	5	5	0	1	NA	NA	NA	unphased	4.99162679425837	0.998325358851675	5
2	228882835	228882836	16	112	5	5	0	1	NA	NA	NA	unphased	4.92763157894737	0.985526315789474	5
2	232597567	232597568	3	18	5	5	0	1	NA	NA	NA	unphased	4.82706766917293	0.965413533834586	5
2	233897539	233897540	4	22	5	5	0	1	NA	NA	NA	unphased	4.76518218623482	0.953036437246963	5
2	237308120	237308121	17	52	4	4	0	1	NA	NA	NA	unphased	3.49046529366896	0.872616323417239	4
2	238303481	238303482	7	67	4	4	0	1	NA	NA	NA	unphased	4.19345661450925	1.04836415362731	4
2	238727146	238727147	16	4	4	4	0	1	NA	NA	NA	unphased	0.926315789473684	0.926315789473684	1
2	242135199	242135200	8	29	4	4	0	1	NA	NA	NA	unphased	3.63015647226174	0.907539118065434	4
2	242141709	242141710	7	47	4	4	0	1	NA	NA	NA	unphased	4.03118908382066	1.00779727095517	4
20	1629906	1629907	46	15	3	2	1	1	NA	NA	NA	unphased	0.893011216566005	0.893011216566005	1
20	3146897	3146898	10	4	3	2	1	1	NA	NA	NA	unphased	1.03759398496241	1.03759398496241	1
20	8720993	8720994	27	11	3	2	1	1	NA	NA	NA	unphased	1.05124653739612	1.05124653739612	1
20	13561608	13561609	30	19	3	2	1	1	NA	NA	NA	unphased	1.40816326530612	1.40816326530612	1
20	13775573	13775574	10	5	1.02	2	1	0.01	0	1	0.99	unphased	0.550526315789474	0.550526315789474	1
20	18143304	18143305	12	16	1.02	2	1	0.01	0	1	0.99	unphased	0.94375939849624	0.94375939849624	1
20	18794585	18794586	26	12	1.02	2	1	0.01	0	1	0.99	unphased	0.521551246537396	0.521551246537396	1
20	19701801	19701802	30	39	1.02	2	1	0.01	0	1	0.99	unphased	0.93350114416476	0.93350114416476	1
20	21494242	21494243	17	17	1.02	2	1	0.01	0	1	0.99	unphased	0.825789473684211	0.825789473684211	1
20	29960909	29960910	42	27	1.02	2	1	0.01	0	1	0.99	unphased	0.646270022883295	0.646270022883295	1
20	29976904	29976905	34	26	1.02	2	1	0.01	0	1	0.99	unphased	0.715684210526316	0.715684210526316	1
20	30064329	30064330	35	35	1.02	2	1	0.01	0	1	0.99	unphased	0.825789473684211	0.825789473684211	1
20	30584608	30584609	17	10	1.02	2	1	0.01	0	1	0.99	unphased	0.611695906432748	0.611695906432748	1
20	31630679	31630680	19	44	5	3	2	1	NA	NA	NA	unphased	3.93316624895572	1.31105541631857	3
20	31659957	31659958	31	20	5	3	2	1	NA	NA	NA	unphased	2.20846233230134	1.10423116615067	2
20	33879854	33879855	23	9	2.47	2	2	0.49	1	0	0.51	unphased	0.872319078947368	0.872319078947368	1
20	34535570	34535571	12	22	2.47	2	2	0.49	1	0	0.51	unphased	2.0069040247678	1.3469154528643	1.49
20	35060953	35060954	9	13	2.47	2	2	0.49	1	0	0.51	unphased	1.83275119617225	1.23003435984715	1.49
20	35386977	35386978	14	16	2.47	2	2	0.49	1	0	0.51	unphased	1.65417543859649	1.11018485811845	1.49
20	37210017	37210018	53	16	2.47	2	2	0.49	1	0	0.51	unphased	0.719206712433257	0.719206712433257	1
20	39974573	39974574	42	52	2.47	2	2	0.49	1	0	0.51	unphased	1.71576707726764	1.15152152836754	1.49
20	39974574	39974575	42	53	2.47	2	2	0.49	1	0	0.51	unphased	1.73035457063712	1.16131179237391	1.49
20	40116426	40116427	31	24	2.47	2	2	0.49	1	0	0.51	unphased	1.35341626794258	0.908333065733278	1.49
20	41101006	41101007	27	31	2.47	2	2	0.49	1	0	0.51	unphased	1.65774047186933	1.11257749789888	1.49
20	43246993	43246994	60	50	2.47	2	2	0.49	1	0	0.51	unphased	1.40980861244019	0.946180276805497	1.49
20	44518887	44518888	21	19	2.47	2	2	0.49	1	0	0.51	unphased	1.47325	0.988758389261745	1.49
20	44574994	44574995	66	33	2.47	2	2	0.49	1	0	0.51	unphased	1.03385964912281	1.03385964912281	1
20	44845555	44845556	48	23	2.47	2	2	0.49	1	0	0.51	unphased	1.00473684210526	1.00473684210526	1
20	45853079	45853080	97	36	2.47	2	2	0.49	1	0	0.51	unphased	0.839525128611001	0.839525128611001	1
20	45853080	45853081	98	36	2.47	2	2	0.49	1	0	0.51	unphased	0.833260015710919	0.833260015710919	1
20	45853098	45853099	109	38	2.47	2	2	0.49	1	0	0.51	unphased	0.801768707482993	0.801768707482993	1
20	49195122	49195123	37	18	2.47	2	2	0.49	1	0	0.51	unphased	1.01506220095694	1.01506220095694	1
20	50048653	50048654	84	36	2.47	2	2	0.49	1	0	0.51	unphased	0.930473684210526	0.930473684210526	1
20	50255929	50255930	78	39	2.47	2	2	0.49	1	0	0.51	unphased	1.03385964912281	1.03385964912281	1
20	50803370	50803371	29	19	2.47	2	2	0.49	1	0	0.51	unphased	1.22770833333333	1.22770833333333	1
20	57768078	57768079	22	18	2.47	2	2	0.49	1	0	0.51	unphased	1.39571052631579	1.39571052631579	1
20	58564198	58564199	154	98	2.47	2	2	0.49	1	0	0.51	unphased	1.20616959064327	0.809509792378037	1.49
20	60348059	60348060	19	6	2.47	2	2	0.49	1	0	0.51	unphased	0.744378947368421	0.744378947368421	1
20	61512608	61512609	24	33	2.47	2	2	0.49	1	0	0.51	unphased	1.79565096952909	1.20513487887858	1.49
20	61941221	61941222	14	6	2.47	2	2	0.49	1	0	0.51	unphased	0.930473684210526	0.930473684210526	1
20	62046336	62046337	54	33	2.47	2	2	0.49	1	0	0.51	unphased	1.1764609800363	1.1764609800363	1
20	62187821	62187822	95	40	2.47	2	2	0.49	1	0	0.51	unphased	0.918986354775828	0.918986354775828	1
20	62863575	62863576	39	21	NA	NA	NA	NA	NA	NA	NA	unphased	NA	NA	1
21	11039118	11039119	263	15	NA	NA	NA	NA	NA	NA	NA	unphased	NA	NA	1
21	11047555	11047556	291	18	NA	NA	NA	NA	NA	NA	NA	unphased	NA	NA	1
21	31588041	31588042	8	23	2	2	0	1	NA	NA	NA	unphased	1.95246179966044	0.976230899830221	2
21	33678888	33678889	2	9	2	2	0	1	NA	NA	NA	unphased	2.15311004784689	1.07655502392344	2
21	36088699	36088700	7	24	2	2	0	1	NA	NA	NA	unphased	2.03735144312394	1.01867572156197	2
21	43711289	43711290	3	12	2	2	0	1	NA	NA	NA	unphased	2.10526315789474	1.05263157894737	2
21	47540981	47540982	11	15	2	2	0	1	NA	NA	NA	unphased	1.51821862348178	0.759109311740891	2
22	17073041	17073042	20	8	NA	NA	NA	NA	NA	NA	NA	unphased	NA	NA	1
22	17073042	17073043	21	9	NA	NA	NA	NA	NA	NA	NA	unphased	NA	NA	1
22	18300137	18300138	6	3	4	2	2	1	NA	NA	NA	unphased	1.54385964912281	1.54385964912281	1
22	20229570	20229571	21	14	4	2	2	1	NA	NA	NA	unphased	1.85263157894737	0.926315789473684	2
22	22143002	22143003	25	16	4	2	2	1	NA	NA	NA	unphased	1.80744544287548	0.903722721437741	2
22	24323169	24323170	82	40	4	2	2	1	NA	NA	NA	unphased	1.51855047454702	0.759275237273512	2
22	26110498	26110499	12	9	4	2	2	1	NA	NA	NA	unphased	1.98496240601504	0.992481203007519	2
22	31741544	31741545	19	12	4	2	2	1	NA	NA	NA	unphased	1.79286926994907	0.896434634974533	2
22	36055214	36055215	46	21	4	2	2	1	NA	NA	NA	unphased	1.45168892380204	0.725844461901021	2
22	38120967	38120968	44	25	4	2	2	1	NA	NA	NA	unphased	1.67810831426392	0.83905415713196	2
22	38155202	38155203	11	7	4	2	2	1	NA	NA	NA	unphased	1.80116959064327	1.80116959064327	1
22	38168671	38168672	71	53	4	2	2	1	NA	NA	NA	unphased	1.97962648556876	0.98981324278438	2
22	39125574	39125575	8	17	4	2	2	1	NA	NA	NA	unphased	3.14947368421053	1.57473684210526	2
22	40060148	40060149	10	6	4	2	2	1	NA	NA	NA	unphased	1.73684210526316	1.73684210526316	1
22	41566408	41566409	32	4	4	2	2	1	NA	NA	NA	unphased	0.514619883040936	0.514619883040936	1
22	41652742	41652743	20	9	4	2	2	1	NA	NA	NA	unphased	1.43738656987296	1.43738656987296	1
22	42204947	42204948	35	14	4	2	2	1	NA	NA	NA	unphased	1.32330827067669	1.32330827067669	1
22	43088835	43088836	6	9	4	2	2	1	NA	NA	NA	unphased	2.77894736842105	1.38947368421053	2
22	45681844	45681845	14	16	4	2	2	1	NA	NA	NA	unphased	2.47017543859649	1.23508771929825	2
22	45745637	45745638	24	10	4	2	2	1	NA	NA	NA	unphased	1.36222910216718	1.36222910216718	1
22	46685306	46685307	18	9	4	2	2	1	NA	NA	NA	unphased	1.54385964912281	1.54385964912281	1
22	50722092	50722093	20	9	NA	NA	NA	NA	NA	NA	NA	unphased	NA	NA	1
3	9517763	9517764	0	11	2	2	0	1	NA	NA	NA	unphased	2.63157894736842	1.31578947368421	2
3	10392145	10392146	7	26	2	2	0	1	NA	NA	NA	unphased	2.07336523125997	1.03668261562998	2
3	14861948	14861949	6	29	2	2	0	1	NA	NA	NA	unphased	2.18045112781955	1.09022556390977	2
3	14862036	14862037	6	33	2	2	0	1	NA	NA	NA	unphased	2.22672064777328	1.11336032388664	2
3	16242200	16242201	12	22	2	2	0	1	NA	NA	NA	unphased	1.70278637770898	0.851393188854489	2
3	27216140	27216141	10	53	2	2	0	1	NA	NA	NA	unphased	2.21386800334169	1.10693400167084	2
3	27759078	27759079	13	57	2	2	0	1	NA	NA	NA	unphased	2.14285714285714	1.07142857142857	2
3	38603944	38603945	0	10	2	2	0	1	NA	NA	NA	unphased	2.63157894736842	1.31578947368421	2
3	42754700	42754701	7	22	2	2	0	1	NA	NA	NA	unphased	1.99637023593466	0.998185117967332	2
3	46414425	46414426	23	46	1	1	0	1	NA	NA	NA	unphased	1.08771929824561	1.08771929824561	1
3	46935438	46935439	5	18	1	1	0	1	NA	NA	NA	unphased	1.27688787185355	1.27688787185355	1
3	48689955	48689956	7	9	1	1	0	1	NA	NA	NA	unphased	0.917763157894737	0.917763157894737	1
3	49153218	49153219	3	11	1	1	0	1	NA	NA	NA	unphased	1.28195488721805	1.28195488721805	1
3	49167052	49167053	2	8	1	1	0	1	NA	NA	NA	unphased	1.30526315789474	1.30526315789474	1
3	49395449	49395450	4	4	1	1	0	1	NA	NA	NA	unphased	0.815789473684211	0.815789473684211	1
3	49698458	49698459	3	14	1	1	0	1	NA	NA	NA	unphased	1.34365325077399	1.34365325077399	1
3	71064793	71064794	5	17	4	4	0	1	NA	NA	NA	unphased	3.57894736842105	0.894736842105263	4
3	74350698	74350699	10	28	2	2	0	1	NA	NA	NA	unphased	1.93905817174515	0.969529085872576	2
3	97806083	97806084	20	145	6	6	0	1	NA	NA	NA	unphased	5.82775119617225	0.971291866028708	6
3	98072931	98072932	33	304	6	6	0	1	NA	NA	NA	unphased	5.98219584569733	0.997032640949555	6
3	98073253	98073254	7	75	6	6	0	1	NA	NA	NA	unphased	6.06546854942234	1.01091142490372	6
3	98189182	98189183	6	84	6	6	0	1	NA	NA	NA	unphased	6.18947368421053	1.03157894736842	6
3	108096132	108096133	0	14	6	6	0	1	NA	NA	NA	unphased	6.63157894736842	1.10526315789474	6
3	108549563	108549564	16	100	6	6	0	1	NA	NA	NA	unphased	5.71687840290381	0.952813067150635	6
3	111705159	111705160	3	31	6	6	0	1	NA	NA	NA	unphased	6.04643962848297	1.0077399380805	6
3	119451223	119451224	7	71	6	6	0	1	NA	NA	NA	unphased	6.03643724696356	1.00607287449393	6
3	123457761	123457762	18	7	6	6	0	1	NA	NA	NA	unphased	1.85684210526316	1.85684210526316	1
3	124578286	124578287	19	37	6	6	0	1	NA	NA	NA	unphased	4.38157894736842	1.09539473684211	4
3	126751247	126751248	6	67	6	6	0	1	NA	NA	NA	unphased	6.08651766402307	1.01441961067051	6
3	127294892	127294893	20	22	6	6	0	1	NA	NA	NA	unphased	3.47368421052632	0.868421052631579	4
3	127786901	127786902	48	18	6	6	0	1	NA	NA	NA	unphased	1.80861244019139	0.904306220095694	2
3	129291712	129291713	29	3	6	6	0	1	NA	NA	NA	unphased	0.62171052631579	0.62171052631579	1
3	130698176	130698177	12	78	6	6	0	1	NA	NA	NA	unphased	5.74736842105263	0.957894736842105	6
3	139894869	139894870	6	40	6	6	0	1	NA	NA	NA	unphased	5.76659038901602	0.961098398169336	6
3	147128675	147128676	5	69	6	6	0	1	NA	NA	NA	unphased	6.18349928876245	1.03058321479374	6
3	151148144	151148145	9	64	6	6	0	1	NA	NA	NA	unphased	5.8139870223504	0.968997837058399	6
3	154146870	154146871	29	18	6	6	0	1	NA	NA	NA	unphased	2.53975363941769	0.846584546472565	3
3	164906123	164906124	84	18	6	6	0	1	NA	NA	NA	unphased	1.1702786377709	1.1702786377709	1
3	167507132	167507133	27	13	6	6	0	1	NA	NA	NA	unphased	2.15526315789474	1.07763157894737	2
3	172428870	172428871	1	22	6	6	0	1	NA	NA	NA	unphased	6.34324942791762	1.05720823798627	6
3	185241924	185241925	44	5	6	6	0	1	NA	NA	NA	unphased	0.676691729323308	0.676691729323308	1
3	185983090	185983091	29	10	6	6	0	1	NA	NA	NA	unphased	1.7004048582996	1.7004048582996	1
3	194080365	194080366	1	27	6	6	0	1	NA	NA	NA	unphased	6.39473684210526	1.06578947368421	6
3	197351045	197351046	14	27	6	6	0	1	NA	NA	NA	unphased	4.36713735558408	1.09178433889602	4
4	3432303	3432304	5	12	2	2	0	1	NA	NA	NA	unphased	1.85758513931889	0.928792569659443	2
4	3521897	3521898	27	4	2	2	0	1	NA	NA	NA	unphased	0.33955857385399	0.33955857385399	1
4	9922189	9922190	6	6	2	2	0	1	NA	NA	NA	unphased	1.31578947368421	1.31578947368421	1
4	15841732	15841733	9	50	3.19	4	0	0.73	1	0	0.27	unphased	3.23862622658341	1.01524333121737	3.19
4	16504562	16504563	6	15	2	2	0	1	NA	NA	NA	unphased	1.8796992481203	0.93984962406015	2
4	38698815	38698816	13	46	2	2	0	1	NA	NA	NA	unphased	2.05173951828724	1.02586975914362	2
4	46066480	46066481	13	24	2	2	0	1	NA	NA	NA	unphased	1.70697012802276	0.85348506401138	2
4	55133887	55133888	3	9	3	3	0	1	NA	NA	NA	unphased	2.72368421052632	0.907894736842105	3
4	68539436	68539437	8	57	3	3	0	1	NA	NA	NA	unphased	3.18461538461538	1.06153846153846	3
4	70799954	70799955	6	23	3	3	0	1	NA	NA	NA	unphased	2.88021778584392	0.960072595281307	3
4	70921223	70921224	2	7	3	3	0	1	NA	NA	NA	unphased	2.82456140350877	0.941520467836257	3
4	73979622	73979623	9	44	3	3	0	1	NA	NA	NA	unphased	3.01489572989076	1.00496524329692	3
4	75167562	75167563	3	9	3	3	0	1	NA	NA	NA	unphased	2.72368421052632	0.907894736842105	3
4	76817469	76817470	7	40	3	3	0	1	NA	NA	NA	unphased	3.09070548712206	1.03023516237402	3
4	80329141	80329142	16	77	3	3	0	1	NA	NA	NA	unphased	3.00679117147708	1.00226372382569	3
4	88766835	88766836	7	26	3	3	0	1	NA	NA	NA	unphased	2.86124401913876	0.953748006379585	3
4	89199637	89199638	0	28	3	3	0	1	NA	NA	NA	unphased	3.63157894736842	1.21052631578947	3
4	100002600	100002601	1	10	3	3	0	1	NA	NA	NA	unphased	3.30143540669856	1.10047846889952	3
4	111553592	111553593	5	38	3	3	0	1	NA	NA	NA	unphased	3.2093023255814	1.06976744186047	3
4	114290744	114290745	11	24	3	3	0	1	NA	NA	NA	unphased	2.49022556390977	0.830075187969925	3
4	138442647	138442648	10	31	3	3	0	1	NA	NA	NA	unphased	2.74582798459564	0.915275994865212	3
4	143033732	143033733	7	53	3	3	0	1	NA	NA	NA	unphased	3.20789473684211	1.06929824561404	3
4	144469249	144469250	4	17	3	3	0	1	NA	NA	NA	unphased	2.93984962406015	0.979949874686717	3
4	151000358	151000359	4	11	3	3	0	1	NA	NA	NA	unphased	2.66315789473684	0.887719298245614	3
4	151770032	151770033	8	45	3	3	0	1	NA	NA	NA	unphased	3.08341608738828	1.02780536246276	3
4	156135157	156135158	3	39	3	3	0	1	NA	NA	NA	unphased	3.37218045112782	1.12406015037594	3
4	164246717	164246718	7	27	3	3	0	1	NA	NA	NA	unphased	2.88390092879257	0.961300309597523	3
4	164393479	164393480	7	55	3	3	0	1	NA	NA	NA	unphased	3.22156196943973	1.07385398981324	3
4	169312707	169312708	0	9	3	3	0	1	NA	NA	NA	unphased	3.63157894736842	1.21052631578947	3
4	169589500	169589501	14	39	3	3	0	1	NA	NA	NA	unphased	2.67229394240318	0.890764647467726	3
4	177083324	177083325	3	11	3	3	0	1	NA	NA	NA	unphased	2.85338345864662	0.951127819548872	3
4	183522078	183522079	7	41	3	3	0	1	NA	NA	NA	unphased	3.10197368421053	1.03399122807018	3
4	185681539	185681540	36	162	3	3	0	1	NA	NA	NA	unphased	2.97129186602871	0.990430622009569	3
4	187518258	187518259	4	17	3	3	0	1	NA	NA	NA	unphased	2.93984962406015	0.979949874686717	3
4	190876295	190876296	74	8	NA	NA	NA	NA	NA	NA	NA	unphased	NA	NA	1
4	190882990	190882991	22	73	NA	NA	NA	NA	NA	NA	NA	unphased	NA	NA	1
5	1232935	1232936	27	23	4	2	2	1	NA	NA	NA	unphased	2.13052631578947	1.06526315789474	2
5	2752837	2752838	46	17	4	2	2	1	NA	NA	NA	unphased	1.24979114452799	1.24979114452799	1
5	3599474	3599475	32	20	4	2	2	1	NA	NA	NA	unphased	1.78137651821862	0.890688259109312	2
5	6625753	6625754	17	13	4	2	2	1	NA	NA	NA	unphased	2.00701754385965	1.00350877192982	2
5	6633887	6633888	13	6	4	2	2	1	NA	NA	NA	unphased	1.46260387811634	1.46260387811634	1
5	7766896	7766897	42	34	4	2	2	1	NA	NA	NA	unphased	2.07202216066482	1.03601108033241	2
5	7766901	7766902	47	36	4	2	2	1	NA	NA	NA	unphased	2.00887761572606	1.00443880786303	2
5	9044565	9044566	58	23	4	2	2	1	NA	NA	NA	unphased	1.31513970110461	1.31513970110461	1
5	9629329	9629330	39	21	4	2	2	1	NA	NA	NA	unphased	1.62105263157895	0.810526315789474	2
5	11082811	11082812	58	38	4	2	2	1	NA	NA	NA	unphased	1.83333333333333	0.916666666666667	2
5	11159797	11159798	61	38	4	2	2	1	NA	NA	NA	unphased	1.77777777777778	0.888888888888889	2
5	21765108	21765109	47	31	4	2	2	1	NA	NA	NA	unphased	1.84075573549258	0.920377867746289	2
5	23526697	23526698	13	17	4	2	2	1	NA	NA	NA	unphased	2.62456140350877	1.31228070175439	2
5	23526698	23526699	14	15	4	2	2	1	NA	NA	NA	unphased	2.3956442831216	1.1978221415608	2
5	24535879	24535880	22	19	4	2	2	1	NA	NA	NA	unphased	2.14634146341463	1.07317073170732	2
5	26881516	26881517	66	33	4	2	2	1	NA	NA	NA	unphased	1.54385964912281	0.771929824561403	2
5	26885729	26885730	15	11	4	2	2	1	NA	NA	NA	unphased	1.95951417004049	0.979757085020243	2
5	31323359	31323360	30	13	4	2	2	1	NA	NA	NA	unphased	1.40024479804162	1.40024479804162	1
5	31526702	31526703	24	11	4	2	2	1	NA	NA	NA	unphased	1.45563909774436	1.45563909774436	1
5	32780907	32780908	95	53	4	2	2	1	NA	NA	NA	unphased	1.65860597439545	0.829302987197724	2
5	32784939	32784940	37	22	4	2	2	1	NA	NA	NA	unphased	1.72702943800178	0.863514719000892	2
5	35875725	35875726	11	11	4	2	2	1	NA	NA	NA	unphased	2.31578947368421	1.15789473684211	2
5	36257163	36257164	23	15	4	2	2	1	NA	NA	NA	unphased	1.82825484764543	0.914127423822715	2
5	40979940	40979941	16	11	4	2	2	1	NA	NA	NA	unphased	1.8869395711501	0.943469785575049	2
5	43381981	43381982	96	50	4	2	2	1	NA	NA	NA	unphased	1.58615717375631	0.793078586878154	2
5	43388479	43388480	21	17	4	2	2	1	NA	NA	NA	unphased	2.07202216066482	1.03601108033241	2
5	45262442	45262443	17	18	4	2	2	1	NA	NA	NA	unphased	2.38195488721805	1.19097744360902	2
5	55252044	55252045	4	14	2	2	0	1	NA	NA	NA	unphased	2.04678362573099	1.0233918128655	2
5	76028810	76028811	10	31	2	2	0	1	NA	NA	NA	unphased	1.98973042362003	0.994865211810013	2
5	76251617	76251618	8	21	2	2	0	1	NA	NA	NA	unphased	1.90562613430127	0.952813067150635	2
5	82786164	82786165	10	23	2	2	0	1	NA	NA	NA	unphased	1.8341307814992	0.917065390749601	2
5	90107047	90107048	2	7	2	2	0	1	NA	NA	NA	unphased	2.04678362573099	1.0233918128655	2
5	94992041	94992042	2	12	2	2	0	1	NA	NA	NA	unphased	2.25563909774436	1.12781954887218	2
5	108133937	108133938	5	19	2	2	0	1	NA	NA	NA	unphased	2.08333333333333	1.04166666666667	2
5	118969797	118969798	7	25	2	2	0	1	NA	NA	NA	unphased	2.05592105263158	1.02796052631579	2
5	121187973	121187974	8	17	2	2	0	1	NA	NA	NA	unphased	1.78947368421053	0.894736842105263	2
5	122881510	122881511	5	18	2	2	0	1	NA	NA	NA	unphased	2.05949656750572	1.02974828375286	2
5	127640703	127640704	3	13	2	2	0	1	NA	NA	NA	unphased	2.13815789473684	1.06907894736842	2
5	131973866	131973867	3	10	2	2	0	1	NA	NA	NA	unphased	2.02429149797571	1.01214574898785	2
5	132552941	132552942	7	22	2	2	0	1	NA	NA	NA	unphased	1.99637023593466	0.998185117967332	2
5	137465149	137465150	0	15	2	2	0	1	NA	NA	NA	unphased	2.63157894736842	1.31578947368421	2
5	139218302	139218303	3	13	2	2	0	1	NA	NA	NA	unphased	2.13815789473684	1.06907894736842	2
5	140207852	140207853	13	49	2	2	0	1	NA	NA	NA	unphased	2.07979626485569	1.03989813242784	2
5	140209081	140209082	12	27	2	2	0	1	NA	NA	NA	unphased	1.82186234817814	0.910931174089069	2
5	140480989	140480990	9	30	2	2	0	1	NA	NA	NA	unphased	2.02429149797571	1.01214574898785	2
5	140554147	140554148	11	36	2	2	0	1	NA	NA	NA	unphased	2.01567749160134	1.00783874580067	2
5	140580952	140580953	11	29	2	2	0	1	NA	NA	NA	unphased	1.90789473684211	0.953947368421053	2
5	140581352	140581353	12	32	2	2	0	1	NA	NA	NA	unphased	1.91387559808612	0.956937799043062	2
5	140590837	140590838	6	17	2	2	0	1	NA	NA	NA	unphased	1.94508009153318	0.97254004576659	2
5	140594245	140594246	6	21	2	2	0	1	NA	NA	NA	unphased	2.04678362573099	1.0233918128655	2
5	140615974	140615975	9	35	2	2	0	1	NA	NA	NA	unphased	2.0933014354067	1.04665071770335	2
5	140736546	140736547	20	44	2	2	0	1	NA	NA	NA	unphased	1.80921052631579	0.904605263157895	2
5	140751906	140751907	8	14	2	2	0	1	NA	NA	NA	unphased	1.67464114832536	0.837320574162679	2
5	148754125	148754126	2	10	2	2	0	1	NA	NA	NA	unphased	2.19298245614035	1.09649122807018	2
5	149460555	149460556	3	6	2	2	0	1	NA	NA	NA	unphased	1.75438596491228	1.75438596491228	1
5	149747462	149747463	3	10	2	2	0	1	NA	NA	NA	unphased	2.02429149797571	1.01214574898785	2
5	150920178	150920179	1	16	2	2	0	1	NA	NA	NA	unphased	2.47678018575851	1.23839009287926	2
5	156482481	156482482	2	26	2	2	0	1	NA	NA	NA	unphased	2.44360902255639	1.2218045112782	2
5	156589872	156589873	15	59	2	2	0	1	NA	NA	NA	unphased	2.09815078236131	1.04907539118065	2
5	156899632	156899633	13	29	2	2	0	1	NA	NA	NA	unphased	1.81704260651629	0.908521303258145	2
5	161119117	161119118	6	16	2	2	0	1	NA	NA	NA	unphased	1.91387559808612	0.956937799043062	2
5	167653200	167653201	2	10	2	2	0	1	NA	NA	NA	unphased	2.19298245614035	1.09649122807018	2
5	169267784	169267785	4	7	2	2	0	1	NA	NA	NA	unphased	1.67464114832536	1.67464114832536	1
5	172745122	172745123	9	13	2	2	0	1	NA	NA	NA	unphased	1.55502392344498	0.777511961722488	2
5	172745123	172745124	9	14	2	2	0	1	NA	NA	NA	unphased	1.60183066361556	0.80091533180778	2
5	175992345	175992346	3	10	2	2	0	1	NA	NA	NA	unphased	2.02429149797571	1.01214574898785	2
5	176812847	176812848	5	12	2	2	0	1	NA	NA	NA	unphased	1.85758513931889	0.928792569659443	2
6	4125572	4125573	5	33	3	3	0	1	NA	NA	NA	unphased	3.15373961218837	1.05124653739612	3
6	5369008	5369009	5	21	3	3	0	1	NA	NA	NA	unphased	2.9331983805668	0.977732793522267	3
6	6649875	6649876	8	15	3	3	0	1	NA	NA	NA	unphased	2.36842105263158	1.18421052631579	2
6	7572225	7572226	4	28	3	3	0	1	NA	NA	NA	unphased	3.17763157894737	1.05921052631579	3
6	16143359	16143360	6	34	3	3	0	1	NA	NA	NA	unphased	3.08684210526316	1.02894736842105	3
6	25773794	25773795	2	16	3	3	0	1	NA	NA	NA	unphased	3.2280701754386	1.07602339181287	3
6	26240974	26240975	2	16	3	3	0	1	NA	NA	NA	unphased	3.2280701754386	1.07602339181287	3
6	26413454	26413455	20	70	3	3	0	1	NA	NA	NA	unphased	2.82456140350877	0.941520467836257	3
6	35260750	35260751	15	63	3	3	0	1	NA	NA	NA	unphased	2.9331983805668	0.977732793522267	3
6	39271867	39271868	4	21	3	3	0	1	NA	NA	NA	unphased	3.05052631578947	1.01684210526316	3
6	41058043	41058044	4	24	3	3	0	1	NA	NA	NA	unphased	3.11278195488722	1.03759398496241	3
6	42883860	42883861	7	20	3	3	0	1	NA	NA	NA	unphased	2.69005847953216	0.896686159844055	3
6	42934079	42934080	2	15	3	3	0	1	NA	NA	NA	unphased	3.20433436532508	1.06811145510836	3
6	51503727	51503728	99	44	1.36	3	2	0.09	1	0	0.91	unphased	0.612793522267206	0.612793522267206	1
6	51890205	51890206	35	15	1.36	3	2	0.09	1	0	0.91	unphased	0.597473684210526	0.597473684210526	1
6	53989471	53989472	51	62	1.36	3	2	0.09	1	0	0.91	unphased	1.09272473218444	1.09272473218444	1
6	57012916	57012917	36	15	1.36	3	2	0.09	1	0	0.91	unphased	0.585758513931888	0.585758513931888	1
6	64394325	64394326	74	21	1.36	3	2	0.09	1	0	0.91	unphased	0.440243767313019	0.440243767313019	1
6	69943232	69943233	47	49	1.36	3	2	0.09	1	0	0.91	unphased	1.0165350877193	1.0165350877193	1
6	70064219	70064220	5	31	3	3	0	1	NA	NA	NA	unphased	3.12719298245614	1.04239766081871	3
6	72889553	72889554	3	14	3	3	0	1	NA	NA	NA	unphased	2.99071207430341	0.996904024767802	3
6	74079000	74079001	6	15	3	3	0	1	NA	NA	NA	unphased	2.59398496240602	0.864661654135338	3
6	74229076	74229077	51	3	3	3	0	1	NA	NA	NA	unphased	0.201754385964912	0.201754385964912	1
6	75811367	75811368	2	21	3	3	0	1	NA	NA	NA	unphased	3.31578947368421	1.10526315789474	3
6	75847208	75847209	3	10	3	3	0	1	NA	NA	NA	unphased	2.79352226720648	0.931174089068826	3
6	76023480	76023481	22	92	3	3	0	1	NA	NA	NA	unphased	2.93074792243767	0.976915974145891	3
6	110778139	110778140	6	34	3	3	0	1	NA	NA	NA	unphased	3.08684210526316	1.02894736842105	3
6	112480077	112480078	3	14	3	3	0	1	NA	NA	NA	unphased	2.99071207430341	0.996904024767802	3
6	117121857	117121858	10	42	3	3	0	1	NA	NA	NA	unphased	2.9331983805668	0.977732793522267	3
6	122744004	122744005	8	22	3	3	0	1	NA	NA	NA	unphased	2.66315789473684	0.887719298245614	3
6	132891990	132891991	10	89	3	3	0	1	NA	NA	NA	unphased	3.26475279106858	1.08825093035619	3
6	133833916	133833917	14	49	3	3	0	1	NA	NA	NA	unphased	2.82456140350877	0.941520467836257	3
6	133844273	133844274	7	42	3	3	0	1	NA	NA	NA	unphased	3.11278195488722	1.03759398496241	3
6	137814588	137814589	2	9	3	3	0	1	NA	NA	NA	unphased	2.97129186602871	0.990430622009569	3
6	139498102	139498103	5	11	3	3	0	1	NA	NA	NA	unphased	2.49671052631579	0.832236842105263	3
6	146351268	146351269	5	33	3	3	0	1	NA	NA	NA	unphased	3.15373961218837	1.05124653739612	3
6	146351269	146351270	5	33	3	3	0	1	NA	NA	NA	unphased	3.15373961218837	1.05124653739612	3
6	152265378	152265379	5	45	3	3	0	1	NA	NA	NA	unphased	3.26842105263158	1.08947368421053	3
6	158349649	158349650	4	9	3	3	0	1	NA	NA	NA	unphased	2.51417004048583	0.838056680161943	3
6	159687131	159687132	4	17	3	3	0	1	NA	NA	NA	unphased	2.93984962406015	0.979949874686717	3
6	165712973	165712974	4	14	3	3	0	1	NA	NA	NA	unphased	2.82456140350877	0.941520467836257	3
6	167754961	167754962	7	38	3	3	0	1	NA	NA	NA	unphased	3.06666666666667	1.02222222222222	3
6	169648860	169648861	8	31	3	3	0	1	NA	NA	NA	unphased	2.88663967611336	0.96221322537112	3
7	891584	891585	34	22	4	2	2	1	NA	NA	NA	unphased	1.81954887218045	0.909774436090225	2
7	2583438	2583439	46	27	4	2	2	1	NA	NA	NA	unphased	1.71304974765681	0.856524873828407	2
7	5568882	5568883	33	27	4	2	2	1	NA	NA	NA	unphased	2.08421052631579	1.04210526315789	2
7	15599807	15599808	47	37	4	2	2	1	NA	NA	NA	unphased	2.04010025062657	1.02005012531328	2
7	15666475	15666476	34	11	4	2	2	1	NA	NA	NA	unphased	1.13216374269006	1.13216374269006	1
7	23737894	23737895	30	30	4	2	2	1	NA	NA	NA	unphased	2.31578947368421	1.15789473684211	2
7	31683158	31683159	40	25	4	2	2	1	NA	NA	NA	unphased	1.78137651821862	0.890688259109312	2
7	31917650	31917651	21	10	4	2	2	1	NA	NA	NA	unphased	1.49405772495756	1.49405772495756	1
7	34118553	34118554	38	33	4	2	2	1	NA	NA	NA	unphased	2.1527057079318	1.0763528539659	2
7	36655996	36655997	18	11	4	2	2	1	NA	NA	NA	unphased	1.7568058076225	0.878402903811252	2
7	37382249	37382250	95	42	4	2	2	1	NA	NA	NA	unphased	1.41990011525163	0.709950057625816	2
7	37780647	37780648	67	38	4	2	2	1	NA	NA	NA	unphased	1.67619047619048	0.838095238095238	2
7	38282071	38282072	88	52	4	2	2	1	NA	NA	NA	unphased	1.7203007518797	0.86015037593985	2
7	44192930	44192931	34	41	4	2	2	1	NA	NA	NA	unphased	2.5319298245614	1.2659649122807	2
7	48522713	48522714	8	8	4	2	2	1	NA	NA	NA	unphased	2.31578947368421	1.15789473684211	2
7	55902134	55902135	8	12	4	2	2	1	NA	NA	NA	unphased	2.77894736842105	1.38947368421053	2
7	57188162	57188163	22	15	4	2	2	1	NA	NA	NA	unphased	1.87766714082504	0.938833570412518	2
7	57193726	57193727	42	34	4	2	2	1	NA	NA	NA	unphased	2.07202216066482	1.03601108033241	2
7	57522809	57522810	59	35	4	2	2	1	NA	NA	NA	unphased	1.72452407614782	0.862262038073908	2
7	69364472	69364473	52	21	2.3	4	2	0.26	1	0	0.74	unphased	0.843330930064888	0.843330930064888	1
7	70246711	70246712	75	31	2.3	4	2	0.26	1	0	0.74	unphased	0.857348560079444	0.857348560079444	1
7	72159679	72159680	45	11	2.3	4	2	0.26	1	0	0.74	unphased	0.575845864661654	0.575845864661654	1
7	72658434	72658435	48	21	2.3	4	2	0.26	1	0	0.74	unphased	0.892219679633867	0.892219679633867	1
7	72745758	72745759	74	12	2.3	4	2	0.26	1	0	0.74	unphased	0.40905752753978	1.57329818284531	0.26
7	72754747	72754748	32	17	2.3	4	2	0.26	1	0	0.74	unphased	1.01707841031149	1.01707841031149	1
7	81355308	81355309	48	22	2.3	4	2	0.26	1	0	0.74	unphased	0.921353383458646	0.921353383458646	1
7	82387927	82387928	169	55	2.3	4	2	0.26	1	0	0.74	unphased	0.719807330827067	0.719807330827067	1
7	82580281	82580282	48	19	2.3	4	2	0.26	1	0	0.74	unphased	0.831343283582089	0.831343283582089	1
7	86394874	86394875	47	14	2.3	4	2	0.26	1	0	0.74	unphased	0.672821397756687	0.672821397756687	1
7	87069681	87069682	18	16	2.3	4	2	0.26	1	0	0.74	unphased	1.37956656346749	1.37956656346749	1
7	87838652	87838653	31	34	2.3	4	2	0.26	1	0	0.74	unphased	1.53344129554656	1.00884295759642	1.52
7	88965011	88965012	72	42	2.3	4	2	0.26	1	0	0.74	unphased	1.08005540166205	1.08005540166205	1
7	92821665	92821666	94	38	2.3	4	2	0.26	1	0	0.74	unphased	0.843939393939394	0.843939393939394	1
7	94059591	94059592	42	53	2.3	4	2	0.26	1	0	0.74	unphased	1.63551246537396	1.07599504300918	1.52
7	95157648	95157649	30	14	2.3	4	2	0.26	1	0	0.74	unphased	0.932775119617225	0.932775119617225	1
7	96651668	96651669	56	22	2.3	4	2	0.26	1	0	0.74	unphased	0.826855600539811	0.826855600539811	1
7	98564762	98564763	97	42	2.3	4	2	0.26	1	0	0.74	unphased	0.885800833017796	0.885800833017796	1
7	98586463	98586464	40	13	2.3	4	2	0.26	1	0	0.74	unphased	0.719066534260179	0.719066534260179	1
7	100028155	100028156	72	13	2.3	4	2	0.26	1	0	0.74	unphased	0.448359133126935	0.448359133126935	1
7	100355872	100355873	21	8	2.3	4	2	0.26	1	0	0.74	unphased	0.808711433756806	0.808711433756806	1
7	100355874	100355875	21	8	2.3	4	2	0.26	1	0	0.74	unphased	0.808711433756806	0.808711433756806	1
7	100355876	100355877	13	18	2.3	4	2	0.26	1	0	0.74	unphased	1.70220713073005	0.956296140859579	1.78
7	100421848	100421849	61	87	2.3	4	2	0.26	1	0	0.74	unphased	1.72329302987198	0.96814215161347	1.78
7	100459381	100459382	95	34	2.3	4	2	0.26	1	0	0.74	unphased	0.77266421868625	0.77266421868625	1
7	100459382	100459383	94	33	2.3	4	2	0.26	1	0	0.74	unphased	0.761748860339826	0.761748860339826	1
7	100552601	100552602	223	30	2.3	4	2	0.26	1	0	0.74	unphased	0.347618057000208	1.33699252692388	0.26
7	100678237	100678238	474	293	2.3	4	2	0.26	1	0	0.74	unphased	1.11988609071571	0.888798484695005	1.26
7	100678937	100678938	429	133	2.3	4	2	0.26	1	0	0.74	unphased	0.693772241992882	0.693772241992882	1
7	100687099	100687100	21	25	2.3	4	2	0.26	1	0	0.74	unphased	1.59324942791762	1.0481904131037	1.52
7	102760609	102760610	74	31	2.3	4	2	0.26	1	0	0.74	unphased	0.865513784461153	0.865513784461153	1
7	103155723	103155724	32	12	2.3	4	2	0.26	1	0	0.74	unphased	0.799521531100478	0.799521531100478	1
7	103193921	103193922	33	8	2.3	4	2	0.26	1	0	0.74	unphased	0.57201540436457	0.57201540436457	1
7	103202351	103202352	18	9	2.3	4	2	0.26	1	0	0.74	unphased	0.97719298245614	0.97719298245614	1
7	103275893	103275894	23	43	2.3	4	2	0.26	1	0	0.74	unphased	1.90996810207336	1.07301578768167	1.78
7	103473999	103474000	52	16	2.3	4	2	0.26	1	0	0.74	unphased	0.689783281733746	0.689783281733746	1
7	103969334	103969335	30	11	2.3	4	2	0.26	1	0	0.74	unphased	0.786521181001284	0.786521181001284	1
7	103969336	103969337	32	9	2.3	4	2	0.26	1	0	0.74	unphased	0.643517329910141	0.643517329910141	1
7	105603697	105603698	56	20	2.3	4	2	0.26	1	0	0.74	unphased	0.771468144044321	0.771468144044321	1
7	107704241	107704242	112	40	2.3	4	2	0.26	1	0	0.74	unphased	0.771468144044321	0.771468144044321	1
7	107872865	107872866	90	39	2.3	4	2	0.26	1	0	0.74	unphased	0.886291309669523	0.886291309669523	1
7	111509683	111509684	55	17	2.3	4	2	0.26	1	0	0.74	unphased	0.692178362573099	0.692178362573099	1
7	111926926	111926927	13	5	2.3	4	2	0.26	1	0	0.74	unphased	0.814327485380117	0.814327485380117	1
7	112407275	112407276	42	11	2.3	4	2	0.26	1	0	0.74	unphased	0.608440913604767	0.608440913604767	1
7	112462098	112462099	20	38	2.3	4	2	0.26	1	0	0.74	unphased	1.92068965517241	1.07903913211933	1.78
7	113520170	113520171	40	16	2.3	4	2	0.26	1	0	0.74	unphased	0.837593984962406	0.837593984962406	1
7	113559066	113559067	33	9	2.3	4	2	0.26	1	0	0.74	unphased	0.628195488721804	0.628195488721804	1
7	115890434	115890435	55	25	2.3	4	2	0.26	1	0	0.74	unphased	0.916118421052631	0.916118421052631	1
7	119915316	119915317	49	17	2.3	4	2	0.26	1	0	0.74	unphased	0.755103668261563	0.755103668261563	1
7	123334895	123334896	88	120	2.35	4	2	0.27	1	0	0.73	unphased	1.72014170040486	0.950354530610419	1.81
7	123388755	123388756	11	9	2.35	4	2	0.27	1	0	0.73	unphased	1.34171052631579	1.34171052631579	1
7	123516863	123516864	52	15	2.35	4	2	0.27	1	0	0.73	unphased	0.667517674783975	0.667517674783975	1
7	126173615	126173616	44	19	2.35	4	2	0.27	1	0	0.73	unphased	0.899206349206349	0.899206349206349	1
7	127338951	127338952	23	20	4	4	0	1	NA	NA	NA	unphased	2.15422276621787	1.07711138310894	2
7	128494599	128494600	7	4	4	4	0	1	NA	NA	NA	unphased	1.68421052631579	1.68421052631579	1
7	128494600	128494601	7	4	4	4	0	1	NA	NA	NA	unphased	1.68421052631579	1.68421052631579	1
7	129093096	129093097	37	36	4	4	0	1	NA	NA	NA	unphased	2.28406633020908	1.14203316510454	2
7	129765755	129765756	10	11	4	4	0	1	NA	NA	NA	unphased	2.42606516290727	0.808688387635756	3
7	130353885	130353886	110	91	4	4	0	1	NA	NA	NA	unphased	2.09688400104739	1.0484420005237	2
7	132709315	132709316	79	53	4	4	0	1	NA	NA	NA	unphased	1.85964912280702	0.929824561403509	2
7	132959879	132959880	21	22	4	4	0	1	NA	NA	NA	unphased	2.36964504283966	1.18482252141983	2
7	140110822	140110823	70	52	4	4	0	1	NA	NA	NA	unphased	1.97411561691113	0.987057808455565	2
7	141478656	141478657	63	45	4	4	0	1	NA	NA	NA	unphased	1.92982456140351	0.964912280701754	2
7	141719005	141719006	13	109	4	4	0	1	NA	NA	NA	unphased	4.13805004314064	1.03451251078516	4
7	142562420	142562421	37	16	4	4	0	1	NA	NA	NA	unphased	1.39821251241311	1.39821251241311	1
7	142574920	142574921	23	23	4	4	0	1	NA	NA	NA	unphased	2.31578947368421	1.15789473684211	2
7	143056080	143056081	5	14	4	4	0	1	NA	NA	NA	unphased	3.41274238227147	1.13758079409049	3
7	143175249	143175250	37	31	4	4	0	1	NA	NA	NA	unphased	2.11145510835913	1.05572755417957	2
7	144096937	144096938	5	8	4	4	0	1	NA	NA	NA	unphased	2.8502024291498	0.950067476383266	3
7	144098524	144098525	10	11	4	4	0	1	NA	NA	NA	unphased	2.42606516290727	0.808688387635756	3
7	146536875	146536876	30	25	4	4	0	1	NA	NA	NA	unphased	2.10526315789474	1.05263157894737	2
7	148769332	148769333	1	11	4	4	0	1	NA	NA	NA	unphased	4.24561403508772	1.06140350877193	4
7	149559329	149559330	24	12	4	4	0	1	NA	NA	NA	unphased	1.54385964912281	1.54385964912281	1
7	150267056	150267057	28	24	4	4	0	1	NA	NA	NA	unphased	2.13765182186235	1.06882591093117	2
7	150269498	150269499	5	41	4	4	0	1	NA	NA	NA	unphased	4.12814645308924	1.03203661327231	4
7	150643994	150643995	9	55	4	4	0	1	NA	NA	NA	unphased	3.98026315789474	0.995065789473684	4
7	150647242	150647243	21	21	4	4	0	1	NA	NA	NA	unphased	2.31578947368421	1.15789473684211	2
7	150815700	150815701	43	32	4	4	0	1	NA	NA	NA	unphased	1.97614035087719	0.988070175438597	2
8	1842737	1842738	1	11	2	2	0	1	NA	NA	NA	unphased	2.41228070175439	1.20614035087719	2
8	2017573	2017574	63	37	2	2	0	1	NA	NA	NA	unphased	0.973684210526316	0.973684210526316	1
8	10555223	10555224	23	24	1	1	0	1	NA	NA	NA	unphased	0.833146696528555	0.833146696528555	1
8	10555224	10555225	21	24	1	1	0	1	NA	NA	NA	unphased	0.870175438596491	0.870175438596491	1
8	10623064	10623065	8	6	1	1	0	1	NA	NA	NA	unphased	0.699248120300752	0.699248120300752	1
8	27528513	27528514	6	7	1	1	0	1	NA	NA	NA	unphased	0.878542510121457	0.878542510121457	1
8	39695666	39695667	120	7	7	7	0	1	NA	NA	NA	unphased	0.420638209697472	0.420638209697472	1
8	41387777	41387778	32	26	6	6	0	1	NA	NA	NA	unphased	2.97277676950998	0.990925589836661	3
8	52232461	52232462	3	14	4	3	1	1	NA	NA	NA	unphased	3.81424148606811	1.27141382868937	3
8	52232504	52232505	5	11	4	3	1	1	NA	NA	NA	unphased	3.18421052631579	1.06140350877193	3
8	52287225	52287226	10	30	4	3	1	1	NA	NA	NA	unphased	3.47368421052632	1.15789473684211	3
8	52412258	52412259	71	29	4	3	1	1	NA	NA	NA	unphased	1.34315789473684	0.671578947368421	2
8	57354421	57354422	9	43	3	3	0	1	NA	NA	NA	unphased	3.00303643724696	1.00101214574899	3
8	57358533	57358534	4	5	3	3	0	1	NA	NA	NA	unphased	2.01754385964912	2.01754385964912	1
8	62289230	62289231	7	32	3	3	0	1	NA	NA	NA	unphased	2.97975708502024	0.993252361673414	3
8	69020435	69020436	4	20	3	3	0	1	NA	NA	NA	unphased	3.02631578947368	1.00877192982456	3
8	71581314	71581315	4	12	3	3	0	1	NA	NA	NA	unphased	2.72368421052632	0.907894736842105	3
8	87081747	87081748	6	14	4	3	1	1	NA	NA	NA	unphased	3.24210526315789	1.08070175438596	3
8	87570584	87570585	58	17	4	3	1	1	NA	NA	NA	unphased	1.04982456140351	1.04982456140351	1
8	93023227	93023228	47	14	4	3	1	1	NA	NA	NA	unphased	1.06298533218292	1.06298533218292	1
8	93029638	93029639	18	14	4	3	1	1	NA	NA	NA	unphased	2.02631578947368	1.01315789473684	2
8	93074839	93074840	53	18	4	3	1	1	NA	NA	NA	unphased	1.17420311341735	1.17420311341735	1
8	95158219	95158220	22	30	4	3	1	1	NA	NA	NA	unphased	2.67206477732793	0.890688259109312	3
8	97256191	97256192	29	59	4	3	1	1	NA	NA	NA	unphased	3.10526315789474	1.03508771929825	3
8	101586065	101586066	4	22	4	3	1	1	NA	NA	NA	unphased	3.91902834008097	1.30634278002699	3
8	102656452	102656453	3	9	4	3	1	1	NA	NA	NA	unphased	3.47368421052632	1.15789473684211	3
8	103293655	103293656	51	14	4	3	1	1	NA	NA	NA	unphased	0.997570850202429	0.997570850202429	1
8	104053094	104053095	11	21	4	3	1	1	NA	NA	NA	unphased	3.03947368421053	1.01315789473684	3
8	110131616	110131617	30	42	4	3	1	1	NA	NA	NA	unphased	2.70175438596491	0.900584795321638	3
8	113241119	113241120	2	12	4	3	1	1	NA	NA	NA	unphased	3.96992481203007	1.32330827067669	3
8	113253975	113253976	37	44	4	3	1	1	NA	NA	NA	unphased	2.51591942820013	0.838639809400043	3
8	113347614	113347615	13	13	4	3	1	1	NA	NA	NA	unphased	2.31578947368421	1.15789473684211	2
8	113418916	113418917	34	8	4	3	1	1	NA	NA	NA	unphased	0.882205513784461	0.882205513784461	1
8	113697934	113697935	47	16	4	3	1	1	NA	NA	NA	unphased	1.17627401837928	1.17627401837928	1
8	114185949	114185950	13	36	4	3	1	1	NA	NA	NA	unphased	3.40279269602578	1.13426423200859	3
8	117950632	117950633	8	14	4	3	1	1	NA	NA	NA	unphased	2.94736842105263	0.982456140350877	3
8	118147572	118147573	130	23	4	3	1	1	NA	NA	NA	unphased	0.69625042999656	0.69625042999656	1
8	120114613	120114614	10	15	4	3	1	1	NA	NA	NA	unphased	2.77894736842105	0.926315789473684	3
8	125072821	125072822	16	33	4	3	1	1	NA	NA	NA	unphased	3.11922663802363	1.03974221267454	3
8	134225299	134225300	12	29	4	3	1	1	NA	NA	NA	unphased	3.27599486521181	1.09199828840394	3
8	139629170	139629171	49	7	4	3	1	1	NA	NA	NA	unphased	0.578947368421053	0.578947368421053	1
8	142458054	142458055	7	14	4	3	1	1	NA	NA	NA	unphased	3.08771929824561	1.02923976608187	3
8	143956653	143956654	21	6	4	3	1	1	NA	NA	NA	unphased	1.02923976608187	1.02923976608187	1
9	2717904	2717905	27	18	4	2	2	1	NA	NA	NA	unphased	1.85263157894737	0.926315789473684	2
9	6556224	6556225	26	15	4	2	2	1	NA	NA	NA	unphased	1.69448010269576	0.847240051347882	2
9	8319964	8319965	17	13	4	2	2	1	NA	NA	NA	unphased	2.00701754385965	1.00350877192982	2
9	8507429	8507430	35	29	4	2	2	1	NA	NA	NA	unphased	2.09868421052632	1.04934210526316	2
9	8528596	8528597	43	20	4	2	2	1	NA	NA	NA	unphased	1.4703425229741	0.735171261487051	2
9	19126233	19126234	42	19	4	2	2	1	NA	NA	NA	unphased	1.44262295081967	0.721311475409836	2
9	19126234	19126235	44	19	4	2	2	1	NA	NA	NA	unphased	1.3968253968254	1.3968253968254	1
9	21480969	21480970	13	7	4	2	2	1	NA	NA	NA	unphased	1.62105263157895	1.62105263157895	1
9	26998034	26998035	56	30	4	2	2	1	NA	NA	NA	unphased	1.6156670746634	0.807833537331701	2
9	34397703	34397704	39	25	4	2	2	1	NA	NA	NA	unphased	1.80921052631579	0.904605263157895	2
9	34397704	34397705	37	25	4	2	2	1	NA	NA	NA	unphased	1.86757215619694	0.933786078098472	2
9	34402708	34402709	40	22	4	2	2	1	NA	NA	NA	unphased	1.64346349745331	0.821731748726655	2
9	65508167	65508168	99	54	NA	NA	NA	NA	NA	NA	NA	unphased	NA	NA	1
9	71144536	71144537	5	6	2	2	0	1	NA	NA	NA	unphased	1.43540669856459	1.43540669856459	1
9	74838108	74838109	4	38	2	2	0	1	NA	NA	NA	unphased	2.38095238095238	1.19047619047619	2
9	79325652	79325653	2	6	2	2	0	1	NA	NA	NA	unphased	1.97368421052632	0.986842105263158	2
9	84603852	84603853	8	25	2	2	0	1	NA	NA	NA	unphased	1.99362041467305	0.996810207336523	2
9	84607298	84607299	10	23	2	2	0	1	NA	NA	NA	unphased	1.8341307814992	0.917065390749601	2
9	88635850	88635851	8	12	2	2	0	1	NA	NA	NA	unphased	1.57894736842105	0.789473684210526	2
9	95482727	95482728	4	22	2	2	0	1	NA	NA	NA	unphased	2.22672064777328	1.11336032388664	2
9	96024315	96024316	3	5	2	2	0	1	NA	NA	NA	unphased	1.64473684210526	1.64473684210526	1
9	96429476	96429477	2	10	2	2	0	1	NA	NA	NA	unphased	2.19298245614035	1.09649122807018	2
9	103111483	103111484	16	12	4	2	2	1	NA	NA	NA	unphased	1.98496240601504	0.992481203007519	2
9	104133566	104133567	42	10	4	2	2	1	NA	NA	NA	unphased	0.890688259109312	0.890688259109312	1
9	104317069	104317070	13	9	4	2	2	1	NA	NA	NA	unphased	1.89473684210526	0.947368421052632	2
9	107331521	107331522	62	53	4	2	2	1	NA	NA	NA	unphased	2.13455377574371	1.06727688787185	2
9	107574975	107574976	60	37	4	2	2	1	NA	NA	NA	unphased	1.76668475311991	0.883342376559957	2
9	110249773	110249774	9	6	4	2	2	1	NA	NA	NA	unphased	1.85263157894737	1.85263157894737	1
9	113205782	113205783	4	10	4	2	2	1	NA	NA	NA	unphased	3.30827067669173	1.65413533834586	2
9	114820803	114820804	46	38	4	2	2	1	NA	NA	NA	unphased	2.0952380952381	1.04761904761905	2
9	115805810	115805811	33	32	4	2	2	1	NA	NA	NA	unphased	2.28016194331984	1.14008097165992	2
9	117028853	117028854	29	18	4	2	2	1	NA	NA	NA	unphased	1.77379619260918	0.886898096304591	2
9	118164402	118164403	30	13	4	2	2	1	NA	NA	NA	unphased	1.40024479804162	1.40024479804162	1
9	118969866	118969867	32	15	4	2	2	1	NA	NA	NA	unphased	1.47816349384099	1.47816349384099	1
9	119738980	119738981	24	19	4	2	2	1	NA	NA	NA	unphased	2.04651162790698	1.02325581395349	2
9	125075535	125075536	12	11	4	2	2	1	NA	NA	NA	unphased	2.21510297482838	1.10755148741419	2
9	125154552	125154553	56	34	4	2	2	1	NA	NA	NA	unphased	1.74970760233918	0.874853801169591	2
9	126133228	126133229	34	19	4	2	2	1	NA	NA	NA	unphased	1.66037735849057	0.830188679245283	2
9	131262529	131262530	52	22	4	2	2	1	NA	NA	NA	unphased	1.37695590327169	1.37695590327169	1
9	133932506	133932507	29	24	4	2	2	1	NA	NA	NA	unphased	2.09731876861966	1.04865938430983	2
9	133942387	133942388	27	20	4	2	2	1	NA	NA	NA	unphased	1.97088465845465	0.985442329227324	2
9	136083519	136083520	13	10	4	2	2	1	NA	NA	NA	unphased	2.0137299771167	1.00686498855835	2
9	136915620	136915621	44	36	4	2	2	1	NA	NA	NA	unphased	2.08421052631579	1.04210526315789	2
9	138656921	138656922	23	13	4	2	2	1	NA	NA	NA	unphased	1.67251461988304	0.83625730994152	2
9	139100582	139100583	16	19	4	2	2	1	NA	NA	NA	unphased	2.51428571428571	1.25714285714286	2
9	139233110	139233111	6	7	4	2	2	1	NA	NA	NA	unphased	2.49392712550607	1.24696356275304	2
9	139990737	139990738	21	13	4	2	2	1	NA	NA	NA	unphased	1.77089783281734	0.885448916408669	2
9	140062155	140062156	6	9	4	2	2	1	NA	NA	NA	unphased	2.77894736842105	1.38947368421053	2
9	141016022	141016023	8	10	NA	NA	NA	NA	NA	NA	NA	unphased	NA	NA	1
X	2184952	2184953	19	65	NA	NA	NA	NA	NA	NA	NA	unphased	NA	NA	1
X	2772126	2772127	2	10	NA	NA	NA	NA	NA	NA	NA	unphased	NA	NA	1
X	3240312	3240313	6	31	NA	NA	NA	NA	NA	NA	NA	unphased	NA	NA	1
X	8768212	8768213	0	9	NA	NA	NA	NA	NA	NA	NA	unphased	NA	NA	1
X	14625389	14625390	10	19	NA	NA	NA	NA	NA	NA	NA	unphased	NA	NA	1
X	21627340	21627341	9	53	NA	NA	NA	NA	NA	NA	NA	unphased	NA	NA	1
X	32827655	32827656	5	17	NA	NA	NA	NA	NA	NA	NA	unphased	NA	NA	1
X	32834668	32834669	14	37	NA	NA	NA	NA	NA	NA	NA	unphased	NA	NA	1
X	34150257	34150258	8	29	NA	NA	NA	NA	NA	NA	NA	unphased	NA	NA	1
X	38031231	38031232	1	19	NA	NA	NA	NA	NA	NA	NA	unphased	NA	NA	1
X	41586806	41586807	6	29	NA	NA	NA	NA	NA	NA	NA	unphased	NA	NA	1
X	47466568	47466569	5	7	NA	NA	NA	NA	NA	NA	NA	unphased	NA	NA	1
X	47920237	47920238	3	10	NA	NA	NA	NA	NA	NA	NA	unphased	NA	NA	1
X	49955700	49955701	13	43	NA	NA	NA	NA	NA	NA	NA	unphased	NA	NA	1
X	54777567	54777568	3	6	NA	NA	NA	NA	NA	NA	NA	unphased	NA	NA	1
X	54838684	54838685	4	11	NA	NA	NA	NA	NA	NA	NA	unphased	NA	NA	1
X	54954191	54954192	3	14	NA	NA	NA	NA	NA	NA	NA	unphased	NA	NA	1
X	55513781	55513782	4	14	NA	NA	NA	NA	NA	NA	NA	unphased	NA	NA	1
X	63412927	63412928	5	29	NA	NA	NA	NA	NA	NA	NA	unphased	NA	NA	1
X	65411973	65411974	7	19	NA	NA	NA	NA	NA	NA	NA	unphased	NA	NA	1
X	65414992	65414993	5	18	NA	NA	NA	NA	NA	NA	NA	unphased	NA	NA	1
X	65480039	65480040	2	32	NA	NA	NA	NA	NA	NA	NA	unphased	NA	NA	1
X	69282385	69282386	6	8	NA	NA	NA	NA	NA	NA	NA	unphased	NA	NA	1
X	69501020	69501021	16	5	NA	NA	NA	NA	NA	NA	NA	unphased	NA	NA	1
X	70341557	70341558	28	35	NA	NA	NA	NA	NA	NA	NA	unphased	NA	NA	1
X	70352233	70352234	24	13	NA	NA	NA	NA	NA	NA	NA	unphased	NA	NA	1
X	70352314	70352315	9	9	NA	NA	NA	NA	NA	NA	NA	unphased	NA	NA	1
X	70517784	70517785	16	5	NA	NA	NA	NA	NA	NA	NA	unphased	NA	NA	1
X	70784508	70784509	19	32	NA	NA	NA	NA	NA	NA	NA	unphased	NA	NA	1
X	71360076	71360077	78	7	NA	NA	NA	NA	NA	NA	NA	unphased	NA	NA	1
X	72673479	72673480	13	20	NA	NA	NA	NA	NA	NA	NA	unphased	NA	NA	1
X	73811406	73811407	37	31	NA	NA	NA	NA	NA	NA	NA	unphased	NA	NA	1
X	73963342	73963343	40	58	NA	NA	NA	NA	NA	NA	NA	unphased	NA	NA	1
X	75003850	75003851	35	42	NA	NA	NA	NA	NA	NA	NA	unphased	NA	NA	1
X	75650313	75650314	14	17	NA	NA	NA	NA	NA	NA	NA	unphased	NA	NA	1
X	76938802	76938803	146	204	NA	NA	NA	NA	NA	NA	NA	unphased	NA	NA	1
X	77109423	77109424	61	83	NA	NA	NA	NA	NA	NA	NA	unphased	NA	NA	1
X	77267027	77267028	131	166	NA	NA	NA	NA	NA	NA	NA	unphased	NA	NA	1
X	77298189	77298190	95	150	NA	NA	NA	NA	NA	NA	NA	unphased	NA	NA	1
X	77387129	77387130	93	112	NA	NA	NA	NA	NA	NA	NA	unphased	NA	NA	1
X	77528598	77528599	9	20	NA	NA	NA	NA	NA	NA	NA	unphased	NA	NA	1
X	78427216	78427217	65	32	NA	NA	NA	NA	NA	NA	NA	unphased	NA	NA	1
X	78622628	78622629	10	6	NA	NA	NA	NA	NA	NA	NA	unphased	NA	NA	1
X	79286259	79286260	91	140	NA	NA	NA	NA	NA	NA	NA	unphased	NA	NA	1
X	79698119	79698120	30	10	NA	NA	NA	NA	NA	NA	NA	unphased	NA	NA	1
X	79952242	79952243	19	9	NA	NA	NA	NA	NA	NA	NA	unphased	NA	NA	1
X	79960190	79960191	23	36	NA	NA	NA	NA	NA	NA	NA	unphased	NA	NA	1
X	82763268	82763269	33	16	NA	NA	NA	NA	NA	NA	NA	unphased	NA	NA	1
X	83128431	83128432	29	11	NA	NA	NA	NA	NA	NA	NA	unphased	NA	NA	1
X	83371265	83371266	30	4	NA	NA	NA	NA	NA	NA	NA	unphased	NA	NA	1
X	83411146	83411147	31	11	NA	NA	NA	NA	NA	NA	NA	unphased	NA	NA	1
X	83723980	83723981	61	100	NA	NA	NA	NA	NA	NA	NA	unphased	NA	NA	1
X	84363298	84363299	57	81	NA	NA	NA	NA	NA	NA	NA	unphased	NA	NA	1
X	84510739	84510740	50	25	NA	NA	NA	NA	NA	NA	NA	unphased	NA	NA	1
X	86772992	86772993	101	36	NA	NA	NA	NA	NA	NA	NA	unphased	NA	NA	1
X	88008904	88008905	31	18	NA	NA	NA	NA	NA	NA	NA	unphased	NA	NA	1
X	89177275	89177276	36	50	NA	NA	NA	NA	NA	NA	NA	unphased	NA	NA	1
X	89177529	89177530	61	22	NA	NA	NA	NA	NA	NA	NA	unphased	NA	NA	1
X	91133694	91133695	74	45	NA	NA	NA	NA	NA	NA	NA	unphased	NA	NA	1
X	91133961	91133962	121	51	NA	NA	NA	NA	NA	NA	NA	unphased	NA	NA	1
X	91873432	91873433	100	40	NA	NA	NA	NA	NA	NA	NA	unphased	NA	NA	1
X	92964478	92964479	19	17	NA	NA	NA	NA	NA	NA	NA	unphased	NA	NA	1
X	96212928	96212929	19	18	NA	NA	NA	NA	NA	NA	NA	unphased	NA	NA	1
X	100911706	100911707	122	48	NA	NA	NA	NA	NA	NA	NA	unphased	NA	NA	1
X	101768984	101768985	200	71	NA	NA	NA	NA	NA	NA	NA	unphased	NA	NA	1
X	101857906	101857907	70	67	NA	NA	NA	NA	NA	NA	NA	unphased	NA	NA	1
X	101857942	101857943	55	60	NA	NA	NA	NA	NA	NA	NA	unphased	NA	NA	1
X	102968567	102968568	63	24	NA	NA	NA	NA	NA	NA	NA	unphased	NA	NA	1
X	102968922	102968923	7	8	NA	NA	NA	NA	NA	NA	NA	unphased	NA	NA	1
X	107402957	107402958	139	46	NA	NA	NA	NA	NA	NA	NA	unphased	NA	NA	1
X	107422546	107422547	60	21	NA	NA	NA	NA	NA	NA	NA	unphased	NA	NA	1
X	107909781	107909782	10	11	NA	NA	NA	NA	NA	NA	NA	unphased	NA	NA	1
X	115303525	115303526	58	30	NA	NA	NA	NA	NA	NA	NA	unphased	NA	NA	1
X	117959830	117959831	54	60	NA	NA	NA	NA	NA	NA	NA	unphased	NA	NA	1
X	118109534	118109535	6	16	NA	NA	NA	NA	NA	NA	NA	unphased	NA	NA	1
X	118221719	118221720	28	39	NA	NA	NA	NA	NA	NA	NA	unphased	NA	NA	1
X	118223079	118223080	28	57	NA	NA	NA	NA	NA	NA	NA	unphased	NA	NA	1
X	122551484	122551485	254	111	NA	NA	NA	NA	NA	NA	NA	unphased	NA	NA	1
X	122760511	122760512	38	20	NA	NA	NA	NA	NA	NA	NA	unphased	NA	NA	1
X	123041010	123041011	13	18	NA	NA	NA	NA	NA	NA	NA	unphased	NA	NA	1
X	123554362	123554363	44	20	NA	NA	NA	NA	NA	NA	NA	unphased	NA	NA	1
X	128624152	128624153	16	41	NA	NA	NA	NA	NA	NA	NA	unphased	NA	NA	1
X	128652415	128652416	19	28	NA	NA	NA	NA	NA	NA	NA	unphased	NA	NA	1
X	128657241	128657242	109	34	NA	NA	NA	NA	NA	NA	NA	unphased	NA	NA	1
X	128957771	128957772	82	80	NA	NA	NA	NA	NA	NA	NA	unphased	NA	NA	1
X	129055512	129055513	23	23	NA	NA	NA	NA	NA	NA	NA	unphased	NA	NA	1
X	129281787	129281788	78	102	NA	NA	NA	NA	NA	NA	NA	unphased	NA	NA	1
X	129506897	129506898	145	175	NA	NA	NA	NA	NA	NA	NA	unphased	NA	NA	1
X	131202554	131202555	72	39	NA	NA	NA	NA	NA	NA	NA	unphased	NA	NA	1
X	131212528	131212529	175	68	NA	NA	NA	NA	NA	NA	NA	unphased	NA	NA	1
X	131526361	131526362	21	16	NA	NA	NA	NA	NA	NA	NA	unphased	NA	NA	1
X	134993902	134993903	166	65	NA	NA	NA	NA	NA	NA	NA	unphased	NA	NA	1
X	135292118	135292119	175	74	NA	NA	NA	NA	NA	NA	NA	unphased	NA	NA	1
X	135322607	135322608	37	45	NA	NA	NA	NA	NA	NA	NA	unphased	NA	NA	1
X	135323318	135323319	36	32	NA	NA	NA	NA	NA	NA	NA	unphased	NA	NA	1
X	135431006	135431007	60	90	NA	NA	NA	NA	NA	NA	NA	unphased	NA	NA	1
X	135572418	135572419	31	47	NA	NA	NA	NA	NA	NA	NA	unphased	NA	NA	1
X	137715100	137715101	90	28	NA	NA	NA	NA	NA	NA	NA	unphased	NA	NA	1
X	137939742	137939743	121	57	NA	NA	NA	NA	NA	NA	NA	unphased	NA	NA	1
X	138679701	138679702	30	46	NA	NA	NA	NA	NA	NA	NA	unphased	NA	NA	1
X	138708384	138708385	37	50	NA	NA	NA	NA	NA	NA	NA	unphased	NA	NA	1
X	139038470	139038471	72	111	NA	NA	NA	NA	NA	NA	NA	unphased	NA	NA	1
X	140271182	140271183	19	13	NA	NA	NA	NA	NA	NA	NA	unphased	NA	NA	1
X	140985370	140985371	71	75	NA	NA	NA	NA	NA	NA	NA	unphased	NA	NA	1
X	142605141	142605142	152	12	NA	NA	NA	NA	NA	NA	NA	unphased	NA	NA	1
X	142967172	142967173	39	22	NA	NA	NA	NA	NA	NA	NA	unphased	NA	NA	1
X	144904213	144904214	65	31	NA	NA	NA	NA	NA	NA	NA	unphased	NA	NA	1
X	145078262	145078263	49	60	NA	NA	NA	NA	NA	NA	NA	unphased	NA	NA	1
X	147011490	147011491	20	34	NA	NA	NA	NA	NA	NA	NA	unphased	NA	NA	1
X	147026522	147026523	8	24	NA	NA	NA	NA	NA	NA	NA	unphased	NA	NA	1
X	147026523	147026524	7	24	NA	NA	NA	NA	NA	NA	NA	unphased	NA	NA	1
X	147743549	147743550	112	274	NA	NA	NA	NA	NA	NA	NA	unphased	NA	NA	1
X	148037571	148037572	65	139	NA	NA	NA	NA	NA	NA	NA	unphased	NA	NA	1
X	148038107	148038108	47	72	NA	NA	NA	NA	NA	NA	NA	unphased	NA	NA	1
X	148690347	148690348	243	69	NA	NA	NA	NA	NA	NA	NA	unphased	NA	NA	1
X	150345293	150345294	73	140	NA	NA	NA	NA	NA	NA	NA	unphased	NA	NA	1
X	150349444	150349445	216	521	NA	NA	NA	NA	NA	NA	NA	unphased	NA	NA	1
X	151092785	151092786	84	158	NA	NA	NA	NA	NA	NA	NA	unphased	NA	NA	1
X	152721041	152721042	30	44	NA	NA	NA	NA	NA	NA	NA	unphased	NA	NA	1
X	152815536	152815537	16	44	NA	NA	NA	NA	NA	NA	NA	unphased	NA	NA	1
X	152959709	152959710	78	146	NA	NA	NA	NA	NA	NA	NA	unphased	NA	NA	1
X	153001803	153001804	69	21	NA	NA	NA	NA	NA	NA	NA	unphased	NA	NA	1
X	153171970	153171971	75	169	NA	NA	NA	NA	NA	NA	NA	unphased	NA	NA	1
X	153176038	153176039	32	15	NA	NA	NA	NA	NA	NA	NA	unphased	NA	NA	1
X	153587459	153587460	123	191	NA	NA	NA	NA	NA	NA	NA	unphased	NA	NA	1
X	153590133	153590134	58	54	NA	NA	NA	NA	NA	NA	NA	unphased	NA	NA	1
X	153608665	153608666	39	87	NA	NA	NA	NA	NA	NA	NA	unphased	NA	NA	1
X	154158166	154158167	142	44	NA	NA	NA	NA	NA	NA	NA	unphased	NA	NA	1
X	154255174	154255175	3	9	NA	NA	NA	NA	NA	NA	NA	unphased	NA	NA	1
X	155004197	155004198	188	43	NA	NA	NA	NA	NA	NA	NA	unphased	NA	NA	1
