chr	start	end	WT.count	mut.count	subclonal.CN	nMaj1	nMin1	frac1	nMaj2	nMin2	frac2	phase	mutation.copy.number	subclonal.fraction	no.chrs.bearing.mut
1	17725307	17725308	30	70	1	1	0	1	NA	NA	NA	unphased	1.07215189873418	1.07215189873418	1
1	36939177	36939178	40	62	1	1	0	1	NA	NA	NA	unphased	0.931000248200546	0.931000248200546	1
1	44684761	44684762	39	64	1	1	0	1	NA	NA	NA	unphased	0.951702101511613	0.951702101511613	1
1	45101913	45101914	17	38	1	1	0	1	NA	NA	NA	unphased	1.05822784810127	1.05822784810127	1
1	54395740	54395741	72	6	1	1	0	1	NA	NA	NA	unphased	0.117818889970789	0.117818889970789	1
1	67161037	67161038	30	5	1	1	0	1	NA	NA	NA	unphased	0.21880650994575	0.21880650994575	1
1	71531383	71531384	125	11	1	1	0	1	NA	NA	NA	unphased	0.123883097542815	0.123883097542815	1
1	75038760	75038761	138	210	1	1	0	1	NA	NA	NA	unphased	0.924268878219118	0.924268878219118	1
1	77949014	77949015	29	36	1	1	0	1	NA	NA	NA	unphased	0.848296007789679	0.848296007789679	1
1	78383695	78383696	50	60	1	1	0	1	NA	NA	NA	unphased	0.835443037974683	0.835443037974683	1
1	84387049	84387050	26	27	1	1	0	1	NA	NA	NA	unphased	0.780272271315978	0.780272271315978	1
1	84412938	84412939	54	6	1	1	0	1	NA	NA	NA	unphased	0.153164556962025	0.153164556962025	1
1	92979158	92979159	54	86	1	1	0	1	NA	NA	NA	unphased	0.940867992766727	0.940867992766727	1
1	98015256	98015257	28	36	1	1	0	1	NA	NA	NA	unphased	0.861550632911392	0.861550632911392	1
1	100661893	100661894	36	57	1	1	0	1	NA	NA	NA	unphased	0.938750510412413	0.938750510412413	1
1	101387313	101387314	39	39	1	1	0	1	NA	NA	NA	unphased	0.765822784810126	0.765822784810126	1
1	104162229	104162230	63	41	1	1	0	1	NA	NA	NA	unphased	0.603821811100292	0.603821811100292	1
1	114397665	114397666	33	53	1	1	0	1	NA	NA	NA	unphased	0.943921106858993	0.943921106858993	1
1	115229398	115229399	35	50	1	1	0	1	NA	NA	NA	unphased	0.900967982129561	0.900967982129561	1
1	145417037	145417038	42	62	4	3	1	1	NA	NA	NA	unphased	2.70155793573515	0.900519311911717	3
1	145538010	145538011	424	736	4	3	1	1	NA	NA	NA	unphased	2.87525098210389	0.958416994034628	3
1	146747847	146747848	275	79	4	3	1	1	NA	NA	NA	unphased	1.01129943502825	1.01129943502825	1
1	149900908	149900909	70	19	4	3	1	1	NA	NA	NA	unphased	0.967429953064998	0.967429953064998	1
1	149904152	149904153	560	136	4	3	1	1	NA	NA	NA	unphased	0.88549396187982	0.88549396187982	1
1	151021144	151021145	838	215	4	3	1	1	NA	NA	NA	unphased	0.925264764927212	0.925264764927212	1
1	151156841	151156842	751	184	4	3	1	1	NA	NA	NA	unphased	0.891789074663237	0.891789074663237	1
1	152384718	152384719	180	291	4	3	1	1	NA	NA	NA	unphased	2.7998064984278	0.933268832809266	3
1	152488121	152488122	19	13	4	3	1	1	NA	NA	NA	unphased	1.84098101265823	0.920490506329114	2
1	153908585	153908586	74	16	4	3	1	1	NA	NA	NA	unphased	0.805625879043601	0.805625879043601	1
1	154320915	154320916	202	23	4	3	1	1	NA	NA	NA	unphased	0.46323488045007	0.46323488045007	1
1	155147881	155147882	542	142	4	3	1	1	NA	NA	NA	unphased	0.940780220593678	0.940780220593678	1
1	155261553	155261554	335	22	4	3	1	1	NA	NA	NA	unphased	0.279261071517215	0.279261071517215	1
1	155307278	155307279	62	15	4	3	1	1	NA	NA	NA	unphased	0.882788097977971	0.882788097977971	1
1	155884192	155884193	26	4	4	3	1	1	NA	NA	NA	unphased	0.6042194092827	0.6042194092827	1
1	155886438	155886439	551	130	4	3	1	1	NA	NA	NA	unphased	0.865071841484042	0.865071841484042	1
1	156220653	156220654	224	63	4	3	1	1	NA	NA	NA	unphased	0.994751466502007	0.994751466502007	1
1	158151505	158151506	304	21	4	3	1	1	NA	NA	NA	unphased	0.292814021421616	0.292814021421616	1
1	158624477	158624478	246	17	4	3	1	1	NA	NA	NA	unphased	0.292920055830967	0.292920055830967	1
1	159827624	159827625	164	15	4	3	1	1	NA	NA	NA	unphased	0.379746835443038	0.379746835443038	1
1	159897006	159897007	72	16	4	3	1	1	NA	NA	NA	unphased	0.823935558112773	0.823935558112773	1
1	160095003	160095004	66	107	4	3	1	1	NA	NA	NA	unphased	2.8028096875686	0.934269895856199	3
1	161199363	161199364	14	34	4	3	1	1	NA	NA	NA	unphased	3.20991561181435	1.06997187060478	3
1	162824448	162824449	35	8	4	3	1	1	NA	NA	NA	unphased	0.843096850161908	0.843096850161908	1
1	163310151	163310152	167	33	4	3	1	1	NA	NA	NA	unphased	0.747721518987342	0.747721518987342	1
1	165514109	165514110	578	35	4	3	1	1	NA	NA	NA	unphased	0.258739959113718	0.258739959113718	1
1	167097795	167097796	116	23	4	3	1	1	NA	NA	NA	unphased	0.749840633822056	0.749840633822056	1
1	167734985	167734986	229	52	4	3	1	1	NA	NA	NA	unphased	0.838596333168161	0.838596333168161	1
1	169080626	169080627	286	15	4	3	1	1	NA	NA	NA	unphased	0.225829513436225	0.225829513436225	1
1	169831833	169831834	880	225	4	3	1	1	NA	NA	NA	unphased	0.922733260782404	0.922733260782404	1
1	169985668	169985669	229	69	4	3	1	1	NA	NA	NA	unphased	1.04927363860335	1.04927363860335	1
1	171251245	171251246	313	83	4	3	1	1	NA	NA	NA	unphased	0.949814601713336	0.949814601713336	1
1	171505367	171505368	91	18	4	3	1	1	NA	NA	NA	unphased	0.748345139937289	0.748345139937289	1
1	171511247	171511248	98	21	4	3	1	1	NA	NA	NA	unphased	0.799702159344751	0.799702159344751	1
1	173456982	173456983	198	75	4	3	1	1	NA	NA	NA	unphased	1.2449575740715	1.2449575740715	1
1	174973959	174973960	202	55	4	3	1	1	NA	NA	NA	unphased	0.969807417623011	0.969807417623011	1
1	175365737	175365738	295	16	4	3	1	1	NA	NA	NA	unphased	0.233139321909724	0.233139321909724	1
1	176050287	176050288	328	63	4	3	1	1	NA	NA	NA	unphased	0.730162841140859	0.730162841140859	1
1	176905296	176905297	54	12	4	3	1	1	NA	NA	NA	unphased	0.823935558112773	0.823935558112773	1
1	177249926	177249927	110	26	4	3	1	1	NA	NA	NA	unphased	0.866344005956813	0.866344005956813	1
1	179782984	179782985	128	215	4	3	1	1	NA	NA	NA	unphased	2.84053585267742	0.946845284225806	3
1	181702137	181702138	183	31	4	3	1	1	NA	NA	NA	unphased	0.656453330178635	0.656453330178635	1
1	183197629	183197630	346	84	1.42	3	1	0.14	1	0	0.86	unphased	0.381251692670003	0.381251692670003	1
1	186915810	186915811	73	33	2	1	1	1	NA	NA	NA	unphased	0.788153809410079	0.788153809410079	1
1	190423783	190423784	45	23	2	1	1	0.12	1	1	0.88	unphased	0.856291883842144	0.856291883842144	1
1	196398719	196398720	150	41	1.51	3	1	0.17	1	0	0.83	unphased	0.438258996620054	0.438258996620054	1
1	196706673	196706674	81	26	1.51	3	1	0.17	1	0	0.83	unphased	0.496100792618005	0.496100792618005	1
1	197398732	197398733	226	13	1.51	3	1	0.17	1	0	0.83	unphased	0.11105185106721	0.653246182748296	0.17
1	201022695	201022696	121	74	2	1	1	1	NA	NA	NA	unphased	0.960727036676404	0.960727036676404	1
1	201751863	201751864	111	73	2	1	1	1	NA	NA	NA	unphased	1.00440286186021	1.00440286186021	1
1	201751865	201751866	108	73	2	1	1	1	NA	NA	NA	unphased	1.02105042310651	1.02105042310651	1
1	203816779	203816780	172	85	2	1	1	1	NA	NA	NA	unphased	0.837314682559228	0.837314682559228	1
1	204006613	204006614	155	64	2	1	1	1	NA	NA	NA	unphased	0.739841627651581	0.739841627651581	1
1	205117415	205117416	198	21	2	1	1	1	NA	NA	NA	unphased	0.242760534073175	0.242760534073175	1
1	206317509	206317510	37	18	2	1	1	1	NA	NA	NA	unphased	0.828538550057537	0.828538550057537	1
1	216246440	216246441	59	30	2	1	1	1	NA	NA	NA	unphased	0.853363675152894	0.853363675152894	1
1	218607506	218607507	291	38	2	1	1	1	NA	NA	NA	unphased	0.292408910776807	0.292408910776807	1
1	219383955	219383956	69	42	2	1	1	1	NA	NA	NA	unphased	0.957919945261717	0.957919945261717	1
1	223286201	223286202	159	22	2	1	1	1	NA	NA	NA	unphased	0.307713826141688	0.307713826141688	1
1	223408278	223408279	122	72	2	1	1	1	NA	NA	NA	unphased	0.939579799034321	0.939579799034321	1
1	224588718	224588719	58	30	2	1	1	1	NA	NA	NA	unphased	0.863060989643268	0.863060989643268	1
1	227268607	227268608	215	14	2	1	1	1	NA	NA	NA	unphased	0.154773091592505	0.154773091592505	1
1	234582600	234582601	144	88	2	1	1	1	NA	NA	NA	unphased	0.960279353993889	0.960279353993889	1
1	235969997	235969998	123	88	2	1	1	1	NA	NA	NA	unphased	1.0558521806947	1.0558521806947	1
1	237753205	237753206	59	32	2	1	1	1	NA	NA	NA	unphased	0.890248991514814	0.890248991514814	1
1	237947358	237947359	76	54	2	1	1	1	NA	NA	NA	unphased	1.05160662122687	1.05160662122687	1
1	241676974	241676975	158	81	2	1	1	1	NA	NA	NA	unphased	0.858005402256236	0.858005402256236	1
1	245025987	245025988	288	101	2	1	1	1	NA	NA	NA	unphased	0.657316716019654	0.657316716019654	1
1	245775265	245775266	94	31	2	1	1	1	NA	NA	NA	unphased	0.627848101265823	0.627848101265823	1
1	246797255	246797256	114	17	2	1	1	1	NA	NA	NA	unphased	0.328534157889651	0.328534157889651	1
1	247582296	247582297	65	29	2	1	1	1	NA	NA	NA	unphased	0.781039590627525	0.781039590627525	1
1	247615275	247615276	95	59	2	1	1	1	NA	NA	NA	unphased	0.969916159789577	0.969916159789577	1
1	247695744	247695745	107	73	2	1	1	1	NA	NA	NA	unphased	1.0267229254571	1.0267229254571	1
1	248309275	248309276	202	156	2	1	1	1	NA	NA	NA	unphased	1.10317516441553	1.10317516441553	1
1	248570264	248570265	212	130	2	1	1	1	NA	NA	NA	unphased	0.962321415352728	0.962321415352728	1
1	248789652	248789653	104	70	2	1	1	1	NA	NA	NA	unphased	1.01847810272079	1.01847810272079	1
10	11791512	11791513	152	8	2	1	1	1	NA	NA	NA	unphased	0.126582278481013	0.126582278481013	1
10	13246326	13246327	151	58	2	1	1	1	NA	NA	NA	unphased	0.702561928411362	0.702561928411362	1
10	13522979	13522980	185	84	2	1	1	1	NA	NA	NA	unphased	0.79055103289257	0.79055103289257	1
10	15600114	15600115	123	59	2	1	1	1	NA	NA	NA	unphased	0.820698289052719	0.820698289052719	1
10	16806501	16806502	169	54	2	1	1	1	NA	NA	NA	unphased	0.613044218652438	0.613044218652438	1
10	16911660	16911661	379	26	2	1	1	1	NA	NA	NA	unphased	0.162525394592905	0.162525394592905	1
10	18254563	18254564	55	36	2	1	1	1	NA	NA	NA	unphased	1.00153011545417	1.00153011545417	1
10	27964057	27964058	24	21	2	1	1	1	NA	NA	NA	unphased	1.18143459915612	1.18143459915612	1
10	32635818	32635819	139	96	2	1	1	1	NA	NA	NA	unphased	1.03420414758955	1.03420414758955	1
10	34625146	34625147	96	52	2	1	1	1	NA	NA	NA	unphased	0.889497092028738	0.889497092028738	1
10	37508680	37508681	35	18	2	1	1	1	NA	NA	NA	unphased	0.859804155720086	0.859804155720086	1
10	53227548	53227549	101	46	2	1	1	1	NA	NA	NA	unphased	0.792215620425385	0.792215620425385	1
10	54529009	54529010	114	67	2	1	1	1	NA	NA	NA	unphased	0.937128470522414	0.937128470522414	1
10	55566760	55566761	108	44	2	1	1	1	NA	NA	NA	unphased	0.732844770153231	0.732844770153231	1
10	55582551	55582552	171	87	2	1	1	1	NA	NA	NA	unphased	0.853694436267295	0.853694436267295	1
10	56138558	56138559	156	87	2	1	1	1	NA	NA	NA	unphased	0.906391623691202	0.906391623691202	1
10	73485262	73485263	43	22	2	1	1	1	NA	NA	NA	unphased	0.856864654333009	0.856864654333009	1
10	74666366	74666367	247	152	2	1	1	1	NA	NA	NA	unphased	0.964436407474382	0.964436407474382	1
10	75523326	75523327	106	36	2	1	1	1	NA	NA	NA	unphased	0.641825637368515	0.641825637368515	1
10	75884280	75884281	49	27	2	1	1	1	NA	NA	NA	unphased	0.899400399733511	0.899400399733511	1
10	86131034	86131035	66	26	2	1	1	1	NA	NA	NA	unphased	0.715465052283984	0.715465052283984	1
10	87407032	87407033	462	287	2	1	1	1	NA	NA	NA	unphased	0.970069797704957	0.970069797704957	1
10	88728415	88728416	34	18	2	1	1	1	NA	NA	NA	unphased	0.876338851022395	0.876338851022395	1
10	88854155	88854156	78	44	2	1	1	1	NA	NA	NA	unphased	0.91305250051878	0.91305250051878	1
10	89692881	89692882	237	19	2	1	1	1	NA	NA	NA	unphased	0.187895569620253	0.187895569620253	1
10	93702190	93702191	60	27	2	1	1	1	NA	NA	NA	unphased	0.785683107813182	0.785683107813182	1
10	97919837	97919838	47	14	2	1	1	1	NA	NA	NA	unphased	0.581033409421042	0.581033409421042	1
10	99410726	99410727	152	24	2	1	1	1	NA	NA	NA	unphased	0.345224395857307	0.345224395857307	1
10	102257901	102257902	133	80	2	1	1	1	NA	NA	NA	unphased	0.950852796101503	0.950852796101503	1
10	105642486	105642487	215	26	2	1	1	1	NA	NA	NA	unphased	0.273123588423762	0.273123588423762	1
10	106602610	106602611	90	49	2	1	1	1	NA	NA	NA	unphased	0.892450596484837	0.892450596484837	1
10	108389034	108389035	60	44	2	1	1	1	NA	NA	NA	unphased	1.07108081791626	1.07108081791626	1
10	115410208	115410209	90	41	2	1	1	1	NA	NA	NA	unphased	0.792347086675041	0.792347086675041	1
10	118354294	118354295	126	62	2	1	1	1	NA	NA	NA	unphased	0.834904389981147	0.834904389981147	1
10	118689498	118689499	28	17	2	1	1	1	NA	NA	NA	unphased	0.956399437412096	0.956399437412096	1
10	121571451	121571452	108	65	2	1	1	1	NA	NA	NA	unphased	0.951196312285066	0.951196312285066	1
10	134018435	134018436	227	97	2	1	1	0.09	1	1	0.91	unphased	0.757930926707298	0.757930926707298	1
10	134648232	134648233	35	20	2	1	1	0.09	1	1	0.91	unphased	0.920598388952819	0.920598388952819	1
10	134906615	134906616	35	21	2	1	1	0.09	1	1	0.91	unphased	0.949367088607595	0.949367088607595	1
10	135020719	135020720	32	18	2	1	1	0.09	1	1	0.91	unphased	0.911392405063291	0.911392405063291	1
10	135038352	135038353	88	29	2	1	1	0.09	1	1	0.91	unphased	0.627501893324678	0.627501893324678	1
11	212438	212439	17	20	1	1	0	1	NA	NA	NA	unphased	0.827916524119056	0.827916524119056	1
11	2154301	2154302	58	78	1	1	0	1	NA	NA	NA	unphased	0.878443782576322	0.878443782576322	1
11	2436400	2436401	4	14	1	1	0	1	NA	NA	NA	unphased	1.19127988748242	1.19127988748242	1
11	3681092	3681093	37	43	1	1	0	1	NA	NA	NA	unphased	0.823259493670886	0.823259493670886	1
11	3681301	3681302	29	43	1	1	0	1	NA	NA	NA	unphased	0.914732770745429	0.914732770745429	1
11	5264363	5264364	11	10	1	1	0	1	NA	NA	NA	unphased	0.729355033152501	0.729355033152501	1
11	5274466	5274467	55	17	1	1	0	1	NA	NA	NA	unphased	0.361638537271449	0.361638537271449	1
11	5624836	5624837	58	90	1	1	0	1	NA	NA	NA	unphased	0.931406089633938	0.931406089633938	1
11	6897968	6897969	91	139	1	1	0	1	NA	NA	NA	unphased	0.925646670335718	0.925646670335718	1
11	7060032	7060033	16	39	1	1	0	1	NA	NA	NA	unphased	1.08607594936709	1.08607594936709	1
11	9080916	9080917	19	43	1	1	0	1	NA	NA	NA	unphased	1.06227031441405	1.06227031441405	1
11	14539510	14539511	32	28	1	1	0	1	NA	NA	NA	unphased	0.714767932489451	0.714767932489451	1
11	17741782	17741783	23	36	1	1	0	1	NA	NA	NA	unphased	0.934563398412358	0.934563398412358	1
11	28080619	28080620	177	26	1	1	0	1	NA	NA	NA	unphased	0.196171353744466	0.196171353744466	1
11	32610225	32610226	69	110	1	1	0	1	NA	NA	NA	unphased	0.941234707587865	0.941234707587865	1
11	40136747	40136748	67	105	1	1	0	1	NA	NA	NA	unphased	0.93501619075655	0.93501619075655	1
11	45671224	45671225	66	140	1	1	0	1	NA	NA	NA	unphased	1.04092417352833	1.04092417352833	1
11	47259420	47259421	145	30	1	1	0	1	NA	NA	NA	unphased	0.262567811934901	0.262567811934901	1
11	55541581	55541582	132	71	2	1	1	1	NA	NA	NA	unphased	0.885452391345015	0.885452391345015	1
11	55563472	55563473	153	104	2	1	1	1	NA	NA	NA	unphased	1.02447914101364	1.02447914101364	1
11	55595501	55595502	133	20	2	1	1	1	NA	NA	NA	unphased	0.330934061388268	0.330934061388268	1
11	55761807	55761808	292	23	2	1	1	1	NA	NA	NA	unphased	0.18485031143259	0.18485031143259	1
11	55904322	55904323	103	58	2	1	1	1	NA	NA	NA	unphased	0.912021385329035	0.912021385329035	1
11	56020460	56020461	232	108	2	1	1	1	NA	NA	NA	unphased	0.804169769173492	0.804169769173492	1
11	56230464	56230465	134	95	2	1	1	1	NA	NA	NA	unphased	1.05024597866342	1.05024597866342	1
11	57947539	57947540	190	106	2	1	1	1	NA	NA	NA	unphased	0.906602805336983	0.906602805336983	1
11	59211406	59211407	391	212	2	1	1	1	NA	NA	NA	unphased	0.89006444570397	0.89006444570397	1
11	59361090	59361091	190	9	2	1	1	1	NA	NA	NA	unphased	0.114496533299408	0.114496533299408	1
11	59611351	59611352	106	12	2	1	1	1	NA	NA	NA	unphased	0.257455481656297	0.257455481656297	1
11	61205236	61205237	186	111	2	1	1	1	NA	NA	NA	unphased	0.946170566423731	0.946170566423731	1
11	62295769	62295770	1073	91	2	1	1	1	NA	NA	NA	unphased	0.197920744703989	0.197920744703989	1
11	62752170	62752171	35	9	2	1	1	1	NA	NA	NA	unphased	0.517836593785961	0.517836593785961	1
11	63426594	63426595	177	106	2	1	1	1	NA	NA	NA	unphased	0.948248870599812	0.948248870599812	1
11	64572244	64572245	129	80	2	1	1	1	NA	NA	NA	unphased	0.96905093573981	0.96905093573981	1
11	64595038	64595039	48	41	2	1	1	1	NA	NA	NA	unphased	1.16626368937562	1.16626368937562	1
11	65266691	65266692	24	15	2	1	1	1	NA	NA	NA	unphased	0.973709834469328	0.973709834469328	1
11	66610672	66610673	39	16	2	1	1	1	NA	NA	NA	unphased	0.736478711162255	0.736478711162255	1
11	70007400	70007401	166	102	2	1	1	1	NA	NA	NA	unphased	0.963536746646514	0.963536746646514	1
11	71277321	71277322	65	44	2	1	1	1	NA	NA	NA	unphased	1.02194867030542	1.02194867030542	1
11	71939170	71939171	64	8	2	1	1	1	NA	NA	NA	unphased	0.281293952180028	0.281293952180028	1
11	73689354	73689355	92	58	2	1	1	1	NA	NA	NA	unphased	0.978902953586498	0.978902953586498	1
11	74880755	74880756	175	90	2	1	1	1	NA	NA	NA	unphased	0.859804155720086	0.859804155720086	1
11	75154252	75154253	31	4	2	1	1	1	NA	NA	NA	unphased	0.289330922242315	0.289330922242315	1
11	75440015	75440016	154	15	2	1	1	1	NA	NA	NA	unphased	0.224702269492922	0.224702269492922	1
11	77825421	77825422	38	15	2	1	1	1	NA	NA	NA	unphased	0.716503463100072	0.716503463100072	1
11	82935919	82935920	124	53	2	1	1	1	NA	NA	NA	unphased	0.758063362654652	0.758063362654652	1
11	88300893	88300894	69	40	2	1	1	1	NA	NA	NA	unphased	0.929044245732203	0.929044245732203	1
11	89892472	89892473	81	36	2	1	1	1	NA	NA	NA	unphased	0.778967867575463	0.778967867575463	1
11	89911170	89911171	99	52	2	1	1	1	NA	NA	NA	unphased	0.871824964372537	0.871824964372537	1
11	101362397	101362398	175	76	2	1	1	1	NA	NA	NA	unphased	0.766554037016491	0.766554037016491	1
11	102713454	102713455	105	14	2	1	1	1	NA	NA	NA	unphased	0.297840655249442	0.297840655249442	1
11	104034551	104034552	78	28	2	1	1	1	NA	NA	NA	unphased	0.668736565560067	0.668736565560067	1
11	108043295	108043296	75	48	2	1	1	1	NA	NA	NA	unphased	0.987959246681074	0.987959246681074	1
11	108190756	108190757	74	29	2	1	1	1	NA	NA	NA	unphased	0.712793412805702	0.712793412805702	1
11	111573994	111573995	73	57	2	1	1	1	NA	NA	NA	unphased	1.11002921129503	1.11002921129503	1
11	111626164	111626165	116	15	2	1	1	1	NA	NA	NA	unphased	0.289883080490869	0.289883080490869	1
11	113560999	113561000	12	7	2	1	1	1	NA	NA	NA	unphased	0.932711525649567	0.932711525649567	1
11	114271069	114271070	26	15	2	1	1	1	NA	NA	NA	unphased	0.926211793763507	0.926211793763507	1
11	118376177	118376178	312	31	2	1	1	1	NA	NA	NA	unphased	0.228807617079381	0.228807617079381	1
11	118516176	118516177	248	34	2	1	1	1	NA	NA	NA	unphased	0.30523386300386	0.30523386300386	1
11	119061128	119061129	279	19	2	1	1	1	NA	NA	NA	unphased	0.16141364370062	0.16141364370062	1
11	121000463	121000464	252	157	2	1	1	1	NA	NA	NA	unphased	0.971805267555941	0.971805267555941	1
11	121461819	121461820	365	26	2	1	1	1	NA	NA	NA	unphased	0.168344718184467	0.168344718184467	1
11	122774675	122774676	338	183	2	1	1	1	NA	NA	NA	unphased	0.889234432323429	0.889234432323429	1
11	123476093	123476094	141	8	2	1	1	1	NA	NA	NA	unphased	0.135927278905785	0.135927278905785	1
11	123848040	123848041	76	30	2	1	1	1	NA	NA	NA	unphased	0.716503463100072	0.716503463100072	1
11	124496860	124496861	15	8	2	1	1	1	NA	NA	NA	unphased	0.880572372041827	0.880572372041827	1
11	125763800	125763801	275	125	2	1	1	1	NA	NA	NA	unphased	0.791139240506329	0.791139240506329	1
11	126213305	126213306	41	9	2	1	1	1	NA	NA	NA	unphased	0.455696202531646	0.455696202531646	1
11	131781438	131781439	135	90	2	1	1	1	NA	NA	NA	unphased	1.0126582278481	1.0126582278481	1
11	133712441	133712442	123	87	2	1	1	1	NA	NA	NA	unphased	1.04882459312839	1.04882459312839	1
12	995032	995033	156	90	2	1	1	1	NA	NA	NA	unphased	0.926211793763507	0.926211793763507	1
12	2062296	2062297	75	53	2	1	1	1	NA	NA	NA	unphased	1.04825949367089	1.04825949367089	1
12	2702416	2702417	41	20	2	1	1	1	NA	NA	NA	unphased	0.830047727744345	0.830047727744345	1
12	4554428	4554429	63	33	2	1	1	1	NA	NA	NA	unphased	0.870253164556962	0.870253164556962	1
12	6619865	6619866	246	29	2	1	1	1	NA	NA	NA	unphased	0.266973532796318	0.266973532796318	1
12	7080157	7080158	46	10	2	1	1	1	NA	NA	NA	unphased	0.452079566003617	0.452079566003617	1
12	7080194	7080195	35	8	2	1	1	1	NA	NA	NA	unphased	0.471003826906094	0.471003826906094	1
12	7355227	7355228	117	62	2	1	1	1	NA	NA	NA	unphased	0.876882822996959	0.876882822996959	1
12	8248241	8248242	169	80	2	1	1	1	NA	NA	NA	unphased	0.813380102689238	0.813380102689238	1
12	9268537	9268538	25	16	2	1	1	1	NA	NA	NA	unphased	0.987959246681074	0.987959246681074	1
12	10999791	10999792	373	209	2	1	1	1	NA	NA	NA	unphased	0.909130453695245	0.909130453695245	1
12	11139378	11139379	145	51	2	1	1	1	NA	NA	NA	unphased	0.658744510462413	0.658744510462413	1
12	11139380	11139381	145	51	2	1	1	1	NA	NA	NA	unphased	0.658744510462413	0.658744510462413	1
12	18849170	18849171	17	7	2	1	1	1	NA	NA	NA	unphased	0.738396624472574	0.738396624472574	1
12	19593123	19593124	9	4	2	1	1	1	NA	NA	NA	unphased	0.778967867575463	0.778967867575463	1
12	20886036	20886037	191	10	2	1	1	1	NA	NA	NA	unphased	0.125952515901505	0.125952515901505	1
12	21644541	21644542	49	24	2	1	1	1	NA	NA	NA	unphased	0.832321831108028	0.832321831108028	1
12	21721877	21721878	171	96	2	1	1	1	NA	NA	NA	unphased	0.910254586829754	0.910254586829754	1
12	23687404	23687405	89	62	2	1	1	1	NA	NA	NA	unphased	1.03948361136726	1.03948361136726	1
12	24102555	24102556	69	37	2	1	1	1	NA	NA	NA	unphased	0.883687604490088	0.883687604490088	1
12	25672873	25672874	82	38	2	1	1	1	NA	NA	NA	unphased	0.80168776371308	0.80168776371308	1
12	26648161	26648162	67	31	2	1	1	1	NA	NA	NA	unphased	0.800826659777835	0.800826659777835	1
12	27950820	27950821	180	98	2	1	1	1	NA	NA	NA	unphased	0.892450596484837	0.892450596484837	1
12	29640738	29640739	28	11	2	1	1	1	NA	NA	NA	unphased	0.714053878610841	0.714053878610841	1
12	32138133	32138134	135	11	2	1	1	1	NA	NA	NA	unphased	0.190740419628923	0.190740419628923	1
12	33560268	33560269	140	99	2	1	1	1	NA	NA	NA	unphased	1.04867326942429	1.04867326942429	1
12	40748284	40748285	55	7	2	1	1	1	NA	NA	NA	unphased	0.285830951408738	0.285830951408738	1
12	44132173	44132174	49	31	2	1	1	1	NA	NA	NA	unphased	0.981012658227848	0.981012658227848	1
12	44177519	44177520	44	6	2	1	1	1	NA	NA	NA	unphased	0.30379746835443	0.30379746835443	1
12	49075269	49075270	119	67	2	1	1	1	NA	NA	NA	unphased	0.911936844970736	0.911936844970736	1
12	49425994	49425995	98	76	2	1	1	1	NA	NA	NA	unphased	1.10577622581114	1.10577622581114	1
12	49445125	49445126	90	58	2	1	1	1	NA	NA	NA	unphased	0.992131371878207	0.992131371878207	1
12	49854818	49854819	69	32	2	1	1	1	NA	NA	NA	unphased	0.802105527008397	0.802105527008397	1
12	52387926	52387927	152	89	2	1	1	1	NA	NA	NA	unphased	0.934923052681338	0.934923052681338	1
12	52909608	52909609	68	34	2	1	1	1	NA	NA	NA	unphased	0.843881856540084	0.843881856540084	1
12	56115496	56115497	85	32	2	1	1	1	NA	NA	NA	unphased	0.6924158822893	0.6924158822893	1
12	56385952	56385953	72	38	2	1	1	1	NA	NA	NA	unphased	0.874568469505178	0.874568469505178	1
12	56708989	56708990	179	29	2	1	1	1	NA	NA	NA	unphased	0.352969814995131	0.352969814995131	1
12	57140613	57140614	69	9	2	1	1	1	NA	NA	NA	unphased	0.292112950340798	0.292112950340798	1
12	57963873	57963874	66	37	2	1	1	1	NA	NA	NA	unphased	0.909426078407275	0.909426078407275	1
12	58200288	58200289	119	62	2	1	1	1	NA	NA	NA	unphased	0.867193510035667	0.867193510035667	1
12	58217684	58217685	61	27	2	1	1	1	NA	NA	NA	unphased	0.776754890678941	0.776754890678941	1
12	66717840	66717841	143	12	2	1	1	1	NA	NA	NA	unphased	0.195998366680278	0.195998366680278	1
12	66717848	66717849	149	12	2	1	1	1	NA	NA	NA	unphased	0.188694079723249	0.188694079723249	1
12	68708793	68708794	704	83	2	1	1	1	NA	NA	NA	unphased	0.266996927926914	0.266996927926914	1
12	73014982	73014983	56	28	2	1	1	1	NA	NA	NA	unphased	0.843881856540084	0.843881856540084	1
12	75601188	75601189	37	14	2	1	1	1	NA	NA	NA	unphased	0.694961528915364	0.694961528915364	1
12	80014865	80014866	205	114	2	1	1	1	NA	NA	NA	unphased	0.904726002936391	0.904726002936391	1
12	80747191	80747192	22	10	2	1	1	1	NA	NA	NA	unphased	0.791139240506329	0.791139240506329	1
12	82872802	82872803	106	13	2	1	1	1	NA	NA	NA	unphased	0.276566322731624	0.276566322731624	1
12	85515476	85515477	36	29	2	1	1	1	NA	NA	NA	unphased	1.12950340798442	1.12950340798442	1
12	96360233	96360234	283	158	2	1	1	1	NA	NA	NA	unphased	0.90702947845805	0.90702947845805	1
12	100601492	100601493	54	13	2	1	1	1	NA	NA	NA	unphased	0.49121481201587	0.49121481201587	1
12	103352684	103352685	115	65	2	1	1	1	NA	NA	NA	unphased	0.914205344585091	0.914205344585091	1
12	104187767	104187768	125	10	2	1	1	1	NA	NA	NA	unphased	0.187529301453352	0.187529301453352	1
12	106460968	106460969	128	68	2	1	1	1	NA	NA	NA	unphased	0.878326013949884	0.878326013949884	1
12	106461306	106461307	200	10	2	1	1	1	NA	NA	NA	unphased	0.120554550934298	0.120554550934298	1
12	106848354	106848355	61	41	2	1	1	1	NA	NA	NA	unphased	1.01762223876893	1.01762223876893	1
12	107393546	107393547	96	7	2	1	1	1	NA	NA	NA	unphased	0.172053582401376	0.172053582401376	1
12	109016953	109016954	36	26	2	1	1	1	NA	NA	NA	unphased	1.06165781951817	1.06165781951817	1
12	109286772	109286773	82	12	2	1	1	1	NA	NA	NA	unphased	0.323188796121734	0.323188796121734	1
12	111885576	111885577	141	71	2	1	1	1	NA	NA	NA	unphased	0.847862431335085	0.847862431335085	1
12	112451210	112451211	112	73	2	1	1	1	NA	NA	NA	unphased	0.998973657201505	0.998973657201505	1
12	112846069	112846070	121	75	2	1	1	1	NA	NA	NA	unphased	0.968741927150607	0.968741927150607	1
12	113645815	113645816	331	219	2	1	1	1	NA	NA	NA	unphased	1.00805523590334	1.00805523590334	1
12	116445315	116445316	226	142	2	1	1	1	NA	NA	NA	unphased	0.976884975233902	0.976884975233902	1
12	117715885	117715886	141	11	2	1	1	1	NA	NA	NA	unphased	0.183211192538308	0.183211192538308	1
12	118506403	118506404	18	5	2	1	1	1	NA	NA	NA	unphased	0.550357732526142	0.550357732526142	1
12	119591377	119591378	6	11	2	1	1	1	NA	NA	NA	unphased	1.63812360387193	1.63812360387193	1
12	121613200	121613201	126	67	2	1	1	1	NA	NA	NA	unphased	0.878861415360399	0.878861415360399	1
12	122619841	122619842	107	12	2	1	1	1	NA	NA	NA	unphased	0.255291990213807	0.255291990213807	1
12	123089920	123089921	13	5	2	1	1	1	NA	NA	NA	unphased	0.70323488045007	0.70323488045007	1
12	124297806	124297807	163	24	2	1	1	1	NA	NA	NA	unphased	0.324917078453936	0.324917078453936	1
12	130015698	130015699	124	15	2	1	1	1	NA	NA	NA	unphased	0.273199162189236	0.273199162189236	1
12	132624677	132624678	172	100	2	1	1	1	NA	NA	NA	unphased	0.930752047654505	0.930752047654505	1
12	133327328	133327329	86	56	2	1	1	1	NA	NA	NA	unphased	0.998395435906579	0.998395435906579	1
13	26788624	26788625	67	84	1	1	0	1	NA	NA	NA	unphased	0.852041244027161	0.852041244027161	1
13	28498469	28498470	18	43	1	1	0	1	NA	NA	NA	unphased	1.07968458186346	1.07968458186346	1
13	32527462	32527463	80	11	1	1	0	1	NA	NA	NA	unphased	0.185143969954097	0.185143969954097	1
13	43934079	43934080	36	56	1	1	0	1	NA	NA	NA	unphased	0.932305998899285	0.932305998899285	1
13	60407339	60407340	13	24	1	1	0	1	NA	NA	NA	unphased	0.993499828942867	0.993499828942867	1
13	70681641	70681642	53	55	1	1	0	1	NA	NA	NA	unphased	0.780004688232536	0.780004688232536	1
13	73468046	73468047	83	46	2	2	0	1	NA	NA	NA	unphased	0.902757334903346	0.902757334903346	1
13	78130793	78130794	359	20	2	2	0	1	NA	NA	NA	unphased	0.133596072275475	0.133596072275475	1
13	78192175	78192176	124	64	2	2	0	1	NA	NA	NA	unphased	0.861836789657959	0.861836789657959	1
13	108882242	108882243	130	50	2	2	0	1	NA	NA	NA	unphased	0.70323488045007	0.70323488045007	1
13	114503846	114503847	28	10	2	2	0	1	NA	NA	NA	unphased	0.666222518321119	0.666222518321119	1
14	22951315	22951316	45	22	2	1	1	1	NA	NA	NA	unphased	0.831286604949934	0.831286604949934	1
14	23870171	23870172	76	54	2	1	1	1	NA	NA	NA	unphased	1.05160662122687	1.05160662122687	1
14	23891499	23891500	116	62	2	1	1	1	NA	NA	NA	unphased	0.881809130991324	0.881809130991324	1
14	24534239	24534240	229	119	2	1	1	1	NA	NA	NA	unphased	0.865706387312673	0.865706387312673	1
14	24572424	24572425	60	31	2	1	1	1	NA	NA	NA	unphased	0.862428710529976	0.862428710529976	1
14	24785670	24785671	5	8	2	1	1	1	NA	NA	NA	unphased	1.55793573515093	1.55793573515093	1
14	24839680	24839681	80	51	2	1	1	1	NA	NA	NA	unphased	0.985602473668953	0.985602473668953	1
14	29237399	29237400	234	137	2	1	1	1	NA	NA	NA	unphased	0.934866423282951	0.934866423282951	1
14	30066720	30066721	139	76	2	1	1	1	NA	NA	NA	unphased	0.894907271121578	0.894907271121578	1
14	31382843	31382844	156	90	2	1	1	1	NA	NA	NA	unphased	0.926211793763507	0.926211793763507	1
14	31581671	31581672	62	40	2	1	1	1	NA	NA	NA	unphased	0.992802184164805	0.992802184164805	1
14	35596745	35596746	48	32	2	1	1	1	NA	NA	NA	unphased	1.0126582278481	1.0126582278481	1
14	38724331	38724332	213	156	1.08	1	1	0.08	1	0	0.92	unphased	0.681346094473603	0.681346094473603	1
14	44975802	44975803	260	154	2	1	1	1	NA	NA	NA	unphased	0.941723231211398	0.941723231211398	1
14	45433157	45433158	217	128	2	1	1	1	NA	NA	NA	unphased	0.939277196844616	0.939277196844616	1
14	45650714	45650715	49	23	2	1	1	1	NA	NA	NA	unphased	0.808720112517581	0.808720112517581	1
14	45669208	45669209	58	34	2	1	1	1	NA	NA	NA	unphased	0.935608145294441	0.935608145294441	1
14	51467531	51467532	142	14	2	1	1	1	NA	NA	NA	unphased	0.227198961376177	0.227198961376177	1
14	52509590	52509591	118	71	2	1	1	1	NA	NA	NA	unphased	0.951041457370571	0.951041457370571	1
14	58038654	58038655	26	22	2	1	1	1	NA	NA	NA	unphased	1.16033755274262	1.16033755274262	1
14	64463860	64463861	52	26	2	1	1	1	NA	NA	NA	unphased	0.843881856540084	0.843881856540084	1
14	65260130	65260131	84	54	2	1	1	1	NA	NA	NA	unphased	0.990643918547056	0.990643918547056	1
14	65569145	65569146	10	11	2	1	1	1	NA	NA	NA	unphased	1.32610006027728	1.32610006027728	1
14	69521706	69521707	234	17	2	1	1	1	NA	NA	NA	unphased	0.171466034595794	0.171466034595794	1
14	76123876	76123877	72	42	2	1	1	1	NA	NA	NA	unphased	0.932711525649567	0.932711525649567	1
14	81668000	81668001	61	34	2	1	1	1	NA	NA	NA	unphased	0.906062624916722	0.906062624916722	1
14	88477473	88477474	449	22	2	1	1	1	NA	NA	NA	unphased	0.118250960789056	0.118250960789056	1
14	89082537	89082538	181	96	2	1	1	1	NA	NA	NA	unphased	0.877393410409907	0.877393410409907	1
14	89307780	89307781	38	31	2	1	1	1	NA	NA	NA	unphased	1.13740598055403	1.13740598055403	1
14	91366534	91366535	88	40	2	1	1	1	NA	NA	NA	unphased	0.791139240506329	0.791139240506329	1
14	91952048	91952049	48	24	2	1	1	1	NA	NA	NA	unphased	0.843881856540084	0.843881856540084	1
14	92403308	92403309	196	106	2	1	1	1	NA	NA	NA	unphased	0.888590829072009	0.888590829072009	1
14	92436050	92436051	145	85	2	1	1	1	NA	NA	NA	unphased	0.935608145294441	0.935608145294441	1
14	94071255	94071256	24	7	2	1	1	1	NA	NA	NA	unphased	0.571661902817477	0.571661902817477	1
14	94089090	94089091	83	37	2	1	1	1	NA	NA	NA	unphased	0.780590717299578	0.780590717299578	1
14	94107529	94107530	44	30	2	1	1	1	NA	NA	NA	unphased	1.0263427984947	1.0263427984947	1
14	94712716	94712717	129	25	2	1	1	1	NA	NA	NA	unphased	0.410981423639651	0.410981423639651	1
14	94756792	94756793	37	50	2	1	1	1	NA	NA	NA	unphased	1.45496871817256	1.45496871817256	1
14	95582074	95582075	122	81	2	1	1	1	NA	NA	NA	unphased	1.01016399575981	1.01016399575981	1
14	99973444	99973445	266	145	2	1	1	1	NA	NA	NA	unphased	0.893159629184761	0.893159629184761	1
14	100847604	100847605	190	19	2	1	1	1	NA	NA	NA	unphased	0.230149597238205	0.230149597238205	1
14	101004885	101004886	10	7	2	1	1	1	NA	NA	NA	unphased	1.04244229337305	1.04244229337305	1
14	103434995	103434996	269	15	2	1	1	1	NA	NA	NA	unphased	0.133713674451774	0.133713674451774	1
14	104001122	104001123	25	4	2	1	1	1	NA	NA	NA	unphased	0.349192492361414	0.349192492361414	1
14	105054156	105054157	36	22	2	1	1	1	NA	NA	NA	unphased	0.960279353993889	0.960279353993889	1
14	105931116	105931117	98	12	2	1	1	1	NA	NA	NA	unphased	0.276179516685846	0.276179516685846	1
14	106471444	106471445	263	168	2	1	1	1	NA	NA	NA	unphased	0.986813122264971	0.986813122264971	1
15	20496670	20496671	88	12	1.09	1	1	0.09	0	1	0.91	unphased	0.19459746835443	0.19459746835443	1
15	23889020	23889021	9	5	2	1	1	1	NA	NA	NA	unphased	0.904159132007233	0.904159132007233	1
15	23931712	23931713	151	21	2	1	1	1	NA	NA	NA	unphased	0.309096261407124	0.309096261407124	1
15	23932420	23932421	54	25	2	1	1	1	NA	NA	NA	unphased	0.801153661272232	0.801153661272232	1
15	24921530	24921531	79	37	2	1	1	1	NA	NA	NA	unphased	0.80750763858577	0.80750763858577	1
15	25223620	25223621	202	127	2	1	1	1	NA	NA	NA	unphased	0.977261359701435	0.977261359701435	1
15	25342871	25342872	158	91	2	1	1	1	NA	NA	NA	unphased	0.925219866809008	0.925219866809008	1
15	25417667	25417668	78	46	2	1	1	1	NA	NA	NA	unphased	0.939158840342997	0.939158840342997	1
15	25453173	25453174	236	146	2	1	1	1	NA	NA	NA	unphased	0.967592285771091	0.967592285771091	1
15	25453283	25453284	828	65	2	1	1	1	NA	NA	NA	unphased	0.184274313578182	0.184274313578182	1
15	25472288	25472289	437	226	2	1	1	1	NA	NA	NA	unphased	0.862974206235561	0.862974206235561	1
15	28412853	28412854	191	121	2	1	1	1	NA	NA	NA	unphased	0.981824083089906	0.981824083089906	1
15	28506053	28506054	82	38	2	1	1	1	NA	NA	NA	unphased	0.80168776371308	0.80168776371308	1
15	34038340	34038341	15	8	2	1	1	1	NA	NA	NA	unphased	0.880572372041827	0.880572372041827	1
15	40662480	40662481	166	99	2	1	1	1	NA	NA	NA	unphased	0.945784571292094	0.945784571292094	1
15	40849529	40849530	73	65	2	1	1	1	NA	NA	NA	unphased	1.19244175380664	1.19244175380664	1
15	40913142	40913143	63	11	2	1	1	1	NA	NA	NA	unphased	0.376325692781389	0.376325692781389	1
15	41796160	41796161	47	31	2	1	1	1	NA	NA	NA	unphased	1.00616682895164	1.00616682895164	1
15	42052716	42052717	70	44	2	1	1	1	NA	NA	NA	unphased	0.977126360204308	0.977126360204308	1
15	42523403	42523404	64	31	2	1	1	1	NA	NA	NA	unphased	0.826115922718188	0.826115922718188	1
15	43270110	43270111	65	33	2	1	1	1	NA	NA	NA	unphased	0.852492895892534	0.852492895892534	1
15	43501581	43501582	152	93	2	1	1	1	NA	NA	NA	unphased	0.960991991733402	0.960991991733402	1
15	43678017	43678018	76	38	2	1	1	1	NA	NA	NA	unphased	0.843881856540084	0.843881856540084	1
15	48805798	48805799	145	14	2	1	1	1	NA	NA	NA	unphased	0.222912188520022	0.222912188520022	1
15	50581722	50581723	181	12	2	1	1	1	NA	NA	NA	unphased	0.157408014691415	0.157408014691415	1
15	52879375	52879376	79	46	2	1	1	1	NA	NA	NA	unphased	0.931645569620253	0.931645569620253	1
15	62173977	62173978	69	8	2	1	1	1	NA	NA	NA	unphased	0.263028111129377	0.263028111129377	1
15	62978939	62978940	95	35	2	1	1	1	NA	NA	NA	unphased	0.68159688412853	0.68159688412853	1
15	63951978	63951979	129	20	2	1	1	1	NA	NA	NA	unphased	0.339818197264463	0.339818197264463	1
15	66044828	66044829	48	25	2	1	1	1	NA	NA	NA	unphased	0.867001907404196	0.867001907404196	1
15	75562436	75562437	391	54	2	1	1	1	NA	NA	NA	unphased	0.307210923055042	0.307210923055042	1
15	76019664	76019665	142	63	2	1	1	1	NA	NA	NA	unphased	0.778017906761346	0.778017906761346	1
15	76566823	76566824	26	15	2	1	1	1	NA	NA	NA	unphased	0.926211793763507	0.926211793763507	1
15	77906795	77906796	111	9	2	1	1	1	NA	NA	NA	unphased	0.189873417721519	0.189873417721519	1
15	81199022	81199023	130	66	2	1	1	1	NA	NA	NA	unphased	0.852492895892534	0.852492895892534	1
15	82444520	82444521	226	34	2	1	1	1	NA	NA	NA	unphased	0.331061343719572	0.331061343719572	1
15	86312710	86312711	183	10	2	1	1	1	NA	NA	NA	unphased	0.131173345576179	0.131173345576179	1
15	96877612	96877613	194	108	2	1	1	1	NA	NA	NA	unphased	0.905356693771481	0.905356693771481	1
15	101448628	101448629	111	65	2	1	1	1	NA	NA	NA	unphased	0.934982738780207	0.934982738780207	1
15	101608907	101608908	163	75	2	1	1	1	NA	NA	NA	unphased	0.797787469418147	0.797787469418147	1
15	102255130	102255131	118	77	2	1	1	1	NA	NA	NA	unphased	0.999675430055177	0.999675430055177	1
16	360011	360012	52	21	2	1	1	1	NA	NA	NA	unphased	0.728281602219525	0.728281602219525	1
16	598137	598138	12	11	2	1	1	1	NA	NA	NA	unphased	1.21078701155751	1.21078701155751	1
16	745702	745703	80	31	2	1	1	1	NA	NA	NA	unphased	0.707036150074125	0.707036150074125	1
16	2226349	2226350	38	13	2	1	1	1	NA	NA	NA	unphased	0.645321419707123	0.645321419707123	1
16	2812394	2812395	179	100	2	1	1	1	NA	NA	NA	unphased	0.907399845742026	0.907399845742026	1
16	3170063	3170064	171	122	2	1	1	1	NA	NA	NA	unphased	1.05413228496133	1.05413228496133	1
16	4803010	4803011	210	24	2	1	1	1	NA	NA	NA	unphased	0.259655955858487	0.259655955858487	1
16	20648129	20648130	212	14	2	1	1	1	NA	NA	NA	unphased	0.156827601657892	0.156827601657892	1
16	20791890	20791891	51	19	2	1	1	1	NA	NA	NA	unphased	0.687160940325497	0.687160940325497	1
16	20792404	20792405	258	16	2	1	1	1	NA	NA	NA	unphased	0.147833317934029	0.147833317934029	1
16	21151861	21151862	127	74	2	1	1	1	NA	NA	NA	unphased	0.932048617671138	0.932048617671138	1
16	23647084	23647085	200	136	2	1	1	1	NA	NA	NA	unphased	1.02471368294153	1.02471368294153	1
16	24226281	24226282	25	7	2	1	1	1	NA	NA	NA	unphased	0.55379746835443	0.55379746835443	1
16	25258694	25258695	121	56	2	1	1	1	NA	NA	NA	unphased	0.800972609597368	0.800972609597368	1
16	28507860	28507861	31	13	2	1	1	1	NA	NA	NA	unphased	0.747986191024166	0.747986191024166	1
16	29912830	29912831	198	21	2	1	1	1	NA	NA	NA	unphased	0.242760534073175	0.242760534073175	1
16	30102103	30102104	92	6	2	1	1	1	NA	NA	NA	unphased	0.154998708344097	0.154998708344097	1
16	30128540	30128541	101	63	2	1	1	1	NA	NA	NA	unphased	0.972522383451683	0.972522383451683	1
16	30389227	30389228	97	60	2	1	1	1	NA	NA	NA	unphased	0.967507861001371	0.967507861001371	1
16	30391316	30391317	142	92	2	1	1	1	NA	NA	NA	unphased	0.995347830790869	0.995347830790869	1
16	30507828	30507829	133	82	2	1	1	1	NA	NA	NA	unphased	0.965557845157492	0.965557845157492	1
16	30543882	30543883	18	13	2	1	1	1	NA	NA	NA	unphased	1.06165781951817	1.06165781951817	1
16	30749565	30749566	126	84	2	1	1	1	NA	NA	NA	unphased	1.0126582278481	1.0126582278481	1
16	30958473	30958474	80	6	2	1	1	1	NA	NA	NA	unphased	0.176626435089785	0.176626435089785	1
16	30991082	30991083	34	20	2	1	1	1	NA	NA	NA	unphased	0.93764650726676	0.93764650726676	1
16	31004511	31004512	492	33	2	1	1	1	NA	NA	NA	unphased	0.159132007233273	0.159132007233273	1
16	31473248	31473249	111	53	2	1	1	1	NA	NA	NA	unphased	0.818153751157765	0.818153751157765	1
16	55523725	55523726	72	49	2	1	1	1	NA	NA	NA	unphased	1.02521184224291	1.02521184224291	1
16	55530930	55530931	129	82	2	1	1	1	NA	NA	NA	unphased	0.9838622592837	0.9838622592837	1
16	57290808	57290809	80	51	2	1	1	1	NA	NA	NA	unphased	0.985602473668953	0.985602473668953	1
16	57449682	57449683	93	67	2	1	1	1	NA	NA	NA	unphased	1.06012658227848	1.06012658227848	1
16	58075602	58075603	15	13	2	1	1	1	NA	NA	NA	unphased	1.1754068716094	1.1754068716094	1
16	58545586	58545587	35	23	2	1	1	1	NA	NA	NA	unphased	1.00392841553907	1.00392841553907	1
16	67290591	67290592	118	60	2	1	1	1	NA	NA	NA	unphased	0.853363675152894	0.853363675152894	1
16	67360787	67360788	13	4	2	1	1	1	NA	NA	NA	unphased	0.595681310498883	0.595681310498883	1
16	67980408	67980409	146	78	2	1	1	1	NA	NA	NA	unphased	0.881555153707052	0.881555153707052	1
16	69728028	69728029	119	29	2	1	1	1	NA	NA	NA	unphased	0.496065685939104	0.496065685939104	1
16	70016606	70016607	150	79	2	1	1	1	NA	NA	NA	unphased	0.873362445414847	0.873362445414847	1
16	70935049	70935050	235	28	3	2	1	1	NA	NA	NA	unphased	0.375992684218126	0.375992684218126	1
16	81151112	81151113	616	145	2	1	1	1	NA	NA	NA	unphased	0.482376619704253	0.482376619704253	1
16	81944247	81944248	520	271	2	1	1	1	NA	NA	NA	unphased	0.867352654067116	0.867352654067116	1
16	81991639	81991640	36	16	2	1	1	1	NA	NA	NA	unphased	0.778967867575463	0.778967867575463	1
16	82101890	82101891	118	14	2	1	1	1	NA	NA	NA	unphased	0.268507863444572	0.268507863444572	1
16	84690650	84690651	202	13	2	1	1	1	NA	NA	NA	unphased	0.15307624374448	0.15307624374448	1
16	90162483	90162484	190	122	2	1	1	1	NA	NA	NA	unphased	0.989938331710484	0.989938331710484	1
17	2344790	2344791	8	30	1	1	0	1	NA	NA	NA	unphased	1.20919387075283	1.20919387075283	1
17	7139007	7139008	273	35	1	1	0	1	NA	NA	NA	unphased	0.174050632911392	0.174050632911392	1
17	7474872	7474873	13	23	1	1	0	1	NA	NA	NA	unphased	0.978551336146273	0.978551336146273	1
17	7481341	7481342	84	28	1	1	0	1	NA	NA	NA	unphased	0.382911392405063	0.382911392405063	1
17	7481894	7481895	17	21	1	1	0	1	NA	NA	NA	unphased	0.846435709526982	0.846435709526982	1
17	9503417	9503418	81	133	1	1	0	1	NA	NA	NA	unphased	0.951910564296699	0.951910564296699	1
17	10358045	10358046	64	89	1	1	0	1	NA	NA	NA	unphased	0.890957226772566	0.890957226772566	1
17	10533197	10533198	94	124	1	1	0	1	NA	NA	NA	unphased	0.871211241435373	0.871211241435373	1
17	14140019	14140020	17	32	1	1	0	1	NA	NA	NA	unphased	1.00025833118057	1.00025833118057	1
17	14140164	14140165	67	8	1	1	0	1	NA	NA	NA	unphased	0.16337552742616	0.16337552742616	1
17	15443872	15443873	83	14	1	1	0	1	NA	NA	NA	unphased	0.221062247161686	0.221062247161686	1
17	21319343	21319344	222	23	3	2	1	1	NA	NA	NA	unphased	0.331542237148024	0.331542237148024	1
17	26881179	26881180	87	62	2	1	1	1	NA	NA	NA	unphased	1.05343641151984	1.05343641151984	1
17	26975978	26975979	98	49	2	1	1	1	NA	NA	NA	unphased	0.843881856540084	0.843881856540084	1
17	30519309	30519310	82	8	2	1	1	1	NA	NA	NA	unphased	0.225035161744022	0.225035161744022	1
17	33331299	33331300	59	36	2	1	1	1	NA	NA	NA	unphased	0.959360426382412	0.959360426382412	1
17	35297918	35297919	88	59	2	1	1	1	NA	NA	NA	unphased	1.01610264358908	1.01610264358908	1
17	35787088	35787089	29	21	2	1	1	1	NA	NA	NA	unphased	1.06329113924051	1.06329113924051	1
17	37557687	37557688	19	7	2	1	1	1	NA	NA	NA	unphased	0.68159688412853	0.68159688412853	1
17	39316834	39316835	206	125	2	1	1	1	NA	NA	NA	unphased	0.9560595051436	0.9560595051436	1
17	40275024	40275025	240	32	2	1	1	1	NA	NA	NA	unphased	0.297840655249442	0.297840655249442	1
17	44845713	44845714	137	57	2	1	1	1	NA	NA	NA	unphased	0.743834007568837	0.743834007568837	1
17	45018035	45018036	126	9	2	1	1	1	NA	NA	NA	unphased	0.168776371308017	0.168776371308017	1
17	45361948	45361949	193	128	2	1	1	1	NA	NA	NA	unphased	1.00950352931898	1.00950352931898	1
17	45369557	45369558	95	57	2	1	1	1	NA	NA	NA	unphased	0.949367088607595	0.949367088607595	1
17	45387697	45387698	7	14	2	1	1	1	NA	NA	NA	unphased	1.68776371308017	1.68776371308017	1
17	46052990	46052991	234	107	2	1	1	1	NA	NA	NA	unphased	0.79438731949961	0.79438731949961	1
17	48148800	48148801	92	52	2	1	1	1	NA	NA	NA	unphased	0.914205344585091	0.914205344585091	1
17	48603345	48603346	206	118	2	1	1	1	NA	NA	NA	unphased	0.922019065478981	0.922019065478981	1
17	48755127	48755128	434	201	2	1	1	1	NA	NA	NA	unphased	0.801355526761686	0.801355526761686	1
17	48827911	48827912	113	96	2	1	1	1	NA	NA	NA	unphased	1.16286112288777	1.16286112288777	1
17	56356547	56356548	29	24	2	1	1	1	NA	NA	NA	unphased	1.14640554096011	1.14640554096011	1
17	59152277	59152278	87	62	2	1	1	1	NA	NA	NA	unphased	1.05343641151984	1.05343641151984	1
17	59543274	59543275	240	11	2	1	1	1	NA	NA	NA	unphased	0.110948610620808	0.110948610620808	1
17	59793370	59793371	107	6	2	1	1	1	NA	NA	NA	unphased	0.134423658563907	0.134423658563907	1
17	61511941	61511942	77	9	2	1	1	1	NA	NA	NA	unphased	0.264939652634678	0.264939652634678	1
17	66891078	66891079	108	10	2	1	1	1	NA	NA	NA	unphased	0.214546234713581	0.214546234713581	1
17	66924196	66924197	72	14	2	1	1	1	NA	NA	NA	unphased	0.412128348542832	0.412128348542832	1
17	72915716	72915717	154	21	2	1	1	1	NA	NA	NA	unphased	0.30379746835443	0.30379746835443	1
17	73058245	73058246	112	78	2	1	1	1	NA	NA	NA	unphased	1.03930712858095	1.03930712858095	1
17	73518241	73518242	9	10	2	1	1	1	NA	NA	NA	unphased	1.33244503664224	1.33244503664224	1
17	74001529	74001530	149	11	2	1	1	1	NA	NA	NA	unphased	0.174050632911392	0.174050632911392	1
17	75205559	75205560	63	43	2	1	1	1	NA	NA	NA	unphased	1.0269882971101	1.0269882971101	1
17	75209483	75209484	57	37	2	1	1	1	NA	NA	NA	unphased	0.996498788042015	0.996498788042015	1
17	75212766	75212767	90	50	2	1	1	1	NA	NA	NA	unphased	0.904159132007233	0.904159132007233	1
17	79094341	79094342	12	10	2	1	1	1	NA	NA	NA	unphased	1.15074798619102	1.15074798619102	1
17	80014519	80014520	53	30	2	1	1	1	NA	NA	NA	unphased	0.915052615525393	0.915052615525393	1
18	3457779	3457780	214	20	2	1	1	1	NA	NA	NA	unphased	0.216379963215406	0.216379963215406	1
18	6138263	6138264	48	11	2	1	1	1	NA	NA	NA	unphased	0.472001716369878	0.472001716369878	1
18	9257404	9257405	218	23	2	1	1	1	NA	NA	NA	unphased	0.24160932822102	0.24160932822102	1
18	9549238	9549239	362	33	2	1	1	1	NA	NA	NA	unphased	0.211504566575869	0.211504566575869	1
18	12325244	12325245	149	86	2	1	1	1	NA	NA	NA	unphased	0.926474548882305	0.926474548882305	1
18	13116432	13116433	113	70	2	1	1	1	NA	NA	NA	unphased	0.968389015701736	0.968389015701736	1
18	14105280	14105281	167	11	2	1	1	1	NA	NA	NA	unphased	0.156450007111364	0.156450007111364	1
18	14511918	14511919	49	49	2	1	1	1	NA	NA	NA	unphased	1.26582278481013	1.26582278481013	1
18	15316762	15316763	20	5	2	1	1	1	NA	NA	NA	unphased	0.506329113924051	0.506329113924051	1
18	19751310	19751311	13	14	2	1	1	1	NA	NA	NA	unphased	1.31270511017346	1.31270511017346	1
18	29178566	29178567	139	71	2	1	1	1	NA	NA	NA	unphased	0.855937311633514	0.855937311633514	1
18	32409054	32409055	81	47	2	1	1	1	NA	NA	NA	unphased	0.929588607594937	0.929588607594937	1
18	32409106	32409107	50	24	2	1	1	1	NA	NA	NA	unphased	0.821074238795758	0.821074238795758	1
18	34846520	34846521	18	6	2	1	1	1	NA	NA	NA	unphased	0.632911392405063	0.632911392405063	1
18	42530581	42530582	114	73	2	1	1	1	NA	NA	NA	unphased	0.988289446964056	0.988289446964056	1
18	43405692	43405693	93	34	2	1	1	1	NA	NA	NA	unphased	0.677763380843217	0.677763380843217	1
18	46956742	46956743	150	53	2	1	1	1	NA	NA	NA	unphased	0.660971503398391	0.660971503398391	1
18	51820943	51820944	10	5	2	1	1	1	NA	NA	NA	unphased	0.843881856540084	0.843881856540084	1
18	52895481	52895482	193	19	2	1	1	1	NA	NA	NA	unphased	0.226892763315023	0.226892763315023	1
18	59894587	59894588	69	42	2	1	1	1	NA	NA	NA	unphased	0.957919945261717	0.957919945261717	1
18	60036498	60036499	128	71	2	1	1	1	NA	NA	NA	unphased	0.903250429362	0.903250429362	1
18	70534598	70534599	15	9	2	1	1	1	NA	NA	NA	unphased	0.949367088607595	0.949367088607595	1
18	72999497	72999498	140	8	2	1	1	1	NA	NA	NA	unphased	0.13684570646596	0.13684570646596	1
19	282198	282199	122	9	2	1	1	1	NA	NA	NA	unphased	0.173929848294521	0.173929848294521	1
19	1043060	1043061	100	54	2	1	1	1	NA	NA	NA	unphased	0.887719875061647	0.887719875061647	1
19	1068594	1068595	52	38	2	1	1	1	NA	NA	NA	unphased	1.06891701828411	1.06891701828411	1
19	1068595	1068596	53	37	2	1	1	1	NA	NA	NA	unphased	1.0407876230661	1.0407876230661	1
19	1468355	1468356	17	6	2	1	1	1	NA	NA	NA	unphased	0.66042927903137	0.66042927903137	1
19	2993543	2993544	103	60	2	1	1	1	NA	NA	NA	unphased	0.931894074706842	0.931894074706842	1
19	3977985	3977986	86	44	2	1	1	1	NA	NA	NA	unphased	0.856864654333009	0.856864654333009	1
19	4054184	4054185	86	40	2	1	1	1	NA	NA	NA	unphased	0.803697006228652	0.803697006228652	1
19	4168346	4168347	79	48	2	1	1	1	NA	NA	NA	unphased	0.956842420013954	0.956842420013954	1
19	4950724	4950725	66	33	2	1	1	1	NA	NA	NA	unphased	0.843881856540084	0.843881856540084	1
19	5210594	5210595	169	17	2	1	1	1	NA	NA	NA	unphased	0.231386960664217	0.231386960664217	1
19	6590888	6590889	221	109	2	1	1	1	NA	NA	NA	unphased	0.836210203298811	0.836210203298811	1
19	6751253	6751254	233	25	2	1	1	1	NA	NA	NA	unphased	0.245314493180257	0.245314493180257	1
19	7809097	7809098	194	11	2	1	1	1	NA	NA	NA	unphased	0.135844396418648	0.135844396418648	1
19	9056520	9056521	191	19	2	1	1	1	NA	NA	NA	unphased	0.229053646775166	0.229053646775166	1
19	10291234	10291235	155	89	2	1	1	1	NA	NA	NA	unphased	0.923428097115584	0.923428097115584	1
19	10402960	10402961	50	38	2	1	1	1	NA	NA	NA	unphased	1.09321058688147	1.09321058688147	1
19	10610365	10610366	89	39	2	1	1	1	NA	NA	NA	unphased	0.771360759493671	0.771360759493671	1
19	11101982	11101983	18	13	2	1	1	1	NA	NA	NA	unphased	1.06165781951817	1.06165781951817	1
19	11617209	11617210	247	29	2	1	1	1	NA	NA	NA	unphased	0.266006237387635	0.266006237387635	1
19	11942595	11942596	178	101	2	1	1	1	NA	NA	NA	unphased	0.916473844199446	0.916473844199446	1
19	12575967	12575968	83	46	2	1	1	1	NA	NA	NA	unphased	0.902757334903346	0.902757334903346	1
19	12790339	12790340	330	193	2	1	1	1	NA	NA	NA	unphased	0.934240143282426	0.934240143282426	1
19	12975632	12975633	90	36	2	1	1	1	NA	NA	NA	unphased	0.723327305605787	0.723327305605787	1
19	12984645	12984646	35	16	2	1	1	1	NA	NA	NA	unphased	0.794241747331844	0.794241747331844	1
19	13050349	13050350	293	171	2	1	1	1	NA	NA	NA	unphased	0.932998690528154	0.932998690528154	1
19	13054670	13054671	14	10	2	1	1	1	NA	NA	NA	unphased	1.05485232067511	1.05485232067511	1
19	13941132	13941133	178	97	2	1	1	1	NA	NA	NA	unphased	0.892980437284235	0.892980437284235	1
19	14076482	14076483	118	33	2	1	1	1	NA	NA	NA	unphased	0.553273535082572	0.553273535082572	1
19	15272465	15272466	44	22	2	1	1	1	NA	NA	NA	unphased	0.843881856540084	0.843881856540084	1
19	15484822	15484823	140	88	2	1	1	1	NA	NA	NA	unphased	0.977126360204308	0.977126360204308	1
19	16687957	16687958	154	97	2	1	1	1	NA	NA	NA	unphased	0.978365020928942	0.978365020928942	1
19	17515238	17515239	256	74	2	1	1	1	NA	NA	NA	unphased	0.567702339854239	0.567702339854239	1
19	18245740	18245741	182	87	2	1	1	1	NA	NA	NA	unphased	0.818784998353019	0.818784998353019	1
19	19627034	19627035	123	71	2	1	1	1	NA	NA	NA	unphased	0.926530079603288	0.926530079603288	1
19	19751002	19751003	77	38	2	1	1	1	NA	NA	NA	unphased	0.836543753439736	0.836543753439736	1
19	19756508	19756509	25	12	2	1	1	1	NA	NA	NA	unphased	0.821074238795758	0.821074238795758	1
19	20307962	20307963	70	38	2	1	1	1	NA	NA	NA	unphased	0.890764181903422	0.890764181903422	1
19	20748515	20748516	142	81	2	1	1	1	NA	NA	NA	unphased	0.919566327978657	0.919566327978657	1
19	21239513	21239514	53	25	2	1	1	1	NA	NA	NA	unphased	0.811424862057774	0.811424862057774	1
19	21512057	21512058	291	31	2	1	1	1	NA	NA	NA	unphased	0.243729852975863	0.243729852975863	1
19	23836012	23836013	37	5	2	1	1	1	NA	NA	NA	unphased	0.301386377335744	0.301386377335744	1
19	33623230	33623231	201	133	2	1	1	1	NA	NA	NA	unphased	1.00811036155537	1.00811036155537	1
19	36293953	36293954	5	3	1	1	0	1	NA	NA	NA	unphased	0.574367088607595	0.574367088607595	1
19	36387339	36387340	49	111	1	1	0	1	NA	NA	NA	unphased	1.06257911392405	1.06257911392405	1
19	38160794	38160795	68	83	1	1	0	1	NA	NA	NA	unphased	0.84189789588398	0.84189789588398	1
19	40419678	40419679	78	124	1	1	0	1	NA	NA	NA	unphased	0.940218072440155	0.940218072440155	1
19	41448095	41448096	32	62	1	1	0	1	NA	NA	NA	unphased	1.01023431187719	1.01023431187719	1
19	43528932	43528933	168	236	1	1	0	1	NA	NA	NA	unphased	0.894723649580148	0.894723649580148	1
19	45316558	45316559	71	94	1	1	0	1	NA	NA	NA	unphased	0.872573839662447	0.872573839662447	1
19	47724983	47724984	13	19	1	1	0	1	NA	NA	NA	unphased	0.909414556962025	0.909414556962025	1
19	51322599	51322600	89	7	1	1	0	1	NA	NA	NA	unphased	0.111682489451477	0.111682489451477	1
19	54652143	54652144	36	4	1	1	0	1	NA	NA	NA	unphased	0.153164556962025	0.153164556962025	1
19	55317463	55317464	26	35	1	1	0	1	NA	NA	NA	unphased	0.878813031749325	0.878813031749325	1
19	55858904	55858905	6	4	1	1	0	1	NA	NA	NA	unphased	0.612658227848101	0.612658227848101	1
19	55997929	55997930	3	12	1	1	0	1	NA	NA	NA	unphased	1.2253164556962	1.2253164556962	1
19	58067820	58067821	22	27	1	1	0	1	NA	NA	NA	unphased	0.843967966933609	0.843967966933609	1
19	58867951	58867952	2	6	1	1	0	1	NA	NA	NA	unphased	1.14873417721519	1.14873417721519	1
19	58988572	58988573	118	124	1	1	0	1	NA	NA	NA	unphased	0.784810126582278	0.784810126582278	1
2	10560206	10560207	214	96	3	2	1	1	NA	NA	NA	unphased	1.09367088607595	1.09367088607595	1
2	11800177	11800178	210	52	3	2	1	1	NA	NA	NA	unphased	0.70093728862692	0.70093728862692	1
2	15694226	15694227	55	14	3	2	1	1	NA	NA	NA	unphased	0.716565767749037	0.716565767749037	1
2	16085838	16085839	150	48	3	2	1	1	NA	NA	NA	unphased	0.856156501726122	0.856156501726122	1
2	17698900	17698901	116	39	3	2	1	1	NA	NA	NA	unphased	0.888607594936709	0.888607594936709	1
2	25965997	25965998	168	70	3	2	1	1	NA	NA	NA	unphased	1.03871928518243	1.03871928518243	1
2	27121433	27121434	391	159	3	2	1	1	NA	NA	NA	unphased	1.0209666283084	1.0209666283084	1
2	27147899	27147900	127	34	3	2	1	1	NA	NA	NA	unphased	0.74581335010614	0.74581335010614	1
2	32726833	32726834	159	44	3	2	1	1	NA	NA	NA	unphased	0.765479827897986	0.765479827897986	1
2	33498807	33498808	58	24	3	2	1	1	NA	NA	NA	unphased	1.03365236184007	1.03365236184007	1
2	36583569	36583570	78	29	3	2	1	1	NA	NA	NA	unphased	0.957174967467171	0.957174967467171	1
2	38570461	38570462	180	59	3	2	1	1	NA	NA	NA	unphased	0.87182882262592	0.87182882262592	1
2	39499649	39499650	132	42	3	2	1	1	NA	NA	NA	unphased	0.852466171977303	0.852466171977303	1
2	43818043	43818044	114	17	3	2	1	1	NA	NA	NA	unphased	0.458305150256063	0.458305150256063	1
2	44933468	44933469	315	91	3	2	1	1	NA	NA	NA	unphased	0.791575731121781	0.791575731121781	1
2	48033369	48033370	96	22	3	2	1	1	NA	NA	NA	unphased	0.658442394335979	0.658442394335979	1
2	49295369	49295370	175	174	3	2	1	1	NA	NA	NA	unphased	1.76076312067027	0.880381560335135	2
2	50149108	50149109	152	18	3	2	1	1	NA	NA	NA	unphased	0.373938942665674	0.373938942665674	1
2	54858738	54858739	296	90	3	2	1	1	NA	NA	NA	unphased	0.823440676854463	0.823440676854463	1
2	54891724	54891725	375	122	3	2	1	1	NA	NA	NA	unphased	0.86692305733133	0.86692305733133	1
2	60688453	60688454	78	37	3	2	1	1	NA	NA	NA	unphased	1.13626857457347	1.13626857457347	1
2	62066611	62066612	230	74	3	2	1	1	NA	NA	NA	unphased	0.859676882078614	0.859676882078614	1
2	62449840	62449841	249	97	3	2	1	1	NA	NA	NA	unphased	0.990085607668106	0.990085607668106	1
2	71576267	71576268	273	103	3	2	1	1	NA	NA	NA	unphased	0.967445461890654	0.967445461890654	1
2	73476180	73476181	159	43	3	2	1	1	NA	NA	NA	unphased	0.75178593808748	0.75178593808748	1
2	74043111	74043112	99	33	3	2	1	1	NA	NA	NA	unphased	0.882911392405063	0.882911392405063	1
2	74043262	74043263	216	22	3	2	1	1	NA	NA	NA	unphased	0.326454632485906	0.326454632485906	1
2	74432958	74432959	274	73	3	2	1	1	NA	NA	NA	unphased	0.742968664502243	0.742968664502243	1
2	74653394	74653395	297	294	3	2	1	1	NA	NA	NA	unphased	1.75685921737454	0.878429608687271	2
2	75900578	75900579	45	16	3	2	1	1	NA	NA	NA	unphased	0.926333264162689	0.926333264162689	1
2	80529788	80529789	121	46	3	2	1	1	NA	NA	NA	unphased	0.97278860001516	0.97278860001516	1
2	80530431	80530432	130	155	3	2	1	1	NA	NA	NA	unphased	1.92071952031979	0.960359760159893	2
2	86310235	86310236	144	12	3	2	1	1	NA	NA	NA	unphased	0.271665043816943	0.271665043816943	1
2	88367515	88367516	270	79	3	2	1	1	NA	NA	NA	unphased	0.799426934097421	0.799426934097421	1
2	88383860	88383861	118	114	3	2	1	1	NA	NA	NA	unphased	1.73537756438237	0.867688782191183	2
2	90259790	90259791	484	124	3	2	1	1	NA	NA	NA	unphased	0.72026982011992	0.72026982011992	1
2	95756152	95756153	449	31	3	2	1	1	NA	NA	NA	unphased	0.228085443037975	0.228085443037975	1
2	96795837	96795838	237	68	3	2	1	1	NA	NA	NA	unphased	0.787383274538286	0.787383274538286	1
2	96993329	96993330	186	13	3	2	1	1	NA	NA	NA	unphased	0.230710514598308	0.230710514598308	1
2	99980848	99980849	202	174	3	2	1	1	NA	NA	NA	unphased	1.6343253433881	0.817162671694048	2
2	101885757	101885758	145	64	3	2	1	1	NA	NA	NA	unphased	1.08146084428563	1.08146084428563	1
2	113310363	113310364	99	39	3	2	1	1	NA	NA	NA	unphased	0.998073747936158	0.998073747936158	1
2	113788730	113788731	127	14	3	2	1	1	NA	NA	NA	unphased	0.350659843792082	0.350659843792082	1
2	119600590	119600591	197	11	3	2	1	1	NA	NA	NA	unphased	0.186769717624148	0.186769717624148	1
2	127453704	127453705	97	39	3	2	1	1	NA	NA	NA	unphased	1.01275130305287	1.01275130305287	1
2	131103263	131103264	185	78	3	2	1	1	NA	NA	NA	unphased	1.04740819175049	1.04740819175049	1
2	135012051	135012052	127	9	3	2	1	1	NA	NA	NA	unphased	0.233711839166046	0.233711839166046	1
2	135957931	135957932	11	18	3	2	1	1	NA	NA	NA	unphased	2.19205587079878	1.09602793539939	2
2	136872462	136872463	14	29	3	2	1	1	NA	NA	NA	unphased	2.38180747718575	1.19090373859288	2
2	141135856	141135857	81	32	3	2	1	1	NA	NA	NA	unphased	1.00011201971547	1.00011201971547	1
2	141250174	141250175	205	11	3	2	1	1	NA	NA	NA	unphased	0.179852320675105	0.179852320675105	1
2	141771271	141771272	130	47	2	1	1	1	NA	NA	NA	unphased	0.67224486876922	0.67224486876922	1
2	152352871	152352872	49	6	3	2	1	1	NA	NA	NA	unphased	0.385270425776755	0.385270425776755	1
2	160833856	160833857	63	98	3	2	1	1	NA	NA	NA	unphased	2.14969730324711	1.07484865162356	2
2	162875294	162875295	210	81	3	2	1	1	NA	NA	NA	unphased	0.983035364739658	0.983035364739658	1
2	163070529	163070530	245	114	3	2	1	1	NA	NA	NA	unphased	1.12146962377913	1.12146962377913	1
2	163241439	163241440	103	116	3	2	1	1	NA	NA	NA	unphased	1.87064331541529	0.935321657707647	2
2	167134662	167134663	101	31	3	2	1	1	NA	NA	NA	unphased	0.829401611047181	0.829401611047181	1
2	167168198	167168199	227	88	3	2	1	1	NA	NA	NA	unphased	0.986618444846293	0.986618444846293	1
2	167760126	167760127	131	53	3	2	1	1	NA	NA	NA	unphased	1.01726747385801	1.01726747385801	1
2	170145571	170145572	236	101	3	2	1	1	NA	NA	NA	unphased	1.05844570484168	1.05844570484168	1
2	173354322	173354323	136	9	3	2	1	1	NA	NA	NA	unphased	0.219205587079878	0.219205587079878	1
2	173435540	173435541	87	44	3	2	1	1	NA	NA	NA	unphased	1.18620156536863	1.18620156536863	1
2	174229592	174229593	185	68	3	2	1	1	NA	NA	NA	unphased	0.949216991044179	0.949216991044179	1
2	176947126	176947127	138	16	3	2	1	1	NA	NA	NA	unphased	0.366924215025481	0.366924215025481	1
2	176989103	176989104	12	8	3	2	1	1	NA	NA	NA	unphased	1.4126582278481	1.4126582278481	1
2	179412200	179412201	49	21	3	2	1	1	NA	NA	NA	unphased	1.05949367088608	1.05949367088608	1
2	179428712	179428713	269	19	3	2	1	1	NA	NA	NA	unphased	0.232990506329114	0.232990506329114	1
2	179443374	179443375	51	18	3	2	1	1	NA	NA	NA	unphased	0.921298844248762	0.921298844248762	1
2	179659666	179659667	146	155	3	2	1	1	NA	NA	NA	unphased	1.81862147272804	0.909310736364019	2
2	187503134	187503135	110	32	1.24	2	1	0.12	1	0	0.88	unphased	0.399244072027099	0.399244072027099	1
2	189870172	189870173	221	22	1.34	2	1	0.17	1	0	0.83	unphased	0.169449393134344	0.996761136084376	0.17
2	197182025	197182026	48	21	2	2	0	1	NA	NA	NA	unphased	0.770500825536599	0.770500825536599	1
2	201685945	201685946	194	17	2	2	0	1	NA	NA	NA	unphased	0.20397144399784	0.20397144399784	1
2	201726457	201726458	228	81	2	2	0	1	NA	NA	NA	unphased	0.663635246405309	0.663635246405309	1
2	210594647	210594648	32	80	2	2	0	1	NA	NA	NA	unphased	1.80831826401447	0.904159132007233	2
2	211306111	211306112	158	81	2	2	0	1	NA	NA	NA	unphased	0.858005402256236	0.858005402256236	1
2	219920032	219920033	22	59	2	2	0	1	NA	NA	NA	unphased	1.84403813095796	0.922019065478981	2
2	220113190	220113191	251	90	2	2	0	1	NA	NA	NA	unphased	0.668176250046401	0.668176250046401	1
2	220136246	220136247	170	18	2	2	0	1	NA	NA	NA	unphased	0.242391597091301	0.242391597091301	1
2	220337674	220337675	139	10	2	2	0	1	NA	NA	NA	unphased	0.169909098632232	0.169909098632232	1
2	220422149	220422150	6	5	2	2	0	1	NA	NA	NA	unphased	1.15074798619102	1.15074798619102	1
2	224746777	224746778	434	236	2	2	0	1	NA	NA	NA	unphased	0.891743812582656	0.891743812582656	1
2	227924269	227924270	182	119	2	2	0	1	NA	NA	NA	unphased	1.00088313217545	1.00088313217545	1
2	230450656	230450657	94	40	2	2	0	1	NA	NA	NA	unphased	0.755715095409031	0.755715095409031	1
2	231033743	231033744	95	80	2	2	0	1	NA	NA	NA	unphased	1.15732368896926	1.15732368896926	1
2	231308890	231308891	86	36	2	2	0	1	NA	NA	NA	unphased	0.747042954969911	0.747042954969911	1
2	233244482	233244483	104	51	2	2	0	1	NA	NA	NA	unphased	0.83299305839118	0.83299305839118	1
2	233272696	233272697	88	261	2	2	0	1	NA	NA	NA	unphased	1.89329367814007	0.946646839070037	2
2	233396343	233396344	228	12	2	2	0	1	NA	NA	NA	unphased	0.126582278481013	0.126582278481013	1
2	233899532	233899533	64	219	2	2	0	1	NA	NA	NA	unphased	1.95911794963546	0.97955897481773	2
2	238483689	238483690	77	29	2	2	0	1	NA	NA	NA	unphased	0.692620014330069	0.692620014330069	1
2	241404103	241404104	50	25	2	2	0	1	NA	NA	NA	unphased	0.843881856540084	0.843881856540084	1
20	368785	368786	600	100	4.4	4	1	0.85	0	1	0.15	unphased	0.704520795660036	0.704520795660036	1
20	590655	590656	14	4	4.4	4	1	0.85	0	1	0.15	unphased	1.09592123769339	1.09592123769339	1
20	2083496	2083497	36	7	5	4	1	1	NA	NA	NA	unphased	0.900500441566088	0.900500441566088	1
20	2293601	2293602	250	520	5	4	1	1	NA	NA	NA	unphased	3.73565674831498	0.933914187078744	4
20	2398204	2398205	126	28	5	4	1	1	NA	NA	NA	unphased	1.00575373993096	1.00575373993096	1
20	2641560	2641561	320	71	5	4	1	1	NA	NA	NA	unphased	1.00446760982874	1.00446760982874	1
20	3356831	3356832	169	37	5	4	1	1	NA	NA	NA	unphased	0.993547990659948	0.993547990659948	1
20	3734740	3734741	139	22	5	4	1	1	NA	NA	NA	unphased	0.755877034358047	0.755877034358047	1
20	3888804	3888805	355	87	5	4	1	1	NA	NA	NA	unphased	1.08880806460851	1.08880806460851	1
20	6759534	6759535	461	76	6	5	1	1	NA	NA	NA	unphased	0.924404214694859	0.924404214694859	1
20	10625550	10625551	649	197	2.08	2	1	0.08	1	1	0.92	unphased	0.608149145644432	0.608149145644432	1
20	16352330	16352331	125	66	2	1	1	1	NA	NA	NA	unphased	0.874809463847836	0.874809463847836	1
20	24988244	24988245	45	17	2	1	1	1	NA	NA	NA	unphased	0.69416088199265	0.69416088199265	1
20	32660061	32660062	131	30	2	1	1	1	NA	NA	NA	unphased	0.471735199308122	0.471735199308122	1
20	34828475	34828476	122	56	2	1	1	1	NA	NA	NA	unphased	0.796472763476035	0.796472763476035	1
20	35555607	35555608	200	9	2	1	1	1	NA	NA	NA	unphased	0.109018230270729	0.109018230270729	1
20	43132462	43132463	116	72	2	1	1	1	NA	NA	NA	unphased	0.969566388365203	0.969566388365203	1
20	43585047	43585048	473	34	2	1	1	1	NA	NA	NA	unphased	0.169775048061319	0.169775048061319	1
20	47990349	47990350	233	14	2	1	1	1	NA	NA	NA	unphased	0.143494080869164	0.143494080869164	1
20	56886152	56886153	152	103	2	1	1	1	NA	NA	NA	unphased	1.02258624968975	1.02258624968975	1
20	57569723	57569724	108	74	2	1	1	1	NA	NA	NA	unphased	1.029350396439	1.029350396439	1
20	60910276	60910277	50	32	2	1	1	1	NA	NA	NA	unphased	0.987959246681074	0.987959246681074	1
20	61527907	61527908	289	80	2	1	1	1	NA	NA	NA	unphased	0.548866248156152	0.548866248156152	1
20	62842578	62842579	78	51	2	1	1	1	NA	NA	NA	unphased	1.00088313217545	1.00088313217545	1
21	16340402	16340403	24	41	1	1	0	1	NA	NA	NA	unphased	0.966114897760467	0.966114897760467	1
21	22910360	22910361	10	9	1	1	0	1	NA	NA	NA	unphased	0.725516322451699	0.725516322451699	1
21	30715013	30715014	114	62	2	1	1	1	NA	NA	NA	unphased	0.891829689298044	0.891829689298044	1
21	31691782	31691783	502	44	2	1	1	1	NA	NA	NA	unphased	0.204015393888812	0.204015393888812	1
21	31933417	31933418	197	120	2	1	1	1	NA	NA	NA	unphased	0.958351635187477	0.958351635187477	1
21	34066593	34066594	34	21	2	1	1	1	NA	NA	NA	unphased	0.96662830840046	0.96662830840046	1
21	34809284	34809285	109	8	2	1	1	1	NA	NA	NA	unphased	0.173103970572325	0.173103970572325	1
21	38114102	38114103	39	19	2	1	1	1	NA	NA	NA	unphased	0.829332169358359	0.829332169358359	1
21	41033252	41033253	197	91	2	1	1	1	NA	NA	NA	unphased	0.799929676511955	0.799929676511955	1
21	41416026	41416027	207	32	2	1	1	1	NA	NA	NA	unphased	0.338965097187649	0.338965097187649	1
21	42767683	42767684	89	46	2	1	1	1	NA	NA	NA	unphased	0.862634786685419	0.862634786685419	1
21	43161013	43161014	104	66	2	1	1	1	NA	NA	NA	unphased	0.982874162323157	0.982874162323157	1
21	43187161	43187162	58	20	2	1	1	1	NA	NA	NA	unphased	0.649139889646219	0.649139889646219	1
21	43504263	43504264	258	164	2	1	1	1	NA	NA	NA	unphased	0.9838622592837	0.9838622592837	1
21	43979096	43979097	78	40	2	1	1	1	NA	NA	NA	unphased	0.858184938854323	0.858184938854323	1
21	43988496	43988497	80	7	2	1	1	1	NA	NA	NA	unphased	0.203695620544158	0.203695620544158	1
21	45548208	45548209	132	71	2	1	1	1	NA	NA	NA	unphased	0.885452391345015	0.885452391345015	1
21	46285307	46285308	105	13	2	1	1	1	NA	NA	NA	unphased	0.278910105127655	0.278910105127655	1
22	16267062	16267063	489	79	2	1	1	1	NA	NA	NA	unphased	0.352112676056338	0.352112676056338	1
22	19048346	19048347	25	28	2	1	1	1	NA	NA	NA	unphased	1.33747313112013	1.33747313112013	1
22	20103826	20103827	125	75	2	1	1	1	NA	NA	NA	unphased	0.949367088607595	0.949367088607595	1
22	20718549	20718550	131	10	2	1	1	1	NA	NA	NA	unphased	0.179549331178741	0.179549331178741	1
22	22599378	22599379	135	72	2	1	1	1	NA	NA	NA	unphased	0.880572372041827	0.880572372041827	1
22	22930994	22930995	741	97	2	1	1	1	NA	NA	NA	unphased	0.293042506268693	0.293042506268693	1
22	24938853	24938854	49	38	2	1	1	1	NA	NA	NA	unphased	1.10577622581114	1.10577622581114	1
22	25308688	25308689	43	16	2	1	1	1	NA	NA	NA	unphased	0.686547951083458	0.686547951083458	1
22	26070442	26070443	148	21	2	1	1	1	NA	NA	NA	unphased	0.314583177290091	0.314583177290091	1
22	26228893	26228894	178	10	2	1	1	1	NA	NA	NA	unphased	0.134661998384056	0.134661998384056	1
22	28192816	28192817	305	15	2	1	1	1	NA	NA	NA	unphased	0.118670886075949	0.118670886075949	1
22	29682979	29682980	126	60	2	1	1	1	NA	NA	NA	unphased	0.816659861167824	0.816659861167824	1
22	29754916	29754917	26	25	2	1	1	1	NA	NA	NA	unphased	1.24100273020601	1.24100273020601	1
22	32753956	32753957	56	36	2	1	1	1	NA	NA	NA	unphased	0.990643918547056	0.990643918547056	1
22	35659155	35659156	60	55	2	1	1	1	NA	NA	NA	unphased	1.21078701155751	1.21078701155751	1
22	37414404	37414405	89	52	2	1	1	1	NA	NA	NA	unphased	0.933656522129455	0.933656522129455	1
22	37770816	37770817	105	84	2	1	1	1	NA	NA	NA	unphased	1.12517580872011	1.12517580872011	1
22	39436956	39436957	10	5	2	1	1	1	NA	NA	NA	unphased	0.843881856540084	0.843881856540084	1
22	40075190	40075191	16	15	2	1	1	1	NA	NA	NA	unphased	1.22498979175174	1.22498979175174	1
22	40161277	40161278	58	29	2	1	1	1	NA	NA	NA	unphased	0.843881856540084	0.843881856540084	1
22	41566456	41566457	142	72	2	1	1	1	NA	NA	NA	unphased	0.851768602862889	0.851768602862889	1
22	41626222	41626223	88	42	2	1	1	1	NA	NA	NA	unphased	0.817916260954236	0.817916260954236	1
22	42263225	42263226	190	119	2	1	1	1	NA	NA	NA	unphased	0.974970300274466	0.974970300274466	1
22	43089581	43089582	272	140	2	1	1	1	NA	NA	NA	unphased	0.860267912006882	0.860267912006882	1
22	46785284	46785285	114	67	2	1	1	1	NA	NA	NA	unphased	0.937128470522414	0.937128470522414	1
3	13413477	13413478	14	5	1	1	0	1	NA	NA	NA	unphased	0.403064623584277	0.403064623584277	1
3	14755612	14755613	22	34	1	1	0	1	NA	NA	NA	unphased	0.929927667269439	0.929927667269439	1
3	15297532	15297533	60	94	1	1	0	1	NA	NA	NA	unphased	0.934900542495479	0.934900542495479	1
3	38411601	38411602	121	82	1	1	0	1	NA	NA	NA	unphased	0.618694269501777	0.618694269501777	1
3	38738931	38738932	205	10	1	1	0	1	NA	NA	NA	unphased	0.0712393288195467	0.0712393288195467	1
3	38802217	38802218	108	8	1	1	0	1	NA	NA	NA	unphased	0.105630728939328	0.105630728939328	1
3	44882661	44882662	63	7	1	1	0	1	NA	NA	NA	unphased	0.153164556962025	0.153164556962025	1
3	45500366	45500367	40	55	1	1	0	1	NA	NA	NA	unphased	0.88674217188541	0.88674217188541	1
3	47371521	47371522	54	88	1	1	0	1	NA	NA	NA	unphased	0.949188803708326	0.949188803708326	1
3	47449924	47449925	50	64	1	1	0	1	NA	NA	NA	unphased	0.859871196979791	0.859871196979791	1
3	48481723	48481724	37	81	1	1	0	1	NA	NA	NA	unphased	1.0513838232139	1.0513838232139	1
3	48508955	48508956	105	9	1	1	0	1	NA	NA	NA	unphased	0.120919387075283	0.120919387075283	1
3	49136570	49136571	192	9	1	1	0	1	NA	NA	NA	unphased	0.0685811449083695	0.0685811449083695	1
3	49137260	49137261	110	36	1	1	0	1	NA	NA	NA	unphased	0.377666030865268	0.377666030865268	1
3	49149359	49149360	109	15	1	1	0	1	NA	NA	NA	unphased	0.18527970600245	0.18527970600245	1
3	49395349	49395350	19	3	1	1	0	1	NA	NA	NA	unphased	0.208860759493671	0.208860759493671	1
3	49698724	49698725	40	57	1	1	0	1	NA	NA	NA	unphased	0.900039149158293	0.900039149158293	1
3	87313514	87313515	55	52	1	1	0	1	NA	NA	NA	unphased	0.744351117946291	0.744351117946291	1
3	87313515	87313516	56	52	1	1	0	1	NA	NA	NA	unphased	0.737458977965307	0.737458977965307	1
3	93733335	93733336	73	14	4	3	1	1	NA	NA	NA	unphased	0.729230321548087	0.729230321548087	1
3	97467437	97467438	43	21	1.45	3	1	0.15	1	0	0.85	unphased	0.650227452531645	0.650227452531645	1
3	97869063	97869064	108	36	1.45	3	1	0.15	1	0	0.85	unphased	0.495411392405063	0.495411392405063	1
3	98251233	98251234	281	26	1.45	3	1	0.15	1	0	0.85	unphased	0.167826660619305	1.1188444041287	0.15
3	100053584	100053585	63	9	4	3	1	1	NA	NA	NA	unphased	0.566455696202532	0.566455696202532	1
3	100962609	100962610	409	22	4	3	1	1	NA	NA	NA	unphased	0.231313694969015	0.231313694969015	1
3	101390949	101390950	242	62	4	3	1	1	NA	NA	NA	unphased	0.924217188540973	0.924217188540973	1
3	105378025	105378026	294	72	4	3	1	1	NA	NA	NA	unphased	0.891471259597427	0.891471259597427	1
3	108344702	108344703	115	20	4	3	1	1	NA	NA	NA	unphased	0.671354899203	0.671354899203	1
3	113003368	113003369	171	17	4	3	1	1	NA	NA	NA	unphased	0.409776461082682	0.409776461082682	1
3	113379650	113379651	268	65	4	3	1	1	NA	NA	NA	unphased	0.884555441517467	0.884555441517467	1
3	113503563	113503564	195	49	4	3	1	1	NA	NA	NA	unphased	0.910043577505707	0.910043577505707	1
3	113890585	113890586	494	107	4	3	1	1	NA	NA	NA	unphased	0.80679879525685	0.80679879525685	1
3	113956127	113956128	6	7	4	3	1	1	NA	NA	NA	unphased	2.44011684518014	0.813372281726712	3
3	119246608	119246609	165	30	4	3	1	1	NA	NA	NA	unphased	0.697176241480039	0.697176241480039	1
3	121238847	121238848	425	87	4	3	1	1	NA	NA	NA	unphased	0.770025712025316	0.770025712025316	1
3	121238874	121238875	374	74	4	3	1	1	NA	NA	NA	unphased	0.748530741410488	0.748530741410488	1
3	121547706	121547707	48	92	4	3	1	1	NA	NA	NA	unphased	2.97793851717902	0.992646172393008	3
3	126201320	126201321	206	49	4	3	1	1	NA	NA	NA	unphased	0.870786795730951	0.870786795730951	1
3	129177476	129177477	203	58	4	3	1	1	NA	NA	NA	unphased	1.0070323488045	1.0070323488045	1
3	129249848	129249849	357	117	4	3	1	1	NA	NA	NA	unphased	1.11857074186829	1.11857074186829	1
3	134851556	134851557	63	17	4	3	1	1	NA	NA	NA	unphased	0.962974683544304	0.962974683544304	1
3	138219649	138219650	162	31	4	3	1	1	NA	NA	NA	unphased	0.727880894602217	0.727880894602217	1
3	141697496	141697497	115	22	4	3	1	1	NA	NA	NA	unphased	0.72770950753026	0.72770950753026	1
3	142840831	142840832	371	78	4	3	1	1	NA	NA	NA	unphased	0.787234642383919	0.787234642383919	1
3	145917685	145917686	104	31	1.66	3	1	0.22	1	0	0.78	unphased	0.503266760431317	0.503266760431317	1
3	147114064	147114065	53	123	1.66	3	1	0.22	1	0	0.78	unphased	1.53166139240506	1.06365374472574	1.44
3	147128699	147128700	430	126	1.66	3	1	0.22	1	0	0.78	unphased	0.496667880885165	0.496667880885165	1
3	150931858	150931859	276	58	1.66	3	1	0.22	1	0	0.78	unphased	0.380585158796331	0.380585158796331	1
3	152058373	152058374	256	64	1.66	3	1	0.22	1	0	0.78	unphased	0.438329113924051	0.438329113924051	1
3	154147423	154147424	161	9	1.66	3	1	0.22	1	0	0.78	unphased	0.116028294862249	0.527401340282949	0.22
3	155198930	155198931	102	227	1.66	3	1	0.22	1	0	0.78	unphased	1.51216882767112	1.05011724143828	1.44
3	155200537	155200538	503	108	1.66	3	1	0.22	1	0	0.78	unphased	0.387393979572811	0.387393979572811	1
3	157178108	157178109	249	76	1.66	3	1	0.22	1	0	0.78	unphased	0.512507887049659	0.512507887049659	1
3	157841716	157841717	310	63	1.66	3	1	0.22	1	0	0.78	unphased	0.370170699426477	0.370170699426477	1
3	158262077	158262078	96	160	1.66	3	1	0.22	1	0	0.78	unphased	1.36977848101266	0.951235056258791	1.44
3	158315989	158315990	232	15	1.66	3	1	0.22	1	0	0.78	unphased	0.133095884794752	0.133095884794752	1
3	159482232	159482233	24	13	1.66	3	1	0.22	1	0	0.78	unphased	0.770037632569278	0.770037632569278	1
3	160037672	160037673	199	58	1.66	3	1	0.22	1	0	0.78	unphased	0.494612618824804	0.494612618824804	1
3	161221108	161221109	14	42	1.66	3	1	0.22	1	0	0.78	unphased	1.64373417721519	1.14148206751055	1.44
3	164777073	164777074	124	26	1.69	3	1	0.23	1	0	0.77	unphased	0.38508523206751	0.38508523206751	1
3	164907003	164907004	243	15	1.69	3	1	0.23	1	0	0.77	unphased	0.129165440094201	0.129165440094201	1
3	165548396	165548397	228	54	1.69	3	1	0.23	1	0	0.77	unphased	0.425421492054942	0.425421492054942	1
3	167728062	167728063	543	28	1.69	3	1	0.23	1	0	0.77	unphased	0.108942339666142	0.108942339666142	1
3	168807861	168807862	346	93	1.69	3	1	0.23	1	0	0.77	unphased	0.470644733427525	0.470644733427525	1
3	169526469	169526470	41	13	1.69	3	1	0.23	1	0	0.77	unphased	0.534840600093765	0.534840600093765	1
3	170216618	170216619	310	89	1.69	3	1	0.23	1	0	0.77	unphased	0.495555026807525	0.495555026807525	1
3	180327469	180327470	144	37	1.69	3	1	0.23	1	0	0.77	unphased	0.454148541856074	0.454148541856074	1
3	182775134	182775135	59	14	1.69	3	1	0.23	1	0	0.77	unphased	0.426069013351829	0.426069013351829	1
3	183907485	183907486	165	44	1.69	3	1	0.23	1	0	0.77	unphased	0.467714856762158	0.467714856762158	1
3	184090200	184090201	109	30	1.69	3	1	0.23	1	0	0.77	unphased	0.479491849558328	0.479491849558328	1
3	188584048	188584049	357	82	1.69	3	1	0.23	1	0	0.77	unphased	0.41497707678556	0.41497707678556	1
3	190362109	190362110	129	33	1.69	3	1	0.23	1	0	0.77	unphased	0.45255743084857	0.45255743084857	1
3	191098621	191098622	92	15	1.69	3	1	0.23	1	0	0.77	unphased	0.31144564060097	1.35411148087378	0.23
3	193854200	193854201	113	18	4	3	1	1	NA	NA	NA	unphased	0.622668856894386	0.622668856894386	1
3	194159602	194159603	403	19	4	3	1	1	NA	NA	NA	unphased	0.204031435599016	0.204031435599016	1
3	194407547	194407548	101	10	4	3	1	1	NA	NA	NA	unphased	0.408256357623446	0.408256357623446	1
3	196199250	196199251	472	77	1.63	3	1	0.21	1	0	0.79	unphased	0.303181619054207	0.303181619054207	1
3	196528821	196528822	572	132	1.63	3	1	0.21	1	0	0.79	unphased	0.405308544303797	0.405308544303797	1
3	196554177	196554178	268	54	1.63	3	1	0.21	1	0	0.79	unphased	0.362511989936316	0.362511989936316	1
3	197598288	197598289	782	178	1.63	3	1	0.21	1	0	0.79	unphased	0.400805116033755	0.400805116033755	1
4	3443816	3443817	26	40	1	1	0	1	NA	NA	NA	unphased	0.928270042194093	0.928270042194093	1
4	6595040	6595041	34	42	1	1	0	1	NA	NA	NA	unphased	0.846435709526982	0.846435709526982	1
4	7043259	7043260	213	255	1	1	0	1	NA	NA	NA	unphased	0.83455047062642	0.83455047062642	1
4	20543073	20543074	19	49	1	1	0	1	NA	NA	NA	unphased	1.10368577810871	1.10368577810871	1
4	27009163	27009164	30	8	1	1	0	1	NA	NA	NA	unphased	0.322451698867422	0.322451698867422	1
4	47850160	47850161	116	30	1.46	2	1	0.23	1	0	0.77	unphased	0.409242240332929	0.409242240332929	1
4	48990559	48990560	88	58	2	1	1	0.28	1	1	0.72	unphased	1.00572221258887	1.00572221258887	1
4	56236432	56236433	26	15	2	1	1	1	NA	NA	NA	unphased	0.926211793763507	0.926211793763507	1
4	56458280	56458281	41	21	2	1	1	1	NA	NA	NA	unphased	0.857492854226215	0.857492854226215	1
4	57843774	57843775	20	13	2	1	1	1	NA	NA	NA	unphased	0.997314921365554	0.997314921365554	1
4	66356118	66356119	99	59	2	1	1	1	NA	NA	NA	unphased	0.945361320301234	0.945361320301234	1
4	69520884	69520885	176	63	NA	NA	NA	NA	NA	NA	NA	unphased	NA	NA	1
4	71099774	71099775	225	135	2	1	1	1	NA	NA	NA	unphased	0.949367088607595	0.949367088607595	1
4	72634129	72634130	95	35	2	1	1	1	NA	NA	NA	unphased	0.68159688412853	0.68159688412853	1
4	73984436	73984437	369	33	2	1	1	1	NA	NA	NA	unphased	0.207821651237483	0.207821651237483	1
4	74316448	74316449	156	71	2	1	1	1	NA	NA	NA	unphased	0.791836279484749	0.791836279484749	1
4	76924773	76924774	64	25	2	1	1	1	NA	NA	NA	unphased	0.711136395960745	0.711136395960745	1
4	77003166	77003167	117	69	2	1	1	1	NA	NA	NA	unphased	0.939158840342997	0.939158840342997	1
4	81123313	81123314	98	41	2	1	1	1	NA	NA	NA	unphased	0.746744376650578	0.746744376650578	1
4	84342735	84342736	41	11	2	1	1	1	NA	NA	NA	unphased	0.53554040895813	0.53554040895813	1
4	84391524	84391525	168	83	2	1	1	1	NA	NA	NA	unphased	0.837157698320641	0.837157698320641	1
4	106158354	106158355	86	67	2	1	1	1	NA	NA	NA	unphased	1.1086291056507	1.1086291056507	1
4	108930945	108930946	115	54	2	1	1	1	NA	NA	NA	unphased	0.808928170174519	0.808928170174519	1
4	110448514	110448515	190	99	2	1	1	1	NA	NA	NA	unphased	0.867241907932197	0.867241907932197	1
4	113568481	113568482	73	60	2	1	1	1	NA	NA	NA	unphased	1.14209574569335	1.14209574569335	1
4	114279139	114279140	80	44	2	1	1	1	NA	NA	NA	unphased	0.898325847284606	0.898325847284606	1
4	115766992	115766993	109	70	2	1	1	1	NA	NA	NA	unphased	0.990028993706244	0.990028993706244	1
4	119459038	119459039	37	17	2	1	1	1	NA	NA	NA	unphased	0.796999531176746	0.796999531176746	1
4	120527945	120527946	239	112	2	1	1	1	NA	NA	NA	unphased	0.807818529337517	0.807818529337517	1
4	123210330	123210331	16	11	2	1	1	1	NA	NA	NA	unphased	1.03141115799344	1.03141115799344	1
4	125592431	125592432	184	104	2	1	1	1	NA	NA	NA	unphased	0.914205344585091	0.914205344585091	1
4	128949642	128949643	10	8	2	1	1	1	NA	NA	NA	unphased	1.12517580872011	1.12517580872011	1
4	129869721	129869722	37	20	2	1	1	1	NA	NA	NA	unphased	0.888296691094826	0.888296691094826	1
4	141484489	141484490	167	16	2	1	1	1	NA	NA	NA	unphased	0.221346060731825	0.221346060731825	1
4	145567902	145567903	101	12	1	1	0	1	NA	NA	NA	unphased	0.162652626862328	0.162652626862328	1
4	164272091	164272092	32	77	1	1	0	1	NA	NA	NA	unphased	1.08198815468587	1.08198815468587	1
4	169343052	169343053	144	8	1	1	0	1	NA	NA	NA	unphased	0.0806129247168554	0.0806129247168554	1
4	169392915	169392916	34	30	1	1	0	1	NA	NA	NA	unphased	0.717958860759494	0.717958860759494	1
4	184240774	184240775	330	25	1	1	0	1	NA	NA	NA	unphased	0.107862364057764	0.107862364057764	1
4	189068522	189068523	41	59	1	1	0	1	NA	NA	NA	unphased	0.903670886075949	0.903670886075949	1
5	912081	912082	253	67	2	2	0	1	NA	NA	NA	unphased	0.53006329113924	0.53006329113924	1
5	2749657	2749658	256	125	2	2	0	1	NA	NA	NA	unphased	0.830592378484335	0.830592378484335	1
5	5463801	5463802	131	59	2	2	0	1	NA	NA	NA	unphased	0.786142571618921	0.786142571618921	1
5	6750517	6750518	42	101	2	2	0	1	NA	NA	NA	unphased	1.78808533238913	0.894042666194565	2
5	7706883	7706884	232	157	2	2	0	1	NA	NA	NA	unphased	1.02176954866422	1.02176954866422	1
5	9154673	9154674	289	17	2	2	0	1	NA	NA	NA	unphased	0.140646976090014	0.140646976090014	1
5	16676161	16676162	223	17	2	2	0	1	NA	NA	NA	unphased	0.179324894514768	0.179324894514768	1
5	16763638	16763639	118	48	2	2	0	1	NA	NA	NA	unphased	0.732042092420314	0.732042092420314	1
5	31552883	31552884	92	41	2	2	0	1	NA	NA	NA	unphased	0.780432092890454	0.780432092890454	1
5	34936296	34936297	39	122	2	2	0	1	NA	NA	NA	unphased	1.91838981051969	0.959194905259847	2
5	35792441	35792442	67	41	2	2	0	1	NA	NA	NA	unphased	0.961087669948429	0.961087669948429	1
5	35876187	35876188	66	48	2	2	0	1	NA	NA	NA	unphased	1.06595602931379	1.06595602931379	1
5	36049469	36049470	75	55	2	2	0	1	NA	NA	NA	unphased	1.07108081791626	1.07108081791626	1
5	42806947	42806948	17	13	2	2	0	1	NA	NA	NA	unphased	1.09704641350211	1.09704641350211	1
5	43139318	43139319	112	46	2	2	0	1	NA	NA	NA	unphased	0.737061368370453	0.737061368370453	1
5	50091047	50091048	112	12	1	1	0	1	NA	NA	NA	unphased	0.14822376480196	0.14822376480196	1
5	54565262	54565263	42	4	1	1	0	1	NA	NA	NA	unphased	0.133186571271326	0.133186571271326	1
5	70805417	70805418	115	11	1	1	0	1	NA	NA	NA	unphased	0.133715089411292	0.133715089411292	1
5	72178928	72178929	59	81	1	1	0	1	NA	NA	NA	unphased	0.886166365280289	0.886166365280289	1
5	76249865	76249866	58	62	1	1	0	1	NA	NA	NA	unphased	0.791350210970464	0.791350210970464	1
5	78752756	78752757	139	27	1	1	0	1	NA	NA	NA	unphased	0.249123074576788	0.249123074576788	1
5	80546970	80546971	85	176	1	1	0	1	NA	NA	NA	unphased	1.03283379407343	1.03283379407343	1
5	82937414	82937415	115	218	1	1	0	1	NA	NA	NA	unphased	1.00269890143308	1.00269890143308	1
5	111500542	111500543	16	16	1	1	0	1	NA	NA	NA	unphased	0.765822784810126	0.765822784810126	1
5	131667503	131667504	48	65	1	1	0	1	NA	NA	NA	unphased	0.881035062170942	0.881035062170942	1
5	139947066	139947067	48	77	1	1	0	1	NA	NA	NA	unphased	0.943493670886076	0.943493670886076	1
5	140229390	140229391	132	214	1	1	0	1	NA	NA	NA	unphased	0.947318358088827	0.947318358088827	1
5	140474902	140474903	51	8	1	1	0	1	NA	NA	NA	unphased	0.207680755202746	0.207680755202746	1
5	140552366	140552367	21	23	1	1	0	1	NA	NA	NA	unphased	0.800632911392405	0.800632911392405	1
5	140563100	140563101	56	91	1	1	0	1	NA	NA	NA	unphased	0.948161543098252	0.948161543098252	1
5	140725839	140725840	99	145	1	1	0	1	NA	NA	NA	unphased	0.910199211454659	0.910199211454659	1
5	140773673	140773674	20	27	1	1	0	1	NA	NA	NA	unphased	0.879881497441422	0.879881497441422	1
5	145651166	145651167	74	49	1	1	0	1	NA	NA	NA	unphased	0.610167747247093	0.610167747247093	1
5	150911468	150911469	95	106	1	1	0	1	NA	NA	NA	unphased	0.807733484476352	0.807733484476352	1
5	161322873	161322874	41	61	1	1	0	1	NA	NA	NA	unphased	0.915984115165053	0.915984115165053	1
5	176831501	176831502	12	5	1	1	0	1	NA	NA	NA	unphased	0.45048399106478	0.45048399106478	1
5	179044924	179044925	39	70	1	1	0	1	NA	NA	NA	unphased	0.98362559516897	0.98362559516897	1
5	179765492	179765493	13	26	1	1	0	1	NA	NA	NA	unphased	1.0210970464135	1.0210970464135	1
6	6266925	6266926	224	103	3	2	1	1	NA	NA	NA	unphased	1.1124143537336	1.1124143537336	1
6	11190464	11190465	440	130	3	2	1	1	NA	NA	NA	unphased	0.805463024650233	0.805463024650233	1
6	13638151	13638152	67	24	3	2	1	1	NA	NA	NA	unphased	0.931423007372374	0.931423007372374	1
6	17606238	17606239	88	35	3	2	1	1	NA	NA	NA	unphased	1.00493979623341	1.00493979623341	1
6	17777511	17777512	41	19	3	2	1	1	NA	NA	NA	unphased	1.11835443037975	1.11835443037975	1
6	24523077	24523078	285	39	2	1	1	1	NA	NA	NA	unphased	0.304735114861697	0.304735114861697	1
6	24559265	24559266	26	13	2	1	1	1	NA	NA	NA	unphased	0.843881856540084	0.843881856540084	1
6	26033459	26033460	144	92	2	1	1	1	NA	NA	NA	unphased	0.986912679682472	0.986912679682472	1
6	26405616	26405617	8	9	2	1	1	1	NA	NA	NA	unphased	1.34028294862249	1.34028294862249	1
6	26468922	26468923	132	56	2	1	1	1	NA	NA	NA	unphased	0.754107190950714	0.754107190950714	1
6	27419170	27419171	167	96	2	1	1	1	NA	NA	NA	unphased	0.924098763055301	0.924098763055301	1
6	29408496	29408497	690	91	2	1	1	1	NA	NA	NA	unphased	0.294980469699671	0.294980469699671	1
6	30557632	30557633	354	53	2	1	1	1	NA	NA	NA	unphased	0.329673747395266	0.329673747395266	1
6	31656497	31656498	107	9	2	1	1	1	NA	NA	NA	unphased	0.196420776953295	0.196420776953295	1
6	33283415	33283416	378	113	2	1	1	1	NA	NA	NA	unphased	0.58263940807961	0.58263940807961	1
6	33763296	33763297	4	4	2	1	1	1	NA	NA	NA	unphased	1.26582278481013	1.26582278481013	1
6	33768942	33768943	128	79	2	1	1	1	NA	NA	NA	unphased	0.966183574879227	0.966183574879227	1
6	34101006	34101007	71	44	2	1	1	1	NA	NA	NA	unphased	0.96862960924601	0.96862960924601	1
6	35762909	35762910	218	48	2	1	1	1	NA	NA	NA	unphased	0.456838298277339	0.456838298277339	1
6	36168430	36168431	285	36	2	1	1	1	NA	NA	NA	unphased	0.283922867620963	0.283922867620963	1
6	37442312	37442313	73	59	2	1	1	1	NA	NA	NA	unphased	1.13156885308784	1.13156885308784	1
6	38850810	38850811	124	74	2	1	1	1	NA	NA	NA	unphased	0.946170566423731	0.946170566423731	1
6	41555171	41555172	191	124	2	1	1	1	NA	NA	NA	unphased	0.996584287723528	0.996584287723528	1
6	42236485	42236486	249	83	2	1	1	1	NA	NA	NA	unphased	0.632911392405063	0.632911392405063	1
6	43402488	43402489	301	34	2	1	1	1	NA	NA	NA	unphased	0.25694313243907	0.25694313243907	1
6	46658051	46658052	74	37	2	1	1	1	NA	NA	NA	unphased	0.843881856540084	0.843881856540084	1
6	53385675	53385676	478	66	2	1	1	1	NA	NA	NA	unphased	0.307148175725987	0.307148175725987	1
6	54805453	54805454	83	54	2	1	1	1	NA	NA	NA	unphased	0.997874896054698	0.997874896054698	1
6	55113439	55113440	144	84	2	1	1	1	NA	NA	NA	unphased	0.932711525649567	0.932711525649567	1
6	56515972	56515973	17	8	2	1	1	1	NA	NA	NA	unphased	0.810126582278481	0.810126582278481	1
6	64395830	64395831	87	44	2	1	1	1	NA	NA	NA	unphased	0.850323702773215	0.850323702773215	1
6	64423181	64423182	201	127	2	1	1	1	NA	NA	NA	unphased	0.980240815066379	0.980240815066379	1
6	66205167	66205168	185	107	2	1	1	1	NA	NA	NA	unphased	0.92769204092249	0.92769204092249	1
6	70070876	70070877	105	13	2	1	1	1	NA	NA	NA	unphased	0.278910105127655	0.278910105127655	1
6	74176070	74176071	131	69	2	1	1	1	NA	NA	NA	unphased	0.873417721518987	0.873417721518987	1
6	80635972	80635973	81	35	2	1	1	1	NA	NA	NA	unphased	0.763858577040594	0.763858577040594	1
6	83075771	83075772	229	17	2	1	1	1	NA	NA	NA	unphased	0.174951116599774	0.174951116599774	1
6	83898417	83898418	138	9	2	1	1	1	NA	NA	NA	unphased	0.154998708344097	0.154998708344097	1
6	84317449	84317450	14	7	2	1	1	1	NA	NA	NA	unphased	0.843881856540084	0.843881856540084	1
6	84910623	84910624	70	49	2	1	1	1	NA	NA	NA	unphased	1.04244229337305	1.04244229337305	1
6	88299904	88299905	319	29	2	1	1	1	NA	NA	NA	unphased	0.210970464135021	0.210970464135021	1
6	90333125	90333126	31	6	2	1	1	1	NA	NA	NA	unphased	0.410537119397879	0.410537119397879	1
6	90426452	90426453	163	18	2	1	1	1	NA	NA	NA	unphased	0.25176585775229	0.25176585775229	1
6	97562233	97562234	105	19	2	1	1	1	NA	NA	NA	unphased	0.387913434054716	0.387913434054716	1
6	99771522	99771523	46	27	2	1	1	1	NA	NA	NA	unphased	0.936362059996532	0.936362059996532	1
6	100895229	100895230	137	12	2	1	1	1	NA	NA	NA	unphased	0.203890918358678	0.203890918358678	1
6	102250304	102250305	72	21	2	1	1	1	NA	NA	NA	unphased	0.571661902817477	0.571661902817477	1
6	105280928	105280929	120	65	2	1	1	1	NA	NA	NA	unphased	0.889497092028738	0.889497092028738	1
6	106973205	106973206	172	109	2	1	1	1	NA	NA	NA	unphased	0.98202621739718	0.98202621739718	1
6	112452256	112452257	100	10	2	1	1	1	NA	NA	NA	unphased	0.230149597238205	0.230149597238205	1
6	132891771	132891772	346	17	2	1	1	1	NA	NA	NA	unphased	0.118561913728772	0.118561913728772	1
6	136172961	136172962	22	6	2	1	1	1	NA	NA	NA	unphased	0.54249547920434	0.54249547920434	1
6	146256291	146256292	56	36	2	1	1	1	NA	NA	NA	unphased	0.990643918547056	0.990643918547056	1
6	152540183	152540184	167	97	2	1	1	1	NA	NA	NA	unphased	0.930187955504411	0.930187955504411	1
6	152646256	152646257	217	141	2	1	1	1	NA	NA	NA	unphased	0.997100629375575	0.997100629375575	1
6	152658020	152658021	186	79	2	1	1	1	NA	NA	NA	unphased	0.754716981132075	0.754716981132075	1
6	158049461	158049462	162	83	2	1	1	1	NA	NA	NA	unphased	0.857659519504004	0.857659519504004	1
6	158049462	158049463	162	84	2	1	1	1	NA	NA	NA	unphased	0.86446434084594	0.86446434084594	1
6	158516927	158516928	156	24	2	1	1	1	NA	NA	NA	unphased	0.337552742616034	0.337552742616034	1
6	159672469	159672470	64	7	2	1	1	1	NA	NA	NA	unphased	0.249598858976645	0.249598858976645	1
6	160188184	160188185	131	96	2	1	1	1	NA	NA	NA	unphased	1.07065187085262	1.07065187085262	1
6	161470598	161470599	107	63	2	1	1	1	NA	NA	NA	unphased	0.938198064035741	0.938198064035741	1
6	162683769	162683770	194	15	2	1	1	1	NA	NA	NA	unphased	0.181697050451214	0.181697050451214	1
6	165715290	165715291	127	81	2	1	1	1	NA	NA	NA	unphased	0.985881207400195	0.985881207400195	1
7	810160	810161	87	11	2	1	1	1	NA	NA	NA	unphased	0.284164298630845	0.284164298630845	1
7	5428826	5428827	3	5	2	1	1	1	NA	NA	NA	unphased	1.58227848101266	1.58227848101266	1
7	6438303	6438304	41	20	2	1	1	1	NA	NA	NA	unphased	0.830047727744345	0.830047727744345	1
7	14216517	14216518	227	97	2	1	1	1	NA	NA	NA	unphased	0.757930926707298	0.757930926707298	1
7	17931180	17931181	73	10	2	1	1	1	NA	NA	NA	unphased	0.305017538508464	0.305017538508464	1
7	17931208	17931209	74	10	2	1	1	1	NA	NA	NA	unphased	0.301386377335744	0.301386377335744	1
7	19761756	19761757	103	11	2	1	1	1	NA	NA	NA	unphased	0.244281590051077	0.244281590051077	1
7	20725453	20725454	66	28	2	1	1	1	NA	NA	NA	unphased	0.754107190950714	0.754107190950714	1
7	23000910	23000911	92	46	2	1	1	1	NA	NA	NA	unphased	0.843881856540084	0.843881856540084	1
7	31692354	31692355	112	66	2	1	1	1	NA	NA	NA	unphased	0.938700042668184	0.938700042668184	1
7	35673381	35673382	177	97	2	1	1	1	NA	NA	NA	unphased	0.896239489975053	0.896239489975053	1
7	36396989	36396990	67	36	2	1	1	1	NA	NA	NA	unphased	0.884846995207079	0.884846995207079	1
7	38389238	38389239	128	67	2	1	1	1	NA	NA	NA	unphased	0.869847452125933	0.869847452125933	1
7	41729288	41729289	119	76	2	1	1	1	NA	NA	NA	unphased	0.986692632262252	0.986692632262252	1
7	43484922	43484923	168	111	2	1	1	1	NA	NA	NA	unphased	1.00721382877365	1.00721382877365	1
7	43664329	43664330	129	8	2	1	1	1	NA	NA	NA	unphased	0.147833317934029	0.147833317934029	1
7	44080476	44080477	30	11	2	1	1	1	NA	NA	NA	unphased	0.679221982093239	0.679221982093239	1
7	51095553	51095554	276	26	2	1	1	1	NA	NA	NA	unphased	0.217956241093134	0.217956241093134	1
7	66418287	66418288	217	134	2	1	1	1	NA	NA	NA	unphased	0.966497169028815	0.966497169028815	1
7	70255858	70255859	94	24	2	1	1	1	NA	NA	NA	unphased	0.514910963312594	0.514910963312594	1
7	74103460	74103461	152	94	2	1	1	1	NA	NA	NA	unphased	0.967376762375219	0.967376762375219	1
7	76021291	76021292	11	13	2	1	1	1	NA	NA	NA	unphased	1.37130801687764	1.37130801687764	1
7	84629132	84629133	65	37	2	1	1	1	NA	NA	NA	unphased	0.918342020352445	0.918342020352445	1
7	87190583	87190584	33	27	2	1	1	1	NA	NA	NA	unphased	1.13924050632911	1.13924050632911	1
7	87912127	87912128	162	11	2	1	1	1	NA	NA	NA	unphased	0.160971683617473	0.160971683617473	1
7	87912169	87912170	184	14	2	1	1	1	NA	NA	NA	unphased	0.179005242296382	0.179005242296382	1
7	91727521	91727522	22	8	2	1	1	1	NA	NA	NA	unphased	0.675105485232067	0.675105485232067	1
7	91936911	91936912	94	6	2	1	1	1	NA	NA	NA	unphased	0.151898734177215	0.151898734177215	1
7	97821435	97821436	278	24	2	1	1	1	NA	NA	NA	unphased	0.201190376393662	0.201190376393662	1
7	98529062	98529063	52	20	2	1	1	1	NA	NA	NA	unphased	0.70323488045007	0.70323488045007	1
7	99057750	99057751	401	222	2	1	1	1	NA	NA	NA	unphased	0.90212731373306	0.90212731373306	1
7	99705225	99705226	143	67	2	1	1	1	NA	NA	NA	unphased	0.807715491259795	0.807715491259795	1
7	100225721	100225722	181	9	2	1	1	1	NA	NA	NA	unphased	0.119920053297801	0.119920053297801	1
7	100238761	100238762	31	6	2	1	1	1	NA	NA	NA	unphased	0.410537119397879	0.410537119397879	1
7	100732240	100732241	372	25	2	1	1	1	NA	NA	NA	unphased	0.15942352453528	0.15942352453528	1
7	102098158	102098159	16	15	2	1	1	1	NA	NA	NA	unphased	1.22498979175174	1.22498979175174	1
7	102912256	102912257	47	33	2	1	1	1	NA	NA	NA	unphased	1.04430379746835	1.04430379746835	1
7	102953037	102953038	215	17	2	1	1	1	NA	NA	NA	unphased	0.185508511567001	0.185508511567001	1
7	103363586	103363587	36	18	2	1	1	1	NA	NA	NA	unphased	0.843881856540084	0.843881856540084	1
7	107756459	107756460	137	80	2	1	1	1	NA	NA	NA	unphased	0.93332555562037	0.93332555562037	1
7	111927107	111927108	234	132	2	1	1	1	NA	NA	NA	unphased	0.91305250051878	0.91305250051878	1
7	111936324	111936325	67	28	2	1	1	1	NA	NA	NA	unphased	0.746169220519654	0.746169220519654	1
7	112724409	112724410	115	75	2	1	1	1	NA	NA	NA	unphased	0.999333777481679	0.999333777481679	1
7	114304423	114304424	88	60	2	1	1	1	NA	NA	NA	unphased	1.0263427984947	1.0263427984947	1
7	116829384	116829385	48	11	2	1	1	1	NA	NA	NA	unphased	0.472001716369878	0.472001716369878	1
7	117232451	117232452	82	40	2	1	1	1	NA	NA	NA	unphased	0.830047727744345	0.830047727744345	1
7	117879986	117879987	37	23	2	1	1	1	NA	NA	NA	unphased	0.970464135021097	0.970464135021097	1
7	123593875	123593876	102	48	2	1	1	1	NA	NA	NA	unphased	0.810126582278481	0.810126582278481	1
7	128470846	128470847	116	9	2	1	1	1	NA	NA	NA	unphased	0.182278481012658	0.182278481012658	1
7	131878934	131878935	198	86	2	1	1	1	NA	NA	NA	unphased	0.766625066856837	0.766625066856837	1
7	133979513	133979514	33	26	2	1	1	1	NA	NA	NA	unphased	1.11564042051062	1.11564042051062	1
7	137255969	137255970	81	42	2	1	1	1	NA	NA	NA	unphased	0.86446434084594	0.86446434084594	1
7	140273613	140273614	253	123	2	1	1	1	NA	NA	NA	unphased	0.828171290061945	0.828171290061945	1
7	142569588	142569589	174	29	2	1	1	1	NA	NA	NA	unphased	0.361663652802893	0.361663652802893	1
7	142880966	142880967	111	62	2	1	1	1	NA	NA	NA	unphased	0.907294944025755	0.907294944025755	1
7	143000957	143000958	43	24	2	1	1	1	NA	NA	NA	unphased	0.906858114490837	0.906858114490837	1
7	143510219	143510220	32	12	2	1	1	1	NA	NA	NA	unphased	0.690448791714614	0.690448791714614	1
7	143882525	143882526	110	15	NA	NA	NA	NA	NA	NA	NA	unphased	NA	NA	1
7	144096523	144096524	8	5	2	1	1	1	NA	NA	NA	unphased	0.973709834469328	0.973709834469328	1
7	148700842	148700843	71	48	2	1	1	1	NA	NA	NA	unphased	1.02116796085523	1.02116796085523	1
7	150094011	150094012	56	22	2	1	1	1	NA	NA	NA	unphased	0.714053878610841	0.714053878610841	1
7	150767285	150767286	176	101	2	1	1	1	NA	NA	NA	unphased	0.923090983868757	0.923090983868757	1
7	150864159	150864160	98	47	2	1	1	1	NA	NA	NA	unphased	0.820602357049323	0.820602357049323	1
7	152132792	152132793	7	9	2	1	1	1	NA	NA	NA	unphased	1.42405063291139	1.42405063291139	1
7	156469108	156469109	84	59	2	1	1	1	NA	NA	NA	unphased	1.04452509515801	1.04452509515801	1
8	7721119	7721120	128	15	NA	NA	NA	NA	NA	NA	NA	unphased	NA	NA	1
8	11301694	11301695	126	69	2	1	1	1	NA	NA	NA	unphased	0.895813047711782	0.895813047711782	1
8	11607716	11607717	84	45	2	1	1	1	NA	NA	NA	unphased	0.883132175448926	0.883132175448926	1
8	22888376	22888377	21	13	2	1	1	1	NA	NA	NA	unphased	0.967982129560685	0.967982129560685	1
8	25303691	25303692	132	15	2	1	1	1	NA	NA	NA	unphased	0.258331180573495	0.258331180573495	1
8	27402177	27402178	21	18	2	1	1	1	NA	NA	NA	unphased	1.16845180136319	1.16845180136319	1
8	27903165	27903166	176	82	2	1	1	1	NA	NA	NA	unphased	0.804631537631243	0.804631537631243	1
8	35406822	35406823	79	45	2	1	1	1	NA	NA	NA	unphased	0.918742343813801	0.918742343813801	1
8	35608261	35608262	227	132	2	1	1	1	NA	NA	NA	unphased	0.930855752618032	0.930855752618032	1
8	37963064	37963065	13	10	2	1	1	1	NA	NA	NA	unphased	1.10071546505228	1.10071546505228	1
8	56866515	56866516	144	86	2	1	1	1	NA	NA	NA	unphased	0.946615299944964	0.946615299944964	1
8	62578030	62578031	12	10	2	1	1	1	NA	NA	NA	unphased	1.15074798619102	1.15074798619102	1
8	68140237	68140238	43	24	2	1	1	1	NA	NA	NA	unphased	0.906858114490837	0.906858114490837	1
8	68395862	68395863	53	6	2	1	1	1	NA	NA	NA	unphased	0.257455481656297	0.257455481656297	1
8	68950416	68950417	99	51	2	1	1	1	NA	NA	NA	unphased	0.860759493670886	0.860759493670886	1
8	73480204	73480205	134	96	2	1	1	1	NA	NA	NA	unphased	1.05668684645019	1.05668684645019	1
8	74205835	74205836	47	23	2	1	1	1	NA	NA	NA	unphased	0.831826401446655	0.831826401446655	1
8	75156920	75156921	265	187	2	1	1	1	NA	NA	NA	unphased	1.04738433964378	1.04738433964378	1
8	76472605	76472606	64	43	2	1	1	1	NA	NA	NA	unphased	1.01739027564178	1.01739027564178	1
8	77766763	77766764	189	129	2	1	1	1	NA	NA	NA	unphased	1.0269882971101	1.0269882971101	1
8	80567132	80567133	52	41	2	1	1	1	NA	NA	NA	unphased	1.11610181026269	1.11610181026269	1
8	82392764	82392765	98	62	2	1	1	1	NA	NA	NA	unphased	0.981012658227848	0.981012658227848	1
8	85097246	85097247	108	61	2	1	1	1	NA	NA	NA	unphased	0.913789229271216	0.913789229271216	1
8	90937251	90937252	237	18	2	1	1	1	NA	NA	NA	unphased	0.178704393149665	0.178704393149665	1
8	91078135	91078136	34	23	2	1	1	1	NA	NA	NA	unphased	1.02154119475905	1.02154119475905	1
8	91893342	91893343	27	6	2	1	1	1	NA	NA	NA	unphased	0.46029919447641	0.46029919447641	1
8	95412629	95412630	56	42	2	1	1	1	NA	NA	NA	unphased	1.08499095840868	1.08499095840868	1
8	95556105	95556106	335	34	2	1	1	1	NA	NA	NA	unphased	0.233268155466365	0.233268155466365	1
8	95854620	95854621	46	25	2	1	1	1	NA	NA	NA	unphased	0.891424496345159	0.891424496345159	1
8	103269876	103269877	54	15	2	1	1	1	NA	NA	NA	unphased	0.550357732526142	0.550357732526142	1
8	105502982	105502983	208	21	2	1	1	1	NA	NA	NA	unphased	0.232159637388757	0.232159637388757	1
8	110308617	110308618	216	136	2	1	1	1	NA	NA	NA	unphased	0.97813578826237	0.97813578826237	1
8	110477461	110477462	54	30	2	1	1	1	NA	NA	NA	unphased	0.904159132007233	0.904159132007233	1
8	110575716	110575717	238	124	2	1	1	1	NA	NA	NA	unphased	0.867193510035667	0.867193510035667	1
8	110984671	110984672	80	53	2	1	1	1	NA	NA	NA	unphased	1.00885124202912	1.00885124202912	1
8	113293458	113293459	97	54	2	1	1	1	NA	NA	NA	unphased	0.905356693771481	0.905356693771481	1
8	113348982	113348983	134	18	2	1	1	1	NA	NA	NA	unphased	0.299800133244504	0.299800133244504	1
8	113871421	113871422	90	48	2	1	1	1	NA	NA	NA	unphased	0.880572372041827	0.880572372041827	1
8	117669477	117669478	62	36	2	1	1	1	NA	NA	NA	unphased	0.929992250064583	0.929992250064583	1
8	124413113	124413114	113	10	2	1	1	1	NA	NA	NA	unphased	0.205824843058557	0.205824843058557	1
8	124516840	124516841	60	49	2	1	1	1	NA	NA	NA	unphased	1.13807920102195	1.13807920102195	1
8	125015533	125015534	107	76	2	1	1	1	NA	NA	NA	unphased	1.05139378847617	1.05139378847617	1
8	125103706	125103707	144	93	2	1	1	1	NA	NA	NA	unphased	0.993430539977568	0.993430539977568	1
8	130867890	130867891	116	13	2	1	1	1	NA	NA	NA	unphased	0.255127072907467	0.255127072907467	1
8	131793113	131793114	227	110	2	1	1	1	NA	NA	NA	unphased	0.82635315328851	0.82635315328851	1
8	133923707	133923708	227	131	2	1	1	1	NA	NA	NA	unphased	0.926384272682271	0.926384272682271	1
8	134031862	134031863	106	41	2	1	1	1	NA	NA	NA	unphased	0.706105226900887	0.706105226900887	1
8	134487975	134487976	46	34	2	1	1	1	NA	NA	NA	unphased	1.07594936708861	1.07594936708861	1
8	139164862	139164863	194	111	2	1	1	1	NA	NA	NA	unphased	0.921352977796223	0.921352977796223	1
8	144803199	144803200	85	6	2	1	1	1	NA	NA	NA	unphased	0.166921685909028	0.166921685909028	1
8	144999938	144999939	28	20	2	1	1	1	NA	NA	NA	unphased	1.05485232067511	1.05485232067511	1
9	5756257	5756258	31	41	1	1	0	1	NA	NA	NA	unphased	0.8721870604782	0.8721870604782	1
9	13206011	13206012	67	5	2	2	0	1	NA	NA	NA	unphased	0.175808720112518	0.175808720112518	1
9	20414339	20414340	170	73	2	2	0	1	NA	NA	NA	unphased	0.760535500338595	0.760535500338595	1
9	20952996	20952997	66	10	2	2	0	1	NA	NA	NA	unphased	0.33311125916056	0.33311125916056	1
9	21206769	21206770	191	122	2	2	0	1	NA	NA	NA	unphased	0.986775589436648	0.986775589436648	1
9	21334634	21334635	170	101	2	2	0	1	NA	NA	NA	unphased	0.943528422625998	0.943528422625998	1
9	36353199	36353200	270	56	5	5	0	1	NA	NA	NA	unphased	0.950221324842743	0.950221324842743	1
9	37761929	37761930	18	102	4	4	0	1	NA	NA	NA	unphased	3.85189873417722	0.962974683544304	4
9	39118251	39118252	475	89	4	4	0	1	NA	NA	NA	unphased	0.715100098752132	0.715100098752132	1
9	71152093	71152094	20	6	2	1	1	1	NA	NA	NA	unphased	0.584225900681597	0.584225900681597	1
9	71395815	71395816	329	193	2	1	1	1	NA	NA	NA	unphased	0.93602987535768	0.93602987535768	1
9	73458007	73458008	67	46	2	1	1	1	NA	NA	NA	unphased	1.03058138232329	1.03058138232329	1
9	77742495	77742496	36	26	2	1	1	1	NA	NA	NA	unphased	1.06165781951817	1.06165781951817	1
9	84605402	84605403	15	7	2	1	1	1	NA	NA	NA	unphased	0.805523590333717	0.805523590333717	1
9	85597534	85597535	94	48	2	1	1	1	NA	NA	NA	unphased	0.855767516491353	0.855767516491353	1
9	86894298	86894299	145	22	2	1	1	1	NA	NA	NA	unphased	0.333510194800273	0.333510194800273	1
9	90254291	90254292	89	48	2	1	1	1	NA	NA	NA	unphased	0.886999907604176	0.886999907604176	1
9	95076614	95076615	72	31	2	1	1	1	NA	NA	NA	unphased	0.761951579206096	0.761951579206096	1
9	98740346	98740347	67	21	2	1	1	1	NA	NA	NA	unphased	0.604142692750288	0.604142692750288	1
9	99180158	99180159	18	19	2	1	1	1	NA	NA	NA	unphased	1.30003421142662	1.30003421142662	1
9	101748296	101748297	141	56	2	1	1	1	NA	NA	NA	unphased	0.71965559339459	0.71965559339459	1
9	111798502	111798503	61	42	2	1	1	1	NA	NA	NA	unphased	1.03232149440826	1.03232149440826	1
9	111956587	111956588	208	121	2	1	1	1	NA	NA	NA	unphased	0.931091531684044	0.931091531684044	1
9	120466844	120466845	61	36	2	1	1	1	NA	NA	NA	unphased	0.939579799034321	0.939579799034321	1
9	121929751	121929752	314	138	2	1	1	1	NA	NA	NA	unphased	0.772936036742467	0.772936036742467	1
9	128122811	128122812	126	10	2	1	1	1	NA	NA	NA	unphased	0.186150409530901	0.186150409530901	1
9	131374116	131374117	121	41	2	1	1	1	NA	NA	NA	unphased	0.640725113298953	0.640725113298953	1
9	131388859	131388860	160	12	2	1	1	1	NA	NA	NA	unphased	0.176626435089785	0.176626435089785	1
9	131480835	131480836	163	47	2	1	1	1	NA	NA	NA	unphased	0.5666063893912	0.5666063893912	1
9	131482025	131482026	344	231	2	1	1	1	NA	NA	NA	unphased	1.01706108970831	1.01706108970831	1
9	132627653	132627654	85	62	2	1	1	1	NA	NA	NA	unphased	1.06776887970378	1.06776887970378	1
9	134006188	134006189	54	30	2	1	1	1	NA	NA	NA	unphased	0.904159132007233	0.904159132007233	1
9	134526259	134526260	189	107	2	1	1	1	NA	NA	NA	unphased	0.915155661991105	0.915155661991105	1
9	139752849	139752850	133	16	2	1	1	1	NA	NA	NA	unphased	0.271854557811571	0.271854557811571	1
9	139820283	139820284	137	58	2	1	1	1	NA	NA	NA	unphased	0.753002271989614	0.753002271989614	1
9	140166979	140166980	40	15	2	1	1	1	NA	NA	NA	unphased	0.690448791714614	0.690448791714614	1
9	140325754	140325755	246	12	2	1	1	1	NA	NA	NA	unphased	0.117750956726523	0.117750956726523	1
X	2832739	2832740	112	94	NA	NA	NA	NA	NA	NA	NA	unphased	NA	NA	1
X	8433830	8433831	37	22	NA	NA	NA	NA	NA	NA	NA	unphased	NA	NA	1
X	14627172	14627173	160	19	NA	NA	NA	NA	NA	NA	NA	unphased	NA	NA	1
X	14876072	14876073	17	62	NA	NA	NA	NA	NA	NA	NA	unphased	NA	NA	1
X	17744254	17744255	72	242	NA	NA	NA	NA	NA	NA	NA	unphased	NA	NA	1
X	18606132	18606133	110	230	NA	NA	NA	NA	NA	NA	NA	unphased	NA	NA	1
X	24833196	24833197	10	50	NA	NA	NA	NA	NA	NA	NA	unphased	NA	NA	1
X	27765889	27765890	14	28	NA	NA	NA	NA	NA	NA	NA	unphased	NA	NA	1
X	27999466	27999467	17	56	NA	NA	NA	NA	NA	NA	NA	unphased	NA	NA	1
X	29414486	29414487	45	90	NA	NA	NA	NA	NA	NA	NA	unphased	NA	NA	1
X	31089739	31089740	27	65	NA	NA	NA	NA	NA	NA	NA	unphased	NA	NA	1
X	38013786	38013787	30	4	NA	NA	NA	NA	NA	NA	NA	unphased	NA	NA	1
X	38016278	38016279	87	21	NA	NA	NA	NA	NA	NA	NA	unphased	NA	NA	1
X	41089014	41089015	27	73	NA	NA	NA	NA	NA	NA	NA	unphased	NA	NA	1
X	47435565	47435566	7	10	NA	NA	NA	NA	NA	NA	NA	unphased	NA	NA	1
X	48760687	48760688	6	28	NA	NA	NA	NA	NA	NA	NA	unphased	NA	NA	1
X	53253929	53253930	71	7	NA	NA	NA	NA	NA	NA	NA	unphased	NA	NA	1
X	53421791	53421792	19	54	NA	NA	NA	NA	NA	NA	NA	unphased	NA	NA	1
X	55047606	55047607	24	76	NA	NA	NA	NA	NA	NA	NA	unphased	NA	NA	1
X	64749635	64749636	46	143	NA	NA	NA	NA	NA	NA	NA	unphased	NA	NA	1
X	69479032	69479033	20	73	NA	NA	NA	NA	NA	NA	NA	unphased	NA	NA	1
X	78619003	78619004	34	7	NA	NA	NA	NA	NA	NA	NA	unphased	NA	NA	1
X	79286242	79286243	63	207	NA	NA	NA	NA	NA	NA	NA	unphased	NA	NA	1
X	86773043	86773044	26	65	NA	NA	NA	NA	NA	NA	NA	unphased	NA	NA	1
X	86869462	86869463	18	40	NA	NA	NA	NA	NA	NA	NA	unphased	NA	NA	1
X	91642833	91642834	57	134	NA	NA	NA	NA	NA	NA	NA	unphased	NA	NA	1
X	91873544	91873545	62	180	NA	NA	NA	NA	NA	NA	NA	unphased	NA	NA	1
X	99662567	99662568	106	26	NA	NA	NA	NA	NA	NA	NA	unphased	NA	NA	1
X	107911570	107911571	25	37	NA	NA	NA	NA	NA	NA	NA	unphased	NA	NA	1
X	114868328	114868329	34	87	NA	NA	NA	NA	NA	NA	NA	unphased	NA	NA	1
X	123515050	123515051	53	160	NA	NA	NA	NA	NA	NA	NA	unphased	NA	NA	1
X	123699246	123699247	25	57	NA	NA	NA	NA	NA	NA	NA	unphased	NA	NA	1
X	132160645	132160646	47	140	NA	NA	NA	NA	NA	NA	NA	unphased	NA	NA	1
X	134989215	134989216	157	19	NA	NA	NA	NA	NA	NA	NA	unphased	NA	NA	1
X	138724699	138724700	101	83	NA	NA	NA	NA	NA	NA	NA	unphased	NA	NA	1
X	140992861	140992862	33	98	NA	NA	NA	NA	NA	NA	NA	unphased	NA	NA	1
X	142718203	142718204	34	92	NA	NA	NA	NA	NA	NA	NA	unphased	NA	NA	1
X	153005555	153005556	26	120	NA	NA	NA	NA	NA	NA	NA	unphased	NA	NA	1
X	154294043	154294044	47	70	NA	NA	NA	NA	NA	NA	NA	unphased	NA	NA	1
Y	3447724	3447725	26	99	NA	NA	NA	NA	NA	NA	NA	unphased	NA	NA	1
Y	4967201	4967202	31	102	NA	NA	NA	NA	NA	NA	NA	unphased	NA	NA	1
Y	5605904	5605905	221	22	NA	NA	NA	NA	NA	NA	NA	unphased	NA	NA	1
Y	9195449	9195450	79	34	NA	NA	NA	NA	NA	NA	NA	unphased	NA	NA	1
