chr	start	end	WT.count	mut.count	subclonal.CN	nMaj1	nMin1	frac1	nMaj2	nMin2	frac2	phase	mutation.copy.number	subclonal.fraction	no.chrs.bearing.mut
1	1563985	1563986	21	4	NA	NA	NA	NA	NA	NA	NA	unphased	NA	NA	1
1	2334553	2334554	112	26	NA	NA	NA	NA	NA	NA	NA	unphased	NA	NA	1
1	2334560	2334561	127	6	NA	NA	NA	NA	NA	NA	NA	unphased	NA	NA	1
1	2528052	2528053	74	11	NA	NA	NA	NA	NA	NA	NA	unphased	NA	NA	1
1	3319529	3319530	109	11	2	1	1	1	NA	NA	NA	unphased	0.426356589147287	0.426356589147287	1
1	6209424	6209425	133	14	2	1	1	1	NA	NA	NA	unphased	0.44296788482835	0.44296788482835	1
1	6537603	6537604	168	41	2	1	1	1	NA	NA	NA	unphased	0.91242906420385	0.91242906420385	1
1	10238836	10238837	86	7	2	1	1	1	NA	NA	NA	unphased	0.35008752188047	0.35008752188047	1
1	11860345	11860346	198	45	2	1	1	1	NA	NA	NA	unphased	0.861326442721791	0.861326442721791	1
1	12183825	12183826	15	3	2	1	1	1	NA	NA	NA	unphased	0.775193798449612	0.775193798449612	1
1	12836001	12836002	194	22	2	1	1	1	NA	NA	NA	unphased	0.473729543496985	0.473729543496985	1
1	12887603	12887604	294	50	2	1	1	1	NA	NA	NA	unphased	0.676041103299081	0.676041103299081	1
1	12919108	12919109	443	43	2	1	1	1	NA	NA	NA	unphased	0.411522633744856	0.411522633744856	1
1	12979814	12979815	121	12	2	1	1	1	NA	NA	NA	unphased	0.419653785626858	0.419653785626858	1
1	16378693	16378694	67	14	2	1	1	1	NA	NA	NA	unphased	0.803904679873672	0.803904679873672	1
1	16914248	16914249	1329	35	2	1	1	1	NA	NA	NA	unphased	0.119348018822888	0.119348018822888	1
1	16918509	16918510	1076	40	2	1	1	1	NA	NA	NA	unphased	0.166708343752605	0.166708343752605	1
1	17332022	17332023	67	26	2	1	1	1	NA	NA	NA	unphased	1.30032508127032	1.30032508127032	1
1	17735585	17735586	155	29	2	1	1	1	NA	NA	NA	unphased	0.733063700707786	0.733063700707786	1
1	17950905	17950906	211	34	2	1	1	1	NA	NA	NA	unphased	0.64546748932131	0.64546748932131	1
1	17966695	17966696	44	7	2	1	1	1	NA	NA	NA	unphased	0.638394892840857	0.638394892840857	1
1	19236938	19236939	41	7	2	1	1	1	NA	NA	NA	unphased	0.678294573643411	0.678294573643411	1
1	19403329	19403330	180	30	2	1	1	1	NA	NA	NA	unphased	0.664451827242525	0.664451827242525	1
1	19630837	19630838	149	21	2	1	1	1	NA	NA	NA	unphased	0.574555403556772	0.574555403556772	1
1	20998541	20998542	69	10	2	1	1	1	NA	NA	NA	unphased	0.588754783632617	0.588754783632617	1
1	21014375	21014376	150	27	2	1	1	1	NA	NA	NA	unphased	0.709499408750493	0.709499408750493	1
1	21031392	21031393	69	15	2	1	1	1	NA	NA	NA	unphased	0.830564784053156	0.830564784053156	1
1	22913106	22913107	112	26	2	1	1	1	NA	NA	NA	unphased	0.876306033029997	0.876306033029997	1
1	24121029	24121030	85	12	2	1	1	1	NA	NA	NA	unphased	0.575401582354351	0.575401582354351	1
1	24435041	24435042	13	4	2	1	1	1	NA	NA	NA	unphased	1.09439124487004	1.09439124487004	1
1	24463756	24463757	150	38	2	1	1	1	NA	NA	NA	unphased	0.940128649183572	0.940128649183572	1
1	24680927	24680928	84	16	2	1	1	1	NA	NA	NA	unphased	0.744186046511628	0.744186046511628	1
1	25729149	25729150	120	20	2	1	1	1	NA	NA	NA	unphased	0.664451827242525	0.664451827242525	1
1	26507361	26507362	130	21	2	1	1	1	NA	NA	NA	unphased	0.646850454335438	0.646850454335438	1
1	32557319	32557320	64	6	2	1	1	1	NA	NA	NA	unphased	0.398671096345515	0.398671096345515	1
1	32658828	32658829	103	34	2	1	1	1	NA	NA	NA	unphased	1.15430317433373	1.15430317433373	1
1	32745229	32745230	189	40	2	1	1	1	NA	NA	NA	unphased	0.812430181781253	0.812430181781253	1
1	33959144	33959145	317	53	2	1	1	1	NA	NA	NA	unphased	0.666247642991829	0.666247642991829	1
1	33959145	33959146	325	52	2	1	1	1	NA	NA	NA	unphased	0.641539695268645	0.641539695268645	1
1	33960936	33960937	57	12	2	1	1	1	NA	NA	NA	unphased	0.808897876643074	0.808897876643074	1
1	34038144	34038145	221	42	2	1	1	1	NA	NA	NA	unphased	0.742771244141834	0.742771244141834	1
1	37307539	37307540	114	13	2	1	1	1	NA	NA	NA	unphased	0.476103277787951	0.476103277787951	1
1	39876944	39876945	88	7	2	1	1	1	NA	NA	NA	unphased	0.342717258261934	0.342717258261934	1
1	40434080	40434081	49	4	2	1	1	1	NA	NA	NA	unphased	0.351031154014919	0.351031154014919	1
1	40434349	40434350	178	32	2	1	1	1	NA	NA	NA	unphased	0.70874861572536	0.70874861572536	1
1	40704227	40704228	54	5	2	1	1	1	NA	NA	NA	unphased	0.394166338194718	0.394166338194718	1
1	42041254	42041255	227	43	2	1	1	1	NA	NA	NA	unphased	0.740740740740741	0.740740740740741	1
1	42048155	42048156	86	11	2	1	1	1	NA	NA	NA	unphased	0.527451450491489	0.527451450491489	1
1	43650888	43650889	229	43	2	1	1	1	NA	NA	NA	unphased	0.735294117647059	0.735294117647059	1
1	43888877	43888878	32	12	2	1	1	1	NA	NA	NA	unphased	1.26849894291755	1.26849894291755	1
1	43898107	43898108	158	17	2	1	1	1	NA	NA	NA	unphased	0.451827242524917	0.451827242524917	1
1	48694726	48694727	68	12	2	1	1	1	NA	NA	NA	unphased	0.697674418604651	0.697674418604651	1
1	50659496	50659497	151	31	2	1	1	1	NA	NA	NA	unphased	0.792231024789164	0.792231024789164	1
1	50661328	50661329	148	40	2	1	1	1	NA	NA	NA	unphased	0.98960910440376	0.98960910440376	1
1	53541642	53541643	8	5	2	1	1	1	NA	NA	NA	unphased	1.78890876565295	1.78890876565295	1
1	53544240	53544241	49	9	2	1	1	1	NA	NA	NA	unphased	0.721732157177225	0.721732157177225	1
1	53580413	53580414	59	7	2	1	1	1	NA	NA	NA	unphased	0.493305144467935	0.493305144467935	1
1	53927315	53927316	70	19	2	1	1	1	NA	NA	NA	unphased	0.992944865429841	0.992944865429841	1
1	54238131	54238132	74	12	2	1	1	1	NA	NA	NA	unphased	0.648999459167117	0.648999459167117	1
1	54605348	54605349	58	17	2	1	1	1	NA	NA	NA	unphased	1.05426356589147	1.05426356589147	1
1	57480637	57480638	69	14	2	1	1	1	NA	NA	NA	unphased	0.784533482768282	0.784533482768282	1
1	60132974	60132975	76	19	2	1	1	1	NA	NA	NA	unphased	0.930232558139535	0.930232558139535	1
1	66036202	66036203	120	7	2	1	1	1	NA	NA	NA	unphased	0.256363303424281	0.256363303424281	1
1	68512911	68512912	48	15	2	1	1	1	NA	NA	NA	unphased	1.10741971207087	1.10741971207087	1
1	68910290	68910291	95	27	2	1	1	1	NA	NA	NA	unphased	1.02935569958063	1.02935569958063	1
1	70477511	70477512	46	5	2	1	1	1	NA	NA	NA	unphased	0.455996352029184	0.455996352029184	1
1	70502241	70502242	107	30	2	1	1	1	NA	NA	NA	unphased	1.0185028008827	1.0185028008827	1
1	70503935	70503936	211	50	2	1	1	1	NA	NA	NA	unphased	0.891027354539784	0.891027354539784	1
1	72163765	72163766	54	22	2	1	1	1	NA	NA	NA	unphased	1.34638922888617	1.34638922888617	1
1	74621483	74621484	58	8	2	1	1	1	NA	NA	NA	unphased	0.563777307963354	0.563777307963354	1
1	74649217	74649218	28	7	2	1	1	1	NA	NA	NA	unphased	0.930232558139535	0.930232558139535	1
1	75038988	75038989	139	15	2	1	1	1	NA	NA	NA	unphased	0.453035336756267	0.453035336756267	1
1	77528682	77528683	92	14	2	1	1	1	NA	NA	NA	unphased	0.614304519526108	0.614304519526108	1
1	79125157	79125158	23	8	2	1	1	1	NA	NA	NA	unphased	1.20030007501875	1.20030007501875	1
1	79392619	79392620	52	9	2	1	1	1	NA	NA	NA	unphased	0.686237133053755	0.686237133053755	1
1	82408842	82408843	54	9	2	1	1	1	NA	NA	NA	unphased	0.664451827242525	0.664451827242525	1
1	86306904	86306905	42	9	2	1	1	1	NA	NA	NA	unphased	0.820793433652531	0.820793433652531	1
1	87031609	87031610	122	26	2	1	1	1	NA	NA	NA	unphased	0.817096165933375	0.817096165933375	1
1	89615106	89615107	223	27	2	1	1	1	NA	NA	NA	unphased	0.502325581395349	0.502325581395349	1
1	89654370	89654371	238	41	2	1	1	1	NA	NA	NA	unphased	0.68350420938568	0.68350420938568	1
1	94654401	94654402	101	36	2	1	1	1	NA	NA	NA	unphased	1.22220336105924	1.22220336105924	1
1	97771840	97771841	168	26	2	1	1	1	NA	NA	NA	unphased	0.623351714217214	0.623351714217214	1
1	99387445	99387446	110	21	2	1	1	1	NA	NA	NA	unphased	0.745606248890467	0.745606248890467	1
1	99771850	99771851	350	81	2	1	1	1	NA	NA	NA	unphased	0.874116440943183	0.874116440943183	1
1	110170756	110170757	78	26	2	1	1	1	NA	NA	NA	unphased	1.16279069767442	1.16279069767442	1
1	110200477	110200478	64	24	2	1	1	1	NA	NA	NA	unphased	1.26849894291755	1.26849894291755	1
1	110594468	110594469	111	18	2	1	1	1	NA	NA	NA	unphased	0.648999459167117	0.648999459167117	1
1	111216474	111216475	103	24	2	1	1	1	NA	NA	NA	unphased	0.878959897454679	0.878959897454679	1
1	111217272	111217273	28	3	2	1	1	1	NA	NA	NA	unphased	0.450112528132033	0.450112528132033	1
1	112305607	112305608	44	15	2	1	1	1	NA	NA	NA	unphased	1.18249901458415	1.18249901458415	1
1	112525063	112525064	135	21	2	1	1	1	NA	NA	NA	unphased	0.626118067978533	0.626118067978533	1
1	112998656	112998657	101	25	2	1	1	1	NA	NA	NA	unphased	0.922849760059062	0.922849760059062	1
1	114248516	114248517	56	19	2	1	1	1	NA	NA	NA	unphased	1.17829457364341	1.17829457364341	1
1	114308766	114308767	128	35	2	1	1	1	NA	NA	NA	unphased	0.998715936652875	0.998715936652875	1
1	114401666	114401667	58	17	2	1	1	1	NA	NA	NA	unphased	1.05426356589147	1.05426356589147	1
1	114483043	114483044	322	41	2	1	1	1	NA	NA	NA	unphased	0.525337946056762	0.525337946056762	1
1	115143445	115143446	70	13	2	1	1	1	NA	NA	NA	unphased	0.728495376856262	0.728495376856262	1
1	115256578	115256579	185	34	2	1	1	1	NA	NA	NA	unphased	0.722098332802379	0.722098332802379	1
1	119923314	119923315	60	11	2	1	1	1	NA	NA	NA	unphased	0.720602685882738	0.720602685882738	1
1	147381355	147381356	75	13	2	1	1	1	NA	NA	NA	unphased	0.687103594080338	0.687103594080338	1
1	150727500	150727501	221	69	2	1	1	1	NA	NA	NA	unphased	1.10665597433841	1.10665597433841	1
1	150795744	150795745	127	31	2	1	1	1	NA	NA	NA	unphased	0.912569914630556	0.912569914630556	1
1	151773384	151773385	63	7	2	1	1	1	NA	NA	NA	unphased	0.465116279069767	0.465116279069767	1
1	152059245	152059246	231	66	2	1	1	1	NA	NA	NA	unphased	1.03359173126615	1.03359173126615	1
1	152081320	152081321	141	27	2	1	1	1	NA	NA	NA	unphased	0.747508305647841	0.747508305647841	1
1	152081543	152081544	114	17	2	1	1	1	NA	NA	NA	unphased	0.603586011006568	0.603586011006568	1
1	152188533	152188534	2249	46	2	1	1	1	NA	NA	NA	unphased	0.0932259208592998	0.0932259208592998	1
1	152275997	152275998	699	156	2	1	1	1	NA	NA	NA	unphased	0.848633210934313	0.848633210934313	1
1	152276228	152276229	388	17	2	1	1	1	NA	NA	NA	unphased	0.195233993683606	0.195233993683606	1
1	152280815	152280816	666	122	2	1	1	1	NA	NA	NA	unphased	0.72010388383898	0.72010388383898	1
1	152284032	152284033	638	43	2	1	1	1	NA	NA	NA	unphased	0.293685756240822	0.293685756240822	1
1	152285525	152285526	390	69	2	1	1	1	NA	NA	NA	unphased	0.699194406444748	0.699194406444748	1
1	152323231	152323232	267	19	2	1	1	1	NA	NA	NA	unphased	0.308993332249146	0.308993332249146	1
1	152327849	152327850	443	83	2	1	1	1	NA	NA	NA	unphased	0.733928729330622	0.733928729330622	1
1	152484299	152484300	39	6	2	1	1	1	NA	NA	NA	unphased	0.62015503875969	0.62015503875969	1
1	152777832	152777833	202	17	2	1	1	1	NA	NA	NA	unphased	0.361049166401189	0.361049166401189	1
1	153303332	153303333	165	10	2	1	1	1	NA	NA	NA	unphased	0.26578073089701	0.26578073089701	1
1	153312876	153312877	131	23	2	1	1	1	NA	NA	NA	unphased	0.694654183026276	0.694654183026276	1
1	153614809	153614810	70	14	2	1	1	1	NA	NA	NA	unphased	0.775193798449612	0.775193798449612	1
1	154296866	154296867	157	32	2	1	1	1	NA	NA	NA	unphased	0.787498461917067	0.787498461917067	1
1	155264065	155264066	69	15	2	1	1	1	NA	NA	NA	unphased	0.830564784053156	0.830564784053156	1
1	155451508	155451509	243	79	2	1	1	1	NA	NA	NA	unphased	1.14112379026434	1.14112379026434	1
1	155631126	155631127	53	11	2	1	1	1	NA	NA	NA	unphased	0.799418604651163	0.799418604651163	1
1	156496247	156496248	18	3	2	1	1	1	NA	NA	NA	unphased	0.664451827242525	0.664451827242525	1
1	156616665	156616666	27	4	2	1	1	1	NA	NA	NA	unphased	0.600150037509377	0.600150037509377	1
1	156616666	156616667	28	3	2	1	1	1	NA	NA	NA	unphased	0.450112528132033	0.450112528132033	1
1	156628382	156628383	125	24	2	1	1	1	NA	NA	NA	unphased	0.749180583736538	0.749180583736538	1
1	157660306	157660307	120	24	2	1	1	1	NA	NA	NA	unphased	0.775193798449612	0.775193798449612	1
1	157667056	157667057	144	35	2	1	1	1	NA	NA	NA	unphased	0.909445238404573	0.909445238404573	1
1	158152897	158152898	156	11	2	1	1	1	NA	NA	NA	unphased	0.306364016153739	0.306364016153739	1
1	158747076	158747077	104	14	2	1	1	1	NA	NA	NA	unphased	0.551832873472605	0.551832873472605	1
1	160106376	160106377	134	23	2	1	1	1	NA	NA	NA	unphased	0.681380536216857	0.681380536216857	1
1	160171042	160171043	31	6	2	1	1	1	NA	NA	NA	unphased	0.754242614707731	0.754242614707731	1
1	160616701	160616702	43	7	2	1	1	1	NA	NA	NA	unphased	0.651162790697674	0.651162790697674	1
1	161165307	161165308	172	55	2	1	1	1	NA	NA	NA	unphased	1.12693371580781	1.12693371580781	1
1	161165308	161165309	172	55	2	1	1	1	NA	NA	NA	unphased	1.12693371580781	1.12693371580781	1
1	165182937	165182938	190	37	2	1	1	1	NA	NA	NA	unphased	0.758119045179797	0.758119045179797	1
1	165860558	165860559	62	15	2	1	1	1	NA	NA	NA	unphased	0.906070673512534	0.906070673512534	1
1	166896402	166896403	117	22	2	1	1	1	NA	NA	NA	unphased	0.736155261837042	0.736155261837042	1
1	166904684	166904685	37	8	2	1	1	1	NA	NA	NA	unphased	0.82687338501292	0.82687338501292	1
1	166959063	166959064	33	3	2	1	1	1	NA	NA	NA	unphased	0.387596899224806	0.387596899224806	1
1	167024975	167024976	249	45	2	1	1	1	NA	NA	NA	unphased	0.711912672045562	0.711912672045562	1
1	167096614	167096615	131	39	2	1	1	1	NA	NA	NA	unphased	1.06703146374829	1.06703146374829	1
1	169510439	169510440	459	78	2	1	1	1	NA	NA	NA	unphased	0.675587891386254	0.675587891386254	1
1	169510657	169510658	396	50	2	1	1	1	NA	NA	NA	unphased	0.521430806132026	0.521430806132026	1
1	171605644	171605645	79	18	2	1	1	1	NA	NA	NA	unphased	0.863102373531527	0.863102373531527	1
1	173502796	173502797	94	26	2	1	1	1	NA	NA	NA	unphased	1.0077519379845	1.0077519379845	1
1	176132983	176132984	69	8	2	1	1	1	NA	NA	NA	unphased	0.483237692540018	0.483237692540018	1
1	176525499	176525500	179	17	2	1	1	1	NA	NA	NA	unphased	0.403417180825819	0.403417180825819	1
1	176837986	176837987	89	18	2	1	1	1	NA	NA	NA	unphased	0.782438600304282	0.782438600304282	1
1	176903302	176903303	105	22	2	1	1	1	NA	NA	NA	unphased	0.805713239333455	0.805713239333455	1
1	177199193	177199194	154	23	2	1	1	1	NA	NA	NA	unphased	0.604388385231901	0.604388385231901	1
1	179100555	179100556	64	16	2	1	1	1	NA	NA	NA	unphased	0.930232558139535	0.930232558139535	1
1	179354421	179354422	88	19	2	1	1	1	NA	NA	NA	unphased	0.825907411432297	0.825907411432297	1
1	179363110	179363111	212	24	2	1	1	1	NA	NA	NA	unphased	0.472999605833662	0.472999605833662	1
1	181686414	181686415	133	23	2	1	1	1	NA	NA	NA	unphased	0.685748360166965	0.685748360166965	1
1	181686416	181686417	131	22	2	1	1	1	NA	NA	NA	unphased	0.668794649642803	0.668794649642803	1
1	181727943	181727944	119	11	2	1	1	1	NA	NA	NA	unphased	0.393559928443649	0.393559928443649	1
1	182026831	182026832	84	28	2	1	1	1	NA	NA	NA	unphased	1.16279069767442	1.16279069767442	1
1	186057400	186057401	76	14	2	1	1	1	NA	NA	NA	unphased	0.723514211886305	0.723514211886305	1
1	186277303	186277304	278	49	2	1	1	1	NA	NA	NA	unphased	0.696963231633597	0.696963231633597	1
1	186946819	186946820	96	21	2	1	1	1	NA	NA	NA	unphased	0.834824090638044	0.834824090638044	1
1	196876059	196876060	49	7	2	1	1	1	NA	NA	NA	unphased	0.581395348837209	0.581395348837209	1
1	197115332	197115333	249	36	2	1	1	1	NA	NA	NA	unphased	0.587515299877601	0.587515299877601	1
1	197407882	197407883	14	6	2	1	1	1	NA	NA	NA	unphased	1.3953488372093	1.3953488372093	1
1	200559320	200559321	113	22	2	1	1	1	NA	NA	NA	unphased	0.757967269595177	0.757967269595177	1
1	200978014	200978015	229	53	2	1	1	1	NA	NA	NA	unphased	0.874154708889988	0.874154708889988	1
1	201196065	201196066	153	32	2	1	1	1	NA	NA	NA	unphased	0.804525455688246	0.804525455688246	1
1	201355953	201355954	75	31	2	1	1	1	NA	NA	NA	unphased	1.36024572180781	1.36024572180781	1
1	201687682	201687683	111	29	2	1	1	1	NA	NA	NA	unphased	0.963455149501661	0.963455149501661	1
1	204242840	204242841	76	19	2	1	1	1	NA	NA	NA	unphased	0.930232558139535	0.930232558139535	1
1	204937376	204937377	110	24	2	1	1	1	NA	NA	NA	unphased	0.833044081916001	0.833044081916001	1
1	204955160	204955161	75	8	2	1	1	1	NA	NA	NA	unphased	0.448304847296161	0.448304847296161	1
1	205156763	205156764	74	5	2	1	1	1	NA	NA	NA	unphased	0.294377391816309	0.294377391816309	1
1	205308840	205308841	83	20	2	1	1	1	NA	NA	NA	unphased	0.903138405960713	0.903138405960713	1
1	207640000	207640001	87	14	2	1	1	1	NA	NA	NA	unphased	0.644715634354133	0.644715634354133	1
1	207785361	207785362	368	71	2	1	1	1	NA	NA	NA	unphased	0.752238173438576	0.752238173438576	1
1	208206756	208206757	98	31	2	1	1	1	NA	NA	NA	unphased	1.11772129078781	1.11772129078781	1
1	208218074	208218075	46	6	2	1	1	1	NA	NA	NA	unphased	0.536672629695886	0.536672629695886	1
1	210970968	210970969	85	21	2	1	1	1	NA	NA	NA	unphased	0.921456779289162	0.921456779289162	1
1	212209165	212209166	16	5	2	1	1	1	NA	NA	NA	unphased	1.10741971207087	1.10741971207087	1
1	212799390	212799391	93	16	2	1	1	1	NA	NA	NA	unphased	0.682739492212503	0.682739492212503	1
1	213436105	213436106	231	49	2	1	1	1	NA	NA	NA	unphased	0.813953488372093	0.813953488372093	1
1	214705824	214705825	41	10	2	1	1	1	NA	NA	NA	unphased	0.911992704058368	0.911992704058368	1
1	214832292	214832293	161	23	2	1	1	1	NA	NA	NA	unphased	0.581395348837209	0.581395348837209	1
1	215802353	215802354	176	26	2	1	1	1	NA	NA	NA	unphased	0.598664517614552	0.598664517614552	1
1	215853702	215853703	149	17	2	1	1	1	NA	NA	NA	unphased	0.476323900252171	0.476323900252171	1
1	216363594	216363595	75	39	2	1	1	1	NA	NA	NA	unphased	1.59118727050184	1.59118727050184	1
1	216424342	216424343	50	10	2	1	1	1	NA	NA	NA	unphased	0.775193798449612	0.775193798449612	1
1	220356201	220356202	62	8	2	1	1	1	NA	NA	NA	unphased	0.53156146179402	0.53156146179402	1
1	220752707	220752708	50	17	2	1	1	1	NA	NA	NA	unphased	1.18014578271434	1.18014578271434	1
1	222734781	222734782	74	15	2	1	1	1	NA	NA	NA	unphased	0.783903841128821	0.783903841128821	1
1	226109734	226109735	57	7	2	1	1	1	NA	NA	NA	unphased	0.508720930232558	0.508720930232558	1
1	228582790	228582791	42	6	2	1	1	1	NA	NA	NA	unphased	0.581395348837209	0.581395348837209	1
1	228612580	228612581	35	10	2	1	1	1	NA	NA	NA	unphased	1.03359173126615	1.03359173126615	1
1	229738321	229738322	102	8	2	1	1	1	NA	NA	NA	unphased	0.338266384778013	0.338266384778013	1
1	229771831	229771832	228	24	2	1	1	1	NA	NA	NA	unphased	0.44296788482835	0.44296788482835	1
1	229772631	229772632	91	20	2	1	1	1	NA	NA	NA	unphased	0.838047349675257	0.838047349675257	1
1	231079565	231079566	232	34	2	1	1	1	NA	NA	NA	unphased	0.594509529638049	0.594509529638049	1
1	231351140	231351141	47	6	2	1	1	1	NA	NA	NA	unphased	0.526546731022378	0.526546731022378	1
1	231351141	231351142	48	6	2	1	1	1	NA	NA	NA	unphased	0.516795865633075	0.516795865633075	1
1	231954094	231954095	113	26	2	1	1	1	NA	NA	NA	unphased	0.870001673080141	0.870001673080141	1
1	233514979	233514980	88	15	2	1	1	1	NA	NA	NA	unphased	0.677353804470535	0.677353804470535	1
1	235341217	235341218	134	9	2	1	1	1	NA	NA	NA	unphased	0.292730525288665	0.292730525288665	1
1	235590527	235590528	84	9	2	1	1	1	NA	NA	NA	unphased	0.450112528132033	0.450112528132033	1
1	235929519	235929520	280	47	2	1	1	1	NA	NA	NA	unphased	0.668515752791409	0.668515752791409	1
1	237494205	237494206	123	21	2	1	1	1	NA	NA	NA	unphased	0.678294573643411	0.678294573643411	1
1	237947221	237947222	15	6	2	1	1	1	NA	NA	NA	unphased	1.32890365448505	1.32890365448505	1
1	240371062	240371063	269	41	2	1	1	1	NA	NA	NA	unphased	0.615153788447112	0.615153788447112	1
1	240371508	240371509	192	57	2	1	1	1	NA	NA	NA	unphased	1.06472401232838	1.06472401232838	1
1	240371568	240371569	115	22	2	1	1	1	NA	NA	NA	unphased	0.746902053980648	0.746902053980648	1
1	240371569	240371570	90	19	2	1	1	1	NA	NA	NA	unphased	0.810753147002347	0.810753147002347	1
1	241729873	241729874	88	21	2	1	1	1	NA	NA	NA	unphased	0.89609558352891	0.89609558352891	1
1	247068839	247068840	83	10	2	1	1	1	NA	NA	NA	unphased	0.500125031257814	0.500125031257814	1
1	247267504	247267505	47	13	2	1	1	1	NA	NA	NA	unphased	1.0077519379845	1.0077519379845	1
1	247464415	247464416	65	10	2	1	1	1	NA	NA	NA	unphased	0.62015503875969	0.62015503875969	1
1	247694784	247694785	32	7	2	1	1	1	NA	NA	NA	unphased	0.834824090638044	0.834824090638044	1
1	247712405	247712406	21	3	2	1	1	1	NA	NA	NA	unphased	0.581395348837209	0.581395348837209	1
1	247921089	247921090	47	5	NA	NA	NA	NA	NA	NA	NA	unphased	NA	NA	1
1	248128655	248128656	44	13	NA	NA	NA	NA	NA	NA	NA	unphased	NA	NA	1
1	248128656	248128657	46	13	NA	NA	NA	NA	NA	NA	NA	unphased	NA	NA	1
1	248263454	248263455	118	47	NA	NA	NA	NA	NA	NA	NA	unphased	NA	NA	1
1	248309206	248309207	270	59	NA	NA	NA	NA	NA	NA	NA	unphased	NA	NA	1
1	248436437	248436438	16	4	NA	NA	NA	NA	NA	NA	NA	unphased	NA	NA	1
1	248458863	248458864	127	26	NA	NA	NA	NA	NA	NA	NA	unphased	NA	NA	1
1	248524879	248524880	79	17	NA	NA	NA	NA	NA	NA	NA	unphased	NA	NA	1
1	248525529	248525530	172	48	NA	NA	NA	NA	NA	NA	NA	unphased	NA	NA	1
1	248617042	248617043	86	23	NA	NA	NA	NA	NA	NA	NA	unphased	NA	NA	1
1	248737381	248737382	255	54	NA	NA	NA	NA	NA	NA	NA	unphased	NA	NA	1
1	248756460	248756461	86	13	NA	NA	NA	NA	NA	NA	NA	unphased	NA	NA	1
1	248813413	248813414	34	8	NA	NA	NA	NA	NA	NA	NA	unphased	NA	NA	1
1	248814053	248814054	50	6	NA	NA	NA	NA	NA	NA	NA	unphased	NA	NA	1
10	94604	94605	152	19	NA	NA	NA	NA	NA	NA	NA	unphased	NA	NA	1
10	1170963	1170964	61	13	2	1	1	0.1	1	1	0.9	unphased	0.817096165933375	0.817096165933375	1
10	1405927	1405928	83	19	2	1	1	0.1	1	1	0.9	unphased	0.866393068855449	0.866393068855449	1
10	7749192	7749193	77	13	2	1	1	0.1	1	1	0.9	unphased	0.671834625322997	0.671834625322997	1
10	7825114	7825115	46	4	2	1	1	0.1	1	1	0.9	unphased	0.372093023255814	0.41343669250646	0.9
10	8092785	8092786	27	9	2	1	1	0.1	1	1	0.9	unphased	1.16279069767442	1.16279069767442	1
10	8111477	8111478	161	24	2	1	1	0.1	1	1	0.9	unphased	0.603394091766185	0.603394091766185	1
10	13708176	13708177	130	32	2	1	1	0.1	1	1	0.9	unphased	0.918748205569911	0.918748205569911	1
10	14941586	14941587	124	12	2	1	1	0.1	1	1	0.9	unphased	0.410396716826265	0.410396716826265	1
10	15713605	15713606	59	7	2	1	1	0.1	1	1	0.9	unphased	0.493305144467935	0.548116827186595	0.9
10	15713618	15713619	55	14	2	1	1	0.1	1	1	0.9	unphased	0.94371418941692	0.94371418941692	1
10	16562526	16562527	68	10	2	1	1	0.1	1	1	0.9	unphased	0.596302921884317	0.662558802093686	0.9
10	16893277	16893278	74	10	2	1	1	0.1	1	1	0.9	unphased	0.553709856035437	0.615233173372708	0.9
10	16918966	16918967	150	12	2	1	1	0.1	1	1	0.9	unphased	0.344530577088717	0.344530577088717	1
10	18292118	18292119	124	23	2	1	1	0.1	1	1	0.9	unphased	0.727732953646575	0.727732953646575	1
10	21250674	21250675	148	17	2	1	1	0.1	1	1	0.9	unphased	0.479210711768851	0.479210711768851	1
10	27389204	27389205	53	4	2	1	1	0.1	1	1	0.9	unphased	0.326397388820889	0.326397388820889	1
10	28899725	28899726	150	21	2	1	1	0.1	1	1	0.9	unphased	0.571195430436557	0.571195430436557	1
10	32197421	32197422	86	11	2	1	1	0.1	1	1	0.9	unphased	0.527451450491489	0.586057167212765	0.9
10	37508450	37508451	30	7	2	1	1	0.1	1	1	0.9	unphased	0.87994971715902	0.87994971715902	1
10	44112064	44112065	68	13	2	1	1	0.1	1	1	0.9	unphased	0.746482917025553	0.746482917025553	1
10	48438716	48438717	35	6	2	1	1	0.1	1	1	0.9	unphased	0.680657969370391	0.680657969370391	1
10	49420092	49420093	51	4	2	1	1	0.1	1	1	0.9	unphased	0.338266384778013	0.338266384778013	1
10	49457175	49457176	41	4	2	1	1	0.1	1	1	0.9	unphased	0.41343669250646	0.459374102784955	0.9
10	50678797	50678798	139	19	2	1	1	0.1	1	1	0.9	unphased	0.559317044450986	0.559317044450986	1
10	50819976	50819977	48	9	2	1	1	0.1	1	1	0.9	unphased	0.734394124847001	0.734394124847001	1
10	50872880	50872881	421	72	2	1	1	0.1	1	1	0.9	unphased	0.679277324402094	0.679277324402094	1
10	51465352	51465353	156	31	2	1	1	0.1	1	1	0.9	unphased	0.771048377067529	0.771048377067529	1
10	55582240	55582241	29	6	2	1	1	0.1	1	1	0.9	unphased	0.79734219269103	0.79734219269103	1
10	55826618	55826619	58	13	2	1	1	0.1	1	1	0.9	unphased	0.851621356043236	0.851621356043236	1
10	56077080	56077081	131	31	2	1	1	0.1	1	1	0.9	unphased	0.890037324145851	0.890037324145851	1
10	61413643	61413644	104	19	2	1	1	0.1	1	1	0.9	unphased	0.71847230100208	0.71847230100208	1
10	67680266	67680267	118	22	2	1	1	0.1	1	1	0.9	unphased	0.730897009966777	0.730897009966777	1
10	71154763	71154764	41	4	2	1	1	0.1	1	1	0.9	unphased	0.41343669250646	0.459374102784955	0.9
10	72294241	72294242	29	7	2	1	1	0.1	1	1	0.9	unphased	0.904392764857881	0.904392764857881	1
10	73039596	73039597	17	4	2	1	1	0.1	1	1	0.9	unphased	0.8859357696567	0.8859357696567	1
10	73565992	73565993	20	4	2	1	1	0.1	1	1	0.9	unphased	0.775193798449612	0.775193798449612	1
10	75231358	75231359	66	11	2	1	1	0.1	1	1	0.9	unphased	0.664451827242525	0.664451827242525	1
10	75506735	75506736	49	8	2	1	1	0.1	1	1	0.9	unphased	0.652794777641779	0.652794777641779	1
10	78669793	78669794	81	13	2	1	1	0.1	1	1	0.9	unphased	0.643245917862444	0.714717686513827	0.9
10	79581161	79581162	49	7	2	1	1	0.1	1	1	0.9	unphased	0.581395348837209	0.581395348837209	1
10	81146191	81146192	32	6	2	1	1	0.1	1	1	0.9	unphased	0.734394124847001	0.734394124847001	1
10	82403797	82403798	110	13	2	1	1	0.1	1	1	0.9	unphased	0.491586311211949	0.491586311211949	1
10	88259901	88259902	67	11	2	1	1	0.1	1	1	0.9	unphased	0.655933214072749	0.655933214072749	1
10	88459154	88459155	51	8	2	1	1	0.1	1	1	0.9	unphased	0.630666141111549	0.630666141111549	1
10	88912500	88912501	38	4	2	1	1	0.1	1	1	0.9	unphased	0.44296788482835	0.492186538698167	0.9
10	89469049	89469050	103	6	2	1	1	0.1	1	1	0.9	unphased	0.256027309579689	0.256027309579689	1
10	89474570	89474571	160	39	2	1	1	0.1	1	1	0.9	unphased	0.911534416267383	0.911534416267383	1
10	90497449	90497450	156	33	2	1	1	0.1	1	1	0.9	unphased	0.812107788851975	0.812107788851975	1
10	91533842	91533843	23	6	2	1	1	0.1	1	1	0.9	unphased	0.962309542902967	0.962309542902967	1
10	94835009	94835010	48	4	2	1	1	0.1	1	1	0.9	unphased	0.35778175313059	0.397535281256212	0.9
10	95275298	95275299	86	8	2	1	1	0.1	1	1	0.9	unphased	0.395843641761504	0.395843641761504	1
10	96028740	96028741	96	9	2	1	1	0.1	1	1	0.9	unphased	0.398671096345515	0.398671096345515	1
10	96028741	96028742	95	9	2	1	1	0.1	1	1	0.9	unphased	0.402504472271914	0.402504472271914	1
10	96495114	96495115	151	13	2	1	1	0.1	1	1	0.9	unphased	0.368689733408962	0.368689733408962	1
10	97141440	97141441	88	11	2	1	1	0.1	1	1	0.9	unphased	0.516795865633075	0.574217628481194	0.9
10	99023381	99023382	104	24	2	1	1	0.1	1	1	0.9	unphased	0.872093023255814	0.872093023255814	1
10	102684394	102684395	127	17	2	1	1	0.1	1	1	0.9	unphased	0.549095607235142	0.549095607235142	1
10	103343343	103343344	58	16	2	1	1	0.1	1	1	0.9	unphased	1.00565681961031	1.00565681961031	1
10	104174739	104174740	64	10	2	1	1	0.1	1	1	0.9	unphased	0.628535512256443	0.628535512256443	1
10	105362385	105362386	66	10	2	1	1	0.1	1	1	0.9	unphased	0.611995104039168	0.611995104039168	1
10	105363418	105363419	79	22	2	1	1	0.1	1	1	0.9	unphased	1.01312456827078	1.01312456827078	1
10	106959841	106959842	206	24	2	1	1	0.1	1	1	0.9	unphased	0.485338725985844	0.485338725985844	1
10	106970908	106970909	63	8	2	1	1	0.1	1	1	0.9	unphased	0.524074680641991	0.582305200713324	0.9
10	106976795	106976796	162	7	2	1	1	0.1	1	1	0.9	unphased	0.192651713224164	0.192651713224164	1
10	113928216	113928217	136	18	2	1	1	0.1	1	1	0.9	unphased	0.54364240410752	0.54364240410752	1
10	114059273	114059274	81	12	2	1	1	0.1	1	1	0.9	unphased	0.600150037509377	0.666833375010419	0.9
10	114575083	114575084	101	23	2	1	1	0.1	1	1	0.9	unphased	0.86271567891973	0.86271567891973	1
10	115963867	115963868	88	15	2	1	1	0.1	1	1	0.9	unphased	0.677353804470535	0.677353804470535	1
10	117856248	117856249	49	15	2	1	1	0.1	1	1	0.9	unphased	1.09011627906977	1.09011627906977	1
10	119805662	119805663	148	25	2	1	1	0.1	1	1	0.9	unphased	0.672133351256889	0.746814834729877	0.9
10	122280505	122280506	190	29	2	1	1	0.1	1	1	0.9	unphased	0.615907401507911	0.615907401507911	1
10	122348908	122348909	126	32	2	1	1	0.1	1	1	0.9	unphased	0.942007653812187	0.942007653812187	1
10	123969911	123969912	52	8	2	1	1	0.1	1	1	0.9	unphased	0.62015503875969	0.62015503875969	1
10	123970501	123970502	97	13	2	1	1	0.1	1	1	0.9	unphased	0.549682875264271	0.610758750293634	0.9
10	124742387	124742388	110	18	2	1	1	0.1	1	1	0.9	unphased	0.654069767441861	0.726744186046512	0.9
10	131639171	131639172	162	38	2	1	1	0.1	1	1	0.9	unphased	0.883720930232558	0.883720930232558	1
10	133769305	133769306	74	13	2	1	1	0.1	1	1	0.9	unphased	0.695001336541032	0.695001336541032	1
10	134016260	134016261	153	10	2	1	1	0.1	1	1	0.9	unphased	0.28534741047225	0.28534741047225	1
10	135020769	135020770	81	9	2	1	1	0.1	1	1	0.9	unphased	0.465116279069767	0.465116279069767	1
10	135038436	135038437	12	3	2	1	1	0.1	1	1	0.9	unphased	0.930232558139535	0.930232558139535	1
10	135038437	135038438	12	3	2	1	1	0.1	1	1	0.9	unphased	0.930232558139535	0.930232558139535	1
10	135083893	135083894	42	5	2	1	1	0.1	1	1	0.9	unphased	0.49480455220188	0.49480455220188	1
10	135083989	135083990	143	26	2	1	1	0.1	1	1	0.9	unphased	0.715563506261181	0.795070562512423	0.9
11	1019303	1019304	43	6	2	1	1	0.12	1	1	0.88	unphased	0.56953013763645	0.56953013763645	1
11	1083756	1083757	44	9	2	1	1	0.12	1	1	0.88	unphased	0.789820096533567	0.789820096533567	1
11	1083841	1083842	33	6	2	1	1	0.12	1	1	0.88	unphased	0.715563506261181	0.715563506261181	1
11	1217664	1217665	261	24	2	1	1	0.12	1	1	0.88	unphased	0.391676866585067	0.391676866585067	1
11	1268643	1268644	162	60	2	1	1	0.12	1	1	0.88	unphased	1.25707102451289	1.25707102451289	1
11	2437189	2437190	9	5	2	1	1	0.12	1	1	0.88	unphased	1.66112956810631	1.66112956810631	1
11	2993336	2993337	66	11	2	1	1	0.12	1	1	0.88	unphased	0.664451827242525	0.664451827242525	1
11	4406614	4406615	37	8	2	1	1	0.12	1	1	0.88	unphased	0.82687338501292	0.82687338501292	1
11	4703957	4703958	42	6	2	1	1	0.12	1	1	0.88	unphased	0.581395348837209	0.581395348837209	1
11	4825813	4825814	31	3	2	1	1	0.12	1	1	0.88	unphased	0.410396716826265	0.410396716826265	1
11	4825814	4825815	30	3	2	1	1	0.12	1	1	0.88	unphased	0.422832980972516	0.422832980972516	1
11	4967751	4967752	77	13	2	1	1	0.12	1	1	0.88	unphased	0.671834625322997	0.671834625322997	1
11	5080738	5080739	62	18	2	1	1	0.12	1	1	0.88	unphased	1.04651162790698	1.04651162790698	1
11	5221534	5221535	53	11	2	1	1	0.12	1	1	0.88	unphased	0.799418604651163	0.799418604651163	1
11	5323125	5323126	123	18	2	1	1	0.12	1	1	0.88	unphased	0.593765462642256	0.674733480275291	0.88
11	5776764	5776765	141	39	2	1	1	0.12	1	1	0.88	unphased	1.0077519379845	1.0077519379845	1
11	6048201	6048202	46	18	2	1	1	0.12	1	1	0.88	unphased	1.30813953488372	1.30813953488372	1
11	6661975	6661976	85	13	2	1	1	0.12	1	1	0.88	unphased	0.616990982439487	0.701126116408509	0.88
11	6789424	6789425	88	14	2	1	1	0.12	1	1	0.88	unphased	0.638394892840857	0.725448741864611	0.88
11	6942557	6942558	118	18	2	1	1	0.12	1	1	0.88	unphased	0.615595075239398	0.699539858226589	0.88
11	6942603	6942604	179	29	2	1	1	0.12	1	1	0.88	unphased	0.648479427549195	0.736908440396813	0.88
11	7721902	7721903	30	4	2	1	1	0.12	1	1	0.88	unphased	0.547195622435021	0.547195622435021	1
11	7726112	7726113	26	3	2	1	1	0.12	1	1	0.88	unphased	0.481154771451484	0.481154771451484	1
11	7817812	7817813	129	16	2	1	1	0.12	1	1	0.88	unphased	0.513231756214916	0.513231756214916	1
11	9430160	9430161	66	13	2	1	1	0.12	1	1	0.88	unphased	0.765381218722402	0.765381218722402	1
11	9500007	9500008	175	32	2	1	1	0.12	1	1	0.88	unphased	0.719020334793843	0.817068562265731	0.88
11	10580674	10580675	199	33	2	1	1	0.12	1	1	0.88	unphased	0.66158781074579	0.751804330392943	0.88
11	14157005	14157006	142	21	2	1	1	0.12	1	1	0.88	unphased	0.599229561991725	0.680942684081506	0.88
11	14889143	14889144	51	17	2	1	1	0.12	1	1	0.88	unphased	1.16279069767442	1.16279069767442	1
11	15994654	15994655	50	7	2	1	1	0.12	1	1	0.88	unphased	0.571195430436557	0.571195430436557	1
11	17452354	17452355	520	92	2	1	1	0.12	1	1	0.88	unphased	0.699194406444748	0.699194406444748	1
11	17470171	17470172	152	29	2	1	1	0.12	1	1	0.88	unphased	0.74521392779134	0.846834008853796	0.88
11	17544441	17544442	13	3	2	1	1	0.12	1	1	0.88	unphased	0.872093023255814	0.872093023255814	1
11	18739527	18739528	144	44	2	1	1	0.12	1	1	0.88	unphased	1.08857001484414	1.08857001484414	1
11	18955515	18955516	34	12	2	1	1	0.12	1	1	0.88	unphased	1.21334681496461	1.21334681496461	1
11	19954915	19954916	229	37	2	1	1	0.12	1	1	0.88	unphased	0.646966252841406	0.646966252841406	1
11	22283831	22283832	85	10	2	1	1	0.12	1	1	0.88	unphased	0.489596083231334	0.556359185490152	0.88
11	22380973	22380974	45	8	2	1	1	0.12	1	1	0.88	unphased	0.702062308029838	0.702062308029838	1
11	22399131	22399132	38	4	2	1	1	0.12	1	1	0.88	unphased	0.44296788482835	0.503372596395852	0.88
11	26743035	26743036	35	11	2	1	1	0.12	1	1	0.88	unphased	1.11223458038423	1.11223458038423	1
11	27679835	27679836	73	13	2	1	1	0.12	1	1	0.88	unphased	0.703082747431044	0.703082747431044	1
11	30900144	30900145	88	11	2	1	1	0.12	1	1	0.88	unphased	0.516795865633075	0.587268029128494	0.88
11	32124953	32124954	135	18	2.28	2	1	0.64	1	0	0.36	unphased	0.580136798905609	0.906463748290014	0.64
11	32697558	32697559	76	8	2.28	2	1	0.64	1	0	0.36	unphased	0.469634551495017	0.733803986710963	0.64
11	36422704	36422705	41	21	1	1	0	1	NA	NA	NA	unphased	1.23668417104276	1.23668417104276	1
11	40136953	40136954	183	40	2	1	1	0.15	1	1	0.85	unphased	0.834289289811242	0.834289289811242	1
11	43775612	43775613	159	31	2	1	1	0.15	1	1	0.85	unphased	0.758873929008568	0.892792857657139	0.85
11	45892020	45892021	49	21	2	1	1	0.15	1	1	0.85	unphased	1.3953488372093	1.3953488372093	1
11	47374229	47374230	178	29	2	1	1	0.15	1	1	0.85	unphased	0.651612178406921	0.766602562831671	0.85
11	48510939	48510940	109	35	2	1	1	0.15	1	1	0.85	unphased	1.13049095607235	1.13049095607235	1
11	55371072	55371073	98	21	2	1	1	0.15	1	1	0.85	unphased	0.820793433652531	0.820793433652531	1
11	55371286	55371287	105	18	2	1	1	0.15	1	1	0.85	unphased	0.680657969370391	0.800774081612225	0.85
11	55658648	55658649	121	19	2	1	1	0.15	1	1	0.85	unphased	0.631229235880399	0.742622630447528	0.85
11	55703415	55703416	76	13	2	1	1	0.15	1	1	0.85	unphased	0.679383328978312	0.679383328978312	1
11	55703699	55703700	72	10	2	1	1	0.15	1	1	0.85	unphased	0.567214974475326	0.667311734676854	0.85
11	55927547	55927548	114	12	2	1	1	0.15	1	1	0.85	unphased	0.44296788482835	0.44296788482835	1
11	56113927	56113928	218	28	2	1	1	0.15	1	1	0.85	unphased	0.529400642843638	0.529400642843638	1
11	56380331	56380332	25	6	2	1	1	0.15	1	1	0.85	unphased	0.900225056264066	0.900225056264066	1
11	57373650	57373651	271	21	2	1	1	0.15	1	1	0.85	unphased	0.334501433577572	0.334501433577572	1
11	58170426	58170427	79	13	2	1	1	0.15	1	1	0.85	unphased	0.657229524772497	0.657229524772497	1
11	59834571	59834572	25	5	2	1	1	0.15	1	1	0.85	unphased	0.775193798449612	0.775193798449612	1
11	60157055	60157056	123	10	2	1	1	0.15	1	1	0.85	unphased	0.349711488022382	0.349711488022382	1
11	60184250	60184251	35	5	2	1	1	0.15	1	1	0.85	unphased	0.581395348837209	0.581395348837209	1
11	60696177	60696178	58	6	2	1	1	0.15	1	1	0.85	unphased	0.436046511627907	0.512995896032832	0.85
11	61018741	61018742	236	79	2	1	1	0.15	1	1	0.85	unphased	1.16648209671465	1.16648209671465	1
11	61630794	61630795	122	13	2	1	1	0.15	1	1	0.85	unphased	0.447889750215332	0.447889750215332	1
11	61643462	61643463	128	24	2	1	1	0.15	1	1	0.85	unphased	0.734394124847001	0.734394124847001	1
11	62389434	62389435	58	15	2	1	1	0.15	1	1	0.85	unphased	0.955718381650207	0.955718381650207	1
11	62751814	62751815	124	26	2	1	1	0.15	1	1	0.85	unphased	0.806201550387597	0.806201550387597	1
11	64001509	64001510	33	4	2	1	1	0.15	1	1	0.85	unphased	0.502828409805154	0.502828409805154	1
11	64336225	64336226	142	24	2	1	1	0.15	1	1	0.85	unphased	0.672457270944242	0.791126201110873	0.85
11	64536953	64536954	266	50	2	1	1	0.15	1	1	0.85	unphased	0.735943479540771	0.86581585828326	0.85
11	64699217	64699218	88	17	2	1	1	0.15	1	1	0.85	unphased	0.753045404208195	0.753045404208195	1
11	64825655	64825656	34	4	2	1	1	0.15	1	1	0.85	unphased	0.489596083231334	0.489596083231334	1
11	65266555	65266556	72	23	2	1	1	0.15	1	1	0.85	unphased	1.12607099143207	1.12607099143207	1
11	66062482	66062483	18	10	2	1	1	0.15	1	1	0.85	unphased	1.66112956810631	1.66112956810631	1
11	66191662	66191663	254	37	2	1	1	0.15	1	1	0.85	unphased	0.591384959641972	0.591384959641972	1
11	67832050	67832051	65	4	2	1	1	0.15	1	1	0.85	unphased	0.269632625547691	0.269632625547691	1
11	72404807	72404808	22	3	2	1	1	0.15	1	1	0.85	unphased	0.558139534883721	0.558139534883721	1
11	75115251	75115252	26	8	2	1	1	0.15	1	1	0.85	unphased	1.09439124487004	1.09439124487004	1
11	76507595	76507596	11	3	2	1	1	0.15	1	1	0.85	unphased	0.996677740863787	0.996677740863787	1
11	78380950	78380951	60	4	2	1	1	0.15	1	1	0.85	unphased	0.290697674418605	0.290697674418605	1
11	82951975	82951976	112	21	2	1	1	0.15	1	1	0.85	unphased	0.734394124847001	0.734394124847001	1
11	83641413	83641414	119	6	2	1	1	0.15	1	1	0.85	unphased	0.223255813953488	0.223255813953488	1
11	85397122	85397123	88	6	2	1	1	0.15	1	1	0.85	unphased	0.296882731321128	0.296882731321128	1
11	88042448	88042449	89	14	2	1	1	0.15	1	1	0.85	unphased	0.632196884172499	0.743761040202941	0.85
11	88911920	88911921	112	14	2	1	1	0.15	1	1	0.85	unphased	0.516795865633075	0.516795865633075	1
11	89088128	89088129	37	7	2	1	1	0.15	1	1	0.85	unphased	0.739957716701903	0.739957716701903	1
11	94153334	94153335	52	11	2	1	1	0.15	1	1	0.85	unphased	0.812107788851975	0.812107788851975	1
11	99872829	99872830	17	6	2	1	1	0.15	1	1	0.85	unphased	1.21334681496461	1.21334681496461	1
11	101773352	101773353	88	28	2	1	1	0.15	1	1	0.85	unphased	1.12269446672013	1.12269446672013	1
11	101833042	101833043	65	17	2	1	1	0.15	1	1	0.85	unphased	0.964265456608054	0.964265456608054	1
11	102595628	102595629	36	7	2	1	1	0.15	1	1	0.85	unphased	0.75716603569497	0.75716603569497	1
11	102668045	102668046	61	15	2	1	1	0.15	1	1	0.85	unphased	0.917992656058752	0.917992656058752	1
11	102711238	102711239	132	34	2	1	1	0.15	1	1	0.85	unphased	0.952647800504343	0.952647800504343	1
11	103907911	103907912	64	5	2	1	1	0.15	1	1	0.85	unphased	0.337040781934614	0.337040781934614	1
11	105623851	105623852	58	8	2	1	1	0.15	1	1	0.85	unphased	0.563777307963354	0.663267421133358	0.85
11	108594024	108594025	26	4	2	1	1	0.15	1	1	0.85	unphased	0.62015503875969	0.62015503875969	1
11	111625272	111625273	31	10	2	1	1	0.15	1	1	0.85	unphased	1.13442994895065	1.13442994895065	1
11	113212615	113212616	136	16	2	1	1	0.15	1	1	0.85	unphased	0.489596083231334	0.489596083231334	1
11	113281623	113281624	97	17	2	1	1	0.15	1	1	0.85	unphased	0.69359445124439	0.69359445124439	1
11	113569707	113569708	24	7	2	1	1	0.15	1	1	0.85	unphased	1.05026256564141	1.05026256564141	1
11	113775668	113775669	58	5	2	1	1	0.15	1	1	0.85	unphased	0.369139904023625	0.369139904023625	1
11	117302319	117302320	141	19	2	1	1	0.15	1	1	0.85	unphased	0.552325581395349	0.552325581395349	1
11	118272355	118272356	43	5	2	1	1	0.15	1	1	0.85	unphased	0.484496124031008	0.56999544003648	0.85
11	119077179	119077180	11	5	2	1	1	0.15	1	1	0.85	unphased	1.45348837209302	1.45348837209302	1
11	119212432	119212433	48	10	2	1	1	0.15	1	1	0.85	unphased	0.801924619085806	0.801924619085806	1
11	119510595	119510596	82	9	2	1	1	0.15	1	1	0.85	unphased	0.460005111167902	0.541182483726943	0.85
11	124440746	124440747	80	13	2	1	1	0.15	1	1	0.85	unphased	0.650162540635159	0.650162540635159	1
11	124792347	124792348	238	30	2	1	1	0.15	1	1	0.85	unphased	0.520652551197501	0.520652551197501	1
11	126333117	126333118	52	6	2	1	1	0.15	1	1	0.85	unphased	0.481154771451484	0.566064437001745	0.85
11	126333118	126333119	54	6	2	1	1	0.15	1	1	0.85	unphased	0.465116279069767	0.547195622435021	0.85
11	128839823	128839824	83	5	2	1	1	0.15	1	1	0.85	unphased	0.264270613107822	0.264270613107822	1
11	128839824	128839825	84	5	2	1	1	0.15	1	1	0.85	unphased	0.261301280376274	0.261301280376274	1
11	128856501	128856502	94	14	2	1	1	0.15	1	1	0.85	unphased	0.602928509905254	0.709327658712064	0.85
11	130319274	130319275	32	5	2	1	1	0.15	1	1	0.85	unphased	0.628535512256443	0.628535512256443	1
11	133714516	133714517	53	13	2	1	1	0.15	1	1	0.85	unphased	0.916138125440451	0.916138125440451	1
11	133801380	133801381	58	26	2	1	1	0.15	1	1	0.85	unphased	1.43964562569214	1.43964562569214	1
12	1992038	1992039	45	4	1	1	0	1	NA	NA	NA	unphased	0.298054105363075	0.298054105363075	1
12	8628831	8628832	89	20	1	1	0	1	NA	NA	NA	unphased	0.669938126733518	0.669938126733518	1
12	9248290	9248291	52	12	1	1	0	1	NA	NA	NA	unphased	0.684593023255814	0.684593023255814	1
12	11461759	11461760	284	53	1	1	0	1	NA	NA	NA	unphased	0.574218480436133	0.574218480436133	1
12	12332828	12332829	82	9	1	1	0	1	NA	NA	NA	unphased	0.361104012266803	0.361104012266803	1
12	14578094	14578095	21	4	1	1	0	1	NA	NA	NA	unphased	0.584186046511628	0.584186046511628	1
12	14834320	14834321	48	14	1	1	0	1	NA	NA	NA	unphased	0.824456114028507	0.824456114028507	1
12	29446284	29446285	56	14	1	1	0	1	NA	NA	NA	unphased	0.730232558139535	0.730232558139535	1
12	31135538	31135539	33	5	1	1	0	1	NA	NA	NA	unphased	0.480416156670747	0.480416156670747	1
12	32491884	32491885	57	25	1	1	0	1	NA	NA	NA	unphased	1.11315938740783	1.11315938740783	1
12	32491885	32491886	56	23	1	1	0	1	NA	NA	NA	unphased	1.06299676184869	1.06299676184869	1
12	32974409	32974410	46	16	1	1	0	1	NA	NA	NA	unphased	0.942235558889722	0.942235558889722	1
12	41966542	41966543	129	30	2	1	1	1	NA	NA	NA	unphased	0.877577885037297	0.877577885037297	1
12	45173780	45173781	181	31	2	1	1	1	NA	NA	NA	unphased	0.680122860903905	0.680122860903905	1
12	45567232	45567233	83	12	2	1	1	1	NA	NA	NA	unphased	0.587515299877601	0.587515299877601	1
12	45568136	45568137	157	34	2	1	1	1	NA	NA	NA	unphased	0.827955680019481	0.827955680019481	1
12	47472378	47472379	105	20	2	1	1	1	NA	NA	NA	unphased	0.744186046511628	0.744186046511628	1
12	49231336	49231337	85	30	2	1	1	1	NA	NA	NA	unphased	1.21334681496461	1.21334681496461	1
12	49425462	49425463	14	3	2	1	1	1	NA	NA	NA	unphased	0.820793433652531	0.820793433652531	1
12	49446091	49446092	196	28	2	1	1	1	NA	NA	NA	unphased	0.581395348837209	0.581395348837209	1
12	50152259	50152260	52	12	2	1	1	1	NA	NA	NA	unphased	0.872093023255814	0.872093023255814	1
12	52282887	52282888	78	13	2	1	1	1	NA	NA	NA	unphased	0.664451827242525	0.664451827242525	1
12	52825411	52825412	102	37	2	1	1	1	NA	NA	NA	unphased	1.23807930399866	1.23807930399866	1
12	53800366	53800367	77	12	2	1	1	1	NA	NA	NA	unphased	0.627123072903057	0.627123072903057	1
12	54338814	54338815	244	63	2	1	1	1	NA	NA	NA	unphased	0.95447314597379	0.95447314597379	1
12	54676239	54676240	73	15	2	1	1	1	NA	NA	NA	unphased	0.792811839323467	0.792811839323467	1
12	54970397	54970398	56	9	2	1	1	1	NA	NA	NA	unphased	0.644007155635063	0.644007155635063	1
12	55725850	55725851	153	21	2	1	1	1	NA	NA	NA	unphased	0.561347233360064	0.561347233360064	1
12	56629382	56629383	313	59	2	1	1	1	NA	NA	NA	unphased	0.737684421105276	0.737684421105276	1
12	57108149	57108150	78	16	2	1	1	1	NA	NA	NA	unphased	0.791687283523008	0.791687283523008	1
12	57864116	57864117	290	34	2	1	1	1	NA	NA	NA	unphased	0.488084984209015	0.488084984209015	1
12	57989790	57989791	130	20	2	1	1	1	NA	NA	NA	unphased	0.62015503875969	0.62015503875969	1
12	58009404	58009405	91	18	2	1	1	1	NA	NA	NA	unphased	0.768081928739066	0.768081928739066	1
12	58017645	58017646	113	19	2	1	1	1	NA	NA	NA	unphased	0.669485553206484	0.669485553206484	1
12	58165905	58165906	105	25	2	1	1	1	NA	NA	NA	unphased	0.894454382826476	0.894454382826476	1
12	62777984	62777985	33	4	2	1	1	1	NA	NA	NA	unphased	0.502828409805154	0.502828409805154	1
12	64784317	64784318	15	3	2	1	1	1	NA	NA	NA	unphased	0.775193798449612	0.775193798449612	1
12	65448992	65448993	63	11	2	1	1	1	NA	NA	NA	unphased	0.691389063482087	0.691389063482087	1
12	65856937	65856938	121	24	2	1	1	1	NA	NA	NA	unphased	0.769847634322374	0.769847634322374	1
12	66709038	66709039	53	12	2	1	1	1	NA	NA	NA	unphased	0.858676207513417	0.858676207513417	1
12	71946917	71946918	97	21	2	1	1	1	NA	NA	NA	unphased	0.827749310208908	0.827749310208908	1
12	71978461	71978462	200	23	2	1	1	1	NA	NA	NA	unphased	0.479716341641464	0.479716341641464	1
12	73014912	73014913	90	13	2	1	1	1	NA	NA	NA	unphased	0.587039963874464	0.587039963874464	1
12	75445044	75445045	25	3	2	1	1	1	NA	NA	NA	unphased	0.498338870431894	0.498338870431894	1
12	75601261	75601262	34	4	2	1	1	1	NA	NA	NA	unphased	0.489596083231334	0.489596083231334	1
12	75895740	75895741	166	40	2	1	1	1	NA	NA	NA	unphased	0.903138405960713	0.903138405960713	1
12	76778052	76778053	71	16	2	1	1	1	NA	NA	NA	unphased	0.855386260358193	0.855386260358193	1
12	77419372	77419373	186	8	2	1	1	1	NA	NA	NA	unphased	0.19180052745145	0.19180052745145	1
12	80655813	80655814	93	13	2	1	1	1	NA	NA	NA	unphased	0.570425625274243	0.570425625274243	1
12	80658818	80658819	264	75	2	1	1	1	NA	NA	NA	unphased	1.02901831652603	1.02901831652603	1
12	80658853	80658854	224	57	2	1	1	1	NA	NA	NA	unphased	0.943474302739386	0.943474302739386	1
12	81102717	81102718	46	6	2	1	1	1	NA	NA	NA	unphased	0.536672629695886	0.536672629695886	1
12	82070579	82070580	39	5	2	1	1	1	NA	NA	NA	unphased	0.528541226215645	0.528541226215645	1
12	83250959	83250960	172	32	2	1	1	1	NA	NA	NA	unphased	0.729594163246694	0.729594163246694	1
12	86373395	86373396	13	7	2	1	1	1	NA	NA	NA	unphased	1.62790697674419	1.62790697674419	1
12	88379716	88379717	199	35	2	1	1	1	NA	NA	NA	unphased	0.69568674219837	0.69568674219837	1
12	98992438	98992439	79	4	2	1	1	1	NA	NA	NA	unphased	0.224152423648081	0.224152423648081	1
12	100604118	100604119	78	14	2	1	1	1	NA	NA	NA	unphased	0.70778564206269	0.70778564206269	1
12	101560421	101560422	24	6	2	1	1	1	NA	NA	NA	unphased	0.930232558139535	0.930232558139535	1
12	101560422	101560423	22	6	2	1	1	1	NA	NA	NA	unphased	0.996677740863787	0.996677740863787	1
12	101988854	101988855	58	5	2	1	1	1	NA	NA	NA	unphased	0.369139904023625	0.369139904023625	1
12	102061561	102061562	97	18	2	1	1	1	NA	NA	NA	unphased	0.728008088978766	0.728008088978766	1
12	104378557	104378558	69	5	2	1	1	1	NA	NA	NA	unphased	0.314267756128221	0.314267756128221	1
12	110252249	110252250	48	6	2	1	1	1	NA	NA	NA	unphased	0.516795865633075	0.516795865633075	1
12	110511313	110511314	17	3	2	1	1	1	NA	NA	NA	unphased	0.697674418604651	0.697674418604651	1
12	111785637	111785638	101	27	2	1	1	1	NA	NA	NA	unphased	0.981104651162791	0.981104651162791	1
12	112711488	112711489	198	34	2	1	1	1	NA	NA	NA	unphased	0.681635926222935	0.681635926222935	1
12	113447006	113447007	343	77	2	1	1	1	NA	NA	NA	unphased	0.852713178294574	0.852713178294574	1
12	113873238	113873239	44	7	2	1	1	1	NA	NA	NA	unphased	0.638394892840857	0.638394892840857	1
12	125302249	125302250	131	16	2	1	1	1	NA	NA	NA	unphased	0.5062490112324	0.5062490112324	1
12	125396570	125396571	51	10	2	1	1	1	NA	NA	NA	unphased	0.762485703393061	0.762485703393061	1
12	125397144	125397145	290	50	2	1	1	1	NA	NA	NA	unphased	0.683994528043776	0.683994528043776	1
12	125834564	125834565	69	4	2	1	1	1	NA	NA	NA	unphased	0.254858235106722	0.254858235106722	1
12	129566309	129566310	56	4	2	1	1	1	NA	NA	NA	unphased	0.310077519379845	0.310077519379845	1
12	129566326	129566327	78	9	2	1	1	1	NA	NA	NA	unphased	0.481154771451484	0.481154771451484	1
12	129566432	129566433	83	31	2	1	1	1	NA	NA	NA	unphased	1.26478988168095	1.26478988168095	1
12	129694153	129694154	108	8	2	1	1	1	NA	NA	NA	unphased	0.320769847634322	0.320769847634322	1
12	132534887	132534888	85	12	2	1	1	1	NA	NA	NA	unphased	0.575401582354351	0.575401582354351	1
12	133240614	133240615	54	8	NA	NA	NA	NA	NA	NA	NA	unphased	NA	NA	1
13	19751624	19751625	135	30	1	1	0	1	NA	NA	NA	unphased	0.66384778012685	0.66384778012685	1
13	23915177	23915178	68	6	1	1	0	1	NA	NA	NA	unphased	0.296040226272784	0.296040226272784	1
13	25268627	25268628	74	11	1	1	0	1	NA	NA	NA	unphased	0.47250341997264	0.47250341997264	1
13	31712651	31712652	76	15	1	1	0	1	NA	NA	NA	unphased	0.601840020444672	0.601840020444672	1
13	36167463	36167464	36	12	1	1	0	1	NA	NA	NA	unphased	0.912790697674419	0.912790697674419	1
13	37596157	37596158	127	17	1	1	0	1	NA	NA	NA	unphased	0.431040051679587	0.431040051679587	1
13	38160340	38160341	70	12	1	1	0	1	NA	NA	NA	unphased	0.534316505955757	0.534316505955757	1
13	38160986	38160987	54	11	1	1	0	1	NA	NA	NA	unphased	0.61788908765653	0.61788908765653	1
13	38320576	38320577	131	35	1	1	0	1	NA	NA	NA	unphased	0.769823479966377	0.769823479966377	1
13	39263817	39263818	52	6	1	1	0	1	NA	NA	NA	unphased	0.377706495589415	0.377706495589415	1
13	50115947	50115948	43	3	2	1	1	1	NA	NA	NA	unphased	0.303336703741153	0.303336703741153	1
13	51517455	51517456	43	4	2	1	1	1	NA	NA	NA	unphased	0.395843641761504	0.395843641761504	1
13	53419557	53419558	46	11	2	1	1	1	NA	NA	NA	unphased	0.897592819257446	0.897592819257446	1
13	53624909	53624910	45	13	2	1	1	1	NA	NA	NA	unphased	1.04250200481155	1.04250200481155	1
13	58207235	58207236	20	8	2	1	1	1	NA	NA	NA	unphased	1.32890365448505	1.32890365448505	1
13	76135012	76135013	54	5	2	1	1	1	NA	NA	NA	unphased	0.394166338194718	0.394166338194718	1
13	78493560	78493561	87	7	2	1	1	1	NA	NA	NA	unphased	0.346363186541316	0.346363186541316	1
13	84454367	84454368	204	40	2	1	1	1	NA	NA	NA	unphased	0.762485703393061	0.762485703393061	1
13	86368625	86368626	199	42	2	1	1	1	NA	NA	NA	unphased	0.810576088005404	0.810576088005404	1
13	95055300	95055301	269	28	2	1	1	1	NA	NA	NA	unphased	0.438493461749276	0.438493461749276	1
13	96415921	96415922	76	8	2	1	1	1	NA	NA	NA	unphased	0.44296788482835	0.44296788482835	1
13	99582498	99582499	12	3	2	1	1	1	NA	NA	NA	unphased	0.930232558139535	0.930232558139535	1
13	101717819	101717820	133	19	2	1	1	1	NA	NA	NA	unphased	0.581395348837209	0.581395348837209	1
13	102029176	102029177	143	23	2	1	1	1	NA	NA	NA	unphased	0.644438217988232	0.644438217988232	1
13	103289510	103289511	66	10	2	1	1	1	NA	NA	NA	unphased	0.611995104039168	0.611995104039168	1
13	103289511	103289512	65	10	2	1	1	1	NA	NA	NA	unphased	0.62015503875969	0.62015503875969	1
13	103718365	103718366	117	14	2	1	1	1	NA	NA	NA	unphased	0.497070832593645	0.497070832593645	1
13	108881858	108881859	54	14	2	1	1	1	NA	NA	NA	unphased	0.957592339261286	0.957592339261286	1
13	109704653	109704654	75	15	2	1	1	1	NA	NA	NA	unphased	0.775193798449612	0.775193798449612	1
13	111995271	111995272	57	13	2	1	1	1	NA	NA	NA	unphased	0.863787375415282	0.863787375415282	1
13	113490563	113490564	38	9	2	1	1	1	NA	NA	NA	unphased	0.890648193963384	0.890648193963384	1
14	20248819	20248820	207	44	NA	NA	NA	NA	NA	NA	NA	unphased	NA	NA	1
14	20296254	20296255	88	9	NA	NA	NA	NA	NA	NA	NA	unphased	NA	NA	1
14	20502223	20502224	63	16	2	1	1	1	NA	NA	NA	unphased	0.942007653812187	0.942007653812187	1
14	20845901	20845902	22	5	2	1	1	1	NA	NA	NA	unphased	0.861326442721791	0.861326442721791	1
14	20856103	20856104	104	17	2	1	1	1	NA	NA	NA	unphased	0.65346915241207	0.65346915241207	1
14	21167995	21167996	105	11	2	1	1	1	NA	NA	NA	unphased	0.441058540497193	0.441058540497193	1
14	22192539	22192540	26	6	2	1	1	1	NA	NA	NA	unphased	0.872093023255814	0.872093023255814	1
14	22466254	22466255	49	9	2	1	1	1	NA	NA	NA	unphased	0.721732157177225	0.721732157177225	1
14	22580915	22580916	16	3	2	1	1	1	NA	NA	NA	unphased	0.734394124847001	0.734394124847001	1
14	23744964	23744965	34	16	2	1	1	1	NA	NA	NA	unphased	1.48837209302326	1.48837209302326	1
14	23829392	23829393	111	35	2	1	1	1	NA	NA	NA	unphased	1.11500477859191	1.11500477859191	1
14	23899788	23899789	33	4	2	1	1	1	NA	NA	NA	unphased	0.502828409805154	0.502828409805154	1
14	24774944	24774945	102	15	2	1	1	1	NA	NA	NA	unphased	0.596302921884317	0.596302921884317	1
14	24976669	24976670	239	37	2	1	1	1	NA	NA	NA	unphased	0.623525446579036	0.623525446579036	1
14	25326364	25326365	100	22	2	1	1	1	NA	NA	NA	unphased	0.838734273732368	0.838734273732368	1
14	31204842	31204843	71	14	2	1	1	1	NA	NA	NA	unphased	0.766073871409029	0.766073871409029	1
14	32257002	32257003	102	14	2	1	1	1	NA	NA	NA	unphased	0.561347233360064	0.561347233360064	1
14	32257003	32257004	102	14	2	1	1	1	NA	NA	NA	unphased	0.561347233360064	0.561347233360064	1
14	34270251	34270252	12	5	2	1	1	1	NA	NA	NA	unphased	1.36798905608755	1.36798905608755	1
14	34904504	34904505	54	7	2	1	1	1	NA	NA	NA	unphased	0.533739992375143	0.533739992375143	1
14	39819421	39819422	176	40	2	1	1	1	NA	NA	NA	unphased	0.861326442721791	0.861326442721791	1
14	44975469	44975470	50	5	2	1	1	1	NA	NA	NA	unphased	0.422832980972516	0.422832980972516	1
14	44975865	44975866	161	35	2	1	1	1	NA	NA	NA	unphased	0.830564784053156	0.830564784053156	1
14	45628453	45628454	37	11	2	1	1	1	NA	NA	NA	unphased	1.06589147286822	1.06589147286822	1
14	51448576	51448577	160	25	2	1	1	1	NA	NA	NA	unphased	0.628535512256443	0.628535512256443	1
14	52194489	52194490	166	30	2	1	1	1	NA	NA	NA	unphased	0.711912672045562	0.711912672045562	1
14	52494059	52494060	58	7	2	1	1	1	NA	NA	NA	unphased	0.500894454382827	0.500894454382827	1
14	52508996	52508997	279	66	2	1	1	1	NA	NA	NA	unphased	0.889787664307381	0.889787664307381	1
14	55309785	55309786	30	4	2	1	1	1	NA	NA	NA	unphased	0.547195622435021	0.547195622435021	1
14	58831100	58831101	55	14	2	1	1	1	NA	NA	NA	unphased	0.94371418941692	0.94371418941692	1
14	58832775	58832776	314	23	2	1	1	1	NA	NA	NA	unphased	0.317438410047616	0.317438410047616	1
14	58897412	58897413	47	11	2	1	1	1	NA	NA	NA	unphased	0.882117080994386	0.882117080994386	1
14	59112125	59112126	109	22	2	1	1	1	NA	NA	NA	unphased	0.781111308361441	0.781111308361441	1
14	62462902	62462903	119	25	2	1	1	1	NA	NA	NA	unphased	0.80749354005168	0.80749354005168	1
14	62547955	62547956	34	5	2	1	1	1	NA	NA	NA	unphased	0.596302921884317	0.596302921884317	1
14	63416973	63416974	104	23	2	1	1	1	NA	NA	NA	unphased	0.842336568394067	0.842336568394067	1
14	64587669	64587670	61	7	2	1	1	1	NA	NA	NA	unphased	0.478796169630643	0.478796169630643	1
14	65194590	65194591	38	6	2	1	1	1	NA	NA	NA	unphased	0.634249471458774	0.634249471458774	1
14	65237801	65237802	236	45	2	1	1	1	NA	NA	NA	unphased	0.744848133741621	0.744848133741621	1
14	68042147	68042148	16	3	2	1	1	1	NA	NA	NA	unphased	0.734394124847001	0.734394124847001	1
14	68758657	68758658	106	15	2	1	1	1	NA	NA	NA	unphased	0.576590428598885	0.576590428598885	1
14	73460007	73460008	105	13	2	1	1	1	NA	NA	NA	unphased	0.512416239653134	0.512416239653134	1
14	73659569	73659570	110	31	2	1	1	1	NA	NA	NA	unphased	1.02259607455055	1.02259607455055	1
14	74726369	74726370	197	25	2	1	1	1	NA	NA	NA	unphased	0.523779593547035	0.523779593547035	1
14	74876291	74876292	20	9	2	1	1	1	NA	NA	NA	unphased	1.44346431435445	1.44346431435445	1
14	75416137	75416138	82	18	2	1	1	1	NA	NA	NA	unphased	0.837209302325581	0.837209302325581	1
14	79181407	79181408	96	19	2	1	1	1	NA	NA	NA	unphased	0.76845298281092	0.76845298281092	1
14	80677692	80677693	51	7	2	1	1	1	NA	NA	NA	unphased	0.561347233360064	0.561347233360064	1
14	81558891	81558892	125	11	2	1	1	1	NA	NA	NA	unphased	0.376196990424077	0.376196990424077	1
14	86088878	86088879	195	65	2	1	1	1	NA	NA	NA	unphased	1.16279069767442	1.16279069767442	1
14	86089276	86089277	144	24	2	1	1	1	NA	NA	NA	unphased	0.664451827242525	0.664451827242525	1
14	89181355	89181356	47	10	2	1	1	1	NA	NA	NA	unphased	0.815993472052224	0.815993472052224	1
14	89202854	89202855	145	32	2	1	1	1	NA	NA	NA	unphased	0.840888188148732	0.840888188148732	1
14	89206765	89206766	37	10	2	1	1	1	NA	NA	NA	unphased	0.98960910440376	0.98960910440376	1
14	89628830	89628831	117	17	2	1	1	1	NA	NA	NA	unphased	0.590072891357168	0.590072891357168	1
14	92583900	92583901	77	12	2	1	1	1	NA	NA	NA	unphased	0.627123072903057	0.627123072903057	1
14	94063744	94063745	123	14	2	1	1	1	NA	NA	NA	unphased	0.475301307078594	0.475301307078594	1
14	94745001	94745002	50	8	2	1	1	1	NA	NA	NA	unphased	0.641539695268645	0.641539695268645	1
14	94914990	94914991	226	40	2	1	1	1	NA	NA	NA	unphased	0.699422976044763	0.699422976044763	1
14	94962978	94962979	60	10	2	1	1	1	NA	NA	NA	unphased	0.664451827242525	0.664451827242525	1
14	101453411	101453412	153	35	2	1	1	1	NA	NA	NA	unphased	0.86590796635329	0.86590796635329	1
14	105405202	105405203	37	10	2	1	1	1	NA	NA	NA	unphased	0.98960910440376	0.98960910440376	1
14	105406557	105406558	175	43	2	1	1	1	NA	NA	NA	unphased	0.917431192660551	0.917431192660551	1
14	105410344	105410345	534	98	2	1	1	1	NA	NA	NA	unphased	0.721224609949956	0.721224609949956	1
14	106207965	106207966	268	52	NA	NA	NA	NA	NA	NA	NA	unphased	NA	NA	1
15	22473089	22473090	181	21	NA	NA	NA	NA	NA	NA	NA	unphased	NA	NA	1
15	25222032	25222033	118	21	1.91	1	0	0.09	1	1	0.91	unphased	0.689096536724109	0.757248941455065	0.91
15	25463657	25463658	27	10	1.91	1	0	0.09	1	1	0.91	unphased	1.23274670018856	1.23274670018856	1
15	25468313	25468314	43	12	1.91	1	0	0.09	1	1	0.91	unphased	0.995162790697674	0.995162790697674	1
15	25468314	25468315	42	12	1.91	1	0	0.09	1	1	0.91	unphased	1.01359173126615	1.01359173126615	1
15	25959152	25959153	42	10	1.91	1	0	0.09	1	1	0.91	unphased	0.877146690518784	0.877146690518784	1
15	27777905	27777906	30	6	1.91	1	0	0.09	1	1	0.91	unphased	0.760193798449612	0.760193798449612	1
15	28447294	28447295	23	6	1.91	1	0	0.09	1	1	0.91	unphased	0.943688853247795	0.943688853247795	1
15	40580898	40580899	22	5	1.91	1	0	0.09	1	1	0.91	unphased	0.844659776055125	0.844659776055125	1
15	40866102	40866103	72	18	1.91	1	0	0.09	1	1	0.91	unphased	0.912232558139535	0.912232558139535	1
15	48451028	48451029	150	42	1.91	1	0	0.09	1	1	0.91	unphased	0.997754360465116	0.997754360465116	1
15	48566827	48566828	20	7	1.91	1	0	0.09	1	1	0.91	unphased	1.18252368647717	1.18252368647717	1
15	52011726	52011727	16	6	1.91	1	0	0.09	1	1	0.91	unphased	1.24395348837209	1.24395348837209	1
15	57730400	57730401	57	5	1.91	1	0	0.09	1	1	0.91	unphased	0.367835708927232	0.367835708927232	1
15	59499435	59499436	145	20	1.91	1	0	0.09	1	1	0.91	unphased	0.552868217054264	0.552868217054264	1
15	65759418	65759419	69	10	1.91	1	0	0.09	1	1	0.91	unphased	0.577362378569326	0.634464152273985	0.91
15	71403689	71403690	36	3	1.91	1	0	0.09	1	1	0.91	unphased	0.350858676207513	0.385558984843421	0.91
15	74032373	74032374	205	38	1.91	1	0	0.09	1	1	0.91	unphased	0.713268255335439	0.783811269599383	0.91
15	74032374	74032375	201	38	1.91	1	0	0.09	1	1	0.91	unphased	0.725205799357789	0.796929449843724	0.91
15	74290783	74290784	113	20	1.91	1	0	0.09	1	1	0.91	unphased	0.685889141458297	0.753724331272854	0.91
15	74554861	74554862	39	6	1.91	1	0	0.09	1	1	0.91	unphased	0.60815503875969	0.60815503875969	1
15	75782641	75782642	71	11	1.91	1	0	0.09	1	1	0.91	unphased	0.611863301191152	0.67237725405621	0.91
15	76496120	76496121	337	52	1.91	1	0	0.09	1	1	0.91	unphased	0.609718419322054	0.609718419322054	1
15	77329422	77329423	70	20	1.91	1	0	0.09	1	1	0.91	unphased	1.01359173126615	1.01359173126615	1
15	77763274	77763275	43	3	1.91	1	0	0.09	1	1	0.91	unphased	0.297467138523761	0.297467138523761	1
15	78219157	78219158	108	8	1.91	1	0	0.09	1	1	0.91	unphased	0.314562951082598	0.314562951082598	1
15	78393504	78393505	20	5	1.91	1	0	0.09	1	1	0.91	unphased	0.912232558139535	0.912232558139535	1
15	81517712	81517713	14	3	1.91	1	0	0.09	1	1	0.91	unphased	0.804911080711354	0.804911080711354	1
15	81664973	81664974	167	30	1.91	1	0	0.09	1	1	0.91	unphased	0.694593318380357	0.763289360857535	0.91
15	82336561	82336562	180	74	1.91	1	0	0.09	1	1	0.91	unphased	1.32884270280168	1.32884270280168	1
15	83935601	83935602	147	22	1.91	1	0	0.09	1	1	0.91	unphased	0.593760836658869	0.593760836658869	1
15	84700169	84700170	234	43	1.91	1	0	0.09	1	1	0.91	unphased	0.708050541516246	0.77807751814972	0.91
15	85345441	85345442	22	12	1.91	1	0	0.09	1	1	0.91	unphased	1.60982216142271	1.60982216142271	1
15	85478698	85478699	162	32	1.91	1	0	0.09	1	1	0.91	unphased	0.75235674898106	0.826765658220945	0.91
15	89395199	89395200	25	9	1.91	1	0	0.09	1	1	0.91	unphased	1.20736662106703	1.20736662106703	1
15	90020860	90020861	85	10	1.91	1	0	0.09	1	1	0.91	unphased	0.480122399020808	0.480122399020808	1
15	90340925	90340926	230	16	1.91	1	0	0.09	1	1	0.91	unphased	0.296660994516922	0.296660994516922	1
15	90892071	90892072	33	3	1.91	1	0	0.09	1	1	0.91	unphased	0.380096899224806	0.41768890024704	0.91
15	92977529	92977530	127	25	2	1	1	1	NA	NA	NA	unphased	0.76499388004896	0.76499388004896	1
15	100996235	100996236	31	11	2	1	1	1	NA	NA	NA	unphased	1.21816168327796	1.21816168327796	1
15	101020249	101020250	48	5	2	1	1	1	NA	NA	NA	unphased	0.438788942518649	0.438788942518649	1
16	1250545	1250546	67	29	1	1	0	1	NA	NA	NA	unphased	1.10295542635659	1.10295542635659	1
16	1394525	1394526	117	37	1	1	0	1	NA	NA	NA	unphased	0.877227423739052	0.877227423739052	1
16	1995910	1995911	72	24	1	1	0	1	NA	NA	NA	unphased	0.912790697674419	0.912790697674419	1
16	1995912	1995913	73	23	1	1	0	1	NA	NA	NA	unphased	0.874757751937985	0.874757751937985	1
16	2004080	2004081	6	4	1	1	0	1	NA	NA	NA	unphased	1.46046511627907	1.46046511627907	1
16	2946545	2946546	126	33	1	1	0	1	NA	NA	NA	unphased	0.757788503729706	0.757788503729706	1
16	9892236	9892237	80	23	1	1	0	1	NA	NA	NA	unphased	0.815308195981034	0.815308195981034	1
16	9923461	9923462	44	7	1	1	0	1	NA	NA	NA	unphased	0.501139990880073	0.501139990880073	1
16	15781253	15781254	68	14	1	1	0	1	NA	NA	NA	unphased	0.623369256948384	0.623369256948384	1
16	17232210	17232211	40	12	1	1	0	1	NA	NA	NA	unphased	0.84257602862254	0.84257602862254	1
16	19871840	19871841	47	18	1	1	0	1	NA	NA	NA	unphased	1.01109123434705	1.01109123434705	1
16	20696581	20696582	113	9	1	1	0	1	NA	NA	NA	unphased	0.269348074723599	0.269348074723599	1
16	20851771	20851772	120	28	1	1	0	1	NA	NA	NA	unphased	0.69076052796983	0.69076052796983	1
16	23200889	23200890	269	51	1	1	0	1	NA	NA	NA	unphased	0.581904069767442	0.581904069767442	1
16	24800858	24800859	33	9	1	1	0	1	NA	NA	NA	unphased	0.782392026578073	0.782392026578073	1
16	27751436	27751437	64	31	1	1	0	1	NA	NA	NA	unphased	1.19143206854345	1.19143206854345	1
16	30724002	30724003	101	23	1	1	0	1	NA	NA	NA	unphased	0.677231807951988	0.677231807951988	1
16	30999191	30999192	221	53	1	1	0	1	NA	NA	NA	unphased	0.706246817178747	0.706246817178747	1
16	31092491	31092492	41	6	1	1	0	1	NA	NA	NA	unphased	0.466105888174171	0.466105888174171	1
16	31230652	31230653	138	28	1	1	0	1	NA	NA	NA	unphased	0.615858783973102	0.615858783973102	1
16	31424171	31424172	137	22	1	1	0	1	NA	NA	NA	unphased	0.505192335819804	0.505192335819804	1
16	31426236	31426237	114	20	1	1	0	1	NA	NA	NA	unphased	0.544949670253384	0.544949670253384	1
16	31497104	31497105	139	36	1.5	1	1	0.5	1	0	0.5	unphased	0.853953488372093	0.853953488372093	1
16	49670919	49670920	69	15	1	1	0	1	NA	NA	NA	unphased	0.651993355481728	0.651993355481728	1
16	53504350	53504351	58	11	1	1	0	1	NA	NA	NA	unphased	0.582069430401079	0.582069430401079	1
16	65015953	65015954	72	28	1	1	0	1	NA	NA	NA	unphased	1.02232558139535	1.02232558139535	1
16	66413444	66413445	19	6	1	1	0	1	NA	NA	NA	unphased	0.876279069767442	0.876279069767442	1
16	66413445	66413446	19	6	1	1	0	1	NA	NA	NA	unphased	0.876279069767442	0.876279069767442	1
16	68200748	68200749	14	4	1	1	0	1	NA	NA	NA	unphased	0.811369509043928	0.811369509043928	1
16	70187391	70187392	37	3	1	1	0	1	NA	NA	NA	unphased	0.273837209302326	0.273837209302326	1
16	70208130	70208131	70	19	1	1	0	1	NA	NA	NA	unphased	0.779461719362425	0.779461719362425	1
16	71799423	71799424	68	16	1	1	0	1	NA	NA	NA	unphased	0.695459579180509	0.695459579180509	1
16	74708905	74708906	57	18	1	1	0	1	NA	NA	NA	unphased	0.876279069767442	0.876279069767442	1
16	75663383	75663384	252	17	1	1	0	1	NA	NA	NA	unphased	0.230742629895392	0.230742629895392	1
16	77228443	77228444	65	13	1	1	0	1	NA	NA	NA	unphased	0.608527131782946	0.608527131782946	1
16	81145907	81145908	83	18	1	1	0	1	NA	NA	NA	unphased	0.650702279530279	0.650702279530279	1
16	81145908	81145909	81	18	1	1	0	1	NA	NA	NA	unphased	0.66384778012685	0.66384778012685	1
16	83378553	83378554	96	27	1	1	0	1	NA	NA	NA	unphased	0.801474758933636	0.801474758933636	1
16	89967133	89967134	45	16	NA	NA	NA	NA	NA	NA	NA	unphased	NA	NA	1
16	90128873	90128874	197	43	NA	NA	NA	NA	NA	NA	NA	unphased	NA	NA	1
17	1673259	1673260	156	21	1	1	0	1	NA	NA	NA	unphased	0.433188805675995	0.433188805675995	1
17	3789004	3789005	57	10	1	1	0	1	NA	NA	NA	unphased	0.544949670253384	0.544949670253384	1
17	3989092	3989093	142	30	1	1	0	1	NA	NA	NA	unphased	0.636830719307734	0.636830719307734	1
17	4453603	4453604	272	45	1	1	0	1	NA	NA	NA	unphased	0.518303866187367	0.518303866187367	1
17	6716355	6716356	33	8	1	1	0	1	NA	NA	NA	unphased	0.71242200794101	0.71242200794101	1
17	6978401	6978402	108	31	1	1	0	1	NA	NA	NA	unphased	0.814288104400201	0.814288104400201	1
17	7536623	7536624	34	11	1	1	0	1	NA	NA	NA	unphased	0.89250645994832	0.89250645994832	1
17	7578274	7578275	40	10	1	1	0	1	NA	NA	NA	unphased	0.730232558139535	0.730232558139535	1
17	7640408	7640409	65	19	1	1	0	1	NA	NA	NA	unphased	0.825858250276855	0.825858250276855	1
17	8053821	8053822	66	17	1	1	0	1	NA	NA	NA	unphased	0.747828523395909	0.747828523395909	1
17	8812395	8812396	17	10	1	1	0	1	NA	NA	NA	unphased	1.35228251507321	1.35228251507321	1
17	10219324	10219325	34	7	1	1	0	1	NA	NA	NA	unphased	0.623369256948384	0.623369256948384	1
17	10323501	10323502	42	23	1	1	0	1	NA	NA	NA	unphased	1.29194991055456	1.29194991055456	1
17	10541151	10541152	26	12	1	1	0	1	NA	NA	NA	unphased	1.15299877600979	1.15299877600979	1
17	11607518	11607519	127	12	1	1	0	1	NA	NA	NA	unphased	0.315208298477497	0.315208298477497	1
17	15930886	15930887	17	5	1	1	0	1	NA	NA	NA	unphased	0.829809725158562	0.829809725158562	1
17	18916818	18916819	74	28	1	1	0	1	NA	NA	NA	unphased	1.00227998176015	1.00227998176015	1
17	19644496	19644497	57	14	1	1	0	1	NA	NA	NA	unphased	0.719947592531936	0.719947592531936	1
17	27825485	27825486	166	59	2	1	1	1	NA	NA	NA	unphased	1.21963824289406	1.21963824289406	1
17	28616429	28616430	46	3	2	1	1	1	NA	NA	NA	unphased	0.284765068818225	0.284765068818225	1
17	29556951	29556952	183	22	2	1	1	1	NA	NA	NA	unphased	0.499149177538287	0.499149177538287	1
17	29645796	29645797	81	16	2	1	1	1	NA	NA	NA	unphased	0.767202109805802	0.767202109805802	1
17	30498085	30498086	35	10	2	1	1	1	NA	NA	NA	unphased	1.03359173126615	1.03359173126615	1
17	34340338	34340339	19	10	2	1	1	1	NA	NA	NA	unphased	1.60384923817161	1.60384923817161	1
17	35896110	35896111	101	20	2	1	1	1	NA	NA	NA	unphased	0.768787238131847	0.768787238131847	1
17	36869374	36869375	103	6	2	1	1	1	NA	NA	NA	unphased	0.256027309579689	0.256027309579689	1
17	37188567	37188568	159	39	2	1	1	1	NA	NA	NA	unphased	0.916138125440451	0.916138125440451	1
17	38922841	38922842	104	13	2	1	1	1	NA	NA	NA	unphased	0.516795865633075	0.516795865633075	1
17	39019539	39019540	36	4	2	1	1	1	NA	NA	NA	unphased	0.465116279069767	0.465116279069767	1
17	39081744	39081745	48	8	2	1	1	1	NA	NA	NA	unphased	0.664451827242525	0.664451827242525	1
17	39305726	39305727	118	15	2	1	1	1	NA	NA	NA	unphased	0.524567232033572	0.524567232033572	1
17	39340966	39340967	68	9	2	1	1	1	NA	NA	NA	unphased	0.54364240410752	0.54364240410752	1
17	39340967	39340968	67	9	2	1	1	1	NA	NA	NA	unphased	0.550795593635251	0.550795593635251	1
17	39382985	39382986	206	40	2	1	1	1	NA	NA	NA	unphased	0.756286632633768	0.756286632633768	1
17	39538422	39538423	105	6	2	1	1	1	NA	NA	NA	unphased	0.251414204902577	0.251414204902577	1
17	40254247	40254248	229	62	2	1	1	1	NA	NA	NA	unphased	0.990969391832494	0.990969391832494	1
17	41345113	41345114	83	8	2	1	1	1	NA	NA	NA	unphased	0.408893432149246	0.408893432149246	1
17	42882321	42882322	228	41	2	1	1	1	NA	NA	NA	unphased	0.708913287801504	0.708913287801504	1
17	42882871	42882872	182	11	2	1	1	1	NA	NA	NA	unphased	0.265092179780696	0.265092179780696	1
17	43101772	43101773	33	6	2	1	1	1	NA	NA	NA	unphased	0.715563506261181	0.715563506261181	1
17	45361826	45361827	93	19	2	1	1	1	NA	NA	NA	unphased	0.789036544850498	0.789036544850498	1
17	45787861	45787862	72	8	2	1	1	1	NA	NA	NA	unphased	0.465116279069767	0.465116279069767	1
17	45916940	45916941	444	85	2	1	1	1	NA	NA	NA	unphased	0.747351299072405	0.747351299072405	1
17	46233865	46233866	61	6	2	1	1	1	NA	NA	NA	unphased	0.416522040958001	0.416522040958001	1
17	46607760	46607761	51	12	2	1	1	1	NA	NA	NA	unphased	0.8859357696567	0.8859357696567	1
17	46629510	46629511	216	58	2	1	1	1	NA	NA	NA	unphased	0.984552707519946	0.984552707519946	1
17	46937756	46937757	97	22	2	1	1	1	NA	NA	NA	unphased	0.859878835255032	0.859878835255032	1
17	47041693	47041694	194	44	2	1	1	1	NA	NA	NA	unphased	0.859878835255032	0.859878835255032	1
17	47115599	47115600	110	23	2	1	1	1	NA	NA	NA	unphased	0.804336422451478	0.804336422451478	1
17	48263149	48263150	49	11	2	1	1	1	NA	NA	NA	unphased	0.852713178294574	0.852713178294574	1
17	48695603	48695604	106	16	2	1	1	1	NA	NA	NA	unphased	0.609988562714449	0.609988562714449	1
17	48741077	48741078	216	30	2	1	1	1	NA	NA	NA	unphased	0.567214974475326	0.567214974475326	1
17	48778047	48778048	71	11	2	1	1	1	NA	NA	NA	unphased	0.623936471922859	0.623936471922859	1
17	51902287	51902288	85	19	2	1	1	1	NA	NA	NA	unphased	0.849731663685152	0.849731663685152	1
17	51902315	51902316	72	6	2	1	1	1	NA	NA	NA	unphased	0.35778175313059	0.35778175313059	1
17	54543726	54543727	108	19	2	1	1	1	NA	NA	NA	unphased	0.695843252151621	0.695843252151621	1
17	55962650	55962651	84	12	2	1	1	1	NA	NA	NA	unphased	0.581395348837209	0.581395348837209	1
17	56283679	56283680	254	48	2	1	1	1	NA	NA	NA	unphased	0.739257662097644	0.739257662097644	1
17	56326988	56326989	25	5	2	1	1	1	NA	NA	NA	unphased	0.775193798449612	0.775193798449612	1
17	56349149	56349150	108	9	2	1	1	1	NA	NA	NA	unphased	0.35778175313059	0.35778175313059	1
17	56387877	56387878	72	9	2	1	1	1	NA	NA	NA	unphased	0.516795865633075	0.516795865633075	1
17	56400037	56400038	176	11	2	1	1	1	NA	NA	NA	unphased	0.27359781121751	0.27359781121751	1
17	56573544	56573545	73	11	2	1	1	1	NA	NA	NA	unphased	0.609080841638981	0.609080841638981	1
17	57771250	57771251	71	17	2	1	1	1	NA	NA	NA	unphased	0.898520084566596	0.898520084566596	1
17	59560358	59560359	83	14	2	1	1	1	NA	NA	NA	unphased	0.671301846080077	0.671301846080077	1
17	60483850	60483851	30	3	2	1	1	1	NA	NA	NA	unphased	0.422832980972516	0.422832980972516	1
17	61611570	61611571	97	14	2	1	1	1	NA	NA	NA	unphased	0.58663314477268	0.58663314477268	1
17	61769724	61769725	52	10	2	1	1	1	NA	NA	NA	unphased	0.750187546886722	0.750187546886722	1
17	65962700	65962701	79	14	2	1	1	1	NA	NA	NA	unphased	0.70017504376094	0.70017504376094	1
17	67186558	67186559	69	15	2	1	1	1	NA	NA	NA	unphased	0.830564784053156	0.830564784053156	1
17	67188716	67188717	126	19	2	1	1	1	NA	NA	NA	unphased	0.609462710505213	0.609462710505213	1
17	71354279	71354280	234	59	2	1	1	1	NA	NA	NA	unphased	0.936582268434003	0.936582268434003	1
17	71377058	71377059	19	4	2	1	1	1	NA	NA	NA	unphased	0.808897876643074	0.808897876643074	1
17	71390437	71390438	28	5	2	1	1	1	NA	NA	NA	unphased	0.704721634954193	0.704721634954193	1
17	72233505	72233506	151	38	2	1	1	1	NA	NA	NA	unphased	0.935154423526517	0.935154423526517	1
17	72537650	72537651	95	9	2	1	1	1	NA	NA	NA	unphased	0.402504472271914	0.402504472271914	1
17	72915757	72915758	59	7	2	1	1	1	NA	NA	NA	unphased	0.493305144467935	0.493305144467935	1
17	73490976	73490977	204	33	2	1	1	1	NA	NA	NA	unphased	0.647630261995879	0.647630261995879	1
17	73657127	73657128	113	24	2	1	1	1	NA	NA	NA	unphased	0.814802240706162	0.814802240706162	1
17	73659001	73659002	311	56	2	1	1	1	NA	NA	NA	unphased	0.709714213294468	0.709714213294468	1
17	74155588	74155589	89	22	2	1	1	1	NA	NA	NA	unphased	0.921852084642782	0.921852084642782	1
17	76046031	76046032	54	9	2	1	1	1	NA	NA	NA	unphased	0.664451827242525	0.664451827242525	1
17	76399739	76399740	118	16	2	1	1	1	NA	NA	NA	unphased	0.555362721277334	0.555362721277334	1
17	76803277	76803278	21	12	2	1	1	1	NA	NA	NA	unphased	1.69133192389006	1.69133192389006	1
17	79863983	79863984	32	5	2	1	1	1	NA	NA	NA	unphased	0.628535512256443	0.628535512256443	1
17	80758782	80758783	129	24	2	1	1	1	NA	NA	NA	unphased	0.729594163246694	0.729594163246694	1
18	2945726	2945727	32	4	2	1	1	0.35	1	1	0.65	unphased	0.516795865633075	0.516795865633075	1
18	5956347	5956348	238	21	2	1	1	0.35	1	1	0.65	unphased	0.377121307353866	0.377121307353866	1
18	8825369	8825370	79	16	2	1	1	0.35	1	1	0.65	unphased	0.783353733170135	0.783353733170135	1
18	10672713	10672714	175	13	2	1	1	0.35	1	1	0.65	unphased	0.321622958931222	0.321622958931222	1
18	12725464	12725465	147	25	2	1	1	0.35	1	1	0.65	unphased	0.676041103299081	1.04006323584474	0.65
18	13884959	13884960	119	10	2	1	1	0.35	1	1	0.65	unphased	0.360555255092843	0.554700392450528	0.65
18	19321593	19321594	31	36	4	4	0	1	NA	NA	NA	unphased	3.57375911141965	0.893439777854912	4
18	21269752	21269753	2	6	3.98	4	1	0.66	1	1	0.34	unphased	4.97337209302326	1.35884483415936	3.66
18	24039634	24039635	187	19	3.98	4	1	0.66	1	1	0.34	unphased	0.61161210205464	0.926685003113091	0.66
18	28659875	28659876	139	8	1.71	1	0	0.29	1	1	0.71	unphased	0.23734219269103	0.23734219269103	1
18	29493344	29493345	51	53	4.22	4	1	0.74	1	1	0.26	unphased	3.50165026833631	1.00622134147595	3.48
18	30092549	30092550	177	18	4.22	4	1	0.74	1	1	0.26	unphased	0.634261180679785	0.857109703621332	0.74
18	30254580	30254581	114	96	4.22	4	1	0.74	1	1	0.26	unphased	3.14110299003322	0.975497822991684	3.22
18	30254581	30254582	113	97	4.22	4	1	0.74	1	1	0.26	unphased	3.17382281284607	0.985659258647847	3.22
18	31226243	31226244	126	102	4.22	4	1	0.74	1	1	0.26	unphased	3.07394124847001	0.954640139276401	3.22
18	31320165	31320166	39	34	4.22	4	1	0.74	1	1	0.26	unphased	3.20026760114686	0.993871925822007	3.22
18	31325173	31325174	61	55	4.22	4	1	0.74	1	1	0.26	unphased	3.25787890938252	1.0117636364542	3.22
18	32374167	32374168	134	19	1.74	1	0	0.26	1	1	0.74	unphased	0.54530779753762	0.736902429104891	0.74
18	34261507	34261508	40	15	2.79	2	1	0.79	1	1	0.21	unphased	1.48395348837209	1.48395348837209	1
18	34297949	34297950	75	19	2.79	2	1	0.79	1	1	0.21	unphased	1.0998095002474	1.0998095002474	1
18	42530481	42530482	16	6	1.8	1	0	0.2	1	1	0.8	unphased	1.21395348837209	1.21395348837209	1
18	43205672	43205673	47	3	2	1	1	1	NA	NA	NA	unphased	0.27906976744186	0.27906976744186	1
18	43262345	43262346	369	59	2	1	1	1	NA	NA	NA	unphased	0.641164964138231	0.641164964138231	1
18	43422132	43422133	122	9	2	1	1	1	NA	NA	NA	unphased	0.319545535238772	0.319545535238772	1
18	46956760	46956761	86	17	2	1	1	1	NA	NA	NA	unphased	0.767667645066607	0.767667645066607	1
18	47802045	47802046	81	7	2	1	1	1	NA	NA	NA	unphased	0.369978858350951	0.369978858350951	1
18	52899874	52899875	59	13	1.8	1	0	0.2	1	1	0.8	unphased	0.803682170542636	0.803682170542636	1
18	56247563	56247564	103	19	1.8	1	0	0.2	1	1	0.8	unphased	0.693213877239802	0.866517346549752	0.8
18	61264449	61264450	30	3	1.8	1	0	0.2	1	1	0.8	unphased	0.404651162790698	0.404651162790698	1
18	63511050	63511051	59	9	1.8	1	0	0.2	1	1	0.8	unphased	0.589124487004104	0.73640560875513	0.8
18	66351690	66351691	121	17	1.8	1	0	0.2	1	1	0.8	unphased	0.548331648129424	0.68541456016178	0.8
18	70417472	70417473	45	6	1.8	1	0	0.2	1	1	0.8	unphased	0.523666210670315	0.654582763337893	0.8
18	72346980	72346981	63	14	1.8	1	0	0.2	1	1	0.8	unphased	0.809302325581395	0.809302325581395	1
18	76754061	76754062	37	8	1.8	1	0	0.2	1	1	0.8	unphased	0.791317829457365	0.791317829457365	1
19	307380	307381	18	3	1	1	0	1	NA	NA	NA	unphased	0.521594684385382	0.521594684385382	1
19	3813918	3813919	38	7	1	1	0	1	NA	NA	NA	unphased	0.567958656330749	0.567958656330749	1
19	3834882	3834883	13	7	1	1	0	1	NA	NA	NA	unphased	1.27790697674419	1.27790697674419	1
19	5843705	5843706	84	20	1	1	0	1	NA	NA	NA	unphased	0.702146690518784	0.702146690518784	1
19	6921772	6921773	24	4	1	1	0	1	NA	NA	NA	unphased	0.521594684385382	0.521594684385382	1
19	7535097	7535098	68	32	1	1	0	1	NA	NA	NA	unphased	1.16837209302326	1.16837209302326	1
19	8997532	8997533	90	19	1	1	0	1	NA	NA	NA	unphased	0.636441220396842	0.636441220396842	1
19	9075357	9075358	68	25	1	1	0	1	NA	NA	NA	unphased	0.981495373843461	0.981495373843461	1
19	9077020	9077021	14	5	1	1	0	1	NA	NA	NA	unphased	0.960832313341493	0.960832313341493	1
19	9087989	9087990	288	93	1	1	0	1	NA	NA	NA	unphased	0.891228712689984	0.891228712689984	1
19	9091424	9091425	73	26	1	1	0	1	NA	NA	NA	unphased	0.958891237961006	0.958891237961006	1
19	12951846	12951847	177	13	1	1	0	1	NA	NA	NA	unphased	0.249816401468788	0.249816401468788	1
19	14083888	14083889	50	7	1	1	0	1	NA	NA	NA	unphased	0.448388412892697	0.448388412892697	1
19	15483725	15483726	24	7	1	1	0	1	NA	NA	NA	unphased	0.824456114028507	0.824456114028507	1
19	15483726	15483727	23	7	1	1	0	1	NA	NA	NA	unphased	0.851937984496124	0.851937984496124	1
19	15483727	15483728	23	7	1	1	0	1	NA	NA	NA	unphased	0.851937984496124	0.851937984496124	1
19	15769318	15769319	350	20	1	1	0	1	NA	NA	NA	unphased	0.197360150848523	0.197360150848523	1
19	15794431	15794432	60	37	1	1	0	1	NA	NA	NA	unphased	1.39271157995684	1.39271157995684	1
19	16860133	16860134	85	18	1	1	0	1	NA	NA	NA	unphased	0.638067283811244	0.638067283811244	1
19	16860464	16860465	80	23	1	1	0	1	NA	NA	NA	unphased	0.815308195981034	0.815308195981034	1
19	18507021	18507022	114	29	1	1	0	1	NA	NA	NA	unphased	0.740445600910717	0.740445600910717	1
19	22154753	22154754	80	10	1	1	0	1	NA	NA	NA	unphased	0.405684754521964	0.405684754521964	1
19	22271876	22271877	39	10	1	1	0	1	NA	NA	NA	unphased	0.745135263407689	0.745135263407689	1
19	23414978	23414979	175	17	1	1	0	1	NA	NA	NA	unphased	0.32328003875969	0.32328003875969	1
19	31768669	31768670	130	10	3	2	1	1	NA	NA	NA	unphased	0.403654485049834	0.403654485049834	1
19	31769260	31769261	291	130	3	2	1	1	NA	NA	NA	unphased	1.74501463845771	0.872507319228857	2
19	31769261	31769262	291	130	3	2	1	1	NA	NA	NA	unphased	1.74501463845771	0.872507319228857	2
19	31769911	31769912	337	18	3	2	1	1	NA	NA	NA	unphased	0.286537831641009	0.286537831641009	1
19	34264011	34264012	15	10	3	2	1	1	NA	NA	NA	unphased	2.26046511627907	1.13023255813954	2
19	35174078	35174079	93	17	3	2	1	1	NA	NA	NA	unphased	0.873361522198732	0.873361522198732	1
19	35504457	35504458	64	25	3	2	1	1	NA	NA	NA	unphased	1.58740527828586	0.793702639142932	2
19	35655064	35655065	142	34	3	2	1	1	NA	NA	NA	unphased	1.09170190274841	1.09170190274841	1
19	35761416	35761417	191	11	3	2	1	1	NA	NA	NA	unphased	0.30773658761225	0.30773658761225	1
19	36233668	36233669	195	12	3	2	1	1	NA	NA	NA	unphased	0.327603640040445	0.327603640040445	1
19	36577667	36577668	38	8	3	2	1	1	NA	NA	NA	unphased	0.982810920121335	0.982810920121335	1
19	38597179	38597180	188	27	3	2	1	1	NA	NA	NA	unphased	0.709680908599243	0.709680908599243	1
19	38743600	38743601	226	49	3	2	1	1	NA	NA	NA	unphased	1.00693446088795	1.00693446088795	1
19	38948695	38948696	264	71	3	2	1	1	NA	NA	NA	unphased	1.19770912877473	1.19770912877473	1
19	38949886	38949887	96	7	3	2	1	1	NA	NA	NA	unphased	0.384059607134793	0.384059607134793	1
19	40328479	40328480	41	5	3	2	1	1	NA	NA	NA	unphased	0.614256825075834	0.614256825075834	1
19	40368371	40368372	334	41	3	2	1	1	NA	NA	NA	unphased	0.617860465116279	0.617860465116279	1
19	41063309	41063310	103	20	3	2	1	1	NA	NA	NA	unphased	0.918888258650028	0.918888258650028	1
19	42584947	42584948	169	35	2	1	1	0.26	1	1	0.74	unphased	0.797993616051072	0.797993616051072	1
19	43228128	43228129	188	38	2	1	1	0.26	1	1	0.74	unphased	0.782053920559786	0.782053920559786	1
19	43243205	43243206	193	19	2	1	1	0.26	1	1	0.74	unphased	0.416849495392716	0.416849495392716	1
19	43514122	43514123	90	12	2	1	1	0.26	1	1	0.74	unphased	0.547195622435021	0.739453543831109	0.74
19	44469441	44469442	77	10	2	1	1	0.26	1	1	0.74	unphased	0.534616412723871	0.722454611789014	0.74
19	44590984	44590985	70	4	2	1	1	0.26	1	1	0.74	unphased	0.251414204902577	0.251414204902577	1
19	45404027	45404028	134	24	2	1	1	0.26	1	1	0.74	unphased	0.70650574035914	0.954737486971811	0.74
19	45515473	45515474	48	8	2	1	1	0.26	1	1	0.74	unphased	0.664451827242525	0.664451827242525	1
19	48863334	48863335	70	7	2	1	1	0.26	1	1	0.74	unphased	0.422832980972516	0.57139592023313	0.74
19	49110448	49110449	29	9	2	1	1	0.26	1	1	0.74	unphased	1.1015911872705	1.1015911872705	1
19	49261224	49261225	382	52	2	1	1	0.26	1	1	0.74	unphased	0.557282177687279	0.557282177687279	1
19	49363703	49363704	60	15	2	1	1	0.26	1	1	0.74	unphased	0.930232558139535	0.930232558139535	1
19	49539529	49539530	143	24	2	1	1	0.26	1	1	0.74	unphased	0.668430580699067	0.903284568512253	0.74
19	49868843	49868844	81	26	2	1	1	0.26	1	1	0.74	unphased	1.13018908932841	1.13018908932841	1
19	49933893	49933894	85	13	2	1	1	0.26	1	1	0.74	unphased	0.616990982439487	0.833771597891199	0.74
19	49965147	49965148	7	4	2	1	1	0.26	1	1	0.74	unphased	1.69133192389006	1.69133192389006	1
19	50154182	50154183	41	8	2	1	1	0.26	1	1	0.74	unphased	0.7593735168486	0.7593735168486	1
19	50547987	50547988	81	10	2	1	1	0.26	1	1	0.74	unphased	0.511116790186558	0.69069836511697	0.74
19	51207758	51207759	173	35	2	1	1	0.26	1	1	0.74	unphased	0.782647584973166	0.782647584973166	1
19	51629053	51629054	140	24	2	1	1	0.26	1	1	0.74	unphased	0.680657969370391	0.919808066716745	0.74
19	51961325	51961326	161	55	2	1	1	0.26	1	1	0.74	unphased	1.18432385874246	1.18432385874246	1
19	52619122	52619123	110	18	2	1	1	0.26	1	1	0.74	unphased	0.654069767441861	0.883878064110622	0.74
19	53008023	53008024	133	36	2	1	1	0.26	1	1	0.74	unphased	0.990780239438558	0.990780239438558	1
19	53086528	53086529	46	6	2	1	1	0.26	1	1	0.74	unphased	0.536672629695886	0.536672629695886	1
19	53856089	53856090	195	20	2	1	1	0.26	1	1	0.74	unphased	0.432666306111412	0.432666306111412	1
19	53959648	53959649	222	35	2	1	1	0.26	1	1	0.74	unphased	0.633426839200072	0.855982215135233	0.74
19	53995062	53995063	54	14	2	1	1	0.26	1	1	0.74	unphased	0.957592339261286	0.957592339261286	1
19	54140235	54140236	231	17	2	1	1	0.26	1	1	0.74	unphased	0.318829707426857	0.318829707426857	1
19	54244586	54244587	116	70	2	1	1	0.26	1	1	0.74	unphased	1.75043760940235	1.75043760940235	1
19	55086462	55086463	142	113	2	1	1	0.26	1	1	0.74	unphased	2.06110351117191	2.06110351117191	1
19	55098701	55098702	191	16	2	1	1	0.26	1	1	0.74	unphased	0.359510167396922	0.359510167396922	1
19	55098702	55098703	197	16	2	1	1	0.26	1	1	0.74	unphased	0.349383120427994	0.349383120427994	1
19	55147027	55147028	294	41	2	1	1	0.26	1	1	0.74	unphased	0.569246789309268	0.769252417985497	0.74
19	55147142	55147143	59	45	2	1	1	0.26	1	1	0.74	unphased	2.01252236135957	2.01252236135957	1
19	56363454	56363455	124	37	2	1	1	0.26	1	1	0.74	unphased	1.06890076556406	1.06890076556406	1
19	56443533	56443534	95	10	2	1	1	0.26	1	1	0.74	unphased	0.44296788482835	0.59860524976804	0.74
19	56466374	56466375	159	7	2	1	1	0.26	1	1	0.74	unphased	0.196133370692071	0.196133370692071	1
19	57327144	57327145	61	26	2	1	1	0.26	1	1	0.74	unphased	1.39000267308206	1.39000267308206	1
19	58101926	58101927	73	12	2	1	1	0.26	1	1	0.74	unphased	0.656634746922025	0.656634746922025	1
2	1440132	1440133	69	10	2	1	1	1	NA	NA	NA	unphased	0.588754783632617	0.588754783632617	1
2	1652674	1652675	17	5	2	1	1	1	NA	NA	NA	unphased	1.05708245243129	1.05708245243129	1
2	1926886	1926887	37	8	2	1	1	1	NA	NA	NA	unphased	0.82687338501292	0.82687338501292	1
2	3598038	3598039	213	10	2	1	1	1	NA	NA	NA	unphased	0.208572322452811	0.208572322452811	1
2	3687887	3687888	39	3	2	1	1	1	NA	NA	NA	unphased	0.332225913621262	0.332225913621262	1
2	3691459	3691460	34	5	2	1	1	1	NA	NA	NA	unphased	0.596302921884317	0.596302921884317	1
2	15651343	15651344	254	30	2	1	1	1	NA	NA	NA	unphased	0.491320013101867	0.491320013101867	1
2	15651344	15651345	257	30	2	1	1	1	NA	NA	NA	unphased	0.486184263835994	0.486184263835994	1
2	17699606	17699607	127	33	2	1	1	1	NA	NA	NA	unphased	0.959302325581395	0.959302325581395	1
2	21229274	21229275	73	5	2	1	1	1	NA	NA	NA	unphased	0.298151460942159	0.298151460942159	1
2	21229981	21229982	53	16	2	1	1	1	NA	NA	NA	unphased	1.07853050219077	1.07853050219077	1
2	24239074	24239075	67	8	2	1	1	1	NA	NA	NA	unphased	0.496124031007752	0.496124031007752	1
2	24483994	24483995	92	16	2	1	1	1	NA	NA	NA	unphased	0.689061154177433	0.689061154177433	1
2	25174423	25174424	22	5	2	1	1	1	NA	NA	NA	unphased	0.861326442721791	0.861326442721791	1
2	25457160	25457161	138	29	2	1	1	1	NA	NA	NA	unphased	0.807686951678039	0.807686951678039	1
2	25469070	25469071	127	47	2	1	1	1	NA	NA	NA	unphased	1.2563485699011	1.2563485699011	1
2	26678071	26678072	109	7	2	1	1	1	NA	NA	NA	unphased	0.280673616680032	0.280673616680032	1
2	26818153	26818154	88	17	2	1	1	1	NA	NA	NA	unphased	0.753045404208195	0.753045404208195	1
2	27545368	27545369	104	19	2	1	1	1	NA	NA	NA	unphased	0.71847230100208	0.71847230100208	1
2	27801783	27801784	178	21	2	1	1	1	NA	NA	NA	unphased	0.490826224143976	0.490826224143976	1
2	27851907	27851908	65	10	2	1	1	1	NA	NA	NA	unphased	0.62015503875969	0.62015503875969	1
2	29293651	29293652	61	13	2	1	1	1	NA	NA	NA	unphased	0.817096165933375	0.817096165933375	1
2	29294135	29294136	93	10	2	1	1	1	NA	NA	NA	unphased	0.451569202980357	0.451569202980357	1
2	30790928	30790929	35	10	2	1	1	1	NA	NA	NA	unphased	1.03359173126615	1.03359173126615	1
2	31215801	31215802	77	19	2	1	1	1	NA	NA	NA	unphased	0.920542635658915	0.920542635658915	1
2	33412027	33412028	71	10	2	1	1	1	NA	NA	NA	unphased	0.574217628481194	0.574217628481194	1
2	33623605	33623606	57	4	2	1	1	1	NA	NA	NA	unphased	0.304994281357225	0.304994281357225	1
2	36986201	36986202	76	16	2	1	1	1	NA	NA	NA	unphased	0.808897876643074	0.808897876643074	1
2	37000972	37000973	50	3	2	1	1	1	NA	NA	NA	unphased	0.263273365511189	0.263273365511189	1
2	37365451	37365452	118	14	2	1	1	1	NA	NA	NA	unphased	0.493305144467935	0.493305144467935	1
2	46609650	46609651	151	9	2	1	1	1	NA	NA	NA	unphased	0.261627906976744	0.261627906976744	1
2	48061990	48061991	45	8	2	1	1	1	NA	NA	NA	unphased	0.702062308029838	0.702062308029838	1
2	48573416	48573417	120	20	2	1	1	1	NA	NA	NA	unphased	0.664451827242525	0.664451827242525	1
2	49195981	49195982	52	8	2	1	1	1	NA	NA	NA	unphased	0.62015503875969	0.62015503875969	1
2	50850507	50850508	49	7	2	1	1	1	NA	NA	NA	unphased	0.581395348837209	0.581395348837209	1
2	54176328	54176329	84	12	2	1	1	1	NA	NA	NA	unphased	0.581395348837209	0.581395348837209	1
2	54482414	54482415	145	16	2	1	1	1	NA	NA	NA	unphased	0.462227358081756	0.462227358081756	1
2	56420382	56420383	63	7	2	1	1	1	NA	NA	NA	unphased	0.465116279069767	0.465116279069767	1
2	60998690	60998691	61	11	2	1	1	1	NA	NA	NA	unphased	0.710594315245478	0.710594315245478	1
2	64141350	64141351	152	33	2	1	1	1	NA	NA	NA	unphased	0.829666876178504	0.829666876178504	1
2	64193018	64193019	43	8	2	1	1	1	NA	NA	NA	unphased	0.729594163246694	0.729594163246694	1
2	69577253	69577254	50	4	2	1	1	1	NA	NA	NA	unphased	0.344530577088717	0.344530577088717	1
2	70188088	70188089	77	20	2	1	1	1	NA	NA	NA	unphased	0.959002637257252	0.959002637257252	1
2	70917971	70917972	83	8	2	1	1	1	NA	NA	NA	unphased	0.408893432149246	0.408893432149246	1
2	71753373	71753374	248	19	2	1	1	1	NA	NA	NA	unphased	0.330981621809947	0.330981621809947	1
2	74184278	74184279	44	6	2	1	1	1	NA	NA	NA	unphased	0.558139534883721	0.558139534883721	1
2	74491382	74491383	54	18	2	1	1	1	NA	NA	NA	unphased	1.16279069767442	1.16279069767442	1
2	74709297	74709298	75	10	2	1	1	1	NA	NA	NA	unphased	0.547195622435021	0.547195622435021	1
2	76975883	76975884	252	17	2	1	1	1	NA	NA	NA	unphased	0.293939655917697	0.293939655917697	1
2	79348715	79348716	204	52	2	1	1	1	NA	NA	NA	unphased	0.944767441860465	0.944767441860465	1
2	79385457	79385458	59	21	2	1	1	1	NA	NA	NA	unphased	1.22093023255814	1.22093023255814	1
2	80101198	80101199	61	11	2	1	1	1	NA	NA	NA	unphased	0.710594315245478	0.710594315245478	1
2	80136765	80136766	120	25	2	1	1	1	NA	NA	NA	unphased	0.801924619085806	0.801924619085806	1
2	90259965	90259966	106	74	2	1	1	1	NA	NA	NA	unphased	1.91214470284238	1.91214470284238	1
2	90458655	90458656	1256	114	2	1	1	1	NA	NA	NA	unphased	0.387031064335427	0.387031064335427	1
2	95815707	95815708	152	31	2	1	1	1	NA	NA	NA	unphased	0.787901893506163	0.787901893506163	1
2	96040642	96040643	98	22	2	1	1	1	NA	NA	NA	unphased	0.852713178294574	0.852713178294574	1
2	96993916	96993917	73	16	2	1	1	1	NA	NA	NA	unphased	0.836164097204076	0.836164097204076	1
2	97024809	97024810	82	16	2	1	1	1	NA	NA	NA	unphased	0.7593735168486	0.7593735168486	1
2	98373664	98373665	44	11	2	1	1	1	NA	NA	NA	unphased	0.930232558139535	0.930232558139535	1
2	103057813	103057814	93	21	2	1	1	1	NA	NA	NA	unphased	0.856793145654835	0.856793145654835	1
2	109398746	109398747	97	11	2	1	1	1	NA	NA	NA	unphased	0.473729543496985	0.473729543496985	1
2	109527496	109527497	75	6	2	1	1	1	NA	NA	NA	unphased	0.344530577088717	0.344530577088717	1
2	109545727	109545728	47	9	2	1	1	1	NA	NA	NA	unphased	0.747508305647841	0.747508305647841	1
2	113736270	113736271	78	11	2	1	1	1	NA	NA	NA	unphased	0.574862816827802	0.574862816827802	1
2	113943727	113943728	55	7	2	1	1	1	NA	NA	NA	unphased	0.525131282820705	0.525131282820705	1
2	120438835	120438836	283	63	2	1	1	1	NA	NA	NA	unphased	0.846888022583681	0.846888022583681	1
2	121555000	121555001	61	10	2	1	1	1	NA	NA	NA	unphased	0.655093350802489	0.655093350802489	1
2	124999889	124999890	24	7	2	1	1	1	NA	NA	NA	unphased	1.05026256564141	1.05026256564141	1
2	125547510	125547511	75	21	2	1	1	1	NA	NA	NA	unphased	1.01744186046512	1.01744186046512	1
2	125547511	125547512	76	21	2	1	1	1	NA	NA	NA	unphased	1.00695276912012	1.00695276912012	1
2	127807993	127807994	105	20	2	1	1	1	NA	NA	NA	unphased	0.744186046511628	0.744186046511628	1
2	128412414	128412415	80	8	2	1	1	1	NA	NA	NA	unphased	0.422832980972516	0.422832980972516	1
2	128412415	128412416	83	8	2	1	1	1	NA	NA	NA	unphased	0.408893432149246	0.408893432149246	1
2	128628922	128628923	35	12	2	1	1	1	NA	NA	NA	unphased	1.18753092528451	1.18753092528451	1
2	131521064	131521065	30	18	2	1	1	1	NA	NA	NA	unphased	1.74418604651163	1.74418604651163	1
2	132021939	132021940	31	5	2	1	1	1	NA	NA	NA	unphased	0.645994832041344	0.645994832041344	1
2	133542559	133542560	40	3	2	1	1	1	NA	NA	NA	unphased	0.324499729583559	0.324499729583559	1
2	139428797	139428798	35	6	2	1	1	1	NA	NA	NA	unphased	0.680657969370391	0.680657969370391	1
2	145161656	145161657	89	10	2	1	1	1	NA	NA	NA	unphased	0.469814423302795	0.469814423302795	1
2	152470989	152470990	406	65	2	1	1	1	NA	NA	NA	unphased	0.641880215276749	0.641880215276749	1
2	152528999	152529000	85	6	2	1	1	1	NA	NA	NA	unphased	0.306670074111935	0.306670074111935	1
2	154335052	154335053	14	4	2	1	1	1	NA	NA	NA	unphased	1.03359173126615	1.03359173126615	1
2	160193565	160193566	161	24	2	1	1	1	NA	NA	NA	unphased	0.603394091766185	0.603394091766185	1
2	160287625	160287626	38	9	2	1	1	1	NA	NA	NA	unphased	0.890648193963384	0.890648193963384	1
2	162875236	162875237	88	20	2	1	1	1	NA	NA	NA	unphased	0.861326442721791	0.861326442721791	1
2	163694974	163694975	67	15	2	1	1	1	NA	NA	NA	unphased	0.850822461712989	0.850822461712989	1
2	164467886	164467887	109	6	2	1	1	1	NA	NA	NA	unphased	0.242669362992922	0.242669362992922	1
2	168105159	168105160	101	6	2	1	1	1	NA	NA	NA	unphased	0.260812866768094	0.260812866768094	1
2	168108200	168108201	49	5	2	1	1	1	NA	NA	NA	unphased	0.430663221360896	0.430663221360896	1
2	168114815	168114816	86	13	2	1	1	1	NA	NA	NA	unphased	0.610758750293634	0.610758750293634	1
2	168114826	168114827	89	20	2	1	1	1	NA	NA	NA	unphased	0.853424365265628	0.853424365265628	1
2	170597929	170597930	128	22	2	1	1	1	NA	NA	NA	unphased	0.682170542635659	0.682170542635659	1
2	171240281	171240282	160	15	2	1	1	1	NA	NA	NA	unphased	0.398671096345515	0.398671096345515	1
2	176947170	176947171	44	15	2	1	1	1	NA	NA	NA	unphased	1.18249901458415	1.18249901458415	1
2	176973777	176973778	160	14	2	1	1	1	NA	NA	NA	unphased	0.374231488906709	0.374231488906709	1
2	177016753	177016754	46	9	2	1	1	1	NA	NA	NA	unphased	0.761099365750529	0.761099365750529	1
2	178565871	178565872	74	17	2	1	1	1	NA	NA	NA	unphased	0.868898543317148	0.868898543317148	1
2	179592995	179592996	39	3	2	1	1	1	NA	NA	NA	unphased	0.332225913621262	0.332225913621262	1
2	179596809	179596810	177	28	2	1	1	1	NA	NA	NA	unphased	0.635280771412365	0.635280771412365	1
2	179647700	179647701	108	13	2	1	1	1	NA	NA	NA	unphased	0.499711704785701	0.499711704785701	1
2	180008478	180008479	106	17	2	1	1	1	NA	NA	NA	unphased	0.642843637738703	0.642843637738703	1
2	183731174	183731175	22	3	2	1	1	1	NA	NA	NA	unphased	0.558139534883721	0.558139534883721	1
2	183943645	183943646	18	5	2	1	1	1	NA	NA	NA	unphased	1.01112234580384	1.01112234580384	1
2	185802004	185802005	215	23	2	1	1	1	NA	NA	NA	unphased	0.449482118428767	0.449482118428767	1
2	187506123	187506124	48	14	2	1	1	1	NA	NA	NA	unphased	1.05026256564141	1.05026256564141	1
2	189856908	189856909	144	13	2	1	1	1	NA	NA	NA	unphased	0.385128129166049	0.385128129166049	1
2	189856909	189856910	144	13	2	1	1	1	NA	NA	NA	unphased	0.385128129166049	0.385128129166049	1
2	189898883	189898884	54	4	2	1	1	1	NA	NA	NA	unphased	0.320769847634322	0.320769847634322	1
2	189904154	189904155	24	5	2	1	1	1	NA	NA	NA	unphased	0.801924619085806	0.801924619085806	1
2	190682876	190682877	20	5	2	1	1	1	NA	NA	NA	unphased	0.930232558139535	0.930232558139535	1
2	191235814	191235815	81	13	2	1	1	1	NA	NA	NA	unphased	0.643245917862444	0.643245917862444	1
2	198436840	198436841	99	24	2	1	1	1	NA	NA	NA	unphased	0.907543959160522	0.907543959160522	1
2	198949412	198949413	100	12	1.08	1	1	0.08	1	0	0.92	unphased	0.399767441860465	0.399767441860465	1
2	202337696	202337697	132	15	1.08	1	1	0.08	1	0	0.92	unphased	0.380730897009967	0.380730897009967	1
2	206418046	206418047	91	25	1.08	1	1	0.08	1	0	0.92	unphased	0.804129911788292	0.804129911788292	1
2	206562278	206562279	615	83	1.08	1	1	0.08	1	0	0.92	unphased	0.443676950756314	0.443676950756314	1
2	206562390	206562391	757	136	1.08	1	1	0.08	1	0	0.92	unphased	0.568239797911404	0.568239797911404	1
2	207041371	207041372	82	12	1.08	1	1	0.08	1	0	0.92	unphased	0.476318654131618	0.476318654131618	1
2	207408022	207408023	68	8	1.08	1	1	0.08	1	0	0.92	unphased	0.392753977968176	0.392753977968176	1
2	209185038	209185039	140	28	1.08	1	1	0.08	1	0	0.92	unphased	0.621860465116279	0.621860465116279	1
2	211467007	211467008	136	6	1.08	1	1	0.08	1	0	0.92	unphased	0.157654765804127	0.157654765804127	1
2	214727306	214727307	92	13	1.08	1	1	0.08	1	0	0.92	unphased	0.461953488372093	0.461953488372093	1
2	219029205	219029206	165	30	1.08	1	1	0.08	1	0	0.92	unphased	0.574025044722719	0.574025044722719	1
2	219892995	219892996	76	8	1.08	1	1	0.08	1	0	0.92	unphased	0.355348837209302	0.355348837209302	1
2	224463216	224463217	195	34	1.08	1	1	0.08	1	0	0.92	unphased	0.553971768051183	0.553971768051183	1
2	228194472	228194473	67	12	1.08	1	1	0.08	1	0	0.92	unphased	0.566758904916102	0.566758904916102	1
2	228881859	228881860	103	22	1.08	1	1	0.08	1	0	0.92	unphased	0.656684651162791	0.656684651162791	1
2	228884422	228884423	73	13	1.08	1	1	0.08	1	0	0.92	unphased	0.564012979989183	0.564012979989183	1
2	230910509	230910510	60	14	1.08	1	1	0.08	1	0	0.92	unphased	0.705895663104966	0.705895663104966	1
2	231090567	231090568	61	13	1.08	1	1	0.08	1	0	0.92	unphased	0.655474544311754	0.655474544311754	1
2	231177452	231177453	22	5	1.08	1	1	0.08	1	0	0.92	unphased	0.690956072351421	0.690956072351421	1
2	232324987	232324988	68	8	1.08	1	1	0.08	1	0	0.92	unphased	0.392753977968176	0.392753977968176	1
2	233243394	233243395	43	7	2.41	3	1	0.47	1	0	0.53	unphased	0.708562790697675	0.708562790697675	1
2	234590872	234590873	161	31	1	1	0	1	NA	NA	NA	unphased	0.589510658914729	0.589510658914729	1
2	234628318	234628319	193	30	1	1	0	1	NA	NA	NA	unphased	0.491187819376369	0.491187819376369	1
2	234680958	234680959	50	9	2	1	1	0.12	1	1	0.88	unphased	0.709499408750493	0.709499408750493	1
2	234975186	234975187	107	23	2	1	1	0.12	1	1	0.88	unphased	0.822898032200358	0.822898032200358	1
2	234975187	234975188	108	22	2	1	1	0.12	1	1	0.88	unphased	0.787119856887299	0.787119856887299	1
2	238296667	238296668	124	15	2	1	1	0.12	1	1	0.88	unphased	0.50192404216162	0.50192404216162	1
2	241724410	241724411	187	41	2	1	1	0.12	1	1	0.88	unphased	0.836393308853529	0.836393308853529	1
2	242075337	242075338	208	35	2	1	1	0.12	1	1	0.88	unphased	0.669920566561394	0.761273371092493	0.88
2	242794882	242794883	91	21	NA	NA	NA	NA	NA	NA	NA	unphased	NA	NA	1
20	896757	896758	66	10	2	1	1	1	NA	NA	NA	unphased	0.611995104039168	0.611995104039168	1
20	1162120	1162121	57	8	2	1	1	1	NA	NA	NA	unphased	0.572450805008945	0.572450805008945	1
20	1300259	1300260	12	5	2	1	1	1	NA	NA	NA	unphased	1.36798905608755	1.36798905608755	1
20	1457902	1457903	59	23	2	1	1	1	NA	NA	NA	unphased	1.30459444129325	1.30459444129325	1
20	2290823	2290824	157	52	2	1	1	1	NA	NA	NA	unphased	1.15722710581952	1.15722710581952	1
20	3211597	3211598	95	25	2	1	1	1	NA	NA	NA	unphased	0.968992248062016	0.968992248062016	1
20	3654742	3654743	190	24	2	1	1	1	NA	NA	NA	unphased	0.521625733536188	0.521625733536188	1
20	5294672	5294673	115	21	2	1	1	1	NA	NA	NA	unphased	0.718194254445965	0.718194254445965	1
20	9525047	9525048	171	34	2	1	1	1	NA	NA	NA	unphased	0.771412365286444	0.771412365286444	1
20	13847492	13847493	72	9	2	1	1	1	NA	NA	NA	unphased	0.516795865633075	0.516795865633075	1
20	13847493	13847494	71	9	2	1	1	1	NA	NA	NA	unphased	0.523255813953488	0.523255813953488	1
20	20226851	20226852	55	10	2	1	1	1	NA	NA	NA	unphased	0.715563506261181	0.715563506261181	1
20	23065105	23065106	121	8	2	1	1	1	NA	NA	NA	unphased	0.288444204074274	0.288444204074274	1
20	29896361	29896362	157	20	2	1	1	1	NA	NA	NA	unphased	0.525555117592958	0.525555117592958	1
20	29993973	29993974	22	13	2	1	1	1	NA	NA	NA	unphased	1.72757475083056	1.72757475083056	1
20	30507692	30507693	150	36	2	1	1	1	NA	NA	NA	unphased	0.900225056264066	0.900225056264066	1
20	30584859	30584860	101	16	2	1	1	1	NA	NA	NA	unphased	0.636056450009938	0.636056450009938	1
20	30672332	30672333	69	19	2	1	1	1	NA	NA	NA	unphased	1.00422832980973	1.00422832980973	1
20	35060921	35060922	56	33	2	1	1	1	NA	NA	NA	unphased	1.72458845048341	1.72458845048341	1
20	35125140	35125141	87	25	2	1	1	1	NA	NA	NA	unphased	1.03820598006645	1.03820598006645	1
20	36869961	36869962	161	20	2	1	1	1	NA	NA	NA	unphased	0.513940639856097	0.513940639856097	1
20	40770634	40770635	206	60	2	1	1	1	NA	NA	NA	unphased	1.04913446406714	1.04913446406714	1
20	43753034	43753035	220	46	2	1	1	1	NA	NA	NA	unphased	0.804336422451478	0.804336422451478	1
20	44640210	44640211	222	14	2	1	1	1	NA	NA	NA	unphased	0.275916436736303	0.275916436736303	1
20	44678414	44678415	21	3	2	1	1	1	NA	NA	NA	unphased	0.581395348837209	0.581395348837209	1
20	44691185	44691186	58	14	2	1	1	1	NA	NA	NA	unphased	0.904392764857881	0.904392764857881	1
20	44986369	44986370	79	16	2	1	1	1	NA	NA	NA	unphased	0.783353733170135	0.783353733170135	1
20	45194996	45194997	222	60	2	1	1	1	NA	NA	NA	unphased	0.98960910440376	0.98960910440376	1
20	45797803	45797804	165	36	2	1	1	1	NA	NA	NA	unphased	0.833044081916001	0.833044081916001	1
20	47258774	47258775	79	16	2	1	1	1	NA	NA	NA	unphased	0.783353733170135	0.783353733170135	1
20	47324814	47324815	128	27	2	1	1	1	NA	NA	NA	unphased	0.810202550637659	0.810202550637659	1
20	47606136	47606137	134	41	2	1	1	1	NA	NA	NA	unphased	1.08970099667774	1.08970099667774	1
20	47990290	47990291	60	5	2	1	1	1	NA	NA	NA	unphased	0.35778175313059	0.35778175313059	1
20	47990540	47990541	334	18	2	1	1	1	NA	NA	NA	unphased	0.23784355179704	0.23784355179704	1
20	49218748	49218749	42	14	2	1	1	1	NA	NA	NA	unphased	1.16279069767442	1.16279069767442	1
20	49458366	49458367	53	10	2	1	1	1	NA	NA	NA	unphased	0.73827980804725	0.73827980804725	1
20	50226670	50226671	58	19	2	1	1	1	NA	NA	NA	unphased	1.14768951978254	1.14768951978254	1
20	50346369	50346370	83	25	2	1	1	1	NA	NA	NA	unphased	1.07665805340224	1.07665805340224	1
20	54573643	54573644	119	15	2	1	1	1	NA	NA	NA	unphased	0.520652551197501	0.520652551197501	1
20	54823851	54823852	362	80	2	1	1	1	NA	NA	NA	unphased	0.841839419130801	0.841839419130801	1
20	56083791	56083792	89	13	2	1	1	1	NA	NA	NA	unphased	0.592795257637939	0.592795257637939	1
20	56726070	56726071	11	3	2	1	1	1	NA	NA	NA	unphased	0.996677740863787	0.996677740863787	1
20	57429150	57429151	26	3	2	1	1	1	NA	NA	NA	unphased	0.481154771451484	0.481154771451484	1
20	57768945	57768946	214	49	2	1	1	1	NA	NA	NA	unphased	0.866566451498806	0.866566451498806	1
20	57769481	57769482	83	10	2	1	1	1	NA	NA	NA	unphased	0.500125031257814	0.500125031257814	1
20	57829093	57829094	84	15	2	1	1	1	NA	NA	NA	unphased	0.704721634954193	0.704721634954193	1
20	60738587	60738588	54	24	2	1	1	1	NA	NA	NA	unphased	1.43112701252236	1.43112701252236	1
20	61303325	61303326	30	7	2	1	1	1	NA	NA	NA	unphased	0.87994971715902	0.87994971715902	1
20	61453108	61453109	46	6	2	1	1	1	NA	NA	NA	unphased	0.536672629695886	0.536672629695886	1
20	61458591	61458592	105	12	2	1	1	1	NA	NA	NA	unphased	0.477042337507454	0.477042337507454	1
20	61873929	61873930	449	24	2	1	1	1	NA	NA	NA	unphased	0.235999803333497	0.235999803333497	1
20	62120436	62120437	81	23	2	1	1	1	NA	NA	NA	unphased	1.02862254025045	1.02862254025045	1
20	62337732	62337733	228	38	NA	NA	NA	NA	NA	NA	NA	unphased	NA	NA	1
20	62364704	62364705	16	4	NA	NA	NA	NA	NA	NA	NA	unphased	NA	NA	1
20	62724237	62724238	118	17	NA	NA	NA	NA	NA	NA	NA	unphased	NA	NA	1
21	10908883	10908884	39	4	NA	NA	NA	NA	NA	NA	NA	unphased	NA	NA	1
21	15535753	15535754	62	8	2	1	1	0.12	1	1	0.88	unphased	0.53156146179402	0.604047115675023	0.88
21	18924096	18924097	38	4	2	1	1	0.12	1	1	0.88	unphased	0.44296788482835	0.503372596395852	0.88
21	19698806	19698807	159	10	2	1	1	0.12	1	1	0.88	unphased	0.275216733177377	0.275216733177377	1
21	27484347	27484348	222	68	2	1	1	0.12	1	1	0.88	unphased	1.0906174819567	1.0906174819567	1
21	28307025	28307026	66	9	2	1	1	0.12	1	1	0.88	unphased	0.558139534883721	0.634249471458774	0.88
21	28315750	28315751	37	4	2	1	1	0.12	1	1	0.88	unphased	0.453771979580261	0.453771979580261	1
21	28315751	28315752	38	4	2	1	1	0.12	1	1	0.88	unphased	0.44296788482835	0.503372596395852	0.88
21	32585769	32585770	100	16	2	1	1	0.12	1	1	0.88	unphased	0.641539695268645	0.729022380987096	0.88
21	33684057	33684058	131	22	2	1	1	0.12	1	1	0.88	unphased	0.668794649642803	0.75999392004864	0.88
21	35254608	35254609	57	10	2	1	1	0.12	1	1	0.88	unphased	0.694203401596668	0.694203401596668	1
21	37444819	37444820	52	9	2	1	1	0.12	1	1	0.88	unphased	0.686237133053755	0.686237133053755	1
21	38308889	38308890	77	22	2	1	1	0.12	1	1	0.88	unphased	1.03359173126615	1.03359173126615	1
21	39086837	39086838	66	6	2	1	1	0.12	1	1	0.88	unphased	0.387596899224806	0.387596899224806	1
21	43221630	43221631	103	20	2	1	1	0.12	1	1	0.88	unphased	0.756286632633768	0.756286632633768	1
21	45540640	45540641	100	9	2	1	1	0.12	1	1	0.88	unphased	0.384040964369533	0.384040964369533	1
21	45542227	45542228	53	6	2	1	1	0.12	1	1	0.88	unphased	0.472999605833662	0.537499552083707	0.88
21	45953683	45953684	39	17	2	1	1	0.12	1	1	0.88	unphased	1.41196013289037	1.41196013289037	1
21	45959827	45959828	211	47	2	1	1	0.12	1	1	0.88	unphased	0.847304849468181	0.847304849468181	1
21	45999856	45999857	475	70	2	1	1	0.12	1	1	0.88	unphased	0.59739705568594	0.59739705568594	1
21	46276115	46276116	176	39	2	1	1	0.12	1	1	0.88	unphased	0.843699296917253	0.843699296917253	1
21	46642075	46642076	42	8	2	1	1	0.12	1	1	0.88	unphased	0.744186046511628	0.744186046511628	1
21	47697623	47697624	45	13	NA	NA	NA	NA	NA	NA	NA	unphased	NA	NA	1
22	17073416	17073417	63	16	NA	NA	NA	NA	NA	NA	NA	unphased	NA	NA	1
22	17073440	17073441	45	10	NA	NA	NA	NA	NA	NA	NA	unphased	NA	NA	1
22	18769204	18769205	145	13	1.03	1	1	0.03	0	1	0.97	unphased	0.302880482778923	0.302880482778923	1
22	18918532	18918533	115	16	1.03	1	1	0.03	0	1	0.97	unphased	0.449607669092846	0.449607669092846	1
22	20074812	20074813	77	9	1.03	1	1	0.03	0	1	0.97	unphased	0.385237966468361	0.385237966468361	1
22	22453566	22453567	115	28	1.03	1	1	0.03	0	1	0.97	unphased	0.720787119856887	0.720787119856887	1
22	22869971	22869972	61	13	1.03	1	1	0.03	0	1	0.97	unphased	0.64669076052797	0.64669076052797	1
22	22892169	22892170	23	9	1.03	1	1	0.03	0	1	0.97	unphased	1.03532703488372	1.03532703488372	1
22	23237657	23237658	45	12	1.03	1	1	0.03	0	1	0.97	unphased	0.774981640146879	0.774981640146879	1
22	24898152	24898153	213	47	1.03	1	1	0.03	0	1	0.97	unphased	0.665440966010734	0.665440966010734	1
22	25151806	25151807	118	33	2	1	1	0.31	1	1	0.69	unphased	1.01647928538426	1.01647928538426	1
22	26688445	26688446	43	12	2	1	1	0.31	1	1	0.69	unphased	1.01479915433404	1.01479915433404	1
22	26849255	26849256	238	41	2	1	1	0.31	1	1	0.69	unphased	0.68350420938568	0.990585810703884	0.69
22	30984105	30984106	70	11	2	1	1	0.31	1	1	0.69	unphased	0.631639391329314	0.631639391329314	1
22	31524556	31524557	93	20	2	1	1	0.31	1	1	0.69	unphased	0.823214653220827	0.823214653220827	1
22	32058139	32058140	358	16	2	1	1	0.31	1	1	0.69	unphased	0.198980226340007	0.198980226340007	1
22	32097650	32097651	65	6	2	1	1	0.31	1	1	0.69	unphased	0.393056010481494	0.569646392002165	0.69
22	32795631	32795632	263	28	2	1	1	0.31	1	1	0.69	unphased	0.447534564053384	0.447534564053384	1
22	33265020	33265021	78	20	2	1	1	0.31	1	1	0.69	unphased	0.94921689606075	0.94921689606075	1
22	33733702	33733703	65	23	2	1	1	0.31	1	1	0.69	unphased	1.21564482029598	1.21564482029598	1
22	36900576	36900577	76	16	2	1	1	0.31	1	1	0.69	unphased	0.808897876643074	0.808897876643074	1
22	37098476	37098477	243	47	2	1	1	0.31	1	1	0.69	unphased	0.753809141940658	1.0924770173053	0.69
22	37906347	37906348	46	19	2	1	1	0.31	1	1	0.69	unphased	1.35957066189624	1.35957066189624	1
22	38131135	38131136	33	6	2	1	1	0.31	1	1	0.69	unphased	0.715563506261181	0.715563506261181	1
22	39224315	39224316	131	43	2	1	1	0.31	1	1	0.69	unphased	1.14942528735632	1.14942528735632	1
22	40036943	40036944	36	14	2	1	1	0.31	1	1	0.69	unphased	1.30232558139535	1.30232558139535	1
22	40055081	40055082	70	23	2	1	1	0.31	1	1	0.69	unphased	1.15028757189297	1.15028757189297	1
22	40068266	40068267	356	126	2	1	1	0.31	1	1	0.69	unphased	1.21586413200811	1.21586413200811	1
22	40415242	40415243	174	16	2	1	1	0.31	1	1	0.69	unphased	0.391676866585067	0.391676866585067	1
22	41305185	41305186	188	19	2	1	1	0.31	1	1	0.69	unphased	0.426918323783845	0.426918323783845	1
22	42042918	42042919	145	47	2	1	1	0.31	1	1	0.69	unphased	1.13856589147287	1.13856589147287	1
22	42321453	42321454	80	28	2	1	1	0.31	1	1	0.69	unphased	1.20585701981051	1.20585701981051	1
22	46655555	46655556	168	10	2	1	1	0.31	1	1	0.69	unphased	0.261301280376274	0.261301280376274	1
22	46795728	46795729	102	39	2	1	1	0.31	1	1	0.69	unphased	1.28649183572489	1.28649183572489	1
3	10970957	10970958	246	56	1	1	0	1	NA	NA	NA	unphased	0.677036808871092	0.677036808871092	1
3	11685042	11685043	26	4	1	1	0	1	NA	NA	NA	unphased	0.486821705426357	0.486821705426357	1
3	13381435	13381436	189	65	1	1	0	1	NA	NA	NA	unphased	0.934352682658854	0.934352682658854	1
3	13659779	13659780	38	13	1	1	0	1	NA	NA	NA	unphased	0.930688554491564	0.930688554491564	1
3	14942522	14942523	187	35	1	1	0	1	NA	NA	NA	unphased	0.575633773308192	0.575633773308192	1
3	17053580	17053581	106	11	1	1	0	1	NA	NA	NA	unphased	0.343271715364739	0.343271715364739	1
3	25805754	25805755	187	46	1	1	0	1	NA	NA	NA	unphased	0.720830422197824	0.720830422197824	1
3	27203989	27203990	108	10	1	1	0	1	NA	NA	NA	unphased	0.309420575482854	0.309420575482854	1
3	36570373	36570374	31	6	1	1	0	1	NA	NA	NA	unphased	0.592080452545569	0.592080452545569	1
3	38050887	38050888	57	10	1	1	0	1	NA	NA	NA	unphased	0.544949670253384	0.544949670253384	1
3	44763336	44763337	39	9	1	1	0	1	NA	NA	NA	unphased	0.684593023255814	0.684593023255814	1
3	46414774	46414775	137	26	1	1	0	1	NA	NA	NA	unphased	0.582394064773862	0.582394064773862	1
3	47476600	47476601	55	17	1	1	0	1	NA	NA	NA	unphased	0.862080103359173	0.862080103359173	1
3	49693343	49693344	111	20	1	1	0	1	NA	NA	NA	unphased	0.557429433694301	0.557429433694301	1
3	50324601	50324602	40	28	1	1	0	1	NA	NA	NA	unphased	1.50341997264022	1.50341997264022	1
3	51266192	51266193	55	16	1	1	0	1	NA	NA	NA	unphased	0.822797248607927	0.822797248607927	1
3	52553344	52553345	211	50	1	1	0	1	NA	NA	NA	unphased	0.699456473313731	0.699456473313731	1
3	53766913	53766914	41	17	1	1	0	1	NA	NA	NA	unphased	1.07016840417001	1.07016840417001	1
3	54676188	54676189	39	4	1	1	0	1	NA	NA	NA	unphased	0.339643050297458	0.339643050297458	1
3	57272144	57272145	29	9	1	1	0	1	NA	NA	NA	unphased	0.864749082007344	0.864749082007344	1
3	62739366	62739367	38	6	1	1	0	1	NA	NA	NA	unphased	0.497885835095137	0.497885835095137	1
3	73433767	73433768	73	7	1	1	0	1	NA	NA	NA	unphased	0.319476744186047	0.319476744186047	1
3	77629119	77629120	117	18	1	1	0	1	NA	NA	NA	unphased	0.486821705426357	0.486821705426357	1
3	86114810	86114811	51	3	1	1	0	1	NA	NA	NA	unphased	0.202842377260982	0.202842377260982	1
3	93595944	93595945	57	12	1	1	0	1	NA	NA	NA	unphased	0.634984833164813	0.634984833164813	1
3	98217051	98217052	206	49	1	1	0	1	NA	NA	NA	unphased	0.701595987232102	0.701595987232102	1
3	101576179	101576180	100	12	1	1	0	1	NA	NA	NA	unphased	0.391196013289037	0.391196013289037	1
3	113320481	113320482	37	8	1	1	0	1	NA	NA	NA	unphased	0.649095607235142	0.649095607235142	1
3	118865673	118865674	190	21	2	1	1	1	NA	NA	NA	unphased	0.462911936514934	0.462911936514934	1
3	119721029	119721030	361	51	2	1	1	1	NA	NA	NA	unphased	0.575750733799955	0.575750733799955	1
3	120957920	120957921	59	18	2	1	1	1	NA	NA	NA	unphased	1.08728480821504	1.08728480821504	1
3	121178958	121178959	154	28	2	1	1	1	NA	NA	NA	unphased	0.715563506261181	0.715563506261181	1
3	122002965	122002966	52	8	2	1	1	1	NA	NA	NA	unphased	0.62015503875969	0.62015503875969	1
3	122003525	122003526	56	9	2	1	1	1	NA	NA	NA	unphased	0.644007155635063	0.644007155635063	1
3	122060321	122060322	66	13	2	1	1	1	NA	NA	NA	unphased	0.765381218722402	0.765381218722402	1
3	123634224	123634225	70	16	2	1	1	1	NA	NA	NA	unphased	0.865332612222823	0.865332612222823	1
3	124048716	124048717	111	26	2	1	1	1	NA	NA	NA	unphased	0.882702427431675	0.882702427431675	1
3	124048717	124048718	109	26	2	1	1	1	NA	NA	NA	unphased	0.895779500430663	0.895779500430663	1
3	124739875	124739876	20	3	2	1	1	1	NA	NA	NA	unphased	0.606673407482305	0.606673407482305	1
3	125223523	125223524	43	8	2	1	1	1	NA	NA	NA	unphased	0.729594163246694	0.729594163246694	1
3	127379980	127379981	41	18	2	1	1	1	NA	NA	NA	unphased	1.41899881750099	1.41899881750099	1
3	129251192	129251193	110	18	2	1	1	1	NA	NA	NA	unphased	0.654069767441861	0.654069767441861	1
3	130650865	130650866	56	6	2	1	1	1	NA	NA	NA	unphased	0.450112528132033	0.450112528132033	1
3	130714885	130714886	106	20	2	1	1	1	NA	NA	NA	unphased	0.73827980804725	0.73827980804725	1
3	133169250	133169251	102	28	2	1	1	1	NA	NA	NA	unphased	1.00178890876565	1.00178890876565	1
3	134362164	134362165	51	14	2	1	1	1	NA	NA	NA	unphased	1.00178890876565	1.00178890876565	1
3	134670446	134670447	120	26	2	1	1	1	NA	NA	NA	unphased	0.828289264096846	0.828289264096846	1
3	136664878	136664879	97	13	2	1	1	1	NA	NA	NA	unphased	0.549682875264271	0.549682875264271	1
3	138724581	138724582	26	4	2	1	1	1	NA	NA	NA	unphased	0.62015503875969	0.62015503875969	1
3	139257784	139257785	174	18	2	1	1	1	NA	NA	NA	unphased	0.436046511627907	0.436046511627907	1
3	140281065	140281066	80	11	2	1	1	1	NA	NA	NA	unphased	0.562228469205213	0.562228469205213	1
3	141327490	141327491	70	10	2	1	1	1	NA	NA	NA	unphased	0.581395348837209	0.581395348837209	1
3	142567086	142567087	103	16	2	1	1	1	NA	NA	NA	unphased	0.625366425640023	0.625366425640023	1
3	146239732	146239733	99	27	2	1	1	1	NA	NA	NA	unphased	0.996677740863787	0.996677740863787	1
3	147113649	147113650	143	30	2	1	1	1	NA	NA	NA	unphased	0.806560021508267	0.806560021508267	1
3	149216655	149216656	124	24	2	1	1	1	NA	NA	NA	unphased	0.754242614707731	0.754242614707731	1
3	154146572	154146573	48	7	2	1	1	1	NA	NA	NA	unphased	0.591966173361522	0.591966173361522	1
3	154147130	154147131	157	17	2	1	1	1	NA	NA	NA	unphased	0.45442395081529	0.45442395081529	1
3	154147311	154147312	64	10	2	1	1	1	NA	NA	NA	unphased	0.628535512256443	0.628535512256443	1
3	156009788	156009789	83	17	2	1	1	1	NA	NA	NA	unphased	0.790697674418605	0.790697674418605	1
3	157817717	157817718	41	7	2	1	1	1	NA	NA	NA	unphased	0.678294573643411	0.678294573643411	1
3	160395093	160395094	11	2	2	1	1	1	NA	NA	NA	unphased	0.715563506261181	0.715563506261181	1
3	160804330	160804331	70	9	2	1	1	1	NA	NA	NA	unphased	0.529879305269355	0.529879305269355	1
3	164712130	164712131	100	21	2	1	1	1	NA	NA	NA	unphased	0.807226600038439	0.807226600038439	1
3	164714385	164714386	125	6	2	1	1	1	NA	NA	NA	unphased	0.213030356825848	0.213030356825848	1
3	164907847	164907848	164	29	2	1	1	1	NA	NA	NA	unphased	0.6988793830582	0.6988793830582	1
3	165548725	165548726	54	15	2	1	1	1	NA	NA	NA	unphased	1.01112234580384	1.01112234580384	1
3	167217975	167217976	149	25	2	1	1	1	NA	NA	NA	unphased	0.668270515904838	0.668270515904838	1
3	169889203	169889204	19	4	2	1	1	1	NA	NA	NA	unphased	0.808897876643074	0.808897876643074	1
3	169981183	169981184	90	25	2	1	1	1	NA	NA	NA	unphased	1.01112234580384	1.01112234580384	1
3	171410225	171410226	115	14	2	1	1	1	NA	NA	NA	unphased	0.50477735712998	0.50477735712998	1
3	173525561	173525562	93	18	2	1	1	1	NA	NA	NA	unphased	0.754242614707731	0.754242614707731	1
3	174951946	174951947	76	19	2	1	1	1	NA	NA	NA	unphased	0.930232558139535	0.930232558139535	1
3	178984582	178984583	8	5	2	1	1	1	NA	NA	NA	unphased	1.78890876565295	1.78890876565295	1
3	179593236	179593237	57	14	2	1	1	1	NA	NA	NA	unphased	0.917130691123485	0.917130691123485	1
3	184049386	184049387	143	18	2	1	1	1	NA	NA	NA	unphased	0.520005777841976	0.520005777841976	1
3	185146343	185146344	17	13	2	1	1	1	NA	NA	NA	unphased	2.01550387596899	2.01550387596899	1
3	185367197	185367198	148	25	2	1	1	1	NA	NA	NA	unphased	0.672133351256889	0.672133351256889	1
3	186459823	186459824	83	18	2	1	1	1	NA	NA	NA	unphased	0.828920101312457	0.828920101312457	1
3	188584128	188584129	59	21	2	1	1	1	NA	NA	NA	unphased	1.22093023255814	1.22093023255814	1
3	192516606	192516607	75	20	2	1	1	1	NA	NA	NA	unphased	0.979192166462668	0.979192166462668	1
3	194081488	194081489	108	17	2	1	1	1	NA	NA	NA	unphased	0.632558139534884	0.632558139534884	1
3	195960146	195960147	20	9	2	1	1	1	NA	NA	NA	unphased	1.44346431435445	1.44346431435445	1
3	196054341	196054342	195	35	2	1	1	1	NA	NA	NA	unphased	0.70778564206269	0.70778564206269	1
3	196792248	196792249	98	9	2	1	1	1	NA	NA	NA	unphased	0.391219300152141	0.391219300152141	1
4	860796	860797	94	5	NA	NA	NA	NA	NA	NA	NA	unphased	NA	NA	1
4	2829384	2829385	17	4	2	1	1	1	NA	NA	NA	unphased	0.8859357696567	0.8859357696567	1
4	4249401	4249402	69	10	2	1	1	1	NA	NA	NA	unphased	0.588754783632617	0.588754783632617	1
4	5461930	5461931	187	34	2	1	1	1	NA	NA	NA	unphased	0.715563506261181	0.715563506261181	1
4	5664864	5664865	93	27	2	1	1	1	NA	NA	NA	unphased	1.04651162790698	1.04651162790698	1
4	6925362	6925363	87	12	2	1	1	1	NA	NA	NA	unphased	0.563777307963354	0.563777307963354	1
4	8034408	8034409	94	23	2	1	1	1	NA	NA	NA	unphased	0.914331146889286	0.914331146889286	1
4	8108359	8108360	34	5	2	1	1	1	NA	NA	NA	unphased	0.596302921884317	0.596302921884317	1
4	8621310	8621311	71	6	2	1	1	1	NA	NA	NA	unphased	0.362428269405014	0.362428269405014	1
4	16165039	16165040	115	20	2	1	1	1	NA	NA	NA	unphased	0.689061154177433	0.689061154177433	1
4	16165040	16165041	112	19	2	1	1	1	NA	NA	NA	unphased	0.674596129948518	0.674596129948518	1
4	17528581	17528582	51	14	2	1	1	1	NA	NA	NA	unphased	1.00178890876565	1.00178890876565	1
4	17816554	17816555	101	24	2	1	1	1	NA	NA	NA	unphased	0.893023255813953	0.893023255813953	1
4	24542523	24542524	69	20	2	1	1	1	NA	NA	NA	unphased	1.0452051215051	1.0452051215051	1
4	38774913	38774914	61	9	2	1	1	1	NA	NA	NA	unphased	0.598006644518272	0.598006644518272	1
4	39344008	39344009	78	8	2	1	1	1	NA	NA	NA	unphased	0.432666306111412	0.432666306111412	1
4	40122931	40122932	52	5	2	1	1	1	NA	NA	NA	unphased	0.407996736026112	0.407996736026112	1
4	42895327	42895328	140	8	2	1	1	1	NA	NA	NA	unphased	0.251414204902577	0.251414204902577	1
4	52926952	52926953	78	6	2	1	1	1	NA	NA	NA	unphased	0.332225913621262	0.332225913621262	1
4	53740142	53740143	75	24	2	1	1	1	NA	NA	NA	unphased	1.12755461592671	1.12755461592671	1
4	54967985	54967986	76	21	2	1	1	1	NA	NA	NA	unphased	1.00695276912012	1.00695276912012	1
4	56726644	56726645	109	22	2	1	1	1	NA	NA	NA	unphased	0.781111308361441	0.781111308361441	1
4	56738124	56738125	41	11	2	1	1	1	NA	NA	NA	unphased	0.983899821109123	0.983899821109123	1
4	57182675	57182676	29	6	2	1	1	1	NA	NA	NA	unphased	0.79734219269103	0.79734219269103	1
4	66280042	66280043	98	32	2	1	1	1	NA	NA	NA	unphased	1.14490161001789	1.14490161001789	1
4	66467476	66467477	52	5	2	1	1	1	NA	NA	NA	unphased	0.407996736026112	0.407996736026112	1
4	68606374	68606375	348	21	2	1	1	1	NA	NA	NA	unphased	0.264700321421819	0.264700321421819	1
4	68688058	68688059	361	63	2	1	1	1	NA	NA	NA	unphased	0.691092584466871	0.691092584466871	1
4	68938039	68938040	44	12	2	1	1	1	NA	NA	NA	unphased	0.996677740863787	0.996677740863787	1
4	69816778	69816779	37	13	2	1	1	1	NA	NA	NA	unphased	1.2093023255814	1.2093023255814	1
4	69973831	69973832	140	46	2	1	1	1	NA	NA	NA	unphased	1.15028757189297	1.15028757189297	1
4	70455348	70455349	173	8	2	1	1	1	NA	NA	NA	unphased	0.205576255942439	0.205576255942439	1
4	71255625	71255626	109	23	2	1	1	1	NA	NA	NA	unphased	0.810429880197322	0.810429880197322	1
4	71275742	71275743	82	11	2	1	1	1	NA	NA	NA	unphased	0.550137534383596	0.550137534383596	1
4	71702012	71702013	113	10	2	1	1	1	NA	NA	NA	unphased	0.378143316316884	0.378143316316884	1
4	73013142	73013143	66	10	2	1	1	1	NA	NA	NA	unphased	0.611995104039168	0.611995104039168	1
4	75174854	75174855	263	38	2	1	1	1	NA	NA	NA	unphased	0.587189986865487	0.587189986865487	1
4	77691983	77691984	132	16	2	1	1	1	NA	NA	NA	unphased	0.502828409805154	0.502828409805154	1
4	79229351	79229352	37	8	2	1	1	1	NA	NA	NA	unphased	0.82687338501292	0.82687338501292	1
4	85672767	85672768	175	27	2	1	1	1	NA	NA	NA	unphased	0.621690075984343	0.621690075984343	1
4	88415458	88415459	129	22	2	1	1	1	NA	NA	NA	unphased	0.67765285692284	0.67765285692284	1
4	88584223	88584224	50	14	2	1	1	1	NA	NA	NA	unphased	1.01744186046512	1.01744186046512	1
4	88732538	88732539	31	4	2	1	1	1	NA	NA	NA	unphased	0.53156146179402	0.53156146179402	1
4	88732819	88732820	33	9	2	1	1	1	NA	NA	NA	unphased	0.996677740863787	0.996677740863787	1
4	88957379	88957380	219	34	2	1	1	1	NA	NA	NA	unphased	0.625057450133284	0.625057450133284	1
4	88957380	88957381	221	34	2	1	1	1	NA	NA	NA	unphased	0.62015503875969	0.62015503875969	1
4	89192217	89192218	57	8	2	1	1	1	NA	NA	NA	unphased	0.572450805008945	0.572450805008945	1
4	90857690	90857691	62	4	2	1	1	1	NA	NA	NA	unphased	0.281888653981677	0.281888653981677	1
4	90857691	90857692	63	4	2	1	1	1	NA	NA	NA	unphased	0.277681360638667	0.277681360638667	1
4	94690474	94690475	75	9	2	1	1	1	NA	NA	NA	unphased	0.498338870431894	0.498338870431894	1
4	94690475	94690476	75	9	2	1	1	1	NA	NA	NA	unphased	0.498338870431894	0.498338870431894	1
4	96090418	96090419	166	48	2	1	1	1	NA	NA	NA	unphased	1.04325146707238	1.04325146707238	1
4	96123998	96123999	108	15	2	1	1	1	NA	NA	NA	unphased	0.567214974475326	0.567214974475326	1
4	96123999	96124000	109	15	2	1	1	1	NA	NA	NA	unphased	0.562640660165041	0.562640660165041	1
4	96762069	96762070	63	14	2	1	1	1	NA	NA	NA	unphased	0.845665961945032	0.845665961945032	1
4	100806823	100806824	28	4	2	1	1	1	NA	NA	NA	unphased	0.581395348837209	0.581395348837209	1
4	104082590	104082591	89	19	2	1	1	1	NA	NA	NA	unphased	0.818260120585702	0.818260120585702	1
4	106880216	106880217	104	14	2	1	1	1	NA	NA	NA	unphased	0.551832873472605	0.551832873472605	1
4	110882024	110882025	74	20	2	1	1	1	NA	NA	NA	unphased	0.98960910440376	0.98960910440376	1
4	113538964	113538965	71	8	2	1	1	1	NA	NA	NA	unphased	0.471003826906094	0.471003826906094	1
4	114458559	114458560	60	14	2	1	1	1	NA	NA	NA	unphased	0.87994971715902	0.87994971715902	1
4	115773880	115773881	18	3	2	1	1	1	NA	NA	NA	unphased	0.664451827242525	0.664451827242525	1
4	119200428	119200429	100	7	2	1	1	1	NA	NA	NA	unphased	0.304281677896109	0.304281677896109	1
4	119944629	119944630	59	18	2	1	1	1	NA	NA	NA	unphased	1.08728480821504	1.08728480821504	1
4	123161380	123161381	139	21	2	1	1	1	NA	NA	NA	unphased	0.61046511627907	0.61046511627907	1
4	123175997	123175998	15	3	2	1	1	1	NA	NA	NA	unphased	0.775193798449612	0.775193798449612	1
4	126240794	126240795	211	13	2	1	1	1	NA	NA	NA	unphased	0.269933554817276	0.269933554817276	1
4	126371596	126371597	51	14	2	1	1	1	NA	NA	NA	unphased	1.00178890876565	1.00178890876565	1
4	126411189	126411190	423	102	2	1	1	1	NA	NA	NA	unphased	0.903654485049834	0.903654485049834	1
4	128584667	128584668	99	23	2	1	1	1	NA	NA	NA	unphased	0.876858558902021	0.876858558902021	1
4	134073203	134073204	80	21	2	1	1	1	NA	NA	NA	unphased	0.9670734515312	0.9670734515312	1
4	134073850	134073851	68	16	2	1	1	1	NA	NA	NA	unphased	0.8859357696567	0.8859357696567	1
4	144359299	144359300	69	13	2	1	1	1	NA	NA	NA	unphased	0.737379466817924	0.737379466817924	1
4	147561805	147561806	139	16	2	1	1	1	NA	NA	NA	unphased	0.480120030007502	0.480120030007502	1
4	151203600	151203601	108	16	2	1	1	1	NA	NA	NA	unphased	0.600150037509377	0.600150037509377	1
4	153332933	153332934	15	3	2	1	1	1	NA	NA	NA	unphased	0.775193798449612	0.775193798449612	1
4	155505868	155505869	60	12	2	1	1	1	NA	NA	NA	unphased	0.775193798449612	0.775193798449612	1
4	155505869	155505870	60	12	2	1	1	1	NA	NA	NA	unphased	0.775193798449612	0.775193798449612	1
4	156723468	156723469	41	7	2	1	1	1	NA	NA	NA	unphased	0.678294573643411	0.678294573643411	1
4	164271783	164271784	151	33	2	1	1	1	NA	NA	NA	unphased	0.83417593528817	0.83417593528817	1
4	169342938	169342939	325	51	2	1	1	1	NA	NA	NA	unphased	0.630875804057397	0.630875804057397	1
4	169433434	169433435	111	14	2	1	1	1	NA	NA	NA	unphased	0.52093023255814	0.52093023255814	1
4	175896788	175896789	56	15	2	1	1	1	NA	NA	NA	unphased	0.982640026203734	0.982640026203734	1
4	175897427	175897428	138	16	2	1	1	1	NA	NA	NA	unphased	0.483237692540018	0.483237692540018	1
4	183650200	183650201	60	13	2	1	1	1	NA	NA	NA	unphased	0.828289264096846	0.828289264096846	1
4	185038161	185038162	46	19	2	1	1	1	NA	NA	NA	unphased	1.35957066189624	1.35957066189624	1
4	187172426	187172427	158	32	2	1	1	1	NA	NA	NA	unphased	0.783353733170135	0.783353733170135	1
4	187518074	187518075	160	47	2	1	1	1	NA	NA	NA	unphased	1.05606111672846	1.05606111672846	1
4	187524085	187524086	99	29	2	1	1	1	NA	NA	NA	unphased	1.05377906976744	1.05377906976744	1
4	189020207	189020208	65	5	NA	NA	NA	NA	NA	NA	NA	unphased	NA	NA	1
4	189068503	189068504	110	17	NA	NA	NA	NA	NA	NA	NA	unphased	NA	NA	1
4	189068542	189068543	60	8	NA	NA	NA	NA	NA	NA	NA	unphased	NA	NA	1
5	1235746	1235747	367	89	4	3	1	1	NA	NA	NA	unphased	1.29814361485108	1.29814361485108	1
5	1253848	1253849	43	17	4	3	1	1	NA	NA	NA	unphased	1.88449612403101	0.942248062015504	2
5	1879807	1879808	296	29	4	3	1	1	NA	NA	NA	unphased	0.593488372093023	0.593488372093023	1
5	5191886	5191887	199	26	4	3	1	1	NA	NA	NA	unphased	0.768578811369509	0.768578811369509	1
5	5200277	5200278	28	5	4	3	1	1	NA	NA	NA	unphased	1.0077519379845	1.0077519379845	1
5	11159691	11159692	289	32	4	3	1	1	NA	NA	NA	unphased	0.663044265739332	0.663044265739332	1
5	11159807	11159808	207	11	4	3	1	1	NA	NA	NA	unphased	0.335609131640708	0.335609131640708	1
5	11346627	11346628	191	20	4	3	1	1	NA	NA	NA	unphased	0.630441970682244	0.630441970682244	1
5	13759055	13759056	477	32	4	3	1	1	NA	NA	NA	unphased	0.418147758943665	0.418147758943665	1
5	14419893	14419894	135	31	4	3	1	1	NA	NA	NA	unphased	1.24208461753993	1.24208461753993	1
5	15616167	15616168	72	12	4	3	1	1	NA	NA	NA	unphased	0.950166112956811	0.950166112956811	1
5	21755728	21755729	88	17	4	3	1	1	NA	NA	NA	unphased	1.07685492801772	1.07685492801772	1
5	24487792	24487793	213	104	4	3	1	1	NA	NA	NA	unphased	2.18208495341501	1.09104247670751	2
5	24487899	24487900	202	46	4	3	1	1	NA	NA	NA	unphased	1.23368342085521	1.23368342085521	1
5	26881302	26881303	262	33	4	3	1	1	NA	NA	NA	unphased	0.74402837997635	0.74402837997635	1
5	26881304	26881305	248	60	4	3	1	1	NA	NA	NA	unphased	1.29568106312292	1.29568106312292	1
5	26885949	26885950	141	14	4	3	1	1	NA	NA	NA	unphased	0.600750187546887	0.600750187546887	1
5	33576470	33576471	188	29	4	3	1	1	NA	NA	NA	unphased	0.88886507341121	0.88886507341121	1
5	33576899	33576900	76	75	4	3	1	1	NA	NA	NA	unphased	3.30355767749885	1.10118589249961	3
5	33938276	33938277	39	3	4	3	1	1	NA	NA	NA	unphased	0.475083056478405	0.475083056478405	1
5	36038111	36038112	55	42	4	3	1	1	NA	NA	NA	unphased	2.87988491968353	0.95996163989451	3
5	36038112	36038113	55	40	4	3	1	1	NA	NA	NA	unphased	2.80048959608323	0.933496532027744	3
5	36671253	36671254	86	14	4	3	1	1	NA	NA	NA	unphased	0.931162790697675	0.931162790697675	1
5	38406292	38406293	96	9	4	3	1	1	NA	NA	NA	unphased	0.570099667774086	0.570099667774086	1
5	41015532	41015533	117	10	4	3	1	1	NA	NA	NA	unphased	0.523713605566746	0.523713605566746	1
5	42719333	42719334	35	5	4	3	1	1	NA	NA	NA	unphased	0.831395348837209	0.831395348837209	1
5	45262182	45262183	106	31	4	3	1	1	NA	NA	NA	unphased	1.50500763877101	0.752503819385503	2
5	45262235	45262236	31	34	4	3	1	1	NA	NA	NA	unphased	3.47906976744186	1.15968992248062	3
5	45396632	45396633	77	6	NA	NA	NA	NA	NA	NA	NA	unphased	NA	NA	1
5	49723985	49723986	65	8	NA	NA	NA	NA	NA	NA	NA	unphased	NA	NA	1
5	52347345	52347346	155	39	2.24	2	1	0.62	1	0	0.38	unphased	0.983274994006234	0.983274994006234	1
5	63509535	63509536	144	31	1	1	0	1	NA	NA	NA	unphased	0.646777408637874	0.646777408637874	1
5	66479511	66479512	78	14	1	1	0	1	NA	NA	NA	unphased	0.555611729019211	0.555611729019211	1
5	70805989	70805990	62	18	1	1	0	1	NA	NA	NA	unphased	0.821511627906977	0.821511627906977	1
5	70952720	70952721	49	11	1	1	0	1	NA	NA	NA	unphased	0.66937984496124	0.66937984496124	1
5	71756920	71756921	209	63	1	1	0	1	NA	NA	NA	unphased	0.845673734610123	0.845673734610123	1
5	71757099	71757100	150	16	1	1	0	1	NA	NA	NA	unphased	0.351919305127487	0.351919305127487	1
5	73931139	73931140	40	22	1	1	0	1	NA	NA	NA	unphased	1.29557389347337	1.29557389347337	1
5	74325038	74325039	91	19	1	1	0	1	NA	NA	NA	unphased	0.630655391120507	0.630655391120507	1
5	76621378	76621379	129	16	1	1	0	1	NA	NA	NA	unphased	0.402886928628709	0.402886928628709	1
5	78351644	78351645	15	4	1	1	0	1	NA	NA	NA	unphased	0.768665850673195	0.768665850673195	1
5	82808159	82808160	22	11	1	1	0	1	NA	NA	NA	unphased	1.21705426356589	1.21705426356589	1
5	82837868	82837869	40	10	1	1	0	1	NA	NA	NA	unphased	0.730232558139535	0.730232558139535	1
5	89757165	89757166	81	12	1	1	0	1	NA	NA	NA	unphased	0.471117779444861	0.471117779444861	1
5	89979664	89979665	13	3	1	1	0	1	NA	NA	NA	unphased	0.684593023255814	0.684593023255814	1
5	92929398	92929399	115	28	1	1	0	1	NA	NA	NA	unphased	0.714912993982761	0.714912993982761	1
5	107197355	107197356	17	9	1	1	0	1	NA	NA	NA	unphased	1.26386404293381	1.26386404293381	1
5	107197356	107197357	19	9	1	1	0	1	NA	NA	NA	unphased	1.17358803986711	1.17358803986711	1
5	109155987	109155988	27	16	1	1	0	1	NA	NA	NA	unphased	1.35857220118983	1.35857220118983	1
5	115782557	115782558	22	7	1	1	0	1	NA	NA	NA	unphased	0.881315156375301	0.881315156375301	1
5	115813760	115813761	80	18	1	1	0	1	NA	NA	NA	unphased	0.67062173706692	0.67062173706692	1
5	119800198	119800199	12	4	1	1	0	1	NA	NA	NA	unphased	0.912790697674419	0.912790697674419	1
5	130797464	130797465	21	8	1	1	0	1	NA	NA	NA	unphased	1.00721732157177	1.00721732157177	1
5	130815359	130815360	99	41	1	1	0	1	NA	NA	NA	unphased	1.06926910299003	1.06926910299003	1
5	132198041	132198042	88	18	1	1	0	1	NA	NA	NA	unphased	0.62000877577885	0.62000877577885	1
5	137089564	137089565	47	7	1	1	0	1	NA	NA	NA	unphased	0.473298880275624	0.473298880275624	1
5	140188141	140188142	89	32	1	1	0	1	NA	NA	NA	unphased	0.9655967710936	0.9655967710936	1
5	140502449	140502450	60	34	1	1	0	1	NA	NA	NA	unphased	1.32063334982682	1.32063334982682	1
5	140559142	140559143	187	46	1	1	0	1	NA	NA	NA	unphased	0.720830422197824	0.720830422197824	1
5	140563722	140563723	139	6	1	1	0	1	NA	NA	NA	unphased	0.151082598235766	0.151082598235766	1
5	140564263	140564264	138	40	1	1	0	1	NA	NA	NA	unphased	0.8204860203815	0.8204860203815	1
5	140589196	140589197	83	35	1	1	0	1	NA	NA	NA	unphased	1.08297201418999	1.08297201418999	1
5	140594475	140594476	143	63	1	1	0	1	NA	NA	NA	unphased	1.11661774666968	1.11661774666968	1
5	140719829	140719830	38	20	1	1	0	1	NA	NA	NA	unphased	1.25902165196472	1.25902165196472	1
5	140719830	140719831	39	20	1	1	0	1	NA	NA	NA	unphased	1.23768230193141	1.23768230193141	1
5	143586836	143586837	53	10	1	1	0	1	NA	NA	NA	unphased	0.579549649317091	0.579549649317091	1
5	143586837	143586838	52	10	1	1	0	1	NA	NA	NA	unphased	0.588897224306076	0.588897224306076	1
5	156464331	156464332	75	26	1	1	0	1	NA	NA	NA	unphased	0.939903292654847	0.939903292654847	1
5	161113239	161113240	40	14	1	1	0	1	NA	NA	NA	unphased	0.946597760551249	0.946597760551249	1
5	161128506	161128507	92	29	1	1	0	1	NA	NA	NA	unphased	0.875072073803575	0.875072073803575	1
5	161300333	161300334	36	4	1	1	0	1	NA	NA	NA	unphased	0.365116279069768	0.365116279069768	1
5	168189656	168189657	285	25	1	1	0	1	NA	NA	NA	unphased	0.294448612153038	0.294448612153038	1
5	169081459	169081460	91	5	1	1	0	1	NA	NA	NA	unphased	0.190164728682171	0.190164728682171	1
5	169535670	169535671	25	7	1	1	0	1	NA	NA	NA	unphased	0.798691860465116	0.798691860465116	1
5	176524538	176524539	119	20	1	1	0	1	NA	NA	NA	unphased	0.525347164129162	0.525347164129162	1
5	176707623	176707624	104	26	1	1	0	1	NA	NA	NA	unphased	0.730232558139535	0.730232558139535	1
5	178506843	178506844	53	13	1	1	0	1	NA	NA	NA	unphased	0.719168428470754	0.719168428470754	1
5	178553021	178553022	47	17	1	1	0	1	NA	NA	NA	unphased	0.96984011627907	0.96984011627907	1
5	180582726	180582727	54	13	NA	NA	NA	NA	NA	NA	NA	unphased	NA	NA	1
6	3012879	3012880	77	15	2	1	1	1	NA	NA	NA	unphased	0.758341759352882	0.758341759352882	1
6	3324051	3324052	26	9	2	1	1	1	NA	NA	NA	unphased	1.19601328903654	1.19601328903654	1
6	7565711	7565712	75	12	2	1	1	1	NA	NA	NA	unphased	0.641539695268645	0.641539695268645	1
6	7575624	7575625	228	57	2	1	1	1	NA	NA	NA	unphased	0.930232558139535	0.930232558139535	1
6	7584583	7584584	68	17	2	1	1	1	NA	NA	NA	unphased	0.930232558139535	0.930232558139535	1
6	18463604	18463605	49	9	2	1	1	1	NA	NA	NA	unphased	0.721732157177225	0.721732157177225	1
6	24843529	24843530	44	9	2	1	1	1	NA	NA	NA	unphased	0.789820096533567	0.789820096533567	1
6	26056123	26056124	130	20	2	1	1	1	NA	NA	NA	unphased	0.62015503875969	0.62015503875969	1
6	26124874	26124875	38	17	2	1	1	1	NA	NA	NA	unphased	1.43763213530655	1.43763213530655	1
6	26197073	26197074	121	15	2	1	1	1	NA	NA	NA	unphased	0.512995896032832	0.512995896032832	1
6	26199999	26200000	240	50	2	1	1	1	NA	NA	NA	unphased	0.801924619085806	0.801924619085806	1
6	26217561	26217562	74	9	2	1	1	1	NA	NA	NA	unphased	0.504342953208182	0.504342953208182	1
6	28472223	28472224	52	8	2	1	1	1	NA	NA	NA	unphased	0.62015503875969	0.62015503875969	1
6	29640743	29640744	483	75	2	1	1	1	NA	NA	NA	unphased	0.625156289072268	0.625156289072268	1
6	30080254	30080255	68	16	2	1	1	1	NA	NA	NA	unphased	0.8859357696567	0.8859357696567	1
6	31543675	31543676	100	21	2	1	1	1	NA	NA	NA	unphased	0.807226600038439	0.807226600038439	1
6	31922386	31922387	14	3	2	1	1	1	NA	NA	NA	unphased	0.820793433652531	0.820793433652531	1
6	32165249	32165250	39	6	2	1	1	1	NA	NA	NA	unphased	0.62015503875969	0.62015503875969	1
6	33135084	33135085	85	21	2	1	1	1	NA	NA	NA	unphased	0.921456779289162	0.921456779289162	1
6	33650359	33650360	82	17	2	1	1	1	NA	NA	NA	unphased	0.798684519614752	0.798684519614752	1
6	34498310	34498311	35	4	2	1	1	1	NA	NA	NA	unphased	0.477042337507454	0.477042337507454	1
6	37606039	37606040	130	20	2	1	1	1	NA	NA	NA	unphased	0.62015503875969	0.62015503875969	1
6	37611711	37611712	37	7	2	1	1	1	NA	NA	NA	unphased	0.739957716701903	0.739957716701903	1
6	39033978	39033979	48	11	2	1	1	1	NA	NA	NA	unphased	0.86716594402838	0.86716594402838	1
6	39046124	39046125	185	23	2	1	1	1	NA	NA	NA	unphased	0.514311270125224	0.514311270125224	1
6	39046942	39046943	232	30	2	1	1	1	NA	NA	NA	unphased	0.532575892064619	0.532575892064619	1
6	39046943	39046944	233	30	2	1	1	1	NA	NA	NA	unphased	0.530550888672739	0.530550888672739	1
6	40400491	40400492	32	6	2	1	1	1	NA	NA	NA	unphased	0.734394124847001	0.734394124847001	1
6	40400545	40400546	35	8	2	1	1	1	NA	NA	NA	unphased	0.865332612222823	0.865332612222823	1
6	41184895	41184896	120	35	2	1	1	1	NA	NA	NA	unphased	1.05026256564141	1.05026256564141	1
6	42883814	42883815	140	20	2	1	1	1	NA	NA	NA	unphased	0.581395348837209	0.581395348837209	1
6	43251379	43251380	57	8	2	1	1	1	NA	NA	NA	unphased	0.572450805008945	0.572450805008945	1
6	44250143	44250144	107	16	2	1	1	1	NA	NA	NA	unphased	0.605029306107015	0.605029306107015	1
6	46659309	46659310	44	21	2	1	1	1	NA	NA	NA	unphased	1.50268336314848	1.50268336314848	1
6	46806902	46806903	32	8	2	1	1	1	NA	NA	NA	unphased	0.930232558139535	0.930232558139535	1
6	49753637	49753638	24	3	2	1	1	1	NA	NA	NA	unphased	0.516795865633075	0.516795865633075	1
6	50683252	50683253	160	21	2	1	1	1	NA	NA	NA	unphased	0.539637671848901	0.539637671848901	1
6	50791341	50791342	85	6	2	1	1	1	NA	NA	NA	unphased	0.306670074111935	0.306670074111935	1
6	52617682	52617683	390	14	2	1	1	1	NA	NA	NA	unphased	0.161178908588533	0.161178908588533	1
6	53409417	53409418	18	3	2	1	1	1	NA	NA	NA	unphased	0.664451827242525	0.664451827242525	1
6	55142370	55142371	63	12	2	1	1	1	NA	NA	NA	unphased	0.744186046511628	0.744186046511628	1
6	56471501	56471502	88	18	2	1	1	1	NA	NA	NA	unphased	0.789820096533567	0.789820096533567	1
6	56483242	56483243	54	13	2	1	1	1	NA	NA	NA	unphased	0.902464422075668	0.902464422075668	1
6	57372296	57372297	71	5	2	1	1	1	NA	NA	NA	unphased	0.305997552019584	0.305997552019584	1
6	69349202	69349203	68	25	2	1	1	1	NA	NA	NA	unphased	1.25031257814454	1.25031257814454	1
6	69640554	69640555	41	3	2	1	1	1	NA	NA	NA	unphased	0.317124735729387	0.317124735729387	1
6	69703690	69703691	499	68	2	1	1	1	NA	NA	NA	unphased	0.557811410524589	0.557811410524589	1
6	70037782	70037783	77	7	2	1	1	1	NA	NA	NA	unphased	0.387596899224806	0.387596899224806	1
6	71012701	71012702	43	4	2	1	1	1	NA	NA	NA	unphased	0.395843641761504	0.395843641761504	1
6	71235578	71235579	42	6	2	1	1	1	NA	NA	NA	unphased	0.581395348837209	0.581395348837209	1
6	75884999	75885000	34	5	2	1	1	1	NA	NA	NA	unphased	0.596302921884317	0.596302921884317	1
6	78172235	78172236	234	46	2	1	1	1	NA	NA	NA	unphased	0.764119601328904	0.764119601328904	1
6	83732260	83732261	49	8	2	1	1	1	NA	NA	NA	unphased	0.652794777641779	0.652794777641779	1
6	86203732	86203733	17	3	2	1	1	1	NA	NA	NA	unphased	0.697674418604651	0.697674418604651	1
6	86251734	86251735	42	13	2	1	1	1	NA	NA	NA	unphased	1.09936575052854	1.09936575052854	1
6	86251753	86251754	25	4	2	1	1	1	NA	NA	NA	unphased	0.641539695268645	0.641539695268645	1
6	89967430	89967431	20	4	2	1	1	1	NA	NA	NA	unphased	0.775193798449612	0.775193798449612	1
6	97247457	97247458	64	14	2	1	1	1	NA	NA	NA	unphased	0.834824090638044	0.834824090638044	1
6	99365502	99365503	133	27	2	1	1	1	NA	NA	NA	unphased	0.784883720930233	0.784883720930233	1
6	99828162	99828163	70	5	2	1	1	1	NA	NA	NA	unphased	0.310077519379845	0.310077519379845	1
6	100841655	100841656	105	16	2	1	1	1	NA	NA	NA	unphased	0.615029790505478	0.615029790505478	1
6	107111059	107111060	37	10	2	1	1	1	NA	NA	NA	unphased	0.98960910440376	0.98960910440376	1
6	107390933	107390934	69	7	2	1	1	1	NA	NA	NA	unphased	0.428396572827417	0.428396572827417	1
6	107391060	107391061	27	4	2	1	1	1	NA	NA	NA	unphased	0.600150037509377	0.600150037509377	1
6	111543325	111543326	76	16	2	1	1	1	NA	NA	NA	unphased	0.808897876643074	0.808897876643074	1
6	112438967	112438968	140	26	2	1	1	1	NA	NA	NA	unphased	0.728495376856262	0.728495376856262	1
6	116758050	116758051	50	11	2	1	1	1	NA	NA	NA	unphased	0.838734273732368	0.838734273732368	1
6	117709067	117709068	217	52	2	1	1	1	NA	NA	NA	unphased	0.899109535748249	0.899109535748249	1
6	117890850	117890851	307	55	2	1	1	1	NA	NA	NA	unphased	0.706668379802133	0.706668379802133	1
6	123573560	123573561	10	4	2	1	1	1	NA	NA	NA	unphased	1.32890365448505	1.32890365448505	1
6	129618947	129618948	31	7	2	1	1	1	NA	NA	NA	unphased	0.856793145654835	0.856793145654835	1
6	129674458	129674459	172	7	2	1	1	1	NA	NA	NA	unphased	0.181889047680915	0.181889047680915	1
6	129762066	129762067	54	14	2	1	1	1	NA	NA	NA	unphased	0.957592339261286	0.957592339261286	1
6	130166912	130166913	136	15	2	1	1	1	NA	NA	NA	unphased	0.462036038811027	0.462036038811027	1
6	132939045	132939046	135	6	2	1	1	1	NA	NA	NA	unphased	0.197921820880752	0.197921820880752	1
6	132945411	132945412	44	10	2	1	1	1	NA	NA	NA	unphased	0.861326442721791	0.861326442721791	1
6	133052666	133052667	77	11	2	1	1	1	NA	NA	NA	unphased	0.581395348837209	0.581395348837209	1
6	134350375	134350376	91	16	2	1	1	1	NA	NA	NA	unphased	0.69550097804825	0.69550097804825	1
6	135360778	135360779	301	10	2	1	1	1	NA	NA	NA	unphased	0.149555073655874	0.149555073655874	1
6	139564011	139564012	78	15	2	1	1	1	NA	NA	NA	unphased	0.750187546886722	0.750187546886722	1
6	139591615	139591616	104	19	2	1	1	1	NA	NA	NA	unphased	0.71847230100208	0.71847230100208	1
6	143091718	143091719	42	16	2	1	1	1	NA	NA	NA	unphased	1.28307939053729	1.28307939053729	1
6	147123909	147123910	32	4	2	1	1	1	NA	NA	NA	unphased	0.516795865633075	0.516795865633075	1
6	147830477	147830478	13	3	2	1	1	1	NA	NA	NA	unphased	0.872093023255814	0.872093023255814	1
6	151939331	151939332	23	3	2	1	1	1	NA	NA	NA	unphased	0.536672629695886	0.536672629695886	1
6	152523045	152523046	43	9	2	1	1	1	NA	NA	NA	unphased	0.805008944543828	0.805008944543828	1
6	152523055	152523056	42	9	2	1	1	1	NA	NA	NA	unphased	0.820793433652531	0.820793433652531	1
6	152615154	152615155	117	19	2	1	1	1	NA	NA	NA	unphased	0.649794801641587	0.649794801641587	1
6	152651628	152651629	83	12	2	1	1	1	NA	NA	NA	unphased	0.587515299877601	0.587515299877601	1
6	152763290	152763291	102	23	2	1	1	1	NA	NA	NA	unphased	0.855813953488372	0.855813953488372	1
6	152777080	152777081	93	23	2	1	1	1	NA	NA	NA	unphased	0.922213311948677	0.922213311948677	1
6	153077289	153077290	159	7	2	1	1	1	NA	NA	NA	unphased	0.196133370692071	0.196133370692071	1
6	154751652	154751653	101	38	2	1	1	1	NA	NA	NA	unphased	1.27154090680944	1.27154090680944	1
6	157469855	157469856	166	32	2	1	1	1	NA	NA	NA	unphased	0.751703077284473	0.751703077284473	1
6	160219183	160219184	27	4	2	1	1	1	NA	NA	NA	unphased	0.600150037509377	0.600150037509377	1
6	161155041	161155042	61	14	2	1	1	1	NA	NA	NA	unphased	0.868217054263566	0.868217054263566	1
6	163956051	163956052	45	6	2	1	1	1	NA	NA	NA	unphased	0.547195622435021	0.547195622435021	1
6	165749653	165749654	64	15	2	1	1	1	NA	NA	NA	unphased	0.883132175448926	0.883132175448926	1
6	165756953	165756954	119	41	2	1	1	1	NA	NA	NA	unphased	1.19186046511628	1.19186046511628	1
6	168352760	168352761	19	4	2	1	1	1	NA	NA	NA	unphased	0.808897876643074	0.808897876643074	1
6	169648765	169648766	142	29	2	1	1	1	NA	NA	NA	unphased	0.788793689650483	0.788793689650483	1
7	2608632	2608633	56	6	2	1	1	0.11	1	1	0.89	unphased	0.450112528132033	0.505744413631498	0.89
7	2946433	2946434	51	7	2	1	1	0.11	1	1	0.89	unphased	0.561347233360064	0.561347233360064	1
7	4153752	4153753	141	15	2	1	1	0.11	1	1	0.89	unphased	0.447227191413238	0.447227191413238	1
7	4153771	4153772	148	22	2	1	1	0.11	1	1	0.89	unphased	0.601915184678523	0.676309196268003	0.89
7	6026956	6026957	145	26	2	1	1	0.11	1	1	0.89	unphased	0.70719434244526	0.794600384769955	0.89
7	6026957	6026958	147	27	2	1	1	0.11	1	1	0.89	unphased	0.721732157177225	0.810935008064298	0.89
7	6731118	6731119	146	33	2	1	1	0.11	1	1	0.89	unphased	0.857476939067169	0.857476939067169	1
7	7612139	7612140	39	3	2	1	1	0.11	1	1	0.89	unphased	0.332225913621262	0.373287543394677	0.89
7	8099725	8099726	101	18	2	1	1	0.11	1	1	0.89	unphased	0.703537228845026	0.703537228845026	1
7	11452296	11452297	53	8	2	1	1	0.11	1	1	0.89	unphased	0.609988562714449	0.609988562714449	1
7	14217667	14217668	62	10	2	1	1	0.11	1	1	0.89	unphased	0.645994832041344	0.645994832041344	1
7	18687450	18687451	22	3	2	1	1	0.11	1	1	0.89	unphased	0.558139534883721	0.558139534883721	1
7	18914118	18914119	13	5	2	1	1	0.11	1	1	0.89	unphased	1.29198966408269	1.29198966408269	1
7	20826488	20826489	31	10	2	1	1	0.11	1	1	0.89	unphased	1.13442994895065	1.13442994895065	1
7	21641071	21641072	65	5	2	1	1	0.11	1	1	0.89	unphased	0.332225913621262	0.332225913621262	1
7	27135177	27135178	151	6	2	1	1	0.11	1	1	0.89	unphased	0.177751444230484	0.177751444230484	1
7	27141897	27141898	10	5	2	1	1	0.11	1	1	0.89	unphased	1.55038759689922	1.55038759689922	1
7	27237968	27237969	256	11	2	1	1	0.11	1	1	0.89	unphased	0.191620938942601	0.191620938942601	1
7	30868292	30868293	242	16	2	1	1	0.11	1	1	0.89	unphased	0.288444204074274	0.288444204074274	1
7	31125000	31125001	187	31	2	1	1	0.11	1	1	0.89	unphased	0.661403883080862	0.743150430427935	0.89
7	31617612	31617613	43	6	2	1	1	0.11	1	1	0.89	unphased	0.56953013763645	0.56953013763645	1
7	31683166	31683167	124	5	2	1	1	0.11	1	1	0.89	unphased	0.180277627546421	0.180277627546421	1
7	34192934	34192935	25	5	2	1	1	0.11	1	1	0.89	unphased	0.775193798449612	0.775193798449612	1
7	34698050	34698051	132	19	2	1	1	0.11	1	1	0.89	unphased	0.585245649160635	0.657579381079365	0.89
7	38402617	38402618	105	6	2	1	1	0.11	1	1	0.89	unphased	0.251414204902577	0.251414204902577	1
7	39247214	39247215	16	5	2	1	1	0.11	1	1	0.89	unphased	1.10741971207087	1.10741971207087	1
7	44150654	44150655	94	7	2	1	1	0.11	1	1	0.89	unphased	0.322357817177067	0.322357817177067	1
7	44151896	44151897	67	14	2	1	1	0.11	1	1	0.89	unphased	0.803904679873672	0.803904679873672	1
7	44802526	44802527	436	113	2	1	1	0.11	1	1	0.89	unphased	0.957343160926844	0.957343160926844	1
7	45632424	45632425	190	32	2	1	1	0.11	1	1	0.89	unphased	0.670437879740205	0.753300988472141	0.89
7	45701748	45701749	37	4	2	1	1	0.11	1	1	0.89	unphased	0.453771979580261	0.453771979580261	1
7	48314242	48314243	120	19	2	1	1	0.11	1	1	0.89	unphased	0.635770453404718	0.714348824050245	0.89
7	50468224	50468225	70	16	2	1	1	0.11	1	1	0.89	unphased	0.865332612222823	0.865332612222823	1
7	50799977	50799978	149	44	2	1	1	0.11	1	1	0.89	unphased	1.06036871912279	1.06036871912279	1
7	51097171	51097172	84	17	2	1	1	0.11	1	1	0.89	unphased	0.782868984572876	0.782868984572876	1
7	53103573	53103574	47	4	2	1	1	0.11	1	1	0.89	unphased	0.364797081623347	0.409884361374547	0.89
7	55990946	55990947	97	25	2	1	1	0.11	1	1	0.89	unphased	0.953107129241327	0.953107129241327	1
7	56007707	56007708	65	8	2	1	1	0.11	1	1	0.89	unphased	0.509716470213444	0.572715135071285	0.89
7	62753190	62753191	86	28	2	1	1	0.11	1	1	0.89	unphased	1.14239086087311	1.14239086087311	1
7	64452168	64452169	53	8	2	1	1	0.11	1	1	0.89	unphased	0.609988562714449	0.609988562714449	1
7	75185395	75185396	369	93	2	1	1	0.11	1	1	0.89	unphased	0.936273029296285	0.936273029296285	1
7	75221705	75221706	72	13	2	1	1	0.11	1	1	0.89	unphased	0.711354309165527	0.711354309165527	1
7	75625759	75625760	70	15	2	1	1	0.11	1	1	0.89	unphased	0.820793433652531	0.820793433652531	1
7	75894697	75894698	122	23	2	1	1	0.11	1	1	0.89	unphased	0.737770649558942	0.737770649558942	1
7	76112401	76112402	49	13	2	1	1	0.11	1	1	0.89	unphased	0.975243810952738	0.975243810952738	1
7	77797363	77797364	128	45	2	1	1	0.11	1	1	0.89	unphased	1.2098400322624	1.2098400322624	1
7	81336651	81336652	58	16	2	1	1	0.5	1	1	0.5	unphased	1.00565681961031	1.00565681961031	1
7	82585777	82585778	33	14	2	1	1	0.5	1	1	0.5	unphased	1.38545274616526	1.38545274616526	1
7	82586090	82586091	68	7	2	1	1	0.5	1	1	0.5	unphased	0.434108527131783	0.868217054263566	0.5
7	86479846	86479847	134	20	2	1	1	0.5	1	1	0.5	unphased	0.604047115675023	1.20809423135005	0.5
7	86493603	86493604	237	47	2	1	1	0.5	1	1	0.5	unphased	0.769734687192925	0.769734687192925	1
7	86539315	86539316	26	7	2	1	1	0.5	1	1	0.5	unphased	0.98661028893587	0.98661028893587	1
7	86548584	86548585	109	49	2	1	1	0.5	1	1	0.5	unphased	1.44244921989991	1.44244921989991	1
7	87133571	87133572	105	27	2	1	1	0.5	1	1	0.5	unphased	0.951374207188161	0.951374207188161	1
7	88965208	88965209	124	50	2	1	1	0.5	1	1	0.5	unphased	1.33654103180968	1.33654103180968	1
7	93101723	93101724	180	7	2	1	1	0.5	1	1	0.5	unphased	0.174107698047507	0.174107698047507	1
7	95442596	95442597	82	20	2	1	1	0.5	1	1	0.5	unphased	0.911992704058368	0.911992704058368	1
7	98449161	98449162	45	20	2	1	1	0.5	1	1	0.5	unphased	1.43112701252236	1.43112701252236	1
7	99569537	99569538	115	12	2	1	1	0.5	1	1	0.5	unphased	0.439479948727339	0.878959897454679	0.5
7	99764194	99764195	153	49	2	1	1	0.5	1	1	0.5	unphased	1.12825236011973	1.12825236011973	1
7	99818585	99818586	187	32	2	1	1	0.5	1	1	0.5	unphased	0.679621960284592	0.679621960284592	1
7	99818586	99818587	187	32	2	1	1	0.5	1	1	0.5	unphased	0.679621960284592	0.679621960284592	1
7	100087052	100087053	81	16	2	1	1	0.5	1	1	0.5	unphased	0.767202109805802	0.767202109805802	1
7	100212488	100212489	65	18	2	1	1	0.5	1	1	0.5	unphased	1.00868590641636	1.00868590641636	1
7	100345255	100345256	104	16	2	1	1	0.5	1	1	0.5	unphased	0.62015503875969	1.24031007751938	0.5
7	100350291	100350292	181	14	2	1	1	0.5	1	1	0.5	unphased	0.333929636255218	0.667859272510435	0.5
7	100421304	100421305	127	24	2	1	1	0.5	1	1	0.5	unphased	0.739257662097644	0.739257662097644	1
7	100855929	100855930	60	25	2	1	1	0.5	1	1	0.5	unphased	1.36798905608755	1.36798905608755	1
7	100888248	100888249	119	11	2	1	1	0.5	1	1	0.5	unphased	0.393559928443649	0.787119856887299	0.5
7	103126780	103126781	220	43	2	1	1	0.5	1	1	0.5	unphased	0.760456273764259	0.760456273764259	1
7	103338336	103338337	75	30	2	1	1	0.5	1	1	0.5	unphased	1.32890365448505	1.32890365448505	1
7	107626511	107626512	43	6	2	1	1	0.5	1	1	0.5	unphased	0.56953013763645	0.56953013763645	1
7	107824998	107824999	41	10	2	1	1	0.5	1	1	0.5	unphased	0.911992704058368	0.911992704058368	1
7	113518145	113518146	85	27	2	1	1	0.5	1	1	0.5	unphased	1.12126245847176	1.12126245847176	1
7	113519926	113519927	183	38	2	1	1	0.5	1	1	0.5	unphased	0.799747448174261	0.799747448174261	1
7	116411685	116411686	112	18	2	1	1	0.5	1	1	0.5	unphased	0.644007155635063	1.28801431127013	0.5
7	123332401	123332402	61	21	2	1	1	0.5	1	1	0.5	unphased	1.19115144639818	1.19115144639818	1
7	123594253	123594254	73	40	2	1	1	0.5	1	1	0.5	unphased	1.64642930644165	1.64642930644165	1
7	126079194	126079195	235	49	2	1	1	0.5	1	1	0.5	unphased	0.802489354733049	0.802489354733049	1
7	127894865	127894866	33	5	2	1	1	0.5	1	1	0.5	unphased	0.611995104039168	0.611995104039168	1
7	127964619	127964620	260	85	2	1	1	0.5	1	1	0.5	unphased	1.14593865857769	1.14593865857769	1
7	128446837	128446838	34	10	2	1	1	0.5	1	1	0.5	unphased	1.05708245243129	1.05708245243129	1
7	128490467	128490468	467	38	2	1	1	0.5	1	1	0.5	unphased	0.349988487220815	0.349988487220815	1
7	132192366	132192367	110	42	2	1	1	0.5	1	1	0.5	unphased	1.28518971848225	1.28518971848225	1
7	134133801	134133802	390	40	2	1	1	0.5	1	1	0.5	unphased	0.432666306111412	0.865332612222823	0.5
7	135095328	135095329	97	10	2	1	1	0.5	1	1	0.5	unphased	0.434688111280156	0.869376222560313	0.5
7	135307652	135307653	161	54	2	1	1	0.5	1	1	0.5	unphased	1.16819902650081	1.16819902650081	1
7	135406253	135406254	76	19	2	1	1	0.5	1	1	0.5	unphased	0.930232558139535	0.930232558139535	1
7	140221665	140221666	138	16	2	1	1	0.5	1	1	0.5	unphased	0.483237692540018	0.966475385080036	0.5
7	140223138	140223139	168	44	2	1	1	0.5	1	1	0.5	unphased	0.965335673541027	0.965335673541027	1
7	142139774	142139775	109	41	2	1	1	0.5	1	1	0.5	unphased	1.27131782945736	1.27131782945736	1
7	142162401	142162402	46	14	2	1	1	0.5	1	1	0.5	unphased	1.08527131782946	1.08527131782946	1
7	142223845	142223846	277	10	2	1	1	0.5	1	1	0.5	unphased	0.162061421278665	0.162061421278665	1
7	142326879	142326880	409	69	2	1	1	0.5	1	1	0.5	unphased	0.671402160163472	0.671402160163472	1
7	142448560	142448561	73	21	2	1	1	0.5	1	1	0.5	unphased	1.03908955962395	1.03908955962395	1
7	142459769	142459770	277	101	2	1	1	0.5	1	1	0.5	unphased	1.24277101021287	1.24277101021287	1
7	142499017	142499018	232	28	2	1	1	0.5	1	1	0.5	unphased	0.500894454382827	1.00178890876565	0.5
7	142575694	142575695	99	14	2	1	1	0.5	1	1	0.5	unphased	0.576250257254579	1.15250051450916	0.5
7	142622829	142622830	42	3	2	1	1	0.5	1	1	0.5	unphased	0.310077519379845	0.62015503875969	0.5
7	143027917	143027918	83	38	2	1	1	0.5	1	1	0.5	unphased	1.46069575245051	1.46069575245051	1
7	143036387	143036388	397	92	2	1	1	0.5	1	1	0.5	unphased	0.8750653921149	0.8750653921149	1
7	143632881	143632882	123	28	2	1	1	0.5	1	1	0.5	unphased	0.862467272447251	0.862467272447251	1
7	144150628	144150629	311	113	2	1	1	0.5	1	1	0.5	unphased	1.23957876261518	1.23957876261518	1
7	147869566	147869567	252	35	2	1	1	0.5	1	1	0.5	unphased	0.567214974475326	1.13442994895065	0.5
7	148876112	148876113	204	51	2	1	1	0.5	1	1	0.5	unphased	0.930232558139535	0.930232558139535	1
7	148947614	148947615	217	23	2	1	1	0.5	1	1	0.5	unphased	0.445736434108527	0.891472868217054	0.5
7	149153027	149153028	94	32	2	1	1	0.5	1	1	0.5	unphased	1.1812476928756	1.1812476928756	1
7	149519189	149519190	94	37	2	1	1	0.5	1	1	0.5	unphased	1.31368720042606	1.31368720042606	1
7	149523554	149523555	58	12	2	1	1	0.5	1	1	0.5	unphased	0.79734219269103	0.79734219269103	1
7	150217517	150217518	47	9	2	1	1	0.5	1	1	0.5	unphased	0.747508305647841	0.747508305647841	1
7	150647356	150647357	186	23	2	1	1	0.5	1	1	0.5	unphased	0.51185045065094	1.02370090130188	0.5
7	150648844	150648845	60	23	2	1	1	0.5	1	1	0.5	unphased	1.28887643597646	1.28887643597646	1
7	150846031	150846032	171	32	2	1	1	0.5	1	1	0.5	unphased	0.733188223164165	0.733188223164165	1
7	150873377	150873378	45	11	2	1	1	0.5	1	1	0.5	unphased	0.913621262458472	0.913621262458472	1
7	151891313	151891314	16	3	2	1	1	0.5	1	1	0.5	unphased	0.734394124847001	0.734394124847001	1
7	151932992	151932993	94	24	2	1	1	0.5	1	1	0.5	unphased	0.945999211667324	0.945999211667324	1
7	153584780	153584781	79	19	2	1	1	0.5	1	1	0.5	unphased	0.901756051257712	0.901756051257712	1
7	154585809	154585810	62	9	2	1	1	0.5	1	1	0.5	unphased	0.58958401572224	1.17916803144448	0.5
7	154585860	154585861	37	4	2	1	1	0.5	1	1	0.5	unphased	0.453771979580261	0.453771979580261	1
7	154585908	154585909	32	4	2	1	1	0.5	1	1	0.5	unphased	0.516795865633075	0.516795865633075	1
7	154862856	154862857	100	6	2	1	1	0.5	1	1	0.5	unphased	0.263273365511189	0.526546731022378	0.5
7	154862857	154862858	100	6	2	1	1	0.5	1	1	0.5	unphased	0.263273365511189	0.526546731022378	0.5
7	155538084	155538085	39	6	2	1	1	0.5	1	1	0.5	unphased	0.62015503875969	0.62015503875969	1
7	158468307	158468308	90	25	NA	NA	NA	NA	NA	NA	NA	unphased	NA	NA	1
7	158715088	158715089	117	9	NA	NA	NA	NA	NA	NA	NA	unphased	NA	NA	1
7	158715094	158715095	119	8	NA	NA	NA	NA	NA	NA	NA	unphased	NA	NA	1
8	1574942	1574943	15	5	2	1	1	0.12	1	1	0.88	unphased	1.16279069767442	1.16279069767442	1
8	2017480	2017481	51	16	2	1	1	0.12	1	1	0.88	unphased	1.11072544255467	1.11072544255467	1
8	2024227	2024228	21	5	2	1	1	0.12	1	1	0.88	unphased	0.894454382826476	0.894454382826476	1
8	2056584	2056585	102	20	2	1	1	0.12	1	1	0.88	unphased	0.762485703393061	0.762485703393061	1
8	3432575	3432576	37	9	2	1	1	0.12	1	1	0.88	unphased	0.910010111223458	0.910010111223458	1
8	4494937	4494938	153	24	2	1	1	0.12	1	1	0.88	unphased	0.630666141111549	0.716666069444942	0.88
8	8749295	8749296	151	30	2	1	1	0.12	1	1	0.88	unphased	0.770910959784145	0.770910959784145	1
8	10465091	10465092	273	66	2	1	1	0.12	1	1	0.88	unphased	0.90553611854291	0.90553611854291	1
8	16032707	16032708	91	18	2	1	1	0.12	1	1	0.88	unphased	0.768081928739066	0.768081928739066	1
8	16032809	16032810	37	8	2	1	1	0.12	1	1	0.88	unphased	0.82687338501292	0.82687338501292	1
8	17918901	17918902	93	13	2	1	1	0.12	1	1	0.88	unphased	0.570425625274243	0.64821093781164	0.88
8	18080315	18080316	38	4	2	1	1	0.12	1	1	0.88	unphased	0.44296788482835	0.503372596395852	0.88
8	20036724	20036725	92	15	2	1	1	0.12	1	1	0.88	unphased	0.652032166920235	0.740945644227539	0.88
8	21996182	21996183	58	12	2	1	1	0.12	1	1	0.88	unphased	0.79734219269103	0.79734219269103	1
8	22005822	22005823	40	5	2	1	1	0.12	1	1	0.88	unphased	0.516795865633075	0.516795865633075	1
8	22212880	22212881	108	17	2	1	1	0.12	1	1	0.88	unphased	0.632558139534884	0.718816067653277	0.88
8	24256407	24256408	77	8	2	1	1	0.12	1	1	0.88	unphased	0.437756497948016	0.437756497948016	1
8	25159839	25159840	55	9	2	1	1	0.12	1	1	0.88	unphased	0.654069767441861	0.654069767441861	1
8	27303404	27303405	120	24	2	1	1	0.12	1	1	0.88	unphased	0.775193798449612	0.775193798449612	1
8	28956655	28956656	177	55	2	1	1	0.12	1	1	0.88	unphased	1.10264635124298	1.10264635124298	1
8	29120524	29120525	32	5	2	1	1	0.12	1	1	0.88	unphased	0.628535512256443	0.628535512256443	1
8	30560721	30560722	99	21	2	1	1	0.12	1	1	0.88	unphased	0.813953488372093	0.813953488372093	1
8	30701765	30701766	97	16	2	1	1	0.12	1	1	0.88	unphased	0.658571722576662	0.748376957473479	0.88
8	30703551	30703552	92	15	2	1	1	0.12	1	1	0.88	unphased	0.652032166920235	0.740945644227539	0.88
8	35544205	35544206	10	5	2	1	1	0.12	1	1	0.88	unphased	1.55038759689922	1.55038759689922	1
8	36766935	36766936	232	60	2	1	1	0.12	1	1	0.88	unphased	0.955718381650207	0.955718381650207	1
8	38091959	38091960	217	79	2	1	1	0.12	1	1	0.88	unphased	1.24135763670647	1.24135763670647	1
8	38258378	38258379	235	40	2	1	1	0.12	1	1	0.88	unphased	0.676532769556025	0.768787238131847	0.88
8	38677233	38677234	149	30	2	1	1	0.12	1	1	0.88	unphased	0.779524490061063	0.779524490061063	1
8	39486943	39486944	56	10	2	1	1	0.12	1	1	0.88	unphased	0.704721634954193	0.704721634954193	1
8	41530216	41530217	119	19	2	1	1	0.12	1	1	0.88	unphased	0.640377485675767	0.727701688267917	0.88
8	41655051	41655052	58	13	2	1	1	0.12	1	1	0.88	unphased	0.851621356043236	0.851621356043236	1
8	51306792	51306793	38	5	2	1	1	0.12	1	1	0.88	unphased	0.540832882639264	0.540832882639264	1
8	51314890	51314891	148	13	2	1	1	0.12	1	1	0.88	unphased	0.375559728441427	0.375559728441427	1
8	51664665	51664666	54	11	2	1	1	0.12	1	1	0.88	unphased	0.787119856887299	0.787119856887299	1
8	52258426	52258427	47	12	2	1	1	0.12	1	1	0.88	unphased	0.945999211667324	0.945999211667324	1
8	52320933	52320934	56	7	2	1	1	0.12	1	1	0.88	unphased	0.516795865633075	0.587268029128494	0.88
8	52773422	52773423	52	9	2	1	1	0.12	1	1	0.88	unphased	0.686237133053755	0.686237133053755	1
8	53028943	53028944	67	11	2	1	1	0.12	1	1	0.88	unphased	0.655933214072749	0.655933214072749	1
8	67971597	67971598	211	30	2	1	1	1	NA	NA	NA	unphased	0.57898292000386	0.57898292000386	1
8	68989668	68989669	137	14	2	1	1	1	NA	NA	NA	unphased	0.431233636223625	0.431233636223625	1
8	70667788	70667789	27	5	2	1	1	1	NA	NA	NA	unphased	0.726744186046512	0.726744186046512	1
8	77766875	77766876	54	19	2	1	1	1	NA	NA	NA	unphased	1.21057661675693	1.21057661675693	1
8	85686826	85686827	10	3	2	1	1	1	NA	NA	NA	unphased	1.07334525939177	1.07334525939177	1
8	87076729	87076730	156	20	3	2	1	1	NA	NA	NA	unphased	0.642177589852008	0.642177589852008	1
8	87683232	87683233	486	16	3	2	1	1	NA	NA	NA	unphased	0.180116742332994	0.180116742332994	1
8	87917311	87917312	17	3	3	2	1	1	NA	NA	NA	unphased	0.847674418604651	0.847674418604651	1
8	87951935	87951936	22	6	3	2	1	1	NA	NA	NA	unphased	1.2109634551495	1.2109634551495	1
8	90798838	90798839	94	14	3	2	1	1	NA	NA	NA	unphased	0.732558139534884	0.732558139534884	1
8	93023239	93023240	147	17	3	2	1	1	NA	NA	NA	unphased	0.585791264889393	0.585791264889393	1
8	94748438	94748439	133	19	3	2	1	1	NA	NA	NA	unphased	0.706395348837209	0.706395348837209	1
8	95178026	95178027	126	56	3	2	1	1	NA	NA	NA	unphased	1.73881932021467	0.869409660107335	2
8	97316403	97316404	202	22	3	2	1	1	NA	NA	NA	unphased	0.555024916943522	0.555024916943522	1
8	97316404	97316405	199	22	3	2	1	1	NA	NA	NA	unphased	0.562559191834158	0.562559191834158	1
8	99440677	99440678	59	7	3	2	1	1	NA	NA	NA	unphased	0.599365750528541	0.599365750528541	1
8	101051211	101051212	80	12	3	2	1	1	NA	NA	NA	unphased	0.737108190091001	0.737108190091001	1
8	104240275	104240276	51	13	3	2	1	1	NA	NA	NA	unphased	1.14789244186047	1.14789244186047	1
8	104928672	104928673	66	7	3	2	1	1	NA	NA	NA	unphased	0.541892322395667	0.541892322395667	1
8	105509550	105509551	104	11	3	2	1	1	NA	NA	NA	unphased	0.540546006066734	0.540546006066734	1
8	110131275	110131276	307	39	3	2	1	1	NA	NA	NA	unphased	0.636980776986154	0.636980776986154	1
8	110477104	110477105	47	15	3	2	1	1	NA	NA	NA	unphased	1.36721680420105	1.36721680420105	1
8	110477105	110477106	49	15	3	2	1	1	NA	NA	NA	unphased	1.32449127906977	1.32449127906977	1
8	113871423	113871424	175	10	3	2	1	1	NA	NA	NA	unphased	0.305468258956631	0.305468258956631	1
8	120580445	120580446	210	31	3	2	1	1	NA	NA	NA	unphased	0.726913056064846	0.726913056064846	1
8	120807827	120807828	84	6	3	2	1	1	NA	NA	NA	unphased	0.376744186046512	0.376744186046512	1
8	121224769	121224770	103	15	3	2	1	1	NA	NA	NA	unphased	0.718368151359874	0.718368151359874	1
8	124054341	124054342	73	9	3	2	1	1	NA	NA	NA	unphased	0.620249574588769	0.620249574588769	1
8	124664145	124664146	98	16	3	2	1	1	NA	NA	NA	unphased	0.793145654834761	0.793145654834761	1
8	124797353	124797354	223	11	3	2	1	1	NA	NA	NA	unphased	0.265652951699463	0.265652951699463	1
8	124799927	124799928	51	14	3	2	1	1	NA	NA	NA	unphased	1.21717352415027	1.21717352415027	1
8	125076753	125076754	108	12	3	2	1	1	NA	NA	NA	unphased	0.565116279069768	0.565116279069768	1
8	125113574	125113575	82	5	3	2	1	1	NA	NA	NA	unphased	0.324779470729751	0.324779470729751	1
8	125988849	125988850	123	13	3	2	1	1	NA	NA	NA	unphased	0.540184678522572	0.540184678522572	1
8	133053398	133053399	108	6	3	2	1	1	NA	NA	NA	unphased	0.297429620563036	0.297429620563036	1
8	133764148	133764149	131	18	3	2	1	1	NA	NA	NA	unphased	0.68269080692992	0.68269080692992	1
8	133764149	133764150	129	17	3	2	1	1	NA	NA	NA	unphased	0.658012105766168	0.658012105766168	1
8	134108550	134108551	276	56	3	2	1	1	NA	NA	NA	unphased	0.953208181563463	0.953208181563463	1
8	136561089	136561090	41	6	3	2	1	1	NA	NA	NA	unphased	0.721425037110341	0.721425037110341	1
8	139609206	139609207	199	24	3	2	1	1	NA	NA	NA	unphased	0.608196892272396	0.608196892272396	1
8	139728490	139728491	12	4	3	2	1	1	NA	NA	NA	unphased	1.41279069767442	1.41279069767442	1
8	139737663	139737664	120	18	3	2	1	1	NA	NA	NA	unphased	0.737108190091001	0.737108190091001	1
8	141567221	141567222	261	42	3	2	1	1	NA	NA	NA	unphased	0.783329495740272	0.783329495740272	1
8	143395756	143395757	42	14	3	2	1	1	NA	NA	NA	unphased	1.41279069767442	1.41279069767442	1
8	143395757	143395758	43	14	3	2	1	1	NA	NA	NA	unphased	1.38800489596083	1.38800489596083	1
8	143833907	143833908	37	14	3	2	1	1	NA	NA	NA	unphased	1.55129958960328	1.55129958960328	1
8	144620309	144620310	125	12	3	2	1	1	NA	NA	NA	unphased	0.494992361228993	0.494992361228993	1
8	144809039	144809040	32	3	3	2	1	1	NA	NA	NA	unphased	0.484385382059801	0.484385382059801	1
8	145003676	145003677	59	8	3	2	1	1	NA	NA	NA	unphased	0.674765706351961	0.674765706351961	1
8	145557219	145557220	43	24	NA	NA	NA	NA	NA	NA	NA	unphased	NA	NA	1
8	146279588	146279589	82	21	NA	NA	NA	NA	NA	NA	NA	unphased	NA	NA	1
8	146279589	146279590	85	20	NA	NA	NA	NA	NA	NA	NA	unphased	NA	NA	1
9	5968568	5968569	55	23	1.04	1	1	0.04	0	1	0.96	unphased	1.08841979725701	1.08841979725701	1
9	8331617	8331618	136	14	1.04	1	1	0.04	0	1	0.96	unphased	0.344508527131783	0.344508527131783	1
9	8389343	8389344	108	28	1.04	1	1	0.04	0	1	0.96	unphased	0.759945280437757	0.759945280437757	1
9	15721845	15721846	126	34	1.04	1	1	0.04	0	1	0.96	unphased	0.784372093023256	0.784372093023256	1
9	16436329	16436330	97	16	1.04	1	1	0.04	0	1	0.96	unphased	0.522642519036839	0.522642519036839	1
9	17135214	17135215	17	10	1.04	1	1	0.04	0	1	0.96	unphased	1.36709732988803	1.36709732988803	1
9	17395055	17395056	73	17	1.04	1	1	0.04	0	1	0.96	unphased	0.697219638242894	0.697219638242894	1
9	18829949	18829950	16	3	1.04	1	1	0.04	0	1	0.96	unphased	0.58281517747858	0.58281517747858	1
9	22451453	22451454	41	4	1.04	1	1	0.04	0	1	0.96	unphased	0.328103359173127	0.328103359173127	1
9	27950379	27950380	205	48	1.04	1	1	0.04	0	1	0.96	unphased	0.700299659895211	0.700299659895211	1
9	35547327	35547328	69	10	1.04	1	1	0.04	0	1	0.96	unphased	0.467235796290845	0.467235796290845	1
9	35870057	35870058	62	13	1.04	1	1	0.04	0	1	0.96	unphased	0.639801550387597	0.639801550387597	1
9	36170262	36170263	38	6	1.04	1	1	0.04	0	1	0.96	unphased	0.503340380549683	0.503340380549683	1
9	65506633	65506634	32	12	1.04	1	1	0.04	0	1	0.96	unphased	1.00668076109937	1.00668076109937	1
9	72131965	72131966	13	3	1.04	1	1	0.04	0	1	0.96	unphased	0.692093023255814	0.692093023255814	1
9	72131966	72131967	13	3	1.04	1	1	0.04	0	1	0.96	unphased	0.692093023255814	0.692093023255814	1
9	72520884	72520885	77	9	1.04	1	1	0.04	0	1	0.96	unphased	0.386284478096268	0.386284478096268	1
9	74764568	74764569	29	5	1.04	1	1	0.04	0	1	0.96	unphased	0.54281805745554	0.54281805745554	1
9	77354698	77354699	189	26	1.04	1	1	0.04	0	1	0.96	unphased	0.446373174689021	0.446373174689021	1
9	79118406	79118407	116	15	1.04	1	1	0.04	0	1	0.96	unphased	0.422652227942482	0.422652227942482	1
9	84607510	84607511	43	12	1.04	1	1	0.04	0	1	0.96	unphased	0.805344608879493	0.805344608879493	1
9	90497973	90497974	31	7	1.04	1	1	0.04	0	1	0.96	unphased	0.679951040391677	0.679951040391677	1
9	95993279	95993280	130	48	1.04	1	1	0.04	0	1	0.96	unphased	0.995369741311733	0.995369741311733	1
9	96070745	96070746	34	4	1.04	1	1	0.04	0	1	0.96	unphased	0.388543451652387	0.388543451652387	1
9	96408011	96408012	117	16	1.04	1	1	0.04	0	1	0.96	unphased	0.444049659031299	0.444049659031299	1
9	96408012	96408013	114	16	1.04	1	1	0.04	0	1	0.96	unphased	0.454296958855099	0.454296958855099	1
9	96428302	96428303	127	17	1.04	1	1	0.04	0	1	0.96	unphased	0.435762273901809	0.435762273901809	1
9	97062948	97062949	40	9	1.04	1	1	0.04	0	1	0.96	unphased	0.67796867584243	0.67796867584243	1
9	98229583	98229584	162	15	1.04	1	1	0.04	0	1	0.96	unphased	0.312810405991328	0.312810405991328	1
9	99694203	99694204	46	13	1.04	1	1	0.04	0	1	0.96	unphased	0.813307055577454	0.813307055577454	1
9	100616404	100616405	17	4	1.04	1	1	0.04	0	1	0.96	unphased	0.703078626799557	0.703078626799557	1
9	101546370	101546371	88	10	1.04	1	1	0.04	0	1	0.96	unphased	0.376649264356906	0.376649264356906	1
9	101825333	101825334	74	7	1.04	1	1	0.04	0	1	0.96	unphased	0.318989376973873	0.318989376973873	1
9	102861091	102861092	120	19	1.04	1	1	0.04	0	1	0.96	unphased	0.504547431821984	0.504547431821984	1
9	104160868	104160869	109	34	1.04	1	1	0.04	0	1	0.96	unphased	0.877619125060986	0.877619125060986	1
9	107380296	107380297	86	12	1.04	1	1	0.04	0	1	0.96	unphased	0.451979117228287	0.451979117228287	1
9	111625397	111625398	53	9	1.04	1	1	0.04	0	1	0.96	unphased	0.535813953488372	0.535813953488372	1
9	112705440	112705441	77	10	1.04	1	1	0.04	0	1	0.96	unphased	0.424271585137664	0.424271585137664	1
9	113173940	113173941	14	5	1.04	1	1	0.04	0	1	0.96	unphased	0.971358629130967	0.971358629130967	1
9	114289934	114289935	77	10	1.04	1	1	0.04	0	1	0.96	unphased	0.424271585137664	0.424271585137664	1
9	116930158	116930159	178	27	1.04	1	1	0.04	0	1	0.96	unphased	0.486153148043108	0.486153148043108	1
9	116930379	116930380	44	3	1.04	1	1	0.04	0	1	0.96	unphased	0.235606135576447	0.235606135576447	1
9	120466806	120466807	54	15	1.04	1	1	0.04	0	1	0.96	unphased	0.802426693629929	0.802426693629929	1
9	123215987	123215988	151	27	1.04	1	1	0.04	0	1	0.96	unphased	0.55989547948785	0.55989547948785	1
9	123667291	123667292	15	3	1.04	1	1	0.04	0	1	0.96	unphased	0.615193798449612	0.615193798449612	1
9	124094767	124094768	114	23	1.04	1	1	0.04	0	1	0.96	unphased	0.619684264131726	0.619684264131726	1
9	124906528	124906529	50	8	1.04	1	1	0.04	0	1	0.96	unphased	0.509125902165196	0.509125902165196	1
9	124962246	124962247	49	10	1.04	1	1	0.04	0	1	0.96	unphased	0.625620811982657	0.625620811982657	1
9	124988656	124988657	62	7	1.04	1	1	0.04	0	1	0.96	unphased	0.374465790360634	0.374465790360634	1
9	125240058	125240059	216	43	1.04	1	1	0.04	0	1	0.96	unphased	0.612818532818533	0.612818532818533	1
9	126777629	126777630	36	4	1.04	1	1	0.04	0	1	0.96	unphased	0.369116279069768	0.369116279069768	1
9	130075788	130075789	111	34	1.04	1	1	0.04	0	1	0.96	unphased	0.865514033680834	0.865514033680834	1
9	131117962	131117963	93	9	1.04	1	1	0.04	0	1	0.96	unphased	0.325690834473324	0.325690834473324	1
9	131347025	131347026	98	14	1.04	1	1	0.04	0	1	0.96	unphased	0.461395348837209	0.461395348837209	1
9	131721171	131721172	36	4	1.04	1	1	0.04	0	1	0.96	unphased	0.369116279069768	0.369116279069768	1
9	132483044	132483045	59	14	1.04	1	1	0.04	0	1	0.96	unphased	0.707894233832431	0.707894233832431	1
9	133960986	133960987	81	10	1.04	1	1	0.04	0	1	0.96	unphased	0.405622284692052	0.405622284692052	1
9	134025773	134025774	94	19	1.04	1	1	0.04	0	1	0.96	unphased	0.620637991356246	0.620637991356246	1
9	135147097	135147098	184	49	1.04	1	1	0.04	0	1	0.96	unphased	0.77625311907376	0.77625311907376	1
9	135554778	135554779	168	29	1.04	1	1	0.04	0	1	0.96	unphased	0.54336914177783	0.54336914177783	1
9	136200574	136200575	58	12	1.04	1	1	0.04	0	1	0.96	unphased	0.632770764119601	0.632770764119601	1
9	136253250	136253251	75	11	1.04	1	1	0.04	0	1	0.96	unphased	0.472125473228772	0.472125473228772	1
9	136501518	136501519	98	23	1.04	1	1	0.04	0	1	0.96	unphased	0.701625985008649	0.701625985008649	1
9	138651659	138651660	69	7	1.04	1	1	0.04	0	1	0.96	unphased	0.339975520195838	0.339975520195838	1
9	138660718	138660719	75	13	1.04	1	1	0.04	0	1	0.96	unphased	0.545285412262157	0.545285412262157	1
9	138660719	138660720	76	13	1.04	1	1	0.04	0	1	0.96	unphased	0.539158609877188	0.539158609877188	1
9	138830160	138830161	45	15	1.04	1	1	0.04	0	1	0.96	unphased	0.922790697674419	0.922790697674419	1
9	139266351	139266352	450	114	1.04	1	1	0.04	0	1	0.96	unphased	0.746086095992083	0.746086095992083	1
9	139371507	139371508	163	35	1.04	1	1	0.04	0	1	0.96	unphased	0.652478271082922	0.652478271082922	1
9	140708893	140708894	149	26	1.04	1	1	0.04	0	1	0.96	unphased	0.548401328903655	0.548401328903655	1
9	141010080	141010081	104	15	NA	NA	NA	NA	NA	NA	NA	unphased	NA	NA	1
X	1755422	1755423	279	51	NA	NA	NA	NA	NA	NA	NA	unphased	NA	NA	1
X	2161186	2161187	60	7	NA	NA	NA	NA	NA	NA	NA	unphased	NA	NA	1
X	3238889	3238890	51	33	NA	NA	NA	NA	NA	NA	NA	unphased	NA	NA	1
X	3241626	3241627	14	13	NA	NA	NA	NA	NA	NA	NA	unphased	NA	NA	1
X	3544473	3544474	17	8	NA	NA	NA	NA	NA	NA	NA	unphased	NA	NA	1
X	10535314	10535315	89	60	NA	NA	NA	NA	NA	NA	NA	unphased	NA	NA	1
X	11312894	11312895	68	21	NA	NA	NA	NA	NA	NA	NA	unphased	NA	NA	1
X	17819709	17819710	62	26	NA	NA	NA	NA	NA	NA	NA	unphased	NA	NA	1
X	19002049	19002050	37	4	NA	NA	NA	NA	NA	NA	NA	unphased	NA	NA	1
X	22065310	22065311	50	25	NA	NA	NA	NA	NA	NA	NA	unphased	NA	NA	1
X	37027959	37027960	78	38	NA	NA	NA	NA	NA	NA	NA	unphased	NA	NA	1
X	37655390	37655391	49	13	NA	NA	NA	NA	NA	NA	NA	unphased	NA	NA	1
X	37663303	37663304	57	17	NA	NA	NA	NA	NA	NA	NA	unphased	NA	NA	1
X	37969614	37969615	49	25	NA	NA	NA	NA	NA	NA	NA	unphased	NA	NA	1
X	44949025	44949026	15	10	NA	NA	NA	NA	NA	NA	NA	unphased	NA	NA	1
X	47062072	47062073	21	15	NA	NA	NA	NA	NA	NA	NA	unphased	NA	NA	1
X	50053079	50053080	13	8	NA	NA	NA	NA	NA	NA	NA	unphased	NA	NA	1
X	50053080	50053081	13	8	NA	NA	NA	NA	NA	NA	NA	unphased	NA	NA	1
X	53560974	53560975	44	18	NA	NA	NA	NA	NA	NA	NA	unphased	NA	NA	1
X	53644370	53644371	9	7	NA	NA	NA	NA	NA	NA	NA	unphased	NA	NA	1
X	63406009	63406010	34	19	NA	NA	NA	NA	NA	NA	NA	unphased	NA	NA	1
X	68383137	68383138	12	5	NA	NA	NA	NA	NA	NA	NA	unphased	NA	NA	1
X	73065131	73065132	67	36	NA	NA	NA	NA	NA	NA	NA	unphased	NA	NA	1
X	76907719	76907720	105	36	NA	NA	NA	NA	NA	NA	NA	unphased	NA	NA	1
X	79698949	79698950	50	20	NA	NA	NA	NA	NA	NA	NA	unphased	NA	NA	1
X	83581203	83581204	70	5	NA	NA	NA	NA	NA	NA	NA	unphased	NA	NA	1
X	84363343	84363344	48	40	NA	NA	NA	NA	NA	NA	NA	unphased	NA	NA	1
X	86880702	86880703	31	19	NA	NA	NA	NA	NA	NA	NA	unphased	NA	NA	1
X	91090886	91090887	13	14	NA	NA	NA	NA	NA	NA	NA	unphased	NA	NA	1
X	91132640	91132641	72	19	NA	NA	NA	NA	NA	NA	NA	unphased	NA	NA	1
X	91137955	91137956	12	15	NA	NA	NA	NA	NA	NA	NA	unphased	NA	NA	1
X	99956952	99956953	15	7	NA	NA	NA	NA	NA	NA	NA	unphased	NA	NA	1
X	100911241	100911242	34	25	NA	NA	NA	NA	NA	NA	NA	unphased	NA	NA	1
X	101912303	101912304	42	9	NA	NA	NA	NA	NA	NA	NA	unphased	NA	NA	1
X	102528918	102528919	52	27	NA	NA	NA	NA	NA	NA	NA	unphased	NA	NA	1
X	103045558	103045559	40	16	NA	NA	NA	NA	NA	NA	NA	unphased	NA	NA	1
X	117959821	117959822	38	15	NA	NA	NA	NA	NA	NA	NA	unphased	NA	NA	1
X	125686014	125686015	22	10	NA	NA	NA	NA	NA	NA	NA	unphased	NA	NA	1
X	125686108	125686109	71	5	NA	NA	NA	NA	NA	NA	NA	unphased	NA	NA	1
X	127185588	127185589	66	23	NA	NA	NA	NA	NA	NA	NA	unphased	NA	NA	1
X	129053161	129053162	70	26	NA	NA	NA	NA	NA	NA	NA	unphased	NA	NA	1
X	132351528	132351529	106	63	NA	NA	NA	NA	NA	NA	NA	unphased	NA	NA	1
X	134421211	134421212	46	19	NA	NA	NA	NA	NA	NA	NA	unphased	NA	NA	1
X	136649485	136649486	37	9	NA	NA	NA	NA	NA	NA	NA	unphased	NA	NA	1
X	140336541	140336542	137	52	NA	NA	NA	NA	NA	NA	NA	unphased	NA	NA	1
X	146318474	146318475	13	6	NA	NA	NA	NA	NA	NA	NA	unphased	NA	NA	1
X	151996337	151996338	14	8	NA	NA	NA	NA	NA	NA	NA	unphased	NA	NA	1
X	152018832	152018833	116	62	NA	NA	NA	NA	NA	NA	NA	unphased	NA	NA	1
X	152036207	152036208	33	11	NA	NA	NA	NA	NA	NA	NA	unphased	NA	NA	1
X	153035270	153035271	11	6	NA	NA	NA	NA	NA	NA	NA	unphased	NA	NA	1
X	153678569	153678570	84	35	NA	NA	NA	NA	NA	NA	NA	unphased	NA	NA	1
X	153688973	153688974	72	53	NA	NA	NA	NA	NA	NA	NA	unphased	NA	NA	1
X	153941576	153941577	79	27	NA	NA	NA	NA	NA	NA	NA	unphased	NA	NA	1
Y	4966381	4966382	80	55	NA	NA	NA	NA	NA	NA	NA	unphased	NA	NA	1
