chr	pos
1	891361
1	892595
1	1233792
1	1334537
1	1416264
1	1588901
1	1634968
1	1654161
1	1920371
1	1956382
1	2415979
1	2488119
1	2523037
1	3328498
1	3342229
1	3545337
1	3701710
1	3746507
1	3765182
1	5924557
1	6147554
1	6170489
1	6257713
1	6293654
1	6488439
1	6638793
1	6697387
1	6885198
1	7724937
1	7798336
1	7886575
1	7890144
1	7907781
1	7993307
1	7998365
1	8399751
1	8557479
1	9323983
1	9714283
1	9714616
1	9778942
1	10032143
1	10161233
1	10205065
1	10402128
1	10425623
1	10436636
1	10490613
1	10509994
1	10714537
1	11169375
1	11313928
1	11317122
1	11562051
1	11562865
1	11584048
1	11715946
1	11861298
1	11918959
1	12064093
1	12711311
1	12820926
1	12835950
1	12854476
1	12908200
1	12920113
1	12939574
1	12954493
1	13036625
1	13717065
1	14106823
1	14108140
1	14108531
1	15392369
1	15578288
1	15578370
1	15627898
1	15701109
1	15772173
1	15844781
1	15863152
1	15905457
1	16254623
1	16257322
1	16261486
1	16354380
1	16372082
1	16534579
1	16577461
1	16770193
1	16918670
1	17084132
1	17084270
1	17281813
1	17395725
1	17566247
1	17682899
1	17690174
1	18149705
1	18618402
1	18962743
1	19223618
1	19510611
1	19518683
1	19559253
1	19571414
1	20067422
1	20234302
1	20517824
1	20680676
1	20975574
1	20977076
1	21009301
1	21106377
1	21188764
1	21205995
1	21296080
1	21546454
1	21551890
1	21928224
1	22032230
1	22078089
1	22207303
1	22216636
1	22405198
1	22412939
1	22446886
1	22832590
1	22919851
1	22924314
1	22925489
1	22965562
1	23406096
1	23417828
1	23419111
1	23520425
1	23636879
1	23707799
1	23720419
1	23758216
1	24075515
1	24086086
1	24128800
1	24172332
1	24388446
1	24389663
1	24447508
1	24486060
1	24857725
1	24995707
1	25627476
1	25785230
1	25812189
1	26138247
1	26139207
1	26358896
1	26497218
1	26508390
1	26607301
1	26664037
1	26664854
1	26691475
1	26786593
1	26800601
1	27092752
1	27105527
1	27105679
1	27180378
1	27332961
1	27440746
1	27631648
1	27657274
1	27677133
1	27941955
1	28212494
1	28564487
1	28800594
1	29189274
1	29189318
1	29314380
1	29475416
1	29476636
1	29638248
1	31210514
1	31215370
1	32163669
1	32193133
1	32201099
1	32204532
1	32256606
1	32256690
1	32498920
1	32768318
1	33134712
1	33147484
1	33252604
1	33291759
1	33292123
1	33354552
1	33549493
1	33585805
1	33778460
1	33799730
1	33838014
1	33960991
1	33960999
1	34015859
1	34033349
1	34070949
1	34112357
1	34175014
1	34204922
1	34276442
1	34643359
1	34643432
1	34684454
1	35223084
1	35227059
1	35250612
1	35320903
1	35333186
1	35476603
1	35656995
1	35852603
1	35925968
1	35932241
1	36023726
1	36060209
1	36230882
1	36291652
1	36439003
1	36769757
1	36921490
1	36927691
1	36933802
1	36934791
1	37315979
1	37967542
1	38230678
1	38272971
1	38305664
1	38444717
1	39340512
1	39377088
1	39384828
1	39494585
1	39759288
1	39776600
1	39781299
1	39788286
1	39797351
1	39799007
1	39800941
1	39801886
1	39823377
1	39853232
1	39877677
1	39893907
1	39924046
1	40092513
1	40095920
1	40124965
1	40229283
1	40431188
1	40531914
1	40668269
1	40701728
1	40704423
1	40928264
1	40928636
1	40961342
1	40961575
1	41098738
1	41457481
1	41976072
1	41990470
1	42045804
1	42047584
1	42048076
1	42050292
1	42050349
1	42647693
1	43032078
1	43042696
1	43650971
1	43890482
1	43896402
1	43911637
1	43919158
1	44019259
1	44156616
1	44458225
1	44475731
1	44684034
1	44818534
1	45088413
1	45120404
1	45120782
1	45220446
1	45226020
1	45270018
1	45392331
1	45469790
1	45480356
1	45485813
1	45810676
1	45980634
1	46093794
1	46099970
1	46193353
1	46195400
1	46206708
1	46498307
1	46640848
1	46654953
1	46663532
1	46724371
1	46976618
1	47101579
1	47152468
1	47505191
1	47505193
1	47515870
1	47583547
1	47606581
1	47610365
1	47717410
1	47728593
1	47746413
1	47767944
1	48694678
1	48694826
1	48865184
1	48918771
1	48999769
1	49056607
1	49202044
1	49227047
1	50317105
1	50569651
1	50572035
1	50574803
1	51121193
1	51435995
1	52179732
1	52275032
1	52399099
1	52703442
1	52703801
1	52704200
1	52823538
1	52891167
1	52927392
1	52930806
1	52933862
1	52941151
1	52981592
1	53236766
1	53279586
1	53287176
1	53320281
1	53443986
1	53493643
1	53555607
1	53680140
1	54284727
1	54681930
1	54683871
1	54870558
1	55075358
1	55148456
1	55175854
1	55563710
1	56962127
1	57185107
1	57189315
1	57372354
1	57372448
1	57431606
1	57481088
1	57602270
1	58971865
1	58999994
1	59158571
1	59165730
1	60073532
1	60503756
1	60505699
1	62330183
1	62455891
1	62676588
1	62676630
1	62676790
1	62737352
1	62910658
1	62910663
1	62962045
1	63063483
1	63069785
1	63270903
1	63282317
1	63284765
1	63862226
1	63991311
1	63997509
1	63997643
1	64095098
1	65270786
1	65351968
1	65691745
1	65831572
1	65851417
1	65855267
1	66102783
1	66833737
1	66838004
1	67000051
1	67194969
1	67243237
1	67303292
1	67337180
1	67558934
1	67796448
1	67816586
1	67878706
1	67895755
1	68592013
1	68912507
1	68915643
1	70291506
1	70484449
1	70504345
1	70587596
1	70639322
1	70899534
1	71477935
1	71534967
1	71544350
1	74492646
1	74507362
1	74716373
1	75038981
1	75107025
1	75171970
1	75606709
1	75609017
1	75622730
1	75680309
1	75684965
1	76288153
1	76343991
1	76345754
1	76349314
1	76349420
1	76354969
1	77763399
1	77987619
1	78098928
1	78177348
1	78194081
1	78205036
1	78395036
1	78401688
1	78428511
1	78601341
1	78963588
1	79129659
1	79392743
1	79403923
1	82402422
1	82409144
1	84647974
1	85018842
1	85127967
1	85279658
1	85331573
1	85403521
1	85412741
1	85506861
1	85537623
1	85548022
1	85560217
1	85570238
1	85598810
1	85656323
1	85733208
1	85733523
1	85736523
1	86591507
1	86622219
1	86820279
1	86894221
1	86898057
1	86919077
1	87025752
1	87031063
1	87046114
1	87108348
1	87329184
1	87570261
1	89237133
1	89414861
1	89448722
1	89449487
1	89479028
1	89479849
1	89518947
1	89573945
1	89578240
1	89582745
1	89607326
1	89616080
1	89652779
1	89657130
1	89662913
1	89729564
1	89732097
1	89732222
1	89735358
1	89846106
1	89848275
1	90048484
1	90179049
1	90179116
1	91182393
1	91382279
1	91404020
1	91405467
1	91406039
1	91859927
1	92181886
1	92200375
1	92442717
1	92442825
1	92446511
1	92459798
1	92518203
1	92613245
1	92707814
1	92852791
1	93142741
1	93341862
1	93676480
1	94335350
1	94471025
1	94487219
1	94505630
1	94544179
1	94564462
1	94568673
1	94972193
1	95367329
1	95448539
1	97564116
1	97847958
1	98348822
1	98511713
1	99418872
1	100154363
1	100154996
1	100379225
1	100472651
1	100553791
1	100576003
1	100614718
1	100620719
1	100626119
1	100661641
1	100731804
1	101339742
1	101339886
1	101705418
1	103343562
1	103491481
1	103544279
1	103548440
1	103573706
1	104166536
1	104297124
1	107866982
1	108993210
1	109143230
1	109242491
1	109358837
1	109369896
1	109472204
1	109742791
1	110030326
1	110034329
1	110038935
1	110086413
1	110155565
1	110255255
1	110293381
1	110709727
1	110714772
1	110754265
1	110775322
1	110883361
1	110906469
1	110993855
1	111059859
1	111061363
1	111147159
1	111216299
1	111216880
1	111216985
1	111441934
1	111442007
1	111490577
1	111490669
1	111778294
1	111824404
1	111853042
1	111857181
1	112029217
1	112031459
1	112269689
1	112323347
1	112524471
1	112998576
1	112998792
1	113189829
1	113240701
1	114128108
1	114223941
1	114226563
1	114253066
1	114256126
1	114280744
1	114381163
1	114437878
1	114439044
1	114483216
1	114523281
1	114524201
1	114942100
1	115137122
1	115166230
1	115168119
1	115220137
1	115453042
1	115468947
1	115487065
1	116275561
1	116609901
1	116926731
1	116944185
1	117086943
1	117087140
1	117307133
1	117552812
1	117603091
1	117617783
1	118439543
1	118496162
1	118516064
1	118537134
1	118574425
1	118584558
1	118598466
1	119427675
1	119427953
1	119456803
1	120306873
1	120307056
1	120906372
1	120927286
1	120930168
1	144815996
1	144857691
1	144868113
1	144915551
1	144916668
1	144917636
1	144952088
1	144952189
1	145115990
1	145368509
1	145440082
1	145557101
1	145704266
1	146055420
1	146408121
1	147380410
1	148004558
1	149760153
1	149858002
1	149884792
1	149884936
1	149897810
1	149902548
1	149905806
1	149943175
1	150192834
1	150204195
1	150238434
1	150316693
1	150413430
1	150470192
1	150479529
1	150483600
1	150599755
1	150722617
1	150727607
1	150769331
1	150776717
1	150778367
1	150900270
1	151009950
1	151010087
1	151079528
1	151079665
1	151109021
1	151143489
1	151259633
1	151337135
1	151508113
1	151552190
1	151688415
1	151694607
1	151774916
1	151820272
1	151824845
1	151825987
1	152057964
1	152059249
1	152059927
1	152081139
1	152081752
1	152127028
1	152187715
1	152188423
1	152276213
1	152278396
1	152280546
1	152281669
1	152284474
1	152286895
1	152326231
1	152326722
1	152328945
1	152732378
1	152732617
1	152777511
1	152883759
1	152976026
1	153066018
1	153233416
1	153279722
1	153346436
1	153409644
1	153410783
1	153587807
1	153604047
1	153609060
1	153615628
1	153617821
1	153632023
1	153633680
1	153661707
1	153991440
1	154000006
1	154101760
1	154112327
1	154113926
1	154131522
1	154293619
1	154317606
1	154318296
1	154456425
1	154698430
1	154918103
1	154920792
1	154924298
1	155005583
1	155018860
1	155029749
1	155031240
1	155106611
1	155141923
1	155144870
1	155150701
1	155166926
1	155207336
1	155228624
1	155258282
1	155288068
1	155291968
1	155307459
1	155340768
1	155451200
1	155451260
1	155452138
1	155630572
1	155630952
1	155708096
1	155735028
1	155884080
1	155932766
1	155932863
1	156106031
1	156107640
1	156146688
1	156235862
1	156244470
1	156261321
1	156386644
1	156510675
1	156618580
1	156622108
1	156641994
1	156642895
1	156812025
1	156912497
1	157062520
1	157103875
1	157512918
1	157548612
1	157567757
1	157648407
1	157666868
1	157667238
1	157739822
1	158064535
1	158064536
1	158064898
1	158224350
1	158260923
1	158261173
1	158262456
1	158325257
1	158435561
1	158450236
1	158517158
1	158517683
1	158532543
1	158587332
1	158590146
1	158607881
1	158607954
1	158615057
1	158617352
1	158632602
1	158636234
1	158670383
1	158686965
1	158724777
1	158747103
1	158812154
1	158908891
1	158912067
1	158985683
1	159024772
1	159033323
1	159277567
1	159283652
1	159284366
1	159410479
1	159505726
1	159505767
1	159557627
1	159558033
1	159558332
1	159558431
1	159683729
1	159683896
1	159779355
1	159785620
1	159796659
1	159842948
1	159906609
1	160012315
1	160097551
1	160098815
1	160105036
1	160121787
1	160160434
1	160169663
1	160206928
1	160213774
1	160267364
1	160269028
1	160341033
1	160466182
1	160580421
1	160616906
1	160719708
1	160769724
1	160784424
1	160832581
1	161007802
1	161017882
1	161018349
1	161021228
1	161161039
1	161161935
1	161165774
1	161172112
1	161187860
1	161202981
1	161326471
1	161332312
1	161512619
1	161594119
1	161681932
1	161695923
1	161697515
1	161789542
1	162326815
1	162335153
1	162344216
1	162368786
1	162368848
1	162487912
1	162745466
1	162773259
1	163044247
1	166827357
1	166829473
1	166958650
1	166959016
1	166991094
1	166991114
1	167023597
1	167095196
1	167367341
1	167381285
1	167511303
1	167666434
1	167802308
1	167815319
1	167815357
1	167889261
1	167921041
1	167921046
1	168211912
1	168266966
1	168510123
1	168510297
1	168511245
1	169080697
1	169100874
1	169101947
1	169346071
1	169347574
1	169351462
1	169495154
1	169498849
1	169510579
1	169511252
1	169511735
1	169519911
1	169524494
1	169581523
1	169762116
1	169762201
1	169801601
1	169821208
1	169836109
1	169947281
1	169951125
1	169951979
1	170003537
1	170695426
1	170994489
1	171073019
1	171227237
1	171482143
1	171511038
1	171544202
1	171956932
1	172100371
1	172526430
1	172526506
1	172628400
1	172635208
1	173010566
1	173019892
1	173490467
1	173517589
1	173579129
1	173628341
1	173702952
1	173772301
1	173879960
1	174417933
1	175335159
1	175362990
1	175365747
1	175365922
1	175372559
1	176526251
1	176760543
1	177133556
1	177226237
1	177226238
1	177250258
1	177909803
1	178410759
1	178421561
1	178490981
1	178846735
1	179076972
1	179078479
1	179100575
1	179363127
1	179363138
1	179364258
1	179414309
1	179497498
1	179520390
1	179604960
1	179609046
1	179851954
1	180010367
1	180012229
1	180257586
1	180775262
1	181480509
1	181690998
1	181702016
1	181724382
1	181726160
1	181764045
1	181764046
1	181767557
1	181767563
1	181767567
1	182026715
1	182026810
1	182027016
1	182368661
1	182522672
1	182569515
1	182869170
1	183177131
1	183194760
1	183203501
1	183514264
1	183596680
1	183861233
1	183933069
1	183938571
1	184588772
1	184672125
1	185137512
1	185278640
1	185891513
1	185902825
1	185969257
1	185984467
1	185985349
1	186039812
1	186135349
1	186281665
1	186328956
1	186644428
1	186957600
1	190067142
1	190067555
1	190067781
1	192627357
1	192628484
1	192779335
1	193091205
1	193104712
1	193150455
1	193205402
1	193218934
1	196295908
1	196684755
1	196716496
1	196918623
1	196927122
1	196967283
1	196977752
1	197029665
1	197032028
1	197059510
1	197065162
1	197111537
1	197128560
1	197168840
1	197169075
1	197325986
1	197390438
1	197390708
1	197390950
1	197404224
1	197404299
1	197404472
1	197447026
1	199997028
1	200012948
1	200014653
1	200017844
1	200376450
1	200377797
1	200583445
1	200586932
1	200586937
1	200709079
1	200860715
1	200957632
1	200967660
1	201017715
1	201029842
1	201031634
1	201038317
1	201063117
1	201104814
1	201191901
1	201191935
1	201263172
1	201282534
1	201379468
1	201777084
1	201822152
1	201844032
1	201869822
1	201938669
1	201938728
1	202124717
1	202124738
1	202396178
1	202866074
1	203188426
1	203316638
1	203472713
1	203669375
1	203802967
1	204006283
1	204095221
1	204115879
1	204234166
1	204237428
1	204379607
1	204397272
1	204438248
1	204507385
1	204588804
1	204913384
1	204955186
1	205027476
1	205068201
1	205138769
1	205241388
1	205306469
1	205306515
1	205499461
1	205553098
1	205588951
1	205628515
1	205779655
1	205797733
1	205797820
1	206141509
1	206566114
1	206650051
1	206810241
1	206820829
1	206821511
1	207078201
1	207078463
1	207196138
1	207222527
1	207262805
1	207273175
1	207300168
1	207305078
1	207498083
1	207641991
1	207646473
1	207751211
1	207751285
1	207812809
1	208061318
1	208383795
1	209782400
1	209786134
1	209788645
1	209950783
1	209956475
1	210008446
1	210194398
1	210334183
1	210334523
1	210577856
1	211192437
1	211923318
1	212002500
1	212115022
1	212115237
1	212141299
1	212236233
1	212273915
1	212957757
1	214795475
1	214813415
1	214814274
1	214815093
1	215747166
1	215793426
1	215799007
1	215847677
1	215853545
1	215932051
1	215955491
1	215955511
1	216062378
1	216591867
1	216824346
1	216850700
1	218036162
1	218504460
1	218578556
1	218607517
1	220151978
1	220313567
1	220318962
1	220375667
1	220440132
1	220791812
1	221912393
1	222716944
1	222800982
1	222825333
1	222826433
1	222833630
1	222839039
1	222904778
1	222919944
1	222922886
1	223176278
1	223176954
1	223178170
1	223178788
1	223396739
1	223408304
1	223567309
1	223946886
1	223958206
1	223981018
1	223998179
1	224008970
1	224318215
1	224377616
1	224553593
1	224612259
1	225267039
1	225459628
1	225577523
1	225609788
1	226055697
1	226175925
1	226334352
1	226474059
1	226567747
1	226827287
1	227149105
1	227171907
1	227842637
1	227842672
1	227842889
1	227843477
1	227920315
1	228210590
1	228290026
1	228333443
1	228346129
1	228346345
1	228401191
1	228403331
1	228404774
1	228447203
1	228525714
1	228529254
1	228556470
1	229567031
1	229654610
1	229770844
1	229772337
1	230338999
1	230415063
1	230468774
1	230846432
1	231069592
1	231097014
1	231131553
1	231349633
1	231360158
1	231364895
1	231413315
1	231488307
1	231502003
1	231829852
1	231885676
1	232538167
1	232579369
1	232940856
1	232943524
1	232943971
1	233113984
1	233121840
1	233296178
1	233490680
1	233498022
1	233518198
1	233518445
1	234454683
1	234529164
1	234529508
1	234569285
1	235866061
1	235866073
1	235892950
1	235909822
1	235918821
1	235922751
1	235966256
1	235969939
1	236205290
1	236347187
1	236557717
1	236572570
1	236646632
1	236647058
1	236717027
1	236727937
1	236740123
1	236900491
1	237617858
1	237821259
1	237831247
1	237850791
1	237872222
1	237886508
1	237948060
1	238049148
1	238090409
1	240072033
1	240256805
1	240492391
1	240990408
1	241146388
1	241661092
1	241695752
1	241797786
1	241798294
1	241834464
1	241850845
1	241920703
1	242042071
1	242159400
1	242253054
1	243328035
1	244541860
1	244756721
1	245017533
1	245849127
1	245849259
1	246027124
1	246091308
1	246797780
1	246823621
1	246921595
1	247040366
1	247150450
1	247150618
1	247200863
1	247201271
1	247241914
1	247322323
1	247464516
1	247492554
1	247588824
1	247614861
1	247615090
1	247695508
1	247719757
1	247719762
1	247752533
1	247978955
1	248039825
1	248112403
1	248129423
1	248201637
1	248201998
1	248309161
1	248343565
1	248343588
1	248402830
1	248436766
1	248525202
1	248551149
1	248616908
1	248636766
1	248756254
1	248789496
1	248789743
1	248801753
1	248813822
1	248813850
1	249144376
1	249210925
1	249210940
1	249211080
1	249211486
2	277002
2	277495
2	1457568
2	1651955
2	3197793
2	3341890
2	3729223
2	3729225
2	3750004
2	6991587
2	7027222
2	8437231
2	8452931
2	8871889
2	8998779
2	9514947
2	9630613
2	10053329
2	10074126
2	10098938
2	10136458
2	10143515
2	10282006
2	10912689
2	10942636
2	11053816
2	11318041
2	11335145
2	11591852
2	11696805
2	11731571
2	12863535
2	12880833
2	12880996
2	15492156
2	15747411
2	15760365
2	16734221
2	17692038
2	17699118
2	17902527
2	17963100
2	17998314
2	18745341
2	20402893
2	20453624
2	20483243
2	20527087
2	20647122
2	20939834
2	21224534
2	21225459
2	21228464
2	21228510
2	21228796
2	21228819
2	21228915
2	21231890
2	21234324
2	21234850
2	21234944
2	21235490
2	21239397
2	21242683
2	21251370
2	21257698
2	23918622
2	23974955
2	23977132
2	23980404
2	24005807
2	24011417
2	24090788
2	24107680
2	24260731
2	24297061
2	24362260
2	24406173
2	24929760
2	24951256
2	25022560
2	25344630
2	25376604
2	25470468
2	25754459
2	25965778
2	26204553
2	26437984
2	26477150
2	26536634
2	26539828
2	26541849
2	26647287
2	26654771
2	26685042
2	26707452
2	26726677
2	26805695
2	26950590
2	27261983
2	27277663
2	27351353
2	27353734
2	27599559
2	27607603
2	27608638
2	27666897
2	27676959
2	27724039
2	27800201
2	27800430
2	27802248
2	27824298
2	27850729
2	27873021
2	27878277
2	27884041
2	27884214
2	27891721
2	28635229
2	29022064
2	29022072
2	29073164
2	29222282
2	29234368
2	29256344
2	29259448
2	29286766
2	29430052
2	29432705
2	29543705
2	30480454
2	31410633
2	31410645
2	31571206
2	31624109
2	32475629
2	32476368
2	32656134
2	32667430
2	32692602
2	32704676
2	32740826
2	32843126
2	33468851
2	33740146
2	33745024
2	33745704
2	33952635
2	37082373
2	37208731
2	37229678
2	37286117
2	37289162
2	37368810
2	37428933
2	37468922
2	37475548
2	37501633
2	38156691
2	38156796
2	38178562
2	38178593
2	38179162
2	38244389
2	38796354
2	38977271
2	39008851
2	39158350
2	39251269
2	39456518
2	40366782
2	40656333
2	40657396
2	42556902
2	42671358
2	43514105
2	43571370
2	43776431
2	43819152
2	43927267
2	43980767
2	44175658
2	44209440
2	44209567
2	44531345
2	44553980
2	44999274
2	44999277
2	45233380
2	46583928
2	46605046
2	46739876
2	47356992
2	47388940
2	47698180
2	48027043
2	48030686
2	48688353
2	48808043
2	48808721
2	48848323
2	48915046
2	48915452
2	48921364
2	48952828
2	49189899
2	50148900
2	50149164
2	50149223
2	50318568
2	50318575
2	53921045
2	54001559
2	54080682
2	54080989
2	54125482
2	54135703
2	54880970
2	55077136
2	55189683
2	55436644
2	55449387
2	55555483
2	55562111
2	55756044
2	55777043
2	55792169
2	55805441
2	55825807
2	55831120
2	58449154
2	60687753
2	61022118
2	61180144
2	61493220
2	61546451
2	61566712
2	61705811
2	61719615
2	62095673
2	63170982
2	63182737
2	63272192
2	63834040
2	64084990
2	64160883
2	64174532
2	66667004
2	68358530
2	68607522
2	68622831
2	68765185
2	68882355
2	68882627
2	68882682
2	68962152
2	69040482
2	69093085
2	69172395
2	69173287
2	69201782
2	69372685
2	69409006
2	69575380
2	69646700
2	71187132
2	71357856
2	71361229
2	71375192
2	71590318
2	71591296
2	71633282
2	71650362
2	71661987
2	72740333
2	72958328
2	73195600
2	73315741
2	73435695
2	73490351
2	73519769
2	73677872
2	73680158
2	73717091
2	73717890
2	73800208
2	73830389
2	73836776
2	74042747
2	74042913
2	74043719
2	74058130
2	74462306
2	74469170
2	74642547
2	74653318
2	74707982
2	74745437
2	74746774
2	74759768
2	75101560
2	75874021
2	75879338
2	75893127
2	77746338
2	79384818
2	80097000
2	80101439
2	80874923
2	84518368
2	84752747
2	84771460
2	84774398
2	84800650
2	84886174
2	84886244
2	84899469
2	84930558
2	85097824
2	85276557
2	85785583
2	85788077
2	85921983
2	86317013
2	86360331
2	86444048
2	86676967
2	86719386
2	86734659
2	87178463
2	87201222
2	87214147
2	88422699
2	88423895
2	88472860
2	88825973
2	88874340
2	88874344
2	89028845
2	89036173
2	89092005
2	89157052
2	89157139
2	89278274
2	89442057
2	89459492
2	89521225
2	89987043
2	90260107
2	95752979
2	95780830
2	95814785
2	96049911
2	96078862
2	96262063
2	96555726
2	96581771
2	96781538
2	97024853
2	97164946
2	97357028
2	97360210
2	97369060
2	97369283
2	97490892
2	97492634
2	97526716
2	97587388
2	97626167
2	97788714
2	97869946
2	97873558
2	97911336
2	98275871
2	98354285
2	98392395
2	98804511
2	98851110
2	98853192
2	99198237
2	99217222
2	99272908
2	99412702
2	99725330
2	99766962
2	100022458
2	100027262
2	101010058
2	101624655
2	101638191
2	101902625
2	102019213
2	102793015
2	102842370
2	102855677
2	102968093
2	102988511
2	103039793
2	103040386
2	103067461
2	103095696
2	103274063
2	106471619
2	106690449
2	107004097
2	107041132
2	107042469
2	107049639
2	107049644
2	107050687
2	107073549
2	107084704
2	108453075
2	108455408
2	108478152
2	108487346
2	108999661
2	109086983
2	109124081
2	109380602
2	109383155
2	109527529
2	110303396
2	110881266
2	110902078
2	111144440
2	112576464
2	112615884
2	112630433
2	112630753
2	112687021
2	113082687
2	113146915
2	113240002
2	113258824
2	113286445
2	113308544
2	113333519
2	113780298
2	113786606
2	113890442
2	113890476
2	114252803
2	114340575
2	114493430
2	116599880
2	118582580
2	118586870
2	118588172
2	118588267
2	118703115
2	118731558
2	118732843
2	119731911
2	119739738
2	119750012
2	119750728
2	119914324
2	120005311
2	120369305
2	120438923
2	120714490
2	120830782
2	121050979
2	122522878
2	124783198
2	125262025
2	125262031
2	125262048
2	125367386
2	125367433
2	125530386
2	128095323
2	128341701
2	128350375
2	128393334
2	128397848
2	128408761
2	128409053
2	128431282
2	128619962
2	128699377
2	128757907
2	128880800
2	128917189
2	130833023
2	130951526
2	131356288
2	131487646
2	131519664
2	131519913
2	131520144
2	133402588
2	133402871
2	133430828
2	133539987
2	133541319
2	133541420
2	133541436
2	133541980
2	133547753
2	133971307
2	135027964
2	135075130
2	135095981
2	135710987
2	135711614
2	135745356
2	135848633
2	135878432
2	136026677
2	136362420
2	136467739
2	136558187
2	136570187
2	136630272
2	137814622
2	138208587
2	139316680
2	141072501
2	141116421
2	141116470
2	141128794
2	141130642
2	141135856
2	141201978
2	141242976
2	141283535
2	141458119
2	141571368
2	141625667
2	141739771
2	141806573
2	141819774
2	142238077
2	143712389
2	143799614
2	143959745
2	144194600
2	144245038
2	145161573
2	149227081
2	149241079
2	149806436
2	149837968
2	150061778
2	151343888
2	152108066
2	152112107
2	152222632
2	152293377
2	152314404
2	152317790
2	152354530
2	152364621
2	152422031
2	152426677
2	152466346
2	152470976
2	152487301
2	152573988
2	152581465
2	152582002
2	152739812
2	152980450
2	153415314
2	155099346
2	155252500
2	155306972
2	155711283
2	157186602
2	158167726
2	158272657
2	159481878
2	159499179
2	160104948
2	160112711
2	160303361
2	160639880
2	160673451
2	160692081
2	160742952
2	161052820
2	161132196
2	162081157
2	162087884
2	162273064
2	162760636
2	162761399
2	162762267
2	162849530
2	162881402
2	162999647
2	163070503
2	163080149
2	163228387
2	163374315
2	164466775
2	165365355
2	165552101
2	165557184
2	165809238
2	165947050
2	165987767
2	166165764
2	166210789
2	166231200
2	166245895
2	166451723
2	166514311
2	166605160
2	166806251
2	166850897
2	166850906
2	166903433
2	167055076
2	167055743
2	167055752
2	167089934
2	167129234
2	167137047
2	167262427
2	168099427
2	168099825
2	168100061
2	168100111
2	168100484
2	168105202
2	168105310
2	168115363
2	168725861
2	168726058
2	168726254
2	168821210
2	169764326
2	169764492
2	169826640
2	169938231
2	169952140
2	170013915
2	170019045
2	170030452
2	170062653
2	170062935
2	170068718
2	170081939
2	170090074
2	170113706
2	170129496
2	170361125
2	170460756
2	170502264
2	170668960
2	170785318
2	170917894
2	171056672
2	171243639
2	171508168
2	171813025
2	171862725
2	171911592
2	171939299
2	172725288
2	172749752
2	172950278
2	173686585
2	173891895
2	174096922
2	174224139
2	174231117
2	174774590
2	174783367
2	174940227
2	175263159
2	175333657
2	175338026
2	175427220
2	175624104
2	175983056
2	176958196
2	176959294
2	177016375
2	177036440
2	178403047
2	178415764
2	178416175
2	178482113
2	178705099
2	178879184
2	178977469
2	179259128
2	179391695
2	179396826
2	179396966
2	179404041
2	179412219
2	179417092
2	179418892
2	179428258
2	179428758
2	179428917
2	179431879
2	179433514
2	179434701
2	179442498
2	179442499
2	179448343
2	179455098
2	179457604
2	179459170
2	179462779
2	179485033
2	179489372
2	179494033
2	179500778
2	179505269
2	179516835
2	179516907
2	179558379
2	179571204
2	179585851
2	179587193
2	179591885
2	179593071
2	179593644
2	179596658
2	179598194
2	179598490
2	179600292
2	179605112
2	179605649
2	179613014
2	179613543
2	179614947
2	179616076
2	179616685
2	179638266
2	179641893
2	179655482
2	179701729
2	179710433
2	179732803
2	179989108
2	180835797
2	182376477
2	182394329
2	182400355
2	182468643
2	182543324
2	182543450
2	183053739
2	183387040
2	183601048
2	185800795
2	185803517
2	185803888
2	186670449
2	186671827
2	186672816
2	186672850
2	186697914
2	187506230
2	187627620
2	189599461
2	189839183
2	189916190
2	189968994
2	190428718
2	190554573
2	190554627
2	190593419
2	190717473
2	190922273
2	190925094
2	191301982
2	191353526
2	191374029
2	191788671
2	191818309
2	191854352
2	191903933
2	191931229
2	196573540
2	196581650
2	196640693
2	196726444
2	196729429
2	196746611
2	196765043
2	197106878
2	197674092
2	197674204
2	197740525
2	198338631
2	198480650
2	198498713
2	198540106
2	198949661
2	198968592
2	199011770
2	200193611
2	201434589
2	201436084
2	201470304
2	201515701
2	201535502
2	201677936
2	201775911
2	201798685
2	201994456
2	202000992
2	202013864
2	202136317
2	202163968
2	202323584
2	202356833
2	202358053
2	202359008
2	202611451
2	202688452
2	202755632
2	202900642
2	204067505
2	204110588
2	204131377
2	204324748
2	204334959
2	204820611
2	204820640
2	206166260
2	206480385
2	206617599
2	206980642
2	207006782
2	207007477
2	207027313
2	207170245
2	207170441
2	207174223
2	207174442
2	207174545
2	207631601
2	207639088
2	207652671
2	207820237
2	207825643
2	208842186
2	208865988
2	209010557
2	209309470
2	209358372
2	210557777
2	210558211
2	210558577
2	210559073
2	210565059
2	210752928
2	210761098
2	210787085
2	210894636
2	210896117
2	211070417
2	211469901
2	211512710
2	211512711
2	212248394
2	212251811
2	212295801
2	213921719
2	214215350
2	215274902
2	215275025
2	215440571
2	215798885
2	215843590
2	216203539
2	216257726
2	216263993
2	217124292
2	217279476
2	217279793
2	217293331
2	217724402
2	218682693
2	218700919
2	218712394
2	218954857
2	219144821
2	219350460
2	219362475
2	219414529
2	219486299
2	219514107
2	219520966
2	219559356
2	219692041
2	219692351
2	219736439
2	219754711
2	219884308
2	219894799
2	220022258
2	220022956
2	220029905
2	220096677
2	220104953
2	220107272
2	220115764
2	220136475
2	220167424
2	220250805
2	220290427
2	220309864
2	220402754
2	220497002
2	220498034
2	220506403
2	223065991
2	223168553
2	224463092
2	224463191
2	224831863
2	224840504
2	224866564
2	225266078
2	225376286
2	225378309
2	225400354
2	225659611
2	225661760
2	225721685
2	225739465
2	225761044
2	226446755
2	226447094
2	227924157
2	227924334
2	227983399
2	228012283
2	228131140
2	228135662
2	228145291
2	228145307
2	228147159
2	228159985
2	228221781
2	228497739
2	228497824
2	228846565
2	228881964
2	228883385
2	228884340
2	228884532
2	229890220
2	230223241
2	230271948
2	230636299
2	230675762
2	230678649
2	230679861
2	230875685
2	230910937
2	231033881
2	231042298
2	231050857
2	231067388
2	231076244
2	231079815
2	231090536
2	231103748
2	231106179
2	231150507
2	231162137
2	231177331
2	231309028
2	231313818
2	231326020
2	231328805
2	231775138
2	231949808
2	231973151
2	232156155
2	232378309
2	232392962
2	232952224
2	233199397
2	233347834
2	233433906
2	233684608
2	233748746
2	233750039
2	233791774
2	234066986
2	234183424
2	234191391
2	234394437
2	234527074
2	234545421
2	234545585
2	234669366
2	234746211
2	234775422
2	234846144
2	234869435
2	237415932
2	238234268
2	238257024
2	238268008
2	238273009
2	238274454
2	238287544
2	238296449
2	238657028
2	238680762
2	238726878
2	239079278
2	240968888
2	240981423
2	241402864
2	241685554
2	241988171
2	242065855
2	242186272
2	242187718
2	242265484
2	242430978
2	242509658
2	242793147
2	242793420
3	361505
3	440023
3	447386
3	1189717
3	1424750
3	1425040
3	2777934
3	2942404
3	3188246
3	3214475
3	3887497
3	3888263
3	4355199
3	4358564
3	4558253
3	4687139
3	4709154
3	4714954
3	4716020
3	4752143
3	4776994
3	5025373
3	5164052
3	7494490
3	7721828
3	8661441
3	8672576
3	8675472
3	8808956
3	8940615
3	9290688
3	9406949
3	9412887
3	9425955
3	9426219
3	9426424
3	9476076
3	9477573
3	9516777
3	9726297
3	9780777
3	9787263
3	9935095
3	9962199
3	9991760
3	10011470
3	10048907
3	10088317
3	10116324
3	10283971
3	10328971
3	10426972
3	11067950
3	11078751
3	11301250
3	11302049
3	11468333
3	11684993
3	11744489
3	12447443
3	12574317
3	12574416
3	12613589
3	12626118
3	12626680
3	12660166
3	13401904
3	13522787
3	13860670
3	14154126
3	14187483
3	14485268
3	14547273
3	14712762
3	14746086
3	14861544
3	14939591
3	15064733
3	15064790
3	15064796
3	15115891
3	15137501
3	15292861
3	15298407
3	15300573
3	15477988
3	15480675
3	15512078
3	16237346
3	16268865
3	16336471
3	16535268
3	16640063
3	17051946
3	17052240
3	17226573
3	17255739
3	17446397
3	19295366
3	19384082
3	19575389
3	19924193
3	19975611
3	20225463
3	24164384
3	25470104
3	25502752
3	25639601
3	25648838
3	25656717
3	25673951
3	25773875
3	25792643
3	25820156
3	25835918
3	27216186
3	27346398
3	27442266
3	28380026
3	28566204
3	31871562
3	32207363
3	32750180
3	32995848
3	32995889
3	33166020
3	33194501
3	33444392
3	33580303
3	33686515
3	35730853
3	35750468
3	35758848
3	36756668
3	36873755
3	36873919
3	36874624
3	36893315
3	36896683
3	37033323
3	37107798
3	37138143
3	37547516
3	38043301
3	38164512
3	38181893
3	38182969
3	38317459
3	38357103
3	38357112
3	38524664
3	38592489
3	38595841
3	38639286
3	38663893
3	38739230
3	38739317
3	38739451
3	38739539
3	38755499
3	38904760
3	38961476
3	39162608
3	39185785
3	39186512
3	39228051
3	39229169
3	39229971
3	39230665
3	39431984
3	39432962
3	39942411
3	40192569
3	40293431
3	40464345
3	40464870
3	40465370
3	40524129
3	40557832
3	41266097
3	41275192
3	41957545
3	42679785
3	42727289
3	42727392
3	42727695
3	42728046
3	42788795
3	43344704
3	43591253
3	43602832
3	44283815
3	44285904
3	44286527
3	44329300
3	44373458
3	44434423
3	44441919
3	44488432
3	44541406
3	44607046
3	44611810
3	44635619
3	44636382
3	44685051
3	44685471
3	44685780
3	44685796
3	44763169
3	44763325
3	44776190
3	44776458
3	44844408
3	44846650
3	44943291
3	45052914
3	45942530
3	46010119
3	46016748
3	46023064
3	46307782
3	46399585
3	46414416
3	46414896
3	46490365
3	46501154
3	46539614
3	46541892
3	46560458
3	46563074
3	46574379
3	46622743
3	46722783
3	46751415
3	47032927
3	47061325
3	47125724
3	47163575
3	47437678
3	47450422
3	47450928
3	47460159
3	47467094
3	47676796
3	47951664
3	48040233
3	48309760
3	48348343
3	48357859
3	48450833
3	48538614
3	48605581
3	48612269
3	48619784
3	48696665
3	48725766
3	48725985
3	48731673
3	48731869
3	48828006
3	49050174
3	49070130
3	49070134
3	49135487
3	49137816
3	49152923
3	49212205
3	49293755
3	49308863
3	49311619
3	49569219
3	49570351
3	49695207
3	49698244
3	49725085
3	49728901
3	49739803
3	49758725
3	49764535
3	49831367
3	49851200
3	49877282
3	49885612
3	49899480
3	49899786
3	49949095
3	50114528
3	50154431
3	50211254
3	50220864
3	50332246
3	50387221
3	50395882
3	51264731
3	51273845
3	51308434
3	51431542
3	51450751
3	51456331
3	51669792
3	51672266
3	51673996
3	51864500
3	51930906
3	51970561
3	51978146
3	51989468
3	52029107
3	52248037
3	52256579
3	52257805
3	52395717
3	52425028
3	52427469
3	52437235
3	52443599
3	52476312
3	52543313
3	52554134
3	52563192
3	52853423
3	52853493
3	52863281
3	53125751
3	53531424
3	53851743
3	54905603
3	54912830
3	56041334
3	56044586
3	56330338
3	56468869
3	56649299
3	56651188
3	56653485
3	57132009
3	57232324
3	57294659
3	57321943
3	57330965
3	57344881
3	57386222
3	57399577
3	57414142
3	57419201
3	57419433
3	57431074
3	57487127
3	57489844
3	57494218
3	57496583
3	57561286
3	57894833
3	58089715
3	58094922
3	58296085
3	58381411
3	58417332
3	58849361
3	62267274
3	62384919
3	62451054
3	62556561
3	63264075
3	63601176
3	63645494
3	63825392
3	64599125
3	64606904
3	65376999
3	66432017
3	66436565
3	67054001
3	67451240
3	68466534
3	69027534
3	69113243
3	69230575
3	69299199
3	71026850
3	72427434
3	72428507
3	72957696
3	73112849
3	73657761
3	75786802
3	77530308
3	77600126
3	78649334
3	86010619
3	88104967
3	89528650
3	93593098
3	93603584
3	93845425
3	97466357
3	97486993
3	97499058
3	97503872
3	97596403
3	97596701
3	97661420
3	97705641
3	97806055
3	97869040
3	97887635
3	97983826
3	97983851
3	98002024
3	98002086
3	98110222
3	98188730
3	98217119
3	98250924
3	98250956
3	98251090
3	98309485
3	98568435
3	99567594
3	99569454
3	99569892
3	100037954
3	100105779
3	100174682
3	100489681
3	100511568
3	100570739
3	101062618
3	101283871
3	101284358
3	101373567
3	101477197
3	101540646
3	101578372
3	105400307
3	105470463
3	107096927
3	107097303
3	107435553
3	107520087
3	108124195
3	108172969
3	108204072
3	108541754
3	108677836
3	108782079
3	108829629
3	109052826
3	111312513
3	111603156
3	111632426
3	111639200
3	111671504
3	111718169
3	111785326
3	111849139
3	111927042
3	111927214
3	111996635
3	111997697
3	112357249
3	112713993
3	112714102
3	112724677
3	113022811
3	113063555
3	113077690
3	113118757
3	113172600
3	113218403
3	113342559
3	113376660
3	113378866
3	113379348
3	113659167
3	113679645
3	113729746
3	116163854
3	118931332
3	119222391
3	119246645
3	119328416
3	119347661
3	119394073
3	119458111
3	119531580
3	120114656
3	120115844
3	120347067
3	121097632
3	121100156
3	121151097
3	121229071
3	121363760
3	121383366
3	121416501
3	121417441
3	121435903
3	121448819
3	121489233
3	121573588
3	121822477
3	121975947
3	121981094
3	121981223
3	122002712
3	122090589
3	122128826
3	122255881
3	122334683
3	122354990
3	122355060
3	122411218
3	122437050
3	122645514
3	123337506
3	123667877
3	123675345
3	123688971
3	124438066
3	124632044
3	124724179
3	124748188
3	124952765
3	124997978
3	125647497
3	125831637
3	125855640
3	126153213
3	126451953
3	126633522
3	126679237
3	126737359
3	126915898
3	127379408
3	127381132
3	127642939
3	128580590
3	128618218
3	129247626
3	129290394
3	129373847
3	129695980
3	130098341
3	130098548
3	130104011
3	130150536
3	130282025
3	130300593
3	130300609
3	130300625
3	130427283
3	130463713
3	130463944
3	130744165
3	131068695
3	131181684
3	132051045
3	132165351
3	132186087
3	132201123
3	132209766
3	132211376
3	132378489
3	132378598
3	132401596
3	132418250
3	132948132
3	133099748
3	133119095
3	133191329
3	133306017
3	133368715
3	133534483
3	133553450
3	133614276
3	133647146
3	133896873
3	133907683
3	134268009
3	134269047
3	134277035
3	134348476
3	134369752
3	134670711
3	134898755
3	134898801
3	135741937
3	136076581
3	136141451
3	136141825
3	136152448
3	136152477
3	136349799
3	136573300
3	136573464
3	136664729
3	136676922
3	136676955
3	137807229
3	137811356
3	137843314
3	137843549
3	137960644
3	138195709
3	138213675
3	138383891
3	138724463
3	139065787
3	139097029
3	140185522
3	140282885
3	140979095
3	141164564
3	141291492
3	141724334
3	141884584
3	141896389
3	142241601
3	142275252
3	142395006
3	142423410
3	142430410
3	142536997
3	142681065
3	142840195
3	143704503
3	145878681
3	145914465
3	146173169
3	147131143
3	147131357
3	148459793
3	148562487
3	148600365
3	148757895
3	148759286
3	148766718
3	148802585
3	148891462
3	148905986
3	149040145
3	149087825
3	149238745
3	149485514
3	150176284
3	150281397
3	150301828
3	150384632
3	150384787
3	150459850
3	150916334
3	150930893
3	151045648
3	151045887
3	151105609
3	151105932
3	151131060
3	151171430
3	151531964
3	153220233
3	154002693
3	154013122
3	154029441
3	154041969
3	154055916
3	154147181
3	154889945
3	155481162
3	155547593
3	155640024
3	155655429
3	156175107
3	157031515
3	157082206
3	157131796
3	157213102
3	157840003
3	158317907
3	158422610
3	158527072
3	158531787
3	159605510
3	159976209
3	160000331
3	160037566
3	160120474
3	160135597
3	160149471
3	160151484
3	160233252
3	160804232
3	161063741
3	164697028
3	164700169
3	164724711
3	164757713
3	164905894
3	164907386
3	165547987
3	166958694
3	167000227
3	167023502
3	167090644
3	167184889
3	167189541
3	167218008
3	167248990
3	167508281
3	167728167
3	169485414
3	169539863
3	169539899
3	169555413
3	169557829
3	169644785
3	169644816
3	169654199
3	169664204
3	169664272
3	170625563
3	170716177
3	170819244
3	170843941
3	171405353
3	171410153
3	172165473
3	172166107
3	172473348
3	172480572
3	172491806
3	172607463
3	172834946
3	172835474
3	175520944
3	178742823
3	178916648
3	178928068
3	178936023
3	178976947
3	179137238
3	179341807
3	179424772
3	179519522
3	179519596
3	180334342
3	180359914
3	180369197
3	180369245
3	180372629
3	180377361
3	180694107
3	182923938
3	182941944
3	183035909
3	183245782
3	183273245
3	183368711
3	183521105
3	183756601
3	183756915
3	183899975
3	183908823
3	183952069
3	183957737
3	183959012
3	184003354
3	184023682
3	184043161
3	184056210
3	184076907
3	184100704
3	184290385
3	184557308
3	184658007
3	184714156
3	184870451
3	184910795
3	185146311
3	185146804
3	185252652
3	185327066
3	185643274
3	186038366
3	186302314
3	186331026
3	186338832
3	186358248
3	186389534
3	186953583
3	187419770
3	188202382
3	189349229
3	189585692
3	189587156
3	189612028
3	189706741
3	189711931
3	189713220
3	190025913
3	191000039
3	191098622
3	192053206
3	192980900
3	192993002
3	192993014
3	193036799
3	193048987
3	193183941
3	193364965
3	193376775
3	194080534
3	194146200
3	195243710
3	195295763
3	195398114
3	195452633
3	195485999
3	195511748
3	195518349
3	195692340
3	196018175
3	196199137
3	196311250
3	196387368
3	196533551
3	196539673
3	196663665
3	196736574
3	196744120
3	196842808
3	197483318
3	197508818
3	197574755
3	197598199
3	197665622
3	197751533
3	197785557
3	197785816
4	59954
4	87033
4	247946
4	248079
4	248553
4	264979
4	265417
4	266312
4	367016
4	437198
4	437536
4	437591
4	983411
4	994704
4	1235253
4	1725222
4	1902610
4	2097609
4	2129919
4	2194958
4	2274921
4	2698231
4	2701544
4	3029698
4	3109047
4	3180052
4	3208244
4	3235075
4	3371797
4	3475167
4	3768667
4	4199535
4	4303733
4	4323151
4	5448455
4	5690897
4	5812855
4	5960973
4	6043910
4	6066641
4	6087218
4	6279277
4	6383574
4	6473968
4	6611548
4	6862905
4	6863223
4	6925396
4	7026977
4	7398045
4	7435932
4	7668893
4	7677878
4	7714542
4	7802370
4	7844914
4	8237240
4	8417630
4	9452221
4	9828013
4	10445435
4	10446965
4	11400742
4	13339643
4	13578576
4	13584298
4	13602500
4	13606162
4	15554924
4	15562175
4	15601207
4	15627353
4	15627543
4	15937519
4	16010606
4	16037372
4	16165010
4	17581474
4	17597154
4	17608497
4	17609065
4	17827032
4	17963534
4	20525762
4	22394252
4	22438145
4	22449096
4	22749413
4	23797236
4	24586026
4	24839827
4	25315691
4	25390470
4	25806175
4	26322362
4	26364188
4	26407862
4	26484811
4	26585595
4	26585727
4	30725911
4	30732602
4	31144301
4	36134862
4	36212317
4	36230520
4	36317926
4	37447790
4	37448088
4	37841300
4	38776255
4	38776478
4	38776964
4	38777079
4	38798100
4	38798926
4	38799487
4	38800305
4	38828723
4	38828760
4	38828819
4	38829330
4	38829480
4	38910327
4	38988037
4	38990533
4	39188187
4	39219611
4	39233533
4	39322970
4	39329319
4	39466781
4	39478763
4	39482879
4	39779984
4	39899994
4	40121565
4	40752619
4	40825734
4	41621241
4	41621302
4	41652581
4	41748256
4	41983742
4	41984589
4	42545992
4	44449766
4	44696439
4	46252311
4	46252487
4	46930528
4	46930675
4	47163449
4	47322179
4	47428000
4	47593132
4	47857086
4	47912883
4	47938735
4	47938832
4	48037778
4	48230575
4	48494979
4	48548277
4	48622744
4	48636487
4	49032922
4	52883746
4	52890195
4	52899799
4	52961170
4	53522494
4	53610235
4	53610452
4	54257184
4	54310250
4	54930447
4	55130019
4	55130140
4	55130160
4	55131211
4	55131384
4	55133597
4	55561914
4	55593627
4	55599336
4	55948705
4	55968176
4	55976853
4	55981208
4	56236191
4	56759755
4	56846349
4	56865778
4	56878134
4	56883913
4	57181658
4	57181905
4	57244367
4	57325690
4	57368027
4	57368149
4	57798145
4	57857059
4	57865843
4	57897201
4	57898608
4	62897279
4	65145856
4	66197606
4	66217109
4	68380203
4	68383889
4	68436846
4	68472148
4	68472162
4	68504796
4	68514830
4	68749696
4	68777060
4	68784871
4	68928843
4	68964623
4	69056774
4	69093514
4	69096937
4	69327565
4	69519925
4	69681921
4	69696349
4	69978574
4	70146852
4	70721029
4	70864160
4	71099746
4	71114774
4	71115195
4	71232674
4	71265037
4	71275440
4	71275814
4	71398323
4	71398367
4	71469002
4	71508553
4	71508664
4	71508902
4	71648895
4	71693586
4	72222727
4	72222762
4	72620150
4	72649738
4	73179448
4	73280609
4	73280661
4	73957963
4	73984549
4	74005854
4	74306416
4	74361074
4	74442344
4	74447576
4	74453626
4	74735680
4	74735695
4	74736389
4	74853241
4	75937828
4	76434127
4	76440715
4	76522369
4	76551179
4	76804083
4	76842253
4	76943063
4	76955864
4	77003569
4	77097062
4	77100759
4	77102246
4	77177607
4	77192742
4	77278635
4	77283469
4	77305418
4	77660727
4	77675899
4	77680845
4	78873669
4	78873802
4	79359839
4	79367087
4	79410220
4	79782542
4	79856297
4	80327526
4	80327869
4	80328185
4	80898737
4	80952821
4	81207782
4	81884794
4	81967791
4	81974700
4	83774758
4	83791560
4	83821965
4	83857201
4	83987668
4	84015920
4	84026109
4	84328585
4	84342795
4	84367194
4	84457713
4	84465702
4	84525989
4	85569718
4	85645642
4	85664916
4	85676502
4	85694034
4	85711000
4	86863264
4	86950428
4	86989047
4	87024349
4	87735648
4	87770377
4	88052948
4	88091294
4	88303435
4	88400690
4	88415107
4	88532063
4	88534324
4	88536104
4	88536141
4	88537412
4	88583382
4	88583903
4	88986935
4	88989075
4	89036170
4	89052332
4	89060953
4	89304513
4	89345078
4	89443161
4	89618185
4	89653297
4	90169386
4	90170373
4	90650349
4	90756815
4	90849082
4	90856295
4	90856470
4	90857607
4	91549190
4	94316827
4	94376855
4	94750656
4	95194801
4	95229877
4	96123919
4	99962203
4	99993399
4	100125970
4	100128602
4	100137326
4	100197589
4	100228987
4	100268965
4	100495969
4	100503127
4	100512829
4	100871343
4	102839259
4	103557105
4	103806387
4	103822356
4	103866450
4	103966150
4	104079584
4	104081905
4	106164817
4	106193807
4	106197205
4	106307787
4	106552268
4	106746865
4	106967517
4	108603275
4	109084728
4	110667585
4	110673649
4	110749151
4	110791896
4	110834560
4	110864427
4	110864537
4	110897208
4	111474533
4	111480832
4	113189329
4	113359735
4	113468455
4	113540239
4	113569538
4	114163335
4	114264208
4	114267087
4	114271387
4	114277728
4	114899595
4	115858492
4	118006227
4	118975002
4	118975899
4	119059286
4	119174662
4	119176962
4	119736217
4	119738496
4	119952192
4	120181764
4	120219899
4	120240239
4	120427071
4	120446778
4	120527901
4	121957937
4	122251672
4	122254041
4	122681518
4	122723938
4	122731249
4	122740665
4	122756386
4	122774171
4	122782752
4	122825563
4	122828662
4	123091866
4	123128276
4	123147884
4	123168473
4	123178643
4	123192396
4	123255554
4	123283345
4	123336572
4	123350880
4	123372896
4	123663688
4	123814013
4	123833751
4	123978405
4	125590795
4	125590872
4	125593296
4	126240401
4	126240669
4	126328204
4	126371152
4	126371388
4	126372183
4	126372196
4	126372958
4	126389878
4	126398378
4	126412648
4	128554272
4	128688232
4	128694685
4	128753837
4	128807128
4	128812325
4	128819838
4	129028409
4	129100520
4	129193540
4	138442171
4	138451025
4	138452040
4	139153501
4	139965925
4	139983123
4	140187926
4	140811599
4	141300287
4	141580846
4	141592016
4	141789183
4	143130163
4	144438535
4	144469190
4	144480992
4	144481303
4	144940488
4	145567969
4	145581041
4	147177573
4	147561045
4	147561165
4	147561582
4	147788658
4	148582067
4	148591848
4	149041369
4	149357226
4	149357283
4	151119184
4	151504369
4	151504883
4	151821202
4	151850005
4	152550986
4	152559868
4	152577430
4	153250916
4	153691189
4	153881906
4	154243852
4	154243893
4	154336054
4	154507477
4	154519843
4	154525248
4	154525526
4	154624535
4	154625226
4	155156777
4	155157356
4	155160341
4	155160445
4	155191159
4	155241729
4	155242340
4	155407592
4	155410666
4	155412101
4	155465672
4	155470047
4	155505388
4	155505901
4	155507870
4	155508783
4	155510624
4	155511895
4	155529767
4	155530927
4	155531339
4	155533728
4	155670355
4	155749198
4	156135785
4	156269046
4	156294597
4	156629393
4	156715045
4	156723458
4	156775387
4	158262533
4	158284073
4	158284179
4	159048598
4	159133911
4	159559221
4	160251128
4	160253611
4	160259488
4	160262962
4	162307254
4	162307475
4	162459435
4	164271868
4	164272125
4	164393463
4	165878774
4	166263025
4	166307399
4	166418711
4	166915548
4	166960515
4	166976333
4	166999140
4	169085421
4	169085435
4	169189052
4	169201707
4	169209362
4	169317246
4	169325206
4	169343798
4	169362566
4	169632940
4	170384532
4	170429410
4	170476995
4	170913147
4	171009688
4	171010872
4	172735732
4	173730640
4	174238815
4	174253272
4	174309476
4	174312389
4	175252884
4	175414339
4	175564761
4	175897323
4	175897816
4	175899046
4	177041043
4	177052800
4	177067288
4	177071081
4	177105940
4	177109287
4	177136667
4	177245363
4	177609037
4	178360778
4	183594306
4	183658067
4	183674628
4	183676319
4	183714654
4	183714752
4	183960120
4	184019201
4	184166691
4	184204003
4	184240944
4	184562529
4	184612498
4	184615864
4	184633983
4	184930727
4	184930805
4	185012327
4	185553081
4	185941435
4	186085308
4	186111650
4	186112303
4	186244739
4	186284587
4	186298121
4	186353356
4	186379852
4	186379857
4	186381384
4	186427697
4	186544412
4	186559309
4	187003777
4	187131950
4	187196992
4	187197534
4	187509916
4	187509932
4	187525049
4	187534368
4	187539012
4	187584578
4	187584730
4	188924891
4	189064833
4	190876206
5	151676
5	163445
5	485320
5	634012
5	837517
5	848659
5	878568
5	1225708
5	1240715
5	1318371
5	1331933
5	1406312
5	1441558
5	1479739
5	1489945
5	1494891
5	2755159
5	3600767
5	5146469
5	5441275
5	5462192
5	5462913
5	5465163
5	7804718
5	7885944
5	7900144
5	9629749
5	13762932
5	13762974
5	13811757
5	13811890
5	13885212
5	13913992
5	14401161
5	14482807
5	14508546
5	14607518
5	14609098
5	14745985
5	15936556
5	16453219
5	16672814
5	16701875
5	16877715
5	19503156
5	19520835
5	19591169
5	21751839
5	21975261
5	22078837
5	22078925
5	23526481
5	23526883
5	23527713
5	23528047
5	24488074
5	24488112
5	24537611
5	24537668
5	26881135
5	26885801
5	26903886
5	26915896
5	26988475
5	31316412
5	31401347
5	31515591
5	31521294
5	31532445
5	31799559
5	32087470
5	32088588
5	32230347
5	32233892
5	32379252
5	32789659
5	33684137
5	33751444
5	33881515
5	33938077
5	33988609
5	34687804
5	34908989
5	34914879
5	34937525
5	34945105
5	35068366
5	35740060
5	35771836
5	35910638
5	35954261
5	36114613
5	36182221
5	36249606
5	36679902
5	36955621
5	37000610
5	37017256
5	37017261
5	37022346
5	37046234
5	37148344
5	37169033
5	37173939
5	37181007
5	37183288
5	37231003
5	37243146
5	37247848
5	37605199
5	38403980
5	38407018
5	38431286
5	38481619
5	38489288
5	38527391
5	38923338
5	38933298
5	38933426
5	38950183
5	38950648
5	38975689
5	38982001
5	39311458
5	39316028
5	40681473
5	40716122
5	40746976
5	40762927
5	40852302
5	40852688
5	40854550
5	40947712
5	40958152
5	41005639
5	41010071
5	41018885
5	41058294
5	41065549
5	41142995
5	41160420
5	41807445
5	42695060
5	42719346
5	43161997
5	44388500
5	45645349
5	49706739
5	50074425
5	50680390
5	52322586
5	52367767
5	52778849
5	52979044
5	53814535
5	54320131
5	54327243
5	54424248
5	54457077
5	54640443
5	55086415
5	55094264
5	55164730
5	55178995
5	55259227
5	55479342
5	56167795
5	56546911
5	56558729
5	56777690
5	57790546
5	57879017
5	58147070
5	58270599
5	59481489
5	60063694
5	60455812
5	60835465
5	61643926
5	61643985
5	61677078
5	61681504
5	61686778
5	61778972
5	61811214
5	61875347
5	61923310
5	63256545
5	63256817
5	63507919
5	64850656
5	64883145
5	65307896
5	65465923
5	66461336
5	68411231
5	68425455
5	68470862
5	68513659
5	68531277
5	68551328
5	68581169
5	68661297
5	68662550
5	68680680
5	68687709
5	68687829
5	68689268
5	68902930
5	70805954
5	70806542
5	70820040
5	70936938
5	71016594
5	71490312
5	71491142
5	71491646
5	71492420
5	71492903
5	71493046
5	71493698
5	71501230
5	71630912
5	72168537
5	72171523
5	72470164
5	73205357
5	74017364
5	74096822
5	74324875
5	74489337
5	74491918
5	74655086
5	74981129
5	74998536
5	75427717
5	75885476
5	75913369
5	75954443
5	75970488
5	75991325
5	76029028
5	76173562
5	76264871
5	76331366
5	76344787
5	76358896
5	76709015
5	76729009
5	76934468
5	77423982
5	78293737
5	78338288
5	78379147
5	78610533
5	78692720
5	78936750
5	79027449
5	79029626
5	79030251
5	79030524
5	79031408
5	79031763
5	79034826
5	79284998
5	79379031
5	79473808
5	79616004
5	79616472
5	79854355
5	79924930
5	80071530
5	80088572
5	80376533
5	80497249
5	82400758
5	82406885
5	82816085
5	82817918
5	82834562
5	82834946
5	82836059
5	82837019
5	82969357
5	86564856
5	86633855
5	86672209
5	86674274
5	86690148
5	86707124
5	88018554
5	88018705
5	89757175
5	89757208
5	89791515
5	89814510
5	89815070
5	89923132
5	89925040
5	89941882
5	89992912
5	90136797
5	90144497
5	92921100
5	92929432
5	93859651
5	93964594
5	94014651
5	94134757
5	94245012
5	94417196
5	94786094
5	94786123
5	94818227
5	94863758
5	94872585
5	94918696
5	95067352
5	95242391
5	95728734
5	95730723
5	96097566
5	96112228
5	96117545
5	96139390
5	96478432
5	98199149
5	98204301
5	98262088
5	100238590
5	100238757
5	101572570
5	101631961
5	101709078
5	101724491
5	101794133
5	101834423
5	102260717
5	102361011
5	102423588
5	102423643
5	107700662
5	108133970
5	108281868
5	108679903
5	109760540
5	109978037
5	110818492
5	110820203
5	110836659
5	110836693
5	110837723
5	111575402
5	112102086
5	112173465
5	112175046
5	112175490
5	112177901
5	112178000
5	112179161
5	112179274
5	112203301
5	112336802
5	112363114
5	112851060
5	112860692
5	114572094
5	114603495
5	115320352
5	115338968
5	115351063
5	118176481
5	118465081
5	118506506
5	118970730
5	121412638
5	121786334
5	121799383
5	122713081
5	122734892
5	122881529
5	122909201
5	125805404
5	126383411
5	127497359
5	127518625
5	127522387
5	128302010
5	128448806
5	129520634
5	130495033
5	130498310
5	130506723
5	130766704
5	130785736
5	130940362
5	130980213
5	131054688
5	131724668
5	131877476
5	132051455
5	132069979
5	132197960
5	132198089
5	132198092
5	132409810
5	132535150
5	133292566
5	133295578
5	133473798
5	133494316
5	133536744
5	133634281
5	133634364
5	134086512
5	134154670
5	134223403
5	134364650
5	134670771
5	134782260
5	135228123
5	135272315
5	135276313
5	135276812
5	135286967
5	135389736
5	135561823
5	135610523
5	136964046
5	136993957
5	137223166
5	137226190
5	137228173
5	137241966
5	137259121
5	137499034
5	137734038
5	137761238
5	137903145
5	137906670
5	138208952
5	138209226
5	138210084
5	138643784
5	139192948
5	139740931
5	139838772
5	139903781
5	139931764
5	140049165
5	140057275
5	140083572
5	140166776
5	140176448
5	140181022
5	140181797
5	140181914
5	140203204
5	140207700
5	140209867
5	140222421
5	140228891
5	140248752
5	140255868
5	140256572
5	140257013
5	140257130
5	140306727
5	140348329
5	140389360
5	140391405
5	140431556
5	140474745
5	140482357
5	140516147
5	140517411
5	140517466
5	140530309
5	140530708
5	140532317
5	140537160
5	140554630
5	140559200
5	140562555
5	140564027
5	140564464
5	140572991
5	140573562
5	140573707
5	140579459
5	140580245
5	140588701
5	140589344
5	140590124
5	140590167
5	140593790
5	140594526
5	140596118
5	140603604
5	140605233
5	140616562
5	140626087
5	140683420
5	140698954
5	140699713
5	140710257
5	140710861
5	140712358
5	140712490
5	140720593
5	140724612
5	140725254
5	140730136
5	140735977
5	140740714
5	140740951
5	140741287
5	140750021
5	140750174
5	140751391
5	140754661
5	140755333
5	140755889
5	140762610
5	140768385
5	140769030
5	140774440
5	140782954
5	140784398
5	140789894
5	140792886
5	140794422
5	140797856
5	140799833
5	140866101
5	140962817
5	141019837
5	141033496
5	141052192
5	141052670
5	141305053
5	141336190
5	141362946
5	141974912
5	141974913
5	141975005
5	142283111
5	142437266
5	142587005
5	142661405
5	142779770
5	143586509
5	145197494
5	145246147
5	145483858
5	145483890
5	145603076
5	145634590
5	145638139
5	145718672
5	145895077
5	146077608
5	146619119
5	147040649
5	147040924
5	147473985
5	147554930
5	147820041
5	147830713
5	147900490
5	147928402
5	148407738
5	148407828
5	148417924
5	148610266
5	148622066
5	148699221
5	148891431
5	148996278
5	149216482
5	149360495
5	149375166
5	149375188
5	149584133
5	149589093
5	149677374
5	149776201
5	149918790
5	149927803
5	150028219
5	150029313
5	150071235
5	150158180
5	150227846
5	150276442
5	150311172
5	150400293
5	150444543
5	150497329
5	150507777
5	150663720
5	150663725
5	150901549
5	150911472
5	150914064
5	150924259
5	150925098
5	150934120
5	150946096
5	150946818
5	150947287
5	151125895
5	151772015
5	151772022
5	153056593
5	153382524
5	153406826
5	153857045
5	153857232
5	154174769
5	154188092
5	154252115
5	154287276
5	156184934
5	156533766
5	156566386
5	156590549
5	156608039
5	156608060
5	156638376
5	156649963
5	156734839
5	156747679
5	156757773
5	156766139
5	156898684
5	156907746
5	156918885
5	156929875
5	157073794
5	157102165
5	157106977
5	157182234
5	157214822
5	158126149
5	158585667
5	158603671
5	159505169
5	159776265
5	159820680
5	159821052
5	159821208
5	159830198
5	160025834
5	160025858
5	160061419
5	160753385
5	160886834
5	160972297
5	161116260
5	161117343
5	161302587
5	161302593
5	161317999
5	161318045
5	161530954
5	161569172
5	162868236
5	162880869
5	162894731
5	162943748
5	162945229
5	166802359
5	167525034
5	167671470
5	167674406
5	167689108
5	167689475
5	167882370
5	167915736
5	167919725
5	167979926
5	168271610
5	169028352
5	169081456
5	169127065
5	169174500
5	169291446
5	169310038
5	169494544
5	169506113
5	169509909
5	170148863
5	170160858
5	170239056
5	170239457
5	170395287
5	171520793
5	172507615
5	172752930
5	172752952
5	173416305
5	173425231
5	175392019
5	175392024
5	175603338
5	175763757
5	175793400
5	176048218
5	176305322
5	176318107
5	176335689
5	176395581
5	176395609
5	176638500
5	176709555
5	176729476
5	176860608
5	176917391
5	177422907
5	177422982
5	177642392
5	177649476
5	178045558
5	178139258
5	178311278
5	178358901
5	178359302
5	178392194
5	178417669
5	178460042
5	178506419
5	178555044
5	179020623
5	179079080
5	179193437
5	179280429
5	179290364
5	179302027
5	179663507
5	180275750
5	180276362
5	180338455
5	180431744
5	180475212
5	180582241
5	180666574
6	350696
6	564910
6	637805
6	1395256
6	1611149
6	2623549
6	2770372
6	2955838
6	3737397
6	3850463
6	4037746
6	4060943
6	4068981
6	4716006
6	4954458
6	6174837
6	6175063
6	7326932
6	7356338
6	7373751
6	7395353
6	7559485
6	7574469
6	7579739
6	7583974
6	7584331
6	7594382
6	7884593
6	8062847
6	9908822
6	10556851
6	10709596
6	10724837
6	10770352
6	10935314
6	10989947
6	10990005
6	11005684
6	11185391
6	12120300
6	12121985
6	12124263
6	12294225
6	13588577
6	13977801
6	13978186
6	15652354
6	16145248
6	16254802
6	16307035
6	17426877
6	17608450
6	17629745
6	17688743
6	18121746
6	18122160
6	18226431
6	20118754
6	20124769
6	20402408
6	20480168
6	21198326
6	22294638
6	22294729
6	24146098
6	24429315
6	24437388
6	24551738
6	24589010
6	24651192
6	24843296
6	24873896
6	25661855
6	25691324
6	25701492
6	25813344
6	26091298
6	26091327
6	26107819
6	26392790
6	26413312
6	26509162
6	26598743
6	27101097
6	27277410
6	27279643
6	27368872
6	27419787
6	27420529
6	27833536
6	27858252
6	27879037
6	27879515
6	27925655
6	28117263
6	28121755
6	28135148
6	28195028
6	28212968
6	28228143
6	28228338
6	28228441
6	28251950
6	28297345
6	28333565
6	28350368
6	28401953
6	28474207
6	28499659
6	28502013
6	28539683
6	28554548
6	29054412
6	29323931
6	29454822
6	29455512
6	30128421
6	30138316
6	30229203
6	30587569
6	30919440
6	30919931
6	30954995
6	31084937
6	31323232
6	31431644
6	31477639
6	31593365
6	31625968
6	31711942
6	31778127
6	31833104
6	31902133
6	31915578
6	31994799
6	32007809
6	32029351
6	32035471
6	32063395
6	32159071
6	32188204
6	32231478
6	32231645
6	32339555
6	32609157
6	32816567
6	33154441
6	33239592
6	33255751
6	33263183
6	33267858
6	33282712
6	33287938
6	33383412
6	33423747
6	33690405
6	33703141
6	33763289
6	34735774
6	34802060
6	34802176
6	34826461
6	34840165
6	34985818
6	35216380
6	35437209
6	35554612
6	35980073
6	35980127
6	36075361
6	36168215
6	36270162
6	36298147
6	36353391
6	36463592
6	36483183
6	36564648
6	36566682
6	36724058
6	36982772
6	37186272
6	37186304
6	37252206
6	37440242
6	37622620
6	38560565
6	38781873
6	38805788
6	38813376
6	38818123
6	38835916
6	38840728
6	38905928
6	38950164
6	39033594
6	39047367
6	39162102
6	39282655
6	39282860
6	39285666
6	39512325
6	39554143
6	39835492
6	40359630
6	40400811
6	41126765
6	41185415
6	41652515
6	41753868
6	41754815
6	41908309
6	42071547
6	42147046
6	42175833
6	42236076
6	42237384
6	42652536
6	42652555
6	42665999
6	42689995
6	42690147
6	42790682
6	42832659
6	42832883
6	42854064
6	43018738
6	43020138
6	43023737
6	43146999
6	43266019
6	43276122
6	43323460
6	43487902
6	43496593
6	43573049
6	43581898
6	43582333
6	44197477
6	44218146
6	44250242
6	44268381
6	44336178
6	44376268
6	44982541
6	45399665
6	46107842
6	46108891
6	46129392
6	46190663
6	46607234
6	46609957
6	46656591
6	46657747
6	46658116
6	46658299
6	46669843
6	46672309
6	46847637
6	46847742
6	46967867
6	47202551
6	47680160
6	47976470
6	49573374
6	49700911
6	50681614
6	50791358
6	50803903
6	51483974
6	52344582
6	52617688
6	52843101
6	52847411
6	53010552
6	53365257
6	53767437
6	54216195
6	54219385
6	54792313
6	54805350
6	54805353
6	54806084
6	54806432
6	54806543
6	54806759
6	55128616
6	55196532
6	55300315
6	55360296
6	56341025
6	56366442
6	56394455
6	56417543
6	56426949
6	56438629
6	56443634
6	56469116
6	56471613
6	56471701
6	56472647
6	56472907
6	56480315
6	56483018
6	56483701
6	56483750
6	56492857
6	56564503
6	56716281
6	57006792
6	57012307
6	57048856
6	57244724
6	64394052
6	64395141
6	64401724
6	64401854
6	64401881
6	64404571
6	64422066
6	64422318
6	64791755
6	65300118
6	65301117
6	65301784
6	65301857
6	65532544
6	66044805
6	66094302
6	66115178
6	69349237
6	69703835
6	69759194
6	70071397
6	70092781
6	70410689
6	70423563
6	70423660
6	70608900
6	70646711
6	70866024
6	71004188
6	71234495
6	71235323
6	71245997
6	72892167
6	72960769
6	73017012
6	73108671
6	73879567
6	73905169
6	73933492
6	74063897
6	74078506
6	74079353
6	74117772
6	74150030
6	74155353
6	74227486
6	74304684
6	74346406
6	74440163
6	74481193
6	74481299
6	74516669
6	76023721
6	76124490
6	76343307
6	76591412
6	76660415
6	76660805
6	76782276
6	78172193
6	79608035
6	79655966
6	79668221
6	79707306
6	79708099
6	79727227
6	80222939
6	80223051
6	80626527
6	83602701
6	83754345
6	83829562
6	83832636
6	83839089
6	83900642
6	84055897
6	84234444
6	84371287
6	84765037
6	84896325
6	86181001
6	86253463
6	86328993
6	86350232
6	87726245
6	87943081
6	87967461
6	87968542
6	87993877
6	87994149
6	88074836
6	88075017
6	88218163
6	88224112
6	88273851
6	88311549
6	88366685
6	88767344
6	88854630
6	89600276
6	90039597
6	90276737
6	90448158
6	90452878
6	90572336
6	90572872
6	90575787
6	90576687
6	90578437
6	90605433
6	90661285
6	93956553
6	94120178
6	96034467
6	96651056
6	96651230
6	96996080
6	97000528
6	97051624
6	97587232
6	97679529
6	99374572
6	99729199
6	99739694
6	99848627
6	99891451
6	99893833
6	99912964
6	99936646
6	100056621
6	100841487
6	100960782
6	101054908
6	101296418
6	101847239
6	102124662
6	102247617
6	102307217
6	105177509
6	105564575
6	105606457
6	105781363
6	106999787
6	107019842
6	107390757
6	107390787
6	107531678
6	107655469
6	108066344
6	108093501
6	108192731
6	108197787
6	108214797
6	108365843
6	108501566
6	109232170
6	109748083
6	109787507
6	109802885
6	109814704
6	110037744
6	110522830
6	110567212
6	111211528
6	111318400
6	111621310
6	111636554
6	111696343
6	111699009
6	111726690
6	112015662
6	112382254
6	112443227
6	112453970
6	112460448
6	112499331
6	112537653
6	114262193
6	114378586
6	116264232
6	116325138
6	116446591
6	116573928
6	116575057
6	116833417
6	116833441
6	116914255
6	116949323
6	116977966
6	117013233
6	117127604
6	117127980
6	117647553
6	117681082
6	117725515
6	118014217
6	118588241
6	121482144
6	121482178
6	121613210
6	121624823
6	121768708
6	123126204
6	123127393
6	123385002
6	123658770
6	123818395
6	123833494
6	124604217
6	124979591
6	125402605
6	125597186
6	126210830
6	126333966
6	127517380
6	127608617
6	127648254
6	127767691
6	127768652
6	127768765
6	127794456
6	127834111
6	128134152
6	128134506
6	128298134
6	128304112
6	129204500
6	129475707
6	129486815
6	129513873
6	129573286
6	129581881
6	129591822
6	129663487
6	129766889
6	129802562
6	129802567
6	129826378
6	129899639
6	130154728
6	130425615
6	130475988
6	130762228
6	131276416
6	131925428
6	131929076
6	131995305
6	132022067
6	132031210
6	132043369
6	132043403
6	132204843
6	132206104
6	132270668
6	132793454
6	132891982
6	132938860
6	132966342
6	133005614
6	133055849
6	133070965
6	133421209
6	133783489
6	133802626
6	133827236
6	133844203
6	133844262
6	134308403
6	134491431
6	134583003
6	135286336
6	135286358
6	135299849
6	135306526
6	135639675
6	136582107
6	136582453
6	136599630
6	136960756
6	137015347
6	137522142
6	137540444
6	137815294
6	138582667
6	138584676
6	138608297
6	138734105
6	138752362
6	139097218
6	139223849
6	139226213
6	139232475
6	139564168
6	142409481
6	142630754
6	142725013
6	143074653
6	143082656
6	143094288
6	143660979
6	143660998
6	143772150
6	144508337
6	144779923
6	144812067
6	144869958
6	145172344
6	146126018
6	146127048
6	146267452
6	146273496
6	146720216
6	146755479
6	146875892
6	147067146
6	147073671
6	147122375
6	147136370
6	148664346
6	148840733
6	149719195
6	149795403
6	149795674
6	150022965
6	150023019
6	150266444
6	150387292
6	151054806
6	151277152
6	151671528
6	151671974
6	151674853
6	151789675
6	151894345
6	151936652
6	151939292
6	152443792
6	152485332
6	152523035
6	152539492
6	152583190
6	152639391
6	152642974
6	152650992
6	152652445
6	152737754
6	152777024
6	152779939
6	153077320
6	153292267
6	153292504
6	153345589
6	154412195
6	154412548
6	154439827
6	154727613
6	155129920
6	155145367
6	155154099
6	155485641
6	155504465
6	155565822
6	155574087
6	155575646
6	155581427
6	155632338
6	157502258
6	157527507
6	158049496
6	158490642
6	158532354
6	158613125
6	158618408
6	158734910
6	159184436
6	159197491
6	159407451
6	159464681
6	159465015
6	159653159
6	159653499
6	159654782
6	160113601
6	160176573
6	160176703
6	160201987
6	160496917
6	160514904
6	160677706
6	160679619
6	160952882
6	160966540
6	161470457
6	161470555
6	162394380
6	163986951
6	165693428
6	165746376
6	166743676
6	166836822
6	167360176
6	167436091
6	167550090
6	167550188
6	167570858
6	167594148
6	167704920
6	167719501
6	167721356
6	167754223
6	167754699
6	167754758
6	167787912
6	168276043
6	168303009
6	168443279
6	168445512
6	168445517
6	168445695
6	168709108
6	169632885
6	169639737
6	169857637
6	170002355
6	170112516
6	170118935
6	170190293
6	170190318
6	170594343
6	170852802
6	170873691
7	296993
7	814701
7	905627
7	1009065
7	1012843
7	1785513
7	2414170
7	2472713
7	2959050
7	2966406
7	2974137
7	3658798
7	4152925
7	4799036
7	4823929
7	4831038
7	4838829
7	5103513
7	5256785
7	5334518
7	5754774
7	5925716
7	5951508
7	6006733
7	6026643
7	6043660
7	6180592
7	6579372
7	6730531
7	6730647
7	6785798
7	6797323
7	6798760
7	6826645
7	6861921
7	7476037
7	7545697
7	7571062
7	7571429
7	7613271
7	8790784
7	11676391
7	12410289
7	12419133
7	12428878
7	12617779
7	12668785
7	12727840
7	13946090
7	14378211
7	14378231
7	15427133
7	15601473
7	16445746
7	16505470
7	16729529
7	16745807
7	17362185
7	17855901
7	17979926
7	18535838
7	18687588
7	19737968
7	20198862
7	20687129
7	20698763
7	20725412
7	20762822
7	21469068
7	21469411
7	21628825
7	21630554
7	21675558
7	21827137
7	21906202
7	21912930
7	21934337
7	22478172
7	23016959
7	23030716
7	23240207
7	23351879
7	23383437
7	23387298
7	23650970
7	23724210
7	23741865
7	23750150
7	23768848
7	23775303
7	23802448
7	23826172
7	24859814
7	24901308
7	24903219
7	26225491
7	27147924
7	27168622
7	27187135
7	27194443
7	27224386
7	27240580
7	27565827
7	27570855
7	27827194
7	27872289
7	28858791
7	28997280
7	29433323
7	29980430
7	30066184
7	30090074
7	30101579
7	30536547
7	30818144
7	30951578
7	31682892
7	31692199
7	31735209
7	31746958
7	31747029
7	31887647
7	32582761
7	32910450
7	33020089
7	33545174
7	34094877
7	34977697
7	35674825
7	36492309
7	36661331
7	37251016
7	37901701
7	37916566
7	37936563
7	37988465
7	38299730
7	38305208
7	38357309
7	38398389
7	38398634
7	38402489
7	38502699
7	38514956
7	38765671
7	38937711
7	39247123
7	39500252
7	39503941
7	39745743
7	39745749
7	40027692
7	40220597
7	42003920
7	42012080
7	42018306
7	42949215
7	42950227
7	43360288
7	43684885
7	43846598
7	43917456
7	43917729
7	43992128
7	44027341
7	44116211
7	44444152
7	44578618
7	44741208
7	45124587
7	45141949
7	45148446
7	45748045
7	45956180
7	47336726
7	47341840
7	47698695
7	47968883
7	47979894
7	48018179
7	48056936
7	48258983
7	48269540
7	48285141
7	48313568
7	48315032
7	48412085
7	48428710
7	48528847
7	48550753
7	48619944
7	48684218
7	48685023
7	50057846
7	50129253
7	50367274
7	50513484
7	50514088
7	50660488
7	50686909
7	51085110
7	51096885
7	53103700
7	54636939
7	55273351
7	55540571
7	55872965
7	55872994
7	56022939
7	57187405
7	57187560
7	57187652
7	57187836
7	57188004
7	57188024
7	57188567
7	57522253
7	57522857
7	62752012
7	62752433
7	62752515
7	62752861
7	63538170
7	63538506
7	63538590
7	63727100
7	63809071
7	63809649
7	63982191
7	63986633
7	64167473
7	64439756
7	64452930
7	64864700
7	65425946
7	65842450
7	66262410
7	66297453
7	72267507
7	72413281
7	72416679
7	72657310
7	72658539
7	72719090
7	73010717
7	73456948
7	73470762
7	73535360
7	73790288
7	73818312
7	74197281
7	74211679
7	74211844
7	74470146
7	74480411
7	74480440
7	74564706
7	74824201
7	75051183
7	75185447
7	75398857
7	76069798
7	76825562
7	76825985
7	76828827
7	76908354
7	76924277
7	77200464
7	77200478
7	77240121
7	77256291
7	77538252
7	77549611
7	77708379
7	77830501
7	77973155
7	78636480
7	79846806
7	79846867
7	80088144
7	80302680
7	80374149
7	81346626
7	81350155
7	81392026
7	81765991
7	82390017
7	82544693
7	82579135
7	82582261
7	82584401
7	82584994
7	83590603
7	86493832
7	86577145
7	86808912
7	86815237
7	87004969
7	87005203
7	87035619
7	87035793
7	87407141
7	87536500
7	87810852
7	87913516
7	88956756
7	88962696
7	88964559
7	88965007
7	88965588
7	89866184
7	89866186
7	89866426
7	89909144
7	89915627
7	89939544
7	90012388
7	91603044
7	91625058
7	91632209
7	91652199
7	91691743
7	91694548
7	91709328
7	91726195
7	91739511
7	91742922
7	91793375
7	92731740
7	92731780
7	92733821
7	92760782
7	92761001
7	92761345
7	92765286
7	92826705
7	92848439
7	92881984
7	92932792
7	92983000
7	92983058
7	93108753
7	93112147
7	93518399
7	93551412
7	94293191
7	94539977
7	94881345
7	94919405
7	94931535
7	95115339
7	95216809
7	95820524
7	95864213
7	96649971
7	97617787
7	97857397
7	97921905
7	98508891
7	98546259
7	98581838
7	98581897
7	98601886
7	98645408
7	98961204
7	98988604
7	99057758
7	99084663
7	99085202
7	99103596
7	99103737
7	99123772
7	99144588
7	99227017
7	99250280
7	99264270
7	99355723
7	99361562
7	99364822
7	99367804
7	99436746
7	99474390
7	99490015
7	99569409
7	99688570
7	99688765
7	99693651
7	99700308
7	99722559
7	99753042
7	99764312
7	99809080
7	99811680
7	99909547
7	100187909
7	100244667
7	100274167
7	100333378
7	100349493
7	100404063
7	100410757
7	100421318
7	100490363
7	100648305
7	100677287
7	100679005
7	100679059
7	100682949
7	100684298
7	100685291
7	100692640
7	100695205
7	100701292
7	100780815
7	100808074
7	100839478
7	100843789
7	100849679
7	100853834
7	100856462
7	100861240
7	101256719
7	101259545
7	101266313
7	101267468
7	101559470
7	102197633
7	102669052
7	102743812
7	102760132
7	102824525
7	102915977
7	102953082
7	102993180
7	103014756
7	103033505
7	103050847
7	103053541
7	103124118
7	103151406
7	103159942
7	103180853
7	103197580
7	103275998
7	104546657
7	104546696
7	104741944
7	104909273
7	105098125
7	105260699
7	105401700
7	105655580
7	106509376
7	106515198
7	106523486
7	106843949
7	106850985
7	107115012
7	107115371
7	107221278
7	107253834
7	107414577
7	107414591
7	107564386
7	107600255
7	107602031
7	107678003
7	107688370
7	107717449
7	107823245
7	107880565
7	108209780
7	110526659
7	110762630
7	111422927
7	111585841
7	111980968
7	112415367
7	112424324
7	113518162
7	113519043
7	113519285
7	113519690
7	114282531
7	115580604
7	115897623
7	116165028
7	116199373
7	116339777
7	116340056
7	116422057
7	117180158
7	117227878
7	117351517
7	117358095
7	117422918
7	117431531
7	117431606
7	117864772
7	117879985
7	120387951
7	120609089
7	120765902
7	120773893
7	121650823
7	121651862
7	121682689
7	121701264
7	121716435
7	121738871
7	121942273
7	121942968
7	121943363
7	121960333
7	121985672
7	122033593
7	122338543
7	122341836
7	122377022
7	122635169
7	122635482
7	122839969
7	123269343
7	123508443
7	123508855
7	123517105
7	123593516
7	123594119
7	123599765
7	124386935
7	124482862
7	126542657
7	126882821
7	127014678
7	127222277
7	127254590
7	127255325
7	127670216
7	128037057
7	128315753
7	128355484
7	128441290
7	128807716
7	129125455
7	129317486
7	129350253
7	129933075
7	130008376
7	131071967
7	131128290
7	131155689
7	131831426
7	131849946
7	131872290
7	131895873
7	132193118
7	133943142
7	134127367
7	134552545
7	134618446
7	134625977
7	134653331
7	134672663
7	134882867
7	134928122
7	135614578
7	136700188
7	137151664
7	137170135
7	137172414
7	138281184
7	138344672
7	138447695
7	138554405
7	138957074
7	139030487
7	139257567
7	139268663
7	139416729
7	139724228
7	139737552
7	140218298
7	140244477
7	140285394
7	140482852
7	141438949
7	141464166
7	141490122
7	141619273
7	141673045
7	141708503
7	141724905
7	141730229
7	141738373
7	141752763
7	141754553
7	142104260
7	142119920
7	142197824
7	142250769
7	142423663
7	142448473
7	142606730
7	142622599
7	142658027
7	142880675
7	142881330
7	143018475
7	143079757
7	143175295
7	143175748
7	143510016
7	143573678
7	143632356
7	143632390
7	143633203
7	143633232
7	143747770
7	143747892
7	143771516
7	143772230
7	143792270
7	143884023
7	143929875
7	143956260
7	143965626
7	144059984
7	144150652
7	147092835
7	147926862
7	148454195
7	148504615
7	148523717
7	148771551
7	148951443
7	149427623
7	149467625
7	149477877
7	149482289
7	149494378
7	149511606
7	149522371
7	149523267
7	149545038
7	150164222
7	150174839
7	150440136
7	150557692
7	150714179
7	150715069
7	150884849
7	150910976
7	150936096
7	150936821
7	150937314
7	151254242
7	151664295
7	151711728
7	151856008
7	151873366
7	151878883
7	151884866
7	151962236
7	152009030
7	154667655
7	154735697
7	154863198
7	155100102
7	155493618
7	156432435
7	156432445
7	156447397
7	156762477
7	157023978
7	157151315
7	157396736
7	157985044
7	157997904
7	158486103
8	192960
8	195911
8	196079
8	196231
8	363137
8	442598
8	1824810
8	1824892
8	2057201
8	2071143
8	2088702
8	2910029
8	2966166
8	3047542
8	3059241
8	6389979
8	6582429
8	6590133
8	6612681
8	6668786
8	6669420
8	6673426
8	7340190
8	7686520
8	7694054
8	7721300
8	8185743
8	8197000
8	8748366
8	8998330
8	8998766
8	9437894
8	9567849
8	9588456
8	9610113
8	10388978
8	10464467
8	10465128
8	10466260
8	10467880
8	10583479
8	10683732
8	11180245
8	11406542
8	11418936
8	11970634
8	12946014
8	13357606
8	13424852
8	16026303
8	16962959
8	17065489
8	17067519
8	17163438
8	17169179
8	17230725
8	17412526
8	17581259
8	17613186
8	17796396
8	17815198
8	18490315
8	18662358
8	18729950
8	19214733
8	19231123
8	19277981
8	19811636
8	19822839
8	19822862
8	20110674
8	20110781
8	21927730
8	21957283
8	21964724
8	22009164
8	22069367
8	22167502
8	22272395
8	22368688
8	22398195
8	22548994
8	22864390
8	22875027
8	22886048
8	22960468
8	23147718
8	23167216
8	23177458
8	23294506
8	23709024
8	24190190
8	24339742
8	24339805
8	24773231
8	24774618
8	24775490
8	24811235
8	24813408
8	25101217
8	25337619
8	25343330
8	25364145
8	25364296
8	25890654
8	25902328
8	26237612
8	26237888
8	26238419
8	26484785
8	26721631
8	27277504
8	27293815
8	27296578
8	27308583
8	27321383
8	27327480
8	27373893
8	27401307
8	27455561
8	27593662
8	27610037
8	27667677
8	27779209
8	27927822
8	27931916
8	28206272
8	28206326
8	28827636
8	28927892
8	28974356
8	29989648
8	29989722
8	30040650
8	30623765
8	30701930
8	30702456
8	30704082
8	30705386
8	30706515
8	30938552
8	32505432
8	32621456
8	33356605
8	33369624
8	36666273
8	36671735
8	36768513
8	37599316
8	37734659
8	37793310
8	37985892
8	38008293
8	38008541
8	38067989
8	38099773
8	38175379
8	38282111
8	38282147
8	38373948
8	38852992
8	38873480
8	39089620
8	39111964
8	39467034
8	39468342
8	39495060
8	39645641
8	39873261
8	40389635
8	41553945
8	41577373
8	41790387
8	41792352
8	41834706
8	42162728
8	42178258
8	42179581
8	42263138
8	42295059
8	42591851
8	42698372
8	43159841
8	43218247
8	48641660
8	48790402
8	48827897
8	48843348
8	48869957
8	48878806
8	48883364
8	48973338
8	49831491
8	49832958
8	49832969
8	49833801
8	49833852
8	49985442
8	49986691
8	51571204
8	52320650
8	52733152
8	53558288
8	53568773
8	53569953
8	53570450
8	54656139
8	54960430
8	55533636
8	55537376
8	55538093
8	55538364
8	55540655
8	55542453
8	56436607
8	56652647
8	56668946
8	56922615
8	56982386
8	56985812
8	57079778
8	57219352
8	57228857
8	59352299
8	59404924
8	59409435
8	59490753
8	59494418
8	59522267
8	59750747
8	61654249
8	61720811
8	61741318
8	61773574
8	62412120
8	63659606
8	63902925
8	63927957
8	63930182
8	63973737
8	64099791
8	65517257
8	67089058
8	67089066
8	67342471
8	67361109
8	67428427
8	67507910
8	67511363
8	67591967
8	67971643
8	68007717
8	68007726
8	68070810
8	68087361
8	68112614
8	68123715
8	68165758
8	68396961
8	68981343
8	68992692
8	70536227
8	70585015
8	70585342
8	70667688
8	70744067
8	71593384
8	72127625
8	72128981
8	72754929
8	72948539
8	73849015
8	73937114
8	74205017
8	74333453
8	74333590
8	74621395
8	74742625
8	74888553
8	75171630
8	75227385
8	75737303
8	75761361
8	77617508
8	77763411
8	77764227
8	77764759
8	77765537
8	77768353
8	77776551
8	80577176
8	81411875
8	81897467
8	82196118
8	82359708
8	82583270
8	82627048
8	86021837
8	86089855
8	86126720
8	86163043
8	86193471
8	86250505
8	86253878
8	87060713
8	87151852
8	87165172
8	87226839
8	87393047
8	87487150
8	87549795
8	87588127
8	87645051
8	87755889
8	87917398
8	88249334
8	88885184
8	88885505
8	89053664
8	89081712
8	89086879
8	89131040
8	90802519
8	90958385
8	90994993
8	91643785
8	91657344
8	91937858
8	92007771
8	92145396
8	92261899
8	93003954
8	93023320
8	93029724
8	93029740
8	94747056
8	94815888
8	94930061
8	95172237
8	95182638
8	95264372
8	95272565
8	95384317
8	95406084
8	95470577
8	95523551
8	95680418
8	95709089
8	95837220
8	95877764
8	95886790
8	96276000
8	97157009
8	97245421
8	97256275
8	97285595
8	97316364
8	97614720
8	99101455
8	99101900
8	99142311
8	99248397
8	99441463
8	99779497
8	99786981
8	99963981
8	100133798
8	100147932
8	100847455
8	100871590
8	101054038
8	101075840
8	101083615
8	101152971
8	101153093
8	101153456
8	101154286
8	101190137
8	101243442
8	101243501
8	101252864
8	101270654
8	101718929
8	101936273
8	103307683
8	103323586
8	103340027
8	104340620
8	104439464
8	105367240
8	105405061
8	106813313
8	106813886
8	106815402
8	106815425
8	107752593
8	110131635
8	110293400
8	110416920
8	110442244
8	110463270
8	110503228
8	110519970
8	110576843
8	110587490
8	113236910
8	113253987
8	113276013
8	113314116
8	113314180
8	113364662
8	113392594
8	113697859
8	113702126
8	116426162
8	116616419
8	116616594
8	116617112
8	117783964
8	117861241
8	117878883
8	118159330
8	119122723
8	119936821
8	119941102
8	120429016
8	120575158
8	120631537
8	120650739
8	120814204
8	121180405
8	121228689
8	121519076
8	122626174
8	122627007
8	124089350
8	124096440
8	124121750
8	124265726
8	124267679
8	124267871
8	124351612
8	124547024
8	124664067
8	124664722
8	124975626
8	124989810
8	125015536
8	125058353
8	125072410
8	125072866
8	125109590
8	125463271
8	125516547
8	125565875
8	125580829
8	125989469
8	125989485
8	126033040
8	126061251
8	126075832
8	126091037
8	126448483
8	128753239
8	130788400
8	131140288
8	131414152
8	131880098
8	132958879
8	133141543
8	133740063
8	133771118
8	133811337
8	133844509
8	133941367
8	133981714
8	133981738
8	134030233
8	134031914
8	134050701
8	134145713
8	134260137
8	135545154
8	139144866
8	139163990
8	139278034
8	139323090
8	139380208
8	139668162
8	139675946
8	139688866
8	139727975
8	139833563
8	139890047
8	141285824
8	141545600
8	141582927
8	142178355
8	142202480
8	142446801
8	142476520
8	142484237
8	143562683
8	143694541
8	143823261
8	143866841
8	143996298
8	144413487
8	144550620
8	144898751
8	144899945
8	144944812
8	144998384
8	145024540
8	145059118
8	145112502
8	145583921
8	145661050
8	145669329
8	145763177
8	145999190
8	146054881
8	146067301
8	146067385
8	146278181
8	146279727
9	118039
9	172148
9	339015
9	407048
9	433956
9	452072
9	463658
9	916815
9	990704
9	2032966
9	2104109
9	2192726
9	2651926
9	2807836
9	3266284
9	3828361
9	3828393
9	4617927
9	4688540
9	4701895
9	5022008
9	5054832
9	5066739
9	5081742
9	5163961
9	5456131
9	5763751
9	5772740
9	5774356
9	5922556
9	5954090
9	5968511
9	6013426
9	6014635
9	6328635
9	6329971
9	6644632
9	6720891
9	6893113
9	6986483
9	7076441
9	8518099
9	8521544
9	12708134
9	12709023
9	13162795
9	13196200
9	13216801
9	14307111
9	14307200
9	14816805
9	14863874
9	15047926
9	15188068
9	15591502
9	15591504
9	15777723
9	16436006
9	17394760
9	17786519
9	17793479
9	17793490
9	18574118
9	18777172
9	19032898
9	19050669
9	19342736
9	19346459
9	19371667
9	19371758
9	19786709
9	20990263
9	21015908
9	21029310
9	21141167
9	21141398
9	21166075
9	21239653
9	21334100
9	21334621
9	21367676
9	21384921
9	21385296
9	21441221
9	23701376
9	23762099
9	26980596
9	26996331
9	26999611
9	27157910
9	27158095
9	27192600
9	27229296
9	27359143
9	27524880
9	27567040
9	27949465
9	27950428
9	27950531
9	32493845
9	32541770
9	32542508
9	32543046
9	32632360
9	32633424
9	32635133
9	32784343
9	33113820
9	33385233
9	33465859
9	33797863
9	34234280
9	34234298
9	34501143
9	34517452
9	34622459
9	34660750
9	34729359
9	34837694
9	34976631
9	35077293
9	35091518
9	35095327
9	35106620
9	35404038
9	35608405
9	35618417
9	35650778
9	35664110
9	35681988
9	35682981
9	35698618
9	35736045
9	35738221
9	35740950
9	35802215
9	35810025
9	35818938
9	35846936
9	36120698
9	36227267
9	36233980
9	36375992
9	36671156
9	37015134
9	37305580
9	37436886
9	37441148
9	37441761
9	37692685
9	37745345
9	37763673
9	37842225
9	38595677
9	38596010
9	39085659
9	39175984
9	40772250
9	40773216
9	65507531
9	67926912
9	67968324
9	69120781
9	70177667
9	71098851
9	71152405
9	71395637
9	71623572
9	71628130
9	71687531
9	71992657
9	72071289
9	72131013
9	72131316
9	72131785
9	72365750
9	72520869
9	72840671
9	72962882
9	72965054
9	73151925
9	73151980
9	73167936
9	73230915
9	73736452
9	74300659
9	74360063
9	74360134
9	74481882
9	74489764
9	74817493
9	74975575
9	75516030
9	75531955
9	77277507
9	77354917
9	77357489
9	77397304
9	77470454
9	79002199
9	79003486
9	79117308
9	79320039
9	79324898
9	79328557
9	79896801
9	79922876
9	79959119
9	80943058
9	80944145
9	82323521
9	82339958
9	84205842
9	84230908
9	84531804
9	84562452
9	84607918
9	86354418
9	86495329
9	86504013
9	86571481
9	86617688
9	86914553
9	87325662
9	87425517
9	87636169
9	88203388
9	88261244
9	88633239
9	88934576
9	90219902
9	90266526
9	90321757
9	90343513
9	90498920
9	90500180
9	90501328
9	90502338
9	91090172
9	91606974
9	91616554
9	91653055
9	91657061
9	93375522
9	94171922
9	94172202
9	94809461
9	95078394
9	95163452
9	95263287
9	95272235
9	95411765
9	95475603
9	95584491
9	95608934
9	95778087
9	95840164
9	96326781
9	96859815
9	97221498
9	97329707
9	97349706
9	97823040
9	97897778
9	98218603
9	98239054
9	98242810
9	98669477
9	98683470
9	99250529
9	99284842
9	99522531
9	99580183
9	99580376
9	99580392
9	99580535
9	99580812
9	99580913
9	99697721
9	99721176
9	100201579
9	100234642
9	100426648
9	100426660
9	100437716
9	100451889
9	100845299
9	100862360
9	100887089
9	101788222
9	101829215
9	103063030
9	103092330
9	103102638
9	103109630
9	103213136
9	103278987
9	103312405
9	103348116
9	103348192
9	104171309
9	104238267
9	104314501
9	104341579
9	105767430
9	105767844
9	106878523
9	107289160
9	107361217
9	107457317
9	107555122
9	107584900
9	108397408
9	108425068
9	109688180
9	109773327
9	110249589
9	111732758
9	111782581
9	111899779
9	111976099
9	112153444
9	112705127
9	112899505
9	113132240
9	113168920
9	113169102
9	113170608
9	113173745
9	113173803
9	113341520
9	113530173
9	113562709
9	114134715
9	114156007
9	114184241
9	114184307
9	114296129
9	114500562
9	114548272
9	114803711
9	115337223
9	115598544
9	115652644
9	115804967
9	115805169
9	115805792
9	116046587
9	116080895
9	116132221
9	116171188
9	116175883
9	116840379
9	116840411
9	116931158
9	117050997
9	117086053
9	117129848
9	117266785
9	117692667
9	117838314
9	117849520
9	117853102
9	119188259
9	119461819
9	120475079
9	120475265
9	120475379
9	120475949
9	120476172
9	120476598
9	121930271
9	123151474
9	123201897
9	123253735
9	123370051
9	123589136
9	123667503
9	123782259
9	123850681
9	123857202
9	123875841
9	123914653
9	124111449
9	124736324
9	124988681
9	125014177
9	125288936
9	125289015
9	125289339
9	125289539
9	125329986
9	125423896
9	125423953
9	125424830
9	125438156
9	125552054
9	125612078
9	125616058
9	125672993
9	125673694
9	125680863
9	125797697
9	125887667
9	125898377
9	125921443
9	125922743
9	127113240
9	127239300
9	127289152
9	127302467
9	127306128
9	127572682
9	127644812
9	127951937
9	127996404
9	128001785
9	128510651
9	129641995
9	130104557
9	130147366
9	130245234
9	130432199
9	130502055
9	130513568
9	130648957
9	130658538
9	130863393
9	131024956
9	131094467
9	131255048
9	131256868
9	131285061
9	131340417
9	131361316
9	131394744
9	131394965
9	131513773
9	131591390
9	131670316
9	131709350
9	131735497
9	131882823
9	132719700
9	132838715
9	133512478
9	133907465
9	133951327
9	133952632
9	134073232
9	134321959
9	134385745
9	134463344
9	135145066
9	135150654
9	135173493
9	135203808
9	135205090
9	135470417
9	135522326
9	135554886
9	135564449
9	135929245
9	135961727
9	136389838
9	136512992
9	136521701
9	137582831
9	137622285
9	137623968
9	137630649
9	137774464
9	137967613
9	138439772
9	138454716
9	138556137
9	138585312
9	138585455
9	138590844
9	138651585
9	138754444
9	138773508
9	138774925
9	139092546
9	139103194
9	139258502
9	139264979
9	139369263
9	139390733
9	139409974
9	139650800
9	139652492
9	139735183
9	139837071
9	139841140
9	140036545
9	140142215
9	140201473
9	140243727
9	140350900
9	140354922
9	140437885
9	140441761
9	140450084
9	140622832
9	140637978
9	140712560
9	140865908
9	140952676
9	141006878
10	329301
10	332272
10	860918
10	1061799
10	1089812
10	1205891
10	1208712
10	1279761
10	3180189
10	3190225
10	3201188
10	3824115
10	5005678
10	5032031
10	5037992
10	5041445
10	5260790
10	5260903
10	5435795
10	5443009
10	5499025
10	5683746
10	5772917
10	5781613
10	5782424
10	5805046
10	5995053
10	6054812
10	6470298
10	7217977
10	7325982
10	7611706
10	7615128
10	7627889
10	7659204
10	7679405
10	7747143
10	8093244
10	11299737
10	11504358
10	11543105
10	11560539
10	11994105
10	12209596
10	12211256
10	12833167
10	12870810
10	13214724
10	13386914
10	14870191
10	14890847
10	14894448
10	14896175
10	14951015
10	14974935
10	15089163
10	15107645
10	15115347
10	15138352
10	15145497
10	15145662
10	15161458
10	15255565
10	15688894
10	16859113
10	16870882
10	16916380
10	16948316
10	17195597
10	17363213
10	18087637
10	18174339
10	18964319
10	20290840
10	20466309
10	21115412
10	21158735
10	21185889
10	22022911
10	22618428
10	23297298
10	23319619
10	23393122
10	23410015
10	23611441
10	23633511
10	24762166
10	24783450
10	24813448
10	24834988
10	24873933
10	24874495
10	24909625
10	24910065
10	25138572
10	25313379
10	26310490
10	26385314
10	26446390
10	26446396
10	26462887
10	26463081
10	26463432
10	26849126
10	27037669
10	27040543
10	27406634
10	27537016
10	27964153
10	28151480
10	28223994
10	28229547
10	28420522
10	28970244
10	29079570
10	29599959
10	29770550
10	29776147
10	29782231
10	29813568
10	30317346
10	30604896
10	30655295
10	30748379
10	30901771
10	30986322
10	30987341
10	31134277
10	31137837
10	31138155
10	31809072
10	31809210
10	31810481
10	32099583
10	32197781
10	32310013
10	32635874
10	32761462
10	32863455
10	33017848
10	33017901
10	33134820
10	33135308
10	33137625
10	33545339
10	34739257
10	34759192
10	35320512
10	35351902
10	35426721
10	35464539
10	35495976
10	37414880
10	37422889
10	38126968
10	38241544
10	38344580
10	38407070
10	38408285
10	42831753
10	42916341
10	43089831
10	43609111
10	43622178
10	43655995
10	43870072
10	43870970
10	43882423
10	44052357
10	44052635
10	44111940
10	44139453
10	44139491
10	44871444
10	45430156
10	45602320
10	46121718
10	46159006
10	46159140
10	46274454
10	46611729
10	46959992
10	46960034
10	46962024
10	46965835
10	46965885
10	46999445
10	47087146
10	47087511
10	48383866
10	48389864
10	48416477
10	48771399
10	49430418
10	49618104
10	49935703
10	49939396
10	49942017
10	49982685
10	50081659
10	50081680
10	50121853
10	50167812
10	50256599
10	50311791
10	50339528
10	50374832
10	50374982
10	50725153
10	50857676
10	50952736
10	51562496
10	51585325
10	52087030
10	52390062
10	52390107
10	52570847
10	52587963
10	54040566
10	55566583
10	55566674
10	55568519
10	55568704
10	55568842
10	55569072
10	55583062
10	55583063
10	55721588
10	55755276
10	56138633
10	59955857
10	60548181
10	61005349
10	61414117
10	61830008
10	61832027
10	61832438
10	61833503
10	61835920
10	61847924
10	62631393
10	63525775
10	64967315
10	64973781
10	68535266
10	68687212
10	69672272
10	69699350
10	69881563
10	69881906
10	69948679
10	69954217
10	69959199
10	70202856
10	70332415
10	70332625
10	70404659
10	70411688
10	70496737
10	70520794
10	70641774
10	70775533
10	70775592
10	70776036
10	70987100
10	71003077
10	71018651
10	71026507
10	71175861
10	71255378
10	71266629
10	71391596
10	71913631
10	71962902
10	72357654
10	72517786
10	72532313
10	73447440
10	73468897
10	73590888
10	73828005
10	73856973
10	73990146
10	74127971
10	74167768
10	74790078
10	74881957
10	74881980
10	75037110
10	75095277
10	75148091
10	75187482
10	75279426
10	75413284
10	75487188
10	75519546
10	75526137
10	75550762
10	75675091
10	75849004
10	75910985
10	76429959
10	76982023
10	76990727
10	79576814
10	79769648
10	80961430
10	81053330
10	81058873
10	81274853
10	81374885
10	81850810
10	82036143
10	82269159
10	83635537
10	83635919
10	83637514
10	83926497
10	85912192
10	85981602
10	88220178
10	88231998
10	88260201
10	88277847
10	88702116
10	88759203
10	88988359
10	89124931
10	89268226
10	89621707
10	89624245
10	89653842
10	89692898
10	90034736
10	90356597
10	90438297
10	90562594
10	90774000
10	90983454
10	91099122
10	91099366
10	91203556
10	91371496
10	91486188
10	91497569
10	92502191
10	92509291
10	92680947
10	93038067
10	93221942
10	93242759
10	93272181
10	93389874
10	93601083
10	93713510
10	93718932
10	93749099
10	93770902
10	94452173
10	94454304
10	94454498
10	94835697
10	94836454
10	94836752
10	94836819
10	95066541
10	95159233
10	95276727
10	95351705
10	95459790
10	95517968
10	95518525
10	95553033
10	95718509
10	95719297
10	95720370
10	96068455
10	96076352
10	96081669
10	96333775
10	96356659
10	96361316
10	96748691
10	96798783
10	96802834
10	96818110
10	96988429
10	96988615
10	97197274
10	97200895
10	97515821
10	97787034
10	97818071
10	97917720
10	97966775
10	98078212
10	98078230
10	98105504
10	98127807
10	98146741
10	98192690
10	98287243
10	98386470
10	98386618
10	98416630
10	98807748
10	98808794
10	99131679
10	99196982
10	99226621
10	99377006
10	99619229
10	99643977
10	99969543
10	100019157
10	100019168
10	100401613
10	101120664
10	101492143
10	101507134
10	101578906
10	101578977
10	101594172
10	101816879
10	101911868
10	101982694
10	102039907
10	102541073
10	102676961
10	102676969
10	102678181
10	102684373
10	102737461
10	102738018
10	102738823
10	102749105
10	102799543
10	102891258
10	103296370
10	103347119
10	103542277
10	103551148
10	103826015
10	103908961
10	103988684
10	104130495
10	104161211
10	104164802
10	104173861
10	104356918
10	104650348
10	104678990
10	104679654
10	104835948
10	104849642
10	105063656
10	105174037
10	105762247
10	105803329
10	105815739
10	105831820
10	105889764
10	105920909
10	105926473
10	105963384
10	106118141
10	106152118
10	106152130
10	106153215
10	106166535
10	106209949
10	106959780
10	106960988
10	108434809
10	111860477
10	111890220
10	112269830
10	112338427
10	112361730
10	112769582
10	112838248
10	113913340
10	114044301
10	114061878
10	114496580
10	114910865
10	114910882
10	115401232
10	115804449
10	115895996
10	115970722
10	115986970
10	115991309
10	116049087
10	116606013
10	116698195
10	116731930
10	116879956
10	117704253
10	118138927
10	118187485
10	118220538
10	118327344
10	118401676
10	118708485
10	118893611
10	118896116
10	119015156
10	119043231
10	119805441
10	120354412
10	120795664
10	120802033
10	121140377
10	121286825
10	121296007
10	123245037
10	123733627
10	123842206
10	123842909
10	123843390
10	123844856
10	123844926
10	124339169
10	124341319
10	124377590
10	124380872
10	124390636
10	124708295
10	124742896
10	124753794
10	124758172
10	124802675
10	124923399
10	125506241
10	125516816
10	125528214
10	125780868
10	125804295
10	126673439
10	127522501
10	127527585
10	127705755
10	127967504
10	128114301
10	128776236
10	129350776
10	129676611
10	129676676
10	129845728
10	129866455
10	129874922
10	129907384
10	131755558
10	131977808
10	133107448
10	133761289
10	133930598
10	133978172
10	134014421
10	134563295
10	134595561
10	134598862
10	135025185
10	135164935
10	135165804
10	135178183
10	135183499
10	135197516
10	135212723
10	135233611
10	135352508
10	135352600
11	209842
11	244732
11	248825
11	279849
11	320720
11	372880
11	379966
11	380313
11	407872
11	419588
11	591409
11	607787
11	618042
11	691531
11	721594
11	899390
11	1031685
11	1094824
11	1267410
11	1268763
11	1270290
11	1270556
11	1270585
11	1274083
11	1642548
11	1651032
11	1944119
11	1955025
11	1977578
11	2943415
11	2993398
11	3022270
11	3249992
11	3380849
11	3661226
11	3691031
11	3744669
11	4411571
11	4471491
11	4674429
11	4843076
11	4843089
11	4903446
11	4903992
11	4936359
11	4967652
11	4967881
11	4967997
11	4976494
11	4976610
11	5221893
11	5373264
11	5373395
11	5410760
11	5410940
11	5411210
11	5444111
11	5444261
11	5474918
11	5529304
11	5536179
11	5536513
11	5536528
11	5626762
11	5664631
11	5758225
11	5776816
11	6007469
11	6129055
11	6232257
11	6238727
11	6243764
11	6245214
11	6265271
11	6340302
11	6415691
11	6579361
11	6585118
11	6625399
11	6636774
11	6651021
11	6655525
11	6662628
11	6789367
11	6816425
11	6867597
11	6891669
11	6898503
11	6913545
11	6977395
11	7064670
11	7110279
11	7507122
11	7509417
11	7631561
11	7716874
11	7718062
11	7818426
11	7949338
11	7949397
11	7960881
11	7981377
11	8413830
11	8414133
11	8435232
11	8462292
11	8639495
11	9005437
11	9005463
11	9005629
11	9007398
11	9049077
11	9069079
11	9316856
11	9455362
11	9754216
11	9834095
11	9874255
11	10526104
11	10555654
11	10597652
11	10597699
11	10603531
11	10776609
11	10776662
11	10828867
11	10876045
11	11373834
11	11964232
11	12281375
11	12315174
11	12315302
11	12315811
11	12376376
11	12379958
11	12525924
11	12958796
11	13388320
11	13410443
11	13716436
11	13750380
11	14157106
11	14278226
11	14479290
11	14502640
11	14808123
11	14889224
11	14899829
11	14990171
11	15262015
11	15267728
11	16010674
11	16339872
11	16774348
11	17132027
11	17172170
11	17191191
11	17332414
11	17332456
11	17449894
11	17449907
11	17793324
11	17793473
11	17801027
11	18042711
11	18062328
11	18194805
11	18194853
11	18231290
11	18231482
11	18318408
11	18487239
11	18541149
11	18568443
11	18631437
11	18636920
11	18637137
11	18740216
11	18763930
11	18956062
11	18956211
11	19077883
11	19259673
11	19914112
11	19955098
11	19955393
11	20066886
11	20119198
11	20404712
11	20636242
11	20639313
11	20648305
11	20949977
11	21592479
11	22257748
11	22257756
11	22294372
11	22848789
11	25100268
11	26529757
11	26581350
11	26621235
11	26681908
11	26725356
11	27149173
11	27360432
11	27371811
11	28058076
11	30557586
11	30974051
11	31115678
11	31805149
11	32622377
11	32636228
11	32636276
11	32675584
11	32697145
11	32697466
11	32720808
11	32781798
11	32955694
11	32956714
11	33037937
11	33052962
11	33123747
11	33566801
11	33689877
11	33731685
11	33731839
11	33763372
11	33777332
11	33790506
11	34154639
11	34184250
11	34378308
11	34502337
11	34502381
11	34991821
11	35006231
11	35198121
11	35250904
11	35454063
11	35828104
11	36057774
11	36597696
11	36614907
11	40135873
11	40136642
11	40137423
11	40137850
11	43342374
11	43702355
11	43852284
11	44070018
11	44130751
11	45948049
11	45987025
11	46700685
11	46702650
11	46771888
11	46774960
11	46776498
11	46911963
11	47331089
11	47345343
11	47436905
11	47464266
11	47494692
11	47707579
11	47754170
11	47765580
11	47772474
11	47833884
11	47861855
11	48152248
11	48152263
11	48177584
11	48267317
11	49168251
11	49192803
11	49597739
11	49974330
11	50003294
11	50003836
11	51515359
11	55062991
11	55065531
11	55136168
11	55322463
11	55322882
11	55371310
11	55371648
11	55405844
11	55406480
11	55406513
11	55419140
11	55419308
11	55433159
11	55563568
11	55563701
11	55587411
11	55587651
11	55606553
11	55653583
11	55659229
11	55703649
11	55735481
11	55761422
11	55873329
11	55890562
11	55945009
11	56019826
11	56019988
11	56043510
11	56086458
11	56113810
11	56113962
11	56128034
11	56143825
11	56143844
11	56184874
11	56237799
11	56310243
11	56380184
11	56380880
11	56409867
11	56431251
11	56431324
11	56431692
11	56467903
11	56468163
11	56468719
11	56510749
11	56949617
11	57077549
11	57087724
11	57099737
11	57114597
11	57116176
11	57147249
11	57157369
11	57184110
11	57319963
11	57466162
11	57506465
11	57559067
11	57563930
11	57569309
11	57569590
11	57798568
11	57798905
11	57947826
11	57996230
11	58189810
11	58189815
11	58377446
11	58390187
11	58477737
11	58601877
11	58602286
11	58711117
11	58892543
11	58919492
11	58980341
11	59344432
11	59480844
11	59578244
11	59599249
11	59620489
11	59630180
11	59633869
11	59633897
11	59939612
11	60064693
11	60102487
11	60107343
11	60183171
11	60265074
11	60268654
11	60274685
11	60285568
11	60285684
11	60292771
11	60296837
11	60558482
11	60609796
11	60689269
11	61017450
11	61094320
11	61111618
11	61624518
11	61731732
11	61960901
11	62038354
11	62189860
11	62284175
11	62286994
11	62291517
11	62292230
11	62292693
11	62294255
11	62298628
11	62338515
11	62397065
11	62406541
11	62549398
11	62760744
11	62760866
11	62863494
11	62951230
11	63230869
11	63276445
11	63396744
11	63487976
11	64519106
11	64570097
11	64572592
11	64595211
11	64722048
11	64884276
11	65349715
11	65429196
11	65562187
11	65620387
11	65628880
11	65637603
11	65655500
11	65660354
11	65790437
11	65792876
11	65823051
11	65825812
11	66010673
11	66061917
11	66099854
11	66130916
11	66189940
11	66192014
11	66335464
11	66468401
11	66482700
11	66581405
11	66619979
11	66631257
11	67012811
11	67120214
11	67165874
11	67200130
11	67203434
11	67371720
11	67430779
11	67789133
11	67957392
11	67957403
11	68458563
11	68575021
11	69482348
11	69951839
11	70336327
11	70507713
11	71238695
11	71260315
11	71293666
11	71500891
11	71510852
11	71548577
11	71807683
11	71807924
11	71820956
11	71850915
11	71939864
11	72292005
11	72296617
11	72466148
11	72466771
11	72553855
11	72560875
11	72613641
11	72700091
11	73611329
11	73679425
11	73809064
11	73941838
11	73979256
11	74329805
11	74521325
11	74562192
11	74862330
11	74875147
11	75155480
11	75316749
11	75508249
11	76370908
11	76371068
11	76834762
11	76868005
11	76873970
11	77378145
11	77409662
11	77412666
11	77602451
11	77728067
11	77884736
11	77907300
11	77991678
11	77991828
11	78152161
11	78282480
11	78600873
11	82693159
11	82888854
11	82924186
11	83173004
11	83173057
11	83180409
11	83344359
11	84865682
11	85342821
11	85407243
11	85407400
11	85418483
11	85429897
11	85436163
11	85437427
11	85447595
11	85468897
11	85623769
11	85707892
11	85723423
11	85737348
11	86106345
11	86159236
11	86176191
11	86518704
11	88042343
11	88301131
11	88330482
11	88337960
11	88338129
11	88583092
11	89028595
11	89088167
11	89088200
11	89088202
11	89431818
11	89444595
11	89447447
11	89450739
11	89531486
11	89536936
11	89896718
11	92087768
11	92087884
11	92525939
11	92532184
11	92532333
11	92532848
11	92533638
11	92534397
11	92592329
11	92592375
11	92615943
11	92896014
11	93127778
11	93430970
11	93433231
11	93454795
11	93458827
11	93471465
11	93796828
11	93806546
11	93815698
11	93826674
11	93826721
11	93839168
11	93844085
11	93914016
11	94192696
11	94230115
11	94340634
11	94501681
11	94528264
11	94564656
11	94759472
11	94760160
11	95555087
11	95568575
11	96124636
11	99426892
11	100126538
11	100169929
11	100792260
11	100819223
11	100843949
11	101359799
11	101793446
11	101832972
11	101833221
11	101834276
11	101951950
11	102199655
11	102248952
11	102447903
11	102447926
11	102447937
11	102584157
11	102665952
11	102702666
11	102745643
11	102819780
11	103014039
11	103026059
11	103047131
11	103062276
11	103104762
11	103191810
11	103349985
11	104839280
11	104897475
11	104901930
11	104912293
11	105483047
11	105850618
11	105881303
11	105950307
11	107501440
11	107833084
11	107966303
11	107969240
11	107975147
11	108002641
11	108009763
11	108029506
11	108115600
11	108216486
11	108380473
11	108381917
11	108384444
11	108593996
11	110023657
11	110030212
11	110108305
11	110124752
11	110134830
11	110457032
11	111156809
11	111179165
11	111367825
11	111369461
11	111385664
11	111574103
11	111575755
11	111784302
11	111784329
11	112042720
11	112065435
11	112072759
11	113130947
11	113140924
11	113142517
11	113146241
11	113288842
11	113660410
11	113660567
11	113704272
11	113802114
11	113802536
11	113934498
11	114057719
11	114183101
11	114278296
11	116640871
11	116654314
11	116657731
11	116691607
11	116732935
11	116767013
11	117100340
11	117110559
11	117156035
11	117261929
11	117283096
11	117375658
11	117389478
11	117712733
11	117713433
11	117985920
11	118007622
11	118015883
11	118184528
11	118220490
11	118221314
11	118245629
11	118533511
11	118828923
11	118952375
11	118964146
11	118971797
11	118981996
11	119216175
11	119216629
11	119510641
11	119986053
11	120100006
11	120319861
11	120690559
11	120973417
11	121028717
11	122852141
11	122930609
11	122945479
11	123396693
11	123448102
11	123600393
11	123624897
11	123676786
11	123676802
11	123754790
11	123756155
11	123811166
11	123811220
11	123886292
11	123887150
11	123994475
11	124121033
11	124121275
11	124135375
11	124135654
11	124189622
11	124294757
11	124310725
11	124440688
11	124489589
11	124509731
11	124530643
11	124637424
11	124756589
11	124789620
11	124806073
11	124824662
11	124856678
11	124951781
11	125465872
11	125513734
11	125548067
11	125616252
11	125780330
11	125891281
11	126110835
11	126146037
11	126432806
11	128708964
11	128781510
11	128850515
11	129306882
11	129744065
11	129755505
11	129758685
11	129784892
11	130131604
11	130343213
11	130749591
11	132204989
11	133402303
11	133402343
11	133790997
11	133791078
11	133795709
11	134054820
11	134109908
11	134115410
11	134180494
11	134234254
12	301665
12	335629
12	368891
12	369007
12	422312
12	431664
12	493224
12	657444
12	662507
12	666859
12	674934
12	922977
12	989900
12	994397
12	994538
12	1005274
12	1137439
12	1740478
12	1748903
12	1919734
12	1993438
12	2224610
12	2692013
12	2715777
12	2717753
12	3931047
12	4543337
12	4626310
12	4627253
12	4627349
12	4645364
12	4705881
12	4736269
12	4854616
12	4919885
12	5021267
12	5685037
12	5708795
12	6031939
12	6135142
12	6138654
12	6425463
12	6443013
12	6499987
12	6559871
12	6561550
12	6562874
12	6570096
12	6619852
12	6701981
12	6729295
12	6753398
12	6838453
12	6943151
12	7019121
12	7074745
12	7090169
12	7173855
12	7173880
12	7173886
12	7173923
12	7174372
12	7177895
12	7288849
12	7476905
12	7802001
12	7805368
12	7805379
12	7848153
12	7848274
12	7923088
12	7984288
12	8048239
12	8073946
12	8083102
12	8276429
12	8666217
12	8667865
12	8800752
12	8976426
12	8988858
12	9006811
12	9008104
12	9013766
12	9220365
12	9223111
12	9268409
12	9322180
12	9985996
12	10010218
12	10132004
12	10279257
12	10282765
12	10312438
12	10342608
12	10342822
12	10462222
12	10588453
12	10603610
12	10954379
12	10959364
12	10978034
12	10978514
12	11034971
12	11060842
12	11060878
12	11091457
12	11091679
12	11149894
12	11214444
12	11546213
12	12283824
12	12334356
12	12334365
12	13221338
12	13256440
12	13906797
12	14576892
12	14577898
12	14578317
12	14589067
12	14796505
12	14805946
12	14840961
12	14927761
12	14976123
12	14976265
12	15035051
12	15656964
12	15699583
12	15747947
12	15774354
12	15818732
12	18837079
12	18841027
12	18854538
12	18876251
12	19427589
12	20766609
12	20803484
12	20833385
12	20896300
12	20905318
12	21008099
12	21032374
12	21036398
12	21205079
12	21205160
12	21370150
12	21391945
12	21457469
12	21467607
12	21487700
12	21636315
12	21661320
12	21684084
12	21689813
12	21918551
12	21918742
12	21958235
12	22017400
12	22635534
12	22635662
12	23687402
12	23716202
12	25101881
12	25147146
12	25236394
12	25243000
12	25307359
12	25308316
12	25311443
12	25679755
12	26217610
12	26629876
12	26875445
12	27132787
12	27234150
12	27234190
12	27235122
12	27628648
12	27648767
12	27813822
12	27849971
12	27908273
12	28111422
12	28605449
12	29446020
12	29446285
12	29474808
12	29592331
12	29625985
12	29640808
12	29659722
12	29736401
12	29757194
12	30792530
12	30805937
12	30869579
12	30869602
12	31605376
12	31613208
12	31820767
12	31944947
12	32138578
12	32138623
12	32369267
12	32480500
12	32764182
12	32793486
12	32884297
12	32994089
12	34178864
12	34179674
12	39688037
12	39734163
12	39734778
12	39761813
12	39947698
12	40040169
12	40041697
12	40076860
12	40077242
12	40114593
12	40153884
12	40668462
12	40697829
12	40713848
12	40722219
12	40742222
12	40749933
12	41318406
12	41331399
12	41387065
12	41966766
12	42491806
12	42555484
12	42840578
12	42853438
12	42854077
12	43793026
12	43833785
12	43860551
12	43896085
12	44142271
12	44193302
12	44770476
12	44782065
12	45796969
12	46125024
12	46230405
12	46245958
12	46316294
12	46325330
12	46633484
12	46754957
12	47160459
12	47170709
12	47472178
12	47628796
12	47629014
12	48105543
12	48137390
12	48174518
12	48577967
12	48737362
12	48963707
12	49075176
12	49237729
12	49239501
12	49255794
12	49255856
12	49364107
12	49397621
12	49415645
12	49418718
12	49420253
12	49427369
12	49491306
12	49521578
12	49663619
12	49722784
12	49937697
12	49952408
12	49953742
12	50196918
12	50232103
12	50291299
12	50452864
12	50589625
12	50615859
12	50616127
12	50790289
12	51034576
12	51080411
12	51108288
12	51126253
12	51189724
12	51279250
12	51457699
12	51493439
12	51497498
12	51584232
12	51584312
12	51752037
12	51758030
12	51834555
12	51865243
12	51890948
12	51901358
12	51901495
12	52094966
12	52156333
12	52156341
12	52385820
12	52566004
12	52680063
12	52864991
12	52884491
12	52884955
12	52886677
12	52911437
12	52912843
12	53001977
12	53010078
12	53039159
12	53074137
12	53085738
12	53090208
12	53186950
12	53188005
12	53215548
12	53217734
12	53343375
12	53518011
12	53567555
12	53587995
12	53609098
12	53723091
12	53800403
12	53900610
12	53946348
12	54105605
12	54427047
12	54689079
12	54757322
12	54795258
12	54795425
12	54798534
12	54901636
12	54971294
12	54974024
12	55038502
12	55356965
12	55524539
12	55641105
12	55846864
12	55863736
12	55945748
12	56090160
12	56092353
12	56094833
12	56117724
12	56182893
12	56347582
12	56385188
12	56417543
12	56505310
12	56514516
12	56526334
12	56548599
12	56555179
12	56574845
12	56600237
12	56619962
12	56711184
12	56711262
12	56711378
12	56754944
12	56844901
12	56865592
12	56998031
12	57114324
12	57132306
12	57346626
12	57346690
12	57397276
12	57437734
12	57440849
12	57532311
12	57556270
12	57572681
12	57610716
12	57624596
12	57642489
12	57651887
12	57693875
12	57849510
12	57858942
12	57865314
12	57868672
12	57910042
12	57910481
12	57910506
12	57910762
12	57912984
12	57922220
12	57924352
12	57966024
12	57971822
12	58141221
12	58157540
12	58158285
12	58180838
12	58191631
12	58347431
12	59266274
12	59268113
12	60173362
12	60173544
12	62103988
12	62877993
12	62954874
12	62986476
12	63541185
12	63954405
12	64020267
12	64746746
12	64818478
12	64849723
12	65444963
12	65633925
12	65856990
12	66152188
12	66308811
12	66517615
12	66531743
12	66547187
12	66622063
12	66641494
12	66700197
12	66715761
12	67675792
12	67699069
12	68051680
12	68549179
12	68647281
12	69051026
12	69103079
12	69222705
12	69233723
12	69326507
12	70070717
12	70078335
12	70194054
12	70672044
12	70704760
12	70915189
12	70988321
12	71050484
12	71286491
12	71314163
12	71974109
12	71978482
12	72004150
12	72013718
12	72013878
12	72025967
12	72027185
12	72037952
12	72163597
12	72288536
12	72288569
12	72338072
12	72338170
12	72969300
12	75444936
12	75672828
12	75676053
12	75698581
12	75763981
12	75816691
12	75892813
12	76443078
12	76739487
12	76741275
12	76791548
12	77257072
12	78400466
12	78400726
12	78513543
12	78531043
12	78540155
12	79986416
12	80214661
12	80645559
12	80714296
12	80729791
12	80747162
12	80760404
12	80889863
12	80899947
12	80935578
12	80998953
12	81111152
12	81283065
12	81657132
12	81675106
12	81693162
12	81747039
12	81851545
12	81851624
12	82793124
12	82796816
12	85255345
12	85255372
12	85266389
12	85277467
12	85450341
12	85450353
12	85459115
12	85492769
12	85638731
12	85680646
12	86199303
12	86199529
12	86276065
12	86373821
12	86374022
12	88391937
12	88436685
12	88443208
12	88476854
12	88490731
12	88514027
12	89861454
12	89864139
12	89916872
12	89916942
12	89984923
12	90035953
12	90049703
12	91366662
12	91445018
12	91502218
12	91550963
12	93135293
12	93155554
12	93804881
12	93862973
12	93895106
12	94543701
12	94634435
12	94642186
12	94673353
12	94797039
12	94805551
12	95416118
12	95922739
12	95927958
12	96059658
12	96300199
12	96350649
12	96640911
12	97052058
12	97057643
12	97137181
12	98909672
12	98987810
12	98991775
12	99059430
12	99093185
12	99139357
12	99145144
12	99548366
12	99638150
12	99793422
12	100451450
12	100720524
12	100723015
12	100813602
12	100813844
12	100926248
12	100930764
12	101368632
12	101576625
12	101750828
12	101757432
12	101774940
12	102025853
12	102036200
12	102056274
12	102127364
12	102155013
12	102174022
12	102313919
12	102542263
12	102590808
12	102591263
12	102811605
12	104326616
12	104327992
12	104336437
12	104458420
12	104492258
12	104651816
12	104995685
12	105151233
12	105151530
12	105322201
12	105322377
12	105540892
12	106827548
12	106850942
12	107109185
12	107109323
12	107126851
12	107391315
12	107393424
12	108128059
12	108603925
12	108620877
12	108917263
12	108954655
12	109017276
12	109017754
12	109041020
12	109221196
12	109294422
12	109316479
12	109704110
12	109717377
12	109896069
12	109939183
12	109972546
12	110421246
12	110565950
12	110778478
12	110834103
12	110890722
12	110944485
12	110977650
12	111291336
12	111348764
12	111951304
12	112143677
12	112150335
12	112457595
12	112578784
12	112589777
12	112657288
12	112691858
12	112942594
12	113285583
12	113306439
12	113531866
12	113539774
12	113645265
12	113745573
12	113812778
12	113875854
12	114841626
12	116420208
12	116421111
12	116534497
12	116586393
12	117494630
12	117615409
12	117705854
12	118105286
12	118298119
12	118480745
12	118575869
12	118582391
12	118582689
12	118852302
12	119592104
12	120078614
12	120150036
12	120151412
12	120156645
12	120534945
12	120546259
12	120616703
12	120741510
12	120882634
12	120941404
12	120941498
12	121088469
12	121098025
12	121206271
12	121442123
12	121603921
12	121615111
12	121681927
12	121701662
12	121947541
12	122468670
12	122758593
12	122990045
12	122990178
12	123201154
12	123285825
12	123340116
12	123340144
12	123462822
12	123686834
12	123789165
12	123900221
12	123957029
12	124090481
12	124281333
12	124284841
12	124297863
12	124330340
12	124333349
12	124352046
12	124362347
12	124408892
12	124841219
12	125420161
12	125558423
12	126138876
12	129283882
12	129822313
12	130831058
12	130834455
12	131561348
12	132322761
12	132636970
12	133197859
12	133218812
12	133241911
12	133253184
12	133297493
12	133303866
12	133732297
12	133764634
12	133779747
13	19997145
13	20024439
13	20049725
13	20246166
13	20656935
13	20763271
13	20796822
13	20797467
13	21142097
13	21306205
13	21311878
13	21370950
13	21383304
13	21395946
13	21620000
13	21620308
13	21746603
13	23777890
13	23907329
13	23910132
13	23910760
13	23911754
13	23912751
13	23915089
13	23915369
13	23930115
13	23985445
13	24444223
13	24465598
13	24515473
13	24520789
13	25155860
13	25161456
13	25255774
13	25272961
13	25280477
13	25281474
13	25362263
13	25417895
13	25418797
13	25424529
13	25425648
13	25744542
13	26104781
13	26125475
13	27246057
13	27649407
13	27829397
13	27847448
13	28009825
13	28141902
13	28896609
13	29008038
13	29274953
13	30014172
13	30857784
13	31233381
13	31326240
13	31338405
13	31338469
13	31491631
13	31498456
13	31725284
13	32340095
13	32349504
13	32360739
13	32365959
13	32749726
13	32799169
13	32907059
13	32913198
13	32914550
13	32945129
13	33016894
13	33017083
13	33250043
13	33316753
13	33344892
13	33635569
13	33635602
13	33635692
13	33638011
13	33692366
13	35782974
13	36049086
13	36050390
13	36050409
13	36125116
13	36129196
13	36348746
13	36700097
13	36822757
13	36900584
13	36903576
13	37012892
13	37394091
13	37422684
13	37441423
13	37447042
13	37583813
13	37678326
13	38137412
13	38154004
13	39265449
13	39448622
13	39564825
13	39588588
13	39591665
13	39598627
13	41345204
13	41515330
13	41525537
13	41654879
13	41704831
13	41943243
13	42293879
13	42393421
13	42465557
13	42773954
13	43155327
13	43180773
13	43181174
13	43462589
13	43462629
13	43652797
13	45147544
13	45767770
13	46083907
13	46109072
13	46135623
13	46170583
13	46541939
13	46641446
13	46923481
13	47408781
13	47470917
13	48615227
13	48916752
13	48986662
13	49030385
13	49281064
13	49924940
13	50062690
13	50080833
13	50234922
13	51580849
13	51950259
13	52035186
13	52598175
13	52602604
13	52650264
13	52730282
13	52730287
13	52803505
13	53049109
13	53226971
13	53418612
13	58299080
13	60453483
13	60545034
13	61102603
13	61985666
13	61986483
13	61987641
13	67799911
13	67800764
13	73343019
13	74269589
13	75880452
13	75930289
13	75933987
13	75936395
13	76378496
13	77642872
13	77754433
13	77834691
13	78167696
13	78202117
13	79175696
13	79190282
13	79213197
13	79216295
13	84454061
13	86370523
13	88328362
13	90883433
13	90883494
13	92345718
13	95121143
13	95121172
13	95364217
13	96212691
13	96409925
13	96439344
13	96622456
13	98637734
13	98829149
13	99115965
13	99127564
13	99171685
13	99373810
13	99373829
13	99505695
13	99512448
13	99532215
13	99907377
13	100196132
13	100515258
13	100543669
13	101748006
13	101753145
13	102030939
13	103292684
13	103382423
13	103385293
13	103386357
13	103388293
13	103388313
13	103388530
13	103395890
13	103396718
13	103397214
13	103397241
13	103418763
13	103443320
13	103492015
13	103492285
13	103515050
13	103525642
13	103528310
13	103710651
13	103718340
13	106142414
13	108519035
13	108861953
13	108863483
13	109318319
13	109613904
13	109617127
13	109704685
13	109793721
13	110828825
13	111009849
13	111160550
13	111372064
13	111767943
13	113088848
13	113512595
13	113634065
13	113783828
13	113803456
13	114150160
13	114188575
13	114203940
13	114287501
13	114294571
13	114514716
13	115004480
13	115037693
14	19378230
14	19553478
14	20216153
14	20216514
14	20249377
14	20295871
14	20344704
14	20389043
14	20389507
14	20403974
14	20404262
14	20444383
14	20502003
14	20528974
14	20612213
14	20666238
14	20692037
14	20711176
14	20856156
14	20897488
14	20898098
14	21024433
14	21052295
14	21109545
14	21109613
14	21216143
14	21238327
14	21511502
14	21771501
14	21780645
14	21869147
14	21873897
14	21882504
14	22133461
14	22204472
14	22265955
14	22337337
14	22356666
14	22392546
14	22471402
14	22476400
14	22694963
14	22966642
14	22982967
14	23072380
14	23244666
14	23354010
14	23374591
14	23416390
14	23530606
14	23818557
14	23863307
14	23886765
14	23894508
14	23900644
14	23901694
14	23940183
14	23947262
14	24025915
14	24029197
14	24518539
14	24529234
14	24566230
14	24614962
14	24624626
14	24655131
14	24738118
14	24787668
14	24798615
14	24809047
14	24886097
14	24902032
14	24905333
14	25102155
14	29237185
14	31085723
14	31204965
14	31349942
14	31358960
14	31364942
14	31618223
14	32560511
14	32562651
14	33015749
14	33291974
14	33292160
14	33292416
14	34269154
14	34398307
14	34985778
14	35072589
14	35245691
14	35280181
14	35468834
14	35591345
14	36143738
14	36217796
14	36230079
14	37739656
14	38679477
14	39627545
14	39648320
14	39716340
14	39722059
14	39764189
14	42361143
14	44973891
14	44975122
14	45403502
14	45465046
14	45535884
14	45542738
14	45636235
14	45644492
14	45644846
14	45673642
14	47120530
14	47351279
14	50251415
14	50296111
14	50319511
14	50585495
14	50649319
14	50655256
14	50713819
14	50736035
14	51080016
14	51131996
14	51210967
14	51223600
14	51381530
14	51561083
14	52433482
14	52471088
14	52481150
14	52505500
14	52781362
14	52781762
14	53010174
14	53098897
14	53133162
14	53150576
14	53529767
14	54989231
14	54997737
14	55310399
14	55510977
14	55618421
14	56079018
14	56139398
14	56757152
14	57088288
14	57268433
14	57676477
14	57698260
14	57741091
14	57755543
14	57858409
14	58055985
14	58605557
14	58830913
14	58927786
14	58975383
14	59730251
14	59930654
14	60213158
14	60585065
14	60600862
14	60923795
14	60932769
14	60976364
14	61115663
14	61446375
14	61510188
14	61952307
14	61995853
14	62162519
14	62462633
14	62462834
14	62567482
14	63757795
14	63779831
14	64152902
14	64375894
14	64421478
14	64483259
14	64483288
14	64518863
14	64522934
14	64537607
14	64606741
14	64637091
14	64746774
14	64988838
14	65053998
14	65240055
14	65406150
14	65550634
14	66083023
14	67147902
14	67431927
14	67567593
14	67626169
14	67646337
14	67675013
14	67783593
14	67847476
14	68220817
14	68221958
14	68250124
14	69792727
14	70170206
14	70234854
14	70235601
14	70489920
14	70512713
14	70633370
14	70713401
14	70714443
14	70924525
14	70924745
14	71445297
14	72055902
14	72117051
14	72117198
14	73190365
14	73413872
14	73653605
14	74154059
14	74162764
14	74422206
14	74424864
14	74429719
14	74489800
14	74522318
14	74753136
14	74824907
14	74961806
14	74991836
14	75134250
14	75265136
14	75283371
14	75321889
14	75376665
14	75515686
14	75520129
14	75538273
14	75576490
14	76045470
14	76286442
14	76420961
14	76446893
14	76446913
14	76647116
14	77269825
14	77294739
14	77706878
14	77712997
14	77796097
14	77844087
14	77844576
14	77880306
14	77893974
14	78174474
14	78374153
14	79117611
14	79181309
14	79746790
14	81227957
14	81574911
14	81610267
14	81743400
14	86088162
14	86088440
14	86089066
14	86089067
14	88407804
14	88477089
14	88477685
14	88478056
14	88729741
14	88862513
14	88892857
14	88904509
14	89081948
14	89124599
14	89124730
14	89181303
14	90735888
14	90769176
14	90783068
14	91059889
14	91119239
14	91142892
14	91360761
14	91701505
14	91739846
14	91774698
14	91804433
14	92159551
14	92249358
14	92460183
14	92471286
14	92480618
14	92488059
14	92600494
14	92608529
14	92609367
14	92792260
14	93185138
14	93305829
14	93305887
14	93673545
14	93684946
14	94044259
14	94088662
14	94088923
14	94089018
14	94125564
14	94129017
14	94394670
14	94744971
14	94750279
14	94752574
14	94780383
14	95090338
14	95234790
14	95562931
14	95657829
14	95669414
14	95670711
14	96134826
14	96782950
14	96791988
14	96912866
14	96917830
14	96993812
14	96998943
14	99182463
14	99640520
14	99640563
14	99641778
14	99866433
14	100157430
14	100172944
14	100364580
14	100402649
14	100809663
14	101200652
14	101201122
14	101347454
14	101348639
14	101349704
14	101518815
14	101532282
14	102471265
14	102471270
14	102489091
14	102506938
14	102874905
14	103412928
14	103592878
14	103958316
14	104027382
14	104151352
14	104208176
14	104471720
14	104481080
14	104481088
14	104571780
14	104641488
14	105179293
14	105180753
14	105205665
14	105211161
14	105404376
14	105405320
14	105407859
14	105407900
14	105413085
14	105419825
14	105617714
14	105843228
14	105856305
14	106066538
14	106090826
14	106110141
14	106322268
14	106518523
14	106586556
14	106610458
14	106641745
14	106667705
14	106725383
14	106780690
14	106866621
14	106877743
14	106963094
14	106963350
14	106967504
14	106967545
14	106993880
14	107034804
14	107095286
15	20488775
15	20588611
15	20658937
15	20663086
15	22368606
15	22368936
15	22369160
15	22383243
15	22473063
15	22742776
15	22866943
15	23198617
15	23259292
15	23310067
15	23811283
15	23811982
15	23889707
15	23931585
15	24921682
15	24924262
15	25207304
15	25924600
15	25947187
15	25981250
15	26026192
15	27185078
15	27193289
15	27572100
15	28090127
15	28234811
15	28267671
15	28356764
15	28436162
15	28459291
15	28499628
15	28511092
15	29393975
15	30012599
15	30020146
15	30927322
15	30930989
15	31214475
15	31214479
15	31234193
15	31235126
15	31325051
15	31341667
15	31355375
15	31358373
15	32450797
15	33359906
15	33795930
15	33833085
15	33872323
15	33936585
15	34032048
15	34080464
15	34093041
15	34130072
15	34134200
15	34158650
15	34163147
15	34295339
15	34354988
15	34355562
15	34395586
15	34527405
15	34646922
15	34648436
15	35046623
15	35155185
15	35193001
15	35274942
15	35747015
15	37109956
15	37388589
15	38631954
15	39544621
15	39544642
15	39880883
15	39892970
15	40018864
15	40057895
15	40462839
15	40462857
15	40566421
15	40659608
15	40661597
15	40764099
15	40901081
15	40913043
15	40917043
15	40917104
15	40917803
15	40920847
15	40943743
15	41191586
15	41364122
15	41476111
15	41488141
15	41488226
15	41750031
15	41862335
15	41961356
15	42041074
15	42054042
15	42131057
15	42142150
15	42144859
15	42145091
15	42147595
15	42193020
15	42193112
15	42364579
15	42434058
15	42458405
15	42459701
15	42520982
15	42565450
15	42606329
15	42652223
15	42680042
15	42714150
15	42729447
15	42742347
15	42742931
15	42983410
15	42983455
15	42983777
15	42985591
15	42985803
15	42986836
15	43016775
15	43044464
15	43067786
15	43476552
15	43483761
15	43495432
15	43621335
15	43621476
15	43643138
15	43653188
15	43672346
15	43697544
15	43707863
15	43708548
15	43733728
15	43814483
15	43814848
15	43815090
15	43816974
15	43819697
15	43902547
15	44060688
15	44061730
15	44106703
15	44134637
15	44184264
15	44876400
15	44890524
15	44914928
15	44921487
15	44943897
15	44964230
15	44964295
15	45008487
15	45008529
15	45047138
15	45048627
15	45253745
15	45365731
15	45396204
15	45428767
15	45437251
15	45554220
15	45697549
15	45702643
15	45847729
15	45968499
15	48056905
15	48063054
15	48063545
15	48063939
15	48435060
15	48460932
15	48539535
15	48703546
15	48729257
15	48737634
15	48762861
15	48764854
15	48766774
15	48777579
15	48780352
15	48786409
15	48791184
15	49037166
15	49059550
15	49304035
15	49620357
15	49716655
15	49833942
15	49926787
15	49935689
15	50189573
15	50264973
15	50534755
15	50601928
15	50731298
15	50792861
15	50853903
15	50897263
15	51276221
15	51285597
15	51285681
15	51291449
15	51510779
15	51748267
15	51766643
15	51790926
15	51791727
15	51791769
15	51795105
15	51834653
15	51856380
15	52338710
15	52356958
15	52404732
15	52486108
15	52529817
15	52538197
15	52545594
15	52553246
15	52556428
15	52605773
15	52844162
15	52885910
15	52900939
15	53901776
15	53905952
15	53907917
15	53994475
15	54005074
15	54305625
15	54305648
15	54838954
15	54919045
15	54919419
15	55626105
15	55647027
15	55647690
15	55722809
15	55731699
15	55838847
15	55965865
15	56132662
15	56385346
15	56386803
15	56756404
15	56923707
15	56924061
15	56935196
15	56961070
15	56992891
15	57730575
15	57734600
15	57953689
15	58001131
15	58253043
15	58254351
15	58287313
15	58302897
15	58430854
15	58724279
15	58840680
15	59186051
15	59344571
15	59376433
15	59409033
15	59499603
15	59752403
15	59799463
15	59808870
15	59813697
15	59910449
15	60741464
15	60907121
15	62160028
15	62207853
15	62234179
15	62254719
15	62256067
15	62258291
15	62538816
15	62939604
15	63032942
15	63125690
15	63907990
15	63926057
15	63950792
15	63988508
15	64275759
15	64373324
15	64446868
15	64506264
15	65208032
15	65257788
15	65345308
15	65447302
15	65489834
15	65502110
15	65917146
15	65954217
15	65962413
15	65992957
15	66025156
15	66641412
15	66782816
15	66791710
15	66812951
15	66844108
15	66855937
15	67457674
15	67457696
15	67528843
15	67938601
15	68379007
15	68582322
15	68582610
15	69329410
15	69340218
15	69689852
15	69737171
15	70344749
15	70959098
15	70959911
15	71124271
15	71124946
15	71174617
15	71341765
15	72189763
15	72338876
15	72432336
15	72500985
15	72810461
15	72859455
15	72953838
15	72968576
15	72972457
15	73659958
15	74043444
15	74473263
15	74487606
15	74560711
15	74654138
15	75014717
15	75043579
15	75045556
15	75105219
15	75111579
15	75188521
15	75500764
15	75557462
15	75684730
15	75687061
15	75687179
15	75702509
15	75714877
15	75982652
15	76019918
15	76074442
15	76075457
15	76206460
15	76995328
15	77059308
15	77064234
15	77064266
15	77473061
15	77771628
15	78213785
15	78217347
15	78395850
15	78458574
15	78461464
15	78486902
15	78582307
15	78768609
15	78894312
15	78911147
15	78922160
15	79254381
15	79586763
15	79587179
15	80429946
15	80855474
15	81046585
15	81214444
15	81271336
15	81585333
15	81592611
15	81605606
15	81630994
15	81631106
15	81644069
15	81651765
15	81666410
15	83226509
15	83333169
15	83523509
15	83781565
15	83805386
15	83933379
15	84159558
15	84159597
15	84245382
15	84245490
15	84286874
15	84611417
15	84700184
15	84706509
15	84706665
15	85175430
15	85431014
15	85438202
15	85664054
15	86253827
15	86686942
15	86809687
15	88472666
15	88524532
15	89002730
15	89400117
15	89400429
15	89400953
15	89401133
15	89402266
15	89422304
15	89422305
15	89449889
15	89719185
15	89753334
15	89828350
15	89836061
15	89838242
15	89860254
15	89876725
15	90020021
15	90143870
15	90159718
15	90164674
15	90168261
15	90270521
15	90335727
15	90446506
15	90897943
15	91358550
15	91435992
15	91437276
15	91548976
15	91811734
15	92397231
15	92671694
15	93007723
15	93015693
15	93162570
15	93486285
15	93567633
15	94910998
15	94913375
15	99434709
15	99460097
15	99511748
15	99666963
15	99671981
15	99796186
15	100672302
15	101550769
15	101550984
15	101565169
15	101567474
15	101922356
15	101933521
15	101938627
15	102197211
15	102312065
15	102346376
15	102346449
16	129691
16	167351
16	256022
16	334590
16	396589
16	560667
16	570824
16	633662
16	789675
16	822800
16	843220
16	1248712
16	1250534
16	1250547
16	1255242
16	1413260
16	1538396
16	1705240
16	1705265
16	1712618
16	1812897
16	1869159
16	2009724
16	2017301
16	2031339
16	2049783
16	2108831
16	2158464
16	2231539
16	2338190
16	2347837
16	2354117
16	2373391
16	2495622
16	2511220
16	2546824
16	2651195
16	2711946
16	2809575
16	2814313
16	2815472
16	2815820
16	2816501
16	2816824
16	2821047
16	2854436
16	2906160
16	3140388
16	3254840
16	3293560
16	3304252
16	3340035
16	3348945
16	3367520
16	3486465
16	3486862
16	3543933
16	3639116
16	3642849
16	3706656
16	4015871
16	4245759
16	4411019
16	4412714
16	4624743
16	4625834
16	4827986
16	4855273
16	4909145
16	4934126
16	4934402
16	4940896
16	5108551
16	5112433
16	7657293
16	7721591
16	8889730
16	8994476
16	8995048
16	8995083
16	9858181
16	10274141
16	10551296
16	10637458
16	10862939
16	10862944
16	11097005
16	11769982
16	11980450
16	13010572
16	14026224
16	14041527
16	14947806
16	14972641
16	15045887
16	15045892
16	15100250
16	15457781
16	15706615
16	15727481
16	15814759
16	15931890
16	15931948
16	16108483
16	16130428
16	16149977
16	16228314
16	16271483
16	16281023
16	16302655
16	16313717
16	16346289
16	17202425
16	17235219
16	17252767
16	17352928
16	18794493
16	18809268
16	18839478
16	18844442
16	18847408
16	18858832
16	18907500
16	19056743
16	19089543
16	19509248
16	19548204
16	19883244
16	20043470
16	20548422
16	20559407
16	20559486
16	20748276
16	20802179
16	20810217
16	20838495
16	20935419
16	20944750
16	20966352
16	20974859
16	20975159
16	20975419
16	21011583
16	21053447
16	21073923
16	21078666
16	21147743
16	21156711
16	21223045
16	21658676
16	21854869
16	22108241
16	22111589
16	22111743
16	22126743
16	22328358
16	23197910
16	23205491
16	23226490
16	23391825
16	23453819
16	23614824
16	23647099
16	23716227
16	23717685
16	23769033
16	23847556
16	24366239
16	24373245
16	24560539
16	24567634
16	24673933
16	24741605
16	24802773
16	24835087
16	24909324
16	24942320
16	25172517
16	25235696
16	25704251
16	27236549
16	27709696
16	27818830
16	27895827
16	28123303
16	28507205
16	28883924
16	28912088
16	28944746
16	28946817
16	29124433
16	29825610
16	29826102
16	29853120
16	29883759
16	29906661
16	30016649
16	30017974
16	30435671
16	30492874
16	30594596
16	30762462
16	30770761
16	31094408
16	31094485
16	31094498
16	31094885
16	31273069
16	31393247
16	31421750
16	31434441
16	31473811
16	31485262
16	31765419
16	31766595
16	31895849
16	31926190
16	32077613
16	32264816
16	32265933
16	32266372
16	33965525
16	34624112
16	34624236
16	34739755
16	46633778
16	46637895
16	46696196
16	46737863
16	46741446
16	46782049
16	46991120
16	47730390
16	48138226
16	48201483
16	48218513
16	48245055
16	48249171
16	48258332
16	48385567
16	48595554
16	49313428
16	49315211
16	49407855
16	49430390
16	49670466
16	49670875
16	49671499
16	49764798
16	50353039
16	50353169
16	50666255
16	50701809
16	50744482
16	50744798
16	50745143
16	50788328
16	50818327
16	51172679
16	51172912
16	52478261
16	52479986
16	53337880
16	53358202
16	53358256
16	53404710
16	53679623
16	53686795
16	53705430
16	53720482
16	53859803
16	53913822
16	53922747
16	54145685
16	55523651
16	55539335
16	55539405
16	55562317
16	55600706
16	55600736
16	55613065
16	55617046
16	55703504
16	55846938
16	55903656
16	56370697
16	56385349
16	56385392
16	56388909
16	56423100
16	56436932
16	56436948
16	56643365
16	56667846
16	56667876
16	56782338
16	56901107
16	56920909
16	56947448
16	57007266
16	57070056
16	57115448
16	57153147
16	57508716
16	57756927
16	57760192
16	57760807
16	57764958
16	57789048
16	57950054
16	58036536
16	58054330
16	58554809
16	58580249
16	58589408
16	61854949
16	65038644
16	66424438
16	66545928
16	66621857
16	66793160
16	66801342
16	66806648
16	66948188
16	67039181
16	67039222
16	67154071
16	67168322
16	67178214
16	67183690
16	67201447
16	67208825
16	67214049
16	67236848
16	67327780
16	67335813
16	67338337
16	67401050
16	67432744
16	67688120
16	67860617
16	67866397
16	67970607
16	67973789
16	67976354
16	68208402
16	68397678
16	68598492
16	68842325
16	68842735
16	68901033
16	69377325
16	69496510
16	69689635
16	69689703
16	69693733
16	69726957
16	69727274
16	69745102
16	69748892
16	69965095
16	69965465
16	69973017
16	69975510
16	70253682
16	70405369
16	70501230
16	70562790
16	70572255
16	70601317
16	70778447
16	70894674
16	70916674
16	70929909
16	70929913
16	70942693
16	71007841
16	71009051
16	71019106
16	71061457
16	71094505
16	71218818
16	71317477
16	71318705
16	71319422
16	71482693
16	71508947
16	71509740
16	71571043
16	71571191
16	71604653
16	71683199
16	71712839
16	71780593
16	71784147
16	71808373
16	71977960
16	72045999
16	72111073
16	72130894
16	72137075
16	72827575
16	72828294
16	72828699
16	72992553
16	72992930
16	74750489
16	75203432
16	75634097
16	75661645
16	75665649
16	75670405
16	76350195
16	76528924
16	76569594
16	76569632
16	76572217
16	76592518
16	77225398
16	77317681
16	77353946
16	77822598
16	77822800
16	78064738
16	79628545
16	81051405
16	81087688
16	81095533
16	81164087
16	81190489
16	81190638
16	81219103
16	81232573
16	81388328
16	81819766
16	81904466
16	81942053
16	82132060
16	83065661
16	83711871
16	83940607
16	84135442
16	84211501
16	84213901
16	84228006
16	84444324
16	84473078
16	84485660
16	84514195
16	84600591
16	84812787
16	84872111
16	84914330
16	85010004
16	85012814
16	85936717
16	86544554
16	86575392
16	86613120
16	87678381
16	87717844
16	87748147
16	87872373
16	87960427
16	88497671
16	88501562
16	88501823
16	88690383
16	88747961
16	88748123
16	88782175
16	88792992
16	88808709
16	88871993
16	88873788
16	88876069
16	88901719
16	88902661
16	89597196
16	89857908
16	89922625
16	89936091
16	89985861
16	90059174
16	90161871
17	11957
17	69432
17	648796
17	904451
17	953368
17	1183625
17	1183640
17	1201552
17	1554824
17	1576786
17	1631034
17	1640708
17	1673286
17	2076133
17	2186977
17	2202843
17	2226660
17	2226696
17	2227068
17	2236908
17	2237912
17	2298206
17	2298723
17	2310290
17	2323149
17	2324182
17	2541452
17	2923804
17	3101684
17	3181951
17	3337122
17	3349846
17	3352141
17	3552187
17	3649140
17	3856696
17	3921172
17	3968118
17	4098375
17	4100730
17	4337308
17	4435864
17	4436551
17	4458506
17	4536718
17	4638734
17	4701345
17	4720043
17	4836815
17	4837794
17	4857102
17	4876114
17	4995353
17	4995493
17	4996280
17	5012845
17	5064875
17	5071323
17	5084365
17	5085853
17	5086449
17	5212066
17	5212080
17	5238553
17	5276666
17	5294966
17	5336022
17	5347819
17	5356919
17	5463136
17	5463253
17	6331827
17	6528142
17	6659280
17	6662816
17	6718499
17	6718595
17	6978436
17	6978686
17	7011180
17	7130748
17	7162104
17	7189784
17	7259722
17	7290716
17	7296251
17	7317811
17	7324201
17	7330705
17	7344850
17	7404396
17	7454288
17	7557429
17	7592917
17	7673895
17	7691458
17	7707784
17	7720881
17	7721275
17	7754402
17	7814819
17	7834048
17	7836373
17	7918818
17	7919283
17	7983675
17	7990838
17	8006705
17	8015445
17	8053788
17	8078862
17	8193059
17	8215490
17	8249297
17	8363448
17	8439126
17	8658847
17	8660628
17	8725970
17	8738693
17	8739895
17	8792120
17	9142995
17	9479954
17	9545080
17	9683185
17	9694494
17	9763388
17	9808500
17	10215244
17	10224955
17	10231355
17	10248923
17	10267752
17	10304066
17	10309589
17	10348292
17	10350412
17	10351817
17	10364235
17	10395704
17	10399439
17	10405138
17	10409202
17	10411899
17	10419253
17	10419884
17	10426485
17	10428199
17	10428769
17	10438420
17	10440653
17	10531901
17	10533707
17	10535901
17	10536971
17	10538329
17	10542460
17	10543681
17	11535949
17	11568151
17	11583249
17	11584051
17	11584174
17	11607628
17	11696905
17	11696947
17	11790275
17	11833337
17	11881204
17	11881557
17	11896025
17	12647610
17	12649365
17	12666548
17	12666895
17	12888002
17	12888011
17	13980289
17	14673563
17	15406014
17	15510956
17	15516070
17	15620506
17	15878100
17	15950311
17	16455402
17	16525703
17	16526070
17	16526591
17	16594049
17	16665751
17	16703268
17	16722473
17	16842637
17	16842890
17	16875326
17	17174211
17	17788063
17	18046141
17	18061933
17	18137112
17	18144167
17	18166074
17	18178243
17	18220534
17	18220736
17	18259306
17	18397918
17	18498137
17	18565359
17	18565679
17	18647531
17	18675894
17	19750160
17	19835222
17	19844206
17	20108530
17	20135127
17	20799111
17	20799112
17	20860016
17	20914478
17	20931877
17	21319337
17	21319912
17	25631877
17	25931722
17	26106044
17	26603718
17	26604057
17	26684860
17	26723137
17	26723260
17	26723306
17	26821450
17	26851631
17	26851922
17	26864189
17	26874344
17	26919577
17	26938801
17	26939308
17	26943376
17	27001323
17	27076525
17	27207524
17	27233929
17	27238154
17	27239365
17	27383422
17	27445426
17	27936136
17	27939427
17	28323336
17	28512333
17	28525268
17	28536192
17	28548954
17	28575959
17	28618344
17	28817223
17	29096928
17	29161609
17	29187579
17	29226187
17	29227543
17	29284990
17	29533315
17	29621902
17	29622389
17	29631342
17	29677227
17	30267332
17	30293190
17	30658969
17	30678920
17	30692413
17	31323880
17	31323985
17	32598198
17	32647287
17	32953315
17	32964498
17	33288718
17	33324836
17	33454424
17	33456542
17	33507617
17	33513707
17	33588077
17	33690004
17	33772558
17	33806416
17	33806439
17	33806960
17	33849878
17	33875987
17	33876002
17	33879908
17	33884482
17	33905110
17	33905136
17	33966644
17	34050917
17	34261733
17	34328476
17	34340146
17	34340787
17	34340893
17	34432656
17	34863342
17	34869479
17	35538156
17	35548213
17	35592008
17	35597475
17	36454588
17	36455428
17	36462518
17	36485704
17	36646363
17	36926782
17	37009241
17	37226128
17	37371256
17	37374361
17	37566027
17	37681030
17	37783678
17	38033142
17	38289294
17	38318329
17	38548931
17	38567371
17	38569539
17	38635982
17	38798605
17	38798636
17	38907464
17	38911377
17	38911420
17	38933179
17	38935974
17	38974544
17	38974716
17	39079155
17	39086303
17	39149895
17	39279627
17	39295928
17	39341101
17	39382976
17	39406476
17	39406657
17	39411692
17	39519989
17	39538244
17	39538635
17	39551305
17	39553842
17	39566315
17	39580798
17	39623218
17	39674619
17	39728034
17	39741234
17	39742569
17	39975644
17	40001482
17	40004210
17	40063716
17	40113459
17	40140849
17	40173575
17	40175761
17	40275208
17	40278791
17	40330207
17	40342753
17	40474378
17	40497666
17	40557210
17	40690401
17	40693127
17	40714833
17	40839976
17	40841632
17	40845526
17	41002430
17	41246166
17	41585388
17	41857927
17	41878964
17	41955071
17	41958108
17	42019013
17	42091872
17	42273432
17	42274378
17	42455816
17	42580747
17	42635950
17	42745102
17	42750822
17	42751674
17	42882571
17	42882757
17	42990720
17	43037583
17	43197736
17	43552518
17	43552860
17	44108914
17	44159811
17	44248726
17	44626610
17	44632422
17	44806253
17	45214611
17	45219790
17	45221302
17	45360794
17	45361816
17	45367136
17	45368426
17	45405671
17	45473226
17	45909209
17	45913080
17	45924860
17	46023710
17	46103730
17	46189967
17	46620330
17	46669586
17	46799125
17	46799845
17	47018398
17	47075275
17	47121442
17	47122386
17	47123690
17	47243507
17	47284193
17	47288152
17	47293995
17	47394794
17	47656399
17	47699368
17	47780310
17	47886511
17	48051254
17	48069065
17	48149416
17	48248025
17	48545878
17	48600975
17	48618243
17	48655680
17	48683320
17	48699062
17	48703608
17	48753893
17	48917252
17	48917663
17	49071180
17	49248918
17	51902196
17	53158523
17	53342811
17	53798372
17	54230836
17	54923152
17	54973303
17	55123497
17	55183044
17	55184427
17	56058077
17	56082783
17	56274531
17	56293516
17	56429601
17	56598198
17	56619189
17	56619198
17	56619211
17	56621043
17	56634177
17	57033116
17	57057758
17	57079065
17	57109445
17	57134351
17	57348304
17	57651217
17	57676800
17	57733300
17	57762424
17	57775044
17	57842453
17	58033901
17	58073263
17	58124733
17	58143671
17	58508725
17	58524951
17	58543774
17	58701094
17	59067487
17	59152367
17	59469395
17	59668331
17	59760671
17	59949655
17	60040240
17	60050217
17	60106923
17	60345521
17	60351417
17	60484014
17	60655911
17	60683575
17	60690048
17	60743827
17	60814634
17	61417684
17	61466098
17	61499419
17	61560856
17	61560861
17	61568661
17	61623337
17	61656741
17	61710043
17	61885111
17	61888507
17	61898270
17	61912912
17	61914891
17	61957738
17	61958069
17	61987449
17	62018602
17	62019157
17	62042029
17	62137847
17	62137876
17	62238177
17	62290103
17	62492554
17	62495998
17	62512937
17	62518917
17	62523228
17	62523293
17	62533955
17	62854992
17	62856152
17	62856174
17	63052493
17	63193250
17	63223569
17	63554433
17	64001869
17	64025264
17	64026046
17	64062923
17	64685162
17	64734955
17	65021073
17	65103322
17	65346383
17	65688749
17	65871751
17	65888109
17	65905752
17	65907645
17	65908108
17	65955664
17	65987856
17	66033550
17	66420640
17	66511612
17	66511703
17	66533455
17	66535499
17	66878855
17	66902305
17	66903889
17	66925335
17	66925349
17	66989176
17	67075167
17	67101693
17	67101697
17	67144902
17	67148254
17	67151162
17	67178908
17	67197811
17	67247996
17	67257346
17	67257802
17	67257819
17	70120328
17	71241453
17	71346499
17	71364724
17	71420182
17	71434243
17	72256436
17	72301466
17	72339197
17	72351436
17	72363602
17	72368597
17	72436815
17	72527601
17	72613513
17	72739435
17	72916093
17	72937555
17	72947654
17	72958404
17	73017020
17	73017186
17	73038338
17	73049153
17	73164336
17	73239628
17	73258680
17	73282737
17	73725487
17	73732135
17	73805851
17	73805876
17	73827221
17	73839254
17	73895042
17	73913920
17	73974773
17	74035640
17	74057228
17	74163194
17	74307700
17	74392422
17	74465259
17	74621543
17	74721681
17	74869037
17	75186929
17	75471796
17	75478396
17	75878269
17	76063847
17	76129622
17	76399861
17	76419908
17	76437248
17	76451802
17	76497193
17	76497888
17	76510861
17	76533412
17	76570944
17	76795780
17	76851695
17	77042739
17	77044048
17	78023737
17	78055498
17	78081368
17	78093152
17	78117975
17	78163590
17	78169103
17	78182207
17	78269422
17	78318619
17	78320271
17	78326947
17	78444664
17	78811749
17	79101673
17	79168754
17	79173629
17	79278213
17	79414364
17	79617928
17	79674384
17	79817097
17	79871681
17	79943386
17	80017870
17	80045864
17	80202561
17	80203901
17	80209401
17	80363250
17	80369335
17	80684402
17	80726397
17	80788421
17	80895195
17	80904842
18	120921
18	203144
18	331680
18	333084
18	674284
18	697289
18	908291
18	2563848
18	2616499
18	2726449
18	2890703
18	2908948
18	2921613
18	3067449
18	3094275
18	3100370
18	3131413
18	3164279
18	3582195
18	3729346
18	5291576
18	5397189
18	6239724
18	6241449
18	6263987
18	6850870
18	6868200
18	6873407
18	6890533
18	6896576
18	6955613
18	6973117
18	6992626
18	8076493
18	8633288
18	8825193
18	9255459
18	9256801
18	9399433
18	9517138
18	9550296
18	10454982
18	10671435
18	10677825
18	10680223
18	10680228
18	10736637
18	10803903
18	11824922
18	12125687
18	12337375
18	12479730
18	12697395
18	12698863
18	12725562
18	12836816
18	12984126
18	13681792
18	13741530
18	13885271
18	14104871
18	14478440
18	14479009
18	14763733
18	14796384
18	14851748
18	14852330
18	18533611
18	18539847
18	18546980
18	18547829
18	18547865
18	18975357
18	19140927
18	19153644
18	19154775
18	19209110
18	19345793
18	19345880
18	19762767
18	19995559
18	19995616
18	19995860
18	19996515
18	19997471
18	19997691
18	20957623
18	21124483
18	21181164
18	21402321
18	21501419
18	21513771
18	21644103
18	21644127
18	21705398
18	21759717
18	21819200
18	22020541
18	22029882
18	22030981
18	22805640
18	22805664
18	22805674
18	23772508
18	23847569
18	23865964
18	23906992
18	24039876
18	24513647
18	28605805
18	28609589
18	28714741
18	28728519
18	28736074
18	28911707
18	28919769
18	28923796
18	28972152
18	28980878
18	29041200
18	29055684
18	29056132
18	29126100
18	29410598
18	29890200
18	30092614
18	31314329
18	31314336
18	31318522
18	31319774
18	31324740
18	31324786
18	31803205
18	32418116
18	32844238
18	32917323
18	32949318
18	32949578
18	33263417
18	33734888
18	33785096
18	34092435
18	34298000
18	34646845
18	39576669
18	39609382
18	39637885
18	39647367
18	40695507
18	40853645
18	42533094
18	43204733
18	43205689
18	43224100
18	43405741
18	43490640
18	43669849
18	43685234
18	43796370
18	44140501
18	44146327
18	44260332
18	44261939
18	44426737
18	44470595
18	44555077
18	44555158
18	44559336
18	44560023
18	44561554
18	44595969
18	45422958
18	45566720
18	46447873
18	46645263
18	46904951
18	46906063
18	47017231
18	47113180
18	47764984
18	47918600
18	48190709
18	48573364
18	48573437
18	50450079
18	50683764
18	50977007
18	51692488
18	51820370
18	51851238
18	52585176
18	53017619
18	54363622
18	55027597
18	55104096
18	55238743
18	55319904
18	55336595
18	56031529
18	56031559
18	56033419
18	56202272
18	56204037
18	56204858
18	56247069
18	56274592
18	56402496
18	56620801
18	56939764
18	56964043
18	56979968
18	57013266
18	57016437
18	59483497
18	59763145
18	60051984
18	60241348
18	60642763
18	60646446
18	60795669
18	61156657
18	61170842
18	61306940
18	61322870
18	61324563
18	61383289
18	61449773
18	61465947
18	61562564
18	63477219
18	63548161
18	64172353
18	64197181
18	64211982
18	65178924
18	65180024
18	66504386
18	66504496
18	66721304
18	66721328
18	67563239
18	67671452
18	67727135
18	67802496
18	71793239
18	71793310
18	72109276
18	72244107
18	72247400
18	72251967
18	72346223
18	72998565
18	74091535
18	74092048
18	74696792
18	76752126
18	76757088
18	77893890
18	77895733
19	436216
19	467752
19	498581
19	547338
19	991240
19	1041399
19	1048932
19	1051163
19	1063824
19	1064199
19	1080497
19	1235858
19	1244149
19	1268376
19	1421251
19	1458013
19	1854677
19	2076855
19	2098125
19	2098294
19	2279009
19	2351500
19	2413931
19	2416621
19	2717728
19	2794856
19	2834799
19	2852877
19	2916921
19	2917020
19	3121094
19	3456581
19	3589487
19	3760231
19	3852363
19	3964803
19	3979938
19	4216979
19	4292593
19	4418031
19	4428801
19	4497986
19	4772175
19	4932925
19	4941638
19	5039915
19	5616217
19	5623181
19	5654197
19	5772829
19	5831666
19	5844061
19	6312401
19	6380183
19	6414119
19	6416504
19	6422426
19	6454714
19	6697717
19	6719390
19	6750327
19	6772919
19	6825391
19	6854018
19	6903919
19	6916286
19	6921764
19	6935064
19	6984860
19	6988808
19	7032365
19	7083587
19	7083870
19	7174672
19	7569252
19	7591779
19	7605050
19	7626392
19	7693147
19	7712249
19	7763739
19	7805330
19	7805365
19	7807826
19	7830514
19	8002998
19	8027187
19	8056543
19	8121383
19	8136977
19	8152028
19	8173069
19	8174244
19	8196575
19	8595108
19	8615486
19	8618065
19	8661265
19	8841978
19	8922147
19	8922310
19	8953303
19	9000474
19	9047341
19	9057356
19	9059404
19	9060517
19	9065073
19	9068797
19	9072076
19	9072110
19	9077335
19	9077597
19	9086245
19	9087897
19	9091145
19	9091847
19	9226367
19	9272141
19	9296956
19	9492338
19	9524026
19	9639369
19	9639570
19	9676475
19	9764426
19	9801766
19	9968532
19	10080079
19	10089861
19	10089903
19	10114749
19	10116479
19	10157999
19	10369532
19	10433938
19	10577830
19	10600391
19	10677666
19	10747256
19	10795490
19	10980037
19	11152127
19	11230776
19	11505121
19	11507979
19	11545611
19	11545858
19	11658614
19	11728370
19	11796369
19	11832638
19	11832709
19	11892195
19	11892363
19	11917040
19	11944017
19	11944433
19	11979077
19	11979391
19	12059106
19	12075918
19	12089302
19	12089496
19	12089969
19	12126956
19	12154808
19	12155560
19	12155876
19	12186153
19	12186452
19	12186853
19	12188326
19	12223009
19	12243521
19	12244494
19	12256016
19	12256528
19	12297659
19	12429697
19	12429949
19	12501903
19	12541832
19	12542795
19	12575345
19	12575417
19	12575429
19	12637516
19	12740110
19	12759160
19	12800211
19	12825664
19	12863463
19	12924237
19	12963207
19	13010515
19	13058701
19	13372308
19	13411432
19	13445202
19	14153555
19	14164789
19	14274214
19	14508888
19	14517945
19	14694206
19	14736376
19	14829800
19	14863336
19	14865900
19	14910146
19	14910655
19	14910749
19	14939051
19	15053246
19	15082625
19	15198156
19	15226687
19	15360079
19	15562669
19	15566941
19	15574920
19	15648364
19	15853082
19	15853116
19	15905218
19	15990453
19	16025127
19	16035655
19	16059859
19	16243222
19	16503190
19	16601229
19	16601353
19	16611602
19	16860063
19	16923632
19	16973757
19	17032757
19	17038883
19	17056395
19	17068726
19	17088186
19	17088187
19	17328479
19	17367430
19	17394685
19	17416608
19	17441746
19	17476793
19	17533005
19	17597991
19	17692199
19	17756565
19	17783243
19	17886859
19	17898531
19	17945531
19	18092836
19	18186574
19	18245425
19	18277023
19	18367924
19	18377835
19	18583664
19	18963849
19	19015580
19	19023816
19	19038660
19	19135606
19	19216465
19	19230787
19	19232372
19	19344692
19	19380499
19	19650515
19	19656635
19	19737446
19	19737857
19	19740777
19	19822367
19	19822451
19	19822885
19	20003051
19	20003303
19	20026119
19	20117061
19	20117929
19	20118078
19	20230151
19	20807037
19	20808256
19	21106104
19	21132993
19	21606667
19	21607296
19	21607358
19	21608032
19	21608387
19	21719517
19	21910340
19	21990427
19	21992001
19	22154842
19	22156609
19	22362550
19	22375863
19	22574928
19	22575347
19	22575445
19	22836139
19	22847037
19	22848031
19	22952756
19	23316912
19	23329070
19	23329093
19	23836069
19	23836482
19	23926946
19	24102049
19	24102249
19	24288777
19	24288816
19	24309339
19	24310667
19	29698967
19	30018285
19	31038887
19	31039313
19	31039609
19	31039710
19	31770503
19	33077716
19	33130312
19	33135274
19	33202821
19	33246901
19	33324149
19	33333094
19	33369938
19	33422329
19	33464384
19	33617499
19	33621151
19	33696946
19	34180227
19	34263626
19	34263790
19	34663592
19	34929585
19	34935922
19	34941179
19	35085235
19	35175242
19	35176525
19	35176585
19	35176615
19	35231636
19	35232476
19	35249961
19	35435353
19	35642349
19	35801544
19	35829139
19	35831819
19	35837568
19	36018086
19	36035689
19	36045841
19	36047938
19	36253322
19	36317501
19	36333033
19	36336313
19	36365459
19	36369535
19	36503975
19	36673743
19	36831032
19	36896562
19	36940725
19	37005202
19	37038616
19	37117614
19	37309594
19	37367711
19	37382288
19	37383166
19	37488089
19	37488163
19	37676779
19	37676978
19	37734271
19	37879441
19	37880730
19	37904690
19	38056942
19	38102613
19	38102710
19	38125985
19	38126825
19	38159934
19	38159978
19	38160053
19	38160221
19	38160724
19	38160901
19	38188176
19	38229764
19	38230072
19	38230846
19	38375511
19	38376888
19	38376913
19	38378956
19	38386786
19	38597229
19	38885327
19	38910507
19	38959671
19	38979972
19	38997132
19	39018951
19	39025821
19	39062862
19	39075688
19	39090565
19	39200067
19	39224962
19	39306095
19	39374313
19	39410738
19	39591447
19	39911448
19	39912917
19	39959477
19	40411805
19	40419672
19	40519615
19	40520055
19	40521567
19	40540186
19	40540616
19	40541402
19	40541540
19	40541575
19	40579960
19	40581300
19	40589110
19	40741869
19	40827570
19	40902198
19	40902483
19	41029461
19	41083514
19	41117096
19	41118989
19	41119033
19	41125350
19	41132887
19	41211272
19	41349830
19	41351219
19	41381727
19	41450344
19	41512960
19	41597656
19	41622247
19	41762393
19	41928955
19	42083873
19	42132167
19	42181417
19	42219683
19	42223882
19	42315271
19	42341357
19	42342207
19	42343419
19	42489469
19	42563539
19	42566748
19	42728732
19	42744360
19	42790988
19	42795364
19	43244503
19	43257273
19	43258660
19	43262241
19	43349235
19	43372065
19	43414920
19	43529203
19	43585215
19	43679376
19	43697279
19	43697320
19	43708205
19	43965982
19	44056382
19	44058827
19	44127379
19	44273178
19	44303930
19	44351258
19	44351601
19	44352235
19	44378032
19	44471482
19	44570500
19	44605039
19	44611788
19	44612076
19	44661578
19	44674225
19	44681817
19	44721987
19	44739390
19	44740399
19	44777281
19	44791371
19	44792608
19	44832590
19	44891427
19	44891606
19	44932414
19	44932468
19	44932495
19	44980824
19	44980992
19	45016080
19	45186790
19	45287546
19	45381667
19	45430276
19	45593658
19	45855848
19	45888880
19	46283068
19	46519649
19	46627236
19	46733744
19	46887100
19	46915816
19	46971572
19	46973122
19	47028928
19	47197375
19	47258875
19	47422931
19	47572493
19	47634280
19	47823431
19	47912805
19	48018114
19	48024611
19	48043055
19	48197901
19	48229328
19	48239625
19	48495320
19	48565258
19	48598787
19	48631212
19	48967726
19	48978114
19	49000764
19	49102445
19	49131843
19	49166744
19	49216577
19	49244260
19	49416428
19	49447675
19	49548360
19	49552208
19	49564674
19	49604717
19	49714028
19	49862699
19	50139911
19	50177151
19	50193820
19	50208311
19	50216854
19	50247576
19	50411745
19	50474962
19	50789902
19	50926118
19	50961923
19	51133284
19	51274119
19	51363110
19	51363208
19	51480653
19	51518158
19	51537288
19	51563229
19	51647721
19	51648175
19	51656400
19	51739103
19	51772050
19	51845115
19	51958912
19	51961515
19	51984898
19	52003562
19	52004758
19	52090194
19	52090212
19	52146483
19	52147047
19	52376124
19	52394568
19	52468045
19	52496175
19	52497516
19	52497574
19	52505083
19	52538418
19	52569250
19	52619047
19	52619551
19	52620083
19	52658375
19	52705200
19	52793402
19	52794016
19	52825722
19	52869134
19	52887116
19	52918803
19	52941178
19	52942303
19	52942413
19	52942431
19	53015310
19	53207899
19	53270128
19	53270577
19	53302212
19	53302762
19	53311356
19	53383692
19	53453422
19	53454671
19	53473621
19	53571189
19	53619657
19	53740880
19	53741069
19	53741551
19	53762056
19	53793554
19	53854163
19	53884527
19	53886059
19	53911569
19	53911761
19	53912844
19	53913665
19	53960562
19	54188336
19	54204520
19	54216635
19	54260045
19	54314361
19	54327374
19	54445709
19	54631562
19	54646465
19	54760075
19	54760399
19	54802042
19	54804212
19	55019229
19	55019231
19	55044295
19	55086771
19	55148024
19	55148052
19	55255310
19	55281308
19	55286638
19	55346538
19	55349268
19	55399843
19	55445014
19	55450823
19	55451447
19	55481633
19	55494485
19	55496511
19	55603227
19	55665425
19	55665459
19	55738471
19	55805753
19	55872370
19	55994660
19	56011672
19	56011871
19	56042528
19	56223873
19	56243861
19	56274265
19	56274406
19	56296914
19	56297125
19	56300193
19	56329464
19	56363528
19	56369333
19	56369611
19	56370299
19	56392843
19	56392957
19	56443422
19	56443480
19	56443488
19	56459355
19	56459529
19	56538691
19	56539691
19	56572952
19	56688550
19	56895223
19	56895610
19	56934298
19	56935336
19	56935439
19	57022931
19	57035887
19	57036620
19	57036704
19	57051087
19	57061510
19	57062005
19	57066108
19	57066316
19	57066484
19	57175250
19	57286431
19	57324982
19	57326007
19	57326722
19	57326744
19	57327758
19	57335658
19	57724221
19	57839172
19	57865108
19	57867682
19	57868159
19	57868301
19	57932599
19	57954743
19	57955756
19	58083923
19	58187629
19	58199631
19	58213908
19	58350492
19	58439133
19	58453270
19	58489781
19	58551817
19	58551836
19	58596411
19	58868338
19	58945207
19	58945795
19	58946575
19	58948423
19	58966461
19	58967502
19	58988557
19	59012749
19	59074680
20	419792
20	982751
20	1223296
20	1223764
20	1294124
20	1426309
20	1457957
20	1546832
20	1961108
20	2637646
20	2638995
20	2690252
20	2736357
20	2776653
20	2816008
20	2840907
20	2841684
20	2967463
20	2985771
20	3102199
20	3103212
20	3127402
20	3274898
20	3298955
20	3362095
20	3363140
20	3686562
20	3731489
20	3733630
20	3785646
20	3804914
20	4162787
20	4164168
20	4168031
20	4679861
20	4680289
20	4680478
20	4680598
20	4705514
20	4713521
20	4770249
20	4880332
20	5294688
20	5843908
20	5927167
20	6017753
20	6077663
20	6750845
20	6758937
20	7886882
20	7980450
20	7980461
20	9318689
20	9365024
20	9404501
20	9453996
20	9459841
20	9495548
20	10279979
20	10287035
20	10386311
20	10626109
20	10653622
20	11900104
20	13029967
20	13260371
20	13260442
20	13370891
20	13830178
20	13846120
20	13894444
20	14306068
20	15866411
20	15866432
20	16360036
20	16362393
20	16721614
20	17240914
20	17240971
20	17339014
20	17581440
20	17585273
20	17587850
20	17968818
20	18165371
20	18365049
20	18464281
20	18506533
20	18511383
20	18724751
20	18794413
20	19664950
20	19673952
20	20031197
20	20177249
20	20226844
20	20553704
20	20565590
20	20571959
20	20601238
20	21319713
20	21369960
20	21494323
20	21687464
20	22562657
20	23431103
20	23432533
20	23545667
20	23548945
20	23804727
20	24523908
20	24950233
20	25190505
20	25269107
20	25282912
20	25433969
20	25460828
20	25470566
20	25755735
20	25829511
20	26063580
20	29976828
20	30136878
20	30253585
20	30253668
20	30371571
20	30380610
20	30388870
20	30421742
20	30458944
20	30585075
20	30662509
20	30676429
20	30745677
20	30785144
20	31017141
20	31023107
20	31024141
20	31372581
20	31374318
20	31455551
20	31505149
20	31627275
20	31688243
20	31699396
20	31805172
20	31890751
20	31967310
20	31967358
20	32664566
20	32684576
20	33329591
20	33329708
20	33568434
20	33575675
20	33665958
20	33842452
20	33855133
20	33894507
20	34022151
20	34099605
20	34207518
20	34220553
20	34242488
20	34269813
20	34312576
20	34797635
20	35154346
20	35177578
20	35696525
20	36625220
20	36841691
20	36869617
20	37128103
20	37536706
20	37581171
20	37639003
20	37650558
20	39795391
20	39991311
20	40049844
20	40050384
20	40052268
20	40126809
20	40713337
20	40864878
20	40980830
20	41514518
20	42169508
20	42328679
20	42355316
20	42835622
20	42887240
20	43625885
20	43629075
20	43723310
20	43836716
20	43850698
20	43851505
20	43882222
20	43940246
20	43940918
20	43955913
20	43955960
20	44037061
20	44047991
20	44141328
20	44168089
20	44277214
20	44279148
20	44313595
20	44444362
20	44517457
20	44639624
20	44644890
20	44675063
20	44685096
20	44685099
20	44695779
20	45085040
20	45129840
20	45130704
20	45130856
20	45131281
20	45131639
20	45362496
20	45801367
20	46276076
20	47588912
20	47605070
20	47606200
20	47682765
20	47700578
20	47877011
20	47887421
20	47989734
20	47991437
20	48098751
20	48130909
20	48164505
20	48166656
20	48456127
20	48504378
20	48504530
20	49202384
20	49366996
20	49509856
20	49510335
20	49626458
20	49626686
20	50406957
20	50408820
20	50769597
20	52192613
20	52193072
20	52193491
20	52773964
20	52830974
20	53267105
20	54579090
20	55099997
20	55100024
20	55101089
20	55111375
20	55208590
20	55212806
20	55906899
20	56073382
20	56138663
20	56139331
20	56195407
20	56993321
20	57273827
20	57484414
20	57485438
20	57561836
20	57899560
20	58422200
20	58439413
20	58452478
20	58461789
20	58467092
20	58495519
20	58497488
20	58567505
20	58644906
20	60575222
20	60772993
20	60775836
20	60854239
20	60962906
20	60963564
20	60991230
20	61429987
20	61440944
20	61485378
20	61488919
20	61511407
20	61527642
20	61527926
20	61909472
20	61948043
20	62127262
20	62172577
20	62173895
20	62192602
20	62319311
20	62577254
20	62737332
20	62738053
20	62837141
20	62850243
20	62891426
21	10906959
21	10906987
21	10910348
21	10916378
21	10921992
21	10942768
21	10944785
21	10952957
21	10996026
21	10998270
21	10998330
21	11021194
21	11026762
21	11038760
21	11038985
21	11049563
21	15352041
21	15561494
21	15599714
21	15858144
21	15882775
21	16337367
21	16339425
21	16339598
21	17163915
21	17250136
21	18970966
21	18977179
21	19638448
21	19666755
21	19732165
21	22656537
21	22881187
21	22910222
21	27348303
21	27945215
21	28296606
21	28304487
21	30302787
21	30358476
21	30411452
21	30432865
21	30547197
21	30698986
21	30963546
21	31066253
21	31311717
21	31587490
21	31661636
21	31709457
21	31743956
21	31797995
21	31863991
21	31864264
21	31964943
21	31988915
21	32253404
21	32598178
21	32598195
21	33057405
21	33076135
21	33296971
21	33686817
21	33717857
21	33887347
21	34166782
21	34399328
21	34721515
21	34727950
21	34809262
21	34860956
21	34861073
21	34889728
21	34903815
21	34922580
21	34947874
21	34953718
21	34963498
21	34969630
21	35169761
21	35202043
21	35467738
21	35742848
21	36088913
21	36259146
21	37412940
21	37416218
21	37445280
21	37445288
21	37504856
21	37618922
21	37713713
21	37713755
21	37741863
21	38438000
21	38459344
21	38536450
21	38538230
21	38545016
21	38564453
21	38600650
21	38604773
21	38862744
21	39086614
21	39212969
21	40250436
21	40558853
21	40569156
21	40571465
21	40590106
21	40608671
21	40778020
21	40781999
21	40800118
21	40847091
21	41032583
21	41117387
21	41173338
21	41270431
21	41414598
21	41446967
21	41450636
21	41684286
21	41711087
21	42647627
21	42778876
21	43411021
21	43412720
21	43444555
21	43533760
21	43702515
21	43716703
21	43809147
21	43829550
21	43892777
21	44151908
21	44182324
21	44185540
21	44474094
21	44592283
21	45178635
21	45509781
21	45563143
21	45820197
21	45825817
21	45876782
21	46011869
21	46020568
21	46066567
21	46117708
21	46229001
21	46645644
21	46888301
21	46900006
21	47350749
21	47542437
21	47545947
21	47557228
21	47663377
21	47663440
21	47801681
21	47969928
22	16269931
22	16449562
22	16449624
22	17264440
22	17445707
22	17447056
22	17447170
22	17473061
22	17662787
22	17690637
22	18082825
22	18222118
22	18305776
22	18769239
22	18769682
22	18894298
22	18979453
22	19050756
22	19118945
22	19119793
22	19319018
22	19379724
22	19431873
22	19459280
22	19496119
22	19504166
22	19709370
22	19839229
22	20230372
22	20398324
22	20456719
22	20460251
22	20812181
22	21340155
22	21363728
22	21990876
22	22869856
22	22990110
22	23040768
22	23090161
22	23214124
22	24034601
22	24313555
22	24323150
22	24445595
22	24445623
22	24456467
22	24562613
22	24658293
22	24658410
22	24717783
22	24724866
22	24836575
22	24891466
22	24909330
22	24909451
22	24953641
22	25119100
22	25315899
22	25320205
22	25331512
22	26086233
22	26110531
22	26159209
22	26231386
22	26242122
22	26273958
22	26399265
22	26423555
22	26688377
22	26761393
22	26877768
22	27003882
22	27003891
22	28315109
22	28397235
22	28503576
22	29092924
22	29191047
22	29611594
22	29837600
22	29884892
22	29885882
22	29932681
22	29965242
22	30032797
22	30197098
22	30374976
22	30409419
22	30738244
22	30769913
22	30862365
22	30891317
22	31286872
22	31521762
22	31522914
22	31529903
22	31534698
22	31536060
22	31731715
22	31859810
22	32010835
22	32109587
22	32134505
22	32150967
22	32217579
22	32234829
22	32330252
22	32330414
22	32506299
22	32587002
22	32614497
22	32621800
22	32756076
22	32756272
22	32756853
22	32828360
22	32894502
22	33260974
22	33733727
22	34157362
22	35660803
22	35947597
22	36054765
22	36122895
22	36157506
22	36684979
22	36705423
22	37154255
22	37326847
22	37334078
22	37387277
22	37499385
22	37578411
22	37690748
22	37709664
22	37769086
22	38014499
22	38119411
22	38329085
22	38470322
22	38481380
22	38494163
22	38528903
22	38877408
22	38915898
22	38934387
22	39078435
22	39085019
22	39448225
22	39884589
22	39908488
22	39910260
22	40066842
22	40161495
22	40356158
22	40364189
22	40676079
22	40719251
22	40762493
22	40800640
22	40803470
22	40805519
22	41077326
22	41282427
22	41533773
22	41572404
22	41573557
22	41928714
22	42388765
22	42473419
22	42575644
22	42608083
22	42609006
22	43089181
22	43203104
22	43230255
22	43231425
22	43575962
22	43606959
22	43821179
22	43831116
22	44112839
22	44127686
22	44585032
22	44592227
22	44594597
22	44645428
22	45564052
22	45749965
22	45785670
22	45914660
22	46136386
22	46627847
22	46653300
22	46654443
22	46657646
22	46787711
22	47073086
22	47073265
22	47073282
22	47095304
22	49145730
22	50216753
22	50277215
22	50280052
22	50280475
22	50523168
22	50591491
22	50599252
22	50616107
22	50660064
22	50662994
22	50691825
22	50705046
22	50882733
22	50895492
22	50898532
22	50967988
22	50994736
22	51018642
22	51117213
22	51150051
X	221623
X	299561
X	1407431
X	1409342
X	1424641
X	1501532
X	1505407
X	1505534
X	1508278
X	1746604
X	2343272
X	2688602
X	2795286
X	2799419
X	2951077
X	3019151
X	3235955
X	3240544
X	5811688
X	7177480
X	7268042
X	7812163
X	7893992
X	8138006
X	8763127
X	8763412
X	8768125
X	9656071
X	9661422
X	9684390
X	9714097
X	9862976
X	9907377
X	10035365
X	10035402
X	10085339
X	10109533
X	10176190
X	10417743
X	10427815
X	10450529
X	11196220
X	11204429
X	11206927
X	11215106
X	11682616
X	11781114
X	11793134
X	12734645
X	12736417
X	12903909
X	12904019
X	12904869
X	12928428
X	12939565
X	13587834
X	13727440
X	13786877
X	13801510
X	14550433
X	14748577
X	14862650
X	14877446
X	14929461
X	15306031
X	15311417
X	15333571
X	15349660
X	15540559
X	15579875
X	15677192
X	15782766
X	15809114
X	15870612
X	16717107
X	16863144
X	16887335
X	17742544
X	17743589
X	17743916
X	17750027
X	17764185
X	17819663
X	18192281
X	18192350
X	18259339
X	18264783
X	18264944
X	18525114
X	18593495
X	18598015
X	18674831
X	18748330
X	18767978
X	19369512
X	19377050
X	19377947
X	19392701
X	19947910
X	20060710
X	20185793
X	20204442
X	21393035
X	21550085
X	21627418
X	21670702
X	21875180
X	22002476
X	22003279
X	22095808
X	22129611
X	22291957
X	23018618
X	23018991
X	23397827
X	23411466
X	23412226
X	23721918
X	23934380
X	24007103
X	24228434
X	24521502
X	24752064
X	24755785
X	24859883
X	26157753
X	26158084
X	26212236
X	26212723
X	26212729
X	27766253
X	27766549
X	27766759
X	27766886
X	27839676
X	27839758
X	27840281
X	27997557
X	27997948
X	27998711
X	27999214
X	29301120
X	29938065
X	30237366
X	30237798
X	30237838
X	30260594
X	30269041
X	30326388
X	30578162
X	30714241
X	30738819
X	30746923
X	30849648
X	30873103
X	31164466
X	31227737
X	31792263
X	31893303
X	32328197
X	32328373
X	32380921
X	32398787
X	32456383
X	32486814
X	32563314
X	32613950
X	32834697
X	34148781
X	34648414
X	34962330
X	34962649
X	34962875
X	34962920
X	35944257
X	35988963
X	36103568
X	36317110
X	36317125
X	36322013
X	36371715
X	36403121
X	37026638
X	37028454
X	37028992
X	37029400
X	37029655
X	37670178
X	37850249
X	37931347
X	37955396
X	38145402
X	38147249
X	38156605
X	38176606
X	40498357
X	40518692
X	40518847
X	41043261
X	41437686
X	41587144
X	41712418
X	43571956
X	44091865
X	44108076
X	44120403
X	44870210
X	44945216
X	44970879
X	45060117
X	46360259
X	46388270
X	46466614
X	46696581
X	46719461
X	46940548
X	47041363
X	47044502
X	47082953
X	47272757
X	47272941
X	47273084
X	47306758
X	47307439
X	47307516
X	47428974
X	47430935
X	47432211
X	47774361
X	47835763
X	47835969
X	47837174
X	47862011
X	47918295
X	47976513
X	48118066
X	48207715
X	48209546
X	48244008
X	48244833
X	48269477
X	48270229
X	48270302
X	48386906
X	48418653
X	48433546
X	48458814
X	48565905
X	48674023
X	48681420
X	48687550
X	48752378
X	48762045
X	48776111
X	48819857
X	48831684
X	48844550
X	48926029
X	49032195
X	49034343
X	49040322
X	49049761
X	49067543
X	49088171
X	49099751
X	49106139
X	49137686
X	49143300
X	49595684
X	49597195
X	49644959
X	49646286
X	49861544
X	49958460
X	50051905
X	50053330
X	50053393
X	50053926
X	50136216
X	50341324
X	51487067
X	51487680
X	51488603
X	51640956
X	51644761
X	52891605
X	53114483
X	53115256
X	53228018
X	53272619
X	53426535
X	53565805
X	53574656
X	53585965
X	53611182
X	53615346
X	53615460
X	53618076
X	53674407
X	53965596
X	53966754
X	54012332
X	54026384
X	54044223
X	54160249
X	54264822
X	54278072
X	54321005
X	54335576
X	54335691
X	54337627
X	54472809
X	54491944
X	54496662
X	54497869
X	54777592
X	54780097
X	54784919
X	54823437
X	54835641
X	54837536
X	54838030
X	54949730
X	54951445
X	55246820
X	55479290
X	55650107
X	55651326
X	56590436
X	56590893
X	57020624
X	57021234
X	57367770
X	57935742
X	62569973
X	63411550
X	63412711
X	63444995
X	63556009
X	64137684
X	64708825
X	64717033
X	64718964
X	64949523
X	65259952
X	65393449
X	65414964
X	65418735
X	65476110
X	65478771
X	66765654
X	67339157
X	67518844
X	67731786
X	67733197
X	67938344
X	69247722
X	69263093
X	69354500
X	69420292
X	69454574
X	69460101
X	69506778
X	69550152
X	69639577
X	69646233
X	69647034
X	69649445
X	69699019
X	69715299
X	69719067
X	69826813
X	69849512
X	69871302
X	69871346
X	70073121
X	70316418
X	70321052
X	70324245
X	70329214
X	70330089
X	70469192
X	70473082
X	70511778
X	70601698
X	70607173
X	70618466
X	70836483
X	70837169
X	71359483
X	71359565
X	71426262
X	71458768
X	71494761
X	71521767
X	71715065
X	71802311
X	72432864
X	72673384
X	72674223
X	72901103
X	73524122
X	73749105
X	73812730
X	73960088
X	73963779
X	73964241
X	73965415
X	74273408
X	74670651
X	75003798
X	75649146
X	76778764
X	76874295
X	76891466
X	76937191
X	76937409
X	76937437
X	76937611
X	76938189
X	77224951
X	77913545
X	77913638
X	78216260
X	78216982
X	78217044
X	78427131
X	78427266
X	78616570
X	79286169
X	79698321
X	79947594
X	79965030
X	79990651
X	80001078
X	80371810
X	80532588
X	82764318
X	83128835
X	83129222
X	83319132
X	83390130
X	84310908
X	84510589
X	84534410
X	85156161
X	85158697
X	85211343
X	85211373
X	86773309
X	86868989
X	86880687
X	86921722
X	86924427
X	88008938
X	89176942
X	90691311
X	90691635
X	91090449
X	92926978
X	92964818
X	96013171
X	96139202
X	96171473
X	96173584
X	96369890
X	96502836
X	96854313
X	99661933
X	99662678
X	99917299
X	99917314
X	99921796
X	99946198
X	100077364
X	100105165
X	100117254
X	100117443
X	100125776
X	100242407
X	100265438
X	100349853
X	100381742
X	100496667
X	100513461
X	100534008
X	100542710
X	100603562
X	100668225
X	100880885
X	101096486
X	101138568
X	101139630
X	101152903
X	101381919
X	101396012
X	101622755
X	101768984
X	101817759
X	101818591
X	101821474
X	101821686
X	101822224
X	101910789
X	101911018
X	101970306
X	102004411
X	102192373
X	102193127
X	102318106
X	102334740
X	102337975
X	102586415
X	102842178
X	102884932
X	102885150
X	102931325
X	102931447
X	103045697
X	103216760
X	103358885
X	103499462
X	104464719
X	105011226
X	105011244
X	105153831
X	105199616
X	105280746
X	105450377
X	105450473
X	105450676
X	105855798
X	105876195
X	105876203
X	105881035
X	105905268
X	106069274
X	106082590
X	106096816
X	106116864
X	106143735
X	106185792
X	106198163
X	106201644
X	106308863
X	107083938
X	107170005
X	107225250
X	107320719
X	107330977
X	107417803
X	107422627
X	107448921
X	107821341
X	107976897
X	107977381
X	108635277
X	108718936
X	108786035
X	108887400
X	108912397
X	108921509
X	109416526
X	109696277
X	109697346
X	109764490
X	109764953
X	109764970
X	109922648
X	110035371
X	110035375
X	110385385
X	110406149
X	110406180
X	110406212
X	110435374
X	110439685
X	110489592
X	110654140
X	111003136
X	111698916
X	111903918
X	111914423
X	112065588
X	112066333
X	114141552
X	114141695
X	114238555
X	114358555
X	114400484
X	114426218
X	114426528
X	114540772
X	114540933
X	114541003
X	114863533
X	115304679
X	115573861
X	117044002
X	117053614
X	117526698
X	117526873
X	117532380
X	117676694
X	117695438
X	117706314
X	117727301
X	117770374
X	117815110
X	117815747
X	117819848
X	117895241
X	118146926
X	118151747
X	118221368
X	118221431
X	118222389
X	118222608
X	118223457
X	118587180
X	118694273
X	118723164
X	118723981
X	118725227
X	118726485
X	118752676
X	118797493
X	118923917
X	118971830
X	118985491
X	119070272
X	119387283
X	119387605
X	119496002
X	119500468
X	119509329
X	119562255
X	119581876
X	119589309
X	119674363
X	119678368
X	119694089
X	119746245
X	120008784
X	120008813
X	120094396
X	120182035
X	120182121
X	122319772
X	122387342
X	122551696
X	122755356
X	122802018
X	123019598
X	123020215
X	123020278
X	123040882
X	123159735
X	123164904
X	123176489
X	123181245
X	123189994
X	123200236
X	123514421
X	123517812
X	123518430
X	123554583
X	123695572
X	123838974
X	123839096
X	127185114
X	128602858
X	128694583
X	128723899
X	128724235
X	128975763
X	129146999
X	129148827
X	129156885
X	129271592
X	129279545
X	129281790
X	129492617
X	129629434
X	129804065
X	130218353
X	130219664
X	130407738
X	130411008
X	130411833
X	131206349
X	131212742
X	131524945
X	132160874
X	132162147
X	132458392
X	132670106
X	133087203
X	133379350
X	133379481
X	133379759
X	133547854
X	133675431
X	133906100
X	133922824
X	134031042
X	134166906
X	134185286
X	134186048
X	134421448
X	134679450
X	134856771
X	134988651
X	135053240
X	135279101
X	135279263
X	135302932
X	135308094
X	135405100
X	135426562
X	135427322
X	135430339
X	135430340
X	135431696
X	135432464
X	135572434
X	135585080
X	135593174
X	135593684
X	135593729
X	135632931
X	135762983
X	135790890
X	135861632
X	136652113
X	138643737
X	138644249
X	138678815
X	138697185
X	138820184
X	139037883
X	139040347
X	139587064
X	139865657
X	139865905
X	140786577
X	140926144
X	140969522
X	140985116
X	140985270
X	140985544
X	140993486
X	140993495
X	140994730
X	140994751
X	140995710
X	140996724
X	142596730
X	142605155
X	142718727
X	142718732
X	142718967
X	142795236
X	142795367
X	144329130
X	144337199
X	144904884
X	144909318
X	144909394
X	145082572
X	147582629
X	147743667
X	148072878
X	148564716
X	148586670
X	148797686
X	149100736
X	149639581
X	150154572
X	150912676
X	151138740
X	151283543
X	151303343
X	151303783
X	151562900
X	151821527
X	151900098
X	152225899
X	152482132
X	152483161
X	152684172
X	152721101
X	152771478
X	152772329
X	152773751
X	152815180
X	152861527
X	152914982
X	152957439
X	152960033
X	152988654
X	153001660
X	153002666
X	153032714
X	153035589
X	153046678
X	153049627
X	153050591
X	153052538
X	153053582
X	153061891
X	153070053
X	153128070
X	153141308
X	153171047
X	153174577
X	153184624
X	153216837
X	153220851
X	153279717
X	153296409
X	153416189
X	153533620
X	153543543
X	153580748
X	153628715
X	153640475
X	153688732
X	153689822
X	153716396
X	153735585
X	153880408
X	153927590
X	153991198
X	153994631
X	154007511
X	154157054
X	154158579
X	154158676
X	154159114
X	154159727
X	154159916
X	154290175
X	154490101
X	154563709
X	154736575
X	154736729
X	155149505
X	155171618
