chr	pos	ref	alt	gene	classification	t_ref_count	t_alt_count	total_depth	vaf	local_cn	major_cn	minor_cn	mcn	multiplicity	ccf	ccf_capped	is_clonal	purity	ploidy
1	1109874	A	C	TTLL10	Intron	5	5	10	0.5	2	1	1	1.2346	1	1.2346	1.0	True	0.81	2.26
1	2522847	G	A	FAM213B	3'UTR	5	4	9	0.4444444444444444	2	1	1	1.0974	1	1.0974	1.0	True	0.81	2.26
1	3650079	C	A	TP73	3'UTR	22	5	27	0.18518518518518517	2	1	1	0.4572	1	0.4572	0.4572	False	0.81	2.26
1	6642343	C	A	ZBTB48	Missense_Mutation	12	6	18	0.3333333333333333	2	1	1	0.823	1	0.823	0.823	False	0.81	2.26
1	6693133	G	A	THAP3	Missense_Mutation	13	7	20	0.35	2	1	1	0.8642	1	0.8642	0.8642	True	0.81	2.26
1	7870598	C	T	PER3	Missense_Mutation	6	4	10	0.4	2	1	1	0.9877	1	0.9877	0.9877	True	0.81	2.26
1	10339169	G	A	KIF1B	Intron	68	13	81	0.16049382716049382	2	1	1	0.3963	1	0.3963	0.3963	False	0.81	2.26
1	10356979	A	G	KIF1B	Missense_Mutation	12	6	18	0.3333333333333333	2	1	1	0.823	1	0.823	0.823	False	0.81	2.26
1	11255841	T	A	ANGPTL7	3'UTR	5	7	12	0.5833333333333334	2	1	1	1.4403	1	1.4403	1.0	True	0.81	2.26
1	11709924	G	A	FBXO2	Missense_Mutation	10	5	15	0.3333333333333333	2	1	1	0.823	1	0.823	0.823	False	0.81	2.26
1	11826413	C	T	C1orf167	Silent	9	12	21	0.5714285714285714	2	1	1	1.4109	1	1.4109	1.0	True	0.81	2.26
1	12326968	G	A	VPS13D	Missense_Mutation	23	14	37	0.3783783783783784	2	1	1	0.9343	1	0.9343	0.9343	True	0.81	2.26
1	12835246	G	A	PRAMEF12	Missense_Mutation	45	42	87	0.4827586206896552	2	1	1	1.192	1	1.192	1.0	True	0.81	2.26
1	13001157	C	A	PRAMEF6	Missense_Mutation	72	13	85	0.15294117647058825	2	1	1	0.3776	1	0.3776	0.3776	False	0.81	2.26
1	13111617	T	C	PRAMEF23	RNA	8	7	15	0.4666666666666667	2	1	1	1.1523	1	1.1523	1.0	True	0.81	2.26
1	15654971	T	G	FHAD1	Intron	22	11	33	0.3333333333333333	2	1	1	0.823	1	0.823	0.823	False	0.81	2.26
1	15898139	C	A	DNAJC16	3'UTR	17	6	23	0.2608695652173913	2	1	1	0.6441	1	0.6441	0.6441	False	0.81	2.26
1	16894506	C	A	NBPF1	Silent	430	50	480	0.10416666666666667	2	1	1	0.2572	1	0.2572	0.2572	False	0.81	2.26
1	18702822	A	C	IGSF21	Missense_Mutation	39	31	70	0.44285714285714284	2	1	1	1.0935	1	1.0935	1.0	True	0.81	2.26
1	18703368	C	T	IGSF21	Silent	32	14	46	0.30434782608695654	2	1	1	0.7515	1	0.7515	0.7515	False	0.81	2.26
1	18704875	A	G	IGSF21	3'UTR	14	10	24	0.4166666666666667	2	1	1	1.0288	1	1.0288	1.0	True	0.81	2.26
1	18958016	G	T	PAX7	5'UTR	17	10	27	0.37037037037037035	2	1	1	0.9145	1	0.9145	0.9145	True	0.81	2.26
1	19478884	C	T	UBR4	Missense_Mutation	31	23	54	0.42592592592592593	2	1	1	1.0517	1	1.0517	1.0	True	0.81	2.26
1	19550016	C	T	EMC1	Silent	10	12	22	0.5454545454545454	2	1	1	1.3468	1	1.3468	1.0	True	0.81	2.26
1	20231475	G	T	OTUD3	Missense_Mutation	44	28	72	0.3888888888888889	2	1	1	0.9602	1	0.9602	0.9602	True	0.81	2.26
1	21042010	G	A	KIF17	Silent	20	19	39	0.48717948717948717	2	1	1	1.2029	1	1.2029	1.0	True	0.81	2.26
1	21050728	G	A	SH2D5	Missense_Mutation	6	6	12	0.5	2	1	1	1.2346	1	1.2346	1.0	True	0.81	2.26
1	21102426	G	T	HP1BP3	Intron	19	22	41	0.5365853658536586	2	1	1	1.3249	1	1.3249	1.0	True	0.81	2.26
1	21180097	C	T	EIF4G3	Silent	30	26	56	0.4642857142857143	2	1	1	1.1464	1	1.1464	1.0	True	0.81	2.26
1	22056265	C	T	USP48	Missense_Mutation	35	19	54	0.35185185185185186	2	1	1	0.8688	1	0.8688	0.8688	True	0.81	2.26
1	22417932	G	T	CDC42	Missense_Mutation	23	21	44	0.4772727272727273	2	1	1	1.1785	1	1.1785	1.0	True	0.81	2.26
1	22848905	C	T	ZBTB40	Missense_Mutation	29	22	51	0.43137254901960786	2	1	1	1.0651	1	1.0651	1.0	True	0.81	2.26
1	22913021	C	T	EPHA8	Missense_Mutation	35	16	51	0.3137254901960784	2	1	1	0.7746	1	0.7746	0.7746	False	0.81	2.26
1	24392462	A	C	MYOM3	Missense_Mutation	27	20	47	0.425531914893617	2	1	1	1.0507	1	1.0507	1.0	True	0.81	2.26
1	25735359	G	A	RHCE	Silent	57	4	61	0.06557377049180328	2	1	1	0.1619	1	0.1619	0.1619	False	0.81	2.26
1	26448560	C	A	PDIK1L	Missense_Mutation	30	13	43	0.3023255813953488	2	1	1	0.7465	1	0.7465	0.7465	False	0.81	2.26
1	27106354	C	T	ARID1A	Nonsense_Mutation	19	20	39	0.5128205128205128	2	1	1	1.2662	1	1.2662	1.0	True	0.81	2.26
1	27695807	C	T	FCN3	Missense_Mutation	27	11	38	0.2894736842105263	2	1	1	0.7147	1	0.7147	0.7147	False	0.81	2.26
1	31188762	C	A	MATN1	Missense_Mutation	39	30	69	0.43478260869565216	2	1	1	1.0735	1	1.0735	1.0	True	0.81	2.26
1	31351340	G	T	SDC3	Intron	7	6	13	0.46153846153846156	2	1	1	1.1396	1	1.1396	1.0	True	0.81	2.26
1	32832410	G	T	BSDC1	Intron	6	6	12	0.5	2	1	1	1.2346	1	1.2346	1.0	True	0.81	2.26
1	33145931	G	T	SYNC	3'Flank	20	8	28	0.2857142857142857	2	1	1	0.7055	1	0.7055	0.7055	False	0.81	2.26
1	33161396	C	T	SYNC	Silent	18	6	24	0.25	2	1	1	0.6173	1	0.6173	0.6173	False	0.81	2.26
1	33161533	C	T	SYNC	Missense_Mutation	7	14	21	0.6666666666666666	2	1	1	1.6461	1	1.6461	1.0	True	0.81	2.26
1	33478759	G	T	AK2	3'UTR	44	38	82	0.4634146341463415	2	1	1	1.1442	1	1.1442	1.0	True	0.81	2.26
1	35826805	T	G	ZMYM4	Silent	30	22	52	0.4230769230769231	2	1	1	1.0446	1	1.0446	1.0	True	0.81	2.26
1	36386497	A	C	AGO1	3'UTR	14	23	37	0.6216216216216216	2	1	1	1.5349	1	1.5349	1.0	True	0.81	2.26
1	37959359	C	A	MEAF6	3'UTR	13	11	24	0.4583333333333333	2	1	1	1.1317	1	1.1317	1.0	True	0.81	2.26
1	39906950	C	A	MACF1	Missense_Mutation	8	8	16	0.5	2	1	1	1.2346	1	1.2346	1.0	True	0.81	2.26
1	40092191	G	A	HEYL	Silent	17	21	38	0.5526315789473685	2	1	1	1.3645	1	1.3645	1.0	True	0.81	2.26
1	40422882	G	A	MFSD2A	Missense_Mutation	38	21	59	0.3559322033898305	2	1	1	0.8788	1	0.8788	0.8788	True	0.81	2.26
1	40704571	C	A	RLF	Silent	10	6	16	0.375	2	1	1	0.9259	1	0.9259	0.9259	True	0.81	2.26
1	40874336	G	T	SMAP2	Missense_Mutation	36	22	58	0.3793103448275862	2	1	1	0.9366	1	0.9366	0.9366	True	0.81	2.26
1	41466761	G	A	CTPS1	Missense_Mutation	30	25	55	0.45454545454545453	2	1	1	1.1223	1	1.1223	1.0	True	0.81	2.26
1	42041223	G	A	HIVEP3	Silent	21	15	36	0.4166666666666667	2	1	1	1.0288	1	1.0288	1.0	True	0.81	2.26
1	42050481	G	T	HIVEP3	5'UTR	23	23	46	0.5	2	1	1	1.2346	1	1.2346	1.0	True	0.81	2.26
1	42644858	G	A	FOXJ3	3'UTR	12	9	21	0.42857142857142855	2	1	1	1.0582	1	1.0582	1.0	True	0.81	2.26
1	43787145	G	A	TIE1	Missense_Mutation	61	9	70	0.12857142857142856	2	1	1	0.3175	1	0.3175	0.3175	False	0.81	2.26
1	44433516	A	G	IPO13	3'UTR	20	6	26	0.23076923076923078	2	1	1	0.5698	1	0.5698	0.5698	False	0.81	2.26
1	44466461	A	G	SLC6A9	Missense_Mutation	25	7	32	0.21875	2	1	1	0.5401	1	0.5401	0.5401	False	0.81	2.26
1	44878323	A	C	RNF220	Missense_Mutation	44	23	67	0.34328358208955223	2	1	1	0.8476	1	0.8476	0.8476	False	0.81	2.26
1	46106044	C	A	GPBP1L1	Missense_Mutation	44	20	64	0.3125	2	1	1	0.7716	1	0.7716	0.7716	False	0.81	2.26
1	46808693	C	A	NSUN4	Intron	28	22	50	0.44	2	1	1	1.0864	1	1.0864	1.0	True	0.81	2.26
1	46809185	A	C	NSUN4	Intron	8	5	13	0.38461538461538464	2	1	1	0.9497	1	0.9497	0.9497	True	0.81	2.26
1	47138653	A	G	TEX38	Missense_Mutation	16	13	29	0.4482758620689655	2	1	1	1.1069	1	1.1069	1.0	True	0.81	2.26
1	47767909	C	T	STIL	Missense_Mutation	21	12	33	0.36363636363636365	2	1	1	0.8979	1	0.8979	0.8979	True	0.81	2.26
1	52179731	C	T	OSBPL9	Nonsense_Mutation	28	19	47	0.40425531914893614	2	1	1	0.9982	1	0.9982	0.9982	True	0.81	2.26
1	52744277	A	C	ZFYVE9	Missense_Mutation	15	10	25	0.4	2	1	1	0.9877	1	0.9877	0.9877	True	0.81	2.26
1	53573985	C	T	SLC1A7	Intron	9	4	13	0.3076923076923077	2	1	1	0.7597	1	0.7597	0.7597	False	0.81	2.26
1	53668037	A	G	CPT2	Silent	23	17	40	0.425	2	1	1	1.0494	1	1.0494	1.0	True	0.81	2.26
1	53715130	G	T	LRP8	Silent	32	5	37	0.13513513513513514	2	1	1	0.3337	1	0.3337	0.3337	False	0.81	2.26
1	55470763	G	T	BSND	Missense_Mutation	15	7	22	0.3181818181818182	2	1	1	0.7856	1	0.7856	0.7856	False	0.81	2.26
1	55624561	G	A	USP24	Missense_Mutation	20	12	32	0.375	2	1	1	0.9259	1	0.9259	0.9259	True	0.81	2.26
1	56961064	G	A	PPAP2B	3'UTR	14	13	27	0.48148148148148145	2	1	1	1.1888	1	1.1888	1.0	True	0.81	2.26
1	57320592	C	A	C8A	Missense_Mutation	35	23	58	0.39655172413793105	2	1	1	0.9791	1	0.9791	0.9791	True	0.81	2.26
1	58971796	T	G	OMA1	Missense_Mutation	43	19	62	0.3064516129032258	2	1	1	0.7567	1	0.7567	0.7567	False	0.81	2.26
1	61921557	C	A	NFIA	3'Flank	37	7	44	0.1590909090909091	2	1	1	0.3928	1	0.3928	0.3928	False	0.81	2.26
1	62330053	G	A	INADL	Silent	16	11	27	0.4074074074074074	2	1	1	1.0059	1	1.0059	1.0	True	0.81	2.26
1	63790491	C	A	FOXD3	3'UTR	53	27	80	0.3375	2	1	1	0.8333	1	0.8333	0.8333	False	0.81	2.26
1	64038174	C	A	EFCAB7	Missense_Mutation	29	12	41	0.2926829268292683	2	1	1	0.7227	1	0.7227	0.7227	False	0.81	2.26
1	64125812	C	A	PGM1	3'UTR	42	24	66	0.36363636363636365	2	1	1	0.8979	1	0.8979	0.8979	True	0.81	2.26
1	65211106	T	C	RAVER2	Splice_Site	32	16	48	0.3333333333333333	2	1	1	0.823	1	0.823	0.823	False	0.81	2.26
1	67210430	G	T	SGIP1	3'UTR	9	5	14	0.35714285714285715	2	1	1	0.8818	1	0.8818	0.8818	True	0.81	2.26
1	67306263	T	C	WDR78	Missense_Mutation	37	5	42	0.11904761904761904	2	1	1	0.2939	1	0.2939	0.2939	False	0.81	2.26
1	67558452	G	T	C1orf141	3'UTR	21	18	39	0.46153846153846156	2	1	1	1.1396	1	1.1396	1.0	True	0.81	2.26
1	68895402	G	T	RPE65	3'UTR	10	7	17	0.4117647058823529	2	1	1	1.0167	1	1.0167	1.0	True	0.81	2.26
1	70226065	G	T	LRRC7	Nonsense_Mutation	9	8	17	0.47058823529411764	2	1	1	1.1619	1	1.1619	1.0	True	0.81	2.26
1	71872618	C	A	NEGR1	3'UTR	16	3	19	0.15789473684210525	2	1	1	0.3899	1	0.3899	0.3899	False	0.81	2.26
1	71873129	T	G	NEGR1	Nonstop_Mutation	19	12	31	0.3870967741935484	2	1	1	0.9558	1	0.9558	0.9558	True	0.81	2.26
1	76378528	G	T	MSH4	Missense_Mutation	35	5	40	0.125	2	1	1	0.3086	1	0.3086	0.3086	False	0.81	2.26
1	82409086	C	T	LPHN2	Silent	13	3	16	0.1875	2	1	1	0.463	1	0.463	0.463	False	0.81	2.26
1	82450276	G	T	LPHN2	Nonsense_Mutation	20	11	31	0.3548387096774194	2	1	1	0.8761	1	0.8761	0.8761	True	0.81	2.26
1	82457770	A	C	LPHN2	3'UTR	11	6	17	0.35294117647058826	2	1	1	0.8715	1	0.8715	0.8715	True	0.81	2.26
1	84373248	G	T	TTLL7	Missense_Mutation	15	14	29	0.4827586206896552	2	1	1	1.192	1	1.192	1.0	True	0.81	2.26
1	84701610	T	G	PRKACB	3'UTR	11	4	15	0.26666666666666666	2	1	1	0.6584	1	0.6584	0.6584	False	0.81	2.26
1	85112421	G	T	SSX2IP	3'UTR	32	18	50	0.36	2	1	1	0.8889	1	0.8889	0.8889	True	0.81	2.26
1	85486930	G	A	MCOLN3	Silent	9	7	16	0.4375	2	1	1	1.0802	1	1.0802	1.0	True	0.81	2.26
1	91182570	C	T	BARHL2	Silent	22	14	36	0.3888888888888889	2	1	1	0.9602	1	0.9602	0.9602	True	0.81	2.26
1	91742578	G	T	HFM1	Missense_Mutation	12	15	27	0.5555555555555556	2	1	1	1.3717	1	1.3717	1.0	True	0.81	2.26
1	92646872	C	A	KIAA1107	Missense_Mutation	7	6	13	0.46153846153846156	2	1	1	1.1396	1	1.1396	1.0	True	0.81	2.26
1	92974748	G	T	EVI5	3'UTR	8	5	13	0.38461538461538464	2	1	1	0.9497	1	0.9497	0.9497	True	0.81	2.26
1	93316432	T	G	FAM69A	Missense_Mutation	11	10	21	0.47619047619047616	2	1	1	1.1758	1	1.1758	1.0	True	0.81	2.26
1	94019444	T	G	FNBP1L	3'UTR	41	28	69	0.4057971014492754	2	1	1	1.002	1	1.002	1.0	True	0.81	2.26
1	94506917	C	T	ABCA4	Missense_Mutation	25	26	51	0.5098039215686274	2	1	1	1.2588	1	1.2588	1.0	True	0.81	2.26
1	94643148	T	G	ARHGAP29	Intron	24	5	29	0.1724137931034483	2	1	1	0.4257	1	0.4257	0.4257	False	0.81	2.26
1	94933514	C	T	ABCD3	Nonsense_Mutation	31	25	56	0.44642857142857145	2	1	1	1.1023	1	1.1023	1.0	True	0.81	2.26
1	101442325	G	T	SLC30A7	3'UTR	20	9	29	0.3103448275862069	2	1	1	0.7663	1	0.7663	0.7663	False	0.81	2.26
1	103345386	A	C	COL11A1	Missense_Mutation	26	15	41	0.36585365853658536	2	1	1	0.9033	1	0.9033	0.9033	True	0.81	2.26
1	108679229	G	T	SLC25A24	3'UTR	13	15	28	0.5357142857142857	2	1	1	1.3228	1	1.3228	1.0	True	0.81	2.26
1	108690998	A	C	SLC25A24	Nonsense_Mutation	20	3	23	0.13043478260869565	2	1	1	0.3221	1	0.3221	0.3221	False	0.81	2.26
1	109794199	G	A	CELSR2	Missense_Mutation	28	14	42	0.3333333333333333	2	1	1	0.823	1	0.823	0.823	False	0.81	2.26
1	109853251	G	A	SORT1	3'UTR	24	10	34	0.29411764705882354	2	1	1	0.7262	1	0.7262	0.7262	False	0.81	2.26
1	110293311	G	A	EPS8L3	Missense_Mutation	14	10	24	0.4166666666666667	2	1	1	1.0288	1	1.0288	1.0	True	0.81	2.26
1	112249361	C	T	RAP1A	Intron	17	12	29	0.41379310344827586	2	1	1	1.0217	1	1.0217	1.0	True	0.81	2.26
1	112303389	G	A	DDX20	Missense_Mutation	26	13	39	0.3333333333333333	2	1	1	0.823	1	0.823	0.823	False	0.81	2.26
1	113456160	G	A	SLC16A1	3'UTR	23	11	34	0.3235294117647059	2	1	1	0.7988	1	0.7988	0.7988	False	0.81	2.26
1	113459624	A	C	SLC16A1	Intron	20	10	30	0.3333333333333333	2	1	1	0.823	1	0.823	0.823	False	0.81	2.26
1	114483883	G	T	HIPK1	Missense_Mutation	20	15	35	0.42857142857142855	2	1	1	1.0582	1	1.0582	1.0	True	0.81	2.26
1	115592147	G	T	TSPAN2	3'UTR	48	20	68	0.29411764705882354	2	1	1	0.7262	1	0.7262	0.7262	False	0.81	2.26
1	117117201	G	T	IGSF3	3'UTR	46	4	50	0.08	2	1	1	0.1975	1	0.1975	0.1975	False	0.81	2.26
1	118169428	C	T	FAM46C	3'UTR	7	7	14	0.5	2	1	1	1.2346	1	1.2346	1.0	True	0.81	2.26
1	118170765	A	G	FAM46C	3'UTR	22	10	32	0.3125	2	1	1	0.7716	1	0.7716	0.7716	False	0.81	2.26
1	119923749	G	A	HAO2	Missense_Mutation	48	20	68	0.29411764705882354	2	1	1	0.7262	1	0.7262	0.7262	False	0.81	2.26
1	119965138	G	A	HSD3B2	Silent	34	11	45	0.24444444444444444	2	1	1	0.6036	1	0.6036	0.6036	False	0.81	2.26
1	145492368	C	A	LIX1L	Missense_Mutation	10	5	15	0.3333333333333333	2	1	1	0.823	1	0.823	0.823	False	0.81	2.26
1	145688140	C	T	RNF115	Missense_Mutation	17	13	30	0.43333333333333335	2	1	1	1.07	1	1.07	1.0	True	0.81	2.26
1	146631190	C	T	PRKAB2	Missense_Mutation	15	11	26	0.4230769230769231	2	1	1	1.0446	1	1.0446	1.0	True	0.81	2.26
1	147095659	A	G	BCL9	Silent	33	26	59	0.4406779661016949	2	1	1	1.0881	1	1.0881	1.0	True	0.81	2.26
1	150636107	C	T	GOLPH3L	Splice_Site	25	11	36	0.3055555555555556	2	1	1	0.7545	1	0.7545	0.7545	False	0.81	2.26
1	151140811	G	A	SCNM1	Missense_Mutation	28	17	45	0.37777777777777777	2	1	1	0.9328	1	0.9328	0.9328	True	0.81	2.26
1	151259458	C	A	ZNF687	Missense_Mutation	39	13	52	0.25	2	1	1	0.6173	1	0.6173	0.6173	False	0.81	2.26
1	151745972	T	G	TDRKH	3'UTR	12	7	19	0.3684210526315789	2	1	1	0.9097	1	0.9097	0.9097	True	0.81	2.26
1	152057826	G	T	TCHHL1	Missense_Mutation	9	7	16	0.4375	2	1	1	1.0802	1	1.0802	1.0	True	0.81	2.26
1	152275457	G	T	FLG	Missense_Mutation	18	12	30	0.4	2	1	1	0.9877	1	0.9877	0.9877	True	0.81	2.26
1	152733396	G	A	KPRP	Silent	22	13	35	0.37142857142857144	2	1	1	0.9171	1	0.9171	0.9171	True	0.81	2.26
1	153066171	G	A	SPRR2E	Silent	69	42	111	0.3783783783783784	2	1	1	0.9343	1	0.9343	0.9343	True	0.81	2.26
1	153317727	C	T	PGLYRP4	Missense_Mutation	28	24	52	0.46153846153846156	2	1	1	1.1396	1	1.1396	1.0	True	0.81	2.26
1	153737175	G	T	INTS3	Missense_Mutation	19	12	31	0.3870967741935484	2	1	1	0.9558	1	0.9558	0.9558	True	0.81	2.26
1	153741413	C	T	INTS3	Silent	24	12	36	0.3333333333333333	2	1	1	0.823	1	0.823	0.823	False	0.81	2.26
1	153954447	C	A	RAB13	3'UTR	9	5	14	0.35714285714285715	2	1	1	0.8818	1	0.8818	0.8818	True	0.81	2.26
1	154130049	G	A	NUP210L	5'Flank	59	4	63	0.06349206349206349	2	1	1	0.1568	1	0.1568	0.1568	False	0.81	2.26
1	154317857	G	T	ATP8B2	Missense_Mutation	102	14	116	0.1206896551724138	2	1	1	0.298	1	0.298	0.298	False	0.81	2.26
1	154983401	A	G	ZBTB7B	Silent	30	10	40	0.25	2	1	1	0.6173	1	0.6173	0.6173	False	0.81	2.26
1	155291790	G	A	RUSC1	Missense_Mutation	11	7	18	0.3888888888888889	2	1	1	0.9602	1	0.9602	0.9602	True	0.81	2.26
1	155448680	G	T	ASH1L	Missense_Mutation	6	8	14	0.5714285714285714	2	1	1	1.4109	1	1.4109	1.0	True	0.81	2.26
1	156104682	G	A	LMNA	Silent	21	19	40	0.475	2	1	1	1.1728	1	1.1728	1.0	True	0.81	2.26
1	156509645	G	T	IQGAP3	Silent	67	44	111	0.3963963963963964	2	1	1	0.9788	1	0.9788	0.9788	True	0.81	2.26
1	156812213	G	A	INSRR	Nonsense_Mutation	17	11	28	0.39285714285714285	2	1	1	0.97	1	0.97	0.97	True	0.81	2.26
1	156899199	G	A	LRRC71	Missense_Mutation	23	4	27	0.14814814814814814	2	1	1	0.3658	1	0.3658	0.3658	False	0.81	2.26
1	156931505	C	A	ARHGEF11	Silent	17	19	36	0.5277777777777778	2	1	1	1.3032	1	1.3032	1.0	True	0.81	2.26
1	158326710	A	C	CD1E	3'UTR	12	8	20	0.4	2	1	1	0.9877	1	0.9877	0.9877	True	0.81	2.26
1	158815699	G	T	MNDA	Missense_Mutation	16	13	29	0.4482758620689655	2	1	1	1.1069	1	1.1069	1.0	True	0.81	2.26
1	160261834	G	T	COPA	Missense_Mutation	32	23	55	0.41818181818181815	2	1	1	1.0325	1	1.0325	1.0	True	0.81	2.26
1	160648676	A	C	CD48	3'UTR	3	5	8	0.625	2	1	1	1.5432	1	1.5432	1.0	True	0.81	2.26
1	161141494	G	A	B4GALT3	3'UTR	29	9	38	0.23684210526315788	2	1	1	0.5848	1	0.5848	0.5848	False	0.81	2.26
1	161180589	C	A	NDUFS2	Intron	48	16	64	0.25	2	1	1	0.6173	1	0.6173	0.6173	False	0.81	2.26
1	161823021	C	A	ATF6	Missense_Mutation	18	11	29	0.3793103448275862	2	1	1	0.9366	1	0.9366	0.9366	True	0.81	2.26
1	161993279	C	T	OLFML2B	5'UTR	14	6	20	0.3	2	1	1	0.7407	1	0.7407	0.7407	False	0.81	2.26
1	165664520	C	T	ALDH9A1	Missense_Mutation	26	12	38	0.3157894736842105	2	1	1	0.7797	1	0.7797	0.7797	False	0.81	2.26
1	166135339	G	T	FAM78B	Missense_Mutation	14	14	28	0.5	2	1	1	1.2346	1	1.2346	1.0	True	0.81	2.26
1	166959016	C	T	MAEL	Nonsense_Mutation	24	17	41	0.4146341463414634	2	1	1	1.0238	1	1.0238	1.0	True	0.81	2.26
1	166990989	C	T	MAEL	Missense_Mutation	11	7	18	0.3888888888888889	2	1	1	0.9602	1	0.9602	0.9602	True	0.81	2.26
1	167025041	G	A	GPA33	Missense_Mutation	29	20	49	0.40816326530612246	2	1	1	1.0078	1	1.0078	1.0	True	0.81	2.26
1	169761750	T	C	METTL18	Missense_Mutation	11	6	17	0.35294117647058826	2	1	1	0.8715	1	0.8715	0.8715	True	0.81	2.26
1	171527202	A	G	PRRC2C	Missense_Mutation	3	8	11	0.7272727272727273	2	1	1	1.7957	1	1.7957	1.0	True	0.81	2.26
1	173486714	C	A	SLC9C2	Nonsense_Mutation	14	7	21	0.3333333333333333	2	1	1	0.823	1	0.823	0.823	False	0.81	2.26
1	173570865	G	A	SLC9C2	Silent	63	35	98	0.35714285714285715	2	1	1	0.8818	1	0.8818	0.8818	True	0.81	2.26
1	173810049	C	A	DARS2	Missense_Mutation	23	24	47	0.5106382978723404	2	1	1	1.2608	1	1.2608	1.0	True	0.81	2.26
1	173921181	A	G	RC3H1	Silent	47	19	66	0.2878787878787879	2	1	1	0.7108	1	0.7108	0.7108	False	0.81	2.26
1	173921211	G	T	RC3H1	Silent	43	21	64	0.328125	2	1	1	0.8102	1	0.8102	0.8102	False	0.81	2.26
1	173934259	C	A	RC3H1	Splice_Site	13	9	22	0.4090909090909091	2	1	1	1.0101	1	1.0101	1.0	True	0.81	2.26
1	173939719	G	A	RC3H1	Nonsense_Mutation	22	12	34	0.35294117647058826	2	1	1	0.8715	1	0.8715	0.8715	True	0.81	2.26
1	178000777	C	A	RP11-568K15.1	RNA	26	21	47	0.44680851063829785	2	1	1	1.1032	1	1.1032	1.0	True	0.81	2.26
1	178819927	A	C	ANGPTL1	3'UTR	21	4	25	0.16	2	1	1	0.3951	1	0.3951	0.3951	False	0.81	2.26
1	180063225	C	A	CEP350	Missense_Mutation	5	4	9	0.4444444444444444	2	1	1	1.0974	1	1.0974	1.0	True	0.81	2.26
1	180083263	G	T	CEP350	3'UTR	21	18	39	0.46153846153846156	2	1	1	1.1396	1	1.1396	1.0	True	0.81	2.26
1	181740453	G	A	CACNA1E	Missense_Mutation	24	11	35	0.3142857142857143	2	1	1	0.776	1	0.776	0.776	False	0.81	2.26
1	182025425	C	T	ZNF648	3'UTR	37	32	69	0.463768115942029	2	1	1	1.1451	1	1.1451	1.0	True	0.81	2.26
1	184772794	C	A	FAM129A	Missense_Mutation	31	24	55	0.43636363636363634	2	1	1	1.0774	1	1.0774	1.0	True	0.81	2.26
1	185089363	G	A	TRMT1L	Nonsense_Mutation	9	11	20	0.55	2	1	1	1.358	1	1.358	1.0	True	0.81	2.26
1	185144153	A	G	SWT1	Missense_Mutation	14	14	28	0.5	2	1	1	1.2346	1	1.2346	1.0	True	0.81	2.26
1	186275713	G	T	PRG4	Nonsense_Mutation	8	8	16	0.5	2	1	1	1.2346	1	1.2346	1.0	True	0.81	2.26
1	186282080	G	T	TPR	3'UTR	10	9	19	0.47368421052631576	2	1	1	1.1696	1	1.1696	1.0	True	0.81	2.26
1	186289456	C	A	TPR	Missense_Mutation	12	10	22	0.45454545454545453	2	1	1	1.1223	1	1.1223	1.0	True	0.81	2.26
1	186643552	G	T	PTGS2	Missense_Mutation	47	25	72	0.3472222222222222	2	1	1	0.8573	1	0.8573	0.8573	True	0.81	2.26
1	193028713	C	G	TROVE2	5'Flank	19	13	32	0.40625	2	1	1	1.0031	1	1.0031	1.0	True	0.81	2.26
1	196397256	G	T	KCNT2	Missense_Mutation	15	5	20	0.25	2	1	1	0.6173	1	0.6173	0.6173	False	0.81	2.26
1	196434518	C	A	KCNT2	Splice_Site	15	8	23	0.34782608695652173	2	1	1	0.8588	1	0.8588	0.8588	True	0.81	2.26
1	196928066	G	T	CFHR2	Missense_Mutation	11	10	21	0.47619047619047616	2	1	1	1.1758	1	1.1758	1.0	True	0.81	2.26
1	196963354	T	G	CFHR5	Missense_Mutation	4	4	8	0.5	2	1	1	1.2346	1	1.2346	1.0	True	0.81	2.26
1	197055990	G	T	ASPM	Missense_Mutation	17	20	37	0.5405405405405406	2	1	1	1.3347	1	1.3347	1.0	True	0.81	2.26
1	197071530	G	A	ASPM	Missense_Mutation	30	13	43	0.3023255813953488	2	1	1	0.7465	1	0.7465	0.7465	False	0.81	2.26
1	197127335	C	A	ZBTB41	3'UTR	8	5	13	0.38461538461538464	2	1	1	0.9497	1	0.9497	0.9497	True	0.81	2.26
1	197886575	C	A	LHX9	5'UTR	18	5	23	0.21739130434782608	2	1	1	0.5368	1	0.5368	0.5368	False	0.81	2.26
1	198719706	G	T	PTPRC	Missense_Mutation	33	23	56	0.4107142857142857	2	1	1	1.0141	1	1.0141	1.0	True	0.81	2.26
1	200828109	G	T	CAMSAP2	3'UTR	5	3	8	0.375	2	1	1	0.9259	1	0.9259	0.9259	True	0.81	2.26
1	201983086	C	T	ELF3	Missense_Mutation	11	7	18	0.3888888888888889	2	1	1	0.9602	1	0.9602	0.9602	True	0.81	2.26
1	202571674	C	T	SYT2	Splice_Site	15	6	21	0.2857142857142857	2	1	1	0.7055	1	0.7055	0.7055	False	0.81	2.26
1	202698103	G	T	KDM5B	3'UTR	42	23	65	0.35384615384615387	2	1	1	0.8737	1	0.8737	0.8737	True	0.81	2.26
1	203017397	C	A	PPFIA4	5'Flank	19	15	34	0.4411764705882353	2	1	1	1.0893	1	1.0893	1.0	True	0.81	2.26
1	203028323	G	A	PPFIA4	Missense_Mutation	29	17	46	0.3695652173913043	2	1	1	0.9125	1	0.9125	0.9125	True	0.81	2.26
1	203453126	C	T	PRELP	Missense_Mutation	8	8	16	0.5	2	1	1	1.2346	1	1.2346	1.0	True	0.81	2.26
1	203712063	C	A	ATP2B4	3'UTR	5	5	10	0.5	2	1	1	1.2346	1	1.2346	1.0	True	0.81	2.26
1	204006573	C	T	LINC00303	RNA	26	10	36	0.2777777777777778	2	1	1	0.6859	1	0.6859	0.6859	False	0.81	2.26
1	204372774	G	A	PPP1R15B	3'UTR	34	15	49	0.30612244897959184	2	1	1	0.7559	1	0.7559	0.7559	False	0.81	2.26
1	204433630	C	T	PIK3C2B	Silent	44	25	69	0.36231884057971014	2	1	1	0.8946	1	0.8946	0.8946	True	0.81	2.26
1	205813976	C	T	PM20D1	Missense_Mutation	10	5	15	0.3333333333333333	2	1	1	0.823	1	0.823	0.823	False	0.81	2.26
1	207498083	G	A	CD55	Missense_Mutation	13	7	20	0.35	2	1	1	0.8642	1	0.8642	0.8642	True	0.81	2.26
1	207643252	C	T	CR2	Missense_Mutation	39	24	63	0.38095238095238093	2	1	1	0.9406	1	0.9406	0.9406	True	0.81	2.26
1	209905842	C	A	HSD11B1	Missense_Mutation	49	19	68	0.27941176470588236	2	1	1	0.6899	1	0.6899	0.6899	False	0.81	2.26
1	210126084	T	G	SYT14	Missense_Mutation	39	7	46	0.15217391304347827	2	1	1	0.3757	1	0.3757	0.3757	False	0.81	2.26
1	211842644	G	T	NEK2	Missense_Mutation	9	8	17	0.47058823529411764	2	1	1	1.1619	1	1.1619	1.0	True	0.81	2.26
1	211918333	A	T	LPGAT1	3'UTR	19	14	33	0.42424242424242425	2	1	1	1.0475	1	1.0475	1.0	True	0.81	2.26
1	212115005	A	C	INTS7	3'UTR	8	5	13	0.38461538461538464	2	1	1	0.9497	1	0.9497	0.9497	True	0.81	2.26
1	213186584	C	A	ANGEL2	Missense_Mutation	24	11	35	0.3142857142857143	2	1	1	0.776	1	0.776	0.776	False	0.81	2.26
1	213436121	G	T	RPS6KC1	Nonsense_Mutation	29	29	58	0.5	2	1	1	1.2346	1	1.2346	1.0	True	0.81	2.26
1	214542840	C	T	PTPN14	Nonsense_Mutation	28	17	45	0.37777777777777777	2	1	1	0.9328	1	0.9328	0.9328	True	0.81	2.26
1	215802207	G	T	USH2A	Silent	28	15	43	0.3488372093023256	2	1	1	0.8613	1	0.8613	0.8613	True	0.81	2.26
1	215848694	G	A	USH2A	Missense_Mutation	6	7	13	0.5384615384615384	2	1	1	1.3295	1	1.3295	1.0	True	0.81	2.26
1	216246464	G	A	USH2A	Silent	4	5	9	0.5555555555555556	2	1	1	1.3717	1	1.3717	1.0	True	0.81	2.26
1	221058170	G	A	HLX	3'UTR	15	9	24	0.375	2	1	1	0.9259	1	0.9259	0.9259	True	0.81	2.26
1	223284728	T	A	TLR5	Missense_Mutation	6	5	11	0.45454545454545453	2	1	1	1.1223	1	1.1223	1.0	True	0.81	2.26
1	223285313	G	A	TLR5	Missense_Mutation	15	6	21	0.2857142857142857	2	1	1	0.7055	1	0.7055	0.7055	False	0.81	2.26
1	223465908	G	A	SUSD4	Silent	22	5	27	0.18518518518518517	2	1	1	0.4572	1	0.4572	0.4572	False	0.81	2.26
1	225239479	G	T	DNAH14	Missense_Mutation	17	6	23	0.2608695652173913	2	1	1	0.6441	1	0.6441	0.6441	False	0.81	2.26
1	225328617	A	C	DNAH14	Missense_Mutation	30	12	42	0.2857142857142857	2	1	1	0.7055	1	0.7055	0.7055	False	0.81	2.26
1	225452973	T	G	DNAH14	Missense_Mutation	12	6	18	0.3333333333333333	2	1	1	0.823	1	0.823	0.823	False	0.81	2.26
1	226420179	A	C	LIN9	3'UTR	13	13	26	0.5	2	1	1	1.2346	1	1.2346	1.0	True	0.81	2.26
1	226475382	G	A	LIN9	Silent	11	13	24	0.5416666666666666	2	1	1	1.3374	1	1.3374	1.0	True	0.81	2.26
1	227838778	G	A	ZNF678	Splice_Site	18	11	29	0.3793103448275862	2	1	1	0.9366	1	0.9366	0.9366	True	0.81	2.26
1	227843118	C	A	ZNF678	Missense_Mutation	8	9	17	0.5294117647058824	2	1	1	1.3072	1	1.3072	1.0	True	0.81	2.26
1	228505323	G	A	OBSCN	Missense_Mutation	15	13	28	0.4642857142857143	2	1	1	1.1464	1	1.1464	1.0	True	0.81	2.26
1	228612680	T	G	HIST3H3	Missense_Mutation	39	30	69	0.43478260869565216	2	1	1	1.0735	1	1.0735	1.0	True	0.81	2.26
1	230457442	G	T	PGBD5	3'Flank	11	8	19	0.42105263157894735	2	1	1	1.0396	1	1.0396	1.0	True	0.81	2.26
1	230498080	C	T	PGBD5	Intron	21	16	37	0.43243243243243246	2	1	1	1.0677	1	1.0677	1.0	True	0.81	2.26
1	231124099	G	A	ARV1	Missense_Mutation	25	9	34	0.2647058823529412	2	1	1	0.6536	1	0.6536	0.6536	False	0.81	2.26
1	231360044	G	T	C1orf131	Missense_Mutation	50	22	72	0.3055555555555556	2	1	1	0.7545	1	0.7545	0.7545	False	0.81	2.26
1	232600979	C	A	SIPA1L2	Missense_Mutation	24	21	45	0.4666666666666667	2	1	1	1.1523	1	1.1523	1.0	True	0.81	2.26
1	232943101	C	A	MAP10	Missense_Mutation	17	5	22	0.22727272727272727	2	1	1	0.5612	1	0.5612	0.5612	False	0.81	2.26
1	233313612	A	C	PCNXL2	Missense_Mutation	16	17	33	0.5151515151515151	2	1	1	1.272	1	1.272	1.0	True	0.81	2.26
1	233394771	C	A	PCNXL2	Missense_Mutation	31	12	43	0.27906976744186046	2	1	1	0.6891	1	0.6891	0.6891	False	0.81	2.26
1	233807902	C	A	KCNK1	3'UTR	22	22	44	0.5	2	1	1	1.2346	1	1.2346	1.0	True	0.81	2.26
1	234586218	A	T	TARBP1	Missense_Mutation	16	10	26	0.38461538461538464	2	1	1	0.9497	1	0.9497	0.9497	True	0.81	2.26
1	234603351	C	A	TARBP1	Missense_Mutation	21	11	32	0.34375	2	1	1	0.8488	1	0.8488	0.8488	False	0.81	2.26
1	236380915	A	C	ERO1LB	3'UTR	8	5	13	0.38461538461538464	2	1	1	0.9497	1	0.9497	0.9497	True	0.81	2.26
1	236647187	C	T	EDARADD	3'Flank	49	31	80	0.3875	2	1	1	0.9568	1	0.9568	0.9568	True	0.81	2.26
1	236706906	G	A	LGALS8	Missense_Mutation	31	23	54	0.42592592592592593	2	1	1	1.0517	1	1.0517	1.0	True	0.81	2.26
1	236992509	A	C	MTR	Missense_Mutation	38	21	59	0.3559322033898305	2	1	1	0.8788	1	0.8788	0.8788	True	0.81	2.26
1	237052492	T	C	MTR	Missense_Mutation	32	31	63	0.49206349206349204	2	1	1	1.215	1	1.215	1.0	True	0.81	2.26
1	237666723	G	T	RYR2	Missense_Mutation	10	10	20	0.5	2	1	1	1.2346	1	1.2346	1.0	True	0.81	2.26
1	240072154	C	T	CHRM3	Missense_Mutation	22	5	27	0.18518518518518517	2	1	1	0.4572	1	0.4572	0.4572	False	0.81	2.26
1	244715740	C	A	C1orf101	Missense_Mutation	86	57	143	0.3986013986013986	2	1	1	0.9842	1	0.9842	0.9842	True	0.81	2.26
1	246518379	C	T	SMYD3	Missense_Mutation	18	8	26	0.3076923076923077	2	1	1	0.7597	1	0.7597	0.7597	False	0.81	2.26
1	247004254	G	A	AHCTF1	Missense_Mutation	31	15	46	0.32608695652173914	2	1	1	0.8052	1	0.8052	0.8052	False	0.81	2.26
1	247201161	C	A	ZNF670	Nonsense_Mutation	15	27	42	0.6428571428571429	2	1	1	1.5873	1	1.5873	1.0	True	0.81	2.26
1	247582372	G	A	NLRP3	Silent	6	3	9	0.3333333333333333	2	1	1	0.823	1	0.823	0.823	False	0.81	2.26
1	247611711	T	G	NLRP3	Missense_Mutation	31	15	46	0.32608695652173914	2	1	1	0.8052	1	0.8052	0.8052	False	0.81	2.26
1	247695624	G	T	OR2C3	Missense_Mutation	38	25	63	0.3968253968253968	2	1	1	0.9798	1	0.9798	0.9798	True	0.81	2.26
1	248112268	G	A	OR2L8	Missense_Mutation	64	49	113	0.4336283185840708	2	1	1	1.0707	1	1.0707	1.0	True	0.81	2.26
1	248550987	C	A	OR2T6	Missense_Mutation	18	9	27	0.3333333333333333	2	1	1	0.823	1	0.823	0.823	False	0.81	2.26
1	248845033	G	T	OR14I1	Missense_Mutation	19	10	29	0.3448275862068966	2	1	1	0.8514	1	0.8514	0.8514	True	0.81	2.26
2	1648513	G	A	PXDN	Missense_Mutation	10	6	16	0.375	2	1	1	0.9259	1	0.9259	0.9259	True	0.81	2.26
2	7030394	T	G	RSAD2	Missense_Mutation	17	10	27	0.37037037037037035	2	1	1	0.9145	1	0.9145	0.9145	True	0.81	2.26
2	8437259	C	A	LINC00299	RNA	14	6	20	0.3	2	1	1	0.7407	1	0.7407	0.7407	False	0.81	2.26
2	8869199	A	C	KIDINS220	3'UTR	19	7	26	0.2692307692307692	2	1	1	0.6648	1	0.6648	0.6648	False	0.81	2.26
2	8958855	C	A	KIDINS220	Missense_Mutation	35	3	38	0.07894736842105263	2	1	1	0.1949	1	0.1949	0.1949	False	0.81	2.26
2	10126287	C	A	GRHL1	Missense_Mutation	35	34	69	0.4927536231884058	2	1	1	1.2167	1	1.2167	1.0	True	0.81	2.26
2	10269629	G	A	RRM2	3'UTR	27	18	45	0.4	2	1	1	0.9877	1	0.9877	0.9877	True	0.81	2.26
2	11053270	C	T	KCNF1	Missense_Mutation	31	23	54	0.42592592592592593	2	1	1	1.0517	1	1.0517	1.0	True	0.81	2.26
2	11053746	C	T	KCNF1	Silent	26	13	39	0.3333333333333333	2	1	1	0.823	1	0.823	0.823	False	0.81	2.26
2	11337449	C	T	ROCK2	Missense_Mutation	13	12	25	0.48	2	1	1	1.1852	1	1.1852	1.0	True	0.81	2.26
2	11966548	A	C	LPIN1	3'Flank	4	6	10	0.6	2	1	1	1.4815	1	1.4815	1.0	True	0.81	2.26
2	17697681	T	G	RAD51AP2	Missense_Mutation	21	13	34	0.38235294117647056	2	1	1	0.9441	1	0.9441	0.9441	True	0.81	2.26
2	20401938	G	A	SDC1	3'UTR	14	3	17	0.17647058823529413	2	1	1	0.4357	1	0.4357	0.4357	False	0.81	2.26
2	20885699	G	T	C2orf43	3'UTR	15	6	21	0.2857142857142857	2	1	1	0.7055	1	0.7055	0.7055	False	0.81	2.26
2	21232960	G	T	APOB	Silent	21	13	34	0.38235294117647056	2	1	1	0.9441	1	0.9441	0.9441	True	0.81	2.26
2	23985214	A	C	ATAD2B	Missense_Mutation	28	21	49	0.42857142857142855	2	1	1	1.0582	1	1.0582	1.0	True	0.81	2.26
2	24347234	G	T	FAM228B	Translation_Start_Site	32	24	56	0.42857142857142855	2	1	1	1.0582	1	1.0582	1.0	True	0.81	2.26
2	24952646	C	T	NCOA1	Nonsense_Mutation	24	21	45	0.4666666666666667	2	1	1	1.1523	1	1.1523	1.0	True	0.81	2.26
2	25982356	G	A	ASXL2	Nonsense_Mutation	13	9	22	0.4090909090909091	2	1	1	1.0101	1	1.0101	1.0	True	0.81	2.26
2	26358947	A	C	RAB10	3'UTR	10	11	21	0.5238095238095238	2	1	1	1.2934	1	1.2934	1.0	True	0.81	2.26
2	26997938	C	A	SLC35F6	Missense_Mutation	23	20	43	0.46511627906976744	2	1	1	1.1484	1	1.1484	1.0	True	0.81	2.26
2	27668235	C	T	IFT172	Missense_Mutation	25	7	32	0.21875	2	1	1	0.5401	1	0.5401	0.5401	False	0.81	2.26
2	29405773	G	T	CLIP4	3'UTR	8	12	20	0.6	2	1	1	1.4815	1	1.4815	1.0	True	0.81	2.26
2	32249232	T	G	DPY30	3'UTR	29	15	44	0.3409090909090909	2	1	1	0.8418	1	0.8418	0.8418	False	0.81	2.26
2	32380094	T	G	SPAST	3'UTR	36	19	55	0.34545454545454546	2	1	1	0.853	1	0.853	0.853	True	0.81	2.26
2	32475709	G	A	NLRC4	Silent	24	17	41	0.4146341463414634	2	1	1	1.0238	1	1.0238	1.0	True	0.81	2.26
2	32613892	G	T	BIRC6	Missense_Mutation	43	19	62	0.3064516129032258	2	1	1	0.7567	1	0.7567	0.7567	False	0.81	2.26
2	32667410	G	T	BIRC6	Missense_Mutation	8	10	18	0.5555555555555556	2	1	1	1.3717	1	1.3717	1.0	True	0.81	2.26
2	32983556	C	T	TTC27	Silent	39	5	44	0.11363636363636363	2	1	1	0.2806	1	0.2806	0.2806	False	0.81	2.26
2	33534505	C	A	LTBP1	Silent	17	7	24	0.2916666666666667	2	1	1	0.7202	1	0.7202	0.7202	False	0.81	2.26
2	37284616	A	C	HEATR5B	Missense_Mutation	32	4	36	0.1111111111111111	2	1	1	0.2743	1	0.2743	0.2743	False	0.81	2.26
2	42670497	G	T	KCNG3	3'UTR	15	4	19	0.21052631578947367	2	1	1	0.5198	1	0.5198	0.5198	False	0.81	2.26
2	43993389	A	C	PLEKHH2	3'UTR	6	8	14	0.5714285714285714	2	1	1	1.4109	1	1.4109	1.0	True	0.81	2.26
2	44460598	C	A	PPM1B	3'Flank	33	15	48	0.3125	2	1	1	0.7716	1	0.7716	0.7716	False	0.81	2.26
2	46414686	C	T	PRKCE	3'UTR	12	7	19	0.3684210526315789	2	1	1	0.9097	1	0.9097	0.9097	True	0.81	2.26
2	46613182	G	A	EPAS1	3'UTR	12	13	25	0.52	2	1	1	1.284	1	1.284	1.0	True	0.81	2.26
2	47129392	G	T	MCFD2	3'UTR	16	8	24	0.3333333333333333	2	1	1	0.823	1	0.823	0.823	False	0.81	2.26
2	47378533	C	A	C2orf61	Missense_Mutation	70	52	122	0.4262295081967213	2	1	1	1.0524	1	1.0524	1.0	True	0.81	2.26
2	54092276	G	A	PSME4	3'UTR	36	19	55	0.34545454545454546	2	1	1	0.853	1	0.853	0.853	True	0.81	2.26
2	54092503	A	G	PSME4	3'UTR	15	5	20	0.25	2	1	1	0.6173	1	0.6173	0.6173	False	0.81	2.26
2	54895849	C	T	SPTBN1	3'UTR	13	10	23	0.43478260869565216	2	1	1	1.0735	1	1.0735	1.0	True	0.81	2.26
2	55074682	G	A	EML6	Missense_Mutation	29	8	37	0.21621621621621623	2	1	1	0.5339	1	0.5339	0.5339	False	0.81	2.26
2	56612654	G	T	CCDC85A	3'UTR	15	11	26	0.4230769230769231	2	1	1	1.0446	1	1.0446	1.0	True	0.81	2.26
2	60685490	C	A	BCL11A	3'UTR	9	7	16	0.4375	2	1	1	1.0802	1	1.0802	1.0	True	0.81	2.26
2	61245281	G	T	PUS10	5'UTR	14	12	26	0.46153846153846156	2	1	1	1.1396	1	1.1396	1.0	True	0.81	2.26
2	61575009	C	T	USP34	Missense_Mutation	24	12	36	0.3333333333333333	2	1	1	0.823	1	0.823	0.823	False	0.81	2.26
2	61724120	C	T	XPO1	Missense_Mutation	23	12	35	0.34285714285714286	2	1	1	0.8466	1	0.8466	0.8466	False	0.81	2.26
2	62066930	A	C	FAM161A	Silent	8	7	15	0.4666666666666667	2	1	1	1.1523	1	1.1523	1.0	True	0.81	2.26
2	63058286	A	C	EHBP1	Missense_Mutation	18	17	35	0.4857142857142857	2	1	1	1.1993	1	1.1993	1.0	True	0.81	2.26
2	64084990	C	T	UGP2	Missense_Mutation	37	17	54	0.3148148148148148	2	1	1	0.7773	1	0.7773	0.7773	False	0.81	2.26
2	64858770	T	G	SERTAD2	3'UTR	18	13	31	0.41935483870967744	2	1	1	1.0354	1	1.0354	1.0	True	0.81	2.26
2	65217003	G	A	SLC1A4	Missense_Mutation	12	8	20	0.4	2	1	1	0.9877	1	0.9877	0.9877	True	0.81	2.26
2	69698106	C	A	AAK1	3'UTR	22	11	33	0.3333333333333333	2	1	1	0.823	1	0.823	0.823	False	0.81	2.26
2	70106400	C	A	GMCL1	3'UTR	22	19	41	0.4634146341463415	2	1	1	1.1442	1	1.1442	1.0	True	0.81	2.26
2	70131550	C	T	SNRNP27	3'UTR	29	27	56	0.48214285714285715	2	1	1	1.1905	1	1.1905	1.0	True	0.81	2.26
2	71058328	G	T	CD207	Missense_Mutation	23	11	34	0.3235294117647059	2	1	1	0.7988	1	0.7988	0.7988	False	0.81	2.26
2	71361216	G	T	MPHOSPH10	Nonsense_Mutation	12	4	16	0.25	2	1	1	0.6173	1	0.6173	0.6173	False	0.81	2.26
2	74129765	C	A	ACTG2	Intron	55	37	92	0.40217391304347827	2	1	1	0.993	1	0.993	0.993	True	0.81	2.26
2	74598224	T	G	DCTN1	Missense_Mutation	24	15	39	0.38461538461538464	2	1	1	0.9497	1	0.9497	0.9497	True	0.81	2.26
2	75720224	C	A	EVA1A	3'UTR	13	12	25	0.48	2	1	1	1.1852	1	1.1852	1.0	True	0.81	2.26
2	77745407	G	A	LRRTM4	Intron	28	17	45	0.37777777777777777	2	1	1	0.9328	1	0.9328	0.9328	True	0.81	2.26
2	79255350	A	C	REG3G	Missense_Mutation	29	12	41	0.2926829268292683	2	1	1	0.7227	1	0.7227	0.7227	False	0.81	2.26
2	80530369	G	A	LRRTM1	Silent	25	13	38	0.34210526315789475	2	1	1	0.8447	1	0.8447	0.8447	False	0.81	2.26
2	84822908	G	T	DNAH6	Nonsense_Mutation	17	9	26	0.34615384615384615	2	1	1	0.8547	1	0.8547	0.8547	True	0.81	2.26
2	84899572	T	G	DNAH6	Missense_Mutation	26	19	45	0.4222222222222222	2	1	1	1.0425	1	1.0425	1.0	True	0.81	2.26
2	84928305	C	T	DNAH6	Missense_Mutation	12	13	25	0.52	2	1	1	1.284	1	1.284	1.0	True	0.81	2.26
2	85617870	C	A	ELMOD3	3'UTR	17	10	27	0.37037037037037035	2	1	1	0.9145	1	0.9145	0.9145	True	0.81	2.26
2	88071740	C	T	RGPD2	Silent	18	8	26	0.3076923076923077	2	1	1	0.7597	1	0.7597	0.7597	False	0.81	2.26
2	88425791	G	T	FABP1	Missense_Mutation	52	31	83	0.37349397590361444	2	1	1	0.9222	1	0.9222	0.9222	True	0.81	2.26
2	95480723	T	G	ANKRD20A8P	RNA	17	7	24	0.2916666666666667	2	1	1	0.7202	1	0.7202	0.7202	False	0.81	2.26
2	95713706	C	A	MAL	Silent	31	8	39	0.20512820512820512	2	1	1	0.5065	1	0.5065	0.5065	False	0.81	2.26
2	95841989	G	A	ZNF2	Silent	48	36	84	0.42857142857142855	2	1	1	1.0582	1	1.0582	1.0	True	0.81	2.26
2	96943597	C	T	SNRNP200	Missense_Mutation	28	14	42	0.3333333333333333	2	1	1	0.823	1	0.823	0.823	False	0.81	2.26
2	97039483	G	T	NCAPH	3'UTR	38	9	47	0.19148936170212766	2	1	1	0.4728	1	0.4728	0.4728	False	0.81	2.26
2	101014433	G	T	CHST10	Missense_Mutation	22	16	38	0.42105263157894735	2	1	1	1.0396	1	1.0396	1.0	True	0.81	2.26
2	101099729	G	T	NMS	3'UTR	15	16	31	0.5161290322580645	2	1	1	1.2744	1	1.2744	1.0	True	0.81	2.26
2	101893044	G	T	RNF149	3'UTR	22	11	33	0.3333333333333333	2	1	1	0.823	1	0.823	0.823	False	0.81	2.26
2	101911460	G	A	RNF149	Missense_Mutation	17	16	33	0.48484848484848486	2	1	1	1.1972	1	1.1972	1.0	True	0.81	2.26
2	102507848	C	A	MAP4K4	3'Flank	17	10	27	0.37037037037037035	2	1	1	0.9145	1	0.9145	0.9145	True	0.81	2.26
2	102855780	C	T	IL1RL2	3'UTR	42	6	48	0.125	2	1	1	0.3086	1	0.3086	0.3086	False	0.81	2.26
2	105882003	C	T	TGFBRAP1	3'UTR	14	12	26	0.46153846153846156	2	1	1	1.1396	1	1.1396	1.0	True	0.81	2.26
2	106709998	G	T	UXS1	3'UTR	15	10	25	0.4	2	1	1	0.9877	1	0.9877	0.9877	True	0.81	2.26
2	107040528	C	G	RGPD3	Missense_Mutation	18	16	34	0.47058823529411764	2	1	1	1.1619	1	1.1619	1.0	True	0.81	2.26
2	109382894	A	C	RANBP2	Missense_Mutation	93	66	159	0.41509433962264153	2	1	1	1.0249	1	1.0249	1.0	True	0.81	2.26
2	118766125	T	G	CCDC93	Missense_Mutation	19	7	26	0.2692307692307692	2	1	1	0.6648	1	0.6648	0.6648	False	0.81	2.26
2	121050787	A	C	RALB	Missense_Mutation	15	13	28	0.4642857142857143	2	1	1	1.1464	1	1.1464	1.0	True	0.81	2.26
2	125555676	T	C	CNTNAP5	Missense_Mutation	48	13	61	0.21311475409836064	2	1	1	0.5262	1	0.5262	0.5262	False	0.81	2.26
2	125627284	C	A	CNTNAP5	Missense_Mutation	24	22	46	0.4782608695652174	2	1	1	1.1809	1	1.1809	1.0	True	0.81	2.26
2	125671706	C	A	CNTNAP5	Silent	18	8	26	0.3076923076923077	2	1	1	0.7597	1	0.7597	0.7597	False	0.81	2.26
2	127952988	T	G	CYP27C1	Missense_Mutation	30	4	34	0.11764705882352941	2	1	1	0.2905	1	0.2905	0.2905	False	0.81	2.26
2	128350490	G	C	MYO7B	Missense_Mutation	36	21	57	0.3684210526315789	2	1	1	0.9097	1	0.9097	0.9097	True	0.81	2.26
2	128735653	G	A	SAP130	Missense_Mutation	16	7	23	0.30434782608695654	2	1	1	0.7515	1	0.7515	0.7515	False	0.81	2.26
2	130785081	T	G	FAR2P1	Intron	105	42	147	0.2857142857142857	2	1	1	0.7055	1	0.7055	0.7055	False	0.81	2.26
2	130909602	G	T	SMPD4	3'UTR	36	22	58	0.3793103448275862	2	1	1	0.9366	1	0.9366	0.9366	True	0.81	2.26
2	131672595	C	A	ARHGEF4	5'Flank	17	12	29	0.41379310344827586	2	1	1	1.0217	1	1.0217	1.0	True	0.81	2.26
2	132240404	G	T	TUBA3D	Nonsense_Mutation	65	37	102	0.3627450980392157	2	1	1	0.8957	1	0.8957	0.8957	True	0.81	2.26
2	132919414	T	G	ANKRD30BL	5'UTR	7	5	12	0.4166666666666667	2	1	1	1.0288	1	1.0288	1.0	True	0.81	2.26
2	133541926	C	T	NCKAP5	Missense_Mutation	34	14	48	0.2916666666666667	2	1	1	0.7202	1	0.7202	0.7202	False	0.81	2.26
2	135596226	C	A	ACMSD	5'UTR	38	6	44	0.13636363636363635	2	1	1	0.3367	1	0.3367	0.3367	False	0.81	2.26
2	135628575	C	A	ACMSD	Silent	24	22	46	0.4782608695652174	2	1	1	1.1809	1	1.1809	1.0	True	0.81	2.26
2	135743886	T	G	MAP3K19	Silent	24	21	45	0.4666666666666667	2	1	1	1.1523	1	1.1523	1.0	True	0.81	2.26
2	136380232	C	A	R3HDM1	Missense_Mutation	68	29	97	0.29896907216494845	2	1	1	0.7382	1	0.7382	0.7382	False	0.81	2.26
2	139327039	T	G	SPOPL	3'UTR	4	4	8	0.5	2	1	1	1.2346	1	1.2346	1.0	True	0.81	2.26
2	144903189	C	A	GTDC1	Missense_Mutation	28	5	33	0.15151515151515152	2	1	1	0.3741	1	0.3741	0.3741	False	0.81	2.26
2	145146618	A	C	ZEB2	3'UTR	25	5	30	0.16666666666666666	2	1	1	0.4115	1	0.4115	0.4115	False	0.81	2.26
2	148657049	G	T	ACVR2A	Missense_Mutation	25	13	38	0.34210526315789475	2	1	1	0.8447	1	0.8447	0.8447	False	0.81	2.26
2	148687635	C	A	ACVR2A	3'UTR	16	11	27	0.4074074074074074	2	1	1	1.0059	1	1.0059	1.0	True	0.81	2.26
2	149226637	C	A	MBD5	Silent	19	12	31	0.3870967741935484	2	1	1	0.9558	1	0.9558	0.9558	True	0.81	2.26
2	151326085	G	T	RND3	3'UTR	10	5	15	0.3333333333333333	2	1	1	0.823	1	0.823	0.823	False	0.81	2.26
2	152127279	C	A	NMI	Missense_Mutation	24	20	44	0.45454545454545453	2	1	1	1.1223	1	1.1223	1.0	True	0.81	2.26
2	152394737	G	T	NEB	Missense_Mutation	35	21	56	0.375	2	1	1	0.9259	1	0.9259	0.9259	True	0.81	2.26
2	152506700	T	G	NEB	Missense_Mutation	24	17	41	0.4146341463414634	2	1	1	1.0238	1	1.0238	1.0	True	0.81	2.26
2	152521970	C	A	NEB	Missense_Mutation	68	19	87	0.21839080459770116	2	1	1	0.5392	1	0.5392	0.5392	False	0.81	2.26
2	152670828	G	T	ARL5A	Missense_Mutation	31	19	50	0.38	2	1	1	0.9383	1	0.9383	0.9383	True	0.81	2.26
2	155307205	C	A	GALNT13	3'UTR	17	6	23	0.2608695652173913	2	1	1	0.6441	1	0.6441	0.6441	False	0.81	2.26
2	157182321	A	C	NR4A2	Missense_Mutation	20	12	32	0.375	2	1	1	0.9259	1	0.9259	0.9259	True	0.81	2.26
2	157186366	C	A	NR4A2	Missense_Mutation	21	5	26	0.19230769230769232	2	1	1	0.4748	1	0.4748	0.4748	False	0.81	2.26
2	158390179	T	G	ACVR1C	3'UTR	24	16	40	0.4	2	1	1	0.9877	1	0.9877	0.9877	True	0.81	2.26
2	159499085	C	T	PKP4	Nonsense_Mutation	46	30	76	0.39473684210526316	2	1	1	0.9747	1	0.9747	0.9747	True	0.81	2.26
2	159537631	C	A	PKP4	3'UTR	49	30	79	0.379746835443038	2	1	1	0.9376	1	0.9376	0.9376	True	0.81	2.26
2	160241720	G	A	BAZ2B	Missense_Mutation	12	6	18	0.3333333333333333	2	1	1	0.823	1	0.823	0.823	False	0.81	2.26
2	160287570	C	A	BAZ2B	Missense_Mutation	28	15	43	0.3488372093023256	2	1	1	0.8613	1	0.8613	0.8613	True	0.81	2.26
2	160605293	G	A	MARCH7	Missense_Mutation	13	7	20	0.35	2	1	1	0.8642	1	0.8642	0.8642	True	0.81	2.26
2	162903493	C	A	DPP4	Nonsense_Mutation	6	11	17	0.6470588235294118	2	1	1	1.5977	1	1.5977	1.0	True	0.81	2.26
2	163055268	G	A	FAP	Silent	23	17	40	0.425	2	1	1	1.0494	1	1.0494	1.0	True	0.81	2.26
2	165771663	A	G	SLC38A11	Missense_Mutation	21	11	32	0.34375	2	1	1	0.8488	1	0.8488	0.8488	False	0.81	2.26
2	165771744	G	T	SLC38A11	Missense_Mutation	20	14	34	0.4117647058823529	2	1	1	1.0167	1	1.0167	1.0	True	0.81	2.26
2	165945154	A	C	SCN3A	3'UTR	13	13	26	0.5	2	1	1	1.2346	1	1.2346	1.0	True	0.81	2.26
2	165952117	A	C	SCN3A	Nonsense_Mutation	22	15	37	0.40540540540540543	2	1	1	1.001	1	1.001	1.0	True	0.81	2.26
2	166237188	G	T	SCN2A	Missense_Mutation	16	16	32	0.5	2	1	1	1.2346	1	1.2346	1.0	True	0.81	2.26
2	166605392	A	G	GALNT3	Missense_Mutation	18	13	31	0.41935483870967744	2	1	1	1.0354	1	1.0354	1.0	True	0.81	2.26
2	166626803	T	G	GALNT3	Missense_Mutation	33	22	55	0.4	2	1	1	0.9877	1	0.9877	0.9877	True	0.81	2.26
2	166846576	G	T	SCN1A	3'UTR	22	13	35	0.37142857142857144	2	1	1	0.9171	1	0.9171	0.9171	True	0.81	2.26
2	167262975	G	A	SCN7A	Silent	13	8	21	0.38095238095238093	2	1	1	0.9406	1	0.9406	0.9406	True	0.81	2.26
2	168098326	C	T	XIRP2	Missense_Mutation	9	10	19	0.5263157894736842	2	1	1	1.2995	1	1.2995	1.0	True	0.81	2.26
2	168102190	T	G	XIRP2	Missense_Mutation	7	9	16	0.5625	2	1	1	1.3889	1	1.3889	1.0	True	0.81	2.26
2	168921864	C	T	STK39	Missense_Mutation	27	17	44	0.38636363636363635	2	1	1	0.954	1	0.954	0.954	True	0.81	2.26
2	170002290	G	A	LRP2	Nonsense_Mutation	24	18	42	0.42857142857142855	2	1	1	1.0582	1	1.0582	1.0	True	0.81	2.26
2	170592364	C	A	KLHL23	Silent	23	4	27	0.14814814814814814	2	1	1	0.3658	1	0.3658	0.3658	False	0.81	2.26
2	170939545	T	G	UBR3	3'UTR	37	13	50	0.26	2	1	1	0.642	1	0.642	0.642	False	0.81	2.26
2	170939718	T	G	UBR3	3'UTR	28	10	38	0.2631578947368421	2	1	1	0.6498	1	0.6498	0.6498	False	0.81	2.26
2	171259451	C	T	MYO3B	Silent	19	9	28	0.32142857142857145	2	1	1	0.7937	1	0.7937	0.7937	False	0.81	2.26
2	171702556	C	A	GAD1	Missense_Mutation	14	14	28	0.5	2	1	1	1.2346	1	1.2346	1.0	True	0.81	2.26
2	172821967	G	A	HAT1	Missense_Mutation	9	4	13	0.3076923076923077	2	1	1	0.7597	1	0.7597	0.7597	False	0.81	2.26
2	173333955	G	T	ITGA6	Nonsense_Mutation	49	30	79	0.379746835443038	2	1	1	0.9376	1	0.9376	0.9376	True	0.81	2.26
2	174773264	G	T	SP3	3'UTR	13	17	30	0.5666666666666667	2	1	1	1.3992	1	1.3992	1.0	True	0.81	2.26
2	174777872	A	G	SP3	Missense_Mutation	35	16	51	0.3137254901960784	2	1	1	0.7746	1	0.7746	0.7746	False	0.81	2.26
2	175306850	C	A	GPR155	Missense_Mutation	24	18	42	0.42857142857142855	2	1	1	1.0582	1	1.0582	1.0	True	0.81	2.26
2	176959345	C	T	HOXD13	Missense_Mutation	23	16	39	0.41025641025641024	2	1	1	1.013	1	1.013	1.0	True	0.81	2.26
2	178483518	G	A	TTC30A	5'UTR	23	14	37	0.3783783783783784	2	1	1	0.9343	1	0.9343	0.9343	True	0.81	2.26
2	179459323	T	C	TTN	Missense_Mutation	28	7	35	0.2	2	1	1	0.4938	1	0.4938	0.4938	False	0.81	2.26
2	179599257	G	A	TTN	Silent	39	9	48	0.1875	2	1	1	0.463	1	0.463	0.463	False	0.81	2.26
2	179604620	G	A	TTN	Missense_Mutation	17	12	29	0.41379310344827586	2	1	1	1.0217	1	1.0217	1.0	True	0.81	2.26
2	179611120	A	C	TTN	Intron	9	5	14	0.35714285714285715	2	1	1	0.8818	1	0.8818	0.8818	True	0.81	2.26
2	179613221	C	A	TTN	Intron	5	5	10	0.5	2	1	1	1.2346	1	1.2346	1.0	True	0.81	2.26
2	179631291	C	T	TTN	Missense_Mutation	11	13	24	0.5416666666666666	2	1	1	1.3374	1	1.3374	1.0	True	0.81	2.26
2	179642332	G	T	TTN	Intron	19	4	23	0.17391304347826086	2	1	1	0.4294	1	0.4294	0.4294	False	0.81	2.26
2	179701128	A	G	CCDC141	Intron	8	5	13	0.38461538461538464	2	1	1	0.9497	1	0.9497	0.9497	True	0.81	2.26
2	179742828	C	T	CCDC141	Missense_Mutation	12	4	16	0.25	2	1	1	0.6173	1	0.6173	0.6173	False	0.81	2.26
2	179979805	G	T	SESTD1	Nonsense_Mutation	26	14	40	0.35	2	1	1	0.8642	1	0.8642	0.8642	True	0.81	2.26
2	182795172	A	C	SSFA2	3'UTR	19	3	22	0.13636363636363635	2	1	1	0.3367	1	0.3367	0.3367	False	0.81	2.26
2	184025982	G	T	NUP35	3'UTR	15	9	24	0.375	2	1	1	0.9259	1	0.9259	0.9259	True	0.81	2.26
2	185801225	G	T	ZNF804A	Missense_Mutation	13	9	22	0.4090909090909091	2	1	1	1.0101	1	1.0101	1.0	True	0.81	2.26
2	187626801	A	C	FAM171B	Missense_Mutation	11	7	18	0.3888888888888889	2	1	1	0.9602	1	0.9602	0.9602	True	0.81	2.26
2	189898067	C	A	COL5A2	3'UTR	28	3	31	0.0967741935483871	2	1	1	0.2389	1	0.2389	0.2389	False	0.81	2.26
2	192160849	A	G	MYO1B	Missense_Mutation	53	30	83	0.3614457831325301	2	1	1	0.8925	1	0.8925	0.8925	True	0.81	2.26
2	196765073	G	T	DNAH7	Missense_Mutation	28	22	50	0.44	2	1	1	1.0864	1	1.0864	1.0	True	0.81	2.26
2	197064342	G	T	HECW2	3'UTR	8	10	18	0.5555555555555556	2	1	1	1.3717	1	1.3717	1.0	True	0.81	2.26
2	197593928	C	T	CCDC150	Silent	6	6	12	0.5	2	1	1	1.2346	1	1.2346	1.0	True	0.81	2.26
2	197697885	A	C	PGAP1	3'UTR	16	8	24	0.3333333333333333	2	1	1	0.823	1	0.823	0.823	False	0.81	2.26
2	197711751	G	T	PGAP1	Missense_Mutation	7	4	11	0.36363636363636365	2	1	1	0.8979	1	0.8979	0.8979	True	0.81	2.26
2	198436262	G	T	RFTN2	3'UTR	38	16	54	0.2962962962962963	2	1	1	0.7316	1	0.7316	0.7316	False	0.81	2.26
2	200803731	G	T	TYW5	Missense_Mutation	14	5	19	0.2631578947368421	2	1	1	0.6498	1	0.6498	0.6498	False	0.81	2.26
2	201437692	T	G	SGOL2	Missense_Mutation	8	4	12	0.3333333333333333	2	1	1	0.823	1	0.823	0.823	False	0.81	2.26
2	202339467	T	G	STRADB	Missense_Mutation	22	16	38	0.42105263157894735	2	1	1	1.0396	1	1.0396	1.0	True	0.81	2.26
2	202359088	G	T	ALS2CR11	Missense_Mutation	6	9	15	0.6	2	1	1	1.4815	1	1.4815	1.0	True	0.81	2.26
2	202531071	T	G	MPP4	Missense_Mutation	48	9	57	0.15789473684210525	2	1	1	0.3899	1	0.3899	0.3899	False	0.81	2.26
2	203019491	T	G	AC079354.1	3'UTR	11	4	15	0.26666666666666666	2	1	1	0.6584	1	0.6584	0.6584	False	0.81	2.26
2	203160415	C	T	NOP58	Missense_Mutation	15	7	22	0.3181818181818182	2	1	1	0.7856	1	0.7856	0.7856	False	0.81	2.26
2	203633451	A	C	FAM117B	3'UTR	13	8	21	0.38095238095238093	2	1	1	0.9406	1	0.9406	0.9406	True	0.81	2.26
2	204600273	C	A	CD28	3'UTR	19	10	29	0.3448275862068966	2	1	1	0.8514	1	0.8514	0.8514	True	0.81	2.26
2	204824341	A	G	ICOS	3'UTR	19	9	28	0.32142857142857145	2	1	1	0.7937	1	0.7937	0.7937	False	0.81	2.26
2	205969214	C	T	PARD3B	Missense_Mutation	30	16	46	0.34782608695652173	2	1	1	0.8588	1	0.8588	0.8588	True	0.81	2.26
2	206641009	C	T	NRP2	Intron	22	14	36	0.3888888888888889	2	1	1	0.9602	1	0.9602	0.9602	True	0.81	2.26
2	206980620	A	C	AC007383.4	RNA	12	8	20	0.4	2	1	1	0.9877	1	0.9877	0.9877	True	0.81	2.26
2	207174288	G	A	ZDBF2	Missense_Mutation	4	7	11	0.6363636363636364	2	1	1	1.5713	1	1.5713	1.0	True	0.81	2.26
2	207424789	C	A	ADAM23	Missense_Mutation	30	15	45	0.3333333333333333	2	1	1	0.823	1	0.823	0.823	False	0.81	2.26
2	207436471	T	C	ADAM23	Silent	55	7	62	0.11290322580645161	2	1	1	0.2788	1	0.2788	0.2788	False	0.81	2.26
2	207459597	G	A	ADAM23	Missense_Mutation	27	5	32	0.15625	2	1	1	0.3858	1	0.3858	0.3858	False	0.81	2.26
2	208627796	C	T	FZD5	3'UTR	28	4	32	0.125	2	1	1	0.3086	1	0.3086	0.3086	False	0.81	2.26
2	208693067	G	A	PLEKHM3	Silent	31	13	44	0.29545454545454547	2	1	1	0.7295	1	0.7295	0.7295	False	0.81	2.26
2	210559586	G	A	MAP2	Missense_Mutation	19	14	33	0.42424242424242425	2	1	1	1.0475	1	1.0475	1.0	True	0.81	2.26
2	210590450	G	T	MAP2	Missense_Mutation	48	25	73	0.3424657534246575	2	1	1	0.8456	1	0.8456	0.8456	False	0.81	2.26
2	210802262	C	T	UNC80	Nonsense_Mutation	60	28	88	0.3181818181818182	2	1	1	0.7856	1	0.7856	0.7856	False	0.81	2.26
2	210887382	A	C	KANSL1L	3'UTR	32	4	36	0.1111111111111111	2	1	1	0.2743	1	0.2743	0.2743	False	0.81	2.26
2	211305395	A	C	LANCL1	Missense_Mutation	30	14	44	0.3181818181818182	2	1	1	0.7856	1	0.7856	0.7856	False	0.81	2.26
2	211447406	G	T	CPS1	Missense_Mutation	40	26	66	0.3939393939393939	2	1	1	0.9727	1	0.9727	0.9727	True	0.81	2.26
2	211518791	G	T	CPS1	Nonsense_Mutation	18	7	25	0.28	2	1	1	0.6914	1	0.6914	0.6914	False	0.81	2.26
2	212241946	A	C	ERBB4	3'UTR	12	11	23	0.4782608695652174	2	1	1	1.1809	1	1.1809	1.0	True	0.81	2.26
2	213871951	G	A	IKZF2	3'UTR	21	4	25	0.16	2	1	1	0.3951	1	0.3951	0.3951	False	0.81	2.26
2	215278931	T	G	VWC2L	Missense_Mutation	17	11	28	0.39285714285714285	2	1	1	0.97	1	0.97	0.97	True	0.81	2.26
2	217541241	A	C	IGFBP5	3'UTR	3	7	10	0.7	2	1	1	1.7284	1	1.7284	1.0	True	0.81	2.26
2	218925096	C	A	CXCR2P1	RNA	31	17	48	0.3541666666666667	2	1	1	0.8745	1	0.8745	0.8745	True	0.81	2.26
2	219099101	C	A	ARPC2	Missense_Mutation	12	11	23	0.4782608695652174	2	1	1	1.1809	1	1.1809	1.0	True	0.81	2.26
2	219892427	G	A	CCDC108	Missense_Mutation	43	9	52	0.17307692307692307	2	1	1	0.4274	1	0.4274	0.4274	False	0.81	2.26
2	220099643	C	T	ANKZF1	Missense_Mutation	28	24	52	0.46153846153846156	2	1	1	1.1396	1	1.1396	1.0	True	0.81	2.26
2	228855884	C	T	SPHKAP	Silent	19	8	27	0.2962962962962963	2	1	1	0.7316	1	0.7316	0.7316	False	0.81	2.26
2	230223312	C	A	DNER	Missense_Mutation	35	4	39	0.10256410256410256	2	1	1	0.2532	1	0.2532	0.2532	False	0.81	2.26
2	231250008	C	A	SP140L	Missense_Mutation	16	17	33	0.5151515151515151	2	1	1	1.272	1	1.272	1.0	True	0.81	2.26
2	231743946	A	C	ITM2C	3'UTR	26	20	46	0.43478260869565216	2	1	1	1.0735	1	1.0735	1.0	True	0.81	2.26
2	234173666	T	G	ATG16L1	Missense_Mutation	24	8	32	0.25	2	1	1	0.6173	1	0.6173	0.6173	False	0.81	2.26
2	235404795	G	A	ARL4C	Silent	18	9	27	0.3333333333333333	2	1	1	0.823	1	0.823	0.823	False	0.81	2.26
2	237233236	C	A	IQCA1	3'UTR	15	4	19	0.21052631578947367	2	1	1	0.5198	1	0.5198	0.5198	False	0.81	2.26
2	238253716	T	C	COL6A3	Missense_Mutation	19	4	23	0.17391304347826086	2	1	1	0.4294	1	0.4294	0.4294	False	0.81	2.26
2	241517127	C	T	RNPEPL1	Missense_Mutation	45	27	72	0.375	2	1	1	0.9259	1	0.9259	0.9259	True	0.81	2.26
2	241696810	G	T	KIF1A	Silent	15	10	25	0.4	2	1	1	0.9877	1	0.9877	0.9877	True	0.81	2.26
3	361420	G	T	CHL1	5'UTR	27	15	42	0.35714285714285715	2	1	1	0.8818	1	0.8818	0.8818	True	0.81	2.26
3	440717	G	T	CHL1	Missense_Mutation	35	19	54	0.35185185185185186	2	1	1	0.8688	1	0.8688	0.8688	True	0.81	2.26
3	440801	G	T	CHL1	Missense_Mutation	35	13	48	0.2708333333333333	2	1	1	0.6687	1	0.6687	0.6687	False	0.81	2.26
3	4354857	C	A	SETMAR	Missense_Mutation	20	13	33	0.3939393939393939	2	1	1	0.9727	1	0.9727	0.9727	True	0.81	2.26
3	4354989	C	T	SETMAR	Silent	20	6	26	0.23076923076923078	2	1	1	0.5698	1	0.5698	0.5698	False	0.81	2.26
3	4725321	C	T	ITPR1	Silent	27	13	40	0.325	2	1	1	0.8025	1	0.8025	0.8025	False	0.81	2.26
3	4791593	G	A	ITPR1	Intron	44	23	67	0.34328358208955223	2	1	1	0.8476	1	0.8476	0.8476	False	0.81	2.26
3	5222574	G	T	ARL8B	3'UTR	3	7	10	0.7	2	1	1	1.7284	1	1.7284	1.0	True	0.81	2.26
3	7348288	G	T	GRM7	Missense_Mutation	20	13	33	0.3939393939393939	2	1	1	0.9727	1	0.9727	0.9727	True	0.81	2.26
3	7782537	G	A	GRM7	3'UTR	28	25	53	0.4716981132075472	2	1	1	1.1647	1	1.1647	1.0	True	0.81	2.26
3	7782590	A	T	GRM7	3'UTR	23	9	32	0.28125	2	1	1	0.6944	1	0.6944	0.6944	False	0.81	2.26
3	9514969	C	A	SETD5	Missense_Mutation	14	11	25	0.44	2	1	1	1.0864	1	1.0864	1.0	True	0.81	2.26
3	9988136	G	T	PRRT3	Missense_Mutation	7	6	13	0.46153846153846156	2	1	1	1.1396	1	1.1396	1.0	True	0.81	2.26
3	10122842	T	G	FANCD2	Missense_Mutation	22	12	34	0.35294117647058826	2	1	1	0.8715	1	0.8715	0.8715	True	0.81	2.26
3	10285019	G	A	IRAK2	3'UTR	13	10	23	0.43478260869565216	2	1	1	1.0735	1	1.0735	1.0	True	0.81	2.26
3	10285053	G	T	IRAK2	3'UTR	17	16	33	0.48484848484848486	2	1	1	1.1972	1	1.1972	1.0	True	0.81	2.26
3	10387168	C	A	ATP2B2	Missense_Mutation	72	9	81	0.1111111111111111	2	1	1	0.2743	1	0.2743	0.2743	False	0.81	2.26
3	12393008	C	A	PPARG	5'UTR	10	6	16	0.375	2	1	1	0.9259	1	0.9259	0.9259	True	0.81	2.26
3	13363287	C	T	NUP210	Missense_Mutation	26	20	46	0.43478260869565216	2	1	1	1.0735	1	1.0735	1.0	True	0.81	2.26
3	15090211	T	G	MRPS25	3'UTR	26	17	43	0.3953488372093023	2	1	1	0.9762	1	0.9762	0.9762	True	0.81	2.26
3	15604869	G	A	HACL1	Missense_Mutation	48	24	72	0.3333333333333333	2	1	1	0.823	1	0.823	0.823	False	0.81	2.26
3	16242141	C	T	GALNT15	Missense_Mutation	21	6	27	0.2222222222222222	2	1	1	0.5487	1	0.5487	0.5487	False	0.81	2.26
3	16302146	G	T	DPH3	3'UTR	30	9	39	0.23076923076923078	2	1	1	0.5698	1	0.5698	0.5698	False	0.81	2.26
3	16336471	G	A	OXNAD1	Silent	31	17	48	0.3541666666666667	2	1	1	0.8745	1	0.8745	0.8745	True	0.81	2.26
3	19921251	C	A	EFHB	Nonsense_Mutation	12	11	23	0.4782608695652174	2	1	1	1.1809	1	1.1809	1.0	True	0.81	2.26
3	20194092	G	T	KAT2B	3'UTR	22	10	32	0.3125	2	1	1	0.7716	1	0.7716	0.7716	False	0.81	2.26
3	24164014	C	A	THRB	3'UTR	91	47	138	0.34057971014492755	2	1	1	0.8409	1	0.8409	0.8409	False	0.81	2.26
3	25668123	C	A	TOP2B	Missense_Mutation	25	13	38	0.34210526315789475	2	1	1	0.8447	1	0.8447	0.8447	False	0.81	2.26
3	25835784	C	T	OXSM	Silent	25	10	35	0.2857142857142857	2	1	1	0.7055	1	0.7055	0.7055	False	0.81	2.26
3	27450867	C	T	SLC4A7	Missense_Mutation	36	9	45	0.2	2	1	1	0.4938	1	0.4938	0.4938	False	0.81	2.26
3	27760872	G	A	EOMES	Silent	36	38	74	0.5135135135135135	2	1	1	1.2679	1	1.2679	1.0	True	0.81	2.26
3	28361170	T	G	CMC1	3'UTR	12	6	18	0.3333333333333333	2	1	1	0.823	1	0.823	0.823	False	0.81	2.26
3	28476733	C	T	ZCWPW2	Silent	20	13	33	0.3939393939393939	2	1	1	0.9727	1	0.9727	0.9727	True	0.81	2.26
3	30686247	G	A	TGFBR2	Missense_Mutation	18	8	26	0.3076923076923077	2	1	1	0.7597	1	0.7597	0.7597	False	0.81	2.26
3	32995674	T	C	CCR4	Missense_Mutation	22	7	29	0.2413793103448276	2	1	1	0.596	1	0.596	0.596	False	0.81	2.26
3	36763036	C	T	DCLK3	Missense_Mutation	6	9	15	0.6	2	1	1	1.4815	1	1.4815	1.0	True	0.81	2.26
3	37402747	G	A	GOLGA4	Intron	29	17	46	0.3695652173913043	2	1	1	0.9125	1	0.9125	0.9125	True	0.81	2.26
3	37407980	T	G	GOLGA4	3'UTR	28	18	46	0.391304347826087	2	1	1	0.9662	1	0.9662	0.9662	True	0.81	2.26
3	38835478	G	A	SCN10A	Silent	26	11	37	0.2972972972972973	2	1	1	0.7341	1	0.7341	0.7341	False	0.81	2.26
3	38888559	G	T	SCN11A	Missense_Mutation	30	11	41	0.2682926829268293	2	1	1	0.6625	1	0.6625	0.6625	False	0.81	2.26
3	38891991	G	A	SCN11A	Silent	27	13	40	0.325	2	1	1	0.8025	1	0.8025	0.8025	False	0.81	2.26
3	39185465	A	C	CSRNP1	Missense_Mutation	28	8	36	0.2222222222222222	2	1	1	0.5487	1	0.5487	0.5487	False	0.81	2.26
3	39188121	G	A	CSRNP1	Missense_Mutation	17	9	26	0.34615384615384615	2	1	1	0.8547	1	0.8547	0.8547	True	0.81	2.26
3	39225260	G	A	XIRP1	3'UTR	18	7	25	0.28	2	1	1	0.6914	1	0.6914	0.6914	False	0.81	2.26
3	39230675	C	T	XIRP1	Missense_Mutation	36	22	58	0.3793103448275862	2	1	1	0.9366	1	0.9366	0.9366	True	0.81	2.26
3	39306860	A	C	CX3CR1	3'UTR	9	7	16	0.4375	2	1	1	1.0802	1	1.0802	1.0	True	0.81	2.26
3	41275649	G	A	CTNNB1	Missense_Mutation	31	18	49	0.3673469387755102	2	1	1	0.907	1	0.907	0.907	True	0.81	2.26
3	41977373	C	A	ULK4	Nonsense_Mutation	34	15	49	0.30612244897959184	2	1	1	0.7559	1	0.7559	0.7559	False	0.81	2.26
3	42448358	C	T	LYZL4	Missense_Mutation	19	18	37	0.4864864864864865	2	1	1	1.2012	1	1.2012	1.0	True	0.81	2.26
3	42567405	G	A	VIPR1	Missense_Mutation	37	19	56	0.3392857142857143	2	1	1	0.8377	1	0.8377	0.8377	False	0.81	2.26
3	42799828	C	A	CCDC13	Missense_Mutation	35	27	62	0.43548387096774194	2	1	1	1.0753	1	1.0753	1.0	True	0.81	2.26
3	42897955	G	A	ACKR2	Intron	28	10	38	0.2631578947368421	2	1	1	0.6498	1	0.6498	0.6498	False	0.81	2.26
3	42959046	C	A	ZNF662	3'Flank	32	19	51	0.37254901960784315	2	1	1	0.9199	1	0.9199	0.9199	True	0.81	2.26
3	44285341	C	T	TOPAZ1	Missense_Mutation	17	12	29	0.41379310344827586	2	1	1	1.0217	1	1.0217	1.0	True	0.81	2.26
3	44310719	C	A	TOPAZ1	Missense_Mutation	19	8	27	0.2962962962962963	2	1	1	0.7316	1	0.7316	0.7316	False	0.81	2.26
3	44373569	A	C	TOPAZ1	3'UTR	14	13	27	0.48148148148148145	2	1	1	1.1888	1	1.1888	1.0	True	0.81	2.26
3	44685780	C	A	ZNF197	3'UTR	31	14	45	0.3111111111111111	2	1	1	0.7682	1	0.7682	0.7682	False	0.81	2.26
3	45052736	C	T	EXOSC7	Missense_Mutation	33	19	52	0.36538461538461536	2	1	1	0.9022	1	0.9022	0.9022	True	0.81	2.26
3	45785883	C	A	SACM1L	3'UTR	5	6	11	0.5454545454545454	2	1	1	1.3468	1	1.3468	1.0	True	0.81	2.26
3	45988526	G	A	CXCR6	Missense_Mutation	15	11	26	0.4230769230769231	2	1	1	1.0446	1	1.0446	1.0	True	0.81	2.26
3	46307022	A	C	CCR3	Missense_Mutation	19	25	44	0.5681818181818182	2	1	1	1.4029	1	1.4029	1.0	True	0.81	2.26
3	46308139	C	A	CCR3	3'UTR	9	9	18	0.5	2	1	1	1.2346	1	1.2346	1.0	True	0.81	2.26
3	46415091	C	A	CCR5	Missense_Mutation	33	26	59	0.4406779661016949	2	1	1	1.0881	1	1.0881	1.0	True	0.81	2.26
3	46563051	C	A	LRRC2	Nonsense_Mutation	15	7	22	0.3181818181818182	2	1	1	0.7856	1	0.7856	0.7856	False	0.81	2.26
3	47164091	C	T	SETD2	Missense_Mutation	15	6	21	0.2857142857142857	2	1	1	0.7055	1	0.7055	0.7055	False	0.81	2.26
3	47281250	G	T	KIF9	Intron	13	7	20	0.35	2	1	1	0.8642	1	0.8642	0.8642	True	0.81	2.26
3	48495788	A	C	ATRIP	Missense_Mutation	11	9	20	0.45	2	1	1	1.1111	1	1.1111	1.0	True	0.81	2.26
3	49308822	C	T	C3orf62	Missense_Mutation	15	10	25	0.4	2	1	1	0.9877	1	0.9877	0.9877	True	0.81	2.26
3	50337784	C	T	HYAL1	3'UTR	13	7	20	0.35	2	1	1	0.8642	1	0.8642	0.8642	True	0.81	2.26
3	51263198	C	A	DOCK3	Silent	28	13	41	0.3170731707317073	2	1	1	0.7829	1	0.7829	0.7829	False	0.81	2.26
3	51433916	A	C	VPRBP	3'UTR	31	15	46	0.32608695652173914	2	1	1	0.8052	1	0.8052	0.8052	False	0.81	2.26
3	52486243	G	A	TNNC1	Silent	12	9	21	0.42857142857142855	2	1	1	1.0582	1	1.0582	1.0	True	0.81	2.26
3	52863269	G	A	ITIH4	Silent	30	20	50	0.4	2	1	1	0.9877	1	0.9877	0.9877	True	0.81	2.26
3	53531458	G	A	CACNA1D	Missense_Mutation	10	9	19	0.47368421052631576	2	1	1	1.1696	1	1.1696	1.0	True	0.81	2.26
3	53902664	A	C	ACTR8	3'UTR	16	10	26	0.38461538461538464	2	1	1	0.9497	1	0.9497	0.9497	True	0.81	2.26
3	54872599	C	T	CACNA2D3	Missense_Mutation	14	20	34	0.5882352941176471	2	1	1	1.4524	1	1.4524	1.0	True	0.81	2.26
3	55501569	C	A	WNT5A	3'UTR	44	6	50	0.12	2	1	1	0.2963	1	0.2963	0.2963	False	0.81	2.26
3	56627116	T	G	CCDC66	Missense_Mutation	15	10	25	0.4	2	1	1	0.9877	1	0.9877	0.9877	True	0.81	2.26
3	56647707	C	T	CCDC66	Missense_Mutation	26	15	41	0.36585365853658536	2	1	1	0.9033	1	0.9033	0.9033	True	0.81	2.26
3	56656565	G	T	FAM208A	3'Flank	17	14	31	0.45161290322580644	2	1	1	1.1151	1	1.1151	1.0	True	0.81	2.26
3	57304213	G	T	APPL1	3'UTR	15	6	21	0.2857142857142857	2	1	1	0.7055	1	0.7055	0.7055	False	0.81	2.26
3	57304555	A	G	APPL1	3'UTR	11	9	20	0.45	2	1	1	1.1111	1	1.1111	1.0	True	0.81	2.26
3	62257118	A	G	PTPRG	Missense_Mutation	28	18	46	0.391304347826087	2	1	1	0.9662	1	0.9662	0.9662	True	0.81	2.26
3	62388811	C	T	CADPS	Missense_Mutation	24	21	45	0.4666666666666667	2	1	1	1.1523	1	1.1523	1.0	True	0.81	2.26
3	64606853	C	A	ADAMTS9	Missense_Mutation	23	5	28	0.17857142857142858	2	1	1	0.4409	1	0.4409	0.4409	False	0.81	2.26
3	69111014	C	T	UBA3	Silent	11	4	15	0.26666666666666666	2	1	1	0.6584	1	0.6584	0.6584	False	0.81	2.26
3	69157914	G	T	LMOD3	3'UTR	20	3	23	0.13043478260869565	2	1	1	0.3221	1	0.3221	0.3221	False	0.81	2.26
3	75786797	C	T	ZNF717	Silent	37	18	55	0.32727272727272727	2	1	1	0.8081	1	0.8081	0.8081	False	0.81	2.26
3	77089801	T	G	ROBO2	Intron	9	10	19	0.5263157894736842	2	1	1	1.2995	1	1.2995	1.0	True	0.81	2.26
3	78719422	G	T	ROBO1	Silent	10	11	21	0.5238095238095238	2	1	1	1.2934	1	1.2934	1.0	True	0.81	2.26
3	88041402	C	A	HTR1F	3'UTR	20	6	26	0.23076923076923078	2	1	1	0.5698	1	0.5698	0.5698	False	0.81	2.26
3	88041882	C	A	HTR1F	3'UTR	12	10	22	0.45454545454545453	2	1	1	1.1223	1	1.1223	1.0	True	0.81	2.26
3	88103898	G	A	CGGBP1	3'UTR	28	3	31	0.0967741935483871	2	1	1	0.2389	1	0.2389	0.2389	False	0.81	2.26
3	93624880	C	A	PROS1	Nonsense_Mutation	16	12	28	0.42857142857142855	2	1	1	1.0582	1	1.0582	1.0	True	0.81	2.26
3	93646147	C	A	PROS1	Nonsense_Mutation	47	34	81	0.41975308641975306	2	1	1	1.0364	1	1.0364	1.0	True	0.81	2.26
3	97592244	C	A	CRYBG3	Missense_Mutation	19	18	37	0.4864864864864865	2	1	1	1.2012	1	1.2012	1.0	True	0.81	2.26
3	97686010	A	C	MINA	Missense_Mutation	15	6	21	0.2857142857142857	2	1	1	0.7055	1	0.7055	0.7055	False	0.81	2.26
3	97705699	G	A	GABRR3	Missense_Mutation	31	14	45	0.3111111111111111	2	1	1	0.7682	1	0.7682	0.7682	False	0.81	2.26
3	98299577	C	A	CPOX	Nonsense_Mutation	19	16	35	0.45714285714285713	2	1	1	1.1287	1	1.1287	1.0	True	0.81	2.26
3	100468212	T	G	ABI3BP	3'UTR	44	22	66	0.3333333333333333	2	1	1	0.823	1	0.823	0.823	False	0.81	2.26
3	100535415	C	A	ABI3BP	Intron	11	11	22	0.5	2	1	1	1.2346	1	1.2346	1.0	True	0.81	2.26
3	105404165	G	A	CBLB	Missense_Mutation	34	25	59	0.423728813559322	2	1	1	1.0462	1	1.0462	1.0	True	0.81	2.26
3	108076773	C	A	HHLA2	Missense_Mutation	19	14	33	0.42424242424242425	2	1	1	1.0475	1	1.0475	1.0	True	0.81	2.26
3	108189003	G	T	MYH15	Missense_Mutation	30	24	54	0.4444444444444444	2	1	1	1.0974	1	1.0974	1.0	True	0.81	2.26
3	108474609	C	A	RETNLB	3'UTR	34	17	51	0.3333333333333333	2	1	1	0.823	1	0.823	0.823	False	0.81	2.26
3	108746670	T	G	MORC1	Missense_Mutation	43	36	79	0.45569620253164556	2	1	1	1.1252	1	1.1252	1.0	True	0.81	2.26
3	111325557	T	G	CD96	Missense_Mutation	12	14	26	0.5384615384615384	2	1	1	1.3295	1	1.3295	1.0	True	0.81	2.26
3	111694541	G	A	PHLDB2	3'UTR	14	13	27	0.48148148148148145	2	1	1	1.1888	1	1.1888	1.0	True	0.81	2.26
3	111766590	A	C	TMPRSS7	Missense_Mutation	25	4	29	0.13793103448275862	2	1	1	0.3406	1	0.3406	0.3406	False	0.81	2.26
3	111958717	C	A	SLC9C1	Missense_Mutation	31	10	41	0.24390243902439024	2	1	1	0.6022	1	0.6022	0.6022	False	0.81	2.26
3	112546391	T	C	CD200R1L	Missense_Mutation	22	16	38	0.42105263157894735	2	1	1	1.0396	1	1.0396	1.0	True	0.81	2.26
3	112991265	G	A	BOC	Missense_Mutation	19	13	32	0.40625	2	1	1	1.0031	1	1.0031	1.0	True	0.81	2.26
3	112992086	G	A	BOC	Missense_Mutation	15	9	24	0.375	2	1	1	0.9259	1	0.9259	0.9259	True	0.81	2.26
3	113015613	G	A	WDR52	Nonsense_Mutation	44	29	73	0.3972602739726027	2	1	1	0.9809	1	0.9809	0.9809	True	0.81	2.26
3	113438893	A	G	NAA50	3'UTR	13	13	26	0.5	2	1	1	1.2346	1	1.2346	1.0	True	0.81	2.26
3	118905613	C	T	UPK1B	Missense_Mutation	11	8	19	0.42105263157894735	2	1	1	1.0396	1	1.0396	1.0	True	0.81	2.26
3	118905626	G	A	UPK1B	Missense_Mutation	12	10	22	0.45454545454545453	2	1	1	1.1223	1	1.1223	1.0	True	0.81	2.26
3	119133806	C	A	ARHGAP31	Missense_Mutation	9	7	16	0.4375	2	1	1	1.0802	1	1.0802	1.0	True	0.81	2.26
3	119306692	C	T	ADPRH	Silent	7	6	13	0.46153846153846156	2	1	1	1.1396	1	1.1396	1.0	True	0.81	2.26
3	119595322	C	A	GSK3B	Nonsense_Mutation	49	38	87	0.4367816091954023	2	1	1	1.0785	1	1.0785	1.0	True	0.81	2.26
3	119635012	A	C	GSK3B	Missense_Mutation	11	4	15	0.26666666666666666	2	1	1	0.6584	1	0.6584	0.6584	False	0.81	2.26
3	120114477	T	G	FSTL1	3'UTR	13	11	24	0.4583333333333333	2	1	1	1.1317	1	1.1317	1.0	True	0.81	2.26
3	121126343	T	C	STXBP5L	Silent	13	3	16	0.1875	2	1	1	0.463	1	0.463	0.463	False	0.81	2.26
3	121230747	C	T	POLQ	Missense_Mutation	16	10	26	0.38461538461538464	2	1	1	0.9497	1	0.9497	0.9497	True	0.81	2.26
3	121822658	C	T	CD86	Missense_Mutation	16	16	32	0.5	2	1	1	1.2346	1	1.2346	1.0	True	0.81	2.26
3	122334567	G	T	PARP15	Intron	10	12	22	0.5454545454545454	2	1	1	1.3468	1	1.3468	1.0	True	0.81	2.26
3	123634117	A	C	CCDC14	Missense_Mutation	39	23	62	0.3709677419354839	2	1	1	0.916	1	0.916	0.916	True	0.81	2.26
3	125775343	C	T	SLC41A3	Intron	19	8	27	0.2962962962962963	2	1	1	0.7316	1	0.7316	0.7316	False	0.81	2.26
3	126446002	G	T	CHCHD6	Missense_Mutation	13	13	26	0.5	2	1	1	1.2346	1	1.2346	1.0	True	0.81	2.26
3	129252670	C	A	RHO	3'UTR	34	11	45	0.24444444444444444	2	1	1	0.6036	1	0.6036	0.6036	False	0.81	2.26
3	129252833	C	A	RHO	3'UTR	34	18	52	0.34615384615384615	2	1	1	0.8547	1	0.8547	0.8547	True	0.81	2.26
3	129252926	A	C	RHO	3'UTR	15	8	23	0.34782608695652173	2	1	1	0.8588	1	0.8588	0.8588	True	0.81	2.26
3	129368970	C	T	TMCC1	3'UTR	19	6	25	0.24	2	1	1	0.5926	1	0.5926	0.5926	False	0.81	2.26
3	130103734	G	T	COL6A5	Missense_Mutation	11	11	22	0.5	2	1	1	1.2346	1	1.2346	1.0	True	0.81	2.26
3	130293305	C	T	COL6A6	Silent	4	8	12	0.6666666666666666	2	1	1	1.6461	1	1.6461	1.0	True	0.81	2.26
3	130361855	C	T	COL6A6	Nonsense_Mutation	26	11	37	0.2972972972972973	2	1	1	0.7341	1	0.7341	0.7341	False	0.81	2.26
3	130442276	C	T	PIK3R4	Missense_Mutation	13	12	25	0.48	2	1	1	1.1852	1	1.1852	1.0	True	0.81	2.26
3	130743298	G	A	ASTE1	Nonsense_Mutation	12	5	17	0.29411764705882354	2	1	1	0.7262	1	0.7262	0.7262	False	0.81	2.26
3	134280800	A	C	CEP63	3'UTR	6	5	11	0.45454545454545453	2	1	1	1.1223	1	1.1223	1.0	True	0.81	2.26
3	134338049	G	A	KY	Silent	40	27	67	0.40298507462686567	2	1	1	0.995	1	0.995	0.995	True	0.81	2.26
3	134978668	A	T	EPHB1	3'UTR	17	17	34	0.5	2	1	1	1.2346	1	1.2346	1.0	True	0.81	2.26
3	135721530	C	A	PPP2R3A	Nonsense_Mutation	17	10	27	0.37037037037037035	2	1	1	0.9145	1	0.9145	0.9145	True	0.81	2.26
3	135869039	C	A	MSL2	3'UTR	10	6	16	0.375	2	1	1	0.9259	1	0.9259	0.9259	True	0.81	2.26
3	135869202	T	G	MSL2	3'UTR	3	6	9	0.6666666666666666	2	1	1	1.6461	1	1.6461	1.0	True	0.81	2.26
3	135870018	C	A	MSL2	Nonsense_Mutation	24	20	44	0.45454545454545453	2	1	1	1.1223	1	1.1223	1.0	True	0.81	2.26
3	136117632	G	T	STAG1	Missense_Mutation	24	11	35	0.3142857142857143	2	1	1	0.776	1	0.776	0.776	False	0.81	2.26
3	136196239	C	A	STAG1	Missense_Mutation	8	5	13	0.38461538461538464	2	1	1	0.9497	1	0.9497	0.9497	True	0.81	2.26
3	137743451	C	A	CLDN18	Missense_Mutation	21	16	37	0.43243243243243246	2	1	1	1.0677	1	1.0677	1.0	True	0.81	2.26
3	139076791	C	T	COPB2	Missense_Mutation	16	8	24	0.3333333333333333	2	1	1	0.823	1	0.823	0.823	False	0.81	2.26
3	142151617	A	C	XRN1	Missense_Mutation	13	6	19	0.3157894736842105	2	1	1	0.7797	1	0.7797	0.7797	False	0.81	2.26
3	142185269	A	C	ATR	Missense_Mutation	25	14	39	0.358974358974359	2	1	1	0.8864	1	0.8864	0.8864	True	0.81	2.26
3	142499818	G	T	TRPC1	Nonsense_Mutation	23	13	36	0.3611111111111111	2	1	1	0.8916	1	0.8916	0.8916	True	0.81	2.26
3	142769824	G	T	U2SURP	Missense_Mutation	22	17	39	0.4358974358974359	2	1	1	1.0763	1	1.0763	1.0	True	0.81	2.26
3	143708438	C	A	C3orf58	Missense_Mutation	13	9	22	0.4090909090909091	2	1	1	1.0101	1	1.0101	1.0	True	0.81	2.26
3	147105184	C	A	ZIC4	3'UTR	16	11	27	0.4074074074074074	2	1	1	1.0059	1	1.0059	1.0	True	0.81	2.26
3	149683861	G	T	PFN2	3'UTR	9	16	25	0.64	2	1	1	1.5802	1	1.5802	1.0	True	0.81	2.26
3	150176181	T	G	TSC22D2	Missense_Mutation	20	10	30	0.3333333333333333	2	1	1	0.823	1	0.823	0.823	False	0.81	2.26
3	150301729	A	C	EIF2A	3'UTR	19	3	22	0.13636363636363635	2	1	1	0.3367	1	0.3367	0.3367	False	0.81	2.26
3	151012297	C	T	GPR87	Missense_Mutation	6	8	14	0.5714285714285714	2	1	1	1.4109	1	1.4109	1.0	True	0.81	2.26
3	151094873	C	A	MED12L	Missense_Mutation	11	6	17	0.35294117647058826	2	1	1	0.8715	1	0.8715	0.8715	True	0.81	2.26
3	151101888	T	C	MED12L	Missense_Mutation	8	6	14	0.42857142857142855	2	1	1	1.0582	1	1.0582	1.0	True	0.81	2.26
3	151155048	A	C	IGSF10	Missense_Mutation	29	8	37	0.21621621621621623	2	1	1	0.5339	1	0.5339	0.5339	False	0.81	2.26
3	151164127	G	A	IGSF10	Silent	34	19	53	0.3584905660377358	2	1	1	0.8852	1	0.8852	0.8852	True	0.81	2.26
3	152880694	A	G	RAP2B	Missense_Mutation	17	4	21	0.19047619047619047	2	1	1	0.4703	1	0.4703	0.4703	False	0.81	2.26
3	152883338	C	A	RAP2B	3'UTR	7	7	14	0.5	2	1	1	1.2346	1	1.2346	1.0	True	0.81	2.26
3	152883720	A	C	RAP2B	3'UTR	16	7	23	0.30434782608695654	2	1	1	0.7515	1	0.7515	0.7515	False	0.81	2.26
3	153912465	G	A	ARHGEF26	Silent	21	16	37	0.43243243243243246	2	1	1	1.0677	1	1.0677	1.0	True	0.81	2.26
3	154859840	A	C	MME	Missense_Mutation	51	5	56	0.08928571428571429	2	1	1	0.2205	1	0.2205	0.2205	False	0.81	2.26
3	155571639	C	A	SLC33A1	Nonsense_Mutation	16	8	24	0.3333333333333333	2	1	1	0.823	1	0.823	0.823	False	0.81	2.26
3	156866298	C	T	CCNL1	Missense_Mutation	52	22	74	0.2972972972972973	2	1	1	0.7341	1	0.7341	0.7341	False	0.81	2.26
3	157099087	G	T	VEPH1	Missense_Mutation	38	28	66	0.42424242424242425	2	1	1	1.0475	1	1.0475	1.0	True	0.81	2.26
3	158254944	C	A	RSRC1	Missense_Mutation	23	16	39	0.41025641025641024	2	1	1	1.013	1	1.013	1.0	True	0.81	2.26
3	159610033	C	A	IQCJ-SCHIP1	Intron	16	6	22	0.2727272727272727	2	1	1	0.6734	1	0.6734	0.6734	False	0.81	2.26
3	160075294	C	A	IFT80	Nonsense_Mutation	23	3	26	0.11538461538461539	2	1	1	0.2849	1	0.2849	0.2849	False	0.81	2.26
3	160102297	T	G	IFT80	Intron	14	11	25	0.44	2	1	1	1.0864	1	1.0864	1.0	True	0.81	2.26
3	160219373	C	A	KPNA4	3'UTR	16	11	27	0.4074074074074074	2	1	1	1.0059	1	1.0059	1.0	True	0.81	2.26
3	164904527	T	G	SLITRK3	3'UTR	21	11	32	0.34375	2	1	1	0.8488	1	0.8488	0.8488	False	0.81	2.26
3	164904640	C	T	SLITRK3	3'UTR	13	8	21	0.38095238095238093	2	1	1	0.9406	1	0.9406	0.9406	True	0.81	2.26
3	167090677	C	A	ZBBX	Missense_Mutation	29	23	52	0.4423076923076923	2	1	1	1.0921	1	1.0921	1.0	True	0.81	2.26
3	170608601	G	T	EIF5A2	3'UTR	29	26	55	0.4727272727272727	2	1	1	1.1672	1	1.1672	1.0	True	0.81	2.26
3	170732343	G	A	SLC2A2	Missense_Mutation	34	26	60	0.43333333333333335	2	1	1	1.07	1	1.07	1.0	True	0.81	2.26
3	171338268	C	A	PLD1	Missense_Mutation	34	3	37	0.08108108108108109	2	1	1	0.2002	1	0.2002	0.2002	False	0.81	2.26
3	172428850	C	A	NCEH1	Missense_Mutation	10	4	14	0.2857142857142857	2	1	1	0.7055	1	0.7055	0.7055	False	0.81	2.26
3	172472310	G	T	ECT2	5'UTR	18	17	35	0.4857142857142857	2	1	1	1.1993	1	1.1993	1.0	True	0.81	2.26
3	173322445	C	T	NLGN1	Silent	11	11	22	0.5	2	1	1	1.2346	1	1.2346	1.0	True	0.81	2.26
3	174000184	C	A	NLGN1	3'UTR	32	16	48	0.3333333333333333	2	1	1	0.823	1	0.823	0.823	False	0.81	2.26
3	175473049	C	T	NAALADL2	Missense_Mutation	21	16	37	0.43243243243243246	2	1	1	1.0677	1	1.0677	1.0	True	0.81	2.26
3	175521150	G	T	NAALADL2	3'UTR	7	4	11	0.36363636363636365	2	1	1	0.8979	1	0.8979	0.8979	True	0.81	2.26
3	178976965	T	G	LRRFIP1P1	RNA	14	9	23	0.391304347826087	2	1	1	0.9662	1	0.9662	0.9662	True	0.81	2.26
3	179519032	C	A	PEX5L	3'UTR	5	9	14	0.6428571428571429	2	1	1	1.5873	1	1.5873	1.0	True	0.81	2.26
3	180326330	A	C	TTC14	Intron	8	9	17	0.5294117647058824	2	1	1	1.3072	1	1.3072	1.0	True	0.81	2.26
3	180703747	G	A	DNAJC19	Nonsense_Mutation	21	14	35	0.4	2	1	1	0.9877	1	0.9877	0.9877	True	0.81	2.26
3	182661899	T	A	DCUN1D1	3'UTR	7	8	15	0.5333333333333333	2	1	1	1.3169	1	1.3169	1.0	True	0.81	2.26
3	182810273	C	T	MCCC1	Missense_Mutation	54	34	88	0.38636363636363635	2	1	1	0.954	1	0.954	0.954	True	0.81	2.26
3	182989667	T	G	B3GNT5	3'UTR	34	6	40	0.15	2	1	1	0.3704	1	0.3704	0.3704	False	0.81	2.26
3	184025799	G	A	PSMD2	Missense_Mutation	21	15	36	0.4166666666666667	2	1	1	1.0288	1	1.0288	1.0	True	0.81	2.26
3	184797957	G	T	C3orf70	3'UTR	19	13	32	0.40625	2	1	1	1.0031	1	1.0031	1.0	True	0.81	2.26
3	185639818	A	C	TRA2B	Missense_Mutation	22	11	33	0.3333333333333333	2	1	1	0.823	1	0.823	0.823	False	0.81	2.26
3	185783612	G	A	ETV5	Silent	12	7	19	0.3684210526315789	2	1	1	0.9097	1	0.9097	0.9097	True	0.81	2.26
3	186794846	C	A	ST6GAL1	3'UTR	29	18	47	0.3829787234042553	2	1	1	0.9456	1	0.9456	0.9456	True	0.81	2.26
3	189604298	G	A	TP63	Missense_Mutation	19	17	36	0.4722222222222222	2	1	1	1.166	1	1.166	1.0	True	0.81	2.26
3	193185190	C	T	ATP13A4	Silent	27	18	45	0.4	2	1	1	0.9877	1	0.9877	0.9877	True	0.81	2.26
3	194180205	G	T	ATP13A3	Missense_Mutation	28	3	31	0.0967741935483871	2	1	1	0.2389	1	0.2389	0.2389	False	0.81	2.26
3	194790519	G	A	XXYLT1	Silent	25	21	46	0.45652173913043476	2	1	1	1.1272	1	1.1272	1.0	True	0.81	2.26
3	195474083	G	T	MUC4	Missense_Mutation	29	10	39	0.2564102564102564	2	1	1	0.6331	1	0.6331	0.6331	False	0.81	2.26
3	195511770	G	T	MUC4	Silent	470	50	520	0.09615384615384616	2	1	1	0.2374	1	0.2374	0.2374	False	0.81	2.26
3	196199236	G	T	RNF168	Missense_Mutation	36	10	46	0.21739130434782608	2	1	1	0.5368	1	0.5368	0.5368	False	0.81	2.26
3	196288061	C	A	WDR53	Nonsense_Mutation	13	7	20	0.35	2	1	1	0.8642	1	0.8642	0.8642	True	0.81	2.26
3	196435419	C	T	CEP19	Missense_Mutation	26	17	43	0.3953488372093023	2	1	1	0.9762	1	0.9762	0.9762	True	0.81	2.26
3	196746517	C	A	MFI2	Intron	30	20	50	0.4	2	1	1	0.9877	1	0.9877	0.9877	True	0.81	2.26
3	196746660	C	T	MFI2	Intron	32	18	50	0.36	2	1	1	0.8889	1	0.8889	0.8889	True	0.81	2.26
3	197785702	G	T	ANKRD18DP	RNA	39	22	61	0.36065573770491804	2	1	1	0.8905	1	0.8905	0.8905	True	0.81	2.26
4	266135	C	T	ZNF732	Missense_Mutation	26	12	38	0.3157894736842105	2	1	1	0.7797	1	0.7797	0.7797	False	0.81	2.26
4	366814	G	T	ZNF141	Missense_Mutation	16	13	29	0.4482758620689655	2	1	1	1.1069	1	1.1069	1.0	True	0.81	2.26
4	1332975	G	A	MAEA	3'UTR	12	7	19	0.3684210526315789	2	1	1	0.9097	1	0.9097	0.9097	True	0.81	2.26
4	2242598	C	A	HAUS3	Missense_Mutation	47	4	51	0.0784313725490196	2	1	1	0.1937	1	0.1937	0.1937	False	0.81	2.26
4	2994007	C	A	GRK4	Missense_Mutation	23	21	44	0.4772727272727273	2	1	1	1.1785	1	1.1785	1.0	True	0.81	2.26
4	3015479	G	T	GRK4	Missense_Mutation	15	9	24	0.375	2	1	1	0.9259	1	0.9259	0.9259	True	0.81	2.26
4	3317881	C	A	RGS12	5'UTR	11	11	22	0.5	2	1	1	1.2346	1	1.2346	1.0	True	0.81	2.26
4	6711515	T	G	MRFAP1L1	5'UTR	19	8	27	0.2962962962962963	2	1	1	0.7316	1	0.7316	0.7316	False	0.81	2.26
4	6865760	A	C	KIAA0232	Missense_Mutation	17	15	32	0.46875	2	1	1	1.1574	1	1.1574	1.0	True	0.81	2.26
4	7761130	C	A	AFAP1	3'UTR	19	13	32	0.40625	2	1	1	1.0031	1	1.0031	1.0	True	0.81	2.26
4	13481123	C	A	RAB28	Nonsense_Mutation	16	12	28	0.42857142857142855	2	1	1	1.0582	1	1.0582	1.0	True	0.81	2.26
4	17710540	G	A	FAM184B	Missense_Mutation	13	17	30	0.5666666666666667	2	1	1	1.3992	1	1.3992	1.0	True	0.81	2.26
4	17819656	G	T	NCAPG	Nonsense_Mutation	29	7	36	0.19444444444444445	2	1	1	0.4801	1	0.4801	0.4801	False	0.81	2.26
4	17846207	A	C	NCAPG	3'UTR	28	22	50	0.44	2	1	1	1.0864	1	1.0864	1.0	True	0.81	2.26
4	20541159	C	T	SLIT2	Missense_Mutation	26	21	47	0.44680851063829785	2	1	1	1.1032	1	1.1032	1.0	True	0.81	2.26
4	20599960	C	T	SLIT2	Missense_Mutation	23	12	35	0.34285714285714286	2	1	1	0.8466	1	0.8466	0.8466	False	0.81	2.26
4	25014122	C	A	LGI2	Splice_Site	17	4	21	0.19047619047619047	2	1	1	0.4703	1	0.4703	0.4703	False	0.81	2.26
4	25258273	C	A	PI4K2B	Missense_Mutation	25	15	40	0.375	2	1	1	0.9259	1	0.9259	0.9259	True	0.81	2.26
4	25315706	G	T	ZCCHC4	Nonsense_Mutation	27	9	36	0.25	2	1	1	0.6173	1	0.6173	0.6173	False	0.81	2.26
4	25353268	G	A	ZCCHC4	Missense_Mutation	45	20	65	0.3076923076923077	2	1	1	0.7597	1	0.7597	0.7597	False	0.81	2.26
4	26638849	G	T	TBC1D19	Missense_Mutation	21	12	33	0.36363636363636365	2	1	1	0.8979	1	0.8979	0.8979	True	0.81	2.26
4	27019589	C	A	STIM2	Missense_Mutation	27	19	46	0.41304347826086957	2	1	1	1.0199	1	1.0199	1.0	True	0.81	2.26
4	36126547	A	C	ARAP2	Missense_Mutation	30	11	41	0.2682926829268293	2	1	1	0.6625	1	0.6625	0.6625	False	0.81	2.26
4	37903725	A	G	TBC1D1	Silent	22	18	40	0.45	2	1	1	1.1111	1	1.1111	1.0	True	0.81	2.26
4	39826520	G	A	PDS5A	3'UTR	19	16	35	0.45714285714285713	2	1	1	1.1287	1	1.1287	1.0	True	0.81	2.26
4	44719303	C	A	GNPDA2	Missense_Mutation	22	11	33	0.3333333333333333	2	1	1	0.823	1	0.823	0.823	False	0.81	2.26
4	46929580	G	T	GABRA4	3'UTR	19	14	33	0.42424242424242425	2	1	1	1.0475	1	1.0475	1.0	True	0.81	2.26
4	47538910	C	T	ATP10D	Nonsense_Mutation	20	5	25	0.2	2	1	1	0.4938	1	0.4938	0.4938	False	0.81	2.26
4	47594807	C	T	ATP10D	3'UTR	36	26	62	0.41935483870967744	2	1	1	1.0354	1	1.0354	1.0	True	0.81	2.26
4	48500501	G	A	FRYL	3'UTR	12	8	20	0.4	2	1	1	0.9877	1	0.9877	0.9877	True	0.81	2.26
4	52779864	C	T	DCUN1D4	3'UTR	47	4	51	0.0784313725490196	2	1	1	0.1937	1	0.1937	0.1937	False	0.81	2.26
4	52861916	G	A	LRRC66	Silent	60	26	86	0.3023255813953488	2	1	1	0.7465	1	0.7465	0.7465	False	0.81	2.26
4	53462550	C	A	USP46	3'UTR	5	3	8	0.375	2	1	1	0.9259	1	0.9259	0.9259	True	0.81	2.26
4	53522489	G	T	USP46	Intron	13	5	18	0.2777777777777778	2	1	1	0.6859	1	0.6859	0.6859	False	0.81	2.26
4	54967837	C	A	GSX2	Missense_Mutation	23	13	36	0.3611111111111111	2	1	1	0.8916	1	0.8916	0.8916	True	0.81	2.26
4	55569983	G	T	KIT	Missense_Mutation	15	6	21	0.2857142857142857	2	1	1	0.7055	1	0.7055	0.7055	False	0.81	2.26
4	55972940	C	A	KDR	Nonsense_Mutation	15	12	27	0.4444444444444444	2	1	1	1.0974	1	1.0974	1.0	True	0.81	2.26
4	56291762	G	T	TMEM165	3'UTR	38	4	42	0.09523809523809523	2	1	1	0.2352	1	0.2352	0.2352	False	0.81	2.26
4	56726620	G	T	EXOC1	Missense_Mutation	12	16	28	0.5714285714285714	2	1	1	1.4109	1	1.4109	1.0	True	0.81	2.26
4	57891127	C	A	POLR2B	Missense_Mutation	23	12	35	0.34285714285714286	2	1	1	0.8466	1	0.8466	0.8466	False	0.81	2.26
4	66230870	C	A	EPHA5	Nonsense_Mutation	19	13	32	0.40625	2	1	1	1.0031	1	1.0031	1.0	True	0.81	2.26
4	68956276	C	A	TMPRSS11F	Nonsense_Mutation	10	9	19	0.47368421052631576	2	1	1	1.1696	1	1.1696	1.0	True	0.81	2.26
4	69332371	C	T	TMPRSS11E	Silent	21	9	30	0.3	2	1	1	0.7407	1	0.7407	0.7407	False	0.81	2.26
4	69337336	T	G	TMPRSS11E	Missense_Mutation	33	3	36	0.08333333333333333	2	1	1	0.2058	1	0.2058	0.2058	False	0.81	2.26
4	69520877	C	A	UGT2B15	Missense_Mutation	38	21	59	0.3559322033898305	2	1	1	0.8788	1	0.8788	0.8788	True	0.81	2.26
4	69536134	T	G	UGT2B15	Missense_Mutation	30	22	52	0.4230769230769231	2	1	1	1.0446	1	1.0446	1.0	True	0.81	2.26
4	70359505	C	T	UGT2B4	Missense_Mutation	43	24	67	0.3582089552238806	2	1	1	0.8845	1	0.8845	0.8845	True	0.81	2.26
4	70361152	G	T	UGT2B4	Nonsense_Mutation	29	9	38	0.23684210526315788	2	1	1	0.5848	1	0.5848	0.5848	False	0.81	2.26
4	70361240	C	A	UGT2B4	Nonsense_Mutation	19	17	36	0.4722222222222222	2	1	1	1.166	1	1.166	1.0	True	0.81	2.26
4	70361392	G	T	UGT2B4	Missense_Mutation	37	24	61	0.39344262295081966	2	1	1	0.9715	1	0.9715	0.9715	True	0.81	2.26
4	71063670	C	A	ODAM	Missense_Mutation	11	3	14	0.21428571428571427	2	1	1	0.5291	1	0.5291	0.5291	False	0.81	2.26
4	71346829	T	G	MUC7	Missense_Mutation	47	8	55	0.14545454545454545	2	1	1	0.3591	1	0.3591	0.3591	False	0.81	2.26
4	71398302	C	A	AMTN	3'UTR	25	10	35	0.2857142857142857	2	1	1	0.7055	1	0.7055	0.7055	False	0.81	2.26
4	72434425	T	C	SLC4A4	3'UTR	12	8	20	0.4	2	1	1	0.9877	1	0.9877	0.9877	True	0.81	2.26
4	72635101	C	A	GC	Missense_Mutation	28	5	33	0.15151515151515152	2	1	1	0.3741	1	0.3741	0.3741	False	0.81	2.26
4	73280614	T	C	ADAMTS3	Silent	48	26	74	0.35135135135135137	2	1	1	0.8675	1	0.8675	0.8675	True	0.81	2.26
4	74283258	C	T	ALB	Missense_Mutation	29	18	47	0.3829787234042553	2	1	1	0.9456	1	0.9456	0.9456	True	0.81	2.26
4	74315104	C	A	AFP	Missense_Mutation	25	15	40	0.375	2	1	1	0.9259	1	0.9259	0.9259	True	0.81	2.26
4	74365763	C	T	AFM	Nonsense_Mutation	13	4	17	0.23529411764705882	2	1	1	0.581	1	0.581	0.581	False	0.81	2.26
4	76808049	C	A	PPEF2	Missense_Mutation	15	10	25	0.4	2	1	1	0.9877	1	0.9877	0.9877	True	0.81	2.26
4	76836037	G	A	NAAA	3'UTR	38	5	43	0.11627906976744186	2	1	1	0.2871	1	0.2871	0.2871	False	0.81	2.26
4	77102144	T	G	SCARB2	Missense_Mutation	16	11	27	0.4074074074074074	2	1	1	1.0059	1	1.0059	1.0	True	0.81	2.26
4	78532859	C	A	CXCL13	3'UTR	14	4	18	0.2222222222222222	2	1	1	0.5487	1	0.5487	0.5487	False	0.81	2.26
4	78694235	C	A	CNOT6L	Missense_Mutation	56	6	62	0.0967741935483871	2	1	1	0.2389	1	0.2389	0.2389	False	0.81	2.26
4	79240548	G	T	FRAS1	Intron	26	16	42	0.38095238095238093	2	1	1	0.9406	1	0.9406	0.9406	True	0.81	2.26
4	79839660	A	C	PAQR3	3'UTR	19	6	25	0.24	2	1	1	0.5926	1	0.5926	0.5926	False	0.81	2.26
4	83847220	T	G	LIN54	3'UTR	19	16	35	0.45714285714285713	2	1	1	1.1287	1	1.1287	1.0	True	0.81	2.26
4	83996948	A	C	COPS4	3'UTR	20	3	23	0.13043478260869565	2	1	1	0.3221	1	0.3221	0.3221	False	0.81	2.26
4	86989010	G	A	MAPK10	Missense_Mutation	63	5	68	0.07352941176470588	2	1	1	0.1816	1	0.1816	0.1816	False	0.81	2.26
4	87809349	C	A	C4orf36	Nonsense_Mutation	14	11	25	0.44	2	1	1	1.0864	1	1.0864	1.0	True	0.81	2.26
4	88533952	G	T	DSPP	Missense_Mutation	16	5	21	0.23809523809523808	2	1	1	0.5879	1	0.5879	0.5879	False	0.81	2.26
4	88904375	G	T	SPP1	3'UTR	20	11	31	0.3548387096774194	2	1	1	0.8761	1	0.8761	0.8761	True	0.81	2.26
4	88996922	T	G	PKD2	3'UTR	49	32	81	0.3950617283950617	2	1	1	0.9755	1	0.9755	0.9755	True	0.81	2.26
4	89052252	G	T	ABCG2	Silent	21	3	24	0.125	2	1	1	0.3086	1	0.3086	0.3086	False	0.81	2.26
4	89304515	A	C	HERC6	Missense_Mutation	32	23	55	0.41818181818181815	2	1	1	1.0325	1	1.0325	1.0	True	0.81	2.26
4	89629443	G	T	HERC3	3'UTR	22	9	31	0.2903225806451613	2	1	1	0.7168	1	0.7168	0.7168	False	0.81	2.26
4	89708920	G	A	FAM13A	Nonsense_Mutation	16	5	21	0.23809523809523808	2	1	1	0.5879	1	0.5879	0.5879	False	0.81	2.26
4	90857077	A	C	MMRN1	Missense_Mutation	10	10	20	0.5	2	1	1	1.2346	1	1.2346	1.0	True	0.81	2.26
4	94690472	C	T	GRID2	Silent	24	21	45	0.4666666666666667	2	1	1	1.1523	1	1.1523	1.0	True	0.81	2.26
4	95211085	A	G	SMARCAD1	3'UTR	39	13	52	0.25	2	1	1	0.6173	1	0.6173	0.6173	False	0.81	2.26
4	96762082	C	T	PDHA2	Missense_Mutation	7	5	12	0.4166666666666667	2	1	1	1.0288	1	1.0288	1.0	True	0.81	2.26
4	99983805	G	T	METAP1	3'UTR	26	16	42	0.38095238095238093	2	1	1	0.9406	1	0.9406	0.9406	True	0.81	2.26
4	100264077	C	A	ADH1C	Nonsense_Mutation	57	33	90	0.36666666666666664	2	1	1	0.9053	1	0.9053	0.9053	True	0.81	2.26
4	100570810	C	T	RP11-766F14.2	Missense_Mutation	16	13	29	0.4482758620689655	2	1	1	1.1069	1	1.1069	1.0	True	0.81	2.26
4	100821802	G	T	DNAJB14	3'UTR	10	13	23	0.5652173913043478	2	1	1	1.3956	1	1.3956	1.0	True	0.81	2.26
4	103504105	T	G	NFKB1	Silent	33	12	45	0.26666666666666666	2	1	1	0.6584	1	0.6584	0.6584	False	0.81	2.26
4	104080302	G	T	CENPE	Missense_Mutation	32	28	60	0.4666666666666667	2	1	1	1.1523	1	1.1523	1.0	True	0.81	2.26
4	104096030	G	A	CENPE	Missense_Mutation	20	9	29	0.3103448275862069	2	1	1	0.7663	1	0.7663	0.7663	False	0.81	2.26
4	106159525	G	T	TET2	Intron	8	4	12	0.3333333333333333	2	1	1	0.823	1	0.823	0.823	False	0.81	2.26
4	110884406	T	G	EGF	Missense_Mutation	47	5	52	0.09615384615384616	2	1	1	0.2374	1	0.2374	0.2374	False	0.81	2.26
4	114275856	C	T	ANK2	Missense_Mutation	10	6	16	0.375	2	1	1	0.9259	1	0.9259	0.9259	True	0.81	2.26
4	114275979	C	T	ANK2	Missense_Mutation	8	4	12	0.3333333333333333	2	1	1	0.823	1	0.823	0.823	False	0.81	2.26
4	114277986	G	T	ANK2	Missense_Mutation	9	3	12	0.25	2	1	1	0.6173	1	0.6173	0.6173	False	0.81	2.26
4	114304257	T	G	ANK2	3'UTR	10	6	16	0.375	2	1	1	0.9259	1	0.9259	0.9259	True	0.81	2.26
4	114823565	A	C	ARSJ	Nonsense_Mutation	14	6	20	0.3	2	1	1	0.7407	1	0.7407	0.7407	False	0.81	2.26
4	115767076	G	A	NDST4	Missense_Mutation	12	6	18	0.3333333333333333	2	1	1	0.823	1	0.823	0.823	False	0.81	2.26
4	118005542	C	A	TRAM1L1	Missense_Mutation	32	31	63	0.49206349206349204	2	1	1	1.215	1	1.215	1.0	True	0.81	2.26
4	119465512	C	A	CEP170P1	RNA	56	5	61	0.08196721311475409	2	1	1	0.2024	1	0.2024	0.2024	False	0.81	2.26
4	120241911	C	A	FABP2	Nonsense_Mutation	17	12	29	0.41379310344827586	2	1	1	1.0217	1	1.0217	1.0	True	0.81	2.26
4	121956969	G	T	NDNF	3'UTR	24	15	39	0.38461538461538464	2	1	1	0.9497	1	0.9497	0.9497	True	0.81	2.26
4	121957116	T	C	NDNF	3'UTR	27	3	30	0.1	2	1	1	0.2469	1	0.2469	0.2469	False	0.81	2.26
4	122250716	C	T	QRFPR	Missense_Mutation	19	16	35	0.45714285714285713	2	1	1	1.1287	1	1.1287	1.0	True	0.81	2.26
4	122825563	G	A	TRPC3	Missense_Mutation	25	12	37	0.32432432432432434	2	1	1	0.8008	1	0.8008	0.8008	False	0.81	2.26
4	123333851	G	T	ADAD1	Missense_Mutation	13	16	29	0.5517241379310345	2	1	1	1.3623	1	1.3623	1.0	True	0.81	2.26
4	123814333	C	A	NUDT6	Nonsense_Mutation	12	7	19	0.3684210526315789	2	1	1	0.9097	1	0.9097	0.9097	True	0.81	2.26
4	126371211	G	T	FAT4	Nonsense_Mutation	8	6	14	0.42857142857142855	2	1	1	1.0582	1	1.0582	1.0	True	0.81	2.26
4	128694702	C	A	SLC25A31	Missense_Mutation	27	18	45	0.4	2	1	1	0.9877	1	0.9877	0.9877	True	0.81	2.26
4	139086251	A	G	SLC7A11	3'UTR	5	5	10	0.5	2	1	1	1.2346	1	1.2346	1.0	True	0.81	2.26
4	139157506	C	T	SLC7A11	Missense_Mutation	19	12	31	0.3870967741935484	2	1	1	0.9558	1	0.9558	0.9558	True	0.81	2.26
4	139994616	C	A	ELF2	Missense_Mutation	11	8	19	0.42105263157894735	2	1	1	1.0396	1	1.0396	1.0	True	0.81	2.26
4	140280952	A	G	NAA15	Missense_Mutation	22	10	32	0.3125	2	1	1	0.7716	1	0.7716	0.7716	False	0.81	2.26
4	140309121	T	C	NAA15	Silent	42	19	61	0.3114754098360656	2	1	1	0.7691	1	0.7691	0.7691	False	0.81	2.26
4	140310718	G	T	NAA15	3'UTR	11	6	17	0.35294117647058826	2	1	1	0.8715	1	0.8715	0.8715	True	0.81	2.26
4	140427803	G	T	SETD7	3'UTR	6	9	15	0.6	2	1	1	1.4815	1	1.4815	1.0	True	0.81	2.26
4	141055293	C	A	MAML3	Intron	18	4	22	0.18181818181818182	2	1	1	0.4489	1	0.4489	0.4489	False	0.81	2.26
4	141055347	T	C	MAML3	Intron	9	16	25	0.64	2	1	1	1.5802	1	1.5802	1.0	True	0.81	2.26
4	141456942	A	C	ELMOD2	Missense_Mutation	27	21	48	0.4375	2	1	1	1.0802	1	1.0802	1.0	True	0.81	2.26
4	141489950	C	T	UCP1	5'UTR	8	3	11	0.2727272727272727	2	1	1	0.6734	1	0.6734	0.6734	False	0.81	2.26
4	144336882	C	T	GAB1	Missense_Mutation	12	11	23	0.4782608695652174	2	1	1	1.1809	1	1.1809	1.0	True	0.81	2.26
4	144796474	G	A	GYPE	Intron	8	5	13	0.38461538461538464	2	1	1	0.9497	1	0.9497	0.9497	True	0.81	2.26
4	146058570	C	T	OTUD4	3'UTR	25	26	51	0.5098039215686274	2	1	1	1.2588	1	1.2588	1.0	True	0.81	2.26
4	147177997	T	C	SLC10A7	Intron	22	11	33	0.3333333333333333	2	1	1	0.823	1	0.823	0.823	False	0.81	2.26
4	148559602	T	G	PRMT10	3'UTR	16	12	28	0.42857142857142855	2	1	1	1.0582	1	1.0582	1.0	True	0.81	2.26
4	151178453	A	C	DCLK2	3'UTR	43	40	83	0.4819277108433735	2	1	1	1.1899	1	1.1899	1.0	True	0.81	2.26
4	151185826	G	T	LRBA	3'UTR	14	14	28	0.5	2	1	1	1.2346	1	1.2346	1.0	True	0.81	2.26
4	151231442	G	A	LRBA	Silent	13	16	29	0.5517241379310345	2	1	1	1.3623	1	1.3623	1.0	True	0.81	2.26
4	154504810	C	A	KIAA0922	Missense_Mutation	23	21	44	0.4772727272727273	2	1	1	1.1785	1	1.1785	1.0	True	0.81	2.26
4	155253694	C	A	DCHS2	Missense_Mutation	14	13	27	0.48148148148148145	2	1	1	1.1888	1	1.1888	1.0	True	0.81	2.26
4	155508756	C	T	FGA	Missense_Mutation	52	20	72	0.2777777777777778	2	1	1	0.6859	1	0.6859	0.6859	False	0.81	2.26
4	156651405	A	C	GUCY1A3	3'UTR	10	3	13	0.23076923076923078	2	1	1	0.5698	1	0.5698	0.5698	False	0.81	2.26
4	158285887	C	A	GRIA2	3'UTR	21	10	31	0.3225806451612903	2	1	1	0.7965	1	0.7965	0.7965	False	0.81	2.26
4	159568002	C	T	RXFP1	Missense_Mutation	20	16	36	0.4444444444444444	2	1	1	1.0974	1	1.0974	1.0	True	0.81	2.26
4	159627858	T	G	ETFDH	Missense_Mutation	34	21	55	0.38181818181818183	2	1	1	0.9428	1	0.9428	0.9428	True	0.81	2.26
4	164247294	C	T	NPY1R	Missense_Mutation	18	18	36	0.5	2	1	1	1.2346	1	1.2346	1.0	True	0.81	2.26
4	164271473	G	T	NPY5R	Missense_Mutation	14	13	27	0.48148148148148145	2	1	1	1.1888	1	1.1888	1.0	True	0.81	2.26
4	164394012	G	A	TKTL2	Missense_Mutation	9	8	17	0.47058823529411764	2	1	1	1.1619	1	1.1619	1.0	True	0.81	2.26
4	164428284	G	T	TMA16	Nonsense_Mutation	8	3	11	0.2727272727272727	2	1	1	0.6734	1	0.6734	0.6734	False	0.81	2.26
4	166244010	T	C	KLHL2	3'Flank	16	10	26	0.38461538461538464	2	1	1	0.9497	1	0.9497	0.9497	True	0.81	2.26
4	170347334	G	A	NEK1	Silent	22	5	27	0.18518518518518517	2	1	1	0.4572	1	0.4572	0.4572	False	0.81	2.26
4	170502021	A	C	NEK1	Missense_Mutation	30	17	47	0.3617021276595745	2	1	1	0.8931	1	0.8931	0.8931	True	0.81	2.26
4	170911830	C	T	MFAP3L	3'UTR	16	11	27	0.4074074074074074	2	1	1	1.0059	1	1.0059	1.0	True	0.81	2.26
4	176554330	G	T	GPM6A	3'UTR	10	5	15	0.3333333333333333	2	1	1	0.823	1	0.823	0.823	False	0.81	2.26
4	184432051	G	T	ING2	Missense_Mutation	27	15	42	0.35714285714285715	2	1	1	0.8818	1	0.8818	0.8818	True	0.81	2.26
4	186545475	C	A	SORBS2	Nonsense_Mutation	26	23	49	0.46938775510204084	2	1	1	1.159	1	1.159	1.0	True	0.81	2.26
4	187455636	G	A	MTNR1A	Missense_Mutation	14	17	31	0.5483870967741935	2	1	1	1.354	1	1.354	1.0	True	0.81	2.26
4	187510153	C	T	FAT1	Missense_Mutation	47	12	59	0.2033898305084746	2	1	1	0.5022	1	0.5022	0.5022	False	0.81	2.26
4	189022278	C	A	TRIML2	Nonsense_Mutation	19	15	34	0.4411764705882353	2	1	1	1.0893	1	1.0893	1.0	True	0.81	2.26
4	189064977	C	T	TRIML1	Intron	21	11	32	0.34375	2	1	1	0.8488	1	0.8488	0.8488	False	0.81	2.26
5	1494890	C	T	LPCAT1	Missense_Mutation	24	18	42	0.42857142857142855	2	1	1	1.0582	1	1.0582	1.0	True	0.81	2.26
5	1593337	G	A	CTD-2012J19.3	5'Flank	50	39	89	0.43820224719101125	2	1	1	1.082	1	1.082	1.0	True	0.81	2.26
5	6337355	C	T	CTD-2324F15.2	RNA	23	13	36	0.3611111111111111	2	1	1	0.8916	1	0.8916	0.8916	True	0.81	2.26
5	6599868	G	T	NSUN2	3'UTR	13	6	19	0.3157894736842105	2	1	1	0.7797	1	0.7797	0.7797	False	0.81	2.26
5	7789832	G	T	ADCY2	Missense_Mutation	22	4	26	0.15384615384615385	2	1	1	0.3799	1	0.3799	0.3799	False	0.81	2.26
5	7804712	A	C	ADCY2	Silent	13	13	26	0.5	2	1	1	1.2346	1	1.2346	1.0	True	0.81	2.26
5	10426521	G	A	MARCH6	Missense_Mutation	106	6	112	0.05357142857142857	2	1	1	0.1323	1	0.1323	0.1323	False	0.81	2.26
5	13727683	T	G	DNAH5	Missense_Mutation	17	16	33	0.48484848484848486	2	1	1	1.1972	1	1.1972	1.0	True	0.81	2.26
5	13830805	C	A	DNAH5	Nonsense_Mutation	27	14	41	0.34146341463414637	2	1	1	0.8431	1	0.8431	0.8431	False	0.81	2.26
5	14769214	G	T	ANKH	Missense_Mutation	19	13	32	0.40625	2	1	1	1.0031	1	1.0031	1.0	True	0.81	2.26
5	19591343	C	G	CDH18	Missense_Mutation	15	11	26	0.4230769230769231	2	1	1	1.0446	1	1.0446	1.0	True	0.81	2.26
5	26881414	G	A	CDH9	Missense_Mutation	25	4	29	0.13793103448275862	2	1	1	0.3406	1	0.3406	0.3406	False	0.81	2.26
5	26885895	G	T	CDH9	Silent	17	15	32	0.46875	2	1	1	1.1574	1	1.1574	1.0	True	0.81	2.26
5	32355771	C	A	ZFR	3'UTR	29	14	43	0.32558139534883723	2	1	1	0.8039	1	0.8039	0.8039	False	0.81	2.26
5	32383887	G	T	ZFR	Intron	12	11	23	0.4782608695652174	2	1	1	1.1809	1	1.1809	1.0	True	0.81	2.26
5	32400255	C	T	ZFR	Missense_Mutation	14	4	18	0.2222222222222222	2	1	1	0.5487	1	0.5487	0.5487	False	0.81	2.26
5	33624433	G	A	ADAMTS12	Silent	21	12	33	0.36363636363636365	2	1	1	0.8979	1	0.8979	0.8979	True	0.81	2.26
5	33938071	C	A	RXFP3	Missense_Mutation	13	7	20	0.35	2	1	1	0.8642	1	0.8642	0.8642	True	0.81	2.26
5	35695874	C	A	SPEF2	Silent	26	10	36	0.2777777777777778	2	1	1	0.6859	1	0.6859	0.6859	False	0.81	2.26
5	37303453	G	A	NUP155	Missense_Mutation	24	11	35	0.3142857142857143	2	1	1	0.776	1	0.776	0.776	False	0.81	2.26
5	38939106	G	T	RICTOR	3'UTR	36	21	57	0.3684210526315789	2	1	1	0.9097	1	0.9097	0.9097	True	0.81	2.26
5	39107527	A	C	FYB	3'UTR	11	11	22	0.5	2	1	1	1.2346	1	1.2346	1.0	True	0.81	2.26
5	41000334	G	T	MROH2B	Missense_Mutation	27	15	42	0.35714285714285715	2	1	1	0.8818	1	0.8818	0.8818	True	0.81	2.26
5	41313074	C	T	PLCXD3	3'UTR	15	6	21	0.2857142857142857	2	1	1	0.7055	1	0.7055	0.7055	False	0.81	2.26
5	41918136	A	C	C5orf51	3'UTR	17	5	22	0.22727272727272727	2	1	1	0.5612	1	0.5612	0.5612	False	0.81	2.26
5	43280888	T	G	NIM1K	3'UTR	18	10	28	0.35714285714285715	2	1	1	0.8818	1	0.8818	0.8818	True	0.81	2.26
5	44813330	G	A	MRPS30	Missense_Mutation	20	14	34	0.4117647058823529	2	1	1	1.0167	1	1.0167	1.0	True	0.81	2.26
5	54329755	G	T	GZMK	3'UTR	34	20	54	0.37037037037037035	2	1	1	0.9145	1	0.9145	0.9145	True	0.81	2.26
5	54516276	C	T	MCIDAS	Missense_Mutation	31	21	52	0.40384615384615385	2	1	1	0.9972	1	0.9972	0.9972	True	0.81	2.26
5	56181803	G	T	MAP3K1	Nonsense_Mutation	22	17	39	0.4358974358974359	2	1	1	1.0763	1	1.0763	1.0	True	0.81	2.26
5	56216768	A	G	MIER3	3'UTR	19	5	24	0.20833333333333334	2	1	1	0.5144	1	0.5144	0.5144	False	0.81	2.26
5	56526990	A	C	GPBP1	Missense_Mutation	17	4	21	0.19047619047619047	2	1	1	0.4703	1	0.4703	0.4703	False	0.81	2.26
5	56546826	G	T	GPBP1	Nonsense_Mutation	29	3	32	0.09375	2	1	1	0.2315	1	0.2315	0.2315	False	0.81	2.26
5	57749854	A	C	PLK2	3'UTR	18	9	27	0.3333333333333333	2	1	1	0.823	1	0.823	0.823	False	0.81	2.26
5	57791409	G	T	GAPT	3'UTR	35	8	43	0.18604651162790697	2	1	1	0.4594	1	0.4594	0.4594	False	0.81	2.26
5	59892878	G	T	DEPDC1B	3'UTR	11	7	18	0.3888888888888889	2	1	1	0.9602	1	0.9602	0.9602	True	0.81	2.26
5	61659529	G	A	KIF2A	Missense_Mutation	16	5	21	0.23809523809523808	2	1	1	0.5879	1	0.5879	0.5879	False	0.81	2.26
5	63509892	G	T	RNF180	Nonsense_Mutation	7	13	20	0.65	2	1	1	1.6049	1	1.6049	1.0	True	0.81	2.26
5	64905248	C	T	TRIM23	Missense_Mutation	29	16	45	0.35555555555555557	2	1	1	0.8779	1	0.8779	0.8779	True	0.81	2.26
5	67588951	C	T	PIK3R1	Nonsense_Mutation	26	7	33	0.21212121212121213	2	1	1	0.5238	1	0.5238	0.5238	False	0.81	2.26
5	67591097	A	G	PIK3R1	Missense_Mutation	22	12	34	0.35294117647058826	2	1	1	0.8715	1	0.8715	0.8715	True	0.81	2.26
5	71493698	G	T	MAP1B	Missense_Mutation	15	15	30	0.5	2	1	1	1.2346	1	1.2346	1.0	True	0.81	2.26
5	71501121	A	C	MAP1B	3'UTR	10	15	25	0.6	2	1	1	1.4815	1	1.4815	1.0	True	0.81	2.26
5	72208349	C	A	TNPO1	3'UTR	56	9	65	0.13846153846153847	2	1	1	0.3419	1	0.3419	0.3419	False	0.81	2.26
5	72209504	C	A	TNPO1	3'UTR	35	17	52	0.3269230769230769	2	1	1	0.8072	1	0.8072	0.8072	False	0.81	2.26
5	72848547	T	G	ANKRA2	3'UTR	24	15	39	0.38461538461538464	2	1	1	0.9497	1	0.9497	0.9497	True	0.81	2.26
5	74032672	C	A	GFM2	Nonsense_Mutation	42	24	66	0.36363636363636365	2	1	1	0.8979	1	0.8979	0.8979	True	0.81	2.26
5	74047232	C	A	GFM2	Missense_Mutation	23	18	41	0.43902439024390244	2	1	1	1.084	1	1.084	1.0	True	0.81	2.26
5	74078959	C	T	FAM169A	Missense_Mutation	3	10	13	0.7692307692307693	2	1	1	1.8993	1	1.8993	1.0	True	0.81	2.26
5	74325171	A	C	GCNT4	Missense_Mutation	9	4	13	0.3076923076923077	2	1	1	0.7597	1	0.7597	0.7597	False	0.81	2.26
5	74951943	C	A	ANKDD1B	Silent	24	16	40	0.4	2	1	1	0.9877	1	0.9877	0.9877	True	0.81	2.26
5	76331590	A	C	AGGF1	Intron	13	5	18	0.2777777777777778	2	1	1	0.6859	1	0.6859	0.6859	False	0.81	2.26
5	76704724	A	C	PDE8B	Missense_Mutation	19	10	29	0.3448275862068966	2	1	1	0.8514	1	0.8514	0.8514	True	0.81	2.26
5	78746816	C	T	HOMER1	Silent	13	17	30	0.5666666666666667	2	1	1	1.3992	1	1.3992	1.0	True	0.81	2.26
5	79025289	C	T	CMYA5	Missense_Mutation	11	13	24	0.5416666666666666	2	1	1	1.3374	1	1.3374	1.0	True	0.81	2.26
5	79025318	T	G	CMYA5	Missense_Mutation	14	13	27	0.48148148148148145	2	1	1	1.1888	1	1.1888	1.0	True	0.81	2.26
5	79028366	C	A	CMYA5	Missense_Mutation	9	5	14	0.35714285714285715	2	1	1	0.8818	1	0.8818	0.8818	True	0.81	2.26
5	80363981	G	A	RASGRF2	Missense_Mutation	13	12	25	0.48	2	1	1	1.1852	1	1.1852	1.0	True	0.81	2.26
5	80497155	G	A	RASGRF2	Missense_Mutation	14	6	20	0.3	2	1	1	0.7407	1	0.7407	0.7407	False	0.81	2.26
5	82491646	G	T	XRCC4	Nonsense_Mutation	19	9	28	0.32142857142857145	2	1	1	0.7937	1	0.7937	0.7937	False	0.81	2.26
5	82940397	A	C	HAPLN1	Missense_Mutation	11	7	18	0.3888888888888889	2	1	1	0.9602	1	0.9602	0.9602	True	0.81	2.26
5	89770049	C	A	MBLAC2	Nonsense_Mutation	16	11	27	0.4074074074074074	2	1	1	1.0059	1	1.0059	1.0	True	0.81	2.26
5	89949649	G	T	GPR98	Nonsense_Mutation	26	12	38	0.3157894736842105	2	1	1	0.7797	1	0.7797	0.7797	False	0.81	2.26
5	90124841	C	T	GPR98	Silent	29	10	39	0.2564102564102564	2	1	1	0.6331	1	0.6331	0.6331	False	0.81	2.26
5	93386492	T	G	FAM172A	Missense_Mutation	32	16	48	0.3333333333333333	2	1	1	0.823	1	0.823	0.823	False	0.81	2.26
5	93820513	C	T	KIAA0825	Missense_Mutation	21	10	31	0.3225806451612903	2	1	1	0.7965	1	0.7965	0.7965	False	0.81	2.26
5	93999519	T	A	ANKRD32	Missense_Mutation	27	13	40	0.325	2	1	1	0.8025	1	0.8025	0.8025	False	0.81	2.26
5	94206584	A	C	MCTP1	Missense_Mutation	23	19	42	0.4523809523809524	2	1	1	1.117	1	1.117	1.0	True	0.81	2.26
5	94903630	C	A	ARSK	Missense_Mutation	31	11	42	0.2619047619047619	2	1	1	0.6467	1	0.6467	0.6467	False	0.81	2.26
5	94994367	G	T	SPATA9	Missense_Mutation	17	7	24	0.2916666666666667	2	1	1	0.7202	1	0.7202	0.7202	False	0.81	2.26
5	95728251	C	A	PCSK1	3'UTR	28	5	33	0.15151515151515152	2	1	1	0.3741	1	0.3741	0.3741	False	0.81	2.26
5	100144114	G	T	ST8SIA4	3'UTR	20	12	32	0.375	2	1	1	0.9259	1	0.9259	0.9259	True	0.81	2.26
5	108171440	G	T	FER	Missense_Mutation	19	6	25	0.24	2	1	1	0.5926	1	0.5926	0.5926	False	0.81	2.26
5	108670440	T	G	PJA2	3'UTR	27	3	30	0.1	2	1	1	0.2469	1	0.2469	0.2469	False	0.81	2.26
5	112043478	C	A	APC	5'UTR	27	14	41	0.34146341463414637	2	1	1	0.8431	1	0.8431	0.8431	False	0.81	2.26
5	112154899	C	A	APC	Silent	27	12	39	0.3076923076923077	2	1	1	0.7597	1	0.7597	0.7597	False	0.81	2.26
5	113740459	A	G	KCNN2	Missense_Mutation	29	22	51	0.43137254901960786	2	1	1	1.0651	1	1.0651	1.0	True	0.81	2.26
5	114914722	A	G	TMED7-TICAM2	3'UTR	22	12	34	0.35294117647058826	2	1	1	0.8715	1	0.8715	0.8715	True	0.81	2.26
5	118469701	A	G	DMXL1	Silent	42	4	46	0.08695652173913043	2	1	1	0.2147	1	0.2147	0.2147	False	0.81	2.26
5	121759135	G	T	SNCAIP	Nonsense_Mutation	18	9	27	0.3333333333333333	2	1	1	0.823	1	0.823	0.823	False	0.81	2.26
5	121786334	C	A	SNCAIP	Missense_Mutation	17	7	24	0.2916666666666667	2	1	1	0.7202	1	0.7202	0.7202	False	0.81	2.26
5	122926124	C	T	CSNK1G3	Missense_Mutation	33	6	39	0.15384615384615385	2	1	1	0.3799	1	0.3799	0.3799	False	0.81	2.26
5	126732332	G	A	MEGF10	Missense_Mutation	40	24	64	0.375	2	1	1	0.9259	1	0.9259	0.9259	True	0.81	2.26
5	127648459	C	T	FBN2	Silent	12	8	20	0.4	2	1	1	0.9877	1	0.9877	0.9877	True	0.81	2.26
5	131298357	T	G	ACSL6	Missense_Mutation	13	12	25	0.48	2	1	1	1.1852	1	1.1852	1.0	True	0.81	2.26
5	131893097	C	T	RAD50	Silent	19	9	28	0.32142857142857145	2	1	1	0.7937	1	0.7937	0.7937	False	0.81	2.26
5	132038661	C	A	KIF3A	Missense_Mutation	18	4	22	0.18181818181818182	2	1	1	0.4489	1	0.4489	0.4489	False	0.81	2.26
5	132150828	C	A	SOWAHA	Missense_Mutation	21	18	39	0.46153846153846156	2	1	1	1.1396	1	1.1396	1.0	True	0.81	2.26
5	132388014	G	A	HSPA4	Silent	12	9	21	0.42857142857142855	2	1	1	1.0582	1	1.0582	1.0	True	0.81	2.26
5	132424780	G	T	HSPA4	Nonsense_Mutation	8	8	16	0.5	2	1	1	1.2346	1	1.2346	1.0	True	0.81	2.26
5	134194971	A	C	C5orf24	3'UTR	19	18	37	0.4864864864864865	2	1	1	1.2012	1	1.2012	1.0	True	0.81	2.26
5	135276471	G	T	FBXL21	RNA	5	4	9	0.4444444444444444	2	1	1	1.0974	1	1.0974	1.0	True	0.81	2.26
5	135290640	C	T	LECT2	5'UTR	33	4	37	0.10810810810810811	2	1	1	0.2669	1	0.2669	0.2669	False	0.81	2.26
5	136448205	C	T	SPOCK1	Silent	23	11	34	0.3235294117647059	2	1	1	0.7988	1	0.7988	0.7988	False	0.81	2.26
5	136964058	C	T	KLHL3	Missense_Mutation	23	27	50	0.54	2	1	1	1.3333	1	1.3333	1.0	True	0.81	2.26
5	137216527	G	A	MYOT	Missense_Mutation	13	10	23	0.43478260869565216	2	1	1	1.0735	1	1.0735	1.0	True	0.81	2.26
5	137221742	G	T	MYOT	Nonsense_Mutation	20	3	23	0.13043478260869565	2	1	1	0.3221	1	0.3221	0.3221	False	0.81	2.26
5	137342759	T	G	FAM13B	Missense_Mutation	35	25	60	0.4166666666666667	2	1	1	1.0288	1	1.0288	1.0	True	0.81	2.26
5	138286877	C	T	SIL1	Missense_Mutation	36	6	42	0.14285714285714285	2	1	1	0.3527	1	0.3527	0.3527	False	0.81	2.26
5	139216778	G	T	PSD2	Missense_Mutation	24	15	39	0.38461538461538464	2	1	1	0.9497	1	0.9497	0.9497	True	0.81	2.26
5	139907464	G	T	ANKHD1	Missense_Mutation	10	8	18	0.4444444444444444	2	1	1	1.0974	1	1.0974	1.0	True	0.81	2.26
5	140175566	A	C	PCDHA2	Missense_Mutation	11	12	23	0.5217391304347826	2	1	1	1.2882	1	1.2882	1.0	True	0.81	2.26
5	140207653	G	A	PCDHA6	5'UTR	30	19	49	0.3877551020408163	2	1	1	0.9574	1	0.9574	0.9574	True	0.81	2.26
5	140564818	T	C	PCDHB16	3'UTR	20	10	30	0.3333333333333333	2	1	1	0.823	1	0.823	0.823	False	0.81	2.26
5	140565341	C	A	PCDHB16	3'UTR	50	17	67	0.2537313432835821	2	1	1	0.6265	1	0.6265	0.6265	False	0.81	2.26
5	140574500	G	A	PCDHB10	Missense_Mutation	17	18	35	0.5142857142857142	2	1	1	1.2698	1	1.2698	1.0	True	0.81	2.26
5	140596971	G	T	PCDHB13	3'UTR	25	16	41	0.3902439024390244	2	1	1	0.9636	1	0.9636	0.9636	True	0.81	2.26
5	140730136	C	T	PCDHGB1	Silent	20	23	43	0.5348837209302325	2	1	1	1.3207	1	1.3207	1.0	True	0.81	2.26
5	140890703	G	T	PCDHGB6	Missense_Mutation	8	6	14	0.42857142857142855	2	1	1	1.0582	1	1.0582	1.0	True	0.81	2.26
5	141023973	C	T	FCHSD1	Missense_Mutation	28	21	49	0.42857142857142855	2	1	1	1.0582	1	1.0582	1.0	True	0.81	2.26
5	142660870	G	T	NR3C1	3'UTR	7	4	11	0.36363636363636365	2	1	1	0.8979	1	0.8979	0.8979	True	0.81	2.26
5	145598618	G	T	RBM27	Nonsense_Mutation	20	18	38	0.47368421052631576	2	1	1	1.1696	1	1.1696	1.0	True	0.81	2.26
5	148875735	G	T	CSNK1A1	3'Flank	14	6	20	0.3	2	1	1	0.7407	1	0.7407	0.7407	False	0.81	2.26
5	149669134	A	G	CAMK2A	Silent	30	16	46	0.34782608695652173	2	1	1	0.8588	1	0.8588	0.8588	True	0.81	2.26
5	149753758	C	A	TCOF1	Missense_Mutation	6	5	11	0.45454545454545453	2	1	1	1.1223	1	1.1223	1.0	True	0.81	2.26
5	149937662	C	T	NDST1	3'UTR	25	10	35	0.2857142857142857	2	1	1	0.7055	1	0.7055	0.7055	False	0.81	2.26
5	150311172	C	A	ZNF300P1	RNA	22	10	32	0.3125	2	1	1	0.7716	1	0.7716	0.7716	False	0.81	2.26
5	150422116	C	A	TNIP1	Missense_Mutation	20	8	28	0.2857142857142857	2	1	1	0.7055	1	0.7055	0.7055	False	0.81	2.26
5	150867827	C	T	SLC36A1	3'UTR	53	8	61	0.13114754098360656	2	1	1	0.3238	1	0.3238	0.3238	False	0.81	2.26
5	150908771	C	A	FAT2	Nonsense_Mutation	23	15	38	0.39473684210526316	2	1	1	0.9747	1	0.9747	0.9747	True	0.81	2.26
5	150922794	C	A	FAT2	Missense_Mutation	26	18	44	0.4090909090909091	2	1	1	1.0101	1	1.0101	1.0	True	0.81	2.26
5	150922929	C	A	FAT2	Missense_Mutation	46	30	76	0.39473684210526316	2	1	1	0.9747	1	0.9747	0.9747	True	0.81	2.26
5	153432559	C	T	MFAP3	Silent	50	6	56	0.10714285714285714	2	1	1	0.2646	1	0.2646	0.2646	False	0.81	2.26
5	153435190	A	T	MFAP3	3'UTR	14	3	17	0.17647058823529413	2	1	1	0.4357	1	0.4357	0.4357	False	0.81	2.26
5	156769189	T	G	FNDC9	3'UTR	27	12	39	0.3076923076923077	2	1	1	0.7597	1	0.7597	0.7597	False	0.81	2.26
5	156816265	C	T	CYFIP2	Silent	41	16	57	0.2807017543859649	2	1	1	0.6931	1	0.6931	0.6931	False	0.81	2.26
5	157236642	C	A	CLINT1	Missense_Mutation	29	4	33	0.12121212121212122	2	1	1	0.2993	1	0.2993	0.2993	False	0.81	2.26
5	159625973	A	C	FABP6	Intron	9	10	19	0.5263157894736842	2	1	1	1.2995	1	1.2995	1.0	True	0.81	2.26
5	160717282	A	C	GABRB2	3'UTR	18	16	34	0.47058823529411764	2	1	1	1.1619	1	1.1619	1.0	True	0.81	2.26
5	161116664	C	A	GABRA6	Silent	27	8	35	0.22857142857142856	2	1	1	0.5644	1	0.5644	0.5644	False	0.81	2.26
5	162910166	A	G	HMMR	Missense_Mutation	21	13	34	0.38235294117647056	2	1	1	0.9441	1	0.9441	0.9441	True	0.81	2.26
5	162943574	G	A	MAT2B	Missense_Mutation	60	14	74	0.1891891891891892	2	1	1	0.4671	1	0.4671	0.4671	False	0.81	2.26
5	167643810	C	T	TENM2	Silent	28	29	57	0.5087719298245614	2	1	1	1.2562	1	1.2562	1.0	True	0.81	2.26
5	167674181	C	A	TENM2	Missense_Mutation	16	7	23	0.30434782608695654	2	1	1	0.7515	1	0.7515	0.7515	False	0.81	2.26
5	169662051	C	A	C5orf58	Missense_Mutation	19	5	24	0.20833333333333334	2	1	1	0.5144	1	0.5144	0.5144	False	0.81	2.26
5	171318487	C	T	FBXW11	Missense_Mutation	6	7	13	0.5384615384615384	2	1	1	1.3295	1	1.3295	1.0	True	0.81	2.26
5	171766016	C	T	SH3PXD2B	Missense_Mutation	56	5	61	0.08196721311475409	2	1	1	0.2024	1	0.2024	0.2024	False	0.81	2.26
5	172396683	T	G	RPL26L1	3'UTR	23	3	26	0.11538461538461539	2	1	1	0.2849	1	0.2849	0.2849	False	0.81	2.26
5	174157642	A	C	MSX2	3'UTR	38	24	62	0.3870967741935484	2	1	1	0.9558	1	0.9558	0.9558	True	0.81	2.26
5	174868489	G	T	DRD1	3'UTR	30	12	42	0.2857142857142857	2	1	1	0.7055	1	0.7055	0.7055	False	0.81	2.26
5	176053501	C	A	SNCB	Missense_Mutation	18	10	28	0.35714285714285715	2	1	1	0.8818	1	0.8818	0.8818	True	0.81	2.26
5	176639020	G	T	NSD1	Missense_Mutation	24	13	37	0.35135135135135137	2	1	1	0.8675	1	0.8675	0.8675	True	0.81	2.26
5	178310994	G	T	ZNF354B	Missense_Mutation	16	8	24	0.3333333333333333	2	1	1	0.823	1	0.823	0.823	False	0.81	2.26
5	178459762	C	A	ZNF879	Missense_Mutation	14	12	26	0.46153846153846156	2	1	1	1.1396	1	1.1396	1.0	True	0.81	2.26
5	179762908	C	T	GFPT2	Missense_Mutation	24	17	41	0.4146341463414634	2	1	1	1.0238	1	1.0238	1.0	True	0.81	2.26
6	1613087	G	T	FOXC1	3'UTR	14	7	21	0.3333333333333333	2	1	1	0.823	1	0.823	0.823	False	0.81	2.26
6	3273458	G	T	SLC22A23	Missense_Mutation	31	35	66	0.5303030303030303	2	1	1	1.3094	1	1.3094	1.0	True	0.81	2.26
6	4085014	G	T	C6orf201	Intron	17	4	21	0.19047619047619047	2	1	1	0.4703	1	0.4703	0.4703	False	0.81	2.26
6	6145784	C	T	F13A1	3'UTR	26	25	51	0.49019607843137253	2	1	1	1.2104	1	1.2104	1.0	True	0.81	2.26
6	7288705	G	T	SSR1	3'UTR	5	3	8	0.375	2	1	1	0.9259	1	0.9259	0.9259	True	0.81	2.26
6	7327102	C	A	CAGE1	Missense_Mutation	27	11	38	0.2894736842105263	2	1	1	0.7147	1	0.7147	0.7147	False	0.81	2.26
6	7882402	G	T	TXNDC5	3'UTR	15	10	25	0.4	2	1	1	0.9877	1	0.9877	0.9877	True	0.81	2.26
6	10397038	G	A	TFAP2A	3'UTR	8	7	15	0.4666666666666667	2	1	1	1.1523	1	1.1523	1.0	True	0.81	2.26
6	10629548	C	T	GCNT2	3'UTR	18	9	27	0.3333333333333333	2	1	1	0.823	1	0.823	0.823	False	0.81	2.26
6	11105164	A	G	ERVFRD-1	Missense_Mutation	24	11	35	0.3142857142857143	2	1	1	0.776	1	0.776	0.776	False	0.81	2.26
6	13321159	C	T	TBC1D7	Missense_Mutation	37	10	47	0.2127659574468085	2	1	1	0.5253	1	0.5253	0.5253	False	0.81	2.26
6	13327111	C	A	TBC1D7	Missense_Mutation	13	15	28	0.5357142857142857	2	1	1	1.3228	1	1.3228	1.0	True	0.81	2.26
6	13978273	C	A	RNF182	3'UTR	11	17	28	0.6071428571428571	2	1	1	1.4991	1	1.4991	1.0	True	0.81	2.26
6	17675873	C	T	NUP153	Missense_Mutation	16	8	24	0.3333333333333333	2	1	1	0.823	1	0.823	0.823	False	0.81	2.26
6	17764558	G	T	KIF13A	Missense_Mutation	39	33	72	0.4583333333333333	2	1	1	1.1317	1	1.1317	1.0	True	0.81	2.26
6	20152890	A	C	MBOAT1	Missense_Mutation	21	8	29	0.27586206896551724	2	1	1	0.6811	1	0.6811	0.6811	False	0.81	2.26
6	20483080	G	T	E2F3	Missense_Mutation	46	9	55	0.16363636363636364	2	1	1	0.404	1	0.404	0.404	False	0.81	2.26
6	24146638	C	A	NRSN1	3'UTR	12	15	27	0.5555555555555556	2	1	1	1.3717	1	1.3717	1.0	True	0.81	2.26
6	24705815	C	T	C6orf62	3'UTR	14	10	24	0.4166666666666667	2	1	1	1.0288	1	1.0288	1.0	True	0.81	2.26
6	24830858	G	A	FAM65B	Silent	17	10	27	0.37037037037037035	2	1	1	0.9145	1	0.9145	0.9145	True	0.81	2.26
6	24850869	C	A	FAM65B	Nonsense_Mutation	23	8	31	0.25806451612903225	2	1	1	0.6372	1	0.6372	0.6372	False	0.81	2.26
6	25110267	C	A	CMAHP	RNA	26	14	40	0.35	2	1	1	0.8642	1	0.8642	0.8642	True	0.81	2.26
6	25495349	G	T	LRRC16A	Nonsense_Mutation	27	3	30	0.1	2	1	1	0.2469	1	0.2469	0.2469	False	0.81	2.26
6	25798979	C	A	SLC17A1	Intron	31	7	38	0.18421052631578946	2	1	1	0.4548	1	0.4548	0.4548	False	0.81	2.26
6	25813137	C	T	SLC17A1	Silent	26	8	34	0.23529411764705882	2	1	1	0.581	1	0.581	0.581	False	0.81	2.26
6	25855376	G	T	SLC17A3	Silent	19	5	24	0.20833333333333334	2	1	1	0.5144	1	0.5144	0.5144	False	0.81	2.26
6	26468602	C	T	BTN2A1	Missense_Mutation	41	22	63	0.3492063492063492	2	1	1	0.8622	1	0.8622	0.8622	True	0.81	2.26
6	27880001	A	G	OR2B2	Missense_Mutation	13	12	25	0.48	2	1	1	1.1852	1	1.1852	1.0	True	0.81	2.26
6	28228142	C	T	NKAPL	Silent	11	5	16	0.3125	2	1	1	0.7716	1	0.7716	0.7716	False	0.81	2.26
6	28253404	G	A	PGBD1	Missense_Mutation	22	13	35	0.37142857142857144	2	1	1	0.9171	1	0.9171	0.9171	True	0.81	2.26
6	28254910	G	A	PGBD1	Missense_Mutation	33	24	57	0.42105263157894735	2	1	1	1.0396	1	1.0396	1.0	True	0.81	2.26
6	28269228	T	G	PGBD1	Missense_Mutation	16	5	21	0.23809523809523808	2	1	1	0.5879	1	0.5879	0.5879	False	0.81	2.26
6	28499659	C	A	GPX5	Missense_Mutation	11	9	20	0.45	2	1	1	1.1111	1	1.1111	1.0	True	0.81	2.26
6	28540060	T	G	SCAND3	Silent	15	9	24	0.375	2	1	1	0.9259	1	0.9259	0.9259	True	0.81	2.26
6	29408588	G	A	OR10C1	Missense_Mutation	24	15	39	0.38461538461538464	2	1	1	0.9497	1	0.9497	0.9497	True	0.81	2.26
6	29431519	C	A	OR2H1	3'UTR	16	11	27	0.4074074074074074	2	1	1	1.0059	1	1.0059	1.0	True	0.81	2.26
6	30680006	C	T	MDC1	Nonsense_Mutation	32	7	39	0.1794871794871795	2	1	1	0.4432	1	0.4432	0.4432	False	0.81	2.26
6	30919983	G	A	DPCR1	Missense_Mutation	13	10	23	0.43478260869565216	2	1	1	1.0735	1	1.0735	1.0	True	0.81	2.26
6	30920113	C	T	DPCR1	Missense_Mutation	11	4	15	0.26666666666666666	2	1	1	0.6584	1	0.6584	0.6584	False	0.81	2.26
6	31512534	C	A	ATP6V1G2	3'UTR	19	7	26	0.2692307692307692	2	1	1	0.6648	1	0.6648	0.6648	False	0.81	2.26
6	31557865	G	A	NCR3	Missense_Mutation	8	5	13	0.38461538461538464	2	1	1	0.9497	1	0.9497	0.9497	True	0.81	2.26
6	31634671	C	T	CSNK2B-LY6G5B-1181	Silent	35	20	55	0.36363636363636365	2	1	1	0.8979	1	0.8979	0.8979	True	0.81	2.26
6	31635673	T	G	CSNK2B-LY6G5B-1181	Missense_Mutation	22	12	34	0.35294117647058826	2	1	1	0.8715	1	0.8715	0.8715	True	0.81	2.26
6	31686811	G	T	LY6G6C	3'UTR	17	4	21	0.19047619047619047	2	1	1	0.4703	1	0.4703	0.4703	False	0.81	2.26
6	31911962	A	C	CFB	Missense_Mutation	38	22	60	0.36666666666666664	2	1	1	0.9053	1	0.9053	0.9053	True	0.81	2.26
6	32364125	C	T	BTNL2	Missense_Mutation	40	14	54	0.25925925925925924	2	1	1	0.6401	1	0.6401	0.6401	False	0.81	2.26
6	33163864	G	A	RXRB	Intron	10	9	19	0.47368421052631576	2	1	1	1.1696	1	1.1696	1.0	True	0.81	2.26
6	34558111	G	T	C6orf106	3'UTR	35	20	55	0.36363636363636365	2	1	1	0.8979	1	0.8979	0.8979	True	0.81	2.26
6	35107951	C	A	TCP11	Intron	11	5	16	0.3125	2	1	1	0.7716	1	0.7716	0.7716	False	0.81	2.26
6	35715059	G	A	ARMC12	Missense_Mutation	31	11	42	0.2619047619047619	2	1	1	0.6467	1	0.6467	0.6467	False	0.81	2.26
6	35763590	C	A	CLPS	Missense_Mutation	24	6	30	0.2	2	1	1	0.4938	1	0.4938	0.4938	False	0.81	2.26
6	36076839	G	T	MAPK14	3'UTR	41	18	59	0.3050847457627119	2	1	1	0.7533	1	0.7533	0.7533	False	0.81	2.26
6	36294453	C	A	C6orf222	Missense_Mutation	54	31	85	0.36470588235294116	2	1	1	0.9005	1	0.9005	0.9005	True	0.81	2.26
6	36355440	G	T	ETV7	5'UTR	10	11	21	0.5238095238095238	2	1	1	1.2934	1	1.2934	1.0	True	0.81	2.26
6	37180401	G	T	TMEM217	3'UTR	31	16	47	0.3404255319148936	2	1	1	0.8406	1	0.8406	0.8406	False	0.81	2.26
6	38976702	G	A	DNAH8	Missense_Mutation	38	14	52	0.2692307692307692	2	1	1	0.6648	1	0.6648	0.6648	False	0.81	2.26
6	43526245	G	T	XPO5	Missense_Mutation	10	8	18	0.4444444444444444	2	1	1	1.0974	1	1.0974	1.0	True	0.81	2.26
6	43638735	C	A	RSPH9	3'UTR	6	5	11	0.45454545454545453	2	1	1	1.1223	1	1.1223	1.0	True	0.81	2.26
6	44198202	G	T	SLC29A1	Missense_Mutation	22	19	41	0.4634146341463415	2	1	1	1.1442	1	1.1442	1.0	True	0.81	2.26
6	44414616	A	C	CDC5L	3'UTR	43	4	47	0.0851063829787234	2	1	1	0.2101	1	0.2101	0.2101	False	0.81	2.26
6	44900431	G	A	SUPT3H	Nonsense_Mutation	8	10	18	0.5555555555555556	2	1	1	1.3717	1	1.3717	1.0	True	0.81	2.26
6	45880405	C	A	CLIC5	Intron	18	5	23	0.21739130434782608	2	1	1	0.5368	1	0.5368	0.5368	False	0.81	2.26
6	46989775	T	G	GPR110	Missense_Mutation	30	17	47	0.3617021276595745	2	1	1	0.8931	1	0.8931	0.8931	True	0.81	2.26
6	47594530	A	C	CD2AP	3'UTR	11	17	28	0.6071428571428571	2	1	1	1.4991	1	1.4991	1.0	True	0.81	2.26
6	47846256	A	C	PTCHD4	Missense_Mutation	8	10	18	0.5555555555555556	2	1	1	1.3717	1	1.3717	1.0	True	0.81	2.26
6	49419303	C	T	MUT	Missense_Mutation	36	23	59	0.3898305084745763	2	1	1	0.9625	1	0.9625	0.9625	True	0.81	2.26
6	49573350	G	A	RHAG	3'UTR	6	3	9	0.3333333333333333	2	1	1	0.823	1	0.823	0.823	False	0.81	2.26
6	52530002	G	A	RP1-152L7.5	RNA	13	7	20	0.35	2	1	1	0.8642	1	0.8642	0.8642	True	0.81	2.26
6	52906072	G	A	ICK	5'UTR	37	28	65	0.4307692307692308	2	1	1	1.0636	1	1.0636	1.0	True	0.81	2.26
6	53363128	G	T	GCLC	3'UTR	12	10	22	0.45454545454545453	2	1	1	1.1223	1	1.1223	1.0	True	0.81	2.26
6	56417556	T	G	DST	Missense_Mutation	16	15	31	0.4838709677419355	2	1	1	1.1947	1	1.1947	1.0	True	0.81	2.26
6	56471434	C	A	DST	Intron	19	14	33	0.42424242424242425	2	1	1	1.0475	1	1.0475	1.0	True	0.81	2.26
6	57498966	G	T	PRIM2	Splice_Site	60	9	69	0.13043478260869565	2	1	1	0.3221	1	0.3221	0.3221	False	0.81	2.26
6	64791769	A	G	EYS	Missense_Mutation	22	11	33	0.3333333333333333	2	1	1	0.823	1	0.823	0.823	False	0.81	2.26
6	65303162	C	T	EYS	Missense_Mutation	30	5	35	0.14285714285714285	2	1	1	0.3527	1	0.3527	0.3527	False	0.81	2.26
6	65612377	G	T	EYS	Missense_Mutation	12	6	18	0.3333333333333333	2	1	1	0.823	1	0.823	0.823	False	0.81	2.26
6	66053965	G	T	EYS	Missense_Mutation	12	8	20	0.4	2	1	1	0.9877	1	0.9877	0.9877	True	0.81	2.26
6	66205050	C	T	EYS	Missense_Mutation	9	8	17	0.47058823529411764	2	1	1	1.1619	1	1.1619	1.0	True	0.81	2.26
6	70071135	G	T	BAI3	Nonsense_Mutation	11	4	15	0.26666666666666666	2	1	1	0.6584	1	0.6584	0.6584	False	0.81	2.26
6	71603840	C	T	B3GAT2	Missense_Mutation	17	9	26	0.34615384615384615	2	1	1	0.8547	1	0.8547	0.8547	True	0.81	2.26
6	73110828	T	G	RIMS1	3'Flank	132	104	236	0.4406779661016949	2	1	1	1.0881	1	1.0881	1.0	True	0.81	2.26
6	74446220	G	T	CD109	Missense_Mutation	20	5	25	0.2	2	1	1	0.4938	1	0.4938	0.4938	False	0.81	2.26
6	75794397	C	T	COL12A1	3'UTR	17	10	27	0.37037037037037035	2	1	1	0.9145	1	0.9145	0.9145	True	0.81	2.26
6	76024597	C	A	FILIP1	Missense_Mutation	49	9	58	0.15517241379310345	2	1	1	0.3831	1	0.3831	0.3831	False	0.81	2.26
6	76576288	G	A	MYO6	Missense_Mutation	20	12	32	0.375	2	1	1	0.9259	1	0.9259	0.9259	True	0.81	2.26
6	76640790	G	A	IMPG1	Missense_Mutation	33	22	55	0.4	2	1	1	0.9877	1	0.9877	0.9877	True	0.81	2.26
6	80411548	C	A	SH3BGRL2	3'UTR	10	4	14	0.2857142857142857	2	1	1	0.7055	1	0.7055	0.7055	False	0.81	2.26
6	80626320	T	G	ELOVL4	3'UTR	15	12	27	0.4444444444444444	2	1	1	1.0974	1	1.0974	1.0	True	0.81	2.26
6	82459225	C	T	FAM46A	3'UTR	5	4	9	0.4444444444444444	2	1	1	1.0974	1	1.0974	1.0	True	0.81	2.26
6	82924051	C	T	IBTK	Silent	26	21	47	0.44680851063829785	2	1	1	1.1032	1	1.1032	1.0	True	0.81	2.26
6	84567196	T	G	RIPPLY2	3'UTR	8	4	12	0.3333333333333333	2	1	1	0.823	1	0.823	0.823	False	0.81	2.26
6	84870575	C	A	KIAA1009	Missense_Mutation	21	13	34	0.38235294117647056	2	1	1	0.9441	1	0.9441	0.9441	True	0.81	2.26
6	86324303	C	T	SYNCRIP	3'UTR	27	12	39	0.3076923076923077	2	1	1	0.7597	1	0.7597	0.7597	False	0.81	2.26
6	87971168	G	T	ZNF292	Missense_Mutation	4	5	9	0.5555555555555556	2	1	1	1.3717	1	1.3717	1.0	True	0.81	2.26
6	89322398	C	A	RNGTT	3'UTR	38	27	65	0.4153846153846154	2	1	1	1.0256	1	1.0256	1.0	True	0.81	2.26
6	89808653	G	A	SRSF12	Nonsense_Mutation	19	14	33	0.42424242424242425	2	1	1	1.0475	1	1.0475	1.0	True	0.81	2.26
6	89814938	G	A	SRSF12	Missense_Mutation	32	6	38	0.15789473684210525	2	1	1	0.3899	1	0.3899	0.3899	False	0.81	2.26
6	90042901	C	A	UBE2J1	Missense_Mutation	16	7	23	0.30434782608695654	2	1	1	0.7515	1	0.7515	0.7515	False	0.81	2.26
6	90377748	G	A	MDN1	Silent	39	5	44	0.11363636363636363	2	1	1	0.2806	1	0.2806	0.2806	False	0.81	2.26
6	90455232	C	A	MDN1	Nonsense_Mutation	20	16	36	0.4444444444444444	2	1	1	1.0974	1	1.0974	1.0	True	0.81	2.26
6	93951969	G	T	EPHA7	3'UTR	9	5	14	0.35714285714285715	2	1	1	0.8818	1	0.8818	0.8818	True	0.81	2.26
6	93952696	A	C	EPHA7	3'UTR	19	16	35	0.45714285714285713	2	1	1	1.1287	1	1.1287	1.0	True	0.81	2.26
6	96651865	G	T	FUT9	Missense_Mutation	6	4	10	0.4	2	1	1	0.9877	1	0.9877	0.9877	True	0.81	2.26
6	96652145	T	G	FUT9	3'UTR	13	19	32	0.59375	2	1	1	1.466	1	1.466	1.0	True	0.81	2.26
6	96657657	C	T	FUT9	3'UTR	4	5	9	0.5555555555555556	2	1	1	1.3717	1	1.3717	1.0	True	0.81	2.26
6	97247582	G	A	GPR63	Missense_Mutation	26	18	44	0.4090909090909091	2	1	1	1.0101	1	1.0101	1.0	True	0.81	2.26
6	99286462	G	T	POU3F2	3'UTR	21	15	36	0.4166666666666667	2	1	1	1.0288	1	1.0288	1.0	True	0.81	2.26
6	99347157	C	T	FBXL4	Missense_Mutation	17	7	24	0.2916666666666667	2	1	1	0.7202	1	0.7202	0.7202	False	0.81	2.26
6	99374572	C	T	FBXL4	Missense_Mutation	37	11	48	0.22916666666666666	2	1	1	0.5658	1	0.5658	0.5658	False	0.81	2.26
6	100896450	C	T	SIM1	Silent	28	17	45	0.37777777777777777	2	1	1	0.9328	1	0.9328	0.9328	True	0.81	2.26
6	100911201	G	T	SIM1	Missense_Mutation	47	21	68	0.3088235294117647	2	1	1	0.7625	1	0.7625	0.7625	False	0.81	2.26
6	101053536	G	A	ASCC3	Silent	28	18	46	0.391304347826087	2	1	1	0.9662	1	0.9662	0.9662	True	0.81	2.26
6	101296350	C	T	ASCC3	Missense_Mutation	7	5	12	0.4166666666666667	2	1	1	1.0288	1	1.0288	1.0	True	0.81	2.26
6	102134141	A	C	GRIK2	Missense_Mutation	20	10	30	0.3333333333333333	2	1	1	0.823	1	0.823	0.823	False	0.81	2.26
6	105529158	T	G	LIN28B	3'UTR	8	11	19	0.5789473684210527	2	1	1	1.4295	1	1.4295	1.0	True	0.81	2.26
6	106555465	C	T	PRDM1	3'UTR	14	13	27	0.48148148148148145	2	1	1	1.1888	1	1.1888	1.0	True	0.81	2.26
6	106557361	C	T	PRDM1	3'UTR	18	10	28	0.35714285714285715	2	1	1	0.8818	1	0.8818	0.8818	True	0.81	2.26
6	106633996	C	A	ATG5	3'UTR	12	7	19	0.3684210526315789	2	1	1	0.9097	1	0.9097	0.9097	True	0.81	2.26
6	108532776	G	T	SNX3	3'UTR	24	6	30	0.2	2	1	1	0.4938	1	0.4938	0.4938	False	0.81	2.26
6	109294665	G	A	ARMC2	Missense_Mutation	10	5	15	0.3333333333333333	2	1	1	0.823	1	0.823	0.823	False	0.81	2.26
6	109767919	C	T	MICAL1	Missense_Mutation	41	27	68	0.39705882352941174	2	1	1	0.9804	1	0.9804	0.9804	True	0.81	2.26
6	109819163	G	T	AK9	Missense_Mutation	15	10	25	0.4	2	1	1	0.9877	1	0.9877	0.9877	True	0.81	2.26
6	110064392	C	A	FIG4	Missense_Mutation	40	21	61	0.3442622950819672	2	1	1	0.85	1	0.85	0.85	True	0.81	2.26
6	110301328	G	A	GPR6	Missense_Mutation	42	18	60	0.3	2	1	1	0.7407	1	0.7407	0.7407	False	0.81	2.26
6	110301726	G	A	GPR6	3'UTR	17	14	31	0.45161290322580644	2	1	1	1.1151	1	1.1151	1.0	True	0.81	2.26
6	110541030	T	G	CDC40	Missense_Mutation	22	20	42	0.47619047619047616	2	1	1	1.1758	1	1.1758	1.0	True	0.81	2.26
6	111694276	G	T	REV3L	Missense_Mutation	37	17	54	0.3148148148148148	2	1	1	0.7773	1	0.7773	0.7773	False	0.81	2.26
6	112385978	G	A	WISP3	Missense_Mutation	59	34	93	0.3655913978494624	2	1	1	0.9027	1	0.9027	0.9027	True	0.81	2.26
6	116440673	G	T	COL10A1	3'UTR	18	8	26	0.3076923076923077	2	1	1	0.7597	1	0.7597	0.7597	False	0.81	2.26
6	116866735	G	T	TRAPPC3L	5'UTR	15	8	23	0.34782608695652173	2	1	1	0.8588	1	0.8588	0.8588	True	0.81	2.26
6	117201759	C	A	RFX6	Missense_Mutation	22	14	36	0.3888888888888889	2	1	1	0.9602	1	0.9602	0.9602	True	0.81	2.26
6	117622241	C	A	ROS1	Missense_Mutation	12	14	26	0.5384615384615384	2	1	1	1.3295	1	1.3295	1.0	True	0.81	2.26
6	118880796	C	A	PLN	3'UTR	21	12	33	0.36363636363636365	2	1	1	0.8979	1	0.8979	0.8979	True	0.81	2.26
6	121770529	G	A	GJA1	3'UTR	16	12	28	0.42857142857142855	2	1	1	1.0582	1	1.0582	1.0	True	0.81	2.26
6	123825030	C	A	TRDN	Missense_Mutation	35	25	60	0.4166666666666667	2	1	1	1.0288	1	1.0288	1.0	True	0.81	2.26
6	125146338	C	A	NKAIN2	3'UTR	18	12	30	0.4	2	1	1	0.9877	1	0.9877	0.9877	True	0.81	2.26
6	126080297	C	A	HEY2	Missense_Mutation	43	15	58	0.25862068965517243	2	1	1	0.6386	1	0.6386	0.6386	False	0.81	2.26
6	126250114	A	C	NCOA7	3'UTR	18	7	25	0.28	2	1	1	0.6914	1	0.6914	0.6914	False	0.81	2.26
6	127648246	T	G	ECHDC1	Missense_Mutation	15	8	23	0.34782608695652173	2	1	1	0.8588	1	0.8588	0.8588	True	0.81	2.26
6	127765277	G	A	KIAA0408	Nonsense_Mutation	14	12	26	0.46153846153846156	2	1	1	1.1396	1	1.1396	1.0	True	0.81	2.26
6	128135068	C	A	THEMIS	Missense_Mutation	6	9	15	0.6	2	1	1	1.4815	1	1.4815	1.0	True	0.81	2.26
6	129833568	C	T	LAMA2	Missense_Mutation	21	13	34	0.38235294117647056	2	1	1	0.9441	1	0.9441	0.9441	True	0.81	2.26
6	130497129	C	A	SAMD3	Missense_Mutation	16	9	25	0.36	2	1	1	0.8889	1	0.8889	0.8889	True	0.81	2.26
6	134350497	C	T	SLC2A12	Missense_Mutation	13	17	30	0.5666666666666667	2	1	1	1.3992	1	1.3992	1.0	True	0.81	2.26
6	134490993	G	T	SGK1	3'UTR	10	3	13	0.23076923076923078	2	1	1	0.5698	1	0.5698	0.5698	False	0.81	2.26
6	137041640	T	C	MAP3K5	Missense_Mutation	41	4	45	0.08888888888888889	2	1	1	0.2195	1	0.2195	0.2195	False	0.81	2.26
6	138196073	G	A	TNFAIP3	Silent	28	14	42	0.3333333333333333	2	1	1	0.823	1	0.823	0.823	False	0.81	2.26
6	139488182	C	T	HECA	Missense_Mutation	21	15	36	0.4166666666666667	2	1	1	1.0288	1	1.0288	1.0	True	0.81	2.26
6	142767105	C	A	GPR126	3'UTR	5	5	10	0.5	2	1	1	1.2346	1	1.2346	1.0	True	0.81	2.26
6	143094352	A	G	HIVEP2	Silent	56	4	60	0.06666666666666667	2	1	1	0.1646	1	0.1646	0.1646	False	0.81	2.26
6	144184235	C	T	LTV1	Nonsense_Mutation	23	12	35	0.34285714285714286	2	1	1	0.8466	1	0.8466	0.8466	False	0.81	2.26
6	144509007	G	T	STX11	3'UTR	72	13	85	0.15294117647058825	2	1	1	0.3776	1	0.3776	0.3776	False	0.81	2.26
6	144758794	G	A	UTRN	Missense_Mutation	30	15	45	0.3333333333333333	2	1	1	0.823	1	0.823	0.823	False	0.81	2.26
6	144783922	A	C	UTRN	Missense_Mutation	33	13	46	0.2826086956521739	2	1	1	0.6978	1	0.6978	0.6978	False	0.81	2.26
6	144800995	G	A	UTRN	Silent	16	9	25	0.36	2	1	1	0.8889	1	0.8889	0.8889	True	0.81	2.26
6	145948405	G	A	EPM2A	3'UTR	13	3	16	0.1875	2	1	1	0.463	1	0.463	0.463	False	0.81	2.26
6	146997574	G	T	ADGB	Missense_Mutation	17	17	34	0.5	2	1	1	1.2346	1	1.2346	1.0	True	0.81	2.26
6	147124767	T	G	ADGB	Intron	21	12	33	0.36363636363636365	2	1	1	0.8979	1	0.8979	0.8979	True	0.81	2.26
6	150001305	G	A	LATS1	Missense_Mutation	16	17	33	0.5151515151515151	2	1	1	1.272	1	1.272	1.0	True	0.81	2.26
6	151161561	G	A	PLEKHG1	Silent	17	8	25	0.32	2	1	1	0.7901	1	0.7901	0.7901	False	0.81	2.26
6	151677124	C	A	AKAP12	3'UTR	17	12	29	0.41379310344827586	2	1	1	1.0217	1	1.0217	1.0	True	0.81	2.26
6	152697632	G	A	SYNE1	Nonsense_Mutation	64	44	108	0.4074074074074074	2	1	1	1.0059	1	1.0059	1.0	True	0.81	2.26
6	152792790	G	T	SYNE1	Missense_Mutation	25	14	39	0.358974358974359	2	1	1	0.8864	1	0.8864	0.8864	True	0.81	2.26
6	153043256	C	A	MYCT1	Silent	32	6	38	0.15789473684210525	2	1	1	0.3899	1	0.3899	0.3899	False	0.81	2.26
6	154440233	G	A	OPRM1	3'Flank	23	16	39	0.41025641025641024	2	1	1	1.013	1	1.013	1.0	True	0.81	2.26
6	158541506	C	A	SERAC1	Nonsense_Mutation	37	6	43	0.13953488372093023	2	1	1	0.3445	1	0.3445	0.3445	False	0.81	2.26
6	160481681	G	A	IGF2R	Missense_Mutation	67	46	113	0.40707964601769914	2	1	1	1.0051	1	1.0051	1.0	True	0.81	2.26
6	160679487	G	A	SLC22A2	Silent	47	23	70	0.32857142857142857	2	1	1	0.8113	1	0.8113	0.8113	False	0.81	2.26
6	161570309	T	G	AGPAT4	Missense_Mutation	13	5	18	0.2777777777777778	2	1	1	0.6859	1	0.6859	0.6859	False	0.81	2.26
6	163510306	G	A	PACRG	Missense_Mutation	27	21	48	0.4375	2	1	1	1.0802	1	1.0802	1.0	True	0.81	2.26
6	163990283	T	G	QKI	Intron	18	11	29	0.3793103448275862	2	1	1	0.9366	1	0.9366	0.9366	True	0.81	2.26
6	165832229	C	T	PDE10A	Missense_Mutation	22	5	27	0.18518518518518517	2	1	1	0.4572	1	0.4572	0.4572	False	0.81	2.26
6	167417770	C	T	FGFR1OP	Nonsense_Mutation	28	11	39	0.28205128205128205	2	1	1	0.6964	1	0.6964	0.6964	False	0.81	2.26
6	168273011	C	T	MLLT4	Nonsense_Mutation	27	12	39	0.3076923076923077	2	1	1	0.7597	1	0.7597	0.7597	False	0.81	2.26
6	168343846	C	T	MLLT4	Missense_Mutation	22	23	45	0.5111111111111111	2	1	1	1.262	1	1.262	1.0	True	0.81	2.26
6	170106150	A	C	C6orf120	3'UTR	20	8	28	0.2857142857142857	2	1	1	0.7055	1	0.7055	0.7055	False	0.81	2.26
6	170876043	G	A	TBP	Missense_Mutation	27	22	49	0.4489795918367347	2	1	1	1.1086	1	1.1086	1.0	True	0.81	2.26
6	170881708	A	C	TBP	3'UTR	15	9	24	0.375	2	1	1	0.9259	1	0.9259	0.9259	True	0.81	2.26
7	1590456	C	T	TMEM184A	Missense_Mutation	30	12	42	0.2857142857142857	2	1	1	0.7055	1	0.7055	0.7055	False	0.81	2.26
7	1855482	G	A	MAD1L1	3'UTR	50	31	81	0.38271604938271603	2	1	1	0.945	1	0.945	0.945	True	0.81	2.26
7	2290517	C	T	NUDT1	Missense_Mutation	31	17	48	0.3541666666666667	2	1	1	0.8745	1	0.8745	0.8745	True	0.81	2.26
7	2567974	C	T	LFNG	3'UTR	54	24	78	0.3076923076923077	2	1	1	0.7597	1	0.7597	0.7597	False	0.81	2.26
7	4811046	G	T	FOXK1	3'UTR	7	3	10	0.3	2	1	1	0.7407	1	0.7407	0.7407	False	0.81	2.26
7	5760694	G	A	RNF216	Silent	45	5	50	0.1	2	1	1	0.2469	1	0.2469	0.2469	False	0.81	2.26
7	6204597	C	T	CYTH3	Missense_Mutation	34	25	59	0.423728813559322	2	1	1	1.0462	1	1.0462	1.0	True	0.81	2.26
7	6226705	C	A	CYTH3	Missense_Mutation	35	36	71	0.5070422535211268	2	1	1	1.252	1	1.252	1.0	True	0.81	2.26
7	6443487	G	T	RAC1	3'Flank	32	16	48	0.3333333333333333	2	1	1	0.823	1	0.823	0.823	False	0.81	2.26
7	6731231	G	A	ZNF12	Missense_Mutation	17	15	32	0.46875	2	1	1	1.1574	1	1.1574	1.0	True	0.81	2.26
7	7283751	A	C	C1GALT1	3'UTR	12	4	16	0.25	2	1	1	0.6173	1	0.6173	0.6173	False	0.81	2.26
7	14758295	T	G	DGKB	Missense_Mutation	31	3	34	0.08823529411764706	2	1	1	0.2179	1	0.2179	0.2179	False	0.81	2.26
7	15430505	T	G	AGMO	Missense_Mutation	37	10	47	0.2127659574468085	2	1	1	0.5253	1	0.5253	0.5253	False	0.81	2.26
7	15651183	T	G	MEOX2	3'UTR	21	16	37	0.43243243243243246	2	1	1	1.0677	1	1.0677	1.0	True	0.81	2.26
7	22533124	A	G	STEAP1B	Missense_Mutation	16	8	24	0.3333333333333333	2	1	1	0.823	1	0.823	0.823	False	0.81	2.26
7	23183571	G	T	KLHL7	Missense_Mutation	17	12	29	0.41379310344827586	2	1	1	1.0217	1	1.0217	1.0	True	0.81	2.26
7	23205472	G	A	KLHL7	Silent	28	11	39	0.28205128205128205	2	1	1	0.6964	1	0.6964	0.6964	False	0.81	2.26
7	23292953	G	T	GPNMB	Missense_Mutation	25	7	32	0.21875	2	1	1	0.5401	1	0.5401	0.5401	False	0.81	2.26
7	24838600	A	G	OSBPL3	3'UTR	13	5	18	0.2777777777777778	2	1	1	0.6859	1	0.6859	0.6859	False	0.81	2.26
7	26236524	A	G	HNRNPA2B1	Silent	22	16	38	0.42105263157894735	2	1	1	1.0396	1	1.0396	1.0	True	0.81	2.26
7	27209131	C	T	RP1-170O19.20	Intron	18	12	30	0.4	2	1	1	0.9877	1	0.9877	0.9877	True	0.81	2.26
7	27213848	C	T	HOXA10	Silent	15	20	35	0.5714285714285714	2	1	1	1.4109	1	1.4109	1.0	True	0.81	2.26
7	27871708	G	A	JAZF1	3'UTR	14	17	31	0.5483870967741935	2	1	1	1.354	1	1.354	1.0	True	0.81	2.26
7	30054380	C	A	FKBP14	Nonsense_Mutation	33	14	47	0.2978723404255319	2	1	1	0.7355	1	0.7355	0.7355	False	0.81	2.26
7	31146156	G	A	ADCYAP1R1	Missense_Mutation	19	12	31	0.3870967741935484	2	1	1	0.9558	1	0.9558	0.9558	True	0.81	2.26
7	31747046	A	C	PPP1R17	3'UTR	7	3	10	0.3	2	1	1	0.7407	1	0.7407	0.7407	False	0.81	2.26
7	36447459	G	T	ANLN	Silent	42	5	47	0.10638297872340426	2	1	1	0.2627	1	0.2627	0.2627	False	0.81	2.26
7	36458864	G	T	ANLN	Nonsense_Mutation	10	3	13	0.23076923076923078	2	1	1	0.5698	1	0.5698	0.5698	False	0.81	2.26
7	36492428	T	G	ANLN	3'UTR	10	4	14	0.2857142857142857	2	1	1	0.7055	1	0.7055	0.7055	False	0.81	2.26
7	36657946	G	A	AOAH	Silent	17	11	28	0.39285714285714285	2	1	1	0.97	1	0.97	0.97	True	0.81	2.26
7	38356809	G	A	TRGV9	Nonsense_Mutation	17	10	27	0.37037037037037035	2	1	1	0.9145	1	0.9145	0.9145	True	0.81	2.26
7	39730117	G	A	RALA	Missense_Mutation	7	7	14	0.5	2	1	1	1.2346	1	1.2346	1.0	True	0.81	2.26
7	39747663	G	A	RALA	3'UTR	29	14	43	0.32558139534883723	2	1	1	0.8039	1	0.8039	0.8039	False	0.81	2.26
7	40172783	A	C	MPLKIP	Missense_Mutation	23	13	36	0.3611111111111111	2	1	1	0.8916	1	0.8916	0.8916	True	0.81	2.26
7	42004153	G	A	GLI3	Silent	26	15	41	0.36585365853658536	2	1	1	0.9033	1	0.9033	0.9033	True	0.81	2.26
7	42949774	G	A	C7orf25	Silent	22	5	27	0.18518518518518517	2	1	1	0.4572	1	0.4572	0.4572	False	0.81	2.26
7	43477705	C	T	HECW1	Missense_Mutation	18	3	21	0.14285714285714285	2	1	1	0.3527	1	0.3527	0.3527	False	0.81	2.26
7	44080447	G	A	DBNL	5'Flank	31	19	50	0.38	2	1	1	0.9383	1	0.9383	0.9383	True	0.81	2.26
7	48134407	G	T	UPP1	Missense_Mutation	43	17	60	0.2833333333333333	2	1	1	0.6996	1	0.6996	0.6996	False	0.81	2.26
7	48285479	T	C	ABCA13	Missense_Mutation	25	22	47	0.46808510638297873	2	1	1	1.1558	1	1.1558	1.0	True	0.81	2.26
7	50436156	T	G	IKZF1	Intron	9	8	17	0.47058823529411764	2	1	1	1.1619	1	1.1619	1.0	True	0.81	2.26
7	55499226	C	A	LANCL2	3'UTR	30	8	38	0.21052631578947367	2	1	1	0.5198	1	0.5198	0.5198	False	0.81	2.26
7	56007478	G	A	ZNF713	Missense_Mutation	25	9	34	0.2647058823529412	2	1	1	0.6536	1	0.6536	0.6536	False	0.81	2.26
7	56078910	G	T	PSPH	3'UTR	13	4	17	0.23529411764705882	2	1	1	0.581	1	0.581	0.581	False	0.81	2.26
7	57188172	C	A	ZNF479	Missense_Mutation	34	15	49	0.30612244897959184	2	1	1	0.7559	1	0.7559	0.7559	False	0.81	2.26
7	62752246	C	A	ZNF733P	RNA	43	16	59	0.2711864406779661	2	1	1	0.6696	1	0.6696	0.6696	False	0.81	2.26
7	63538756	G	T	ZNF727	Missense_Mutation	17	12	29	0.41379310344827586	2	1	1	1.0217	1	1.0217	1.0	True	0.81	2.26
7	63721266	C	A	ZNF679	Missense_Mutation	37	37	74	0.5	2	1	1	1.2346	1	1.2346	1.0	True	0.81	2.26
7	64168734	A	C	ZNF107	Missense_Mutation	21	8	29	0.27586206896551724	2	1	1	0.6811	1	0.6811	0.6811	False	0.81	2.26
7	64168883	C	A	ZNF107	Missense_Mutation	13	6	19	0.3157894736842105	2	1	1	0.7797	1	0.7797	0.7797	False	0.81	2.26
7	64439395	C	A	ZNF117	Missense_Mutation	23	13	36	0.3611111111111111	2	1	1	0.8916	1	0.8916	0.8916	True	0.81	2.26
7	66104793	C	A	KCTD7	3'UTR	16	18	34	0.5294117647058824	2	1	1	1.3072	1	1.3072	1.0	True	0.81	2.26
7	66479452	A	C	TYW1	Silent	37	18	55	0.32727272727272727	2	1	1	0.8081	1	0.8081	0.8081	False	0.81	2.26
7	71743708	G	A	CALN1	Silent	23	8	31	0.25806451612903225	2	1	1	0.6372	1	0.6372	0.6372	False	0.81	2.26
7	72285961	C	A	TYW1B	Nonsense_Mutation	38	10	48	0.20833333333333334	2	1	1	0.5144	1	0.5144	0.5144	False	0.81	2.26
7	73245664	A	G	CLDN4	Missense_Mutation	42	24	66	0.36363636363636365	2	1	1	0.8979	1	0.8979	0.8979	True	0.81	2.26
7	73814831	T	G	CLIP2	Silent	32	25	57	0.43859649122807015	2	1	1	1.083	1	1.083	1.0	True	0.81	2.26
7	81374327	G	T	HGF	Missense_Mutation	18	11	29	0.3793103448275862	2	1	1	0.9366	1	0.9366	0.9366	True	0.81	2.26
7	81594963	G	T	CACNA2D1	Missense_Mutation	5	13	18	0.7222222222222222	2	1	1	1.7833	1	1.7833	1.0	True	0.81	2.26
7	82583938	G	T	PCLO	Missense_Mutation	16	16	32	0.5	2	1	1	1.2346	1	1.2346	1.0	True	0.81	2.26
7	83035376	C	A	SEMA3E	Splice_Site	8	8	16	0.5	2	1	1	1.2346	1	1.2346	1.0	True	0.81	2.26
7	87038670	C	T	ABCB4	Missense_Mutation	19	7	26	0.2692307692307692	2	1	1	0.6648	1	0.6648	0.6648	False	0.81	2.26
7	87459833	T	C	RUNDC3B	3'UTR	8	8	16	0.5	2	1	1	1.2346	1	1.2346	1.0	True	0.81	2.26
7	88966231	C	A	ZNF804B	Missense_Mutation	36	25	61	0.4098360655737705	2	1	1	1.0119	1	1.0119	1.0	True	0.81	2.26
7	89790450	T	C	STEAP1	Missense_Mutation	103	9	112	0.08035714285714286	2	1	1	0.1984	1	0.1984	0.1984	False	0.81	2.26
7	91726979	C	T	AKAP9	Missense_Mutation	25	8	33	0.24242424242424243	2	1	1	0.5986	1	0.5986	0.5986	False	0.81	2.26
7	91729178	G	T	AKAP9	Missense_Mutation	8	6	14	0.42857142857142855	2	1	1	1.0582	1	1.0582	1.0	True	0.81	2.26
7	92130988	C	A	PEX1	Splice_Site	24	7	31	0.22580645161290322	2	1	1	0.5575	1	0.5575	0.5575	False	0.81	2.26
7	92147524	G	A	PEX1	Nonsense_Mutation	27	23	50	0.46	2	1	1	1.1358	1	1.1358	1.0	True	0.81	2.26
7	92733362	G	T	SAMD9	Missense_Mutation	18	20	38	0.5263157894736842	2	1	1	1.2995	1	1.2995	1.0	True	0.81	2.26
7	92763988	C	A	SAMD9L	Missense_Mutation	10	4	14	0.2857142857142857	2	1	1	0.7055	1	0.7055	0.7055	False	0.81	2.26
7	94924660	C	A	PPP1R9A	3'Flank	20	7	27	0.25925925925925924	2	1	1	0.6401	1	0.6401	0.6401	False	0.81	2.26
7	95709718	A	G	DYNC1I1	Missense_Mutation	69	33	102	0.3235294117647059	2	1	1	0.7988	1	0.7988	0.7988	False	0.81	2.26
7	98545846	A	C	TRRAP	Missense_Mutation	28	18	46	0.391304347826087	2	1	1	0.9662	1	0.9662	0.9662	True	0.81	2.26
7	98627888	C	T	SMURF1	3'UTR	8	8	16	0.5	2	1	1	1.2346	1	1.2346	1.0	True	0.81	2.26
7	99015060	G	T	BUD31	Nonsense_Mutation	14	6	20	0.3	2	1	1	0.7407	1	0.7407	0.7407	False	0.81	2.26
7	99145674	G	T	FAM200A	Silent	29	15	44	0.3409090909090909	2	1	1	0.8418	1	0.8418	0.8418	False	0.81	2.26
7	99706125	C	T	TAF6	Silent	18	6	24	0.25	2	1	1	0.6173	1	0.6173	0.6173	False	0.81	2.26
7	99757883	G	T	GAL3ST4	Missense_Mutation	22	4	26	0.15384615384615385	2	1	1	0.3799	1	0.3799	0.3799	False	0.81	2.26
7	99951314	C	T	PILRB	5'UTR	16	13	29	0.4482758620689655	2	1	1	1.1069	1	1.1069	1.0	True	0.81	2.26
7	100281216	G	A	GIGYF1	Missense_Mutation	26	11	37	0.2972972972972973	2	1	1	0.7341	1	0.7341	0.7341	False	0.81	2.26
7	100350018	G	T	ZAN	Nonsense_Mutation	22	17	39	0.4358974358974359	2	1	1	1.0763	1	1.0763	1.0	True	0.81	2.26
7	100454568	G	A	SLC12A9	Missense_Mutation	27	22	49	0.4489795918367347	2	1	1	1.1086	1	1.1086	1.0	True	0.81	2.26
7	100684734	C	A	MUC17	Missense_Mutation	71	31	102	0.30392156862745096	2	1	1	0.7504	1	0.7504	0.7504	False	0.81	2.26
7	100732537	C	T	TRIM56	Silent	50	5	55	0.09090909090909091	2	1	1	0.2245	1	0.2245	0.2245	False	0.81	2.26
7	101917577	C	G	CUX1	Missense_Mutation	13	11	24	0.4583333333333333	2	1	1	1.1317	1	1.1317	1.0	True	0.81	2.26
7	102584686	G	T	LRRC17	Nonsense_Mutation	23	9	32	0.28125	2	1	1	0.6944	1	0.6944	0.6944	False	0.81	2.26
7	102912290	G	T	DPY19L2P2	RNA	36	14	50	0.28	2	1	1	0.6914	1	0.6914	0.6914	False	0.81	2.26
7	106509676	C	T	PIK3CG	Missense_Mutation	8	6	14	0.42857142857142855	2	1	1	1.0582	1	1.0582	1.0	True	0.81	2.26
7	106786828	C	T	PRKAR2B	Silent	23	17	40	0.425	2	1	1	1.0494	1	1.0494	1.0	True	0.81	2.26
7	107338531	A	G	SLC26A4	Missense_Mutation	30	14	44	0.3181818181818182	2	1	1	0.7856	1	0.7856	0.7856	False	0.81	2.26
7	107603407	G	T	LAMB1	Missense_Mutation	20	10	30	0.3333333333333333	2	1	1	0.823	1	0.823	0.823	False	0.81	2.26
7	112112837	G	A	IFRD1	Missense_Mutation	39	15	54	0.2777777777777778	2	1	1	0.6859	1	0.6859	0.6859	False	0.81	2.26
7	116395561	G	A	MET	Silent	29	21	50	0.42	2	1	1	1.037	1	1.037	1.0	True	0.81	2.26
7	119915038	G	T	KCND2	Nonsense_Mutation	12	8	20	0.4	2	1	1	0.9877	1	0.9877	0.9877	True	0.81	2.26
7	120768469	C	A	CPED1	Missense_Mutation	8	9	17	0.5294117647058824	2	1	1	1.3072	1	1.3072	1.0	True	0.81	2.26
7	120936249	T	G	CPED1	3'UTR	9	4	13	0.3076923076923077	2	1	1	0.7597	1	0.7597	0.7597	False	0.81	2.26
7	120989175	C	A	FAM3C	3'UTR	3	11	14	0.7857142857142857	2	1	1	1.94	1	1.94	1.0	True	0.81	2.26
7	121731894	C	A	AASS	Nonsense_Mutation	17	5	22	0.22727272727272727	2	1	1	0.5612	1	0.5612	0.5612	False	0.81	2.26
7	122338063	A	C	RNF133	Missense_Mutation	15	10	25	0.4	2	1	1	0.9877	1	0.9877	0.9877	True	0.81	2.26
7	123595075	G	A	SPAM1	Missense_Mutation	32	21	53	0.39622641509433965	2	1	1	0.9783	1	0.9783	0.9783	True	0.81	2.26
7	127224725	G	T	GCC1	Missense_Mutation	26	25	51	0.49019607843137253	2	1	1	1.2104	1	1.2104	1.0	True	0.81	2.26
7	127669998	C	A	LRRC4	Missense_Mutation	25	5	30	0.16666666666666666	2	1	1	0.4115	1	0.4115	0.4115	False	0.81	2.26
7	127957742	T	G	RBM28	Missense_Mutation	14	7	21	0.3333333333333333	2	1	1	0.823	1	0.823	0.823	False	0.81	2.26
7	127970923	C	A	RBM28	Nonsense_Mutation	9	13	22	0.5909090909090909	2	1	1	1.459	1	1.459	1.0	True	0.81	2.26
7	128371263	G	T	FAM71F1	3'UTR	14	5	19	0.2631578947368421	2	1	1	0.6498	1	0.6498	0.6498	False	0.81	2.26
7	128485100	C	T	FLNC	Missense_Mutation	23	12	35	0.34285714285714286	2	1	1	0.8466	1	0.8466	0.8466	False	0.81	2.26
7	128597314	G	A	TNPO3	Nonsense_Mutation	23	20	43	0.46511627906976744	2	1	1	1.1484	1	1.1484	1.0	True	0.81	2.26
7	128640604	C	T	TNPO3	Missense_Mutation	11	8	19	0.42105263157894735	2	1	1	1.0396	1	1.0396	1.0	True	0.81	2.26
7	129110493	C	A	STRIP2	Silent	57	30	87	0.3448275862068966	2	1	1	0.8514	1	0.8514	0.8514	True	0.81	2.26
7	130041736	C	A	CEP41	Missense_Mutation	19	7	26	0.2692307692307692	2	1	1	0.6648	1	0.6648	0.6648	False	0.81	2.26
7	136701279	C	A	CHRM2	3'UTR	7	4	11	0.36363636363636365	2	1	1	0.8979	1	0.8979	0.8979	True	0.81	2.26
7	139107069	G	A	LUC7L2	Missense_Mutation	34	19	53	0.3584905660377358	2	1	1	0.8852	1	0.8852	0.8852	True	0.81	2.26
7	141773910	A	C	MGAM	Intron	24	9	33	0.2727272727272727	2	1	1	0.6734	1	0.6734	0.6734	False	0.81	2.26
7	141871195	G	T	RP11-1220K2.2	Missense_Mutation	48	18	66	0.2727272727272727	2	1	1	0.6734	1	0.6734	0.6734	False	0.81	2.26
7	142364692	C	A	TRBV24-1	Missense_Mutation	15	11	26	0.4230769230769231	2	1	1	1.0446	1	1.0446	1.0	True	0.81	2.26
7	142423631	T	C	TRBV27	Missense_Mutation	12	9	21	0.42857142857142855	2	1	1	1.0582	1	1.0582	1.0	True	0.81	2.26
7	142574577	C	T	TRPV6	Silent	23	7	30	0.23333333333333334	2	1	1	0.5761	1	0.5761	0.5761	False	0.81	2.26
7	143048875	G	T	CLCN1	Missense_Mutation	23	11	34	0.3235294117647059	2	1	1	0.7988	1	0.7988	0.7988	False	0.81	2.26
7	143454135	G	T	CTAGE6	Missense_Mutation	16	7	23	0.30434782608695654	2	1	1	0.7515	1	0.7515	0.7515	False	0.81	2.26
7	144015545	G	A	OR2A1	Missense_Mutation	77	22	99	0.2222222222222222	2	1	1	0.5487	1	0.5487	0.5487	False	0.81	2.26
7	144098384	G	T	NOBOX	Missense_Mutation	20	16	36	0.4444444444444444	2	1	1	1.0974	1	1.0974	1.0	True	0.81	2.26
7	146471441	C	T	CNTNAP2	Missense_Mutation	18	5	23	0.21739130434782608	2	1	1	0.5368	1	0.5368	0.5368	False	0.81	2.26
7	149412395	C	T	KRBA1	5'UTR	36	23	59	0.3898305084745763	2	1	1	0.9625	1	0.9625	0.9625	True	0.81	2.26
7	149517793	G	A	SSPO	RNA	61	7	68	0.10294117647058823	2	1	1	0.2542	1	0.2542	0.2542	False	0.81	2.26
7	150029594	C	A	ZBED6CL	3'UTR	21	8	29	0.27586206896551724	2	1	1	0.6811	1	0.6811	0.6811	False	0.81	2.26
7	150704202	C	T	NOS3	Silent	26	17	43	0.3953488372093023	2	1	1	0.9762	1	0.9762	0.9762	True	0.81	2.26
7	150939290	G	T	SMARCD3	Missense_Mutation	11	9	20	0.45	2	1	1	1.1111	1	1.1111	1.0	True	0.81	2.26
7	151684285	C	T	GALNTL5	Missense_Mutation	18	9	27	0.3333333333333333	2	1	1	0.823	1	0.823	0.823	False	0.81	2.26
7	154002608	C	T	DPP6	Intron	23	10	33	0.30303030303030304	2	1	1	0.7482	1	0.7482	0.7482	False	0.81	2.26
7	155570723	C	T	RBM33	3'UTR	28	25	53	0.4716981132075472	2	1	1	1.1647	1	1.1647	1.0	True	0.81	2.26
7	156971459	G	T	UBE3C	Missense_Mutation	31	26	57	0.45614035087719296	2	1	1	1.1263	1	1.1263	1.0	True	0.81	2.26
8	327773	C	T	FAM87A	RNA	42	31	73	0.4246575342465753	2	1	1	1.0485	1	1.0485	1.0	True	0.81	2.26
8	442262	A	C	TDRP	Intron	17	21	38	0.5526315789473685	2	1	1	1.3645	1	1.3645	1.0	True	0.81	2.26
8	1645405	C	T	DLGAP2	Silent	36	44	80	0.55	3	2	1	1.908	2	0.954	0.954	True	0.81	2.26
8	1650681	C	A	DLGAP2	3'UTR	27	8	35	0.22857142857142856	3	2	1	0.7929	1	0.7929	0.7929	False	0.81	2.26
8	1952070	C	A	KBTBD11	3'UTR	16	6	22	0.2727272727272727	3	2	1	0.9461	1	0.9461	0.9461	True	0.81	2.26
8	2964159	A	C	CSMD1	Missense_Mutation	36	23	59	0.3898305084745763	3	2	1	1.3524	1	1.3524	1.0	True	0.81	2.26
8	7694038	C	A	DEFB104A	Missense_Mutation	134	26	160	0.1625	3	2	1	0.5637	1	0.5637	0.5637	False	0.81	2.26
8	9639580	C	A	TNKS	3'UTR	7	5	12	0.4166666666666667	3	2	1	1.4455	1	1.4455	1.0	True	0.81	2.26
8	10753808	G	T	XKR6	3'Flank	23	3	26	0.11538461538461539	3	2	1	0.4003	1	0.4003	0.4003	False	0.81	2.26
8	11163880	A	T	MTMR9	Missense_Mutation	18	6	24	0.25	3	2	1	0.8673	1	0.8673	0.8673	True	0.81	2.26
8	11223234	G	T	C8orf12	5'Flank	8	8	16	0.5	3	2	1	1.7346	2	0.8673	0.8673	True	0.81	2.26
8	11282067	C	T	FAM167A	Missense_Mutation	28	25	53	0.4716981132075472	3	2	1	1.6364	2	0.8182	0.8182	False	0.81	2.26
8	12883698	C	A	KIAA1456	3'UTR	30	9	39	0.23076923076923078	3	2	1	0.8006	1	0.8006	0.8006	False	0.81	2.26
8	12884440	C	A	KIAA1456	3'UTR	11	14	25	0.56	3	2	1	1.9427	2	0.9714	0.9714	True	0.81	2.26
8	12947952	T	G	DLC1	Missense_Mutation	8	5	13	0.38461538461538464	3	2	1	1.3343	1	1.3343	1.0	True	0.81	2.26
8	13947670	G	A	SGCZ	3'UTR	6	8	14	0.5714285714285714	3	2	1	1.9824	2	0.9912	0.9912	True	0.81	2.26
8	17087129	T	G	CNOT7	3'UTR	9	3	12	0.25	3	2	1	0.8673	1	0.8673	0.8673	True	0.81	2.26
8	17152815	A	C	VPS37A	3'UTR	7	3	10	0.3	3	2	1	1.0407	1	1.0407	1.0	True	0.81	2.26
8	17415818	C	A	SLC7A2	Missense_Mutation	47	63	110	0.5727272727272728	3	2	1	1.9869	2	0.9934	0.9934	True	0.81	2.26
8	19263383	A	G	CSGALNACT1	Missense_Mutation	26	27	53	0.5094339622641509	3	2	1	1.7673	2	0.8836	0.8836	True	0.81	2.26
8	19277979	G	T	CSGALNACT1	Missense_Mutation	18	13	31	0.41935483870967744	3	2	1	1.4548	1	1.4548	1.0	True	0.81	2.26
8	22874781	C	T	RHOBTB2	Silent	23	22	45	0.4888888888888889	3	2	1	1.696	2	0.848	0.848	False	0.81	2.26
8	23425878	G	T	SLC25A37	Missense_Mutation	18	13	31	0.41935483870967744	3	2	1	1.4548	1	1.4548	1.0	True	0.81	2.26
8	23429564	G	A	SLC25A37	3'UTR	22	16	38	0.42105263157894735	3	2	1	1.4607	1	1.4607	1.0	True	0.81	2.26
8	23539067	C	A	NKX3-1	Missense_Mutation	61	4	65	0.06153846153846154	3	2	1	0.2135	1	0.2135	0.2135	False	0.81	2.26
8	23701294	T	G	STC1	3'UTR	28	14	42	0.3333333333333333	3	2	1	1.1564	1	1.1564	1.0	True	0.81	2.26
8	24212534	A	C	ADAM28	3'UTR	27	37	64	0.578125	3	2	1	2.0056	2	1.0028	1.0	True	0.81	2.26
8	24366161	G	T	ADAM7	3'UTR	26	11	37	0.2972972972972973	3	2	1	1.0314	1	1.0314	1.0	True	0.81	2.26
8	25337577	G	T	CDCA2	Missense_Mutation	30	22	52	0.4230769230769231	3	2	1	1.4677	1	1.4677	1.0	True	0.81	2.26
8	26217724	A	C	PPP2R2A	Missense_Mutation	18	13	31	0.41935483870967744	3	2	1	1.4548	1	1.4548	1.0	True	0.81	2.26
8	26269548	C	A	BNIP3L	3'UTR	17	9	26	0.34615384615384615	3	2	1	1.2009	1	1.2009	1.0	True	0.81	2.26
8	27361202	G	T	EPHX2	Nonsense_Mutation	26	9	35	0.2571428571428571	3	2	1	0.8921	1	0.8921	0.8921	True	0.81	2.26
8	27401289	C	A	EPHX2	Silent	22	31	53	0.5849056603773585	3	2	1	2.0291	2	1.0146	1.0	True	0.81	2.26
8	27657064	C	T	ESCO2	Missense_Mutation	19	27	46	0.5869565217391305	3	2	1	2.0362	2	1.0181	1.0	True	0.81	2.26
8	28200560	G	A	PNOC	3'UTR	7	3	10	0.3	3	2	1	1.0407	1	1.0407	1.0	True	0.81	2.26
8	28360446	C	T	FZD3	5'UTR	37	19	56	0.3392857142857143	3	2	1	1.177	1	1.177	1.0	True	0.81	2.26
8	28748268	T	A	HMBOX1	5'UTR	13	14	27	0.5185185185185185	3	2	1	1.7988	2	0.8994	0.8994	True	0.81	2.26
8	30706568	G	T	TEX15	5'UTR	79	7	86	0.08139534883720931	3	2	1	0.2824	1	0.2824	0.2824	False	0.81	2.26
8	32585555	C	A	NRG1	Missense_Mutation	50	32	82	0.3902439024390244	3	2	1	1.3538	1	1.3538	1.0	True	0.81	2.26
8	32607097	T	G	NRG1	Missense_Mutation	52	6	58	0.10344827586206896	3	2	1	0.3589	1	0.3589	0.3589	False	0.81	2.26
8	37821050	G	T	ADRB3	3'UTR	7	6	13	0.46153846153846156	3	2	1	1.6011	2	0.8006	0.8006	False	0.81	2.26
8	37993238	T	G	ASH2L	Missense_Mutation	14	10	24	0.4166666666666667	3	2	1	1.4455	1	1.4455	1.0	True	0.81	2.26
8	38021304	G	T	LSM1	Missense_Mutation	72	5	77	0.06493506493506493	3	2	1	0.2253	1	0.2253	0.2253	False	0.81	2.26
8	41577249	G	A	ANK1	Missense_Mutation	53	26	79	0.3291139240506329	3	2	1	1.1417	1	1.1417	1.0	True	0.81	2.26
8	42698176	G	T	THAP1	Missense_Mutation	23	21	44	0.4772727272727273	3	2	1	1.6557	2	0.8279	0.8279	False	0.81	2.26
8	42698205	C	A	THAP1	Missense_Mutation	34	10	44	0.22727272727272727	3	2	1	0.7884	1	0.7884	0.7884	False	0.81	2.26
8	42821745	C	T	HOOK3	Silent	12	20	32	0.625	3	2	1	2.1682	2	1.0841	1.0	True	0.81	2.26
8	48749057	C	T	PRKDC	Missense_Mutation	24	12	36	0.3333333333333333	3	2	1	1.1564	1	1.1564	1.0	True	0.81	2.26
8	48793991	C	A	PRKDC	Missense_Mutation	71	6	77	0.07792207792207792	3	2	1	0.2703	1	0.2703	0.2703	False	0.81	2.26
8	49643961	G	A	EFCAB1	Nonsense_Mutation	39	24	63	0.38095238095238093	3	2	1	1.3216	1	1.3216	1.0	True	0.81	2.26
8	52258458	C	A	PXDNL	Missense_Mutation	57	4	61	0.06557377049180328	3	2	1	0.2275	1	0.2275	0.2275	False	0.81	2.26
8	55542666	G	T	RP1	Missense_Mutation	14	17	31	0.5483870967741935	3	2	1	1.9024	2	0.9512	0.9512	True	0.81	2.26
8	56436132	C	T	XKR4	Silent	94	28	122	0.22950819672131148	3	2	1	0.7962	1	0.7962	0.7962	False	0.81	2.26
8	57875811	T	G	IMPAD1	3'UTR	10	5	15	0.3333333333333333	3	2	1	1.1564	1	1.1564	1.0	True	0.81	2.26
8	59061315	T	C	FAM110B	3'UTR	17	18	35	0.5142857142857142	3	2	1	1.7841	2	0.8921	0.8921	True	0.81	2.26
8	59718202	A	C	TOX	3'UTR	44	15	59	0.2542372881355932	3	2	1	0.882	1	0.882	0.882	True	0.81	2.26
8	62602238	C	A	ASPH	Intron	29	11	40	0.275	3	2	1	0.954	1	0.954	0.954	True	0.81	2.26
8	63973903	C	A	TTPA	Nonsense_Mutation	14	18	32	0.5625	3	2	1	1.9514	2	0.9757	0.9757	True	0.81	2.26
8	63976876	C	A	TTPA	Splice_Site	7	4	11	0.36363636363636365	3	2	1	1.2615	1	1.2615	1.0	True	0.81	2.26
8	64124687	A	C	YTHDF3	3'UTR	36	10	46	0.21739130434782608	3	2	1	0.7542	1	0.7542	0.7542	False	0.81	2.26
8	65537053	G	T	CYP7B1	Missense_Mutation	33	11	44	0.25	3	2	1	0.8673	1	0.8673	0.8673	True	0.81	2.26
8	67955513	A	C	COPS5	Silent	26	32	58	0.5517241379310345	3	2	1	1.914	2	0.957	0.957	True	0.81	2.26
8	68396051	G	A	CPA6	Missense_Mutation	35	13	48	0.2708333333333333	3	2	1	0.9396	1	0.9396	0.9396	True	0.81	2.26
8	69351834	G	T	C8orf34	Missense_Mutation	27	26	53	0.49056603773584906	3	2	1	1.7018	2	0.8509	0.8509	True	0.81	2.26
8	70571445	G	A	SULF1	3'UTR	21	4	25	0.16	3	2	1	0.5551	1	0.5551	0.5551	False	0.81	2.26
8	70978588	C	A	PRDM14	Missense_Mutation	24	23	47	0.48936170212765956	3	2	1	1.6977	2	0.8488	0.8488	False	0.81	2.26
8	71039222	G	A	NCOA2	Nonsense_Mutation	32	45	77	0.5844155844155844	3	2	1	2.0274	2	1.0137	1.0	True	0.81	2.26
8	71646249	C	A	XKR9	Missense_Mutation	26	20	46	0.43478260869565216	3	2	1	1.5083	2	0.7542	0.7542	False	0.81	2.26
8	72934976	G	A	TRPA1	3'UTR	6	11	17	0.6470588235294118	3	2	1	2.2447	2	1.1224	1.0	True	0.81	2.26
8	74939066	A	C	LY96	Missense_Mutation	26	7	33	0.21212121212121213	3	2	1	0.7359	1	0.7359	0.7359	False	0.81	2.26
8	75147366	T	C	JPH1	3'UTR	8	5	13	0.38461538461538464	3	2	1	1.3343	1	1.3343	1.0	True	0.81	2.26
8	75737716	C	T	PI15	Missense_Mutation	15	9	24	0.375	3	2	1	1.3009	1	1.3009	1.0	True	0.81	2.26
8	77766279	A	C	ZFHX4	Missense_Mutation	28	3	31	0.0967741935483871	3	2	1	0.3357	1	0.3357	0.3357	False	0.81	2.26
8	77767954	C	T	ZFHX4	Nonsense_Mutation	10	23	33	0.696969696969697	3	2	1	2.4179	2	1.2089	1.0	True	0.81	2.26
8	77779377	C	T	ZFHX4	3'UTR	56	8	64	0.125	3	2	1	0.4336	1	0.4336	0.4336	False	0.81	2.26
8	77895758	C	G	PEX2	Missense_Mutation	13	9	22	0.4090909090909091	3	2	1	1.4192	1	1.4192	1.0	True	0.81	2.26
8	80965577	G	T	TPD52	Missense_Mutation	87	7	94	0.07446808510638298	3	2	1	0.2583	1	0.2583	0.2583	False	0.81	2.26
8	82356793	C	A	PMP2	Missense_Mutation	69	36	105	0.34285714285714286	3	2	1	1.1894	1	1.1894	1.0	True	0.81	2.26
8	86021821	C	A	LRRCC1	Intron	22	4	26	0.15384615384615385	3	2	1	0.5337	1	0.5337	0.5337	False	0.81	2.26
8	87392983	G	T	WWP1	Missense_Mutation	30	25	55	0.45454545454545453	3	2	1	1.5769	2	0.7884	0.7884	False	0.81	2.26
8	87479298	T	G	WWP1	3'UTR	37	9	46	0.1956521739130435	3	2	1	0.6787	1	0.6787	0.6787	False	0.81	2.26
8	87679358	C	T	CNGB3	Missense_Mutation	25	3	28	0.10714285714285714	3	2	1	0.3717	1	0.3717	0.3717	False	0.81	2.26
8	88886206	C	T	DCAF4L2	5'UTR	61	29	90	0.32222222222222224	3	2	1	1.1178	1	1.1178	1.0	True	0.81	2.26
8	89130960	A	G	MMP16	Silent	37	37	74	0.5	3	2	1	1.7346	2	0.8673	0.8673	True	0.81	2.26
8	90993708	G	T	NBN	Missense_Mutation	30	11	41	0.2682926829268293	3	2	1	0.9307	1	0.9307	0.9307	True	0.81	2.26
8	91013718	A	G	DECR1	5'UTR	77	18	95	0.18947368421052632	3	2	1	0.6573	1	0.6573	0.6573	False	0.81	2.26
8	92092920	G	T	OTUD6B	Missense_Mutation	16	5	21	0.23809523809523808	3	2	1	0.826	1	0.826	0.826	False	0.81	2.26
8	97269451	C	A	MTERFD1	Intron	3	5	8	0.625	3	2	1	2.1682	2	1.0841	1.0	True	0.81	2.26
8	97623371	C	T	SDC2	3'UTR	3	9	12	0.75	3	2	1	2.6019	2	1.3009	1.0	True	0.81	2.26
8	97978237	T	G	CPQ	Missense_Mutation	43	11	54	0.2037037037037037	3	2	1	0.7067	1	0.7067	0.7067	False	0.81	2.26
8	98738077	C	A	MTDH	3'UTR	24	19	43	0.4418604651162791	3	2	1	1.5329	2	0.7664	0.7664	False	0.81	2.26
8	99961124	G	A	OSR2	5'UTR	15	8	23	0.34782608695652173	3	2	1	1.2067	1	1.2067	1.0	True	0.81	2.26
8	100128045	G	T	VPS13B	Nonsense_Mutation	27	19	46	0.41304347826086957	3	2	1	1.4329	1	1.4329	1.0	True	0.81	2.26
8	100999695	T	G	RGS22	Missense_Mutation	16	3	19	0.15789473684210525	3	2	1	0.5478	1	0.5478	0.5478	False	0.81	2.26
8	101271192	C	T	RNF19A	Silent	60	40	100	0.4	3	2	1	1.3877	1	1.3877	1.0	True	0.81	2.26
8	102211249	T	G	ZNF706	3'UTR	13	10	23	0.43478260869565216	3	2	1	1.5083	2	0.7542	0.7542	False	0.81	2.26
8	102731631	C	A	NCALD	Missense_Mutation	28	16	44	0.36363636363636365	3	2	1	1.2615	1	1.2615	1.0	True	0.81	2.26
8	105361294	G	A	DCSTAMP	Missense_Mutation	23	20	43	0.46511627906976744	3	2	1	1.6136	2	0.8068	0.8068	False	0.81	2.26
8	105502305	G	A	LRP12	3'UTR	17	13	30	0.43333333333333335	3	2	1	1.5033	2	0.7516	0.7516	False	0.81	2.26
8	105510266	G	A	LRP12	Missense_Mutation	33	17	50	0.34	3	2	1	1.1795	1	1.1795	1.0	True	0.81	2.26
8	108970352	G	T	RSPO2	Missense_Mutation	31	28	59	0.4745762711864407	3	2	1	1.6464	2	0.8232	0.8232	False	0.81	2.26
8	110255316	T	G	NUDCD1	Silent	52	22	74	0.2972972972972973	3	2	1	1.0314	1	1.0314	1.0	True	0.81	2.26
8	110457367	A	C	PKHD1L1	Missense_Mutation	34	13	47	0.2765957446808511	3	2	1	0.9595	1	0.9595	0.9595	True	0.81	2.26
8	110527414	A	C	PKHD1L1	Missense_Mutation	11	28	39	0.717948717948718	3	2	1	2.4907	2	1.2453	1.0	True	0.81	2.26
8	110587773	C	T	SYBU	Missense_Mutation	33	24	57	0.42105263157894735	3	2	1	1.4607	1	1.4607	1.0	True	0.81	2.26
8	113243859	A	T	CSMD3	Silent	10	4	14	0.2857142857142857	3	2	1	0.9912	1	0.9912	0.9912	True	0.81	2.26
8	113293531	C	T	CSMD3	Missense_Mutation	13	19	32	0.59375	3	2	1	2.0598	2	1.0299	1.0	True	0.81	2.26
8	113303880	C	A	CSMD3	Nonsense_Mutation	44	6	50	0.12	3	2	1	0.4163	1	0.4163	0.4163	False	0.81	2.26
8	113308142	G	T	CSMD3	Missense_Mutation	26	30	56	0.5357142857142857	3	2	1	1.8585	2	0.9292	0.9292	True	0.81	2.26
8	116617029	C	A	TRPS1	Missense_Mutation	55	4	59	0.06779661016949153	3	2	1	0.2352	1	0.2352	0.2352	False	0.81	2.26
8	121021279	C	T	DEPTOR	Silent	69	113	182	0.6208791208791209	3	2	1	2.1539	2	1.077	1.0	True	0.81	2.26
8	123986018	C	A	ZHX2	3'UTR	23	11	34	0.3235294117647059	3	2	1	1.1224	1	1.1224	1.0	True	0.81	2.26
8	124138330	T	G	TBC1D31	Silent	34	11	45	0.24444444444444444	3	2	1	0.848	1	0.848	0.848	False	0.81	2.26
8	126448292	A	C	TRIB1	Missense_Mutation	17	14	31	0.45161290322580644	3	2	1	1.5667	2	0.7834	0.7834	False	0.81	2.26
8	130853795	G	A	FAM49B	3'UTR	8	7	15	0.4666666666666667	3	2	1	1.6189	2	0.8095	0.8095	False	0.81	2.26
8	139163990	C	A	FAM135B	Missense_Mutation	20	8	28	0.2857142857142857	3	2	1	0.9912	1	0.9912	0.9912	True	0.81	2.26
8	139164030	A	G	FAM135B	Silent	14	10	24	0.4166666666666667	3	2	1	1.4455	1	1.4455	1.0	True	0.81	2.26
8	144620632	C	T	ZC3H3	Missense_Mutation	35	20	55	0.36363636363636365	3	2	1	1.2615	1	1.2615	1.0	True	0.81	2.26
8	144733554	T	C	ZNF623	Silent	37	9	46	0.1956521739130435	3	2	1	0.6787	1	0.6787	0.6787	False	0.81	2.26
8	144735287	T	C	ZNF623	3'UTR	17	14	31	0.45161290322580644	3	2	1	1.5667	2	0.7834	0.7834	False	0.81	2.26
8	145268103	C	T	MROH1	Intron	6	7	13	0.5384615384615384	2	1	1	1.3295	1	1.3295	1.0	True	0.81	2.26
8	145626363	C	T	CPSF1	Missense_Mutation	17	18	35	0.5142857142857142	2	1	1	1.2698	1	1.2698	1.0	True	0.81	2.26
9	4665087	C	A	PPAPDC2	3'UTR	83	35	118	0.2966101694915254	3	2	1	1.029	1	1.029	1.0	True	0.81	2.26
9	5233653	G	T	INSL4	Splice_Site	19	18	37	0.4864864864864865	3	2	1	1.6877	2	0.8438	0.8438	False	0.81	2.26
9	5300094	C	A	RLN2	3'UTR	14	26	40	0.65	3	2	1	2.2549	2	1.1275	1.0	True	0.81	2.26
9	5798820	C	A	ERMP1	Silent	26	11	37	0.2972972972972973	3	2	1	1.0314	1	1.0314	1.0	True	0.81	2.26
9	5920121	G	T	KIAA2026	Missense_Mutation	36	7	43	0.16279069767441862	3	2	1	0.5647	1	0.5647	0.5647	False	0.81	2.26
9	6014375	G	A	RANBP6	Silent	26	16	42	0.38095238095238093	3	2	1	1.3216	1	1.3216	1.0	True	0.81	2.26
9	13183538	G	T	MPDZ	Missense_Mutation	46	24	70	0.34285714285714286	3	2	1	1.1894	1	1.1894	1.0	True	0.81	2.26
9	13193284	T	C	MPDZ	Missense_Mutation	18	9	27	0.3333333333333333	3	2	1	1.1564	1	1.1564	1.0	True	0.81	2.26
9	14084386	A	G	NFIB	3'Flank	25	31	56	0.5535714285714286	3	2	1	1.9204	2	0.9602	0.9602	True	0.81	2.26
9	14863874	C	T	FREM1	Missense_Mutation	35	7	42	0.16666666666666666	3	2	1	0.5782	1	0.5782	0.5782	False	0.81	2.26
9	16419598	C	T	BNC2	Missense_Mutation	26	14	40	0.35	3	2	1	1.2142	1	1.2142	1.0	True	0.81	2.26
9	17342353	T	C	CNTLN	Silent	35	18	53	0.33962264150943394	3	2	1	1.1782	1	1.1782	1.0	True	0.81	2.26
9	17503806	T	C	CNTLN	3'UTR	17	18	35	0.5142857142857142	3	2	1	1.7841	2	0.8921	0.8921	True	0.81	2.26
9	20874719	G	A	FOCAD	Missense_Mutation	103	6	109	0.05504587155963303	3	2	1	0.191	1	0.191	0.191	False	0.81	2.26
9	21332198	G	A	KLHL9	3'UTR	16	8	24	0.3333333333333333	3	2	1	1.1564	1	1.1564	1.0	True	0.81	2.26
9	21333442	A	C	KLHL9	Missense_Mutation	105	8	113	0.07079646017699115	3	2	1	0.2456	1	0.2456	0.2456	False	0.81	2.26
9	21865794	C	A	MTAP	3'UTR	51	32	83	0.3855421686746988	3	2	1	1.3375	1	1.3375	1.0	True	0.81	2.26
9	21967752	G	T	CDKN2A	3'Flank	8	6	14	0.42857142857142855	3	2	1	1.4868	1	1.4868	1.0	True	0.81	2.26
9	33550440	G	T	ANKRD18B	Nonsense_Mutation	65	9	74	0.12162162162162163	3	2	1	0.4219	1	0.4219	0.4219	False	0.81	2.26
9	33918052	C	T	UBE2R2	3'UTR	15	5	20	0.25	3	2	1	0.8673	1	0.8673	0.8673	True	0.81	2.26
9	33922438	C	T	UBAP2	3'UTR	14	6	20	0.3	3	2	1	1.0407	1	1.0407	1.0	True	0.81	2.26
9	34371882	C	T	KIAA1161	Missense_Mutation	47	17	64	0.265625	3	2	1	0.9215	1	0.9215	0.9215	True	0.81	2.26
9	34490455	G	T	DNAI1	Missense_Mutation	68	7	75	0.09333333333333334	3	2	1	0.3238	1	0.3238	0.3238	False	0.81	2.26
9	34556295	G	T	CNTFR	Missense_Mutation	19	7	26	0.2692307692307692	3	2	1	0.934	1	0.934	0.934	True	0.81	2.26
9	35045824	C	T	C9orf131	Silent	20	11	31	0.3548387096774194	3	2	1	1.231	1	1.231	1.0	True	0.81	2.26
9	36633132	C	A	MELK	Missense_Mutation	16	14	30	0.4666666666666667	3	2	1	1.6189	2	0.8095	0.8095	False	0.81	2.26
9	36671026	G	T	MELK	Missense_Mutation	48	6	54	0.1111111111111111	3	2	1	0.3855	1	0.3855	0.3855	False	0.81	2.26
9	37733778	G	T	FRMPD1	Nonsense_Mutation	28	16	44	0.36363636363636365	3	2	1	1.2615	1	1.2615	1.0	True	0.81	2.26
9	37745755	G	T	FRMPD1	Missense_Mutation	24	18	42	0.42857142857142855	3	2	1	1.4868	1	1.4868	1.0	True	0.81	2.26
9	37777850	A	C	TRMT10B	3'UTR	7	5	12	0.4166666666666667	3	2	1	1.4455	1	1.4455	1.0	True	0.81	2.26
9	39078438	G	A	CNTNAP3	Missense_Mutation	118	139	257	0.5408560311284046	3	2	1	1.8763	2	0.9382	0.9382	True	0.81	2.26
9	40771849	A	C	ZNF658	3'UTR	19	6	25	0.24	3	2	1	0.8326	1	0.8326	0.8326	False	0.81	2.26
9	40772386	C	A	ZNF658	Missense_Mutation	93	33	126	0.2619047619047619	3	2	1	0.9086	1	0.9086	0.9086	True	0.81	2.26
9	40772477	G	A	ZNF658	Missense_Mutation	147	35	182	0.19230769230769232	3	2	1	0.6671	1	0.6671	0.6671	False	0.81	2.26
9	40772733	G	T	ZNF658	Missense_Mutation	113	73	186	0.3924731182795699	3	2	1	1.3615	1	1.3615	1.0	True	0.81	2.26
9	40774669	T	G	ZNF658	Missense_Mutation	100	23	123	0.18699186991869918	3	2	1	0.6487	1	0.6487	0.6487	False	0.81	2.26
9	43625003	T	G	SPATA31A6	Silent	101	12	113	0.10619469026548672	3	2	1	0.3684	1	0.3684	0.3684	False	0.81	2.26
9	65506522	A	G	SPATA31A7	Silent	59	58	117	0.49572649572649574	3	2	1	1.7197	2	0.8599	0.8599	True	0.81	2.26
9	70919872	T	G	FOXD4L3	3'UTR	85	22	107	0.205607476635514	3	2	1	0.7133	1	0.7133	0.7133	False	0.81	2.26
9	70999426	A	T	PGM5	Missense_Mutation	114	11	125	0.088	3	2	1	0.3053	1	0.3053	0.3053	False	0.81	2.26
9	72435772	G	T	C9orf135	5'UTR	18	7	25	0.28	3	2	1	0.9714	1	0.9714	0.9714	True	0.81	2.26
9	73000629	C	T	KLF9	3'UTR	29	5	34	0.14705882352941177	3	2	1	0.5102	1	0.5102	0.5102	False	0.81	2.26
9	73001270	T	G	KLF9	3'UTR	29	33	62	0.532258064516129	3	2	1	1.8465	2	0.9232	0.9232	True	0.81	2.26
9	73001317	C	T	KLF9	3'UTR	25	31	56	0.5535714285714286	3	2	1	1.9204	2	0.9602	0.9602	True	0.81	2.26
9	74315727	G	A	TMEM2	Nonsense_Mutation	16	10	26	0.38461538461538464	3	2	1	1.3343	1	1.3343	1.0	True	0.81	2.26
9	74480190	G	T	ABHD17B	Intron	15	8	23	0.34782608695652173	3	2	1	1.2067	1	1.2067	1.0	True	0.81	2.26
9	77245226	T	G	RORB	Missense_Mutation	22	20	42	0.47619047619047616	3	2	1	1.652	2	0.826	0.826	False	0.81	2.26
9	77411763	A	C	TRPM6	Missense_Mutation	46	16	62	0.25806451612903225	3	2	1	0.8953	1	0.8953	0.8953	True	0.81	2.26
9	77631215	C	A	C9orf41	Nonsense_Mutation	14	11	25	0.44	3	2	1	1.5264	2	0.7632	0.7632	False	0.81	2.26
9	79908403	G	A	VPS13A	Silent	39	15	54	0.2777777777777778	3	2	1	0.9636	1	0.9636	0.9636	True	0.81	2.26
9	80879209	C	A	CEP78	Missense_Mutation	21	27	48	0.5625	3	2	1	1.9514	2	0.9757	0.9757	True	0.81	2.26
9	82321803	G	T	TLE4	Nonsense_Mutation	27	4	31	0.12903225806451613	3	2	1	0.4476	1	0.4476	0.4476	False	0.81	2.26
9	84533076	G	T	SPATA31D5P	RNA	74	9	83	0.10843373493975904	3	2	1	0.3762	1	0.3762	0.3762	False	0.81	2.26
9	84533661	A	C	SPATA31D5P	RNA	16	9	25	0.36	3	2	1	1.2489	1	1.2489	1.0	True	0.81	2.26
9	84562700	T	G	RP11-383M4.6	Intron	11	10	21	0.47619047619047616	3	2	1	1.652	2	0.826	0.826	False	0.81	2.26
9	84608037	C	A	SPATA31D1	Missense_Mutation	29	34	63	0.5396825396825397	3	2	1	1.8722	2	0.9361	0.9361	True	0.81	2.26
9	84608680	G	A	SPATA31D1	Missense_Mutation	20	20	40	0.5	3	2	1	1.7346	2	0.8673	0.8673	True	0.81	2.26
9	86523385	C	A	KIF27	Missense_Mutation	42	6	48	0.125	3	2	1	0.4336	1	0.4336	0.4336	False	0.81	2.26
9	87339147	A	G	NTRK2	Silent	34	14	48	0.2916666666666667	3	2	1	1.0118	1	1.0118	1.0	True	0.81	2.26
9	88633239	C	T	NAA35	Missense_Mutation	38	25	63	0.3968253968253968	3	2	1	1.3766	1	1.3766	1.0	True	0.81	2.26
9	88642492	G	A	GOLM1	3'UTR	7	4	11	0.36363636363636365	3	2	1	1.2615	1	1.2615	1.0	True	0.81	2.26
9	88924911	A	C	ZCCHC6	Missense_Mutation	15	8	23	0.34782608695652173	3	2	1	1.2067	1	1.2067	1.0	True	0.81	2.26
9	91093330	C	T	SPIN1	3'UTR	25	28	53	0.5283018867924528	3	2	1	1.8328	2	0.9164	0.9164	True	0.81	2.26
9	93375576	G	A	DIRAS2	Silent	27	16	43	0.37209302325581395	3	2	1	1.2908	1	1.2908	1.0	True	0.81	2.26
9	94493204	C	T	ROR2	Missense_Mutation	31	25	56	0.44642857142857145	3	2	1	1.5487	2	0.7744	0.7744	False	0.81	2.26
9	96278546	G	A	FAM120A	Silent	37	15	52	0.28846153846153844	3	2	1	1.0007	1	1.0007	1.0	True	0.81	2.26
9	96326825	T	G	FAM120A	3'UTR	21	11	32	0.34375	3	2	1	1.1925	1	1.1925	1.0	True	0.81	2.26
9	96327990	C	A	FAM120A	3'UTR	17	10	27	0.37037037037037035	3	2	1	1.2849	1	1.2849	1.0	True	0.81	2.26
9	96411478	G	A	PHF2	Missense_Mutation	8	17	25	0.68	3	2	1	2.359	2	1.1795	1.0	True	0.81	2.26
9	96859763	C	A	PTPDC1	Missense_Mutation	27	6	33	0.18181818181818182	3	2	1	0.6308	1	0.6308	0.6308	False	0.81	2.26
9	96859815	C	T	PTPDC1	Missense_Mutation	24	4	28	0.14285714285714285	3	2	1	0.4956	1	0.4956	0.4956	False	0.81	2.26
9	98206008	G	T	PTCH1	3'UTR	16	12	28	0.42857142857142855	3	2	1	1.4868	1	1.4868	1.0	True	0.81	2.26
9	99157130	C	T	ZNF367	Silent	16	16	32	0.5	3	2	1	1.7346	2	0.8673	0.8673	True	0.81	2.26
9	99227725	G	A	HABP4	Missense_Mutation	32	12	44	0.2727272727272727	3	2	1	0.9461	1	0.9461	0.9461	True	0.81	2.26
9	99263879	G	A	CDC14B	3'UTR	8	5	13	0.38461538461538464	3	2	1	1.3343	1	1.3343	1.0	True	0.81	2.26
9	99489647	T	G	RP11-535M15.2	3'Flank	7	3	10	0.3	3	2	1	1.0407	1	1.0407	1.0	True	0.81	2.26
9	101980117	G	T	ALG2	3'UTR	20	11	31	0.3548387096774194	3	2	1	1.231	1	1.231	1.0	True	0.81	2.26
9	102625919	G	T	NR4A3	Nonsense_Mutation	10	5	15	0.3333333333333333	3	2	1	1.1564	1	1.1564	1.0	True	0.81	2.26
9	102626171	G	T	NR4A3	3'UTR	23	18	41	0.43902439024390244	3	2	1	1.523	2	0.7615	0.7615	False	0.81	2.26
9	102626862	C	A	NR4A3	3'UTR	15	9	24	0.375	3	2	1	1.3009	1	1.3009	1.0	True	0.81	2.26
9	102627282	G	T	NR4A3	3'UTR	34	4	38	0.10526315789473684	3	2	1	0.3652	1	0.3652	0.3652	False	0.81	2.26
9	103339241	A	C	TMEFF1	3'UTR	17	8	25	0.32	3	2	1	1.1101	1	1.1101	1.0	True	0.81	2.26
9	104170613	G	A	ZNF189	Missense_Mutation	9	14	23	0.6086956521739131	3	2	1	2.1116	2	1.0558	1.0	True	0.81	2.26
9	108120667	G	A	SLC44A1	Missense_Mutation	40	23	63	0.36507936507936506	3	2	1	1.2665	1	1.2665	1.0	True	0.81	2.26
9	111777809	T	C	TMEM245	3'UTR	20	8	28	0.2857142857142857	3	2	1	0.9912	1	0.9912	0.9912	True	0.81	2.26
9	112166758	G	A	PTPN3	Silent	37	15	52	0.28846153846153844	3	2	1	1.0007	1	1.0007	1.0	True	0.81	2.26
9	114462248	C	A	C9orf84	Nonsense_Mutation	33	45	78	0.5769230769230769	3	2	1	2.0014	2	1.0007	1.0	True	0.81	2.26
9	114484766	A	G	C9orf84	Missense_Mutation	56	6	62	0.0967741935483871	3	2	1	0.3357	1	0.3357	0.3357	False	0.81	2.26
9	116080809	T	G	WDR31	Missense_Mutation	57	23	80	0.2875	3	2	1	0.9974	1	0.9974	0.9974	True	0.81	2.26
9	116124663	G	T	BSPRY	Missense_Mutation	45	23	68	0.3382352941176471	3	2	1	1.1734	1	1.1734	1.0	True	0.81	2.26
9	117092737	C	T	ORM2	Silent	42	21	63	0.3333333333333333	3	2	1	1.1564	1	1.1564	1.0	True	0.81	2.26
9	118997908	C	T	PAPPA	Silent	42	6	48	0.125	3	2	1	0.4336	1	0.4336	0.4336	False	0.81	2.26
9	123202170	A	C	CDK5RAP2	Missense_Mutation	18	13	31	0.41935483870967744	3	2	1	1.4548	1	1.4548	1.0	True	0.81	2.26
9	125003642	G	T	RBM18	3'UTR	10	5	15	0.3333333333333333	3	2	1	1.1564	1	1.1564	1.0	True	0.81	2.26
9	125681998	G	T	ZBTB26	Silent	11	4	15	0.26666666666666666	3	2	1	0.9251	1	0.9251	0.9251	True	0.81	2.26
9	127113291	C	T	NEK6	3'UTR	39	26	65	0.4	3	2	1	1.3877	1	1.3877	1.0	True	0.81	2.26
9	127757235	G	A	SCAI	Missense_Mutation	41	15	56	0.26785714285714285	3	2	1	0.9292	1	0.9292	0.9292	True	0.81	2.26
9	128200686	G	T	MAPKAP1	3'UTR	18	5	23	0.21739130434782608	3	2	1	0.7542	1	0.7542	0.7542	False	0.81	2.26
9	129097591	T	C	MVB12B	Intron	30	8	38	0.21052631578947367	3	2	1	0.7303	1	0.7303	0.7303	False	0.81	2.26
9	130026964	C	T	GARNL3	5'UTR	5	4	9	0.4444444444444444	3	2	1	1.5418	2	0.7709	0.7709	False	0.81	2.26
9	130119586	G	A	GARNL3	Missense_Mutation	55	17	72	0.2361111111111111	3	2	1	0.8191	1	0.8191	0.8191	False	0.81	2.26
9	130536296	C	A	SH2D3C	Missense_Mutation	46	38	84	0.4523809523809524	3	2	1	1.5694	2	0.7847	0.7847	False	0.81	2.26
9	131595822	C	T	CCBL1	3'UTR	46	21	67	0.31343283582089554	3	2	1	1.0873	1	1.0873	1.0	True	0.81	2.26
9	134136426	C	T	FAM78A	Missense_Mutation	18	4	22	0.18181818181818182	3	2	1	0.6308	1	0.6308	0.6308	False	0.81	2.26
9	135164011	C	T	SETX	Missense_Mutation	13	12	25	0.48	3	2	1	1.6652	2	0.8326	0.8326	False	0.81	2.26
9	135205090	C	A	SETX	Missense_Mutation	30	11	41	0.2682926829268293	3	2	1	0.9307	1	0.9307	0.9307	True	0.81	2.26
9	136573548	C	T	SARDH	Missense_Mutation	20	21	41	0.5121951219512195	3	2	1	1.7769	2	0.8884	0.8884	True	0.81	2.26
9	137659181	T	C	COL5A1	Missense_Mutation	13	11	24	0.4583333333333333	3	2	1	1.59	2	0.795	0.795	False	0.81	2.26
9	137804393	G	A	FCN1	Silent	53	18	71	0.2535211267605634	3	2	1	0.8795	1	0.8795	0.8795	True	0.81	2.26
9	138376740	C	T	PPP1R26	Silent	14	20	34	0.5882352941176471	3	2	1	2.0407	2	1.0203	1.0	True	0.81	2.26
9	138393689	G	T	MRPS2	Splice_Site	14	19	33	0.5757575757575758	3	2	1	1.9974	2	0.9987	0.9987	True	0.81	2.26
9	139113749	C	A	QSOX2	Silent	54	7	61	0.11475409836065574	3	2	1	0.3981	1	0.3981	0.3981	False	0.81	2.26
9	140437885	G	A	PNPLA7	Missense_Mutation	41	20	61	0.32786885245901637	3	2	1	1.1374	1	1.1374	1.0	True	0.81	2.26
9	141014620	G	A	CACNA1B	Missense_Mutation	15	8	23	0.34782608695652173	2	1	1	0.8588	1	0.8588	0.8588	True	0.81	2.26
10	5009194	T	C	AKR1C1	Missense_Mutation	62	49	111	0.44144144144144143	3	2	2	1.5314	2	0.7657	0.7657	False	0.81	2.26
10	5762519	G	A	FAM208B	5'UTR	13	8	21	0.38095238095238093	3	2	2	1.3216	1	1.3216	1.0	True	0.81	2.26
10	5791761	A	G	FAM208B	Missense_Mutation	19	10	29	0.3448275862068966	3	2	2	1.1963	1	1.1963	1.0	True	0.81	2.26
10	7791313	G	A	ITIH2	3'UTR	10	13	23	0.5652173913043478	3	2	2	1.9608	2	0.9804	0.9804	True	0.81	2.26
10	7797949	G	T	KIN	3'UTR	45	19	64	0.296875	3	2	2	1.0299	1	1.0299	1.0	True	0.81	2.26
10	7844286	G	T	ATP5C1	Nonsense_Mutation	19	9	28	0.32142857142857145	3	2	2	1.1151	1	1.1151	1.0	True	0.81	2.26
10	11378411	C	T	CELF2	3'UTR	59	39	98	0.3979591836734694	3	2	2	1.3806	1	1.3806	1.0	True	0.81	2.26
10	12209704	A	C	NUDT5	Missense_Mutation	21	18	39	0.46153846153846156	3	2	2	1.6011	2	0.8006	0.8006	False	0.81	2.26
10	12867657	C	T	CAMK1D	Missense_Mutation	14	8	22	0.36363636363636365	3	2	2	1.2615	1	1.2615	1.0	True	0.81	2.26
10	12870801	C	A	CAMK1D	Missense_Mutation	17	6	23	0.2608695652173913	3	2	2	0.905	1	0.905	0.905	True	0.81	2.26
10	12870807	C	T	CAMK1D	Missense_Mutation	14	4	18	0.2222222222222222	3	2	2	0.7709	1	0.7709	0.7709	False	0.81	2.26
10	13360466	A	G	SEPHS1	3'UTR	22	23	45	0.5111111111111111	3	2	2	1.7731	2	0.8866	0.8866	True	0.81	2.26
10	13541980	C	A	BEND7	Missense_Mutation	63	33	96	0.34375	3	2	2	1.1925	1	1.1925	1.0	True	0.81	2.26
10	13685890	C	A	FRMD4A	3'UTR	28	21	49	0.42857142857142855	3	2	2	1.4868	1	1.4868	1.0	True	0.81	2.26
10	14941576	C	A	SUV39H2	Missense_Mutation	60	5	65	0.07692307692307693	3	2	2	0.2669	1	0.2669	0.2669	False	0.81	2.26
10	16877129	C	T	CUBN	Missense_Mutation	19	15	34	0.4411764705882353	3	2	2	1.5305	2	0.7653	0.7653	False	0.81	2.26
10	17195405	C	A	TRDMT1	Intron	21	21	42	0.5	3	2	2	1.7346	2	0.8673	0.8673	True	0.81	2.26
10	18823141	G	T	CACNB2	Missense_Mutation	49	33	82	0.4024390243902439	3	2	2	1.3961	1	1.3961	1.0	True	0.81	2.26
10	18966789	T	G	ARL5B	3'UTR	9	9	18	0.5	3	2	2	1.7346	2	0.8673	0.8673	True	0.81	2.26
10	20568946	C	A	PLXDC2	3'UTR	12	9	21	0.42857142857142855	3	2	2	1.4868	1	1.4868	1.0	True	0.81	2.26
10	21807552	G	T	SKIDA1	5'UTR	33	27	60	0.45	3	2	2	1.5611	2	0.7806	0.7806	False	0.81	2.26
10	22830773	G	A	PIP4K2A	Silent	23	24	47	0.5106382978723404	3	2	2	1.7715	2	0.8857	0.8857	True	0.81	2.26
10	23297255	G	A	ARMC3	Missense_Mutation	52	6	58	0.10344827586206896	3	2	2	0.3589	1	0.3589	0.3589	False	0.81	2.26
10	25279412	C	A	ENKUR	Nonsense_Mutation	43	38	81	0.4691358024691358	3	2	2	1.6275	2	0.8137	0.8137	False	0.81	2.26
10	26243929	G	T	MYO3A	Missense_Mutation	50	31	81	0.38271604938271603	3	2	2	1.3277	1	1.3277	1.0	True	0.81	2.26
10	26589840	G	T	GAD2	Missense_Mutation	35	22	57	0.38596491228070173	3	2	2	1.339	1	1.339	1.0	True	0.81	2.26
10	27423765	G	T	YME1L1	Missense_Mutation	39	24	63	0.38095238095238093	3	2	2	1.3216	1	1.3216	1.0	True	0.81	2.26
10	31750133	G	T	ZEB1	Nonsense_Mutation	11	12	23	0.5217391304347826	3	2	2	1.81	2	0.905	0.905	True	0.81	2.26
10	32306230	G	A	KIF5B	Nonsense_Mutation	17	10	27	0.37037037037037035	3	2	2	1.2849	1	1.2849	1.0	True	0.81	2.26
10	35929064	C	T	FZD8	Missense_Mutation	38	32	70	0.45714285714285713	3	2	2	1.5859	2	0.7929	0.7929	False	0.81	2.26
10	37421205	G	T	ANKRD30A	Missense_Mutation	23	22	45	0.4888888888888889	3	2	2	1.696	2	0.848	0.848	False	0.81	2.26
10	38306295	C	T	ZNF33A	Silent	59	27	86	0.313953488372093	3	2	2	1.0891	1	1.0891	1.0	True	0.81	2.26
10	38406951	G	A	ZNF37A	Missense_Mutation	55	41	96	0.4270833333333333	3	2	2	1.4816	1	1.4816	1.0	True	0.81	2.26
10	38651182	G	T	HSD17B7P2	RNA	84	55	139	0.39568345323741005	3	2	2	1.3727	1	1.3727	1.0	True	0.81	2.26
10	42833407	C	A	RP11-313J2.1	RNA	70	43	113	0.3805309734513274	3	2	2	1.3201	1	1.3201	1.0	True	0.81	2.26
10	43015317	G	T	ZNF37BP	RNA	16	7	23	0.30434782608695654	3	2	2	1.0558	1	1.0558	1.0	True	0.81	2.26
10	43615593	C	T	RET	Missense_Mutation	34	30	64	0.46875	3	2	2	1.6262	2	0.8131	0.8131	False	0.81	2.26
10	48371859	G	A	ZNF488	3'UTR	23	23	46	0.5	3	2	2	1.7346	2	0.8673	0.8673	True	0.81	2.26
10	48414450	G	A	GDF2	Missense_Mutation	34	27	61	0.4426229508196721	3	2	2	1.5355	2	0.7678	0.7678	False	0.81	2.26
10	49203540	A	G	FAM25C	Silent	357	26	383	0.06788511749347259	3	2	2	0.2355	1	0.2355	0.2355	False	0.81	2.26
10	49367113	C	T	FRMPD2	Intron	10	15	25	0.6	3	2	2	2.0815	2	1.0407	1.0	True	0.81	2.26
10	49420094	T	G	FRMPD2	Missense_Mutation	34	26	60	0.43333333333333335	3	2	2	1.5033	2	0.7516	0.7516	False	0.81	2.26
10	50004492	C	T	WDFY4	Silent	60	44	104	0.4230769230769231	3	2	2	1.4677	1	1.4677	1.0	True	0.81	2.26
10	50028336	G	A	WDFY4	Missense_Mutation	41	26	67	0.3880597014925373	3	2	2	1.3462	1	1.3462	1.0	True	0.81	2.26
10	50151430	G	T	WDFY4	Missense_Mutation	28	26	54	0.48148148148148145	3	2	2	1.6703	2	0.8352	0.8352	False	0.81	2.26
10	50944205	C	T	OGDHL	Missense_Mutation	19	6	25	0.24	3	2	2	0.8326	1	0.8326	0.8326	False	0.81	2.26
10	51581341	G	A	NCOA4	Missense_Mutation	34	11	45	0.24444444444444444	3	2	2	0.848	1	0.848	0.848	False	0.81	2.26
10	55955577	G	T	PCDH15	Missense_Mutation	15	23	38	0.6052631578947368	3	2	2	2.0997	2	1.0499	1.0	True	0.81	2.26
10	56367670	C	A	PCDH15	Intron	21	13	34	0.38235294117647056	3	2	2	1.3264	1	1.3264	1.0	True	0.81	2.26
10	60548181	C	T	BICC1	Missense_Mutation	25	13	38	0.34210526315789475	3	2	2	1.1868	1	1.1868	1.0	True	0.81	2.26
10	61865765	C	A	ANK3	Nonsense_Mutation	25	28	53	0.5283018867924528	3	2	2	1.8328	2	0.9164	0.9164	True	0.81	2.26
10	63845627	G	T	ARID5B	Nonsense_Mutation	7	4	11	0.36363636363636365	3	2	2	1.2615	1	1.2615	1.0	True	0.81	2.26
10	64425960	T	C	ZNF365	Missense_Mutation	77	13	90	0.14444444444444443	3	2	2	0.5011	1	0.5011	0.5011	False	0.81	2.26
10	64572312	C	T	EGR2	3'UTR	22	14	36	0.3888888888888889	3	2	2	1.3491	1	1.3491	1.0	True	0.81	2.26
10	69909836	A	C	MYPN	Missense_Mutation	34	28	62	0.45161290322580644	3	2	2	1.5667	2	0.7834	0.7834	False	0.81	2.26
10	70105380	T	G	RUFY2	3'UTR	8	6	14	0.42857142857142855	3	2	2	1.4868	1	1.4868	1.0	True	0.81	2.26
10	70453043	C	A	TET1	3'UTR	19	7	26	0.2692307692307692	3	2	2	0.934	1	0.934	0.934	True	0.81	2.26
10	70673159	G	A	DDX50	Missense_Mutation	60	6	66	0.09090909090909091	3	2	2	0.3154	1	0.3154	0.3154	False	0.81	2.26
10	71027285	A	C	HKDC1	3'UTR	43	46	89	0.5168539325842697	3	2	2	1.793	2	0.8965	0.8965	True	0.81	2.26
10	71910624	G	T	SAR1A	3'UTR	11	8	19	0.42105263157894735	3	2	2	1.4607	1	1.4607	1.0	True	0.81	2.26
10	72195389	G	A	NODAL	Missense_Mutation	18	14	32	0.4375	3	2	2	1.5177	2	0.7589	0.7589	False	0.81	2.26
10	73406488	A	C	CDH23	Missense_Mutation	24	11	35	0.3142857142857143	3	2	2	1.0903	1	1.0903	1.0	True	0.81	2.26
10	75038060	G	T	TTC18	Missense_Mutation	57	52	109	0.47706422018348627	3	2	2	1.655	2	0.8275	0.8275	False	0.81	2.26
10	75072367	C	T	TTC18	Missense_Mutation	33	23	56	0.4107142857142857	3	2	2	1.4248	1	1.4248	1.0	True	0.81	2.26
10	75277238	C	T	USP54	Silent	35	21	56	0.375	3	2	2	1.3009	1	1.3009	1.0	True	0.81	2.26
10	76791723	C	A	KAT6B	3'UTR	37	14	51	0.27450980392156865	3	2	2	0.9523	1	0.9523	0.9523	True	0.81	2.26
10	79753042	G	T	POLR3A	Missense_Mutation	30	21	51	0.4117647058823529	3	2	2	1.4285	1	1.4285	1.0	True	0.81	2.26
10	81682853	G	T	MBL1P	RNA	22	16	38	0.42105263157894735	3	2	2	1.4607	1	1.4607	1.0	True	0.81	2.26
10	84711238	T	G	NRG3	Silent	26	27	53	0.5094339622641509	3	2	2	1.7673	2	0.8836	0.8836	True	0.81	2.26
10	86278201	C	A	CCSER2	3'UTR	31	27	58	0.46551724137931033	3	2	2	1.6149	2	0.8075	0.8075	False	0.81	2.26
10	89125993	T	G	NUTM2D	Intron	100	32	132	0.24242424242424243	3	2	2	0.841	1	0.841	0.841	False	0.81	2.26
10	89624245	G	T	PTEN	Nonsense_Mutation	50	34	84	0.40476190476190477	3	2	2	1.4042	1	1.4042	1.0	True	0.81	2.26
10	89720744	G	T	PTEN	Nonsense_Mutation	43	20	63	0.31746031746031744	3	2	2	1.1013	1	1.1013	1.0	True	0.81	2.26
10	89727395	C	T	PTEN	3'UTR	13	24	37	0.6486486486486487	3	2	2	2.2503	2	1.1251	1.0	True	0.81	2.26
10	90774106	C	A	FAS	Missense_Mutation	19	13	32	0.40625	3	2	2	1.4093	1	1.4093	1.0	True	0.81	2.26
10	91468967	G	A	KIF20B	Missense_Mutation	17	10	27	0.37037037037037035	3	2	2	1.2849	1	1.2849	1.0	True	0.81	2.26
10	91497478	G	T	KIF20B	Missense_Mutation	18	7	25	0.28	3	2	2	0.9714	1	0.9714	0.9714	True	0.81	2.26
10	93043854	T	G	PCGF5	3'UTR	68	8	76	0.10526315789473684	3	2	2	0.3652	1	0.3652	0.3652	False	0.81	2.26
10	93274332	A	T	HECTD2	3'UTR	42	24	66	0.36363636363636365	3	2	2	1.2615	1	1.2615	1.0	True	0.81	2.26
10	93740294	A	T	BTAF1	Missense_Mutation	42	34	76	0.4473684210526316	3	2	2	1.552	2	0.776	0.776	False	0.81	2.26
10	93790055	G	T	BTAF1	3'UTR	15	15	30	0.5	3	2	2	1.7346	2	0.8673	0.8673	True	0.81	2.26
10	93809753	C	A	CPEB3	3'UTR	12	17	29	0.5862068965517241	3	2	2	2.0336	2	1.0168	1.0	True	0.81	2.26
10	94113487	C	A	MARCH5	3'UTR	21	18	39	0.46153846153846156	3	2	2	1.6011	2	0.8006	0.8006	False	0.81	2.26
10	96112709	C	A	NOC3L	Missense_Mutation	18	16	34	0.47058823529411764	3	2	2	1.6325	2	0.8163	0.8163	False	0.81	2.26
10	96748929	G	A	CYP2C9	3'UTR	17	7	24	0.2916666666666667	3	2	2	1.0118	1	1.0118	1.0	True	0.81	2.26
10	96827303	C	A	CYP2C8	Missense_Mutation	48	25	73	0.3424657534246575	3	2	2	1.1881	1	1.1881	1.0	True	0.81	2.26
10	96967012	C	T	C10orf129	Missense_Mutation	63	40	103	0.3883495145631068	3	2	2	1.3472	1	1.3472	1.0	True	0.81	2.26
10	97733801	G	T	RP11-248J23.6	Nonsense_Mutation	36	24	60	0.4	3	2	2	1.3877	1	1.3877	1.0	True	0.81	2.26
10	97919393	T	C	ZNF518A	RNA	38	3	41	0.07317073170731707	3	2	2	0.2538	1	0.2538	0.2538	False	0.81	2.26
10	98124583	G	T	TLL2	3'UTR	7	7	14	0.5	3	2	2	1.7346	2	0.8673	0.8673	True	0.81	2.26
10	98388169	C	T	PIK3AP1	Missense_Mutation	31	13	44	0.29545454545454547	3	2	2	1.025	1	1.025	1.0	True	0.81	2.26
10	98808765	C	T	SLIT1	Missense_Mutation	45	43	88	0.48863636363636365	3	2	2	1.6951	2	0.8476	0.8476	False	0.81	2.26
10	99375960	G	A	MORN4	3'UTR	39	22	61	0.36065573770491804	3	2	2	1.2512	1	1.2512	1.0	True	0.81	2.26
10	99426254	G	T	PI4K2A	Missense_Mutation	117	17	134	0.12686567164179105	3	2	2	0.4401	1	0.4401	0.4401	False	0.81	2.26
10	100219420	G	A	HPSE2	Missense_Mutation	12	4	16	0.25	3	2	2	0.8673	1	0.8673	0.8673	True	0.81	2.26
10	101166567	G	A	GOT1	Nonsense_Mutation	42	23	65	0.35384615384615387	3	2	2	1.2275	1	1.2275	1.0	True	0.81	2.26
10	101571341	C	T	ABCC2	Missense_Mutation	9	15	24	0.625	3	2	2	2.1682	2	1.0841	1.0	True	0.81	2.26
10	101605443	C	T	ABCC2	Silent	45	36	81	0.4444444444444444	3	2	2	1.5418	2	0.7709	0.7709	False	0.81	2.26
10	101992915	C	A	CWF19L1	3'UTR	6	4	10	0.4	3	2	2	1.3877	1	1.3877	1.0	True	0.81	2.26
10	102123463	C	A	SCD	3'UTR	10	5	15	0.3333333333333333	3	2	2	1.1564	1	1.1564	1.0	True	0.81	2.26
10	102683754	C	A	FAM178A	Missense_Mutation	17	11	28	0.39285714285714285	3	2	2	1.3629	1	1.3629	1.0	True	0.81	2.26
10	102897489	T	G	TLX1	3'UTR	26	5	31	0.16129032258064516	3	2	2	0.5595	1	0.5595	0.5595	False	0.81	2.26
10	104113405	G	T	GBF1	Missense_Mutation	38	20	58	0.3448275862068966	3	2	2	1.1963	1	1.1963	1.0	True	0.81	2.26
10	104174841	G	A	PSD	Silent	84	5	89	0.056179775280898875	3	2	2	0.1949	1	0.1949	0.1949	False	0.81	2.26
10	104435930	G	T	ARL3	3'UTR	14	4	18	0.2222222222222222	3	2	2	0.7709	1	0.7709	0.7709	False	0.81	2.26
10	105006796	C	T	RPEL1	3'UTR	54	14	68	0.20588235294117646	3	2	2	0.7142	1	0.7142	0.7142	False	0.81	2.26
10	105007123	A	C	RPEL1	3'UTR	14	12	26	0.46153846153846156	3	2	2	1.6011	2	0.8006	0.8006	False	0.81	2.26
10	105049389	C	A	INA	3'UTR	10	8	18	0.4444444444444444	3	2	2	1.5418	2	0.7709	0.7709	False	0.81	2.26
10	105356777	C	T	SH3PXD2A	3'UTR	15	11	26	0.4230769230769231	3	2	2	1.4677	1	1.4677	1.0	True	0.81	2.26
10	105762746	G	T	SLK	Nonsense_Mutation	20	25	45	0.5555555555555556	3	2	2	1.9273	2	0.9636	0.9636	True	0.81	2.26
10	105882977	A	C	SFR1	Intron	8	6	14	0.42857142857142855	3	2	2	1.4868	1	1.4868	1.0	True	0.81	2.26
10	105889732	T	G	WDR96	3'UTR	3	5	8	0.625	3	2	2	2.1682	2	1.0841	1.0	True	0.81	2.26
10	108333835	A	C	SORCS1	3'Flank	6	6	12	0.5	3	2	2	1.7346	2	0.8673	0.8673	True	0.81	2.26
10	112361580	C	T	SMC3	Nonsense_Mutation	14	11	25	0.44	3	2	2	1.5264	2	0.7632	0.7632	False	0.81	2.26
10	112579931	G	T	RBM20	Missense_Mutation	34	29	63	0.4603174603174603	3	2	2	1.5969	2	0.7985	0.7985	False	0.81	2.26
10	112724815	A	C	SHOC2	Missense_Mutation	39	17	56	0.30357142857142855	3	2	2	1.0531	1	1.0531	1.0	True	0.81	2.26
10	115345655	C	A	HABP2	Silent	35	20	55	0.36363636363636365	3	2	2	1.2615	1	1.2615	1.0	True	0.81	2.26
10	115610367	G	T	DCLRE1A	Missense_Mutation	6	3	9	0.3333333333333333	3	2	2	1.1564	1	1.1564	1.0	True	0.81	2.26
10	115639384	C	A	NHLRC2	Missense_Mutation	48	33	81	0.4074074074074074	3	2	2	1.4134	1	1.4134	1.0	True	0.81	2.26
10	115922336	T	G	C10orf118	Intron	31	11	42	0.2619047619047619	3	2	2	0.9086	1	0.9086	0.9086	True	0.81	2.26
10	115922587	C	A	C10orf118	Missense_Mutation	36	41	77	0.5324675324675324	3	2	2	1.8472	2	0.9236	0.9236	True	0.81	2.26
10	115987911	C	T	TDRD1	Intron	21	9	30	0.3	3	2	2	1.0407	1	1.0407	1.0	True	0.81	2.26
10	118889111	C	T	VAX1	3'Flank	6	6	12	0.5	3	2	2	1.7346	2	0.8673	0.8673	True	0.81	2.26
10	119027222	G	A	SLC18A2	Silent	47	38	85	0.4470588235294118	3	2	2	1.5509	2	0.7755	0.7755	False	0.81	2.26
10	121340134	G	A	TIAL1	Intron	33	13	46	0.2826086956521739	3	2	2	0.9804	1	0.9804	0.9804	True	0.81	2.26
10	123845824	C	A	TACC2	Missense_Mutation	22	17	39	0.4358974358974359	3	2	2	1.5122	2	0.7561	0.7561	False	0.81	2.26
10	123848206	G	A	TACC2	Intron	12	11	23	0.4782608695652174	3	2	2	1.6592	2	0.8296	0.8296	False	0.81	2.26
10	124013829	C	A	TACC2	3'UTR	20	4	24	0.16666666666666666	3	2	2	0.5782	1	0.5782	0.5782	False	0.81	2.26
10	125426541	C	T	GPR26	Silent	17	15	32	0.46875	3	2	2	1.6262	2	0.8131	0.8131	False	0.81	2.26
10	125769506	G	A	CHST15	3'UTR	11	3	14	0.21428571428571427	3	2	2	0.7434	1	0.7434	0.7434	False	0.81	2.26
10	125805593	G	A	CHST15	Missense_Mutation	48	30	78	0.38461538461538464	3	2	2	1.3343	1	1.3343	1.0	True	0.81	2.26
10	126308235	A	C	FAM53B	3'UTR	42	33	75	0.44	3	2	2	1.5264	2	0.7632	0.7632	False	0.81	2.26
10	127512217	G	T	BCCIP	Nonsense_Mutation	29	28	57	0.49122807017543857	3	2	2	1.7041	2	0.8521	0.8521	True	0.81	2.26
10	129691068	C	A	CLRN3	5'UTR	35	5	40	0.125	3	2	2	0.4336	1	0.4336	0.4336	False	0.81	2.26
10	129900977	C	T	MKI67	Missense_Mutation	61	50	111	0.45045045045045046	3	2	2	1.5627	2	0.7813	0.7813	False	0.81	2.26
10	129904358	C	A	MKI67	Missense_Mutation	101	64	165	0.3878787878787879	3	2	2	1.3456	1	1.3456	1.0	True	0.81	2.26
10	129905984	C	T	MKI67	Missense_Mutation	53	34	87	0.39080459770114945	3	2	2	1.3558	1	1.3558	1.0	True	0.81	2.26
10	135027549	C	A	KNDC1	Missense_Mutation	46	28	74	0.3783783783783784	3	2	2	1.3126	1	1.3126	1.0	True	0.81	2.26
10	135125561	G	A	ZNF511	Intron	15	8	23	0.34782608695652173	3	2	2	1.2067	1	1.2067	1.0	True	0.81	2.26
10	135184238	C	T	ECHS1	Missense_Mutation	68	40	108	0.37037037037037035	3	2	2	1.2849	1	1.2849	1.0	True	0.81	2.26
11	2904922	C	A	CDKN1C	3'UTR	29	12	41	0.2926829268292683	2	1	1	0.7227	1	0.7227	0.7227	False	0.81	2.26
11	3661464	C	T	ART5	Silent	34	3	37	0.08108108108108109	2	1	1	0.2002	1	0.2002	0.2002	False	0.81	2.26
11	3838696	C	T	PGAP2	Silent	44	5	49	0.10204081632653061	2	1	1	0.252	1	0.252	0.252	False	0.81	2.26
11	4945188	C	T	OR51G1	Missense_Mutation	19	5	24	0.20833333333333334	2	1	1	0.5144	1	0.5144	0.5144	False	0.81	2.26
11	5080573	G	T	OR52E2	Silent	19	19	38	0.5	2	1	1	1.2346	1	1.2346	1.0	True	0.81	2.26
11	5323090	G	T	OR51B4	Missense_Mutation	12	6	18	0.3333333333333333	2	1	1	0.823	1	0.823	0.823	False	0.81	2.26
11	5345546	G	T	OR51B2	5'UTR	5	6	11	0.5454545454545454	2	1	1	1.3468	1	1.3468	1.0	True	0.81	2.26
11	5686873	G	T	TRIM5	Intron	5	4	9	0.4444444444444444	2	1	1	1.0974	1	1.0974	1.0	True	0.81	2.26
11	5809116	G	T	OR52N1	Missense_Mutation	18	10	28	0.35714285714285715	2	1	1	0.8818	1	0.8818	0.8818	True	0.81	2.26
11	6048243	G	A	OR56A1	Missense_Mutation	25	6	31	0.1935483870967742	2	1	1	0.4779	1	0.4779	0.4779	False	0.81	2.26
11	6567170	A	G	DNHD1	Silent	34	21	55	0.38181818181818183	2	1	1	0.9428	1	0.9428	0.9428	True	0.81	2.26
11	6622547	C	T	RRP8	Missense_Mutation	18	14	32	0.4375	2	1	1	1.0802	1	1.0802	1.0	True	0.81	2.26
11	6739408	G	T	GVINP1	RNA	22	13	35	0.37142857142857144	2	1	1	0.9171	1	0.9171	0.9171	True	0.81	2.26
11	6964428	C	A	ZNF215	Missense_Mutation	25	19	44	0.4318181818181818	2	1	1	1.0662	1	1.0662	1.0	True	0.81	2.26
11	7083676	G	T	NLRP14	Nonsense_Mutation	21	18	39	0.46153846153846156	2	1	1	1.1396	1	1.1396	1.0	True	0.81	2.26
11	8083621	C	A	TUB	Intron	33	10	43	0.23255813953488372	2	1	1	0.5742	1	0.5742	0.5742	False	0.81	2.26
11	8642798	G	T	TRIM66	Missense_Mutation	21	18	39	0.46153846153846156	2	1	1	1.1396	1	1.1396	1.0	True	0.81	2.26
11	9168670	G	A	DENND5A	Missense_Mutation	22	10	32	0.3125	2	1	1	0.7716	1	0.7716	0.7716	False	0.81	2.26
11	9321152	T	G	TMEM41B	Missense_Mutation	22	22	44	0.5	2	1	1	1.2346	1	1.2346	1.0	True	0.81	2.26
11	9459826	G	T	IPO7	Nonsense_Mutation	15	4	19	0.21052631578947367	2	1	1	0.5198	1	0.5198	0.5198	False	0.81	2.26
11	9754150	G	T	SWAP70	Nonsense_Mutation	16	6	22	0.2727272727272727	2	1	1	0.6734	1	0.6734	0.6734	False	0.81	2.26
11	10874806	A	C	ZBED5	Missense_Mutation	11	10	21	0.47619047619047616	2	1	1	1.1758	1	1.1758	1.0	True	0.81	2.26
11	13391207	G	A	ARNTL	Missense_Mutation	29	12	41	0.2926829268292683	2	1	1	0.7227	1	0.7227	0.7227	False	0.81	2.26
11	14480092	G	T	COPB1	Missense_Mutation	34	16	50	0.32	2	1	1	0.7901	1	0.7901	0.7901	False	0.81	2.26
11	14810662	G	T	PDE3B	Missense_Mutation	19	9	28	0.32142857142857145	2	1	1	0.7937	1	0.7937	0.7937	False	0.81	2.26
11	18194774	C	A	MRGPRX4	5'UTR	49	30	79	0.379746835443038	2	1	1	0.9376	1	0.9376	0.9376	True	0.81	2.26
11	18232032	T	G	RP11-113D6.10	3'UTR	31	14	45	0.3111111111111111	2	1	1	0.7682	1	0.7682	0.7682	False	0.81	2.26
11	18500395	T	C	LDHAL6A	Missense_Mutation	12	10	22	0.45454545454545453	2	1	1	1.1223	1	1.1223	1.0	True	0.81	2.26
11	18628950	C	A	SPTY2D1	3'UTR	11	6	17	0.35294117647058826	2	1	1	0.8715	1	0.8715	0.8715	True	0.81	2.26
11	19076984	C	T	MRGPRX2	Silent	18	13	31	0.41935483870967744	2	1	1	1.0354	1	1.0354	1.0	True	0.81	2.26
11	19173729	A	C	ZDHHC13	Missense_Mutation	30	13	43	0.3023255813953488	2	1	1	0.7465	1	0.7465	0.7465	False	0.81	2.26
11	19970401	G	A	NAV2	Missense_Mutation	12	5	17	0.29411764705882354	2	1	1	0.7262	1	0.7262	0.7262	False	0.81	2.26
11	20413789	A	C	PRMT3	Missense_Mutation	33	17	50	0.34	2	1	1	0.8395	1	0.8395	0.8395	False	0.81	2.26
11	20959395	G	A	NELL1	Missense_Mutation	15	15	30	0.5	2	1	1	1.2346	1	1.2346	1.0	True	0.81	2.26
11	22399767	G	T	SLC17A6	3'UTR	10	6	16	0.375	2	1	1	0.9259	1	0.9259	0.9259	True	0.81	2.26
11	22400149	T	G	SLC17A6	3'UTR	16	6	22	0.2727272727272727	2	1	1	0.6734	1	0.6734	0.6734	False	0.81	2.26
11	27018430	C	T	FIBIN	3'UTR	32	25	57	0.43859649122807015	2	1	1	1.083	1	1.083	1.0	True	0.81	2.26
11	28042744	G	T	KIF18A	3'UTR	21	5	26	0.19230769230769232	2	1	1	0.4748	1	0.4748	0.4748	False	0.81	2.26
11	31452402	C	A	DNAJC24	3'UTR	15	7	22	0.3181818181818182	2	1	1	0.7856	1	0.7856	0.7856	False	0.81	2.26
11	33370746	G	A	HIPK3	Missense_Mutation	34	19	53	0.3584905660377358	2	1	1	0.8852	1	0.8852	0.8852	True	0.81	2.26
11	33777463	C	T	FBXO3	Missense_Mutation	14	8	22	0.36363636363636365	2	1	1	0.8979	1	0.8979	0.8979	True	0.81	2.26
11	33790443	C	A	FBXO3	Missense_Mutation	35	19	54	0.35185185185185186	2	1	1	0.8688	1	0.8688	0.8688	True	0.81	2.26
11	35275235	C	A	SLC1A2	3'UTR	10	10	20	0.5	2	1	1	1.2346	1	1.2346	1.0	True	0.81	2.26
11	46878437	T	G	LRP4	3'UTR	15	7	22	0.3181818181818182	2	1	1	0.7856	1	0.7856	0.7856	False	0.81	2.26
11	46900699	G	T	LRP4	Silent	30	19	49	0.3877551020408163	2	1	1	0.9574	1	0.9574	0.9574	True	0.81	2.26
11	48186036	G	A	PTPRJ	Missense_Mutation	29	16	45	0.35555555555555557	2	1	1	0.8779	1	0.8779	0.8779	True	0.81	2.26
11	48188980	G	A	PTPRJ	3'UTR	7	11	18	0.6111111111111112	2	1	1	1.5089	1	1.5089	1.0	True	0.81	2.26
11	48238551	C	T	OR4B1	Silent	47	38	85	0.4470588235294118	2	1	1	1.1038	1	1.1038	1.0	True	0.81	2.26
11	49175480	C	A	FOLH1	Splice_Site	28	9	37	0.24324324324324326	2	1	1	0.6006	1	0.6006	0.6006	False	0.81	2.26
11	49831529	G	T	RP11-707M1.1	RNA	89	34	123	0.2764227642276423	2	1	1	0.6825	1	0.6825	0.6825	False	0.81	2.26
11	49974238	G	T	OR4C13	Missense_Mutation	48	33	81	0.4074074074074074	2	1	1	1.0059	1	1.0059	1.0	True	0.81	2.26
11	55322437	C	A	OR4C15	Missense_Mutation	26	16	42	0.38095238095238093	2	1	1	0.9406	1	0.9406	0.9406	True	0.81	2.26
11	55340329	C	A	OR4C16	Silent	37	22	59	0.3728813559322034	2	1	1	0.9207	1	0.9207	0.9207	True	0.81	2.26
11	56409763	C	A	OR5AP2	Missense_Mutation	6	6	12	0.5	2	1	1	1.2346	1	1.2346	1.0	True	0.81	2.26
11	56587067	T	G	OR5G5P	RNA	31	10	41	0.24390243902439024	2	1	1	0.6022	1	0.6022	0.6022	False	0.81	2.26
11	57099165	C	A	SSRP1	Missense_Mutation	15	17	32	0.53125	2	1	1	1.3117	1	1.3117	1.0	True	0.81	2.26
11	57182167	G	A	SLC43A3	Silent	23	15	38	0.39473684210526316	2	1	1	0.9747	1	0.9747	0.9747	True	0.81	2.26
11	57885972	C	A	OR9I1	Nonstop_Mutation	31	6	37	0.16216216216216217	2	1	1	0.4004	1	0.4004	0.4004	False	0.81	2.26
11	58916408	C	T	FAM111A	Silent	21	11	32	0.34375	2	1	1	0.8488	1	0.8488	0.8488	False	0.81	2.26
11	59405021	G	T	PATL1	3'UTR	14	4	18	0.2222222222222222	2	1	1	0.5487	1	0.5487	0.5487	False	0.81	2.26
11	59712651	G	T	OOSP1	Nonsense_Mutation	16	7	23	0.30434782608695654	2	1	1	0.7515	1	0.7515	0.7515	False	0.81	2.26
11	60540940	T	G	MS4A15	Missense_Mutation	32	6	38	0.15789473684210525	2	1	1	0.3899	1	0.3899	0.3899	False	0.81	2.26
11	60638482	A	C	ZP1	Missense_Mutation	27	16	43	0.37209302325581395	2	1	1	0.9187	1	0.9187	0.9187	True	0.81	2.26
11	61079489	G	A	DDB1	Missense_Mutation	45	30	75	0.4	2	1	1	0.9877	1	0.9877	0.9877	True	0.81	2.26
11	62563785	C	A	NXF1	Missense_Mutation	28	17	45	0.37777777777777777	2	1	1	0.9328	1	0.9328	0.9328	True	0.81	2.26
11	63978787	C	A	FERMT3	Missense_Mutation	6	3	9	0.3333333333333333	2	1	1	0.823	1	0.823	0.823	False	0.81	2.26
11	64026168	C	A	PLCB3	Missense_Mutation	26	19	45	0.4222222222222222	2	1	1	1.0425	1	1.0425	1.0	True	0.81	2.26
11	64557095	C	A	MAP4K2	Missense_Mutation	17	14	31	0.45161290322580644	2	1	1	1.1151	1	1.1151	1.0	True	0.81	2.26
11	64937730	C	T	SPDYC	Silent	47	6	53	0.11320754716981132	2	1	1	0.2795	1	0.2795	0.2795	False	0.81	2.26
11	65269445	A	G	MALAT1	RNA	20	11	31	0.3548387096774194	2	1	1	0.8761	1	0.8761	0.8761	True	0.81	2.26
11	65346877	G	T	EHBP1L1	Missense_Mutation	22	15	37	0.40540540540540543	2	1	1	1.001	1	1.001	1.0	True	0.81	2.26
11	65545808	C	T	AP5B1	Missense_Mutation	24	10	34	0.29411764705882354	2	1	1	0.7262	1	0.7262	0.7262	False	0.81	2.26
11	65659736	A	C	FOSL1	3'UTR	11	9	20	0.45	2	1	1	1.1111	1	1.1111	1.0	True	0.81	2.26
11	65823020	G	A	SF3B2	Silent	33	14	47	0.2978723404255319	2	1	1	0.7355	1	0.7355	0.7355	False	0.81	2.26
11	67024456	G	T	KDM2A	3'UTR	13	10	23	0.43478260869565216	2	1	1	1.0735	1	1.0735	1.0	True	0.81	2.26
11	67132516	C	A	CLCF1	3'UTR	25	16	41	0.3902439024390244	2	1	1	0.9636	1	0.9636	0.9636	True	0.81	2.26
11	67165543	C	T	RAD9A	3'UTR	12	12	24	0.5	2	1	1	1.2346	1	1.2346	1.0	True	0.81	2.26
11	67656322	A	C	RP11-119D9.1	RNA	23	16	39	0.41025641025641024	2	1	1	1.013	1	1.013	1.0	True	0.81	2.26
11	71260400	C	T	KRTAP5-9	3'UTR	18	12	30	0.4	2	1	1	0.9877	1	0.9877	0.9877	True	0.81	2.26
11	71707565	G	T	RNF121	3'UTR	11	6	17	0.35294117647058826	2	1	1	0.8715	1	0.8715	0.8715	True	0.81	2.26
11	71713740	C	A	IL18BP	3'Flank	5	3	8	0.375	2	1	1	0.9259	1	0.9259	0.9259	True	0.81	2.26
11	73941855	A	C	PPME1	Intron	10	4	14	0.2857142857142857	2	1	1	0.7055	1	0.7055	0.7055	False	0.81	2.26
11	74049617	C	A	PGM2L1	Missense_Mutation	27	9	36	0.25	2	1	1	0.6173	1	0.6173	0.6173	False	0.81	2.26
11	74331129	C	T	POLD3	Missense_Mutation	21	8	29	0.27586206896551724	2	1	1	0.6811	1	0.6811	0.6811	False	0.81	2.26
11	74992150	C	T	ARRB1	Missense_Mutation	9	11	20	0.55	2	1	1	1.358	1	1.358	1.0	True	0.81	2.26
11	75001063	G	T	ARRB1	Missense_Mutation	29	3	32	0.09375	2	1	1	0.2315	1	0.2315	0.2315	False	0.81	2.26
11	75511653	G	T	DGAT2	3'UTR	18	6	24	0.25	2	1	1	0.6173	1	0.6173	0.6173	False	0.81	2.26
11	76072013	C	T	PRKRIR	Missense_Mutation	29	18	47	0.3829787234042553	2	1	1	0.9456	1	0.9456	0.9456	True	0.81	2.26
11	76918340	G	A	MYO7A	Missense_Mutation	15	12	27	0.4444444444444444	2	1	1	1.0974	1	1.0974	1.0	True	0.81	2.26
11	77033100	T	G	PAK1	3'Flank	20	11	31	0.3548387096774194	2	1	1	0.8761	1	0.8761	0.8761	True	0.81	2.26
11	77690084	C	A	INTS4	Missense_Mutation	17	12	29	0.41379310344827586	2	1	1	1.0217	1	1.0217	1.0	True	0.81	2.26
11	82692609	T	G	RAB30	3'UTR	50	12	62	0.1935483870967742	2	1	1	0.4779	1	0.4779	0.4779	False	0.81	2.26
11	82924008	G	A	ANKRD42	Intron	6	6	12	0.5	2	1	1	1.2346	1	1.2346	1.0	True	0.81	2.26
11	83167472	T	A	DLG2	3'Flank	16	5	21	0.23809523809523808	2	1	1	0.5879	1	0.5879	0.5879	False	0.81	2.26
11	85371402	T	G	CREBZF	3'Flank	15	12	27	0.4444444444444444	2	1	1	1.0974	1	1.0974	1.0	True	0.81	2.26
11	85406051	T	G	SYTL2	3'UTR	13	5	18	0.2777777777777778	2	1	1	0.6859	1	0.6859	0.6859	False	0.81	2.26
11	85435915	C	T	SYTL2	Missense_Mutation	20	9	29	0.3103448275862069	2	1	1	0.7663	1	0.7663	0.7663	False	0.81	2.26
11	85722144	C	A	PICALM	Nonsense_Mutation	18	14	32	0.4375	2	1	1	1.0802	1	1.0802	1.0	True	0.81	2.26
11	85975226	G	A	EED	Missense_Mutation	21	14	35	0.4	2	1	1	0.9877	1	0.9877	0.9877	True	0.81	2.26
11	85989045	G	T	EED	Intron	15	6	21	0.2857142857142857	2	1	1	0.7055	1	0.7055	0.7055	False	0.81	2.26
11	86662094	G	T	FZD4	3'UTR	18	10	28	0.35714285714285715	2	1	1	0.8818	1	0.8818	0.8818	True	0.81	2.26
11	89088142	C	A	NOX4	Missense_Mutation	33	19	52	0.36538461538461536	2	1	1	0.9022	1	0.9022	0.9022	True	0.81	2.26
11	92085515	C	A	FAT3	Silent	16	13	29	0.4482758620689655	2	1	1	1.1069	1	1.1069	1.0	True	0.81	2.26
11	92086214	C	A	FAT3	Missense_Mutation	21	10	31	0.3225806451612903	2	1	1	0.7965	1	0.7965	0.7965	False	0.81	2.26
11	92087946	G	A	FAT3	Missense_Mutation	12	9	21	0.42857142857142855	2	1	1	1.0582	1	1.0582	1.0	True	0.81	2.26
11	92564905	C	T	FAT3	Missense_Mutation	28	22	50	0.44	2	1	1	1.0864	1	1.0864	1.0	True	0.81	2.26
11	93148273	T	C	CCDC67	Missense_Mutation	84	18	102	0.17647058823529413	2	1	1	0.4357	1	0.4357	0.4357	False	0.81	2.26
11	93460729	C	G	KIAA1731	Missense_Mutation	24	15	39	0.38461538461538464	2	1	1	0.9497	1	0.9497	0.9497	True	0.81	2.26
11	93466748	C	T	KIAA1731	3'Flank	21	7	28	0.25	2	1	1	0.6173	1	0.6173	0.6173	False	0.81	2.26
11	93494810	C	T	C11orf54	Missense_Mutation	33	25	58	0.43103448275862066	2	1	1	1.0643	1	1.0643	1.0	True	0.81	2.26
11	93822018	G	A	HEPHL1	Silent	24	13	37	0.35135135135135137	2	1	1	0.8675	1	0.8675	0.8675	True	0.81	2.26
11	94111731	G	T	GPR83	3'UTR	8	4	12	0.3333333333333333	2	1	1	0.823	1	0.823	0.823	False	0.81	2.26
11	95826440	G	T	MAML2	Missense_Mutation	23	3	26	0.11538461538461539	2	1	1	0.2849	1	0.2849	0.2849	False	0.81	2.26
11	100863965	T	G	TMEM133	3'UTR	16	8	24	0.3333333333333333	2	1	1	0.823	1	0.823	0.823	False	0.81	2.26
11	102398263	G	A	MMP7	Missense_Mutation	22	16	38	0.42105263157894735	2	1	1	1.0396	1	1.0396	1.0	True	0.81	2.26
11	102706950	A	C	MMP3	Missense_Mutation	14	10	24	0.4166666666666667	2	1	1	1.0288	1	1.0288	1.0	True	0.81	2.26
11	103093789	G	T	DYNC2H1	Missense_Mutation	40	5	45	0.1111111111111111	2	1	1	0.2743	1	0.2743	0.2743	False	0.81	2.26
11	103339384	C	A	DYNC2H1	Missense_Mutation	25	14	39	0.358974358974359	2	1	1	0.8864	1	0.8864	0.8864	True	0.81	2.26
11	104871103	T	G	CASP5	Missense_Mutation	58	38	96	0.3958333333333333	2	1	1	0.9774	1	0.9774	0.9774	True	0.81	2.26
11	105880716	C	A	MSANTD4	Missense_Mutation	26	12	38	0.3157894736842105	2	1	1	0.7797	1	0.7797	0.7797	False	0.81	2.26
11	107977400	T	A	CUL5	3'UTR	25	19	44	0.4318181818181818	2	1	1	1.0662	1	1.0662	1.0	True	0.81	2.26
11	108031638	G	T	NPAT	Nonsense_Mutation	30	3	33	0.09090909090909091	2	1	1	0.2245	1	0.2245	0.2245	False	0.81	2.26
11	108214018	C	A	ATM	Missense_Mutation	31	18	49	0.3673469387755102	2	1	1	0.907	1	0.907	0.907	True	0.81	2.26
11	111933431	A	G	DLAT	3'UTR	4	7	11	0.6363636363636364	2	1	1	1.5713	1	1.5713	1.0	True	0.81	2.26
11	111952932	G	A	C11orf57	Intron	9	7	16	0.4375	2	1	1	1.0802	1	1.0802	1.0	True	0.81	2.26
11	113102999	C	T	NCAM1	Missense_Mutation	32	14	46	0.30434782608695654	2	1	1	0.7515	1	0.7515	0.7515	False	0.81	2.26
11	114167390	C	A	NNMT	Missense_Mutation	21	13	34	0.38235294117647056	2	1	1	0.9441	1	0.9441	0.9441	True	0.81	2.26
11	117162473	C	A	BACE1	Missense_Mutation	43	25	68	0.36764705882352944	2	1	1	0.9078	1	0.9078	0.9078	True	0.81	2.26
11	117299351	G	T	DSCAML1	Missense_Mutation	29	13	42	0.30952380952380953	2	1	1	0.7643	1	0.7643	0.7643	False	0.81	2.26
11	117870175	C	A	IL10RA	Missense_Mutation	17	7	24	0.2916666666666667	2	1	1	0.7202	1	0.7202	0.7202	False	0.81	2.26
11	118047194	T	G	SCN2B	5'UTR	16	11	27	0.4074074074074074	2	1	1	1.0059	1	1.0059	1.0	True	0.81	2.26
11	118133675	G	A	MPZL2	Missense_Mutation	21	7	28	0.25	2	1	1	0.6173	1	0.6173	0.6173	False	0.81	2.26
11	118342901	G	T	KMT2A	Nonsense_Mutation	9	5	14	0.35714285714285715	2	1	1	0.8818	1	0.8818	0.8818	True	0.81	2.26
11	118435722	C	T	IFT46	5'UTR	27	13	40	0.325	2	1	1	0.8025	1	0.8025	0.8025	False	0.81	2.26
11	118962147	C	T	HMBS	Missense_Mutation	17	10	27	0.37037037037037035	2	1	1	0.9145	1	0.9145	0.9145	True	0.81	2.26
11	119207061	G	A	RNF26	Missense_Mutation	14	5	19	0.2631578947368421	2	1	1	0.6498	1	0.6498	0.6498	False	0.81	2.26
11	121500312	T	G	SORL1	3'UTR	9	6	15	0.4	2	1	1	0.9877	1	0.9877	0.9877	True	0.81	2.26
11	122805249	G	A	C11orf63	Missense_Mutation	15	5	20	0.25	2	1	1	0.6173	1	0.6173	0.6173	False	0.81	2.26
11	123810506	T	C	OR4D5	Silent	39	18	57	0.3157894736842105	2	1	1	0.7797	1	0.7797	0.7797	False	0.81	2.26
11	124293907	C	T	OR8B4	Silent	7	14	21	0.6666666666666666	2	1	1	1.6461	1	1.6461	1.0	True	0.81	2.26
11	124294000	G	T	OR8B4	Missense_Mutation	14	9	23	0.391304347826087	2	1	1	0.9662	1	0.9662	0.9662	True	0.81	2.26
11	124506863	C	T	SIAE	Missense_Mutation	8	3	11	0.2727272727272727	2	1	1	0.6734	1	0.6734	0.6734	False	0.81	2.26
11	126137902	A	C	SRPR	Missense_Mutation	37	11	48	0.22916666666666666	2	1	1	0.5658	1	0.5658	0.5658	False	0.81	2.26
11	128843896	A	C	ARHGAP32	Intron	4	8	12	0.6666666666666666	2	1	1	1.6461	1	1.6461	1.0	True	0.81	2.26
11	128936685	G	A	ARHGAP32	Nonsense_Mutation	18	7	25	0.28	2	1	1	0.6914	1	0.6914	0.6914	False	0.81	2.26
11	132286686	C	A	OPCML	3'UTR	7	11	18	0.6111111111111112	2	1	1	1.5089	1	1.5089	1.0	True	0.81	2.26
11	133789983	T	C	IGSF9B	Missense_Mutation	27	30	57	0.5263157894736842	2	1	1	1.2995	1	1.2995	1.0	True	0.81	2.26
11	134010582	C	T	JAM3	Missense_Mutation	29	15	44	0.3409090909090909	2	1	1	0.8418	1	0.8418	0.8418	False	0.81	2.26
11	134018493	T	C	JAM3	Missense_Mutation	31	13	44	0.29545454545454547	2	1	1	0.7295	1	0.7295	0.7295	False	0.81	2.26
12	148492	T	G	AC026369.1	3'Flank	136	69	205	0.33658536585365856	2	1	1	0.8311	1	0.8311	0.8311	False	0.81	2.26
12	148674	C	T	AC026369.1	3'Flank	52	46	98	0.46938775510204084	2	1	1	1.159	1	1.159	1.0	True	0.81	2.26
12	4413807	C	T	CCND2	3'UTR	22	10	32	0.3125	2	1	1	0.7716	1	0.7716	0.7716	False	0.81	2.26
12	4737288	G	T	AKAP3	Missense_Mutation	23	17	40	0.425	2	1	1	1.0494	1	1.0494	1.0	True	0.81	2.26
12	5674779	G	A	ANO2	Missense_Mutation	27	4	31	0.12903225806451613	2	1	1	0.3186	1	0.3186	0.3186	False	0.81	2.26
12	6702722	G	A	CHD4	Missense_Mutation	23	14	37	0.3783783783783784	2	1	1	0.9343	1	0.9343	0.9343	True	0.81	2.26
12	6711664	C	A	CHD4	Splice_Site	34	9	43	0.20930232558139536	2	1	1	0.5168	1	0.5168	0.5168	False	0.81	2.26
12	6880094	G	T	PTMS	3'UTR	39	11	50	0.22	2	1	1	0.5432	1	0.5432	0.5432	False	0.81	2.26
12	7043695	A	C	ATN1	Missense_Mutation	22	16	38	0.42105263157894735	2	1	1	1.0396	1	1.0396	1.0	True	0.81	2.26
12	7188567	G	A	C1R	Missense_Mutation	31	15	46	0.32608695652173914	2	1	1	0.8052	1	0.8052	0.8052	False	0.81	2.26
12	7351702	G	A	PEX5	Missense_Mutation	45	7	52	0.1346153846153846	2	1	1	0.3324	1	0.3324	0.3324	False	0.81	2.26
12	7586282	C	T	CD163L1	Missense_Mutation	24	10	34	0.29411764705882354	2	1	1	0.7262	1	0.7262	0.7262	False	0.81	2.26
12	7842600	C	A	GDF3	Missense_Mutation	23	11	34	0.3235294117647059	2	1	1	0.7988	1	0.7988	0.7988	False	0.81	2.26
12	8329886	C	A	ZNF705A	Missense_Mutation	74	36	110	0.32727272727272727	2	1	1	0.8081	1	0.8081	0.8081	False	0.81	2.26
12	8380163	C	T	FAM90A1	5'UTR	50	8	58	0.13793103448275862	2	1	1	0.3406	1	0.3406	0.3406	False	0.81	2.26
12	8759472	G	T	AICDA	Missense_Mutation	24	12	36	0.3333333333333333	2	1	1	0.823	1	0.823	0.823	False	0.81	2.26
12	9094311	G	T	M6PR	3'UTR	9	4	13	0.3076923076923077	2	1	1	0.7597	1	0.7597	0.7597	False	0.81	2.26
12	9713680	C	A	RP11-726G1.1	RNA	34	5	39	0.1282051282051282	2	1	1	0.3166	1	0.3166	0.3166	False	0.81	2.26
12	9994502	T	C	KLRF1	Silent	30	22	52	0.4230769230769231	2	1	1	1.0446	1	1.0446	1.0	True	0.81	2.26
12	10342716	C	T	TMEM52B	Nonsense_Mutation	18	8	26	0.3076923076923077	2	1	1	0.7597	1	0.7597	0.7597	False	0.81	2.26
12	10373069	G	A	GABARAPL1	Missense_Mutation	46	20	66	0.30303030303030304	2	1	1	0.7482	1	0.7482	0.7482	False	0.81	2.26
12	11214101	C	T	TAS2R46	Missense_Mutation	74	43	117	0.36752136752136755	2	1	1	0.9075	1	0.9075	0.9075	True	0.81	2.26
12	12788867	C	T	CREBL2	Nonsense_Mutation	15	10	25	0.4	2	1	1	0.9877	1	0.9877	0.9877	True	0.81	2.26
12	14577501	G	T	ATF7IP	Nonsense_Mutation	46	38	84	0.4523809523809524	2	1	1	1.117	1	1.117	1.0	True	0.81	2.26
12	14649186	A	G	ATF7IP	Missense_Mutation	11	6	17	0.35294117647058826	2	1	1	0.8715	1	0.8715	0.8715	True	0.81	2.26
12	14834375	G	T	GUCY2C	Missense_Mutation	31	21	52	0.40384615384615385	2	1	1	0.9972	1	0.9972	0.9972	True	0.81	2.26
12	14976438	A	C	C12orf60	Missense_Mutation	23	9	32	0.28125	2	1	1	0.6944	1	0.6944	0.6944	False	0.81	2.26
12	15035074	C	A	MGP	Nonstop_Mutation	21	12	33	0.36363636363636365	2	1	1	0.8979	1	0.8979	0.8979	True	0.81	2.26
12	20868072	G	T	SLCO1C1	Splice_Site	28	19	47	0.40425531914893614	2	1	1	0.9982	1	0.9982	0.9982	True	0.81	2.26
12	21370163	T	A	SLCO1B1	Missense_Mutation	21	16	37	0.43243243243243246	2	1	1	1.0677	1	1.0677	1.0	True	0.81	2.26
12	21448651	A	G	SLCO1A2	Missense_Mutation	22	14	36	0.3888888888888889	2	1	1	0.9602	1	0.9602	0.9602	True	0.81	2.26
12	21652546	C	A	RECQL	5'UTR	12	6	18	0.3333333333333333	2	1	1	0.823	1	0.823	0.823	False	0.81	2.26
12	21661373	C	A	GOLT1B	Missense_Mutation	34	22	56	0.39285714285714285	2	1	1	0.97	1	0.97	0.97	True	0.81	2.26
12	21958161	A	C	ABCC9	Intron	14	12	26	0.46153846153846156	2	1	1	1.1396	1	1.1396	1.0	True	0.81	2.26
12	26384073	A	C	SSPN	3'UTR	6	7	13	0.5384615384615384	2	1	1	1.3295	1	1.3295	1.0	True	0.81	2.26
12	27181520	T	G	MED21	3'UTR	17	16	33	0.48484848484848486	2	1	1	1.1972	1	1.1972	1.0	True	0.81	2.26
12	27872798	A	C	MRPS35	Missense_Mutation	27	25	52	0.4807692307692308	2	1	1	1.1871	1	1.1871	1.0	True	0.81	2.26
12	27915858	G	T	MANSC4	Missense_Mutation	17	13	30	0.43333333333333335	2	1	1	1.07	1	1.07	1.0	True	0.81	2.26
12	29493999	C	A	ERGIC2	3'UTR	16	12	28	0.42857142857142855	2	1	1	1.0582	1	1.0582	1.0	True	0.81	2.26
12	29494031	T	G	ERGIC2	3'UTR	18	10	28	0.35714285714285715	2	1	1	0.8818	1	0.8818	0.8818	True	0.81	2.26
12	29617500	C	T	OVCH1	Missense_Mutation	36	18	54	0.3333333333333333	2	1	1	0.823	1	0.823	0.823	False	0.81	2.26
12	30863083	A	G	CAPRIN2	Missense_Mutation	24	18	42	0.42857142857142855	2	1	1	1.0582	1	1.0582	1.0	True	0.81	2.26
12	32796046	C	A	FGD4	3'UTR	23	16	39	0.41025641025641024	2	1	1	1.013	1	1.013	1.0	True	0.81	2.26
12	38715444	T	C	ALG10B	3'UTR	42	24	66	0.36363636363636365	2	1	1	0.8979	1	0.8979	0.8979	True	0.81	2.26
12	40041610	C	A	C12orf40	Nonsense_Mutation	7	7	14	0.5	2	1	1	1.2346	1	1.2346	1.0	True	0.81	2.26
12	40044087	A	C	C12orf40	Missense_Mutation	12	9	21	0.42857142857142855	2	1	1	1.0582	1	1.0582	1.0	True	0.81	2.26
12	40916558	G	T	MUC19	Intron	17	12	29	0.41379310344827586	2	1	1	1.0217	1	1.0217	1.0	True	0.81	2.26
12	41414191	G	T	CNTN1	Missense_Mutation	7	7	14	0.5	2	1	1	1.2346	1	1.2346	1.0	True	0.81	2.26
12	42554260	C	A	YAF2	3'UTR	6	4	10	0.4	2	1	1	0.9877	1	0.9877	0.9877	True	0.81	2.26
12	42555467	C	A	YAF2	Nonsense_Mutation	16	16	32	0.5	2	1	1	1.2346	1	1.2346	1.0	True	0.81	2.26
12	44902664	C	T	NELL2	3'UTR	4	5	9	0.5555555555555556	2	1	1	1.3717	1	1.3717	1.0	True	0.81	2.26
12	46576863	T	G	SLC38A1	3'UTR	6	7	13	0.5384615384615384	2	1	1	1.3295	1	1.3295	1.0	True	0.81	2.26
12	46582568	C	A	SLC38A1	3'UTR	13	9	22	0.4090909090909091	2	1	1	1.0101	1	1.0101	1.0	True	0.81	2.26
12	48114589	C	T	ENDOU	Missense_Mutation	25	11	36	0.3055555555555556	2	1	1	0.7545	1	0.7545	0.7545	False	0.81	2.26
12	48174518	T	G	SLC48A1	3'UTR	4	6	10	0.6	2	1	1	1.4815	1	1.4815	1.0	True	0.81	2.26
12	49416438	C	T	KMT2D	Missense_Mutation	25	18	43	0.4186046511627907	2	1	1	1.0336	1	1.0336	1.0	True	0.81	2.26
12	49431342	A	G	KMT2D	Missense_Mutation	27	10	37	0.2702702702702703	2	1	1	0.6673	1	0.6673	0.6673	False	0.81	2.26
12	49729793	G	A	C1QL4	Silent	11	5	16	0.3125	2	1	1	0.7716	1	0.7716	0.7716	False	0.81	2.26
12	49893869	A	C	SPATS2	Missense_Mutation	16	18	34	0.5294117647058824	2	1	1	1.3072	1	1.3072	1.0	True	0.81	2.26
12	50050647	A	G	FMNL3	Silent	8	11	19	0.5789473684210527	2	1	1	1.4295	1	1.4295	1.0	True	0.81	2.26
12	50744605	G	A	FAM186A	Nonsense_Mutation	24	14	38	0.3684210526315789	2	1	1	0.9097	1	0.9097	0.9097	True	0.81	2.26
12	51112767	G	T	DIP2B	Missense_Mutation	12	9	21	0.42857142857142855	2	1	1	1.0582	1	1.0582	1.0	True	0.81	2.26
12	51281299	A	G	TMPRSS12	3'UTR	14	4	18	0.2222222222222222	2	1	1	0.5487	1	0.5487	0.5487	False	0.81	2.26
12	51771097	G	T	GALNT6	Silent	19	17	36	0.4722222222222222	2	1	1	1.166	1	1.166	1.0	True	0.81	2.26
12	52841037	G	A	KRT6B	Silent	39	25	64	0.390625	2	1	1	0.9645	1	0.9645	0.9645	True	0.81	2.26
12	52842644	G	A	KRT6B	Silent	60	51	111	0.4594594594594595	2	1	1	1.1345	1	1.1345	1.0	True	0.81	2.26
12	52965744	A	C	KRT74	Missense_Mutation	32	16	48	0.3333333333333333	2	1	1	0.823	1	0.823	0.823	False	0.81	2.26
12	53170545	C	T	KRT76	Silent	56	26	82	0.3170731707317073	2	1	1	0.7829	1	0.7829	0.7829	False	0.81	2.26
12	53459172	G	T	SPRYD3	3'UTR	14	6	20	0.3	2	1	1	0.7407	1	0.7407	0.7407	False	0.81	2.26
12	53808816	T	G	SP1	3'Flank	23	26	49	0.5306122448979592	2	1	1	1.3102	1	1.3102	1.0	True	0.81	2.26
12	54383587	G	T	HOXC10	3'UTR	22	7	29	0.2413793103448276	2	1	1	0.596	1	0.596	0.596	False	0.81	2.26
12	55422480	G	T	NEUROD4	3'UTR	21	13	34	0.38235294117647056	2	1	1	0.9441	1	0.9441	0.9441	True	0.81	2.26
12	55714458	C	A	OR6C1	Silent	22	8	30	0.26666666666666666	2	1	1	0.6584	1	0.6584	0.6584	False	0.81	2.26
12	55945508	C	A	OR6C4	Missense_Mutation	23	19	42	0.4523809523809524	2	1	1	1.117	1	1.117	1.0	True	0.81	2.26
12	56115020	C	T	RDH5	Missense_Mutation	10	5	15	0.3333333333333333	2	1	1	0.823	1	0.823	0.823	False	0.81	2.26
12	56118414	G	A	RDH5	3'UTR	18	9	27	0.3333333333333333	2	1	1	0.823	1	0.823	0.823	False	0.81	2.26
12	56432186	G	A	IKZF4	3'UTR	25	7	32	0.21875	2	1	1	0.5401	1	0.5401	0.5401	False	0.81	2.26
12	56474133	G	A	ERBB3	Missense_Mutation	47	24	71	0.3380281690140845	2	1	1	0.8346	1	0.8346	0.8346	False	0.81	2.26
12	56516253	G	T	ZC3H10	3'UTR	15	4	19	0.21052631578947367	2	1	1	0.5198	1	0.5198	0.5198	False	0.81	2.26
12	56623007	C	A	NABP2	3'UTR	15	3	18	0.16666666666666666	2	1	1	0.4115	1	0.4115	0.4115	False	0.81	2.26
12	56718154	G	A	PAN2	Missense_Mutation	21	18	39	0.46153846153846156	2	1	1	1.1396	1	1.1396	1.0	True	0.81	2.26
12	56867094	G	T	GLS2	Missense_Mutation	40	23	63	0.36507936507936506	2	1	1	0.9014	1	0.9014	0.9014	True	0.81	2.26
12	56983552	C	A	RBMS2	3'UTR	30	16	46	0.34782608695652173	2	1	1	0.8588	1	0.8588	0.8588	True	0.81	2.26
12	57057381	G	T	PTGES3	3'UTR	13	7	20	0.35	2	1	1	0.8642	1	0.8642	0.8642	True	0.81	2.26
12	57584630	C	A	LRP1	Silent	26	18	44	0.4090909090909091	2	1	1	1.0101	1	1.0101	1.0	True	0.81	2.26
12	58020740	G	T	B4GALNT1	Missense_Mutation	8	9	17	0.5294117647058824	2	1	1	1.3072	1	1.3072	1.0	True	0.81	2.26
12	60168739	G	T	SLC16A7	Missense_Mutation	27	6	33	0.18181818181818182	2	1	1	0.4489	1	0.4489	0.4489	False	0.81	2.26
12	62103029	C	T	FAM19A2	3'UTR	10	5	15	0.3333333333333333	2	1	1	0.823	1	0.823	0.823	False	0.81	2.26
12	66251772	C	A	RP11-366L20.2	3'UTR	14	8	22	0.36363636363636365	2	1	1	0.8979	1	0.8979	0.8979	True	0.81	2.26
12	69645110	C	A	CPSF6	Missense_Mutation	17	6	23	0.2608695652173913	2	1	1	0.6441	1	0.6441	0.6441	False	0.81	2.26
12	70938426	A	C	PTPRB	Missense_Mutation	15	14	29	0.4827586206896552	2	1	1	1.192	1	1.192	1.0	True	0.81	2.26
12	72312234	C	A	TBC1D15	Missense_Mutation	44	18	62	0.2903225806451613	2	1	1	0.7168	1	0.7168	0.7168	False	0.81	2.26
12	73058094	C	A	TRHDE	3'UTR	40	14	54	0.25925925925925924	2	1	1	0.6401	1	0.6401	0.6401	False	0.81	2.26
12	76741292	G	A	BBS10	Missense_Mutation	3	6	9	0.6666666666666666	2	1	1	1.6461	1	1.6461	1.0	True	0.81	2.26
12	77220770	C	A	ZDHHC17	Missense_Mutation	37	17	54	0.3148148148148148	2	1	1	0.7773	1	0.7773	0.7773	False	0.81	2.26
12	77252795	C	A	CSRP2	Missense_Mutation	19	7	26	0.2692307692307692	2	1	1	0.6648	1	0.6648	0.6648	False	0.81	2.26
12	78593213	G	A	NAV3	Missense_Mutation	10	8	18	0.4444444444444444	2	1	1	1.0974	1	1.0974	1.0	True	0.81	2.26
12	85445999	A	C	LRRIQ1	Missense_Mutation	21	7	28	0.25	2	1	1	0.6173	1	0.6173	0.6173	False	0.81	2.26
12	88376927	C	T	C12orf50	Missense_Mutation	23	15	38	0.39473684210526316	2	1	1	0.9747	1	0.9747	0.9747	True	0.81	2.26
12	89885849	G	A	POC1B	Nonsense_Mutation	24	15	39	0.38461538461538464	2	1	1	0.9497	1	0.9497	0.9497	True	0.81	2.26
12	93100308	G	A	C12orf74	5'UTR	4	8	12	0.6666666666666666	2	1	1	1.6461	1	1.6461	1.0	True	0.81	2.26
12	94641750	G	A	PLXNC1	Silent	28	16	44	0.36363636363636365	2	1	1	0.8979	1	0.8979	0.8979	True	0.81	2.26
12	94706740	G	A	CCDC41	Silent	24	10	34	0.29411764705882354	2	1	1	0.7262	1	0.7262	0.7262	False	0.81	2.26
12	95604475	A	C	FGD6	Missense_Mutation	19	11	30	0.36666666666666664	2	1	1	0.9053	1	0.9053	0.9053	True	0.81	2.26
12	95693613	T	G	VEZT	Intron	6	4	10	0.4	2	1	1	0.9877	1	0.9877	0.9877	True	0.81	2.26
12	96986324	G	T	C12orf55	Missense_Mutation	23	9	32	0.28125	2	1	1	0.6944	1	0.6944	0.6944	False	0.81	2.26
12	98942020	G	T	TMPO	3'UTR	12	5	17	0.29411764705882354	2	1	1	0.7262	1	0.7262	0.7262	False	0.81	2.26
12	100496587	T	G	UHRF1BP1L	Missense_Mutation	31	6	37	0.16216216216216217	2	1	1	0.4004	1	0.4004	0.4004	False	0.81	2.26
12	102028331	G	T	MYBPC1	Splice_Site	30	12	42	0.2857142857142857	2	1	1	0.7055	1	0.7055	0.7055	False	0.81	2.26
12	102295184	C	T	DRAM1	Silent	28	16	44	0.36363636363636365	2	1	1	0.8979	1	0.8979	0.8979	True	0.81	2.26
12	102406943	G	A	CCDC53	Silent	3	7	10	0.7	2	1	1	1.7284	1	1.7284	1.0	True	0.81	2.26
12	103353856	G	T	ASCL1	3'UTR	21	6	27	0.2222222222222222	2	1	1	0.5487	1	0.5487	0.5487	False	0.81	2.26
12	104336433	G	A	HSP90B1	Silent	55	19	74	0.25675675675675674	2	1	1	0.634	1	0.634	0.634	False	0.81	2.26
12	105199041	G	T	SLC41A2	Missense_Mutation	26	3	29	0.10344827586206896	2	1	1	0.2554	1	0.2554	0.2554	False	0.81	2.26
12	105540255	G	T	KIAA1033	Missense_Mutation	36	20	56	0.35714285714285715	2	1	1	0.8818	1	0.8818	0.8818	True	0.81	2.26
12	108147769	C	A	PRDM4	Missense_Mutation	13	8	21	0.38095238095238093	2	1	1	0.9406	1	0.9406	0.9406	True	0.81	2.26
12	110467387	G	T	ANKRD13A	Missense_Mutation	26	8	34	0.23529411764705882	2	1	1	0.581	1	0.581	0.581	False	0.81	2.26
12	112369341	G	T	TMEM116	3'UTR	6	8	14	0.5714285714285714	2	1	1	1.4109	1	1.4109	1.0	True	0.81	2.26
12	112721040	C	T	HECTD4	Missense_Mutation	21	17	38	0.4473684210526316	2	1	1	1.1046	1	1.1046	1.0	True	0.81	2.26
12	113321125	C	T	RPH3A	Missense_Mutation	24	13	37	0.35135135135135137	2	1	1	0.8675	1	0.8675	0.8675	True	0.81	2.26
12	113416356	G	T	OAS2	5'UTR	23	6	29	0.20689655172413793	2	1	1	0.5109	1	0.5109	0.5109	False	0.81	2.26
12	114791968	T	G	TBX5	3'UTR	24	17	41	0.4146341463414634	2	1	1	1.0238	1	1.0238	1.0	True	0.81	2.26
12	116460366	C	A	MED13L	Nonsense_Mutation	14	15	29	0.5172413793103449	2	1	1	1.2771	1	1.2771	1.0	True	0.81	2.26
12	117581691	T	G	FBXO21	3'Flank	22	16	38	0.42105263157894735	2	1	1	1.0396	1	1.0396	1.0	True	0.81	2.26
12	118467596	C	T	RFC5	Nonsense_Mutation	46	25	71	0.352112676056338	2	1	1	0.8694	1	0.8694	0.8694	True	0.81	2.26
12	118599601	T	G	TAOK3	Missense_Mutation	23	13	36	0.3611111111111111	2	1	1	0.8916	1	0.8916	0.8916	True	0.81	2.26
12	119631524	C	A	HSPB8	Missense_Mutation	48	25	73	0.3424657534246575	2	1	1	0.8456	1	0.8456	0.8456	False	0.81	2.26
12	122252732	G	T	SETD1B	Nonsense_Mutation	26	16	42	0.38095238095238093	2	1	1	0.9406	1	0.9406	0.9406	True	0.81	2.26
12	123282687	C	A	CCDC62	Missense_Mutation	15	13	28	0.4642857142857143	2	1	1	1.1464	1	1.1464	1.0	True	0.81	2.26
12	124115056	G	A	EIF2B1	Missense_Mutation	16	9	25	0.36	2	1	1	0.8889	1	0.8889	0.8889	True	0.81	2.26
12	124320061	A	C	DNAH10	Missense_Mutation	37	26	63	0.4126984126984127	2	1	1	1.019	1	1.019	1.0	True	0.81	2.26
12	124498432	C	A	ZNF664	3'UTR	61	7	68	0.10294117647058823	2	1	1	0.2542	1	0.2542	0.2542	False	0.81	2.26
12	124799375	G	T	FAM101A	3'UTR	15	14	29	0.4827586206896552	2	1	1	1.192	1	1.192	1.0	True	0.81	2.26
12	129299428	C	T	SLC15A4	Missense_Mutation	17	7	24	0.2916666666666667	2	1	1	0.7202	1	0.7202	0.7202	False	0.81	2.26
12	132249069	C	T	SFSWAP	Missense_Mutation	28	19	47	0.40425531914893614	2	1	1	0.9982	1	0.9982	0.9982	True	0.81	2.26
12	132326327	C	T	MMP17	Missense_Mutation	10	6	16	0.375	2	1	1	0.9259	1	0.9259	0.9259	True	0.81	2.26
12	132406349	G	A	ULK1	3'UTR	26	21	47	0.44680851063829785	2	1	1	1.1032	1	1.1032	1.0	True	0.81	2.26
12	133249847	G	A	POLE	Missense_Mutation	18	17	35	0.4857142857142857	2	1	1	1.1993	1	1.1993	1.0	True	0.81	2.26
12	133502175	G	T	ZNF605	Missense_Mutation	35	20	55	0.36363636363636365	2	1	1	0.8979	1	0.8979	0.8979	True	0.81	2.26
13	25406072	T	G	RNF17	Missense_Mutation	31	17	48	0.3541666666666667	2	1	1	0.8745	1	0.8745	0.8745	True	0.81	2.26
13	25458546	C	T	CENPJ	Missense_Mutation	12	12	24	0.5	2	1	1	1.2346	1	1.2346	1.0	True	0.81	2.26
13	25672532	G	T	PABPC3	3'UTR	23	8	31	0.25806451612903225	2	1	1	0.6372	1	0.6372	0.6372	False	0.81	2.26
13	25916530	A	C	NUPL1	3'UTR	37	34	71	0.4788732394366197	2	1	1	1.1824	1	1.1824	1.0	True	0.81	2.26
13	26787805	C	A	RNF6	3'UTR	20	7	27	0.25925925925925924	2	1	1	0.6401	1	0.6401	0.6401	False	0.81	2.26
13	27649438	G	T	USP12	Silent	24	14	38	0.3684210526315789	2	1	1	0.9097	1	0.9097	0.9097	True	0.81	2.26
13	28124520	G	T	LNX2	Missense_Mutation	21	15	36	0.4166666666666667	2	1	1	1.0288	1	1.0288	1.0	True	0.81	2.26
13	28197229	T	G	POLR1D	Missense_Mutation	29	14	43	0.32558139534883723	2	1	1	0.8039	1	0.8039	0.8039	False	0.81	2.26
13	28562738	C	A	URAD	Nonsense_Mutation	40	25	65	0.38461538461538464	2	1	1	0.9497	1	0.9497	0.9497	True	0.81	2.26
13	28601284	C	A	FLT3	Missense_Mutation	17	21	38	0.5526315789473685	2	1	1	1.3645	1	1.3645	1.0	True	0.81	2.26
13	29274955	A	C	SLC46A3	3'UTR	13	7	20	0.35	2	1	1	0.8642	1	0.8642	0.8642	True	0.81	2.26
13	30083566	T	G	SLC7A1	3'UTR	9	4	13	0.3076923076923077	2	1	1	0.7597	1	0.7597	0.7597	False	0.81	2.26
13	30097558	G	T	SLC7A1	Missense_Mutation	11	5	16	0.3125	2	1	1	0.7716	1	0.7716	0.7716	False	0.81	2.26
13	31034180	G	A	HMGB1	3'UTR	21	13	34	0.38235294117647056	2	1	1	0.9441	1	0.9441	0.9441	True	0.81	2.26
13	31725116	C	A	HSPH1	Missense_Mutation	22	9	31	0.2903225806451613	2	1	1	0.7168	1	0.7168	0.7168	False	0.81	2.26
13	31843400	G	T	B3GALTL	Missense_Mutation	21	5	26	0.19230769230769232	2	1	1	0.4748	1	0.4748	0.4748	False	0.81	2.26
13	32910615	C	A	BRCA2	Missense_Mutation	11	6	17	0.35294117647058826	2	1	1	0.8715	1	0.8715	0.8715	True	0.81	2.26
13	35685003	C	A	NBEA	Silent	34	20	54	0.37037037037037035	2	1	1	0.9145	1	0.9145	0.9145	True	0.81	2.26
13	35782858	G	T	NBEA	Missense_Mutation	20	15	35	0.42857142857142855	2	1	1	1.0582	1	1.0582	1.0	True	0.81	2.26
13	36050920	A	C	NBEA	Intron	21	7	28	0.25	2	1	1	0.6173	1	0.6173	0.6173	False	0.81	2.26
13	36362373	T	C	DCLK1	Missense_Mutation	37	16	53	0.3018867924528302	2	1	1	0.7454	1	0.7454	0.7454	False	0.81	2.26
13	37399658	A	C	RFXAP	Missense_Mutation	7	6	13	0.46153846153846156	2	1	1	1.1396	1	1.1396	1.0	True	0.81	2.26
13	39587230	G	A	PROSER1	Missense_Mutation	12	9	21	0.42857142857142855	2	1	1	1.0582	1	1.0582	1.0	True	0.81	2.26
13	41134988	G	A	FOXO1	Missense_Mutation	5	9	14	0.6428571428571429	2	1	1	1.5873	1	1.5873	1.0	True	0.81	2.26
13	41303498	T	G	MRPS31	3'UTR	16	12	28	0.42857142857142855	2	1	1	1.0582	1	1.0582	1.0	True	0.81	2.26
13	41636820	T	G	WBP4	Missense_Mutation	39	22	61	0.36065573770491804	2	1	1	0.8905	1	0.8905	0.8905	True	0.81	2.26
13	42876768	G	A	AKAP11	Missense_Mutation	14	10	24	0.4166666666666667	2	1	1	1.0288	1	1.0288	1.0	True	0.81	2.26
13	46171119	A	G	FAM194B	Silent	29	13	42	0.30952380952380953	2	1	1	0.7643	1	0.7643	0.7643	False	0.81	2.26
13	50274390	A	C	KPNA3	3'UTR	14	9	23	0.391304347826087	2	1	1	0.9662	1	0.9662	0.9662	True	0.81	2.26
13	51578555	G	A	GUCY1B2	RNA	9	6	15	0.4	2	1	1	0.9877	1	0.9877	0.9877	True	0.81	2.26
13	52439689	C	T	CCDC70	Missense_Mutation	9	9	18	0.5	2	1	1	1.2346	1	1.2346	1.0	True	0.81	2.26
13	52832710	G	T	RP11-248G5.8	RNA	24	28	52	0.5384615384615384	2	1	1	1.3295	1	1.3295	1.0	True	0.81	2.26
13	53608624	G	T	OLFM4	Nonsense_Mutation	21	22	43	0.5116279069767442	2	1	1	1.2633	1	1.2633	1.0	True	0.81	2.26
13	58298910	G	T	PCDH17	Nonsense_Mutation	18	9	27	0.3333333333333333	2	1	1	0.823	1	0.823	0.823	False	0.81	2.26
13	73401916	G	T	PIBF1	Nonsense_Mutation	17	6	23	0.2608695652173913	2	1	1	0.6441	1	0.6441	0.6441	False	0.81	2.26
13	73409469	C	T	PIBF1	Nonsense_Mutation	22	9	31	0.2903225806451613	2	1	1	0.7168	1	0.7168	0.7168	False	0.81	2.26
13	73482685	T	G	PIBF1	Missense_Mutation	8	7	15	0.4666666666666667	2	1	1	1.1523	1	1.1523	1.0	True	0.81	2.26
13	77570182	G	A	CLN5	Missense_Mutation	21	12	33	0.36363636363636365	2	1	1	0.8979	1	0.8979	0.8979	True	0.81	2.26
13	84452829	T	G	SLITRK1	3'UTR	10	10	20	0.5	2	1	1	1.2346	1	1.2346	1.0	True	0.81	2.26
13	88329466	C	T	SLITRK5	Missense_Mutation	29	14	43	0.32558139534883723	2	1	1	0.8039	1	0.8039	0.8039	False	0.81	2.26
13	95686885	C	T	ABCC4	Missense_Mutation	33	12	45	0.26666666666666666	2	1	1	0.6584	1	0.6584	0.6584	False	0.81	2.26
13	95686931	C	A	ABCC4	Missense_Mutation	37	9	46	0.1956521739130435	2	1	1	0.4831	1	0.4831	0.4831	False	0.81	2.26
13	96242095	T	C	DZIP1	Silent	49	31	80	0.3875	2	1	1	0.9568	1	0.9568	0.9568	True	0.81	2.26
13	97639510	C	A	OXGR1	Missense_Mutation	16	9	25	0.36	2	1	1	0.8889	1	0.8889	0.8889	True	0.81	2.26
13	99540464	G	A	DOCK9	Missense_Mutation	24	3	27	0.1111111111111111	2	1	1	0.2743	1	0.2743	0.2743	False	0.81	2.26
13	99907894	C	T	GPR18	Missense_Mutation	24	18	42	0.42857142857142855	2	1	1	1.0582	1	1.0582	1.0	True	0.81	2.26
13	100915043	A	C	PCCA	Silent	26	13	39	0.3333333333333333	2	1	1	0.823	1	0.823	0.823	False	0.81	2.26
13	101256335	G	A	TMTC4	3'UTR	15	10	25	0.4	2	1	1	0.9877	1	0.9877	0.9877	True	0.81	2.26
13	101726862	A	C	NALCN	Intron	9	6	15	0.4	2	1	1	0.9877	1	0.9877	0.9877	True	0.81	2.26
13	101756910	G	A	NALCN	Nonsense_Mutation	23	5	28	0.17857142857142858	2	1	1	0.4409	1	0.4409	0.4409	False	0.81	2.26
13	101763550	G	A	NALCN	Silent	21	9	30	0.3	2	1	1	0.7407	1	0.7407	0.7407	False	0.81	2.26
13	102029387	T	G	NALCN	Silent	12	13	25	0.52	2	1	1	1.284	1	1.284	1.0	True	0.81	2.26
13	103383124	A	T	CCDC168	Silent	20	12	32	0.375	2	1	1	0.9259	1	0.9259	0.9259	True	0.81	2.26
13	103386452	T	C	CCDC168	Missense_Mutation	27	16	43	0.37209302325581395	2	1	1	0.9187	1	0.9187	0.9187	True	0.81	2.26
13	103418831	T	C	TEX30	Missense_Mutation	32	17	49	0.3469387755102041	2	1	1	0.8566	1	0.8566	0.8566	True	0.81	2.26
13	103459597	G	T	BIVM	5'UTR	11	4	15	0.26666666666666666	2	1	1	0.6584	1	0.6584	0.6584	False	0.81	2.26
13	103492288	G	T	BIVM	3'UTR	19	13	32	0.40625	2	1	1	1.0031	1	1.0031	1.0	True	0.81	2.26
13	106142163	G	A	DAOA	Intron	16	12	28	0.42857142857142855	2	1	1	1.0582	1	1.0582	1.0	True	0.81	2.26
13	107209424	C	T	ARGLU1	Missense_Mutation	44	22	66	0.3333333333333333	2	1	1	0.823	1	0.823	0.823	False	0.81	2.26
13	107822145	G	A	FAM155A	3'UTR	42	16	58	0.27586206896551724	2	1	1	0.6811	1	0.6811	0.6811	False	0.81	2.26
13	108860872	A	C	LIG4	3'UTR	10	6	16	0.375	2	1	1	0.9259	1	0.9259	0.9259	True	0.81	2.26
13	110857870	C	A	COL4A1	Missense_Mutation	16	7	23	0.30434782608695654	2	1	1	0.7515	1	0.7515	0.7515	False	0.81	2.26
13	111953106	G	T	ARHGEF7	Nonsense_Mutation	5	5	10	0.5	2	1	1	1.2346	1	1.2346	1.0	True	0.81	2.26
13	111973296	G	A	TEX29	Splice_Site	15	9	24	0.375	2	1	1	0.9259	1	0.9259	0.9259	True	0.81	2.26
13	113088961	C	T	SPACA7	3'UTR	10	8	18	0.4444444444444444	2	1	1	1.0974	1	1.0974	1.0	True	0.81	2.26
13	113139563	T	G	TUBGCP3	3'UTR	41	21	62	0.3387096774193548	2	1	1	0.8363	1	0.8363	0.8363	False	0.81	2.26
13	114780779	G	T	RASA3	Silent	28	19	47	0.40425531914893614	2	1	1	0.9982	1	0.9982	0.9982	True	0.81	2.26
14	19969423	C	A	CTD-2311B13.7	RNA	3	13	16	0.8125	2	1	1	2.0062	1	2.0062	1.0	True	0.81	2.26
14	20215645	C	A	OR4Q3	Missense_Mutation	68	12	80	0.15	2	1	1	0.3704	1	0.3704	0.3704	False	0.81	2.26
14	20389376	G	T	OR4K5	Missense_Mutation	35	22	57	0.38596491228070173	2	1	1	0.953	1	0.953	0.953	True	0.81	2.26
14	20404027	T	G	OR4K1	Missense_Mutation	77	33	110	0.3	2	1	1	0.7407	1	0.7407	0.7407	False	0.81	2.26
14	20876503	C	A	TEP1	Missense_Mutation	64	24	88	0.2727272727272727	3	2	1	0.9461	1	0.9461	0.9461	True	0.81	2.26
14	21678724	C	T	HNRNPC	3'UTR	18	14	32	0.4375	3	2	1	1.5177	2	0.7589	0.7589	False	0.81	2.26
14	21873468	G	T	CHD8	Missense_Mutation	23	12	35	0.34285714285714286	3	2	1	1.1894	1	1.1894	1.0	True	0.81	2.26
14	22314791	A	C	TRAV8-2	5'UTR	12	6	18	0.3333333333333333	3	2	1	1.1564	1	1.1564	1.0	True	0.81	2.26
14	22471636	G	A	TRAV18	Missense_Mutation	15	29	44	0.6590909090909091	3	2	1	2.2865	2	1.1432	1.0	True	0.81	2.26
14	23398400	C	A	PRMT5	Intron	83	7	90	0.07777777777777778	3	2	1	0.2698	1	0.2698	0.2698	False	0.81	2.26
14	23540440	A	C	ACIN1	Intron	6	17	23	0.7391304347826086	3	2	1	2.5641	2	1.2821	1.0	True	0.81	2.26
14	23863388	G	A	MYH6	Silent	42	35	77	0.45454545454545453	3	2	1	1.5769	2	0.7884	0.7884	False	0.81	2.26
14	23889297	G	A	MYH7	Silent	21	9	30	0.3	3	2	1	1.0407	1	1.0407	1.0	True	0.81	2.26
14	24028997	G	T	AP1G2	Silent	16	20	36	0.5555555555555556	3	2	1	1.9273	2	0.9636	0.9636	True	0.81	2.26
14	24538876	C	A	LRRC16B	3'UTR	24	15	39	0.38461538461538464	3	2	1	1.3343	1	1.3343	1.0	True	0.81	2.26
14	24641700	G	T	REC8	5'UTR	15	7	22	0.3181818181818182	3	2	1	1.1038	1	1.1038	1.0	True	0.81	2.26
14	24735684	C	T	RABGGTA	Missense_Mutation	31	11	42	0.2619047619047619	3	2	1	0.9086	1	0.9086	0.9086	True	0.81	2.26
14	24773461	G	A	NOP9	Missense_Mutation	11	16	27	0.5925925925925926	3	2	1	2.0558	2	1.0279	1.0	True	0.81	2.26
14	28734240	T	G	BNIP3P1	RNA	39	39	78	0.5	3	2	1	1.7346	2	0.8673	0.8673	True	0.81	2.26
14	31061528	G	T	G2E3	Splice_Site	30	11	41	0.2682926829268293	3	2	1	0.9307	1	0.9307	0.9307	True	0.81	2.26
14	31817009	G	T	HEATR5A	Missense_Mutation	19	8	27	0.2962962962962963	3	2	1	1.0279	1	1.0279	1.0	True	0.81	2.26
14	32560564	G	A	ARHGAP5	Missense_Mutation	6	12	18	0.6666666666666666	3	2	1	2.3128	2	1.1564	1.0	True	0.81	2.26
14	35179856	C	A	CFL2	3'UTR	13	17	30	0.5666666666666667	3	2	1	1.9658	2	0.9829	0.9829	True	0.81	2.26
14	35280232	C	A	BAZ1A	Missense_Mutation	12	21	33	0.6363636363636364	3	2	1	2.2076	2	1.1038	1.0	True	0.81	2.26
14	35470215	G	T	SRP54	Nonsense_Mutation	15	10	25	0.4	3	2	1	1.3877	1	1.3877	1.0	True	0.81	2.26
14	35593314	T	G	KIAA0391	Missense_Mutation	22	32	54	0.5925925925925926	3	2	1	2.0558	2	1.0279	1.0	True	0.81	2.26
14	36789696	G	T	MBIP	Silent	35	21	56	0.375	3	2	1	1.3009	1	1.3009	1.0	True	0.81	2.26
14	37153971	C	T	SLC25A21	Missense_Mutation	25	20	45	0.4444444444444444	3	2	1	1.5418	2	0.7709	0.7709	False	0.81	2.26
14	38679560	C	A	SSTR1	Silent	94	8	102	0.0784313725490196	3	2	1	0.2721	1	0.2721	0.2721	False	0.81	2.26
14	39787170	G	T	CTAGE5	Missense_Mutation	20	15	35	0.42857142857142855	3	2	1	1.4868	1	1.4868	1.0	True	0.81	2.26
14	42361001	G	T	LRFN5	Missense_Mutation	19	16	35	0.45714285714285713	3	2	1	1.5859	2	0.7929	0.7929	False	0.81	2.26
14	45543624	T	G	FAM179B	3'UTR	23	10	33	0.30303030303030304	3	2	1	1.0513	1	1.0513	1.0	True	0.81	2.26
14	45580009	G	A	PRPF39	Missense_Mutation	28	6	34	0.17647058823529413	3	2	1	0.6122	1	0.6122	0.6122	False	0.81	2.26
14	51089957	A	C	ATL1	Missense_Mutation	17	5	22	0.22727272727272727	3	2	1	0.7884	1	0.7884	0.7884	False	0.81	2.26
14	51956034	T	G	FRMD6	5'UTR	6	6	12	0.5	3	2	1	1.7346	2	0.8673	0.8673	True	0.81	2.26
14	53119969	A	C	ERO1L	Missense_Mutation	29	18	47	0.3829787234042553	3	2	1	1.3286	1	1.3286	1.0	True	0.81	2.26
14	54908123	C	A	CNIH1	5'UTR	4	7	11	0.6363636363636364	3	2	1	2.2076	2	1.1038	1.0	True	0.81	2.26
14	55169478	G	T	SAMD4A	Intron	13	12	25	0.48	3	2	1	1.6652	2	0.8326	0.8326	False	0.81	2.26
14	55309870	T	G	GCH1	3'UTR	9	4	13	0.3076923076923077	3	2	1	1.0674	1	1.0674	1.0	True	0.81	2.26
14	55511464	C	A	SOCS4	3'UTR	39	27	66	0.4090909090909091	3	2	1	1.4192	1	1.4192	1.0	True	0.81	2.26
14	55514975	C	A	SOCS4	3'UTR	17	6	23	0.2608695652173913	3	2	1	0.905	1	0.905	0.905	True	0.81	2.26
14	55647934	T	G	DLGAP5	Missense_Mutation	16	22	38	0.5789473684210527	3	2	1	2.0084	2	1.0042	1.0	True	0.81	2.26
14	55903618	G	A	TBPL2	Missense_Mutation	52	29	81	0.35802469135802467	3	2	1	1.242	1	1.242	1.0	True	0.81	2.26
14	56115553	G	T	KTN1	Nonsense_Mutation	14	15	29	0.5172413793103449	3	2	1	1.7944	2	0.8972	0.8972	True	0.81	2.26
14	57673370	G	T	EXOC5	3'UTR	22	10	32	0.3125	3	2	1	1.0841	1	1.0841	1.0	True	0.81	2.26
14	58830965	G	T	ARID4A	Nonsense_Mutation	29	9	38	0.23684210526315788	3	2	1	0.8216	1	0.8216	0.8216	False	0.81	2.26
14	60494680	G	A	LRRC9	Missense_Mutation	17	17	34	0.5	3	2	1	1.7346	2	0.8673	0.8673	True	0.81	2.26
14	60524635	T	G	LRRC9	Missense_Mutation	50	12	62	0.1935483870967742	3	2	1	0.6714	1	0.6714	0.6714	False	0.81	2.26
14	61179529	G	A	SIX4	3'UTR	8	4	12	0.3333333333333333	3	2	1	1.1564	1	1.1564	1.0	True	0.81	2.26
14	63856359	C	T	PPP2R5E	Missense_Mutation	29	15	44	0.3409090909090909	3	2	1	1.1827	1	1.1827	1.0	True	0.81	2.26
14	64151909	C	A	SGPP1	3'UTR	11	4	15	0.26666666666666666	3	2	1	0.9251	1	0.9251	0.9251	True	0.81	2.26
14	64692896	G	A	SYNE2	3'UTR	28	18	46	0.391304347826087	3	2	1	1.3575	1	1.3575	1.0	True	0.81	2.26
14	64988479	A	C	ZBTB1	Missense_Mutation	32	14	46	0.30434782608695654	3	2	1	1.0558	1	1.0558	1.0	True	0.81	2.26
14	65252592	G	T	SPTB	Missense_Mutation	22	4	26	0.15384615384615385	3	2	1	0.5337	1	0.5337	0.5337	False	0.81	2.26
14	65262287	G	A	SPTB	Missense_Mutation	11	23	34	0.6764705882352942	3	2	1	2.3468	2	1.1734	1.0	True	0.81	2.26
14	66028148	G	T	FUT8	5'UTR	4	11	15	0.7333333333333333	3	2	1	2.544	2	1.272	1.0	True	0.81	2.26
14	67647806	C	A	GPHN	3'UTR	38	5	43	0.11627906976744186	3	2	1	0.4034	1	0.4034	0.4034	False	0.81	2.26
14	67850637	C	A	EIF2S1	3'UTR	20	9	29	0.3103448275862069	3	2	1	1.0766	1	1.0766	1.0	True	0.81	2.26
14	69968536	T	C	PLEKHD1	Missense_Mutation	76	21	97	0.21649484536082475	3	2	1	0.7511	1	0.7511	0.7511	False	0.81	2.26
14	70477555	A	G	SMOC1	Missense_Mutation	33	11	44	0.25	3	2	1	0.8673	1	0.8673	0.8673	True	0.81	2.26
14	70634795	C	A	SLC8A3	Missense_Mutation	40	44	84	0.5238095238095238	3	2	1	1.8172	2	0.9086	0.9086	True	0.81	2.26
14	70839086	C	A	SYNJ2BP	3'UTR	12	17	29	0.5862068965517241	3	2	1	2.0336	2	1.0168	1.0	True	0.81	2.26
14	71050981	T	G	MED6	3'UTR	13	6	19	0.3157894736842105	3	2	1	1.0955	1	1.0955	1.0	True	0.81	2.26
14	71059669	C	A	MED6	Nonsense_Mutation	10	13	23	0.5652173913043478	3	2	1	1.9608	2	0.9804	0.9804	True	0.81	2.26
14	71197491	C	T	MAP3K9	Missense_Mutation	40	4	44	0.09090909090909091	3	2	1	0.3154	1	0.3154	0.3154	False	0.81	2.26
14	73436656	C	T	ZFYVE1	3'UTR	13	5	18	0.2777777777777778	3	2	1	0.9636	1	0.9636	0.9636	True	0.81	2.26
14	73716780	C	T	PAPLN	Silent	15	38	53	0.7169811320754716	3	2	1	2.4873	2	1.2437	1.0	True	0.81	2.26
14	73945377	G	T	HEATR4	Missense_Mutation	25	19	44	0.4318181818181818	3	2	1	1.498	1	1.498	1.0	True	0.81	2.26
14	73989503	G	T	HEATR4	Missense_Mutation	108	11	119	0.09243697478991597	3	2	1	0.3207	1	0.3207	0.3207	False	0.81	2.26
14	74874593	A	G	SYNDIG1L	Missense_Mutation	34	9	43	0.20930232558139536	3	2	1	0.7261	1	0.7261	0.7261	False	0.81	2.26
14	75264334	G	A	YLPM1	Silent	26	9	35	0.2571428571428571	3	2	1	0.8921	1	0.8921	0.8921	True	0.81	2.26
14	75276969	C	T	YLPM1	Missense_Mutation	12	22	34	0.6470588235294118	3	2	1	2.2447	2	1.1224	1.0	True	0.81	2.26
14	75515686	C	T	MLH3	Missense_Mutation	27	17	44	0.38636363636363635	3	2	1	1.3403	1	1.3403	1.0	True	0.81	2.26
14	75520095	A	C	ACYP1	3'UTR	6	11	17	0.6470588235294118	3	2	1	2.2447	2	1.1224	1.0	True	0.81	2.26
14	77857358	C	A	SAMD15	Missense_Mutation	33	19	52	0.36538461538461536	3	2	1	1.2676	1	1.2676	1.0	True	0.81	2.26
14	80330193	C	A	NRXN3	3'Flank	4	10	14	0.7142857142857143	3	2	1	2.478	2	1.239	1.0	True	0.81	2.26
14	81259455	C	A	CEP128	Splice_Site	12	15	27	0.5555555555555556	3	2	1	1.9273	2	0.9636	0.9636	True	0.81	2.26
14	86092531	G	T	FLRT2	3'UTR	28	6	34	0.17647058823529413	3	2	1	0.6122	1	0.6122	0.6122	False	0.81	2.26
14	89030019	G	T	ZC3H14	Nonsense_Mutation	76	9	85	0.10588235294117647	3	2	1	0.3673	1	0.3673	0.3673	False	0.81	2.26
14	91367044	G	A	RPS6KA5	Missense_Mutation	28	17	45	0.37777777777777777	3	2	1	1.3106	1	1.3106	1.0	True	0.81	2.26
14	92357639	G	A	FBLN5	Missense_Mutation	36	32	68	0.47058823529411764	3	2	1	1.6325	2	0.8163	0.8163	False	0.81	2.26
14	92403427	C	T	FBLN5	Silent	24	12	36	0.3333333333333333	3	2	1	1.1564	1	1.1564	1.0	True	0.81	2.26
14	92600677	C	A	CPSF2	Missense_Mutation	13	5	18	0.2777777777777778	3	2	1	0.9636	1	0.9636	0.9636	True	0.81	2.26
14	92628360	C	A	CPSF2	3'UTR	28	15	43	0.3488372093023256	3	2	1	1.2102	1	1.2102	1.0	True	0.81	2.26
14	93704169	G	T	BTBD7	3'UTR	13	13	26	0.5	3	2	1	1.7346	2	0.8673	0.8673	True	0.81	2.26
14	94745655	G	T	PPP4R4	3'UTR	39	13	52	0.25	3	2	1	0.8673	1	0.8673	0.8673	True	0.81	2.26
14	96730280	C	A	BDKRB1	Silent	24	4	28	0.14285714285714285	3	2	1	0.4956	1	0.4956	0.4956	False	0.81	2.26
14	101489754	C	T	MIR411	RNA	40	15	55	0.2727272727272727	3	2	1	0.9461	1	0.9461	0.9461	True	0.81	2.26
14	103933448	G	T	MARK3	Nonsense_Mutation	49	4	53	0.07547169811320754	3	2	1	0.2618	1	0.2618	0.2618	False	0.81	2.26
14	103996400	C	T	TRMT61A	Missense_Mutation	6	16	22	0.7272727272727273	3	2	1	2.523	2	1.2615	1.0	True	0.81	2.26
14	105411339	G	A	AHNAK2	Silent	107	29	136	0.21323529411764705	3	2	1	0.7397	1	0.7397	0.7397	False	0.81	2.26
15	20588565	G	T	HERC2P3	RNA	100	10	110	0.09090909090909091	2	1	1	0.2245	1	0.2245	0.2245	False	0.81	2.26
15	22472977	G	T	IGHV4OR15-8	Missense_Mutation	291	60	351	0.17094017094017094	2	1	1	0.4221	1	0.4221	0.4221	False	0.81	2.26
15	23043638	A	G	NIPA1	3'UTR	13	4	17	0.23529411764705882	2	1	1	0.581	1	0.581	0.581	False	0.81	2.26
15	23048582	G	T	NIPA1	3'UTR	4	7	11	0.6363636363636364	2	1	1	1.5713	1	1.5713	1.0	True	0.81	2.26
15	23441115	A	C	AC100757.1	5'Flank	160	33	193	0.17098445595854922	2	1	1	0.4222	1	0.4222	0.4222	False	0.81	2.26
15	23931648	G	A	NDN	Silent	28	15	43	0.3488372093023256	3	2	1	1.2102	1	1.2102	1.0	True	0.81	2.26
15	24928086	C	A	NPAP1	3'UTR	10	4	14	0.2857142857142857	3	2	1	0.9912	1	0.9912	0.9912	True	0.81	2.26
15	25304762	C	A	SNORD116-3	3'Flank	59	39	98	0.3979591836734694	3	2	1	1.3806	1	1.3806	1.0	True	0.81	2.26
15	25325293	C	T	SNORD116-14	RNA	61	32	93	0.34408602150537637	3	2	1	1.1937	1	1.1937	1.0	True	0.81	2.26
15	25959337	G	T	ATP10A	Missense_Mutation	85	6	91	0.06593406593406594	3	2	1	0.2287	1	0.2287	0.2287	False	0.81	2.26
15	26789138	G	T	GABRB3	3'UTR	10	5	15	0.3333333333333333	3	2	1	1.1564	1	1.1564	1.0	True	0.81	2.26
15	26866553	G	T	GABRB3	Missense_Mutation	20	13	33	0.3939393939393939	3	2	1	1.3666	1	1.3666	1.0	True	0.81	2.26
15	29410481	C	T	APBA2	3'UTR	10	4	14	0.2857142857142857	3	2	1	0.9912	1	0.9912	0.9912	True	0.81	2.26
15	31235282	A	C	MTMR10	Intron	16	15	31	0.4838709677419355	3	2	1	1.6786	2	0.8393	0.8393	False	0.81	2.26
15	31323354	C	T	TRPM1	Missense_Mutation	11	13	24	0.5416666666666666	3	2	1	1.8791	2	0.9396	0.9396	True	0.81	2.26
15	32929049	C	A	ARHGAP11A	Nonsense_Mutation	15	15	30	0.5	3	2	1	1.7346	2	0.8673	0.8673	True	0.81	2.26
15	32929321	G	T	ARHGAP11A	Missense_Mutation	5	7	12	0.5833333333333334	3	2	1	2.0237	2	1.0118	1.0	True	0.81	2.26
15	33916126	G	T	RYR3	Nonsense_Mutation	14	8	22	0.36363636363636365	3	2	1	1.2615	1	1.2615	1.0	True	0.81	2.26
15	33922157	A	C	RYR3	Missense_Mutation	31	5	36	0.1388888888888889	3	2	1	0.4818	1	0.4818	0.4818	False	0.81	2.26
15	33925220	G	T	RYR3	Nonsense_Mutation	33	29	62	0.46774193548387094	3	2	1	1.6227	2	0.8113	0.8113	False	0.81	2.26
15	34123273	C	A	RYR3	Missense_Mutation	29	16	45	0.35555555555555557	3	2	1	1.2335	1	1.2335	1.0	True	0.81	2.26
15	34159807	G	A	AVEN	Silent	66	47	113	0.415929203539823	3	2	1	1.4429	1	1.4429	1.0	True	0.81	2.26
15	34159866	G	T	AVEN	Missense_Mutation	54	36	90	0.4	3	2	1	1.3877	1	1.3877	1.0	True	0.81	2.26
15	34355106	C	A	CHRM5	Missense_Mutation	55	28	83	0.3373493975903614	3	2	1	1.1703	1	1.1703	1.0	True	0.81	2.26
15	34528947	G	A	SLC12A6	Missense_Mutation	20	21	41	0.5121951219512195	3	2	1	1.7769	2	0.8884	0.8884	True	0.81	2.26
15	34530594	G	A	SLC12A6	Nonsense_Mutation	20	25	45	0.5555555555555556	3	2	1	1.9273	2	0.9636	0.9636	True	0.81	2.26
15	37183977	G	T	MEIS2	3'UTR	25	4	29	0.13793103448275862	3	2	1	0.4785	1	0.4785	0.4785	False	0.81	2.26
15	39545141	A	C	C15orf54	3'UTR	16	14	30	0.4666666666666667	3	2	1	1.6189	2	0.8095	0.8095	False	0.81	2.26
15	41988446	T	C	MGA	Missense_Mutation	5	7	12	0.5833333333333334	3	2	1	2.0237	2	1.0118	1.0	True	0.81	2.26
15	42019411	G	A	MGA	Missense_Mutation	25	32	57	0.5614035087719298	3	2	1	1.9476	2	0.9738	0.9738	True	0.81	2.26
15	42105917	C	T	MAPKBP1	Silent	48	12	60	0.2	3	2	1	0.6938	1	0.6938	0.6938	False	0.81	2.26
15	42143524	C	T	SPTBN5	Missense_Mutation	27	18	45	0.4	3	2	1	1.3877	1	1.3877	1.0	True	0.81	2.26
15	42163983	G	A	SPTBN5	Silent	31	17	48	0.3541666666666667	3	2	1	1.2287	1	1.2287	1.0	True	0.81	2.26
15	42749157	G	A	ZNF106	Nonsense_Mutation	29	11	40	0.275	3	2	1	0.954	1	0.954	0.954	True	0.81	2.26
15	42982495	G	A	STARD9	Missense_Mutation	10	8	18	0.4444444444444444	3	2	1	1.5418	2	0.7709	0.7709	False	0.81	2.26
15	42986793	C	T	STARD9	Nonsense_Mutation	12	13	25	0.52	3	2	1	1.804	2	0.902	0.902	True	0.81	2.26
15	44059106	C	A	PDIA3	Missense_Mutation	52	25	77	0.3246753246753247	3	2	1	1.1263	1	1.1263	1.0	True	0.81	2.26
15	44828663	C	A	EIF3J	5'Flank	31	20	51	0.39215686274509803	3	2	1	1.3604	1	1.3604	1.0	True	0.81	2.26
15	44960623	C	T	PATL2	Missense_Mutation	21	22	43	0.5116279069767442	3	2	1	1.7749	2	0.8875	0.8875	True	0.81	2.26
15	44961558	C	T	PATL2	Silent	34	3	37	0.08108108108108109	3	2	1	0.2813	1	0.2813	0.2813	False	0.81	2.26
15	45007661	G	T	B2M	Missense_Mutation	35	31	66	0.4696969696969697	3	2	1	1.6294	2	0.8147	0.8147	False	0.81	2.26
15	45404142	G	T	DUOX2	Missense_Mutation	65	24	89	0.2696629213483146	3	2	1	0.9355	1	0.9355	0.9355	True	0.81	2.26
15	45778835	G	T	SLC30A4	Missense_Mutation	59	8	67	0.11940298507462686	3	2	1	0.4142	1	0.4142	0.4142	False	0.81	2.26
15	48493879	C	A	CTXN2	3'UTR	29	7	36	0.19444444444444445	3	2	1	0.6746	1	0.6746	0.6746	False	0.81	2.26
15	48500062	C	A	SLC12A1	Missense_Mutation	28	10	38	0.2631578947368421	3	2	1	0.9129	1	0.9129	0.9129	True	0.81	2.26
15	48522604	G	T	SLC12A1	Missense_Mutation	27	24	51	0.47058823529411764	3	2	1	1.6325	2	0.8163	0.8163	False	0.81	2.26
15	48537001	C	A	SLC12A1	Missense_Mutation	17	17	34	0.5	3	2	1	1.7346	2	0.8673	0.8673	True	0.81	2.26
15	48755431	C	A	FBN1	Missense_Mutation	41	34	75	0.4533333333333333	3	2	1	1.5727	2	0.7863	0.7863	False	0.81	2.26
15	48892384	C	T	FBN1	Missense_Mutation	13	16	29	0.5517241379310345	3	2	1	1.914	2	0.957	0.957	True	0.81	2.26
15	49620866	C	T	GALK2	3'Flank	63	6	69	0.08695652173913043	3	2	1	0.3017	1	0.3017	0.3017	False	0.81	2.26
15	50279707	T	G	ATP8B4	Missense_Mutation	19	10	29	0.3448275862068966	3	2	1	1.1963	1	1.1963	1.0	True	0.81	2.26
15	50741645	G	A	USP8	Missense_Mutation	7	10	17	0.5882352941176471	3	2	1	2.0407	2	1.0203	1.0	True	0.81	2.26
15	50769499	G	A	USP8	Missense_Mutation	33	6	39	0.15384615384615385	3	2	1	0.5337	1	0.5337	0.5337	False	0.81	2.26
15	51799381	G	T	DMXL2	Missense_Mutation	27	30	57	0.5263157894736842	3	2	1	1.8259	2	0.9129	0.9129	True	0.81	2.26
15	52605815	T	G	MYO5A	3'UTR	27	21	48	0.4375	3	2	1	1.5177	2	0.7589	0.7589	False	0.81	2.26
15	53997233	A	C	WDR72	Missense_Mutation	40	5	45	0.1111111111111111	3	2	1	0.3855	1	0.3855	0.3855	False	0.81	2.26
15	54556398	G	A	UNC13C	Missense_Mutation	8	13	21	0.6190476190476191	3	2	1	2.1476	2	1.0738	1.0	True	0.81	2.26
15	54685325	T	C	UNC13C	Missense_Mutation	37	12	49	0.24489795918367346	3	2	1	0.8496	1	0.8496	0.8496	False	0.81	2.26
15	57535677	C	A	TCF12	Missense_Mutation	33	27	60	0.45	3	2	1	1.5611	2	0.7806	0.7806	False	0.81	2.26
15	57565412	C	A	TCF12	Missense_Mutation	23	4	27	0.14814814814814814	3	2	1	0.5139	1	0.5139	0.5139	False	0.81	2.26
15	57578708	T	G	TCF12	3'UTR	23	16	39	0.41025641025641024	3	2	1	1.4232	1	1.4232	1.0	True	0.81	2.26
15	58830637	G	A	LIPC	Missense_Mutation	42	15	57	0.2631578947368421	3	2	1	0.9129	1	0.9129	0.9129	True	0.81	2.26
15	58888708	G	A	ADAM10	3'UTR	28	17	45	0.37777777777777777	3	2	1	1.3106	1	1.3106	1.0	True	0.81	2.26
15	58889122	G	T	ADAM10	3'UTR	13	13	26	0.5	3	2	1	1.7346	2	0.8673	0.8673	True	0.81	2.26
15	58919929	G	T	ADAM10	Missense_Mutation	57	16	73	0.2191780821917808	3	2	1	0.7604	1	0.7604	0.7604	False	0.81	2.26
15	59814617	C	T	FAM81A	3'UTR	11	8	19	0.42105263157894735	3	2	1	1.4607	1	1.4607	1.0	True	0.81	2.26
15	59911610	C	T	GCNT3	Silent	32	15	47	0.3191489361702128	3	2	1	1.1072	1	1.1072	1.0	True	0.81	2.26
15	62167942	C	A	VPS13C	Nonsense_Mutation	32	11	43	0.2558139534883721	3	2	1	0.8875	1	0.8875	0.8875	True	0.81	2.26
15	62212748	C	A	VPS13C	Missense_Mutation	25	3	28	0.10714285714285714	3	2	1	0.3717	1	0.3717	0.3717	False	0.81	2.26
15	62361109	T	G	C2CD4A	3'UTR	26	13	39	0.3333333333333333	3	2	1	1.1564	1	1.1564	1.0	True	0.81	2.26
15	62361412	C	T	C2CD4A	3'UTR	18	10	28	0.35714285714285715	3	2	1	1.239	1	1.239	1.0	True	0.81	2.26
15	62362082	A	G	C2CD4A	3'UTR	21	8	29	0.27586206896551724	3	2	1	0.957	1	0.957	0.957	True	0.81	2.26
15	63419115	G	A	LACTB	Missense_Mutation	29	25	54	0.46296296296296297	3	2	1	1.6061	2	0.803	0.803	False	0.81	2.26
15	63638869	G	A	CA12	Missense_Mutation	50	7	57	0.12280701754385964	3	2	1	0.426	1	0.426	0.426	False	0.81	2.26
15	63978705	C	T	HERC1	Silent	20	16	36	0.4444444444444444	3	2	1	1.5418	2	0.7709	0.7709	False	0.81	2.26
15	64459101	G	T	CSNK1G1	3'UTR	5	9	14	0.6428571428571429	3	2	1	2.2302	2	1.1151	1.0	True	0.81	2.26
15	65032837	A	C	RBPMS2	3'UTR	27	8	35	0.22857142857142856	3	2	1	0.7929	1	0.7929	0.7929	False	0.81	2.26
15	65298530	C	A	MTFMT	Splice_Site	12	7	19	0.3684210526315789	3	2	1	1.2781	1	1.2781	1.0	True	0.81	2.26
15	65459035	T	C	CLPX	Silent	52	23	75	0.30666666666666664	3	2	1	1.0639	1	1.0639	1.0	True	0.81	2.26
15	65623976	G	A	IGDCC3	Silent	8	8	16	0.5	3	2	1	1.7346	2	0.8673	0.8673	True	0.81	2.26
15	65808057	G	A	DPP8	5'UTR	26	10	36	0.2777777777777778	3	2	1	0.9636	1	0.9636	0.9636	True	0.81	2.26
15	66191194	T	C	MEGF11	Missense_Mutation	27	31	58	0.5344827586206896	3	2	1	1.8542	2	0.9271	0.9271	True	0.81	2.26
15	66601178	T	G	DIS3L	Missense_Mutation	19	39	58	0.6724137931034483	3	2	1	2.3327	2	1.1663	1.0	True	0.81	2.26
15	67571744	C	A	IQCH	Missense_Mutation	36	16	52	0.3076923076923077	3	2	1	1.0674	1	1.0674	1.0	True	0.81	2.26
15	67636508	G	T	IQCH	Missense_Mutation	38	5	43	0.11627906976744186	3	2	1	0.4034	1	0.4034	0.4034	False	0.81	2.26
15	67855642	G	A	MAP2K5	Missense_Mutation	24	14	38	0.3684210526315789	3	2	1	1.2781	1	1.2781	1.0	True	0.81	2.26
15	69562099	C	A	GLCE	3'UTR	9	10	19	0.5263157894736842	3	2	1	1.8259	2	0.9129	0.9129	True	0.81	2.26
15	72143639	C	T	MYO9A	Missense_Mutation	17	14	31	0.45161290322580644	3	2	1	1.5667	2	0.7834	0.7834	False	0.81	2.26
15	73614034	G	T	HCN4	3'UTR	51	17	68	0.25	3	2	1	0.8673	1	0.8673	0.8673	True	0.81	2.26
15	74636265	G	A	CYP11A1	Nonsense_Mutation	14	12	26	0.46153846153846156	3	2	1	1.6011	2	0.8006	0.8006	False	0.81	2.26
15	75714842	A	C	SIN3A	Intron	13	12	25	0.48	3	2	1	1.6652	2	0.8326	0.8326	False	0.81	2.26
15	77241929	A	C	RCN2	3'UTR	35	37	72	0.5138888888888888	3	2	1	1.7828	2	0.8914	0.8914	True	0.81	2.26
15	78466040	C	A	ACSBG1	Nonsense_Mutation	28	9	37	0.24324324324324326	3	2	1	0.8438	1	0.8438	0.8438	False	0.81	2.26
15	78526716	G	A	ACSBG1	Missense_Mutation	29	24	53	0.4528301886792453	3	2	1	1.5709	2	0.7855	0.7855	False	0.81	2.26
15	79587407	G	T	ANKRD34C	3'UTR	27	8	35	0.22857142857142856	3	2	1	0.7929	1	0.7929	0.7929	False	0.81	2.26
15	79762481	C	A	KIAA1024	3'UTR	5	5	10	0.5	3	2	1	1.7346	2	0.8673	0.8673	True	0.81	2.26
15	80430470	C	A	ZFAND6	3'UTR	84	22	106	0.20754716981132076	3	2	1	0.72	1	0.72	0.72	False	0.81	2.26
15	82337868	C	T	MEX3B	Missense_Mutation	6	10	16	0.625	3	2	1	2.1682	2	1.0841	1.0	True	0.81	2.26
15	84707286	C	T	ADAMTSL3	3'UTR	24	13	37	0.35135135135135137	3	2	1	1.2189	1	1.2189	1.0	True	0.81	2.26
15	85634397	C	T	PDE8A	Silent	14	16	30	0.5333333333333333	3	2	1	1.8502	2	0.9251	0.9251	True	0.81	2.26
15	86122974	G	A	AKAP13	Missense_Mutation	12	10	22	0.45454545454545453	3	2	1	1.5769	2	0.7884	0.7884	False	0.81	2.26
15	86189083	A	G	AKAP13	Silent	18	26	44	0.5909090909090909	3	2	1	2.0499	2	1.025	1.0	True	0.81	2.26
15	86801232	A	T	AGBL1	Missense_Mutation	15	21	36	0.5833333333333334	3	2	1	2.0237	2	1.0118	1.0	True	0.81	2.26
15	88670452	C	T	NTRK3	Missense_Mutation	30	31	61	0.5081967213114754	3	2	1	1.763	2	0.8815	0.8815	True	0.81	2.26
15	89695055	C	T	ABHD2	Silent	26	29	55	0.5272727272727272	3	2	1	1.8292	2	0.9146	0.9146	True	0.81	2.26
15	89739131	G	T	ABHD2	3'UTR	15	18	33	0.5454545454545454	3	2	1	1.8923	2	0.9461	0.9461	True	0.81	2.26
15	90380889	G	A	C15orf38-AP3S2	Silent	50	15	65	0.23076923076923078	3	2	1	0.8006	1	0.8006	0.8006	False	0.81	2.26
15	90630477	G	A	IDH2	Silent	99	7	106	0.0660377358490566	3	2	1	0.2291	1	0.2291	0.2291	False	0.81	2.26
15	90806940	A	C	TTLL13	3'Flank	22	12	34	0.35294117647058826	3	2	1	1.2244	1	1.2244	1.0	True	0.81	2.26
15	91522442	G	T	PRC1	Silent	20	12	32	0.375	3	2	1	1.3009	1	1.3009	1.0	True	0.81	2.26
15	91803627	G	T	SV2B	Missense_Mutation	32	22	54	0.4074074074074074	3	2	1	1.4134	1	1.4134	1.0	True	0.81	2.26
15	92690258	C	T	SLCO3A1	Silent	41	7	48	0.14583333333333334	3	2	1	0.5059	1	0.5059	0.5059	False	0.81	2.26
15	93498652	G	T	CHD2	Splice_Site	50	10	60	0.16666666666666666	3	2	1	0.5782	1	0.5782	0.5782	False	0.81	2.26
15	99926251	T	C	LRRC28	Missense_Mutation	53	43	96	0.4479166666666667	3	2	1	1.5539	2	0.7769	0.7769	False	0.81	2.26
16	746935	G	A	FBXL16	Silent	13	9	22	0.4090909090909091	2	1	1	1.0101	1	1.0101	1.0	True	0.81	2.26
16	818830	G	C	MSLN	3'UTR	17	16	33	0.48484848484848486	2	1	1	1.1972	1	1.1972	1.0	True	0.81	2.26
16	1279324	C	T	TPSB2	Missense_Mutation	8	14	22	0.6363636363636364	2	1	1	1.5713	1	1.5713	1.0	True	0.81	2.26
16	2815604	G	A	SRRM2	Missense_Mutation	16	11	27	0.4074074074074074	2	1	1	1.0059	1	1.0059	1.0	True	0.81	2.26
16	3065923	C	T	CLDN6	Missense_Mutation	33	18	51	0.35294117647058826	2	1	1	0.8715	1	0.8715	0.8715	True	0.81	2.26
16	3283659	G	A	ZNF200	Nonsense_Mutation	48	30	78	0.38461538461538464	2	1	1	0.9497	1	0.9497	0.9497	True	0.81	2.26
16	3367772	G	T	ZNF75A	Missense_Mutation	24	7	31	0.22580645161290322	2	1	1	0.5575	1	0.5575	0.5575	False	0.81	2.26
16	3716085	T	G	TRAP1	Missense_Mutation	21	14	35	0.4	2	1	1	0.9877	1	0.9877	0.9877	True	0.81	2.26
16	4013250	G	T	ADCY9	3'UTR	14	13	27	0.48148148148148145	2	1	1	1.1888	1	1.1888	1.0	True	0.81	2.26
16	7743326	C	T	RBFOX1	Intron	35	24	59	0.4067796610169492	2	1	1	1.0044	1	1.0044	1.0	True	0.81	2.26
16	9210781	T	G	C16orf72	3'UTR	42	16	58	0.27586206896551724	2	1	1	0.6811	1	0.6811	0.6811	False	0.81	2.26
16	10527395	G	T	ATF7IP2	Missense_Mutation	13	8	21	0.38095238095238093	2	1	1	0.9406	1	0.9406	0.9406	True	0.81	2.26
16	11410499	G	A	Y_RNA	3'Flank	6	12	18	0.6666666666666666	2	1	1	1.6461	1	1.6461	1.0	True	0.81	2.26
16	15129879	A	C	PDXDC1	Missense_Mutation	13	3	16	0.1875	2	1	1	0.463	1	0.463	0.463	False	0.81	2.26
16	15781284	G	A	NDE1	Missense_Mutation	15	12	27	0.4444444444444444	2	1	1	1.0974	1	1.0974	1.0	True	0.81	2.26
16	18555003	C	T	NOMO2	Missense_Mutation	136	54	190	0.28421052631578947	2	1	1	0.7018	1	0.7018	0.7018	False	0.81	2.26
16	18853716	C	A	SMG1	Nonsense_Mutation	44	25	69	0.36231884057971014	2	1	1	0.8946	1	0.8946	0.8946	True	0.81	2.26
16	19452142	C	T	TMC5	Missense_Mutation	20	6	26	0.23076923076923078	2	1	1	0.5698	1	0.5698	0.5698	False	0.81	2.26
16	19717787	A	G	KNOP1	3'UTR	17	10	27	0.37037037037037035	2	1	1	0.9145	1	0.9145	0.9145	True	0.81	2.26
16	19867934	A	C	IQCK	3'UTR	13	16	29	0.5517241379310345	2	1	1	1.3623	1	1.3623	1.0	True	0.81	2.26
16	22151519	A	G	VWA3A	Silent	12	4	16	0.25	2	1	1	0.6173	1	0.6173	0.6173	False	0.81	2.26
16	23226433	C	T	SCNN1G	Silent	34	12	46	0.2608695652173913	2	1	1	0.6441	1	0.6441	0.6441	False	0.81	2.26
16	23712368	G	A	ERN2	Missense_Mutation	34	5	39	0.1282051282051282	2	1	1	0.3166	1	0.3166	0.3166	False	0.81	2.26
16	24583685	G	T	RBBP6	Missense_Mutation	6	4	10	0.4	2	1	1	0.9877	1	0.9877	0.9877	True	0.81	2.26
16	25255472	G	A	ZKSCAN2	Nonsense_Mutation	16	11	27	0.4074074074074074	2	1	1	1.0059	1	1.0059	1.0	True	0.81	2.26
16	27514202	G	A	GTF3C1	Missense_Mutation	25	9	34	0.2647058823529412	2	1	1	0.6536	1	0.6536	0.6536	False	0.81	2.26
16	28913205	G	A	ATP2A1	Missense_Mutation	12	11	23	0.4782608695652174	2	1	1	1.1809	1	1.1809	1.0	True	0.81	2.26
16	28965978	G	T	NFATC2IP	Nonsense_Mutation	11	7	18	0.3888888888888889	2	1	1	0.9602	1	0.9602	0.9602	True	0.81	2.26
16	29376245	C	A	SNX29P2	RNA	34	9	43	0.20930232558139536	2	1	1	0.5168	1	0.5168	0.5168	False	0.81	2.26
16	29917976	C	T	KCTD13	3'UTR	27	16	43	0.37209302325581395	2	1	1	0.9187	1	0.9187	0.9187	True	0.81	2.26
16	30005050	C	T	HIRIP3	Missense_Mutation	1	7	8	0.875	2	1	1	2.1605	1	2.1605	1.0	True	0.81	2.26
16	30789797	C	A	ZNF629	3'UTR	11	15	26	0.5769230769230769	2	1	1	1.4245	1	1.4245	1.0	True	0.81	2.26
16	31341725	T	A	ITGAM	Missense_Mutation	24	15	39	0.38461538461538464	2	1	1	0.9497	1	0.9497	0.9497	True	0.81	2.26
16	31926312	G	T	ZNF267	Nonsense_Mutation	11	7	18	0.3888888888888889	2	1	1	0.9602	1	0.9602	0.9602	True	0.81	2.26
16	46534229	C	A	ANKRD26P1	RNA	9	5	14	0.35714285714285715	2	1	1	0.8818	1	0.8818	0.8818	True	0.81	2.26
16	47730313	A	G	PHKB	Missense_Mutation	26	25	51	0.49019607843137253	2	1	1	1.2104	1	1.2104	1.0	True	0.81	2.26
16	48117912	C	A	ABCC12	Missense_Mutation	26	5	31	0.16129032258064516	2	1	1	0.3982	1	0.3982	0.3982	False	0.81	2.26
16	49313466	C	A	CBLN1	Missense_Mutation	28	21	49	0.42857142857142855	2	1	1	1.0582	1	1.0582	1.0	True	0.81	2.26
16	49672088	G	A	ZNF423	Silent	19	10	29	0.3448275862068966	2	1	1	0.8514	1	0.8514	0.8514	True	0.81	2.26
16	50813694	A	G	CYLD	Silent	19	15	34	0.4411764705882353	2	1	1	1.0893	1	1.0893	1.0	True	0.81	2.26
16	53190997	G	T	CHD9	Missense_Mutation	17	13	30	0.43333333333333335	2	1	1	1.07	1	1.07	1.0	True	0.81	2.26
16	53281228	G	T	CHD9	Nonsense_Mutation	16	5	21	0.23809523809523808	2	1	1	0.5879	1	0.5879	0.5879	False	0.81	2.26
16	53476581	T	G	RBL2	Missense_Mutation	10	8	18	0.4444444444444444	2	1	1	1.0974	1	1.0974	1.0	True	0.81	2.26
16	53653105	G	A	RPGRIP1L	Missense_Mutation	11	6	17	0.35294117647058826	2	1	1	0.8715	1	0.8715	0.8715	True	0.81	2.26
16	56403161	C	A	AMFR	Nonsense_Mutation	35	10	45	0.2222222222222222	2	1	1	0.5487	1	0.5487	0.5487	False	0.81	2.26
16	57207661	G	A	FAM192A	Nonsense_Mutation	43	26	69	0.37681159420289856	2	1	1	0.9304	1	0.9304	0.9304	True	0.81	2.26
16	57549323	G	A	CCDC102A	Nonsense_Mutation	9	6	15	0.4	2	1	1	0.9877	1	0.9877	0.9877	True	0.81	2.26
16	64980889	C	A	CDH11	3'UTR	24	7	31	0.22580645161290322	2	1	1	0.5575	1	0.5575	0.5575	False	0.81	2.26
16	64982588	C	A	CDH11	Intron	10	9	19	0.47368421052631576	2	1	1	1.1696	1	1.1696	1.0	True	0.81	2.26
16	66420777	C	A	CDH5	Silent	18	16	34	0.47058823529411764	2	1	1	1.1619	1	1.1619	1.0	True	0.81	2.26
16	66819730	C	T	CCDC79	Missense_Mutation	22	9	31	0.2903225806451613	2	1	1	0.7168	1	0.7168	0.7168	False	0.81	2.26
16	67296265	G	A	SLC9A5	Intron	23	8	31	0.25806451612903225	2	1	1	0.6372	1	0.6372	0.6372	False	0.81	2.26
16	67424436	G	A	TPPP3	Silent	14	7	21	0.3333333333333333	2	1	1	0.823	1	0.823	0.823	False	0.81	2.26
16	67432572	C	T	ZDHHC1	Missense_Mutation	11	12	23	0.5217391304347826	2	1	1	1.2882	1	1.2882	1.0	True	0.81	2.26
16	67654642	C	T	CTCF	Missense_Mutation	57	10	67	0.14925373134328357	2	1	1	0.3685	1	0.3685	0.3685	False	0.81	2.26
16	69153460	G	T	CHTF8	Missense_Mutation	10	6	16	0.375	2	1	1	0.9259	1	0.9259	0.9259	True	0.81	2.26
16	69153512	C	T	CHTF8	Missense_Mutation	17	10	27	0.37037037037037035	2	1	1	0.9145	1	0.9145	0.9145	True	0.81	2.26
16	70070482	C	A	PDXDC2P	Splice_Site	33	27	60	0.45	2	1	1	1.1111	1	1.1111	1.0	True	0.81	2.26
16	70589097	C	T	SF3B3	Silent	40	22	62	0.3548387096774194	2	1	1	0.8761	1	0.8761	0.8761	True	0.81	2.26
16	70817011	C	A	VAC14	Nonsense_Mutation	10	7	17	0.4117647058823529	2	1	1	1.0167	1	1.0167	1.0	True	0.81	2.26
16	70942301	G	A	HYDIN	Silent	27	10	37	0.2702702702702703	2	1	1	0.6673	1	0.6673	0.6673	False	0.81	2.26
16	71571256	C	T	CHST4	Missense_Mutation	13	8	21	0.38095238095238093	2	1	1	0.9406	1	0.9406	0.9406	True	0.81	2.26
16	71888227	C	A	ATXN1L	3'UTR	32	6	38	0.15789473684210525	2	1	1	0.3899	1	0.3899	0.3899	False	0.81	2.26
16	71888787	A	C	ATXN1L	3'UTR	8	3	11	0.2727272727272727	2	1	1	0.6734	1	0.6734	0.6734	False	0.81	2.26
16	72108213	C	T	HPR	Missense_Mutation	77	40	117	0.3418803418803419	2	1	1	0.8441	1	0.8441	0.8441	False	0.81	2.26
16	75203871	G	T	ZFP1	Missense_Mutation	14	17	31	0.5483870967741935	2	1	1	1.354	1	1.354	1.0	True	0.81	2.26
16	76350257	C	A	CNTNAP4	Intron	57	28	85	0.32941176470588235	2	1	1	0.8134	1	0.8134	0.8134	False	0.81	2.26
16	77232019	C	T	MON1B	Silent	26	18	44	0.4090909090909091	2	1	1	1.0101	1	1.0101	1.0	True	0.81	2.26
16	79630757	T	G	MAF	Intron	16	7	23	0.30434782608695654	2	1	1	0.7515	1	0.7515	0.7515	False	0.81	2.26
16	80646527	G	A	CDYL2	Missense_Mutation	32	24	56	0.42857142857142855	2	1	1	1.0582	1	1.0582	1.0	True	0.81	2.26
16	80667029	G	A	CDYL2	Missense_Mutation	29	19	48	0.3958333333333333	2	1	1	0.9774	1	0.9774	0.9774	True	0.81	2.26
16	81694542	C	A	CMIP	Missense_Mutation	18	8	26	0.3076923076923077	2	1	1	0.7597	1	0.7597	0.7597	False	0.81	2.26
16	81914521	G	A	PLCG2	Missense_Mutation	40	27	67	0.40298507462686567	2	1	1	0.995	1	0.995	0.995	True	0.81	2.26
16	81942053	G	A	PLCG2	Silent	31	13	44	0.29545454545454547	2	1	1	0.7295	1	0.7295	0.7295	False	0.81	2.26
16	82131750	A	G	HSD17B2	Silent	17	13	30	0.43333333333333335	2	1	1	1.07	1	1.07	1.0	True	0.81	2.26
16	82197767	C	A	MPHOSPH6	Missense_Mutation	12	8	20	0.4	2	1	1	0.9877	1	0.9877	0.9877	True	0.81	2.26
16	83945828	C	T	MLYCD	Silent	36	4	40	0.1	2	1	1	0.2469	1	0.2469	0.2469	False	0.81	2.26
16	84229863	G	A	ADAD2	Silent	33	6	39	0.15384615384615385	2	1	1	0.3799	1	0.3799	0.3799	False	0.81	2.26
16	86544554	G	A	FOXF1	Missense_Mutation	25	14	39	0.358974358974359	2	1	1	0.8864	1	0.8864	0.8864	True	0.81	2.26
16	89592852	A	G	SPG7	Missense_Mutation	38	27	65	0.4153846153846154	2	1	1	1.0256	1	1.0256	1.0	True	0.81	2.26
17	1340306	G	T	CRK	Missense_Mutation	29	12	41	0.2926829268292683	2	1	1	0.7227	1	0.7227	0.7227	False	0.81	2.26
17	2185971	C	A	SMG6	Missense_Mutation	31	27	58	0.46551724137931033	2	1	1	1.1494	1	1.1494	1.0	True	0.81	2.26
17	2587080	G	A	PAFAH1B1	3'UTR	25	7	32	0.21875	2	1	1	0.5401	1	0.5401	0.5401	False	0.81	2.26
17	2934290	G	A	RAP1GAP2	Missense_Mutation	17	10	27	0.37037037037037035	2	1	1	0.9145	1	0.9145	0.9145	True	0.81	2.26
17	2995861	G	T	OR1D2	Missense_Mutation	62	24	86	0.27906976744186046	2	1	1	0.6891	1	0.6891	0.6891	False	0.81	2.26
17	4997179	G	A	ZFP3	3'UTR	23	9	32	0.28125	2	1	1	0.6944	1	0.6944	0.6944	False	0.81	2.26
17	4998433	G	T	ZFP3	3'UTR	17	19	36	0.5277777777777778	2	1	1	1.3032	1	1.3032	1.0	True	0.81	2.26
17	5331478	T	A	RPAIN	Missense_Mutation	37	6	43	0.13953488372093023	2	1	1	0.3445	1	0.3445	0.3445	False	0.81	2.26
17	5461676	G	A	NLRP1	Silent	47	11	58	0.1896551724137931	2	1	1	0.4683	1	0.4683	0.4683	False	0.81	2.26
17	6338415	C	T	AIPL1	Missense_Mutation	29	19	48	0.3958333333333333	2	1	1	0.9774	1	0.9774	0.9774	True	0.81	2.26
17	7230843	T	C	NEURL4	Missense_Mutation	14	5	19	0.2631578947368421	2	1	1	0.6498	1	0.6498	0.6498	False	0.81	2.26
17	7983584	T	G	AC129492.6	Missense_Mutation	30	16	46	0.34782608695652173	2	1	1	0.8588	1	0.8588	0.8588	True	0.81	2.26
17	7984790	C	A	AC129492.6	3'UTR	16	16	32	0.5	2	1	1	1.2346	1	1.2346	1.0	True	0.81	2.26
17	9541944	G	T	WDR16	Missense_Mutation	18	5	23	0.21739130434782608	2	1	1	0.5368	1	0.5368	0.5368	False	0.81	2.26
17	9546565	G	T	WDR16	3'UTR	20	10	30	0.3333333333333333	2	1	1	0.823	1	0.823	0.823	False	0.81	2.26
17	9801472	T	G	RCVRN	Missense_Mutation	52	40	92	0.43478260869565216	2	1	1	1.0735	1	1.0735	1.0	True	0.81	2.26
17	9801504	C	A	RCVRN	Nonsense_Mutation	50	24	74	0.32432432432432434	2	1	1	0.8008	1	0.8008	0.8008	False	0.81	2.26
17	9837492	G	T	GAS7	Missense_Mutation	38	19	57	0.3333333333333333	2	1	1	0.823	1	0.823	0.823	False	0.81	2.26
17	10395883	C	A	MYH1	Missense_Mutation	35	23	58	0.39655172413793105	2	1	1	0.9791	1	0.9791	0.9791	True	0.81	2.26
17	10400723	A	C	MYH1	Missense_Mutation	9	7	16	0.4375	2	1	1	1.0802	1	1.0802	1.0	True	0.81	2.26
17	10618888	C	A	TMEM220	Missense_Mutation	17	9	26	0.34615384615384615	2	1	1	0.8547	1	0.8547	0.8547	True	0.81	2.26
17	10728592	G	T	PIRT	Nonsense_Mutation	31	16	47	0.3404255319148936	2	1	1	0.8406	1	0.8406	0.8406	False	0.81	2.26
17	11455235	G	A	SHISA6	Silent	22	19	41	0.4634146341463415	2	1	1	1.1442	1	1.1442	1.0	True	0.81	2.26
17	11515147	C	T	DNAH9	Intron	40	27	67	0.40298507462686567	2	1	1	0.995	1	0.995	0.995	True	0.81	2.26
17	11895960	G	A	ZNF18	Missense_Mutation	34	14	48	0.2916666666666667	2	1	1	0.7202	1	0.7202	0.7202	False	0.81	2.26
17	12493991	G	A	LINC00670	RNA	19	14	33	0.42424242424242425	2	1	1	1.0475	1	1.0475	1.0	True	0.81	2.26
17	12846911	G	T	ARHGAP44	Nonsense_Mutation	23	3	26	0.11538461538461539	2	1	1	0.2849	1	0.2849	0.2849	False	0.81	2.26
17	15133691	C	T	PMP22	3'UTR	20	11	31	0.3548387096774194	2	1	1	0.8761	1	0.8761	0.8761	True	0.81	2.26
17	15212099	C	A	TEKT3	Nonsense_Mutation	59	10	69	0.14492753623188406	2	1	1	0.3578	1	0.3578	0.3578	False	0.81	2.26
17	15234553	G	A	TEKT3	Missense_Mutation	28	21	49	0.42857142857142855	2	1	1	1.0582	1	1.0582	1.0	True	0.81	2.26
17	15406398	G	T	TVP23C	Missense_Mutation	28	16	44	0.36363636363636365	2	1	1	0.8979	1	0.8979	0.8979	True	0.81	2.26
17	15441440	T	G	TVP23C	Intron	32	10	42	0.23809523809523808	2	1	1	0.5879	1	0.5879	0.5879	False	0.81	2.26
17	15519071	G	A	RP11-385D13.1	Silent	63	33	96	0.34375	2	1	1	0.8488	1	0.8488	0.8488	False	0.81	2.26
17	15619910	G	T	ZNF286A	Missense_Mutation	15	17	32	0.53125	2	1	1	1.3117	1	1.3117	1.0	True	0.81	2.26
17	15640824	C	T	TBC1D26	Missense_Mutation	11	11	22	0.5	2	1	1	1.2346	1	1.2346	1.0	True	0.81	2.26
17	15974896	C	T	NCOR1	Missense_Mutation	48	29	77	0.37662337662337664	2	1	1	0.9299	1	0.9299	0.9299	True	0.81	2.26
17	16454949	G	T	ZNF287	3'UTR	11	6	17	0.35294117647058826	2	1	1	0.8715	1	0.8715	0.8715	True	0.81	2.26
17	16553054	G	T	ZNF624	Missense_Mutation	17	10	27	0.37037037037037035	2	1	1	0.9145	1	0.9145	0.9145	True	0.81	2.26
17	16667535	C	A	CCDC144A	Intron	148	32	180	0.17777777777777778	2	1	1	0.439	1	0.439	0.439	False	0.81	2.26
17	17397788	C	A	RASD1	3'UTR	11	6	17	0.35294117647058826	2	1	1	0.8715	1	0.8715	0.8715	True	0.81	2.26
17	17700294	C	T	RAI1	Silent	18	9	27	0.3333333333333333	2	1	1	0.823	1	0.823	0.823	False	0.81	2.26
17	18542501	G	A	TBC1D28	Missense_Mutation	81	15	96	0.15625	2	1	1	0.3858	1	0.3858	0.3858	False	0.81	2.26
17	18565944	C	A	ZNF286B	Missense_Mutation	30	24	54	0.4444444444444444	2	1	1	1.0974	1	1.0974	1.0	True	0.81	2.26
17	19232094	G	T	EPN2	Missense_Mutation	23	9	32	0.28125	2	1	1	0.6944	1	0.6944	0.6944	False	0.81	2.26
17	19283132	C	T	MAPK7	Silent	44	7	51	0.13725490196078433	2	1	1	0.3389	1	0.3389	0.3389	False	0.81	2.26
17	20224799	G	A	AC004702.2	Intron	48	25	73	0.3424657534246575	2	1	1	0.8456	1	0.8456	0.8456	False	0.81	2.26
17	25934966	C	T	KSR1	Missense_Mutation	36	31	67	0.4626865671641791	2	1	1	1.1424	1	1.1424	1.0	True	0.81	2.26
17	26918888	C	T	SPAG5	Missense_Mutation	24	17	41	0.4146341463414634	2	1	1	1.0238	1	1.0238	1.0	True	0.81	2.26
17	26961885	C	A	KIAA0100	Missense_Mutation	15	14	29	0.4827586206896552	2	1	1	1.192	1	1.192	1.0	True	0.81	2.26
17	27437480	G	A	MYO18A	Silent	14	14	28	0.5	2	1	1	1.2346	1	1.2346	1.0	True	0.81	2.26
17	27588591	T	G	NUFIP2	3'UTR	3	6	9	0.6666666666666666	2	1	1	1.6461	1	1.6461	1.0	True	0.81	2.26
17	27877810	T	A	TAOK1	3'UTR	8	3	11	0.2727272727272727	2	1	1	0.6734	1	0.6734	0.6734	False	0.81	2.26
17	28400698	A	C	EFCAB5	Intron	24	6	30	0.2	2	1	1	0.4938	1	0.4938	0.4938	False	0.81	2.26
17	28804472	T	C	GOSR1	Silent	19	15	34	0.4411764705882353	2	1	1	1.0893	1	1.0893	1.0	True	0.81	2.26
17	28935450	A	C	SMURF2P1	Intron	41	29	70	0.4142857142857143	2	1	1	1.0229	1	1.0229	1.0	True	0.81	2.26
17	30303578	C	T	SUZ12	Missense_Mutation	11	7	18	0.3888888888888889	2	1	1	0.9602	1	0.9602	0.9602	True	0.81	2.26
17	30819749	G	T	MYO1D	3'UTR	20	15	35	0.42857142857142855	2	1	1	1.0582	1	1.0582	1.0	True	0.81	2.26
17	32687668	C	A	CCL1	Missense_Mutation	19	9	28	0.32142857142857145	2	1	1	0.7937	1	0.7937	0.7937	False	0.81	2.26
17	33510594	C	A	UNC45B	Missense_Mutation	18	14	32	0.4375	2	1	1	1.0802	1	1.0802	1.0	True	0.81	2.26
17	33520650	G	T	SLC35G3	Missense_Mutation	99	20	119	0.16806722689075632	2	1	1	0.415	1	0.415	0.415	False	0.81	2.26
17	34079743	G	A	GAS2L2	Missense_Mutation	26	13	39	0.3333333333333333	2	1	1	0.823	1	0.823	0.823	False	0.81	2.26
17	34106258	C	T	MMP28	Missense_Mutation	37	22	59	0.3728813559322034	2	1	1	0.9207	1	0.9207	0.9207	True	0.81	2.26
17	34182277	C	A	C17orf66	Missense_Mutation	41	28	69	0.4057971014492754	2	1	1	1.002	1	1.002	1.0	True	0.81	2.26
17	34499227	G	A	TBC1D3B	Nonsense_Mutation	279	39	318	0.12264150943396226	2	1	1	0.3028	1	0.3028	0.3028	False	0.81	2.26
17	36895352	C	T	PCGF2	Silent	22	6	28	0.21428571428571427	2	1	1	0.5291	1	0.5291	0.5291	False	0.81	2.26
17	36959089	G	A	CWC25	Nonsense_Mutation	49	14	63	0.2222222222222222	2	1	1	0.5487	1	0.5487	0.5487	False	0.81	2.26
17	37792867	T	G	PPP1R1B	3'UTR	7	3	10	0.3	2	1	1	0.7407	1	0.7407	0.7407	False	0.81	2.26
17	38189316	C	T	MED24	Missense_Mutation	22	15	37	0.40540540540540543	2	1	1	1.001	1	1.001	1.0	True	0.81	2.26
17	38348926	C	T	RAPGEFL1	Silent	45	6	51	0.11764705882352941	2	1	1	0.2905	1	0.2905	0.2905	False	0.81	2.26
17	38938439	G	A	KRT27	Nonsense_Mutation	46	21	67	0.31343283582089554	2	1	1	0.7739	1	0.7739	0.7739	False	0.81	2.26
17	39041055	C	T	KRT20	Missense_Mutation	52	7	59	0.11864406779661017	2	1	1	0.2929	1	0.2929	0.2929	False	0.81	2.26
17	39134242	G	T	KRT40	3'UTR	4	4	8	0.5	2	1	1	1.2346	1	1.2346	1.0	True	0.81	2.26
17	39383080	A	G	KRTAP9-2	Silent	103	76	179	0.4245810055865922	2	1	1	1.0483	1	1.0483	1.0	True	0.81	2.26
17	39538461	C	T	KRT34	Missense_Mutation	70	30	100	0.3	2	1	1	0.7407	1	0.7407	0.7407	False	0.81	2.26
17	39783245	G	T	KRT17	5'Flank	5	9	14	0.6428571428571429	2	1	1	1.5873	1	1.5873	1.0	True	0.81	2.26
17	40838079	G	A	CNTNAP1	Missense_Mutation	46	32	78	0.41025641025641024	2	1	1	1.013	1	1.013	1.0	True	0.81	2.26
17	40911891	G	T	RAMP2	5'Flank	26	12	38	0.3157894736842105	2	1	1	0.7797	1	0.7797	0.7797	False	0.81	2.26
17	41243767	A	C	BRCA1	Missense_Mutation	11	23	34	0.6764705882352942	2	1	1	1.6703	1	1.6703	1.0	True	0.81	2.26
17	41844366	G	T	DUSP3	3'UTR	6	10	16	0.625	2	1	1	1.5432	1	1.5432	1.0	True	0.81	2.26
17	42265281	C	A	TMUB2	Intron	11	4	15	0.26666666666666666	2	1	1	0.6584	1	0.6584	0.6584	False	0.81	2.26
17	42290609	G	A	UBTF	Silent	21	15	36	0.4166666666666667	2	1	1	1.0288	1	1.0288	1.0	True	0.81	2.26
17	42458407	G	A	ITGA2B	Silent	20	14	34	0.4117647058823529	2	1	1	1.0167	1	1.0167	1.0	True	0.81	2.26
17	42744472	C	A	C17orf104	Missense_Mutation	7	6	13	0.46153846153846156	2	1	1	1.1396	1	1.1396	1.0	True	0.81	2.26
17	42981918	G	T	FAM187A	Missense_Mutation	14	11	25	0.44	2	1	1	1.0864	1	1.0864	1.0	True	0.81	2.26
17	43474060	G	A	ARHGAP27	Missense_Mutation	35	8	43	0.18604651162790697	2	1	1	0.4594	1	0.4594	0.4594	False	0.81	2.26
17	44248261	C	A	KANSL1	Nonsense_Mutation	23	8	31	0.25806451612903225	2	1	1	0.6372	1	0.6372	0.6372	False	0.81	2.26
17	45361815	C	T	ITGB3	Missense_Mutation	36	10	46	0.21739130434782608	2	1	1	0.5368	1	0.5368	0.5368	False	0.81	2.26
17	46154288	G	T	CBX1	Missense_Mutation	58	32	90	0.35555555555555557	2	1	1	0.8779	1	0.8779	0.8779	True	0.81	2.26
17	46865239	A	C	TTLL6	Missense_Mutation	35	16	51	0.3137254901960784	2	1	1	0.7746	1	0.7746	0.7746	False	0.81	2.26
17	46933547	G	T	CALCOCO2	Missense_Mutation	13	7	20	0.35	2	1	1	0.8642	1	0.8642	0.8642	True	0.81	2.26
17	47696636	G	T	SPOP	Missense_Mutation	36	5	41	0.12195121951219512	2	1	1	0.3011	1	0.3011	0.3011	False	0.81	2.26
17	48941322	C	T	TOB1	Silent	26	3	29	0.10344827586206896	2	1	1	0.2554	1	0.2554	0.2554	False	0.81	2.26
17	53237278	T	G	STXBP4	3'UTR	10	9	19	0.47368421052631576	2	1	1	1.1696	1	1.1696	1.0	True	0.81	2.26
17	53471655	A	C	MMD	3'UTR	17	12	29	0.41379310344827586	2	1	1	1.0217	1	1.0217	1.0	True	0.81	2.26
17	55193552	G	A	AKAP1	Missense_Mutation	32	20	52	0.38461538461538464	2	1	1	0.9497	1	0.9497	0.9497	True	0.81	2.26
17	56676846	G	A	TEX14	Silent	22	16	38	0.42105263157894735	2	1	1	1.0396	1	1.0396	1.0	True	0.81	2.26
17	57126550	C	A	TRIM37	Nonsense_Mutation	31	24	55	0.43636363636363634	2	1	1	1.0774	1	1.0774	1.0	True	0.81	2.26
17	57290841	A	G	SMG8	Missense_Mutation	27	17	44	0.38636363636363635	2	1	1	0.954	1	0.954	0.954	True	0.81	2.26
17	57478133	C	T	YPEL2	3'UTR	48	24	72	0.3333333333333333	2	1	1	0.823	1	0.823	0.823	False	0.81	2.26
17	57721781	C	T	CLTC	Nonsense_Mutation	21	13	34	0.38235294117647056	2	1	1	0.9441	1	0.9441	0.9441	True	0.81	2.26
17	59668331	G	A	NACA2	Missense_Mutation	79	45	124	0.3629032258064516	2	1	1	0.8961	1	0.8961	0.8961	True	0.81	2.26
17	59857627	A	C	BRIP1	Missense_Mutation	27	8	35	0.22857142857142856	2	1	1	0.5644	1	0.5644	0.5644	False	0.81	2.26
17	59876555	G	A	BRIP1	Missense_Mutation	22	14	36	0.3888888888888889	2	1	1	0.9602	1	0.9602	0.9602	True	0.81	2.26
17	60770091	G	T	MRC2	3'UTR	9	7	16	0.4375	2	1	1	1.0802	1	1.0802	1.0	True	0.81	2.26
17	61570885	G	T	ACE	Missense_Mutation	9	8	17	0.47058823529411764	2	1	1	1.1619	1	1.1619	1.0	True	0.81	2.26
17	61615438	C	G	KCNH6	Missense_Mutation	21	19	40	0.475	2	1	1	1.1728	1	1.1728	1.0	True	0.81	2.26
17	61987414	C	A	CSHL1	Intron	49	35	84	0.4166666666666667	2	1	1	1.0288	1	1.0288	1.0	True	0.81	2.26
17	61988364	T	G	CSHL1	Intron	27	16	43	0.37209302325581395	2	1	1	0.9187	1	0.9187	0.9187	True	0.81	2.26
17	62495855	A	C	DDX5	3'UTR	13	6	19	0.3157894736842105	2	1	1	0.7797	1	0.7797	0.7797	False	0.81	2.26
17	62496826	G	A	DDX5	Nonsense_Mutation	22	14	36	0.3888888888888889	2	1	1	0.9602	1	0.9602	0.9602	True	0.81	2.26
17	64026032	C	A	CEP112	Missense_Mutation	21	11	32	0.34375	2	1	1	0.8488	1	0.8488	0.8488	False	0.81	2.26
17	65735656	C	T	NOL11	Silent	31	25	56	0.44642857142857145	2	1	1	1.1023	1	1.1023	1.0	True	0.81	2.26
17	65980462	C	A	BPTF	3'Flank	26	16	42	0.38095238095238093	2	1	1	0.9406	1	0.9406	0.9406	True	0.81	2.26
17	66883526	T	C	ABCA8	Missense_Mutation	17	14	31	0.45161290322580644	2	1	1	1.1151	1	1.1151	1.0	True	0.81	2.26
17	66985993	T	G	ABCA9	Missense_Mutation	19	9	28	0.32142857142857145	2	1	1	0.7937	1	0.7937	0.7937	False	0.81	2.26
17	67084354	C	A	ABCA6	Nonsense_Mutation	12	6	18	0.3333333333333333	2	1	1	0.823	1	0.823	0.823	False	0.81	2.26
17	67121040	T	G	ABCA6	Missense_Mutation	22	12	34	0.35294117647058826	2	1	1	0.8715	1	0.8715	0.8715	True	0.81	2.26
17	67151225	T	G	ABCA10	Missense_Mutation	35	34	69	0.4927536231884058	2	1	1	1.2167	1	1.2167	1.0	True	0.81	2.26
17	67186500	T	C	ABCA10	Silent	9	7	16	0.4375	2	1	1	1.0802	1	1.0802	1.0	True	0.81	2.26
17	68131211	T	C	KCNJ16	3'UTR	23	8	31	0.25806451612903225	2	1	1	0.6372	1	0.6372	0.6372	False	0.81	2.26
17	70642709	G	A	SLC39A11	3'UTR	13	7	20	0.35	2	1	1	0.8642	1	0.8642	0.8642	True	0.81	2.26
17	71192801	C	T	COG1	Silent	25	8	33	0.24242424242424243	2	1	1	0.5986	1	0.5986	0.5986	False	0.81	2.26
17	72442991	G	A	GPRC5C	Missense_Mutation	27	20	47	0.425531914893617	2	1	1	1.0507	1	1.0507	1.0	True	0.81	2.26
17	72540989	G	C	CD300C	Missense_Mutation	27	19	46	0.41304347826086957	2	1	1	1.0199	1	1.0199	1.0	True	0.81	2.26
17	72769071	C	A	NAT9	Missense_Mutation	22	19	41	0.4634146341463415	2	1	1	1.1442	1	1.1442	1.0	True	0.81	2.26
17	73001551	T	G	CDR2L	3'UTR	32	28	60	0.4666666666666667	2	1	1	1.1523	1	1.1523	1.0	True	0.81	2.26
17	74010612	C	A	EVPL	Missense_Mutation	24	12	36	0.3333333333333333	2	1	1	0.823	1	0.823	0.823	False	0.81	2.26
17	76814783	C	T	USP36	Missense_Mutation	43	21	64	0.328125	2	1	1	0.8102	1	0.8102	0.8102	False	0.81	2.26
17	76849433	G	A	TIMP2	3'UTR	8	3	11	0.2727272727272727	2	1	1	0.6734	1	0.6734	0.6734	False	0.81	2.26
17	77077136	G	A	ENGASE	Missense_Mutation	12	3	15	0.2	2	1	1	0.4938	1	0.4938	0.4938	False	0.81	2.26
17	78302219	G	T	RNF213	Missense_Mutation	38	19	57	0.3333333333333333	2	1	1	0.823	1	0.823	0.823	False	0.81	2.26
17	78356787	A	C	RNF213	Missense_Mutation	21	25	46	0.5434782608695652	2	1	1	1.3419	1	1.3419	1.0	True	0.81	2.26
17	78410071	G	A	ENDOV	3'UTR	52	21	73	0.2876712328767123	2	1	1	0.7103	1	0.7103	0.7103	False	0.81	2.26
17	79100245	C	T	AATK	Missense_Mutation	23	11	34	0.3235294117647059	2	1	1	0.7988	1	0.7988	0.7988	False	0.81	2.26
17	79226399	C	T	SLC38A10	Missense_Mutation	3	7	10	0.7	2	1	1	1.7284	1	1.7284	1.0	True	0.81	2.26
17	79287596	C	T	TMEM105	Missense_Mutation	25	12	37	0.32432432432432434	2	1	1	0.8008	1	0.8008	0.8008	False	0.81	2.26
17	79410031	C	T	RP11-1055B8.7	Silent	6	4	10	0.4	2	1	1	0.9877	1	0.9877	0.9877	True	0.81	2.26
17	79495483	T	G	FSCN2	5'Flank	8	4	12	0.3333333333333333	2	1	1	0.823	1	0.823	0.823	False	0.81	2.26
17	79532219	C	A	NPLOC4	Intron	14	17	31	0.5483870967741935	2	1	1	1.354	1	1.354	1.0	True	0.81	2.26
17	80321483	G	T	TEX19	3'UTR	43	6	49	0.12244897959183673	2	1	1	0.3023	1	0.3023	0.3023	False	0.81	2.26
18	5291978	C	A	ZBTB14	Nonsense_Mutation	17	11	28	0.39285714285714285	2	1	1	0.97	1	0.97	0.97	True	0.81	2.26
18	6213189	G	A	L3MBTL4	Missense_Mutation	11	9	20	0.45	2	1	1	1.1111	1	1.1111	1.0	True	0.81	2.26
18	9254836	C	A	ANKRD12	Missense_Mutation	8	6	14	0.42857142857142855	2	1	1	1.0582	1	1.0582	1.0	True	0.81	2.26
18	9257371	T	G	ANKRD12	Missense_Mutation	10	6	16	0.375	2	1	1	0.9259	1	0.9259	0.9259	True	0.81	2.26
18	9396293	G	A	TWSG1	Missense_Mutation	10	9	19	0.47368421052631576	2	1	1	1.1696	1	1.1696	1.0	True	0.81	2.26
18	10485765	G	A	APCDD1	Missense_Mutation	17	15	32	0.46875	2	1	1	1.1574	1	1.1574	1.0	True	0.81	2.26
18	12429405	A	C	SLMO1	3'UTR	18	12	30	0.4	2	1	1	0.9877	1	0.9877	0.9877	True	0.81	2.26
18	14184276	G	A	ANKRD20A5P	Intron	31	6	37	0.16216216216216217	2	1	1	0.4004	1	0.4004	0.4004	False	0.81	2.26
18	14337663	G	A	CYP4F35P	RNA	7	4	11	0.36363636363636365	2	1	1	0.8979	1	0.8979	0.8979	True	0.81	2.26
18	14479246	G	A	CXADRP3	RNA	14	4	18	0.2222222222222222	2	1	1	0.5487	1	0.5487	0.5487	False	0.81	2.26
18	14538173	A	C	POTEC	Silent	48	20	68	0.29411764705882354	2	1	1	0.7262	1	0.7262	0.7262	False	0.81	2.26
18	14851805	G	T	ANKRD30B	Nonsense_Mutation	10	5	15	0.3333333333333333	2	1	1	0.823	1	0.823	0.823	False	0.81	2.26
18	19996694	C	A	CTAGE1	Nonsense_Mutation	62	34	96	0.3541666666666667	2	1	1	0.8745	1	0.8745	0.8745	True	0.81	2.26
18	21148839	C	T	NPC1	Silent	43	21	64	0.328125	2	1	1	0.8102	1	0.8102	0.8102	False	0.81	2.26
18	21600089	A	G	TTC39C	Intron	4	7	11	0.6363636363636364	2	1	1	1.5713	1	1.5713	1.0	True	0.81	2.26
18	22806035	G	A	ZNF521	Missense_Mutation	24	12	36	0.3333333333333333	2	1	1	0.823	1	0.823	0.823	False	0.81	2.26
18	24434554	G	A	AQP4	3'UTR	17	8	25	0.32	2	1	1	0.7901	1	0.7901	0.7901	False	0.81	2.26
18	28574328	C	T	DSC3	Missense_Mutation	10	5	15	0.3333333333333333	2	1	1	0.823	1	0.823	0.823	False	0.81	2.26
18	29125905	G	T	DSG2	Missense_Mutation	8	4	12	0.3333333333333333	2	1	1	0.823	1	0.823	0.823	False	0.81	2.26
18	29493411	C	T	TRAPPC8	Missense_Mutation	37	16	53	0.3018867924528302	2	1	1	0.7454	1	0.7454	0.7454	False	0.81	2.26
18	30950112	G	A	CCDC178	Missense_Mutation	9	9	18	0.5	2	1	1	1.2346	1	1.2346	1.0	True	0.81	2.26
18	32888712	T	G	ZNF271	RNA	15	12	27	0.4444444444444444	2	1	1	1.0974	1	1.0974	1.0	True	0.81	2.26
18	34647216	C	T	KIAA1328	Missense_Mutation	23	12	35	0.34285714285714286	2	1	1	0.8466	1	0.8466	0.8466	False	0.81	2.26
18	43329871	C	A	SLC14A1	Silent	21	14	35	0.4	2	1	1	0.9877	1	0.9877	0.9877	True	0.81	2.26
18	43462257	G	T	EPG5	Missense_Mutation	15	10	25	0.4	2	1	1	0.9877	1	0.9877	0.9877	True	0.81	2.26
18	43846506	A	C	C18orf25	3'UTR	12	6	18	0.3333333333333333	2	1	1	0.823	1	0.823	0.823	False	0.81	2.26
18	44040624	A	C	RNF165	3'UTR	16	9	25	0.36	2	1	1	0.8889	1	0.8889	0.8889	True	0.81	2.26
18	44109152	G	A	LOXHD1	Silent	57	28	85	0.32941176470588235	2	1	1	0.8134	1	0.8134	0.8134	False	0.81	2.26
18	44149522	A	G	LOXHD1	Silent	32	3	35	0.08571428571428572	2	1	1	0.2116	1	0.2116	0.2116	False	0.81	2.26
18	44190790	G	T	LOXHD1	Silent	19	12	31	0.3870967741935484	2	1	1	0.9558	1	0.9558	0.9558	True	0.81	2.26
18	46906113	C	T	DYM	Missense_Mutation	17	5	22	0.22727272727272727	2	1	1	0.5612	1	0.5612	0.5612	False	0.81	2.26
18	48333127	G	A	MRO	Missense_Mutation	41	18	59	0.3050847457627119	2	1	1	0.7533	1	0.7533	0.7533	False	0.81	2.26
18	51880437	A	C	STARD6	Missense_Mutation	15	8	23	0.34782608695652173	2	1	1	0.8588	1	0.8588	0.8588	True	0.81	2.26
18	52608310	C	T	CCDC68	Missense_Mutation	26	13	39	0.3333333333333333	2	1	1	0.823	1	0.823	0.823	False	0.81	2.26
18	54424511	C	A	WDR7	Missense_Mutation	23	21	44	0.4772727272727273	2	1	1	1.1785	1	1.1785	1.0	True	0.81	2.26
18	54814979	G	A	BOD1L2	Missense_Mutation	31	11	42	0.2619047619047619	2	1	1	0.6467	1	0.6467	0.6467	False	0.81	2.26
18	55314821	G	A	ATP8B1	3'UTR	15	8	23	0.34782608695652173	2	1	1	0.8588	1	0.8588	0.8588	True	0.81	2.26
18	56985653	C	A	CPLX4	Missense_Mutation	16	11	27	0.4074074074074074	2	1	1	1.0059	1	1.0059	1.0	True	0.81	2.26
18	60243946	C	A	ZCCHC2	3'UTR	21	13	34	0.38235294117647056	2	1	1	0.9441	1	0.9441	0.9441	True	0.81	2.26
18	60245699	T	G	ZCCHC2	3'UTR	33	13	46	0.2826086956521739	2	1	1	0.6978	1	0.6978	0.6978	False	0.81	2.26
18	61255961	G	T	SERPINB13	Missense_Mutation	30	23	53	0.4339622641509434	2	1	1	1.0715	1	1.0715	1.0	True	0.81	2.26
18	61264199	G	T	SERPINB13	Missense_Mutation	23	6	29	0.20689655172413793	2	1	1	0.5109	1	0.5109	0.5109	False	0.81	2.26
18	63430063	G	T	CDH7	5'UTR	9	4	13	0.3076923076923077	2	1	1	0.7597	1	0.7597	0.7597	False	0.81	2.26
18	63548147	C	T	CDH7	3'UTR	15	10	25	0.4	2	1	1	0.9877	1	0.9877	0.9877	True	0.81	2.26
18	65177757	G	T	DSEL	3'UTR	17	11	28	0.39285714285714285	2	1	1	0.97	1	0.97	0.97	True	0.81	2.26
18	67872514	C	A	RTTN	Missense_Mutation	13	11	24	0.4583333333333333	2	1	1	1.1317	1	1.1317	1.0	True	0.81	2.26
18	72168586	T	C	CNDP2	Missense_Mutation	27	16	43	0.37209302325581395	2	1	1	0.9187	1	0.9187	0.9187	True	0.81	2.26
18	72343489	G	T	ZNF407	Nonsense_Mutation	11	12	23	0.5217391304347826	2	1	1	1.2882	1	1.2882	1.0	True	0.81	2.26
18	74682330	T	G	ZNF236	3'UTR	16	13	29	0.4482758620689655	2	1	1	1.1069	1	1.1069	1.0	True	0.81	2.26
18	74696802	C	T	RP11-862L9.3	3'Flank	23	19	42	0.4523809523809524	2	1	1	1.117	1	1.117	1.0	True	0.81	2.26
18	77514507	C	A	CTDP1	3'UTR	12	10	22	0.45454545454545453	2	1	1	1.1223	1	1.1223	1.0	True	0.81	2.26
18	77806275	T	G	RBFA	3'UTR	5	5	10	0.5	2	1	1	1.2346	1	1.2346	1.0	True	0.81	2.26
19	1796876	C	A	ATP8B3	Missense_Mutation	23	14	37	0.3783783783783784	2	1	1	0.9343	1	0.9343	0.9343	True	0.81	2.26
19	2878306	G	T	ZNF556	Missense_Mutation	11	9	20	0.45	2	1	1	1.1111	1	1.1111	1.0	True	0.81	2.26
19	3592530	T	G	GIPC3	3'UTR	22	11	33	0.3333333333333333	2	1	1	0.823	1	0.823	0.823	False	0.81	2.26
19	3976416	C	T	EEF2	3'UTR	13	13	26	0.5	2	1	1	1.2346	1	1.2346	1.0	True	0.81	2.26
19	4024077	C	T	PIAS4	Silent	24	15	39	0.38461538461538464	2	1	1	0.9497	1	0.9497	0.9497	True	0.81	2.26
19	4171852	C	T	CREB3L3	Silent	16	10	26	0.38461538461538464	2	1	1	0.9497	1	0.9497	0.9497	True	0.81	2.26
19	4652742	C	T	TNFAIP8L1	3'UTR	16	11	27	0.4074074074074074	2	1	1	1.0059	1	1.0059	1.0	True	0.81	2.26
19	4702143	C	T	DPP9	Missense_Mutation	27	11	38	0.2894736842105263	2	1	1	0.7147	1	0.7147	0.7147	False	0.81	2.26
19	5844612	C	T	FUT3	Missense_Mutation	19	9	28	0.32142857142857145	2	1	1	0.7937	1	0.7937	0.7937	False	0.81	2.26
19	5892925	G	T	NDUFA11	3'UTR	36	10	46	0.21739130434782608	2	1	1	0.5368	1	0.5368	0.5368	False	0.81	2.26
19	6016224	G	T	RFX2	Missense_Mutation	40	22	62	0.3548387096774194	2	1	1	0.8761	1	0.8761	0.8761	True	0.81	2.26
19	6190622	T	A	ACSBG2	Missense_Mutation	25	12	37	0.32432432432432434	2	1	1	0.8008	1	0.8008	0.8008	False	0.81	2.26
19	6380217	G	A	GTF2F1	3'UTR	14	9	23	0.391304347826087	2	1	1	0.9662	1	0.9662	0.9662	True	0.81	2.26
19	6690696	C	T	C3	Missense_Mutation	17	8	25	0.32	2	1	1	0.7901	1	0.7901	0.7901	False	0.81	2.26
19	6742994	T	C	TRIP10	Missense_Mutation	17	5	22	0.22727272727272727	2	1	1	0.5612	1	0.5612	0.5612	False	0.81	2.26
19	7083145	G	T	ZNF557	Missense_Mutation	34	18	52	0.34615384615384615	2	1	1	0.8547	1	0.8547	0.8547	True	0.81	2.26
19	7570907	C	A	C19orf45	Missense_Mutation	45	28	73	0.3835616438356164	2	1	1	0.9471	1	0.9471	0.9471	True	0.81	2.26
19	8503535	G	A	MARCH2	3'UTR	7	7	14	0.5	2	1	1	1.2346	1	1.2346	1.0	True	0.81	2.26
19	8564248	G	A	PRAM1	Silent	30	27	57	0.47368421052631576	2	1	1	1.1696	1	1.1696	1.0	True	0.81	2.26
19	9046763	A	G	MUC16	Missense_Mutation	35	16	51	0.3137254901960784	2	1	1	0.7746	1	0.7746	0.7746	False	0.81	2.26
19	9047744	A	G	MUC16	Missense_Mutation	35	4	39	0.10256410256410256	2	1	1	0.2532	1	0.2532	0.2532	False	0.81	2.26
19	9075919	C	A	MUC16	Missense_Mutation	26	17	43	0.3953488372093023	2	1	1	0.9762	1	0.9762	0.9762	True	0.81	2.26
19	9076172	T	C	MUC16	Silent	25	9	34	0.2647058823529412	2	1	1	0.6536	1	0.6536	0.6536	False	0.81	2.26
19	9077766	G	T	MUC16	Missense_Mutation	55	33	88	0.375	2	1	1	0.9259	1	0.9259	0.9259	True	0.81	2.26
19	9270988	G	T	ZNF317	Nonsense_Mutation	10	11	21	0.5238095238095238	2	1	1	1.2934	1	1.2934	1.0	True	0.81	2.26
19	9297511	A	G	OR7D2	3'UTR	5	12	17	0.7058823529411765	2	1	1	1.7429	1	1.7429	1.0	True	0.81	2.26
19	10108667	C	A	COL5A3	Missense_Mutation	36	19	55	0.34545454545454546	2	1	1	0.853	1	0.853	0.853	True	0.81	2.26
19	10158041	C	A	C3P1	RNA	32	14	46	0.30434782608695654	2	1	1	0.7515	1	0.7515	0.7515	False	0.81	2.26
19	10172509	A	T	C3P1	RNA	14	9	23	0.391304347826087	2	1	1	0.9662	1	0.9662	0.9662	True	0.81	2.26
19	11505030	G	A	RGL3	3'UTR	34	25	59	0.423728813559322	2	1	1	1.0462	1	1.0462	1.0	True	0.81	2.26
19	11943730	C	T	ZNF440	Missense_Mutation	20	9	29	0.3103448275862069	2	1	1	0.7663	1	0.7663	0.7663	False	0.81	2.26
19	11976947	C	A	ZNF439	5'UTR	59	38	97	0.3917525773195876	2	1	1	0.9673	1	0.9673	0.9673	True	0.81	2.26
19	12154816	C	T	ZNF878	Missense_Mutation	26	27	53	0.5094339622641509	2	1	1	1.2579	1	1.2579	1.0	True	0.81	2.26
19	12221198	C	A	ZNF788	Missense_Mutation	61	28	89	0.3146067415730337	2	1	1	0.7768	1	0.7768	0.7768	False	0.81	2.26
19	12298415	C	T	ZNF136	Nonsense_Mutation	20	21	41	0.5121951219512195	2	1	1	1.2647	1	1.2647	1.0	True	0.81	2.26
19	12298706	C	A	ZNF136	Missense_Mutation	15	13	28	0.4642857142857143	2	1	1	1.1464	1	1.1464	1.0	True	0.81	2.26
19	12575430	G	A	ZNF709	Nonsense_Mutation	43	29	72	0.4027777777777778	2	1	1	0.9945	1	0.9945	0.9945	True	0.81	2.26
19	13265479	G	T	IER2	3'UTR	28	6	34	0.17647058823529413	2	1	1	0.4357	1	0.4357	0.4357	False	0.81	2.26
19	13428043	G	A	CACNA1A	Missense_Mutation	5	13	18	0.7222222222222222	2	1	1	1.7833	1	1.7833	1.0	True	0.81	2.26
19	14569124	C	A	PKN1	Missense_Mutation	22	18	40	0.45	2	1	1	1.1111	1	1.1111	1.0	True	0.81	2.26
19	15465637	G	A	AKAP8	3'UTR	16	8	24	0.3333333333333333	2	1	1	0.823	1	0.823	0.823	False	0.81	2.26
19	15466128	G	A	AKAP8	Silent	20	12	32	0.375	2	1	1	0.9259	1	0.9259	0.9259	True	0.81	2.26
19	16965110	C	A	SIN3B	Intron	27	21	48	0.4375	2	1	1	1.0802	1	1.0802	1.0	True	0.81	2.26
19	17313982	C	T	MYO9B	Silent	21	17	38	0.4473684210526316	2	1	1	1.1046	1	1.1046	1.0	True	0.81	2.26
19	19104416	A	C	SUGP2	3'UTR	9	11	20	0.55	2	1	1	1.358	1	1.358	1.0	True	0.81	2.26
19	20308528	C	A	ZNF486	Missense_Mutation	30	3	33	0.09090909090909091	2	1	1	0.2245	1	0.2245	0.2245	False	0.81	2.26
19	20828167	A	C	ZNF626	Intron	21	5	26	0.19230769230769232	2	1	1	0.4748	1	0.4748	0.4748	False	0.81	2.26
19	21608032	T	G	ZNF493	3'UTR	11	7	18	0.3888888888888889	2	1	1	0.9602	1	0.9602	0.9602	True	0.81	2.26
19	22271062	G	A	ZNF257	Silent	25	15	40	0.375	2	1	1	0.9259	1	0.9259	0.9259	True	0.81	2.26
19	22782281	G	T	AC011467.1	5'Flank	51	25	76	0.32894736842105265	2	1	1	0.8122	1	0.8122	0.8122	False	0.81	2.26
19	23406734	T	G	ZNF724P	Missense_Mutation	19	24	43	0.5581395348837209	2	1	1	1.3781	1	1.3781	1.0	True	0.81	2.26
19	24309344	C	A	ZNF254	Missense_Mutation	9	7	16	0.4375	2	1	1	1.0802	1	1.0802	1.0	True	0.81	2.26
19	31766656	C	A	TSHZ3	3'UTR	28	22	50	0.44	2	1	1	1.0864	1	1.0864	1.0	True	0.81	2.26
19	31769157	C	A	TSHZ3	Missense_Mutation	24	23	47	0.48936170212765956	2	1	1	1.2083	1	1.2083	1.0	True	0.81	2.26
19	32838240	C	A	ZNF507	Intron	6	3	9	0.3333333333333333	2	1	1	0.823	1	0.823	0.823	False	0.81	2.26
19	33169021	C	T	RGS9BP	3'UTR	45	9	54	0.16666666666666666	2	1	1	0.4115	1	0.4115	0.4115	False	0.81	2.26
19	34890882	G	A	GPI	Missense_Mutation	28	9	37	0.24324324324324326	2	1	1	0.6006	1	0.6006	0.6006	False	0.81	2.26
19	35176060	A	C	ZNF302	Missense_Mutation	25	19	44	0.4318181818181818	2	1	1	1.0662	1	1.0662	1.0	True	0.81	2.26
19	35450162	C	A	ZNF792	Missense_Mutation	27	11	38	0.2894736842105263	2	1	1	0.7147	1	0.7147	0.7147	False	0.81	2.26
19	35502436	G	A	GRAMD1A	Nonsense_Mutation	26	15	41	0.36585365853658536	2	1	1	0.9033	1	0.9033	0.9033	True	0.81	2.26
19	36243117	C	A	LIN37	Silent	16	13	29	0.4482758620689655	2	1	1	1.1069	1	1.1069	1.0	True	0.81	2.26
19	36727725	T	C	ZNF146	Missense_Mutation	23	10	33	0.30303030303030304	2	1	1	0.7482	1	0.7482	0.7482	False	0.81	2.26
19	37238688	C	A	ZNF850	Missense_Mutation	17	16	33	0.48484848484848486	2	1	1	1.1972	1	1.1972	1.0	True	0.81	2.26
19	37368649	G	T	ZNF345	Missense_Mutation	21	9	30	0.3	2	1	1	0.7407	1	0.7407	0.7407	False	0.81	2.26
19	37370454	A	C	ZNF345	3'UTR	25	17	42	0.40476190476190477	2	1	1	0.9994	1	0.9994	0.9994	True	0.81	2.26
19	37677318	C	A	ZNF585B	Missense_Mutation	45	19	64	0.296875	2	1	1	0.733	1	0.733	0.733	False	0.81	2.26
19	38230947	T	G	ZNF573	Missense_Mutation	16	5	21	0.23809523809523808	2	1	1	0.5879	1	0.5879	0.5879	False	0.81	2.26
19	38378455	C	A	WDR87	Missense_Mutation	45	30	75	0.4	2	1	1	0.9877	1	0.9877	0.9877	True	0.81	2.26
19	38991306	C	T	RYR1	Missense_Mutation	34	9	43	0.20930232558139536	2	1	1	0.5168	1	0.5168	0.5168	False	0.81	2.26
19	39075708	C	T	RYR1	Silent	28	12	40	0.3	2	1	1	0.7407	1	0.7407	0.7407	False	0.81	2.26
19	40172824	C	A	AC093063.3	5'Flank	42	6	48	0.125	2	1	1	0.3086	1	0.3086	0.3086	False	0.81	2.26
19	40520456	G	T	ZNF546	Nonsense_Mutation	26	5	31	0.16129032258064516	2	1	1	0.3982	1	0.3982	0.3982	False	0.81	2.26
19	40540775	G	A	ZNF780B	Missense_Mutation	21	17	38	0.4473684210526316	2	1	1	1.1046	1	1.1046	1.0	True	0.81	2.26
19	40541067	G	A	ZNF780B	Missense_Mutation	30	12	42	0.2857142857142857	2	1	1	0.7055	1	0.7055	0.7055	False	0.81	2.26
19	40541717	C	T	ZNF780B	Missense_Mutation	30	26	56	0.4642857142857143	2	1	1	1.1464	1	1.1464	1.0	True	0.81	2.26
19	40904484	C	T	PRX	Intron	34	18	52	0.34615384615384615	2	1	1	0.8547	1	0.8547	0.8547	True	0.81	2.26
19	40993653	G	A	SPTBN4	Silent	65	6	71	0.08450704225352113	2	1	1	0.2087	1	0.2087	0.2087	False	0.81	2.26
19	41767291	G	T	AXL	3'UTR	15	8	23	0.34782608695652173	2	1	1	0.8588	1	0.8588	0.8588	True	0.81	2.26
19	42083719	C	A	CEACAM21	Missense_Mutation	21	17	38	0.4473684210526316	2	1	1	1.1046	1	1.1046	1.0	True	0.81	2.26
19	42224969	G	A	CEACAM5	Silent	37	19	56	0.3392857142857143	2	1	1	0.8377	1	0.8377	0.8377	False	0.81	2.26
19	42385038	G	T	CD79A	Missense_Mutation	7	7	14	0.5	2	1	1	1.2346	1	1.2346	1.0	True	0.81	2.26
19	42482920	C	T	ATP1A3	Missense_Mutation	26	16	42	0.38095238095238093	2	1	1	0.9406	1	0.9406	0.9406	True	0.81	2.26
19	42741094	C	A	AC006486.9	Splice_Site	14	13	27	0.48148148148148145	2	1	1	1.1888	1	1.1888	1.0	True	0.81	2.26
19	42744142	C	T	AC006486.9	Missense_Mutation	32	26	58	0.4482758620689655	2	1	1	1.1069	1	1.1069	1.0	True	0.81	2.26
19	42751757	C	A	ERF	3'UTR	15	11	26	0.4230769230769231	2	1	1	1.0446	1	1.0446	1.0	True	0.81	2.26
19	43697419	T	G	PSG4	3'UTR	44	27	71	0.38028169014084506	2	1	1	0.939	1	0.939	0.939	True	0.81	2.26
19	44471598	G	T	ZNF221	3'UTR	6	7	13	0.5384615384615384	2	1	1	1.3295	1	1.3295	1.0	True	0.81	2.26
19	44516570	G	T	ZNF230	3'UTR	30	17	47	0.3617021276595745	2	1	1	0.8931	1	0.8931	0.8931	True	0.81	2.26
19	44591315	A	G	ZNF284	Missense_Mutation	9	8	17	0.47058823529411764	2	1	1	1.1619	1	1.1619	1.0	True	0.81	2.26
19	44674225	G	T	ZNF226	5'UTR	46	24	70	0.34285714285714286	2	1	1	0.8466	1	0.8466	0.8466	False	0.81	2.26
19	44681202	T	C	ZNF226	Missense_Mutation	26	12	38	0.3157894736842105	2	1	1	0.7797	1	0.7797	0.7797	False	0.81	2.26
19	44681371	C	T	ZNF226	Silent	18	16	34	0.47058823529411764	2	1	1	1.1619	1	1.1619	1.0	True	0.81	2.26
19	44681830	C	A	ZNF226	3'UTR	17	14	31	0.45161290322580644	2	1	1	1.1151	1	1.1151	1.0	True	0.81	2.26
19	44832106	C	A	ZNF112	Missense_Mutation	52	4	56	0.07142857142857142	2	1	1	0.1764	1	0.1764	0.1764	False	0.81	2.26
19	44832328	C	A	ZNF112	Missense_Mutation	32	22	54	0.4074074074074074	2	1	1	1.0059	1	1.0059	1.0	True	0.81	2.26
19	44980992	C	A	ZNF180	Missense_Mutation	21	13	34	0.38235294117647056	2	1	1	0.9441	1	0.9441	0.9441	True	0.81	2.26
19	45183605	T	C	CEACAM19	Silent	37	19	56	0.3392857142857143	2	1	1	0.8377	1	0.8377	0.8377	False	0.81	2.26
19	45322052	G	A	BCAM	Missense_Mutation	13	14	27	0.5185185185185185	2	1	1	1.2803	1	1.2803	1.0	True	0.81	2.26
19	45404322	G	A	TOMM40	Silent	16	5	21	0.23809523809523808	2	1	1	0.5879	1	0.5879	0.5879	False	0.81	2.26
19	46733387	C	T	IGFL1	Silent	32	22	54	0.4074074074074074	2	1	1	1.0059	1	1.0059	1.0	True	0.81	2.26
19	46995571	C	T	PNMAL2	3'UTR	11	4	15	0.26666666666666666	2	1	1	0.6584	1	0.6584	0.6584	False	0.81	2.26
19	47567835	C	A	ZC3H4	3'UTR	7	6	13	0.46153846153846156	2	1	1	1.1396	1	1.1396	1.0	True	0.81	2.26
19	47870251	G	A	DHX34	Missense_Mutation	55	4	59	0.06779661016949153	2	1	1	0.1674	1	0.1674	0.1674	False	0.81	2.26
19	48206468	T	G	GLTSCR1	3'UTR	34	19	53	0.3584905660377358	2	1	1	0.8852	1	0.8852	0.8852	True	0.81	2.26
19	49167422	G	T	NTN5	Silent	33	4	37	0.10810810810810811	2	1	1	0.2669	1	0.2669	0.2669	False	0.81	2.26
19	49230673	T	G	RASIP1	Missense_Mutation	32	25	57	0.43859649122807015	2	1	1	1.083	1	1.083	1.0	True	0.81	2.26
19	50482443	G	A	VRK3	Missense_Mutation	53	5	58	0.08620689655172414	2	1	1	0.2129	1	0.2129	0.2129	False	0.81	2.26
19	50766663	C	T	MYH14	Missense_Mutation	55	27	82	0.32926829268292684	2	1	1	0.813	1	0.813	0.813	False	0.81	2.26
19	50827058	G	A	KCNC3	Silent	28	9	37	0.24324324324324326	2	1	1	0.6006	1	0.6006	0.6006	False	0.81	2.26
19	51298128	C	T	ACPT	Missense_Mutation	24	6	30	0.2	2	1	1	0.4938	1	0.4938	0.4938	False	0.81	2.26
19	51538120	C	T	KLK12	5'UTR	29	30	59	0.5084745762711864	2	1	1	1.2555	1	1.2555	1.0	True	0.81	2.26
19	51631292	G	A	SIGLEC9	Missense_Mutation	24	15	39	0.38461538461538464	2	1	1	0.9497	1	0.9497	0.9497	True	0.81	2.26
19	51675816	G	T	CTD-3187F8.14	Intron	69	44	113	0.3893805309734513	2	1	1	0.9614	1	0.9614	0.9614	True	0.81	2.26
19	51739094	A	C	CD33	Intron	12	8	20	0.4	2	1	1	0.9877	1	0.9877	0.9877	True	0.81	2.26
19	51917067	G	T	SIGLEC10	Missense_Mutation	36	10	46	0.21739130434782608	2	1	1	0.5368	1	0.5368	0.5368	False	0.81	2.26
19	52249707	A	G	FPR1	Missense_Mutation	22	16	38	0.42105263157894735	2	1	1	1.0396	1	1.0396	1.0	True	0.81	2.26
19	52469133	G	T	ZNF350	Missense_Mutation	42	11	53	0.20754716981132076	2	1	1	0.5125	1	0.5125	0.5125	False	0.81	2.26
19	52570141	G	T	ZNF841	Missense_Mutation	53	27	80	0.3375	2	1	1	0.8333	1	0.8333	0.8333	False	0.81	2.26
19	52619131	C	A	ZNF616	Missense_Mutation	26	16	42	0.38095238095238093	2	1	1	0.9406	1	0.9406	0.9406	True	0.81	2.26
19	52619367	C	A	ZNF616	Missense_Mutation	37	27	64	0.421875	2	1	1	1.0417	1	1.0417	1.0	True	0.81	2.26
19	52887948	G	T	ZNF880	Missense_Mutation	18	7	25	0.28	2	1	1	0.6914	1	0.6914	0.6914	False	0.81	2.26
19	52904979	C	A	ZNF528	5'UTR	16	11	27	0.4074074074074074	2	1	1	1.0059	1	1.0059	1.0	True	0.81	2.26
19	53058013	G	T	ZNF808	Missense_Mutation	21	15	36	0.4166666666666667	2	1	1	1.0288	1	1.0288	1.0	True	0.81	2.26
19	53619078	G	T	ZNF415	Intron	32	23	55	0.41818181818181815	2	1	1	1.0325	1	1.0325	1.0	True	0.81	2.26
19	53625674	C	A	ZNF415	5'UTR	12	11	23	0.4782608695652174	2	1	1	1.1809	1	1.1809	1.0	True	0.81	2.26
19	53945067	G	A	TPM3P9	RNA	21	3	24	0.125	2	1	1	0.3086	1	0.3086	0.3086	False	0.81	2.26
19	53959046	C	T	ZNF761	RNA	31	13	44	0.29545454545454547	2	1	1	0.7295	1	0.7295	0.7295	False	0.81	2.26
19	54254512	G	T	MIR522	RNA	33	28	61	0.45901639344262296	2	1	1	1.1334	1	1.1334	1.0	True	0.81	2.26
19	54257317	G	T	MIR527	RNA	47	32	79	0.4050632911392405	2	1	1	1.0002	1	1.0002	1.0	True	0.81	2.26
19	54501518	C	A	CACNG6	Missense_Mutation	9	10	19	0.5263157894736842	2	1	1	1.2995	1	1.2995	1.0	True	0.81	2.26
19	54761147	C	T	LILRB5	5'Flank	10	4	14	0.2857142857142857	2	1	1	0.7055	1	0.7055	0.7055	False	0.81	2.26
19	55179373	G	T	LILRB4	Missense_Mutation	41	25	66	0.3787878787878788	2	1	1	0.9353	1	0.9353	0.9353	True	0.81	2.26
19	55505764	T	G	NLRP2	Missense_Mutation	56	16	72	0.2222222222222222	2	1	1	0.5487	1	0.5487	0.5487	False	0.81	2.26
19	55859272	C	T	SUV420H2	3'UTR	22	13	35	0.37142857142857144	2	1	1	0.9171	1	0.9171	0.9171	True	0.81	2.26
19	56223812	A	G	NLRP9	Silent	13	13	26	0.5	2	1	1	1.2346	1	1.2346	1.0	True	0.81	2.26
19	56243531	C	A	NLRP9	Nonsense_Mutation	42	28	70	0.4	2	1	1	0.9877	1	0.9877	0.9877	True	0.81	2.26
19	56303799	G	A	NLRP11	Missense_Mutation	21	15	36	0.4166666666666667	2	1	1	1.0288	1	1.0288	1.0	True	0.81	2.26
19	56499235	G	A	NLRP8	Missense_Mutation	11	4	15	0.26666666666666666	2	1	1	0.6584	1	0.6584	0.6584	False	0.81	2.26
19	56889229	G	T	ZNF582	3'Flank	24	8	32	0.25	2	1	1	0.6173	1	0.6173	0.6173	False	0.81	2.26
19	56889337	A	C	ZNF582	3'Flank	8	6	14	0.42857142857142855	2	1	1	1.0582	1	1.0582	1.0	True	0.81	2.26
19	57089215	G	T	ZNF470	Missense_Mutation	19	12	31	0.3870967741935484	2	1	1	0.9558	1	0.9558	0.9558	True	0.81	2.26
19	57868434	C	A	ZNF304	Missense_Mutation	25	21	46	0.45652173913043476	2	1	1	1.1272	1	1.1272	1.0	True	0.81	2.26
19	57868840	G	T	ZNF304	Nonsense_Mutation	24	10	34	0.29411764705882354	2	1	1	0.7262	1	0.7262	0.7262	False	0.81	2.26
19	58049934	G	T	ZNF549	Missense_Mutation	21	22	43	0.5116279069767442	2	1	1	1.2633	1	1.2633	1.0	True	0.81	2.26
19	58083705	C	T	ZNF416	Missense_Mutation	41	23	64	0.359375	2	1	1	0.8873	1	0.8873	0.8873	True	0.81	2.26
19	58131662	T	C	ZNF134	Silent	29	12	41	0.2926829268292683	2	1	1	0.7227	1	0.7227	0.7227	False	0.81	2.26
19	58189571	G	A	ZSCAN4	Silent	12	8	20	0.4	2	1	1	0.9877	1	0.9877	0.9877	True	0.81	2.26
20	417319	G	A	TBC1D20	3'UTR	9	7	16	0.4375	2	1	1	1.0802	1	1.0802	1.0	True	0.81	2.26
20	1212192	G	T	RAD21L1	Missense_Mutation	18	13	31	0.41935483870967744	2	1	1	1.0354	1	1.0354	1.0	True	0.81	2.26
20	1552547	G	T	SIRPB1	Silent	91	57	148	0.38513513513513514	2	1	1	0.951	1	0.951	0.951	True	0.81	2.26
20	2594019	C	T	TMC2	Intron	55	31	86	0.36046511627906974	2	1	1	0.89	1	0.89	0.89	True	0.81	2.26
20	2945606	C	A	PTPRA	Missense_Mutation	11	5	16	0.3125	2	1	1	0.7716	1	0.7716	0.7716	False	0.81	2.26
20	3914119	G	T	RNF24	3'UTR	14	17	31	0.5483870967741935	2	1	1	1.354	1	1.354	1.0	True	0.81	2.26
20	4764253	C	T	RASSF2	3'UTR	11	7	18	0.3888888888888889	2	1	1	0.9602	1	0.9602	0.9602	True	0.81	2.26
20	6759787	A	C	BMP2	3'UTR	8	4	12	0.3333333333333333	2	1	1	0.823	1	0.823	0.823	False	0.81	2.26
20	6759910	C	A	BMP2	3'UTR	22	11	33	0.3333333333333333	2	1	1	0.823	1	0.823	0.823	False	0.81	2.26
20	9389771	C	T	PLCB4	Missense_Mutation	39	19	58	0.3275862068965517	2	1	1	0.8089	1	0.8089	0.8089	False	0.81	2.26
20	10287847	C	A	SNAP25	3'UTR	8	5	13	0.38461538461538464	2	1	1	0.9497	1	0.9497	0.9497	True	0.81	2.26
20	17495430	C	T	BFSP1	Missense_Mutation	29	17	46	0.3695652173913043	2	1	1	0.9125	1	0.9125	0.9125	True	0.81	2.26
20	17600991	C	T	RRBP1	Missense_Mutation	11	6	17	0.35294117647058826	2	1	1	0.8715	1	0.8715	0.8715	True	0.81	2.26
20	17950825	G	T	MGME1	Missense_Mutation	12	8	20	0.4	2	1	1	0.9877	1	0.9877	0.9877	True	0.81	2.26
20	18454060	G	T	POLR3F	Nonsense_Mutation	9	6	15	0.4	2	1	1	0.9877	1	0.9877	0.9877	True	0.81	2.26
20	18470493	T	G	RBBP9	Missense_Mutation	18	18	36	0.5	2	1	1	1.2346	1	1.2346	1.0	True	0.81	2.26
20	19956364	G	T	RIN2	Missense_Mutation	14	5	19	0.2631578947368421	2	1	1	0.6498	1	0.6498	0.6498	False	0.81	2.26
20	19982403	G	T	RIN2	3'UTR	34	22	56	0.39285714285714285	2	1	1	0.97	1	0.97	0.97	True	0.81	2.26
20	20269457	G	T	C20orf26	Nonsense_Mutation	20	16	36	0.4444444444444444	2	1	1	1.0974	1	1.0974	1.0	True	0.81	2.26
20	20278850	C	T	C20orf26	Missense_Mutation	27	19	46	0.41304347826086957	2	1	1	1.0199	1	1.0199	1.0	True	0.81	2.26
20	20350521	G	A	INSM1	3'UTR	29	16	45	0.35555555555555557	2	1	1	0.8779	1	0.8779	0.8779	True	0.81	2.26
20	20571918	G	A	RALGAPA2	Silent	25	14	39	0.358974358974359	2	1	1	0.8864	1	0.8864	0.8864	True	0.81	2.26
20	20661371	T	G	RALGAPA2	Missense_Mutation	14	15	29	0.5172413793103449	2	1	1	1.2771	1	1.2771	1.0	True	0.81	2.26
20	25477415	C	T	NINL	Silent	4	8	12	0.6666666666666666	2	1	1	1.6461	1	1.6461	1.0	True	0.81	2.26
20	30126026	C	A	HM13	Missense_Mutation	40	28	68	0.4117647058823529	2	1	1	1.0167	1	1.0167	1.0	True	0.81	2.26
20	30132790	C	T	HM13	Nonsense_Mutation	36	27	63	0.42857142857142855	2	1	1	1.0582	1	1.0582	1.0	True	0.81	2.26
20	30136896	C	T	HM13	Silent	11	10	21	0.47619047619047616	2	1	1	1.1758	1	1.1758	1.0	True	0.81	2.26
20	30674593	C	T	HCK	Missense_Mutation	23	16	39	0.41025641025641024	2	1	1	1.013	1	1.013	1.0	True	0.81	2.26
20	31437904	G	A	MAPRE1	3'UTR	16	10	26	0.38461538461538464	2	1	1	0.9497	1	0.9497	0.9497	True	0.81	2.26
20	31790454	C	A	BPIFA4P	RNA	16	10	26	0.38461538461538464	2	1	1	0.9497	1	0.9497	0.9497	True	0.81	2.26
20	31967488	C	T	CDK5RAP1	Missense_Mutation	10	9	19	0.47368421052631576	2	1	1	1.1696	1	1.1696	1.0	True	0.81	2.26
20	32237509	C	T	CBFA2T2	3'UTR	7	3	10	0.3	2	1	1	0.7407	1	0.7407	0.7407	False	0.81	2.26
20	32676862	G	T	EIF2S2	3'UTR	43	5	48	0.10416666666666667	2	1	1	0.2572	1	0.2572	0.2572	False	0.81	2.26
20	33068487	G	T	ITCH	Missense_Mutation	17	21	38	0.5526315789473685	2	1	1	1.3645	1	1.3645	1.0	True	0.81	2.26
20	33173336	G	T	PIGU	Missense_Mutation	11	4	15	0.26666666666666666	2	1	1	0.6584	1	0.6584	0.6584	False	0.81	2.26
20	34091115	G	A	CEP250	Missense_Mutation	11	10	21	0.47619047619047616	2	1	1	1.1758	1	1.1758	1.0	True	0.81	2.26
20	35858387	C	A	RPN2	Silent	28	19	47	0.40425531914893614	2	1	1	0.9982	1	0.9982	0.9982	True	0.81	2.26
20	37551414	A	C	PPP1R16B	3'UTR	25	18	43	0.4186046511627907	2	1	1	1.0336	1	1.0336	1.0	True	0.81	2.26
20	39831398	C	T	ZHX3	Missense_Mutation	23	21	44	0.4772727272727273	2	1	1	1.1785	1	1.1785	1.0	True	0.81	2.26
20	41306638	C	T	PTPRT	Missense_Mutation	33	26	59	0.4406779661016949	2	1	1	1.0881	1	1.0881	1.0	True	0.81	2.26
20	42887078	C	T	GDAP1L1	Silent	15	7	22	0.3181818181818182	2	1	1	0.7856	1	0.7856	0.7856	False	0.81	2.26
20	43247452	T	G	PKIG	3'UTR	3	7	10	0.7	2	1	1	1.7284	1	1.7284	1.0	True	0.81	2.26
20	45131124	C	A	ZNF334	Missense_Mutation	27	16	43	0.37209302325581395	2	1	1	0.9187	1	0.9187	0.9187	True	0.81	2.26
20	47614993	G	A	ARFGEF2	Missense_Mutation	48	33	81	0.4074074074074074	2	1	1	1.0059	1	1.0059	1.0	True	0.81	2.26
20	49575785	G	A	MOCS3	Missense_Mutation	13	11	24	0.4583333333333333	2	1	1	1.1317	1	1.1317	1.0	True	0.81	2.26
20	54823910	C	T	MC3R	Missense_Mutation	16	10	26	0.38461538461538464	2	1	1	0.9497	1	0.9497	0.9497	True	0.81	2.26
20	55111574	G	T	FAM209B	3'UTR	10	3	13	0.23076923076923078	2	1	1	0.5698	1	0.5698	0.5698	False	0.81	2.26
20	55949769	C	T	RAE1	Missense_Mutation	26	14	40	0.35	2	1	1	0.8642	1	0.8642	0.8642	True	0.81	2.26
20	56814347	G	T	PPP4R1L	3'UTR	21	15	36	0.4166666666666667	2	1	1	1.0288	1	1.0288	1.0	True	0.81	2.26
20	58318216	G	A	PHACTR3	Missense_Mutation	21	5	26	0.19230769230769232	2	1	1	0.4748	1	0.4748	0.4748	False	0.81	2.26
20	58441386	C	A	SYCP2	Missense_Mutation	17	5	22	0.22727272727272727	2	1	1	0.5612	1	0.5612	0.5612	False	0.81	2.26
20	58476794	C	A	SYCP2	Nonsense_Mutation	23	17	40	0.425	2	1	1	1.0494	1	1.0494	1.0	True	0.81	2.26
20	58515273	C	T	PPP1R3D	5'UTR	22	8	30	0.26666666666666666	2	1	1	0.6584	1	0.6584	0.6584	False	0.81	2.26
20	61472060	G	T	COL9A3	Missense_Mutation	44	20	64	0.3125	2	1	1	0.7716	1	0.7716	0.7716	False	0.81	2.26
20	61576576	G	A	GID8	3'UTR	14	10	24	0.4166666666666667	2	1	1	1.0288	1	1.0288	1.0	True	0.81	2.26
20	62175640	C	T	SRMS	Missense_Mutation	18	16	34	0.47058823529411764	2	1	1	1.1619	1	1.1619	1.0	True	0.81	2.26
20	62873091	A	C	MYT1	3'UTR	18	18	36	0.5	2	1	1	1.2346	1	1.2346	1.0	True	0.81	2.26
21	10908857	G	T	TPTE	Missense_Mutation	108	14	122	0.11475409836065574	2	1	1	0.2833	1	0.2833	0.2833	False	0.81	2.26
21	10916373	G	T	TPTE	Missense_Mutation	155	45	200	0.225	2	1	1	0.5556	1	0.5556	0.5556	False	0.81	2.26
21	10916378	G	T	TPTE	Nonsense_Mutation	184	13	197	0.06598984771573604	2	1	1	0.1629	1	0.1629	0.1629	False	0.81	2.26
21	11014969	C	A	TPTE	RNA	39	14	53	0.2641509433962264	2	1	1	0.6522	1	0.6522	0.6522	False	0.81	2.26
21	11039382	C	A	BAGE2	RNA	174	13	187	0.06951871657754011	2	1	1	0.1717	1	0.1717	0.1717	False	0.81	2.26
21	15516985	C	A	LIPI	Missense_Mutation	18	17	35	0.4857142857142857	2	1	1	1.1993	1	1.1993	1.0	True	0.81	2.26
21	16340099	A	G	NRIP1	Missense_Mutation	13	6	19	0.3157894736842105	2	1	1	0.7797	1	0.7797	0.7797	False	0.81	2.26
21	17443502	G	T	LINC00478	RNA	23	6	29	0.20689655172413793	2	1	1	0.5109	1	0.5109	0.5109	False	0.81	2.26
21	17443671	C	T	LINC00478	RNA	14	9	23	0.391304347826087	2	1	1	0.9662	1	0.9662	0.9662	True	0.81	2.26
21	18966258	G	A	BTG3	3'UTR	9	4	13	0.3076923076923077	2	1	1	0.7597	1	0.7597	0.7597	False	0.81	2.26
21	19638335	G	T	CHODL	Nonsense_Mutation	16	10	26	0.38461538461538464	2	1	1	0.9497	1	0.9497	0.9497	True	0.81	2.26
21	22652919	C	A	NCAM2	Nonsense_Mutation	16	6	22	0.2727272727272727	2	1	1	0.6734	1	0.6734	0.6734	False	0.81	2.26
21	22664472	A	G	NCAM2	Missense_Mutation	16	14	30	0.4666666666666667	2	1	1	1.1523	1	1.1523	1.0	True	0.81	2.26
21	27084663	C	A	JAM2	Missense_Mutation	11	8	19	0.42105263157894735	2	1	1	1.0396	1	1.0396	1.0	True	0.81	2.26
21	27372397	G	A	APP	Silent	22	18	40	0.45	2	1	1	1.1111	1	1.1111	1.0	True	0.81	2.26
21	28296852	G	T	ADAMTS5	Missense_Mutation	19	13	32	0.40625	2	1	1	1.0031	1	1.0031	1.0	True	0.81	2.26
21	31586993	A	G	CLDN8	3'UTR	12	5	17	0.29411764705882354	2	1	1	0.7262	1	0.7262	0.7262	False	0.81	2.26
21	31913933	C	T	KRTAP19-6	3'UTR	17	18	35	0.5142857142857142	2	1	1	1.2698	1	1.2698	1.0	True	0.81	2.26
21	35895858	C	T	RCAN1	Missense_Mutation	14	11	25	0.44	2	1	1	1.0864	1	1.0864	1.0	True	0.81	2.26
21	38512870	G	A	TTC3	Missense_Mutation	44	23	67	0.34328358208955223	2	1	1	0.8476	1	0.8476	0.8476	False	0.81	2.26
21	39087174	A	C	KCNJ6	Missense_Mutation	19	11	30	0.36666666666666664	2	1	1	0.9053	1	0.9053	0.9053	True	0.81	2.26
21	40578101	G	A	BRWD1	Nonsense_Mutation	31	11	42	0.2619047619047619	2	1	1	0.6467	1	0.6467	0.6467	False	0.81	2.26
21	41173653	G	T	IGSF5	3'UTR	5	4	9	0.4444444444444444	2	1	1	1.0974	1	1.0974	1.0	True	0.81	2.26
21	42729184	G	T	FAM3B	3'UTR	7	4	11	0.36363636363636365	2	1	1	0.8979	1	0.8979	0.8979	True	0.81	2.26
21	42762534	A	G	MX2	Missense_Mutation	15	12	27	0.4444444444444444	2	1	1	1.0974	1	1.0974	1.0	True	0.81	2.26
21	43321810	C	A	C2CD2	Missense_Mutation	34	29	63	0.4603174603174603	2	1	1	1.1366	1	1.1366	1.0	True	0.81	2.26
21	43716283	C	T	ABCG1	Silent	41	37	78	0.47435897435897434	2	1	1	1.1713	1	1.1713	1.0	True	0.81	2.26
21	43771186	G	A	TFF2	5'UTR	18	8	26	0.3076923076923077	2	1	1	0.7597	1	0.7597	0.7597	False	0.81	2.26
21	45535270	A	G	PWP2	Missense_Mutation	33	24	57	0.42105263157894735	2	1	1	1.0396	1	1.0396	1.0	True	0.81	2.26
21	45811178	G	T	TRPM2	Missense_Mutation	15	14	29	0.4827586206896552	2	1	1	1.192	1	1.192	1.0	True	0.81	2.26
21	47402567	C	A	COL6A1	Missense_Mutation	25	21	46	0.45652173913043476	2	1	1	1.1272	1	1.1272	1.0	True	0.81	2.26
21	47676873	C	A	MCM3AP	Missense_Mutation	20	9	29	0.3103448275862069	2	1	1	0.7663	1	0.7663	0.7663	False	0.81	2.26
21	48080859	A	C	PRMT2	Missense_Mutation	19	9	28	0.32142857142857145	2	1	1	0.7937	1	0.7937	0.7937	False	0.81	2.26
22	16256555	C	A	POTEH	3'UTR	844	83	927	0.0895361380798274	2	1	1	0.2211	1	0.2211	0.2211	False	0.81	2.26
22	16256617	C	A	POTEH	3'UTR	833	50	883	0.056625141562853906	2	1	1	0.1398	1	0.1398	0.1398	False	0.81	2.26
22	16256638	C	A	POTEH	3'UTR	724	47	771	0.0609597924773022	2	1	1	0.1505	1	0.1505	0.1505	False	0.81	2.26
22	17072079	C	T	CCT8L2	Silent	43	27	70	0.38571428571428573	2	1	1	0.9524	1	0.9524	0.9524	True	0.81	2.26
22	17310156	T	A	HSFY1P1	RNA	16	8	24	0.3333333333333333	2	1	1	0.823	1	0.823	0.823	False	0.81	2.26
22	18604328	G	A	TUBA8	Missense_Mutation	15	11	26	0.4230769230769231	2	1	1	1.0446	1	1.0446	1.0	True	0.81	2.26
22	19005922	A	G	DGCR9	RNA	58	35	93	0.3763440860215054	2	1	1	0.9292	1	0.9292	0.9292	True	0.81	2.26
22	19163206	G	A	SLC25A1	3'UTR	14	17	31	0.5483870967741935	2	1	1	1.354	1	1.354	1.0	True	0.81	2.26
22	21045604	G	A	POM121L4P	RNA	86	56	142	0.39436619718309857	2	1	1	0.9737	1	0.9737	0.9737	True	0.81	2.26
22	21329051	C	T	AIFM3	Silent	22	12	34	0.35294117647058826	2	1	1	0.8715	1	0.8715	0.8715	True	0.81	2.26
22	21351629	G	A	LZTR1	Missense_Mutation	9	10	19	0.5263157894736842	2	1	1	1.2995	1	1.2995	1.0	True	0.81	2.26
22	21803510	C	A	HIC2	3'UTR	29	13	42	0.30952380952380953	2	1	1	0.7643	1	0.7643	0.7643	False	0.81	2.26
22	21975895	A	C	UBE2L3	Missense_Mutation	21	10	31	0.3225806451612903	2	1	1	0.7965	1	0.7965	0.7965	False	0.81	2.26
22	22345851	G	T	PRAMENP	RNA	14	6	20	0.3	2	1	1	0.7407	1	0.7407	0.7407	False	0.81	2.26
22	23011091	C	T	IGLV3-27	Missense_Mutation	24	12	36	0.3333333333333333	2	1	1	0.823	1	0.823	0.823	False	0.81	2.26
22	24002062	C	A	GUSBP11	RNA	119	58	177	0.327683615819209	2	1	1	0.8091	1	0.8091	0.8091	False	0.81	2.26
22	25150067	G	T	PIWIL3	Missense_Mutation	17	8	25	0.32	2	1	1	0.7901	1	0.7901	0.7901	False	0.81	2.26
22	26086233	G	T	ADRBK2	Missense_Mutation	18	7	25	0.28	2	1	1	0.6914	1	0.6914	0.6914	False	0.81	2.26
22	28144570	T	C	MN1	3'UTR	105	10	115	0.08695652173913043	2	1	1	0.2147	1	0.2147	0.2147	False	0.81	2.26
22	28194880	C	T	MN1	Missense_Mutation	14	10	24	0.4166666666666667	2	1	1	1.0288	1	1.0288	1.0	True	0.81	2.26
22	29192042	T	G	XBP1	Missense_Mutation	18	8	26	0.3076923076923077	2	1	1	0.7597	1	0.7597	0.7597	False	0.81	2.26
22	29763202	T	C	AP1B1	Missense_Mutation	89	21	110	0.19090909090909092	2	1	1	0.4714	1	0.4714	0.4714	False	0.81	2.26
22	29940543	C	T	THOC5	Missense_Mutation	23	21	44	0.4772727272727273	2	1	1	1.1785	1	1.1785	1.0	True	0.81	2.26
22	30221241	G	T	ASCC2	Silent	9	5	14	0.35714285714285715	2	1	1	0.8818	1	0.8818	0.8818	True	0.81	2.26
22	30422977	C	T	MTMR3	3'UTR	29	23	52	0.4423076923076923	2	1	1	1.0921	1	1.0921	1.0	True	0.81	2.26
22	30638548	A	C	LIF	3'UTR	21	10	31	0.3225806451612903	2	1	1	0.7965	1	0.7965	0.7965	False	0.81	2.26
22	31536310	G	T	PLA2G3	Missense_Mutation	21	8	29	0.27586206896551724	2	1	1	0.6811	1	0.6811	0.6811	False	0.81	2.26
22	31583191	C	T	RNF185	Silent	28	21	49	0.42857142857142855	2	1	1	1.0582	1	1.0582	1.0	True	0.81	2.26
22	31854462	G	A	EIF4ENIF1	Missense_Mutation	62	42	104	0.40384615384615385	2	1	1	0.9972	1	0.9972	0.9972	True	0.81	2.26
22	35948674	C	T	RASD2	3'UTR	11	10	21	0.47619047619047616	2	1	1	1.1758	1	1.1758	1.0	True	0.81	2.26
22	37690748	C	T	CYTH4	Silent	18	9	27	0.3333333333333333	2	1	1	0.823	1	0.823	0.823	False	0.81	2.26
22	38776982	C	T	RP3-449O17.1	RNA	52	23	75	0.30666666666666664	2	1	1	0.7572	1	0.7572	0.7572	False	0.81	2.26
22	39085019	G	A	JOSD1	Nonsense_Mutation	29	12	41	0.2926829268292683	2	1	1	0.7227	1	0.7227	0.7227	False	0.81	2.26
22	40283518	C	T	ENTHD1	Missense_Mutation	10	11	21	0.5238095238095238	2	1	1	1.2934	1	1.2934	1.0	True	0.81	2.26
22	40366909	C	T	GRAP2	Nonsense_Mutation	11	13	24	0.5416666666666666	2	1	1	1.3374	1	1.3374	1.0	True	0.81	2.26
22	41542803	G	A	EP300	Missense_Mutation	31	3	34	0.08823529411764706	2	1	1	0.2179	1	0.2179	0.2179	False	0.81	2.26
22	41558740	G	T	EP300	Nonsense_Mutation	45	24	69	0.34782608695652173	2	1	1	0.8588	1	0.8588	0.8588	True	0.81	2.26
22	41574502	C	T	EP300	Nonsense_Mutation	13	7	20	0.35	2	1	1	0.8642	1	0.8642	0.8642	True	0.81	2.26
22	41574615	T	G	EP300	Silent	12	12	24	0.5	2	1	1	1.2346	1	1.2346	1.0	True	0.81	2.26
22	41922402	G	A	ACO2	Missense_Mutation	10	8	18	0.4444444444444444	2	1	1	1.0974	1	1.0974	1.0	True	0.81	2.26
22	42091155	G	T	C22orf46	3'UTR	16	9	25	0.36	2	1	1	0.8889	1	0.8889	0.8889	True	0.81	2.26
22	42393368	G	T	SEPT3	3'UTR	11	4	15	0.26666666666666666	2	1	1	0.6584	1	0.6584	0.6584	False	0.81	2.26
22	42423224	G	T	WBP2NL	3'UTR	12	9	21	0.42857142857142855	2	1	1	1.0582	1	1.0582	1.0	True	0.81	2.26
22	43520173	G	T	BIK	Nonsense_Mutation	27	27	54	0.5	2	1	1	1.2346	1	1.2346	1.0	True	0.81	2.26
22	46632555	C	A	PPARA	3'UTR	27	20	47	0.425531914893617	2	1	1	1.0507	1	1.0507	1.0	True	0.81	2.26
22	46757190	C	T	CELSR1	3'UTR	36	24	60	0.4	2	1	1	0.9877	1	0.9877	0.9877	True	0.81	2.26
22	47287264	G	T	TBC1D22A	Nonsense_Mutation	33	16	49	0.32653061224489793	2	1	1	0.8062	1	0.8062	0.8062	False	0.81	2.26
22	50167232	T	G	BRD1	3'UTR	22	8	30	0.26666666666666666	2	1	1	0.6584	1	0.6584	0.6584	False	0.81	2.26
22	50217391	C	T	BRD1	Missense_Mutation	18	3	21	0.14285714285714285	2	1	1	0.3527	1	0.3527	0.3527	False	0.81	2.26
22	51237661	G	T	RPL23AP82	RNA	6	9	15	0.6	2	1	1	1.4815	1	1.4815	1.0	True	0.81	2.26
X	5821764	G	A	NLGN4X	Missense_Mutation	145	59	204	0.28921568627450983	2	1	1	0.7141	1	0.7141	0.7141	False	0.81	2.26
X	6451687	C	A	VCX3A	3'UTR	148	20	168	0.11904761904761904	2	1	1	0.2939	1	0.2939	0.2939	False	0.81	2.26
X	7243430	C	T	STS	Missense_Mutation	95	26	121	0.21487603305785125	2	1	1	0.5306	1	0.5306	0.5306	False	0.81	2.26
X	8501011	A	C	KAL1	3'UTR	41	12	53	0.22641509433962265	2	1	1	0.559	1	0.559	0.559	False	0.81	2.26
X	8997419	C	T	FAM9B	Missense_Mutation	68	12	80	0.15	2	1	1	0.3704	1	0.3704	0.3704	False	0.81	2.26
X	8998343	C	A	FAM9B	Missense_Mutation	42	16	58	0.27586206896551724	2	1	1	0.6811	1	0.6811	0.6811	False	0.81	2.26
X	10077958	G	A	WWC3	Missense_Mutation	59	17	76	0.2236842105263158	2	1	1	0.5523	1	0.5523	0.5523	False	0.81	2.26
X	10085323	C	A	WWC3	Missense_Mutation	49	8	57	0.14035087719298245	2	1	1	0.3465	1	0.3465	0.3465	False	0.81	2.26
X	10417439	T	C	MID1	Missense_Mutation	24	5	29	0.1724137931034483	2	1	1	0.4257	1	0.4257	0.4257	False	0.81	2.26
X	12736592	C	A	FRMPD4	Missense_Mutation	34	16	50	0.32	2	1	1	0.7901	1	0.7901	0.7901	False	0.81	2.26
X	13786292	G	A	OFD1	Silent	29	9	38	0.23684210526315788	2	1	1	0.5848	1	0.5848	0.5848	False	0.81	2.26
X	14044302	G	A	GEMIN8	5'UTR	52	13	65	0.2	2	1	1	0.4938	1	0.4938	0.4938	False	0.81	2.26
X	15272939	C	A	ASB9	Missense_Mutation	30	10	40	0.25	2	1	1	0.6173	1	0.6173	0.6173	False	0.81	2.26
X	15376294	C	A	FIGF	Missense_Mutation	79	17	96	0.17708333333333334	2	1	1	0.4372	1	0.4372	0.4372	False	0.81	2.26
X	15497865	C	T	PIR	Missense_Mutation	74	31	105	0.29523809523809524	2	1	1	0.729	1	0.729	0.729	False	0.81	2.26
X	15555405	C	A	BMX	Missense_Mutation	57	14	71	0.19718309859154928	2	1	1	0.4869	1	0.4869	0.4869	False	0.81	2.26
X	15809090	G	T	ZRSR2	Missense_Mutation	27	16	43	0.37209302325581395	2	1	1	0.9187	1	0.9187	0.9187	True	0.81	2.26
X	16852441	C	T	TXLNG	Silent	27	13	40	0.325	2	1	1	0.8025	1	0.8025	0.8025	False	0.81	2.26
X	16859976	T	G	TXLNG	3'UTR	82	36	118	0.3050847457627119	2	1	1	0.7533	1	0.7533	0.7533	False	0.81	2.26
X	16871848	C	T	RBBP7	Missense_Mutation	31	10	41	0.24390243902439024	2	1	1	0.6022	1	0.6022	0.6022	False	0.81	2.26
X	17169086	C	A	REPS2	3'UTR	42	13	55	0.23636363636363636	2	1	1	0.5836	1	0.5836	0.5836	False	0.81	2.26
X	17653546	G	T	NHS	Intron	41	6	47	0.1276595744680851	2	1	1	0.3152	1	0.3152	0.3152	False	0.81	2.26
X	17752515	C	A	NHS	3'UTR	34	18	52	0.34615384615384615	2	1	1	0.8547	1	0.8547	0.8547	True	0.81	2.26
X	18602391	C	T	CDKL5	Missense_Mutation	56	16	72	0.2222222222222222	2	1	1	0.5487	1	0.5487	0.5487	False	0.81	2.26
X	18959751	C	A	PHKA2	Nonsense_Mutation	29	13	42	0.30952380952380953	2	1	1	0.7643	1	0.7643	0.7643	False	0.81	2.26
X	19046353	A	C	GPR64	Missense_Mutation	101	27	128	0.2109375	2	1	1	0.5208	1	0.5208	0.5208	False	0.81	2.26
X	19560225	C	T	SH3KBP1	Silent	76	23	99	0.23232323232323232	2	1	1	0.5736	1	0.5736	0.5736	False	0.81	2.26
X	19613101	C	T	SH3KBP1	Silent	66	32	98	0.32653061224489793	2	1	1	0.8062	1	0.8062	0.8062	False	0.81	2.26
X	20071007	G	T	MAP7D2	Missense_Mutation	119	10	129	0.07751937984496124	2	1	1	0.1914	1	0.1914	0.1914	False	0.81	2.26
X	20213249	G	A	RPS6KA3	Missense_Mutation	37	9	46	0.1956521739130435	2	1	1	0.4831	1	0.4831	0.4831	False	0.81	2.26
X	21857756	C	T	MBTPS2	5'UTR	23	4	27	0.14814814814814814	2	1	1	0.3658	1	0.3658	0.3658	False	0.81	2.26
X	21863443	T	C	MBTPS2	Missense_Mutation	42	15	57	0.2631578947368421	2	1	1	0.6498	1	0.6498	0.6498	False	0.81	2.26
X	22051182	G	A	PHEX	Missense_Mutation	58	14	72	0.19444444444444445	2	1	1	0.4801	1	0.4801	0.4801	False	0.81	2.26
X	22056648	C	T	PHEX	Silent	41	9	50	0.18	2	1	1	0.4444	1	0.4444	0.4444	False	0.81	2.26
X	23018850	G	A	DDX53	Missense_Mutation	29	5	34	0.14705882352941177	2	1	1	0.3631	1	0.3631	0.3631	False	0.81	2.26
X	23020112	G	T	DDX53	3'UTR	31	12	43	0.27906976744186046	2	1	1	0.6891	1	0.6891	0.6891	False	0.81	2.26
X	23410790	C	A	PTCHD1	Silent	26	18	44	0.4090909090909091	2	1	1	1.0101	1	1.0101	1.0	True	0.81	2.26
X	23693166	C	A	PRDX4	Missense_Mutation	32	16	48	0.3333333333333333	2	1	1	0.823	1	0.823	0.823	False	0.81	2.26
X	23721825	C	A	ACOT9	3'UTR	6	3	9	0.3333333333333333	2	1	1	0.823	1	0.823	0.823	False	0.81	2.26
X	23751332	G	A	ACOT9	Nonsense_Mutation	14	5	19	0.2631578947368421	2	1	1	0.6498	1	0.6498	0.6498	False	0.81	2.26
X	24226450	C	A	ZFX	Silent	72	23	95	0.24210526315789474	2	1	1	0.5978	1	0.5978	0.5978	False	0.81	2.26
X	24228747	C	T	ZFX	Missense_Mutation	62	15	77	0.19480519480519481	2	1	1	0.481	1	0.481	0.481	False	0.81	2.26
X	24229203	C	T	ZFX	Missense_Mutation	61	19	80	0.2375	2	1	1	0.5864	1	0.5864	0.5864	False	0.81	2.26
X	24523331	C	T	PDK3	Silent	36	18	54	0.3333333333333333	2	1	1	0.823	1	0.823	0.823	False	0.81	2.26
X	24608231	C	T	PCYT1B	Missense_Mutation	59	16	75	0.21333333333333335	2	1	1	0.5267	1	0.5267	0.5267	False	0.81	2.26
X	24665285	T	G	PCYT1B	5'UTR	13	8	21	0.38095238095238093	2	1	1	0.9406	1	0.9406	0.9406	True	0.81	2.26
X	27840672	A	C	MAGEB10	3'UTR	94	29	123	0.23577235772357724	2	1	1	0.5822	1	0.5822	0.5822	False	0.81	2.26
X	28807534	G	T	IL1RAPL1	Missense_Mutation	47	18	65	0.27692307692307694	2	1	1	0.6838	1	0.6838	0.6838	False	0.81	2.26
X	29301089	G	T	IL1RAPL1	Missense_Mutation	56	12	68	0.17647058823529413	2	1	1	0.4357	1	0.4357	0.4357	False	0.81	2.26
X	30254518	C	T	MAGEB3	Silent	25	7	32	0.21875	2	1	1	0.5401	1	0.5401	0.5401	False	0.81	2.26
X	30671719	C	T	GK	Missense_Mutation	107	7	114	0.06140350877192982	2	1	1	0.1516	1	0.1516	0.1516	False	0.81	2.26
X	30849662	C	T	TAB3	Missense_Mutation	44	30	74	0.40540540540540543	2	1	1	1.001	1	1.001	1.0	True	0.81	2.26
X	31196837	C	T	DMD	Missense_Mutation	71	31	102	0.30392156862745096	2	1	1	0.7504	1	0.7504	0.7504	False	0.81	2.26
X	31366699	C	T	DMD	Missense_Mutation	45	13	58	0.22413793103448276	2	1	1	0.5534	1	0.5534	0.5534	False	0.81	2.26
X	32383296	C	T	DMD	Silent	69	21	90	0.23333333333333334	2	1	1	0.5761	1	0.5761	0.5761	False	0.81	2.26
X	32659597	A	C	DMD	Intron	18	7	25	0.28	2	1	1	0.6914	1	0.6914	0.6914	False	0.81	2.26
X	32716054	C	T	DMD	Missense_Mutation	48	13	61	0.21311475409836064	2	1	1	0.5262	1	0.5262	0.5262	False	0.81	2.26
X	34148518	C	A	FAM47A	Missense_Mutation	41	12	53	0.22641509433962265	2	1	1	0.559	1	0.559	0.559	False	0.81	2.26
X	34150304	G	A	FAM47A	Missense_Mutation	70	27	97	0.27835051546391754	2	1	1	0.6873	1	0.6873	0.6873	False	0.81	2.26
X	34645426	C	A	TMEM47	3'UTR	58	15	73	0.2054794520547945	2	1	1	0.5074	1	0.5074	0.5074	False	0.81	2.26
X	34645968	A	C	TMEM47	3'UTR	29	6	35	0.17142857142857143	2	1	1	0.4233	1	0.4233	0.4233	False	0.81	2.26
X	34962494	G	T	FAM47B	Missense_Mutation	35	16	51	0.3137254901960784	2	1	1	0.7746	1	0.7746	0.7746	False	0.81	2.26
X	34962508	C	T	FAM47B	Silent	51	4	55	0.07272727272727272	2	1	1	0.1796	1	0.1796	0.1796	False	0.81	2.26
X	37029071	T	C	FAM47C	Missense_Mutation	78	24	102	0.23529411764705882	2	1	1	0.581	1	0.581	0.581	False	0.81	2.26
X	37663226	G	T	CYBB	Missense_Mutation	68	20	88	0.22727272727272727	2	1	1	0.5612	1	0.5612	0.5612	False	0.81	2.26
X	38422257	G	T	TSPAN7	Intron	29	12	41	0.2926829268292683	2	1	1	0.7227	1	0.7227	0.7227	False	0.81	2.26
X	40547716	G	A	MED14	Missense_Mutation	25	7	32	0.21875	2	1	1	0.5401	1	0.5401	0.5401	False	0.81	2.26
X	41078437	G	A	USP9X	Missense_Mutation	30	11	41	0.2682926829268293	2	1	1	0.6625	1	0.6625	0.6625	False	0.81	2.26
X	41604824	G	A	CASK	Silent	22	9	31	0.2903225806451613	2	1	1	0.7168	1	0.7168	0.7168	False	0.81	2.26
X	46360109	C	A	ZNF674	Missense_Mutation	46	22	68	0.3235294117647059	2	1	1	0.7988	1	0.7988	0.7988	False	0.81	2.26
X	46719459	G	T	RP2	Nonsense_Mutation	31	8	39	0.20512820512820512	2	1	1	0.5065	1	0.5065	0.5065	False	0.81	2.26
X	46920164	C	A	JADE3	3'UTR	18	7	25	0.28	2	1	1	0.6914	1	0.6914	0.6914	False	0.81	2.26
X	46951190	C	T	RGN	Missense_Mutation	62	24	86	0.27906976744186046	2	1	1	0.6891	1	0.6891	0.6891	False	0.81	2.26
X	47083125	C	T	CDK16	Missense_Mutation	35	19	54	0.35185185185185186	2	1	1	0.8688	1	0.8688	0.8688	True	0.81	2.26
X	47088654	C	A	CDK16	3'UTR	17	5	22	0.22727272727272727	2	1	1	0.5612	1	0.5612	0.5612	False	0.81	2.26
X	47101018	G	A	USP11	Missense_Mutation	62	13	75	0.17333333333333334	2	1	1	0.428	1	0.428	0.428	False	0.81	2.26
X	47272838	C	T	ZNF157	Missense_Mutation	24	9	33	0.2727272727272727	2	1	1	0.6734	1	0.6734	0.6734	False	0.81	2.26
X	47307793	C	A	ZNF41	Missense_Mutation	42	15	57	0.2631578947368421	2	1	1	0.6498	1	0.6498	0.6498	False	0.81	2.26
X	47308365	C	A	ZNF41	Missense_Mutation	70	23	93	0.24731182795698925	2	1	1	0.6106	1	0.6106	0.6106	False	0.81	2.26
X	47308521	C	A	ZNF41	Missense_Mutation	59	22	81	0.2716049382716049	2	1	1	0.6706	1	0.6706	0.6706	False	0.81	2.26
X	47483613	C	T	CFP	3'UTR	47	15	62	0.24193548387096775	2	1	1	0.5974	1	0.5974	0.5974	False	0.81	2.26
X	47498484	C	T	ELK1	Missense_Mutation	67	29	96	0.3020833333333333	2	1	1	0.7459	1	0.7459	0.7459	False	0.81	2.26
X	47834966	C	A	ZNF182	3'UTR	15	4	19	0.21052631578947367	2	1	1	0.5198	1	0.5198	0.5198	False	0.81	2.26
X	47835899	G	T	ZNF182	Silent	51	11	62	0.1774193548387097	2	1	1	0.4381	1	0.4381	0.4381	False	0.81	2.26
X	47918980	A	C	ZNF630	Missense_Mutation	57	15	72	0.20833333333333334	2	1	1	0.5144	1	0.5144	0.5144	False	0.81	2.26
X	48125817	G	A	SSX1	Missense_Mutation	161	45	206	0.21844660194174756	2	1	1	0.5394	1	0.5394	0.5394	False	0.81	2.26
X	48325462	G	A	SLC38A5	Silent	30	10	40	0.25	2	1	1	0.6173	1	0.6173	0.6173	False	0.81	2.26
X	48566225	C	T	SUV39H1	3'UTR	73	31	104	0.2980769230769231	2	1	1	0.736	1	0.736	0.736	False	0.81	2.26
X	48661282	G	A	HDAC6	Missense_Mutation	17	9	26	0.34615384615384615	2	1	1	0.8547	1	0.8547	0.8547	True	0.81	2.26
X	48933318	C	A	WDR45	Missense_Mutation	44	6	50	0.12	2	1	1	0.2963	1	0.2963	0.2963	False	0.81	2.26
X	48973965	C	A	GPKOW	Missense_Mutation	22	9	31	0.2903225806451613	2	1	1	0.7168	1	0.7168	0.7168	False	0.81	2.26
X	49370773	C	A	GAGE1	3'UTR	44	9	53	0.16981132075471697	2	1	1	0.4193	1	0.4193	0.4193	False	0.81	2.26
X	49645270	G	T	USP27X	Missense_Mutation	61	28	89	0.3146067415730337	2	1	1	0.7768	1	0.7768	0.7768	False	0.81	2.26
X	49862179	A	T	CLCN5	3'UTR	18	10	28	0.35714285714285715	2	1	1	0.8818	1	0.8818	0.8818	True	0.81	2.26
X	50053087	T	C	CCNB3	Missense_Mutation	26	6	32	0.1875	2	1	1	0.463	1	0.463	0.463	False	0.81	2.26
X	50376736	C	A	SHROOM4	Missense_Mutation	65	25	90	0.2777777777777778	2	1	1	0.6859	1	0.6859	0.6859	False	0.81	2.26
X	51076094	A	T	NUDT10	Missense_Mutation	96	23	119	0.19327731092436976	2	1	1	0.4772	1	0.4772	0.4772	False	0.81	2.26
X	51150307	C	T	CXorf67	Missense_Mutation	25	11	36	0.3055555555555556	2	1	1	0.7545	1	0.7545	0.7545	False	0.81	2.26
X	51150542	G	A	CXorf67	Missense_Mutation	42	15	57	0.2631578947368421	2	1	1	0.6498	1	0.6498	0.6498	False	0.81	2.26
X	53264967	C	T	IQSEC2	Missense_Mutation	86	16	102	0.1568627450980392	2	1	1	0.3873	1	0.3873	0.3873	False	0.81	2.26
X	53404776	G	T	SMC1A	3'UTR	34	6	40	0.15	2	1	1	0.3704	1	0.3704	0.3704	False	0.81	2.26
X	53439019	G	A	SMC1A	Missense_Mutation	48	20	68	0.29411764705882354	2	1	1	0.7262	1	0.7262	0.7262	False	0.81	2.26
X	53966871	C	A	PHF8	Missense_Mutation	108	44	152	0.2894736842105263	2	1	1	0.7147	1	0.7147	0.7147	False	0.81	2.26
X	54781542	C	T	ITIH6	Missense_Mutation	20	8	28	0.2857142857142857	2	1	1	0.7055	1	0.7055	0.7055	False	0.81	2.26
X	54783409	G	T	ITIH6	Missense_Mutation	29	14	43	0.32558139534883723	2	1	1	0.8039	1	0.8039	0.8039	False	0.81	2.26
X	54786190	G	A	ITIH6	Silent	31	12	43	0.27906976744186046	2	1	1	0.6891	1	0.6891	0.6891	False	0.81	2.26
X	54838613	A	C	MAGED2	Missense_Mutation	13	6	19	0.3157894736842105	2	1	1	0.7797	1	0.7797	0.7797	False	0.81	2.26
X	54952851	A	G	TRO	Missense_Mutation	108	39	147	0.2653061224489796	2	1	1	0.6551	1	0.6551	0.6551	False	0.81	2.26
X	55041363	G	T	ALAS2	Silent	21	6	27	0.2222222222222222	2	1	1	0.5487	1	0.5487	0.5487	False	0.81	2.26
X	56592134	G	A	UBQLN2	Missense_Mutation	52	20	72	0.2777777777777778	2	1	1	0.6859	1	0.6859	0.6859	False	0.81	2.26
X	56592711	G	A	UBQLN2	3'UTR	65	6	71	0.08450704225352113	2	1	1	0.2087	1	0.2087	0.2087	False	0.81	2.26
X	56593190	G	T	UBQLN2	3'UTR	50	14	64	0.21875	2	1	1	0.5401	1	0.5401	0.5401	False	0.81	2.26
X	57146865	C	T	SPIN2B	Silent	15	4	19	0.21052631578947367	2	1	1	0.5198	1	0.5198	0.5198	False	0.81	2.26
X	57162311	G	T	SPIN2A	Missense_Mutation	64	24	88	0.2727272727272727	2	1	1	0.6734	1	0.6734	0.6734	False	0.81	2.26
X	57935639	G	A	ZXDA	Silent	62	30	92	0.32608695652173914	2	1	1	0.8052	1	0.8052	0.8052	False	0.81	2.26
X	63412951	G	T	AMER1	Missense_Mutation	82	5	87	0.05747126436781609	2	1	1	0.1419	1	0.1419	0.1419	False	0.81	2.26
X	64136764	C	A	ZC4H2	3'UTR	13	4	17	0.23529411764705882	2	1	1	0.581	1	0.581	0.581	False	0.81	2.26
X	64725408	A	G	ZC3H12B	3'UTR	45	10	55	0.18181818181818182	2	1	1	0.4489	1	0.4489	0.4489	False	0.81	2.26
X	64887624	G	A	MSN	5'UTR	70	28	98	0.2857142857142857	2	1	1	0.7055	1	0.7055	0.7055	False	0.81	2.26
X	65241913	A	G	VSIG4	3'UTR	38	5	43	0.11627906976744186	2	1	1	0.2871	1	0.2871	0.2871	False	0.81	2.26
X	67935142	C	A	STARD8	Nonsense_Mutation	58	28	86	0.32558139534883723	2	1	1	0.8039	1	0.8039	0.8039	False	0.81	2.26
X	67937369	C	T	STARD8	Missense_Mutation	30	12	42	0.2857142857142857	2	1	1	0.7055	1	0.7055	0.7055	False	0.81	2.26
X	67943570	G	A	STARD8	Missense_Mutation	36	22	58	0.3793103448275862	2	1	1	0.9366	1	0.9366	0.9366	True	0.81	2.26
X	68060533	C	T	EFNB1	3'UTR	46	20	66	0.30303030303030304	2	1	1	0.7482	1	0.7482	0.7482	False	0.81	2.26
X	68381749	G	A	PJA1	Nonsense_Mutation	94	26	120	0.21666666666666667	2	1	1	0.535	1	0.535	0.535	False	0.81	2.26
X	69177018	A	C	EDA	Intron	51	16	67	0.23880597014925373	2	1	1	0.5896	1	0.5896	0.5896	False	0.81	2.26
X	69258620	G	T	EDA	3'UTR	40	9	49	0.1836734693877551	2	1	1	0.4535	1	0.4535	0.4535	False	0.81	2.26
X	69353846	G	A	IGBP1	Missense_Mutation	85	17	102	0.16666666666666666	2	1	1	0.4115	1	0.4115	0.4115	False	0.81	2.26
X	69640325	C	T	KIF4A	3'UTR	46	17	63	0.2698412698412698	2	1	1	0.6663	1	0.6663	0.6663	False	0.81	2.26
X	69646814	G	T	GDPD2	Missense_Mutation	67	17	84	0.20238095238095238	2	1	1	0.4997	1	0.4997	0.4997	False	0.81	2.26
X	69722870	C	A	DLG3	3'UTR	44	11	55	0.2	2	1	1	0.4938	1	0.4938	0.4938	False	0.81	2.26
X	69748890	T	G	TEX11	3'UTR	34	12	46	0.2608695652173913	2	1	1	0.6441	1	0.6441	0.6441	False	0.81	2.26
X	70321991	C	A	FOXO4	3'UTR	49	4	53	0.07547169811320754	2	1	1	0.1863	1	0.1863	0.1863	False	0.81	2.26
X	70362024	G	T	MED12	Splice_Site	39	17	56	0.30357142857142855	2	1	1	0.7496	1	0.7496	0.7496	False	0.81	2.26
X	70466251	G	A	ZMYM3	Missense_Mutation	35	12	47	0.2553191489361702	2	1	1	0.6304	1	0.6304	0.6304	False	0.81	2.26
X	70514313	C	A	NONO	Missense_Mutation	92	33	125	0.264	2	1	1	0.6519	1	0.6519	0.6519	False	0.81	2.26
X	70612782	C	T	TAF1	Missense_Mutation	67	21	88	0.23863636363636365	2	1	1	0.5892	1	0.5892	0.5892	False	0.81	2.26
X	71426486	C	T	ERCC6L	Missense_Mutation	73	20	93	0.21505376344086022	2	1	1	0.531	1	0.531	0.531	False	0.81	2.26
X	71694432	G	T	HDAC8	Intron	19	10	29	0.3448275862068966	2	1	1	0.8514	1	0.8514	0.8514	True	0.81	2.26
X	71791943	G	T	HDAC8	Missense_Mutation	29	5	34	0.14705882352941177	2	1	1	0.3631	1	0.3631	0.3631	False	0.81	2.26
X	71915667	C	A	PHKA1	Missense_Mutation	48	13	61	0.21311475409836064	2	1	1	0.5262	1	0.5262	0.5262	False	0.81	2.26
X	72347505	G	T	NAP1L6	Missense_Mutation	63	19	82	0.23170731707317074	2	1	1	0.5721	1	0.5721	0.5721	False	0.81	2.26
X	73047539	G	A	XIST	RNA	10	4	14	0.2857142857142857	2	1	1	0.7055	1	0.7055	0.7055	False	0.81	2.26
X	73953420	C	A	KIAA2022	3'UTR	62	18	80	0.225	2	1	1	0.5556	1	0.5556	0.5556	False	0.81	2.26
X	73957536	C	A	KIAA2022	3'UTR	63	20	83	0.24096385542168675	2	1	1	0.595	1	0.595	0.595	False	0.81	2.26
X	73960308	G	T	KIAA2022	Missense_Mutation	31	9	40	0.225	2	1	1	0.5556	1	0.5556	0.5556	False	0.81	2.26
X	75648567	C	T	MAGEE1	Missense_Mutation	62	4	66	0.06060606060606061	2	1	1	0.1496	1	0.1496	0.1496	False	0.81	2.26
X	75651496	G	T	MAGEE1	3'UTR	54	13	67	0.19402985074626866	2	1	1	0.4791	1	0.4791	0.4791	False	0.81	2.26
X	76763471	C	A	ATRX	3'UTR	31	5	36	0.1388888888888889	2	1	1	0.3429	1	0.3429	0.3429	False	0.81	2.26
X	76938056	C	T	ATRX	Missense_Mutation	40	12	52	0.23076923076923078	2	1	1	0.5698	1	0.5698	0.5698	False	0.81	2.26
X	77084579	T	C	MAGT1	3'UTR	126	15	141	0.10638297872340426	2	1	1	0.2627	1	0.2627	0.2627	False	0.81	2.26
X	77225000	G	A	PGAM4	Nonsense_Mutation	96	38	134	0.2835820895522388	2	1	1	0.7002	1	0.7002	0.7002	False	0.81	2.26
X	77305307	G	T	ATP7A	3'UTR	17	6	23	0.2608695652173913	2	1	1	0.6441	1	0.6441	0.6441	False	0.81	2.26
X	77914104	G	T	ZCCHC5	5'UTR	31	9	40	0.225	2	1	1	0.5556	1	0.5556	0.5556	False	0.81	2.26
X	79699838	G	A	FAM46D	3'UTR	40	10	50	0.2	2	1	1	0.4938	1	0.4938	0.4938	False	0.81	2.26
X	79989644	C	A	BRWD3	Missense_Mutation	74	25	99	0.25252525252525254	2	1	1	0.6235	1	0.6235	0.6235	False	0.81	2.26
X	83129222	G	T	CYLC1	Missense_Mutation	22	8	30	0.26666666666666666	2	1	1	0.6584	1	0.6584	0.6584	False	0.81	2.26
X	83319098	A	G	RPS6KA6	3'UTR	23	11	34	0.3235294117647059	2	1	1	0.7988	1	0.7988	0.7988	False	0.81	2.26
X	83320063	T	G	RPS6KA6	Missense_Mutation	41	8	49	0.16326530612244897	2	1	1	0.4031	1	0.4031	0.4031	False	0.81	2.26
X	83362734	C	A	RPS6KA6	Splice_Site	57	16	73	0.2191780821917808	2	1	1	0.5412	1	0.5412	0.5412	False	0.81	2.26
X	83588851	C	A	HDX	Splice_Site	46	24	70	0.34285714285714286	2	1	1	0.8466	1	0.8466	0.8466	False	0.81	2.26
X	84533078	G	A	POF1B	3'UTR	53	18	71	0.2535211267605634	2	1	1	0.626	1	0.626	0.626	False	0.81	2.26
X	84559360	G	A	POF1B	Missense_Mutation	99	7	106	0.0660377358490566	2	1	1	0.1631	1	0.1631	0.1631	False	0.81	2.26
X	85212957	G	T	CHM	Silent	46	15	61	0.2459016393442623	2	1	1	0.6072	1	0.6072	0.6072	False	0.81	2.26
X	86890611	G	T	KLHL4	Missense_Mutation	33	14	47	0.2978723404255319	2	1	1	0.7355	1	0.7355	0.7355	False	0.81	2.26
X	90692601	C	T	PABPC5	3'UTR	21	11	32	0.34375	2	1	1	0.8488	1	0.8488	0.8488	False	0.81	2.26
X	91132739	G	A	PCDH11X	Silent	70	4	74	0.05405405405405406	2	1	1	0.1335	1	0.1335	0.1335	False	0.81	2.26
X	91874557	A	C	PCDH11X	3'UTR	26	7	33	0.21212121212121213	2	1	1	0.5238	1	0.5238	0.5238	False	0.81	2.26
X	91877982	T	G	PCDH11X	3'UTR	15	5	20	0.25	2	1	1	0.6173	1	0.6173	0.6173	False	0.81	2.26
X	91878157	A	C	PCDH11X	3'UTR	25	6	31	0.1935483870967742	2	1	1	0.4779	1	0.4779	0.4779	False	0.81	2.26
X	96854819	G	T	DIAPH2	3'UTR	10	9	19	0.47368421052631576	2	1	1	1.1696	1	1.1696	1.0	True	0.81	2.26
X	99662467	C	T	PCDH19	Missense_Mutation	18	8	26	0.3076923076923077	2	1	1	0.7597	1	0.7597	0.7597	False	0.81	2.26
X	99663286	C	T	PCDH19	Missense_Mutation	29	20	49	0.40816326530612246	2	1	1	1.0078	1	1.0078	1.0	True	0.81	2.26
X	99664207	C	T	PCDH19	5'UTR	34	15	49	0.30612244897959184	2	1	1	0.7559	1	0.7559	0.7559	False	0.81	2.26
X	99919864	C	A	SRPX2	Missense_Mutation	57	21	78	0.2692307692307692	2	1	1	0.6648	1	0.6648	0.6648	False	0.81	2.26
X	99920638	C	A	SRPX2	Missense_Mutation	51	22	73	0.3013698630136986	2	1	1	0.7441	1	0.7441	0.7441	False	0.81	2.26
X	99941075	C	A	SYTL4	Missense_Mutation	43	16	59	0.2711864406779661	2	1	1	0.6696	1	0.6696	0.6696	False	0.81	2.26
X	100292949	T	G	TRMT2B	Missense_Mutation	55	34	89	0.38202247191011235	2	1	1	0.9433	1	0.9433	0.9433	True	0.81	2.26
X	100601256	C	A	TIMM8A	3'UTR	49	8	57	0.14035087719298245	2	1	1	0.3465	1	0.3465	0.3465	False	0.81	2.26
X	100611137	C	T	BTK	Missense_Mutation	60	19	79	0.24050632911392406	2	1	1	0.5938	1	0.5938	0.5938	False	0.81	2.26
X	100668124	C	A	HNRNPH2	Missense_Mutation	42	12	54	0.2222222222222222	2	1	1	0.5487	1	0.5487	0.5487	False	0.81	2.26
X	100809338	C	A	ARMCX1	3'UTR	34	6	40	0.15	2	1	1	0.3704	1	0.3704	0.3704	False	0.81	2.26
X	100881416	C	A	ARMCX3	3'UTR	31	12	43	0.27906976744186046	2	1	1	0.6891	1	0.6891	0.6891	False	0.81	2.26
X	100910614	T	C	ARMCX2	3'UTR	21	14	35	0.4	2	1	1	0.9877	1	0.9877	0.9877	True	0.81	2.26
X	100912562	G	A	ARMCX2	Missense_Mutation	82	33	115	0.28695652173913044	2	1	1	0.7085	1	0.7085	0.7085	False	0.81	2.26
X	101628002	C	A	NXF2B	Intron	88	14	102	0.13725490196078433	2	1	1	0.3389	1	0.3389	0.3389	False	0.81	2.26
X	101768850	T	G	TMSB15A	3'UTR	17	9	26	0.34615384615384615	2	1	1	0.8547	1	0.8547	0.8547	True	0.81	2.26
X	102334524	G	T	NXF3	Missense_Mutation	76	22	98	0.22448979591836735	2	1	1	0.5543	1	0.5543	0.5543	False	0.81	2.26
X	102471814	G	T	BEX4	3'UTR	63	28	91	0.3076923076923077	2	1	1	0.7597	1	0.7597	0.7597	False	0.81	2.26
X	102529164	C	A	TCEAL5	Missense_Mutation	80	34	114	0.2982456140350877	2	1	1	0.7364	1	0.7364	0.7364	False	0.81	2.26
X	102840519	C	A	TCEAL4	5'UTR	143	12	155	0.07741935483870968	2	1	1	0.1912	1	0.1912	0.1912	False	0.81	2.26
X	102931864	C	A	MORF4L2	Missense_Mutation	22	4	26	0.15384615384615385	2	1	1	0.3799	1	0.3799	0.3799	False	0.81	2.26
X	103498867	G	A	ESX1	Silent	107	40	147	0.272108843537415	2	1	1	0.6719	1	0.6719	0.6719	False	0.81	2.26
X	105011230	C	A	IL1RAPL2	Missense_Mutation	19	6	25	0.24	2	1	1	0.5926	1	0.5926	0.5926	False	0.81	2.26
X	105199849	C	A	NRK	3'UTR	33	7	40	0.175	2	1	1	0.4321	1	0.4321	0.4321	False	0.81	2.26
X	105200444	T	G	NRK	3'UTR	25	8	33	0.24242424242424243	2	1	1	0.5986	1	0.5986	0.5986	False	0.81	2.26
X	105450464	G	T	MUM1L1	Nonsense_Mutation	33	9	42	0.21428571428571427	2	1	1	0.5291	1	0.5291	0.5291	False	0.81	2.26
X	105450757	G	T	MUM1L1	Missense_Mutation	31	15	46	0.32608695652173914	2	1	1	0.8052	1	0.8052	0.8052	False	0.81	2.26
X	105451451	G	T	MUM1L1	Nonsense_Mutation	28	11	39	0.28205128205128205	2	1	1	0.6964	1	0.6964	0.6964	False	0.81	2.26
X	105937108	G	T	RNF128	Intron	14	9	23	0.391304347826087	2	1	1	0.9662	1	0.9662	0.9662	True	0.81	2.26
X	106031187	G	T	RNF128	Nonsense_Mutation	44	13	57	0.22807017543859648	2	1	1	0.5631	1	0.5631	0.5631	False	0.81	2.26
X	106082594	G	T	TBC1D8B	Missense_Mutation	44	10	54	0.18518518518518517	2	1	1	0.4572	1	0.4572	0.4572	False	0.81	2.26
X	106083365	C	T	TBC1D8B	Nonsense_Mutation	54	17	71	0.23943661971830985	2	1	1	0.5912	1	0.5912	0.5912	False	0.81	2.26
X	106097473	C	T	TBC1D8B	Nonsense_Mutation	86	15	101	0.1485148514851485	2	1	1	0.3667	1	0.3667	0.3667	False	0.81	2.26
X	106113975	C	T	TBC1D8B	Silent	48	17	65	0.26153846153846155	2	1	1	0.6458	1	0.6458	0.6458	False	0.81	2.26
X	106397358	A	G	NUP62CL	Missense_Mutation	42	14	56	0.25	2	1	1	0.6173	1	0.6173	0.6173	False	0.81	2.26
X	106894130	G	T	PRPS1	3'UTR	48	7	55	0.12727272727272726	2	1	1	0.3143	1	0.3143	0.3143	False	0.81	2.26
X	107037534	A	C	NCBP2L	Missense_Mutation	41	16	57	0.2807017543859649	2	1	1	0.6931	1	0.6931	0.6931	False	0.81	2.26
X	107976643	G	T	IRS4	Missense_Mutation	24	13	37	0.35135135135135137	2	1	1	0.8675	1	0.8675	0.8675	True	0.81	2.26
X	108652241	G	T	GUCY2F	Missense_Mutation	44	11	55	0.2	2	1	1	0.4938	1	0.4938	0.4938	False	0.81	2.26
X	108786474	T	G	NXT2	3'UTR	26	10	36	0.2777777777777778	2	1	1	0.6859	1	0.6859	0.6859	False	0.81	2.26
X	108926747	C	A	ACSL4	5'UTR	10	5	15	0.3333333333333333	2	1	1	0.823	1	0.823	0.823	False	0.81	2.26
X	109441614	C	T	AMMECR1	3'UTR	72	30	102	0.29411764705882354	2	1	1	0.7262	1	0.7262	0.7262	False	0.81	2.26
X	109696903	A	C	RGAG1	Silent	42	6	48	0.125	2	1	1	0.3086	1	0.3086	0.3086	False	0.81	2.26
X	110463924	G	A	PAK3	3'UTR	50	14	64	0.21875	2	1	1	0.5401	1	0.5401	0.5401	False	0.81	2.26
X	110494154	C	A	CAPN6	Missense_Mutation	38	27	65	0.4153846153846154	2	1	1	1.0256	1	1.0256	1.0	True	0.81	2.26
X	110537954	A	C	DCX	3'UTR	12	7	19	0.3684210526315789	2	1	1	0.9097	1	0.9097	0.9097	True	0.81	2.26
X	110538905	A	C	DCX	3'UTR	51	10	61	0.16393442622950818	2	1	1	0.4048	1	0.4048	0.4048	False	0.81	2.26
X	110538925	C	A	DCX	3'UTR	42	10	52	0.19230769230769232	2	1	1	0.4748	1	0.4748	0.4748	False	0.81	2.26
X	110762046	G	T	LINC00890	RNA	34	15	49	0.30612244897959184	2	1	1	0.7559	1	0.7559	0.7559	False	0.81	2.26
X	110928252	G	A	ALG13	Missense_Mutation	25	10	35	0.2857142857142857	2	1	1	0.7055	1	0.7055	0.7055	False	0.81	2.26
X	110961417	C	T	ALG13	Nonsense_Mutation	43	11	54	0.2037037037037037	2	1	1	0.503	1	0.503	0.503	False	0.81	2.26
X	110967113	G	T	ALG13	Nonsense_Mutation	71	22	93	0.23655913978494625	2	1	1	0.5841	1	0.5841	0.5841	False	0.81	2.26
X	111155941	A	T	TRPC5	Missense_Mutation	53	22	75	0.29333333333333333	2	1	1	0.7243	1	0.7243	0.7243	False	0.81	2.26
X	111700299	G	T	ZCCHC16	3'UTR	59	30	89	0.33707865168539325	2	1	1	0.8323	1	0.8323	0.8323	False	0.81	2.26
X	112018744	G	T	AMOT	3'UTR	43	15	58	0.25862068965517243	2	1	1	0.6386	1	0.6386	0.6386	False	0.81	2.26
X	112018982	G	A	AMOT	3'UTR	105	24	129	0.18604651162790697	2	1	1	0.4594	1	0.4594	0.4594	False	0.81	2.26
X	112021035	C	T	AMOT	3'UTR	19	9	28	0.32142857142857145	2	1	1	0.7937	1	0.7937	0.7937	False	0.81	2.26
X	114346293	C	A	LRCH2	3'UTR	56	12	68	0.17647058823529413	2	1	1	0.4357	1	0.4357	0.4357	False	0.81	2.26
X	115584283	C	A	SLC6A14	Missense_Mutation	46	6	52	0.11538461538461539	2	1	1	0.2849	1	0.2849	0.2849	False	0.81	2.26
X	115590787	A	C	SLC6A14	3'UTR	47	27	74	0.36486486486486486	2	1	1	0.9009	1	0.9009	0.9009	True	0.81	2.26
X	117035885	C	A	KLHL13	Missense_Mutation	43	5	48	0.10416666666666667	2	1	1	0.2572	1	0.2572	0.2572	False	0.81	2.26
X	117043859	G	T	KLHL13	Silent	35	12	47	0.2553191489361702	2	1	1	0.6304	1	0.6304	0.6304	False	0.81	2.26
X	117679288	A	C	DOCK11	Missense_Mutation	75	28	103	0.27184466019417475	2	1	1	0.6712	1	0.6712	0.6712	False	0.81	2.26
X	117707935	C	A	DOCK11	Missense_Mutation	46	10	56	0.17857142857142858	2	1	1	0.4409	1	0.4409	0.4409	False	0.81	2.26
X	117724175	T	C	DOCK11	Silent	43	27	70	0.38571428571428573	2	1	1	0.9524	1	0.9524	0.9524	True	0.81	2.26
X	117805075	C	T	DOCK11	Silent	55	26	81	0.32098765432098764	2	1	1	0.7926	1	0.7926	0.7926	False	0.81	2.26
X	117895415	T	G	IL13RA1	Intron	6	3	9	0.3333333333333333	2	1	1	0.823	1	0.823	0.823	False	0.81	2.26
X	117960401	C	A	ZCCHC12	Missense_Mutation	25	5	30	0.16666666666666666	2	1	1	0.4115	1	0.4115	0.4115	False	0.81	2.26
X	118222263	G	T	KIAA1210	Missense_Mutation	36	11	47	0.23404255319148937	2	1	1	0.5779	1	0.5779	0.5779	False	0.81	2.26
X	118230472	C	A	KIAA1210	Missense_Mutation	42	10	52	0.19230769230769232	2	1	1	0.4748	1	0.4748	0.4748	False	0.81	2.26
X	118250581	C	A	KIAA1210	Missense_Mutation	67	13	80	0.1625	2	1	1	0.4012	1	0.4012	0.4012	False	0.81	2.26
X	118718307	C	A	UBE2A	3'UTR	72	31	103	0.30097087378640774	2	1	1	0.7431	1	0.7431	0.7431	False	0.81	2.26
X	118750274	G	A	SEPT6	3'Flank	8	4	12	0.3333333333333333	2	1	1	0.823	1	0.823	0.823	False	0.81	2.26
X	119048716	G	T	AKAP14	Missense_Mutation	23	18	41	0.43902439024390244	2	1	1	1.084	1	1.084	1.0	True	0.81	2.26
X	119390062	C	T	ZBTB33	3'UTR	39	18	57	0.3157894736842105	2	1	1	0.7797	1	0.7797	0.7797	False	0.81	2.26
X	119562328	G	T	LAMP2	3'UTR	23	5	28	0.17857142857142858	2	1	1	0.4409	1	0.4409	0.4409	False	0.81	2.26
X	119666406	G	A	CUL4B	Silent	87	5	92	0.05434782608695652	2	1	1	0.1342	1	0.1342	0.1342	False	0.81	2.26
X	119739328	G	T	MCTS1	Missense_Mutation	46	23	69	0.3333333333333333	2	1	1	0.823	1	0.823	0.823	False	0.81	2.26
X	119760409	C	T	C1GALT1C1	Missense_Mutation	57	16	73	0.2191780821917808	2	1	1	0.5412	1	0.5412	0.5412	False	0.81	2.26
X	122622779	C	A	GRIA3	3'UTR	16	9	25	0.36	2	1	1	0.8889	1	0.8889	0.8889	True	0.81	2.26
X	122624760	G	T	GRIA3	3'Flank	44	18	62	0.2903225806451613	2	1	1	0.7168	1	0.7168	0.7168	False	0.81	2.26
X	122760399	G	A	THOC2	Silent	51	14	65	0.2153846153846154	2	1	1	0.5318	1	0.5318	0.5318	False	0.81	2.26
X	123199732	G	T	STAG2	Nonsense_Mutation	60	18	78	0.23076923076923078	2	1	1	0.5698	1	0.5698	0.5698	False	0.81	2.26
X	123217359	G	T	STAG2	Nonsense_Mutation	65	21	86	0.2441860465116279	2	1	1	0.6029	1	0.6029	0.6029	False	0.81	2.26
X	123235023	T	G	STAG2	3'UTR	36	12	48	0.25	2	1	1	0.6173	1	0.6173	0.6173	False	0.81	2.26
X	123514194	C	A	TENM1	3'UTR	45	17	62	0.27419354838709675	2	1	1	0.677	1	0.677	0.677	False	0.81	2.26
X	123519737	C	A	TENM1	Missense_Mutation	58	15	73	0.2054794520547945	2	1	1	0.5074	1	0.5074	0.5074	False	0.81	2.26
X	125684088	G	T	DCAF12L1	3'UTR	8	6	14	0.42857142857142855	2	1	1	1.0582	1	1.0582	1.0	True	0.81	2.26
X	128701243	C	T	OCRL	Missense_Mutation	46	11	57	0.19298245614035087	2	1	1	0.4765	1	0.4765	0.4765	False	0.81	2.26
X	128724339	C	A	OCRL	3'UTR	41	13	54	0.24074074074074073	2	1	1	0.5944	1	0.5944	0.5944	False	0.81	2.26
X	128725690	C	A	OCRL	3'UTR	17	7	24	0.2916666666666667	2	1	1	0.7202	1	0.7202	0.7202	False	0.81	2.26
X	128725876	C	A	OCRL	3'UTR	26	14	40	0.35	2	1	1	0.8642	1	0.8642	0.8642	True	0.81	2.26
X	129148098	A	G	BCORL1	Silent	77	6	83	0.07228915662650602	2	1	1	0.1785	1	0.1785	0.1785	False	0.81	2.26
X	129191556	T	C	BCORL1	3'UTR	46	20	66	0.30303030303030304	2	1	1	0.7482	1	0.7482	0.7482	False	0.81	2.26
X	129215263	G	A	ELF4	Silent	78	29	107	0.27102803738317754	2	1	1	0.6692	1	0.6692	0.6692	False	0.81	2.26
X	129271592	G	T	AIFM1	Intron	19	7	26	0.2692307692307692	2	1	1	0.6648	1	0.6648	0.6648	False	0.81	2.26
X	129339345	G	T	ZNF280C	Missense_Mutation	43	13	56	0.23214285714285715	2	1	1	0.5732	1	0.5732	0.5732	False	0.81	2.26
X	130223678	A	T	ARHGAP36	3'UTR	62	7	69	0.10144927536231885	2	1	1	0.2505	1	0.2505	0.2505	False	0.81	2.26
X	130678084	C	A	OR13H1	Missense_Mutation	56	12	68	0.17647058823529413	2	1	1	0.4357	1	0.4357	0.4357	False	0.81	2.26
X	131212461	C	A	FRMD7	Missense_Mutation	65	5	70	0.07142857142857142	2	1	1	0.1764	1	0.1764	0.1764	False	0.81	2.26
X	131337449	A	C	RAP2C	3'UTR	80	33	113	0.2920353982300885	2	1	1	0.7211	1	0.7211	0.7211	False	0.81	2.26
X	132161188	A	C	USP26	Missense_Mutation	45	4	49	0.08163265306122448	2	1	1	0.2016	1	0.2016	0.2016	False	0.81	2.26
X	132351351	C	A	TFDP3	Missense_Mutation	44	4	48	0.08333333333333333	2	1	1	0.2058	1	0.2058	0.2058	False	0.81	2.26
X	132436546	C	T	GPC4	3'UTR	45	10	55	0.18181818181818182	2	1	1	0.4489	1	0.4489	0.4489	False	0.81	2.26
X	132440114	C	T	GPC4	Missense_Mutation	61	18	79	0.22784810126582278	2	1	1	0.5626	1	0.5626	0.5626	False	0.81	2.26
X	132795879	C	T	GPC3	Splice_Site	51	12	63	0.19047619047619047	2	1	1	0.4703	1	0.4703	0.4703	False	0.81	2.26
X	133559449	T	G	PHF6	3'UTR	21	4	25	0.16	2	1	1	0.3951	1	0.3951	0.3951	False	0.81	2.26
X	133609336	G	T	HPRT1	Missense_Mutation	51	13	64	0.203125	2	1	1	0.5015	1	0.5015	0.5015	False	0.81	2.26
X	133634232	T	G	HPRT1	3'UTR	24	9	33	0.2727272727272727	2	1	1	0.6734	1	0.6734	0.6734	False	0.81	2.26
X	133904021	C	A	FAM122B	3'UTR	52	12	64	0.1875	2	1	1	0.463	1	0.463	0.463	False	0.81	2.26
X	134021938	T	C	MOSPD1	3'UTR	13	6	19	0.3157894736842105	2	1	1	0.7797	1	0.7797	0.7797	False	0.81	2.26
X	134155838	G	A	FAM127C	3'UTR	42	11	53	0.20754716981132076	2	1	1	0.5125	1	0.5125	0.5125	False	0.81	2.26
X	134294401	G	T	CT55	Missense_Mutation	50	9	59	0.15254237288135594	2	1	1	0.3766	1	0.3766	0.3766	False	0.81	2.26
X	134706852	A	C	DDX26B	Missense_Mutation	40	17	57	0.2982456140350877	2	1	1	0.7364	1	0.7364	0.7364	False	0.81	2.26
X	134713723	C	A	DDX26B	Silent	50	24	74	0.32432432432432434	2	1	1	0.8008	1	0.8008	0.8008	False	0.81	2.26
X	135046069	T	G	MMGT1	3'UTR	8	3	11	0.2727272727272727	2	1	1	0.6734	1	0.6734	0.6734	False	0.81	2.26
X	135046933	G	A	MMGT1	3'UTR	27	4	31	0.12903225806451613	2	1	1	0.3186	1	0.3186	0.3186	False	0.81	2.26
X	135081070	G	A	SLC9A6	Missense_Mutation	53	14	67	0.208955223880597	2	1	1	0.5159	1	0.5159	0.5159	False	0.81	2.26
X	135288696	C	A	FHL1	Missense_Mutation	30	10	40	0.25	2	1	1	0.6173	1	0.6173	0.6173	False	0.81	2.26
X	135292394	G	T	FHL1	3'UTR	50	19	69	0.2753623188405797	2	1	1	0.6799	1	0.6799	0.6799	False	0.81	2.26
X	135432564	G	A	GPR112	Silent	48	16	64	0.25	2	1	1	0.6173	1	0.6173	0.6173	False	0.81	2.26
X	135790833	C	A	ARHGEF6	Splice_Site	40	16	56	0.2857142857142857	2	1	1	0.7055	1	0.7055	0.7055	False	0.81	2.26
X	135795499	C	A	ARHGEF6	Nonsense_Mutation	17	3	20	0.15	2	1	1	0.3704	1	0.3704	0.3704	False	0.81	2.26
X	135961272	C	A	RBMX	Missense_Mutation	65	25	90	0.2777777777777778	2	1	1	0.6859	1	0.6859	0.6859	False	0.81	2.26
X	136113803	C	T	GPR101	Missense_Mutation	50	17	67	0.2537313432835821	2	1	1	0.6265	1	0.6265	0.6265	False	0.81	2.26
X	136648907	C	T	ZIC3	Silent	40	11	51	0.21568627450980393	2	1	1	0.5326	1	0.5326	0.5326	False	0.81	2.26
X	136652673	G	T	ZIC3	3'UTR	48	11	59	0.1864406779661017	2	1	1	0.4603	1	0.4603	0.4603	False	0.81	2.26
X	136652871	T	G	ZIC3	3'UTR	30	8	38	0.21052631578947367	2	1	1	0.5198	1	0.5198	0.5198	False	0.81	2.26
X	138633279	G	T	F9	Missense_Mutation	113	16	129	0.12403100775193798	2	1	1	0.3062	1	0.3062	0.3062	False	0.81	2.26
X	138664054	A	G	MCF2	3'Flank	41	7	48	0.14583333333333334	2	1	1	0.3601	1	0.3601	0.3601	False	0.81	2.26
X	138664101	T	G	MCF2	3'Flank	34	14	48	0.2916666666666667	2	1	1	0.7202	1	0.7202	0.7202	False	0.81	2.26
X	138880473	C	A	ATP11C	Missense_Mutation	60	19	79	0.24050632911392406	2	1	1	0.5938	1	0.5938	0.5938	False	0.81	2.26
X	140785756	G	A	SPANXD	Missense_Mutation	291	23	314	0.0732484076433121	2	1	1	0.1809	1	0.1809	0.1809	False	0.81	2.26
X	140969379	C	A	MAGEC3	Missense_Mutation	81	13	94	0.13829787234042554	2	1	1	0.3415	1	0.3415	0.3415	False	0.81	2.26
X	140985017	G	T	MAGEC3	Missense_Mutation	50	9	59	0.15254237288135594	2	1	1	0.3766	1	0.3766	0.3766	False	0.81	2.26
X	142596625	T	G	SPANXN3	3'UTR	76	15	91	0.16483516483516483	2	1	1	0.407	1	0.407	0.407	False	0.81	2.26
X	142716268	C	A	SLITRK4	3'UTR	30	12	42	0.2857142857142857	2	1	1	0.7055	1	0.7055	0.7055	False	0.81	2.26
X	142717565	G	T	SLITRK4	Missense_Mutation	25	16	41	0.3902439024390244	2	1	1	0.9636	1	0.9636	0.9636	True	0.81	2.26
X	142804105	C	T	SPANXN2	5'UTR	9	6	15	0.4	2	1	1	0.9877	1	0.9877	0.9877	True	0.81	2.26
X	144904084	G	T	SLITRK2	Missense_Mutation	43	13	56	0.23214285714285715	2	1	1	0.5732	1	0.5732	0.5732	False	0.81	2.26
X	147032201	T	G	FMR1	3'UTR	47	20	67	0.29850746268656714	2	1	1	0.7371	1	0.7371	0.7371	False	0.81	2.26
X	147032611	T	G	FMR1	3'UTR	54	20	74	0.2702702702702703	2	1	1	0.6673	1	0.6673	0.6673	False	0.81	2.26
X	148564726	C	T	IDS	Missense_Mutation	12	7	19	0.3684210526315789	2	1	1	0.9097	1	0.9097	0.9097	True	0.81	2.26
X	148797686	C	A	MAGEA11	Missense_Mutation	56	18	74	0.24324324324324326	2	1	1	0.6006	1	0.6006	0.6006	False	0.81	2.26
X	149014287	G	T	MAGEA8	3'UTR	81	26	107	0.24299065420560748	2	1	1	0.6	1	0.6	0.6	False	0.81	2.26
X	150155600	G	A	HMGB3	Splice_Site	37	11	48	0.22916666666666666	2	1	1	0.5658	1	0.5658	0.5658	False	0.81	2.26
X	150832667	C	A	PASD1	Missense_Mutation	35	5	40	0.125	2	1	1	0.3086	1	0.3086	0.3086	False	0.81	2.26
X	150911068	C	T	CNGA2	Silent	61	25	86	0.29069767441860467	2	1	1	0.7178	1	0.7178	0.7178	False	0.81	2.26
X	151093031	C	T	MAGEA4	Missense_Mutation	82	12	94	0.1276595744680851	2	1	1	0.3152	1	0.3152	0.3152	False	0.81	2.26
X	151935417	G	A	MAGEA3	Silent	155	43	198	0.21717171717171718	2	1	1	0.5362	1	0.5362	0.5362	False	0.81	2.26
X	151998188	G	A	CETN2	Silent	39	22	61	0.36065573770491804	2	1	1	0.8905	1	0.8905	0.8905	True	0.81	2.26
X	152228575	G	A	PNMA3	3'UTR	50	20	70	0.2857142857142857	2	1	1	0.7055	1	0.7055	0.7055	False	0.81	2.26
X	152614327	G	A	ZNF275	3'UTR	59	18	77	0.23376623376623376	2	1	1	0.5772	1	0.5772	0.5772	False	0.81	2.26
X	152616740	G	T	ZNF275	3'UTR	78	42	120	0.35	2	1	1	0.8642	1	0.8642	0.8642	True	0.81	2.26
X	152686390	C	T	ZFP92	Silent	55	9	64	0.140625	2	1	1	0.3472	1	0.3472	0.3472	False	0.81	2.26
X	152713342	C	A	HAUS7	Missense_Mutation	47	16	63	0.25396825396825395	2	1	1	0.6271	1	0.6271	0.6271	False	0.81	2.26
X	153070646	T	C	PDZD4	Missense_Mutation	21	11	32	0.34375	2	1	1	0.8488	1	0.8488	0.8488	False	0.81	2.26
X	153173405	C	A	ARHGAP4	Missense_Mutation	29	6	35	0.17142857142857143	2	1	1	0.4233	1	0.4233	0.4233	False	0.81	2.26
X	153185129	C	T	ARHGAP4	Silent	28	12	40	0.3	2	1	1	0.7407	1	0.7407	0.7407	False	0.81	2.26
X	153186252	G	A	ARHGAP4	Missense_Mutation	84	31	115	0.26956521739130435	2	1	1	0.6656	1	0.6656	0.6656	False	0.81	2.26
X	153213217	G	A	HCFC1	3'UTR	27	9	36	0.25	2	1	1	0.6173	1	0.6173	0.6173	False	0.81	2.26
X	153214662	G	T	HCFC1	3'UTR	16	8	24	0.3333333333333333	2	1	1	0.823	1	0.823	0.823	False	0.81	2.26
X	153278542	C	A	IRAK1	Nonsense_Mutation	54	16	70	0.22857142857142856	2	1	1	0.5644	1	0.5644	0.5644	False	0.81	2.26
X	153533659	C	T	TKTL1	Silent	17	5	22	0.22727272727272727	2	1	1	0.5612	1	0.5612	0.5612	False	0.81	2.26
X	153556026	G	A	TKTL1	Silent	65	14	79	0.17721518987341772	2	1	1	0.4376	1	0.4376	0.4376	False	0.81	2.26
X	153608311	C	T	EMD	Missense_Mutation	33	14	47	0.2978723404255319	2	1	1	0.7355	1	0.7355	0.7355	False	0.81	2.26
X	153657443	G	A	ATP6AP1	Missense_Mutation	72	22	94	0.23404255319148937	2	1	1	0.5779	1	0.5779	0.5779	False	0.81	2.26
X	153668446	G	A	GDI1	Missense_Mutation	61	16	77	0.2077922077922078	2	1	1	0.5131	1	0.5131	0.5131	False	0.81	2.26
X	153678245	C	T	FAM50A	Silent	20	7	27	0.25925925925925924	2	1	1	0.6401	1	0.6401	0.6401	False	0.81	2.26
X	153696663	G	T	PLXNA3	Missense_Mutation	36	6	42	0.14285714285714285	2	1	1	0.3527	1	0.3527	0.3527	False	0.81	2.26
X	153713681	C	T	UBL4A	3'UTR	44	10	54	0.18518518518518517	2	1	1	0.4572	1	0.4572	0.4572	False	0.81	2.26
X	154065799	G	T	F8	3'UTR	26	4	30	0.13333333333333333	2	1	1	0.3292	1	0.3292	0.3292	False	0.81	2.26
X	154158166	C	A	F8	Missense_Mutation	88	10	98	0.10204081632653061	2	1	1	0.252	1	0.252	0.252	False	0.81	2.26
X	154158627	C	T	F8	Silent	38	8	46	0.17391304347826086	2	1	1	0.4294	1	0.4294	0.4294	False	0.81	2.26
X	154215575	G	A	F8	Silent	51	12	63	0.19047619047619047	2	1	1	0.4703	1	0.4703	0.4703	False	0.81	2.26
X	154227818	C	A	F8	Missense_Mutation	45	6	51	0.11764705882352941	2	1	1	0.2905	1	0.2905	0.2905	False	0.81	2.26
X	154507309	G	T	CLIC2	Missense_Mutation	14	4	18	0.2222222222222222	2	1	1	0.5487	1	0.5487	0.5487	False	0.81	2.26
X	154507335	G	A	CLIC2	Missense_Mutation	13	4	17	0.23529411764705882	2	1	1	0.581	1	0.581	0.581	False	0.81	2.26
X	155119135	G	A	VAMP7	Silent	212	71	283	0.2508833922261484	2	1	1	0.6195	1	0.6195	0.6195	False	0.81	2.26
X	155171574	C	A	VAMP7	Missense_Mutation	239	79	318	0.24842767295597484	2	1	1	0.6134	1	0.6134	0.6134	False	0.81	2.26
X	155172291	C	A	VAMP7	3'UTR	18	5	23	0.21739130434782608	2	1	1	0.5368	1	0.5368	0.5368	False	0.81	2.26
X	155239655	C	G	IL9R	Missense_Mutation	97	34	131	0.2595419847328244	2	1	1	0.6408	1	0.6408	0.6408	False	0.81	2.26
