chr	pos	ref	alt	gene	classification	t_ref_count	t_alt_count	total_depth	vaf	local_cn	major_cn	minor_cn	mcn	multiplicity	ccf	ccf_capped	is_clonal	purity	ploidy
1	897821	C	T	KLHL17	Silent	23	11	34	0.3235294117647059	2	1	1	0.8403	1	0.8403	0.8403	False	0.77	2.15
1	2303937	T	C	MORN1	Missense_Mutation	75	32	107	0.29906542056074764	2	1	1	0.7768	1	0.7768	0.7768	False	0.77	2.15
1	4771980	C	T	AJAP1	Missense_Mutation	8	3	11	0.2727272727272727	2	1	1	0.7084	1	0.7084	0.7084	False	0.77	2.15
1	6269366	A	G	RNF207	Missense_Mutation	12	7	19	0.3684210526315789	2	1	1	0.9569	1	0.9569	0.9569	True	0.77	2.15
1	6310563	C	A	GPR153	Missense_Mutation	28	29	57	0.5087719298245614	2	1	1	1.3215	1	1.3215	1.0	True	0.77	2.15
1	6399573	T	C	ACOT7	Missense_Mutation	27	13	40	0.325	2	1	1	0.8442	1	0.8442	0.8442	False	0.77	2.15
1	8416175	G	A	RERE	Missense_Mutation	116	81	197	0.41116751269035534	2	1	1	1.068	1	1.068	1.0	True	0.77	2.15
1	8617556	G	A	RERE	Silent	209	9	218	0.04128440366972477	2	1	1	0.1072	1	0.1072	0.1072	False	0.77	2.15
1	12439645	G	A	VPS13D	Missense_Mutation	126	79	205	0.3853658536585366	2	1	1	1.001	1	1.001	1.0	True	0.77	2.15
1	16330798	C	T	C1orf64	5'UTR	30	6	36	0.16666666666666666	2	1	1	0.4329	1	0.4329	0.4329	False	0.77	2.15
1	16349186	C	A	CLCNKA	Silent	57	37	94	0.39361702127659576	2	1	1	1.0224	1	1.0224	1.0	True	0.77	2.15
1	16804820	A	G	CROCCP3	RNA	13	3	16	0.1875	2	1	1	0.487	1	0.487	0.487	False	0.77	2.15
1	17395442	C	T	PADI2	3'UTR	11	7	18	0.3888888888888889	2	1	1	1.0101	1	1.0101	1.0	True	0.77	2.15
1	17739610	C	T	RCC2	Silent	128	95	223	0.4260089686098655	2	1	1	1.1065	1	1.1065	1.0	True	0.77	2.15
1	17953903	G	A	ARHGEF10L	Missense_Mutation	25	8	33	0.24242424242424243	2	1	1	0.6297	1	0.6297	0.6297	False	0.77	2.15
1	18960957	C	T	PAX7	Silent	43	31	74	0.4189189189189189	2	1	1	1.0881	1	1.0881	1.0	True	0.77	2.15
1	19440188	T	C	UBR4	Intron	123	6	129	0.046511627906976744	2	1	1	0.1208	1	0.1208	0.1208	False	0.77	2.15
1	19683162	G	A	CAPZB	Silent	134	92	226	0.40707964601769914	2	1	1	1.0573	1	1.0573	1.0	True	0.77	2.15
1	20992772	G	A	KIF17	Missense_Mutation	158	67	225	0.29777777777777775	2	1	1	0.7734	1	0.7734	0.7734	False	0.77	2.15
1	20998608	G	A	KIF17	Missense_Mutation	80	52	132	0.3939393939393939	2	1	1	1.0232	1	1.0232	1.0	True	0.77	2.15
1	22303551	A	G	CELA3B	Missense_Mutation	325	186	511	0.3639921722113503	2	1	1	0.9454	1	0.9454	0.9454	True	0.77	2.15
1	24657985	T	C	GRHL3	Silent	155	93	248	0.375	2	1	1	0.974	1	0.974	0.974	True	0.77	2.15
1	25228982	G	A	RUNX3	Silent	18	15	33	0.45454545454545453	2	1	1	1.1806	1	1.1806	1.0	True	0.77	2.15
1	25775353	C	A	TMEM57	Missense_Mutation	322	214	536	0.39925373134328357	2	1	1	1.037	1	1.037	1.0	True	0.77	2.15
1	26795646	T	A	DHDDS	3'UTR	10	6	16	0.375	2	1	1	0.974	1	0.974	0.974	True	0.77	2.15
1	27622855	C	T	WDTC1	Silent	361	245	606	0.4042904290429043	2	1	1	1.0501	1	1.0501	1.0	True	0.77	2.15
1	28893900	C	T	TRNAU1AP	Missense_Mutation	182	117	299	0.391304347826087	2	1	1	1.0164	1	1.0164	1.0	True	0.77	2.15
1	29189472	G	A	OPRD1	Missense_Mutation	34	26	60	0.43333333333333335	2	1	1	1.1255	1	1.1255	1.0	True	0.77	2.15
1	29609285	G	A	PTPRU	Missense_Mutation	50	34	84	0.40476190476190477	2	1	1	1.0513	1	1.0513	1.0	True	0.77	2.15
1	31350004	G	A	SDC3	Nonsense_Mutation	14	12	26	0.46153846153846156	2	1	1	1.1988	1	1.1988	1.0	True	0.77	2.15
1	32681981	G	A	TMEM234	3'UTR	88	39	127	0.30708661417322836	2	1	1	0.7976	1	0.7976	0.7976	False	0.77	2.15
1	32849565	T	C	BSDC1	Missense_Mutation	181	102	283	0.36042402826855124	2	1	1	0.9362	1	0.9362	0.9362	True	0.77	2.15
1	35906469	G	A	KIAA0319L	Intron	16	6	22	0.2727272727272727	2	1	1	0.7084	1	0.7084	0.7084	False	0.77	2.15
1	38409556	G	T	INPP5B	Silent	74	51	125	0.408	2	1	1	1.0597	1	1.0597	1.0	True	0.77	2.15
1	40205846	C	T	PPIE	Missense_Mutation	343	198	541	0.3659889094269871	2	1	1	0.9506	1	0.9506	0.9506	True	0.77	2.15
1	43309027	G	A	ERMAP	3'UTR	6	5	11	0.45454545454545453	2	1	1	1.1806	1	1.1806	1.0	True	0.77	2.15
1	45169767	A	G	C1orf228	Missense_Mutation	68	26	94	0.2765957446808511	2	1	1	0.7184	1	0.7184	0.7184	False	0.77	2.15
1	45243287	T	G	RPS8	Missense_Mutation	104	68	172	0.3953488372093023	2	1	1	1.0269	1	1.0269	1.0	True	0.77	2.15
1	45296706	C	T	PTCH2	Silent	15	17	32	0.53125	2	1	1	1.3799	1	1.3799	1.0	True	0.77	2.15
1	47406941	G	T	CYP4A11	Silent	41	36	77	0.4675324675324675	2	1	1	1.2144	1	1.2144	1.0	True	0.77	2.15
1	52851575	C	T	ORC1	Missense_Mutation	50	43	93	0.46236559139784944	2	1	1	1.2009	1	1.2009	1.0	True	0.77	2.15
1	53608111	T	C	SLC1A7	Missense_Mutation	54	24	78	0.3076923076923077	2	1	1	0.7992	1	0.7992	0.7992	False	0.77	2.15
1	54507477	G	T	TMEM59	Missense_Mutation	198	111	309	0.3592233009708738	2	1	1	0.933	1	0.933	0.933	True	0.77	2.15
1	55337163	G	A	DHCR24	Missense_Mutation	67	68	135	0.5037037037037037	2	1	1	1.3083	1	1.3083	1.0	True	0.77	2.15
1	55464925	T	C	BSND	Silent	151	8	159	0.050314465408805034	2	1	1	0.1307	1	0.1307	0.1307	False	0.77	2.15
1	56197632	T	C	RP11-466L17.1	RNA	59	37	96	0.3854166666666667	2	1	1	1.0011	1	1.0011	1.0	True	0.77	2.15
1	57161673	G	A	PRKAA2	Missense_Mutation	607	28	635	0.04409448818897638	2	1	1	0.1145	1	0.1145	0.1145	False	0.77	2.15
1	63788827	A	G	FOXD3	Missense_Mutation	24	3	27	0.1111111111111111	2	1	1	0.2886	1	0.2886	0.2886	False	0.77	2.15
1	68624864	G	A	WLS	Missense_Mutation	160	88	248	0.3548387096774194	2	1	1	0.9217	1	0.9217	0.9217	True	0.77	2.15
1	71437364	A	G	PTGER3	Intron	91	57	148	0.38513513513513514	2	1	1	1.0004	1	1.0004	1.0	True	0.77	2.15
1	75672176	C	T	SLC44A5	3'UTR	74	48	122	0.39344262295081966	2	1	1	1.0219	1	1.0219	1.0	True	0.77	2.15
1	76779584	A	G	ST6GALNAC3	Missense_Mutation	338	225	563	0.3996447602131439	2	1	1	1.038	1	1.038	1.0	True	0.77	2.15
1	79116277	C	A	IFI44	Missense_Mutation	33	21	54	0.3888888888888889	2	1	1	1.0101	1	1.0101	1.0	True	0.77	2.15
1	85403543	C	T	MCOLN2	Missense_Mutation	152	89	241	0.36929460580912865	2	1	1	0.9592	1	0.9592	0.9592	True	0.77	2.15
1	85405343	A	G	MCOLN2	Missense_Mutation	137	77	214	0.3598130841121495	2	1	1	0.9346	1	0.9346	0.9346	True	0.77	2.15
1	86590679	A	G	COL24A1	Missense_Mutation	229	117	346	0.33815028901734107	2	1	1	0.8783	1	0.8783	0.8783	True	0.77	2.15
1	89478867	C	T	GBP3	Splice_Site	137	62	199	0.31155778894472363	2	1	1	0.8092	1	0.8092	0.8092	False	0.77	2.15
1	94343280	T	C	DNTTIP2	Missense_Mutation	378	16	394	0.04060913705583756	2	1	1	0.1055	1	0.1055	0.1055	False	0.77	2.15
1	94649793	C	G	ARHGAP29	Missense_Mutation	165	90	255	0.35294117647058826	2	1	1	0.9167	1	0.9167	0.9167	True	0.77	2.15
1	94933479	G	A	ABCD3	Missense_Mutation	329	201	530	0.37924528301886795	2	1	1	0.9851	1	0.9851	0.9851	True	0.77	2.15
1	95363452	G	T	CNN3	Missense_Mutation	319	212	531	0.3992467043314501	2	1	1	1.037	1	1.037	1.0	True	0.77	2.15
1	95712513	A	C	RWDD3	3'UTR	30	10	40	0.25	2	1	1	0.6494	1	0.6494	0.6494	False	0.77	2.15
1	99771829	G	T	LPPR4	Missense_Mutation	49	28	77	0.36363636363636365	2	1	1	0.9445	1	0.9445	0.9445	True	0.77	2.15
1	100626105	G	A	LRRC39	Nonsense_Mutation	361	209	570	0.36666666666666664	2	1	1	0.9524	1	0.9524	0.9524	True	0.77	2.15
1	101198019	T	C	VCAM1	Missense_Mutation	161	6	167	0.03592814371257485	2	1	1	0.0933	1	0.0933	0.0933	False	0.77	2.15
1	109524381	A	G	WDR47	Missense_Mutation	158	6	164	0.036585365853658534	2	1	1	0.095	1	0.095	0.095	False	0.77	2.15
1	110709700	C	T	SLC6A17	Missense_Mutation	101	90	191	0.4712041884816754	2	1	1	1.2239	1	1.2239	1.0	True	0.77	2.15
1	111492470	T	A	LRIF1	Intron	292	197	489	0.40286298568507156	2	1	1	1.0464	1	1.0464	1.0	True	0.77	2.15
1	112026112	G	A	ADORA3	3'UTR	20	10	30	0.3333333333333333	2	1	1	0.8658	1	0.8658	0.8658	True	0.77	2.15
1	113253100	T	G	PPM1J	Missense_Mutation	155	106	261	0.4061302681992337	2	1	1	1.0549	1	1.0549	1.0	True	0.77	2.15
1	116942043	T	C	ATP1A1	Missense_Mutation	123	57	180	0.31666666666666665	2	1	1	0.8225	1	0.8225	0.8225	False	0.77	2.15
1	117131452	G	A	IGSF3	Silent	42	23	65	0.35384615384615387	2	1	1	0.9191	1	0.9191	0.9191	True	0.77	2.15
1	117142793	C	T	IGSF3	Missense_Mutation	60	44	104	0.4230769230769231	2	1	1	1.0989	1	1.0989	1.0	True	0.77	2.15
1	119441696	G	A	TBX15	Missense_Mutation	305	171	476	0.3592436974789916	2	1	1	0.9331	1	0.9331	0.9331	True	0.77	2.15
1	120839624	G	A	FAM72B	5'UTR	8	5	13	0.38461538461538464	5	4	1	2.1528	2	1.0764	1.0	True	0.77	2.15
1	145441394	G	A	TXNIP	3'UTR	49	7	56	0.125	5	4	1	0.6997	1	0.6997	0.6997	False	0.77	2.15
1	146643618	T	C	PRKAB2	Missense_Mutation	82	11	93	0.11827956989247312	5	4	1	0.6621	1	0.6621	0.6621	False	0.77	2.15
1	147096678	T	C	BCL9	Missense_Mutation	96	21	117	0.1794871794871795	5	4	1	1.0047	1	1.0047	1.0	True	0.77	2.15
1	147231241	C	T	GJA5	Missense_Mutation	384	80	464	0.1724137931034483	5	4	1	0.9651	1	0.9651	0.9651	True	0.77	2.15
1	149398862	C	T	HIST2H3PS2	3'Flank	676	133	809	0.16440049443757726	5	4	1	0.9202	1	0.9202	0.9202	True	0.77	2.15
1	149754258	G	T	FCGR1A	5'UTR	594	106	700	0.15142857142857144	5	4	1	0.8476	1	0.8476	0.8476	False	0.77	2.15
1	149761830	C	T	FCGR1A	Silent	255	41	296	0.13851351351351351	5	4	1	0.7753	1	0.7753	0.7753	False	0.77	2.15
1	149762831	T	C	FCGR1A	Missense_Mutation	480	81	561	0.1443850267379679	5	4	1	0.8082	1	0.8082	0.8082	False	0.77	2.15
1	149785238	C	T	HIST2H2BF	5'Flank	105	22	127	0.1732283464566929	5	4	1	0.9696	1	0.9696	0.9696	True	0.77	2.15
1	150779186	G	T	CTSK	Silent	952	196	1148	0.17073170731707318	5	4	1	0.9557	1	0.9557	0.9557	True	0.77	2.15
1	151260658	C	T	ZNF687	Missense_Mutation	49	11	60	0.18333333333333332	5	4	1	1.0262	1	1.0262	1.0	True	0.77	2.15
1	151280086	G	T	PI4KB	Silent	336	84	420	0.2	5	4	1	1.1195	1	1.1195	1.0	True	0.77	2.15
1	151491178	T	C	CGN	Silent	369	71	440	0.16136363636363638	5	4	1	0.9032	1	0.9032	0.9032	True	0.77	2.15
1	151493130	T	C	CGN	Missense_Mutation	582	116	698	0.166189111747851	5	4	1	0.9302	1	0.9302	0.9302	True	0.77	2.15
1	151495913	C	T	CGN	Missense_Mutation	198	50	248	0.20161290322580644	5	4	1	1.1285	1	1.1285	1.0	True	0.77	2.15
1	151779787	G	A	RORC	3'UTR	23	13	36	0.3611111111111111	5	4	1	2.0213	2	1.0106	1.0	True	0.77	2.15
1	152284791	G	A	FLG	Silent	1095	201	1296	0.1550925925925926	5	4	1	0.8681	1	0.8681	0.8681	True	0.77	2.15
1	152800123	G	A	LCE1A	Missense_Mutation	240	42	282	0.14893617021276595	5	4	1	0.8337	1	0.8337	0.8337	False	0.77	2.15
1	152957715	T	A	SPRR1A	Silent	398	93	491	0.1894093686354379	5	4	1	1.0602	1	1.0602	1.0	True	0.77	2.15
1	153588378	T	C	S100A14	5'UTR	423	79	502	0.15737051792828685	5	4	1	0.8809	1	0.8809	0.8809	True	0.77	2.15
1	153634875	C	A	ILF2	Missense_Mutation	1079	235	1314	0.17884322678843226	5	4	1	1.0011	1	1.0011	1.0	True	0.77	2.15
1	153784600	T	C	GATAD2B	Silent	310	79	389	0.20308483290488433	5	4	1	1.1367	1	1.1367	1.0	True	0.77	2.15
1	153945733	A	G	CREB3L4	Missense_Mutation	365	73	438	0.16666666666666666	5	4	1	0.9329	1	0.9329	0.9329	True	0.77	2.15
1	154178083	G	A	C1orf189	Missense_Mutation	647	84	731	0.11491108071135431	5	4	1	0.6432	1	0.6432	0.6432	False	0.77	2.15
1	154248120	G	A	HAX1	Silent	737	154	891	0.1728395061728395	5	4	1	0.9675	1	0.9675	0.9675	True	0.77	2.15
1	154320943	G	A	ATP8B2	Missense_Mutation	190	35	225	0.15555555555555556	5	4	1	0.8707	1	0.8707	0.8707	True	0.77	2.15
1	154931988	G	A	PYGO2	Missense_Mutation	281	54	335	0.16119402985074627	5	4	1	0.9023	1	0.9023	0.9023	True	0.77	2.15
1	154961214	G	T	FLAD1	Nonsense_Mutation	82	29	111	0.26126126126126126	5	4	1	1.4624	1	1.4624	1.0	True	0.77	2.15
1	154966118	T	C	LENEP	Missense_Mutation	184	35	219	0.1598173515981735	5	4	1	0.8946	1	0.8946	0.8946	True	0.77	2.15
1	155005170	A	G	DCST2	Missense_Mutation	410	17	427	0.03981264637002342	5	4	1	0.2228	1	0.2228	0.2228	False	0.77	2.15
1	155035024	A	G	ADAM15	3'UTR	30	13	43	0.3023255813953488	5	4	1	1.6922	2	0.8461	0.8461	False	0.77	2.15
1	155156289	G	T	TRIM46	Missense_Mutation	54	11	65	0.16923076923076924	5	4	1	0.9473	1	0.9473	0.9473	True	0.77	2.15
1	155290920	A	T	RUSC1	Intron	490	95	585	0.1623931623931624	5	4	1	0.909	1	0.909	0.909	True	0.77	2.15
1	155296415	G	A	RUSC1	Missense_Mutation	176	41	217	0.1889400921658986	5	4	1	1.0576	1	1.0576	1.0	True	0.77	2.15
1	155450676	A	G	ASH1L	Missense_Mutation	129	28	157	0.17834394904458598	5	4	1	0.9983	1	0.9983	0.9983	True	0.77	2.15
1	155701169	T	G	DAP3	Missense_Mutation	469	93	562	0.16548042704626334	5	4	1	0.9263	1	0.9263	0.9263	True	0.77	2.15
1	155724207	T	G	GON4L	Missense_Mutation	373	57	430	0.1325581395348837	5	4	1	0.742	1	0.742	0.742	False	0.77	2.15
1	155735933	G	A	GON4L	Nonsense_Mutation	607	141	748	0.18850267379679145	5	4	1	1.0551	1	1.0551	1.0	True	0.77	2.15
1	155744917	C	T	GON4L	Silent	996	189	1185	0.15949367088607594	5	4	1	0.8928	1	0.8928	0.8928	True	0.77	2.15
1	155891696	T	C	KIAA0907	Missense_Mutation	343	69	412	0.16747572815533981	5	4	1	0.9374	1	0.9374	0.9374	True	0.77	2.15
1	156206259	G	A	PMF1	Missense_Mutation	70	8	78	0.10256410256410256	5	4	1	0.5741	1	0.5741	0.5741	False	0.77	2.15
1	156618499	A	G	BCAN	Silent	65	15	80	0.1875	5	4	1	1.0495	1	1.0495	1.0	True	0.77	2.15
1	156626738	T	G	BCAN	Missense_Mutation	29	78	107	0.7289719626168224	5	4	1	4.0803	4	1.0201	1.0	True	0.77	2.15
1	156786539	G	A	SH2D2A	5'UTR	498	81	579	0.13989637305699482	5	4	1	0.7831	1	0.7831	0.7831	False	0.77	2.15
1	156875113	C	T	PEAR1	Intron	128	28	156	0.1794871794871795	5	4	1	1.0047	1	1.0047	1.0	True	0.77	2.15
1	157666794	A	G	FCRL3	Intron	57	7	64	0.109375	5	4	1	0.6122	1	0.6122	0.6122	False	0.77	2.15
1	157737074	G	A	FCRL2	Missense_Mutation	178	39	217	0.17972350230414746	5	4	1	1.006	1	1.006	1.0	True	0.77	2.15
1	157738283	A	G	FCRL2	Silent	757	113	870	0.12988505747126436	5	4	1	0.727	1	0.727	0.727	False	0.77	2.15
1	158548962	C	A	OR10X1	Missense_Mutation	416	96	512	0.1875	5	4	1	1.0495	1	1.0495	1.0	True	0.77	2.15
1	158644189	T	C	SPTA1	Missense_Mutation	451	103	554	0.18592057761732853	5	4	1	1.0407	1	1.0407	1.0	True	0.77	2.15
1	158670002	G	T	OR6K2	Nonsense_Mutation	447	97	544	0.17830882352941177	5	4	1	0.9981	1	0.9981	0.9981	True	0.77	2.15
1	158687481	G	A	OR6K3	Missense_Mutation	374	84	458	0.18340611353711792	5	4	1	1.0266	1	1.0266	1.0	True	0.77	2.15
1	158985711	T	C	IFI16	Silent	302	62	364	0.17032967032967034	5	4	1	0.9534	1	0.9534	0.9534	True	0.77	2.15
1	159002342	A	G	IFI16	Missense_Mutation	390	62	452	0.13716814159292035	5	4	1	0.7678	1	0.7678	0.7678	False	0.77	2.15
1	159904599	G	A	IGSF9	Silent	274	60	334	0.17964071856287425	5	4	1	1.0055	1	1.0055	1.0	True	0.77	2.15
1	160093075	A	G	ATP1A2	Missense_Mutation	345	74	419	0.1766109785202864	5	4	1	0.9886	1	0.9886	0.9886	True	0.77	2.15
1	160458909	G	T	SLAMF6	Missense_Mutation	615	135	750	0.18	5	4	1	1.0075	1	1.0075	1.0	True	0.77	2.15
1	160920969	A	G	ITLN2	Missense_Mutation	350	69	419	0.16467780429594273	5	4	1	0.9218	1	0.9218	0.9218	True	0.77	2.15
1	161182212	C	A	NDUFS2	Missense_Mutation	450	92	542	0.16974169741697417	5	4	1	0.9501	1	0.9501	0.9501	True	0.77	2.15
1	161198542	T	C	TOMM40L	Missense_Mutation	418	80	498	0.1606425702811245	5	4	1	0.8992	1	0.8992	0.8992	True	0.77	2.15
1	161199736	G	A	TOMM40L	3'UTR	260	63	323	0.19504643962848298	5	4	1	1.0918	1	1.0918	1.0	True	0.77	2.15
1	161496286	A	G	HSPA6	Missense_Mutation	82	12	94	0.1276595744680851	5	4	1	0.7146	1	0.7146	0.7146	False	0.77	2.15
1	161967735	C	T	OLFML2B	Missense_Mutation	351	60	411	0.145985401459854	5	4	1	0.8171	1	0.8171	0.8171	False	0.77	2.15
1	166838699	A	C	TADA1	Missense_Mutation	437	90	527	0.17077798861480076	5	4	1	0.9559	1	0.9559	0.9559	True	0.77	2.15
1	167960473	C	T	DCAF6	Missense_Mutation	633	161	794	0.20277078085642317	5	4	1	1.135	1	1.135	1.0	True	0.77	2.15
1	168066024	A	G	GPR161	Missense_Mutation	114	16	130	0.12307692307692308	5	4	1	0.6889	1	0.6889	0.6889	False	0.77	2.15
1	168550325	A	G	XCL1	Missense_Mutation	1449	282	1731	0.16291161178509533	5	4	1	0.9119	1	0.9119	0.9119	True	0.77	2.15
1	169947224	A	G	KIFAP3	Splice_Site	708	131	839	0.15613825983313467	5	4	1	0.874	1	0.874	0.874	True	0.77	2.15
1	169952463	T	C	KIFAP3	Missense_Mutation	422	11	433	0.025404157043879907	5	4	1	0.1422	1	0.1422	0.1422	False	0.77	2.15
1	170705372	T	C	PRRX1	3'UTR	148	43	191	0.225130890052356	5	4	1	1.2601	1	1.2601	1.0	True	0.77	2.15
1	170940891	A	G	MROH9	Missense_Mutation	676	146	822	0.17761557177615572	5	4	1	0.9942	1	0.9942	0.9942	True	0.77	2.15
1	171173075	A	G	FMO2	Silent	505	75	580	0.12931034482758622	5	4	1	0.7238	1	0.7238	0.7238	False	0.77	2.15
1	171292176	A	G	FMO4	Missense_Mutation	454	78	532	0.14661654135338345	5	4	1	0.8207	1	0.8207	0.8207	False	0.77	2.15
1	173155735	T	C	TNFSF4	Missense_Mutation	169	40	209	0.19138755980861244	5	4	1	1.0713	1	1.0713	1.0	True	0.77	2.15
1	173808666	C	T	DARS2	Silent	558	105	663	0.1583710407239819	5	4	1	0.8865	1	0.8865	0.8865	True	0.77	2.15
1	176659424	A	G	PAPPA2	Silent	172	33	205	0.16097560975609757	5	4	1	0.901	1	0.901	0.901	True	0.77	2.15
1	177199241	C	T	BRINP2	Missense_Mutation	59	11	70	0.15714285714285714	5	4	1	0.8796	1	0.8796	0.8796	True	0.77	2.15
1	177226479	C	T	BRINP2	Nonsense_Mutation	131	24	155	0.15483870967741936	5	4	1	0.8667	1	0.8667	0.8667	True	0.77	2.15
1	178252826	G	T	RASAL2	Missense_Mutation	501	100	601	0.16638935108153077	5	4	1	0.9313	1	0.9313	0.9313	True	0.77	2.15
1	179561737	T	C	TDRD5	Intron	312	48	360	0.13333333333333333	5	4	1	0.7463	1	0.7463	0.7463	False	0.77	2.15
1	179815881	C	T	TOR1AIP2	Silent	87	13	100	0.13	5	4	1	0.7277	1	0.7277	0.7277	False	0.77	2.15
1	180153145	G	A	QSOX1	Missense_Mutation	454	82	536	0.15298507462686567	5	4	1	0.8563	1	0.8563	0.8563	True	0.77	2.15
1	181018296	A	G	MR1	Missense_Mutation	321	47	368	0.12771739130434784	5	4	1	0.7149	1	0.7149	0.7149	False	0.77	2.15
1	181705572	T	C	CACNA1E	Splice_Site	556	129	685	0.18832116788321168	5	4	1	1.0541	1	1.0541	1.0	True	0.77	2.15
1	181735731	C	T	CACNA1E	Missense_Mutation	1224	33	1257	0.026252983293556086	5	4	1	0.1469	1	0.1469	0.1469	False	0.77	2.15
1	182026403	C	T	ZNF648	Missense_Mutation	43	12	55	0.21818181818181817	5	4	1	1.2213	1	1.2213	1.0	True	0.77	2.15
1	182841496	C	T	DHX9	Missense_Mutation	817	195	1012	0.19268774703557312	5	4	1	1.0786	1	1.0786	1.0	True	0.77	2.15
1	186114602	G	A	HMCN1	Missense_Mutation	292	66	358	0.18435754189944134	5	4	1	1.0319	1	1.0319	1.0	True	0.77	2.15
1	186325481	G	A	TPR	Missense_Mutation	686	26	712	0.03651685393258427	5	4	1	0.2044	1	0.2044	0.2044	False	0.77	2.15
1	196971637	G	A	CFHR5	Silent	301	76	377	0.20159151193633953	5	4	1	1.1284	1	1.1284	1.0	True	0.77	2.15
1	197060006	A	T	ASPM	Missense_Mutation	376	76	452	0.168141592920354	5	4	1	0.9412	1	0.9412	0.9412	True	0.77	2.15
1	197411069	C	T	CRB1	Intron	17	4	21	0.19047619047619047	5	4	1	1.0662	1	1.0662	1.0	True	0.77	2.15
1	197411509	C	T	CRB1	Intron	278	11	289	0.03806228373702422	5	4	1	0.213	1	0.213	0.213	False	0.77	2.15
1	200014658	C	T	NR5A2	Missense_Mutation	475	69	544	0.12683823529411764	5	4	1	0.71	1	0.71	0.71	False	0.77	2.15
1	200143178	A	G	NR5A2	Missense_Mutation	156	31	187	0.1657754010695187	5	4	1	0.9279	1	0.9279	0.9279	True	0.77	2.15
1	200880905	G	A	C1orf106	Silent	56	15	71	0.2112676056338028	5	4	1	1.1825	1	1.1825	1.0	True	0.77	2.15
1	201012645	C	T	CACNA1S	Silent	272	81	353	0.22946175637393768	5	4	1	1.2844	1	1.2844	1.0	True	0.77	2.15
1	201750162	G	A	NAV1	Missense_Mutation	277	70	347	0.2017291066282421	5	4	1	1.1292	1	1.1292	1.0	True	0.77	2.15
1	202699095	G	A	KDM5B	Missense_Mutation	606	145	751	0.19307589880159787	5	4	1	1.0807	1	1.0807	1.0	True	0.77	2.15
1	202935903	A	T	CYB5R1	Missense_Mutation	104	22	126	0.1746031746031746	5	4	1	0.9773	1	0.9773	0.9773	True	0.77	2.15
1	203188901	C	T	CHIT1	Missense_Mutation	141	32	173	0.18497109826589594	5	4	1	1.0354	1	1.0354	1.0	True	0.77	2.15
1	204101170	G	A	ETNK2	3'UTR	114	35	149	0.2348993288590604	5	4	1	1.3148	1	1.3148	1.0	True	0.77	2.15
1	204210854	C	A	PLEKHA6	Missense_Mutation	935	213	1148	0.18554006968641115	5	4	1	1.0385	1	1.0385	1.0	True	0.77	2.15
1	204230482	A	G	PLEKHA6	Missense_Mutation	237	10	247	0.04048582995951417	5	4	1	0.2266	1	0.2266	0.2266	False	0.77	2.15
1	204957854	A	G	NFASC	Missense_Mutation	140	33	173	0.1907514450867052	5	4	1	1.0677	1	1.0677	1.0	True	0.77	2.15
1	204966377	C	A	NFASC	Silent	935	202	1137	0.17766051011433598	5	4	1	0.9944	1	0.9944	0.9944	True	0.77	2.15
1	205028245	C	T	CNTN2	Missense_Mutation	163	36	199	0.18090452261306533	5	4	1	1.0126	1	1.0126	1.0	True	0.77	2.15
1	205033454	C	T	CNTN2	Silent	268	63	331	0.1903323262839879	5	4	1	1.0654	1	1.0654	1.0	True	0.77	2.15
1	205389680	G	A	LEMD1	5'UTR	454	87	541	0.16081330868761554	5	4	1	0.9001	1	0.9001	0.9001	True	0.77	2.15
1	206317585	G	A	CTSE	Silent	449	78	527	0.14800759013282733	5	4	1	0.8285	1	0.8285	0.8285	False	0.77	2.15
1	206647810	A	G	IKBKE	Missense_Mutation	190	34	224	0.15178571428571427	5	4	1	0.8496	1	0.8496	0.8496	False	0.77	2.15
1	206649650	G	A	IKBKE	Missense_Mutation	331	105	436	0.2408256880733945	5	4	1	1.348	1	1.348	1.0	True	0.77	2.15
1	209785393	G	A	CAMK1G	Missense_Mutation	98	21	119	0.17647058823529413	5	4	1	0.9878	1	0.9878	0.9878	True	0.77	2.15
1	210012459	A	T	DIEXF	Missense_Mutation	584	127	711	0.17862165963431786	5	4	1	0.9998	1	0.9998	0.9998	True	0.77	2.15
1	211546013	C	T	TRAF5	Missense_Mutation	145	6	151	0.039735099337748346	5	4	1	0.2224	1	0.2224	0.2224	False	0.77	2.15
1	217784358	A	G	GPATCH2	Silent	497	88	585	0.15042735042735042	5	4	1	0.842	1	0.842	0.842	False	0.77	2.15
1	220284183	T	C	IARS2	Silent	337	64	401	0.1596009975062344	5	4	1	0.8934	1	0.8934	0.8934	True	0.77	2.15
1	222743947	G	A	TAF1A	Missense_Mutation	326	72	398	0.18090452261306533	5	4	1	1.0126	1	1.0126	1.0	True	0.77	2.15
1	222833273	G	A	MIA3	Missense_Mutation	411	90	501	0.17964071856287425	5	4	1	1.0055	1	1.0055	1.0	True	0.77	2.15
1	223177181	C	T	DISP1	Silent	224	37	261	0.1417624521072797	5	4	1	0.7935	1	0.7935	0.7935	False	0.77	2.15
1	224380050	C	T	DEGS1	Missense_Mutation	318	81	399	0.20300751879699247	5	4	1	1.1363	1	1.1363	1.0	True	0.77	2.15
1	224517828	A	G	NVL	Translation_Start_Site	172	28	200	0.14	5	4	1	0.7836	1	0.7836	0.7836	False	0.77	2.15
1	225590975	G	T	LBR	3'UTR	174	37	211	0.17535545023696683	5	4	1	0.9815	1	0.9815	0.9815	True	0.77	2.15
1	226573298	G	A	PARP1	Silent	272	58	330	0.17575757575757575	5	4	1	0.9838	1	0.9838	0.9838	True	0.77	2.15
1	227216436	T	C	CDC42BPA	Missense_Mutation	395	62	457	0.13566739606126915	5	4	1	0.7594	1	0.7594	0.7594	False	0.77	2.15
1	227219043	C	T	CDC42BPA	Missense_Mutation	678	126	804	0.15671641791044777	5	4	1	0.8772	1	0.8772	0.8772	True	0.77	2.15
1	228295542	T	C	MRPL55	Missense_Mutation	70	9	79	0.11392405063291139	5	4	1	0.6377	1	0.6377	0.6377	False	0.77	2.15
1	228475592	C	T	OBSCN	Missense_Mutation	180	36	216	0.16666666666666666	5	4	1	0.9329	1	0.9329	0.9329	True	0.77	2.15
1	228598716	A	T	TRIM17	Silent	57	12	69	0.17391304347826086	5	4	1	0.9735	1	0.9735	0.9735	True	0.77	2.15
1	229433339	G	A	RAB4A	Missense_Mutation	416	78	494	0.15789473684210525	5	4	1	0.8838	1	0.8838	0.8838	True	0.77	2.15
1	229622121	A	G	NUP133	Silent	563	14	577	0.024263431542461005	5	4	1	0.1358	1	0.1358	0.1358	False	0.77	2.15
1	229738112	C	A	TAF5L	Nonsense_Mutation	306	68	374	0.18181818181818182	5	4	1	1.0177	1	1.0177	1.0	True	0.77	2.15
1	229750174	C	T	TAF5L	Missense_Mutation	380	76	456	0.16666666666666666	5	4	1	0.9329	1	0.9329	0.9329	True	0.77	2.15
1	230800228	A	G	COG2	Splice_Site	155	31	186	0.16666666666666666	5	4	1	0.9329	1	0.9329	0.9329	True	0.77	2.15
1	231339666	G	A	TRIM67	Missense_Mutation	229	42	271	0.15498154981549817	5	4	1	0.8675	1	0.8675	0.8675	True	0.77	2.15
1	231344914	C	T	TRIM67	Silent	397	91	488	0.1864754098360656	5	4	1	1.0438	1	1.0438	1.0	True	0.77	2.15
1	231489133	A	G	SPRTN	3'UTR	18	3	21	0.14285714285714285	5	4	1	0.7996	1	0.7996	0.7996	False	0.77	2.15
1	231829666	C	T	DISC1	Silent	204	45	249	0.18072289156626506	5	4	1	1.0116	1	1.0116	1.0	True	0.77	2.15
1	232601164	T	C	SIPA1L2	Splice_Site	112	19	131	0.1450381679389313	5	4	1	0.8118	1	0.8118	0.8118	False	0.77	2.15
1	234556530	C	T	TARBP1	Missense_Mutation	634	120	754	0.15915119363395225	5	4	1	0.8908	1	0.8908	0.8908	True	0.77	2.15
1	235331822	C	A	ARID4B	3'UTR	470	16	486	0.03292181069958848	5	4	1	0.1843	1	0.1843	0.1843	False	0.77	2.15
1	235600767	T	C	TBCE	Missense_Mutation	341	63	404	0.15594059405940594	5	4	1	0.8729	1	0.8729	0.8729	True	0.77	2.15
1	235856727	C	T	LYST	Missense_Mutation	331	60	391	0.1534526854219949	5	4	1	0.8589	1	0.8589	0.8589	True	0.77	2.15
1	235926116	T	C	LYST	Missense_Mutation	285	56	341	0.16422287390029325	5	4	1	0.9192	1	0.9192	0.9192	True	0.77	2.15
1	235972931	T	C	LYST	Missense_Mutation	289	57	346	0.16473988439306358	5	4	1	0.9221	1	0.9221	0.9221	True	0.77	2.15
1	236148736	G	A	NID1	Missense_Mutation	604	103	707	0.1456859971711457	5	4	1	0.8155	1	0.8155	0.8155	False	0.77	2.15
1	236157147	G	A	NID1	Silent	50	9	59	0.15254237288135594	5	4	1	0.8538	1	0.8538	0.8538	True	0.77	2.15
1	236738190	T	C	HEATR1	Missense_Mutation	329	56	385	0.14545454545454545	5	4	1	0.8142	1	0.8142	0.8142	False	0.77	2.15
1	236748353	T	C	HEATR1	Missense_Mutation	853	31	884	0.03506787330316742	5	4	1	0.1963	1	0.1963	0.1963	False	0.77	2.15
1	236751266	C	T	HEATR1	Silent	800	164	964	0.17012448132780084	5	4	1	0.9523	1	0.9523	0.9523	True	0.77	2.15
1	236761182	A	G	HEATR1	Missense_Mutation	593	100	693	0.1443001443001443	5	4	1	0.8077	1	0.8077	0.8077	False	0.77	2.15
1	240071128	C	T	CHRM3	Missense_Mutation	315	62	377	0.16445623342175067	5	4	1	0.9205	1	0.9205	0.9205	True	0.77	2.15
1	243507632	A	G	SDCCAG8	Missense_Mutation	610	125	735	0.17006802721088435	5	4	1	0.9519	1	0.9519	0.9519	True	0.77	2.15
1	245019248	G	A	HNRNPU	Missense_Mutation	780	176	956	0.18410041841004185	5	4	1	1.0305	1	1.0305	1.0	True	0.77	2.15
1	245318602	T	C	KIF26B	5'UTR	176	23	199	0.11557788944723618	5	4	1	0.6469	1	0.6469	0.6469	False	0.77	2.15
1	245530587	C	T	KIF26B	Missense_Mutation	113	31	144	0.2152777777777778	5	4	1	1.205	1	1.205	1.0	True	0.77	2.15
1	245865922	T	C	KIF26B	3'UTR	204	53	257	0.20622568093385213	5	4	1	1.1543	1	1.1543	1.0	True	0.77	2.15
1	247264139	C	T	ZNF669	Missense_Mutation	427	86	513	0.16764132553606237	5	4	1	0.9384	1	0.9384	0.9384	True	0.77	2.15
1	248263281	A	G	OR2L13	Missense_Mutation	1081	228	1309	0.17417876241405653	2	1	1	0.4524	1	0.4524	0.4524	False	0.77	2.15
1	248569431	G	A	OR2T1	Missense_Mutation	456	88	544	0.16176470588235295	2	1	1	0.4202	1	0.4202	0.4202	False	0.77	2.15
2	3217957	A	G	TSSC1	Missense_Mutation	146	78	224	0.3482142857142857	2	1	1	0.9045	1	0.9045	0.9045	True	0.77	2.15
2	8870951	G	A	KIDINS220	Missense_Mutation	274	149	423	0.35224586288416077	2	1	1	0.9149	1	0.9149	0.9149	True	0.77	2.15
2	9525431	C	T	ASAP2	Nonsense_Mutation	198	90	288	0.3125	2	1	1	0.8117	1	0.8117	0.8117	False	0.77	2.15
2	10567054	G	A	HPCAL1	3'UTR	13	5	18	0.2777777777777778	2	1	1	0.7215	1	0.7215	0.7215	False	0.77	2.15
2	17881629	T	C	SMC6	Missense_Mutation	462	89	551	0.16152450090744103	2	1	1	0.4195	1	0.4195	0.4195	False	0.77	2.15
2	20463032	T	C	PUM2	Missense_Mutation	111	71	182	0.3901098901098901	2	1	1	1.0133	1	1.0133	1.0	True	0.77	2.15
2	25967093	C	A	ASXL2	Missense_Mutation	82	59	141	0.41843971631205673	2	1	1	1.0869	1	1.0869	1.0	True	0.77	2.15
2	26536705	T	C	GPR113	Missense_Mutation	84	55	139	0.39568345323741005	2	1	1	1.0277	1	1.0277	1.0	True	0.77	2.15
2	27245149	T	C	MAPRE3	Silent	220	10	230	0.043478260869565216	2	1	1	0.1129	1	0.1129	0.1129	False	0.77	2.15
2	27303605	G	A	EMILIN1	Missense_Mutation	29	11	40	0.275	2	1	1	0.7143	1	0.7143	0.7143	False	0.77	2.15
2	27552349	G	A	GTF3C2	Nonsense_Mutation	118	66	184	0.358695652173913	2	1	1	0.9317	1	0.9317	0.9317	True	0.77	2.15
2	30379551	A	G	YPEL5	Missense_Mutation	188	106	294	0.36054421768707484	2	1	1	0.9365	1	0.9365	0.9365	True	0.77	2.15
2	32694531	T	C	BIRC6	Silent	700	40	740	0.05405405405405406	2	1	1	0.1404	1	0.1404	0.1404	False	0.77	2.15
2	32740628	G	A	BIRC6	Missense_Mutation	162	65	227	0.28634361233480177	2	1	1	0.7437	1	0.7437	0.7437	False	0.77	2.15
2	38408255	C	T	CYP1B1-AS1	RNA	18	15	33	0.45454545454545453	2	1	1	1.1806	1	1.1806	1.0	True	0.77	2.15
2	38958912	T	C	GALM	Missense_Mutation	133	107	240	0.44583333333333336	2	1	1	1.158	1	1.158	1.0	True	0.77	2.15
2	40405624	T	C	SLC8A1	Missense_Mutation	290	154	444	0.34684684684684686	2	1	1	0.9009	1	0.9009	0.9009	True	0.77	2.15
2	44933460	A	G	CAMKMT	Missense_Mutation	417	243	660	0.36818181818181817	2	1	1	0.9563	1	0.9563	0.9563	True	0.77	2.15
2	48035554	A	G	FBXO11	Silent	197	11	208	0.052884615384615384	2	1	1	0.1374	1	0.1374	0.1374	False	0.77	2.15
2	54154539	G	T	PSME4	Missense_Mutation	197	91	288	0.3159722222222222	2	1	1	0.8207	1	0.8207	0.8207	False	0.77	2.15
2	55194167	A	G	EML6	Missense_Mutation	128	9	137	0.06569343065693431	2	1	1	0.1706	1	0.1706	0.1706	False	0.77	2.15
2	61431727	T	C	USP34	Missense_Mutation	232	124	356	0.34831460674157305	2	1	1	0.9047	1	0.9047	0.9047	True	0.77	2.15
2	63605645	C	T	WDPCP	Splice_Site	154	104	258	0.40310077519379844	2	1	1	1.047	1	1.047	1.0	True	0.77	2.15
2	69704074	G	A	AAK1	Missense_Mutation	277	187	464	0.40301724137931033	2	1	1	1.0468	1	1.0468	1.0	True	0.77	2.15
2	70165487	T	C	MXD1	3'UTR	31	17	48	0.3541666666666667	2	1	1	0.9199	1	0.9199	0.9199	True	0.77	2.15
2	71185491	C	T	ATP6V1B1	Missense_Mutation	124	66	190	0.3473684210526316	2	1	1	0.9023	1	0.9023	0.9023	True	0.77	2.15
2	71791210	T	C	DYSF	Missense_Mutation	93	38	131	0.2900763358778626	2	1	1	0.7534	1	0.7534	0.7534	False	0.77	2.15
2	73959365	G	C	TPRKB	Missense_Mutation	325	151	476	0.3172268907563025	2	1	1	0.824	1	0.824	0.824	False	0.77	2.15
2	77746929	C	A	LRRTM4	Silent	139	78	217	0.35944700460829493	2	1	1	0.9336	1	0.9336	0.9336	True	0.77	2.15
2	79350482	T	C	REG1A	3'UTR	25	13	38	0.34210526315789475	2	1	1	0.8886	1	0.8886	0.8886	True	0.77	2.15
2	84811196	C	T	DNAH6	Missense_Mutation	218	123	341	0.36070381231671556	2	1	1	0.9369	1	0.9369	0.9369	True	0.77	2.15
2	85551923	G	A	TGOLN2	Intron	104	60	164	0.36585365853658536	2	1	1	0.9503	1	0.9503	0.9503	True	0.77	2.15
2	90154041	G	A	IGKV3D-15	Missense_Mutation	54	32	86	0.37209302325581395	2	1	1	0.9665	1	0.9665	0.9665	True	0.77	2.15
2	90229434	G	A	IGKV1D-42	Missense_Mutation	138	96	234	0.41025641025641024	2	1	1	1.0656	1	1.0656	1.0	True	0.77	2.15
2	97526276	C	T	SEMA4C	3'UTR	11	12	23	0.5217391304347826	2	1	1	1.3552	1	1.3552	1.0	True	0.77	2.15
2	98197016	G	A	ANKRD36B	RNA	341	196	537	0.3649906890130354	2	1	1	0.948	1	0.948	0.948	True	0.77	2.15
2	100019234	C	G	REV1	Silent	149	74	223	0.33183856502242154	2	1	1	0.8619	1	0.8619	0.8619	True	0.77	2.15
2	100055545	G	A	REV1	Missense_Mutation	100	55	155	0.3548387096774194	2	1	1	0.9217	1	0.9217	0.9217	True	0.77	2.15
2	101594239	G	A	NPAS2	Missense_Mutation	116	63	179	0.35195530726256985	2	1	1	0.9142	1	0.9142	0.9142	True	0.77	2.15
2	110902119	A	G	NPHP1	Silent	162	80	242	0.3305785123966942	2	1	1	0.8586	1	0.8586	0.8586	True	0.77	2.15
2	111416211	A	G	BUB1	Missense_Mutation	665	16	681	0.023494860499265784	2	1	1	0.061	1	0.061	0.061	False	0.77	2.15
2	112592360	A	G	ANAPC1	Silent	103	76	179	0.4245810055865922	2	1	1	1.1028	1	1.1028	1.0	True	0.77	2.15
2	113513917	T	C	CKAP2L	Missense_Mutation	197	145	342	0.4239766081871345	2	1	1	1.1012	1	1.1012	1.0	True	0.77	2.15
2	115919758	G	A	DPP10	Intron	6	6	12	0.5	2	1	1	1.2987	1	1.2987	1.0	True	0.77	2.15
2	118577295	A	G	DDX18	Silent	185	119	304	0.39144736842105265	2	1	1	1.0167	1	1.0167	1.0	True	0.77	2.15
2	122363401	C	T	CLASP1	Missense_Mutation	216	130	346	0.37572254335260113	2	1	1	0.9759	1	0.9759	0.9759	True	0.77	2.15
2	128038139	C	T	ERCC3	Missense_Mutation	119	8	127	0.06299212598425197	2	1	1	0.1636	1	0.1636	0.1636	False	0.77	2.15
2	130832949	A	G	POTEF	Missense_Mutation	202	99	301	0.3289036544850498	2	1	1	0.8543	1	0.8543	0.8543	True	0.77	2.15
2	130952658	G	A	TUBA3E	Silent	248	195	443	0.4401805869074492	2	1	1	1.1433	1	1.1433	1.0	True	0.77	2.15
2	131595195	A	G	AC133785.1	5'Flank	7	7	14	0.5	2	1	1	1.2987	1	1.2987	1.0	True	0.77	2.15
2	132235829	C	T	TUBA3D	Silent	291	145	436	0.33256880733944955	2	1	1	0.8638	1	0.8638	0.8638	True	0.77	2.15
2	132277882	G	A	AC093838.4	RNA	39	19	58	0.3275862068965517	2	1	1	0.8509	1	0.8509	0.8509	True	0.77	2.15
2	144903240	T	C	GTDC1	Silent	198	14	212	0.0660377358490566	2	1	1	0.1715	1	0.1715	0.1715	False	0.77	2.15
2	151331469	G	T	RND3	Missense_Mutation	180	105	285	0.3684210526315789	2	1	1	0.9569	1	0.9569	0.9569	True	0.77	2.15
2	152289601	T	C	RIF1	Silent	192	105	297	0.35353535353535354	2	1	1	0.9183	1	0.9183	0.9183	True	0.77	2.15
2	160692127	C	A	LY75-CD302	Silent	85	75	160	0.46875	2	1	1	1.2175	1	1.2175	1.0	True	0.77	2.15
2	160889563	A	G	PLA2R1	Missense_Mutation	286	9	295	0.030508474576271188	2	1	1	0.0792	1	0.0792	0.0792	False	0.77	2.15
2	160980367	C	T	ITGB6	Missense_Mutation	172	131	303	0.43234323432343236	2	1	1	1.123	1	1.123	1.0	True	0.77	2.15
2	166731196	G	A	TTC21B	3'UTR	70	13	83	0.1566265060240964	2	1	1	0.4068	1	0.4068	0.4068	False	0.77	2.15
2	166848778	C	T	SCN1A	Silent	416	209	625	0.3344	2	1	1	0.8686	1	0.8686	0.8686	True	0.77	2.15
2	170780473	T	C	UBR3	Missense_Mutation	344	14	358	0.03910614525139665	2	1	1	0.1016	1	0.1016	0.1016	False	0.77	2.15
2	170885882	C	T	UBR3	Missense_Mutation	168	90	258	0.3488372093023256	2	1	1	0.9061	1	0.9061	0.9061	True	0.77	2.15
2	172325520	G	A	DCAF17	Missense_Mutation	86	51	137	0.3722627737226277	2	1	1	0.9669	1	0.9669	0.9669	True	0.77	2.15
2	179452813	T	C	TTN	Missense_Mutation	142	85	227	0.3744493392070485	2	1	1	0.9726	1	0.9726	0.9726	True	0.77	2.15
2	179489400	A	G	TTN	Silent	80	53	133	0.39849624060150374	2	1	1	1.0351	1	1.0351	1.0	True	0.77	2.15
2	187531911	T	C	ITGAV	Missense_Mutation	301	195	496	0.39314516129032256	2	1	1	1.0212	1	1.0212	1.0	True	0.77	2.15
2	189874938	A	T	COL3A1	Missense_Mutation	166	109	275	0.39636363636363636	2	1	1	1.0295	1	1.0295	1.0	True	0.77	2.15
2	192252145	A	G	MYO1B	Missense_Mutation	113	31	144	0.2152777777777778	2	1	1	0.5592	1	0.5592	0.5592	False	0.77	2.15
2	202131302	G	A	CASP8	Silent	106	70	176	0.3977272727272727	2	1	1	1.0331	1	1.0331	1.0	True	0.77	2.15
2	203848327	A	G	CARF	Missense_Mutation	159	27	186	0.14516129032258066	2	1	1	0.377	1	0.377	0.377	False	0.77	2.15
2	206608157	G	A	NRP2	Missense_Mutation	71	54	125	0.432	2	1	1	1.1221	1	1.1221	1.0	True	0.77	2.15
2	206920991	G	A	INO80D	Nonsense_Mutation	159	90	249	0.3614457831325301	2	1	1	0.9388	1	0.9388	0.9388	True	0.77	2.15
2	207174377	G	A	ZDBF2	Missense_Mutation	144	89	233	0.38197424892703863	2	1	1	0.9921	1	0.9921	0.9921	True	0.77	2.15
2	214013359	A	G	IKZF2	5'UTR	182	78	260	0.3	2	1	1	0.7792	1	0.7792	0.7792	False	0.77	2.15
2	219301940	C	T	VIL1	Missense_Mutation	127	85	212	0.4009433962264151	2	1	1	1.0414	1	1.0414	1.0	True	0.77	2.15
2	219423423	A	G	USP37	Intron	78	50	128	0.390625	2	1	1	1.0146	1	1.0146	1.0	True	0.77	2.15
2	220111841	A	G	STK16	Missense_Mutation	151	93	244	0.38114754098360654	2	1	1	0.99	1	0.99	0.99	True	0.77	2.15
2	220473024	C	T	STK11IP	Missense_Mutation	22	17	39	0.4358974358974359	2	1	1	1.1322	1	1.1322	1.0	True	0.77	2.15
2	222428573	A	G	EPHA4	Missense_Mutation	602	387	989	0.391304347826087	2	1	1	1.0164	1	1.0164	1.0	True	0.77	2.15
2	225376276	T	C	CUL3	Silent	138	83	221	0.3755656108597285	2	1	1	0.9755	1	0.9755	0.9755	True	0.77	2.15
2	231380093	G	A	SP100	Intron	106	66	172	0.38372093023255816	2	1	1	0.9967	1	0.9967	0.9967	True	0.77	2.15
2	232321172	T	C	NCL	Intron	5	4	9	0.4444444444444444	2	1	1	1.1544	1	1.1544	1.0	True	0.77	2.15
2	233199417	A	G	DIS3L2	Missense_Mutation	109	7	116	0.0603448275862069	2	1	1	0.1567	1	0.1567	0.1567	False	0.77	2.15
2	233244618	C	T	ALPP	Missense_Mutation	25	10	35	0.2857142857142857	2	1	1	0.7421	1	0.7421	0.7421	False	0.77	2.15
2	234229296	G	A	SAG	Missense_Mutation	72	36	108	0.3333333333333333	2	1	1	0.8658	1	0.8658	0.8658	True	0.77	2.15
2	234356734	T	C	DGKD	Missense_Mutation	109	56	165	0.3393939393939394	2	1	1	0.8815	1	0.8815	0.8815	True	0.77	2.15
2	234681079	T	C	UGT1A4	Silent	238	143	381	0.3753280839895013	2	1	1	0.9749	1	0.9749	0.9749	True	0.77	2.15
2	238234210	G	A	COL6A3	Silent	222	123	345	0.3565217391304348	2	1	1	0.926	1	0.926	0.926	True	0.77	2.15
2	238419703	C	T	MLPH	Missense_Mutation	113	67	180	0.37222222222222223	2	1	1	0.9668	1	0.9668	0.9668	True	0.77	2.15
2	238436066	C	T	MLPH	Silent	106	49	155	0.3161290322580645	2	1	1	0.8211	1	0.8211	0.8211	False	0.77	2.15
2	240024515	C	T	HDAC4	Silent	238	11	249	0.04417670682730924	2	1	1	0.1147	1	0.1147	0.1147	False	0.77	2.15
2	240500165	C	A	AC079612.1	Missense_Mutation	68	44	112	0.39285714285714285	2	1	1	1.0204	1	1.0204	1.0	True	0.77	2.15
2	241078529	G	A	OTOS	3'UTR	9	3	12	0.25	2	1	1	0.6494	1	0.6494	0.6494	False	0.77	2.15
2	241496666	G	A	ANKMY1	5'UTR	12	11	23	0.4782608695652174	2	1	1	1.2422	1	1.2422	1.0	True	0.77	2.15
2	242076639	C	T	PASK	Missense_Mutation	53	31	84	0.36904761904761907	2	1	1	0.9586	1	0.9586	0.9586	True	0.77	2.15
2	242082328	C	T	PASK	Silent	99	54	153	0.35294117647058826	2	1	1	0.9167	1	0.9167	0.9167	True	0.77	2.15
2	242168835	G	A	HDLBP	3'UTR	62	41	103	0.39805825242718446	2	1	1	1.0339	1	1.0339	1.0	True	0.77	2.15
3	2908526	C	T	CNTN4	Missense_Mutation	286	17	303	0.056105610561056105	2	1	1	0.1457	1	0.1457	0.1457	False	0.77	2.15
3	3067928	C	T	CNTN4	Silent	259	118	377	0.3129973474801061	2	1	1	0.813	1	0.813	0.813	False	0.77	2.15
3	3139881	T	C	IL5RA	Missense_Mutation	382	213	595	0.35798319327731093	2	1	1	0.9298	1	0.9298	0.9298	True	0.77	2.15
3	8609226	A	G	LMCD1	Missense_Mutation	92	54	146	0.3698630136986301	2	1	1	0.9607	1	0.9607	0.9607	True	0.77	2.15
3	9714435	G	A	MTMR14	Silent	180	83	263	0.3155893536121673	2	1	1	0.8197	1	0.8197	0.8197	False	0.77	2.15
3	9860332	G	A	TTLL3	Intron	8	6	14	0.42857142857142855	2	1	1	1.1132	1	1.1132	1.0	True	0.77	2.15
3	9948726	G	A	IL17RE	Missense_Mutation	334	22	356	0.06179775280898876	2	1	1	0.1605	1	0.1605	0.1605	False	0.77	2.15
3	13368891	C	T	NUP210	Missense_Mutation	40	30	70	0.42857142857142855	2	1	1	1.1132	1	1.1132	1.0	True	0.77	2.15
3	14862972	C	T	FGD5	Silent	59	30	89	0.33707865168539325	2	1	1	0.8755	1	0.8755	0.8755	True	0.77	2.15
3	15643330	G	A	BTD	5'UTR	112	6	118	0.05084745762711865	2	1	1	0.1321	1	0.1321	0.1321	False	0.77	2.15
3	18436303	G	A	SATB1	Missense_Mutation	173	83	256	0.32421875	2	1	1	0.8421	1	0.8421	0.8421	False	0.77	2.15
3	19295239	G	A	KCNH8	Missense_Mutation	415	17	432	0.03935185185185185	2	1	1	0.1022	1	0.1022	0.1022	False	0.77	2.15
3	25761040	C	T	NGLY1	Missense_Mutation	193	107	300	0.3566666666666667	2	1	1	0.9264	1	0.9264	0.9264	True	0.77	2.15
3	33038340	T	C	GLB1	3'UTR	14	5	19	0.2631578947368421	2	1	1	0.6835	1	0.6835	0.6835	False	0.77	2.15
3	37365196	G	A	GOLGA4	Missense_Mutation	31	40	71	0.5633802816901409	1	1	0	0.8999	1	0.8999	0.8999	True	0.77	2.15
3	38039794	A	G	VILL	Missense_Mutation	112	11	123	0.08943089430894309	1	1	0	0.1429	1	0.1429	0.1429	False	0.77	2.15
3	38616941	G	T	SCN5A	Silent	16	16	32	0.5	1	1	0	0.7987	1	0.7987	0.7987	False	0.77	2.15
3	39227239	C	T	XIRP1	Missense_Mutation	17	25	42	0.5952380952380952	1	1	0	0.9508	1	0.9508	0.9508	True	0.77	2.15
3	43408450	G	A	ANO10	Missense_Mutation	53	114	167	0.6826347305389222	1	1	0	1.0904	1	1.0904	1.0	True	0.77	2.15
3	48732633	C	T	IP6K2	Missense_Mutation	102	5	107	0.04672897196261682	1	1	0	0.0746	1	0.0746	0.0746	False	0.77	2.15
3	50330902	G	A	HYAL3	Silent	22	29	51	0.5686274509803921	1	1	0	0.9083	1	0.9083	0.9083	True	0.77	2.15
3	50391135	T	C	CYB561D2	Missense_Mutation	4	30	34	0.8823529411764706	1	1	0	1.4095	1	1.4095	1.0	True	0.77	2.15
3	52861123	G	A	ITIH4	Silent	66	141	207	0.6811594202898551	1	1	0	1.0881	1	1.0881	1.0	True	0.77	2.15
3	57843500	C	T	SLMAP	Missense_Mutation	95	10	105	0.09523809523809523	1	1	0	0.1521	1	0.1521	0.1521	False	0.77	2.15
3	62739237	G	A	CADPS	Missense_Mutation	63	33	96	0.34375	2	1	1	0.8929	1	0.8929	0.8929	True	0.77	2.15
3	69167864	C	T	LMOD3	Missense_Mutation	141	66	207	0.3188405797101449	2	1	1	0.8282	1	0.8282	0.8282	False	0.77	2.15
3	73433945	T	C	PDZRN3	Missense_Mutation	66	38	104	0.36538461538461536	2	1	1	0.9491	1	0.9491	0.9491	True	0.77	2.15
3	74315770	C	T	CNTN3	Missense_Mutation	339	185	524	0.3530534351145038	2	1	1	0.917	1	0.917	0.917	True	0.77	2.15
3	89448493	T	C	EPHA3	Missense_Mutation	110	61	171	0.3567251461988304	2	1	1	0.9266	1	0.9266	0.9266	True	0.77	2.15
3	98512725	G	T	ST3GAL6	3'UTR	26	17	43	0.3953488372093023	2	1	1	1.0269	1	1.0269	1.0	True	0.77	2.15
3	99567225	C	T	FILIP1L	Missense_Mutation	520	316	836	0.37799043062200954	2	1	1	0.9818	1	0.9818	0.9818	True	0.77	2.15
3	100057981	A	G	NIT2	Missense_Mutation	244	129	373	0.34584450402144773	2	1	1	0.8983	1	0.8983	0.8983	True	0.77	2.15
3	100432553	T	C	TFG	Silent	119	79	198	0.398989898989899	2	1	1	1.0363	1	1.0363	1.0	True	0.77	2.15
3	108572596	G	A	TRAT1	Missense_Mutation	148	97	245	0.39591836734693875	2	1	1	1.0284	1	1.0284	1.0	True	0.77	2.15
3	108639298	T	C	GUCA1C	Silent	227	14	241	0.058091286307053944	2	1	1	0.1509	1	0.1509	0.1509	False	0.77	2.15
3	111681100	C	T	PHLDB2	Silent	155	66	221	0.2986425339366516	2	1	1	0.7757	1	0.7757	0.7757	False	0.77	2.15
3	120401163	A	G	HGD	5'UTR	10	9	19	0.47368421052631576	2	1	1	1.2303	1	1.2303	1.0	True	0.77	2.15
3	121396142	T	C	GOLGB1	Missense_Mutation	214	7	221	0.03167420814479638	2	1	1	0.0823	1	0.0823	0.0823	False	0.77	2.15
3	122123122	C	T	FAM162A	Missense_Mutation	134	84	218	0.3853211009174312	2	1	1	1.0008	1	1.0008	1.0	True	0.77	2.15
3	123376171	G	A	MYLK	Nonsense_Mutation	164	115	279	0.4121863799283154	2	1	1	1.0706	1	1.0706	1.0	True	0.77	2.15
3	123401149	C	T	MYLK	Missense_Mutation	139	69	208	0.3317307692307692	2	1	1	0.8616	1	0.8616	0.8616	True	0.77	2.15
3	123650066	A	G	CCDC14	Missense_Mutation	137	69	206	0.33495145631067963	2	1	1	0.87	1	0.87	0.87	True	0.77	2.15
3	123697789	C	T	ROPN1	Intron	168	94	262	0.35877862595419846	2	1	1	0.9319	1	0.9319	0.9319	True	0.77	2.15
3	126070934	A	G	KLF15	Missense_Mutation	73	43	116	0.3706896551724138	2	1	1	0.9628	1	0.9628	0.9628	True	0.77	2.15
3	127649058	G	A	KBTBD12	Missense_Mutation	134	76	210	0.3619047619047619	2	1	1	0.94	1	0.94	0.94	True	0.77	2.15
3	130187729	T	C	COL6A5	Missense_Mutation	147	83	230	0.36086956521739133	2	1	1	0.9373	1	0.9373	0.9373	True	0.77	2.15
3	132235651	A	G	DNAJC13	Missense_Mutation	188	106	294	0.36054421768707484	2	1	1	0.9365	1	0.9365	0.9365	True	0.77	2.15
3	133167374	A	G	BFSP2	Missense_Mutation	110	59	169	0.34911242603550297	2	1	1	0.9068	1	0.9068	0.9068	True	0.77	2.15
3	133374202	T	C	TOPBP1	Missense_Mutation	228	135	363	0.371900826446281	2	1	1	0.966	1	0.966	0.966	True	0.77	2.15
3	134644703	C	T	EPHB1	Missense_Mutation	104	65	169	0.38461538461538464	2	1	1	0.999	1	0.999	0.999	True	0.77	2.15
3	136019953	T	G	PCCB	Silent	237	137	374	0.3663101604278075	2	1	1	0.9515	1	0.9515	0.9515	True	0.77	2.15
3	142430808	T	C	PLS1	Missense_Mutation	140	83	223	0.3721973094170404	2	1	1	0.9667	1	0.9667	0.9667	True	0.77	2.15
3	149089471	T	C	TM4SF1	Intron	105	50	155	0.3225806451612903	2	1	1	0.8379	1	0.8379	0.8379	False	0.77	2.15
3	152554350	A	G	P2RY1	Missense_Mutation	146	93	239	0.3891213389121339	2	1	1	1.0107	1	1.0107	1.0	True	0.77	2.15
3	154898388	A	G	MME	3'UTR	25	15	40	0.375	2	1	1	0.974	1	0.974	0.974	True	0.77	2.15
3	155232558	G	A	PLCH1	Missense_Mutation	193	14	207	0.06763285024154589	2	1	1	0.1757	1	0.1757	0.1757	False	0.77	2.15
3	158315964	G	T	MLF1	Missense_Mutation	124	64	188	0.3404255319148936	2	1	1	0.8842	1	0.8842	0.8842	True	0.77	2.15
3	160146629	A	G	SMC4	Silent	204	106	310	0.3419354838709677	2	1	1	0.8881	1	0.8881	0.8881	True	0.77	2.15
3	160253653	C	T	KPNA4	Silent	73	5	78	0.0641025641025641	2	1	1	0.1665	1	0.1665	0.1665	False	0.77	2.15
3	164739039	G	A	SI	Missense_Mutation	240	116	356	0.3258426966292135	2	1	1	0.8463	1	0.8463	0.8463	False	0.77	2.15
3	169381319	C	T	MECOM	5'Flank	63	33	96	0.34375	2	1	1	0.8929	1	0.8929	0.8929	True	0.77	2.15
3	169513127	A	G	LRRC34	Intron	11	12	23	0.5217391304347826	2	1	1	1.3552	1	1.3552	1.0	True	0.77	2.15
3	169526458	A	G	LRRC34	Missense_Mutation	181	7	188	0.03723404255319149	2	1	1	0.0967	1	0.0967	0.0967	False	0.77	2.15
3	170846513	A	G	TNIK	Missense_Mutation	108	56	164	0.34146341463414637	2	1	1	0.8869	1	0.8869	0.8869	True	0.77	2.15
3	172115197	A	G	FNDC3B	Missense_Mutation	227	142	369	0.38482384823848237	2	1	1	0.9995	1	0.9995	0.9995	True	0.77	2.15
3	182636012	A	G	ATP11B	3'UTR	46	35	81	0.43209876543209874	2	1	1	1.1223	1	1.1223	1.0	True	0.77	2.15
3	185232291	T	A	LIPH	Missense_Mutation	616	15	631	0.02377179080824089	2	1	1	0.0617	1	0.0617	0.0617	False	0.77	2.15
3	185390423	C	T	IGF2BP2	Missense_Mutation	167	9	176	0.05113636363636364	2	1	1	0.1328	1	0.1328	0.1328	False	0.77	2.15
3	186917406	C	A	RTP1	Missense_Mutation	48	36	84	0.42857142857142855	2	1	1	1.1132	1	1.1132	1.0	True	0.77	2.15
3	191087808	A	G	CCDC50	Missense_Mutation	88	61	149	0.40939597315436244	2	1	1	1.0634	1	1.0634	1.0	True	0.77	2.15
3	194080416	A	G	LRRC15	Missense_Mutation	161	106	267	0.3970037453183521	2	1	1	1.0312	1	1.0312	1.0	True	0.77	2.15
3	195512843	C	T	MUC4	Missense_Mutation	872	191	1063	0.17968015051740358	2	1	1	0.4667	1	0.4667	0.4667	False	0.77	2.15
3	196083500	G	A	UBXN7	3'UTR	87	60	147	0.40816326530612246	2	1	1	1.0602	1	1.0602	1.0	True	0.77	2.15
3	196735739	G	C	MFI2	Silent	137	75	212	0.35377358490566035	2	1	1	0.9189	1	0.9189	0.9189	True	0.77	2.15
4	247819	G	A	ZNF876P	RNA	22	6	28	0.21428571428571427	2	1	1	0.5566	1	0.5566	0.5566	False	0.77	2.15
4	679622	A	G	MFSD7	Splice_Site	155	10	165	0.06060606060606061	2	1	1	0.1574	1	0.1574	0.1574	False	0.77	2.15
4	1019088	T	A	FGFRL1	Missense_Mutation	17	5	22	0.22727272727272727	2	1	1	0.5903	1	0.5903	0.5903	False	0.77	2.15
4	1906107	T	C	WHSC1	Splice_Site	187	116	303	0.38283828382838286	2	1	1	0.9944	1	0.9944	0.9944	True	0.77	2.15
4	2272281	T	C	ZFYVE28	3'UTR	10	4	14	0.2857142857142857	2	1	1	0.7421	1	0.7421	0.7421	False	0.77	2.15
4	2306975	A	G	ZFYVE28	Silent	20	15	35	0.42857142857142855	2	1	1	1.1132	1	1.1132	1.0	True	0.77	2.15
4	4389431	T	C	NSG1	Silent	49	22	71	0.30985915492957744	2	1	1	0.8048	1	0.8048	0.8048	False	0.77	2.15
4	4864437	G	A	MSX1	Missense_Mutation	6	3	9	0.3333333333333333	2	1	1	0.8658	1	0.8658	0.8658	True	0.77	2.15
4	7435313	G	A	PSAPL1	Silent	31	23	54	0.42592592592592593	2	1	1	1.1063	1	1.1063	1.0	True	0.77	2.15
4	7968787	C	T	ABLIM2	Missense_Mutation	102	40	142	0.28169014084507044	2	1	1	0.7317	1	0.7317	0.7317	False	0.77	2.15
4	7994611	C	A	ABLIM2	Missense_Mutation	111	61	172	0.3546511627906977	2	1	1	0.9212	1	0.9212	0.9212	True	0.77	2.15
4	10023071	C	T	SLC2A9	5'UTR	227	147	374	0.393048128342246	2	1	1	1.0209	1	1.0209	1.0	True	0.77	2.15
4	15054153	A	G	CPEB2	Missense_Mutation	390	20	410	0.04878048780487805	2	1	1	0.1267	1	0.1267	0.1267	False	0.77	2.15
4	15482442	G	T	CC2D2A	Missense_Mutation	43	30	73	0.410958904109589	2	1	1	1.0674	1	1.0674	1.0	True	0.77	2.15
4	16258136	G	A	TAPT1-AS1	RNA	21	19	40	0.475	2	1	1	1.2338	1	1.2338	1.0	True	0.77	2.15
4	24542489	A	G	DHX15	Missense_Mutation	245	22	267	0.08239700374531835	2	1	1	0.214	1	0.214	0.214	False	0.77	2.15
4	40778217	T	C	NSUN7	Missense_Mutation	104	65	169	0.38461538461538464	2	1	1	0.999	1	0.999	0.999	True	0.77	2.15
4	40892432	G	A	APBB2	Missense_Mutation	36	28	64	0.4375	2	1	1	1.1364	1	1.1364	1.0	True	0.77	2.15
4	56730508	G	A	EXOC1	Missense_Mutation	106	63	169	0.3727810650887574	2	1	1	0.9683	1	0.9683	0.9683	True	0.77	2.15
4	57217581	T	C	AASDH	Missense_Mutation	69	35	104	0.33653846153846156	2	1	1	0.8741	1	0.8741	0.8741	True	0.77	2.15
4	57686740	G	T	SPINK2	Missense_Mutation	189	133	322	0.41304347826086957	2	1	1	1.0728	1	1.0728	1.0	True	0.77	2.15
4	69962480	T	C	UGT2B7	Missense_Mutation	106	69	175	0.3942857142857143	2	1	1	1.0241	1	1.0241	1.0	True	0.77	2.15
4	71232426	A	T	SMR3A	Silent	183	92	275	0.33454545454545453	2	1	1	0.8689	1	0.8689	0.8689	True	0.77	2.15
4	71532314	A	G	IGJ	5'UTR	63	4	67	0.05970149253731343	2	1	1	0.1551	1	0.1551	0.1551	False	0.77	2.15
4	77053844	G	A	NUP54	Missense_Mutation	199	155	354	0.4378531073446328	2	1	1	1.1373	1	1.1373	1.0	True	0.77	2.15
4	77247091	T	C	CCDC158	Missense_Mutation	218	120	338	0.35502958579881655	2	1	1	0.9222	1	0.9222	0.9222	True	0.77	2.15
4	79847790	G	A	PAQR3	Missense_Mutation	159	82	241	0.34024896265560167	2	1	1	0.8838	1	0.8838	0.8838	True	0.77	2.15
4	79860369	T	C	PAQR3	Missense_Mutation	35	11	46	0.2391304347826087	2	1	1	0.6211	1	0.6211	0.6211	False	0.77	2.15
4	80329336	C	T	GK2	Missense_Mutation	49	28	77	0.36363636363636365	2	1	1	0.9445	1	0.9445	0.9445	True	0.77	2.15
4	84350692	G	A	HELQ	Missense_Mutation	148	74	222	0.3333333333333333	2	1	1	0.8658	1	0.8658	0.8658	True	0.77	2.15
4	86852113	C	T	ARHGAP24	Intron	101	70	171	0.4093567251461988	2	1	1	1.0633	1	1.0633	1.0	True	0.77	2.15
4	90844346	C	T	MMRN1	Missense_Mutation	198	106	304	0.34868421052631576	2	1	1	0.9057	1	0.9057	0.9057	True	0.77	2.15
4	100200633	T	C	ADH1A	Silent	205	123	328	0.375	2	1	1	0.974	1	0.974	0.974	True	0.77	2.15
4	100824995	G	A	DNAJB14	Silent	246	104	350	0.29714285714285715	2	1	1	0.7718	1	0.7718	0.7718	False	0.77	2.15
4	101108933	G	A	DDIT4L	Silent	105	52	157	0.33121019108280253	2	1	1	0.8603	1	0.8603	0.8603	True	0.77	2.15
4	106196445	G	A	TET2	Missense_Mutation	167	140	307	0.4560260586319218	2	1	1	1.1845	1	1.1845	1.0	True	0.77	2.15
4	107092364	G	A	TBCK	Missense_Mutation	225	159	384	0.4140625	2	1	1	1.0755	1	1.0755	1.0	True	0.77	2.15
4	111539800	G	A	PITX2	Silent	119	7	126	0.05555555555555555	2	1	1	0.1443	1	0.1443	0.1443	False	0.77	2.15
4	113539094	T	C	C4orf21	Missense_Mutation	65	42	107	0.3925233644859813	2	1	1	1.0195	1	1.0195	1.0	True	0.77	2.15
4	114223960	C	T	ANK2	Missense_Mutation	207	117	324	0.3611111111111111	2	1	1	0.938	1	0.938	0.938	True	0.77	2.15
4	120422366	G	A	PDE5A	Nonsense_Mutation	273	152	425	0.35764705882352943	2	1	1	0.929	1	0.929	0.929	True	0.77	2.15
4	120460122	G	A	PDE5A	Missense_Mutation	73	42	115	0.3652173913043478	2	1	1	0.9486	1	0.9486	0.9486	True	0.77	2.15
4	122589485	G	A	ANXA5	3'UTR	57	33	90	0.36666666666666664	2	1	1	0.9524	1	0.9524	0.9524	True	0.77	2.15
4	140640638	G	A	MAML3	Missense_Mutation	80	63	143	0.4405594405594406	2	1	1	1.1443	1	1.1443	1.0	True	0.77	2.15
4	154542925	A	G	KIAA0922	Missense_Mutation	326	184	510	0.3607843137254902	2	1	1	0.9371	1	0.9371	0.9371	True	0.77	2.15
4	155219190	T	C	DCHS2	Silent	86	45	131	0.3435114503816794	2	1	1	0.8922	1	0.8922	0.8922	True	0.77	2.15
4	155237076	A	G	DCHS2	Missense_Mutation	323	201	524	0.383587786259542	2	1	1	0.9963	1	0.9963	0.9963	True	0.77	2.15
4	155410968	C	T	DCHS2	Missense_Mutation	41	24	65	0.36923076923076925	2	1	1	0.959	1	0.959	0.959	True	0.77	2.15
4	155533684	T	C	FGG	Silent	133	69	202	0.3415841584158416	2	1	1	0.8872	1	0.8872	0.8872	True	0.77	2.15
4	160252651	T	A	RAPGEF2	Silent	115	48	163	0.294478527607362	2	1	1	0.7649	1	0.7649	0.7649	False	0.77	2.15
4	162380399	A	G	FSTL5	Missense_Mutation	219	131	350	0.3742857142857143	2	1	1	0.9722	1	0.9722	0.9722	True	0.77	2.15
4	184603899	T	A	TRAPPC11	Nonsense_Mutation	163	93	256	0.36328125	2	1	1	0.9436	1	0.9436	0.9436	True	0.77	2.15
4	185309973	G	A	IRF2	Missense_Mutation	85	55	140	0.39285714285714285	2	1	1	1.0204	1	1.0204	1.0	True	0.77	2.15
5	169664	G	A	PLEKHG4B	Missense_Mutation	68	7	75	0.09333333333333334	2	1	1	0.2424	1	0.2424	0.2424	False	0.77	2.15
5	353994	T	C	AHRR	Missense_Mutation	117	68	185	0.3675675675675676	2	1	1	0.9547	1	0.9547	0.9547	True	0.77	2.15
5	639271	C	T	CEP72	Missense_Mutation	21	14	35	0.4	2	1	1	1.039	1	1.039	1.0	True	0.77	2.15
5	896907	C	T	TRIP13	Missense_Mutation	202	105	307	0.34201954397394135	2	1	1	0.8884	1	0.8884	0.8884	True	0.77	2.15
5	10239183	C	T	FAM173B	Missense_Mutation	111	79	190	0.41578947368421054	2	1	1	1.08	1	1.08	1.0	True	0.77	2.15
5	10261709	G	T	CCT5	Missense_Mutation	106	74	180	0.4111111111111111	2	1	1	1.0678	1	1.0678	1.0	True	0.77	2.15
5	13714559	A	G	DNAH5	Silent	39	24	63	0.38095238095238093	2	1	1	0.9895	1	0.9895	0.9895	True	0.77	2.15
5	13735431	C	T	DNAH5	Splice_Site	110	54	164	0.32926829268292684	2	1	1	0.8552	1	0.8552	0.8552	True	0.77	2.15
5	13871682	G	T	DNAH5	Missense_Mutation	206	28	234	0.11965811965811966	2	1	1	0.3108	1	0.3108	0.3108	False	0.77	2.15
5	15936680	C	T	FBXL7	Silent	46	39	85	0.4588235294117647	2	1	1	1.1917	1	1.1917	1.0	True	0.77	2.15
5	16453127	C	T	ZNF622	Missense_Mutation	75	54	129	0.4186046511627907	2	1	1	1.0873	1	1.0873	1.0	True	0.77	2.15
5	16704732	G	A	MYO10	Silent	115	81	196	0.413265306122449	2	1	1	1.0734	1	1.0734	1.0	True	0.77	2.15
5	24488214	G	T	CDH10	Missense_Mutation	21	37	58	0.6379310344827587	2	1	1	1.657	1	1.657	1.0	True	0.77	2.15
5	32072367	A	G	PDZD2	Missense_Mutation	138	91	229	0.39737991266375544	2	1	1	1.0322	1	1.0322	1.0	True	0.77	2.15
5	36677049	C	T	SLC1A3	Missense_Mutation	132	110	242	0.45454545454545453	2	1	1	1.1806	1	1.1806	1.0	True	0.77	2.15
5	36976367	T	C	NIPBL	Missense_Mutation	139	94	233	0.4034334763948498	2	1	1	1.0479	1	1.0479	1.0	True	0.77	2.15
5	37244502	A	G	C5orf42	Missense_Mutation	70	35	105	0.3333333333333333	2	1	1	0.8658	1	0.8658	0.8658	True	0.77	2.15
5	37333695	G	A	NUP155	Missense_Mutation	133	60	193	0.31088082901554404	2	1	1	0.8075	1	0.8075	0.8075	False	0.77	2.15
5	38481794	C	T	LIFR	Missense_Mutation	257	9	266	0.03383458646616541	2	1	1	0.0879	1	0.0879	0.0879	False	0.77	2.15
5	40681212	C	T	PTGER4	Silent	68	4	72	0.05555555555555555	2	1	1	0.1443	1	0.1443	0.1443	False	0.77	2.15
5	41012725	A	T	MROH2B	Missense_Mutation	171	67	238	0.2815126050420168	2	1	1	0.7312	1	0.7312	0.7312	False	0.77	2.15
5	43653200	T	C	NNT	Silent	157	95	252	0.376984126984127	2	1	1	0.9792	1	0.9792	0.9792	True	0.77	2.15
5	54460122	T	G	GPX8	3'UTR	12	10	22	0.45454545454545453	2	1	1	1.1806	1	1.1806	1.0	True	0.77	2.15
5	56160724	G	T	MAP3K1	Missense_Mutation	176	89	265	0.33584905660377357	2	1	1	0.8723	1	0.8723	0.8723	True	0.77	2.15
5	61653537	G	A	KIF2A	Missense_Mutation	122	74	196	0.37755102040816324	2	1	1	0.9807	1	0.9807	0.9807	True	0.77	2.15
5	64100159	C	T	CWC27	Missense_Mutation	121	69	190	0.3631578947368421	2	1	1	0.9433	1	0.9433	0.9433	True	0.77	2.15
5	70845413	C	T	BDP1	Silent	186	94	280	0.3357142857142857	2	1	1	0.872	1	0.872	0.872	True	0.77	2.15
5	74865213	A	G	POLK	Missense_Mutation	210	117	327	0.3577981651376147	2	1	1	0.9293	1	0.9293	0.9293	True	0.77	2.15
5	85578465	T	C	NBPF22P	RNA	54	4	58	0.06896551724137931	2	1	1	0.1791	1	0.1791	0.1791	False	0.77	2.15
5	89938470	A	G	GPR98	Missense_Mutation	139	71	210	0.3380952380952381	2	1	1	0.8782	1	0.8782	0.8782	True	0.77	2.15
5	90024500	T	G	GPR98	Missense_Mutation	184	99	283	0.3498233215547703	2	1	1	0.9086	1	0.9086	0.9086	True	0.77	2.15
5	93721962	T	C	KIAA0825	Missense_Mutation	170	96	266	0.3609022556390977	2	1	1	0.9374	1	0.9374	0.9374	True	0.77	2.15
5	94957230	C	T	GPR150	Silent	10	12	22	0.5454545454545454	2	1	1	1.4168	1	1.4168	1.0	True	0.77	2.15
5	112176648	G	T	APC	Missense_Mutation	38	35	73	0.4794520547945205	2	1	1	1.2453	1	1.2453	1.0	True	0.77	2.15
5	112362797	C	T	MCC	3'Flank	13	8	21	0.38095238095238093	2	1	1	0.9895	1	0.9895	0.9895	True	0.77	2.15
5	114860367	C	A	FEM1C	Missense_Mutation	194	126	320	0.39375	2	1	1	1.0227	1	1.0227	1.0	True	0.77	2.15
5	127507374	A	G	SLC12A2	Missense_Mutation	117	85	202	0.4207920792079208	2	1	1	1.093	1	1.093	1.0	True	0.77	2.15
5	139189067	C	T	PSD2	Silent	17	8	25	0.32	2	1	1	0.8312	1	0.8312	0.8312	False	0.77	2.15
5	139818109	T	C	ANKHD1	Missense_Mutation	194	109	303	0.35973597359735976	2	1	1	0.9344	1	0.9344	0.9344	True	0.77	2.15
5	140166961	C	T	PCDHA1	Silent	193	10	203	0.04926108374384237	2	1	1	0.128	1	0.128	0.128	False	0.77	2.15
5	140222350	G	A	PCDHA8	Missense_Mutation	62	49	111	0.44144144144144143	2	1	1	1.1466	1	1.1466	1.0	True	0.77	2.15
5	140236951	G	A	PCDHA10	Missense_Mutation	104	57	161	0.35403726708074534	2	1	1	0.9196	1	0.9196	0.9196	True	0.77	2.15
5	140242315	G	A	AC005609.1	3'UTR	12	11	23	0.4782608695652174	2	1	1	1.2422	1	1.2422	1.0	True	0.77	2.15
5	140242940	G	A	AC005609.1	Silent	14	12	26	0.46153846153846156	2	1	1	1.1988	1	1.1988	1.0	True	0.77	2.15
5	140558614	C	T	PCDHB8	Silent	262	73	335	0.21791044776119403	2	1	1	0.566	1	0.566	0.566	False	0.77	2.15
5	140588743	A	G	PCDHB12	Silent	122	68	190	0.35789473684210527	2	1	1	0.9296	1	0.9296	0.9296	True	0.77	2.15
5	140711001	T	C	PCDHGA1	Silent	60	56	116	0.4827586206896552	2	1	1	1.2539	1	1.2539	1.0	True	0.77	2.15
5	140725634	C	T	PCDHGA3	Silent	82	39	121	0.32231404958677684	2	1	1	0.8372	1	0.8372	0.8372	False	0.77	2.15
5	140866005	A	G	PCDHGC4	Missense_Mutation	60	47	107	0.4392523364485981	2	1	1	1.1409	1	1.1409	1.0	True	0.77	2.15
5	140870733	G	A	PCDHGC5	Silent	83	54	137	0.39416058394160586	2	1	1	1.0238	1	1.0238	1.0	True	0.77	2.15
5	141019879	G	A	FCHSD1	3'UTR	107	95	202	0.47029702970297027	2	1	1	1.2216	1	1.2216	1.0	True	0.77	2.15
5	141024672	G	A	FCHSD1	Missense_Mutation	58	27	85	0.3176470588235294	2	1	1	0.8251	1	0.8251	0.8251	False	0.77	2.15
5	142593593	G	A	ARHGAP26	Missense_Mutation	57	37	94	0.39361702127659576	2	1	1	1.0224	1	1.0224	1.0	True	0.77	2.15
5	147024496	C	T	JAKMIP2	Missense_Mutation	650	20	670	0.029850746268656716	2	1	1	0.0775	1	0.0775	0.0775	False	0.77	2.15
5	148206709	G	A	ADRB2	Nonsense_Mutation	176	96	272	0.35294117647058826	2	1	1	0.9167	1	0.9167	0.9167	True	0.77	2.15
5	150278031	C	A	ZNF300	Missense_Mutation	142	80	222	0.36036036036036034	2	1	1	0.936	1	0.936	0.936	True	0.77	2.15
5	150672978	G	A	SLC36A3	Silent	275	11	286	0.038461538461538464	2	1	1	0.0999	1	0.0999	0.0999	False	0.77	2.15
5	150696581	C	T	SLC36A2	Missense_Mutation	109	74	183	0.40437158469945356	2	1	1	1.0503	1	1.0503	1.0	True	0.77	2.15
5	153078609	C	T	GRIA1	Silent	149	81	230	0.3521739130434783	2	1	1	0.9147	1	0.9147	0.9147	True	0.77	2.15
5	160047421	G	A	ATP10B	Silent	56	37	93	0.3978494623655914	2	1	1	1.0334	1	1.0334	1.0	True	0.77	2.15
5	160067537	G	A	ATP10B	Missense_Mutation	222	130	352	0.3693181818181818	2	1	1	0.9593	1	0.9593	0.9593	True	0.77	2.15
5	167622300	C	T	TENM2	Missense_Mutation	132	91	223	0.4080717488789238	2	1	1	1.0599	1	1.0599	1.0	True	0.77	2.15
5	172659767	G	A	NKX2-5	Silent	5	4	9	0.4444444444444444	2	1	1	1.1544	1	1.1544	1.0	True	0.77	2.15
5	175916028	G	T	FAF2	Missense_Mutation	294	165	459	0.35947712418300654	2	1	1	0.9337	1	0.9337	0.9337	True	0.77	2.15
5	176863419	G	A	GRK6	Missense_Mutation	21	15	36	0.4166666666666667	2	1	1	1.0823	1	1.0823	1.0	True	0.77	2.15
5	176868899	G	T	GRK6	3'UTR	24	13	37	0.35135135135135137	2	1	1	0.9126	1	0.9126	0.9126	True	0.77	2.15
5	176885521	A	G	DBN1	Silent	86	49	135	0.362962962962963	2	1	1	0.9428	1	0.9428	0.9428	True	0.77	2.15
5	176951489	T	C	FAM193B	Missense_Mutation	32	15	47	0.3191489361702128	2	1	1	0.829	1	0.829	0.829	False	0.77	2.15
5	177642316	C	A	PHYKPL	Missense_Mutation	21	16	37	0.43243243243243246	2	1	1	1.1232	1	1.1232	1.0	True	0.77	2.15
5	179271182	T	C	C5orf45	Silent	181	93	274	0.33941605839416056	2	1	1	0.8816	1	0.8816	0.8816	True	0.77	2.15
5	180475112	G	A	BTNL9	Missense_Mutation	68	35	103	0.33980582524271846	2	1	1	0.8826	1	0.8826	0.8826	True	0.77	2.15
6	2892088	G	A	SERPINB9	Silent	18	13	31	0.41935483870967744	2	1	1	1.0892	1	1.0892	1.0	True	0.77	2.15
6	10626934	T	C	GCNT2	3'UTR	28	21	49	0.42857142857142855	2	1	1	1.1132	1	1.1132	1.0	True	0.77	2.15
6	24580086	G	A	KIAA0319	Nonsense_Mutation	100	58	158	0.3670886075949367	2	1	1	0.9535	1	0.9535	0.9535	True	0.77	2.15
6	26443669	A	C	BTN3A3	Intron	119	80	199	0.4020100502512563	2	1	1	1.0442	1	1.0442	1.0	True	0.77	2.15
6	28293971	T	C	ZSCAN31	Missense_Mutation	231	157	388	0.40463917525773196	2	1	1	1.051	1	1.051	1.0	True	0.77	2.15
6	28358850	C	T	ZSCAN12	Missense_Mutation	91	69	160	0.43125	2	1	1	1.1201	1	1.1201	1.0	True	0.77	2.15
6	28876593	T	C	TRIM27	Missense_Mutation	184	124	308	0.4025974025974026	2	1	1	1.0457	1	1.0457	1.0	True	0.77	2.15
6	31477703	G	A	MICB	3'UTR	77	50	127	0.3937007874015748	2	1	1	1.0226	1	1.0226	1.0	True	0.77	2.15
6	31743928	C	T	VWA7	Missense_Mutation	57	49	106	0.46226415094339623	2	1	1	1.2007	1	1.2007	1.0	True	0.77	2.15
6	32030217	A	T	TNXB	Silent	10	4	14	0.2857142857142857	2	1	1	0.7421	1	0.7421	0.7421	False	0.77	2.15
6	33167141	A	G	RXRB	Silent	13	4	17	0.23529411764705882	2	1	1	0.6112	1	0.6112	0.6112	False	0.77	2.15
6	33283388	A	G	ZBTB22	Missense_Mutation	252	14	266	0.05263157894736842	2	1	1	0.1367	1	0.1367	0.1367	False	0.77	2.15
6	33636888	C	T	ITPR3	Missense_Mutation	68	4	72	0.05555555555555555	2	1	1	0.1443	1	0.1443	0.1443	False	0.77	2.15
6	37298829	A	G	TBC1D22B	Missense_Mutation	179	96	275	0.3490909090909091	2	1	1	0.9067	1	0.9067	0.9067	True	0.77	2.15
6	37606004	C	T	MDGA1	Missense_Mutation	281	11	292	0.03767123287671233	2	1	1	0.0978	1	0.0978	0.0978	False	0.77	2.15
6	37606043	G	A	MDGA1	Missense_Mutation	162	92	254	0.36220472440944884	2	1	1	0.9408	1	0.9408	0.9408	True	0.77	2.15
6	37626113	C	T	MDGA1	Missense_Mutation	41	20	61	0.32786885245901637	2	1	1	0.8516	1	0.8516	0.8516	True	0.77	2.15
6	39855321	G	A	DAAM2	Silent	133	73	206	0.35436893203883496	2	1	1	0.9204	1	0.9204	0.9204	True	0.77	2.15
6	41774522	A	G	USP49	Missense_Mutation	79	36	115	0.3130434782608696	2	1	1	0.8131	1	0.8131	0.8131	False	0.77	2.15
6	42237123	A	G	TRERF1	Missense_Mutation	228	9	237	0.0379746835443038	2	1	1	0.0986	1	0.0986	0.0986	False	0.77	2.15
6	42641867	T	C	UBR2	Missense_Mutation	301	169	470	0.3595744680851064	2	1	1	0.934	1	0.934	0.934	True	0.77	2.15
6	43250508	G	A	TTBK1	Missense_Mutation	41	29	70	0.4142857142857143	2	1	1	1.0761	1	1.0761	1.0	True	0.77	2.15
6	43268964	C	T	SLC22A7	Missense_Mutation	367	233	600	0.3883333333333333	2	1	1	1.0087	1	1.0087	1.0	True	0.77	2.15
6	43416708	G	A	ABCC10	Missense_Mutation	125	77	202	0.3811881188118812	2	1	1	0.9901	1	0.9901	0.9901	True	0.77	2.15
6	44121411	A	G	TMEM63B	Splice_Site	39	25	64	0.390625	2	1	1	1.0146	1	1.0146	1.0	True	0.77	2.15
6	46834803	G	A	GPR116	Silent	207	105	312	0.33653846153846156	2	1	1	0.8741	1	0.8741	0.8741	True	0.77	2.15
6	49806200	G	A	CRISP1	Missense_Mutation	239	134	373	0.35924932975871315	2	1	1	0.9331	1	0.9331	0.9331	True	0.77	2.15
6	51889528	C	T	PKHD1	Missense_Mutation	59	27	86	0.313953488372093	2	1	1	0.8155	1	0.8155	0.8155	False	0.77	2.15
6	53519520	A	G	KLHL31	Missense_Mutation	189	122	311	0.39228295819935693	2	1	1	1.0189	1	1.0189	1.0	True	0.77	2.15
6	56354315	T	C	DST	Silent	381	261	642	0.40654205607476634	2	1	1	1.056	1	1.056	1.0	True	0.77	2.15
6	57017090	T	C	ZNF451	Missense_Mutation	342	19	361	0.05263157894736842	2	1	1	0.1367	1	0.1367	0.1367	False	0.77	2.15
6	57037477	C	T	BAG2	5'UTR	26	19	45	0.4222222222222222	2	1	1	1.0967	1	1.0967	1.0	True	0.77	2.15
6	63990012	G	A	LGSN	Nonsense_Mutation	97	53	150	0.35333333333333333	2	1	1	0.9177	1	0.9177	0.9177	True	0.77	2.15
6	70984477	T	C	COL9A1	Splice_Site	166	98	264	0.3712121212121212	2	1	1	0.9642	1	0.9642	0.9642	True	0.77	2.15
6	71234312	T	A	FAM135A	Missense_Mutation	54	4	58	0.06896551724137931	2	1	1	0.1791	1	0.1791	0.1791	False	0.77	2.15
6	74104723	C	T	DDX43	Missense_Mutation	47	27	74	0.36486486486486486	2	1	1	0.9477	1	0.9477	0.9477	True	0.77	2.15
6	79698060	C	T	PHIP	Missense_Mutation	192	119	311	0.38263665594855306	2	1	1	0.9939	1	0.9939	0.9939	True	0.77	2.15
6	83076032	C	T	TPBG	3'UTR	14	5	19	0.2631578947368421	2	1	1	0.6835	1	0.6835	0.6835	False	0.77	2.15
6	99885238	T	C	USP45	Missense_Mutation	234	159	393	0.40458015267175573	2	1	1	1.0509	1	1.0509	1.0	True	0.77	2.15
6	100403852	T	C	MCHR2	Missense_Mutation	54	33	87	0.3793103448275862	2	1	1	0.9852	1	0.9852	0.9852	True	0.77	2.15
6	105771556	T	C	PREP	Missense_Mutation	265	100	365	0.273972602739726	2	1	1	0.7116	1	0.7116	0.7116	False	0.77	2.15
6	109282824	G	A	ARMC2	Silent	153	86	239	0.3598326359832636	2	1	1	0.9346	1	0.9346	0.9346	True	0.77	2.15
6	111498537	G	A	SLC16A10	Missense_Mutation	228	100	328	0.3048780487804878	2	1	1	0.7919	1	0.7919	0.7919	False	0.77	2.15
6	111696541	A	G	REV3L	Missense_Mutation	78	60	138	0.43478260869565216	2	1	1	1.1293	1	1.1293	1.0	True	0.77	2.15
6	116264331	G	A	FRK	Silent	151	79	230	0.34347826086956523	2	1	1	0.8922	1	0.8922	0.8922	True	0.77	2.15
6	116442918	C	A	COL10A1	Nonsense_Mutation	88	65	153	0.42483660130718953	2	1	1	1.1035	1	1.1035	1.0	True	0.77	2.15
6	116833357	C	T	FAM26E	Silent	65	34	99	0.3434343434343434	2	1	1	0.892	1	0.892	0.892	True	0.77	2.15
6	124979370	C	T	NKAIN2	Silent	264	14	278	0.050359712230215826	2	1	1	0.1308	1	0.1308	0.1308	False	0.77	2.15
6	126243864	C	A	NCOA7	Missense_Mutation	153	88	241	0.3651452282157676	2	1	1	0.9484	1	0.9484	0.9484	True	0.77	2.15
6	127608398	C	T	RNF146	Missense_Mutation	132	78	210	0.37142857142857144	2	1	1	0.9647	1	0.9647	0.9647	True	0.77	2.15
6	127608744	C	T	RNF146	Missense_Mutation	90	71	161	0.4409937888198758	2	1	1	1.1454	1	1.1454	1.0	True	0.77	2.15
6	132054739	G	A	ENPP3	Silent	130	88	218	0.4036697247706422	2	1	1	1.0485	1	1.0485	1.0	True	0.77	2.15
6	132945414	T	C	TAAR2	Translation_Start_Site	301	141	442	0.3190045248868778	2	1	1	0.8286	1	0.8286	0.8286	False	0.77	2.15
6	134301257	C	T	TBPL1	5'UTR	257	18	275	0.06545454545454546	2	1	1	0.17	1	0.17	0.17	False	0.77	2.15
6	138619770	T	A	KIAA1244	Missense_Mutation	152	85	237	0.35864978902953587	2	1	1	0.9316	1	0.9316	0.9316	True	0.77	2.15
6	142630780	A	G	GPR126	Silent	91	250	341	0.7331378299120235	2	1	1	1.9043	1	1.9043	1.0	True	0.77	2.15
6	151161115	G	A	PLEKHG1	Missense_Mutation	37	99	136	0.7279411764705882	2	1	1	1.8908	1	1.8908	1.0	True	0.77	2.15
6	157505482	A	T	ARID1B	Nonsense_Mutation	23	76	99	0.7676767676767676	2	1	1	1.994	1	1.994	1.0	True	0.77	2.15
6	163987751	A	G	QKI	Splice_Site	71	171	242	0.7066115702479339	2	1	1	1.8354	1	1.8354	1.0	True	0.77	2.15
6	168396595	T	C	KIF25	5'Flank	16	58	74	0.7837837837837838	2	1	1	2.0358	1	2.0358	1.0	True	0.77	2.15
7	1097299	C	T	GPR146	Silent	17	13	30	0.43333333333333335	2	1	1	1.1255	1	1.1255	1.0	True	0.77	2.15
7	1785499	C	A	ELFN1	Missense_Mutation	19	16	35	0.45714285714285713	2	1	1	1.1874	1	1.1874	1.0	True	0.77	2.15
7	2472871	G	A	CHST12	Silent	7	9	16	0.5625	2	1	1	1.461	1	1.461	1.0	True	0.77	2.15
7	6204474	G	A	CYTH3	3'UTR	70	32	102	0.3137254901960784	2	1	1	0.8149	1	0.8149	0.8149	False	0.77	2.15
7	11022504	T	C	PHF14	Silent	243	153	396	0.38636363636363635	2	1	1	1.0035	1	1.0035	1.0	True	0.77	2.15
7	11075296	T	C	PHF14	Silent	200	137	337	0.4065281899109792	2	1	1	1.0559	1	1.0559	1.0	True	0.77	2.15
7	11418873	T	C	THSD7A	Missense_Mutation	167	100	267	0.37453183520599254	2	1	1	0.9728	1	0.9728	0.9728	True	0.77	2.15
7	11501712	G	A	THSD7A	Silent	145	81	226	0.3584070796460177	2	1	1	0.9309	1	0.9309	0.9309	True	0.77	2.15
7	15652091	G	A	MEOX2	Missense_Mutation	193	139	332	0.4186746987951807	2	1	1	1.0875	1	1.0875	1.0	True	0.77	2.15
7	19812245	G	A	TMEM196	Silent	27	27	54	0.5	2	1	1	1.2987	1	1.2987	1.0	True	0.77	2.15
7	21840868	C	T	DNAH11	Silent	165	84	249	0.3373493975903614	2	1	1	0.8762	1	0.8762	0.8762	True	0.77	2.15
7	23213695	A	G	KLHL7	Silent	577	46	623	0.0738362760834671	2	1	1	0.1918	1	0.1918	0.1918	False	0.77	2.15
7	30092435	T	C	PLEKHA8	Missense_Mutation	79	51	130	0.3923076923076923	2	1	1	1.019	1	1.019	1.0	True	0.77	2.15
7	34977706	T	C	DPY19L1	Missense_Mutation	191	107	298	0.35906040268456374	2	1	1	0.9326	1	0.9326	0.9326	True	0.77	2.15
7	40117689	T	C	CDK13	Missense_Mutation	297	160	457	0.350109409190372	2	1	1	0.9094	1	0.9094	0.9094	True	0.77	2.15
7	44619119	G	A	TMED4	Missense_Mutation	72	44	116	0.3793103448275862	2	1	1	0.9852	1	0.9852	0.9852	True	0.77	2.15
7	47408858	A	G	TNS3	Missense_Mutation	161	10	171	0.05847953216374269	2	1	1	0.1519	1	0.1519	0.1519	False	0.77	2.15
7	47409181	G	A	TNS3	Silent	94	5	99	0.050505050505050504	2	1	1	0.1312	1	0.1312	0.1312	False	0.77	2.15
7	48016405	C	T	HUS1	Silent	159	97	256	0.37890625	2	1	1	0.9842	1	0.9842	0.9842	True	0.77	2.15
7	48142985	G	A	UPP1	Missense_Mutation	214	119	333	0.35735735735735735	2	1	1	0.9282	1	0.9282	0.9282	True	0.77	2.15
7	48313381	G	A	ABCA13	Missense_Mutation	58	43	101	0.42574257425742573	2	1	1	1.1058	1	1.1058	1.0	True	0.77	2.15
7	48626866	A	G	ABCA13	Silent	50	38	88	0.4318181818181818	2	1	1	1.1216	1	1.1216	1.0	True	0.77	2.15
7	70886069	G	A	WBSCR17	Missense_Mutation	65	48	113	0.4247787610619469	2	1	1	1.1033	1	1.1033	1.0	True	0.77	2.15
7	72419418	G	A	POM121	3'UTR	72	7	79	0.08860759493670886	2	1	1	0.2301	1	0.2301	0.2301	False	0.77	2.15
7	73245959	T	C	CLDN4	Missense_Mutation	98	44	142	0.30985915492957744	2	1	1	0.8048	1	0.8048	0.8048	False	0.77	2.15
7	74212596	G	A	GTF2IRD2	Missense_Mutation	185	66	251	0.26294820717131473	2	1	1	0.683	1	0.683	0.683	False	0.77	2.15
7	76144472	C	T	UPK3B	Silent	16	8	24	0.3333333333333333	2	1	1	0.8658	1	0.8658	0.8658	True	0.77	2.15
7	82997142	A	G	SEMA3E	Silent	162	116	278	0.4172661870503597	2	1	1	1.0838	1	1.0838	1.0	True	0.77	2.15
7	86415801	G	A	GRM3	Silent	26	18	44	0.4090909090909091	2	1	1	1.0626	1	1.0626	1.0	True	0.77	2.15
7	87051504	T	C	ABCB4	Missense_Mutation	70	36	106	0.33962264150943394	2	1	1	0.8821	1	0.8821	0.8821	True	0.77	2.15
7	87092221	G	A	ABCB4	Nonsense_Mutation	78	46	124	0.3709677419354839	2	1	1	0.9636	1	0.9636	0.9636	True	0.77	2.15
7	89929202	A	G	C7orf63	Missense_Mutation	71	62	133	0.46616541353383456	2	1	1	1.2108	1	1.2108	1.0	True	0.77	2.15
7	90585032	G	A	CDK14	Missense_Mutation	264	8	272	0.029411764705882353	2	1	1	0.0764	1	0.0764	0.0764	False	0.77	2.15
7	92129118	T	C	PEX1	Missense_Mutation	165	92	257	0.35797665369649806	2	1	1	0.9298	1	0.9298	0.9298	True	0.77	2.15
7	92844822	T	C	HEPACAM2	Missense_Mutation	474	29	503	0.05765407554671968	2	1	1	0.1498	1	0.1498	0.1498	False	0.77	2.15
7	95657552	G	A	DYNC1I1	Silent	154	85	239	0.35564853556485354	2	1	1	0.9238	1	0.9238	0.9238	True	0.77	2.15
7	97851805	T	C	TECPR1	Missense_Mutation	19	12	31	0.3870967741935484	2	1	1	1.0054	1	1.0054	1.0	True	0.77	2.15
7	99091111	C	G	ZNF394	3'UTR	48	39	87	0.4482758620689655	2	1	1	1.1644	1	1.1644	1.0	True	0.77	2.15
7	99097511	T	G	ZNF394	Missense_Mutation	36	21	57	0.3684210526315789	2	1	1	0.9569	1	0.9569	0.9569	True	0.77	2.15
7	99912208	A	C	SPDYE3	Silent	58	116	174	0.6666666666666666	2	1	1	1.7316	1	1.7316	1.0	True	0.77	2.15
7	100345766	G	A	ZAN	Missense_Mutation	115	77	192	0.4010416666666667	2	1	1	1.0417	1	1.0417	1.0	True	0.77	2.15
7	104730706	G	A	KMT2E	Missense_Mutation	80	53	133	0.39849624060150374	2	1	1	1.0351	1	1.0351	1.0	True	0.77	2.15
7	104801039	A	G	SRPK2	Missense_Mutation	240	104	344	0.3023255813953488	2	1	1	0.7853	1	0.7853	0.7853	False	0.77	2.15
7	105279982	T	C	ATXN7L1	Silent	303	15	318	0.04716981132075472	2	1	1	0.1225	1	0.1225	0.1225	False	0.77	2.15
7	106509620	G	A	PIK3CG	Silent	164	102	266	0.38345864661654133	2	1	1	0.996	1	0.996	0.996	True	0.77	2.15
7	106840642	A	G	HBP1	Missense_Mutation	325	146	471	0.3099787685774947	2	1	1	0.8051	1	0.8051	0.8051	False	0.77	2.15
7	107353039	C	T	SLC26A4	Missense_Mutation	257	145	402	0.36069651741293535	2	1	1	0.9369	1	0.9369	0.9369	True	0.77	2.15
7	111423966	G	A	DOCK4	Silent	165	86	251	0.3426294820717131	2	1	1	0.8899	1	0.8899	0.8899	True	0.77	2.15
7	112097035	A	G	IFRD1	Silent	186	117	303	0.38613861386138615	2	1	1	1.003	1	1.003	1.0	True	0.77	2.15
7	116166683	C	T	CAV1	Silent	136	77	213	0.3615023474178404	2	1	1	0.939	1	0.939	0.939	True	0.77	2.15
7	116776248	A	G	ST7	Missense_Mutation	132	79	211	0.3744075829383886	2	1	1	0.9725	1	0.9725	0.9725	True	0.77	2.15
7	117243699	A	G	CFTR	Missense_Mutation	315	172	487	0.3531827515400411	2	1	1	0.9174	1	0.9174	0.9174	True	0.77	2.15
7	120608111	T	C	ING3	Missense_Mutation	185	7	192	0.036458333333333336	2	1	1	0.0947	1	0.0947	0.0947	False	0.77	2.15
7	126409995	G	A	GRM8	Silent	156	100	256	0.390625	2	1	1	1.0146	1	1.0146	1.0	True	0.77	2.15
7	127670590	A	G	LRRC4	Missense_Mutation	74	35	109	0.3211009174311927	2	1	1	0.834	1	0.834	0.834	False	0.77	2.15
7	128315858	G	A	FAM71F2	Missense_Mutation	65	29	94	0.30851063829787234	2	1	1	0.8013	1	0.8013	0.8013	False	0.77	2.15
7	128414670	G	T	OPN1SW	Missense_Mutation	181	79	260	0.3038461538461538	2	1	1	0.7892	1	0.7892	0.7892	False	0.77	2.15
7	128483328	G	A	FLNC	Missense_Mutation	85	55	140	0.39285714285714285	2	1	1	1.0204	1	1.0204	1.0	True	0.77	2.15
7	128645119	C	T	TNPO3	Missense_Mutation	158	76	234	0.3247863247863248	2	1	1	0.8436	1	0.8436	0.8436	False	0.77	2.15
7	134719638	A	G	AGBL3	Silent	197	22	219	0.1004566210045662	2	1	1	0.2609	1	0.2609	0.2609	False	0.77	2.15
7	134851534	G	A	C7orf49	Silent	69	57	126	0.4523809523809524	2	1	1	1.175	1	1.175	1.0	True	0.77	2.15
7	135098351	A	G	CNOT4	Silent	332	14	346	0.04046242774566474	2	1	1	0.1051	1	0.1051	0.1051	False	0.77	2.15
7	137761198	C	A	AKR1D1	5'Flank	86	45	131	0.3435114503816794	2	1	1	0.8922	1	0.8922	0.8922	True	0.77	2.15
7	138764573	T	G	ZC3HAV1	Silent	127	80	207	0.3864734299516908	2	1	1	1.0038	1	1.0038	1.0	True	0.77	2.15
7	141629801	C	T	CLEC5A	3'UTR	76	20	96	0.20833333333333334	2	1	1	0.5411	1	0.5411	0.5411	False	0.77	2.15
7	141736699	C	T	MGAM	Missense_Mutation	292	10	302	0.033112582781456956	2	1	1	0.086	1	0.086	0.086	False	0.77	2.15
7	143657730	T	C	OR2F1	Missense_Mutation	505	251	756	0.33201058201058203	2	1	1	0.8624	1	0.8624	0.8624	True	0.77	2.15
7	148767971	G	A	ZNF786	Silent	44	27	71	0.38028169014084506	2	1	1	0.9877	1	0.9877	0.9877	True	0.77	2.15
7	150069011	C	T	REPIN1	Silent	5	4	9	0.4444444444444444	2	1	1	1.1544	1	1.1544	1.0	True	0.77	2.15
7	150704222	A	G	NOS3	Missense_Mutation	46	31	77	0.4025974025974026	2	1	1	1.0457	1	1.0457	1.0	True	0.77	2.15
7	150772561	G	A	SLC4A2	Silent	129	93	222	0.4189189189189189	2	1	1	1.0881	1	1.0881	1.0	True	0.77	2.15
7	150774223	A	G	FASTK	Silent	86	38	124	0.3064516129032258	2	1	1	0.796	1	0.796	0.796	False	0.77	2.15
7	151962198	C	T	KMT2C	Missense_Mutation	939	54	993	0.054380664652567974	2	1	1	0.1412	1	0.1412	0.1412	False	0.77	2.15
7	155094121	T	A	INSIG1	Missense_Mutation	317	9	326	0.027607361963190184	2	1	1	0.0717	1	0.0717	0.0717	False	0.77	2.15
7	156799232	A	G	MNX1	Missense_Mutation	22	23	45	0.5111111111111111	2	1	1	1.3276	1	1.3276	1.0	True	0.77	2.15
7	157046647	G	T	UBE3C	Splice_Site	44	30	74	0.40540540540540543	2	1	1	1.053	1	1.053	1.0	True	0.77	2.15
8	10388838	C	T	PRSS55	Silent	49	31	80	0.3875	2	1	1	1.0065	1	1.0065	1.0	True	0.77	2.15
8	10465065	C	A	RP1L1	Missense_Mutation	340	204	544	0.375	2	1	1	0.974	1	0.974	0.974	True	0.77	2.15
8	10555231	T	C	C8orf74	Missense_Mutation	139	78	217	0.35944700460829493	2	1	1	0.9336	1	0.9336	0.9336	True	0.77	2.15
8	22137059	C	T	PIWIL2	Missense_Mutation	137	56	193	0.29015544041450775	2	1	1	0.7537	1	0.7537	0.7537	False	0.77	2.15
8	22675167	G	A	PEBP4	Silent	146	93	239	0.3891213389121339	2	1	1	1.0107	1	1.0107	1.0	True	0.77	2.15
8	23708938	T	C	STC1	Missense_Mutation	232	118	350	0.33714285714285713	2	1	1	0.8757	1	0.8757	0.8757	True	0.77	2.15
8	24262916	T	G	ADAMDEC1	3'UTR	75	41	116	0.35344827586206895	2	1	1	0.918	1	0.918	0.918	True	0.77	2.15
8	26365050	G	A	PNMA2	3'UTR	8	6	14	0.42857142857142855	2	1	1	1.1132	1	1.1132	1.0	True	0.77	2.15
8	27296898	G	T	PTK2B	Missense_Mutation	78	60	138	0.43478260869565216	2	1	1	1.1293	1	1.1293	1.0	True	0.77	2.15
8	27767201	G	T	SCARA5	Missense_Mutation	112	67	179	0.3743016759776536	2	1	1	0.9722	1	0.9722	0.9722	True	0.77	2.15
8	28218426	C	T	ZNF395	Silent	19	12	31	0.3870967741935484	2	1	1	1.0054	1	1.0054	1.0	True	0.77	2.15
8	30977830	T	C	WRN	Silent	186	75	261	0.28735632183908044	2	1	1	0.7464	1	0.7464	0.7464	False	0.77	2.15
8	37555555	C	A	ZNF703	Missense_Mutation	17	4	21	0.19047619047619047	2	1	1	0.4947	1	0.4947	0.4947	False	0.77	2.15
8	37555557	T	A	ZNF703	Missense_Mutation	16	4	20	0.2	2	1	1	0.5195	1	0.5195	0.5195	False	0.77	2.15
8	37611457	C	T	ERLIN2	Nonsense_Mutation	89	68	157	0.43312101910828027	2	1	1	1.125	1	1.125	1.0	True	0.77	2.15
8	37735176	A	G	RAB11FIP1	Intron	31	12	43	0.27906976744186046	2	1	1	0.7249	1	0.7249	0.7249	False	0.77	2.15
8	37823790	C	T	ADRB3	Silent	16	9	25	0.36	2	1	1	0.9351	1	0.9351	0.9351	True	0.77	2.15
8	38034577	G	A	BAG4	Missense_Mutation	9	4	13	0.3076923076923077	2	1	1	0.7992	1	0.7992	0.7992	False	0.77	2.15
8	38133120	C	T	WHSC1L1	3'UTR	185	90	275	0.32727272727272727	2	1	1	0.8501	1	0.8501	0.8501	True	0.77	2.15
8	42294888	C	T	SLC20A2	Missense_Mutation	56	38	94	0.40425531914893614	2	1	1	1.05	1	1.05	1.0	True	0.77	2.15
8	48353052	G	A	SPIDR	Missense_Mutation	53	35	88	0.3977272727272727	2	1	1	1.0331	1	1.0331	1.0	True	0.77	2.15
8	59058872	G	A	FAM110B	Missense_Mutation	22	3	25	0.12	2	1	1	0.3117	1	0.3117	0.3117	False	0.77	2.15
8	67476876	T	C	MYBL1	3'UTR	235	15	250	0.06	2	1	1	0.1558	1	0.1558	0.1558	False	0.77	2.15
8	68137173	A	G	ARFGEF1	Silent	148	91	239	0.3807531380753138	2	1	1	0.989	1	0.989	0.989	True	0.77	2.15
8	75233198	T	C	JPH1	Missense_Mutation	44	5	49	0.10204081632653061	2	1	1	0.265	1	0.265	0.265	False	0.77	2.15
8	88885903	G	A	DCAF4L2	Silent	213	99	312	0.3173076923076923	2	1	1	0.8242	1	0.8242	0.8242	False	0.77	2.15
8	92972427	C	T	RUNX1T1	3'UTR	61	47	108	0.4351851851851852	2	1	1	1.1304	1	1.1304	1.0	True	0.77	2.15
8	94740529	A	G	FAM92A1	3'UTR	138	74	212	0.3490566037735849	2	1	1	0.9066	1	0.9066	0.9066	True	0.77	2.15
8	101016189	T	C	RGS22	Silent	328	13	341	0.03812316715542522	2	1	1	0.099	1	0.099	0.099	False	0.77	2.15
8	106431430	C	T	ZFPM2	Silent	209	13	222	0.05855855855855856	2	1	1	0.1521	1	0.1521	0.1521	False	0.77	2.15
8	107782441	C	T	ABRA	5'UTR	16	7	23	0.30434782608695654	2	1	1	0.7905	1	0.7905	0.7905	False	0.77	2.15
8	110342077	A	G	NUDCD1	Intron	184	80	264	0.30303030303030304	2	1	1	0.7871	1	0.7871	0.7871	False	0.77	2.15
8	110980363	T	C	KCNV1	Missense_Mutation	182	103	285	0.36140350877192984	2	1	1	0.9387	1	0.9387	0.9387	True	0.77	2.15
8	124710747	G	A	ANXA13	Missense_Mutation	81	47	128	0.3671875	2	1	1	0.9537	1	0.9537	0.9537	True	0.77	2.15
8	125029876	T	C	FER1L6	Missense_Mutation	105	62	167	0.3712574850299401	2	1	1	0.9643	1	0.9643	0.9643	True	0.77	2.15
8	139838991	G	A	COL22A1	Silent	78	26	104	0.25	2	1	1	0.6494	1	0.6494	0.6494	False	0.77	2.15
8	142229023	G	A	SLC45A4	Missense_Mutation	55	19	74	0.25675675675675674	2	1	1	0.6669	1	0.6669	0.6669	False	0.77	2.15
8	144461121	C	A	RHPN1	Silent	29	14	43	0.32558139534883723	2	1	1	0.8457	1	0.8457	0.8457	False	0.77	2.15
8	144885935	C	T	SCRIB	Missense_Mutation	9	5	14	0.35714285714285715	2	1	1	0.9276	1	0.9276	0.9276	True	0.77	2.15
8	144993423	C	T	PLEC	Silent	55	36	91	0.3956043956043956	2	1	1	1.0275	1	1.0275	1.0	True	0.77	2.15
8	145009185	C	A	PLEC	Missense_Mutation	38	26	64	0.40625	2	1	1	1.0552	1	1.0552	1.0	True	0.77	2.15
8	145024703	G	A	PLEC	Missense_Mutation	51	31	82	0.3780487804878049	2	1	1	0.9819	1	0.9819	0.9819	True	0.77	2.15
8	145580146	G	A	FBXL6	Nonsense_Mutation	18	17	35	0.4857142857142857	2	1	1	1.2616	1	1.2616	1.0	True	0.77	2.15
8	145657806	G	A	TONSL	Silent	42	15	57	0.2631578947368421	2	1	1	0.6835	1	0.6835	0.6835	False	0.77	2.15
8	145999360	T	C	ZNF34	Missense_Mutation	83	39	122	0.319672131147541	2	1	1	0.8303	1	0.8303	0.8303	False	0.77	2.15
8	146156722	G	A	ZNF16	Missense_Mutation	91	48	139	0.34532374100719426	2	1	1	0.8969	1	0.8969	0.8969	True	0.77	2.15
9	6558604	C	A	GLDC	Missense_Mutation	163	84	247	0.340080971659919	2	1	1	0.8833	1	0.8833	0.8833	True	0.77	2.15
9	8507409	T	C	PTPRD	Silent	317	188	505	0.3722772277227723	2	1	1	0.967	1	0.967	0.967	True	0.77	2.15
9	14784458	G	A	FREM1	Missense_Mutation	182	124	306	0.40522875816993464	2	1	1	1.0525	1	1.0525	1.0	True	0.77	2.15
9	18905886	C	T	ADAMTSL1	Missense_Mutation	195	14	209	0.06698564593301436	2	1	1	0.174	1	0.174	0.174	False	0.77	2.15
9	20789382	T	C	FOCAD	Silent	296	163	459	0.355119825708061	2	1	1	0.9224	1	0.9224	0.9224	True	0.77	2.15
9	20982378	T	A	FOCAD	Missense_Mutation	195	109	304	0.35855263157894735	2	1	1	0.9313	1	0.9313	0.9313	True	0.77	2.15
9	27018673	G	A	IFT74	Missense_Mutation	166	7	173	0.04046242774566474	2	1	1	0.1051	1	0.1051	0.1051	False	0.77	2.15
9	32633699	C	T	TAF1L	Missense_Mutation	226	142	368	0.3858695652173913	2	1	1	1.0023	1	1.0023	1.0	True	0.77	2.15
9	33364762	C	T	NFX1	Missense_Mutation	251	12	263	0.045627376425855515	2	1	1	0.1185	1	0.1185	0.1185	False	0.77	2.15
9	33797968	C	A	PRSS3	Silent	350	180	530	0.33962264150943394	2	1	1	0.8821	1	0.8821	0.8821	True	0.77	2.15
9	34728071	G	A	FAM205A	Missense_Mutation	150	84	234	0.358974358974359	2	1	1	0.9324	1	0.9324	0.9324	True	0.77	2.15
9	35043030	C	T	C9orf131	Missense_Mutation	130	67	197	0.3401015228426396	2	1	1	0.8834	1	0.8834	0.8834	True	0.77	2.15
9	35739062	T	C	GBA2	Missense_Mutation	228	15	243	0.06172839506172839	2	1	1	0.1603	1	0.1603	0.1603	False	0.77	2.15
9	36353283	G	A	RNF38	Missense_Mutation	238	145	383	0.3785900783289817	2	1	1	0.9834	1	0.9834	0.9834	True	0.77	2.15
9	70871838	T	C	CBWD3	Silent	368	79	447	0.1767337807606264	2	1	1	0.459	1	0.459	0.459	False	0.77	2.15
9	72459539	C	A	C9orf135	Missense_Mutation	74	49	123	0.3983739837398374	2	1	1	1.0347	1	1.0347	1.0	True	0.77	2.15
9	79321057	G	A	PRUNE2	Nonsense_Mutation	101	72	173	0.4161849710982659	2	1	1	1.081	1	1.081	1.0	True	0.77	2.15
9	80858512	T	C	CEP78	Silent	306	156	462	0.33766233766233766	2	1	1	0.877	1	0.877	0.877	True	0.77	2.15
9	91963111	G	A	SECISBP2	Missense_Mutation	164	10	174	0.05747126436781609	2	1	1	0.1493	1	0.1493	0.1493	False	0.77	2.15
9	91979058	G	A	SECISBP2	3'Flank	8	4	12	0.3333333333333333	2	1	1	0.8658	1	0.8658	0.8658	True	0.77	2.15
9	92002462	G	A	SEMA4D	Missense_Mutation	227	151	378	0.3994708994708995	2	1	1	1.0376	1	1.0376	1.0	True	0.77	2.15
9	92220171	G	T	GADD45G	Intron	23	17	40	0.425	2	1	1	1.1039	1	1.1039	1.0	True	0.77	2.15
9	92220726	G	A	GADD45G	Silent	29	22	51	0.43137254901960786	2	1	1	1.1204	1	1.1204	1.0	True	0.77	2.15
9	94843197	G	A	SPTLC1	Silent	268	128	396	0.32323232323232326	2	1	1	0.8396	1	0.8396	0.8396	False	0.77	2.15
9	95888858	G	A	NINJ1	Silent	52	24	76	0.3157894736842105	2	1	1	0.8202	1	0.8202	0.8202	False	0.77	2.15
9	96294530	T	C	FAM120A	Missense_Mutation	138	70	208	0.33653846153846156	2	1	1	0.8741	1	0.8741	0.8741	True	0.77	2.15
9	100328235	T	C	TMOD1	Missense_Mutation	546	25	571	0.043782837127845885	2	1	1	0.1137	1	0.1137	0.1137	False	0.77	2.15
9	104124794	G	A	BAAT	Silent	335	24	359	0.06685236768802229	2	1	1	0.1736	1	0.1736	0.1736	False	0.77	2.15
9	104375759	C	T	GRIN3A	Missense_Mutation	303	200	503	0.3976143141153082	2	1	1	1.0328	1	1.0328	1.0	True	0.77	2.15
9	108061534	C	T	SLC44A1	Missense_Mutation	119	54	173	0.31213872832369943	2	1	1	0.8107	1	0.8107	0.8107	False	0.77	2.15
9	116083833	C	G	WDR31	Missense_Mutation	264	183	447	0.40939597315436244	2	1	1	1.0634	1	1.0634	1.0	True	0.77	2.15
9	119737556	T	C	ASTN2	Missense_Mutation	70	31	101	0.3069306930693069	2	1	1	0.7972	1	0.7972	0.7972	False	0.77	2.15
9	123930433	A	G	CNTRL	Silent	109	61	170	0.3588235294117647	2	1	1	0.932	1	0.932	0.932	True	0.77	2.15
9	124530894	C	G	DAB2IP	Silent	33	17	50	0.34	2	1	1	0.8831	1	0.8831	0.8831	True	0.77	2.15
9	124584995	C	T	TTLL11	Silent	18	10	28	0.35714285714285715	2	1	1	0.9276	1	0.9276	0.9276	True	0.77	2.15
9	130440790	G	A	STXBP1	Silent	68	35	103	0.33980582524271846	2	1	1	0.8826	1	0.8826	0.8826	True	0.77	2.15
9	131454972	G	A	SET	Silent	400	15	415	0.03614457831325301	2	1	1	0.0939	1	0.0939	0.0939	False	0.77	2.15
9	131752485	C	T	NUP188	Silent	230	92	322	0.2857142857142857	2	1	1	0.7421	1	0.7421	0.7421	False	0.77	2.15
9	132637681	G	A	USP20	Missense_Mutation	45	21	66	0.3181818181818182	2	1	1	0.8264	1	0.8264	0.8264	False	0.77	2.15
9	132889808	A	G	GPR107	Missense_Mutation	354	9	363	0.024793388429752067	2	1	1	0.0644	1	0.0644	0.0644	False	0.77	2.15
9	133799261	C	T	FIBCD1	Missense_Mutation	23	11	34	0.3235294117647059	2	1	1	0.8403	1	0.8403	0.8403	False	0.77	2.15
9	134183534	G	T	PPAPDC3	Missense_Mutation	43	51	94	0.5425531914893617	2	1	1	1.4092	1	1.4092	1.0	True	0.77	2.15
9	135937369	A	G	CEL	5'UTR	38	16	54	0.2962962962962963	2	1	1	0.7696	1	0.7696	0.7696	False	0.77	2.15
9	137702110	G	A	COL5A1	Missense_Mutation	128	91	219	0.4155251141552511	2	1	1	1.0793	1	1.0793	1.0	True	0.77	2.15
9	138395417	G	A	MRPS2	Missense_Mutation	44	36	80	0.45	2	1	1	1.1688	1	1.1688	1.0	True	0.77	2.15
9	138649006	A	T	KCNT1	Missense_Mutation	33	26	59	0.4406779661016949	2	1	1	1.1446	1	1.1446	1.0	True	0.77	2.15
9	138719421	A	G	CAMSAP1	Missense_Mutation	98	58	156	0.3717948717948718	2	1	1	0.9657	1	0.9657	0.9657	True	0.77	2.15
9	139275774	C	A	SNAPC4	Missense_Mutation	21	10	31	0.3225806451612903	2	1	1	0.8379	1	0.8379	0.8379	False	0.77	2.15
9	139277851	C	T	SNAPC4	Nonsense_Mutation	2	12	14	0.8571428571428571	2	1	1	2.2263	1	2.2263	1.0	True	0.77	2.15
9	139393655	C	T	NOTCH1	Silent	58	37	95	0.3894736842105263	2	1	1	1.0116	1	1.0116	1.0	True	0.77	2.15
9	139617773	C	T	FAM69B	Silent	33	23	56	0.4107142857142857	2	1	1	1.0668	1	1.0668	1.0	True	0.77	2.15
9	139642980	C	A	LCN6	5'UTR	38	29	67	0.43283582089552236	2	1	1	1.1242	1	1.1242	1.0	True	0.77	2.15
9	139720235	G	A	RABL6	Silent	355	239	594	0.40235690235690236	2	1	1	1.0451	1	1.0451	1.0	True	0.77	2.15
9	139874487	G	A	PTGDS	Missense_Mutation	17	15	32	0.46875	2	1	1	1.2175	1	1.2175	1.0	True	0.77	2.15
9	140638409	T	C	EHMT1	Missense_Mutation	72	30	102	0.29411764705882354	2	1	1	0.7639	1	0.7639	0.7639	False	0.77	2.15
9	140919538	T	C	CACNA1B	Missense_Mutation	64	51	115	0.4434782608695652	2	1	1	1.1519	1	1.1519	1.0	True	0.77	2.15
10	3174632	A	G	PFKP	Missense_Mutation	110	53	163	0.32515337423312884	2	1	1	0.8446	1	0.8446	0.8446	False	0.77	2.15
10	5009171	C	T	AKR1C1	Missense_Mutation	253	130	383	0.3394255874673629	2	1	1	0.8816	1	0.8816	0.8816	True	0.77	2.15
10	5009412	C	T	AKR1C1	Intron	19	15	34	0.4411764705882353	2	1	1	1.1459	1	1.1459	1.0	True	0.77	2.15
10	5798656	A	G	FAM208B	Silent	154	72	226	0.3185840707964602	2	1	1	0.8275	1	0.8275	0.8275	False	0.77	2.15
10	12209886	G	A	NUDT5	Intron	48	43	91	0.4725274725274725	2	1	1	1.2273	1	1.2273	1.0	True	0.77	2.15
10	16981063	A	G	CUBN	Missense_Mutation	284	211	495	0.4262626262626263	2	1	1	1.1072	1	1.1072	1.0	True	0.77	2.15
10	17949621	C	T	MRC1L1	Missense_Mutation	625	23	648	0.035493827160493825	2	1	1	0.0922	1	0.0922	0.0922	False	0.77	2.15
10	21804099	T	C	SKIDA1	Missense_Mutation	114	72	186	0.3870967741935484	2	1	1	1.0054	1	1.0054	1.0	True	0.77	2.15
10	30317579	G	A	KIAA1462	Silent	25	13	38	0.34210526315789475	2	1	1	0.8886	1	0.8886	0.8886	True	0.77	2.15
10	30625856	G	A	MTPAP	Missense_Mutation	357	10	367	0.027247956403269755	2	1	1	0.0708	1	0.0708	0.0708	False	0.77	2.15
10	31139241	C	A	ZNF438	Missense_Mutation	253	113	366	0.3087431693989071	2	1	1	0.8019	1	0.8019	0.8019	False	0.77	2.15
10	31815987	A	G	ZEB1	Missense_Mutation	437	252	689	0.36574746008708275	2	1	1	0.95	1	0.95	0.95	True	0.77	2.15
10	32580139	T	A	EPC1	Missense_Mutation	269	167	436	0.3830275229357798	2	1	1	0.9949	1	0.9949	0.9949	True	0.77	2.15
10	32581465	T	C	EPC1	Silent	242	112	354	0.3163841807909605	2	1	1	0.8218	1	0.8218	0.8218	False	0.77	2.15
10	42965606	G	A	CCNYL2	RNA	67	34	101	0.33663366336633666	2	1	1	0.8744	1	0.8744	0.8744	True	0.77	2.15
10	51465003	T	C	AGAP7	Missense_Mutation	455	85	540	0.1574074074074074	2	1	1	0.4089	1	0.4089	0.4089	False	0.77	2.15
10	51890690	A	G	FAM21A	Silent	229	110	339	0.32448377581120946	2	1	1	0.8428	1	0.8428	0.8428	False	0.77	2.15
10	54040671	A	G	PRKG1	Missense_Mutation	123	79	202	0.3910891089108911	2	1	1	1.0158	1	1.0158	1.0	True	0.77	2.15
10	61028377	A	G	FAM13C	Missense_Mutation	144	95	239	0.39748953974895396	2	1	1	1.0324	1	1.0324	1.0	True	0.77	2.15
10	62038606	C	T	ANK3	Missense_Mutation	259	147	406	0.3620689655172414	2	1	1	0.9404	1	0.9404	0.9404	True	0.77	2.15
10	64136598	C	T	ZNF365	Missense_Mutation	56	35	91	0.38461538461538464	2	1	1	0.999	1	0.999	0.999	True	0.77	2.15
10	71677050	A	G	COL13A1	Silent	54	43	97	0.44329896907216493	2	1	1	1.1514	1	1.1514	1.0	True	0.77	2.15
10	73827373	C	T	SPOCK2	Missense_Mutation	51	35	86	0.4069767441860465	2	1	1	1.0571	1	1.0571	1.0	True	0.77	2.15
10	74886455	G	A	NUDT13	Missense_Mutation	210	87	297	0.29292929292929293	2	1	1	0.7609	1	0.7609	0.7609	False	0.77	2.15
10	75525311	C	A	SEC24C	Missense_Mutation	708	37	745	0.049664429530201344	2	1	1	0.129	1	0.129	0.129	False	0.77	2.15
10	76803770	G	A	DUPD1	Missense_Mutation	45	4	49	0.08163265306122448	2	1	1	0.212	1	0.212	0.212	False	0.77	2.15
10	78708960	A	G	KCNMA1	Silent	74	47	121	0.3884297520661157	2	1	1	1.0089	1	1.0089	1.0	True	0.77	2.15
10	79554687	C	T	DLG5	Silent	347	244	591	0.4128595600676819	2	1	1	1.0724	1	1.0724	1.0	True	0.77	2.15
10	85933676	A	T	C10orf99	Missense_Mutation	302	145	447	0.3243847874720358	2	1	1	0.8426	1	0.8426	0.8426	False	0.77	2.15
10	87362186	C	T	GRID1	Silent	88	46	134	0.34328358208955223	2	1	1	0.8916	1	0.8916	0.8916	True	0.77	2.15
10	90366448	C	T	LIPJ	Silent	119	66	185	0.3567567567567568	2	1	1	0.9266	1	0.9266	0.9266	True	0.77	2.15
10	91162830	T	G	IFIT1	Silent	36	24	60	0.4	2	1	1	1.039	1	1.039	1.0	True	0.77	2.15
10	93605590	G	A	TNKS2	Missense_Mutation	147	66	213	0.30985915492957744	2	1	1	0.8048	1	0.8048	0.8048	False	0.77	2.15
10	93787059	T	C	BTAF1	Splice_Site	206	160	366	0.4371584699453552	2	1	1	1.1355	1	1.1355	1.0	True	0.77	2.15
10	95347289	T	C	FFAR4	Missense_Mutation	142	88	230	0.3826086956521739	2	1	1	0.9938	1	0.9938	0.9938	True	0.77	2.15
10	99211925	C	T	ZDHHC16	Nonsense_Mutation	298	20	318	0.06289308176100629	2	1	1	0.1634	1	0.1634	0.1634	False	0.77	2.15
10	99343450	C	T	ANKRD2	Nonsense_Mutation	18	10	28	0.35714285714285715	2	1	1	0.9276	1	0.9276	0.9276	True	0.77	2.15
10	99426328	G	A	PI4K2A	Silent	63	50	113	0.4424778761061947	2	1	1	1.1493	1	1.1493	1.0	True	0.77	2.15
10	102740653	C	T	SEMA4G	Silent	48	29	77	0.37662337662337664	2	1	1	0.9782	1	0.9782	0.9782	True	0.77	2.15
10	103530145	G	A	FGF8	Missense_Mutation	32	15	47	0.3191489361702128	2	1	1	0.829	1	0.829	0.829	False	0.77	2.15
10	103534553	C	T	FGF8	Silent	96	72	168	0.42857142857142855	2	1	1	1.1132	1	1.1132	1.0	True	0.77	2.15
10	104240642	G	A	ACTR1A	Missense_Mutation	178	104	282	0.36879432624113473	2	1	1	0.9579	1	0.9579	0.9579	True	0.77	2.15
10	104596968	T	C	CYP17A1	Missense_Mutation	147	90	237	0.379746835443038	2	1	1	0.9864	1	0.9864	0.9864	True	0.77	2.15
10	105181188	T	C	PDCD11	Silent	114	66	180	0.36666666666666664	2	1	1	0.9524	1	0.9524	0.9524	True	0.77	2.15
10	107012633	G	T	SORCS3	Missense_Mutation	319	130	449	0.289532293986637	2	1	1	0.752	1	0.752	0.752	False	0.77	2.15
10	115891877	T	C	C10orf118	Silent	207	9	216	0.041666666666666664	2	1	1	0.1082	1	0.1082	0.1082	False	0.77	2.15
10	115973857	T	C	TDRD1	Silent	579	289	868	0.33294930875576034	2	1	1	0.8648	1	0.8648	0.8648	True	0.77	2.15
10	118101695	G	A	CCDC172	Missense_Mutation	35	19	54	0.35185185185185186	2	1	1	0.9139	1	0.9139	0.9139	True	0.77	2.15
10	118891730	T	A	VAX1	3'Flank	59	31	90	0.34444444444444444	2	1	1	0.8947	1	0.8947	0.8947	True	0.77	2.15
10	120833345	A	G	EIF3A	Silent	204	135	339	0.39823008849557523	2	1	1	1.0344	1	1.0344	1.0	True	0.77	2.15
10	123845856	G	A	TACC2	Missense_Mutation	44	5	49	0.10204081632653061	2	1	1	0.265	1	0.265	0.265	False	0.77	2.15
10	123847394	C	T	TACC2	Silent	20	16	36	0.4444444444444444	2	1	1	1.1544	1	1.1544	1.0	True	0.77	2.15
10	125426499	C	T	GPR26	Silent	21	15	36	0.4166666666666667	2	1	1	1.0823	1	1.0823	1.0	True	0.77	2.15
10	125801930	C	T	CHST15	Missense_Mutation	113	74	187	0.39572192513368987	2	1	1	1.0278	1	1.0278	1.0	True	0.77	2.15
10	128193497	C	T	C10orf90	Missense_Mutation	123	76	199	0.38190954773869346	2	1	1	0.992	1	0.992	0.992	True	0.77	2.15
10	129231622	C	T	DOCK1	Missense_Mutation	154	94	248	0.3790322580645161	2	1	1	0.9845	1	0.9845	0.9845	True	0.77	2.15
10	129242509	A	G	DOCK1	Silent	157	101	258	0.39147286821705424	2	1	1	1.0168	1	1.0168	1.0	True	0.77	2.15
10	129676577	T	C	CLRN3	Missense_Mutation	305	25	330	0.07575757575757576	2	1	1	0.1968	1	0.1968	0.1968	False	0.77	2.15
10	129690895	T	C	CLRN3	Missense_Mutation	154	107	261	0.4099616858237548	2	1	1	1.0648	1	1.0648	1.0	True	0.77	2.15
10	129866447	C	T	PTPRE	Missense_Mutation	29	18	47	0.3829787234042553	2	1	1	0.9947	1	0.9947	0.9947	True	0.77	2.15
10	134037961	C	T	STK32C	Missense_Mutation	53	36	89	0.4044943820224719	2	1	1	1.0506	1	1.0506	1.0	True	0.77	2.15
10	134040317	C	T	STK32C	Missense_Mutation	45	20	65	0.3076923076923077	2	1	1	0.7992	1	0.7992	0.7992	False	0.77	2.15
10	134523913	C	A	INPP5A	Silent	163	109	272	0.4007352941176471	2	1	1	1.0409	1	1.0409	1.0	True	0.77	2.15
10	134895422	G	A	GPR123-AS1	3'Flank	11	10	21	0.47619047619047616	2	1	1	1.2369	1	1.2369	1.0	True	0.77	2.15
10	135020548	A	C	KNDC1	Intron	35	20	55	0.36363636363636365	2	1	1	0.9445	1	0.9445	0.9445	True	0.77	2.15
11	212685	G	A	RIC8A	Missense_Mutation	66	43	109	0.3944954128440367	2	1	1	1.0247	1	1.0247	1.0	True	0.77	2.15
11	375759	A	G	B4GALNT4	Missense_Mutation	10	8	18	0.4444444444444444	2	1	1	1.1544	1	1.1544	1.0	True	0.77	2.15
11	418575	G	A	ANO9	Silent	47	32	79	0.4050632911392405	2	1	1	1.0521	1	1.0521	1.0	True	0.77	2.15
11	418799	C	T	ANO9	Missense_Mutation	156	7	163	0.04294478527607362	2	1	1	0.1115	1	0.1115	0.1115	False	0.77	2.15
11	532537	A	G	HRAS	3'UTR	7	4	11	0.36363636363636365	2	1	1	0.9445	1	0.9445	0.9445	True	0.77	2.15
11	619328	G	A	CDHR5	Silent	67	44	111	0.3963963963963964	2	1	1	1.0296	1	1.0296	1.0	True	0.77	2.15
11	1084831	T	C	MUC2	Missense_Mutation	118	93	211	0.44075829383886256	2	1	1	1.1448	1	1.1448	1.0	True	0.77	2.15
11	2411672	C	A	CD81	Missense_Mutation	81	6	87	0.06896551724137931	2	1	1	0.1791	1	0.1791	0.1791	False	0.77	2.15
11	3023228	G	A	CARS	Missense_Mutation	105	53	158	0.33544303797468356	2	1	1	0.8713	1	0.8713	0.8713	True	0.77	2.15
11	5248264	A	C	HBB	5'UTR	238	159	397	0.4005037783375315	2	1	1	1.0403	1	1.0403	1.0	True	0.77	2.15
11	5363900	C	T	OR51B5	Missense_Mutation	139	67	206	0.32524271844660196	2	1	1	0.8448	1	0.8448	0.8448	False	0.77	2.15
11	5653667	C	T	TRIM34	Nonsense_Mutation	142	99	241	0.4107883817427386	2	1	1	1.067	1	1.067	1.0	True	0.77	2.15
11	5842325	T	C	OR52N2	Missense_Mutation	316	198	514	0.3852140077821012	2	1	1	1.0006	1	1.0006	1.0	True	0.77	2.15
11	6477399	C	T	TRIM3	Missense_Mutation	122	70	192	0.3645833333333333	2	1	1	0.947	1	0.947	0.947	True	0.77	2.15
11	6579372	G	A	DNHD1	Silent	96	44	140	0.3142857142857143	2	1	1	0.8163	1	0.8163	0.8163	False	0.77	2.15
11	7441852	C	T	SYT9	Missense_Mutation	203	120	323	0.3715170278637771	2	1	1	0.965	1	0.965	0.965	True	0.77	2.15
11	7660967	G	A	PPFIBP2	Missense_Mutation	77	40	117	0.3418803418803419	2	1	1	0.888	1	0.888	0.888	True	0.77	2.15
11	7723272	A	G	OVCH2	Silent	58	36	94	0.3829787234042553	2	1	1	0.9947	1	0.9947	0.9947	True	0.77	2.15
11	7846708	T	C	OR5P3	Missense_Mutation	209	122	331	0.3685800604229607	2	1	1	0.9574	1	0.9574	0.9574	True	0.77	2.15
11	8413872	T	C	STK33	3'UTR	24	14	38	0.3684210526315789	2	1	1	0.9569	1	0.9569	0.9569	True	0.77	2.15
11	8705820	C	T	RPL27A	Intron	13	7	20	0.35	2	1	1	0.9091	1	0.9091	0.9091	True	0.77	2.15
11	9165018	G	A	DENND5A	Nonsense_Mutation	139	78	217	0.35944700460829493	2	1	1	0.9336	1	0.9336	0.9336	True	0.77	2.15
11	9501033	A	G	ZNF143	Silent	224	139	363	0.38292011019283745	2	1	1	0.9946	1	0.9946	0.9946	True	0.77	2.15
11	11362441	G	A	GALNT18	Silent	232	133	365	0.3643835616438356	2	1	1	0.9465	1	0.9465	0.9465	True	0.77	2.15
11	12901337	A	T	TEAD1	Missense_Mutation	31	17	48	0.3541666666666667	2	1	1	0.9199	1	0.9199	0.9199	True	0.77	2.15
11	14512112	T	C	COPB1	Missense_Mutation	173	88	261	0.3371647509578544	2	1	1	0.8758	1	0.8758	0.8758	True	0.77	2.15
11	18425290	G	A	LDHA	Silent	338	196	534	0.36704119850187267	2	1	1	0.9534	1	0.9534	0.9534	True	0.77	2.15
11	18467785	T	C	LDHC	Missense_Mutation	510	17	527	0.03225806451612903	2	1	1	0.0838	1	0.0838	0.0838	False	0.77	2.15
11	18633099	T	C	SPTY2D1	Missense_Mutation	551	62	613	0.10114192495921696	2	1	1	0.2627	1	0.2627	0.2627	False	0.77	2.15
11	19197517	A	G	ZDHHC13	3'UTR	169	97	266	0.36466165413533835	2	1	1	0.9472	1	0.9472	0.9472	True	0.77	2.15
11	20177892	C	T	DBX1	Silent	25	11	36	0.3055555555555556	2	1	1	0.7937	1	0.7937	0.7937	False	0.77	2.15
11	32112926	G	A	RCN1	Missense_Mutation	16	8	24	0.3333333333333333	2	1	1	0.8658	1	0.8658	0.8658	True	0.77	2.15
11	33565451	C	T	KIAA1549L	Missense_Mutation	155	92	247	0.3724696356275304	2	1	1	0.9675	1	0.9675	0.9675	True	0.77	2.15
11	34173969	G	A	ABTB2	Missense_Mutation	19	12	31	0.3870967741935484	2	1	1	1.0054	1	1.0054	1.0	True	0.77	2.15
11	35457472	G	A	PAMR1	Missense_Mutation	78	59	137	0.4306569343065693	2	1	1	1.1186	1	1.1186	1.0	True	0.77	2.15
11	43342374	C	T	API5	Nonsense_Mutation	161	111	272	0.40808823529411764	2	1	1	1.06	1	1.06	1.0	True	0.77	2.15
11	43411286	C	T	TTC17	Missense_Mutation	159	93	252	0.36904761904761907	2	1	1	0.9586	1	0.9586	0.9586	True	0.77	2.15
11	44289131	C	T	ALX4	Silent	187	99	286	0.34615384615384615	2	1	1	0.8991	1	0.8991	0.8991	True	0.77	2.15
11	45891343	G	T	CRY2	Missense_Mutation	14	9	23	0.391304347826087	2	1	1	1.0164	1	1.0164	1.0	True	0.77	2.15
11	46749707	G	A	F2	Missense_Mutation	34	16	50	0.32	2	1	1	0.8312	1	0.8312	0.8312	False	0.77	2.15
11	47186970	A	G	ARFGAP2	3'UTR	113	65	178	0.3651685393258427	2	1	1	0.9485	1	0.9485	0.9485	True	0.77	2.15
11	47447428	C	T	PSMC3	Missense_Mutation	42	5	47	0.10638297872340426	2	1	1	0.2763	1	0.2763	0.2763	False	0.77	2.15
11	55135957	A	G	OR4A15	Missense_Mutation	318	197	515	0.3825242718446602	2	1	1	0.9936	1	0.9936	0.9936	True	0.77	2.15
11	55872855	T	C	OR8H2	Missense_Mutation	330	217	547	0.396709323583181	2	1	1	1.0304	1	1.0304	1.0	True	0.77	2.15
11	56057775	A	C	OR8H1	Missense_Mutation	192	114	306	0.37254901960784315	2	1	1	0.9677	1	0.9677	0.9677	True	0.77	2.15
11	56058343	A	G	OR8H1	Silent	421	235	656	0.35823170731707316	2	1	1	0.9305	1	0.9305	0.9305	True	0.77	2.15
11	56114010	A	C	OR8K1	Missense_Mutation	276	137	413	0.33171912832929784	2	1	1	0.8616	1	0.8616	0.8616	True	0.77	2.15
11	56310647	C	T	OR5M11	Silent	141	70	211	0.33175355450236965	2	1	1	0.8617	1	0.8617	0.8617	True	0.77	2.15
11	57518546	G	A	BTBD18	Nonsense_Mutation	75	38	113	0.336283185840708	2	1	1	0.8735	1	0.8735	0.8735	True	0.77	2.15
11	58979700	A	G	MPEG1	Silent	113	57	170	0.3352941176470588	2	1	1	0.8709	1	0.8709	0.8709	True	0.77	2.15
11	59574126	G	A	MRPL16	Silent	201	136	337	0.4035608308605341	2	1	1	1.0482	1	1.0482	1.0	True	0.77	2.15
11	60620807	C	T	PTGDR2	Missense_Mutation	23	8	31	0.25806451612903225	2	1	1	0.6703	1	0.6703	0.6703	False	0.77	2.15
11	61017472	G	A	PGA5	Missense_Mutation	122	88	210	0.41904761904761906	2	1	1	1.0884	1	1.0884	1.0	True	0.77	2.15
11	61081077	G	A	DDB1	Missense_Mutation	229	135	364	0.3708791208791209	2	1	1	0.9633	1	0.9633	0.9633	True	0.77	2.15
11	61120477	A	G	CYB561A3	Silent	102	59	161	0.36645962732919257	2	1	1	0.9518	1	0.9518	0.9518	True	0.77	2.15
11	61404623	G	A	RPLP0P2	RNA	76	57	133	0.42857142857142855	2	1	1	1.1132	1	1.1132	1.0	True	0.77	2.15
11	62394590	G	A	GANAB	Missense_Mutation	222	115	337	0.34124629080118696	2	1	1	0.8864	1	0.8864	0.8864	True	0.77	2.15
11	62416298	C	T	INTS5	Silent	23	14	37	0.3783783783783784	2	1	1	0.9828	1	0.9828	0.9828	True	0.77	2.15
11	62434580	A	G	METTL12	3'UTR	9	3	12	0.25	2	1	1	0.6494	1	0.6494	0.6494	False	0.77	2.15
11	64064700	G	A	KCNK4	Silent	19	16	35	0.45714285714285713	2	1	1	1.1874	1	1.1874	1.0	True	0.77	2.15
11	64087315	G	T	PRDX5	Missense_Mutation	137	131	268	0.48880597014925375	2	1	1	1.2696	1	1.2696	1.0	True	0.77	2.15
11	64390403	C	T	NRXN2	Missense_Mutation	38	22	60	0.36666666666666664	2	1	1	0.9524	1	0.9524	0.9524	True	0.77	2.15
11	64533557	G	A	SF1	Intron	26	27	53	0.5094339622641509	2	1	1	1.3232	1	1.3232	1.0	True	0.77	2.15
11	64627634	G	A	EHD1	Missense_Mutation	128	76	204	0.37254901960784315	2	1	1	0.9677	1	0.9677	0.9677	True	0.77	2.15
11	64875384	C	T	VPS51	Silent	11	16	27	0.5925925925925926	2	1	1	1.5392	1	1.5392	1.0	True	0.77	2.15
11	65346593	G	A	EHBP1L1	Missense_Mutation	39	35	74	0.47297297297297297	2	1	1	1.2285	1	1.2285	1.0	True	0.77	2.15
11	65352524	C	T	EHBP1L1	Missense_Mutation	10	3	13	0.23076923076923078	2	1	1	0.5994	1	0.5994	0.5994	False	0.77	2.15
11	65392971	G	A	PCNXL3	Missense_Mutation	13	5	18	0.2777777777777778	2	1	1	0.7215	1	0.7215	0.7215	False	0.77	2.15
11	66460468	T	C	SPTBN2	Missense_Mutation	45	21	66	0.3181818181818182	2	1	1	0.8264	1	0.8264	0.8264	False	0.77	2.15
11	66619987	C	T	PC	Missense_Mutation	37	21	58	0.3620689655172414	2	1	1	0.9404	1	0.9404	0.9404	True	0.77	2.15
11	67072316	G	T	SSH3	Missense_Mutation	64	29	93	0.3118279569892473	2	1	1	0.8099	1	0.8099	0.8099	False	0.77	2.15
11	67209552	C	T	CORO1B	Missense_Mutation	10	9	19	0.47368421052631576	2	1	1	1.2303	1	1.2303	1.0	True	0.77	2.15
11	67274438	G	A	CDK2AP2	Missense_Mutation	42	26	68	0.38235294117647056	2	1	1	0.9931	1	0.9931	0.9931	True	0.77	2.15
11	67925677	G	T	SUV420H1	Missense_Mutation	295	135	430	0.313953488372093	2	1	1	0.8155	1	0.8155	0.8155	False	0.77	2.15
11	68191149	G	A	LRP5	Missense_Mutation	33	30	63	0.47619047619047616	2	1	1	1.2369	1	1.2369	1.0	True	0.77	2.15
11	70742676	C	T	SHANK2	Splice_Site	347	227	574	0.39547038327526135	2	1	1	1.0272	1	1.0272	1.0	True	0.77	2.15
11	71185449	G	A	NADSYN1	Silent	102	69	171	0.40350877192982454	2	1	1	1.0481	1	1.0481	1.0	True	0.77	2.15
11	71259915	G	A	KRTAP5-9	Missense_Mutation	253	127	380	0.33421052631578946	2	1	1	0.8681	1	0.8681	0.8681	True	0.77	2.15
11	72422518	A	G	ARAP1	Missense_Mutation	100	62	162	0.38271604938271603	2	1	1	0.9941	1	0.9941	0.9941	True	0.77	2.15
11	73753145	T	C	C2CD3	Missense_Mutation	292	169	461	0.3665943600867679	2	1	1	0.9522	1	0.9522	0.9522	True	0.77	2.15
11	76372553	C	A	LRRC32	Splice_Site	41	33	74	0.44594594594594594	2	1	1	1.1583	1	1.1583	1.0	True	0.77	2.15
11	78440505	C	T	TENM4	Missense_Mutation	102	74	176	0.42045454545454547	2	1	1	1.0921	1	1.0921	1.0	True	0.77	2.15
11	93416894	A	G	KIAA1731	Missense_Mutation	141	94	235	0.4	2	1	1	1.039	1	1.039	1.0	True	0.77	2.15
11	96074878	C	T	MAML2	Missense_Mutation	38	28	66	0.42424242424242425	2	1	1	1.1019	1	1.1019	1.0	True	0.77	2.15
11	96086710	T	C	CCDC82	3'UTR	74	36	110	0.32727272727272727	2	1	1	0.8501	1	0.8501	0.8501	True	0.77	2.15
11	99786844	T	C	CNTN5	Silent	523	25	548	0.04562043795620438	2	1	1	0.1185	1	0.1185	0.1185	False	0.77	2.15
11	105923751	T	C	KBTBD3	Missense_Mutation	217	13	230	0.05652173913043478	2	1	1	0.1468	1	0.1468	0.1468	False	0.77	2.15
11	107393128	G	A	ALKBH8	Missense_Mutation	265	134	399	0.3358395989974937	2	1	1	0.8723	1	0.8723	0.8723	True	0.77	2.15
11	108235935	C	T	ATM	Nonsense_Mutation	207	117	324	0.3611111111111111	2	1	1	0.938	1	0.938	0.938	True	0.77	2.15
11	111953207	T	C	C11orf57	Silent	76	4	80	0.05	2	1	1	0.1299	1	0.1299	0.1299	False	0.77	2.15
11	113661260	G	A	ATF4P4	RNA	42	41	83	0.4939759036144578	2	1	1	1.2831	1	1.2831	1.0	True	0.77	2.15
11	113675636	T	C	USP28	Missense_Mutation	429	17	446	0.03811659192825112	2	1	1	0.099	1	0.099	0.099	False	0.77	2.15
11	114270753	G	T	C11orf71	Missense_Mutation	54	20	74	0.2702702702702703	2	1	1	0.702	1	0.702	0.702	False	0.77	2.15
11	117075065	T	C	TAGLN	Missense_Mutation	61	31	92	0.33695652173913043	2	1	1	0.8752	1	0.8752	0.8752	True	0.77	2.15
11	117150623	G	C	RNF214	Splice_Site	349	198	547	0.3619744058500914	2	1	1	0.9402	1	0.9402	0.9402	True	0.77	2.15
11	118942364	G	A	VPS11	Missense_Mutation	249	149	398	0.3743718592964824	2	1	1	0.9724	1	0.9724	0.9724	True	0.77	2.15
11	119206924	G	A	RNF26	Silent	85	54	139	0.38848920863309355	2	1	1	1.0091	1	1.0091	1.0	True	0.77	2.15
11	120831678	C	T	GRIK4	Silent	236	14	250	0.056	2	1	1	0.1455	1	0.1455	0.1455	False	0.77	2.15
11	121358741	T	C	SORL1	Missense_Mutation	436	20	456	0.043859649122807015	2	1	1	0.1139	1	0.1139	0.1139	False	0.77	2.15
11	122929470	T	C	HSPA8	Missense_Mutation	158	112	270	0.4148148148148148	2	1	1	1.0774	1	1.0774	1.0	True	0.77	2.15
11	123448212	C	A	GRAMD1B	Missense_Mutation	34	4	38	0.10526315789473684	2	1	1	0.2734	1	0.2734	0.2734	False	0.77	2.15
11	123900338	C	T	OR10G8	Silent	290	13	303	0.0429042904290429	2	1	1	0.1114	1	0.1114	0.1114	False	0.77	2.15
11	124949079	C	T	SLC37A2	Missense_Mutation	166	100	266	0.37593984962406013	2	1	1	0.9765	1	0.9765	0.9765	True	0.77	2.15
11	124949085	T	A	SLC37A2	Missense_Mutation	164	105	269	0.3903345724907063	2	1	1	1.0139	1	1.0139	1.0	True	0.77	2.15
11	126145284	C	T	FOXRED1	Nonsense_Mutation	209	138	347	0.3976945244956772	2	1	1	1.033	1	1.033	1.0	True	0.77	2.15
11	128360416	A	C	ETS1	Silent	389	23	412	0.055825242718446605	2	1	1	0.145	1	0.145	0.145	False	0.77	2.15
11	129748357	A	G	NFRKB	Splice_Site	208	11	219	0.0502283105022831	2	1	1	0.1305	1	0.1305	0.1305	False	0.77	2.15
11	129785682	A	G	PRDM10	Missense_Mutation	147	80	227	0.3524229074889868	2	1	1	0.9154	1	0.9154	0.9154	True	0.77	2.15
11	130068494	C	T	ST14	Silent	32	21	53	0.39622641509433965	2	1	1	1.0292	1	1.0292	1.0	True	0.77	2.15
11	130342942	G	A	ADAMTS15	Missense_Mutation	32	10	42	0.23809523809523808	2	1	1	0.6184	1	0.6184	0.6184	False	0.77	2.15
12	992227	T	C	WNK1	Splice_Site	154	72	226	0.3185840707964602	2	1	1	0.8275	1	0.8275	0.8275	False	0.77	2.15
12	1005583	C	T	WNK1	Missense_Mutation	127	82	209	0.3923444976076555	2	1	1	1.0191	1	1.0191	1.0	True	0.77	2.15
12	1213949	T	C	ERC1	Missense_Mutation	246	150	396	0.3787878787878788	2	1	1	0.9839	1	0.9839	0.9839	True	0.77	2.15
12	2074827	T	C	DCP1B	Missense_Mutation	404	20	424	0.04716981132075472	2	1	1	0.1225	1	0.1225	0.1225	False	0.77	2.15
12	2775892	C	T	CACNA1C	Missense_Mutation	79	42	121	0.34710743801652894	2	1	1	0.9016	1	0.9016	0.9016	True	0.77	2.15
12	3757660	A	G	EFCAB4B	Intron	37	11	48	0.22916666666666666	2	1	1	0.5952	1	0.5952	0.5952	False	0.77	2.15
12	3757717	T	C	EFCAB4B	Missense_Mutation	25	17	42	0.40476190476190477	2	1	1	1.0513	1	1.0513	1.0	True	0.77	2.15
12	4554553	G	A	FGF6	Missense_Mutation	41	26	67	0.3880597014925373	2	1	1	1.0079	1	1.0079	1.0	True	0.77	2.15
12	4870217	G	A	GALNT8	Missense_Mutation	222	110	332	0.3313253012048193	2	1	1	0.8606	1	0.8606	0.8606	True	0.77	2.15
12	4920419	G	A	KCNA6	Silent	183	117	300	0.39	2	1	1	1.013	1	1.013	1.0	True	0.77	2.15
12	5153915	G	A	KCNA5	Missense_Mutation	39	31	70	0.44285714285714284	2	1	1	1.1503	1	1.1503	1.0	True	0.77	2.15
12	6143979	G	T	VWF	Silent	187	119	306	0.3888888888888889	2	1	1	1.0101	1	1.0101	1.0	True	0.77	2.15
12	6457217	G	A	SCNN1A	Missense_Mutation	29	16	45	0.35555555555555557	2	1	1	0.9235	1	0.9235	0.9235	True	0.77	2.15
12	6749540	A	G	ACRBP	Missense_Mutation	177	7	184	0.03804347826086957	2	1	1	0.0988	1	0.0988	0.0988	False	0.77	2.15
12	6776738	T	A	ZNF384	3'UTR	20	8	28	0.2857142857142857	2	1	1	0.7421	1	0.7421	0.7421	False	0.77	2.15
12	6787583	G	A	ZNF384	Silent	78	55	133	0.41353383458646614	2	1	1	1.0741	1	1.0741	1.0	True	0.77	2.15
12	6933063	G	T	GPR162	5'UTR	13	14	27	0.5185185185185185	2	1	1	1.3468	1	1.3468	1.0	True	0.77	2.15
12	7050587	G	A	ATN1	Missense_Mutation	10	9	19	0.47368421052631576	2	1	1	1.2303	1	1.2303	1.0	True	0.77	2.15
12	7242820	C	A	C1R	Missense_Mutation	54	50	104	0.4807692307692308	2	1	1	1.2488	1	1.2488	1.0	True	0.77	2.15
12	7531781	T	C	CD163L1	Missense_Mutation	154	102	256	0.3984375	2	1	1	1.0349	1	1.0349	1.0	True	0.77	2.15
12	11420585	G	A	PRB3	Missense_Mutation	231	70	301	0.23255813953488372	2	1	1	0.604	1	0.604	0.604	False	0.77	2.15
12	12022746	C	T	ETV6	Silent	43	33	76	0.4342105263157895	2	1	1	1.1278	1	1.1278	1.0	True	0.77	2.15
12	12037513	A	G	ETV6	Missense_Mutation	112	72	184	0.391304347826087	2	1	1	1.0164	1	1.0164	1.0	True	0.77	2.15
12	12483104	G	A	MANSC1	Missense_Mutation	149	6	155	0.03870967741935484	2	1	1	0.1005	1	0.1005	0.1005	False	0.77	2.15
12	16713448	G	A	LMO3	Silent	117	63	180	0.35	2	1	1	0.9091	1	0.9091	0.9091	True	0.77	2.15
12	19615620	G	A	AEBP2	Missense_Mutation	542	34	576	0.059027777777777776	2	1	1	0.1533	1	0.1533	0.1533	False	0.77	2.15
12	21608198	A	G	PYROXD1	Silent	173	8	181	0.04419889502762431	2	1	1	0.1148	1	0.1148	0.1148	False	0.77	2.15
12	21681998	C	T	C12orf39	Missense_Mutation	272	11	283	0.038869257950530034	2	1	1	0.101	1	0.101	0.101	False	0.77	2.15
12	26275895	G	T	BHLHE41	Missense_Mutation	30	18	48	0.375	2	1	1	0.974	1	0.974	0.974	True	0.77	2.15
12	26753017	A	G	ITPR2	Missense_Mutation	169	124	293	0.4232081911262799	2	1	1	1.0992	1	1.0992	1.0	True	0.77	2.15
12	30822178	A	G	IPO8	Silent	263	15	278	0.0539568345323741	2	1	1	0.1401	1	0.1401	0.1401	False	0.77	2.15
12	32761022	T	C	FGD4	Silent	121	105	226	0.4646017699115044	2	1	1	1.2068	1	1.2068	1.0	True	0.77	2.15
12	39734849	T	C	KIF21A	Missense_Mutation	445	18	463	0.038876889848812095	2	1	1	0.101	1	0.101	0.101	False	0.77	2.15
12	41419005	C	T	CNTN1	Silent	61	41	102	0.4019607843137255	2	1	1	1.0441	1	1.0441	1.0	True	0.77	2.15
12	43822533	C	A	ADAMTS20	Missense_Mutation	130	63	193	0.32642487046632124	2	1	1	0.8479	1	0.8479	0.8479	False	0.77	2.15
12	44124175	A	G	PUS7L	3'UTR	79	42	121	0.34710743801652894	2	1	1	0.9016	1	0.9016	0.9016	True	0.77	2.15
12	44782462	A	G	TMEM117	3'UTR	135	10	145	0.06896551724137931	2	1	1	0.1791	1	0.1791	0.1791	False	0.77	2.15
12	46599925	C	T	SLC38A1	Missense_Mutation	116	60	176	0.3409090909090909	2	1	1	0.8855	1	0.8855	0.8855	True	0.77	2.15
12	47178890	C	A	SLC38A4	Nonsense_Mutation	273	161	434	0.3709677419354839	2	1	1	0.9636	1	0.9636	0.9636	True	0.77	2.15
12	48174437	C	T	SLC48A1	3'UTR	5	4	9	0.4444444444444444	2	1	1	1.1544	1	1.1544	1.0	True	0.77	2.15
12	48362040	G	A	TMEM106C	3'UTR	170	14	184	0.07608695652173914	2	1	1	0.1976	1	0.1976	0.1976	False	0.77	2.15
12	48531564	G	A	PFKM	Missense_Mutation	154	86	240	0.35833333333333334	2	1	1	0.9307	1	0.9307	0.9307	True	0.77	2.15
12	49446809	T	A	KMT2D	Missense_Mutation	49	29	78	0.3717948717948718	2	1	1	0.9657	1	0.9657	0.9657	True	0.77	2.15
12	49937857	T	C	KCNH3	Splice_Site	84	46	130	0.35384615384615387	2	1	1	0.9191	1	0.9191	0.9191	True	0.77	2.15
12	51467703	T	C	CSRNP2	Missense_Mutation	64	60	124	0.4838709677419355	2	1	1	1.2568	1	1.2568	1.0	True	0.77	2.15
12	51489014	C	T	TFCP2	3'UTR	97	46	143	0.32167832167832167	2	1	1	0.8355	1	0.8355	0.8355	False	0.77	2.15
12	51773595	G	A	GALNT6	5'UTR	17	11	28	0.39285714285714285	2	1	1	1.0204	1	1.0204	1.0	True	0.77	2.15
12	51857480	A	T	SLC4A8	Missense_Mutation	155	107	262	0.4083969465648855	2	1	1	1.0608	1	1.0608	1.0	True	0.77	2.15
12	52822086	C	T	KRT75	Missense_Mutation	76	56	132	0.42424242424242425	2	1	1	1.1019	1	1.1019	1.0	True	0.77	2.15
12	53073854	A	G	KRT1	Silent	458	286	744	0.3844086021505376	2	1	1	0.9985	1	0.9985	0.9985	True	0.77	2.15
12	53460125	C	T	SPRYD3	Silent	558	344	902	0.38137472283813745	2	1	1	0.9906	1	0.9906	0.9906	True	0.77	2.15
12	53803298	G	A	SP1	Missense_Mutation	155	9	164	0.054878048780487805	2	1	1	0.1425	1	0.1425	0.1425	False	0.77	2.15
12	53879891	A	G	MAP3K12	Missense_Mutation	125	77	202	0.3811881188118812	2	1	1	0.9901	1	0.9901	0.9901	True	0.77	2.15
12	54910761	A	G	NCKAP1L	Silent	265	185	450	0.4111111111111111	2	1	1	1.0678	1	1.0678	1.0	True	0.77	2.15
12	55820818	G	A	OR6C76	Missense_Mutation	158	75	233	0.3218884120171674	2	1	1	0.8361	1	0.8361	0.8361	False	0.77	2.15
12	56488228	C	T	ERBB3	Missense_Mutation	71	55	126	0.4365079365079365	2	1	1	1.1338	1	1.1338	1.0	True	0.77	2.15
12	57432356	C	T	MYO1A	Missense_Mutation	63	41	104	0.3942307692307692	2	1	1	1.024	1	1.024	1.0	True	0.77	2.15
12	57490460	C	T	STAT6	Silent	76	47	123	0.3821138211382114	2	1	1	0.9925	1	0.9925	0.9925	True	0.77	2.15
12	57559871	G	A	LRP1	Silent	67	36	103	0.34951456310679613	2	1	1	0.9078	1	0.9078	0.9078	True	0.77	2.15
12	57892027	T	C	MARS	Silent	259	15	274	0.05474452554744526	2	1	1	0.1422	1	0.1422	0.1422	False	0.77	2.15
12	58000854	G	A	DTX3	Missense_Mutation	30	19	49	0.3877551020408163	2	1	1	1.0072	1	1.0072	1.0	True	0.77	2.15
12	59282657	A	G	LRIG3	Silent	556	16	572	0.027972027972027972	2	1	1	0.0727	1	0.0727	0.0727	False	0.77	2.15
12	64668730	T	G	C12orf56	Missense_Mutation	376	16	392	0.04081632653061224	2	1	1	0.106	1	0.106	0.106	False	0.77	2.15
12	66725187	G	A	HELB	Missense_Mutation	68	36	104	0.34615384615384615	2	1	1	0.8991	1	0.8991	0.8991	True	0.77	2.15
12	70933483	T	C	PTPRB	Silent	315	15	330	0.045454545454545456	2	1	1	0.1181	1	0.1181	0.1181	False	0.77	2.15
12	72366385	C	A	TPH2	Missense_Mutation	129	78	207	0.37681159420289856	2	1	1	0.9787	1	0.9787	0.9787	True	0.77	2.15
12	75816802	C	T	GLIPR1L2	Intron	186	99	285	0.3473684210526316	2	1	1	0.9023	1	0.9023	0.9023	True	0.77	2.15
12	85255355	G	T	SLC6A15	3'UTR	64	37	101	0.36633663366336633	2	1	1	0.9515	1	0.9515	0.9515	True	0.77	2.15
12	89996933	G	A	ATP2B1	Nonsense_Mutation	202	107	309	0.34627831715210355	2	1	1	0.8994	1	0.8994	0.8994	True	0.77	2.15
12	93793183	T	C	NUDT4	3'UTR	405	30	435	0.06896551724137931	2	1	1	0.1791	1	0.1791	0.1791	False	0.77	2.15
12	94965228	T	C	TMCC3	Missense_Mutation	105	69	174	0.39655172413793105	2	1	1	1.03	1	1.03	1.0	True	0.77	2.15
12	95566382	A	G	FGD6	Silent	330	14	344	0.040697674418604654	2	1	1	0.1057	1	0.1057	0.1057	False	0.77	2.15
12	104379425	G	A	TDG	Missense_Mutation	395	173	568	0.3045774647887324	2	1	1	0.7911	1	0.7911	0.7911	False	0.77	2.15
12	105546180	T	C	KIAA1033	Silent	98	54	152	0.35526315789473684	2	1	1	0.9228	1	0.9228	0.9228	True	0.77	2.15
12	105553823	A	G	KIAA1033	Missense_Mutation	62	22	84	0.2619047619047619	2	1	1	0.6803	1	0.6803	0.6803	False	0.77	2.15
12	106715444	A	G	TCP11L2	Missense_Mutation	221	137	358	0.38268156424581007	2	1	1	0.994	1	0.994	0.994	True	0.77	2.15
12	108913234	G	A	FICD	Silent	40	28	68	0.4117647058823529	2	1	1	1.0695	1	1.0695	1.0	True	0.77	2.15
12	109182841	C	A	SSH1	Silent	56	39	95	0.4105263157894737	2	1	1	1.0663	1	1.0663	1.0	True	0.77	2.15
12	109882288	G	A	MYO1H	Missense_Mutation	303	184	487	0.37782340862423	2	1	1	0.9814	1	0.9814	0.9814	True	0.77	2.15
12	110354438	T	C	TCHP	3'UTR	143	104	247	0.42105263157894735	2	1	1	1.0936	1	1.0936	1.0	True	0.77	2.15
12	111895157	G	A	ATXN2	Missense_Mutation	411	237	648	0.36574074074074076	2	1	1	0.95	1	0.95	0.95	True	0.77	2.15
12	120622011	A	G	GCN1L1	Missense_Mutation	76	34	110	0.3090909090909091	2	1	1	0.8028	1	0.8028	0.8028	False	0.77	2.15
12	123187074	G	A	HCAR2	Missense_Mutation	317	101	418	0.24162679425837322	2	1	1	0.6276	1	0.6276	0.6276	False	0.77	2.15
12	123201375	G	A	HCAR3	5'UTR	63	36	99	0.36363636363636365	2	1	1	0.9445	1	0.9445	0.9445	True	0.77	2.15
12	123414588	T	C	ABCB9	Missense_Mutation	14	8	22	0.36363636363636365	2	1	1	0.9445	1	0.9445	0.9445	True	0.77	2.15
12	124317700	T	A	DNAH10	Missense_Mutation	106	99	205	0.48292682926829267	2	1	1	1.2544	1	1.2544	1.0	True	0.77	2.15
12	124419900	G	A	DNAH10	Missense_Mutation	223	117	340	0.34411764705882353	2	1	1	0.8938	1	0.8938	0.8938	True	0.77	2.15
12	125398030	A	G	UBC	Silent	389	246	635	0.38740157480314963	2	1	1	1.0062	1	1.0062	1.0	True	0.77	2.15
12	132325242	G	A	MMP17	Missense_Mutation	8	8	16	0.5	2	1	1	1.2987	1	1.2987	1.0	True	0.77	2.15
12	133393373	C	T	GOLGA3	Silent	101	40	141	0.28368794326241137	2	1	1	0.7369	1	0.7369	0.7369	False	0.77	2.15
13	20279944	T	C	PSPC1	Missense_Mutation	466	107	573	0.18673647469458987	2	1	1	0.485	1	0.485	0.485	False	0.77	2.15
13	21417072	G	A	XPO4	Missense_Mutation	81	59	140	0.42142857142857143	2	1	1	1.0946	1	1.0946	1.0	True	0.77	2.15
13	21442809	C	T	XPO4	Missense_Mutation	263	160	423	0.37825059101654845	2	1	1	0.9825	1	0.9825	0.9825	True	0.77	2.15
13	23911836	A	G	SACS	Missense_Mutation	25	12	37	0.32432432432432434	2	1	1	0.8424	1	0.8424	0.8424	False	0.77	2.15
13	23912644	C	T	SACS	Missense_Mutation	175	94	269	0.34944237918215615	2	1	1	0.9076	1	0.9076	0.9076	True	0.77	2.15
13	28197399	G	A	POLR1D	3'UTR	16	8	24	0.3333333333333333	2	1	1	0.8658	1	0.8658	0.8658	True	0.77	2.15
13	28498618	G	A	PDX1	Missense_Mutation	36	22	58	0.3793103448275862	2	1	1	0.9852	1	0.9852	0.9852	True	0.77	2.15
13	32836505	G	C	FRY	Missense_Mutation	177	130	307	0.4234527687296417	2	1	1	1.0999	1	1.0999	1.0	True	0.77	2.15
13	33703686	C	T	STARD13	Silent	52	23	75	0.30666666666666664	2	1	1	0.7965	1	0.7965	0.7965	False	0.77	2.15
13	36229853	C	T	NBEA	Missense_Mutation	264	27	291	0.09278350515463918	2	1	1	0.241	1	0.241	0.241	False	0.77	2.15
13	36776201	A	G	SOHLH2	Silent	91	54	145	0.3724137931034483	2	1	1	0.9673	1	0.9673	0.9673	True	0.77	2.15
13	37577085	G	A	EXOSC8	Missense_Mutation	288	153	441	0.3469387755102041	2	1	1	0.9011	1	0.9011	0.9011	True	0.77	2.15
13	41885599	C	T	NAA16	5'UTR	11	4	15	0.26666666666666666	2	1	1	0.6926	1	0.6926	0.6926	False	0.77	2.15
13	44456417	A	G	LACC1	Missense_Mutation	172	86	258	0.3333333333333333	2	1	1	0.8658	1	0.8658	0.8658	True	0.77	2.15
13	52026593	G	T	INTS6	Silent	63	37	100	0.37	2	1	1	0.961	1	0.961	0.961	True	0.77	2.15
13	52763962	T	C	MRPS31P5	RNA	78	50	128	0.390625	2	1	1	1.0146	1	1.0146	1.0	True	0.77	2.15
13	53298181	C	T	LECT1	Missense_Mutation	178	97	275	0.3527272727272727	2	1	1	0.9162	1	0.9162	0.9162	True	0.77	2.15
13	75923344	G	C	TBC1D4	Missense_Mutation	70	31	101	0.3069306930693069	2	1	1	0.7972	1	0.7972	0.7972	False	0.77	2.15
13	80911238	G	A	SPRY2	Silent	141	62	203	0.3054187192118227	2	1	1	0.7933	1	0.7933	0.7933	False	0.77	2.15
13	84453605	C	T	SLITRK1	Missense_Mutation	82	25	107	0.2336448598130841	2	1	1	0.6069	1	0.6069	0.6069	False	0.77	2.15
13	95830046	C	T	ABCC4	Missense_Mutation	185	8	193	0.04145077720207254	2	1	1	0.1077	1	0.1077	0.1077	False	0.77	2.15
13	101266664	G	A	TMTC4	Silent	180	138	318	0.4339622641509434	2	1	1	1.1272	1	1.1272	1.0	True	0.77	2.15
13	101287307	C	T	TMTC4	Missense_Mutation	127	63	190	0.33157894736842103	2	1	1	0.8612	1	0.8612	0.8612	True	0.77	2.15
13	103515094	C	T	BIVM-ERCC5	Missense_Mutation	132	101	233	0.4334763948497854	2	1	1	1.1259	1	1.1259	1.0	True	0.77	2.15
13	109459037	C	T	MYO16	Missense_Mutation	159	81	240	0.3375	2	1	1	0.8766	1	0.8766	0.8766	True	0.77	2.15
13	109707900	T	C	MYO16	Missense_Mutation	165	110	275	0.4	2	1	1	1.039	1	1.039	1.0	True	0.77	2.15
13	109772780	A	G	MYO16	Silent	466	24	490	0.04897959183673469	2	1	1	0.1272	1	0.1272	0.1272	False	0.77	2.15
13	109779750	G	A	MYO16	Silent	54	26	80	0.325	2	1	1	0.8442	1	0.8442	0.8442	False	0.77	2.15
13	111138064	G	T	COL4A2	Missense_Mutation	37	25	62	0.4032258064516129	2	1	1	1.0473	1	1.0473	1.0	True	0.77	2.15
13	111896284	G	A	ARHGEF7	Silent	59	38	97	0.3917525773195876	2	1	1	1.0175	1	1.0175	1.0	True	0.77	2.15
13	113777177	G	A	F10	Missense_Mutation	21	16	37	0.43243243243243246	2	1	1	1.1232	1	1.1232	1.0	True	0.77	2.15
13	113801805	G	T	F10	Missense_Mutation	78	46	124	0.3709677419354839	2	1	1	0.9636	1	0.9636	0.9636	True	0.77	2.15
13	114322116	G	A	GRK1	Missense_Mutation	65	39	104	0.375	2	1	1	0.974	1	0.974	0.974	True	0.77	2.15
14	20781842	A	G	CCNB1IP1	Missense_Mutation	182	113	295	0.38305084745762713	2	1	1	0.9949	1	0.9949	0.9949	True	0.77	2.15
14	20925670	C	T	APEX1	3'UTR	43	22	65	0.3384615384615385	2	1	1	0.8791	1	0.8791	0.8791	True	0.77	2.15
14	21555234	C	T	ARHGEF40	Missense_Mutation	178	8	186	0.043010752688172046	2	1	1	0.1117	1	0.1117	0.1117	False	0.77	2.15
14	22265499	C	T	TRAV8-1	5'UTR	70	54	124	0.43548387096774194	2	1	1	1.1311	1	1.1311	1.0	True	0.77	2.15
14	23393914	A	G	PRMT5	Missense_Mutation	137	67	204	0.3284313725490196	2	1	1	0.8531	1	0.8531	0.8531	True	0.77	2.15
14	23745735	G	A	HOMEZ	Silent	118	65	183	0.3551912568306011	2	1	1	0.9226	1	0.9226	0.9226	True	0.77	2.15
14	23816858	G	A	SLC22A17	Silent	45	27	72	0.375	2	1	1	0.974	1	0.974	0.974	True	0.77	2.15
14	23830036	G	A	EFS	Silent	11	8	19	0.42105263157894735	2	1	1	1.0936	1	1.0936	1.0	True	0.77	2.15
14	24572012	C	T	PCK2	Missense_Mutation	79	44	123	0.35772357723577236	2	1	1	0.9292	1	0.9292	0.9292	True	0.77	2.15
14	32561797	C	A	ARHGAP5	Nonsense_Mutation	166	70	236	0.2966101694915254	2	1	1	0.7704	1	0.7704	0.7704	False	0.77	2.15
14	38724270	G	A	CLEC14A	Missense_Mutation	20	9	29	0.3103448275862069	2	1	1	0.8061	1	0.8061	0.8061	False	0.77	2.15
14	45542735	C	T	FAM179B	Missense_Mutation	104	62	166	0.37349397590361444	2	1	1	0.9701	1	0.9701	0.9701	True	0.77	2.15
14	50133121	A	G	POLE2	Missense_Mutation	162	6	168	0.03571428571428571	2	1	1	0.0928	1	0.0928	0.0928	False	0.77	2.15
14	51058288	T	C	ATL1	Silent	228	121	349	0.3467048710601719	2	1	1	0.9005	1	0.9005	0.9005	True	0.77	2.15
14	51716427	C	T	TMX1	Missense_Mutation	295	157	452	0.3473451327433628	2	1	1	0.9022	1	0.9022	0.9022	True	0.77	2.15
14	52741700	T	A	PTGDR	3'UTR	60	50	110	0.45454545454545453	2	1	1	1.1806	1	1.1806	1.0	True	0.77	2.15
14	55655899	C	A	DLGAP5	Splice_Site	159	101	260	0.38846153846153847	2	1	1	1.009	1	1.009	1.0	True	0.77	2.15
14	58599980	A	T	C14orf37	Silent	147	90	237	0.379746835443038	2	1	1	0.9864	1	0.9864	0.9864	True	0.77	2.15
14	60752634	C	G	PPM1A	Intron	6	6	12	0.5	2	1	1	1.2987	1	1.2987	1.0	True	0.77	2.15
14	62245578	G	A	SNAPC1	Missense_Mutation	139	102	241	0.42323651452282157	2	1	1	1.0993	1	1.0993	1.0	True	0.77	2.15
14	65260252	C	T	SPTB	Missense_Mutation	47	22	69	0.3188405797101449	2	1	1	0.8282	1	0.8282	0.8282	False	0.77	2.15
14	68151905	C	T	RDH11	Silent	69	41	110	0.37272727272727274	2	1	1	0.9681	1	0.9681	0.9681	True	0.77	2.15
14	69847202	G	A	ERH	3'UTR	142	87	229	0.3799126637554585	2	1	1	0.9868	1	0.9868	0.9868	True	0.77	2.15
14	73959452	T	A	HEATR4	Intron	88	58	146	0.3972602739726027	2	1	1	1.0318	1	1.0318	1.0	True	0.77	2.15
14	74194160	C	T	ELMSAN1	Splice_Site	35	10	45	0.2222222222222222	2	1	1	0.5772	1	0.5772	0.5772	False	0.77	2.15
14	75580950	A	G	NEK9	Missense_Mutation	218	145	363	0.39944903581267216	2	1	1	1.0375	1	1.0375	1.0	True	0.77	2.15
14	75904745	G	A	JDP2	Missense_Mutation	67	34	101	0.33663366336633666	2	1	1	0.8744	1	0.8744	0.8744	True	0.77	2.15
14	77242496	A	G	VASH1	Silent	9	8	17	0.47058823529411764	2	1	1	1.2223	1	1.2223	1.0	True	0.77	2.15
14	79433691	C	T	NRXN3	Missense_Mutation	136	70	206	0.33980582524271846	2	1	1	0.8826	1	0.8826	0.8826	True	0.77	2.15
14	80328354	C	T	NRXN3	3'UTR	84	41	125	0.328	2	1	1	0.8519	1	0.8519	0.8519	True	0.77	2.15
14	88935948	G	T	PTPN21	Missense_Mutation	193	119	312	0.3814102564102564	2	1	1	0.9907	1	0.9907	0.9907	True	0.77	2.15
14	88945437	T	C	PTPN21	Missense_Mutation	11	13	24	0.5416666666666666	2	1	1	1.4069	1	1.4069	1.0	True	0.77	2.15
14	91372562	T	G	RPS6KA5	Missense_Mutation	173	87	260	0.3346153846153846	2	1	1	0.8691	1	0.8691	0.8691	True	0.77	2.15
14	91927861	G	A	SMEK1	Missense_Mutation	145	24	169	0.14201183431952663	2	1	1	0.3689	1	0.3689	0.3689	False	0.77	2.15
14	93649593	T	C	MOAP1	Missense_Mutation	137	86	223	0.38565022421524664	2	1	1	1.0017	1	1.0017	1.0	True	0.77	2.15
14	95578541	G	A	DICER1	Missense_Mutation	165	112	277	0.4043321299638989	2	1	1	1.0502	1	1.0502	1.0	True	0.77	2.15
14	95597888	A	G	DICER1	Silent	309	170	479	0.35490605427974947	2	1	1	0.9218	1	0.9218	0.9218	True	0.77	2.15
14	95884327	T	C	SYNE3	Missense_Mutation	34	27	61	0.4426229508196721	2	1	1	1.1497	1	1.1497	1.0	True	0.77	2.15
14	101348856	C	T	RTL1	Missense_Mutation	146	129	275	0.4690909090909091	2	1	1	1.2184	1	1.2184	1.0	True	0.77	2.15
14	102471153	C	T	DYNC1H1	Missense_Mutation	251	131	382	0.34293193717277487	2	1	1	0.8907	1	0.8907	0.8907	True	0.77	2.15
14	102964647	G	A	TECPR2	3'UTR	12	11	23	0.4782608695652174	2	1	1	1.2422	1	1.2422	1.0	True	0.77	2.15
14	105614670	G	A	JAG2	Silent	12	6	18	0.3333333333333333	2	1	1	0.8658	1	0.8658	0.8658	True	0.77	2.15
14	105615580	G	A	JAG2	Silent	35	25	60	0.4166666666666667	2	1	1	1.0823	1	1.0823	1.0	True	0.77	2.15
14	105954583	G	A	CRIP1	Missense_Mutation	49	31	80	0.3875	2	1	1	1.0065	1	1.0065	1.0	True	0.77	2.15
14	106994247	C	A	IGHV3-48	Missense_Mutation	438	260	698	0.37249283667621774	2	1	1	0.9675	1	0.9675	0.9675	True	0.77	2.15
15	20489426	C	G	CHEK2P2	RNA	1272	103	1375	0.07490909090909091	2	1	1	0.1946	1	0.1946	0.1946	False	0.77	2.15
15	22709989	C	G	AC116165.1	5'Flank	7	9	16	0.5625	2	1	1	1.461	1	1.461	1.0	True	0.77	2.15
15	22925811	C	T	CYFIP1	Missense_Mutation	53	20	73	0.273972602739726	2	1	1	0.7116	1	0.7116	0.7116	False	0.77	2.15
15	32450726	C	T	CHRNA7	Silent	294	103	397	0.2594458438287154	2	1	1	0.6739	1	0.6739	0.6739	False	0.77	2.15
15	33359221	C	T	FMN1	Missense_Mutation	68	34	102	0.3333333333333333	2	1	1	0.8658	1	0.8658	0.8658	True	0.77	2.15
15	33359244	C	T	FMN1	Missense_Mutation	57	25	82	0.3048780487804878	2	1	1	0.7919	1	0.7919	0.7919	False	0.77	2.15
15	34137183	A	G	RYR3	Missense_Mutation	205	112	317	0.35331230283911674	2	1	1	0.9177	1	0.9177	0.9177	True	0.77	2.15
15	34654781	T	C	LPCAT4	Missense_Mutation	102	47	149	0.31543624161073824	2	1	1	0.8193	1	0.8193	0.8193	False	0.77	2.15
15	40018911	T	C	FSIP1	Missense_Mutation	267	31	298	0.1040268456375839	2	1	1	0.2702	1	0.2702	0.2702	False	0.77	2.15
15	40914893	A	G	CASC5	Missense_Mutation	102	62	164	0.3780487804878049	2	1	1	0.9819	1	0.9819	0.9819	True	0.77	2.15
15	41571019	G	A	CHP1	Missense_Mutation	260	159	419	0.3794749403341289	2	1	1	0.9856	1	0.9856	0.9856	True	0.77	2.15
15	42114459	T	C	MAPKBP1	Missense_Mutation	33	19	52	0.36538461538461536	2	1	1	0.9491	1	0.9491	0.9491	True	0.77	2.15
15	43028135	G	A	CDAN1	Silent	201	129	330	0.39090909090909093	2	1	1	1.0153	1	1.0153	1.0	True	0.77	2.15
15	43067910	A	G	TTBK2	Missense_Mutation	102	5	107	0.04672897196261682	2	1	1	0.1214	1	0.1214	0.1214	False	0.77	2.15
15	44898236	T	C	SPG11	Silent	143	86	229	0.37554585152838427	2	1	1	0.9754	1	0.9754	0.9754	True	0.77	2.15
15	49033711	A	G	CEP152	Intron	100	72	172	0.4186046511627907	2	1	1	1.0873	1	1.0873	1.0	True	0.77	2.15
15	49081165	G	T	CEP152	Missense_Mutation	250	158	408	0.3872549019607843	2	1	1	1.0059	1	1.0059	1.0	True	0.77	2.15
15	50899421	A	G	TRPM7	Silent	179	7	186	0.03763440860215054	2	1	1	0.0978	1	0.0978	0.0978	False	0.77	2.15
15	57921967	C	T	GCOM1	Missense_Mutation	143	95	238	0.39915966386554624	2	1	1	1.0368	1	1.0368	1.0	True	0.77	2.15
15	57967241	G	T	GCOM1	Nonsense_Mutation	203	117	320	0.365625	2	1	1	0.9497	1	0.9497	0.9497	True	0.77	2.15
15	58006972	A	G	POLR2M	3'UTR	73	6	79	0.0759493670886076	2	1	1	0.1973	1	0.1973	0.1973	False	0.77	2.15
15	58007033	G	A	POLR2M	3'UTR	15	3	18	0.16666666666666666	2	1	1	0.4329	1	0.4329	0.4329	False	0.77	2.15
15	62146723	G	A	VPS13C	Missense_Mutation	193	12	205	0.05853658536585366	2	1	1	0.152	1	0.152	0.152	False	0.77	2.15
15	63058521	C	T	TLN2	Missense_Mutation	60	8	68	0.11764705882352941	2	1	1	0.3056	1	0.3056	0.3056	False	0.77	2.15
15	65477565	G	A	CLPX	5'UTR	17	7	24	0.2916666666666667	2	1	1	0.7576	1	0.7576	0.7576	False	0.77	2.15
15	65917242	T	C	SLC24A1	Missense_Mutation	79	39	118	0.3305084745762712	2	1	1	0.8585	1	0.8585	0.8585	True	0.77	2.15
15	66170177	G	A	RAB11A	Nonsense_Mutation	198	110	308	0.35714285714285715	2	1	1	0.9276	1	0.9276	0.9276	True	0.77	2.15
15	68119168	C	T	SKOR1	Intron	7	4	11	0.36363636363636365	3	2	1	1.3081	1	1.3081	1.0	True	0.77	2.15
15	69715526	A	G	KIF23	Missense_Mutation	83	41	124	0.33064516129032256	2	1	1	0.8588	1	0.8588	0.8588	True	0.77	2.15
15	72197349	T	C	MYO9A	Splice_Site	227	136	363	0.3746556473829201	2	1	1	0.9731	1	0.9731	0.9731	True	0.77	2.15
15	72640419	A	G	HEXA	Missense_Mutation	104	46	150	0.30666666666666664	2	1	1	0.7965	1	0.7965	0.7965	False	0.77	2.15
15	73044640	G	A	ADPGK	3'UTR	34	10	44	0.22727272727272727	2	1	1	0.5903	1	0.5903	0.5903	False	0.77	2.15
15	73615749	T	C	HCN4	Silent	16	5	21	0.23809523809523808	2	1	1	0.6184	1	0.6184	0.6184	False	0.77	2.15
15	74911557	A	G	CLK3	Missense_Mutation	123	6	129	0.046511627906976744	2	1	1	0.1208	1	0.1208	0.1208	False	0.77	2.15
15	75641560	C	T	NEIL1	Missense_Mutation	18	3	21	0.14285714285714285	2	1	1	0.3711	1	0.3711	0.3711	False	0.77	2.15
15	77057327	A	G	SCAPER	Missense_Mutation	240	121	361	0.33518005540166207	2	1	1	0.8706	1	0.8706	0.8706	True	0.77	2.15
15	77770796	A	G	HMG20A	Missense_Mutation	34	3	37	0.08108108108108109	2	1	1	0.2106	1	0.2106	0.2106	False	0.77	2.15
15	78465994	T	C	ACSBG1	Missense_Mutation	89	65	154	0.42207792207792205	2	1	1	1.0963	1	1.0963	1.0	True	0.77	2.15
15	85681314	T	A	PDE8A	3'UTR	12	4	16	0.25	2	1	1	0.6494	1	0.6494	0.6494	False	0.77	2.15
15	89002773	G	A	MRPL46	3'UTR	73	39	112	0.3482142857142857	2	1	1	0.9045	1	0.9045	0.9045	True	0.77	2.15
15	90617350	G	A	ZNF710	Silent	46	18	64	0.28125	2	1	1	0.7305	1	0.7305	0.7305	False	0.77	2.15
15	91436997	G	T	FES	Missense_Mutation	17	21	38	0.5526315789473685	2	1	1	1.4354	1	1.4354	1.0	True	0.77	2.15
15	91450543	G	A	MAN2A2	Silent	49	22	71	0.30985915492957744	2	1	1	0.8048	1	0.8048	0.8048	False	0.77	2.15
15	100514630	G	A	ADAMTS17	Missense_Mutation	57	55	112	0.49107142857142855	2	1	1	1.2755	1	1.2755	1.0	True	0.77	2.15
16	223495	A	G	HBA2	Missense_Mutation	65	34	99	0.3434343434343434	2	1	1	0.892	1	0.892	0.892	True	0.77	2.15
16	314098	C	T	ITFG3	Silent	21	13	34	0.38235294117647056	2	1	1	0.9931	1	0.9931	0.9931	True	0.77	2.15
16	314835	C	T	ITFG3	Silent	19	16	35	0.45714285714285713	2	1	1	1.1874	1	1.1874	1.0	True	0.77	2.15
16	1261574	C	T	CACNA1H	Nonsense_Mutation	21	17	38	0.4473684210526316	2	1	1	1.162	1	1.162	1.0	True	0.77	2.15
16	1501628	C	T	CLCN7	Silent	45	20	65	0.3076923076923077	2	1	1	0.7992	1	0.7992	0.7992	False	0.77	2.15
16	2283890	C	T	E4F1	Missense_Mutation	18	11	29	0.3793103448275862	2	1	1	0.9852	1	0.9852	0.9852	True	0.77	2.15
16	2285081	G	A	E4F1	Splice_Site	16	11	27	0.4074074074074074	2	1	1	1.0582	1	1.0582	1.0	True	0.77	2.15
16	2522741	A	T	NTN3	Missense_Mutation	8	3	11	0.2727272727272727	2	1	1	0.7084	1	0.7084	0.7084	False	0.77	2.15
16	4430999	C	T	VASN	Missense_Mutation	12	3	15	0.2	2	1	1	0.5195	1	0.5195	0.5195	False	0.77	2.15
16	11852388	T	C	ZC3H7A	Missense_Mutation	122	70	192	0.3645833333333333	2	1	1	0.947	1	0.947	0.947	True	0.77	2.15
16	12875075	C	T	CPPED1	Missense_Mutation	315	20	335	0.05970149253731343	2	1	1	0.1551	1	0.1551	0.1551	False	0.77	2.15
16	15157141	C	A	RRN3	Splice_Site	167	87	254	0.3425196850393701	2	1	1	0.8897	1	0.8897	0.8897	True	0.77	2.15
16	15162055	T	C	RRN3	Silent	43	16	59	0.2711864406779661	2	1	1	0.7044	1	0.7044	0.7044	False	0.77	2.15
16	15831474	C	T	MYH11	Missense_Mutation	159	8	167	0.04790419161676647	2	1	1	0.1244	1	0.1244	0.1244	False	0.77	2.15
16	16228325	G	A	ABCC1	Missense_Mutation	56	26	82	0.3170731707317073	2	1	1	0.8236	1	0.8236	0.8236	False	0.77	2.15
16	21995786	T	G	PDZD9	Silent	268	191	459	0.41612200435729846	2	1	1	1.0808	1	1.0808	1.0	True	0.77	2.15
16	22295258	C	A	EEF2K	Silent	61	36	97	0.3711340206185567	2	1	1	0.964	1	0.964	0.964	True	0.77	2.15
16	23391803	T	G	SCNN1B	Missense_Mutation	82	46	128	0.359375	2	1	1	0.9334	1	0.9334	0.9334	True	0.77	2.15
16	23456454	C	G	COG7	Missense_Mutation	313	15	328	0.04573170731707317	2	1	1	0.1188	1	0.1188	0.1188	False	0.77	2.15
16	23464406	C	T	COG7	5'UTR	13	4	17	0.23529411764705882	2	1	1	0.6112	1	0.6112	0.6112	False	0.77	2.15
16	27221801	C	A	KDM8	Silent	14	12	26	0.46153846153846156	2	1	1	1.1988	1	1.1988	1.0	True	0.77	2.15
16	27221874	A	G	KDM8	Missense_Mutation	16	12	28	0.42857142857142855	2	1	1	1.1132	1	1.1132	1.0	True	0.77	2.15
16	27357881	A	G	IL4R	Missense_Mutation	143	93	236	0.3940677966101695	2	1	1	1.0236	1	1.0236	1.0	True	0.77	2.15
16	27512666	C	A	GTF3C1	Splice_Site	71	40	111	0.36036036036036034	2	1	1	0.936	1	0.936	0.936	True	0.77	2.15
16	28511194	C	T	IL27	Silent	11	7	18	0.3888888888888889	2	1	1	1.0101	1	1.0101	1.0	True	0.77	2.15
16	29992997	C	T	TAOK2	Missense_Mutation	298	179	477	0.3752620545073375	2	1	1	0.9747	1	0.9747	0.9747	True	0.77	2.15
16	30080962	C	T	ALDOA	Missense_Mutation	59	40	99	0.40404040404040403	2	1	1	1.0495	1	1.0495	1.0	True	0.77	2.15
16	30999506	G	A	HSD3B7	3'UTR	12	10	22	0.45454545454545453	2	1	1	1.1806	1	1.1806	1.0	True	0.77	2.15
16	31072662	C	T	ZNF668	Silent	18	10	28	0.35714285714285715	2	1	1	0.9276	1	0.9276	0.9276	True	0.77	2.15
16	31091534	C	T	ZNF646	Missense_Mutation	18	9	27	0.3333333333333333	2	1	1	0.8658	1	0.8658	0.8658	True	0.77	2.15
16	31160508	G	A	PRSS36	Missense_Mutation	11	5	16	0.3125	2	1	1	0.8117	1	0.8117	0.8117	False	0.77	2.15
16	31342567	C	T	ITGAM	Silent	25	25	50	0.5	2	1	1	1.2987	1	1.2987	1.0	True	0.77	2.15
16	31374656	C	T	ITGAX	Silent	130	66	196	0.336734693877551	2	1	1	0.8746	1	0.8746	0.8746	True	0.77	2.15
16	31477362	C	T	ARMC5	Intron	56	38	94	0.40425531914893614	2	1	1	1.05	1	1.05	1.0	True	0.77	2.15
16	47682455	G	A	PHKB	Silent	183	95	278	0.34172661870503596	2	1	1	0.8876	1	0.8876	0.8876	True	0.77	2.15
16	48149520	G	A	ABCC12	Missense_Mutation	53	37	90	0.4111111111111111	2	1	1	1.0678	1	1.0678	1.0	True	0.77	2.15
16	50324419	G	A	ADCY7	Missense_Mutation	110	66	176	0.375	2	1	1	0.974	1	0.974	0.974	True	0.77	2.15
16	50324499	G	T	ADCY7	Missense_Mutation	111	88	199	0.44221105527638194	2	1	1	1.1486	1	1.1486	1.0	True	0.77	2.15
16	50325691	G	A	ADCY7	Silent	167	8	175	0.045714285714285714	2	1	1	0.1187	1	0.1187	0.1187	False	0.77	2.15
16	50783750	A	G	CYLD	Silent	191	99	290	0.3413793103448276	2	1	1	0.8867	1	0.8867	0.8867	True	0.77	2.15
16	50785600	T	C	CYLD	Missense_Mutation	413	26	439	0.05922551252847381	2	1	1	0.1538	1	0.1538	0.1538	False	0.77	2.15
16	51185093	C	T	SALL1	Silent	41	21	62	0.3387096774193548	2	1	1	0.8798	1	0.8798	0.8798	True	0.77	2.15
16	53283933	A	G	CHD9	Silent	142	82	224	0.36607142857142855	2	1	1	0.9508	1	0.9508	0.9508	True	0.77	2.15
16	56487178	T	C	OGFOD1	Missense_Mutation	158	76	234	0.3247863247863248	2	1	1	0.8436	1	0.8436	0.8436	False	0.77	2.15
16	56678051	C	T	MT1A	3'Flank	75	33	108	0.3055555555555556	2	1	1	0.7937	1	0.7937	0.7937	False	0.77	2.15
16	57085533	A	C	NLRC5	Missense_Mutation	285	22	307	0.07166123778501629	2	1	1	0.1861	1	0.1861	0.1861	False	0.77	2.15
16	57272810	G	A	RSPRY1	Missense_Mutation	128	70	198	0.35353535353535354	2	1	1	0.9183	1	0.9183	0.9183	True	0.77	2.15
16	58314231	T	C	PRSS54	Missense_Mutation	222	115	337	0.34124629080118696	2	1	1	0.8864	1	0.8864	0.8864	True	0.77	2.15
16	58581178	A	G	CNOT1	Missense_Mutation	84	40	124	0.3225806451612903	2	1	1	0.8379	1	0.8379	0.8379	False	0.77	2.15
16	67684005	C	T	RLTPR	Silent	122	60	182	0.32967032967032966	2	1	1	0.8563	1	0.8563	0.8563	True	0.77	2.15
16	67709330	G	C	GFOD2	Missense_Mutation	25	16	41	0.3902439024390244	2	1	1	1.0136	1	1.0136	1.0	True	0.77	2.15
16	68265114	T	C	ESRP2	Missense_Mutation	75	39	114	0.34210526315789475	2	1	1	0.8886	1	0.8886	0.8886	True	0.77	2.15
16	68961618	G	A	TANGO6	Missense_Mutation	122	73	195	0.37435897435897436	2	1	1	0.9724	1	0.9724	0.9724	True	0.77	2.15
16	68961634	A	G	TANGO6	Missense_Mutation	116	53	169	0.3136094674556213	2	1	1	0.8146	1	0.8146	0.8146	False	0.77	2.15
16	70292030	G	A	AARS	Nonsense_Mutation	58	37	95	0.3894736842105263	2	1	1	1.0116	1	1.0116	1.0	True	0.77	2.15
16	70722098	G	A	VAC14	Intron	56	36	92	0.391304347826087	2	1	1	1.0164	1	1.0164	1.0	True	0.77	2.15
16	71007882	C	A	HYDIN	Missense_Mutation	407	50	457	0.10940919037199125	2	1	1	0.2842	1	0.2842	0.2842	False	0.77	2.15
16	71663366	C	T	MARVELD3	Silent	100	52	152	0.34210526315789475	2	1	1	0.8886	1	0.8886	0.8886	True	0.77	2.15
16	71894267	A	G	ZNF821	Missense_Mutation	28	19	47	0.40425531914893614	2	1	1	1.05	1	1.05	1.0	True	0.77	2.15
16	72132658	G	A	DHX38	Missense_Mutation	106	10	116	0.08620689655172414	2	1	1	0.2239	1	0.2239	0.2239	False	0.77	2.15
16	72991442	T	A	ZFHX3	Missense_Mutation	224	133	357	0.37254901960784315	2	1	1	0.9677	1	0.9677	0.9677	True	0.77	2.15
16	72991573	G	A	ZFHX3	Silent	209	133	342	0.3888888888888889	2	1	1	1.0101	1	1.0101	1.0	True	0.77	2.15
16	75271166	G	A	BCAR1	Missense_Mutation	21	15	36	0.4166666666666667	2	1	1	1.0823	1	1.0823	1.0	True	0.77	2.15
16	75563186	C	T	CHST5	Missense_Mutation	14	6	20	0.3	2	1	1	0.7792	1	0.7792	0.7792	False	0.77	2.15
16	75600411	C	G	GABARAPL2	Missense_Mutation	16	6	22	0.2727272727272727	2	1	1	0.7084	1	0.7084	0.7084	False	0.77	2.15
16	84228109	T	C	ADAD2	Silent	57	40	97	0.41237113402061853	2	1	1	1.0711	1	1.0711	1.0	True	0.77	2.15
16	84488448	G	A	ATP2C2	Missense_Mutation	164	9	173	0.05202312138728324	2	1	1	0.1351	1	0.1351	0.1351	False	0.77	2.15
16	85695039	C	A	GSE1	Missense_Mutation	5	5	10	0.5	2	1	1	1.2987	1	1.2987	1.0	True	0.77	2.15
16	88503133	G	T	ZNF469	Missense_Mutation	9	4	13	0.3076923076923077	2	1	1	0.7992	1	0.7992	0.7992	False	0.77	2.15
16	88789042	G	A	PIEZO1	Missense_Mutation	23	10	33	0.30303030303030304	2	1	1	0.7871	1	0.7871	0.7871	False	0.77	2.15
16	88871904	C	A	CDT1	Missense_Mutation	15	12	27	0.4444444444444444	2	1	1	1.1544	1	1.1544	1.0	True	0.77	2.15
16	88932785	A	G	PABPN1L	Missense_Mutation	90	64	154	0.4155844155844156	2	1	1	1.0794	1	1.0794	1.0	True	0.77	2.15
16	89178653	A	G	ACSF3	Missense_Mutation	90	38	128	0.296875	2	1	1	0.7711	1	0.7711	0.7711	False	0.77	2.15
16	89245946	C	T	CDH15	Silent	68	44	112	0.39285714285714285	2	1	1	1.0204	1	1.0204	1.0	True	0.77	2.15
16	89347283	T	C	ANKRD11	Silent	35	27	62	0.43548387096774194	2	1	1	1.1311	1	1.1311	1.0	True	0.77	2.15
16	89348127	A	G	ANKRD11	Missense_Mutation	61	57	118	0.4830508474576271	2	1	1	1.2547	1	1.2547	1.0	True	0.77	2.15
17	1579900	G	A	PRPF8	Nonsense_Mutation	101	53	154	0.34415584415584416	2	1	1	0.8939	1	0.8939	0.8939	True	0.77	2.15
17	1636026	C	G	WDR81	Missense_Mutation	15	21	36	0.5833333333333334	2	1	1	1.5152	1	1.5152	1.0	True	0.77	2.15
17	2593958	G	A	CLUH	Missense_Mutation	15	12	27	0.4444444444444444	2	1	1	1.1544	1	1.1544	1.0	True	0.77	2.15
17	2607685	C	T	CLUH	Missense_Mutation	44	31	75	0.41333333333333333	2	1	1	1.0736	1	1.0736	1.0	True	0.77	2.15
17	4088270	G	A	ANKFY1	Silent	44	42	86	0.4883720930232558	2	1	1	1.2685	1	1.2685	1.0	True	0.77	2.15
17	4455213	C	T	MYBBP1A	Missense_Mutation	30	19	49	0.3877551020408163	2	1	1	1.0072	1	1.0072	1.0	True	0.77	2.15
17	4858731	G	A	ENO3	Missense_Mutation	96	65	161	0.40372670807453415	2	1	1	1.0486	1	1.0486	1.0	True	0.77	2.15
17	4862826	C	T	SPAG7	3'UTR	38	15	53	0.2830188679245283	2	1	1	0.7351	1	0.7351	0.7351	False	0.77	2.15
17	4892806	C	T	INCA1	Silent	106	54	160	0.3375	2	1	1	0.8766	1	0.8766	0.8766	True	0.77	2.15
17	7681676	C	T	DNAH2	Silent	51	20	71	0.28169014084507044	2	1	1	0.7317	1	0.7317	0.7317	False	0.77	2.15
17	7705284	A	G	DNAH2	Missense_Mutation	234	100	334	0.2994011976047904	2	1	1	0.7777	1	0.7777	0.7777	False	0.77	2.15
17	7842981	C	T	CNTROB	Nonsense_Mutation	70	42	112	0.375	2	1	1	0.974	1	0.974	0.974	True	0.77	2.15
17	7915514	C	T	GUCY2D	Missense_Mutation	51	28	79	0.35443037974683544	2	1	1	0.9206	1	0.9206	0.9206	True	0.77	2.15
17	7942706	G	T	ALOX15B	Missense_Mutation	42	21	63	0.3333333333333333	2	1	1	0.8658	1	0.8658	0.8658	True	0.77	2.15
17	8736214	C	T	PIK3R6	Missense_Mutation	8	4	12	0.3333333333333333	2	1	1	0.8658	1	0.8658	0.8658	True	0.77	2.15
17	9604499	G	C	USP43	Missense_Mutation	21	23	44	0.5227272727272727	2	1	1	1.3577	1	1.3577	1.0	True	0.77	2.15
17	10397961	A	G	MYH1	Silent	429	169	598	0.2826086956521739	2	1	1	0.734	1	0.734	0.734	False	0.77	2.15
17	10442670	A	G	MYH2	Missense_Mutation	221	138	359	0.38440111420612816	2	1	1	0.9984	1	0.9984	0.9984	True	0.77	2.15
17	10542777	A	G	MYH3	Silent	177	90	267	0.33707865168539325	2	1	1	0.8755	1	0.8755	0.8755	True	0.77	2.15
17	10549319	T	C	MYH3	Missense_Mutation	231	104	335	0.31044776119402984	2	1	1	0.8064	1	0.8064	0.8064	False	0.77	2.15
17	15162486	C	T	PMP22	Missense_Mutation	310	181	491	0.36863543788187375	2	1	1	0.9575	1	0.9575	0.9575	True	0.77	2.15
17	15234553	G	A	TEKT3	Missense_Mutation	739	22	761	0.02890932982917214	2	1	1	0.0751	1	0.0751	0.0751	False	0.77	2.15
17	15517264	A	G	RP11-385D13.1	Missense_Mutation	167	96	263	0.3650190114068441	2	1	1	0.9481	1	0.9481	0.9481	True	0.77	2.15
17	17900865	A	G	LRRC48	Missense_Mutation	153	80	233	0.34334763948497854	2	1	1	0.8918	1	0.8918	0.8918	True	0.77	2.15
17	18635399	T	C	TRIM16L	Missense_Mutation	322	168	490	0.34285714285714286	2	1	1	0.8905	1	0.8905	0.8905	True	0.77	2.15
17	18923635	C	T	SLC5A10	Intron	155	79	234	0.33760683760683763	2	1	1	0.8769	1	0.8769	0.8769	True	0.77	2.15
17	26708464	G	C	SARM1	Missense_Mutation	16	6	22	0.2727272727272727	3	2	1	0.9811	1	0.9811	0.9811	True	0.77	2.15
17	27018009	G	A	SUPT6H	Silent	223	77	300	0.25666666666666665	3	2	1	0.9233	1	0.9233	0.9233	True	0.77	2.15
17	27066194	A	G	NEK8	Silent	254	9	263	0.034220532319391636	3	2	1	0.1231	1	0.1231	0.1231	False	0.77	2.15
17	27228067	G	A	DHRS13	Missense_Mutation	70	21	91	0.23076923076923078	2	1	1	0.5994	1	0.5994	0.5994	False	0.77	2.15
17	27414017	G	A	MYO18A	Silent	148	24	172	0.13953488372093023	5	4	1	0.781	1	0.781	0.781	False	0.77	2.15
17	27493811	G	A	MYO18A	Missense_Mutation	365	85	450	0.18888888888888888	5	4	1	1.0573	1	1.0573	1.0	True	0.77	2.15
17	27577217	G	C	CRYBA1	Missense_Mutation	582	109	691	0.1577424023154848	5	4	1	0.8829	1	0.8829	0.8829	True	0.77	2.15
17	30498102	T	C	RHOT1	Silent	116	18	134	0.13432835820895522	1	1	0	0.2146	1	0.2146	0.2146	False	0.77	2.15
17	33767699	G	A	SLFN13	Missense_Mutation	89	134	223	0.600896860986547	1	1	0	0.9599	1	0.9599	0.9599	True	0.77	2.15
17	37922286	C	T	IKZF3	Silent	67	100	167	0.5988023952095808	1	1	0	0.9565	1	0.9565	0.9565	True	0.77	2.15
17	38911447	C	T	KRT25	Missense_Mutation	14	14	28	0.5	1	1	0	0.7987	1	0.7987	0.7987	False	0.77	2.15
17	39080751	G	A	KRT23	Missense_Mutation	177	6	183	0.03278688524590164	1	1	0	0.0524	1	0.0524	0.0524	False	0.77	2.15
17	39580442	T	C	KRT37	Missense_Mutation	55	89	144	0.6180555555555556	1	1	0	0.9873	1	0.9873	0.9873	True	0.77	2.15
17	40270000	T	C	KAT2A	Missense_Mutation	23	37	60	0.6166666666666667	1	1	0	0.9851	1	0.9851	0.9851	True	0.77	2.15
17	40666400	C	T	ATP6V0A1	Missense_Mutation	69	114	183	0.6229508196721312	1	1	0	0.9951	1	0.9951	0.9951	True	0.77	2.15
17	41244131	A	G	BRCA1	Silent	168	6	174	0.034482758620689655	1	1	0	0.0551	1	0.0551	0.0551	False	0.77	2.15
17	42285118	C	A	UBTF	Missense_Mutation	48	58	106	0.5471698113207547	1	1	0	0.8741	1	0.8741	0.8741	True	0.77	2.15
17	42744742	C	T	C17orf104	Missense_Mutation	33	50	83	0.6024096385542169	1	1	0	0.9623	1	0.9623	0.9623	True	0.77	2.15
17	43175768	G	T	NMT1	Missense_Mutation	41	57	98	0.5816326530612245	1	1	0	0.9291	1	0.9291	0.9291	True	0.77	2.15
17	45104975	C	T	RP11-156P1.3	Intron	112	50	162	0.30864197530864196	1	1	0	0.493	1	0.493	0.493	False	0.77	2.15
17	55193605	C	T	AKAP1	Silent	352	11	363	0.030303030303030304	5	4	1	0.1696	1	0.1696	0.1696	False	0.77	2.15
17	56276525	C	T	EPX	Silent	221	42	263	0.1596958174904943	5	4	1	0.8939	1	0.8939	0.8939	True	0.77	2.15
17	56284466	G	A	MKS1	Missense_Mutation	226	34	260	0.13076923076923078	5	4	1	0.732	1	0.732	0.732	False	0.77	2.15
17	56572389	C	T	MTMR4	Silent	670	137	807	0.1697645600991326	5	4	1	0.9502	1	0.9502	0.9502	True	0.77	2.15
17	57189485	T	G	SKA2	3'UTR	65	15	80	0.1875	5	4	1	1.0495	1	1.0495	1.0	True	0.77	2.15
17	57322807	T	C	GDPD1	Missense_Mutation	477	89	566	0.15724381625441697	5	4	1	0.8802	1	0.8802	0.8802	True	0.77	2.15
17	57351149	A	G	GDPD1	3'UTR	171	42	213	0.19718309859154928	5	4	1	1.1037	1	1.1037	1.0	True	0.77	2.15
17	57760139	T	C	CLTC	Silent	599	105	704	0.14914772727272727	5	4	1	0.8348	1	0.8348	0.8348	False	0.77	2.15
17	57958422	G	A	TUBD1	Missense_Mutation	417	106	523	0.20267686424474188	5	4	1	1.1345	1	1.1345	1.0	True	0.77	2.15
17	58040604	T	C	RNFT1	Missense_Mutation	120	36	156	0.23076923076923078	5	4	1	1.2917	1	1.2917	1.0	True	0.77	2.15
17	58258723	T	C	USP32	Missense_Mutation	619	119	738	0.16124661246612465	5	4	1	0.9026	1	0.9026	0.9026	True	0.77	2.15
17	58286768	T	C	USP32	Missense_Mutation	511	113	624	0.18108974358974358	5	4	1	1.0136	1	1.0136	1.0	True	0.77	2.15
17	59945278	T	C	INTS2	Missense_Mutation	350	100	450	0.2222222222222222	5	4	1	1.2439	1	1.2439	1.0	True	0.77	2.15
17	59947271	T	C	INTS2	Missense_Mutation	298	57	355	0.16056338028169015	5	4	1	0.8987	1	0.8987	0.8987	True	0.77	2.15
17	60768012	C	T	MRC2	Missense_Mutation	304	60	364	0.16483516483516483	5	4	1	0.9226	1	0.9226	0.9226	True	0.77	2.15
17	61901579	T	G	FTSJ3	Missense_Mutation	682	149	831	0.1793020457280385	5	4	1	1.0036	1	1.0036	1.0	True	0.77	2.15
17	61957633	G	T	GH2	3'UTR	362	76	438	0.1735159817351598	5	4	1	0.9712	1	0.9712	0.9712	True	0.77	2.15
17	62019085	G	A	SCN4A	Silent	481	93	574	0.16202090592334495	5	4	1	0.9069	1	0.9069	0.9069	True	0.77	2.15
17	62020328	C	T	SCN4A	Silent	755	139	894	0.15548098434004473	5	4	1	0.8703	1	0.8703	0.8703	True	0.77	2.15
17	62796329	G	A	PLEKHM1P	RNA	143	25	168	0.1488095238095238	5	4	1	0.8329	1	0.8329	0.8329	False	0.77	2.15
17	66040120	G	A	KPNA2	Missense_Mutation	467	138	605	0.228099173553719	5	4	1	1.2768	1	1.2768	1.0	True	0.77	2.15
17	66265429	G	A	SLC16A6	Silent	183	21	204	0.10294117647058823	5	4	1	0.5762	1	0.5762	0.5762	False	0.77	2.15
17	66982349	G	A	ABCA9	Silent	307	86	393	0.21882951653944022	5	4	1	1.2249	1	1.2249	1.0	True	0.77	2.15
17	67047217	G	A	ABCA9	Silent	611	135	746	0.18096514745308312	5	4	1	1.0129	1	1.0129	1.0	True	0.77	2.15
17	67309421	A	G	ABCA5	Missense_Mutation	176	27	203	0.1330049261083744	5	4	1	0.7445	1	0.7445	0.7445	False	0.77	2.15
17	68171419	G	A	KCNJ2	Missense_Mutation	303	57	360	0.15833333333333333	5	4	1	0.8863	1	0.8863	0.8863	True	0.77	2.15
17	71196087	C	T	COG1	Missense_Mutation	474	91	565	0.16106194690265488	5	4	1	0.9015	1	0.9015	0.9015	True	0.77	2.15
17	71197684	A	G	COG1	Missense_Mutation	156	35	191	0.18324607329842932	5	4	1	1.0257	1	1.0257	1.0	True	0.77	2.15
17	71205558	G	A	FAM104A	3'UTR	15	3	18	0.16666666666666666	5	4	1	0.9329	1	0.9329	0.9329	True	0.77	2.15
17	71397224	G	A	SDK2	Missense_Mutation	227	60	287	0.20905923344947736	5	4	1	1.1702	1	1.1702	1.0	True	0.77	2.15
17	73100288	C	T	SLC16A5	Intron	108	13	121	0.10743801652892562	5	4	1	0.6014	1	0.6014	0.6014	False	0.77	2.15
17	73262964	G	A	MIF4GD	Silent	213	39	252	0.15476190476190477	5	4	1	0.8663	1	0.8663	0.8663	True	0.77	2.15
17	74019442	G	A	EVPL	Silent	313	78	391	0.19948849104859334	5	4	1	1.1166	1	1.1166	1.0	True	0.77	2.15
17	74396571	C	T	UBE2O	Missense_Mutation	198	37	235	0.1574468085106383	5	4	1	0.8813	1	0.8813	0.8813	True	0.77	2.15
17	74623564	G	A	ST6GALNAC1	Silent	352	57	409	0.1393643031784841	5	4	1	0.7801	1	0.7801	0.7801	False	0.77	2.15
17	74719905	A	T	JMJD6	Missense_Mutation	635	148	783	0.18901660280970625	5	4	1	1.058	1	1.058	1.0	True	0.77	2.15
17	74943951	C	T	MGAT5B	Missense_Mutation	158	31	189	0.164021164021164	5	4	1	0.9181	1	0.9181	0.9181	True	0.77	2.15
17	75190772	T	C	SEC14L1	Missense_Mutation	251	63	314	0.20063694267515925	5	4	1	1.123	1	1.123	1.0	True	0.77	2.15
17	76128547	G	T	TMC8	Missense_Mutation	129	30	159	0.18867924528301888	5	4	1	1.0561	1	1.0561	1.0	True	0.77	2.15
17	76219871	C	T	AC087645.1	Silent	20	8	28	0.2857142857142857	5	4	1	1.5993	2	0.7996	0.7996	False	0.77	2.15
17	76388701	C	T	PGS1	Silent	280	57	337	0.16913946587537093	5	4	1	0.9467	1	0.9467	0.9467	True	0.77	2.15
17	76456047	G	A	DNAH17	Missense_Mutation	243	59	302	0.19536423841059603	5	4	1	1.0935	1	1.0935	1.0	True	0.77	2.15
17	76492000	C	T	DNAH17	Missense_Mutation	582	119	701	0.16975748930099857	5	4	1	0.9502	1	0.9502	0.9502	True	0.77	2.15
17	76798528	C	T	USP36	Missense_Mutation	118	17	135	0.1259259259259259	5	4	1	0.7049	1	0.7049	0.7049	False	0.77	2.15
17	76972105	G	A	LGALS3BP	Silent	44	13	57	0.22807017543859648	5	4	1	1.2766	1	1.2766	1.0	True	0.77	2.15
17	77111652	G	A	RBFOX3	Missense_Mutation	498	15	513	0.029239766081871343	5	4	1	0.1637	1	0.1637	0.1637	False	0.77	2.15
17	77708966	A	G	ENPP7	Missense_Mutation	77	13	90	0.14444444444444443	5	4	1	0.8085	1	0.8085	0.8085	False	0.77	2.15
17	77758863	G	A	CBX2	3'UTR	56	11	67	0.16417910447761194	5	4	1	0.919	1	0.919	0.919	True	0.77	2.15
17	78081489	A	T	GAA	Missense_Mutation	68	7	75	0.09333333333333334	5	4	1	0.5224	1	0.5224	0.5224	False	0.77	2.15
17	78084571	G	A	GAA	Missense_Mutation	463	81	544	0.1488970588235294	5	4	1	0.8334	1	0.8334	0.8334	False	0.77	2.15
17	78188916	G	A	SGSH	Silent	133	18	151	0.11920529801324503	5	4	1	0.6672	1	0.6672	0.6672	False	0.77	2.15
17	78320424	T	C	RNF213	Silent	55	16	71	0.22535211267605634	5	4	1	1.2614	1	1.2614	1.0	True	0.77	2.15
17	78321794	G	A	RNF213	Missense_Mutation	214	40	254	0.15748031496062992	5	4	1	0.8815	1	0.8815	0.8815	True	0.77	2.15
17	78326956	C	T	RNF213	Intron	32	5	37	0.13513513513513514	5	4	1	0.7564	1	0.7564	0.7564	False	0.77	2.15
17	78332203	T	C	RNF213	Missense_Mutation	395	69	464	0.14870689655172414	5	4	1	0.8324	1	0.8324	0.8324	False	0.77	2.15
17	78820339	C	T	RPTOR	Nonsense_Mutation	202	35	237	0.14767932489451477	5	4	1	0.8266	1	0.8266	0.8266	False	0.77	2.15
17	78914364	C	T	RPTOR	Silent	136	41	177	0.23163841807909605	5	4	1	1.2966	1	1.2966	1.0	True	0.77	2.15
17	79170839	G	A	AZI1	Missense_Mutation	79	22	101	0.21782178217821782	5	4	1	1.2192	1	1.2192	1.0	True	0.77	2.15
17	79211237	G	A	ENTHD2	Missense_Mutation	186	40	226	0.17699115044247787	5	4	1	0.9907	1	0.9907	0.9907	True	0.77	2.15
17	79268848	G	T	SLC38A10	5'UTR	9	4	13	0.3076923076923077	5	4	1	1.7223	2	0.8611	0.8611	True	0.77	2.15
17	79409545	C	T	RP11-1055B8.7	Silent	13	4	17	0.23529411764705882	5	4	1	1.317	1	1.317	1.0	True	0.77	2.15
17	79428464	C	T	RP11-1055B8.7	Missense_Mutation	31	7	38	0.18421052631578946	5	4	1	1.0311	1	1.0311	1.0	True	0.77	2.15
17	79681982	G	T	SLC25A10	Splice_Site	41	14	55	0.2545454545454545	5	4	1	1.4248	1	1.4248	1.0	True	0.77	2.15
17	79768946	G	A	GCGR	Missense_Mutation	62	14	76	0.18421052631578946	5	4	1	1.0311	1	1.0311	1.0	True	0.77	2.15
17	79914601	G	A	NOTUM	Missense_Mutation	20	4	24	0.16666666666666666	5	4	1	0.9329	1	0.9329	0.9329	True	0.77	2.15
17	79981611	C	T	LRRC45	Missense_Mutation	25	6	31	0.1935483870967742	5	4	1	1.0834	1	1.0834	1.0	True	0.77	2.15
17	80019598	C	A	DUS1L	Splice_Site	111	27	138	0.1956521739130435	5	4	1	1.0951	1	1.0951	1.0	True	0.77	2.15
17	80043399	T	C	FASN	Missense_Mutation	34	4	38	0.10526315789473684	5	4	1	0.5892	1	0.5892	0.5892	False	0.77	2.15
17	80195570	G	A	SLC16A3	Silent	200	45	245	0.1836734693877551	5	4	1	1.0281	1	1.0281	1.0	True	0.77	2.15
17	80332445	C	T	UTS2R	Missense_Mutation	60	13	73	0.1780821917808219	5	4	1	0.9968	1	0.9968	0.9968	True	0.77	2.15
18	12028956	A	G	IMPA2	Missense_Mutation	56	23	79	0.2911392405063291	2	1	1	0.7562	1	0.7562	0.7562	False	0.77	2.15
18	19378079	A	G	MIB1	Missense_Mutation	360	16	376	0.0425531914893617	2	1	1	0.1105	1	0.1105	0.1105	False	0.77	2.15
18	20572915	T	A	RBBP8	Silent	55	40	95	0.42105263157894735	2	1	1	1.0936	1	1.0936	1.0	True	0.77	2.15
18	23772436	T	C	PSMA8	3'UTR	123	6	129	0.046511627906976744	2	1	1	0.1208	1	0.1208	0.1208	False	0.77	2.15
18	33077733	C	A	INO80C	Missense_Mutation	56	30	86	0.3488372093023256	2	1	1	0.9061	1	0.9061	0.9061	True	0.77	2.15
18	34752976	T	C	KIAA1328	Silent	188	85	273	0.31135531135531136	2	1	1	0.8087	1	0.8087	0.8087	False	0.77	2.15
18	34854368	C	T	CELF4	Missense_Mutation	11	16	27	0.5925925925925926	2	1	1	1.5392	1	1.5392	1.0	True	0.77	2.15
18	43571950	C	T	PSTPIP2	Splice_Site	228	128	356	0.3595505617977528	2	1	1	0.9339	1	0.9339	0.9339	True	0.77	2.15
18	47383217	C	T	MYO5B	Missense_Mutation	327	11	338	0.03254437869822485	2	1	1	0.0845	1	0.0845	0.0845	False	0.77	2.15
18	48256159	G	A	MAPK4	Missense_Mutation	13	7	20	0.35	2	1	1	0.9091	1	0.9091	0.9091	True	0.77	2.15
18	54281731	A	G	TXNL1	Missense_Mutation	256	156	412	0.3786407766990291	2	1	1	0.9835	1	0.9835	0.9835	True	0.77	2.15
18	55287867	A	G	NARS	Silent	257	150	407	0.36855036855036855	2	1	1	0.9573	1	0.9573	0.9573	True	0.77	2.15
18	55996356	C	T	NEDD4L	Silent	43	22	65	0.3384615384615385	2	1	1	0.8791	1	0.8791	0.8791	True	0.77	2.15
18	57006121	A	G	LMAN1	Silent	223	151	374	0.4037433155080214	2	1	1	1.0487	1	1.0487	1.0	True	0.77	2.15
18	65181126	T	C	DSEL	Silent	153	114	267	0.42696629213483145	2	1	1	1.109	1	1.109	1.0	True	0.77	2.15
18	74701940	T	C	MBP	Missense_Mutation	352	182	534	0.3408239700374532	2	1	1	0.8853	1	0.8853	0.8853	True	0.77	2.15
19	375704	T	C	THEG	Silent	86	40	126	0.31746031746031744	2	1	1	0.8246	1	0.8246	0.8246	False	0.77	2.15
19	375710	C	T	THEG	Silent	91	43	134	0.3208955223880597	2	1	1	0.8335	1	0.8335	0.8335	False	0.77	2.15
19	613253	C	T	HCN2	Silent	46	28	74	0.3783783783783784	2	1	1	0.9828	1	0.9828	0.9828	True	0.77	2.15
19	629859	C	T	POLRMT	Missense_Mutation	16	11	27	0.4074074074074074	2	1	1	1.0582	1	1.0582	1.0	True	0.77	2.15
19	1123591	C	A	SBNO2	Missense_Mutation	105	65	170	0.38235294117647056	2	1	1	0.9931	1	0.9931	0.9931	True	0.77	2.15
19	1234690	C	T	C19orf26	Silent	38	128	166	0.7710843373493976	2	1	1	2.0028	1	2.0028	1.0	True	0.77	2.15
19	1456366	A	G	APC2	Missense_Mutation	17	8	25	0.32	2	1	1	0.8312	1	0.8312	0.8312	False	0.77	2.15
19	2917093	C	T	ZNF57	Silent	37	138	175	0.7885714285714286	2	1	1	2.0482	1	2.0482	1.0	True	0.77	2.15
19	3179654	C	T	S1PR4	Silent	54	4	58	0.06896551724137931	2	1	1	0.1791	1	0.1791	0.1791	False	0.77	2.15
19	4361581	C	T	SH3GL1	3'UTR	11	13	24	0.5416666666666666	2	1	1	1.4069	1	1.4069	1.0	True	0.77	2.15
19	5784247	C	T	CTB-54O9.9	3'UTR	6	24	30	0.8	2	1	1	2.0779	1	2.0779	1.0	True	0.77	2.15
19	6733679	C	T	GPR108	Missense_Mutation	136	7	143	0.04895104895104895	2	1	1	0.1271	1	0.1271	0.1271	False	0.77	2.15
19	7960502	C	T	LRRC8E	Missense_Mutation	71	44	115	0.3826086956521739	2	1	1	0.9938	1	0.9938	0.9938	True	0.77	2.15
19	8387756	G	A	KANK3	Silent	43	101	144	0.7013888888888888	2	1	1	1.8218	1	1.8218	1.0	True	0.77	2.15
19	8563815	G	T	PRAM1	Missense_Mutation	19	11	30	0.36666666666666664	2	1	1	0.9524	1	0.9524	0.9524	True	0.77	2.15
19	9007831	C	T	MUC16	Silent	161	487	648	0.7515432098765432	2	1	1	1.9521	1	1.9521	1.0	True	0.77	2.15
19	9074412	G	A	MUC16	Missense_Mutation	317	161	478	0.3368200836820084	2	1	1	0.8749	1	0.8749	0.8749	True	0.77	2.15
19	9076843	T	C	MUC16	Missense_Mutation	365	222	587	0.3781942078364566	2	1	1	0.9823	1	0.9823	0.9823	True	0.77	2.15
19	9297382	G	A	OR7D2	Missense_Mutation	27	15	42	0.35714285714285715	2	1	1	0.9276	1	0.9276	0.9276	True	0.77	2.15
19	9964758	C	T	OLFM2	3'UTR	9	3	12	0.25	2	1	1	0.6494	1	0.6494	0.6494	False	0.77	2.15
19	10165983	A	G	C3P1	RNA	46	120	166	0.7228915662650602	2	1	1	1.8776	1	1.8776	1.0	True	0.77	2.15
19	10260314	C	T	DNMT1	Missense_Mutation	73	41	114	0.35964912280701755	2	1	1	0.9342	1	0.9342	0.9342	True	0.77	2.15
19	10597242	C	T	KEAP1	3'UTR	15	57	72	0.7916666666666666	2	1	1	2.0563	1	2.0563	1.0	True	0.77	2.15
19	10668270	G	T	KRI1	Nonsense_Mutation	153	22	175	0.12571428571428572	2	1	1	0.3265	1	0.3265	0.3265	False	0.77	2.15
19	10668709	C	T	KRI1	Missense_Mutation	156	15	171	0.08771929824561403	2	1	1	0.2278	1	0.2278	0.2278	False	0.77	2.15
19	11323971	G	A	DOCK6	Silent	11	30	41	0.7317073170731707	2	1	1	1.9005	1	1.9005	1.0	True	0.77	2.15
19	12767763	G	A	MAN2B1	Silent	23	4	27	0.14814814814814814	2	1	1	0.3848	1	0.3848	0.3848	False	0.77	2.15
19	12768311	G	A	MAN2B1	Silent	8	6	14	0.42857142857142855	2	1	1	1.1132	1	1.1132	1.0	True	0.77	2.15
19	13397466	C	G	CACNA1A	Missense_Mutation	57	26	83	0.3132530120481928	2	1	1	0.8136	1	0.8136	0.8136	False	0.77	2.15
19	13876943	G	T	MRI1	Missense_Mutation	19	10	29	0.3448275862068966	2	1	1	0.8957	1	0.8957	0.8957	True	0.77	2.15
19	13936462	G	A	ZSWIM4	Missense_Mutation	17	21	38	0.5526315789473685	2	1	1	1.4354	1	1.4354	1.0	True	0.77	2.15
19	14077246	G	T	RFX1	Missense_Mutation	34	4	38	0.10526315789473684	2	1	1	0.2734	1	0.2734	0.2734	False	0.77	2.15
19	14093025	G	A	RFX1	Missense_Mutation	16	11	27	0.4074074074074074	2	1	1	1.0582	1	1.0582	1.0	True	0.77	2.15
19	14991326	G	A	OR7A17	Missense_Mutation	74	233	307	0.758957654723127	2	1	1	1.9713	1	1.9713	1.0	True	0.77	2.15
19	15770201	G	A	CYP4F3	3'UTR	24	39	63	0.6190476190476191	2	1	1	1.6079	1	1.6079	1.0	True	0.77	2.15
19	16918624	G	A	NWD1	Missense_Mutation	72	7	79	0.08860759493670886	2	1	1	0.2301	1	0.2301	0.2301	False	0.77	2.15
19	17305621	C	T	MYO9B	Missense_Mutation	57	27	84	0.32142857142857145	2	1	1	0.8349	1	0.8349	0.8349	False	0.77	2.15
19	17309065	G	A	MYO9B	Missense_Mutation	93	51	144	0.3541666666666667	2	1	1	0.9199	1	0.9199	0.9199	True	0.77	2.15
19	17444268	G	A	ANO8	Missense_Mutation	63	41	104	0.3942307692307692	2	1	1	1.024	1	1.024	1.0	True	0.77	2.15
19	18242827	G	A	MAST3	Missense_Mutation	48	46	94	0.48936170212765956	2	1	1	1.2711	1	1.2711	1.0	True	0.77	2.15
19	18375212	C	A	KIAA1683	Missense_Mutation	7	37	44	0.8409090909090909	2	1	1	2.1842	1	2.1842	1.0	True	0.77	2.15
19	19308331	T	C	RFXANK	Silent	21	11	32	0.34375	2	1	1	0.8929	1	0.8929	0.8929	True	0.77	2.15
19	19360666	A	G	NCAN	Silent	687	388	1075	0.36093023255813955	2	1	1	0.9375	1	0.9375	0.9375	True	0.77	2.15
19	20728293	C	T	ZNF737	Missense_Mutation	74	34	108	0.3148148148148148	2	1	1	0.8177	1	0.8177	0.8177	False	0.77	2.15
19	22363639	A	T	ZNF676	Missense_Mutation	148	71	219	0.3242009132420091	2	1	1	0.8421	1	0.8421	0.8421	False	0.77	2.15
19	30101471	A	G	POP4	Silent	42	23	65	0.35384615384615387	2	1	1	0.9191	1	0.9191	0.9191	True	0.77	2.15
19	33695656	C	A	LRP3	Missense_Mutation	29	20	49	0.40816326530612246	2	1	1	1.0602	1	1.0602	1.0	True	0.77	2.15
19	34917062	T	C	PDCD2L	3'UTR	25	12	37	0.32432432432432434	2	1	1	0.8424	1	0.8424	0.8424	False	0.77	2.15
19	36106229	G	A	HAUS5	Silent	21	11	32	0.34375	2	1	1	0.8929	1	0.8929	0.8929	True	0.77	2.15
19	36125260	C	T	RBM42	Silent	34	10	44	0.22727272727272727	2	1	1	0.5903	1	0.5903	0.5903	False	0.77	2.15
19	36210803	G	A	KMT2B	Missense_Mutation	22	14	36	0.3888888888888889	2	1	1	1.0101	1	1.0101	1.0	True	0.77	2.15
19	36291058	A	G	PRODH2	Missense_Mutation	36	31	67	0.4626865671641791	2	1	1	1.2018	1	1.2018	1.0	True	0.77	2.15
19	36353864	C	T	KIRREL2	Nonsense_Mutation	66	38	104	0.36538461538461536	2	1	1	0.9491	1	0.9491	0.9491	True	0.77	2.15
19	36884529	C	T	ZFP82	Missense_Mutation	232	146	378	0.3862433862433862	2	1	1	1.0032	1	1.0032	1.0	True	0.77	2.15
19	38190323	A	G	ZNF607	Missense_Mutation	100	47	147	0.3197278911564626	2	1	1	0.8305	1	0.8305	0.8305	False	0.77	2.15
19	38799635	C	T	YIF1B	Silent	181	117	298	0.3926174496644295	2	1	1	1.0198	1	1.0198	1.0	True	0.77	2.15
19	38901820	G	C	RASGRP4	Missense_Mutation	133	103	236	0.4364406779661017	2	1	1	1.1336	1	1.1336	1.0	True	0.77	2.15
19	38976361	A	G	RYR1	Missense_Mutation	11	12	23	0.5217391304347826	2	1	1	1.3552	1	1.3552	1.0	True	0.77	2.15
19	39819261	T	A	GMFG	Intron	72	5	77	0.06493506493506493	2	1	1	0.1687	1	0.1687	0.1687	False	0.77	2.15
19	40540903	G	T	ZNF780B	Silent	246	128	374	0.3422459893048128	2	1	1	0.889	1	0.889	0.889	True	0.77	2.15
19	40581186	G	A	ZNF780A	Missense_Mutation	218	123	341	0.36070381231671556	2	1	1	0.9369	1	0.9369	0.9369	True	0.77	2.15
19	41084069	C	T	SHKBP1	Silent	94	47	141	0.3333333333333333	2	1	1	0.8658	1	0.8658	0.8658	True	0.77	2.15
19	41925061	A	G	BCKDHA	Missense_Mutation	148	72	220	0.32727272727272727	2	1	1	0.8501	1	0.8501	0.8501	True	0.77	2.15
19	42474445	G	A	ATP1A3	Silent	139	75	214	0.35046728971962615	2	1	1	0.9103	1	0.9103	0.9103	True	0.77	2.15
19	42860340	T	C	MEGF8	Missense_Mutation	42	18	60	0.3	2	1	1	0.7792	1	0.7792	0.7792	False	0.77	2.15
19	43414746	G	A	PSG6	Missense_Mutation	157	94	251	0.3745019920318725	2	1	1	0.9727	1	0.9727	0.9727	True	0.77	2.15
19	44536586	G	A	ZNF222	Silent	194	122	316	0.3860759493670886	2	1	1	1.0028	1	1.0028	1.0	True	0.77	2.15
19	45150758	G	A	PVR	Missense_Mutation	51	28	79	0.35443037974683544	2	1	1	0.9206	1	0.9206	0.9206	True	0.77	2.15
19	45206745	C	T	CEACAM16	Missense_Mutation	36	3	39	0.07692307692307693	2	1	1	0.1998	1	0.1998	0.1998	False	0.77	2.15
19	45381809	G	A	PVRL2	Intron	44	17	61	0.2786885245901639	2	1	1	0.7239	1	0.7239	0.7239	False	0.77	2.15
19	45822868	G	A	CKM	Missense_Mutation	380	221	601	0.36772046589018303	2	1	1	0.9551	1	0.9551	0.9551	True	0.77	2.15
19	45854672	T	C	ERCC2	3'UTR	47	28	75	0.37333333333333335	2	1	1	0.9697	1	0.9697	0.9697	True	0.77	2.15
19	46464289	T	C	NOVA2	Missense_Mutation	103	45	148	0.30405405405405406	2	1	1	0.7898	1	0.7898	0.7898	False	0.77	2.15
19	47200450	C	T	PRKD2	Silent	89	70	159	0.44025157232704404	2	1	1	1.1435	1	1.1435	1.0	True	0.77	2.15
19	47280530	G	A	SLC1A5	Silent	39	13	52	0.25	2	1	1	0.6494	1	0.6494	0.6494	False	0.77	2.15
19	47706960	C	T	SAE1	Missense_Mutation	405	270	675	0.4	2	1	1	1.039	1	1.039	1.0	True	0.77	2.15
19	47844308	T	C	C5AR2	Silent	59	26	85	0.3058823529411765	2	1	1	0.7945	1	0.7945	0.7945	False	0.77	2.15
19	48668813	C	T	LIG1	Missense_Mutation	201	129	330	0.39090909090909093	2	1	1	1.0153	1	1.0153	1.0	True	0.77	2.15
19	49351267	T	C	PLEKHA4	Missense_Mutation	44	29	73	0.3972602739726027	2	1	1	1.0318	1	1.0318	1.0	True	0.77	2.15
19	49654782	G	T	HRC	Silent	123	64	187	0.3422459893048128	2	1	1	0.889	1	0.889	0.889	True	0.77	2.15
19	49863224	C	T	TEAD2	Missense_Mutation	58	43	101	0.42574257425742573	2	1	1	1.1058	1	1.1058	1.0	True	0.77	2.15
19	49913062	A	G	CCDC155	Missense_Mutation	120	57	177	0.3220338983050847	2	1	1	0.8365	1	0.8365	0.8365	False	0.77	2.15
19	49926597	C	T	PTH2	5'UTR	11	7	18	0.3888888888888889	2	1	1	1.0101	1	1.0101	1.0	True	0.77	2.15
19	50164025	A	C	IRF3	Missense_Mutation	44	17	61	0.2786885245901639	2	1	1	0.7239	1	0.7239	0.7239	False	0.77	2.15
19	50906815	C	T	POLD1	Silent	179	90	269	0.3345724907063197	2	1	1	0.869	1	0.869	0.869	True	0.77	2.15
19	51128491	G	A	SYT3	Silent	20	8	28	0.2857142857142857	2	1	1	0.7421	1	0.7421	0.7421	False	0.77	2.15
19	51298080	G	A	ACPT	Missense_Mutation	51	18	69	0.2608695652173913	2	1	1	0.6776	1	0.6776	0.6776	False	0.77	2.15
19	52715982	C	T	PPP2R1A	Missense_Mutation	49	35	84	0.4166666666666667	2	1	1	1.0823	1	1.0823	1.0	True	0.77	2.15
19	53014880	C	T	ZNF578	Missense_Mutation	222	8	230	0.034782608695652174	2	1	1	0.0903	1	0.0903	0.0903	False	0.77	2.15
19	53303462	T	C	ZNF28	Missense_Mutation	186	104	290	0.3586206896551724	2	1	1	0.9315	1	0.9315	0.9315	True	0.77	2.15
19	53572768	G	A	ZNF160	Missense_Mutation	138	84	222	0.3783783783783784	2	1	1	0.9828	1	0.9828	0.9828	True	0.77	2.15
19	53996155	T	A	ZNF813	3'UTR	38	29	67	0.43283582089552236	2	1	1	1.1242	1	1.1242	1.0	True	0.77	2.15
19	54403525	A	G	PRKCG	Silent	66	58	124	0.46774193548387094	2	1	1	1.2149	1	1.2149	1.0	True	0.77	2.15
19	54445489	A	G	CACNG7	Missense_Mutation	110	36	146	0.2465753424657534	2	1	1	0.6405	1	0.6405	0.6405	False	0.77	2.15
19	54627985	C	T	PRPF31	Missense_Mutation	29	16	45	0.35555555555555557	2	1	1	0.9235	1	0.9235	0.9235	True	0.77	2.15
19	54656170	A	G	CNOT3	Missense_Mutation	54	29	83	0.3493975903614458	2	1	1	0.9075	1	0.9075	0.9075	True	0.77	2.15
19	54658936	C	T	LENG1	3'UTR	18	6	24	0.25	2	1	1	0.6494	1	0.6494	0.6494	False	0.77	2.15
19	54756385	G	A	LILRB5	Missense_Mutation	218	118	336	0.35119047619047616	2	1	1	0.9122	1	0.9122	0.9122	True	0.77	2.15
19	55602751	G	A	PPP1R12C	3'UTR	43	18	61	0.29508196721311475	2	1	1	0.7664	1	0.7664	0.7664	False	0.77	2.15
19	55915776	T	C	UBE2S	Silent	215	14	229	0.0611353711790393	2	1	1	0.1588	1	0.1588	0.1588	False	0.77	2.15
19	56320345	G	T	NLRP11	Missense_Mutation	114	70	184	0.3804347826086957	2	1	1	0.9881	1	0.9881	0.9881	True	0.77	2.15
19	57036471	C	A	ZNF471	Silent	32	27	59	0.4576271186440678	2	1	1	1.1886	1	1.1886	1.0	True	0.77	2.15
19	57133284	G	A	ZNF71	Missense_Mutation	13	10	23	0.43478260869565216	2	1	1	1.1293	1	1.1293	1.0	True	0.77	2.15
19	58049574	A	G	ZNF549	Missense_Mutation	104	46	150	0.30666666666666664	2	1	1	0.7965	1	0.7965	0.7965	False	0.77	2.15
19	58639419	C	T	ZNF329	Silent	120	96	216	0.4444444444444444	2	1	1	1.1544	1	1.1544	1.0	True	0.77	2.15
19	58639690	G	T	ZNF329	Missense_Mutation	68	37	105	0.3523809523809524	2	1	1	0.9153	1	0.9153	0.9153	True	0.77	2.15
19	59082763	T	C	MZF1	5'UTR	23	3	26	0.11538461538461539	2	1	1	0.2997	1	0.2997	0.2997	False	0.77	2.15
20	469361	T	C	CSNK2A1	Missense_Mutation	251	140	391	0.35805626598465473	2	1	1	0.93	1	0.93	0.93	True	0.77	2.15
20	1515074	T	A	SIRPD	Missense_Mutation	224	127	351	0.36182336182336183	2	1	1	0.9398	1	0.9398	0.9398	True	0.77	2.15
20	4229077	G	A	ADRA1D	Silent	31	16	47	0.3404255319148936	2	1	1	0.8842	1	0.8842	0.8842	True	0.77	2.15
20	4855308	C	T	SLC23A2	Missense_Mutation	183	94	277	0.33935018050541516	2	1	1	0.8814	1	0.8814	0.8814	True	0.77	2.15
20	5953787	A	T	MCM8	Missense_Mutation	195	144	339	0.4247787610619469	2	1	1	1.1033	1	1.1033	1.0	True	0.77	2.15
20	9318694	C	T	PLCB4	Missense_Mutation	140	104	244	0.4262295081967213	2	1	1	1.1071	1	1.1071	1.0	True	0.77	2.15
20	9510335	G	A	LAMP5	Silent	125	83	208	0.39903846153846156	2	1	1	1.0365	1	1.0365	1.0	True	0.77	2.15
20	9520119	C	A	PAK7	Missense_Mutation	295	16	311	0.05144694533762058	2	1	1	0.1336	1	0.1336	0.1336	False	0.77	2.15
20	11903955	A	G	BTBD3	Missense_Mutation	108	76	184	0.41304347826086957	2	1	1	1.0728	1	1.0728	1.0	True	0.77	2.15
20	16360291	A	G	KIF16B	Missense_Mutation	384	17	401	0.04239401496259352	2	1	1	0.1101	1	0.1101	0.1101	False	0.77	2.15
20	23016519	C	T	SSTR4	Silent	54	23	77	0.2987012987012987	2	1	1	0.7758	1	0.7758	0.7758	False	0.77	2.15
20	23017196	G	A	SSTR4	Missense_Mutation	29	18	47	0.3829787234042553	2	1	1	0.9947	1	0.9947	0.9947	True	0.77	2.15
20	23402124	A	G	NAPB	5'UTR	6	3	9	0.3333333333333333	2	1	1	0.8658	1	0.8658	0.8658	True	0.77	2.15
20	25277269	A	G	PYGB	3'UTR	6	4	10	0.4	2	1	1	1.039	1	1.039	1.0	True	0.77	2.15
20	33839815	T	A	MMP24	Missense_Mutation	134	76	210	0.3619047619047619	2	1	1	0.94	1	0.94	0.94	True	0.77	2.15
20	33862164	C	T	MMP24	Missense_Mutation	108	63	171	0.3684210526315789	2	1	1	0.9569	1	0.9569	0.9569	True	0.77	2.15
20	33875618	G	A	FAM83C	Silent	73	44	117	0.37606837606837606	2	1	1	0.9768	1	0.9768	0.9768	True	0.77	2.15
20	33934945	G	A	UQCC1	Intron	337	26	363	0.07162534435261708	2	1	1	0.186	1	0.186	0.186	False	0.77	2.15
20	34143977	G	A	ERGIC3	Splice_Site	162	109	271	0.4022140221402214	2	1	1	1.0447	1	1.0447	1.0	True	0.77	2.15
20	34763558	A	G	EPB41L1	Missense_Mutation	151	84	235	0.3574468085106383	2	1	1	0.9284	1	0.9284	0.9284	True	0.77	2.15
20	35547873	C	T	SAMHD1	Missense_Mutation	177	107	284	0.3767605633802817	2	1	1	0.9786	1	0.9786	0.9786	True	0.77	2.15
20	37383735	G	A	ACTR5	Missense_Mutation	80	40	120	0.3333333333333333	2	1	1	0.8658	1	0.8658	0.8658	True	0.77	2.15
20	43343936	G	A	WISP2	Intron	21	15	36	0.4166666666666667	2	1	1	1.0823	1	1.0823	1.0	True	0.77	2.15
20	43850897	T	C	SEMG2	Silent	114	76	190	0.4	2	1	1	1.039	1	1.039	1.0	True	0.77	2.15
20	43964515	G	A	SDC4	Nonsense_Mutation	91	47	138	0.34057971014492755	2	1	1	0.8846	1	0.8846	0.8846	True	0.77	2.15
20	44050025	G	C	PIGT	Missense_Mutation	29	12	41	0.2926829268292683	2	1	1	0.7602	1	0.7602	0.7602	False	0.77	2.15
20	44512102	G	A	ZSWIM1	Missense_Mutation	67	45	112	0.4017857142857143	2	1	1	1.0436	1	1.0436	1.0	True	0.77	2.15
20	44518963	G	A	NEURL2	Missense_Mutation	11	10	21	0.47619047619047616	2	1	1	1.2369	1	1.2369	1.0	True	0.77	2.15
20	45000518	T	G	ELMO2	Missense_Mutation	100	55	155	0.3548387096774194	2	1	1	0.9217	1	0.9217	0.9217	True	0.77	2.15
20	45353856	G	A	SLC2A10	Missense_Mutation	142	75	217	0.3456221198156682	2	1	1	0.8977	1	0.8977	0.8977	True	0.77	2.15
20	47256378	C	T	PREX1	Missense_Mutation	209	97	306	0.31699346405228757	2	1	1	0.8234	1	0.8234	0.8234	False	0.77	2.15
20	47592725	C	T	ARFGEF2	Silent	79	8	87	0.09195402298850575	2	1	1	0.2388	1	0.2388	0.2388	False	0.77	2.15
20	47870291	T	C	ZNFX1	Missense_Mutation	198	114	312	0.36538461538461536	2	1	1	0.9491	1	0.9491	0.9491	True	0.77	2.15
20	48491322	A	G	SLC9A8	Missense_Mutation	379	211	590	0.3576271186440678	2	1	1	0.9289	1	0.9289	0.9289	True	0.77	2.15
20	49575857	G	A	MOCS3	Missense_Mutation	11	6	17	0.35294117647058826	2	1	1	0.9167	1	0.9167	0.9167	True	0.77	2.15
20	51870658	A	G	TSHZ2	Missense_Mutation	43	28	71	0.39436619718309857	2	1	1	1.0243	1	1.0243	1.0	True	0.77	2.15
20	56098943	C	T	CTCFL	Missense_Mutation	55	30	85	0.35294117647058826	2	1	1	0.9167	1	0.9167	0.9167	True	0.77	2.15
20	61541303	T	C	DIDO1	Silent	226	9	235	0.03829787234042553	2	1	1	0.0995	1	0.0995	0.0995	False	0.77	2.15
20	61834907	A	G	YTHDF1	Missense_Mutation	51	27	78	0.34615384615384615	2	1	1	0.8991	1	0.8991	0.8991	True	0.77	2.15
20	61959823	C	T	COL20A1	Missense_Mutation	17	18	35	0.5142857142857142	2	1	1	1.3358	1	1.3358	1.0	True	0.77	2.15
20	62062704	G	T	KCNQ2	Nonsense_Mutation	161	86	247	0.3481781376518219	2	1	1	0.9044	1	0.9044	0.9044	True	0.77	2.15
20	62340427	C	T	ZGPAT	Silent	45	18	63	0.2857142857142857	2	1	1	0.7421	1	0.7421	0.7421	False	0.77	2.15
20	62729364	G	A	OPRL1	Missense_Mutation	126	70	196	0.35714285714285715	2	1	1	0.9276	1	0.9276	0.9276	True	0.77	2.15
21	9908183	G	A	TEKT4P2	RNA	58	29	87	0.3333333333333333	2	1	1	0.8658	1	0.8658	0.8658	True	0.77	2.15
21	10862766	T	C	IGHV1OR21-1	Missense_Mutation	481	104	585	0.17777777777777778	2	1	1	0.4618	1	0.4618	0.4618	False	0.77	2.15
21	11049525	C	T	BAGE2	RNA	472	34	506	0.06719367588932806	2	1	1	0.1745	1	0.1745	0.1745	False	0.77	2.15
21	15755491	G	A	HSPA13	5'UTR	50	36	86	0.4186046511627907	2	1	1	1.0873	1	1.0873	1.0	True	0.77	2.15
21	30380226	C	A	RWDD2B	Missense_Mutation	301	11	312	0.035256410256410256	2	1	1	0.0916	1	0.0916	0.0916	False	0.77	2.15
21	33679042	G	A	MRAP	Silent	154	97	251	0.38645418326693226	2	1	1	1.0038	1	1.0038	1.0	True	0.77	2.15
21	34957050	G	A	DONSON	Missense_Mutation	90	47	137	0.34306569343065696	2	1	1	0.8911	1	0.8911	0.8911	True	0.77	2.15
21	35183510	G	A	ITSN1	Missense_Mutation	84	42	126	0.3333333333333333	2	1	1	0.8658	1	0.8658	0.8658	True	0.77	2.15
21	35895891	G	A	RCAN1	Missense_Mutation	499	27	526	0.051330798479087454	2	1	1	0.1333	1	0.1333	0.1333	False	0.77	2.15
21	38309042	C	T	HLCS	Missense_Mutation	65	31	96	0.3229166666666667	2	1	1	0.8387	1	0.8387	0.8387	False	0.77	2.15
21	40250690	A	G	AF064858.6	RNA	184	103	287	0.3588850174216028	2	1	1	0.9322	1	0.9322	0.9322	True	0.77	2.15
21	40969873	C	G	C21orf88	Missense_Mutation	86	94	180	0.5222222222222223	2	1	1	1.3564	1	1.3564	1.0	True	0.77	2.15
21	41459182	C	A	DSCAM	Missense_Mutation	144	80	224	0.35714285714285715	2	1	1	0.9276	1	0.9276	0.9276	True	0.77	2.15
21	41516495	C	T	DSCAM	Missense_Mutation	62	42	104	0.40384615384615385	2	1	1	1.049	1	1.049	1.0	True	0.77	2.15
21	42647649	G	A	BACE2	3'UTR	26	15	41	0.36585365853658536	2	1	1	0.9503	1	0.9503	0.9503	True	0.77	2.15
21	45553575	C	T	C21orf33	5'UTR	29	19	48	0.3958333333333333	2	1	1	1.0281	1	1.0281	1.0	True	0.77	2.15
21	45752960	G	T	C21orf2	Missense_Mutation	13	5	18	0.2777777777777778	2	1	1	0.7215	1	0.7215	0.7215	False	0.77	2.15
21	45919820	C	A	TSPEAR	Splice_Site	10	5	15	0.3333333333333333	2	1	1	0.8658	1	0.8658	0.8658	True	0.77	2.15
21	46000150	G	T	KRTAP10-5	Silent	181	107	288	0.3715277777777778	2	1	1	0.965	1	0.965	0.965	True	0.77	2.15
21	46047347	C	T	KRTAP10-9	Missense_Mutation	125	81	206	0.3932038834951456	2	1	1	1.0213	1	1.0213	1.0	True	0.77	2.15
21	46306283	C	A	ITGB2	Nonstop_Mutation	122	84	206	0.4077669902912621	2	1	1	1.0591	1	1.0591	1.0	True	0.77	2.15
21	46363690	T	C	FAM207A	Missense_Mutation	164	7	171	0.04093567251461988	2	1	1	0.1063	1	0.1063	0.1063	False	0.77	2.15
21	47361682	G	A	PCBP3	3'UTR	52	44	96	0.4583333333333333	2	1	1	1.1905	1	1.1905	1.0	True	0.77	2.15
21	47695129	C	T	MCM3AP	Missense_Mutation	131	56	187	0.2994652406417112	2	1	1	0.7778	1	0.7778	0.7778	False	0.77	2.15
21	47783399	A	G	PCNT	Missense_Mutation	182	13	195	0.06666666666666667	2	1	1	0.1732	1	0.1732	0.1732	False	0.77	2.15
21	48069525	G	A	PRMT2	Silent	130	6	136	0.04411764705882353	2	1	1	0.1146	1	0.1146	0.1146	False	0.77	2.15
22	17978531	C	T	CECR2	Silent	180	85	265	0.32075471698113206	2	1	1	0.8331	1	0.8331	0.8331	False	0.77	2.15
22	18226752	C	T	BID	Missense_Mutation	92	11	103	0.10679611650485436	2	1	1	0.2774	1	0.2774	0.2774	False	0.77	2.15
22	19029441	G	A	DGCR2	Silent	56	28	84	0.3333333333333333	2	1	1	0.8658	1	0.8658	0.8658	True	0.77	2.15
22	19188989	A	G	CLTCL1	Missense_Mutation	94	5	99	0.050505050505050504	2	1	1	0.1312	1	0.1312	0.1312	False	0.77	2.15
22	19751741	C	T	TBX1	Silent	14	8	22	0.36363636363636365	2	1	1	0.9445	1	0.9445	0.9445	True	0.77	2.15
22	20386703	A	C	PI4KAP1	RNA	23	24	47	0.5106382978723404	2	1	1	1.3263	1	1.3263	1.0	True	0.77	2.15
22	22287849	G	A	PPM1F	Missense_Mutation	45	27	72	0.375	2	1	1	0.974	1	0.974	0.974	True	0.77	2.15
22	22937278	G	A	IGLV3-32	Silent	115	65	180	0.3611111111111111	2	1	1	0.938	1	0.938	0.938	True	0.77	2.15
22	22937402	A	G	IGLV3-32	Missense_Mutation	119	66	185	0.3567567567567568	2	1	1	0.9266	1	0.9266	0.9266	True	0.77	2.15
22	22937403	G	A	IGLV3-32	Missense_Mutation	118	66	184	0.358695652173913	2	1	1	0.9317	1	0.9317	0.9317	True	0.77	2.15
22	24582000	C	G	SUSD2	Missense_Mutation	19	5	24	0.20833333333333334	2	1	1	0.5411	1	0.5411	0.5411	False	0.77	2.15
22	25251362	C	T	SGSM1	Missense_Mutation	24	14	38	0.3684210526315789	2	1	1	0.9569	1	0.9569	0.9569	True	0.77	2.15
22	26688396	G	A	SEZ6L	Missense_Mutation	32	18	50	0.36	2	1	1	0.9351	1	0.9351	0.9351	True	0.77	2.15
22	26862057	T	C	HPS4	Intron	22	17	39	0.4358974358974359	2	1	1	1.1322	1	1.1322	1.0	True	0.77	2.15
22	28503539	C	T	TTC28	Missense_Mutation	134	75	209	0.3588516746411483	2	1	1	0.9321	1	0.9321	0.9321	True	0.77	2.15
22	29455033	A	G	C22orf31	Silent	98	59	157	0.37579617834394907	2	1	1	0.9761	1	0.9761	0.9761	True	0.77	2.15
22	30733834	C	T	SF3A1	Missense_Mutation	34	25	59	0.423728813559322	2	1	1	1.1006	1	1.1006	1.0	True	0.77	2.15
22	31060038	G	A	DUSP18	5'UTR	43	7	50	0.14	2	1	1	0.3636	1	0.3636	0.3636	False	0.77	2.15
22	31496909	A	G	SMTN	Missense_Mutation	24	12	36	0.3333333333333333	2	1	1	0.8658	1	0.8658	0.8658	True	0.77	2.15
22	31500430	G	A	SMTN	Missense_Mutation	50	24	74	0.32432432432432434	2	1	1	0.8424	1	0.8424	0.8424	False	0.77	2.15
22	31536080	A	G	PLA2G3	Silent	27	10	37	0.2702702702702703	2	1	1	0.702	1	0.702	0.702	False	0.77	2.15
22	32545534	C	T	C22orf42	Missense_Mutation	56	29	85	0.3411764705882353	2	1	1	0.8862	1	0.8862	0.8862	True	0.77	2.15
22	32923944	G	A	SYN3	Missense_Mutation	62	39	101	0.38613861386138615	2	1	1	1.003	1	1.003	1.0	True	0.77	2.15
22	33670448	C	T	LARGE	Missense_Mutation	153	93	246	0.3780487804878049	2	1	1	0.9819	1	0.9819	0.9819	True	0.77	2.15
22	36680450	T	G	MYH9	Missense_Mutation	98	67	165	0.40606060606060607	2	1	1	1.0547	1	1.0547	1.0	True	0.77	2.15
22	36698708	C	A	MYH9	Missense_Mutation	49	40	89	0.449438202247191	2	1	1	1.1674	1	1.1674	1.0	True	0.77	2.15
22	38282787	G	A	EIF3L	Missense_Mutation	118	86	204	0.4215686274509804	2	1	1	1.095	1	1.095	1.0	True	0.77	2.15
22	38369999	G	A	SOX10	Missense_Mutation	76	30	106	0.2830188679245283	2	1	1	0.7351	1	0.7351	0.7351	False	0.77	2.15
22	38565434	C	A	PLA2G6	5'UTR	51	27	78	0.34615384615384615	2	1	1	0.8991	1	0.8991	0.8991	True	0.77	2.15
22	39388518	C	T	APOBEC3B	3'UTR	372	19	391	0.04859335038363171	2	1	1	0.1262	1	0.1262	0.1262	False	0.77	2.15
22	39884975	T	C	MGAT3	3'UTR	20	5	25	0.2	2	1	1	0.5195	1	0.5195	0.5195	False	0.77	2.15
22	41573569	A	G	EP300	Missense_Mutation	105	60	165	0.36363636363636365	2	1	1	0.9445	1	0.9445	0.9445	True	0.77	2.15
22	41753319	C	T	ZC3H7B	Silent	28	15	43	0.3488372093023256	2	1	1	0.9061	1	0.9061	0.9061	True	0.77	2.15
22	41903928	G	T	ACO2	Missense_Mutation	29	22	51	0.43137254901960786	2	1	1	1.1204	1	1.1204	1.0	True	0.77	2.15
22	46345958	C	T	WNT7B	Missense_Mutation	27	36	63	0.5714285714285714	2	1	1	1.4842	1	1.4842	1.0	True	0.77	2.15
22	46654179	G	A	PKDREJ	Nonsense_Mutation	313	211	524	0.4026717557251908	2	1	1	1.0459	1	1.0459	1.0	True	0.77	2.15
22	46658466	C	T	PKDREJ	Missense_Mutation	17	5	22	0.22727272727272727	2	1	1	0.5903	1	0.5903	0.5903	False	0.77	2.15
22	50716373	C	T	PLXNB2	Missense_Mutation	34	18	52	0.34615384615384615	2	1	1	0.8991	1	0.8991	0.8991	True	0.77	2.15
22	50728157	G	A	PLXNB2	Missense_Mutation	32	11	43	0.2558139534883721	2	1	1	0.6645	1	0.6645	0.6645	False	0.77	2.15
X	3228563	T	C	MXRA5	Missense_Mutation	69	21	90	0.23333333333333334	2	1	1	0.6061	1	0.6061	0.6061	False	0.77	2.15
X	9863012	C	T	SHROOM2	Missense_Mutation	13	12	25	0.48	2	1	1	1.2468	1	1.2468	1.0	True	0.77	2.15
X	9900561	G	T	SHROOM2	Missense_Mutation	38	20	58	0.3448275862068966	2	1	1	0.8957	1	0.8957	0.8957	True	0.77	2.15
X	10106783	G	A	WWC3	Missense_Mutation	22	13	35	0.37142857142857144	2	1	1	0.9647	1	0.9647	0.9647	True	0.77	2.15
X	11160421	T	A	ARHGAP6	Missense_Mutation	200	120	320	0.375	2	1	1	0.974	1	0.974	0.974	True	0.77	2.15
X	11308542	T	C	ARHGAP6	Intron	211	136	347	0.3919308357348703	2	1	1	1.018	1	1.018	1.0	True	0.77	2.15
X	15376312	A	G	FIGF	Missense_Mutation	254	9	263	0.034220532319391636	2	1	1	0.0889	1	0.0889	0.0889	False	0.77	2.15
X	18239021	A	C	BEND2	5'Flank	22	5	27	0.18518518518518517	2	1	1	0.481	1	0.481	0.481	False	0.77	2.15
X	19554335	G	A	SH3KBP1	3'UTR	16	7	23	0.30434782608695654	2	1	1	0.7905	1	0.7905	0.7905	False	0.77	2.15
X	21900733	C	T	MBTPS2	Missense_Mutation	340	202	542	0.3726937269372694	2	1	1	0.968	1	0.968	0.968	True	0.77	2.15
X	34148936	C	T	FAM47A	Missense_Mutation	79	56	135	0.4148148148148148	2	1	1	1.0774	1	1.0774	1.0	True	0.77	2.15
X	39913235	T	C	BCOR	Missense_Mutation	155	86	241	0.35684647302904565	2	1	1	0.9269	1	0.9269	0.9269	True	0.77	2.15
X	41555260	T	A	GPR34	Missense_Mutation	212	119	331	0.3595166163141994	2	1	1	0.9338	1	0.9338	0.9338	True	0.77	2.15
X	44942009	A	G	KDM6A	Missense_Mutation	305	184	489	0.37627811860940696	2	1	1	0.9773	1	0.9773	0.9773	True	0.77	2.15
X	44949997	T	C	KDM6A	Missense_Mutation	333	155	488	0.3176229508196721	2	1	1	0.825	1	0.825	0.825	False	0.77	2.15
X	46359776	A	G	ZNF674	Silent	316	11	327	0.03363914373088685	2	1	1	0.0874	1	0.0874	0.0874	False	0.77	2.15
X	47070300	C	A	UBA1	Silent	236	119	355	0.3352112676056338	2	1	1	0.8707	1	0.8707	0.8707	True	0.77	2.15
X	48825564	G	A	KCND1	Missense_Mutation	111	63	174	0.3620689655172414	2	1	1	0.9404	1	0.9404	0.9404	True	0.77	2.15
X	48841790	A	G	GRIPAP1	Missense_Mutation	301	14	315	0.044444444444444446	2	1	1	0.1154	1	0.1154	0.1154	False	0.77	2.15
X	48849847	G	A	GRIPAP1	Silent	98	57	155	0.36774193548387096	2	1	1	0.9552	1	0.9552	0.9552	True	0.77	2.15
X	49021636	C	T	MAGIX	Missense_Mutation	28	18	46	0.391304347826087	2	1	1	1.0164	1	1.0164	1.0	True	0.77	2.15
X	49029797	T	C	PLP2	Silent	210	130	340	0.38235294117647056	2	1	1	0.9931	1	0.9931	0.9931	True	0.77	2.15
X	49030743	G	A	PLP2	Missense_Mutation	211	9	220	0.04090909090909091	2	1	1	0.1063	1	0.1063	0.1063	False	0.77	2.15
X	49034493	G	A	PRICKLE3	Silent	40	35	75	0.4666666666666667	2	1	1	1.2121	1	1.2121	1.0	True	0.77	2.15
X	49088141	T	C	CACNA1F	Missense_Mutation	90	52	142	0.36619718309859156	2	1	1	0.9512	1	0.9512	0.9512	True	0.77	2.15
X	50659354	T	C	BMP15	Missense_Mutation	241	18	259	0.0694980694980695	2	1	1	0.1805	1	0.1805	0.1805	False	0.77	2.15
X	51488002	T	C	GSPT2	Missense_Mutation	137	94	231	0.4069264069264069	2	1	1	1.057	1	1.057	1.0	True	0.77	2.15
X	53114014	G	C	TSPYL2	Missense_Mutation	167	98	265	0.36981132075471695	2	1	1	0.9605	1	0.9605	0.9605	True	0.77	2.15
X	53223476	C	G	KDM5C	Missense_Mutation	18	21	39	0.5384615384615384	2	1	1	1.3986	1	1.3986	1.0	True	0.77	2.15
X	53223478	T	A	KDM5C	Missense_Mutation	19	21	40	0.525	2	1	1	1.3636	1	1.3636	1.0	True	0.77	2.15
X	53409442	G	A	SMC1A	Silent	109	75	184	0.4076086956521739	2	1	1	1.0587	1	1.0587	1.0	True	0.77	2.15
X	53616683	C	T	HUWE1	Missense_Mutation	349	215	564	0.38120567375886527	2	1	1	0.9901	1	0.9901	0.9901	True	0.77	2.15
X	54472832	G	A	FGD1	Missense_Mutation	44	30	74	0.40540540540540543	2	1	1	1.053	1	1.053	1.0	True	0.77	2.15
X	54574764	C	T	GNL3L	Missense_Mutation	191	94	285	0.3298245614035088	2	1	1	0.8567	1	0.8567	0.8567	True	0.77	2.15
X	54948666	G	A	TRO	5'UTR	356	236	592	0.39864864864864863	2	1	1	1.0355	1	1.0355	1.0	True	0.77	2.15
X	63444082	T	C	ASB12	3'UTR	52	26	78	0.3333333333333333	2	1	1	0.8658	1	0.8658	0.8658	True	0.77	2.15
X	63579391	A	G	MTMR8	Missense_Mutation	205	134	339	0.3952802359882006	2	1	1	1.0267	1	1.0267	1.0	True	0.77	2.15
X	64708751	C	T	ZC3H12B	Missense_Mutation	142	7	149	0.04697986577181208	2	1	1	0.122	1	0.122	0.122	False	0.77	2.15
X	64722831	C	T	ZC3H12B	Silent	149	89	238	0.3739495798319328	2	1	1	0.9713	1	0.9713	0.9713	True	0.77	2.15
X	65409533	T	C	HEPH	Silent	394	190	584	0.3253424657534247	2	1	1	0.845	1	0.845	0.845	False	0.77	2.15
X	69495968	G	A	ARR3	Missense_Mutation	168	75	243	0.30864197530864196	2	1	1	0.8017	1	0.8017	0.8017	False	0.77	2.15
X	69503424	C	T	RAB41	Silent	283	154	437	0.3524027459954233	2	1	1	0.9153	1	0.9153	0.9153	True	0.77	2.15
X	70375090	G	A	NLGN3	Missense_Mutation	163	103	266	0.38721804511278196	2	1	1	1.0058	1	1.0058	1.0	True	0.77	2.15
X	71359752	G	T	NHSL2	Missense_Mutation	296	120	416	0.28846153846153844	2	1	1	0.7493	1	0.7493	0.7493	False	0.77	2.15
X	71933881	G	A	PHKA1	5'UTR	4	4	8	0.5	2	1	1	1.2987	1	1.2987	1.0	True	0.77	2.15
X	73965463	G	A	KIAA2022	Missense_Mutation	390	21	411	0.051094890510948905	2	1	1	0.1327	1	0.1327	0.1327	False	0.77	2.15
X	76939579	C	T	ATRX	Missense_Mutation	202	126	328	0.38414634146341464	2	1	1	0.9978	1	0.9978	0.9978	True	0.77	2.15
X	77245410	T	C	ATP7A	Missense_Mutation	100	58	158	0.3670886075949367	2	1	1	0.9535	1	0.9535	0.9535	True	0.77	2.15
X	77528736	T	C	CYSLTR1	Missense_Mutation	109	96	205	0.4682926829268293	2	1	1	1.2163	1	1.2163	1.0	True	0.77	2.15
X	77529168	A	G	CYSLTR1	Missense_Mutation	193	135	328	0.4115853658536585	2	1	1	1.0691	1	1.0691	1.0	True	0.77	2.15
X	82763664	C	T	POU3F4	Missense_Mutation	32	14	46	0.30434782608695654	2	1	1	0.7905	1	0.7905	0.7905	False	0.77	2.15
X	82764178	G	A	POU3F4	Silent	45	25	70	0.35714285714285715	2	1	1	0.9276	1	0.9276	0.9276	True	0.77	2.15
X	84362646	T	C	SATL1	Silent	713	36	749	0.04806408544726302	2	1	1	0.1248	1	0.1248	0.1248	False	0.77	2.15
X	91873397	G	A	PCDH11X	Missense_Mutation	305	181	486	0.3724279835390947	2	1	1	0.9673	1	0.9673	0.9673	True	0.77	2.15
X	103268148	T	C	H2BFWT	Missense_Mutation	97	8	105	0.0761904761904762	2	1	1	0.1979	1	0.1979	0.1979	False	0.77	2.15
X	106871763	C	T	PRPS1	5'UTR	26	28	54	0.5185185185185185	2	1	1	1.3468	1	1.3468	1.0	True	0.77	2.15
X	107935990	G	A	COL4A5	Missense_Mutation	198	132	330	0.4	2	1	1	1.039	1	1.039	1.0	True	0.77	2.15
X	110574209	G	A	DCX	Missense_Mutation	424	235	659	0.3566009104704097	2	1	1	0.9262	1	0.9262	0.9262	True	0.77	2.15
X	112048215	A	G	AMOT	Missense_Mutation	263	171	434	0.39400921658986177	2	1	1	1.0234	1	1.0234	1.0	True	0.77	2.15
X	114424802	C	T	RBMXL3	Silent	17	13	30	0.43333333333333335	2	1	1	1.1255	1	1.1255	1.0	True	0.77	2.15
X	114871268	A	G	PLS3	Missense_Mutation	158	111	269	0.41263940520446096	2	1	1	1.0718	1	1.0718	1.0	True	0.77	2.15
X	119037309	A	G	AKAP14	Silent	210	165	375	0.44	2	1	1	1.1429	1	1.1429	1.0	True	0.77	2.15
X	119037607	T	C	AKAP14	Intron	57	32	89	0.3595505617977528	2	1	1	0.9339	1	0.9339	0.9339	True	0.77	2.15
X	119249600	T	C	RHOXF1	Missense_Mutation	32	16	48	0.3333333333333333	2	1	1	0.8658	1	0.8658	0.8658	True	0.77	2.15
X	119402096	T	C	TMEM255A	Intron	319	175	494	0.354251012145749	2	1	1	0.9201	1	0.9201	0.9201	True	0.77	2.15
X	119410840	A	T	TMEM255A	Missense_Mutation	202	111	313	0.3546325878594249	2	1	1	0.9211	1	0.9211	0.9211	True	0.77	2.15
X	119500623	G	A	ATP1B4	Missense_Mutation	82	35	117	0.29914529914529914	2	1	1	0.777	1	0.777	0.777	False	0.77	2.15
X	120008753	C	T	CT47B1	Missense_Mutation	154	88	242	0.36363636363636365	2	1	1	0.9445	1	0.9445	0.9445	True	0.77	2.15
X	129171439	G	T	BCORL1	Missense_Mutation	64	40	104	0.38461538461538464	2	1	1	0.999	1	0.999	0.999	True	0.77	2.15
X	129535943	G	A	RBMX2	5'UTR	11	5	16	0.3125	2	1	1	0.8117	1	0.8117	0.8117	False	0.77	2.15
X	129769040	T	C	ENOX2	Missense_Mutation	334	9	343	0.026239067055393587	2	1	1	0.0682	1	0.0682	0.0682	False	0.77	2.15
X	130222619	G	A	ARHGAP36	Missense_Mutation	106	55	161	0.3416149068322981	2	1	1	0.8873	1	0.8873	0.8873	True	0.77	2.15
X	131214255	T	C	FRMD7	Silent	284	190	474	0.4008438818565401	2	1	1	1.0412	1	1.0412	1.0	True	0.77	2.15
X	131762231	T	C	HS6ST2	3'UTR	350	212	562	0.37722419928825623	2	1	1	0.9798	1	0.9798	0.9798	True	0.77	2.15
X	132091143	C	T	HS6ST2	Missense_Mutation	49	24	73	0.3287671232876712	2	1	1	0.8539	1	0.8539	0.8539	True	0.77	2.15
X	134155955	C	T	FAM127C	3'UTR	60	7	67	0.1044776119402985	2	1	1	0.2714	1	0.2714	0.2714	False	0.77	2.15
X	134683685	G	C	DDX26B	Missense_Mutation	205	116	321	0.3613707165109034	2	1	1	0.9386	1	0.9386	0.9386	True	0.77	2.15
X	134713877	A	C	DDX26B	Missense_Mutation	137	79	216	0.36574074074074076	2	1	1	0.95	1	0.95	0.95	True	0.77	2.15
X	148037681	G	T	AFF2	Missense_Mutation	94	69	163	0.4233128834355828	2	1	1	1.0995	1	1.0995	1.0	True	0.77	2.15
X	152159203	A	G	PNMA5	Missense_Mutation	27	15	42	0.35714285714285715	2	1	1	0.9276	1	0.9276	0.9276	True	0.77	2.15
X	152967532	G	A	BCAP31	Missense_Mutation	82	56	138	0.4057971014492754	2	1	1	1.054	1	1.054	1.0	True	0.77	2.15
X	153073863	G	A	PDZD4	Missense_Mutation	16	12	28	0.42857142857142855	2	1	1	1.1132	1	1.1132	1.0	True	0.77	2.15
X	153184655	G	A	ARHGAP4	Missense_Mutation	142	86	228	0.37719298245614036	2	1	1	0.9797	1	0.9797	0.9797	True	0.77	2.15
X	153218311	G	A	HCFC1	Silent	18	6	24	0.25	2	1	1	0.6494	1	0.6494	0.6494	False	0.77	2.15
X	153222966	C	T	HCFC1	Missense_Mutation	137	117	254	0.46062992125984253	2	1	1	1.1964	1	1.1964	1.0	True	0.77	2.15
X	153553734	C	A	TKTL1	Missense_Mutation	230	157	387	0.40568475452196384	2	1	1	1.0537	1	1.0537	1.0	True	0.77	2.15
X	153676842	G	A	FAM50A	Silent	63	38	101	0.37623762376237624	2	1	1	0.9772	1	0.9772	0.9772	True	0.77	2.15
X	153688844	C	T	PLXNA3	Silent	12	8	20	0.4	2	1	1	1.039	1	1.039	1.0	True	0.77	2.15
X	153691977	C	T	PLXNA3	Silent	9	6	15	0.4	2	1	1	1.039	1	1.039	1.0	True	0.77	2.15
X	153699600	C	T	PLXNA3	Missense_Mutation	164	81	245	0.3306122448979592	2	1	1	0.8587	1	0.8587	0.8587	True	0.77	2.15
