chr	start	end	WT.count	mut.count	subclonal.CN	nMaj1	nMin1	frac1	nMaj2	nMin2	frac2	phase	mutation.copy.number	subclonal.fraction	no.chrs.bearing.mut
1	1560536	1560537	77	8	1	1	0	1	NA	NA	NA	unphased	0.324183006535948	0.324183006535948	1
1	1670365	1670366	14	6	1	1	0	1	NA	NA	NA	unphased	1.03333333333333	1.03333333333333	1
1	1961086	1961087	51	4	1	1	0	1	NA	NA	NA	unphased	0.250505050505051	0.250505050505051	1
1	2409931	2409932	67	14	1.89	1	0	0.11	1	1	0.89	unphased	0.749163237311385	0.749163237311385	1
1	2428341	2428342	93	19	1.89	1	0	0.11	1	1	0.89	unphased	0.73530753968254	0.73530753968254	1
1	4772509	4772510	18	3	1.89	1	0	0.11	1	1	0.89	unphased	0.619206349206349	0.619206349206349	1
1	6027357	6027358	5	4	1.89	1	0	0.11	1	1	0.89	unphased	1.92641975308642	1.92641975308642	1
1	6185834	6185835	123	7	1.89	1	0	0.11	1	1	0.89	unphased	0.233393162393162	0.233393162393162	1
1	11852385	11852386	103	11	1.89	1	0	0.11	1	1	0.89	unphased	0.418235867446394	0.418235867446394	1
1	12853515	12853516	176	20	1.89	1	0	0.11	1	1	0.89	unphased	0.442290249433107	0.442290249433107	1
1	15788108	15788109	76	14	1.61	1	0	0.39	1	1	0.61	unphased	0.630691358024691	1.03392025905687	0.61
1	16070919	16070920	5	3	1.61	1	0	0.39	1	1	0.61	unphased	1.52041666666667	1.52041666666667	1
1	16070920	16070921	5	3	1.61	1	0	0.39	1	1	0.61	unphased	1.52041666666667	1.52041666666667	1
1	16258069	16258070	93	11	2	1	1	0.39	1	1	0.61	unphased	0.47008547008547	0.770631918172902	0.61
1	27278543	27278544	28	7	2	1	1	0.39	1	1	0.61	unphased	0.888888888888889	0.888888888888889	1
1	27426943	27426944	91	19	2	1	1	0.39	1	1	0.61	unphased	0.767676767676768	0.767676767676768	1
1	27426944	27426945	91	19	2	1	1	0.39	1	1	0.61	unphased	0.767676767676768	0.767676767676768	1
1	32678150	32678151	65	8	2	1	1	0.48	1	1	0.52	unphased	0.487062404870624	0.936658470905046	0.52
1	36758224	36758225	153	30	2	1	1	0.25	1	1	0.75	unphased	0.728597449908925	0.971463266545234	0.75
1	38006164	38006165	110	16	2	1	1	0.25	1	1	0.75	unphased	0.564373897707231	0.752498530276308	0.75
1	40881974	40881975	76	12	2	1	1	0.25	1	1	0.75	unphased	0.606060606060606	0.808080808080808	0.75
1	43232494	43232495	42	6	2	1	1	0.25	1	1	0.75	unphased	0.555555555555556	0.555555555555556	1
1	44071950	44071951	113	24	2	1	1	0.25	1	1	0.75	unphased	0.778588807785888	0.778588807785888	1
1	45470038	45470039	126	14	2	1	1	0.25	1	1	0.75	unphased	0.444444444444444	0.444444444444444	1
1	52226376	52226377	45	7	2	1	1	0.25	1	1	0.75	unphased	0.598290598290598	0.598290598290598	1
1	53153408	53153409	30	9	2	1	1	0.25	1	1	0.75	unphased	1.02564102564103	1.02564102564103	1
1	55612672	55612673	40	5	2	1	1	0.25	1	1	0.75	unphased	0.493827160493827	0.65843621399177	0.75
1	58996335	58996336	46	6	2	1	1	0.25	1	1	0.75	unphased	0.512820512820513	0.683760683760684	0.75
1	62995098	62995099	52	15	2	1	1	0.25	1	1	0.75	unphased	0.995024875621891	0.995024875621891	1
1	66085607	66085608	25	5	2	1	1	0.25	1	1	0.75	unphased	0.740740740740741	0.740740740740741	1
1	67161093	67161094	46	6	2	1	1	0.25	1	1	0.75	unphased	0.512820512820513	0.683760683760684	0.75
1	67243036	67243037	67	11	2	1	1	0.25	1	1	0.75	unphased	0.626780626780627	0.626780626780627	1
1	68947135	68947136	30	7	2	1	1	0.25	1	1	0.75	unphased	0.840840840840841	0.840840840840841	1
1	70504168	70504169	57	25	2	1	1	0.25	1	1	0.75	unphased	1.3550135501355	1.3550135501355	1
1	70541827	70541828	60	10	2	1	1	0.25	1	1	0.75	unphased	0.634920634920635	0.634920634920635	1
1	77635058	77635059	35	10	1	1	0	0.11	1	0	0.89	unphased	0.765432098765432	0.765432098765432	1
1	77635081	77635082	30	10	1	1	0	0.11	1	0	0.89	unphased	0.861111111111111	0.861111111111111	1
1	78098393	78098394	57	7	1	1	0	0.11	1	0	0.89	unphased	0.376736111111111	0.376736111111111	1
1	86246908	86246909	43	19	1	1	0	0.12	1	0	0.88	unphased	1.05555555555556	1.05555555555556	1
1	86497580	86497581	34	10	1	1	0	0.12	1	0	0.88	unphased	0.782828282828283	0.782828282828283	1
1	107937800	107937801	97	10	1	1	0	0.2	1	0	0.8	unphased	0.321910695742471	0.321910695742471	1
1	109270668	109270669	115	14	1	1	0	1	NA	NA	NA	unphased	0.373815676141258	0.373815676141258	1
1	120298155	120298156	326	18	2	1	1	0.18	1	1	0.82	unphased	0.232558139534884	0.232558139534884	1
1	120471799	120471800	49	8	2	1	1	0.18	1	1	0.82	unphased	0.623781676413255	0.623781676413255	1
1	146466100	146466101	158	16	NA	NA	NA	NA	NA	NA	NA	unphased	NA	NA	1
1	151062960	151062961	127	7	2.14	3	1	0.38	1	0	0.62	unphased	0.239485903814262	0.630226062669111	0.38
1	152080694	152080695	95	94	2.14	3	1	0.38	1	0	0.62	unphased	2.28009406231628	0.958022715258943	2.38
1	152191478	152191479	164	8	2.14	3	1	0.38	1	0	0.62	unphased	0.213229974160207	0.561131510947912	0.38
1	152193739	152193740	118	13	2.14	3	1	0.38	1	0	0.62	unphased	0.454944868532655	1.19722333824383	0.38
1	152278704	152278705	354	45	2.14	3	1	0.38	1	0	0.62	unphased	0.517042606516291	0.517042606516291	1
1	152285626	152285627	521	37	2.14	3	1	0.38	1	0	0.62	unphased	0.303986459577857	0.799964367310151	0.38
1	152286111	152286112	402	75	2.14	3	1	0.38	1	0	0.62	unphased	0.720824598183089	0.720824598183089	1
1	152328818	152328819	360	20	2.14	3	1	0.38	1	0	0.62	unphased	0.241286549707602	0.241286549707602	1
1	155264413	155264414	83	9	4	3	1	1	NA	NA	NA	unphased	0.630434782608696	0.630434782608696	1
1	155269944	155269945	86	39	4	3	1	1	NA	NA	NA	unphased	2.01066666666667	1.00533333333333	2
1	155269945	155269946	84	39	4	3	1	1	NA	NA	NA	unphased	2.04336043360434	1.02168021680217	2
1	156146367	156146368	73	12	1.14	1	1	0.14	1	0	0.86	unphased	0.506039215686275	0.506039215686275	1
1	156640261	156640262	118	46	1.14	1	1	0.14	1	0	0.86	unphased	1.00539295392954	1.00539295392954	1
1	157490913	157490914	130	17	2	1	1	1	NA	NA	NA	unphased	0.513983371126228	0.513983371126228	1
1	157659675	157659676	82	11	2	1	1	1	NA	NA	NA	unphased	0.525686977299881	0.525686977299881	1
1	158435416	158435417	83	17	2	1	1	1	NA	NA	NA	unphased	0.755555555555556	0.755555555555556	1
1	158436248	158436249	76	14	2	1	1	1	NA	NA	NA	unphased	0.691358024691358	0.691358024691358	1
1	158450093	158450094	176	27	2	1	1	1	NA	NA	NA	unphased	0.591133004926108	0.591133004926108	1
1	158576802	158576803	95	12	2	1	1	1	NA	NA	NA	unphased	0.498442367601246	0.498442367601246	1
1	158632623	158632624	42	10	2	1	1	1	NA	NA	NA	unphased	0.854700854700855	0.854700854700855	1
1	158670321	158670322	77	8	2	1	1	1	NA	NA	NA	unphased	0.418300653594771	0.418300653594771	1
1	158670442	158670443	89	5	2	1	1	1	NA	NA	NA	unphased	0.236406619385343	0.236406619385343	1
1	158724611	158724612	65	5	2	1	1	1	NA	NA	NA	unphased	0.317460317460317	0.317460317460317	1
1	158988129	158988130	43	6	2	1	1	1	NA	NA	NA	unphased	0.54421768707483	0.54421768707483	1
1	159035798	159035799	101	9	2	1	1	1	NA	NA	NA	unphased	0.363636363636364	0.363636363636364	1
1	159284111	159284112	82	15	2	1	1	1	NA	NA	NA	unphased	0.687285223367698	0.687285223367698	1
1	159558030	159558031	72	14	2	1	1	1	NA	NA	NA	unphased	0.723514211886305	0.723514211886305	1
1	159803140	159803141	110	26	2	1	1	1	NA	NA	NA	unphased	0.849673202614379	0.849673202614379	1
1	159921657	159921658	43	8	2	1	1	1	NA	NA	NA	unphased	0.697167755991285	0.697167755991285	1
1	160323922	160323923	52	7	2	1	1	1	NA	NA	NA	unphased	0.527306967984934	0.527306967984934	1
1	161161116	161161117	68	9	2	1	1	1	NA	NA	NA	unphased	0.519480519480519	0.519480519480519	1
1	161165958	161165959	70	37	2	1	1	1	NA	NA	NA	unphased	1.53686396677051	1.53686396677051	1
1	161187845	161187846	227	10	2	1	1	1	NA	NA	NA	unphased	0.187529301453352	0.187529301453352	1
1	161202959	161202960	205	19	2	1	1	1	NA	NA	NA	unphased	0.376984126984127	0.376984126984127	1
1	161654813	161654814	20	4	2	1	1	1	NA	NA	NA	unphased	0.740740740740741	0.740740740740741	1
1	170695490	170695491	93	19	2	1	1	1	NA	NA	NA	unphased	0.753968253968254	0.753968253968254	1
1	175053003	175053004	93	9	2	1	1	1	NA	NA	NA	unphased	0.392156862745098	0.392156862745098	1
1	175067650	175067651	115	8	2	1	1	1	NA	NA	NA	unphased	0.28906955736224	0.28906955736224	1
1	175087878	175087879	67	21	2	1	1	1	NA	NA	NA	unphased	1.06060606060606	1.06060606060606	1
1	175092741	175092742	64	20	2	1	1	1	NA	NA	NA	unphased	1.05820105820106	1.05820105820106	1
1	175299341	175299342	59	22	2	1	1	1	NA	NA	NA	unphased	1.20713305898491	1.20713305898491	1
1	181767840	181767841	33	4	2	1	1	1	NA	NA	NA	unphased	0.48048048048048	0.48048048048048	1
1	182025749	182025750	37	4	2	1	1	1	NA	NA	NA	unphased	0.43360433604336	0.43360433604336	1
1	186934604	186934605	35	8	2	1	1	1	NA	NA	NA	unphased	0.82687338501292	0.82687338501292	1
1	190067154	190067155	100	16	2	1	1	1	NA	NA	NA	unphased	0.613026819923372	0.613026819923372	1
1	190203540	190203541	47	14	2	1	1	1	NA	NA	NA	unphased	1.0200364298725	1.0200364298725	1
1	190234068	190234069	81	9	2	1	1	1	NA	NA	NA	unphased	0.444444444444444	0.444444444444444	1
1	192544975	192544976	57	10	2	1	1	1	NA	NA	NA	unphased	0.66334991708126	0.66334991708126	1
1	201039426	201039427	70	20	2	1	1	1	NA	NA	NA	unphased	0.987654320987654	0.987654320987654	1
1	201832720	201832721	73	11	2	1	1	1	NA	NA	NA	unphased	0.582010582010582	0.582010582010582	1
1	202391828	202391829	46	11	2	1	1	1	NA	NA	NA	unphased	0.857699805068226	0.857699805068226	1
1	202391852	202391853	38	13	2	1	1	1	NA	NA	NA	unphased	1.13289760348584	1.13289760348584	1
1	203055094	203055095	31	5	2	1	1	1	NA	NA	NA	unphased	0.617283950617284	0.617283950617284	1
1	203144910	203144911	37	4	2	1	1	1	NA	NA	NA	unphased	0.43360433604336	0.43360433604336	1
1	205138359	205138360	51	6	2	1	1	1	NA	NA	NA	unphased	0.467836257309941	0.467836257309941	1
1	207751169	207751170	55	19	2	1	1	1	NA	NA	NA	unphased	1.14114114114114	1.14114114114114	1
1	207975854	207975855	41	5	2	1	1	1	NA	NA	NA	unphased	0.483091787439614	0.483091787439614	1
1	207975855	207975856	39	5	2	1	1	1	NA	NA	NA	unphased	0.505050505050505	0.505050505050505	1
1	209880127	209880128	127	12	2	1	1	1	NA	NA	NA	unphased	0.383693045563549	0.383693045563549	1
1	209880128	209880129	128	12	2	1	1	1	NA	NA	NA	unphased	0.380952380952381	0.380952380952381	1
1	209933489	209933490	49	15	2	1	1	1	NA	NA	NA	unphased	1.04166666666667	1.04166666666667	1
1	209956857	209956858	84	18	2	1	1	1	NA	NA	NA	unphased	0.784313725490196	0.784313725490196	1
1	210024610	210024611	55	4	2	1	1	1	NA	NA	NA	unphased	0.301318267419962	0.301318267419962	1
1	210267765	210267766	52	8	2	1	1	1	NA	NA	NA	unphased	0.592592592592593	0.592592592592593	1
1	210857002	210857003	87	17	2	1	1	1	NA	NA	NA	unphased	0.726495726495726	0.726495726495726	1
1	211751605	211751606	23	5	2	1	1	1	NA	NA	NA	unphased	0.793650793650794	0.793650793650794	1
1	215807870	215807871	65	14	2	1	1	1	NA	NA	NA	unphased	0.787623066104079	0.787623066104079	1
1	215901707	215901708	42	7	2	1	1	1	NA	NA	NA	unphased	0.634920634920635	0.634920634920635	1
1	215972390	215972391	49	10	2	1	1	1	NA	NA	NA	unphased	0.753295668549906	0.753295668549906	1
1	215990484	215990485	74	6	2	1	1	1	NA	NA	NA	unphased	0.333333333333333	0.333333333333333	1
1	216420297	216420298	77	18	2	1	1	1	NA	NA	NA	unphased	0.842105263157895	0.842105263157895	1
1	216498838	216498839	81	12	2	1	1	1	NA	NA	NA	unphased	0.573476702508961	0.573476702508961	1
1	218609452	218609453	74	10	2	1	1	1	NA	NA	NA	unphased	0.529100529100529	0.529100529100529	1
1	220440456	220440457	37	6	2	1	1	1	NA	NA	NA	unphased	0.62015503875969	0.62015503875969	1
1	222715444	222715445	45	13	2	1	1	1	NA	NA	NA	unphased	0.996168582375479	0.996168582375479	1
1	223176686	223176687	76	19	2	1	1	1	NA	NA	NA	unphased	0.888888888888889	0.888888888888889	1
1	223934730	223934731	108	20	2	1	1	1	NA	NA	NA	unphased	0.694444444444444	0.694444444444444	1
1	224415297	224415298	25	8	2	1	1	1	NA	NA	NA	unphased	1.07744107744108	1.07744107744108	1
1	228003799	228003800	109	10	2	1	1	1	NA	NA	NA	unphased	0.373482726423903	0.373482726423903	1
1	228548049	228548050	85	16	2	1	1	1	NA	NA	NA	unphased	0.704070407040704	0.704070407040704	1
1	235878602	235878603	53	24	2	1	1	1	NA	NA	NA	unphased	1.38528138528139	1.38528138528139	1
1	237023176	237023177	72	12	2	1	1	1	NA	NA	NA	unphased	0.634920634920635	0.634920634920635	1
1	237961413	237961414	12	9	2	1	1	1	NA	NA	NA	unphased	1.9047619047619	1.9047619047619	1
1	237993831	237993832	92	23	2	1	1	1	NA	NA	NA	unphased	0.888888888888889	0.888888888888889	1
1	237993871	237993872	123	10	2	1	1	1	NA	NA	NA	unphased	0.334168755221387	0.334168755221387	1
1	240070813	240070814	89	26	2	1	1	1	NA	NA	NA	unphased	1.0048309178744	1.0048309178744	1
1	240969526	240969527	86	24	2	1	1	1	NA	NA	NA	unphased	0.96969696969697	0.96969696969697	1
1	244217638	244217639	87	18	2	1	1	1	NA	NA	NA	unphased	0.761904761904762	0.761904761904762	1
1	247492744	247492745	48	15	2	1	1	1	NA	NA	NA	unphased	1.05820105820106	1.05820105820106	1
1	247607997	247607998	53	21	2	1	1	1	NA	NA	NA	unphased	1.26126126126126	1.26126126126126	1
1	247751944	247751945	90	13	2	1	1	1	NA	NA	NA	unphased	0.560949298813377	0.560949298813377	1
1	247769735	247769736	66	13	2	1	1	1	NA	NA	NA	unphased	0.731364275668073	0.731364275668073	1
1	247875179	247875180	103	33	2	1	1	1	NA	NA	NA	unphased	1.07843137254902	1.07843137254902	1
1	247921085	247921086	42	4	2	1	1	1	NA	NA	NA	unphased	0.386473429951691	0.386473429951691	1
1	247921089	247921090	45	4	2	1	1	1	NA	NA	NA	unphased	0.36281179138322	0.36281179138322	1
1	248004594	248004595	104	29	2	1	1	1	NA	NA	NA	unphased	0.969089390142022	0.969089390142022	1
1	248059603	248059604	98	27	2	1	1	1	NA	NA	NA	unphased	0.96	0.96	1
1	248084547	248084548	54	10	2	1	1	1	NA	NA	NA	unphased	0.694444444444444	0.694444444444444	1
1	248263400	248263401	78	12	2	1	1	1	NA	NA	NA	unphased	0.592592592592593	0.592592592592593	1
1	248343720	248343721	162	41	2	1	1	1	NA	NA	NA	unphased	0.897646414887794	0.897646414887794	1
1	248458402	248458403	107	12	2	1	1	1	NA	NA	NA	unphased	0.448179271708683	0.448179271708683	1
1	248458651	248458652	111	16	2	1	1	1	NA	NA	NA	unphased	0.559930008748906	0.559930008748906	1
1	248458804	248458805	104	32	2	1	1	1	NA	NA	NA	unphased	1.04575163398693	1.04575163398693	1
10	410377	410378	98	41	2	1	1	1	NA	NA	NA	unphased	1.31095123900879	1.31095123900879	1
10	1313243	1313244	32	5	2	1	1	1	NA	NA	NA	unphased	0.600600600600601	0.600600600600601	1
10	4879694	4879695	58	21	2	1	1	1	NA	NA	NA	unphased	1.18143459915612	1.18143459915612	1
10	5782142	5782143	113	19	1.17	1	1	0.17	1	0	0.83	unphased	0.520260942760943	0.520260942760943	1
10	5790824	5790825	38	4	1.17	1	1	0.17	1	0	0.83	unphased	0.344232804232804	0.344232804232804	1
10	12191874	12191875	119	13	2	1	1	1	NA	NA	NA	unphased	0.437710437710438	0.437710437710438	1
10	13175537	13175538	54	6	2	1	1	1	NA	NA	NA	unphased	0.444444444444444	0.444444444444444	1
10	15254993	15254994	161	27	2	1	1	1	NA	NA	NA	unphased	0.638297872340426	0.638297872340426	1
10	15730000	15730001	67	21	2	1	1	1	NA	NA	NA	unphased	1.06060606060606	1.06060606060606	1
10	21962655	21962656	55	22	2	1	1	1	NA	NA	NA	unphased	1.26984126984127	1.26984126984127	1
10	25510016	25510017	53	9	2	1	1	1	NA	NA	NA	unphased	0.645161290322581	0.645161290322581	1
10	25886892	25886893	78	12	2	1	1	1	NA	NA	NA	unphased	0.592592592592593	0.592592592592593	1
10	25887672	25887673	77	5	2	1	1	1	NA	NA	NA	unphased	0.2710027100271	0.2710027100271	1
10	27400899	27400900	74	12	2	1	1	1	NA	NA	NA	unphased	0.62015503875969	0.62015503875969	1
10	27536479	27536480	21	4	2	1	1	1	NA	NA	NA	unphased	0.711111111111111	0.711111111111111	1
10	31137880	31137881	96	22	2	1	1	1	NA	NA	NA	unphased	0.828625235404896	0.828625235404896	1
10	37438727	37438728	76	5	2	1	1	1	NA	NA	NA	unphased	0.274348422496571	0.274348422496571	1
10	37508126	37508127	106	45	2	1	1	1	NA	NA	NA	unphased	1.32450331125828	1.32450331125828	1
10	43654171	43654172	45	8	2	1	1	1	NA	NA	NA	unphased	0.670859538784067	0.670859538784067	1
10	54032159	54032160	34	4	1	1	0	1	NA	NA	NA	unphased	0.362573099415205	0.362573099415205	1
10	61062571	61062572	28	3	1	1	0	1	NA	NA	NA	unphased	0.333333333333333	0.333333333333333	1
10	71665547	71665548	19	11	1	1	0	1	NA	NA	NA	unphased	1.26296296296296	1.26296296296296	1
10	75673076	75673077	82	15	1	1	0	1	NA	NA	NA	unphased	0.532646048109966	0.532646048109966	1
10	79753013	79753014	78	27	1	1	0	1	NA	NA	NA	unphased	0.885714285714286	0.885714285714286	1
10	81923852	81923853	72	6	1	1	0	1	NA	NA	NA	unphased	0.264957264957265	0.264957264957265	1
10	82267055	82267056	74	7	1	1	0	1	NA	NA	NA	unphased	0.297668038408779	0.297668038408779	1
10	95557292	95557293	33	8	1	1	0	1	NA	NA	NA	unphased	0.672086720867209	0.672086720867209	1
10	95931133	95931134	62	13	1	1	0	1	NA	NA	NA	unphased	0.597037037037037	0.597037037037037	1
10	98156977	98156978	38	23	1	1	0	1	NA	NA	NA	unphased	1.29872495446266	1.29872495446266	1
10	115405651	115405652	98	29	3.14	3	1	0.57	1	1	0.43	unphased	1.27518810148731	1.27518810148731	1
10	115423131	115423132	61	7	3.14	3	1	0.57	1	1	0.43	unphased	0.574869281045752	0.574869281045752	1
10	115609773	115609774	99	14	3.14	3	1	0.57	1	1	0.43	unphased	0.691878072763028	0.691878072763028	1
10	118204011	118204012	34	12	1.7	1	0	0.3	1	1	0.7	unphased	1.08115942028986	1.08115942028986	1
10	118969761	118969762	55	8	1.7	1	0	0.3	1	1	0.7	unphased	0.526278659611993	0.751826656588561	0.7
10	127414292	127414293	44	7	1.7	1	0	0.3	1	1	0.7	unphased	0.56884531590414	0.56884531590414	1
10	128769017	128769018	56	4	4	3	1	1	NA	NA	NA	unphased	0.42962962962963	0.42962962962963	1
10	135440168	135440169	139	9	NA	NA	NA	NA	NA	NA	NA	unphased	NA	NA	1
11	379921	379922	49	6	1.07	1	1	0.07	0	1	0.93	unphased	0.383393939393939	0.383393939393939	1
11	397118	397119	31	17	1.07	1	1	0.07	0	1	0.93	unphased	1.24469907407407	1.24469907407407	1
11	1271500	1271501	128	30	1.07	1	1	0.07	0	1	0.93	unphased	0.667299578059072	0.667299578059072	1
11	1272806	1272807	47	7	1.07	1	1	0.07	0	1	0.93	unphased	0.455576131687243	0.455576131687243	1
11	1281294	1281295	42	14	1.07	1	1	0.07	0	1	0.93	unphased	0.878611111111111	0.878611111111111	1
11	1298327	1298328	109	18	1.07	1	1	0.07	0	1	0.93	unphased	0.498110236220472	0.498110236220472	1
11	1619012	1619013	166	17	1.07	1	1	0.07	0	1	0.93	unphased	0.326478445658774	0.326478445658774	1
11	1629526	1629527	171	20	1.07	1	1	0.07	0	1	0.93	unphased	0.368004653868528	0.368004653868528	1
11	1953726	1953727	81	13	1.07	1	1	0.07	0	1	0.93	unphased	0.486040189125296	0.486040189125296	1
11	2683344	2683345	80	19	1.07	1	1	0.07	0	1	0.93	unphased	0.674489337822671	0.674489337822671	1
11	2683346	2683347	77	19	1.07	1	1	0.07	0	1	0.93	unphased	0.69556712962963	0.69556712962963	1
11	3844949	3844950	20	5	1.07	1	1	0.07	0	1	0.93	unphased	0.702888888888889	0.702888888888889	1
11	4869646	4869647	97	10	1.09	1	1	0.09	0	1	0.91	unphased	0.330321910695742	0.330321910695742	1
11	4945393	4945394	51	20	1.09	1	1	0.09	0	1	0.91	unphased	0.995618153364632	0.995618153364632	1
11	5068574	5068575	79	12	1.09	1	1	0.09	0	1	0.91	unphased	0.466080586080586	0.466080586080586	1
11	5142638	5142639	80	7	1.09	1	1	0.09	0	1	0.91	unphased	0.284380587484036	0.284380587484036	1
11	5221708	5221709	104	13	1.09	1	1	0.09	0	1	0.91	unphased	0.392716049382716	0.392716049382716	1
11	5462384	5462385	66	5	1.09	1	1	0.09	0	1	0.91	unphased	0.248904538341158	0.248904538341158	1
11	5799304	5799305	95	10	NA	NA	NA	NA	NA	NA	NA	unphased	NA	NA	1
11	5799751	5799752	121	10	NA	NA	NA	NA	NA	NA	NA	unphased	NA	NA	1
11	6520072	6520073	121	13	2	1	1	1	NA	NA	NA	unphased	0.431177446102819	0.431177446102819	1
11	6630603	6630604	96	6	2	1	1	1	NA	NA	NA	unphased	0.261437908496732	0.261437908496732	1
11	6817017	6817018	15	5	2	1	1	1	NA	NA	NA	unphased	1.11111111111111	1.11111111111111	1
11	7441831	7441832	56	10	2	1	1	1	NA	NA	NA	unphased	0.673400673400673	0.673400673400673	1
11	7982252	7982253	110	12	2	1	1	1	NA	NA	NA	unphased	0.437158469945355	0.437158469945355	1
11	7982256	7982257	110	13	2	1	1	1	NA	NA	NA	unphased	0.469738030713641	0.469738030713641	1
11	8707066	8707067	76	21	2	1	1	1	NA	NA	NA	unphased	0.962199312714777	0.962199312714777	1
11	9225560	9225561	78	9	2	1	1	1	NA	NA	NA	unphased	0.459770114942529	0.459770114942529	1
11	9450369	9450370	51	7	2	1	1	1	NA	NA	NA	unphased	0.53639846743295	0.53639846743295	1
11	15994451	15994452	54	25	2	1	1	1	NA	NA	NA	unphased	1.40646976090014	1.40646976090014	1
11	17743007	17743008	57	4	2	1	1	1	NA	NA	NA	unphased	0.29143897996357	0.29143897996357	1
11	18051102	18051103	51	5	2	1	1	1	NA	NA	NA	unphased	0.396825396825397	0.396825396825397	1
11	19256307	19256308	46	6	2	1	1	1	NA	NA	NA	unphased	0.512820512820513	0.512820512820513	1
11	22272360	22272361	72	9	1.05	1	1	0.05	0	1	0.95	unphased	0.388271604938272	0.388271604938272	1
11	30432967	30432968	36	4	1.1	1	1	0.1	0	1	0.9	unphased	0.354444444444445	0.354444444444445	1
11	32636211	32636212	19	4	1.01	1	1	0.01	0	1	0.99	unphased	0.600772946859903	0.600772946859903	1
11	33564724	33564725	40	26	1.01	1	1	0.01	0	1	0.99	unphased	1.36084175084175	1.36084175084175	1
11	40137637	40137638	52	7	1.01	1	1	0.01	0	1	0.99	unphased	0.40984934086629	0.40984934086629	1
11	43940649	43940650	90	10	1.01	1	1	0.01	0	1	0.99	unphased	0.345444444444444	0.345444444444444	1
11	48510593	48510594	98	12	1.01	1	1	0.01	0	1	0.99	unphased	0.376848484848485	0.376848484848485	1
11	49168456	49168457	88	21	1.01	1	1	0.01	0	1	0.99	unphased	0.665535168195719	0.665535168195719	1
11	49974728	49974729	119	21	1	1	0	1	NA	NA	NA	unphased	0.516666666666667	0.516666666666667	1
11	55038011	55038012	14	9	1	1	0	1	NA	NA	NA	unphased	1.34782608695652	1.34782608695652	1
11	55432960	55432961	35	16	1	1	0	1	NA	NA	NA	unphased	1.08061002178649	1.08061002178649	1
11	55798169	55798170	20	11	1	1	0	1	NA	NA	NA	unphased	1.22222222222222	1.22222222222222	1
11	55890269	55890270	78	9	1	1	0	1	NA	NA	NA	unphased	0.35632183908046	0.35632183908046	1
11	55944577	55944578	44	11	1	1	0	1	NA	NA	NA	unphased	0.688888888888889	0.688888888888889	1
11	56230094	56230095	31	8	1	1	0	1	NA	NA	NA	unphased	0.706552706552707	0.706552706552707	1
11	56230095	56230096	30	8	1	1	0	1	NA	NA	NA	unphased	0.725146198830409	0.725146198830409	1
11	56344737	56344738	70	6	1	1	0	1	NA	NA	NA	unphased	0.271929824561404	0.271929824561404	1
11	56468588	56468589	204	14	1	1	0	1	NA	NA	NA	unphased	0.221202854230377	0.221202854230377	1
11	56756595	56756596	38	5	1	1	0	1	NA	NA	NA	unphased	0.400516795865633	0.400516795865633	1
11	57971091	57971092	90	34	1	1	0	1	NA	NA	NA	unphased	0.944444444444444	0.944444444444444	1
11	59132757	59132758	52	8	1	1	0	1	NA	NA	NA	unphased	0.459259259259259	0.459259259259259	1
11	59225306	59225307	141	32	2.55	2	1	0.55	1	1	0.45	unphased	0.923827874116891	0.923827874116891	1
11	59633998	59633999	20	3	1	1	0	1	NA	NA	NA	unphased	0.449275362318841	0.449275362318841	1
11	60184274	60184275	28	16	1	1	0	1	NA	NA	NA	unphased	1.25252525252525	1.25252525252525	1
11	61091480	61091481	76	7	1	1	0	1	NA	NA	NA	unphased	0.2904953145917	0.2904953145917	1
11	61197627	61197628	66	8	1	1	0	1	NA	NA	NA	unphased	0.372372372372372	0.372372372372372	1
11	62997066	62997067	41	12	1	1	0	1	NA	NA	NA	unphased	0.779874213836478	0.779874213836478	1
11	63137512	63137513	59	4	2.57	2	1	0.57	1	1	0.43	unphased	0.318377425044092	0.558556886042266	0.57
11	64329845	64329846	77	52	1	1	0	1	NA	NA	NA	unphased	1.38845822566753	1.38845822566753	1
11	65824772	65824773	124	24	1	1	0	1	NA	NA	NA	unphased	0.558558558558559	0.558558558558559	1
11	66082935	66082936	89	15	1	1	0	1	NA	NA	NA	unphased	0.496794871794872	0.496794871794872	1
11	66368019	66368020	85	9	1	1	0	1	NA	NA	NA	unphased	0.329787234042553	0.329787234042553	1
11	67190959	67190960	43	10	1	1	0	1	NA	NA	NA	unphased	0.649895178197065	0.649895178197065	1
11	75718609	75718610	27	11	1	1	0	0.01	0	1	0.99	unphased	0.997076023391813	0.997076023391813	1
11	76370953	76370954	47	6	1	1	0	0.01	0	1	0.99	unphased	0.389937106918239	0.389937106918239	1
11	76507337	76507338	128	35	1	1	0	0.01	0	1	0.99	unphased	0.739604635310157	0.739604635310157	1
11	76996133	76996134	35	8	1	1	0	0.01	0	1	0.99	unphased	0.640826873385013	0.640826873385013	1
11	77825337	77825338	42	11	1	1	0	0.01	0	1	0.99	unphased	0.714884696016772	0.714884696016772	1
11	83170831	83170832	18	4	1	1	0	1	NA	NA	NA	unphased	0.626262626262626	0.626262626262626	1
11	88924512	88924513	96	13	1	1	0	1	NA	NA	NA	unphased	0.410805300713558	0.410805300713558	1
11	92085507	92085508	31	3	1	1	0	1	NA	NA	NA	unphased	0.303921568627451	0.303921568627451	1
11	92533121	92533122	17	3	1	1	0	1	NA	NA	NA	unphased	0.516666666666667	0.516666666666667	1
11	92616435	92616436	77	42	1	1	0	1	NA	NA	NA	unphased	1.2156862745098	1.2156862745098	1
11	101832913	101832914	39	7	1	1	0	1	NA	NA	NA	unphased	0.524154589371981	0.524154589371981	1
11	103814330	103814331	25	4	1	1	0	1	NA	NA	NA	unphased	0.475095785440613	0.475095785440613	1
11	110036178	110036179	32	23	1	1	0	1	NA	NA	NA	unphased	1.44040404040404	1.44040404040404	1
11	113105825	113105826	9	3	1	1	0	1	NA	NA	NA	unphased	0.861111111111111	0.861111111111111	1
11	113934731	113934732	19	3	1	1	0	1	NA	NA	NA	unphased	0.46969696969697	0.46969696969697	1
11	117335692	117335693	51	6	1	1	0	1	NA	NA	NA	unphased	0.362573099415205	0.362573099415205	1
11	117969813	117969814	62	11	1	1	0	1	NA	NA	NA	unphased	0.519025875190259	0.519025875190259	1
11	118428530	118428531	130	30	1	1	0	1	NA	NA	NA	unphased	0.645833333333333	0.645833333333333	1
11	118509714	118509715	17	4	1	1	0	1	NA	NA	NA	unphased	0.656084656084656	0.656084656084656	1
11	119044710	119044711	39	11	1	1	0	1	NA	NA	NA	unphased	0.757777777777778	0.757777777777778	1
11	119045170	119045171	108	13	1	1	0	1	NA	NA	NA	unphased	0.370064279155188	0.370064279155188	1
11	120348156	120348157	22	8	1	1	0	1	NA	NA	NA	unphased	0.918518518518519	0.918518518518519	1
11	128838968	128838969	29	6	1	1	0	1	NA	NA	NA	unphased	0.59047619047619	0.59047619047619	1
11	128838969	128838970	28	7	1	1	0	1	NA	NA	NA	unphased	0.688888888888889	0.688888888888889	1
12	2786311	2786312	14	6	1	1	0	1	NA	NA	NA	unphased	1.03333333333333	1.03333333333333	1
12	6715609	6715610	11	3	1	1	0	1	NA	NA	NA	unphased	0.738095238095238	0.738095238095238	1
12	7083816	7083817	25	3	1	1	0	1	NA	NA	NA	unphased	0.369047619047619	0.369047619047619	1
12	8050906	8050907	11	6	1	1	0	1	NA	NA	NA	unphased	1.2156862745098	1.2156862745098	1
12	10147843	10147844	102	11	1	1	0	1	NA	NA	NA	unphased	0.335299901671583	0.335299901671583	1
12	11183829	11183830	59	11	1	1	0	1	NA	NA	NA	unphased	0.541269841269841	0.541269841269841	1
12	13719989	13719990	21	18	1	1	0	1	NA	NA	NA	unphased	1.58974358974359	1.58974358974359	1
12	22078927	22078928	66	8	1	1	0	0.03	0	1	0.97	unphased	0.372372372372372	0.372372372372372	1
12	29617593	29617594	126	10	3.65	5	1	0.53	1	0	0.47	unphased	0.44812091503268	0.845511160439019	0.53
12	29648244	29648245	203	24	3.65	5	1	0.53	1	0	0.47	unphased	0.644346549192364	1.21574820602333	0.53
12	32137491	32137492	89	6	5	4	1	1	NA	NA	NA	unphased	0.470175438596491	0.470175438596491	1
12	32955374	32955375	156	24	2.04	2	1	0.52	1	0	0.48	unphased	0.597925925925926	1.14985754985755	0.52
12	33559892	33559893	41	15	2	1	1	1	NA	NA	NA	unphased	1.19047619047619	1.19047619047619	1
12	34175688	34175689	305	26	3.4	4	1	0.6	1	0	0.4	unphased	0.459080228264518	0.765133713774197	0.6
12	34177035	34177036	193	17	3.4	4	1	0.6	1	0	0.4	unphased	0.473121693121693	0.788536155202822	0.6
12	45742319	45742320	57	17	2	1	1	1	NA	NA	NA	unphased	1.02102102102102	1.02102102102102	1
12	48188651	48188652	118	32	2	1	1	1	NA	NA	NA	unphased	0.948148148148148	0.948148148148148	1
12	49361929	49361930	50	5	2	1	1	1	NA	NA	NA	unphased	0.404040404040404	0.404040404040404	1
12	49579226	49579227	71	8	2	1	1	1	NA	NA	NA	unphased	0.450070323488045	0.450070323488045	1
12	49724560	49724561	73	14	2	1	1	1	NA	NA	NA	unphased	0.715197956577267	0.715197956577267	1
12	52994911	52994912	77	11	2	1	1	1	NA	NA	NA	unphased	0.555555555555556	0.555555555555556	1
12	53232850	53232851	44	4	2	1	1	1	NA	NA	NA	unphased	0.37037037037037	0.37037037037037	1
12	53876885	53876886	59	25	2	1	1	1	NA	NA	NA	unphased	1.32275132275132	1.32275132275132	1
12	56385938	56385939	75	5	2	1	1	1	NA	NA	NA	unphased	0.277777777777778	0.277777777777778	1
12	57178690	57178691	128	9	2	1	1	1	NA	NA	NA	unphased	0.291970802919708	0.291970802919708	1
12	57351014	57351015	88	6	2	1	1	1	NA	NA	NA	unphased	0.283687943262411	0.283687943262411	1
12	57432684	57432685	71	5	2	1	1	1	NA	NA	NA	unphased	0.292397660818713	0.292397660818713	1
12	57589476	57589477	34	8	2	1	1	1	NA	NA	NA	unphased	0.846560846560847	0.846560846560847	1
12	57589477	57589478	33	8	2	1	1	1	NA	NA	NA	unphased	0.867208672086721	0.867208672086721	1
12	57865861	57865862	30	5	2	1	1	1	NA	NA	NA	unphased	0.634920634920635	0.634920634920635	1
12	58121758	58121759	199	19	2	1	1	1	NA	NA	NA	unphased	0.387359836901121	0.387359836901121	1
12	62104170	62104171	85	24	2	1	1	1	NA	NA	NA	unphased	0.978593272171254	0.978593272171254	1
12	64519833	64519834	72	5	2	1	1	1	NA	NA	NA	unphased	0.288600288600289	0.288600288600289	1
12	71946858	71946859	44	5	2	1	1	1	NA	NA	NA	unphased	0.453514739229025	0.453514739229025	1
12	77419547	77419548	44	7	2	1	1	1	NA	NA	NA	unphased	0.610021786492375	0.610021786492375	1
12	78444859	78444860	72	8	2	1	1	1	NA	NA	NA	unphased	0.444444444444444	0.444444444444444	1
12	81688773	81688774	18	6	1.61	1	0	0.39	1	1	0.61	unphased	1.01361111111111	1.01361111111111	1
12	88379803	88379804	67	7	1.61	1	0	0.39	1	1	0.61	unphased	0.383528528528529	0.628735292669719	0.61
12	91348264	91348265	31	11	1.61	1	0	0.39	1	1	0.61	unphased	1.06187830687831	1.06187830687831	1
12	94642068	94642069	25	18	1.61	1	0	0.39	1	1	0.61	unphased	1.69720930232558	1.69720930232558	1
12	104496742	104496743	43	7	1.62	1	0	0.38	1	1	0.62	unphased	0.569022222222222	0.569022222222222	1
12	108641766	108641767	66	7	1.62	1	0	0.38	1	1	0.62	unphased	0.389741248097413	0.628614916286149	0.62
12	108962735	108962736	9	3	1.62	1	0	0.38	1	1	0.62	unphased	1.01611111111111	1.01611111111111	1
12	109042472	109042473	73	6	1.62	1	0	0.38	1	1	0.62	unphased	0.308691983122363	0.49789029535865	0.62
12	111291370	111291371	61	4	1.62	1	0	0.38	1	1	0.62	unphased	0.250119658119658	0.403418803418804	0.62
12	112167687	112167688	55	5	1.62	1	0	0.38	1	1	0.62	unphased	0.338703703703704	0.546296296296296	0.62
12	113836546	113836547	51	5	1.62	1	0	0.38	1	1	0.62	unphased	0.362896825396825	0.58531746031746	0.62
12	116434321	116434322	49	20	1.62	1	0	0.38	1	1	0.62	unphased	1.1780998389694	1.1780998389694	1
12	130841623	130841624	37	15	1.69	1	0	0.31	1	1	0.69	unphased	1.19262820512821	1.19262820512821	1
12	132624411	132624412	97	28	1.69	1	0	0.31	1	1	0.69	unphased	0.926115555555556	0.926115555555556	1
12	133768116	133768117	35	9	1.69	1	0	0.31	1	1	0.69	unphased	0.845681818181818	0.845681818181818	1
13	21171205	21171206	20	3	1.02	1	1	0.02	0	1	0.98	unphased	0.451884057971015	0.451884057971015	1
13	23909847	23909848	46	4	1.02	1	1	0.02	0	1	0.98	unphased	0.277155555555556	0.277155555555556	1
13	28155855	28155856	53	9	2	1	1	0.22	1	1	0.78	unphased	0.645161290322581	0.645161290322581	1
13	29599269	29599270	91	9	2	1	1	0.22	1	1	0.78	unphased	0.4	0.4	1
13	31221139	31221140	19	4	2	1	1	0.22	1	1	0.78	unphased	0.772946859903382	0.772946859903382	1
13	43918816	43918817	71	12	2	1	1	0.19	1	1	0.81	unphased	0.642570281124498	0.642570281124498	1
13	43935508	43935509	73	7	2	1	1	0.19	1	1	0.81	unphased	0.388888888888889	0.388888888888889	1
13	51957560	51957561	41	6	2	1	1	0.19	1	1	0.81	unphased	0.567375886524823	0.567375886524823	1
13	53624275	53624276	53	14	2	1	1	0.19	1	1	0.81	unphased	0.928689883913765	0.928689883913765	1
13	58298951	58298952	52	7	2	1	1	0.19	1	1	0.81	unphased	0.527306967984934	0.650996256771524	0.81
13	61057958	61057959	75	14	2	1	1	0.19	1	1	0.81	unphased	0.699126092384519	0.699126092384519	1
13	70514350	70514351	33	4	2	1	1	0.19	1	1	0.81	unphased	0.48048048048048	0.48048048048048	1
13	70681380	70681381	111	11	2	1	1	0.19	1	1	0.81	unphased	0.400728597449909	0.400728597449909	1
13	84455651	84455652	59	4	2	1	1	0.19	1	1	0.81	unphased	0.282186948853616	0.282186948853616	1
13	88328565	88328566	98	16	2	1	1	0.19	1	1	0.81	unphased	0.623781676413255	0.770100835078093	0.81
13	99462533	99462534	130	15	2	1	1	0.19	1	1	0.81	unphased	0.459770114942529	0.459770114942529	1
13	100425244	100425245	55	8	2	1	1	0.19	1	1	0.81	unphased	0.564373897707231	0.696757898403989	0.81
13	101714424	101714425	52	8	2	1	1	0.19	1	1	0.81	unphased	0.592592592592593	0.592592592592593	1
13	102521157	102521158	51	12	2	1	1	0.19	1	1	0.81	unphased	0.846560846560847	0.846560846560847	1
13	103301781	103301782	37	4	2	1	1	0.19	1	1	0.81	unphased	0.43360433604336	0.53531399511526	0.81
13	103301783	103301784	38	3	2	1	1	0.19	1	1	0.81	unphased	0.32520325203252	0.401485496336445	0.81
13	110814761	110814762	79	6	2	1	1	0.19	1	1	0.81	unphased	0.313725490196078	0.313725490196078	1
13	110829280	110829281	63	21	2	1	1	0.19	1	1	0.81	unphased	1.11111111111111	1.11111111111111	1
13	111092174	111092175	60	22	2	1	1	0.19	1	1	0.81	unphased	1.19241192411924	1.19241192411924	1
13	111367732	111367733	20	6	2	1	1	0.19	1	1	0.81	unphased	1.02564102564103	1.02564102564103	1
13	111367733	111367734	21	6	2	1	1	0.19	1	1	0.81	unphased	0.987654320987654	0.987654320987654	1
14	19566081	19566082	167	11	NA	NA	NA	NA	NA	NA	NA	unphased	NA	NA	1
14	20404137	20404138	120	7	2.82	2	1	0.91	0	1	0.09	unphased	0.290166229221347	0.290166229221347	1
14	20528474	20528475	100	36	2.53	2	1	0.53	1	1	0.47	unphased	1.31676470588235	0.860630526720492	1.53
14	20586563	20586564	24	4	2.53	2	1	0.53	1	1	0.47	unphased	0.710634920634921	0.710634920634921	1
14	20978888	20978889	48	15	2.53	2	1	0.53	1	1	0.47	unphased	1.18439153439153	1.18439153439153	1
14	20978889	20978890	48	15	2.53	2	1	0.53	1	1	0.47	unphased	1.18439153439153	1.18439153439153	1
14	21216182	21216183	71	6	2.53	2	1	0.53	1	1	0.47	unphased	0.387619047619048	0.731356693620845	0.53
14	21679517	21679518	75	13	2.53	2	1	0.53	1	1	0.47	unphased	0.734861111111111	0.734861111111111	1
14	21868188	21868189	200	72	2.53	2	1	0.53	1	1	0.47	unphased	1.31676470588235	0.860630526720492	1.53
14	22509306	22509307	31	5	2.53	2	1	0.53	1	1	0.47	unphased	0.690895061728395	0.690895061728395	1
14	23859649	23859650	38	13	2	1	1	0.46	1	1	0.54	unphased	1.13289760348584	1.13289760348584	1
14	24546477	24546478	85	16	2	1	1	0.46	1	1	0.54	unphased	0.704070407040704	0.704070407040704	1
14	24701537	24701538	37	4	2	1	1	0.46	1	1	0.54	unphased	0.43360433604336	0.80297099267289	0.54
14	24845993	24845994	61	27	2	1	1	0.46	1	1	0.54	unphased	1.36363636363636	1.36363636363636	1
14	25042888	25042889	227	21	2	1	1	0.46	1	1	0.54	unphased	0.376344086021505	0.696933492632417	0.54
14	29237762	29237763	71	8	2	1	1	0.31	1	1	0.69	unphased	0.450070323488045	0.652275831142094	0.69
14	30046643	30046644	61	4	2	1	1	0.31	1	1	0.69	unphased	0.273504273504274	0.396383005078657	0.69
14	35243653	35243654	92	9	3	2	1	1	NA	NA	NA	unphased	0.485148514851485	0.485148514851485	1
14	39796220	39796221	57	11	3	2	1	1	NA	NA	NA	unphased	0.880718954248366	0.880718954248366	1
14	42356853	42356854	82	15	2.71	2	1	0.71	1	1	0.29	unphased	0.797079037800687	0.797079037800687	1
14	45645701	45645702	46	10	2.71	2	1	0.71	1	1	0.29	unphased	0.920436507936508	0.920436507936508	1
14	45658238	45658239	61	25	2.71	2	1	0.71	1	1	0.29	unphased	1.4983850129199	0.876248545567191	1.71
14	51099081	51099082	12	4	2.71	2	1	0.71	1	1	0.29	unphased	1.28861111111111	1.28861111111111	1
14	51446109	51446110	84	14	2.71	2	1	0.71	1	1	0.29	unphased	0.736349206349206	0.736349206349206	1
14	52735268	52735269	103	9	2.71	2	1	0.71	1	1	0.29	unphased	0.414196428571429	0.583375251509054	0.71
14	65260271	65260272	42	8	2	1	1	0.1	1	1	0.9	unphased	0.711111111111111	0.711111111111111	1
14	67859504	67859505	38	7	2	1	1	0.1	1	1	0.9	unphased	0.691358024691358	0.691358024691358	1
14	69520615	69520616	42	12	2	1	1	1	NA	NA	NA	unphased	0.987654320987654	0.987654320987654	1
14	69800211	69800212	35	12	2	1	1	1	NA	NA	NA	unphased	1.13475177304965	1.13475177304965	1
14	70175481	70175482	103	6	2	1	1	1	NA	NA	NA	unphased	0.244648318042813	0.244648318042813	1
14	70713002	70713003	33	7	2	1	1	0.21	1	1	0.79	unphased	0.777777777777778	0.777777777777778	1
14	71058047	71058048	85	6	2	1	1	0.21	1	1	0.79	unphased	0.293040293040293	0.293040293040293	1
14	76905913	76905914	54	14	2	1	1	0.21	1	1	0.79	unphased	0.915032679738562	0.915032679738562	1
14	77270203	77270204	114	42	2	1	1	0.21	1	1	0.79	unphased	1.1965811965812	1.1965811965812	1
14	77880277	77880278	22	7	2	1	1	0.21	1	1	0.79	unphased	1.0727969348659	1.0727969348659	1
14	80669443	80669444	34	6	2	1	1	0.21	1	1	0.79	unphased	0.666666666666667	0.666666666666667	1
14	81244363	81244364	39	4	2	1	1	0.21	1	1	0.79	unphased	0.41343669250646	0.523337585451215	0.79
14	88652098	88652099	80	10	2	1	1	0.21	1	1	0.79	unphased	0.493827160493827	0.625097671511174	0.79
14	94069600	94069601	99	14	2	1	1	0.21	1	1	0.79	unphased	0.550639134709931	0.697011562923963	0.79
14	94088825	94088826	78	11	2	1	1	0.21	1	1	0.79	unphased	0.549313358302122	0.695333364939395	0.79
14	94545841	94545842	75	12	2	1	1	0.21	1	1	0.79	unphased	0.613026819923372	0.775983316358698	0.79
14	94914724	94914725	115	12	2	1	1	0.21	1	1	0.79	unphased	0.41994750656168	0.41994750656168	1
14	94962857	94962858	103	21	2	1	1	0.21	1	1	0.79	unphased	0.752688172043011	0.752688172043011	1
14	95109912	95109913	59	7	2	1	1	0.21	1	1	0.79	unphased	0.471380471380471	0.596684140987938	0.79
14	97022711	97022712	90	8	2	1	1	0.21	1	1	0.79	unphased	0.36281179138322	0.36281179138322	1
14	100165800	100165801	184	69	2	1	1	0.21	1	1	0.79	unphased	1.21212121212121	1.21212121212121	1
14	101200977	101200978	106	11	2	1	1	0.21	1	1	0.79	unphased	0.417853751187085	0.417853751187085	1
14	102493772	102493773	68	4	2	1	1	0.21	1	1	0.79	unphased	0.246913580246914	0.246913580246914	1
14	106866533	106866534	284	23	NA	NA	NA	NA	NA	NA	NA	unphased	NA	NA	1
15	20170186	20170187	79	17	1	1	0	1	NA	NA	NA	unphased	0.609953703703704	0.609953703703704	1
15	22849091	22849092	29	6	1	1	0	1	NA	NA	NA	unphased	0.59047619047619	0.59047619047619	1
15	25438401	25438402	69	7	1	1	0	1	NA	NA	NA	unphased	0.317251461988304	0.317251461988304	1
15	25463693	25463694	47	12	1	1	0	1	NA	NA	NA	unphased	0.700564971751412	0.700564971751412	1
15	34078115	34078116	112	39	1	1	0	1	NA	NA	NA	unphased	0.88962472406181	0.88962472406181	1
15	40708318	40708319	49	10	1	1	0	1	NA	NA	NA	unphased	0.583804143126177	0.583804143126177	1
15	42049985	42049986	29	7	1	1	0	1	NA	NA	NA	unphased	0.669753086419753	0.669753086419753	1
15	43939635	43939636	51	13	1	1	0	1	NA	NA	NA	unphased	0.699652777777778	0.699652777777778	1
15	45389465	45389466	81	9	1	1	0	1	NA	NA	NA	unphased	0.344444444444444	0.344444444444444	1
15	64404770	64404771	29	3	1	1	0	1	NA	NA	NA	unphased	0.322916666666667	0.322916666666667	1
15	65678330	65678331	12	3	1	1	0	1	NA	NA	NA	unphased	0.688888888888889	0.688888888888889	1
15	66855909	66855910	24	5	1	1	0	1	NA	NA	NA	unphased	0.593869731800766	0.593869731800766	1
15	66855910	66855911	23	5	1	1	0	1	NA	NA	NA	unphased	0.615079365079365	0.615079365079365	1
15	68378694	68378695	10	4	1	1	0	1	NA	NA	NA	unphased	0.984126984126984	0.984126984126984	1
15	75562441	75562442	77	10	1	1	0	1	NA	NA	NA	unphased	0.395913154533844	0.395913154533844	1
15	79057033	79057034	17	4	1	1	0	1	NA	NA	NA	unphased	0.656084656084656	0.656084656084656	1
15	82336557	82336558	118	20	1	1	0	1	NA	NA	NA	unphased	0.499194847020934	0.499194847020934	1
15	83395250	83395251	8	3	1	1	0	1	NA	NA	NA	unphased	0.939393939393939	0.939393939393939	1
15	84566610	84566611	32	3	1	1	0	1	NA	NA	NA	unphased	0.295238095238095	0.295238095238095	1
15	88476268	88476269	26	5	1	1	0	1	NA	NA	NA	unphased	0.555555555555556	0.555555555555556	1
15	101170045	101170046	36	12	1	1	0	1	NA	NA	NA	unphased	0.861111111111111	0.861111111111111	1
16	614006	614007	16	5	1	1	0	0.04	0	1	0.96	unphased	0.82010582010582	0.82010582010582	1
16	1128925	1128926	18	4	1	1	0	0.04	0	1	0.96	unphased	0.626262626262626	0.626262626262626	1
16	1143870	1143871	20	5	1	1	0	0.04	0	1	0.96	unphased	0.688888888888889	0.688888888888889	1
16	1255227	1255228	72	7	1	1	0	0.04	0	1	0.96	unphased	0.305203938115331	0.305203938115331	1
16	2049684	2049685	48	6	1	1	0	0.04	0	1	0.96	unphased	0.382716049382716	0.382716049382716	1
16	3119311	3119312	214	22	1	1	0	0.04	0	1	0.96	unphased	0.321092278719397	0.321092278719397	1
16	15831438	15831439	68	10	2	1	1	1	NA	NA	NA	unphased	0.56980056980057	0.56980056980057	1
16	20497975	20497976	116	22	1.01	1	1	0.01	0	1	0.99	unphased	0.550708534621578	0.550708534621578	1
16	23119413	23119414	62	10	1.01	1	1	0.01	0	1	0.99	unphased	0.479783950617284	0.479783950617284	1
16	24580456	24580457	39	12	1.01	1	1	0.01	0	1	0.99	unphased	0.81281045751634	0.81281045751634	1
16	27802639	27802640	13	13	1	1	0	0.25	1	0	0.75	unphased	1.72222222222222	1.72222222222222	1
16	32077594	32077595	561	65	2	1	1	0.18	1	1	0.82	unphased	0.461483848065318	0.461483848065318	1
16	49525137	49525138	84	20	1	1	0	1	NA	NA	NA	unphased	0.662393162393162	0.662393162393162	1
16	49670402	49670403	64	22	1	1	0	1	NA	NA	NA	unphased	0.881136950904393	0.881136950904393	1
16	49671147	49671148	55	7	1	1	0	1	NA	NA	NA	unphased	0.388888888888889	0.388888888888889	1
16	55530893	55530894	62	8	1	1	0	1	NA	NA	NA	unphased	0.393650793650794	0.393650793650794	1
16	57392776	57392777	95	14	1	1	0	1	NA	NA	NA	unphased	0.442405708460754	0.442405708460754	1
16	58314358	58314359	41	11	1	1	0	1	NA	NA	NA	unphased	0.728632478632479	0.728632478632479	1
16	66436897	66436898	24	8	1	1	0	1	NA	NA	NA	unphased	0.861111111111111	0.861111111111111	1
16	67154013	67154014	40	30	1	1	0	1	NA	NA	NA	unphased	1.47619047619048	1.47619047619048	1
16	67654635	67654636	70	13	1	1	0	1	NA	NA	NA	unphased	0.539491298527443	0.539491298527443	1
16	67680345	67680346	77	17	1	1	0	1	NA	NA	NA	unphased	0.622931442080378	0.622931442080378	1
16	67860158	67860159	80	12	1	1	0	1	NA	NA	NA	unphased	0.449275362318841	0.449275362318841	1
16	70934908	70934909	233	14	2	1	1	0.12	1	1	0.88	unphased	0.251911830859199	0.251911830859199	1
16	70935047	70935048	86	9	2	1	1	0.12	1	1	0.88	unphased	0.421052631578947	0.421052631578947	1
16	81391422	81391423	103	20	1	1	0	1	NA	NA	NA	unphased	0.560072267389341	0.560072267389341	1
16	81925130	81925131	30	7	1	1	0	1	NA	NA	NA	unphased	0.651651651651652	0.651651651651652	1
16	81925131	81925132	31	10	1	1	0	1	NA	NA	NA	unphased	0.840108401084011	0.840108401084011	1
16	81925132	81925133	30	9	1	1	0	1	NA	NA	NA	unphased	0.794871794871795	0.794871794871795	1
16	90025464	90025465	93	29	1	1	0	1	NA	NA	NA	unphased	0.818761384335155	0.818761384335155	1
16	90028431	90028432	52	6	1	1	0	1	NA	NA	NA	unphased	0.35632183908046	0.35632183908046	1
17	1479965	1479966	45	5	1	1	0	1	NA	NA	NA	unphased	0.344444444444444	0.344444444444444	1
17	3954270	3954271	48	18	1	1	0	1	NA	NA	NA	unphased	0.939393939393939	0.939393939393939	1
17	6902726	6902727	40	7	1	1	0	1	NA	NA	NA	unphased	0.513002364066194	0.513002364066194	1
17	6978390	6978391	63	20	1	1	0	1	NA	NA	NA	unphased	0.829986613119143	0.829986613119143	1
17	7405851	7405852	63	8	1	1	0	1	NA	NA	NA	unphased	0.38810641627543	0.38810641627543	1
17	7405852	7405853	65	8	1	1	0	1	NA	NA	NA	unphased	0.377473363774734	0.377473363774734	1
17	7576927	7576928	51	21	1	1	0	1	NA	NA	NA	unphased	1.00462962962963	1.00462962962963	1
17	10219041	10219042	16	17	1	1	0	1	NA	NA	NA	unphased	1.77441077441077	1.77441077441077	1
17	10303890	10303891	62	23	1	1	0	1	NA	NA	NA	unphased	0.93202614379085	0.93202614379085	1
17	11786979	11786980	78	12	1	1	0	1	NA	NA	NA	unphased	0.459259259259259	0.459259259259259	1
17	12656506	12656507	113	33	1	1	0	1	NA	NA	NA	unphased	0.778538812785388	0.778538812785388	1
17	12862138	12862139	22	3	1	1	0	1	NA	NA	NA	unphased	0.413333333333333	0.413333333333333	1
17	19235337	19235338	99	16	1	1	0	0.1	0	1	0.9	unphased	0.479227053140097	0.479227053140097	1
17	26086003	26086004	29	4	1	1	0	0.1	0	1	0.9	unphased	0.417508417508417	0.463898241676019	0.9
17	26874687	26874688	46	19	1	1	0	0.1	0	1	0.9	unphased	1.00683760683761	1.00683760683761	1
17	27893423	27893424	46	7	1	1	0	0.1	0	1	0.9	unphased	0.454926624737946	0.454926624737946	1
17	28434941	28434942	51	7	1	1	0	0.1	0	1	0.9	unphased	0.415708812260536	0.415708812260536	1
17	29557277	29557278	23	3	1	1	0	0.1	0	1	0.9	unphased	0.397435897435898	0.441595441595442	0.9
17	29631300	29631301	65	9	1	1	0	0.1	0	1	0.9	unphased	0.418918918918919	0.418918918918919	1
17	35300289	35300290	31	8	2	1	1	0.19	1	1	0.81	unphased	0.911680911680912	0.911680911680912	1
17	36485600	36485601	68	10	4	3	1	1	NA	NA	NA	unphased	0.826210826210826	0.826210826210826	1
17	39406097	39406098	49	18	1	1	0	1	NA	NA	NA	unphased	0.925373134328358	0.925373134328358	1
17	39633776	39633777	51	21	1	1	0	1	NA	NA	NA	unphased	1.00462962962963	1.00462962962963	1
17	39633777	39633778	53	22	1	1	0	1	NA	NA	NA	unphased	1.01037037037037	1.01037037037037	1
17	39998214	39998215	55	10	1	1	0	1	NA	NA	NA	unphased	0.52991452991453	0.52991452991453	1
17	42337250	42337251	50	30	2	2	0	1	NA	NA	NA	unphased	1.66666666666667	0.833333333333333	2
17	42337251	42337252	50	28	2	2	0	1	NA	NA	NA	unphased	1.5954415954416	0.797720797720798	2
17	42930911	42930912	59	6	2	2	0	1	NA	NA	NA	unphased	0.41025641025641	0.41025641025641	1
17	44788371	44788372	59	6	NA	NA	NA	NA	NA	NA	NA	unphased	NA	NA	1
17	45360744	45360745	33	12	2	2	0	1	NA	NA	NA	unphased	1.18518518518519	1.18518518518519	1
17	47236503	47236504	190	16	2	2	0	1	NA	NA	NA	unphased	0.345199568500539	0.345199568500539	1
17	47783251	47783252	50	9	2	2	0	1	NA	NA	NA	unphased	0.677966101694915	0.677966101694915	1
17	48153964	48153965	90	19	2	2	0	1	NA	NA	NA	unphased	0.774719673802243	0.774719673802243	1
17	48272947	48272948	58	41	2	2	0	1	NA	NA	NA	unphased	1.84062850729517	0.920314253647587	2
17	48655738	48655739	68	10	2	2	0	1	NA	NA	NA	unphased	0.56980056980057	0.56980056980057	1
17	56621193	56621194	49	33	3.64	2	2	0.82	1	1	0.18	unphased	2.44861788617886	1.34539444295542	1.82
17	57279140	57279141	8	9	3.64	2	2	0.82	1	1	0.18	unphased	3.22117647058824	1.76987718164189	1.82
17	61776058	61776059	83	8	3.64	2	2	0.82	1	1	0.18	unphased	0.534896214896215	0.652312457190506	0.82
17	64873632	64873633	49	22	3.64	2	2	0.82	1	1	0.18	unphased	1.88532081377152	1.03589055701732	1.82
17	65040955	65040956	70	7	3.64	2	2	0.82	1	1	0.18	unphased	0.553131313131313	0.553131313131313	1
17	65146101	65146102	94	31	3.64	2	2	0.82	1	1	0.18	unphased	1.50894222222222	0.829089133089133	1.82
17	67181701	67181702	85	12	3.64	2	2	0.82	1	1	0.18	unphased	0.752714776632302	0.752714776632302	1
17	74014574	74014575	25	9	2.85	2	1	0.85	1	1	0.15	unphased	1.40147058823529	1.40147058823529	1
17	74398725	74398726	180	24	2.85	2	1	0.85	1	1	0.15	unphased	0.622875816993464	0.73279507881584	0.85
17	74738049	74738050	146	18	2.85	2	1	0.85	1	1	0.15	unphased	0.58109756097561	0.68364418938307	0.85
17	74944850	74944851	16	6	2.85	2	1	0.85	1	1	0.15	unphased	1.44393939393939	1.44393939393939	1
17	76481768	76481769	91	7	2.85	2	1	0.85	1	1	0.15	unphased	0.378174603174603	0.378174603174603	1
17	76993511	76993512	83	9	2.85	2	1	0.85	1	1	0.15	unphased	0.517934782608696	0.609335038363171	0.85
17	77081424	77081425	35	5	2.85	2	1	0.85	1	1	0.15	unphased	0.661805555555556	0.661805555555556	1
17	80045114	80045115	14	11	2.85	2	1	0.85	1	1	0.15	unphased	2.32955555555556	1.25921921921922	1.85
18	9887022	9887023	184	10	2	1	1	0.31	1	1	0.69	unphased	0.229095074455899	0.229095074455899	1
18	9887023	9887024	183	10	2	1	1	0.31	1	1	0.69	unphased	0.23028209556707	0.23028209556707	1
18	14757825	14757826	32	3	2	1	1	0.16	1	1	0.84	unphased	0.380952380952381	0.453514739229025	0.84
18	18690945	18690946	21	4	2	1	1	0.39	1	1	0.61	unphased	0.711111111111111	0.711111111111111	1
18	22804826	22804827	44	9	1.54	1	0	0.46	1	1	0.54	unphased	0.676603773584906	0.676603773584906	1
18	22805772	22805773	124	8	1.54	1	0	0.46	1	1	0.54	unphased	0.241481481481481	0.241481481481481	1
18	22805844	22805845	148	22	1.54	1	0	0.46	1	1	0.54	unphased	0.515633986928105	0.954877753570564	0.54
18	28610992	28610993	43	5	1.54	1	0	0.46	1	1	0.54	unphased	0.415046296296296	0.768604252400549	0.54
18	28934807	28934808	90	20	1.54	1	0	0.46	1	1	0.54	unphased	0.724444444444444	0.724444444444444	1
18	33283563	33283564	29	13	1.54	1	0	0.46	1	1	0.54	unphased	1.23328042328042	1.23328042328042	1
18	34205544	34205545	49	6	1.54	1	0	0.46	1	1	0.54	unphased	0.434666666666667	0.804938271604938	0.54
18	42531801	42531802	50	6	1.54	1	0	0.46	1	1	0.54	unphased	0.426904761904762	0.790564373897707	0.54
18	43664301	43664302	42	11	1.54	1	0	0.46	1	1	0.54	unphased	0.826960167714885	0.826960167714885	1
18	44561592	44561593	44	5	1.54	1	0	0.46	1	1	0.54	unphased	0.406575963718821	0.75291845133115	0.54
18	52942960	52942961	142	12	1.54	1	0	0.46	1	1	0.54	unphased	0.310476190476191	0.310476190476191	1
18	55020224	55020225	89	15	1.54	1	0	0.46	1	1	0.54	unphased	0.574679487179487	1.06422127255461	0.54
18	56184356	56184357	32	10	1.54	1	0	0.46	1	1	0.54	unphased	0.948677248677249	0.948677248677249	1
18	56586481	56586482	132	28	1.54	1	0	0.46	1	1	0.54	unphased	0.697277777777778	1.29125514403292	0.54
18	59157723	59157724	37	7	1.54	1	0	0.46	1	1	0.54	unphased	0.633888888888889	0.633888888888889	1
18	61226922	61226923	65	19	1.54	1	0	0.46	1	1	0.54	unphased	0.901243386243386	0.901243386243386	1
18	67344966	67344967	85	8	2	1	1	0.48	1	1	0.52	unphased	0.38231780167264	0.735226541678155	0.52
18	70451058	70451059	104	16	2	1	1	0.48	1	1	0.52	unphased	0.592592592592593	1.13960113960114	0.52
19	4400335	4400336	50	5	1	1	0	0.03	0	1	0.97	unphased	0.313131313131313	0.313131313131313	1
19	7975354	7975355	22	5	1	1	0	0.03	0	1	0.97	unphased	0.637860082304527	0.637860082304527	1
19	8176861	8176862	57	9	1	1	0	0.03	0	1	0.97	unphased	0.46969696969697	0.46969696969697	1
19	8807934	8807935	51	6	1	1	0	0.03	0	1	0.97	unphased	0.362573099415205	0.362573099415205	1
19	8842203	8842204	61	24	1	1	0	0.03	0	1	0.97	unphased	0.972549019607843	0.972549019607843	1
19	8922188	8922189	58	9	1	1	0	0.03	0	1	0.97	unphased	0.462686567164179	0.462686567164179	1
19	8922189	8922190	57	9	1	1	0	0.03	0	1	0.97	unphased	0.46969696969697	0.46969696969697	1
19	9061050	9061051	56	18	1	1	0	0.03	0	1	0.97	unphased	0.837837837837838	0.837837837837838	1
19	9064315	9064316	56	9	1	1	0	0.03	0	1	0.97	unphased	0.476923076923077	0.476923076923077	1
19	9064967	9064968	96	6	1	1	0	0.03	0	1	0.97	unphased	0.202614379084967	0.202614379084967	1
19	9084425	9084426	42	10	1	1	0	0.03	0	1	0.97	unphased	0.662393162393162	0.662393162393162	1
19	9407297	9407298	53	16	1	1	0	0.03	0	1	0.97	unphased	0.798711755233494	0.798711755233494	1
19	9578133	9578134	80	9	1	1	0	0.03	0	1	0.97	unphased	0.348314606741573	0.348314606741573	1
19	10108082	10108083	24	9	1	1	0	0.03	0	1	0.97	unphased	0.939393939393939	0.939393939393939	1
19	10449400	10449401	58	10	1	1	0	0.03	0	1	0.97	unphased	0.506535947712418	0.506535947712418	1
19	11408975	11408976	42	5	1	1	0	0.03	0	1	0.97	unphased	0.366430260047281	0.366430260047281	1
19	12060376	12060377	39	8	1	1	0	0.03	0	1	0.97	unphased	0.58628841607565	0.60442104750067	0.97
19	12939732	12939733	97	9	1	1	0	0.03	0	1	0.97	unphased	0.292452830188679	0.292452830188679	1
19	14073933	14073934	35	5	1	1	0	0.03	0	1	0.97	unphased	0.430555555555556	0.430555555555556	1
19	14593721	14593722	11	5	1	1	0	0.03	0	1	0.97	unphased	1.07638888888889	1.07638888888889	1
19	15580731	15580732	29	3	1	1	0	0.03	0	1	0.97	unphased	0.322916666666667	0.322916666666667	1
19	15769109	15769110	100	17	1	1	0	0.03	0	1	0.97	unphased	0.500474833808167	0.500474833808167	1
19	15904976	15904977	107	48	1	1	0	0.03	0	1	0.97	unphased	1.06666666666667	1.06666666666667	1
19	16910887	16910888	38	7	1	1	0	0.03	0	1	0.97	unphased	0.535802469135802	0.552373679521446	0.97
19	17444343	17444344	129	9	1	1	0	0.03	0	1	0.97	unphased	0.22463768115942	0.22463768115942	1
19	17476328	17476329	40	8	1	1	0	0.03	0	1	0.97	unphased	0.574074074074074	0.591828942344406	0.97
19	17611544	17611545	57	6	1	1	0	0.03	0	1	0.97	unphased	0.328042328042328	0.328042328042328	1
19	17955063	17955064	15	9	1	1	0	0.03	0	1	0.97	unphased	1.29166666666667	1.29166666666667	1
19	19427243	19427244	56	16	1	1	0	0.03	0	1	0.97	unphased	0.765432098765432	0.765432098765432	1
19	22363745	22363746	59	8	1	1	0	0.03	0	1	0.97	unphased	0.411276948590381	0.411276948590381	1
19	23414118	23414119	107	31	1	1	0	0.03	0	1	0.97	unphased	0.773752012882448	0.773752012882448	1
19	23545145	23545146	31	4	1	1	0	0.03	0	1	0.97	unphased	0.393650793650794	0.393650793650794	1
19	24097757	24097758	34	8	1	1	0	0.03	0	1	0.97	unphased	0.656084656084656	0.656084656084656	1
19	24102946	24102947	16	3	1	1	0	0.03	0	1	0.97	unphased	0.543859649122807	0.543859649122807	1
19	30498420	30498421	40	5	1	1	0	0.08	0	1	0.92	unphased	0.382716049382716	0.382716049382716	1
19	30934951	30934952	71	6	1	1	0	0.08	0	1	0.92	unphased	0.268398268398268	0.268398268398268	1
19	31767850	31767851	52	9	1	1	0	0.08	0	1	0.92	unphased	0.508196721311475	0.508196721311475	1
19	31768046	31768047	49	6	1	1	0	0.08	0	1	0.92	unphased	0.375757575757576	0.375757575757576	1
19	31769070	31769071	116	25	1	1	0	0.08	0	1	0.92	unphased	0.610717100078802	0.610717100078802	1
19	33093032	33093033	50	23	1	1	0	0.08	0	1	0.92	unphased	1.08523592085236	1.08523592085236	1
19	33392155	33392156	76	12	1	1	0	0.08	0	1	0.92	unphased	0.46969696969697	0.46969696969697	1
19	40832376	40832377	32	6	1	1	0	0.08	0	1	0.92	unphased	0.543859649122807	0.543859649122807	1
19	41594902	41594903	98	19	1	1	0	0.08	0	1	0.92	unphased	0.559354226020893	0.559354226020893	1
19	42863307	42863308	10	8	1	1	0	0.08	0	1	0.92	unphased	1.53086419753086	1.53086419753086	1
19	42863308	42863309	10	8	1	1	0	0.08	0	1	0.92	unphased	1.53086419753086	1.53086419753086	1
19	42880606	42880607	15	7	1	1	0	0.08	0	1	0.92	unphased	1.0959595959596	1.0959595959596	1
19	44933602	44933603	44	7	1	1	0	0.08	0	1	0.92	unphased	0.47276688453159	0.513877048403903	0.92
19	46275985	46275986	34	7	1	1	0	0.08	0	1	0.92	unphased	0.588075880758808	0.588075880758808	1
19	46319798	46319799	33	4	1	1	0	0.08	0	1	0.92	unphased	0.372372372372372	0.372372372372372	1
19	46857142	46857143	24	3	1	1	0	0.08	0	1	0.92	unphased	0.382716049382716	0.415995705850778	0.92
19	46857143	46857144	23	3	1	1	0	0.08	0	1	0.92	unphased	0.397435897435898	0.431995540691193	0.92
19	48517466	48517467	81	13	1	1	0	0.08	0	1	0.92	unphased	0.476359338061466	0.476359338061466	1
19	48664732	48664733	109	47	1	1	0	0.08	0	1	0.92	unphased	1.03774928774929	1.03774928774929	1
19	50154769	50154770	10	3	1	1	0	0.08	0	1	0.92	unphased	0.794871794871795	0.794871794871795	1
19	50193050	50193051	48	16	1	1	0	0.08	0	1	0.92	unphased	0.861111111111111	0.861111111111111	1
19	51411999	51412000	68	20	1	1	0	0.08	0	1	0.92	unphased	0.782828282828283	0.782828282828283	1
19	51918650	51918651	47	13	1	1	0	0.08	0	1	0.92	unphased	0.746296296296296	0.746296296296296	1
19	53747150	53747151	48	11	1	1	0	0.08	0	1	0.92	unphased	0.642184557438795	0.642184557438795	1
19	54200783	54200784	54	11	1	1	0	0.08	0	1	0.92	unphased	0.582905982905983	0.633593459680416	0.92
19	54410212	54410213	10	4	1	1	0	0.08	0	1	0.92	unphased	0.984126984126984	0.984126984126984	1
19	55329795	55329796	55	26	1	1	0	0.08	0	1	0.92	unphased	1.10562414266118	1.10562414266118	1
19	55450979	55450980	20	5	1	1	0	0.08	0	1	0.92	unphased	0.688888888888889	0.688888888888889	1
19	56160837	56160838	34	17	1	1	0	0.08	0	1	0.92	unphased	1.14814814814815	1.14814814814815	1
19	57640671	57640672	50	15	1	1	0	1	NA	NA	NA	unphased	0.794871794871795	0.794871794871795	1
19	57642508	57642509	30	4	1	1	0	1	NA	NA	NA	unphased	0.405228758169935	0.405228758169935	1
19	57646287	57646288	38	5	1	1	0	1	NA	NA	NA	unphased	0.400516795865633	0.400516795865633	1
19	57648333	57648334	53	16	1	1	0	1	NA	NA	NA	unphased	0.798711755233494	0.798711755233494	1
19	58213093	58213094	42	6	1	1	0	1	NA	NA	NA	unphased	0.430555555555556	0.430555555555556	1
2	1855464	1855465	97	30	2.63	2	1	0.63	1	1	0.37	unphased	1.19868766404199	1.19868766404199	1
2	9583776	9583777	70	26	2.63	2	1	0.63	1	1	0.37	unphased	1.3743287037037	0.843146443990002	1.63
2	9583779	9583780	67	25	2.63	2	1	0.63	1	1	0.37	unphased	1.37892512077295	0.845966331762544	1.63
2	10101409	10101410	116	10	2.63	2	1	0.63	1	1	0.37	unphased	0.402733686067019	0.639259819153999	0.63
2	15601461	15601462	58	8	2.63	2	1	0.63	1	1	0.37	unphased	0.615084175084175	0.615084175084175	1
2	21235091	21235092	67	8	2.63	2	1	0.63	1	1	0.37	unphased	0.541274074074074	0.859165196942975	0.63
2	26671597	26671598	125	20	2.63	2	1	0.63	1	1	0.37	unphased	0.69992337164751	1.11098947880557	0.63
2	27361198	27361199	36	20	2.63	2	1	0.63	1	1	0.37	unphased	1.81230158730159	1.1118414646022	1.63
2	27373131	27373132	121	84	2.63	2	1	0.63	1	1	0.37	unphased	2.07928455284553	1.27563469499726	1.63
2	27457405	27457406	147	11	2.63	2	1	0.63	1	1	0.37	unphased	0.353284106891702	0.560768423637622	0.63
2	32602747	32602748	51	9	2.63	2	1	0.63	1	1	0.37	unphased	0.761166666666667	0.761166666666667	1
2	37235750	37235751	30	3	2.63	2	1	0.63	1	1	0.37	unphased	0.461313131313131	0.461313131313131	1
2	39075410	39075411	46	4	2.63	2	1	0.63	1	1	0.37	unphased	0.405955555555556	0.644373897707231	0.63
2	39893424	39893425	5	4	2.63	2	1	0.63	1	1	0.37	unphased	2.25530864197531	2.25530864197531	1
2	49189948	49189949	60	6	1	1	1	0	0	1	1	unphased	0.313131313131313	0.313131313131313	1
2	49189949	49189950	58	6	1	1	1	0	0	1	1	unphased	0.322916666666667	0.322916666666667	1
2	49190728	49190729	96	14	1	1	1	0	0	1	1	unphased	0.438383838383838	0.438383838383838	1
2	51255053	51255054	57	4	1	1	1	0	0	1	1	unphased	0.225865209471767	0.225865209471767	1
2	55894184	55894185	34	6	2	1	1	0.2	1	1	0.8	unphased	0.666666666666667	0.666666666666667	1
2	60689031	60689032	125	49	2	1	1	0.2	1	1	0.8	unphased	1.25159642401022	1.25159642401022	1
2	69034413	69034414	40	6	2	1	1	0.28	1	1	0.72	unphased	0.579710144927536	0.579710144927536	1
2	71058868	71058869	105	18	2	1	1	0.28	1	1	0.72	unphased	0.650406504065041	0.903342366757001	0.72
2	71058869	71058870	106	17	2	1	1	0.28	1	1	0.72	unphased	0.614272809394761	0.853156679714945	0.72
2	71220882	71220883	169	25	2	1	1	0.28	1	1	0.72	unphased	0.572737686139748	0.795469008527428	0.72
2	73478399	73478400	95	18	2	1	1	0.28	1	1	0.72	unphased	0.707964601769911	0.707964601769911	1
2	73520448	73520449	11	7	2	1	1	0.28	1	1	0.72	unphased	1.72839506172839	1.72839506172839	1
2	79314056	79314057	90	13	2	1	1	0.28	1	1	0.72	unphased	0.560949298813377	0.779096248351912	0.72
2	79384786	79384787	84	11	2	1	1	0.28	1	1	0.72	unphased	0.514619883040936	0.714749837556855	0.72
2	79386539	79386540	35	9	2	1	1	0.28	1	1	0.72	unphased	0.909090909090909	0.909090909090909	1
2	80530091	80530092	43	21	2	1	1	0.41	1	1	0.59	unphased	1.45833333333333	1.45833333333333	1
2	89459363	89459364	114	6	2	1	1	0.33	1	1	0.67	unphased	0.222222222222222	0.222222222222222	1
2	89459448	89459449	24	16	2	1	1	0.33	1	1	0.67	unphased	1.77777777777778	1.77777777777778	1
2	90139366	90139367	153	18	2	1	1	0.33	1	1	0.67	unphased	0.467836257309941	0.698263070611853	0.67
2	97523711	97523712	10	3	2	1	1	0.4	1	1	0.6	unphased	1.02564102564103	1.02564102564103	1
2	97749975	97749976	75	21	2	1	1	0.4	1	1	0.6	unphased	0.972222222222222	0.972222222222222	1
2	102954738	102954739	77	14	2	1	1	0.34	1	1	0.66	unphased	0.683760683760684	0.683760683760684	1
2	103010926	103010927	58	10	2	1	1	0.34	1	1	0.66	unphased	0.65359477124183	0.65359477124183	1
2	105924084	105924085	224	43	2	1	1	0.34	1	1	0.66	unphased	0.715771951727008	1.08450295716213	0.66
2	107459729	107459730	12	9	2	1	1	0.23	1	1	0.77	unphased	1.9047619047619	1.9047619047619	1
2	108487529	108487530	214	17	2	1	1	0.23	1	1	0.77	unphased	0.327080327080327	0.327080327080327	1
2	108487577	108487578	179	25	2	1	1	0.23	1	1	0.77	unphased	0.544662309368192	0.707353648530119	0.77
2	108487578	108487579	183	25	2	1	1	0.23	1	1	0.77	unphased	0.534188034188034	0.693750693750694	0.77
2	110373177	110373178	101	19	2	1	1	0.36	1	1	0.64	unphased	0.703703703703704	0.703703703703704	1
2	118572259	118572260	15	6	2	1	1	0.36	1	1	0.64	unphased	1.26984126984127	1.26984126984127	1
2	119699918	119699919	69	12	2	1	1	0.36	1	1	0.64	unphased	0.65843621399177	0.65843621399177	1
2	125367451	125367452	91	14	2	1	1	0.36	1	1	0.64	unphased	0.592592592592593	0.925925925925926	0.64
2	130737770	130737771	23	5	2	1	1	0.36	1	1	0.64	unphased	0.793650793650794	0.793650793650794	1
2	130832809	130832810	100	14	2	1	1	0.36	1	1	0.64	unphased	0.545808966861598	0.852826510721247	0.64
2	130948286	130948287	34	4	2	1	1	0.36	1	1	0.64	unphased	0.467836257309941	0.467836257309941	1
2	131704284	131704285	27	4	2	1	1	0.36	1	1	0.64	unphased	0.573476702508961	0.573476702508961	1
2	141283457	141283458	56	8	1.67	1	0	0.33	1	1	0.67	unphased	0.514305555555556	0.767620232172471	0.67
2	142004856	142004857	66	13	1.67	1	0	0.33	1	1	0.67	unphased	0.677060478199719	0.677060478199719	1
2	145156599	145156600	235	17	1.67	1	0	0.33	1	1	0.67	unphased	0.277561728395062	0.277561728395062	1
2	145157186	145157187	42	7	1.67	1	0	0.33	1	1	0.67	unphased	0.587777777777778	0.587777777777778	1
2	145187522	145187523	56	10	1.67	1	0	0.33	1	1	0.67	unphased	0.623400673400674	0.623400673400674	1
2	148683667	148683668	50	20	2	1	1	0.38	1	1	0.62	unphased	1.26984126984127	1.26984126984127	1
2	149227674	149227675	42	7	2	1	1	0.38	1	1	0.62	unphased	0.634920634920635	0.634920634920635	1
2	154334759	154334760	36	5	2	1	1	0.38	1	1	0.62	unphased	0.5420054200542	0.5420054200542	1
2	160692034	160692035	26	7	1.6	1	0	0.4	1	1	0.6	unphased	0.857912457912458	0.857912457912458	1
2	163292065	163292066	57	4	1.6	1	0	0.4	1	1	0.6	unphased	0.265209471766849	0.442015786278082	0.6
2	168100896	168100897	60	9	1.6	1	0	0.4	1	1	0.6	unphased	0.527536231884058	0.879227053140097	0.6
2	168115374	168115375	35	8	1.6	1	0	0.4	1	1	0.6	unphased	0.752454780361757	0.752454780361757	1
2	170131703	170131704	46	13	1.6	1	0	0.4	1	1	0.6	unphased	0.891148775894539	0.891148775894539	1
2	170558019	170558020	77	12	1.6	1	0	0.4	1	1	0.6	unphased	0.545318352059925	0.908863920099875	0.6
2	172965594	172965595	30	16	1.6	1	0	0.4	1	1	0.6	unphased	1.40676328502415	1.40676328502415	1
2	179440901	179440902	52	9	2	1	1	0.37	1	1	0.63	unphased	0.655737704918033	0.655737704918033	1
2	179440973	179440974	33	5	2	1	1	0.37	1	1	0.63	unphased	0.584795321637427	0.584795321637427	1
2	179567308	179567309	77	10	2	1	1	0.37	1	1	0.63	unphased	0.510855683269476	0.810882036935677	0.63
2	179615785	179615786	76	6	2	1	1	0.37	1	1	0.63	unphased	0.32520325203252	0.516195638146858	0.63
2	179702052	179702053	69	7	2	1	1	0.37	1	1	0.63	unphased	0.409356725146199	0.649772579597141	0.63
2	179702334	179702335	77	6	2	1	1	0.37	1	1	0.63	unphased	0.321285140562249	0.509976413590871	0.63
2	179989107	179989108	51	10	2	1	1	0.37	1	1	0.63	unphased	0.728597449908925	0.728597449908925	1
2	182346386	182346387	52	4	2	1	1	0.4	1	1	0.6	unphased	0.317460317460317	0.529100529100529	0.6
2	182346387	182346388	52	4	2	1	1	0.4	1	1	0.6	unphased	0.317460317460317	0.529100529100529	0.6
2	183832072	183832073	35	8	2	1	1	0.4	1	1	0.6	unphased	0.82687338501292	0.82687338501292	1
2	185801842	185801843	18	12	2	1	1	0.4	1	1	0.6	unphased	1.77777777777778	1.77777777777778	1
2	185802246	185802247	30	5	2	1	1	0.4	1	1	0.6	unphased	0.634920634920635	0.634920634920635	1
2	187694604	187694605	61	11	2	1	1	0.4	1	1	0.6	unphased	0.679012345679012	0.679012345679012	1
2	189599393	189599394	133	14	2	1	1	0.4	1	1	0.6	unphased	0.423280423280423	0.705467372134039	0.6
2	189873772	189873773	100	15	2	1	1	0.4	1	1	0.6	unphased	0.579710144927536	0.966183574879227	0.6
2	196709747	196709748	12	4	2	1	1	0.49	1	1	0.51	unphased	1.11111111111111	1.11111111111111	1
2	199011650	199011651	23	4	2	1	1	0.49	1	1	0.51	unphased	0.65843621399177	0.65843621399177	1
2	200246528	200246529	32	6	2	1	1	0.49	1	1	0.51	unphased	0.701754385964912	0.701754385964912	1
2	206610594	206610595	49	10	2	1	1	0.49	1	1	0.51	unphased	0.753295668549906	0.753295668549906	1
2	215880349	215880350	28	5	2	1	1	0.49	1	1	0.51	unphased	0.673400673400673	0.673400673400673	1
2	219922302	219922303	48	9	2	1	1	0.49	1	1	0.51	unphased	0.701754385964912	0.701754385964912	1
2	220116416	220116417	32	10	2	1	1	0.49	1	1	0.51	unphased	1.05820105820106	1.05820105820106	1
2	220421266	220421267	67	14	2	1	1	0.49	1	1	0.51	unphased	0.768175582990398	0.768175582990398	1
2	220424001	220424002	112	18	2	1	1	0.49	1	1	0.51	unphased	0.615384615384615	1.20663650075415	0.51
2	225346794	225346795	21	7	2	1	1	0.49	1	1	0.51	unphased	1.11111111111111	1.11111111111111	1
2	228882375	228882376	51	7	2	1	1	0.49	1	1	0.51	unphased	0.53639846743295	1.05176170084892	0.51
2	229890731	229890732	48	8	2	1	1	0.49	1	1	0.51	unphased	0.634920634920635	0.634920634920635	1
2	231065681	231065682	63	16	2	1	1	0.49	1	1	0.51	unphased	0.90014064697609	0.90014064697609	1
2	233392132	233392133	59	16	2	1	1	0.49	1	1	0.51	unphased	0.948148148148148	0.948148148148148	1
2	233398731	233398732	65	14	2	1	1	0.49	1	1	0.51	unphased	0.787623066104079	0.787623066104079	1
2	234463044	234463045	46	12	2	1	1	0.49	1	1	0.51	unphased	0.919540229885057	0.919540229885057	1
2	234749699	234749700	51	13	2	1	1	0.49	1	1	0.51	unphased	0.902777777777778	0.902777777777778	1
2	237074653	237074654	84	15	2	1	1	0.49	1	1	0.51	unphased	0.673400673400673	0.673400673400673	1
2	241570037	241570038	40	5	2	1	1	0.49	1	1	0.51	unphased	0.493827160493827	0.968288549987896	0.51
2	241659302	241659303	61	14	2	1	1	0.49	1	1	0.51	unphased	0.82962962962963	0.82962962962963	1
20	3128164	3128165	38	10	2	2	0	1	NA	NA	NA	unphased	0.925925925925926	0.925925925925926	1
20	5903858	5903859	66	42	2	2	0	1	NA	NA	NA	unphased	1.72839506172839	0.864197530864197	2
20	8696896	8696897	18	7	2	2	0	1	NA	NA	NA	unphased	1.24444444444444	1.24444444444444	1
20	21687444	21687445	106	18	2	2	0	1	NA	NA	NA	unphased	0.645161290322581	0.645161290322581	1
20	23731391	23731392	37	22	2	2	0	1	NA	NA	NA	unphased	1.65725047080979	0.828625235404896	2
20	31647779	31647780	50	34	2	2	0	1	NA	NA	NA	unphased	1.7989417989418	0.899470899470899	2
20	34090884	34090885	45	14	2	2	0	1	NA	NA	NA	unphased	1.05461393596987	1.05461393596987	1
20	36854136	36854137	22	15	1	1	0	1	NA	NA	NA	unphased	1.3963963963964	1.3963963963964	1
20	40080656	40080657	20	12	1	1	0	1	NA	NA	NA	unphased	1.29166666666667	1.29166666666667	1
20	43400046	43400047	57	13	1	1	0	1	NA	NA	NA	unphased	0.63968253968254	0.63968253968254	1
20	44675011	44675012	40	4	1	1	0	1	NA	NA	NA	unphased	0.313131313131313	0.313131313131313	1
20	57899433	57899434	157	16	2	1	1	0.21	1	1	0.79	unphased	0.411046885035324	0.411046885035324	1
20	61340788	61340789	64	14	1.16	1	1	0.16	1	0	0.84	unphased	0.646951566951567	0.646951566951567	1
20	62046272	62046273	144	16	1.16	1	1	0.16	1	0	0.84	unphased	0.360444444444445	0.360444444444445	1
20	62065166	62065167	114	41	1.16	1	1	0.16	1	0	0.84	unphased	0.953433691756272	0.953433691756272	1
21	10933879	10933880	360	29	NA	NA	NA	NA	NA	NA	NA	unphased	NA	NA	1
21	10951339	10951340	107	35	NA	NA	NA	NA	NA	NA	NA	unphased	NA	NA	1
21	10951374	10951375	112	41	NA	NA	NA	NA	NA	NA	NA	unphased	NA	NA	1
21	27462311	27462312	80	15	2	1	1	1	NA	NA	NA	unphased	0.701754385964912	0.701754385964912	1
21	31538800	31538801	52	8	1.8	1	0	0.2	1	1	0.8	unphased	0.565925925925926	0.707407407407407	0.8
21	31588140	31588141	61	9	1.8	1	0	0.2	1	1	0.8	unphased	0.545714285714286	0.682142857142857	0.8
21	31654873	31654874	60	20	1.8	1	0	0.2	1	1	0.8	unphased	1.06111111111111	1.06111111111111	1
21	31933528	31933529	91	17	1.8	1	0	0.2	1	1	0.8	unphased	0.668106995884774	0.835133744855967	0.8
21	31964960	31964961	32	4	1.8	1	0	0.2	1	1	0.8	unphased	0.471604938271605	0.471604938271605	1
21	34166534	34166535	75	5	1.8	1	0	0.2	1	1	0.8	unphased	0.265277777777778	0.265277777777778	1
21	36421220	36421221	67	12	1.8	1	0	0.2	1	1	0.8	unphased	0.644725738396625	0.644725738396625	1
21	45709651	45709652	67	13	1.8	1	0	0.2	1	1	0.8	unphased	0.689722222222222	0.689722222222222	1
21	47692685	47692686	66	7	1.8	1	0	0.2	1	1	0.8	unphased	0.407001522070015	0.508751902587519	0.8
22	16287379	16287380	230	41	2	2	0	1	NA	NA	NA	unphased	0.672406724067241	0.672406724067241	1
22	16287852	16287853	347	20	2	2	0	1	NA	NA	NA	unphased	0.242204056917953	0.242204056917953	1
22	17468884	17468885	16	14	2	2	0	1	NA	NA	NA	unphased	2.07407407407407	1.03703703703704	2
22	17581331	17581332	106	11	2	2	0	1	NA	NA	NA	unphased	0.417853751187085	0.417853751187085	1
22	17983997	17983998	63	7	2	2	0	1	NA	NA	NA	unphased	0.444444444444444	0.444444444444444	1
22	19035860	19035861	24	16	2	2	0	1	NA	NA	NA	unphased	1.77777777777778	0.888888888888889	2
22	19708336	19708337	73	47	1.92	2	0	0.92	0	1	0.08	unphased	1.70940740740741	0.92902576489533	1.84
22	22664610	22664611	13	9	2.84	2	1	0.92	0	1	0.08	unphased	2.16181818181818	1.12594696969697	1.92
22	23915734	23915735	77	6	2.84	2	1	0.92	0	1	0.08	unphased	0.382008032128514	0.382008032128514	1
22	25294098	25294099	121	10	3.68	4	1	0.56	1	1	0.44	unphased	0.467514843087362	0.834847934084575	0.56
22	26400820	26400821	91	33	1.78	1	0	0.22	1	1	0.78	unphased	1.12424731182796	1.12424731182796	1
22	28194257	28194258	11	4	2.6	3	0	0.6	1	1	0.4	unphased	1.34518518518519	1.34518518518519	1
22	32810310	32810311	69	13	1.5	1	0	0.5	1	1	0.5	unphased	0.625338753387534	1.25067750677507	0.5
22	36206047	36206048	57	4	1.5	1	0	0.5	1	1	0.5	unphased	0.258652094717669	0.517304189435337	0.5
22	37770561	37770562	159	28	1.5	1	0	0.5	1	1	0.5	unphased	0.590612002376708	1.18122400475342	0.5
22	44368117	44368118	14	6	0.88	0	0	0.56	1	1	0.44	unphased	0.997333333333333	0.997333333333333	1
22	45309811	45309812	107	13	0.88	0	0	0.56	1	1	0.44	unphased	0.360148148148148	0.818518518518519	0.44
22	50479676	50479677	126	16	0.88	0	0	0.56	1	1	0.44	unphased	0.374585289514867	0.85133020344288	0.44
3	369857	369858	68	9	2	1	1	0.27	1	1	0.73	unphased	0.519480519480519	0.711617149973314	0.73
3	10005862	10005863	43	5	2	1	1	0.27	1	1	0.73	unphased	0.462962962962963	0.634195839675292	0.73
3	10140681	10140682	12	12	2	1	1	0.27	1	1	0.73	unphased	2.22222222222222	2.22222222222222	1
3	14559362	14559363	16	3	2	1	1	0.27	1	1	0.73	unphased	0.701754385964912	0.701754385964912	1
3	15493116	15493117	115	37	2	1	1	0.27	1	1	0.73	unphased	1.08187134502924	1.08187134502924	1
3	15677001	15677002	109	16	2	1	1	0.27	1	1	0.73	unphased	0.568888888888889	0.779299847792999	0.73
3	17448046	17448047	19	8	2	1	1	0.27	1	1	0.73	unphased	1.31687242798354	1.31687242798354	1
3	21467158	21467159	28	4	0.7	0	0	0.65	1	1	0.35	unphased	0.393055555555556	1.12301587301587	0.35
3	25542752	25542753	44	8	0.7	0	0	0.65	1	1	0.35	unphased	0.483760683760684	1.38217338217338	0.35
3	30842528	30842529	43	14	0.92	0	0	0.54	1	1	0.46	unphased	0.82635477582846	0.82635477582846	1
3	37042529	37042530	23	3	0.92	0	0	0.54	1	1	0.46	unphased	0.388205128205128	0.843924191750279	0.46
3	38608021	38608022	63	10	0.92	0	0	0.54	1	1	0.46	unphased	0.460882800608828	1.00191913175832	0.46
3	39227261	39227262	38	3	0.92	0	0	0.54	1	1	0.46	unphased	0.246178861788618	0.535171438670909	0.46
3	40499404	40499405	72	9	0.92	0	0	0.54	1	1	0.46	unphased	0.373827160493827	0.812667740203972	0.46
3	45077112	45077113	59	8	0.92	0	0	0.54	1	1	0.46	unphased	0.401724709784411	0.873314586487851	0.46
3	45153905	45153906	178	17	0.92	0	0	0.54	1	1	0.46	unphased	0.293310541310541	0.637631611544655	0.46
3	45530211	45530212	44	7	1	1	0	0.1	0	1	0.9	unphased	0.47276688453159	0.525296538368434	0.9
3	48698310	48698311	31	3	1	1	0	0.1	0	1	0.9	unphased	0.303921568627451	0.303921568627451	1
3	52817000	52817001	130	8	1	1	0	0.1	0	1	0.9	unphased	0.199677938808374	0.199677938808374	1
3	56207486	56207487	53	13	1	1	0	0	0	1	1	unphased	0.678451178451178	0.678451178451178	1
3	68802095	68802096	57	61	2	2	1	0.5	1	0	0.5	unphased	2.29755178907721	1.53170119271814	1.5
3	73673760	73673761	20	3	2	2	1	0.5	1	0	0.5	unphased	0.579710144927536	0.579710144927536	1
3	93780072	93780073	75	19	2	1	1	0.14	1	1	0.86	unphased	0.898345153664303	0.898345153664303	1
3	98109948	98109949	64	7	2	1	1	0.14	1	1	0.86	unphased	0.438184663536776	0.509517050624158	0.86
3	100002544	100002545	48	5	1.12	1	1	0.12	0	1	0.88	unphased	0.336268343815514	0.336268343815514	1
3	100569547	100569548	50	12	1.12	1	1	0.12	0	1	0.88	unphased	0.68989247311828	0.68989247311828	1
3	102189321	102189322	29	13	1.12	1	1	0.12	0	1	0.88	unphased	1.10328042328042	1.10328042328042	1
3	111603452	111603453	50	7	2	1	1	1	NA	NA	NA	unphased	0.545808966861598	0.545808966861598	1
3	111782418	111782419	180	11	2	1	1	1	NA	NA	NA	unphased	0.255962769051774	0.255962769051774	1
3	113377383	113377384	65	15	2	1	1	1	NA	NA	NA	unphased	0.833333333333333	0.833333333333333	1
3	113378843	113378844	76	20	2	1	1	1	NA	NA	NA	unphased	0.925925925925926	0.925925925925926	1
3	113955202	113955203	58	6	2	1	1	1	NA	NA	NA	unphased	0.416666666666667	0.416666666666667	1
3	114069769	114069770	62	18	2	1	1	1	NA	NA	NA	unphased	1	1	1
3	119263666	119263667	39	6	2	1	1	1	NA	NA	NA	unphased	0.592592592592593	0.592592592592593	1
3	119526123	119526124	48	10	2	1	1	1	NA	NA	NA	unphased	0.766283524904215	0.766283524904215	1
3	121230732	121230733	79	6	2	1	1	1	NA	NA	NA	unphased	0.313725490196078	0.313725490196078	1
3	121825184	121825185	72	15	2	1	1	1	NA	NA	NA	unphased	0.766283524904215	0.766283524904215	1
3	126707722	126707723	82	13	2	1	1	1	NA	NA	NA	unphased	0.608187134502924	0.608187134502924	1
3	129140307	129140308	50	28	2	1	1	1	NA	NA	NA	unphased	1.5954415954416	1.5954415954416	1
3	130187916	130187917	26	12	2	1	1	1	NA	NA	NA	unphased	1.40350877192982	1.40350877192982	1
3	133485214	133485215	145	75	2	1	1	1	NA	NA	NA	unphased	1.51515151515151	1.51515151515151	1
3	134670265	134670266	32	4	2	1	1	1	NA	NA	NA	unphased	0.493827160493827	0.493827160493827	1
3	138724983	138724984	7	3	2	1	1	1	NA	NA	NA	unphased	1.33333333333333	1.33333333333333	1
3	138762736	138762737	20	5	2	1	1	1	NA	NA	NA	unphased	0.888888888888889	0.888888888888889	1
3	148558509	148558510	94	32	2.71	2	1	0.71	1	1	0.29	unphased	1.30906525573192	1.30906525573192	1
3	149089532	149089533	97	19	2.71	2	1	0.71	1	1	0.29	unphased	0.84426245210728	0.84426245210728	1
3	150128498	150128499	12	4	2.71	2	1	0.71	1	1	0.29	unphased	1.28861111111111	1.28861111111111	1
3	167090620	167090621	31	8	2.73	2	1	0.73	1	1	0.27	unphased	1.0614245014245	1.0614245014245	1
3	171323119	171323120	103	10	2.68	2	1	0.68	1	1	0.32	unphased	0.453490658800393	0.666898027647637	0.68
3	173996900	173996901	83	53	2.68	2	1	0.68	1	1	0.32	unphased	1.99702614379085	1.18870603797074	1.68
3	179287863	179287864	78	9	2.68	2	1	0.68	1	1	0.32	unphased	0.530114942528736	0.779580797836376	0.68
3	180372644	180372645	21	3	2.68	2	1	0.68	1	1	0.32	unphased	0.640555555555556	0.640555555555556	1
3	183995121	183995122	77	30	2.71	2	1	0.71	1	1	0.29	unphased	1.44517133956386	0.84512943834144	1.71
3	184076897	184076898	67	41	2.71	2	1	0.71	1	1	0.29	unphased	1.95677983539095	1.14431569321108	1.71
4	3029637	3029638	59	17	2	1	1	0.15	1	1	0.85	unphased	0.994152046783626	0.994152046783626	1
4	3029638	3029639	57	17	2	1	1	0.15	1	1	0.85	unphased	1.02102102102102	1.02102102102102	1
4	7795472	7795473	102	20	2	1	1	0.27	1	1	0.73	unphased	0.728597449908925	0.728597449908925	1
4	16010665	16010666	16	3	2	1	1	0.38	1	1	0.62	unphased	0.701754385964912	0.701754385964912	1
4	30724539	30724540	65	7	2	1	1	0.38	1	1	0.62	unphased	0.432098765432099	0.696933492632417	0.62
4	38037261	38037262	27	9	2	1	1	0.37	1	1	0.63	unphased	1.11111111111111	1.11111111111111	1
4	41615531	41615532	27	9	2	1	1	0.37	1	1	0.63	unphased	1.11111111111111	1.11111111111111	1
4	52961182	52961183	27	3	2	1	1	0.25	1	1	0.75	unphased	0.444444444444444	0.444444444444444	1
4	52961184	52961185	26	3	2	1	1	0.25	1	1	0.75	unphased	0.459770114942529	0.459770114942529	1
4	68374685	68374686	53	15	1.69	1	0	0.31	1	1	0.69	unphased	0.912009803921569	0.912009803921569	1
4	68512441	68512442	31	13	1.69	1	0	0.31	1	1	0.69	unphased	1.2215404040404	1.2215404040404	1
4	69334627	69334628	94	18	NA	NA	NA	NA	NA	NA	NA	unphased	NA	NA	1
4	70346518	70346519	138	23	1.7	1	0	0.3	1	1	0.7	unphased	0.592063492063492	0.845804988662132	0.7
4	70346552	70346553	127	23	1.7	1	0	0.3	1	1	0.7	unphased	0.635481481481482	0.907830687830688	0.7
4	73414199	73414200	59	22	1.7	1	0	0.3	1	1	0.7	unphased	1.12565157750343	1.12565157750343	1
4	76781890	76781891	41	9	1.7	1	0	0.3	1	1	0.7	unphased	0.746	0.746	1
4	77661930	77661931	39	22	1.7	1	0	0.3	1	1	0.7	unphased	1.49471766848816	1.49471766848816	1
4	80246657	80246658	49	5	1.7	1	0	0.3	1	1	0.7	unphased	0.383744855967078	0.548206937095826	0.7
4	81974562	81974563	76	26	1.7	1	0	0.3	1	1	0.7	unphased	1.05642701525054	1.05642701525054	1
4	85419149	85419150	33	6	1.7	1	0	0.3	1	1	0.7	unphased	0.637606837606838	0.637606837606838	1
4	85419150	85419151	33	6	1.7	1	0	0.3	1	1	0.7	unphased	0.637606837606838	0.637606837606838	1
4	85617180	85617181	51	27	1.7	1	0	0.3	1	1	0.7	unphased	1.43461538461538	1.43461538461538	1
4	87022298	87022299	56	9	1.7	1	0	0.3	1	1	0.7	unphased	0.573846153846154	0.81978021978022	0.7
4	94344040	94344041	44	17	1.71	1	0	0.29	1	1	0.71	unphased	1.15779599271403	1.15779599271403	1
4	96761383	96761384	48	5	1.71	1	0	0.29	1	1	0.71	unphased	0.391928721174004	0.552012283343668	0.71
4	104067248	104067249	17	6	1.71	1	0	0.29	1	1	0.71	unphased	1.08376811594203	1.08376811594203	1
4	106863836	106863837	68	8	1.71	1	0	0.29	1	1	0.71	unphased	0.437309941520468	0.61592949509925	0.71
4	109004521	109004522	48	12	1.69	1	0	0.31	1	1	0.69	unphased	0.826888888888889	0.826888888888889	1
4	114257010	114257011	33	18	1.69	1	0	0.31	1	1	0.69	unphased	1.45921568627451	1.45921568627451	1
4	114276713	114276714	27	13	1.69	1	0	0.31	1	1	0.69	unphased	1.34369444444444	1.34369444444444	1
4	119952639	119952640	74	13	1.7	1	0	0.3	1	1	0.7	unphased	0.619284802043423	0.884692574347747	0.7
4	119979119	119979120	31	4	1.7	1	0	0.3	1	1	0.7	unphased	0.473650793650794	0.473650793650794	1
4	123192196	123192197	27	3	1.7	1	0	0.3	1	1	0.7	unphased	0.414444444444445	0.414444444444445	1
4	123207824	123207825	97	6	1.7	1	0	0.3	1	1	0.7	unphased	0.241423948220065	0.241423948220065	1
4	126241499	126241500	51	25	1.7	1	0	0.3	1	1	0.7	unphased	1.36330409356725	1.36330409356725	1
4	126336649	126336650	108	12	1.7	1	0	0.3	1	1	0.7	unphased	0.414444444444445	0.592063492063492	0.7
4	138453098	138453099	57	24	1.69	1	0	0.31	1	1	0.69	unphased	1.22502057613169	1.22502057613169	1
4	141590958	141590959	54	6	1.69	1	0	0.31	1	1	0.69	unphased	0.413444444444445	0.599194847020934	0.69
4	153896628	153896629	45	5	1.69	1	0	0.31	1	1	0.69	unphased	0.413444444444445	0.599194847020934	0.69
4	155249265	155249266	49	15	1.69	1	0	0.31	1	1	0.69	unphased	0.969010416666667	0.969010416666667	1
4	155749035	155749036	86	27	1.69	1	0	0.31	1	1	0.69	unphased	0.98787610619469	0.98787610619469	1
4	158254493	158254494	21	3	1.66	1	0	0.34	1	1	0.66	unphased	0.513055555555556	0.513055555555556	1
4	158257623	158257624	124	12	1.66	1	0	0.34	1	1	0.66	unphased	0.362156862745098	0.362156862745098	1
4	159772514	159772515	209	35	1.66	1	0	0.34	1	1	0.66	unphased	0.588752276867031	0.892048904343986	0.66
4	162307435	162307436	56	7	1.69	1	0	0.31	1	1	0.69	unphased	0.459382716049383	0.665772052245482	0.69
4	166385676	166385677	30	4	1.69	1	0	0.31	1	1	0.69	unphased	0.48640522875817	0.48640522875817	1
4	166405727	166405728	176	17	1.69	1	0	0.31	1	1	0.69	unphased	0.364173862982153	0.364173862982153	1
4	173730516	173730517	63	5	1.69	1	0	0.31	1	1	0.69	unphased	0.304003267973856	0.440584446338922	0.69
4	174450169	174450170	15	3	1.69	1	0	0.31	1	1	0.69	unphased	0.689074074074074	0.689074074074074	1
4	178881961	178881962	26	9	1.69	1	0	0.31	1	1	0.69	unphased	1.06314285714286	1.06314285714286	1
4	186180178	186180179	78	9	1.7	1	0	0.3	1	1	0.7	unphased	0.428735632183908	0.61247947454844	0.7
4	187178396	187178397	28	3	1.7	1	0	0.3	1	1	0.7	unphased	0.401075268817204	0.572964669738863	0.7
4	189061090	189061091	57	19	1.7	1	0	0.3	1	1	0.7	unphased	1.03611111111111	1.03611111111111	1
5	476404	476405	114	15	2	1	1	0.23	1	1	0.77	unphased	0.516795865633075	0.671163461861136	0.77
5	1094280	1094281	73	7	2	1	1	0.23	1	1	0.77	unphased	0.388888888888889	0.505050505050505	0.77
5	1878300	1878301	22	7	2	1	1	0.23	1	1	0.77	unphased	1.0727969348659	1.0727969348659	1
5	5146294	5146295	59	21	2	1	1	0.23	1	1	0.77	unphased	1.16666666666667	1.16666666666667	1
5	5460555	5460556	18	3	2	1	1	0.23	1	1	0.77	unphased	0.634920634920635	0.634920634920635	1
5	5464515	5464516	152	53	2	1	1	0.23	1	1	0.77	unphased	1.14905149051491	1.14905149051491	1
5	7626389	7626390	75	11	2	1	1	0.23	1	1	0.77	unphased	0.568475452196382	0.73827980804725	0.77
5	10403612	10403613	76	10	2	1	1	0.23	1	1	0.77	unphased	0.516795865633075	0.671163461861136	0.77
5	11346596	11346597	166	23	2	1	1	0.23	1	1	0.77	unphased	0.540858318636096	0.702413400826099	0.77
5	13751280	13751281	84	6	1.37	1	1	0.37	1	0	0.63	unphased	0.254296296296296	0.687287287287287	0.37
5	19838944	19838945	45	22	2	1	1	0.37	1	1	0.63	unphased	1.45936981757877	1.45936981757877	1
5	24537670	24537671	81	16	2	1	1	0.37	1	1	0.63	unphased	0.733104238258877	0.733104238258877	1
5	24593549	24593550	73	19	2	1	1	0.37	1	1	0.63	unphased	0.917874396135266	0.917874396135266	1
5	26881640	26881641	125	12	2	1	1	0.37	1	1	0.63	unphased	0.389294403892944	0.617927625226895	0.63
5	31323320	31323321	62	28	2	1	1	0.24	1	1	0.76	unphased	1.38271604938272	1.38271604938272	1
5	31541485	31541486	57	5	2	1	1	0.24	1	1	0.76	unphased	0.3584229390681	0.471609130352764	0.76
5	32059400	32059401	33	6	2	1	1	0.24	1	1	0.76	unphased	0.683760683760684	0.683760683760684	1
5	33616053	33616054	116	9	2	1	1	0.24	1	1	0.76	unphased	0.32	0.32	1
5	34020749	34020750	113	8	2	1	1	0.46	1	1	0.54	unphased	0.293847566574839	0.544162160323776	0.54
5	35670311	35670312	67	5	2	1	1	0.46	1	1	0.54	unphased	0.308641975308642	0.571559213534522	0.54
5	38496682	38496683	48	6	2	1	1	0.46	1	1	0.54	unphased	0.493827160493827	0.914494741655235	0.54
5	41010083	41010084	36	13	2	1	1	0.46	1	1	0.54	unphased	1.17913832199546	1.17913832199546	1
5	43446491	43446492	93	32	2	1	1	0.46	1	1	0.54	unphased	1.13777777777778	1.13777777777778	1
5	44310611	44310612	19	13	2	1	1	0.46	1	1	0.54	unphased	1.80555555555556	1.80555555555556	1
5	54423140	54423141	94	9	2	1	1	0.3	1	1	0.7	unphased	0.388349514563107	0.554785020804438	0.7
5	54527451	54527452	17	5	2	1	1	0.3	1	1	0.7	unphased	1.01010101010101	1.01010101010101	1
5	55168221	55168222	51	8	2	1	1	0.3	1	1	0.7	unphased	0.602636534839925	0.602636534839925	1
5	57755823	57755824	34	4	2	1	1	0.3	1	1	0.7	unphased	0.467836257309941	0.467836257309941	1
5	58271638	58271639	58	12	2	1	1	0.3	1	1	0.7	unphased	0.761904761904762	0.761904761904762	1
5	64492848	64492849	43	8	2	1	1	0.3	1	1	0.7	unphased	0.697167755991285	0.697167755991285	1
5	66460972	66460973	6	6	2	1	1	0.3	1	1	0.7	unphased	2.22222222222222	2.22222222222222	1
5	70308461	70308462	40	5	2	1	1	0.3	1	1	0.7	unphased	0.493827160493827	0.705467372134039	0.7
5	74063021	74063022	18	6	2	1	1	0.3	1	1	0.7	unphased	1.11111111111111	1.11111111111111	1
5	75490761	75490762	107	29	2	1	1	0.24	1	1	0.76	unphased	0.947712418300654	0.947712418300654	1
5	76749728	76749729	63	6	2	1	1	0.27	1	1	0.73	unphased	0.386473429951691	0.52941565746807	0.73
5	82836772	82836773	64	7	2	1	1	0.27	1	1	0.73	unphased	0.438184663536776	0.600252963749008	0.73
5	82837227	82837228	87	11	2	1	1	0.27	1	1	0.73	unphased	0.498866213151927	0.683378374180723	0.73
5	82837639	82837640	134	38	2	1	1	0.27	1	1	0.73	unphased	0.981912144702842	0.981912144702842	1
5	82849280	82849281	93	22	2	1	1	0.27	1	1	0.73	unphased	0.85024154589372	0.85024154589372	1
5	101748720	101748721	13	3	2	1	1	0.27	1	1	0.73	unphased	0.833333333333333	0.833333333333333	1
5	102503827	102503828	73	13	2	1	1	0.27	1	1	0.73	unphased	0.671834625322997	0.671834625322997	1
5	114598498	114598499	40	7	2	1	1	0.27	1	1	0.73	unphased	0.66193853427896	0.66193853427896	1
5	118814642	118814643	96	13	2	1	1	0.27	1	1	0.73	unphased	0.530071355759429	0.72612514487593	0.73
5	121187715	121187716	39	5	2	1	1	0.27	1	1	0.73	unphased	0.505050505050505	0.505050505050505	1
5	126993373	126993374	46	5	2	1	1	0.27	1	1	0.73	unphased	0.435729847494553	0.596890202047333	0.73
5	127730961	127730962	21	8	2	1	1	0.27	1	1	0.73	unphased	1.22605363984674	1.22605363984674	1
5	129521373	129521374	55	15	2	1	1	0.27	1	1	0.73	unphased	0.952380952380952	0.952380952380952	1
5	134364842	134364843	69	7	2	1	1	0.27	1	1	0.73	unphased	0.409356725146199	0.560762637186574	0.73
5	137354123	137354124	93	6	2	1	1	0.27	1	1	0.73	unphased	0.269360269360269	0.269360269360269	1
5	137726953	137726954	27	8	2	1	1	0.27	1	1	0.73	unphased	1.01587301587302	1.01587301587302	1
5	140076890	140076891	60	5	2	1	1	0.27	1	1	0.73	unphased	0.341880341880342	0.468329235452523	0.73
5	140209545	140209546	111	21	2	1	1	0.27	1	1	0.73	unphased	0.707070707070707	0.9685900096859	0.73
5	140255543	140255544	72	7	2	1	1	0.27	1	1	0.73	unphased	0.393811533052039	0.539467853495944	0.73
5	140256216	140256217	120	21	2	1	1	0.27	1	1	0.73	unphased	0.66193853427896	0.90676511545063	0.73
5	140481293	140481294	44	12	2	1	1	0.27	1	1	0.73	unphased	0.952380952380952	0.952380952380952	1
5	140481565	140481566	154	17	2	1	1	0.27	1	1	0.73	unphased	0.441845354126056	0.441845354126056	1
5	140481801	140481802	115	28	2	1	1	0.27	1	1	0.73	unphased	0.87024087024087	0.87024087024087	1
5	140516348	140516349	165	10	2	1	1	0.27	1	1	0.73	unphased	0.253968253968254	0.253968253968254	1
5	140563748	140563749	89	17	2	1	1	0.27	1	1	0.73	unphased	0.712788259958071	0.712788259958071	1
5	140590631	140590632	146	30	2	1	1	0.27	1	1	0.73	unphased	0.757575757575757	0.757575757575757	1
5	140595758	140595759	185	39	2	1	1	0.27	1	1	0.73	unphased	0.773809523809524	1.06001304631442	0.73
5	140627001	140627002	99	19	2	1	1	0.27	1	1	0.73	unphased	0.71563088512241	0.71563088512241	1
5	140710389	140710390	102	20	2	1	1	0.27	1	1	0.73	unphased	0.728597449908925	0.728597449908925	1
5	140745822	140745823	127	16	2	1	1	0.27	1	1	0.73	unphased	0.497280497280497	0.681206160658215	0.73
5	140812311	140812312	126	31	2	1	1	0.27	1	1	0.73	unphased	0.877565463552725	0.877565463552725	1
5	141693976	141693977	39	8	2	1	1	0.27	1	1	0.73	unphased	0.756501182033097	0.756501182033097	1
5	146788306	146788307	58	9	2	1	1	0.27	1	1	0.73	unphased	0.597014925373134	0.597014925373134	1
5	147661761	147661762	64	14	2	1	1	0.27	1	1	0.73	unphased	0.797720797720798	0.797720797720798	1
5	148384391	148384392	52	5	2	1	1	0.27	1	1	0.73	unphased	0.389863547758285	0.534059654463404	0.73
5	148427438	148427439	111	10	2	1	1	0.27	1	1	0.73	unphased	0.367309458218549	0.367309458218549	1
5	149466035	149466036	6	3	2	1	1	0.27	1	1	0.73	unphased	1.48148148148148	1.48148148148148	1
5	150856210	150856211	55	14	2	1	1	0.27	1	1	0.73	unphased	0.901771336553945	0.901771336553945	1
5	150905353	150905354	75	16	2	1	1	0.27	1	1	0.73	unphased	0.781440781440781	0.781440781440781	1
5	154396416	154396417	87	19	2	1	1	0.27	1	1	0.73	unphased	0.79664570230608	0.79664570230608	1
5	156479504	156479505	256	37	2	1	1	0.27	1	1	0.73	unphased	0.56124383769435	0.768827174923767	0.73
5	156895764	156895765	103	16	2	1	1	0.27	1	1	0.73	unphased	0.597572362278245	0.818592277093486	0.73
5	160059374	160059375	69	7	2	1	1	0.27	1	1	0.73	unphased	0.409356725146199	0.560762637186574	0.73
5	161128726	161128727	47	15	2	1	1	0.27	1	1	0.73	unphased	1.0752688172043	1.0752688172043	1
5	162900539	162900540	22	7	2	1	1	0.27	1	1	0.73	unphased	1.0727969348659	1.0727969348659	1
5	168187880	168187881	60	19	2	1	1	0.27	1	1	0.73	unphased	1.06891701828411	1.06891701828411	1
5	169141186	169141187	54	9	2	1	1	0.27	1	1	0.73	unphased	0.634920634920635	0.634920634920635	1
5	179306046	179306047	44	7	2	1	1	0.16	1	1	0.84	unphased	0.610021786492375	0.610021786492375	1
5	180000987	180000988	29	5	2	1	1	0.16	1	1	0.84	unphased	0.65359477124183	0.65359477124183	1
6	10626803	10626804	69	13	2	2	0	1	NA	NA	NA	unphased	0.704607046070461	0.704607046070461	1
6	17764657	17764658	27	24	2	2	0	1	NA	NA	NA	unphased	2.09150326797386	1.04575163398693	2
6	24843401	24843402	74	64	2	2	0	1	NA	NA	NA	unphased	2.06119162640902	1.03059581320451	2
6	26156560	26156561	44	38	2	2	0	1	NA	NA	NA	unphased	2.05962059620596	1.02981029810298	2
6	26452325	26452326	118	21	2	2	0	1	NA	NA	NA	unphased	0.671462829736211	0.671462829736211	1
6	29054812	29054813	99	18	2	2	0	1	NA	NA	NA	unphased	0.683760683760684	0.683760683760684	1
6	29454604	29454605	64	48	2	2	0	1	NA	NA	NA	unphased	1.9047619047619	0.952380952380952	2
6	29640984	29640985	136	20	2	2	0	1	NA	NA	NA	unphased	0.56980056980057	0.56980056980057	1
6	30675546	30675547	72	27	1.15	2	0	0.15	1	0	0.85	unphased	0.98030303030303	0.98030303030303	1
6	31129473	31129474	88	5	1.15	2	0	0.15	1	0	0.85	unphased	0.193249701314217	1.28833134209478	0.15
6	32164758	32164759	162	7	1.15	2	0	0.15	1	0	0.85	unphased	0.14888231426693	0.992548761779531	0.15
6	33037433	33037434	73	32	2	1	1	0.42	1	1	0.58	unphased	1.35449735449735	1.35449735449735	1
6	33170036	33170037	69	15	2	1	1	0.42	1	1	0.58	unphased	0.793650793650794	0.793650793650794	1
6	33990498	33990499	6	6	2	1	1	0.42	1	1	0.58	unphased	2.22222222222222	2.22222222222222	1
6	34024377	34024378	18	9	2	1	1	0.42	1	1	0.58	unphased	1.48148148148148	1.48148148148148	1
6	34024378	34024379	18	9	2	1	1	0.42	1	1	0.58	unphased	1.48148148148148	1.48148148148148	1
6	38690780	38690781	57	7	2	1	1	0.42	1	1	0.58	unphased	0.486111111111111	0.838122605363985	0.58
6	41309565	41309566	82	9	2	1	1	0.42	1	1	0.58	unphased	0.43956043956044	0.757862826828344	0.58
6	42600432	42600433	29	10	2	1	1	0.42	1	1	0.58	unphased	1.13960113960114	1.13960113960114	1
6	43014107	43014108	74	5	2	1	1	0.42	1	1	0.58	unphased	0.281293952180028	0.484989572724186	0.58
6	43106642	43106643	66	23	2	1	1	0.42	1	1	0.58	unphased	1.14856429463171	1.14856429463171	1
6	43112185	43112186	77	30	2	1	1	0.42	1	1	0.58	unphased	1.24610591900312	1.24610591900312	1
6	46190825	46190826	53	17	2	1	1	0.35	1	1	0.65	unphased	1.07936507936508	1.07936507936508	1
6	46803276	46803277	22	8	2	1	1	0.35	1	1	0.65	unphased	1.18518518518519	1.18518518518519	1
6	49819732	49819733	40	27	2	1	1	0.35	1	1	0.65	unphased	1.7910447761194	1.7910447761194	1
6	51909774	51909775	63	7	2	1	1	0.35	1	1	0.65	unphased	0.444444444444444	0.683760683760684	0.65
6	51909775	51909776	63	7	2	1	1	0.35	1	1	0.65	unphased	0.444444444444444	0.683760683760684	0.65
6	66044985	66044986	50	10	1.02	1	1	0.02	0	1	0.98	unphased	0.577407407407407	0.577407407407407	1
6	66094393	66094394	20	6	1.02	1	1	0.02	0	1	0.98	unphased	0.79948717948718	0.79948717948718	1
6	70411383	70411384	20	4	1.02	1	1	0.02	0	1	0.98	unphased	0.577407407407407	0.577407407407407	1
6	70411384	70411385	19	4	1.02	1	1	0.02	0	1	0.98	unphased	0.602512077294686	0.602512077294686	1
6	71235817	71235818	54	11	1.02	1	1	0.02	0	1	0.98	unphased	0.586290598290598	0.586290598290598	1
6	72892192	72892193	17	4	1.09	1	1	0.09	0	1	0.91	unphased	0.673227513227513	0.673227513227513	1
6	73904316	73904317	70	22	1.09	1	1	0.09	0	1	0.91	unphased	0.845193236714976	0.845193236714976	1
6	76423246	76423247	65	12	1	1	0	1	NA	NA	NA	unphased	0.536796536796537	0.536796536796537	1
6	76744428	76744429	49	31	1	1	0	1	NA	NA	NA	unphased	1.33472222222222	1.33472222222222	1
6	76744429	76744430	48	32	1	1	0	1	NA	NA	NA	unphased	1.37777777777778	1.37777777777778	1
6	84569530	84569531	29	4	1	1	0	1	NA	NA	NA	unphased	0.417508417508417	0.417508417508417	1
6	84569531	84569532	31	4	1	1	0	1	NA	NA	NA	unphased	0.393650793650794	0.393650793650794	1
6	90572172	90572173	119	15	1	1	0	1	NA	NA	NA	unphased	0.385572139303483	0.385572139303483	1
6	90660325	90660326	61	15	1	1	0	1	NA	NA	NA	unphased	0.679824561403509	0.679824561403509	1
6	129511485	129511486	12	4	1	1	0	1	NA	NA	NA	unphased	0.861111111111111	0.861111111111111	1
6	137815334	137815335	40	12	1	1	0	1	NA	NA	NA	unphased	0.794871794871795	0.794871794871795	1
6	139355327	139355328	50	18	1	1	0	1	NA	NA	NA	unphased	0.911764705882353	0.911764705882353	1
6	146755805	146755806	52	27	1	1	0	1	NA	NA	NA	unphased	1.17721518987342	1.17721518987342	1
6	152469244	152469245	37	11	1	1	0	1	NA	NA	NA	unphased	0.789351851851852	0.789351851851852	1
6	153075343	153075344	25	3	1	1	0	1	NA	NA	NA	unphased	0.369047619047619	0.369047619047619	1
6	154411018	154411019	82	22	1	1	0	1	NA	NA	NA	unphased	0.728632478632479	0.728632478632479	1
6	160466888	160466889	83	13	1	1	0	1	NA	NA	NA	unphased	0.466435185185185	0.466435185185185	1
6	165863739	165863740	55	18	1	1	0	1	NA	NA	NA	unphased	0.849315068493151	0.849315068493151	1
7	4826037	4826038	200	13	1.03	1	1	0.03	0	1	0.97	unphased	0.212055294731351	0.212055294731351	1
7	18687496	18687497	62	7	8	7	1	1	NA	NA	NA	unphased	1.05958132045089	1.05958132045089	1
7	20685633	20685634	93	10	2.04	4	1	0.26	1	0	0.74	unphased	0.435382955771305	0.435382955771305	1
7	21747330	21747331	47	7	2.04	4	1	0.26	1	0	0.74	unphased	0.581316872427984	0.581316872427984	1
7	23299710	23299711	76	19	2	1	1	1	NA	NA	NA	unphased	0.888888888888889	0.888888888888889	1
7	24705682	24705683	72	15	2	1	1	1	NA	NA	NA	unphased	0.766283524904215	0.766283524904215	1
7	26237075	26237076	69	6	2	1	1	1	NA	NA	NA	unphased	0.355555555555556	0.355555555555556	1
7	27140601	27140602	92	8	2	1	1	1	NA	NA	NA	unphased	0.355555555555556	0.355555555555556	1
7	27195971	27195972	100	18	2	1	1	1	NA	NA	NA	unphased	0.677966101694915	0.677966101694915	1
7	28031600	28031601	44	5	2	1	1	1	NA	NA	NA	unphased	0.453514739229025	0.453514739229025	1
7	29980335	29980336	81	20	2	1	1	1	NA	NA	NA	unphased	0.88008800880088	0.88008800880088	1
7	31862792	31862793	77	12	2	1	1	1	NA	NA	NA	unphased	0.599250936329588	0.599250936329588	1
7	31862793	31862794	73	12	2	1	1	1	NA	NA	NA	unphased	0.627450980392157	0.627450980392157	1
7	43918844	43918845	53	14	2	1	1	1	NA	NA	NA	unphased	0.928689883913765	0.928689883913765	1
7	44118363	44118364	92	6	2	1	1	1	NA	NA	NA	unphased	0.272108843537415	0.272108843537415	1
7	45662260	45662261	27	10	2	1	1	1	NA	NA	NA	unphased	1.2012012012012	1.2012012012012	1
7	45726178	45726179	74	21	2	1	1	1	NA	NA	NA	unphased	0.982456140350877	0.982456140350877	1
7	45931535	45931536	28	4	2	1	1	1	NA	NA	NA	unphased	0.555555555555556	0.555555555555556	1
7	48316040	48316041	19	6	2	1	1	1	NA	NA	NA	unphased	1.06666666666667	1.06666666666667	1
7	57188237	57188238	45	6	2	1	1	0.36	1	1	0.64	unphased	0.522875816993464	0.816993464052288	0.64
7	63726797	63726798	32	5	2	1	1	0.36	1	1	0.64	unphased	0.600600600600601	0.600600600600601	1
7	64004765	64004766	126	12	2	1	1	0.36	1	1	0.64	unphased	0.386473429951691	0.603864734299517	0.64
7	64388163	64388164	89	32	2	1	1	0.36	1	1	0.64	unphased	1.17539026629936	1.17539026629936	1
7	64388705	64388706	26	4	2	1	1	0.36	1	1	0.64	unphased	0.592592592592593	0.592592592592593	1
7	74470142	74470143	28	8	2	1	1	0.36	1	1	0.64	unphased	0.987654320987654	0.987654320987654	1
7	78131077	78131078	46	8	2	1	1	0.36	1	1	0.64	unphased	0.65843621399177	0.65843621399177	1
7	81359037	81359038	97	9	2	1	1	0.36	1	1	0.64	unphased	0.377358490566038	0.589622641509434	0.64
7	81689760	81689761	57	6	2	1	1	0.36	1	1	0.64	unphased	0.423280423280423	0.661375661375661	0.64
7	82387843	82387844	85	5	2	1	1	0.36	1	1	0.64	unphased	0.246913580246914	0.246913580246914	1
7	82580054	82580055	140	23	2	1	1	0.36	1	1	0.64	unphased	0.627130197682345	0.979890933878664	0.64
7	86394632	86394633	77	5	2	1	1	0.36	1	1	0.64	unphased	0.2710027100271	0.2710027100271	1
7	86820287	86820288	49	6	2	1	1	0.36	1	1	0.64	unphased	0.484848484848485	0.757575757575757	0.64
7	88963100	88963101	51	9	2	1	1	0.36	1	1	0.64	unphased	0.666666666666667	0.666666666666667	1
7	97619368	97619369	65	5	2	1	1	0.36	1	1	0.64	unphased	0.317460317460317	0.496031746031746	0.64
7	98445782	98445783	60	21	2	1	1	0.36	1	1	0.64	unphased	1.1522633744856	1.1522633744856	1
7	98643367	98643368	58	22	2	1	1	0.36	1	1	0.64	unphased	1.22222222222222	1.22222222222222	1
7	99758145	99758146	165	22	2	1	1	0.36	1	1	0.64	unphased	0.522875816993464	0.816993464052288	0.64
7	99773278	99773279	43	4	2	1	1	0.36	1	1	0.64	unphased	0.378250591016548	0.591016548463357	0.64
7	100184161	100184162	12	3	2	1	1	0.36	1	1	0.64	unphased	0.888888888888889	0.888888888888889	1
7	100731028	100731029	28	5	2	1	1	0.36	1	1	0.64	unphased	0.673400673400673	0.673400673400673	1
7	100732255	100732256	117	25	2	1	1	0.36	1	1	0.64	unphased	0.782472613458529	0.782472613458529	1
7	103270407	103270408	95	17	2	1	1	0.36	1	1	0.64	unphased	0.674603174603175	1.05406746031746	0.64
7	107431523	107431524	37	6	2	1	1	0.36	1	1	0.64	unphased	0.62015503875969	0.62015503875969	1
7	107720069	107720070	67	7	2	1	1	0.36	1	1	0.64	unphased	0.42042042042042	0.656906906906907	0.64
7	107864183	107864184	25	9	2	1	1	0.36	1	1	0.64	unphased	1.17647058823529	1.17647058823529	1
7	113518303	113518304	59	7	2	1	1	0.36	1	1	0.64	unphased	0.471380471380471	0.736531986531987	0.64
7	114619569	114619570	46	18	2	1	1	0.36	1	1	0.64	unphased	1.25	1.25	1
7	123594256	123594257	78	22	2	1	1	0.36	1	1	0.64	unphased	0.977777777777778	0.977777777777778	1
7	126173449	126173450	70	9	2	1	1	0.36	1	1	0.64	unphased	0.506329113924051	0.791139240506329	0.64
7	127341285	127341286	119	14	2	1	1	0.36	1	1	0.64	unphased	0.467836257309941	0.730994152046784	0.64
7	127341286	127341287	119	14	2	1	1	0.36	1	1	0.64	unphased	0.467836257309941	0.730994152046784	0.64
7	129770575	129770576	76	31	2	1	1	0.36	1	1	0.64	unphased	1.28764278296989	1.28764278296989	1
7	131825443	131825444	115	8	2	1	1	0.36	1	1	0.64	unphased	0.28906955736224	0.28906955736224	1
7	134632263	134632264	8	4	2	1	1	0.39	1	1	0.61	unphased	1.48148148148148	1.48148148148148	1
7	135614760	135614761	67	11	2	1	1	0.39	1	1	0.61	unphased	0.626780626780627	0.626780626780627	1
7	137075947	137075948	80	5	2	1	1	0.39	1	1	0.61	unphased	0.261437908496732	0.428586735240544	0.61
7	137782615	137782616	38	26	2	1	1	0.39	1	1	0.61	unphased	1.80555555555556	1.80555555555556	1
7	140534574	140534575	75	10	2	1	1	0.39	1	1	0.61	unphased	0.522875816993464	0.857173470481089	0.61
7	142231631	142231632	130	19	2	1	1	0.39	1	1	0.61	unphased	0.566741237882178	0.92908399652816	0.61
7	142568608	142568609	65	21	2	1	1	0.48	1	1	0.52	unphased	1.08527131782946	1.08527131782946	1
7	142659376	142659377	41	9	2	1	1	0.48	1	1	0.52	unphased	0.8	0.8	1
7	143000891	143000892	26	11	2	1	1	0.48	1	1	0.52	unphased	1.32132132132132	1.32132132132132	1
7	143632386	143632387	119	20	2	1	1	0.48	1	1	0.52	unphased	0.639488409272582	1.22978540244727	0.52
7	143807533	143807534	141	22	2	1	1	0.48	1	1	0.52	unphased	0.59986366734833	1.15358397566987	0.52
7	144060505	144060506	181	32	2	1	1	0.48	1	1	0.52	unphased	0.667709963484611	1.28405762208579	0.52
7	149483251	149483252	13	11	2	1	1	0.48	1	1	0.52	unphased	2.03703703703704	2.03703703703704	1
7	156971380	156971381	33	8	2	1	1	0.39	1	1	0.61	unphased	0.867208672086721	0.867208672086721	1
8	2054353	2054354	21	6	0.54	0	0	0.73	1	1	0.27	unphased	0.66320987654321	0.66320987654321	1
8	8560393	8560394	16	4	0.38	0	0	0.81	1	1	0.19	unphased	0.564888888888889	0.564888888888889	1
8	10755410	10755411	41	8	0.38	0	0	0.81	1	1	0.19	unphased	0.461133786848073	0.461133786848073	1
8	25226114	25226115	38	9	0.48	0	0	0.76	1	1	0.24	unphased	0.56	0.56	1
8	30209575	30209576	33	10	0.48	0	0	0.76	1	1	0.24	unphased	0.680103359173127	0.680103359173127	1
8	30703266	30703267	22	3	0.48	0	0	0.76	1	1	0.24	unphased	0.350933333333333	1.46222222222222	0.24
8	33246763	33246764	21	12	1.16	2	1	0.08	0	1	0.92	unphased	1.31070707070707	1.31070707070707	1
8	35583832	35583833	30	7	0.92	0	0	0.54	1	1	0.46	unphased	0.636516516516517	0.636516516516517	1
8	37692864	37692865	32	25	1.06	2	1	0.03	0	1	0.97	unphased	1.53703703703704	1.49226896799712	1.03
8	39535049	39535050	17	7	3.67	3	1	0.89	0	1	0.11	unphased	1.78337962962963	1.78337962962963	1
8	41548013	41548014	64	69	3.67	3	1	0.89	0	1	0.11	unphased	3.17215538847118	1.09763162230837	2.89
8	43147870	43147871	68	26	3.67	3	1	0.89	0	1	0.11	unphased	1.6912293144208	0.950128828326294	1.78
8	51449290	51449291	95	70	3.67	3	1	0.89	0	1	0.11	unphased	2.59400673400673	0.971538102624245	2.67
8	62370919	62370920	114	38	3.67	3	1	0.89	0	1	0.11	unphased	1.52861111111111	0.858770287141074	1.78
8	68334753	68334754	130	20	3.67	3	1	0.89	0	1	0.11	unphased	0.815259259259259	0.815259259259259	1
8	70617324	70617325	99	14	3.67	3	1	0.89	0	1	0.11	unphased	0.757541789577188	0.757541789577188	1
8	72184057	72184058	214	22	3.67	3	1	0.89	0	1	0.11	unphased	0.569990583804143	0.569990583804143	1
8	73993285	73993286	181	90	4	3	1	1	NA	NA	NA	unphased	2.14022140221402	1.07011070110701	2
8	74464372	74464373	219	11	4	3	1	1	NA	NA	NA	unphased	0.308212560386473	0.308212560386473	1
8	76470800	76470801	91	92	4	3	1	1	NA	NA	NA	unphased	3.23982999392835	1.07994333130945	3
8	76472577	76472578	32	17	4	3	1	1	NA	NA	NA	unphased	2.23582766439909	1.11791383219955	2
8	77616671	77616672	179	10	4	3	1	1	NA	NA	NA	unphased	0.340975896531452	0.340975896531452	1
8	89128872	89128873	218	16	4	3	1	1	NA	NA	NA	unphased	0.440645773979107	0.440645773979107	1
8	92330507	92330508	135	9	4	3	1	1	NA	NA	NA	unphased	0.402777777777778	0.402777777777778	1
8	92364057	92364058	85	35	4	3	1	1	NA	NA	NA	unphased	1.87962962962963	0.939814814814815	2
8	101075954	101075955	54	7	4	3	1	1	NA	NA	NA	unphased	0.739526411657559	0.739526411657559	1
8	103664174	103664175	122	11	4	3	1	1	NA	NA	NA	unphased	0.532999164578112	0.532999164578112	1
8	104065050	104065051	72	6	4	3	1	1	NA	NA	NA	unphased	0.495726495726496	0.495726495726496	1
8	105405218	105405219	102	5	4	3	1	1	NA	NA	NA	unphased	0.301142263759086	0.301142263759086	1
8	106573665	106573666	75	5	4	3	1	1	NA	NA	NA	unphased	0.402777777777778	0.402777777777778	1
8	110099839	110099840	80	5	4	3	1	1	NA	NA	NA	unphased	0.379084967320261	0.379084967320261	1
8	110255374	110255375	225	14	4	3	1	1	NA	NA	NA	unphased	0.377498837749884	0.377498837749884	1
8	110346577	110346578	22	3	4	3	1	1	NA	NA	NA	unphased	0.773333333333333	0.773333333333333	1
8	113241047	113241048	47	37	4	3	1	1	NA	NA	NA	unphased	2.83862433862434	0.94620811287478	3
8	113246652	113246653	141	12	4	3	1	1	NA	NA	NA	unphased	0.505446623093682	0.505446623093682	1
8	113323337	113323338	103	12	4	3	1	1	NA	NA	NA	unphased	0.672463768115942	0.672463768115942	1
8	113323338	113323339	102	11	4	3	1	1	NA	NA	NA	unphased	0.627335299901672	0.627335299901672	1
8	113697660	113697661	71	7	4	3	1	1	NA	NA	NA	unphased	0.578347578347578	0.578347578347578	1
8	124989712	124989713	182	13	4	3	1	1	NA	NA	NA	unphased	0.42962962962963	0.42962962962963	1
8	125074233	125074234	108	68	4	3	1	1	NA	NA	NA	unphased	2.48989898989899	0.82996632996633	3
8	125535237	125535238	62	13	4	3	1	1	NA	NA	NA	unphased	1.11703703703704	1.11703703703704	1
8	131896901	131896902	127	21	4	3	1	1	NA	NA	NA	unphased	0.914414414414415	0.914414414414415	1
8	133925416	133925417	100	8	4	3	1	1	NA	NA	NA	unphased	0.477366255144033	0.477366255144033	1
8	134025907	134025908	111	14	4	3	1	1	NA	NA	NA	unphased	0.721777777777778	0.721777777777778	1
8	141567244	141567245	200	17	4	3	1	1	NA	NA	NA	unphased	0.504864311315924	0.504864311315924	1
8	143570777	143570778	119	64	4	3	1	1	NA	NA	NA	unphased	2.25379477838494	1.12689738919247	2
8	144621344	144621345	145	109	4	3	1	1	NA	NA	NA	unphased	2.7655293088364	0.921843102945465	3
8	144642024	144642025	71	36	4	3	1	1	NA	NA	NA	unphased	2.16822429906542	1.08411214953271	2
8	144990538	144990539	69	5	4	3	1	1	NA	NA	NA	unphased	0.435435435435436	0.435435435435436	1
8	145150837	145150838	136	12	4	3	1	1	NA	NA	NA	unphased	0.522522522522523	0.522522522522523	1
9	5339539	5339540	25	4	3	2	1	1	NA	NA	NA	unphased	0.75095785440613	0.75095785440613	1
9	5534753	5534754	58	16	3	2	1	1	NA	NA	NA	unphased	1.17717717717718	1.17717717717718	1
9	6328618	6328619	140	12	3	2	1	1	NA	NA	NA	unphased	0.429824561403509	0.429824561403509	1
9	6534751	6534752	47	5	3	2	1	1	NA	NA	NA	unphased	0.523504273504274	0.523504273504274	1
9	6893232	6893233	97	6	3	2	1	1	NA	NA	NA	unphased	0.317152103559871	0.317152103559871	1
9	8633442	8633443	91	11	1.1	2	1	0.05	0	1	0.95	unphased	0.382244008714597	0.382244008714597	1
9	12694302	12694303	39	4	1.3	2	1	0.15	1	0	0.85	unphased	0.348320413436693	0.348320413436693	1
9	21367389	21367390	51	8	2	1	1	0.19	1	1	0.81	unphased	0.602636534839925	0.602636534839925	1
9	33442494	33442495	24	3	2	2	1	0.5	1	0	0.5	unphased	0.493827160493827	0.493827160493827	1
9	33917169	33917170	57	13	2	2	1	0.5	1	0	0.5	unphased	0.825396825396825	0.825396825396825	1
9	35062998	35062999	166	18	2	2	1	0.5	1	0	0.5	unphased	0.434782608695652	0.869565217391304	0.5
9	35102250	35102251	13	3	2	2	1	0.5	1	0	0.5	unphased	0.833333333333333	0.833333333333333	1
9	35676077	35676078	51	10	2	2	1	0.5	1	0	0.5	unphased	0.728597449908925	0.728597449908925	1
9	35853627	35853628	105	8	2	2	1	0.5	1	0	0.5	unphased	0.314650934119961	0.629301868239921	0.5
9	36966698	36966699	83	9	2	2	1	0.5	1	0	0.5	unphased	0.434782608695652	0.869565217391304	0.5
9	37785050	37785051	23	7	2	2	1	0.5	1	0	0.5	unphased	1.03703703703704	1.03703703703704	1
9	40702835	40702836	371	36	2	2	1	0.5	1	0	0.5	unphased	0.393120393120393	0.786240786240786	0.5
9	43629301	43629302	360	16	2	2	1	0.5	1	0	0.5	unphased	0.189125295508274	0.189125295508274	1
9	71006560	71006561	47	8	1.85	1	0	0.15	1	1	0.85	unphased	0.624646464646465	0.624646464646465	1
9	73424893	73424894	84	7	1.85	1	0	0.15	1	1	0.85	unphased	0.33034188034188	0.33034188034188	1
9	84530529	84530530	42	9	1.84	1	0	0.16	1	1	0.84	unphased	0.756078431372549	0.756078431372549	1
9	84530686	84530687	178	12	1.84	1	0	0.16	1	1	0.84	unphased	0.27059649122807	0.27059649122807	1
9	84532175	84532176	29	4	1.84	1	0	0.16	1	1	0.84	unphased	0.519326599326599	0.519326599326599	1
9	84564779	84564780	9	5	1.84	1	0	0.16	1	1	0.84	unphased	1.53015873015873	1.53015873015873	1
9	88651389	88651390	54	6	1.84	1	0	0.16	1	1	0.84	unphased	0.428444444444444	0.51005291005291	0.84
9	94487289	94487290	159	60	1.89	1	0	0.11	1	1	0.89	unphased	1.18751902587519	1.18751902587519	1
9	101748079	101748080	59	7	1	1	0	0.1	0	1	0.9	unphased	0.365319865319865	0.365319865319865	1
9	114156453	114156454	19	6	1	1	0	0.1	0	1	0.9	unphased	0.826666666666667	0.826666666666667	1
9	114176852	114176853	95	23	1	1	0	0.1	0	1	0.9	unphased	0.671374764595104	0.745971960661226	0.9
9	116276912	116276913	51	11	1	1	0	0.1	0	1	0.9	unphased	0.611111111111111	0.679012345679012	0.9
9	117666506	117666507	93	9	1	1	0	0.1	0	1	0.9	unphased	0.303921568627451	0.303921568627451	1
9	119943388	119943389	10	8	1	1	0	0.1	0	1	0.9	unphased	1.53086419753086	1.53086419753086	1
9	120176787	120176788	62	6	1	1	0	0.1	0	1	0.9	unphased	0.303921568627451	0.303921568627451	1
9	131369911	131369912	140	49	1	1	0	0.1	0	1	0.9	unphased	0.893004115226337	0.893004115226337	1
9	133951286	133951287	13	13	1	1	0	0.1	0	1	0.9	unphased	1.72222222222222	1.72222222222222	1
9	135042220	135042221	114	15	1	1	0	0.1	0	1	0.9	unphased	0.400516795865633	0.400516795865633	1
9	135521284	135521285	15	18	1	1	0	0.1	0	1	0.9	unphased	1.87878787878788	1.87878787878788	1
9	135926313	135926314	51	4	1	1	0	0.1	0	1	0.9	unphased	0.250505050505051	0.250505050505051	1
9	135933327	135933328	129	12	1	1	0	0.1	0	1	0.9	unphased	0.293144208037825	0.293144208037825	1
9	136220841	136220842	26	33	2.92	3	0	0.96	0	1	0.04	unphased	3.00045197740113	1.01366620858146	2.96
9	139658872	139658873	40	24	3.16	3	1	0.58	1	1	0.42	unphased	2.10166666666667	0.972993827160494	2.16
9	140729343	140729344	18	8	3.16	3	1	0.58	1	1	0.42	unphased	1.72444444444444	1.72444444444444	1
X	3261794	3261795	48	5	NA	NA	NA	NA	NA	NA	NA	unphased	NA	NA	1
X	9673034	9673035	77	12	NA	NA	NA	NA	NA	NA	NA	unphased	NA	NA	1
X	9862977	9862978	36	6	NA	NA	NA	NA	NA	NA	NA	unphased	NA	NA	1
X	10096091	10096092	101	16	NA	NA	NA	NA	NA	NA	NA	unphased	NA	NA	1
X	31514906	31514907	29	6	NA	NA	NA	NA	NA	NA	NA	unphased	NA	NA	1
X	34148157	34148158	56	11	NA	NA	NA	NA	NA	NA	NA	unphased	NA	NA	1
X	49958169	49958170	43	6	NA	NA	NA	NA	NA	NA	NA	unphased	NA	NA	1
X	50051723	50051724	34	9	NA	NA	NA	NA	NA	NA	NA	unphased	NA	NA	1
X	63411429	63411430	59	17	NA	NA	NA	NA	NA	NA	NA	unphased	NA	NA	1
X	64138863	64138864	35	7	NA	NA	NA	NA	NA	NA	NA	unphased	NA	NA	1
X	70597537	70597538	53	6	NA	NA	NA	NA	NA	NA	NA	unphased	NA	NA	1
X	74284928	74284929	40	3	NA	NA	NA	NA	NA	NA	NA	unphased	NA	NA	1
X	78622738	78622739	11	4	NA	NA	NA	NA	NA	NA	NA	unphased	NA	NA	1
X	79277766	79277767	34	4	NA	NA	NA	NA	NA	NA	NA	unphased	NA	NA	1
X	79698194	79698195	50	14	NA	NA	NA	NA	NA	NA	NA	unphased	NA	NA	1
X	85906143	85906144	25	8	NA	NA	NA	NA	NA	NA	NA	unphased	NA	NA	1
X	91134029	91134030	156	23	NA	NA	NA	NA	NA	NA	NA	unphased	NA	NA	1
X	99551692	99551693	53	23	NA	NA	NA	NA	NA	NA	NA	unphased	NA	NA	1
X	101623783	101623784	88	5	NA	NA	NA	NA	NA	NA	NA	unphased	NA	NA	1
X	103080188	103080189	114	13	NA	NA	NA	NA	NA	NA	NA	unphased	NA	NA	1
X	106486459	106486460	53	31	NA	NA	NA	NA	NA	NA	NA	unphased	NA	NA	1
X	107403708	107403709	68	24	NA	NA	NA	NA	NA	NA	NA	unphased	NA	NA	1
X	107434640	107434641	125	41	NA	NA	NA	NA	NA	NA	NA	unphased	NA	NA	1
X	114082719	114082720	53	6	NA	NA	NA	NA	NA	NA	NA	unphased	NA	NA	1
X	123516527	123516528	53	29	NA	NA	NA	NA	NA	NA	NA	unphased	NA	NA	1
X	125299719	125299720	64	13	NA	NA	NA	NA	NA	NA	NA	unphased	NA	NA	1
X	130222673	130222674	38	6	NA	NA	NA	NA	NA	NA	NA	unphased	NA	NA	1
X	132351800	132351801	34	13	NA	NA	NA	NA	NA	NA	NA	unphased	NA	NA	1
X	132730524	132730525	112	17	NA	NA	NA	NA	NA	NA	NA	unphased	NA	NA	1
X	134303588	134303589	34	8	NA	NA	NA	NA	NA	NA	NA	unphased	NA	NA	1
X	140984512	140984513	101	48	NA	NA	NA	NA	NA	NA	NA	unphased	NA	NA	1
X	141291519	141291520	27	11	NA	NA	NA	NA	NA	NA	NA	unphased	NA	NA	1
X	142795593	142795594	33	6	NA	NA	NA	NA	NA	NA	NA	unphased	NA	NA	1
X	144337436	144337437	27	18	NA	NA	NA	NA	NA	NA	NA	unphased	NA	NA	1
X	144909467	144909468	21	15	NA	NA	NA	NA	NA	NA	NA	unphased	NA	NA	1
X	151820221	151820222	65	39	NA	NA	NA	NA	NA	NA	NA	unphased	NA	NA	1
X	152815040	152815041	126	13	NA	NA	NA	NA	NA	NA	NA	unphased	NA	NA	1
X	152815041	152815042	127	13	NA	NA	NA	NA	NA	NA	NA	unphased	NA	NA	1
X	152914892	152914893	57	21	NA	NA	NA	NA	NA	NA	NA	unphased	NA	NA	1
X	153130955	153130956	95	43	NA	NA	NA	NA	NA	NA	NA	unphased	NA	NA	1
X	153135305	153135306	22	13	NA	NA	NA	NA	NA	NA	NA	unphased	NA	NA	1
X	153224148	153224149	68	8	NA	NA	NA	NA	NA	NA	NA	unphased	NA	NA	1
X	153664269	153664270	58	5	NA	NA	NA	NA	NA	NA	NA	unphased	NA	NA	1
