chr	start	end	WT.count	mut.count	subclonal.CN	nMaj1	nMin1	frac1	nMaj2	nMin2	frac2	phase	mutation.copy.number	subclonal.fraction	no.chrs.bearing.mut
1	2526777	2526778	27	6	NA	NA	NA	NA	NA	NA	NA	unphased	NA	NA	1
1	6324737	6324738	26	3	3	2	1	1	NA	NA	NA	unphased	0.493819128171763	0.493819128171763	1
1	6504660	6504661	48	31	3	2	1	1	NA	NA	NA	unphased	1.87317888703129	0.936589443515644	2
1	6631173	6631174	91	14	3	2	1	1	NA	NA	NA	unphased	0.636477987421384	0.636477987421384	1
1	9324170	9324171	65	13	3	2	1	1	NA	NA	NA	unphased	0.79559748427673	0.79559748427673	1
1	10179589	10179590	67	8	3	2	1	1	NA	NA	NA	unphased	0.509182389937107	0.509182389937107	1
1	11561463	11561464	25	13	3	2	1	1	NA	NA	NA	unphased	1.6330685203575	0.816534260178749	2
1	11561953	11561954	25	7	3	2	1	1	NA	NA	NA	unphased	1.04422169811321	1.04422169811321	1
1	12368590	12368591	105	28	3	2	1	1	NA	NA	NA	unphased	1.00496524329692	1.00496524329692	1
1	12855850	12855851	87	17	3	2	1	1	NA	NA	NA	unphased	0.780297532656023	0.780297532656023	1
1	12921199	12921200	135	12	3	2	1	1	NA	NA	NA	unphased	0.389680400462072	0.389680400462072	1
1	12921233	12921234	53	84	3	2	1	1	NA	NA	NA	unphased	2.92686957719322	1.46343478859661	2
1	13001248	13001249	239	16	3	2	1	1	NA	NA	NA	unphased	0.299519052904181	0.299519052904181	1
1	13474869	13474870	41	11	3	2	1	1	NA	NA	NA	unphased	1.00979680696662	1.00979680696662	1
1	16071047	16071048	14	3	3	2	1	1	NA	NA	NA	unphased	0.842397336293008	0.842397336293008	1
1	19992714	19992715	33	6	3	2	1	1	NA	NA	NA	unphased	0.734397677793904	0.734397677793904	1
1	20827839	20827840	63	11	3	2	1	1	NA	NA	NA	unphased	0.709586945436002	0.709586945436002	1
1	20998459	20998460	66	16	3	2	1	1	NA	NA	NA	unphased	0.931431201104464	0.931431201104464	1
1	21268371	21268372	109	32	3	2	1	1	NA	NA	NA	unphased	1.08336678710023	1.08336678710023	1
1	21573843	21573844	53	10	3	2	1	1	NA	NA	NA	unphased	0.757711889787361	0.757711889787361	1
1	22214082	22214083	55	5	3	2	1	1	NA	NA	NA	unphased	0.397798742138365	0.397798742138365	1
1	22965740	22965741	58	7	3	2	1	1	NA	NA	NA	unphased	0.514078374455733	0.514078374455733	1
1	27480568	27480569	57	8	2	1	1	1	NA	NA	NA	unphased	0.4644412191582	0.4644412191582	1
1	28880161	28880162	13	6	2	1	1	1	NA	NA	NA	unphased	1.19165839126117	1.19165839126117	1
1	31899542	31899543	72	17	2	1	1	1	NA	NA	NA	unphased	0.720797116811533	0.720797116811533	1
1	32120446	32120447	100	21	2	1	1	1	NA	NA	NA	unphased	0.654919694370809	0.654919694370809	1
1	39494494	39494495	45	23	2	1	1	1	NA	NA	NA	unphased	1.27635960044395	1.27635960044395	1
1	43851673	43851674	184	46	2	1	1	1	NA	NA	NA	unphased	0.754716981132076	0.754716981132076	1
1	44071068	44071069	29	13	2	1	1	1	NA	NA	NA	unphased	1.16801437556155	1.16801437556155	1
1	46752035	46752036	28	8	2	1	1	1	NA	NA	NA	unphased	0.838574423480084	0.838574423480084	1
1	47278264	47278265	49	5	2	1	1	1	NA	NA	NA	unphased	0.349406009783368	0.349406009783368	1
1	54497895	54497896	15	6	2	1	1	1	NA	NA	NA	unphased	1.07816711590296	1.07816711590296	1
1	62907237	62907238	25	12	2	1	1	1	NA	NA	NA	unphased	1.22386537480877	1.22386537480877	1
1	67648609	67648610	63	27	2	1	1	1	NA	NA	NA	unphased	1.13207547169811	1.13207547169811	1
1	70715731	70715732	23	6	2	1	1	1	NA	NA	NA	unphased	0.780741704619388	0.780741704619388	1
1	82409429	82409430	53	21	2	1	1	1	NA	NA	NA	unphased	1.07088220295767	1.07088220295767	1
1	87045265	87045266	60	19	2	1	1	1	NA	NA	NA	unphased	0.907571053260091	0.907571053260091	1
1	89844083	89844084	43	22	2	1	1	1	NA	NA	NA	unphased	1.27721335268505	1.27721335268505	1
1	93602422	93602423	41	17	2	1	1	1	NA	NA	NA	unphased	1.1060507482108	1.1060507482108	1
1	99772191	99772192	29	10	2	1	1	1	NA	NA	NA	unphased	0.96758587324625	0.96758587324625	1
1	100672098	100672099	174	13	2	1	1	1	NA	NA	NA	unphased	0.262334779537887	0.262334779537887	1
1	103343559	103343560	51	16	2	1	1	1	NA	NA	NA	unphased	0.901154604336806	0.901154604336806	1
1	103385906	103385907	71	22	2	1	1	1	NA	NA	NA	unphased	0.892675999188476	0.892675999188476	1
1	103453263	103453264	58	6	2	1	1	1	NA	NA	NA	unphased	0.35377358490566	0.35377358490566	1
1	109884686	109884687	77	32	2	1	1	1	NA	NA	NA	unphased	1.10784144019387	1.10784144019387	1
1	110213908	110213909	37	5	2	1	1	1	NA	NA	NA	unphased	0.449236298292902	0.449236298292902	1
1	110231319	110231320	15	13	2	1	1	1	NA	NA	NA	unphased	1.75202156334232	1.75202156334232	1
1	114249339	114249340	46	18	2	1	1	1	NA	NA	NA	unphased	1.06132075471698	1.06132075471698	1
1	115829315	115829316	40	11	2	1	1	1	NA	NA	NA	unphased	0.813910469848317	0.813910469848317	1
1	118548156	118548157	48	6	2	1	1	1	NA	NA	NA	unphased	0.419287211740042	0.419287211740042	1
1	119427470	119427471	83	13	3.85	3	1	0.95	0	1	0.05	unphased	0.761527122641509	0.761527122641509	1
1	120480030	120480031	68	15	3.85	3	1	0.95	0	1	0.05	unphased	1.01631052511935	1.01631052511935	1
1	145440509	145440510	143	28	3.85	3	1	0.95	0	1	0.05	unphased	0.920820920225091	0.920820920225091	1
1	148022953	148022954	251	12	3.85	3	1	0.95	0	1	0.05	unphased	0.256589425353325	0.256589425353325	1
1	149882413	149882414	53	5	3.85	3	1	0.95	0	1	0.05	unphased	0.484791802212101	0.510307160223265	0.95
1	150255914	150255915	154	18	3.85	3	1	0.95	0	1	0.05	unphased	0.588514699429574	0.588514699429574	1
1	150958829	150958830	28	3	3.85	3	1	0.95	0	1	0.05	unphased	0.544217894096165	0.544217894096165	1
1	151774830	151774831	73	8	3.85	3	1	0.95	0	1	0.05	unphased	0.555415793151642	0.584648203317518	0.95
1	152328031	152328032	463	70	3.85	3	1	0.95	0	1	0.05	unphased	0.738557117066091	0.738557117066091	1
1	153655007	153655008	54	7	3.85	3	1	0.95	0	1	0.05	unphased	0.64532941540365	0.64532941540365	1
1	153954675	153954676	57	6	3.85	3	1	0.95	0	1	0.05	unphased	0.535579514824798	0.535579514824798	1
1	154231457	154231458	113	7	3.85	3	1	0.95	0	1	0.05	unphased	0.328042452830189	0.328042452830189	1
1	154557297	154557298	118	28	3.85	3	1	0.95	0	1	0.05	unphased	1.07849573533213	1.07849573533213	1
1	156182917	156182918	65	8	3.85	3	1	0.95	0	1	0.05	unphased	0.616283277332644	0.616283277332644	1
1	156811293	156811294	79	10	3.85	3	1	0.95	0	1	0.05	unphased	0.63186347254611	0.63186347254611	1
1	156823912	156823913	37	15	3.85	3	1	0.95	0	1	0.05	unphased	1.62218795355588	0.853783133450462	1.9
1	156875186	156875187	37	9	3.85	3	1	0.95	0	1	0.05	unphased	1.10026661197703	1.10026661197703	1
1	156914893	156914894	133	24	3.85	3	1	0.95	0	1	0.05	unphased	0.85965629131114	0.85965629131114	1
1	158064143	158064144	15	4	3.85	3	1	0.95	0	1	0.05	unphased	1.18391261171797	1.18391261171797	1
1	158326567	158326568	120	19	3.85	3	1	0.95	0	1	0.05	unphased	0.7686914619248	0.7686914619248	1
1	158435461	158435462	132	10	3.85	3	1	0.95	0	1	0.05	unphased	0.396027106032421	0.396027106032421	1
1	158584045	158584046	58	7	3.85	3	1	0.95	0	1	0.05	unphased	0.605616835994194	0.605616835994194	1
1	159923177	159923178	92	7	3.85	3	1	0.95	0	1	0.05	unphased	0.397627215551744	0.397627215551744	1
1	160328199	160328200	17	3	3.85	3	1	0.95	0	1	0.05	unphased	0.843537735849056	0.843537735849056	1
1	161954713	161954714	124	28	3.85	3	1	0.95	0	1	0.05	unphased	1.03592353525323	1.03592353525323	1
1	165721381	165721382	39	7	3.85	3	1	0.95	0	1	0.05	unphased	0.855762920426579	0.855762920426579	1
1	167042733	167042734	44	6	5	3	2	1	NA	NA	NA	unphased	0.812830188679245	0.812830188679245	1
1	168670266	168670267	161	22	5	3	2	1	NA	NA	NA	unphased	0.814310753685947	0.814310753685947	1
1	171763662	171763663	63	11	5	3	2	1	NA	NA	NA	unphased	1.0068842427333	1.0068842427333	1
1	173840200	173840201	54	4	5	3	2	1	NA	NA	NA	unphased	0.467143786597267	0.467143786597267	1
1	175105026	175105027	100	19	5	3	2	1	NA	NA	NA	unphased	1.08149674964325	1.08149674964325	1
1	176915112	176915113	153	28	5	3	2	1	NA	NA	NA	unphased	1.04784738872094	1.04784738872094	1
1	178410696	178410697	34	20	5	3	2	1	NA	NA	NA	unphased	2.50873515024458	0.836245050081528	3
1	179013193	179013194	64	11	5	3	2	1	NA	NA	NA	unphased	0.993459119496855	0.993459119496855	1
1	181727989	181727990	71	4	5	3	2	1	NA	NA	NA	unphased	0.36125786163522	0.36125786163522	1
1	182798086	182798087	79	10	5	3	2	1	NA	NA	NA	unphased	0.761076955692177	0.761076955692177	1
1	183616966	183616967	154	20	5	3	2	1	NA	NA	NA	unphased	0.778572977662112	0.778572977662112	1
1	184764054	184764055	66	14	5	3	2	1	NA	NA	NA	unphased	1.18537735849057	1.18537735849057	1
1	185964205	185964206	112	11	5	3	2	1	NA	NA	NA	unphased	0.605767755790765	0.605767755790765	1
1	186089237	186089238	38	12	5	3	2	1	NA	NA	NA	unphased	1.62566037735849	1.62566037735849	1
1	186310225	186310226	82	8	5	3	2	1	NA	NA	NA	unphased	0.6020964360587	0.6020964360587	1
1	190424010	190424011	37	3	5	3	2	1	NA	NA	NA	unphased	0.508018867924528	0.508018867924528	1
1	196762669	196762670	80	9	4.61	3	2	0.87	1	1	0.13	unphased	0.645531057875768	0.645531057875768	1
1	197115346	197115347	160	19	4.61	3	2	0.87	1	1	0.13	unphased	0.677587224623168	0.778835890371458	0.87
1	197890768	197890769	22	4	4.61	3	2	0.87	1	1	0.13	unphased	0.982089985486212	0.982089985486212	1
1	198677282	198677283	36	8	4.61	3	2	0.87	1	1	0.13	unphased	1.16065180102916	1.16065180102916	1
1	200558479	200558480	36	5	4.61	3	2	0.87	1	1	0.13	unphased	0.778485964104924	0.778485964104924	1
1	200558484	200558485	36	4	4.61	3	2	0.87	1	1	0.13	unphased	0.638358490566038	0.638358490566038	1
1	200635558	200635559	46	24	4.61	3	2	0.87	1	1	0.13	unphased	2.1886576819407	1.1704051775084	1.87
1	200960785	200960786	30	4	4.61	3	2	0.87	1	1	0.13	unphased	0.751009988901221	0.751009988901221	1
1	201454440	201454441	99	16	4.61	3	2	0.87	1	1	0.13	unphased	0.888150943396226	0.888150943396226	1
1	203134678	203134679	100	6	4.61	3	2	0.87	1	1	0.13	unphased	0.361334994660021	0.361334994660021	1
1	203140534	203140535	40	9	4.61	3	2	0.87	1	1	0.13	unphased	1.17249518675395	1.17249518675395	1
1	204425007	204425008	37	7	4.61	3	2	0.87	1	1	0.13	unphased	1.01557032590051	1.01557032590051	1
1	205126495	205126496	65	17	4.61	3	2	0.87	1	1	0.13	unphased	1.32342613897837	1.32342613897837	1
1	207751301	207751302	240	37	4.61	3	2	0.87	1	1	0.13	unphased	0.852681016279545	0.852681016279545	1
1	213009241	213009242	95	17	4.61	3	2	0.87	1	1	0.13	unphased	0.968936994609164	0.968936994609164	1
1	213009320	213009321	130	51	4.61	3	2	0.87	1	1	0.13	unphased	1.79868966955071	0.961866133449579	1.87
1	213186654	213186655	151	14	4.61	3	2	0.87	1	1	0.13	unphased	0.541637507146941	0.622571847295335	0.87
1	215848154	215848155	38	30	4.61	3	2	0.87	1	1	0.13	unphased	2.81628745837958	0.981284828703686	2.87
1	216363654	216363655	77	8	4.61	3	2	0.87	1	1	0.13	unphased	0.600807991120977	0.600807991120977	1
1	228109377	228109378	32	6	4.61	3	2	0.87	1	1	0.13	unphased	1.00793445878848	1.00793445878848	1
1	228288784	228288785	60	10	4.61	3	2	0.87	1	1	0.13	unphased	0.911940700808625	0.911940700808625	1
1	228548089	228548090	55	5	4.61	3	2	0.87	1	1	0.13	unphased	0.531965408805031	0.531965408805031	1
1	234529223	234529224	60	11	4.36	3	2	0.84	1	0	0.16	unphased	0.950273717778368	0.950273717778368	1
1	235826259	235826260	166	8	4.36	3	2	0.84	1	0	0.16	unphased	0.282003903708523	0.282003903708523	1
1	236973835	236973836	114	16	4.36	3	2	0.84	1	0	0.16	unphased	0.754902757619739	0.754902757619739	1
1	237711752	237711753	27	11	4.36	3	2	0.84	1	0	0.16	unphased	1.77551142005958	0.964951858728034	1.84
1	237711754	237711755	26	11	4.36	3	2	0.84	1	0	0.16	unphased	1.82349821519633	0.991031638693657	1.84
1	237802421	237802422	33	7	4.36	3	2	0.84	1	0	0.16	unphased	1.07337735849057	1.07337735849057	1
1	237813349	237813350	155	46	4.36	3	2	0.84	1	0	0.16	unphased	1.40370599831034	0.762883694733878	1.84
1	238090243	238090244	21	13	4.36	3	2	0.84	1	0	0.16	unphased	2.34519422863485	0.875072473371213	2.68
1	238090542	238090543	65	4	4.36	3	2	0.84	1	0	0.16	unphased	0.355570139458573	0.423297785069729	0.84
1	240072566	240072567	30	9	4.36	3	2	0.84	1	0	0.16	unphased	1.41544267053701	1.41544267053701	1
1	240255601	240255602	9	5	4.36	3	2	0.84	1	0	0.16	unphased	2.19056603773585	2.19056603773585	1
1	244715641	244715642	71	15	4.36	3	2	0.84	1	0	0.16	unphased	1.06981132075472	1.06981132075472	1
1	247768979	247768980	230	10	4.36	3	2	0.84	1	0	0.16	unphased	0.255566037735849	0.255566037735849	1
1	248004547	248004548	63	15	NA	NA	NA	NA	NA	NA	NA	unphased	NA	NA	1
1	248309001	248309002	422	58	NA	NA	NA	NA	NA	NA	NA	unphased	NA	NA	1
1	248737391	248737392	215	24	NA	NA	NA	NA	NA	NA	NA	unphased	NA	NA	1
1	248737796	248737797	67	18	NA	NA	NA	NA	NA	NA	NA	unphased	NA	NA	1
1	248789504	248789505	133	14	NA	NA	NA	NA	NA	NA	NA	unphased	NA	NA	1
1	248845569	248845570	27	24	NA	NA	NA	NA	NA	NA	NA	unphased	NA	NA	1
1	249211111	249211112	63	6	NA	NA	NA	NA	NA	NA	NA	unphased	NA	NA	1
10	402339	402340	43	10	NA	NA	NA	NA	NA	NA	NA	unphased	NA	NA	1
10	1279655	1279656	87	26	4	2	2	1	NA	NA	NA	unphased	1.3284354650192	1.3284354650192	1
10	7608295	7608296	28	6	4	2	2	1	NA	NA	NA	unphased	1.0188679245283	1.0188679245283	1
10	7866285	7866286	131	15	4	2	2	1	NA	NA	NA	unphased	0.593176531403463	0.593176531403463	1
10	11367849	11367850	70	12	4	2	2	1	NA	NA	NA	unphased	0.844914864242982	0.844914864242982	1
10	11797412	11797413	78	5	4	2	2	1	NA	NA	NA	unphased	0.347806319618095	0.347806319618095	1
10	12131254	12131255	43	12	4	2	2	1	NA	NA	NA	unphased	1.25969125214408	1.25969125214408	1
10	14816529	14816530	84	13	4	2	2	1	NA	NA	NA	unphased	0.773779420346236	0.773779420346236	1
10	16635372	16635373	27	3	4	2	2	1	NA	NA	NA	unphased	0.577358490566038	0.577358490566038	1
10	16942785	16942786	54	5	4	2	2	1	NA	NA	NA	unphased	0.489286856411896	0.489286856411896	1
10	18331737	18331738	44	10	4	2	2	1	NA	NA	NA	unphased	1.06918238993711	1.06918238993711	1
10	18439884	18439885	92	11	4	2	2	1	NA	NA	NA	unphased	0.616596446235574	0.616596446235574	1
10	20432340	20432341	57	10	4	2	2	1	NA	NA	NA	unphased	0.861729090397071	0.861729090397071	1
10	27536757	27536758	12	3	4	2	2	1	NA	NA	NA	unphased	1.15471698113208	1.15471698113208	1
10	29815986	29815987	19	3	4	2	2	1	NA	NA	NA	unphased	0.787307032590051	0.787307032590051	1
10	30918550	30918551	26	5	4	2	2	1	NA	NA	NA	unphased	0.931223371880706	0.931223371880706	1
10	37486216	37486217	150	64	4	2	2	1	NA	NA	NA	unphased	1.72667959795451	0.863339798977253	2
10	38406689	38406690	55	26	4	2	2	1	NA	NA	NA	unphased	1.85324947589099	0.926624737945493	2
10	44052262	44052263	47	6	4	2	2	1	NA	NA	NA	unphased	0.653613385546458	0.653613385546458	1
10	46111910	46111911	111	9	1.02	2	1	0.01	0	1	0.99	unphased	0.209518867924528	0.209518867924528	1
10	55582642	55582643	113	16	3	2	1	1	NA	NA	NA	unphased	0.592072546438496	0.592072546438496	1
10	55582861	55582862	122	26	3	2	1	1	NA	NA	NA	unphased	0.838602753697093	0.838602753697093	1
10	55944969	55944970	57	16	3	2	1	1	NA	NA	NA	unphased	1.04626518480227	1.04626518480227	1
10	64159495	64159496	43	5	3	2	1	1	NA	NA	NA	unphased	0.497248427672956	0.497248427672956	1
10	64913380	64913381	50	7	3	2	1	1	NA	NA	NA	unphased	0.586229725256537	0.586229725256537	1
10	69751982	69751983	56	19	3	2	1	1	NA	NA	NA	unphased	1.20930817610063	1.20930817610063	1
10	69934190	69934191	47	9	3	2	1	1	NA	NA	NA	unphased	0.767183288409704	0.767183288409704	1
10	70672915	70672916	44	5	3	2	1	1	NA	NA	NA	unphased	0.48710050057759	0.48710050057759	1
10	73544142	73544143	53	6	3	2	1	1	NA	NA	NA	unphased	0.485449312440038	0.485449312440038	1
10	75607835	75607836	75	17	3	2	1	1	NA	NA	NA	unphased	0.882075471698113	0.882075471698113	1
10	88439262	88439263	32	17	3	2	1	1	NA	NA	NA	unphased	1.6561417019638	0.828070850981902	2
10	91066379	91066380	70	11	3	2	1	1	NA	NA	NA	unphased	0.648264616818076	0.648264616818076	1
10	95385368	95385369	19	9	3	2	1	1	NA	NA	NA	unphased	1.53436657681941	1.53436657681941	1
10	99426255	99426256	34	9	3	2	1	1	NA	NA	NA	unphased	0.999122422114963	0.999122422114963	1
10	102796832	102796833	22	3	3	2	1	1	NA	NA	NA	unphased	0.572830188679245	0.572830188679245	1
10	104378864	104378865	43	8	3	2	1	1	NA	NA	NA	unphased	0.748797632260451	0.748797632260451	1
10	118084560	118084561	37	6	3	2	1	1	NA	NA	NA	unphased	0.666081614743309	0.666081614743309	1
10	121337188	121337189	77	17	3	2	1	1	NA	NA	NA	unphased	0.863307908470494	0.863307908470494	1
10	125426342	125426343	9	3	3	2	1	1	NA	NA	NA	unphased	1.19339622641509	1.19339622641509	1
10	125521573	125521574	56	14	3	2	1	1	NA	NA	NA	unphased	0.954716981132076	0.954716981132076	1
10	127436205	127436206	59	6	3	2	1	1	NA	NA	NA	unphased	0.440638606676343	0.440638606676343	1
10	134016184	134016185	31	8	3	2	1	1	NA	NA	NA	unphased	0.979196903725206	0.979196903725206	1
10	135205007	135205008	25	4	3	2	1	1	NA	NA	NA	unphased	0.658425504229018	0.658425504229018	1
11	1269130	1269131	92	19	2.26	2	1	0.63	1	0	0.37	unphased	0.690433452320245	1.09592611479404	0.63
11	1464568	1464569	5	3	2.26	2	1	0.63	1	0	0.37	unphased	1.51259433962264	1.51259433962264	1
11	4673830	4673831	101	32	2.26	2	1	0.63	1	0	0.37	unphased	0.970486593843098	0.970486593843098	1
11	4790449	4790450	82	30	2.26	2	1	0.63	1	0	0.37	unphased	1.08042452830189	1.08042452830189	1
11	4825051	4825052	50	24	2.26	2	1	0.63	1	0	0.37	unphased	1.3081896991331	1.3081896991331	1
11	4825053	4825054	52	24	2.26	2	1	0.63	1	0	0.37	unphased	1.27376365441907	1.27376365441907	1
11	5364087	5364088	71	5	2.26	2	1	0.63	1	0	0.37	unphased	0.265367428003972	0.265367428003972	1
11	5758379	5758380	55	21	2.26	2	1	0.63	1	0	0.37	unphased	1.11454319761668	1.11454319761668	1
11	5841901	5841902	86	5	2.26	2	1	0.63	1	0	0.37	unphased	0.221625544267054	0.221625544267054	1
11	6048891	6048892	74	8	2.26	2	1	0.63	1	0	0.37	unphased	0.393520478601013	0.624635680319067	0.63
11	6129944	6129945	89	17	2.26	2	1	0.63	1	0	0.37	unphased	0.64689569241723	1.02681855939243	0.63
11	6867095	6867096	151	38	2.26	2	1	0.63	1	0	0.37	unphased	0.810985324947589	0.810985324947589	1
11	7081288	7081289	128	27	2.26	2	1	0.63	1	0	0.37	unphased	0.702624467437614	1.11527693244066	0.63
11	8148265	8148266	38	9	2.26	2	1	0.63	1	0	0.37	unphased	0.772388598956243	0.772388598956243	1
11	8496255	8496256	28	6	2.26	2	1	0.63	1	0	0.37	unphased	0.71180910099889	0.71180910099889	1
11	9445352	9445353	84	11	2.26	2	1	0.63	1	0	0.37	unphased	0.467046673286991	0.741343925852367	0.63
11	9445359	9445360	85	9	2.26	2	1	0.63	1	0	0.37	unphased	0.386194299478121	0.613006824568446	0.63
11	11373917	11373918	85	25	2.26	2	1	0.63	1	0	0.37	unphased	0.91672384219554	0.91672384219554	1
11	11374300	11374301	100	20	2.26	2	1	0.63	1	0	0.37	unphased	0.672264150943396	1.06708595387841	0.63
11	14280893	14280894	9	6	2.26	2	1	0.63	1	0	0.37	unphased	1.61343396226415	1.61343396226415	1
11	15212304	15212305	92	14	2.26	2	1	0.63	1	0	0.37	unphased	0.532737629049484	0.84561528420553	0.63
11	16077357	16077358	38	11	2.26	2	1	0.63	1	0	0.37	unphased	0.905498652291105	0.905498652291105	1
11	16838710	16838711	77	19	2.26	2	1	0.63	1	0	0.37	unphased	0.798313679245283	0.798313679245283	1
11	17430021	17430022	64	11	2.26	2	1	0.63	1	0	0.37	unphased	0.591592452830189	0.939035639412998	0.63
11	17793333	17793334	86	9	2.26	2	1	0.63	1	0	0.37	unphased	0.38212909632572	0.606554121151937	0.63
11	18159238	18159239	79	7	2.26	2	1	0.63	1	0	0.37	unphased	0.328315050460728	0.521135000731315	0.63
11	22647209	22647210	36	4	2.26	2	1	0.63	1	0	0.37	unphased	0.403358490566038	0.640251572327044	0.63
11	31086145	31086146	68	19	2.26	2	1	0.63	1	0	0.37	unphased	0.880897852960312	0.880897852960312	1
11	40136487	40136488	75	36	2.26	2	1	0.63	1	0	0.37	unphased	1.3081896991331	0.802570367566316	1.63
11	40137477	40137478	24	23	2.26	2	1	0.63	1	0	0.37	unphased	1.9738819751104	1.21097053687754	1.63
11	46407201	46407202	59	4	2.56	2	1	0.78	1	0	0.22	unphased	0.275148247978437	0.275148247978437	1
11	46408002	46408003	41	17	2.56	2	1	0.78	1	0	0.22	unphased	1.27018867924528	1.27018867924528	1
11	46911533	46911534	76	7	2.56	2	1	0.78	1	0	0.22	unphased	0.365483064332803	0.365483064332803	1
11	46921472	46921473	47	29	2.56	2	1	0.78	1	0	0.22	unphased	1.65360476663356	0.928991441928969	1.78
11	47681748	47681749	54	7	2.56	2	1	0.78	1	0	0.22	unphased	0.497296628518404	0.6375597801518	0.78
11	51412111	51412112	53	16	2.56	2	1	0.78	1	0	0.22	unphased	1.00488925348646	1.00488925348646	1
11	51515321	51515322	72	33	2.56	2	1	0.78	1	0	0.22	unphased	1.36198382749326	0.7651594536479	1.78
11	55038143	55038144	30	16	2.56	2	1	0.78	1	0	0.22	unphased	1.5073338802297	0.846816786645897	1.78
11	55111261	55111262	193	10	2.56	2	1	0.78	1	0	0.22	unphased	0.213477088948787	0.213477088948787	1
11	55890408	55890409	181	34	2.56	2	1	0.78	1	0	0.22	unphased	0.685311101360246	0.878603976102879	0.78
11	55890410	55890411	178	32	2.56	2	1	0.78	1	0	0.22	unphased	0.660355795148248	0.846609993779805	0.78
11	55904662	55904663	54	12	2.56	2	1	0.78	1	0	0.22	unphased	0.787924528301887	0.787924528301887	1
11	55927588	55927589	88	16	2.56	2	1	0.78	1	0	0.22	unphased	0.666705370101596	0.854750474489226	0.78
11	57995970	57995971	20	12	2.56	2	1	0.78	1	0	0.22	unphased	1.62509433962264	0.912974348102607	1.78
11	58034411	58034412	66	16	2.56	2	1	0.78	1	0	0.22	unphased	0.845577542567878	0.845577542567878	1
11	58034412	58034413	67	15	2.56	2	1	0.78	1	0	0.22	unphased	0.792728946157386	0.792728946157386	1
11	58207487	58207488	53	21	2.56	2	1	0.78	1	0	0.22	unphased	1.22980112187659	1.22980112187659	1
11	58391563	58391564	44	12	2.56	2	1	0.78	1	0	0.22	unphased	0.928625336927223	0.928625336927223	1
11	58477233	58477234	75	18	2.56	2	1	0.78	1	0	0.22	unphased	0.838758368837492	0.838758368837492	1
11	59282677	59282678	96	16	2.56	2	1	0.78	1	0	0.22	unphased	0.619083557951482	0.793696869168567	0.78
11	61097029	61097030	19	6	2.56	2	1	0.78	1	0	0.22	unphased	1.04006037735849	1.04006037735849	1
11	62340200	62340201	26	6	2.56	2	1	0.78	1	0	0.22	unphased	0.812547169811321	0.812547169811321	1
11	63141427	63141428	30	9	2.56	2	1	0.78	1	0	0.22	unphased	1.00005805515239	1.00005805515239	1
11	64026362	64026363	33	5	2.56	2	1	0.78	1	0	0.22	unphased	0.570208540218471	0.570208540218471	1
11	64893272	64893273	89	18	2.56	2	1	0.78	1	0	0.22	unphased	0.729014283195204	0.729014283195204	1
11	65123340	65123341	41	11	2.56	2	1	0.78	1	0	0.22	unphased	0.916719883889695	0.916719883889695	1
11	65650584	65650585	115	19	2.56	2	1	0.78	1	0	0.22	unphased	0.614463531399606	0.787773758204622	0.78
11	65988099	65988100	28	23	2.56	2	1	0.78	1	0	0.22	unphased	1.95436182019978	1.09795607876392	1.78
11	66311438	66311439	39	5	2.56	2	1	0.78	1	0	0.22	unphased	0.492452830188679	0.631349782293178	0.78
11	66411053	66411054	29	7	2.56	2	1	0.78	1	0	0.22	unphased	0.842641509433962	0.842641509433962	1
11	67258405	67258406	16	7	2.56	2	1	0.78	1	0	0.22	unphased	1.31891714520098	1.31891714520098	1
11	67815251	67815252	102	16	2.56	2	1	0.78	1	0	0.22	unphased	0.587604732970899	0.753339401244742	0.78
11	71719743	71719744	30	25	2.56	2	1	0.78	1	0	0.22	unphased	1.96981132075472	1.10663557345771	1.78
11	72466012	72466013	9	3	2.56	2	1	0.78	1	0	0.22	unphased	1.08339622641509	1.08339622641509	1
11	73765675	73765676	70	12	2.56	2	1	0.78	1	0	0.22	unphased	0.634183156925909	0.813055329392191	0.78
11	75439834	75439835	56	9	2.56	2	1	0.78	1	0	0.22	unphased	0.600034833091437	0.600034833091437	1
11	77961260	77961261	118	28	2.56	2	1	0.78	1	0	0.22	unphased	0.831098475058154	0.831098475058154	1
11	83195189	83195190	67	12	2.56	2	1	0.78	1	0	0.22	unphased	0.658266061619298	0.658266061619298	1
11	92085700	92085701	45	13	2.56	2	1	0.78	1	0	0.22	unphased	0.971320754716981	0.971320754716981	1
11	92881784	92881785	84	13	2.56	2	1	0.78	1	0	0.22	unphased	0.580789729624587	0.744602217467419	0.78
11	93104407	93104408	26	5	2.56	2	1	0.78	1	0	0.22	unphased	0.698965307364577	0.698965307364577	1
11	93471429	93471430	155	12	2.56	2	1	0.78	1	0	0.22	unphased	0.311395322562422	0.311395322562422	1
11	93796831	93796832	65	4	2.56	2	1	0.78	1	0	0.22	unphased	0.251222313371616	0.251222313371616	1
11	100221520	100221521	84	10	6	5	1	1	NA	NA	NA	unphased	0.826977117623444	0.826977117623444	1
11	102822742	102822743	803	36	8	7	1	1	NA	NA	NA	unphased	0.419367171160636	0.419367171160636	1
11	104815576	104815577	30	10	2.54	2	1	0.77	1	0	0.23	unphased	1.07839622641509	1.07839622641509	1
11	104899950	104899951	29	10	2.54	2	1	0.77	1	0	0.23	unphased	1.10604741170779	1.10604741170779	1
11	105481699	105481700	17	4	2.54	2	1	0.77	1	0	0.23	unphased	0.821635220125786	0.821635220125786	1
11	108181040	108181041	46	4	2.54	2	1	0.77	1	0	0.23	unphased	0.34508679245283	0.448164665523156	0.77
11	108381279	108381280	113	43	2.54	2	1	0.77	1	0	0.23	unphased	1.18900096758587	1.18900096758587	1
11	111386830	111386831	64	5	2.54	2	1	0.77	1	0	0.23	unphased	0.312578616352201	0.312578616352201	1
11	111386831	111386832	61	5	2.54	2	1	0.77	1	0	0.23	unphased	0.326786735277301	0.326786735277301	1
11	113078036	113078037	43	4	2.54	2	1	0.77	1	0	0.23	unphased	0.367113608992373	0.476770920769315	0.77
11	114401077	114401078	56	14	2.54	2	1	0.77	1	0	0.23	unphased	0.862716981132076	0.862716981132076	1
11	116692114	116692115	115	19	2.54	2	1	0.77	1	0	0.23	unphased	0.611627710504083	0.794321701953355	0.77
11	116734526	116734527	77	20	2.54	2	1	0.77	1	0	0.23	unphased	0.889398949620696	0.889398949620696	1
11	118037609	118037610	52	9	2.54	2	1	0.77	1	0	0.23	unphased	0.636430559851531	0.636430559851531	1
11	118886422	118886423	23	5	2.54	2	1	0.77	1	0	0.23	unphased	0.770283018867924	0.770283018867924	1
11	118918709	118918710	26	7	2.54	2	1	0.77	1	0	0.23	unphased	0.915002858776444	0.915002858776444	1
11	119045254	119045255	137	7	2.54	2	1	0.77	1	0	0.23	unphased	0.209688155136268	0.209688155136268	1
11	119243828	119243829	128	8	2.54	2	1	0.77	1	0	0.23	unphased	0.253740288568257	0.253740288568257	1
11	120176402	120176403	77	18	2.54	2	1	0.77	1	0	0.23	unphased	0.817310824230387	0.817310824230387	1
11	120983857	120983858	30	9	2.54	2	1	0.77	1	0	0.23	unphased	0.99544267053701	0.99544267053701	1
11	122775151	122775152	121	36	2.54	2	1	0.77	1	0	0.23	unphased	0.989102271361615	0.989102271361615	1
11	123908952	123908953	51	13	2.54	2	1	0.77	1	0	0.23	unphased	0.876196933962264	0.876196933962264	1
11	124121180	124121181	41	11	2.54	2	1	0.77	1	0	0.23	unphased	0.912489114658926	0.912489114658926	1
11	125280186	125280187	75	11	2.54	2	1	0.77	1	0	0.23	unphased	0.551737604212374	0.716542343132953	0.77
11	125525120	125525121	34	10	2.54	2	1	0.77	1	0	0.23	unphased	0.980360205831904	0.980360205831904	1
11	125769722	125769723	89	9	2.54	2	1	0.77	1	0	0.23	unphased	0.396145552560647	0.396145552560647	1
11	126126731	126126732	126	46	2.54	2	1	0.77	1	0	0.23	unphased	1.15363317244405	1.15363317244405	1
11	133799597	133799598	37	10	2.54	2	1	0.77	1	0	0.23	unphased	0.917784022480931	0.917784022480931	1
12	4920249	4920250	39	13	1.24	2	2	0.08	0	1	0.92	unphased	0.753396226415094	0.753396226415094	1
12	5154171	5154172	65	10	1.24	2	2	0.08	0	1	0.92	unphased	0.401811320754717	0.401811320754717	1
12	5853386	5853387	45	6	1.24	2	2	0.08	0	1	0.92	unphased	0.354539400665927	0.354539400665927	1
12	6145657	6145658	30	7	1.24	2	2	0.08	0	1	0.92	unphased	0.570137684854666	0.570137684854666	1
12	7585028	7585029	42	8	1.24	2	2	0.08	0	1	0.92	unphased	0.48217358490566	0.48217358490566	1
12	8048257	8048258	48	15	1.24	2	2	0.08	0	1	0.92	unphased	0.717520215633423	0.717520215633423	1
12	10856657	10856658	41	13	1.24	2	2	0.08	0	1	0.92	unphased	0.725492662473794	0.725492662473794	1
12	11214513	11214514	99	5	1.24	2	2	0.08	0	1	0.92	unphased	0.14488388969521	1.81104862119013	0.08
12	12315177	12315178	117	8	1.2	1	1	0.2	1	0	0.8	unphased	0.190309433962264	0.951547169811321	0.2
12	12483642	12483643	46	4	1.2	1	1	0.2	1	0	0.8	unphased	0.23788679245283	1.18943396226415	0.2
12	13208753	13208754	74	15	1.2	1	1	0.2	1	0	0.8	unphased	0.501165995336019	0.501165995336019	1
12	14959394	14959395	115	6	3	2	1	1	0	1	0	unphased	0.236706689536878	0.236706689536878	1
12	16189223	16189224	32	4	1.28	1	1	0.28	1	0	0.72	unphased	0.339287211740042	1.21174004192872	0.28
12	18691099	18691100	37	23	1.28	1	1	0.28	1	0	0.72	unphased	1.17054088050314	1.17054088050314	1
12	21715919	21715920	89	39	3.96	3	2	0.74	1	0	0.26	unphased	1.7469516509434	1.00399520169161	1.74
12	21926503	21926504	112	12	3.96	3	2	0.74	1	0	0.26	unphased	0.554863055386488	0.74981493971147	0.74
12	25398283	25398284	14	8	3	2	1	1	NA	NA	NA	unphased	1.73584905660377	1.73584905660377	1
12	27181250	27181251	129	7	3	2	1	1	NA	NA	NA	unphased	0.245699223085461	0.245699223085461	1
12	29689179	29689180	128	15	3	2	1	1	NA	NA	NA	unphased	0.500725689404935	0.500725689404935	1
12	29709801	29709802	71	13	3	2	1	1	NA	NA	NA	unphased	0.738769092542678	0.738769092542678	1
12	29709898	29709899	70	4	3	2	1	1	NA	NA	NA	unphased	0.258031616522183	0.258031616522183	1
12	39695299	39695300	98	20	3	2	1	1	NA	NA	NA	unphased	0.809082187400064	0.809082187400064	1
12	45001013	45001014	30	10	3	2	1	1	NA	NA	NA	unphased	1.19339622641509	1.19339622641509	1
12	47471224	47471225	21	5	3	2	1	1	NA	NA	NA	unphased	0.91799709724238	0.91799709724238	1
12	47471600	47471601	50	10	3	2	1	1	NA	NA	NA	unphased	0.79559748427673	0.79559748427673	1
12	47629133	47629134	115	11	3	2	1	1	NA	NA	NA	unphased	0.416741539383049	0.416741539383049	1
12	47629137	47629138	122	11	3	2	1	1	NA	NA	NA	unphased	0.394807774152362	0.394807774152362	1
12	48367949	48367950	61	5	3	2	1	1	NA	NA	NA	unphased	0.361635220125786	0.361635220125786	1
12	48723268	48723269	22	5	3	2	1	1	NA	NA	NA	unphased	0.883997204751922	0.883997204751922	1
12	49364123	49364124	39	5	3	2	1	1	NA	NA	NA	unphased	0.542452830188679	0.542452830188679	1
12	50386085	50386086	117	22	3	2	1	1	NA	NA	NA	unphased	0.75553142391747	0.75553142391747	1
12	50390983	50390984	55	8	3	2	1	1	NA	NA	NA	unphased	0.606169511829889	0.606169511829889	1
12	51281098	51281099	62	9	3	2	1	1	NA	NA	NA	unphased	0.605102311985118	0.605102311985118	1
12	56078908	56078909	22	7	3	2	1	1	NA	NA	NA	unphased	1.15224463240078	1.15224463240078	1
12	56347957	56347958	32	4	3	2	1	1	NA	NA	NA	unphased	0.530398322851153	0.530398322851153	1
12	56492200	56492201	19	7	3	2	1	1	NA	NA	NA	unphased	1.28519593613933	1.28519593613933	1
12	56607844	56607845	107	5	3	2	1	1	NA	NA	NA	unphased	0.213106469002695	0.213106469002695	1
12	57599437	57599438	48	7	3	2	1	1	NA	NA	NA	unphased	0.607547169811321	0.607547169811321	1
12	63963124	63963125	58	15	3	2	1	1	NA	NA	NA	unphased	0.980873610752132	0.980873610752132	1
12	70724088	70724089	60	11	3	2	1	1	NA	NA	NA	unphased	0.739569492426256	0.739569492426256	1
12	70989878	70989879	24	11	3	2	1	1	NA	NA	NA	unphased	1.50026954177898	1.50026954177898	1
12	77417768	77417769	52	11	3	2	1	1	NA	NA	NA	unphased	0.833483078766098	0.833483078766098	1
12	81762564	81762565	73	13	3	2	1	1	NA	NA	NA	unphased	0.721588415971917	0.721588415971917	1
12	83358847	83358848	57	10	3	2	1	1	NA	NA	NA	unphased	0.712475359053788	0.712475359053788	1
12	85446026	85446027	50	8	3	2	1	1	NA	NA	NA	unphased	0.658425504229018	0.658425504229018	1
12	91347650	91347651	112	26	3	2	1	1	NA	NA	NA	unphased	0.89937106918239	0.89937106918239	1
12	97084913	97084914	48	12	3	2	1	1	NA	NA	NA	unphased	0.954716981132076	0.954716981132076	1
12	104397072	104397073	49	15	3	2	1	1	NA	NA	NA	unphased	1.11880896226415	1.11880896226415	1
12	109972578	109972579	33	6	3	2	1	1	NA	NA	NA	unphased	0.734397677793904	0.734397677793904	1
12	110002928	110002929	107	27	3	2	1	1	NA	NA	NA	unphased	0.961841734722613	0.961841734722613	1
12	110236655	110236656	45	29	3	2	1	1	NA	NA	NA	unphased	1.87072921978582	0.935364609892912	2
12	121154529	121154530	122	32	3	2	1	1	NA	NA	NA	unphased	0.991913746630728	0.991913746630728	1
12	122359326	122359327	43	4	3	2	1	1	NA	NA	NA	unphased	0.406262545162585	0.406262545162585	1
12	123075219	123075220	76	25	3	2	1	1	NA	NA	NA	unphased	1.18158042219316	1.18158042219316	1
12	124094490	124094491	52	12	3	2	1	1	NA	NA	NA	unphased	0.895047169811321	0.895047169811321	1
12	125834533	125834534	40	16	3	2	1	1	NA	NA	NA	unphased	1.36388140161725	1.36388140161725	1
12	130647986	130647987	40	11	3	2	1	1	NA	NA	NA	unphased	1.02959674435812	1.02959674435812	1
12	132466665	132466666	186	14	3	2	1	1	NA	NA	NA	unphased	0.334150943396226	0.334150943396226	1
12	132546758	132546759	47	13	3	2	1	1	NA	NA	NA	unphased	1.03427672955975	1.03427672955975	1
13	21548888	21548889	7	4	2	1	1	1	NA	NA	NA	unphased	1.37221269296741	1.37221269296741	1
13	25671456	25671457	98	5	2	1	1	1	NA	NA	NA	unphased	0.183183733284484	0.183183733284484	1
13	32976973	32976974	9	3	2	1	1	1	NA	NA	NA	unphased	0.943396226415094	0.943396226415094	1
13	33316785	33316786	34	5	2	1	1	1	NA	NA	NA	unphased	0.483792936623125	0.483792936623125	1
13	38237796	38237797	28	6	2	1	1	1	NA	NA	NA	unphased	0.665926748057714	0.665926748057714	1
13	41814394	41814395	71	23	2	1	1	1	NA	NA	NA	unphased	0.923323966278603	0.923323966278603	1
13	42874406	42874407	53	15	2	1	1	1	NA	NA	NA	unphased	0.832408435072142	0.832408435072142	1
13	49823041	49823042	94	30	2	1	1	1	NA	NA	NA	unphased	0.912964090079123	0.912964090079123	1
13	52511719	52511720	61	11	2	1	1	1	NA	NA	NA	unphased	0.576519916142558	0.576519916142558	1
13	58240826	58240827	43	10	2	1	1	1	NA	NA	NA	unphased	0.711997152011392	0.711997152011392	1
13	70681663	70681664	39	12	2	1	1	1	NA	NA	NA	unphased	0.887902330743618	0.887902330743618	1
13	77754432	77754433	76	15	2	1	1	1	NA	NA	NA	unphased	0.622019489944018	0.622019489944018	1
13	77847730	77847731	55	23	2	1	1	1	NA	NA	NA	unphased	1.11272375423319	1.11272375423319	1
13	84453835	84453836	20	5	2	1	1	1	NA	NA	NA	unphased	0.754716981132076	0.754716981132076	1
13	84454372	84454373	120	37	2	1	1	1	NA	NA	NA	unphased	0.889316187958178	0.889316187958178	1
13	86368857	86368858	77	20	2	1	1	1	NA	NA	NA	unphased	0.778058743435129	0.778058743435129	1
13	94482463	94482464	45	14	3	2	1	1	NA	NA	NA	unphased	1.13271506236009	1.13271506236009	1
13	95121240	95121241	139	26	3	2	1	1	NA	NA	NA	unphased	0.752201257861635	0.752201257861635	1
13	98641411	98641412	21	10	2	1	1	1	NA	NA	NA	unphased	1.21728545343883	1.21728545343883	1
13	99368210	99368211	25	12	2	1	1	1	NA	NA	NA	unphased	1.22386537480877	1.22386537480877	1
13	101795487	101795488	41	15	2	1	1	1	NA	NA	NA	unphased	1.01078167115903	1.01078167115903	1
13	101795497	101795498	38	9	2	1	1	1	NA	NA	NA	unphased	0.722601364913689	0.722601364913689	1
13	103338752	103338753	49	18	3	2	1	1	NA	NA	NA	unphased	1.28245564629682	1.28245564629682	1
13	103515011	103515012	42	7	3	2	1	1	NA	NA	NA	unphased	0.681940700808625	0.681940700808625	1
13	110826812	110826813	41	5	3	2	1	1	NA	NA	NA	unphased	0.518867924528302	0.518867924528302	1
13	113181736	113181737	93	5	2.94	2	1	0.97	0	1	0.03	unphased	0.240489025798999	0.240489025798999	1
13	113530212	113530213	34	13	2.94	2	1	0.97	0	1	0.03	unphased	1.30375752709755	1.30375752709755	1
14	19988263	19988264	17	6	NA	NA	NA	NA	NA	NA	NA	unphased	NA	NA	1
14	20248711	20248712	370	63	NA	NA	NA	NA	NA	NA	NA	unphased	NA	NA	1
14	20444031	20444032	122	40	NA	NA	NA	NA	NA	NA	NA	unphased	NA	NA	1
14	22675993	22675994	33	8	3	2	1	1	NA	NA	NA	unphased	0.931431201104464	0.931431201104464	1
14	24652866	24652867	58	5	3	2	1	1	NA	NA	NA	unphased	0.378855944893681	0.378855944893681	1
14	24807127	24807128	53	4	3	2	1	1	NA	NA	NA	unphased	0.334988414432307	0.334988414432307	1
14	31077151	31077152	46	8	3	2	1	1	NA	NA	NA	unphased	0.707197763801537	0.707197763801537	1
14	31597941	31597942	38	9	3	2	1	1	NA	NA	NA	unphased	0.914090726615817	0.914090726615817	1
14	31778293	31778294	116	29	3	2	1	1	NA	NA	NA	unphased	0.954716981132076	0.954716981132076	1
14	33015750	33015751	88	8	3	2	1	1	NA	NA	NA	unphased	0.397798742138365	0.397798742138365	1
14	35871224	35871225	75	4	3	2	1	1	NA	NA	NA	unphased	0.241700501552424	0.241700501552424	1
14	42356094	42356095	46	10	3	2	1	1	NA	NA	NA	unphased	0.852425876010782	0.852425876010782	1
14	47504296	47504297	94	24	3	2	1	1	NA	NA	NA	unphased	0.970898624880077	0.970898624880077	1
14	50100072	50100073	41	12	3	2	1	1	NA	NA	NA	unphased	1.08081167675329	1.08081167675329	1
14	50666523	50666524	76	7	3	2	1	1	NA	NA	NA	unphased	0.402591498067743	0.402591498067743	1
14	52734509	52734510	16	4	3	2	1	1	NA	NA	NA	unphased	0.954716981132076	0.954716981132076	1
14	52741619	52741620	22	3	3	2	1	1	NA	NA	NA	unphased	0.572830188679245	0.572830188679245	1
14	52957648	52957649	70	7	3	2	1	1	NA	NA	NA	unphased	0.433962264150943	0.433962264150943	1
14	52957673	52957674	62	9	3	2	1	1	NA	NA	NA	unphased	0.605102311985118	0.605102311985118	1
14	58965576	58965577	9	5	3	2	1	1	NA	NA	NA	unphased	1.70485175202156	1.70485175202156	1
14	59967907	59967908	34	4	3	2	1	1	NA	NA	NA	unphased	0.502482621648461	0.502482621648461	1
14	62014572	62014573	196	48	3	2	1	1	NA	NA	NA	unphased	0.93906588308073	0.93906588308073	1
14	64580081	64580082	39	4	3	2	1	1	NA	NA	NA	unphased	0.444054409828872	0.444054409828872	1
14	64957118	64957119	58	11	3	2	1	1	NA	NA	NA	unphased	0.761006289308176	0.761006289308176	1
14	71575561	71575562	40	5	1.98	2	0	0.98	0	1	0.02	unphased	0.41706498951782	0.41706498951782	1
14	72054903	72054904	90	17	1.98	2	0	0.98	0	1	0.02	unphased	0.596363956974079	0.596363956974079	1
14	74824468	74824469	45	13	1.98	2	0	0.98	0	1	0.02	unphased	0.841320754716981	0.841320754716981	1
14	89220987	89220988	16	5	1.98	2	0	0.98	0	1	0.02	unphased	0.893710691823899	0.893710691823899	1
14	90769340	90769341	61	6	1.98	2	0	0.98	0	1	0.02	unphased	0.336141931850183	0.336141931850183	1
14	94060040	94060041	99	9	1.98	2	0	0.98	0	1	0.02	unphased	0.312798742138365	0.312798742138365	1
14	94942517	94942518	103	28	1.98	2	0	0.98	0	1	0.02	unphased	0.802292956935042	0.802292956935042	1
14	95572019	95572020	28	11	1.98	2	0	0.98	0	1	0.02	unphased	1.05870343492985	1.05870343492985	1
14	101531996	101531997	30	8	1.98	2	0	0.98	0	1	0.02	unphased	0.790228401191658	0.790228401191658	1
14	103416122	103416123	55	5	1.98	2	0	0.98	0	1	0.02	unphased	0.312798742138365	0.312798742138365	1
14	104508419	104508420	23	15	1.98	2	0	0.98	0	1	0.02	unphased	1.48167825223436	1.48167825223436	1
14	107078554	107078555	66	29	NA	NA	NA	NA	NA	NA	NA	unphased	NA	NA	1
14	107178988	107178989	53	15	NA	NA	NA	NA	NA	NA	NA	unphased	NA	NA	1
15	22369028	22369029	256	10	NA	NA	NA	NA	NA	NA	NA	unphased	NA	NA	1
15	22382940	22382941	157	11	NA	NA	NA	NA	NA	NA	NA	unphased	NA	NA	1
15	23931867	23931868	20	4	2	2	0	1	NA	NA	NA	unphased	0.628930817610063	0.628930817610063	1
15	25468285	25468286	26	33	2	2	0	1	NA	NA	NA	unphased	2.11064918452191	1.05532459226095	2
15	31197647	31197648	21	6	2	2	0	1	NA	NA	NA	unphased	0.838574423480084	0.838574423480084	1
15	33873836	33873837	49	4	2	2	0	1	NA	NA	NA	unphased	0.284798860804557	0.284798860804557	1
15	40093573	40093574	62	22	2	2	0	1	NA	NA	NA	unphased	0.988319856244385	0.988319856244385	1
15	40284430	40284431	29	10	2	2	0	1	NA	NA	NA	unphased	0.96758587324625	0.96758587324625	1
15	42807446	42807447	50	4	2	2	0	1	NA	NA	NA	unphased	0.279524807826695	0.279524807826695	1
15	43378290	43378291	40	18	2	2	0	1	NA	NA	NA	unphased	1.17111255692908	1.17111255692908	1
15	43814595	43814596	20	6	2	2	0	1	NA	NA	NA	unphased	0.870827285921626	0.870827285921626	1
15	45412379	45412380	90	8	2	2	0	1	NA	NA	NA	unphased	0.308047747400847	0.308047747400847	1
15	48755288	48755289	71	24	2	2	0	1	NA	NA	NA	unphased	0.953326713008937	0.953326713008937	1
15	59499745	59499746	87	42	2	2	0	1	NA	NA	NA	unphased	1.22860903905222	1.22860903905222	1
15	64792229	64792230	24	5	2	2	0	1	NA	NA	NA	unphased	0.650618087182824	0.650618087182824	1
15	71952985	71952986	71	6	2	2	0	1	NA	NA	NA	unphased	0.294045577064445	0.294045577064445	1
15	72553990	72553991	185	38	2	2	0	1	NA	NA	NA	unphased	0.643032405448853	0.643032405448853	1
15	72873112	72873113	24	16	2	2	0	1	NA	NA	NA	unphased	1.50943396226415	0.754716981132076	2
15	73048686	73048687	33	12	2	2	0	1	NA	NA	NA	unphased	1.0062893081761	1.0062893081761	1
15	74919982	74919983	82	15	2	2	0	1	NA	NA	NA	unphased	0.583544057576347	0.583544057576347	1
15	90319995	90319996	6	5	2	2	0	1	NA	NA	NA	unphased	1.71526586620926	1.71526586620926	1
15	91035792	91035793	18	10	2	2	0	1	NA	NA	NA	unphased	1.34770889487871	1.34770889487871	1
15	91038011	91038012	65	14	2	2	0	1	NA	NA	NA	unphased	0.668736565560067	0.668736565560067	1
15	91505111	91505112	9	3	2	2	0	1	NA	NA	NA	unphased	0.943396226415094	0.943396226415094	1
15	101606266	101606267	44	7	2	2	0	1	NA	NA	NA	unphased	0.517943026267111	0.517943026267111	1
16	332514	332515	13	3	NA	NA	NA	NA	NA	NA	NA	unphased	NA	NA	1
16	347133	347134	146	31	NA	NA	NA	NA	NA	NA	NA	unphased	NA	NA	1
16	3025597	3025598	6	5	1	1	0	0.01	0	1	0.99	unphased	1.26072041166381	1.26072041166381	1
16	3363158	3363159	40	9	2	1	1	1	NA	NA	NA	unphased	0.693107431651906	0.693107431651906	1
16	3777989	3777990	46	16	2	1	1	1	NA	NA	NA	unphased	0.973828362751065	0.973828362751065	1
16	4941902	4941903	76	6	2	1	1	1	NA	NA	NA	unphased	0.276115968706857	0.276115968706857	1
16	16215925	16215926	24	9	2	1	1	1	NA	NA	NA	unphased	1.02915951972556	1.02915951972556	1
16	17353196	17353197	79	29	2	1	1	1	NA	NA	NA	unphased	1.01327742837177	1.01327742837177	1
16	20386169	20386170	61	22	2	1	1	1	NA	NA	NA	unphased	1.00022732439191	1.00022732439191	1
16	20442631	20442632	69	9	2	1	1	1	NA	NA	NA	unphased	0.435413642960813	0.435413642960813	1
16	22277708	22277709	133	7	2	1	1	1	NA	NA	NA	unphased	0.188679245283019	0.188679245283019	1
16	23096294	23096295	152	38	2	1	1	1	NA	NA	NA	unphased	0.754716981132076	0.754716981132076	1
16	23693477	23693478	40	14	2	1	1	1	NA	NA	NA	unphased	0.978336827393431	0.978336827393431	1
16	23693478	23693479	41	14	2	1	1	1	NA	NA	NA	unphased	0.960548885077187	0.960548885077187	1
16	30569376	30569377	7	3	2	1	1	1	NA	NA	NA	unphased	1.13207547169811	1.13207547169811	1
16	30976133	30976134	114	37	2	1	1	1	NA	NA	NA	unphased	0.924653255029364	0.924653255029364	1
16	31213971	31213972	21	8	2	1	1	1	NA	NA	NA	unphased	1.04098893949252	1.04098893949252	1
16	31426268	31426269	49	7	2	1	1	1	NA	NA	NA	unphased	0.471698113207547	0.471698113207547	1
16	52484374	52484375	68	24	2	1	1	1	NA	NA	NA	unphased	0.984413453650533	0.984413453650533	1
16	55532221	55532222	36	7	2	1	1	1	NA	NA	NA	unphased	0.614304519526108	0.614304519526108	1
16	55690628	55690629	24	7	2	1	1	1	NA	NA	NA	unphased	0.852099817407182	0.852099817407182	1
16	65022182	65022183	87	20	2	1	1	1	NA	NA	NA	unphased	0.705342973020631	0.705342973020631	1
16	71772944	71772945	91	25	2	1	1	1	NA	NA	NA	unphased	0.813272608978529	0.813272608978529	1
16	71807198	71807199	48	11	2	1	1	1	NA	NA	NA	unphased	0.703549728173969	0.703549728173969	1
16	72993376	72993377	47	25	2	1	1	1	NA	NA	NA	unphased	1.31027253668763	1.31027253668763	1
16	74446735	74446736	119	11	2	1	1	1	NA	NA	NA	unphased	0.319303338171263	0.319303338171263	1
16	77229459	77229460	17	8	2	1	1	1	NA	NA	NA	unphased	1.20754716981132	1.20754716981132	1
16	84213679	84213680	4	5	2	1	1	1	NA	NA	NA	unphased	2.09643605870021	2.09643605870021	1
16	84695240	84695241	45	5	2	1	1	1	NA	NA	NA	unphased	0.377358490566038	0.377358490566038	1
16	89345688	89345689	10	3	2	1	1	1	NA	NA	NA	unphased	0.870827285921626	0.870827285921626	1
16	89598356	89598357	19	5	NA	NA	NA	NA	NA	NA	NA	unphased	NA	NA	1
16	89614443	89614444	81	20	NA	NA	NA	NA	NA	NA	NA	unphased	NA	NA	1
16	89661894	89661895	20	7	NA	NA	NA	NA	NA	NA	NA	unphased	NA	NA	1
17	641167	641168	64	30	NA	NA	NA	NA	NA	NA	NA	unphased	NA	NA	1
17	2601631	2601632	6	5	1	1	0	1	NA	NA	NA	unphased	1.26072041166381	1.26072041166381	1
17	2908735	2908736	75	5	1	1	0	1	NA	NA	NA	unphased	0.173349056603774	0.173349056603774	1
17	3100857	3100858	50	24	1	1	0	1	NA	NA	NA	unphased	0.899541050484447	0.899541050484447	1
17	5984018	5984019	25	8	2	2	0	1	NA	NA	NA	unphased	0.914808461978273	0.914808461978273	1
17	7496105	7496106	24	4	2	2	0	1	NA	NA	NA	unphased	0.539083557951482	0.539083557951482	1
17	7578235	7578236	17	16	2	2	0	1	NA	NA	NA	unphased	1.82961692395655	0.914808461978273	2
17	7606340	7606341	27	9	2	2	0	1	NA	NA	NA	unphased	0.943396226415094	0.943396226415094	1
17	10318841	10318842	49	26	2	2	0	1	NA	NA	NA	unphased	1.30817610062893	1.30817610062893	1
17	15212073	15212074	31	33	2	2	0	1	NA	NA	NA	unphased	1.94575471698113	0.972877358490566	2
17	15532257	15532258	47	19	2	2	0	1	NA	NA	NA	unphased	1.0863350485992	1.0863350485992	1
17	21731575	21731576	19	7	2	2	0	1	NA	NA	NA	unphased	1.01596516690856	1.01596516690856	1
17	27849413	27849414	85	14	1.08	2	1	0.04	0	1	0.96	unphased	0.403537259386316	0.403537259386316	1
17	33772337	33772338	47	33	1.08	2	1	0.04	0	1	0.96	unphased	1.17710377358491	1.17710377358491	1
17	35928997	35928998	70	17	1.08	2	1	0.04	0	1	0.96	unphased	0.557597050531338	0.557597050531338	1
17	36495346	36495347	31	24	1.08	2	1	0.04	0	1	0.96	unphased	1.24520068610635	1.24520068610635	1
17	37074985	37074986	61	11	1.08	2	1	0.04	0	1	0.96	unphased	0.435964360587002	0.435964360587002	1
17	37826286	37826287	41	4	1.08	2	1	0.04	0	1	0.96	unphased	0.253651991614256	0.253651991614256	1
17	39596687	39596688	74	13	1.08	2	1	0.04	0	1	0.96	unphased	0.426397744523964	0.426397744523964	1
17	39776802	39776803	40	4	1.08	2	1	0.04	0	1	0.96	unphased	0.259416809605489	0.259416809605489	1
17	39884469	39884470	40	6	1.08	2	1	0.04	0	1	0.96	unphased	0.372206726825267	0.372206726825267	1
17	42807348	42807349	44	5	1.08	2	1	0.04	0	1	0.96	unphased	0.291182133230651	0.291182133230651	1
17	43044869	43044870	52	7	1.08	2	1	0.04	0	1	0.96	unphased	0.338560921010553	0.338560921010553	1
17	43343938	43343939	91	14	1.08	2	1	0.04	0	1	0.96	unphased	0.380477987421384	0.380477987421384	1
17	43907905	43907906	84	6	1.08	2	1	0.04	0	1	0.96	unphased	0.190238993710692	0.190238993710692	1
17	53798375	53798376	102	8	1.08	2	1	0.04	0	1	0.96	unphased	0.207533447684391	0.207533447684391	1
17	56536134	56536135	65	11	1.08	2	1	0.04	0	1	0.96	unphased	0.413018867924528	0.413018867924528	1
17	57721769	57721770	60	9	1.08	2	1	0.04	0	1	0.96	unphased	0.372206726825267	0.372206726825267	1
17	57725761	57725762	94	17	1.08	2	1	0.04	0	1	0.96	unphased	0.43703552609213	0.43703552609213	1
17	58343442	58343443	64	14	1.08	2	1	0.04	0	1	0.96	unphased	0.51218190614417	0.51218190614417	1
17	59560341	59560342	18	13	1.08	2	1	0.04	0	1	0.96	unphased	1.19666463785758	1.19666463785758	1
17	60802295	60802296	128	19	1.08	2	1	0.04	0	1	0.96	unphased	0.368830702092158	0.368830702092158	1
17	61492919	61492920	26	7	1.08	2	1	0.04	0	1	0.96	unphased	0.605305889079474	0.605305889079474	1
17	61901456	61901457	155	6	1.08	2	1	0.04	0	1	0.96	unphased	0.106344779092933	0.106344779092933	1
17	61995821	61995822	87	25	1.08	2	1	0.04	0	1	0.96	unphased	0.636960916442048	0.636960916442048	1
17	62574680	62574681	27	8	1.08	2	1	0.04	0	1	0.96	unphased	0.652247978436658	0.652247978436658	1
17	63221361	63221362	84	20	1.08	2	1	0.04	0	1	0.96	unphased	0.548766328011611	0.548766328011611	1
17	65871754	65871755	42	13	1.08	2	1	0.04	0	1	0.96	unphased	0.674483704974271	0.674483704974271	1
17	66267674	66267675	95	9	1.08	2	1	0.04	0	1	0.96	unphased	0.246944847605225	0.246944847605225	1
17	67082828	67082829	53	6	1.08	2	1	0.04	0	1	0.96	unphased	0.290195075151903	0.290195075151903	1
17	68171775	68171776	71	7	1.08	2	1	0.04	0	1	0.96	unphased	0.256090953072085	0.256090953072085	1
17	71282357	71282358	49	13	1.08	2	1	0.04	0	1	0.96	unphased	0.598332318928789	0.598332318928789	1
17	72588261	72588262	92	15	1.08	2	1	0.04	0	1	0.96	unphased	0.400035267148651	0.400035267148651	1
17	72588588	72588589	83	20	1.08	2	1	0.04	0	1	0.96	unphased	0.554094156438908	0.554094156438908	1
17	73228075	73228076	22	3	1.08	2	1	0.04	0	1	0.96	unphased	0.342430188679245	0.342430188679245	1
17	73657774	73657775	64	4	1.08	2	1	0.04	0	1	0.96	unphased	0.167857935627081	0.167857935627081	1
17	73887173	73887174	40	4	1.08	2	1	0.04	0	1	0.96	unphased	0.259416809605489	0.259416809605489	1
17	74003979	74003980	32	4	1.08	2	1	0.04	0	1	0.96	unphased	0.31706498951782	0.31706498951782	1
17	79612331	79612332	31	10	1.08	2	1	0.04	0	1	0.96	unphased	0.695996318453751	0.695996318453751	1
18	3451898	3451899	24	3	2	2	0	1	NA	NA	NA	unphased	0.419287211740042	0.419287211740042	1
18	21106649	21106650	49	6	2	2	0	1	NA	NA	NA	unphased	0.411663807890223	0.411663807890223	1
18	21736784	21736785	53	5	4	4	0	1	NA	NA	NA	unphased	0.49772283669486	0.49772283669486	1
18	22057563	22057564	36	3	4	4	0	1	NA	NA	NA	unphased	0.444121915820029	0.444121915820029	1
18	29340529	29340530	51	28	1	1	0	1	NA	NA	NA	unphased	0.983042751373298	0.983042751373298	1
18	31319229	31319230	12	14	4	4	0	1	NA	NA	NA	unphased	3.1088534107402	1.03628447024673	3
18	33610848	33610849	205	10	7	7	0	1	NA	NA	NA	unphased	0.408073716542343	0.408073716542343	1
18	33736467	33736468	43	231	7	7	0	1	NA	NA	NA	unphased	7.39670844236331	1.05667263462333	7
18	45372172	45372173	20	18	1	1	0	1	NA	NA	NA	unphased	1.31380337636544	1.31380337636544	1
18	48604667	48604668	30	5	1	1	0	1	NA	NA	NA	unphased	0.39622641509434	0.39622641509434	1
18	55342076	55342077	39	3	1	1	0	1	NA	NA	NA	unphased	0.19811320754717	0.19811320754717	1
18	61602087	61602088	26	11	1	1	0	1	NA	NA	NA	unphased	0.824579296277409	0.824579296277409	1
18	67344981	67344982	42	6	1	1	0	1	NA	NA	NA	unphased	0.346698113207547	0.346698113207547	1
19	1987199	1987200	31	4	2.14	2	1	0.14	1	1	0.86	unphased	0.447266846361186	0.447266846361186	1
19	2132508	2132509	89	8	2.14	2	1	0.14	1	1	0.86	unphased	0.322769889126629	0.322769889126629	1
19	3822090	3822091	5	3	2	2	0	1	NA	NA	NA	unphased	1.41509433962264	1.41509433962264	1
19	6222510	6222511	14	6	2	2	0	1	NA	NA	NA	unphased	1.13207547169811	1.13207547169811	1
19	8842179	8842180	77	28	1.08	2	1	0.04	0	1	0.96	unphased	0.760955974842767	0.760955974842767	1
19	9028256	9028257	251	27	1.08	2	1	0.04	0	1	0.96	unphased	0.277146735441835	0.277146735441835	1
19	9062970	9062971	86	20	1.08	2	1	0.04	0	1	0.96	unphased	0.538412246351015	0.538412246351015	1
19	9074653	9074654	44	22	1.08	2	1	0.04	0	1	0.96	unphased	0.951194968553459	0.951194968553459	1
19	9077353	9077354	179	41	1.08	2	1	0.04	0	1	0.96	unphased	0.531804459691252	0.531804459691252	1
19	9085516	9085517	153	34	1.08	2	1	0.04	0	1	0.96	unphased	0.518833619210978	0.518833619210978	1
19	9087192	9087193	151	30	1.08	2	1	0.04	0	1	0.96	unphased	0.472969873866361	0.472969873866361	1
19	9362501	9362502	25	8	1.08	2	1	0.04	0	1	0.96	unphased	0.69177815894797	0.69177815894797	1
19	9646884	9646885	31	5	2	2	0	1	NA	NA	NA	unphased	0.524109014675052	0.524109014675052	1
19	10225287	10225288	21	13	2	2	0	1	NA	NA	NA	unphased	1.44284128745838	1.44284128745838	1
19	10506665	10506666	82	28	2	2	0	1	NA	NA	NA	unphased	0.960548885077187	0.960548885077187	1
19	11473280	11473281	35	6	2	2	0	1	NA	NA	NA	unphased	0.552231937413714	0.552231937413714	1
19	12256519	12256520	83	20	2	2	0	1	NA	NA	NA	unphased	0.732734933137937	0.732734933137937	1
19	12256739	12256740	82	24	2	2	0	1	NA	NA	NA	unphased	0.85439658241367	0.85439658241367	1
19	14492310	14492311	6	7	2	2	0	1	NA	NA	NA	unphased	2.03193033381713	1.01596516690856	2
19	15465642	15465643	17	7	2	2	0	1	NA	NA	NA	unphased	1.10062893081761	1.10062893081761	1
19	15769081	15769082	85	21	NA	NA	NA	NA	NA	NA	NA	unphased	NA	NA	1
19	16612358	16612359	22	14	2.96	2	1	0.98	0	1	0.02	unphased	1.84083857442348	0.939203354297694	1.96
19	17330028	17330029	18	8	2.96	2	1	0.98	0	1	0.02	unphased	1.45648766328012	1.45648766328012	1
19	19162559	19162560	52	10	2.96	2	1	0.98	0	1	0.02	unphased	0.763481436396835	0.763481436396835	1
19	19369630	19369631	8	5	2.96	2	1	0.98	0	1	0.02	unphased	1.82060957910015	1.82060957910015	1
19	19381854	19381855	60	28	2.96	2	1	0.98	0	1	0.02	unphased	1.50614065180103	0.76843910806175	1.96
19	19748725	19748726	28	5	2.96	2	1	0.98	0	1	0.02	unphased	0.717209834190966	0.717209834190966	1
19	20044840	20044841	67	9	2.96	2	1	0.98	0	1	0.02	unphased	0.560556107249255	0.571996027805362	0.98
19	21588563	21588564	71	17	2.96	2	1	0.98	0	1	0.02	unphased	0.914442538593482	0.914442538593482	1
19	30935668	30935669	49	15	1	2	1	0	0	1	1	unphased	0.650058962264151	0.650058962264151	1
19	31039042	31039043	70	20	1	2	1	0	0	1	1	unphased	0.616352201257862	0.616352201257862	1
19	33486946	33486947	53	12	1	2	1	0	0	1	1	unphased	0.512046444121916	0.512046444121916	1
19	34949784	34949785	99	18	2	2	0	1	NA	NA	NA	unphased	0.58055152394775	0.58055152394775	1
19	35451184	35451185	30	4	2	2	0	1	NA	NA	NA	unphased	0.443951165371809	0.443951165371809	1
19	36233695	36233696	47	8	2	2	0	1	NA	NA	NA	unphased	0.548885077186964	0.548885077186964	1
19	36342574	36342575	8	3	2	2	0	1	NA	NA	NA	unphased	1.02915951972556	1.02915951972556	1
19	37644494	37644495	103	25	2	2	0	1	NA	NA	NA	unphased	0.737028301886792	0.737028301886792	1
19	38905616	38905617	11	3	2.1	2	1	0.1	1	1	0.9	unphased	0.830053908355795	0.830053908355795	1
19	40487097	40487098	43	13	2.1	2	1	0.1	1	1	0.9	unphased	0.899225067385445	0.899225067385445	1
19	40895595	40895596	102	7	2.1	2	1	0.1	1	1	0.9	unphased	0.248762333391033	0.248762333391033	1
19	41211352	41211353	45	12	2.1	2	1	0.1	1	1	0.9	unphased	0.815491559086395	0.815491559086395	1
19	41355873	41355874	51	11	2.1	2	1	0.1	1	1	0.9	unphased	0.687248934875228	0.687248934875228	1
19	42558010	42558011	28	4	2.1	2	1	0.1	1	1	0.9	unphased	0.484198113207547	0.484198113207547	1
19	42584387	42584388	119	30	2.1	2	1	0.1	1	1	0.9	unphased	0.779916423958465	0.779916423958465	1
19	42827783	42827784	30	8	2.1	2	1	0.1	1	1	0.9	unphased	0.815491559086395	0.815491559086395	1
19	43763164	43763165	260	60	2.1	2	1	0.1	1	1	0.9	unphased	0.726297169811321	0.726297169811321	1
19	44515276	44515277	109	35	2.1	2	1	0.1	1	1	0.9	unphased	0.941496331236897	0.941496331236897	1
19	44515284	44515285	110	39	2.1	2	1	0.1	1	1	0.9	unphased	1.013891351146	1.013891351146	1
19	45419500	45419501	62	11	2.1	2	1	0.1	1	1	0.9	unphased	0.583690876195399	0.583690876195399	1
19	47424278	47424279	47	5	2	2	0	1	NA	NA	NA	unphased	0.362844702467344	0.362844702467344	1
19	48945586	48945587	65	20	2	2	0	1	NA	NA	NA	unphased	0.887902330743618	0.887902330743618	1
19	48981710	48981711	57	7	2	2	0	1	NA	NA	NA	unphased	0.412735849056604	0.412735849056604	1
19	49843626	49843627	9	4	2	2	0	1	NA	NA	NA	unphased	1.1611030478955	1.1611030478955	1
19	50185190	50185191	22	4	2	2	0	1	NA	NA	NA	unphased	0.58055152394775	0.58055152394775	1
19	52394471	52394472	40	4	2	2	0	1	NA	NA	NA	unphased	0.343053173241852	0.343053173241852	1
19	53384156	53384157	48	11	2	2	0	1	NA	NA	NA	unphased	0.703549728173969	0.703549728173969	1
19	54314393	54314394	50	21	2	2	0	1	NA	NA	NA	unphased	1.11613074674462	1.11613074674462	1
19	54649360	54649361	14	7	2	2	0	1	NA	NA	NA	unphased	1.25786163522013	1.25786163522013	1
19	54802049	54802050	98	32	2	2	0	1	NA	NA	NA	unphased	0.928882438316401	0.928882438316401	1
19	54844800	54844801	26	9	2	2	0	1	NA	NA	NA	unphased	0.970350404312668	0.970350404312668	1
19	55494829	55494830	36	10	2	2	0	1	NA	NA	NA	unphased	0.820344544708778	0.820344544708778	1
19	55656923	55656924	106	43	2	2	0	1	NA	NA	NA	unphased	1.08902114727112	1.08902114727112	1
19	56303747	56303748	43	16	2	2	0	1	NA	NA	NA	unphased	1.02334505916214	1.02334505916214	1
19	57840568	57840569	56	16	2	2	0	1	NA	NA	NA	unphased	0.838574423480084	0.838574423480084	1
19	58187748	58187749	52	17	2	2	0	1	NA	NA	NA	unphased	0.929723817336615	0.929723817336615	1
2	7036000	7036001	48	11	3	2	1	1	NA	NA	NA	unphased	0.88999040614007	0.88999040614007	1
2	9588364	9588365	42	3	3	2	1	1	NA	NA	NA	unphased	0.318238993710692	0.318238993710692	1
2	10584716	10584717	31	7	3	2	1	1	NA	NA	NA	unphased	0.879344587884806	0.879344587884806	1
2	11735466	11735467	42	7	3	2	1	1	NA	NA	NA	unphased	0.681940700808625	0.681940700808625	1
2	11737991	11737992	227	14	3	2	1	1	NA	NA	NA	unphased	0.277303687465748	0.277303687465748	1
2	11924058	11924059	114	14	3	2	1	1	NA	NA	NA	unphased	0.522110849056604	0.522110849056604	1
2	15468399	15468400	159	33	3	2	1	1	NA	NA	NA	unphased	0.820459905660377	0.820459905660377	1
2	21229033	21229034	62	15	3	2	1	1	NA	NA	NA	unphased	0.929919137466307	0.929919137466307	1
2	24413571	24413572	4	5	3	2	1	1	NA	NA	NA	unphased	2.65199161425577	1.32599580712788	2
2	26486253	26486254	69	9	3	2	1	1	NA	NA	NA	unphased	0.550798258345428	0.550798258345428	1
2	27485787	27485788	13	4	3	2	1	1	NA	NA	NA	unphased	1.12319644839068	1.12319644839068	1
2	27501076	27501077	23	13	3	2	1	1	NA	NA	NA	unphased	1.72379454926625	0.861897274633124	2
2	27801983	27801984	62	18	3	2	1	1	NA	NA	NA	unphased	1.07405660377359	1.07405660377359	1
2	29016785	29016786	36	4	3	2	1	1	NA	NA	NA	unphased	0.477358490566038	0.477358490566038	1
2	31600098	31600099	24	13	3	2	1	1	NA	NA	NA	unphased	1.67720550739419	0.838602753697093	2
2	31621553	31621554	82	28	3	2	1	1	NA	NA	NA	unphased	1.21509433962264	1.21509433962264	1
2	38960633	38960634	94	23	3	2	1	1	NA	NA	NA	unphased	0.938397032736655	0.938397032736655	1
2	43793905	43793906	13	3	3	2	1	1	NA	NA	NA	unphased	0.895047169811321	0.895047169811321	1
2	44050062	44050063	10	4	3	2	1	1	NA	NA	NA	unphased	1.36388140161725	1.36388140161725	1
2	48602603	48602604	13	4	3	2	1	1	NA	NA	NA	unphased	1.12319644839068	1.12319644839068	1
2	61705882	61705883	14	4	3	2	1	1	NA	NA	NA	unphased	1.06079664570231	1.06079664570231	1
2	62112168	62112169	43	4	3	2	1	1	NA	NA	NA	unphased	0.406262545162585	0.406262545162585	1
2	68389724	68389725	61	10	3	2	1	1	NA	NA	NA	unphased	0.672335902205687	0.672335902205687	1
2	71191569	71191570	53	11	3	2	1	1	NA	NA	NA	unphased	0.820459905660377	0.820459905660377	1
2	73491082	73491083	6	5	3	2	1	1	NA	NA	NA	unphased	2.16981132075472	2.16981132075472	1
2	74763973	74763974	63	8	3	2	1	1	NA	NA	NA	unphased	0.53786872176455	0.53786872176455	1
2	75100443	75100444	84	7	3	2	1	1	NA	NA	NA	unphased	0.367198838896952	0.367198838896952	1
2	79253126	79253127	15	5	3	2	1	1	NA	NA	NA	unphased	1.19339622641509	1.19339622641509	1
2	80801392	80801393	76	18	3	2	1	1	NA	NA	NA	unphased	0.914090726615817	0.914090726615817	1
2	80808943	80808944	30	3	3	2	1	1	NA	NA	NA	unphased	0.433962264150943	0.433962264150943	1
2	89246831	89246832	61	21	3	2	1	1	NA	NA	NA	unphased	1.22250345144961	1.22250345144961	1
2	99261961	99261962	49	5	3	2	1	1	NA	NA	NA	unphased	0.441998602375961	0.441998602375961	1
2	99726004	99726005	29	5	3	2	1	1	NA	NA	NA	unphased	0.701997780244173	0.701997780244173	1
2	100020218	100020219	59	23	3	2	1	1	NA	NA	NA	unphased	1.33893235158767	1.33893235158767	1
2	103148848	103148849	54	4	3	2	1	1	NA	NA	NA	unphased	0.329212752114509	0.329212752114509	1
2	103414331	103414332	48	15	3	2	1	1	NA	NA	NA	unphased	1.13656783468104	1.13656783468104	1
2	105858857	105858858	30	7	3	2	1	1	NA	NA	NA	unphased	0.903110657827639	0.903110657827639	1
2	108626898	108626899	60	24	3	2	1	1	NA	NA	NA	unphased	1.36388140161725	1.36388140161725	1
2	109432410	109432411	76	7	3	2	1	1	NA	NA	NA	unphased	0.402591498067743	0.402591498067743	1
2	111721233	111721234	82	11	3	2	1	1	NA	NA	NA	unphased	0.564617569486711	0.564617569486711	1
2	116593766	116593767	35	4	3	2	1	1	NA	NA	NA	unphased	0.489598451862603	0.489598451862603	1
2	122513265	122513266	9	7	3	2	1	1	NA	NA	NA	unphased	2.08844339622642	1.04422169811321	2
2	125530592	125530593	58	24	3	2	1	1	NA	NA	NA	unphased	1.3971468016567	0.698573400828348	2
2	131883391	131883392	58	9	3	2	1	1	NA	NA	NA	unphased	0.641227823148409	0.641227823148409	1
2	132508377	132508378	11	4	3	2	1	1	NA	NA	NA	unphased	1.27295597484277	1.27295597484277	1
2	133403779	133403780	41	7	3	2	1	1	NA	NA	NA	unphased	0.696147798742138	0.696147798742138	1
2	137990552	137990553	23	16	3	2	1	1	NA	NA	NA	unphased	1.95839380745041	0.979196903725206	2
2	141201982	141201983	70	21	3	2	1	1	NA	NA	NA	unphased	1.10159651669086	1.10159651669086	1
2	141641440	141641441	55	45	3	2	1	1	NA	NA	NA	unphased	2.14811320754717	1.07405660377359	2
2	141751630	141751631	75	19	3	2	1	1	NA	NA	NA	unphased	0.96487354476114	0.96487354476114	1
2	141812772	141812773	42	11	3	2	1	1	NA	NA	NA	unphased	0.990744037023852	0.990744037023852	1
2	142237971	142237972	43	4	3	2	1	1	NA	NA	NA	unphased	0.406262545162585	0.406262545162585	1
2	155295152	155295153	67	5	3	2	1	1	NA	NA	NA	unphased	0.331498951781971	0.331498951781971	1
2	160901444	160901445	66	16	3	2	1	1	NA	NA	NA	unphased	0.931431201104464	0.931431201104464	1
2	161056553	161056554	69	5	3	2	1	1	NA	NA	NA	unphased	0.322539520652728	0.322539520652728	1
2	163074564	163074565	61	12	3	2	1	1	NA	NA	NA	unphased	0.784698888601706	0.784698888601706	1
2	166187979	166187980	74	8	3	2	1	1	NA	NA	NA	unphased	0.465715600552232	0.465715600552232	1
2	166627099	166627100	46	14	3	2	1	1	NA	NA	NA	unphased	1.11383647798742	1.11383647798742	1
2	166848816	166848817	54	53	3	2	1	1	NA	NA	NA	unphased	2.36448598130841	1.18224299065421	2
2	168096392	168096393	36	26	3	2	1	1	NA	NA	NA	unphased	2.00182592818016	1.00091296409008	2
2	168099217	168099218	76	18	3	2	1	1	NA	NA	NA	unphased	0.914090726615817	0.914090726615817	1
2	169551538	169551539	75	19	3	2	1	1	NA	NA	NA	unphased	0.96487354476114	0.96487354476114	1
2	169792754	169792755	24	12	3	2	1	1	NA	NA	NA	unphased	1.59119496855346	1.59119496855346	1
2	170101222	170101223	79	17	3	2	1	1	NA	NA	NA	unphased	0.845322327044025	0.845322327044025	1
2	172809465	172809466	68	8	3	2	1	1	NA	NA	NA	unphased	0.502482621648461	0.502482621648461	1
2	173352322	173352323	69	12	3	2	1	1	NA	NA	NA	unphased	0.707197763801537	0.707197763801537	1
2	173891409	173891410	52	14	3	2	1	1	NA	NA	NA	unphased	1.0125786163522	1.0125786163522	1
2	176988215	176988216	9	3	3	2	1	1	NA	NA	NA	unphased	1.19339622641509	1.19339622641509	1
2	179402289	179402290	36	8	3	2	1	1	NA	NA	NA	unphased	0.867924528301887	0.867924528301887	1
2	179407395	179407396	170	9	3	2	1	1	NA	NA	NA	unphased	0.240012648887952	0.240012648887952	1
2	179428786	179428787	91	36	3	2	1	1	NA	NA	NA	unphased	1.35314217798247	0.676571088991235	2
2	179457127	179457128	112	19	3	2	1	1	NA	NA	NA	unphased	0.692352009217917	0.692352009217917	1
2	179468718	179468719	205	38	3	2	1	1	NA	NA	NA	unphased	0.746486528457178	0.746486528457178	1
2	179468740	179468741	242	42	3	2	1	1	NA	NA	NA	unphased	0.705952697315971	0.705952697315971	1
2	179593384	179593385	27	7	3	2	1	1	NA	NA	NA	unphased	0.982796892341842	0.982796892341842	1
2	180008388	180008389	104	7	3	2	1	1	NA	NA	NA	unphased	0.301036885942546	0.301036885942546	1
2	182438610	182438611	39	9	3	2	1	1	NA	NA	NA	unphased	0.895047169811321	0.895047169811321	1
2	182850818	182850819	63	19	3	2	1	1	NA	NA	NA	unphased	1.10607455131155	1.10607455131155	1
2	183011764	183011765	46	5	3	2	1	1	NA	NA	NA	unphased	0.467998520162782	0.467998520162782	1
2	183848086	183848087	68	12	3	2	1	1	NA	NA	NA	unphased	0.716037735849057	0.716037735849057	1
2	187627129	187627130	35	21	3	2	1	1	NA	NA	NA	unphased	1.79009433962264	0.895047169811321	2
2	187702269	187702270	46	12	3	2	1	1	NA	NA	NA	unphased	0.987638256343526	0.987638256343526	1
2	190738242	190738243	24	14	3	2	1	1	NA	NA	NA	unphased	1.75868917576961	0.879344587884806	2
2	196661410	196661411	36	5	3	2	1	1	NA	NA	NA	unphased	0.58214450069029	0.58214450069029	1
2	196749431	196749432	56	17	3	2	1	1	NA	NA	NA	unphased	1.11165675885242	1.11165675885242	1
2	198257170	198257171	38	5	3	2	1	1	NA	NA	NA	unphased	0.55506801228609	0.55506801228609	1
2	201437493	201437494	74	11	3	2	1	1	NA	NA	NA	unphased	0.617758046614872	0.617758046614872	1
2	201485501	201485502	46	11	3	2	1	1	NA	NA	NA	unphased	0.921218139688845	0.921218139688845	1
2	201507470	201507471	42	13	3	2	1	1	NA	NA	NA	unphased	1.12830188679245	1.12830188679245	1
2	202626488	202626489	97	18	3	2	1	1	NA	NA	NA	unphased	0.747169811320755	0.747169811320755	1
2	202901108	202901109	24	4	3	2	1	1	NA	NA	NA	unphased	0.681940700808625	0.681940700808625	1
2	207631780	207631781	36	22	3	2	1	1	NA	NA	NA	unphased	1.8106701366298	0.905335068314899	2
2	207804356	207804357	85	12	3	2	1	1	NA	NA	NA	unphased	0.590546586267263	0.590546586267263	1
2	210993810	210993811	78	17	3	2	1	1	NA	NA	NA	unphased	0.854220456802383	0.854220456802383	1
2	211456689	211456690	26	6	3	2	1	1	NA	NA	NA	unphased	0.895047169811321	0.895047169811321	1
2	211457611	211457612	65	13	3	2	1	1	NA	NA	NA	unphased	0.79559748427673	0.79559748427673	1
2	212293189	212293190	83	12	3	2	1	1	NA	NA	NA	unphased	0.602979145978153	0.602979145978153	1
2	219605281	219605282	99	5	3	2	1	1	NA	NA	NA	unphased	0.229499274310595	0.229499274310595	1
2	219691723	219691724	60	23	3	2	1	1	NA	NA	NA	unphased	1.3228006365083	1.3228006365083	1
2	220146674	220146675	23	9	3	2	1	1	NA	NA	NA	unphased	1.34257075471698	1.34257075471698	1
2	220435104	220435105	24	9	3	2	1	1	NA	NA	NA	unphased	1.30188679245283	1.30188679245283	1
2	220505320	220505321	66	4	3	2	1	1	NA	NA	NA	unphased	0.27277628032345	0.27277628032345	1
2	223085039	223085040	48	11	3	2	1	1	NA	NA	NA	unphased	0.88999040614007	0.88999040614007	1
2	228563569	228563570	74	18	3	2	1	1	NA	NA	NA	unphased	0.933962264150944	0.933962264150944	1
2	234545502	234545503	111	17	3	2	1	1	NA	NA	NA	unphased	0.633991745283019	0.633991745283019	1
2	234869467	234869468	66	13	3	2	1	1	NA	NA	NA	unphased	0.785526630045379	0.785526630045379	1
2	234869468	234869469	67	12	3	2	1	1	NA	NA	NA	unphased	0.725101504657273	0.725101504657273	1
2	237103580	237103581	15	5	3	2	1	1	NA	NA	NA	unphased	1.19339622641509	1.19339622641509	1
2	237103581	237103582	15	4	3	2	1	1	NA	NA	NA	unphased	1.00496524329692	1.00496524329692	1
2	237395534	237395535	8	3	3	2	1	1	NA	NA	NA	unphased	1.30188679245283	1.30188679245283	1
2	238249451	238249452	64	9	3	2	1	1	NA	NA	NA	unphased	0.588524166451279	0.588524166451279	1
2	241418854	241418855	17	7	3	2	1	1	NA	NA	NA	unphased	1.39229559748428	1.39229559748428	1
2	241808421	241808422	57	7	3	2	1	1	NA	NA	NA	unphased	0.522110849056604	0.522110849056604	1
2	242128061	242128062	29	8	3	2	1	1	NA	NA	NA	unphased	1.03212646608873	1.03212646608873	1
20	15480435	15480436	26	12	2	2	0	1	NA	NA	NA	unphased	1.19165839126117	1.19165839126117	1
20	23433364	23433365	77	26	3.82	2	2	0.94	0	1	0.0600000000000001	unphased	1.41197288880747	0.751049408940146	1.88
20	30497576	30497577	19	11	2	2	0	1	NA	NA	NA	unphased	1.38364779874214	1.38364779874214	1
20	33875105	33875106	60	4	4	2	2	1	NA	NA	NA	unphased	0.360849056603774	0.360849056603774	1
20	34526966	34526967	31	18	4	2	2	1	NA	NA	NA	unphased	2.12090874085483	1.06045437042742	2
20	34828452	34828453	51	13	4	2	2	1	NA	NA	NA	unphased	1.17275943396226	1.17275943396226	1
20	39795148	39795149	35	6	4	2	2	1	NA	NA	NA	unphased	0.844914864242982	0.844914864242982	1
20	40074363	40074364	33	24	4	2	2	1	NA	NA	NA	unphased	2.43098311817279	1.2154915590864	2
20	42271133	42271134	69	9	4	2	2	1	NA	NA	NA	unphased	0.666182873730043	0.666182873730043	1
20	42341661	42341662	13	8	4	2	2	1	NA	NA	NA	unphased	2.19946091644205	1.09973045822102	2
20	43132457	43132458	86	14	4	2	2	1	NA	NA	NA	unphased	0.808301886792453	0.808301886792453	1
20	47858626	47858627	115	18	4	2	2	1	NA	NA	NA	unphased	0.781387430841254	0.781387430841254	1
20	52831910	52831911	52	5	4	2	2	1	NA	NA	NA	unphased	0.506454816285998	0.506454816285998	1
20	57484420	57484421	74	14	4	2	2	1	NA	NA	NA	unphased	0.91852487135506	0.91852487135506	1
20	60791153	60791154	16	4	4	2	2	1	NA	NA	NA	unphased	1.15471698113208	1.15471698113208	1
20	61458628	61458629	41	11	4	2	2	1	NA	NA	NA	unphased	1.22133526850508	1.22133526850508	1
20	61468524	61468525	146	7	4	2	2	1	NA	NA	NA	unphased	0.264150943396226	0.264150943396226	1
20	61510872	61510873	16	12	4	2	2	1	NA	NA	NA	unphased	2.4743935309973	1.23719676549865	2
21	10942988	10942989	70	5	NA	NA	NA	NA	NA	NA	NA	unphased	NA	NA	1
21	15870867	15870868	45	17	2.6	2	2	0.3	1	1	0.7	unphased	1.19920876445526	1.19920876445526	1
21	27136660	27136661	27	12	2.48	2	2	0.24	1	1	0.76	unphased	1.30879535558781	1.30879535558781	1
21	27141598	27141599	21	8	2.48	2	2	0.24	1	1	0.76	unphased	1.17340273259597	1.17340273259597	1
21	27840880	27840881	48	17	2.48	2	2	0.24	1	1	0.76	unphased	1.11247605224964	1.11247605224964	1
21	30325584	30325585	76	15	3.08	3	2	0.36	1	1	0.64	unphased	0.800041467965996	0.800041467965996	1
21	31964830	31964831	39	15	NA	NA	NA	NA	NA	NA	NA	unphased	NA	NA	1
21	32253379	32253380	59	17	2	2	0	0.27	1	1	0.73	unphased	0.844091360476663	0.844091360476663	1
21	33068518	33068519	102	15	2	2	0	0.27	1	1	0.73	unphased	0.483792936623125	0.662730050168665	0.73
21	34166091	34166092	36	12	2	2	0	0.27	1	1	0.73	unphased	0.943396226415094	0.943396226415094	1
21	43547903	43547904	39	10	2	2	0	1	NA	NA	NA	unphased	0.770119368502118	0.770119368502118	1
21	45523432	45523433	15	4	2	2	0	1	NA	NA	NA	unphased	0.794438927507448	0.794438927507448	1
21	45811242	45811243	52	6	2	2	0	1	NA	NA	NA	unphased	0.390370852309694	0.390370852309694	1
21	45971262	45971263	49	11	2	2	0	1	NA	NA	NA	unphased	0.691823899371069	0.691823899371069	1
21	47360049	47360050	33	5	2	2	0	1	NA	NA	NA	unphased	0.496524329692155	0.496524329692155	1
21	47777011	47777012	32	21	NA	NA	NA	NA	NA	NA	NA	unphased	NA	NA	1
22	17072283	17072284	97	5	NA	NA	NA	NA	NA	NA	NA	unphased	NA	NA	1
22	17447183	17447184	37	4	3	2	1	1	NA	NA	NA	unphased	0.465715600552232	0.465715600552232	1
22	18064153	18064154	80	9	3	2	1	1	NA	NA	NA	unphased	0.482722069111724	0.482722069111724	1
22	19950323	19950324	20	5	3	2	1	1	NA	NA	NA	unphased	0.954716981132076	0.954716981132076	1
22	20079412	20079413	15	11	3	2	1	1	NA	NA	NA	unphased	2.01959361393324	1.00979680696662	2
22	21157562	21157563	68	9	3	2	1	1	NA	NA	NA	unphased	0.557951482479784	0.557951482479784	1
22	21385900	21385901	34	10	3	2	1	1	NA	NA	NA	unphased	1.08490566037736	1.08490566037736	1
22	30771483	30771484	43	10	3	2	1	1	NA	NA	NA	unphased	0.900676397294411	0.900676397294411	1
22	38075702	38075703	61	16	3	2	1	1	NA	NA	NA	unphased	0.991913746630728	0.991913746630728	1
22	38212697	38212698	42	10	3	2	1	1	NA	NA	NA	unphased	0.91799709724238	0.91799709724238	1
22	38503886	38503887	58	13	3	2	1	1	NA	NA	NA	unphased	0.874036672867393	0.874036672867393	1
22	39176982	39176983	40	7	3	2	1	1	NA	NA	NA	unphased	0.710959454034524	0.710959454034524	1
22	41556647	41556648	35	10	3	2	1	1	NA	NA	NA	unphased	1.06079664570231	1.06079664570231	1
22	43533108	43533109	129	9	3	2	1	1	NA	NA	NA	unphased	0.311320754716981	0.311320754716981	1
22	50437718	50437719	31	14	NA	NA	NA	NA	NA	NA	NA	unphased	NA	NA	1
3	1424650	1424651	44	13	NA	NA	NA	NA	NA	NA	NA	unphased	NA	NA	1
3	3084679	3084680	17	3	2	1	1	1	NA	NA	NA	unphased	0.566037735849057	0.566037735849057	1
3	9781261	9781262	64	6	2	1	1	1	NA	NA	NA	unphased	0.323450134770889	0.323450134770889	1
3	10327480	10327481	32	10	2	1	1	1	NA	NA	NA	unphased	0.898472596585804	0.898472596585804	1
3	15621449	15621450	59	25	2	1	1	1	NA	NA	NA	unphased	1.12309074573226	1.12309074573226	1
3	16269081	16269082	13	6	2	1	1	1	NA	NA	NA	unphased	1.19165839126117	1.19165839126117	1
3	18458545	18458546	61	12	2	1	1	1	NA	NA	NA	unphased	0.62031532695787	0.62031532695787	1
3	21792458	21792459	14	4	2	1	1	1	NA	NA	NA	unphased	0.838574423480084	0.838574423480084	1
3	21792459	21792460	14	5	2	1	1	1	NA	NA	NA	unphased	0.99304865938431	0.99304865938431	1
3	24231826	24231827	66	16	2	1	1	1	NA	NA	NA	unphased	0.736309249884952	0.736309249884952	1
3	25668742	25668743	70	24	2	1	1	1	NA	NA	NA	unphased	0.963468486551586	0.963468486551586	1
3	32031829	32031830	43	19	2	1	1	1	NA	NA	NA	unphased	1.15642118076689	1.15642118076689	1
3	38294359	38294360	19	14	2	1	1	1	NA	NA	NA	unphased	1.60091480846198	1.60091480846198	1
3	38835491	38835492	74	21	2	1	1	1	NA	NA	NA	unphased	0.83416087388282	0.83416087388282	1
3	41831194	41831195	57	16	2	1	1	1	NA	NA	NA	unphased	0.827087102610494	0.827087102610494	1
3	42264608	42264609	30	9	2	1	1	1	NA	NA	NA	unphased	0.870827285921626	0.870827285921626	1
3	46063154	46063155	15	7	2	1	1	1	NA	NA	NA	unphased	1.20068610634648	1.20068610634648	1
3	48680235	48680236	26	14	2	1	1	1	NA	NA	NA	unphased	1.32075471698113	1.32075471698113	1
3	48697503	48697504	68	26	2	1	1	1	NA	NA	NA	unphased	1.04375752709755	1.04375752709755	1
3	51733555	51733556	68	5	2	1	1	1	NA	NA	NA	unphased	0.258464719565779	0.258464719565779	1
3	51864634	51864635	39	4	2	1	1	1	NA	NA	NA	unphased	0.351031154014919	0.351031154014919	1
3	52825837	52825838	20	4	2	1	1	1	NA	NA	NA	unphased	0.628930817610063	0.628930817610063	1
3	53218941	53218942	26	5	2	1	1	1	NA	NA	NA	unphased	0.608642726719416	0.608642726719416	1
3	54798281	54798282	81	23	2	1	1	1	NA	NA	NA	unphased	0.834542815674891	0.834542815674891	1
3	64582667	64582668	33	16	2	1	1	1	NA	NA	NA	unphased	1.23219098960339	1.23219098960339	1
3	73433716	73433717	42	10	2	1	1	1	NA	NA	NA	unphased	0.725689404934688	0.725689404934688	1
3	74420346	74420347	16	10	2	1	1	1	NA	NA	NA	unphased	1.45137880986938	1.45137880986938	1
3	112066478	112066479	83	44	2	1	1	0.16	1	1	0.84	unphased	1.30738374684297	1.30738374684297	1
3	112324354	112324355	37	10	2	1	1	0.16	1	1	0.84	unphased	0.802890405459655	0.802890405459655	1
3	118865971	118865972	43	17	2	1	1	0.16	1	1	0.84	unphased	1.06918238993711	1.06918238993711	1
3	121350805	121350806	120	7	2	1	1	0.16	1	1	0.84	unphased	0.207992868815926	0.207992868815926	1
3	124482529	124482530	37	6	2	1	1	0.16	1	1	0.84	unphased	0.526546731022378	0.626841346455212	0.84
3	126751316	126751317	64	5	2	1	1	0.16	1	1	0.84	unphased	0.273448181569593	0.273448181569593	1
3	128623262	128623263	58	21	2	1	1	0.16	1	1	0.84	unphased	1.0031048483401	1.0031048483401	1
3	129134219	129134220	18	12	2	1	1	0.16	1	1	0.84	unphased	1.50943396226415	1.50943396226415	1
3	130409377	130409378	52	4	2	1	1	0.16	1	1	0.84	unphased	0.269541778975741	0.269541778975741	1
3	133363055	133363056	28	7	2	1	1	0.16	1	1	0.84	unphased	0.754716981132076	0.754716981132076	1
3	138724633	138724634	22	4	2	1	1	0.16	1	1	0.84	unphased	0.58055152394775	0.58055152394775	1
3	145912139	145912140	43	13	2	1	1	0.15	1	1	0.85	unphased	0.876010781671159	0.876010781671159	1
3	150460418	150460419	38	13	2	1	1	0.17	1	1	0.83	unphased	0.96189419163892	0.96189419163892	1
3	150659514	150659515	19	8	2	1	1	0.17	1	1	0.83	unphased	1.11809923130678	1.11809923130678	1
3	150659547	150659548	16	5	2	1	1	0.17	1	1	0.83	unphased	0.898472596585804	0.898472596585804	1
3	153202335	153202336	55	20	2	1	1	0.17	1	1	0.83	unphased	1.0062893081761	1.0062893081761	1
3	154832919	154832920	64	14	2	1	1	0.17	1	1	0.83	unphased	0.677310111272375	0.677310111272375	1
3	160474419	160474420	38	3	2	1	1	0.16	1	1	0.84	unphased	0.276115968706857	0.276115968706857	1
3	167750316	167750317	123	35	1.18	2	1	0.09	0	1	0.91	unphased	0.65427513732983	0.65427513732983	1
3	169500334	169500335	87	23	1.18	2	1	0.09	0	1	0.91	unphased	0.617567753001715	0.617567753001715	1
3	169569567	169569568	55	13	1.18	2	1	0.09	0	1	0.91	unphased	0.564655937846837	0.564655937846837	1
3	169664285	169664286	52	13	1.18	2	1	0.09	0	1	0.91	unphased	0.590716981132075	0.590716981132075	1
3	179138685	179138686	30	5	2.21	2	1	0.21	1	1	0.79	unphased	0.569083557951482	0.569083557951482	1
3	180328097	180328098	51	11	2.21	2	1	0.21	1	1	0.79	unphased	0.706765063907486	0.706765063907486	1
3	180693107	180693108	17	3	2.21	2	1	0.21	1	1	0.79	unphased	0.597537735849057	0.597537735849057	1
3	182605386	182605387	72	19	2.21	2	1	0.21	1	1	0.79	unphased	0.831737507775244	0.831737507775244	1
3	183036003	183036004	20	13	2.21	2	1	0.21	1	1	0.79	unphased	1.56929102344197	1.29693473011733	1.21
3	183209769	183209770	77	8	2.21	2	1	0.21	1	1	0.79	unphased	0.3749256381798	0.3749256381798	1
3	187419914	187419915	137	9	2.21	2	1	0.21	1	1	0.79	unphased	0.245563453088653	1.16934977661264	0.21
3	190322123	190322124	39	11	2.21	2	1	0.21	1	1	0.79	unphased	0.876388679245283	0.876388679245283	1
3	195798335	195798336	103	17	2.21	2	1	0.21	1	1	0.79	unphased	0.564341194968553	0.564341194968553	1
4	248096	248097	46	8	NA	NA	NA	NA	NA	NA	NA	unphased	NA	NA	1
4	891921	891922	38	9	NA	NA	NA	NA	NA	NA	NA	unphased	NA	NA	1
4	1955100	1955101	112	8	2	1	1	1	NA	NA	NA	unphased	0.251572327044025	0.251572327044025	1
4	2083369	2083370	25	5	2	1	1	1	NA	NA	NA	unphased	0.628930817610063	0.628930817610063	1
4	4864670	4864671	21	5	2	1	1	1	NA	NA	NA	unphased	0.725689404934688	0.725689404934688	1
4	6303548	6303549	56	11	2	1	1	1	NA	NA	NA	unphased	0.619543790481555	0.619543790481555	1
4	9452125	9452126	40	6	6	6	0	1	NA	NA	NA	unphased	1.01394585726005	1.01394585726005	1
4	13617055	13617056	75	15	2	1	1	1	NA	NA	NA	unphased	0.628930817610063	0.628930817610063	1
4	17824745	17824746	40	6	2	1	1	1	NA	NA	NA	unphased	0.492206726825267	0.492206726825267	1
4	20706395	20706396	48	9	2	1	1	1	NA	NA	NA	unphased	0.595829195630586	0.595829195630586	1
4	37836325	37836326	65	9	2	1	1	1	NA	NA	NA	unphased	0.458949515553289	0.458949515553289	1
4	42509099	42509100	99	6	2	1	1	1	NA	NA	NA	unphased	0.215633423180593	0.215633423180593	1
4	48530279	48530280	29	6	NA	NA	NA	NA	NA	NA	NA	unphased	NA	NA	1
4	55139700	55139701	33	7	3	2	1	1	NA	NA	NA	unphased	0.835377358490566	0.835377358490566	1
4	57244593	57244594	21	19	3	2	1	1	NA	NA	NA	unphased	2.26745283018868	1.13372641509434	2
4	69978227	69978228	64	22	2	1	1	1	NA	NA	NA	unphased	0.965335673541027	0.965335673541027	1
4	69978312	69978313	92	31	2	1	1	1	NA	NA	NA	unphased	0.951066114434729	0.951066114434729	1
4	70152506	70152507	148	31	2	1	1	1	NA	NA	NA	unphased	0.653525877516602	0.653525877516602	1
4	71889416	71889417	29	6	2	1	1	1	NA	NA	NA	unphased	0.646900269541779	0.646900269541779	1
4	72897681	72897682	26	9	2	1	1	1	NA	NA	NA	unphased	0.970350404312668	0.970350404312668	1
4	77276547	77276548	86	29	2	1	1	1	NA	NA	NA	unphased	0.951599671862182	0.951599671862182	1
4	77936158	77936159	52	10	2	1	1	1	NA	NA	NA	unphased	0.608642726719416	0.608642726719416	1
4	82380610	82380611	38	4	2	1	1	1	NA	NA	NA	unphased	0.359389038634322	0.359389038634322	1
4	84358133	84358134	29	4	2	1	1	1	NA	NA	NA	unphased	0.457404230989137	0.457404230989137	1
4	88106787	88106788	45	7	2	1	1	1	NA	NA	NA	unphased	0.507982583454281	0.507982583454281	1
4	90856405	90856406	73	17	2	1	1	1	NA	NA	NA	unphased	0.712788259958071	0.712788259958071	1
4	94344007	94344008	29	11	2	1	1	1	NA	NA	NA	unphased	1.0377358490566	1.0377358490566	1
4	96051153	96051154	44	12	2	1	1	1	NA	NA	NA	unphased	0.808625336927224	0.808625336927224	1
4	103947549	103947550	50	6	2	1	1	1	NA	NA	NA	unphased	0.404312668463612	0.404312668463612	1
4	109677635	109677636	23	6	2	1	1	1	NA	NA	NA	unphased	0.780741704619388	0.780741704619388	1
4	114278692	114278693	122	50	2	1	1	1	NA	NA	NA	unphased	1.09697235629662	1.09697235629662	1
4	114278693	114278694	120	50	2	1	1	1	NA	NA	NA	unphased	1.10987791342952	1.10987791342952	1
4	119234546	119234547	29	11	2	1	1	1	NA	NA	NA	unphased	1.0377358490566	1.0377358490566	1
4	125631201	125631202	35	9	2	1	1	1	NA	NA	NA	unphased	0.771869639794168	0.771869639794168	1
4	126241713	126241714	108	37	2	1	1	1	NA	NA	NA	unphased	0.962914769030579	0.962914769030579	1
4	134071878	134071879	31	3	2	1	1	1	NA	NA	NA	unphased	0.332963374028857	0.332963374028857	1
4	149356881	149356882	42	19	2	1	1	1	NA	NA	NA	unphased	1.17537890504176	1.17537890504176	1
4	151509206	151509207	163	19	2	1	1	1	NA	NA	NA	unphased	0.393945676964545	0.393945676964545	1
4	156835561	156835562	20	7	2	1	1	1	NA	NA	NA	unphased	0.978336827393431	0.978336827393431	1
4	159520481	159520482	33	10	2	1	1	1	NA	NA	NA	unphased	0.877577885037297	0.877577885037297	1
4	164246421	164246422	31	11	2	1	1	1	NA	NA	NA	unphased	0.988319856244385	0.988319856244385	1
4	164415932	164415933	24	8	2	1	1	1	NA	NA	NA	unphased	0.943396226415094	0.943396226415094	1
4	166981330	166981331	40	9	2	1	1	1	NA	NA	NA	unphased	0.693107431651906	0.693107431651906	1
4	170641085	170641086	21	9	2	1	1	1	NA	NA	NA	unphased	1.13207547169811	1.13207547169811	1
4	175897730	175897731	135	7	2	1	1	1	NA	NA	NA	unphased	0.186021791124103	0.186021791124103	1
4	177650750	177650751	26	3	2	1	1	1	NA	NA	NA	unphased	0.390370852309694	0.390370852309694	1
4	178354387	178354388	86	21	2	1	1	1	NA	NA	NA	unphased	0.740610121671663	0.740610121671663	1
4	184626131	184626132	78	7	2	1	1	1	NA	NA	NA	unphased	0.310765815760266	0.310765815760266	1
5	666181	666182	60	8	NA	NA	NA	NA	NA	NA	NA	unphased	NA	NA	1
5	1879635	1879636	24	11	3	2	1	1	NA	NA	NA	unphased	1.50026954177898	1.50026954177898	1
5	10461361	10461362	55	39	3	2	1	1	NA	NA	NA	unphased	1.9805299076676	0.990264953833802	2
5	14749340	14749341	71	5	3	2	1	1	NA	NA	NA	unphased	0.314051638530288	0.314051638530288	1
5	24487722	24487723	77	20	3	2	1	1	NA	NA	NA	unphased	0.984244310445439	0.984244310445439	1
5	24505253	24505254	41	7	3	2	1	1	NA	NA	NA	unphased	0.696147798742138	0.696147798742138	1
5	33561215	33561216	61	10	2	1	1	1	NA	NA	NA	unphased	0.531490831783152	0.531490831783152	1
5	36249756	36249757	48	12	2	1	1	1	NA	NA	NA	unphased	0.754716981132076	0.754716981132076	1
5	37816116	37816117	61	8	2	1	1	1	NA	NA	NA	unphased	0.437517090511348	0.437517090511348	1
5	38950334	38950335	142	46	2	1	1	1	NA	NA	NA	unphased	0.923323966278603	0.923323966278603	1
5	43490814	43490815	29	7	2	1	1	1	NA	NA	NA	unphased	0.733752620545073	0.733752620545073	1
5	45267328	45267329	61	19	2	1	1	1	NA	NA	NA	unphased	0.89622641509434	0.89622641509434	1
5	54563597	54563598	36	8	2	1	1	1	NA	NA	NA	unphased	0.686106346483705	0.686106346483705	1
5	55185897	55185898	34	4	2	1	1	1	NA	NA	NA	unphased	0.397219463753724	0.397219463753724	1
5	56171005	56171006	32	9	2	1	1	1	NA	NA	NA	unphased	0.828347906120571	0.828347906120571	1
5	63256361	63256362	148	33	2	1	1	1	NA	NA	NA	unphased	0.688001667882831	0.688001667882831	1
5	71756479	71756480	78	14	2	1	1	1	NA	NA	NA	unphased	0.574241181296144	0.574241181296144	1
5	75427612	75427613	38	6	2	1	1	1	NA	NA	NA	unphased	0.514579759862779	0.514579759862779	1
5	76326697	76326698	16	6	2	1	1	1	NA	NA	NA	unphased	1.02915951972556	1.02915951972556	1
5	78181600	78181601	80	26	2	1	1	1	NA	NA	NA	unphased	0.92559629761481	0.92559629761481	1
5	80497208	80497209	58	20	2	1	1	1	NA	NA	NA	unphased	0.96758587324625	0.96758587324625	1
5	80521610	80521611	23	11	2	1	1	1	NA	NA	NA	unphased	1.22086570477248	1.22086570477248	1
5	92923831	92923832	36	6	2	1	1	1	NA	NA	NA	unphased	0.539083557951482	0.539083557951482	1
5	112915283	112915284	79	18	2	1	1	1	NA	NA	NA	unphased	0.700252869091616	0.700252869091616	1
5	112915284	112915285	79	18	2	1	1	1	NA	NA	NA	unphased	0.700252869091616	0.700252869091616	1
5	120022248	120022249	22	12	2	1	1	1	NA	NA	NA	unphased	1.33185349611543	1.33185349611543	1
5	121187759	121187760	15	11	2	1	1	1	NA	NA	NA	unphased	1.59651669085631	1.59651669085631	1
5	121188389	121188390	55	16	2	1	1	1	NA	NA	NA	unphased	0.850385330853043	0.850385330853043	1
5	121799350	121799351	6	4	2	1	1	1	NA	NA	NA	unphased	1.50943396226415	1.50943396226415	1
5	130535267	130535268	36	6	2	1	1	1	NA	NA	NA	unphased	0.539083557951482	0.539083557951482	1
5	131923332	131923333	35	8	2	1	1	1	NA	NA	NA	unphased	0.702062308029838	0.702062308029838	1
5	132099496	132099497	106	27	2	1	1	1	NA	NA	NA	unphased	0.766066108667896	0.766066108667896	1
5	134143554	134143555	36	10	2	1	1	1	NA	NA	NA	unphased	0.820344544708778	0.820344544708778	1
5	134164458	134164459	27	9	2	1	1	1	NA	NA	NA	unphased	0.943396226415094	0.943396226415094	1
5	134724750	134724751	36	6	2	1	1	1	NA	NA	NA	unphased	0.539083557951482	0.539083557951482	1
5	135692394	135692395	9	7	2	1	1	1	NA	NA	NA	unphased	1.65094339622642	1.65094339622642	1
5	136324130	136324131	58	16	2	1	1	1	NA	NA	NA	unphased	0.815910249872514	0.815910249872514	1
5	139193932	139193933	23	8	2	1	1	1	NA	NA	NA	unphased	0.973828362751065	0.973828362751065	1
5	140209640	140209641	33	3	2	1	1	1	NA	NA	NA	unphased	0.314465408805031	0.314465408805031	1
5	140530475	140530476	43	14	2	1	1	1	NA	NA	NA	unphased	0.926845415425356	0.926845415425356	1
5	140559311	140559312	122	9	2	1	1	1	NA	NA	NA	unphased	0.259253924816362	0.259253924816362	1
5	140870008	140870009	94	29	2	1	1	1	NA	NA	NA	unphased	0.88970701027765	0.88970701027765	1
5	141993669	141993670	44	9	2	1	1	1	NA	NA	NA	unphased	0.640797436810253	0.640797436810253	1
5	145465022	145465023	16	8	2	1	1	1	NA	NA	NA	unphased	1.25786163522013	1.25786163522013	1
5	148748058	148748059	49	15	2	1	1	1	NA	NA	NA	unphased	0.884433962264151	0.884433962264151	1
5	149361206	149361207	33	6	2	1	1	1	NA	NA	NA	unphased	0.58055152394775	0.58055152394775	1
5	159344041	159344042	47	11	2	1	1	1	NA	NA	NA	unphased	0.715679895901106	0.715679895901106	1
5	161128730	161128731	51	14	2	1	1	1	NA	NA	NA	unphased	0.812772133526851	0.812772133526851	1
5	169145737	169145738	52	7	2	1	1	1	NA	NA	NA	unphased	0.447713463383435	0.447713463383435	1
5	169472839	169472840	49	19	2	1	1	1	NA	NA	NA	unphased	1.05438401775805	1.05438401775805	1
5	169805720	169805721	39	12	2	1	1	1	NA	NA	NA	unphased	0.887902330743618	0.887902330743618	1
5	171765969	171765970	25	12	2	1	1	1	NA	NA	NA	unphased	1.22386537480877	1.22386537480877	1
5	171777412	171777413	42	4	2	1	1	1	NA	NA	NA	unphased	0.328137817883511	0.328137817883511	1
5	174869317	174869318	37	17	2	1	1	1	NA	NA	NA	unphased	1.18798043326345	1.18798043326345	1
5	175717417	175717418	28	7	2	1	1	1	NA	NA	NA	unphased	0.754716981132076	0.754716981132076	1
5	176022714	176022715	30	9	2	1	1	1	NA	NA	NA	unphased	0.870827285921626	0.870827285921626	1
6	576800	576801	45	6	NA	NA	NA	NA	NA	NA	NA	unphased	NA	NA	1
6	3129349	3129350	30	47	3	3	0	1	NA	NA	NA	unphased	2.91374663072776	0.971248876909254	3
6	3225814	3225815	31	4	3	3	0	1	NA	NA	NA	unphased	0.5455525606469	0.5455525606469	1
6	13283760	13283761	47	27	3	3	0	1	NA	NA	NA	unphased	1.74171341152473	0.870856705762366	2
6	16326805	16326806	78	19	2.4	3	1	0.2	1	1	0.8	unphased	0.81750632172729	0.81750632172729	1
6	27792112	27792113	63	7	2.4	3	1	0.2	1	1	0.8	unphased	0.417358490566038	0.417358490566038	1
6	28293831	28293832	135	32	2.4	3	1	0.2	1	1	0.8	unphased	0.799728844198396	0.799728844198396	1
6	28473526	28473527	95	6	2.4	3	1	0.2	1	1	0.8	unphased	0.247935736969923	1.23967868484962	0.2
6	29012594	29012595	82	6	2.4	3	1	0.2	1	1	0.8	unphased	0.284562607204117	1.42281303602058	0.2
6	29795562	29795563	9	11	3	3	0	1	NA	NA	NA	unphased	2.62547169811321	0.875157232704403	3
6	30553955	30553956	35	9	3	3	0	1	NA	NA	NA	unphased	0.976415094339623	0.976415094339623	1
6	31777848	31777849	56	4	3	3	0	1	NA	NA	NA	unphased	0.318238993710692	0.318238993710692	1
6	31939952	31939953	51	22	3	3	0	1	NA	NA	NA	unphased	1.43861462910313	0.719307314551564	2
6	38690787	38690788	23	31	3	3	0	1	NA	NA	NA	unphased	2.74039133473096	0.913463778243652	3
6	39873949	39873950	22	3	3	3	0	1	NA	NA	NA	unphased	0.572830188679245	0.572830188679245	1
6	40400485	40400486	15	26	3	3	0	1	NA	NA	NA	unphased	3.02715140358951	1.00905046786317	3
6	43496604	43496605	17	3	3	3	0	1	NA	NA	NA	unphased	0.716037735849057	0.716037735849057	1
6	46836804	46836805	19	17	1.51	3	1	0.17	1	0	0.83	unphased	1.55058176100629	1.15715056791514	1.34
6	47681569	47681570	56	72	1.51	3	1	0.17	1	0	0.83	unphased	1.84701650943396	0.851159681766803	2.17
6	49696399	49696400	107	5	1.51	3	1	0.17	1	0	0.83	unphased	0.146588611859838	0.862285952116696	0.17
6	49753866	49753867	112	109	1.51	3	1	0.17	1	0	0.83	unphased	1.6195056774524	1.20858632645702	1.34
6	49754422	49754423	82	15	1.51	3	1	0.17	1	0	0.83	unphased	0.507770861700058	0.507770861700058	1
6	52992866	52992867	15	5	2	1	1	1	NA	NA	NA	unphased	0.943396226415094	0.943396226415094	1
6	55113516	55113517	96	32	2	1	1	1	NA	NA	NA	unphased	0.943396226415094	0.943396226415094	1
6	56371298	56371299	13	3	2	1	1	1	NA	NA	NA	unphased	0.707547169811321	0.707547169811321	1
6	56400063	56400064	37	14	2	1	1	1	NA	NA	NA	unphased	1.03588605253422	1.03588605253422	1
6	80910665	80910666	42	5	2	1	1	1	NA	NA	NA	unphased	0.401445202729827	0.401445202729827	1
6	82927844	82927845	9	8	2	1	1	1	NA	NA	NA	unphased	1.77580466148724	1.77580466148724	1
6	84108162	84108163	29	3	2	1	1	1	NA	NA	NA	unphased	0.35377358490566	0.35377358490566	1
6	87970953	87970954	26	3	2	1	1	1	NA	NA	NA	unphased	0.390370852309694	0.390370852309694	1
6	96651161	96651162	59	6	2	1	1	1	NA	NA	NA	unphased	0.34833091436865	0.34833091436865	1
6	101049770	101049771	66	24	2	1	1	1	NA	NA	NA	unphased	1.0062893081761	1.0062893081761	1
6	110533347	110533348	43	15	2	1	1	1	NA	NA	NA	unphased	0.975927130774236	0.975927130774236	1
6	114279862	114279863	68	25	2	1	1	1	NA	NA	NA	unphased	1.01440454453236	1.01440454453236	1
6	127836061	127836062	94	7	2	1	1	1	NA	NA	NA	unphased	0.261535587521016	0.261535587521016	1
6	129835635	129835636	55	4	2	1	1	1	NA	NA	NA	unphased	0.255836264790534	0.255836264790534	1
6	130530744	130530745	8	6	1	1	0	1	NA	NA	NA	unphased	1.18867924528302	1.18867924528302	1
6	142539635	142539636	21	9	2	1	1	1	NA	NA	NA	unphased	1.13207547169811	1.13207547169811	1
6	146870794	146870795	39	7	2	1	1	1	NA	NA	NA	unphased	0.574241181296144	0.574241181296144	1
6	147635024	147635025	43	15	2	1	1	1	NA	NA	NA	unphased	0.975927130774236	0.975927130774236	1
6	148869641	148869642	48	17	2	1	1	1	NA	NA	NA	unphased	0.986937590711176	0.986937590711176	1
6	155465913	155465914	61	12	2	1	1	1	NA	NA	NA	unphased	0.62031532695787	0.62031532695787	1
6	160238158	160238159	31	4	2	1	1	1	NA	NA	NA	unphased	0.431266846361186	0.431266846361186	1
6	160999569	160999570	69	22	2	1	1	1	NA	NA	NA	unphased	0.912295251917893	0.912295251917893	1
6	161519334	161519335	123	29	2	1	1	1	NA	NA	NA	unphased	0.719960278053625	0.719960278053625	1
6	162206909	162206910	17	5	2	1	1	1	NA	NA	NA	unphased	0.857632933104631	0.857632933104631	1
7	769460	769461	42	8	3	3	0	1	NA	NA	NA	unphased	0.76377358490566	0.76377358490566	1
7	2565885	2565886	37	29	3	3	0	1	NA	NA	NA	unphased	2.09748427672956	1.04874213836478	2
7	5265456	5265457	6	6	3	3	0	1	NA	NA	NA	unphased	2.38679245283019	1.19339622641509	2
7	5568948	5568949	85	9	3	3	0	1	NA	NA	NA	unphased	0.457045363307908	0.457045363307908	1
7	5769175	5769176	57	10	3	3	0	1	NA	NA	NA	unphased	0.712475359053788	0.712475359053788	1
7	16744219	16744220	20	6	3	3	0	1	NA	NA	NA	unphased	1.10159651669086	1.10159651669086	1
7	18066924	18066925	70	26	3	3	0	1	NA	NA	NA	unphased	1.29284591194969	1.29284591194969	1
7	19184927	19184928	29	4	3	3	0	1	NA	NA	NA	unphased	0.578616352201258	0.578616352201258	1
7	20420305	20420306	77	12	3	3	0	1	NA	NA	NA	unphased	0.643629425482298	0.643629425482298	1
7	23775245	23775246	96	7	3	3	0	1	NA	NA	NA	unphased	0.324418391646822	0.324418391646822	1
7	23809300	23809301	72	48	3	3	0	1	NA	NA	NA	unphased	1.90943396226415	0.954716981132076	2
7	24727206	24727207	118	33	3	3	0	1	NA	NA	NA	unphased	1.04323378732975	1.04323378732975	1
7	42005961	42005962	22	5	3	3	0	1	NA	NA	NA	unphased	0.883997204751922	0.883997204751922	1
7	44005531	44005532	17	8	3	3	0	1	NA	NA	NA	unphased	1.52754716981132	1.52754716981132	1
7	44579291	44579292	59	9	3	3	0	1	NA	NA	NA	unphased	0.631798002219756	0.631798002219756	1
7	45011816	45011817	60	5	3	3	0	1	NA	NA	NA	unphased	0.367198838896952	0.367198838896952	1
7	45223043	45223044	62	11	3	3	0	1	NA	NA	NA	unphased	0.719307314551564	0.719307314551564	1
7	48080956	48080957	57	7	3	3	0	1	NA	NA	NA	unphased	0.522110849056604	0.522110849056604	1
7	48349666	48349667	97	72	3	3	0	1	NA	NA	NA	unphased	2.0337166461985	1.01685832309925	2
7	57528485	57528486	24	4	2	2	0	1	NA	NA	NA	unphased	0.539083557951482	0.539083557951482	1
7	57529292	57529293	27	5	2	2	0	1	NA	NA	NA	unphased	0.589622641509434	0.589622641509434	1
7	57529293	57529294	28	6	2	2	0	1	NA	NA	NA	unphased	0.665926748057714	0.665926748057714	1
7	72717934	72717935	25	7	3	2	1	1	NA	NA	NA	unphased	1.04422169811321	1.04422169811321	1
7	82585509	82585510	110	27	3	3	0	1	NA	NA	NA	unphased	0.940779506954965	0.940779506954965	1
7	82763647	82763648	14	3	3	3	0	1	NA	NA	NA	unphased	0.842397336293008	0.842397336293008	1
7	87195420	87195421	59	12	3	3	0	1	NA	NA	NA	unphased	0.806803082646824	0.806803082646824	1
7	92020623	92020624	26	8	3	3	0	1	NA	NA	NA	unphased	1.12319644839068	1.12319644839068	1
7	92762905	92762906	83	21	3	3	0	1	NA	NA	NA	unphased	0.963896952104499	0.963896952104499	1
7	93098037	93098038	13	22	3	3	0	1	NA	NA	NA	unphased	3.00053908355795	1.00017969451932	3
7	93108765	93108766	110	20	3	3	0	1	NA	NA	NA	unphased	0.734397677793904	0.734397677793904	1
7	93108803	93108804	98	23	3	3	0	1	NA	NA	NA	unphased	0.9073756432247	0.9073756432247	1
7	97862898	97862899	16	4	3	3	0	1	NA	NA	NA	unphased	0.954716981132076	0.954716981132076	1
7	98543386	98543387	59	14	3	3	0	1	NA	NA	NA	unphased	0.91548203670199	0.91548203670199	1
7	100345263	100345264	27	5	3	3	0	1	NA	NA	NA	unphased	0.745872641509434	0.745872641509434	1
7	101747699	101747700	68	17	3	3	0	1	NA	NA	NA	unphased	0.954716981132076	0.954716981132076	1
7	101755042	101755043	24	4	3	3	0	1	NA	NA	NA	unphased	0.681940700808625	0.681940700808625	1
7	103276721	103276722	25	6	3	3	0	1	NA	NA	NA	unphased	0.923919659160073	0.923919659160073	1
7	105142881	105142882	74	15	3	3	0	1	NA	NA	NA	unphased	0.804536781852873	0.804536781852873	1
7	110762812	110762813	56	14	3	3	0	1	NA	NA	NA	unphased	0.954716981132076	0.954716981132076	1
7	121650419	121650420	66	12	3	3	0	1	NA	NA	NA	unphased	0.734397677793904	0.734397677793904	1
7	122338850	122338851	111	7	3	3	0	1	NA	NA	NA	unphased	0.283178765590022	0.283178765590022	1
7	127721957	127721958	45	12	3	3	0	1	NA	NA	NA	unphased	1.00496524329692	1.00496524329692	1
7	128486100	128486101	21	7	3	3	0	1	NA	NA	NA	unphased	1.19339622641509	1.19339622641509	1
7	129394888	129394889	41	11	3	3	0	1	NA	NA	NA	unphased	1.00979680696662	1.00979680696662	1
7	135286202	135286203	95	31	3	3	0	1	NA	NA	NA	unphased	1.17445342917041	1.17445342917041	1
7	135376327	135376328	35	5	3	3	0	1	NA	NA	NA	unphased	0.596698113207547	0.596698113207547	1
7	138555916	138555917	27	4	3	3	0	1	NA	NA	NA	unphased	0.615946439440049	0.615946439440049	1
7	138603197	138603198	72	5	3	3	0	1	NA	NA	NA	unphased	0.309973045822102	0.309973045822102	1
7	140706246	140706247	64	21	3	3	0	1	NA	NA	NA	unphased	1.17935627081021	1.17935627081021	1
7	142206514	142206515	62	15	3	3	0	1	NA	NA	NA	unphased	0.929919137466307	0.929919137466307	1
7	142250912	142250913	64	6	3	3	0	1	NA	NA	NA	unphased	0.409164420485175	0.409164420485175	1
7	142480048	142480049	76	13	3	3	0	1	NA	NA	NA	unphased	0.697265210939156	0.697265210939156	1
7	142499805	142499806	92	11	3	3	0	1	NA	NA	NA	unphased	0.50980032973072	0.50980032973072	1
7	142724021	142724022	79	15	3	3	0	1	NA	NA	NA	unphased	0.761742272179847	0.761742272179847	1
7	143028328	143028329	70	31	3	3	0	1	NA	NA	NA	unphased	1.46515972351952	0.732579861759761	2
7	143079710	143079711	143	15	3	3	0	1	NA	NA	NA	unphased	0.453188440410795	0.453188440410795	1
7	143792214	143792215	34	13	3	3	0	1	NA	NA	NA	unphased	1.3203532717784	1.3203532717784	1
7	143884171	143884172	32	3	3	3	0	1	NA	NA	NA	unphased	0.409164420485175	0.409164420485175	1
7	147183129	147183130	43	8	3	3	0	1	NA	NA	NA	unphased	0.748797632260451	0.748797632260451	1
7	148311278	148311279	66	23	3	3	0	1	NA	NA	NA	unphased	1.23362306550774	1.23362306550774	1
7	149129387	149129388	143	20	3	3	0	1	NA	NA	NA	unphased	0.585715939344832	0.585715939344832	1
7	149474865	149474866	11	5	3	3	0	1	NA	NA	NA	unphased	1.49174528301887	1.49174528301887	1
7	150325461	150325462	164	40	3	3	0	1	NA	NA	NA	unphased	0.935997040325564	0.935997040325564	1
7	150921104	150921105	37	10	3	3	0	1	NA	NA	NA	unphased	1.01565636290646	1.01565636290646	1
7	156798490	156798491	34	3	3	3	0	1	NA	NA	NA	unphased	0.387047424783274	0.387047424783274	1
7	158552752	158552753	37	13	NA	NA	NA	NA	NA	NA	NA	unphased	NA	NA	1
8	163604	163605	56	14	NA	NA	NA	NA	NA	NA	NA	unphased	NA	NA	1
8	2041799	2041800	52	8	3	2	1	1	NA	NA	NA	unphased	0.636477987421384	0.636477987421384	1
8	2063831	2063832	60	6	3	2	1	1	NA	NA	NA	unphased	0.433962264150943	0.433962264150943	1
8	2857500	2857501	77	29	2	1	1	0.11	1	1	0.89	unphased	1.03239587041652	1.03239587041652	1
8	2967840	2967841	9	5	2	1	1	0.11	1	1	0.89	unphased	1.34770889487871	1.34770889487871	1
8	3046417	3046418	7	3	2	1	1	0.11	1	1	0.89	unphased	1.13207547169811	1.13207547169811	1
8	10470480	10470481	82	6	1.28	2	1	0.14	1	0	0.86	unphased	0.20819897084048	1.48713550600343	0.14
8	10583692	10583693	40	6	1.28	2	1	0.14	1	0	0.86	unphased	0.398293683347006	0.398293683347006	1
8	10756149	10756150	23	6	1.28	2	1	0.14	1	0	0.86	unphased	0.631776187378009	0.631776187378009	1
8	11421474	11421475	14	3	1.28	2	1	0.14	1	0	0.86	unphased	0.538867924528302	0.538867924528302	1
8	12040084	12040085	9	3	NA	NA	NA	NA	NA	NA	NA	unphased	NA	NA	1
8	17823601	17823602	20	3	1	1	0	1	NA	NA	NA	unphased	0.361771944216571	0.361771944216571	1
8	17823621	17823622	18	7	1	1	0	1	NA	NA	NA	unphased	0.776603773584906	0.776603773584906	1
8	21859695	21859696	7	4	1	1	0	1	NA	NA	NA	unphased	1.00857632933105	1.00857632933105	1
8	24776002	24776003	42	4	1	1	0	1	NA	NA	NA	unphased	0.241181296144381	0.241181296144381	1
8	37794832	37794833	6	5	1	1	0	1	NA	NA	NA	unphased	1.26072041166381	1.26072041166381	1
8	51617224	51617225	32	22	2	2	0	1	NA	NA	NA	unphased	1.53738644304682	0.76869322152341	2
8	52359576	52359577	88	24	2	2	0	1	NA	NA	NA	unphased	0.808625336927224	0.808625336927224	1
8	54742087	54742088	39	4	4	2	2	1	NA	NA	NA	unphased	0.537077665642826	0.537077665642826	1
8	56715023	56715024	50	4	4	2	2	1	NA	NA	NA	unphased	0.427672955974843	0.427672955974843	1
8	62212684	62212685	47	4	4	2	2	1	NA	NA	NA	unphased	0.452830188679245	0.452830188679245	1
8	63492147	63492148	63	31	4	2	2	1	NA	NA	NA	unphased	1.90405459654757	0.952027298273786	2
8	68062150	68062151	88	34	2	2	0	1	NA	NA	NA	unphased	1.0516548097742	1.0516548097742	1
8	72756271	72756272	11	3	2.28	2	2	0.14	1	1	0.86	unphased	0.868625336927224	0.868625336927224	1
8	73480525	73480526	100	10	2.28	2	2	0.14	1	1	0.86	unphased	0.368507718696398	0.368507718696398	1
8	76470885	76470886	199	27	2.28	2	2	0.14	1	1	0.86	unphased	0.484277842711638	0.484277842711638	1
8	77617019	77617020	39	12	2.28	2	2	0.14	1	1	0.86	unphased	0.953784683684795	0.953784683684795	1
8	77765789	77765790	110	18	2.28	2	2	0.14	1	1	0.86	unphased	0.570035377358491	0.570035377358491	1
8	77766838	77766839	71	16	2.28	2	2	0.14	1	1	0.86	unphased	0.745486879201908	0.745486879201908	1
8	77768302	77768303	87	10	2.28	2	2	0.14	1	1	0.86	unphased	0.417895351099008	0.417895351099008	1
8	77775751	77775752	138	16	2.28	2	2	0.14	1	1	0.86	unphased	0.421151678510169	0.421151678510169	1
8	87076614	87076615	50	14	3	3	0	1	NA	NA	NA	unphased	1.04422169811321	1.04422169811321	1
8	90965678	90965679	44	49	2	2	0	1	NA	NA	NA	unphased	1.98823290728342	0.994116453641712	2
8	90976658	90976659	75	22	2	2	0	1	NA	NA	NA	unphased	0.855864617778642	0.855864617778642	1
8	94793931	94793932	25	8	2	2	0	1	NA	NA	NA	unphased	0.914808461978273	0.914808461978273	1
8	100712138	100712139	29	11	3	3	0	1	NA	NA	NA	unphased	1.3127358490566	1.3127358490566	1
8	100844717	100844718	19	7	3	3	0	1	NA	NA	NA	unphased	1.28519593613933	1.28519593613933	1
8	100844811	100844812	44	10	3	3	0	1	NA	NA	NA	unphased	0.883997204751922	0.883997204751922	1
8	103273472	103273473	75	14	3	3	0	1	NA	NA	NA	unphased	0.750900996396014	0.750900996396014	1
8	106456592	106456593	8	5	3	3	0	1	NA	NA	NA	unphased	1.83599419448476	1.83599419448476	1
8	106813863	106813864	110	28	3	3	0	1	NA	NA	NA	unphased	0.968553459119497	0.968553459119497	1
8	109241347	109241348	62	13	3	3	0	1	NA	NA	NA	unphased	0.827421383647799	0.827421383647799	1
8	113299372	113299373	39	52	3	3	0	1	NA	NA	NA	unphased	2.7277628032345	0.909254267744834	3
8	113301758	113301759	20	7	3	3	0	1	NA	NA	NA	unphased	1.23759608665269	1.23759608665269	1
8	113304919	113304920	45	18	3	3	0	1	NA	NA	NA	unphased	1.36388140161725	1.36388140161725	1
8	113418911	113418912	42	42	3	3	0	1	NA	NA	NA	unphased	2.38679245283019	1.19339622641509	2
8	113657344	113657345	31	7	3	3	0	1	NA	NA	NA	unphased	0.879344587884806	0.879344587884806	1
8	113678553	113678554	18	5	3	3	0	1	NA	NA	NA	unphased	1.0377358490566	1.0377358490566	1
8	116631828	116631829	82	5	4	4	0	1	NA	NA	NA	unphased	0.33181522446324	0.33181522446324	1
8	124250157	124250158	58	12	5	5	0	1	NA	NA	NA	unphased	1.16118598382749	1.16118598382749	1
8	124266207	124266208	125	18	5	5	0	1	NA	NA	NA	unphased	0.852619079034174	0.852619079034174	1
8	133192473	133192474	42	22	3	3	0	1	NA	NA	NA	unphased	1.64091981132075	0.820459905660377	2
8	139620213	139620214	41	6	3	3	0	1	NA	NA	NA	unphased	0.609393817743878	0.609393817743878	1
8	144995923	144995924	41	6	3	3	0	1	NA	NA	NA	unphased	0.609393817743878	0.609393817743878	1
9	968123	968124	15	7	2	2	0	1	NA	NA	NA	unphased	1.20068610634648	1.20068610634648	1
9	990346	990347	37	41	2	2	0	1	NA	NA	NA	unphased	1.98355104015481	0.991775520077407	2
9	8517920	8517921	66	17	2	2	0	1	NA	NA	NA	unphased	0.772902932484656	0.772902932484656	1
9	20912902	20912903	16	18	3	2	1	1	NA	NA	NA	unphased	2.52719200887902	1.26359600443951	2
9	32542018	32542019	118	12	3	2	1	1	NA	NA	NA	unphased	0.440638606676343	0.440638606676343	1
9	35044945	35044946	126	21	3	2	1	1	NA	NA	NA	unphased	0.681940700808625	0.681940700808625	1
9	35682148	35682149	27	14	3	2	1	1	NA	NA	NA	unphased	1.63000460193281	0.815002300966406	2
9	43626695	43626696	136	48	NA	NA	NA	NA	NA	NA	NA	unphased	NA	NA	1
9	69112981	69112982	58	5	NA	NA	NA	NA	NA	NA	NA	unphased	NA	NA	1
9	77397756	77397757	30	5	2	2	0	1	NA	NA	NA	unphased	0.539083557951482	0.539083557951482	1
9	78771961	78771962	61	17	2	2	0	1	NA	NA	NA	unphased	0.822447992259313	0.822447992259313	1
9	78842446	78842447	17	3	2	2	0	1	NA	NA	NA	unphased	0.566037735849057	0.566037735849057	1
9	79898508	79898509	28	8	2	2	0	1	NA	NA	NA	unphased	0.838574423480084	0.838574423480084	1
9	79930203	79930204	71	15	2	2	0	1	NA	NA	NA	unphased	0.658183413777973	0.658183413777973	1
9	86474139	86474140	81	7	2	2	0	1	NA	NA	NA	unphased	0.300171526586621	0.300171526586621	1
9	86920182	86920183	39	5	2	2	0	1	NA	NA	NA	unphased	0.428816466552316	0.428816466552316	1
9	86920183	86920184	40	5	2	2	0	1	NA	NA	NA	unphased	0.419287211740042	0.419287211740042	1
9	91262456	91262457	48	8	2	2	0	1	NA	NA	NA	unphased	0.539083557951482	0.539083557951482	1
9	91266873	91266874	10	3	2	2	0	1	NA	NA	NA	unphased	0.870827285921626	0.870827285921626	1
9	98684620	98684621	17	4	2	2	0	1	NA	NA	NA	unphased	0.718778077268643	0.718778077268643	1
9	104314666	104314667	139	44	2	2	0	1	NA	NA	NA	unphased	0.907310031962058	0.907310031962058	1
9	114538245	114538246	24	5	2	2	0	1	NA	NA	NA	unphased	0.650618087182824	0.650618087182824	1
9	115956434	115956435	20	3	2	2	0	1	NA	NA	NA	unphased	0.492206726825267	0.492206726825267	1
9	123580063	123580064	12	8	2	2	0	1	NA	NA	NA	unphased	1.50943396226415	1.50943396226415	1
9	125617599	125617600	34	8	2	2	0	1	NA	NA	NA	unphased	0.718778077268643	0.718778077268643	1
9	132396448	132396449	75	10	1.08	2	1	0.04	0	1	0.96	unphased	0.335715871254162	0.335715871254162	1
9	133760408	133760409	15	7	1.08	2	1	0.04	0	1	0.96	unphased	0.907958833619211	0.907958833619211	1
9	135187143	135187144	23	3	1.08	2	1	0.04	0	1	0.96	unphased	0.329259796806967	0.329259796806967	1
9	135864569	135864570	33	7	1.08	2	1	0.04	0	1	0.96	unphased	0.499377358490566	0.499377358490566	1
9	136412195	136412196	187	37	1.08	2	1	0.04	0	1	0.96	unphased	0.471351078167116	0.471351078167116	1
9	138657024	138657025	75	15	1.08	2	1	0.04	0	1	0.96	unphased	0.47559748427673	0.47559748427673	1
9	139395127	139395128	123	23	1.08	2	1	0.04	0	1	0.96	unphased	0.449537348151977	0.449537348151977	1
9	140057043	140057044	15	3	1.08	2	1	0.04	0	1	0.96	unphased	0.47559748427673	0.47559748427673	1
9	140458993	140458994	73	10	1.08	2	1	0.04	0	1	0.96	unphased	0.343805410320527	0.343805410320527	1
9	140693354	140693355	52	8	1.08	2	1	0.04	0	1	0.96	unphased	0.380477987421384	0.380477987421384	1
9	140919613	140919614	6	4	1.08	2	1	0.04	0	1	0.96	unphased	1.14143396226415	1.14143396226415	1
X	2773171	2773172	19	14	NA	NA	NA	NA	NA	NA	NA	unphased	NA	NA	1
X	16168616	16168617	53	5	NA	NA	NA	NA	NA	NA	NA	unphased	NA	NA	1
X	29417280	29417281	20	14	NA	NA	NA	NA	NA	NA	NA	unphased	NA	NA	1
X	34961568	34961569	21	12	NA	NA	NA	NA	NA	NA	NA	unphased	NA	NA	1
X	35820878	35820879	15	15	NA	NA	NA	NA	NA	NA	NA	unphased	NA	NA	1
X	38664361	38664362	6	3	NA	NA	NA	NA	NA	NA	NA	unphased	NA	NA	1
X	47272597	47272598	13	8	NA	NA	NA	NA	NA	NA	NA	unphased	NA	NA	1
X	73061239	73061240	16	8	NA	NA	NA	NA	NA	NA	NA	unphased	NA	NA	1
X	77286967	77286968	63	12	NA	NA	NA	NA	NA	NA	NA	unphased	NA	NA	1
X	79984376	79984377	21	13	NA	NA	NA	NA	NA	NA	NA	unphased	NA	NA	1
X	84526119	84526120	11	12	NA	NA	NA	NA	NA	NA	NA	unphased	NA	NA	1
X	84526405	84526406	33	4	NA	NA	NA	NA	NA	NA	NA	unphased	NA	NA	1
X	89177479	89177480	20	14	NA	NA	NA	NA	NA	NA	NA	unphased	NA	NA	1
X	99661861	99661862	12	8	NA	NA	NA	NA	NA	NA	NA	unphased	NA	NA	1
X	106033442	106033443	51	7	NA	NA	NA	NA	NA	NA	NA	unphased	NA	NA	1
X	107412727	107412728	12	11	NA	NA	NA	NA	NA	NA	NA	unphased	NA	NA	1
X	120009216	120009217	7	6	NA	NA	NA	NA	NA	NA	NA	unphased	NA	NA	1
X	130215564	130215565	8	15	NA	NA	NA	NA	NA	NA	NA	unphased	NA	NA	1
X	134991032	134991033	26	66	NA	NA	NA	NA	NA	NA	NA	unphased	NA	NA	1
X	137821449	137821450	7	17	NA	NA	NA	NA	NA	NA	NA	unphased	NA	NA	1
X	138642966	138642967	21	46	NA	NA	NA	NA	NA	NA	NA	unphased	NA	NA	1
X	142717406	142717407	99	25	NA	NA	NA	NA	NA	NA	NA	unphased	NA	NA	1
X	142717509	142717510	38	68	NA	NA	NA	NA	NA	NA	NA	unphased	NA	NA	1
X	147084796	147084797	76	5	NA	NA	NA	NA	NA	NA	NA	unphased	NA	NA	1
X	147743754	147743755	86	44	NA	NA	NA	NA	NA	NA	NA	unphased	NA	NA	1
X	147891397	147891398	43	6	NA	NA	NA	NA	NA	NA	NA	unphased	NA	NA	1
X	148069035	148069036	44	20	NA	NA	NA	NA	NA	NA	NA	unphased	NA	NA	1
X	152818578	152818579	31	10	NA	NA	NA	NA	NA	NA	NA	unphased	NA	NA	1
X	152826252	152826253	39	4	NA	NA	NA	NA	NA	NA	NA	unphased	NA	NA	1
X	153134137	153134138	39	3	NA	NA	NA	NA	NA	NA	NA	unphased	NA	NA	1
