chr	pos	ref	alt	gene	classification	t_ref_count	t_alt_count	total_depth	vaf	local_cn	major_cn	minor_cn	mcn	multiplicity	ccf	ccf_capped	is_clonal	purity	ploidy
1	1309396	C	A	AURKAIP1	Missense_Mutation	45	10	55	0.18181818181818182	2	1	1	0.8457	1	0.8457	0.8457	False	0.43	1.84
1	2290075	G	A	MORN1	Silent	55	5	60	0.08333333333333333	2	1	1	0.3876	1	0.3876	0.3876	False	0.43	1.84
1	2537726	G	A	MMEL1	Silent	38	4	42	0.09523809523809523	2	1	1	0.443	1	0.443	0.443	False	0.43	1.84
1	7897194	A	G	PER3	Silent	62	7	69	0.10144927536231885	2	1	1	0.4719	1	0.4719	0.4719	False	0.43	1.84
1	9995582	T	A	LZIC	Missense_Mutation	124	6	130	0.046153846153846156	2	1	1	0.2147	1	0.2147	0.2147	False	0.43	1.84
1	11167514	A	C	MTOR	3'UTR	59	5	64	0.078125	2	1	1	0.3634	1	0.3634	0.3634	False	0.43	1.84
1	11594561	T	C	PTCHD2	Missense_Mutation	18	8	26	0.3076923076923077	2	1	1	1.4311	1	1.4311	1.0	True	0.43	1.84
1	12885034	C	T	PRAMEF11	Silent	274	45	319	0.14106583072100312	2	1	1	0.6561	1	0.6561	0.6561	False	0.43	1.84
1	15767038	G	T	CTRC	Missense_Mutation	23	3	26	0.11538461538461539	2	1	1	0.5367	1	0.5367	0.5367	False	0.43	1.84
1	16719895	G	A	SZRD1	Missense_Mutation	40	5	45	0.1111111111111111	2	1	1	0.5168	1	0.5168	0.5168	False	0.43	1.84
1	17402183	G	C	PADI2	Silent	59	9	68	0.1323529411764706	2	1	1	0.6156	1	0.6156	0.6156	False	0.43	1.84
1	19525148	G	A	UBR4	Missense_Mutation	58	8	66	0.12121212121212122	2	1	1	0.5638	1	0.5638	0.5638	False	0.43	1.84
1	24078896	G	T	TCEB3	Splice_Site	11	5	16	0.3125	2	1	1	1.4535	1	1.4535	1.0	True	0.43	1.84
1	39797176	A	C	MACF1	Intron	74	5	79	0.06329113924050633	2	1	1	0.2944	1	0.2944	0.2944	False	0.43	1.84
1	40235491	T	A	OXCT2	Missense_Mutation	36	4	40	0.1	2	1	1	0.4651	1	0.4651	0.4651	False	0.43	1.84
1	44071094	G	T	PTPRF	Silent	40	4	44	0.09090909090909091	2	1	1	0.4228	1	0.4228	0.4228	False	0.43	1.84
1	44159712	T	C	KDM4A	Missense_Mutation	31	5	36	0.1388888888888889	2	1	1	0.646	1	0.646	0.646	False	0.43	1.84
1	44365346	T	A	ST3GAL3	Missense_Mutation	39	8	47	0.1702127659574468	2	1	1	0.7917	1	0.7917	0.7917	False	0.43	1.84
1	48698041	C	A	SLC5A9	Silent	22	7	29	0.2413793103448276	2	1	1	1.1227	1	1.1227	1.0	True	0.43	1.84
1	49202065	G	T	BEND5	Silent	100	17	117	0.1452991452991453	2	1	1	0.6758	1	0.6758	0.6758	False	0.43	1.84
1	53678994	C	T	CPT2	Silent	85	9	94	0.09574468085106383	2	1	1	0.4453	1	0.4453	0.4453	False	0.43	1.84
1	53995476	G	T	GLIS1	Silent	53	7	60	0.11666666666666667	2	1	1	0.5426	1	0.5426	0.5426	False	0.43	1.84
1	54606873	T	C	CDCP2	Missense_Mutation	30	11	41	0.2682926829268293	2	1	1	1.2479	1	1.2479	1.0	True	0.43	1.84
1	60463291	C	A	C1orf87	Silent	43	17	60	0.2833333333333333	2	1	1	1.3178	1	1.3178	1.0	True	0.43	1.84
1	63018502	A	C	DOCK7	Silent	55	16	71	0.22535211267605634	2	1	1	1.0481	1	1.0481	1.0	True	0.43	1.84
1	66081726	G	C	LEPR	Missense_Mutation	71	18	89	0.20224719101123595	2	1	1	0.9407	1	0.9407	0.9407	True	0.43	1.84
1	68564484	A	C	WLS	Intron	30	3	33	0.09090909090909091	2	1	1	0.4228	1	0.4228	0.4228	False	0.43	1.84
1	75188871	T	A	CRYZ	Missense_Mutation	72	10	82	0.12195121951219512	3	1	1	0.6892	1	0.6892	0.6892	False	0.43	1.84
1	77763282	A	G	AK5	Missense_Mutation	71	6	77	0.07792207792207792	3	1	1	0.4404	1	0.4404	0.4404	False	0.43	1.84
1	79470829	C	T	ELTD1	Missense_Mutation	50	6	56	0.10714285714285714	3	1	1	0.6055	1	0.6055	0.6055	False	0.43	1.84
1	79470831	T	A	ELTD1	Missense_Mutation	50	5	55	0.09090909090909091	3	1	1	0.5137	1	0.5137	0.5137	False	0.43	1.84
1	79470833	T	G	ELTD1	Missense_Mutation	49	4	53	0.07547169811320754	3	1	1	0.4265	1	0.4265	0.4265	False	0.43	1.84
1	84408254	T	C	TTLL7	Silent	53	13	66	0.19696969696969696	3	1	1	1.1131	1	1.1131	1.0	True	0.43	1.84
1	89273014	G	A	PKN2	Missense_Mutation	104	7	111	0.06306306306306306	3	1	1	0.3564	1	0.3564	0.3564	False	0.43	1.84
1	89426937	C	T	CCBL2	Missense_Mutation	99	8	107	0.07476635514018691	3	1	1	0.4225	1	0.4225	0.4225	False	0.43	1.84
1	90050199	G	T	LRRC8B	Missense_Mutation	88	20	108	0.18518518518518517	3	1	1	1.0465	1	1.0465	1.0	True	0.43	1.84
1	94946116	T	A	ABCD3	Missense_Mutation	62	14	76	0.18421052631578946	3	1	1	1.041	1	1.041	1.0	True	0.43	1.84
1	97216998	A	G	PTBP2	Silent	109	18	127	0.14173228346456693	3	1	1	0.801	1	0.801	0.801	False	0.43	1.84
1	100155098	G	A	PALMD	Missense_Mutation	45	4	49	0.08163265306122448	3	1	1	0.4613	1	0.4613	0.4613	False	0.43	1.84
1	100623877	G	A	LRRC39	Silent	122	10	132	0.07575757575757576	3	1	1	0.4281	1	0.4281	0.4281	False	0.43	1.84
1	103480144	A	T	COL11A1	Missense_Mutation	25	11	36	0.3055555555555556	3	1	1	1.7267	1	1.7267	1.0	True	0.43	1.84
1	110032583	G	A	ATXN7L2	Missense_Mutation	138	10	148	0.06756756756756757	2	1	1	0.3143	1	0.3143	0.3143	False	0.43	1.84
1	110255747	A	C	GSTM5	Missense_Mutation	83	7	90	0.07777777777777778	2	1	1	0.3618	1	0.3618	0.3618	False	0.43	1.84
1	113460478	A	C	SLC16A1	Missense_Mutation	57	8	65	0.12307692307692308	2	1	1	0.5725	1	0.5725	0.5725	False	0.43	1.84
1	115428747	G	A	SYCP1	Missense_Mutation	49	4	53	0.07547169811320754	2	1	1	0.351	1	0.351	0.351	False	0.43	1.84
1	116663653	A	T	MAB21L3	Missense_Mutation	126	45	171	0.2631578947368421	2	1	1	1.224	1	1.224	1.0	True	0.43	1.84
1	142713966	C	G	RP11-417J8.6	RNA	11	3	14	0.21428571428571427	2	1	1	0.9967	1	0.9967	0.9967	True	0.43	1.84
1	144921971	A	C	PDE4DIP	Missense_Mutation	328	12	340	0.03529411764705882	2	1	1	0.1642	1	0.1642	0.1642	False	0.43	1.84
1	145492322	A	C	LIX1L	Missense_Mutation	73	5	78	0.0641025641025641	2	1	1	0.2982	1	0.2982	0.2982	False	0.43	1.84
1	150054930	A	G	VPS45	Missense_Mutation	25	14	39	0.358974358974359	2	1	1	1.6696	1	1.6696	1.0	True	0.43	1.84
1	151026786	A	C	CDC42SE1	Silent	180	7	187	0.0374331550802139	2	1	1	0.1741	1	0.1741	0.1741	False	0.43	1.84
1	152059681	T	A	TCHHL1	Silent	79	20	99	0.20202020202020202	2	1	1	0.9396	1	0.9396	0.9396	True	0.43	1.84
1	152280508	T	C	FLG	Missense_Mutation	420	13	433	0.03002309468822171	2	1	1	0.1396	1	0.1396	0.1396	False	0.43	1.84
1	152286150	T	G	FLG	Missense_Mutation	361	38	399	0.09523809523809523	2	1	1	0.443	1	0.443	0.443	False	0.43	1.84
1	152856996	A	G	SMCP	Missense_Mutation	67	9	76	0.11842105263157894	2	1	1	0.5508	1	0.5508	0.5508	False	0.43	1.84
1	153903250	C	A	DENND4B	Missense_Mutation	7	6	13	0.46153846153846156	2	1	1	2.1467	1	2.1467	1.0	True	0.43	1.84
1	153973454	C	T	NUP210L	Missense_Mutation	85	30	115	0.2608695652173913	2	1	1	1.2133	1	1.2133	1.0	True	0.43	1.84
1	154562726	C	A	ADAR	Silent	49	10	59	0.1694915254237288	2	1	1	0.7883	1	0.7883	0.7883	False	0.43	1.84
1	155106491	C	T	EFNA1	Missense_Mutation	29	5	34	0.14705882352941177	2	1	1	0.684	1	0.684	0.684	False	0.43	1.84
1	155448625	A	C	ASH1L	Missense_Mutation	73	6	79	0.0759493670886076	2	1	1	0.3533	1	0.3533	0.3533	False	0.43	1.84
1	155451481	T	G	ASH1L	Missense_Mutation	138	8	146	0.0547945205479452	2	1	1	0.2549	1	0.2549	0.2549	False	0.43	1.84
1	156386561	C	T	C1orf61	Missense_Mutation	126	7	133	0.05263157894736842	2	1	1	0.2448	1	0.2448	0.2448	False	0.43	1.84
1	156640920	T	G	NES	Missense_Mutation	181	28	209	0.1339712918660287	2	1	1	0.6231	1	0.6231	0.6231	False	0.43	1.84
1	156812982	C	A	INSRR	Silent	26	6	32	0.1875	2	1	1	0.8721	1	0.8721	0.8721	True	0.43	1.84
1	157767709	C	T	FCRL1	Missense_Mutation	52	5	57	0.08771929824561403	2	1	1	0.408	1	0.408	0.408	False	0.43	1.84
1	158605771	C	A	SPTA1	Missense_Mutation	103	32	135	0.23703703703703705	2	1	1	1.1025	1	1.1025	1.0	True	0.43	1.84
1	158912107	G	A	PYHIN1	Missense_Mutation	45	5	50	0.1	2	1	1	0.4651	1	0.4651	0.4651	False	0.43	1.84
1	159897219	G	A	IGSF9	Silent	51	9	60	0.15	2	1	1	0.6977	1	0.6977	0.6977	False	0.43	1.84
1	160268782	C	T	COPA	Splice_Site	54	20	74	0.2702702702702703	2	1	1	1.2571	1	1.2571	1.0	True	0.43	1.84
1	161953810	C	T	OLFML2B	Silent	49	8	57	0.14035087719298245	2	1	1	0.6528	1	0.6528	0.6528	False	0.43	1.84
1	162313624	G	T	NOS1AP	Splice_Site	84	12	96	0.125	2	1	1	0.5814	1	0.5814	0.5814	False	0.43	1.84
1	162381857	C	G	SH2D1B	5'UTR	40	16	56	0.2857142857142857	2	1	1	1.3289	1	1.3289	1.0	True	0.43	1.84
1	166818763	G	A	POGK	Missense_Mutation	65	8	73	0.1095890410958904	2	1	1	0.5097	1	0.5097	0.5097	False	0.43	1.84
1	167097759	G	A	DUSP27	Missense_Mutation	28	4	32	0.125	2	1	1	0.5814	1	0.5814	0.5814	False	0.43	1.84
1	167517325	C	G	CREG1	Missense_Mutation	44	13	57	0.22807017543859648	2	1	1	1.0608	1	1.0608	1.0	True	0.43	1.84
1	168160665	A	C	TIPRL	Missense_Mutation	91	7	98	0.07142857142857142	2	1	1	0.3322	1	0.3322	0.3322	False	0.43	1.84
1	174652725	A	T	RABGAP1L	Missense_Mutation	69	23	92	0.25	2	1	1	1.1628	1	1.1628	1.0	True	0.43	1.84
1	175049465	G	A	TNN	Silent	34	6	40	0.15	2	1	1	0.6977	1	0.6977	0.6977	False	0.43	1.84
1	175334330	T	G	TNR	Silent	37	5	42	0.11904761904761904	2	1	1	0.5537	1	0.5537	0.5537	False	0.43	1.84
1	176838083	C	G	ASTN1	Missense_Mutation	66	14	80	0.175	2	1	1	0.814	1	0.814	0.814	False	0.43	1.84
1	182636007	T	G	RGS8	Missense_Mutation	48	8	56	0.14285714285714285	2	1	1	0.6645	1	0.6645	0.6645	False	0.43	1.84
1	183085919	T	G	LAMC1	Missense_Mutation	74	12	86	0.13953488372093023	2	1	1	0.649	1	0.649	0.649	False	0.43	1.84
1	183253112	T	G	NMNAT2	Intron	31	7	38	0.18421052631578946	2	1	1	0.8568	1	0.8568	0.8568	True	0.43	1.84
1	183556104	G	T	NCF2	Silent	63	15	78	0.19230769230769232	2	1	1	0.8945	1	0.8945	0.8945	True	0.43	1.84
1	183816735	C	T	RGL1	Silent	160	10	170	0.058823529411764705	2	1	1	0.2736	1	0.2736	0.2736	False	0.43	1.84
1	192545000	G	A	RGS1	Silent	56	7	63	0.1111111111111111	3	1	1	0.6279	1	0.6279	0.6279	False	0.43	1.84
1	193091309	G	A	CDC73	5'UTR	32	3	35	0.08571428571428572	3	1	1	0.4844	1	0.4844	0.4844	False	0.43	1.84
1	196367775	C	A	KCNT2	Missense_Mutation	23	7	30	0.23333333333333334	3	1	1	1.3186	1	1.3186	1.0	True	0.43	1.84
1	197071978	T	C	ASPM	Missense_Mutation	117	9	126	0.07142857142857142	2	1	1	0.3322	1	0.3322	0.3322	False	0.43	1.84
1	197128925	G	A	ZBTB41	Missense_Mutation	114	31	145	0.21379310344827587	2	1	1	0.9944	1	0.9944	0.9944	True	0.43	1.84
1	198713265	C	T	PTPRC	Missense_Mutation	44	6	50	0.12	2	1	1	0.5581	1	0.5581	0.5581	False	0.43	1.84
1	201009823	C	A	CACNA1S	Missense_Mutation	38	9	47	0.19148936170212766	2	1	1	0.8906	1	0.8906	0.8906	True	0.43	1.84
1	201355773	G	A	LAD1	Missense_Mutation	178	29	207	0.14009661835748793	2	1	1	0.6516	1	0.6516	0.6516	False	0.43	1.84
1	201489424	T	A	RPS10P7	RNA	16	3	19	0.15789473684210525	2	1	1	0.7344	1	0.7344	0.7344	False	0.43	1.84
1	205116726	T	G	DSTYK	Missense_Mutation	138	18	156	0.11538461538461539	2	1	1	0.5367	1	0.5367	0.5367	False	0.43	1.84
1	206240160	A	G	C1orf186	Missense_Mutation	63	7	70	0.1	2	1	1	0.4651	1	0.4651	0.4651	False	0.43	1.84
1	212560292	T	G	TMEM206	Missense_Mutation	128	10	138	0.07246376811594203	2	1	1	0.337	1	0.337	0.337	False	0.43	1.84
1	213414661	A	T	RPS6KC1	Silent	61	4	65	0.06153846153846154	2	1	1	0.2862	1	0.2862	0.2862	False	0.43	1.84
1	214788230	T	C	CENPF	Missense_Mutation	72	5	77	0.06493506493506493	2	1	1	0.302	1	0.302	0.302	False	0.43	1.84
1	216369959	C	G	USH2A	Missense_Mutation	55	6	61	0.09836065573770492	2	1	1	0.4575	1	0.4575	0.4575	False	0.43	1.84
1	216369963	C	A	USH2A	Missense_Mutation	56	7	63	0.1111111111111111	2	1	1	0.5168	1	0.5168	0.5168	False	0.43	1.84
1	220311263	C	T	IARS2	Nonsense_Mutation	81	13	94	0.13829787234042554	2	1	1	0.6432	1	0.6432	0.6432	False	0.43	1.84
1	220805542	G	A	MARK1	Splice_Site	130	11	141	0.07801418439716312	2	1	1	0.3629	1	0.3629	0.3629	False	0.43	1.84
1	222716987	A	C	HHIPL2	Missense_Mutation	187	18	205	0.08780487804878048	3	1	1	0.4962	1	0.4962	0.4962	False	0.43	1.84
1	222717029	A	G	HHIPL2	Missense_Mutation	119	11	130	0.08461538461538462	3	1	1	0.4782	1	0.4782	0.4782	False	0.43	1.84
1	225155148	G	A	DNAH14	Missense_Mutation	61	8	69	0.11594202898550725	3	1	1	0.6552	1	0.6552	0.6552	False	0.43	1.84
1	225155203	C	T	DNAH14	Missense_Mutation	98	5	103	0.04854368932038835	3	1	1	0.2743	1	0.2743	0.2743	False	0.43	1.84
1	227216485	G	A	CDC42BPA	Silent	75	9	84	0.10714285714285714	2	1	1	0.4983	1	0.4983	0.4983	False	0.43	1.84
1	229730601	C	T	TAF5L	Missense_Mutation	105	15	120	0.125	2	1	1	0.5814	1	0.5814	0.5814	False	0.43	1.84
1	231830410	C	T	DISC1	Silent	73	8	81	0.09876543209876543	2	1	1	0.4594	1	0.4594	0.4594	False	0.43	1.84
1	233514811	G	A	MLK4	Missense_Mutation	64	8	72	0.1111111111111111	2	1	1	0.5168	1	0.5168	0.5168	False	0.43	1.84
1	236914945	G	A	ACTN2	Nonsense_Mutation	34	8	42	0.19047619047619047	2	1	1	0.8859	1	0.8859	0.8859	True	0.43	1.84
1	237969514	T	A	RYR2	Silent	28	5	33	0.15151515151515152	2	1	1	0.7047	1	0.7047	0.7047	False	0.43	1.84
1	243289793	G	C	CEP170	Missense_Mutation	11	4	15	0.26666666666666666	2	1	1	1.2403	1	1.2403	1.0	True	0.43	1.84
1	245849653	A	T	KIF26B	Missense_Mutation	113	16	129	0.12403100775193798	2	1	1	0.5769	1	0.5769	0.5769	False	0.43	1.84
1	248202225	G	T	OR2L2	Missense_Mutation	115	28	143	0.1958041958041958	2	1	1	0.9107	1	0.9107	0.9107	True	0.43	1.84
1	248224067	C	A	OR2L3	Silent	158	44	202	0.21782178217821782	2	1	1	1.0131	1	1.0131	1.0	True	0.43	1.84
1	248551633	T	C	OR2T6	Missense_Mutation	50	21	71	0.29577464788732394	2	1	1	1.3757	1	1.3757	1.0	True	0.43	1.84
1	249212000	A	T	PGBD2	Missense_Mutation	38	11	49	0.22448979591836735	2	1	1	1.0441	1	1.0441	1.0	True	0.43	1.84
2	24262225	T	C	C2orf44	Missense_Mutation	62	8	70	0.11428571428571428	2	1	1	0.5316	1	0.5316	0.5316	False	0.43	1.84
2	26505876	T	G	HADHB	Missense_Mutation	65	4	69	0.057971014492753624	2	1	1	0.2696	1	0.2696	0.2696	False	0.43	1.84
2	27729724	A	C	GCKR	Silent	133	17	150	0.11333333333333333	2	1	1	0.5271	1	0.5271	0.5271	False	0.43	1.84
2	29022063	A	C	PPP1CB	Splice_Site	57	4	61	0.06557377049180328	2	1	1	0.305	1	0.305	0.305	False	0.43	1.84
2	32264553	G	A	DPY30	5'UTR	22	3	25	0.12	2	1	1	0.5581	1	0.5581	0.5581	False	0.43	1.84
2	32474765	G	T	NLRC4	Missense_Mutation	104	26	130	0.2	2	1	1	0.9302	1	0.9302	0.9302	True	0.43	1.84
2	37008881	T	C	VIT	Missense_Mutation	60	7	67	0.1044776119402985	2	1	1	0.4859	1	0.4859	0.4859	False	0.43	1.84
2	37450439	A	C	CEBPZ	Silent	64	7	71	0.09859154929577464	2	1	1	0.4586	1	0.4586	0.4586	False	0.43	1.84
2	42991160	A	T	OXER1	Missense_Mutation	27	5	32	0.15625	2	1	1	0.7267	1	0.7267	0.7267	False	0.43	1.84
2	48027197	A	C	MSH6	Missense_Mutation	168	7	175	0.04	2	1	1	0.186	1	0.186	0.186	False	0.43	1.84
2	49191095	G	A	FSHR	Missense_Mutation	104	6	110	0.05454545454545454	2	1	1	0.2537	1	0.2537	0.2537	False	0.43	1.84
2	55254549	A	G	RTN4	Missense_Mutation	56	4	60	0.06666666666666667	2	1	1	0.3101	1	0.3101	0.3101	False	0.43	1.84
2	55808761	T	G	SMEK2	Missense_Mutation	67	5	72	0.06944444444444445	2	1	1	0.323	1	0.323	0.323	False	0.43	1.84
2	65480991	T	C	ACTR2	Missense_Mutation	57	4	61	0.06557377049180328	2	1	1	0.305	1	0.305	0.305	False	0.43	1.84
2	72406519	A	C	EXOC6B	Missense_Mutation	52	15	67	0.22388059701492538	2	1	1	1.0413	1	1.0413	1.0	True	0.43	1.84
2	72968477	T	C	EXOC6B	Missense_Mutation	122	28	150	0.18666666666666668	2	1	1	0.8682	1	0.8682	0.8682	True	0.43	1.84
2	74042597	C	A	C2orf78	Missense_Mutation	34	9	43	0.20930232558139536	2	1	1	0.9735	1	0.9735	0.9735	True	0.43	1.84
2	79313949	C	A	REG1B	Missense_Mutation	71	20	91	0.21978021978021978	2	1	1	1.0222	1	1.0222	1.0	True	0.43	1.84
2	80773128	C	A	CTNNA2	Silent	21	4	25	0.16	2	1	1	0.7442	1	0.7442	0.7442	False	0.43	1.84
2	80874940	G	A	CTNNA2	Silent	105	11	116	0.09482758620689655	2	1	1	0.4411	1	0.4411	0.4411	False	0.43	1.84
2	95815160	G	A	ZNF514	Missense_Mutation	54	5	59	0.0847457627118644	2	1	1	0.3942	1	0.3942	0.3942	False	0.43	1.84
2	95818511	A	C	ZNF514	Missense_Mutation	75	8	83	0.0963855421686747	2	1	1	0.4483	1	0.4483	0.4483	False	0.43	1.84
2	96967333	C	G	SNRNP200	Missense_Mutation	211	9	220	0.04090909090909091	2	1	1	0.1903	1	0.1903	0.1903	False	0.43	1.84
2	96971175	T	C	SNRNP200	Translation_Start_Site	35	7	42	0.16666666666666666	2	1	1	0.7752	1	0.7752	0.7752	False	0.43	1.84
2	102958725	C	A	IL1RL1	Missense_Mutation	52	11	63	0.1746031746031746	2	1	1	0.8121	1	0.8121	0.8121	False	0.43	1.84
2	103068525	A	T	IL18RAP	Nonsense_Mutation	139	7	146	0.04794520547945205	2	1	1	0.223	1	0.223	0.223	False	0.43	1.84
2	108488197	C	T	RGPD4	Missense_Mutation	310	77	387	0.19896640826873385	2	1	1	0.9254	1	0.9254	0.9254	True	0.43	1.84
2	113940257	T	C	PSD4	Missense_Mutation	24	3	27	0.1111111111111111	2	1	1	0.5168	1	0.5168	0.5168	False	0.43	1.84
2	120194927	T	G	TMEM37	Missense_Mutation	197	9	206	0.043689320388349516	2	1	1	0.2032	1	0.2032	0.2032	False	0.43	1.84
2	125262065	G	T	CNTNAP5	Missense_Mutation	54	14	68	0.20588235294117646	2	1	1	0.9576	1	0.9576	0.9576	True	0.43	1.84
2	125671838	C	A	CNTNAP5	Missense_Mutation	30	6	36	0.16666666666666666	2	1	1	0.7752	1	0.7752	0.7752	False	0.43	1.84
2	128253632	A	C	IWS1	Missense_Mutation	181	9	190	0.04736842105263158	2	1	1	0.2203	1	0.2203	0.2203	False	0.43	1.84
2	130738392	A	T	RAB6C	Missense_Mutation	85	9	94	0.09574468085106383	2	1	1	0.4453	1	0.4453	0.4453	False	0.43	1.84
2	139428973	G	T	NXPH2	Missense_Mutation	29	11	40	0.275	2	1	1	1.2791	1	1.2791	1.0	True	0.43	1.84
2	141072662	G	T	LRP1B	Nonsense_Mutation	45	6	51	0.11764705882352941	2	1	1	0.5472	1	0.5472	0.5472	False	0.43	1.84
2	141294279	C	A	LRP1B	Splice_Site	23	4	27	0.14814814814814814	2	1	1	0.6891	1	0.6891	0.6891	False	0.43	1.84
2	145147511	C	A	ZEB2	Missense_Mutation	36	8	44	0.18181818181818182	2	1	1	0.8457	1	0.8457	0.8457	False	0.43	1.84
2	145156054	A	T	ZEB2	Silent	122	6	128	0.046875	2	1	1	0.218	1	0.218	0.218	False	0.43	1.84
2	163360954	T	A	KCNH7	Missense_Mutation	72	6	78	0.07692307692307693	2	1	1	0.3578	1	0.3578	0.3578	False	0.43	1.84
2	166854661	C	A	SCN1A	Nonsense_Mutation	49	4	53	0.07547169811320754	2	1	1	0.351	1	0.351	0.351	False	0.43	1.84
2	166854680	T	G	SCN1A	Missense_Mutation	48	4	52	0.07692307692307693	2	1	1	0.3578	1	0.3578	0.3578	False	0.43	1.84
2	168106390	C	A	XIRP2	Silent	54	8	62	0.12903225806451613	2	1	1	0.6002	1	0.6002	0.6002	False	0.43	1.84
2	170367043	T	G	KLHL41	Missense_Mutation	65	7	72	0.09722222222222222	2	1	1	0.4522	1	0.4522	0.4522	False	0.43	1.84
2	179394990	G	A	TTN	Missense_Mutation	54	12	66	0.18181818181818182	2	1	1	0.8457	1	0.8457	0.8457	False	0.43	1.84
2	179429788	G	A	TTN	Missense_Mutation	137	7	144	0.04861111111111111	2	1	1	0.2261	1	0.2261	0.2261	False	0.43	1.84
2	179612030	C	A	TTN	Intron	55	21	76	0.27631578947368424	2	1	1	1.2852	1	1.2852	1.0	True	0.43	1.84
2	179640192	A	G	TTN	Silent	32	8	40	0.2	2	1	1	0.9302	1	0.9302	0.9302	True	0.43	1.84
2	189898777	C	T	COL5A2	3'UTR	46	5	51	0.09803921568627451	2	1	1	0.456	1	0.456	0.456	False	0.43	1.84
2	189929354	C	A	COL5A2	Missense_Mutation	24	6	30	0.2	2	1	1	0.9302	1	0.9302	0.9302	True	0.43	1.84
2	191819501	T	G	GLS	Missense_Mutation	62	5	67	0.07462686567164178	2	1	1	0.3471	1	0.3471	0.3471	False	0.43	1.84
2	197711916	C	A	PGAP1	Missense_Mutation	34	8	42	0.19047619047619047	2	1	1	0.8859	1	0.8859	0.8859	True	0.43	1.84
2	198281600	T	G	SF3B1	Missense_Mutation	165	8	173	0.046242774566473986	2	1	1	0.2151	1	0.2151	0.2151	False	0.43	1.84
2	203630185	G	A	FAM117B	Missense_Mutation	139	7	146	0.04794520547945205	2	1	1	0.223	1	0.223	0.223	False	0.43	1.84
2	206659603	A	G	NRP2	Missense_Mutation	66	6	72	0.08333333333333333	2	1	1	0.3876	1	0.3876	0.3876	False	0.43	1.84
2	207988914	G	A	KLF7	Missense_Mutation	24	3	27	0.1111111111111111	2	1	1	0.5168	1	0.5168	0.5168	False	0.43	1.84
2	208795833	T	A	PLEKHM3	Missense_Mutation	35	11	46	0.2391304347826087	2	1	1	1.1122	1	1.1122	1.0	True	0.43	1.84
2	208811092	T	G	PLEKHM3	Missense_Mutation	82	6	88	0.06818181818181818	2	1	1	0.3171	1	0.3171	0.3171	False	0.43	1.84
2	210569255	A	G	MAP2	Intron	105	31	136	0.22794117647058823	2	1	1	1.0602	1	1.0602	1.0	True	0.43	1.84
2	217543598	G	T	IGFBP5	Missense_Mutation	18	6	24	0.25	2	1	1	1.1628	1	1.1628	1.0	True	0.43	1.84
2	220414076	G	T	TMEM198	Silent	17	5	22	0.22727272727272727	2	1	1	1.0571	1	1.0571	1.0	True	0.43	1.84
2	228563732	G	T	SLC19A3	Silent	38	7	45	0.15555555555555556	2	1	1	0.7235	1	0.7235	0.7235	False	0.43	1.84
2	228881551	G	A	SPHKAP	Missense_Mutation	63	5	68	0.07352941176470588	2	1	1	0.342	1	0.342	0.342	False	0.43	1.84
2	230450650	A	T	DNER	Missense_Mutation	34	5	39	0.1282051282051282	2	1	1	0.5963	1	0.5963	0.5963	False	0.43	1.84
2	233103269	G	A	DIS3L2	Missense_Mutation	41	7	48	0.14583333333333334	2	1	1	0.6783	1	0.6783	0.6783	False	0.43	1.84
2	233322005	T	A	ALPI	Silent	88	32	120	0.26666666666666666	2	1	1	1.2403	1	1.2403	1.0	True	0.43	1.84
2	234628144	T	G	UGT1A4	Silent	185	10	195	0.05128205128205128	2	1	1	0.2385	1	0.2385	0.2385	False	0.43	1.84
2	237029042	A	T	AGAP1	Missense_Mutation	59	19	78	0.24358974358974358	2	1	1	1.133	1	1.133	1.0	True	0.43	1.84
3	367665	A	G	CHL1	Missense_Mutation	32	6	38	0.15789473684210525	2	1	1	0.7344	1	0.7344	0.7344	False	0.43	1.84
3	4808223	T	G	ITPR1	Missense_Mutation	47	4	51	0.0784313725490196	2	1	1	0.3648	1	0.3648	0.3648	False	0.43	1.84
3	13377024	T	C	NUP210	Missense_Mutation	39	3	42	0.07142857142857142	2	1	1	0.3322	1	0.3322	0.3322	False	0.43	1.84
3	15643476	A	T	BTD	Intron	5	4	9	0.4444444444444444	2	1	1	2.0672	1	2.0672	1.0	True	0.43	1.84
3	15677126	A	T	BTD	Missense_Mutation	73	8	81	0.09876543209876543	2	1	1	0.4594	1	0.4594	0.4594	False	0.43	1.84
3	19491636	A	G	KCNH8	Missense_Mutation	38	6	44	0.13636363636363635	2	1	1	0.6342	1	0.6342	0.6342	False	0.43	1.84
3	32571053	T	G	DYNC1LI1	Missense_Mutation	21	4	25	0.16	2	1	1	0.7442	1	0.7442	0.7442	False	0.43	1.84
3	38307362	T	G	SLC22A13	Missense_Mutation	44	5	49	0.10204081632653061	2	1	1	0.4746	1	0.4746	0.4746	False	0.43	1.84
3	38941548	A	C	SCN11A	Missense_Mutation	36	4	40	0.1	2	1	1	0.4651	1	0.4651	0.4651	False	0.43	1.84
3	41942292	G	T	ULK4	Missense_Mutation	95	26	121	0.21487603305785125	2	1	1	0.9994	1	0.9994	0.9994	True	0.43	1.84
3	44761731	C	T	ZNF502	5'UTR	34	3	37	0.08108108108108109	2	1	1	0.3771	1	0.3771	0.3771	False	0.43	1.84
3	46307350	A	C	CCR3	Missense_Mutation	56	8	64	0.125	2	1	1	0.5814	1	0.5814	0.5814	False	0.43	1.84
3	47144880	G	A	SETD2	Missense_Mutation	75	14	89	0.15730337078651685	2	1	1	0.7316	1	0.7316	0.7316	False	0.43	1.84
3	48616631	T	G	COL7A1	Missense_Mutation	30	3	33	0.09090909090909091	2	1	1	0.4228	1	0.4228	0.4228	False	0.43	1.84
3	49692679	A	C	BSN	Missense_Mutation	58	5	63	0.07936507936507936	2	1	1	0.3691	1	0.3691	0.3691	False	0.43	1.84
3	49885625	T	A	TRAIP	Missense_Mutation	19	9	28	0.32142857142857145	2	1	1	1.495	1	1.495	1.0	True	0.43	1.84
3	51392383	A	C	DOCK3	Missense_Mutation	74	8	82	0.0975609756097561	2	1	1	0.4538	1	0.4538	0.4538	False	0.43	1.84
3	51978469	G	A	PARP3	Missense_Mutation	88	6	94	0.06382978723404255	2	1	1	0.2969	1	0.2969	0.2969	False	0.43	1.84
3	52386689	A	G	DNAH1	Missense_Mutation	11	4	15	0.26666666666666666	2	1	1	1.2403	1	1.2403	1.0	True	0.43	1.84
3	52544058	G	T	STAB1	Missense_Mutation	46	12	58	0.20689655172413793	2	1	1	0.9623	1	0.9623	0.9623	True	0.43	1.84
3	58271098	G	T	ABHD6	Missense_Mutation	43	4	47	0.0851063829787234	2	1	1	0.3958	1	0.3958	0.3958	False	0.43	1.84
3	58383406	G	T	PXK	Silent	157	22	179	0.12290502793296089	2	1	1	0.5717	1	0.5717	0.5717	False	0.43	1.84
3	58629415	C	T	FAM3D	Missense_Mutation	65	8	73	0.1095890410958904	2	1	1	0.5097	1	0.5097	0.5097	False	0.43	1.84
3	64640126	C	T	ADAMTS9	Missense_Mutation	104	10	114	0.08771929824561403	2	1	1	0.408	1	0.408	0.408	False	0.43	1.84
3	65416472	C	A	MAGI1	Missense_Mutation	50	6	56	0.10714285714285714	2	1	1	0.4983	1	0.4983	0.4983	False	0.43	1.84
3	93629474	C	A	PROS1	Missense_Mutation	19	3	22	0.13636363636363635	2	1	1	0.6342	1	0.6342	0.6342	False	0.43	1.84
3	100058674	C	T	NIT2	Missense_Mutation	53	4	57	0.07017543859649122	2	1	1	0.3264	1	0.3264	0.3264	False	0.43	1.84
3	101298839	T	G	PCNP	Silent	56	4	60	0.06666666666666667	2	1	1	0.3101	1	0.3101	0.3101	False	0.43	1.84
3	101572529	G	T	NFKBIZ	Missense_Mutation	49	11	60	0.18333333333333332	2	1	1	0.8527	1	0.8527	0.8527	True	0.43	1.84
3	102196330	C	A	ZPLD1	Missense_Mutation	180	53	233	0.22746781115879827	2	1	1	1.058	1	1.058	1.0	True	0.43	1.84
3	109049530	C	A	DPPA4	Missense_Mutation	54	7	61	0.11475409836065574	2	1	1	0.5337	1	0.5337	0.5337	False	0.43	1.84
3	109049532	A	C	DPPA4	Missense_Mutation	54	7	61	0.11475409836065574	2	1	1	0.5337	1	0.5337	0.5337	False	0.43	1.84
3	111632391	A	G	PHLDB2	Missense_Mutation	89	8	97	0.08247422680412371	2	1	1	0.3836	1	0.3836	0.3836	False	0.43	1.84
3	112729928	G	A	C3orf17	Missense_Mutation	56	4	60	0.06666666666666667	2	1	1	0.3101	1	0.3101	0.3101	False	0.43	1.84
3	113890627	C	A	DRD3	Silent	61	15	76	0.19736842105263158	2	1	1	0.918	1	0.918	0.918	True	0.43	1.84
3	119120945	A	G	ARHGAP31	Missense_Mutation	88	5	93	0.053763440860215055	2	1	1	0.2501	1	0.2501	0.2501	False	0.43	1.84
3	121138003	C	A	STXBP5L	3'UTR	15	4	19	0.21052631578947367	2	1	1	0.9792	1	0.9792	0.9792	True	0.43	1.84
3	121417286	T	A	GOLGB1	Missense_Mutation	65	6	71	0.08450704225352113	2	1	1	0.3931	1	0.3931	0.3931	False	0.43	1.84
3	122829819	A	G	PDIA5	Missense_Mutation	126	8	134	0.05970149253731343	2	1	1	0.2777	1	0.2777	0.2777	False	0.43	1.84
3	124826420	T	G	SLC12A8	Missense_Mutation	72	5	77	0.06493506493506493	2	1	1	0.302	1	0.302	0.302	False	0.43	1.84
3	132207242	G	C	DNAJC13	Missense_Mutation	63	12	75	0.16	2	1	1	0.7442	1	0.7442	0.7442	False	0.43	1.84
3	139074543	T	G	COPB2	3'Flank	36	4	40	0.1	2	1	1	0.4651	1	0.4651	0.4651	False	0.43	1.84
3	140185532	G	A	CLSTN2	Missense_Mutation	43	6	49	0.12244897959183673	2	1	1	0.5695	1	0.5695	0.5695	False	0.43	1.84
3	141011613	G	A	ACPL2	Missense_Mutation	79	7	86	0.08139534883720931	2	1	1	0.3786	1	0.3786	0.3786	False	0.43	1.84
3	142681464	G	T	PAQR9	Missense_Mutation	42	7	49	0.14285714285714285	2	1	1	0.6645	1	0.6645	0.6645	False	0.43	1.84
3	148577655	T	G	CPB1	Missense_Mutation	80	5	85	0.058823529411764705	2	1	1	0.2736	1	0.2736	0.2736	False	0.43	1.84
3	148939449	A	G	CP	Missense_Mutation	43	11	54	0.2037037037037037	2	1	1	0.9475	1	0.9475	0.9475	True	0.43	1.84
3	149192627	G	C	TM4SF4	5'UTR	19	6	25	0.24	2	1	1	1.1163	1	1.1163	1.0	True	0.43	1.84
3	154018823	T	A	DHX36	Silent	87	20	107	0.18691588785046728	2	1	1	0.8694	1	0.8694	0.8694	True	0.43	1.84
3	157816065	C	T	SHOX2	Silent	57	10	67	0.14925373134328357	2	1	1	0.6942	1	0.6942	0.6942	False	0.43	1.84
3	169099232	A	G	MECOM	Missense_Mutation	23	7	30	0.23333333333333334	2	1	1	1.0853	1	1.0853	1.0	True	0.43	1.84
3	170013729	G	C	PRKCI	Missense_Mutation	85	19	104	0.18269230769230768	2	1	1	0.8497	1	0.8497	0.8497	False	0.43	1.84
3	182586900	G	A	ATP11B	Missense_Mutation	34	3	37	0.08108108108108109	2	1	1	0.3771	1	0.3771	0.3771	False	0.43	1.84
3	185867911	A	G	DGKG	Missense_Mutation	61	4	65	0.06153846153846154	2	1	1	0.2862	1	0.2862	0.2862	False	0.43	1.84
3	189585656	T	G	TP63	Missense_Mutation	49	4	53	0.07547169811320754	2	1	1	0.351	1	0.351	0.351	False	0.43	1.84
3	195047622	G	A	ACAP2	Nonsense_Mutation	47	4	51	0.0784313725490196	2	1	1	0.3648	1	0.3648	0.3648	False	0.43	1.84
3	195955146	T	A	SLC51A	Splice_Site	52	4	56	0.07142857142857142	2	1	1	0.3322	1	0.3322	0.3322	False	0.43	1.84
4	366963	A	C	ZNF141	Missense_Mutation	87	24	111	0.21621621621621623	2	1	1	1.0057	1	1.0057	1.0	True	0.43	1.84
4	1834640	T	A	LETM1	Missense_Mutation	77	7	84	0.08333333333333333	2	1	1	0.3876	1	0.3876	0.3876	False	0.43	1.84
4	2231009	A	C	HAUS3	3'UTR	30	5	35	0.14285714285714285	2	1	1	0.6645	1	0.6645	0.6645	False	0.43	1.84
4	2242708	T	A	HAUS3	5'UTR	51	4	55	0.07272727272727272	2	1	1	0.3383	1	0.3383	0.3383	False	0.43	1.84
4	4275346	C	T	LYAR	Missense_Mutation	51	8	59	0.13559322033898305	2	1	1	0.6307	1	0.6307	0.6307	False	0.43	1.84
4	5746990	G	T	EVC	Silent	45	5	50	0.1	2	1	1	0.4651	1	0.4651	0.4651	False	0.43	1.84
4	6325102	T	A	PPP2R2C	Missense_Mutation	30	9	39	0.23076923076923078	2	1	1	1.0733	1	1.0733	1.0	True	0.43	1.84
4	13338893	T	A	HSP90AB2P	RNA	15	3	18	0.16666666666666666	2	1	1	0.7752	1	0.7752	0.7752	False	0.43	1.84
4	17816915	C	T	NCAPG	Missense_Mutation	25	3	28	0.10714285714285714	2	1	1	0.4983	1	0.4983	0.4983	False	0.43	1.84
4	24839813	C	T	CCDC149	Missense_Mutation	153	7	160	0.04375	2	1	1	0.2035	1	0.2035	0.2035	False	0.43	1.84
4	38933135	A	T	FAM114A1	Nonsense_Mutation	28	3	31	0.0967741935483871	2	1	1	0.4501	1	0.4501	0.4501	False	0.43	1.84
4	46099223	A	C	GABRG1	Missense_Mutation	57	13	70	0.18571428571428572	2	1	1	0.8638	1	0.8638	0.8638	True	0.43	1.84
4	52861085	A	T	LRRC66	Missense_Mutation	55	7	62	0.11290322580645161	2	1	1	0.5251	1	0.5251	0.5251	False	0.43	1.84
4	52938253	A	C	SPATA18	Missense_Mutation	57	7	64	0.109375	2	1	1	0.5087	1	0.5087	0.5087	False	0.43	1.84
4	54231833	G	A	SCFD2	Silent	52	8	60	0.13333333333333333	2	1	1	0.6202	1	0.6202	0.6202	False	0.43	1.84
4	66467737	C	G	EPHA5	Missense_Mutation	94	16	110	0.14545454545454545	2	1	1	0.6765	1	0.6765	0.6765	False	0.43	1.84
4	68492135	C	A	UBA6	Nonsense_Mutation	88	14	102	0.13725490196078433	2	1	1	0.6384	1	0.6384	0.6384	False	0.43	1.84
4	76881249	C	T	SDAD1	Missense_Mutation	52	4	56	0.07142857142857142	2	1	1	0.3322	1	0.3322	0.3322	False	0.43	1.84
4	77095302	T	C	SCARB2	Missense_Mutation	216	14	230	0.06086956521739131	2	1	1	0.2831	1	0.2831	0.2831	False	0.43	1.84
4	79328930	A	G	FRAS1	Missense_Mutation	44	6	50	0.12	2	1	1	0.5581	1	0.5581	0.5581	False	0.43	1.84
4	83996502	A	T	COPS4	Missense_Mutation	53	5	58	0.08620689655172414	2	1	1	0.401	1	0.401	0.401	False	0.43	1.84
4	87809299	T	G	C4orf36	Missense_Mutation	59	6	65	0.09230769230769231	2	1	1	0.4293	1	0.4293	0.4293	False	0.43	1.84
4	90855961	G	T	MMRN1	Missense_Mutation	43	13	56	0.23214285714285715	2	1	1	1.0797	1	1.0797	1.0	True	0.43	1.84
4	96069931	C	A	BMPR1B	Missense_Mutation	57	15	72	0.20833333333333334	2	1	1	0.969	1	0.969	0.969	True	0.43	1.84
4	103579008	T	C	MANBA	Missense_Mutation	57	5	62	0.08064516129032258	2	1	1	0.3751	1	0.3751	0.3751	False	0.43	1.84
4	110667634	T	G	CFI	Missense_Mutation	24	3	27	0.1111111111111111	2	1	1	0.5168	1	0.5168	0.5168	False	0.43	1.84
4	111480882	G	T	ENPEP	Splice_Site	22	4	26	0.15384615384615385	2	1	1	0.7156	1	0.7156	0.7156	False	0.43	1.84
4	114274590	A	T	ANK2	Nonsense_Mutation	47	7	54	0.12962962962962962	2	1	1	0.6029	1	0.6029	0.6029	False	0.43	1.84
4	120192618	A	G	USP53	Missense_Mutation	52	5	57	0.08771929824561403	2	1	1	0.408	1	0.408	0.408	False	0.43	1.84
4	123202897	A	C	KIAA1109	Missense_Mutation	79	7	86	0.08139534883720931	2	1	1	0.3786	1	0.3786	0.3786	False	0.43	1.84
4	123229139	G	A	KIAA1109	Missense_Mutation	118	6	124	0.04838709677419355	2	1	1	0.2251	1	0.2251	0.2251	False	0.43	1.84
4	129012246	G	T	LARP1B	Missense_Mutation	67	5	72	0.06944444444444445	2	1	1	0.323	1	0.323	0.323	False	0.43	1.84
4	140283065	A	T	NAA15	Missense_Mutation	58	7	65	0.1076923076923077	2	1	1	0.5009	1	0.5009	0.5009	False	0.43	1.84
4	159569793	A	G	RXFP1	Missense_Mutation	47	11	58	0.1896551724137931	2	1	1	0.8821	1	0.8821	0.8821	True	0.43	1.84
4	176556197	A	G	GPM6A	Silent	26	4	30	0.13333333333333333	2	1	1	0.6202	1	0.6202	0.6202	False	0.43	1.84
4	184210676	G	T	WWC2	Missense_Mutation	19	5	24	0.20833333333333334	2	1	1	0.969	1	0.969	0.969	True	0.43	1.84
4	184931186	T	A	STOX2	Missense_Mutation	15	3	18	0.16666666666666666	2	1	1	0.7752	1	0.7752	0.7752	False	0.43	1.84
4	189012816	G	T	TRIML2	Missense_Mutation	122	28	150	0.18666666666666668	2	1	1	0.8682	1	0.8682	0.8682	True	0.43	1.84
4	189012939	G	A	TRIML2	Missense_Mutation	164	9	173	0.05202312138728324	2	1	1	0.242	1	0.242	0.242	False	0.43	1.84
5	424043	G	A	AHRR	Missense_Mutation	66	7	73	0.0958904109589041	2	1	1	0.446	1	0.446	0.446	False	0.43	1.84
5	1063970	C	A	SLC12A7	Missense_Mutation	32	6	38	0.15789473684210525	2	1	1	0.7344	1	0.7344	0.7344	False	0.43	1.84
5	7875379	G	T	MTRR	Missense_Mutation	97	11	108	0.10185185185185185	2	1	1	0.4737	1	0.4737	0.4737	False	0.43	1.84
5	14489022	G	C	TRIO	Intron	12	3	15	0.2	2	1	1	0.9302	1	0.9302	0.9302	True	0.43	1.84
5	22143025	T	C	CDH12	Intron	23	5	28	0.17857142857142858	2	1	1	0.8306	1	0.8306	0.8306	False	0.43	1.84
5	33989413	G	A	AMACR	Missense_Mutation	67	5	72	0.06944444444444445	2	1	1	0.323	1	0.323	0.323	False	0.43	1.84
5	35065868	T	G	PRLR	Missense_Mutation	117	7	124	0.056451612903225805	2	1	1	0.2626	1	0.2626	0.2626	False	0.43	1.84
5	35065919	C	T	PRLR	Missense_Mutation	67	5	72	0.06944444444444445	2	1	1	0.323	1	0.323	0.323	False	0.43	1.84
5	36217851	T	G	NADK2	Missense_Mutation	91	20	111	0.18018018018018017	2	1	1	0.838	1	0.838	0.838	False	0.43	1.84
5	37038833	A	C	NIPBL	Missense_Mutation	51	4	55	0.07272727272727272	2	1	1	0.3383	1	0.3383	0.3383	False	0.43	1.84
5	41061826	G	A	MROH2B	Missense_Mutation	24	12	36	0.3333333333333333	2	1	1	1.5504	1	1.5504	1.0	True	0.43	1.84
5	42713615	A	G	GHR	Missense_Mutation	43	5	48	0.10416666666666667	2	1	1	0.4845	1	0.4845	0.4845	False	0.43	1.84
5	43649320	G	T	NNT	Missense_Mutation	150	25	175	0.14285714285714285	2	1	1	0.6645	1	0.6645	0.6645	False	0.43	1.84
5	43649321	G	T	NNT	Missense_Mutation	149	25	174	0.14367816091954022	2	1	1	0.6683	1	0.6683	0.6683	False	0.43	1.84
5	52386434	G	T	ITGA2	3'UTR	35	8	43	0.18604651162790697	2	1	1	0.8653	1	0.8653	0.8653	True	0.43	1.84
5	52780903	G	T	FST	Silent	67	21	88	0.23863636363636365	2	1	1	1.1099	1	1.1099	1.0	True	0.43	1.84
5	55083770	G	T	DDX4	Missense_Mutation	65	14	79	0.17721518987341772	2	1	1	0.8243	1	0.8243	0.8243	False	0.43	1.84
5	55212572	T	C	IL31RA	Missense_Mutation	37	7	44	0.1590909090909091	2	1	1	0.74	1	0.74	0.74	False	0.43	1.84
5	68695918	T	G	RAD17	Missense_Mutation	34	4	38	0.10526315789473684	2	1	1	0.4896	1	0.4896	0.4896	False	0.43	1.84
5	70818700	A	C	BDP1	Silent	31	3	34	0.08823529411764706	2	1	1	0.4104	1	0.4104	0.4104	False	0.43	1.84
5	72469149	G	T	TMEM174	Missense_Mutation	146	25	171	0.14619883040935672	2	1	1	0.68	1	0.68	0.68	False	0.43	1.84
5	78329216	G	A	DMGDH	Silent	68	10	78	0.1282051282051282	2	1	1	0.5963	1	0.5963	0.5963	False	0.43	1.84
5	79372781	G	A	THBS4	Missense_Mutation	141	7	148	0.0472972972972973	2	1	1	0.22	1	0.22	0.22	False	0.43	1.84
5	80631717	T	G	ACOT12	Missense_Mutation	33	3	36	0.08333333333333333	2	1	1	0.3876	1	0.3876	0.3876	False	0.43	1.84
5	82818126	C	A	VCAN	Missense_Mutation	28	12	40	0.3	2	1	1	1.3953	1	1.3953	1.0	True	0.43	1.84
5	90106514	T	G	GPR98	Missense_Mutation	157	7	164	0.042682926829268296	2	1	1	0.1985	1	0.1985	0.1985	False	0.43	1.84
5	102503000	C	T	PPIP5K2	Nonsense_Mutation	118	11	129	0.08527131782945736	2	1	1	0.3966	1	0.3966	0.3966	False	0.43	1.84
5	112177317	C	T	APC	Missense_Mutation	74	8	82	0.0975609756097561	2	1	1	0.4538	1	0.4538	0.4538	False	0.43	1.84
5	114513519	A	G	TRIM36	Intron	45	7	52	0.1346153846153846	2	1	1	0.6261	1	0.6261	0.6261	False	0.43	1.84
5	127673704	G	T	FBN2	Missense_Mutation	30	5	35	0.14285714285714285	2	1	1	0.6645	1	0.6645	0.6645	False	0.43	1.84
5	129521433	A	C	CHSY3	Missense_Mutation	59	4	63	0.06349206349206349	2	1	1	0.2953	1	0.2953	0.2953	False	0.43	1.84
5	134010771	A	G	SEC24A	Missense_Mutation	76	9	85	0.10588235294117647	2	1	1	0.4925	1	0.4925	0.4925	False	0.43	1.84
5	134191106	A	C	C5orf24	Silent	101	10	111	0.09009009009009009	2	1	1	0.419	1	0.419	0.419	False	0.43	1.84
5	135272633	A	G	FBXL21	RNA	77	6	83	0.07228915662650602	2	1	1	0.3362	1	0.3362	0.3362	False	0.43	1.84
5	137621728	A	G	CDC25C	Missense_Mutation	80	8	88	0.09090909090909091	2	1	1	0.4228	1	0.4228	0.4228	False	0.43	1.84
5	139885371	G	A	ANKHD1	Missense_Mutation	146	9	155	0.05806451612903226	2	1	1	0.2701	1	0.2701	0.2701	False	0.43	1.84
5	140176347	G	T	PCDHA2	Missense_Mutation	63	17	80	0.2125	2	1	1	0.9884	1	0.9884	0.9884	True	0.43	1.84
5	140181011	G	T	PCDHA3	Missense_Mutation	155	31	186	0.16666666666666666	2	1	1	0.7752	1	0.7752	0.7752	False	0.43	1.84
5	140215998	A	T	PCDHA7	Missense_Mutation	92	23	115	0.2	2	1	1	0.9302	1	0.9302	0.9302	True	0.43	1.84
5	140474662	G	T	PCDHB2	Missense_Mutation	58	20	78	0.2564102564102564	2	1	1	1.1926	1	1.1926	1.0	True	0.43	1.84
5	140515214	G	C	PCDHB5	Missense_Mutation	76	24	100	0.24	2	1	1	1.1163	1	1.1163	1.0	True	0.43	1.84
5	140602993	G	T	PCDHB14	5'Flank	21	5	26	0.19230769230769232	2	1	1	0.8945	1	0.8945	0.8945	True	0.43	1.84
5	145202676	T	G	PRELID2	Missense_Mutation	48	4	52	0.07692307692307693	2	1	1	0.3578	1	0.3578	0.3578	False	0.43	1.84
5	149677695	C	A	ARSI	Silent	27	4	31	0.12903225806451613	2	1	1	0.6002	1	0.6002	0.6002	False	0.43	1.84
5	150322222	T	C	ZNF300P1	RNA	75	11	86	0.12790697674418605	2	1	1	0.5949	1	0.5949	0.5949	False	0.43	1.84
5	151784152	C	G	NMUR2	Missense_Mutation	40	14	54	0.25925925925925924	2	1	1	1.2059	1	1.2059	1.0	True	0.43	1.84
5	153406827	T	C	FAM114A2	Missense_Mutation	56	10	66	0.15151515151515152	2	1	1	0.7047	1	0.7047	0.7047	False	0.43	1.84
5	156565706	A	T	MED7	3'UTR	34	8	42	0.19047619047619047	2	1	1	0.8859	1	0.8859	0.8859	True	0.43	1.84
5	159821790	T	A	C5orf54	Silent	70	9	79	0.11392405063291139	2	1	1	0.5299	1	0.5299	0.5299	False	0.43	1.84
5	168006298	C	A	PANK3	5'UTR	22	5	27	0.18518518518518517	2	1	1	0.8613	1	0.8613	0.8613	True	0.43	1.84
5	169108774	G	A	DOCK2	Missense_Mutation	96	7	103	0.06796116504854369	2	1	1	0.3161	1	0.3161	0.3161	False	0.43	1.84
5	170837584	C	T	NPM1	3'UTR	37	8	45	0.17777777777777778	2	1	1	0.8269	1	0.8269	0.8269	False	0.43	1.84
5	171583642	C	A	STK10	Missense_Mutation	47	8	55	0.14545454545454545	2	1	1	0.6765	1	0.6765	0.6765	False	0.43	1.84
5	173531229	A	T	NSG2	Splice_Site	38	12	50	0.24	2	1	1	1.1163	1	1.1163	1.0	True	0.43	1.84
5	175927115	G	A	FAF2	Missense_Mutation	85	5	90	0.05555555555555555	2	1	1	0.2584	1	0.2584	0.2584	False	0.43	1.84
5	179292842	T	C	TBC1D9B	Silent	57	14	71	0.19718309859154928	2	1	1	0.9171	1	0.9171	0.9171	True	0.43	1.84
6	7373579	G	T	CAGE1	Missense_Mutation	25	5	30	0.16666666666666666	2	1	1	0.7752	1	0.7752	0.7752	False	0.43	1.84
6	25849642	G	A	SLC17A3	Missense_Mutation	25	6	31	0.1935483870967742	2	1	1	0.9002	1	0.9002	0.9002	True	0.43	1.84
6	26043546	C	T	HIST1H2BB	Missense_Mutation	35	6	41	0.14634146341463414	2	1	1	0.6807	1	0.6807	0.6807	False	0.43	1.84
6	26056660	G	A	HIST1H1C	5'UTR	54	4	58	0.06896551724137931	2	1	1	0.3208	1	0.3208	0.3208	False	0.43	1.84
6	26197163	C	G	HIST1H3D	Missense_Mutation	66	6	72	0.08333333333333333	2	1	1	0.3876	1	0.3876	0.3876	False	0.43	1.84
6	26235201	C	A	HIST1H1D	5'UTR	22	5	27	0.18518518518518517	2	1	1	0.8613	1	0.8613	0.8613	True	0.43	1.84
6	27840053	C	A	HIST1H3I	Missense_Mutation	51	8	59	0.13559322033898305	2	1	1	0.6307	1	0.6307	0.6307	False	0.43	1.84
6	28053960	A	G	ZNF165	Missense_Mutation	59	12	71	0.16901408450704225	2	1	1	0.7861	1	0.7861	0.7861	False	0.43	1.84
6	29323251	C	A	OR5V1	Missense_Mutation	41	10	51	0.19607843137254902	2	1	1	0.912	1	0.912	0.912	True	0.43	1.84
6	30122250	T	C	TRIM10	Silent	17	4	21	0.19047619047619047	2	1	1	0.8859	1	0.8859	0.8859	True	0.43	1.84
6	30675576	T	A	MDC1	Missense_Mutation	73	7	80	0.0875	2	1	1	0.407	1	0.407	0.407	False	0.43	1.84
6	30883779	A	C	VARS2	Missense_Mutation	179	10	189	0.05291005291005291	2	1	1	0.2461	1	0.2461	0.2461	False	0.43	1.84
6	31106557	G	T	PSORS1C1	Splice_Site	80	22	102	0.21568627450980393	2	1	1	1.0032	1	1.0032	1.0	True	0.43	1.84
6	31675873	T	G	LY6G6F	Missense_Mutation	116	6	122	0.04918032786885246	2	1	1	0.2287	1	0.2287	0.2287	False	0.43	1.84
6	41895225	G	A	BYSL	Missense_Mutation	51	4	55	0.07272727272727272	2	1	1	0.3383	1	0.3383	0.3383	False	0.43	1.84
6	42236684	C	A	TRERF1	Silent	47	20	67	0.29850746268656714	2	1	1	1.3884	1	1.3884	1.0	True	0.43	1.84
6	43152336	T	G	CUL9	Silent	64	5	69	0.07246376811594203	2	1	1	0.337	1	0.337	0.337	False	0.43	1.84
6	63989818	A	C	LGSN	3'UTR	52	6	58	0.10344827586206896	2	1	1	0.4812	1	0.4812	0.4812	False	0.43	1.84
6	70639335	G	T	COL19A1	Missense_Mutation	24	5	29	0.1724137931034483	2	1	1	0.8019	1	0.8019	0.8019	False	0.43	1.84
6	90402671	G	C	MDN1	Missense_Mutation	26	6	32	0.1875	1	1	0	0.6846	1	0.6846	0.6846	False	0.43	1.84
6	90497611	C	T	MDN1	Silent	45	4	49	0.08163265306122448	1	1	0	0.2981	1	0.2981	0.2981	False	0.43	1.84
6	110300909	C	A	GPR6	Silent	23	6	29	0.20689655172413793	1	1	0	0.7554	1	0.7554	0.7554	False	0.43	1.84
6	110300910	C	A	GPR6	Missense_Mutation	23	6	29	0.20689655172413793	1	1	0	0.7554	1	0.7554	0.7554	False	0.43	1.84
6	110528743	A	C	CDC40	Missense_Mutation	84	7	91	0.07692307692307693	1	1	0	0.2809	1	0.2809	0.2809	False	0.43	1.84
6	110729608	T	G	DDO	Missense_Mutation	44	4	48	0.08333333333333333	1	1	0	0.3043	1	0.3043	0.3043	False	0.43	1.84
6	111583508	A	T	KIAA1919	Missense_Mutation	108	18	126	0.14285714285714285	1	1	0	0.5216	1	0.5216	0.5216	False	0.43	1.84
6	111689031	A	C	REV3L	Missense_Mutation	110	7	117	0.05982905982905983	1	1	0	0.2184	1	0.2184	0.2184	False	0.43	1.84
6	116442801	G	T	COL10A1	Missense_Mutation	19	6	25	0.24	1	1	0	0.8763	1	0.8763	0.8763	True	0.43	1.84
6	117890760	T	G	GOPC	Missense_Mutation	75	5	80	0.0625	1	1	0	0.2282	1	0.2282	0.2282	False	0.43	1.84
6	121482175	C	G	TBC1D32	Silent	25	9	34	0.2647058823529412	1	1	0	0.9665	1	0.9665	0.9665	True	0.43	1.84
6	127767660	T	G	KIAA0408	Missense_Mutation	100	8	108	0.07407407407407407	1	1	0	0.2705	1	0.2705	0.2705	False	0.43	1.84
6	134350090	G	A	SLC2A12	Silent	62	5	67	0.07462686567164178	1	1	0	0.2725	1	0.2725	0.2725	False	0.43	1.84
6	138196096	A	G	TNFAIP3	Missense_Mutation	55	21	76	0.27631578947368424	1	1	0	1.0089	1	1.0089	1.0	True	0.43	1.84
6	167790120	G	A	TCP10	Missense_Mutation	14	10	24	0.4166666666666667	1	1	0	1.5213	1	1.5213	1.0	True	0.43	1.84
6	168464406	G	A	FRMD1	Missense_Mutation	16	7	23	0.30434782608695654	1	1	0	1.1112	1	1.1112	1.0	True	0.43	1.84
7	6064265	T	G	EIF2AK1	3'UTR	60	7	67	0.1044776119402985	2	1	1	0.4859	1	0.4859	0.4859	False	0.43	1.84
7	7612792	G	T	MIOS	Missense_Mutation	98	23	121	0.19008264462809918	2	1	1	0.8841	1	0.8841	0.8841	True	0.43	1.84
7	11022495	G	T	PHF14	Missense_Mutation	40	5	45	0.1111111111111111	2	1	1	0.5168	1	0.5168	0.5168	False	0.43	1.84
7	17369647	A	T	AHR	Silent	69	15	84	0.17857142857142858	2	1	1	0.8306	1	0.8306	0.8306	False	0.43	1.84
7	19184555	C	A	FERD3L	Missense_Mutation	35	9	44	0.20454545454545456	2	1	1	0.9514	1	0.9514	0.9514	True	0.43	1.84
7	30491217	G	A	NOD1	Missense_Mutation	21	5	26	0.19230769230769232	2	1	1	0.8945	1	0.8945	0.8945	True	0.43	1.84
7	30491218	C	A	NOD1	Silent	23	5	28	0.17857142857142858	2	1	1	0.8306	1	0.8306	0.8306	False	0.43	1.84
7	30668274	G	A	GARS	Missense_Mutation	90	10	100	0.1	2	1	1	0.4651	1	0.4651	0.4651	False	0.43	1.84
7	37901654	C	T	NME8	Nonsense_Mutation	41	4	45	0.08888888888888889	2	1	1	0.4134	1	0.4134	0.4134	False	0.43	1.84
7	37927892	T	C	NME8	Missense_Mutation	46	10	56	0.17857142857142858	2	1	1	0.8306	1	0.8306	0.8306	False	0.43	1.84
7	38424456	C	G	AMPH	Missense_Mutation	60	16	76	0.21052631578947367	2	1	1	0.9792	1	0.9792	0.9792	True	0.43	1.84
7	38796572	C	T	VPS41	Missense_Mutation	39	4	43	0.09302325581395349	2	1	1	0.4327	1	0.4327	0.4327	False	0.43	1.84
7	43495977	C	T	HECW1	Missense_Mutation	45	6	51	0.11764705882352941	2	1	1	0.5472	1	0.5472	0.5472	False	0.43	1.84
7	43532685	T	A	HECW1	Missense_Mutation	25	3	28	0.10714285714285714	2	1	1	0.4983	1	0.4983	0.4983	False	0.43	1.84
7	44798973	C	T	ZMIZ2	Missense_Mutation	60	14	74	0.1891891891891892	2	1	1	0.8799	1	0.8799	0.8799	True	0.43	1.84
7	48313992	T	G	ABCA13	Missense_Mutation	78	9	87	0.10344827586206896	2	1	1	0.4812	1	0.4812	0.4812	False	0.43	1.84
7	65439286	A	C	GUSB	Missense_Mutation	44	5	49	0.10204081632653061	2	1	1	0.4746	1	0.4746	0.4746	False	0.43	1.84
7	66773926	C	T	STAG3L4	RNA	34	9	43	0.20930232558139536	2	1	1	0.9735	1	0.9735	0.9735	True	0.43	1.84
7	66773927	G	C	STAG3L4	RNA	34	9	43	0.20930232558139536	2	1	1	0.9735	1	0.9735	0.9735	True	0.43	1.84
7	73768285	G	A	CLIP2	Missense_Mutation	79	5	84	0.05952380952380952	2	1	1	0.2769	1	0.2769	0.2769	False	0.43	1.84
7	86415657	C	G	GRM3	Silent	95	8	103	0.07766990291262135	2	1	1	0.3613	1	0.3613	0.3613	False	0.43	1.84
7	89936287	A	T	C7orf63	Nonsense_Mutation	52	4	56	0.07142857142857142	2	1	1	0.3322	1	0.3322	0.3322	False	0.43	1.84
7	92987779	G	C	CCDC132	3'UTR	44	9	53	0.16981132075471697	2	1	1	0.7898	1	0.7898	0.7898	False	0.43	1.84
7	94059660	T	A	COL1A2	Silent	169	8	177	0.04519774011299435	2	1	1	0.2102	1	0.2102	0.2102	False	0.43	1.84
7	99002529	C	T	PDAP1	Missense_Mutation	41	4	45	0.08888888888888889	2	1	1	0.4134	1	0.4134	0.4134	False	0.43	1.84
7	99490129	C	T	TRIM4	Missense_Mutation	116	6	122	0.04918032786885246	2	1	1	0.2287	1	0.2287	0.2287	False	0.43	1.84
7	99654881	C	T	ZSCAN21	Silent	41	5	46	0.10869565217391304	2	1	1	0.5056	1	0.5056	0.5056	False	0.43	1.84
7	99821525	A	G	GATS	Missense_Mutation	80	10	90	0.1111111111111111	2	1	1	0.5168	1	0.5168	0.5168	False	0.43	1.84
7	100352848	G	A	ZAN	Splice_Site	144	15	159	0.09433962264150944	2	1	1	0.4388	1	0.4388	0.4388	False	0.43	1.84
7	100674978	T	G	MUC17	Missense_Mutation	66	6	72	0.08333333333333333	2	1	1	0.3876	1	0.3876	0.3876	False	0.43	1.84
7	100687025	A	G	MUC17	Missense_Mutation	55	5	60	0.08333333333333333	2	1	1	0.3876	1	0.3876	0.3876	False	0.43	1.84
7	103206725	C	T	RELN	Missense_Mutation	76	18	94	0.19148936170212766	2	1	1	0.8906	1	0.8906	0.8906	True	0.43	1.84
7	107564799	T	G	LAMB1	Missense_Mutation	49	5	54	0.09259259259259259	2	1	1	0.4307	1	0.4307	0.4307	False	0.43	1.84
7	107600244	C	A	LAMB1	Missense_Mutation	34	10	44	0.22727272727272727	2	1	1	1.0571	1	1.0571	1.0	True	0.43	1.84
7	115580767	A	G	TFEC	Silent	83	15	98	0.15306122448979592	2	1	1	0.7119	1	0.7119	0.7119	False	0.43	1.84
7	117375439	T	G	CTTNBP2	Missense_Mutation	45	4	49	0.08163265306122448	2	1	1	0.3797	1	0.3797	0.3797	False	0.43	1.84
7	120610881	C	T	ING3	Nonsense_Mutation	36	4	40	0.1	2	1	1	0.4651	1	0.4651	0.4651	False	0.43	1.84
7	123594543	G	T	SPAM1	Missense_Mutation	46	4	50	0.08	2	1	1	0.3721	1	0.3721	0.3721	False	0.43	1.84
7	126173554	C	T	GRM8	Missense_Mutation	29	7	36	0.19444444444444445	2	1	1	0.9044	1	0.9044	0.9044	True	0.43	1.84
7	126882937	T	C	GRM8	Missense_Mutation	47	9	56	0.16071428571428573	2	1	1	0.7475	1	0.7475	0.7475	False	0.43	1.84
7	137330224	A	G	DGKI	Silent	22	4	26	0.15384615384615385	2	1	1	0.7156	1	0.7156	0.7156	False	0.43	1.84
7	139416266	C	T	HIPK2	Missense_Mutation	96	8	104	0.07692307692307693	2	1	1	0.3578	1	0.3578	0.3578	False	0.43	1.84
7	140453136	A	T	BRAF	Missense_Mutation	58	6	64	0.09375	2	1	1	0.436	1	0.436	0.436	False	0.43	1.84
7	142180904	G	T	TRBV6-5	Missense_Mutation	46	6	52	0.11538461538461539	2	1	1	0.5367	1	0.5367	0.5367	False	0.43	1.84
7	142458448	A	G	PRSS1	Missense_Mutation	147	13	160	0.08125	2	1	1	0.3779	1	0.3779	0.3779	False	0.43	1.84
7	143175038	G	T	TAS2R41	Missense_Mutation	69	17	86	0.19767441860465115	2	1	1	0.9194	1	0.9194	0.9194	True	0.43	1.84
7	143175039	G	T	TAS2R41	Missense_Mutation	69	18	87	0.20689655172413793	2	1	1	0.9623	1	0.9623	0.9623	True	0.43	1.84
7	143792466	A	C	OR2A12	Missense_Mutation	82	6	88	0.06818181818181818	2	1	1	0.3171	1	0.3171	0.3171	False	0.43	1.84
7	146997279	C	A	CNTNAP2	Silent	58	24	82	0.2926829268292683	3	2	1	1.654	2	0.827	0.827	False	0.43	1.84
7	149475872	C	T	SSPO	Intron	19	5	24	0.20833333333333334	3	2	1	1.1773	1	1.1773	1.0	True	0.43	1.84
7	150557544	C	A	AOC1	Intron	41	5	46	0.10869565217391304	3	2	1	0.6143	1	0.6143	0.6143	False	0.43	1.84
7	151664466	T	C	GALNTL5	Silent	41	4	45	0.08888888888888889	3	2	1	0.5023	1	0.5023	0.5023	False	0.43	1.84
7	151919109	A	C	KMT2C	Missense_Mutation	92	5	97	0.05154639175257732	3	2	1	0.2913	1	0.2913	0.2913	False	0.43	1.84
8	1497527	T	A	DLGAP2	Missense_Mutation	33	16	49	0.32653061224489793	1	1	0	1.1922	1	1.1922	1.0	True	0.43	1.84
8	21862590	G	A	XPO7	Missense_Mutation	73	6	79	0.0759493670886076	1	1	0	0.2773	1	0.2773	0.2773	False	0.43	1.84
8	22107979	A	C	POLR3D	Missense_Mutation	61	6	67	0.08955223880597014	1	1	0	0.327	1	0.327	0.327	False	0.43	1.84
8	30695498	G	T	TEX15	Missense_Mutation	61	35	96	0.3645833333333333	1	1	0	1.3312	1	1.3312	1.0	True	0.43	1.84
8	37704386	C	T	BRF2	Silent	175	10	185	0.05405405405405406	2	1	1	0.2514	1	0.2514	0.2514	False	0.43	1.84
8	41525792	A	C	ANK1	Missense_Mutation	45	6	51	0.11764705882352941	2	1	1	0.5472	1	0.5472	0.5472	False	0.43	1.84
8	42040297	A	C	PLAT	Missense_Mutation	107	9	116	0.07758620689655173	2	1	1	0.3609	1	0.3609	0.3609	False	0.43	1.84
8	42329952	T	G	SLC20A2	5'UTR	20	7	27	0.25925925925925924	2	1	1	1.2059	1	1.2059	1.0	True	0.43	1.84
8	42587215	C	T	CHRNB3	Silent	33	9	42	0.21428571428571427	2	1	1	0.9967	1	0.9967	0.9967	True	0.43	1.84
8	42620303	A	C	CHRNA6	Missense_Mutation	105	6	111	0.05405405405405406	2	1	1	0.2514	1	0.2514	0.2514	False	0.43	1.84
8	55538233	T	G	RP1	Silent	66	14	80	0.175	2	1	1	0.814	1	0.814	0.814	False	0.43	1.84
8	67355037	T	C	ADHFE1	Silent	49	4	53	0.07547169811320754	2	1	1	0.351	1	0.351	0.351	False	0.43	1.84
8	67577783	G	C	VCPIP1	Missense_Mutation	113	7	120	0.058333333333333334	2	1	1	0.2713	1	0.2713	0.2713	False	0.43	1.84
8	67578153	C	T	VCPIP1	Nonsense_Mutation	76	6	82	0.07317073170731707	2	1	1	0.3403	1	0.3403	0.3403	False	0.43	1.84
8	68421795	G	A	CPA6	Missense_Mutation	93	5	98	0.05102040816326531	2	1	1	0.2373	1	0.2373	0.2373	False	0.43	1.84
8	72968068	A	T	TRPA1	Missense_Mutation	25	7	32	0.21875	2	1	1	1.0174	1	1.0174	1.0	True	0.43	1.84
8	75276559	G	T	GDAP1	Missense_Mutation	97	15	112	0.13392857142857142	2	1	1	0.6229	1	0.6229	0.6229	False	0.43	1.84
8	90937093	C	T	OSGIN2	Missense_Mutation	79	6	85	0.07058823529411765	2	1	1	0.3283	1	0.3283	0.3283	False	0.43	1.84
8	94746521	A	C	RBM12B	Missense_Mutation	155	18	173	0.10404624277456648	2	1	1	0.4839	1	0.4839	0.4839	False	0.43	1.84
8	95539541	A	C	KIAA1429	Missense_Mutation	45	4	49	0.08163265306122448	2	1	1	0.3797	1	0.3797	0.3797	False	0.43	1.84
8	98155391	G	A	CPQ	Missense_Mutation	61	7	68	0.10294117647058823	2	1	1	0.4788	1	0.4788	0.4788	False	0.43	1.84
8	101271307	T	C	RNF19A	Missense_Mutation	134	6	140	0.04285714285714286	2	1	1	0.1993	1	0.1993	0.1993	False	0.43	1.84
8	110396319	A	T	PKHD1L1	Silent	48	8	56	0.14285714285714285	2	1	1	0.6645	1	0.6645	0.6645	False	0.43	1.84
8	117864237	G	A	RAD21	Nonsense_Mutation	64	10	74	0.13513513513513514	2	1	1	0.6285	1	0.6285	0.6285	False	0.43	1.84
8	122641302	T	G	HAS2	Missense_Mutation	198	22	220	0.1	2	1	1	0.4651	1	0.4651	0.4651	False	0.43	1.84
8	124253478	C	T	C8orf76	Missense_Mutation	15	4	19	0.21052631578947367	2	1	1	0.9792	1	0.9792	0.9792	True	0.43	1.84
8	131072834	T	G	ASAP1	Missense_Mutation	187	9	196	0.04591836734693878	2	1	1	0.2136	1	0.2136	0.2136	False	0.43	1.84
8	132958819	A	T	EFR3A	Missense_Mutation	17	3	20	0.15	2	1	1	0.6977	1	0.6977	0.6977	False	0.43	1.84
8	141774356	T	C	PTK2	Missense_Mutation	134	12	146	0.0821917808219178	2	1	1	0.3823	1	0.3823	0.3823	False	0.43	1.84
8	143694493	C	G	ARC	Silent	9	3	12	0.25	2	1	1	1.1628	1	1.1628	1.0	True	0.43	1.84
8	143999258	C	T	CYP11B2	5'UTR	112	7	119	0.058823529411764705	2	1	1	0.2736	1	0.2736	0.2736	False	0.43	1.84
9	336665	G	T	DOCK8	Missense_Mutation	38	7	45	0.15555555555555556	2	1	1	0.7235	1	0.7235	0.7235	False	0.43	1.84
9	2058363	C	T	SMARCA2	Nonsense_Mutation	99	7	106	0.0660377358490566	2	1	1	0.3072	1	0.3072	0.3072	False	0.43	1.84
9	5969115	C	A	KIAA2026	Silent	30	5	35	0.14285714285714285	2	1	1	0.6645	1	0.6645	0.6645	False	0.43	1.84
9	8486087	C	A	PTPRD	Missense_Mutation	37	7	44	0.1590909090909091	2	1	1	0.74	1	0.74	0.74	False	0.43	1.84
9	14857694	T	C	FREM1	Missense_Mutation	29	4	33	0.12121212121212122	2	1	1	0.5638	1	0.5638	0.5638	False	0.43	1.84
9	16436723	C	A	BNC2	Missense_Mutation	85	19	104	0.18269230769230768	2	1	1	0.8497	1	0.8497	0.8497	False	0.43	1.84
9	20933046	G	T	FOCAD	Silent	66	20	86	0.23255813953488372	2	1	1	1.0817	1	1.0817	1.0	True	0.43	1.84
9	32631899	T	G	TAF1L	Missense_Mutation	105	6	111	0.05405405405405406	2	1	1	0.2514	1	0.2514	0.2514	False	0.43	1.84
9	33675395	A	C	PTENP1	RNA	31	3	34	0.08823529411764706	2	1	1	0.4104	1	0.4104	0.4104	False	0.43	1.84
9	35390657	A	G	UNC13B	Missense_Mutation	98	6	104	0.057692307692307696	2	1	1	0.2683	1	0.2683	0.2683	False	0.43	1.84
9	36249244	C	T	GNE	Missense_Mutation	75	5	80	0.0625	2	1	1	0.2907	1	0.2907	0.2907	False	0.43	1.84
9	67968407	G	A	ANKRD20A1	Missense_Mutation	381	13	394	0.03299492385786802	2	1	1	0.1535	1	0.1535	0.1535	False	0.43	1.84
9	77362814	C	A	TRPM6	Nonsense_Mutation	47	4	51	0.0784313725490196	2	1	1	0.3648	1	0.3648	0.3648	False	0.43	1.84
9	79890464	C	T	VPS13A	Missense_Mutation	86	9	95	0.09473684210526316	2	1	1	0.4406	1	0.4406	0.4406	False	0.43	1.84
9	84530474	C	A	SPATA31D5P	RNA	24	4	28	0.14285714285714285	2	1	1	0.6645	1	0.6645	0.6645	False	0.43	1.84
9	95099837	C	T	CENPP	Silent	124	27	151	0.17880794701986755	2	1	1	0.8317	1	0.8317	0.8317	False	0.43	1.84
9	96407931	G	A	PHF2	Missense_Mutation	67	16	83	0.1927710843373494	2	1	1	0.8966	1	0.8966	0.8966	True	0.43	1.84
9	96864014	C	A	PTPDC1	Missense_Mutation	32	4	36	0.1111111111111111	2	1	1	0.5168	1	0.5168	0.5168	False	0.43	1.84
9	100429140	T	C	NCBP1	Missense_Mutation	20	3	23	0.13043478260869565	2	1	1	0.6067	1	0.6067	0.6067	False	0.43	1.84
9	104357115	A	G	PPP3R2	Missense_Mutation	88	10	98	0.10204081632653061	2	1	1	0.4746	1	0.4746	0.4746	False	0.43	1.84
9	111734980	G	A	CTNNAL1	Missense_Mutation	76	8	84	0.09523809523809523	2	1	1	0.443	1	0.443	0.443	False	0.43	1.84
9	111800376	G	A	TMEM245	Silent	90	5	95	0.05263157894736842	2	1	1	0.2448	1	0.2448	0.2448	False	0.43	1.84
9	112899510	G	C	PALM2-AKAP2	Missense_Mutation	17	8	25	0.32	2	1	1	1.4884	1	1.4884	1.0	True	0.43	1.84
9	123370109	T	A	MEGF9	Missense_Mutation	149	16	165	0.09696969696969697	2	1	1	0.451	1	0.451	0.451	False	0.43	1.84
9	125273391	T	G	OR1J2	Missense_Mutation	65	8	73	0.1095890410958904	2	1	1	0.5097	1	0.5097	0.5097	False	0.43	1.84
9	130206324	T	C	ZNF79	Silent	44	17	61	0.2786885245901639	2	1	1	1.2962	1	1.2962	1.0	True	0.43	1.84
9	132719644	C	A	FNBP1	Nonsense_Mutation	21	3	24	0.125	2	1	1	0.5814	1	0.5814	0.5814	False	0.43	1.84
9	133901754	C	G	LAMC3	Silent	31	9	40	0.225	2	1	1	1.0465	1	1.0465	1.0	True	0.43	1.84
9	135176092	T	A	SETX	Missense_Mutation	60	10	70	0.14285714285714285	2	1	1	0.6645	1	0.6645	0.6645	False	0.43	1.84
9	135266061	T	G	TTF1	Missense_Mutation	144	9	153	0.058823529411764705	2	1	1	0.2736	1	0.2736	0.2736	False	0.43	1.84
9	135277315	T	G	TTF1	Missense_Mutation	222	11	233	0.04721030042918455	2	1	1	0.2196	1	0.2196	0.2196	False	0.43	1.84
9	135562653	G	A	GTF3C4	Silent	120	14	134	0.1044776119402985	2	1	1	0.4859	1	0.4859	0.4859	False	0.43	1.84
9	137801518	G	T	FCN1	3'UTR	12	4	16	0.25	2	1	1	1.1628	1	1.1628	1.0	True	0.43	1.84
9	139113738	A	T	QSOX2	Missense_Mutation	63	4	67	0.05970149253731343	2	1	1	0.2777	1	0.2777	0.2777	False	0.43	1.84
9	139393580	G	A	NOTCH1	Silent	56	4	60	0.06666666666666667	2	1	1	0.3101	1	0.3101	0.3101	False	0.43	1.84
9	140082152	T	A	ANAPC2	Missense_Mutation	49	6	55	0.10909090909090909	2	1	1	0.5074	1	0.5074	0.5074	False	0.43	1.84
9	140468703	C	G	DPH7	Missense_Mutation	106	11	117	0.09401709401709402	2	1	1	0.4373	1	0.4373	0.4373	False	0.43	1.84
10	29812789	C	A	SVIL	Silent	69	11	80	0.1375	2	1	1	0.6395	1	0.6395	0.6395	False	0.43	1.84
10	48387875	G	T	RBP3	Silent	64	7	71	0.09859154929577464	1	1	1	0.36	1	0.36	0.36	False	0.43	1.84
10	51224931	T	C	AGAP8	3'UTR	9	8	17	0.47058823529411764	2	1	1	2.1888	1	2.1888	1.0	True	0.43	1.84
10	68687489	G	A	LRRTM3	Missense_Mutation	99	23	122	0.1885245901639344	2	1	1	0.8769	1	0.8769	0.8769	True	0.43	1.84
10	70143589	C	A	RUFY2	Missense_Mutation	75	11	86	0.12790697674418605	2	1	1	0.5949	1	0.5949	0.5949	False	0.43	1.84
10	73330597	C	T	CDH23	Silent	15	5	20	0.25	2	1	1	1.1628	1	1.1628	1.0	True	0.43	1.84
10	73501537	C	A	CDH23	Silent	25	3	28	0.10714285714285714	2	1	1	0.4983	1	0.4983	0.4983	False	0.43	1.84
10	73544043	G	A	CDH23	Splice_Site	55	6	61	0.09836065573770492	2	1	1	0.4575	1	0.4575	0.4575	False	0.43	1.84
10	75557788	G	T	ZSWIM8	Missense_Mutation	33	5	38	0.13157894736842105	2	1	1	0.612	1	0.612	0.612	False	0.43	1.84
10	76738995	A	G	KAT6B	Missense_Mutation	35	4	39	0.10256410256410256	2	1	1	0.477	1	0.477	0.477	False	0.43	1.84
10	82036270	G	T	MAT1A	Missense_Mutation	110	8	118	0.06779661016949153	2	1	1	0.3153	1	0.3153	0.3153	False	0.43	1.84
10	88930351	T	G	FAM35A	Missense_Mutation	96	8	104	0.07692307692307693	2	1	1	0.3578	1	0.3578	0.3578	False	0.43	1.84
10	89472861	A	C	PAPSS2	Missense_Mutation	171	8	179	0.0446927374301676	2	1	1	0.2079	1	0.2079	0.2079	False	0.43	1.84
10	91200916	A	G	SLC16A12	Missense_Mutation	66	5	71	0.07042253521126761	2	1	1	0.3275	1	0.3275	0.3275	False	0.43	1.84
10	93586797	G	A	TNKS2	Missense_Mutation	37	8	45	0.17777777777777778	2	1	1	0.8269	1	0.8269	0.8269	False	0.43	1.84
10	97920224	A	T	ZNF518A	RNA	56	5	61	0.08196721311475409	2	1	1	0.3812	1	0.3812	0.3812	False	0.43	1.84
10	105133333	G	T	TAF5	Missense_Mutation	36	7	43	0.16279069767441862	2	1	1	0.7572	1	0.7572	0.7572	False	0.43	1.84
10	115365531	A	G	NRAP	Missense_Mutation	251	42	293	0.14334470989761092	2	1	1	0.6667	1	0.6667	0.6667	False	0.43	1.84
10	118435928	T	A	HSPA12A	Missense_Mutation	71	7	78	0.08974358974358974	2	1	1	0.4174	1	0.4174	0.4174	False	0.43	1.84
10	118687305	G	A	KIAA1598	Silent	50	6	56	0.10714285714285714	2	1	1	0.4983	1	0.4983	0.4983	False	0.43	1.84
10	135103479	A	C	TUBGCP2	Intron	27	3	30	0.1	2	1	1	0.4651	1	0.4651	0.4651	False	0.43	1.84
10	135369181	A	T	SYCE1	Silent	24	7	31	0.22580645161290322	2	1	1	1.0503	1	1.0503	1.0	True	0.43	1.84
11	1156644	A	G	MUC5AC	Missense_Mutation	51	4	55	0.07272727272727272	2	1	1	0.3383	1	0.3383	0.3383	False	0.43	1.84
11	4470855	T	G	OR52K2	Missense_Mutation	72	9	81	0.1111111111111111	2	1	1	0.5168	1	0.5168	0.5168	False	0.43	1.84
11	4824809	C	A	OR52R1	Missense_Mutation	79	10	89	0.11235955056179775	2	1	1	0.5226	1	0.5226	0.5226	False	0.43	1.84
11	4870156	C	A	OR51S1	Missense_Mutation	42	5	47	0.10638297872340426	2	1	1	0.4948	1	0.4948	0.4948	False	0.43	1.84
11	5373117	C	A	OR51B6	Missense_Mutation	66	15	81	0.18518518518518517	2	1	1	0.8613	1	0.8613	0.8613	True	0.43	1.84
11	5444057	T	G	OR51Q1	Missense_Mutation	117	14	131	0.10687022900763359	2	1	1	0.4971	1	0.4971	0.4971	False	0.43	1.84
11	6245253	C	A	FAM160A2	Missense_Mutation	36	7	43	0.16279069767441862	2	1	1	0.7572	1	0.7572	0.7572	False	0.43	1.84
11	6623232	C	A	RRP8	Missense_Mutation	53	10	63	0.15873015873015872	2	1	1	0.7383	1	0.7383	0.7383	False	0.43	1.84
11	6703526	C	A	MRPL17	Silent	91	20	111	0.18018018018018017	2	1	1	0.838	1	0.838	0.838	False	0.43	1.84
11	8496602	C	A	STK33	5'UTR	6	3	9	0.3333333333333333	2	1	1	1.5504	1	1.5504	1.0	True	0.43	1.84
11	9042592	T	A	SCUBE2	Nonstop_Mutation	31	3	34	0.08823529411764706	2	1	1	0.4104	1	0.4104	0.4104	False	0.43	1.84
11	9879859	T	A	SBF2	Missense_Mutation	79	8	87	0.09195402298850575	2	1	1	0.4277	1	0.4277	0.4277	False	0.43	1.84
11	17544334	C	G	USH1C	Missense_Mutation	21	11	32	0.34375	2	1	1	1.5988	1	1.5988	1.0	True	0.43	1.84
11	18195648	A	C	MRGPRX4	Missense_Mutation	65	7	72	0.09722222222222222	2	1	1	0.4522	1	0.4522	0.4522	False	0.43	1.84
11	18502135	C	T	TSG101	Missense_Mutation	25	4	29	0.13793103448275862	2	1	1	0.6415	1	0.6415	0.6415	False	0.43	1.84
11	18637302	G	A	SPTY2D1	Silent	71	8	79	0.10126582278481013	2	1	1	0.471	1	0.471	0.471	False	0.43	1.84
11	45671618	C	A	CHST1	Missense_Mutation	68	10	78	0.1282051282051282	2	1	1	0.5963	1	0.5963	0.5963	False	0.43	1.84
11	47193061	T	G	ARFGAP2	Missense_Mutation	79	6	85	0.07058823529411765	2	1	1	0.3283	1	0.3283	0.3283	False	0.43	1.84
11	51515387	A	G	OR4C46	Missense_Mutation	138	8	146	0.0547945205479452	2	1	1	0.2549	1	0.2549	0.2549	False	0.43	1.84
11	55406451	G	A	OR4P4	Silent	47	8	55	0.14545454545454545	2	1	1	0.6765	1	0.6765	0.6765	False	0.43	1.84
11	55579269	C	A	OR5L1	Silent	99	32	131	0.24427480916030533	2	1	1	1.1362	1	1.1362	1.0	True	0.43	1.84
11	55587864	T	C	OR5D18	Silent	48	14	62	0.22580645161290322	2	1	1	1.0503	1	1.0503	1.0	True	0.43	1.84
11	56043663	C	A	OR5T1	Silent	137	28	165	0.1696969696969697	2	1	1	0.7893	1	0.7893	0.7893	False	0.43	1.84
11	56058326	G	C	OR8H1	Silent	174	10	184	0.05434782608695652	2	1	1	0.2528	1	0.2528	0.2528	False	0.43	1.84
11	57076161	T	G	TNKS1BP1	Missense_Mutation	149	10	159	0.06289308176100629	2	1	1	0.2925	1	0.2925	0.2925	False	0.43	1.84
11	57472635	T	G	MED19	Missense_Mutation	38	6	44	0.13636363636363635	2	1	1	0.6342	1	0.6342	0.6342	False	0.43	1.84
11	61178493	A	C	CPSF7	Missense_Mutation	118	6	124	0.04838709677419355	2	1	1	0.2251	1	0.2251	0.2251	False	0.43	1.84
11	62286676	G	A	AHNAK	Silent	177	12	189	0.06349206349206349	2	1	1	0.2953	1	0.2953	0.2953	False	0.43	1.84
11	62290073	T	A	AHNAK	Missense_Mutation	329	26	355	0.07323943661971831	2	1	1	0.3406	1	0.3406	0.3406	False	0.43	1.84
11	63521136	G	A	RTN3	Missense_Mutation	98	6	104	0.057692307692307696	2	1	1	0.2683	1	0.2683	0.2683	False	0.43	1.84
11	65123329	A	C	TIGD3	Missense_Mutation	45	6	51	0.11764705882352941	2	1	1	0.5472	1	0.5472	0.5472	False	0.43	1.84
11	65650824	C	T	CTSW	Nonsense_Mutation	139	8	147	0.05442176870748299	2	1	1	0.2531	1	0.2531	0.2531	False	0.43	1.84
11	66039584	C	T	RAB1B	Intron	97	6	103	0.05825242718446602	2	1	1	0.2709	1	0.2709	0.2709	False	0.43	1.84
11	66191860	A	G	NPAS4	Missense_Mutation	221	17	238	0.07142857142857142	2	1	1	0.3322	1	0.3322	0.3322	False	0.43	1.84
11	66358981	G	C	CCDC87	Silent	144	8	152	0.05263157894736842	2	1	1	0.2448	1	0.2448	0.2448	False	0.43	1.84
11	67269422	C	A	PITPNM1	Missense_Mutation	34	5	39	0.1282051282051282	2	1	1	0.5963	1	0.5963	0.5963	False	0.43	1.84
11	67269423	C	G	PITPNM1	Missense_Mutation	33	4	37	0.10810810810810811	2	1	1	0.5028	1	0.5028	0.5028	False	0.43	1.84
11	67412852	C	A	ACY3	Splice_Site	5	3	8	0.375	2	1	1	1.7442	1	1.7442	1.0	True	0.43	1.84
11	68747524	G	A	MRGPRD	Missense_Mutation	40	16	56	0.2857142857142857	2	1	1	1.3289	1	1.3289	1.0	True	0.43	1.84
11	73714899	T	C	UCP3	Missense_Mutation	71	26	97	0.26804123711340205	2	1	1	1.2467	1	1.2467	1.0	True	0.43	1.84
11	77383224	C	T	RSF1	Missense_Mutation	29	10	39	0.2564102564102564	2	1	1	1.1926	1	1.1926	1.0	True	0.43	1.84
11	78381152	G	A	TENM4	Missense_Mutation	26	3	29	0.10344827586206896	2	1	1	0.4812	1	0.4812	0.4812	False	0.43	1.84
11	82924011	G	T	ANKRD42	Intron	18	3	21	0.14285714285714285	2	1	1	0.6645	1	0.6645	0.6645	False	0.43	1.84
11	82924012	C	G	ANKRD42	Intron	19	3	22	0.13636363636363635	2	1	1	0.6342	1	0.6342	0.6342	False	0.43	1.84
11	88059545	T	A	CTSC	Intron	49	15	64	0.234375	2	1	1	1.0901	1	1.0901	1.0	True	0.43	1.84
11	88911321	C	A	TYR	Missense_Mutation	21	4	25	0.16	2	1	1	0.7442	1	0.7442	0.7442	False	0.43	1.84
11	92087470	C	A	FAT3	Missense_Mutation	132	8	140	0.05714285714285714	2	1	1	0.2658	1	0.2658	0.2658	False	0.43	1.84
11	92577448	C	T	FAT3	Nonsense_Mutation	88	27	115	0.23478260869565218	2	1	1	1.092	1	1.092	1.0	True	0.43	1.84
11	92592368	C	T	FAT3	Silent	28	3	31	0.0967741935483871	2	1	1	0.4501	1	0.4501	0.4501	False	0.43	1.84
11	102207707	A	T	BIRC3	Missense_Mutation	25	3	28	0.10714285714285714	2	1	1	0.4983	1	0.4983	0.4983	False	0.43	1.84
11	102573520	A	C	MMP27	Missense_Mutation	122	9	131	0.06870229007633588	2	1	1	0.3195	1	0.3195	0.3195	False	0.43	1.84
11	102822861	A	G	MMP13	Missense_Mutation	114	6	120	0.05	2	1	1	0.2326	1	0.2326	0.2326	False	0.43	1.84
11	107535994	G	C	ELMOD1	3'UTR	49	8	57	0.14035087719298245	2	1	1	0.6528	1	0.6528	0.6528	False	0.43	1.84
11	109294719	G	C	C11orf87	Missense_Mutation	48	14	62	0.22580645161290322	2	1	1	1.0503	1	1.0503	1.0	True	0.43	1.84
11	119025610	T	C	ABCG4	Missense_Mutation	120	24	144	0.16666666666666666	2	1	1	0.7752	1	0.7752	0.7752	False	0.43	1.84
11	124135527	A	T	OR8G5	Missense_Mutation	76	20	96	0.20833333333333334	2	1	1	0.969	1	0.969	0.969	True	0.43	1.84
11	124971201	T	A	TMEM218	Splice_Site	16	3	19	0.15789473684210525	2	1	1	0.7344	1	0.7344	0.7344	False	0.43	1.84
11	125831744	C	A	CDON	Missense_Mutation	39	5	44	0.11363636363636363	2	1	1	0.5285	1	0.5285	0.5285	False	0.43	1.84
12	662484	A	C	B4GALNT3	Missense_Mutation	62	5	67	0.07462686567164178	1	1	0	0.2725	1	0.2725	0.2725	False	0.43	1.84
12	2224641	C	A	CACNA1C	Missense_Mutation	37	20	57	0.3508771929824561	1	1	0	1.2811	1	1.2811	1.0	True	0.43	1.84
12	4398055	G	A	CCND2	Missense_Mutation	71	29	100	0.29	1	1	0	1.0588	1	1.0588	1.0	True	0.43	1.84
12	6882411	G	T	LAG3	Missense_Mutation	39	11	50	0.22	1	1	0	0.8033	1	0.8033	0.8033	False	0.43	1.84
12	6952813	C	A	GNB3	Missense_Mutation	25	10	35	0.2857142857142857	1	1	0	1.0432	1	1.0432	1.0	True	0.43	1.84
12	9885856	A	C	CLECL1	Missense_Mutation	36	4	40	0.1	1	1	0	0.3651	1	0.3651	0.3651	False	0.43	1.84
12	9885858	C	A	CLECL1	Translation_Start_Site	34	4	38	0.10526315789473684	1	1	0	0.3843	1	0.3843	0.3843	False	0.43	1.84
12	13716299	C	T	GRIN2B	Silent	54	5	59	0.0847457627118644	1	1	0	0.3094	1	0.3094	0.3094	False	0.43	1.84
12	20801664	G	C	PDE3A	Missense_Mutation	74	16	90	0.17777777777777778	1	1	0	0.6491	1	0.6491	0.6491	False	0.43	1.84
12	26592243	G	A	ITPR2	Missense_Mutation	42	17	59	0.288135593220339	1	1	0	1.052	1	1.052	1.0	True	0.43	1.84
12	26592244	C	A	ITPR2	Silent	42	17	59	0.288135593220339	1	1	0	1.052	1	1.052	1.0	True	0.43	1.84
12	27554579	T	G	ARNTL2	Missense_Mutation	41	4	45	0.08888888888888889	1	1	0	0.3245	1	0.3245	0.3245	False	0.43	1.84
12	27554604	T	G	ARNTL2	Missense_Mutation	36	4	40	0.1	1	1	0	0.3651	1	0.3651	0.3651	False	0.43	1.84
12	41966505	G	T	PDZRN4	Nonsense_Mutation	34	7	41	0.17073170731707318	1	1	0	0.6234	1	0.6234	0.6234	False	0.43	1.84
12	48132483	A	G	RAPGEF3	Missense_Mutation	66	6	72	0.08333333333333333	2	1	1	0.3876	1	0.3876	0.3876	False	0.43	1.84
12	48596226	G	T	OR10AD1	Missense_Mutation	42	13	55	0.23636363636363636	2	1	1	1.0994	1	1.0994	1.0	True	0.43	1.84
12	48596227	G	T	OR10AD1	Silent	42	13	55	0.23636363636363636	2	1	1	1.0994	1	1.0994	1.0	True	0.43	1.84
12	48882712	G	T	C12orf54	Silent	78	16	94	0.1702127659574468	2	1	1	0.7917	1	0.7917	0.7917	False	0.43	1.84
12	49663280	T	C	TUBA1C	Silent	92	6	98	0.061224489795918366	2	1	1	0.2848	1	0.2848	0.2848	False	0.43	1.84
12	49937734	A	C	KCNH3	Missense_Mutation	70	7	77	0.09090909090909091	2	1	1	0.4228	1	0.4228	0.4228	False	0.43	1.84
12	50571478	T	G	LIMA1	Missense_Mutation	81	21	102	0.20588235294117646	1	1	0	0.7517	1	0.7517	0.7517	False	0.43	1.84
12	51864293	T	G	SLC4A8	Missense_Mutation	69	11	80	0.1375	1	1	0	0.502	1	0.502	0.502	False	0.43	1.84
12	53676967	T	G	ESPL1	Missense_Mutation	52	6	58	0.10344827586206896	2	1	1	0.4812	1	0.4812	0.4812	False	0.43	1.84
12	55886175	C	T	OR6C68	Missense_Mutation	54	9	63	0.14285714285714285	2	1	1	0.6645	1	0.6645	0.6645	False	0.43	1.84
12	56347585	A	G	DGKA	3'UTR	16	3	19	0.15789473684210525	2	1	1	0.7344	1	0.7344	0.7344	False	0.43	1.84
12	57389974	C	T	GPR182	Silent	84	8	92	0.08695652173913043	2	1	1	0.4044	1	0.4044	0.4044	False	0.43	1.84
12	57569701	A	G	LRP1	Missense_Mutation	130	6	136	0.04411764705882353	2	1	1	0.2052	1	0.2052	0.2052	False	0.43	1.84
12	59282122	C	A	LRIG3	Missense_Mutation	27	11	38	0.2894736842105263	2	1	1	1.3464	1	1.3464	1.0	True	0.43	1.84
12	60098571	A	G	SLC16A7	5'UTR	12	3	15	0.2	2	1	1	0.9302	1	0.9302	0.9302	True	0.43	1.84
12	63543932	C	G	AVPR1A	Missense_Mutation	111	6	117	0.05128205128205128	2	1	1	0.2385	1	0.2385	0.2385	False	0.43	1.84
12	64057608	A	C	DPY19L2	Missense_Mutation	27	4	31	0.12903225806451613	2	1	1	0.6002	1	0.6002	0.6002	False	0.43	1.84
12	64664370	C	A	C12orf56	Missense_Mutation	25	15	40	0.375	2	1	1	1.7442	1	1.7442	1.0	True	0.43	1.84
12	69968466	T	C	FRS2	Missense_Mutation	50	8	58	0.13793103448275862	3	2	1	0.7795	1	0.7795	0.7795	False	0.43	1.84
12	71056345	C	T	PTPRR	Missense_Mutation	62	5	67	0.07462686567164178	2	1	1	0.3471	1	0.3471	0.3471	False	0.43	1.84
12	78593143	C	A	NAV3	Missense_Mutation	50	9	59	0.15254237288135594	2	1	1	0.7095	1	0.7095	0.7095	False	0.43	1.84
12	100656177	C	T	DEPDC4	Missense_Mutation	43	6	49	0.12244897959183673	1	1	0	0.4471	1	0.4471	0.4471	False	0.43	1.84
12	101790353	T	G	ARL1	Missense_Mutation	68	7	75	0.09333333333333334	1	1	0	0.3408	1	0.3408	0.3408	False	0.43	1.84
12	104396927	A	G	GLT8D2	Silent	51	12	63	0.19047619047619047	1	1	0	0.6955	1	0.6955	0.6955	False	0.43	1.84
12	108145578	T	A	PRDM4	Missense_Mutation	26	4	30	0.13333333333333333	1	1	0	0.4868	1	0.4868	0.4868	False	0.43	1.84
12	110181921	G	C	FAM222A	5'UTR	14	8	22	0.36363636363636365	1	1	0	1.3277	1	1.3277	1.0	True	0.43	1.84
12	110897561	A	C	GPN3	Missense_Mutation	64	9	73	0.1232876712328767	1	1	0	0.4501	1	0.4501	0.4501	False	0.43	1.84
12	118650735	G	A	TAOK3	Missense_Mutation	33	5	38	0.13157894736842105	1	1	0	0.4804	1	0.4804	0.4804	False	0.43	1.84
12	124305235	C	A	DNAH10	Missense_Mutation	50	13	63	0.20634920634920634	1	1	0	0.7534	1	0.7534	0.7534	False	0.43	1.84
13	27643458	C	T	USP12	Missense_Mutation	52	5	57	0.08771929824561403	1	1	0	0.3203	1	0.3203	0.3203	False	0.43	1.84
13	29608195	A	T	MTUS2	Silent	23	9	32	0.28125	1	1	0	1.0269	1	1.0269	1.0	True	0.43	1.84
13	41650184	C	T	WBP4	Silent	55	4	59	0.06779661016949153	1	1	0	0.2475	1	0.2475	0.2475	False	0.43	1.84
13	42442483	T	G	VWA8	Missense_Mutation	52	4	56	0.07142857142857142	1	1	0	0.2608	1	0.2608	0.2608	False	0.43	1.84
13	48955394	C	T	RB1	Nonsense_Mutation	78	6	84	0.07142857142857142	1	1	0	0.2608	1	0.2608	0.2608	False	0.43	1.84
13	48985612	G	A	LPAR6	Silent	51	4	55	0.07272727272727272	1	1	0	0.2655	1	0.2655	0.2655	False	0.43	1.84
13	49841839	A	C	CDADC1	Missense_Mutation	36	4	40	0.1	1	1	0	0.3651	1	0.3651	0.3651	False	0.43	1.84
13	70681646	T	A	KLHL1	Missense_Mutation	37	14	51	0.27450980392156865	2	1	1	1.2768	1	1.2768	1.0	True	0.43	1.84
13	79177444	G	C	POU4F1	Missense_Mutation	34	6	40	0.15	2	1	1	0.6977	1	0.6977	0.6977	False	0.43	1.84
13	92345711	G	T	GPC5	Missense_Mutation	37	10	47	0.2127659574468085	2	1	1	0.9896	1	0.9896	0.9896	True	0.43	1.84
13	111944506	G	T	ARHGEF7	Missense_Mutation	57	14	71	0.19718309859154928	2	1	1	0.9171	1	0.9171	0.9171	True	0.43	1.84
14	20248931	G	T	OR4M1	Missense_Mutation	145	31	176	0.17613636363636365	1	1	0	0.6431	1	0.6431	0.6431	False	0.43	1.84
14	20295709	C	A	OR4N2	Missense_Mutation	72	25	97	0.25773195876288657	1	1	0	0.941	1	0.941	0.941	True	0.43	1.84
14	20666467	C	A	OR11G2	Missense_Mutation	71	23	94	0.24468085106382978	2	1	1	1.1381	1	1.1381	1.0	True	0.43	1.84
14	20859257	T	C	TEP1	Splice_Site	25	6	31	0.1935483870967742	2	1	1	0.9002	1	0.9002	0.9002	True	0.43	1.84
14	20978641	A	C	RNASE10	Missense_Mutation	89	10	99	0.10101010101010101	2	1	1	0.4698	1	0.4698	0.4698	False	0.43	1.84
14	21771602	G	T	RPGRIP1	Missense_Mutation	33	10	43	0.23255813953488372	2	1	1	1.0817	1	1.0817	1.0	True	0.43	1.84
14	22466305	G	A	TRAV17	Missense_Mutation	26	7	33	0.21212121212121213	2	1	1	0.9866	1	0.9866	0.9866	True	0.43	1.84
14	22934759	T	G	TRDC	3'UTR	33	3	36	0.08333333333333333	2	1	1	0.3876	1	0.3876	0.3876	False	0.43	1.84
14	23374132	G	A	RBM23	Silent	144	7	151	0.046357615894039736	2	1	1	0.2156	1	0.2156	0.2156	False	0.43	1.84
14	23847601	C	T	CMTM5	Missense_Mutation	41	4	45	0.08888888888888889	2	1	1	0.4134	1	0.4134	0.4134	False	0.43	1.84
14	23855640	T	C	MYH6	Missense_Mutation	88	19	107	0.17757009345794392	2	1	1	0.8259	1	0.8259	0.8259	False	0.43	1.84
14	23859380	G	T	MYH6	Silent	38	13	51	0.2549019607843137	2	1	1	1.1856	1	1.1856	1.0	True	0.43	1.84
14	24784999	C	G	LTB4R	Missense_Mutation	108	14	122	0.11475409836065574	2	1	1	0.5337	1	0.5337	0.5337	False	0.43	1.84
14	29237347	C	A	FOXG1	Missense_Mutation	36	9	45	0.2	2	1	1	0.9302	1	0.9302	0.9302	True	0.43	1.84
14	35497339	T	G	SRP54	Missense_Mutation	55	5	60	0.08333333333333333	2	1	1	0.3876	1	0.3876	0.3876	False	0.43	1.84
14	52477622	G	T	NID2	Missense_Mutation	65	5	70	0.07142857142857142	2	1	1	0.3322	1	0.3322	0.3322	False	0.43	1.84
14	54989197	C	T	CGRRF1	Silent	32	3	35	0.08571428571428572	2	1	1	0.3987	1	0.3987	0.3987	False	0.43	1.84
14	64632053	A	C	SYNE2	Missense_Mutation	103	6	109	0.05504587155963303	2	1	1	0.256	1	0.256	0.256	False	0.43	1.84
14	64634316	A	G	SYNE2	Missense_Mutation	46	7	53	0.1320754716981132	2	1	1	0.6143	1	0.6143	0.6143	False	0.43	1.84
14	65197868	A	G	PLEKHG3	Missense_Mutation	46	4	50	0.08	2	1	1	0.3721	1	0.3721	0.3721	False	0.43	1.84
14	70924791	A	C	ADAM21	Missense_Mutation	55	4	59	0.06779661016949153	2	1	1	0.3153	1	0.3153	0.3153	False	0.43	1.84
14	70925035	A	C	ADAM21	Missense_Mutation	64	14	78	0.1794871794871795	2	1	1	0.8348	1	0.8348	0.8348	False	0.43	1.84
14	74420220	T	G	COQ6	Silent	22	4	26	0.15384615384615385	2	1	1	0.7156	1	0.7156	0.7156	False	0.43	1.84
14	76149953	T	G	TTLL5	Missense_Mutation	56	6	62	0.0967741935483871	2	1	1	0.4501	1	0.4501	0.4501	False	0.43	1.84
14	88477813	C	A	GPR65	Missense_Mutation	40	12	52	0.23076923076923078	2	1	1	1.0733	1	1.0733	1.0	True	0.43	1.84
14	91976004	G	A	SMEK1	5'UTR	7	3	10	0.3	2	1	1	1.3953	1	1.3953	1.0	True	0.43	1.84
14	92249481	T	G	TC2N	Missense_Mutation	69	5	74	0.06756756756756757	2	1	1	0.3143	1	0.3143	0.3143	False	0.43	1.84
14	92484086	T	C	TRIP11	Silent	29	3	32	0.09375	2	1	1	0.436	1	0.436	0.436	False	0.43	1.84
14	93277914	C	T	GOLGA5	Missense_Mutation	42	13	55	0.23636363636363636	2	1	1	1.0994	1	1.0994	1.0	True	0.43	1.84
14	94526901	A	G	DDX24	Missense_Mutation	103	10	113	0.08849557522123894	2	1	1	0.4116	1	0.4116	0.4116	False	0.43	1.84
14	100165839	A	G	CYP46A1	Missense_Mutation	337	19	356	0.05337078651685393	2	1	1	0.2482	1	0.2482	0.2482	False	0.43	1.84
14	101402857	T	A	SNORD113-4	RNA	63	13	76	0.17105263157894737	2	1	1	0.7956	1	0.7956	0.7956	False	0.43	1.84
14	101512828	T	G	MIR487B	RNA	97	6	103	0.05825242718446602	2	1	1	0.2709	1	0.2709	0.2709	False	0.43	1.84
14	102499429	A	C	DYNC1H1	Missense_Mutation	62	5	67	0.07462686567164178	2	1	1	0.3471	1	0.3471	0.3471	False	0.43	1.84
14	103180781	C	A	RCOR1	Missense_Mutation	20	5	25	0.2	2	1	1	0.9302	1	0.9302	0.9302	True	0.43	1.84
14	103371856	A	T	TRAF3	Missense_Mutation	113	8	121	0.06611570247933884	2	1	1	0.3075	1	0.3075	0.3075	False	0.43	1.84
14	103434850	G	A	CDC42BPB	Silent	58	8	66	0.12121212121212122	2	1	1	0.5638	1	0.5638	0.5638	False	0.43	1.84
14	104194169	C	T	ZFYVE21	Silent	36	8	44	0.18181818181818182	2	1	1	0.8457	1	0.8457	0.8457	False	0.43	1.84
14	105407644	T	G	AHNAK2	Missense_Mutation	42	4	46	0.08695652173913043	2	1	1	0.4044	1	0.4044	0.4044	False	0.43	1.84
14	105413321	A	C	AHNAK2	Missense_Mutation	396	20	416	0.04807692307692308	2	1	1	0.2236	1	0.2236	0.2236	False	0.43	1.84
15	22369283	C	A	OR4M2	Missense_Mutation	223	10	233	0.04291845493562232	3	2	1	0.2425	1	0.2425	0.2425	False	0.43	1.84
15	23108855	T	G	RP11-566K19.6	RNA	23	3	26	0.11538461538461539	1	1	0	0.4213	1	0.4213	0.4213	False	0.43	1.84
15	23890418	G	T	MAGEL2	Silent	40	12	52	0.23076923076923078	1	1	0	0.8426	1	0.8426	0.8426	False	0.43	1.84
15	33938576	G	T	RYR3	Missense_Mutation	91	25	116	0.21551724137931033	1	1	0	0.7869	1	0.7869	0.7869	False	0.43	1.84
15	34649838	C	A	NUTM1	3'UTR	47	19	66	0.2878787878787879	1	1	0	1.0511	1	1.0511	1.0	True	0.43	1.84
15	48060944	G	A	SEMA6D	Silent	43	5	48	0.10416666666666667	1	1	0	0.3803	1	0.3803	0.3803	False	0.43	1.84
15	52521360	C	A	MYO5C	Silent	112	10	122	0.08196721311475409	1	1	0	0.2993	1	0.2993	0.2993	False	0.43	1.84
15	56959051	G	A	ZNF280D	Missense_Mutation	57	4	61	0.06557377049180328	1	1	0	0.2394	1	0.2394	0.2394	False	0.43	1.84
15	59376336	A	G	RNF111	Missense_Mutation	35	4	39	0.10256410256410256	1	1	0	0.3745	1	0.3745	0.3745	False	0.43	1.84
15	59500076	T	G	LDHAL6B	Missense_Mutation	65	5	70	0.07142857142857142	1	1	0	0.2608	1	0.2608	0.2608	False	0.43	1.84
15	60770156	T	A	NARG2	Silent	128	17	145	0.11724137931034483	1	1	0	0.4281	1	0.4281	0.4281	False	0.43	1.84
15	63932447	T	G	HERC1	Missense_Mutation	101	8	109	0.07339449541284404	1	1	0	0.268	1	0.268	0.268	False	0.43	1.84
15	65883948	C	T	VWA9	Missense_Mutation	23	10	33	0.30303030303030304	1	1	0	1.1064	1	1.1064	1.0	True	0.43	1.84
15	66813504	G	A	ZWILCH	Silent	266	12	278	0.04316546762589928	1	1	0	0.1576	1	0.1576	0.1576	False	0.43	1.84
15	72495482	T	G	PKM	Missense_Mutation	28	4	32	0.125	1	1	0	0.4564	1	0.4564	0.4564	False	0.43	1.84
15	75687201	C	T	SIN3A	Silent	92	7	99	0.0707070707070707	1	1	0	0.2582	1	0.2582	0.2582	False	0.43	1.84
15	77473509	C	T	PEAK1	Missense_Mutation	71	5	76	0.06578947368421052	1	1	0	0.2402	1	0.2402	0.2402	False	0.43	1.84
15	90904222	A	T	ZNF774	Missense_Mutation	50	4	54	0.07407407407407407	1	1	0	0.2705	1	0.2705	0.2705	False	0.43	1.84
15	91025321	G	T	IQGAP1	Silent	68	6	74	0.08108108108108109	1	1	0	0.296	1	0.296	0.296	False	0.43	1.84
15	93489369	G	T	CHD2	Nonsense_Mutation	61	7	68	0.10294117647058823	1	1	0	0.3759	1	0.3759	0.3759	False	0.43	1.84
16	338111	C	A	AXIN1	3'UTR	64	14	78	0.1794871794871795	2	1	1	0.8348	1	0.8348	0.8348	False	0.43	1.84
16	2140354	C	T	PKD1	Missense_Mutation	40	4	44	0.09090909090909091	2	1	1	0.4228	1	0.4228	0.4228	False	0.43	1.84
16	2821338	A	G	SRRM2	3'UTR	12	3	15	0.2	2	1	1	0.9302	1	0.9302	0.9302	True	0.43	1.84
16	9934906	C	T	GRIN2A	Missense_Mutation	73	16	89	0.1797752808988764	2	1	1	0.8362	1	0.8362	0.8362	False	0.43	1.84
16	12009922	C	T	GSPT1	5'Flank	15	3	18	0.16666666666666666	2	1	1	0.7752	1	0.7752	0.7752	False	0.43	1.84
16	15112706	G	T	PDXDC1	Missense_Mutation	86	10	96	0.10416666666666667	2	1	1	0.4845	1	0.4845	0.4845	False	0.43	1.84
16	18879867	T	A	SMG1	Missense_Mutation	15	6	21	0.2857142857142857	2	1	1	1.3289	1	1.3289	1.0	True	0.43	1.84
16	21123091	A	C	DNAH3	Missense_Mutation	40	4	44	0.09090909090909091	2	1	1	0.4228	1	0.4228	0.4228	False	0.43	1.84
16	31336681	T	G	ITGAM	Missense_Mutation	37	3	40	0.075	2	1	1	0.3488	1	0.3488	0.3488	False	0.43	1.84
16	46782007	G	T	MYLK3	Missense_Mutation	74	13	87	0.14942528735632185	2	1	1	0.695	1	0.695	0.695	False	0.43	1.84
16	48134829	G	A	ABCC12	Silent	21	5	26	0.19230769230769232	2	1	1	0.8945	1	0.8945	0.8945	True	0.43	1.84
16	48201054	C	T	ABCC11	3'UTR	13	3	16	0.1875	2	1	1	0.8721	1	0.8721	0.8721	True	0.43	1.84
16	49671514	A	C	ZNF423	Missense_Mutation	33	3	36	0.08333333333333333	2	1	1	0.3876	1	0.3876	0.3876	False	0.43	1.84
16	51174404	G	T	SALL1	Missense_Mutation	21	15	36	0.4166666666666667	2	1	1	1.938	1	1.938	1.0	True	0.43	1.84
16	51175593	C	T	SALL1	Silent	55	16	71	0.22535211267605634	2	1	1	1.0481	1	1.0481	1.0	True	0.43	1.84
16	57067576	G	T	NLRC5	Silent	35	5	40	0.125	2	1	1	0.5814	1	0.5814	0.5814	False	0.43	1.84
16	57736038	A	G	CCDC135	Missense_Mutation	42	5	47	0.10638297872340426	2	1	1	0.4948	1	0.4948	0.4948	False	0.43	1.84
16	67291324	A	G	SLC9A5	Missense_Mutation	70	6	76	0.07894736842105263	2	1	1	0.3672	1	0.3672	0.3672	False	0.43	1.84
16	67516688	A	C	AGRP	Missense_Mutation	78	7	85	0.08235294117647059	2	1	1	0.383	1	0.383	0.383	False	0.43	1.84
16	70349945	A	T	DDX19B	Missense_Mutation	226	10	236	0.0423728813559322	2	1	1	0.1971	1	0.1971	0.1971	False	0.43	1.84
16	71101226	C	A	HYDIN	Missense_Mutation	26	19	45	0.4222222222222222	2	1	1	1.9638	1	1.9638	1.0	True	0.43	1.84
16	71483783	T	A	ZNF23	Missense_Mutation	28	3	31	0.0967741935483871	2	1	1	0.4501	1	0.4501	0.4501	False	0.43	1.84
16	74908274	A	T	WDR59	Missense_Mutation	45	5	50	0.1	2	1	1	0.4651	1	0.4651	0.4651	False	0.43	1.84
16	76495951	C	A	CNTNAP4	Missense_Mutation	21	6	27	0.2222222222222222	2	1	1	1.0336	1	1.0336	1.0	True	0.43	1.84
16	81301529	G	A	BCMO1	Silent	25	5	30	0.16666666666666666	2	1	1	0.7752	1	0.7752	0.7752	False	0.43	1.84
16	88061144	G	A	BANP	Silent	99	9	108	0.08333333333333333	2	1	1	0.3876	1	0.3876	0.3876	False	0.43	1.84
16	90095586	G	T	C16orf3	Silent	9	5	14	0.35714285714285715	2	1	1	1.6611	1	1.6611	1.0	True	0.43	1.84
17	3470266	C	A	SHPK	Missense_Mutation	20	15	35	0.42857142857142855	1	1	0	1.5648	1	1.5648	1.0	True	0.43	1.84
17	3567993	A	G	TAX1BP3	Missense_Mutation	27	4	31	0.12903225806451613	1	1	0	0.4711	1	0.4711	0.4711	False	0.43	1.84
17	5012775	A	G	ZNF232	Missense_Mutation	86	5	91	0.054945054945054944	1	1	0	0.2006	1	0.2006	0.2006	False	0.43	1.84
17	6683325	G	T	FBXO39	Missense_Mutation	28	8	36	0.2222222222222222	1	1	0	0.8114	1	0.8114	0.8114	False	0.43	1.84
17	7227721	C	A	NEURL4	Missense_Mutation	27	12	39	0.3076923076923077	1	1	0	1.1234	1	1.1234	1.0	True	0.43	1.84
17	7577570	C	T	TP53	Missense_Mutation	29	10	39	0.2564102564102564	1	1	0	0.9362	1	0.9362	0.9362	True	0.43	1.84
17	10303745	C	A	MYH8	Missense_Mutation	62	21	83	0.25301204819277107	1	1	0	0.9238	1	0.9238	0.9238	True	0.43	1.84
17	17150853	C	T	COPS3	Missense_Mutation	105	10	115	0.08695652173913043	1	1	0	0.3175	1	0.3175	0.3175	False	0.43	1.84
17	19285129	C	T	MAPK7	Missense_Mutation	10	5	15	0.3333333333333333	2	1	1	1.5504	1	1.5504	1.0	True	0.43	1.84
17	19643703	C	T	ALDH3A1	Missense_Mutation	53	6	59	0.1016949152542373	2	1	1	0.473	1	0.473	0.473	False	0.43	1.84
17	27016436	A	G	SUPT6H	Missense_Mutation	51	5	56	0.08928571428571429	2	1	1	0.4153	1	0.4153	0.4153	False	0.43	1.84
17	27185753	G	C	ERAL1	Missense_Mutation	107	21	128	0.1640625	2	1	1	0.7631	1	0.7631	0.7631	False	0.43	1.84
17	33679318	C	A	SLFN11	3'UTR	47	11	58	0.1896551724137931	2	1	1	0.8821	1	0.8821	0.8821	True	0.43	1.84
17	33749657	T	A	SLFN12	Missense_Mutation	57	9	66	0.13636363636363635	2	1	1	0.6342	1	0.6342	0.6342	False	0.43	1.84
17	35564637	G	A	ACACA	Missense_Mutation	42	4	46	0.08695652173913043	2	1	1	0.4044	1	0.4044	0.4044	False	0.43	1.84
17	37657640	A	C	CDK12	Missense_Mutation	67	5	72	0.06944444444444445	2	1	1	0.323	1	0.323	0.323	False	0.43	1.84
17	38991470	A	G	TMEM99	Silent	52	16	68	0.23529411764705882	2	1	1	1.0944	1	1.0944	1.0	True	0.43	1.84
17	39959164	C	T	LEPREL4	3'UTR	53	6	59	0.1016949152542373	2	1	1	0.473	1	0.473	0.473	False	0.43	1.84
17	40001555	T	A	KLHL10	Missense_Mutation	45	4	49	0.08163265306122448	2	1	1	0.3797	1	0.3797	0.3797	False	0.43	1.84
17	43322464	A	T	FMNL1	Missense_Mutation	30	3	33	0.09090909090909091	2	1	1	0.4228	1	0.4228	0.4228	False	0.43	1.84
17	43923925	C	A	SPPL2C	Silent	36	6	42	0.14285714285714285	2	1	1	0.6645	1	0.6645	0.6645	False	0.43	1.84
17	45679050	T	C	NPEPPS	Silent	94	8	102	0.0784313725490196	2	1	1	0.3648	1	0.3648	0.3648	False	0.43	1.84
17	46620371	T	G	HOXB2	3'UTR	60	5	65	0.07692307692307693	2	1	1	0.3578	1	0.3578	0.3578	False	0.43	1.84
17	46675140	T	A	HOXB6	Missense_Mutation	9	4	13	0.3076923076923077	2	1	1	1.4311	1	1.4311	1.0	True	0.43	1.84
17	48166487	A	G	ITGA3	Missense_Mutation	209	10	219	0.045662100456621	2	1	1	0.2124	1	0.2124	0.2124	False	0.43	1.84
17	48191595	T	A	SAMD14	Nonsense_Mutation	41	5	46	0.10869565217391304	2	1	1	0.5056	1	0.5056	0.5056	False	0.43	1.84
17	48678465	T	C	CACNA1G	Missense_Mutation	60	5	65	0.07692307692307693	2	1	1	0.3578	1	0.3578	0.3578	False	0.43	1.84
17	56247592	C	A	OR4D2	Silent	65	28	93	0.3010752688172043	2	1	1	1.4004	1	1.4004	1.0	True	0.43	1.84
17	56602501	C	T	SEPT4	Silent	137	9	146	0.06164383561643835	2	1	1	0.2867	1	0.2867	0.2867	False	0.43	1.84
17	56694929	A	G	TEX14	Silent	138	11	149	0.0738255033557047	2	1	1	0.3434	1	0.3434	0.3434	False	0.43	1.84
17	57290496	T	C	SMG8	Missense_Mutation	86	19	105	0.18095238095238095	2	1	1	0.8416	1	0.8416	0.8416	False	0.43	1.84
17	61473197	T	G	TANC2	Missense_Mutation	33	4	37	0.10810810810810811	2	1	1	0.5028	1	0.5028	0.5028	False	0.43	1.84
17	61560485	A	G	ACE	Missense_Mutation	161	10	171	0.05847953216374269	2	1	1	0.272	1	0.272	0.272	False	0.43	1.84
17	62024518	T	C	SCN4A	Missense_Mutation	54	14	68	0.20588235294117646	2	1	1	0.9576	1	0.9576	0.9576	True	0.43	1.84
17	65353637	T	A	PSMD12	Missense_Mutation	94	29	123	0.23577235772357724	2	1	1	1.0966	1	1.0966	1.0	True	0.43	1.84
17	73658698	T	G	RECQL5	Missense_Mutation	198	8	206	0.038834951456310676	2	1	1	0.1806	1	0.1806	0.1806	False	0.43	1.84
17	74288010	T	C	QRICH2	Missense_Mutation	174	13	187	0.06951871657754011	2	1	1	0.3233	1	0.3233	0.3233	False	0.43	1.84
17	74326137	C	T	PRPSAP1	Missense_Mutation	105	10	115	0.08695652173913043	2	1	1	0.4044	1	0.4044	0.4044	False	0.43	1.84
17	75471954	C	T	SEPT9	Intron	79	5	84	0.05952380952380952	2	1	1	0.2769	1	0.2769	0.2769	False	0.43	1.84
17	77043789	C	T	C1QTNF1	Silent	34	16	50	0.32	2	1	1	1.4884	1	1.4884	1.0	True	0.43	1.84
18	2539024	A	C	METTL4	Missense_Mutation	64	4	68	0.058823529411764705	1	1	0	0.2148	1	0.2148	0.2148	False	0.43	1.84
18	5292009	C	T	ZBTB14	Silent	56	4	60	0.06666666666666667	1	1	0	0.2434	1	0.2434	0.2434	False	0.43	1.84
18	9570190	T	G	PPP4R1	Missense_Mutation	99	8	107	0.07476635514018691	1	1	0	0.273	1	0.273	0.273	False	0.43	1.84
18	10691284	G	T	PIEZO2	Silent	33	23	56	0.4107142857142857	1	1	0	1.4996	1	1.4996	1.0	True	0.43	1.84
18	12506544	G	A	SPIRE1	Nonsense_Mutation	99	6	105	0.05714285714285714	1	1	0	0.2086	1	0.2086	0.2086	False	0.43	1.84
18	20889705	T	A	TMEM241	Missense_Mutation	41	4	45	0.08888888888888889	1	1	0	0.3245	1	0.3245	0.3245	False	0.43	1.84
18	28993209	T	A	DSG4	Missense_Mutation	87	5	92	0.05434782608695652	1	1	0	0.1984	1	0.1984	0.1984	False	0.43	1.84
18	31323987	G	T	ASXL3	Missense_Mutation	67	14	81	0.1728395061728395	1	1	0	0.6311	1	0.6311	0.6311	False	0.43	1.84
18	42532101	C	T	SETBP1	Silent	29	3	32	0.09375	1	1	0	0.3423	1	0.3423	0.3423	False	0.43	1.84
18	61011694	A	T	KDSR	Silent	60	23	83	0.27710843373493976	1	1	0	1.0118	1	1.0118	1.0	True	0.43	1.84
18	61377464	C	T	SERPINB11	Missense_Mutation	9	5	14	0.35714285714285715	1	1	0	1.304	1	1.304	1.0	True	0.43	1.84
18	65179283	C	T	DSEL	Missense_Mutation	130	7	137	0.051094890510948905	1	1	0	0.1866	1	0.1866	0.1866	False	0.43	1.84
18	74580719	G	A	ZNF236	Missense_Mutation	58	7	65	0.1076923076923077	1	1	0	0.3932	1	0.3932	0.3932	False	0.43	1.84
19	3179542	A	T	S1PR4	Missense_Mutation	55	4	59	0.06779661016949153	2	1	1	0.3153	1	0.3153	0.3153	False	0.43	1.84
19	3600066	G	T	TBXA2R	Silent	13	3	16	0.1875	2	1	1	0.8721	1	0.8721	0.8721	True	0.43	1.84
19	3600282	C	A	TBXA2R	Silent	29	7	36	0.19444444444444445	2	1	1	0.9044	1	0.9044	0.9044	True	0.43	1.84
19	4290587	A	C	SHD	Missense_Mutation	48	11	59	0.1864406779661017	2	1	1	0.8672	1	0.8672	0.8672	True	0.43	1.84
19	8188893	C	A	FBN3	Splice_Site	11	6	17	0.35294117647058826	2	1	1	1.6416	1	1.6416	1.0	True	0.43	1.84
19	8922726	C	A	ZNF558	Missense_Mutation	26	5	31	0.16129032258064516	2	1	1	0.7502	1	0.7502	0.7502	False	0.43	1.84
19	8997436	G	T	MUC16	Silent	65	8	73	0.1095890410958904	2	1	1	0.5097	1	0.5097	0.5097	False	0.43	1.84
19	9049986	T	A	MUC16	Missense_Mutation	99	37	136	0.27205882352941174	2	1	1	1.2654	1	1.2654	1.0	True	0.43	1.84
19	9064299	G	A	MUC16	Missense_Mutation	56	6	62	0.0967741935483871	2	1	1	0.4501	1	0.4501	0.4501	False	0.43	1.84
19	9068851	C	A	MUC16	Missense_Mutation	57	8	65	0.12307692307692308	2	1	1	0.5725	1	0.5725	0.5725	False	0.43	1.84
19	9069475	C	A	MUC16	Missense_Mutation	86	21	107	0.19626168224299065	2	1	1	0.9128	1	0.9128	0.9128	True	0.43	1.84
19	9072575	G	T	MUC16	Missense_Mutation	64	11	75	0.14666666666666667	2	1	1	0.6822	1	0.6822	0.6822	False	0.43	1.84
19	10478996	T	C	TYK2	Missense_Mutation	100	9	109	0.08256880733944955	2	1	1	0.384	1	0.384	0.384	False	0.43	1.84
19	12430402	C	A	ZNF563	Missense_Mutation	108	29	137	0.2116788321167883	2	1	1	0.9846	1	0.9846	0.9846	True	0.43	1.84
19	15511157	C	T	AKAP8L	Missense_Mutation	43	4	47	0.0851063829787234	2	1	1	0.3958	1	0.3958	0.3958	False	0.43	1.84
19	15871693	G	A	LLNLR-249E10.1	RNA	38	5	43	0.11627906976744186	2	1	1	0.5408	1	0.5408	0.5408	False	0.43	1.84
19	16240408	A	C	RAB8A	Missense_Mutation	104	10	114	0.08771929824561403	2	1	1	0.408	1	0.408	0.408	False	0.43	1.84
19	16918833	T	C	NWD1	Silent	112	7	119	0.058823529411764705	2	1	1	0.2736	1	0.2736	0.2736	False	0.43	1.84
19	17946827	G	A	JAK3	Missense_Mutation	40	12	52	0.23076923076923078	2	1	1	1.0733	1	1.0733	1.0	True	0.43	1.84
19	19166736	A	T	ARMC6	Missense_Mutation	11	3	14	0.21428571428571427	2	1	1	0.9967	1	0.9967	0.9967	True	0.43	1.84
19	31767491	C	A	TSHZ3	Missense_Mutation	40	18	58	0.3103448275862069	2	1	1	1.4435	1	1.4435	1.0	True	0.43	1.84
19	31770556	G	T	TSHZ3	Missense_Mutation	25	11	36	0.3055555555555556	2	1	1	1.4212	1	1.4212	1.0	True	0.43	1.84
19	37310991	C	T	ZNF790	Silent	37	4	41	0.0975609756097561	2	1	1	0.4538	1	0.4538	0.4538	False	0.43	1.84
19	37975148	C	T	ZNF570	Silent	141	35	176	0.19886363636363635	2	1	1	0.9249	1	0.9249	0.9249	True	0.43	1.84
19	41596384	G	A	CYP2A13	Missense_Mutation	60	9	69	0.13043478260869565	2	1	1	0.6067	1	0.6067	0.6067	False	0.43	1.84
19	42492704	T	C	ATP1A3	Missense_Mutation	105	8	113	0.07079646017699115	2	1	1	0.3293	1	0.3293	0.3293	False	0.43	1.84
19	42813889	T	G	PRR19	Missense_Mutation	63	7	70	0.1	2	1	1	0.4651	1	0.4651	0.4651	False	0.43	1.84
19	44571440	A	G	ZNF223	3'UTR	24	3	27	0.1111111111111111	2	1	1	0.5168	1	0.5168	0.5168	False	0.43	1.84
19	44792043	A	C	ZNF235	Missense_Mutation	82	6	88	0.06818181818181818	2	1	1	0.3171	1	0.3171	0.3171	False	0.43	1.84
19	46129982	T	G	EML2	Missense_Mutation	86	5	91	0.054945054945054944	2	1	1	0.2556	1	0.2556	0.2556	False	0.43	1.84
19	47127047	A	T	PTGIR	Missense_Mutation	18	4	22	0.18181818181818182	2	1	1	0.8457	1	0.8457	0.8457	False	0.43	1.84
19	47844673	T	C	C5AR2	Missense_Mutation	78	8	86	0.09302325581395349	2	1	1	0.4327	1	0.4327	0.4327	False	0.43	1.84
19	47858457	T	G	DHX34	Missense_Mutation	70	6	76	0.07894736842105263	2	1	1	0.3672	1	0.3672	0.3672	False	0.43	1.84
19	49079335	A	C	SULT2B1	Missense_Mutation	57	5	62	0.08064516129032258	2	1	1	0.3751	1	0.3751	0.3751	False	0.43	1.84
19	50961983	C	A	MYBPC2	Silent	22	4	26	0.15384615384615385	2	1	1	0.7156	1	0.7156	0.7156	False	0.43	1.84
19	52222525	C	A	HAS1	Missense_Mutation	26	5	31	0.16129032258064516	2	1	1	0.7502	1	0.7502	0.7502	False	0.43	1.84
19	54080208	G	A	ZNF331	Missense_Mutation	81	7	88	0.07954545454545454	2	1	1	0.37	1	0.37	0.37	False	0.43	1.84
19	55107946	C	A	LILRA1	Silent	75	20	95	0.21052631578947367	2	1	1	0.9792	1	0.9792	0.9792	True	0.43	1.84
19	55401240	G	A	FCAR	3'UTR	45	13	58	0.22413793103448276	2	1	1	1.0425	1	1.0425	1.0	True	0.43	1.84
19	58441796	C	A	ZNF418	Missense_Mutation	36	13	49	0.2653061224489796	2	1	1	1.234	1	1.234	1.0	True	0.43	1.84
19	58441797	C	A	ZNF418	Silent	36	14	50	0.28	2	1	1	1.3023	1	1.3023	1.0	True	0.43	1.84
19	58850525	C	T	ZSCAN22	Nonsense_Mutation	98	9	107	0.08411214953271028	2	1	1	0.3912	1	0.3912	0.3912	False	0.43	1.84
20	1293283	G	A	SDCBP2	Nonsense_Mutation	35	3	38	0.07894736842105263	2	1	1	0.3672	1	0.3672	0.3672	False	0.43	1.84
20	3564616	A	G	ATRN	Missense_Mutation	266	13	279	0.04659498207885305	2	1	1	0.2167	1	0.2167	0.2167	False	0.43	1.84
20	14308019	T	C	FLRT3	Missense_Mutation	48	15	63	0.23809523809523808	2	1	1	1.1074	1	1.1074	1.0	True	0.43	1.84
20	18393412	C	A	DZANK1	Missense_Mutation	51	16	67	0.23880597014925373	2	1	1	1.1107	1	1.1107	1.0	True	0.43	1.84
20	25472148	C	T	NINL	Missense_Mutation	29	4	33	0.12121212121212122	2	1	1	0.5638	1	0.5638	0.5638	False	0.43	1.84
20	34022109	G	A	GDF5	Silent	118	27	145	0.18620689655172415	2	1	1	0.8661	1	0.8661	0.8661	True	0.43	1.84
20	39317565	G	T	MAFB	5'UTR	7	5	12	0.4166666666666667	2	1	1	1.938	1	1.938	1.0	True	0.43	1.84
20	40141547	C	A	CHD6	Missense_Mutation	201	55	256	0.21484375	2	1	1	0.9993	1	0.9993	0.9993	True	0.43	1.84
20	40730774	G	T	PTPRT	Missense_Mutation	37	13	50	0.26	2	1	1	1.2093	1	1.2093	1.0	True	0.43	1.84
20	44698919	A	T	NCOA5	Missense_Mutation	78	5	83	0.060240963855421686	2	1	1	0.2802	1	0.2802	0.2802	False	0.43	1.84
20	46268772	A	C	NCOA3	Missense_Mutation	81	5	86	0.05813953488372093	2	1	1	0.2704	1	0.2704	0.2704	False	0.43	1.84
20	46282242	C	T	NCOA3	3'UTR	131	10	141	0.07092198581560284	2	1	1	0.3299	1	0.3299	0.3299	False	0.43	1.84
20	47256392	G	T	PREX1	Missense_Mutation	77	18	95	0.18947368421052632	2	1	1	0.8813	1	0.8813	0.8813	True	0.43	1.84
20	47268021	C	A	PREX1	Silent	35	9	44	0.20454545454545456	2	1	1	0.9514	1	0.9514	0.9514	True	0.43	1.84
20	47296283	T	A	PREX1	Missense_Mutation	82	5	87	0.05747126436781609	2	1	1	0.2673	1	0.2673	0.2673	False	0.43	1.84
20	50769806	T	A	ZFP64	Nonsense_Mutation	68	32	100	0.32	2	1	1	1.4884	1	1.4884	1.0	True	0.43	1.84
20	52569985	A	C	BCAS1	Missense_Mutation	52	4	56	0.07142857142857142	2	1	1	0.3322	1	0.3322	0.3322	False	0.43	1.84
20	60775984	C	T	MTG2	Nonsense_Mutation	60	14	74	0.1891891891891892	2	1	1	0.8799	1	0.8799	0.8799	True	0.43	1.84
20	61468604	C	A	COL9A3	Missense_Mutation	43	13	56	0.23214285714285715	2	1	1	1.0797	1	1.0797	1.0	True	0.43	1.84
21	10863048	G	C	IGHV1OR21-1	Missense_Mutation	448	35	483	0.07246376811594203	2	1	1	0.337	1	0.337	0.337	False	0.43	1.84
21	11098800	C	T	BAGE2	RNA	94	10	104	0.09615384615384616	2	1	1	0.4472	1	0.4472	0.4472	False	0.43	1.84
21	38593626	T	A	DSCR3	3'Flank	25	6	31	0.1935483870967742	2	1	1	0.9002	1	0.9002	0.9002	True	0.43	1.84
21	39493317	T	G	DSCR4	Missense_Mutation	26	3	29	0.10344827586206896	2	1	1	0.4812	1	0.4812	0.4812	False	0.43	1.84
21	40847071	C	T	SH3BGR	Missense_Mutation	31	6	37	0.16216216216216217	2	1	1	0.7542	1	0.7542	0.7542	False	0.43	1.84
21	40847078	C	T	SH3BGR	Silent	32	6	38	0.15789473684210525	2	1	1	0.7344	1	0.7344	0.7344	False	0.43	1.84
21	44190883	A	G	PDE9A	Missense_Mutation	55	4	59	0.06779661016949153	3	2	1	0.3831	1	0.3831	0.3831	False	0.43	1.84
21	44433348	G	C	PKNOX1	Missense_Mutation	60	10	70	0.14285714285714285	3	2	1	0.8073	1	0.8073	0.8073	False	0.43	1.84
21	44479361	C	T	CBS	Missense_Mutation	69	21	90	0.23333333333333334	3	2	1	1.3186	1	1.3186	1.0	True	0.43	1.84
21	45507711	C	T	TRAPPC10	Missense_Mutation	42	4	46	0.08695652173913043	3	2	1	0.4914	1	0.4914	0.4914	False	0.43	1.84
21	45949708	C	T	TSPEAR	Missense_Mutation	37	5	42	0.11904761904761904	3	2	1	0.6728	1	0.6728	0.6728	False	0.43	1.84
21	46058126	G	T	KRTAP10-10	3'UTR	24	4	28	0.14285714285714285	3	2	1	0.8073	1	0.8073	0.8073	False	0.43	1.84
22	17265203	T	A	XKR3	Missense_Mutation	13	16	29	0.5517241379310345	2	1	1	2.5662	1	2.5662	1.0	True	0.43	1.84
22	17690322	G	C	CECR1	Silent	54	10	64	0.15625	2	1	1	0.7267	1	0.7267	0.7267	False	0.43	1.84
22	18083885	T	G	ATP6V1E1	Missense_Mutation	91	6	97	0.061855670103092786	2	1	1	0.2877	1	0.2877	0.2877	False	0.43	1.84
22	20079070	G	A	DGCR8	Silent	195	10	205	0.04878048780487805	2	1	1	0.2269	1	0.2269	0.2269	False	0.43	1.84
22	23214088	C	A	IGLV4-3	Missense_Mutation	58	5	63	0.07936507936507936	2	1	1	0.3691	1	0.3691	0.3691	False	0.43	1.84
22	30862366	C	T	SEC14L3	Missense_Mutation	11	3	14	0.21428571428571427	1	1	0	0.7824	1	0.7824	0.7824	False	0.43	1.84
22	31822711	G	T	DRG1	Missense_Mutation	82	8	90	0.08888888888888889	1	1	0	0.3245	1	0.3245	0.3245	False	0.43	1.84
22	36680529	G	A	MYH9	Missense_Mutation	29	8	37	0.21621621621621623	1	1	0	0.7894	1	0.7894	0.7894	False	0.43	1.84
22	37709623	C	A	CYTH4	3'UTR	16	8	24	0.3333333333333333	1	1	0	1.2171	1	1.2171	1.0	True	0.43	1.84
22	47189646	A	C	TBC1D22A	Missense_Mutation	8	3	11	0.2727272727272727	1	1	0	0.9958	1	0.9958	0.9958	True	0.43	1.84
22	50684457	G	A	HDAC10	Missense_Mutation	11	3	14	0.21428571428571427	1	1	0	0.7824	1	0.7824	0.7824	False	0.43	1.84
22	50898508	C	A	SBF1	Missense_Mutation	16	4	20	0.2	1	1	0	0.7302	1	0.7302	0.7302	False	0.43	1.84
X	1317496	A	G	CRLF2	Missense_Mutation	54	13	67	0.19402985074626866	2	1	1	0.9025	1	0.9025	0.9025	True	0.43	1.84
X	1409365	C	A	CSF2RA	Silent	296	68	364	0.18681318681318682	2	1	1	0.8689	1	0.8689	0.8689	True	0.43	1.84
X	3240859	G	A	MXRA5	Missense_Mutation	32	8	40	0.2	2	1	1	0.9302	1	0.9302	0.9302	True	0.43	1.84
X	7177553	C	A	STS	Missense_Mutation	42	8	50	0.16	2	1	1	0.7442	1	0.7442	0.7442	False	0.43	1.84
X	8538589	C	A	KAL1	Missense_Mutation	27	10	37	0.2702702702702703	2	1	1	1.2571	1	1.2571	1.0	True	0.43	1.84
X	10174510	A	G	CLCN4	Missense_Mutation	23	3	26	0.11538461538461539	2	1	1	0.5367	1	0.5367	0.5367	False	0.43	1.84
X	13337402	C	A	ATXN3L	Nonsense_Mutation	232	9	241	0.03734439834024896	2	1	1	0.1737	1	0.1737	0.1737	False	0.43	1.84
X	15782715	G	T	CA5B	Nonsense_Mutation	61	12	73	0.1643835616438356	2	1	1	0.7646	1	0.7646	0.7646	False	0.43	1.84
X	17095462	G	T	REPS2	Missense_Mutation	91	24	115	0.20869565217391303	2	1	1	0.9707	1	0.9707	0.9707	True	0.43	1.84
X	31514985	G	T	DMD	Missense_Mutation	32	7	39	0.1794871794871795	2	1	1	0.8348	1	0.8348	0.8348	False	0.43	1.84
X	31697609	C	A	DMD	Missense_Mutation	47	6	53	0.11320754716981132	2	1	1	0.5265	1	0.5265	0.5265	False	0.43	1.84
X	31986502	G	T	DMD	Missense_Mutation	84	20	104	0.19230769230769232	2	1	1	0.8945	1	0.8945	0.8945	True	0.43	1.84
X	35938153	C	A	CXorf22	Silent	32	9	41	0.21951219512195122	2	1	1	1.021	1	1.021	1.0	True	0.43	1.84
X	37028560	G	C	FAM47C	Missense_Mutation	117	18	135	0.13333333333333333	2	1	1	0.6202	1	0.6202	0.6202	False	0.43	1.84
X	37660540	T	C	CYBB	Missense_Mutation	171	48	219	0.2191780821917808	2	1	1	1.0194	1	1.0194	1.0	True	0.43	1.84
X	39930393	G	T	BCOR	Nonsense_Mutation	24	4	28	0.14285714285714285	2	1	1	0.6645	1	0.6645	0.6645	False	0.43	1.84
X	40994013	T	G	USP9X	Missense_Mutation	61	5	66	0.07575757575757576	2	1	1	0.3524	1	0.3524	0.3524	False	0.43	1.84
X	48163767	C	T	SSX9	RNA	142	7	149	0.04697986577181208	2	1	1	0.2185	1	0.2185	0.2185	False	0.43	1.84
X	48674049	A	C	HDAC6	Missense_Mutation	61	5	66	0.07575757575757576	2	1	1	0.3524	1	0.3524	0.3524	False	0.43	1.84
X	48776073	G	A	PIM2	Silent	22	3	25	0.12	2	1	1	0.5581	1	0.5581	0.5581	False	0.43	1.84
X	53641565	C	T	HUWE1	Missense_Mutation	80	5	85	0.058823529411764705	2	1	1	0.2736	1	0.2736	0.2736	False	0.43	1.84
X	53657915	C	T	HUWE1	Silent	70	11	81	0.13580246913580246	2	1	1	0.6316	1	0.6316	0.6316	False	0.43	1.84
X	54776438	G	A	ITIH6	Silent	24	4	28	0.14285714285714285	2	1	1	0.6645	1	0.6645	0.6645	False	0.43	1.84
X	54841738	G	T	MAGED2	Missense_Mutation	50	18	68	0.2647058823529412	2	1	1	1.2312	1	1.2312	1.0	True	0.43	1.84
X	55172491	G	T	FAM104B	3'UTR	10	3	13	0.23076923076923078	2	1	1	1.0733	1	1.0733	1.0	True	0.43	1.84
X	63445071	T	C	ASB12	Missense_Mutation	26	4	30	0.13333333333333333	2	1	1	0.6202	1	0.6202	0.6202	False	0.43	1.84
X	64949376	C	A	MSN	Missense_Mutation	77	7	84	0.08333333333333333	2	1	1	0.3876	1	0.3876	0.3876	False	0.43	1.84
X	69639590	G	A	KIF4A	Missense_Mutation	58	13	71	0.18309859154929578	2	1	1	0.8516	1	0.8516	0.8516	True	0.43	1.84
X	70598707	G	T	TAF1	Missense_Mutation	108	23	131	0.17557251908396945	2	1	1	0.8166	1	0.8166	0.8166	False	0.43	1.84
X	70781710	C	A	OGT	Missense_Mutation	46	10	56	0.17857142857142858	2	1	1	0.8306	1	0.8306	0.8306	False	0.43	1.84
X	71351091	C	G	RGAG4	Silent	16	4	20	0.2	2	1	1	0.9302	1	0.9302	0.9302	True	0.43	1.84
X	72433689	C	A	NAP1L2	Nonsense_Mutation	40	13	53	0.24528301886792453	2	1	1	1.1409	1	1.1409	1.0	True	0.43	1.84
X	72667560	T	A	CDX4	Nonsense_Mutation	34	6	40	0.15	2	1	1	0.6977	1	0.6977	0.6977	False	0.43	1.84
X	76909636	C	T	ATRX	Silent	119	8	127	0.06299212598425197	2	1	1	0.293	1	0.293	0.293	False	0.43	1.84
X	76937704	C	T	ATRX	Missense_Mutation	137	30	167	0.17964071856287425	2	1	1	0.8355	1	0.8355	0.8355	False	0.43	1.84
X	76938331	T	G	ATRX	Missense_Mutation	198	14	212	0.0660377358490566	2	1	1	0.3072	1	0.3072	0.3072	False	0.43	1.84
X	77302013	C	A	ATP7A	Missense_Mutation	190	38	228	0.16666666666666666	2	1	1	0.7752	1	0.7752	0.7752	False	0.43	1.84
X	79942461	A	T	BRWD3	Silent	62	10	72	0.1388888888888889	2	1	1	0.646	1	0.646	0.646	False	0.43	1.84
X	83723870	G	T	HDX	Missense_Mutation	107	25	132	0.1893939393939394	2	1	1	0.8809	1	0.8809	0.8809	True	0.43	1.84
X	91134013	C	A	PCDH11X	Missense_Mutation	90	27	117	0.23076923076923078	2	1	1	1.0733	1	1.0733	1.0	True	0.43	1.84
X	100912270	G	T	ARMCX2	Missense_Mutation	53	10	63	0.15873015873015872	2	1	1	0.7383	1	0.7383	0.7383	False	0.43	1.84
X	101395826	C	A	TCEAL6	Missense_Mutation	42	14	56	0.25	2	1	1	1.1628	1	1.1628	1.0	True	0.43	1.84
X	101826181	C	A	NXF4	RNA	14	3	17	0.17647058823529413	2	1	1	0.8208	1	0.8208	0.8208	False	0.43	1.84
X	101911867	G	T	GPRASP1	Missense_Mutation	94	20	114	0.17543859649122806	2	1	1	0.816	1	0.816	0.816	False	0.43	1.84
X	101912814	C	A	GPRASP1	Missense_Mutation	55	13	68	0.19117647058823528	2	1	1	0.8892	1	0.8892	0.8892	True	0.43	1.84
X	101971076	G	T	GPRASP2	Nonsense_Mutation	75	26	101	0.25742574257425743	2	1	1	1.1973	1	1.1973	1.0	True	0.43	1.84
X	102004309	C	A	BHLHB9	Missense_Mutation	62	13	75	0.17333333333333334	2	1	1	0.8062	1	0.8062	0.8062	False	0.43	1.84
X	103349437	C	T	SLC25A53	Silent	84	19	103	0.18446601941747573	2	1	1	0.858	1	0.858	0.858	True	0.43	1.84
X	105280745	T	C	SERPINA7	Missense_Mutation	75	10	85	0.11764705882352941	2	1	1	0.5472	1	0.5472	0.5472	False	0.43	1.84
X	105449924	G	A	MUM1L1	Missense_Mutation	28	4	32	0.125	2	1	1	0.5814	1	0.5814	0.5814	False	0.43	1.84
X	106201653	A	C	MORC4	Missense_Mutation	76	6	82	0.07317073170731707	2	1	1	0.3403	1	0.3403	0.3403	False	0.43	1.84
X	107975864	A	T	IRS4	Silent	128	33	161	0.20496894409937888	2	1	1	0.9533	1	0.9533	0.9533	True	0.43	1.84
X	107977061	C	A	IRS4	Silent	245	10	255	0.0392156862745098	2	1	1	0.1824	1	0.1824	0.1824	False	0.43	1.84
X	109694542	C	A	RGAG1	Missense_Mutation	121	7	128	0.0546875	2	1	1	0.2544	1	0.2544	0.2544	False	0.43	1.84
X	112035088	C	T	AMOT	Missense_Mutation	110	6	116	0.05172413793103448	2	1	1	0.2406	1	0.2406	0.2406	False	0.43	1.84
X	112048270	C	A	AMOT	Missense_Mutation	151	34	185	0.1837837837837838	2	1	1	0.8548	1	0.8548	0.8548	True	0.43	1.84
X	114536635	A	G	LUZP4	Missense_Mutation	96	9	105	0.08571428571428572	2	1	1	0.3987	1	0.3987	0.3987	False	0.43	1.84
X	115303929	T	G	AGTR2	Missense_Mutation	150	7	157	0.044585987261146494	2	1	1	0.2074	1	0.2074	0.2074	False	0.43	1.84
X	115592863	G	T	CT83	3'UTR	69	20	89	0.2247191011235955	2	1	1	1.0452	1	1.0452	1.0	True	0.43	1.84
X	117480322	T	C	WDR44	5'UTR	6	5	11	0.45454545454545453	2	1	1	2.1142	1	2.1142	1.0	True	0.43	1.84
X	120181859	G	T	GLUD2	Silent	58	18	76	0.23684210526315788	2	1	1	1.1016	1	1.1016	1.0	True	0.43	1.84
X	129306239	C	A	RAB33A	Missense_Mutation	74	11	85	0.12941176470588237	2	1	1	0.6019	1	0.6019	0.6019	False	0.43	1.84
X	129759178	G	A	ENOX2	3'UTR	11	4	15	0.26666666666666666	2	1	1	1.2403	1	1.2403	1.0	True	0.43	1.84
X	131351303	C	T	RAP2C	5'UTR	230	10	240	0.041666666666666664	2	1	1	0.1938	1	0.1938	0.1938	False	0.43	1.84
X	135593711	G	A	HTATSF1	Missense_Mutation	64	5	69	0.07246376811594203	2	1	1	0.337	1	0.337	0.337	False	0.43	1.84
X	136112483	G	T	GPR101	Missense_Mutation	65	12	77	0.15584415584415584	2	1	1	0.7249	1	0.7249	0.7249	False	0.43	1.84
X	138699796	G	T	MCF2	Missense_Mutation	205	11	216	0.05092592592592592	2	1	1	0.2369	1	0.2369	0.2369	False	0.43	1.84
X	140785759	C	A	SPANXD	Missense_Mutation	518	43	561	0.0766488413547237	2	1	1	0.3565	1	0.3565	0.3565	False	0.43	1.84
X	142605300	G	T	SPANXN3	5'UTR	57	16	73	0.2191780821917808	2	1	1	1.0194	1	1.0194	1.0	True	0.43	1.84
X	145076370	A	G	MIR888	RNA	71	9	80	0.1125	2	1	1	0.5233	1	0.5233	0.5233	False	0.43	1.84
X	145078194	A	G	MIR892A	RNA	167	61	228	0.2675438596491228	2	1	1	1.2444	1	1.2444	1.0	True	0.43	1.84
X	147743887	C	A	AFF2	Missense_Mutation	171	43	214	0.20093457943925233	2	1	1	0.9346	1	0.9346	0.9346	True	0.43	1.84
X	148607489	C	A	IDS	Intron	6	4	10	0.4	2	1	1	1.8605	1	1.8605	1.0	True	0.43	1.84
X	148685678	T	G	TMEM185A	Missense_Mutation	60	8	68	0.11764705882352941	2	1	1	0.5472	1	0.5472	0.5472	False	0.43	1.84
X	149761114	C	A	MTM1	Missense_Mutation	65	6	71	0.08450704225352113	2	1	1	0.3931	1	0.3931	0.3931	False	0.43	1.84
X	151869929	G	A	MAGEA6	Missense_Mutation	140	40	180	0.2222222222222222	2	1	1	1.0336	1	1.0336	1.0	True	0.43	1.84
X	152858111	G	T	FAM58A	Silent	15	4	19	0.21052631578947367	2	1	1	0.9792	1	0.9792	0.9792	True	0.43	1.84
X	153135547	C	A	L1CAM	Missense_Mutation	111	33	144	0.22916666666666666	2	1	1	1.0659	1	1.0659	1.0	True	0.43	1.84
X	153663819	T	A	ATP6AP1	Missense_Mutation	40	13	53	0.24528301886792453	2	1	1	1.1409	1	1.1409	1.0	True	0.43	1.84
