chr	pos
1	138026
1	138514
1	898884
1	906170
1	949696
1	979268
1	981968
1	1201494
1	1216664
1	1227008
1	1233217
1	1233994
1	1247010
1	1262619
1	1267985
1	1417956
1	1451469
1	1961783
1	2116266
1	2132528
1	2239215
1	2288978
1	2305935
1	2441316
1	2452682
1	2938597
1	2980633
1	3328665
1	3407496
1	3648049
1	3649492
1	3662587
1	6166494
1	6172309
1	6202325
1	6228223
1	6228293
1	6315022
1	6489930
1	6521515
1	6634890
1	6638903
1	6648381
1	6682065
1	6692522
1	6692995
1	6706027
1	8072035
1	8384652
1	8716450
1	9005935
1	9662382
1	10720468
1	10720525
1	11008794
1	11087403
1	11116091
1	11255175
1	11562064
1	11576089
1	11721487
1	11769489
1	11849415
1	11897142
1	12030856
1	12337405
1	12337738
1	12378314
1	12416045
1	12446281
1	12837531
1	12887166
1	12887484
1	12907981
1	13910303
1	14106121
1	14151383
1	15287328
1	15545979
1	15770019
1	16060544
1	16071014
1	16259343
1	16261012
1	16266170
1	16374435
1	16375411
1	16384995
1	16534070
1	16802550
1	16918436
1	16921482
1	16945295
1	17023168
1	17296805
1	17354306
1	17420099
1	17555151
1	17570734
1	17752055
1	17944923
1	17950952
1	17990973
1	18023647
1	18808441
1	19199378
1	19401412
1	19411144
1	19431079
1	19553882
1	19571474
1	19644107
1	19655194
1	20020945
1	20442867
1	20442885
1	20501635
1	20519134
1	20639468
1	20640965
1	20645153
1	20657428
1	20662880
1	20669015
1	20827330
1	20880976
1	20979426
1	21048300
1	21548240
1	21771601
1	21806715
1	22838318
1	22839593
1	22850895
1	22925421
1	23376983
1	23406097
1	23417759
1	23418330
1	23519816
1	23688635
1	23769041
1	24201422
1	24413278
1	24419474
1	24495971
1	24649554
1	24859673
1	24996695
1	25167435
1	25683288
1	25780848
1	26604931
1	26644524
1	26688631
1	26769302
1	26797296
1	27099392
1	27100870
1	27224082
1	27239917
1	27327023
1	27432329
1	27436185
1	27618727
1	27634066
1	27660494
1	27661929
1	27661964
1	27677422
1	27732170
1	27733717
1	27877909
1	28138671
1	28157569
1	28785768
1	28818255
1	29041380
1	29323820
1	29442214
1	29442270
1	29446998
1	29522718
1	29587150
1	31345941
1	31465306
1	31838693
1	32050325
1	32050597
1	32085302
1	32092805
1	32133812
1	32144998
1	32162681
1	32193081
1	32203265
1	32279693
1	32660613
1	32832342
1	33237851
1	33251993
1	33330158
1	33409738
1	33412126
1	33613284
1	33745951
1	34043040
1	34052180
1	35251252
1	35365833
1	35449397
1	35580506
1	35871053
1	36202677
1	36298099
1	36307048
1	36320568
1	36552312
1	36769537
1	36770284
1	36904432
1	37941184
1	38003348
1	38041282
1	38261223
1	38305615
1	38305718
1	38305746
1	38446259
1	39776018
1	39800625
1	39801455
1	39881415
1	39904953
1	39914362
1	39918002
1	40027868
1	40125153
1	40240664
1	40537549
1	40538097
1	40702574
1	40713745
1	40758155
1	40775806
1	40776774
1	40887793
1	41088692
1	41285123
1	41456878
1	41618268
1	41625422
1	42049164
1	42643264
1	42660650
1	42880536
1	43124944
1	43830951
1	43907406
1	43908228
1	43916219
1	44399835
1	44399851
1	44401778
1	44437514
1	44442027
1	44442951
1	44451026
1	45110678
1	45120137
1	45166706
1	45205545
1	45267296
1	45271503
1	45293857
1	45308533
1	45474215
1	45478944
1	45671734
1	45813598
1	45976986
1	46093967
1	46099964
1	46468512
1	46496276
1	46500999
1	46509537
1	46658977
1	46715676
1	46751898
1	46764009
1	46807978
1	46871087
1	46874190
1	46874828
1	47276497
1	47276758
1	47427142
1	47560237
1	47735507
1	48688432
1	48694715
1	48764355
1	48877155
1	49511290
1	51737168
1	51738025
1	52255252
1	52704403
1	52803468
1	52818323
1	52826107
1	52859115
1	52861817
1	52861943
1	52870474
1	52889320
1	53072605
1	53074191
1	53546510
1	53547815
1	53554557
1	53555609
1	53729877
1	54060287
1	54293698
1	54502308
1	54518678
1	54605522
1	54690857
1	54707885
1	55089009
1	55253420
1	55317386
1	55549528
1	57480947
1	58939620
1	59147741
1	59978079
1	60505737
1	62190831
1	62629241
1	62738934
1	62739323
1	62739831
1	63099223
1	63944456
1	63999887
1	64125301
1	64644340
1	65138912
1	65143878
1	65145313
1	65145331
1	65157384
1	65270682
1	65830367
1	65858261
1	66038034
1	67210674
1	67220338
1	67394646
1	67423885
1	67425416
1	67705898
1	67895715
1	68942664
1	68948978
1	70501823
1	70820060
1	72076774
1	74715170
1	74835985
1	74957807
1	75055726
1	75188852
1	76272710
1	76387834
1	78191445
1	78201806
1	78326920
1	78414434
1	79005172
1	79093921
1	79387361
1	82302673
1	82421576
1	82456852
1	84415547
1	84837869
1	85115666
1	85331350
1	85491857
1	85511003
1	85538739
1	85724738
1	85784264
1	86123534
1	86817823
1	87045270
1	87212982
1	87569223
1	89279328
1	89287686
1	89630534
1	89660997
1	91404707
1	91967352
1	92428461
1	92442754
1	92636959
1	93131542
1	93202069
1	93622041
1	94017999
1	94054820
1	94466585
1	94640246
1	94650971
1	94668289
1	94983325
1	95363118
1	95392450
1	95492759
1	97235408
1	97270427
1	97915668
1	98386443
1	99161102
1	99387492
1	100206394
1	100340981
1	100353664
1	100459281
1	103470179
1	107600168
1	108160228
1	108994893
1	108995852
1	109479865
1	109553539
1	109779076
1	109794132
1	109815791
1	109839493
1	110033841
1	110050387
1	110051242
1	110174482
1	110301007
1	110465856
1	110472079
1	110564700
1	110597132
1	110737312
1	110883962
1	111060483
1	111146667
1	111494659
1	111990156
1	112247073
1	112304877
1	112309077
1	112329700
1	112999417
1	113066735
1	113456651
1	114165533
1	114224862
1	114305557
1	114454054
1	114454288
1	114500824
1	114516258
1	114517988
1	114518401
1	114935853
1	114939288
1	115147625
1	115151491
1	115165633
1	115165699
1	115220087
1	116234607
1	116609681
1	117117383
1	117605084
1	117629047
1	118481114
1	118539267
1	118693898
1	119588286
1	120162789
1	120311411
1	120466566
1	120468238
1	120497818
1	120512284
1	142803831
1	143767378
1	143767492
1	144053541
1	144859939
1	144865860
1	144877111
1	144892148
1	144892260
1	145075834
1	145273416
1	145282658
1	145304478
1	145367779
1	145416641
1	145460168
1	145487439
1	145498635
1	145510297
1	145533495
1	145561866
1	146398338
1	146747079
1	147097063
1	147230891
1	147380555
1	148004494
1	148347017
1	149878243
1	149882237
1	149885114
1	149895563
1	149943010
1	150039894
1	150053974
1	150117043
1	150131450
1	150192460
1	150192684
1	150193008
1	150318926
1	150523368
1	150528705
1	150549051
1	150783564
1	150958845
1	151008098
1	151016097
1	151107665
1	151314525
1	151337481
1	151670649
1	151675253
1	151681524
1	151686932
1	151694592
1	151747547
1	151785796
1	151820296
1	151990865
1	152058028
1	152081087
1	152188549
1	152192630
1	152281245
1	152284933
1	152322401
1	152323678
1	152324070
1	152327557
1	152383106
1	152383134
1	152648670
1	152648922
1	152681548
1	152883574
1	152975905
1	153029045
1	153085177
1	153315596
1	153330825
1	153516306
1	153536264
1	153602990
1	153655936
1	153737194
1	153751625
1	153780156
1	153912984
1	153973394
1	154127538
1	154229855
1	154296906
1	154296908
1	154300313
1	154310215
1	154427022
1	154473951
1	154493878
1	154561085
1	154574474
1	154918161
1	154918780
1	154935137
1	154936025
1	154940470
1	154951555
1	154961251
1	154999023
1	155014088
1	155104067
1	155166929
1	155171347
1	155308115
1	155449324
1	155490928
1	155582849
1	155649200
1	155698838
1	155707970
1	155920169
1	155920204
1	156044476
1	156124488
1	156126316
1	156142665
1	156145015
1	156212361
1	156220267
1	156453116
1	156498376
1	156503899
1	156563569
1	156622831
1	156641495
1	156670383
1	156702098
1	156705660
1	156705679
1	156706449
1	156786526
1	156810768
1	156810818
1	156883261
1	157514780
1	157545489
1	157648471
1	157738354
1	158065198
1	158436059
1	158577172
1	158612322
1	158735579
1	159175414
1	159284012
1	159810915
1	159858241
1	159921604
1	160008942
1	160106359
1	160141129
1	160167366
1	160184619
1	160194286
1	160250017
1	160267454
1	160293313
1	160455677
1	160784486
1	161046211
1	161088626
1	161140979
1	161173306
1	161274745
1	161298248
1	161487769
1	161494415
1	161496289
1	161514551
1	161565375
1	161993142
1	162353091
1	162794520
1	163044225
1	163045787
1	166829424
1	167400911
1	167802305
1	168073909
1	168260556
1	169101351
1	169292521
1	169347681
1	169388275
1	169493107
1	169512301
1	169528504
1	169586446
1	169680686
1	169818726
1	170115343
1	170707315
1	171083502
1	171227313
1	171526384
1	171605835
1	171607834
1	172002360
1	172362925
1	172526512
1	173744783
1	173825803
1	173950067
1	174927102
1	175087861
1	176853529
1	177030401
1	177249923
1	177250458
1	177913739
1	177915643
1	178408587
1	179966118
1	180049715
1	180083727
1	180153184
1	180944439
1	181686267
1	181768391
1	182354986
1	182525314
1	182555174
1	182568686
1	182569514
1	182783924
1	182856217
1	182873394
1	183155385
1	183197614
1	183221605
1	183230138
1	183534912
1	183617120
1	183774445
1	183854004
1	183874095
1	183923897
1	183942792
1	184675897
1	184703665
1	184760282
1	185092989
1	185260524
1	186097315
1	186147649
1	186281988
1	187610978
1	190067689
1	192548431
1	192780130
1	192780175
1	193028929
1	193029052
1	193053785
1	193074836
1	196648842
1	196709748
1	197070864
1	197127687
1	197141301
1	197390163
1	197874934
1	198233303
1	200145198
1	200558377
1	200559378
1	200587544
1	200817204
1	200942674
1	200956166
1	200965408
1	200969668
1	200974739
1	201009825
1	201168743
1	201182347
1	201184774
1	201193903
1	201330321
1	201342381
1	201352312
1	201618218
1	201618414
1	201858678
1	201869391
1	202287553
1	202300900
1	202400623
1	202551597
1	202561439
1	202702954
1	202910201
1	203053014
1	203134830
1	203186000
1	203191366
1	203311349
1	203456121
1	203682357
1	203712584
1	203741233
1	203822789
1	204001994
1	204095821
1	204096151
1	204115845
1	204393901
1	204396797
1	204426882
1	204438413
1	204513769
1	204518809
1	204586787
1	204587508
1	204589317
1	204990742
1	204991903
1	205112710
1	205133032
1	205133054
1	205240305
1	205274357
1	205350960
1	205501353
1	206634433
1	206636568
1	206647693
1	206653431
1	206775712
1	206778757
1	206822176
1	206907288
1	207134013
1	207245648
1	207265016
1	207669632
1	207758162
1	207780638
1	207867811
1	208061155
1	208196661
1	208199190
1	208202225
1	208218525
1	208269429
1	208390146
1	209797045
1	209799362
1	209806012
1	210796908
1	211529742
1	212530555
1	212798937
1	213009524
1	214507596
1	214557311
1	214557595
1	214830276
1	215901408
1	216011401
1	216680248
1	220142138
1	220836208
1	222885348
1	222885430
1	222885673
1	223179024
1	223400936
1	223718617
1	223816363
1	224345798
1	224488366
1	225534171
1	225683425
1	225965660
1	226026583
1	226041335
1	226074517
1	226340223
1	226836381
1	226923490
1	227172631
1	228238588
1	228294591
1	228333502
1	228346979
1	228402118
1	228402733
1	228506820
1	228509320
1	228584397
1	228602697
1	229568030
1	229577663
1	229593942
1	229641894
1	229666147
1	229675337
1	229745932
1	230398404
1	230459342
1	230819334
1	230841924
1	230883354
1	231402071
1	231954855
1	232941640
1	233119898
1	233386514
1	233394911
1	233514926
1	233514933
1	235506925
1	235878530
1	236139174
1	236148783
1	236413240
1	236708157
1	236716879
1	236902683
1	237024536
1	237811824
1	240071290
1	240372031
1	241725587
1	241761261
1	241850835
1	243303577
1	243319557
1	244217123
1	245016761
1	245018883
1	245849130
1	245849709
1	245850771
1	246939696
1	247151167
1	247151269
1	247265308
1	247464567
1	247492160
1	247612161
1	247655343
1	247712406
1	247712420
1	248202204
1	248262875
1	248309324
1	248512719
1	248637567
1	248737725
1	249151626
1	249210920
2	1500518
2	1507770
2	1636869
2	1637631
2	2057782
2	3341872
2	3627722
2	3627819
2	3750164
2	5833171
2	5837403
2	5840714
2	7036026
2	8888076
2	8997268
2	9554336
2	9630240
2	9728293
2	10141273
2	10199081
2	10584694
2	10803136
2	10923892
2	10929969
2	11052867
2	11053476
2	11348526
2	11721069
2	11758583
2	14775917
2	15307304
2	15771131
2	16734086
2	17836805
2	17851788
2	17889953
2	17954509
2	18112242
2	19552054
2	20205718
2	20449476
2	20460223
2	20647332
2	20818807
2	20871108
2	21232140
2	23914686
2	23929471
2	24255749
2	24360914
2	24392297
2	24426560
2	24433775
2	25354666
2	25384074
2	25469574
2	25982400
2	26410204
2	26532941
2	26534502
2	26537351
2	26613075
2	26676281
2	26706414
2	27150127
2	27156185
2	27257057
2	27306485
2	27323271
2	27351425
2	27353648
2	27355144
2	27465737
2	27549630
2	27601847
2	27668208
2	27676523
2	27700968
2	27722075
2	27804922
2	27844237
2	27857754
2	27873016
2	27878301
2	27910883
2	27931077
2	28866051
2	29074022
2	29406106
2	30785140
2	30866539
2	30976050
2	31410657
2	31562481
2	31573031
2	32235285
2	32381074
2	32422877
2	32515572
2	32582220
2	32738077
2	32824940
2	32983434
2	33482501
2	33505176
2	33952263
2	36704213
2	37234248
2	37323415
2	37439014
2	37454713
2	38244506
2	38812992
2	38908569
2	38972127
2	39008756
2	39180372
2	39281777
2	39405893
2	42281232
2	42284885
2	43010949
2	43969899
2	43991405
2	44051486
2	44053552
2	44460922
2	45715408
2	46607856
2	46613481
2	47083098
2	47129474
2	48010508
2	48034397
2	48040954
2	48602301
2	48809135
2	48844956
2	48845032
2	48872201
2	50779866
2	54096526
2	54128678
2	54562054
2	54587424
2	54859817
2	54882338
2	54888552
2	55252459
2	55481850
2	55489559
2	55516523
2	55518014
2	55539587
2	55831121
2	55872496
2	55898460
2	56093647
2	56098036
2	56144991
2	58468410
2	60686383
2	61576013
2	61576397
2	61729139
2	62115353
2	62451634
2	63175859
2	64085060
2	64112858
2	64320145
2	64320911
2	64327580
2	64780064
2	65473836
2	65538486
2	65659098
2	68270142
2	68607912
2	68691336
2	69046367
2	69207169
2	69304543
2	69659057
2	69691653
2	69693066
2	69870216
2	70047864
2	70190540
2	70439142
2	71206924
2	71361080
2	71365907
2	71591284
2	72356497
2	72358626
2	72802705
2	73301676
2	73451130
2	73466862
2	73493705
2	73678997
2	73679103
2	73716914
2	73868566
2	74043692
2	74275148
2	74328356
2	74329290
2	74474232
2	74593476
2	74651053
2	74655975
2	74685733
2	74687521
2	74803653
2	74908852
2	75907376
2	79350014
2	79386520
2	84921540
2	85059240
2	85548655
2	85554652
2	85625902
2	85628906
2	85661917
2	85769187
2	85780132
2	85872158
2	86255016
2	86255759
2	86270303
2	86281401
2	86325734
2	86364168
2	86371328
2	86406572
2	86437637
2	86439657
2	86444118
2	86509344
2	86732780
2	86832012
2	86832542
2	87201217
2	88327134
2	88882948
2	89028816
2	89185074
2	95540612
2	95815634
2	95846987
2	95847559
2	95944747
2	96076728
2	96587538
2	96657301
2	96779868
2	96798354
2	96919166
2	96919599
2	96953200
2	96956457
2	96962781
2	96993971
2	97017634
2	97267910
2	97359779
2	97368408
2	97370049
2	97427093
2	97427654
2	97464071
2	97529484
2	97626082
2	97749685
2	98275001
2	98351087
2	98431715
2	99013274
2	99193590
2	99634999
2	99861844
2	99995567
2	100170959
2	100182032
2	100210041
2	101646007
2	101965491
2	102488018
2	102510939
2	103281646
2	103334938
2	103340187
2	105859224
2	105924162
2	105977386
2	107007725
2	107040684
2	107074106
2	108999633
2	109092287
2	109116156
2	109347252
2	109374877
2	109381480
2	109399176
2	109404511
2	109526984
2	110049086
2	110376190
2	110920702
2	111427034
2	111753515
2	111923873
2	112576469
2	113081874
2	113138513
2	113191023
2	113305022
2	113333346
2	113404469
2	113420607
2	113587871
2	113676245
2	113742496
2	113953344
2	114195516
2	114351875
2	114487046
2	116599900
2	118582578
2	118693071
2	118693128
2	119699942
2	119729111
2	119913849
2	119914499
2	119988605
2	120125448
2	121052103
2	121712878
2	121747144
2	122122799
2	122522993
2	127805655
2	127957065
2	128016876
2	128062540
2	128238731
2	128250892
2	128339878
2	128384666
2	128389293
2	128401665
2	128407626
2	128459085
2	128462030
2	128621674
2	128700020
2	130737406
2	130899882
2	130900481
2	130902320
2	130932541
2	131128475
2	131459956
2	131522344
2	131523220
2	131672748
2	131704095
2	131785518
2	131803738
2	132254864
2	132558493
2	133540736
2	133541624
2	133542331
2	133618099
2	135093832
2	135628624
2	135659367
2	135744329
2	135744556
2	136403095
2	136575441
2	136609084
2	136740994
2	137639836
2	139318450
2	139429145
2	141143462
2	141260673
2	141459305
2	141474367
2	144193176
2	144276893
2	148686140
2	149544458
2	149847629
2	150426550
2	152317685
2	152321706
2	152348206
2	152536294
2	152553244
2	152573976
2	152670817
2	152739788
2	152980307
2	153520237
2	157186346
2	157439309
2	158167848
2	158412752
2	158593728
2	160035400
2	160732088
2	160798362
2	162849055
2	164467862
2	164468217
2	165542477
2	165550890
2	165555958
2	165793900
2	165802116
2	165986477
2	166032890
2	166246057
2	166248700
2	166605310
2	167055570
2	167149789
2	167279884
2	167760075
2	168105670
2	168110591
2	168727339
2	169313108
2	169574472
2	169984065
2	170081905
2	170101435
2	170377390
2	170606716
2	170663339
2	171355177
2	172953407
2	172965355
2	172967005
2	173349918
2	173349927
2	173830401
2	173848235
2	174087097
2	174096923
2	175425391
2	176015888
2	176794913
2	176982108
2	177055593
2	178095608
2	178416808
2	178483683
2	178489830
2	178762924
2	179397891
2	179399869
2	179404303
2	179411823
2	179425064
2	179427002
2	179429705
2	179442906
2	179447875
2	179454027
2	179457569
2	179467264
2	179468873
2	179479153
2	179480073
2	179481338
2	179482715
2	179495025
2	179497721
2	179498393
2	179500868
2	179504473
2	179528161
2	179546414
2	179554311
2	179556744
2	179581968
2	179594497
2	179596156
2	179596225
2	179603042
2	179611526
2	179623791
2	179640264
2	179640773
2	179640998
2	179666975
2	180846594
2	181922552
2	181927799
2	182541282
2	182542591
2	182757355
2	182786960
2	183051264
2	183832043
2	184024289
2	185802986
2	186673858
2	186692882
2	187542471
2	187627548
2	189839288
2	190571738
2	190618871
2	191067060
2	191557094
2	191557102
2	191759933
2	191769757
2	191873795
2	191926503
2	192227035
2	192288628
2	196671498
2	196837038
2	196849365
2	197080634
2	197504484
2	197521713
2	197594763
2	197639847
2	197737690
2	197757874
2	197860034
2	197986141
2	198266207
2	198267355
2	198570891
2	198621250
2	198950828
2	200136134
2	200213719
2	201171094
2	201399783
2	201477461
2	201499587
2	201680395
2	201768524
2	201800547
2	201943722
2	202072800
2	202131288
2	202131445
2	202334704
2	202558659
2	202558683
2	202900007
2	202901082
2	202938393
2	203329678
2	204013817
2	204292082
2	204320286
2	206610601
2	206641144
2	206869343
2	206869387
2	206921340
2	207040921
2	207171218
2	207174567
2	207176135
2	207482500
2	207620042
2	208462260
2	208687359
2	209007468
2	209027987
2	209138325
2	209220068
2	210685403
2	211070439
2	211070505
2	211301117
2	211302420
2	212241236
2	212286808
2	212288902
2	214014978
2	215815646
2	216211580
2	216279452
2	216279459
2	216295508
2	216809659
2	216967434
2	216986855
2	217124354
2	217300072
2	217538948
2	218678031
2	218925200
2	218999848
2	219029735
2	219139361
2	219209542
2	219295597
2	219527603
2	219540904
2	219856964
2	220028164
2	220033782
2	220047532
2	220084309
2	220101147
2	220331924
2	220379138
2	220379918
2	220397738
2	220401830
2	220474185
2	223169152
2	224463215
2	224856629
2	225662627
2	225721647
2	226273619
2	228401663
2	228552086
2	228855818
2	228882359
2	230377547
2	230705631
2	230861511
2	230875613
2	231065671
2	231264887
2	231308920
2	231944279
2	231947623
2	231988188
2	232035330
2	232322415
2	232388376
2	232573388
2	232672905
2	233393247
2	233537115
2	233630623
2	233651899
2	234112924
2	234203274
2	234343439
2	234355418
2	234394186
2	234475411
2	234581408
2	234627452
2	234752868
2	235951826
2	237032791
2	237276834
2	238253375
2	238255147
2	238275435
2	238277261
2	238419308
2	238727142
2	239152832
2	239342293
2	240016511
2	240954171
2	241631913
2	241662835
2	242035278
2	242195633
2	242396290
2	242447421
2	242509574
2	242556827
2	242592761
2	242612196
3	447177
3	1189747
3	1269591
3	2924829
3	3189733
3	4859765
3	4942314
3	5249779
3	5257829
3	8609324
3	9032344
3	9416291
3	9512272
3	9517695
3	9799180
3	9990475
3	10103895
3	10146447
3	10326580
3	10334648
3	10442745
3	10960101
3	11356879
3	11598670
3	11851096
3	12611709
3	12626064
3	13419038
3	13672943
3	14548361
3	14551407
3	14558690
3	14567001
3	14693387
3	14706560
3	14768456
3	15073921
3	15090795
3	15112022
3	15119633
3	15126248
3	15253710
3	15265013
3	15276650
3	15301311
3	15609481
3	15683503
3	16327883
3	17226417
3	17279889
3	19959878
3	23996139
3	23996263
3	24160583
3	24169052
3	25638501
3	25777495
3	25792626
3	25832499
3	27203943
3	28364128
3	28562585
3	29938950
3	30032700
3	30733017
3	32201073
3	32860415
3	33118611
3	33883505
3	33895370
3	35726670
3	36779589
3	36898367
3	36898554
3	37032081
3	37035028
3	37053353
3	37092112
3	37458147
3	38104241
3	38296702
3	38357157
3	38527327
3	38591799
3	38592624
3	38598018
3	38622764
3	38628896
3	38962567
3	38988301
3	39108088
3	39135486
3	39159670
3	39177863
3	39178993
3	39185660
3	39544394
3	40529214
3	40557464
3	40573588
3	41723041
3	42610498
3	42661569
3	42678761
3	42727480
3	43122194
3	43390743
3	44612935
3	44776199
3	44935107
3	44968262
3	45776750
3	45800494
3	45811725
3	45942586
3	45943895
3	45963070
3	46009887
3	46416243
3	46480913
3	46542220
3	46713452
3	46730891
3	46757186
3	46899882
3	47038323
3	47045983
3	47125352
3	47324459
3	47387303
3	47454502
3	47455468
3	47455867
3	47894713
3	47933154
3	47958462
3	48200507
3	48219344
3	48311581
3	48327961
3	48448500
3	48452360
3	48508612
3	48602262
3	48613067
3	48618050
3	48623584
3	48626904
3	48630011
3	48638435
3	48638517
3	48670685
3	48686287
3	48711792
3	48936296
3	49020692
3	49050943
3	49060643
3	49282101
3	49294003
3	49459684
3	49698922
3	49735317
3	49737119
3	49760461
3	49764560
3	49845228
3	49850566
3	49924640
3	50138165
3	50144297
3	50212530
3	50222238
3	50325072
3	50327388
3	50328056
3	50339910
3	50357295
3	50381164
3	50392912
3	50395697
3	50595610
3	50603231
3	50683688
3	51411996
3	51419655
3	51421173
3	51430489
3	51452139
3	51457855
3	51673569
3	51679713
3	51749135
3	52021061
3	52021580
3	52181075
3	52248226
3	52257960
3	52324986
3	52390662
3	52430964
3	52436319
3	52455770
3	52474790
3	52506414
3	52514608
3	52538891
3	52554837
3	52663006
3	52839824
3	52864487
3	52968848
3	53156484
3	53700486
3	53891667
3	55542437
3	56114887
3	56628026
3	57108238
3	57232883
3	57343820
3	57390876
3	57443549
3	57488186
3	57528533
3	57611253
3	57898147
3	58110111
3	58178520
3	58178583
3	58303880
3	58383421
3	58517094
3	58552260
3	62355505
3	62388817
3	62477055
3	63981431
3	63981691
3	64082755
3	64142898
3	64580027
3	65340377
3	66463303
3	67053939
3	67058535
3	69026868
3	69073256
3	69157841
3	70015478
3	72873625
3	73004490
3	78648062
3	78680455
3	86987943
3	88103186
3	88103997
3	89176367
3	89448467
3	89457238
3	93615497
3	93768309
3	96706323
3	97202845
3	97454941
3	97503871
3	97806919
3	98311982
3	98516056
3	98541203
3	99513657
3	99514190
3	99567840
3	100362211
3	100471664
3	100945601
3	100964839
3	101023119
3	101044925
3	101304329
3	101311589
3	101370029
3	101540654
3	105266079
3	107096886
3	108074076
3	108117567
3	108195358
3	108682365
3	111718274
3	111899494
3	112198500
3	112968585
3	113049516
3	113166916
3	113222039
3	113286462
3	113326974
3	113374807
3	113439343
3	113440526
3	113505230
3	113673039
3	113699555
3	113729696
3	113955817
3	114057590
3	119236123
3	119256168
3	119263499
3	119344049
3	119526140
3	119885959
3	119911834
3	120365172
3	120764354
3	121192279
3	121200463
3	121217510
3	121396171
3	121412893
3	121413638
3	121449735
3	121489422
3	121547400
3	122003458
3	122004516
3	122133319
3	122133454
3	122145530
3	122274187
3	122289413
3	122662378
3	122680105
3	122825637
3	123010169
3	123019092
3	123331171
3	123331620
3	123426834
3	123454247
3	124380775
3	124385435
3	124560241
3	124721101
3	124896771
3	124946085
3	124949211
3	124949302
3	124952341
3	125313747
3	125695756
3	125695793
3	125775238
3	125833405
3	126157250
3	126385118
3	126754318
3	126754333
3	126915630
3	126916066
3	127294086
3	127295487
3	127338007
3	127379746
3	128292703
3	128292739
3	128809510
3	128875760
3	129218887
3	129249729
3	129278521
3	129304884
3	129811983
3	129830208
3	130107761
3	130279230
3	130394156
3	131068499
3	132215412
3	132402273
3	132419205
3	132435673
3	133379948
3	133478079
3	133483747
3	133654617
3	134085192
3	134090296
3	134343895
3	134968180
3	135722239
3	135822192
3	135864034
3	135866232
3	135868007
3	135868921
3	135871030
3	136059381
3	137749945
3	137843645
3	137964332
3	138014707
3	138153705
3	138739677
3	140285062
3	140401588
3	140660879
3	142037655
3	142281902
3	142525169
3	142681804
3	142741746
3	142840876
3	142985677
3	143704669
3	145917805
3	146167045
3	146234840
3	147106599
3	147113680
3	148757409
3	148793740
3	149485151
3	150347262
3	150403596
3	150421404
3	150883230
3	150911303
3	151012956
3	151056423
3	151129169
3	151598920
3	152018098
3	152058511
3	154024018
3	154836559
3	155197820
3	155199126
3	155560361
3	155571919
3	156395531
3	156645334
3	158384377
3	158539821
3	159571236
3	160285913
3	165504018
3	167277998
3	167754665
3	168801298
3	168806875
3	168834260
3	168838943
3	169706147
3	169896624
3	170744445
3	170797383
3	170893084
3	172115001
3	172482078
3	174000564
3	175345078
3	175521751
3	176740358
3	179143947
3	179143978
3	179525552
3	180324273
3	180694868
3	181432029
3	182553893
3	182910881
3	183035992
3	183368528
3	183493873
3	183679380
3	183689646
3	183823090
3	183860096
3	183889817
3	183959074
3	183961590
3	183975424
3	184021440
3	184025191
3	184045237
3	184086258
3	184090418
3	184098885
3	184104540
3	184910261
3	184911006
3	185181404
3	185376158
3	185636160
3	185649397
3	186256456
3	186395253
3	186507597
3	186794662
3	187088905
3	187416491
3	189526195
3	189614091
3	190024502
3	190374044
3	190374153
3	191078933
3	191861783
3	192516684
3	192988536
3	193232645
3	194079903
3	194081450
3	194387195
3	195447800
3	195479277
3	195511007
3	195515982
3	195944805
3	196118782
3	196293815
3	196666148
3	196674198
3	196674881
3	196675174
3	196743983
3	196749903
3	196771588
3	197510000
3	197785747
4	59968
4	265980
4	436349
4	436744
4	437633
4	656297
4	666301
4	845653
4	941517
4	952978
4	973242
4	983753
4	1207372
4	1332902
4	1333419
4	1346896
4	1373987
4	1377659
4	1575905
4	1718595
4	1719003
4	1806175
4	1920256
4	1941478
4	2210102
4	2451716
4	2733908
4	2749478
4	2831654
4	2833682
4	2906608
4	2927790
4	2930118
4	2945857
4	3156095
4	3188435
4	3424270
4	3432183
4	3447774
4	3768759
4	4304636
4	5642273
4	6051560
4	6864450
4	7055942
4	7056495
4	7774435
4	7968103
4	8582906
4	8582941
4	10079413
4	13604646
4	13616266
4	15603135
4	15689774
4	15964438
4	15982112
4	16258011
4	16587546
4	17625239
4	17710801
4	17711229
4	17782944
4	17805509
4	20736357
4	22389867
4	22416100
4	23795645
4	23815858
4	23891576
4	24578126
4	24586126
4	24833224
4	25270825
4	25278714
4	25278844
4	25314509
4	26364117
4	26432579
4	36340766
4	37432194
4	37633052
4	37863333
4	38774916
4	38799364
4	38829970
4	38830904
4	38893383
4	39278765
4	39466695
4	39864574
4	40045553
4	40104356
4	40440330
4	40440942
4	40810507
4	41016189
4	41664874
4	41683003
4	41691564
4	41749408
4	41956973
4	42403361
4	42509044
4	42895481
4	43032405
4	44624444
4	44724223
4	46967003
4	46994845
4	47596512
4	47938387
4	48485929
4	48490573
4	48500775
4	48525121
4	49030736
4	52860609
4	54326922
4	55162244
4	55605485
4	56299192
4	56345045
4	56473627
4	56755062
4	56840947
4	57190406
4	57215494
4	57384931
4	57842867
4	57906990
4	62758577
4	62758664
4	65175543
4	65180373
4	68374811
4	68610286
4	68619681
4	69107406
4	69795783
4	69796484
4	70146867
4	70346227
4	70361453
4	70823511
4	70944488
4	71346875
4	71554285
4	71588420
4	71659166
4	71659253
4	71768108
4	72263358
4	73964130
4	74005299
4	74606391
4	74863986
4	74864343
4	75974902
4	76416845
4	76813040
4	77177460
4	77274356
4	77969691
4	77979778
4	78532218
4	78636054
4	78650129
4	79440524
4	80328813
4	80329065
4	81952603
4	83274974
4	83799920
4	83828947
4	84361039
4	84370049
4	84377127
4	85556504
4	85888140
4	86643107
4	86898750
4	86938260
4	87023123
4	87656003
4	87968160
4	88535979
4	88732579
4	88901579
4	89352439
4	89591144
4	89652534
4	90169050
4	90171093
4	91229436
4	91229567
4	91230147
4	91549304
4	94377016
4	95210864
4	95211363
4	95255748
4	95506715
4	96046214
4	99273645
4	99950045
4	100065365
4	100203727
4	100268908
4	100356449
4	100463356
4	100480380
4	100774433
4	100774459
4	100830026
4	103500130
4	103516104
4	103560975
4	106158985
4	106638949
4	106640386
4	109010345
4	109745304
4	109773392
4	111398021
4	111539632
4	113350374
4	113351945
4	113436068
4	114170993
4	114278438
4	115597833
4	118005873
4	118975302
4	119204065
4	119615604
4	119738540
4	119979085
4	120416121
4	120517760
4	120528342
4	120528372
4	121732598
4	121739576
4	121958553
4	121966890
4	122254090
4	122589622
4	122728703
4	122744763
4	122800965
4	122853730
4	123097044
4	123201041
4	123226076
4	123317528
4	125585642
4	125593583
4	126367497
4	126372655
4	128554311
4	128724923
4	129782948
4	129783098
4	129857859
4	134070190
4	138452286
4	139086270
4	139103481
4	139966071
4	139980402
4	139988921
4	140311071
4	140431889
4	140625260
4	141212610
4	141300781
4	141545301
4	141598084
4	141888784
4	143081553
4	144258304
4	145659447
4	146049463
4	146058218
4	146567246
4	146617750
4	147104096
4	147363925
4	151000593
4	151821249
4	152022261
4	152065130
4	153242781
4	153690757
4	153896529
4	153896840
4	154217026
4	154513733
4	154523351
4	154523830
4	154544082
4	155156405
4	155411359
4	155484278
4	155490425
4	155506973
4	155665755
4	156135581
4	156136514
4	156138194
4	156281319
4	156715236
4	157999224
4	159589541
4	159593499
4	159754720
4	162307020
4	162697142
4	164246362
4	164466780
4	166243288
4	166263167
4	166794952
4	169182079
4	169819866
4	170628047
4	175238575
4	175238728
4	175898178
4	176554491
4	176555422
4	176733410
4	177142632
4	177608420
4	183063663
4	183065236
4	183245098
4	183672964
4	184205517
4	184239649
4	184562324
4	184827859
4	184932241
4	185309980
4	185599548
4	185677052
4	185677588
4	185689422
4	185724584
4	186294142
4	186296798
4	186321537
4	186507825
4	186544877
4	186605907
4	187004080
4	187084676
4	187518896
4	187521353
4	187524814
4	187525552
4	187531110
4	187542023
5	353852
5	653196
5	833890
5	891952
5	1085506
5	1394082
5	2746616
5	2755225
5	5146425
5	5190199
5	5319194
5	5462481
5	5476148
5	6753096
5	7867661
5	7900261
5	9050561
5	10973826
5	13714699
5	13781040
5	13814848
5	13841115
5	13867934
5	13922355
5	13923544
5	14401096
5	14507358
5	14690238
5	14751191
5	15500806
5	15928475
5	15939132
5	15939205
5	16572158
5	16670692
5	16758255
5	24509897
5	31526368
5	32390541
5	32601335
5	33576757
5	33649783
5	33751482
5	33937285
5	34818936
5	35047939
5	35779375
5	36103628
5	36680591
5	36986100
5	37148314
5	37169502
5	37183390
5	37244647
5	37330218
5	37333731
5	37364358
5	37370785
5	37697932
5	37703060
5	38445706
5	38451468
5	38475793
5	38478929
5	38490356
5	38510794
5	38940632
5	38957763
5	38967451
5	40843344
5	40909683
5	41203264
5	41904570
5	42800707
5	42808407
5	43039588
5	43609266
5	45645614
5	49694714
5	52204847
5	52780910
5	53815268
5	53815289
5	54405846
5	55407549
5	55439716
5	56177795
5	56217649
5	57750024
5	57750268
5	58999432
5	60224733
5	61001003
5	63496761
5	63665571
5	64084814
5	64468684
5	65000167
5	65054423
5	65476557
5	66460528
5	67591002
5	67592111
5	67594293
5	68423910
5	68588120
5	68667345
5	70806564
5	70806966
5	70856056
5	70858241
5	70860649
5	71491102
5	71494452
5	71499629
5	72189521
5	72209636
5	72337122
5	72419590
5	73165913
5	73930986
5	74009370
5	74323800
5	74655127
5	74656849
5	75428107
5	75581106
5	75950067
5	76715628
5	76987309
5	77298327
5	77477430
5	78076133
5	78350066
5	78596141
5	79034685
5	79374882
5	79473881
5	79733369
5	80503091
5	82808277
5	82815665
5	82833048
5	82837985
5	86513861
5	86685301
5	86687217
5	89770057
5	89770179
5	89933580
5	89949741
5	89986775
5	90449051
5	93076404
5	93076570
5	94207087
5	94267668
5	94861332
5	94918727
5	95234062
5	95242475
5	95746618
5	95768804
5	96077062
5	96119683
5	96126234
5	98194024
5	98218932
5	98236532
5	100143614
5	101583074
5	101755653
5	102613102
5	102894993
5	108168610
5	108670969
5	109025805
5	109963573
5	110406058
5	110427887
5	112173789
5	112176151
5	112214002
5	112227759
5	112358106
5	112769196
5	114548242
5	114603593
5	114612670
5	114914680
5	114956152
5	115249457
5	115298825
5	115327959
5	118264407
5	118469049
5	118479562
5	118483064
5	121761192
5	122144014
5	122344683
5	122726865
5	122950173
5	122950693
5	123972651
5	124036936
5	126172004
5	126746244
5	126783343
5	126993487
5	127627229
5	127666296
5	127704900
5	130939010
5	130977452
5	131713877
5	131819768
5	132010154
5	132029298
5	132038336
5	132046692
5	132197613
5	132223636
5	132412349
5	132424230
5	133478696
5	133483795
5	133634401
5	133912456
5	133916468
5	133956660
5	134060802
5	134143567
5	134364858
5	134364960
5	134724619
5	135508252
5	136403443
5	137419765
5	137680569
5	137682940
5	137727795
5	137804415
5	138718204
5	138758462
5	139192989
5	139422244
5	139494124
5	139742643
5	139743075
5	139876688
5	139906617
5	139928645
5	139928663
5	139928956
5	139946673
5	140031337
5	140076813
5	140078298
5	140180941
5	140181414
5	140181627
5	140188618
5	140203683
5	140209827
5	140222549
5	140231790
5	140236702
5	140249705
5	140263281
5	140308049
5	140346970
5	140431212
5	140431331
5	140431484
5	140431659
5	140432248
5	140475411
5	140481611
5	140481952
5	140503075
5	140535807
5	140536811
5	140554472
5	140562677
5	140573232
5	140573826
5	140595708
5	140698575
5	140699372
5	140723725
5	140725310
5	140741023
5	140746174
5	140750029
5	140750263
5	140752018
5	140763336
5	140768805
5	140772641
5	140774067
5	140782673
5	140782736
5	140793403
5	140794845
5	140812322
5	140865265
5	140953683
5	140956367
5	141020547
5	141059140
5	141243307
5	141307780
5	141364477
5	141694412
5	142421380
5	142602013
5	145522601
5	145543872
5	145610374
5	145834766
5	146750300
5	146795291
5	147806921
5	148407711
5	148424105
5	148521086
5	148618837
5	148702174
5	148875372
5	148886677
5	149225329
5	149452926
5	149460526
5	149629799
5	149748373
5	149751721
5	149933148
5	150071356
5	150075095
5	150175237
5	150578593
5	150664273
5	150701740
5	150871286
5	150914139
5	150922940
5	150945784
5	150946031
5	150947314
5	153783649
5	153792537
5	153832960
5	154092491
5	154278077
5	154393314
5	154393384
5	156190216
5	156456729
5	156464363
5	156536049
5	156592631
5	156659390
5	156676017
5	156714094
5	156747709
5	156816304
5	156816314
5	157183359
5	158608987
5	158635109
5	158710255
5	159476548
5	159519949
5	159520929
5	159679795
5	159680088
5	159776599
5	159781784
5	159831470
5	159842153
5	160042845
5	160047653
5	161116304
5	161520930
5	162898239
5	167983793
5	168250271
5	169122870
5	170224532
5	170351518
5	170380703
5	171481666
5	171544548
5	171766004
5	171809091
5	171881368
5	173383178
5	174937128
5	175308128
5	175913396
5	175920999
5	175921221
5	175936662
5	175953961
5	175959091
5	176002541
5	176004399
5	176023744
5	176025343
5	176047794
5	176048248
5	176378475
5	176722809
5	176733763
5	176737463
5	176793799
5	176869409
5	176943130
5	177022312
5	177023099
5	177548743
5	177570947
5	177649444
5	177686734
5	177987751
5	178040807
5	178154017
5	178310243
5	178359409
5	178408720
5	178413713
5	178506429
5	179046407
5	179229021
5	179264822
5	179267937
5	179271149
5	179287691
5	179320288
5	179662975
5	179755277
5	179980471
5	180041095
5	180043474
5	180219459
5	180220017
5	180275878
5	180480780
5	180582228
5	180582733
5	180622401
5	180659664
5	180661468
5	180664686
5	180687406
6	292439
6	348796
6	350660
6	408022
6	656241
6	1102065
6	2836215
6	2890226
6	2900768
6	3010314
6	3077197
6	3456238
6	3723039
6	4057360
6	4061754
6	4892450
6	4954425
6	5000866
6	5216917
6	5771751
6	7229814
6	7230471
6	7249076
6	7373588
6	7386063
6	7569551
6	7594348
6	7882195
6	8430097
6	10415779
6	10628236
6	10629505
6	10671793
6	10981801
6	11005620
6	12164317
6	13305289
6	13365311
6	13365373
6	13622571
6	13802542
6	13978789
6	15487636
6	15524651
6	15533579
6	16145149
6	16301145
6	17293897
6	17616348
6	17781108
6	17828493
6	18130888
6	18213903
6	21596321
6	22290484
6	24174530
6	24450024
6	24528316
6	24806597
6	24850160
6	25594709
6	25762253
6	25850756
6	25918751
6	26056338
6	26158545
6	26205087
6	26235176
6	26285688
6	26368813
6	26370600
6	26505163
6	26522479
6	27222547
6	27277536
6	27278149
6	27792077
6	27806861
6	27834739
6	27861471
6	28056810
6	28116178
6	28120942
6	28122586
6	28228351
6	28350338
6	28872087
6	29054175
6	29054750
6	29079836
6	29275161
6	29431090
6	29573403
6	29574777
6	29795620
6	29795823
6	30025457
6	30128621
6	30229192
6	30457322
6	30546284
6	30594798
6	30610572
6	30668210
6	30672920
6	30675407
6	30862398
6	30876855
6	30954603
6	30954664
6	31079797
6	31084660
6	31106536
6	31106825
6	31117885
6	31138171
6	31431310
6	31475043
6	31477624
6	31541458
6	31614289
6	31623743
6	31654885
6	31698706
6	31726872
6	31747909
6	31896627
6	31912606
6	31926232
6	31926693
6	31937437
6	32008353
6	32011575
6	32013093
6	32016273
6	32016278
6	32036823
6	32097113
6	32116698
6	32137744
6	32148950
6	32190304
6	32260901
6	32260985
6	32610732
6	32946068
6	33130665
6	33145220
6	33173243
6	33175670
6	33255275
6	33273031
6	33366083
6	33377513
6	33391281
6	33419800
6	33423828
6	33425077
6	33656498
6	33740459
6	34059755
6	34614434
6	34831965
6	34835297
6	34838641
6	34839456
6	34952920
6	34985339
6	35056455
6	35201018
6	35210820
6	35216407
6	35217092
6	35285682
6	35443806
6	35446270
6	35479480
6	35558973
6	35995949
6	36076279
6	36076474
6	36193115
6	36284976
6	36355388
6	36567692
6	36822621
6	37281649
6	37299691
6	37418062
6	37421050
6	37611672
6	37612332
6	38122211
6	38820576
6	38843537
6	38957915
6	38980355
6	39330287
6	39507992
6	40347058
6	41248866
6	41556386
6	41652628
6	41707585
6	41744699
6	41749221
6	41751245
6	41773890
6	41900166
6	42045396
6	42130679
6	42147256
6	42179611
6	42236421
6	42883865
6	42937461
6	42985611
6	42987073
6	43013736
6	43016147
6	43023307
6	43023680
6	43044725
6	43111167
6	43113161
6	43141804
6	43144386
6	43147490
6	43148967
6	43149212
6	43155093
6	43163974
6	43250928
6	43400007
6	43473102
6	43480048
6	43484533
6	43499233
6	43612945
6	43642960
6	43753448
6	44218846
6	44232976
6	44274025
6	44355367
6	44413512
6	44921047
6	46129070
6	46189251
6	46644261
6	46657074
6	46766876
6	46801227
6	46976762
6	47199331
6	47541952
6	47646796
6	47847267
6	47869603
6	49423883
6	49459941
6	49518442
6	50812374
6	51938278
6	51948026
6	52138692
6	52147596
6	52271114
6	52272321
6	52546709
6	52768501
6	52866493
6	52995619
6	54002157
6	54186132
6	54804723
6	56021748
6	56335022
6	56366325
6	56417441
6	56466259
6	56483201
6	56485242
6	56716203
6	56883334
6	56915615
6	56965440
6	57055199
6	57059603
6	62757814
6	64290483
6	69345883
6	70646684
6	71242868
6	72889412
6	72892067
6	73111661
6	73112311
6	73900332
6	74472169
6	74472561
6	75798882
6	75799990
6	75834913
6	75834923
6	75839867
6	75841706
6	75848673
6	75893684
6	75953462
6	75963402
6	76343362
6	76582970
6	79577218
6	79698036
6	79912097
6	80223380
6	80881026
6	82933168
6	83839220
6	84233953
6	84290171
6	84650277
6	85472380
6	87925646
6	87925746
6	87964750
6	87966220
6	87969338
6	87970140
6	88173839
6	88315739
6	88852659
6	88854102
6	88854680
6	89320013
6	89790847
6	89967556
6	90036819
6	90077525
6	90097244
6	90347047
6	90368416
6	90408728
6	90472046
6	90572041
6	90578405
6	90605404
6	90640057
6	96651687
6	96660409
6	96660708
6	96986584
6	97246416
6	97246550
6	99819461
6	99991423
6	100957310
6	101847134
6	102124511
6	102124648
6	102307161
6	105233079
6	105530207
6	107388071
6	107515035
6	108370519
6	108497789
6	109274470
6	109557872
6	110300726
6	110714262
6	110942316
6	111688745
6	111693904
6	111697605
6	112041014
6	112454667
6	112463354
6	114182025
6	114183035
6	116442428
6	116747906
6	116758337
6	116821751
6	117113371
6	117130476
6	118475783
6	118880279
6	119232836
6	123318976
6	123384911
6	123594494
6	125573181
6	126080426
6	127836693
6	128150983
6	128388788
6	129714312
6	129781441
6	129833610
6	129835539
6	129921823
6	131190990
6	131277247
6	131466454
6	131486358
6	131604230
6	131919543
6	131946103
6	132269854
6	132270313
6	132695917
6	132874695
6	133015149
6	133072558
6	133078942
6	133105203
6	133850297
6	133850325
6	134142634
6	134210826
6	134498833
6	135303676
6	135507142
6	135774557
6	135787330
6	136888966
6	137245539
6	138559697
6	139094732
6	139266424
6	139488254
6	139695052
6	142736214
6	143093067
6	143784132
6	143828499
6	144128204
6	144898394
6	145095462
6	146243484
6	146262842
6	146351283
6	146720738
6	146756949
6	146757812
6	146865254
6	147635028
6	147648285
6	149285626
6	149700075
6	149722006
6	149982145
6	149982699
6	150174244
6	150211183
6	150211279
6	150291163
6	150343297
6	151130420
6	151670959
6	151672341
6	151674095
6	151677319
6	151687146
6	151687566
6	151790041
6	152473144
6	152473270
6	152542061
6	152563558
6	152576051
6	152631617
6	152642991
6	152660456
6	152665235
6	152725432
6	152805988
6	155154713
6	155571000
6	157528566
6	157529313
6	158450037
6	158454713
6	158492753
6	158613034
6	158923719
6	159084364
6	159086520
6	159399302
6	159462467
6	159653582
6	159654465
6	160113774
6	160169690
6	160174648
6	160218325
6	160469475
6	160479977
6	160505209
6	160517529
6	160668284
6	160829812
6	160962173
6	161152862
6	161574670
6	161574723
6	162683646
6	163987565
6	165706952
6	165715068
6	166578287
6	166580115
6	166741762
6	166827282
6	167417088
6	167550917
6	167587432
6	167591997
6	167708079
6	167753656
6	167754309
6	168372559
6	168479710
6	168709136
6	169649019
6	170002334
6	170201068
6	170201344
7	296684
7	716895
7	943862
7	1542612
7	1733593
7	1885594
7	2108909
7	2255547
7	2294800
7	2304025
7	2472458
7	2579191
7	2611946
7	2771364
7	2802393
7	2954986
7	3197855
7	4794171
7	4830745
7	4871801
7	4900478
7	5262288
7	5340205
7	5347805
7	5410364
7	5410465
7	5529084
7	5662746
7	6063070
7	6063141
7	6094310
7	6189666
7	6442424
7	6750440
7	7400161
7	10973021
7	10973112
7	11415372
7	12665407
7	12684323
7	12730337
7	13935252
7	14028371
7	14188565
7	15725648
7	16650363
7	16832343
7	16901043
7	18631236
7	18875130
7	20454583
7	20825580
7	21551709
7	21789295
7	21901628
7	23000919
7	24705269
7	24749989
7	24888747
7	26225219
7	26236571
7	26412404
7	26680356
7	27285982
7	28449399
7	28864745
7	28865295
7	29966126
7	30477219
7	30490999
7	30492314
7	30492570
7	30673362
7	32338304
7	32907932
7	34874008
7	34978913
7	34987308
7	36338705
7	37252981
7	37947268
7	37989891
7	38370127
7	38398140
7	38431619
7	38467701
7	40102654
7	40118361
7	40221560
7	41739805
7	42000867
7	42011981
7	42949627
7	42956951
7	42961363
7	43832411
7	43906271
7	44027847
7	44044480
7	44048263
7	44147612
7	44151194
7	44153192
7	44153902
7	44797540
7	44802523
7	44880607
7	44882897
7	44919893
7	45116036
7	45140880
7	45758748
7	45798698
7	47317647
7	47384545
7	47440490
7	47894633
7	47944104
7	48147013
7	48313651
7	48317828
7	48407413
7	48634334
7	50191098
7	54617598
7	55231511
7	55498924
7	55873068
7	56067172
7	56169429
7	64169312
7	64292335
7	64349444
7	64388183
7	64525440
7	64528988
7	65557759
7	66104742
7	66421101
7	66648142
7	66760613
7	70242160
7	70255469
7	70880872
7	71178022
7	72413793
7	72734221
7	72738526
7	72738554
7	72925104
7	73083821
7	73097256
7	73458235
7	73462832
7	73483347
7	73521381
7	73790501
7	74005347
7	74528241
7	75047881
7	75070830
7	75141967
7	75511420
7	75517659
7	75517734
7	76027019
7	76135296
7	76255251
7	76610466
7	76943752
7	77026671
7	77885649
7	79846694
7	79848459
7	80457936
7	82581657
7	82997238
7	83590508
7	86594294
7	86817480
7	87760734
7	87825864
7	88423629
7	88423670
7	90042927
7	90044635
7	90747505
7	91503150
7	91690637
7	92085891
7	92099048
7	92131259
7	92195332
7	92765092
7	92848857
7	92970869
7	93108801
7	94056352
7	94540517
7	94996745
7	95041641
7	97814394
7	97822899
7	97860551
7	97873891
7	98258004
7	98452889
7	98627951
7	99022448
7	99074074
7	99079850
7	99079882
7	99092255
7	99110150
7	99305561
7	99474303
7	99700584
7	99704100
7	99709570
7	99711876
7	99752410
7	99767978
7	99802723
7	100032974
7	100075371
7	100086856
7	100087133
7	100179938
7	100184117
7	100192127
7	100210517
7	100218379
7	100277638
7	100358114
7	100403252
7	100463095
7	100469182
7	100469302
7	100486283
7	100486577
7	100487895
7	100490070
7	100490171
7	100609896
7	100680810
7	100682667
7	100683700
7	100862030
7	100866992
7	100880923
7	100958418
7	101196606
7	101267457
7	101821896
7	101843380
7	101844944
7	101926367
7	102401767
7	102584809
7	102669194
7	103008381
7	103163862
7	103180817
7	103206674
7	103969319
7	104548664
7	104753124
7	104782904
7	105105852
7	105108804
7	105172717
7	105183056
7	105656381
7	105660818
7	105672883
7	105732088
7	105909004
7	106820497
7	106822987
7	106836384
7	106841858
7	106841868
7	106888937
7	106898765
7	106964951
7	107432308
7	107718726
7	111366641
7	111509687
7	111644118
7	111927129
7	111970323
7	112460641
7	112723837
7	112724696
7	114269964
7	114330937
7	115594687
7	116340180
7	116859182
7	117199638
7	117232107
7	117307164
7	117431421
7	120737842
7	120782176
7	121684481
7	121773840
7	122342137
7	123508339
7	123508989
7	123594222
7	124404325
7	127013418
7	127251728
7	127335003
7	127341219
7	127484478
7	127569239
7	127638014
7	127668241
7	127668242
7	127669139
7	127669269
7	128049374
7	128097354
7	128364820
7	128449539
7	128455770
7	128494954
7	128505605
7	128587948
7	128655140
7	129064978
7	129410247
7	129853366
7	129948180
7	129962396
7	130037582
7	130040060
7	131194294
7	131878921
7	131883389
7	132070055
7	132330707
7	134127442
7	134893620
7	135123020
7	135272429
7	135277860
7	135611865
7	136588040
7	136700357
7	136939623
7	137294348
7	137761248
7	138738276
7	138845858
7	139796773
7	139818918
7	140043218
7	140043365
7	141177136
7	141313962
7	141333744
7	141341194
7	141352669
7	141418881
7	141464576
7	141464581
7	141736655
7	141756649
7	141767211
7	142124189
7	142176593
7	142423462
7	142428695
7	142510496
7	142566427
7	142983824
7	143017770
7	143088242
7	143091360
7	143140739
7	143421555
7	144060756
7	144062404
7	144101702
7	147926803
7	148506437
7	148514394
7	148895636
7	149174703
7	149428811
7	149489167
7	149490692
7	149497041
7	149498938
7	149500417
7	149517799
7	149519002
7	149519110
7	149523326
7	149545409
7	149558389
7	150068448
7	150070178
7	150164173
7	150488623
7	150498426
7	150549646
7	150554679
7	150558133
7	150725962
7	150745987
7	150747659
7	150747905
7	150761437
7	150773878
7	150846014
7	150929828
7	150935357
7	150935790
7	151716772
7	151841853
7	151845170
7	151874243
7	151879537
7	154667767
7	154684044
7	154767522
7	155255123
7	155457933
7	156432775
7	156742998
7	157049683
7	158464278
7	158534277
7	158698774
7	158705737
7	158711467
7	158738373
8	385636
8	442279
8	442596
8	623576
8	1951618
8	2026859
8	2820046
8	3081377
8	6360236
8	7717932
8	7752260
8	8175975
8	8748847
8	8887561
8	8998932
8	8998978
8	9562199
8	9635400
8	10468806
8	10469232
8	10469380
8	10754917
8	10892744
8	11407667
8	11415508
8	12040124
8	12040232
8	12594425
8	12598434
8	12881829
8	12883174
8	12883595
8	12884671
8	16026347
8	17123431
8	17491584
8	17500212
8	17883073
8	18385266
8	18730058
8	19263482
8	19709402
8	19824556
8	20036734
8	20104894
8	20105426
8	21560408
8	21608168
8	21894179
8	21912451
8	21958956
8	21964674
8	21972006
8	21982849
8	22006109
8	22053993
8	22056628
8	22370828
8	22380070
8	22494069
8	22887170
8	23056956
8	23114023
8	24167689
8	24193003
8	24775747
8	25276959
8	25293833
8	26513987
8	26515435
8	26722203
8	27362494
8	27516896
8	27516990
8	27903171
8	27927094
8	27987112
8	28217267
8	28340885
8	28340893
8	28574136
8	28575257
8	28707753
8	28837590
8	29102949
8	29194773
8	29927269
8	29963738
8	29996218
8	30210112
8	30648788
8	30704403
8	30716203
8	31004635
8	33356075
8	33357999
8	33454966
8	35425659
8	36768501
8	37593343
8	37593846
8	37594384
8	37623795
8	37633527
8	37701292
8	37792688
8	37796311
8	37991046
8	38125471
8	38175230
8	38245506
8	38270423
8	38845535
8	38848828
8	38874804
8	39466575
8	41122755
8	41394712
8	41543691
8	41547821
8	41834783
8	42038125
8	42294849
8	42329734
8	42939885
8	43033345
8	43054754
8	43147792
8	43147807
8	43218144
8	48614370
8	48739423
8	48805759
8	48955719
8	52232435
8	52322074
8	52336201
8	52412329
8	53038635
8	53062401
8	54142105
8	54628328
8	55534029
8	57074252
8	57078769
8	59360037
8	59490674
8	59555543
8	61654005
8	61777799
8	62538711
8	64098919
8	65489022
8	65492910
8	65495648
8	66639463
8	67547460
8	67743488
8	67955540
8	67963560
8	68942869
8	69033225
8	70571659
8	70572988
8	70744073
8	70744464
8	72234038
8	72970003
8	73848333
8	73849937
8	74236373
8	74858932
8	75148785
8	75148817
8	75227402
8	76471133
8	77593647
8	80677469
8	80679997
8	81430709
8	81605271
8	82572751
8	82644927
8	85717006
8	86037165
8	86041416
8	86242031
8	86574475
8	87242052
8	87552498
8	87616366
8	87641185
8	89046577
8	90965741
8	91636755
8	92030645
8	92082488
8	92212991
8	93075076
8	94816989
8	94937915
8	95189837
8	95264375
8	95500993
8	95905164
8	95941181
8	97155589
8	97156943
8	97621986
8	98155703
8	98289294
8	98673305
8	98699747
8	99044520
8	99170003
8	99441304
8	99895947
8	100729509
8	100844830
8	101059793
8	101276268
8	102504876
8	102699191
8	103226309
8	103266240
8	103277395
8	103664626
8	104340559
8	104384013
8	104427431
8	104940110
8	106573619
8	107764527
8	110100513
8	110412533
8	110456063
8	110489522
8	110516590
8	113236693
8	113812477
8	114448922
8	114449126
8	117738269
8	117950533
8	118188696
8	119938733
8	120255890
8	120744425
8	121382711
8	123964543
8	123965303
8	124132417
8	124265626
8	124268285
8	124382233
8	124824932
8	125029901
8	125072696
8	125463521
8	125564954
8	126030406
8	128752706
8	130861570
8	131833596
8	133025652
8	133141602
8	133945819
8	134072432
8	134225357
8	134239957
8	134254291
8	134478286
8	135613939
8	135614188
8	135615152
8	139144556
8	139164158
8	139164906
8	139190785
8	139774696
8	141262921
8	141449281
8	141541419
8	141668840
8	141669480
8	141900689
8	142176424
8	143310860
8	143562722
8	143623465
8	143784459
8	143856768
8	143996601
8	144358071
8	144461606
8	144653113
8	144657122
8	144809001
8	144877489
8	144903857
8	144945941
8	144994057
8	144997063
8	145002041
8	145135445
8	145140804
8	145166838
8	145169327
8	145169492
8	145247305
8	145512878
8	145622786
8	145652363
8	145661639
8	145665405
8	145694700
8	145741154
8	145746672
8	146003893
8	146076615
8	146107207
8	146156919
8	146203504
9	118095
9	368280
9	428496
9	429785
9	443501
9	463522
9	742265
9	893983
9	2158873
9	2645616
9	2718810
9	3257010
9	3395492
9	3932361
9	4286108
9	4635396
9	5358183
9	5756302
9	5810098
9	6498158
9	6532738
9	6533013
9	6556179
9	6595072
9	13113940
9	13121833
9	14720182
9	14770738
9	14776093
9	14784610
9	14859181
9	15423114
9	15486054
9	15623334
9	16411632
9	16416714
9	16437264
9	18684725
9	18777408
9	18928193
9	19082971
9	19102704
9	19786259
9	20758097
9	20820953
9	21206629
9	21333879
9	21384975
9	21481006
9	23731104
9	26997955
9	27213566
9	27524714
9	32544101
9	33047206
9	33221079
9	33367540
9	33548639
9	33675096
9	33675800
9	33922561
9	33923258
9	33986818
9	34106466
9	34126359
9	34343411
9	34370711
9	34382859
9	34998336
9	35043277
9	35091491
9	35382426
9	35404079
9	35449798
9	35450384
9	35548085
9	35548126
9	35548203
9	35556306
9	35556354
9	35561083
9	35610637
9	35616271
9	35618116
9	35697814
9	35722169
9	35736451
9	35810994
9	35813702
9	35869521
9	35870140
9	36170009
9	36846868
9	36966573
9	37541576
9	37780849
9	37861189
9	38397842
9	42410479
9	69113752
9	69120803
9	69127075
9	70178024
9	71396456
9	71628251
9	71840954
9	72131668
9	72787649
9	73027901
9	73398911
9	73477946
9	74975064
9	75524652
9	75567853
9	77339524
9	77415212
9	77423084
9	77693395
9	77748280
9	78506137
9	78943079
9	79007346
9	79119313
9	79320550
9	79324909
9	79325129
9	79792642
9	79834874
9	79954725
9	79966364
9	79972621
9	80038825
9	80932688
9	80944059
9	82286134
9	84199404
9	84202745
9	84531264
9	84607849
9	84608873
9	86258607
9	86452304
9	86457308
9	86907605
9	86914615
9	88655669
9	88924867
9	88969326
9	90254609
9	90254613
9	90272947
9	90323541
9	90500388
9	90586173
9	91262449
9	91616214
9	91617940
9	91666994
9	91996145
9	92219971
9	93627370
9	93983187
9	95080907
9	95147576
9	95219197
9	95222013
9	95280004
9	95475530
9	95475643
9	95738541
9	95738945
9	95874553
9	95887325
9	95888785
9	95993335
9	96441184
9	96441526
9	96859602
9	97063570
9	97346894
9	98218587
9	98221974
9	98244182
9	98703733
9	98774948
9	99220816
9	99403967
9	100039865
9	100222745
9	100363087
9	100412877
9	100756912
9	100895340
9	100919884
9	101751495
9	101767302
9	101787181
9	102584285
9	102590362
9	102782900
9	103339697
9	104075240
9	104124191
9	104334667
9	104357240
9	107289118
9	107298835
9	107456975
9	109746690
9	110062500
9	110091926
9	111617325
9	111659290
9	111668706
9	111745500
9	112899185
9	112900113
9	114155989
9	114173399
9	114886654
9	114981000
9	115216324
9	115216331
9	115925230
9	116169916
9	116223986
9	116267778
9	116356210
9	116770645
9	116811432
9	116817747
9	116856654
9	117825196
9	117848787
9	117848957
9	117849329
9	117853037
9	118666731
9	119463090
9	119582906
9	120475047
9	121929040
9	121930252
9	123182191
9	123538386
9	123618327
9	123715025
9	123719591
9	123742413
9	123860836
9	124110407
9	124622616
9	124632788
9	124976603
9	125003931
9	125048349
9	125239951
9	125330397
9	125486317
9	125486957
9	125562824
9	125621196
9	125748694
9	125797630
9	126137543
9	126777725
9	127114525
9	127231722
9	127650669
9	127738392
9	128065095
9	129596598
9	129641876
9	129812411
9	129850320
9	130280104
9	130479043
9	130493742
9	130494810
9	130507260
9	130825952
9	130928484
9	130941488
9	131222545
9	131262601
9	131331176
9	131346216
9	131395196
9	131454940
9	131483609
9	131584502
9	131585094
9	131588887
9	131671309
9	131679750
9	131771739
9	131852064
9	132375518
9	132572374
9	132584983
9	132623223
9	133269880
9	133327360
9	133577429
9	133907560
9	134388651
9	134394828
9	134463187
9	134464278
9	134889824
9	135204730
9	135767047
9	135946410
9	135962262
9	135976745
9	135983629
9	136004740
9	136080697
9	136208625
9	136304528
9	136307520
9	136314904
9	136333133
9	136343391
9	136568065
9	136896929
9	136901332
9	137300005
9	137734277
9	137735644
9	138011825
9	138236004
9	138591340
9	138677177
9	138714357
9	139301626
9	139400142
9	139405655
9	139562749
9	139637403
9	139639698
9	139699828
9	139747998
9	139755013
9	139811022
9	139887582
9	140053144
9	140151435
9	140245522
9	140476944
9	140652355
9	140777382
10	285443
10	322275
10	708003
10	931600
10	1205871
10	3111504
10	3182987
10	3189960
10	5246385
10	5258688
10	5415838
10	5808059
10	5827223
10	5948557
10	6008155
10	6255711
10	6268288
10	6275664
10	6483995
10	7213965
10	8100333
10	11504591
10	12070992
10	13251164
10	13264097
10	13325702
10	13642275
10	13712521
10	14977470
10	15103830
10	15726008
10	16528616
10	17024564
10	17194021
10	17757086
10	17757602
10	18266956
10	18690000
10	18807865
10	18823067
10	21070852
10	21802562
10	21805698
10	22607610
10	22620058
10	22825998
10	23483027
10	24498054
10	24762182
10	24834961
10	24874035
10	24874499
10	24874889
10	24889810
10	24909618
10	25861705
10	26357701
10	26462680
10	26506781
10	26575346
10	26849108
10	26994239
10	27037655
10	27057910
10	27294531
10	27342275
10	27539347
10	27964457
10	28414006
10	28414020
10	28971195
10	29783904
10	29891257
10	30336747
10	32580163
10	34558801
10	35858975
10	42989566
10	43088197
10	43088940
10	43624996
10	43694599
10	43882961
10	44052507
10	45472754
10	45472905
10	45799659
10	45939225
10	45940999
10	45954569
10	46967511
10	46999915
10	48370584
10	48372839
10	48388320
10	49917925
10	49939552
10	50339856
10	50531662
10	50574233
10	50678466
10	51623260
10	51769872
10	52005071
10	52065560
10	53458372
10	55566613
10	55892768
10	61004913
10	61011268
10	61012683
10	61831100
10	61831133
10	61833051
10	61836021
10	61967796
10	62648835
10	63700040
10	63853447
10	63853674
10	64566262
10	64566269
10	64566279
10	64913999
10	64927060
10	64952818
10	64967898
10	64973841
10	65140090
10	68686317
10	69748450
10	70141056
10	70333215
10	70405160
10	70405222
10	70405594
10	70451892
10	70645029
10	70723203
10	70748638
10	71124556
10	71562473
10	71654436
10	71689842
10	71920766
10	71973249
10	72300928
10	72360288
10	72500843
10	72538278
10	73045165
10	73111519
10	73590968
10	74034890
10	74234980
10	74653596
10	74714485
10	74833566
10	74882060
10	74890653
10	74899443
10	74994654
10	75051203
10	75258846
10	75276399
10	75290471
10	75435334
10	75519884
10	75551791
10	75556703
10	75567396
10	75865101
10	75910680
10	76857480
10	76982080
10	77167386
10	79552200
10	79581495
10	79601876
10	79740022
10	81056353
10	81270662
10	82033531
10	82034914
10	84733541
10	88728427
10	88827876
10	89503320
10	89692769
10	89711875
10	89720690
10	89726728
10	90673011
10	91098700
10	91099597
10	91162749
10	91484819
10	93667928
10	93786348
10	94835633
10	94836424
10	95079762
10	95119689
10	95169368
10	95372545
10	95372717
10	95931222
10	96028711
10	96540285
10	96540302
10	96540309
10	96796908
10	96796921
10	97174565
10	97791845
10	97817945
10	97819829
10	97921499
10	97922709
10	98108094
10	98126790
10	98170124
10	98761952
10	98762666
10	98766471
10	99003761
10	99019292
10	99080876
10	99338327
10	99435011
10	101124210
10	101448459
10	101464573
10	101911304
10	101945398
10	102116410
10	102677031
10	102716244
10	102722708
10	102741263
10	102750661
10	102798421
10	103585956
10	103590894
10	103607196
10	103607371
10	103870353
10	103898474
10	103912085
10	103990028
10	104158555
10	104160478
10	104236423
10	104592369
10	104837704
10	104865114
10	104871536
10	105046804
10	105062767
10	105110467
10	105173032
10	105201628
10	105356998
10	105806523
10	105882067
10	106019376
10	106974361
10	108333962
10	108489841
10	111860428
10	113913184
10	114905856
10	115341641
10	115348714
10	115349041
10	115375514
10	115405640
10	115411667
10	115536900
10	115612822
10	115618346
10	115891933
10	117849301
10	118138842
10	118196272
10	118306805
10	118357611
10	118434245
10	118645738
10	119003605
10	119003780
10	119078467
10	119765509
10	119967222
10	120791255
10	120816468
10	120900777
10	121191021
10	121203081
10	121275049
10	121602890
10	122650397
10	122660591
10	123843811
10	124540377
10	124915212
10	124919972
10	126523477
10	126673815
10	126682475
10	127455313
10	127548238
10	127548356
10	128769023
10	129899678
10	129902278
10	129902872
10	129905502
10	129907391
10	129909970
10	131639226
10	132760932
10	132902555
10	133930607
10	133967424
10	134018981
10	134039030
10	134261534
10	134591356
10	134647024
10	134647573
10	134682835
10	134694416
10	134713050
10	134902520
10	134906717
10	135003125
10	135020663
10	135107075
10	135180409
10	135180420
10	135235484
11	193763
11	290675
11	292892
11	294478
11	488526
11	552114
11	609438
11	681048
11	764349
11	800206
11	801249
11	837585
11	893472
11	1011274
11	1016717
11	1079716
11	1221672
11	1254286
11	1255458
11	1257661
11	1261441
11	1265754
11	1265850
11	1266834
11	1270354
11	1276622
11	1307286
11	1605666
11	1606246
11	1782560
11	1782648
11	1874286
11	2150696
11	2151725
11	2182014
11	2186461
11	2417151
11	2424665
11	3115484
11	3423016
11	3429936
11	3657338
11	3733605
11	3819050
11	3845319
11	4407425
11	4510924
11	4567208
11	4598981
11	4674404
11	4825640
11	4967518
11	4967926
11	5020466
11	5510578
11	5535754
11	5566419
11	5566523
11	5664623
11	5664720
11	5758688
11	5776796
11	5809483
11	5906064
11	5968631
11	6007954
11	6221344
11	6232981
11	6340547
11	6426713
11	6569252
11	6578198
11	6592149
11	6592460
11	6623241
11	6638973
11	6646869
11	6739848
11	6742453
11	6789620
11	6816940
11	6898058
11	6898648
11	6943104
11	7111975
11	7531408
11	7669692
11	7690482
11	8016062
11	8123050
11	8132206
11	8643347
11	8662008
11	8705588
11	9004688
11	9047358
11	9165022
11	9192231
11	9452492
11	9456544
11	9530292
11	9606841
11	9809251
11	10524403
11	10597697
11	10785962
11	10797097
11	10828368
11	11374082
11	11924833
11	11979108
11	11987426
11	12225929
11	12923525
11	12959296
11	13734568
11	13750358
11	14507920
11	14529203
11	14839869
11	15197293
11	16877391
11	17141509
11	17158163
11	17414662
11	17415926
11	17547977
11	17741512
11	17741581
11	18231824
11	18456458
11	18628785
11	18628906
11	18728576
11	18728680
11	18764031
11	19177365
11	19258929
11	20142020
11	20658850
11	20950025
11	21135242
11	22214830
11	22400524
11	25004737
11	27016157
11	27387928
11	27680837
11	27681058
11	28134885
11	30926531
11	30938455
11	32456422
11	32632736
11	33120670
11	33583281
11	33596367
11	33682487
11	33763442
11	33780036
11	33881054
11	34167751
11	34477573
11	35454211
11	35641600
11	36293015
11	36595874
11	36599433
11	43342970
11	43469592
11	43852523
11	43918871
11	43941591
11	43965478
11	44097123
11	44254016
11	45671234
11	45671774
11	45672140
11	45880424
11	45892002
11	45904260
11	45926025
11	45949840
11	45950506
11	46342546
11	46388215
11	46394055
11	46564912
11	46749545
11	47198401
11	47199470
11	47354831
11	47380199
11	47440415
11	47597195
11	47609325
11	47786907
11	47857235
11	49598023
11	55062964
11	55541730
11	55873339
11	55904643
11	55944887
11	56000569
11	56468738
11	57003485
11	57077209
11	57077934
11	57428601
11	57440507
11	57466841
11	57511727
11	57512018
11	57585231
11	57947407
11	57995857
11	58035487
11	58295138
11	58920254
11	58978685
11	59404527
11	59940505
11	60059721
11	60073587
11	60197062
11	60637240
11	60640871
11	60690183
11	60695142
11	60898472
11	61048103
11	61106857
11	61507035
11	61512009
11	61539067
11	61647575
11	61897307
11	61981295
11	62297177
11	62299281
11	62338451
11	62376241
11	62415107
11	62416226
11	62455936
11	62521082
11	62521104
11	62549745
11	62655923
11	62677135
11	62747324
11	62760557
11	63273770
11	63438775
11	63595165
11	63667477
11	63676851
11	63753801
11	63755843
11	63992165
11	63996715
11	63996933
11	64003312
11	64026562
11	64068425
11	64089267
11	64112537
11	64127668
11	64398034
11	64428315
11	64559653
11	64594547
11	64621565
11	64622938
11	64658691
11	64662400
11	64665328
11	64701242
11	64847254
11	64877345
11	64978822
11	65043438
11	65120157
11	65123318
11	65164475
11	65267763
11	65305850
11	65319618
11	65349083
11	65365669
11	65384403
11	65396382
11	65397858
11	65422178
11	65422461
11	65429419
11	65620811
11	65632737
11	65649997
11	65688075
11	65789307
11	65999726
11	66010719
11	66043829
11	66044215
11	66044572
11	66052992
11	66082479
11	66114472
11	66444404
11	66618540
11	66625324
11	67012923
11	67020235
11	67021696
11	67022676
11	67024775
11	67059536
11	67174370
11	67186619
11	67254515
11	67256794
11	67287534
11	67432950
11	67564257
11	67761152
11	67815229
11	67925793
11	68029695
11	68153846
11	68478409
11	68529076
11	68673702
11	68777329
11	68840469
11	70031750
11	70333763
11	71149930
11	71150073
11	71212495
11	71260540
11	71714964
11	71717218
11	71725846
11	71818597
11	72295760
11	72406874
11	72468860
11	72553666
11	73008634
11	73057925
11	73073727
11	73101636
11	73102216
11	73103295
11	73366906
11	73611461
11	73680333
11	73712271
11	73809095
11	73879409
11	74545798
11	74556217
11	74688465
11	74904428
11	74977085
11	75146663
11	75152241
11	75298046
11	75314042
11	75509390
11	76371596
11	76804826
11	76869455
11	76872107
11	76891475
11	77614600
11	77815075
11	77885356
11	77924695
11	77937924
11	78189683
11	78380932
11	78433911
11	78443384
11	82444576
11	82644227
11	82880224
11	82880228
11	82936090
11	84822737
11	85345134
11	86017376
11	86518765
11	86519893
11	87908562
11	88241415
11	88300275
11	88583238
11	88911456
11	89531586
11	89537643
11	89768777
11	92534256
11	92565015
11	92623057
11	93466250
11	93468214
11	93483597
11	93527156
11	93530749
11	94283012
11	94801288
11	94924570
11	95503810
11	95513060
11	95712766
11	95825274
11	96098259
11	100833192
11	101341927
11	102206767
11	102449858
11	103027166
11	103040901
11	103060490
11	104905176
11	104915260
11	105481499
11	105774637
11	105842683
11	105881218
11	106810454
11	107260841
11	108028811
11	108029573
11	108062864
11	108119746
11	108150223
11	108155200
11	108380635
11	108383785
11	108385180
11	110036517
11	110102393
11	111368049
11	111595719
11	111612869
11	111746038
11	111749806
11	111942483
11	113144499
11	113147205
11	113271007
11	113688426
11	113816755
11	114183023
11	114270852
11	114393149
11	116618973
11	116629842
11	116662594
11	116701341
11	116719888
11	116728538
11	117073712
11	117076381
11	117389215
11	117774500
11	117982598
11	117988161
11	118015844
11	118037432
11	118184587
11	118339489
11	118344731
11	118360900
11	118394832
11	118471612
11	118516247
11	118550376
11	118767868
11	118774060
11	118850340
11	118899931
11	118926263
11	118948906
11	118949384
11	118949843
11	118971786
11	119029280
11	119053961
11	119167740
11	119174727
11	119182054
11	119206619
11	119207671
11	119532164
11	119996535
11	120099853
11	120291499
11	120322392
11	120330010
11	120359559
11	120831687
11	120980124
11	120989388
11	121008652
11	121416082
11	121458762
11	122017267
11	122667733
11	123524506
11	123601236
11	123601465
11	123813852
11	123900645
11	123989738
11	123994154
11	124626177
11	124637360
11	124644912
11	124742306
11	124743657
11	124761317
11	124765492
11	125359320
11	125490750
11	125792966
11	126126601
11	126137444
11	126137546
11	126162594
11	126162861
11	126294633
11	126306830
11	128556687
11	128681990
11	128774398
11	128840855
11	128856519
11	128933794
11	128963534
11	129725668
11	129752506
11	129784860
11	129817140
11	130079984
11	130103212
11	130103387
11	130274882
11	130749585
11	130784270
11	132184657
11	132290021
11	133789930
11	133807367
11	134073651
11	134181047
11	134249341
11	134250563
12	401967
12	419008
12	645381
12	939242
12	1023060
12	1039263
12	1748941
12	1754960
12	1937314
12	1937323
12	1945754
12	1955782
12	2040115
12	2061886
12	2062257
12	2602429
12	2714305
12	2717857
12	2794956
12	2975572
12	2983603
12	4383165
12	4385170
12	4385334
12	4719409
12	4853699
12	4920094
12	4923114
12	5025971
12	5026901
12	5153767
12	5541485
12	6094744
12	6143889
12	6421523
12	6436954
12	6438476
12	6620317
12	6710674
12	6759846
12	6886463
12	6909637
12	6924917
12	6925530
12	6943213
12	6958509
12	6972505
12	7050056
12	7067088
12	7074749
12	7087619
12	7285537
12	7343034
12	7361632
12	7586029
12	7864200
12	7982587
12	8073616
12	8192698
12	8205591
12	8276532
12	8687201
12	9092281
12	9094386
12	9162186
12	9211242
12	9309925
12	9986015
12	10149511
12	10171024
12	10374497
12	10460616
12	10561547
12	10862572
12	11035058
12	11286634
12	11420618
12	11461771
12	12317235
12	12814676
12	12814860
12	12870683
12	13128187
12	13233712
12	13248565
12	13715907
12	14577256
12	14688670
12	14940087
12	15654780
12	18435655
12	18715751
12	19408095
12	19499965
12	20833516
12	21220252
12	21355452
12	21487697
12	21621748
12	21661416
12	21689895
12	21712623
12	21721837
12	21807525
12	21918686
12	22063173
12	25361215
12	26232026
12	26703243
12	26752941
12	27156283
12	27627755
12	27951138
12	28116182
12	29642617
12	29644027
12	29667441
12	29669346
12	30881626
12	30906416
12	31244805
12	31595850
12	31814782
12	31814903
12	31819020
12	32458879
12	32481298
12	32793396
12	38714491
12	39760174
12	40681315
12	40918335
12	40925434
12	40925823
12	41386980
12	42706912
12	42836525
12	44165151
12	44782339
12	45209780
12	48119291
12	48249490
12	48272891
12	48375738
12	48376711
12	48528049
12	48535531
12	48577962
12	48724053
12	48921779
12	49047957
12	49177114
12	49222457
12	49391951
12	49399277
12	49433551
12	49434396
12	49443692
12	49458829
12	49500744
12	49951581
12	49994565
12	50031309
12	50036245
12	50036392
12	50037108
12	50037935
12	50152260
12	50158512
12	50185626
12	50356086
12	50749718
12	51097951
12	51121573
12	51138604
12	51375464
12	51449994
12	51583447
12	51634821
12	51636119
12	51890931
12	52159947
12	52204059
12	52563201
12	52600382
12	52652116
12	52709843
12	52754168
12	52754572
12	52774152
12	52774912
12	52775153
12	52800085
12	52822401
12	52840977
12	52863570
12	52865256
12	52884738
12	52994970
12	53073702
12	53089608
12	53184651
12	53203176
12	53427680
12	53494514
12	53494835
12	53497990
12	53509181
12	53512998
12	53584167
12	53589837
12	53591317
12	53594203
12	53680313
12	53680608
12	53805619
12	53809834
12	53818076
12	53825236
12	53878966
12	53879119
12	53896960
12	53910867
12	53925681
12	53926403
12	54106011
12	54403212
12	54403452
12	54422401
12	54686755
12	54769706
12	54789646
12	54789755
12	54891607
12	54943659
12	54967009
12	55344036
12	55420520
12	55421816
12	55794598
12	56088464
12	56215823
12	56230883
12	56295532
12	56397823
12	56437932
12	56491687
12	56526327
12	56561935
12	56574788
12	56641893
12	56667387
12	56704338
12	56716436
12	56742369
12	56749543
12	56844823
12	56845020
12	56993991
12	57114236
12	57489173
12	57563003
12	57569802
12	57579646
12	57648506
12	57662769
12	57891937
12	57906018
12	57923733
12	57975302
12	58019248
12	58022532
12	58114706
12	58131255
12	58140014
12	60168464
12	62902122
12	64609572
12	64678534
12	64833050
12	64860714
12	65445087
12	65564510
12	66770826
12	66859128
12	68052358
12	68053387
12	68053885
12	69743943
12	69964163
12	69973344
12	70003649
12	70048552
12	70206590
12	70352493
12	70794116
12	70928736
12	70946697
12	71050550
12	71533535
12	72007195
12	72094673
12	72287033
12	74933973
12	75824809
12	75897756
12	76740434
12	77214867
12	77245674
12	77245754
12	77439960
12	77458365
12	78606015
12	79747368
12	79842703
12	80613612
12	80645491
12	81242043
12	81532915
12	81678074
12	82748297
12	82793124
12	85260963
12	85432032
12	85515643
12	85695013
12	86199056
12	89997626
12	90021495
12	91449591
12	91546918
12	93166660
12	94653475
12	94694755
12	94763738
12	95485540
12	96350719
12	96379717
12	96387913
12	96883465
12	96900734
12	96927721
12	96970477
12	97137530
12	98848590
12	98849377
12	98880885
12	99038351
12	99100265
12	100708287
12	100813620
12	100813695
12	100904905
12	101365168
12	101490349
12	101520705
12	101577940
12	102030469
12	102036303
12	102155458
12	102161806
12	102164331
12	102433700
12	104031948
12	104092983
12	104182640
12	104366750
12	104390591
12	104476528
12	104495764
12	104713264
12	105322180
12	105540296
12	107090189
12	107090210
12	107155420
12	107367674
12	107372314
12	107937916
12	108013886
12	108603960
12	108603967
12	108686395
12	108910998
12	108985391
12	109200104
12	109617886
12	109684031
12	109698378
12	109940918
12	110019330
12	110221437
12	110236456
12	110288892
12	110340944
12	110342539
12	110641712
12	110771866
12	110928007
12	110930862
12	111744907
12	111891542
12	112183973
12	112578792
12	112614430
12	112617043
12	112617070
12	112622402
12	112622962
12	112703011
12	113303216
12	113344739
12	113400598
12	113436198
12	113553857
12	113830648
12	114793538
12	116398075
12	116420293
12	116421266
12	116446918
12	117289575
12	118020135
12	118458772
12	119583313
12	119916899
12	119916913
12	120123722
12	120532249
12	120586111
12	120653190
12	120657081
12	120741463
12	120789147
12	120966752
12	120990457
12	121131972
12	121176662
12	121204064
12	121435505
12	121458668
12	121461823
12	121613267
12	121882292
12	122018821
12	122211403
12	122217703
12	122261321
12	122294489
12	122413180
12	122617973
12	122618398
12	122691524
12	122758655
12	123187092
12	123215082
12	123339627
12	123351137
12	123468419
12	123471195
12	123472332
12	123484937
12	123641096
12	123703027
12	123782562
12	123818720
12	123900454
12	123950351
12	124008085
12	124102420
12	124155867
12	124192382
12	124335496
12	124414031
12	124419289
12	124428099
12	124498146
12	124799051
12	124827599
12	124827690
12	125294823
12	125398320
12	125420277
12	128899503
12	129293466
12	130846118
12	131623797
12	132392061
12	132448076
12	132464254
12	132562139
12	132588622
12	133151131
12	133226378
12	133237662
12	133295485
12	133311019
12	133446232
12	133728454
13	20221230
13	20356661
13	20577185
13	20632798
13	20660090
13	21063601
13	21549309
13	21562202
13	21715065
13	23808833
13	23904218
13	23905097
13	23908686
13	24415609
13	24465999
13	24519889
13	24520274
13	24844933
13	24895564
13	25338470
13	25362193
13	25478124
13	25744512
13	25914128
13	25914225
13	26594174
13	26970436
13	27847600
13	28498671
13	28578224
13	28891707
13	28897016
13	29600232
13	30110245
13	31034263
13	31309727
13	32745341
13	32749692
13	32783774
13	32929406
13	32945215
13	32972469
13	33012875
13	33332716
13	33679250
13	33684132
13	36049336
13	36246764
13	36877840
13	36900804
13	37012786
13	37427628
13	38225517
13	39263978
13	39264157
13	39266030
13	39425932
13	39433579
13	39454945
13	39550875
13	39621176
13	39621231
13	41706386
13	41767104
13	41899852
13	42185855
13	42407658
13	43491756
13	43788056
13	45008746
13	45957263
13	46124387
13	46656588
13	46917336
13	46952026
13	47266687
13	48916808
13	49282879
13	49748645
13	50106268
13	50206059
13	50588030
13	51568767
13	51936942
13	52605524
13	52793804
13	52793806
13	52952668
13	53422150
13	53624462
13	58207643
13	58207650
13	60686271
13	61103032
13	61987070
13	66878782
13	70514317
13	70681577
13	72013143
13	73335537
13	73336202
13	74260615
13	74262218
13	75936452
13	76378457
13	77642748
13	77732245
13	77742782
13	77748511
13	78337595
13	78492322
13	78492612
13	78492641
13	78493741
13	79177409
13	79191306
13	79946006
13	84454091
13	84454485
13	84455090
13	94679982
13	94958319
13	95121199
13	95673543
13	96242072
13	96555308
13	99100512
13	99460032
13	99461584
13	99555263
13	100192990
13	100206651
13	100616255
13	100616322
13	101257138
13	101707589
13	101728272
13	101910875
13	103279504
13	103282542
13	103382588
13	103383347
13	103419753
13	103518027
13	107195666
13	108518543
13	108862482
13	108886387
13	109707736
13	109777585
13	109831982
13	110814671
13	110828984
13	110835543
13	110862329
13	111088700
13	111102134
13	111134898
13	111164286
13	112722305
13	113139524
13	113139607
13	113333827
13	113536219
13	113743958
13	113744029
13	113772731
13	113798232
13	113803400
13	113814395
13	113814416
13	113832487
13	113897281
13	113976893
13	114018139
13	114077050
13	114203831
13	114286042
13	114294580
13	114624058
13	114817578
14	20248904
14	20344889
14	20404140
14	20483332
14	20502474
14	20502759
14	20692255
14	20763558
14	20794638
14	20823096
14	20844296
14	20852343
14	21238361
14	21463061
14	21548896
14	21679434
14	21929321
14	22356391
14	22446934
14	22471427
14	22471868
14	22984615
14	23020729
14	23346229
14	23375537
14	23467718
14	23567118
14	23586886
14	23634521
14	23794786
14	23845534
14	23863044
14	23865538
14	23872638
14	23874926
14	23884462
14	23886096
14	23887490
14	23992612
14	23994398
14	23995271
14	23995635
14	24004535
14	24035304
14	24114084
14	24114465
14	24538438
14	24592679
14	24624440
14	24632675
14	24648896
14	24658744
14	24659367
14	24686217
14	24702792
14	24710906
14	24731459
14	24839461
14	24845258
14	24845612
14	24975436
14	29237392
14	31109067
14	31353834
14	31819026
14	32625997
14	34263184
14	35222492
14	35240746
14	35579812
14	36340711
14	38060328
14	38681838
14	38723747
14	39602884
14	39645334
14	39650851
14	42356270
14	44973816
14	44975059
14	45394177
14	45396842
14	45523746
14	45583431
14	47315008
14	50044219
14	50088860
14	50732206
14	50789445
14	51054709
14	51099258
14	51228513
14	51442283
14	51443545
14	51561493
14	52178246
14	52344357
14	52433290
14	52460517
14	52496279
14	52520407
14	53138361
14	55369098
14	55434072
14	55510205
14	55658190
14	55818466
14	55818617
14	55835903
14	55878462
14	56119659
14	56128160
14	57673311
14	57755620
14	58056017
14	58600000
14	58698984
14	58831175
14	58910808
14	58923507
14	59114144
14	59930441
14	60193977
14	60581963
14	60928120
14	61447749
14	61447983
14	62542024
14	62547575
14	63417109
14	63447690
14	63757688
14	64066156
14	64066610
14	64447838
14	64492026
14	64599004
14	64681163
14	64685925
14	64924958
14	64935173
14	65007711
14	65016709
14	65213876
14	65235799
14	65521360
14	65550963
14	67648262
14	67815759
14	68042713
14	68189321
14	68244279
14	68246958
14	69256150
14	69261924
14	69521163
14	69708576
14	70512585
14	70515546
14	70713043
14	70924913
14	71199708
14	72138409
14	72169159
14	72200402
14	73137394
14	73425366
14	73442339
14	73554831
14	73586756
14	73587011
14	73712476
14	73958921
14	73974992
14	74010034
14	74111728
14	74179277
14	74360549
14	74757034
14	74967691
14	74969969
14	74995285
14	75128668
14	75264456
14	75264543
14	75265530
14	75329539
14	75369839
14	75385284
14	75413467
14	75514973
14	75553907
14	75567695
14	76633012
14	77492662
14	77579910
14	77723180
14	77809537
14	77857550
14	77873104
14	77900628
14	78023477
14	79175980
14	81558874
14	81864640
14	86089033
14	86092122
14	86092921
14	88946117
14	89038950
14	89083095
14	89172641
14	89206858
14	89624904
14	89878718
14	90420336
14	90754591
14	90871032
14	90872204
14	91044475
14	91119185
14	91360625
14	91791263
14	92470243
14	93686696
14	94044278
14	94109950
14	94187887
14	94468048
14	94517421
14	94517425
14	95081136
14	95562161
14	95574807
14	96152959
14	96829366
14	96852426
14	96922717
14	99639210
14	99642403
14	100135196
14	100589922
14	100613155
14	100744055
14	100995439
14	101348303
14	102323035
14	102471170
14	102695631
14	102792820
14	102918762
14	102965121
14	102973295
14	103177284
14	103406426
14	103598037
14	103601720
14	103806016
14	104001565
14	104193181
14	104199718
14	104571707
14	105246445
14	105268752
14	105352936
14	105353126
14	105359967
14	105362592
14	105362624
14	105398492
14	105404941
14	105411660
14	105413203
14	105612776
14	105836215
14	105995539
14	106090915
14	106091288
14	106322077
14	106405904
14	106494167
14	106667624
14	106757927
14	106829981
15	20649580
15	20739686
15	22368619
15	22742606
15	22851054
15	22868854
15	22990164
15	23048235
15	23049020
15	23194855
15	23282955
15	23686749
15	23889268
15	23891175
15	24923717
15	24927214
15	25326313
15	25328566
15	25451209
15	25470224
15	26789103
15	27128348
15	28000554
15	28269990
15	28360594
15	28443891
15	28463690
15	28474691
15	28508286
15	28516001
15	28519547
15	28929665
15	29410177
15	29415717
15	30927371
15	31664685
15	32928526
15	32988786
15	33023368
15	33023536
15	33261467
15	33443458
15	33445406
15	33928009
15	33928629
15	34042413
15	34110802
15	34376499
15	34434015
15	34649132
15	34649717
15	35176882
15	35529590
15	35529852
15	37183814
15	38243568
15	38643682
15	38800194
15	39874747
15	40094116
15	40265215
15	40326544
15	40328509
15	40565801
15	40583825
15	40590808
15	40593748
15	40626420
15	40707155
15	40764512
15	40765204
15	40917044
15	41064024
15	41067784
15	41195323
15	41228881
15	41271273
15	41271731
15	41773701
15	41794027
15	41809720
15	41828342
15	42111025
15	42115904
15	42137198
15	42138510
15	42142124
15	42145124
15	42160736
15	42168317
15	42175382
15	42201997
15	42363405
15	42374504
15	42446638
15	42702133
15	42709549
15	42731709
15	42732003
15	43028175
15	43037986
15	43495312
15	43499521
15	43692417
15	43815312
15	43818741
15	43820743
15	43892413
15	43893205
15	43897524
15	44063437
15	44120249
15	44861694
15	45457104
15	45814299
15	48065113
15	48065429
15	48434537
15	48434553
15	48494078
15	48539589
15	48702464
15	48703571
15	48737658
15	49074339
15	49135737
15	49254814
15	49284488
15	49308880
15	49419716
15	50190295
15	50647214
15	50853573
15	50901833
15	50935605
15	51040923
15	51295994
15	51514662
15	51697064
15	51750933
15	51766789
15	52258049
15	52536625
15	52539702
15	52567844
15	52641016
15	52671830
15	53081400
15	54306478
15	54919838
15	55974598
15	56387641
15	56756427
15	56968936
15	57574703
15	57574705
15	57732588
15	57999067
15	58855704
15	59225801
15	59387122
15	59553628
15	59955694
15	60297208
15	63017271
15	63354817
15	63618366
15	63978623
15	64067683
15	64204160
15	64222628
15	64449121
15	64970658
15	65114531
15	65346441
15	65386858
15	65411130
15	65491241
15	65495769
15	65620469
15	65674772
15	65703406
15	65885804
15	65962488
15	66025112
15	66031164
15	66190277
15	66208579
15	66625519
15	66735664
15	66801178
15	66806362
15	66821848
15	66824741
15	66857170
15	67571833
15	67664806
15	69341398
15	70961098
15	71124339
15	71174799
15	71300821
15	71481304
15	72208765
15	72338379
15	72460077
15	72492957
15	73076567
15	73996613
15	73996689
15	74240214
15	74363308
15	74420838
15	74486178
15	74487751
15	74564095
15	74628310
15	74654004
15	74963936
15	75095457
15	75503185
15	75593300
15	75648521
15	75684913
15	75761210
15	75890930
15	75981600
15	75982206
15	76497110
15	76668614
15	76673741
15	77471334
15	77471410
15	78346434
15	78397352
15	78449921
15	78466049
15	78778063
15	78786262
15	78789652
15	78825785
15	79090379
15	79189689
15	79271287
15	79749998
15	79750710
15	81517755
15	82335193
15	83224794
15	83438628
15	83518616
15	84233932
15	84611675
15	84868376
15	85159737
15	85186927
15	85342442
15	85399961
15	85748544
15	86076931
15	86198896
15	88522498
15	89385063
15	89402386
15	89753969
15	89850720
15	89858528
15	89862462
15	90226613
15	90623420
15	90627556
15	90628561
15	90763078
15	90767179
15	90784651
15	90802092
15	90802217
15	91145592
15	91306272
15	91312794
15	91434824
15	91509561
15	91548662
15	92977564
15	92981756
15	92987914
15	93522490
15	93588014
15	96877660
15	96877673
15	96881525
15	99491876
15	99500717
15	99501191
15	99505014
15	99505892
15	100692878
15	100739585
15	100821582
15	101529585
15	101550679
15	101906446
15	101972275
15	102191970
15	102304526
15	102304856
15	102513544
16	97478
16	110248
16	314087
16	319020
16	319183
16	336723
16	343616
16	426161
16	629120
16	677620
16	682854
16	697433
16	700127
16	700325
16	778886
16	842567
16	845753
16	863329
16	1129656
16	1292263
16	1411761
16	1421556
16	1511646
16	1570794
16	1639634
16	1813670
16	1814208
16	1888108
16	2024968
16	2027246
16	2122280
16	2160811
16	2161857
16	2166005
16	2218109
16	2260548
16	2284882
16	2312288
16	2333197
16	2336969
16	2338067
16	2348486
16	2378630
16	2505468
16	2507059
16	2711532
16	2794548
16	2815095
16	2827001
16	2834980
16	2979786
16	2980469
16	3119036
16	3119376
16	3166538
16	3170148
16	3190760
16	3194319
16	3406369
16	3570026
16	3614648
16	3615342
16	3633321
16	3640846
16	3642832
16	3724388
16	3736123
16	3860781
16	3900418
16	3900938
16	4016487
16	4558202
16	4718275
16	4723503
16	4749160
16	4764110
16	4838280
16	4847948
16	4861710
16	4923068
16	4934108
16	4935848
16	4936033
16	5053509
16	5065046
16	5110328
16	7761577
16	8851613
16	8996295
16	9857388
16	9928065
16	11361839
16	11782159
16	11870607
16	11913950
16	12662379
16	14755840
16	15027273
16	15198594
16	15813087
16	15818695
16	15835353
16	16215948
16	16263610
16	16269808
16	16272733
16	16297267
16	17232344
16	18812568
16	18870499
16	19451783
16	19871264
16	19883731
16	20043246
16	20441110
16	20471508
16	20693586
16	20788891
16	20809145
16	20869581
16	21117873
16	21416310
16	21739721
16	21985271
16	22162158
16	22336562
16	22361132
16	23093857
16	23430123
16	23536412
16	23568582
16	23584001
16	24226769
16	24564850
16	24567688
16	24578810
16	24802757
16	24803065
16	24834215
16	24942222
16	25189361
16	25251549
16	25251773
16	25251953
16	25258709
16	27078136
16	27455917
16	27518371
16	27720232
16	27772781
16	27777785
16	27781339
16	28112847
16	28333872
16	28502881
16	28506833
16	28508907
16	28515205
16	28602165
16	28602990
16	28620578
16	28846702
16	28915680
16	28935756
16	29676026
16	29690517
16	29708335
16	29791544
16	29814243
16	29891281
16	29909174
16	30004563
16	30017240
16	30017806
16	30093812
16	30103768
16	30365380
16	30380722
16	30441365
16	30522232
16	30536744
16	30545851
16	30615262
16	30673995
16	30680711
16	30724687
16	30735980
16	30749817
16	30749946
16	30768964
16	30771681
16	30776599
16	30900154
16	30978272
16	30991334
16	31089451
16	31097664
16	31142817
16	31143819
16	31371092
16	31424192
16	31434511
16	31488681
16	46651590
16	46836662
16	46952649
16	46964867
16	47630289
16	48122481
16	48162590
16	48396056
16	49670583
16	50117852
16	50667200
16	50821739
16	51169974
16	53189836
16	53289555
16	53348924
16	53534146
16	53639388
16	53913758
16	54317313
16	54965191
16	55866915
16	56377877
16	56401356
16	56439157
16	56492486
16	56716442
16	56863010
16	56902236
16	56904113
16	56916357
16	57088674
16	57108595
16	57282531
16	57286701
16	57394414
16	57503084
16	57546485
16	57735969
16	57756734
16	57794744
16	57951284
16	57965635
16	57993878
16	58010476
16	58048195
16	58150023
16	58313734
16	58608997
16	58713864
16	61689446
16	61891078
16	64981804
16	64982691
16	66511498
16	66547666
16	66600407
16	66887518
16	66944317
16	66951628
16	67035211
16	67037017
16	67223570
16	67226668
16	67262903
16	67262926
16	67288997
16	67320375
16	67322085
16	67440252
16	67471157
16	67646001
16	67660469
16	67691479
16	67696016
16	67697154
16	67702345
16	67709719
16	67768829
16	67865504
16	67911413
16	68014067
16	68324362
16	68344414
16	68394517
16	68405694
16	68713876
16	69154250
16	69196997
16	69352794
16	69354155
16	69375187
16	70010290
16	70154479
16	70161232
16	70190421
16	70191381
16	70415619
16	70416764
16	70843808
16	70975545
16	71681994
16	71772988
16	71885035
16	71895743
16	72007279
16	72042667
16	72139017
16	72144928
16	72164182
16	72459970
16	72460011
16	72821970
16	72827692
16	72828502
16	72984811
16	72992395
16	72993534
16	72994090
16	74384524
16	74425894
16	74444466
16	74445649
16	74517014
16	74694886
16	74747057
16	74943506
16	75138757
16	75146181
16	75257113
16	75269306
16	75513120
16	75513256
16	75513715
16	75564621
16	75601934
16	75681708
16	77245149
16	77334175
16	77401510
16	78064577
16	79245992
16	79629385
16	80718610
16	81015439
16	81050984
16	81075908
16	81077581
16	81094990
16	81201524
16	81390408
16	81725443
16	83636095
16	83983049
16	84093017
16	84216853
16	84228999
16	84230349
16	84779020
16	84883114
16	85009445
16	85813143
16	85814050
16	85936504
16	85954781
16	87367671
16	87446159
16	87743198
16	87764240
16	87902642
16	88008773
16	88066792
16	88498763
16	88501557
16	88705664
16	88722113
16	88773558
16	88779068
16	88786289
16	88790307
16	88800025
16	88804205
16	88884463
16	88889055
16	88928118
16	89293463
16	89348020
16	89348390
16	89383341
16	89614497
16	89755683
16	89759812
16	89763426
16	89778293
16	89782975
16	89804474
16	89922067
16	89971377
16	90002312
16	90032541
16	90032575
16	90032676
16	90038445
16	90038714
16	90038844
16	90057359
16	90161810
16	90162056
16	90162644
16	90229355
17	96909
17	704238
17	907971
17	914046
17	1028533
17	1438474
17	1489262
17	1494093
17	1559860
17	2202731
17	2266132
17	2290240
17	2317698
17	2585173
17	2585190
17	2923879
17	3100869
17	3182250
17	3324632
17	3379623
17	3594312
17	3631288
17	3772789
17	3772846
17	3953081
17	3955372
17	4067998
17	4068247
17	4173355
17	4174829
17	4174983
17	4440945
17	4443719
17	4578481
17	4644198
17	4788777
17	4837894
17	4877000
17	4937093
17	5009363
17	5031910
17	5264439
17	5331393
17	5378045
17	5392333
17	5462035
17	5487075
17	6023880
17	6350910
17	6526927
17	6676471
17	6719224
17	6733643
17	6941507
17	6941674
17	7123845
17	7138692
17	7157978
17	7214417
17	7228667
17	7230236
17	7245635
17	7257534
17	7324325
17	7329922
17	7330445
17	7359233
17	7364202
17	7365889
17	7369234
17	7369890
17	7401528
17	7417771
17	7460506
17	7504735
17	7611525
17	7658013
17	7750278
17	7753017
17	7758455
17	7810186
17	7826120
17	7907268
17	7916439
17	7948254
17	7999976
17	8052953
17	8065600
17	8110129
17	8133925
17	8274679
17	8370954
17	8379217
17	8633503
17	8732224
17	8789862
17	9583547
17	9632210
17	9801065
17	9808531
17	10204919
17	10300201
17	10315822
17	10322215
17	10358303
17	10398365
17	10429976
17	10442663
17	10451085
17	10543999
17	11145377
17	11554628
17	11881350
17	12656344
17	14110215
17	15341313
17	15492248
17	15502030
17	16335327
17	16346880
17	16347109
17	16471120
17	16623891
17	16677050
17	16981339
17	17131424
17	17163655
17	17226499
17	17627347
17	17720617
17	17772674
17	17773006
17	17969527
17	17971516
17	18021987
17	18023623
17	18087939
17	18141383
17	18150581
17	18167133
17	18167219
17	18196148
17	18325961
17	18389260
17	18638380
17	18681798
17	18872407
17	19284670
17	19284756
17	19287813
17	19463600
17	19750215
17	20354871
17	20914525
17	20919086
17	21320338
17	21320503
17	21320901
17	21438677
17	21825498
17	21911538
17	25634811
17	25637146
17	25757015
17	26096029
17	26488252
17	26675193
17	26712103
17	26724184
17	26726798
17	26727411
17	26727728
17	26822760
17	26824218
17	26907041
17	26939046
17	26942134
17	26961754
17	27031335
17	27047774
17	27064724
17	27067905
17	27187476
17	27208851
17	27233229
17	27372026
17	27402395
17	27419879
17	27425206
17	27438862
17	27442721
17	27493243
17	27613327
17	27621086
17	27870380
17	27871379
17	27878706
17	28435201
17	28444120
17	28576072
17	28601111
17	28890263
17	29324295
17	29553668
17	29556229
17	29683571
17	29864612
17	30521050
17	30538257
17	30552344
17	30648026
17	30658878
17	30817589
17	30821797
17	31340575
17	31340667
17	32907991
17	33344598
17	33749298
17	33769001
17	33771843
17	33802470
17	34050873
17	34106061
17	34233606
17	34235357
17	34312712
17	34431341
17	35295437
17	35310415
17	35634797
17	35834731
17	35896211
17	35899331
17	35913566
17	35930968
17	36099433
17	36508719
17	36625433
17	36633988
17	36873732
17	36875803
17	36885924
17	36904312
17	37243881
17	37331216
17	37356557
17	37427111
17	37667858
17	37809967
17	37822459
17	37898897
17	38080315
17	38230762
17	38348866
17	38350729
17	38520268
17	38559265
17	38635929
17	38818253
17	38935835
17	38975925
17	39020039
17	39022917
17	39134438
17	39165013
17	39316709
17	39324185
17	39324275
17	39340995
17	39502723
17	39521229
17	39521458
17	39535375
17	39566363
17	39594489
17	39594994
17	39644546
17	39658638
17	39659309
17	39684199
17	39739852
17	39766076
17	39768493
17	39768560
17	39775726
17	39776925
17	39964165
17	40003518
17	40004411
17	40023984
17	40120175
17	40128637
17	40142289
17	40253959
17	40254304
17	40271579
17	40275253
17	40280308
17	40323956
17	40328072
17	40353326
17	40371737
17	40646355
17	40815394
17	40818352
17	40844670
17	40854583
17	40940154
17	40962923
17	41004331
17	41046643
17	41132335
17	41166275
17	41167461
17	41168447
17	41345463
17	41348993
17	41363423
17	41907024
17	41958835
17	42083004
17	42090397
17	42091833
17	42148316
17	42249538
17	42289058
17	42340040
17	42392353
17	42394083
17	42395095
17	42426883
17	42756216
17	42761302
17	42807407
17	42881999
17	42927679
17	42931933
17	42937857
17	43176770
17	43226810
17	43226828
17	43226972
17	43340985
17	43481997
17	43487603
17	43515109
17	43530968
17	43893868
17	44102523
17	44108938
17	44115911
17	44834734
17	45013245
17	45890668
17	45904124
17	46110609
17	46136199
17	46138035
17	46147988
17	46199181
17	46626595
17	46681327
17	46683556
17	46691973
17	46805917
17	46871569
17	47005882
17	47128489
17	47302138
17	47394747
17	47590755
17	47657582
17	47888851
17	47898789
17	48167029
17	48191395
17	48191794
17	48458216
17	48598676
17	48628174
17	48701406
17	48734413
17	48744930
17	53040182
17	53471504
17	53471737
17	53798129
17	53798384
17	54403586
17	55078352
17	55122943
17	55195815
17	55729473
17	55757122
17	56051843
17	56276471
17	56327856
17	56385239
17	56388939
17	56435447
17	56570253
17	56582946
17	56676334
17	57290599
17	57917705
17	58007477
17	58025890
17	58040282
17	58121302
17	58512518
17	60022090
17	60023810
17	60045551
17	60129967
17	60526040
17	61315185
17	61417599
17	61432312
17	61557792
17	61613154
17	61627910
17	61773248
17	61775998
17	61780226
17	61782099
17	61905219
17	61912086
17	61988520
17	62043842
17	62078510
17	62291443
17	63049633
17	63200363
17	64880637
17	65028061
17	65103303
17	65882250
17	66881457
17	66933207
17	66982429
17	67017907
17	67028249
17	67260967
17	67264165
17	68128479
17	68129141
17	70121131
17	71231673
17	71426701
17	72305621
17	72346583
17	72367999
17	72480354
17	72588668
17	72846813
17	72861039
17	72948000
17	72999471
17	73016581
17	73038711
17	73096351
17	73143687
17	73204671
17	73208158
17	73227717
17	73233674
17	73494316
17	73554705
17	73610742
17	73610853
17	73625283
17	73702615
17	73872009
17	73895699
17	73895733
17	73916473
17	73924187
17	74004698
17	74005798
17	74035949
17	74053511
17	74068583
17	74086562
17	74163776
17	74324846
17	74386029
17	74464925
17	74469735
17	74475004
17	74476025
17	74523449
17	74721929
17	75212953
17	75471426
17	76045131
17	76105410
17	76128454
17	76203050
17	76396812
17	76399727
17	76435300
17	76459009
17	76503621
17	76567078
17	76818059
17	76888409
17	77078387
17	77079852
17	77082360
17	77921459
17	78039913
17	78081619
17	78093176
17	78187977
17	78195409
17	78269613
17	78313786
17	78328313
17	78388853
17	78411132
17	78857238
17	78935261
17	78968875
17	79005216
17	79089569
17	79139341
17	79202680
17	79226154
17	79287736
17	79410297
17	79507929
17	79517527
17	79662938
17	79682102
17	79826159
17	79862601
17	79891104
17	79914620
17	80011155
17	80040947
17	80046995
17	80054272
17	80115289
17	80202493
17	80404503
17	80576991
17	80684452
17	80684862
17	80866178
17	80914615
17	80972372
17	81052041
18	264042
18	334784
18	581474
18	712557
18	723475
18	739743
18	756652
18	756689
18	3255886
18	5291195
18	7037585
18	7079974
18	8088842
18	8378296
18	8819254
18	8825315
18	9257201
18	9536257
18	9547410
18	9887770
18	10699033
18	10773623
18	12358859
18	12448263
18	13008540
18	13072781
18	13742491
18	14478284
18	14542840
18	14837213
18	19019572
18	19088127
18	19095485
18	19203772
18	19284572
18	20516855
18	20573259
18	20596871
18	20793958
18	20833848
18	21044071
18	21053445
18	21111891
18	21113451
18	21600109
18	22805774
18	22806847
18	23597471
18	23807128
18	24127090
18	24127486
18	28979445
18	29039918
18	29205257
18	29437936
18	29496304
18	29598754
18	29775433
18	29847777
18	29848192
18	30092762
18	32438269
18	32470378
18	32948394
18	32953839
18	33048603
18	33722273
18	33783152
18	34297805
18	34824701
18	43246172
18	43319128
18	43450678
18	43458412
18	43464586
18	43619981
18	43667319
18	43669542
18	44013208
18	44102119
18	44146343
18	44424716
18	45566271
18	45566400
18	45691547
18	46446265
18	47091802
18	47110025
18	47793824
18	47799719
18	47811428
18	48190383
18	50683827
18	50731623
18	51053008
18	51889140
18	54423990
18	54424465
18	54694529
18	54814909
18	55020057
18	55270080
18	55998135
18	56149055
18	56376663
18	56651540
18	56963885
18	59170283
18	59221758
18	59821831
18	59854562
18	60384437
18	60563224
18	61067319
18	61449703
18	61585256
18	61747631
18	63547681
18	65177993
18	66504223
18	67995171
18	67996217
18	70203956
18	70205232
18	71930646
18	72245420
18	72776012
18	72776355
18	72776390
18	72913555
18	74587610
18	76936890
18	76966999
18	77474499
18	77663836
18	77918233
19	306664
19	362428
19	501820
19	547433
19	621202
19	681651
19	746294
19	746441
19	814508
19	843977
19	1117386
19	1269975
19	1357043
19	1383886
19	1631962
19	1775295
19	1782275
19	1828333
19	1987245
19	2038486
19	2115551
19	2229849
19	2426952
19	2512328
19	2642796
19	2732820
19	2810253
19	2823110
19	2853768
19	2991899
19	2993576
19	3008880
19	3435176
19	3527632
19	3573705
19	3591785
19	3630508
19	3760152
19	3771590
19	3813894
19	3964736
19	3977601
19	3982410
19	4012978
19	4033430
19	4045848
19	4233291
19	4258293
19	4292757
19	4338801
19	4363791
19	4409580
19	4538884
19	4550856
19	4794303
19	4838386
19	5133980
19	5208037
19	5212241
19	5265028
19	5562116
19	5600139
19	5789580
19	5790282
19	5843549
19	5918585
19	5997111
19	6007131
19	6151730
19	6381156
19	6396557
19	6433565
19	6495360
19	6534800
19	6535103
19	6590879
19	6710732
19	6713311
19	6719298
19	6733899
19	6754634
19	6836572
19	7132306
19	7584330
19	7585800
19	7677341
19	7677402
19	7686131
19	7688115
19	7692293
19	7707896
19	7743015
19	7764624
19	7830814
19	7913946
19	7923169
19	7997573
19	7998809
19	8367834
19	8491687
19	8564149
19	8564653
19	8618106
19	8922033
19	8922653
19	9002530
19	9047691
19	9056387
19	9061511
19	9065306
19	9067443
19	9074819
19	9086723
19	9087684
19	9297628
19	9577289
19	9678769
19	9721749
19	9763930
19	9764193
19	9958705
19	10116872
19	10155788
19	10204462
19	10225712
19	10402811
19	10475310
19	10664837
19	10676452
19	11323954
19	11408932
19	11409567
19	11435995
19	11461514
19	11465369
19	11472010
19	11472161
19	11488577
19	11527647
19	11618855
19	11979138
19	12036064
19	12090918
19	12221184
19	12222358
19	12244054
19	12384173
19	12405657
19	12461926
19	12575211
19	12739619
19	12760967
19	12763030
19	12786718
19	12800053
19	12817149
19	12874395
19	12885272
19	12911086
19	12991913
19	13039235
19	13041476
19	13054389
19	13080423
19	13210427
19	13246861
19	13255423
19	13915734
19	13942503
19	13988564
19	13993431
19	14029822
19	14071929
19	14104401
19	14162716
19	14163054
19	14164479
19	14166220
19	14183748
19	14266110
19	14267880
19	14512197
19	14561884
19	14707783
19	14876584
19	14991337
19	15052690
19	15198512
19	15220481
19	15278070
19	15302815
19	15364219
19	15536485
19	15541882
19	15558968
19	15579551
19	15580187
19	15940105
19	16032920
19	16045190
19	16496009
19	16633973
19	16636055
19	16686913
19	16757596
19	16963910
19	16963946
19	17017811
19	17088329
19	17212599
19	17396311
19	17441905
19	17452287
19	17476302
19	17683363
19	17756585
19	17783254
19	17945745
19	18218408
19	18324283
19	18376511
19	18507858
19	18562459
19	18893739
19	19337841
19	19616575
19	19626132
19	19626434
19	19653215
19	19654488
19	19729320
19	19765352
19	19917813
19	20229510
19	21116895
19	21240625
19	21281007
19	21300742
19	21477110
19	21544574
19	21605765
19	21934298
19	22363142
19	22575719
19	23159249
19	29698754
19	30101321
19	30165845
19	30311706
19	30935423
19	31769165
19	32845549
19	32847569
19	33135244
19	33140686
19	33324201
19	33417846
19	33450874
19	33462744
19	33467502
19	33666314
19	33872589
19	34710691
19	34791751
19	34922810
19	34934784
19	34959956
19	35176469
19	35524727
19	35533263
19	35540416
19	35557444
19	35749940
19	35997045
19	36001333
19	36049478
19	36122304
19	36205541
19	36212330
19	36228565
19	36231446
19	36235615
19	36340038
19	36349612
19	36351837
19	36353861
19	36380949
19	36518033
19	36581422
19	36727950
19	36832111
19	37382338
19	37440970
19	37880848
19	37961247
19	38027982
19	38187962
19	38188379
19	38189219
19	38189782
19	38315350
19	38652974
19	38861450
19	38894028
19	38901813
19	38904050
19	38980027
19	38991324
19	39026657
19	39114766
19	39208643
19	39297212
19	39306541
19	39327079
19	39330822
19	39338076
19	39406196
19	39421141
19	39421626
19	39663637
19	39691281
19	39789216
19	39866384
19	39882150
19	39898872
19	40368767
19	40430362
19	40478350
19	40519979
19	40540785
19	40711853
19	40732542
19	40839772
19	40884072
19	40886421
19	40904548
19	41072226
19	41077937
19	41078014
19	41089567
19	41122842
19	41125360
19	41284204
19	41306558
19	41354562
19	41387600
19	41388141
19	41397002
19	41596327
19	41826289
19	41929070
19	41930774
19	42187755
19	42312862
19	42341359
19	42354737
19	42396873
19	42486214
19	42489482
19	42583586
19	42593129
19	42626506
19	42703381
19	42731648
19	42754631
19	42813821
19	42827826
19	42853709
19	42857777
19	42872747
19	42879939
19	42907106
19	42930436
19	42930537
19	43370939
19	43411248
19	43690640
19	43697323
19	43757625
19	43920707
19	44056302
19	44303893
19	44580558
19	44591025
19	44591066
19	44635336
19	44660870
19	44791559
19	44793273
19	44832580
19	44833435
19	44833911
19	44891623
19	44980679
19	45368917
19	45377695
19	45381553
19	45406580
19	45494573
19	45593537
19	45656012
19	45769530
19	45803068
19	45860561
19	45924627
19	45976337
19	45976340
19	45976441
19	45988728
19	46003819
19	46029566
19	46145749
19	46338487
19	46351115
19	46357668
19	46388411
19	46394236
19	46664478
19	46915638
19	46915795
19	46998927
19	47156003
19	47280274
19	47285717
19	47505521
19	47570058
19	47588346
19	47823847
19	47931838
19	48049054
19	48219933
19	48220095
19	48385347
19	48551633
19	48618824
19	48620957
19	48647207
19	48698774
19	49116385
19	49207736
19	49254126
19	49375714
19	49376776
19	49398692
19	49439440
19	49547834
19	49552242
19	49621199
19	49622268
19	49656534
19	49863171
19	49867149
19	49933150
19	49962964
19	49995019
19	50059834
19	50124869
19	50138892
19	50156828
19	50157920
19	50204029
19	50245231
19	50251408
19	50310033
19	50316359
19	50361225
19	50367295
19	50372575
19	50461692
19	50840601
19	50881668
19	50902261
19	50909713
19	50939419
19	51022586
19	51128676
19	51207436
19	51273883
19	51325117
19	51453352
19	51512780
19	51517094
19	51532642
19	51563148
19	51728622
19	51857486
19	51875747
19	51890663
19	51920658
19	52089952
19	52130748
19	52376127
19	52715952
19	52824839
19	52941562
19	52942308
19	52942468
19	53005132
19	53057629
19	53086150
19	53344596
19	53572731
19	53613162
19	53652528
19	53667668
19	53854937
19	53855624
19	53911844
19	53959144
19	54081044
19	54140075
19	54379270
19	54379429
19	54385614
19	54600211
19	54660763
19	54677760
19	54759190
19	54783823
19	55264002
19	55451214
19	55453075
19	55494244
19	55494437
19	55591175
19	55690445
19	55697713
19	55943712
19	56114081
19	56329478
19	56329511
19	56369889
19	56545062
19	56701308
19	56888831
19	56973788
19	57175016
19	57286025
19	57286598
19	57286812
19	57301347
19	57328249
19	57759982
19	57765061
19	57832027
19	57832117
19	57839241
19	57839693
19	57867412
19	57954658
19	58118182
19	58152702
19	58353467
19	58370655
19	58420090
19	58438308
19	58453426
19	58490600
19	58490981
19	58549643
19	58571761
19	58619306
19	58718104
19	58762682
19	58850352
19	58851096
19	58868333
19	58879564
19	58920460
19	58983028
19	58989055
19	59022638
19	59023025
20	207987
20	210121
20	257289
20	309459
20	391060
20	463342
20	629466
20	1115491
20	1220982
20	1457814
20	1559080
20	1585479
20	1918797
20	1961110
20	2321101
20	2375145
20	2380358
20	3096053
20	3128199
20	3129104
20	3171169
20	3171431
20	3190216
20	3541517
20	3565441
20	3640488
20	3730722
20	3733617
20	3765080
20	3765452
20	4158008
20	4680140
20	4708890
20	4721280
20	5564940
20	5931137
20	8639202
20	8713975
20	9376174
20	9434084
20	9453446
20	9546861
20	10536899
20	10536900
20	11903578
20	13090778
20	13090820
20	13146733
20	13269186
20	16360584
20	17474713
20	17640437
20	18168121
20	18297272
20	18297542
20	18448260
20	20340976
20	21376449
20	21687235
20	23421000
20	23433349
20	23804657
20	24988273
20	25004164
20	25193969
20	25207090
20	25277281
20	25282975
20	25443060
20	25457464
20	25477370
20	25755728
20	29965016
20	30584668
20	30584916
20	30781805
20	30898220
20	30919125
20	31019198
20	31021411
20	31022882
20	31035369
20	31506167
20	31649631
20	31671622
20	31692668
20	31814258
20	31995831
20	32441714
20	32677444
20	33104218
20	33328480
20	33342603
20	33539614
20	33578108
20	33578568
20	33578895
20	33587172
20	34021772
20	34061845
20	34090433
20	34187019
20	34194263
20	34238449
20	34241457
20	34446233
20	34459743
20	34502067
20	34542903
20	34828192
20	35090857
20	35125174
20	35173319
20	35220151
20	35399383
20	35443672
20	35444562
20	35509153
20	35533804
20	35563545
20	35717429
20	35812762
20	36375050
20	36560128
20	36841734
20	36850871
20	36874408
20	37169827
20	37207155
20	37216830
20	37356452
20	37356861
20	37357057
20	37547668
20	37547745
20	39792789
20	39793655
20	39978515
20	40045875
20	40730896
20	42090367
20	42225075
20	43129713
20	43355923
20	43944904
20	43955705
20	43964524
20	44354326
20	44416557
20	44511909
20	44680438
20	44685114
20	44756800
20	44987103
20	45000094
20	45224970
20	45848943
20	46283344
20	47592583
20	47731362
20	47768198
20	47770473
20	47843047
20	47865647
20	47872359
20	47887220
20	47887525
20	48122571
20	48166609
20	48466121
20	48521040
20	48605110
20	49200548
20	49368858
20	49508657
20	49576490
20	50092070
20	50407365
20	50408094
20	50701693
20	51589745
20	51871959
20	52569976
20	52570159
20	53205040
20	54943075
20	55012319
20	55027774
20	55028014
20	55746129
20	56083816
20	56137147
20	56190032
20	56195390
20	56823235
20	57273799
20	57612268
20	57766131
20	57767838
20	57829197
20	57829230
20	58470644
20	60504777
20	60706496
20	60756529
20	60864261
20	60887061
20	60891827
20	60897117
20	60921821
20	61439591
20	61527600
20	61541258
20	61711362
20	61870868
20	61981372
20	61981562
20	62126331
20	62161543
20	62220640
20	62292797
20	62338472
20	62518923
20	62575991
20	62608449
20	62703233
20	62729661
20	62848494
21	10942714
21	10969081
21	15537548
21	15599550
21	15954503
21	16335554
21	16339816
21	17220010
21	19647607
21	19666926
21	22746195
21	22804487
21	22881259
21	27253367
21	27284063
21	28296122
21	28307055
21	30250655
21	30714832
21	30716593
21	30959734
21	30961354
21	30969945
21	31768792
21	31971045
21	32497005
21	32526611
21	32537343
21	33043777
21	33057786
21	33347009
21	33372695
21	33374186
21	33732134
21	33974392
21	33984440
21	34003848
21	34003870
21	34166785
21	34399451
21	34638171
21	34897211
21	34926081
21	34932271
21	34975784
21	35471400
21	35472799
21	36252986
21	37518797
21	37571367
21	37572799
21	37581010
21	37603002
21	37728973
21	37783826
21	37787667
21	38555086
21	38884622
21	39493293
21	40553787
21	40568004
21	40582732
21	40759702
21	40762793
21	40847112
21	41032591
21	41034494
21	41173211
21	41450819
21	41452203
21	41725614
21	42080466
21	43134211
21	43134392
21	43410982
21	43413542
21	43543210
21	43546502
21	43708035
21	43782441
21	43786624
21	43803273
21	43846820
21	44000510
21	44108042
21	44478958
21	44478960
21	44835734
21	45076477
21	45175870
21	45475632
21	45544517
21	45550569
21	45751828
21	45799011
21	45825038
21	45858978
21	45947313
21	46000208
21	46020992
21	46021660
21	46021839
21	46032317
21	46057467
21	46058061
21	46078055
21	46117794
21	46197330
21	46226843
21	46354901
21	46357455
21	46393162
21	46564744
21	46605006
21	46646325
21	46917558
21	46918444
21	46925120
21	46951486
21	47360093
21	47406551
21	47409557
21	47423311
21	47655099
21	47660798
21	47679014
21	47704283
21	47831260
21	47851529
21	47969744
21	47970639
21	47978256
21	47985676
21	48080760
22	16256489
22	16266949
22	17599780
22	17662242
22	17670880
22	18003264
22	18291643
22	18291664
22	18314663
22	18355533
22	18379519
22	18769234
22	18769733
22	18846190
22	19005630
22	19006781
22	19055626
22	19318973
22	19466670
22	19754771
22	19885623
22	20074012
22	20100641
22	20104517
22	20133474
22	20457840
22	21045456
22	21083725
22	21157525
22	21288129
22	21343914
22	21369622
22	21380185
22	21385772
22	21802149
22	21804835
22	21976020
22	22065016
22	22311807
22	22673092
22	22749745
22	22843568
22	22986770
22	23011265
22	23101502
22	23214144
22	23406160
22	23437906
22	23466554
22	23523185
22	23637208
22	23915719
22	24037246
22	24225056
22	24463015
22	24659927
22	24720297
22	24837209
22	25024274
22	25625509
22	26000353
22	26105868
22	26193961
22	26317273
22	26342177
22	26423198
22	26747030
22	26887443
22	26887581
22	26921804
22	26937463
22	28195922
22	28378410
22	28395505
22	28497180
22	29457777
22	29533414
22	29650227
22	29656062
22	29659922
22	29730347
22	30403156
22	30418068
22	30494931
22	30681534
22	30768248
22	30819278
22	30819385
22	30951258
22	30952032
22	30975192
22	30988316
22	31043035
22	31286715
22	31286894
22	31367439
22	31489463
22	31489591
22	31608296
22	31836842
22	31837985
22	31839027
22	32017743
22	32081651
22	32109285
22	32112608
22	32241152
22	32353109
22	32589368
22	32598647
22	32616937
22	32756113
22	32764488
22	33960857
22	34022268
22	35808601
22	35942848
22	35947643
22	35948805
22	36627386
22	36907575
22	36907822
22	37257054
22	37257221
22	37326414
22	37326416
22	37576282
22	37603703
22	37628880
22	37678504
22	37693604
22	37767197
22	37768088
22	37770058
22	37875395
22	37966282
22	38122294
22	38130548
22	38205984
22	38245665
22	38380377
22	38469814
22	38565259
22	38616301
22	38890036
22	39132133
22	39260532
22	39425428
22	39448644
22	39832562
22	39883545
22	40054252
22	40068970
22	40074061
22	40658018
22	40662455
22	40708580
22	40722848
22	40757599
22	40815235
22	41076984
22	41077564
22	41231647
22	41574361
22	41574993
22	41575667
22	41645732
22	41670723
22	41739445
22	41763399
22	41914500
22	42049686
22	42177353
22	42353810
22	42354235
22	42479297
22	42575667
22	42606564
22	42608399
22	43024230
22	43460300
22	43563843
22	43564906
22	43568494
22	43894152
22	44031072
22	44892702
22	44893536
22	44967951
22	45279115
22	45281799
22	45564086
22	45566899
22	45571889
22	45592553
22	46508637
22	46653657
22	46792517
22	46795763
22	46804947
22	50192221
22	50216964
22	50280267
22	50303581
22	50307451
22	50321172
22	50615574
22	50636282
22	50658133
22	50714165
22	50714217
22	50724236
22	50877169
22	50898717
22	50941909
22	50988844
22	51011393
22	51018200
22	51020203
22	51137169
22	51160446
22	51177737
22	51207513
22	51223639
X	207391
X	224095
X	1424367
X	1424407
X	1522402
X	1531624
X	1561157
X	1712458
X	1712603
X	1719629
X	2609928
X	3227777
X	3240623
X	3533855
X	3573314
X	5821677
X	9677798
X	9685038
X	9862425
X	10035499
X	10166018
X	10176171
X	10180510
X	11157618
X	11161962
X	11445802
X	12734849
X	12734902
X	12736588
X	12903932
X	12904841
X	12905429
X	13682182
X	13754773
X	14547669
X	14592620
X	14749484
X	14883113
X	14883292
X	14937874
X	15560313
X	16635357
X	16863095
X	16875763
X	17072931
X	17165636
X	17742477
X	17746778
X	17750369
X	18283916
X	18622061
X	18662622
X	18668656
X	19008320
X	19373472
X	19392637
X	19507002
X	19560165
X	19983220
X	20031172
X	20169034
X	20173428
X	20206024
X	20236920
X	21545074
X	21896756
X	21900593
X	23740056
X	24712116
X	24760140
X	26157716
X	26213183
X	27765667
X	27998892
X	29973273
X	30322730
X	30326800
X	30692432
X	30872290
X	31089703
X	32563372
X	34150333
X	34647106
X	34962268
X	36091357
X	37028603
X	37312533
X	37312851
X	37587056
X	37651289
X	37699743
X	37893202
X	37965927
X	39932577
X	39932681
X	39933658
X	40450606
X	40456791
X	40510563
X	40597601
X	41000274
X	41000586
X	41000661
X	41045786
X	41089778
X	41095626
X	41205643
X	41587458
X	43637941
X	44109456
X	44733235
X	44966654
X	44966707
X	46332795
X	46434272
X	46719461
X	46940544
X	47045738
X	47046039
X	47083851
X	47088203
X	47426664
X	47486209
X	47705698
X	47918032
X	48369865
X	48385609
X	48418050
X	48418114
X	48463439
X	48557337
X	48666488
X	48674022
X	48751087
X	48755072
X	48759605
X	48770564
X	48819182
X	48819929
X	48844545
X	48887290
X	48887477
X	48970790
X	48973432
X	49021275
X	49062144
X	49065005
X	49071607
X	49089797
X	49143180
X	49862694
X	49862707
X	49963328
X	50213579
X	50376189
X	50557025
X	51075777
X	51149925
X	51151007
X	51487310
X	51488436
X	51637841
X	52844164
X	53111959
X	53113801
X	53115210
X	53172410
X	53223631
X	53279698
X	53430593
X	53456842
X	53610870
X	53630388
X	53966804
X	54071390
X	54359816
X	54496761
X	54783525
X	55035719
X	55172556
X	55289722
X	55289769
X	55290273
X	55758001
X	55777611
X	56259603
X	57020602
X	57475055
X	57620304
X	62952053
X	63411835
X	63412497
X	64139840
X	64139916
X	64141723
X	64749499
X	66905851
X	67718922
X	67937193
X	67937428
X	67937587
X	68382842
X	69262097
X	69457098
X	69478727
X	69644823
X	69673529
X	70280798
X	70288010
X	70322285
X	70323232
X	70347816
X	70352806
X	70390050
X	70597483
X	70683822
X	70683848
X	70775206
X	70782867
X	70824081
X	70836838
X	70836840
X	71870288
X	73046731
X	73067048
X	73069947
X	73070762
X	73070916
X	73070992
X	73810320
X	73812027
X	73956645
X	73958863
X	73962295
X	74289167
X	75004263
X	75650847
X	75650985
X	76760404
X	76762937
X	76875942
X	77224377
X	77227201
X	77254015
X	77268438
X	77270243
X	78011000
X	78011172
X	78217198
X	78618456
X	79955545
X	79984258
X	79984372
X	79999562
X	82763427
X	82764525
X	83319315
X	83319369
X	84306479
X	84363746
X	84532943
X	92927549
X	92927915
X	92928470
X	92964835
X	96854536
X	96855019
X	99550002
X	99661761
X	99661934
X	99664110
X	100492671
X	100646487
X	100653866
X	100656422
X	100662854
X	100809206
X	100809225
X	100871523
X	100911671
X	101137538
X	101382269
X	101382496
X	101823394
X	101858494
X	101909623
X	101910452
X	101971160
X	101972362
X	102192909
X	102337074
X	102471905
X	102840522
X	102885646
X	103046504
X	103348969
X	103358788
X	103358982
X	103499245
X	104464350
X	104464685
X	105178293
X	105451207
X	105879794
X	106066545
X	106093500
X	106185817
X	106229227
X	106312561
X	106796052
X	106840681
X	106956916
X	106957322
X	106957938
X	106959552
X	107160768
X	107400143
X	107406197
X	107418938
X	107840269
X	107924160
X	107975989
X	108638652
X	109696407
X	109699072
X	109943926
X	110002905
X	110490666
X	110507180
X	111025226
X	111700276
X	111874624
X	112018508
X	114346462
X	114424662
X	114424833
X	114425401
X	114425931
X	114426468
X	114426506
X	114884741
X	117583789
X	118370517
X	118605212
X	119004590
X	119389892
X	119390255
X	119509314
X	119565198
X	119571874
X	122551403
X	122623309
X	122820424
X	123020141
X	123234736
X	123511941
X	123554376
X	123556198
X	123631101
X	125298879
X	125685351
X	128641962
X	128709901
X	128709942
X	128725556
X	128902407
X	129146599
X	129190073
X	129299766
X	129630220
X	129765489
X	130220398
X	130416558
X	130419913
X	131212887
X	132159752
X	132351685
X	133303470
X	133379084
X	133551509
X	133560037
X	133560803
X	133700183
X	134155866
X	134257337
X	134305002
X	134426268
X	134654831
X	134992297
X	135047281
X	135594078
X	135795514
X	138809347
X	138839985
X	138864738
X	139585542
X	139586814
X	140271223
X	140335777
X	140953262
X	140969284
X	141291534
X	141291840
X	142717569
X	142968114
X	144904044
X	144904671
X	144905049
X	148564428
X	148628443
X	149100827
X	149102094
X	149396298
X	149638357
X	149681087
X	149681088
X	149761141
X	150349551
X	150842424
X	151303154
X	151896258
X	151900260
X	152037637
X	152083253
X	152158291
X	152616657
X	152960541
X	153033865
X	153039418
X	153039792
X	153170551
X	153199900
X	153205594
X	153291458
X	153294699
X	153524102
X	153524230
X	153583022
X	153590917
X	153640550
X	153649945
X	153667158
X	153674799
X	153701938
X	153714310
X	153927789
X	154012315
X	154014520
X	154014556
X	154028046
X	154157661
X	154158869
X	154444805
X	155171981
X	155239694
X	155255055
