chr	pos	ref	alt	gene	classification	t_ref_count	t_alt_count	total_depth	vaf	local_cn	major_cn	minor_cn	mcn	multiplicity	ccf	ccf_capped	is_clonal	purity	ploidy
1	1403903	C	T	ATAD3C	Missense_Mutation	40	17	57	0.2982456140350877	2	1	1	0.7101	1	0.7101	0.7101	False	0.84	2.0
1	1823929	C	T	GNB1	5'Flank	49	34	83	0.40963855421686746	2	1	1	0.9753	1	0.9753	0.9753	True	0.84	2.0
1	3319477	G	A	PRDM16	Missense_Mutation	27	10	37	0.2702702702702703	2	1	1	0.6435	1	0.6435	0.6435	False	0.84	2.0
1	6310673	C	T	GPR153	Missense_Mutation	11	8	19	0.42105263157894735	2	1	1	1.0025	1	1.0025	1.0	True	0.84	2.0
1	8418579	G	A	RERE	Missense_Mutation	26	20	46	0.43478260869565216	2	1	1	1.0352	1	1.0352	1.0	True	0.84	2.0
1	9322194	C	T	H6PD	Silent	13	13	26	0.5	2	1	1	1.1905	1	1.1905	1.0	True	0.84	2.0
1	10163088	G	A	UBE4B	Missense_Mutation	32	12	44	0.2727272727272727	2	1	1	0.6494	1	0.6494	0.6494	False	0.84	2.0
1	10363419	G	C	KIF1B	Intron	10	8	18	0.4444444444444444	2	1	1	1.0582	1	1.0582	1.0	True	0.84	2.0
1	10425556	C	T	KIF1B	Silent	36	25	61	0.4098360655737705	2	1	1	0.9758	1	0.9758	0.9758	True	0.84	2.0
1	10425657	C	T	KIF1B	Missense_Mutation	32	29	61	0.47540983606557374	2	1	1	1.1319	1	1.1319	1.0	True	0.84	2.0
1	11779846	G	A	DRAXIN	3'UTR	10	4	14	0.2857142857142857	2	1	1	0.6803	1	0.6803	0.6803	False	0.84	2.0
1	12438532	G	A	VPS13D	Silent	31	30	61	0.4918032786885246	2	1	1	1.171	1	1.171	1.0	True	0.84	2.0
1	12943014	G	C	PRAMEF4	Missense_Mutation	88	71	159	0.44654088050314467	2	1	1	1.0632	1	1.0632	1.0	True	0.84	2.0
1	15386730	G	A	KAZN	Missense_Mutation	15	10	25	0.4	2	1	1	0.9524	1	0.9524	0.9524	True	0.84	2.0
1	16060403	C	T	PLEKHM2	Nonsense_Mutation	36	34	70	0.4857142857142857	2	1	1	1.1565	1	1.1565	1.0	True	0.84	2.0
1	16237768	G	C	SPEN	Missense_Mutation	27	12	39	0.3076923076923077	2	1	1	0.7326	1	0.7326	0.7326	False	0.84	2.0
1	16260296	G	C	SPEN	Missense_Mutation	30	14	44	0.3181818181818182	2	1	1	0.7576	1	0.7576	0.7576	False	0.84	2.0
1	16330742	G	C	C1orf64	5'UTR	35	24	59	0.4067796610169492	2	1	1	0.9685	1	0.9685	0.9685	True	0.84	2.0
1	18808470	C	T	KLHDC7A	Missense_Mutation	13	14	27	0.5185185185185185	2	1	1	1.2346	1	1.2346	1.0	True	0.84	2.0
1	19651254	C	A	PQLC2	Missense_Mutation	37	27	64	0.421875	2	1	1	1.0045	1	1.0045	1.0	True	0.84	2.0
1	19952930	G	C	MINOS1-NBL1	Intron	44	17	61	0.2786885245901639	2	1	1	0.6635	1	0.6635	0.6635	False	0.84	2.0
1	19992308	C	T	HTR6	Missense_Mutation	6	5	11	0.45454545454545453	2	1	1	1.0823	1	1.0823	1.0	True	0.84	2.0
1	20645915	G	A	VWA5B1	Missense_Mutation	12	10	22	0.45454545454545453	2	1	1	1.0823	1	1.0823	1.0	True	0.84	2.0
1	22159026	G	A	HSPG2	Silent	37	16	53	0.3018867924528302	2	1	1	0.7188	1	0.7188	0.7188	False	0.84	2.0
1	22328167	C	G	CELA3A	5'UTR	45	35	80	0.4375	2	1	1	1.0417	1	1.0417	1.0	True	0.84	2.0
1	22333386	C	T	CELA3A	Silent	33	24	57	0.42105263157894735	2	1	1	1.0025	1	1.0025	1.0	True	0.84	2.0
1	23241560	C	T	EPHB2	3'Flank	22	22	44	0.5	2	1	1	1.1905	1	1.1905	1.0	True	0.84	2.0
1	23418235	G	A	LUZP1	Silent	29	27	56	0.48214285714285715	2	1	1	1.148	1	1.148	1.0	True	0.84	2.0
1	23751196	G	A	TCEA3	5'UTR	14	6	20	0.3	2	1	1	0.7143	1	0.7143	0.7143	False	0.84	2.0
1	24664502	C	T	GRHL3	Silent	15	20	35	0.5714285714285714	2	1	1	1.3605	1	1.3605	1.0	True	0.84	2.0
1	24684860	C	T	STPG1	3'UTR	29	10	39	0.2564102564102564	2	1	1	0.6105	1	0.6105	0.6105	False	0.84	2.0
1	26136171	C	T	SEPN1	Intron	31	15	46	0.32608695652173914	2	1	1	0.7764	1	0.7764	0.7764	False	0.84	2.0
1	26227541	G	C	STMN1	Intron	35	32	67	0.47761194029850745	2	1	1	1.1372	1	1.1372	1.0	True	0.84	2.0
1	27218951	C	G	GPATCH3	Missense_Mutation	17	16	33	0.48484848484848486	2	1	1	1.1544	1	1.1544	1.0	True	0.84	2.0
1	28598238	G	A	SESN2	Silent	26	12	38	0.3157894736842105	2	1	1	0.7519	1	0.7519	0.7519	False	0.84	2.0
1	28793215	C	T	PHACTR4	Silent	8	7	15	0.4666666666666667	2	1	1	1.1111	1	1.1111	1.0	True	0.84	2.0
1	28904068	G	A	TRNAU1AP	Missense_Mutation	14	10	24	0.4166666666666667	2	1	1	0.9921	1	0.9921	0.9921	True	0.84	2.0
1	32201189	C	T	BAI2	Silent	31	19	50	0.38	2	1	1	0.9048	1	0.9048	0.9048	True	0.84	2.0
1	32655836	G	C	TXLNA	Missense_Mutation	34	24	58	0.41379310344827586	2	1	1	0.9852	1	0.9852	0.9852	True	0.84	2.0
1	32831921	C	G	BSDC1	3'Flank	31	16	47	0.3404255319148936	2	1	1	0.8105	1	0.8105	0.8105	False	0.84	2.0
1	33146791	G	C	SYNC	3'UTR	11	7	18	0.3888888888888889	2	1	1	0.9259	1	0.9259	0.9259	True	0.84	2.0
1	33789883	C	G	PHC2	3'UTR	27	23	50	0.46	2	1	1	1.0952	1	1.0952	1.0	True	0.84	2.0
1	33789941	C	G	PHC2	3'UTR	24	18	42	0.42857142857142855	2	1	1	1.0204	1	1.0204	1.0	True	0.84	2.0
1	33960287	C	G	ZSCAN20	Silent	25	16	41	0.3902439024390244	2	1	1	0.9292	1	0.9292	0.9292	True	0.84	2.0
1	34049381	C	G	CSMD2	Silent	23	16	39	0.41025641025641024	2	1	1	0.9768	1	0.9768	0.9768	True	0.84	2.0
1	35454253	T	A	ZMYM6	Missense_Mutation	23	17	40	0.425	2	1	1	1.0119	1	1.0119	1.0	True	0.84	2.0
1	35579238	C	T	ZMYM1	Nonsense_Mutation	14	13	27	0.48148148148148145	2	1	1	1.1464	1	1.1464	1.0	True	0.84	2.0
1	38261252	G	A	MANEAL	Intron	4	11	15	0.7333333333333333	2	1	1	1.746	1	1.746	1.0	True	0.84	2.0
1	39853296	G	C	MACF1	Missense_Mutation	26	13	39	0.3333333333333333	2	1	1	0.7937	1	0.7937	0.7937	False	0.84	2.0
1	41157248	C	T	NFYC	5'Flank	23	17	40	0.425	2	1	1	1.0119	1	1.0119	1.0	True	0.84	2.0
1	43213019	C	G	LEPRE1	Missense_Mutation	29	17	46	0.3695652173913043	2	1	1	0.8799	1	0.8799	0.8799	True	0.84	2.0
1	45805812	C	T	MUTYH	Intron	20	24	44	0.5454545454545454	2	1	1	1.2987	1	1.2987	1.0	True	0.84	2.0
1	45977049	G	C	PRDX1	Missense_Mutation	19	16	35	0.45714285714285713	2	1	1	1.0884	1	1.0884	1.0	True	0.84	2.0
1	45980297	G	A	PRDX1	Silent	26	16	42	0.38095238095238093	2	1	1	0.907	1	0.907	0.907	True	0.84	2.0
1	52498428	C	T	KTI12	Missense_Mutation	19	13	32	0.40625	2	1	1	0.9673	1	0.9673	0.9673	True	0.84	2.0
1	53694605	C	T	MAGOH	Missense_Mutation	34	13	47	0.2765957446808511	2	1	1	0.6586	1	0.6586	0.6586	False	0.84	2.0
1	54428065	G	A	LRRC42	Missense_Mutation	34	33	67	0.4925373134328358	2	1	1	1.1727	1	1.1727	1.0	True	0.84	2.0
1	55586325	G	A	USP24	Silent	29	14	43	0.32558139534883723	2	1	1	0.7752	1	0.7752	0.7752	False	0.84	2.0
1	59249733	G	T	JUN	5'UTR	50	25	75	0.3333333333333333	2	1	1	0.7937	1	0.7937	0.7937	False	0.84	2.0
1	62738964	C	T	KANK4	Silent	39	37	76	0.4868421052631579	2	1	1	1.1591	1	1.1591	1.0	True	0.84	2.0
1	67185048	G	C	SGIP1	Missense_Mutation	34	22	56	0.39285714285714285	2	1	1	0.9354	1	0.9354	0.9354	True	0.84	2.0
1	70385032	G	A	LRRC7	Intron	31	16	47	0.3404255319148936	2	1	1	0.8105	1	0.8105	0.8105	False	0.84	2.0
1	70652990	G	A	LRRC40	Missense_Mutation	27	19	46	0.41304347826086957	2	1	1	0.9834	1	0.9834	0.9834	True	0.84	2.0
1	78034071	C	T	ZZZ3	Silent	20	9	29	0.3103448275862069	2	1	1	0.7389	1	0.7389	0.7389	False	0.84	2.0
1	84702793	G	A	PRKACB	3'UTR	14	7	21	0.3333333333333333	2	1	1	0.7937	1	0.7937	0.7937	False	0.84	2.0
1	84768891	G	A	SAMD13	Missense_Mutation	43	25	68	0.36764705882352944	2	1	1	0.8754	1	0.8754	0.8754	True	0.84	2.0
1	85112062	C	G	SSX2IP	3'UTR	15	13	28	0.4642857142857143	2	1	1	1.1054	1	1.1054	1.0	True	0.84	2.0
1	85462586	C	T	MCOLN2	5'UTR	27	27	54	0.5	2	1	1	1.1905	1	1.1905	1.0	True	0.84	2.0
1	89476775	C	T	GBP3	Missense_Mutation	87	49	136	0.3602941176470588	2	1	1	0.8578	1	0.8578	0.8578	True	0.84	2.0
1	90487841	C	G	ZNF326	Silent	39	13	52	0.25	2	1	1	0.5952	1	0.5952	0.5952	False	0.84	2.0
1	92554440	G	C	BTBD8	Missense_Mutation	54	35	89	0.39325842696629215	2	1	1	0.9363	1	0.9363	0.9363	True	0.84	2.0
1	92647579	G	C	KIAA1107	Missense_Mutation	18	11	29	0.3793103448275862	2	1	1	0.9031	1	0.9031	0.9031	True	0.84	2.0
1	92789379	C	A	RPAP2	Nonsense_Mutation	18	8	26	0.3076923076923077	2	1	1	0.7326	1	0.7326	0.7326	False	0.84	2.0
1	93826556	C	T	DR1	3'UTR	22	11	33	0.3333333333333333	2	1	1	0.7937	1	0.7937	0.7937	False	0.84	2.0
1	94079453	G	C	BCAR3	Intron	34	18	52	0.34615384615384615	2	1	1	0.8242	1	0.8242	0.8242	False	0.84	2.0
1	94463474	G	A	ABCA4	Silent	52	33	85	0.38823529411764707	2	1	1	0.9244	1	0.9244	0.9244	True	0.84	2.0
1	95363403	G	A	CNN3	Silent	71	49	120	0.4083333333333333	2	1	1	0.9722	1	0.9722	0.9722	True	0.84	2.0
1	99356331	C	T	LPPR5	3'Flank	20	13	33	0.3939393939393939	2	1	1	0.938	1	0.938	0.938	True	0.84	2.0
1	99772614	G	C	LPPR4	3'UTR	27	24	51	0.47058823529411764	2	1	1	1.1204	1	1.1204	1.0	True	0.84	2.0
1	99772760	G	A	LPPR4	3'UTR	32	28	60	0.4666666666666667	2	1	1	1.1111	1	1.1111	1.0	True	0.84	2.0
1	100818371	C	T	CDC14A	5'UTR	14	5	19	0.2631578947368421	2	1	1	0.6266	1	0.6266	0.6266	False	0.84	2.0
1	100933537	G	T	CDC14A	Missense_Mutation	33	36	69	0.5217391304347826	2	1	1	1.2422	1	1.2422	1.0	True	0.84	2.0
1	102290715	G	C	OLFM3	Missense_Mutation	49	24	73	0.3287671232876712	2	1	1	0.7828	1	0.7828	0.7828	False	0.84	2.0
1	109350080	G	A	STXBP3	Silent	39	28	67	0.417910447761194	2	1	1	0.995	1	0.995	0.995	True	0.84	2.0
1	109444509	G	A	GPSM2	Missense_Mutation	15	7	22	0.3181818181818182	2	1	1	0.7576	1	0.7576	0.7576	False	0.84	2.0
1	109793090	C	T	CELSR2	Missense_Mutation	17	13	30	0.43333333333333335	2	1	1	1.0317	1	1.0317	1.0	True	0.84	2.0
1	111727358	G	A	CEPT1	3'UTR	14	12	26	0.46153846153846156	2	1	1	1.0989	1	1.0989	1.0	True	0.84	2.0
1	112525016	G	A	KCND3	Silent	28	20	48	0.4166666666666667	2	1	1	0.9921	1	0.9921	0.9921	True	0.84	2.0
1	114963040	C	G	TRIM33	Intron	57	30	87	0.3448275862068966	2	1	1	0.821	1	0.821	0.821	False	0.84	2.0
1	115249512	G	A	NRAS	3'UTR	16	11	27	0.4074074074074074	2	1	1	0.97	1	0.97	0.97	True	0.84	2.0
1	116234198	G	C	VANGL1	3'UTR	20	8	28	0.2857142857142857	2	1	1	0.6803	1	0.6803	0.6803	False	0.84	2.0
1	119964793	C	G	HSD3B2	Silent	48	29	77	0.37662337662337664	2	1	1	0.8967	1	0.8967	0.8967	True	0.84	2.0
1	120165604	G	C	ZNF697	Missense_Mutation	23	14	37	0.3783783783783784	2	1	1	0.9009	1	0.9009	0.9009	True	0.84	2.0
1	120612180	G	C	NOTCH2	5'UTR	194	27	221	0.12217194570135746	2	1	1	0.2909	1	0.2909	0.2909	False	0.84	2.0
1	144859829	G	A	PDE4DIP	Silent	73	18	91	0.1978021978021978	2	1	1	0.471	1	0.471	0.471	False	0.84	2.0
1	146627375	C	G	PRKAB2	3'UTR	20	18	38	0.47368421052631576	2	1	1	1.1278	1	1.1278	1.0	True	0.84	2.0
1	147381160	G	A	GJA8	Missense_Mutation	29	15	44	0.3409090909090909	2	1	1	0.8117	1	0.8117	0.8117	False	0.84	2.0
1	147955334	G	A	PPIAL4A	Missense_Mutation	46	68	114	0.5964912280701754	2	1	1	1.4202	1	1.4202	1.0	True	0.84	2.0
1	149288052	C	G	RP11-403I13.8	RNA	87	11	98	0.11224489795918367	2	1	1	0.2672	1	0.2672	0.2672	False	0.84	2.0
1	149369355	G	C	RP5-998N21.4	3'Flank	5	25	30	0.8333333333333334	2	1	1	1.9841	1	1.9841	1.0	True	0.84	2.0
1	149858613	G	C	HIST2H2AC	Missense_Mutation	41	33	74	0.44594594594594594	2	1	1	1.0618	1	1.0618	1.0	True	0.84	2.0
1	149859164	G	A	HIST2H2AB	Silent	44	38	82	0.4634146341463415	2	1	1	1.1034	1	1.1034	1.0	True	0.84	2.0
1	150529705	G	C	ADAMTSL4	Silent	13	9	22	0.4090909090909091	2	1	1	0.974	1	0.974	0.974	True	0.84	2.0
1	150530005	G	C	ADAMTSL4	Missense_Mutation	27	27	54	0.5	2	1	1	1.1905	1	1.1905	1.0	True	0.84	2.0
1	151001297	C	G	PRUNE	Silent	30	33	63	0.5238095238095238	2	1	1	1.2472	1	1.2472	1.0	True	0.84	2.0
1	151317606	G	A	RFX5	Missense_Mutation	36	19	55	0.34545454545454546	2	1	1	0.8225	1	0.8225	0.8225	False	0.84	2.0
1	151775027	C	G	LINGO4	Missense_Mutation	18	11	29	0.3793103448275862	2	1	1	0.9031	1	0.9031	0.9031	True	0.84	2.0
1	152081930	C	G	TCHH	Missense_Mutation	23	17	40	0.425	2	1	1	1.0119	1	1.0119	1.0	True	0.84	2.0
1	152085374	C	G	TCHH	Missense_Mutation	75	67	142	0.47183098591549294	2	1	1	1.1234	1	1.1234	1.0	True	0.84	2.0
1	152284387	C	T	FLG	Missense_Mutation	154	99	253	0.391304347826087	2	1	1	0.9317	1	0.9317	0.9317	True	0.84	2.0
1	152785389	C	G	LCE1B	3'UTR	55	22	77	0.2857142857142857	2	1	1	0.6803	1	0.6803	0.6803	False	0.84	2.0
1	152800280	G	T	LCE1A	Nonstop_Mutation	31	14	45	0.3111111111111111	2	1	1	0.7407	1	0.7407	0.7407	False	0.84	2.0
1	153931949	C	T	SLC39A1	3'UTR	26	11	37	0.2972972972972973	2	1	1	0.7079	1	0.7079	0.7079	False	0.84	2.0
1	153949189	G	A	JTB	Missense_Mutation	20	9	29	0.3103448275862069	2	1	1	0.7389	1	0.7389	0.7389	False	0.84	2.0
1	154098850	C	G	NUP210L	Silent	41	20	61	0.32786885245901637	2	1	1	0.7806	1	0.7806	0.7806	False	0.84	2.0
1	154248201	C	T	HAX1	3'UTR	29	20	49	0.40816326530612246	2	1	1	0.9718	1	0.9718	0.9718	True	0.84	2.0
1	154309881	G	A	ATP8B2	Missense_Mutation	70	61	131	0.46564885496183206	2	1	1	1.1087	1	1.1087	1.0	True	0.84	2.0
1	154407108	C	G	IL6R	Missense_Mutation	20	17	37	0.4594594594594595	2	1	1	1.094	1	1.094	1.0	True	0.84	2.0
1	154516547	C	T	TDRD10	Silent	51	32	83	0.3855421686746988	2	1	1	0.918	1	0.918	0.918	True	0.84	2.0
1	154951278	C	G	CKS1B	3'UTR	64	46	110	0.41818181818181815	2	1	1	0.9957	1	0.9957	0.9957	True	0.84	2.0
1	154951643	C	T	CKS1B	3'UTR	69	50	119	0.42016806722689076	2	1	1	1.0004	1	1.0004	1.0	True	0.84	2.0
1	155006447	G	C	DCST1	Splice_Site	17	13	30	0.43333333333333335	2	1	1	1.0317	1	1.0317	1.0	True	0.84	2.0
1	155258282	C	T	HCN3	3'UTR	18	13	31	0.41935483870967744	2	1	1	0.9985	1	0.9985	0.9985	True	0.84	2.0
1	155327445	G	A	ASH1L	Silent	59	36	95	0.37894736842105264	2	1	1	0.9023	1	0.9023	0.9023	True	0.84	2.0
1	155733122	C	T	GON4L	Silent	66	35	101	0.3465346534653465	2	1	1	0.8251	1	0.8251	0.8251	False	0.84	2.0
1	155733142	C	T	GON4L	Missense_Mutation	60	38	98	0.3877551020408163	2	1	1	0.9232	1	0.9232	0.9232	True	0.84	2.0
1	155733290	T	A	GON4L	Missense_Mutation	52	32	84	0.38095238095238093	2	1	1	0.907	1	0.907	0.907	True	0.84	2.0
1	155734823	C	G	GON4L	Missense_Mutation	37	45	82	0.5487804878048781	2	1	1	1.3066	1	1.3066	1.0	True	0.84	2.0
1	155989846	C	T	SSR2	Missense_Mutation	23	17	40	0.425	2	1	1	1.0119	1	1.0119	1.0	True	0.84	2.0
1	156047250	G	A	MEX3A	Silent	14	9	23	0.391304347826087	2	1	1	0.9317	1	0.9317	0.9317	True	0.84	2.0
1	156376849	G	C	C1orf61	Intron	28	14	42	0.3333333333333333	2	1	1	0.7937	1	0.7937	0.7937	False	0.84	2.0
1	156786567	C	G	SH2D2A	5'UTR	47	32	79	0.4050632911392405	2	1	1	0.9644	1	0.9644	0.9644	True	0.84	2.0
1	158226847	C	T	CD1A	Silent	27	19	46	0.41304347826086957	2	1	1	0.9834	1	0.9834	0.9834	True	0.84	2.0
1	158259636	G	A	CD1C	5'UTR	16	7	23	0.30434782608695654	2	1	1	0.7246	1	0.7246	0.7246	False	0.84	2.0
1	158300813	G	A	CD1B	Missense_Mutation	21	10	31	0.3225806451612903	2	1	1	0.768	1	0.768	0.768	False	0.84	2.0
1	158736195	G	A	OR6N1	Missense_Mutation	25	12	37	0.32432432432432434	2	1	1	0.7722	1	0.7722	0.7722	False	0.84	2.0
1	160276954	G	A	COPA	Missense_Mutation	28	12	40	0.3	2	1	1	0.7143	1	0.7143	0.7143	False	0.84	2.0
1	160766081	C	G	LY9	Missense_Mutation	42	25	67	0.373134328358209	2	1	1	0.8884	1	0.8884	0.8884	True	0.84	2.0
1	160990992	G	A	F11R	5'UTR	10	6	16	0.375	2	1	1	0.8929	1	0.8929	0.8929	True	0.84	2.0
1	161130180	C	T	USP21	5'UTR	8	8	16	0.5	2	1	1	1.1905	1	1.1905	1.0	True	0.84	2.0
1	162326791	G	A	NOS1AP	Silent	17	7	24	0.2916666666666667	2	1	1	0.6944	1	0.6944	0.6944	False	0.84	2.0
1	162337746	G	C	NOS1AP	3'UTR	27	18	45	0.4	2	1	1	0.9524	1	0.9524	0.9524	True	0.84	2.0
1	162467746	C	G	UHMK1	5'UTR	9	4	13	0.3076923076923077	2	1	1	0.7326	1	0.7326	0.7326	False	0.84	2.0
1	166959038	G	A	MAEL	Missense_Mutation	28	22	50	0.44	2	1	1	1.0476	1	1.0476	1.0	True	0.84	2.0
1	167190159	C	G	POU2F1	Missense_Mutation	34	23	57	0.40350877192982454	2	1	1	0.9607	1	0.9607	0.9607	True	0.84	2.0
1	167839599	C	G	ADCY10	Missense_Mutation	32	27	59	0.4576271186440678	2	1	1	1.0896	1	1.0896	1.0	True	0.84	2.0
1	169582309	C	A	SELP	Missense_Mutation	28	12	40	0.3	2	1	1	0.7143	1	0.7143	0.7143	False	0.84	2.0
1	169806152	G	C	C1orf112	Missense_Mutation	28	13	41	0.3170731707317073	2	1	1	0.7549	1	0.7549	0.7549	False	0.84	2.0
1	170115219	C	G	METTL11B	5'UTR	7	5	12	0.4166666666666667	2	1	1	0.9921	1	0.9921	0.9921	True	0.84	2.0
1	171165874	G	A	FMO2	Silent	51	32	83	0.3855421686746988	2	1	1	0.918	1	0.918	0.918	True	0.84	2.0
1	171509776	G	C	PRRC2C	Missense_Mutation	16	9	25	0.36	2	1	1	0.8571	1	0.8571	0.8571	True	0.84	2.0
1	175066664	C	G	TNN	Missense_Mutation	34	35	69	0.5072463768115942	2	1	1	1.2077	1	1.2077	1.0	True	0.84	2.0
1	185260679	G	A	SWT1	3'UTR	70	36	106	0.33962264150943394	2	1	1	0.8086	1	0.8086	0.8086	False	0.84	2.0
1	186157140	G	T	HMCN1	Missense_Mutation	35	27	62	0.43548387096774194	2	1	1	1.0369	1	1.0369	1.0	True	0.84	2.0
1	193155321	G	A	B3GALT2	5'UTR	29	16	45	0.35555555555555557	2	1	1	0.8466	1	0.8466	0.8466	False	0.84	2.0
1	196748399	G	A	CFHR3	Missense_Mutation	37	24	61	0.39344262295081966	2	1	1	0.9368	1	0.9368	0.9368	True	0.84	2.0
1	197383052	G	C	CRB1	Intron	63	64	127	0.5039370078740157	2	1	1	1.1999	1	1.1999	1.0	True	0.84	2.0
1	200377147	G	C	ZNF281	Missense_Mutation	44	37	81	0.4567901234567901	2	1	1	1.0876	1	1.0876	1.0	True	0.84	2.0
1	200941874	G	C	KIF21B	3'Flank	20	14	34	0.4117647058823529	2	1	1	0.9804	1	0.9804	0.9804	True	0.84	2.0
1	201750173	G	A	NAV1	Missense_Mutation	22	16	38	0.42105263157894735	2	1	1	1.0025	1	1.0025	1.0	True	0.84	2.0
1	201752765	G	C	NAV1	Missense_Mutation	27	21	48	0.4375	2	1	1	1.0417	1	1.0417	1.0	True	0.84	2.0
1	201752930	G	C	NAV1	Missense_Mutation	6	5	11	0.45454545454545453	2	1	1	1.0823	1	1.0823	1.0	True	0.84	2.0
1	201789016	G	A	NAV1	Missense_Mutation	36	27	63	0.42857142857142855	2	1	1	1.0204	1	1.0204	1.0	True	0.84	2.0
1	201970888	C	A	RNPEP	Silent	11	17	28	0.6071428571428571	2	1	1	1.4456	1	1.4456	1.0	True	0.84	2.0
1	203823029	C	T	ZC3H11A	3'UTR	21	22	43	0.5116279069767442	2	1	1	1.2182	1	1.2182	1.0	True	0.84	2.0
1	204110443	C	G	ETNK2	Missense_Mutation	30	17	47	0.3617021276595745	2	1	1	0.8612	1	0.8612	0.8612	True	0.84	2.0
1	204588748	C	G	LRRN2	Missense_Mutation	13	8	21	0.38095238095238093	2	1	1	0.907	1	0.907	0.907	True	0.84	2.0
1	206637129	G	A	SRGAP2	3'UTR	15	12	27	0.4444444444444444	2	1	1	1.0582	1	1.0582	1.0	True	0.84	2.0
1	206941868	G	C	IL10	3'UTR	50	21	71	0.29577464788732394	2	1	1	0.7042	1	0.7042	0.7042	False	0.84	2.0
1	207196378	G	A	C1orf116	Missense_Mutation	66	37	103	0.3592233009708738	2	1	1	0.8553	1	0.8553	0.8553	True	0.84	2.0
1	207196511	G	C	C1orf116	Missense_Mutation	60	6	66	0.09090909090909091	2	1	1	0.2165	1	0.2165	0.2165	False	0.84	2.0
1	208218010	G	A	PLXNA2	Silent	16	10	26	0.38461538461538464	2	1	1	0.9158	1	0.9158	0.9158	True	0.84	2.0
1	210012466	C	T	DIEXF	Silent	20	13	33	0.3939393939393939	2	1	1	0.938	1	0.938	0.938	True	0.84	2.0
1	211923222	G	A	LPGAT1	3'UTR	19	16	35	0.45714285714285713	2	1	1	1.0884	1	1.0884	1.0	True	0.84	2.0
1	212617779	G	A	NENF	Missense_Mutation	47	25	72	0.3472222222222222	2	1	1	0.8267	1	0.8267	0.8267	False	0.84	2.0
1	213058632	C	G	FLVCR1	Intron	34	28	62	0.45161290322580644	2	1	1	1.0753	1	1.0753	1.0	True	0.84	2.0
1	214170276	C	G	PROX1	Nonsense_Mutation	22	15	37	0.40540540540540543	2	1	1	0.9653	1	0.9653	0.9653	True	0.84	2.0
1	215963499	C	T	USH2A	Missense_Mutation	42	16	58	0.27586206896551724	2	1	1	0.6568	1	0.6568	0.6568	False	0.84	2.0
1	216166366	C	T	USH2A	Silent	35	37	72	0.5138888888888888	2	1	1	1.2235	1	1.2235	1.0	True	0.84	2.0
1	216462663	C	G	USH2A	Missense_Mutation	19	11	30	0.36666666666666664	2	1	1	0.873	1	0.873	0.873	True	0.84	2.0
1	220804457	C	T	MARK1	Silent	22	17	39	0.4358974358974359	2	1	1	1.0379	1	1.0379	1.0	True	0.84	2.0
1	220836758	G	A	MARK1	3'Flank	29	24	53	0.4528301886792453	2	1	1	1.0782	1	1.0782	1.0	True	0.84	2.0
1	224600996	C	G	WDR26	Intron	60	28	88	0.3181818181818182	2	1	1	0.7576	1	0.7576	0.7576	False	0.84	2.0
1	225600261	G	C	LBR	Missense_Mutation	10	17	27	0.6296296296296297	2	1	1	1.4991	1	1.4991	1.0	True	0.84	2.0
1	225706921	C	T	ENAH	Missense_Mutation	70	63	133	0.47368421052631576	2	1	1	1.1278	1	1.1278	1.0	True	0.84	2.0
1	226465515	C	T	LIN9	Missense_Mutation	43	32	75	0.4266666666666667	2	1	1	1.0159	1	1.0159	1.0	True	0.84	2.0
1	228333448	C	G	GUK1	Intron	24	15	39	0.38461538461538464	2	1	1	0.9158	1	0.9158	0.9158	True	0.84	2.0
1	228336139	G	C	GUK1	Intron	30	15	45	0.3333333333333333	2	1	1	0.7937	1	0.7937	0.7937	False	0.84	2.0
1	228596204	C	A	TRIM17	Missense_Mutation	51	21	72	0.2916666666666667	2	1	1	0.6944	1	0.6944	0.6944	False	0.84	2.0
1	228645074	C	G	HIST3H2A	3'UTR	26	23	49	0.46938775510204084	2	1	1	1.1176	1	1.1176	1.0	True	0.84	2.0
1	228645397	G	C	HIST3H2A	Missense_Mutation	19	18	37	0.4864864864864865	2	1	1	1.1583	1	1.1583	1.0	True	0.84	2.0
1	232943202	C	G	MAP10	Silent	17	15	32	0.46875	2	1	1	1.1161	1	1.1161	1.0	True	0.84	2.0
1	235344897	C	T	ARID4B	Intron	56	46	102	0.45098039215686275	2	1	1	1.0738	1	1.0738	1.0	True	0.84	2.0
1	235345463	C	T	ARID4B	Missense_Mutation	45	31	76	0.40789473684210525	2	1	1	0.9712	1	0.9712	0.9712	True	0.84	2.0
1	235392695	C	G	ARID4B	Missense_Mutation	15	10	25	0.4	2	1	1	0.9524	1	0.9524	0.9524	True	0.84	2.0
1	236646750	G	C	EDARADD	3'Flank	46	41	87	0.47126436781609193	2	1	1	1.1221	1	1.1221	1.0	True	0.84	2.0
1	237765322	C	G	RYR2	Intron	38	15	53	0.2830188679245283	2	1	1	0.6739	1	0.6739	0.6739	False	0.84	2.0
1	241834403	G	T	WDR64	Missense_Mutation	35	18	53	0.33962264150943394	2	1	1	0.8086	1	0.8086	0.8086	False	0.84	2.0
1	241913012	C	G	WDR64	Missense_Mutation	40	24	64	0.375	2	1	1	0.8929	1	0.8929	0.8929	True	0.84	2.0
1	242687403	T	G	PLD5	Missense_Mutation	26	15	41	0.36585365853658536	2	1	1	0.8711	1	0.8711	0.8711	True	0.84	2.0
1	243354474	G	C	CEP170	Missense_Mutation	70	52	122	0.4262295081967213	2	1	1	1.0148	1	1.0148	1.0	True	0.84	2.0
1	245530223	G	C	KIF26B	Missense_Mutation	27	7	34	0.20588235294117646	2	1	1	0.4902	1	0.4902	0.4902	False	0.84	2.0
1	246704248	G	T	TFB2M	3'UTR	12	10	22	0.45454545454545453	2	1	1	1.0823	1	1.0823	1.0	True	0.84	2.0
1	247265330	C	G	ZNF669	Missense_Mutation	38	33	71	0.4647887323943662	2	1	1	1.1066	1	1.1066	1.0	True	0.84	2.0
1	248551419	C	G	OR2T6	Silent	53	39	92	0.42391304347826086	2	1	1	1.0093	1	1.0093	1.0	True	0.84	2.0
1	249151477	C	T	ZNF692	Missense_Mutation	45	38	83	0.4578313253012048	2	1	1	1.0901	1	1.0901	1.0	True	0.84	2.0
2	10815997	C	T	NOL10	Missense_Mutation	18	3	21	0.14285714285714285	2	1	1	0.3401	1	0.3401	0.3401	False	0.84	2.0
2	11356289	C	G	ROCK2	Missense_Mutation	27	19	46	0.41304347826086957	2	1	1	0.9834	1	0.9834	0.9834	True	0.84	2.0
2	15769775	G	A	DDX1	Missense_Mutation	16	9	25	0.36	2	1	1	0.8571	1	0.8571	0.8571	True	0.84	2.0
2	20114024	C	G	WDR35	Missense_Mutation	21	14	35	0.4	2	1	1	0.9524	1	0.9524	0.9524	True	0.84	2.0
2	20174334	G	A	WDR35	Missense_Mutation	16	5	21	0.23809523809523808	2	1	1	0.5669	1	0.5669	0.5669	False	0.84	2.0
2	20205975	G	C	MATN3	Missense_Mutation	18	6	24	0.25	2	1	1	0.5952	1	0.5952	0.5952	False	0.84	2.0
2	20402528	C	T	SDC1	Silent	23	9	32	0.28125	2	1	1	0.6696	1	0.6696	0.6696	False	0.84	2.0
2	21229833	C	T	APOB	Missense_Mutation	29	20	49	0.40816326530612246	2	1	1	0.9718	1	0.9718	0.9718	True	0.84	2.0
2	21247862	C	T	APOB	Silent	28	13	41	0.3170731707317073	2	1	1	0.7549	1	0.7549	0.7549	False	0.84	2.0
2	24345292	G	A	PFN4	Silent	24	18	42	0.42857142857142855	2	1	1	1.0204	1	1.0204	1.0	True	0.84	2.0
2	24439053	C	T	ITSN2	Silent	21	10	31	0.3225806451612903	2	1	1	0.768	1	0.768	0.768	False	0.84	2.0
2	25179980	C	T	DNAJC27	Missense_Mutation	11	7	18	0.3888888888888889	2	1	1	0.9259	1	0.9259	0.9259	True	0.84	2.0
2	25705727	C	T	DTNB	Silent	14	14	28	0.5	2	1	1	1.1905	1	1.1905	1.0	True	0.84	2.0
2	26410287	G	A	GAREML	Missense_Mutation	43	24	67	0.3582089552238806	2	1	1	0.8529	1	0.8529	0.8529	True	0.84	2.0
2	26410897	C	T	GAREML	Missense_Mutation	26	20	46	0.43478260869565216	2	1	1	1.0352	1	1.0352	1.0	True	0.84	2.0
2	26691336	G	A	OTOF	Nonsense_Mutation	34	20	54	0.37037037037037035	2	1	1	0.8818	1	0.8818	0.8818	True	0.84	2.0
2	26863418	G	A	CIB4	Silent	35	19	54	0.35185185185185186	2	1	1	0.8377	1	0.8377	0.8377	False	0.84	2.0
2	27322670	C	T	CGREF1	3'Flank	12	17	29	0.5862068965517241	2	1	1	1.3957	1	1.3957	1.0	True	0.84	2.0
2	27746301	C	T	GCKR	Nonsense_Mutation	13	11	24	0.4583333333333333	2	1	1	1.0913	1	1.0913	1.0	True	0.84	2.0
2	27801949	C	T	C2orf16	Missense_Mutation	37	20	57	0.3508771929824561	2	1	1	0.8354	1	0.8354	0.8354	False	0.84	2.0
2	27804010	G	C	C2orf16	Missense_Mutation	23	13	36	0.3611111111111111	2	1	1	0.8598	1	0.8598	0.8598	True	0.84	2.0
2	30976051	C	G	CAPN13	Missense_Mutation	41	40	81	0.49382716049382713	2	1	1	1.1758	1	1.1758	1.0	True	0.84	2.0
2	31489610	G	A	EHD3	3'UTR	13	14	27	0.5185185185185185	2	1	1	1.2346	1	1.2346	1.0	True	0.84	2.0
2	32254698	G	C	DPY30	Missense_Mutation	50	23	73	0.3150684931506849	2	1	1	0.7502	1	0.7502	0.7502	False	0.84	2.0
2	33810301	C	T	FAM98A	Missense_Mutation	52	35	87	0.40229885057471265	2	1	1	0.9579	1	0.9579	0.9579	True	0.84	2.0
2	38523698	C	G	ATL2	Intron	37	23	60	0.38333333333333336	2	1	1	0.9127	1	0.9127	0.9127	True	0.84	2.0
2	39945076	C	G	TMEM178A	3'UTR	23	20	43	0.46511627906976744	2	1	1	1.1074	1	1.1074	1.0	True	0.84	2.0
2	42490404	C	G	EML4	Nonsense_Mutation	39	19	58	0.3275862068965517	2	1	1	0.78	1	0.78	0.78	False	0.84	2.0
2	44104968	C	T	ABCG8	Silent	39	23	62	0.3709677419354839	2	1	1	0.8833	1	0.8833	0.8833	True	0.84	2.0
2	47044026	G	A	LINC01119	Silent	19	20	39	0.5128205128205128	2	1	1	1.221	1	1.221	1.0	True	0.84	2.0
2	47301418	C	G	TTC7A	3'UTR	11	6	17	0.35294117647058826	2	1	1	0.8403	1	0.8403	0.8403	False	0.84	2.0
2	50847273	C	G	NRXN1	Missense_Mutation	15	18	33	0.5454545454545454	2	1	1	1.2987	1	1.2987	1.0	True	0.84	2.0
2	55253525	C	G	RTN4	Missense_Mutation	39	17	56	0.30357142857142855	2	1	1	0.7228	1	0.7228	0.7228	False	0.84	2.0
2	55517340	C	A	CCDC88A	3'UTR	30	20	50	0.4	2	1	1	0.9524	1	0.9524	0.9524	True	0.84	2.0
2	61018955	C	G	PAPOLG	Missense_Mutation	21	13	34	0.38235294117647056	2	1	1	0.9104	1	0.9104	0.9104	True	0.84	2.0
2	61169299	G	C	PUS10	3'UTR	26	22	48	0.4583333333333333	2	1	1	1.0913	1	1.0913	1.0	True	0.84	2.0
2	73453341	C	T	SMYD5	3'UTR	11	10	21	0.47619047619047616	2	1	1	1.1338	1	1.1338	1.0	True	0.84	2.0
2	74177749	C	G	DGUOK	Missense_Mutation	40	37	77	0.4805194805194805	2	1	1	1.1441	1	1.1441	1.0	True	0.84	2.0
2	74274014	C	T	TET3	Missense_Mutation	25	11	36	0.3055555555555556	2	1	1	0.7275	1	0.7275	0.7275	False	0.84	2.0
2	74320052	C	A	TET3	Missense_Mutation	13	11	24	0.4583333333333333	2	1	1	1.0913	1	1.0913	1.0	True	0.84	2.0
2	74486733	G	A	SLC4A5	Silent	63	34	97	0.35051546391752575	2	1	1	0.8346	1	0.8346	0.8346	False	0.84	2.0
2	74642549	G	A	C2orf81	Missense_Mutation	12	4	16	0.25	2	1	1	0.5952	1	0.5952	0.5952	False	0.84	2.0
2	74686223	C	G	WBP1	Intron	16	19	35	0.5428571428571428	2	1	1	1.2925	1	1.2925	1.0	True	0.84	2.0
2	75196616	C	T	POLE4	3'UTR	43	24	67	0.3582089552238806	2	1	1	0.8529	1	0.8529	0.8529	True	0.84	2.0
2	79348786	G	A	REG1A	Missense_Mutation	54	34	88	0.38636363636363635	2	1	1	0.9199	1	0.9199	0.9199	True	0.84	2.0
2	84774646	G	A	DNAH6	Missense_Mutation	49	39	88	0.4431818181818182	2	1	1	1.0552	1	1.0552	1.0	True	0.84	2.0
2	84936590	C	T	DNAH6	Missense_Mutation	22	15	37	0.40540540540540543	2	1	1	0.9653	1	0.9653	0.9653	True	0.84	2.0
2	86444209	G	C	REEP1	3'UTR	55	47	102	0.46078431372549017	2	1	1	1.0971	1	1.0971	1.0	True	0.84	2.0
2	88747930	G	C	FOXI3	RNA	48	32	80	0.4	2	1	1	0.9524	1	0.9524	0.9524	True	0.84	2.0
2	96781784	C	T	ADRA2B	Silent	23	19	42	0.4523809523809524	2	1	1	1.0771	1	1.0771	1.0	True	0.84	2.0
2	98317652	C	T	LINC01125	RNA	23	17	40	0.425	2	1	1	1.0119	1	1.0119	1.0	True	0.84	2.0
2	98426211	C	T	TMEM131	Silent	17	13	30	0.43333333333333335	2	1	1	1.0317	1	1.0317	1.0	True	0.84	2.0
2	99220620	C	T	COA5	Missense_Mutation	31	15	46	0.32608695652173914	2	1	1	0.7764	1	0.7764	0.7764	False	0.84	2.0
2	100915746	C	T	LONRF2	Missense_Mutation	25	11	36	0.3055555555555556	2	1	1	0.7275	1	0.7275	0.7275	False	0.84	2.0
2	101010046	G	A	CHST10	Silent	18	6	24	0.25	2	1	1	0.5952	1	0.5952	0.5952	False	0.84	2.0
2	103299770	C	T	SLC9A2	Missense_Mutation	33	14	47	0.2978723404255319	2	1	1	0.7092	1	0.7092	0.7092	False	0.84	2.0
2	103318928	C	G	SLC9A2	Silent	18	15	33	0.45454545454545453	2	1	1	1.0823	1	1.0823	1.0	True	0.84	2.0
2	105484677	G	A	LINC01159	RNA	26	13	39	0.3333333333333333	2	1	1	0.7937	1	0.7937	0.7937	False	0.84	2.0
2	105882079	G	A	TGFBRAP1	3'UTR	18	11	29	0.3793103448275862	2	1	1	0.9031	1	0.9031	0.9031	True	0.84	2.0
2	110922134	C	G	NPHP1	Missense_Mutation	16	13	29	0.4482758620689655	2	1	1	1.0673	1	1.0673	1.0	True	0.84	2.0
2	113089379	G	A	ZC3H6	Missense_Mutation	10	9	19	0.47368421052631576	2	1	1	1.1278	1	1.1278	1.0	True	0.84	2.0
2	121749179	C	G	GLI2	3'UTR	41	25	66	0.3787878787878788	2	1	1	0.9019	1	0.9019	0.9019	True	0.84	2.0
2	122007206	G	A	TFCP2L1	Nonsense_Mutation	51	32	83	0.3855421686746988	2	1	1	0.918	1	0.918	0.918	True	0.84	2.0
2	122363302	G	A	CLASP1	Missense_Mutation	40	29	69	0.42028985507246375	2	1	1	1.0007	1	1.0007	1.0	True	0.84	2.0
2	130807424	C	G	CYP4F27P	5'Flank	57	35	92	0.3804347826086957	2	1	1	0.9058	1	0.9058	0.9058	True	0.84	2.0
2	130910714	C	A	SMPD4	Nonsense_Mutation	25	16	41	0.3902439024390244	2	1	1	0.9292	1	0.9292	0.9292	True	0.84	2.0
2	131522620	G	C	AMER3	3'UTR	12	12	24	0.5	2	1	1	1.1905	1	1.1905	1.0	True	0.84	2.0
2	131674361	C	T	ARHGEF4	5'UTR	8	7	15	0.4666666666666667	2	1	1	1.1111	1	1.1111	1.0	True	0.84	2.0
2	138375966	G	A	THSD7B	Nonsense_Mutation	42	28	70	0.4	2	1	1	0.9524	1	0.9524	0.9524	True	0.84	2.0
2	141093358	C	T	LRP1B	Missense_Mutation	53	25	78	0.32051282051282054	2	1	1	0.7631	1	0.7631	0.7631	False	0.84	2.0
2	149447933	C	G	EPC2	Missense_Mutation	39	17	56	0.30357142857142855	2	1	1	0.7228	1	0.7228	0.7228	False	0.84	2.0
2	152374864	G	T	NEB	Missense_Mutation	53	25	78	0.32051282051282054	2	1	1	0.7631	1	0.7631	0.7631	False	0.84	2.0
2	152473963	C	G	NEB	Missense_Mutation	22	16	38	0.42105263157894735	2	1	1	1.0025	1	1.0025	1.0	True	0.84	2.0
2	152492755	C	T	NEB	Missense_Mutation	32	26	58	0.4482758620689655	2	1	1	1.0673	1	1.0673	1.0	True	0.84	2.0
2	152698533	C	G	CACNB4	Missense_Mutation	44	25	69	0.36231884057971014	2	1	1	0.8627	1	0.8627	0.8627	True	0.84	2.0
2	160086342	G	C	TANC1	Missense_Mutation	16	14	30	0.4666666666666667	2	1	1	1.1111	1	1.1111	1.0	True	0.84	2.0
2	160287406	G	C	BAZ2B	Missense_Mutation	43	25	68	0.36764705882352944	2	1	1	0.8754	1	0.8754	0.8754	True	0.84	2.0
2	160755557	G	A	LY75-CD302	Silent	53	21	74	0.28378378378378377	2	1	1	0.6757	1	0.6757	0.6757	False	0.84	2.0
2	162833298	G	C	SLC4A10	Missense_Mutation	24	17	41	0.4146341463414634	2	1	1	0.9872	1	0.9872	0.9872	True	0.84	2.0
2	165349469	C	T	GRB14	3'UTR	24	14	38	0.3684210526315789	2	1	1	0.8772	1	0.8772	0.8772	True	0.84	2.0
2	165984182	C	T	SCN3A	Missense_Mutation	34	18	52	0.34615384615384615	2	1	1	0.8242	1	0.8242	0.8242	False	0.84	2.0
2	166248756	G	T	SCN2A	3'UTR	12	10	22	0.45454545454545453	2	1	1	1.0823	1	1.0823	1.0	True	0.84	2.0
2	167319025	T	A	SCN7A	Silent	18	11	29	0.3793103448275862	2	1	1	0.9031	1	0.9031	0.9031	True	0.84	2.0
2	169801175	G	A	ABCB11	Silent	21	13	34	0.38235294117647056	2	1	1	0.9104	1	0.9104	0.9104	True	0.84	2.0
2	170022556	G	A	LRP2	Missense_Mutation	33	20	53	0.37735849056603776	2	1	1	0.8985	1	0.8985	0.8985	True	0.84	2.0
2	170029697	G	A	LRP2	Silent	44	28	72	0.3888888888888889	2	1	1	0.9259	1	0.9259	0.9259	True	0.84	2.0
2	172017013	C	G	TLK1	5'UTR	15	10	25	0.4	2	1	1	0.9524	1	0.9524	0.9524	True	0.84	2.0
2	172378866	G	C	CYBRD1	5'UTR	13	6	19	0.3157894736842105	2	1	1	0.7519	1	0.7519	0.7519	False	0.84	2.0
2	172585296	G	A	DYNC1I2	Missense_Mutation	41	25	66	0.3787878787878788	2	1	1	0.9019	1	0.9019	0.9019	True	0.84	2.0
2	173451105	G	A	PDK1	Missense_Mutation	16	19	35	0.5428571428571428	2	1	1	1.2925	1	1.2925	1.0	True	0.84	2.0
2	175311387	C	T	GPR155	Silent	35	22	57	0.38596491228070173	2	1	1	0.919	1	0.919	0.919	True	0.84	2.0
2	179426582	C	T	TTN	Missense_Mutation	38	17	55	0.3090909090909091	2	1	1	0.7359	1	0.7359	0.7359	False	0.84	2.0
2	179429007	G	C	TTN	Silent	25	13	38	0.34210526315789475	2	1	1	0.8145	1	0.8145	0.8145	False	0.84	2.0
2	179452710	C	G	TTN	Missense_Mutation	10	10	20	0.5	2	1	1	1.1905	1	1.1905	1.0	True	0.84	2.0
2	179486048	C	G	TTN	Missense_Mutation	35	17	52	0.3269230769230769	2	1	1	0.7784	1	0.7784	0.7784	False	0.84	2.0
2	179589076	G	C	TTN	Nonsense_Mutation	47	20	67	0.29850746268656714	2	1	1	0.7107	1	0.7107	0.7107	False	0.84	2.0
2	179611025	C	G	TTN	Intron	10	5	15	0.3333333333333333	2	1	1	0.7937	1	0.7937	0.7937	False	0.84	2.0
2	179616464	C	G	TTN	Intron	18	10	28	0.35714285714285715	2	1	1	0.8503	1	0.8503	0.8503	True	0.84	2.0
2	179638336	C	T	TTN	Missense_Mutation	33	19	52	0.36538461538461536	2	1	1	0.87	1	0.87	0.87	True	0.84	2.0
2	179641319	C	G	TTN	Missense_Mutation	33	19	52	0.36538461538461536	2	1	1	0.87	1	0.87	0.87	True	0.84	2.0
2	183099171	G	A	PDE1A	Silent	34	26	60	0.43333333333333335	2	1	1	1.0317	1	1.0317	1.0	True	0.84	2.0
2	189904060	G	A	COL5A2	Missense_Mutation	28	27	55	0.4909090909090909	2	1	1	1.1688	1	1.1688	1.0	True	0.84	2.0
2	191556994	G	C	NAB1	3'UTR	42	22	64	0.34375	2	1	1	0.8185	1	0.8185	0.8185	False	0.84	2.0
2	196642531	G	C	DNAH7	Missense_Mutation	13	15	28	0.5357142857142857	2	1	1	1.2755	1	1.2755	1.0	True	0.84	2.0
2	196753533	G	A	DNAH7	Missense_Mutation	28	6	34	0.17647058823529413	2	1	1	0.4202	1	0.4202	0.4202	False	0.84	2.0
2	197750186	C	T	PGAP1	Missense_Mutation	40	13	53	0.24528301886792453	2	1	1	0.584	1	0.584	0.584	False	0.84	2.0
2	201438500	C	T	SGOL2	Missense_Mutation	41	16	57	0.2807017543859649	2	1	1	0.6683	1	0.6683	0.6683	False	0.84	2.0
2	202264129	C	G	TRAK2	Missense_Mutation	13	40	53	0.7547169811320755	1	1	0	1.0422	1	1.0422	1.0	True	0.84	2.0
2	207424741	G	A	ADAM23	Silent	9	16	25	0.64	1	1	0	0.8838	1	0.8838	0.8838	True	0.84	2.0
2	219393450	C	G	USP37	Intron	4	9	13	0.6923076923076923	1	1	0	0.956	1	0.956	0.956	True	0.84	2.0
2	219445325	C	G	RQCD1	Missense_Mutation	14	71	85	0.8352941176470589	1	1	0	1.1535	1	1.1535	1.0	True	0.84	2.0
2	219566786	C	G	STK36	3'UTR	6	27	33	0.8181818181818182	1	1	0	1.1299	1	1.1299	1.0	True	0.84	2.0
2	220408981	C	G	TMEM198	5'UTR	9	10	19	0.5263157894736842	1	1	0	0.7268	1	0.7268	0.7268	False	0.84	2.0
2	225635056	C	A	DOCK10	Missense_Mutation	13	25	38	0.6578947368421053	1	1	0	0.9085	1	0.9085	0.9085	True	0.84	2.0
2	231174752	G	A	SP140	Silent	14	59	73	0.8082191780821918	1	1	0	1.1161	1	1.1161	1.0	True	0.84	2.0
2	232574787	G	A	PTMA	Intron	5	23	28	0.8214285714285714	1	1	0	1.1344	1	1.1344	1.0	True	0.84	2.0
2	233748711	C	T	NGEF	Silent	13	26	39	0.6666666666666666	1	1	0	0.9206	1	0.9206	0.9206	True	0.84	2.0
2	234378148	G	A	DGKD	3'UTR	14	43	57	0.7543859649122807	1	1	0	1.0418	1	1.0418	1.0	True	0.84	2.0
2	234669586	C	T	UGT1A8	Intron	23	32	55	0.5818181818181818	1	1	0	0.8035	1	0.8035	0.8035	False	0.84	2.0
3	3095557	C	T	CNTN4	Missense_Mutation	36	17	53	0.32075471698113206	2	2	0	0.7637	1	0.7637	0.7637	False	0.84	2.0
3	10074515	G	C	FANCD2	Splice_Site	37	26	63	0.4126984126984127	2	2	0	0.9826	1	0.9826	0.9826	True	0.84	2.0
3	10384561	G	A	ATP2B2	Missense_Mutation	27	17	44	0.38636363636363635	2	2	0	0.9199	1	0.9199	0.9199	True	0.84	2.0
3	11888172	G	C	TAMM41	5'UTR	37	29	66	0.4393939393939394	2	2	0	1.0462	1	1.0462	1.0	True	0.84	2.0
3	13545614	G	A	HDAC11	Missense_Mutation	17	20	37	0.5405405405405406	2	2	0	1.287	1	1.287	1.0	True	0.84	2.0
3	14813664	C	T	C3orf20	Silent	21	15	36	0.4166666666666667	2	2	0	0.9921	1	0.9921	0.9921	True	0.84	2.0
3	15311349	G	T	SH3BP5	Missense_Mutation	9	10	19	0.5263157894736842	2	2	0	1.2531	1	1.2531	1.0	True	0.84	2.0
3	15727769	C	G	ANKRD28	Missense_Mutation	50	39	89	0.43820224719101125	2	2	0	1.0433	1	1.0433	1.0	True	0.84	2.0
3	24001171	C	T	NR1D2	Missense_Mutation	84	46	130	0.35384615384615387	2	2	0	0.8425	1	0.8425	0.8425	False	0.84	2.0
3	28364321	G	C	CMC1	3'UTR	12	5	17	0.29411764705882354	2	2	0	0.7003	1	0.7003	0.7003	False	0.84	2.0
3	28380088	C	T	AZI2	Missense_Mutation	32	22	54	0.4074074074074074	2	2	0	0.97	1	0.97	0.97	True	0.84	2.0
3	37094568	C	T	LRRFIP2	3'UTR	12	14	26	0.5384615384615384	2	2	0	1.2821	1	1.2821	1.0	True	0.84	2.0
3	37565067	C	T	ITGA9	Missense_Mutation	37	24	61	0.39344262295081966	2	2	0	0.9368	1	0.9368	0.9368	True	0.84	2.0
3	38539157	C	T	EXOG	Silent	12	7	19	0.3684210526315789	2	2	0	0.8772	1	0.8772	0.8772	True	0.84	2.0
3	39374924	C	A	CCR8	3'UTR	15	10	25	0.4	2	2	0	0.9524	1	0.9524	0.9524	True	0.84	2.0
3	39433016	C	G	SLC25A38	Missense_Mutation	25	32	57	0.5614035087719298	2	2	0	1.3367	1	1.3367	1.0	True	0.84	2.0
3	40286041	G	A	MYRIP	Silent	9	6	15	0.4	2	2	0	0.9524	1	0.9524	0.9524	True	0.84	2.0
3	40351430	C	G	EIF1B	5'UTR	28	21	49	0.42857142857142855	2	2	0	1.0204	1	1.0204	1.0	True	0.84	2.0
3	40523818	G	A	ZNF619	Silent	36	28	64	0.4375	2	2	0	1.0417	1	1.0417	1.0	True	0.84	2.0
3	42678943	G	A	NKTR	Missense_Mutation	9	6	15	0.4	2	2	0	0.9524	1	0.9524	0.9524	True	0.84	2.0
3	42791400	G	C	CCDC13	Intron	41	15	56	0.26785714285714285	2	2	0	0.6378	1	0.6378	0.6378	False	0.84	2.0
3	43122824	C	T	POMGNT2	Missense_Mutation	27	14	41	0.34146341463414637	2	2	0	0.813	1	0.813	0.813	False	0.84	2.0
3	44893412	G	A	KIF15	Missense_Mutation	16	10	26	0.38461538461538464	2	2	0	0.9158	1	0.9158	0.9158	True	0.84	2.0
3	44893430	G	C	KIF15	Missense_Mutation	13	10	23	0.43478260869565216	2	2	0	1.0352	1	1.0352	1.0	True	0.84	2.0
3	46008585	G	C	FYCO1	Silent	15	10	25	0.4	2	2	0	0.9524	1	0.9524	0.9524	True	0.84	2.0
3	46415353	C	T	CCR5	Silent	33	12	45	0.26666666666666666	2	2	0	0.6349	1	0.6349	0.6349	False	0.84	2.0
3	46450134	C	G	CCRL2	Missense_Mutation	28	27	55	0.4909090909090909	2	2	0	1.1688	1	1.1688	1.0	True	0.84	2.0
3	46940273	G	C	PTH1R	Missense_Mutation	9	9	18	0.5	2	2	0	1.1905	1	1.1905	1.0	True	0.84	2.0
3	47451199	G	A	PTPN23	Silent	34	18	52	0.34615384615384615	2	2	0	0.8242	1	0.8242	0.8242	False	0.84	2.0
3	48465445	G	A	PLXNB1	Silent	14	7	21	0.3333333333333333	2	2	0	0.7937	1	0.7937	0.7937	False	0.84	2.0
3	48509961	C	G	SHISA5	3'UTR	11	11	22	0.5	2	2	0	1.1905	1	1.1905	1.0	True	0.84	2.0
3	48622354	G	A	COL7A1	Missense_Mutation	19	9	28	0.32142857142857145	2	2	0	0.7653	1	0.7653	0.7653	False	0.84	2.0
3	48681729	C	G	CELSR3	Splice_Site	21	9	30	0.3	2	2	0	0.7143	1	0.7143	0.7143	False	0.84	2.0
3	48701492	C	T	CELSR3	5'Flank	59	31	90	0.34444444444444444	2	2	0	0.8201	1	0.8201	0.8201	False	0.84	2.0
3	48936280	C	G	SLC25A20	5'UTR	74	44	118	0.3728813559322034	2	2	0	0.8878	1	0.8878	0.8878	True	0.84	2.0
3	49051433	C	T	WDR6	Silent	36	21	57	0.3684210526315789	2	2	0	0.8772	1	0.8772	0.8772	True	0.84	2.0
3	49321551	C	G	USP4	Missense_Mutation	37	20	57	0.3508771929824561	2	2	0	0.8354	1	0.8354	0.8354	False	0.84	2.0
3	50368087	G	A	RASSF1	Silent	28	18	46	0.391304347826087	2	2	0	0.9317	1	0.9317	0.9317	True	0.84	2.0
3	50402378	G	A	CACNA2D2	Silent	30	18	48	0.375	2	2	0	0.8929	1	0.8929	0.8929	True	0.84	2.0
3	51251581	T	C	DOCK3	Silent	19	10	29	0.3448275862068966	2	2	0	0.821	1	0.821	0.821	False	0.84	2.0
3	52255789	T	A	TLR9	Missense_Mutation	47	25	72	0.3472222222222222	2	2	0	0.8267	1	0.8267	0.8267	False	0.84	2.0
3	52384529	G	T	DNAH1	Silent	51	31	82	0.3780487804878049	2	2	0	0.9001	1	0.9001	0.9001	True	0.84	2.0
3	52398849	G	A	DNAH1	Missense_Mutation	24	8	32	0.25	2	2	0	0.5952	1	0.5952	0.5952	False	0.84	2.0
3	53845877	C	A	CACNA1D	3'UTR	29	18	47	0.3829787234042553	2	2	0	0.9119	1	0.9119	0.9119	True	0.84	2.0
3	56656784	C	G	FAM208A	3'UTR	23	11	34	0.3235294117647059	2	2	0	0.7703	1	0.7703	0.7703	False	0.84	2.0
3	56787552	C	T	ARHGEF3	Missense_Mutation	27	12	39	0.3076923076923077	2	2	0	0.7326	1	0.7326	0.7326	False	0.84	2.0
3	56787559	C	G	ARHGEF3	Missense_Mutation	26	12	38	0.3157894736842105	2	2	0	0.7519	1	0.7519	0.7519	False	0.84	2.0
3	57528442	T	C	DNAH12	Silent	26	23	49	0.46938775510204084	2	2	0	1.1176	1	1.1176	1.0	True	0.84	2.0
3	57557144	G	A	ARF4	3'UTR	36	4	40	0.1	2	2	0	0.2381	1	0.2381	0.2381	False	0.84	2.0
3	58109341	C	T	FLNB	Silent	12	7	19	0.3684210526315789	2	2	0	0.8772	1	0.8772	0.8772	True	0.84	2.0
3	58552947	C	G	FAM107A	Missense_Mutation	26	24	50	0.48	2	2	0	1.1429	1	1.1429	1.0	True	0.84	2.0
3	58619970	C	T	FAM3D	3'UTR	10	7	17	0.4117647058823529	2	2	0	0.9804	1	0.9804	0.9804	True	0.84	2.0
3	58852388	C	G	C3orf67	Missense_Mutation	53	40	93	0.43010752688172044	2	2	0	1.0241	1	1.0241	1.0	True	0.84	2.0
3	62499355	G	T	CADPS	Intron	8	18	26	0.6923076923076923	1	1	0	0.956	1	0.956	0.956	True	0.84	2.0
3	71037200	G	A	FOXP1	Missense_Mutation	19	27	46	0.5869565217391305	1	1	0	0.8106	1	0.8106	0.8106	False	0.84	2.0
3	87017951	G	A	VGLL3	Silent	8	6	14	0.42857142857142855	1	1	0	0.5918	1	0.5918	0.5918	False	0.84	2.0
3	93646133	T	C	PROS1	Silent	68	55	123	0.44715447154471544	2	1	1	1.0647	1	1.0647	1.0	True	0.84	2.0
3	93813021	G	C	NSUN3	Missense_Mutation	31	12	43	0.27906976744186046	2	1	1	0.6645	1	0.6645	0.6645	False	0.84	2.0
3	101374961	C	G	ZBTB11	Missense_Mutation	26	16	42	0.38095238095238093	2	1	1	0.907	1	0.907	0.907	True	0.84	2.0
3	101540843	C	A	NXPE3	3'UTR	18	16	34	0.47058823529411764	2	1	1	1.1204	1	1.1204	1.0	True	0.84	2.0
3	110912071	G	A	PVRL3	Missense_Mutation	30	20	50	0.4	2	1	1	0.9524	1	0.9524	0.9524	True	0.84	2.0
3	113388987	C	G	KIAA2018	Missense_Mutation	19	14	33	0.42424242424242425	2	1	1	1.0101	1	1.0101	1.0	True	0.84	2.0
3	119886581	G	A	GPR156	Silent	37	28	65	0.4307692307692308	2	1	1	1.0256	1	1.0256	1.0	True	0.84	2.0
3	122991500	C	G	SEC22A	3'UTR	14	3	17	0.17647058823529413	2	1	1	0.4202	1	0.4202	0.4202	False	0.84	2.0
3	122991731	C	A	SEC22A	3'UTR	52	20	72	0.2777777777777778	2	1	1	0.6614	1	0.6614	0.6614	False	0.84	2.0
3	123008634	G	C	ADCY5	Missense_Mutation	68	34	102	0.3333333333333333	2	1	1	0.7937	1	0.7937	0.7937	False	0.84	2.0
3	124418804	C	T	AC080008.1	5'Flank	55	34	89	0.38202247191011235	2	1	1	0.9096	1	0.9096	0.9096	True	0.84	2.0
3	124731882	C	T	HEG1	Silent	51	32	83	0.3855421686746988	2	1	1	0.918	1	0.918	0.918	True	0.84	2.0
3	125702118	C	G	ROPN1B	Missense_Mutation	52	38	90	0.4222222222222222	2	1	1	1.0053	1	1.0053	1.0	True	0.84	2.0
3	125836938	G	C	ALDH1L1	Missense_Mutation	25	14	39	0.358974358974359	2	1	1	0.8547	1	0.8547	0.8547	True	0.84	2.0
3	127703061	G	A	KBTBD12	Missense_Mutation	24	15	39	0.38461538461538464	2	1	1	0.9158	1	0.9158	0.9158	True	0.84	2.0
3	128516831	C	G	RAB7A	Missense_Mutation	22	18	40	0.45	2	1	1	1.0714	1	1.0714	1.0	True	0.84	2.0
3	128780619	A	G	GP9	Missense_Mutation	12	5	17	0.29411764705882354	2	1	1	0.7003	1	0.7003	0.7003	False	0.84	2.0
3	128809354	G	C	RAB43	3'UTR	12	11	23	0.4782608695652174	2	1	1	1.1387	1	1.1387	1.0	True	0.84	2.0
3	130124985	G	C	COL6A5	Missense_Mutation	63	47	110	0.42727272727272725	2	1	1	1.0173	1	1.0173	1.0	True	0.84	2.0
3	131100998	G	C	NUDT16	Missense_Mutation	39	19	58	0.3275862068965517	2	1	1	0.78	1	0.78	0.78	False	0.84	2.0
3	132172523	G	A	DNAJC13	Silent	18	12	30	0.4	2	1	1	0.9524	1	0.9524	0.9524	True	0.84	2.0
3	132294659	C	T	ACAD11	Missense_Mutation	18	16	34	0.47058823529411764	2	1	1	1.1204	1	1.1204	1.0	True	0.84	2.0
3	133342989	G	T	TOPBP1	Missense_Mutation	22	21	43	0.4883720930232558	2	1	1	1.1628	1	1.1628	1.0	True	0.84	2.0
3	133661572	G	T	SLCO2A1	Nonsense_Mutation	31	26	57	0.45614035087719296	2	1	1	1.086	1	1.086	1.0	True	0.84	2.0
3	133664099	G	C	SLCO2A1	Nonsense_Mutation	23	11	34	0.3235294117647059	2	1	1	0.7703	1	0.7703	0.7703	False	0.84	2.0
3	140419909	C	T	TRIM42	3'UTR	20	13	33	0.3939393939393939	2	1	1	0.938	1	0.938	0.938	True	0.84	2.0
3	147106079	C	T	ZIC4	3'UTR	20	10	30	0.3333333333333333	2	1	1	0.7937	1	0.7937	0.7937	False	0.84	2.0
3	147121823	C	T	ZIC4	Silent	18	18	36	0.5	2	1	1	1.1905	1	1.1905	1.0	True	0.84	2.0
3	150916599	G	A	GPR171	Missense_Mutation	33	18	51	0.35294117647058826	2	1	1	0.8403	1	0.8403	0.8403	False	0.84	2.0
3	151161083	C	T	IGSF10	Silent	19	12	31	0.3870967741935484	2	1	1	0.9217	1	0.9217	0.9217	True	0.84	2.0
3	151163396	C	G	IGSF10	Missense_Mutation	78	57	135	0.4222222222222222	2	1	1	1.0053	1	1.0053	1.0	True	0.84	2.0
3	151501814	C	T	RP11-454C18.2	Intron	33	18	51	0.35294117647058826	2	1	1	0.8403	1	0.8403	0.8403	False	0.84	2.0
3	152881363	C	T	RAP2B	3'UTR	34	20	54	0.37037037037037035	2	1	1	0.8818	1	0.8818	0.8818	True	0.84	2.0
3	156544666	G	A	LEKR1	5'UTR	65	34	99	0.3434343434343434	2	1	1	0.8177	1	0.8177	0.8177	False	0.84	2.0
3	160156451	G	A	TRIM59	Missense_Mutation	22	14	36	0.3888888888888889	2	1	1	0.9259	1	0.9259	0.9259	True	0.84	2.0
3	164700155	T	A	SI	Missense_Mutation	47	22	69	0.3188405797101449	2	1	1	0.7591	1	0.7591	0.7591	False	0.84	2.0
3	166958617	T	A	ZBBX	Missense_Mutation	25	17	42	0.40476190476190477	2	1	1	0.9637	1	0.9637	0.9637	True	0.84	2.0
3	172016570	C	T	FNDC3B	Missense_Mutation	10	5	15	0.3333333333333333	2	1	1	0.7937	1	0.7937	0.7937	False	0.84	2.0
3	172165378	G	C	GHSR	Intron	27	11	38	0.2894736842105263	2	1	1	0.6892	1	0.6892	0.6892	False	0.84	2.0
3	174000815	G	C	NLGN1	3'UTR	21	16	37	0.43243243243243246	2	1	1	1.0296	1	1.0296	1.0	True	0.84	2.0
3	178916836	C	G	PIK3CA	Missense_Mutation	36	15	51	0.29411764705882354	2	1	1	0.7003	1	0.7003	0.7003	False	0.84	2.0
3	179051197	G	A	ZNF639	Missense_Mutation	16	10	26	0.38461538461538464	2	1	1	0.9158	1	0.9158	0.9158	True	0.84	2.0
3	179305797	G	C	ACTL6A	Nonstop_Mutation	14	9	23	0.391304347826087	2	1	1	0.9317	1	0.9317	0.9317	True	0.84	2.0
3	179618463	C	A	PEX5L	Intron	45	5	50	0.1	2	1	1	0.2381	1	0.2381	0.2381	False	0.84	2.0
3	181430398	G	T	SOX2	Nonsense_Mutation	25	14	39	0.358974358974359	2	1	1	0.8547	1	0.8547	0.8547	True	0.84	2.0
3	183777613	C	G	HTR3C	Intron	32	25	57	0.43859649122807015	2	1	1	1.0443	1	1.0443	1.0	True	0.84	2.0
3	183898925	G	C	AP2M1	Silent	38	17	55	0.3090909090909091	2	1	1	0.7359	1	0.7359	0.7359	False	0.84	2.0
3	183898974	G	A	AP2M1	Missense_Mutation	35	14	49	0.2857142857142857	2	1	1	0.6803	1	0.6803	0.6803	False	0.84	2.0
3	184090124	G	A	THPO	3'UTR	40	28	68	0.4117647058823529	2	1	1	0.9804	1	0.9804	0.9804	True	0.84	2.0
3	184971748	G	A	EHHADH	Silent	16	19	35	0.5428571428571428	2	1	1	1.2925	1	1.2925	1.0	True	0.84	2.0
3	185348582	C	T	SENP2	3'UTR	14	11	25	0.44	2	1	1	1.0476	1	1.0476	1.0	True	0.84	2.0
3	185865087	T	A	DGKG	3'UTR	28	12	40	0.3	2	1	1	0.7143	1	0.7143	0.7143	False	0.84	2.0
3	186965056	C	G	MASP1	Intron	17	10	27	0.37037037037037035	2	1	1	0.8818	1	0.8818	0.8818	True	0.84	2.0
3	191888293	C	T	FGF12	Silent	66	52	118	0.4406779661016949	2	1	1	1.0492	1	1.0492	1.0	True	0.84	2.0
3	195508828	G	A	MUC4	Missense_Mutation	66	30	96	0.3125	2	1	1	0.744	1	0.744	0.744	False	0.84	2.0
3	195509644	G	A	MUC4	Missense_Mutation	159	58	217	0.2672811059907834	2	1	1	0.6364	1	0.6364	0.6364	False	0.84	2.0
3	195511010	G	A	MUC4	Missense_Mutation	254	71	325	0.21846153846153846	2	1	1	0.5201	1	0.5201	0.5201	False	0.84	2.0
3	195511375	G	A	MUC4	Missense_Mutation	314	61	375	0.16266666666666665	2	1	1	0.3873	1	0.3873	0.3873	False	0.84	2.0
3	195511420	G	C	MUC4	Nonsense_Mutation	193	56	249	0.2248995983935743	2	1	1	0.5355	1	0.5355	0.5355	False	0.84	2.0
3	195512126	G	A	MUC4	Missense_Mutation	225	50	275	0.18181818181818182	2	1	1	0.4329	1	0.4329	0.4329	False	0.84	2.0
3	195512719	G	A	MUC4	Missense_Mutation	266	58	324	0.17901234567901234	2	1	1	0.4262	1	0.4262	0.4262	False	0.84	2.0
3	195516941	C	G	MUC4	Missense_Mutation	45	35	80	0.4375	2	1	1	1.0417	1	1.0417	1.0	True	0.84	2.0
3	195517883	C	G	MUC4	Missense_Mutation	87	58	145	0.4	2	1	1	0.9524	1	0.9524	0.9524	True	0.84	2.0
3	196051385	G	A	TM4SF19	Intron	12	5	17	0.29411764705882354	2	1	1	0.7003	1	0.7003	0.7003	False	0.84	2.0
3	197762815	G	A	LMLN	Missense_Mutation	22	12	34	0.35294117647058826	2	1	1	0.8403	1	0.8403	0.8403	False	0.84	2.0
4	983329	C	T	SLC26A1	Missense_Mutation	9	8	17	0.47058823529411764	2	1	1	1.1204	1	1.1204	1.0	True	0.84	2.0
4	1803224	C	T	FGFR3	Silent	9	9	18	0.5	2	1	1	1.1905	1	1.1905	1.0	True	0.84	2.0
4	1902844	G	C	WHSC1	Missense_Mutation	30	11	41	0.2682926829268293	2	1	1	0.6388	1	0.6388	0.6388	False	0.84	2.0
4	2701666	C	A	FAM193A	Missense_Mutation	14	13	27	0.48148148148148145	2	1	1	1.1464	1	1.1464	1.0	True	0.84	2.0
4	2831797	G	A	SH3BP2	Silent	21	18	39	0.46153846153846156	2	1	1	1.0989	1	1.0989	1.0	True	0.84	2.0
4	2886370	C	T	ADD1	Nonsense_Mutation	35	18	53	0.33962264150943394	2	1	1	0.8086	1	0.8086	0.8086	False	0.84	2.0
4	2990493	G	A	GRK4	Missense_Mutation	43	30	73	0.410958904109589	2	1	1	0.9785	1	0.9785	0.9785	True	0.84	2.0
4	3451045	G	A	HGFAC	Missense_Mutation	84	49	133	0.3684210526315789	2	1	1	0.8772	1	0.8772	0.8772	True	0.84	2.0
4	5758045	G	C	EVC	Missense_Mutation	23	13	36	0.3611111111111111	2	1	1	0.8598	1	0.8598	0.8598	True	0.84	2.0
4	6087285	C	T	JAKMIP1	Silent	20	15	35	0.42857142857142855	2	1	1	1.0204	1	1.0204	1.0	True	0.84	2.0
4	6594996	C	T	MAN2B2	Silent	15	16	31	0.5161290322580645	2	1	1	1.2289	1	1.2289	1.0	True	0.84	2.0
4	6611729	G	C	MAN2B2	Missense_Mutation	30	23	53	0.4339622641509434	2	1	1	1.0332	1	1.0332	1.0	True	0.84	2.0
4	6718853	C	T	BLOC1S4	3'UTR	20	10	30	0.3333333333333333	2	1	1	0.7937	1	0.7937	0.7937	False	0.84	2.0
4	6925609	G	A	TBC1D14	Missense_Mutation	28	20	48	0.4166666666666667	2	1	1	0.9921	1	0.9921	0.9921	True	0.84	2.0
4	7043387	C	A	CCDC96	Nonsense_Mutation	34	29	63	0.4603174603174603	2	1	1	1.096	1	1.096	1.0	True	0.84	2.0
4	7043392	C	T	CCDC96	Missense_Mutation	31	30	61	0.4918032786885246	2	1	1	1.171	1	1.171	1.0	True	0.84	2.0
4	7043586	C	T	CCDC96	Silent	11	9	20	0.45	2	1	1	1.0714	1	1.0714	1.0	True	0.84	2.0
4	7045552	C	G	TADA2B	Missense_Mutation	4	5	9	0.5555555555555556	2	1	1	1.3228	1	1.3228	1.0	True	0.84	2.0
4	7705979	G	C	SORCS2	Silent	33	23	56	0.4107142857142857	2	1	1	0.9779	1	0.9779	0.9779	True	0.84	2.0
4	7764947	G	A	AFAP1	3'UTR	19	12	31	0.3870967741935484	2	1	1	0.9217	1	0.9217	0.9217	True	0.84	2.0
4	13462410	C	G	RAB28	Missense_Mutation	20	18	38	0.47368421052631576	2	1	1	1.1278	1	1.1278	1.0	True	0.84	2.0
4	15443963	G	C	C1QTNF7	Missense_Mutation	18	19	37	0.5135135135135135	2	1	1	1.2227	1	1.2227	1.0	True	0.84	2.0
4	20270444	G	A	SLIT2	Missense_Mutation	50	29	79	0.3670886075949367	2	1	1	0.874	1	0.874	0.874	True	0.84	2.0
4	23795016	G	A	PPARGC1A	3'UTR	8	4	12	0.3333333333333333	2	1	1	0.7937	1	0.7937	0.7937	False	0.84	2.0
4	24585975	G	C	DHX15	Silent	20	14	34	0.4117647058823529	2	1	1	0.9804	1	0.9804	0.9804	True	0.84	2.0
4	25930793	G	C	SMIM20	Missense_Mutation	37	23	60	0.38333333333333336	2	1	1	0.9127	1	0.9127	0.9127	True	0.84	2.0
4	40122816	G	C	N4BP2	Missense_Mutation	11	6	17	0.35294117647058826	2	1	1	0.8403	1	0.8403	0.8403	False	0.84	2.0
4	40124802	G	C	N4BP2	Silent	44	33	77	0.42857142857142855	2	1	1	1.0204	1	1.0204	1.0	True	0.84	2.0
4	46263983	C	G	GABRA2	Missense_Mutation	17	12	29	0.41379310344827586	2	1	1	0.9852	1	0.9852	0.9852	True	0.84	2.0
4	47538781	G	A	ATP10D	Missense_Mutation	15	16	31	0.5161290322580645	2	1	1	1.2289	1	1.2289	1.0	True	0.84	2.0
4	48036978	C	T	NIPAL1	Missense_Mutation	38	15	53	0.2830188679245283	2	1	1	0.6739	1	0.6739	0.6739	False	0.84	2.0
4	57237772	G	C	AASDH	Missense_Mutation	9	8	17	0.47058823529411764	2	1	1	1.1204	1	1.1204	1.0	True	0.84	2.0
4	57368127	C	T	SRP72	3'UTR	35	19	54	0.35185185185185186	2	1	1	0.8377	1	0.8377	0.8377	False	0.84	2.0
4	62452984	G	C	LPHN3	Missense_Mutation	12	8	20	0.4	2	1	1	0.9524	1	0.9524	0.9524	True	0.84	2.0
4	62812737	C	A	LPHN3	Missense_Mutation	68	47	115	0.40869565217391307	2	1	1	0.9731	1	0.9731	0.9731	True	0.84	2.0
4	78640321	G	C	CNOT6L	3'UTR	11	8	19	0.42105263157894735	2	1	1	1.0025	1	1.0025	1.0	True	0.84	2.0
4	82125986	G	C	PRKG2	Silent	23	20	43	0.46511627906976744	2	1	1	1.1074	1	1.1074	1.0	True	0.84	2.0
4	83774807	G	A	SEC31A	Silent	24	14	38	0.3684210526315789	2	1	1	0.8772	1	0.8772	0.8772	True	0.84	2.0
4	84358067	G	A	HELQ	Silent	21	10	31	0.3225806451612903	2	1	1	0.768	1	0.768	0.768	False	0.84	2.0
4	84377261	C	T	MRPS18C	Silent	23	18	41	0.43902439024390244	2	1	1	1.0453	1	1.0453	1.0	True	0.84	2.0
4	84509360	C	T	AGPAT9	Intron	92	66	158	0.4177215189873418	2	1	1	0.9946	1	0.9946	0.9946	True	0.84	2.0
4	85614120	G	C	WDFY3	Missense_Mutation	18	14	32	0.4375	2	1	1	1.0417	1	1.0417	1.0	True	0.84	2.0
4	87610155	C	T	PTPN13	Intron	11	13	24	0.5416666666666666	2	1	1	1.2897	1	1.2897	1.0	True	0.84	2.0
4	90170537	G	C	GPRIN3	Missense_Mutation	13	11	24	0.4583333333333333	2	1	1	1.0913	1	1.0913	1.0	True	0.84	2.0
4	100821882	G	A	DNAJB14	3'UTR	37	15	52	0.28846153846153844	2	1	1	0.6868	1	0.6868	0.6868	False	0.84	2.0
4	101344472	G	A	EMCN	Nonsense_Mutation	53	38	91	0.4175824175824176	2	1	1	0.9942	1	0.9942	0.9942	True	0.84	2.0
4	101439198	C	A	EMCN	5'UTR	9	7	16	0.4375	2	1	1	1.0417	1	1.0417	1.0	True	0.84	2.0
4	102014971	G	A	PPP3CA	Silent	27	15	42	0.35714285714285715	2	1	1	0.8503	1	0.8503	0.8503	True	0.84	2.0
4	113356438	C	G	ALPK1	Missense_Mutation	18	13	31	0.41935483870967744	2	1	1	0.9985	1	0.9985	0.9985	True	0.84	2.0
4	114280354	C	T	ANK2	Missense_Mutation	18	17	35	0.4857142857142857	2	1	1	1.1565	1	1.1565	1.0	True	0.84	2.0
4	120192585	C	T	USP53	Nonsense_Mutation	21	4	25	0.16	3	2	1	0.541	1	0.541	0.541	False	0.84	2.0
4	120415655	C	G	PDE5A	3'UTR	11	8	19	0.42105263157894735	2	1	1	1.0025	1	1.0025	1.0	True	0.84	2.0
4	123140590	G	C	KIAA1109	Missense_Mutation	53	29	82	0.35365853658536583	2	1	1	0.842	1	0.842	0.842	False	0.84	2.0
4	123868526	C	T	SPATA5	Missense_Mutation	27	15	42	0.35714285714285715	2	1	1	0.8503	1	0.8503	0.8503	True	0.84	2.0
4	128806882	G	C	PLK4	Missense_Mutation	18	18	36	0.5	2	1	1	1.1905	1	1.1905	1.0	True	0.84	2.0
4	146055462	C	G	OTUD4	3'UTR	28	22	50	0.44	2	1	1	1.0476	1	1.0476	1.0	True	0.84	2.0
4	146055753	C	G	OTUD4	3'UTR	8	4	12	0.3333333333333333	2	1	1	0.7937	1	0.7937	0.7937	False	0.84	2.0
4	151500299	C	G	LRBA	Intron	7	10	17	0.5882352941176471	2	1	1	1.4006	1	1.4006	1.0	True	0.84	2.0
4	151829834	G	T	LRBA	Nonsense_Mutation	20	8	28	0.2857142857142857	2	1	1	0.6803	1	0.6803	0.6803	False	0.84	2.0
4	151829838	G	A	LRBA	Missense_Mutation	20	8	28	0.2857142857142857	2	1	1	0.6803	1	0.6803	0.6803	False	0.84	2.0
4	155505365	C	G	FGA	Missense_Mutation	26	10	36	0.2777777777777778	2	1	1	0.6614	1	0.6614	0.6614	False	0.84	2.0
4	156632396	C	G	GUCY1A3	Missense_Mutation	23	15	38	0.39473684210526316	2	1	1	0.9398	1	0.9398	0.9398	True	0.84	2.0
4	159789475	G	C	FNIP2	Missense_Mutation	19	14	33	0.42424242424242425	2	1	1	1.0101	1	1.0101	1.0	True	0.84	2.0
4	164272147	G	A	NPY5R	Missense_Mutation	43	11	54	0.2037037037037037	2	1	1	0.485	1	0.485	0.485	False	0.84	2.0
4	164393645	G	A	TKTL2	Silent	24	19	43	0.4418604651162791	2	1	1	1.052	1	1.052	1.0	True	0.84	2.0
4	169169377	G	C	DDX60	Missense_Mutation	27	18	45	0.4	2	1	1	0.9524	1	0.9524	0.9524	True	0.84	2.0
4	169197246	C	G	DDX60	Missense_Mutation	20	17	37	0.4594594594594595	2	1	1	1.094	1	1.094	1.0	True	0.84	2.0
4	174242730	G	A	GALNT7	Splice_Site	33	10	43	0.23255813953488372	2	1	1	0.5537	1	0.5537	0.5537	False	0.84	2.0
4	174254097	C	T	HMGB2	Missense_Mutation	34	25	59	0.423728813559322	2	1	1	1.0089	1	1.0089	1.0	True	0.84	2.0
4	174447719	C	T	HAND2	3'UTR	18	6	24	0.25	2	1	1	0.5952	1	0.5952	0.5952	False	0.84	2.0
4	184931890	G	A	STOX2	Silent	15	7	22	0.3181818181818182	2	1	1	0.7576	1	0.7576	0.7576	False	0.84	2.0
4	185012089	G	C	ENPP6	3'UTR	19	6	25	0.24	2	1	1	0.5714	1	0.5714	0.5714	False	0.84	2.0
4	186083910	C	T	KIAA1430	3'UTR	16	15	31	0.4838709677419355	2	1	1	1.1521	1	1.1521	1.0	True	0.84	2.0
4	186284652	G	A	SNX25	3'UTR	30	20	50	0.4	2	1	1	0.9524	1	0.9524	0.9524	True	0.84	2.0
5	182327	C	G	PLEKHG4B	Missense_Mutation	44	14	58	0.2413793103448276	2	1	1	0.5747	1	0.5747	0.5747	False	0.84	2.0
5	271793	C	T	PDCD6	5'UTR	11	3	14	0.21428571428571427	2	1	1	0.5102	1	0.5102	0.5102	False	0.84	2.0
5	633995	C	T	CEP72	Silent	75	28	103	0.27184466019417475	2	1	1	0.6472	1	0.6472	0.6472	False	0.84	2.0
5	635651	G	C	CEP72	Missense_Mutation	51	10	61	0.16393442622950818	2	1	1	0.3903	1	0.3903	0.3903	False	0.84	2.0
5	1076263	A	T	SLC12A7	Missense_Mutation	120	37	157	0.2356687898089172	4	3	1	1.0325	1	1.0325	1.0	True	0.84	2.0
5	1335215	G	C	CLPTM1L	Missense_Mutation	37	4	41	0.0975609756097561	4	3	1	0.4274	1	0.4274	0.4274	False	0.84	2.0
5	5034588	G	A	LINC01020	RNA	81	21	102	0.20588235294117646	4	3	1	0.902	1	0.902	0.902	True	0.84	2.0
5	5222971	G	A	ADAMTS16	Missense_Mutation	44	12	56	0.21428571428571427	4	3	1	0.9388	1	0.9388	0.9388	True	0.84	2.0
5	6749688	C	G	PAPD7	Missense_Mutation	66	13	79	0.16455696202531644	4	3	1	0.7209	1	0.7209	0.7209	False	0.84	2.0
5	10377945	G	C	MARCH6	Missense_Mutation	87	14	101	0.13861386138613863	4	3	1	0.6073	1	0.6073	0.6073	False	0.84	2.0
5	14462916	C	T	TRIO	Missense_Mutation	65	31	96	0.3229166666666667	4	3	1	1.4147	1	1.4147	1.0	True	0.84	2.0
5	14507291	G	C	TRIO	Missense_Mutation	48	18	66	0.2727272727272727	4	3	1	1.1948	1	1.1948	1.0	True	0.84	2.0
5	14601467	C	T	FAM105A	Silent	36	5	41	0.12195121951219512	4	3	1	0.5343	1	0.5343	0.5343	False	0.84	2.0
5	16761604	C	T	MYO10	Missense_Mutation	53	11	64	0.171875	4	3	1	0.753	1	0.753	0.753	False	0.84	2.0
5	22078958	C	T	CDH12	5'UTR	54	16	70	0.22857142857142856	4	3	1	1.0014	1	1.0014	1.0	True	0.84	2.0
5	23510065	G	A	PRDM9	Missense_Mutation	72	19	91	0.2087912087912088	4	3	1	0.9147	1	0.9147	0.9147	True	0.84	2.0
5	31552926	C	G	C5orf22	Missense_Mutation	77	27	104	0.25961538461538464	4	3	1	1.1374	1	1.1374	1.0	True	0.84	2.0
5	32089706	G	C	PDZD2	Missense_Mutation	14	6	20	0.3	4	3	1	1.3143	1	1.3143	1.0	True	0.84	2.0
5	33616118	C	T	ADAMTS12	Missense_Mutation	48	14	62	0.22580645161290322	4	3	1	0.9892	1	0.9892	0.9892	True	0.84	2.0
5	34688287	C	T	RAI14	5'UTR	74	27	101	0.26732673267326734	4	3	1	1.1711	1	1.1711	1.0	True	0.84	2.0
5	35618062	C	G	SPEF2	5'UTR	109	16	125	0.128	4	3	1	0.5608	1	0.5608	0.5608	False	0.84	2.0
5	36265092	G	C	RANBP3L	Missense_Mutation	144	38	182	0.2087912087912088	4	3	1	0.9147	1	0.9147	0.9147	True	0.84	2.0
5	36877274	C	T	NIPBL	5'UTR	20	5	25	0.2	4	3	1	0.8762	1	0.8762	0.8762	True	0.84	2.0
5	37057354	G	A	NIPBL	Missense_Mutation	121	32	153	0.20915032679738563	4	3	1	0.9163	1	0.9163	0.9163	True	0.84	2.0
5	37138831	C	T	C5orf42	Missense_Mutation	59	19	78	0.24358974358974358	4	3	1	1.0672	1	1.0672	1.0	True	0.84	2.0
5	40681722	G	A	PTGER4	Silent	19	4	23	0.17391304347826086	4	3	1	0.7619	1	0.7619	0.7619	False	0.84	2.0
5	40681917	C	T	PTGER4	Silent	28	5	33	0.15151515151515152	4	3	1	0.6638	1	0.6638	0.6638	False	0.84	2.0
5	41038900	G	C	MROH2B	Missense_Mutation	97	30	127	0.23622047244094488	4	3	1	1.0349	1	1.0349	1.0	True	0.84	2.0
5	41045946	C	G	MROH2B	Missense_Mutation	112	31	143	0.21678321678321677	4	3	1	0.9497	1	0.9497	0.9497	True	0.84	2.0
5	41311947	C	G	PLCXD3	3'UTR	25	5	30	0.16666666666666666	4	3	1	0.7302	1	0.7302	0.7302	False	0.84	2.0
5	42718888	G	C	GHR	Missense_Mutation	84	17	101	0.16831683168316833	4	3	1	0.7374	1	0.7374	0.7374	False	0.84	2.0
5	43609256	C	T	NNT	5'UTR	107	34	141	0.24113475177304963	4	3	1	1.0564	1	1.0564	1.0	True	0.84	2.0
5	45260981	G	A	HCN1	3'UTR	82	21	103	0.20388349514563106	4	3	1	0.8932	1	0.8932	0.8932	True	0.84	2.0
5	49694703	G	C	EMB	3'UTR	12	12	24	0.5	2	1	1	1.1905	1	1.1905	1.0	True	0.84	2.0
5	54618187	C	G	SKIV2L2	Nonsense_Mutation	38	22	60	0.36666666666666664	2	1	1	0.873	1	0.873	0.873	True	0.84	2.0
5	56212639	C	T	SETD9	Intron	77	53	130	0.4076923076923077	2	1	1	0.9707	1	0.9707	0.9707	True	0.84	2.0
5	61694524	C	A	DIMT1	Silent	12	11	23	0.4782608695652174	2	1	1	1.1387	1	1.1387	1.0	True	0.84	2.0
5	61694532	C	T	DIMT1	Missense_Mutation	12	12	24	0.5	2	1	1	1.1905	1	1.1905	1.0	True	0.84	2.0
5	61822025	G	A	IPO11	Silent	17	11	28	0.39285714285714285	2	1	1	0.9354	1	0.9354	0.9354	True	0.84	2.0
5	65370955	G	C	ERBB2IP	Missense_Mutation	20	12	32	0.375	2	1	1	0.8929	1	0.8929	0.8929	True	0.84	2.0
5	65458257	C	A	SREK1	Missense_Mutation	27	17	44	0.38636363636363635	2	1	1	0.9199	1	0.9199	0.9199	True	0.84	2.0
5	70805710	G	A	BDP1	Missense_Mutation	17	11	28	0.39285714285714285	2	1	1	0.9354	1	0.9354	0.9354	True	0.84	2.0
5	70806877	G	C	BDP1	Missense_Mutation	4	9	13	0.6923076923076923	2	1	1	1.6484	1	1.6484	1.0	True	0.84	2.0
5	71411577	C	G	MAP1B	Silent	40	31	71	0.43661971830985913	2	1	1	1.0396	1	1.0396	1.0	True	0.84	2.0
5	71494380	C	G	MAP1B	Missense_Mutation	25	20	45	0.4444444444444444	2	1	1	1.0582	1	1.0582	1.0	True	0.84	2.0
5	74655364	C	T	HMGCR	Nonsense_Mutation	27	14	41	0.34146341463414637	2	1	1	0.813	1	0.813	0.813	False	0.84	2.0
5	74657655	C	G	HMGCR	3'UTR	39	30	69	0.43478260869565216	2	1	1	1.0352	1	1.0352	1.0	True	0.84	2.0
5	75621353	G	A	SV2C	Missense_Mutation	59	18	77	0.23376623376623376	2	1	1	0.5566	1	0.5566	0.5566	False	0.84	2.0
5	75896663	G	C	IQGAP2	Missense_Mutation	65	34	99	0.3434343434343434	2	1	1	0.8177	1	0.8177	0.8177	False	0.84	2.0
5	76331488	G	C	AGGF1	Missense_Mutation	30	12	42	0.2857142857142857	2	1	1	0.6803	1	0.6803	0.6803	False	0.84	2.0
5	79465309	G	A	SERINC5	Silent	27	17	44	0.38636363636363635	2	1	1	0.9199	1	0.9199	0.9199	True	0.84	2.0
5	79465312	G	A	SERINC5	Silent	29	18	47	0.3829787234042553	2	1	1	0.9119	1	0.9119	0.9119	True	0.84	2.0
5	82834631	G	A	VCAN	Missense_Mutation	27	10	37	0.2702702702702703	2	1	1	0.6435	1	0.6435	0.6435	False	0.84	2.0
5	83238701	C	T	EDIL3	3'UTR	12	10	22	0.45454545454545453	2	1	1	1.0823	1	1.0823	1.0	True	0.84	2.0
5	90079012	G	A	GPR98	Missense_Mutation	54	27	81	0.3333333333333333	2	1	1	0.7937	1	0.7937	0.7937	False	0.84	2.0
5	93077198	C	T	POU5F2	Silent	6	5	11	0.45454545454545453	2	1	1	1.0823	1	1.0823	1.0	True	0.84	2.0
5	94006606	G	C	ANKRD32	Missense_Mutation	19	17	36	0.4722222222222222	2	1	1	1.1243	1	1.1243	1.0	True	0.84	2.0
5	95128826	C	T	RHOBTB3	Missense_Mutation	37	21	58	0.3620689655172414	2	1	1	0.8621	1	0.8621	0.8621	True	0.84	2.0
5	96350789	C	G	LNPEP	Nonsense_Mutation	70	41	111	0.36936936936936937	2	1	1	0.8795	1	0.8795	0.8795	True	0.84	2.0
5	96506914	C	G	RIOK2	Missense_Mutation	23	16	39	0.41025641025641024	2	1	1	0.9768	1	0.9768	0.9768	True	0.84	2.0
5	98204255	C	T	CHD1	Missense_Mutation	37	20	57	0.3508771929824561	2	1	1	0.8354	1	0.8354	0.8354	False	0.84	2.0
5	100144051	C	T	ST8SIA4	3'UTR	24	22	46	0.4782608695652174	2	1	1	1.1387	1	1.1387	1.0	True	0.84	2.0
5	112174700	G	A	APC	Missense_Mutation	11	7	18	0.3888888888888889	2	1	1	0.9259	1	0.9259	0.9259	True	0.84	2.0
5	114598462	G	A	PGGT1B	Silent	26	16	42	0.38095238095238093	2	1	1	0.907	1	0.907	0.907	True	0.84	2.0
5	114611699	C	G	CCDC112	Missense_Mutation	28	17	45	0.37777777777777777	2	1	1	0.8995	1	0.8995	0.8995	True	0.84	2.0
5	118811536	C	T	HSD17B4	Missense_Mutation	148	88	236	0.3728813559322034	2	1	1	0.8878	1	0.8878	0.8878	True	0.84	2.0
5	122909098	C	G	CSNK1G3	Missense_Mutation	43	34	77	0.44155844155844154	2	1	1	1.0513	1	1.0513	1.0	True	0.84	2.0
5	127704923	C	G	FBN2	Missense_Mutation	15	13	28	0.4642857142857143	2	1	1	1.1054	1	1.1054	1.0	True	0.84	2.0
5	130883862	C	T	RAPGEF6	Missense_Mutation	52	23	75	0.30666666666666664	2	1	1	0.7302	1	0.7302	0.7302	False	0.84	2.0
5	132534588	C	G	FSTL4	3'UTR	11	8	19	0.42105263157894735	2	1	1	1.0025	1	1.0025	1.0	True	0.84	2.0
5	133304379	G	T	C5orf15	5'UTR	22	6	28	0.21428571428571427	2	1	1	0.5102	1	0.5102	0.5102	False	0.84	2.0
5	133644410	G	A	CDKL3	Missense_Mutation	26	12	38	0.3157894736842105	2	1	1	0.7519	1	0.7519	0.7519	False	0.84	2.0
5	133914845	G	C	JADE2	Missense_Mutation	18	13	31	0.41935483870967744	2	1	1	0.9985	1	0.9985	0.9985	True	0.84	2.0
5	134143547	G	C	DDX46	Silent	40	28	68	0.4117647058823529	2	1	1	0.9804	1	0.9804	0.9804	True	0.84	2.0
5	135489845	G	C	SMAD5	Missense_Mutation	35	18	53	0.33962264150943394	2	1	1	0.8086	1	0.8086	0.8086	False	0.84	2.0
5	137504212	G	C	BRD8	Intron	16	12	28	0.42857142857142855	2	1	1	1.0204	1	1.0204	1.0	True	0.84	2.0
5	137520288	G	C	KIF20A	Missense_Mutation	30	24	54	0.4444444444444444	2	1	1	1.0582	1	1.0582	1.0	True	0.84	2.0
5	137762663	G	C	KDM3B	Splice_Site	24	16	40	0.4	2	1	1	0.9524	1	0.9524	0.9524	True	0.84	2.0
5	137762890	G	C	KDM3B	Silent	36	28	64	0.4375	2	1	1	1.0417	1	1.0417	1.0	True	0.84	2.0
5	137878453	C	T	ETF1	Intron	4	7	11	0.6363636363636364	2	1	1	1.5152	1	1.5152	1.0	True	0.84	2.0
5	138282845	C	G	SIL1	Silent	53	31	84	0.36904761904761907	2	1	1	0.8787	1	0.8787	0.8787	True	0.84	2.0
5	138665871	C	G	MATR3	3'UTR	37	35	72	0.4861111111111111	2	1	1	1.1574	1	1.1574	1.0	True	0.84	2.0
5	138715720	G	A	SLC23A1	Silent	15	12	27	0.4444444444444444	2	1	1	1.0582	1	1.0582	1.0	True	0.84	2.0
5	138749836	C	G	DNAJC18	3'UTR	21	22	43	0.5116279069767442	2	1	1	1.2182	1	1.2182	1.0	True	0.84	2.0
5	138749919	C	T	DNAJC18	Missense_Mutation	30	17	47	0.3617021276595745	2	1	1	0.8612	1	0.8612	0.8612	True	0.84	2.0
5	140012858	G	A	CD14	5'UTR	6	3	9	0.3333333333333333	2	1	1	0.7937	1	0.7937	0.7937	False	0.84	2.0
5	140023709	C	G	TMCO6	Missense_Mutation	76	40	116	0.3448275862068966	2	1	1	0.821	1	0.821	0.821	False	0.84	2.0
5	140034263	C	T	IK	Intron	24	22	46	0.4782608695652174	2	1	1	1.1387	1	1.1387	1.0	True	0.84	2.0
5	140038676	G	A	IK	Missense_Mutation	28	13	41	0.3170731707317073	2	1	1	0.7549	1	0.7549	0.7549	False	0.84	2.0
5	140232662	C	A	PCDHA9	Intron	15	10	25	0.4	2	1	1	0.9524	1	0.9524	0.9524	True	0.84	2.0
5	140237263	C	T	PCDHA10	Silent	86	78	164	0.47560975609756095	2	1	1	1.1324	1	1.1324	1.0	True	0.84	2.0
5	140480724	G	C	PCDHB3	Missense_Mutation	23	14	37	0.3783783783783784	2	1	1	0.9009	1	0.9009	0.9009	True	0.84	2.0
5	140574598	C	G	PCDHB10	3'UTR	19	9	28	0.32142857142857145	2	1	1	0.7653	1	0.7653	0.7653	False	0.84	2.0
5	140731835	G	C	PCDHGB1	Missense_Mutation	45	28	73	0.3835616438356164	2	1	1	0.9132	1	0.9132	0.9132	True	0.84	2.0
5	140746301	G	C	PCDHGA5	Missense_Mutation	33	23	56	0.4107142857142857	2	1	1	0.9779	1	0.9779	0.9779	True	0.84	2.0
5	140806773	G	A	PCDHGB6	Intron	34	21	55	0.38181818181818183	2	1	1	0.9091	1	0.9091	0.9091	True	0.84	2.0
5	141001051	C	T	HDAC3	Missense_Mutation	27	16	43	0.37209302325581395	2	1	1	0.8859	1	0.8859	0.8859	True	0.84	2.0
5	141024446	C	T	FCHSD1	Missense_Mutation	14	12	26	0.46153846153846156	2	1	1	1.0989	1	1.0989	1.0	True	0.84	2.0
5	141363115	G	C	RNF14	Missense_Mutation	24	10	34	0.29411764705882354	2	1	1	0.7003	1	0.7003	0.7003	False	0.84	2.0
5	145895133	C	T	GPR151	Missense_Mutation	29	24	53	0.4528301886792453	2	1	1	1.0782	1	1.0782	1.0	True	0.84	2.0
5	147807033	G	A	FBXO38	Missense_Mutation	16	9	25	0.36	2	1	1	0.8571	1	0.8571	0.8571	True	0.84	2.0
5	148207390	C	T	ADRB2	Silent	35	21	56	0.375	2	1	1	0.8929	1	0.8929	0.8929	True	0.84	2.0
5	149450125	G	T	CSF1R	Missense_Mutation	33	32	65	0.49230769230769234	2	1	1	1.1722	1	1.1722	1.0	True	0.84	2.0
5	149767590	G	C	TCOF1	Missense_Mutation	15	20	35	0.5714285714285714	2	1	1	1.3605	1	1.3605	1.0	True	0.84	2.0
5	149767615	G	A	TCOF1	Missense_Mutation	16	10	26	0.38461538461538464	2	1	1	0.9158	1	0.9158	0.9158	True	0.84	2.0
5	149769569	G	A	TCOF1	Missense_Mutation	22	17	39	0.4358974358974359	2	1	1	1.0379	1	1.0379	1.0	True	0.84	2.0
5	150029366	C	T	SYNPO	Missense_Mutation	17	13	30	0.43333333333333335	2	1	1	1.0317	1	1.0317	1.0	True	0.84	2.0
5	150931047	G	A	FAT2	Missense_Mutation	31	20	51	0.39215686274509803	2	1	1	0.9337	1	0.9337	0.9337	True	0.84	2.0
5	152870408	G	A	GRIA1	5'Flank	18	11	29	0.3793103448275862	2	1	1	0.9031	1	0.9031	0.9031	True	0.84	2.0
5	153432736	C	G	MFAP3	Missense_Mutation	31	20	51	0.39215686274509803	2	1	1	0.9337	1	0.9337	0.9337	True	0.84	2.0
5	153433097	C	G	MFAP3	Missense_Mutation	19	14	33	0.42424242424242425	2	1	1	1.0101	1	1.0101	1.0	True	0.84	2.0
5	154280963	G	A	GEMIN5	Missense_Mutation	11	6	17	0.35294117647058826	2	1	1	0.8403	1	0.8403	0.8403	False	0.84	2.0
5	159842242	C	T	SLU7	Missense_Mutation	47	34	81	0.41975308641975306	2	1	1	0.9994	1	0.9994	0.9994	True	0.84	2.0
5	168620515	C	T	SLIT3	Silent	33	22	55	0.4	2	1	1	0.9524	1	0.9524	0.9524	True	0.84	2.0
5	169028292	G	A	SPDL1	Missense_Mutation	59	38	97	0.3917525773195876	2	1	1	0.9327	1	0.9327	0.9327	True	0.84	2.0
5	169496194	G	A	DOCK2	Silent	13	5	18	0.2777777777777778	2	1	1	0.6614	1	0.6614	0.6614	False	0.84	2.0
5	172518197	C	G	CREBRF	Missense_Mutation	31	17	48	0.3541666666666667	2	1	1	0.8433	1	0.8433	0.8433	False	0.84	2.0
5	174157840	C	T	MSX2	3'UTR	28	16	44	0.36363636363636365	2	1	1	0.8658	1	0.8658	0.8658	True	0.84	2.0
5	175819725	C	G	CLTB	3'UTR	11	16	27	0.5925925925925926	2	1	1	1.4109	1	1.4109	1.0	True	0.84	2.0
5	176830339	G	A	F12	Nonsense_Mutation	16	20	36	0.5555555555555556	2	1	1	1.3228	1	1.3228	1.0	True	0.84	2.0
5	176830384	G	A	F12	Nonsense_Mutation	21	17	38	0.4473684210526316	2	1	1	1.0652	1	1.0652	1.0	True	0.84	2.0
5	177570673	G	C	RMND5B	Missense_Mutation	32	21	53	0.39622641509433965	2	1	1	0.9434	1	0.9434	0.9434	True	0.84	2.0
5	177665242	G	C	COL23A1	3'UTR	39	29	68	0.4264705882352941	2	1	1	1.0154	1	1.0154	1.0	True	0.84	2.0
5	177665341	G	T	COL23A1	3'UTR	23	9	32	0.28125	2	1	1	0.6696	1	0.6696	0.6696	False	0.84	2.0
5	178391810	C	G	ZNF454	Missense_Mutation	17	18	35	0.5142857142857142	2	1	1	1.2245	1	1.2245	1.0	True	0.84	2.0
6	351051	T	A	DUSP22	3'UTR	13	3	16	0.1875	2	1	1	0.4464	1	0.4464	0.4464	False	0.84	2.0
6	7559466	C	G	DSP	Missense_Mutation	16	15	31	0.4838709677419355	2	1	1	1.1521	1	1.1521	1.0	True	0.84	2.0
6	7886214	G	A	TXNDC5	Silent	12	76	88	0.8636363636363636	2	1	1	2.0563	1	2.0563	1.0	True	0.84	2.0
6	8097678	T	C	EEF1E1	Missense_Mutation	25	18	43	0.4186046511627907	2	1	1	0.9967	1	0.9967	0.9967	True	0.84	2.0
6	10557320	C	T	GCNT2	Intron	26	11	37	0.2972972972972973	2	1	1	0.7079	1	0.7079	0.7079	False	0.84	2.0
6	10763241	C	G	MAK	3'UTR	7	53	60	0.8833333333333333	2	1	1	2.1032	1	2.1032	1.0	True	0.84	2.0
6	13979756	G	C	RNF182	3'UTR	44	26	70	0.37142857142857144	2	1	1	0.8844	1	0.8844	0.8844	True	0.84	2.0
6	16303360	C	G	ATXN1	3'UTR	8	27	35	0.7714285714285715	2	1	1	1.8367	1	1.8367	1.0	True	0.84	2.0
6	18215304	G	A	KDM1B	Missense_Mutation	22	13	35	0.37142857142857144	2	1	1	0.8844	1	0.8844	0.8844	True	0.84	2.0
6	20480156	G	A	E2F3	Missense_Mutation	28	24	52	0.46153846153846156	2	1	1	1.0989	1	1.0989	1.0	True	0.84	2.0
6	21597136	G	T	SOX4	3'UTR	10	15	25	0.6	2	1	1	1.4286	1	1.4286	1.0	True	0.84	2.0
6	21597141	G	T	SOX4	3'UTR	10	12	22	0.5454545454545454	2	1	1	1.2987	1	1.2987	1.0	True	0.84	2.0
6	24289099	G	A	DCDC2	Missense_Mutation	19	17	36	0.4722222222222222	2	1	1	1.1243	1	1.1243	1.0	True	0.84	2.0
6	24873921	G	A	FAM65B	Nonsense_Mutation	29	19	48	0.3958333333333333	2	1	1	0.9425	1	0.9425	0.9425	True	0.84	2.0
6	25097387	G	A	CMAHP	RNA	69	58	127	0.4566929133858268	2	1	1	1.0874	1	1.0874	1.0	True	0.84	2.0
6	26027476	G	A	HIST1H4B	Missense_Mutation	3	20	23	0.8695652173913043	2	1	1	2.0704	1	2.0704	1.0	True	0.84	2.0
6	26247065	G	A	HIST1H4G	Silent	6	29	35	0.8285714285714286	2	1	1	1.9728	1	1.9728	1.0	True	0.84	2.0
6	27833221	G	C	HIST1H2AL	Missense_Mutation	43	27	70	0.38571428571428573	2	1	1	0.9184	1	0.9184	0.9184	True	0.84	2.0
6	28120986	G	C	ZKSCAN8	Missense_Mutation	43	23	66	0.3484848484848485	2	1	1	0.8297	1	0.8297	0.8297	False	0.84	2.0
6	29640768	G	A	ZFP57	Missense_Mutation	24	25	49	0.5102040816326531	2	1	1	1.2148	1	1.2148	1.0	True	0.84	2.0
6	30638915	C	A	DHX16	Missense_Mutation	8	69	77	0.8961038961038961	2	1	1	2.1336	1	2.1336	1.0	True	0.84	2.0
6	30668189	C	G	MDC1	3'UTR	13	19	32	0.59375	2	1	1	1.4137	1	1.4137	1.0	True	0.84	2.0
6	30681692	G	C	MDC1	Silent	26	13	39	0.3333333333333333	2	1	1	0.7937	1	0.7937	0.7937	False	0.84	2.0
6	30917085	C	G	DPCR1	Missense_Mutation	26	7	33	0.21212121212121213	2	1	1	0.5051	1	0.5051	0.5051	False	0.84	2.0
6	31323001	C	T	HLA-B	Splice_Site	15	67	82	0.8170731707317073	2	1	1	1.9454	1	1.9454	1.0	True	0.84	2.0
6	31540806	C	T	LTA	Silent	4	35	39	0.8974358974358975	2	1	1	2.1368	1	2.1368	1.0	True	0.84	2.0
6	31675808	C	T	LY6G6F	Silent	32	20	52	0.38461538461538464	2	1	1	0.9158	1	0.9158	0.9158	True	0.84	2.0
6	31842781	G	A	SLC44A4	Silent	32	19	51	0.37254901960784315	2	1	1	0.887	1	0.887	0.887	True	0.84	2.0
6	31848581	G	A	EHMT2	Silent	10	6	16	0.375	2	1	1	0.8929	1	0.8929	0.8929	True	0.84	2.0
6	32148988	C	G	AGER	Missense_Mutation	32	15	47	0.3191489361702128	2	1	1	0.7599	1	0.7599	0.7599	False	0.84	2.0
6	32149006	C	T	AGER	Missense_Mutation	32	12	44	0.2727272727272727	2	1	1	0.6494	1	0.6494	0.6494	False	0.84	2.0
6	33171909	C	G	SLC39A7	3'UTR	43	30	73	0.410958904109589	2	1	1	0.9785	1	0.9785	0.9785	True	0.84	2.0
6	33173928	G	A	HSD17B8	Silent	18	15	33	0.45454545454545453	2	1	1	1.0823	1	1.0823	1.0	True	0.84	2.0
6	33218546	G	T	VPS52	3'UTR	26	9	35	0.2571428571428571	2	1	1	0.6122	1	0.6122	0.6122	False	0.84	2.0
6	33368141	C	T	KIFC1	Intron	31	21	52	0.40384615384615385	2	1	1	0.9615	1	0.9615	0.9615	True	0.84	2.0
6	33368154	C	T	KIFC1	Intron	30	19	49	0.3877551020408163	2	1	1	0.9232	1	0.9232	0.9232	True	0.84	2.0
6	33385937	G	A	CUTA	Missense_Mutation	28	21	49	0.42857142857142855	2	1	1	1.0204	1	1.0204	1.0	True	0.84	2.0
6	35021879	G	T	ANKS1A	Nonsense_Mutation	56	27	83	0.3253012048192771	2	1	1	0.7745	1	0.7745	0.7745	False	0.84	2.0
6	35208231	C	T	SCUBE3	Missense_Mutation	35	24	59	0.4067796610169492	2	1	1	0.9685	1	0.9685	0.9685	True	0.84	2.0
6	35210024	C	G	SCUBE3	Missense_Mutation	23	19	42	0.4523809523809524	2	1	1	1.0771	1	1.0771	1.0	True	0.84	2.0
6	35378855	G	C	PPARD	5'UTR	23	25	48	0.5208333333333334	2	1	1	1.2401	1	1.2401	1.0	True	0.84	2.0
6	35806520	G	A	SRPK1	Intron	23	17	40	0.425	2	1	1	1.0119	1	1.0119	1.0	True	0.84	2.0
6	36993679	G	C	FGD2	Missense_Mutation	28	19	47	0.40425531914893614	2	1	1	0.9625	1	0.9625	0.9625	True	0.84	2.0
6	37141960	C	T	PIM1	3'UTR	18	13	31	0.41935483870967744	2	1	1	0.9985	1	0.9985	0.9985	True	0.84	2.0
6	38794087	G	A	DNAH8	Missense_Mutation	44	20	64	0.3125	2	1	1	0.744	1	0.744	0.744	False	0.84	2.0
6	38897371	C	G	DNAH8	Missense_Mutation	24	16	40	0.4	2	1	1	0.9524	1	0.9524	0.9524	True	0.84	2.0
6	39282796	C	T	KCNK16	3'UTR	55	32	87	0.367816091954023	2	1	1	0.8758	1	0.8758	0.8758	True	0.84	2.0
6	41040816	G	C	NFYA	5'UTR	56	41	97	0.422680412371134	2	1	1	1.0064	1	1.0064	1.0	True	0.84	2.0
6	41739016	C	A	FRS3	Nonsense_Mutation	42	25	67	0.373134328358209	2	1	1	0.8884	1	0.8884	0.8884	True	0.84	2.0
6	41889361	G	A	BYSL	Missense_Mutation	5	9	14	0.6428571428571429	2	1	1	1.5306	1	1.5306	1.0	True	0.84	2.0
6	42141390	G	A	GUCA1A	Silent	25	18	43	0.4186046511627907	2	1	1	0.9967	1	0.9967	0.9967	True	0.84	2.0
6	42600322	G	A	UBR2	Missense_Mutation	34	27	61	0.4426229508196721	2	1	1	1.0539	1	1.0539	1.0	True	0.84	2.0
6	42600337	G	A	UBR2	Silent	31	20	51	0.39215686274509803	2	1	1	0.9337	1	0.9337	0.9337	True	0.84	2.0
6	42672348	G	C	PRPH2	Missense_Mutation	49	27	76	0.35526315789473684	2	1	1	0.8459	1	0.8459	0.8459	False	0.84	2.0
6	42823607	C	T	GLTSCR1L	Missense_Mutation	14	25	39	0.6410256410256411	2	1	1	1.5263	1	1.5263	1.0	True	0.84	2.0
6	43323475	C	T	ZNF318	Missense_Mutation	17	19	36	0.5277777777777778	2	1	1	1.2566	1	1.2566	1.0	True	0.84	2.0
6	43325332	G	A	ZNF318	Silent	41	32	73	0.4383561643835616	2	1	1	1.0437	1	1.0437	1.0	True	0.84	2.0
6	44201202	C	T	SLC29A1	Silent	42	24	66	0.36363636363636365	2	1	1	0.8658	1	0.8658	0.8658	True	0.84	2.0
6	46657383	G	T	TDRD6	Missense_Mutation	63	42	105	0.4	2	1	1	0.9524	1	0.9524	0.9524	True	0.84	2.0
6	46827113	G	T	GPR116	Missense_Mutation	63	37	100	0.37	2	1	1	0.881	1	0.881	0.881	True	0.84	2.0
6	52770548	C	T	GSTA3	Missense_Mutation	29	9	38	0.23684210526315788	2	1	1	0.5639	1	0.5639	0.5639	False	0.84	2.0
6	53788797	C	T	LRRC1	3'UTR	44	26	70	0.37142857142857144	2	1	1	0.8844	1	0.8844	0.8844	True	0.84	2.0
6	56471763	C	G	DST	Intron	32	18	50	0.36	2	1	1	0.8571	1	0.8571	0.8571	True	0.84	2.0
6	66205254	G	A	EYS	Missense_Mutation	16	11	27	0.4074074074074074	2	1	1	0.97	1	0.97	0.97	True	0.84	2.0
6	69728301	G	C	BAI3	Missense_Mutation	34	27	61	0.4426229508196721	2	1	1	1.0539	1	1.0539	1.0	True	0.84	2.0
6	71298438	C	G	C6orf57	3'UTR	30	14	44	0.3181818181818182	2	1	1	0.7576	1	0.7576	0.7576	False	0.84	2.0
6	72678707	G	A	RIMS1	Silent	30	18	48	0.375	2	1	1	0.8929	1	0.8929	0.8929	True	0.84	2.0
6	74135179	G	A	MB21D1	Missense_Mutation	26	10	36	0.2777777777777778	2	1	1	0.6614	1	0.6614	0.6614	False	0.84	2.0
6	74161536	C	T	MB21D1	Silent	11	14	25	0.56	2	1	1	1.3333	1	1.3333	1.0	True	0.84	2.0
6	74519827	C	T	CD109	Missense_Mutation	15	11	26	0.4230769230769231	2	1	1	1.0073	1	1.0073	1.0	True	0.84	2.0
6	78173093	G	A	HTR1B	Missense_Mutation	25	13	38	0.34210526315789475	2	1	1	0.8145	1	0.8145	0.8145	False	0.84	2.0
6	82906017	C	T	IBTK	Missense_Mutation	22	16	38	0.42105263157894735	2	1	1	1.0025	1	1.0025	1.0	True	0.84	2.0
6	84235110	G	C	PRSS35	3'UTR	18	15	33	0.45454545454545453	2	1	1	1.0823	1	1.0823	1.0	True	0.84	2.0
6	84884571	C	G	KIAA1009	Missense_Mutation	45	32	77	0.4155844155844156	2	1	1	0.9895	1	0.9895	0.9895	True	0.84	2.0
6	88304309	G	C	ORC3	Intron	10	3	13	0.23076923076923078	2	1	1	0.5495	1	0.5495	0.5495	False	0.84	2.0
6	89808380	C	T	SRSF12	Missense_Mutation	39	32	71	0.4507042253521127	2	1	1	1.0731	1	1.0731	1.0	True	0.84	2.0
6	89974134	C	T	GABRR2	Silent	32	27	59	0.4576271186440678	2	1	1	1.0896	1	1.0896	1.0	True	0.84	2.0
6	90424429	C	T	MDN1	Missense_Mutation	24	11	35	0.3142857142857143	2	1	1	0.7483	1	0.7483	0.7483	False	0.84	2.0
6	90577846	G	A	CASP8AP2	RNA	11	12	23	0.5217391304347826	2	1	1	1.2422	1	1.2422	1.0	True	0.84	2.0
6	90718551	C	T	BACH2	Missense_Mutation	17	14	31	0.45161290322580644	2	1	1	1.0753	1	1.0753	1.0	True	0.84	2.0
6	93951958	C	G	EPHA7	3'UTR	10	9	19	0.47368421052631576	2	1	1	1.1278	1	1.1278	1.0	True	0.84	2.0
6	96658417	C	G	FUT9	3'UTR	16	6	22	0.2727272727272727	2	1	1	0.6494	1	0.6494	0.6494	False	0.84	2.0
6	109274451	C	A	ARMC2	Silent	17	16	33	0.48484848484848486	2	1	1	1.1544	1	1.1544	1.0	True	0.84	2.0
6	110087939	G	C	FIG4	Missense_Mutation	45	25	70	0.35714285714285715	2	1	1	0.8503	1	0.8503	0.8503	True	0.84	2.0
6	110423276	G	C	WASF1	Nonsense_Mutation	29	18	47	0.3829787234042553	2	1	1	0.9119	1	0.9119	0.9119	True	0.84	2.0
6	110759974	G	A	SLC22A16	Silent	30	12	42	0.2857142857142857	2	1	1	0.6803	1	0.6803	0.6803	False	0.84	2.0
6	111983016	C	T	FYN	Missense_Mutation	39	20	59	0.3389830508474576	2	1	1	0.8071	1	0.8071	0.8071	False	0.84	2.0
6	112462006	C	T	LAMA4	Missense_Mutation	19	8	27	0.2962962962962963	2	1	1	0.7055	1	0.7055	0.7055	False	0.84	2.0
6	116575098	G	C	TSPYL4	Nonsense_Mutation	23	14	37	0.3783783783783784	2	1	1	0.9009	1	0.9009	0.9009	True	0.84	2.0
6	116754694	C	T	DSE	Silent	29	14	43	0.32558139534883723	2	1	1	0.7752	1	0.7752	0.7752	False	0.84	2.0
6	117086414	C	G	FAM162B	Missense_Mutation	20	18	38	0.47368421052631576	2	1	1	1.1278	1	1.1278	1.0	True	0.84	2.0
6	118881379	G	A	PLN	3'UTR	5	8	13	0.6153846153846154	2	1	1	1.4652	1	1.4652	1.0	True	0.84	2.0
6	119525929	C	T	MAN1A1	Missense_Mutation	22	22	44	0.5	2	1	1	1.1905	1	1.1905	1.0	True	0.84	2.0
6	123130433	T	C	SMPDL3A	Silent	32	17	49	0.3469387755102041	2	1	1	0.826	1	0.826	0.826	False	0.84	2.0
6	130763381	G	A	TMEM200A	3'UTR	32	18	50	0.36	2	1	1	0.8571	1	0.8571	0.8571	True	0.84	2.0
6	131923425	G	A	MED23	Silent	28	24	52	0.46153846153846156	2	1	1	1.0989	1	1.0989	1.0	True	0.84	2.0
6	132061484	C	T	ENPP3	Silent	46	20	66	0.30303030303030304	2	1	1	0.7215	1	0.7215	0.7215	False	0.84	2.0
6	133111403	C	G	SLC18B1	Missense_Mutation	9	5	14	0.35714285714285715	2	1	1	0.8503	1	0.8503	0.8503	True	0.84	2.0
6	135250315	C	G	ALDH8A1	Missense_Mutation	28	12	40	0.3	2	1	1	0.7143	1	0.7143	0.7143	False	0.84	2.0
6	135376037	G	A	HBS1L	5'Flank	12	7	19	0.3684210526315789	2	1	1	0.8772	1	0.8772	0.8772	True	0.84	2.0
6	135515668	C	T	MYB	Intron	25	15	40	0.375	2	1	1	0.8929	1	0.8929	0.8929	True	0.84	2.0
6	136664583	C	G	MAP7	3'Flank	39	31	70	0.44285714285714284	2	1	1	1.0544	1	1.0544	1.0	True	0.84	2.0
6	138754791	C	T	NHSL1	Missense_Mutation	11	7	18	0.3888888888888889	2	1	1	0.9259	1	0.9259	0.9259	True	0.84	2.0
6	139498704	C	G	HECA	3'UTR	17	18	35	0.5142857142857142	2	1	1	1.2245	1	1.2245	1.0	True	0.84	2.0
6	142703096	C	G	GPR126	Missense_Mutation	27	23	50	0.46	2	1	1	1.0952	1	1.0952	1.0	True	0.84	2.0
6	143074731	C	T	HIVEP2	Missense_Mutation	25	18	43	0.4186046511627907	2	1	1	0.9967	1	0.9967	0.9967	True	0.84	2.0
6	145069393	G	A	UTRN	Missense_Mutation	7	10	17	0.5882352941176471	2	1	1	1.4006	1	1.4006	1.0	True	0.84	2.0
6	149918311	C	T	KATNA1	Missense_Mutation	41	18	59	0.3050847457627119	2	1	1	0.7264	1	0.7264	0.7264	False	0.84	2.0
6	149919411	C	G	KATNA1	Missense_Mutation	26	20	46	0.43478260869565216	2	1	1	1.0352	1	1.0352	1.0	True	0.84	2.0
6	150005474	G	C	LATS1	Missense_Mutation	39	22	61	0.36065573770491804	2	1	1	0.8587	1	0.8587	0.8587	True	0.84	2.0
6	150005552	G	C	LATS1	Missense_Mutation	45	26	71	0.36619718309859156	2	1	1	0.8719	1	0.8719	0.8719	True	0.84	2.0
6	150690249	G	C	IYD	Missense_Mutation	27	32	59	0.5423728813559322	2	1	1	1.2914	1	1.2914	1.0	True	0.84	2.0
6	151766705	G	T	RMND1	Missense_Mutation	44	38	82	0.4634146341463415	2	1	1	1.1034	1	1.1034	1.0	True	0.84	2.0
6	151939365	G	C	CCDC170	3'UTR	12	6	18	0.3333333333333333	2	1	1	0.7937	1	0.7937	0.7937	False	0.84	2.0
6	152570389	C	G	SYNE1	Silent	15	10	25	0.4	2	1	1	0.9524	1	0.9524	0.9524	True	0.84	2.0
6	152765605	C	A	SYNE1	Nonsense_Mutation	29	20	49	0.40816326530612246	2	1	1	0.9718	1	0.9718	0.9718	True	0.84	2.0
6	152831344	G	T	SYNE1	Missense_Mutation	37	19	56	0.3392857142857143	2	1	1	0.8078	1	0.8078	0.8078	False	0.84	2.0
6	155575620	C	T	TIAM2	Missense_Mutation	34	11	45	0.24444444444444444	2	1	1	0.582	1	0.582	0.582	False	0.84	2.0
6	157405973	C	T	ARID1B	Missense_Mutation	26	15	41	0.36585365853658536	2	1	1	0.8711	1	0.8711	0.8711	True	0.84	2.0
6	159057564	G	A	DYNLT1	3'UTR	18	16	34	0.47058823529411764	2	1	1	1.1204	1	1.1204	1.0	True	0.84	2.0
6	159185648	C	G	SYTL3	3'UTR	14	21	35	0.6	2	1	1	1.4286	1	1.4286	1.0	True	0.84	2.0
6	159187023	G	C	EZR	3'UTR	19	6	25	0.24	2	1	1	0.5714	1	0.5714	0.5714	False	0.84	2.0
6	163984548	C	T	QKI	Missense_Mutation	33	21	54	0.3888888888888889	2	1	1	0.9259	1	0.9259	0.9259	True	0.84	2.0
6	163984559	G	T	QKI	Missense_Mutation	31	21	52	0.40384615384615385	2	1	1	0.9615	1	0.9615	0.9615	True	0.84	2.0
6	163990254	G	C	QKI	Intron	30	11	41	0.2682926829268293	2	1	1	0.6388	1	0.6388	0.6388	False	0.84	2.0
6	165756914	G	A	PDE10A	Missense_Mutation	12	7	19	0.3684210526315789	2	1	1	0.8772	1	0.8772	0.8772	True	0.84	2.0
6	166827357	G	A	RPS6KA2	Silent	35	24	59	0.4067796610169492	2	1	1	0.9685	1	0.9685	0.9685	True	0.84	2.0
6	170103218	G	A	C6orf120	3'UTR	12	9	21	0.42857142857142855	2	1	1	1.0204	1	1.0204	1.0	True	0.84	2.0
7	909082	C	G	SUN1	Missense_Mutation	25	12	37	0.32432432432432434	2	1	1	0.7722	1	0.7722	0.7722	False	0.84	2.0
7	1523759	G	C	INTS1	Silent	51	30	81	0.37037037037037035	2	1	1	0.8818	1	0.8818	0.8818	True	0.84	2.0
7	2406170	G	A	EIF3B	Missense_Mutation	20	21	41	0.5121951219512195	2	1	1	1.2195	1	1.2195	1.0	True	0.84	2.0
7	2611929	G	C	IQCE	Missense_Mutation	26	16	42	0.38095238095238093	2	1	1	0.907	1	0.907	0.907	True	0.84	2.0
7	2976668	C	T	CARD11	Intron	20	15	35	0.42857142857142855	2	1	1	1.0204	1	1.0204	1.0	True	0.84	2.0
7	4050690	C	T	SDK1	Missense_Mutation	25	16	41	0.3902439024390244	2	1	1	0.9292	1	0.9292	0.9292	True	0.84	2.0
7	5105927	G	A	RBAK	3'UTR	16	5	21	0.23809523809523808	2	1	1	0.5669	1	0.5669	0.5669	False	0.84	2.0
7	5267828	G	A	WIPI2	Silent	12	10	22	0.45454545454545453	2	1	1	1.0823	1	1.0823	1.0	True	0.84	2.0
7	5327568	C	G	SLC29A4	Missense_Mutation	45	32	77	0.4155844155844156	2	1	1	0.9895	1	0.9895	0.9895	True	0.84	2.0
7	5340178	C	A	SLC29A4	Missense_Mutation	114	100	214	0.4672897196261682	2	1	1	1.1126	1	1.1126	1.0	True	0.84	2.0
7	6200656	G	C	USP42	3'UTR	34	17	51	0.3333333333333333	2	1	1	0.7937	1	0.7937	0.7937	False	0.84	2.0
7	6202751	G	C	CYTH3	3'UTR	15	9	24	0.375	2	1	1	0.8929	1	0.8929	0.8929	True	0.84	2.0
7	11486868	C	T	THSD7A	Missense_Mutation	40	23	63	0.36507936507936506	2	1	1	0.8692	1	0.8692	0.8692	True	0.84	2.0
7	17836561	C	T	SNX13	Missense_Mutation	17	11	28	0.39285714285714285	2	1	1	0.9354	1	0.9354	0.9354	True	0.84	2.0
7	20452525	G	A	ITGB8	3'UTR	40	17	57	0.2982456140350877	2	1	1	0.7101	1	0.7101	0.7101	False	0.84	2.0
7	21469217	C	G	SP4	Missense_Mutation	23	11	34	0.3235294117647059	2	1	1	0.7703	1	0.7703	0.7703	False	0.84	2.0
7	21646158	G	C	DNAH11	Missense_Mutation	38	32	70	0.45714285714285713	2	1	1	1.0884	1	1.0884	1.0	True	0.84	2.0
7	22985680	G	C	FAM126A	Nonsense_Mutation	27	19	46	0.41304347826086957	2	1	1	0.9834	1	0.9834	0.9834	True	0.84	2.0
7	27150136	C	T	HOXA3	Missense_Mutation	30	21	51	0.4117647058823529	2	1	1	0.9804	1	0.9804	0.9804	True	0.84	2.0
7	27211464	G	C	HOXA10	3'UTR	9	10	19	0.5263157894736842	2	1	1	1.2531	1	1.2531	1.0	True	0.84	2.0
7	28534554	C	T	CREB5	Missense_Mutation	26	24	50	0.48	2	1	1	1.1429	1	1.1429	1.0	True	0.84	2.0
7	28993035	C	G	AC005013.5	5'Flank	13	15	28	0.5357142857142857	2	1	1	1.2755	1	1.2755	1.0	True	0.84	2.0
7	28993116	G	A	AC005013.5	5'Flank	13	8	21	0.38095238095238093	2	1	1	0.907	1	0.907	0.907	True	0.84	2.0
7	30197181	G	C	MTURN	3'UTR	7	9	16	0.5625	2	1	1	1.3393	1	1.3393	1.0	True	0.84	2.0
7	34917691	C	T	NPSR1	Silent	39	26	65	0.4	2	1	1	0.9524	1	0.9524	0.9524	True	0.84	2.0
7	36579973	C	G	AOAH	Missense_Mutation	64	42	106	0.39622641509433965	2	1	1	0.9434	1	0.9434	0.9434	True	0.84	2.0
7	37960781	C	T	EPDR1	Silent	15	14	29	0.4827586206896552	2	1	1	1.1494	1	1.1494	1.0	True	0.84	2.0
7	45717777	C	T	ADCY1	Nonsense_Mutation	41	28	69	0.4057971014492754	2	1	1	0.9662	1	0.9662	0.9662	True	0.84	2.0
7	45726197	C	G	ADCY1	Silent	43	28	71	0.39436619718309857	2	1	1	0.939	1	0.939	0.939	True	0.84	2.0
7	55540725	C	T	VOPP1	Silent	39	23	62	0.3709677419354839	2	1	1	0.8833	1	0.8833	0.8833	True	0.84	2.0
7	64451484	G	C	ERV3-1	3'UTR	9	8	17	0.47058823529411764	2	1	1	1.1204	1	1.1204	1.0	True	0.84	2.0
7	70252204	C	G	AUTS2	Nonsense_Mutation	33	23	56	0.4107142857142857	2	1	1	0.9779	1	0.9779	0.9779	True	0.84	2.0
7	71130547	C	G	WBSCR17	Missense_Mutation	32	11	43	0.2558139534883721	2	1	1	0.6091	1	0.6091	0.6091	False	0.84	2.0
7	71177239	C	G	WBSCR17	3'UTR	4	5	9	0.5555555555555556	2	1	1	1.3228	1	1.3228	1.0	True	0.84	2.0
7	77256266	G	A	PTPN12	Missense_Mutation	11	8	19	0.42105263157894735	2	1	1	1.0025	1	1.0025	1.0	True	0.84	2.0
7	77484121	C	G	PHTF2	Intron	28	29	57	0.5087719298245614	2	1	1	1.2114	1	1.2114	1.0	True	0.84	2.0
7	82580629	G	A	PCLO	Missense_Mutation	68	46	114	0.40350877192982454	2	1	1	0.9607	1	0.9607	0.9607	True	0.84	2.0
7	84625987	G	A	SEMA3D	3'UTR	2	6	8	0.75	2	1	1	1.7857	1	1.7857	1.0	True	0.84	2.0
7	87505919	C	T	DBF4	5'UTR	21	22	43	0.5116279069767442	2	1	1	1.2182	1	1.2182	1.0	True	0.84	2.0
7	92164486	G	A	RBM48	Intron	8	11	19	0.5789473684210527	2	1	1	1.3784	1	1.3784	1.0	True	0.84	2.0
7	92242710	C	G	CDK6	3'UTR	10	11	21	0.5238095238095238	2	1	1	1.2472	1	1.2472	1.0	True	0.84	2.0
7	97821308	G	C	LMTK2	Missense_Mutation	26	20	46	0.43478260869565216	2	1	1	1.0352	1	1.0352	1.0	True	0.84	2.0
7	97937304	C	G	BAIAP2L1	Intron	8	8	16	0.5	2	1	1	1.1905	1	1.1905	1.0	True	0.84	2.0
7	98592351	G	C	TRRAP	Missense_Mutation	41	29	70	0.4142857142857143	2	1	1	0.9864	1	0.9864	0.9864	True	0.84	2.0
7	98625715	G	A	SMURF1	3'UTR	53	27	80	0.3375	2	1	1	0.8036	1	0.8036	0.8036	False	0.84	2.0
7	99063800	G	A	ATP5J2	5'UTR	23	11	34	0.3235294117647059	2	1	1	0.7703	1	0.7703	0.7703	False	0.84	2.0
7	99173862	G	C	ZNF655	3'UTR	15	15	30	0.5	2	1	1	1.1905	1	1.1905	1.0	True	0.84	2.0
7	99821295	G	C	GATS	Silent	38	65	103	0.6310679611650486	1	1	0	0.8715	1	0.8715	0.8715	True	0.84	2.0
7	100164787	C	T	AGFG2	3'UTR	6	11	17	0.6470588235294118	1	1	0	0.8936	1	0.8936	0.8936	True	0.84	2.0
7	100807818	G	A	VGF	Nonsense_Mutation	1	7	8	0.875	1	1	0	1.2083	1	1.2083	1.0	True	0.84	2.0
7	101740715	G	A	CUX1	Missense_Mutation	10	14	24	0.5833333333333334	1	1	0	0.8056	1	0.8056	0.8056	False	0.84	2.0
7	102066993	G	C	PRKRIP1	3'UTR	7	18	25	0.72	1	1	0	0.9943	1	0.9943	0.9943	True	0.84	2.0
7	104783727	C	T	SRPK2	Silent	60	33	93	0.3548387096774194	3	3	0	1.1997	1	1.1997	1.0	True	0.84	2.0
7	105207537	C	T	EFCAB10	Intron	18	9	27	0.3333333333333333	3	3	0	1.127	1	1.127	1.0	True	0.84	2.0
7	105739677	C	T	SYPL1	Missense_Mutation	36	13	49	0.2653061224489796	3	3	0	0.897	1	0.897	0.897	True	0.84	2.0
7	113518448	G	A	PPP1R3A	Missense_Mutation	34	15	49	0.30612244897959184	3	3	0	1.035	1	1.035	1.0	True	0.84	2.0
7	115892027	G	A	TES	Missense_Mutation	70	32	102	0.3137254901960784	3	3	0	1.0607	1	1.0607	1.0	True	0.84	2.0
7	116595149	C	T	ST7-OT4	Missense_Mutation	70	39	109	0.3577981651376147	3	3	0	1.2097	1	1.2097	1.0	True	0.84	2.0
7	116862962	G	A	ST7	Silent	29	35	64	0.546875	3	3	0	1.849	2	0.9245	0.9245	True	0.84	2.0
7	130040635	G	C	CEP41	Missense_Mutation	3	37	40	0.925	2	2	0	2.2024	2	1.1012	1.0	True	0.84	2.0
7	133812377	G	A	LRGUK	Missense_Mutation	30	21	51	0.4117647058823529	2	2	0	0.9804	1	0.9804	0.9804	True	0.84	2.0
7	134261723	C	T	AKR1B15	Silent	61	26	87	0.2988505747126437	3	3	0	1.0104	1	1.0104	1.0	True	0.84	2.0
7	137773510	G	C	AKR1D1	Missense_Mutation	20	4	24	0.16666666666666666	3	3	0	0.5635	1	0.5635	0.5635	False	0.84	2.0
7	138341201	A	G	SVOPL	Silent	6	3	9	0.3333333333333333	3	3	0	1.127	1	1.127	1.0	True	0.84	2.0
7	138943287	C	G	UBN2	Missense_Mutation	50	20	70	0.2857142857142857	3	3	0	0.966	1	0.966	0.966	True	0.84	2.0
7	140153281	C	G	MKRN1	3'UTR	14	13	27	0.48148148148148145	3	3	0	1.6279	2	0.8139	0.8139	False	0.84	2.0
7	140477862	C	T	BRAF	Silent	51	21	72	0.2916666666666667	3	3	0	0.9861	1	0.9861	0.9861	True	0.84	2.0
7	142013313	G	A	TRBV4-1	Silent	42	24	66	0.36363636363636365	3	3	0	1.2294	1	1.2294	1.0	True	0.84	2.0
7	148801459	C	G	ZNF425	Missense_Mutation	25	13	38	0.34210526315789475	2	2	0	0.8145	1	0.8145	0.8145	False	0.84	2.0
7	148921926	C	T	ZNF282	3'UTR	5	5	10	0.5	2	2	0	1.1905	1	1.1905	1.0	True	0.84	2.0
7	149519678	C	T	SSPO	RNA	5	7	12	0.5833333333333334	2	2	0	1.3889	1	1.3889	1.0	True	0.84	2.0
7	150706299	G	A	NOS3	Silent	25	30	55	0.5454545454545454	2	2	0	1.2987	1	1.2987	1.0	True	0.84	2.0
7	151945301	C	T	KMT2C	Missense_Mutation	46	22	68	0.3235294117647059	2	2	0	0.7703	1	0.7703	0.7703	False	0.84	2.0
7	154684696	G	A	DPP6	3'UTR	27	18	45	0.4	2	2	0	0.9524	1	0.9524	0.9524	True	0.84	2.0
7	155187767	G	C	AC008060.7	Missense_Mutation	25	10	35	0.2857142857142857	2	2	0	0.6803	1	0.6803	0.6803	False	0.84	2.0
8	192960	G	A	ZNF596	Missense_Mutation	10	30	40	0.75	2	1	1	1.7857	1	1.7857	1.0	True	0.84	2.0
8	3141850	G	T	CSMD1	Missense_Mutation	11	25	36	0.6944444444444444	1	1	0	0.959	1	0.959	0.959	True	0.84	2.0
8	6357249	G	C	ANGPT2	3'UTR	5	14	19	0.7368421052631579	1	1	0	1.0175	1	1.0175	1.0	True	0.84	2.0
8	6614722	G	A	AGPAT5	Missense_Mutation	4	15	19	0.7894736842105263	1	1	0	1.0902	1	1.0902	1.0	True	0.84	2.0
8	6735347	G	C	DEFB1	Silent	5	6	11	0.5454545454545454	1	1	0	0.7532	1	0.7532	0.7532	False	0.84	2.0
8	18258175	C	T	NAT2	Missense_Mutation	3	15	18	0.8333333333333334	1	1	0	1.1508	1	1.1508	1.0	True	0.84	2.0
8	24193049	G	C	ADAM28	Missense_Mutation	6	27	33	0.8181818181818182	1	1	0	1.1299	1	1.1299	1.0	True	0.84	2.0
8	27097546	G	C	STMN4	Missense_Mutation	27	60	87	0.6896551724137931	1	1	0	0.9524	1	0.9524	0.9524	True	0.84	2.0
8	27922101	C	T	NUGGC	Missense_Mutation	14	29	43	0.6744186046511628	1	1	0	0.9313	1	0.9313	0.9313	True	0.84	2.0
8	36675259	G	C	KCNU1	Missense_Mutation	10	23	33	0.696969696969697	1	1	0	0.9625	1	0.9625	0.9625	True	0.84	2.0
8	42227439	G	A	POLB	Missense_Mutation	28	21	49	0.42857142857142855	2	1	1	1.0204	1	1.0204	1.0	True	0.84	2.0
8	42552739	C	T	CHRNB3	Missense_Mutation	16	14	30	0.4666666666666667	2	1	1	1.1111	1	1.1111	1.0	True	0.84	2.0
8	52325734	G	C	PXDNL	Missense_Mutation	30	22	52	0.4230769230769231	2	1	1	1.0073	1	1.0073	1.0	True	0.84	2.0
8	53852671	G	A	NPBWR1	Missense_Mutation	28	24	52	0.46153846153846156	2	1	1	1.0989	1	1.0989	1.0	True	0.84	2.0
8	59404293	G	C	CYP7A1	Missense_Mutation	22	15	37	0.40540540540540543	2	1	1	0.9653	1	0.9653	0.9653	True	0.84	2.0
8	61192272	G	A	CA8	Nonsense_Mutation	15	6	21	0.2857142857142857	2	1	1	0.6803	1	0.6803	0.6803	False	0.84	2.0
8	74334846	C	G	STAU2	Intron	28	15	43	0.3488372093023256	2	1	1	0.8306	1	0.8306	0.8306	False	0.84	2.0
8	77767198	C	T	ZFHX4	Nonsense_Mutation	11	8	19	0.42105263157894735	2	1	1	1.0025	1	1.0025	1.0	True	0.84	2.0
8	77912475	G	A	PEX2	Intron	10	4	14	0.2857142857142857	2	1	1	0.6803	1	0.6803	0.6803	False	0.84	2.0
8	81399682	G	C	ZBTB10	Missense_Mutation	22	10	32	0.3125	2	1	1	0.744	1	0.744	0.744	False	0.84	2.0
8	87111214	G	C	ATP6V0D2	Missense_Mutation	72	20	92	0.21739130434782608	3	2	1	0.735	1	0.735	0.735	False	0.84	2.0
8	87590944	G	A	CNGB3	Silent	74	29	103	0.2815533980582524	3	2	1	0.9519	1	0.9519	0.9519	True	0.84	2.0
8	87878683	C	G	CNBD1	5'UTR	39	10	49	0.20408163265306123	3	2	1	0.69	1	0.69	0.69	False	0.84	2.0
8	91081237	C	T	CALB1	Missense_Mutation	47	15	62	0.24193548387096775	3	2	1	0.818	1	0.818	0.818	False	0.84	2.0
8	91813934	G	C	NECAB1	Missense_Mutation	57	17	74	0.22972972972972974	3	2	1	0.7767	1	0.7767	0.7767	False	0.84	2.0
8	94746938	G	A	RBM12B	Silent	47	18	65	0.27692307692307694	3	2	1	0.9363	1	0.9363	0.9363	True	0.84	2.0
8	95272461	G	C	GEM	Missense_Mutation	48	18	66	0.2727272727272727	3	2	1	0.9221	1	0.9221	0.9221	True	0.84	2.0
8	95523629	C	G	KIAA1429	Missense_Mutation	31	12	43	0.27906976744186046	3	2	1	0.9435	1	0.9435	0.9435	True	0.84	2.0
8	98041688	G	C	CPQ	Missense_Mutation	17	7	24	0.2916666666666667	3	2	1	0.9861	1	0.9861	0.9861	True	0.84	2.0
8	100147896	G	C	VPS13B	Missense_Mutation	90	46	136	0.3382352941176471	3	2	1	1.1436	1	1.1436	1.0	True	0.84	2.0
8	102678907	C	A	GRHL2	Missense_Mutation	36	18	54	0.3333333333333333	3	2	1	1.127	1	1.127	1.0	True	0.84	2.0
8	103341421	G	A	UBR5	Missense_Mutation	36	37	73	0.5068493150684932	3	2	1	1.7136	2	0.8568	0.8568	True	0.84	2.0
8	106813964	G	C	ZFPM2	Missense_Mutation	42	22	64	0.34375	3	2	1	1.1622	1	1.1622	1.0	True	0.84	2.0
8	110489463	G	A	PKHD1L1	Missense_Mutation	33	50	83	0.6024096385542169	3	2	1	2.0367	2	1.0184	1.0	True	0.84	2.0
8	119391916	C	T	SAMD12	Missense_Mutation	107	47	154	0.3051948051948052	3	2	1	1.0318	1	1.0318	1.0	True	0.84	2.0
8	121228635	C	G	COL14A1	Missense_Mutation	47	21	68	0.3088235294117647	3	2	1	1.0441	1	1.0441	1.0	True	0.84	2.0
8	124413038	G	C	ATAD2	5'Flank	96	27	123	0.21951219512195122	3	2	1	0.7422	1	0.7422	0.7422	False	0.84	2.0
8	124797868	G	A	FAM91A1	Splice_Site	32	36	68	0.5294117647058824	3	2	1	1.7899	2	0.895	0.895	True	0.84	2.0
8	126085488	C	A	KIAA0196	Nonsense_Mutation	68	31	99	0.31313131313131315	3	2	1	1.0587	1	1.0587	1.0	True	0.84	2.0
8	130864412	G	C	FAM49B	Nonsense_Mutation	71	19	90	0.2111111111111111	3	2	1	0.7138	1	0.7138	0.7138	False	0.84	2.0
8	131249237	G	A	ASAP1	Silent	34	17	51	0.3333333333333333	3	2	1	1.127	1	1.127	1.0	True	0.84	2.0
8	135612525	G	A	ZFAT	Intron	35	9	44	0.20454545454545456	3	2	1	0.6916	1	0.6916	0.6916	False	0.84	2.0
8	142221899	C	T	SLC45A4	Intron	27	10	37	0.2702702702702703	3	2	1	0.9138	1	0.9138	0.9138	True	0.84	2.0
8	143559620	G	A	BAI1	Missense_Mutation	31	37	68	0.5441176470588235	3	2	1	1.8396	2	0.9198	0.9198	True	0.84	2.0
8	143783124	G	A	LY6K	Silent	44	48	92	0.5217391304347826	3	2	1	1.764	2	0.882	0.882	True	0.84	2.0
8	144295729	G	C	GPIHBP1	Missense_Mutation	27	26	53	0.49056603773584906	3	2	1	1.6586	2	0.8293	0.8293	False	0.84	2.0
8	144464844	C	G	RHPN1	3'UTR	24	5	29	0.1724137931034483	3	2	1	0.5829	1	0.5829	0.5829	False	0.84	2.0
8	144687050	G	C	PYCRL	3'UTR	86	23	109	0.21100917431192662	3	2	1	0.7134	1	0.7134	0.7134	False	0.84	2.0
8	144776075	G	C	ZNF707	Missense_Mutation	9	5	14	0.35714285714285715	3	2	1	1.2075	1	1.2075	1.0	True	0.84	2.0
8	144776287	G	A	ZNF707	Missense_Mutation	24	14	38	0.3684210526315789	3	2	1	1.2456	1	1.2456	1.0	True	0.84	2.0
8	144776766	G	C	ZNF707	3'UTR	98	40	138	0.2898550724637681	3	2	1	0.98	1	0.98	0.98	True	0.84	2.0
8	144776874	G	C	ZNF707	3'UTR	34	14	48	0.2916666666666667	3	2	1	0.9861	1	0.9861	0.9861	True	0.84	2.0
8	144876128	G	A	SCRIB	Missense_Mutation	32	49	81	0.6049382716049383	3	2	1	2.0453	2	1.0226	1.0	True	0.84	2.0
8	144941887	G	A	EPPK1	Silent	118	28	146	0.1917808219178082	3	2	1	0.6484	1	0.6484	0.6484	False	0.84	2.0
8	144942235	G	A	EPPK1	Silent	95	39	134	0.291044776119403	3	2	1	0.984	1	0.984	0.984	True	0.84	2.0
8	144942955	G	A	EPPK1	Silent	12	7	19	0.3684210526315789	3	2	1	1.2456	1	1.2456	1.0	True	0.84	2.0
8	144943526	G	A	EPPK1	Missense_Mutation	12	4	16	0.25	3	2	1	0.8452	1	0.8452	0.8452	False	0.84	2.0
8	144992701	G	A	PLEC	Missense_Mutation	96	46	142	0.323943661971831	3	2	1	1.0952	1	1.0952	1.0	True	0.84	2.0
8	145051698	G	A	PARP10	Missense_Mutation	5	5	10	0.5	3	2	1	1.6905	2	0.8452	0.8452	False	0.84	2.0
8	145160643	G	A	MAF1	Silent	34	16	50	0.32	3	2	1	1.0819	1	1.0819	1.0	True	0.84	2.0
8	145160803	G	A	MAF1	Missense_Mutation	44	10	54	0.18518518518518517	3	2	1	0.6261	1	0.6261	0.6261	False	0.84	2.0
8	145727029	C	G	PPP1R16A	Missense_Mutation	84	28	112	0.25	2	1	1	0.5952	1	0.5952	0.5952	False	0.84	2.0
8	146067954	C	T	ZNF7	Nonsense_Mutation	37	13	50	0.26	2	1	1	0.619	1	0.619	0.619	False	0.84	2.0
8	146157398	G	A	ZNF16	Missense_Mutation	21	28	49	0.5714285714285714	2	1	1	1.3605	1	1.3605	1.0	True	0.84	2.0
8	146202485	C	T	ZNF252P	RNA	32	12	44	0.2727272727272727	2	1	1	0.6494	1	0.6494	0.6494	False	0.84	2.0
9	3824206	G	A	GLIS3	3'Flank	16	11	27	0.4074074074074074	2	1	1	0.97	1	0.97	0.97	True	0.84	2.0
9	5300256	G	A	RLN2	Missense_Mutation	28	26	54	0.48148148148148145	2	1	1	1.1464	1	1.1464	1.0	True	0.84	2.0
9	6007497	G	A	KIAA2026	Silent	25	22	47	0.46808510638297873	2	1	1	1.1145	1	1.1145	1.0	True	0.84	2.0
9	6012370	C	T	RANBP6	Missense_Mutation	34	26	60	0.43333333333333335	2	1	1	1.0317	1	1.0317	1.0	True	0.84	2.0
9	6256139	A	T	IL33	Missense_Mutation	37	21	58	0.3620689655172414	2	1	1	0.8621	1	0.8621	0.8621	True	0.84	2.0
9	14801789	G	C	FREM1	Missense_Mutation	45	4	49	0.08163265306122448	2	1	1	0.1944	1	0.1944	0.1944	False	0.84	2.0
9	16436783	C	G	BNC2	Missense_Mutation	58	32	90	0.35555555555555557	2	1	1	0.8466	1	0.8466	0.8466	False	0.84	2.0
9	20622291	G	A	MLLT3	5'UTR	43	21	64	0.328125	2	1	1	0.7812	1	0.7812	0.7812	False	0.84	2.0
9	20770100	C	T	FOCAD	Missense_Mutation	54	38	92	0.41304347826086957	2	1	1	0.9834	1	0.9834	0.9834	True	0.84	2.0
9	27109493	G	T	TEK	5'UTR	53	31	84	0.36904761904761907	2	1	1	0.8787	1	0.8787	0.8787	True	0.84	2.0
9	33073633	C	T	SMU1	Silent	19	14	33	0.42424242424242425	2	1	1	1.0101	1	1.0101	1.0	True	0.84	2.0
9	33920307	G	C	UBE2R2	3'UTR	4	4	8	0.5	2	1	1	1.1905	1	1.1905	1.0	True	0.84	2.0
9	35560361	G	C	RUSC2	Missense_Mutation	21	14	35	0.4	2	1	1	0.9524	1	0.9524	0.9524	True	0.84	2.0
9	35561438	G	C	RUSC2	3'UTR	12	4	16	0.25	2	1	1	0.5952	1	0.5952	0.5952	False	0.84	2.0
9	35704813	C	G	TLN1	Splice_Site	17	14	31	0.45161290322580644	2	1	1	1.0753	1	1.0753	1.0	True	0.84	2.0
9	36063807	C	G	RECK	Missense_Mutation	54	33	87	0.3793103448275862	2	1	1	0.9031	1	0.9031	0.9031	True	0.84	2.0
9	36204091	G	C	CLTA	Missense_Mutation	52	22	74	0.2972972972972973	2	1	1	0.7079	1	0.7079	0.7079	False	0.84	2.0
9	36249292	C	G	GNE	Missense_Mutation	11	14	25	0.56	2	1	1	1.3333	1	1.3333	1.0	True	0.84	2.0
9	37955983	G	A	SHB	Missense_Mutation	34	19	53	0.3584905660377358	2	1	1	0.8535	1	0.8535	0.8535	True	0.84	2.0
9	42410417	G	C	ANKRD20A2	Missense_Mutation	30	17	47	0.3617021276595745	2	1	1	0.8612	1	0.8612	0.8612	True	0.84	2.0
9	71628379	G	T	PRKACG	Silent	20	16	36	0.4444444444444444	2	1	1	1.0582	1	1.0582	1.0	True	0.84	2.0
9	71844105	C	G	TJP2	Missense_Mutation	71	45	116	0.3879310344827586	2	1	1	0.9236	1	0.9236	0.9236	True	0.84	2.0
9	72841408	C	T	MAMDC2	3'UTR	38	31	69	0.4492753623188406	2	1	1	1.0697	1	1.0697	1.0	True	0.84	2.0
9	73001313	C	G	KLF9	3'UTR	46	17	63	0.2698412698412698	2	1	1	0.6425	1	0.6425	0.6425	False	0.84	2.0
9	73027987	T	G	KLF9	Missense_Mutation	26	24	50	0.48	2	1	1	1.1429	1	1.1429	1.0	True	0.84	2.0
9	73028707	C	G	KLF9	5'UTR	14	9	23	0.391304347826087	2	1	1	0.9317	1	0.9317	0.9317	True	0.84	2.0
9	75773244	C	T	ANXA1	5'UTR	8	9	17	0.5294117647058824	2	1	1	1.2605	1	1.2605	1.0	True	0.84	2.0
9	78911633	G	T	PCSK5	Missense_Mutation	43	23	66	0.3484848484848485	2	1	1	0.8297	1	0.8297	0.8297	False	0.84	2.0
9	78943113	G	A	PCSK5	Missense_Mutation	23	13	36	0.3611111111111111	2	1	1	0.8598	1	0.8598	0.8598	True	0.84	2.0
9	78968979	G	C	PCSK5	Missense_Mutation	32	14	46	0.30434782608695654	2	1	1	0.7246	1	0.7246	0.7246	False	0.84	2.0
9	82323635	C	G	TLE4	Missense_Mutation	23	9	32	0.28125	2	1	1	0.6696	1	0.6696	0.6696	False	0.84	2.0
9	88916443	C	G	ZCCHC6	Missense_Mutation	83	43	126	0.3412698412698413	2	1	1	0.8125	1	0.8125	0.8125	False	0.84	2.0
9	91974408	G	C	SECISBP2	3'UTR	8	6	14	0.42857142857142855	2	1	1	1.0204	1	1.0204	1.0	True	0.84	2.0
9	95610246	C	T	ZNF484	Missense_Mutation	21	13	34	0.38235294117647056	2	1	1	0.9104	1	0.9104	0.9104	True	0.84	2.0
9	95776211	G	C	FGD3	Silent	22	17	39	0.4358974358974359	2	1	1	1.0379	1	1.0379	1.0	True	0.84	2.0
9	95838224	G	C	SUSD3	Missense_Mutation	15	11	26	0.4230769230769231	2	1	1	1.0073	1	1.0073	1.0	True	0.84	2.0
9	100617367	C	T	FOXE1	3'UTR	52	38	90	0.4222222222222222	2	1	1	1.0053	1	1.0053	1.0	True	0.84	2.0
9	101050692	C	T	GABBR2	3'UTR	21	16	37	0.43243243243243246	2	1	1	1.0296	1	1.0296	1.0	True	0.84	2.0
9	101052107	C	T	GABBR2	3'UTR	24	12	36	0.3333333333333333	2	1	1	0.7937	1	0.7937	0.7937	False	0.84	2.0
9	101748154	C	T	COL15A1	Silent	24	17	41	0.4146341463414634	2	1	1	0.9872	1	0.9872	0.9872	True	0.84	2.0
9	104124290	G	A	BAAT	3'UTR	32	11	43	0.2558139534883721	2	1	1	0.6091	1	0.6091	0.6091	False	0.84	2.0
9	104184112	G	A	ALDOB	Silent	20	11	31	0.3548387096774194	2	1	1	0.8449	1	0.8449	0.8449	False	0.84	2.0
9	113149654	G	A	SVEP1	Missense_Mutation	30	18	48	0.375	2	1	1	0.8929	1	0.8929	0.8929	True	0.84	2.0
9	113217957	C	G	SVEP1	Missense_Mutation	41	22	63	0.3492063492063492	2	1	1	0.8314	1	0.8314	0.8314	False	0.84	2.0
9	114521010	G	A	C9orf84	Silent	33	27	60	0.45	2	1	1	1.0714	1	1.0714	1.0	True	0.84	2.0
9	115947059	G	C	FKBP15	Silent	20	11	31	0.3548387096774194	2	1	1	0.8449	1	0.8449	0.8449	False	0.84	2.0
9	117143626	G	A	AKNA	5'UTR	26	19	45	0.4222222222222222	2	1	1	1.0053	1	1.0053	1.0	True	0.84	2.0
9	117266634	C	G	DFNB31	Missense_Mutation	30	14	44	0.3181818181818182	2	1	1	0.7576	1	0.7576	0.7576	False	0.84	2.0
9	117396098	G	C	C9orf91	Silent	31	28	59	0.4745762711864407	2	1	1	1.1299	1	1.1299	1.0	True	0.84	2.0
9	120475262	G	A	TLR4	Missense_Mutation	41	23	64	0.359375	2	1	1	0.8557	1	0.8557	0.8557	True	0.84	2.0
9	123605112	G	A	PSMD5	Missense_Mutation	18	21	39	0.5384615384615384	2	1	1	1.2821	1	1.2821	1.0	True	0.84	2.0
9	125281687	C	T	OR1J4	Nonsense_Mutation	67	47	114	0.41228070175438597	2	1	1	0.9816	1	0.9816	0.9816	True	0.84	2.0
9	125613673	C	G	RC3H2	Missense_Mutation	22	16	38	0.42105263157894735	2	1	1	1.0025	1	1.0025	1.0	True	0.84	2.0
9	125645647	C	G	RC3H2	Missense_Mutation	33	13	46	0.2826086956521739	2	1	1	0.6729	1	0.6729	0.6729	False	0.84	2.0
9	127622541	C	T	RPL35	Missense_Mutation	44	34	78	0.4358974358974359	2	1	1	1.0379	1	1.0379	1.0	True	0.84	2.0
9	127700957	C	G	GOLGA1	Missense_Mutation	42	31	73	0.4246575342465753	2	1	1	1.0111	1	1.0111	1.0	True	0.84	2.0
9	127982945	C	T	RABEPK	Silent	18	7	25	0.28	2	1	1	0.6667	1	0.6667	0.6667	False	0.84	2.0
9	130438193	C	T	STXBP1	Silent	45	22	67	0.3283582089552239	2	1	1	0.7818	1	0.7818	0.7818	False	0.84	2.0
9	130438202	C	G	STXBP1	Silent	42	21	63	0.3333333333333333	2	1	1	0.7937	1	0.7937	0.7937	False	0.84	2.0
9	130438920	C	G	STXBP1	Intron	12	12	24	0.5	2	1	1	1.1905	1	1.1905	1.0	True	0.84	2.0
9	130575577	C	G	FPGS	Silent	20	15	35	0.42857142857142855	2	1	1	1.0204	1	1.0204	1.0	True	0.84	2.0
9	131218705	C	T	ODF2	5'UTR	16	9	25	0.36	2	1	1	0.8571	1	0.8571	0.8571	True	0.84	2.0
9	131221897	C	G	ODF2	Silent	41	25	66	0.3787878787878788	2	1	1	0.9019	1	0.9019	0.9019	True	0.84	2.0
9	131670871	C	G	LRRC8A	Silent	15	5	20	0.25	2	1	1	0.5952	1	0.5952	0.5952	False	0.84	2.0
9	131765678	C	G	NUP188	Missense_Mutation	28	19	47	0.40425531914893614	2	1	1	0.9625	1	0.9625	0.9625	True	0.84	2.0
9	131882887	C	T	PPP2R4	Nonsense_Mutation	68	42	110	0.38181818181818183	2	1	1	0.9091	1	0.9091	0.9091	True	0.84	2.0
9	132641781	G	A	USP20	Intron	41	34	75	0.4533333333333333	2	1	1	1.0794	1	1.0794	1.0	True	0.84	2.0
9	134050876	C	T	NUP214	Nonsense_Mutation	47	33	80	0.4125	2	1	1	0.9821	1	0.9821	0.9821	True	0.84	2.0
9	135979179	G	A	RALGDS	Silent	19	9	28	0.32142857142857145	2	1	1	0.7653	1	0.7653	0.7653	False	0.84	2.0
9	136212068	C	T	MED22	Missense_Mutation	28	17	45	0.37777777777777777	2	1	1	0.8995	1	0.8995	0.8995	True	0.84	2.0
9	136215803	G	C	RPL7A	Missense_Mutation	29	19	48	0.3958333333333333	2	1	1	0.9425	1	0.9425	0.9425	True	0.84	2.0
9	137622308	C	G	COL5A1	Missense_Mutation	53	28	81	0.345679012345679	2	1	1	0.823	1	0.823	0.823	False	0.84	2.0
9	138662821	G	A	KCNT1	Missense_Mutation	38	17	55	0.3090909090909091	2	1	1	0.7359	1	0.7359	0.7359	False	0.84	2.0
9	138714509	C	G	CAMSAP1	Missense_Mutation	11	15	26	0.5769230769230769	2	1	1	1.3736	1	1.3736	1.0	True	0.84	2.0
9	139649782	C	T	LCN8	Missense_Mutation	32	34	66	0.5151515151515151	2	1	1	1.2266	1	1.2266	1.0	True	0.84	2.0
9	139700619	G	A	CCDC183	Silent	12	17	29	0.5862068965517241	2	1	1	1.3957	1	1.3957	1.0	True	0.84	2.0
9	139700649	G	A	CCDC183	Silent	19	17	36	0.4722222222222222	2	1	1	1.1243	1	1.1243	1.0	True	0.84	2.0
9	139701034	G	A	CCDC183	Missense_Mutation	19	10	29	0.3448275862068966	2	1	1	0.821	1	0.821	0.821	False	0.84	2.0
9	140287319	T	C	EXD3	Intron	7	4	11	0.36363636363636365	2	1	1	0.8658	1	0.8658	0.8658	True	0.84	2.0
9	141070177	G	T	TUBBP5	Intron	48	32	80	0.4	2	1	1	0.9524	1	0.9524	0.9524	True	0.84	2.0
10	92992	G	C	TUBB8	3'UTR	31	21	52	0.40384615384615385	2	1	1	0.9615	1	0.9615	0.9615	True	0.84	2.0
10	267251	C	G	ZMYND11	Missense_Mutation	70	35	105	0.3333333333333333	2	1	1	0.7937	1	0.7937	0.7937	False	0.84	2.0
10	5541422	G	C	CALML5	5'UTR	23	7	30	0.23333333333333334	2	1	1	0.5556	1	0.5556	0.5556	False	0.84	2.0
10	5904575	C	G	ANKRD16	3'UTR	21	17	38	0.4473684210526316	2	1	1	1.0652	1	1.0652	1.0	True	0.84	2.0
10	7769676	C	G	ITIH2	Missense_Mutation	34	26	60	0.43333333333333335	2	1	1	1.0317	1	1.0317	1.0	True	0.84	2.0
10	7860774	C	G	TAF3	Silent	8	4	12	0.3333333333333333	2	1	1	0.7937	1	0.7937	0.7937	False	0.84	2.0
10	8006327	C	G	TAF3	Nonsense_Mutation	9	5	14	0.35714285714285715	2	1	1	0.8503	1	0.8503	0.8503	True	0.84	2.0
10	12077300	G	C	UPF2	Missense_Mutation	158	89	247	0.3603238866396761	2	1	1	0.8579	1	0.8579	0.8579	True	0.84	2.0
10	14709640	C	T	FAM107B	Missense_Mutation	39	22	61	0.36065573770491804	2	1	1	0.8587	1	0.8587	0.8587	True	0.84	2.0
10	17271880	G	C	VIM	Missense_Mutation	24	16	40	0.4	2	1	1	0.9524	1	0.9524	0.9524	True	0.84	2.0
10	17738856	G	A	STAM	Missense_Mutation	13	9	22	0.4090909090909091	2	1	1	0.974	1	0.974	0.974	True	0.84	2.0
10	23483179	G	A	PTF1A	3'UTR	9	10	19	0.5263157894736842	2	1	1	1.2531	1	1.2531	1.0	True	0.84	2.0
10	27551908	G	C	ARMC4P1	RNA	12	4	16	0.25	2	1	1	0.5952	1	0.5952	0.5952	False	0.84	2.0
10	32096154	C	G	ARHGAP12	3'UTR	24	15	39	0.38461538461538464	2	1	1	0.9158	1	0.9158	0.9158	True	0.84	2.0
10	32326243	G	C	KIF5B	Missense_Mutation	39	17	56	0.30357142857142855	2	1	1	0.7228	1	0.7228	0.7228	False	0.84	2.0
10	33468343	C	T	NRP1	3'UTR	21	12	33	0.36363636363636365	2	1	1	0.8658	1	0.8658	0.8658	True	0.84	2.0
10	35328007	G	A	CUL2	Silent	34	14	48	0.2916666666666667	2	1	1	0.6944	1	0.6944	0.6944	False	0.84	2.0
10	35456683	C	T	CREM	Intron	60	58	118	0.4915254237288136	2	1	1	1.1703	1	1.1703	1.0	True	0.84	2.0
10	38120890	C	G	ZNF248	Missense_Mutation	19	14	33	0.42424242424242425	2	1	1	1.0101	1	1.0101	1.0	True	0.84	2.0
10	38344896	G	C	ZNF33A	Missense_Mutation	42	28	70	0.4	2	1	1	0.9524	1	0.9524	0.9524	True	0.84	2.0
10	43881881	G	T	HNRNPF	3'UTR	26	18	44	0.4090909090909091	2	1	1	0.974	1	0.974	0.974	True	0.84	2.0
10	44139801	C	G	ZNF32	Missense_Mutation	40	36	76	0.47368421052631576	2	1	1	1.1278	1	1.1278	1.0	True	0.84	2.0
10	46113667	G	A	ZFAND4	Missense_Mutation	13	8	21	0.38095238095238093	2	1	1	0.907	1	0.907	0.907	True	0.84	2.0
10	46222947	G	A	FAM21C	Missense_Mutation	6	3	9	0.3333333333333333	2	1	1	0.7937	1	0.7937	0.7937	False	0.84	2.0
10	51889698	G	T	FAM21A	Nonsense_Mutation	90	61	151	0.40397350993377484	2	1	1	0.9618	1	0.9618	0.9618	True	0.84	2.0
10	61006208	G	C	FAM13C	3'UTR	33	29	62	0.46774193548387094	2	1	1	1.1137	1	1.1137	1.0	True	0.84	2.0
10	61043192	C	G	FAM13C	Missense_Mutation	26	16	42	0.38095238095238093	2	1	1	0.907	1	0.907	0.907	True	0.84	2.0
10	61830231	C	G	ANK3	Missense_Mutation	27	12	39	0.3076923076923077	2	1	1	0.7326	1	0.7326	0.7326	False	0.84	2.0
10	61835402	G	A	ANK3	Missense_Mutation	32	18	50	0.36	2	1	1	0.8571	1	0.8571	0.8571	True	0.84	2.0
10	61846553	C	T	ANK3	Silent	86	58	144	0.4027777777777778	2	1	1	0.959	1	0.959	0.959	True	0.84	2.0
10	63450372	G	C	C10orf107	Missense_Mutation	26	15	41	0.36585365853658536	2	1	1	0.8711	1	0.8711	0.8711	True	0.84	2.0
10	70048324	C	T	PBLD	Missense_Mutation	25	15	40	0.375	2	1	1	0.8929	1	0.8929	0.8929	True	0.84	2.0
10	70775519	G	C	KIAA1279	Missense_Mutation	35	19	54	0.35185185185185186	2	1	1	0.8377	1	0.8377	0.8377	False	0.84	2.0
10	70775758	G	C	KIAA1279	Missense_Mutation	35	23	58	0.39655172413793105	2	1	1	0.9442	1	0.9442	0.9442	True	0.84	2.0
10	70776150	G	A	KIAA1279	Missense_Mutation	17	7	24	0.2916666666666667	2	1	1	0.6944	1	0.6944	0.6944	False	0.84	2.0
10	72326613	G	A	PALD1	3'UTR	11	8	19	0.42105263157894735	2	1	1	1.0025	1	1.0025	1.0	True	0.84	2.0
10	72327271	G	A	PALD1	3'UTR	17	13	30	0.43333333333333335	2	1	1	1.0317	1	1.0317	1.0	True	0.84	2.0
10	72517796	G	C	ADAMTS14	Missense_Mutation	25	11	36	0.3055555555555556	2	1	1	0.7275	1	0.7275	0.7275	False	0.84	2.0
10	73767071	C	G	CHST3	Silent	25	18	43	0.4186046511627907	2	1	1	0.9967	1	0.9967	0.9967	True	0.84	2.0
10	74034832	C	T	DDIT4	Silent	25	15	40	0.375	2	1	1	0.8929	1	0.8929	0.8929	True	0.84	2.0
10	74673095	G	C	OIT3	Missense_Mutation	39	35	74	0.47297297297297297	2	1	1	1.1261	1	1.1261	1.0	True	0.84	2.0
10	74714349	G	C	PLA2G12B	Nonsense_Mutation	35	23	58	0.39655172413793105	2	1	1	0.9442	1	0.9442	0.9442	True	0.84	2.0
10	74886474	G	C	NUDT13	Missense_Mutation	76	5	81	0.06172839506172839	2	1	1	0.147	1	0.147	0.147	False	0.84	2.0
10	75113384	G	A	TTC18	Silent	27	23	50	0.46	2	1	1	1.0952	1	1.0952	1.0	True	0.84	2.0
10	75677254	G	C	PLAU	3'UTR	44	28	72	0.3888888888888889	2	1	1	0.9259	1	0.9259	0.9259	True	0.84	2.0
10	81273337	C	G	EIF5AL1	3'UTR	36	21	57	0.3684210526315789	2	1	1	0.8772	1	0.8772	0.8772	True	0.84	2.0
10	81915304	G	A	ANXA11	3'UTR	20	12	32	0.375	2	1	1	0.8929	1	0.8929	0.8929	True	0.84	2.0
10	88728242	C	G	ADIRF	5'UTR	17	6	23	0.2608695652173913	2	1	1	0.6211	1	0.6211	0.6211	False	0.84	2.0
10	88930713	C	G	FAM35A	Missense_Mutation	27	15	42	0.35714285714285715	2	1	1	0.8503	1	0.8503	0.8503	True	0.84	2.0
10	90771815	C	T	FAS	Missense_Mutation	15	5	20	0.25	2	1	1	0.5952	1	0.5952	0.5952	False	0.84	2.0
10	91503597	G	A	KIF20B	Silent	37	15	52	0.28846153846153844	2	1	1	0.6868	1	0.6868	0.6868	False	0.84	2.0
10	91528105	C	G	KIF20B	Missense_Mutation	14	16	30	0.5333333333333333	2	1	1	1.2698	1	1.2698	1.0	True	0.84	2.0
10	93272338	G	C	HECTD2	3'UTR	3	11	14	0.7857142857142857	2	1	1	1.8707	1	1.8707	1.0	True	0.84	2.0
10	96100046	G	C	NOC3L	Missense_Mutation	44	20	64	0.3125	2	1	1	0.744	1	0.744	0.744	False	0.84	2.0
10	97131130	C	G	SORBS1	Missense_Mutation	14	10	24	0.4166666666666667	2	1	1	0.9921	1	0.9921	0.9921	True	0.84	2.0
10	99081412	G	A	FRAT1	3'UTR	36	30	66	0.45454545454545453	2	1	1	1.0823	1	1.0823	1.0	True	0.84	2.0
10	99625350	G	C	GOLGA7B	Missense_Mutation	13	12	25	0.48	2	1	1	1.1429	1	1.1429	1.0	True	0.84	2.0
10	99969375	G	A	R3HCC1L	Missense_Mutation	16	11	27	0.4074074074074074	2	1	1	0.97	1	0.97	0.97	True	0.84	2.0
10	101611362	G	A	ABCC2	Missense_Mutation	25	23	48	0.4791666666666667	2	1	1	1.1409	1	1.1409	1.0	True	0.84	2.0
10	102242219	C	G	WNT8B	Missense_Mutation	13	4	17	0.23529411764705882	2	1	1	0.5602	1	0.5602	0.5602	False	0.84	2.0
10	102778905	G	A	PDZD7	Missense_Mutation	2	8	10	0.8	2	1	1	1.9048	1	1.9048	1.0	True	0.84	2.0
10	103190136	C	G	BTRC	Missense_Mutation	32	20	52	0.38461538461538464	2	1	1	0.9158	1	0.9158	0.9158	True	0.84	2.0
10	104019846	C	G	GBF1	Missense_Mutation	67	37	104	0.3557692307692308	2	1	1	0.8471	1	0.8471	0.8471	False	0.84	2.0
10	104122367	G	C	GBF1	Missense_Mutation	24	15	39	0.38461538461538464	2	1	1	0.9158	1	0.9158	0.9158	True	0.84	2.0
10	104170845	G	A	PSD	Silent	28	17	45	0.37777777777777777	2	1	1	0.8995	1	0.8995	0.8995	True	0.84	2.0
10	104182636	G	A	FBXL15	Silent	20	12	32	0.375	2	1	1	0.8929	1	0.8929	0.8929	True	0.84	2.0
10	104244060	C	T	ACTR1A	Missense_Mutation	19	16	35	0.45714285714285713	2	1	1	1.0884	1	1.0884	1.0	True	0.84	2.0
10	104597060	C	T	CYP17A1	Missense_Mutation	22	24	46	0.5217391304347826	2	1	1	1.2422	1	1.2422	1.0	True	0.84	2.0
10	105344981	C	T	NEURL1	Silent	14	15	29	0.5172413793103449	2	1	1	1.2315	1	1.2315	1.0	True	0.84	2.0
10	105727567	G	A	SLK	Missense_Mutation	31	21	52	0.40384615384615385	2	1	1	0.9615	1	0.9615	0.9615	True	0.84	2.0
10	105885337	G	A	SFR1	Missense_Mutation	26	33	59	0.559322033898305	2	1	1	1.3317	1	1.3317	1.0	True	0.84	2.0
10	108333748	A	C	SORCS1	3'Flank	21	5	26	0.19230769230769232	2	1	1	0.4579	1	0.4579	0.4579	False	0.84	2.0
10	111884032	G	A	ADD3	Silent	19	18	37	0.4864864864864865	2	1	1	1.1583	1	1.1583	1.0	True	0.84	2.0
10	112343202	G	C	SMC3	Missense_Mutation	26	11	37	0.2972972972972973	2	1	1	0.7079	1	0.7079	0.7079	False	0.84	2.0
10	112839373	C	G	ADRA2A	3'UTR	24	14	38	0.3684210526315789	2	1	1	0.8772	1	0.8772	0.8772	True	0.84	2.0
10	114910865	C	T	TCF7L2	Silent	70	60	130	0.46153846153846156	2	1	1	1.0989	1	1.0989	1.0	True	0.84	2.0
10	115485290	C	T	CASP7	Silent	19	20	39	0.5128205128205128	2	1	1	1.221	1	1.221	1.0	True	0.84	2.0
10	116050048	G	C	VWA2	3'Flank	23	17	40	0.425	2	1	1	1.0119	1	1.0119	1.0	True	0.84	2.0
10	121342023	C	G	TIAL1	Missense_Mutation	14	12	26	0.46153846153846156	2	1	1	1.0989	1	1.0989	1.0	True	0.84	2.0
10	124551942	G	A	DMBT1P1	RNA	19	12	31	0.3870967741935484	2	1	1	0.9217	1	0.9217	0.9217	True	0.84	2.0
10	125539727	C	T	CPXM2	Missense_Mutation	49	39	88	0.4431818181818182	2	1	1	1.0552	1	1.0552	1.0	True	0.84	2.0
10	128780198	C	T	DOCK1	Missense_Mutation	54	40	94	0.425531914893617	2	1	1	1.0132	1	1.0132	1.0	True	0.84	2.0
10	135010587	G	A	KNDC1	Missense_Mutation	31	21	52	0.40384615384615385	2	1	1	0.9615	1	0.9615	0.9615	True	0.84	2.0
10	135272652	C	G	SPRN	Intron	31	15	46	0.32608695652173914	2	1	1	0.7764	1	0.7764	0.7764	False	0.84	2.0
11	281202	G	C	NLRP6	Missense_Mutation	1	7	8	0.875	2	1	1	2.0833	1	2.0833	1.0	True	0.84	2.0
11	400063	C	T	PKP3	Missense_Mutation	5	12	17	0.7058823529411765	2	1	1	1.6807	1	1.6807	1.0	True	0.84	2.0
11	616921	C	G	CDHR5	3'UTR	9	23	32	0.71875	1	1	0	0.9926	1	0.9926	0.9926	True	0.84	2.0
11	1642395	G	A	KRTAP5-4	3'UTR	7	7	14	0.5	1	1	0	0.6905	1	0.6905	0.6905	False	0.84	2.0
11	1780778	G	C	CTSD	Missense_Mutation	11	23	34	0.6764705882352942	1	1	0	0.9342	1	0.9342	0.9342	True	0.84	2.0
11	1887970	C	G	LSP1	Nonsense_Mutation	3	21	24	0.875	1	1	0	1.2083	1	1.2083	1.0	True	0.84	2.0
11	3381540	C	G	ZNF195	Missense_Mutation	8	25	33	0.7575757575757576	1	1	0	1.0462	1	1.0462	1.0	True	0.84	2.0
11	5172670	G	C	OR52A1	Missense_Mutation	4	6	10	0.6	1	1	0	0.8286	1	0.8286	0.8286	False	0.84	2.0
11	6340548	G	C	PRKCDBP	Missense_Mutation	4	9	13	0.6923076923076923	1	1	0	0.956	1	0.956	0.956	True	0.84	2.0
11	6867247	G	C	OR10A5	Missense_Mutation	13	33	46	0.717391304347826	1	1	0	0.9907	1	0.9907	0.9907	True	0.84	2.0
11	10819087	G	C	EIF4G2	3'UTR	3	11	14	0.7857142857142857	1	1	0	1.085	1	1.085	1.0	True	0.84	2.0
11	17496434	C	T	ABCC8	Missense_Mutation	4	25	29	0.8620689655172413	1	1	0	1.1905	1	1.1905	1.0	True	0.84	2.0
11	27390317	C	G	LGR4	Missense_Mutation	9	9	18	0.5	1	1	0	0.6905	1	0.6905	0.6905	False	0.84	2.0
11	34156767	G	A	NAT10	Missense_Mutation	12	8	20	0.4	1	1	0	0.5524	1	0.5524	0.5524	False	0.84	2.0
11	36293145	C	A	COMMD9	3'Flank	10	14	24	0.5833333333333334	1	1	0	0.8056	1	0.8056	0.8056	False	0.84	2.0
11	36293351	C	T	COMMD9	3'Flank	14	19	33	0.5757575757575758	1	1	0	0.7951	1	0.7951	0.7951	False	0.84	2.0
11	45927614	C	A	MAPK8IP1	3'UTR	5	12	17	0.7058823529411765	1	1	0	0.9748	1	0.9748	0.9748	True	0.84	2.0
11	46329438	G	C	CREB3L1	Missense_Mutation	14	42	56	0.75	1	1	0	1.0357	1	1.0357	1.0	True	0.84	2.0
11	46342826	G	C	CREB3L1	3'UTR	18	40	58	0.6896551724137931	1	1	0	0.9524	1	0.9524	0.9524	True	0.84	2.0
11	47317492	G	C	MADD	Missense_Mutation	11	12	23	0.5217391304347826	1	1	0	0.7205	1	0.7205	0.7205	False	0.84	2.0
11	47333367	G	C	MADD	Missense_Mutation	7	19	26	0.7307692307692307	1	1	0	1.0092	1	1.0092	1.0	True	0.84	2.0
11	55595169	C	T	OR5L2	Missense_Mutation	34	40	74	0.5405405405405406	2	1	1	1.287	1	1.287	1.0	True	0.84	2.0
11	55653304	G	A	TRIM51	Missense_Mutation	110	55	165	0.3333333333333333	2	1	1	0.7937	1	0.7937	0.7937	False	0.84	2.0
11	55681195	C	G	OR5W2	Silent	15	19	34	0.5588235294117647	2	1	1	1.3305	1	1.3305	1.0	True	0.84	2.0
11	55861448	C	G	OR8I2	Nonsense_Mutation	59	31	90	0.34444444444444444	2	1	1	0.8201	1	0.8201	0.8201	False	0.84	2.0
11	56380779	G	T	OR5M1	Missense_Mutation	55	37	92	0.40217391304347827	2	1	1	0.9576	1	0.9576	0.9576	True	0.84	2.0
11	57256402	G	A	SLC43A1	Missense_Mutation	5	5	10	0.5	2	1	1	1.1905	1	1.1905	1.0	True	0.84	2.0
11	57971060	G	A	OR1S2	Silent	46	33	79	0.4177215189873418	2	1	1	0.9946	1	0.9946	0.9946	True	0.84	2.0
11	58386317	C	G	ZFP91	3'UTR	20	8	28	0.2857142857142857	2	1	1	0.6803	1	0.6803	0.6803	False	0.84	2.0
11	58386426	C	G	ZFP91	3'UTR	18	7	25	0.28	2	1	1	0.6667	1	0.6667	0.6667	False	0.84	2.0
11	58386482	C	A	ZFP91	3'UTR	24	5	29	0.1724137931034483	2	1	1	0.4105	1	0.4105	0.4105	False	0.84	2.0
11	60183174	G	A	MS4A14	Missense_Mutation	15	15	30	0.5	2	1	1	1.1905	1	1.1905	1.0	True	0.84	2.0
11	61096837	G	A	DDB1	Nonsense_Mutation	13	5	18	0.2777777777777778	2	1	1	0.6614	1	0.6614	0.6614	False	0.84	2.0
11	61323615	G	A	SYT7	Silent	24	15	39	0.38461538461538464	2	1	1	0.9158	1	0.9158	0.9158	True	0.84	2.0
11	61730086	C	G	BEST1	Nonsense_Mutation	24	10	34	0.29411764705882354	2	1	1	0.7003	1	0.7003	0.7003	False	0.84	2.0
11	62886398	G	C	SLC22A24	Silent	42	23	65	0.35384615384615387	2	1	1	0.8425	1	0.8425	0.8425	False	0.84	2.0
11	63176208	C	G	SLC22A9	Silent	68	49	117	0.4188034188034188	2	1	1	0.9972	1	0.9972	0.9972	True	0.84	2.0
11	64556789	G	T	MAP4K2	3'UTR	10	7	17	0.4117647058823529	2	1	1	0.9804	1	0.9804	0.9804	True	0.84	2.0
11	64698937	G	A	PPP2R5B	Silent	28	19	47	0.40425531914893614	2	1	1	0.9625	1	0.9625	0.9625	True	0.84	2.0
11	64882211	G	C	TM7SF2	Missense_Mutation	36	38	74	0.5135135135135135	2	1	1	1.2227	1	1.2227	1.0	True	0.84	2.0
11	65822642	C	G	SF3B2	Silent	19	7	26	0.2692307692307692	2	1	1	0.641	1	0.641	0.641	False	0.84	2.0
11	66102954	G	A	RIN1	Silent	27	19	46	0.41304347826086957	2	1	1	0.9834	1	0.9834	0.9834	True	0.84	2.0
11	66192484	C	T	NPAS4	Missense_Mutation	22	17	39	0.4358974358974359	2	1	1	1.0379	1	1.0379	1.0	True	0.84	2.0
11	66193860	G	C	NPAS4	3'UTR	19	25	44	0.5681818181818182	2	1	1	1.3528	1	1.3528	1.0	True	0.84	2.0
11	66359139	C	G	CCDC87	Missense_Mutation	24	13	37	0.35135135135135137	2	1	1	0.8366	1	0.8366	0.8366	False	0.84	2.0
11	66384308	C	T	RBM14-RBM4	Silent	30	15	45	0.3333333333333333	2	1	1	0.7937	1	0.7937	0.7937	False	0.84	2.0
11	66393087	C	T	RBM14	Silent	25	24	49	0.4897959183673469	2	1	1	1.1662	1	1.1662	1.0	True	0.84	2.0
11	67226214	G	A	CABP4	3'UTR	21	15	36	0.4166666666666667	2	1	1	0.9921	1	0.9921	0.9921	True	0.84	2.0
11	67226215	G	A	CABP4	3'UTR	21	15	36	0.4166666666666667	2	1	1	0.9921	1	0.9921	0.9921	True	0.84	2.0
11	67226221	G	A	CABP4	3'UTR	23	15	38	0.39473684210526316	2	1	1	0.9398	1	0.9398	0.9398	True	0.84	2.0
11	67267839	C	G	PITPNM1	Missense_Mutation	30	14	44	0.3181818181818182	2	1	1	0.7576	1	0.7576	0.7576	False	0.84	2.0
11	67289435	C	T	CABP2	Missense_Mutation	35	13	48	0.2708333333333333	2	1	1	0.6448	1	0.6448	0.6448	False	0.84	2.0
11	67396431	C	T	NUDT8	Missense_Mutation	27	26	53	0.49056603773584906	2	1	1	1.168	1	1.168	1.0	True	0.84	2.0
11	68369359	C	T	PPP6R3	Missense_Mutation	30	13	43	0.3023255813953488	2	1	1	0.7198	1	0.7198	0.7198	False	0.84	2.0
11	69999169	C	A	ANO1	Missense_Mutation	32	27	59	0.4576271186440678	2	1	1	1.0896	1	1.0896	1.0	True	0.84	2.0
11	70028677	G	A	ANO1	Missense_Mutation	32	25	57	0.43859649122807015	2	1	1	1.0443	1	1.0443	1.0	True	0.84	2.0
11	70824342	C	A	SHANK2	Silent	36	24	60	0.4	2	1	1	0.9524	1	0.9524	0.9524	True	0.84	2.0
11	71174494	A	T	NADSYN1	Missense_Mutation	31	9	40	0.225	2	1	1	0.5357	1	0.5357	0.5357	False	0.84	2.0
11	71850915	C	G	FOLR3	3'UTR	25	21	46	0.45652173913043476	2	1	1	1.087	1	1.087	1.0	True	0.84	2.0
11	71941061	G	A	INPPL1	Missense_Mutation	23	17	40	0.425	2	1	1	1.0119	1	1.0119	1.0	True	0.84	2.0
11	71941062	A	T	INPPL1	Missense_Mutation	23	17	40	0.425	2	1	1	1.0119	1	1.0119	1.0	True	0.84	2.0
11	73611423	G	T	PAAF1	Nonsense_Mutation	25	32	57	0.5614035087719298	2	1	1	1.3367	1	1.3367	1.0	True	0.84	2.0
11	74046997	G	C	PGM2L1	3'UTR	17	13	30	0.43333333333333335	2	1	1	1.0317	1	1.0317	1.0	True	0.84	2.0
11	74656105	T	G	XRRA1	5'UTR	16	11	27	0.4074074074074074	2	1	1	0.97	1	0.97	0.97	True	0.84	2.0
11	74656113	C	G	XRRA1	5'UTR	17	10	27	0.37037037037037035	2	1	1	0.8818	1	0.8818	0.8818	True	0.84	2.0
11	74873697	C	T	SLCO2B1	Intron	62	40	102	0.39215686274509803	2	1	1	0.9337	1	0.9337	0.9337	True	0.84	2.0
11	85435827	G	A	SYTL2	Missense_Mutation	39	25	64	0.390625	2	1	1	0.9301	1	0.9301	0.9301	True	0.84	2.0
11	86662235	C	G	FZD4	Missense_Mutation	35	19	54	0.35185185185185186	2	1	1	0.8377	1	0.8377	0.8377	False	0.84	2.0
11	92615956	T	A	FAT3	Missense_Mutation	31	16	47	0.3404255319148936	2	1	1	0.8105	1	0.8105	0.8105	False	0.84	2.0
11	93529609	C	G	MED17	Nonsense_Mutation	31	23	54	0.42592592592592593	2	1	1	1.0141	1	1.0141	1.0	True	0.84	2.0
11	94703170	C	G	CWC15	Missense_Mutation	42	22	64	0.34375	2	1	1	0.8185	1	0.8185	0.8185	False	0.84	2.0
11	95564411	G	C	CEP57	Missense_Mutation	11	15	26	0.5769230769230769	2	1	1	1.3736	1	1.3736	1.0	True	0.84	2.0
11	96117183	G	C	CCDC82	Silent	46	27	73	0.3698630136986301	2	1	1	0.8806	1	0.8806	0.8806	True	0.84	2.0
11	102567510	G	C	MMP27	Missense_Mutation	24	15	39	0.38461538461538464	2	1	1	0.9158	1	0.9158	0.9158	True	0.84	2.0
11	102667487	C	G	MMP1	Missense_Mutation	35	40	75	0.5333333333333333	2	1	1	1.2698	1	1.2698	1.0	True	0.84	2.0
11	102819836	C	T	MMP13	Silent	10	12	22	0.5454545454545454	2	1	1	1.2987	1	1.2987	1.0	True	0.84	2.0
11	104819268	G	C	CASP4	Nonsense_Mutation	35	26	61	0.4262295081967213	2	1	1	1.0148	1	1.0148	1.0	True	0.84	2.0
11	105774694	G	A	GRIA4	Missense_Mutation	9	9	18	0.5	2	1	1	1.1905	1	1.1905	1.0	True	0.84	2.0
11	110135560	C	T	RDX	Missense_Mutation	26	14	40	0.35	2	1	1	0.8333	1	0.8333	0.8333	False	0.84	2.0
11	111164435	C	T	COLCA1	3'UTR	4	7	11	0.6363636363636364	2	1	1	1.5152	1	1.5152	1.0	True	0.84	2.0
11	111164586	C	A	COLCA1	3'UTR	23	12	35	0.34285714285714286	2	1	1	0.8163	1	0.8163	0.8163	False	0.84	2.0
11	111177315	C	T	COLCA2	Silent	22	18	40	0.45	2	1	1	1.0714	1	1.0714	1.0	True	0.84	2.0
11	111385666	C	T	C11orf88	Nonsense_Mutation	25	9	34	0.2647058823529412	2	1	1	0.6303	1	0.6303	0.6303	False	0.84	2.0
11	111574019	G	A	SIK2	Missense_Mutation	21	17	38	0.4473684210526316	2	1	1	1.0652	1	1.0652	1.0	True	0.84	2.0
11	111680494	C	G	ALG9	Missense_Mutation	18	10	28	0.35714285714285715	2	1	1	0.8503	1	0.8503	0.8503	True	0.84	2.0
11	111889885	C	G	DIXDC1	3'UTR	41	26	67	0.3880597014925373	2	1	1	0.924	1	0.924	0.924	True	0.84	2.0
11	111915924	C	T	DLAT	Silent	41	37	78	0.47435897435897434	2	1	1	1.1294	1	1.1294	1.0	True	0.84	2.0
11	113669908	C	T	USP28	3'UTR	46	5	51	0.09803921568627451	2	1	1	0.2334	1	0.2334	0.2334	False	0.84	2.0
11	113674600	C	G	USP28	Splice_Site	21	16	37	0.43243243243243246	2	1	1	1.0296	1	1.0296	1.0	True	0.84	2.0
11	113860273	C	T	HTR3A	Missense_Mutation	17	18	35	0.5142857142857142	2	1	1	1.2245	1	1.2245	1.0	True	0.84	2.0
11	117038362	A	T	PAFAH1B2	Missense_Mutation	44	22	66	0.3333333333333333	2	1	1	0.7937	1	0.7937	0.7937	False	0.84	2.0
11	117038444	C	T	PAFAH1B2	3'UTR	42	27	69	0.391304347826087	2	1	1	0.9317	1	0.9317	0.9317	True	0.84	2.0
11	118006542	C	G	SCN4B	3'UTR	37	24	61	0.39344262295081966	2	1	1	0.9368	1	0.9368	0.9368	True	0.84	2.0
11	118402891	G	A	TMEM25	Missense_Mutation	22	10	32	0.3125	2	1	1	0.744	1	0.744	0.744	False	0.84	2.0
11	118461080	G	C	ARCN1	Missense_Mutation	27	21	48	0.4375	2	1	1	1.0417	1	1.0417	1.0	True	0.84	2.0
11	118894079	G	T	TRAPPC4	Missense_Mutation	27	28	55	0.509090909090909	2	1	1	1.2121	1	1.2121	1.0	True	0.84	2.0
11	119057255	C	T	PDZD3	Silent	18	16	34	0.47058823529411764	2	1	1	1.1204	1	1.1204	1.0	True	0.84	2.0
11	128329650	C	G	ETS1	3'UTR	15	9	24	0.375	2	1	1	0.8929	1	0.8929	0.8929	True	0.84	2.0
11	128851411	G	T	ARHGAP32	Missense_Mutation	25	12	37	0.32432432432432434	2	1	1	0.7722	1	0.7722	0.7722	False	0.84	2.0
11	129306798	G	A	BARX2	Missense_Mutation	25	20	45	0.4444444444444444	2	1	1	1.0582	1	1.0582	1.0	True	0.84	2.0
11	130104128	C	G	ZBTB44	3'UTR	38	28	66	0.42424242424242425	2	1	1	1.0101	1	1.0101	1.0	True	0.84	2.0
11	130275551	C	T	ADAMTS8	Missense_Mutation	15	9	24	0.375	2	1	1	0.8929	1	0.8929	0.8929	True	0.84	2.0
11	134249161	C	G	B3GAT1	3'Flank	7	9	16	0.5625	2	1	1	1.3393	1	1.3393	1.0	True	0.84	2.0
12	2711064	G	C	CACNA1C	Silent	20	43	63	0.6825396825396826	1	1	0	0.9426	1	0.9426	0.9426	True	0.84	2.0
12	4920131	C	T	KCNA6	Silent	5	14	19	0.7368421052631579	1	1	0	1.0175	1	1.0175	1.0	True	0.84	2.0
12	6692280	C	G	CHD4	Splice_Site	11	16	27	0.5925925925925926	1	1	0	0.8183	1	0.8183	0.8183	False	0.84	2.0
12	6958994	C	G	CDCA3	Silent	11	14	25	0.56	1	1	0	0.7733	1	0.7733	0.7733	False	0.84	2.0
12	10332090	C	G	TMEM52B	5'UTR	6	7	13	0.5384615384615384	1	1	0	0.7436	1	0.7436	0.7436	False	0.84	2.0
12	13716489	G	A	GRIN2B	Missense_Mutation	7	11	18	0.6111111111111112	1	1	0	0.8439	1	0.8439	0.8439	False	0.84	2.0
12	16052915	G	C	STRAP	Missense_Mutation	10	23	33	0.696969696969697	1	1	0	0.9625	1	0.9625	0.9625	True	0.84	2.0
12	22602662	C	A	C2CD5	3'UTR	10	19	29	0.6551724137931034	1	1	0	0.9048	1	0.9048	0.9048	True	0.84	2.0
12	26816701	G	C	ITPR2	Missense_Mutation	11	16	27	0.5925925925925926	1	1	0	0.8183	1	0.8183	0.8183	False	0.84	2.0
12	39734039	A	T	KIF21A	Silent	43	20	63	0.31746031746031744	2	1	1	0.7559	1	0.7559	0.7559	False	0.84	2.0
12	40758834	A	G	LRRK2	Missense_Mutation	43	26	69	0.37681159420289856	2	1	1	0.8972	1	0.8972	0.8972	True	0.84	2.0
12	41853765	G	C	PDZRN4	Intron	23	29	52	0.5576923076923077	2	1	1	1.3278	1	1.3278	1.0	True	0.84	2.0
12	42503418	C	T	GXYLT1	Missense_Mutation	16	7	23	0.30434782608695654	2	1	1	0.7246	1	0.7246	0.7246	False	0.84	2.0
12	46301283	G	C	ARID2	3'UTR	49	40	89	0.449438202247191	2	1	1	1.0701	1	1.0701	1.0	True	0.84	2.0
12	46756857	G	A	SLC38A2	Missense_Mutation	14	8	22	0.36363636363636365	2	1	1	0.8658	1	0.8658	0.8658	True	0.84	2.0
12	48369760	C	T	COL2A1	Missense_Mutation	25	11	36	0.3055555555555556	2	1	1	0.7275	1	0.7275	0.7275	False	0.84	2.0
12	48534544	C	T	PFKM	Missense_Mutation	46	35	81	0.43209876543209874	2	1	1	1.0288	1	1.0288	1.0	True	0.84	2.0
12	48919717	C	T	OR8S1	Silent	45	32	77	0.4155844155844156	2	1	1	0.9895	1	0.9895	0.9895	True	0.84	2.0
12	49431395	G	C	KMT2D	Silent	23	12	35	0.34285714285714286	2	1	1	0.8163	1	0.8163	0.8163	False	0.84	2.0
12	49495285	G	A	LMBR1L	Silent	8	12	20	0.6	2	1	1	1.4286	1	1.4286	1.0	True	0.84	2.0
12	50047597	C	T	FMNL3	Missense_Mutation	56	36	92	0.391304347826087	2	1	1	0.9317	1	0.9317	0.9317	True	0.84	2.0
12	50344910	C	T	AQP2	Silent	29	22	51	0.43137254901960786	2	1	1	1.0271	1	1.0271	1.0	True	0.84	2.0
12	51685700	C	G	BIN2	Missense_Mutation	85	55	140	0.39285714285714285	2	1	1	0.9354	1	0.9354	0.9354	True	0.84	2.0
12	52863516	G	C	KRT6C	Silent	49	42	91	0.46153846153846156	2	1	1	1.0989	1	1.0989	1.0	True	0.84	2.0
12	52908823	C	T	KRT5	Missense_Mutation	43	36	79	0.45569620253164556	2	1	1	1.085	1	1.085	1.0	True	0.84	2.0
12	52908959	C	T	KRT5	Missense_Mutation	42	34	76	0.4473684210526316	2	1	1	1.0652	1	1.0652	1.0	True	0.84	2.0
12	52940257	C	G	KRT71	Missense_Mutation	28	34	62	0.5483870967741935	2	1	1	1.3057	1	1.3057	1.0	True	0.84	2.0
12	53344642	C	T	KRT18	Silent	11	6	17	0.35294117647058826	2	1	1	0.8403	1	0.8403	0.8403	False	0.84	2.0
12	53410310	G	T	EIF4B	Nonsense_Mutation	36	33	69	0.4782608695652174	2	1	1	1.1387	1	1.1387	1.0	True	0.84	2.0
12	53454751	C	T	TENC1	Nonsense_Mutation	20	27	47	0.574468085106383	2	1	1	1.3678	1	1.3678	1.0	True	0.84	2.0
12	53514592	C	G	SOAT2	Missense_Mutation	30	23	53	0.4339622641509434	2	1	1	1.0332	1	1.0332	1.0	True	0.84	2.0
12	53518094	C	T	SOAT2	3'UTR	3	7	10	0.7	2	1	1	1.6667	1	1.6667	1.0	True	0.84	2.0
12	53680114	C	T	ESPL1	Silent	20	12	32	0.375	2	1	1	0.8929	1	0.8929	0.8929	True	0.84	2.0
12	53703052	G	C	AAAS	Nonsense_Mutation	16	18	34	0.5294117647058824	2	1	1	1.2605	1	1.2605	1.0	True	0.84	2.0
12	53803156	G	C	SP1	Missense_Mutation	27	17	44	0.38636363636363635	2	1	1	0.9199	1	0.9199	0.9199	True	0.84	2.0
12	54367370	G	A	HOXC11	Missense_Mutation	11	5	16	0.3125	2	1	1	0.744	1	0.744	0.744	False	0.84	2.0
12	54449549	G	A	HOXC4	3'UTR	14	12	26	0.46153846153846156	2	1	1	1.0989	1	1.0989	1.0	True	0.84	2.0
12	55641088	C	T	OR6C74	Missense_Mutation	26	16	42	0.38095238095238093	2	1	1	0.907	1	0.907	0.907	True	0.84	2.0
12	56092581	C	T	ITGA7	Missense_Mutation	28	23	51	0.45098039215686275	2	1	1	1.0738	1	1.0738	1.0	True	0.84	2.0
12	56151248	G	C	SARNP	3'UTR	12	17	29	0.5862068965517241	2	1	1	1.3957	1	1.3957	1.0	True	0.84	2.0
12	56231076	C	G	MMP19	Missense_Mutation	28	25	53	0.4716981132075472	2	1	1	1.1231	1	1.1231	1.0	True	0.84	2.0
12	56332976	C	G	DGKA	Missense_Mutation	22	21	43	0.4883720930232558	2	1	1	1.1628	1	1.1628	1.0	True	0.84	2.0
12	56397641	G	C	SUOX	Missense_Mutation	20	9	29	0.3103448275862069	2	1	1	0.7389	1	0.7389	0.7389	False	0.84	2.0
12	56398056	G	A	SUOX	Missense_Mutation	18	14	32	0.4375	2	1	1	1.0417	1	1.0417	1.0	True	0.84	2.0
12	56398437	G	T	SUOX	Nonsense_Mutation	67	43	110	0.39090909090909093	2	1	1	0.9307	1	0.9307	0.9307	True	0.84	2.0
12	56503680	G	C	PA2G4	Missense_Mutation	30	15	45	0.3333333333333333	2	1	1	0.7937	1	0.7937	0.7937	False	0.84	2.0
12	56504386	C	T	PA2G4	Missense_Mutation	45	40	85	0.47058823529411764	2	1	1	1.1204	1	1.1204	1.0	True	0.84	2.0
12	56549364	C	G	MYL6B	Missense_Mutation	20	25	45	0.5555555555555556	2	1	1	1.3228	1	1.3228	1.0	True	0.84	2.0
12	56599843	C	G	RNF41	3'UTR	34	22	56	0.39285714285714285	2	1	1	0.9354	1	0.9354	0.9354	True	0.84	2.0
12	56600222	C	T	RNF41	3'UTR	8	11	19	0.5789473684210527	2	1	1	1.3784	1	1.3784	1.0	True	0.84	2.0
12	56600311	C	T	RNF41	Missense_Mutation	20	10	30	0.3333333333333333	2	1	1	0.7937	1	0.7937	0.7937	False	0.84	2.0
12	56817142	G	C	TIMELESS	Silent	43	21	64	0.328125	2	1	1	0.7812	1	0.7812	0.7812	False	0.84	2.0
12	57057307	C	T	PTGES3	3'UTR	7	10	17	0.5882352941176471	2	1	1	1.4006	1	1.4006	1.0	True	0.84	2.0
12	57114446	G	C	NACA	Missense_Mutation	33	13	46	0.2826086956521739	2	1	1	0.6729	1	0.6729	0.6729	False	0.84	2.0
12	57127958	G	A	PRIM1	Nonsense_Mutation	13	8	21	0.38095238095238093	2	1	1	0.907	1	0.907	0.907	True	0.84	2.0
12	57178733	G	C	HSD17B6	Missense_Mutation	44	33	77	0.42857142857142855	2	1	1	1.0204	1	1.0204	1.0	True	0.84	2.0
12	57882491	C	G	MARS	Intron	57	28	85	0.32941176470588235	2	1	1	0.7843	1	0.7843	0.7843	False	0.84	2.0
12	57923714	C	T	MBD6	3'UTR	34	13	47	0.2765957446808511	2	1	1	0.6586	1	0.6586	0.6586	False	0.84	2.0
12	64505618	G	A	SRGAP1	Missense_Mutation	22	15	37	0.40540540540540543	2	1	1	0.9653	1	0.9653	0.9653	True	0.84	2.0
12	66547223	G	C	TMBIM4	Missense_Mutation	6	13	19	0.6842105263157895	2	1	1	1.6291	1	1.6291	1.0	True	0.84	2.0
12	66717770	C	G	HELB	Missense_Mutation	32	14	46	0.30434782608695654	2	1	1	0.7246	1	0.7246	0.7246	False	0.84	2.0
12	66731855	C	G	HELB	Missense_Mutation	24	12	36	0.3333333333333333	2	1	1	0.7937	1	0.7937	0.7937	False	0.84	2.0
12	66770815	C	G	GRIP1	Missense_Mutation	28	20	48	0.4166666666666667	2	1	1	0.9921	1	0.9921	0.9921	True	0.84	2.0
12	66770966	C	G	GRIP1	Silent	34	15	49	0.30612244897959184	2	1	1	0.7289	1	0.7289	0.7289	False	0.84	2.0
12	66788034	C	T	GRIP1	Missense_Mutation	33	21	54	0.3888888888888889	2	1	1	0.9259	1	0.9259	0.9259	True	0.84	2.0
12	66788046	C	G	GRIP1	Missense_Mutation	32	21	53	0.39622641509433965	2	1	1	0.9434	1	0.9434	0.9434	True	0.84	2.0
12	66788130	C	G	GRIP1	Missense_Mutation	24	16	40	0.4	2	1	1	0.9524	1	0.9524	0.9524	True	0.84	2.0
12	68055542	C	G	DYRK2	3'UTR	20	17	37	0.4594594594594595	2	1	1	1.094	1	1.094	1.0	True	0.84	2.0
12	68716864	G	A	MDM1	Missense_Mutation	45	24	69	0.34782608695652173	2	1	1	0.8282	1	0.8282	0.8282	False	0.84	2.0
12	69044238	C	G	RAP1B	Missense_Mutation	54	24	78	0.3076923076923077	2	1	1	0.7326	1	0.7326	0.7326	False	0.84	2.0
12	69250162	G	C	CPM	3'UTR	15	8	23	0.34782608695652173	2	1	1	0.8282	1	0.8282	0.8282	False	0.84	2.0
12	70760704	G	A	KCNMB4	Missense_Mutation	25	15	40	0.375	2	1	1	0.8929	1	0.8929	0.8929	True	0.84	2.0
12	72013120	T	C	ZFC3H1	Missense_Mutation	38	26	64	0.40625	2	1	1	0.9673	1	0.9673	0.9673	True	0.84	2.0
12	78401166	C	T	NAV3	Silent	18	18	36	0.5	2	1	1	1.1905	1	1.1905	1.0	True	0.84	2.0
12	86373920	C	G	MGAT4C	Missense_Mutation	32	21	53	0.39622641509433965	2	1	1	0.9434	1	0.9434	0.9434	True	0.84	2.0
12	94543591	G	C	PLXNC1	Missense_Mutation	18	8	26	0.3076923076923077	2	1	1	0.7326	1	0.7326	0.7326	False	0.84	2.0
12	95397464	C	T	NDUFA12	5'UTR	67	29	96	0.3020833333333333	2	1	1	0.7192	1	0.7192	0.7192	False	0.84	2.0
12	95928089	G	C	USP44	5'UTR	10	11	21	0.5238095238095238	2	1	1	1.2472	1	1.2472	1.0	True	0.84	2.0
12	98850422	C	G	SLC9A7P1	RNA	48	40	88	0.45454545454545453	2	1	1	1.0823	1	1.0823	1.0	True	0.84	2.0
12	101779877	G	A	UTP20	Silent	29	9	38	0.23684210526315788	2	1	1	0.5639	1	0.5639	0.5639	False	0.84	2.0
12	102158230	G	A	GNPTAB	Missense_Mutation	22	18	40	0.45	2	1	1	1.0714	1	1.0714	1.0	True	0.84	2.0
12	102161817	G	C	GNPTAB	Missense_Mutation	17	11	28	0.39285714285714285	2	1	1	0.9354	1	0.9354	0.9354	True	0.84	2.0
12	102271529	C	T	DRAM1	5'UTR	15	9	24	0.375	2	1	1	0.8929	1	0.8929	0.8929	True	0.84	2.0
12	103354281	T	A	ASCL1	3'UTR	11	14	25	0.56	2	1	1	1.3333	1	1.3333	1.0	True	0.84	2.0
12	104332172	G	A	HSP90B1	Missense_Mutation	18	12	30	0.4	2	1	1	0.9524	1	0.9524	0.9524	True	0.84	2.0
12	105456723	C	T	ALDH1L2	Silent	26	15	41	0.36585365853658536	2	1	1	0.8711	1	0.8711	0.8711	True	0.84	2.0
12	106729840	G	A	TCP11L2	Missense_Mutation	30	20	50	0.4	2	1	1	0.9524	1	0.9524	0.9524	True	0.84	2.0
12	107367143	G	C	C12orf23	3'UTR	20	13	33	0.3939393939393939	2	1	1	0.938	1	0.938	0.938	True	0.84	2.0
12	108051308	C	G	BTBD11	Nonsense_Mutation	25	21	46	0.45652173913043476	2	1	1	1.087	1	1.087	1.0	True	0.84	2.0
12	108150630	G	C	PRDM4	Missense_Mutation	13	16	29	0.5517241379310345	2	1	1	1.3136	1	1.3136	1.0	True	0.84	2.0
12	108643769	C	G	WSCD2	3'UTR	12	7	19	0.3684210526315789	2	1	1	0.8772	1	0.8772	0.8772	True	0.84	2.0
12	108911001	C	T	FICD	Silent	23	7	30	0.23333333333333334	2	1	1	0.5556	1	0.5556	0.5556	False	0.84	2.0
12	109328032	G	C	SVOP	Missense_Mutation	23	15	38	0.39473684210526316	2	1	1	0.9398	1	0.9398	0.9398	True	0.84	2.0
12	109541279	C	T	UNG	Nonsense_Mutation	75	34	109	0.3119266055045872	2	1	1	0.7427	1	0.7427	0.7427	False	0.84	2.0
12	109614064	G	C	ACACB	Missense_Mutation	38	23	61	0.3770491803278688	2	1	1	0.8977	1	0.8977	0.8977	True	0.84	2.0
12	110206094	G	T	FAM222A	Silent	11	4	15	0.26666666666666666	2	1	1	0.6349	1	0.6349	0.6349	False	0.84	2.0
12	110628815	G	A	IFT81	Missense_Mutation	47	24	71	0.3380281690140845	2	1	1	0.8048	1	0.8048	0.8048	False	0.84	2.0
12	111078937	G	C	TCTN1	Missense_Mutation	30	17	47	0.3617021276595745	2	1	1	0.8612	1	0.8612	0.8612	True	0.84	2.0
12	111785986	G	A	CUX2	Missense_Mutation	17	14	31	0.45161290322580644	2	1	1	1.0753	1	1.0753	1.0	True	0.84	2.0
12	112460219	G	C	ERP29	Missense_Mutation	23	18	41	0.43902439024390244	2	1	1	1.0453	1	1.0453	1.0	True	0.84	2.0
12	112578867	G	A	TRAFD1	Missense_Mutation	14	22	36	0.6111111111111112	2	1	1	1.455	1	1.455	1.0	True	0.84	2.0
12	112589766	C	G	TRAFD1	Missense_Mutation	27	23	50	0.46	2	1	1	1.0952	1	1.0952	1.0	True	0.84	2.0
12	118199001	G	A	KSR2	Silent	16	11	27	0.4074074074074074	2	1	1	0.97	1	0.97	0.97	True	0.84	2.0
12	120751013	C	G	SIRT4	3'UTR	7	5	12	0.4166666666666667	2	1	1	0.9921	1	0.9921	0.9921	True	0.84	2.0
12	121175684	G	A	ACADS	Missense_Mutation	30	15	45	0.3333333333333333	2	1	1	0.7937	1	0.7937	0.7937	False	0.84	2.0
12	121947490	G	C	KDM2B	Silent	35	18	53	0.33962264150943394	2	1	1	0.8086	1	0.8086	0.8086	False	0.84	2.0
12	122091038	C	T	MORN3	Silent	46	31	77	0.4025974025974026	2	1	1	0.9586	1	0.9586	0.9586	True	0.84	2.0
12	122340930	G	A	PSMD9	Missense_Mutation	30	25	55	0.45454545454545453	2	1	1	1.0823	1	1.0823	1.0	True	0.84	2.0
12	122618098	C	T	MLXIP	Silent	29	16	45	0.35555555555555557	2	1	1	0.8466	1	0.8466	0.8466	False	0.84	2.0
12	123052845	G	A	KNTC1	Missense_Mutation	25	18	43	0.4186046511627907	2	1	1	0.9967	1	0.9967	0.9967	True	0.84	2.0
12	124330576	G	A	DNAH10	Missense_Mutation	45	20	65	0.3076923076923077	2	1	1	0.7326	1	0.7326	0.7326	False	0.84	2.0
12	124363859	G	A	DNAH10	Silent	29	18	47	0.3829787234042553	2	1	1	0.9119	1	0.9119	0.9119	True	0.84	2.0
12	124416304	C	G	DNAH10	Silent	40	28	68	0.4117647058823529	2	1	1	0.9804	1	0.9804	0.9804	True	0.84	2.0
12	124416389	C	G	DNAH10	Missense_Mutation	33	26	59	0.4406779661016949	2	1	1	1.0492	1	1.0492	1.0	True	0.84	2.0
12	125296452	C	T	SCARB1	Silent	35	15	50	0.3	2	1	1	0.7143	1	0.7143	0.7143	False	0.84	2.0
12	132399633	C	G	ULK1	Missense_Mutation	60	36	96	0.375	2	1	1	0.8929	1	0.8929	0.8929	True	0.84	2.0
12	133281324	C	T	PXMP2	3'UTR	26	21	47	0.44680851063829785	2	1	1	1.0638	1	1.0638	1.0	True	0.84	2.0
12	133398849	C	G	GOLGA3	5'UTR	12	5	17	0.29411764705882354	2	1	1	0.7003	1	0.7003	0.7003	False	0.84	2.0
13	20356657	G	A	PSPC1	Missense_Mutation	15	24	39	0.6153846153846154	2	1	1	1.4652	1	1.4652	1.0	True	0.84	2.0
13	21353838	C	G	XPO4	3'UTR	20	17	37	0.4594594594594595	2	1	1	1.094	1	1.094	1.0	True	0.84	2.0
13	21548001	G	C	LATS2	3'UTR	23	12	35	0.34285714285714286	2	1	1	0.8163	1	0.8163	0.8163	False	0.84	2.0
13	21548010	G	C	LATS2	3'UTR	24	12	36	0.3333333333333333	2	1	1	0.7937	1	0.7937	0.7937	False	0.84	2.0
13	23905294	C	T	SACS	Missense_Mutation	28	17	45	0.37777777777777777	2	1	1	0.8995	1	0.8995	0.8995	True	0.84	2.0
13	24797596	G	C	SPATA13	Missense_Mutation	29	11	40	0.275	2	1	1	0.6548	1	0.6548	0.6548	False	0.84	2.0
13	26978201	C	G	CDK8	Missense_Mutation	22	15	37	0.40540540540540543	2	1	1	0.9653	1	0.9653	0.9653	True	0.84	2.0
13	28895716	G	A	FLT1	Missense_Mutation	13	9	22	0.4090909090909091	2	1	1	0.974	1	0.974	0.974	True	0.84	2.0
13	31232305	G	A	USPL1	Silent	13	6	19	0.3157894736842105	2	1	1	0.7519	1	0.7519	0.7519	False	0.84	2.0
13	33261335	C	T	PDS5B	Missense_Mutation	31	13	44	0.29545454545454547	2	1	1	0.7035	1	0.7035	0.7035	False	0.84	2.0
13	35770151	C	A	NBEA	Missense_Mutation	28	16	44	0.36363636363636365	2	1	1	0.8658	1	0.8658	0.8658	True	0.84	2.0
13	36878517	C	T	SPG20	Silent	42	29	71	0.4084507042253521	2	1	1	0.9725	1	0.9725	0.9725	True	0.84	2.0
13	46543770	T	G	ZC3H13	Missense_Mutation	54	42	96	0.4375	2	1	1	1.0417	1	1.0417	1.0	True	0.84	2.0
13	47243273	C	T	LRCH1	Silent	28	18	46	0.391304347826087	2	1	1	0.9317	1	0.9317	0.9317	True	0.84	2.0
13	49075957	C	G	RCBTB2	Missense_Mutation	28	29	57	0.5087719298245614	2	1	1	1.2114	1	1.2114	1.0	True	0.84	2.0
13	49075967	C	T	RCBTB2	Silent	32	29	61	0.47540983606557374	2	1	1	1.1319	1	1.1319	1.0	True	0.84	2.0
13	58299562	G	C	PCDH17	3'UTR	48	14	62	0.22580645161290322	3	2	1	0.7634	1	0.7634	0.7634	False	0.84	2.0
13	61987593	C	A	PCDH20	Missense_Mutation	57	30	87	0.3448275862068966	3	2	1	1.1658	1	1.1658	1.0	True	0.84	2.0
13	73319333	G	A	BORA	Silent	36	6	42	0.14285714285714285	3	2	1	0.483	1	0.483	0.483	False	0.84	2.0
13	73636341	G	A	KLF5	Missense_Mutation	32	19	51	0.37254901960784315	3	2	1	1.2596	1	1.2596	1.0	True	0.84	2.0
13	73636562	G	A	KLF5	Silent	43	12	55	0.21818181818181817	3	2	1	0.7377	1	0.7377	0.7377	False	0.84	2.0
13	73649905	G	A	KLF5	Missense_Mutation	22	11	33	0.3333333333333333	3	2	1	1.127	1	1.127	1.0	True	0.84	2.0
13	76111745	C	T	COMMD6	Intron	16	7	23	0.30434782608695654	3	2	1	1.029	1	1.029	1.0	True	0.84	2.0
13	76447803	C	T	C13orf45	Missense_Mutation	65	15	80	0.1875	3	2	1	0.6339	1	0.6339	0.6339	False	0.84	2.0
13	77633672	C	G	MYCBP2	Missense_Mutation	37	11	48	0.22916666666666666	3	2	1	0.7748	1	0.7748	0.7748	False	0.84	2.0
13	77754359	C	T	MYCBP2	Missense_Mutation	47	26	73	0.3561643835616438	3	2	1	1.2042	1	1.2042	1.0	True	0.84	2.0
13	77754364	C	T	MYCBP2	Silent	43	24	67	0.3582089552238806	3	2	1	1.2111	1	1.2111	1.0	True	0.84	2.0
13	79927342	A	G	RBM26	Intron	26	16	42	0.38095238095238093	3	2	1	1.288	1	1.288	1.0	True	0.84	2.0
13	94958240	C	T	GPC6	Nonsense_Mutation	32	13	45	0.28888888888888886	3	2	1	0.9767	1	0.9767	0.9767	True	0.84	2.0
13	96506724	C	T	UGGT2	Silent	29	9	38	0.23684210526315788	3	2	1	0.8008	1	0.8008	0.8008	False	0.84	2.0
13	97485131	G	C	HS6ST3	Missense_Mutation	48	23	71	0.323943661971831	3	2	1	1.0952	1	1.0952	1.0	True	0.84	2.0
13	99567589	G	A	DOCK9	Missense_Mutation	69	20	89	0.2247191011235955	3	2	1	0.7598	1	0.7598	0.7598	False	0.84	2.0
13	100544761	G	C	CLYBL	3'UTR	65	13	78	0.16666666666666666	3	2	1	0.5635	1	0.5635	0.5635	False	0.84	2.0
13	100959510	C	T	PCCA	Missense_Mutation	39	21	60	0.35	3	2	1	1.1833	1	1.1833	1.0	True	0.84	2.0
13	107144440	G	C	EFNB2	3'UTR	75	22	97	0.2268041237113402	3	2	1	0.7668	1	0.7668	0.7668	False	0.84	2.0
13	109772765	C	G	MYO16	Silent	27	12	39	0.3076923076923077	3	2	1	1.0403	1	1.0403	1.0	True	0.84	2.0
13	110822996	G	A	COL4A1	Missense_Mutation	41	15	56	0.26785714285714285	3	2	1	0.9056	1	0.9056	0.9056	True	0.84	2.0
13	111088663	C	T	COL4A2	Silent	28	14	42	0.3333333333333333	3	2	1	1.127	1	1.127	1.0	True	0.84	2.0
13	111176517	G	A	RAB20	Missense_Mutation	28	13	41	0.3170731707317073	3	2	1	1.072	1	1.072	1.0	True	0.84	2.0
13	111299498	C	T	CARS2	Missense_Mutation	44	14	58	0.2413793103448276	3	2	1	0.8161	1	0.8161	0.8161	False	0.84	2.0
13	111918015	C	T	ARHGEF7	Intron	18	9	27	0.3333333333333333	3	2	1	1.127	1	1.127	1.0	True	0.84	2.0
13	113536508	G	A	ATP11A	3'UTR	7	4	11	0.36363636363636365	3	2	1	1.2294	1	1.2294	1.0	True	0.84	2.0
13	113742717	G	C	MCF2L	Missense_Mutation	23	6	29	0.20689655172413793	3	2	1	0.6995	1	0.6995	0.6995	False	0.84	2.0
14	20002266	C	T	POTEM	Missense_Mutation	279	37	316	0.11708860759493671	2	1	1	0.2788	1	0.2788	0.2788	False	0.84	2.0
14	20779661	C	G	CCNB1IP1	3'UTR	15	4	19	0.21052631578947367	2	1	1	0.5013	1	0.5013	0.5013	False	0.84	2.0
14	21269764	G	C	RNASE1	Missense_Mutation	37	19	56	0.3392857142857143	2	1	1	0.8078	1	0.8078	0.8078	False	0.84	2.0
14	21771580	C	G	RPGRIP1	Missense_Mutation	11	11	22	0.5	2	1	1	1.1905	1	1.1905	1.0	True	0.84	2.0
14	21785759	G	A	RPGRIP1	Intron	29	16	45	0.35555555555555557	2	1	1	0.8466	1	0.8466	0.8466	False	0.84	2.0
14	21789513	G	C	RPGRIP1	Missense_Mutation	34	19	53	0.3584905660377358	2	1	1	0.8535	1	0.8535	0.8535	True	0.84	2.0
14	21961402	G	C	TOX4	Missense_Mutation	23	12	35	0.34285714285714286	2	1	1	0.8163	1	0.8163	0.8163	False	0.84	2.0
14	22690353	C	T	TRAV35	Silent	22	15	37	0.40540540540540543	2	1	1	0.9653	1	0.9653	0.9653	True	0.84	2.0
14	23416876	G	C	HAUS4	Missense_Mutation	41	29	70	0.4142857142857143	2	1	1	0.9864	1	0.9864	0.9864	True	0.84	2.0
14	23445862	C	G	AJUBA	Missense_Mutation	26	17	43	0.3953488372093023	2	1	1	0.9413	1	0.9413	0.9413	True	0.84	2.0
14	23451250	G	A	AJUBA	Nonsense_Mutation	25	30	55	0.5454545454545454	2	1	1	1.2987	1	1.2987	1.0	True	0.84	2.0
14	23793450	C	G	PABPN1	Missense_Mutation	25	10	35	0.2857142857142857	2	1	1	0.6803	1	0.6803	0.6803	False	0.84	2.0
14	23884243	C	G	MYH7	Missense_Mutation	37	21	58	0.3620689655172414	2	1	1	0.8621	1	0.8621	0.8621	True	0.84	2.0
14	24868463	C	G	NYNRIN	Missense_Mutation	22	14	36	0.3888888888888889	2	1	1	0.9259	1	0.9259	0.9259	True	0.84	2.0
14	32328428	G	A	NUBPL	3'UTR	29	13	42	0.30952380952380953	2	1	1	0.737	1	0.737	0.737	False	0.84	2.0
14	32619107	G	C	ARHGAP5	Splice_Site	25	19	44	0.4318181818181818	2	1	1	1.0281	1	1.0281	1.0	True	0.84	2.0
14	36005286	C	T	INSM2	3'UTR	54	31	85	0.36470588235294116	2	1	1	0.8683	1	0.8683	0.8683	True	0.84	2.0
14	38059859	C	G	FOXA1	3'UTR	7	6	13	0.46153846153846156	2	1	1	1.0989	1	1.0989	1.0	True	0.84	2.0
14	42077499	C	G	LRFN5	5'UTR	12	19	31	0.6129032258064516	2	1	1	1.4593	1	1.4593	1.0	True	0.84	2.0
14	50605450	T	A	SOS2	Missense_Mutation	13	12	25	0.48	2	1	1	1.1429	1	1.1429	1.0	True	0.84	2.0
14	50666501	C	G	SOS2	Missense_Mutation	32	19	51	0.37254901960784315	2	1	1	0.887	1	0.887	0.887	True	0.84	2.0
14	50892637	G	C	MAP4K5	Missense_Mutation	15	7	22	0.3181818181818182	2	1	1	0.7576	1	0.7576	0.7576	False	0.84	2.0
14	51225146	C	G	NIN	Missense_Mutation	16	11	27	0.4074074074074074	2	1	1	0.97	1	0.97	0.97	True	0.84	2.0
14	51443253	C	T	TRIM9	3'UTR	5	4	9	0.4444444444444444	2	1	1	1.0582	1	1.0582	1.0	True	0.84	2.0
14	52471612	C	G	NID2	3'UTR	28	29	57	0.5087719298245614	2	1	1	1.2114	1	1.2114	1.0	True	0.84	2.0
14	52734613	C	T	PTGDR	Silent	21	16	37	0.43243243243243246	2	1	1	1.0296	1	1.0296	1.0	True	0.84	2.0
14	52781855	C	T	PTGER2	Silent	15	21	36	0.5833333333333334	2	1	1	1.3889	1	1.3889	1.0	True	0.84	2.0
14	55514034	C	G	SOCS4	3'UTR	29	13	42	0.30952380952380953	2	1	1	0.737	1	0.737	0.737	False	0.84	2.0
14	55514141	C	G	SOCS4	3'UTR	41	12	53	0.22641509433962265	2	1	1	0.5391	1	0.5391	0.5391	False	0.84	2.0
14	55518385	G	C	MAPK1IP1L	5'UTR	18	13	31	0.41935483870967744	2	1	1	0.9985	1	0.9985	0.9985	True	0.84	2.0
14	55609464	C	G	LGALS3	Missense_Mutation	17	7	24	0.2916666666666667	2	1	1	0.6944	1	0.6944	0.6944	False	0.84	2.0
14	56104059	G	C	KTN1	Missense_Mutation	13	6	19	0.3157894736842105	2	1	1	0.7519	1	0.7519	0.7519	False	0.84	2.0
14	57269054	C	G	OTX2	Missense_Mutation	33	17	50	0.34	2	1	1	0.8095	1	0.8095	0.8095	False	0.84	2.0
14	57876918	A	G	NAA30	3'UTR	20	12	32	0.375	2	1	1	0.8929	1	0.8929	0.8929	True	0.84	2.0
14	58771670	G	C	ARID4A	Silent	40	28	68	0.4117647058823529	2	1	1	0.9804	1	0.9804	0.9804	True	0.84	2.0
14	60591245	G	A	PCNXL4	Missense_Mutation	21	11	32	0.34375	2	1	1	0.8185	1	0.8185	0.8185	False	0.84	2.0
14	63175099	G	T	KCNH5	Silent	61	20	81	0.24691358024691357	2	1	1	0.5879	1	0.5879	0.5879	False	0.84	2.0
14	64408787	C	T	SYNE2	Missense_Mutation	34	34	68	0.5	2	1	1	1.1905	1	1.1905	1.0	True	0.84	2.0
14	64938256	C	G	AKAP5	3'UTR	35	31	66	0.4696969696969697	2	1	1	1.1183	1	1.1183	1.0	True	0.84	2.0
14	64989698	G	C	ZBTB1	Missense_Mutation	25	11	36	0.3055555555555556	2	1	1	0.7275	1	0.7275	0.7275	False	0.84	2.0
14	65009338	G	A	HSPA2	Missense_Mutation	20	14	34	0.4117647058823529	2	1	1	0.9804	1	0.9804	0.9804	True	0.84	2.0
14	65194406	G	C	PLEKHG3	Silent	46	34	80	0.425	2	1	1	1.0119	1	1.0119	1.0	True	0.84	2.0
14	67787084	G	C	MPP5	Missense_Mutation	30	16	46	0.34782608695652173	2	1	1	0.8282	1	0.8282	0.8282	False	0.84	2.0
14	68282646	G	A	ZFYVE26	Missense_Mutation	22	17	39	0.4358974358974359	2	1	1	1.0379	1	1.0379	1.0	True	0.84	2.0
14	71513704	G	C	PCNX	Missense_Mutation	35	14	49	0.2857142857142857	2	1	1	0.6803	1	0.6803	0.6803	False	0.84	2.0
14	73989258	C	G	HEATR4	Missense_Mutation	24	30	54	0.5555555555555556	2	1	1	1.3228	1	1.3228	1.0	True	0.84	2.0
14	74036564	G	C	ACOT2	Missense_Mutation	24	13	37	0.35135135135135137	2	1	1	0.8366	1	0.8366	0.8366	False	0.84	2.0
14	74083729	G	C	ACOT6	5'UTR	31	24	55	0.43636363636363634	2	1	1	1.039	1	1.039	1.0	True	0.84	2.0
14	74179653	C	T	PNMA1	Silent	29	14	43	0.32558139534883723	2	1	1	0.7752	1	0.7752	0.7752	False	0.84	2.0
14	74196458	G	C	ELMSAN1	Silent	17	9	26	0.34615384615384615	2	1	1	0.8242	1	0.8242	0.8242	False	0.84	2.0
14	74400840	C	T	FAM161B	3'UTR	13	5	18	0.2777777777777778	2	1	1	0.6614	1	0.6614	0.6614	False	0.84	2.0
14	75276095	T	C	YLPM1	Missense_Mutation	19	16	35	0.45714285714285713	2	1	1	1.0884	1	1.0884	1.0	True	0.84	2.0
14	77242382	G	C	VASH1	Silent	40	33	73	0.4520547945205479	2	1	1	1.0763	1	1.0763	1.0	True	0.84	2.0
14	77873163	C	T	NOXRED1	Missense_Mutation	37	19	56	0.3392857142857143	2	1	1	0.8078	1	0.8078	0.8078	False	0.84	2.0
14	88477106	C	T	GPR65	5'UTR	24	13	37	0.35135135135135137	2	1	1	0.8366	1	0.8366	0.8366	False	0.84	2.0
14	90778753	C	T	NRDE2	Missense_Mutation	7	4	11	0.36363636363636365	2	1	1	0.8658	1	0.8658	0.8658	True	0.84	2.0
14	90778799	C	G	NRDE2	Missense_Mutation	14	4	18	0.2222222222222222	2	1	1	0.5291	1	0.5291	0.5291	False	0.84	2.0
14	92477349	G	A	TRIP11	Missense_Mutation	63	47	110	0.42727272727272725	2	1	1	1.0173	1	1.0173	1.0	True	0.84	2.0
14	92629902	G	A	CPSF2	3'UTR	37	20	57	0.3508771929824561	2	1	1	0.8354	1	0.8354	0.8354	False	0.84	2.0
14	93282695	G	T	GOLGA5	Nonsense_Mutation	28	25	53	0.4716981132075472	2	1	1	1.1231	1	1.1231	1.0	True	0.84	2.0
14	93717986	C	G	BTBD7	Missense_Mutation	37	22	59	0.3728813559322034	2	1	1	0.8878	1	0.8878	0.8878	True	0.84	2.0
14	94716590	G	C	PPP4R4	Missense_Mutation	26	17	43	0.3953488372093023	2	1	1	0.9413	1	0.9413	0.9413	True	0.84	2.0
14	95932321	C	G	SYNE3	Missense_Mutation	30	13	43	0.3023255813953488	2	1	1	0.7198	1	0.7198	0.7198	False	0.84	2.0
14	96773233	G	C	ATG2B	Missense_Mutation	12	15	27	0.5555555555555556	2	1	1	1.3228	1	1.3228	1.0	True	0.84	2.0
14	96944801	G	C	AK7	Splice_Site	32	13	45	0.28888888888888886	2	1	1	0.6878	1	0.6878	0.6878	False	0.84	2.0
14	96944935	C	T	AK7	Silent	37	19	56	0.3392857142857143	2	1	1	0.8078	1	0.8078	0.8078	False	0.84	2.0
14	101138355	A	G	LINC00523	RNA	11	8	19	0.42105263157894735	2	1	1	1.0025	1	1.0025	1.0	True	0.84	2.0
14	101391163	G	A	SNORD113-1	RNA	7	11	18	0.6111111111111112	2	1	1	1.455	1	1.455	1.0	True	0.84	2.0
14	102467876	G	T	DYNC1H1	Missense_Mutation	22	18	40	0.45	2	1	1	1.0714	1	1.0714	1.0	True	0.84	2.0
14	102517024	G	C	DYNC1H1	3'UTR	16	7	23	0.30434782608695654	2	1	1	0.7246	1	0.7246	0.7246	False	0.84	2.0
14	102517028	G	A	DYNC1H1	3'UTR	13	8	21	0.38095238095238093	2	1	1	0.907	1	0.907	0.907	True	0.84	2.0
14	104025991	G	T	BAG5	3'UTR	25	11	36	0.3055555555555556	2	1	1	0.7275	1	0.7275	0.7275	False	0.84	2.0
14	104026001	T	C	BAG5	3'UTR	27	10	37	0.2702702702702703	2	1	1	0.6435	1	0.6435	0.6435	False	0.84	2.0
14	104165740	C	G	XRCC3	Silent	19	19	38	0.5	2	1	1	1.1905	1	1.1905	1.0	True	0.84	2.0
14	105180715	G	A	INF2	Silent	38	24	62	0.3870967741935484	2	1	1	0.9217	1	0.9217	0.9217	True	0.84	2.0
14	105409512	C	T	AHNAK2	Silent	76	41	117	0.3504273504273504	2	1	1	0.8344	1	0.8344	0.8344	False	0.84	2.0
14	105477720	C	G	CDCA4	Missense_Mutation	11	17	28	0.6071428571428571	2	1	1	1.4456	1	1.4456	1.0	True	0.84	2.0
14	105478048	C	T	CDCA4	Missense_Mutation	14	12	26	0.46153846153846156	2	1	1	1.0989	1	1.0989	1.0	True	0.84	2.0
14	106391135	C	G	KIAA0125	3'Flank	119	76	195	0.38974358974358975	2	1	1	0.928	1	0.928	0.928	True	0.84	2.0
14	107048725	G	A	IGHV3-53	Missense_Mutation	45	58	103	0.5631067961165048	2	1	1	1.3407	1	1.3407	1.0	True	0.84	2.0
15	20170015	C	G	IGHV1OR15-9	Missense_Mutation	55	35	90	0.3888888888888889	2	1	1	0.9259	1	0.9259	0.9259	True	0.84	2.0
15	20170187	C	T	IGHV1OR15-9	Missense_Mutation	53	35	88	0.3977272727272727	2	1	1	0.947	1	0.947	0.947	True	0.84	2.0
15	20740076	C	G	GOLGA6L6	Missense_Mutation	368	55	423	0.13002364066193853	2	1	1	0.3096	1	0.3096	0.3096	False	0.84	2.0
15	21051218	C	A	POTEB2	Missense_Mutation	588	44	632	0.06962025316455696	2	1	1	0.1658	1	0.1658	0.1658	False	0.84	2.0
15	25315632	G	C	SNORD116-8	RNA	84	31	115	0.26956521739130435	2	1	1	0.6418	1	0.6418	0.6418	False	0.84	2.0
15	27572024	G	C	GABRG3	Missense_Mutation	31	40	71	0.5633802816901409	2	1	1	1.3414	1	1.3414	1.0	True	0.84	2.0
15	28517458	G	A	HERC2	Missense_Mutation	90	22	112	0.19642857142857142	2	1	1	0.4677	1	0.4677	0.4677	False	0.84	2.0
15	29560906	C	A	NDNL2	3'UTR	13	6	19	0.3157894736842105	2	1	1	0.7519	1	0.7519	0.7519	False	0.84	2.0
15	31294254	C	A	TRPM1	Missense_Mutation	74	47	121	0.3884297520661157	2	1	1	0.9248	1	0.9248	0.9248	True	0.84	2.0
15	32917801	G	C	ARHGAP11A	Missense_Mutation	45	30	75	0.4	2	1	1	0.9524	1	0.9524	0.9524	True	0.84	2.0
15	38786816	C	T	RASGRP1	Missense_Mutation	23	9	32	0.28125	2	1	1	0.6696	1	0.6696	0.6696	False	0.84	2.0
15	40093710	C	G	GPR176	Missense_Mutation	31	14	45	0.3111111111111111	2	1	1	0.7407	1	0.7407	0.7407	False	0.84	2.0
15	40632180	C	G	C15orf52	Missense_Mutation	15	6	21	0.2857142857142857	2	1	1	0.6803	1	0.6803	0.6803	False	0.84	2.0
15	41279304	C	T	INO80	Missense_Mutation	10	13	23	0.5652173913043478	1	1	0	0.7805	1	0.7805	0.7805	False	0.84	2.0
15	42192602	C	G	EHD4	3'UTR	18	15	33	0.45454545454545453	1	1	0	0.6277	1	0.6277	0.6277	False	0.84	2.0
15	42483732	C	G	VPS39	Missense_Mutation	25	19	44	0.4318181818181818	1	1	0	0.5963	1	0.5963	0.5963	False	0.84	2.0
15	42805600	C	G	SNAP23	Missense_Mutation	19	43	62	0.6935483870967742	1	1	0	0.9578	1	0.9578	0.9578	True	0.84	2.0
15	43016684	C	G	CDAN1	3'UTR	6	7	13	0.5384615384615384	1	1	0	0.7436	1	0.7436	0.7436	False	0.84	2.0
15	43622163	C	T	LCMT2	Silent	0	12	12	1.0	1	1	0	1.381	1	1.381	1.0	True	0.84	2.0
15	48433290	G	C	MYEF2	3'UTR	6	9	15	0.6	1	1	0	0.8286	1	0.8286	0.8286	False	0.84	2.0
15	51293237	C	G	AP4E1	Nonsense_Mutation	3	6	9	0.6666666666666666	1	1	0	0.9206	1	0.9206	0.9206	True	0.84	2.0
15	51773272	C	G	DMXL2	Missense_Mutation	25	37	62	0.5967741935483871	1	1	0	0.8241	1	0.8241	0.8241	False	0.84	2.0
15	52873958	G	C	FAM214A	3'UTR	7	14	21	0.6666666666666666	1	1	0	0.9206	1	0.9206	0.9206	True	0.84	2.0
15	58853062	G	C	LIPC	Splice_Site	22	13	35	0.37142857142857144	2	1	1	0.8844	1	0.8844	0.8844	True	0.84	2.0
15	58853088	G	C	LIPC	Missense_Mutation	32	19	51	0.37254901960784315	2	1	1	0.887	1	0.887	0.887	True	0.84	2.0
15	58888577	C	G	ADAM10	3'UTR	26	12	38	0.3157894736842105	2	1	1	0.7519	1	0.7519	0.7519	False	0.84	2.0
15	58889522	C	T	ADAM10	3'UTR	29	32	61	0.5245901639344263	2	1	1	1.249	1	1.249	1.0	True	0.84	2.0
15	59064305	C	T	FAM63B	Silent	46	16	62	0.25806451612903225	2	1	1	0.6144	1	0.6144	0.6144	False	0.84	2.0
15	59186369	T	C	SLTM	Silent	40	38	78	0.48717948717948717	2	1	1	1.16	1	1.16	1.0	True	0.84	2.0
15	59387098	G	C	RNF111	Nonstop_Mutation	51	37	88	0.42045454545454547	2	1	1	1.0011	1	1.0011	1.0	True	0.84	2.0
15	59553683	G	C	MYO1E	Nonsense_Mutation	13	10	23	0.43478260869565216	2	1	1	1.0352	1	1.0352	1.0	True	0.84	2.0
15	63433500	G	C	LACTB	Missense_Mutation	31	10	41	0.24390243902439024	2	1	1	0.5807	1	0.5807	0.5807	False	0.84	2.0
15	64388288	G	C	SNX1	Missense_Mutation	24	18	42	0.42857142857142855	2	1	1	1.0204	1	1.0204	1.0	True	0.84	2.0
15	65350926	C	T	RASL12	Silent	18	9	27	0.3333333333333333	2	1	1	0.7937	1	0.7937	0.7937	False	0.84	2.0
15	66792466	C	G	RPL4	Missense_Mutation	25	31	56	0.5535714285714286	2	1	1	1.318	1	1.318	1.0	True	0.84	2.0
15	66857046	C	G	LCTL	Missense_Mutation	34	27	61	0.4426229508196721	2	1	1	1.0539	1	1.0539	1.0	True	0.84	2.0
15	68613817	C	G	ITGA11	Missense_Mutation	9	8	17	0.47058823529411764	2	1	1	1.1204	1	1.1204	1.0	True	0.84	2.0
15	70959653	G	A	UACA	Missense_Mutation	19	10	29	0.3448275862068966	2	1	1	0.821	1	0.821	0.821	False	0.84	2.0
15	72142438	G	C	MYO9A	Missense_Mutation	48	29	77	0.37662337662337664	2	1	1	0.8967	1	0.8967	0.8967	True	0.84	2.0
15	72311419	G	C	MYO9A	Silent	13	14	27	0.5185185185185185	2	1	1	1.2346	1	1.2346	1.0	True	0.84	2.0
15	72454718	C	T	GRAMD2	Silent	23	13	36	0.3611111111111111	2	1	1	0.8598	1	0.8598	0.8598	True	0.84	2.0
15	72640386	C	G	HEXA	Intron	34	32	66	0.48484848484848486	2	1	1	1.1544	1	1.1544	1.0	True	0.84	2.0
15	72700113	C	G	TMEM202	Nonsense_Mutation	23	24	47	0.5106382978723404	2	1	1	1.2158	1	1.2158	1.0	True	0.84	2.0
15	73409150	G	A	NEO1	Missense_Mutation	18	9	27	0.3333333333333333	2	1	1	0.7937	1	0.7937	0.7937	False	0.84	2.0
15	75981682	G	A	CSPG4	Missense_Mutation	139	98	237	0.41350210970464135	2	1	1	0.9845	1	0.9845	0.9845	True	0.84	2.0
15	76998282	C	T	SCAPER	Missense_Mutation	27	30	57	0.5263157894736842	2	1	1	1.2531	1	1.2531	1.0	True	0.84	2.0
15	78577611	G	A	WDR61	Nonsense_Mutation	20	18	38	0.47368421052631576	2	1	1	1.1278	1	1.1278	1.0	True	0.84	2.0
15	79217722	C	G	CTSH	Missense_Mutation	14	13	27	0.48148148148148145	2	1	1	1.1464	1	1.1464	1.0	True	0.84	2.0
15	80216434	G	A	C15ORF37	3'UTR	45	32	77	0.4155844155844156	2	1	1	0.9895	1	0.9895	0.9895	True	0.84	2.0
15	81241447	C	G	KIAA1199	3'UTR	27	23	50	0.46	2	1	1	1.0952	1	1.0952	1.0	True	0.84	2.0
15	83224721	C	G	CPEB1	Missense_Mutation	14	13	27	0.48148148148148145	2	1	1	1.1464	1	1.1464	1.0	True	0.84	2.0
15	83776462	C	T	TM6SF1	Silent	19	12	31	0.3870967741935484	2	1	1	0.9217	1	0.9217	0.9217	True	0.84	2.0
15	85383866	C	T	ALPK3	Silent	18	16	34	0.47058823529411764	2	1	1	1.1204	1	1.1204	1.0	True	0.84	2.0
15	86128965	G	C	AKAP13	Missense_Mutation	44	39	83	0.46987951807228917	2	1	1	1.1188	1	1.1188	1.0	True	0.84	2.0
15	89402424	C	G	ACAN	Missense_Mutation	23	14	37	0.3783783783783784	2	1	1	0.9009	1	0.9009	0.9009	True	0.84	2.0
15	89740051	C	G	ABHD2	3'UTR	16	8	24	0.3333333333333333	2	1	1	0.7937	1	0.7937	0.7937	False	0.84	2.0
15	90768586	C	G	SEMA4B	Nonsense_Mutation	35	22	57	0.38596491228070173	2	1	1	0.919	1	0.919	0.919	True	0.84	2.0
15	91141768	G	T	CRTC3	Intron	14	16	30	0.5333333333333333	2	1	1	1.2698	1	1.2698	1.0	True	0.84	2.0
15	91141793	G	A	CRTC3	Intron	18	14	32	0.4375	2	1	1	1.0417	1	1.0417	1.0	True	0.84	2.0
15	91483039	G	A	UNC45A	Missense_Mutation	57	35	92	0.3804347826086957	2	1	1	0.9058	1	0.9058	0.9058	True	0.84	2.0
15	91509566	C	T	PRC1	3'UTR	26	22	48	0.4583333333333333	2	1	1	1.0913	1	1.0913	1.0	True	0.84	2.0
15	93485094	C	T	CHD2	Silent	27	20	47	0.425531914893617	2	1	1	1.0132	1	1.0132	1.0	True	0.84	2.0
15	99504315	C	G	IGF1R	3'UTR	41	23	64	0.359375	2	1	1	0.8557	1	0.8557	0.8557	True	0.84	2.0
15	101589932	C	G	LRRK1	Nonsense_Mutation	27	27	54	0.5	2	1	1	1.1905	1	1.1905	1.0	True	0.84	2.0
15	101865104	C	T	PCSK6	Silent	7	10	17	0.5882352941176471	2	1	1	1.4006	1	1.4006	1.0	True	0.84	2.0
15	102191956	G	A	TM2D3	Nonsense_Mutation	28	19	47	0.40425531914893614	2	1	1	0.9625	1	0.9625	0.9625	True	0.84	2.0
16	314676	G	C	ITFG3	Missense_Mutation	89	46	135	0.34074074074074073	2	1	1	0.8113	1	0.8113	0.8113	False	0.84	2.0
16	678628	C	G	RAB40C	3'UTR	14	5	19	0.2631578947368421	2	1	1	0.6266	1	0.6266	0.6266	False	0.84	2.0
16	777405	C	T	HAGHL	5'UTR	29	25	54	0.46296296296296297	2	1	1	1.1023	1	1.1023	1.0	True	0.84	2.0
16	1292188	C	G	TPSAB1	Missense_Mutation	31	13	44	0.29545454545454547	2	1	1	0.7035	1	0.7035	0.7035	False	0.84	2.0
16	1388903	G	C	BAIAP3	Missense_Mutation	19	14	33	0.42424242424242425	2	1	1	1.0101	1	1.0101	1.0	True	0.84	2.0
16	1389502	G	C	BAIAP3	Missense_Mutation	39	29	68	0.4264705882352941	2	1	1	1.0154	1	1.0154	1.0	True	0.84	2.0
16	2024380	G	A	TBL3	Missense_Mutation	43	21	64	0.328125	2	1	1	0.7812	1	0.7812	0.7812	False	0.84	2.0
16	2129136	G	A	TSC2	Missense_Mutation	44	31	75	0.41333333333333333	2	1	1	0.9841	1	0.9841	0.9841	True	0.84	2.0
16	2152457	G	A	PKD1	Silent	81	50	131	0.3816793893129771	2	1	1	0.9088	1	0.9088	0.9088	True	0.84	2.0
16	2158721	C	T	PKD1	Silent	37	25	62	0.4032258064516129	2	1	1	0.9601	1	0.9601	0.9601	True	0.84	2.0
16	2578542	C	G	AMDHD2	Missense_Mutation	28	16	44	0.36363636363636365	2	1	1	0.8658	1	0.8658	0.8658	True	0.84	2.0
16	2812362	G	T	SRRM2	Silent	34	25	59	0.423728813559322	2	1	1	1.0089	1	1.0089	1.0	True	0.84	2.0
16	2946427	G	A	FLYWCH2	5'UTR	28	26	54	0.48148148148148145	2	1	1	1.1464	1	1.1464	1.0	True	0.84	2.0
16	3199714	G	A	CASP16	Missense_Mutation	17	26	43	0.6046511627906976	2	1	1	1.4396	1	1.4396	1.0	True	0.84	2.0
16	3443715	G	A	ZSCAN32	Intron	49	32	81	0.3950617283950617	2	1	1	0.9406	1	0.9406	0.9406	True	0.84	2.0
16	3715983	G	A	TRAP1	Nonsense_Mutation	25	18	43	0.4186046511627907	2	1	1	0.9967	1	0.9967	0.9967	True	0.84	2.0
16	3900710	G	A	CREBBP	Missense_Mutation	29	31	60	0.5166666666666667	2	1	1	1.2302	1	1.2302	1.0	True	0.84	2.0
16	3901001	G	A	CREBBP	Missense_Mutation	22	11	33	0.3333333333333333	2	1	1	0.7937	1	0.7937	0.7937	False	0.84	2.0
16	4387793	G	C	GLIS2	3'UTR	8	4	12	0.3333333333333333	2	1	1	0.7937	1	0.7937	0.7937	False	0.84	2.0
16	8719381	G	C	METTL22	5'UTR	6	3	9	0.3333333333333333	2	1	1	0.7937	1	0.7937	0.7937	False	0.84	2.0
16	8862679	C	G	ABAT	Intron	46	29	75	0.38666666666666666	2	1	1	0.9206	1	0.9206	0.9206	True	0.84	2.0
16	10551364	C	T	ATF7IP2	Nonsense_Mutation	16	13	29	0.4482758620689655	2	1	1	1.0673	1	1.0673	1.0	True	0.84	2.0
16	11858943	G	A	ZC3H7A	Missense_Mutation	39	20	59	0.3389830508474576	2	1	1	0.8071	1	0.8071	0.8071	False	0.84	2.0
16	14859185	C	T	NPIPA2	Missense_Mutation	20	12	32	0.375	2	1	1	0.8929	1	0.8929	0.8929	True	0.84	2.0
16	16244559	C	T	ABCC6	Missense_Mutation	16	10	26	0.38461538461538464	2	1	1	0.9158	1	0.9158	0.9158	True	0.84	2.0
16	17201655	C	T	XYLT1	3'UTR	22	12	34	0.35294117647058826	2	1	1	0.8403	1	0.8403	0.8403	False	0.84	2.0
16	17201672	C	G	XYLT1	3'UTR	28	13	41	0.3170731707317073	2	1	1	0.7549	1	0.7549	0.7549	False	0.84	2.0
16	18470621	A	G	NPIPA7	5'UTR	14	8	22	0.36363636363636365	2	1	1	0.8658	1	0.8658	0.8658	True	0.84	2.0
16	18882157	G	A	SMG1	Silent	109	83	192	0.4322916666666667	2	1	1	1.0293	1	1.0293	1.0	True	0.84	2.0
16	18890976	C	T	SMG1	Silent	69	39	108	0.3611111111111111	2	1	1	0.8598	1	0.8598	0.8598	True	0.84	2.0
16	20811296	G	A	ERI2	Missense_Mutation	17	17	34	0.5	2	1	1	1.1905	1	1.1905	1.0	True	0.84	2.0
16	21690505	C	G	OTOA	Missense_Mutation	26	20	46	0.43478260869565216	2	1	1	1.0352	1	1.0352	1.0	True	0.84	2.0
16	23478641	G	A	GGA2	3'UTR	12	6	18	0.3333333333333333	2	1	1	0.7937	1	0.7937	0.7937	False	0.84	2.0
16	23641068	C	T	PALB2	Missense_Mutation	55	33	88	0.375	2	1	1	0.8929	1	0.8929	0.8929	True	0.84	2.0
16	27710918	G	A	KIAA0556	Missense_Mutation	8	7	15	0.4666666666666667	2	1	1	1.1111	1	1.1111	1.0	True	0.84	2.0
16	27751738	C	G	KIAA0556	Missense_Mutation	5	5	10	0.5	2	1	1	1.1905	1	1.1905	1.0	True	0.84	2.0
16	28507050	G	A	APOBR	Missense_Mutation	15	7	22	0.3181818181818182	2	1	1	0.7576	1	0.7576	0.7576	False	0.84	2.0
16	28847379	G	A	ATXN2L	Silent	22	16	38	0.42105263157894735	2	1	1	1.0025	1	1.0025	1.0	True	0.84	2.0
16	28847446	G	A	ATXN2L	Missense_Mutation	43	25	68	0.36764705882352944	2	1	1	0.8754	1	0.8754	0.8754	True	0.84	2.0
16	28993737	G	C	SPNS1	Missense_Mutation	23	25	48	0.5208333333333334	2	1	1	1.2401	1	1.2401	1.0	True	0.84	2.0
16	29825094	G	A	PRRT2	Missense_Mutation	28	21	49	0.42857142857142855	2	1	1	1.0204	1	1.0204	1.0	True	0.84	2.0
16	29845338	C	T	MVP	Silent	21	19	40	0.475	2	1	1	1.131	1	1.131	1.0	True	0.84	2.0
16	29990151	C	G	TAOK2	Missense_Mutation	52	44	96	0.4583333333333333	2	1	1	1.0913	1	1.0913	1.0	True	0.84	2.0
16	30080184	G	T	ALDOA	Missense_Mutation	23	25	48	0.5208333333333334	2	1	1	1.2401	1	1.2401	1.0	True	0.84	2.0
16	30381122	G	C	TBC1D10B	Missense_Mutation	10	10	20	0.5	2	1	1	1.1905	1	1.1905	1.0	True	0.84	2.0
16	30779554	G	C	RNF40	Missense_Mutation	37	16	53	0.3018867924528302	2	1	1	0.7188	1	0.7188	0.7188	False	0.84	2.0
16	30998216	G	A	HSD3B7	Missense_Mutation	13	9	22	0.4090909090909091	2	1	1	0.974	1	0.974	0.974	True	0.84	2.0
16	31090081	C	T	ZNF646	Silent	26	20	46	0.43478260869565216	2	1	1	1.0352	1	1.0352	1.0	True	0.84	2.0
16	31090135	C	T	ZNF646	Silent	37	23	60	0.38333333333333336	2	1	1	0.9127	1	0.9127	0.9127	True	0.84	2.0
16	31090883	C	G	ZNF646	Missense_Mutation	17	13	30	0.43333333333333335	2	1	1	1.0317	1	1.0317	1.0	True	0.84	2.0
16	31094610	C	A	ZNF646	3'UTR	21	8	29	0.27586206896551724	2	1	1	0.6568	1	0.6568	0.6568	False	0.84	2.0
16	31191478	C	T	FUS	5'UTR	31	26	57	0.45614035087719296	2	1	1	1.086	1	1.086	1.0	True	0.84	2.0
16	31282320	C	G	ITGAM	Missense_Mutation	28	25	53	0.4716981132075472	2	1	1	1.1231	1	1.1231	1.0	True	0.84	2.0
16	31372399	C	G	ITGAX	Missense_Mutation	16	11	27	0.4074074074074074	2	1	1	0.97	1	0.97	0.97	True	0.84	2.0
16	31501802	C	G	SLC5A2	Silent	48	21	69	0.30434782608695654	2	1	1	0.7246	1	0.7246	0.7246	False	0.84	2.0
16	46509709	G	A	ANKRD26P1	RNA	16	24	40	0.6	2	1	1	1.4286	1	1.4286	1.0	True	0.84	2.0
16	46513217	C	A	ANKRD26P1	RNA	25	31	56	0.5535714285714286	2	1	1	1.318	1	1.318	1.0	True	0.84	2.0
16	46990446	C	T	DNAJA2	3'UTR	10	16	26	0.6153846153846154	1	1	0	0.8498	1	0.8498	0.8498	False	0.84	2.0
16	57070017	C	A	NLRC5	Nonsense_Mutation	10	16	26	0.6153846153846154	1	1	0	0.8498	1	0.8498	0.8498	False	0.84	2.0
16	57831720	G	A	KIFC3	Intron	6	13	19	0.6842105263157895	1	1	0	0.9449	1	0.9449	0.9449	True	0.84	2.0
16	66957536	C	G	RRAD	Missense_Mutation	26	15	41	0.36585365853658536	2	1	1	0.8711	1	0.8711	0.8711	True	0.84	2.0
16	67213382	C	G	KIAA0895L	Silent	33	22	55	0.4	2	1	1	0.9524	1	0.9524	0.9524	True	0.84	2.0
16	67242232	C	T	LRRC29	Missense_Mutation	26	11	37	0.2972972972972973	2	1	1	0.7079	1	0.7079	0.7079	False	0.84	2.0
16	67263777	G	C	FHOD1	Missense_Mutation	50	27	77	0.35064935064935066	2	1	1	0.8349	1	0.8349	0.8349	False	0.84	2.0
16	67672142	G	C	CTCF	3'UTR	19	7	26	0.2692307692307692	2	1	1	0.641	1	0.641	0.641	False	0.84	2.0
16	68026435	C	G	DPEP2	Missense_Mutation	37	19	56	0.3392857142857143	2	1	1	0.8078	1	0.8078	0.8078	False	0.84	2.0
16	68869294	G	A	CDH1	3'UTR	7	6	13	0.46153846153846156	2	1	1	1.0989	1	1.0989	1.0	True	0.84	2.0
16	69318079	C	A	SNTB2	Nonsense_Mutation	32	28	60	0.4666666666666667	2	1	1	1.1111	1	1.1111	1.0	True	0.84	2.0
16	70515274	G	A	COG4	Silent	39	24	63	0.38095238095238093	2	1	1	0.907	1	0.907	0.907	True	0.84	2.0
16	70697963	C	T	MTSS1L	Missense_Mutation	22	34	56	0.6071428571428571	2	1	1	1.4456	1	1.4456	1.0	True	0.84	2.0
16	70765451	C	G	VAC14	Missense_Mutation	34	12	46	0.2608695652173913	2	1	1	0.6211	1	0.6211	0.6211	False	0.84	2.0
16	70796924	C	G	VAC14	Missense_Mutation	31	22	53	0.41509433962264153	2	1	1	0.9883	1	0.9883	0.9883	True	0.84	2.0
16	70817361	C	G	VAC14	Missense_Mutation	31	17	48	0.3541666666666667	2	1	1	0.8433	1	0.8433	0.8433	False	0.84	2.0
16	71008192	C	G	HYDIN	Missense_Mutation	26	16	42	0.38095238095238093	2	1	1	0.907	1	0.907	0.907	True	0.84	2.0
16	71487839	C	T	ZNF23	Intron	20	12	32	0.375	2	1	1	0.8929	1	0.8929	0.8929	True	0.84	2.0
16	71571446	G	A	CHST4	Missense_Mutation	19	14	33	0.42424242424242425	2	1	1	1.0101	1	1.0101	1.0	True	0.84	2.0
16	72133176	G	C	DHX38	Missense_Mutation	32	28	60	0.4666666666666667	2	1	1	1.1111	1	1.1111	1.0	True	0.84	2.0
16	72831052	C	G	ZFHX3	Missense_Mutation	33	11	44	0.25	2	1	1	0.5952	1	0.5952	0.5952	False	0.84	2.0
16	74719451	G	C	MLKL	Missense_Mutation	20	16	36	0.4444444444444444	2	1	1	1.0582	1	1.0582	1.0	True	0.84	2.0
16	75203198	G	A	ZFP1	Missense_Mutation	44	16	60	0.26666666666666666	2	1	1	0.6349	1	0.6349	0.6349	False	0.84	2.0
16	81145947	C	T	PKD1L2	RNA	24	21	45	0.4666666666666667	2	1	1	1.1111	1	1.1111	1.0	True	0.84	2.0
16	81248664	G	A	PKD1L2	Missense_Mutation	36	13	49	0.2653061224489796	2	1	1	0.6317	1	0.6317	0.6317	False	0.84	2.0
16	85022397	C	T	ZDHHC7	Missense_Mutation	24	20	44	0.45454545454545453	2	1	1	1.0823	1	1.0823	1.0	True	0.84	2.0
16	86546673	C	G	FOXF1	Missense_Mutation	45	23	68	0.3382352941176471	2	1	1	0.8053	1	0.8053	0.8053	False	0.84	2.0
16	87364787	C	T	FBXO31	3'UTR	12	13	25	0.52	2	1	1	1.2381	1	1.2381	1.0	True	0.84	2.0
16	88498394	G	A	ZNF469	Missense_Mutation	29	19	48	0.3958333333333333	2	1	1	0.9425	1	0.9425	0.9425	True	0.84	2.0
16	88783017	G	C	PIEZO1	Silent	30	29	59	0.4915254237288136	2	1	1	1.1703	1	1.1703	1.0	True	0.84	2.0
16	89251681	C	T	CDH15	Silent	26	27	53	0.5094339622641509	2	1	1	1.2129	1	1.2129	1.0	True	0.84	2.0
16	89251684	C	T	CDH15	Silent	26	26	52	0.5	2	1	1	1.1905	1	1.1905	1.0	True	0.84	2.0
16	89350571	C	T	ANKRD11	Silent	27	19	46	0.41304347826086957	2	1	1	0.9834	1	0.9834	0.9834	True	0.84	2.0
16	89806408	C	G	FANCA	Missense_Mutation	24	20	44	0.45454545454545453	2	1	1	1.0823	1	1.0823	1.0	True	0.84	2.0
16	89922592	C	G	SPIRE2	Missense_Mutation	71	48	119	0.40336134453781514	2	1	1	0.9604	1	0.9604	0.9604	True	0.84	2.0
16	89925647	C	G	SPIRE2	Silent	65	38	103	0.36893203883495146	2	1	1	0.8784	1	0.8784	0.8784	True	0.84	2.0
16	89977541	G	C	TCF25	Silent	37	21	58	0.3620689655172414	2	1	1	0.8621	1	0.8621	0.8621	True	0.84	2.0
16	89977645	G	C	TCF25	Nonstop_Mutation	45	28	73	0.3835616438356164	2	1	1	0.9132	1	0.9132	0.9132	True	0.84	2.0
17	1377928	G	A	MYO1C	Silent	10	33	43	0.7674418604651163	1	1	0	1.0598	1	1.0598	1.0	True	0.84	2.0
17	1641153	G	A	WDR81	3'UTR	19	32	51	0.6274509803921569	1	1	0	0.8665	1	0.8665	0.8665	True	0.84	2.0
17	1641182	G	C	WDR81	3'UTR	22	38	60	0.6333333333333333	1	1	0	0.8746	1	0.8746	0.8746	True	0.84	2.0
17	1641656	G	C	WDR81	3'UTR	14	16	30	0.5333333333333333	1	1	0	0.7365	1	0.7365	0.7365	False	0.84	2.0
17	1641719	G	C	WDR81	3'UTR	9	3	12	0.25	1	1	0	0.3452	1	0.3452	0.3452	False	0.84	2.0
17	1641793	G	C	WDR81	3'UTR	3	9	12	0.75	1	1	0	1.0357	1	1.0357	1.0	True	0.84	2.0
17	1641798	G	A	WDR81	3'UTR	3	9	12	0.75	1	1	0	1.0357	1	1.0357	1.0	True	0.84	2.0
17	1798302	G	A	RPA1	Splice_Site	16	36	52	0.6923076923076923	1	1	0	0.956	1	0.956	0.956	True	0.84	2.0
17	3301186	C	G	OR1E1	Silent	12	14	26	0.5384615384615384	1	1	0	0.7436	1	0.7436	0.7436	False	0.84	2.0
17	3379673	G	C	ASPA	Missense_Mutation	34	42	76	0.5526315789473685	1	1	0	0.7632	1	0.7632	0.7632	False	0.84	2.0
17	4088218	C	T	ANKFY1	Missense_Mutation	9	17	26	0.6538461538461539	1	1	0	0.9029	1	0.9029	0.9029	True	0.84	2.0
17	4510886	G	C	SMTNL2	3'UTR	2	10	12	0.8333333333333334	1	1	0	1.1508	1	1.1508	1.0	True	0.84	2.0
17	4511032	G	A	SMTNL2	3'UTR	6	12	18	0.6666666666666666	1	1	0	0.9206	1	0.9206	0.9206	True	0.84	2.0
17	4675190	C	A	TM4SF5	5'UTR	7	24	31	0.7741935483870968	1	1	0	1.0691	1	1.0691	1.0	True	0.84	2.0
17	4804874	C	T	CHRNE	Missense_Mutation	9	33	42	0.7857142857142857	1	1	0	1.085	1	1.085	1.0	True	0.84	2.0
17	5072095	G	C	USP6	Missense_Mutation	37	62	99	0.6262626262626263	1	1	0	0.8648	1	0.8648	0.8648	True	0.84	2.0
17	6718600	G	C	TEKT1	Missense_Mutation	5	23	28	0.8214285714285714	1	1	0	1.1344	1	1.1344	1.0	True	0.84	2.0
17	6978263	C	A	CLEC10A	3'UTR	1	10	11	0.9090909090909091	1	1	0	1.2554	1	1.2554	1.0	True	0.84	2.0
17	7366072	C	T	ZBTB4	Silent	3	5	8	0.625	1	1	0	0.8631	1	0.8631	0.8631	True	0.84	2.0
17	7400231	C	T	POLR2A	Missense_Mutation	9	21	30	0.7	1	1	0	0.9667	1	0.9667	0.9667	True	0.84	2.0
17	7577065	C	T	TP53	Silent	12	18	30	0.6	1	1	0	0.8286	1	0.8286	0.8286	False	0.84	2.0
17	7577077	C	T	TP53	Silent	12	16	28	0.5714285714285714	1	1	0	0.7891	1	0.7891	0.7891	False	0.84	2.0
17	7577085	C	T	TP53	Missense_Mutation	11	16	27	0.5925925925925926	1	1	0	0.8183	1	0.8183	0.8183	False	0.84	2.0
17	7641374	G	C	DNAH2	Intron	18	27	45	0.6	1	1	0	0.8286	1	0.8286	0.8286	False	0.84	2.0
17	7802461	G	A	CHD3	Missense_Mutation	11	32	43	0.7441860465116279	1	1	0	1.0277	1	1.0277	1.0	True	0.84	2.0
17	10542717	G	C	MYH3	Silent	20	27	47	0.574468085106383	1	1	0	0.7933	1	0.7933	0.7933	False	0.84	2.0
17	15519028	G	C	RP11-385D13.1	Missense_Mutation	20	42	62	0.6774193548387096	1	1	0	0.9355	1	0.9355	0.9355	True	0.84	2.0
17	18138202	G	A	LLGL1	Missense_Mutation	8	22	30	0.7333333333333333	1	1	0	1.0127	1	1.0127	1.0	True	0.84	2.0
17	18638554	C	G	TRIM16L	Missense_Mutation	12	34	46	0.7391304347826086	1	1	0	1.0207	1	1.0207	1.0	True	0.84	2.0
17	19318606	C	G	RNF112	Nonsense_Mutation	12	26	38	0.6842105263157895	1	1	0	0.9449	1	0.9449	0.9449	True	0.84	2.0
17	21319444	C	G	KCNJ12	Missense_Mutation	45	11	56	0.19642857142857142	2	1	1	0.4677	1	0.4677	0.4677	False	0.84	2.0
17	25631899	G	C	WSB1	Missense_Mutation	43	28	71	0.39436619718309857	2	1	1	0.939	1	0.939	0.939	True	0.84	2.0
17	27086726	G	C	FAM222B	Nonsense_Mutation	63	44	107	0.411214953271028	2	1	1	0.9791	1	0.9791	0.9791	True	0.84	2.0
17	27239783	C	T	PHF12	Silent	50	32	82	0.3902439024390244	2	1	1	0.9292	1	0.9292	0.9292	True	0.84	2.0
17	27244306	C	T	PHF12	Silent	22	14	36	0.3888888888888889	2	1	1	0.9259	1	0.9259	0.9259	True	0.84	2.0
17	27283392	C	G	SEZ6	Missense_Mutation	5	6	11	0.5454545454545454	2	1	1	1.2987	1	1.2987	1.0	True	0.84	2.0
17	28382920	G	A	EFCAB5	Missense_Mutation	35	22	57	0.38596491228070173	2	1	1	0.919	1	0.919	0.919	True	0.84	2.0
17	28524913	G	T	SLC6A4	3'UTR	15	15	30	0.5	2	1	1	1.1905	1	1.1905	1.0	True	0.84	2.0
17	28792442	G	C	CPD	3'UTR	18	16	34	0.47058823529411764	2	1	1	1.1204	1	1.1204	1.0	True	0.84	2.0
17	29161319	G	C	ATAD5	Missense_Mutation	19	9	28	0.32142857142857145	2	1	1	0.7653	1	0.7653	0.7653	False	0.84	2.0
17	29509567	G	T	NF1	Nonsense_Mutation	32	14	46	0.30434782608695654	2	1	1	0.7246	1	0.7246	0.7246	False	0.84	2.0
17	29527570	C	G	NF1	Missense_Mutation	53	36	89	0.4044943820224719	2	1	1	0.9631	1	0.9631	0.9631	True	0.84	2.0
17	29546122	C	T	NF1	Nonsense_Mutation	17	12	29	0.41379310344827586	2	1	1	0.9852	1	0.9852	0.9852	True	0.84	2.0
17	30207769	G	A	UTP6	Nonsense_Mutation	23	20	43	0.46511627906976744	2	1	1	1.1074	1	1.1074	1.0	True	0.84	2.0
17	30771530	G	A	PSMD11	5'UTR	18	18	36	0.5	2	1	1	1.1905	1	1.1905	1.0	True	0.84	2.0
17	30771541	G	C	PSMD11	5'UTR	20	21	41	0.5121951219512195	2	1	1	1.2195	1	1.2195	1.0	True	0.84	2.0
17	34182149	C	T	C17orf66	Missense_Mutation	73	46	119	0.3865546218487395	2	1	1	0.9204	1	0.9204	0.9204	True	0.84	2.0
17	34923557	G	C	GGNBP2	Missense_Mutation	62	46	108	0.42592592592592593	2	1	1	1.0141	1	1.0141	1.0	True	0.84	2.0
17	36873864	C	G	MLLT6	Missense_Mutation	47	25	72	0.3472222222222222	2	1	1	0.8267	1	0.8267	0.8267	False	0.84	2.0
17	37871593	G	C	ERBB2	Missense_Mutation	29	25	54	0.46296296296296297	2	1	1	1.1023	1	1.1023	1.0	True	0.84	2.0
17	37886509	A	G	MIEN1	Missense_Mutation	23	20	43	0.46511627906976744	2	1	1	1.1074	1	1.1074	1.0	True	0.84	2.0
17	38296761	G	A	CASC3	5'UTR	12	3	15	0.2	2	1	1	0.4762	1	0.4762	0.4762	False	0.84	2.0
17	38435767	C	T	WIPF2	3'UTR	47	18	65	0.27692307692307694	2	1	1	0.6593	1	0.6593	0.6593	False	0.84	2.0
17	38520685	G	A	CTD-2267D19.3	3'UTR	36	24	60	0.4	2	1	1	0.9524	1	0.9524	0.9524	True	0.84	2.0
17	39635695	C	T	KRT35	Silent	55	24	79	0.3037974683544304	2	1	1	0.7233	1	0.7233	0.7233	False	0.84	2.0
17	39872094	C	T	GAST	Silent	24	16	40	0.4	2	1	1	0.9524	1	0.9524	0.9524	True	0.84	2.0
17	39890702	G	A	HAP1	Missense_Mutation	11	7	18	0.3888888888888889	2	1	1	0.9259	1	0.9259	0.9259	True	0.84	2.0
17	40010275	C	G	KLHL11	Missense_Mutation	44	30	74	0.40540540540540543	2	1	1	0.9653	1	0.9653	0.9653	True	0.84	2.0
17	40766963	G	C	TUBG1	Missense_Mutation	33	16	49	0.32653061224489793	2	1	1	0.7775	1	0.7775	0.7775	False	0.84	2.0
17	40812669	C	T	TUBG2	Missense_Mutation	29	13	42	0.30952380952380953	2	1	1	0.737	1	0.737	0.737	False	0.84	2.0
17	40963504	C	T	BECN1	Intron	10	7	17	0.4117647058823529	2	1	1	0.9804	1	0.9804	0.9804	True	0.84	2.0
17	40963707	C	G	BECN1	Missense_Mutation	57	38	95	0.4	2	1	1	0.9524	1	0.9524	0.9524	True	0.84	2.0
17	42030544	C	G	PYY	Missense_Mutation	24	23	47	0.48936170212765956	2	1	1	1.1651	1	1.1651	1.0	True	0.84	2.0
17	42271501	C	T	ATXN7L3	3'UTR	27	21	48	0.4375	2	1	1	1.0417	1	1.0417	1.0	True	0.84	2.0
17	42432383	G	A	FAM171A2	Missense_Mutation	29	13	42	0.30952380952380953	2	1	1	0.737	1	0.737	0.737	False	0.84	2.0
17	43320550	C	T	FMNL1	Silent	27	32	59	0.5423728813559322	2	1	1	1.2914	1	1.2914	1.0	True	0.84	2.0
17	43522838	C	T	PLEKHM1	Silent	21	4	25	0.16	2	1	1	0.381	1	0.381	0.381	False	0.84	2.0
17	43552613	G	A	PLEKHM1	Missense_Mutation	60	31	91	0.34065934065934067	2	1	1	0.8111	1	0.8111	0.8111	False	0.84	2.0
17	43908278	A	G	CRHR1	Missense_Mutation	13	10	23	0.43478260869565216	2	1	1	1.0352	1	1.0352	1.0	True	0.84	2.0
17	44269962	C	G	KANSL1	5'UTR	23	6	29	0.20689655172413793	2	1	1	0.4926	1	0.4926	0.4926	False	0.84	2.0
17	44380067	C	T	LRRC37A	Silent	77	23	100	0.23	2	1	1	0.5476	1	0.5476	0.5476	False	0.84	2.0
17	45915505	G	C	SCRN2	Intron	22	11	33	0.3333333333333333	2	1	1	0.7937	1	0.7937	0.7937	False	0.84	2.0
17	46103678	C	G	COPZ2	3'UTR	23	9	32	0.28125	2	1	1	0.6696	1	0.6696	0.6696	False	0.84	2.0
17	46867437	G	C	TTLL6	Missense_Mutation	41	35	76	0.4605263157894737	2	1	1	1.0965	1	1.0965	1.0	True	0.84	2.0
17	47486448	C	T	PHB	Missense_Mutation	36	17	53	0.32075471698113206	2	1	1	0.7637	1	0.7637	0.7637	False	0.84	2.0
17	48156607	C	G	ITGA3	Silent	27	26	53	0.49056603773584906	2	1	1	1.168	1	1.168	1.0	True	0.84	2.0
17	48222543	G	C	PPP1R9B	Missense_Mutation	41	29	70	0.4142857142857143	2	1	1	0.9864	1	0.9864	0.9864	True	0.84	2.0
17	48262976	C	G	COL1A1	Missense_Mutation	47	26	73	0.3561643835616438	2	1	1	0.848	1	0.848	0.848	False	0.84	2.0
17	48618394	G	C	EPN3	Missense_Mutation	19	18	37	0.4864864864864865	2	1	1	1.1583	1	1.1583	1.0	True	0.84	2.0
17	48773314	G	C	ANKRD40	3'UTR	53	19	72	0.2638888888888889	2	1	1	0.6283	1	0.6283	0.6283	False	0.84	2.0
17	53007533	G	A	TOM1L1	Missense_Mutation	68	54	122	0.4426229508196721	2	1	1	1.0539	1	1.0539	1.0	True	0.84	2.0
17	54431374	C	G	ANKFN1	Missense_Mutation	36	28	64	0.4375	2	1	1	1.0417	1	1.0417	1.0	True	0.84	2.0
17	55123846	G	C	RNF126P1	RNA	9	11	20	0.55	2	1	1	1.3095	1	1.3095	1.0	True	0.84	2.0
17	56247563	C	G	OR4D2	Missense_Mutation	43	42	85	0.49411764705882355	2	1	1	1.1765	1	1.1765	1.0	True	0.84	2.0
17	56283702	C	G	MKS1	Silent	23	12	35	0.34285714285714286	2	1	1	0.8163	1	0.8163	0.8163	False	0.84	2.0
17	56568968	C	G	MTMR4	3'UTR	41	34	75	0.4533333333333333	2	1	1	1.0794	1	1.0794	1.0	True	0.84	2.0
17	57270858	C	T	PRR11	Silent	32	14	46	0.30434782608695654	2	1	1	0.7246	1	0.7246	0.7246	False	0.84	2.0
17	57941116	C	G	TUBD1	Missense_Mutation	39	33	72	0.4583333333333333	2	1	1	1.0913	1	1.0913	1.0	True	0.84	2.0
17	58288768	T	A	USP32	Missense_Mutation	99	50	149	0.33557046979865773	2	1	1	0.799	1	0.799	0.799	False	0.84	2.0
17	60770869	G	A	MRC2	3'UTR	15	16	31	0.5161290322580645	2	1	1	1.2289	1	1.2289	1.0	True	0.84	2.0
17	61432197	G	C	TANC2	Missense_Mutation	26	19	45	0.4222222222222222	2	1	1	1.0053	1	1.0053	1.0	True	0.84	2.0
17	61939783	G	C	TCAM1P	RNA	40	18	58	0.3103448275862069	2	1	1	0.7389	1	0.7389	0.7389	False	0.84	2.0
17	61940093	G	T	TCAM1P	RNA	26	9	35	0.2571428571428571	2	1	1	0.6122	1	0.6122	0.6122	False	0.84	2.0
17	62474003	C	G	POLG2	Missense_Mutation	47	22	69	0.3188405797101449	2	1	1	0.7591	1	0.7591	0.7591	False	0.84	2.0
17	62506320	G	C	CEP95	Missense_Mutation	43	42	85	0.49411764705882355	2	1	1	1.1765	1	1.1765	1.0	True	0.84	2.0
17	65671646	G	A	PITPNC1	Missense_Mutation	49	24	73	0.3287671232876712	2	1	1	0.7828	1	0.7828	0.7828	False	0.84	2.0
17	68174439	G	A	KCNJ2	3'UTR	23	22	45	0.4888888888888889	2	1	1	1.164	1	1.164	1.0	True	0.84	2.0
17	68174614	G	T	KCNJ2	3'UTR	15	13	28	0.4642857142857143	2	1	1	1.1054	1	1.1054	1.0	True	0.84	2.0
17	72589173	G	A	C17orf77	3'UTR	95	65	160	0.40625	2	1	1	0.9673	1	0.9673	0.9673	True	0.84	2.0
17	72914155	G	A	USH1G	3'UTR	50	26	76	0.34210526315789475	2	1	1	0.8145	1	0.8145	0.8145	False	0.84	2.0
17	73094242	C	T	SLC16A5	Silent	40	28	68	0.4117647058823529	2	1	1	0.9804	1	0.9804	0.9804	True	0.84	2.0
17	73498414	G	C	CASKIN2	Nonsense_Mutation	12	11	23	0.4782608695652174	2	1	1	1.1387	1	1.1387	1.0	True	0.84	2.0
17	73820822	G	A	UNK	3'UTR	12	10	22	0.45454545454545453	2	1	1	1.0823	1	1.0823	1.0	True	0.84	2.0
17	74053615	T	C	SRP68	Missense_Mutation	45	22	67	0.3283582089552239	2	1	1	0.7818	1	0.7818	0.7818	False	0.84	2.0
17	74467961	G	A	RHBDF2	Silent	31	30	61	0.4918032786885246	2	1	1	1.171	1	1.171	1.0	True	0.84	2.0
17	74569410	C	G	ST6GALNAC2	Missense_Mutation	42	41	83	0.4939759036144578	2	1	1	1.1761	1	1.1761	1.0	True	0.84	2.0
17	75478551	G	T	SEPT9	Intron	20	19	39	0.48717948717948717	2	1	1	1.16	1	1.16	1.0	True	0.84	2.0
17	76354826	G	A	SOCS3	Silent	38	22	60	0.36666666666666664	2	1	1	0.873	1	0.873	0.873	True	0.84	2.0
17	78177625	C	T	CARD14	Nonsense_Mutation	10	24	34	0.7058823529411765	1	1	0	0.9748	1	0.9748	0.9748	True	0.84	2.0
17	78177634	C	G	CARD14	Missense_Mutation	10	22	32	0.6875	1	1	0	0.9494	1	0.9494	0.9494	True	0.84	2.0
17	78796982	C	T	RPTOR	Silent	7	19	26	0.7307692307692307	1	1	0	1.0092	1	1.0092	1.0	True	0.84	2.0
17	79479009	G	A	ACTG1	Missense_Mutation	5	18	23	0.782608695652174	1	1	0	1.0807	1	1.0807	1.0	True	0.84	2.0
17	80706805	G	A	FN3K	Silent	7	25	32	0.78125	1	1	0	1.0789	1	1.0789	1.0	True	0.84	2.0
18	333051	C	T	COLEC12	Missense_Mutation	28	11	39	0.28205128205128205	2	1	1	0.6716	1	0.6716	0.6716	False	0.84	2.0
18	2674066	G	C	SMCHD1	Missense_Mutation	33	20	53	0.37735849056603776	2	1	1	0.8985	1	0.8985	0.8985	True	0.84	2.0
18	2928604	C	T	LPIN2	Silent	7	18	25	0.72	2	1	1	1.7143	1	1.7143	1.0	True	0.84	2.0
18	3253901	G	A	MYL12A	Missense_Mutation	22	16	38	0.42105263157894735	2	1	1	1.0025	1	1.0025	1.0	True	0.84	2.0
18	5292080	C	T	ZBTB14	Missense_Mutation	25	12	37	0.32432432432432434	2	1	1	0.7722	1	0.7722	0.7722	False	0.84	2.0
18	8370921	G	C	PTPRM	Missense_Mutation	27	13	40	0.325	2	1	1	0.7738	1	0.7738	0.7738	False	0.84	2.0
18	8379198	G	C	PTPRM	Missense_Mutation	17	7	24	0.2916666666666667	2	1	1	0.6944	1	0.6944	0.6944	False	0.84	2.0
18	8638852	G	C	RAB12	3'UTR	3	5	8	0.625	2	1	1	1.4881	1	1.4881	1.0	True	0.84	2.0
18	9535792	G	A	RALBP1	Missense_Mutation	12	7	19	0.3684210526315789	2	1	1	0.8772	1	0.8772	0.8772	True	0.84	2.0
18	9549288	G	C	PPP4R1	Missense_Mutation	38	27	65	0.4153846153846154	2	1	1	0.989	1	0.989	0.989	True	0.84	2.0
18	9562029	C	G	PPP4R1	Missense_Mutation	16	10	26	0.38461538461538464	2	1	1	0.9158	1	0.9158	0.9158	True	0.84	2.0
18	11889405	C	G	MPPE1	Missense_Mutation	38	23	61	0.3770491803278688	2	1	1	0.8977	1	0.8977	0.8977	True	0.84	2.0
18	13072797	C	G	CEP192	Missense_Mutation	30	25	55	0.45454545454545453	2	1	1	1.0823	1	1.0823	1.0	True	0.84	2.0
18	13760567	C	T	RNMT	3'UTR	6	5	11	0.45454545454545453	2	1	1	1.0823	1	1.0823	1.0	True	0.84	2.0
18	14479303	C	T	CXADRP3	RNA	5	8	13	0.6153846153846154	2	1	1	1.4652	1	1.4652	1.0	True	0.84	2.0
18	19359615	G	A	MIB1	Missense_Mutation	51	33	84	0.39285714285714285	2	1	1	0.9354	1	0.9354	0.9354	True	0.84	2.0
18	24434559	G	C	AQP4	3'UTR	22	18	40	0.45	2	1	1	1.0714	1	1.0714	1.0	True	0.84	2.0
18	29340254	G	A	SLC25A52	Missense_Mutation	55	33	88	0.375	2	1	1	0.8929	1	0.8929	0.8929	True	0.84	2.0
18	31323015	G	T	ASXL3	Missense_Mutation	21	11	32	0.34375	2	1	1	0.8185	1	0.8185	0.8185	False	0.84	2.0
18	32418088	G	A	DTNA	Intron	20	13	33	0.3939393939393939	2	1	1	0.938	1	0.938	0.938	True	0.84	2.0
18	32823310	G	A	ZNF397	Intron	35	22	57	0.38596491228070173	2	1	1	0.919	1	0.919	0.919	True	0.84	2.0
18	32919004	C	T	ZNF24	Intron	29	18	47	0.3829787234042553	2	1	1	0.9119	1	0.9119	0.9119	True	0.84	2.0
18	40695512	G	A	RIT2	5'UTR	15	12	27	0.4444444444444444	2	1	1	1.0582	1	1.0582	1.0	True	0.84	2.0
18	40695513	A	T	RIT2	5'UTR	14	12	26	0.46153846153846156	2	1	1	1.0989	1	1.0989	1.0	True	0.84	2.0
18	45374926	G	C	SMAD2	Nonsense_Mutation	32	20	52	0.38461538461538464	2	1	1	0.9158	1	0.9158	0.9158	True	0.84	2.0
18	52889936	C	G	TCF4	3'UTR	22	15	37	0.40540540540540543	2	1	1	0.9653	1	0.9653	0.9653	True	0.84	2.0
18	55143683	G	C	ONECUT2	Missense_Mutation	11	5	16	0.3125	2	1	1	0.744	1	0.744	0.744	False	0.84	2.0
18	55144351	G	A	ONECUT2	3'UTR	25	15	40	0.375	2	1	1	0.8929	1	0.8929	0.8929	True	0.84	2.0
18	55144418	G	A	ONECUT2	3'UTR	33	35	68	0.5147058823529411	2	1	1	1.2255	1	1.2255	1.0	True	0.84	2.0
18	55144743	G	A	ONECUT2	3'UTR	38	26	64	0.40625	2	1	1	0.9673	1	0.9673	0.9673	True	0.84	2.0
18	55144751	G	A	ONECUT2	3'UTR	37	27	64	0.421875	2	1	1	1.0045	1	1.0045	1.0	True	0.84	2.0
18	55145043	G	A	ONECUT2	3'UTR	17	12	29	0.41379310344827586	2	1	1	0.9852	1	0.9852	0.9852	True	0.84	2.0
18	56204723	G	A	ALPK2	Missense_Mutation	23	27	50	0.54	2	1	1	1.2857	1	1.2857	1.0	True	0.84	2.0
18	56653058	G	C	ZNF532	3'UTR	20	13	33	0.3939393939393939	2	1	1	0.938	1	0.938	0.938	True	0.84	2.0
18	58039993	C	T	MC4R	5'UTR	25	14	39	0.358974358974359	2	1	1	0.8547	1	0.8547	0.8547	True	0.84	2.0
18	59482571	G	A	RNF152	3'UTR	4	4	8	0.5	2	1	1	1.1905	1	1.1905	1.0	True	0.84	2.0
18	64172444	C	T	CDH19	Missense_Mutation	17	16	33	0.48484848484848486	2	1	1	1.1544	1	1.1544	1.0	True	0.84	2.0
18	65177288	G	C	DSEL	3'UTR	10	5	15	0.3333333333333333	2	1	1	0.7937	1	0.7937	0.7937	False	0.84	2.0
18	67534613	C	G	CD226	Missense_Mutation	32	31	63	0.49206349206349204	2	1	1	1.1716	1	1.1716	1.0	True	0.84	2.0
18	67781755	G	A	RTTN	Silent	13	16	29	0.5517241379310345	2	1	1	1.3136	1	1.3136	1.0	True	0.84	2.0
18	72775483	G	A	ZNF407	Missense_Mutation	23	15	38	0.39473684210526316	2	1	1	0.9398	1	0.9398	0.9398	True	0.84	2.0
18	72999996	G	A	TSHZ1	Silent	12	6	18	0.3333333333333333	2	1	1	0.7937	1	0.7937	0.7937	False	0.84	2.0
18	74580682	G	A	ZNF236	Silent	26	12	38	0.3157894736842105	2	1	1	0.7519	1	0.7519	0.7519	False	0.84	2.0
19	622168	G	T	POLRMT	Missense_Mutation	32	14	46	0.30434782608695654	3	2	1	1.029	1	1.029	1.0	True	0.84	2.0
19	681696	G	C	FSTL3	Missense_Mutation	29	13	42	0.30952380952380953	3	2	1	1.0465	1	1.0465	1.0	True	0.84	2.0
19	805010	C	T	PTBP1	Intron	48	11	59	0.1864406779661017	3	2	1	0.6303	1	0.6303	0.6303	False	0.84	2.0
19	810808	C	G	PTBP1	Missense_Mutation	29	12	41	0.2926829268292683	3	2	1	0.9895	1	0.9895	0.9895	True	0.84	2.0
19	1011437	G	C	TMEM259	Silent	45	20	65	0.3076923076923077	3	2	1	1.0403	1	1.0403	1.0	True	0.84	2.0
19	1037782	C	G	CNN2	Silent	38	21	59	0.3559322033898305	3	2	1	1.2034	1	1.2034	1.0	True	0.84	2.0
19	1038077	C	T	CNN2	3'UTR	9	4	13	0.3076923076923077	3	2	1	1.0403	1	1.0403	1.0	True	0.84	2.0
19	1364566	C	A	MUM1	Missense_Mutation	38	20	58	0.3448275862068966	3	2	1	1.1658	1	1.1658	1.0	True	0.84	2.0
19	1925508	C	G	SCAMP4	3'UTR	7	54	61	0.8852459016393442	2	1	1	2.1077	1	2.1077	1.0	True	0.84	2.0
19	2039122	G	C	MKNK2	3'UTR	21	6	27	0.2222222222222222	2	2	0	0.5291	1	0.5291	0.5291	False	0.84	2.0
19	2039326	G	A	MKNK2	3'UTR	9	4	13	0.3076923076923077	2	2	0	0.7326	1	0.7326	0.7326	False	0.84	2.0
19	2039500	G	A	MKNK2	3'UTR	24	20	44	0.45454545454545453	2	2	0	1.0823	1	1.0823	1.0	True	0.84	2.0
19	2041044	G	A	MKNK2	Nonsense_Mutation	19	22	41	0.5365853658536586	2	2	0	1.2776	1	1.2776	1.0	True	0.84	2.0
19	2114291	C	T	AP3D1	Missense_Mutation	15	48	63	0.7619047619047619	2	2	0	1.8141	2	0.907	0.907	True	0.84	2.0
19	2476133	G	C	GADD45B	5'UTR	14	7	21	0.3333333333333333	2	2	0	0.7937	1	0.7937	0.7937	False	0.84	2.0
19	2988095	C	A	TLE6	Missense_Mutation	49	39	88	0.4431818181818182	2	2	0	1.0552	1	1.0552	1.0	True	0.84	2.0
19	3015661	G	C	TLE2	Nonsense_Mutation	23	19	42	0.4523809523809524	2	2	0	1.0771	1	1.0771	1.0	True	0.84	2.0
19	3434306	C	T	NFIC	Silent	27	7	34	0.20588235294117646	2	1	1	0.4902	1	0.4902	0.4902	False	0.84	2.0
19	4328763	C	G	STAP2	Missense_Mutation	8	34	42	0.8095238095238095	1	1	0	1.1179	1	1.1179	1.0	True	0.84	2.0
19	5119803	G	A	KDM4B	Missense_Mutation	4	8	12	0.6666666666666666	1	1	0	0.9206	1	0.9206	0.9206	True	0.84	2.0
19	6754258	G	A	SH2D3A	Intron	1	8	9	0.8888888888888888	1	1	0	1.2275	1	1.2275	1.0	True	0.84	2.0
19	7119532	G	C	INSR	Missense_Mutation	6	16	22	0.7272727272727273	1	1	0	1.0043	1	1.0043	1.0	True	0.84	2.0
19	7614939	C	T	PNPLA6	Silent	12	17	29	0.5862068965517241	1	1	0	0.8095	1	0.8095	0.8095	False	0.84	2.0
19	7747467	G	A	TRAPPC5	Missense_Mutation	3	14	17	0.8235294117647058	1	1	0	1.1373	1	1.1373	1.0	True	0.84	2.0
19	7754069	G	A	FCER2	3'UTR	15	54	69	0.782608695652174	1	1	0	1.0807	1	1.0807	1.0	True	0.84	2.0
19	7927119	G	C	EVI5L	Missense_Mutation	4	11	15	0.7333333333333333	1	1	0	1.0127	1	1.0127	1.0	True	0.84	2.0
19	8188852	A	G	FBN3	Silent	27	4	31	0.12903225806451613	1	1	0	0.1782	1	0.1782	0.1782	False	0.84	2.0
19	8932741	G	A	ZNF558	Nonsense_Mutation	24	30	54	0.5555555555555556	1	1	0	0.7672	1	0.7672	0.7672	False	0.84	2.0
19	8932743	G	A	ZNF558	Missense_Mutation	24	31	55	0.5636363636363636	1	1	0	0.7784	1	0.7784	0.7784	False	0.84	2.0
19	10201949	G	A	C19orf66	Silent	14	20	34	0.5882352941176471	1	1	0	0.8123	1	0.8123	0.8123	False	0.84	2.0
19	11347157	C	T	DOCK6	Missense_Mutation	53	25	78	0.32051282051282054	2	1	1	0.7631	1	0.7631	0.7631	False	0.84	2.0
19	11762773	A	C	ZNF833P	RNA	26	18	44	0.4090909090909091	2	1	1	0.974	1	0.974	0.974	True	0.84	2.0
19	11891117	G	C	ZNF441	Missense_Mutation	28	19	47	0.40425531914893614	2	1	1	0.9625	1	0.9625	0.9625	True	0.84	2.0
19	12444448	G	A	ZNF563	5'UTR	28	24	52	0.46153846153846156	2	1	1	1.0989	1	1.0989	1.0	True	0.84	2.0
19	12758139	G	C	MAN2B1	Missense_Mutation	31	24	55	0.43636363636363634	2	1	1	1.039	1	1.039	1.0	True	0.84	2.0
19	12766654	G	A	MAN2B1	Missense_Mutation	23	10	33	0.30303030303030304	2	1	1	0.7215	1	0.7215	0.7215	False	0.84	2.0
19	12791062	G	C	DHPS	Silent	66	41	107	0.38317757009345793	2	1	1	0.9123	1	0.9123	0.9123	True	0.84	2.0
19	12903464	C	G	JUNB	Missense_Mutation	21	18	39	0.46153846153846156	2	1	1	1.0989	1	1.0989	1.0	True	0.84	2.0
19	13050249	G	C	CALR	Missense_Mutation	20	16	36	0.4444444444444444	2	1	1	1.0582	1	1.0582	1.0	True	0.84	2.0
19	13319680	C	T	CACNA1A	Missense_Mutation	21	6	27	0.2222222222222222	2	1	1	0.5291	1	0.5291	0.5291	False	0.84	2.0
19	14520723	C	T	DDX39A	Intron	28	8	36	0.2222222222222222	2	1	1	0.5291	1	0.5291	0.5291	False	0.84	2.0
19	14590226	G	C	GIPC1	Missense_Mutation	10	8	18	0.4444444444444444	2	1	1	1.0582	1	1.0582	1.0	True	0.84	2.0
19	14867138	C	G	EMR2	Missense_Mutation	16	8	24	0.3333333333333333	2	1	1	0.7937	1	0.7937	0.7937	False	0.84	2.0
19	15219962	G	A	SYDE1	Missense_Mutation	21	14	35	0.4	2	1	1	0.9524	1	0.9524	0.9524	True	0.84	2.0
19	15271474	C	G	NOTCH3	Nonstop_Mutation	34	21	55	0.38181818181818183	2	1	1	0.9091	1	0.9091	0.9091	True	0.84	2.0
19	15547672	G	C	WIZ	Silent	44	26	70	0.37142857142857144	2	1	1	0.8844	1	0.8844	0.8844	True	0.84	2.0
19	15547786	G	A	WIZ	Silent	48	30	78	0.38461538461538464	2	1	1	0.9158	1	0.9158	0.9158	True	0.84	2.0
19	15547792	G	A	WIZ	Silent	47	30	77	0.38961038961038963	2	1	1	0.9276	1	0.9276	0.9276	True	0.84	2.0
19	16136857	G	C	LINC00661	RNA	30	35	65	0.5384615384615384	2	1	1	1.2821	1	1.2821	1.0	True	0.84	2.0
19	16146459	G	A	LINC00905	RNA	29	26	55	0.4727272727272727	2	1	1	1.1255	1	1.1255	1.0	True	0.84	2.0
19	16192822	G	A	TPM4	Missense_Mutation	26	18	44	0.4090909090909091	2	1	1	0.974	1	0.974	0.974	True	0.84	2.0
19	16466549	G	A	EPS15L1	Silent	23	22	45	0.4888888888888889	2	1	1	1.164	1	1.164	1.0	True	0.84	2.0
19	16631730	G	C	CHERP	Intron	26	17	43	0.3953488372093023	2	1	1	0.9413	1	0.9413	0.9413	True	0.84	2.0
19	17005173	G	C	CPAMD8	Intron	20	10	30	0.3333333333333333	2	1	1	0.7937	1	0.7937	0.7937	False	0.84	2.0
19	17039021	G	C	CPAMD8	Silent	30	18	48	0.375	2	1	1	0.8929	1	0.8929	0.8929	True	0.84	2.0
19	17367422	G	A	USHBP1	Missense_Mutation	16	10	26	0.38461538461538464	2	1	1	0.9158	1	0.9158	0.9158	True	0.84	2.0
19	17396272	C	T	ANKLE1	Missense_Mutation	29	20	49	0.40816326530612246	2	1	1	0.9718	1	0.9718	0.9718	True	0.84	2.0
19	18047326	G	T	CCDC124	Nonsense_Mutation	23	14	37	0.3783783783783784	2	1	1	0.9009	1	0.9009	0.9009	True	0.84	2.0
19	18280614	G	T	PIK3R2	3'UTR	39	17	56	0.30357142857142855	2	1	1	0.7228	1	0.7228	0.7228	False	0.84	2.0
19	19221580	C	T	SLC25A42	Silent	20	13	33	0.3939393939393939	2	1	1	0.938	1	0.938	0.938	True	0.84	2.0
19	19788738	T	C	ZNF101	Silent	54	44	98	0.4489795918367347	2	1	1	1.069	1	1.069	1.0	True	0.84	2.0
19	19843812	C	G	ZNF14	5'UTR	13	11	24	0.4583333333333333	2	1	1	1.0913	1	1.0913	1.0	True	0.84	2.0
19	21609150	G	A	ZNF493	3'UTR	19	15	34	0.4411764705882353	2	1	1	1.0504	1	1.0504	1.0	True	0.84	2.0
19	22940786	A	C	ZNF99	Missense_Mutation	18	12	30	0.4	2	1	1	0.9524	1	0.9524	0.9524	True	0.84	2.0
19	22952025	C	G	ZNF99	Missense_Mutation	22	18	40	0.45	2	1	1	1.0714	1	1.0714	1.0	True	0.84	2.0
19	23159703	G	A	ZNF728	Nonsense_Mutation	57	47	104	0.4519230769230769	2	1	1	1.076	1	1.076	1.0	True	0.84	2.0
19	29213617	C	G	AC005307.3	RNA	14	8	22	0.36363636363636365	2	1	1	0.8658	1	0.8658	0.8658	True	0.84	2.0
19	33417123	C	G	CEP89	Missense_Mutation	43	24	67	0.3582089552238806	3	2	1	1.2111	1	1.2111	1.0	True	0.84	2.0
19	33493247	G	A	RHPN2	Silent	65	26	91	0.2857142857142857	3	2	1	0.966	1	0.966	0.966	True	0.84	2.0
19	34302352	G	A	KCTD15	Silent	54	22	76	0.2894736842105263	3	2	1	0.9787	1	0.9787	0.9787	True	0.84	2.0
19	34845788	G	C	KIAA0355	3'UTR	132	48	180	0.26666666666666666	3	2	1	0.9016	1	0.9016	0.9016	True	0.84	2.0
19	35996882	C	T	DMKN	Missense_Mutation	48	12	60	0.2	3	2	1	0.6762	1	0.6762	0.6762	False	0.84	2.0
19	36017549	C	T	SBSN	Silent	35	13	48	0.2708333333333333	3	2	1	0.9157	1	0.9157	0.9157	True	0.84	2.0
19	36277396	G	A	ARHGAP33	Intron	39	23	62	0.3709677419354839	3	2	1	1.2542	1	1.2542	1.0	True	0.84	2.0
19	36317448	G	T	NPHS1	Missense_Mutation	31	14	45	0.3111111111111111	3	2	1	1.0519	1	1.0519	1.0	True	0.84	2.0
19	36322209	G	C	NPHS1	Missense_Mutation	66	31	97	0.31958762886597936	3	2	1	1.0805	1	1.0805	1.0	True	0.84	2.0
19	37238866	G	C	ZNF850	Missense_Mutation	58	14	72	0.19444444444444445	3	2	1	0.6574	1	0.6574	0.6574	False	0.84	2.0
19	37643544	G	A	ZNF585A	Silent	87	25	112	0.22321428571428573	3	2	1	0.7547	1	0.7547	0.7547	False	0.84	2.0
19	37733538	C	T	ZNF383	Missense_Mutation	46	12	58	0.20689655172413793	3	2	1	0.6995	1	0.6995	0.6995	False	0.84	2.0
19	37880761	C	T	ZNF527	Missense_Mutation	33	13	46	0.2826086956521739	3	2	1	0.9555	1	0.9555	0.9555	True	0.84	2.0
19	38684202	G	A	SIPA1L3	Missense_Mutation	16	4	20	0.2	3	2	1	0.6762	1	0.6762	0.6762	False	0.84	2.0
19	38684216	G	A	SIPA1L3	Missense_Mutation	13	5	18	0.2777777777777778	3	2	1	0.9392	1	0.9392	0.9392	True	0.84	2.0
19	38865535	C	G	PSMD8	Silent	44	23	67	0.34328358208955223	3	2	1	1.1606	1	1.1606	1.0	True	0.84	2.0
19	38949865	C	T	RYR1	Silent	38	10	48	0.20833333333333334	3	2	1	0.7044	1	0.7044	0.7044	False	0.84	2.0
19	39217615	G	A	ACTN4	Missense_Mutation	48	14	62	0.22580645161290322	3	2	1	0.7634	1	0.7634	0.7634	False	0.84	2.0
19	39359698	C	T	RINL	3'UTR	26	6	32	0.1875	3	2	1	0.6339	1	0.6339	0.6339	False	0.84	2.0
19	39600725	G	A	PAPL	Silent	170	70	240	0.2916666666666667	3	2	1	0.9861	1	0.9861	0.9861	True	0.84	2.0
19	39880311	G	C	PAF1	Missense_Mutation	78	32	110	0.2909090909090909	3	2	1	0.9835	1	0.9835	0.9835	True	0.84	2.0
19	39998878	C	G	DLL3	3'UTR	46	15	61	0.2459016393442623	3	2	1	0.8314	1	0.8314	0.8314	False	0.84	2.0
19	40368436	G	A	FCGBP	Silent	97	33	130	0.25384615384615383	3	2	1	0.8582	1	0.8582	0.8582	True	0.84	2.0
19	40513284	A	G	ZNF546	Missense_Mutation	85	31	116	0.2672413793103448	3	2	1	0.9035	1	0.9035	0.9035	True	0.84	2.0
19	40728295	G	A	CNTD2	3'UTR	6	6	12	0.5	3	2	1	1.6905	2	0.8452	0.8452	False	0.84	2.0
19	41354584	C	G	CYP2A6	Missense_Mutation	133	29	162	0.17901234567901234	3	2	1	0.6052	1	0.6052	0.6052	False	0.84	2.0
19	42734840	C	G	GSK3A	3'UTR	31	11	42	0.2619047619047619	3	2	1	0.8855	1	0.8855	0.8855	True	0.84	2.0
19	42814499	G	C	PRR19	Missense_Mutation	34	9	43	0.20930232558139536	3	2	1	0.7076	1	0.7076	0.7076	False	0.84	2.0
19	43016551	G	A	CEACAM1	Silent	31	15	46	0.32608695652173914	3	2	1	1.1025	1	1.1025	1.0	True	0.84	2.0
19	43348637	G	C	PSG10P	RNA	163	38	201	0.1890547263681592	3	2	1	0.6392	1	0.6392	0.6392	False	0.84	2.0
19	44012026	C	G	ETHE1	Intron	15	9	24	0.375	3	2	1	1.2679	1	1.2679	1.0	True	0.84	2.0
19	44610712	G	C	ZNF224	Missense_Mutation	45	14	59	0.23728813559322035	3	2	1	0.8023	1	0.8023	0.8023	False	0.84	2.0
19	44660812	C	G	ZNF234	Missense_Mutation	63	25	88	0.2840909090909091	3	2	1	0.9605	1	0.9605	0.9605	True	0.84	2.0
19	44777789	G	A	ZNF233	Missense_Mutation	57	22	79	0.27848101265822783	3	2	1	0.9415	1	0.9415	0.9415	True	0.84	2.0
19	45430229	C	T	APOC1P1	RNA	50	26	76	0.34210526315789475	3	2	1	1.1566	1	1.1566	1.0	True	0.84	2.0
19	45649049	G	A	PPP1R37	Missense_Mutation	9	6	15	0.4	3	2	1	1.3524	1	1.3524	1.0	True	0.84	2.0
19	45655990	C	T	NKPD1	Missense_Mutation	15	9	24	0.375	3	2	1	1.2679	1	1.2679	1.0	True	0.84	2.0
19	45781238	G	A	MARK4	Missense_Mutation	47	11	58	0.1896551724137931	3	2	1	0.6412	1	0.6412	0.6412	False	0.84	2.0
19	46216318	C	G	FBXO46	Missense_Mutation	107	27	134	0.20149253731343283	3	2	1	0.6812	1	0.6812	0.6812	False	0.84	2.0
19	46271479	G	A	SIX5	Silent	47	16	63	0.25396825396825395	3	2	1	0.8587	1	0.8587	0.8587	True	0.84	2.0
19	46273546	C	T	DMPK	3'UTR	41	22	63	0.3492063492063492	3	2	1	1.1807	1	1.1807	1.0	True	0.84	2.0
19	46298966	C	T	DMWD	5'Flank	23	5	28	0.17857142857142858	3	2	1	0.6037	1	0.6037	0.6037	False	0.84	2.0
19	46807342	G	A	HIF3A	Missense_Mutation	17	4	21	0.19047619047619047	3	2	1	0.644	1	0.644	0.644	False	0.84	2.0
19	47535576	C	G	NPAS1	Silent	45	20	65	0.3076923076923077	3	2	1	1.0403	1	1.0403	1.0	True	0.84	2.0
19	47593402	C	G	ZC3H4	Missense_Mutation	113	48	161	0.2981366459627329	3	2	1	1.008	1	1.008	1.0	True	0.84	2.0
19	47999913	C	T	NAPA	Intron	20	12	32	0.375	3	2	1	1.2679	1	1.2679	1.0	True	0.84	2.0
19	48253514	G	A	GLTSCR2	Silent	56	29	85	0.3411764705882353	3	2	1	1.1535	1	1.1535	1.0	True	0.84	2.0
19	48824026	G	A	EMP3	5'Flank	56	23	79	0.2911392405063291	3	2	1	0.9843	1	0.9843	0.9843	True	0.84	2.0
19	49013817	G	A	LMTK3	Missense_Mutation	18	8	26	0.3076923076923077	3	2	1	1.0403	1	1.0403	1.0	True	0.84	2.0
19	49561421	G	C	NTF4	3'Flank	31	10	41	0.24390243902439024	3	2	1	0.8246	1	0.8246	0.8246	False	0.84	2.0
19	49964112	C	T	ALDH16A1	Missense_Mutation	28	11	39	0.28205128205128205	3	2	1	0.9536	1	0.9536	0.9536	True	0.84	2.0
19	49965835	C	G	ALDH16A1	Silent	66	32	98	0.32653061224489793	3	2	1	1.104	1	1.104	1.0	True	0.84	2.0
19	50169213	C	G	BCL2L12	Missense_Mutation	37	20	57	0.3508771929824561	3	2	1	1.1863	1	1.1863	1.0	True	0.84	2.0
19	50169991	G	A	BCL2L12	Silent	60	26	86	0.3023255813953488	3	2	1	1.0221	1	1.0221	1.0	True	0.84	2.0
19	50339101	C	T	MED25	Missense_Mutation	11	5	16	0.3125	3	2	1	1.0565	1	1.0565	1.0	True	0.84	2.0
19	50781447	G	A	MYH14	Silent	71	30	101	0.297029702970297	3	2	1	1.0042	1	1.0042	1.0	True	0.84	2.0
19	50813076	G	A	MYH14	3'UTR	31	9	40	0.225	3	2	1	0.7607	1	0.7607	0.7607	False	0.84	2.0
19	51132706	C	A	SYT3	Nonsense_Mutation	46	15	61	0.2459016393442623	3	2	1	0.8314	1	0.8314	0.8314	False	0.84	2.0
19	51165140	G	C	SHANK1	3'UTR	50	12	62	0.1935483870967742	3	2	1	0.6544	1	0.6544	0.6544	False	0.84	2.0
19	51452178	G	C	KLK5	Missense_Mutation	62	23	85	0.27058823529411763	3	2	1	0.9148	1	0.9148	0.9148	True	0.84	2.0
19	51671124	C	G	CTD-3187F8.14	Intron	37	20	57	0.3508771929824561	3	2	1	1.1863	1	1.1863	1.0	True	0.84	2.0
19	51960463	C	T	SIGLEC8	Missense_Mutation	52	15	67	0.22388059701492538	3	2	1	0.7569	1	0.7569	0.7569	False	0.84	2.0
19	52569558	G	C	ZNF841	Nonsense_Mutation	32	9	41	0.21951219512195122	3	2	1	0.7422	1	0.7422	0.7422	False	0.84	2.0
19	52905262	C	G	ZNF528	5'UTR	143	41	184	0.22282608695652173	3	2	1	0.7534	1	0.7534	0.7534	False	0.84	2.0
19	53014124	C	T	ZNF578	Missense_Mutation	75	25	100	0.25	3	2	1	0.8452	1	0.8452	0.8452	False	0.84	2.0
19	53014490	C	T	ZNF578	Missense_Mutation	72	23	95	0.24210526315789474	3	2	1	0.8185	1	0.8185	0.8185	False	0.84	2.0
19	53282081	G	C	ZNF600	Intron	86	25	111	0.22522522522522523	3	2	1	0.7615	1	0.7615	0.7615	False	0.84	2.0
19	53282120	G	A	ZNF600	5'UTR	84	25	109	0.22935779816513763	3	2	1	0.7754	1	0.7754	0.7754	False	0.84	2.0
19	53518516	C	T	ERVV-1	Silent	147	38	185	0.20540540540540542	3	2	1	0.6945	1	0.6945	0.6945	False	0.84	2.0
19	53793868	C	G	BIRC8	5'UTR	53	26	79	0.3291139240506329	3	2	1	1.1127	1	1.1127	1.0	True	0.84	2.0
19	53794324	C	T	BIRC8	5'UTR	36	17	53	0.32075471698113206	3	2	1	1.0845	1	1.0845	1.0	True	0.84	2.0
19	53945480	G	A	TPM3P9	RNA	73	30	103	0.2912621359223301	3	2	1	0.9847	1	0.9847	0.9847	True	0.84	2.0
19	54264452	C	T	MIR516A2	RNA	64	15	79	0.189873417721519	3	2	1	0.642	1	0.642	0.642	False	0.84	2.0
19	54299115	G	C	NLRP12	Silent	66	27	93	0.2903225806451613	3	2	1	0.9816	1	0.9816	0.9816	True	0.84	2.0
19	54318218	G	A	NLRP12	Missense_Mutation	34	23	57	0.40350877192982454	3	2	1	1.3642	1	1.3642	1.0	True	0.84	2.0
19	54606438	C	A	NDUFA3	Silent	56	22	78	0.28205128205128205	3	2	1	0.9536	1	0.9536	0.9536	True	0.84	2.0
19	54664722	G	A	TMC4	Silent	16	13	29	0.4482758620689655	3	2	1	1.5156	2	0.7578	0.7578	False	0.84	2.0
19	54822829	C	T	LILRA5	Silent	61	35	96	0.3645833333333333	3	2	1	1.2326	1	1.2326	1.0	True	0.84	2.0
19	55221572	G	A	AC098784.2	3'Flank	115	42	157	0.267515923566879	3	2	1	0.9045	1	0.9045	0.9045	True	0.84	2.0
19	55449510	G	A	NLRP7	Silent	70	27	97	0.27835051546391754	3	2	1	0.9411	1	0.9411	0.9411	True	0.84	2.0
19	55889252	C	G	TMEM190	Missense_Mutation	25	13	38	0.34210526315789475	3	2	1	1.1566	1	1.1566	1.0	True	0.84	2.0
19	56103117	C	T	FIZ1	3'UTR	23	15	38	0.39473684210526316	3	2	1	1.3346	1	1.3346	1.0	True	0.84	2.0
19	56321256	G	A	NLRP11	Silent	35	24	59	0.4067796610169492	3	2	1	1.3753	1	1.3753	1.0	True	0.84	2.0
19	56466659	G	A	NLRP8	Missense_Mutation	53	21	74	0.28378378378378377	3	2	1	0.9595	1	0.9595	0.9595	True	0.84	2.0
19	56953634	G	C	ZNF667	Missense_Mutation	71	33	104	0.3173076923076923	3	2	1	1.0728	1	1.0728	1.0	True	0.84	2.0
19	57006562	G	C	ZNF667-AS1	RNA	16	7	23	0.30434782608695654	3	2	1	1.029	1	1.029	1.0	True	0.84	2.0
19	57065696	C	T	ZFP28	Silent	28	17	45	0.37777777777777777	3	2	1	1.2772	1	1.2772	1.0	True	0.84	2.0
19	57765301	G	A	ZNF805	Missense_Mutation	80	28	108	0.25925925925925924	3	2	1	0.8765	1	0.8765	0.8765	True	0.84	2.0
19	57910035	G	A	ZNF548	Missense_Mutation	69	25	94	0.26595744680851063	3	2	1	0.8992	1	0.8992	0.8992	True	0.84	2.0
19	57910718	C	T	ZNF548	Missense_Mutation	34	12	46	0.2608695652173913	3	2	1	0.882	1	0.882	0.882	True	0.84	2.0
19	57931647	C	G	ZNF17	Missense_Mutation	39	22	61	0.36065573770491804	3	2	1	1.2194	1	1.2194	1.0	True	0.84	2.0
19	57946915	C	G	ZNF749	5'UTR	41	16	57	0.2807017543859649	3	2	1	0.949	1	0.949	0.949	True	0.84	2.0
19	57967211	C	G	VN1R1	Missense_Mutation	66	24	90	0.26666666666666666	3	2	1	0.9016	1	0.9016	0.9016	True	0.84	2.0
19	58084776	C	G	ZNF416	Missense_Mutation	113	44	157	0.2802547770700637	3	2	1	0.9475	1	0.9475	0.9475	True	0.84	2.0
19	58187617	G	A	ZSCAN4	Missense_Mutation	69	18	87	0.20689655172413793	3	2	1	0.6995	1	0.6995	0.6995	False	0.84	2.0
19	58196748	C	A	ZNF551	Missense_Mutation	106	49	155	0.3161290322580645	3	2	1	1.0688	1	1.0688	1.0	True	0.84	2.0
19	58265783	G	A	ZNF776	Missense_Mutation	55	22	77	0.2857142857142857	3	2	1	0.966	1	0.966	0.966	True	0.84	2.0
19	58325933	C	G	ZNF552	Intron	39	16	55	0.2909090909090909	3	2	1	0.9835	1	0.9835	0.9835	True	0.84	2.0
19	58331116	C	G	CTD-2583A14.10	5'Flank	30	9	39	0.23076923076923078	3	2	1	0.7802	1	0.7802	0.7802	False	0.84	2.0
19	58331298	G	A	CTD-2583A14.10	Silent	93	36	129	0.27906976744186046	3	2	1	0.9435	1	0.9435	0.9435	True	0.84	2.0
19	58437871	G	A	ZNF418	Missense_Mutation	37	24	61	0.39344262295081966	3	2	1	1.3302	1	1.3302	1.0	True	0.84	2.0
19	58864711	G	A	A1BG	Intron	25	54	79	0.6835443037974683	3	2	1	2.311	2	1.1555	1.0	True	0.84	2.0
19	58945830	G	A	ZNF132	Silent	40	20	60	0.3333333333333333	2	1	1	0.7937	1	0.7937	0.7937	False	0.84	2.0
19	58948493	C	T	ZNF132	Silent	61	26	87	0.2988505747126437	2	1	1	0.7115	1	0.7115	0.7115	False	0.84	2.0
19	59074503	C	T	MZF1	Missense_Mutation	12	4	16	0.25	2	1	1	0.5952	1	0.5952	0.5952	False	0.84	2.0
19	59082462	C	G	MZF1	Missense_Mutation	36	15	51	0.29411764705882354	2	1	1	0.7003	1	0.7003	0.7003	False	0.84	2.0
20	2297832	C	T	TGM3	Missense_Mutation	96	20	116	0.1724137931034483	4	3	1	0.7553	1	0.7553	0.7553	False	0.84	2.0
20	2637610	G	C	NOP56	Intron	90	26	116	0.22413793103448276	4	3	1	0.9819	1	0.9819	0.9819	True	0.84	2.0
20	3090896	G	C	UBOX5	Missense_Mutation	72	19	91	0.2087912087912088	4	3	1	0.9147	1	0.9147	0.9147	True	0.84	2.0
20	3103193	G	C	UBOX5	Missense_Mutation	55	12	67	0.1791044776119403	4	3	1	0.7846	1	0.7846	0.7846	False	0.84	2.0
20	3143270	C	G	LZTS3	3'UTR	79	22	101	0.21782178217821782	4	3	1	0.9543	1	0.9543	0.9543	True	0.84	2.0
20	3183919	G	C	DDRGK1	Missense_Mutation	79	20	99	0.20202020202020202	4	3	1	0.885	1	0.885	0.885	True	0.84	2.0
20	3183980	C	G	DDRGK1	Silent	76	12	88	0.13636363636363635	4	3	1	0.5974	1	0.5974	0.5974	False	0.84	2.0
20	3214933	C	G	SLC4A11	Missense_Mutation	45	8	53	0.1509433962264151	5	4	1	0.8122	1	0.8122	0.8122	False	0.84	2.0
20	3268354	C	G	C20orf194	Missense_Mutation	86	30	116	0.25862068965517243	5	4	1	1.3916	1	1.3916	1.0	True	0.84	2.0
20	3649569	G	A	ADAM33	3'UTR	108	15	123	0.12195121951219512	5	4	1	0.6562	1	0.6562	0.6562	False	0.84	2.0
20	3684498	G	A	SIGLEC1	Missense_Mutation	69	10	79	0.12658227848101267	5	4	1	0.6811	1	0.6811	0.6811	False	0.84	2.0
20	4162935	C	T	SMOX	Missense_Mutation	104	27	131	0.20610687022900764	5	4	1	1.1091	1	1.1091	1.0	True	0.84	2.0
20	4776485	G	C	RASSF2	Missense_Mutation	98	17	115	0.14782608695652175	5	4	1	0.7954	1	0.7954	0.7954	False	0.84	2.0
20	5100548	G	A	PCNA	5'UTR	24	6	30	0.2	5	4	1	1.0762	1	1.0762	1.0	True	0.84	2.0
20	5987916	G	C	CRLS1	Intron	64	15	79	0.189873417721519	5	4	1	1.0217	1	1.0217	1.0	True	0.84	2.0
20	6031429	G	A	LRRN4	Nonsense_Mutation	63	16	79	0.20253164556962025	5	4	1	1.0898	1	1.0898	1.0	True	0.84	2.0
20	7963053	G	A	TMX4	Nonsense_Mutation	208	27	235	0.1148936170212766	7	7	1	0.848	1	0.848	0.848	False	0.84	2.0
20	7982144	G	A	TMX4	Missense_Mutation	94	12	106	0.11320754716981132	7	7	1	0.8356	1	0.8356	0.8356	False	0.84	2.0
20	8719976	C	T	PLCB1	Silent	29	26	55	0.4727272727272727	2	1	1	1.1255	1	1.1255	1.0	True	0.84	2.0
20	9518573	C	G	PAK7	3'UTR	12	16	28	0.5714285714285714	2	1	1	1.3605	1	1.3605	1.0	True	0.84	2.0
20	9543638	C	A	PAK7	Missense_Mutation	37	27	64	0.421875	2	1	1	1.0045	1	1.0045	1.0	True	0.84	2.0
20	18297521	G	C	ZNF133	3'UTR	18	49	67	0.7313432835820896	1	1	0	1.01	1	1.01	1.0	True	0.84	2.0
20	21335437	C	T	XRN2	Silent	23	31	54	0.5740740740740741	1	1	0	0.7928	1	0.7928	0.7928	False	0.84	2.0
20	29896334	G	A	DEFB116	Nonsense_Mutation	23	16	39	0.41025641025641024	2	1	1	0.9768	1	0.9768	0.9768	True	0.84	2.0
20	29965028	G	C	DEFB118	3'Flank	11	11	22	0.5	2	1	1	1.1905	1	1.1905	1.0	True	0.84	2.0
20	31291246	G	A	COMMD7	Nonsense_Mutation	9	8	17	0.47058823529411764	2	1	1	1.1204	1	1.1204	1.0	True	0.84	2.0
20	31608159	C	G	BPIFB2	Missense_Mutation	37	13	50	0.26	2	1	1	0.619	1	0.619	0.619	False	0.84	2.0
20	32345025	C	A	ZNF341	Missense_Mutation	29	14	43	0.32558139534883723	2	1	1	0.7752	1	0.7752	0.7752	False	0.84	2.0
20	33328287	C	T	NCOA6	Missense_Mutation	45	28	73	0.3835616438356164	2	1	1	0.9132	1	0.9132	0.9132	True	0.84	2.0
20	33337504	G	A	NCOA6	Missense_Mutation	33	26	59	0.4406779661016949	2	1	1	1.0492	1	1.0492	1.0	True	0.84	2.0
20	34021779	G	A	GDF5	Silent	42	20	62	0.3225806451612903	2	1	1	0.768	1	0.768	0.768	False	0.84	2.0
20	34090757	G	A	CEP250	Silent	13	8	21	0.38095238095238093	2	1	1	0.907	1	0.907	0.907	True	0.84	2.0
20	34526643	G	A	PHF20	Silent	65	28	93	0.3010752688172043	2	1	1	0.7168	1	0.7168	0.7168	False	0.84	2.0
20	36640387	G	C	TTI1	Nonsense_Mutation	54	28	82	0.34146341463414637	2	1	1	0.813	1	0.813	0.813	False	0.84	2.0
20	36888914	G	A	KIAA1755	5'UTR	22	12	34	0.35294117647058826	2	1	1	0.8403	1	0.8403	0.8403	False	0.84	2.0
20	39803801	C	A	PLCG1	3'UTR	20	7	27	0.25925925925925924	2	1	1	0.6173	1	0.6173	0.6173	False	0.84	2.0
20	39831522	C	T	ZHX3	Missense_Mutation	38	24	62	0.3870967741935484	2	1	1	0.9217	1	0.9217	0.9217	True	0.84	2.0
20	42320836	C	G	MYBL2	Missense_Mutation	14	20	34	0.5882352941176471	2	1	1	1.4006	1	1.4006	1.0	True	0.84	2.0
20	42683061	A	T	TOX2	Missense_Mutation	40	31	71	0.43661971830985913	2	1	1	1.0396	1	1.0396	1.0	True	0.84	2.0
20	43577512	G	C	TOMM34	Missense_Mutation	27	28	55	0.509090909090909	2	1	1	1.2121	1	1.2121	1.0	True	0.84	2.0
20	44521502	C	T	CTSA	Missense_Mutation	20	15	35	0.42857142857142855	2	1	1	1.0204	1	1.0204	1.0	True	0.84	2.0
20	45607194	G	A	EYA2	Intron	37	9	46	0.1956521739130435	2	1	1	0.4658	1	0.4658	0.4658	False	0.84	2.0
20	45853105	C	T	ZMYND8	Missense_Mutation	30	19	49	0.3877551020408163	2	1	1	0.9232	1	0.9232	0.9232	True	0.84	2.0
20	47256415	C	T	PREX1	Missense_Mutation	38	26	64	0.40625	2	1	1	0.9673	1	0.9673	0.9673	True	0.84	2.0
20	47850216	C	T	DDX27	Missense_Mutation	33	35	68	0.5147058823529411	2	1	1	1.2255	1	1.2255	1.0	True	0.84	2.0
20	49458338	C	G	BCAS4	Missense_Mutation	29	14	43	0.32558139534883723	2	1	1	0.7752	1	0.7752	0.7752	False	0.84	2.0
20	52774666	C	G	CYP24A1	Missense_Mutation	18	12	30	0.4	2	1	1	0.9524	1	0.9524	0.9524	True	0.84	2.0
20	57268911	C	T	NPEPL1	Missense_Mutation	16	7	23	0.30434782608695654	2	1	1	0.7246	1	0.7246	0.7246	False	0.84	2.0
20	61595652	C	G	SLC17A9	Missense_Mutation	25	37	62	0.5967741935483871	1	1	0	0.8241	1	0.8241	0.8241	False	0.84	2.0
20	61809853	G	C	MIR124-3	RNA	1	15	16	0.9375	1	1	0	1.2946	1	1.2946	1.0	True	0.84	2.0
20	62492971	C	T	C20ORF135	Missense_Mutation	1	15	16	0.9375	2	1	1	2.2321	1	2.2321	1.0	True	0.84	2.0
20	62854649	C	T	MYT1	Missense_Mutation	45	82	127	0.6456692913385826	2	1	1	1.5373	1	1.5373	1.0	True	0.84	2.0
21	11058273	C	G	BAGE2	RNA	91	10	101	0.09900990099009901	2	1	1	0.2357	1	0.2357	0.2357	False	0.84	2.0
21	28304448	C	A	ADAMTS5	Missense_Mutation	26	20	46	0.43478260869565216	2	1	1	1.0352	1	1.0352	1.0	True	0.84	2.0
21	30316810	G	C	LTN1	Missense_Mutation	27	5	32	0.15625	2	1	1	0.372	1	0.372	0.372	False	0.84	2.0
21	30925920	C	G	GRIK1	Missense_Mutation	21	14	35	0.4	2	1	1	0.9524	1	0.9524	0.9524	True	0.84	2.0
21	31587732	G	C	CLDN8	Missense_Mutation	39	32	71	0.4507042253521127	2	1	1	1.0731	1	1.0731	1.0	True	0.84	2.0
21	33104165	G	C	SCAF4	5'UTR	12	13	25	0.52	2	1	1	1.2381	1	1.2381	1.0	True	0.84	2.0
21	33694162	G	A	URB1	Silent	21	13	34	0.38235294117647056	2	1	1	0.9104	1	0.9104	0.9104	True	0.84	2.0
21	33694880	G	A	URB1	Silent	22	21	43	0.4883720930232558	2	1	1	1.1628	1	1.1628	1.0	True	0.84	2.0
21	33984523	C	G	C21orf59	Missense_Mutation	45	22	67	0.3283582089552239	2	1	1	0.7818	1	0.7818	0.7818	False	0.84	2.0
21	34099122	C	G	SYNJ1	Missense_Mutation	15	16	31	0.5161290322580645	2	1	1	1.2289	1	1.2289	1.0	True	0.84	2.0
21	34399424	C	G	OLIG2	Missense_Mutation	34	24	58	0.41379310344827586	2	1	1	0.9852	1	0.9852	0.9852	True	0.84	2.0
21	34443740	G	C	OLIG1	3'UTR	13	7	20	0.35	2	1	1	0.8333	1	0.8333	0.8333	False	0.84	2.0
21	37665756	G	A	DOPEY2	Missense_Mutation	29	12	41	0.2926829268292683	2	1	1	0.6969	1	0.6969	0.6969	False	0.84	2.0
21	37747582	C	T	MORC3	Silent	53	40	93	0.43010752688172044	2	1	1	1.0241	1	1.0241	1.0	True	0.84	2.0
21	38129019	G	C	HLCS	Missense_Mutation	61	40	101	0.39603960396039606	2	1	1	0.943	1	0.943	0.943	True	0.84	2.0
21	38569941	G	A	TTC3	Missense_Mutation	21	14	35	0.4	2	1	1	0.9524	1	0.9524	0.9524	True	0.84	2.0
21	41032838	G	A	B3GALT5	Missense_Mutation	9	5	14	0.35714285714285715	2	1	1	0.8503	1	0.8503	0.8503	True	0.84	2.0
21	43702483	G	C	ABCG1	Missense_Mutation	23	23	46	0.5	2	1	1	1.1905	1	1.1905	1.0	True	0.84	2.0
21	44274710	G	A	WDR4	Silent	15	16	31	0.5161290322580645	2	1	1	1.2289	1	1.2289	1.0	True	0.84	2.0
21	45103223	G	T	RRP1B	Missense_Mutation	14	5	19	0.2631578947368421	2	1	1	0.6266	1	0.6266	0.6266	False	0.84	2.0
21	45994702	G	A	KRTAP10-4	Missense_Mutation	61	41	102	0.4019607843137255	2	1	1	0.957	1	0.957	0.957	True	0.84	2.0
21	46323277	C	T	ITGB2	Intron	63	40	103	0.3883495145631068	2	1	1	0.9246	1	0.9246	0.9246	True	0.84	2.0
21	47552126	C	T	COL6A2	Missense_Mutation	31	23	54	0.42592592592592593	2	1	1	1.0141	1	1.0141	1.0	True	0.84	2.0
21	47571901	G	C	FTCD	Intron	7	6	13	0.46153846153846156	2	1	1	1.0989	1	1.0989	1.0	True	0.84	2.0
22	18273683	C	G	MICAL3	Splice_Site	25	13	38	0.34210526315789475	2	1	1	0.8145	1	0.8145	0.8145	False	0.84	2.0
22	18844612	G	C	BCRP7	Intron	73	7	80	0.0875	2	1	1	0.2083	1	0.2083	0.2083	False	0.84	2.0
22	19006762	G	A	DGCR9	RNA	31	15	46	0.32608695652173914	2	1	1	0.7764	1	0.7764	0.7764	False	0.84	2.0
22	19459236	C	T	UFD1L	Missense_Mutation	19	8	27	0.2962962962962963	2	1	1	0.7055	1	0.7055	0.7055	False	0.84	2.0
22	19961632	C	G	ARVCF	Intron	60	16	76	0.21052631578947367	2	1	1	0.5013	1	0.5013	0.5013	False	0.84	2.0
22	20043499	G	A	TANGO2	Silent	64	27	91	0.2967032967032967	2	1	1	0.7064	1	0.7064	0.7064	False	0.84	2.0
22	20079118	C	G	DGCR8	Silent	31	15	46	0.32608695652173914	2	1	1	0.7764	1	0.7764	0.7764	False	0.84	2.0
22	20128963	G	C	ZDHHC8	Missense_Mutation	106	42	148	0.28378378378378377	2	1	1	0.6757	1	0.6757	0.6757	False	0.84	2.0
22	20781775	C	G	SCARF2	Missense_Mutation	60	23	83	0.27710843373493976	2	1	1	0.6598	1	0.6598	0.6598	False	0.84	2.0
22	21044423	C	G	POM121L4P	RNA	86	42	128	0.328125	2	1	1	0.7812	1	0.7812	0.7812	False	0.84	2.0
22	21805192	C	T	HIC2	3'UTR	53	43	96	0.4479166666666667	2	1	1	1.0665	1	1.0665	1.0	True	0.84	2.0
22	23063352	C	G	IGLV3-19	Missense_Mutation	23	13	36	0.3611111111111111	2	1	1	0.8598	1	0.8598	0.8598	True	0.84	2.0
22	23243464	G	T	IGLC2	Nonsense_Mutation	22	16	38	0.42105263157894735	2	1	1	1.0025	1	1.0025	1.0	True	0.84	2.0
22	24468334	G	C	CABIN1	Missense_Mutation	37	27	64	0.421875	2	1	1	1.0045	1	1.0045	1.0	True	0.84	2.0
22	24509660	C	T	CABIN1	Silent	9	8	17	0.47058823529411764	2	1	1	1.1204	1	1.1204	1.0	True	0.84	2.0
22	24765209	C	G	SPECC1L	Nonsense_Mutation	36	20	56	0.35714285714285715	2	1	1	0.8503	1	0.8503	0.8503	True	0.84	2.0
22	28307052	C	G	PITPNB	Missense_Mutation	23	18	41	0.43902439024390244	2	1	1	1.0453	1	1.0453	1.0	True	0.84	2.0
22	28378382	G	C	TTC28	Missense_Mutation	30	27	57	0.47368421052631576	2	1	1	1.1278	1	1.1278	1.0	True	0.84	2.0
22	30126213	G	A	CABP7	3'UTR	43	32	75	0.4266666666666667	2	1	1	1.0159	1	1.0159	1.0	True	0.84	2.0
22	30819205	C	T	SEC14L2	3'UTR	36	23	59	0.3898305084745763	2	1	1	0.9282	1	0.9282	0.9282	True	0.84	2.0
22	32554981	C	G	C22orf42	Missense_Mutation	67	5	72	0.06944444444444445	2	1	1	0.1653	1	0.1653	0.1653	False	0.84	2.0
22	32828450	T	A	BPIFC	Silent	60	58	118	0.4915254237288136	2	1	1	1.1703	1	1.1703	1.0	True	0.84	2.0
22	32909744	C	G	SYN3	Missense_Mutation	27	5	32	0.15625	2	1	1	0.372	1	0.372	0.372	False	0.84	2.0
22	36537273	C	T	APOL3	Missense_Mutation	47	5	52	0.09615384615384616	2	1	1	0.2289	1	0.2289	0.2289	False	0.84	2.0
22	36537912	C	A	APOL3	Missense_Mutation	22	15	37	0.40540540540540543	2	1	1	0.9653	1	0.9653	0.9653	True	0.84	2.0
22	36705359	G	A	MYH9	Missense_Mutation	36	24	60	0.4	2	1	1	0.9524	1	0.9524	0.9524	True	0.84	2.0
22	36913354	C	G	EIF3D	Missense_Mutation	27	16	43	0.37209302325581395	2	1	1	0.8859	1	0.8859	0.8859	True	0.84	2.0
22	37273686	G	C	NCF4	3'UTR	30	19	49	0.3877551020408163	2	1	1	0.9232	1	0.9232	0.9232	True	0.84	2.0
22	37870703	G	C	MFNG	Missense_Mutation	22	10	32	0.3125	2	1	1	0.744	1	0.744	0.744	False	0.84	2.0
22	38130433	G	A	TRIOBP	Missense_Mutation	38	16	54	0.2962962962962963	2	1	1	0.7055	1	0.7055	0.7055	False	0.84	2.0
22	39117746	G	C	GTPBP1	Splice_Site	12	16	28	0.5714285714285714	2	1	1	1.3605	1	1.3605	1.0	True	0.84	2.0
22	39427902	C	T	APOBEC3D	Silent	49	32	81	0.3950617283950617	2	1	1	0.9406	1	0.9406	0.9406	True	0.84	2.0
22	39441430	C	G	APOBEC3F	Intron	47	34	81	0.41975308641975306	2	1	1	0.9994	1	0.9994	0.9994	True	0.84	2.0
22	39477000	G	T	APOBEC3G	Missense_Mutation	17	30	47	0.6382978723404256	2	1	1	1.5198	1	1.5198	1.0	True	0.84	2.0
22	39477025	G	A	APOBEC3G	Missense_Mutation	23	26	49	0.5306122448979592	2	1	1	1.2634	1	1.2634	1.0	True	0.84	2.0
22	41489064	C	G	EP300	Nonsense_Mutation	33	19	52	0.36538461538461536	2	1	1	0.87	1	0.87	0.87	True	0.84	2.0
22	41521980	C	G	EP300	Nonsense_Mutation	16	12	28	0.42857142857142855	2	1	1	1.0204	1	1.0204	1.0	True	0.84	2.0
22	42387592	G	C	SEPT3	Missense_Mutation	58	34	92	0.3695652173913043	2	1	1	0.8799	1	0.8799	0.8799	True	0.84	2.0
22	44342296	C	T	PNPLA3	3'UTR	11	9	20	0.45	2	1	1	1.0714	1	1.0714	1.0	True	0.84	2.0
22	45599773	G	A	KIAA0930	Nonsense_Mutation	43	19	62	0.3064516129032258	2	1	1	0.7296	1	0.7296	0.7296	False	0.84	2.0
22	45929657	C	T	FBLN1	Silent	32	21	53	0.39622641509433965	2	1	1	0.9434	1	0.9434	0.9434	True	0.84	2.0
22	46327115	C	T	WNT7B	Missense_Mutation	38	28	66	0.42424242424242425	2	1	1	1.0101	1	1.0101	1.0	True	0.84	2.0
22	46656322	G	C	PKDREJ	Silent	30	17	47	0.3617021276595745	2	1	1	0.8612	1	0.8612	0.8612	True	0.84	2.0
22	50547268	G	C	MOV10L1	Missense_Mutation	41	23	64	0.359375	2	1	1	0.8557	1	0.8557	0.8557	True	0.84	2.0
22	50667952	C	T	TUBGCP6	Missense_Mutation	19	17	36	0.4722222222222222	2	1	1	1.1243	1	1.1243	1.0	True	0.84	2.0
22	50959393	G	C	NCAPH2	Splice_Site	13	10	23	0.43478260869565216	2	1	1	1.0352	1	1.0352	1.0	True	0.84	2.0
22	50960965	G	A	NCAPH2	Missense_Mutation	28	30	58	0.5172413793103449	2	1	1	1.2315	1	1.2315	1.0	True	0.84	2.0
22	50960969	G	A	NCAPH2	Missense_Mutation	28	31	59	0.5254237288135594	2	1	1	1.251	1	1.251	1.0	True	0.84	2.0
22	50986892	G	C	KLHDC7B	Silent	22	16	38	0.42105263157894735	2	1	1	1.0025	1	1.0025	1.0	True	0.84	2.0
22	51123010	C	T	SHANK3	Intron	15	8	23	0.34782608695652173	2	1	1	0.8282	1	0.8282	0.8282	False	0.84	2.0
X	1584669	G	A	P2RY8	Silent	63	7	70	0.1	2	1	1	0.2381	1	0.2381	0.2381	False	0.84	2.0
X	10035326	G	C	WWC3	Splice_Site	61	36	97	0.3711340206185567	2	1	1	0.8837	1	0.8837	0.8837	True	0.84	2.0
X	13779289	C	T	OFD1	Silent	52	35	87	0.40229885057471265	2	1	1	0.9579	1	0.9579	0.9579	True	0.84	2.0
X	15376224	G	T	FIGF	Missense_Mutation	39	20	59	0.3389830508474576	2	1	1	0.8071	1	0.8071	0.8071	False	0.84	2.0
X	18622091	G	A	CDKL5	Silent	21	9	30	0.3	2	1	1	0.7143	1	0.7143	0.7143	False	0.84	2.0
X	19372691	C	A	PDHA1	Missense_Mutation	34	23	57	0.40350877192982454	2	1	1	0.9607	1	0.9607	0.9607	True	0.84	2.0
X	19935399	C	T	CXorf23	3'UTR	54	19	73	0.2602739726027397	2	1	1	0.6197	1	0.6197	0.6197	False	0.84	2.0
X	24717569	C	G	POLA1	Missense_Mutation	47	26	73	0.3561643835616438	2	1	1	0.848	1	0.848	0.848	False	0.84	2.0
X	30326419	G	A	NR0B1	Silent	31	31	62	0.5	2	1	1	1.1905	1	1.1905	1.0	True	0.84	2.0
X	32360327	C	T	DMD	Missense_Mutation	31	13	44	0.29545454545454547	2	1	1	0.7035	1	0.7035	0.7035	False	0.84	2.0
X	35821128	G	A	MAGEB16	Missense_Mutation	29	20	49	0.40816326530612246	2	1	1	0.9718	1	0.9718	0.9718	True	0.84	2.0
X	35966468	C	T	CXorf22	Silent	27	15	42	0.35714285714285715	2	1	1	0.8503	1	0.8503	0.8503	True	0.84	2.0
X	38146058	C	A	RPGR	Nonsense_Mutation	123	67	190	0.3526315789473684	2	1	1	0.8396	1	0.8396	0.8396	False	0.84	2.0
X	43698186	C	G	MAOB	Missense_Mutation	27	22	49	0.4489795918367347	2	1	1	1.069	1	1.069	1.0	True	0.84	2.0
X	46332604	C	G	KRBOX4	3'UTR	47	15	62	0.24193548387096775	2	1	1	0.576	1	0.576	0.576	False	0.84	2.0
X	47089053	C	G	CDK16	3'UTR	29	34	63	0.5396825396825397	2	1	1	1.285	1	1.285	1.0	True	0.84	2.0
X	47308716	C	T	ZNF41	Silent	30	25	55	0.45454545454545453	2	1	1	1.0823	1	1.0823	1.0	True	0.84	2.0
X	47308802	G	C	ZNF41	Missense_Mutation	19	12	31	0.3870967741935484	2	1	1	0.9217	1	0.9217	0.9217	True	0.84	2.0
X	48458940	C	T	WDR13	Nonsense_Mutation	40	30	70	0.42857142857142855	2	1	1	1.0204	1	1.0204	1.0	True	0.84	2.0
X	48629375	G	C	GLOD5	Missense_Mutation	19	5	24	0.20833333333333334	2	1	1	0.496	1	0.496	0.496	False	0.84	2.0
X	48760501	G	C	SLC35A2	3'UTR	33	24	57	0.42105263157894735	2	1	1	1.0025	1	1.0025	1.0	True	0.84	2.0
X	49022575	C	T	MAGIX	Missense_Mutation	39	19	58	0.3275862068965517	2	1	1	0.78	1	0.78	0.78	False	0.84	2.0
X	49034710	C	G	PRICKLE3	Missense_Mutation	26	18	44	0.4090909090909091	2	1	1	0.974	1	0.974	0.974	True	0.84	2.0
X	49858017	G	C	CLCN5	3'UTR	22	15	37	0.40540540540540543	2	1	1	0.9653	1	0.9653	0.9653	True	0.84	2.0
X	49861324	G	A	CLCN5	3'UTR	9	7	16	0.4375	2	1	1	1.0417	1	1.0417	1.0	True	0.84	2.0
X	53588727	G	C	HUWE1	Missense_Mutation	43	26	69	0.37681159420289856	2	1	1	0.8972	1	0.8972	0.8972	True	0.84	2.0
X	53589104	C	T	HUWE1	Missense_Mutation	35	26	61	0.4262295081967213	2	1	1	1.0148	1	1.0148	1.0	True	0.84	2.0
X	53655822	G	C	HUWE1	Missense_Mutation	12	12	24	0.5	2	1	1	1.1905	1	1.1905	1.0	True	0.84	2.0
X	57618397	C	T	ZXDB	5'UTR	17	9	26	0.34615384615384615	2	1	1	0.8242	1	0.8242	0.8242	False	0.84	2.0
X	63407235	G	C	AMER1	3'UTR	21	6	27	0.2222222222222222	2	1	1	0.5291	1	0.5291	0.5291	False	0.84	2.0
X	64725616	G	A	ZC3H12B	3'UTR	33	44	77	0.5714285714285714	2	1	1	1.3605	1	1.3605	1.0	True	0.84	2.0
X	69177047	G	A	EDA	Intron	52	20	72	0.2777777777777778	2	1	1	0.6614	1	0.6614	0.6614	False	0.84	2.0
X	69561767	G	C	KIF4A	Missense_Mutation	64	28	92	0.30434782608695654	2	1	1	0.7246	1	0.7246	0.7246	False	0.84	2.0
X	70346188	C	G	MED12	Intron	88	23	111	0.2072072072072072	2	1	1	0.4934	1	0.4934	0.4934	False	0.84	2.0
X	70832407	G	A	ACRC	Silent	65	17	82	0.2073170731707317	2	1	1	0.4936	1	0.4936	0.4936	False	0.84	2.0
X	73065497	G	A	XIST	RNA	113	24	137	0.17518248175182483	2	1	1	0.4171	1	0.4171	0.4171	False	0.84	2.0
X	74295395	C	G	ABCB7	Missense_Mutation	44	95	139	0.6834532374100719	2	1	1	1.6273	1	1.6273	1.0	True	0.84	2.0
X	75649466	G	A	MAGEE1	Silent	80	17	97	0.17525773195876287	2	1	1	0.4173	1	0.4173	0.4173	False	0.84	2.0
X	76760529	G	C	ATRX	3'UTR	191	19	210	0.09047619047619047	2	1	1	0.2154	1	0.2154	0.2154	False	0.84	2.0
X	76762744	C	T	ATRX	3'UTR	108	18	126	0.14285714285714285	2	1	1	0.3401	1	0.3401	0.3401	False	0.84	2.0
X	84586012	C	T	POF1B	Missense_Mutation	18	16	34	0.47058823529411764	2	1	1	1.1204	1	1.1204	1.0	True	0.84	2.0
X	85117273	C	G	CHM	3'UTR	17	23	40	0.575	2	1	1	1.369	1	1.369	1.0	True	0.84	2.0
X	90690684	G	A	PABPC5	Silent	39	27	66	0.4090909090909091	2	1	1	0.974	1	0.974	0.974	True	0.84	2.0
X	91133194	C	T	PCDH11X	Missense_Mutation	41	23	64	0.359375	2	1	1	0.8557	1	0.8557	0.8557	True	0.84	2.0
X	100910723	C	T	ARMCX2	Missense_Mutation	42	26	68	0.38235294117647056	2	1	1	0.9104	1	0.9104	0.9104	True	0.84	2.0
X	102006108	C	G	BHLHB9	3'UTR	27	17	44	0.38636363636363635	2	1	1	0.9199	1	0.9199	0.9199	True	0.84	2.0
X	103216840	G	C	TMSB15B	5'Flank	53	37	90	0.4111111111111111	2	1	1	0.9788	1	0.9788	0.9788	True	0.84	2.0
X	105876458	G	A	CXorf57	Missense_Mutation	38	42	80	0.525	2	1	1	1.25	1	1.25	1.0	True	0.84	2.0
X	110002983	C	T	CHRDL1	Splice_Site	23	13	36	0.3611111111111111	2	1	1	0.8598	1	0.8598	0.8598	True	0.84	2.0
X	111195357	C	T	TRPC5	Missense_Mutation	19	22	41	0.5365853658536586	2	1	1	1.2776	1	1.2776	1.0	True	0.84	2.0
X	115582693	C	G	SLC6A14	Missense_Mutation	29	17	46	0.3695652173913043	2	1	1	0.8799	1	0.8799	0.8799	True	0.84	2.0
X	117783038	G	C	DOCK11	Missense_Mutation	29	19	48	0.3958333333333333	2	1	1	0.9425	1	0.9425	0.9425	True	0.84	2.0
X	118724223	C	T	NKRF	Missense_Mutation	73	6	79	0.0759493670886076	2	1	1	0.1808	1	0.1808	0.1808	False	0.84	2.0
X	118894037	G	T	SOWAHD	3'UTR	22	16	38	0.42105263157894735	2	1	1	1.0025	1	1.0025	1.0	True	0.84	2.0
X	119007294	C	A	NDUFA1	Missense_Mutation	43	6	49	0.12244897959183673	2	1	1	0.2915	1	0.2915	0.2915	False	0.84	2.0
X	122387269	C	G	GRIA3	Missense_Mutation	28	15	43	0.3488372093023256	2	1	1	0.8306	1	0.8306	0.8306	False	0.84	2.0
X	122387377	C	T	GRIA3	Silent	18	11	29	0.3793103448275862	2	1	1	0.9031	1	0.9031	0.9031	True	0.84	2.0
X	124029919	G	A	TENM1	Missense_Mutation	63	35	98	0.35714285714285715	2	1	1	0.8503	1	0.8503	0.8503	True	0.84	2.0
X	125298775	C	T	DCAF12L2	Missense_Mutation	57	41	98	0.41836734693877553	2	1	1	0.9961	1	0.9961	0.9961	True	0.84	2.0
X	125299005	G	A	DCAF12L2	Silent	47	30	77	0.38961038961038963	2	1	1	0.9276	1	0.9276	0.9276	True	0.84	2.0
X	129149328	C	T	BCORL1	Silent	22	14	36	0.3888888888888889	2	1	1	0.9259	1	0.9259	0.9259	True	0.84	2.0
X	129499593	G	C	SLC25A14	Missense_Mutation	51	44	95	0.4631578947368421	2	1	1	1.1028	1	1.1028	1.0	True	0.84	2.0
X	129535995	G	C	RBMX2	5'UTR	27	26	53	0.49056603773584906	2	1	1	1.168	1	1.168	1.0	True	0.84	2.0
X	131207060	G	A	MST4	Missense_Mutation	42	23	65	0.35384615384615387	2	1	1	0.8425	1	0.8425	0.8425	False	0.84	2.0
X	131351213	G	A	RAP2C	Silent	29	12	41	0.2926829268292683	2	1	1	0.6969	1	0.6969	0.6969	False	0.84	2.0
X	134483047	G	A	ZNF449	Missense_Mutation	33	13	46	0.2826086956521739	2	1	1	0.6729	1	0.6729	0.6729	False	0.84	2.0
X	134989560	G	A	SAGE1	Silent	32	13	45	0.28888888888888886	2	1	1	0.6878	1	0.6878	0.6878	False	0.84	2.0
X	135067841	G	C	SLC9A6	Missense_Mutation	53	21	74	0.28378378378378377	2	1	1	0.6757	1	0.6757	0.6757	False	0.84	2.0
X	147011666	C	G	FMR1	Nonsense_Mutation	41	20	61	0.32786885245901637	2	1	1	0.7806	1	0.7806	0.7806	False	0.84	2.0
X	148564588	C	T	IDS	Missense_Mutation	26	23	49	0.46938775510204084	2	1	1	1.1176	1	1.1176	1.0	True	0.84	2.0
X	149931379	C	A	MTMR1	3'UTR	12	9	21	0.42857142857142855	2	1	1	1.0204	1	1.0204	1.0	True	0.84	2.0
X	150891317	C	T	FATE1	3'UTR	31	12	43	0.27906976744186046	2	1	1	0.6645	1	0.6645	0.6645	False	0.84	2.0
X	152772340	C	T	BGN	Silent	33	12	45	0.26666666666666666	2	1	1	0.6349	1	0.6349	0.6349	False	0.84	2.0
X	152991176	G	A	ABCD1	Missense_Mutation	61	37	98	0.37755102040816324	2	1	1	0.8989	1	0.8989	0.8989	True	0.84	2.0
X	153069804	C	G	PDZD4	Missense_Mutation	35	17	52	0.3269230769230769	2	1	1	0.7784	1	0.7784	0.7784	False	0.84	2.0
X	153186238	G	C	ARHGAP4	Missense_Mutation	51	51	102	0.5	2	1	1	1.1905	1	1.1905	1.0	True	0.84	2.0
X	153581031	G	T	FLNA	Missense_Mutation	24	15	39	0.38461538461538464	2	1	1	0.9158	1	0.9158	0.9158	True	0.84	2.0
X	153582057	C	G	FLNA	Missense_Mutation	30	28	58	0.4827586206896552	2	1	1	1.1494	1	1.1494	1.0	True	0.84	2.0
X	153582329	C	G	FLNA	Silent	57	44	101	0.43564356435643564	2	1	1	1.0372	1	1.0372	1.0	True	0.84	2.0
X	154221309	G	C	F8	Missense_Mutation	38	14	52	0.2692307692307692	2	1	1	0.641	1	0.641	0.641	False	0.84	2.0
X	154306951	C	T	BRCC3	Missense_Mutation	76	59	135	0.43703703703703706	2	1	1	1.0406	1	1.0406	1.0	True	0.84	2.0
