chr	pos	ref	alt	gene	classification	t_ref_count	t_alt_count	total_depth	vaf	local_cn	major_cn	minor_cn	mcn	multiplicity	ccf	ccf_capped	is_clonal	purity	ploidy
1	1115066	G	T	TTLL10	Missense_Mutation	23	20	43	0.46511627906976744	2	1	1	1.2403	1	1.2403	1.0	True	0.75	2.01
1	1256427	C	T	CPSF3L	Silent	23	12	35	0.34285714285714286	2	1	1	0.9143	1	0.9143	0.9143	True	0.75	2.01
1	1337471	A	G	MRPL20	Missense_Mutation	26	3	29	0.10344827586206896	2	1	1	0.2759	1	0.2759	0.2759	False	0.75	2.01
1	2980663	G	A	LINC00982	5'Flank	59	30	89	0.33707865168539325	2	1	1	0.8989	1	0.8989	0.8989	True	0.75	2.01
1	3379816	A	T	ARHGEF16	Silent	13	9	22	0.4090909090909091	2	1	1	1.0909	1	1.0909	1.0	True	0.75	2.01
1	3754044	G	A	CEP104	Missense_Mutation	40	17	57	0.2982456140350877	2	1	1	0.7953	1	0.7953	0.7953	False	0.75	2.01
1	4772440	A	G	AJAP1	Silent	28	4	32	0.125	2	1	1	0.3333	1	0.3333	0.3333	False	0.75	2.01
1	8390499	G	A	SLC45A1	Missense_Mutation	33	17	50	0.34	2	1	1	0.9067	1	0.9067	0.9067	True	0.75	2.01
1	8397889	C	T	SLC45A1	Silent	70	29	99	0.29292929292929293	2	1	1	0.7811	1	0.7811	0.7811	False	0.75	2.01
1	9323930	G	A	H6PD	Missense_Mutation	10	5	15	0.3333333333333333	2	1	1	0.8889	1	0.8889	0.8889	True	0.75	2.01
1	10463160	T	C	PGD	Silent	58	27	85	0.3176470588235294	2	1	1	0.8471	1	0.8471	0.8471	False	0.75	2.01
1	11918962	T	C	NPPB	5'UTR	10	6	16	0.375	2	1	1	1.0	1	1.0	1.0	True	0.75	2.01
1	12064584	G	A	MFN2	Missense_Mutation	61	32	93	0.34408602150537637	2	1	1	0.9176	1	0.9176	0.9176	True	0.75	2.01
1	15392351	C	T	KAZN	Intron	41	16	57	0.2807017543859649	2	1	1	0.7485	1	0.7485	0.7485	False	0.75	2.01
1	15420866	C	T	KAZN	Silent	55	47	102	0.46078431372549017	2	1	1	1.2288	1	1.2288	1.0	True	0.75	2.01
1	15707923	A	G	FHAD1	Missense_Mutation	31	19	50	0.38	2	1	1	1.0133	1	1.0133	1.0	True	0.75	2.01
1	17023064	C	T	ESPNP	RNA	230	44	274	0.16058394160583941	2	1	1	0.4282	1	0.4282	0.4282	False	0.75	2.01
1	17331926	G	C	ATP13A2	Silent	30	14	44	0.3181818181818182	2	1	1	0.8485	1	0.8485	0.8485	False	0.75	2.01
1	18691967	A	G	IGSF21	Missense_Mutation	22	17	39	0.4358974358974359	2	1	1	1.1624	1	1.1624	1.0	True	0.75	2.01
1	19180890	G	T	TAS1R2	Silent	38	24	62	0.3870967741935484	2	1	1	1.0323	1	1.0323	1.0	True	0.75	2.01
1	19454207	G	A	UBR4	Silent	23	21	44	0.4772727272727273	2	1	1	1.2727	1	1.2727	1.0	True	0.75	2.01
1	20680606	G	T	VWA5B1	Missense_Mutation	39	32	71	0.4507042253521127	2	1	1	1.2019	1	1.2019	1.0	True	0.75	2.01
1	21031087	G	A	KIF17	Silent	73	51	124	0.4112903225806452	2	1	1	1.0968	1	1.0968	1.0	True	0.75	2.01
1	21551901	G	A	ECE1	Missense_Mutation	32	21	53	0.39622641509433965	2	1	1	1.0566	1	1.0566	1.0	True	0.75	2.01
1	22166357	C	T	HSPG2	Missense_Mutation	59	7	66	0.10606060606060606	2	1	1	0.2828	1	0.2828	0.2828	False	0.75	2.01
1	22834584	T	C	ZBTB40	Missense_Mutation	30	15	45	0.3333333333333333	2	1	1	0.8889	1	0.8889	0.8889	True	0.75	2.01
1	22834592	A	T	ZBTB40	Missense_Mutation	30	15	45	0.3333333333333333	2	1	1	0.8889	1	0.8889	0.8889	True	0.75	2.01
1	24977982	C	T	SRRM1	Missense_Mutation	21	14	35	0.4	2	1	1	1.0667	1	1.0667	1.0	True	0.75	2.01
1	26190127	C	T	PAQR7	Silent	63	33	96	0.34375	2	1	1	0.9167	1	0.9167	0.9167	True	0.75	2.01
1	26355734	G	A	EXTL1	Missense_Mutation	25	7	32	0.21875	2	1	1	0.5833	1	0.5833	0.5833	False	0.75	2.01
1	27675625	G	A	SYTL1	Missense_Mutation	55	33	88	0.375	2	1	1	1.0	1	1.0	1.0	True	0.75	2.01
1	27681722	C	T	MAP3K6	3'UTR	20	3	23	0.13043478260869565	2	1	1	0.3478	1	0.3478	0.3478	False	0.75	2.01
1	27875087	C	T	AHDC1	Silent	29	21	50	0.42	2	1	1	1.12	1	1.12	1.0	True	0.75	2.01
1	29641956	C	T	PTPRU	Silent	57	38	95	0.4	2	1	1	1.0667	1	1.0667	1.0	True	0.75	2.01
1	31405113	T	C	PUM1	3'Flank	14	3	17	0.17647058823529413	2	1	1	0.4706	1	0.4706	0.4706	False	0.75	2.01
1	33276295	G	A	YARS	Nonsense_Mutation	29	17	46	0.3695652173913043	2	1	1	0.9855	1	0.9855	0.9855	True	0.75	2.01
1	34068027	C	T	CSMD2	Missense_Mutation	35	18	53	0.33962264150943394	2	1	1	0.9057	1	0.9057	0.9057	True	0.75	2.01
1	35260838	C	G	GJA4	3'UTR	23	20	43	0.46511627906976744	2	1	1	1.2403	1	1.2403	1.0	True	0.75	2.01
1	35881176	C	A	ZMYM4	Nonsense_Mutation	57	30	87	0.3448275862068966	2	1	1	0.9195	1	0.9195	0.9195	True	0.75	2.01
1	36106964	T	C	PSMB2	Missense_Mutation	79	53	132	0.4015151515151515	2	1	1	1.0707	1	1.0707	1.0	True	0.75	2.01
1	36288582	G	T	AGO4	Missense_Mutation	25	6	31	0.1935483870967742	2	1	1	0.5161	1	0.5161	0.5161	False	0.75	2.01
1	36773765	C	T	SH3D21	Silent	36	15	51	0.29411764705882354	2	1	1	0.7843	1	0.7843	0.7843	False	0.75	2.01
1	39893909	G	A	MACF1	Missense_Mutation	60	5	65	0.07692307692307693	2	1	1	0.2051	1	0.2051	0.2051	False	0.75	2.01
1	40716974	T	C	TMCO2	Missense_Mutation	33	20	53	0.37735849056603776	2	1	1	1.0063	1	1.0063	1.0	True	0.75	2.01
1	41457519	T	C	CTPS1	Splice_Site	24	5	29	0.1724137931034483	2	1	1	0.4598	1	0.4598	0.4598	False	0.75	2.01
1	42922486	T	C	PPCS	Missense_Mutation	14	7	21	0.3333333333333333	2	1	1	0.8889	1	0.8889	0.8889	True	0.75	2.01
1	43647259	A	G	WDR65	Missense_Mutation	21	21	42	0.5	2	1	1	1.3333	1	1.3333	1.0	True	0.75	2.01
1	43779608	G	A	TIE1	Missense_Mutation	26	22	48	0.4583333333333333	2	1	1	1.2222	1	1.2222	1.0	True	0.75	2.01
1	44436856	C	T	DPH2	Missense_Mutation	10	6	16	0.375	2	1	1	1.0	1	1.0	1.0	True	0.75	2.01
1	45294880	G	A	PTCH2	Silent	30	4	34	0.11764705882352941	2	1	1	0.3137	1	0.3137	0.3137	False	0.75	2.01
1	46476530	C	T	MAST2	Silent	46	17	63	0.2698412698412698	2	1	1	0.7196	1	0.7196	0.7196	False	0.75	2.01
1	46489443	G	T	MAST2	Splice_Site	62	38	100	0.38	2	1	1	1.0133	1	1.0133	1.0	True	0.75	2.01
1	46745923	A	G	LRRC41	Missense_Mutation	60	37	97	0.38144329896907214	2	1	1	1.0172	1	1.0172	1.0	True	0.75	2.01
1	47013470	T	C	KNCN	Missense_Mutation	66	27	93	0.2903225806451613	2	1	1	0.7742	1	0.7742	0.7742	False	0.75	2.01
1	50666907	G	A	ELAVL4	3'UTR	23	15	38	0.39473684210526316	2	1	1	1.0526	1	1.0526	1.0	True	0.75	2.01
1	52253843	C	T	OSBPL9	3'UTR	12	6	18	0.3333333333333333	2	1	1	0.8889	1	0.8889	0.8889	True	0.75	2.01
1	52698922	T	C	ZFYVE9	Missense_Mutation	31	17	48	0.3541666666666667	2	1	1	0.9444	1	0.9444	0.9444	True	0.75	2.01
1	52889259	T	A	ZCCHC11	3'UTR	22	18	40	0.45	2	1	1	1.2	1	1.2	1.0	True	0.75	2.01
1	55075489	T	C	FAM151A	Missense_Mutation	22	14	36	0.3888888888888889	2	1	1	1.037	1	1.037	1.0	True	0.75	2.01
1	57184884	G	A	C1orf168	3'UTR	7	4	11	0.36363636363636365	2	1	1	0.9697	1	0.9697	0.9697	True	0.75	2.01
1	57395009	G	A	C8B	3'UTR	21	19	40	0.475	2	1	1	1.2667	1	1.2667	1.0	True	0.75	2.01
1	67288100	C	A	WDR78	Nonsense_Mutation	11	10	21	0.47619047619047616	2	1	1	1.2698	1	1.2698	1.0	True	0.75	2.01
1	68512778	G	A	DIRAS3	Missense_Mutation	27	21	48	0.4375	2	1	1	1.1667	1	1.1667	1.0	True	0.75	2.01
1	75078443	T	C	C1orf173	Missense_Mutation	38	4	42	0.09523809523809523	2	1	1	0.254	1	0.254	0.254	False	0.75	2.01
1	76260375	T	C	RABGGTB	3'UTR	24	14	38	0.3684210526315789	2	1	1	0.9825	1	0.9825	0.9825	True	0.75	2.01
1	76260399	C	T	RABGGTB	3'UTR	22	11	33	0.3333333333333333	2	1	1	0.8889	1	0.8889	0.8889	True	0.75	2.01
1	78444629	G	A	FUBP1	Silent	61	26	87	0.2988505747126437	2	1	1	0.7969	1	0.7969	0.7969	False	0.75	2.01
1	79116050	A	C	IFI44	Missense_Mutation	62	27	89	0.30337078651685395	2	1	1	0.809	1	0.809	0.809	False	0.75	2.01
1	86195263	G	A	COL24A1	3'UTR	17	13	30	0.43333333333333335	2	1	1	1.1556	1	1.1556	1.0	True	0.75	2.01
1	86954785	C	T	CLCA1	Missense_Mutation	37	26	63	0.4126984126984127	2	1	1	1.1005	1	1.1005	1.0	True	0.75	2.01
1	92529014	T	C	EPHX4	3'UTR	33	22	55	0.4	2	1	1	1.0667	1	1.0667	1.0	True	0.75	2.01
1	92642996	A	G	KIAA1107	Missense_Mutation	12	7	19	0.3684210526315789	2	1	1	0.9825	1	0.9825	0.9825	True	0.75	2.01
1	93167715	C	T	EVI5	Missense_Mutation	19	8	27	0.2962962962962963	2	1	1	0.7901	1	0.7901	0.7901	False	0.75	2.01
1	93618631	C	T	TMED5	3'UTR	22	9	31	0.2903225806451613	2	1	1	0.7742	1	0.7742	0.7742	False	0.75	2.01
1	94476380	T	C	ABCA4	Missense_Mutation	39	15	54	0.2777777777777778	2	1	1	0.7407	1	0.7407	0.7407	False	0.75	2.01
1	99772426	C	T	LPPR4	Silent	20	21	41	0.5121951219512195	2	1	1	1.3659	1	1.3659	1.0	True	0.75	2.01
1	100346994	T	C	AGL	Silent	19	11	30	0.36666666666666664	2	1	1	0.9778	1	0.9778	0.9778	True	0.75	2.01
1	100525490	C	T	HIAT1	Silent	63	36	99	0.36363636363636365	2	1	1	0.9697	1	0.9697	0.9697	True	0.75	2.01
1	100985644	T	C	CDC14A	3'UTR	13	14	27	0.5185185185185185	2	1	1	1.3827	1	1.3827	1.0	True	0.75	2.01
1	101704949	G	A	S1PR1	Missense_Mutation	20	18	38	0.47368421052631576	2	1	1	1.2632	1	1.2632	1.0	True	0.75	2.01
1	109607241	G	A	TAF13	Silent	40	18	58	0.3103448275862069	2	1	1	0.8276	1	0.8276	0.8276	False	0.75	2.01
1	110171739	A	G	AMPD2	Missense_Mutation	44	24	68	0.35294117647058826	2	1	1	0.9412	1	0.9412	0.9412	True	0.75	2.01
1	110472182	C	A	CSF1	3'UTR	41	23	64	0.359375	2	1	1	0.9583	1	0.9583	0.9583	True	0.75	2.01
1	110565849	A	G	AHCYL1	3'UTR	21	8	29	0.27586206896551724	2	1	1	0.7356	1	0.7356	0.7356	False	0.75	2.01
1	110754276	G	A	KCNC4	Missense_Mutation	15	17	32	0.53125	2	1	1	1.4167	1	1.4167	1.0	True	0.75	2.01
1	110931907	T	G	SLC16A4	Missense_Mutation	27	6	33	0.18181818181818182	2	1	1	0.4848	1	0.4848	0.4848	False	0.75	2.01
1	111860311	T	C	CHIA	Silent	37	21	58	0.3620689655172414	2	1	1	0.9655	1	0.9655	0.9655	True	0.75	2.01
1	112303754	T	G	DDX20	Intron	32	18	50	0.36	2	1	1	0.96	1	0.96	0.96	True	0.75	2.01
1	114484035	G	A	HIPK1	Missense_Mutation	17	14	31	0.45161290322580644	2	1	1	1.2043	1	1.2043	1.0	True	0.75	2.01
1	115130051	A	G	DENND2C	Silent	23	5	28	0.17857142857142858	2	1	1	0.4762	1	0.4762	0.4762	False	0.75	2.01
1	115261241	T	C	CSDE1	Missense_Mutation	22	8	30	0.26666666666666666	2	1	1	0.7111	1	0.7111	0.7111	False	0.75	2.01
1	115277128	C	T	CSDE1	Missense_Mutation	21	6	27	0.2222222222222222	2	1	1	0.5926	1	0.5926	0.5926	False	0.75	2.01
1	116563396	A	G	SLC22A15	Missense_Mutation	74	41	115	0.3565217391304348	2	1	1	0.9507	1	0.9507	0.9507	True	0.75	2.01
1	117086990	A	G	CD58	Missense_Mutation	33	15	48	0.3125	2	1	1	0.8333	1	0.8333	0.8333	False	0.75	2.01
1	118166954	T	C	FAM46C	3'UTR	23	6	29	0.20689655172413793	2	1	1	0.5517	1	0.5517	0.5517	False	0.75	2.01
1	118488722	T	C	WDR3	Missense_Mutation	57	21	78	0.2692307692307692	2	1	1	0.7179	1	0.7179	0.7179	False	0.75	2.01
1	144014041	C	A	SRGAP2B	RNA	49	17	66	0.25757575757575757	2	1	1	0.6869	1	0.6869	0.6869	False	0.75	2.01
1	144874723	A	G	PDE4DIP	Missense_Mutation	140	26	166	0.1566265060240964	2	1	1	0.4177	1	0.4177	0.4177	False	0.75	2.01
1	145304617	A	G	NBPF10	Missense_Mutation	543	83	626	0.13258785942492013	2	1	1	0.3536	1	0.3536	0.3536	False	0.75	2.01
1	149288076	T	C	RP11-403I13.8	RNA	95	10	105	0.09523809523809523	2	1	1	0.254	1	0.254	0.254	False	0.75	2.01
1	150190728	A	G	ANP32E	3'UTR	9	5	14	0.35714285714285715	2	1	1	0.9524	1	0.9524	0.9524	True	0.75	2.01
1	150315818	A	G	PRPF3	Missense_Mutation	21	19	40	0.475	2	1	1	1.2667	1	1.2667	1.0	True	0.75	2.01
1	150524736	C	T	ADAMTSL4	5'UTR	16	11	27	0.4074074074074074	2	1	1	1.0864	1	1.0864	1.0	True	0.75	2.01
1	150525035	C	G	ADAMTSL4	Missense_Mutation	12	12	24	0.5	2	1	1	1.3333	1	1.3333	1.0	True	0.75	2.01
1	150940350	C	T	CERS2	Nonsense_Mutation	18	6	24	0.25	2	1	1	0.6667	1	0.6667	0.6667	False	0.75	2.01
1	151260780	A	G	ZNF687	Silent	39	17	56	0.30357142857142855	2	1	1	0.8095	1	0.8095	0.8095	False	0.75	2.01
1	151274668	A	G	PI4KB	Splice_Site	39	10	49	0.20408163265306123	2	1	1	0.5442	1	0.5442	0.5442	False	0.75	2.01
1	151377979	C	A	POGZ	Missense_Mutation	31	20	51	0.39215686274509803	2	1	1	1.0458	1	1.0458	1.0	True	0.75	2.01
1	151518281	A	T	TUFT1	Intron	33	24	57	0.42105263157894735	2	1	1	1.1228	1	1.1228	1.0	True	0.75	2.01
1	151678794	C	T	CELF3	Silent	29	7	36	0.19444444444444445	2	1	1	0.5185	1	0.5185	0.5185	False	0.75	2.01
1	152278789	T	C	FLG	Missense_Mutation	653	59	712	0.08286516853932584	2	1	1	0.221	1	0.221	0.221	False	0.75	2.01
1	152759796	G	A	LCE1E	Silent	66	38	104	0.36538461538461536	2	1	1	0.9744	1	0.9744	0.9744	True	0.75	2.01
1	152958068	C	T	SPRR1A	3'UTR	33	16	49	0.32653061224489793	2	1	1	0.8707	1	0.8707	0.8707	True	0.75	2.01
1	153043072	A	G	SPRR2B	3'UTR	198	14	212	0.0660377358490566	2	1	1	0.1761	1	0.1761	0.1761	False	0.75	2.01
1	153346222	C	T	S100A12	3'UTR	20	14	34	0.4117647058823529	2	1	1	1.098	1	1.098	1.0	True	0.75	2.01
1	153391728	C	T	S100A7A	Silent	35	29	64	0.453125	2	1	1	1.2083	1	1.2083	1.0	True	0.75	2.01
1	153659781	C	T	NPR1	Silent	27	15	42	0.35714285714285715	2	1	1	0.9524	1	0.9524	0.9524	True	0.75	2.01
1	153744949	C	T	INTS3	Intron	37	27	64	0.421875	2	1	1	1.125	1	1.125	1.0	True	0.75	2.01
1	153904882	G	A	DENND4B	Missense_Mutation	18	8	26	0.3076923076923077	2	1	1	0.8205	1	0.8205	0.8205	False	0.75	2.01
1	154561125	T	A	ADAR	Missense_Mutation	10	4	14	0.2857142857142857	2	1	1	0.7619	1	0.7619	0.7619	False	0.75	2.01
1	154574128	T	C	ADAR	Missense_Mutation	32	25	57	0.43859649122807015	2	1	1	1.1696	1	1.1696	1.0	True	0.75	2.01
1	154574830	G	A	ADAR	Silent	44	25	69	0.36231884057971014	2	1	1	0.9662	1	0.9662	0.9662	True	0.75	2.01
1	154680094	G	A	KCNN3	3'UTR	21	10	31	0.3225806451612903	2	1	1	0.8602	1	0.8602	0.8602	True	0.75	2.01
1	154966082	A	G	LENEP	5'UTR	61	29	90	0.32222222222222224	2	1	1	0.8593	1	0.8593	0.8593	True	0.75	2.01
1	154987786	A	G	ZBTB7B	Missense_Mutation	11	3	14	0.21428571428571427	2	1	1	0.5714	1	0.5714	0.5714	False	0.75	2.01
1	155306142	G	A	ASH1L	3'UTR	14	11	25	0.44	2	1	1	1.1733	1	1.1733	1.0	True	0.75	2.01
1	155306173	C	T	ASH1L	3'UTR	14	9	23	0.391304347826087	2	1	1	1.0435	1	1.0435	1.0	True	0.75	2.01
1	156105881	T	C	LMNA	Missense_Mutation	42	23	65	0.35384615384615387	2	1	1	0.9436	1	0.9436	0.9436	True	0.75	2.01
1	156182553	T	A	SLC25A44	3'UTR	49	20	69	0.2898550724637681	2	1	1	0.7729	1	0.7729	0.7729	False	0.75	2.01
1	156436474	A	C	MEF2D	3'UTR	15	7	22	0.3181818181818182	2	1	1	0.8485	1	0.8485	0.8485	False	0.75	2.01
1	156526442	T	C	IQGAP3	Silent	48	26	74	0.35135135135135137	2	1	1	0.9369	1	0.9369	0.9369	True	0.75	2.01
1	156565633	C	T	GPATCH4	Missense_Mutation	32	20	52	0.38461538461538464	2	1	1	1.0256	1	1.0256	1.0	True	0.75	2.01
1	156645128	G	A	NES	Missense_Mutation	42	27	69	0.391304347826087	2	1	1	1.0435	1	1.0435	1.0	True	0.75	2.01
1	156697294	C	T	ISG20L2	Missense_Mutation	23	20	43	0.46511627906976744	2	1	1	1.2403	1	1.2403	1.0	True	0.75	2.01
1	157514136	C	T	FCRL5	Missense_Mutation	29	18	47	0.3829787234042553	2	1	1	1.0213	1	1.0213	1.0	True	0.75	2.01
1	157514158	C	A	FCRL5	Missense_Mutation	38	15	53	0.2830188679245283	2	1	1	0.7547	1	0.7547	0.7547	False	0.75	2.01
1	158435737	C	A	OR10K1	Missense_Mutation	67	34	101	0.33663366336633666	2	1	1	0.8977	1	0.8977	0.8977	True	0.75	2.01
1	160063668	C	A	IGSF8	Missense_Mutation	17	19	36	0.5277777777777778	2	1	1	1.4074	1	1.4074	1.0	True	0.75	2.01
1	160181426	T	C	PEA15	Missense_Mutation	39	14	53	0.2641509433962264	2	1	1	0.7044	1	0.7044	0.7044	False	0.75	2.01
1	160397702	T	C	VANGL2	3'UTR	117	7	124	0.056451612903225805	2	1	1	0.1505	1	0.1505	0.1505	False	0.75	2.01
1	161123816	T	G	UFC1	Missense_Mutation	41	19	60	0.31666666666666665	2	1	1	0.8444	1	0.8444	0.8444	False	0.75	2.01
1	161200871	T	C	NR1I3	Intron	12	6	18	0.3333333333333333	2	1	1	0.8889	1	0.8889	0.8889	True	0.75	2.01
1	161967805	T	G	OLFML2B	Missense_Mutation	55	23	78	0.2948717948717949	2	1	1	0.7863	1	0.7863	0.7863	False	0.75	2.01
1	162724632	G	A	DDR2	Missense_Mutation	18	5	23	0.21739130434782608	2	1	1	0.5797	1	0.5797	0.5797	False	0.75	2.01
1	165324858	C	T	LMX1A	Intron	34	19	53	0.3584905660377358	2	1	1	0.956	1	0.956	0.956	True	0.75	2.01
1	165677881	C	T	RP11-466F5.10	5'Flank	40	29	69	0.42028985507246375	2	1	1	1.1208	1	1.1208	1.0	True	0.75	2.01
1	166590062	T	C	FMO9P	RNA	30	17	47	0.3617021276595745	2	1	1	0.9645	1	0.9645	0.9645	True	0.75	2.01
1	167095087	T	C	DUSP27	Missense_Mutation	40	24	64	0.375	2	1	1	1.0	1	1.0	1.0	True	0.75	2.01
1	167787428	A	G	ADCY10	Missense_Mutation	56	30	86	0.3488372093023256	2	1	1	0.9302	1	0.9302	0.9302	True	0.75	2.01
1	168549413	A	G	XCL1	Silent	60	25	85	0.29411764705882354	2	1	1	0.7843	1	0.7843	0.7843	False	0.75	2.01
1	169199995	A	G	NME7	Silent	20	13	33	0.3939393939393939	2	1	1	1.0505	1	1.0505	1.0	True	0.75	2.01
1	170964588	A	G	MROH9	Missense_Mutation	20	16	36	0.4444444444444444	2	1	1	1.1852	1	1.1852	1.0	True	0.75	2.01
1	173502859	A	G	SLC9C2	Silent	35	25	60	0.4166666666666667	2	1	1	1.1111	1	1.1111	1.0	True	0.75	2.01
1	173754580	T	C	KLHL20	3'UTR	19	5	24	0.20833333333333334	2	1	1	0.5556	1	0.5556	0.5556	False	0.75	2.01
1	175334187	C	T	TNR	Missense_Mutation	25	14	39	0.358974358974359	2	1	1	0.9573	1	0.9573	0.9573	True	0.75	2.01
1	177977149	A	C	RP11-568K15.1	RNA	25	10	35	0.2857142857142857	2	1	1	0.7619	1	0.7619	0.7619	False	0.75	2.01
1	178777221	T	C	RALGPS2	Silent	24	17	41	0.4146341463414634	2	1	1	1.1057	1	1.1057	1.0	True	0.75	2.01
1	180135690	C	T	QSOX1	Silent	31	15	46	0.32608695652173914	2	1	1	0.8696	1	0.8696	0.8696	True	0.75	2.01
1	180914333	G	A	KIAA1614	Intron	11	8	19	0.42105263157894735	2	1	1	1.1228	1	1.1228	1.0	True	0.75	2.01
1	181702035	G	A	CACNA1E	Missense_Mutation	67	5	72	0.06944444444444445	2	1	1	0.1852	1	0.1852	0.1852	False	0.75	2.01
1	181721313	T	C	CACNA1E	Missense_Mutation	38	13	51	0.2549019607843137	2	1	1	0.6797	1	0.6797	0.6797	False	0.75	2.01
1	181768139	C	T	CACNA1E	3'Flank	69	26	95	0.2736842105263158	2	1	1	0.7298	1	0.7298	0.7298	False	0.75	2.01
1	182377094	A	T	LINC00272	RNA	24	24	48	0.5	2	1	1	1.3333	1	1.3333	1.0	True	0.75	2.01
1	182798787	C	T	NPL	3'UTR	17	17	34	0.5	2	1	1	1.3333	1	1.3333	1.0	True	0.75	2.01
1	185269152	T	A	IVNS1ABP	Missense_Mutation	17	17	34	0.5	2	1	1	1.3333	1	1.3333	1.0	True	0.75	2.01
1	186946908	T	C	PLA2G4A	Missense_Mutation	71	6	77	0.07792207792207792	2	1	1	0.2078	1	0.2078	0.2078	False	0.75	2.01
1	196646749	C	T	CFH	Missense_Mutation	16	6	22	0.2727272727272727	2	1	1	0.7273	1	0.7273	0.7273	False	0.75	2.01
1	198233338	T	C	NEK7	Silent	15	10	25	0.4	2	1	1	1.0667	1	1.0667	1.0	True	0.75	2.01
1	200144138	T	C	NR5A2	3'UTR	36	26	62	0.41935483870967744	2	1	1	1.1183	1	1.1183	1.0	True	0.75	2.01
1	200550330	T	C	KIF14	Missense_Mutation	34	22	56	0.39285714285714285	2	1	1	1.0476	1	1.0476	1.0	True	0.75	2.01
1	200960820	G	A	KIF21B	Nonsense_Mutation	22	13	35	0.37142857142857144	2	1	1	0.9905	1	0.9905	0.9905	True	0.75	2.01
1	200969539	T	C	KIF21B	Missense_Mutation	46	30	76	0.39473684210526316	2	1	1	1.0526	1	1.0526	1.0	True	0.75	2.01
1	203014508	C	T	PPFIA4	Missense_Mutation	42	22	64	0.34375	2	1	1	0.9167	1	0.9167	0.9167	True	0.75	2.01
1	203734496	C	T	LAX1	5'UTR	40	32	72	0.4444444444444444	2	1	1	1.1852	1	1.1852	1.0	True	0.75	2.01
1	204115875	A	G	ETNK2	Missense_Mutation	43	7	50	0.14	2	1	1	0.3733	1	0.3733	0.3733	False	0.75	2.01
1	204168371	G	A	GOLT1A	Silent	22	11	33	0.3333333333333333	2	1	1	0.8889	1	0.8889	0.8889	True	0.75	2.01
1	204991799	A	G	NFASC	3'UTR	41	23	64	0.359375	2	1	1	0.9583	1	0.9583	0.9583	True	0.75	2.01
1	205116710	G	A	DSTYK	Silent	10	12	22	0.5454545454545454	2	1	1	1.4545	1	1.4545	1.0	True	0.75	2.01
1	205585671	A	G	ELK4	3'UTR	89	56	145	0.38620689655172413	2	1	1	1.0299	1	1.0299	1.0	True	0.75	2.01
1	206626552	A	G	SRGAP2	Missense_Mutation	32	15	47	0.3191489361702128	2	1	1	0.8511	1	0.8511	0.8511	True	0.75	2.01
1	207105817	C	T	PIGR	Silent	30	18	48	0.375	2	1	1	1.0	1	1.0	1.0	True	0.75	2.01
1	208219222	C	T	PLXNA2	Splice_Site	42	15	57	0.2631578947368421	2	1	1	0.7018	1	0.7018	0.7018	False	0.75	2.01
1	209849223	A	G	G0S2	Missense_Mutation	45	22	67	0.3283582089552239	2	1	1	0.8756	1	0.8756	0.8756	True	0.75	2.01
1	210015760	T	C	DIEXF	Missense_Mutation	13	9	22	0.4090909090909091	2	1	1	1.0909	1	1.0909	1.0	True	0.75	2.01
1	210856574	C	T	KCNH1	3'UTR	23	13	36	0.3611111111111111	2	1	1	0.963	1	0.963	0.963	True	0.75	2.01
1	212530346	T	C	PPP2R5A	Missense_Mutation	21	10	31	0.3225806451612903	2	1	1	0.8602	1	0.8602	0.8602	True	0.75	2.01
1	220246214	T	C	BPNT1	Missense_Mutation	35	25	60	0.4166666666666667	2	1	1	1.1111	1	1.1111	1.0	True	0.75	2.01
1	220326555	T	C	RAB3GAP2	Missense_Mutation	82	7	89	0.07865168539325842	2	1	1	0.2097	1	0.2097	0.2097	False	0.75	2.01
1	221912942	T	C	DUSP10	Missense_Mutation	81	9	90	0.1	2	1	1	0.2667	1	0.2667	0.2667	False	0.75	2.01
1	222903020	G	T	BROX	Missense_Mutation	13	16	29	0.5517241379310345	2	1	1	1.4713	1	1.4713	1.0	True	0.75	2.01
1	223396859	G	A	SUSD4	Silent	15	9	24	0.375	2	1	1	1.0	1	1.0	1.0	True	0.75	2.01
1	225576107	A	G	DNAH14	Silent	40	19	59	0.3220338983050847	2	1	1	0.8588	1	0.8588	0.8588	True	0.75	2.01
1	226413496	G	A	MIXL1	Missense_Mutation	33	23	56	0.4107142857142857	2	1	1	1.0952	1	1.0952	1.0	True	0.75	2.01
1	227169852	T	C	ADCK3	Splice_Site	16	9	25	0.36	2	1	1	0.96	1	0.96	0.96	True	0.75	2.01
1	227178573	T	A	CDC42BPA	3'UTR	14	10	24	0.4166666666666667	2	1	1	1.1111	1	1.1111	1.0	True	0.75	2.01
1	227935474	A	G	SNAP47	Missense_Mutation	53	33	86	0.38372093023255816	2	1	1	1.0233	1	1.0233	1.0	True	0.75	2.01
1	228362542	C	T	IBA57	Missense_Mutation	30	9	39	0.23076923076923078	2	1	1	0.6154	1	0.6154	0.6154	False	0.75	2.01
1	228404209	C	T	OBSCN	Missense_Mutation	27	25	52	0.4807692307692308	2	1	1	1.2821	1	1.2821	1.0	True	0.75	2.01
1	228476586	A	G	OBSCN	Missense_Mutation	53	18	71	0.2535211267605634	2	1	1	0.6761	1	0.6761	0.6761	False	0.75	2.01
1	228596423	A	G	TRIM17	Missense_Mutation	10	13	23	0.5652173913043478	2	1	1	1.5072	1	1.5072	1.0	True	0.75	2.01
1	228645969	A	G	HIST3H2BB	Missense_Mutation	81	63	144	0.4375	2	1	1	1.1667	1	1.1667	1.0	True	0.75	2.01
1	229433230	C	T	RAB4A	Nonsense_Mutation	30	11	41	0.2682926829268293	2	1	1	0.7154	1	0.7154	0.7154	False	0.75	2.01
1	229433278	C	T	RAB4A	Silent	31	21	52	0.40384615384615385	2	1	1	1.0769	1	1.0769	1.0	True	0.75	2.01
1	229459835	C	T	CCSAP	3'UTR	36	13	49	0.2653061224489796	2	1	1	0.7075	1	0.7075	0.7075	False	0.75	2.01
1	235345334	T	C	ARID4B	Missense_Mutation	65	30	95	0.3157894736842105	2	1	1	0.8421	1	0.8421	0.8421	False	0.75	2.01
1	235938342	C	T	LYST	Silent	17	14	31	0.45161290322580644	2	1	1	1.2043	1	1.2043	1.0	True	0.75	2.01
1	236371667	G	A	GPR137B	3'UTR	36	17	53	0.32075471698113206	2	1	1	0.8553	1	0.8553	0.8553	True	0.75	2.01
1	237872269	A	G	RYR2	Missense_Mutation	44	34	78	0.4358974358974359	2	1	1	1.1624	1	1.1624	1.0	True	0.75	2.01
1	238644785	T	C	LINC01139	RNA	7	8	15	0.5333333333333333	2	1	1	1.4222	1	1.4222	1.0	True	0.75	2.01
1	240775238	C	T	GREM2	5'UTR	20	15	35	0.42857142857142855	2	1	1	1.1429	1	1.1429	1.0	True	0.75	2.01
1	241728360	T	C	KMO	Splice_Site	48	27	75	0.36	2	1	1	0.96	1	0.96	0.96	True	0.75	2.01
1	243254876	A	G	RP11-261C10.3	RNA	23	18	41	0.43902439024390244	2	1	1	1.1707	1	1.1707	1.0	True	0.75	2.01
1	243289603	G	A	CEP170	3'UTR	6	6	12	0.5	2	1	1	1.3333	1	1.3333	1.0	True	0.75	2.01
1	245850271	G	A	KIF26B	Missense_Mutation	13	8	21	0.38095238095238093	2	1	1	1.0159	1	1.0159	1.0	True	0.75	2.01
1	247063364	T	C	AHCTF1	Intron	11	10	21	0.47619047619047616	2	1	1	1.2698	1	1.2698	1.0	True	0.75	2.01
1	247463851	G	A	ZNF496	Silent	32	14	46	0.30434782608695654	2	1	1	0.8116	1	0.8116	0.8116	False	0.75	2.01
1	247463915	T	C	ZNF496	Missense_Mutation	28	22	50	0.44	2	1	1	1.1733	1	1.1733	1.0	True	0.75	2.01
1	247586583	G	A	NLRP3	Missense_Mutation	56	43	99	0.43434343434343436	2	1	1	1.1582	1	1.1582	1.0	True	0.75	2.01
1	247655088	G	A	OR2W5	RNA	101	6	107	0.056074766355140186	2	1	1	0.1495	1	0.1495	0.1495	False	0.75	2.01
1	248023994	A	G	TRIM58	Missense_Mutation	25	19	44	0.4318181818181818	2	1	1	1.1515	1	1.1515	1.0	True	0.75	2.01
1	248402775	C	T	OR2M4	Missense_Mutation	70	6	76	0.07894736842105263	2	1	1	0.2105	1	0.2105	0.2105	False	0.75	2.01
1	248637558	A	G	OR2T3	Missense_Mutation	251	45	296	0.15202702702702703	2	1	1	0.4054	1	0.4054	0.4054	False	0.75	2.01
1	249142310	C	T	ZNF672	Silent	9	5	14	0.35714285714285715	2	1	1	0.9524	1	0.9524	0.9524	True	0.75	2.01
2	233155	G	A	SH3YL1	Missense_Mutation	10	6	16	0.375	2	1	1	1.0	1	1.0	1.0	True	0.75	2.01
2	1544457	A	G	TPO	Missense_Mutation	25	16	41	0.3902439024390244	2	1	1	1.0407	1	1.0407	1.0	True	0.75	2.01
2	2328437	C	T	MYT1L	Intron	44	15	59	0.2542372881355932	2	1	1	0.678	1	0.678	0.678	False	0.75	2.01
2	3392367	A	G	TRAPPC12	Missense_Mutation	9	5	14	0.35714285714285715	2	1	1	0.9524	1	0.9524	0.9524	True	0.75	2.01
2	3604380	T	C	RNASEH1	Silent	40	17	57	0.2982456140350877	2	1	1	0.7953	1	0.7953	0.7953	False	0.75	2.01
2	5834240	G	A	SOX11	3'UTR	19	7	26	0.2692307692307692	2	1	1	0.7179	1	0.7179	0.7179	False	0.75	2.01
2	5839858	T	C	SOX11	3'UTR	23	19	42	0.4523809523809524	2	1	1	1.2063	1	1.2063	1.0	True	0.75	2.01
2	10193931	G	T	KLF11	3'UTR	18	6	24	0.25	2	1	1	0.6667	1	0.6667	0.6667	False	0.75	2.01
2	10580751	T	C	ODC1	3'UTR	34	3	37	0.08108108108108109	2	1	1	0.2162	1	0.2162	0.2162	False	0.75	2.01
2	15747435	A	G	DDX1	Silent	29	27	56	0.48214285714285715	2	1	1	1.2857	1	1.2857	1.0	True	0.75	2.01
2	17851778	C	T	SMC6	Missense_Mutation	20	10	30	0.3333333333333333	2	1	1	0.8889	1	0.8889	0.8889	True	0.75	2.01
2	18764161	G	A	NT5C1B	Missense_Mutation	28	14	42	0.3333333333333333	2	1	1	0.8889	1	0.8889	0.8889	True	0.75	2.01
2	21260978	T	C	APOB	Missense_Mutation	25	16	41	0.3902439024390244	2	1	1	1.0407	1	1.0407	1.0	True	0.75	2.01
2	26502174	A	G	HADHB	Missense_Mutation	25	10	35	0.2857142857142857	2	1	1	0.7619	1	0.7619	0.7619	False	0.75	2.01
2	26689644	T	C	OTOF	Missense_Mutation	50	26	76	0.34210526315789475	2	1	1	0.9123	1	0.9123	0.9123	True	0.75	2.01
2	26785530	A	G	C2orf70	Missense_Mutation	18	18	36	0.5	2	1	1	1.3333	1	1.3333	1.0	True	0.75	2.01
2	27280284	A	G	AGBL5	Missense_Mutation	31	21	52	0.40384615384615385	2	1	1	1.0769	1	1.0769	1.0	True	0.75	2.01
2	27459289	T	C	CAD	Silent	37	16	53	0.3018867924528302	2	1	1	0.805	1	0.805	0.805	False	0.75	2.01
2	27800225	T	C	C2orf16	Silent	19	6	25	0.24	2	1	1	0.64	1	0.64	0.64	False	0.75	2.01
2	27830715	T	C	ZNF512	Missense_Mutation	40	19	59	0.3220338983050847	2	1	1	0.8588	1	0.8588	0.8588	True	0.75	2.01
2	32734874	T	C	BIRC6	Silent	22	13	35	0.37142857142857144	2	1	1	0.9905	1	0.9905	0.9905	True	0.75	2.01
2	32843817	A	G	BIRC6	3'UTR	23	11	34	0.3235294117647059	2	1	1	0.8627	1	0.8627	0.8627	True	0.75	2.01
2	32853176	C	T	TTC27	5'UTR	29	18	47	0.3829787234042553	2	1	1	1.0213	1	1.0213	1.0	True	0.75	2.01
2	39515392	C	T	MAP4K3	Missense_Mutation	42	16	58	0.27586206896551724	2	1	1	0.7356	1	0.7356	0.7356	False	0.75	2.01
2	42990453	G	T	OXER1	Silent	15	9	24	0.375	2	1	1	1.0	1	1.0	1.0	True	0.75	2.01
2	43452435	A	G	ZFP36L2	Missense_Mutation	77	33	110	0.3	2	1	1	0.8	1	0.8	0.8	False	0.75	2.01
2	44021532	A	T	DYNC2LI1	Intron	17	9	26	0.34615384615384615	2	1	1	0.9231	1	0.9231	0.9231	True	0.75	2.01
2	46845946	T	A	CRIPT	Missense_Mutation	61	23	84	0.27380952380952384	2	1	1	0.7302	1	0.7302	0.7302	False	0.75	2.01
2	48848364	T	C	STON1-GTF2A1L	Missense_Mutation	17	4	21	0.19047619047619047	2	1	1	0.5079	1	0.5079	0.5079	False	0.75	2.01
2	54080768	A	T	GPR75	Missense_Mutation	22	18	40	0.45	2	1	1	1.2	1	1.2	1.0	True	0.75	2.01
2	54531841	A	G	ACYP2	Missense_Mutation	32	18	50	0.36	2	1	1	0.96	1	0.96	0.96	True	0.75	2.01
2	56094098	T	C	EFEMP1	3'UTR	10	16	26	0.6153846153846154	2	1	1	1.641	1	1.641	1.0	True	0.75	2.01
2	56104890	T	C	EFEMP1	Missense_Mutation	28	18	46	0.391304347826087	2	1	1	1.0435	1	1.0435	1.0	True	0.75	2.01
2	62067580	T	C	FAM161A	Missense_Mutation	58	31	89	0.34831460674157305	2	1	1	0.9288	1	0.9288	0.9288	True	0.75	2.01
2	64321436	T	C	PELI1	3'UTR	22	3	25	0.12	2	1	1	0.32	1	0.32	0.32	False	0.75	2.01
2	71360528	A	G	MPHOSPH10	Missense_Mutation	35	20	55	0.36363636363636365	2	1	1	0.9697	1	0.9697	0.9697	True	0.75	2.01
2	71429653	C	A	PAIP2B	Missense_Mutation	50	36	86	0.4186046511627907	2	1	1	1.1163	1	1.1163	1.0	True	0.75	2.01
2	71791315	G	A	DYSF	Missense_Mutation	60	30	90	0.3333333333333333	2	1	1	0.8889	1	0.8889	0.8889	True	0.75	2.01
2	71871113	T	C	DYSF	Missense_Mutation	34	13	47	0.2765957446808511	2	1	1	0.7376	1	0.7376	0.7376	False	0.75	2.01
2	72741782	A	G	EXOC6B	Missense_Mutation	29	8	37	0.21621621621621623	2	1	1	0.5766	1	0.5766	0.5766	False	0.75	2.01
2	73677191	C	T	ALMS1	Silent	34	3	37	0.08108108108108109	2	1	1	0.2162	1	0.2162	0.2162	False	0.75	2.01
2	74043757	A	G	C2orf78	Missense_Mutation	50	18	68	0.2647058823529412	2	1	1	0.7059	1	0.7059	0.7059	False	0.75	2.01
2	74320659	A	G	TET3	Missense_Mutation	41	16	57	0.2807017543859649	2	1	1	0.7485	1	0.7485	0.7485	False	0.75	2.01
2	74652258	A	G	WDR54	Missense_Mutation	60	33	93	0.3548387096774194	2	1	1	0.9462	1	0.9462	0.9462	True	0.75	2.01
2	77749372	C	A	LRRTM4	5'UTR	24	8	32	0.25	2	1	1	0.6667	1	0.6667	0.6667	False	0.75	2.01
2	86317036	G	A	POLR1A	Missense_Mutation	38	16	54	0.2962962962962963	2	1	1	0.7901	1	0.7901	0.7901	False	0.75	2.01
2	86352141	T	C	PTCD3	Missense_Mutation	30	22	52	0.4230769230769231	2	1	1	1.1282	1	1.1282	1.0	True	0.75	2.01
2	86830772	T	A	RNF103	3'UTR	9	7	16	0.4375	2	1	1	1.1667	1	1.1667	1.0	True	0.75	2.01
2	88402593	T	C	SMYD1	Missense_Mutation	33	20	53	0.37735849056603776	2	1	1	1.0063	1	1.0063	1.0	True	0.75	2.01
2	88422586	C	T	FABP1	Missense_Mutation	19	4	23	0.17391304347826086	2	1	1	0.4638	1	0.4638	0.4638	False	0.75	2.01
2	89999524	G	T	IGKV2D-28	Missense_Mutation	44	20	64	0.3125	2	1	1	0.8333	1	0.8333	0.8333	False	0.75	2.01
2	95539197	C	T	TEKT4	Intron	17	11	28	0.39285714285714285	2	1	1	1.0476	1	1.0476	1.0	True	0.75	2.01
2	96081403	T	C	FAHD2A	3'UTR	29	22	51	0.43137254901960786	2	1	1	1.1503	1	1.1503	1.0	True	0.75	2.01
2	96930873	C	A	TMEM127	Intron	32	17	49	0.3469387755102041	2	1	1	0.9252	1	0.9252	0.9252	True	0.75	2.01
2	96937054	G	T	CIAO1	Missense_Mutation	29	10	39	0.2564102564102564	2	1	1	0.6838	1	0.6838	0.6838	False	0.75	2.01
2	96951026	C	T	SNRNP200	Silent	14	3	17	0.17647058823529413	2	1	1	0.4706	1	0.4706	0.4706	False	0.75	2.01
2	96956174	A	G	SNRNP200	Missense_Mutation	41	3	44	0.06818181818181818	2	1	1	0.1818	1	0.1818	0.1818	False	0.75	2.01
2	97008969	C	T	NCAPH	Silent	26	9	35	0.2571428571428571	2	1	1	0.6857	1	0.6857	0.6857	False	0.75	2.01
2	97363485	A	T	FER1L5	RNA	26	17	43	0.3953488372093023	2	1	1	1.0543	1	1.0543	1.0	True	0.75	2.01
2	97531214	A	G	SEMA4C	Missense_Mutation	36	16	52	0.3076923076923077	2	1	1	0.8205	1	0.8205	0.8205	False	0.75	2.01
2	97849202	C	A	ANKRD36	Missense_Mutation	59	33	92	0.358695652173913	2	1	1	0.9565	1	0.9565	0.9565	True	0.75	2.01
2	98996770	T	C	CNGA3	Silent	45	14	59	0.23728813559322035	2	1	1	0.6328	1	0.6328	0.6328	False	0.75	2.01
2	99785875	A	G	MITD1	Missense_Mutation	26	15	41	0.36585365853658536	2	1	1	0.9756	1	0.9756	0.9756	True	0.75	2.01
2	100011283	A	G	EIF5B	Missense_Mutation	34	19	53	0.3584905660377358	2	1	1	0.956	1	0.956	0.956	True	0.75	2.01
2	100040706	A	G	REV1	Silent	35	14	49	0.2857142857142857	2	1	1	0.7619	1	0.7619	0.7619	False	0.75	2.01
2	100911993	T	C	LONRF2	Missense_Mutation	40	17	57	0.2982456140350877	2	1	1	0.7953	1	0.7953	0.7953	False	0.75	2.01
2	101613159	A	G	NPAS2	3'UTR	15	14	29	0.4827586206896552	2	1	1	1.2874	1	1.2874	1.0	True	0.75	2.01
2	103335350	G	A	MFSD9	Silent	21	11	32	0.34375	2	1	1	0.9167	1	0.9167	0.9167	True	0.75	2.01
2	107021566	T	C	RGPD3	3'UTR	91	10	101	0.09900990099009901	2	1	1	0.264	1	0.264	0.264	False	0.75	2.01
2	107423279	T	C	ST6GAL2	Missense_Mutation	29	15	44	0.3409090909090909	2	1	1	0.9091	1	0.9091	0.9091	True	0.75	2.01
2	108507296	A	G	RGPD4	3'UTR	47	25	72	0.3472222222222222	2	1	1	0.9259	1	0.9259	0.9259	True	0.75	2.01
2	112545830	C	T	ANAPC1	Missense_Mutation	77	31	108	0.28703703703703703	2	1	1	0.7654	1	0.7654	0.7654	False	0.75	2.01
2	113300112	C	A	POLR1B	Missense_Mutation	61	32	93	0.34408602150537637	2	1	1	0.9176	1	0.9176	0.9176	True	0.75	2.01
2	113588935	G	A	IL1B	Silent	56	18	74	0.24324324324324326	2	1	1	0.6486	1	0.6486	0.6486	False	0.75	2.01
2	113984762	C	T	PAX8	Missense_Mutation	23	18	41	0.43902439024390244	2	1	1	1.1707	1	1.1707	1.0	True	0.75	2.01
2	116600531	A	G	DPP10	3'Flank	36	14	50	0.28	2	1	1	0.7467	1	0.7467	0.7467	False	0.75	2.01
2	118688629	A	T	CCDC93	Missense_Mutation	38	21	59	0.3559322033898305	2	1	1	0.9492	1	0.9492	0.9492	True	0.75	2.01
2	120439286	T	C	TMEM177	Missense_Mutation	14	11	25	0.44	2	1	1	1.1733	1	1.1733	1.0	True	0.75	2.01
2	128062350	T	C	MAP3K2	3'UTR	30	14	44	0.3181818181818182	2	1	1	0.8485	1	0.8485	0.8485	False	0.75	2.01
2	128930253	A	G	UGGT1	Missense_Mutation	44	19	63	0.30158730158730157	2	1	1	0.8042	1	0.8042	0.8042	False	0.75	2.01
2	130832521	G	T	POTEF	Missense_Mutation	83	42	125	0.336	2	1	1	0.896	1	0.896	0.896	True	0.75	2.01
2	130900541	G	T	CCDC74B	Intron	50	25	75	0.3333333333333333	2	1	1	0.8889	1	0.8889	0.8889	True	0.75	2.01
2	131103986	G	A	IMP4	Missense_Mutation	27	20	47	0.425531914893617	2	1	1	1.1348	1	1.1348	1.0	True	0.75	2.01
2	131520085	C	A	AMER3	Missense_Mutation	30	16	46	0.34782608695652173	2	1	1	0.9275	1	0.9275	0.9275	True	0.75	2.01
2	132021183	G	A	POTEE	Missense_Mutation	33	22	55	0.4	2	1	1	1.0667	1	1.0667	1.0	True	0.75	2.01
2	133540150	G	A	NCKAP5	Missense_Mutation	15	17	32	0.53125	2	1	1	1.4167	1	1.4167	1.0	True	0.75	2.01
2	138163210	G	A	THSD7B	Missense_Mutation	10	13	23	0.5652173913043478	2	1	1	1.5072	1	1.5072	1.0	True	0.75	2.01
2	139308166	A	G	SPOPL	Silent	15	11	26	0.4230769230769231	2	1	1	1.1282	1	1.1282	1.0	True	0.75	2.01
2	141130601	C	T	LRP1B	Missense_Mutation	32	6	38	0.15789473684210525	2	1	1	0.4211	1	0.4211	0.4211	False	0.75	2.01
2	141625712	T	C	LRP1B	Silent	33	20	53	0.37735849056603776	2	1	1	1.0063	1	1.0063	1.0	True	0.75	2.01
2	150327390	A	G	LYPD6	3'UTR	98	47	145	0.32413793103448274	2	1	1	0.8644	1	0.8644	0.8644	True	0.75	2.01
2	150329866	A	G	LYPD6	3'UTR	28	17	45	0.37777777777777777	2	1	1	1.0074	1	1.0074	1.0	True	0.75	2.01
2	152550946	A	C	NEB	Missense_Mutation	46	26	72	0.3611111111111111	2	1	1	0.963	1	0.963	0.963	True	0.75	2.01
2	153519678	T	C	PRPF40A	Silent	15	10	25	0.4	2	1	1	1.0667	1	1.0667	1.0	True	0.75	2.01
2	158300514	G	T	CYTIP	Missense_Mutation	38	42	80	0.525	2	1	1	1.4	1	1.4	1.0	True	0.75	2.01
2	158634794	A	G	ACVR1	Missense_Mutation	32	14	46	0.30434782608695654	2	1	1	0.8116	1	0.8116	0.8116	False	0.75	2.01
2	158991441	T	C	UPP2	3'UTR	20	15	35	0.42857142857142855	2	1	1	1.1429	1	1.1429	1.0	True	0.75	2.01
2	159195257	G	A	CCDC148	Nonsense_Mutation	36	12	48	0.25	2	1	1	0.6667	1	0.6667	0.6667	False	0.75	2.01
2	160624361	A	G	MARCH7	3'UTR	23	10	33	0.30303030303030304	2	1	1	0.8081	1	0.8081	0.8081	False	0.75	2.01
2	162730437	C	T	SLC4A10	Silent	40	17	57	0.2982456140350877	2	1	1	0.7953	1	0.7953	0.7953	False	0.75	2.01
2	162761387	G	A	SLC4A10	Silent	33	14	47	0.2978723404255319	2	1	1	0.7943	1	0.7943	0.7943	False	0.75	2.01
2	163074624	G	T	FAP	Missense_Mutation	24	17	41	0.4146341463414634	2	1	1	1.1057	1	1.1057	1.0	True	0.75	2.01
2	163123990	T	C	IFIH1	Missense_Mutation	43	10	53	0.18867924528301888	2	1	1	0.5031	1	0.5031	0.5031	False	0.75	2.01
2	166012398	T	C	SCN3A	Silent	52	33	85	0.38823529411764707	2	1	1	1.0353	1	1.0353	1.0	True	0.75	2.01
2	166731249	T	C	TTC21B	3'UTR	20	21	41	0.5121951219512195	2	1	1	1.3659	1	1.3659	1.0	True	0.75	2.01
2	167262682	A	G	SCN7A	Missense_Mutation	18	8	26	0.3076923076923077	2	1	1	0.8205	1	0.8205	0.8205	False	0.75	2.01
2	170068625	A	G	LRP2	Missense_Mutation	52	17	69	0.2463768115942029	2	1	1	0.657	1	0.657	0.657	False	0.75	2.01
2	170103223	C	T	LRP2	Missense_Mutation	32	3	35	0.08571428571428572	2	1	1	0.2286	1	0.2286	0.2286	False	0.75	2.01
2	170936517	A	G	UBR3	Missense_Mutation	24	14	38	0.3684210526315789	2	1	1	0.9825	1	0.9825	0.9825	True	0.75	2.01
2	171092523	A	G	MYO3B	Missense_Mutation	66	23	89	0.25842696629213485	2	1	1	0.6891	1	0.6891	0.6891	False	0.75	2.01
2	171678603	A	G	GAD1	Missense_Mutation	42	29	71	0.4084507042253521	2	1	1	1.0892	1	1.0892	1.0	True	0.75	2.01
2	172641906	A	G	SLC25A12	Missense_Mutation	97	17	114	0.14912280701754385	2	1	1	0.3977	1	0.3977	0.3977	False	0.75	2.01
2	172648085	A	G	SLC25A12	Silent	31	28	59	0.4745762711864407	2	1	1	1.2655	1	1.2655	1.0	True	0.75	2.01
2	172950613	C	T	DLX1	Missense_Mutation	36	22	58	0.3793103448275862	2	1	1	1.0115	1	1.0115	1.0	True	0.75	2.01
2	173891902	T	G	RAPGEF4	Missense_Mutation	39	10	49	0.20408163265306123	2	1	1	0.5442	1	0.5442	0.5442	False	0.75	2.01
2	175742847	A	G	CHN1	Silent	15	7	22	0.3181818181818182	2	1	1	0.8485	1	0.8485	0.8485	False	0.75	2.01
2	177502285	A	G	LINC01116	RNA	54	25	79	0.31645569620253167	2	1	1	0.8439	1	0.8439	0.8439	False	0.75	2.01
2	179255814	T	C	OSBPL6	Silent	26	20	46	0.43478260869565216	2	1	1	1.1594	1	1.1594	1.0	True	0.75	2.01
2	179260254	T	C	OSBPL6	Missense_Mutation	78	44	122	0.36065573770491804	2	1	1	0.9617	1	0.9617	0.9617	True	0.75	2.01
2	179455993	A	G	TTN	Silent	56	42	98	0.42857142857142855	2	1	1	1.1429	1	1.1429	1.0	True	0.75	2.01
2	179478641	G	T	TTN	Missense_Mutation	51	29	80	0.3625	2	1	1	0.9667	1	0.9667	0.9667	True	0.75	2.01
2	179480083	G	A	TTN	Missense_Mutation	35	22	57	0.38596491228070173	2	1	1	1.0292	1	1.0292	1.0	True	0.75	2.01
2	179483507	T	C	TTN	Silent	20	10	30	0.3333333333333333	2	1	1	0.8889	1	0.8889	0.8889	True	0.75	2.01
2	179542460	A	G	TTN	Silent	73	31	104	0.2980769230769231	2	1	1	0.7949	1	0.7949	0.7949	False	0.75	2.01
2	179603982	T	C	TTN	Missense_Mutation	71	33	104	0.3173076923076923	2	1	1	0.8462	1	0.8462	0.8462	False	0.75	2.01
2	182543126	C	T	NEUROD1	Silent	52	34	86	0.3953488372093023	2	1	1	1.0543	1	1.0543	1.0	True	0.75	2.01
2	184026035	G	A	NUP35	3'UTR	14	4	18	0.2222222222222222	2	1	1	0.5926	1	0.5926	0.5926	False	0.75	2.01
2	190531632	T	C	ASNSD1	Silent	20	7	27	0.25925925925925924	2	1	1	0.6914	1	0.6914	0.6914	False	0.75	2.01
2	190560993	A	T	ANKAR	Missense_Mutation	44	33	77	0.42857142857142855	2	1	1	1.1429	1	1.1429	1.0	True	0.75	2.01
2	197777709	T	C	PGAP1	Silent	19	16	35	0.45714285714285713	2	1	1	1.219	1	1.219	1.0	True	0.75	2.01
2	198622121	T	C	BOLL	Missense_Mutation	25	26	51	0.5098039215686274	2	1	1	1.3595	1	1.3595	1.0	True	0.75	2.01
2	200193611	C	T	SATB2	Missense_Mutation	21	16	37	0.43243243243243246	2	1	1	1.1532	1	1.1532	1.0	True	0.75	2.01
2	201170971	T	C	SPATS2L	Intron	15	5	20	0.25	2	1	1	0.6667	1	0.6667	0.6667	False	0.75	2.01
2	201492137	A	G	AOX1	Missense_Mutation	18	9	27	0.3333333333333333	2	1	1	0.8889	1	0.8889	0.8889	True	0.75	2.01
2	202070668	A	G	CASP10	Missense_Mutation	24	18	42	0.42857142857142855	2	1	1	1.1429	1	1.1429	1.0	True	0.75	2.01
2	202357169	T	C	ALS2CR11	Missense_Mutation	29	13	42	0.30952380952380953	2	1	1	0.8254	1	0.8254	0.8254	False	0.75	2.01
2	202592490	C	T	ALS2	Silent	34	25	59	0.423728813559322	2	1	1	1.1299	1	1.1299	1.0	True	0.75	2.01
2	202964363	T	C	AC079354.1	Silent	50	23	73	0.3150684931506849	2	1	1	0.8402	1	0.8402	0.8402	False	0.75	2.01
2	206656987	A	G	NRP2	Silent	27	8	35	0.22857142857142856	2	1	1	0.6095	1	0.6095	0.6095	False	0.75	2.01
2	207424801	G	A	ADAM23	Silent	38	19	57	0.3333333333333333	2	1	1	0.8889	1	0.8889	0.8889	True	0.75	2.01
2	207989067	C	T	KLF7	Missense_Mutation	42	25	67	0.373134328358209	2	1	1	0.995	1	0.995	0.995	True	0.75	2.01
2	208632740	A	G	FZD5	Missense_Mutation	44	4	48	0.08333333333333333	2	1	1	0.2222	1	0.2222	0.2222	False	0.75	2.01
2	216810396	A	G	MREG	Silent	58	4	62	0.06451612903225806	2	1	1	0.172	1	0.172	0.172	False	0.75	2.01
2	218925548	T	C	CXCR2P1	RNA	71	50	121	0.4132231404958678	2	1	1	1.1019	1	1.1019	1.0	True	0.75	2.01
2	219128943	G	A	AAMP	3'UTR	30	19	49	0.3877551020408163	2	1	1	1.034	1	1.034	1.0	True	0.75	2.01
2	219617619	G	A	TTLL4	Missense_Mutation	47	34	81	0.41975308641975306	2	1	1	1.1193	1	1.1193	1.0	True	0.75	2.01
2	219825302	T	C	CDK5R2	Missense_Mutation	8	5	13	0.38461538461538464	2	1	1	1.0256	1	1.0256	1.0	True	0.75	2.01
2	220089402	G	A	ATG9A	Missense_Mutation	23	16	39	0.41025641025641024	2	1	1	1.094	1	1.094	1.0	True	0.75	2.01
2	220092693	T	C	ATG9A	Silent	39	22	61	0.36065573770491804	2	1	1	0.9617	1	0.9617	0.9617	True	0.75	2.01
2	220166379	T	C	PTPRN	Missense_Mutation	36	19	55	0.34545454545454546	2	1	1	0.9212	1	0.9212	0.9212	True	0.75	2.01
2	220404691	C	T	CHPF	Missense_Mutation	52	7	59	0.11864406779661017	2	1	1	0.3164	1	0.3164	0.3164	False	0.75	2.01
2	220435176	C	T	OBSL1	Missense_Mutation	14	6	20	0.3	2	1	1	0.8	1	0.8	0.8	False	0.75	2.01
2	223504373	A	G	FARSB	Silent	38	16	54	0.2962962962962963	2	1	1	0.7901	1	0.7901	0.7901	False	0.75	2.01
2	223806964	C	A	ACSL3	3'UTR	24	12	36	0.3333333333333333	2	1	1	0.8889	1	0.8889	0.8889	True	0.75	2.01
2	226273583	G	A	NYAP2	5'UTR	40	23	63	0.36507936507936506	2	1	1	0.9735	1	0.9735	0.9735	True	0.75	2.01
2	231860905	A	G	SPATA3	5'UTR	31	22	53	0.41509433962264153	2	1	1	1.1069	1	1.1069	1.0	True	0.75	2.01
2	233321288	A	G	ALPI	Splice_Site	35	21	56	0.375	2	1	1	1.0	1	1.0	1.0	True	0.75	2.01
2	233527458	C	T	EFHD1	Intron	30	14	44	0.3181818181818182	2	1	1	0.8485	1	0.8485	0.8485	False	0.75	2.01
2	233735055	G	A	C2orf82	Missense_Mutation	59	32	91	0.3516483516483517	2	1	1	0.9377	1	0.9377	0.9377	True	0.75	2.01
2	234217834	A	G	SAG	5'UTR	42	15	57	0.2631578947368421	2	1	1	0.7018	1	0.7018	0.7018	False	0.75	2.01
2	234627517	G	C	UGT1A4	Silent	34	27	61	0.4426229508196721	2	1	1	1.1803	1	1.1803	1.0	True	0.75	2.01
2	235404640	G	A	ARL4C	3'UTR	33	17	50	0.34	2	1	1	0.9067	1	0.9067	0.9067	True	0.75	2.01
2	235951472	A	G	SH3BP4	Missense_Mutation	17	5	22	0.22727272727272727	2	1	1	0.6061	1	0.6061	0.6061	False	0.75	2.01
2	237033109	C	G	AGAP1	3'UTR	34	4	38	0.10526315789473684	2	1	1	0.2807	1	0.2807	0.2807	False	0.75	2.01
2	238666106	G	A	LRRFIP1	Intron	39	32	71	0.4507042253521127	2	1	1	1.2019	1	1.2019	1.0	True	0.75	2.01
2	239257410	G	A	TRAF3IP1	Missense_Mutation	42	20	62	0.3225806451612903	2	1	1	0.8602	1	0.8602	0.8602	True	0.75	2.01
2	239360444	C	T	ASB1	3'UTR	57	25	82	0.3048780487804878	2	1	1	0.813	1	0.813	0.813	False	0.75	2.01
2	241468646	G	A	ANKMY1	Missense_Mutation	85	24	109	0.22018348623853212	2	1	1	0.5872	1	0.5872	0.5872	False	0.75	2.01
2	241570064	C	A	GPR35	Missense_Mutation	38	11	49	0.22448979591836735	2	1	1	0.5986	1	0.5986	0.5986	False	0.75	2.01
2	242610143	G	T	ATG4B	Silent	31	13	44	0.29545454545454547	2	1	1	0.7879	1	0.7879	0.7879	False	0.75	2.01
2	242664656	G	A	ING5	3'UTR	16	8	24	0.3333333333333333	2	1	1	0.8889	1	0.8889	0.8889	True	0.75	2.01
2	242683106	T	C	D2HGDH	Missense_Mutation	69	28	97	0.28865979381443296	2	1	1	0.7698	1	0.7698	0.7698	False	0.75	2.01
3	3098500	C	T	CNTN4	3'UTR	74	44	118	0.3728813559322034	2	1	1	0.9944	1	0.9944	0.9944	True	0.75	2.01
3	4355063	C	T	SETMAR	Missense_Mutation	17	10	27	0.37037037037037035	2	1	1	0.9877	1	0.9877	0.9877	True	0.75	2.01
3	5243452	T	C	EDEM1	Missense_Mutation	66	31	97	0.31958762886597936	2	1	1	0.8522	1	0.8522	0.8522	True	0.75	2.01
3	9989044	A	G	PRRT3	Missense_Mutation	14	9	23	0.391304347826087	2	1	1	1.0435	1	1.0435	1.0	True	0.75	2.01
3	10049284	T	C	AC022007.5	RNA	31	15	46	0.32608695652173914	2	1	1	0.8696	1	0.8696	0.8696	True	0.75	2.01
3	11080631	A	G	SLC6A1	3'UTR	31	16	47	0.3404255319148936	2	1	1	0.9078	1	0.9078	0.9078	True	0.75	2.01
3	11712743	C	T	VGLL4	Silent	42	17	59	0.288135593220339	2	1	1	0.7684	1	0.7684	0.7684	False	0.75	2.01
3	12545055	A	G	TSEN2	Silent	38	20	58	0.3448275862068966	2	1	1	0.9195	1	0.9195	0.9195	True	0.75	2.01
3	13421174	T	C	NUP210	Missense_Mutation	30	11	41	0.2682926829268293	2	1	1	0.7154	1	0.7154	0.7154	False	0.75	2.01
3	13611924	C	T	FBLN2	Silent	12	8	20	0.4	2	1	1	1.0667	1	1.0667	1.0	True	0.75	2.01
3	13921258	A	G	WNT7A	Missense_Mutation	30	17	47	0.3617021276595745	2	1	1	0.9645	1	0.9645	0.9645	True	0.75	2.01
3	14548350	G	T	GRIP2	RNA	29	16	45	0.35555555555555557	2	1	1	0.9481	1	0.9481	0.9481	True	0.75	2.01
3	15216348	C	T	COL6A4P1	RNA	25	8	33	0.24242424242424243	2	1	1	0.6465	1	0.6465	0.6465	False	0.75	2.01
3	15482844	C	T	EAF1	3'UTR	49	30	79	0.379746835443038	2	1	1	1.0127	1	1.0127	1.0	True	0.75	2.01
3	17051846	T	C	PLCL2	Silent	11	8	19	0.42105263157894735	2	1	1	1.1228	1	1.1228	1.0	True	0.75	2.01
3	17226572	C	T	TBC1D5	Intron	76	33	109	0.30275229357798167	2	1	1	0.8073	1	0.8073	0.8073	False	0.75	2.01
3	21792537	C	T	ZNF385D	5'UTR	11	7	18	0.3888888888888889	2	1	1	1.037	1	1.037	1.0	True	0.75	2.01
3	24206710	T	C	THRB	Intron	17	13	30	0.43333333333333335	2	1	1	1.1556	1	1.1556	1.0	True	0.75	2.01
3	27433248	A	G	SLC4A7	Missense_Mutation	22	7	29	0.2413793103448276	2	1	1	0.6437	1	0.6437	0.6437	False	0.75	2.01
3	33623383	T	C	CLASP2	Silent	24	10	34	0.29411764705882354	2	1	1	0.7843	1	0.7843	0.7843	False	0.75	2.01
3	38833623	G	A	SCN10A	Missense_Mutation	27	18	45	0.4	2	1	1	1.0667	1	1.0667	1.0	True	0.75	2.01
3	39225280	T	C	XIRP1	3'UTR	20	14	34	0.4117647058823529	2	1	1	1.098	1	1.098	1.0	True	0.75	2.01
3	43074621	T	C	FAM198A	Missense_Mutation	38	9	47	0.19148936170212766	2	1	1	0.5106	1	0.5106	0.5106	False	0.75	2.01
3	43392010	T	C	SNRK	3'UTR	21	5	26	0.19230769230769232	2	1	1	0.5128	1	0.5128	0.5128	False	0.75	2.01
3	43618207	G	C	ANO10	Missense_Mutation	7	7	14	0.5	2	1	1	1.3333	1	1.3333	1.0	True	0.75	2.01
3	44441889	C	T	TCAIM	Silent	16	19	35	0.5428571428571428	2	1	1	1.4476	1	1.4476	1.0	True	0.75	2.01
3	44762970	C	T	ZNF502	Nonsense_Mutation	27	19	46	0.41304347826086957	2	1	1	1.1014	1	1.1014	1.0	True	0.75	2.01
3	44959251	G	A	TGM4	3'Flank	23	15	38	0.39473684210526316	2	1	1	1.0526	1	1.0526	1.0	True	0.75	2.01
3	46008779	C	A	FYCO1	Missense_Mutation	11	7	18	0.3888888888888889	2	1	1	1.037	1	1.037	1.0	True	0.75	2.01
3	46621530	A	G	TDGF1	Missense_Mutation	59	32	91	0.3516483516483517	2	1	1	0.9377	1	0.9377	0.9377	True	0.75	2.01
3	47163743	A	G	SETD2	Missense_Mutation	43	24	67	0.3582089552238806	2	1	1	0.9552	1	0.9552	0.9552	True	0.75	2.01
3	47628366	T	C	SMARCC1	3'UTR	27	14	41	0.34146341463414637	2	1	1	0.9106	1	0.9106	0.9106	True	0.75	2.01
3	47891529	C	T	DHX30	Silent	17	12	29	0.41379310344827586	2	1	1	1.1034	1	1.1034	1.0	True	0.75	2.01
3	48207221	C	T	CDC25A	Missense_Mutation	36	22	58	0.3793103448275862	2	1	1	1.0115	1	1.0115	1.0	True	0.75	2.01
3	48732639	T	C	IP6K2	Missense_Mutation	35	26	61	0.4262295081967213	2	1	1	1.1366	1	1.1366	1.0	True	0.75	2.01
3	49713554	C	T	APEH	Missense_Mutation	65	18	83	0.21686746987951808	2	1	1	0.5783	1	0.5783	0.5783	False	0.75	2.01
3	49836476	C	T	CDHR4	Silent	22	22	44	0.5	2	1	1	1.3333	1	1.3333	1.0	True	0.75	2.01
3	50229098	G	A	GNAT1	5'UTR	27	15	42	0.35714285714285715	2	1	1	0.9524	1	0.9524	0.9524	True	0.75	2.01
3	50330073	A	T	IFRD2	5'Flank	39	12	51	0.23529411764705882	2	1	1	0.6275	1	0.6275	0.6275	False	0.75	2.01
3	50401815	G	A	CACNA2D2	3'Flank	24	18	42	0.42857142857142855	2	1	1	1.1429	1	1.1429	1.0	True	0.75	2.01
3	50417188	G	A	CACNA2D2	Silent	11	17	28	0.6071428571428571	2	1	1	1.619	1	1.619	1.0	True	0.75	2.01
3	51297630	T	C	DOCK3	Missense_Mutation	68	35	103	0.33980582524271846	2	1	1	0.9061	1	0.9061	0.9061	True	0.75	2.01
3	51737947	A	G	TEX264	Missense_Mutation	32	27	59	0.4576271186440678	2	1	1	1.2203	1	1.2203	1.0	True	0.75	2.01
3	51980288	T	C	PARP3	Missense_Mutation	16	5	21	0.23809523809523808	2	1	1	0.6349	1	0.6349	0.6349	False	0.75	2.01
3	52848028	T	C	ITIH4	Missense_Mutation	27	13	40	0.325	2	1	1	0.8667	1	0.8667	0.8667	True	0.75	2.01
3	54596920	A	G	CACNA2D3	Missense_Mutation	64	38	102	0.37254901960784315	2	1	1	0.9935	1	0.9935	0.9935	True	0.75	2.01
3	58140606	T	C	FLNB	Silent	40	17	57	0.2982456140350877	2	1	1	0.7953	1	0.7953	0.7953	False	0.75	2.01
3	58728063	T	C	C3orf67	3'UTR	19	9	28	0.32142857142857145	2	1	1	0.8571	1	0.8571	0.8571	True	0.75	2.01
3	58855126	G	A	C3orf67	Silent	65	37	102	0.3627450980392157	2	1	1	0.9673	1	0.9673	0.9673	True	0.75	2.01
3	62384809	G	A	CADPS	3'UTR	26	23	49	0.46938775510204084	2	1	1	1.2517	1	1.2517	1.0	True	0.75	2.01
3	62452090	T	C	CADPS	Splice_Site	47	38	85	0.4470588235294118	2	1	1	1.1922	1	1.1922	1.0	True	0.75	2.01
3	65341252	T	C	MAGI1	3'Flank	12	3	15	0.2	2	1	1	0.5333	1	0.5333	0.5333	False	0.75	2.01
3	70016129	A	G	MITF	3'UTR	26	15	41	0.36585365853658536	2	1	1	0.9756	1	0.9756	0.9756	True	0.75	2.01
3	87276697	A	T	CHMP2B	Missense_Mutation	44	28	72	0.3888888888888889	2	1	1	1.037	1	1.037	1.0	True	0.75	2.01
3	88101407	A	C	CGGBP1	3'UTR	30	20	50	0.4	2	1	1	1.0667	1	1.0667	1.0	True	0.75	2.01
3	97663782	C	T	MINA	3'UTR	35	29	64	0.453125	2	1	1	1.2083	1	1.2083	1.0	True	0.75	2.01
3	98234973	A	G	CLDND1	3'UTR	25	14	39	0.358974358974359	2	1	1	0.9573	1	0.9573	0.9573	True	0.75	2.01
3	101312483	A	G	PCNP	3'UTR	18	6	24	0.25	2	1	1	0.6667	1	0.6667	0.6667	False	0.75	2.01
3	107520065	C	T	BBX	Missense_Mutation	47	21	68	0.3088235294117647	2	1	1	0.8235	1	0.8235	0.8235	False	0.75	2.01
3	112277221	A	G	ATG3	Splice_Site	14	10	24	0.4166666666666667	2	1	1	1.1111	1	1.1111	1.0	True	0.75	2.01
3	119263407	T	C	CD80	Silent	24	12	36	0.3333333333333333	2	1	1	0.8889	1	0.8889	0.8889	True	0.75	2.01
3	121500691	T	C	IQCB1	Missense_Mutation	33	21	54	0.3888888888888889	2	1	1	1.037	1	1.037	1.0	True	0.75	2.01
3	124207091	A	C	KALRN	Missense_Mutation	21	16	37	0.43243243243243246	2	1	1	1.1532	1	1.1532	1.0	True	0.75	2.01
3	127441376	A	G	MGLL	Missense_Mutation	19	11	30	0.36666666666666664	2	1	1	0.9778	1	0.9778	0.9778	True	0.75	2.01
3	128060290	A	G	EEFSEC	Missense_Mutation	29	12	41	0.2926829268292683	2	1	1	0.7805	1	0.7805	0.7805	False	0.75	2.01
3	128629008	C	T	RP11-723O4.6	3'UTR	50	20	70	0.2857142857142857	2	1	1	0.7619	1	0.7619	0.7619	False	0.75	2.01
3	128758815	C	T	EFCC1	3'UTR	22	16	38	0.42105263157894735	2	1	1	1.1228	1	1.1228	1.0	True	0.75	2.01
3	129152714	T	C	MBD4	Missense_Mutation	23	15	38	0.39473684210526316	2	1	1	1.0526	1	1.0526	1.0	True	0.75	2.01
3	129249791	A	G	RHO	Missense_Mutation	63	40	103	0.3883495145631068	2	1	1	1.0356	1	1.0356	1.0	True	0.75	2.01
3	130424579	C	A	PIK3R4	Missense_Mutation	59	26	85	0.3058823529411765	2	1	1	0.8157	1	0.8157	0.8157	False	0.75	2.01
3	130871554	G	C	NEK11	Splice_Site	12	11	23	0.4782608695652174	2	1	1	1.2754	1	1.2754	1.0	True	0.75	2.01
3	136699408	A	G	IL20RB	Silent	41	38	79	0.4810126582278481	2	1	1	1.2827	1	1.2827	1.0	True	0.75	2.01
3	137928708	A	G	ARMC8	Missense_Mutation	40	16	56	0.2857142857142857	2	1	1	0.7619	1	0.7619	0.7619	False	0.75	2.01
3	139092641	C	G	COPB2	Missense_Mutation	22	6	28	0.21428571428571427	2	1	1	0.5714	1	0.5714	0.5714	False	0.75	2.01
3	143709143	T	C	C3orf58	3'UTR	46	14	60	0.23333333333333334	2	1	1	0.6222	1	0.6222	0.6222	False	0.75	2.01
3	148890142	C	T	HPS3	3'UTR	15	19	34	0.5588235294117647	2	1	1	1.4902	1	1.4902	1.0	True	0.75	2.01
3	148896302	A	G	CP	Silent	28	21	49	0.42857142857142855	2	1	1	1.1429	1	1.1429	1.0	True	0.75	2.01
3	150127814	T	C	TSC22D2	Missense_Mutation	20	13	33	0.3939393939393939	2	1	1	1.0505	1	1.0505	1.0	True	0.75	2.01
3	151154993	C	T	IGSF10	Silent	29	22	51	0.43137254901960786	2	1	1	1.1503	1	1.1503	1.0	True	0.75	2.01
3	155303970	T	C	PLCH1	Missense_Mutation	32	12	44	0.2727272727272727	2	1	1	0.7273	1	0.7273	0.7273	False	0.75	2.01
3	164905973	A	G	SLITRK3	Silent	34	16	50	0.32	2	1	1	0.8533	1	0.8533	0.8533	True	0.75	2.01
3	168833519	T	C	MECOM	Missense_Mutation	23	10	33	0.30303030303030304	2	1	1	0.8081	1	0.8081	0.8081	False	0.75	2.01
3	169847237	C	T	PHC3	Silent	76	51	127	0.4015748031496063	2	1	1	1.0709	1	1.0709	1.0	True	0.75	2.01
3	170002368	A	T	PRKCI	Missense_Mutation	24	16	40	0.4	2	1	1	1.0667	1	1.0667	1.0	True	0.75	2.01
3	170150881	T	C	CLDN11	3'UTR	5	6	11	0.5454545454545454	2	1	1	1.4545	1	1.4545	1.0	True	0.75	2.01
3	170201160	G	A	SLC7A14	Missense_Mutation	36	17	53	0.32075471698113206	2	1	1	0.8553	1	0.8553	0.8553	True	0.75	2.01
3	178936092	A	C	PIK3CA	Missense_Mutation	38	17	55	0.3090909090909091	2	1	1	0.8242	1	0.8242	0.8242	False	0.75	2.01
3	182681762	C	T	DCUN1D1	Missense_Mutation	48	18	66	0.2727272727272727	2	1	1	0.7273	1	0.7273	0.7273	False	0.75	2.01
3	182871905	C	T	LAMP3	Silent	107	59	166	0.35542168674698793	2	1	1	0.9478	1	0.9478	0.9478	True	0.75	2.01
3	183585786	C	T	PARL	Missense_Mutation	57	20	77	0.2597402597402597	2	1	1	0.6926	1	0.6926	0.6926	False	0.75	2.01
3	184298388	A	G	EPHB3	Missense_Mutation	25	14	39	0.358974358974359	2	1	1	0.9573	1	0.9573	0.9573	True	0.75	2.01
3	184797989	T	C	C3orf70	3'UTR	24	10	34	0.29411764705882354	2	1	1	0.7843	1	0.7843	0.7843	False	0.75	2.01
3	185191044	A	G	MAP3K13	Missense_Mutation	32	25	57	0.43859649122807015	2	1	1	1.1696	1	1.1696	1.0	True	0.75	2.01
3	185241868	T	C	LIPH	Missense_Mutation	30	30	60	0.5	2	1	1	1.3333	1	1.3333	1.0	True	0.75	2.01
3	185361577	T	C	IGF2BP2	3'UTR	26	31	57	0.543859649122807	2	1	1	1.4503	1	1.4503	1.0	True	0.75	2.01
3	185634493	T	C	TRA2B	3'UTR	28	25	53	0.4716981132075472	2	1	1	1.2579	1	1.2579	1.0	True	0.75	2.01
3	185882704	G	A	DGKG	Silent	35	24	59	0.4067796610169492	2	1	1	1.0847	1	1.0847	1.0	True	0.75	2.01
3	186333569	G	A	AHSG	Silent	36	13	49	0.2653061224489796	2	1	1	0.7075	1	0.7075	0.7075	False	0.75	2.01
3	186336339	T	C	AHSG	Silent	37	27	64	0.421875	2	1	1	1.125	1	1.125	1.0	True	0.75	2.01
3	186953582	C	T	MASP1	Missense_Mutation	29	10	39	0.2564102564102564	2	1	1	0.6838	1	0.6838	0.6838	False	0.75	2.01
3	190127975	A	G	CLDN16	3'UTR	10	6	16	0.375	2	1	1	1.0	1	1.0	1.0	True	0.75	2.01
3	190326866	C	T	IL1RAP	Missense_Mutation	15	9	24	0.375	2	1	1	1.0	1	1.0	1.0	True	0.75	2.01
3	192078219	T	C	FGF12	Missense_Mutation	49	21	70	0.3	2	1	1	0.8	1	0.8	0.8	False	0.75	2.01
3	194062894	G	T	CPN2	Missense_Mutation	42	11	53	0.20754716981132076	2	1	1	0.5535	1	0.5535	0.5535	False	0.75	2.01
3	195400699	A	G	SDHAP2	RNA	84	46	130	0.35384615384615387	2	1	1	0.9436	1	0.9436	0.9436	True	0.75	2.01
3	195702653	C	T	SDHAP1	RNA	130	22	152	0.14473684210526316	2	1	1	0.386	1	0.386	0.386	False	0.75	2.01
3	196443745	T	C	PIGX	Silent	25	22	47	0.46808510638297873	2	1	1	1.2482	1	1.2482	1.0	True	0.75	2.01
3	196449331	G	A	PIGX	Silent	26	11	37	0.2972972972972973	2	1	1	0.7928	1	0.7928	0.7928	False	0.75	2.01
3	196735772	C	T	MFI2	Silent	42	17	59	0.288135593220339	2	1	1	0.7684	1	0.7684	0.7684	False	0.75	2.01
3	196865111	G	A	DLG1	Missense_Mutation	34	17	51	0.3333333333333333	2	1	1	0.8889	1	0.8889	0.8889	True	0.75	2.01
3	197619526	T	C	IQCG	Silent	115	68	183	0.37158469945355194	2	1	1	0.9909	1	0.9909	0.9909	True	0.75	2.01
4	437260	G	T	ZNF721	Silent	37	22	59	0.3728813559322034	2	1	1	0.9944	1	0.9944	0.9944	True	0.75	2.01
4	619442	G	T	PDE6B	Silent	34	22	56	0.39285714285714285	2	1	1	1.0476	1	1.0476	1.0	True	0.75	2.01
4	727749	G	A	PCGF3	Intron	25	15	40	0.375	2	1	1	1.0	1	1.0	1.0	True	0.75	2.01
4	984960	T	C	SLC26A1	Missense_Mutation	38	12	50	0.24	2	1	1	0.64	1	0.64	0.64	False	0.75	2.01
4	1332372	G	A	MAEA	Missense_Mutation	32	20	52	0.38461538461538464	2	1	1	1.0256	1	1.0256	1.0	True	0.75	2.01
4	1388945	T	C	CRIPAK	Missense_Mutation	165	114	279	0.40860215053763443	2	1	1	1.0896	1	1.0896	1.0	True	0.75	2.01
4	2087420	T	C	POLN	Missense_Mutation	12	5	17	0.29411764705882354	2	1	1	0.7843	1	0.7843	0.7843	False	0.75	2.01
4	2896409	G	A	ADD1	Missense_Mutation	57	5	62	0.08064516129032258	2	1	1	0.2151	1	0.2151	0.2151	False	0.75	2.01
4	3498574	G	A	DOK7	3'Flank	77	5	82	0.06097560975609756	2	1	1	0.1626	1	0.1626	0.1626	False	0.75	2.01
4	4473418	T	C	STX18	Missense_Mutation	19	8	27	0.2962962962962963	2	1	1	0.7901	1	0.7901	0.7901	False	0.75	2.01
4	5567005	C	T	EVC2	Nonsense_Mutation	29	17	46	0.3695652173913043	2	1	1	0.9855	1	0.9855	0.9855	True	0.75	2.01
4	5795409	C	T	EVC	Silent	24	16	40	0.4	2	1	1	1.0667	1	1.0667	1.0	True	0.75	2.01
4	6082001	A	G	JAKMIP1	Silent	26	15	41	0.36585365853658536	2	1	1	0.9756	1	0.9756	0.9756	True	0.75	2.01
4	6606833	A	G	MAN2B2	Missense_Mutation	42	12	54	0.2222222222222222	2	1	1	0.5926	1	0.5926	0.5926	False	0.75	2.01
4	7057880	T	C	TADA2B	3'UTR	28	15	43	0.3488372093023256	2	1	1	0.9302	1	0.9302	0.9302	True	0.75	2.01
4	7967977	C	T	ABLIM2	3'UTR	10	11	21	0.5238095238095238	2	1	1	1.3968	1	1.3968	1.0	True	0.75	2.01
4	8037923	A	G	ABLIM2	Missense_Mutation	65	25	90	0.2777777777777778	2	1	1	0.7407	1	0.7407	0.7407	False	0.75	2.01
4	8297528	C	A	HTRA3	Intron	22	13	35	0.37142857142857144	2	1	1	0.9905	1	0.9905	0.9905	True	0.75	2.01
4	9785421	G	T	DRD5	3'UTR	103	23	126	0.18253968253968253	2	1	1	0.4868	1	0.4868	0.4868	False	0.75	2.01
4	15689146	A	G	FAM200B	Missense_Mutation	31	9	40	0.225	2	1	1	0.6	1	0.6	0.6	False	0.75	2.01
4	17606223	T	C	LAP3	Missense_Mutation	31	28	59	0.4745762711864407	2	1	1	1.2655	1	1.2655	1.0	True	0.75	2.01
4	17635521	T	C	MED28	3'UTR	13	12	25	0.48	2	1	1	1.28	1	1.28	1.0	True	0.75	2.01
4	25019645	G	A	LGI2	Silent	52	20	72	0.2777777777777778	2	1	1	0.7407	1	0.7407	0.7407	False	0.75	2.01
4	27024446	T	C	STIM2	Missense_Mutation	12	11	23	0.4782608695652174	2	1	1	1.2754	1	1.2754	1.0	True	0.75	2.01
4	37445293	T	C	KIAA1239	Silent	23	7	30	0.23333333333333334	2	1	1	0.6222	1	0.6222	0.6222	False	0.75	2.01
4	37863179	T	C	PGM2	Silent	29	28	57	0.49122807017543857	2	1	1	1.3099	1	1.3099	1.0	True	0.75	2.01
4	38029454	C	T	TBC1D1	Missense_Mutation	35	14	49	0.2857142857142857	2	1	1	0.7619	1	0.7619	0.7619	False	0.75	2.01
4	39304200	T	C	RFC1	Missense_Mutation	39	17	56	0.30357142857142855	2	1	1	0.8095	1	0.8095	0.8095	False	0.75	2.01
4	39558129	A	G	SMIM14	Silent	21	14	35	0.4	2	1	1	1.0667	1	1.0667	1.0	True	0.75	2.01
4	44704185	G	A	GNPDA2	3'UTR	33	17	50	0.34	2	1	1	0.9067	1	0.9067	0.9067	True	0.75	2.01
4	46370841	T	A	GABRA2	Intron	17	11	28	0.39285714285714285	2	1	1	1.0476	1	1.0476	1.0	True	0.75	2.01
4	47527575	A	G	ATP10D	Missense_Mutation	26	16	42	0.38095238095238093	2	1	1	1.0159	1	1.0159	1.0	True	0.75	2.01
4	47548724	G	C	ATP10D	Missense_Mutation	23	10	33	0.30303030303030304	2	1	1	0.8081	1	0.8081	0.8081	False	0.75	2.01
4	52890162	G	A	SGCB	Silent	55	28	83	0.3373493975903614	2	1	1	0.8996	1	0.8996	0.8996	True	0.75	2.01
4	55606435	A	G	KIT	3'UTR	47	23	70	0.32857142857142857	2	1	1	0.8762	1	0.8762	0.8762	True	0.75	2.01
4	57181074	G	T	KIAA1211	Missense_Mutation	27	5	32	0.15625	2	1	1	0.4167	1	0.4167	0.4167	False	0.75	2.01
4	57333816	C	T	SRP72	Silent	8	11	19	0.5789473684210527	2	1	1	1.5439	1	1.5439	1.0	True	0.75	2.01
4	57842841	T	C	NOA1	Missense_Mutation	12	8	20	0.4	2	1	1	1.0667	1	1.0667	1.0	True	0.75	2.01
4	62813921	A	G	LPHN3	Missense_Mutation	27	16	43	0.37209302325581395	2	1	1	0.9922	1	0.9922	0.9922	True	0.75	2.01
4	68338285	A	G	CENPC	3'UTR	33	18	51	0.35294117647058826	2	1	1	0.9412	1	0.9412	0.9412	True	0.75	2.01
4	68501214	G	A	UBA6	Missense_Mutation	14	17	31	0.5483870967741935	2	1	1	1.4624	1	1.4624	1.0	True	0.75	2.01
4	71554483	A	T	UTP3	Missense_Mutation	41	21	62	0.3387096774193548	2	1	1	0.9032	1	0.9032	0.9032	True	0.75	2.01
4	71554553	G	T	UTP3	Missense_Mutation	33	23	56	0.4107142857142857	2	1	1	1.0952	1	1.0952	1.0	True	0.75	2.01
4	72897543	A	G	NPFFR2	5'UTR	29	18	47	0.3829787234042553	2	1	1	1.0213	1	1.0213	1.0	True	0.75	2.01
4	73941562	T	C	ANKRD17	3'UTR	19	15	34	0.4411764705882353	2	1	1	1.1765	1	1.1765	1.0	True	0.75	2.01
4	74318148	A	G	AFP	Missense_Mutation	22	10	32	0.3125	2	1	1	0.8333	1	0.8333	0.8333	False	0.75	2.01
4	75023860	C	T	MTHFD2L	Missense_Mutation	16	9	25	0.36	2	1	1	0.96	1	0.96	0.96	True	0.75	2.01
4	75671668	A	G	BTC	3'UTR	24	10	34	0.29411764705882354	2	1	1	0.7843	1	0.7843	0.7843	False	0.75	2.01
4	75959113	G	A	PARM1	Missense_Mutation	35	30	65	0.46153846153846156	2	1	1	1.2308	1	1.2308	1.0	True	0.75	2.01
4	77095328	T	C	SCARB2	Silent	35	20	55	0.36363636363636365	2	1	1	0.9697	1	0.9697	0.9697	True	0.75	2.01
4	79839120	T	C	PAQR3	3'UTR	33	21	54	0.3888888888888889	2	1	1	1.037	1	1.037	1.0	True	0.75	2.01
4	82369436	C	T	RASGEF1B	Silent	42	24	66	0.36363636363636365	2	1	1	0.9697	1	0.9697	0.9697	True	0.75	2.01
4	85696029	A	G	WDFY3	Silent	31	23	54	0.42592592592592593	2	1	1	1.1358	1	1.1358	1.0	True	0.75	2.01
4	88536397	T	C	DSPP	Silent	56	41	97	0.422680412371134	2	1	1	1.1271	1	1.1271	1.0	True	0.75	2.01
4	90034814	A	G	TIGD2	Missense_Mutation	17	6	23	0.2608695652173913	2	1	1	0.6957	1	0.6957	0.6957	False	0.75	2.01
4	94145801	C	T	GRID2	Missense_Mutation	34	16	50	0.32	2	1	1	0.8533	1	0.8533	0.8533	True	0.75	2.01
4	95199766	G	T	SMARCAD1	Splice_Site	38	5	43	0.11627906976744186	2	1	1	0.3101	1	0.3101	0.3101	False	0.75	2.01
4	99339899	A	G	RAP1GDS1	Silent	27	19	46	0.41304347826086957	2	1	1	1.1014	1	1.1014	1.0	True	0.75	2.01
4	100477343	T	C	TRMT10A	Missense_Mutation	59	29	88	0.32954545454545453	2	1	1	0.8788	1	0.8788	0.8788	True	0.75	2.01
4	101945619	T	C	PPP3CA	3'UTR	27	18	45	0.4	2	1	1	1.0667	1	1.0667	1.0	True	0.75	2.01
4	104577501	A	G	TACR3	Silent	20	14	34	0.4117647058823529	2	1	1	1.098	1	1.098	1.0	True	0.75	2.01
4	106155786	A	T	TET2	Silent	25	4	29	0.13793103448275862	2	1	1	0.3678	1	0.3678	0.3678	False	0.75	2.01
4	106156497	T	C	TET2	Silent	22	13	35	0.37142857142857144	2	1	1	0.9905	1	0.9905	0.9905	True	0.75	2.01
4	106162385	A	G	TET2	Intron	21	11	32	0.34375	2	1	1	0.9167	1	0.9167	0.9167	True	0.75	2.01
4	106639096	T	C	GSTCD	Missense_Mutation	25	11	36	0.3055555555555556	2	1	1	0.8148	1	0.8148	0.8148	False	0.75	2.01
4	106892188	T	C	NPNT	3'Flank	16	4	20	0.2	2	1	1	0.5333	1	0.5333	0.5333	False	0.75	2.01
4	106892798	T	C	NPNT	3'Flank	9	12	21	0.5714285714285714	2	1	1	1.5238	1	1.5238	1.0	True	0.75	2.01
4	110223304	A	T	COL25A1	Intron	21	8	29	0.27586206896551724	2	1	1	0.7356	1	0.7356	0.7356	False	0.75	2.01
4	113540785	G	C	C4orf21	Missense_Mutation	27	12	39	0.3076923076923077	2	1	1	0.8205	1	0.8205	0.8205	False	0.75	2.01
4	114275231	G	A	ANK2	Silent	12	13	25	0.52	2	1	1	1.3867	1	1.3867	1.0	True	0.75	2.01
4	114302736	C	T	ANK2	3'UTR	22	11	33	0.3333333333333333	2	1	1	0.8889	1	0.8889	0.8889	True	0.75	2.01
4	119239693	C	T	PRSS12	Nonsense_Mutation	21	9	30	0.3	2	1	1	0.8	1	0.8	0.8	False	0.75	2.01
4	119951066	T	C	SYNPO2	Missense_Mutation	48	24	72	0.3333333333333333	2	1	1	0.8889	1	0.8889	0.8889	True	0.75	2.01
4	121742337	G	A	PRDM5	Missense_Mutation	57	5	62	0.08064516129032258	2	1	1	0.2151	1	0.2151	0.2151	False	0.75	2.01
4	122734520	A	G	EXOSC9	Missense_Mutation	21	14	35	0.4	2	1	1	1.0667	1	1.0667	1.0	True	0.75	2.01
4	123536982	T	C	IL21	Missense_Mutation	21	7	28	0.25	2	1	1	0.6667	1	0.6667	0.6667	False	0.75	2.01
4	123814294	T	C	NUDT6	Missense_Mutation	14	7	21	0.3333333333333333	2	1	1	0.8889	1	0.8889	0.8889	True	0.75	2.01
4	123814433	G	A	FGF2	3'UTR	12	3	15	0.2	2	1	1	0.5333	1	0.5333	0.5333	False	0.75	2.01
4	123855756	T	C	SPATA5	Missense_Mutation	10	9	19	0.47368421052631576	2	1	1	1.2632	1	1.2632	1.0	True	0.75	2.01
4	126241631	T	C	FAT4	Silent	24	16	40	0.4	2	1	1	1.0667	1	1.0667	1.0	True	0.75	2.01
4	126370923	T	C	FAT4	Missense_Mutation	8	6	14	0.42857142857142855	2	1	1	1.1429	1	1.1429	1.0	True	0.75	2.01
4	126412772	A	G	FAT4	Missense_Mutation	25	14	39	0.358974358974359	2	1	1	0.9573	1	0.9573	0.9573	True	0.75	2.01
4	128628064	A	G	INTU	Silent	67	34	101	0.33663366336633666	2	1	1	0.8977	1	0.8977	0.8977	True	0.75	2.01
4	130014835	C	T	C4orf33	5'UTR	31	19	50	0.38	2	1	1	1.0133	1	1.0133	1.0	True	0.75	2.01
4	139157552	A	T	SLC7A11	Missense_Mutation	18	18	36	0.5	2	1	1	1.3333	1	1.3333	1.0	True	0.75	2.01
4	139966062	C	T	CCRN4L	Nonsense_Mutation	24	10	34	0.29411764705882354	2	1	1	0.7843	1	0.7843	0.7843	False	0.75	2.01
4	140640343	T	C	MAML3	3'UTR	26	10	36	0.2777777777777778	2	1	1	0.7407	1	0.7407	0.7407	False	0.75	2.01
4	141484545	T	C	UCP1	Silent	57	26	83	0.3132530120481928	2	1	1	0.8353	1	0.8353	0.8353	False	0.75	2.01
4	146049152	C	T	ABCE1	3'UTR	10	8	18	0.4444444444444444	2	1	1	1.1852	1	1.1852	1.0	True	0.75	2.01
4	146686735	G	A	ZNF827	Nonsense_Mutation	45	31	76	0.40789473684210525	2	1	1	1.0877	1	1.0877	1.0	True	0.75	2.01
4	146807207	T	C	ZNF827	Missense_Mutation	89	29	118	0.2457627118644068	2	1	1	0.6554	1	0.6554	0.6554	False	0.75	2.01
4	147110896	T	A	LSM6	3'UTR	52	5	57	0.08771929824561403	2	1	1	0.2339	1	0.2339	0.2339	False	0.75	2.01
4	151247031	C	T	LRBA	Missense_Mutation	14	4	18	0.2222222222222222	2	1	1	0.5926	1	0.5926	0.5926	False	0.75	2.01
4	151392864	C	T	LRBA	Silent	13	4	17	0.23529411764705882	2	1	1	0.6275	1	0.6275	0.6275	False	0.75	2.01
4	151504243	A	G	MAB21L2	Missense_Mutation	19	10	29	0.3448275862068966	2	1	1	0.9195	1	0.9195	0.9195	True	0.75	2.01
4	152100536	A	G	SH3D19	5'UTR	44	24	68	0.35294117647058826	2	1	1	0.9412	1	0.9412	0.9412	True	0.75	2.01
4	155254556	C	T	DCHS2	Missense_Mutation	8	7	15	0.4666666666666667	2	1	1	1.2444	1	1.2444	1.0	True	0.75	2.01
4	155719381	A	G	RBM46	Silent	17	15	32	0.46875	2	1	1	1.25	1	1.25	1.0	True	0.75	2.01
4	156710914	C	T	GUCY1B3	Missense_Mutation	23	10	33	0.30303030303030304	2	1	1	0.8081	1	0.8081	0.8081	False	0.75	2.01
4	159567941	A	G	RXFP1	Splice_Site	38	18	56	0.32142857142857145	2	1	1	0.8571	1	0.8571	0.8571	True	0.75	2.01
4	159881489	T	G	C4orf45	Missense_Mutation	17	14	31	0.45161290322580644	2	1	1	1.2043	1	1.2043	1.0	True	0.75	2.01
4	160277087	G	A	RAPGEF2	Silent	16	8	24	0.3333333333333333	2	1	1	0.8889	1	0.8889	0.8889	True	0.75	2.01
4	166964495	G	A	TLL1	Missense_Mutation	33	16	49	0.32653061224489793	2	1	1	0.8707	1	0.8707	0.8707	True	0.75	2.01
4	166999079	G	A	TLL1	Missense_Mutation	24	16	40	0.4	2	1	1	1.0667	1	1.0667	1.0	True	0.75	2.01
4	169798935	C	T	PALLD	Intron	14	13	27	0.48148148148148145	2	1	1	1.284	1	1.284	1.0	True	0.75	2.01
4	174298400	C	A	SAP30	Missense_Mutation	39	21	60	0.35	2	1	1	0.9333	1	0.9333	0.9333	True	0.75	2.01
4	175897792	T	C	ADAM29	Silent	30	13	43	0.3023255813953488	2	1	1	0.8062	1	0.8062	0.8062	False	0.75	2.01
4	177046381	A	G	WDR17	Missense_Mutation	36	19	55	0.34545454545454546	2	1	1	0.9212	1	0.9212	0.9212	True	0.75	2.01
4	183064394	C	T	AC108142.1	RNA	30	9	39	0.23076923076923078	2	1	1	0.6154	1	0.6154	0.6154	False	0.75	2.01
4	183720758	G	A	TENM3	Missense_Mutation	22	12	34	0.35294117647058826	2	1	1	0.9412	1	0.9412	0.9412	True	0.75	2.01
4	184239649	A	T	CLDN22	3'UTR	25	11	36	0.3055555555555556	2	1	1	0.8148	1	0.8148	0.8148	False	0.75	2.01
4	184618885	C	T	TRAPPC11	Silent	30	16	46	0.34782608695652173	2	1	1	0.9275	1	0.9275	0.9275	True	0.75	2.01
4	184634596	T	C	TRAPPC11	3'UTR	17	12	29	0.41379310344827586	2	1	1	1.1034	1	1.1034	1.0	True	0.75	2.01
4	185329320	T	A	IRF2	Missense_Mutation	22	6	28	0.21428571428571427	2	1	1	0.5714	1	0.5714	0.5714	False	0.75	2.01
4	186274694	G	T	SNX25	Missense_Mutation	50	42	92	0.45652173913043476	2	1	1	1.2174	1	1.2174	1.0	True	0.75	2.01
4	186696487	T	C	SORBS2	5'UTR	33	5	38	0.13157894736842105	2	1	1	0.3509	1	0.3509	0.3509	False	0.75	2.01
4	187509949	C	A	FAT1	Missense_Mutation	35	20	55	0.36363636363636365	2	1	1	0.9697	1	0.9697	0.9697	True	0.75	2.01
5	1037776	C	T	NKD2	Intron	54	26	80	0.325	2	1	1	0.8667	1	0.8667	0.8667	True	0.75	2.01
5	6751165	C	T	PAPD7	Missense_Mutation	45	34	79	0.43037974683544306	2	1	1	1.1477	1	1.1477	1.0	True	0.75	2.01
5	11082943	G	A	CTNND2	Nonsense_Mutation	15	12	27	0.4444444444444444	2	1	1	1.1852	1	1.1852	1.0	True	0.75	2.01
5	14316708	C	T	TRIO	Silent	23	11	34	0.3235294117647059	2	1	1	0.8627	1	0.8627	0.8627	True	0.75	2.01
5	26885845	C	T	CDH9	Missense_Mutation	36	28	64	0.4375	2	1	1	1.1667	1	1.1667	1.0	True	0.75	2.01
5	33936704	T	C	RXFP3	5'UTR	14	6	20	0.3	2	1	1	0.8	1	0.8	0.8	False	0.75	2.01
5	33944805	A	G	SLC45A2	Missense_Mutation	19	7	26	0.2692307692307692	2	1	1	0.7179	1	0.7179	0.7179	False	0.75	2.01
5	33984375	T	C	SLC45A2	Missense_Mutation	32	14	46	0.30434782608695654	2	1	1	0.8116	1	0.8116	0.8116	False	0.75	2.01
5	36142602	A	G	LMBRD2	Splice_Site	32	21	53	0.39622641509433965	2	1	1	1.0566	1	1.0566	1.0	True	0.75	2.01
5	37206407	A	G	C5orf42	Missense_Mutation	18	16	34	0.47058823529411764	2	1	1	1.2549	1	1.2549	1.0	True	0.75	2.01
5	39341745	C	T	C9	Missense_Mutation	61	27	88	0.3068181818181818	2	1	1	0.8182	1	0.8182	0.8182	False	0.75	2.01
5	43291253	T	C	HMGCS1	Missense_Mutation	27	9	36	0.25	2	1	1	0.6667	1	0.6667	0.6667	False	0.75	2.01
5	50687221	A	G	ISL1	Silent	24	16	40	0.4	2	1	1	1.0667	1	1.0667	1.0	True	0.75	2.01
5	52216258	T	C	ITGA1	Missense_Mutation	15	4	19	0.21052631578947367	2	1	1	0.5614	1	0.5614	0.5614	False	0.75	2.01
5	53815337	A	G	SNX18	Missense_Mutation	38	9	47	0.19148936170212766	2	1	1	0.5106	1	0.5106	0.5106	False	0.75	2.01
5	56216028	T	C	MIER3	3'UTR	17	3	20	0.15	2	1	1	0.4	1	0.4	0.4	False	0.75	2.01
5	60368953	A	G	NDUFAF2	Silent	39	26	65	0.4	2	1	1	1.0667	1	1.0667	1.0	True	0.75	2.01
5	64096152	A	G	CWC27	Silent	61	24	85	0.2823529411764706	2	1	1	0.7529	1	0.7529	0.7529	False	0.75	2.01
5	68660803	G	A	TAF9	Silent	29	16	45	0.35555555555555557	2	1	1	0.9481	1	0.9481	0.9481	True	0.75	2.01
5	68805557	G	A	OCLN	Missense_Mutation	26	14	40	0.35	2	1	1	0.9333	1	0.9333	0.9333	True	0.75	2.01
5	79729996	T	C	ZFYVE16	Silent	27	9	36	0.25	2	1	1	0.6667	1	0.6667	0.6667	False	0.75	2.01
5	86513958	G	A	AC008394.1	Missense_Mutation	11	7	18	0.3888888888888889	2	1	1	1.037	1	1.037	1.0	True	0.75	2.01
5	88016983	T	C	MEF2C	3'UTR	21	7	28	0.25	2	1	1	0.6667	1	0.6667	0.6667	False	0.75	2.01
5	89813725	G	T	LYSMD3	3'UTR	27	7	34	0.20588235294117646	2	1	1	0.549	1	0.549	0.549	False	0.75	2.01
5	92924095	A	G	NR2F1	Silent	39	9	48	0.1875	2	1	1	0.5	1	0.5	0.5	False	0.75	2.01
5	95018559	G	A	SPATA9	5'UTR	45	23	68	0.3382352941176471	2	1	1	0.902	1	0.902	0.902	True	0.75	2.01
5	96093194	T	C	CAST	Missense_Mutation	99	5	104	0.04807692307692308	2	1	1	0.1282	1	0.1282	0.1282	False	0.75	2.01
5	109159454	A	G	MAN2A1	Missense_Mutation	23	16	39	0.41025641025641024	2	1	1	1.094	1	1.094	1.0	True	0.75	2.01
5	112174482	A	T	APC	Missense_Mutation	5	4	9	0.4444444444444444	2	1	1	1.1852	1	1.1852	1.0	True	0.75	2.01
5	114462484	A	G	TRIM36	Silent	11	9	20	0.45	2	1	1	1.2	1	1.2	1.0	True	0.75	2.01
5	114469572	T	C	TRIM36	Missense_Mutation	35	28	63	0.4444444444444444	2	1	1	1.1852	1	1.1852	1.0	True	0.75	2.01
5	115813762	A	G	SEMA6A	Missense_Mutation	38	4	42	0.09523809523809523	2	1	1	0.254	1	0.254	0.254	False	0.75	2.01
5	115909981	G	A	SEMA6A	5'UTR	28	23	51	0.45098039215686275	2	1	1	1.2026	1	1.2026	1.0	True	0.75	2.01
5	122506495	A	T	PRDM6	Nonsense_Mutation	27	19	46	0.41304347826086957	2	1	1	1.1014	1	1.1014	1.0	True	0.75	2.01
5	123984362	T	C	ZNF608	Missense_Mutation	50	24	74	0.32432432432432434	2	1	1	0.8649	1	0.8649	0.8649	True	0.75	2.01
5	125939484	C	T	PHAX	Missense_Mutation	25	17	42	0.40476190476190477	2	1	1	1.0794	1	1.0794	1.0	True	0.75	2.01
5	126732307	G	C	MEGF10	Missense_Mutation	54	37	91	0.4065934065934066	2	1	1	1.0842	1	1.0842	1.0	True	0.75	2.01
5	127627311	G	A	FBN2	Missense_Mutation	15	9	24	0.375	2	1	1	1.0	1	1.0	1.0	True	0.75	2.01
5	127704931	G	A	FBN2	Missense_Mutation	35	10	45	0.2222222222222222	2	1	1	0.5926	1	0.5926	0.5926	False	0.75	2.01
5	128957927	G	A	ADAMTS19	Silent	58	29	87	0.3333333333333333	2	1	1	0.8889	1	0.8889	0.8889	True	0.75	2.01
5	132535167	T	C	FSTL4	Missense_Mutation	45	18	63	0.2857142857142857	2	1	1	0.7619	1	0.7619	0.7619	False	0.75	2.01
5	133726194	G	T	UBE2B	3'UTR	15	20	35	0.5714285714285714	2	1	1	1.5238	1	1.5238	1.0	True	0.75	2.01
5	134044432	A	C	SEC24A	Missense_Mutation	64	31	95	0.3263157894736842	2	1	1	0.8702	1	0.8702	0.8702	True	0.75	2.01
5	134062851	T	C	SEC24A	3'UTR	32	7	39	0.1794871794871795	2	1	1	0.4786	1	0.4786	0.4786	False	0.75	2.01
5	134679110	C	A	H2AFY	Missense_Mutation	48	31	79	0.3924050632911392	2	1	1	1.0464	1	1.0464	1.0	True	0.75	2.01
5	134696283	T	G	H2AFY	Missense_Mutation	49	28	77	0.36363636363636365	2	1	1	0.9697	1	0.9697	0.9697	True	0.75	2.01
5	137728995	A	G	KDM3B	Missense_Mutation	20	12	32	0.375	2	1	1	1.0	1	1.0	1.0	True	0.75	2.01
5	137735600	T	C	KDM3B	Missense_Mutation	57	31	88	0.3522727272727273	2	1	1	0.9394	1	0.9394	0.9394	True	0.75	2.01
5	137841959	A	G	ETF1	3'UTR	21	8	29	0.27586206896551724	2	1	1	0.7356	1	0.7356	0.7356	False	0.75	2.01
5	137846860	T	C	ETF1	Missense_Mutation	19	6	25	0.24	2	1	1	0.64	1	0.64	0.64	False	0.75	2.01
5	139947006	C	A	SLC35A4	Silent	28	17	45	0.37777777777777777	2	1	1	1.0074	1	1.0074	1.0	True	0.75	2.01
5	140167773	C	T	PCDHA1	Missense_Mutation	114	67	181	0.3701657458563536	2	1	1	0.9871	1	0.9871	0.9871	True	0.75	2.01
5	140176721	G	A	PCDHA2	Silent	56	33	89	0.3707865168539326	2	1	1	0.9888	1	0.9888	0.9888	True	0.75	2.01
5	140183030	T	C	PCDHA3	Missense_Mutation	62	4	66	0.06060606060606061	2	1	1	0.1616	1	0.1616	0.1616	False	0.75	2.01
5	140188234	G	A	PCDHA4	Missense_Mutation	141	88	229	0.38427947598253276	2	1	1	1.0247	1	1.0247	1.0	True	0.75	2.01
5	140203285	C	A	PCDHA5	Missense_Mutation	89	46	135	0.34074074074074073	2	1	1	0.9086	1	0.9086	0.9086	True	0.75	2.01
5	140221364	C	T	PCDHA8	Missense_Mutation	35	20	55	0.36363636363636365	2	1	1	0.9697	1	0.9697	0.9697	True	0.75	2.01
5	140263516	G	A	PCDHA13	Missense_Mutation	119	7	126	0.05555555555555555	2	1	1	0.1481	1	0.1481	0.1481	False	0.75	2.01
5	140346492	T	C	PCDHAC2	Silent	8	4	12	0.3333333333333333	2	1	1	0.8889	1	0.8889	0.8889	True	0.75	2.01
5	140482645	A	C	PCDHB3	3'UTR	31	14	45	0.3111111111111111	2	1	1	0.8296	1	0.8296	0.8296	False	0.75	2.01
5	140503542	C	A	PCDHB4	Silent	143	12	155	0.07741935483870968	2	1	1	0.2065	1	0.2065	0.2065	False	0.75	2.01
5	140580724	C	T	PCDHB11	Silent	91	67	158	0.4240506329113924	2	1	1	1.1308	1	1.1308	1.0	True	0.75	2.01
5	140594315	C	T	PCDHB13	Missense_Mutation	55	29	84	0.34523809523809523	2	1	1	0.9206	1	0.9206	0.9206	True	0.75	2.01
5	140594435	T	C	PCDHB13	Missense_Mutation	65	35	100	0.35	2	1	1	0.9333	1	0.9333	0.9333	True	0.75	2.01
5	140596030	C	A	PCDHB13	Missense_Mutation	61	42	103	0.4077669902912621	2	1	1	1.0874	1	1.0874	1.0	True	0.75	2.01
5	140719048	C	T	PCDHGA2	Silent	43	12	55	0.21818181818181817	2	1	1	0.5818	1	0.5818	0.5818	False	0.75	2.01
5	140763082	C	T	PCDHGA7	Missense_Mutation	25	18	43	0.4186046511627907	2	1	1	1.1163	1	1.1163	1.0	True	0.75	2.01
5	140767901	A	G	PCDHGB4	Silent	29	24	53	0.4528301886792453	2	1	1	1.2075	1	1.2075	1.0	True	0.75	2.01
5	140802216	A	G	PCDHGA11	Silent	30	26	56	0.4642857142857143	2	1	1	1.2381	1	1.2381	1.0	True	0.75	2.01
5	140802707	C	T	PCDHGA11	Missense_Mutation	52	47	99	0.47474747474747475	2	1	1	1.266	1	1.266	1.0	True	0.75	2.01
5	141014379	A	G	HDAC3	Missense_Mutation	39	20	59	0.3389830508474576	2	1	1	0.904	1	0.904	0.904	True	0.75	2.01
5	145508326	A	G	LARS	Missense_Mutation	63	39	102	0.38235294117647056	2	1	1	1.0196	1	1.0196	1.0	True	0.75	2.01
5	145836751	A	G	TCERG1	Silent	15	8	23	0.34782608695652173	2	1	1	0.9275	1	0.9275	0.9275	True	0.75	2.01
5	146017824	C	T	PPP2R2B	Silent	59	22	81	0.2716049382716049	2	1	1	0.7243	1	0.7243	0.7243	False	0.75	2.01
5	147807488	T	C	FBXO38	Intron	21	7	28	0.25	2	1	1	0.6667	1	0.6667	0.6667	False	0.75	2.01
5	149240299	G	T	PDE6A	3'UTR	14	9	23	0.391304347826087	2	1	1	1.0435	1	1.0435	1.0	True	0.75	2.01
5	149501454	T	C	PDGFRB	Missense_Mutation	57	25	82	0.3048780487804878	2	1	1	0.813	1	0.813	0.813	False	0.75	2.01
5	149563181	A	G	CDX1	Missense_Mutation	38	20	58	0.3448275862068966	2	1	1	0.9195	1	0.9195	0.9195	True	0.75	2.01
5	149599217	A	G	CAMK2A	3'Flank	14	5	19	0.2631578947368421	2	1	1	0.7018	1	0.7018	0.7018	False	0.75	2.01
5	150444655	A	G	TNIP1	Translation_Start_Site	41	17	58	0.29310344827586204	2	1	1	0.7816	1	0.7816	0.7816	False	0.75	2.01
5	150900998	C	T	FAT2	Missense_Mutation	48	26	74	0.35135135135135137	2	1	1	0.9369	1	0.9369	0.9369	True	0.75	2.01
5	150922541	A	G	FAT2	Missense_Mutation	25	21	46	0.45652173913043476	2	1	1	1.2174	1	1.2174	1.0	True	0.75	2.01
5	150923742	A	G	FAT2	Missense_Mutation	13	15	28	0.5357142857142857	2	1	1	1.4286	1	1.4286	1.0	True	0.75	2.01
5	160717051	A	G	GABRB2	3'UTR	18	8	26	0.3076923076923077	2	1	1	0.8205	1	0.8205	0.8205	False	0.75	2.01
5	160886831	T	C	GABRB2	Missense_Mutation	19	19	38	0.5	2	1	1	1.3333	1	1.3333	1.0	True	0.75	2.01
5	161582401	A	G	GABRG2	3'UTR	13	10	23	0.43478260869565216	2	1	1	1.1594	1	1.1594	1.0	True	0.75	2.01
5	162939114	G	A	MAT2B	Missense_Mutation	20	12	32	0.375	2	1	1	1.0	1	1.0	1.0	True	0.75	2.01
5	167653103	G	A	TENM2	Missense_Mutation	17	15	32	0.46875	2	1	1	1.25	1	1.25	1.0	True	0.75	2.01
5	168112841	C	T	SLIT3	Missense_Mutation	33	17	50	0.34	2	1	1	0.9067	1	0.9067	0.9067	True	0.75	2.01
5	169098145	G	T	DOCK2	Missense_Mutation	53	21	74	0.28378378378378377	2	1	1	0.7568	1	0.7568	0.7568	False	0.75	2.01
5	170395357	T	C	RANBP17	Silent	38	20	58	0.3448275862068966	2	1	1	0.9195	1	0.9195	0.9195	True	0.75	2.01
5	171777528	G	A	SH3PXD2B	Missense_Mutation	23	8	31	0.25806451612903225	2	1	1	0.6882	1	0.6882	0.6882	False	0.75	2.01
5	175936740	A	G	FAF2	3'UTR	13	10	23	0.43478260869565216	2	1	1	1.1594	1	1.1594	1.0	True	0.75	2.01
5	175955174	A	G	RNF44	3'UTR	3	5	8	0.625	2	1	1	1.6667	1	1.6667	1.0	True	0.75	2.01
5	176008548	C	A	CDHR2	Missense_Mutation	40	29	69	0.42028985507246375	2	1	1	1.1208	1	1.1208	1.0	True	0.75	2.01
5	176026058	T	C	GPRIN1	Missense_Mutation	56	34	90	0.37777777777777777	2	1	1	1.0074	1	1.0074	1.0	True	0.75	2.01
5	176083954	A	G	TSPAN17	Missense_Mutation	9	14	23	0.6086956521739131	2	1	1	1.6232	1	1.6232	1.0	True	0.75	2.01
5	176306424	C	T	UNC5A	Silent	21	3	24	0.125	2	1	1	0.3333	1	0.3333	0.3333	False	0.75	2.01
5	176307695	T	C	UNC5A	3'UTR	61	40	101	0.39603960396039606	2	1	1	1.0561	1	1.0561	1.0	True	0.75	2.01
5	176929927	G	A	DOK3	3'Flank	29	11	40	0.275	2	1	1	0.7333	1	0.7333	0.7333	False	0.75	2.01
5	176935369	G	A	DOK3	Silent	12	8	20	0.4	2	1	1	1.0667	1	1.0667	1.0	True	0.75	2.01
5	178030255	T	C	CLK4	3'UTR	22	14	36	0.3888888888888889	2	1	1	1.037	1	1.037	1.0	True	0.75	2.01
5	178359743	T	C	ZFP2	3'UTR	11	7	18	0.3888888888888889	2	1	1	1.037	1	1.037	1.0	True	0.75	2.01
5	178699936	C	T	ADAMTS2	Missense_Mutation	71	29	100	0.29	2	1	1	0.7733	1	0.7733	0.7733	False	0.75	2.01
5	179382636	A	T	RNF130	3'UTR	40	11	51	0.21568627450980393	2	1	1	0.5752	1	0.5752	0.5752	False	0.75	2.01
5	180036955	T	C	FLT4	Missense_Mutation	58	5	63	0.07936507936507936	2	1	1	0.2116	1	0.2116	0.2116	False	0.75	2.01
5	180219091	C	T	MGAT1	Missense_Mutation	30	17	47	0.3617021276595745	2	1	1	0.9645	1	0.9645	0.9645	True	0.75	2.01
5	180277976	G	T	ZFP62	Missense_Mutation	30	14	44	0.3181818181818182	2	1	1	0.8485	1	0.8485	0.8485	False	0.75	2.01
6	3111053	T	C	RIPK1	Silent	35	15	50	0.3	2	1	1	0.8	1	0.8	0.8	False	0.75	2.01
6	3111119	T	C	RIPK1	Silent	32	17	49	0.3469387755102041	2	1	1	0.9252	1	0.9252	0.9252	True	0.75	2.01
6	4060925	A	G	PRPF4B	3'UTR	37	24	61	0.39344262295081966	2	1	1	1.0492	1	1.0492	1.0	True	0.75	2.01
6	4069627	T	C	FAM217A	Missense_Mutation	29	22	51	0.43137254901960786	2	1	1	1.1503	1	1.1503	1.0	True	0.75	2.01
6	4611262	T	A	RP4-529N6.1	RNA	31	8	39	0.20512820512820512	2	1	1	0.547	1	0.547	0.547	False	0.75	2.01
6	8102809	A	G	EEF1E1	5'UTR	29	17	46	0.3695652173913043	2	1	1	0.9855	1	0.9855	0.9855	True	0.75	2.01
6	10410284	C	T	TFAP2A	Silent	85	41	126	0.3253968253968254	2	1	1	0.8677	1	0.8677	0.8677	True	0.75	2.01
6	16302072	G	A	ATXN1	3'UTR	27	11	38	0.2894736842105263	2	1	1	0.7719	1	0.7719	0.7719	False	0.75	2.01
6	20492391	A	C	E2F3	3'UTR	20	3	23	0.13043478260869565	2	1	1	0.3478	1	0.3478	0.3478	False	0.75	2.01
6	25108878	A	G	CMAHP	RNA	20	7	27	0.25925925925925924	2	1	1	0.6914	1	0.6914	0.6914	False	0.75	2.01
6	26369125	G	A	BTN3A2	Missense_Mutation	7	9	16	0.5625	2	1	1	1.5	1	1.5	1.0	True	0.75	2.01
6	28543865	T	C	SCAND3	Missense_Mutation	32	17	49	0.3469387755102041	2	1	1	0.9252	1	0.9252	0.9252	True	0.75	2.01
6	28872286	G	A	TRIM27	Missense_Mutation	36	34	70	0.4857142857142857	2	1	1	1.2952	1	1.2952	1.0	True	0.75	2.01
6	29555810	T	A	OR2H2	Missense_Mutation	64	32	96	0.3333333333333333	2	1	1	0.8889	1	0.8889	0.8889	True	0.75	2.01
6	30611260	G	A	ATAT1	Intron	97	65	162	0.4012345679012346	2	1	1	1.07	1	1.07	1.0	True	0.75	2.01
6	30955422	G	A	MUC21	Silent	68	35	103	0.33980582524271846	2	1	1	0.9061	1	0.9061	0.9061	True	0.75	2.01
6	31431631	C	T	HCP5	RNA	32	14	46	0.30434782608695654	2	1	1	0.8116	1	0.8116	0.8116	False	0.75	2.01
6	31591596	C	T	PRRC2A	Missense_Mutation	61	4	65	0.06153846153846154	2	1	1	0.1641	1	0.1641	0.1641	False	0.75	2.01
6	31604055	G	T	PRRC2A	Missense_Mutation	18	11	29	0.3793103448275862	2	1	1	1.0115	1	1.0115	1.0	True	0.75	2.01
6	31683290	C	T	LY6G6F	3'Flank	46	29	75	0.38666666666666666	2	1	1	1.0311	1	1.0311	1.0	True	0.75	2.01
6	32064824	C	T	TNXB	Missense_Mutation	61	32	93	0.34408602150537637	2	1	1	0.9176	1	0.9176	0.9176	True	0.75	2.01
6	32089084	C	T	ATF6B	Missense_Mutation	22	15	37	0.40540540540540543	2	1	1	1.0811	1	1.0811	1.0	True	0.75	2.01
6	32166210	T	C	NOTCH4	Missense_Mutation	30	21	51	0.4117647058823529	2	1	1	1.098	1	1.098	1.0	True	0.75	2.01
6	32712947	G	A	HLA-DQA2	Missense_Mutation	49	29	78	0.3717948717948718	2	1	1	0.9915	1	0.9915	0.9915	True	0.75	2.01
6	32974488	G	T	HLA-DOA	3'UTR	13	12	25	0.48	2	1	1	1.28	1	1.28	1.0	True	0.75	2.01
6	33245695	A	G	B3GALT4	Missense_Mutation	18	12	30	0.4	2	1	1	1.0667	1	1.0667	1.0	True	0.75	2.01
6	33647873	T	C	ITPR3	Missense_Mutation	20	16	36	0.4444444444444444	2	1	1	1.1852	1	1.1852	1.0	True	0.75	2.01
6	35096912	T	C	TCP11	Missense_Mutation	68	44	112	0.39285714285714285	2	1	1	1.0476	1	1.0476	1.0	True	0.75	2.01
6	35277554	C	T	DEF6	Silent	46	24	70	0.34285714285714286	2	1	1	0.9143	1	0.9143	0.9143	True	0.75	2.01
6	35287782	C	T	DEF6	Silent	34	16	50	0.32	2	1	1	0.8533	1	0.8533	0.8533	True	0.75	2.01
6	35782455	C	T	LHFPL5	Missense_Mutation	65	33	98	0.336734693877551	2	1	1	0.898	1	0.898	0.898	True	0.75	2.01
6	36339127	G	A	ETV7	Missense_Mutation	35	21	56	0.375	2	1	1	1.0	1	1.0	1.0	True	0.75	2.01
6	36936398	C	T	MTCH1	3'UTR	20	10	30	0.3333333333333333	2	1	1	0.8889	1	0.8889	0.8889	True	0.75	2.01
6	37664644	G	A	MDGA1	5'UTR	15	14	29	0.4827586206896552	2	1	1	1.2874	1	1.2874	1.0	True	0.75	2.01
6	39832768	T	C	DAAM2	Missense_Mutation	19	12	31	0.3870967741935484	2	1	1	1.0323	1	1.0323	1.0	True	0.75	2.01
6	39869088	C	T	DAAM2	Missense_Mutation	25	22	47	0.46808510638297873	2	1	1	1.2482	1	1.2482	1.0	True	0.75	2.01
6	40360426	G	A	LRFN2	Silent	47	30	77	0.38961038961038963	2	1	1	1.039	1	1.039	1.0	True	0.75	2.01
6	42858180	A	G	C6orf226	3'UTR	34	19	53	0.3584905660377358	2	1	1	0.956	1	0.956	0.956	True	0.75	2.01
6	43271817	G	T	SLC22A7	Missense_Mutation	44	26	70	0.37142857142857144	2	1	1	0.9905	1	0.9905	0.9905	True	0.75	2.01
6	44218289	T	C	HSP90AB1	Missense_Mutation	45	22	67	0.3283582089552239	2	1	1	0.8756	1	0.8756	0.8756	True	0.75	2.01
6	46657531	A	T	TDRD6	Missense_Mutation	77	45	122	0.36885245901639346	2	1	1	0.9836	1	0.9836	0.9836	True	0.75	2.01
6	47626755	C	A	GPR111	Missense_Mutation	19	5	24	0.20833333333333334	2	1	1	0.5556	1	0.5556	0.5556	False	0.75	2.01
6	53989300	T	C	MLIP	Silent	34	12	46	0.2608695652173913	2	1	1	0.6957	1	0.6957	0.6957	False	0.75	2.01
6	56399995	A	G	DST	Silent	24	20	44	0.45454545454545453	2	1	1	1.2121	1	1.2121	1.0	True	0.75	2.01
6	70990518	A	G	COL9A1	Silent	44	25	69	0.36231884057971014	2	1	1	0.9662	1	0.9662	0.9662	True	0.75	2.01
6	73110843	T	C	RIMS1	3'Flank	287	10	297	0.03367003367003367	2	1	1	0.0898	1	0.0898	0.0898	False	0.75	2.01
6	74475660	T	C	CD109	Missense_Mutation	15	5	20	0.25	2	1	1	0.6667	1	0.6667	0.6667	False	0.75	2.01
6	78172208	T	C	HTR1B	Missense_Mutation	29	16	45	0.35555555555555557	2	1	1	0.9481	1	0.9481	0.9481	True	0.75	2.01
6	84936108	C	T	KIAA1009	Missense_Mutation	7	4	11	0.36363636363636365	2	1	1	0.9697	1	0.9697	0.9697	True	0.75	2.01
6	85472453	G	A	TBX18	Silent	29	16	45	0.35555555555555557	2	1	1	0.9481	1	0.9481	0.9481	True	0.75	2.01
6	87969612	A	G	ZNF292	Missense_Mutation	11	10	21	0.47619047619047616	2	1	1	1.2698	1	1.2698	1.0	True	0.75	2.01
6	90660443	G	A	BACH2	Missense_Mutation	46	32	78	0.41025641025641024	2	1	1	1.094	1	1.094	1.0	True	0.75	2.01
6	109484135	A	G	CEP57L1	Missense_Mutation	15	8	23	0.34782608695652173	2	1	1	0.9275	1	0.9275	0.9275	True	0.75	2.01
6	109796672	C	T	ZBTB24	Silent	22	12	34	0.35294117647058826	2	1	1	0.9412	1	0.9412	0.9412	True	0.75	2.01
6	111493921	G	T	SLC16A10	Missense_Mutation	31	22	53	0.41509433962264153	2	1	1	1.1069	1	1.1069	1.0	True	0.75	2.01
6	112382235	A	G	WISP3	Silent	42	24	66	0.36363636363636365	2	1	1	0.9697	1	0.9697	0.9697	True	0.75	2.01
6	114238112	A	G	RP11-544L8__B.4	RNA	7	3	10	0.3	2	1	1	0.8	1	0.8	0.8	False	0.75	2.01
6	116440431	A	G	COL10A1	3'UTR	16	12	28	0.42857142857142855	2	1	1	1.1429	1	1.1429	1.0	True	0.75	2.01
6	116573297	A	G	TSPYL4	3'UTR	46	27	73	0.3698630136986301	2	1	1	0.9863	1	0.9863	0.9863	True	0.75	2.01
6	116598383	C	T	TSPYL1	3'UTR	29	15	44	0.3409090909090909	2	1	1	0.9091	1	0.9091	0.9091	True	0.75	2.01
6	117593670	G	T	VGLL2	3'UTR	58	45	103	0.4368932038834951	2	1	1	1.165	1	1.165	1.0	True	0.75	2.01
6	118030919	A	G	NUS1	3'UTR	27	10	37	0.2702702702702703	2	1	1	0.7207	1	0.7207	0.7207	False	0.75	2.01
6	127652076	T	C	ECHDC1	Missense_Mutation	34	3	37	0.08108108108108109	2	1	1	0.2162	1	0.2162	0.2162	False	0.75	2.01
6	129955230	C	T	ARHGAP18	Silent	52	21	73	0.2876712328767123	2	1	1	0.7671	1	0.7671	0.7671	False	0.75	2.01
6	131199365	A	G	EPB41L2	Missense_Mutation	52	49	101	0.48514851485148514	2	1	1	1.2937	1	1.2937	1.0	True	0.75	2.01
6	132021829	C	T	OR2A4	Missense_Mutation	37	13	50	0.26	2	1	1	0.6933	1	0.6933	0.6933	False	0.75	2.01
6	132909837	C	T	TAAR5	Missense_Mutation	17	16	33	0.48484848484848486	2	1	1	1.2929	1	1.2929	1.0	True	0.75	2.01
6	132938853	T	C	TAAR2	Silent	3	5	8	0.625	2	1	1	1.6667	1	1.6667	1.0	True	0.75	2.01
6	134490479	T	C	SGK1	3'UTR	38	22	60	0.36666666666666664	2	1	1	0.9778	1	0.9778	0.9778	True	0.75	2.01
6	135639719	G	A	AHI1	Nonsense_Mutation	51	18	69	0.2608695652173913	2	1	1	0.6957	1	0.6957	0.6957	False	0.75	2.01
6	136475232	C	T	PDE7B	Silent	46	15	61	0.2459016393442623	2	1	1	0.6557	1	0.6557	0.6557	False	0.75	2.01
6	136500200	T	C	PDE7B	Missense_Mutation	41	15	56	0.26785714285714285	2	1	1	0.7143	1	0.7143	0.7143	False	0.75	2.01
6	137246194	A	G	SLC35D3	3'UTR	13	4	17	0.23529411764705882	2	1	1	0.6275	1	0.6275	0.6275	False	0.75	2.01
6	139241366	G	A	REPS1	Missense_Mutation	19	6	25	0.24	2	1	1	0.64	1	0.64	0.64	False	0.75	2.01
6	144838041	G	A	UTRN	Missense_Mutation	20	9	29	0.3103448275862069	2	1	1	0.8276	1	0.8276	0.8276	False	0.75	2.01
6	146126519	T	C	FBXO30	Missense_Mutation	42	20	62	0.3225806451612903	2	1	1	0.8602	1	0.8602	0.8602	True	0.75	2.01
6	147136285	A	G	ADGB	Missense_Mutation	25	8	33	0.24242424242424243	2	1	1	0.6465	1	0.6465	0.6465	False	0.75	2.01
6	147632601	A	G	STXBP5	Silent	42	12	54	0.2222222222222222	2	1	1	0.5926	1	0.5926	0.5926	False	0.75	2.01
6	149997499	T	C	LATS1	Missense_Mutation	32	20	52	0.38461538461538464	2	1	1	1.0256	1	1.0256	1.0	True	0.75	2.01
6	150690288	C	T	IYD	Missense_Mutation	29	17	46	0.3695652173913043	2	1	1	0.9855	1	0.9855	0.9855	True	0.75	2.01
6	151152755	T	C	PLEKHG1	Silent	28	15	43	0.3488372093023256	2	1	1	0.9302	1	0.9302	0.9302	True	0.75	2.01
6	151672970	A	G	AKAP12	Silent	24	8	32	0.25	2	1	1	0.6667	1	0.6667	0.6667	False	0.75	2.01
6	152421923	G	T	ESR1	3'UTR	12	7	19	0.3684210526315789	2	1	1	0.9825	1	0.9825	0.9825	True	0.75	2.01
6	152464787	G	A	SYNE1	Missense_Mutation	72	36	108	0.3333333333333333	2	1	1	0.8889	1	0.8889	0.8889	True	0.75	2.01
6	152765706	T	C	SYNE1	Missense_Mutation	20	11	31	0.3548387096774194	2	1	1	0.9462	1	0.9462	0.9462	True	0.75	2.01
6	152771970	T	C	SYNE1	Splice_Site	17	12	29	0.41379310344827586	2	1	1	1.1034	1	1.1034	1.0	True	0.75	2.01
6	154762489	A	G	CNKSR3	Silent	30	20	50	0.4	2	1	1	1.0667	1	1.0667	1.0	True	0.75	2.01
6	155579036	T	C	TFB1M	Silent	72	44	116	0.3793103448275862	2	1	1	1.0115	1	1.0115	1.0	True	0.75	2.01
6	158927830	G	A	TULP4	3'UTR	18	9	27	0.3333333333333333	2	1	1	0.8889	1	0.8889	0.8889	True	0.75	2.01
6	159692373	T	C	FNDC1	Missense_Mutation	48	24	72	0.3333333333333333	2	1	1	0.8889	1	0.8889	0.8889	True	0.75	2.01
6	160113737	T	C	SOD2	Missense_Mutation	33	14	47	0.2978723404255319	2	1	1	0.7943	1	0.7943	0.7943	False	0.75	2.01
6	160169842	A	G	WTAP	Intron	9	13	22	0.5909090909090909	2	1	1	1.5758	1	1.5758	1.0	True	0.75	2.01
6	160671587	G	A	SLC22A2	Silent	35	3	38	0.07894736842105263	2	1	1	0.2105	1	0.2105	0.2105	False	0.75	2.01
6	163988284	A	G	QKI	Intron	52	32	84	0.38095238095238093	2	1	1	1.0159	1	1.0159	1.0	True	0.75	2.01
6	167592534	C	T	TCP10L2	Silent	52	17	69	0.2463768115942029	2	1	1	0.657	1	0.657	0.657	False	0.75	2.01
6	167789530	G	A	TCP10	Silent	145	13	158	0.08227848101265822	2	1	1	0.2194	1	0.2194	0.2194	False	0.75	2.01
6	169622398	C	T	THBS2	Missense_Mutation	33	28	61	0.45901639344262296	2	1	1	1.224	1	1.224	1.0	True	0.75	2.01
6	170626570	G	A	FAM120B	Missense_Mutation	43	32	75	0.4266666666666667	2	1	1	1.1378	1	1.1378	1.0	True	0.75	2.01
6	170881301	A	G	TBP	Missense_Mutation	13	8	21	0.38095238095238093	2	1	1	1.0159	1	1.0159	1.0	True	0.75	2.01
7	1580966	T	C	MAFK	3'UTR	35	38	73	0.5205479452054794	1	1	0	0.8676	1	0.8676	0.8676	True	0.75	2.01
7	5428944	C	T	TNRC18	Missense_Mutation	6	15	21	0.7142857142857143	1	1	0	1.1905	1	1.1905	1.0	True	0.75	2.01
7	16815970	A	G	TSPAN13	Silent	18	53	71	0.7464788732394366	1	1	0	1.2441	1	1.2441	1.0	True	0.75	2.01
7	19738347	T	C	TWISTNB	Silent	5	5	10	0.5	1	1	0	0.8333	1	0.8333	0.8333	False	0.75	2.01
7	20691202	G	A	ABCB5	Missense_Mutation	8	18	26	0.6923076923076923	1	1	0	1.1538	1	1.1538	1.0	True	0.75	2.01
7	23340533	T	C	MALSU1	Missense_Mutation	23	29	52	0.5576923076923077	1	1	0	0.9295	1	0.9295	0.9295	True	0.75	2.01
7	23650864	T	C	CCDC126	5'UTR	10	5	15	0.3333333333333333	1	1	0	0.5556	1	0.5556	0.5556	False	0.75	2.01
7	23802544	T	C	STK31	Splice_Site	11	11	22	0.5	1	1	0	0.8333	1	0.8333	0.8333	False	0.75	2.01
7	26225038	C	A	NFE2L3	Missense_Mutation	31	47	78	0.6025641025641025	1	1	0	1.0043	1	1.0043	1.0	True	0.75	2.01
7	27135147	C	T	HOXA1	Missense_Mutation	21	26	47	0.5531914893617021	1	1	0	0.922	1	0.922	0.922	True	0.75	2.01
7	27170345	A	G	HOXA4	Missense_Mutation	6	12	18	0.6666666666666666	1	1	0	1.1111	1	1.1111	1.0	True	0.75	2.01
7	30963602	A	G	AQP1	3'UTR	12	20	32	0.625	1	1	0	1.0417	1	1.0417	1.0	True	0.75	2.01
7	32623453	A	G	AVL9	Silent	13	20	33	0.6060606060606061	1	1	0	1.0101	1	1.0101	1.0	True	0.75	2.01
7	35280632	C	T	TBX20	Missense_Mutation	24	34	58	0.5862068965517241	1	1	0	0.977	1	0.977	0.977	True	0.75	2.01
7	35674784	C	T	HERPUD2	Missense_Mutation	11	8	19	0.42105263157894735	1	1	0	0.7018	1	0.7018	0.7018	False	0.75	2.01
7	36462318	T	C	ANLN	Silent	7	5	12	0.4166666666666667	1	1	0	0.6944	1	0.6944	0.6944	False	0.75	2.01
7	43982396	T	C	UBE2D4	Intron	15	21	36	0.5833333333333334	1	1	0	0.9722	1	0.9722	0.9722	True	0.75	2.01
7	44576535	C	T	NPC1L1	Silent	19	20	39	0.5128205128205128	1	1	0	0.8547	1	0.8547	0.8547	True	0.75	2.01
7	44579130	A	G	NPC1L1	Missense_Mutation	9	4	13	0.3076923076923077	1	1	0	0.5128	1	0.5128	0.5128	False	0.75	2.01
7	45123728	G	A	NACAD	Missense_Mutation	103	15	118	0.1271186440677966	1	1	0	0.2119	1	0.2119	0.2119	False	0.75	2.01
7	45148844	T	C	TBRG4	5'UTR	12	10	22	0.45454545454545453	1	1	0	0.7576	1	0.7576	0.7576	False	0.75	2.01
7	48431571	G	A	ABCA13	Missense_Mutation	51	6	57	0.10526315789473684	1	1	0	0.1754	1	0.1754	0.1754	False	0.75	2.01
7	56084970	T	C	PSPH	Silent	11	21	32	0.65625	1	1	0	1.0938	1	1.0938	1.0	True	0.75	2.01
7	57188192	T	C	ZNF479	Silent	32	20	52	0.38461538461538464	2	1	1	1.0256	1	1.0256	1.0	True	0.75	2.01
7	63537831	A	G	ZNF727	Missense_Mutation	28	21	49	0.42857142857142855	3	2	1	1.5714	2	0.7857	0.7857	False	0.75	2.01
7	63981709	C	T	ZNF680	Missense_Mutation	45	18	63	0.2857142857142857	3	2	1	1.0476	1	1.0476	1.0	True	0.75	2.01
7	64004805	T	A	ZNF680	Silent	33	9	42	0.21428571428571427	3	2	1	0.7857	1	0.7857	0.7857	False	0.75	2.01
7	64167649	A	C	ZNF107	Missense_Mutation	23	8	31	0.25806451612903225	3	2	1	0.9462	1	0.9462	0.9462	True	0.75	2.01
7	65429394	A	G	GUSB	Missense_Mutation	210	68	278	0.2446043165467626	3	2	1	0.8969	1	0.8969	0.8969	True	0.75	2.01
7	66104032	T	C	KCTD7	Missense_Mutation	26	31	57	0.543859649122807	3	2	1	1.9942	2	0.9971	0.9971	True	0.75	2.01
7	66421985	G	A	TMEM248	3'UTR	30	7	37	0.1891891891891892	3	2	1	0.6937	1	0.6937	0.6937	False	0.75	2.01
7	71248753	G	A	CALN1	3'UTR	32	45	77	0.5844155844155844	3	2	1	2.1429	2	1.0714	1.0	True	0.75	2.01
7	72742051	C	T	TRIM50	5'UTR	55	84	139	0.60431654676259	3	2	1	2.2158	2	1.1079	1.0	True	0.75	2.01
7	73151421	T	C	ABHD11	Missense_Mutation	61	16	77	0.2077922077922078	3	2	1	0.7619	1	0.7619	0.7619	False	0.75	2.01
7	73275574	A	G	WBSCR28	Missense_Mutation	61	27	88	0.3068181818181818	3	2	1	1.125	1	1.125	1.0	True	0.75	2.01
7	75024497	A	G	TRIM73	5'Flank	11	8	19	0.42105263157894735	3	2	1	1.5439	2	0.7719	0.7719	False	0.75	2.01
7	75047575	T	C	POM121C	3'UTR	55	21	76	0.27631578947368424	3	2	1	1.0132	1	1.0132	1.0	True	0.75	2.01
7	75614486	C	T	POR	Silent	18	11	29	0.3793103448275862	3	2	1	1.3908	1	1.3908	1.0	True	0.75	2.01
7	76111884	G	T	DTX2	Missense_Mutation	58	69	127	0.5433070866141733	3	2	1	1.9921	2	0.9961	0.9961	True	0.75	2.01
7	76955553	G	A	GSAP	Silent	41	6	47	0.1276595744680851	3	2	1	0.4681	1	0.4681	0.4681	False	0.75	2.01
7	80456738	T	C	SEMA3C	Intron	26	26	52	0.5	3	2	1	1.8333	2	0.9167	0.9167	True	0.75	2.01
7	81335642	C	T	HGF	Missense_Mutation	40	14	54	0.25925925925925924	3	2	1	0.9506	1	0.9506	0.9506	True	0.75	2.01
7	81346574	G	T	HGF	Missense_Mutation	97	41	138	0.2971014492753623	3	2	1	1.0894	1	1.0894	1.0	True	0.75	2.01
7	82584593	T	C	PCLO	Silent	41	54	95	0.5684210526315789	3	2	1	2.0842	2	1.0421	1.0	True	0.75	2.01
7	87785230	A	G	ADAM22	Missense_Mutation	58	23	81	0.2839506172839506	3	2	1	1.0412	1	1.0412	1.0	True	0.75	2.01
7	88423976	G	A	C7orf62	Missense_Mutation	32	13	45	0.28888888888888886	3	2	1	1.0593	1	1.0593	1.0	True	0.75	2.01
7	89984536	C	T	GTPBP10	Silent	48	16	64	0.25	3	2	1	0.9167	1	0.9167	0.9167	True	0.75	2.01
7	90042288	G	A	CLDN12	Missense_Mutation	85	32	117	0.27350427350427353	3	2	1	1.0028	1	1.0028	1.0	True	0.75	2.01
7	90837706	G	A	CDK14	3'UTR	12	11	23	0.4782608695652174	3	2	1	1.7536	2	0.8768	0.8768	True	0.75	2.01
7	90896596	G	A	FZD1	3'UTR	19	23	42	0.5476190476190477	3	2	1	2.0079	2	1.004	1.0	True	0.75	2.01
7	90896993	T	C	FZD1	3'UTR	33	12	45	0.26666666666666666	3	2	1	0.9778	1	0.9778	0.9778	True	0.75	2.01
7	90897123	G	A	FZD1	3'UTR	40	20	60	0.3333333333333333	3	2	1	1.2222	1	1.2222	1.0	True	0.75	2.01
7	92764838	T	C	SAMD9L	Silent	50	13	63	0.20634920634920634	3	2	1	0.7566	1	0.7566	0.7566	False	0.75	2.01
7	94060296	T	G	COL1A2	3'UTR	35	44	79	0.5569620253164557	3	2	1	2.0422	2	1.0211	1.0	True	0.75	2.01
7	94294757	A	G	PEG10	3'UTR	67	27	94	0.2872340425531915	3	2	1	1.0532	1	1.0532	1.0	True	0.75	2.01
7	94924636	T	C	PPP1R9A	3'Flank	44	19	63	0.30158730158730157	3	2	1	1.1058	1	1.1058	1.0	True	0.75	2.01
7	94925151	A	G	PPP1R9A	3'Flank	18	3	21	0.14285714285714285	3	2	1	0.5238	1	0.5238	0.5238	False	0.75	2.01
7	96650314	G	C	DLX5	Missense_Mutation	30	17	47	0.3617021276595745	3	2	1	1.3262	1	1.3262	1.0	True	0.75	2.01
7	96651585	G	A	DLX5	Missense_Mutation	86	29	115	0.25217391304347825	3	2	1	0.9246	1	0.9246	0.9246	True	0.75	2.01
7	97821868	G	A	LMTK2	Silent	18	11	29	0.3793103448275862	3	2	1	1.3908	1	1.3908	1.0	True	0.75	2.01
7	98449167	C	T	TMEM130	Missense_Mutation	38	53	91	0.5824175824175825	3	2	1	2.1355	2	1.0678	1.0	True	0.75	2.01
7	98519428	A	G	TRRAP	Missense_Mutation	79	25	104	0.2403846153846154	3	2	1	0.8814	1	0.8814	0.8814	True	0.75	2.01
7	99170294	A	G	ZNF655	Missense_Mutation	29	25	54	0.46296296296296297	3	2	1	1.6975	2	0.8488	0.8488	False	0.75	2.01
7	99717475	C	T	CNPY4	Silent	33	43	76	0.5657894736842105	3	2	1	2.0746	2	1.0373	1.0	True	0.75	2.01
7	100170497	G	A	SAP25	Missense_Mutation	29	4	33	0.12121212121212122	3	2	1	0.4444	1	0.4444	0.4444	False	0.75	2.01
7	100356252	C	A	ZAN	Missense_Mutation	15	14	29	0.4827586206896552	3	2	1	1.7701	2	0.8851	0.8851	True	0.75	2.01
7	100400976	G	A	EPHB4	3'UTR	21	25	46	0.5434782608695652	3	2	1	1.9928	2	0.9964	0.9964	True	0.75	2.01
7	100773903	T	C	SERPINE1	Missense_Mutation	16	39	55	0.7090909090909091	3	2	1	2.6	2	1.3	1.0	True	0.75	2.01
7	100777005	T	C	SERPINE1	Missense_Mutation	29	35	64	0.546875	3	2	1	2.0052	2	1.0026	1.0	True	0.75	2.01
7	100807119	A	G	VGF	Silent	19	3	22	0.13636363636363635	3	2	1	0.5	1	0.5	0.5	False	0.75	2.01
7	101844974	A	G	CUX1	Silent	22	28	50	0.56	3	2	1	2.0533	2	1.0267	1.0	True	0.75	2.01
7	101957773	C	G	SH2B2	Missense_Mutation	112	40	152	0.2631578947368421	3	2	1	0.9649	1	0.9649	0.9649	True	0.75	2.01
7	102523765	C	T	FBXL13	Missense_Mutation	22	4	26	0.15384615384615385	3	2	1	0.5641	1	0.5641	0.5641	False	0.75	2.01
7	102574413	T	C	LRRC17	Missense_Mutation	59	13	72	0.18055555555555555	3	2	1	0.662	1	0.662	0.662	False	0.75	2.01
7	105401774	G	A	ATXN7L1	Intron	62	67	129	0.5193798449612403	3	2	1	1.9044	2	0.9522	0.9522	True	0.75	2.01
7	107789915	A	G	NRCAM	3'UTR	23	8	31	0.25806451612903225	3	2	1	0.9462	1	0.9462	0.9462	True	0.75	2.01
7	114655851	C	T	MDFIC	Silent	24	32	56	0.5714285714285714	3	2	1	2.0952	2	1.0476	1.0	True	0.75	2.01
7	116140360	T	C	CAV2	Missense_Mutation	27	36	63	0.5714285714285714	3	2	1	2.0952	2	1.0476	1.0	True	0.75	2.01
7	116411924	G	A	MET	Missense_Mutation	21	24	45	0.5333333333333333	3	2	1	1.9556	2	0.9778	0.9778	True	0.75	2.01
7	116869865	A	G	ST7	Missense_Mutation	81	94	175	0.5371428571428571	3	2	1	1.9695	2	0.9848	0.9848	True	0.75	2.01
7	117306981	T	A	CFTR	Missense_Mutation	22	35	57	0.6140350877192983	3	2	1	2.2515	2	1.1257	1.0	True	0.75	2.01
7	117422950	G	A	CTTNBP2	Missense_Mutation	28	35	63	0.5555555555555556	3	2	1	2.037	2	1.0185	1.0	True	0.75	2.01
7	123594443	T	C	SPAM1	Silent	27	28	55	0.509090909090909	3	2	1	1.8667	2	0.9333	0.9333	True	0.75	2.01
7	127347672	G	C	SND1	Missense_Mutation	48	9	57	0.15789473684210525	3	2	1	0.5789	1	0.5789	0.5789	False	0.75	2.01
7	127347702	G	T	SND1	Splice_Site	40	12	52	0.23076923076923078	3	2	1	0.8462	1	0.8462	0.8462	False	0.75	2.01
7	127961320	T	A	RBM28	Missense_Mutation	118	6	124	0.04838709677419355	3	2	1	0.1774	1	0.1774	0.1774	False	0.75	2.01
7	128138132	T	C	METTL2B	Silent	80	31	111	0.27927927927927926	3	2	1	1.024	1	1.024	1.0	True	0.75	2.01
7	128607435	T	C	TNPO3	Silent	28	24	52	0.46153846153846156	3	2	1	1.6923	2	0.8462	0.8462	False	0.75	2.01
7	128658157	A	G	TNPO3	Missense_Mutation	24	50	74	0.6756756756756757	3	2	1	2.4775	2	1.2387	1.0	True	0.75	2.01
7	130418235	G	A	KLF14	Missense_Mutation	21	20	41	0.4878048780487805	3	2	1	1.7886	2	0.8943	0.8943	True	0.75	2.01
7	133602340	A	G	EXOC4	Missense_Mutation	93	52	145	0.3586206896551724	3	2	1	1.3149	1	1.3149	1.0	True	0.75	2.01
7	134249380	A	G	AKR1B15	Silent	14	18	32	0.5625	3	2	1	2.0625	2	1.0312	1.0	True	0.75	2.01
7	134618098	A	G	CALD1	Missense_Mutation	12	3	15	0.2	3	2	1	0.7333	1	0.7333	0.7333	False	0.75	2.01
7	134719237	T	C	AGBL3	Missense_Mutation	64	4	68	0.058823529411764705	3	2	1	0.2157	1	0.2157	0.2157	False	0.75	2.01
7	135612658	T	A	AC015987.2	3'UTR	24	6	30	0.2	3	2	1	0.7333	1	0.7333	0.7333	False	0.75	2.01
7	137560003	A	G	CREB3L2	3'UTR	20	14	34	0.4117647058823529	3	2	1	1.5098	2	0.7549	0.7549	False	0.75	2.01
7	140302055	T	C	DENND2A	Missense_Mutation	68	22	90	0.24444444444444444	3	2	1	0.8963	1	0.8963	0.8963	True	0.75	2.01
7	140373665	T	C	ADCK2	Missense_Mutation	37	39	76	0.5131578947368421	3	2	1	1.8816	2	0.9408	0.9408	True	0.75	2.01
7	141758025	T	C	MGAM	Missense_Mutation	146	48	194	0.24742268041237114	3	2	1	0.9072	1	0.9072	0.9072	True	0.75	2.01
7	142197705	T	C	TRBV11-2	RNA	38	28	66	0.42424242424242425	3	2	1	1.5556	2	0.7778	0.7778	False	0.75	2.01
7	143633082	G	A	OR2F2	Missense_Mutation	61	76	137	0.5547445255474452	3	2	1	2.0341	2	1.017	1.0	True	0.75	2.01
7	143929735	C	T	OR2A42	Missense_Mutation	1	22	23	0.9565217391304348	3	2	1	3.5072	2	1.7536	1.0	True	0.75	2.01
7	148702330	A	G	PDIA4	Silent	79	28	107	0.2616822429906542	3	2	1	0.9595	1	0.9595	0.9595	True	0.75	2.01
7	149418512	A	G	KRBA1	Missense_Mutation	20	26	46	0.5652173913043478	3	2	1	2.0725	2	1.0362	1.0	True	0.75	2.01
7	149462981	G	A	ZNF467	Silent	24	13	37	0.35135135135135137	3	2	1	1.2883	1	1.2883	1.0	True	0.75	2.01
7	149518586	A	G	SSPO	RNA	28	6	34	0.17647058823529413	3	2	1	0.6471	1	0.6471	0.6471	False	0.75	2.01
7	149558174	T	C	ZNF862	Missense_Mutation	23	31	54	0.5740740740740741	3	2	1	2.1049	2	1.0525	1.0	True	0.75	2.01
7	149558646	G	A	ZNF862	Silent	21	31	52	0.5961538461538461	3	2	1	2.1859	2	1.0929	1.0	True	0.75	2.01
7	150034690	T	C	LRRC61	Missense_Mutation	38	35	73	0.4794520547945205	3	2	1	1.758	2	0.879	0.879	True	0.75	2.01
7	150493537	C	A	TMEM176B	Missense_Mutation	56	32	88	0.36363636363636365	3	2	1	1.3333	1	1.3333	1.0	True	0.75	2.01
7	150730839	C	T	ABCB8	Silent	56	18	74	0.24324324324324326	3	2	1	0.8919	1	0.8919	0.8919	True	0.75	2.01
7	150772509	G	A	SLC4A2	Missense_Mutation	54	59	113	0.5221238938053098	3	2	1	1.9145	2	0.9572	0.9572	True	0.75	2.01
7	150778214	A	G	TMUB1	3'UTR	68	12	80	0.15	3	2	1	0.55	1	0.55	0.55	False	0.75	2.01
7	150845726	A	G	GBX1	Missense_Mutation	50	24	74	0.32432432432432434	3	2	1	1.1892	1	1.1892	1.0	True	0.75	2.01
7	151174499	A	G	RHEB	Silent	45	43	88	0.48863636363636365	3	2	1	1.7917	2	0.8958	0.8958	True	0.75	2.01
7	154561205	C	T	DPP6	Missense_Mutation	35	31	66	0.4696969696969697	3	2	1	1.7222	2	0.8611	0.8611	True	0.75	2.01
7	154876003	T	C	HTR5A	Missense_Mutation	44	16	60	0.26666666666666666	3	2	1	0.9778	1	0.9778	0.9778	True	0.75	2.01
7	155556533	C	A	RBM33	Missense_Mutation	44	33	77	0.42857142857142855	3	2	1	1.5714	2	0.7857	0.7857	False	0.75	2.01
7	156474003	A	G	LMBR1	3'UTR	24	29	53	0.5471698113207547	3	2	1	2.0063	2	1.0031	1.0	True	0.75	2.01
7	157396707	T	C	PTPRN2	Missense_Mutation	59	70	129	0.5426356589147286	3	2	1	1.9897	2	0.9948	0.9948	True	0.75	2.01
7	158704330	A	G	WDR60	Missense_Mutation	16	29	45	0.6444444444444445	2	1	1	1.7185	1	1.7185	1.0	True	0.75	2.01
8	3165966	C	A	CSMD1	Missense_Mutation	17	17	34	0.5	2	1	1	1.3333	1	1.3333	1.0	True	0.75	2.01
8	8175674	G	A	SGK223	3'UTR	41	12	53	0.22641509433962265	2	1	1	0.6038	1	0.6038	0.6038	False	0.75	2.01
8	8748698	A	G	MFHAS1	Missense_Mutation	30	15	45	0.3333333333333333	2	1	1	0.8889	1	0.8889	0.8889	True	0.75	2.01
8	19277873	C	T	CSGALNACT1	Silent	31	18	49	0.3673469387755102	2	1	1	0.9796	1	0.9796	0.9796	True	0.75	2.01
8	22005906	G	A	LGI3	Missense_Mutation	27	12	39	0.3076923076923077	2	1	1	0.8205	1	0.8205	0.8205	False	0.75	2.01
8	25265542	G	A	DOCK5	Missense_Mutation	38	9	47	0.19148936170212766	2	1	1	0.5106	1	0.5106	0.5106	False	0.75	2.01
8	25323706	T	C	CDCA2	Missense_Mutation	20	9	29	0.3103448275862069	2	1	1	0.8276	1	0.8276	0.8276	False	0.75	2.01
8	26239066	G	T	BNIP3L	5'Flank	24	6	30	0.2	2	1	1	0.5333	1	0.5333	0.5333	False	0.75	2.01
8	26722137	A	G	ADRA1A	Missense_Mutation	33	19	52	0.36538461538461536	2	1	1	0.9744	1	0.9744	0.9744	True	0.75	2.01
8	27145406	A	G	TRIM35	Silent	25	14	39	0.358974358974359	2	1	1	0.9573	1	0.9573	0.9573	True	0.75	2.01
8	27293288	C	T	PTK2B	Silent	29	17	46	0.3695652173913043	2	1	1	0.9855	1	0.9855	0.9855	True	0.75	2.01
8	27296915	G	A	PTK2B	Missense_Mutation	14	12	26	0.46153846153846156	2	1	1	1.2308	1	1.2308	1.0	True	0.75	2.01
8	30694684	T	C	TEX15	Missense_Mutation	25	16	41	0.3902439024390244	2	1	1	1.0407	1	1.0407	1.0	True	0.75	2.01
8	33246953	A	G	FUT10	Missense_Mutation	23	13	36	0.3611111111111111	2	1	1	0.963	1	0.963	0.963	True	0.75	2.01
8	33408879	G	A	RNF122	Nonsense_Mutation	32	28	60	0.4666666666666667	2	1	1	1.2444	1	1.2444	1.0	True	0.75	2.01
8	36675232	C	T	KCNU1	Missense_Mutation	46	34	80	0.425	2	1	1	1.1333	1	1.1333	1.0	True	0.75	2.01
8	37611669	A	G	ERLIN2	3'UTR	28	15	43	0.3488372093023256	2	1	1	0.9302	1	0.9302	0.9302	True	0.75	2.01
8	38002807	A	G	STAR	Missense_Mutation	52	27	79	0.34177215189873417	2	1	1	0.9114	1	0.9114	0.9114	True	0.75	2.01
8	38194873	A	G	WHSC1L1	Missense_Mutation	35	23	58	0.39655172413793105	2	1	1	1.0575	1	1.0575	1.0	True	0.75	2.01
8	38239389	G	T	WHSC1L1	5'UTR	87	45	132	0.3409090909090909	2	1	1	0.9091	1	0.9091	0.9091	True	0.75	2.01
8	38899536	G	A	ADAM9	Missense_Mutation	24	12	36	0.3333333333333333	2	1	1	0.8889	1	0.8889	0.8889	True	0.75	2.01
8	38899558	T	C	ADAM9	Silent	18	14	32	0.4375	2	1	1	1.1667	1	1.1667	1.0	True	0.75	2.01
8	39332099	A	G	ADAM3A	3'Flank	36	11	47	0.23404255319148937	2	1	1	0.6241	1	0.6241	0.6241	False	0.75	2.01
8	41790730	G	A	KAT6A	Missense_Mutation	18	11	29	0.3793103448275862	2	1	1	1.0115	1	1.0115	1.0	True	0.75	2.01
8	48309044	T	C	SPIDR	Missense_Mutation	32	22	54	0.4074074074074074	2	1	1	1.0864	1	1.0864	1.0	True	0.75	2.01
8	48877157	G	T	MCM4	Missense_Mutation	17	10	27	0.37037037037037035	2	1	1	0.9877	1	0.9877	0.9877	True	0.75	2.01
8	52232360	A	G	PXDNL	3'UTR	9	10	19	0.5263157894736842	2	1	1	1.4035	1	1.4035	1.0	True	0.75	2.01
8	53537298	T	C	RB1CC1	Silent	39	26	65	0.4	2	1	1	1.0667	1	1.0667	1.0	True	0.75	2.01
8	57890655	A	G	IMPAD1	Silent	19	5	24	0.20833333333333334	2	1	1	0.5556	1	0.5556	0.5556	False	0.75	2.01
8	63936637	A	G	GGH	Splice_Site	25	10	35	0.2857142857142857	2	1	1	0.7619	1	0.7619	0.7619	False	0.75	2.01
8	71075758	C	A	NCOA2	Missense_Mutation	53	36	89	0.4044943820224719	2	1	1	1.0787	1	1.0787	1.0	True	0.75	2.01
8	71126205	G	T	NCOA2	Missense_Mutation	56	38	94	0.40425531914893614	2	1	1	1.078	1	1.078	1.0	True	0.75	2.01
8	73849490	C	T	KCNB2	Missense_Mutation	19	9	28	0.32142857142857145	2	1	1	0.8571	1	0.8571	0.8571	True	0.75	2.01
8	75227410	G	T	JPH1	Silent	27	15	42	0.35714285714285715	2	1	1	0.9524	1	0.9524	0.9524	True	0.75	2.01
8	81431106	A	G	ZBTB10	Missense_Mutation	26	5	31	0.16129032258064516	2	1	1	0.4301	1	0.4301	0.4301	False	0.75	2.01
8	86050380	A	G	LRRCC1	Silent	19	13	32	0.40625	2	1	1	1.0833	1	1.0833	1.0	True	0.75	2.01
8	86241974	A	G	CA1	Missense_Mutation	34	36	70	0.5142857142857142	2	1	1	1.3714	1	1.3714	1.0	True	0.75	2.01
8	89198707	G	A	MMP16	Silent	43	24	67	0.3582089552238806	2	1	1	0.9552	1	0.9552	0.9552	True	0.75	2.01
8	92090848	T	C	OTUD6B	Missense_Mutation	17	9	26	0.34615384615384615	2	1	1	0.9231	1	0.9231	0.9231	True	0.75	2.01
8	94717192	A	G	FAM92A1	Missense_Mutation	24	17	41	0.4146341463414634	2	1	1	1.1057	1	1.1057	1.0	True	0.75	2.01
8	94730972	G	A	FAM92A1	Missense_Mutation	25	8	33	0.24242424242424243	2	1	1	0.6465	1	0.6465	0.6465	False	0.75	2.01
8	99039677	T	A	MATN2	Missense_Mutation	29	18	47	0.3829787234042553	2	1	1	1.0213	1	1.0213	1.0	True	0.75	2.01
8	99170218	G	A	POP1	Missense_Mutation	35	14	49	0.2857142857142857	2	1	1	0.7619	1	0.7619	0.7619	False	0.75	2.01
8	99466936	T	C	STK3	3'UTR	18	17	35	0.4857142857142857	2	1	1	1.2952	1	1.2952	1.0	True	0.75	2.01
8	103309725	A	G	UBR5	Silent	31	12	43	0.27906976744186046	2	1	1	0.7442	1	0.7442	0.7442	False	0.75	2.01
8	104312319	T	A	FZD6	5'UTR	47	18	65	0.27692307692307694	2	1	1	0.7385	1	0.7385	0.7385	False	0.75	2.01
8	106573671	C	T	ZFPM2	Missense_Mutation	41	17	58	0.29310344827586204	2	1	1	0.7816	1	0.7816	0.7816	False	0.75	2.01
8	107773509	C	T	ABRA	Missense_Mutation	77	39	116	0.33620689655172414	2	1	1	0.8966	1	0.8966	0.8966	True	0.75	2.01
8	108306166	T	C	ANGPT1	Missense_Mutation	27	19	46	0.41304347826086957	2	1	1	1.1014	1	1.1014	1.0	True	0.75	2.01
8	109260946	G	A	EIF3E	5'UTR	24	5	29	0.1724137931034483	2	1	1	0.4598	1	0.4598	0.4598	False	0.75	2.01
8	110984575	C	T	KCNV1	Silent	31	19	50	0.38	2	1	1	1.0133	1	1.0133	1.0	True	0.75	2.01
8	117874109	A	G	RAD21	Silent	8	10	18	0.5555555555555556	2	1	1	1.4815	1	1.4815	1.0	True	0.75	2.01
8	124027633	C	T	DERL1	3'UTR	42	33	75	0.44	2	1	1	1.1733	1	1.1733	1.0	True	0.75	2.01
8	124827004	C	T	FAM91A1	3'UTR	35	28	63	0.4444444444444444	2	1	1	1.1852	1	1.1852	1.0	True	0.75	2.01
8	125580574	C	A	MTSS1	Intron	23	19	42	0.4523809523809524	2	1	1	1.2063	1	1.2063	1.0	True	0.75	2.01
8	128752960	A	G	MYC	Missense_Mutation	15	4	19	0.21052631578947367	2	1	1	0.5614	1	0.5614	0.5614	False	0.75	2.01
8	132002636	T	C	ADCY8	Intron	35	16	51	0.3137254901960784	2	1	1	0.8366	1	0.8366	0.8366	False	0.75	2.01
8	133622485	G	A	LRRC6	Missense_Mutation	18	7	25	0.28	2	1	1	0.7467	1	0.7467	0.7467	False	0.75	2.01
8	133673873	A	G	LRRC6	Missense_Mutation	29	14	43	0.32558139534883723	2	1	1	0.8682	1	0.8682	0.8682	True	0.75	2.01
8	134488131	A	G	ST3GAL1	Missense_Mutation	84	45	129	0.3488372093023256	2	1	1	0.9302	1	0.9302	0.9302	True	0.75	2.01
8	135614284	C	T	ZFAT	Missense_Mutation	28	30	58	0.5172413793103449	2	1	1	1.3793	1	1.3793	1.0	True	0.75	2.01
8	139153524	T	C	FAM135B	Missense_Mutation	64	24	88	0.2727272727272727	2	1	1	0.7273	1	0.7273	0.7273	False	0.75	2.01
8	139263180	T	C	FAM135B	Missense_Mutation	40	24	64	0.375	2	1	1	1.0	1	1.0	1.0	True	0.75	2.01
8	139606368	C	A	COL22A1	Missense_Mutation	37	8	45	0.17777777777777778	2	1	1	0.4741	1	0.4741	0.4741	False	0.75	2.01
8	139772487	T	C	COL22A1	Missense_Mutation	82	5	87	0.05747126436781609	2	1	1	0.1533	1	0.1533	0.1533	False	0.75	2.01
8	141774436	C	T	PTK2	Intron	19	8	27	0.2962962962962963	2	1	1	0.7901	1	0.7901	0.7901	False	0.75	2.01
8	142264131	G	A	RP11-10J21.3	5'Flank	34	22	56	0.39285714285714285	2	1	1	1.0476	1	1.0476	1.0	True	0.75	2.01
8	143310894	G	A	TSNARE1	Missense_Mutation	19	21	40	0.525	2	1	1	1.4	1	1.4	1.0	True	0.75	2.01
8	144378487	C	T	ZNF696	Silent	15	11	26	0.4230769230769231	2	1	1	1.1282	1	1.1282	1.0	True	0.75	2.01
8	144652684	A	G	MROH6	Silent	32	23	55	0.41818181818181815	2	1	1	1.1152	1	1.1152	1.0	True	0.75	2.01
8	144681834	T	G	TIGD5	Silent	28	16	44	0.36363636363636365	2	1	1	0.9697	1	0.9697	0.9697	True	0.75	2.01
8	144922289	G	A	NRBP2	Missense_Mutation	36	22	58	0.3793103448275862	2	1	1	1.0115	1	1.0115	1.0	True	0.75	2.01
8	144943950	G	T	EPPK1	Silent	39	25	64	0.390625	2	1	1	1.0417	1	1.0417	1.0	True	0.75	2.01
8	145731418	A	G	GPT	Missense_Mutation	25	11	36	0.3055555555555556	2	1	1	0.8148	1	0.8148	0.8148	False	0.75	2.01
8	145755807	T	C	ARHGAP39	Nonstop_Mutation	24	14	38	0.3684210526315789	2	1	1	0.9825	1	0.9825	0.9825	True	0.75	2.01
9	377120	C	T	DOCK8	Silent	19	16	35	0.45714285714285713	2	1	1	1.219	1	1.219	1.0	True	0.75	2.01
9	732719	T	C	KANK1	Intron	13	8	21	0.38095238095238093	2	1	1	1.0159	1	1.0159	1.0	True	0.75	2.01
9	2083367	A	G	SMARCA2	Missense_Mutation	11	5	16	0.3125	2	1	1	0.8333	1	0.8333	0.8333	False	0.75	2.01
9	2718874	A	G	KCNV2	Missense_Mutation	48	24	72	0.3333333333333333	2	1	1	0.8889	1	0.8889	0.8889	True	0.75	2.01
9	4663884	C	T	PPAPDC2	3'UTR	11	4	15	0.26666666666666666	2	1	1	0.7111	1	0.7111	0.7111	False	0.75	2.01
9	5772941	G	A	KIAA1432	Missense_Mutation	43	19	62	0.3064516129032258	2	1	1	0.8172	1	0.8172	0.8172	False	0.75	2.01
9	6587248	G	T	GLDC	Silent	30	4	34	0.11764705882352941	2	1	1	0.3137	1	0.3137	0.3137	False	0.75	2.01
9	6814846	T	C	KDM4C	Intron	21	14	35	0.4	2	1	1	1.0667	1	1.0667	1.0	True	0.75	2.01
9	14083978	T	C	NFIB	3'Flank	24	6	30	0.2	2	1	1	0.5333	1	0.5333	0.5333	False	0.75	2.01
9	14746349	A	G	FREM1	Splice_Site	61	4	65	0.06153846153846154	2	1	1	0.1641	1	0.1641	0.1641	False	0.75	2.01
9	16419330	T	C	BNC2	Missense_Mutation	31	15	46	0.32608695652173914	2	1	1	0.8696	1	0.8696	0.8696	True	0.75	2.01
9	18657662	G	C	ADAMTSL1	Missense_Mutation	47	27	74	0.36486486486486486	2	1	1	0.973	1	0.973	0.973	True	0.75	2.01
9	21186852	T	C	IFNA4	3'UTR	30	22	52	0.4230769230769231	2	1	1	1.1282	1	1.1282	1.0	True	0.75	2.01
9	23765020	T	C	ELAVL2	Intron	18	7	25	0.28	2	1	1	0.7467	1	0.7467	0.7467	False	0.75	2.01
9	26905632	A	G	PLAA	Silent	17	9	26	0.34615384615384615	2	1	1	0.9231	1	0.9231	0.9231	True	0.75	2.01
9	27330442	G	A	MOB3B	3'UTR	66	5	71	0.07042253521126761	2	1	1	0.1878	1	0.1878	0.1878	False	0.75	2.01
9	33442298	C	T	AQP3	Splice_Site	6	4	10	0.4	2	1	1	1.0667	1	1.0667	1.0	True	0.75	2.01
9	33674810	A	G	PTENP1	RNA	74	14	88	0.1590909090909091	2	1	1	0.4242	1	0.4242	0.4242	False	0.75	2.01
9	34610918	G	T	RPP25L	Missense_Mutation	34	26	60	0.43333333333333335	2	1	1	1.1556	1	1.1556	1.0	True	0.75	2.01
9	34661853	G	A	IL11RA	3'UTR	20	8	28	0.2857142857142857	2	1	1	0.7619	1	0.7619	0.7619	False	0.75	2.01
9	35649556	G	T	SIT1	3'UTR	7	4	11	0.36363636363636365	2	1	1	0.9697	1	0.9697	0.9697	True	0.75	2.01
9	35736896	T	A	GBA2	3'UTR	6	7	13	0.5384615384615384	2	1	1	1.4359	1	1.4359	1.0	True	0.75	2.01
9	35846373	G	A	TMEM8B	Silent	14	14	28	0.5	2	1	1	1.3333	1	1.3333	1.0	True	0.75	2.01
9	36163725	G	A	GLIPR2	3'UTR	7	4	11	0.36363636363636365	2	1	1	0.9697	1	0.9697	0.9697	True	0.75	2.01
9	36369835	G	A	RNF38	Nonsense_Mutation	70	22	92	0.2391304347826087	2	1	1	0.6377	1	0.6377	0.6377	False	0.75	2.01
9	43625483	T	C	SPATA31A6	Silent	37	70	107	0.6542056074766355	2	1	1	1.7445	1	1.7445	1.0	True	0.75	2.01
9	43627806	T	C	SPATA31A6	Missense_Mutation	35	87	122	0.7131147540983607	2	1	1	1.9016	1	1.9016	1.0	True	0.75	2.01
9	43685307	G	A	CNTNAP3B	Missense_Mutation	131	21	152	0.13815789473684212	2	1	1	0.3684	1	0.3684	0.3684	False	0.75	2.01
9	70177676	G	A	FOXD4L5	Missense_Mutation	142	19	161	0.11801242236024845	2	1	1	0.3147	1	0.3147	0.3147	False	0.75	2.01
9	71155499	G	T	TMEM252	Silent	36	12	48	0.25	2	1	1	0.6667	1	0.6667	0.6667	False	0.75	2.01
9	71864307	G	A	TJP2	Missense_Mutation	19	6	25	0.24	2	1	1	0.64	1	0.64	0.64	False	0.75	2.01
9	72659111	A	G	MAMDC2	5'UTR	71	29	100	0.29	2	1	1	0.7733	1	0.7733	0.7733	False	0.75	2.01
9	72833481	T	C	MAMDC2	Missense_Mutation	12	10	22	0.45454545454545453	2	1	1	1.2121	1	1.2121	1.0	True	0.75	2.01
9	77300640	A	G	RORB	3'UTR	15	4	19	0.21052631578947367	2	1	1	0.5614	1	0.5614	0.5614	False	0.75	2.01
9	77614772	A	G	C9orf41	Missense_Mutation	14	14	28	0.5	2	1	1	1.3333	1	1.3333	1.0	True	0.75	2.01
9	78641897	C	T	PCSK5	Silent	69	6	75	0.08	2	1	1	0.2133	1	0.2133	0.2133	False	0.75	2.01
9	78936508	A	G	PCSK5	Missense_Mutation	12	11	23	0.4782608695652174	2	1	1	1.2754	1	1.2754	1.0	True	0.75	2.01
9	79936525	T	C	VPS13A	Missense_Mutation	36	18	54	0.3333333333333333	2	1	1	0.8889	1	0.8889	0.8889	True	0.75	2.01
9	79936526	A	G	VPS13A	Silent	35	18	53	0.33962264150943394	2	1	1	0.9057	1	0.9057	0.9057	True	0.75	2.01
9	84202610	C	A	TLE1	Missense_Mutation	19	10	29	0.3448275862068966	2	1	1	0.9195	1	0.9195	0.9195	True	0.75	2.01
9	84226817	A	G	TLE1	Missense_Mutation	51	26	77	0.33766233766233766	2	1	1	0.9004	1	0.9004	0.9004	True	0.75	2.01
9	86322581	C	T	UBQLN1	Missense_Mutation	14	6	20	0.3	2	1	1	0.8	1	0.8	0.8	False	0.75	2.01
9	90264917	G	A	DAPK1	Missense_Mutation	30	26	56	0.4642857142857143	2	1	1	1.2381	1	1.2381	1.0	True	0.75	2.01
9	93344977	G	A	RP11-555F9.2	RNA	12	4	16	0.25	2	1	1	0.6667	1	0.6667	0.6667	False	0.75	2.01
9	93979583	T	A	AUH	Missense_Mutation	33	17	50	0.34	2	1	1	0.9067	1	0.9067	0.9067	True	0.75	2.01
9	94495681	C	T	ROR2	Silent	52	35	87	0.40229885057471265	2	1	1	1.0728	1	1.0728	1.0	True	0.75	2.01
9	95078417	T	C	NOL8	Missense_Mutation	36	16	52	0.3076923076923077	2	1	1	0.8205	1	0.8205	0.8205	False	0.75	2.01
9	95152162	T	C	OGN	Missense_Mutation	61	30	91	0.32967032967032966	2	1	1	0.8791	1	0.8791	0.8791	True	0.75	2.01
9	96425212	G	A	PHF2	Silent	23	14	37	0.3783783783783784	2	1	1	1.009	1	1.009	1.0	True	0.75	2.01
9	100412787	T	C	NCBP1	Silent	45	22	67	0.3283582089552239	2	1	1	0.8756	1	0.8756	0.8756	True	0.75	2.01
9	101594153	C	T	GALNT12	Silent	41	22	63	0.3492063492063492	2	1	1	0.9312	1	0.9312	0.9312	True	0.75	2.01
9	101832265	T	G	COL15A1	3'UTR	20	14	34	0.4117647058823529	2	1	1	1.098	1	1.098	1.0	True	0.75	2.01
9	101891323	T	C	TGFBR1	Missense_Mutation	23	13	36	0.3611111111111111	2	1	1	0.963	1	0.963	0.963	True	0.75	2.01
9	101979781	A	G	ALG2	3'UTR	3	5	8	0.625	2	1	1	1.6667	1	1.6667	1.0	True	0.75	2.01
9	101980401	T	C	ALG2	Missense_Mutation	39	18	57	0.3157894736842105	2	1	1	0.8421	1	0.8421	0.8421	False	0.75	2.01
9	104187189	G	A	ALDOB	Missense_Mutation	27	19	46	0.41304347826086957	2	1	1	1.1014	1	1.1014	1.0	True	0.75	2.01
9	104433139	T	C	GRIN3A	Missense_Mutation	52	29	81	0.35802469135802467	2	1	1	0.9547	1	0.9547	0.9547	True	0.75	2.01
9	106864754	A	G	SMC2	Missense_Mutation	30	16	46	0.34782608695652173	2	1	1	0.9275	1	0.9275	0.9275	True	0.75	2.01
9	108097907	A	G	SLC44A1	Silent	32	25	57	0.43859649122807015	2	1	1	1.1696	1	1.1696	1.0	True	0.75	2.01
9	110250432	C	T	KLF4	Silent	10	3	13	0.23076923076923078	2	1	1	0.6154	1	0.6154	0.6154	False	0.75	2.01
9	112153445	T	G	PTPN3	Missense_Mutation	33	16	49	0.32653061224489793	2	1	1	0.8707	1	0.8707	0.8707	True	0.75	2.01
9	112172694	T	C	PTPN3	Missense_Mutation	36	20	56	0.35714285714285715	2	1	1	0.9524	1	0.9524	0.9524	True	0.75	2.01
9	112542724	T	C	PALM2-AKAP2	5'UTR	80	52	132	0.3939393939393939	2	1	1	1.0505	1	1.0505	1.0	True	0.75	2.01
9	113066809	T	C	TXNDC8	Missense_Mutation	56	24	80	0.3	2	1	1	0.8	1	0.8	0.8	False	0.75	2.01
9	113308443	T	A	SVEP1	Missense_Mutation	44	28	72	0.3888888888888889	2	1	1	1.037	1	1.037	1.0	True	0.75	2.01
9	113563171	G	A	MUSK	Missense_Mutation	24	13	37	0.35135135135135137	2	1	1	0.9369	1	0.9369	0.9369	True	0.75	2.01
9	115760264	A	G	ZNF883	RNA	14	12	26	0.46153846153846156	2	1	1	1.2308	1	1.2308	1.0	True	0.75	2.01
9	116021008	A	G	SLC31A1	Silent	21	10	31	0.3225806451612903	2	1	1	0.8602	1	0.8602	0.8602	True	0.75	2.01
9	116079128	G	A	WDR31	Silent	43	25	68	0.36764705882352944	2	1	1	0.9804	1	0.9804	0.9804	True	0.75	2.01
9	125239350	T	C	OR1J1	Missense_Mutation	69	37	106	0.3490566037735849	2	1	1	0.9308	1	0.9308	0.9308	True	0.75	2.01
9	126165681	T	C	DENND1A	Missense_Mutation	18	15	33	0.45454545454545453	2	1	1	1.2121	1	1.2121	1.0	True	0.75	2.01
9	127818225	C	T	SCAI	Missense_Mutation	15	16	31	0.5161290322580645	2	1	1	1.3763	1	1.3763	1.0	True	0.75	2.01
9	128124918	T	C	GAPVD1	Missense_Mutation	9	16	25	0.64	2	1	1	1.7067	1	1.7067	1.0	True	0.75	2.01
9	128728680	T	C	PBX3	3'UTR	18	10	28	0.35714285714285715	2	1	1	0.9524	1	0.9524	0.9524	True	0.75	2.01
9	129870286	A	G	ANGPTL2	Missense_Mutation	43	21	64	0.328125	2	1	1	0.875	1	0.875	0.875	True	0.75	2.01
9	130493758	C	T	TTC16	3'UTR	11	6	17	0.35294117647058826	2	1	1	0.9412	1	0.9412	0.9412	True	0.75	2.01
9	130578376	C	A	ENG	Intron	23	19	42	0.4523809523809524	2	1	1	1.2063	1	1.2063	1.0	True	0.75	2.01
9	130886787	T	C	PTGES2	Missense_Mutation	37	13	50	0.26	2	1	1	0.6933	1	0.6933	0.6933	False	0.75	2.01
9	131367448	C	T	SPTAN1	Silent	16	11	27	0.4074074074074074	2	1	1	1.0864	1	1.0864	1.0	True	0.75	2.01
9	131570232	A	G	TBC1D13	3'UTR	20	5	25	0.2	2	1	1	0.5333	1	0.5333	0.5333	False	0.75	2.01
9	132397867	G	A	NTMT1	3'UTR	12	3	15	0.2	2	1	1	0.5333	1	0.5333	0.5333	False	0.75	2.01
9	132996077	T	A	NCS1	3'UTR	9	7	16	0.4375	2	1	1	1.1667	1	1.1667	1.0	True	0.75	2.01
9	133498093	A	G	FUBP3	Splice_Site	36	23	59	0.3898305084745763	2	1	1	1.0395	1	1.0395	1.0	True	0.75	2.01
9	133762214	G	T	ABL1	3'Flank	32	12	44	0.2727272727272727	2	1	1	0.7273	1	0.7273	0.7273	False	0.75	2.01
9	134073213	A	G	NUP214	Silent	50	26	76	0.34210526315789475	2	1	1	0.9123	1	0.9123	0.9123	True	0.75	2.01
9	134454766	G	A	RAPGEF1	3'UTR	18	11	29	0.3793103448275862	2	1	1	1.0115	1	1.0115	1.0	True	0.75	2.01
9	134459934	G	A	RAPGEF1	Silent	48	12	60	0.2	2	1	1	0.5333	1	0.5333	0.5333	False	0.75	2.01
9	135102304	A	G	NTNG2	Missense_Mutation	42	36	78	0.46153846153846156	2	1	1	1.2308	1	1.2308	1.0	True	0.75	2.01
9	135525660	A	G	DDX31	Missense_Mutation	55	28	83	0.3373493975903614	2	1	1	0.8996	1	0.8996	0.8996	True	0.75	2.01
9	135782200	A	G	TSC1	Silent	21	4	25	0.16	2	1	1	0.4267	1	0.4267	0.4267	False	0.75	2.01
9	136221568	A	G	SURF1	Missense_Mutation	36	15	51	0.29411764705882354	2	1	1	0.7843	1	0.7843	0.7843	False	0.75	2.01
9	136233518	A	G	SURF4	Missense_Mutation	30	20	50	0.4	2	1	1	1.0667	1	1.0667	1.0	True	0.75	2.01
9	136633611	G	A	VAV2	Missense_Mutation	45	5	50	0.1	2	1	1	0.2667	1	0.2667	0.2667	False	0.75	2.01
9	136905162	G	A	BRD3	Missense_Mutation	25	19	44	0.4318181818181818	2	1	1	1.1515	1	1.1515	1.0	True	0.75	2.01
9	137801878	C	A	FCN1	Silent	72	33	105	0.3142857142857143	2	1	1	0.8381	1	0.8381	0.8381	False	0.75	2.01
9	138376831	G	A	PPP1R26	Missense_Mutation	40	21	61	0.3442622950819672	2	1	1	0.918	1	0.918	0.918	True	0.75	2.01
9	138379322	A	G	PPP1R26	Missense_Mutation	25	17	42	0.40476190476190477	2	1	1	1.0794	1	1.0794	1.0	True	0.75	2.01
9	138908244	C	T	NACC2	Silent	89	49	138	0.35507246376811596	2	1	1	0.9469	1	0.9469	0.9469	True	0.75	2.01
9	139273548	T	C	SNAPC4	Missense_Mutation	9	5	14	0.35714285714285715	2	1	1	0.9524	1	0.9524	0.9524	True	0.75	2.01
9	139402574	G	T	NOTCH1	Missense_Mutation	39	18	57	0.3157894736842105	2	1	1	0.8421	1	0.8421	0.8421	False	0.75	2.01
9	139637338	C	T	LCN10	Silent	123	75	198	0.3787878787878788	2	1	1	1.0101	1	1.0101	1.0	True	0.75	2.01
9	139995964	C	T	MAN1B1	Missense_Mutation	8	9	17	0.5294117647058824	2	1	1	1.4118	1	1.4118	1.0	True	0.75	2.01
9	140002043	C	A	MAN1B1	Missense_Mutation	27	15	42	0.35714285714285715	2	1	1	0.9524	1	0.9524	0.9524	True	0.75	2.01
9	140120682	C	T	C9orf169	3'UTR	23	14	37	0.3783783783783784	2	1	1	1.009	1	1.009	1.0	True	0.75	2.01
9	140343666	G	A	NSMF	3'UTR	13	9	22	0.4090909090909091	2	1	1	1.0909	1	1.0909	1.0	True	0.75	2.01
9	140374850	G	A	PNPLA7	Missense_Mutation	52	36	88	0.4090909090909091	2	1	1	1.0909	1	1.0909	1.0	True	0.75	2.01
10	857321	A	G	LARP4B	3'UTR	14	11	25	0.44	2	1	1	1.1733	1	1.1733	1.0	True	0.75	2.01
10	2055624	T	C	LINC00700	RNA	58	30	88	0.3409090909090909	2	1	1	0.9091	1	0.9091	0.9091	True	0.75	2.01
10	5957508	C	T	FBXO18	Silent	65	5	70	0.07142857142857142	2	1	1	0.1905	1	0.1905	0.1905	False	0.75	2.01
10	7608060	C	T	ITIH5	Silent	37	29	66	0.4393939393939394	2	1	1	1.1717	1	1.1717	1.0	True	0.75	2.01
10	7751043	G	A	ITIH2	Missense_Mutation	42	16	58	0.27586206896551724	2	1	1	0.7356	1	0.7356	0.7356	False	0.75	2.01
10	11504477	C	T	USP6NL	Missense_Mutation	49	14	63	0.2222222222222222	2	1	1	0.5926	1	0.5926	0.5926	False	0.75	2.01
10	12292373	C	A	CDC123	3'UTR	43	5	48	0.10416666666666667	2	1	1	0.2778	1	0.2778	0.2778	False	0.75	2.01
10	15091745	T	C	OLAH	Silent	49	24	73	0.3287671232876712	2	1	1	0.8767	1	0.8767	0.8767	True	0.75	2.01
10	16555411	A	G	PTER	3'UTR	15	15	30	0.5	2	1	1	1.3333	1	1.3333	1.0	True	0.75	2.01
10	17110118	A	G	CUBN	Missense_Mutation	31	14	45	0.3111111111111111	2	1	1	0.8296	1	0.8296	0.8296	False	0.75	2.01
10	17757810	T	C	STAM	3'UTR	54	36	90	0.4	2	1	1	1.0667	1	1.0667	1.0	True	0.75	2.01
10	18276506	C	T	SLC39A12	Missense_Mutation	73	38	111	0.34234234234234234	2	1	1	0.9129	1	0.9129	0.9129	True	0.75	2.01
10	18885179	A	G	NSUN6	Silent	28	19	47	0.40425531914893614	2	1	1	1.078	1	1.078	1.0	True	0.75	2.01
10	21783472	C	T	CASC10	3'UTR	18	6	24	0.25	2	1	1	0.6667	1	0.6667	0.6667	False	0.75	2.01
10	24813543	C	A	KIAA1217	Silent	36	22	58	0.3793103448275862	2	1	1	1.0115	1	1.0115	1.0	True	0.75	2.01
10	24873554	T	C	ARHGAP21	Silent	86	53	139	0.381294964028777	2	1	1	1.0168	1	1.0168	1.0	True	0.75	2.01
10	24910075	A	G	ARHGAP21	Missense_Mutation	164	87	251	0.3466135458167331	2	1	1	0.9243	1	0.9243	0.9243	True	0.75	2.01
10	26506576	C	T	GAD2	Silent	44	33	77	0.42857142857142855	2	1	1	1.1429	1	1.1429	1.0	True	0.75	2.01
10	27302035	T	C	ANKRD26	Missense_Mutation	37	9	46	0.1956521739130435	2	1	1	0.5217	1	0.5217	0.5217	False	0.75	2.01
10	27822858	A	G	RAB18	Missense_Mutation	71	23	94	0.24468085106382978	2	1	1	0.6525	1	0.6525	0.6525	False	0.75	2.01
10	30653642	C	T	AL161651.1	3'Flank	84	40	124	0.3225806451612903	2	1	1	0.8602	1	0.8602	0.8602	True	0.75	2.01
10	30657191	G	T	AL161651.1	5'Flank	31	17	48	0.3541666666666667	2	1	1	0.9444	1	0.9444	0.9444	True	0.75	2.01
10	31812932	G	A	ZEB1	Silent	16	8	24	0.3333333333333333	2	1	1	0.8889	1	0.8889	0.8889	True	0.75	2.01
10	32101666	C	T	ARHGAP12	Silent	30	28	58	0.4827586206896552	2	1	1	1.2874	1	1.2874	1.0	True	0.75	2.01
10	32326291	C	T	KIF5B	Missense_Mutation	36	22	58	0.3793103448275862	2	1	1	1.0115	1	1.0115	1.0	True	0.75	2.01
10	35490406	A	G	CREM	Intron	11	8	19	0.42105263157894735	2	1	1	1.1228	1	1.1228	1.0	True	0.75	2.01
10	38343953	T	C	ZNF33A	Missense_Mutation	23	6	29	0.20689655172413793	2	1	1	0.5517	1	0.5517	0.5517	False	0.75	2.01
10	45496031	T	C	C10orf25	Missense_Mutation	26	14	40	0.35	2	1	1	0.9333	1	0.9333	0.9333	True	0.75	2.01
10	47087246	C	T	NPY4R	Nonsense_Mutation	101	18	119	0.15126050420168066	2	1	1	0.4034	1	0.4034	0.4034	False	0.75	2.01
10	49642966	C	T	MAPK8	Missense_Mutation	25	18	43	0.4186046511627907	2	1	1	1.1163	1	1.1163	1.0	True	0.75	2.01
10	51768686	A	G	AGAP6	Silent	234	29	263	0.11026615969581749	2	1	1	0.294	1	0.294	0.294	False	0.75	2.01
10	53457894	A	G	CSTF2T	Silent	22	16	38	0.42105263157894735	2	1	1	1.1228	1	1.1228	1.0	True	0.75	2.01
10	60129144	A	G	UBE2D1	3'UTR	33	20	53	0.37735849056603776	2	1	1	1.0063	1	1.0063	1.0	True	0.75	2.01
10	61835170	T	C	ANK3	Silent	10	8	18	0.4444444444444444	2	1	1	1.1852	1	1.1852	1.0	True	0.75	2.01
10	61973170	C	A	ANK3	Missense_Mutation	11	6	17	0.35294117647058826	2	1	1	0.9412	1	0.9412	0.9412	True	0.75	2.01
10	62023718	G	T	ANK3	Missense_Mutation	30	22	52	0.4230769230769231	2	1	1	1.1282	1	1.1282	1.0	True	0.75	2.01
10	63851757	G	A	ARID5B	Silent	29	14	43	0.32558139534883723	2	1	1	0.8682	1	0.8682	0.8682	True	0.75	2.01
10	63957651	T	A	RTKN2	3'UTR	21	13	34	0.38235294117647056	2	1	1	1.0196	1	1.0196	1.0	True	0.75	2.01
10	64572137	C	T	EGR2	3'UTR	32	4	36	0.1111111111111111	2	1	1	0.2963	1	0.2963	0.2963	False	0.75	2.01
10	64927262	T	C	JMJD1C	3'UTR	47	18	65	0.27692307692307694	2	1	1	0.7385	1	0.7385	0.7385	False	0.75	2.01
10	69648713	G	A	SIRT1	Silent	40	30	70	0.42857142857142855	2	1	1	1.1429	1	1.1429	1.0	True	0.75	2.01
10	70123408	A	G	RUFY2	Silent	16	5	21	0.23809523809523808	2	1	1	0.6349	1	0.6349	0.6349	False	0.75	2.01
10	70209994	T	C	DNA2	Missense_Mutation	29	19	48	0.3958333333333333	2	1	1	1.0556	1	1.0556	1.0	True	0.75	2.01
10	70765591	C	T	KIAA1279	Missense_Mutation	35	25	60	0.4166666666666667	2	1	1	1.1111	1	1.1111	1.0	True	0.75	2.01
10	71164756	C	T	TACR2	Silent	57	5	62	0.08064516129032258	2	1	1	0.2151	1	0.2151	0.2151	False	0.75	2.01
10	71973347	T	C	PPA1	Splice_Site	28	14	42	0.3333333333333333	2	1	1	0.8889	1	0.8889	0.8889	True	0.75	2.01
10	72628127	T	C	SGPL1	Missense_Mutation	39	16	55	0.2909090909090909	2	1	1	0.7758	1	0.7758	0.7758	False	0.75	2.01
10	73508562	C	T	C10orf54	3'UTR	38	16	54	0.2962962962962963	2	1	1	0.7901	1	0.7901	0.7901	False	0.75	2.01
10	73574993	C	T	CDH23	Silent	45	17	62	0.27419354838709675	2	1	1	0.7312	1	0.7312	0.7312	False	0.75	2.01
10	74096450	C	T	DNAJB12	Missense_Mutation	19	14	33	0.42424242424242425	2	1	1	1.1313	1	1.1313	1.0	True	0.75	2.01
10	74952370	A	G	FAM149B1	Silent	17	8	25	0.32	2	1	1	0.8533	1	0.8533	0.8533	True	0.75	2.01
10	75415682	G	A	SYNPO2L	5'UTR	37	16	53	0.3018867924528302	2	1	1	0.805	1	0.805	0.805	False	0.75	2.01
10	75434061	C	A	AGAP5	3'UTR	65	8	73	0.1095890410958904	2	1	1	0.2922	1	0.2922	0.2922	False	0.75	2.01
10	75556742	A	G	ZSWIM8	Missense_Mutation	46	5	51	0.09803921568627451	2	1	1	0.2614	1	0.2614	0.2614	False	0.75	2.01
10	75676146	G	T	PLAU	Splice_Site	63	28	91	0.3076923076923077	2	1	1	0.8205	1	0.8205	0.8205	False	0.75	2.01
10	75860773	C	T	VCL	Missense_Mutation	13	17	30	0.5666666666666667	2	1	1	1.5111	1	1.5111	1.0	True	0.75	2.01
10	77157697	T	C	ZNF503	3'UTR	36	11	47	0.23404255319148937	2	1	1	0.6241	1	0.6241	0.6241	False	0.75	2.01
10	77157907	C	T	ZNF503	3'UTR	33	12	45	0.26666666666666666	2	1	1	0.7111	1	0.7111	0.7111	False	0.75	2.01
10	77157908	A	C	ZNF503	3'UTR	31	12	43	0.27906976744186046	2	1	1	0.7442	1	0.7442	0.7442	False	0.75	2.01
10	77167124	G	A	RP11-399K21.14	5'Flank	56	24	80	0.3	2	1	1	0.8	1	0.8	0.8	False	0.75	2.01
10	78644885	C	T	KCNMA1	3'Flank	19	10	29	0.3448275862068966	2	1	1	0.9195	1	0.9195	0.9195	True	0.75	2.01
10	79580989	A	G	DLG5	Missense_Mutation	32	19	51	0.37254901960784315	2	1	1	0.9935	1	0.9935	0.9935	True	0.75	2.01
10	82278810	A	G	TSPAN14	3'UTR	20	10	30	0.3333333333333333	2	1	1	0.8889	1	0.8889	0.8889	True	0.75	2.01
10	88260414	C	T	WAPAL	Missense_Mutation	15	10	25	0.4	2	1	1	1.0667	1	1.0667	1.0	True	0.75	2.01
10	88649819	G	A	BMPR1A	Missense_Mutation	23	18	41	0.43902439024390244	2	1	1	1.1707	1	1.1707	1.0	True	0.75	2.01
10	88730526	C	A	ADIRF	3'UTR	13	12	25	0.48	2	1	1	1.28	1	1.28	1.0	True	0.75	2.01
10	89126094	C	T	NUTM2D	Intron	113	18	131	0.13740458015267176	2	1	1	0.3664	1	0.3664	0.3664	False	0.75	2.01
10	89692768	A	T	PTEN	Splice_Site	37	20	57	0.3508771929824561	2	1	1	0.9357	1	0.9357	0.9357	True	0.75	2.01
10	89717672	C	T	PTEN	Nonsense_Mutation	45	24	69	0.34782608695652173	2	1	1	0.9275	1	0.9275	0.9275	True	0.75	2.01
10	90986748	C	T	LIPA	Missense_Mutation	55	28	83	0.3373493975903614	2	1	1	0.8996	1	0.8996	0.8996	True	0.75	2.01
10	91162796	G	C	IFIT1	Missense_Mutation	27	14	41	0.34146341463414637	2	1	1	0.9106	1	0.9106	0.9106	True	0.75	2.01
10	92509078	G	T	HTR7	Silent	27	21	48	0.4375	2	1	1	1.1667	1	1.1667	1.0	True	0.75	2.01
10	95347042	C	A	FFAR4	Silent	30	28	58	0.4827586206896552	2	1	1	1.2874	1	1.2874	1.0	True	0.75	2.01
10	97786968	G	T	CC2D2B	Splice_Site	25	12	37	0.32432432432432434	2	1	1	0.8649	1	0.8649	0.8649	True	0.75	2.01
10	97919851	A	G	ZNF518A	RNA	17	13	30	0.43333333333333335	2	1	1	1.1556	1	1.1556	1.0	True	0.75	2.01
10	97920706	C	T	ZNF518A	RNA	13	9	22	0.4090909090909091	2	1	1	1.0909	1	1.0909	1.0	True	0.75	2.01
10	97964352	G	A	BLNK	Missense_Mutation	42	19	61	0.3114754098360656	2	1	1	0.8306	1	0.8306	0.8306	False	0.75	2.01
10	99211462	C	A	ZDHHC16	Silent	21	14	35	0.4	2	1	1	1.0667	1	1.0667	1.0	True	0.75	2.01
10	99211553	T	A	ZDHHC16	Missense_Mutation	37	27	64	0.421875	2	1	1	1.125	1	1.125	1.0	True	0.75	2.01
10	99338056	C	T	ANKRD2	Silent	13	9	22	0.4090909090909091	2	1	1	1.0909	1	1.0909	1.0	True	0.75	2.01
10	99410809	T	C	PI4K2A	Missense_Mutation	58	22	80	0.275	2	1	1	0.7333	1	0.7333	0.7333	False	0.75	2.01
10	101163307	C	T	GOT1	Missense_Mutation	43	23	66	0.3484848484848485	2	1	1	0.9293	1	0.9293	0.9293	True	0.75	2.01
10	101165605	A	G	GOT1	Missense_Mutation	15	5	20	0.25	2	1	1	0.6667	1	0.6667	0.6667	False	0.75	2.01
10	102510463	C	A	PAX2	Silent	23	29	52	0.5576923076923077	2	1	1	1.4872	1	1.4872	1.0	True	0.75	2.01
10	102722604	G	A	FAM178A	3'Flank	32	14	46	0.30434782608695654	2	1	1	0.8116	1	0.8116	0.8116	False	0.75	2.01
10	102722627	C	T	FAM178A	3'Flank	27	16	43	0.37209302325581395	2	1	1	0.9922	1	0.9922	0.9922	True	0.75	2.01
10	102762302	A	G	LZTS2	Missense_Mutation	74	39	113	0.34513274336283184	2	1	1	0.9204	1	0.9204	0.9204	True	0.75	2.01
10	102826246	G	A	KAZALD1	3'Flank	61	31	92	0.33695652173913043	2	1	1	0.8986	1	0.8986	0.8986	True	0.75	2.01
10	102896514	G	A	TLX1	Silent	31	8	39	0.20512820512820512	2	1	1	0.547	1	0.547	0.547	False	0.75	2.01
10	103986405	T	C	ELOVL3	Missense_Mutation	56	18	74	0.24324324324324326	2	1	1	0.6486	1	0.6486	0.6486	False	0.75	2.01
10	104248846	C	T	ACTR1A	Missense_Mutation	38	26	64	0.40625	2	1	1	1.0833	1	1.0833	1.0	True	0.75	2.01
10	105890009	T	C	WDR96	Missense_Mutation	59	43	102	0.4215686274509804	2	1	1	1.1242	1	1.1242	1.0	True	0.75	2.01
10	105939632	T	C	WDR96	Missense_Mutation	30	19	49	0.3877551020408163	2	1	1	1.034	1	1.034	1.0	True	0.75	2.01
10	105953593	G	A	WDR96	Intron	34	27	61	0.4426229508196721	2	1	1	1.1803	1	1.1803	1.0	True	0.75	2.01
10	106027039	T	C	GSTO1	Missense_Mutation	43	32	75	0.4266666666666667	2	1	1	1.1378	1	1.1378	1.0	True	0.75	2.01
10	106974308	G	A	SORCS3	Silent	28	19	47	0.40425531914893614	2	1	1	1.078	1	1.078	1.0	True	0.75	2.01
10	108923908	C	T	SORCS1	Missense_Mutation	19	10	29	0.3448275862068966	2	1	1	0.9195	1	0.9195	0.9195	True	0.75	2.01
10	118644587	A	G	KIAA1598	3'UTR	17	6	23	0.2608695652173913	2	1	1	0.6957	1	0.6957	0.6957	False	0.75	2.01
10	119764500	A	T	RAB11FIP2	3'UTR	16	26	42	0.6190476190476191	2	1	1	1.6508	1	1.6508	1.0	True	0.75	2.01
10	123970932	C	T	TACC2	Missense_Mutation	3	26	29	0.896551724137931	2	1	1	2.3908	1	2.3908	1.0	True	0.75	2.01
10	124594415	T	C	CUZD1	Missense_Mutation	61	8	69	0.11594202898550725	2	1	1	0.3092	1	0.3092	0.3092	False	0.75	2.01
10	125767362	C	T	CHST15	3'UTR	40	4	44	0.09090909090909091	2	1	1	0.2424	1	0.2424	0.2424	False	0.75	2.01
10	126311879	C	T	FAM53B	Missense_Mutation	15	47	62	0.7580645161290323	2	1	1	2.0215	1	2.0215	1.0	True	0.75	2.01
10	128935550	C	A	FAM196A	3'UTR	16	32	48	0.6666666666666666	2	1	1	1.7778	1	1.7778	1.0	True	0.75	2.01
10	129906466	G	C	MKI67	Missense_Mutation	24	87	111	0.7837837837837838	2	1	1	2.0901	1	2.0901	1.0	True	0.75	2.01
10	134004330	G	T	DPYSL4	Missense_Mutation	19	44	63	0.6984126984126984	2	1	1	1.8624	1	1.8624	1.0	True	0.75	2.01
10	135009165	A	G	KNDC1	Splice_Site	41	112	153	0.7320261437908496	2	1	1	1.9521	1	1.9521	1.0	True	0.75	2.01
11	211345	A	G	RIC8A	Missense_Mutation	30	26	56	0.4642857142857143	2	1	1	1.2381	1	1.2381	1.0	True	0.75	2.01
11	290435	A	G	ATHL1	Missense_Mutation	37	21	58	0.3620689655172414	2	1	1	0.9655	1	0.9655	0.9655	True	0.75	2.01
11	988585	G	A	AP2A2	Missense_Mutation	101	7	108	0.06481481481481481	2	1	1	0.1728	1	0.1728	0.1728	False	0.75	2.01
11	1102486	T	C	MUC2	Missense_Mutation	16	7	23	0.30434782608695654	2	1	1	0.8116	1	0.8116	0.8116	False	0.75	2.01
11	1159047	T	C	MUC5AC	Missense_Mutation	66	9	75	0.12	2	1	1	0.32	1	0.32	0.32	False	0.75	2.01
11	1253930	G	A	MUC5B	Silent	17	4	21	0.19047619047619047	2	1	1	0.5079	1	0.5079	0.5079	False	0.75	2.01
11	1281311	G	A	MUC5B	Missense_Mutation	34	9	43	0.20930232558139536	2	1	1	0.5581	1	0.5581	0.5581	False	0.75	2.01
11	1944783	A	G	TNNT3	Splice_Site	43	26	69	0.37681159420289856	2	1	1	1.0048	1	1.0048	1.0	True	0.75	2.01
11	2182195	G	T	INS-IGF2	Missense_Mutation	43	21	64	0.328125	2	1	1	0.875	1	0.875	0.875	True	0.75	2.01
11	2904809	T	C	CDKN1C	3'UTR	17	7	24	0.2916666666666667	2	1	1	0.7778	1	0.7778	0.7778	False	0.75	2.01
11	3129063	T	C	OSBPL5	Silent	127	63	190	0.33157894736842103	2	1	1	0.8842	1	0.8842	0.8842	True	0.75	2.01
11	4112533	G	A	STIM1	Silent	39	42	81	0.5185185185185185	2	1	1	1.3827	1	1.3827	1.0	True	0.75	2.01
11	4870014	G	A	OR51S1	Missense_Mutation	38	24	62	0.3870967741935484	2	1	1	1.0323	1	1.0323	1.0	True	0.75	2.01
11	5153060	T	C	OR52A5	Missense_Mutation	14	19	33	0.5757575757575758	2	1	1	1.5354	1	1.5354	1.0	True	0.75	2.01
11	5624518	G	T	TRIM6-TRIM34	Missense_Mutation	33	16	49	0.32653061224489793	2	1	1	0.8707	1	0.8707	0.8707	True	0.75	2.01
11	5624967	T	C	TRIM6	Splice_Site	56	26	82	0.3170731707317073	2	1	1	0.8455	1	0.8455	0.8455	False	0.75	2.01
11	5727832	T	C	TRIM22	Silent	74	40	114	0.3508771929824561	2	1	1	0.9357	1	0.9357	0.9357	True	0.75	2.01
11	6497304	T	C	ARFIP2	3'UTR	55	35	90	0.3888888888888889	2	1	1	1.037	1	1.037	1.0	True	0.75	2.01
11	6566228	T	C	DNHD1	Silent	50	29	79	0.3670886075949367	2	1	1	0.9789	1	0.9789	0.9789	True	0.75	2.01
11	6653855	G	A	DCHS1	Missense_Mutation	32	15	47	0.3191489361702128	2	1	1	0.8511	1	0.8511	0.8511	True	0.75	2.01
11	6741963	G	A	GVINP1	RNA	27	14	41	0.34146341463414637	2	1	1	0.9106	1	0.9106	0.9106	True	0.75	2.01
11	6867511	G	A	OR10A5	Missense_Mutation	130	31	161	0.19254658385093168	2	1	1	0.5135	1	0.5135	0.5135	False	0.75	2.01
11	7669659	T	C	PPFIBP2	Missense_Mutation	39	17	56	0.30357142857142855	2	1	1	0.8095	1	0.8095	0.8095	False	0.75	2.01
11	7818305	A	G	OR5P2	Missense_Mutation	32	18	50	0.36	2	1	1	0.96	1	0.96	0.96	True	0.75	2.01
11	11374381	T	C	CSNK2A3	Missense_Mutation	85	45	130	0.34615384615384615	2	1	1	0.9231	1	0.9231	0.9231	True	0.75	2.01
11	11964567	A	G	USP47	Missense_Mutation	12	10	22	0.45454545454545453	2	1	1	1.2121	1	1.2121	1.0	True	0.75	2.01
11	14865574	T	C	PDE3B	Splice_Site	19	6	25	0.24	2	1	1	0.64	1	0.64	0.64	False	0.75	2.01
11	14900680	G	A	CYP2R1	Missense_Mutation	25	15	40	0.375	2	1	1	1.0	1	1.0	1.0	True	0.75	2.01
11	17135988	G	A	PIK3C2A	Nonsense_Mutation	36	16	52	0.3076923076923077	2	1	1	0.8205	1	0.8205	0.8205	False	0.75	2.01
11	18387675	C	T	GTF2H1	3'UTR	13	8	21	0.38095238095238093	2	1	1	1.0159	1	1.0159	1.0	True	0.75	2.01
11	22397630	C	T	SLC17A6	Missense_Mutation	31	11	42	0.2619047619047619	2	1	1	0.6984	1	0.6984	0.6984	False	0.75	2.01
11	22833456	G	A	GAS2	Missense_Mutation	24	16	40	0.4	2	1	1	1.0667	1	1.0667	1.0	True	0.75	2.01
11	27384533	A	T	CCDC34	Missense_Mutation	29	15	44	0.3409090909090909	2	1	1	0.9091	1	0.9091	0.9091	True	0.75	2.01
11	43365629	G	A	API5	3'Flank	27	8	35	0.22857142857142856	2	1	1	0.6095	1	0.6095	0.6095	False	0.75	2.01
11	45204569	T	C	PRDM11	Silent	44	17	61	0.2786885245901639	2	1	1	0.7432	1	0.7432	0.7432	False	0.75	2.01
11	45880339	C	T	CRY2	Missense_Mutation	39	18	57	0.3157894736842105	2	1	1	0.8421	1	0.8421	0.8421	False	0.75	2.01
11	45959791	G	A	PHF21A	Missense_Mutation	22	7	29	0.2413793103448276	2	1	1	0.6437	1	0.6437	0.6437	False	0.75	2.01
11	46727013	A	G	ZNF408	Missense_Mutation	29	8	37	0.21621621621621623	2	1	1	0.5766	1	0.5766	0.5766	False	0.75	2.01
11	47431835	C	T	SLC39A13	Missense_Mutation	26	19	45	0.4222222222222222	2	1	1	1.1259	1	1.1259	1.0	True	0.75	2.01
11	47470464	T	C	RAPSN	Missense_Mutation	62	23	85	0.27058823529411763	2	1	1	0.7216	1	0.7216	0.7216	False	0.75	2.01
11	47765693	T	C	FNBP4	Missense_Mutation	13	16	29	0.5517241379310345	2	1	1	1.4713	1	1.4713	1.0	True	0.75	2.01
11	48285848	G	A	OR4X1	Missense_Mutation	52	29	81	0.35802469135802467	2	1	1	0.9547	1	0.9547	0.9547	True	0.75	2.01
11	48347127	T	C	OR4C3	Missense_Mutation	122	31	153	0.20261437908496732	2	1	1	0.5403	1	0.5403	0.5403	False	0.75	2.01
11	55064953	A	G	TRIM51HP	Splice_Site	104	49	153	0.3202614379084967	2	1	1	0.854	1	0.854	0.854	True	0.75	2.01
11	55595273	T	C	OR5L2	Silent	50	22	72	0.3055555555555556	2	1	1	0.8148	1	0.8148	0.8148	False	0.75	2.01
11	56086612	A	G	OR8K3	Missense_Mutation	32	30	62	0.4838709677419355	2	1	1	1.2903	1	1.2903	1.0	True	0.75	2.01
11	56237145	T	C	OR5M3	Missense_Mutation	28	17	45	0.37777777777777777	2	1	1	1.0074	1	1.0074	1.0	True	0.75	2.01
11	56950127	C	A	LRRC55	Missense_Mutation	37	25	62	0.4032258064516129	2	1	1	1.0753	1	1.0753	1.0	True	0.75	2.01
11	57076966	A	G	TNKS1BP1	Silent	33	12	45	0.26666666666666666	2	1	1	0.7111	1	0.7111	0.7111	False	0.75	2.01
11	57087703	C	T	TNKS1BP1	Missense_Mutation	28	11	39	0.28205128205128205	2	1	1	0.7521	1	0.7521	0.7521	False	0.75	2.01
11	57177525	A	G	SLC43A3	Missense_Mutation	39	17	56	0.30357142857142855	2	1	1	0.8095	1	0.8095	0.8095	False	0.75	2.01
11	57408751	C	T	YPEL4	3'Flank	25	16	41	0.3902439024390244	2	1	1	1.0407	1	1.0407	1.0	True	0.75	2.01
11	57428555	C	T	CLP1	Nonsense_Mutation	49	21	70	0.3	2	1	1	0.8	1	0.8	0.8	False	0.75	2.01
11	57799131	C	A	OR6Q1	Missense_Mutation	22	14	36	0.3888888888888889	2	1	1	1.037	1	1.037	1.0	True	0.75	2.01
11	57947633	C	A	OR9Q1	Silent	59	29	88	0.32954545454545453	2	1	1	0.8788	1	0.8788	0.8788	True	0.75	2.01
11	57948732	T	C	OR9Q1	3'UTR	15	17	32	0.53125	2	1	1	1.4167	1	1.4167	1.0	True	0.75	2.01
11	58035018	G	T	OR10W1	Missense_Mutation	36	32	68	0.47058823529411764	2	1	1	1.2549	1	1.2549	1.0	True	0.75	2.01
11	58170232	T	C	OR5B3	Silent	31	11	42	0.2619047619047619	2	1	1	0.6984	1	0.6984	0.6984	False	0.75	2.01
11	58190427	A	G	OR5B2	Missense_Mutation	43	24	67	0.3582089552238806	2	1	1	0.9552	1	0.9552	0.9552	True	0.75	2.01
11	61081169	C	T	DDB1	Missense_Mutation	30	15	45	0.3333333333333333	2	1	1	0.8889	1	0.8889	0.8889	True	0.75	2.01
11	61249279	A	G	RP11-286N22.8	Missense_Mutation	30	8	38	0.21052631578947367	2	1	1	0.5614	1	0.5614	0.5614	False	0.75	2.01
11	61644414	A	G	FADS3	Missense_Mutation	7	9	16	0.5625	2	1	1	1.5	1	1.5	1.0	True	0.75	2.01
11	61725895	G	C	BEST1	Intron	9	5	14	0.35714285714285715	2	1	1	0.9524	1	0.9524	0.9524	True	0.75	2.01
11	62747019	C	A	SLC22A6	Silent	18	20	38	0.5263157894736842	2	1	1	1.4035	1	1.4035	1.0	True	0.75	2.01
11	64111969	T	G	CCDC88B	Silent	36	3	39	0.07692307692307693	2	1	1	0.2051	1	0.2051	0.2051	False	0.75	2.01
11	64116801	A	G	CCDC88B	Splice_Site	30	18	48	0.375	2	1	1	1.0	1	1.0	1.0	True	0.75	2.01
11	64882231	G	A	TM7SF2	Missense_Mutation	49	24	73	0.3287671232876712	2	1	1	0.8767	1	0.8767	0.8767	True	0.75	2.01
11	64895341	C	T	SYVN1	3'UTR	24	17	41	0.4146341463414634	2	1	1	1.1057	1	1.1057	1.0	True	0.75	2.01
11	64895385	A	G	SYVN1	3'UTR	20	15	35	0.42857142857142855	2	1	1	1.1429	1	1.1429	1.0	True	0.75	2.01
11	65123729	T	C	TIGD3	Silent	15	13	28	0.4642857142857143	2	1	1	1.2381	1	1.2381	1.0	True	0.75	2.01
11	65374173	C	T	MAP3K11	Missense_Mutation	34	16	50	0.32	2	1	1	0.8533	1	0.8533	0.8533	True	0.75	2.01
11	65388418	T	C	PCNXL3	Missense_Mutation	57	30	87	0.3448275862068966	2	1	1	0.9195	1	0.9195	0.9195	True	0.75	2.01
11	65634501	C	T	EFEMP2	Missense_Mutation	32	22	54	0.4074074074074074	2	1	1	1.0864	1	1.0864	1.0	True	0.75	2.01
11	65767035	T	C	EIF1AD	Intron	27	10	37	0.2702702702702703	2	1	1	0.7207	1	0.7207	0.7207	False	0.75	2.01
11	65780813	T	G	CST6	Missense_Mutation	43	19	62	0.3064516129032258	2	1	1	0.8172	1	0.8172	0.8172	False	0.75	2.01
11	65788633	A	G	CATSPER1	Missense_Mutation	77	32	109	0.29357798165137616	2	1	1	0.7829	1	0.7829	0.7829	False	0.75	2.01
11	66631298	C	T	PC	Missense_Mutation	38	12	50	0.24	2	1	1	0.64	1	0.64	0.64	False	0.75	2.01
11	67433030	G	T	ALDH3B2	Silent	46	40	86	0.46511627906976744	2	1	1	1.2403	1	1.2403	1.0	True	0.75	2.01
11	67766697	G	A	UNC93B1	Silent	30	19	49	0.3877551020408163	2	1	1	1.034	1	1.034	1.0	True	0.75	2.01
11	67818026	C	T	TCIRG1	Missense_Mutation	100	52	152	0.34210526315789475	2	1	1	0.9123	1	0.9123	0.9123	True	0.75	2.01
11	68115468	T	C	LRP5	Missense_Mutation	29	25	54	0.46296296296296297	2	1	1	1.2346	1	1.2346	1.0	True	0.75	2.01
11	70348916	T	C	SHANK2	Missense_Mutation	69	4	73	0.0547945205479452	2	1	1	0.1461	1	0.1461	0.1461	False	0.75	2.01
11	71698118	C	T	RNF121	Missense_Mutation	42	27	69	0.391304347826087	2	1	1	1.0435	1	1.0435	1.0	True	0.75	2.01
11	71948464	C	T	INPPL1	Missense_Mutation	63	39	102	0.38235294117647056	2	1	1	1.0196	1	1.0196	1.0	True	0.75	2.01
11	72537260	G	C	ATG16L2	Missense_Mutation	20	11	31	0.3548387096774194	2	1	1	0.9462	1	0.9462	0.9462	True	0.75	2.01
11	72946171	C	T	P2RY2	Missense_Mutation	23	11	34	0.3235294117647059	2	1	1	0.8627	1	0.8627	0.8627	True	0.75	2.01
11	73021802	C	T	ARHGEF17	Missense_Mutation	36	16	52	0.3076923076923077	2	1	1	0.8205	1	0.8205	0.8205	False	0.75	2.01
11	73388451	C	T	RAB6A	3'UTR	35	13	48	0.2708333333333333	2	1	1	0.7222	1	0.7222	0.7222	False	0.75	2.01
11	73686114	T	C	UCP2	Missense_Mutation	29	16	45	0.35555555555555557	2	1	1	0.9481	1	0.9481	0.9481	True	0.75	2.01
11	74329739	C	T	POLD3	Nonsense_Mutation	21	13	34	0.38235294117647056	2	1	1	1.0196	1	1.0196	1.0	True	0.75	2.01
11	74883562	A	G	SLCO2B1	Missense_Mutation	57	27	84	0.32142857142857145	2	1	1	0.8571	1	0.8571	0.8571	True	0.75	2.01
11	76158014	T	C	C11orf30	Missense_Mutation	58	20	78	0.2564102564102564	2	1	1	0.6838	1	0.6838	0.6838	False	0.75	2.01
11	76751910	A	G	B3GNT6	3'UTR	14	9	23	0.391304347826087	2	1	1	1.0435	1	1.0435	1.0	True	0.75	2.01
11	76925017	C	T	MYO7A	Missense_Mutation	26	19	45	0.4222222222222222	2	1	1	1.1259	1	1.1259	1.0	True	0.75	2.01
11	78433833	T	C	TENM4	Missense_Mutation	36	22	58	0.3793103448275862	2	1	1	1.0115	1	1.0115	1.0	True	0.75	2.01
11	78443609	T	C	TENM4	Missense_Mutation	33	20	53	0.37735849056603776	2	1	1	1.0063	1	1.0063	1.0	True	0.75	2.01
11	82444461	C	T	FAM181B	Missense_Mutation	14	8	22	0.36363636363636365	2	1	1	0.9697	1	0.9697	0.9697	True	0.75	2.01
11	82693255	A	G	RAB30	Silent	28	17	45	0.37777777777777777	2	1	1	1.0074	1	1.0074	1.0	True	0.75	2.01
11	82877009	T	C	PCF11	Missense_Mutation	19	12	31	0.3870967741935484	2	1	1	1.0323	1	1.0323	1.0	True	0.75	2.01
11	82896413	G	A	PCF11	3'UTR	7	5	12	0.4166666666666667	2	1	1	1.1111	1	1.1111	1.0	True	0.75	2.01
11	83166718	T	C	DLG2	3'Flank	49	27	76	0.35526315789473684	2	1	1	0.9474	1	0.9474	0.9474	True	0.75	2.01
11	83168588	G	A	DLG2	3'Flank	5	11	16	0.6875	2	1	1	1.8333	1	1.8333	1.0	True	0.75	2.01
11	88386556	G	A	GRM5	Silent	30	25	55	0.45454545454545453	2	1	1	1.2121	1	1.2121	1.0	True	0.75	2.01
11	92086358	G	T	FAT3	Missense_Mutation	28	16	44	0.36363636363636365	2	1	1	0.9697	1	0.9697	0.9697	True	0.75	2.01
11	92703006	G	T	MTNR1B	Missense_Mutation	15	11	26	0.4230769230769231	2	1	1	1.1282	1	1.1282	1.0	True	0.75	2.01
11	94278153	C	A	FUT4	Missense_Mutation	25	12	37	0.32432432432432434	2	1	1	0.8649	1	0.8649	0.8649	True	0.75	2.01
11	94759920	A	G	KDM4E	Missense_Mutation	19	14	33	0.42424242424242425	2	1	1	1.1313	1	1.1313	1.0	True	0.75	2.01
11	99715708	G	A	CNTN5	Splice_Site	43	15	58	0.25862068965517243	2	1	1	0.6897	1	0.6897	0.6897	False	0.75	2.01
11	100168369	C	T	CNTN5	Missense_Mutation	72	45	117	0.38461538461538464	2	1	1	1.0256	1	1.0256	1.0	True	0.75	2.01
11	100864070	T	A	TMEM133	3'UTR	33	17	50	0.34	2	1	1	0.9067	1	0.9067	0.9067	True	0.75	2.01
11	100999667	C	T	PGR	Silent	52	31	83	0.37349397590361444	2	1	1	0.996	1	0.996	0.996	True	0.75	2.01
11	105481698	C	T	GRIA4	5'UTR	47	16	63	0.25396825396825395	2	1	1	0.6772	1	0.6772	0.6772	False	0.75	2.01
11	105878884	T	C	MSANTD4	3'UTR	19	11	30	0.36666666666666664	2	1	1	0.9778	1	0.9778	0.9778	True	0.75	2.01
11	107677558	C	T	SLC35F2	Nonsense_Mutation	28	11	39	0.28205128205128205	2	1	1	0.7521	1	0.7521	0.7521	False	0.75	2.01
11	108043305	G	A	NPAT	Silent	26	8	34	0.23529411764705882	2	1	1	0.6275	1	0.6275	0.6275	False	0.75	2.01
11	108124699	T	C	ATM	Missense_Mutation	16	6	22	0.2727272727272727	2	1	1	0.7273	1	0.7273	0.7273	False	0.75	2.01
11	110036295	C	T	ZC3H12C	Nonsense_Mutation	35	17	52	0.3269230769230769	2	1	1	0.8718	1	0.8718	0.8718	True	0.75	2.01
11	110143288	A	G	RDX	Silent	41	18	59	0.3050847457627119	2	1	1	0.8136	1	0.8136	0.8136	False	0.75	2.01
11	111574132	G	A	SIK2	Silent	22	11	33	0.3333333333333333	2	1	1	0.8889	1	0.8889	0.8889	True	0.75	2.01
11	111596435	C	T	SIK2	3'UTR	40	15	55	0.2727272727272727	2	1	1	0.7273	1	0.7273	0.7273	False	0.75	2.01
11	111724201	A	G	ALG9	Missense_Mutation	10	5	15	0.3333333333333333	2	1	1	0.8889	1	0.8889	0.8889	True	0.75	2.01
11	111808168	A	C	DIXDC1	5'UTR	17	3	20	0.15	2	1	1	0.4	1	0.4	0.4	False	0.75	2.01
11	112072818	T	C	BCO2	Missense_Mutation	21	17	38	0.4473684210526316	2	1	1	1.193	1	1.193	1.0	True	0.75	2.01
11	116729017	T	C	SIK3	Missense_Mutation	37	34	71	0.4788732394366197	2	1	1	1.277	1	1.277	1.0	True	0.75	2.01
11	117150915	T	C	RNF214	Missense_Mutation	48	6	54	0.1111111111111111	2	1	1	0.2963	1	0.2963	0.2963	False	0.75	2.01
11	117157492	T	C	BACE1	3'UTR	64	36	100	0.36	2	1	1	0.96	1	0.96	0.96	True	0.75	2.01
11	117279619	G	A	CEP164	Missense_Mutation	16	13	29	0.4482758620689655	2	1	1	1.1954	1	1.1954	1.0	True	0.75	2.01
11	118371851	C	T	KMT2A	Missense_Mutation	4	4	8	0.5	2	1	1	1.3333	1	1.3333	1.0	True	0.75	2.01
11	119054468	T	C	NLRX1	3'UTR	70	32	102	0.3137254901960784	2	1	1	0.8366	1	0.8366	0.8366	False	0.75	2.01
11	119340537	T	C	USP2-AS1	RNA	48	21	69	0.30434782608695654	2	1	1	0.8116	1	0.8116	0.8116	False	0.75	2.01
11	120337927	C	T	ARHGEF12	Missense_Mutation	19	6	25	0.24	2	1	1	0.64	1	0.64	0.64	False	0.75	2.01
11	122720796	A	G	CRTAM	Missense_Mutation	35	20	55	0.36363636363636365	2	1	1	0.9697	1	0.9697	0.9697	True	0.75	2.01
11	124747505	G	A	ROBO3	Silent	44	19	63	0.30158730158730157	2	1	1	0.8042	1	0.8042	0.8042	False	0.75	2.01
11	125472818	C	T	STT3A	Missense_Mutation	144	16	160	0.1	2	1	1	0.2667	1	0.2667	0.2667	False	0.75	2.01
11	126120516	T	G	FAM118B	Missense_Mutation	38	16	54	0.2962962962962963	2	1	1	0.7901	1	0.7901	0.7901	False	0.75	2.01
11	129755402	G	A	NFRKB	Nonsense_Mutation	44	25	69	0.36231884057971014	2	1	1	0.9662	1	0.9662	0.9662	True	0.75	2.01
11	130785578	G	A	SNX19	Missense_Mutation	51	33	84	0.39285714285714285	2	1	1	1.0476	1	1.0476	1.0	True	0.75	2.01
11	132206514	A	G	NTM	3'Flank	18	12	30	0.4	2	1	1	1.0667	1	1.0667	1.0	True	0.75	2.01
11	132285121	A	G	OPCML	3'UTR	9	7	16	0.4375	2	1	1	1.1667	1	1.1667	1.0	True	0.75	2.01
11	132288467	G	A	OPCML	3'UTR	20	10	30	0.3333333333333333	2	1	1	0.8889	1	0.8889	0.8889	True	0.75	2.01
11	133790851	C	T	IGSF9B	Silent	83	41	124	0.33064516129032256	2	1	1	0.8817	1	0.8817	0.8817	True	0.75	2.01
12	978043	A	G	WNK1	Intron	26	20	46	0.43478260869565216	2	1	1	1.1594	1	1.1594	1.0	True	0.75	2.01
12	1219442	A	G	ERC1	Missense_Mutation	28	17	45	0.37777777777777777	2	1	1	1.0074	1	1.0074	1.0	True	0.75	2.01
12	2910284	C	A	FKBP4	Missense_Mutation	44	21	65	0.3230769230769231	2	1	1	0.8615	1	0.8615	0.8615	True	0.75	2.01
12	5027245	G	A	KCNA1	3'UTR	39	14	53	0.2641509433962264	2	1	1	0.7044	1	0.7044	0.7044	False	0.75	2.01
12	5155193	A	G	KCNA5	3'UTR	32	13	45	0.28888888888888886	2	1	1	0.7704	1	0.7704	0.7704	False	0.75	2.01
12	5603869	A	G	NTF3	Silent	19	7	26	0.2692307692307692	2	1	1	0.7179	1	0.7179	0.7179	False	0.75	2.01
12	6438250	A	G	TNFRSF1A	3'UTR	21	6	27	0.2222222222222222	2	1	1	0.5926	1	0.5926	0.5926	False	0.75	2.01
12	6879330	A	G	PTMS	Silent	52	31	83	0.37349397590361444	2	1	1	0.996	1	0.996	0.996	True	0.75	2.01
12	6925216	C	T	CD4	Intron	29	22	51	0.43137254901960786	2	1	1	1.1503	1	1.1503	1.0	True	0.75	2.01
12	7125746	C	T	LPCAT3	5'UTR	27	18	45	0.4	2	1	1	1.0667	1	1.0667	1.0	True	0.75	2.01
12	9550194	T	C	RP13-735L24.1	RNA	46	21	67	0.31343283582089554	2	1	1	0.8358	1	0.8358	0.8358	False	0.75	2.01
12	10462228	T	C	KLRD1	Missense_Mutation	47	7	54	0.12962962962962962	2	1	1	0.3457	1	0.3457	0.3457	False	0.75	2.01
12	10462289	T	C	KLRD1	Splice_Site	35	13	48	0.2708333333333333	2	1	1	0.7222	1	0.7222	0.7222	False	0.75	2.01
12	10978336	A	T	TAS2R10	Missense_Mutation	31	16	47	0.3404255319148936	2	1	1	0.9078	1	0.9078	0.9078	True	0.75	2.01
12	12974600	G	T	DDX47	Missense_Mutation	40	23	63	0.36507936507936506	2	1	1	0.9735	1	0.9735	0.9735	True	0.75	2.01
12	13240173	A	G	GSG1	Missense_Mutation	31	10	41	0.24390243902439024	2	1	1	0.6504	1	0.6504	0.6504	False	0.75	2.01
12	21370145	T	C	SLCO1B1	Silent	54	24	78	0.3076923076923077	2	1	1	0.8205	1	0.8205	0.8205	False	0.75	2.01
12	21919229	T	C	KCNJ8	Missense_Mutation	76	36	112	0.32142857142857145	2	1	1	0.8571	1	0.8571	0.8571	True	0.75	2.01
12	21919442	T	C	KCNJ8	Missense_Mutation	20	6	26	0.23076923076923078	2	1	1	0.6154	1	0.6154	0.6154	False	0.75	2.01
12	22659661	A	G	C2CD5	Silent	16	13	29	0.4482758620689655	2	1	1	1.1954	1	1.1954	1.0	True	0.75	2.01
12	27077377	C	T	ASUN	Missense_Mutation	40	4	44	0.09090909090909091	2	1	1	0.2424	1	0.2424	0.2424	False	0.75	2.01
12	30848745	C	A	IPO8	5'UTR	5	4	9	0.4444444444444444	2	1	1	1.1852	1	1.1852	1.0	True	0.75	2.01
12	30894015	A	G	CAPRIN2	Missense_Mutation	12	6	18	0.3333333333333333	2	1	1	0.8889	1	0.8889	0.8889	True	0.75	2.01
12	40677727	T	C	LRRK2	Silent	15	6	21	0.2857142857142857	2	1	1	0.7619	1	0.7619	0.7619	False	0.75	2.01
12	40699724	C	T	LRRK2	Silent	29	10	39	0.2564102564102564	2	1	1	0.6838	1	0.6838	0.6838	False	0.75	2.01
12	40926862	C	T	MUC19	Intron	43	17	60	0.2833333333333333	2	1	1	0.7556	1	0.7556	0.7556	False	0.75	2.01
12	41323669	T	C	CNTN1	Missense_Mutation	37	21	58	0.3620689655172414	2	1	1	0.9655	1	0.9655	0.9655	True	0.75	2.01
12	41331469	A	G	CNTN1	Missense_Mutation	21	10	31	0.3225806451612903	2	1	1	0.8602	1	0.8602	0.8602	True	0.75	2.01
12	43862485	A	G	ADAMTS20	Missense_Mutation	24	13	37	0.35135135135135137	2	1	1	0.9369	1	0.9369	0.9369	True	0.75	2.01
12	46299998	T	A	ARID2	3'UTR	41	24	65	0.36923076923076925	2	1	1	0.9846	1	0.9846	0.9846	True	0.75	2.01
12	46316903	A	G	SCAF11	Missense_Mutation	40	24	64	0.375	2	1	1	1.0	1	1.0	1.0	True	0.75	2.01
12	46318833	T	C	SCAF11	Missense_Mutation	64	32	96	0.3333333333333333	2	1	1	0.8889	1	0.8889	0.8889	True	0.75	2.01
12	46662505	G	T	SLC38A1	5'UTR	12	8	20	0.4	2	1	1	1.0667	1	1.0667	1.0	True	0.75	2.01
12	49412670	C	T	PRKAG1	5'Flank	12	10	22	0.45454545454545453	2	1	1	1.2121	1	1.2121	1.0	True	0.75	2.01
12	49415494	C	T	KMT2D	3'UTR	32	3	35	0.08571428571428572	2	1	1	0.2286	1	0.2286	0.2286	False	0.75	2.01
12	49444340	G	A	KMT2D	Missense_Mutation	16	5	21	0.23809523809523808	2	1	1	0.6349	1	0.6349	0.6349	False	0.75	2.01
12	49934889	C	T	KCNH3	Missense_Mutation	15	7	22	0.3181818181818182	2	1	1	0.8485	1	0.8485	0.8485	False	0.75	2.01
12	51102328	A	G	DIP2B	Missense_Mutation	92	46	138	0.3333333333333333	2	1	1	0.8889	1	0.8889	0.8889	True	0.75	2.01
12	51207833	A	G	ATF1	Silent	16	12	28	0.42857142857142855	2	1	1	1.1429	1	1.1429	1.0	True	0.75	2.01
12	51510126	G	T	TFCP2	Missense_Mutation	14	10	24	0.4166666666666667	2	1	1	1.1111	1	1.1111	1.0	True	0.75	2.01
12	51591805	T	C	POU6F1	Intron	26	14	40	0.35	2	1	1	0.9333	1	0.9333	0.9333	True	0.75	2.01
12	52432505	A	G	NR4A1	Intron	21	6	27	0.2222222222222222	2	1	1	0.5926	1	0.5926	0.5926	False	0.75	2.01
12	52913762	A	G	KRT5	Missense_Mutation	81	38	119	0.31932773109243695	2	1	1	0.8515	1	0.8515	0.8515	True	0.75	2.01
12	52994936	T	A	KRT72	Missense_Mutation	35	25	60	0.4166666666666667	2	1	1	1.1111	1	1.1111	1.0	True	0.75	2.01
12	53416289	G	A	EIF4B	Missense_Mutation	48	32	80	0.4	2	1	1	1.0667	1	1.0667	1.0	True	0.75	2.01
12	53607478	G	A	RARG	Missense_Mutation	40	18	58	0.3103448275862069	2	1	1	0.8276	1	0.8276	0.8276	False	0.75	2.01
12	53680250	C	T	ESPL1	Nonsense_Mutation	28	32	60	0.5333333333333333	2	1	1	1.4222	1	1.4222	1.0	True	0.75	2.01
12	53877785	A	G	MAP3K12	Missense_Mutation	14	9	23	0.391304347826087	2	1	1	1.0435	1	1.0435	1.0	True	0.75	2.01
12	53895155	C	T	TARBP2	5'UTR	20	27	47	0.574468085106383	2	1	1	1.5319	1	1.5319	1.0	True	0.75	2.01
12	54108012	T	C	CALCOCO1	Missense_Mutation	33	14	47	0.2978723404255319	2	1	1	0.7943	1	0.7943	0.7943	False	0.75	2.01
12	56078564	A	G	ITGA7	3'UTR	17	7	24	0.2916666666666667	2	1	1	0.7778	1	0.7778	0.7778	False	0.75	2.01
12	56295580	C	T	WIBG	3'UTR	8	4	12	0.3333333333333333	2	1	1	0.8889	1	0.8889	0.8889	True	0.75	2.01
12	56999108	G	T	BAZ2A	Missense_Mutation	28	12	40	0.3	2	1	1	0.8	1	0.8	0.8	False	0.75	2.01
12	57109989	T	C	NACA	Silent	38	17	55	0.3090909090909091	2	1	1	0.8242	1	0.8242	0.8242	False	0.75	2.01
12	57619728	A	T	NXPH4	3'UTR	41	24	65	0.36923076923076925	2	1	1	0.9846	1	0.9846	0.9846	True	0.75	2.01
12	57906643	G	A	MARS	Silent	60	49	109	0.44954128440366975	2	1	1	1.1988	1	1.1988	1.0	True	0.75	2.01
12	57927879	G	A	DCTN2	Missense_Mutation	53	25	78	0.32051282051282054	2	1	1	0.8547	1	0.8547	0.8547	True	0.75	2.01
12	57961310	T	C	KIF5A	Missense_Mutation	37	20	57	0.3508771929824561	2	1	1	0.9357	1	0.9357	0.9357	True	0.75	2.01
12	58114668	G	A	OS9	Silent	27	21	48	0.4375	2	1	1	1.1667	1	1.1667	1.0	True	0.75	2.01
12	58131114	T	C	AGAP2	Missense_Mutation	145	6	151	0.039735099337748346	2	1	1	0.106	1	0.106	0.106	False	0.75	2.01
12	62892758	T	C	MON2	Silent	57	28	85	0.32941176470588235	2	1	1	0.8784	1	0.8784	0.8784	True	0.75	2.01
12	62938687	C	T	MON2	Missense_Mutation	30	4	34	0.11764705882352941	2	1	1	0.3137	1	0.3137	0.3137	False	0.75	2.01
12	62986893	A	G	MON2	3'UTR	26	12	38	0.3157894736842105	2	1	1	0.8421	1	0.8421	0.8421	False	0.75	2.01
12	65640841	C	G	LEMD3	3'UTR	29	22	51	0.43137254901960786	2	1	1	1.1503	1	1.1503	1.0	True	0.75	2.01
12	66152130	A	G	RPSAP52	RNA	28	22	50	0.44	2	1	1	1.1733	1	1.1733	1.0	True	0.75	2.01
12	66717889	T	C	HELB	Silent	20	9	29	0.3103448275862069	2	1	1	0.8276	1	0.8276	0.8276	False	0.75	2.01
12	66724979	C	T	HELB	Missense_Mutation	41	4	45	0.08888888888888889	2	1	1	0.237	1	0.237	0.237	False	0.75	2.01
12	76440312	A	G	NAP1L1	3'UTR	17	11	28	0.39285714285714285	2	1	1	1.0476	1	1.0476	1.0	True	0.75	2.01
12	76784416	T	C	OSBPL8	Silent	58	21	79	0.26582278481012656	2	1	1	0.7089	1	0.7089	0.7089	False	0.75	2.01
12	77417622	A	G	E2F7	3'UTR	31	25	56	0.44642857142857145	2	1	1	1.1905	1	1.1905	1.0	True	0.75	2.01
12	80168379	G	A	PPP1R12A	3'UTR	22	13	35	0.37142857142857144	2	1	1	0.9905	1	0.9905	0.9905	True	0.75	2.01
12	80648956	C	A	OTOGL	Silent	35	15	50	0.3	2	1	1	0.8	1	0.8	0.8	False	0.75	2.01
12	81283088	T	C	LIN7A	Missense_Mutation	49	25	74	0.33783783783783783	2	1	1	0.9009	1	0.9009	0.9009	True	0.75	2.01
12	83081394	T	C	TMTC2	Missense_Mutation	28	14	42	0.3333333333333333	2	1	1	0.8889	1	0.8889	0.8889	True	0.75	2.01
12	96653585	C	T	ELK3	Missense_Mutation	40	19	59	0.3220338983050847	2	1	1	0.8588	1	0.8588	0.8588	True	0.75	2.01
12	99059393	T	C	APAF1	Missense_Mutation	15	7	22	0.3181818181818182	2	1	1	0.8485	1	0.8485	0.8485	False	0.75	2.01
12	104728056	G	A	TXNRD1	Silent	16	15	31	0.4838709677419355	2	1	1	1.2903	1	1.2903	1.0	True	0.75	2.01
12	105433571	T	C	ALDH1L2	Silent	24	16	40	0.4	2	1	1	1.0667	1	1.0667	1.0	True	0.75	2.01
12	108008847	A	G	BTBD11	Missense_Mutation	50	28	78	0.358974358974359	2	1	1	0.9573	1	0.9573	0.9573	True	0.75	2.01
12	108603914	G	A	WSCD2	Missense_Mutation	19	19	38	0.5	2	1	1	1.3333	1	1.3333	1.0	True	0.75	2.01
12	108686042	A	G	CMKLR1	Missense_Mutation	40	5	45	0.1111111111111111	2	1	1	0.2963	1	0.2963	0.2963	False	0.75	2.01
12	108917107	C	A	SART3	3'UTR	8	4	12	0.3333333333333333	2	1	1	0.8889	1	0.8889	0.8889	True	0.75	2.01
12	109998868	G	T	MMAB	Silent	18	18	36	0.5	2	1	1	1.3333	1	1.3333	1.0	True	0.75	2.01
12	110488836	A	G	C12orf76	Intron	40	26	66	0.3939393939393939	2	1	1	1.0505	1	1.0505	1.0	True	0.75	2.01
12	110815391	A	G	ANAPC7	Silent	80	65	145	0.4482758620689655	2	1	1	1.1954	1	1.1954	1.0	True	0.75	2.01
12	110968437	T	C	RAD9B	Silent	19	11	30	0.36666666666666664	2	1	1	0.9778	1	0.9778	0.9778	True	0.75	2.01
12	110973572	A	G	PPTC7	3'UTR	15	13	28	0.4642857142857143	2	1	1	1.2381	1	1.2381	1.0	True	0.75	2.01
12	111956064	A	G	ATXN2	Missense_Mutation	26	24	50	0.48	2	1	1	1.28	1	1.28	1.0	True	0.75	2.01
12	112185168	G	A	ACAD10	Missense_Mutation	42	15	57	0.2631578947368421	2	1	1	0.7018	1	0.7018	0.7018	False	0.75	2.01
12	112622394	T	C	HECTD4	Missense_Mutation	90	5	95	0.05263157894736842	2	1	1	0.1404	1	0.1404	0.1404	False	0.75	2.01
12	112926248	G	A	PTPN11	Missense_Mutation	41	24	65	0.36923076923076925	2	1	1	0.9846	1	0.9846	0.9846	True	0.75	2.01
12	113759088	G	A	SLC8B1	Silent	11	10	21	0.47619047619047616	2	1	1	1.2698	1	1.2698	1.0	True	0.75	2.01
12	114839654	T	C	TBX5	Silent	28	17	45	0.37777777777777777	2	1	1	1.0074	1	1.0074	1.0	True	0.75	2.01
12	115112566	C	T	TBX3	Missense_Mutation	32	18	50	0.36	2	1	1	0.96	1	0.96	0.96	True	0.75	2.01
12	117013723	C	T	MAP1LC3B2	5'UTR	26	12	38	0.3157894736842105	2	1	1	0.8421	1	0.8421	0.8421	False	0.75	2.01
12	120597956	C	T	GCN1L1	Missense_Mutation	23	17	40	0.425	2	1	1	1.1333	1	1.1333	1.0	True	0.75	2.01
12	121701654	G	T	CAMKK2	Silent	17	14	31	0.45161290322580644	2	1	1	1.2043	1	1.2043	1.0	True	0.75	2.01
12	121746417	C	T	ANAPC5	Missense_Mutation	33	19	52	0.36538461538461536	2	1	1	0.9744	1	0.9744	0.9744	True	0.75	2.01
12	123460813	C	T	OGFOD2	5'UTR	24	10	34	0.29411764705882354	2	1	1	0.7843	1	0.7843	0.7843	False	0.75	2.01
12	124123871	A	G	GTF2H3	Missense_Mutation	18	8	26	0.3076923076923077	2	1	1	0.8205	1	0.8205	0.8205	False	0.75	2.01
12	124421562	T	C	CCDC92	3'UTR	52	25	77	0.3246753246753247	2	1	1	0.8658	1	0.8658	0.8658	True	0.75	2.01
12	124428097	C	T	CCDC92	Intron	22	18	40	0.45	2	1	1	1.2	1	1.2	1.0	True	0.75	2.01
12	125591703	T	C	AACS	Silent	52	27	79	0.34177215189873417	2	1	1	0.9114	1	0.9114	0.9114	True	0.75	2.01
12	132204044	T	C	SFSWAP	Missense_Mutation	38	9	47	0.19148936170212766	2	1	1	0.5106	1	0.5106	0.5106	False	0.75	2.01
12	132322675	C	T	MMP17	Intron	146	10	156	0.0641025641025641	2	1	1	0.1709	1	0.1709	0.1709	False	0.75	2.01
12	132406061	A	G	ULK1	3'UTR	12	6	18	0.3333333333333333	2	1	1	0.8889	1	0.8889	0.8889	True	0.75	2.01
12	132551389	T	C	EP400	Missense_Mutation	49	15	64	0.234375	2	1	1	0.625	1	0.625	0.625	False	0.75	2.01
12	133311072	T	C	ANKLE2	Missense_Mutation	62	29	91	0.31868131868131866	2	1	1	0.8498	1	0.8498	0.8498	False	0.75	2.01
12	133365798	G	A	GOLGA3	Silent	21	12	33	0.36363636363636365	2	1	1	0.9697	1	0.9697	0.9697	True	0.75	2.01
13	20077374	T	C	TPTE2	Translation_Start_Site	101	8	109	0.07339449541284404	2	1	1	0.1957	1	0.1957	0.1957	False	0.75	2.01
13	20411727	A	G	ZMYM5	Silent	25	14	39	0.358974358974359	2	1	1	0.9573	1	0.9573	0.9573	True	0.75	2.01
13	20797357	G	A	GJB6	Missense_Mutation	33	12	45	0.26666666666666666	2	1	1	0.7111	1	0.7111	0.7111	False	0.75	2.01
13	21384076	C	G	XPO4	Missense_Mutation	20	15	35	0.42857142857142855	2	1	1	1.1429	1	1.1429	1.0	True	0.75	2.01
13	26043183	G	A	ATP8A2	Missense_Mutation	40	16	56	0.2857142857142857	2	1	1	0.7619	1	0.7619	0.7619	False	0.75	2.01
13	27642569	A	G	USP12	3'UTR	15	19	34	0.5588235294117647	2	1	1	1.4902	1	1.4902	1.0	True	0.75	2.01
13	32698978	T	C	FRY	Missense_Mutation	23	29	52	0.5576923076923077	2	1	1	1.4872	1	1.4872	1.0	True	0.75	2.01
13	32823784	T	C	FRY	Missense_Mutation	44	23	67	0.34328358208955223	2	1	1	0.9154	1	0.9154	0.9154	True	0.75	2.01
13	32869585	C	A	FRY	Silent	15	3	18	0.16666666666666666	2	1	1	0.4444	1	0.4444	0.4444	False	0.75	2.01
13	32912939	A	C	BRCA2	Missense_Mutation	13	6	19	0.3157894736842105	2	1	1	0.8421	1	0.8421	0.8421	False	0.75	2.01
13	33016602	C	T	N4BP2L2	Missense_Mutation	30	20	50	0.4	2	1	1	1.0667	1	1.0667	1.0	True	0.75	2.01
13	33252998	G	A	PDS5B	Missense_Mutation	36	17	53	0.32075471698113206	2	1	1	0.8553	1	0.8553	0.8553	True	0.75	2.01
13	37006783	A	G	CCNA1	Missense_Mutation	50	32	82	0.3902439024390244	2	1	1	1.0407	1	1.0407	1.0	True	0.75	2.01
13	41133062	T	G	FOXO1	3'UTR	8	14	22	0.6363636363636364	2	1	1	1.697	1	1.697	1.0	True	0.75	2.01
13	41706647	T	C	KBTBD6	Translation_Start_Site	44	22	66	0.3333333333333333	2	1	1	0.8889	1	0.8889	0.8889	True	0.75	2.01
13	42361610	A	G	VWA8	Silent	48	11	59	0.1864406779661017	2	1	1	0.4972	1	0.4972	0.4972	False	0.75	2.01
13	42877229	T	C	AKAP11	Silent	14	5	19	0.2631578947368421	2	1	1	0.7018	1	0.7018	0.7018	False	0.75	2.01
13	45915196	G	A	TPT1	Silent	62	35	97	0.36082474226804123	2	1	1	0.9622	1	0.9622	0.9622	True	0.75	2.01
13	46135522	C	T	FAM194B	Nonsense_Mutation	69	47	116	0.4051724137931034	2	1	1	1.0805	1	1.0805	1.0	True	0.75	2.01
13	46701527	G	T	LCP1	3'UTR	10	7	17	0.4117647058823529	2	1	1	1.098	1	1.098	1.0	True	0.75	2.01
13	48947620	T	C	RB1	Missense_Mutation	17	7	24	0.2916666666666667	2	1	1	0.7778	1	0.7778	0.7778	False	0.75	2.01
13	50206240	A	G	ARL11	3'UTR	23	29	52	0.5576923076923077	2	1	1	1.4872	1	1.4872	1.0	True	0.75	2.01
13	50275614	T	C	KPNA3	3'UTR	34	14	48	0.2916666666666667	2	1	1	0.7778	1	0.7778	0.7778	False	0.75	2.01
13	74265124	T	C	KLF12	3'UTR	26	14	40	0.35	2	1	1	0.9333	1	0.9333	0.9333	True	0.75	2.01
13	77671929	T	C	MYCBP2	Silent	67	44	111	0.3963963963963964	2	1	1	1.0571	1	1.0571	1.0	True	0.75	2.01
13	99061775	G	T	FARP1	Missense_Mutation	107	43	150	0.2866666666666667	2	1	1	0.7644	1	0.7644	0.7644	False	0.75	2.01
13	99500861	T	G	DOCK9	Missense_Mutation	18	6	24	0.25	2	1	1	0.6667	1	0.6667	0.6667	False	0.75	2.01
13	101726882	A	G	NALCN	Silent	27	11	38	0.2894736842105263	2	1	1	0.7719	1	0.7719	0.7719	False	0.75	2.01
13	101736097	T	C	NALCN	Missense_Mutation	24	4	28	0.14285714285714285	2	1	1	0.381	1	0.381	0.381	False	0.75	2.01
13	103388079	T	C	CCDC168	Missense_Mutation	27	22	49	0.4489795918367347	2	1	1	1.1973	1	1.1973	1.0	True	0.75	2.01
13	103498443	C	T	ERCC5	5'UTR	9	7	16	0.4375	2	1	1	1.1667	1	1.1667	1.0	True	0.75	2.01
13	107144054	G	A	EFNB2	3'UTR	10	8	18	0.4444444444444444	2	1	1	1.1852	1	1.1852	1.0	True	0.75	2.01
13	108861290	T	C	LIG4	Missense_Mutation	45	9	54	0.16666666666666666	2	1	1	0.4444	1	0.4444	0.4444	False	0.75	2.01
13	111373173	T	C	ING1	3'UTR	46	30	76	0.39473684210526316	2	1	1	1.0526	1	1.0526	1.0	True	0.75	2.01
13	113505469	C	T	ATP11A	Missense_Mutation	36	17	53	0.32075471698113206	2	1	1	0.8553	1	0.8553	0.8553	True	0.75	2.01
13	113773038	C	T	F7	Nonsense_Mutation	54	36	90	0.4	2	1	1	1.0667	1	1.0667	1.0	True	0.75	2.01
13	114009716	T	C	GRTP1	Missense_Mutation	47	32	79	0.4050632911392405	2	1	1	1.0802	1	1.0802	1.0	True	0.75	2.01
13	114525146	G	A	GAS6	Missense_Mutation	21	7	28	0.25	2	1	1	0.6667	1	0.6667	0.6667	False	0.75	2.01
13	115071077	C	T	UPF3A	3'UTR	11	5	16	0.3125	2	1	1	0.8333	1	0.8333	0.8333	False	0.75	2.01
14	20296262	G	A	OR4N2	Missense_Mutation	141	50	191	0.2617801047120419	2	1	1	0.6981	1	0.6981	0.6981	False	0.75	2.01
14	20764013	A	G	TTC5	Silent	28	11	39	0.28205128205128205	2	1	1	0.7521	1	0.7521	0.7521	False	0.75	2.01
14	20978775	T	C	RNASE10	Missense_Mutation	42	9	51	0.17647058823529413	2	1	1	0.4706	1	0.4706	0.4706	False	0.75	2.01
14	21961156	A	G	TOX4	Missense_Mutation	56	33	89	0.3707865168539326	2	1	1	0.9888	1	0.9888	0.9888	True	0.75	2.01
14	22180580	G	A	TRAV2	Silent	18	13	31	0.41935483870967744	2	1	1	1.1183	1	1.1183	1.0	True	0.75	2.01
14	23058059	G	T	DAD1	Nonsense_Mutation	11	6	17	0.35294117647058826	2	1	1	0.9412	1	0.9412	0.9412	True	0.75	2.01
14	23306025	C	T	MMP14	5'UTR	54	32	86	0.37209302325581395	2	1	1	0.9922	1	0.9922	0.9922	True	0.75	2.01
14	23370910	A	G	RBM23	3'UTR	14	12	26	0.46153846153846156	2	1	1	1.2308	1	1.2308	1.0	True	0.75	2.01
14	23744752	A	C	HOMEZ	3'UTR	24	13	37	0.35135135135135137	2	1	1	0.9369	1	0.9369	0.9369	True	0.75	2.01
14	23859300	A	G	MYH6	Missense_Mutation	103	7	110	0.06363636363636363	2	1	1	0.1697	1	0.1697	0.1697	False	0.75	2.01
14	23993216	G	A	ZFHX2	Missense_Mutation	12	7	19	0.3684210526315789	2	1	1	0.9825	1	0.9825	0.9825	True	0.75	2.01
14	24033590	G	A	AP1G2	Missense_Mutation	29	23	52	0.4423076923076923	2	1	1	1.1795	1	1.1795	1.0	True	0.75	2.01
14	24034395	C	T	AP1G2	Missense_Mutation	17	7	24	0.2916666666666667	2	1	1	0.7778	1	0.7778	0.7778	False	0.75	2.01
14	24547231	C	T	CPNE6	3'UTR	74	25	99	0.25252525252525254	2	1	1	0.6734	1	0.6734	0.6734	False	0.75	2.01
14	24621136	G	A	RNF31	Missense_Mutation	34	27	61	0.4426229508196721	2	1	1	1.1803	1	1.1803	1.0	True	0.75	2.01
14	24899931	G	A	KHNYN	5'UTR	26	25	51	0.49019607843137253	2	1	1	1.3072	1	1.3072	1.0	True	0.75	2.01
14	26917010	T	C	NOVA1	3'UTR	17	3	20	0.15	2	1	1	0.4	1	0.4	0.4	False	0.75	2.01
14	27018899	C	T	NOVA1	Intron	42	13	55	0.23636363636363636	2	1	1	0.6303	1	0.6303	0.6303	False	0.75	2.01
14	29236455	G	A	FOXG1	5'UTR	6	6	12	0.5	2	1	1	1.3333	1	1.3333	1.0	True	0.75	2.01
14	29237288	G	A	FOXG1	Missense_Mutation	55	9	64	0.140625	2	1	1	0.375	1	0.375	0.375	False	0.75	2.01
14	29241949	T	C	C14orf23	5'UTR	38	13	51	0.2549019607843137	2	1	1	0.6797	1	0.6797	0.6797	False	0.75	2.01
14	31085686	A	G	G2E3	Missense_Mutation	37	27	64	0.421875	2	1	1	1.125	1	1.125	1.0	True	0.75	2.01
14	31139603	T	C	SCFD1	Splice_Site	18	9	27	0.3333333333333333	2	1	1	0.8889	1	0.8889	0.8889	True	0.75	2.01
14	35181592	C	T	CFL2	3'UTR	23	19	42	0.4523809523809524	2	1	1	1.2063	1	1.2063	1.0	True	0.75	2.01
14	45433457	C	A	FAM179B	Missense_Mutation	37	18	55	0.32727272727272727	2	1	1	0.8727	1	0.8727	0.8727	True	0.75	2.01
14	45542512	A	G	FAM179B	Silent	17	7	24	0.2916666666666667	2	1	1	0.7778	1	0.7778	0.7778	False	0.75	2.01
14	45553401	G	A	PRPF39	5'UTR	98	57	155	0.36774193548387096	2	1	1	0.9806	1	0.9806	0.9806	True	0.75	2.01
14	45636293	A	G	FANCM	Silent	13	11	24	0.4583333333333333	2	1	1	1.2222	1	1.2222	1.0	True	0.75	2.01
14	45715959	G	A	MIS18BP1	Silent	114	53	167	0.31736526946107785	2	1	1	0.8463	1	0.8463	0.8463	False	0.75	2.01
14	47120678	G	A	RPL10L	Nonsense_Mutation	67	4	71	0.056338028169014086	2	1	1	0.1502	1	0.1502	0.1502	False	0.75	2.01
14	52194980	T	C	FRMD6	3'UTR	10	4	14	0.2857142857142857	2	1	1	0.7619	1	0.7619	0.7619	False	0.75	2.01
14	53194716	A	G	PSMC6	3'UTR	18	10	28	0.35714285714285715	2	1	1	0.9524	1	0.9524	0.9524	True	0.75	2.01
14	55169006	T	C	SAMD4A	Silent	24	9	33	0.2727272727272727	2	1	1	0.7273	1	0.7273	0.7273	False	0.75	2.01
14	55203787	C	T	SAMD4A	Missense_Mutation	54	28	82	0.34146341463414637	2	1	1	0.9106	1	0.9106	0.9106	True	0.75	2.01
14	55511458	A	G	SOCS4	3'UTR	39	23	62	0.3709677419354839	2	1	1	0.9892	1	0.9892	0.9892	True	0.75	2.01
14	55833554	G	A	ATG14	3'UTR	28	5	33	0.15151515151515152	2	1	1	0.404	1	0.404	0.404	False	0.75	2.01
14	58923455	T	C	KIAA0586	Missense_Mutation	23	7	30	0.23333333333333334	2	1	1	0.6222	1	0.6222	0.6222	False	0.75	2.01
14	58953790	T	C	KIAA0586	Silent	35	16	51	0.3137254901960784	2	1	1	0.8366	1	0.8366	0.8366	False	0.75	2.01
14	62207228	T	C	HIF1A	Silent	12	10	22	0.45454545454545453	2	1	1	1.2121	1	1.2121	1.0	True	0.75	2.01
14	62214264	T	C	HIF1A	3'UTR	22	15	37	0.40540540540540543	2	1	1	1.0811	1	1.0811	1.0	True	0.75	2.01
14	65009300	A	G	HSPA2	Missense_Mutation	7	5	12	0.4166666666666667	2	1	1	1.1111	1	1.1111	1.0	True	0.75	2.01
14	68265332	T	C	ZFYVE26	Silent	10	8	18	0.4444444444444444	2	1	1	1.1852	1	1.1852	1.0	True	0.75	2.01
14	69343912	G	A	ACTN1	Missense_Mutation	24	11	35	0.3142857142857143	2	1	1	0.8381	1	0.8381	0.8381	False	0.75	2.01
14	69808409	G	A	GALNT16	Missense_Mutation	28	16	44	0.36363636363636365	2	1	1	0.9697	1	0.9697	0.9697	True	0.75	2.01
14	70175427	C	T	KIAA0247	Silent	47	13	60	0.21666666666666667	2	1	1	0.5778	1	0.5778	0.5778	False	0.75	2.01
14	74193340	C	T	ELMSAN1	Silent	26	25	51	0.49019607843137253	2	1	1	1.3072	1	1.3072	1.0	True	0.75	2.01
14	74960481	G	A	ISCA2	Missense_Mutation	26	16	42	0.38095238095238093	2	1	1	1.0159	1	1.0159	1.0	True	0.75	2.01
14	75247142	A	G	YLPM1	Missense_Mutation	33	20	53	0.37735849056603776	2	1	1	1.0063	1	1.0063	1.0	True	0.75	2.01
14	76123764	G	A	C14orf1	Nonsense_Mutation	39	20	59	0.3389830508474576	2	1	1	0.904	1	0.904	0.904	True	0.75	2.01
14	77572015	A	C	CIPC	5'UTR	13	10	23	0.43478260869565216	2	1	1	1.1594	1	1.1594	1.0	True	0.75	2.01
14	77605708	T	C	ZDHHC22	Missense_Mutation	43	32	75	0.4266666666666667	2	1	1	1.1378	1	1.1378	1.0	True	0.75	2.01
14	77857395	A	G	SAMD15	Silent	34	13	47	0.2765957446808511	2	1	1	0.7376	1	0.7376	0.7376	False	0.75	2.01
14	77924517	C	T	AHSA1	5'UTR	56	33	89	0.3707865168539326	2	1	1	0.9888	1	0.9888	0.9888	True	0.75	2.01
14	81360990	A	G	CEP128	Intron	16	9	25	0.36	2	1	1	0.96	1	0.96	0.96	True	0.75	2.01
14	85996872	C	T	FLRT2	5'UTR	33	27	60	0.45	2	1	1	1.2	1	1.2	1.0	True	0.75	2.01
14	89069204	C	T	ZC3H14	Missense_Mutation	31	30	61	0.4918032786885246	2	1	1	1.3115	1	1.3115	1.0	True	0.75	2.01
14	89069368	A	G	ZC3H14	Missense_Mutation	21	14	35	0.4	2	1	1	1.0667	1	1.0667	1.0	True	0.75	2.01
14	89192899	A	G	EML5	Silent	40	5	45	0.1111111111111111	2	1	1	0.2963	1	0.2963	0.2963	False	0.75	2.01
14	89343701	G	A	TTC8	Missense_Mutation	29	16	45	0.35555555555555557	2	1	1	0.9481	1	0.9481	0.9481	True	0.75	2.01
14	91738308	C	A	CCDC88C	3'UTR	43	28	71	0.39436619718309857	2	1	1	1.0516	1	1.0516	1.0	True	0.75	2.01
14	92041145	T	C	AL133373.1	5'UTR	58	46	104	0.4423076923076923	2	1	1	1.1795	1	1.1795	1.0	True	0.75	2.01
14	92251568	T	C	TC2N	Missense_Mutation	25	14	39	0.358974358974359	2	1	1	0.9573	1	0.9573	0.9573	True	0.75	2.01
14	92922820	G	A	SLC24A4	Missense_Mutation	53	5	58	0.08620689655172414	2	1	1	0.2299	1	0.2299	0.2299	False	0.75	2.01
14	95235469	G	A	GSC	Silent	14	7	21	0.3333333333333333	2	1	1	0.8889	1	0.8889	0.8889	True	0.75	2.01
14	95582958	T	C	DICER1	Missense_Mutation	17	6	23	0.2608695652173913	2	1	1	0.6957	1	0.6957	0.6957	False	0.75	2.01
14	97032274	T	C	PAPOLA	3'UTR	14	13	27	0.48148148148148145	2	1	1	1.284	1	1.284	1.0	True	0.75	2.01
14	99636135	C	T	BCL11B	3'UTR	31	11	42	0.2619047619047619	2	1	1	0.6984	1	0.6984	0.6984	False	0.75	2.01
14	99876359	A	G	SETD3	Intron	9	4	13	0.3076923076923077	2	1	1	0.8205	1	0.8205	0.8205	False	0.75	2.01
14	99929869	A	G	SETD3	Silent	18	10	28	0.35714285714285715	2	1	1	0.9524	1	0.9524	0.9524	True	0.75	2.01
14	100610110	A	G	EVL	3'UTR	10	9	19	0.47368421052631576	2	1	1	1.2632	1	1.2632	1.0	True	0.75	2.01
14	101006868	T	C	BEGAIN	Missense_Mutation	45	27	72	0.375	2	1	1	1.0	1	1.0	1.0	True	0.75	2.01
14	101349786	T	C	RTL1	Missense_Mutation	34	22	56	0.39285714285714285	2	1	1	1.0476	1	1.0476	1.0	True	0.75	2.01
14	101439032	G	A	SNORD114-15	RNA	60	27	87	0.3103448275862069	2	1	1	0.8276	1	0.8276	0.8276	False	0.75	2.01
14	101452435	A	G	SNORD114-25	RNA	45	23	68	0.3382352941176471	2	1	1	0.902	1	0.902	0.902	True	0.75	2.01
14	102323065	T	A	PPP2R5C	Nonsense_Mutation	53	22	75	0.29333333333333333	2	1	1	0.7822	1	0.7822	0.7822	False	0.75	2.01
14	102499498	G	A	DYNC1H1	Missense_Mutation	24	9	33	0.2727272727272727	2	1	1	0.7273	1	0.7273	0.7273	False	0.75	2.01
14	102898382	A	G	TECPR2	Missense_Mutation	36	16	52	0.3076923076923077	2	1	1	0.8205	1	0.8205	0.8205	False	0.75	2.01
14	103803529	A	G	EIF5	Missense_Mutation	11	7	18	0.3888888888888889	2	1	1	1.037	1	1.037	1.0	True	0.75	2.01
14	103807461	A	G	EIF5	3'UTR	43	16	59	0.2711864406779661	2	1	1	0.7232	1	0.7232	0.7232	False	0.75	2.01
14	103807465	A	G	EIF5	3'UTR	45	15	60	0.25	2	1	1	0.6667	1	0.6667	0.6667	False	0.75	2.01
14	105349493	C	A	CEP170B	Silent	13	4	17	0.23529411764705882	2	1	1	0.6275	1	0.6275	0.6275	False	0.75	2.01
14	106963045	G	A	IGHV1-45	Silent	85	50	135	0.37037037037037035	2	1	1	0.9877	1	0.9877	0.9877	True	0.75	2.01
15	20740386	C	T	GOLGA6L6	Missense_Mutation	64	12	76	0.15789473684210525	2	1	1	0.4211	1	0.4211	0.4211	False	0.75	2.01
15	24925395	G	T	NPAP1	3'UTR	12	15	27	0.5555555555555556	2	1	1	1.4815	1	1.4815	1.0	True	0.75	2.01
15	25200079	C	T	SNRPN	Intron	23	15	38	0.39473684210526316	2	1	1	1.0526	1	1.0526	1.0	True	0.75	2.01
15	25423921	A	G	SNORD115-5	RNA	85	33	118	0.2796610169491525	2	1	1	0.7458	1	0.7458	0.7458	False	0.75	2.01
15	25584302	T	C	UBE3A	Silent	15	7	22	0.3181818181818182	2	1	1	0.8485	1	0.8485	0.8485	False	0.75	2.01
15	27128348	A	G	GABRA5	Missense_Mutation	20	9	29	0.3103448275862069	2	1	1	0.8276	1	0.8276	0.8276	False	0.75	2.01
15	28519446	A	G	HERC2	Missense_Mutation	33	18	51	0.35294117647058826	2	1	1	0.9412	1	0.9412	0.9412	True	0.75	2.01
15	32929269	G	A	ARHGAP11A	Silent	6	6	12	0.5	2	1	1	1.3333	1	1.3333	1.0	True	0.75	2.01
15	33024337	C	A	GREM1	3'UTR	28	11	39	0.28205128205128205	2	1	1	0.7521	1	0.7521	0.7521	False	0.75	2.01
15	33954854	C	G	RYR3	Missense_Mutation	40	28	68	0.4117647058823529	2	1	1	1.098	1	1.098	1.0	True	0.75	2.01
15	34130307	G	A	RYR3	Silent	78	32	110	0.2909090909090909	2	1	1	0.7758	1	0.7758	0.7758	False	0.75	2.01
15	34517327	G	A	EMC4	Silent	32	21	53	0.39622641509433965	2	1	1	1.0566	1	1.0566	1.0	True	0.75	2.01
15	35198878	C	T	AQR	Missense_Mutation	66	33	99	0.3333333333333333	2	1	1	0.8889	1	0.8889	0.8889	True	0.75	2.01
15	40259917	G	T	EIF2AK4	Missense_Mutation	41	28	69	0.4057971014492754	2	1	1	1.0821	1	1.0821	1.0	True	0.75	2.01
15	40662239	T	C	DISP2	Missense_Mutation	57	30	87	0.3448275862068966	2	1	1	0.9195	1	0.9195	0.9195	True	0.75	2.01
15	40991008	G	A	RAD51	Missense_Mutation	24	7	31	0.22580645161290322	2	1	1	0.6022	1	0.6022	0.6022	False	0.75	2.01
15	42127334	C	T	JMJD7-PLA2G4B	Nonsense_Mutation	11	16	27	0.5925925925925926	2	1	1	1.5802	1	1.5802	1.0	True	0.75	2.01
15	42160706	T	C	SPTBN5	Missense_Mutation	74	8	82	0.0975609756097561	2	1	1	0.2602	1	0.2602	0.2602	False	0.75	2.01
15	42187244	C	A	EHD4	3'Flank	53	31	84	0.36904761904761907	2	1	1	0.9841	1	0.9841	0.9841	True	0.75	2.01
15	42693961	C	A	CAPN3	Silent	35	26	61	0.4262295081967213	2	1	1	1.1366	1	1.1366	1.0	True	0.75	2.01
15	43290373	A	G	UBR1	Silent	45	6	51	0.11764705882352941	2	1	1	0.3137	1	0.3137	0.3137	False	0.75	2.01
15	43738670	G	A	TP53BP1	Silent	26	17	43	0.3953488372093023	2	1	1	1.0543	1	1.0543	1.0	True	0.75	2.01
15	44158412	T	C	WDR76	Missense_Mutation	142	14	156	0.08974358974358974	2	1	1	0.2393	1	0.2393	0.2393	False	0.75	2.01
15	44818004	A	G	CTDSPL2	3'UTR	12	5	17	0.29411764705882354	2	1	1	0.7843	1	0.7843	0.7843	False	0.75	2.01
15	45404778	T	C	DUOX2	Missense_Mutation	48	23	71	0.323943661971831	2	1	1	0.8638	1	0.8638	0.8638	True	0.75	2.01
15	45433239	C	T	DUOX1	Silent	33	20	53	0.37735849056603776	2	1	1	1.0063	1	1.0063	1.0	True	0.75	2.01
15	45954215	T	C	SQRDL	Silent	57	33	90	0.36666666666666664	2	1	1	0.9778	1	0.9778	0.9778	True	0.75	2.01
15	48559770	C	T	SLC12A1	Silent	25	20	45	0.4444444444444444	2	1	1	1.1852	1	1.1852	1.0	True	0.75	2.01
15	50569982	T	C	GABPB1	3'UTR	27	13	40	0.325	2	1	1	0.8667	1	0.8667	0.8667	True	0.75	2.01
15	50853468	C	T	TRPM7	3'UTR	15	11	26	0.4230769230769231	2	1	1	1.1282	1	1.1282	1.0	True	0.75	2.01
15	51350159	A	G	TNFAIP8L3	Silent	29	17	46	0.3695652173913043	2	1	1	0.9855	1	0.9855	0.9855	True	0.75	2.01
15	52497304	G	A	MYO5C	Silent	25	14	39	0.358974358974359	2	1	1	0.9573	1	0.9573	0.9573	True	0.75	2.01
15	52615565	T	C	MYO5A	Missense_Mutation	27	19	46	0.41304347826086957	2	1	1	1.1014	1	1.1014	1.0	True	0.75	2.01
15	52720633	A	G	MYO5A	Missense_Mutation	20	18	38	0.47368421052631576	2	1	1	1.2632	1	1.2632	1.0	True	0.75	2.01
15	54860132	T	C	UNC13C	Silent	34	13	47	0.2765957446808511	2	1	1	0.7376	1	0.7376	0.7376	False	0.75	2.01
15	55727171	A	G	DYX1C1	Missense_Mutation	25	16	41	0.3902439024390244	2	1	1	1.0407	1	1.0407	1.0	True	0.75	2.01
15	55731686	A	G	DYX1C1	Silent	25	18	43	0.4186046511627907	2	1	1	1.1163	1	1.1163	1.0	True	0.75	2.01
15	60740225	T	C	NARG2	Missense_Mutation	32	10	42	0.23809523809523808	2	1	1	0.6349	1	0.6349	0.6349	False	0.75	2.01
15	62277119	A	T	VPS13C	Missense_Mutation	42	24	66	0.36363636363636365	2	1	1	0.9697	1	0.9697	0.9697	True	0.75	2.01
15	63047866	A	G	TLN2	Missense_Mutation	14	16	30	0.5333333333333333	2	1	1	1.4222	1	1.4222	1.0	True	0.75	2.01
15	63557377	A	G	RAB8B	3'UTR	3	5	8	0.625	2	1	1	1.6667	1	1.6667	1.0	True	0.75	2.01
15	64452309	T	C	PPIB	Missense_Mutation	38	22	60	0.36666666666666664	2	1	1	0.9778	1	0.9778	0.9778	True	0.75	2.01
15	65214206	C	A	ANKDD1A	Missense_Mutation	24	15	39	0.38461538461538464	2	1	1	1.0256	1	1.0256	1.0	True	0.75	2.01
15	65421448	C	T	PDCD7	Missense_Mutation	51	5	56	0.08928571428571429	2	1	1	0.2381	1	0.2381	0.2381	False	0.75	2.01
15	69003092	G	A	CORO2B	Missense_Mutation	32	21	53	0.39622641509433965	2	1	1	1.0566	1	1.0566	1.0	True	0.75	2.01
15	69238562	T	A	SPESP1	Missense_Mutation	10	5	15	0.3333333333333333	2	1	1	0.8889	1	0.8889	0.8889	True	0.75	2.01
15	69682098	C	T	PAQR5	Missense_Mutation	53	32	85	0.3764705882352941	2	1	1	1.0039	1	1.0039	1.0	True	0.75	2.01
15	73470766	A	G	NEO1	Missense_Mutation	19	3	22	0.13636363636363635	2	1	1	0.3636	1	0.3636	0.3636	False	0.75	2.01
15	74174046	A	G	TBC1D21	Missense_Mutation	28	7	35	0.2	2	1	1	0.5333	1	0.5333	0.5333	False	0.75	2.01
15	74177383	A	G	TBC1D21	Missense_Mutation	34	14	48	0.2916666666666667	2	1	1	0.7778	1	0.7778	0.7778	False	0.75	2.01
15	74426255	A	G	ISLR2	Missense_Mutation	26	14	40	0.35	2	1	1	0.9333	1	0.9333	0.9333	True	0.75	2.01
15	74494515	C	T	STRA6	Missense_Mutation	24	9	33	0.2727272727272727	2	1	1	0.7273	1	0.7273	0.7273	False	0.75	2.01
15	75644697	C	T	NEIL1	Missense_Mutation	24	9	33	0.2727272727272727	2	1	1	0.7273	1	0.7273	0.7273	False	0.75	2.01
15	75650955	G	A	MAN2C1	Missense_Mutation	39	25	64	0.390625	2	1	1	1.0417	1	1.0417	1.0	True	0.75	2.01
15	78309006	C	G	TBC1D2B	Missense_Mutation	36	19	55	0.34545454545454546	2	1	1	0.9212	1	0.9212	0.9212	True	0.75	2.01
15	78393730	G	A	SH2D7	Missense_Mutation	20	17	37	0.4594594594594595	2	1	1	1.2252	1	1.2252	1.0	True	0.75	2.01
15	81575097	G	A	IL16	Missense_Mutation	20	15	35	0.42857142857142855	2	1	1	1.1429	1	1.1429	1.0	True	0.75	2.01
15	83451679	C	T	FSD2	Silent	52	44	96	0.4583333333333333	2	1	1	1.2222	1	1.2222	1.0	True	0.75	2.01
15	83832761	T	C	HDGFRP3	Missense_Mutation	20	20	40	0.5	2	1	1	1.3333	1	1.3333	1.0	True	0.75	2.01
15	85488061	T	C	SLC28A1	Missense_Mutation	53	26	79	0.3291139240506329	2	1	1	0.8776	1	0.8776	0.8776	True	0.75	2.01
15	86808058	T	C	AGBL1	Silent	36	3	39	0.07692307692307693	2	1	1	0.2051	1	0.2051	0.2051	False	0.75	2.01
15	89382256	A	G	ACAN	Missense_Mutation	12	5	17	0.29411764705882354	2	1	1	0.7843	1	0.7843	0.7843	False	0.75	2.01
15	89856160	C	T	FANCI	Missense_Mutation	17	18	35	0.5142857142857142	2	1	1	1.3714	1	1.3714	1.0	True	0.75	2.01
15	89870576	G	A	POLG	Missense_Mutation	28	19	47	0.40425531914893614	2	1	1	1.078	1	1.078	1.0	True	0.75	2.01
15	91525018	T	C	PRC1	Missense_Mutation	87	6	93	0.06451612903225806	2	1	1	0.172	1	0.172	0.172	False	0.75	2.01
15	91579154	G	A	AC068831.10	RNA	17	22	39	0.5641025641025641	2	1	1	1.5043	1	1.5043	1.0	True	0.75	2.01
15	93588020	T	C	RGMA	3'Flank	23	11	34	0.3235294117647059	2	1	1	0.8627	1	0.8627	0.8627	True	0.75	2.01
15	99502707	G	A	IGF1R	3'UTR	19	10	29	0.3448275862068966	2	1	1	0.9195	1	0.9195	0.9195	True	0.75	2.01
15	101609087	G	C	LRRK1	3'UTR	29	6	35	0.17142857142857143	2	1	1	0.4571	1	0.4571	0.4571	False	0.75	2.01
16	66697	C	T	WASH4P	Silent	328	23	351	0.06552706552706553	2	1	1	0.1747	1	0.1747	0.1747	False	0.75	2.01
16	111949	C	T	RHBDF1	Missense_Mutation	29	18	47	0.3829787234042553	2	1	1	1.0213	1	1.0213	1.0	True	0.75	2.01
16	111991	A	G	RHBDF1	Missense_Mutation	7	7	14	0.5	2	1	1	1.3333	1	1.3333	1.0	True	0.75	2.01
16	427756	C	T	TMEM8A	Missense_Mutation	33	18	51	0.35294117647058826	2	1	1	0.9412	1	0.9412	0.9412	True	0.75	2.01
16	601387	G	A	CAPN15	Missense_Mutation	70	35	105	0.3333333333333333	2	1	1	0.8889	1	0.8889	0.8889	True	0.75	2.01
16	707098	C	T	WDR90	Nonsense_Mutation	16	11	27	0.4074074074074074	2	1	1	1.0864	1	1.0864	1.0	True	0.75	2.01
16	719573	G	A	RHOT2	Silent	15	15	30	0.5	2	1	1	1.3333	1	1.3333	1.0	True	0.75	2.01
16	735716	C	A	WDR24	Missense_Mutation	61	27	88	0.3068181818181818	2	1	1	0.8182	1	0.8182	0.8182	False	0.75	2.01
16	787719	T	C	NARFL	Intron	19	13	32	0.40625	2	1	1	1.0833	1	1.0833	1.0	True	0.75	2.01
16	1484792	G	A	CCDC154	Missense_Mutation	20	6	26	0.23076923076923078	2	1	1	0.6154	1	0.6154	0.6154	False	0.75	2.01
16	1510454	C	T	CLCN7	Missense_Mutation	11	16	27	0.5925925925925926	2	1	1	1.5802	1	1.5802	1.0	True	0.75	2.01
16	1961649	T	C	HS3ST6	Missense_Mutation	33	9	42	0.21428571428571427	2	1	1	0.5714	1	0.5714	0.5714	False	0.75	2.01
16	2152932	A	G	PKD1	Missense_Mutation	140	86	226	0.3805309734513274	2	1	1	1.0147	1	1.0147	1.0	True	0.75	2.01
16	2164736	G	A	PKD1	Missense_Mutation	55	51	106	0.4811320754716981	2	1	1	1.283	1	1.283	1.0	True	0.75	2.01
16	2815149	A	G	SRRM2	Silent	28	15	43	0.3488372093023256	2	1	1	0.9302	1	0.9302	0.9302	True	0.75	2.01
16	3283647	T	C	ZNF200	Missense_Mutation	101	28	129	0.21705426356589147	2	1	1	0.5788	1	0.5788	0.5788	False	0.75	2.01
16	3594254	A	G	NLRC3	Silent	49	21	70	0.3	2	1	1	0.8	1	0.8	0.8	False	0.75	2.01
16	3658930	G	T	SLX4	Missense_Mutation	28	8	36	0.2222222222222222	2	1	1	0.5926	1	0.5926	0.5926	False	0.75	2.01
16	4847971	C	A	ROGDI	Silent	15	25	40	0.625	2	1	1	1.6667	1	1.6667	1.0	True	0.75	2.01
16	4918867	A	T	UBN1	Nonsense_Mutation	18	8	26	0.3076923076923077	2	1	1	0.8205	1	0.8205	0.8205	False	0.75	2.01
16	7761160	C	G	RBFOX1	3'UTR	11	6	17	0.35294117647058826	2	1	1	0.9412	1	0.9412	0.9412	True	0.75	2.01
16	8948829	G	T	CARHSP1	3'UTR	32	13	45	0.28888888888888886	2	1	1	0.7704	1	0.7704	0.7704	False	0.75	2.01
16	10624336	A	G	EMP2	3'UTR	18	4	22	0.18181818181818182	2	1	1	0.4848	1	0.4848	0.4848	False	0.75	2.01
16	11361820	A	G	TNP2	3'UTR	21	4	25	0.16	2	1	1	0.4267	1	0.4267	0.4267	False	0.75	2.01
16	11582590	G	A	CTD-3088G3.8	Silent	45	25	70	0.35714285714285715	2	1	1	0.9524	1	0.9524	0.9524	True	0.75	2.01
16	11868098	A	G	ZC3H7A	Silent	24	15	39	0.38461538461538464	2	1	1	1.0256	1	1.0256	1.0	True	0.75	2.01
16	12996305	G	A	SHISA9	Nonsense_Mutation	15	14	29	0.4827586206896552	2	1	1	1.2874	1	1.2874	1.0	True	0.75	2.01
16	14029126	C	T	ERCC4	Missense_Mutation	8	6	14	0.42857142857142855	2	1	1	1.1429	1	1.1429	1.0	True	0.75	2.01
16	14038616	A	G	ERCC4	Silent	36	13	49	0.2653061224489796	2	1	1	0.7075	1	0.7075	0.7075	False	0.75	2.01
16	14761578	A	G	BFAR	Missense_Mutation	55	22	77	0.2857142857142857	2	1	1	0.7619	1	0.7619	0.7619	False	0.75	2.01
16	19132837	C	T	ITPRIPL2	3'UTR	30	14	44	0.3181818181818182	2	1	1	0.8485	1	0.8485	0.8485	False	0.75	2.01
16	20355407	C	T	UMOD	Missense_Mutation	30	16	46	0.34782608695652173	2	1	1	0.9275	1	0.9275	0.9275	True	0.75	2.01
16	20570674	C	T	ACSM2B	Silent	28	16	44	0.36363636363636365	2	1	1	0.9697	1	0.9697	0.9697	True	0.75	2.01
16	22358622	G	T	CDR2	Silent	26	17	43	0.3953488372093023	2	1	1	1.0543	1	1.0543	1.0	True	0.75	2.01
16	23478046	T	C	GGA2	3'UTR	10	4	14	0.2857142857142857	2	1	1	0.7619	1	0.7619	0.7619	False	0.75	2.01
16	23700932	T	C	PLK1	Missense_Mutation	18	19	37	0.5135135135135135	2	1	1	1.3694	1	1.3694	1.0	True	0.75	2.01
16	24942204	G	A	ARHGAP17	Missense_Mutation	112	6	118	0.05084745762711865	2	1	1	0.1356	1	0.1356	0.1356	False	0.75	2.01
16	24953306	A	G	ARHGAP17	Splice_Site	39	23	62	0.3709677419354839	2	1	1	0.9892	1	0.9892	0.9892	True	0.75	2.01
16	25180484	C	T	LCMT1	Missense_Mutation	25	20	45	0.4444444444444444	2	1	1	1.1852	1	1.1852	1.0	True	0.75	2.01
16	27692762	A	G	KIAA0556	Missense_Mutation	42	24	66	0.36363636363636365	2	1	1	0.9697	1	0.9697	0.9697	True	0.75	2.01
16	28549495	T	C	NUPR1	Missense_Mutation	18	8	26	0.3076923076923077	2	1	1	0.8205	1	0.8205	0.8205	False	0.75	2.01
16	29845332	G	A	MVP	Silent	27	10	37	0.2702702702702703	2	1	1	0.7207	1	0.7207	0.7207	False	0.75	2.01
16	29888167	A	G	SEZ6L2	Missense_Mutation	9	7	16	0.4375	2	1	1	1.1667	1	1.1667	1.0	True	0.75	2.01
16	30004472	G	T	HIRIP3	3'UTR	23	17	40	0.425	2	1	1	1.1333	1	1.1333	1.0	True	0.75	2.01
16	30012342	C	T	INO80E	Missense_Mutation	41	23	64	0.359375	2	1	1	0.9583	1	0.9583	0.9583	True	0.75	2.01
16	30217362	A	T	RP11-347C12.3	Missense_Mutation	87	24	111	0.21621621621621623	2	1	1	0.5766	1	0.5766	0.5766	False	0.75	2.01
16	30392530	A	G	SEPT1	Missense_Mutation	19	16	35	0.45714285714285713	2	1	1	1.219	1	1.219	1.0	True	0.75	2.01
16	30566739	G	A	ZNF764	Missense_Mutation	4	8	12	0.6666666666666666	2	1	1	1.7778	1	1.7778	1.0	True	0.75	2.01
16	30664127	C	T	PRR14	Missense_Mutation	81	41	122	0.3360655737704918	2	1	1	0.8962	1	0.8962	0.8962	True	0.75	2.01
16	30775515	A	G	RNF40	Missense_Mutation	43	25	68	0.36764705882352944	2	1	1	0.9804	1	0.9804	0.9804	True	0.75	2.01
16	30846328	C	T	BCL7C	Missense_Mutation	61	9	70	0.12857142857142856	2	1	1	0.3429	1	0.3429	0.3429	False	0.75	2.01
16	31044629	T	C	STX4	5'Flank	42	26	68	0.38235294117647056	2	1	1	1.0196	1	1.0196	1.0	True	0.75	2.01
16	31075665	C	T	ZNF668	Missense_Mutation	29	13	42	0.30952380952380953	2	1	1	0.8254	1	0.8254	0.8254	False	0.75	2.01
16	31123534	T	C	BCKDK	Missense_Mutation	60	21	81	0.25925925925925924	2	1	1	0.6914	1	0.6914	0.6914	False	0.75	2.01
16	32893172	G	A	RP11-989E6.3	5'Flank	28	19	47	0.40425531914893614	2	1	1	1.078	1	1.078	1.0	True	0.75	2.01
16	46633773	C	A	SHCBP1	Missense_Mutation	22	10	32	0.3125	2	1	1	0.8333	1	0.8333	0.8333	False	0.75	2.01
16	47698862	T	C	PHKB	Silent	25	14	39	0.358974358974359	2	1	1	0.9573	1	0.9573	0.9573	True	0.75	2.01
16	48130693	A	C	ABCC12	Silent	20	12	32	0.375	2	1	1	1.0	1	1.0	1.0	True	0.75	2.01
16	48227812	T	C	ABCC11	Missense_Mutation	20	13	33	0.3939393939393939	2	1	1	1.0505	1	1.0505	1.0	True	0.75	2.01
16	48595195	T	C	N4BP1	Silent	57	41	98	0.41836734693877553	2	1	1	1.1156	1	1.1156	1.0	True	0.75	2.01
16	49671937	C	T	ZNF423	Missense_Mutation	23	9	32	0.28125	2	1	1	0.75	1	0.75	0.75	False	0.75	2.01
16	52473110	A	G	TOX3	3'UTR	31	13	44	0.29545454545454547	2	1	1	0.7879	1	0.7879	0.7879	False	0.75	2.01
16	57016081	G	A	CETP	Missense_Mutation	74	7	81	0.08641975308641975	2	1	1	0.2305	1	0.2305	0.2305	False	0.75	2.01
16	57764948	T	C	CCDC135	Missense_Mutation	31	24	55	0.43636363636363634	2	1	1	1.1636	1	1.1636	1.0	True	0.75	2.01
16	57828988	C	T	KIFC3	Missense_Mutation	44	26	70	0.37142857142857144	2	1	1	0.9905	1	0.9905	0.9905	True	0.75	2.01
16	58576438	T	C	CNOT1	Missense_Mutation	34	35	69	0.5072463768115942	2	1	1	1.3527	1	1.3527	1.0	True	0.75	2.01
16	58617059	C	T	CNOT1	Silent	24	9	33	0.2727272727272727	2	1	1	0.7273	1	0.7273	0.7273	False	0.75	2.01
16	64980694	T	A	CDH11	3'UTR	29	8	37	0.21621621621621623	2	1	1	0.5766	1	0.5766	0.5766	False	0.75	2.01
16	64980695	C	T	CDH11	3'UTR	29	8	37	0.21621621621621623	2	1	1	0.5766	1	0.5766	0.5766	False	0.75	2.01
16	64980696	T	C	CDH11	3'UTR	27	8	35	0.22857142857142856	2	1	1	0.6095	1	0.6095	0.6095	False	0.75	2.01
16	66647184	C	T	CMTM3	3'UTR	6	5	11	0.45454545454545453	2	1	1	1.2121	1	1.2121	1.0	True	0.75	2.01
16	67671681	C	T	CTCF	Missense_Mutation	16	11	27	0.4074074074074074	2	1	1	1.0864	1	1.0864	1.0	True	0.75	2.01
16	67964320	T	C	CTRL	Missense_Mutation	6	8	14	0.5714285714285714	2	1	1	1.5238	1	1.5238	1.0	True	0.75	2.01
16	69148715	G	A	HAS3	Missense_Mutation	35	28	63	0.4444444444444444	2	1	1	1.1852	1	1.1852	1.0	True	0.75	2.01
16	69148951	A	G	HAS3	Missense_Mutation	41	4	45	0.08888888888888889	2	1	1	0.237	1	0.237	0.237	False	0.75	2.01
16	70398494	T	A	DDX19A	Silent	27	14	41	0.34146341463414637	2	1	1	0.9106	1	0.9106	0.9106	True	0.75	2.01
16	70713716	T	C	MTSS1L	Missense_Mutation	26	6	32	0.1875	2	1	1	0.5	1	0.5	0.5	False	0.75	2.01
16	70863556	G	A	HYDIN	Missense_Mutation	68	57	125	0.456	2	1	1	1.216	1	1.216	1.0	True	0.75	2.01
16	70916605	G	A	HYDIN	Silent	34	18	52	0.34615384615384615	2	1	1	0.9231	1	0.9231	0.9231	True	0.75	2.01
16	71482743	A	G	ZNF23	Silent	37	5	42	0.11904761904761904	2	1	1	0.3175	1	0.3175	0.3175	False	0.75	2.01
16	71663378	A	G	MARVELD3	Silent	64	33	97	0.3402061855670103	2	1	1	0.9072	1	0.9072	0.9072	True	0.75	2.01
16	71679992	A	G	PHLPP2	3'UTR	20	9	29	0.3103448275862069	2	1	1	0.8276	1	0.8276	0.8276	False	0.75	2.01
16	72016097	T	C	PKD1L3	RNA	28	16	44	0.36363636363636365	2	1	1	0.9697	1	0.9697	0.9697	True	0.75	2.01
16	72110399	G	A	HPR	Missense_Mutation	17	15	32	0.46875	2	1	1	1.25	1	1.25	1.0	True	0.75	2.01
16	72992389	A	G	ZFHX3	Silent	52	32	84	0.38095238095238093	2	1	1	1.0159	1	1.0159	1.0	True	0.75	2.01
16	72993921	A	G	ZFHX3	Missense_Mutation	72	8	80	0.1	2	1	1	0.2667	1	0.2667	0.2667	False	0.75	2.01
16	72993934	A	G	ZFHX3	Silent	55	24	79	0.3037974683544304	2	1	1	0.8101	1	0.8101	0.8101	False	0.75	2.01
16	73127590	T	C	HCCAT5	RNA	18	6	24	0.25	2	1	1	0.6667	1	0.6667	0.6667	False	0.75	2.01
16	74664807	G	A	RFWD3	Silent	41	17	58	0.29310344827586204	2	1	1	0.7816	1	0.7816	0.7816	False	0.75	2.01
16	75148793	A	G	LDHD	Missense_Mutation	43	31	74	0.4189189189189189	2	1	1	1.1171	1	1.1171	1.0	True	0.75	2.01
16	75282025	G	A	BCAR1	Intron	15	10	25	0.4	2	1	1	1.0667	1	1.0667	1.0	True	0.75	2.01
16	75563726	G	A	CHST5	Missense_Mutation	22	21	43	0.4883720930232558	2	1	1	1.3023	1	1.3023	1.0	True	0.75	2.01
16	77356255	A	G	ADAMTS18	Missense_Mutation	19	13	32	0.40625	2	1	1	1.0833	1	1.0833	1.0	True	0.75	2.01
16	80718505	A	G	CDYL2	Silent	45	15	60	0.25	2	1	1	0.6667	1	0.6667	0.6667	False	0.75	2.01
16	81927337	G	A	PLCG2	Missense_Mutation	21	14	35	0.4	2	1	1	1.0667	1	1.0667	1.0	True	0.75	2.01
16	81953214	G	A	PLCG2	Missense_Mutation	53	31	84	0.36904761904761907	2	1	1	0.9841	1	0.9841	0.9841	True	0.75	2.01
16	84215835	G	T	TAF1C	Missense_Mutation	25	10	35	0.2857142857142857	2	1	1	0.7619	1	0.7619	0.7619	False	0.75	2.01
16	84227715	T	C	ADAD2	Silent	27	13	40	0.325	2	1	1	0.8667	1	0.8667	0.8667	True	0.75	2.01
16	84229246	G	A	ADAD2	Missense_Mutation	47	28	75	0.37333333333333335	2	1	1	0.9956	1	0.9956	0.9956	True	0.75	2.01
16	84256240	G	T	KCNG4	Silent	10	14	24	0.5833333333333334	2	1	1	1.5556	1	1.5556	1.0	True	0.75	2.01
16	88110263	A	G	BANP	Missense_Mutation	31	14	45	0.3111111111111111	2	1	1	0.8296	1	0.8296	0.8296	False	0.75	2.01
16	88697674	A	G	ZC3H18	Silent	46	18	64	0.28125	2	1	1	0.75	1	0.75	0.75	False	0.75	2.01
16	88927430	T	C	TRAPPC2L	3'UTR	10	5	15	0.3333333333333333	2	1	1	0.8889	1	0.8889	0.8889	True	0.75	2.01
16	89764697	T	C	SPATA2L	Missense_Mutation	31	20	51	0.39215686274509803	2	1	1	1.0458	1	1.0458	1.0	True	0.75	2.01
17	912999	T	C	ABR	Silent	33	20	53	0.37735849056603776	2	1	1	1.0063	1	1.0063	1.0	True	0.75	2.01
17	1565438	T	C	PRPF8	Missense_Mutation	16	15	31	0.4838709677419355	2	1	1	1.2903	1	1.2903	1.0	True	0.75	2.01
17	1577923	A	G	PRPF8	Missense_Mutation	9	3	12	0.25	2	1	1	0.6667	1	0.6667	0.6667	False	0.75	2.01
17	2287974	A	G	MNT	3'UTR	17	9	26	0.34615384615384615	2	1	1	0.9231	1	0.9231	0.9231	True	0.75	2.01
17	2595312	T	C	CLUH	Missense_Mutation	18	15	33	0.45454545454545453	2	1	1	1.2121	1	1.2121	1.0	True	0.75	2.01
17	2601589	G	A	CLUH	Missense_Mutation	46	11	57	0.19298245614035087	2	1	1	0.5146	1	0.5146	0.5146	False	0.75	2.01
17	2936760	C	A	RAP1GAP2	3'UTR	63	27	90	0.3	2	1	1	0.8	1	0.8	0.8	False	0.75	2.01
17	2940291	C	A	RAP1GAP2	3'UTR	16	10	26	0.38461538461538464	2	1	1	1.0256	1	1.0256	1.0	True	0.75	2.01
17	2966814	T	C	OR1D5	Missense_Mutation	104	15	119	0.12605042016806722	2	1	1	0.3361	1	0.3361	0.3361	False	0.75	2.01
17	3384977	A	G	ASPA	Missense_Mutation	45	29	74	0.3918918918918919	2	1	1	1.045	1	1.045	1.0	True	0.75	2.01
17	3495520	G	A	SHPK	Missense_Mutation	57	35	92	0.3804347826086957	2	1	1	1.0145	1	1.0145	1.0	True	0.75	2.01
17	3743435	G	A	C17orf85	Missense_Mutation	35	23	58	0.39655172413793105	2	1	1	1.0575	1	1.0575	1.0	True	0.75	2.01
17	4175804	T	C	UBE2G1	3'UTR	16	8	24	0.3333333333333333	2	1	1	0.8889	1	0.8889	0.8889	True	0.75	2.01
17	4720503	G	A	PLD2	Silent	26	16	42	0.38095238095238093	2	1	1	1.0159	1	1.0159	1.0	True	0.75	2.01
17	4789811	C	T	MINK1	Missense_Mutation	29	6	35	0.17142857142857143	2	1	1	0.4571	1	0.4571	0.4571	False	0.75	2.01
17	5012737	A	G	ZNF232	Silent	45	13	58	0.22413793103448276	2	1	1	0.5977	1	0.5977	0.5977	False	0.75	2.01
17	5322710	G	A	NUP88	Silent	63	44	107	0.411214953271028	2	1	1	1.0966	1	1.0966	1.0	True	0.75	2.01
17	6802016	C	T	AC027763.2	Intron	39	17	56	0.30357142857142855	2	1	1	0.8095	1	0.8095	0.8095	False	0.75	2.01
17	7186656	T	C	SLC2A4	Silent	37	35	72	0.4861111111111111	2	1	1	1.2963	1	1.2963	1.0	True	0.75	2.01
17	7578369	A	G	TP53	Splice_Site	18	18	36	0.5	2	1	1	1.3333	1	1.3333	1.0	True	0.75	2.01
17	7979002	G	T	ALOX12B	Missense_Mutation	33	23	56	0.4107142857142857	2	1	1	1.0952	1	1.0952	1.0	True	0.75	2.01
17	8218747	G	A	ARHGEF15	Missense_Mutation	15	9	24	0.375	2	1	1	1.0	1	1.0	1.0	True	0.75	2.01
17	8700616	T	C	MFSD6L	3'UTR	30	27	57	0.47368421052631576	2	1	1	1.2632	1	1.2632	1.0	True	0.75	2.01
17	9675005	T	C	DHRS7C	Missense_Mutation	35	13	48	0.2708333333333333	2	1	1	0.7222	1	0.7222	0.7222	False	0.75	2.01
17	10356958	A	G	MYH4	Splice_Site	172	11	183	0.060109289617486336	2	1	1	0.1603	1	0.1603	0.1603	False	0.75	2.01
17	10706969	C	T	LINC00675	RNA	12	5	17	0.29411764705882354	2	1	1	0.7843	1	0.7843	0.7843	False	0.75	2.01
17	11145271	G	A	SHISA6	Missense_Mutation	28	24	52	0.46153846153846156	2	1	1	1.2308	1	1.2308	1.0	True	0.75	2.01
17	12656135	G	T	MYOCD	Silent	19	9	28	0.32142857142857145	2	1	1	0.8571	1	0.8571	0.8571	True	0.75	2.01
17	12823150	T	C	ARHGAP44	Splice_Site	56	24	80	0.3	2	1	1	0.8	1	0.8	0.8	False	0.75	2.01
17	12847515	T	C	ARHGAP44	Splice_Site	24	14	38	0.3684210526315789	2	1	1	0.9825	1	0.9825	0.9825	True	0.75	2.01
17	13972960	T	C	COX10	Missense_Mutation	44	28	72	0.3888888888888889	2	1	1	1.037	1	1.037	1.0	True	0.75	2.01
17	15341190	T	C	CDRT4	Missense_Mutation	50	28	78	0.358974358974359	2	1	1	0.9573	1	0.9573	0.9573	True	0.75	2.01
17	15973804	T	C	NCOR1	Silent	45	25	70	0.35714285714285715	2	1	1	0.9524	1	0.9524	0.9524	True	0.75	2.01
17	16068290	T	A	NCOR1	Intron	40	25	65	0.38461538461538464	2	1	1	1.0256	1	1.0256	1.0	True	0.75	2.01
17	17061985	T	C	MPRIP	Missense_Mutation	47	20	67	0.29850746268656714	2	1	1	0.796	1	0.796	0.796	False	0.75	2.01
17	17106256	A	C	PLD6	Missense_Mutation	58	35	93	0.3763440860215054	2	1	1	1.0036	1	1.0036	1.0	True	0.75	2.01
17	17948515	A	G	GID4	Missense_Mutation	24	15	39	0.38461538461538464	2	1	1	1.0256	1	1.0256	1.0	True	0.75	2.01
17	17971484	T	A	GID4	3'UTR	54	5	59	0.0847457627118644	2	1	1	0.226	1	0.226	0.226	False	0.75	2.01
17	18035825	A	G	MYO15A	Missense_Mutation	19	11	30	0.36666666666666664	2	1	1	0.9778	1	0.9778	0.9778	True	0.75	2.01
17	18429019	T	C	FAM106A	3'UTR	22	13	35	0.37142857142857144	2	1	1	0.9905	1	0.9905	0.9905	True	0.75	2.01
17	18882156	A	G	FAM83G	Missense_Mutation	28	14	42	0.3333333333333333	2	1	1	0.8889	1	0.8889	0.8889	True	0.75	2.01
17	19237437	A	G	EPN2	Missense_Mutation	24	16	40	0.4	2	1	1	1.0667	1	1.0667	1.0	True	0.75	2.01
17	21318988	C	A	KCNJ12	Missense_Mutation	119	14	133	0.10526315789473684	2	1	1	0.2807	1	0.2807	0.2807	False	0.75	2.01
17	26554362	A	G	PYY2	RNA	101	64	165	0.3878787878787879	2	1	1	1.0343	1	1.0343	1.0	True	0.75	2.01
17	26864405	G	C	FOXN1	Missense_Mutation	51	18	69	0.2608695652173913	2	1	1	0.6957	1	0.6957	0.6957	False	0.75	2.01
17	26947617	A	G	KIAA0100	Silent	54	26	80	0.325	2	1	1	0.8667	1	0.8667	0.8667	True	0.75	2.01
17	26960384	C	T	KIAA0100	Silent	28	29	57	0.5087719298245614	2	1	1	1.3567	1	1.3567	1.0	True	0.75	2.01
17	27382862	G	A	PIPOX	Missense_Mutation	51	22	73	0.3013698630136986	2	1	1	0.8037	1	0.8037	0.8037	False	0.75	2.01
17	27401078	G	A	TIAF1	Missense_Mutation	12	8	20	0.4	2	1	1	1.0667	1	1.0667	1.0	True	0.75	2.01
17	27614325	A	G	NUFIP2	Silent	45	25	70	0.35714285714285715	2	1	1	0.9524	1	0.9524	0.9524	True	0.75	2.01
17	27870415	A	G	TAOK1	3'UTR	26	11	37	0.2972972972972973	2	1	1	0.7928	1	0.7928	0.7928	False	0.75	2.01
17	28643657	A	T	TMIGD1	3'UTR	21	3	24	0.125	2	1	1	0.3333	1	0.3333	0.3333	False	0.75	2.01
17	28811295	T	G	GOSR1	Missense_Mutation	29	14	43	0.32558139534883723	2	1	1	0.8682	1	0.8682	0.8682	True	0.75	2.01
17	29261298	T	C	ADAP2	Missense_Mutation	26	12	38	0.3157894736842105	2	1	1	0.8421	1	0.8421	0.8421	False	0.75	2.01
17	30335063	C	G	RP11-640N20.1	5'Flank	29	4	33	0.12121212121212122	2	1	1	0.3232	1	0.3232	0.3232	False	0.75	2.01
17	32483005	A	G	ASIC2	Missense_Mutation	24	20	44	0.45454545454545453	2	1	1	1.2121	1	1.2121	1.0	True	0.75	2.01
17	32483020	A	T	ASIC2	Missense_Mutation	35	20	55	0.36363636363636365	2	1	1	0.9697	1	0.9697	0.9697	True	0.75	2.01
17	32965549	A	G	TMEM132E	3'UTR	13	16	29	0.5517241379310345	2	1	1	1.4713	1	1.4713	1.0	True	0.75	2.01
17	33446736	A	G	RAD51D	5'UTR	14	8	22	0.36363636363636365	2	1	1	0.9697	1	0.9697	0.9697	True	0.75	2.01
17	33802299	C	T	SLFN12L	Silent	48	32	80	0.4	2	1	1	1.0667	1	1.0667	1.0	True	0.75	2.01
17	33879749	G	A	SLFN14	Missense_Mutation	16	6	22	0.2727272727272727	2	1	1	0.7273	1	0.7273	0.7273	False	0.75	2.01
17	34937947	A	G	GGNBP2	Silent	10	12	22	0.5454545454545454	2	1	1	1.4545	1	1.4545	1.0	True	0.75	2.01
17	35376321	A	G	AATF	Missense_Mutation	33	25	58	0.43103448275862066	2	1	1	1.1494	1	1.1494	1.0	True	0.75	2.01
17	35614671	A	G	ACACA	Missense_Mutation	25	13	38	0.34210526315789475	2	1	1	0.9123	1	0.9123	0.9123	True	0.75	2.01
17	36358883	T	C	RP11-1407O15.2	Missense_Mutation	260	48	308	0.15584415584415584	2	1	1	0.4156	1	0.4156	0.4156	False	0.75	2.01
17	36626108	C	T	ARHGAP23	Missense_Mutation	63	34	97	0.35051546391752575	2	1	1	0.9347	1	0.9347	0.9347	True	0.75	2.01
17	36890430	G	A	PCGF2	3'UTR	8	8	16	0.5	2	1	1	1.3333	1	1.3333	1.0	True	0.75	2.01
17	36890852	A	G	CISD3	3'UTR	21	7	28	0.25	2	1	1	0.6667	1	0.6667	0.6667	False	0.75	2.01
17	38610261	T	C	IGFBP4	Missense_Mutation	53	40	93	0.43010752688172044	2	1	1	1.147	1	1.147	1.0	True	0.75	2.01
17	38644831	C	T	TNS4	Missense_Mutation	44	30	74	0.40540540540540543	2	1	1	1.0811	1	1.0811	1.0	True	0.75	2.01
17	38710926	G	A	CCR7	3'UTR	51	17	68	0.25	2	1	1	0.6667	1	0.6667	0.6667	False	0.75	2.01
17	39150215	G	T	KRTAP3-3	Silent	137	34	171	0.19883040935672514	2	1	1	0.5302	1	0.5302	0.5302	False	0.75	2.01
17	39506991	A	G	KRT33A	Missense_Mutation	47	24	71	0.3380281690140845	2	1	1	0.9014	1	0.9014	0.9014	True	0.75	2.01
17	39596699	C	T	KRT38	Missense_Mutation	60	23	83	0.27710843373493976	2	1	1	0.739	1	0.739	0.739	False	0.75	2.01
17	39673356	G	A	KRT15	Missense_Mutation	27	14	41	0.34146341463414637	2	1	1	0.9106	1	0.9106	0.9106	True	0.75	2.01
17	40125822	G	A	CNP	Silent	29	15	44	0.3409090909090909	2	1	1	0.9091	1	0.9091	0.9091	True	0.75	2.01
17	40323941	A	G	KCNH4	Missense_Mutation	47	19	66	0.2878787878787879	2	1	1	0.7677	1	0.7677	0.7677	False	0.75	2.01
17	40842211	A	G	CNTNAP1	Missense_Mutation	48	21	69	0.30434782608695654	2	1	1	0.8116	1	0.8116	0.8116	False	0.75	2.01
17	40847834	C	T	CNTNAP1	Silent	32	24	56	0.42857142857142855	2	1	1	1.1429	1	1.1429	1.0	True	0.75	2.01
17	40925457	C	A	VPS25	5'UTR	16	14	30	0.4666666666666667	2	1	1	1.2444	1	1.2444	1.0	True	0.75	2.01
17	42170755	C	T	HDAC5	Silent	56	41	97	0.422680412371134	2	1	1	1.1271	1	1.1271	1.0	True	0.75	2.01
17	42390031	T	C	RUNDC3A	Missense_Mutation	37	23	60	0.38333333333333336	2	1	1	1.0222	1	1.0222	1.0	True	0.75	2.01
17	42398049	T	C	SLC25A39	Missense_Mutation	40	10	50	0.2	2	1	1	0.5333	1	0.5333	0.5333	False	0.75	2.01
17	42850668	G	A	ADAM11	Missense_Mutation	52	21	73	0.2876712328767123	2	1	1	0.7671	1	0.7671	0.7671	False	0.75	2.01
17	42929819	G	T	EFTUD2	Silent	22	15	37	0.40540540540540543	2	1	1	1.0811	1	1.0811	1.0	True	0.75	2.01
17	44847168	T	C	WNT3	Missense_Mutation	35	16	51	0.3137254901960784	2	1	1	0.8366	1	0.8366	0.8366	False	0.75	2.01
17	45730167	T	A	KPNB1	Missense_Mutation	32	3	35	0.08571428571428572	2	1	1	0.2286	1	0.2286	0.2286	False	0.75	2.01
17	45785833	G	A	TBKBP1	Missense_Mutation	38	21	59	0.3559322033898305	2	1	1	0.9492	1	0.9492	0.9492	True	0.75	2.01
17	45822784	C	T	TBX21	3'UTR	10	4	14	0.2857142857142857	2	1	1	0.7619	1	0.7619	0.7619	False	0.75	2.01
17	46937708	T	C	CALCOCO2	Silent	29	25	54	0.46296296296296297	2	2	0	1.2346	1	1.2346	1.0	True	0.75	2.01
17	47006027	T	C	UBE2Z	3'UTR	43	25	68	0.36764705882352944	2	2	0	0.9804	1	0.9804	0.9804	True	0.75	2.01
17	47388708	C	T	ZNF652	Silent	105	53	158	0.33544303797468356	2	2	0	0.8945	1	0.8945	0.8945	True	0.75	2.01
17	48267459	C	T	COL1A1	Missense_Mutation	27	10	37	0.2702702702702703	2	2	0	0.7207	1	0.7207	0.7207	False	0.75	2.01
17	48437350	G	A	XYLT2	Missense_Mutation	39	26	65	0.4	2	2	0	1.0667	1	1.0667	1.0	True	0.75	2.01
17	48450590	A	G	EME1	5'UTR	15	12	27	0.4444444444444444	2	2	0	1.1852	1	1.1852	1.0	True	0.75	2.01
17	48551032	C	T	ACSF2	Silent	25	15	40	0.375	2	2	0	1.0	1	1.0	1.0	True	0.75	2.01
17	49057104	T	C	SPAG9	Intron	34	4	38	0.10526315789473684	2	2	0	0.2807	1	0.2807	0.2807	False	0.75	2.01
17	52992004	C	T	TOM1L1	Missense_Mutation	44	20	64	0.3125	2	2	0	0.8333	1	0.8333	0.8333	False	0.75	2.01
17	55183609	T	C	AKAP1	Missense_Mutation	7	12	19	0.631578947368421	2	2	0	1.6842	2	0.8421	0.8421	False	0.75	2.01
17	56349157	A	G	MPO	Missense_Mutation	59	4	63	0.06349206349206349	2	2	0	0.1693	1	0.1693	0.1693	False	0.75	2.01
17	57697453	G	A	CLTC	5'UTR	110	52	162	0.32098765432098764	2	2	0	0.856	1	0.856	0.856	True	0.75	2.01
17	60023956	A	G	MED13	Missense_Mutation	16	9	25	0.36	2	2	0	0.96	1	0.96	0.96	True	0.75	2.01
17	60501364	A	G	METTL2A	Missense_Mutation	65	41	106	0.3867924528301887	2	2	0	1.0314	1	1.0314	1.0	True	0.75	2.01
17	61571767	A	G	ACE	Missense_Mutation	20	12	32	0.375	2	2	0	1.0	1	1.0	1.0	True	0.75	2.01
17	61666753	T	C	DCAF7	3'UTR	7	4	11	0.36363636363636365	2	2	0	0.9697	1	0.9697	0.9697	True	0.75	2.01
17	62859167	G	A	LRRC37A3	Intron	109	82	191	0.4293193717277487	2	2	0	1.1449	1	1.1449	1.0	True	0.75	2.01
17	64026097	A	G	CEP112	Silent	28	3	31	0.0967741935483871	2	2	0	0.2581	1	0.2581	0.2581	False	0.75	2.01
17	65068130	C	A	HELZ	3'UTR	27	19	46	0.41304347826086957	2	2	0	1.1014	1	1.1014	1.0	True	0.75	2.01
17	67101643	G	T	ABCA6	Silent	42	28	70	0.4	2	2	0	1.0667	1	1.0667	1.0	True	0.75	2.01
17	68175345	T	C	KCNJ2	3'UTR	23	10	33	0.30303030303030304	2	2	0	0.8081	1	0.8081	0.8081	False	0.75	2.01
17	71243438	G	A	C17orf80	Silent	33	20	53	0.37735849056603776	2	2	0	1.0063	1	1.0063	1.0	True	0.75	2.01
17	71334401	G	A	SDK2	3'UTR	18	7	25	0.28	2	2	0	0.7467	1	0.7467	0.7467	False	0.75	2.01
17	72308217	A	G	DNAI2	Missense_Mutation	15	11	26	0.4230769230769231	2	2	0	1.1282	1	1.1282	1.0	True	0.75	2.01
17	72522145	A	G	CD300LB	Missense_Mutation	53	33	86	0.38372093023255816	2	2	0	1.0233	1	1.0233	1.0	True	0.75	2.01
17	72537643	C	T	CD300C	3'UTR	41	15	56	0.26785714285714285	2	2	0	0.7143	1	0.7143	0.7143	False	0.75	2.01
17	72540994	G	T	CD300C	Missense_Mutation	42	13	55	0.23636363636363636	2	2	0	0.6303	1	0.6303	0.6303	False	0.75	2.01
17	72916179	C	T	USH1G	Missense_Mutation	42	33	75	0.44	2	2	0	1.1733	1	1.1733	1.0	True	0.75	2.01
17	73127360	A	G	NT5C	Missense_Mutation	44	18	62	0.2903225806451613	2	2	0	0.7742	1	0.7742	0.7742	False	0.75	2.01
17	73626708	G	A	RECQL5	Missense_Mutation	53	25	78	0.32051282051282054	2	2	0	0.8547	1	0.8547	0.8547	True	0.75	2.01
17	73774288	A	G	H3F3B	3'UTR	17	13	30	0.43333333333333335	2	2	0	1.1556	1	1.1556	1.0	True	0.75	2.01
17	74278047	G	A	QRICH2	Silent	37	19	56	0.3392857142857143	2	2	0	0.9048	1	0.9048	0.9048	True	0.75	2.01
17	74564827	T	C	ST6GALNAC2	Silent	40	12	52	0.23076923076923078	2	2	0	0.6154	1	0.6154	0.6154	False	0.75	2.01
17	74625784	G	A	ST6GALNAC1	Silent	35	4	39	0.10256410256410256	2	2	0	0.2735	1	0.2735	0.2735	False	0.75	2.01
17	74722567	T	C	JMJD6	5'UTR	20	12	32	0.375	2	2	0	1.0	1	1.0	1.0	True	0.75	2.01
17	74878344	A	G	MGAT5B	Missense_Mutation	69	29	98	0.29591836734693877	2	2	0	0.7891	1	0.7891	0.7891	False	0.75	2.01
17	76045156	A	G	TNRC6C	Missense_Mutation	23	15	38	0.39473684210526316	2	2	0	1.0526	1	1.0526	1.0	True	0.75	2.01
17	76411101	T	G	PGS1	Missense_Mutation	44	21	65	0.3230769230769231	2	2	0	0.8615	1	0.8615	0.8615	True	0.75	2.01
17	76472770	G	A	DNAH17	Missense_Mutation	60	30	90	0.3333333333333333	2	2	0	0.8889	1	0.8889	0.8889	True	0.75	2.01
17	78081523	T	C	GAA	Splice_Site	41	17	58	0.29310344827586204	2	2	0	0.7816	1	0.7816	0.7816	False	0.75	2.01
17	78092540	C	T	GAA	Missense_Mutation	21	18	39	0.46153846153846156	2	2	0	1.2308	1	1.2308	1.0	True	0.75	2.01
17	78210832	C	A	SLC26A11	Missense_Mutation	47	27	74	0.36486486486486486	2	2	0	0.973	1	0.973	0.973	True	0.75	2.01
17	78237467	T	C	RNF213	5'UTR	41	22	63	0.3492063492063492	2	2	0	0.9312	1	0.9312	0.9312	True	0.75	2.01
17	78972937	T	C	CHMP6	Missense_Mutation	30	20	50	0.4	2	2	0	1.0667	1	1.0667	1.0	True	0.75	2.01
17	79632265	A	G	OXLD1	Missense_Mutation	63	43	106	0.4056603773584906	2	2	0	1.0818	1	1.0818	1.0	True	0.75	2.01
17	79771495	G	A	GCGR	Missense_Mutation	21	29	50	0.58	2	2	0	1.5467	2	0.7733	0.7733	False	0.75	2.01
17	79801782	G	A	P4HB	3'UTR	22	4	26	0.15384615384615385	2	2	0	0.4103	1	0.4103	0.4103	False	0.75	2.01
17	79826203	G	A	ARHGDIA	3'UTR	12	8	20	0.4	2	2	0	1.0667	1	1.0667	1.0	True	0.75	2.01
17	80013070	C	A	GPS1	Silent	26	14	40	0.35	2	2	0	0.9333	1	0.9333	0.9333	True	0.75	2.01
17	80042583	T	C	FASN	Missense_Mutation	41	21	62	0.3387096774193548	2	2	0	0.9032	1	0.9032	0.9032	True	0.75	2.01
18	3066981	A	G	MYOM1	3'UTR	19	20	39	0.5128205128205128	2	1	1	1.3675	1	1.3675	1.0	True	0.75	2.01
18	3187544	A	G	MYOM1	Missense_Mutation	79	44	123	0.35772357723577236	2	1	1	0.9539	1	0.9539	0.9539	True	0.75	2.01
18	3214935	T	C	MYOM1	Missense_Mutation	20	15	35	0.42857142857142855	2	1	1	1.1429	1	1.1429	1.0	True	0.75	2.01
18	5291958	A	G	ZBTB14	Silent	24	6	30	0.2	2	1	1	0.5333	1	0.5333	0.5333	False	0.75	2.01
18	8831870	A	G	SOGA2	3'UTR	20	15	35	0.42857142857142855	2	1	1	1.1429	1	1.1429	1.0	True	0.75	2.01
18	9211612	C	T	ANKRD12	Missense_Mutation	13	5	18	0.2777777777777778	2	1	1	0.7407	1	0.7407	0.7407	False	0.75	2.01
18	10485560	C	T	APCDD1	Silent	19	11	30	0.36666666666666664	2	1	1	0.9778	1	0.9778	0.9778	True	0.75	2.01
18	12785708	G	T	PTPN2	3'UTR	15	9	24	0.375	2	1	1	1.0	1	1.0	1.0	True	0.75	2.01
18	14828298	C	T	ANKRD30B	Missense_Mutation	25	8	33	0.24242424242424243	2	1	1	0.6465	1	0.6465	0.6465	False	0.75	2.01
18	21441735	G	A	LAMA3	Silent	61	27	88	0.3068181818181818	2	1	1	0.8182	1	0.8182	0.8182	False	0.75	2.01
18	21451552	C	T	LAMA3	Missense_Mutation	29	17	46	0.3695652173913043	2	1	1	0.9855	1	0.9855	0.9855	True	0.75	2.01
18	22805608	G	C	ZNF521	Missense_Mutation	40	19	59	0.3220338983050847	2	1	1	0.8588	1	0.8588	0.8588	True	0.75	2.01
18	29340255	C	T	SLC25A52	Missense_Mutation	59	26	85	0.3058823529411765	2	1	1	0.8157	1	0.8157	0.8157	False	0.75	2.01
18	31325783	T	C	ASXL3	Missense_Mutation	19	14	33	0.42424242424242425	2	1	1	1.1313	1	1.1313	1.0	True	0.75	2.01
18	33840082	A	G	MOCOS	Missense_Mutation	55	30	85	0.35294117647058826	2	1	1	0.9412	1	0.9412	0.9412	True	0.75	2.01
18	44555152	G	A	TCEB3C	Silent	243	21	264	0.07954545454545454	2	1	1	0.2121	1	0.2121	0.2121	False	0.75	2.01
18	45556202	A	G	ZBTB7C	Missense_Mutation	44	21	65	0.3230769230769231	2	1	1	0.8615	1	0.8615	0.8615	True	0.75	2.01
18	47015756	T	C	RPL17-C18orf32	Silent	81	44	125	0.352	2	1	1	0.9387	1	0.9387	0.9387	True	0.75	2.01
18	50278451	T	C	DCC	Missense_Mutation	40	25	65	0.38461538461538464	2	1	1	1.0256	1	1.0256	1.0	True	0.75	2.01
18	54814757	C	T	BOD1L2	Silent	76	36	112	0.32142857142857145	2	1	1	0.8571	1	0.8571	0.8571	True	0.75	2.01
18	56606699	T	C	ZNF532	Missense_Mutation	27	17	44	0.38636363636363635	2	1	1	1.0303	1	1.0303	1.0	True	0.75	2.01
18	56816840	C	T	SEC11C	Silent	65	29	94	0.30851063829787234	2	1	1	0.8227	1	0.8227	0.8227	False	0.75	2.01
18	66721303	A	G	CCDC102B	Missense_Mutation	19	9	28	0.32142857142857145	2	1	1	0.8571	1	0.8571	0.8571	True	0.75	2.01
18	67760014	A	G	RTTN	Silent	16	5	21	0.23809523809523808	2	1	1	0.6349	1	0.6349	0.6349	False	0.75	2.01
18	67997144	A	G	SOCS6	3'UTR	13	5	18	0.2777777777777778	2	1	1	0.7407	1	0.7407	0.7407	False	0.75	2.01
18	71797681	C	T	FBXO15	Missense_Mutation	47	27	74	0.36486486486486486	2	1	1	0.973	1	0.973	0.973	True	0.75	2.01
18	74672805	T	C	ZNF236	Missense_Mutation	26	3	29	0.10344827586206896	2	1	1	0.2759	1	0.2759	0.2759	False	0.75	2.01
18	74980816	T	C	GALR1	Silent	26	7	33	0.21212121212121213	2	1	1	0.5657	1	0.5657	0.5657	False	0.75	2.01
18	76752242	A	G	SALL3	Missense_Mutation	14	7	21	0.3333333333333333	2	1	1	0.8889	1	0.8889	0.8889	True	0.75	2.01
18	77710793	T	C	PQLC1	Missense_Mutation	29	11	40	0.275	2	1	1	0.7333	1	0.7333	0.7333	False	0.75	2.01
18	77917171	G	A	PARD6G	3'UTR	5	10	15	0.6666666666666666	2	1	1	1.7778	1	1.7778	1.0	True	0.75	2.01
19	288091	A	G	PPAP2C	Missense_Mutation	58	25	83	0.30120481927710846	2	1	1	0.8032	1	0.8032	0.8032	False	0.75	2.01
19	648193	A	G	RNF126	Missense_Mutation	50	19	69	0.2753623188405797	2	1	1	0.7343	1	0.7343	0.7343	False	0.75	2.01
19	757070	G	A	MISP	Missense_Mutation	59	37	96	0.3854166666666667	2	1	1	1.0278	1	1.0278	1.0	True	0.75	2.01
19	863143	A	G	CFD	Missense_Mutation	23	9	32	0.28125	2	1	1	0.75	1	0.75	0.75	False	0.75	2.01
19	1397449	A	G	GAMT	3'Flank	27	5	32	0.15625	2	1	1	0.4167	1	0.4167	0.4167	False	0.75	2.01
19	1796762	C	T	ATP8B3	Silent	18	11	29	0.3793103448275862	2	1	1	1.0115	1	1.0115	1.0	True	0.75	2.01
19	1881394	C	T	ABHD17A	Missense_Mutation	22	10	32	0.3125	2	1	1	0.8333	1	0.8333	0.8333	False	0.75	2.01
19	2078264	T	C	MOB3A	Missense_Mutation	38	27	65	0.4153846153846154	2	1	1	1.1077	1	1.1077	1.0	True	0.75	2.01
19	2216387	C	T	DOT1L	Silent	54	32	86	0.37209302325581395	2	1	1	0.9922	1	0.9922	0.9922	True	0.75	2.01
19	2233778	C	T	PLEKHJ1	3'UTR	25	7	32	0.21875	2	1	1	0.5833	1	0.5833	0.5833	False	0.75	2.01
19	2273181	G	A	OAZ1	3'UTR	10	11	21	0.5238095238095238	2	1	1	1.3968	1	1.3968	1.0	True	0.75	2.01
19	2338830	A	G	SPPL2B	RNA	22	23	45	0.5111111111111111	2	1	1	1.363	1	1.363	1.0	True	0.75	2.01
19	2432435	C	T	LMNB2	Silent	76	38	114	0.3333333333333333	2	1	1	0.8889	1	0.8889	0.8889	True	0.75	2.01
19	2796064	A	T	THOP1	Intron	24	7	31	0.22580645161290322	2	1	1	0.6022	1	0.6022	0.6022	False	0.75	2.01
19	3733803	T	C	TJP3	Missense_Mutation	47	26	73	0.3561643835616438	2	1	1	0.9498	1	0.9498	0.9498	True	0.75	2.01
19	3969807	A	G	DAPK3	5'UTR	19	20	39	0.5128205128205128	2	1	1	1.3675	1	1.3675	1.0	True	0.75	2.01
19	4298059	G	A	TMIGD2	Silent	64	32	96	0.3333333333333333	2	1	1	0.8889	1	0.8889	0.8889	True	0.75	2.01
19	4363370	C	T	SH3GL1	Missense_Mutation	46	32	78	0.41025641025641024	2	1	1	1.094	1	1.094	1.0	True	0.75	2.01
19	4557220	G	A	SEMA6B	Silent	27	16	43	0.37209302325581395	2	1	1	0.9922	1	0.9922	0.9922	True	0.75	2.01
19	4675249	A	G	DPP9	3'UTR	28	11	39	0.28205128205128205	2	1	1	0.7521	1	0.7521	0.7521	False	0.75	2.01
19	4676624	G	A	DPP9	Silent	59	43	102	0.4215686274509804	2	1	1	1.1242	1	1.1242	1.0	True	0.75	2.01
19	4682807	T	C	DPP9	Missense_Mutation	43	39	82	0.47560975609756095	2	1	1	1.2683	1	1.2683	1.0	True	0.75	2.01
19	4932803	G	C	MIR4747	3'Flank	60	39	99	0.3939393939393939	2	1	1	1.0505	1	1.0505	1.0	True	0.75	2.01
19	5222202	T	C	PTPRS	Missense_Mutation	57	27	84	0.32142857142857145	2	1	1	0.8571	1	0.8571	0.8571	True	0.75	2.01
19	5456689	A	G	ZNRF4	Missense_Mutation	28	17	45	0.37777777777777777	2	1	1	1.0074	1	1.0074	1.0	True	0.75	2.01
19	5843514	A	G	FUT3	3'UTR	20	9	29	0.3103448275862069	2	1	1	0.8276	1	0.8276	0.8276	False	0.75	2.01
19	5892464	G	A	NDUFA11	3'UTR	32	14	46	0.30434782608695654	2	1	1	0.8116	1	0.8116	0.8116	False	0.75	2.01
19	6217986	G	A	MLLT1	Missense_Mutation	27	15	42	0.35714285714285715	2	1	1	0.9524	1	0.9524	0.9524	True	0.75	2.01
19	6440164	G	A	SLC25A23	3'UTR	16	5	21	0.23809523809523808	2	1	1	0.6349	1	0.6349	0.6349	False	0.75	2.01
19	6697806	C	A	C3	Splice_Site	20	7	27	0.25925925925925924	2	1	1	0.6914	1	0.6914	0.6914	False	0.75	2.01
19	7616250	C	T	PNPLA6	Silent	58	42	100	0.42	2	1	1	1.12	1	1.12	1.0	True	0.75	2.01
19	7692277	C	T	XAB2	Missense_Mutation	36	21	57	0.3684210526315789	2	1	1	0.9825	1	0.9825	0.9825	True	0.75	2.01
19	7812222	G	A	CD209	Nonsense_Mutation	41	29	70	0.4142857142857143	2	1	1	1.1048	1	1.1048	1.0	True	0.75	2.01
19	7914965	C	T	EVI5L	Missense_Mutation	53	34	87	0.39080459770114945	2	1	1	1.0421	1	1.0421	1.0	True	0.75	2.01
19	8206919	C	T	FBN3	Missense_Mutation	51	30	81	0.37037037037037035	2	1	1	0.9877	1	0.9877	0.9877	True	0.75	2.01
19	8370002	A	G	CD320	Missense_Mutation	27	16	43	0.37209302325581395	2	1	1	0.9922	1	0.9922	0.9922	True	0.75	2.01
19	8576574	C	T	ZNF414	Silent	5	6	11	0.5454545454545454	2	1	1	1.4545	1	1.4545	1.0	True	0.75	2.01
19	9006362	C	T	MUC16	Missense_Mutation	49	24	73	0.3287671232876712	2	1	1	0.8767	1	0.8767	0.8767	True	0.75	2.01
19	9085823	G	A	MUC16	Nonsense_Mutation	53	34	87	0.39080459770114945	2	1	1	1.0421	1	1.0421	1.0	True	0.75	2.01
19	9090329	T	C	MUC16	Missense_Mutation	62	34	96	0.3541666666666667	2	1	1	0.9444	1	0.9444	0.9444	True	0.75	2.01
19	9965166	G	C	OLFM2	Missense_Mutation	25	12	37	0.32432432432432434	2	1	1	0.8649	1	0.8649	0.8649	True	0.75	2.01
19	10227605	A	G	EIF3G	Missense_Mutation	67	34	101	0.33663366336633666	2	1	1	0.8977	1	0.8977	0.8977	True	0.75	2.01
19	10577610	G	A	PDE4A	Silent	28	16	44	0.36363636363636365	2	1	1	0.9697	1	0.9697	0.9697	True	0.75	2.01
19	10664513	G	A	KRI1	3'UTR	15	8	23	0.34782608695652173	2	1	1	0.9275	1	0.9275	0.9275	True	0.75	2.01
19	10692197	A	T	AP1M2	Missense_Mutation	47	38	85	0.4470588235294118	2	1	1	1.1922	1	1.1922	1.0	True	0.75	2.01
19	11488845	T	C	EPOR	Missense_Mutation	23	10	33	0.30303030303030304	2	1	1	0.8081	1	0.8081	0.8081	False	0.75	2.01
19	11558274	A	G	PRKCSH	Silent	14	10	24	0.4166666666666667	2	1	1	1.1111	1	1.1111	1.0	True	0.75	2.01
19	12246352	T	C	ZNF20	Missense_Mutation	33	17	50	0.34	2	1	1	0.9067	1	0.9067	0.9067	True	0.75	2.01
19	12863415	C	T	BEST2	Silent	23	21	44	0.4772727272727273	2	1	1	1.2727	1	1.2727	1.0	True	0.75	2.01
19	12881855	G	A	HOOK2	Missense_Mutation	24	14	38	0.3684210526315789	2	1	1	0.9825	1	0.9825	0.9825	True	0.75	2.01
19	12958805	T	A	MAST1	Silent	21	10	31	0.3225806451612903	2	1	1	0.8602	1	0.8602	0.8602	True	0.75	2.01
19	13007754	T	C	GCDH	Missense_Mutation	33	15	48	0.3125	2	1	1	0.8333	1	0.8333	0.8333	False	0.75	2.01
19	13319824	C	A	CACNA1A	Splice_Site	59	43	102	0.4215686274509804	2	1	1	1.1242	1	1.1242	1.0	True	0.75	2.01
19	14232397	A	G	ASF1B	Missense_Mutation	60	26	86	0.3023255813953488	2	1	1	0.8062	1	0.8062	0.8062	False	0.75	2.01
19	14625911	G	A	DNAJB1	3'UTR	13	6	19	0.3157894736842105	2	1	1	0.8421	1	0.8421	0.8421	False	0.75	2.01
19	14705594	T	C	CLEC17A	Missense_Mutation	33	25	58	0.43103448275862066	2	1	1	1.1494	1	1.1494	1.0	True	0.75	2.01
19	14826921	T	C	ZNF333	Intron	68	37	105	0.3523809523809524	2	1	1	0.9397	1	0.9397	0.9397	True	0.75	2.01
19	14877047	C	A	EMR2	Missense_Mutation	66	45	111	0.40540540540540543	2	1	1	1.0811	1	1.0811	1.0	True	0.75	2.01
19	15226049	T	C	ILVBL	3'UTR	39	12	51	0.23529411764705882	2	1	1	0.6275	1	0.6275	0.6275	False	0.75	2.01
19	15349661	C	T	BRD4	Missense_Mutation	32	19	51	0.37254901960784315	2	1	1	0.9935	1	0.9935	0.9935	True	0.75	2.01
19	15538260	G	A	WIZ	Missense_Mutation	74	47	121	0.3884297520661157	2	1	1	1.0358	1	1.0358	1.0	True	0.75	2.01
19	15575004	T	C	RASAL3	Missense_Mutation	27	10	37	0.2702702702702703	2	1	1	0.7207	1	0.7207	0.7207	False	0.75	2.01
19	15754837	A	G	CYP4F3	Intron	53	21	74	0.28378378378378377	2	1	1	0.7568	1	0.7568	0.7568	False	0.75	2.01
19	16240364	G	A	RAB8A	Missense_Mutation	14	5	19	0.2631578947368421	2	1	1	0.7018	1	0.7018	0.7018	False	0.75	2.01
19	17283211	A	G	MYO9B	Missense_Mutation	44	40	84	0.47619047619047616	2	1	1	1.2698	1	1.2698	1.0	True	0.75	2.01
19	17384768	A	G	BABAM1	Missense_Mutation	33	18	51	0.35294117647058826	2	1	1	0.9412	1	0.9412	0.9412	True	0.75	2.01
19	18561380	T	C	ELL	Missense_Mutation	67	38	105	0.3619047619047619	2	1	1	0.9651	1	0.9651	0.9651	True	0.75	2.01
19	19766158	C	T	ATP13A1	Missense_Mutation	37	29	66	0.4393939393939394	2	1	1	1.1717	1	1.1717	1.0	True	0.75	2.01
19	19770414	T	C	ATP13A1	Missense_Mutation	23	8	31	0.25806451612903225	2	1	1	0.6882	1	0.6882	0.6882	False	0.75	2.01
19	32845041	C	T	ZNF507	Silent	21	21	42	0.5	2	1	1	1.3333	1	1.3333	1.0	True	0.75	2.01
19	33095193	G	A	ANKRD27	Silent	29	19	48	0.3958333333333333	2	1	1	1.0556	1	1.0556	1.0	True	0.75	2.01
19	33351551	T	C	SLC7A9	Missense_Mutation	27	35	62	0.5645161290322581	2	1	1	1.5054	1	1.5054	1.0	True	0.75	2.01
19	33370187	C	T	CEP89	Missense_Mutation	44	17	61	0.2786885245901639	2	1	1	0.7432	1	0.7432	0.7432	False	0.75	2.01
19	33902584	T	C	PEPD	Missense_Mutation	26	22	48	0.4583333333333333	2	1	1	1.2222	1	1.2222	1.0	True	0.75	2.01
19	34843967	C	A	KIAA0355	3'UTR	35	20	55	0.36363636363636365	2	1	1	0.9697	1	0.9697	0.9697	True	0.75	2.01
19	34991248	A	G	WTIP	3'UTR	11	8	19	0.42105263157894735	2	1	1	1.1228	1	1.1228	1.0	True	0.75	2.01
19	35761682	C	T	USF2	Silent	43	28	71	0.39436619718309857	2	1	1	1.0516	1	1.0516	1.0	True	0.75	2.01
19	36108789	A	G	HAUS5	Missense_Mutation	57	30	87	0.3448275862068966	2	1	1	0.9195	1	0.9195	0.9195	True	0.75	2.01
19	36145522	T	A	COX6B1	Silent	43	16	59	0.2711864406779661	2	1	1	0.7232	1	0.7232	0.7232	False	0.75	2.01
19	36222875	A	G	KMT2B	Missense_Mutation	34	14	48	0.2916666666666667	2	1	1	0.7778	1	0.7778	0.7778	False	0.75	2.01
19	36233507	T	C	U2AF1L4	Missense_Mutation	40	16	56	0.2857142857142857	2	1	1	0.7619	1	0.7619	0.7619	False	0.75	2.01
19	36270839	T	C	ARHGAP33	Intron	26	5	31	0.16129032258064516	2	1	1	0.4301	1	0.4301	0.4301	False	0.75	2.01
19	36579987	T	C	WDR62	Missense_Mutation	15	10	25	0.4	2	1	1	1.0667	1	1.0667	1.0	True	0.75	2.01
19	36605093	G	T	POLR2I	Missense_Mutation	51	37	88	0.42045454545454547	2	1	1	1.1212	1	1.1212	1.0	True	0.75	2.01
19	37065753	T	C	ZNF529	5'Flank	37	21	58	0.3620689655172414	2	1	1	0.9655	1	0.9655	0.9655	True	0.75	2.01
19	37734342	G	A	ZNF383	Missense_Mutation	31	14	45	0.3111111111111111	2	1	1	0.8296	1	0.8296	0.8296	False	0.75	2.01
19	37903898	T	C	ZNF569	Silent	50	16	66	0.24242424242424243	2	1	1	0.6465	1	0.6465	0.6465	False	0.75	2.01
19	37967313	A	G	ZNF570	Missense_Mutation	27	20	47	0.425531914893617	2	1	1	1.1348	1	1.1348	1.0	True	0.75	2.01
19	38028349	C	A	ZNF793	Silent	14	11	25	0.44	2	1	1	1.1733	1	1.1733	1.0	True	0.75	2.01
19	38314630	A	G	AC016582.2	RNA	13	3	16	0.1875	2	1	1	0.5	1	0.5	0.5	False	0.75	2.01
19	38383353	G	T	WDR87	Missense_Mutation	66	31	97	0.31958762886597936	2	1	1	0.8522	1	0.8522	0.8522	True	0.75	2.01
19	39003005	G	A	RYR1	Silent	18	13	31	0.41935483870967744	2	1	1	1.1183	1	1.1183	1.0	True	0.75	2.01
19	39075709	G	A	RYR1	Missense_Mutation	43	19	62	0.3064516129032258	2	1	1	0.8172	1	0.8172	0.8172	False	0.75	2.01
19	39876863	C	T	PAF1	Missense_Mutation	47	32	79	0.4050632911392405	2	1	1	1.0802	1	1.0802	1.0	True	0.75	2.01
19	40430516	C	T	FCGBP	Missense_Mutation	35	18	53	0.33962264150943394	2	1	1	0.9057	1	0.9057	0.9057	True	0.75	2.01
19	40901415	A	G	PRX	Silent	48	14	62	0.22580645161290322	2	1	1	0.6022	1	0.6022	0.6022	False	0.75	2.01
19	41192848	G	A	NUMBL	Missense_Mutation	19	9	28	0.32142857142857145	2	1	1	0.8571	1	0.8571	0.8571	True	0.75	2.01
19	41950158	A	G	C19orf69	3'UTR	15	8	23	0.34782608695652173	2	1	1	0.9275	1	0.9275	0.9275	True	0.75	2.01
19	42489323	A	G	ATP1A3	Missense_Mutation	14	10	24	0.4166666666666667	2	1	1	1.1111	1	1.1111	1.0	True	0.75	2.01
19	42525584	C	T	GRIK5	Silent	37	21	58	0.3620689655172414	2	1	1	0.9655	1	0.9655	0.9655	True	0.75	2.01
19	43922514	C	T	TEX101	Missense_Mutation	24	11	35	0.3142857142857143	2	1	1	0.8381	1	0.8381	0.8381	False	0.75	2.01
19	43999685	T	G	PHLDB3	Missense_Mutation	20	11	31	0.3548387096774194	2	1	1	0.9462	1	0.9462	0.9462	True	0.75	2.01
19	44303137	T	C	LYPD5	Missense_Mutation	25	14	39	0.358974358974359	2	1	1	0.9573	1	0.9573	0.9573	True	0.75	2.01
19	44423773	G	A	ZNF45	Silent	95	54	149	0.3624161073825503	2	1	1	0.9664	1	0.9664	0.9664	True	0.75	2.01
19	44514711	G	T	ZNF230	Nonsense_Mutation	35	16	51	0.3137254901960784	2	1	1	0.8366	1	0.8366	0.8366	False	0.75	2.01
19	44981774	C	T	ZNF180	Silent	23	15	38	0.39473684210526316	2	1	1	1.0526	1	1.0526	1.0	True	0.75	2.01
19	45656305	A	G	NKPD1	Missense_Mutation	34	25	59	0.423728813559322	2	1	1	1.1299	1	1.1299	1.0	True	0.75	2.01
19	46057087	C	T	OPA3	Intron	20	12	32	0.375	2	1	1	1.0	1	1.0	1.0	True	0.75	2.01
19	46195167	T	C	SNRPD2	5'UTR	53	25	78	0.32051282051282054	2	1	1	0.8547	1	0.8547	0.8547	True	0.75	2.01
19	46198897	C	T	QPCTL	Missense_Mutation	35	17	52	0.3269230769230769	2	1	1	0.8718	1	0.8718	0.8718	True	0.75	2.01
19	46522276	T	C	CCDC61	3'Flank	35	24	59	0.4067796610169492	2	1	1	1.0847	1	1.0847	1.0	True	0.75	2.01
19	46891707	T	C	PPP5C	Splice_Site	52	33	85	0.38823529411764707	2	1	1	1.0353	1	1.0353	1.0	True	0.75	2.01
19	46891813	G	T	PPP5C	Missense_Mutation	45	42	87	0.4827586206896552	2	1	1	1.2874	1	1.2874	1.0	True	0.75	2.01
19	47259726	A	G	FKRP	Missense_Mutation	16	9	25	0.36	2	1	1	0.96	1	0.96	0.96	True	0.75	2.01
19	47764098	T	C	CCDC9	Splice_Site	30	11	41	0.2682926829268293	2	1	1	0.7154	1	0.7154	0.7154	False	0.75	2.01
19	48801437	G	T	CCDC114	Silent	41	31	72	0.4305555555555556	2	1	1	1.1481	1	1.1481	1.0	True	0.75	2.01
19	48965294	G	A	KCNJ14	Missense_Mutation	17	6	23	0.2608695652173913	2	1	1	0.6957	1	0.6957	0.6957	False	0.75	2.01
19	49344429	G	A	PLEKHA4	Missense_Mutation	54	28	82	0.34146341463414637	2	1	1	0.9106	1	0.9106	0.9106	True	0.75	2.01
19	49469885	C	A	FTL	Missense_Mutation	43	25	68	0.36764705882352944	2	1	1	0.9804	1	0.9804	0.9804	True	0.75	2.01
19	49472666	G	A	GYS1	Missense_Mutation	23	13	36	0.3611111111111111	2	1	1	0.963	1	0.963	0.963	True	0.75	2.01
19	49473055	A	G	GYS1	Missense_Mutation	17	19	36	0.5277777777777778	2	1	1	1.4074	1	1.4074	1.0	True	0.75	2.01
19	49573759	T	C	KCNA7	Missense_Mutation	18	3	21	0.14285714285714285	2	1	1	0.381	1	0.381	0.381	False	0.75	2.01
19	49949922	G	A	PIH1D1	Silent	28	19	47	0.40425531914893614	2	1	1	1.078	1	1.078	1.0	True	0.75	2.01
19	50162974	G	A	IRF3	Nonsense_Mutation	28	15	43	0.3488372093023256	2	1	1	0.9302	1	0.9302	0.9302	True	0.75	2.01
19	50332331	T	C	MED25	Missense_Mutation	12	8	20	0.4	2	1	1	1.0667	1	1.0667	1.0	True	0.75	2.01
19	50862005	G	A	NAPSA	Silent	27	20	47	0.425531914893617	2	1	1	1.1348	1	1.1348	1.0	True	0.75	2.01
19	50985140	C	G	EMC10	Intron	39	18	57	0.3157894736842105	2	1	1	0.8421	1	0.8421	0.8421	False	0.75	2.01
19	51361500	T	C	KLK3	Missense_Mutation	16	13	29	0.4482758620689655	2	1	1	1.1954	1	1.1954	1.0	True	0.75	2.01
19	51584804	G	A	KLK14	Missense_Mutation	40	29	69	0.42028985507246375	2	1	1	1.1208	1	1.1208	1.0	True	0.75	2.01
19	53301924	C	T	ZNF28	3'UTR	13	11	24	0.4583333333333333	2	1	1	1.2222	1	1.2222	1.0	True	0.75	2.01
19	53856847	T	C	ZNF845	3'UTR	23	13	36	0.3611111111111111	2	1	1	0.963	1	0.963	0.963	True	0.75	2.01
19	53960186	A	G	ZNF761	RNA	19	11	30	0.36666666666666664	2	1	1	0.9778	1	0.9778	0.9778	True	0.75	2.01
19	54403898	T	C	PRKCG	Silent	34	10	44	0.22727272727272727	2	1	1	0.6061	1	0.6061	0.6061	False	0.75	2.01
19	54697300	A	G	TSEN34	3'UTR	46	34	80	0.425	2	1	1	1.1333	1	1.1333	1.0	True	0.75	2.01
19	54966210	G	A	LENG8	Missense_Mutation	55	27	82	0.32926829268292684	2	1	1	0.878	1	0.878	0.878	True	0.75	2.01
19	54969610	T	G	LENG8	Missense_Mutation	35	19	54	0.35185185185185186	2	1	1	0.9383	1	0.9383	0.9383	True	0.75	2.01
19	55592838	T	C	EPS8L1	Missense_Mutation	5	7	12	0.5833333333333334	2	1	1	1.5556	1	1.5556	1.0	True	0.75	2.01
19	55773888	C	T	HSPBP1	3'UTR	18	5	23	0.21739130434782608	2	1	1	0.5797	1	0.5797	0.5797	False	0.75	2.01
19	56133462	T	C	ZNF784	Silent	28	9	37	0.24324324324324326	2	1	1	0.6486	1	0.6486	0.6486	False	0.75	2.01
19	56154560	C	A	ZNF580	3'UTR	54	6	60	0.1	2	1	1	0.2667	1	0.2667	0.2667	False	0.75	2.01
19	56701177	T	C	ZSCAN5B	3'UTR	37	21	58	0.3620689655172414	2	1	1	0.9655	1	0.9655	0.9655	True	0.75	2.01
19	57088338	T	C	ZNF470	Missense_Mutation	9	12	21	0.5714285714285714	2	1	1	1.5238	1	1.5238	1.0	True	0.75	2.01
19	57133632	A	G	ZNF71	Missense_Mutation	28	21	49	0.42857142857142855	2	1	1	1.1429	1	1.1429	1.0	True	0.75	2.01
19	58005047	C	T	ZNF419	Silent	49	31	80	0.3875	2	1	1	1.0333	1	1.0333	1.0	True	0.75	2.01
19	58199490	A	G	ZNF551	Missense_Mutation	24	20	44	0.45454545454545453	2	1	1	1.2121	1	1.2121	1.0	True	0.75	2.01
19	58220391	A	G	ZNF154	5'UTR	64	33	97	0.3402061855670103	2	1	1	0.9072	1	0.9072	0.9072	True	0.75	2.01
19	58310674	T	C	ZNF586	3'UTR	8	5	13	0.38461538461538464	2	1	1	1.0256	1	1.0256	1.0	True	0.75	2.01
19	58352526	A	G	ZNF587B	Missense_Mutation	98	54	152	0.35526315789473684	2	1	1	0.9474	1	0.9474	0.9474	True	0.75	2.01
19	58452363	A	G	ZNF256	Missense_Mutation	42	22	64	0.34375	2	1	1	0.9167	1	0.9167	0.9167	True	0.75	2.01
19	58951175	C	T	ZNF132	Missense_Mutation	53	7	60	0.11666666666666667	2	1	1	0.3111	1	0.3111	0.3111	False	0.75	2.01
20	398177	G	A	RBCK1	Missense_Mutation	23	13	36	0.3611111111111111	2	1	1	0.963	1	0.963	0.963	True	0.75	2.01
20	1115865	G	A	PSMF1	Missense_Mutation	34	15	49	0.30612244897959184	2	1	1	0.8163	1	0.8163	0.8163	False	0.75	2.01
20	1517803	G	C	SIRPD	Missense_Mutation	34	8	42	0.19047619047619047	2	1	1	0.5079	1	0.5079	0.5079	False	0.75	2.01
20	1920318	T	C	SIRPA	3'UTR	6	5	11	0.45454545454545453	2	1	1	1.2121	1	1.2121	1.0	True	0.75	2.01
20	2816767	A	G	PCED1A	Silent	20	5	25	0.2	2	1	1	0.5333	1	0.5333	0.5333	False	0.75	2.01
20	4163271	A	G	SMOX	Missense_Mutation	45	37	82	0.45121951219512196	2	1	1	1.2033	1	1.2033	1.0	True	0.75	2.01
20	9496256	C	T	LAMP5	Missense_Mutation	16	16	32	0.5	2	1	1	1.3333	1	1.3333	1.0	True	0.75	2.01
20	13714389	T	A	ESF1	Missense_Mutation	16	8	24	0.3333333333333333	2	1	1	0.8889	1	0.8889	0.8889	True	0.75	2.01
20	19956075	A	G	RIN2	Missense_Mutation	27	13	40	0.325	2	1	1	0.8667	1	0.8667	0.8667	True	0.75	2.01
20	22563163	C	G	FOXA2	Missense_Mutation	31	32	63	0.5079365079365079	2	1	1	1.3545	1	1.3545	1.0	True	0.75	2.01
20	23016652	A	G	SSTR4	Missense_Mutation	80	12	92	0.13043478260869565	2	1	1	0.3478	1	0.3478	0.3478	False	0.75	2.01
20	30053333	C	T	DEFB124	Silent	54	32	86	0.37209302325581395	2	1	1	0.9922	1	0.9922	0.9922	True	0.75	2.01
20	30253763	T	C	BCL2L1	Missense_Mutation	61	30	91	0.32967032967032966	2	1	1	0.8791	1	0.8791	0.8791	True	0.75	2.01
20	30585416	G	A	XKR7	3'UTR	23	16	39	0.41025641025641024	2	1	1	1.094	1	1.094	1.0	True	0.75	2.01
20	31019463	G	C	ASXL1	Missense_Mutation	29	27	56	0.48214285714285715	2	1	1	1.2857	1	1.2857	1.0	True	0.75	2.01
20	31375172	G	A	DNMT3B	Missense_Mutation	32	15	47	0.3191489361702128	2	1	1	0.8511	1	0.8511	0.8511	True	0.75	2.01
20	32255647	G	A	ACTL10	Missense_Mutation	8	6	14	0.42857142857142855	2	1	1	1.1429	1	1.1429	1.0	True	0.75	2.01
20	32880208	T	C	AHCY	Missense_Mutation	21	20	41	0.4878048780487805	2	1	1	1.3008	1	1.3008	1.0	True	0.75	2.01
20	33433277	C	T	GGT7	Missense_Mutation	24	15	39	0.38461538461538464	2	1	1	1.0256	1	1.0256	1.0	True	0.75	2.01
20	33502141	A	C	ACSS2	Missense_Mutation	19	8	27	0.2962962962962963	2	1	1	0.7901	1	0.7901	0.7901	False	0.75	2.01
20	33588439	G	A	MYH7B	Missense_Mutation	18	8	26	0.3076923076923077	2	1	1	0.8205	1	0.8205	0.8205	False	0.75	2.01
20	33864387	C	T	MMP24	3'UTR	95	7	102	0.06862745098039216	2	1	1	0.183	1	0.183	0.183	False	0.75	2.01
20	34785939	G	A	EPB41L1	Silent	13	6	19	0.3157894736842105	2	1	1	0.8421	1	0.8421	0.8421	False	0.75	2.01
20	34800218	G	A	EPB41L1	Missense_Mutation	60	33	93	0.3548387096774194	2	1	1	0.9462	1	0.9462	0.9462	True	0.75	2.01
20	35632114	G	A	RBL1	Silent	77	42	119	0.35294117647058826	2	1	1	0.9412	1	0.9412	0.9412	True	0.75	2.01
20	36361299	C	T	CTNNBL1	Missense_Mutation	28	6	34	0.17647058823529413	2	1	1	0.4706	1	0.4706	0.4706	False	0.75	2.01
20	37062597	A	G	SNORA71D	RNA	38	37	75	0.49333333333333335	2	1	1	1.3156	1	1.3156	1.0	True	0.75	2.01
20	40713342	T	C	PTPRT	Silent	46	14	60	0.23333333333333334	2	1	1	0.6222	1	0.6222	0.6222	False	0.75	2.01
20	42195008	C	T	SGK2	Missense_Mutation	39	15	54	0.2777777777777778	2	1	1	0.7407	1	0.7407	0.7407	False	0.75	2.01
20	42315535	T	C	MYBL2	Missense_Mutation	63	20	83	0.24096385542168675	2	1	1	0.6426	1	0.6426	0.6426	False	0.75	2.01
20	42966009	A	G	R3HDML	Missense_Mutation	41	24	65	0.36923076923076925	2	1	1	0.9846	1	0.9846	0.9846	True	0.75	2.01
20	43108944	A	G	TTPAL	Missense_Mutation	14	10	24	0.4166666666666667	2	1	1	1.1111	1	1.1111	1.0	True	0.75	2.01
20	43355925	A	G	WISP2	Missense_Mutation	28	19	47	0.40425531914893614	2	1	1	1.078	1	1.078	1.0	True	0.75	2.01
20	43944884	A	T	RBPJL	Missense_Mutation	31	20	51	0.39215686274509803	2	1	1	1.0458	1	1.0458	1.0	True	0.75	2.01
20	43964489	G	A	SDC4	Silent	50	26	76	0.34210526315789475	2	1	1	0.9123	1	0.9123	0.9123	True	0.75	2.01
20	43996047	T	C	SYS1	3'UTR	17	12	29	0.41379310344827586	2	1	1	1.1034	1	1.1034	1.0	True	0.75	2.01
20	44453224	C	T	TNNC2	Missense_Mutation	29	22	51	0.43137254901960786	2	1	1	1.1503	1	1.1503	1.0	True	0.75	2.01
20	44594401	T	C	ZNF335	Missense_Mutation	33	16	49	0.32653061224489793	2	1	1	0.8707	1	0.8707	0.8707	True	0.75	2.01
20	45174712	G	T	OCSTAMP	Missense_Mutation	13	10	23	0.43478260869565216	2	1	1	1.1594	1	1.1594	1.0	True	0.75	2.01
20	46313307	G	A	SULF2	Silent	86	53	139	0.381294964028777	2	1	1	1.0168	1	1.0168	1.0	True	0.75	2.01
20	47866026	C	T	ZNFX1	Missense_Mutation	35	21	56	0.375	2	1	1	1.0	1	1.0	1.0	True	0.75	2.01
20	49201001	A	C	PTPN1	3'UTR	20	11	31	0.3548387096774194	2	1	1	0.9462	1	0.9462	0.9462	True	0.75	2.01
20	49201015	A	T	PTPN1	3'UTR	19	11	30	0.36666666666666664	2	1	1	0.9778	1	0.9778	0.9778	True	0.75	2.01
20	49201059	A	T	PTPN1	3'UTR	23	9	32	0.28125	2	1	1	0.75	1	0.75	0.75	False	0.75	2.01
20	49236648	G	A	FAM65C	Silent	53	25	78	0.32051282051282054	2	1	1	0.8547	1	0.8547	0.8547	True	0.75	2.01
20	49508788	G	A	ADNP	Silent	27	12	39	0.3076923076923077	2	1	1	0.8205	1	0.8205	0.8205	False	0.75	2.01
20	49509421	T	C	ADNP	Silent	25	12	37	0.32432432432432434	2	1	1	0.8649	1	0.8649	0.8649	True	0.75	2.01
20	50049107	G	A	NFATC2	Missense_Mutation	186	11	197	0.05583756345177665	2	1	1	0.1489	1	0.1489	0.1489	False	0.75	2.01
20	50241737	G	A	ATP9A	Silent	27	16	43	0.37209302325581395	2	1	1	0.9922	1	0.9922	0.9922	True	0.75	2.01
20	50407313	A	T	SALL4	Missense_Mutation	32	17	49	0.3469387755102041	2	1	1	0.9252	1	0.9252	0.9252	True	0.75	2.01
20	51872369	C	T	TSHZ2	Missense_Mutation	24	20	44	0.45454545454545453	2	1	1	1.2121	1	1.2121	1.0	True	0.75	2.01
20	52830909	T	C	PFDN4	Missense_Mutation	38	18	56	0.32142857142857145	2	1	1	0.8571	1	0.8571	0.8571	True	0.75	2.01
20	58514149	G	A	PPP1R3D	Missense_Mutation	81	52	133	0.39097744360902253	2	1	1	1.0426	1	1.0426	1.0	True	0.75	2.01
20	58545173	A	G	CDH26	Missense_Mutation	30	17	47	0.3617021276595745	2	1	1	0.9645	1	0.9645	0.9645	True	0.75	2.01
20	60893532	T	C	LAMA5	Missense_Mutation	91	30	121	0.24793388429752067	2	1	1	0.6612	1	0.6612	0.6612	False	0.75	2.01
20	61443846	G	A	OGFR	Silent	13	10	23	0.43478260869565216	2	1	1	1.1594	1	1.1594	1.0	True	0.75	2.01
20	61951452	A	G	COL20A1	Missense_Mutation	8	9	17	0.5294117647058824	2	1	1	1.4118	1	1.4118	1.0	True	0.75	2.01
20	62590806	G	T	ZNF512B	3'UTR	25	20	45	0.4444444444444444	2	1	1	1.1852	1	1.1852	1.0	True	0.75	2.01
20	62597953	A	G	ZNF512B	Missense_Mutation	59	45	104	0.4326923076923077	2	1	1	1.1538	1	1.1538	1.0	True	0.75	2.01
20	62607185	C	T	SAMD10	Missense_Mutation	6	6	12	0.5	2	1	1	1.3333	1	1.3333	1.0	True	0.75	2.01
20	62642708	A	G	PRPF6	Missense_Mutation	36	9	45	0.2	2	1	1	0.5333	1	0.5333	0.5333	False	0.75	2.01
21	11020853	T	C	BAGE2	RNA	191	28	219	0.1278538812785388	2	1	1	0.3409	1	0.3409	0.3409	False	0.75	2.01
21	15743557	A	G	HSPA13	3'UTR	34	21	55	0.38181818181818183	2	1	1	1.0182	1	1.0182	1.0	True	0.75	2.01
21	28327098	G	A	ADAMTS5	Silent	55	23	78	0.2948717948717949	2	1	1	0.7863	1	0.7863	0.7863	False	0.75	2.01
21	30339260	A	G	LTN1	Missense_Mutation	42	20	62	0.3225806451612903	2	1	1	0.8602	1	0.8602	0.8602	True	0.75	2.01
21	30698721	T	C	BACH1	Silent	22	9	31	0.2903225806451613	2	1	1	0.7742	1	0.7742	0.7742	False	0.75	2.01
21	33686888	A	G	MRAP	3'Flank	13	14	27	0.5185185185185185	2	1	1	1.3827	1	1.3827	1.0	True	0.75	2.01
21	33747731	A	C	URB1	Missense_Mutation	21	14	35	0.4	2	1	1	1.0667	1	1.0667	1.0	True	0.75	2.01
21	33830025	C	T	EVA1C	Missense_Mutation	59	29	88	0.32954545454545453	2	1	1	0.8788	1	0.8788	0.8788	True	0.75	2.01
21	34821760	C	T	TMEM50B	3'UTR	11	5	16	0.3125	2	1	1	0.8333	1	0.8333	0.8333	False	0.75	2.01
21	35473392	T	C	SLC5A3	3'UTR	20	11	31	0.3548387096774194	2	1	1	0.9462	1	0.9462	0.9462	True	0.75	2.01
21	37518818	C	T	CBR3	3'UTR	18	6	24	0.25	2	1	1	0.6667	1	0.6667	0.6667	False	0.75	2.01
21	38437850	A	G	PIGP	3'UTR	34	12	46	0.2608695652173913	2	1	1	0.6957	1	0.6957	0.6957	False	0.75	2.01
21	38460575	C	A	TTC3	Silent	55	26	81	0.32098765432098764	2	1	1	0.856	1	0.856	0.856	True	0.75	2.01
21	41173393	T	C	IGSF5	3'UTR	12	6	18	0.3333333333333333	2	1	1	0.8889	1	0.8889	0.8889	True	0.75	2.01
21	45089829	G	T	RRP1B	Missense_Mutation	28	17	45	0.37777777777777777	2	1	1	1.0074	1	1.0074	1.0	True	0.75	2.01
21	45479056	G	A	TRAPPC10	Missense_Mutation	19	8	27	0.2962962962962963	2	1	1	0.7901	1	0.7901	0.7901	False	0.75	2.01
21	45502993	G	A	TRAPPC10	Missense_Mutation	29	14	43	0.32558139534883723	2	1	1	0.8682	1	0.8682	0.8682	True	0.75	2.01
21	45855046	G	A	TRPM2	Missense_Mutation	38	23	61	0.3770491803278688	2	1	1	1.0055	1	1.0055	1.0	True	0.75	2.01
21	45877192	T	C	LRRC3	Missense_Mutation	56	34	90	0.37777777777777777	2	1	1	1.0074	1	1.0074	1.0	True	0.75	2.01
21	45947219	T	C	TSPEAR	Missense_Mutation	39	15	54	0.2777777777777778	2	1	1	0.7407	1	0.7407	0.7407	False	0.75	2.01
21	46685434	G	A	POFUT2	Missense_Mutation	19	22	41	0.5365853658536586	2	1	1	1.4309	1	1.4309	1.0	True	0.75	2.01
21	46703296	A	G	POFUT2	Splice_Site	15	5	20	0.25	2	1	1	0.6667	1	0.6667	0.6667	False	0.75	2.01
21	47421262	A	G	COL6A1	Missense_Mutation	31	25	56	0.44642857142857145	2	1	1	1.1905	1	1.1905	1.0	True	0.75	2.01
21	47531921	C	T	COL6A2	Silent	11	4	15	0.26666666666666666	2	1	1	0.7111	1	0.7111	0.7111	False	0.75	2.01
21	47693411	A	G	MCM3AP	Missense_Mutation	21	15	36	0.4166666666666667	2	1	1	1.1111	1	1.1111	1.0	True	0.75	2.01
21	47965811	A	G	DIP2A	Silent	64	36	100	0.36	2	1	1	0.96	1	0.96	0.96	True	0.75	2.01
22	17690542	C	T	CECR1	Missense_Mutation	13	4	17	0.23529411764705882	2	1	1	0.6275	1	0.6275	0.6275	False	0.75	2.01
22	19026412	C	T	DGCR2	Missense_Mutation	51	34	85	0.4	2	1	1	1.0667	1	1.0667	1.0	True	0.75	2.01
22	19076927	G	A	DGCR2	Silent	27	18	45	0.4	2	1	1	1.0667	1	1.0667	1.0	True	0.75	2.01
22	19839897	A	G	C22orf29	5'UTR	24	8	32	0.25	2	1	1	0.6667	1	0.6667	0.6667	False	0.75	2.01
22	20126724	T	C	ZDHHC8	Missense_Mutation	26	18	44	0.4090909090909091	2	1	1	1.0909	1	1.0909	1.0	True	0.75	2.01
22	20133573	C	T	ZDHHC8	Intron	60	34	94	0.3617021276595745	2	1	1	0.9645	1	0.9645	0.9645	True	0.75	2.01
22	20843348	C	A	KLHL22	Missense_Mutation	20	15	35	0.42857142857142855	2	1	1	1.1429	1	1.1429	1.0	True	0.75	2.01
22	21354531	C	A	THAP7	Missense_Mutation	28	11	39	0.28205128205128205	2	1	1	0.7521	1	0.7521	0.7521	False	0.75	2.01
22	21385447	G	A	SLC7A4	Missense_Mutation	42	21	63	0.3333333333333333	2	1	1	0.8889	1	0.8889	0.8889	True	0.75	2.01
22	21799560	C	T	HIC2	Missense_Mutation	31	14	45	0.3111111111111111	2	1	1	0.8296	1	0.8296	0.8296	False	0.75	2.01
22	21800697	T	G	HIC2	Missense_Mutation	41	22	63	0.3492063492063492	2	1	1	0.9312	1	0.9312	0.9312	True	0.75	2.01
22	21800902	A	G	HIC2	Missense_Mutation	40	11	51	0.21568627450980393	2	1	1	0.5752	1	0.5752	0.5752	False	0.75	2.01
22	21805514	A	G	HIC2	3'UTR	18	11	29	0.3793103448275862	2	1	1	1.0115	1	1.0115	1.0	True	0.75	2.01
22	22735505	A	G	IGLV1-44	Missense_Mutation	81	5	86	0.05813953488372093	2	1	1	0.155	1	0.155	0.155	False	0.75	2.01
22	22985224	G	A	GGTLC2	5'Flank	178	10	188	0.05319148936170213	2	1	1	0.1418	1	0.1418	0.1418	False	0.75	2.01
22	24181114	T	C	DERL3	Missense_Mutation	16	12	28	0.42857142857142855	2	1	1	1.1429	1	1.1429	1.0	True	0.75	2.01
22	24181116	T	C	DERL3	Missense_Mutation	15	12	27	0.4444444444444444	2	1	1	1.1852	1	1.1852	1.0	True	0.75	2.01
22	24199698	T	C	SLC2A11	Missense_Mutation	22	14	36	0.3888888888888889	2	1	1	1.037	1	1.037	1.0	True	0.75	2.01
22	24238060	T	C	AP000350.4	Missense_Mutation	69	37	106	0.3490566037735849	2	1	1	0.9308	1	0.9308	0.9308	True	0.75	2.01
22	24472185	C	T	CABIN1	Silent	48	39	87	0.4482758620689655	2	1	1	1.1954	1	1.1954	1.0	True	0.75	2.01
22	26181431	C	A	MYO18B	Missense_Mutation	29	31	60	0.5166666666666667	2	1	1	1.3778	1	1.3778	1.0	True	0.75	2.01
22	27021456	T	C	CRYBA4	Missense_Mutation	47	29	76	0.3815789473684211	2	1	1	1.0175	1	1.0175	1.0	True	0.75	2.01
22	29837360	C	A	RFPL1	Intron	21	13	34	0.38235294117647056	2	1	1	1.0196	1	1.0196	1.0	True	0.75	2.01
22	32756037	G	A	RFPL3S	3'UTR	12	11	23	0.4782608695652174	2	1	1	1.2754	1	1.2754	1.0	True	0.75	2.01
22	33673187	G	A	LARGE	Silent	36	26	62	0.41935483870967744	2	1	1	1.1183	1	1.1183	1.0	True	0.75	2.01
22	35947818	C	T	RASD2	Silent	27	27	54	0.5	2	1	1	1.3333	1	1.3333	1.0	True	0.75	2.01
22	36139968	A	T	RBFOX2	3'Flank	11	10	21	0.47619047619047616	2	1	1	1.2698	1	1.2698	1.0	True	0.75	2.01
22	36744970	A	G	MYH9	Silent	40	25	65	0.38461538461538464	2	1	1	1.0256	1	1.0256	1.0	True	0.75	2.01
22	36892115	T	C	FOXRED2	Missense_Mutation	23	11	34	0.3235294117647059	2	1	1	0.8627	1	0.8627	0.8627	True	0.75	2.01
22	37326820	C	T	CSF2RB	Silent	26	15	41	0.36585365853658536	2	1	1	0.9756	1	0.9756	0.9756	True	0.75	2.01
22	38122372	A	G	TRIOBP	Missense_Mutation	27	12	39	0.3076923076923077	2	1	1	0.8205	1	0.8205	0.8205	False	0.75	2.01
22	39527538	C	T	CBX7	3'UTR	12	7	19	0.3684210526315789	2	1	1	0.9825	1	0.9825	0.9825	True	0.75	2.01
22	41753400	T	C	ZC3H7B	Silent	42	16	58	0.27586206896551724	2	1	1	0.7356	1	0.7356	0.7356	False	0.75	2.01
22	41763524	A	C	TEF	5'UTR	51	30	81	0.37037037037037035	2	1	1	0.9877	1	0.9877	0.9877	True	0.75	2.01
22	42524807	C	T	CYP2D6	Silent	123	27	150	0.18	2	1	1	0.48	1	0.48	0.48	False	0.75	2.01
22	44064796	T	C	EFCAB6	Silent	38	23	61	0.3770491803278688	2	1	1	1.0055	1	1.0055	1.0	True	0.75	2.01
22	44968092	C	T	LINC00207	RNA	14	6	20	0.3	2	1	1	0.8	1	0.8	0.8	False	0.75	2.01
22	45221427	C	T	ARHGAP8	Missense_Mutation	61	27	88	0.3068181818181818	2	1	1	0.8182	1	0.8182	0.8182	False	0.75	2.01
22	45736319	T	C	FAM118A	3'UTR	43	21	64	0.328125	2	1	1	0.875	1	0.875	0.875	True	0.75	2.01
22	46757304	T	C	CELSR1	3'UTR	12	10	22	0.45454545454545453	2	1	1	1.2121	1	1.2121	1.0	True	0.75	2.01
22	47433054	T	C	TBC1D22A	Missense_Mutation	28	12	40	0.3	2	1	1	0.8	1	0.8	0.8	False	0.75	2.01
22	49290991	C	T	WI2-81516E3.1	RNA	29	15	44	0.3409090909090909	2	1	1	0.9091	1	0.9091	0.9091	True	0.75	2.01
22	50282429	A	C	ZBED4	3'UTR	18	12	30	0.4	2	1	1	1.0667	1	1.0667	1.0	True	0.75	2.01
22	50659553	T	C	TUBGCP6	Missense_Mutation	85	40	125	0.32	2	1	1	0.8533	1	0.8533	0.8533	True	0.75	2.01
22	50684336	T	A	HDAC10	Intron	19	8	27	0.2962962962962963	2	1	1	0.7901	1	0.7901	0.7901	False	0.75	2.01
22	50694237	A	G	MAPK12	Splice_Site	7	4	11	0.36363636363636365	2	1	1	0.9697	1	0.9697	0.9697	True	0.75	2.01
22	50845188	G	A	PPP6R2	Missense_Mutation	41	14	55	0.2545454545454545	2	1	1	0.6788	1	0.6788	0.6788	False	0.75	2.01
22	50943275	G	A	LMF2	Missense_Mutation	8	3	11	0.2727272727272727	2	1	1	0.7273	1	0.7273	0.7273	False	0.75	2.01
X	591835	T	C	SHOX	Missense_Mutation	54	30	84	0.35714285714285715	2	1	1	0.9524	1	0.9524	0.9524	True	0.75	2.01
X	6069609	C	T	NLGN4X	5'UTR	20	12	32	0.375	2	1	1	1.0	1	1.0	1.0	True	0.75	2.01
X	6069644	G	A	NLGN4X	5'UTR	12	6	18	0.3333333333333333	2	1	1	0.8889	1	0.8889	0.8889	True	0.75	2.01
X	9905275	C	T	SHROOM2	Missense_Mutation	57	29	86	0.3372093023255814	2	1	1	0.8992	1	0.8992	0.8992	True	0.75	2.01
X	12739590	G	A	FRMPD4	3'UTR	32	12	44	0.2727272727272727	2	1	1	0.7273	1	0.7273	0.7273	False	0.75	2.01
X	12938057	A	G	TLR8	Missense_Mutation	39	17	56	0.30357142857142855	2	1	1	0.8095	1	0.8095	0.8095	False	0.75	2.01
X	14748895	C	T	GLRA2	3'UTR	23	15	38	0.39473684210526316	2	1	1	1.0526	1	1.0526	1.0	True	0.75	2.01
X	14749007	T	A	GLRA2	3'UTR	9	11	20	0.55	2	1	1	1.4667	1	1.4667	1.0	True	0.75	2.01
X	14910926	G	A	MOSPD2	Missense_Mutation	37	19	56	0.3392857142857143	2	1	1	0.9048	1	0.9048	0.9048	True	0.75	2.01
X	15561231	T	C	BMX	Missense_Mutation	56	25	81	0.30864197530864196	2	1	1	0.823	1	0.823	0.823	False	0.75	2.01
X	17171366	C	T	REPS2	3'UTR	90	50	140	0.35714285714285715	2	1	1	0.9524	1	0.9524	0.9524	True	0.75	2.01
X	17742426	C	T	NHS	Silent	54	22	76	0.2894736842105263	2	1	1	0.7719	1	0.7719	0.7719	False	0.75	2.01
X	21724311	G	T	SMPX	3'UTR	16	6	22	0.2727272727272727	2	1	1	0.7273	1	0.7273	0.7273	False	0.75	2.01
X	22292444	T	C	ZNF645	3'UTR	27	18	45	0.4	2	1	1	1.0667	1	1.0667	1.0	True	0.75	2.01
X	26213418	C	T	MAGEB6	3'UTR	27	15	42	0.35714285714285715	2	1	1	0.9524	1	0.9524	0.9524	True	0.75	2.01
X	30326348	T	C	NR0B1	Missense_Mutation	31	26	57	0.45614035087719296	2	1	1	1.2164	1	1.2164	1.0	True	0.75	2.01
X	30326487	C	T	NR0B1	Missense_Mutation	57	25	82	0.3048780487804878	2	1	1	0.813	1	0.813	0.813	False	0.75	2.01
X	30718971	C	T	GK	Missense_Mutation	74	44	118	0.3728813559322034	2	1	1	0.9944	1	0.9944	0.9944	True	0.75	2.01
X	31139926	C	T	DMD	3'UTR	40	13	53	0.24528301886792453	2	1	1	0.6541	1	0.6541	0.6541	False	0.75	2.01
X	40999989	A	G	USP9X	Silent	57	21	78	0.2692307692307692	2	1	1	0.7179	1	0.7179	0.7179	False	0.75	2.01
X	41209026	A	G	DDX3X	3'UTR	17	10	27	0.37037037037037035	2	1	1	0.9877	1	0.9877	0.9877	True	0.75	2.01
X	41555119	T	C	GPR34	Missense_Mutation	34	26	60	0.43333333333333335	2	1	1	1.1556	1	1.1556	1.0	True	0.75	2.01
X	44037696	T	C	EFHC2	Silent	41	24	65	0.36923076923076925	2	1	1	0.9846	1	0.9846	0.9846	True	0.75	2.01
X	44970895	A	G	KDM6A	3'UTR	30	19	49	0.3877551020408163	2	1	1	1.034	1	1.034	1.0	True	0.75	2.01
X	47919410	C	T	ZNF630	Missense_Mutation	56	12	68	0.17647058823529413	2	1	1	0.4706	1	0.4706	0.4706	False	0.75	2.01
X	48770499	C	T	PIM2	3'UTR	58	36	94	0.3829787234042553	2	1	1	1.0213	1	1.0213	1.0	True	0.75	2.01
X	48772436	C	T	PIM2	Silent	87	12	99	0.12121212121212122	2	1	1	0.3232	1	0.3232	0.3232	False	0.75	2.01
X	48923321	C	T	CCDC120	Nonsense_Mutation	61	30	91	0.32967032967032966	2	1	1	0.8791	1	0.8791	0.8791	True	0.75	2.01
X	49065070	A	G	CACNA1F	Silent	40	32	72	0.4444444444444444	2	1	1	1.1852	1	1.1852	1.0	True	0.75	2.01
X	49643041	G	A	USP27X	5'Flank	71	44	115	0.3826086956521739	2	1	1	1.0203	1	1.0203	1.0	True	0.75	2.01
X	49957896	G	A	AKAP4	Silent	50	27	77	0.35064935064935066	2	1	1	0.9351	1	0.9351	0.9351	True	0.75	2.01
X	51149837	C	T	CXorf67	5'UTR	25	15	40	0.375	2	1	1	1.0	1	1.0	1.0	True	0.75	2.01
X	53105923	C	T	GPR173	Silent	39	30	69	0.43478260869565216	2	1	1	1.1594	1	1.1594	1.0	True	0.75	2.01
X	53431745	T	A	SMC1A	Intron	9	3	12	0.25	2	1	1	0.6667	1	0.6667	0.6667	False	0.75	2.01
X	53457354	A	G	RIBC1	Missense_Mutation	34	11	45	0.24444444444444444	2	1	1	0.6519	1	0.6519	0.6519	False	0.75	2.01
X	53672327	T	C	HUWE1	Missense_Mutation	43	34	77	0.44155844155844154	2	1	1	1.1775	1	1.1775	1.0	True	0.75	2.01
X	54472108	T	C	FGD1	3'UTR	23	21	44	0.4772727272727273	2	1	1	1.2727	1	1.2727	1.0	True	0.75	2.01
X	54955115	C	T	TRO	Missense_Mutation	28	23	51	0.45098039215686275	2	1	1	1.2026	1	1.2026	1.0	True	0.75	2.01
X	57934772	A	T	ZXDA	Missense_Mutation	26	13	39	0.3333333333333333	2	1	1	0.8889	1	0.8889	0.8889	True	0.75	2.01
X	62570962	T	C	SPIN4	5'UTR	48	24	72	0.3333333333333333	2	1	1	0.8889	1	0.8889	0.8889	True	0.75	2.01
X	63576096	G	A	MTMR8	Silent	33	3	36	0.08333333333333333	2	1	1	0.2222	1	0.2222	0.2222	False	0.75	2.01
X	69353952	C	T	IGBP1	Missense_Mutation	73	38	111	0.34234234234234234	2	1	1	0.9129	1	0.9129	0.9129	True	0.75	2.01
X	69478873	C	T	P2RY4	Missense_Mutation	38	21	59	0.3559322033898305	2	1	1	0.9492	1	0.9492	0.9492	True	0.75	2.01
X	69624571	T	C	KIF4A	Missense_Mutation	19	10	29	0.3448275862068966	2	1	1	0.9195	1	0.9195	0.9195	True	0.75	2.01
X	70342068	C	A	MED12	Missense_Mutation	40	25	65	0.38461538461538464	2	1	1	1.0256	1	1.0256	1.0	True	0.75	2.01
X	70342111	T	A	MED12	Missense_Mutation	40	21	61	0.3442622950819672	2	1	1	0.918	1	0.918	0.918	True	0.75	2.01
X	70514068	G	A	NONO	Intron	33	18	51	0.35294117647058826	2	1	1	0.9412	1	0.9412	0.9412	True	0.75	2.01
X	70520400	C	T	NONO	3'UTR	11	4	15	0.26666666666666666	2	1	1	0.7111	1	0.7111	0.7111	False	0.75	2.01
X	72297996	A	C	PABPC1L2A	3'UTR	352	73	425	0.17176470588235293	2	1	1	0.458	1	0.458	0.458	False	0.75	2.01
X	72433272	G	A	NAP1L2	Missense_Mutation	66	42	108	0.3888888888888889	2	1	1	1.037	1	1.037	1.0	True	0.75	2.01
X	73043076	T	C	XIST	RNA	18	7	25	0.28	2	1	1	0.7467	1	0.7467	0.7467	False	0.75	2.01
X	73061689	G	A	XIST	RNA	27	14	41	0.34146341463414637	2	1	1	0.9106	1	0.9106	0.9106	True	0.75	2.01
X	73071825	A	G	XIST	RNA	18	13	31	0.41935483870967744	2	1	1	1.1183	1	1.1183	1.0	True	0.75	2.01
X	73958694	C	T	KIAA2022	3'UTR	13	7	20	0.35	2	1	1	0.9333	1	0.9333	0.9333	True	0.75	2.01
X	75004380	C	T	MAGEE2	Silent	28	17	45	0.37777777777777777	2	1	1	1.0074	1	1.0074	1.0	True	0.75	2.01
X	76763130	A	G	ATRX	3'UTR	44	18	62	0.2903225806451613	2	1	1	0.7742	1	0.7742	0.7742	False	0.75	2.01
X	77393260	A	G	TAF9B	Missense_Mutation	34	13	47	0.2765957446808511	2	1	1	0.7376	1	0.7376	0.7376	False	0.75	2.01
X	77528216	G	T	CYSLTR1	3'UTR	22	19	41	0.4634146341463415	2	1	1	1.2358	1	1.2358	1.0	True	0.75	2.01
X	78012504	T	A	LPAR4	3'UTR	62	27	89	0.30337078651685395	2	1	1	0.809	1	0.809	0.809	False	0.75	2.01
X	78427403	G	A	GPR174	Missense_Mutation	14	10	24	0.4166666666666667	2	1	1	1.1111	1	1.1111	1.0	True	0.75	2.01
X	79278602	C	T	TBX22	Silent	31	6	37	0.16216216216216217	2	1	1	0.4324	1	0.4324	0.4324	False	0.75	2.01
X	85117679	A	G	CHM	3'UTR	3	5	8	0.625	2	1	1	1.6667	1	1.6667	1.0	True	0.75	2.01
X	91132500	G	A	PCDH11X	Missense_Mutation	39	24	63	0.38095238095238093	2	1	1	1.0159	1	1.0159	1.0	True	0.75	2.01
X	92928560	A	G	NAP1L3	5'UTR	40	18	58	0.3103448275862069	2	1	1	0.8276	1	0.8276	0.8276	False	0.75	2.01
X	99662616	G	T	PCDH19	Missense_Mutation	36	27	63	0.42857142857142855	2	1	1	1.1429	1	1.1429	1.0	True	0.75	2.01
X	100656435	T	C	RPL36A-HNRNPH2	Intron	14	13	27	0.48148148148148145	2	1	1	1.284	1	1.284	1.0	True	0.75	2.01
X	101381872	C	T	TCEAL2	Missense_Mutation	23	24	47	0.5106382978723404	2	1	1	1.3617	1	1.3617	1.0	True	0.75	2.01
X	102005954	C	T	BHLHB9	3'UTR	29	6	35	0.17142857142857143	2	1	1	0.4571	1	0.4571	0.4571	False	0.75	2.01
X	102192923	C	T	RAB40AL	Missense_Mutation	84	45	129	0.3488372093023256	2	1	1	0.9302	1	0.9302	0.9302	True	0.75	2.01
X	102755093	G	A	RAB40A	Missense_Mutation	57	34	91	0.37362637362637363	2	1	1	0.9963	1	0.9963	0.9963	True	0.75	2.01
X	102885370	T	C	TCEAL1	3'UTR	63	27	90	0.3	2	1	1	0.8	1	0.8	0.8	False	0.75	2.01
X	104464911	G	A	TEX13A	Silent	18	16	34	0.47058823529411764	2	1	1	1.2549	1	1.2549	1.0	True	0.75	2.01
X	105153843	A	G	NRK	Missense_Mutation	34	16	50	0.32	2	1	1	0.8533	1	0.8533	0.8533	True	0.75	2.01
X	105189885	G	A	NRK	Missense_Mutation	28	20	48	0.4166666666666667	2	1	1	1.1111	1	1.1111	1.0	True	0.75	2.01
X	106185750	G	A	MORC4	Nonsense_Mutation	32	17	49	0.3469387755102041	2	1	1	0.9252	1	0.9252	0.9252	True	0.75	2.01
X	107097921	G	A	MID2	Missense_Mutation	45	24	69	0.34782608695652173	2	1	1	0.9275	1	0.9275	0.9275	True	0.75	2.01
X	107224202	C	T	TEX13B	3'UTR	45	21	66	0.3181818181818182	2	1	1	0.8485	1	0.8485	0.8485	False	0.75	2.01
X	107334995	C	A	ATG4A	5'UTR	58	47	105	0.44761904761904764	2	1	1	1.1937	1	1.1937	1.0	True	0.75	2.01
X	108631736	G	A	GUCY2F	Nonsense_Mutation	16	15	31	0.4838709677419355	2	1	1	1.2903	1	1.2903	1.0	True	0.75	2.01
X	109699481	C	T	RGAG1	3'UTR	8	6	14	0.42857142857142855	2	1	1	1.1429	1	1.1429	1.0	True	0.75	2.01
X	110488431	C	T	CAPN6	3'UTR	24	22	46	0.4782608695652174	2	1	1	1.2754	1	1.2754	1.0	True	0.75	2.01
X	114425947	A	C	RBMXL3	Missense_Mutation	94	69	163	0.4233128834355828	2	1	1	1.1288	1	1.1288	1.0	True	0.75	2.01
X	114426452	C	T	RBMXL3	Silent	62	38	100	0.38	2	1	1	1.0133	1	1.0133	1.0	True	0.75	2.01
X	117815726	A	G	DOCK11	Missense_Mutation	20	21	41	0.5121951219512195	2	1	1	1.3659	1	1.3659	1.0	True	0.75	2.01
X	118223128	C	T	KIAA1210	Missense_Mutation	24	9	33	0.2727272727272727	2	1	1	0.7273	1	0.7273	0.7273	False	0.75	2.01
X	119387942	T	C	ZBTB33	Silent	35	17	52	0.3269230769230769	2	1	1	0.8718	1	0.8718	0.8718	True	0.75	2.01
X	119694324	T	C	CUL4B	Missense_Mutation	46	13	59	0.22033898305084745	2	1	1	0.5876	1	0.5876	0.5876	False	0.75	2.01
X	120008925	C	T	CT47B1	Silent	84	17	101	0.16831683168316833	2	1	1	0.4488	1	0.4488	0.4488	False	0.75	2.01
X	120009118	T	G	CT47B1	Missense_Mutation	104	32	136	0.23529411764705882	2	1	1	0.6275	1	0.6275	0.6275	False	0.75	2.01
X	120009127	C	T	CT47B1	Missense_Mutation	93	16	109	0.14678899082568808	2	1	1	0.3914	1	0.3914	0.3914	False	0.75	2.01
X	122774472	G	A	THOC2	Missense_Mutation	17	9	26	0.34615384615384615	2	1	1	0.9231	1	0.9231	0.9231	True	0.75	2.01
X	125686400	G	A	DCAF12L1	Silent	14	9	23	0.391304347826087	2	1	1	1.0435	1	1.0435	1.0	True	0.75	2.01
X	129343628	T	C	ZNF280C	Missense_Mutation	66	36	102	0.35294117647058826	2	1	1	0.9412	1	0.9412	0.9412	True	0.75	2.01
X	129543289	G	T	RBMX2	Nonsense_Mutation	16	16	32	0.5	2	1	1	1.3333	1	1.3333	1.0	True	0.75	2.01
X	130219565	T	C	ARHGAP36	Missense_Mutation	35	29	64	0.453125	2	1	1	1.2083	1	1.2083	1.0	True	0.75	2.01
X	130407826	T	C	IGSF1	Missense_Mutation	29	14	43	0.32558139534883723	2	1	1	0.8682	1	0.8682	0.8682	True	0.75	2.01
X	132162014	T	C	USP26	Missense_Mutation	25	10	35	0.2857142857142857	2	1	1	0.7619	1	0.7619	0.7619	False	0.75	2.01
X	133923258	A	G	FAM122B	Silent	34	11	45	0.24444444444444444	2	1	1	0.6519	1	0.6519	0.6519	False	0.75	2.01
X	135741652	C	A	CD40LG	3'UTR	11	4	15	0.26666666666666666	2	1	1	0.7111	1	0.7111	0.7111	False	0.75	2.01
X	136113638	T	C	GPR101	Missense_Mutation	46	7	53	0.1320754716981132	2	1	1	0.3522	1	0.3522	0.3522	False	0.75	2.01
X	138643782	A	G	F9	Missense_Mutation	46	6	52	0.11538461538461539	2	1	1	0.3077	1	0.3077	0.3077	False	0.75	2.01
X	138809701	A	T	ATP11C	3'UTR	28	18	46	0.391304347826087	2	1	1	1.0435	1	1.0435	1.0	True	0.75	2.01
X	139038020	C	G	CXorf66	3'UTR	68	27	95	0.28421052631578947	2	1	1	0.7579	1	0.7579	0.7579	False	0.75	2.01
X	139586715	T	C	SOX3	Missense_Mutation	43	27	70	0.38571428571428573	2	1	1	1.0286	1	1.0286	1.0	True	0.75	2.01
X	140270644	C	T	LDOC1	3'UTR	15	10	25	0.4	2	1	1	1.0667	1	1.0667	1.0	True	0.75	2.01
X	140995086	C	T	MAGEC1	Silent	47	26	73	0.3561643835616438	2	1	1	0.9498	1	0.9498	0.9498	True	0.75	2.01
X	144906282	C	A	SLITRK2	Missense_Mutation	25	13	38	0.34210526315789475	2	1	1	0.9123	1	0.9123	0.9123	True	0.75	2.01
X	147032361	A	G	FMR1	3'UTR	48	25	73	0.3424657534246575	2	1	1	0.9132	1	0.9132	0.9132	True	0.75	2.01
X	148068965	G	A	AFF2	Missense_Mutation	40	18	58	0.3103448275862069	2	1	1	0.8276	1	0.8276	0.8276	False	0.75	2.01
X	148074474	A	G	AFF2	3'UTR	20	15	35	0.42857142857142855	2	1	1	1.1429	1	1.1429	1.0	True	0.75	2.01
X	149681237	T	C	MAMLD1	Missense_Mutation	48	26	74	0.35135135135135137	2	1	1	0.9369	1	0.9369	0.9369	True	0.75	2.01
X	149814163	C	A	MTM1	Nonsense_Mutation	14	18	32	0.5625	2	1	1	1.5	1	1.5	1.0	True	0.75	2.01
X	151131081	C	T	GABRE	Nonsense_Mutation	26	17	43	0.3953488372093023	2	1	1	1.0543	1	1.0543	1.0	True	0.75	2.01
X	152612889	G	A	ZNF275	Missense_Mutation	15	16	31	0.5161290322580645	2	1	1	1.3763	1	1.3763	1.0	True	0.75	2.01
X	152770322	A	G	BGN	Missense_Mutation	49	36	85	0.4235294117647059	2	1	1	1.1294	1	1.1294	1.0	True	0.75	2.01
X	153291816	C	T	MECP2	3'Flank	21	11	32	0.34375	2	1	1	0.9167	1	0.9167	0.9167	True	0.75	2.01
X	153593600	T	C	FLNA	Missense_Mutation	71	39	110	0.35454545454545455	2	1	1	0.9455	1	0.9455	0.9455	True	0.75	2.01
X	153671374	G	A	GDI1	3'UTR	48	27	75	0.36	2	1	1	0.96	1	0.96	0.96	True	0.75	2.01
X	153677583	C	T	FAM50A	Silent	71	25	96	0.2604166666666667	2	1	1	0.6944	1	0.6944	0.6944	False	0.75	2.01
X	154444707	G	A	VBP1	5'UTR	30	12	42	0.2857142857142857	2	1	1	0.7619	1	0.7619	0.7619	False	0.75	2.01
