chr	start	end	WT.count	mut.count	subclonal.CN	nMaj1	nMin1	frac1	nMaj2	nMin2	frac2	phase	mutation.copy.number	subclonal.fraction	no.chrs.bearing.mut
1	1447616	1447617	5	7	3	3	0	1	NA	NA	NA	unphased	3.65350877192982	1.21783625730994	3
1	2288979	2288980	69	59	3	3	0	1	NA	NA	NA	unphased	2.88692434210526	0.962308114035088	3
1	3328319	3328320	88	69	3	3	0	1	NA	NA	NA	unphased	2.75259805564868	0.917532685216225	3
1	3328408	3328409	43	42	3	3	0	1	NA	NA	NA	unphased	3.09473684210526	1.03157894736842	3
1	6166694	6166695	3	5	3	3	0	1	NA	NA	NA	unphased	3.91447368421053	1.30482456140351	3
1	6166695	6166696	3	5	3	3	0	1	NA	NA	NA	unphased	3.91447368421053	1.30482456140351	3
1	8421358	8421359	13	13	3	3	0	1	NA	NA	NA	unphased	3.13157894736842	1.04385964912281	3
1	11008709	11008710	35	29	3	3	0	1	NA	NA	NA	unphased	2.83799342105263	0.945997807017544	3
1	12343397	12343398	17	16	3	3	0	1	NA	NA	NA	unphased	3.03668261562998	1.01222753854333	3
1	12785954	12785955	25	14	3	3	0	1	NA	NA	NA	unphased	2.24831309041835	1.12415654520918	2
1	15987362	15987363	14	23	3	3	0	1	NA	NA	NA	unphased	3.89331436699858	1.29777145566619	3
1	16069095	16069096	24	20	3	3	0	1	NA	NA	NA	unphased	2.84688995215311	0.94896331738437	3
1	16373149	16373150	25	23	3	3	0	1	NA	NA	NA	unphased	3.00109649122807	1.00036549707602	3
1	16748447	16748448	91	80	3	3	0	1	NA	NA	NA	unphased	2.9301323484149	0.976710782804966	3
1	17084471	17084472	70	7	3	3	0	1	NA	NA	NA	unphased	0.569377990430622	0.569377990430622	1
1	19436678	19436679	35	40	3	3	0	1	NA	NA	NA	unphased	3.34035087719298	1.11345029239766	3
1	19503199	19503200	24	18	3	3	0	1	NA	NA	NA	unphased	2.68421052631579	0.894736842105263	3
1	21306852	21306853	11	10	3	3	0	1	NA	NA	NA	unphased	2.98245614035088	0.994152046783626	3
1	22186424	22186425	4	5	3	3	0	1	NA	NA	NA	unphased	3.47953216374269	1.1598440545809	3
1	22186425	22186426	4	5	3	3	0	1	NA	NA	NA	unphased	3.47953216374269	1.1598440545809	3
1	23648071	23648072	52	36	3	3	0	1	NA	NA	NA	unphased	2.5622009569378	0.854066985645933	3
1	24201330	24201331	17	19	3	3	0	1	NA	NA	NA	unphased	3.30555555555556	1.10185185185185	3
1	24400727	24400728	41	50	3	3	0	1	NA	NA	NA	unphased	3.4412955465587	1.14709851551957	3
1	24406571	24406572	39	44	3	3	0	1	NA	NA	NA	unphased	3.32022828154724	1.10674276051575	3
1	26288501	26288502	123	98	3	3	0	1	NA	NA	NA	unphased	2.77732793522267	0.925775978407557	3
1	26624551	26624552	9	15	3	3	0	1	NA	NA	NA	unphased	3.91447368421053	1.30482456140351	3
1	27101118	27101119	40	34	3	3	0	1	NA	NA	NA	unphased	2.87766714082504	0.959222380275012	3
1	27226936	27226937	20	14	3	3	0	1	NA	NA	NA	unphased	2.57894736842105	0.859649122807017	3
1	27434217	27434218	7	3	3	3	0	1	NA	NA	NA	unphased	1.87894736842105	1.87894736842105	1
1	28159277	28159278	22	22	3	3	0	1	NA	NA	NA	unphased	3.13157894736842	1.04385964912281	3
1	28159278	28159279	22	23	3	3	0	1	NA	NA	NA	unphased	3.20116959064327	1.06705653021442	3
1	33291809	33291810	71	52	3	3	0	1	NA	NA	NA	unphased	2.64783910997005	0.882613036656682	3
1	33832905	33832906	66	44	3	3	0	1	NA	NA	NA	unphased	2.50526315789474	0.835087719298246	3
1	33959934	33959935	21	21	3	3	0	1	NA	NA	NA	unphased	3.13157894736842	1.04385964912281	3
1	34329875	34329876	45	32	3	3	0	1	NA	NA	NA	unphased	2.60287081339713	0.86762360446571	3
1	36181651	36181652	33	24	NA	NA	NA	NA	NA	NA	NA	unphased	NA	NA	1
1	36383297	36383298	163	52	1.35	3	3	0.07	0	1	0.93	unphased	1.11574051407589	1.11574051407589	1
1	38005919	38005920	64	38	1.95	3	3	0.19	1	0	0.81	unphased	1.9421568627451	0.886829617691825	2.19
1	38355358	38355359	144	48	1.95	3	3	0.19	1	0	0.81	unphased	1.30328947368421	0.944412662090008	1.38
1	38397506	38397507	41	37	3	3	0	1	NA	NA	NA	unphased	2.97098515519568	0.990328385065227	3
1	39876536	39876537	48	22	6	3	3	1	NA	NA	NA	unphased	2.91127819548872	0.970426065162907	3
1	40562897	40562898	75	40	6	3	3	1	NA	NA	NA	unphased	3.22196796338673	1.07398932112891	3
1	40776798	40776799	72	17	6	3	3	1	NA	NA	NA	unphased	1.76936723832052	0.88468361916026	2
1	41453079	41453080	40	19	6	3	3	1	NA	NA	NA	unphased	2.98305084745763	0.994350282485876	3
1	41990581	41990582	25	13	3	3	0	1	NA	NA	NA	unphased	2.14265927977839	1.0713296398892	2
1	43232700	43232701	7	3	6	3	3	1	NA	NA	NA	unphased	2.77894736842105	2.77894736842105	1
1	43232701	43232702	7	3	6	3	3	1	NA	NA	NA	unphased	2.77894736842105	2.77894736842105	1
1	43830441	43830442	94	34	6	3	3	1	NA	NA	NA	unphased	2.46052631578947	0.820175438596491	3
1	43851867	43851868	82	26	6	3	3	1	NA	NA	NA	unphased	2.23001949317739	1.11500974658869	2
1	43855477	43855478	102	37	6	3	3	1	NA	NA	NA	unphased	2.46573267701628	0.821910892338761	3
1	43898761	43898762	153	58	6	3	3	1	NA	NA	NA	unphased	2.54627089049638	0.848756963498794	3
1	43900961	43900962	50	29	6	3	3	1	NA	NA	NA	unphased	3.40039973351099	1.133466577837	3
1	44360051	44360052	84	50	6	3	3	1	NA	NA	NA	unphased	3.45640219952867	1.15213406650956	3
1	45289014	45289015	63	24	6	3	3	1	NA	NA	NA	unphased	2.55535390199637	0.85178463399879	3
1	45296642	45296643	43	22	6	3	3	1	NA	NA	NA	unphased	3.13522267206478	1.04507422402159	3
1	45792931	45792932	12	6	6	3	3	1	NA	NA	NA	unphased	3.08771929824561	1.02923976608187	3
1	46463466	46463467	110	41	6	3	3	1	NA	NA	NA	unphased	2.51516207737888	0.838387359126293	3
1	46646796	46646797	19	11	6	3	3	1	NA	NA	NA	unphased	3.39649122807018	1.13216374269006	3
1	47399653	47399654	45	18	6	3	3	1	NA	NA	NA	unphased	2.64661654135338	0.882205513784461	3
1	47765767	47765768	84	37	6	3	3	1	NA	NA	NA	unphased	2.83253588516746	0.944178628389155	3
1	48701527	48701528	85	27	6	3	3	1	NA	NA	NA	unphased	2.23308270676692	1.11654135338346	2
1	48864973	48864974	32	13	6	3	3	1	NA	NA	NA	unphased	2.67602339181287	0.892007797270955	3
1	53544653	53544654	12	6	6	3	3	1	NA	NA	NA	unphased	3.08771929824561	1.02923976608187	3
1	53580434	53580435	54	15	6	3	3	1	NA	NA	NA	unphased	2.0137299771167	1.00686498855835	2
1	54476053	54476054	49	14	6	3	3	1	NA	NA	NA	unphased	2.05847953216374	1.02923976608187	2
1	54665942	54665943	118	82	6	3	3	1	NA	NA	NA	unphased	3.79789473684211	1.2659649122807	3
1	55277537	55277538	52	22	6	3	3	1	NA	NA	NA	unphased	2.75391180654339	0.917970602181129	3
1	55457873	55457874	20	15	6	3	3	1	NA	NA	NA	unphased	3.96992481203007	1.32330827067669	3
1	57383433	57383434	31	12	6	3	3	1	NA	NA	NA	unphased	2.58506731946144	0.861689106487148	3
1	59042356	59042357	22	11	6	3	3	1	NA	NA	NA	unphased	3.08771929824561	1.02923976608187	3
1	64608175	64608176	105	37	6	3	3	1	NA	NA	NA	unphased	2.41363973313566	0.804546577711885	3
1	64671378	64671379	65	23	6	3	3	1	NA	NA	NA	unphased	2.42105263157895	0.807017543859649	3
1	67340603	67340604	36	11	6	3	3	1	NA	NA	NA	unphased	2.16797312430011	1.08398656215006	2
1	67340604	67340605	36	11	6	3	3	1	NA	NA	NA	unphased	2.16797312430011	1.08398656215006	2
1	70385348	70385349	22	11	6	3	3	1	NA	NA	NA	unphased	3.08771929824561	1.02923976608187	3
1	70397238	70397239	17	12	6	3	3	1	NA	NA	NA	unphased	3.83303085299456	1.27767695099819	3
1	70494039	70494040	22	11	6	3	3	1	NA	NA	NA	unphased	3.08771929824561	1.02923976608187	3
1	70504973	70504974	138	77	6	3	3	1	NA	NA	NA	unphased	3.31750305997552	1.10583435332517	3
1	71437307	71437308	29	15	6	3	3	1	NA	NA	NA	unphased	3.15789473684211	1.05263157894737	3
1	74833598	74833599	90	29	6	3	3	1	NA	NA	NA	unphased	2.25740822644847	1.12870411322424	2
1	74954881	74954882	68	25	6	3	3	1	NA	NA	NA	unphased	2.49009620826259	0.830032069420864	3
1	75172110	75172111	73	20	6	3	3	1	NA	NA	NA	unphased	1.99207696661007	0.996038483305037	2
1	75685495	75685496	25	17	6	3	3	1	NA	NA	NA	unphased	3.74937343358396	1.24979114452799	3
1	76276418	76276419	43	23	6	3	3	1	NA	NA	NA	unphased	3.2280701754386	1.07602339181287	3
1	77094348	77094349	62	26	6	3	3	1	NA	NA	NA	unphased	2.73684210526316	0.912280701754386	3
1	77094527	77094528	47	18	6	3	3	1	NA	NA	NA	unphased	2.56518218623482	0.855060728744939	3
1	79093866	79093867	25	11	6	3	3	1	NA	NA	NA	unphased	2.83040935672515	0.943469785575049	3
1	85279566	85279567	41	13	6	3	3	1	NA	NA	NA	unphased	2.23001949317739	1.11500974658869	2
1	89434427	89434428	64	26	6	3	3	1	NA	NA	NA	unphased	2.67602339181287	0.892007797270955	3
1	89449616	89449617	17	4	6	3	3	1	NA	NA	NA	unphased	1.76441102756892	1.76441102756892	1
1	89524592	89524593	134	52	6	3	3	1	NA	NA	NA	unphased	2.5897000565931	0.863233352197699	3
1	91404743	91404744	113	40	6	3	3	1	NA	NA	NA	unphased	2.42174062607499	0.807246875358331	3
1	99470050	99470051	46	22	6	3	3	1	NA	NA	NA	unphased	2.9969040247678	0.998968008255934	3
1	100349717	100349718	48	28	6	3	3	1	NA	NA	NA	unphased	3.41274238227147	1.13758079409049	3
1	102269829	102269830	48	24	6	3	3	1	NA	NA	NA	unphased	3.08771929824561	1.02923976608187	3
1	104297196	104297197	228	57	NA	NA	NA	NA	NA	NA	NA	unphased	NA	NA	1
1	110203827	110203828	139	37	6	3	3	1	NA	NA	NA	unphased	1.94736842105263	0.973684210526316	2
1	110255966	110255967	17	5	6	3	3	1	NA	NA	NA	unphased	2.10526315789474	2.10526315789474	1
1	110257909	110257910	28	22	6	3	3	1	NA	NA	NA	unphased	4.07578947368421	1.35859649122807	3
1	110738319	110738320	46	35	6	3	3	1	NA	NA	NA	unphased	4.00259909031839	1.3341996967728	3
1	110765588	110765589	24	15	6	3	3	1	NA	NA	NA	unphased	3.56275303643725	1.18758434547908	3
1	111492545	111492546	114	43	6	3	3	1	NA	NA	NA	unphased	2.53704324505531	0.845681081685104	3
1	111494143	111494144	130	39	6	3	3	1	NA	NA	NA	unphased	2.13765182186235	1.06882591093117	2
1	111826793	111826794	24	13	6	3	3	1	NA	NA	NA	unphased	3.25462304409673	1.08487434803224	3
1	112269798	112269799	50	38	6	3	3	1	NA	NA	NA	unphased	4	1.33333333333333	3
1	112305513	112305514	28	12	6	3	3	1	NA	NA	NA	unphased	2.77894736842105	0.926315789473684	3
1	112525096	112525097	88	31	6	3	3	1	NA	NA	NA	unphased	2.41309155241044	0.804363850803479	3
1	113239077	113239078	111	47	6	3	3	1	NA	NA	NA	unphased	2.75549633577615	0.91849877859205	3
1	113459877	113459878	35	17	6	3	3	1	NA	NA	NA	unphased	3.02834008097166	1.00944669365722	3
1	114092231	114092232	42	17	6	3	3	1	NA	NA	NA	unphased	2.66904549509367	0.889681831697889	3
1	116311166	116311167	18	9	6	3	3	1	NA	NA	NA	unphased	3.08771929824561	1.02923976608187	3
1	116380630	116380631	27	8	6	3	3	1	NA	NA	NA	unphased	2.11729323308271	1.05864661654135	2
1	119923332	119923333	59	19	6	3	3	1	NA	NA	NA	unphased	2.25641025641026	1.12820512820513	2
1	120471820	120471821	53	30	6	3	3	1	NA	NA	NA	unphased	3.34812935954344	1.11604311984781	3
1	143912373	143912374	48	13	6	3	3	1	NA	NA	NA	unphased	1.97411561691113	0.987057808455565	2
1	144852421	144852422	58	10	NA	NA	NA	NA	NA	NA	NA	unphased	NA	NA	1
1	145296474	145296475	178	50	6	3	3	1	NA	NA	NA	unphased	2.03139427516159	1.01569713758079	2
1	145460231	145460232	11	10	6	3	3	1	NA	NA	NA	unphased	4.41102756892231	1.4703425229741	3
1	145560086	145560087	69	44	6	3	3	1	NA	NA	NA	unphased	3.60689333954355	1.20229777984785	3
1	148343726	148343727	196	53	6	3	3	1	NA	NA	NA	unphased	1.9716761783978	0.985838089198901	2
1	150444040	150444041	67	23	6	3	3	1	NA	NA	NA	unphased	2.3672514619883	1.18362573099415	2
1	150971880	150971881	176	92	6	3	3	1	NA	NA	NA	unphased	3.17989002356638	1.05996334118879	3
1	151316948	151316949	48	38	6	3	3	1	NA	NA	NA	unphased	4.09302325581395	1.36434108527132	3
1	151336994	151336995	73	30	6	3	3	1	NA	NA	NA	unphased	2.69800715380685	0.899335717935616	3
1	151492661	151492662	54	22	6	3	3	1	NA	NA	NA	unphased	2.6814404432133	0.893813481071099	3
1	151665922	151665923	77	26	6	3	3	1	NA	NA	NA	unphased	2.3382728666326	1.1691364333163	2
1	152187655	152187656	2603	126	6	3	3	1	NA	NA	NA	unphased	0.42768702628686	0.42768702628686	1
1	152187669	152187670	2326	80	6	3	3	1	NA	NA	NA	unphased	0.308001925012031	0.308001925012031	1
1	152277110	152277111	306	150	6	3	3	1	NA	NA	NA	unphased	3.04709141274238	1.01569713758079	3
1	152278990	152278991	699	156	6	3	3	1	NA	NA	NA	unphased	1.69012003693444	0.845060018467221	2
1	152279803	152279804	390	200	6	3	3	1	NA	NA	NA	unphased	3.14005352363961	1.04668450787987	3
1	152323985	152323986	502	212	6	3	3	1	NA	NA	NA	unphased	2.75040542532803	0.916801808442675	3
1	152328581	152328582	303	147	6	3	3	1	NA	NA	NA	unphased	3.0259649122807	1.00865497076023	3
1	152538265	152538266	16	3	6	3	3	1	NA	NA	NA	unphased	1.46260387811634	1.46260387811634	1
1	152636633	152636634	89	41	6	3	3	1	NA	NA	NA	unphased	2.92145748987854	0.973819163292848	3
1	152777863	152777864	43	45	6	3	3	1	NA	NA	NA	unphased	4.73684210526316	1.57894736842105	3
1	153313001	153313002	63	29	6	3	3	1	NA	NA	NA	unphased	2.91990846681922	0.973302822273074	3
1	153659533	153659534	61	33	6	3	3	1	NA	NA	NA	unphased	3.25195968645017	1.08398656215006	3
1	153727176	153727177	126	59	6	3	3	1	NA	NA	NA	unphased	2.95419630156472	0.984732100521574	3
1	153735734	153735735	118	53	6	3	3	1	NA	NA	NA	unphased	2.87103724222838	0.957012414076126	3
1	154557453	154557454	104	43	6	3	3	1	NA	NA	NA	unphased	2.70963122090942	0.903210406969805	3
1	154575093	154575094	59	21	6	3	3	1	NA	NA	NA	unphased	2.43157894736842	0.810526315789474	3
1	155019718	155019719	60	41	6	3	3	1	NA	NA	NA	unphased	3.76029181865555	1.25343060621852	3
1	155292330	155292331	93	53	6	3	3	1	NA	NA	NA	unphased	3.36265320836337	1.12088440278779	3
1	155292331	155292332	93	53	6	3	3	1	NA	NA	NA	unphased	3.36265320836337	1.12088440278779	3
1	155451849	155451850	74	38	6	3	3	1	NA	NA	NA	unphased	3.14285714285714	1.04761904761905	3
1	155851300	155851301	34	22	6	3	3	1	NA	NA	NA	unphased	3.6390977443609	1.21303258145363	3
1	156235885	156235886	94	40	6	3	3	1	NA	NA	NA	unphased	2.76512175962294	0.921707253207646	3
1	156618648	156618649	126	64	6	3	3	1	NA	NA	NA	unphased	3.1202216066482	1.04007386888273	3
1	156618649	156618650	124	61	6	3	3	1	NA	NA	NA	unphased	3.05433854907539	1.0181128496918	3
1	156640081	156640082	87	31	6	3	3	1	NA	NA	NA	unphased	2.4335414808207	0.811180493606899	3
1	156647040	156647041	35	9	6	3	3	1	NA	NA	NA	unphased	1.89473684210526	0.947368421052632	2
1	157504667	157504668	59	27	6	3	3	1	NA	NA	NA	unphased	2.90820073439412	0.969400244798042	3
1	157772439	157772440	12	10	6	3	3	1	NA	NA	NA	unphased	4.21052631578947	1.40350877192982	3
1	158225136	158225137	39	24	6	3	3	1	NA	NA	NA	unphased	3.52882205513784	1.17627401837928	3
1	158368941	158368942	59	28	6	3	3	1	NA	NA	NA	unphased	2.98124621899577	0.993748739665255	3
1	158435771	158435772	157	55	6	3	3	1	NA	NA	NA	unphased	2.40317775571003	0.801059251903343	3
1	158549061	158549062	56	15	6	3	3	1	NA	NA	NA	unphased	1.95700518902891	0.978502594514455	2
1	158576247	158576248	68	47	6	3	3	1	NA	NA	NA	unphased	3.78581235697941	1.26193745232647	3
1	158746950	158746951	54	18	6	3	3	1	NA	NA	NA	unphased	2.31578947368421	1.15789473684211	2
1	158911937	158911938	51	23	6	3	3	1	NA	NA	NA	unphased	2.87908961593172	0.959696538643907	3
1	159166239	159166240	21	17	6	3	3	1	NA	NA	NA	unphased	4.14404432132964	1.38134810710988	3
1	159284041	159284042	71	36	6	3	3	1	NA	NA	NA	unphased	3.11657648794884	1.03885882931628	3
1	159409724	159409725	121	66	6	3	3	1	NA	NA	NA	unphased	3.26934984520124	1.08978328173375	3
1	159778811	159778812	77	30	6	3	3	1	NA	NA	NA	unphased	2.5971470732907	0.865715691096901	3
1	159846367	159846368	31	11	6	3	3	1	NA	NA	NA	unphased	2.42606516290727	0.808688387635756	3
1	159900108	159900109	157	59	6	3	3	1	NA	NA	NA	unphased	2.53021442495127	0.843404808317089	3
1	159901648	159901649	44	15	6	3	3	1	NA	NA	NA	unphased	2.35504014272971	1.17752007136485	2
1	160001586	160001587	17	6	6	3	3	1	NA	NA	NA	unphased	2.41647597254005	0.805491990846682	3
1	160001587	160001588	17	6	6	3	3	1	NA	NA	NA	unphased	2.41647597254005	0.805491990846682	3
1	160098791	160098792	15	5	6	3	3	1	NA	NA	NA	unphased	2.31578947368421	1.15789473684211	2
1	160851905	160851906	48	21	6	3	3	1	NA	NA	NA	unphased	2.81922196796339	0.939740655987796	3
1	161654618	161654619	7	3	6	3	3	1	NA	NA	NA	unphased	2.77894736842105	2.77894736842105	1
1	162343916	162343917	247	11	6	3	3	1	NA	NA	NA	unphased	0.394940840473276	0.394940840473276	1
1	162469865	162469866	73	33	6	3	3	1	NA	NA	NA	unphased	2.88381330685204	0.961271102284012	3
1	162740182	162740183	95	42	6	3	3	1	NA	NA	NA	unphased	2.83980023050327	0.946600076834422	3
1	164790807	164790808	71	30	6	3	3	1	NA	NA	NA	unphased	2.75143303804065	0.917144346013549	3
1	169388386	169388387	13	5	6	3	3	1	NA	NA	NA	unphased	2.57309941520468	0.857699805068226	3
1	169489851	169489852	39	23	6	3	3	1	NA	NA	NA	unphased	3.43633276740238	1.14544425580079	3
1	169923158	169923159	197	80	6	3	3	1	NA	NA	NA	unphased	2.67528025840775	0.891760086135918	3
1	171254612	171254613	49	25	6	3	3	1	NA	NA	NA	unphased	3.12944523470839	1.04314841156946	3
1	172501614	172501615	11	10	6	3	3	1	NA	NA	NA	unphased	4.41102756892231	1.4703425229741	3
1	172628307	172628308	24	11	6	3	3	1	NA	NA	NA	unphased	2.91127819548872	0.970426065162907	3
1	176564105	176564106	101	51	6	3	3	1	NA	NA	NA	unphased	3.10803324099723	1.03601108033241	3
1	176564723	176564724	23	10	6	3	3	1	NA	NA	NA	unphased	2.80701754385965	0.935672514619883	3
1	176668294	176668295	100	48	6	3	3	1	NA	NA	NA	unphased	3.00426742532006	1.00142247510669	3
1	176708825	176708826	53	23	6	3	3	1	NA	NA	NA	unphased	2.80332409972299	0.934441366574331	3
1	177930750	177930751	57	18	6	3	3	1	NA	NA	NA	unphased	2.22315789473684	1.11157894736842	2
1	180805811	180805812	169	59	6	3	3	1	NA	NA	NA	unphased	2.39704524469067	1.19852262234534	2
1	181452909	181452910	46	12	6	3	3	1	NA	NA	NA	unphased	1.91651542649728	0.958257713248639	2
1	183091287	183091288	106	51	6	3	3	1	NA	NA	NA	unphased	3.009051290647	1.00301709688233	3
1	183881401	183881402	18	10	6	3	3	1	NA	NA	NA	unphased	3.30827067669173	1.10275689223058	3
1	183885831	183885832	75	40	6	3	3	1	NA	NA	NA	unphased	3.22196796338673	1.07398932112891	3
1	183938502	183938503	103	39	6	3	3	1	NA	NA	NA	unphased	2.54410674573758	0.848035581912528	3
1	184675861	184675862	64	20	6	3	3	1	NA	NA	NA	unphased	2.20551378446115	1.10275689223058	2
1	185109345	185109346	25	8	6	3	3	1	NA	NA	NA	unphased	2.24561403508772	1.12280701754386	2
1	185125941	185125942	6	3	6	3	3	1	NA	NA	NA	unphased	3.08771929824561	3.08771929824561	1
1	185151169	185151170	69	21	6	3	3	1	NA	NA	NA	unphased	2.16140350877193	1.08070175438597	2
1	185151170	185151171	67	20	6	3	3	1	NA	NA	NA	unphased	2.12946158499698	1.06473079249849	2
1	185947023	185947024	77	35	6	3	3	1	NA	NA	NA	unphased	2.89473684210526	0.964912280701754	3
1	186062622	186062623	89	30	6	3	3	1	NA	NA	NA	unphased	2.33524988942946	1.16762494471473	2
1	186064616	186064617	118	46	6	3	3	1	NA	NA	NA	unphased	2.59820282413351	0.866067608044502	3
1	190068226	190068227	47	18	6	3	3	1	NA	NA	NA	unphased	2.56518218623482	0.855060728744939	3
1	196716269	196716270	80	42	NA	NA	NA	NA	NA	NA	NA	unphased	NA	NA	1
1	196748434	196748435	116	43	NA	NA	NA	NA	NA	NA	NA	unphased	NA	NA	1
1	196748949	196748950	14	6	NA	NA	NA	NA	NA	NA	NA	unphased	NA	NA	1
1	196879473	196879474	44	10	6	3	3	1	NA	NA	NA	unphased	1.71539961013645	1.71539961013645	1
1	197390907	197390908	120	51	6	3	3	1	NA	NA	NA	unphased	2.76269621421976	0.920898738073253	3
1	200017550	200017551	154	55	6	3	3	1	NA	NA	NA	unphased	2.43767313019391	0.812557710064635	3
1	201061163	201061164	46	32	6	3	3	1	NA	NA	NA	unphased	3.80026990553306	1.26675663517769	3
1	201081363	201081364	98	45	6	3	3	1	NA	NA	NA	unphased	2.91497975708502	0.97165991902834	3
1	201182526	201182527	27	12	6	3	3	1	NA	NA	NA	unphased	2.8502024291498	0.950067476383266	3
1	201938691	201938692	61	25	6	3	3	1	NA	NA	NA	unphased	2.69277845777234	0.897592819257446	3
1	202932215	202932216	110	31	6	3	3	1	NA	NA	NA	unphased	2.03658081373647	1.01829040686823	2
1	203014524	203014525	14	10	6	3	3	1	NA	NA	NA	unphased	3.85964912280702	1.28654970760234	3
1	203014525	203014526	14	10	6	3	3	1	NA	NA	NA	unphased	3.85964912280702	1.28654970760234	3
1	203316606	203316607	125	61	6	3	3	1	NA	NA	NA	unphased	3.03791737408036	1.01263912469345	3
1	204587551	204587552	38	23	6	3	3	1	NA	NA	NA	unphased	3.49266609145815	1.16422203048605	3
1	205042932	205042933	13	4	6	3	3	1	NA	NA	NA	unphased	2.17956656346749	2.17956656346749	1
1	206821095	206821096	135	86	6	3	3	1	NA	NA	NA	unphased	3.60466777804239	1.20155592601413	3
1	207196215	207196216	81	46	6	3	3	1	NA	NA	NA	unphased	3.35515955242437	1.11838651747479	3
1	207532887	207532888	34	16	6	3	3	1	NA	NA	NA	unphased	2.96421052631579	0.988070175438597	3
1	207640149	207640150	54	34	6	3	3	1	NA	NA	NA	unphased	3.57894736842105	1.19298245614035	3
1	208061159	208061160	60	37	6	3	3	1	NA	NA	NA	unphased	3.53336950623983	1.17778983541328	3
1	210187059	210187060	142	54	6	3	3	1	NA	NA	NA	unphased	2.55209452201933	0.850698174006445	3
1	210415614	210415615	43	16	6	3	3	1	NA	NA	NA	unphased	2.51204281891169	0.837347606303895	3
1	210591520	210591521	184	72	6	3	3	1	NA	NA	NA	unphased	2.60526315789474	0.868421052631579	3
1	214170303	214170304	114	40	6	3	3	1	NA	NA	NA	unphased	2.40601503759399	0.802005012531328	3
1	214171300	214171301	108	54	6	3	3	1	NA	NA	NA	unphased	3.08771929824561	1.02923976608187	3
1	216591941	216591942	75	29	6	3	3	1	NA	NA	NA	unphased	2.582995951417	0.860998650472335	3
1	217784320	217784321	94	52	6	3	3	1	NA	NA	NA	unphased	3.29920692141312	1.09973564047104	3
1	220809184	220809185	52	18	6	3	3	1	NA	NA	NA	unphased	2.38195488721805	1.19097744360902	2
1	226564831	226564832	198	87	6	3	3	1	NA	NA	NA	unphased	2.82770083102493	0.942566943674977	3
1	226895568	226895569	20	16	6	3	3	1	NA	NA	NA	unphased	4.11695906432749	1.37231968810916	3
1	228109457	228109458	37	10	6	3	3	1	NA	NA	NA	unphased	1.97088465845465	0.985442329227324	2
1	229772776	229772777	75	38	6	3	3	1	NA	NA	NA	unphased	3.11504424778761	1.03834808259587	3
1	229772777	229772778	76	39	6	3	3	1	NA	NA	NA	unphased	3.14141876430206	1.04713958810069	3
1	230825805	230825806	104	67	6	3	3	1	NA	NA	NA	unphased	3.6294244382887	1.20980814609623	3
1	230898433	230898434	78	34	6	3	3	1	NA	NA	NA	unphased	2.81203007518797	0.93734335839599	3
1	231125858	231125859	99	36	6	3	3	1	NA	NA	NA	unphased	2.47017543859649	0.823391812865497	3
1	233314861	233314862	67	24	6	3	3	1	NA	NA	NA	unphased	2.44303065355697	0.814343551185657	3
1	240286486	240286487	74	20	6	3	3	1	NA	NA	NA	unphased	1.97088465845465	0.985442329227324	2
1	240370322	240370323	35	15	6	3	3	1	NA	NA	NA	unphased	2.77894736842105	0.926315789473684	3
1	241799073	241799074	35	20	6	3	3	1	NA	NA	NA	unphased	3.36842105263158	1.12280701754386	3
1	245851019	245851020	7	3	6	3	3	1	NA	NA	NA	unphased	2.77894736842105	2.77894736842105	1
1	247263942	247263943	98	50	6	3	3	1	NA	NA	NA	unphased	3.12944523470839	1.04314841156946	3
1	247587300	247587301	19	16	6	3	3	1	NA	NA	NA	unphased	4.23458646616541	1.41152882205514	3
1	247751912	247751913	95	43	6	3	3	1	NA	NA	NA	unphased	2.88634630053394	0.962115433511315	3
1	247978247	247978248	39	19	6	3	3	1	NA	NA	NA	unphased	3.03448275862069	1.01149425287356	3
1	248039272	248039273	53	24	6	3	3	1	NA	NA	NA	unphased	2.88721804511278	0.962406015037594	3
1	248059076	248059077	189	70	6	3	3	1	NA	NA	NA	unphased	2.50355618776671	0.834518729255572	3
1	248128688	248128689	79	27	6	3	3	1	NA	NA	NA	unphased	2.35948361469712	1.17974180734856	2
1	248343487	248343488	303	132	6	3	3	1	NA	NA	NA	unphased	2.81088929219601	0.936963097398669	3
1	248551247	248551248	81	40	6	3	3	1	NA	NA	NA	unphased	3.0622009569378	1.0207336523126	3
1	248790396	248790397	72	24	6	3	3	1	NA	NA	NA	unphased	2.31578947368421	1.15789473684211	2
1	248813849	248813850	54	37	6	3	3	1	NA	NA	NA	unphased	3.76633892423366	1.25544630807789	3
1	248814014	248814015	45	11	6	3	3	1	NA	NA	NA	unphased	1.81954887218045	0.909774436090226	2
1	248845488	248845489	59	21	6	3	3	1	NA	NA	NA	unphased	2.43157894736842	0.810526315789474	3
1	249107273	249107274	66	14	6	3	3	1	NA	NA	NA	unphased	1.62105263157895	0.810526315789474	2
10	323213	323214	27	11	5	3	2	1	NA	NA	NA	unphased	2.39196675900277	1.19598337950139	2
10	1262994	1262995	16	8	5	3	2	1	NA	NA	NA	unphased	2.75438596491228	0.91812865497076	3
10	5951159	5951160	49	17	5	3	2	1	NA	NA	NA	unphased	2.12838915470494	1.06419457735247	2
10	5995036	5995037	53	28	5	3	2	1	NA	NA	NA	unphased	2.85640025990903	0.952133419969677	3
10	7788623	7788624	29	16	5	3	2	1	NA	NA	NA	unphased	2.93801169590643	0.979337231968811	3
10	15103786	15103787	101	44	5	3	2	1	NA	NA	NA	unphased	2.50744101633394	0.835813672111313	3
10	16967593	16967594	48	13	5	3	2	1	NA	NA	NA	unphased	1.76100086281277	0.880500431406385	2
10	17747676	17747677	64	48	5	3	2	1	NA	NA	NA	unphased	3.54135338345865	1.18045112781955	3
10	18242233	18242234	60	19	5	3	2	1	NA	NA	NA	unphased	1.9873417721519	0.993670886075949	2
10	18807868	18807869	108	32	5	3	2	1	NA	NA	NA	unphased	1.88872180451128	0.944360902255639	2
10	26417387	26417388	32	20	5	3	2	1	NA	NA	NA	unphased	3.17813765182186	1.05937921727395	3
10	26457768	26457769	68	20	5	3	2	1	NA	NA	NA	unphased	1.87799043062201	0.938995215311005	2
10	29776309	29776310	11	7	5	3	2	1	NA	NA	NA	unphased	3.21345029239766	1.07115009746589	3
10	30315234	30315235	50	15	5	3	2	1	NA	NA	NA	unphased	1.90688259109312	0.953441295546559	2
10	31799764	31799765	60	30	5	3	2	1	NA	NA	NA	unphased	2.75438596491228	0.91812865497076	3
10	32323669	32323670	28	15	5	3	2	1	NA	NA	NA	unphased	2.88249694002448	0.960832313341493	3
10	32983854	32983855	30	20	5	3	2	1	NA	NA	NA	unphased	3.30526315789474	1.10175438596491	3
10	38242122	38242123	66	23	5	3	2	1	NA	NA	NA	unphased	2.13542282672975	1.06771141336487	2
10	38407039	38407040	74	36	5	3	2	1	NA	NA	NA	unphased	2.70430622009569	0.901435406698564	3
10	43694623	43694624	8	4	5	3	2	1	NA	NA	NA	unphased	2.75438596491228	0.91812865497076	3
10	43871642	43871643	42	11	5	3	2	1	NA	NA	NA	unphased	1.7149950347567	0.857497517378351	2
10	45891382	45891383	46	16	5	3	2	1	NA	NA	NA	unphased	2.13242784380306	1.06621392190153	2
10	48429153	48429154	17	6	5	3	2	1	NA	NA	NA	unphased	2.15560640732265	1.07780320366133	2
10	50121627	50121628	50	40	5	3	2	1	NA	NA	NA	unphased	3.67251461988304	1.22417153996101	3
10	50708592	50708593	81	45	5	3	2	1	NA	NA	NA	unphased	2.95112781954887	0.983709273182957	3
10	50873044	50873045	122	44	5	3	2	1	NA	NA	NA	unphased	2.19023462270133	1.09511731135067	2
10	51465378	51465379	154	74	5	3	2	1	NA	NA	NA	unphased	2.68190212373038	0.893967374576793	3
10	51555821	51555822	36	8	5	3	2	1	NA	NA	NA	unphased	1.50239234449761	1.50239234449761	1
10	51556773	51556774	32	17	5	3	2	1	NA	NA	NA	unphased	2.86680988184748	0.955603293949158	3
10	52595847	52595848	84	32	5	3	2	1	NA	NA	NA	unphased	2.27949183303085	1.13974591651543	2
10	54528055	54528056	197	131	5	3	2	1	NA	NA	NA	unphased	3.30022464698331	1.10007488232777	3
10	55582248	55582249	17	7	5	3	2	1	NA	NA	NA	unphased	2.41008771929825	0.803362573099415	3
10	55849812	55849813	56	20	5	3	2	1	NA	NA	NA	unphased	2.17451523545706	1.08725761772853	2
10	55912984	55912985	85	27	5	3	2	1	NA	NA	NA	unphased	1.99201127819549	0.996005639097744	2
10	61413495	61413496	64	30	5	3	2	1	NA	NA	NA	unphased	2.63717805151176	0.879059350503919	3
10	61832319	61832320	57	28	5	3	2	1	NA	NA	NA	unphased	2.72198142414861	0.907327141382869	3
10	62539922	62539923	28	17	5	3	2	1	NA	NA	NA	unphased	3.12163742690058	1.04054580896686	3
10	63983014	63983015	77	23	5	3	2	1	NA	NA	NA	unphased	1.90052631578947	0.950263157894737	2
10	70182039	70182040	19	8	5	3	2	1	NA	NA	NA	unphased	2.44834307992203	0.816114359974009	3
10	71877623	71877624	89	28	5	3	2	1	NA	NA	NA	unphased	1.97750787224471	0.988753936122357	2
10	72492038	72492039	39	11	5	3	2	1	NA	NA	NA	unphased	1.81789473684211	0.908947368421053	2
10	72492039	72492040	39	12	5	3	2	1	NA	NA	NA	unphased	1.94427244582043	0.972136222910217	2
10	73039715	73039716	129	44	5	3	2	1	NA	NA	NA	unphased	2.10161241253423	1.05080620626711	2
10	73039716	73039717	129	44	5	3	2	1	NA	NA	NA	unphased	2.10161241253423	1.05080620626711	2
10	73048395	73048396	51	32	5	3	2	1	NA	NA	NA	unphased	3.1857958148383	1.06193193827943	3
10	73466670	73466671	5	6	5	3	2	1	NA	NA	NA	unphased	4.50717703349282	1.50239234449761	3
10	73822531	73822532	40	11	5	3	2	1	NA	NA	NA	unphased	1.78224974200206	0.891124871001032	2
10	74127983	74127984	17	8	5	3	2	1	NA	NA	NA	unphased	2.64421052631579	0.88140350877193	3
10	74695254	74695255	55	16	5	3	2	1	NA	NA	NA	unphased	1.86212008895478	0.931060044477391	2
10	75107966	75107967	65	29	5	3	2	1	NA	NA	NA	unphased	2.54927211646137	0.849757372153789	3
10	75157979	75157980	40	12	5	3	2	1	NA	NA	NA	unphased	1.90688259109312	0.953441295546559	2
10	75302566	75302567	42	11	5	3	2	1	NA	NA	NA	unphased	1.7149950347567	0.857497517378351	2
10	75397650	75397651	177	44	5	3	2	1	NA	NA	NA	unphased	1.6451536080019	0.822576804000952	2
10	75576802	75576803	130	68	5	3	2	1	NA	NA	NA	unphased	2.83785220627326	0.945950735424419	3
10	76781771	76781772	28	11	5	3	2	1	NA	NA	NA	unphased	2.3306342780027	1.16531713900135	2
10	76803738	76803739	55	23	5	3	2	1	NA	NA	NA	unphased	2.43657219973009	0.812190733243365	3
10	77159632	77159633	16	5	5	3	2	1	NA	NA	NA	unphased	1.96741854636591	1.96741854636591	1
10	79571734	79571735	39	25	5	3	2	1	NA	NA	NA	unphased	3.22779605263158	1.07593201754386	3
10	79737216	79737217	140	43	5	3	2	1	NA	NA	NA	unphased	1.94161633592177	0.970808167960886	2
10	85981520	85981521	5	5	5	3	2	1	NA	NA	NA	unphased	4.13157894736842	1.37719298245614	3
10	85984782	85984783	77	26	5	3	2	1	NA	NA	NA	unphased	2.08584568216658	1.04292284108329	2
10	85991745	85991746	22	10	5	3	2	1	NA	NA	NA	unphased	2.58223684210526	0.860745614035088	3
10	85992307	85992308	67	41	5	3	2	1	NA	NA	NA	unphased	3.1369395711501	1.0456465237167	3
10	85992308	85992309	65	41	5	3	2	1	NA	NA	NA	unphased	3.1961271102284	1.06537570340947	3
10	85992502	85992503	23	11	5	3	2	1	NA	NA	NA	unphased	2.6733746130031	0.891124871001032	3
10	86008684	86008685	52	44	5	3	2	1	NA	NA	NA	unphased	3.78728070175439	1.2624269005848	3
10	87379752	87379753	70	10	5	3	2	1	NA	NA	NA	unphased	1.03289473684211	1.03289473684211	1
10	88446895	88446896	247	130	5	3	2	1	NA	NA	NA	unphased	2.84936479128857	0.949788263762855	3
10	93000321	93000322	80	32	5	3	2	1	NA	NA	NA	unphased	2.3609022556391	1.18045112781955	2
10	95556872	95556873	58	16	5	3	2	1	NA	NA	NA	unphased	1.78662873399715	0.893314366998577	2
10	95720193	95720194	36	16	5	3	2	1	NA	NA	NA	unphased	2.54251012145749	0.847503373819163	3
10	95720194	95720195	36	15	5	3	2	1	NA	NA	NA	unphased	2.43034055727554	0.810113519091847	3
10	96039730	96039731	31	23	5	3	2	1	NA	NA	NA	unphased	3.51949317738791	1.17316439246264	3
10	96805707	96805708	37	19	5	3	2	1	NA	NA	NA	unphased	2.80357142857143	0.934523809523809	3
10	98006744	98006745	40	15	5	3	2	1	NA	NA	NA	unphased	2.25358851674641	1.12679425837321	2
10	98380274	98380275	41	21	5	3	2	1	NA	NA	NA	unphased	2.79881154499151	0.932937181663837	3
10	98744556	98744557	46	8	5	3	2	1	NA	NA	NA	unphased	1.22417153996101	1.22417153996101	1
10	98766453	98766454	27	9	5	3	2	1	NA	NA	NA	unphased	2.06578947368421	1.03289473684211	2
10	99118352	99118353	260	82	5	3	2	1	NA	NA	NA	unphased	1.98122499230532	0.990612496152662	2
10	99240774	99240775	14	7	5	3	2	1	NA	NA	NA	unphased	2.75438596491228	0.91812865497076	3
10	101835838	101835839	103	25	5	3	2	1	NA	NA	NA	unphased	1.61389802631579	0.806949013157895	2
10	102259280	102259281	43	23	5	3	2	1	NA	NA	NA	unphased	2.87958532695375	0.959861775651249	3
10	103339276	103339277	65	33	5	3	2	1	NA	NA	NA	unphased	2.78249194414608	0.92749731471536	3
10	103559100	103559101	119	67	5	3	2	1	NA	NA	NA	unphased	2.97651386530843	0.992171288436144	3
10	103901043	103901044	67	34	5	3	2	1	NA	NA	NA	unphased	2.78165711307973	0.927219037693243	3
10	104594562	104594563	87	29	5	3	2	1	NA	NA	NA	unphased	2.06578947368421	1.03289473684211	2
10	105785434	105785435	54	25	5	3	2	1	NA	NA	NA	unphased	2.61492338441039	0.871641128136798	3
10	107022095	107022096	49	23	5	3	2	1	NA	NA	NA	unphased	2.63961988304094	0.879873294346978	3
10	107022096	107022097	48	23	5	3	2	1	NA	NA	NA	unphased	2.6767976278725	0.892265875957499	3
10	108437080	108437081	47	34	5	3	2	1	NA	NA	NA	unphased	3.46848602988954	1.15616200996318	3
10	108439012	108439013	65	41	5	3	2	1	NA	NA	NA	unphased	3.1961271102284	1.06537570340947	3
10	118220538	118220539	73	47	5	3	2	1	NA	NA	NA	unphased	3.23640350877193	1.07880116959064	3
10	118220539	118220540	73	47	5	3	2	1	NA	NA	NA	unphased	3.23640350877193	1.07880116959064	3
10	118434398	118434399	68	54	5	3	2	1	NA	NA	NA	unphased	3.65746333045729	1.21915444348576	3
10	119799942	119799943	49	13	5	3	2	1	NA	NA	NA	unphased	1.73259762308998	0.866298811544991	2
10	124402842	124402843	60	15	5	3	2	1	NA	NA	NA	unphased	1.65263157894737	0.826315789473684	2
10	124458872	124458873	61	33	5	3	2	1	NA	NA	NA	unphased	2.90089585666293	0.966965285554311	3
10	125426200	125426201	18	4	5	3	2	1	NA	NA	NA	unphased	1.50239234449761	1.50239234449761	1
10	125805532	125805533	53	24	5	3	2	1	NA	NA	NA	unphased	2.57552973342447	0.85850991114149	3
10	126370915	126370916	46	13	5	3	2	1	NA	NA	NA	unphased	1.8206958073149	0.910347903657449	2
10	126682452	126682453	198	65	5	3	2	1	NA	NA	NA	unphased	2.04222533520112	1.02111266760056	2
10	127698068	127698069	16	17	5	3	2	1	NA	NA	NA	unphased	4.25677830940989	1.41892610313663	3
10	128973917	128973918	24	9	5	3	2	1	NA	NA	NA	unphased	2.25358851674641	1.12679425837321	2
10	129691056	129691057	52	16	5	3	2	1	NA	NA	NA	unphased	1.94427244582043	0.972136222910217	2
10	129904578	129904579	162	76	5	3	2	1	NA	NA	NA	unphased	2.63865546218487	0.879551820728291	3
10	133769304	133769305	48	24	5	3	2	1	NA	NA	NA	unphased	2.75438596491228	0.91812865497076	3
10	134660435	134660436	28	5	5	3	2	1	NA	NA	NA	unphased	1.25199362041467	1.25199362041467	1
10	135053315	135053316	27	11	5	3	2	1	NA	NA	NA	unphased	2.39196675900277	1.19598337950139	2
10	135113595	135113596	57	25	5	3	2	1	NA	NA	NA	unphased	2.51925545571245	0.839751818570817	3
11	605291	605292	116	32	5	3	2	1	NA	NA	NA	unphased	1.78662873399715	0.893314366998577	2
11	607536	607537	136	31	5	3	2	1	NA	NA	NA	unphased	1.53387960920265	0.766939804601323	2
11	608307	608308	8	6	5	3	2	1	NA	NA	NA	unphased	3.54135338345865	1.18045112781955	3
11	608308	608309	8	6	5	3	2	1	NA	NA	NA	unphased	3.54135338345865	1.18045112781955	3
11	1017839	1017840	983	72	5	3	2	1	NA	NA	NA	unphased	0.563931154901472	0.563931154901472	1
11	1101920	1101921	15	6	5	3	2	1	NA	NA	NA	unphased	2.3609022556391	1.18045112781955	2
11	1213299	1213300	187	41	5	3	2	1	NA	NA	NA	unphased	1.48591874422899	0.742959372114497	2
11	3249942	3249943	79	30	5	3	2	1	NA	NA	NA	unphased	2.27426364075326	1.13713182037663	2
11	3660015	3660016	104	27	5	3	2	1	NA	NA	NA	unphased	1.70309361189233	0.851546805946163	2
11	3714501	3714502	138	77	5	3	2	1	NA	NA	NA	unphased	2.9593635250918	0.986454508363933	3
11	3797169	3797170	85	53	5	3	2	1	NA	NA	NA	unphased	3.17353165522502	1.05784388507501	3
11	4842962	4842963	88	49	5	3	2	1	NA	NA	NA	unphased	2.95543603534383	0.985145345114611	3
11	4976079	4976080	36	65	5	3	2	1	NA	NA	NA	unphased	5.31787389265242	1.77262463088414	3
11	5142581	5142582	41	21	5	3	2	1	NA	NA	NA	unphased	2.79881154499151	0.932937181663837	3
11	5153712	5153713	59	27	5	3	2	1	NA	NA	NA	unphased	2.59424724602203	0.864749082007344	3
11	5173160	5173161	70	14	5	3	2	1	NA	NA	NA	unphased	1.37719298245614	1.37719298245614	1
11	5345039	5345040	54	37	5	3	2	1	NA	NA	NA	unphased	3.35974551764025	1.11991517254675	3
11	5364284	5364285	76	21	5	3	2	1	NA	NA	NA	unphased	1.78893109061313	0.894465545306565	2
11	5410976	5410977	220	51	5	3	2	1	NA	NA	NA	unphased	1.55505923480287	0.777529617401437	2
11	5443765	5443766	109	47	5	3	2	1	NA	NA	NA	unphased	2.48954116059379	0.829847053531264	3
11	5862851	5862852	109	60	5	3	2	1	NA	NA	NA	unphased	2.93366552475864	0.97788850825288	3
11	6007821	6007822	27	4	5	3	2	1	NA	NA	NA	unphased	1.06621392190153	1.06621392190153	1
11	6648521	6648522	15	8	5	3	2	1	NA	NA	NA	unphased	2.87414187643021	0.958047292143402	3
11	6891405	6891406	147	44	5	3	2	1	NA	NA	NA	unphased	1.90355469826398	0.951777349131992	2
11	6913288	6913289	67	17	5	3	2	1	NA	NA	NA	unphased	1.67230576441103	0.836152882205514	2
11	6913418	6913419	51	29	5	3	2	1	NA	NA	NA	unphased	2.9953947368421	0.998464912280702	3
11	7669767	7669768	79	36	5	3	2	1	NA	NA	NA	unphased	2.58672768878719	0.862242562929062	3
11	7672910	7672911	70	21	5	3	2	1	NA	NA	NA	unphased	1.90688259109312	0.953441295546559	2
11	8414051	8414052	192	45	5	3	2	1	NA	NA	NA	unphased	1.56895403064624	0.784477015323118	2
11	9607021	9607022	99	53	5	3	2	1	NA	NA	NA	unphased	2.88123268698061	0.960410895660203	3
11	13729600	13729601	63	26	5	3	2	1	NA	NA	NA	unphased	2.41395623891189	0.804652079637295	3
11	14990397	14990398	98	55	5	3	2	1	NA	NA	NA	unphased	2.97041623667011	0.990138745556702	3
11	16424288	16424289	17	10	5	3	2	1	NA	NA	NA	unphased	3.06042884990253	1.02014294996751	3
11	17177168	17177169	52	28	5	3	2	1	NA	NA	NA	unphased	2.89210526315789	0.964035087719298	3
11	17177169	17177170	51	27	5	3	2	1	NA	NA	NA	unphased	2.86032388663968	0.953441295546559	3
11	18231244	18231245	23	3	5	3	2	1	NA	NA	NA	unphased	0.953441295546559	0.953441295546559	1
11	18231773	18231774	65	29	5	3	2	1	NA	NA	NA	unphased	2.54927211646137	0.849757372153789	3
11	18955608	18955609	27	6	5	3	2	1	NA	NA	NA	unphased	1.50239234449761	1.50239234449761	1
11	20139858	20139859	132	56	5	3	2	1	NA	NA	NA	unphased	2.46136618141097	0.820455393803658	3
11	20676351	20676352	151	68	5	3	2	1	NA	NA	NA	unphased	2.56572939197308	0.855243130657694	3
11	21592371	21592372	70	51	5	3	2	1	NA	NA	NA	unphased	3.48281861678991	1.16093953892997	3
11	21596520	21596521	57	13	5	3	2	1	NA	NA	NA	unphased	1.53458646616541	1.53458646616541	1
11	22398087	22398088	44	25	5	3	2	1	NA	NA	NA	unphased	2.99389778794813	0.997965929316044	3
11	22646776	22646777	139	46	5	3	2	1	NA	NA	NA	unphased	2.05462304409673	1.02731152204836	2
11	24518824	24518825	21	4	5	3	2	1	NA	NA	NA	unphased	1.32210526315789	1.32210526315789	1
11	32410617	32410618	82	22	5	3	2	1	NA	NA	NA	unphased	1.74797570850202	0.873987854251012	2
11	33065317	33065318	123	20	5	3	2	1	NA	NA	NA	unphased	1.15568641884431	1.15568641884431	1
11	40136560	40136561	103	57	5	3	2	1	NA	NA	NA	unphased	2.94375	0.98125	3
11	43465732	43465733	31	14	5	3	2	1	NA	NA	NA	unphased	2.57076023391813	0.856920077972709	3
11	45948282	45948283	149	8	5	3	2	1	NA	NA	NA	unphased	0.421052631578947	0.421052631578947	1
11	46765750	46765751	60	21	5	3	2	1	NA	NA	NA	unphased	2.14230019493177	1.07115009746589	2
11	46772125	46772126	19	4	5	3	2	1	NA	NA	NA	unphased	1.4370709382151	1.4370709382151	1
11	47204294	47204295	61	27	5	3	2	1	NA	NA	NA	unphased	2.53528708133971	0.845095693779904	3
11	47204295	47204296	59	27	5	3	2	1	NA	NA	NA	unphased	2.59424724602203	0.864749082007344	3
11	47296473	47296474	56	33	5	3	2	1	NA	NA	NA	unphased	3.06386753400355	1.02128917800118	3
11	47436351	47436352	182	58	5	3	2	1	NA	NA	NA	unphased	1.9969298245614	0.998464912280702	2
11	47469667	47469668	52	10	5	3	2	1	NA	NA	NA	unphased	1.33276740237691	1.33276740237691	1
11	47711716	47711717	76	20	5	3	2	1	NA	NA	NA	unphased	1.72149122807018	0.860745614035088	2
11	49178333	49178334	88	25	5	3	2	1	NA	NA	NA	unphased	1.82813227759665	0.914066138798323	2
11	49974089	49974090	177	59	5	3	2	1	NA	NA	NA	unphased	2.06578947368421	1.03289473684211	2
11	50003588	50003589	198	83	5	3	2	1	NA	NA	NA	unphased	2.44071923581195	0.813573078603983	3
11	55135451	55135452	32	25	5	3	2	1	NA	NA	NA	unphased	3.62419205909511	1.20806401969837	3
11	55135720	55135721	147	35	5	3	2	1	NA	NA	NA	unphased	1.58906882591093	0.794534412955466	2
11	55136143	55136144	89	46	5	3	2	1	NA	NA	NA	unphased	2.81559454191033	0.93853151397011	3
11	55322304	55322305	71	44	5	3	2	1	NA	NA	NA	unphased	3.16155606407323	1.05385202135774	3
11	55371632	55371633	96	23	5	3	2	1	NA	NA	NA	unphased	1.59708093763821	0.798540468819107	2
11	55419161	55419162	126	35	5	3	2	1	NA	NA	NA	unphased	1.79633867276888	0.898169336384439	2
11	55541104	55541105	87	34	5	3	2	1	NA	NA	NA	unphased	2.32187907785994	1.16093953892997	2
11	55579517	55579518	157	48	5	3	2	1	NA	NA	NA	unphased	1.93478818998716	0.967394094993582	2
11	55587993	55587994	47	21	5	3	2	1	NA	NA	NA	unphased	2.55185758513932	0.85061919504644	3
11	55595329	55595330	111	30	5	3	2	1	NA	NA	NA	unphased	1.75811870100784	0.879059350503919	2
11	55595371	55595372	61	49	5	3	2	1	NA	NA	NA	unphased	3.68086124401914	1.22695374800638	3
11	55595621	55595622	17	7	5	3	2	1	NA	NA	NA	unphased	2.41008771929825	0.803362573099415	3
11	55798360	55798361	179	48	5	3	2	1	NA	NA	NA	unphased	1.74727567818224	0.87363783909112	2
11	55861042	55861043	125	60	5	3	2	1	NA	NA	NA	unphased	2.67994310099573	0.893314366998577	3
11	55861043	55861044	125	61	5	3	2	1	NA	NA	NA	unphased	2.70996038483305	0.903320128277683	3
11	55927407	55927408	92	21	5	3	2	1	NA	NA	NA	unphased	1.53563111318118	0.767815556590591	2
11	55927454	55927455	61	44	5	3	2	1	NA	NA	NA	unphased	3.46265664160401	1.15421888053467	3
11	56020478	56020479	131	48	5	3	2	1	NA	NA	NA	unphased	2.21581887680094	1.10790943840047	2
11	56057727	56057728	70	18	5	3	2	1	NA	NA	NA	unphased	1.69019138755981	0.845095693779904	2
11	56230240	56230241	15	4	5	3	2	1	NA	NA	NA	unphased	1.73961218836565	1.73961218836565	1
11	56230241	56230242	15	4	5	3	2	1	NA	NA	NA	unphased	1.73961218836565	1.73961218836565	1
11	56309857	56309858	26	9	5	3	2	1	NA	NA	NA	unphased	2.12481203007519	1.06240601503759	2
11	56344338	56344339	177	85	5	3	2	1	NA	NA	NA	unphased	2.68079550020088	0.893598500066961	3
11	56756813	56756814	84	42	5	3	2	1	NA	NA	NA	unphased	2.75438596491228	0.91812865497076	3
11	57003690	57003691	38	18	5	3	2	1	NA	NA	NA	unphased	2.65601503759398	0.885338345864662	3
11	57106006	57106007	204	77	5	3	2	1	NA	NA	NA	unphased	2.26428170069301	1.13214085034651	2
11	57310774	57310775	45	10	5	3	2	1	NA	NA	NA	unphased	1.50239234449761	1.50239234449761	1
11	57313470	57313471	39	21	5	3	2	1	NA	NA	NA	unphased	2.89210526315789	0.964035087719298	3
11	57886266	57886267	45	17	5	3	2	1	NA	NA	NA	unphased	2.26570458404075	1.13285229202037	2
11	57947462	57947463	36	19	5	3	2	1	NA	NA	NA	unphased	2.85454545454545	0.951515151515151	3
11	57982301	57982302	99	27	5	3	2	1	NA	NA	NA	unphased	1.77067669172932	0.885338345864661	2
11	57996057	57996058	40	19	5	3	2	1	NA	NA	NA	unphased	2.66101694915254	0.887005649717514	3
11	58274739	58274740	100	33	5	3	2	1	NA	NA	NA	unphased	2.05025722200237	1.02512861100119	2
11	59190037	59190038	30	25	5	3	2	1	NA	NA	NA	unphased	3.75598086124402	1.25199362041467	3
11	59245400	59245401	120	26	5	3	2	1	NA	NA	NA	unphased	1.47152126892574	0.735760634462869	2
11	59271272	59271273	148	85	5	3	2	1	NA	NA	NA	unphased	3.01445674271516	1.00481891423839	3
11	59271431	59271432	124	43	5	3	2	1	NA	NA	NA	unphased	2.12763945792625	1.06381972896313	2
11	59271432	59271433	123	42	5	3	2	1	NA	NA	NA	unphased	2.10334928229665	1.05167464114833	2
11	59271433	59271434	123	43	5	3	2	1	NA	NA	NA	unphased	2.14045656309448	1.07022828154724	2
11	59604790	59604791	40	11	5	3	2	1	NA	NA	NA	unphased	1.78224974200206	0.891124871001032	2
11	59633873	59633874	72	19	5	3	2	1	NA	NA	NA	unphased	1.72527472527473	0.862637362637363	2
11	60064771	60064772	63	21	5	3	2	1	NA	NA	NA	unphased	2.06578947368421	1.03289473684211	2
11	60075719	60075720	10	5	5	3	2	1	NA	NA	NA	unphased	2.75438596491228	0.91812865497076	3
11	60230538	60230539	114	39	5	3	2	1	NA	NA	NA	unphased	2.1062951496388	1.0531475748194	2
11	60694823	60694824	100	46	5	3	2	1	NA	NA	NA	unphased	2.60346070656092	0.867820235520307	3
11	60886947	60886948	49	27	5	3	2	1	NA	NA	NA	unphased	2.93559556786704	0.978531855955679	3
11	60900730	60900731	29	12	5	3	2	1	NA	NA	NA	unphased	2.41848523748395	0.806161745827984	3
11	61605305	61605306	32	4	5	3	2	1	NA	NA	NA	unphased	0.91812865497076	0.91812865497076	1
11	61917624	61917625	78	22	5	3	2	1	NA	NA	NA	unphased	1.81789473684211	0.908947368421053	2
11	62416599	62416600	108	52	5	3	2	1	NA	NA	NA	unphased	2.68552631578947	0.895175438596491	3
11	62652749	62652750	70	20	5	3	2	1	NA	NA	NA	unphased	1.83625730994152	0.91812865497076	2
11	62748783	62748784	11	6	5	3	2	1	NA	NA	NA	unphased	2.91640866873065	0.972136222910217	3
11	62782349	62782350	165	60	5	3	2	1	NA	NA	NA	unphased	2.20350877192982	1.10175438596491	2
11	62911032	62911033	25	4	5	3	2	1	NA	NA	NA	unphased	1.13974591651543	1.13974591651543	1
11	63057769	63057770	61	48	5	3	2	1	NA	NA	NA	unphased	3.63882182520521	1.21294060840174	3
11	63235935	63235936	47	12	5	3	2	1	NA	NA	NA	unphased	1.68064228367529	0.840321141837645	2
11	63672500	63672501	170	57	5	3	2	1	NA	NA	NA	unphased	2.07488986784141	1.0374449339207	2
11	64567123	64567124	28	5	5	3	2	1	NA	NA	NA	unphased	1.25199362041467	1.25199362041467	1
11	64794952	64794953	23	21	5	3	2	1	NA	NA	NA	unphased	3.94377990430622	1.31459330143541	3
11	64812705	64812706	16	10	5	3	2	1	NA	NA	NA	unphased	3.17813765182186	1.05937921727395	3
11	64821750	64821751	63	35	5	3	2	1	NA	NA	NA	unphased	2.95112781954887	0.983709273182957	3
11	64875279	64875280	8	3	5	3	2	1	NA	NA	NA	unphased	2.25358851674641	2.25358851674641	1
11	64940287	64940288	77	23	5	3	2	1	NA	NA	NA	unphased	1.90052631578947	0.950263157894737	2
11	65421967	65421968	47	20	5	3	2	1	NA	NA	NA	unphased	2.46661429693637	0.822204765645457	3
11	65421968	65421969	46	20	5	3	2	1	NA	NA	NA	unphased	2.50398724082935	0.834662413609782	3
11	66136612	66136613	7	7	5	3	2	1	NA	NA	NA	unphased	4.13157894736842	1.37719298245614	3
11	66190338	66190339	64	15	5	3	2	1	NA	NA	NA	unphased	1.56895403064624	0.784477015323118	2
11	66205670	66205671	79	40	5	3	2	1	NA	NA	NA	unphased	2.77753206545776	0.925844021819254	3
11	66813283	66813284	45	12	5	3	2	1	NA	NA	NA	unphased	1.73961218836565	0.869806094182825	2
11	67021039	67021040	85	32	5	3	2	1	NA	NA	NA	unphased	2.2600089968511	1.13000449842555	2
11	67399262	67399263	5	4	5	3	2	1	NA	NA	NA	unphased	3.67251461988304	1.22417153996101	3
11	70331597	70331598	86	36	5	3	2	1	NA	NA	NA	unphased	2.43830888697153	0.812769628990509	3
11	70331646	70331647	54	45	5	3	2	1	NA	NA	NA	unphased	3.75598086124402	1.25199362041467	3
11	71146795	71146796	40	13	5	3	2	1	NA	NA	NA	unphased	2.02681231380338	1.01340615690169	2
11	71907001	71907002	87	23	5	3	2	1	NA	NA	NA	unphased	1.72775119617225	0.863875598086124	2
11	73076584	73076585	58	17	5	3	2	1	NA	NA	NA	unphased	1.87298245614035	0.936491228070175	2
11	73689326	73689327	76	27	5	3	2	1	NA	NA	NA	unphased	2.16607051609606	1.08303525804803	2
11	74168438	74168439	47	12	5	3	2	1	NA	NA	NA	unphased	1.68064228367529	0.840321141837645	2
11	74414510	74414511	25	5	5	3	2	1	NA	NA	NA	unphased	1.37719298245614	1.37719298245614	1
11	74415663	74415664	24	12	5	3	2	1	NA	NA	NA	unphased	2.75438596491228	0.91812865497076	3
11	76371104	76371105	43	6	5	3	2	1	NA	NA	NA	unphased	1.01181525241676	1.01181525241676	1
11	86518761	86518762	97	38	5	3	2	1	NA	NA	NA	unphased	2.32592592592593	1.16296296296296	2
11	88780684	88780685	62	12	5	3	2	1	NA	NA	NA	unphased	1.33997155049787	1.33997155049787	1
11	89405082	89405083	73	18	5	3	2	1	NA	NA	NA	unphased	1.63447079236553	0.817235396182765	2
11	89768776	89768777	103	14	5	3	2	1	NA	NA	NA	unphased	0.988753936122357	0.988753936122357	1
11	89896506	89896507	163	49	5	3	2	1	NA	NA	NA	unphased	1.90988083416087	0.954940417080437	2
11	93127717	93127718	14	4	5	3	2	1	NA	NA	NA	unphased	1.83625730994152	1.83625730994152	1
11	100999620	100999621	46	15	5	3	2	1	NA	NA	NA	unphased	2.03192407247627	1.01596203623814	2
11	101776523	101776524	30	11	5	3	2	1	NA	NA	NA	unphased	2.21694480102696	1.10847240051348	2
11	105009624	105009625	118	38	5	3	2	1	NA	NA	NA	unphased	2.01282051282051	1.00641025641026	2
11	107524930	107524931	7	5	5	3	2	1	NA	NA	NA	unphased	3.44298245614035	1.14766081871345	3
11	108199838	108199839	38	30	5	3	2	1	NA	NA	NA	unphased	3.64551083591331	1.21517027863777	3
11	111753308	111753309	35	8	5	3	2	1	NA	NA	NA	unphased	1.53733170134639	1.53733170134639	1
11	111951237	111951238	78	20	5	3	2	1	NA	NA	NA	unphased	1.68635875402793	0.843179377013963	2
11	113073140	113073141	25	5	5	3	2	1	NA	NA	NA	unphased	1.37719298245614	1.37719298245614	1
11	113650685	113650686	90	35	5	3	2	1	NA	NA	NA	unphased	2.31368421052632	1.15684210526316	2
11	113815345	113815346	75	19	5	3	2	1	NA	NA	NA	unphased	1.67021276595745	0.835106382978723	2
11	113815346	113815347	74	19	5	3	2	1	NA	NA	NA	unphased	1.68817204301075	0.844086021505376	2
11	113816946	113816947	11	5	5	3	2	1	NA	NA	NA	unphased	2.58223684210526	0.860745614035088	3
11	114392997	114392998	91	30	5	3	2	1	NA	NA	NA	unphased	2.04871683340583	1.02435841670291	2
11	116692154	116692155	215	103	5	3	2	1	NA	NA	NA	unphased	2.67643164515061	0.892143881716871	3
11	116701513	116701514	30	17	5	3	2	1	NA	NA	NA	unphased	2.98880179171333	0.996267263904442	3
11	117152096	117152097	38	10	5	3	2	1	NA	NA	NA	unphased	1.72149122807018	1.72149122807018	1
11	118374389	118374390	47	34	5	3	2	1	NA	NA	NA	unphased	3.46848602988954	1.15616200996318	3
11	118377121	118377122	79	31	5	3	2	1	NA	NA	NA	unphased	2.32870813397129	1.16435406698565	2
11	118403143	118403144	62	18	5	3	2	1	NA	NA	NA	unphased	1.85921052631579	0.929605263157895	2
11	118404230	118404231	49	17	5	3	2	1	NA	NA	NA	unphased	2.12838915470494	1.06419457735247	2
11	119216492	119216493	112	45	5	3	2	1	NA	NA	NA	unphased	2.36842105263158	1.18421052631579	2
11	119243504	119243505	74	20	5	3	2	1	NA	NA	NA	unphased	1.75811870100784	0.879059350503919	2
11	120776040	120776041	216	52	5	3	2	1	NA	NA	NA	unphased	1.60329929300864	0.80164964650432	2
11	120996149	120996150	300	157	5	3	2	1	NA	NA	NA	unphased	2.83876540366233	0.946255134554109	3
11	121495913	121495914	80	37	5	3	2	1	NA	NA	NA	unphased	2.61313540260909	0.871045134203029	3
11	123676681	123676682	25	7	5	3	2	1	NA	NA	NA	unphased	1.80756578947368	1.80756578947368	1
11	123810600	123810601	58	22	5	3	2	1	NA	NA	NA	unphased	2.27236842105263	1.13618421052632	2
11	123847571	123847572	115	29	5	3	2	1	NA	NA	NA	unphased	1.6641081871345	0.832054093567251	2
11	123886682	123886683	187	85	5	3	2	1	NA	NA	NA	unphased	2.58223684210526	0.860745614035088	3
11	124252819	124252820	7	6	5	3	2	1	NA	NA	NA	unphased	3.81376518218624	1.27125506072874	3
11	124790033	124790034	9	4	5	3	2	1	NA	NA	NA	unphased	2.54251012145749	2.54251012145749	1
11	124794913	124794914	59	22	5	3	2	1	NA	NA	NA	unphased	2.24431448992852	1.12215724496426	2
11	124805858	124805859	48	13	5	3	2	1	NA	NA	NA	unphased	1.76100086281277	0.880500431406385	2
11	125617302	125617303	132	60	5	3	2	1	NA	NA	NA	unphased	2.58223684210526	0.860745614035088	3
11	125889657	125889658	38	10	5	3	2	1	NA	NA	NA	unphased	1.72149122807018	1.72149122807018	1
11	128638149	128638150	57	19	5	3	2	1	NA	NA	NA	unphased	2.06578947368421	1.03289473684211	2
11	128680540	128680541	12	15	5	3	2	1	NA	NA	NA	unphased	4.5906432748538	1.53021442495127	3
11	128709646	128709647	86	30	5	3	2	1	NA	NA	NA	unphased	2.13702359346642	1.06851179673321	2
11	130778029	130778030	5	6	5	3	2	1	NA	NA	NA	unphased	4.50717703349282	1.50239234449761	3
11	132082034	132082035	61	42	5	3	2	1	NA	NA	NA	unphased	3.36944302503832	1.12314767501277	3
11	133801024	133801025	62	24	5	3	2	1	NA	NA	NA	unphased	2.30599755201958	1.15299877600979	2
11	134062780	134062781	44	47	5	3	2	1	NA	NA	NA	unphased	4.26778484673221	1.42259494891074	3
12	176579	176580	61	13	NA	NA	NA	NA	NA	NA	NA	unphased	NA	NA	1
12	2794958	2794959	52	10	2.58	2	2	0.29	1	1	0.71	unphased	0.942444821731749	0.942444821731749	1
12	3128292	3128293	78	49	2.58	2	2	0.29	1	1	0.71	unphased	2.25444674678823	1.74763313704514	1.29
12	5020958	5020959	57	27	2.76	2	2	0.38	1	1	0.62	unphased	1.93601503759399	1.40290944753187	1.38
12	6076762	6076763	135	43	2.76	2	2	0.38	1	1	0.62	unphased	1.45503252513306	1.05437139502395	1.38
12	6422939	6422940	55	31	2.76	2	2	0.38	1	1	0.62	unphased	2.17113831089351	1.57328863108226	1.38
12	6457081	6457082	13	5	2.76	2	2	0.38	1	1	0.62	unphased	1.67309941520468	1.67309941520468	1
12	6804655	6804656	32	10	2.76	2	2	0.38	1	1	0.62	unphased	1.43408521303258	1.43408521303258	1
12	7276770	7276771	37	17	2.76	2	2	0.38	1	1	0.62	unphased	1.89617933723197	1.37404299799418	1.38
12	7640496	7640497	55	22	2.76	2	2	0.38	1	1	0.62	unphased	1.7209022556391	1.24703062002833	1.38
12	7970544	7970545	32	20	2.76	2	2	0.38	1	1	0.62	unphased	2.3165991902834	1.67869506542275	1.38
12	8075517	8075518	48	13	2.76	2	2	0.38	1	1	0.62	unphased	1.28362381363244	1.28362381363244	1
12	8671666	8671667	41	12	2.6	2	2	0.3	1	1	0.7	unphased	1.32750744786495	1.32750744786495	1
12	8813463	8813464	56	24	2.6	2	2	0.3	1	1	0.7	unphased	1.75894736842105	1.35303643724696	1.3
12	10275854	10275855	29	10	2.9	2	2	0.45	1	1	0.55	unphased	1.58029689608637	1.58029689608637	1
12	11138721	11138722	49	38	2.9	2	2	0.45	1	1	0.55	unphased	2.69195402298851	1.85652001585414	1.45
12	11420521	11420522	335	48	2.8	2	2	0.4	1	1	0.6	unphased	0.759873574275113	0.759873574275113	1
12	11420584	11420585	309	54	2.8	2	2	0.4	1	1	0.6	unphased	0.90195737277077	0.90195737277077	1
12	11461670	11461671	542	134	2.8	2	2	0.4	1	1	0.6	unphased	1.20186857676736	0.85847755483383	1.4
12	11546523	11546524	330	134	2.8	2	2	0.4	1	1	0.6	unphased	1.75099818511797	1.25071298936998	1.4
12	11546637	11546638	482	151	2.8	2	2	0.4	1	1	0.6	unphased	1.44634572212522	1.0331040872323	1.4
12	11546758	11546759	385	119	2.8	2	2	0.4	1	1	0.6	unphased	1.43157894736842	1.02255639097744	1.4
12	11548470	11548471	55	23	2.8	2	2	0.4	1	1	0.6	unphased	1.78785425101215	1.27703875072296	1.4
12	12022409	12022410	177	66	2.8	2	2	0.4	1	1	0.6	unphased	1.64678362573099	1.17627401837928	1.4
12	13716828	13716829	80	26	2.8	2	2	0.4	1	1	0.6	unphased	1.48718967229394	1.06227833735282	1.4
12	13716875	13716876	42	33	2.8	2	2	0.4	1	1	0.6	unphased	2.66778947368421	1.90556390977444	1.4
12	14993597	14993598	36	13	2.8	2	2	0.4	1	1	0.6	unphased	1.60859291084855	1.14899493632039	1.4
12	21011427	21011428	35	22	2.8	2	2	0.4	1	1	0.6	unphased	2.34016620498615	1.67154728927582	1.4
12	21028247	21028248	101	27	2.8	2	2	0.4	1	1	0.6	unphased	1.27894736842105	1.27894736842105	1
12	21450416	21450417	48	18	2.8	2	2	0.4	1	1	0.6	unphased	1.65358851674641	1.18113465481887	1.4
12	21457480	21457481	57	16	2.8	2	2	0.4	1	1	0.6	unphased	1.32891131939438	1.32891131939438	1
12	25311448	25311449	38	8	2.8	2	2	0.4	1	1	0.6	unphased	1.05446224256293	1.05446224256293	1
12	27800809	27800810	16	8	2.8	2	2	0.4	1	1	0.6	unphased	2.02105263157895	1.44360902255639	1.4
12	31944811	31944812	85	33	2.72	2	2	0.36	1	1	0.64	unphased	1.67325602140946	1.23033530985989	1.36
12	39711974	39711975	41	21	1.34	2	1	0.17	1	0	0.83	unphased	1.55913412563667	1.33259326977493	1.17
12	39756950	39756951	93	43	1.34	2	1	0.17	1	0	0.83	unphased	1.45541021671827	1.24394035616946	1.17
12	40671779	40671780	30	6	1.34	2	1	0.17	1	0	0.83	unphased	0.76719298245614	0.76719298245614	1
12	42853931	42853932	74	25	1.34	2	1	0.17	1	0	0.83	unphased	1.16241360978203	1.16241360978203	1
12	46240677	46240678	71	30	1.34	2	1	0.17	1	0	0.83	unphased	1.36727462219906	1.16861078820433	1.17
12	46754953	46754954	39	8	1.34	2	1	0.17	1	0	0.83	unphased	0.783516237402016	0.783516237402016	1
12	46754954	46754955	37	8	1.34	2	1	0.17	1	0	0.83	unphased	0.81833918128655	0.81833918128655	1
12	48597066	48597067	24	11	1.34	2	1	0.17	1	0	0.83	unphased	1.44670676691729	1.44670676691729	1
12	49177228	49177229	59	8	1.34	2	1	0.17	1	0	0.83	unphased	0.549630793401414	0.549630793401414	1
12	49432457	49432458	24	13	1.34	2	1	0.17	1	0	0.83	unphased	1.61732574679943	1.38232969811917	1.17
12	49439871	49439872	5	5	1.34	2	1	0.17	1	0	0.83	unphased	2.30157894736842	1.96716149347728	1.17
12	49445142	49445143	44	13	1.34	2	1	0.17	1	0	0.83	unphased	1.04984302862419	1.04984302862419	1
12	49745299	49745300	27	5	1.34	2	1	0.17	1	0	0.83	unphased	0.719243421052632	0.719243421052632	1
12	49952368	49952369	18	5	1.34	2	1	0.17	1	0	0.83	unphased	1.00068649885584	1.00068649885584	1
12	49958557	49958558	84	14	1.34	2	1	0.17	1	0	0.83	unphased	0.657593984962406	0.657593984962406	1
12	50062317	50062318	76	21	1.34	2	1	0.17	1	0	0.83	unphased	0.996559956592512	0.996559956592512	1
12	50499404	50499405	30	13	1.34	2	1	0.17	1	0	0.83	unphased	1.39165238678091	1.39165238678091	1
12	50642526	50642527	73	23	1.34	2	1	0.17	1	0	0.83	unphased	1.1028399122807	1.1028399122807	1
12	52282004	52282005	107	16	1.34	2	1	0.17	1	0	0.83	unphased	0.598784766795036	0.598784766795036	1
12	52450318	52450319	111	25	1.34	2	1	0.17	1	0	0.83	unphased	0.846168730650155	0.846168730650155	1
12	52450319	52450320	108	25	1.34	2	1	0.17	1	0	0.83	unphased	0.865255243371587	0.865255243371587	1
12	52867472	52867473	27	12	1.34	2	1	0.17	1	0	0.83	unphased	1.41635627530364	1.41635627530364	1
12	52942006	52942007	72	16	1.34	2	1	0.17	1	0	0.83	unphased	0.836937799043062	0.836937799043062	1
12	53010005	53010006	95	33	1.34	2	1	0.17	1	0	0.83	unphased	1.18675164473684	1.18675164473684	1
12	53189598	53189599	145	19	1.34	2	1	0.17	1	0	0.83	unphased	0.533292682926829	0.533292682926829	1
12	54769661	54769662	74	4	1.34	2	1	0.17	1	0	0.83	unphased	0.236059379217274	1.38858458363102	0.17
12	54912455	54912456	61	15	1.34	2	1	0.17	1	0	0.83	unphased	0.908518005540166	0.908518005540166	1
12	54914907	54914908	65	30	1.34	2	1	0.17	1	0	0.83	unphased	1.45362880886427	1.24241778535407	1.17
12	55356729	55356730	28	12	1.34	2	1	0.17	1	0	0.83	unphased	1.38094736842105	1.38094736842105	1
12	55688691	55688692	23	25	1.34	2	1	0.17	1	0	0.83	unphased	2.39747807017544	2.0491265557055	1.17
12	55714536	55714537	39	19	1.34	2	1	0.17	1	0	0.83	unphased	1.50793103448276	1.28882994400236	1.17
12	55794900	55794901	132	77	1.34	2	1	0.17	1	0	0.83	unphased	1.69590027700831	1.44948741624642	1.17
12	56075921	56075922	38	9	1.34	2	1	0.17	1	0	0.83	unphased	0.881455767077268	0.881455767077268	1
12	56623031	56623032	25	9	1.34	2	1	0.17	1	0	0.83	unphased	1.21848297213622	1.21848297213622	1
12	56749539	56749540	77	31	1.34	2	1	0.17	1	0	0.83	unphased	1.32127680311891	1.32127680311891	1
12	56956304	56956305	59	29	1.34	2	1	0.17	1	0	0.83	unphased	1.51694976076555	1.29653825706457	1.17
12	56992969	56992970	24	3	1.34	2	1	0.17	1	0	0.83	unphased	0.511461988304094	0.511461988304094	1
12	57107395	57107396	122	59	1.34	2	1	0.17	1	0	0.83	unphased	1.50047688281477	1.28245887420066	1.17
12	57144859	57144860	12	5	1.34	2	1	0.17	1	0	0.83	unphased	1.35386996904025	1.35386996904025	1
12	57618986	57618987	54	7	1.34	2	1	0.17	1	0	0.83	unphased	0.528231233822261	0.528231233822261	1
12	57619176	57619177	71	11	1.34	2	1	0.17	1	0	0.83	unphased	0.617496790757381	0.617496790757381	1
12	57849579	57849580	14	7	1.34	2	1	0.17	1	0	0.83	unphased	1.53438596491228	1.53438596491228	1
12	58087909	58087910	94	51	1.34	2	1	0.17	1	0	0.83	unphased	1.61904174228675	1.38379636092885	1.17
12	59276706	59276707	69	27	1.34	2	1	0.17	1	0	0.83	unphased	1.29463815789474	1.29463815789474	1
12	64588415	64588416	22	10	1.34	2	1	0.17	1	0	0.83	unphased	1.43848684210526	1.43848684210526	1
12	65141671	65141672	82	11	1.34	2	1	0.17	1	0	0.83	unphased	0.544459535936616	0.544459535936616	1
12	67705473	67705474	38	16	1.34	2	1	0.17	1	0	0.83	unphased	1.36389863547758	1.36389863547758	1
12	69084479	69084480	74	9	1.34	2	1	0.17	1	0	0.83	unphased	0.499137603043754	0.499137603043754	1
12	72366311	72366312	193	51	1.34	2	1	0.17	1	0	0.83	unphased	0.962135461604832	0.962135461604832	1
12	73014922	73014923	57	13	1.34	2	1	0.17	1	0	0.83	unphased	0.854872180451128	0.854872180451128	1
12	75436149	75436150	38	11	3	2	1	1	NA	NA	NA	unphased	1.40601503759399	1.40601503759399	1
12	75444461	75444462	44	11	3	2	1	1	NA	NA	NA	unphased	1.25263157894737	1.25263157894737	1
12	75874623	75874624	11	12	3	2	1	1	NA	NA	NA	unphased	3.26773455377574	1.63386727688787	2
12	76447044	76447045	73	13	3	2	1	1	NA	NA	NA	unphased	0.946756425948592	0.946756425948592	1
12	77449748	77449749	124	18	3	2	1	1	NA	NA	NA	unphased	0.793921423276501	0.793921423276501	1
12	78400545	78400546	105	20	3	2	1	1	NA	NA	NA	unphased	1.00210526315789	1.00210526315789	1
12	81657120	81657121	31	17	3	2	1	1	NA	NA	NA	unphased	2.21820175438596	1.10910087719298	2
12	88912583	88912584	27	12	3	2	1	1	NA	NA	NA	unphased	1.92712550607287	0.963562753036437	2
12	91347720	91347721	277	129	3	2	1	1	NA	NA	NA	unphased	1.99001814882033	0.995009074410163	2
12	91347830	91347831	144	56	3	2	1	1	NA	NA	NA	unphased	1.75368421052632	0.876842105263158	2
12	96387908	96387909	228	37	3	2	1	1	NA	NA	NA	unphased	0.874478649453823	0.874478649453823	1
12	97157986	97157987	27	13	3	2	1	1	NA	NA	NA	unphased	2.03552631578947	1.01776315789474	2
12	100811861	100811862	86	24	3	2	1	1	NA	NA	NA	unphased	1.36650717703349	1.36650717703349	1
12	101012315	101012316	50	6	3	2	1	1	NA	NA	NA	unphased	0.671052631578947	0.671052631578947	1
12	101012316	101012317	48	6	3	2	1	1	NA	NA	NA	unphased	0.695906432748538	0.695906432748538	1
12	101017911	101017912	89	48	3	2	1	1	NA	NA	NA	unphased	2.19439108720707	1.09719554360353	2
12	102056300	102056301	67	11	3	2	1	1	NA	NA	NA	unphased	0.883265856950067	0.883265856950067	1
12	104077003	104077004	48	19	3	2	1	1	NA	NA	NA	unphased	1.77611940298507	0.888059701492537	2
12	104187019	104187020	163	84	3	2	1	1	NA	NA	NA	unphased	2.1299808225016	1.0649904112508	2
12	104461788	104461789	159	32	3	2	1	1	NA	NA	NA	unphased	1.04932488288785	1.04932488288785	1
12	105151204	105151205	60	8	3	2	1	1	NA	NA	NA	unphased	0.736842105263158	0.736842105263158	1
12	105546169	105546170	60	6	3	2	1	1	NA	NA	NA	unphased	0.569377990430622	0.569377990430622	1
12	108589644	108589645	61	33	3	2	1	1	NA	NA	NA	unphased	2.19876819708847	1.09938409854423	2
12	108686185	108686186	63	10	3	2	1	1	NA	NA	NA	unphased	0.857966834895458	0.857966834895458	1
12	109644634	109644635	74	17	3	2	1	1	NA	NA	NA	unphased	1.17004048582996	1.17004048582996	1
12	109671846	109671847	13	3	3	2	1	1	NA	NA	NA	unphased	1.17434210526316	1.17434210526316	1
12	109679008	109679009	223	22	3	2	1	1	NA	NA	NA	unphased	0.562406015037594	0.562406015037594	1
12	110231370	110231371	52	22	3	2	1	1	NA	NA	NA	unphased	1.86201991465149	0.931009957325747	2
12	110290445	110290446	248	112	3	2	1	1	NA	NA	NA	unphased	1.94853801169591	0.974269005847953	2
12	110874429	110874430	100	17	3	2	1	1	NA	NA	NA	unphased	0.910031488978857	0.910031488978857	1
12	110878165	110878166	26	14	3	2	1	1	NA	NA	NA	unphased	2.19210526315789	1.09605263157895	2
12	110939903	110939904	16	12	3	2	1	1	NA	NA	NA	unphased	2.68421052631579	1.34210526315789	2
12	111321952	111321953	61	33	3	2	1	1	NA	NA	NA	unphased	2.19876819708847	1.09938409854423	2
12	113388594	113388595	106	38	3	2	1	1	NA	NA	NA	unphased	1.65277777777778	0.826388888888889	2
12	113532878	113532879	33	8	3	2	1	1	NA	NA	NA	unphased	1.22207958921694	1.22207958921694	1
12	114261019	114261020	26	3	3	2	1	1	NA	NA	NA	unphased	0.647912885662432	0.647912885662432	1
12	117187936	117187937	11	5	3	2	1	1	NA	NA	NA	unphased	1.95723684210526	1.95723684210526	1
12	119563245	119563246	49	5	3	2	1	1	NA	NA	NA	unphased	0.579922027290448	0.579922027290448	1
12	119968708	119968709	63	13	3	2	1	1	NA	NA	NA	unphased	1.0713296398892	1.0713296398892	1
12	120599779	120599780	55	27	3	2	1	1	NA	NA	NA	unphased	2.06225930680359	1.0311296534018	2
12	120599833	120599834	30	10	3	2	1	1	NA	NA	NA	unphased	1.56578947368421	1.56578947368421	1
12	120600895	120600896	45	20	3	2	1	1	NA	NA	NA	unphased	1.92712550607287	0.963562753036437	2
12	121458616	121458617	58	12	3	2	1	1	NA	NA	NA	unphased	1.07368421052632	1.07368421052632	1
12	121947535	121947536	57	27	3	2	1	1	NA	NA	NA	unphased	2.01315789473684	1.00657894736842	2
12	122751010	122751011	13	4	3	2	1	1	NA	NA	NA	unphased	1.47368421052632	1.47368421052632	1
12	123186720	123186721	197	60	3	2	1	1	NA	NA	NA	unphased	1.46221585091132	0.731107925455662	2
12	123186721	123186722	196	60	3	2	1	1	NA	NA	NA	unphased	1.46792763157895	0.733963815789474	2
12	123787444	123787445	50	30	3	2	1	1	NA	NA	NA	unphased	2.34868421052632	1.17434210526316	2
12	124114955	124114956	40	7	3	2	1	1	NA	NA	NA	unphased	0.932810750279955	0.932810750279955	1
12	124114956	124114957	38	7	3	2	1	1	NA	NA	NA	unphased	0.974269005847953	0.974269005847953	1
12	124330645	124330646	58	18	3	2	1	1	NA	NA	NA	unphased	1.48337950138504	0.741689750692521	2
12	124383240	124383241	3	10	3	2	1	1	NA	NA	NA	unphased	4.81781376518219	2.40890688259109	2
12	125834148	125834149	86	38	3	2	1	1	NA	NA	NA	unphased	1.91935483870968	0.959677419354839	2
12	129566560	129566561	59	26	3	2	1	1	NA	NA	NA	unphased	1.91578947368421	0.957894736842105	2
12	129569043	129569044	28	3	3	2	1	1	NA	NA	NA	unphased	0.606112054329372	0.606112054329372	1
12	130184491	130184492	34	21	3	2	1	1	NA	NA	NA	unphased	2.39138755980861	1.19569377990431	2
12	130185223	130185224	50	6	3	2	1	1	NA	NA	NA	unphased	0.671052631578947	0.671052631578947	1
12	130832682	130832683	27	6	3	2	1	1	NA	NA	NA	unphased	1.13875598086124	1.13875598086124	1
12	130921668	130921669	4	5	3	2	1	1	NA	NA	NA	unphased	3.47953216374269	1.73976608187134	2
12	130921669	130921670	4	5	3	2	1	1	NA	NA	NA	unphased	3.47953216374269	1.73976608187134	2
12	131471868	131471869	41	23	3	2	1	1	NA	NA	NA	unphased	2.25082236842105	1.12541118421053	2
12	132504678	132504679	54	21	3	2	1	1	NA	NA	NA	unphased	1.75368421052632	0.876842105263158	2
13	21620098	21620099	87	30	2.94	2	2	0.47	1	1	0.53	unphased	1.59055330634278	1.08200905193386	1.47
13	24823688	24823689	17	9	2.94	2	2	0.47	1	1	0.53	unphased	2.14724696356275	1.46071222011072	1.47
13	25049607	25049608	89	37	2.94	2	2	0.47	1	1	0.53	unphased	1.82156223893066	1.23915798566712	1.47
13	25404638	25404639	68	31	2.94	2	2	0.47	1	1	0.53	unphased	1.94240297713982	1.32136256948287	1.47
13	25671308	25671309	158	77	2.94	2	2	0.47	1	1	0.53	unphased	2.03252407614782	1.38266943955634	1.47
13	28877222	28877223	9	3	2.94	2	2	0.47	1	1	0.53	unphased	1.55078947368421	1.55078947368421	1
13	29005318	29005319	90	31	2.94	2	2	0.47	1	1	0.53	unphased	1.58923879947803	1.08111482957689	1.47
13	31711431	31711432	51	19	2.94	2	2	0.47	1	1	0.53	unphased	1.68371428571429	1.14538386783285	1.47
13	32978503	32978504	40	9	2.94	2	2	0.47	1	1	0.53	unphased	1.13935553168636	1.13935553168636	1
13	32978504	32978505	40	10	2.94	2	2	0.47	1	1	0.53	unphased	1.24063157894737	1.24063157894737	1
13	33703973	33703974	74	25	2.94	2	2	0.47	1	1	0.53	unphased	1.56645401382243	1.06561497538941	1.47
13	37453445	37453446	51	28	2.94	2	2	0.47	1	1	0.53	unphased	2.19858760826116	1.49563782874909	1.47
13	38266404	38266405	24	27	3.65	3	2	0.55	1	1	0.45	unphased	3.65990712074303	1.43525769440903	2.55
13	40268836	40268837	64	21	3.68	3	2	0.56	1	1	0.44	unphased	1.71536842105263	1.0995951417004	1.56
13	41134410	41134411	133	46	3.68	3	2	0.56	1	1	0.44	unphased	1.7842752131726	1.14376616229013	1.56
13	42748248	42748249	78	30	3.68	3	2	0.56	1	1	0.44	unphased	1.92865497076023	0.909742910735959	2.12
13	42830491	42830492	99	34	3.68	3	2	0.56	1	1	0.44	unphased	1.77494261970716	1.13778373058151	1.56
13	46357537	46357538	134	42	3.68	3	2	0.56	1	1	0.44	unphased	1.65688995215311	1.06210894368789	1.56
13	49841931	49841932	20	7	3.68	3	2	0.56	1	1	0.44	unphased	1.80007797270955	1.80007797270955	1
13	51935969	51935970	18	10	4	3	3	0.5	1	1	0.5	unphased	2.59398496240601	1.03759398496241	2.5
13	52972137	52972138	50	30	4	3	3	0.5	1	1	0.5	unphased	2.72368421052632	1.08947368421053	2.5
13	58209154	58209155	29	11	4	3	3	0.5	1	1	0.5	unphased	1.99736842105263	0.998684210526316	2
13	70281832	70281833	60	27	2.9	2	2	0.45	1	1	0.55	unphased	1.91270417422868	1.31910632705426	1.45
13	70293680	70293681	35	13	2.9	2	2	0.45	1	1	0.55	unphased	1.66918859649123	1.1511645493043	1.45
13	73350186	73350187	29	16	2.9	2	2	0.45	1	1	0.55	unphased	2.19134502923977	1.51127243395846	1.45
13	73649948	73649949	96	35	2.9	2	2	0.45	1	1	0.55	unphased	1.64664523905183	1.13561740624264	1.45
13	75936377	75936378	38	15	2.9	2	2	0.45	1	1	0.55	unphased	1.74428997020854	1.20295860014382	1.45
13	84454601	84454602	81	25	2.9	2	2	0.45	1	1	0.55	unphased	1.45357497517378	1.00246550011985	1.45
13	88328421	88328422	124	40	2.9	2	2	0.45	1	1	0.55	unphased	1.50320924261874	1.03669602939224	1.45
13	92345574	92345575	97	49	2.9	2	2	0.45	1	1	0.55	unphased	2.06845710165826	1.42652213907466	1.45
13	97485128	97485129	68	30	2.9	2	2	0.45	1	1	0.55	unphased	1.88668098818475	1.30115930219638	1.45
13	101747986	101747987	64	20	2.9	2	2	0.45	1	1	0.55	unphased	1.46741854636591	1.01201279059718	1.45
13	101833599	101833600	51	25	2.9	2	2	0.45	1	1	0.55	unphased	2.02735457063712	1.39817556595663	1.45
13	103510686	103510687	88	25	2.9	2	2	0.45	1	1	0.55	unphased	1.36353050768514	1.36353050768514	1
13	103515166	103515167	41	23	2.9	2	2	0.45	1	1	0.55	unphased	2.21488486842105	1.52750680580762	1.45
13	103515174	103515175	42	21	2.9	2	2	0.45	1	1	0.55	unphased	2.05438596491228	1.41681790683606	1.45
13	108861924	108861925	36	17	2.9	2	2	0.45	1	1	0.55	unphased	1.97686196623635	1.363353080163	1.45
13	108863391	108863392	74	35	2.9	2	2	0.45	1	1	0.55	unphased	1.9789956542733	1.364824589154	1.45
13	109438084	109438085	36	23	2.9	2	2	0.45	1	1	0.55	unphased	2.40258697591436	1.65695653511335	1.45
13	109793573	109793574	28	16	2.9	2	2	0.45	1	1	0.55	unphased	2.24114832535885	1.54561953473024	1.45
13	110807682	110807683	55	13	2.9	2	2	0.45	1	1	0.55	unphased	1.17825077399381	1.17825077399381	1
13	110822988	110822989	20	6	2.9	2	2	0.45	1	1	0.55	unphased	1.42226720647773	1.42226720647773	1
13	112721938	112721939	14	8	2.9	2	2	0.45	1	1	0.55	unphased	2.24114832535885	1.54561953473024	1.45
13	113333925	113333926	69	23	2.9	2	2	0.45	1	1	0.55	unphased	1.54078947368421	1.06261343012704	1.45
13	113459344	113459345	30	18	2.9	2	2	0.45	1	1	0.55	unphased	2.31118421052632	1.59392014519056	1.45
13	113532545	113532546	80	22	2.9	2	2	0.45	1	1	0.55	unphased	1.32930856553148	1.32930856553148	1
13	114773040	114773041	44	18	2.9	2	2	0.45	1	1	0.55	unphased	1.7893039049236	1.23400269305076	1.45
14	19553566	19553567	850	68	NA	NA	NA	NA	NA	NA	NA	unphased	NA	NA	1
14	19573099	19573100	111	7	NA	NA	NA	NA	NA	NA	NA	unphased	NA	NA	1
14	20248843	20248844	136	43	2	2	0	1	NA	NA	NA	unphased	1.26433401940606	1.26433401940606	1
14	20249264	20249265	73	32	2	2	0	1	NA	NA	NA	unphased	1.60401002506266	0.802005012531328	2
14	20443811	20443812	86	45	3	2	1	1	NA	NA	NA	unphased	2.15146645239052	1.07573322619526	2
14	20528261	20528262	107	16	3	2	1	1	NA	NA	NA	unphased	0.81471972614463	0.81471972614463	1
14	20612688	20612689	197	83	3	2	1	1	NA	NA	NA	unphased	1.85657894736842	0.92828947368421	2
14	20691984	20691985	94	49	3	2	1	1	NA	NA	NA	unphased	2.14611704085388	1.07305852042694	2
14	21250269	21250270	85	43	3	2	1	1	NA	NA	NA	unphased	2.10402960526316	1.05201480263158	2
14	21469511	21469512	72	20	3	2	1	1	NA	NA	NA	unphased	1.36155606407323	1.36155606407323	1
14	21957547	21957548	51	20	3	2	1	1	NA	NA	NA	unphased	1.76426982950334	0.882134914751668	2
14	22294004	22294005	42	8	3	2	1	1	NA	NA	NA	unphased	1.00210526315789	1.00210526315789	1
14	22392572	22392573	33	11	3	2	1	1	NA	NA	NA	unphased	1.56578947368421	1.56578947368421	1
14	22434018	22434019	39	5	3	2	1	1	NA	NA	NA	unphased	0.711722488038278	0.711722488038278	1
14	22636680	22636681	25	12	3	2	1	1	NA	NA	NA	unphased	2.03129445234708	1.01564722617354	2
14	22671222	22671223	27	6	3	2	1	1	NA	NA	NA	unphased	1.13875598086124	1.13875598086124	1
14	22919111	22919112	47	14	3	2	1	1	NA	NA	NA	unphased	1.4374460742019	1.4374460742019	1
14	23314991	23314992	54	26	3	2	1	1	NA	NA	NA	unphased	2.03552631578947	1.01776315789474	2
14	23314992	23314993	54	24	3	2	1	1	NA	NA	NA	unphased	1.92712550607287	0.963562753036437	2
14	23511905	23511906	61	7	3	2	1	1	NA	NA	NA	unphased	0.644736842105263	0.644736842105263	1
14	23847598	23847599	63	16	3	2	1	1	NA	NA	NA	unphased	1.26848767488341	1.26848767488341	1
14	23862882	23862883	43	32	3	2	1	1	NA	NA	NA	unphased	2.67228070175439	1.33614035087719	2
14	23865966	23865967	37	24	3	2	1	1	NA	NA	NA	unphased	2.4641932700604	1.2320966350302	2
14	24590570	24590571	91	35	3	2	1	1	NA	NA	NA	unphased	1.73976608187134	0.869883040935672	2
14	24626824	24626825	191	37	3	2	1	1	NA	NA	NA	unphased	1.01638965835642	1.01638965835642	1
14	26949267	26949268	90	16	3	2	1	1	NA	NA	NA	unphased	0.945382323733863	0.945382323733863	1
14	28734262	28734263	21	7	3	2	1	1	NA	NA	NA	unphased	1.56578947368421	1.56578947368421	1
14	32902725	32902726	39	9	3	2	1	1	NA	NA	NA	unphased	1.17434210526316	1.17434210526316	1
14	33016080	33016081	43	19	3	2	1	1	NA	NA	NA	unphased	1.91935483870968	0.959677419354839	2
14	34247734	34247735	54	30	3	2	1	1	NA	NA	NA	unphased	2.23684210526316	1.11842105263158	2
14	35032289	35032290	23	13	3	2	1	1	NA	NA	NA	unphased	2.26169590643275	1.13084795321637	2
14	39583632	39583633	30	9	3	2	1	1	NA	NA	NA	unphased	1.44534412955466	1.44534412955466	1
14	39583633	39583634	32	9	3	2	1	1	NA	NA	NA	unphased	1.37483953786906	1.37483953786906	1
14	47120506	47120507	58	19	3	2	1	1	NA	NA	NA	unphased	1.54545454545455	0.772727272727273	2
14	50266199	50266200	68	19	3	2	1	1	NA	NA	NA	unphased	1.36781609195402	1.36781609195402	1
14	50266200	50266201	69	20	3	2	1	1	NA	NA	NA	unphased	1.40745121230041	1.40745121230041	1
14	51446169	51446170	128	22	3	2	1	1	NA	NA	NA	unphased	0.91859649122807	0.91859649122807	1
14	52472158	52472159	38	11	3	2	1	1	NA	NA	NA	unphased	1.40601503759399	1.40601503759399	1
14	52741548	52741549	33	15	3	2	1	1	NA	NA	NA	unphased	1.95723684210526	0.978618421052632	2
14	55310741	55310742	71	32	3	2	1	1	NA	NA	NA	unphased	1.94583546244251	0.972917731221257	2
14	55468877	55468878	57	10	3	2	1	1	NA	NA	NA	unphased	0.934799685781618	0.934799685781618	1
14	58909465	58909466	6	6	3	2	1	1	NA	NA	NA	unphased	3.13157894736842	1.56578947368421	2
14	58955430	58955431	22	15	3	2	1	1	NA	NA	NA	unphased	2.53911806543385	1.26955903271693	2
14	59798053	59798054	35	13	3	2	1	1	NA	NA	NA	unphased	1.69627192982456	0.848135964912281	2
14	64727253	64727254	88	30	3	2	1	1	NA	NA	NA	unphased	1.59232827832293	0.796164139161463	2
14	64727454	64727455	56	10	3	2	1	1	NA	NA	NA	unphased	0.94896331738437	0.94896331738437	1
14	64954146	64954147	97	47	3	2	1	1	NA	NA	NA	unphased	2.04422514619883	1.02211257309942	2
14	64954656	64954657	69	13	3	2	1	1	NA	NA	NA	unphased	0.992939666238768	0.992939666238768	1
14	65031493	65031494	93	43	3	2	1	1	NA	NA	NA	unphased	1.98026315789474	0.990131578947368	2
14	67862210	67862211	106	35	3	2	1	1	NA	NA	NA	unphased	1.55468458379993	0.777342291899963	2
14	68047684	68047685	75	21	3	2	1	1	NA	NA	NA	unphased	1.37006578947368	1.37006578947368	1
14	69521519	69521520	78	21	3	2	1	1	NA	NA	NA	unphased	1.32854864433812	1.32854864433812	1
14	70490019	70490020	48	33	3	2	1	1	NA	NA	NA	unphased	2.55165692007797	1.27582846003899	2
14	70496959	70496960	21	19	3	2	1	1	NA	NA	NA	unphased	2.975	1.4875	2
14	71199450	71199451	81	36	3	2	1	1	NA	NA	NA	unphased	1.92712550607287	0.963562753036437	2
14	74539254	74539255	59	22	3	2	1	1	NA	NA	NA	unphased	1.70110461338531	0.850552306692657	2
14	74874557	74874558	23	17	3	2	1	1	NA	NA	NA	unphased	2.66184210526316	1.33092105263158	2
14	75283726	75283727	14	3	3	2	1	1	NA	NA	NA	unphased	1.10526315789474	1.10526315789474	1
14	75746683	75746684	53	11	3	2	1	1	NA	NA	NA	unphased	1.07648026315789	1.07648026315789	1
14	75746720	75746721	55	12	3	2	1	1	NA	NA	NA	unphased	1.12175962293794	1.12175962293794	1
14	76431978	76431979	152	26	3	2	1	1	NA	NA	NA	unphased	0.914843287995269	0.914843287995269	1
14	77327048	77327049	48	4	3	2	1	1	NA	NA	NA	unphased	0.481781376518219	0.481781376518219	1
14	77491810	77491811	93	27	3	2	1	1	NA	NA	NA	unphased	1.40921052631579	0.704605263157895	2
14	80130248	80130249	60	7	3	2	1	1	NA	NA	NA	unphased	0.654359780047133	0.654359780047133	1
14	81993143	81993144	148	76	3	2	1	1	NA	NA	NA	unphased	2.125	1.0625	2
14	90650554	90650555	64	30	3	2	1	1	NA	NA	NA	unphased	1.99888017917133	0.999440089585666	2
14	93118548	93118549	52	14	3	2	1	1	NA	NA	NA	unphased	1.32854864433812	1.32854864433812	1
14	93460235	93460236	60	24	3	2	1	1	NA	NA	NA	unphased	1.78947368421053	0.894736842105263	2
14	94009030	94009031	110	15	3	2	1	1	NA	NA	NA	unphased	0.751578947368421	0.751578947368421	1
14	94964433	94964434	46	30	3	2	1	1	NA	NA	NA	unphased	2.47229916897507	1.23614958448753	2
14	95670165	95670166	29	7	3	2	1	1	NA	NA	NA	unphased	1.21783625730994	1.21783625730994	1
14	96157084	96157085	94	46	3	2	1	1	NA	NA	NA	unphased	2.05789473684211	1.02894736842105	2
14	96178600	96178601	122	26	3	2	1	1	NA	NA	NA	unphased	1.10028449502134	1.10028449502134	1
14	96178601	96178602	121	23	3	2	1	1	NA	NA	NA	unphased	1.00036549707602	1.00036549707602	1
14	99967732	99967733	29	3	3	2	1	1	NA	NA	NA	unphased	0.587171052631579	0.587171052631579	1
14	100341309	100341310	79	12	3	2	1	1	NA	NA	NA	unphased	0.825910931174089	0.825910931174089	1
14	100576044	100576045	19	8	3	2	1	1	NA	NA	NA	unphased	1.85575048732943	0.927875243664717	2
14	101442875	101442876	77	13	3	2	1	1	NA	NA	NA	unphased	0.904678362573099	0.904678362573099	1
14	102606243	102606244	92	19	3	2	1	1	NA	NA	NA	unphased	1.07207207207207	1.07207207207207	1
14	104174865	104174866	38	9	3	2	1	1	NA	NA	NA	unphased	1.1993281075028	1.1993281075028	1
14	104618560	104618561	8	3	3	2	1	1	NA	NA	NA	unphased	1.70813397129187	1.70813397129187	1
14	105174860	105174861	38	11	3	2	1	1	NA	NA	NA	unphased	1.40601503759399	1.40601503759399	1
14	105411706	105411707	189	35	3	2	1	1	NA	NA	NA	unphased	0.978618421052632	0.978618421052632	1
14	105418349	105418350	217	101	3	2	1	1	NA	NA	NA	unphased	1.98924197285667	0.994620986428335	2
14	105834847	105834848	93	27	3	2	1	1	NA	NA	NA	unphased	1.40921052631579	0.704605263157895	2
14	106236858	106236859	122	39	3	2	1	1	NA	NA	NA	unphased	1.51716247139588	0.75858123569794	2
14	106237551	106237552	46	15	3	2	1	1	NA	NA	NA	unphased	1.54012079378775	0.770060396893874	2
14	107035134	107035135	18	4	1.4	2	1	0.2	0	1	0.8	unphased	0.847846889952153	0.847846889952153	1
14	107048752	107048753	197	30	1.4	2	1	0.2	0	1	0.8	unphased	0.616276373753768	0.616276373753768	1
15	20193343	20193344	147	38	2	1	1	1	NA	NA	NA	unphased	1.08108108108108	1.08108108108108	1
15	20496635	20496636	43	7	2	1	1	1	NA	NA	NA	unphased	0.736842105263158	0.736842105263158	1
15	20588543	20588544	32	4	2	1	1	1	NA	NA	NA	unphased	0.584795321637427	0.584795321637427	1
15	23889373	23889374	28	6	4	2	2	1	NA	NA	NA	unphased	1.28173374613003	1.28173374613003	1
15	24921111	24921112	17	8	4	2	2	1	NA	NA	NA	unphased	2.32421052631579	1.16210526315789	2
15	25322282	25322283	71	16	4	2	2	1	NA	NA	NA	unphased	1.33575317604356	1.33575317604356	1
15	25334971	25334972	15	6	4	2	2	1	NA	NA	NA	unphased	2.07518796992481	1.03759398496241	2
15	25430672	25430673	30	20	4	2	2	1	NA	NA	NA	unphased	2.90526315789474	1.45263157894737	2
15	25448277	25448278	32	19	4	2	2	1	NA	NA	NA	unphased	2.70588235294118	1.35294117647059	2
15	25458693	25458694	16	8	4	2	2	1	NA	NA	NA	unphased	2.42105263157895	1.21052631578947	2
15	28377245	28377246	15	7	4	2	2	1	NA	NA	NA	unphased	2.31100478468899	1.1555023923445	2
15	30025404	30025405	65	28	4	2	2	1	NA	NA	NA	unphased	2.18675721561969	1.09337860780985	2
15	31295000	31295001	36	22	4	2	2	1	NA	NA	NA	unphased	2.75499092558984	1.37749546279492	2
15	31318391	31318392	41	17	4	2	2	1	NA	NA	NA	unphased	2.12885662431942	1.06442831215971	2
15	31319278	31319279	67	13	4	2	2	1	NA	NA	NA	unphased	1.18026315789474	1.18026315789474	1
15	31355457	31355458	120	31	4	2	2	1	NA	NA	NA	unphased	1.49111188567445	0.745555942837225	2
15	33905433	33905434	11	8	4	2	2	1	NA	NA	NA	unphased	3.05817174515235	1.52908587257618	2
15	33955865	33955866	9	3	4	2	2	1	NA	NA	NA	unphased	1.81578947368421	1.81578947368421	1
15	34635359	34635360	13	5	4	2	2	1	NA	NA	NA	unphased	2.01754385964912	2.01754385964912	1
15	34635360	34635361	13	5	4	2	2	1	NA	NA	NA	unphased	2.01754385964912	2.01754385964912	1
15	35044940	35044941	35	9	4	2	2	1	NA	NA	NA	unphased	1.48564593301435	1.48564593301435	1
15	35044941	35044942	35	9	4	2	2	1	NA	NA	NA	unphased	1.48564593301435	1.48564593301435	1
15	35530102	35530103	4	4	4	2	2	1	NA	NA	NA	unphased	3.63157894736842	1.81578947368421	2
15	37184582	37184583	194	59	4	2	2	1	NA	NA	NA	unphased	1.69377990430622	0.84688995215311	2
15	38229129	38229130	33	10	4	2	2	1	NA	NA	NA	unphased	1.6891064871481	1.6891064871481	1
15	38243450	38243451	48	10	4	2	2	1	NA	NA	NA	unphased	1.25226860254083	1.25226860254083	1
15	39910030	39910031	49	23	4	2	2	1	NA	NA	NA	unphased	2.32017543859649	1.16008771929825	2
15	40265193	40265194	82	13	4	2	2	1	NA	NA	NA	unphased	0.993905817174515	0.993905817174515	1
15	40512887	40512888	103	56	4	2	2	1	NA	NA	NA	unphased	2.55809334657398	1.27904667328699	2
15	41059541	41059542	86	14	4	2	2	1	NA	NA	NA	unphased	1.01684210526316	1.01684210526316	1
15	41663873	41663874	29	6	4	2	2	1	NA	NA	NA	unphased	1.24511278195489	1.24511278195489	1
15	42182298	42182299	18	5	4	2	2	1	NA	NA	NA	unphased	1.57894736842105	1.57894736842105	1
15	42439430	42439431	54	28	4	2	2	1	NA	NA	NA	unphased	2.4801026957638	1.2400513478819	2
15	42458795	42458796	58	10	4	2	2	1	NA	NA	NA	unphased	1.06811145510836	1.06811145510836	1
15	42853534	42853535	58	30	4	2	2	1	NA	NA	NA	unphased	2.47607655502392	1.23803827751196	2
15	43767829	43767830	68	25	4	2	2	1	NA	NA	NA	unphased	1.95246179966044	0.97623089983022	2
15	43817098	43817099	70	18	4	2	2	1	NA	NA	NA	unphased	1.48564593301435	0.742822966507177	2
15	44086044	44086045	16	5	4	2	2	1	NA	NA	NA	unphased	1.72932330827068	1.72932330827068	1
15	48056167	48056168	49	19	4	2	2	1	NA	NA	NA	unphased	2.02941176470588	1.01470588235294	2
15	48414254	48414255	85	24	4	2	2	1	NA	NA	NA	unphased	1.59922742636408	0.799613713182038	2
15	48426695	48426696	55	20	4	2	2	1	NA	NA	NA	unphased	1.93684210526316	0.968421052631579	2
15	48426696	48426697	55	20	4	2	2	1	NA	NA	NA	unphased	1.93684210526316	0.968421052631579	2
15	48434587	48434588	14	12	4	2	2	1	NA	NA	NA	unphased	3.35222672064777	1.67611336032389	2
15	48704802	48704803	102	45	4	2	2	1	NA	NA	NA	unphased	2.2234156820623	1.11170784103115	2
15	48760227	48760228	45	25	4	2	2	1	NA	NA	NA	unphased	2.59398496240601	1.29699248120301	2
15	49118307	49118308	72	20	4	2	2	1	NA	NA	NA	unphased	1.57894736842105	0.789473684210526	2
15	50906450	50906451	35	7	4	2	2	1	NA	NA	NA	unphased	1.21052631578947	1.21052631578947	1
15	51397307	51397308	83	24	4	2	2	1	NA	NA	NA	unphased	1.62911952779144	0.81455976389572	2
15	52005598	52005599	41	18	4	2	2	1	NA	NA	NA	unphased	2.21587867975022	1.10793933987511	2
15	53081564	53081565	80	27	4	2	2	1	NA	NA	NA	unphased	1.83275946876537	0.916379734382685	2
15	54307146	54307147	38	16	4	2	2	1	NA	NA	NA	unphased	2.15204678362573	1.07602339181287	2
15	55931973	55931974	73	43	4	2	2	1	NA	NA	NA	unphased	2.69237749546279	1.3461887477314	2
15	55974642	55974643	53	34	4	2	2	1	NA	NA	NA	unphased	2.83847549909256	1.41923774954628	2
15	55976107	55976108	31	12	4	2	2	1	NA	NA	NA	unphased	2.02692778457772	1.01346389228886	2
15	57490006	57490007	64	13	4	2	2	1	NA	NA	NA	unphased	1.22624743677375	1.22624743677375	1
15	58860977	58860978	49	11	4	2	2	1	NA	NA	NA	unphased	1.33157894736842	1.33157894736842	1
15	59359016	59359017	76	21	4	2	2	1	NA	NA	NA	unphased	1.57243624525231	0.786218122626153	2
15	59499195	59499196	33	7	4	2	2	1	NA	NA	NA	unphased	1.27105263157895	1.27105263157895	1
15	62211615	62211616	101	43	4	2	2	1	NA	NA	NA	unphased	2.16885964912281	1.0844298245614	2
15	62211616	62211617	102	43	4	2	2	1	NA	NA	NA	unphased	2.15390199637024	1.07695099818512	2
15	64388208	64388209	5	3	4	2	2	1	NA	NA	NA	unphased	2.72368421052632	2.72368421052632	1
15	64418335	64418336	65	33	4	2	2	1	NA	NA	NA	unphased	2.44575725026853	1.22287862513426	2
15	65347113	65347114	7	3	4	2	2	1	NA	NA	NA	unphased	2.17894736842105	2.17894736842105	1
15	65350911	65350912	67	20	4	2	2	1	NA	NA	NA	unphased	1.66969147005445	0.834845735027223	2
15	65490909	65490910	46	16	4	2	2	1	NA	NA	NA	unphased	1.87436332767402	0.937181663837012	2
15	67073714	67073715	44	10	4	2	2	1	NA	NA	NA	unphased	1.34502923976608	1.34502923976608	1
15	68438230	68438231	44	24	4	2	2	1	NA	NA	NA	unphased	2.56346749226006	1.28173374613003	2
15	68695270	68695271	16	7	4	2	2	1	NA	NA	NA	unphased	2.21052631578947	1.10526315789474	2
15	71535033	71535034	179	49	4	2	2	1	NA	NA	NA	unphased	1.56094182825485	0.780470914127424	2
15	72502708	72502709	138	62	4	2	2	1	NA	NA	NA	unphased	2.25157894736842	1.12578947368421	2
15	72968576	72968577	16	5	4	2	2	1	NA	NA	NA	unphased	1.72932330827068	1.72932330827068	1
15	72968598	72968599	13	8	4	2	2	1	NA	NA	NA	unphased	2.76691729323308	1.38345864661654	2
15	74883669	74883670	90	43	4	2	2	1	NA	NA	NA	unphased	2.34823901859913	1.17411950929956	2
15	75014900	75014901	82	30	4	2	2	1	NA	NA	NA	unphased	1.94548872180451	0.972744360902256	2
15	75015339	75015340	45	10	4	2	2	1	NA	NA	NA	unphased	1.32057416267943	1.32057416267943	1
15	75981583	75981584	32	10	4	2	2	1	NA	NA	NA	unphased	1.72932330827068	0.864661654135338	2
15	75981601	75981602	35	15	4	2	2	1	NA	NA	NA	unphased	2.17894736842105	1.08947368421053	2
15	76496172	76496173	104	50	4	2	2	1	NA	NA	NA	unphased	2.35816814764183	1.17908407382092	2
15	76496173	76496174	102	48	4	2	2	1	NA	NA	NA	unphased	2.32421052631579	1.16210526315789	2
15	76496550	76496551	111	55	4	2	2	1	NA	NA	NA	unphased	2.40646797717185	1.20323398858592	2
15	77759584	77759585	44	22	4	2	2	1	NA	NA	NA	unphased	2.42105263157895	1.21052631578947	2
15	79282615	79282616	49	25	4	2	2	1	NA	NA	NA	unphased	2.45376955903272	1.22688477951636	2
15	79341875	79341876	55	18	4	2	2	1	NA	NA	NA	unphased	1.79091564527758	0.895457822638789	2
15	80472542	80472543	54	25	4	2	2	1	NA	NA	NA	unphased	2.29846768820786	1.14923384410393	2
15	82450184	82450185	22	11	4	2	2	1	NA	NA	NA	unphased	2.42105263157895	1.21052631578947	2
15	83224794	83224795	21	6	4	2	2	1	NA	NA	NA	unphased	1.6140350877193	1.6140350877193	1
15	83455937	83455938	120	41	4	2	2	1	NA	NA	NA	unphased	1.84962406015038	0.924812030075188	2
15	83456003	83456004	99	31	4	2	2	1	NA	NA	NA	unphased	1.73198380566802	0.865991902834008	2
15	85406139	85406140	90	30	4	2	2	1	NA	NA	NA	unphased	1.81578947368421	0.907894736842105	2
15	85487808	85487809	35	11	4	2	2	1	NA	NA	NA	unphased	1.73684210526316	0.868421052631579	2
15	85487809	85487810	35	10	4	2	2	1	NA	NA	NA	unphased	1.6140350877193	1.6140350877193	1
15	85660990	85660991	137	62	4	2	2	1	NA	NA	NA	unphased	2.26289341444062	1.13144670722031	2
15	85669548	85669549	81	28	4	2	2	1	NA	NA	NA	unphased	1.86576533075809	0.932882665379044	2
15	86807690	86807691	34	13	4	2	2	1	NA	NA	NA	unphased	2.00895856662934	1.00447928331467	2
15	88678491	88678492	93	44	4	2	2	1	NA	NA	NA	unphased	2.33269304648482	1.16634652324241	2
15	88678572	88678573	43	15	4	2	2	1	NA	NA	NA	unphased	1.87840290381125	0.939201451905626	2
15	90321354	90321355	45	13	4	2	2	1	NA	NA	NA	unphased	1.62794918330309	0.813974591651543	2
15	91312682	91312683	63	33	4	2	2	1	NA	NA	NA	unphased	2.49671052631579	1.24835526315789	2
15	100649231	100649232	50	31	4	2	2	1	NA	NA	NA	unphased	2.77972709551657	1.38986354775828	2
15	101098890	101098891	14	7	4	2	2	1	NA	NA	NA	unphased	2.42105263157895	1.21052631578947	2
15	101169638	101169639	37	12	4	2	2	1	NA	NA	NA	unphased	1.77873254564984	0.889366272824919	2
15	101589872	101589873	62	21	4	2	2	1	NA	NA	NA	unphased	1.83766645529486	0.918833227647432	2
16	772446	772447	17	10	4.88	3	2	0.97	0	1	0.03	unphased	3.01598440545809	1.0154829648007	2.97
16	825463	825464	16	11	4.88	3	2	0.97	0	1	0.03	unphased	3.3175828460039	1.11703126128077	2.97
16	1270511	1270512	57	21	4.88	3	2	0.97	0	1	0.03	unphased	2.19238866396761	1.11288764668407	1.97
16	2334367	2334368	105	20	4.88	3	2	0.97	0	1	0.03	unphased	1.30290526315789	1.30290526315789	1
16	2481165	2481166	66	56	4.88	3	2	0.97	0	1	0.03	unphased	3.73784296807593	1.25853298588415	2.97
16	2569657	2569658	67	25	4.88	3	2	0.97	0	1	0.03	unphased	2.21281464530892	1.12325616513143	1.97
16	2813469	2813470	139	72	4.88	3	2	0.97	0	1	0.03	unphased	2.77870790720878	0.954882442339787	2.91
16	3063705	3063706	154	75	4.88	3	2	0.97	0	1	0.03	unphased	2.66697310962997	0.916485604683838	2.91
16	3306587	3306588	52	40	4.88	3	2	0.97	0	1	0.03	unphased	3.54050343249428	1.19208869780952	2.97
16	3406174	3406175	69	49	4.88	3	2	0.97	0	1	0.03	unphased	3.38148082069581	1.13854573087401	2.97
16	3554778	3554779	65	10	4.88	3	2	0.97	0	1	0.03	unphased	1.08575438596491	1.08575438596491	1
16	4496939	4496940	45	35	4.88	3	2	0.97	0	1	0.03	unphased	3.56263157894737	1.19953925217083	2.97
16	4700462	4700463	86	75	4.88	3	2	0.97	0	1	0.03	unphased	3.7933965348153	1.2772378905102	2.97
16	4733843	4733844	25	12	4.88	3	2	0.97	0	1	0.03	unphased	2.64102418207681	0.907568447449077	2.91
16	4833555	4833556	65	47	4.88	3	2	0.97	0	1	0.03	unphased	3.41721804511278	1.15057846636794	2.97
16	5094242	5094243	9	4	4.88	3	2	0.97	0	1	0.03	unphased	2.50558704453441	2.50558704453441	1
16	8889980	8889981	96	19	1.12	3	2	0.03	0	1	0.97	unphased	0.724173913043478	0.724173913043478	1
16	8895682	8895683	15	11	1.12	3	2	0.03	0	1	0.97	unphased	1.85441295546559	0.913503918948565	2.03
16	9197032	9197033	33	12	1.12	3	2	0.03	0	1	0.97	unphased	1.16884210526316	1.16884210526316	1
16	9857807	9857808	292	192	1.12	3	2	0.03	0	1	0.97	unphased	1.73877337973032	0.85653861070459	2.03
16	9858708	9858709	141	60	1.12	3	2	0.03	0	1	0.97	unphased	1.30840534171249	1.23434466199292	1.06
16	9943749	9943750	43	25	1.12	3	2	0.03	0	1	0.97	unphased	1.61145510835913	0.793820250423218	2.03
16	11001295	11001296	38	10	1.12	3	2	0.03	0	1	0.97	unphased	0.913157894736842	0.913157894736842	1
16	12618695	12618696	128	26	1.12	3	2	0.03	0	1	0.97	unphased	0.740013670539986	0.740013670539986	1
16	15103548	15103549	102	34	1.12	3	2	0.03	0	1	0.97	unphased	1.09578947368421	1.09578947368421	1
16	15813558	15813559	74	43	1.12	3	2	0.03	0	1	0.97	unphased	1.61090418353576	0.793548858884612	2.03
16	16184305	16184306	35	11	1.12	3	2	0.03	0	1	0.97	unphased	1.04814645308924	1.04814645308924	1
16	16232223	16232224	42	9	1.12	3	2	0.03	0	1	0.97	unphased	0.773498452012384	0.773498452012384	1
16	19063076	19063077	180	51	1.4	3	2	0.1	0	1	0.9	unphased	1.02952836637047	1.02952836637047	1
16	19191858	19191859	58	12	1.4	3	2	0.1	0	1	0.9	unphased	0.799398496240601	0.799398496240601	1
16	19659116	19659117	115	21	1.4	3	2	0.1	0	1	0.9	unphased	0.720046439628483	0.720046439628483	1
16	19725818	19725819	118	36	1.4	3	2	0.1	0	1	0.9	unphased	1.09008885850991	1.09008885850991	1
16	20648118	20648119	61	33	4.92	3	2	0.98	0	1	0.02	unphased	2.87281075027996	0.977146513700665	2.94
16	20873484	20873485	77	47	4.92	3	2	0.98	0	1	0.02	unphased	3.10168081494058	1.04083248823509	2.98
16	20976507	20976508	137	29	4.92	3	2	0.98	0	1	0.02	unphased	1.42958782498415	0.729381543359259	1.96
16	21270065	21270066	60	12	4.92	3	2	0.98	0	1	0.02	unphased	1.36385964912281	1.36385964912281	1
16	22558323	22558324	71	13	4.92	3	2	0.98	0	1	0.02	unphased	1.26644110275689	1.26644110275689	1
16	23391813	23391814	163	102	4.92	3	2	0.98	0	1	0.02	unphased	3.14974379344588	1.05696100451204	2.98
16	23722297	23722298	70	28	4.92	3	2	0.98	0	1	0.02	unphased	2.33804511278195	1.18083086504139	1.98
16	23722298	23722299	69	29	4.92	3	2	0.98	0	1	0.02	unphased	2.42154672395274	0.823655348283244	2.94
16	24268016	24268017	32	10	4.92	3	2	0.98	0	1	0.02	unphased	1.9483709273183	0.994066799652192	1.96
16	27481656	27481657	133	96	4.92	3	2	0.98	0	1	0.02	unphased	3.43049413927833	1.15117252995917	2.98
16	27556708	27556709	133	32	4.92	3	2	0.98	0	1	0.02	unphased	1.58703668261563	0.80971259317124	1.96
16	28596975	28596976	46	37	4.92	3	2	0.98	0	1	0.02	unphased	3.64791376030437	1.22413213433033	2.98
16	28877594	28877595	23	8	4.92	3	2	0.98	0	1	0.02	unphased	2.11178268251273	1.06655691035997	1.98
16	28943347	28943348	66	43	4.92	3	2	0.98	0	1	0.02	unphased	3.22821825205215	1.08329471545374	2.98
16	28997529	28997530	117	42	4.92	3	2	0.98	0	1	0.02	unphased	2.16158887785501	1.09171155447223	1.98
16	29105569	29105570	33	15	4.92	3	2	0.98	0	1	0.02	unphased	2.55723684210526	0.869808449695668	2.94
16	29851518	29851519	65	25	4.92	3	2	0.98	0	1	0.02	unphased	2.27309941520468	1.14803000767913	1.98
16	29891261	29891262	135	82	4.92	3	2	0.98	0	1	0.02	unphased	3.09225321367936	1.03766886365079	2.98
16	30021419	30021420	30	19	4.92	3	2	0.98	0	1	0.02	unphased	3.1730612244898	1.06478564580194	2.98
16	30364951	30364952	26	7	4.92	3	2	0.98	0	1	0.02	unphased	1.73582137161085	1.73582137161085	1
16	30364952	30364953	26	7	4.92	3	2	0.98	0	1	0.02	unphased	1.73582137161085	1.73582137161085	1
16	30486671	30486672	136	32	4.92	3	2	0.98	0	1	0.02	unphased	1.55869674185464	0.795253439721753	1.96
16	31090137	31090138	122	42	4.92	3	2	0.98	0	1	0.02	unphased	2.09568677792041	1.05842766561637	1.98
16	31419769	31419770	42	18	4.92	3	2	0.98	0	1	0.02	unphased	2.45494736842105	0.835016111707841	2.94
16	46741629	46741630	31	28	3	3	0	1	NA	NA	NA	unphased	2.97234611953613	0.990782039845376	3
16	50342594	50342595	60	41	3	3	0	1	NA	NA	NA	unphased	2.54247003647733	0.847490012159111	3
16	50362627	50362628	49	36	3	3	0	1	NA	NA	NA	unphased	2.65263157894737	0.884210526315789	3
16	51172845	51172846	50	40	3	3	0	1	NA	NA	NA	unphased	2.78362573099415	0.927875243664717	3
16	51174664	51174665	55	40	3	3	0	1	NA	NA	NA	unphased	2.63711911357341	0.879039704524469	3
16	53468505	53468506	7	3	3	3	0	1	NA	NA	NA	unphased	1.87894736842105	1.87894736842105	1
16	56466509	56466510	4	4	3	3	0	1	NA	NA	NA	unphased	3.13157894736842	1.04385964912281	3
16	57507322	57507323	19	11	3	3	0	1	NA	NA	NA	unphased	2.29649122807018	1.14824561403509	2
16	57507323	57507324	19	11	3	3	0	1	NA	NA	NA	unphased	2.29649122807018	1.14824561403509	2
16	57937783	57937784	30	9	3	3	0	1	NA	NA	NA	unphased	1.44534412955466	1.44534412955466	1
16	65025773	65025774	34	40	3	3	0	1	NA	NA	NA	unphased	3.38549075391181	1.1284969179706	3
16	66974530	66974531	57	43	3	3	0	1	NA	NA	NA	unphased	2.69315789473684	0.897719298245614	3
16	66974531	66974532	56	43	3	3	0	1	NA	NA	NA	unphased	2.72036150983519	0.906787169945065	3
16	67322212	67322213	55	46	3	3	0	1	NA	NA	NA	unphased	2.85252735799896	0.950842452666319	3
16	67694197	67694198	17	17	3	3	0	1	NA	NA	NA	unphased	3.13157894736842	1.04385964912281	3
16	67709264	67709265	46	59	3	3	0	1	NA	NA	NA	unphased	3.51929824561403	1.17309941520468	3
16	67709265	67709266	46	59	3	3	0	1	NA	NA	NA	unphased	3.51929824561403	1.17309941520468	3
16	67863860	67863861	104	139	3	3	0	1	NA	NA	NA	unphased	3.58262941303877	1.19420980434626	3
16	68026531	68026532	36	40	3	3	0	1	NA	NA	NA	unphased	3.29639889196676	1.09879963065559	3
16	68344375	68344376	13	4	3	3	0	1	NA	NA	NA	unphased	1.47368421052632	1.47368421052632	1
16	68729702	68729703	40	35	3	3	0	1	NA	NA	NA	unphased	2.92280701754386	0.974269005847953	3
16	69368877	69368878	21	25	3	3	0	1	NA	NA	NA	unphased	3.40389016018307	1.13463005339436	3
16	70180053	70180054	64	43	3	3	0	1	NA	NA	NA	unphased	2.51696999508116	0.838989998360387	3
16	70180054	70180055	65	43	3	3	0	1	NA	NA	NA	unphased	2.49366471734893	0.831221572449643	3
16	70897065	70897066	16	21	4	3	1	1	NA	NA	NA	unphased	4.12233285917496	1.37411095305832	3
16	71098629	71098630	12	13	4	3	1	1	NA	NA	NA	unphased	3.77684210526316	1.25894736842105	3
16	71606513	71606514	27	29	3	3	0	1	NA	NA	NA	unphased	3.24342105263158	1.08114035087719	3
16	74394546	74394547	73	22	3	3	0	1	NA	NA	NA	unphased	1.45041551246537	0.725207756232687	2
16	74716634	74716635	31	29	3	3	0	1	NA	NA	NA	unphased	3.02719298245614	1.00906432748538	3
16	75512874	75512875	46	36	3	3	0	1	NA	NA	NA	unphased	2.74967907573813	0.916559691912708	3
16	81095315	81095316	66	64	3	3	0	1	NA	NA	NA	unphased	3.0834008097166	1.02780026990553	3
16	87445392	87445393	10	12	3	3	0	1	NA	NA	NA	unphased	3.41626794258373	1.13875598086124	3
16	89775731	89775732	25	32	3	3	0	1	NA	NA	NA	unphased	3.51615881809788	1.17205293936596	3
16	90104180	90104181	92	78	3	3	0	1	NA	NA	NA	unphased	2.87368421052632	0.957894736842105	3
17	489557	489558	52	24	1.36	2	2	0.12	0	1	0.88	unphased	1.45994459833795	1.30352196280174	1.12
17	1538170	1538171	108	38	1.36	2	2	0.12	0	1	0.88	unphased	1.20328767123288	1.20328767123288	1
17	1635748	1635749	54	21	1.36	2	2	0.12	0	1	0.88	unphased	1.29448421052632	1.29448421052632	1
17	1747902	1747903	27	4	1.36	2	2	0.12	0	1	0.88	unphased	0.596536502546689	0.596536502546689	1
17	1939825	1939826	121	45	1.36	2	2	0.12	0	1	0.88	unphased	1.25326569435637	1.25326569435637	1
17	1940217	1940218	33	7	1.36	2	2	0.12	0	1	0.88	unphased	0.809052631578947	0.809052631578947	1
17	2291185	2291186	30	7	1.36	2	2	0.12	0	1	0.88	unphased	0.874651493598862	0.874651493598862	1
17	2883643	2883644	31	7	1.36	2	2	0.12	0	1	0.88	unphased	0.851634349030471	0.851634349030471	1
17	3101431	3101432	152	48	1.36	2	2	0.12	0	1	0.88	unphased	1.10955789473684	1.10955789473684	1
17	3118920	3118921	33	13	1.36	2	2	0.12	0	1	0.88	unphased	1.30654462242563	1.30654462242563	1
17	3144380	3144381	21	9	1.36	2	2	0.12	0	1	0.88	unphased	1.38694736842105	1.38694736842105	1
17	3343628	3343629	52	12	1.36	2	2	0.12	0	1	0.88	unphased	0.866842105263158	0.866842105263158	1
17	3667177	3667178	41	17	1.36	2	2	0.12	0	1	0.88	unphased	1.35506352087114	1.35506352087114	1
17	4057978	4057979	53	15	1.36	2	2	0.12	0	1	0.88	unphased	1.01981424148607	1.01981424148607	1
17	4084647	4084648	71	18	1.36	2	2	0.12	0	1	0.88	unphased	0.935020697811945	0.935020697811945	1
17	4576068	4576069	19	7	1.39	2	2	0.13	0	1	0.87	unphased	1.25277327935223	1.25277327935223	1
17	4607473	4607474	6	3	1.39	2	2	0.13	0	1	0.87	unphased	1.55105263157895	1.55105263157895	1
17	4644983	4644984	90	24	1.39	2	2	0.13	0	1	0.87	unphased	0.979612188365651	0.979612188365651	1
17	7077259	7077260	60	19	1.39	2	2	0.13	0	1	0.87	unphased	1.11911392405063	1.11911392405063	1
17	7367058	7367059	96	34	1.39	2	2	0.13	0	1	0.87	unphased	1.21697975708502	1.21697975708502	1
17	7369769	7369770	14	4	1.39	2	2	0.13	0	1	0.87	unphased	1.0340350877193	1.0340350877193	1
17	7369770	7369771	14	4	1.39	2	2	0.13	0	1	0.87	unphased	1.0340350877193	1.0340350877193	1
17	7406555	7406556	55	14	1.39	2	2	0.13	0	1	0.87	unphased	0.944118993135012	0.944118993135012	1
17	7536554	7536555	53	22	1.39	2	2	0.13	0	1	0.87	unphased	1.36492631578947	1.36492631578947	1
17	7701641	7701642	39	9	1.39	2	2	0.13	0	1	0.87	unphased	0.872467105263158	0.872467105263158	1
17	7916554	7916555	44	16	1.39	2	2	0.13	0	1	0.87	unphased	1.24084210526316	1.24084210526316	1
17	8064168	8064169	108	24	1.39	2	2	0.13	0	1	0.87	unphased	0.846028708133971	0.846028708133971	1
17	8272675	8272676	81	24	1.39	2	2	0.13	0	1	0.87	unphased	1.06357894736842	1.06357894736842	1
17	8383811	8383812	20	8	1.39	2	2	0.13	0	1	0.87	unphased	1.32947368421053	1.32947368421053	1
17	8702107	8702108	105	27	1.39	2	2	0.13	0	1	0.87	unphased	0.951782296650718	0.951782296650718	1
17	8791526	8791527	89	35	1.39	2	2	0.13	0	1	0.87	unphased	1.31339134125637	1.16229322235077	1.13
17	9489236	9489237	153	43	1.39	2	2	0.13	0	1	0.87	unphased	1.02084586466165	1.02084586466165	1
17	9489237	9489238	154	42	1.39	2	2	0.13	0	1	0.87	unphased	0.997105263157895	0.997105263157895	1
17	9792815	9792816	73	22	1.39	2	2	0.13	0	1	0.87	unphased	1.07757340720222	1.07757340720222	1
17	10356234	10356235	92	30	1.39	2	2	0.13	0	1	0.87	unphased	1.14421915444349	1.14421915444349	1
17	10366207	10366208	47	17	1.39	2	2	0.13	0	1	0.87	unphased	1.23599506578947	1.23599506578947	1
17	10399367	10399368	50	25	1.39	2	2	0.13	0	1	0.87	unphased	1.55105263157895	1.37261294829995	1.13
17	10406060	10406061	81	27	1.39	2	2	0.13	0	1	0.87	unphased	1.16328947368421	1.16328947368421	1
17	11648311	11648312	58	14	1.39	2	2	0.13	0	1	0.87	unphased	0.904780701754386	0.904780701754386	1
17	11671915	11671916	53	25	1.39	2	2	0.13	0	1	0.87	unphased	1.4913967611336	1.31982014259611	1.13
17	11696832	11696833	64	20	1.39	2	2	0.13	0	1	0.87	unphased	1.10789473684211	1.10789473684211	1
17	17699645	17699646	52	9	1.39	2	2	0.13	0	1	0.87	unphased	0.686531492666091	0.686531492666091	1
17	17701228	17701229	61	23	1.39	2	2	0.13	0	1	0.87	unphased	1.27407894736842	1.27407894736842	1
17	18541646	18541647	99	36	1.39	2	2	0.13	0	1	0.87	unphased	1.24084210526316	1.24084210526316	1
17	18647622	18647623	143	56	1.39	2	2	0.13	0	1	0.87	unphased	1.30943136736313	1.15878882067534	1.13
17	18651364	18651365	37	15	1.39	2	2	0.13	0	1	0.87	unphased	1.34225708502024	1.34225708502024	1
17	19091450	19091451	769	41	NA	NA	NA	NA	NA	NA	NA	unphased	NA	NA	1
17	19449812	19449813	26	13	4	4	0	1	NA	NA	NA	unphased	2.42105263157895	0.807017543859649	3
17	21217634	21217635	24	5	4	4	0	1	NA	NA	NA	unphased	1.25226860254083	1.25226860254083	1
17	21730934	21730935	64	22	4	4	0	1	NA	NA	NA	unphased	1.85801713586291	0.929008567931456	2
17	25944401	25944402	21	6	4	4	0	1	NA	NA	NA	unphased	1.6140350877193	1.6140350877193	1
17	27237313	27237314	40	58	4	4	0	1	NA	NA	NA	unphased	4.29860365198711	1.07465091299678	4
17	27794166	27794167	39	34	4	4	0	1	NA	NA	NA	unphased	3.38284066330209	1.12761355443403	3
17	32614630	32614631	41	9	4	4	0	1	NA	NA	NA	unphased	1.30736842105263	1.30736842105263	1
17	33267585	33267586	63	28	4	4	0	1	NA	NA	NA	unphased	2.23481781376518	1.11740890688259	2
17	33806524	33806525	48	25	4	4	0	1	NA	NA	NA	unphased	2.4873828406633	0.829127613554434	3
17	33806838	33806839	6	3	4	4	0	1	NA	NA	NA	unphased	2.42105263157895	2.42105263157895	1
17	34958638	34958639	10	28	4	4	0	1	NA	NA	NA	unphased	5.35180055401662	1.33795013850416	4
17	36353690	36353691	63	5	4	4	0	1	NA	NA	NA	unphased	0.53405572755418	0.53405572755418	1
17	36719143	36719144	17	15	4	4	0	1	NA	NA	NA	unphased	3.40460526315789	1.13486842105263	3
17	36872706	36872707	20	27	4	4	0	1	NA	NA	NA	unphased	4.17245240761478	1.0431131019037	4
17	36872707	36872708	20	26	4	4	0	1	NA	NA	NA	unphased	4.10526315789474	1.02631578947368	4
17	36927364	36927365	28	23	4	4	0	1	NA	NA	NA	unphased	3.27554179566563	1.09184726522188	3
17	36927365	36927366	28	23	4	4	0	1	NA	NA	NA	unphased	3.27554179566563	1.09184726522188	3
17	37898945	37898946	83	17	4	4	0	1	NA	NA	NA	unphased	1.23473684210526	1.23473684210526	1
17	37898946	37898947	82	17	4	4	0	1	NA	NA	NA	unphased	1.24720893141946	1.24720893141946	1
17	38131250	38131251	19	6	4	4	0	1	NA	NA	NA	unphased	1.74315789473684	1.74315789473684	1
17	38142892	38142893	71	104	4	4	0	1	NA	NA	NA	unphased	4.31639097744361	1.0790977443609	4
17	38142893	38142894	71	104	4	4	0	1	NA	NA	NA	unphased	4.31639097744361	1.0790977443609	4
17	38172022	38172023	5	8	4	4	0	1	NA	NA	NA	unphased	4.46963562753036	1.11740890688259	4
17	38449722	38449723	47	13	4	4	0	1	NA	NA	NA	unphased	1.57368421052632	1.57368421052632	1
17	39084545	39084546	58	70	4	4	0	1	NA	NA	NA	unphased	3.97203947368421	0.993009868421053	4
17	39114763	39114764	21	14	4	4	0	1	NA	NA	NA	unphased	2.90526315789474	0.968421052631579	3
17	39595092	39595093	63	74	4	4	0	1	NA	NA	NA	unphased	3.92316557817902	0.980791394544756	4
17	40004199	40004200	45	49	4	4	0	1	NA	NA	NA	unphased	3.78611422172452	0.946528555431131	4
17	40354779	40354780	129	41	4	4	0	1	NA	NA	NA	unphased	1.75170278637771	0.875851393188854	2
17	40932741	40932742	55	11	4	4	0	1	NA	NA	NA	unphased	1.21052631578947	1.21052631578947	1
17	40962933	40962934	49	20	4	4	0	1	NA	NA	NA	unphased	2.10526315789474	1.05263157894737	2
17	41143113	41143114	33	16	4	4	0	1	NA	NA	NA	unphased	2.37164339419978	1.18582169709989	2
17	41930297	41930298	68	113	6	6	0	1	NA	NA	NA	unphased	5.78307647571969	0.963846079286614	6
17	42030302	42030303	39	69	6	6	0	1	NA	NA	NA	unphased	5.91812865497076	0.98635477582846	6
17	42169893	42169894	26	47	6	6	0	1	NA	NA	NA	unphased	5.96395097332372	0.993991828887287	6
17	42475253	42475254	18	43	6	6	0	1	NA	NA	NA	unphased	6.5297670405522	1.0882945067587	6
17	44248694	44248695	84	56	7	7	0	1	NA	NA	NA	unphased	4.10526315789474	1.02631578947368	4
17	44249237	44249238	183	76	7	7	0	1	NA	NA	NA	unphased	3.01158301158301	1.003861003861	3
17	44374707	44374708	12	5	NA	NA	NA	NA	NA	NA	NA	unphased	NA	NA	1
17	46423300	46423301	21	23	6	6	0	1	NA	NA	NA	unphased	4.8421052631579	0.968421052631579	5
17	46423301	46423302	21	23	6	6	0	1	NA	NA	NA	unphased	4.8421052631579	0.968421052631579	5
17	46671103	46671104	38	8	6	6	0	1	NA	NA	NA	unphased	1.61098398169336	1.61098398169336	1
17	46865188	46865189	143	8	6	6	0	1	NA	NA	NA	unphased	0.490763332171488	0.490763332171488	1
17	47394348	47394349	97	24	6	6	0	1	NA	NA	NA	unphased	1.83732057416268	0.91866028708134	2
17	48918405	48918406	17	26	6	6	0	1	NA	NA	NA	unphased	5.60097919216646	0.933496532027744	6
17	56572784	56572785	84	56	6	6	0	1	NA	NA	NA	unphased	3.70526315789474	0.926315789473684	4
17	56676316	56676317	138	26	6	6	0	1	NA	NA	NA	unphased	1.46854942233633	0.734274711168164	2
17	56676674	56676675	53	97	6	6	0	1	NA	NA	NA	unphased	5.99017543859649	0.998362573099415	6
17	56780597	56780598	24	33	6	6	0	1	NA	NA	NA	unphased	5.36288088642659	1.07257617728532	5
17	58236832	58236833	9	3	6	6	0	1	NA	NA	NA	unphased	2.31578947368421	2.31578947368421	1
17	60813652	60813653	116	33	6	6	0	1	NA	NA	NA	unphased	2.05157188272695	1.02578594136348	2
17	61432476	61432477	85	34	6	6	0	1	NA	NA	NA	unphased	2.64661654135338	0.882205513784461	3
17	61950052	61950053	32	27	6	6	0	1	NA	NA	NA	unphased	4.23907225691347	1.05976806422837	4
17	61973861	61973862	87	116	6	6	0	1	NA	NA	NA	unphased	5.29323308270677	1.05864661654135	5
17	62270948	62270949	204	65	6	6	0	1	NA	NA	NA	unphased	2.23830952846801	1.11915476423401	2
17	62461612	62461613	13	9	6	6	0	1	NA	NA	NA	unphased	3.78947368421053	0.947368421052632	4
17	62754434	62754435	18	29	6	6	0	1	NA	NA	NA	unphased	5.71556550951848	0.952594251586413	6
17	62856633	62856634	152	41	6	6	0	1	NA	NA	NA	unphased	1.96782110717208	0.983910553586038	2
17	63193354	63193355	34	7	6	6	0	1	NA	NA	NA	unphased	1.58151476251605	1.58151476251605	1
17	66364832	66364833	61	97	6	6	0	1	NA	NA	NA	unphased	5.68687541638907	0.947812569398179	6
17	66992140	66992141	20	50	6	6	0	1	NA	NA	NA	unphased	6.61654135338346	1.10275689223058	6
17	67210979	67210980	34	38	6	6	0	1	NA	NA	NA	unphased	4.88888888888889	0.977777777777778	5
17	68128390	68128391	124	74	6	6	0	1	NA	NA	NA	unphased	3.46198830409357	0.865497076023392	4
17	68128822	68128823	27	56	6	6	0	1	NA	NA	NA	unphased	6.24984147114775	1.04164024519129	6
17	68171908	68171909	64	20	6	6	0	1	NA	NA	NA	unphased	2.20551378446115	1.10275689223058	2
17	68172389	68172390	64	79	6	6	0	1	NA	NA	NA	unphased	5.11740890688259	1.02348178137652	5
17	71165923	71165924	63	15	6	6	0	1	NA	NA	NA	unphased	1.78137651821862	0.890688259109312	2
17	72308207	72308208	20	44	6	6	0	1	NA	NA	NA	unphased	6.36842105263158	1.06140350877193	6
17	72915759	72915760	80	16	6	6	0	1	NA	NA	NA	unphased	1.54385964912281	0.771929824561404	2
17	73495408	73495409	85	12	6	6	0	1	NA	NA	NA	unphased	1.1459576776994	1.1459576776994	1
17	73870641	73870642	54	94	6	6	0	1	NA	NA	NA	unphased	5.88335704125178	0.980559506875296	6
17	74004085	74004086	52	37	6	6	0	1	NA	NA	NA	unphased	3.85097575399172	0.96274393849793	4
17	74266360	74266361	11	27	6	6	0	1	NA	NA	NA	unphased	6.58171745152355	1.09695290858726	6
17	74622163	74622164	74	81	6	6	0	1	NA	NA	NA	unphased	4.84074702886248	0.968149405772496	5
17	75202442	75202443	26	58	6	6	0	1	NA	NA	NA	unphased	6.39598997493734	1.06599832915622	6
17	78222429	78222430	3	8	6	6	0	1	NA	NA	NA	unphased	6.73684210526316	1.12280701754386	6
17	78293284	78293285	59	10	6	6	0	1	NA	NA	NA	unphased	1.34248665141114	1.34248665141114	1
17	78321324	78321325	113	22	6	6	0	1	NA	NA	NA	unphased	1.50955165692008	0.754775828460039	2
17	79176125	79176126	80	17	6	6	0	1	NA	NA	NA	unphased	1.62344004340749	0.811720021703744	2
17	79428476	79428477	2	10	6	6	0	1	NA	NA	NA	unphased	7.71929824561404	1.28654970760234	6
17	79428477	79428478	2	9	6	6	0	1	NA	NA	NA	unphased	7.57894736842105	1.26315789473684	6
17	79872001	79872002	92	30	6	6	0	1	NA	NA	NA	unphased	2.27782571182054	1.13891285591027	2
18	334927	334928	3	5	2.86	3	1	0.62	1	0	0.38	unphased	3.82697368421053	1.46067697870631	2.62
18	5478367	5478368	49	18	2.86	3	1	0.62	1	0	0.38	unphased	1.64502749410841	1.01544907043729	1.62
18	7231537	7231538	47	9	2.86	3	1	0.62	1	0	0.38	unphased	0.984078947368421	0.984078947368421	1
18	8296439	8296440	44	23	2.86	3	1	0.62	1	0	0.38	unphased	2.10197957580518	0.938383739198743	2.24
18	12351161	12351162	55	26	2.86	3	1	0.62	1	0	0.38	unphased	1.96545808966862	0.877436647173489	2.24
18	13681869	13681870	114	60	2.86	3	1	0.62	1	0	0.38	unphased	2.11143375680581	0.942604355716879	2.24
18	13826450	13826451	104	64	2.86	3	1	0.62	1	0	0.38	unphased	2.33263157894737	1.04135338345865	2.24
18	14479163	14479164	35	18	2.86	3	1	0.62	1	0	0.38	unphased	2.07956305858987	0.928376365441907	2.24
18	14534952	14534953	79	8	2.86	3	1	0.62	1	0	0.38	unphased	0.563049001814882	0.908143551314326	0.62
18	14542752	14542753	97	35	2.86	3	1	0.62	1	0	0.38	unphased	1.62356459330144	1.00220036623545	1.62
18	14850252	14850253	11	8	2.86	3	1	0.62	1	0	0.38	unphased	2.57817174515235	0.984035017233723	2.62
18	19780719	19780720	29	18	2.86	3	1	0.62	1	0	0.38	unphased	2.345039193729	1.04689249720045	2.24
18	20833809	20833810	56	10	2.86	3	1	0.62	1	0	0.38	unphased	0.927751196172249	0.927751196172249	1
18	21453075	21453076	110	19	2.86	3	1	0.62	1	0	0.38	unphased	0.901860465116279	0.901860465116279	1
18	22642647	22642648	63	12	2.86	3	1	0.62	1	0	0.38	unphased	0.979705263157895	0.979705263157895	1
18	25585823	25585824	91	15	2.86	3	1	0.62	1	0	0.38	unphased	0.86648460774578	0.86648460774578	1
18	28934721	28934722	85	61	2.86	3	1	0.62	1	0	0.38	unphased	2.55830569574622	0.976452555628326	2.62
18	34802088	34802089	10	12	2.86	3	1	0.62	1	0	0.38	unphased	3.3399043062201	1.27477263596187	2.62
18	42530977	42530978	120	73	2.86	3	1	0.62	1	0	0.38	unphased	2.31601308971912	1.03393441505318	2.24
18	42618531	42618532	45	36	2.86	3	1	0.62	1	0	0.38	unphased	2.72140350877193	1.03870362930226	2.62
18	43249453	43249454	71	8	2.86	3	1	0.62	1	0	0.38	unphased	0.620066622251832	0.620066622251832	1
18	47101753	47101754	23	13	2.86	3	1	0.62	1	0	0.38	unphased	2.21114035087719	0.987116228070176	2.24
18	47809332	47809333	53	10	2.86	3	1	0.62	1	0	0.38	unphased	0.971929824561403	0.971929824561403	1
18	47809333	47809334	53	10	2.86	3	1	0.62	1	0	0.38	unphased	0.971929824561403	0.971929824561403	1
18	50929252	50929253	106	23	2.86	3	1	0.62	1	0	0.38	unphased	1.09172582619339	1.09172582619339	1
18	54291578	54291579	80	50	2.86	3	1	0.62	1	0	0.38	unphased	2.35506072874494	1.05136639676113	2.24
18	55104000	55104001	55	7	2.86	3	1	0.62	1	0	0.38	unphased	0.69132427843803	0.69132427843803	1
18	56033373	56033374	27	5	2.86	3	1	0.62	1	0	0.38	unphased	0.956743421052632	0.956743421052632	1
18	58038907	58038908	36	26	2.86	3	1	0.62	1	0	0.38	unphased	2.56777589134126	0.980067134099716	2.62
18	59894586	59894587	42	19	2.86	3	1	0.62	1	0	0.38	unphased	1.9072131147541	0.851434426229508	2.24
18	60052083	60052084	9	8	2.86	3	1	0.62	1	0	0.38	unphased	2.88148606811145	1.09980384279063	2.62
18	61306511	61306512	49	17	2.86	3	1	0.62	1	0	0.38	unphased	1.57717703349282	0.973566070057298	1.62
18	61309035	61309036	89	54	2.86	3	1	0.62	1	0	0.38	unphased	2.31224144276776	1.03225064409275	2.24
18	61649007	61649008	122	50	2.86	3	1	0.62	1	0	0.38	unphased	1.77998776009792	1.09875787660365	1.62
18	64197181	64197182	61	31	1.96	2	1	0.48	1	0	0.52	unphased	1.75997711670481	1.18917372750325	1.48
18	66504066	66504067	46	13	1.96	2	1	0.48	1	0	0.52	unphased	1.15086529884032	1.15086529884032	1
18	66506141	66506142	20	11	1.96	2	1	0.48	1	0	0.52	unphased	1.85337860780985	1.25228284311476	1.48
18	70526213	70526214	51	7	1.96	2	1	0.48	1	0	0.52	unphased	0.63038112522686	0.63038112522686	1
18	72999034	72999035	64	28	1.96	2	1	0.48	1	0	0.52	unphased	1.58965675057208	1.07409239903519	1.48
18	72999035	72999036	65	29	1.96	2	1	0.48	1	0	0.52	unphased	1.61139977603583	1.08878363245664	1.48
18	74610983	74610984	50	18	1.96	2	1	0.48	1	0	0.52	unphased	1.38260061919505	1.38260061919505	1
18	76752150	76752151	15	4	1.96	2	1	0.48	1	0	0.52	unphased	1.09961218836565	1.09961218836565	1
19	758206	758207	27	12	4	2	2	1	NA	NA	NA	unphased	2.23481781376518	1.11740890688259	2
19	758207	758208	25	12	4	2	2	1	NA	NA	NA	unphased	2.35561877667141	1.1778093883357	2
19	1095391	1095392	24	6	4	2	2	1	NA	NA	NA	unphased	1.45263157894737	1.45263157894737	1
19	1390937	1390938	67	15	4	2	2	1	NA	NA	NA	unphased	1.32862644415918	1.32862644415918	1
19	1478849	1478850	16	5	4	2	2	1	NA	NA	NA	unphased	1.72932330827068	1.72932330827068	1
19	1478850	1478851	16	5	4	2	2	1	NA	NA	NA	unphased	1.72932330827068	1.72932330827068	1
19	1495356	1495357	74	28	4	2	2	1	NA	NA	NA	unphased	1.9938080495356	0.996904024767802	2
19	1615491	1615492	55	21	4	2	2	1	NA	NA	NA	unphased	2.00692520775623	1.00346260387812	2
19	2229800	2229801	124	30	4	2	2	1	NA	NA	NA	unphased	1.4149008885851	0.70745044429255	2
19	2291262	2291263	29	15	4	2	2	1	NA	NA	NA	unphased	2.47607655502392	1.23803827751196	2
19	2794780	2794781	192	66	4	2	2	1	NA	NA	NA	unphased	1.85801713586291	0.929008567931456	2
19	3150229	3150230	114	45	4	2	2	1	NA	NA	NA	unphased	2.05561072492552	1.02780536246276	2
19	3163048	3163049	17	7	4	2	2	1	NA	NA	NA	unphased	2.11842105263158	1.05921052631579	2
19	3783123	3783124	63	33	4	2	2	1	NA	NA	NA	unphased	2.49671052631579	1.24835526315789	2
19	4028833	4028834	50	16	4	2	2	1	NA	NA	NA	unphased	1.76076555023923	0.880382775119617	2
19	4409575	4409576	41	9	4	2	2	1	NA	NA	NA	unphased	1.30736842105263	1.30736842105263	1
19	4409576	4409577	42	9	4	2	2	1	NA	NA	NA	unphased	1.28173374613003	1.28173374613003	1
19	4512527	4512528	125	48	4	2	2	1	NA	NA	NA	unphased	2.01521143900213	1.00760571950106	2
19	5759139	5759140	101	28	4	2	2	1	NA	NA	NA	unphased	1.5764993880049	0.788249694002448	2
19	5776315	5776316	28	8	4	2	2	1	NA	NA	NA	unphased	1.6140350877193	1.6140350877193	1
19	5776316	5776317	25	8	4	2	2	1	NA	NA	NA	unphased	1.76076555023923	1.76076555023923	1
19	6312172	6312173	33	8	4	2	2	1	NA	NA	NA	unphased	1.41720154043646	1.41720154043646	1
19	6452418	6452419	24	6	4	2	2	1	NA	NA	NA	unphased	1.45263157894737	1.45263157894737	1
19	6534953	6534954	11	9	4	2	2	1	NA	NA	NA	unphased	3.26842105263158	1.63421052631579	2
19	6678195	6678196	53	12	4	2	2	1	NA	NA	NA	unphased	1.34089068825911	1.34089068825911	1
19	6908703	6908704	58	12	4	2	2	1	NA	NA	NA	unphased	1.24511278195489	1.24511278195489	1
19	6981206	6981207	18	3	4	2	2	1	NA	NA	NA	unphased	1.03759398496241	1.03759398496241	1
19	7918011	7918012	169	43	4	2	2	1	NA	NA	NA	unphased	1.47318768619662	0.736593843098312	2
19	8438878	8438879	10	5	4	2	2	1	NA	NA	NA	unphased	2.42105263157895	1.21052631578947	2
19	8645784	8645785	14	7	4	2	2	1	NA	NA	NA	unphased	2.42105263157895	1.21052631578947	2
19	8651115	8651116	36	10	4	2	2	1	NA	NA	NA	unphased	1.57894736842105	1.57894736842105	1
19	8998736	8998737	15	3	4	2	2	1	NA	NA	NA	unphased	1.21052631578947	1.21052631578947	1
19	9003601	9003602	181	52	4	2	2	1	NA	NA	NA	unphased	1.62096227693698	0.810481138468489	2
19	9021150	9021151	108	32	4	2	2	1	NA	NA	NA	unphased	1.66015037593985	0.830075187969925	2
19	9059446	9059447	82	47	4	2	2	1	NA	NA	NA	unphased	2.64626682986536	1.32313341493268	2
19	9060641	9060642	143	58	4	2	2	1	NA	NA	NA	unphased	2.09583660644148	1.04791830322074	2
19	9060691	9060692	134	42	4	2	2	1	NA	NA	NA	unphased	1.73325358851675	0.866626794258373	2
19	9064928	9064929	70	23	4	2	2	1	NA	NA	NA	unphased	1.79626485568761	0.898132427843803	2
19	9065483	9065484	27	10	4	2	2	1	NA	NA	NA	unphased	1.96301564722617	0.981507823613087	2
19	9073531	9073532	44	27	4	2	2	1	NA	NA	NA	unphased	2.76204595997035	1.38102297998517	2
19	9080472	9080473	113	30	4	2	2	1	NA	NA	NA	unphased	1.52373941847626	0.76186970923813	2
19	9085025	9085026	26	6	4	2	2	1	NA	NA	NA	unphased	1.36184210526316	1.36184210526316	1
19	9089239	9089240	37	17	4	2	2	1	NA	NA	NA	unphased	2.28654970760234	1.14327485380117	2
19	9362440	9362441	11	4	4	2	2	1	NA	NA	NA	unphased	1.93684210526316	1.93684210526316	1
19	9524240	9524241	25	9	4	2	2	1	NA	NA	NA	unphased	1.92260061919505	0.961300309597523	2
19	9578862	9578863	66	31	4	2	2	1	NA	NA	NA	unphased	2.32121540965817	1.16060770482908	2
19	10166298	10166299	128	46	4	2	2	1	NA	NA	NA	unphased	1.92014519056261	0.960072595281307	2
19	10203300	10203301	78	34	4	2	2	1	NA	NA	NA	unphased	2.20488721804511	1.10244360902256	2
19	10203301	10203302	80	32	4	2	2	1	NA	NA	NA	unphased	2.07518796992481	1.03759398496241	2
19	10335041	10335042	43	18	4	2	2	1	NA	NA	NA	unphased	2.14322691975841	1.07161345987921	2
19	10335452	10335453	167	65	4	2	2	1	NA	NA	NA	unphased	2.03493647912886	1.01746823956443	2
19	10625537	10625538	14	10	4	2	2	1	NA	NA	NA	unphased	3.02631578947368	1.51315789473684	2
19	10657656	10657657	9	4	4	2	2	1	NA	NA	NA	unphased	2.23481781376518	2.23481781376518	1
19	10904500	10904501	103	37	4	2	2	1	NA	NA	NA	unphased	1.91954887218045	0.959774436090226	2
19	11303777	11303778	16	9	4	2	2	1	NA	NA	NA	unphased	2.61473684210526	1.30736842105263	2
19	11486553	11486554	23	14	4	2	2	1	NA	NA	NA	unphased	2.74822190611664	1.37411095305832	2
19	11560121	11560122	75	23	4	2	2	1	NA	NA	NA	unphased	1.7046186895811	0.852309344790548	2
19	11568886	11568887	72	19	4	2	2	1	NA	NA	NA	unphased	1.51648351648352	0.758241758241758	2
19	11891575	11891576	70	21	4	2	2	1	NA	NA	NA	unphased	1.67611336032389	0.838056680161943	2
19	11944262	11944263	6	4	4	2	2	1	NA	NA	NA	unphased	2.90526315789474	1.45263157894737	2
19	11944263	11944264	6	4	4	2	2	1	NA	NA	NA	unphased	2.90526315789474	1.45263157894737	2
19	12090465	12090466	37	15	4	2	2	1	NA	NA	NA	unphased	2.09514170040486	1.04757085020243	2
19	12429368	12429369	19	9	4	2	2	1	NA	NA	NA	unphased	2.33458646616541	1.16729323308271	2
19	12575777	12575778	36	13	4	2	2	1	NA	NA	NA	unphased	1.92696025778733	0.963480128893663	2
19	12812946	12812947	38	7	4	2	2	1	NA	NA	NA	unphased	1.12982456140351	1.12982456140351	1
19	12867093	12867094	133	53	4	2	2	1	NA	NA	NA	unphased	2.06960950764007	1.03480475382003	2
19	12979952	12979953	62	29	4	2	2	1	NA	NA	NA	unphased	2.31463273568537	1.15731636784268	2
19	13365953	13365954	32	17	4	2	2	1	NA	NA	NA	unphased	2.51987110633727	1.25993555316864	2
19	13419285	13419286	33	17	4	2	2	1	NA	NA	NA	unphased	2.46947368421053	1.23473684210526	2
19	14231447	14231448	47	14	4	2	2	1	NA	NA	NA	unphased	1.66695427092321	0.833477135461605	2
19	14857734	14857735	18	14	4	2	2	1	NA	NA	NA	unphased	3.17763157894737	1.58881578947368	2
19	14863311	14863312	43	15	4	2	2	1	NA	NA	NA	unphased	1.87840290381125	0.939201451905626	2
19	14866654	14866655	24	19	4	2	2	1	NA	NA	NA	unphased	3.2093023255814	1.6046511627907	2
19	15063793	15063794	137	53	4	2	2	1	NA	NA	NA	unphased	2.02603878116343	1.01301939058172	2
19	15221328	15221329	10	14	4	2	2	1	NA	NA	NA	unphased	4.23684210526316	2.11842105263158	2
19	15338878	15338879	27	6	4	2	2	1	NA	NA	NA	unphased	1.32057416267943	1.32057416267943	1
19	15514455	15514456	15	6	4	2	2	1	NA	NA	NA	unphased	2.07518796992481	1.03759398496241	2
19	15536290	15536291	8	4	4	2	2	1	NA	NA	NA	unphased	2.42105263157895	2.42105263157895	1
19	15734857	15734858	55	15	4	2	2	1	NA	NA	NA	unphased	1.55639097744361	0.778195488721804	2
19	15752307	15752308	84	27	4	2	2	1	NA	NA	NA	unphased	1.76671408250356	0.883357041251778	2
19	15918077	15918078	54	13	4	2	2	1	NA	NA	NA	unphased	1.40926944226237	1.40926944226237	1
19	16910907	16910908	77	17	4	2	2	1	NA	NA	NA	unphased	1.31354983202688	1.31354983202688	1
19	16918542	16918543	58	19	4	2	2	1	NA	NA	NA	unphased	1.79220779220779	0.896103896103896	2
19	16918543	16918544	58	20	4	2	2	1	NA	NA	NA	unphased	1.86234817813765	0.931174089068826	2
19	17394936	17394937	32	6	4	2	2	1	NA	NA	NA	unphased	1.14681440443213	1.14681440443213	1
19	17769009	17769010	32	8	4	2	2	1	NA	NA	NA	unphased	1.45263157894737	1.45263157894737	1
19	17845234	17845235	36	15	4	2	2	1	NA	NA	NA	unphased	2.13622291021672	1.06811145510836	2
19	17942519	17942520	14	7	4	2	2	1	NA	NA	NA	unphased	2.42105263157895	1.21052631578947	2
19	17988874	17988875	56	23	4	2	2	1	NA	NA	NA	unphased	2.11459027315123	1.05729513657562	2
19	17988875	17988876	57	24	4	2	2	1	NA	NA	NA	unphased	2.15204678362573	1.07602339181287	2
19	18092837	18092838	17	4	4	2	2	1	NA	NA	NA	unphased	1.38345864661654	1.38345864661654	1
19	18377606	18377607	64	19	4	2	2	1	NA	NA	NA	unphased	1.66265060240964	0.831325301204819	2
19	18724696	18724697	75	54	4	2	2	1	NA	NA	NA	unphased	3.04039167686659	1.52019583843329	2
19	19030497	19030498	17	10	4	2	2	1	NA	NA	NA	unphased	2.69005847953216	1.34502923976608	2
19	19329793	19329794	46	15	4	2	2	1	NA	NA	NA	unphased	1.78602243313201	0.893011216566005	2
19	19407947	19407948	68	31	4	2	2	1	NA	NA	NA	unphased	2.27432216905901	1.13716108452951	2
19	19656264	19656265	21	15	4	2	2	1	NA	NA	NA	unphased	3.02631578947368	1.51315789473684	2
19	21240772	21240773	19	8	4	2	2	1	NA	NA	NA	unphased	2.15204678362573	1.07602339181287	2
19	21909830	21909831	28	14	4	2	2	1	NA	NA	NA	unphased	2.42105263157895	1.21052631578947	2
19	22154790	22154791	41	12	4	2	2	1	NA	NA	NA	unphased	1.64448857994042	0.822244289970208	2
19	22155597	22155598	32	9	4	2	2	1	NA	NA	NA	unphased	1.59435173299101	1.59435173299101	1
19	22272215	22272216	12	5	4	2	2	1	NA	NA	NA	unphased	2.13622291021672	2.13622291021672	1
19	22574577	22574578	69	15	4	2	2	1	NA	NA	NA	unphased	1.29699248120301	1.29699248120301	1
19	22574759	22574760	12	3	4	2	2	1	NA	NA	NA	unphased	1.45263157894737	1.45263157894737	1
19	22586296	22586297	82	21	4	2	2	1	NA	NA	NA	unphased	1.48083801737353	0.740419008686765	2
19	22952099	22952100	58	13	4	2	2	1	NA	NA	NA	unphased	1.32987398072646	1.32987398072646	1
19	23544817	23544818	58	17	4	2	2	1	NA	NA	NA	unphased	1.64631578947368	0.823157894736842	2
19	30936177	30936178	75	26	4	2	2	1	NA	NA	NA	unphased	1.86972381448671	0.934861907243356	2
19	30936597	30936598	34	11	4	2	2	1	NA	NA	NA	unphased	1.77543859649123	0.887719298245614	2
19	31040264	31040265	25	9	4	2	2	1	NA	NA	NA	unphased	1.92260061919505	0.961300309597523	2
19	33696604	33696605	27	10	4	2	2	1	NA	NA	NA	unphased	1.96301564722617	0.981507823613087	2
19	34003567	34003568	36	23	4	2	2	1	NA	NA	NA	unphased	2.8314005352364	1.4157002676182	2
19	35514154	35514155	350	123	4	2	2	1	NA	NA	NA	unphased	1.88872816290197	0.944364081450985	2
19	35793397	35793398	36	17	4	2	2	1	NA	NA	NA	unphased	2.32969215491559	1.1648460774578	2
19	35832744	35832745	58	27	4	2	2	1	NA	NA	NA	unphased	2.30712074303406	1.15356037151703	2
19	36145476	36145477	152	52	4	2	2	1	NA	NA	NA	unphased	1.85139318885449	0.925696594427244	2
19	36233559	36233560	85	37	4	2	2	1	NA	NA	NA	unphased	2.20276100086281	1.10138050043141	2
19	36271690	36271691	97	33	4	2	2	1	NA	NA	NA	unphased	1.84372469635628	0.921862348178138	2
19	36321975	36321976	90	56	4	2	2	1	NA	NA	NA	unphased	2.7858687815429	1.39293439077145	2
19	36333154	36333155	16	5	4	2	2	1	NA	NA	NA	unphased	1.72932330827068	1.72932330827068	1
19	37440577	37440578	63	21	4	2	2	1	NA	NA	NA	unphased	1.81578947368421	0.907894736842105	2
19	37853763	37853764	69	21	4	2	2	1	NA	NA	NA	unphased	1.69473684210526	0.847368421052632	2
19	38188279	38188280	11	9	4	2	2	1	NA	NA	NA	unphased	3.26842105263158	1.63421052631579	2
19	38655419	38655420	21	7	4	2	2	1	NA	NA	NA	unphased	1.81578947368421	1.81578947368421	1
19	39018337	39018338	45	20	4	2	2	1	NA	NA	NA	unphased	2.23481781376518	1.11740890688259	2
19	39215156	39215157	53	34	4	2	2	1	NA	NA	NA	unphased	2.83847549909256	1.41923774954628	2
19	39823729	39823730	68	20	4	2	2	1	NA	NA	NA	unphased	1.65071770334928	0.825358851674641	2
19	39860352	39860353	31	10	4	2	2	1	NA	NA	NA	unphased	1.77150192554557	0.885750962772786	2
19	40195161	40195162	26	5	4	2	2	1	NA	NA	NA	unphased	1.17147707979626	1.17147707979626	1
19	40316599	40316600	75	27	4	2	2	1	NA	NA	NA	unphased	1.92260061919505	0.961300309597523	2
19	40368768	40368769	397	64	4	2	2	1	NA	NA	NA	unphased	1.0083342847357	1.0083342847357	1
19	40419942	40419943	63	13	4	2	2	1	NA	NA	NA	unphased	1.24238227146814	1.24238227146814	1
19	40430365	40430366	25	9	4	2	2	1	NA	NA	NA	unphased	1.92260061919505	0.961300309597523	2
19	40902329	40902330	147	60	4	2	2	1	NA	NA	NA	unphased	2.10526315789474	1.05263157894737	2
19	40947770	40947771	22	4	4	2	2	1	NA	NA	NA	unphased	1.11740890688259	1.11740890688259	1
19	41206259	41206260	31	34	4	2	2	1	NA	NA	NA	unphased	3.79919028340081	1.8995951417004	2
19	41271102	41271103	10	5	4	2	2	1	NA	NA	NA	unphased	2.42105263157895	1.21052631578947	2
19	42091819	42091820	81	35	4	2	2	1	NA	NA	NA	unphased	2.19147005444646	1.09573502722323	2
19	42300617	42300618	39	9	4	2	2	1	NA	NA	NA	unphased	1.36184210526316	1.36184210526316	1
19	42314026	42314027	255	64	4	2	2	1	NA	NA	NA	unphased	1.45718528295661	0.728592641478304	2
19	42314027	42314028	250	63	4	2	2	1	NA	NA	NA	unphased	1.46191356986716	0.73095678493358	2
19	42558549	42558550	60	20	4	2	2	1	NA	NA	NA	unphased	1.81578947368421	0.907894736842105	2
19	42753417	42753418	10	3	4	2	2	1	NA	NA	NA	unphased	1.67611336032389	1.67611336032389	1
19	42854495	42854496	13	6	4	2	2	1	NA	NA	NA	unphased	2.29362880886427	1.14681440443213	2
19	42937989	42937990	59	19	4	2	2	1	NA	NA	NA	unphased	1.76923076923077	0.884615384615384	2
19	43268382	43268383	145	52	4	2	2	1	NA	NA	NA	unphased	1.91717873363612	0.95858936681806	2
19	43376077	43376078	273	108	4	2	2	1	NA	NA	NA	unphased	2.0588479071695	1.02942395358475	2
19	43376154	43376155	131	39	4	2	2	1	NA	NA	NA	unphased	1.66625386996904	0.83312693498452	2
19	43376155	43376156	133	40	4	2	2	1	NA	NA	NA	unphased	1.67934286583511	0.839671432917554	2
19	43529124	43529125	141	46	4	2	2	1	NA	NA	NA	unphased	1.78665916127216	0.893329580636082	2
19	43529125	43529126	139	46	4	2	2	1	NA	NA	NA	unphased	1.80597439544808	0.90298719772404	2
19	43680244	43680245	212	83	4	2	2	1	NA	NA	NA	unphased	2.04353256021409	1.02176628010705	2
19	43762265	43762266	61	26	4	2	2	1	NA	NA	NA	unphased	2.17059891107078	1.08529945553539	2
19	43920618	43920619	224	69	4	2	2	1	NA	NA	NA	unphased	1.71043650080833	0.855218250404167	2
19	43979553	43979554	48	9	4	2	2	1	NA	NA	NA	unphased	1.14681440443213	1.14681440443213	1
19	43979684	43979685	43	7	4	2	2	1	NA	NA	NA	unphased	1.01684210526316	1.01684210526316	1
19	44612135	44612136	40	16	4	2	2	1	NA	NA	NA	unphased	2.07518796992481	1.03759398496241	2
19	44612136	44612137	40	16	4	2	2	1	NA	NA	NA	unphased	2.07518796992481	1.03759398496241	2
19	44892049	44892050	75	33	4	2	2	1	NA	NA	NA	unphased	2.21929824561404	1.10964912280702	2
19	44932624	44932625	50	19	4	2	2	1	NA	NA	NA	unphased	2	1	2
19	45024650	45024651	38	19	4	2	2	1	NA	NA	NA	unphased	2.42105263157895	1.21052631578947	2
19	45575599	45575600	92	34	4	2	2	1	NA	NA	NA	unphased	1.95989974937343	0.979949874686717	2
19	45579346	45579347	14	5	4	2	2	1	NA	NA	NA	unphased	1.91135734072022	1.91135734072022	1
19	45774740	45774741	102	55	4	2	2	1	NA	NA	NA	unphased	2.54441837076768	1.27220918538384	2
19	45855525	45855526	52	22	4	2	2	1	NA	NA	NA	unphased	2.15931721194879	1.0796586059744	2
19	46094435	46094436	48	19	4	2	2	1	NA	NA	NA	unphased	2.05970149253731	1.02985074626866	2
19	46807215	46807216	11	3	4	2	2	1	NA	NA	NA	unphased	1.55639097744361	1.55639097744361	1
19	46838210	46838211	44	14	4	2	2	1	NA	NA	NA	unphased	1.75317604355717	0.876588021778584	2
19	47177734	47177735	8	4	4	2	2	1	NA	NA	NA	unphased	2.42105263157895	2.42105263157895	1
19	47197270	47197271	57	22	4	2	2	1	NA	NA	NA	unphased	2.02265156562292	1.01132578281146	2
19	47539223	47539224	11	4	4	2	2	1	NA	NA	NA	unphased	1.93684210526316	1.93684210526316	1
19	47823881	47823882	110	38	4	2	2	1	NA	NA	NA	unphased	1.86486486486486	0.932432432432432	2
19	48305271	48305272	29	11	4	2	2	1	NA	NA	NA	unphased	1.99736842105263	0.998684210526316	2
19	48305272	48305273	29	11	4	2	2	1	NA	NA	NA	unphased	1.99736842105263	0.998684210526316	2
19	48537531	48537532	36	16	4	2	2	1	NA	NA	NA	unphased	2.23481781376518	1.11740890688259	2
19	48551628	48551629	28	9	4	2	2	1	NA	NA	NA	unphased	1.76671408250356	1.76671408250356	1
19	49148861	49148862	12	4	4	2	2	1	NA	NA	NA	unphased	1.81578947368421	1.81578947368421	1
19	49148862	49148863	12	4	4	2	2	1	NA	NA	NA	unphased	1.81578947368421	1.81578947368421	1
19	49253738	49253739	123	43	4	2	2	1	NA	NA	NA	unphased	1.88142041851617	0.940710209258085	2
19	49360718	49360719	17	4	4	2	2	1	NA	NA	NA	unphased	1.38345864661654	1.38345864661654	1
19	49514254	49514255	21	7	4	2	2	1	NA	NA	NA	unphased	1.81578947368421	1.81578947368421	1
19	49656777	49656778	13	6	4	2	2	1	NA	NA	NA	unphased	2.29362880886427	1.14681440443213	2
19	49897832	49897833	71	37	4	2	2	1	NA	NA	NA	unphased	2.48830409356725	1.24415204678363	2
19	50017721	50017722	30	14	4	2	2	1	NA	NA	NA	unphased	2.31100478468899	1.1555023923445	2
19	50099054	50099055	15	8	4	2	2	1	NA	NA	NA	unphased	2.52631578947368	1.26315789473684	2
19	50128893	50128894	19	3	4	2	2	1	NA	NA	NA	unphased	0.990430622009569	0.990430622009569	1
19	50128894	50128895	19	3	4	2	2	1	NA	NA	NA	unphased	0.990430622009569	0.990430622009569	1
19	50266384	50266385	118	32	4	2	2	1	NA	NA	NA	unphased	1.54947368421053	0.774736842105263	2
19	50375100	50375101	174	48	4	2	2	1	NA	NA	NA	unphased	1.57041251778094	0.785206258890469	2
19	50435914	50435915	6	3	4	2	2	1	NA	NA	NA	unphased	2.42105263157895	2.42105263157895	1
19	50455165	50455166	21	8	4	2	2	1	NA	NA	NA	unphased	2.00362976406534	1.00181488203267	2
19	50455594	50455595	74	40	4	2	2	1	NA	NA	NA	unphased	2.54847645429363	1.27423822714681	2
19	50964879	50964880	25	11	4	2	2	1	NA	NA	NA	unphased	2.21929824561404	1.10964912280702	2
19	51128520	51128521	5	3	4	2	2	1	NA	NA	NA	unphased	2.72368421052632	2.72368421052632	1
19	51273937	51273938	31	17	4	2	2	1	NA	NA	NA	unphased	2.57236842105263	1.28618421052632	2
19	51363306	51363307	70	32	4	2	2	1	NA	NA	NA	unphased	2.27863777089783	1.13931888544892	2
19	51363307	51363308	69	33	4	2	2	1	NA	NA	NA	unphased	2.34984520123839	1.1749226006192	2
19	51363312	51363313	73	28	4	2	2	1	NA	NA	NA	unphased	2.01354872329338	1.00677436164669	2
19	51363400	51363401	62	16	4	2	2	1	NA	NA	NA	unphased	1.48987854251012	1.48987854251012	1
19	51630350	51630351	101	34	4	2	2	1	NA	NA	NA	unphased	1.82923976608187	0.914619883040936	2
19	51875547	51875548	135	54	4	2	2	1	NA	NA	NA	unphased	2.07518796992481	1.03759398496241	2
19	51960818	51960819	35	12	4	2	2	1	NA	NA	NA	unphased	1.85442329227324	0.927211646136618	2
19	52130778	52130779	64	36	4	2	2	1	NA	NA	NA	unphased	2.61473684210526	1.30736842105263	2
19	52469170	52469171	136	36	4	2	2	1	NA	NA	NA	unphased	1.52019583843329	0.760097919216646	2
19	53209324	53209325	64	31	4	2	2	1	NA	NA	NA	unphased	2.37008310249307	1.18504155124654	2
19	53321200	53321201	74	24	4	2	2	1	NA	NA	NA	unphased	1.77873254564984	0.889366272824919	2
19	53484206	53484207	25	13	4	2	2	1	NA	NA	NA	unphased	2.48476454293629	1.24238227146814	2
19	53770359	53770360	43	9	4	2	2	1	NA	NA	NA	unphased	1.25708502024291	1.25708502024291	1
19	53886190	53886191	24	11	4	2	2	1	NA	NA	NA	unphased	2.28270676691729	1.14135338345865	2
19	54313564	54313565	112	33	4	2	2	1	NA	NA	NA	unphased	1.6529945553539	0.826497277676951	2
19	54822823	54822824	44	17	4	2	2	1	NA	NA	NA	unphased	2.02415875754961	1.01207937877481	2
19	54848847	54848848	27	5	4	2	2	1	NA	NA	NA	unphased	1.13486842105263	1.13486842105263	1
19	54867866	54867867	30	20	4	2	2	1	NA	NA	NA	unphased	2.90526315789474	1.45263157894737	2
19	55087342	55087343	28	18	4	2	2	1	NA	NA	NA	unphased	2.84210526315789	1.42105263157895	2
19	55144752	55144753	92	45	4	2	2	1	NA	NA	NA	unphased	2.3857087975413	1.19285439877065	2
19	55175220	55175221	62	20	4	2	2	1	NA	NA	NA	unphased	1.77150192554557	0.885750962772786	2
19	55175752	55175753	81	19	4	2	2	1	NA	NA	NA	unphased	1.38	1.38	1
19	55176253	55176254	24	13	4	2	2	1	NA	NA	NA	unphased	2.55192034139403	1.27596017069701	2
19	55221615	55221616	56	13	4	2	2	1	NA	NA	NA	unphased	1.36842105263158	1.36842105263158	1
19	55224634	55224635	23	11	4	2	2	1	NA	NA	NA	unphased	2.34984520123839	1.1749226006192	2
19	55359235	55359236	35	25	4	2	2	1	NA	NA	NA	unphased	3.02631578947368	1.51315789473684	2
19	55396689	55396690	42	17	4	2	2	1	NA	NA	NA	unphased	2.09277430865299	1.04638715432649	2
19	55451597	55451598	40	15	4	2	2	1	NA	NA	NA	unphased	1.98086124401914	0.990430622009569	2
19	55690409	55690410	13	7	4	2	2	1	NA	NA	NA	unphased	2.54210526315789	1.27105263157895	2
19	55690410	55690411	13	7	4	2	2	1	NA	NA	NA	unphased	2.54210526315789	1.27105263157895	2
19	55696962	55696963	41	10	4	2	2	1	NA	NA	NA	unphased	1.42414860681115	1.42414860681115	1
19	56113649	56113650	5	4	4	2	2	1	NA	NA	NA	unphased	3.2280701754386	1.6140350877193	2
19	56241253	56241254	75	22	4	2	2	1	NA	NA	NA	unphased	1.64731416169289	0.823657080846446	2
19	56243383	56243384	28	23	4	2	2	1	NA	NA	NA	unphased	3.27554179566563	1.63777089783282	2
19	56320466	56320467	103	40	4	2	2	1	NA	NA	NA	unphased	2.03165255796835	1.01582627898417	2
19	56369831	56369832	39	8	4	2	2	1	NA	NA	NA	unphased	1.23628219484882	1.23628219484882	1
19	56372789	56372790	57	17	4	2	2	1	NA	NA	NA	unphased	1.66856330014225	0.834281650071124	2
19	56490840	56490841	101	41	4	2	2	1	NA	NA	NA	unphased	2.09710896960712	1.04855448480356	2
19	56896407	56896408	101	47	4	2	2	1	NA	NA	NA	unphased	2.30654338549075	1.15327169274538	2
19	56952565	56952566	82	31	4	2	2	1	NA	NA	NA	unphased	1.992547741034	0.996273870517	2
19	57132934	57132935	42	8	4	2	2	1	NA	NA	NA	unphased	1.16210526315789	1.16210526315789	1
19	57175845	57175846	34	10	4	2	2	1	NA	NA	NA	unphased	1.65071770334928	1.65071770334928	1
19	57286717	57286718	51	17	4	2	2	1	NA	NA	NA	unphased	1.81578947368421	0.907894736842105	2
19	57327108	57327109	74	25	4	2	2	1	NA	NA	NA	unphased	1.8341307814992	0.917065390749601	2
19	57327240	57327241	48	19	4	2	2	1	NA	NA	NA	unphased	2.05970149253731	1.02985074626866	2
19	57330025	57330026	111	37	4	2	2	1	NA	NA	NA	unphased	1.81578947368421	0.907894736842105	2
19	57646650	57646651	102	48	4	2	2	1	NA	NA	NA	unphased	2.32421052631579	1.16210526315789	2
19	57984619	57984620	22	9	4	2	2	1	NA	NA	NA	unphased	2.10865874363328	1.05432937181664	2
19	58419879	58419880	57	24	4	2	2	1	NA	NA	NA	unphased	2.15204678362573	1.07602339181287	2
19	58421470	58421471	66	10	4	2	2	1	NA	NA	NA	unphased	0.955678670360111	0.955678670360111	1
19	58437667	58437668	77	28	4	2	2	1	NA	NA	NA	unphased	1.93684210526316	0.968421052631579	2
19	58619295	58619296	22	3	4	2	2	1	NA	NA	NA	unphased	0.871578947368421	0.871578947368421	1
19	58790458	58790459	6	4	4	2	2	1	NA	NA	NA	unphased	2.90526315789474	1.45263157894737	2
19	58967781	58967782	98	27	4	2	2	1	NA	NA	NA	unphased	1.56884210526316	0.784421052631579	2
19	59068058	59068059	47	11	4	2	2	1	NA	NA	NA	unphased	1.37749546279492	1.37749546279492	1
2	17919517	17919518	42	30	2.36	3	2	0.34	1	0	0.66	unphased	2.34298245614035	1.00127455390613	2.34
2	20135324	20135325	42	26	2.52	3	2	0.38	1	0	0.62	unphased	2.21120743034056	0.929078752243932	2.38
2	20205529	20205530	19	10	2.52	3	2	0.38	1	0	0.62	unphased	1.99419237749546	1.13306385084969	1.76
2	21232685	21232686	53	14	2.52	3	2	0.38	1	0	0.62	unphased	1.20842105263158	1.20842105263158	1
2	21232686	21232687	53	15	2.52	3	2	0.38	1	0	0.62	unphased	1.27569659442724	1.27569659442724	1
2	21245800	21245801	78	14	2.52	3	2	0.38	1	0	0.62	unphased	0.880045766590389	0.880045766590389	1
2	25964794	25964795	9	3	2.52	3	2	0.38	1	0	0.62	unphased	1.44578947368421	1.44578947368421	1
2	25965920	25965921	101	74	2.52	3	2	0.38	1	0	0.62	unphased	2.44544962406015	1.02749984204208	2.38
2	26502004	26502005	78	39	2.52	3	2	0.38	1	0	0.62	unphased	1.92771929824561	1.09529505582137	1.76
2	27360637	27360638	73	49	2.52	3	2	0.38	1	0	0.62	unphased	2.32274374460742	0.975942749835051	2.38
2	27478196	27478197	102	29	2.52	3	2	0.38	1	0	0.62	unphased	1.28024106066693	1.28024106066693	1
2	27549627	27549628	50	37	2.52	3	2	0.38	1	0	0.62	unphased	2.4595039322444	1.03340501354807	2.38
2	27601442	27601443	57	42	2.52	3	2	0.38	1	0	0.62	unphased	2.45346092503987	1.0308659348907	2.38
2	29917742	29917743	146	42	2.52	3	2	0.38	1	0	0.62	unphased	1.29198208286674	0.936218900628073	1.38
2	30863370	30863371	132	32	2.52	3	2	0.38	1	0	0.62	unphased	1.12842105263158	1.12842105263158	1
2	31483721	31483722	96	41	2.52	3	2	0.38	1	0	0.62	unphased	1.73072608528621	0.983367093912618	1.76
2	32673989	32673990	33	10	2.52	3	2	0.38	1	0	0.62	unphased	1.34492044063647	1.34492044063647	1
2	33764238	33764239	12	3	2.52	3	2	0.38	1	0	0.62	unphased	1.15663157894737	1.15663157894737	1
2	37028482	37028483	77	74	2	2	0	1	NA	NA	NA	unphased	2.57929592192402	1.28964796096201	2
2	37873402	37873403	38	29	2	2	0	1	NA	NA	NA	unphased	2.27808326787117	1.13904163393559	2
2	39514088	39514089	17	17	2	2	0	1	NA	NA	NA	unphased	2.63157894736842	1.31578947368421	2
2	43452380	43452381	22	13	2	2	0	1	NA	NA	NA	unphased	1.95488721804511	0.977443609022556	2
2	49190218	49190219	33	8	2.56	3	2	0.39	1	0	0.61	unphased	1.13622593068036	1.13622593068036	1
2	50318589	50318590	104	27	2.56	3	2	0.39	1	0	0.61	unphased	1.20019284853355	1.20019284853355	1
2	54081632	54081633	21	23	2.6	3	2	0.4	1	0	0.6	unphased	3.06483253588517	1.27701355661882	2.4
2	54873336	54873337	161	78	2.6	3	2	0.4	1	0	0.6	unphased	1.91349922924466	1.06305512735814	1.8
2	54891665	54891666	158	61	2.6	3	2	0.4	1	0	0.6	unphased	1.63311703917328	0.907287243985153	1.8
2	55523409	55523410	29	9	2.6	3	2	0.4	1	0	0.6	unphased	1.38864265927978	1.38864265927978	1
2	55539660	55539661	35	17	2.6	3	2	0.4	1	0	0.6	unphased	1.9168016194332	1.064889788574	1.8
2	60688030	60688031	87	43	2.6	3	2	0.4	1	0	0.6	unphased	1.93935222672065	1.07741790373369	1.8
2	61508333	61508334	33	14	2.6	3	2	0.4	1	0	0.6	unphased	1.7464725643897	0.970262535772054	1.8
2	61575238	61575239	120	34	2.6	3	2	0.4	1	0	0.6	unphased	1.29446343130554	1.29446343130554	1
2	64779888	64779889	109	41	2.6	3	2	0.4	1	0	0.6	unphased	1.60259649122807	0.890331384015594	1.8
2	65228617	65228618	108	24	2.6	3	2	0.4	1	0	0.6	unphased	1.06602870813397	1.06602870813397	1
2	67631204	67631205	27	3	2.6	3	2	0.4	1	0	0.6	unphased	0.586315789473684	0.586315789473684	1
2	69093043	69093044	39	11	2.6	3	2	0.4	1	0	0.6	unphased	1.28989473684211	1.28989473684211	1
2	69098267	69098268	110	30	2.6	3	2	0.4	1	0	0.6	unphased	1.25639097744361	1.25639097744361	1
2	69173338	69173339	14	6	2.6	3	2	0.4	1	0	0.6	unphased	1.75894736842105	1.75894736842105	1
2	69372527	69372528	16	3	2.6	3	2	0.4	1	0	0.6	unphased	0.925761772853186	0.925761772853186	1
2	69555505	69555506	70	45	2.6	3	2	0.4	1	0	0.6	unphased	2.29427917620137	0.955949656750572	2.4
2	70121097	70121098	46	8	2.6	3	2	0.4	1	0	0.6	unphased	0.868615984405458	0.868615984405458	1
2	71062692	71062693	55	8	2.6	3	2	0.4	1	0	0.6	unphased	0.74452798663325	0.74452798663325	1
2	71300654	71300655	367	127	2.6	3	2	0.4	1	0	0.6	unphased	1.50733006605583	1.07666433289702	1.4
2	71351481	71351482	113	39	2.6	3	2	0.4	1	0	0.6	unphased	1.50436288088643	1.07454491491888	1.4
2	73519459	73519460	17	13	2.6	3	2	0.4	1	0	0.6	unphased	2.54070175438597	1.05862573099415	2.4
2	73679687	73679688	135	64	2.6	3	2	0.4	1	0	0.6	unphased	1.88563871991537	1.04757706661965	1.8
2	74320710	74320711	38	26	2.6	3	2	0.4	1	0	0.6	unphased	2.38190789473684	0.992461622807018	2.4
2	74460641	74460642	42	8	2.6	3	2	0.4	1	0	0.6	unphased	0.938105263157895	0.938105263157895	1
2	74720116	74720117	171	90	2.6	3	2	0.4	1	0	0.6	unphased	2.02177858439202	1.12321032466223	1.8
2	74750656	74750657	47	14	2.6	3	2	0.4	1	0	0.6	unphased	1.34564279551337	1.34564279551337	1
2	79253854	79253855	43	21	2.6	3	2	0.4	1	0	0.6	unphased	1.92384868421053	1.0688048245614	1.8
2	79349994	79349995	121	39	2.6	3	2	0.4	1	0	0.6	unphased	1.42914473684211	1.02081766917293	1.4
2	80529418	80529419	32	21	2.6	3	2	0.4	1	0	0.6	unphased	2.32313803376365	0.967974180734856	2.4
2	86693783	86693784	91	51	2.6	3	2	0.4	1	0	0.6	unphased	2.10578206078577	0.87740919199407	2.4
2	88828743	88828744	82	66	2.28	3	2	0.32	1	0	0.68	unphased	2.47194879089616	1.06549516848972	2.32
2	88890107	88890108	22	17	2.28	3	2	0.32	1	0	0.68	unphased	2.41624831309042	1.04148634184932	2.32
2	89266225	89266226	162	84	2.28	3	2	0.32	1	0	0.68	unphased	1.89278562259307	1.15413757475187	1.64
2	89309918	89309919	95	68	2.28	3	2	0.32	1	0	0.68	unphased	2.31248304811107	0.996759934530636	2.32
2	90060917	90060918	106	32	2.28	3	2	0.32	1	0	0.68	unphased	1.28536994660564	1.28536994660564	1
2	90121894	90121895	274	34	2.28	3	2	0.32	1	0	0.68	unphased	0.611907040328093	0.611907040328093	1
2	95481749	95481750	68	32	2.28	3	2	0.32	1	0	0.68	unphased	1.77381052631579	1.0815917843389	1.64
2	96698162	96698163	5	6	2.28	3	2	0.32	1	0	0.68	unphased	3.02354066985646	1.30325028873123	2.32
2	96963421	96963422	87	42	2.28	3	2	0.32	1	0	0.68	unphased	1.80474908200734	1.10045675732155	1.64
2	99454631	99454632	40	13	2.32	3	2	0.33	1	0	0.67	unphased	1.36945382323734	1.36945382323734	1
2	101098748	101098749	75	23	2.32	3	2	0.33	1	0	0.67	unphased	1.31033297529538	1.31033297529538	1
2	101607258	101607259	58	5	2.32	3	2	0.33	1	0	0.67	unphased	0.443107769423559	1.34275081643503	0.33
2	107052694	107052695	95	25	2.12	3	2	0.28	1	0	0.72	unphased	1.12149122807018	1.12149122807018	1
2	107449036	107449037	72	41	2.12	3	2	0.28	1	0	0.72	unphased	1.95318118304611	0.856658413616715	2.28
2	108625100	108625101	44	21	2.12	3	2	0.28	1	0	0.72	unphased	1.73917408906883	1.11485518530053	1.56
2	108872049	108872050	114	45	2.12	3	2	0.28	1	0	0.72	unphased	1.52353525322741	0.976625162325262	1.56
2	109111758	109111759	16	7	2.12	3	2	0.28	1	0	0.72	unphased	1.638352402746	1.638352402746	1
2	109524428	109524429	52	29	2.12	3	2	0.28	1	0	0.72	unphased	1.92730344379467	0.845308527980119	2.28
2	109964327	109964328	21	11	2.12	3	2	0.28	1	0	0.72	unphased	1.85046052631579	1.18619264507422	1.56
2	113785631	113785632	81	46	2.12	3	2	0.28	1	0	0.72	unphased	1.94980522171571	0.855177728822679	2.28
2	118572280	118572281	17	9	2.12	3	2	0.28	1	0	0.72	unphased	1.8634008097166	0.817281056893245	2.28
2	118572281	118572282	17	9	2.12	3	2	0.28	1	0	0.72	unphased	1.8634008097166	0.817281056893245	2.28
2	120020706	120020707	140	39	2.12	3	2	0.28	1	0	0.72	unphased	1.17286680388121	1.17286680388121	1
2	122098461	122098462	17	8	2.12	3	2	0.28	1	0	0.72	unphased	1.72261052631579	1.72261052631579	1
2	125530377	125530378	58	19	2.12	3	2	0.28	1	0	0.72	unphased	1.32831168831169	1.32831168831169	1
2	128346108	128346109	69	53	2.12	3	2	0.28	1	0	0.72	unphased	2.33858498705781	1.0256951697622	2.28
2	128394136	128394137	29	8	2.12	3	2	0.28	1	0	0.72	unphased	1.16392603129445	1.16392603129445	1
2	128520697	128520698	95	42	2.12	3	2	0.28	1	0	0.72	unphased	1.65031117940838	1.05789178167204	1.56
2	132238025	132238026	119	54	1.68	3	2	0.17	1	0	0.83	unphased	1.54295101916641	1.15145598445255	1.34
2	135308153	135308154	72	26	1.68	3	2	0.17	1	0	0.83	unphased	1.31145005370569	1.31145005370569	1
2	136558188	136558189	61	18	1.68	3	2	0.17	1	0	0.83	unphased	1.12628914057295	1.12628914057295	1
2	136558189	136558190	61	17	1.68	3	2	0.17	1	0	0.83	unphased	1.07735492577598	1.07735492577598	1
2	137814437	137814438	175	111	1.68	3	2	0.17	1	0	0.83	unphased	1.9184983437615	0.884100619244932	2.17
2	138771397	138771398	31	26	1.68	3	2	0.17	1	0	0.83	unphased	2.25477377654663	1.0390662564731	2.17
2	141108423	141108424	34	28	1.68	3	2	0.17	1	0	0.83	unphased	2.23239388794567	1.02875294375377	2.17
2	141208175	141208176	81	24	1.68	3	2	0.17	1	0	0.83	unphased	1.12986466165414	1.12986466165414	1
2	141986854	141986855	26	8	1.68	3	2	0.17	1	0	0.83	unphased	1.1630959752322	1.1630959752322	1
2	145156982	145156983	116	37	1.68	3	2	0.17	1	0	0.83	unphased	1.19540419676643	1.19540419676643	1
2	145157794	145157795	22	15	1.68	3	2	0.17	1	0	0.83	unphased	2.00398293029872	0.923494437925677	2.17
2	152107514	152107515	61	35	1.6	3	2	0.15	1	0	0.85	unphased	1.77302631578947	0.824663402692778	2.15
2	152326321	152326322	68	18	1.6	3	2	0.15	1	0	0.85	unphased	1.01787025703794	1.01787025703794	1
2	153520684	153520685	60	24	1.6	3	2	0.15	1	0	0.85	unphased	1.38947368421053	1.06882591093117	1.3
2	154334708	154334709	6	5	1.6	3	2	0.15	1	0	0.85	unphased	2.21052631578947	1.0281517747858	2.15
2	154334853	154334854	37	22	1.6	3	2	0.15	1	0	0.85	unphased	1.81338090990187	0.843432981349709	2.15
2	160289593	160289594	150	56	1.6	3	2	0.15	1	0	0.85	unphased	1.32202350536536	1.01694115797335	1.3
2	163070476	163070477	163	82	1.6	3	2	0.15	1	0	0.85	unphased	1.62766917293233	0.757055429270852	2.15
2	163374306	163374307	65	37	1.6	3	2	0.15	1	0	0.85	unphased	1.7640866873065	0.820505435956512	2.15
2	163374339	163374340	74	27	1.6	3	2	0.15	1	0	0.85	unphased	1.30005211047421	1.30005211047421	1
2	166021015	166021016	37	7	1.6	3	2	0.15	1	0	0.85	unphased	0.773684210526316	0.773684210526316	1
2	166164392	166164393	127	44	1.6	3	2	0.15	1	0	0.85	unphased	1.25133887349954	1.25133887349954	1
2	166243459	166243460	53	35	1.6	3	2	0.15	1	0	0.85	unphased	1.93421052631579	0.899632802937577	2.15
2	166894559	166894560	77	24	1.6	3	2	0.15	1	0	0.85	unphased	1.15560187597707	1.15560187597707	1
2	167055865	167055866	70	43	1.6	3	2	0.15	1	0	0.85	unphased	1.85058220773172	0.860735910572892	2.15
2	167297905	167297906	13	7	1.6	3	2	0.15	1	0	0.85	unphased	1.70210526315789	1.70210526315789	1
2	167327136	167327137	10	8	1.6	3	2	0.15	1	0	0.85	unphased	2.16140350877193	1.00530395756834	2.15
2	168107319	168107320	88	27	1.6	3	2	0.15	1	0	0.85	unphased	1.14178489702517	1.14178489702517	1
2	168725971	168725972	52	15	1.6	3	2	0.15	1	0	0.85	unphased	1.08876669285153	1.08876669285153	1
2	169997025	169997026	50	12	1.6	3	2	0.15	1	0	0.85	unphased	0.94125636672326	0.94125636672326	1
2	169997026	169997027	52	12	1.6	3	2	0.15	1	0	0.85	unphased	0.911842105263158	0.911842105263158	1
2	170029717	170029718	43	7	1.6	3	2	0.15	1	0	0.85	unphased	0.680842105263158	0.680842105263158	1
2	170937151	170937152	76	27	1.6	3	2	0.15	1	0	0.85	unphased	1.27480838017374	1.27480838017374	1
2	173891400	173891401	55	38	1.6	3	2	0.15	1	0	0.85	unphased	1.98709677419355	0.924231057764441	2.15
2	174052311	174052312	62	23	1.6	3	2	0.15	1	0	0.85	unphased	1.3159133126935	1.3159133126935	1
2	174230213	174230214	66	39	1.6	3	2	0.15	1	0	0.85	unphased	1.80631578947368	0.84014687882497	2.15
2	175436840	175436841	38	10	1.6	3	2	0.15	1	0	0.85	unphased	1.01315789473684	1.01315789473684	1
2	176948465	176948466	89	59	1.6	3	2	0.15	1	0	0.85	unphased	1.93869132290185	0.901716894372953	2.15
2	179368635	179368636	57	5	1.6	3	2	0.15	1	0	0.85	unphased	0.392190152801358	0.392190152801358	1
2	179396883	179396884	26	9	1.6	3	2	0.15	1	0	0.85	unphased	1.25052631578947	1.25052631578947	1
2	179427448	179427449	32	16	1.6	3	2	0.15	1	0	0.85	unphased	1.62105263157895	0.753977968176255	2.15
2	179430068	179430069	106	57	1.6	3	2	0.15	1	0	0.85	unphased	1.70061349693252	0.790983021829077	2.15
2	179438953	179438954	45	9	1.6	3	2	0.15	1	0	0.85	unphased	0.810526315789474	0.810526315789474	1
2	179451897	179451898	145	86	1.6	3	2	0.15	1	0	0.85	unphased	1.81052631578947	0.842105263157895	2.15
2	179453880	179453881	72	19	1.6	3	2	0.15	1	0	0.85	unphased	1.01538461538462	1.01538461538462	1
2	179463525	179463526	156	94	1.6	3	2	0.15	1	0	0.85	unphased	1.82854736842105	0.850487148102815	2.15
2	179468655	179468656	66	47	1.6	3	2	0.15	1	0	0.85	unphased	2.0227293898463	0.940804367370371	2.15
2	179571616	179571617	11	5	1.6	3	2	0.15	1	0	0.85	unphased	1.51973684210526	1.51973684210526	1
2	179579943	179579944	78	25	1.6	3	2	0.15	1	0	0.85	unphased	1.1803781297905	1.1803781297905	1
2	179586651	179586652	137	61	1.6	3	2	0.15	1	0	0.85	unphased	1.49824561403509	1.15249662618084	1.3
2	179592457	179592458	227	56	1.6	3	2	0.15	1	0	0.85	unphased	0.962320996838386	0.962320996838386	1
2	179597595	179597596	33	15	1.6	3	2	0.15	1	0	0.85	unphased	1.51973684210526	1.16902834008097	1.3
2	179611812	179611813	94	27	1.6	3	2	0.15	1	0	0.85	unphased	1.08516746411483	1.08516746411483	1
2	179615635	179615636	86	36	1.6	3	2	0.15	1	0	0.85	unphased	1.43503019844694	1.10386938342072	1.3
2	179636175	179636176	71	35	1.6	3	2	0.15	1	0	0.85	unphased	1.60575968222443	1.23519975555725	1.3
2	179640445	179640446	105	49	1.6	3	2	0.15	1	0	0.85	unphased	1.54736842105263	1.19028340080972	1.3
2	186697924	186697925	45	23	5	3	2	1	NA	NA	NA	unphased	2.79489164086687	0.931630546955624	3
2	187626388	187626389	68	24	5	3	2	1	NA	NA	NA	unphased	2.15560640732265	1.07780320366133	2
2	189849592	189849593	58	30	5	3	2	1	NA	NA	NA	unphased	2.81698564593301	0.938995215311005	3
2	190608156	190608157	35	10	5	3	2	1	NA	NA	NA	unphased	1.83625730994152	0.91812865497076	2
2	192012838	192012839	66	26	5	3	2	1	NA	NA	NA	unphased	2.33524027459954	1.16762013729977	2
2	196681395	196681396	30	13	5	3	2	1	NA	NA	NA	unphased	2.49816401468788	0.832721338229294	3
2	198495760	198495761	41	11	5	3	2	1	NA	NA	NA	unphased	1.74797570850202	0.873987854251012	2
2	198949861	198949862	47	9	5	3	2	1	NA	NA	NA	unphased	1.32800751879699	1.32800751879699	1
2	201515720	201515721	61	33	5	3	2	1	NA	NA	NA	unphased	2.90089585666293	0.966965285554311	3
2	202545672	202545673	33	12	5	3	2	1	NA	NA	NA	unphased	2.20350877192982	1.10175438596491	2
2	206166225	206166226	135	7	5	3	2	1	NA	NA	NA	unphased	0.407338769458858	0.407338769458858	1
2	209007372	209007373	104	53	5	3	2	1	NA	NA	NA	unphased	2.78947368421053	0.929824561403509	3
2	209200026	209200027	147	41	5	3	2	1	NA	NA	NA	unphased	1.80207166853303	0.901035834266517	2
2	209358170	209358171	23	21	5	3	2	1	NA	NA	NA	unphased	3.94377990430622	1.31459330143541	3
2	215865484	215865485	102	28	5	3	2	1	NA	NA	NA	unphased	1.77975708502024	0.889878542510121	2
2	216289822	216289823	244	117	5	3	2	1	NA	NA	NA	unphased	2.6780871847208	0.892695728240268	3
2	217280123	217280124	111	38	5	3	2	1	NA	NA	NA	unphased	2.10738255033557	1.05369127516779	2
2	218682682	218682683	10	3	5	3	2	1	NA	NA	NA	unphased	1.90688259109312	1.90688259109312	1
2	219204587	219204588	31	7	5	3	2	1	NA	NA	NA	unphased	1.52216066481994	1.52216066481994	1
2	219209670	219209671	55	44	5	3	2	1	NA	NA	NA	unphased	3.67251461988304	1.22417153996101	3
2	219557365	219557366	42	21	5	3	2	1	NA	NA	NA	unphased	2.75438596491228	0.91812865497076	3
2	219694830	219694831	101	46	5	3	2	1	NA	NA	NA	unphased	2.58575008950949	0.861916696503163	3
2	219883865	219883866	95	36	5	3	2	1	NA	NA	NA	unphased	2.2707914825231	1.13539574126155	2
2	219894863	219894864	125	37	5	3	2	1	NA	NA	NA	unphased	1.8872644574399	0.943632228719948	2
2	219900262	219900263	124	41	5	3	2	1	NA	NA	NA	unphased	2.05326953748006	1.02663476874003	2
2	219900263	219900264	125	41	5	3	2	1	NA	NA	NA	unphased	2.04090044388079	1.02045022194039	2
2	219903296	219903297	21	7	5	3	2	1	NA	NA	NA	unphased	2.06578947368421	1.03289473684211	2
2	220500079	220500080	73	20	5	3	2	1	NA	NA	NA	unphased	1.77702320316921	0.888511601584607	2
2	224462446	224462447	49	22	5	3	2	1	NA	NA	NA	unphased	2.56041512231282	0.853471707437608	3
2	224866464	224866465	63	22	5	3	2	1	NA	NA	NA	unphased	2.13869969040248	1.06934984520124	2
2	226446900	226446901	126	48	5	3	2	1	NA	NA	NA	unphased	2.27949183303085	1.13974591651543	2
2	227915819	227915820	129	41	5	3	2	1	NA	NA	NA	unphased	1.99287925696594	0.996439628482972	2
2	228563927	228563928	135	71	5	3	2	1	NA	NA	NA	unphased	2.84798160449668	0.949327201498893	3
2	228883076	228883077	72	39	5	3	2	1	NA	NA	NA	unphased	2.90327169274538	0.967757230915126	3
2	230450653	230450654	48	27	5	3	2	1	NA	NA	NA	unphased	2.97473684210526	0.991578947368421	3
2	230633983	230633984	105	40	5	3	2	1	NA	NA	NA	unphased	2.27949183303085	1.13974591651543	2
2	230636298	230636299	77	35	5	3	2	1	NA	NA	NA	unphased	2.58223684210526	0.860745614035088	3
2	230902196	230902197	40	8	5	3	2	1	NA	NA	NA	unphased	1.37719298245614	1.37719298245614	1
2	231112719	231112720	47	29	5	3	2	1	NA	NA	NA	unphased	3.15304709141274	1.05101569713758	3
2	233349208	233349209	142	41	5	3	2	1	NA	NA	NA	unphased	1.85130859936727	0.925654299683635	2
2	233612406	233612407	80	47	5	3	2	1	NA	NA	NA	unphased	3.05801906340655	1.01933968780218	3
2	233655796	233655797	39	20	5	3	2	1	NA	NA	NA	unphased	2.80107047279215	0.933690157597383	3
2	234078732	234078733	97	27	5	3	2	1	NA	NA	NA	unphased	1.79923599320883	0.899617996604414	2
2	234394436	234394437	21	6	5	3	2	1	NA	NA	NA	unphased	1.83625730994152	1.83625730994152	1
2	234846093	234846094	120	76	5	3	2	1	NA	NA	NA	unphased	3.20408163265306	1.06802721088435	3
2	238234250	238234251	98	58	5	3	2	1	NA	NA	NA	unphased	3.07219973009447	1.02406657669816	3
2	238280348	238280349	94	49	5	3	2	1	NA	NA	NA	unphased	2.83143172616857	0.943810575389523	3
2	238287377	238287378	44	20	5	3	2	1	NA	NA	NA	unphased	2.58223684210526	0.860745614035088	3
2	238436137	238436138	69	35	5	3	2	1	NA	NA	NA	unphased	2.78087044534413	0.92695681511471	3
2	239025577	239025578	42	27	5	3	2	1	NA	NA	NA	unphased	3.23340961098398	1.07780320366133	3
2	239040336	239040337	107	53	5	3	2	1	NA	NA	NA	unphased	2.73717105263158	0.912390350877193	3
2	239040337	239040338	110	53	5	3	2	1	NA	NA	NA	unphased	2.6867936712948	0.8955978904316	3
2	240056268	240056269	52	27	5	3	2	1	NA	NA	NA	unphased	2.82411725516322	0.941372418387741	3
2	240984689	240984690	95	59	5	3	2	1	NA	NA	NA	unphased	3.16575529733424	1.05525176577808	3
2	240985204	240985205	44	18	5	3	2	1	NA	NA	NA	unphased	2.39898132427844	1.19949066213922	2
2	241465835	241465836	63	22	5	3	2	1	NA	NA	NA	unphased	2.13869969040248	1.06934984520124	2
2	241569407	241569408	74	14	5	3	2	1	NA	NA	NA	unphased	1.31459330143541	1.31459330143541	1
2	241737128	241737129	28	16	5	3	2	1	NA	NA	NA	unphased	3.00478468899522	1.00159489633174	3
2	242741318	242741319	64	41	5	3	2	1	NA	NA	NA	unphased	3.2265664160401	1.07552213868003	3
20	398204	398205	65	35	3.2	3	3	0.44	1	0	0.56	unphased	2.2621052631579	0.92709232096635	2.44
20	398205	398206	62	34	3.2	3	3	0.44	1	0	0.56	unphased	2.2890350877193	0.938129134311188	2.44
20	744530	744531	62	21	3.2	3	3	0.44	1	0	0.56	unphased	1.63525681674065	0.86981745571311	1.88
20	1592144	1592145	42	50	NA	NA	NA	NA	NA	NA	NA	unphased	NA	NA	1
20	2464479	2464480	58	25	3.56	3	3	0.39	1	1	0.61	unphased	2.05516804058339	0.859902945850789	2.39
20	2844714	2844715	105	45	3.56	3	3	0.39	1	1	0.61	unphased	2.04694736842105	0.856463334067386	2.39
20	3129653	3129654	92	39	3.56	3	3	0.39	1	1	0.61	unphased	2.03132181599036	1.14119203145526	1.78
20	3146826	3146827	24	10	3.56	3	3	0.39	1	1	0.61	unphased	2.00681114551084	1.12742199186002	1.78
20	3553589	3553590	41	28	3.56	3	3	0.39	1	1	0.61	unphased	2.76881769641495	1.15850112820709	2.39
20	3781950	3781951	156	61	3.56	3	3	0.39	1	1	0.61	unphased	1.91803056027165	1.07754525857958	1.78
20	3781951	3781952	158	63	3.56	3	3	0.39	1	1	0.61	unphased	1.94506311026435	1.09273208441817	1.78
20	9360720	9360721	31	19	3.56	3	3	0.39	1	1	0.61	unphased	2.5928	1.08485355648536	2.39
20	9561037	9561038	76	34	3.56	3	3	0.39	1	1	0.61	unphased	2.10897607655502	0.882416768433064	2.39
20	9624868	9624869	67	39	3.56	3	3	0.39	1	1	0.61	unphased	2.51040714995035	1.05037956064868	2.39
20	11904085	11904086	77	44	3.56	3	3	0.39	1	1	0.61	unphased	2.48114832535885	1.03813737462713	2.39
20	17462543	17462544	43	21	3.56	3	3	0.39	1	1	0.61	unphased	2.23884868421053	0.936756771636203	2.39
20	17489554	17489555	25	6	3.56	3	3	0.39	1	1	0.61	unphased	1.32061120543294	1.32061120543294	1
20	19981549	19981550	53	23	3.56	3	3	0.39	1	1	0.61	unphased	2.06490304709141	0.863976170331135	2.39
20	20621416	20621417	61	26	3.56	3	3	0.39	1	1	0.61	unphased	2.03910465819722	1.14556441471754	1.78
20	23065109	23065110	122	69	3.56	3	3	0.39	1	1	0.61	unphased	2.46491044364839	1.03134328186125	2.39
20	23065325	23065326	120	48	3.56	3	3	0.39	1	1	0.61	unphased	1.94947368421053	1.09520993494973	1.78
20	23473603	23473604	190	87	3.56	3	3	0.39	1	1	0.61	unphased	2.14301349040471	0.896658364186072	2.39
20	30671795	30671796	75	39	3.56	3	3	0.39	1	1	0.61	unphased	2.33423822714681	0.97666871428737	2.39
20	30674427	30674428	19	6	3.56	3	3	0.39	1	1	0.61	unphased	1.63755789473684	1.63755789473684	1
20	31573550	31573551	58	20	3.56	3	3	0.39	1	1	0.61	unphased	1.74952766531714	0.982880710852325	1.78
20	31625415	31625416	81	49	3.56	3	3	0.39	1	1	0.61	unphased	2.57180566801619	1.07606931716159	2.39
20	31672706	31672707	36	28	3.56	3	3	0.39	1	1	0.61	unphased	2.98513157894737	1.24900902884827	2.39
20	31695575	31695576	52	21	3.56	3	3	0.39	1	1	0.61	unphased	1.96282624369142	1.10271137286035	1.78
20	31757058	31757059	144	59	3.56	3	3	0.39	1	1	0.61	unphased	1.98308529945553	1.11409286486266	1.78
20	32664947	32664948	44	26	3.56	3	3	0.39	1	1	0.61	unphased	2.53431578947368	1.060383175512	2.39
20	33338192	33338193	42	22	3.56	3	3	0.39	1	1	0.61	unphased	2.34546052631579	0.981364236952213	2.39
20	33338193	33338194	43	22	3.56	3	3	0.39	1	1	0.61	unphased	2.30937651821862	0.966266325614487	2.39
20	33451241	33451242	36	18	3.56	3	3	0.39	1	1	0.61	unphased	2.27438596491228	0.95162592674154	2.39
20	33588223	33588224	54	30	3.56	3	3	0.39	1	1	0.61	unphased	2.43684210526316	1.01959920722308	2.39
20	33894576	33894577	58	31	3.56	3	3	0.39	1	1	0.61	unphased	2.37660555884092	0.994395631314194	2.39
20	34057820	34057821	38	14	3.56	3	3	0.39	1	1	0.61	unphased	1.837004048583	1.03202474639494	1.78
20	34089789	34089790	73	28	3.56	3	3	0.39	1	1	0.61	unphased	1.89156852527358	1.06267894678291	1.78
20	34089790	34089791	73	28	3.56	3	3	0.39	1	1	0.61	unphased	1.89156852527358	1.06267894678291	1.78
20	34785926	34785927	63	32	3.56	3	3	0.39	1	1	0.61	unphased	2.29832686980609	0.961643041759872	2.39
20	35269674	35269675	89	43	3.56	3	3	0.39	1	1	0.61	unphased	2.22269537480064	0.929998064770141	2.39
20	36012652	36012653	26	17	3.56	3	3	0.39	1	1	0.61	unphased	2.69752753977968	1.12867261078648	2.39
20	36854101	36854102	34	12	3.56	3	3	0.39	1	1	0.61	unphased	1.77995423340961	0.999974288432366	1.78
20	36869189	36869190	87	39	3.56	3	3	0.39	1	1	0.61	unphased	2.1119298245614	0.883652646260001	2.39
20	37182645	37182646	130	56	3.56	3	3	0.39	1	1	0.61	unphased	2.05428409734012	0.859533095121391	2.39
20	37524333	37524334	50	14	3.56	3	3	0.39	1	1	0.61	unphased	1.49256578947368	1.49256578947368	1
20	42252666	42252667	284	128	3.56	3	3	0.39	1	1	0.61	unphased	2.11981604496679	0.886952320069785	2.39
20	42331481	42331482	72	41	3.56	3	3	0.39	1	1	0.61	unphased	2.47565905915231	1.03584061052398	2.39
20	42893132	42893133	51	24	3.56	3	3	0.39	1	1	0.61	unphased	2.18341052631579	0.913560889671878	2.39
20	43057000	43057001	99	41	3.56	3	3	0.39	1	1	0.61	unphased	1.99821052631579	1.12259018332348	1.78
20	43703751	43703752	46	28	3.56	3	3	0.39	1	1	0.61	unphased	2.58173541963016	1.08022402494986	2.39
20	44003997	44003998	216	124	3.56	3	3	0.39	1	1	0.61	unphased	2.48844582043344	1.04119071984663	2.39
20	44569768	44569769	46	24	3.56	3	3	0.39	1	1	0.61	unphased	2.33936842105263	0.978815238934155	2.39
20	44671842	44671843	264	136	3.56	3	3	0.39	1	1	0.61	unphased	2.31987368421053	0.970658445276371	2.39
20	46307463	46307464	178	95	3.56	3	3	0.39	1	1	0.61	unphased	2.37435897435897	0.993455637807102	2.39
20	47265868	47265869	65	28	3.56	3	3	0.39	1	1	0.61	unphased	2.05428409734012	0.859533095121391	2.39
20	49575364	49575365	56	44	3.56	3	3	0.39	1	1	0.61	unphased	3.00218947368421	1.25614622329883	2.39
20	50140429	50140430	87	39	3.56	3	3	0.39	1	1	0.61	unphased	2.1119298245614	0.883652646260001	2.39
20	56227296	56227297	24	10	3.56	3	3	0.39	1	1	0.61	unphased	2.00681114551084	1.12742199186002	1.78
20	57766712	57766713	72	34	3.56	3	3	0.39	1	1	0.61	unphased	2.18856007944389	0.915715514411671	2.39
20	57829657	57829658	76	25	3.56	3	3	0.39	1	1	0.61	unphased	1.68890046899427	0.948820488199027	1.78
20	57829658	57829659	76	24	3.56	3	3	0.39	1	1	0.61	unphased	1.63755789473684	0.919976345357776	1.78
20	58443934	58443935	59	21	3.56	3	3	0.39	1	1	0.61	unphased	1.79107894736842	1.00622412773507	1.78
20	60791784	60791785	73	23	3.56	3	3	0.39	1	1	0.61	unphased	1.6347149122807	0.918379164202641	1.78
20	61143369	61143370	45	12	3.56	3	3	0.39	1	1	0.61	unphased	1.43645429362881	1.43645429362881	1
20	61340836	61340837	27	22	3.56	3	3	0.39	1	1	0.61	unphased	3.06345864661654	1.28178186050901	2.39
20	61522301	61522302	86	32	3.56	3	3	0.39	1	1	0.61	unphased	1.85034790365745	1.03952129418958	1.78
20	61941862	61941863	17	7	3.56	3	3	0.39	1	1	0.61	unphased	1.99008771929825	1.11802680859452	1.78
20	62198991	62198992	15	4	3.56	3	3	0.39	1	1	0.61	unphased	1.43645429362881	1.43645429362881	1
20	62517375	62517376	83	58	3.56	3	3	0.39	1	1	0.61	unphased	2.80668906308324	1.17434688831935	2.39
21	10906978	10906979	76	7	NA	NA	NA	NA	NA	NA	NA	unphased	NA	NA	1
21	10942744	10942745	529	41	NA	NA	NA	NA	NA	NA	NA	unphased	NA	NA	1
21	10944670	10944671	235	12	NA	NA	NA	NA	NA	NA	NA	unphased	NA	NA	1
21	10951269	10951270	62	16	NA	NA	NA	NA	NA	NA	NA	unphased	NA	NA	1
21	11039177	11039178	278	15	4	2	2	1	NA	NA	NA	unphased	0.371834021914855	0.371834021914855	1
21	22707866	22707867	36	19	4	2	2	1	NA	NA	NA	unphased	2.50909090909091	1.25454545454545	2
21	22707900	22707901	26	14	4	2	2	1	NA	NA	NA	unphased	2.54210526315789	1.27105263157895	2
21	22910221	22910222	44	11	4	2	2	1	NA	NA	NA	unphased	1.45263157894737	1.45263157894737	1
21	30365208	30365209	12	4	4	2	2	1	NA	NA	NA	unphased	1.81578947368421	1.81578947368421	1
21	30421168	30421169	29	17	4	2	2	1	NA	NA	NA	unphased	2.68421052631579	1.34210526315789	2
21	31655011	31655012	64	30	4	2	2	1	NA	NA	NA	unphased	2.31802911534155	1.15901455767077	2
21	31768657	31768658	68	18	4	2	2	1	NA	NA	NA	unphased	1.52019583843329	0.760097919216646	2
21	31768658	31768659	69	18	4	2	2	1	NA	NA	NA	unphased	1.502722323049	0.751361161524501	2
21	31874362	31874363	123	48	4	2	2	1	NA	NA	NA	unphased	2.0387811634349	1.01939058171745	2
21	34951791	34951792	74	29	4	2	2	1	NA	NA	NA	unphased	2.04496678589678	1.02248339294839	2
21	35821549	35821550	216	87	4	2	2	1	NA	NA	NA	unphased	2.08546117769672	1.04273058884836	2
21	38600661	38600662	61	22	4	2	2	1	NA	NA	NA	unphased	1.92517438173748	0.962587190868738	2
21	39086811	39086812	51	14	4	2	2	1	NA	NA	NA	unphased	1.56437246963563	1.56437246963563	1
21	39755323	39755324	8	10	4	2	2	1	NA	NA	NA	unphased	4.03508771929825	2.01754385964912	2
21	40190425	40190426	214	74	4	2	2	1	NA	NA	NA	unphased	1.86622807017544	0.933114035087719	2
21	41496213	41496214	114	36	4	2	2	1	NA	NA	NA	unphased	1.74315789473684	0.871578947368421	2
21	41514529	41514530	72	39	4	2	2	1	NA	NA	NA	unphased	2.55192034139403	1.27596017069701	2
21	41514530	41514531	72	39	4	2	2	1	NA	NA	NA	unphased	2.55192034139403	1.27596017069701	2
21	43529771	43529772	48	21	4	2	2	1	NA	NA	NA	unphased	2.21052631578947	1.10526315789474	2
21	43809114	43809115	34	11	4	2	2	1	NA	NA	NA	unphased	1.77543859649123	0.887719298245614	2
21	43999847	43999848	37	10	4	2	2	1	NA	NA	NA	unphased	1.54535274356103	1.54535274356103	1
21	44478292	44478293	52	13	4	2	2	1	NA	NA	NA	unphased	1.45263157894737	1.45263157894737	1
21	45379579	45379580	121	38	4	2	2	1	NA	NA	NA	unphased	1.73584905660377	0.867924528301887	2
21	46330326	46330327	22	13	4	2	2	1	NA	NA	NA	unphased	2.69774436090226	1.34887218045113	2
21	46624538	46624539	87	21	4	2	2	1	NA	NA	NA	unphased	1.41228070175439	1.41228070175439	1
21	46640822	46640823	76	34	4	2	2	1	NA	NA	NA	unphased	2.24497607655502	1.12248803827751	2
21	47953453	47953454	12	7	4	2	2	1	NA	NA	NA	unphased	2.67590027700831	1.33795013850416	2
22	16449126	16449127	95	35	4	2	2	1	NA	NA	NA	unphased	1.95546558704453	0.977732793522267	2
22	17072443	17072444	165	54	4	2	2	1	NA	NA	NA	unphased	1.79091564527758	0.895457822638789	2
22	17445658	17445659	37	17	4	2	2	1	NA	NA	NA	unphased	2.28654970760234	1.14327485380117	2
22	18171906	18171907	50	14	4	2	2	1	NA	NA	NA	unphased	1.58881578947368	0.794407894736842	2
22	18347528	18347529	27	7	4	2	2	1	NA	NA	NA	unphased	1.4953560371517	1.4953560371517	1
22	19419020	19419021	21	13	4	2	2	1	NA	NA	NA	unphased	2.77708978328173	1.38854489164087	2
22	19951770	19951771	70	35	4	2	2	1	NA	NA	NA	unphased	2.42105263157895	1.21052631578947	2
22	20729830	20729831	22	11	4	2	2	1	NA	NA	NA	unphased	2.42105263157895	1.21052631578947	2
22	20760019	20760020	9	4	4	2	2	1	NA	NA	NA	unphased	2.23481781376518	2.23481781376518	1
22	21322146	21322147	27	7	4	2	2	1	NA	NA	NA	unphased	1.4953560371517	1.4953560371517	1
22	21384559	21384560	53	24	4	2	2	1	NA	NA	NA	unphased	2.26384142173616	1.13192071086808	2
22	21384560	21384561	53	23	4	2	2	1	NA	NA	NA	unphased	2.19806094182825	1.09903047091413	2
22	21385909	21385910	31	14	4	2	2	1	NA	NA	NA	unphased	2.25964912280702	1.12982456140351	2
22	22599685	22599686	13	4	4	2	2	1	NA	NA	NA	unphased	1.70897832817337	1.70897832817337	1
22	23401851	23401852	122	50	1.12	2	2	0.04	0	1	0.96	unphased	1.27417380660955	1.22516712173995	1.04
22	24583360	24583361	61	28	4	2	2	1	NA	NA	NA	unphased	2.28503843879361	1.14251921939681	2
22	25145673	25145674	34	10	4	2	2	1	NA	NA	NA	unphased	1.65071770334928	1.65071770334928	1
22	25243754	25243755	28	9	4	2	2	1	NA	NA	NA	unphased	1.76671408250356	1.76671408250356	1
22	26228910	26228911	94	26	4	2	2	1	NA	NA	NA	unphased	1.57368421052632	0.786842105263158	2
22	26423025	26423026	115	39	4	2	2	1	NA	NA	NA	unphased	1.83937115516063	0.919685577580314	2
22	29695311	29695312	59	32	4	2	2	1	NA	NA	NA	unphased	2.55407750144592	1.27703875072296	2
22	29835109	29835110	103	39	4	2	2	1	NA	NA	NA	unphased	1.9948109710897	0.997405485544848	2
22	30639722	30639723	96	35	4	2	2	1	NA	NA	NA	unphased	1.94053836882282	0.97026918441141	2
22	30640881	30640882	45	22	4	2	2	1	NA	NA	NA	unphased	2.38491751767478	1.19245875883739	2
22	36537547	36537548	72	28	4	2	2	1	NA	NA	NA	unphased	2.03368421052632	1.01684210526316	2
22	36714349	36714350	180	67	4	2	2	1	NA	NA	NA	unphased	1.97016833581931	0.985084167909653	2
22	36894109	36894110	47	14	4	2	2	1	NA	NA	NA	unphased	1.66695427092321	0.833477135461605	2
22	37407313	37407314	42	18	4	2	2	1	NA	NA	NA	unphased	2.17894736842105	1.08947368421053	2
22	37709498	37709499	67	32	4	2	2	1	NA	NA	NA	unphased	2.34768740031898	1.17384370015949	2
22	38119890	38119891	90	34	4	2	2	1	NA	NA	NA	unphased	1.99151103565365	0.995755517826825	2
22	38121031	38121032	75	34	4	2	2	1	NA	NA	NA	unphased	2.26557218734911	1.13278609367455	2
22	38323593	38323594	103	43	4	2	2	1	NA	NA	NA	unphased	2.13914924297044	1.06957462148522	2
22	38323594	38323595	105	45	4	2	2	1	NA	NA	NA	unphased	2.17894736842105	1.08947368421053	2
22	39077955	39077956	16	12	4	2	2	1	NA	NA	NA	unphased	3.11278195488722	1.55639097744361	2
22	39822771	39822772	79	25	4	2	2	1	NA	NA	NA	unphased	1.74595141700405	0.872975708502024	2
22	40661482	40661483	24	9	4	2	2	1	NA	NA	NA	unphased	1.98086124401914	0.990430622009569	2
22	40819598	40819599	36	13	4	2	2	1	NA	NA	NA	unphased	1.92696025778733	0.963480128893663	2
22	41979975	41979976	83	24	4	2	2	1	NA	NA	NA	unphased	1.62911952779144	0.81455976389572	2
22	42159276	42159277	54	20	4	2	2	1	NA	NA	NA	unphased	1.96301564722617	0.981507823613087	2
22	42266928	42266929	148	49	4	2	2	1	NA	NA	NA	unphased	1.80657226823404	0.903286134117018	2
22	42910310	42910311	11	7	4	2	2	1	NA	NA	NA	unphased	2.82456140350877	1.41228070175439	2
22	42999145	42999146	98	24	4	2	2	1	NA	NA	NA	unphased	1.42881794650561	0.714408973252804	2
22	44602375	44602376	8	7	4	2	2	1	NA	NA	NA	unphased	3.38947368421053	1.69473684210526	2
22	44967271	44967272	11	5	4	2	2	1	NA	NA	NA	unphased	2.26973684210526	1.13486842105263	2
22	45312459	45312460	77	31	4	2	2	1	NA	NA	NA	unphased	2.08479532163743	1.04239766081871	2
22	46656017	46656018	11	7	4	2	2	1	NA	NA	NA	unphased	2.82456140350877	1.41228070175439	2
22	46726040	46726041	29	4	4	2	2	1	NA	NA	NA	unphased	0.880382775119617	0.880382775119617	1
22	47569328	47569329	47	9	4	2	2	1	NA	NA	NA	unphased	1.16729323308271	1.16729323308271	1
22	50470272	50470273	35	7	4	2	2	1	NA	NA	NA	unphased	1.21052631578947	1.21052631578947	1
22	50488612	50488613	9	20	4	2	2	1	NA	NA	NA	unphased	5.00907441016334	2.50453720508167	2
22	50500032	50500033	77	22	4	2	2	1	NA	NA	NA	unphased	1.6140350877193	0.807017543859649	2
22	50719206	50719207	18	13	4	2	2	1	NA	NA	NA	unphased	3.04584040747029	1.52292020373514	2
22	50757295	50757296	27	7	4	2	2	1	NA	NA	NA	unphased	1.4953560371517	1.4953560371517	1
22	50944115	50944116	48	12	4	2	2	1	NA	NA	NA	unphased	1.45263157894737	1.45263157894737	1
22	51015378	51015379	94	103	4	2	2	1	NA	NA	NA	unphased	3.79748864547155	1.89874432273577	2
3	4716885	4716886	25	23	2	2	0	1	NA	NA	NA	unphased	2.5219298245614	1.2609649122807	2
3	4732988	4732989	10	7	2	2	0	1	NA	NA	NA	unphased	2.1671826625387	1.08359133126935	2
3	9825860	9825861	39	20	4	2	2	1	NA	NA	NA	unphased	2.46208742194469	1.23104371097235	2
3	10106425	10106426	81	21	4	2	2	1	NA	NA	NA	unphased	1.4953560371517	0.747678018575851	2
3	10331492	10331493	231	79	4	2	2	1	NA	NA	NA	unphased	1.8509337860781	0.925466893039049	2
3	10331493	10331494	232	79	4	2	2	1	NA	NA	NA	unphased	1.84498223049585	0.922491115247927	2
3	10858087	10858088	4	5	4	2	2	1	NA	NA	NA	unphased	4.03508771929825	2.01754385964912	2
3	11059049	11059050	82	23	4	2	2	1	NA	NA	NA	unphased	1.59097744360902	0.795488721804511	2
3	11067974	11067975	83	34	4	2	2	1	NA	NA	NA	unphased	2.11066126855601	1.055330634278	2
3	11301548	11301549	47	18	4	2	2	1	NA	NA	NA	unphased	2.01133603238866	1.00566801619433	2
3	12783992	12783993	87	24	4	2	2	1	NA	NA	NA	unphased	1.57041251778094	0.785206258890469	2
3	13417892	13417893	54	23	4	2	2	1	NA	NA	NA	unphased	2.16951469583049	1.08475734791524	2
3	14755546	14755547	53	22	4	2	2	1	NA	NA	NA	unphased	2.13052631578947	1.06526315789474	2
3	14905768	14905769	82	21	4	2	2	1	NA	NA	NA	unphased	1.48083801737353	0.740419008686765	2
3	14964635	14964636	41	16	4	2	2	1	NA	NA	NA	unphased	2.0387811634349	1.01939058171745	2
3	15628047	15628048	62	15	4	2	2	1	NA	NA	NA	unphased	1.4149008885851	1.4149008885851	1
3	20215982	20215983	41	14	4	2	2	1	NA	NA	NA	unphased	1.8488038277512	0.924401913875598	2
3	20215983	20215984	41	14	4	2	2	1	NA	NA	NA	unphased	1.8488038277512	0.924401913875598	2
3	27213333	27213334	54	11	4	2	2	1	NA	NA	NA	unphased	1.22914979757085	1.22914979757085	1
3	32612249	32612250	21	7	4	2	2	1	NA	NA	NA	unphased	1.81578947368421	1.81578947368421	1
3	33883410	33883411	86	32	4	2	2	1	NA	NA	NA	unphased	1.96966993755575	0.984834968777877	2
3	36779670	36779671	110	40	4	2	2	1	NA	NA	NA	unphased	1.93684210526316	0.968421052631579	2
3	36779910	36779911	172	55	4	2	2	1	NA	NA	NA	unphased	1.75979596568514	0.879897982842569	2
3	37061931	37061932	40	16	4	2	2	1	NA	NA	NA	unphased	2.07518796992481	1.03759398496241	2
3	37067383	37067384	79	39	4	2	2	1	NA	NA	NA	unphased	2.40053523639607	1.20026761819804	2
3	37323588	37323589	88	32	4	2	2	1	NA	NA	NA	unphased	1.93684210526316	0.968421052631579	2
3	37360557	37360558	56	13	4	2	2	1	NA	NA	NA	unphased	1.36842105263158	1.36842105263158	1
3	37512606	37512607	106	33	4	2	2	1	NA	NA	NA	unphased	1.72434683831882	0.862173419159409	2
3	38616817	38616818	24	3	4	2	2	1	NA	NA	NA	unphased	0.807017543859649	0.807017543859649	1
3	38739256	38739257	45	36	4	2	2	1	NA	NA	NA	unphased	3.2280701754386	1.6140350877193	2
3	38768450	38768451	114	40	4	2	2	1	NA	NA	NA	unphased	1.88653451811347	0.943267259056733	2
3	38770243	38770244	80	25	4	2	2	1	NA	NA	NA	unphased	1.72932330827068	0.864661654135338	2
3	38802854	38802855	32	12	4	2	2	1	NA	NA	NA	unphased	1.98086124401914	0.990430622009569	2
3	39230052	39230053	30	18	4	2	2	1	NA	NA	NA	unphased	2.72368421052632	1.36184210526316	2
3	40208424	40208425	49	16	4	2	2	1	NA	NA	NA	unphased	1.78785425101215	0.893927125506073	2
3	41954356	41954357	59	23	4	2	2	1	NA	NA	NA	unphased	2.03722721437741	1.0186136071887	2
3	42751192	42751193	112	43	4	2	2	1	NA	NA	NA	unphased	2.01494057724958	1.00747028862479	2
3	44438280	44438281	86	22	4	2	2	1	NA	NA	NA	unphased	1.47953216374269	0.739766081871345	2
3	46008078	46008079	56	13	4	2	2	1	NA	NA	NA	unphased	1.36842105263158	1.36842105263158	1
3	46307695	46307696	26	17	4	2	2	1	NA	NA	NA	unphased	2.87148102815177	1.43574051407589	2
3	46307696	46307697	25	17	4	2	2	1	NA	NA	NA	unphased	2.93984962406015	1.46992481203008	2
3	46539552	46539553	68	23	4	2	2	1	NA	NA	NA	unphased	1.83574320416426	0.917871602082128	2
3	46619480	46619481	168	58	4	2	2	1	NA	NA	NA	unphased	1.86399627387052	0.931998136935258	2
3	46784449	46784450	25	13	4	2	2	1	NA	NA	NA	unphased	2.48476454293629	1.24238227146814	2
3	47037236	47037237	35	6	4	2	2	1	NA	NA	NA	unphased	1.06290115532734	1.06290115532734	1
3	47312724	47312725	9	6	4	2	2	1	NA	NA	NA	unphased	2.90526315789474	1.45263157894737	2
3	47537530	47537531	42	14	4	2	2	1	NA	NA	NA	unphased	1.81578947368421	0.907894736842105	2
3	48451075	48451076	67	22	4	2	2	1	NA	NA	NA	unphased	1.79538734476641	0.897693672383205	2
3	48684273	48684274	28	4	4	2	2	1	NA	NA	NA	unphased	0.907894736842105	0.907894736842105	1
3	49055897	49055898	8	5	4	2	2	1	NA	NA	NA	unphased	2.79352226720648	1.39676113360324	2
3	49055898	49055899	8	5	4	2	2	1	NA	NA	NA	unphased	2.79352226720648	1.39676113360324	2
3	49462861	49462862	23	3	4	2	2	1	NA	NA	NA	unphased	0.838056680161943	0.838056680161943	1
3	49932974	49932975	54	11	4	2	2	1	NA	NA	NA	unphased	1.22914979757085	1.22914979757085	1
3	49933692	49933693	110	42	4	2	2	1	NA	NA	NA	unphased	2.00692520775623	1.00346260387812	2
3	50103885	50103886	130	43	4	2	2	1	NA	NA	NA	unphased	1.80529358077274	0.90264679038637	2
3	50222897	50222898	19	14	4	2	2	1	NA	NA	NA	unphased	3.08133971291866	1.54066985645933	2
3	50295058	50295059	43	22	4	2	2	1	NA	NA	NA	unphased	2.4582995951417	1.22914979757085	2
3	50329947	50329948	40	17	4	2	2	1	NA	NA	NA	unphased	2.16620498614958	1.08310249307479	2
3	50340140	50340141	74	23	4	2	2	1	NA	NA	NA	unphased	1.72219207813348	0.861096039066739	2
3	50615292	50615293	89	30	4	2	2	1	NA	NA	NA	unphased	1.83104820875719	0.915524104378593	2
3	51393664	51393665	37	11	4	2	2	1	NA	NA	NA	unphased	1.66447368421053	1.66447368421053	1
3	52476302	52476303	61	12	4	2	2	1	NA	NA	NA	unphased	1.19394376351838	1.19394376351838	1
3	53220355	53220356	85	33	4	2	2	1	NA	NA	NA	unphased	2.03122212310437	1.01561106155219	2
3	55513476	55513477	84	40	4	2	2	1	NA	NA	NA	unphased	2.34295415959253	1.17147707979626	2
3	58092591	58092592	31	17	4	2	2	1	NA	NA	NA	unphased	2.57236842105263	1.28618421052632	2
3	58385102	58385103	22	4	4	2	2	1	NA	NA	NA	unphased	1.11740890688259	1.11740890688259	1
3	58410667	58410668	46	13	4	2	2	1	NA	NA	NA	unphased	1.60035682426405	0.800178412132025	2
3	58625855	58625856	161	52	4	2	2	1	NA	NA	NA	unphased	1.77316530763529	0.886582653817643	2
3	62189057	62189058	34	6	4	2	2	1	NA	NA	NA	unphased	1.08947368421053	1.08947368421053	1
3	62254820	62254821	65	30	4	2	2	1	NA	NA	NA	unphased	2.29362880886427	1.14681440443213	2
3	63429081	63429082	5	4	4	2	2	1	NA	NA	NA	unphased	3.2280701754386	1.6140350877193	2
3	64084954	64084955	34	19	4	2	2	1	NA	NA	NA	unphased	2.60377358490566	1.30188679245283	2
3	64507880	64507881	67	22	4	2	2	1	NA	NA	NA	unphased	1.79538734476641	0.897693672383205	2
3	65342224	65342225	98	34	4	2	2	1	NA	NA	NA	unphased	1.87081339712919	0.935406698564593	2
3	69134344	69134345	53	30	4	2	2	1	NA	NA	NA	unphased	2.62523779327838	1.31261889663919	2
3	69151153	69151154	78	33	4	2	2	1	NA	NA	NA	unphased	2.15931721194879	1.0796586059744	2
3	69167984	69167985	21	9	4	2	2	1	NA	NA	NA	unphased	2.17894736842105	1.08947368421053	2
3	69171266	69171267	21	10	4	2	2	1	NA	NA	NA	unphased	2.34295415959253	1.17147707979626	2
3	74411137	74411138	67	23	4	2	2	1	NA	NA	NA	unphased	1.85614035087719	0.928070175438596	2
3	75480027	75480028	35	13	4	2	2	1	NA	NA	NA	unphased	1.96710526315789	0.983552631578947	2
3	78649411	78649412	41	18	4	2	2	1	NA	NA	NA	unphased	2.21587867975022	1.10793933987511	2
3	88040392	88040393	40	13	4	2	2	1	NA	NA	NA	unphased	1.78152929493545	0.890764647467726	2
3	93781847	93781848	5	5	4	2	2	1	NA	NA	NA	unphased	3.63157894736842	1.81578947368421	2
3	96706331	96706332	45	17	4	2	2	1	NA	NA	NA	unphased	1.99151103565365	0.995755517826825	2
3	96706332	96706333	45	18	4	2	2	1	NA	NA	NA	unphased	2.07518796992481	1.03759398496241	2
3	99513846	99513847	23	6	4	2	2	1	NA	NA	NA	unphased	1.502722323049	1.502722323049	1
3	108219014	108219015	40	15	4	2	2	1	NA	NA	NA	unphased	1.98086124401914	0.990430622009569	2
3	109047863	109047864	34	8	4	2	2	1	NA	NA	NA	unphased	1.38345864661654	1.38345864661654	1
3	111667834	111667835	59	17	4	2	2	1	NA	NA	NA	unphased	1.62465373961219	0.812326869806094	2
3	111795922	111795923	68	46	4	2	2	1	NA	NA	NA	unphased	2.93074792243767	1.46537396121884	2
3	112184932	112184933	106	49	4	2	2	1	NA	NA	NA	unphased	2.29609507640068	1.14804753820034	2
3	112642486	112642487	17	7	4	2	2	1	NA	NA	NA	unphased	2.11842105263158	1.05921052631579	2
3	113304106	113304107	179	59	4	2	2	1	NA	NA	NA	unphased	1.80053073861123	0.900265369305617	2
3	120973833	120973834	32	16	4	2	2	1	NA	NA	NA	unphased	2.42105263157895	1.21052631578947	2
3	121647394	121647395	96	27	4	2	2	1	NA	NA	NA	unphased	1.59435173299101	0.797175866495507	2
3	121712508	121712509	33	18	4	2	2	1	NA	NA	NA	unphased	2.56346749226006	1.28173374613003	2
3	122152567	122152568	56	36	4	2	2	1	NA	NA	NA	unphased	2.84210526315789	1.42105263157895	2
3	122880758	122880759	40	25	4	2	2	1	NA	NA	NA	unphased	2.79352226720648	1.39676113360324	2
3	123166758	123166759	28	4	4	2	2	1	NA	NA	NA	unphased	0.907894736842105	0.907894736842105	1
3	123167128	123167129	13	4	4	2	2	1	NA	NA	NA	unphased	1.70897832817337	1.70897832817337	1
3	123167129	123167130	13	3	4	2	2	1	NA	NA	NA	unphased	1.36184210526316	1.36184210526316	1
3	123418874	123418875	110	44	4	2	2	1	NA	NA	NA	unphased	2.07518796992481	1.03759398496241	2
3	124044857	124044858	89	35	4	2	2	1	NA	NA	NA	unphased	2.05008488964346	1.02504244482173	2
3	128979232	128979233	86	28	4	2	2	1	NA	NA	NA	unphased	1.78393351800554	0.89196675900277	2
3	129130169	129130170	65	18	4	2	2	1	NA	NA	NA	unphased	1.57514267596703	0.787571337983513	2
3	129226578	129226579	66	27	4	2	2	1	NA	NA	NA	unphased	2.10865874363328	1.05432937181664	2
3	132201090	132201091	47	26	4	2	2	1	NA	NA	NA	unphased	2.58687815428983	1.29343907714492	2
3	133098690	133098691	181	61	4	2	2	1	NA	NA	NA	unphased	1.83079599826011	0.915397999130056	2
3	133119178	133119179	75	23	4	2	2	1	NA	NA	NA	unphased	1.7046186895811	0.852309344790548	2
3	137843594	137843595	77	26	4	2	2	1	NA	NA	NA	unphased	1.83341849770056	0.916709248850281	2
3	141526657	141526658	39	17	4	2	2	1	NA	NA	NA	unphased	2.20488721804511	1.10244360902256	2
3	142030533	142030534	63	31	4	2	2	1	NA	NA	NA	unphased	2.3952967525196	1.1976483762598	2
3	142278253	142278254	42	12	4	2	2	1	NA	NA	NA	unphased	1.6140350877193	1.6140350877193	1
3	145797042	145797043	20	11	4	2	2	1	NA	NA	NA	unphased	2.57724957555178	1.28862478777589	2
3	148459500	148459501	29	7	4	2	2	1	NA	NA	NA	unphased	1.41228070175439	1.41228070175439	1
3	150264490	150264491	26	9	4	2	2	1	NA	NA	NA	unphased	1.86766917293233	0.933834586466165	2
3	150931438	150931439	76	18	4	2	2	1	NA	NA	NA	unphased	1.39081746920493	1.39081746920493	1
3	154889950	154889951	58	24	4	2	2	1	NA	NA	NA	unphased	2.12580231065469	1.06290115532734	2
3	156241735	156241736	61	27	4	2	2	1	NA	NA	NA	unphased	2.22846889952153	1.11423444976077	2
3	164786573	164786574	77	34	4	2	2	1	NA	NA	NA	unphased	2.22475106685633	1.11237553342816	2
3	164905991	164905992	38	25	4	2	2	1	NA	NA	NA	unphased	2.88220551378446	1.44110275689223	2
3	165548250	165548251	67	26	4	2	2	1	NA	NA	NA	unphased	2.03056027164686	1.01528013582343	2
3	168833909	168833910	67	33	4	2	2	1	NA	NA	NA	unphased	2.39684210526316	1.19842105263158	2
3	172165708	172165709	46	17	4	2	2	1	NA	NA	NA	unphased	1.95989974937343	0.979949874686717	2
3	172224568	172224569	71	28	4	2	2	1	NA	NA	NA	unphased	2.05422647527911	1.02711323763955	2
3	172501616	172501617	57	22	4	2	2	1	NA	NA	NA	unphased	2.02265156562292	1.01132578281146	2
3	172537949	172537950	53	20	4	2	2	1	NA	NA	NA	unphased	1.98990627253064	0.994953136265321	2
3	175521029	175521030	13	5	4	2	2	1	NA	NA	NA	unphased	2.01754385964912	2.01754385964912	1
3	182547501	182547502	27	8	4	2	2	1	NA	NA	NA	unphased	1.66015037593985	1.66015037593985	1
3	183885370	183885371	42	17	4	2	2	1	NA	NA	NA	unphased	2.09277430865299	1.04638715432649	2
3	185983052	185983053	37	10	4	2	2	1	NA	NA	NA	unphased	1.54535274356103	1.54535274356103	1
3	186394985	186394986	66	33	4	2	2	1	NA	NA	NA	unphased	2.42105263157895	1.21052631578947	2
3	187088802	187088803	20	3	4	2	2	1	NA	NA	NA	unphased	0.947368421052632	0.947368421052632	1
3	187444543	187444544	83	28	4	2	2	1	NA	NA	NA	unphased	1.83214793741109	0.916073968705547	2
3	187447244	187447245	117	45	4	2	2	1	NA	NA	NA	unphased	2.01754385964912	1.00877192982456	2
3	191861749	191861750	30	19	4	2	2	1	NA	NA	NA	unphased	2.81632653061224	1.40816326530612	2
3	193232612	193232613	44	30	4	2	2	1	NA	NA	NA	unphased	2.94452347083926	1.47226173541963	2
3	194373781	194373782	64	17	4	2	2	1	NA	NA	NA	unphased	1.52436647173489	0.762183235867446	2
3	194390777	194390778	93	30	4	2	2	1	NA	NA	NA	unphased	1.77150192554557	0.885750962772786	2
3	195516545	195516546	131	53	4	2	2	1	NA	NA	NA	unphased	2.09210526315789	1.04605263157895	2
3	195538625	195538626	83	36	4	2	2	1	NA	NA	NA	unphased	2.19725785050862	1.09862892525431	2
3	195538762	195538763	9	4	4	2	2	1	NA	NA	NA	unphased	2.23481781376518	2.23481781376518	1
3	197640841	197640842	93	32	4	2	2	1	NA	NA	NA	unphased	1.85936842105263	0.929684210526316	2
3	197687261	197687262	108	52	4	2	2	1	NA	NA	NA	unphased	2.36052631578947	1.18026315789474	2
4	877834	877835	37	16	2.82	2	2	0.41	1	1	0.59	unphased	1.83642502482622	1.30242909562143	1.41
4	890295	890296	41	4	2.82	2	2	0.41	1	1	0.59	unphased	0.54072514619883	0.54072514619883	1
4	982940	982941	11	6	2.82	2	2	0.41	1	1	0.59	unphased	2.14699690402477	1.52269283973388	1.41
4	2702202	2702203	27	14	2.82	2	2	0.41	1	1	0.59	unphased	2.07717586649551	1.47317437340107	1.41
4	2749391	2749392	175	76	2.82	2	2	0.41	1	1	0.59	unphased	1.84191235059761	1.30632081602667	1.41
4	5862759	5862760	29	9	2.82	2	2	0.41	1	1	0.59	unphased	1.44074792243767	1.44074792243767	1
4	6107268	6107269	12	3	2.82	2	2	0.41	1	1	0.59	unphased	1.21663157894737	1.21663157894737	1
4	6331064	6331065	35	7	2.82	2	2	0.41	1	1	0.59	unphased	1.01385964912281	1.01385964912281	1
4	6826340	6826341	58	31	2.82	2	2	0.41	1	1	0.59	unphased	2.11885274985216	1.50273244670366	1.41
4	6862738	6862739	54	23	2.82	2	2	0.41	1	1	0.59	unphased	1.81704716336295	1.28868593146309	1.41
4	6864477	6864478	24	7	2.82	2	2	0.41	1	1	0.59	unphased	1.37361629881155	1.37361629881155	1
4	7056697	7056698	52	17	2.82	2	2	0.41	1	1	0.59	unphased	1.49874904652937	1.06294258619104	1.41
4	8307920	8307921	9	7	2.82	2	2	0.41	1	1	0.59	unphased	2.66138157894737	1.88750466592012	1.41
4	15937697	15937698	89	25	2.64	2	2	0.32	1	1	0.68	unphased	1.29455216989843	1.29455216989843	1
4	20597404	20597405	86	44	2.64	2	2	0.32	1	1	0.68	unphased	1.99799190283401	1.5136302294197	1.32
4	21699039	21699040	80	25	2.64	2	2	0.32	1	1	0.68	unphased	1.40551378446115	1.06478317004633	1.32
4	25677911	25677912	160	38	2.64	2	2	0.32	1	1	0.68	unphased	1.13292929292929	1.13292929292929	1
4	26667957	26667958	59	21	2.62	2	2	0.31	1	1	0.69	unphased	1.54432894736842	1.17887705905986	1.31
4	38776161	38776162	62	16	2.62	2	2	0.31	1	1	0.69	unphased	1.2068016194332	1.2068016194332	1
4	39408738	39408739	88	25	2.62	2	2	0.31	1	1	0.69	unphased	1.30158360503027	1.30158360503027	1
4	42895451	42895452	127	47	2.62	2	2	0.31	1	1	0.69	unphased	1.58912885662432	1.213075463072	1.31
4	46334699	46334700	49	18	2.62	2	2	0.31	1	1	0.69	unphased	1.58054988216811	1.20652662760924	1.31
4	46737208	46737209	62	10	2.62	2	2	0.31	1	1	0.69	unphased	0.817105263157895	0.817105263157895	1
4	47643983	47643984	71	27	2.62	2	2	0.31	1	1	0.69	unphased	1.62087003222342	1.23730536810948	1.31
4	47682174	47682175	38	8	2.62	2	2	0.31	1	1	0.69	unphased	1.02315789473684	1.02315789473684	1
4	48178123	48178124	106	22	2.62	2	2	0.31	1	1	0.69	unphased	1.01116776315789	1.01116776315789	1
4	48546014	48546015	44	22	2.62	2	2	0.31	1	1	0.69	unphased	1.96105263157895	1.49698674166332	1.31
4	49009324	49009325	22	12	2.62	2	2	0.31	1	1	0.69	unphased	2.07640866873065	1.58504478529057	1.31
4	55155179	55155180	33	9	2.56	2	2	0.28	1	1	0.72	unphased	1.24781954887218	1.24781954887218	1
4	55597537	55597538	46	15	2.56	2	2	0.28	1	1	0.72	unphased	1.43192407247627	1.43192407247627	1
4	55946081	55946082	54	19	2.56	2	2	0.28	1	1	0.72	unphased	1.51561643835616	1.18407534246575	1.28
4	56277807	56277808	43	11	2.56	2	2	0.28	1	1	0.72	unphased	1.18619883040936	1.18619883040936	1
4	68610307	68610308	61	12	2.56	2	2	0.28	1	1	0.72	unphased	0.957231434751262	0.957231434751262	1
4	69513043	69513044	90	26	NA	NA	NA	NA	NA	NA	NA	unphased	NA	NA	1
4	69681711	69681712	52	12	3	2	1	1	NA	NA	NA	unphased	1.17434210526316	1.17434210526316	1
4	69962348	69962349	104	39	3	2	1	1	NA	NA	NA	unphased	1.70813397129187	0.854066985645933	2
4	69973904	69973905	110	36	3	2	1	1	NA	NA	NA	unphased	1.54434030281182	0.772170151405912	2
4	70066235	70066236	78	23	3	2	1	1	NA	NA	NA	unphased	1.42626367899948	0.713131839499739	2
4	71510044	71510045	54	34	1	2	1	0	0	1	1	unphased	1.64712918660287	1.64712918660287	1
4	72316928	72316929	37	14	1	2	1	0	0	1	1	unphased	1.1702786377709	1.1702786377709	1
4	72338746	72338747	34	10	1	2	1	0	0	1	1	unphased	0.968899521531101	0.968899521531101	1
4	72423558	72423559	54	13	2.52	2	2	0.26	1	1	0.74	unphased	1.12210526315789	1.12210526315789	1
4	74283257	74283258	49	25	2.52	2	2	0.26	1	1	0.74	unphased	1.95376955903272	1.55061076113708	1.26
4	74315827	74315828	24	3	2.52	2	2	0.26	1	1	0.74	unphased	0.642573099415205	0.642573099415205	1
4	79369289	79369290	29	9	2.52	2	2	0.26	1	1	0.74	unphased	1.36969529085873	1.36969529085873	1
4	80246497	80246498	26	5	2.52	2	2	0.26	1	1	0.74	unphased	0.93276740237691	0.93276740237691	1
4	80327897	80327898	98	31	2.52	2	2	0.26	1	1	0.74	unphased	1.38975112199102	1.10297708094526	1.26
4	80328891	80328892	88	26	2.52	2	2	0.26	1	1	0.74	unphased	1.31896583564174	1.31896583564174	1
4	80828570	80828571	62	22	2.52	2	2	0.26	1	1	0.74	unphased	1.5146365914787	1.2020925329196	1.26
4	80899160	80899161	60	12	2.52	2	2	0.26	1	1	0.74	unphased	0.963859649122807	0.963859649122807	1
4	82013579	82013580	69	15	2.52	2	2	0.26	1	1	0.74	unphased	1.03270676691729	1.03270676691729	1
4	84377179	84377180	89	41	2.52	2	2	0.26	1	1	0.74	unphased	1.82391902834008	1.44755478439689	1.26
4	86985459	86985460	77	33	1.45	2	2	0.15	0	1	0.85	unphased	1.41394736842105	1.22951945080092	1.15
4	88534233	88534234	30	11	1.45	2	2	0.15	0	1	0.85	unphased	1.26450577663671	1.26450577663671	1
4	88755866	88755867	58	16	1.45	2	2	0.15	0	1	0.85	unphased	1.01906116642959	1.01906116642959	1
4	89671765	89671766	40	10	1.45	2	2	0.15	0	1	0.85	unphased	0.942631578947368	0.942631578947368	1
4	89671766	89671767	37	10	1.45	2	2	0.15	0	1	0.85	unphased	1.00279955207167	1.00279955207167	1
4	96256714	96256715	43	12	2.4	2	2	0.2	1	1	0.8	unphased	1.2355980861244	1.2355980861244	1
4	96761737	96761738	74	24	2.4	2	2	0.2	1	1	0.8	unphased	1.38689581095596	1.38689581095596	1
4	100232723	100232724	176	39	2.4	2	2	0.2	1	1	0.8	unphased	1.02727050183599	1.02727050183599	1
4	100784216	100784217	10	3	2.4	2	2	0.2	1	1	0.8	unphased	1.30688259109312	1.30688259109312	1
4	103537765	103537766	30	4	2.4	2	2	0.2	1	1	0.8	unphased	0.66625386996904	0.66625386996904	1
4	108603279	108603280	78	22	2.58	2	2	0.29	1	1	0.71	unphased	1.28549473684211	1.28549473684211	1
4	114279686	114279687	99	26	2.58	2	2	0.29	1	1	0.71	unphased	1.21537684210526	1.21537684210526	1
4	114279942	114279943	67	33	2.58	2	2	0.29	1	1	0.71	unphased	1.92824210526316	1.49476132190942	1.29
4	115544721	115544722	54	21	2.3	2	2	0.15	1	1	0.85	unphased	1.55768421052632	1.35450800915332	1.15
4	115766977	115766978	49	21	2.3	2	2	0.15	1	1	0.85	unphased	1.66894736842105	1.4512585812357	1.15
4	123257476	123257477	87	13	2.3	2	2	0.15	1	1	0.85	unphased	0.723210526315789	0.723210526315789	1
4	126241932	126241933	84	25	2.3	2	2	0.15	1	1	0.85	unphased	1.27595364558184	1.27595364558184	1
4	128694616	128694617	57	21	2.3	2	2	0.15	1	1	0.85	unphased	1.49777327935223	1.30241154726281	1.15
4	128870990	128870991	97	34	2.3	2	2	0.15	1	1	0.85	unphased	1.44387304138208	1.25554177511485	1.15
4	141463767	141463768	23	8	2.3	2	2	0.15	1	1	0.85	unphased	1.43565365025467	1.43565365025467	1
4	144469170	144469171	41	13	2.3	2	2	0.15	1	1	0.85	unphased	1.33927875243665	1.33927875243665	1
4	151203634	151203635	78	29	2.3	2	2	0.15	1	1	0.85	unphased	1.50777176586326	1.31110588335935	1.15
4	151504490	151504491	92	18	2.3	2	2	0.15	1	1	0.85	unphased	0.910334928229665	0.910334928229665	1
4	151727492	151727493	44	10	2.3	2	2	0.15	1	1	0.85	unphased	1.03021442495127	1.03021442495127	1
4	155157325	155157326	88	41	2.3	2	2	0.15	1	1	0.85	unphased	1.76813545491636	1.53750909123162	1.15
4	155158164	155158165	113	27	2.3	2	2	0.15	1	1	0.85	unphased	1.07289473684211	1.07289473684211	1
4	155250779	155250780	39	16	2.3	2	2	0.15	1	1	0.85	unphased	1.61837320574163	1.40728104847098	1.15
4	155505919	155505920	59	16	2.3	2	2	0.15	1	1	0.85	unphased	1.18680701754386	1.18680701754386	1
4	157689022	157689023	82	19	2.3	2	2	0.15	1	1	0.85	unphased	1.04653465346535	1.04653465346535	1
4	159603464	159603465	107	47	2.3	2	2	0.15	1	1	0.85	unphased	1.69784688995215	1.47638859995839	1.15
4	159836327	159836328	14	7	2.3	2	2	0.15	1	1	0.85	unphased	1.85438596491228	1.85438596491228	1
4	160274735	160274736	74	17	2.3	2	2	0.15	1	1	0.85	unphased	1.03927125506073	1.03927125506073	1
4	164271715	164271716	175	35	2.6	2	2	0.3	1	1	0.7	unphased	0.97719298245614	0.97719298245614	1
4	164272707	164272708	51	14	2.6	2	2	0.3	1	1	0.7	unphased	1.26283400809717	1.26283400809717	1
4	164394321	164394322	50	21	2.6	2	2	0.3	1	1	0.7	unphased	1.73417346182357	1.33397958601813	1.3
4	168155158	168155159	75	13	2.6	2	2	0.3	1	1	0.7	unphased	0.866148325358852	0.866148325358852	1
4	170051299	170051300	19	8	2.6	2	2	0.3	1	1	0.7	unphased	1.73723196881092	1.73723196881092	1
4	170611718	170611719	59	6	2.6	2	2	0.3	1	1	0.7	unphased	0.541214574898785	0.541214574898785	1
4	172735699	172735700	28	6	2.6	2	2	0.3	1	1	0.7	unphased	1.03467492260062	1.03467492260062	1
4	173150843	173150844	31	10	2.64	2	2	0.32	1	1	0.68	unphased	1.4397946084724	1.4397946084724	1
4	175896910	175896911	36	11	2.64	2	2	0.32	1	1	0.68	unphased	1.38159014557671	1.38159014557671	1
4	175897815	175897816	67	19	2.64	2	2	0.32	1	1	0.68	unphased	1.30418604651163	1.30418604651163	1
4	175898196	175898197	66	18	2.64	2	2	0.32	1	1	0.68	unphased	1.26496240601504	1.26496240601504	1
4	177100624	177100625	56	23	2.64	2	2	0.32	1	1	0.68	unphased	1.71864090606262	1.30200068641108	1.32
4	177190117	177190118	45	8	2.64	2	2	0.32	1	1	0.68	unphased	0.891042701092353	0.891042701092353	1
4	177608365	177608366	129	60	2.64	2	2	0.32	1	1	0.68	unphased	1.87401837928154	1.4197108933951	1.32
4	177608991	177608992	54	24	2.64	2	2	0.32	1	1	0.68	unphased	1.81635627530364	1.37602748129064	1.32
4	183651467	183651468	41	14	2.64	2	2	0.32	1	1	0.68	unphased	1.50262200956938	1.50262200956938	1
4	183694774	183694775	78	40	2.64	2	2	0.32	1	1	0.68	unphased	2.00107047279215	1.51596247938799	1.32
4	184598671	184598672	79	19	2.64	2	2	0.32	1	1	0.68	unphased	1.14448979591837	1.14448979591837	1
4	185320076	185320077	93	33	2.64	2	2	0.32	1	1	0.68	unphased	1.54606516290727	1.17126148705096	1.32
4	185941612	185941613	45	12	2.64	2	2	0.32	1	1	0.68	unphased	1.24277008310249	1.24277008310249	1
4	189068516	189068517	54	9	2.64	2	2	0.32	1	1	0.68	unphased	0.843308270676692	0.843308270676692	1
5	1394762	1394763	14	9	2.6	2	2	0.3	1	1	0.7	unphased	2.29427917620137	1.76483013553952	1.3
5	1443347	1443348	62	38	2.6	2	2	0.3	1	1	0.7	unphased	2.228	1.71384615384615	1.3
5	1815961	1815962	75	26	2.6	2	2	0.3	1	1	0.7	unphased	1.50932777488275	1.16102136529442	1.3
5	6742691	6742692	56	19	2.6	2	2	0.3	1	1	0.7	unphased	1.48533333333333	1.1425641025641	1.3
5	9119217	9119218	26	8	2.6	2	2	0.3	1	1	0.7	unphased	1.37956656346749	1.37956656346749	1
5	9119218	9119219	26	8	2.6	2	2	0.3	1	1	0.7	unphased	1.37956656346749	1.37956656346749	1
5	13716655	13716656	41	10	2.6	2	2	0.3	1	1	0.7	unphased	1.14963880288958	1.14963880288958	1
5	13794108	13794109	43	17	2.6	2	2	0.3	1	1	0.7	unphased	1.66122807017544	1.2778677462888	1.3
5	14471448	14471449	25	13	2.6	2	2	0.3	1	1	0.7	unphased	2.00581717451524	1.54293628808864	1.3
5	19473671	19473672	82	45	2.76	2	2	0.38	1	1	0.62	unphased	2.13418980522172	1.54651435160994	1.38
5	19473802	19473803	186	74	2.76	2	2	0.38	1	1	0.62	unphased	1.71428340080972	1.24223434841284	1.38
5	21752001	21752002	60	29	2.76	2	2	0.38	1	1	0.62	unphased	1.96260201064459	1.42217537003231	1.38
5	21752002	21752003	60	28	2.76	2	2	0.38	1	1	0.62	unphased	1.91645933014354	1.38873864503155	1.38
5	26886093	26886094	94	57	2.76	2	2	0.38	1	1	0.62	unphased	2.27364238410596	1.64756694500432	1.38
5	32093109	32093110	61	39	2.76	2	2	0.38	1	1	0.62	unphased	2.34903157894737	1.70219679633867	1.38
5	32230406	32230407	62	21	2.76	2	2	0.38	1	1	0.62	unphased	1.52393151553583	1.10429819966364	1.38
5	32388779	32388780	42	17	2.76	2	2	0.38	1	1	0.62	unphased	1.73548617305977	1.25759867613027	1.38
5	33549436	33549437	93	43	2.76	2	2	0.38	1	1	0.62	unphased	1.90438080495356	1.37998609054606	1.38
5	35776375	35776376	54	22	2.76	2	2	0.38	1	1	0.62	unphased	1.74354570637119	1.26343891766028	1.38
5	35876655	35876656	13	4	2.76	2	2	0.38	1	1	0.62	unphased	1.41721362229102	1.41721362229102	1
5	35954365	35954366	34	12	2.76	2	2	0.38	1	1	0.62	unphased	1.5712585812357	1.5712585812357	1
5	36049016	36049017	70	24	2.76	2	2	0.38	1	1	0.62	unphased	1.53782754759239	1.11436778811042	1.38
5	36049381	36049382	55	22	2.76	2	2	0.38	1	1	0.62	unphased	1.7209022556391	1.24703062002833	1.38
5	36265110	36265111	125	21	2.76	2	2	0.38	1	1	0.62	unphased	0.866344628695025	0.866344628695025	1
5	36958267	36958268	38	11	2.76	2	2	0.38	1	1	0.62	unphased	1.35213748657358	1.35213748657358	1
5	37108561	37108562	63	31	2.76	2	2	0.38	1	1	0.62	unphased	1.98636058230683	1.4393917263093	1.38
5	39002669	39002670	83	63	2.76	2	2	0.38	1	1	0.62	unphased	2.59903388608508	1.88335788846745	1.38
5	39202740	39202741	45	17	2.76	2	2	0.38	1	1	0.62	unphased	1.65151103565365	1.19674712728525	1.38
5	40958339	40958340	61	18	2.76	2	2	0.38	1	1	0.62	unphased	1.37236508994004	1.37236508994004	1
5	41009396	41009397	63	26	2.76	2	2	0.38	1	1	0.62	unphased	1.75957421643998	1.27505378002897	1.38
5	41176670	41176671	90	20	2.76	2	2	0.38	1	1	0.62	unphased	1.09511961722488	1.09511961722488	1
5	41382017	41382018	60	26	2.76	2	2	0.38	1	1	0.62	unphased	1.8209547123623	1.31953240026254	1.38
5	41382462	41382463	26	20	2.76	2	2	0.38	1	1	0.62	unphased	2.6187643020595	1.89765529134746	1.38
5	42711368	42711369	115	40	2.76	2	2	0.38	1	1	0.62	unphased	1.55436332767402	1.12635023744495	1.38
5	43487067	43487068	27	7	2.76	2	2	0.38	1	1	0.62	unphased	1.24006191950464	1.24006191950464	1
5	45262749	45262750	84	42	2.76	2	2	0.38	1	1	0.62	unphased	2.00771929824561	1.45486905669972	1.38
5	52367835	52367836	46	20	2.76	2	2	0.38	1	1	0.62	unphased	1.82519936204147	1.32260823336338	1.38
5	52367836	52367837	46	20	2.76	2	2	0.38	1	1	0.62	unphased	1.82519936204147	1.32260823336338	1.38
5	54326327	54326328	56	31	2.76	2	2	0.38	1	1	0.62	unphased	2.14618269812462	1.55520485371349	1.38
5	66460221	66460222	26	9	2.76	2	2	0.38	1	1	0.62	unphased	1.54881203007519	1.54881203007519	1
5	71756420	71756421	68	36	2.76	2	2	0.38	1	1	0.62	unphased	2.08493927125506	1.51082555888048	1.38
5	72798833	72798834	92	37	2.76	2	2	0.38	1	1	0.62	unphased	1.72757241942064	1.25186407204395	1.38
5	76714122	76714123	50	28	2.82	2	2	0.41	1	1	0.59	unphased	2.18369770580297	1.54872177716523	1.41
5	76729109	76729110	36	12	2.82	2	2	0.41	1	1	0.59	unphased	1.52078947368421	1.52078947368421	1
5	89807868	89807869	25	7	3.53	3	2	0.51	1	1	0.49	unphased	1.48600328947368	1.48600328947368	1
5	90021002	90021003	15	6	3.53	3	2	0.51	1	1	0.49	unphased	1.9409022556391	1.9409022556391	1
5	90261278	90261279	61	20	3.53	3	2	0.51	1	1	0.49	unphased	1.67732293697206	1.11080989203448	1.51
5	93076426	93076427	11	5	3.53	3	2	0.51	1	1	0.49	unphased	2.12286184210526	2.12286184210526	1
5	96079354	96079355	90	33	3.53	3	2	0.51	1	1	0.49	unphased	1.82255455712452	0.902254731249762	2.02
5	108523216	108523217	43	20	3.56	3	2	0.52	1	1	0.48	unphased	2.16608187134503	1.06180483889462	2.04
5	110428011	110428012	143	43	3.56	3	2	0.52	1	1	0.48	unphased	1.57739671760045	1.03776099842135	1.52
5	110428012	110428013	143	44	3.56	3	2	0.52	1	1	0.48	unphased	1.60544891640867	1.05621639237412	1.52
5	112770185	112770186	40	13	3.56	3	2	0.52	1	1	0.48	unphased	1.67360476663357	1.10105576752208	1.52
5	118485071	118485072	92	33	2.72	2	2	0.36	1	1	0.64	unphased	1.57955368421053	1.16143653250774	1.36
5	118970283	118970284	83	32	2.72	2	2	0.36	1	1	0.64	unphased	1.66487871853547	1.2241755283349	1.36
5	121187819	121187820	9	4	2.72	2	2	0.36	1	1	0.64	unphased	1.84097165991903	1.84097165991903	1
5	122718531	122718532	56	11	2.72	2	2	0.36	1	1	0.64	unphased	0.982309505106049	0.982309505106049	1
5	123984477	123984478	90	46	2.72	2	2	0.36	1	1	0.64	unphased	2.02371517027864	1.488025860499	1.36
5	125960380	125960381	58	17	2.72	2	2	0.36	1	1	0.64	unphased	1.35618245614035	1.35618245614035	1
5	127518570	127518571	38	8	2.72	2	2	0.36	1	1	0.64	unphased	1.04054919908467	1.04054919908467	1
5	127518571	127518572	37	8	2.72	2	2	0.36	1	1	0.64	unphased	1.06367251461988	1.06367251461988	1
5	130766834	130766835	95	29	2.72	2	2	0.36	1	1	0.64	unphased	1.39928692699491	1.02888744631978	1.36
5	131911513	131911514	31	16	2.72	2	2	0.36	1	1	0.64	unphased	2.03681970884658	1.49766155062249	1.36
5	131925416	131925417	41	22	2.72	2	2	0.36	1	1	0.64	unphased	2.0893567251462	1.53629170966632	1.36
5	133643960	133643961	55	9	2.72	2	2	0.36	1	1	0.64	unphased	0.841381578947368	0.841381578947368	1
5	134011776	134011777	50	26	2.72	2	2	0.36	1	1	0.64	unphased	2.04686980609418	1.50505132801043	1.36
5	134086684	134086685	12	7	2.72	2	2	0.36	1	1	0.64	unphased	2.20432132963989	1.62082450708815	1.36
5	134210043	134210044	7	5	2.72	2	2	0.36	1	1	0.64	unphased	2.49298245614035	1.83307533539732	1.36
5	139751199	139751200	28	3	2.72	2	2	0.36	1	1	0.64	unphased	0.579015280135823	0.579015280135823	1
5	139889324	139889325	43	23	2.72	2	2	0.36	1	1	0.64	unphased	2.08503987240829	1.53311755324139	1.36
5	140070960	140070961	7	6	2.72	2	2	0.36	1	1	0.64	unphased	2.76145748987854	2.03048344844011	1.36
5	140175831	140175832	152	54	2.72	2	2	0.36	1	1	0.64	unphased	1.56840061318344	1.15323574498783	1.36
5	140188103	140188104	109	30	2.72	2	2	0.36	1	1	0.64	unphased	1.29132904202953	1.29132904202953	1
5	140201923	140201924	69	29	2.72	2	2	0.36	1	1	0.64	unphased	1.77052631578947	1.30185758513932	1.36
5	140207819	140207820	102	53	2.72	2	2	0.36	1	1	0.64	unphased	2.04585398981324	1.50430440427444	1.36
5	140208736	140208737	209	40	2.72	2	2	0.36	1	1	0.64	unphased	0.961149862608328	0.961149862608328	1
5	140208823	140208824	149	83	2.72	2	2	0.36	1	1	0.64	unphased	2.14052631578947	1.57391640866873	1.36
5	140242834	140242835	35	24	2.72	2	2	0.36	1	1	0.64	unphased	2.43382694023194	1.78957863252348	1.36
5	140263675	140263676	129	67	2.72	2	2	0.36	1	1	0.64	unphased	2.04526315789474	1.50386996904025	1.36
5	140475723	140475724	159	49	2.72	2	2	0.36	1	1	0.64	unphased	1.40949392712551	1.03639259347464	1.36
5	140503527	140503528	74	37	2.72	2	2	0.36	1	1	0.64	unphased	1.99438596491228	1.46646026831785	1.36
5	140503528	140503529	76	37	2.72	2	2	0.36	1	1	0.64	unphased	1.95908709827667	1.44050521932108	1.36
5	140515867	140515868	150	27	2.72	2	2	0.36	1	1	0.64	unphased	0.912685102586976	0.912685102586976	1
5	140530387	140530388	168	52	2.72	2	2	0.36	1	1	0.64	unphased	1.4142009569378	1.03985364480721	1.36
5	140553080	140553081	66	18	2.72	2	2	0.36	1	1	0.64	unphased	1.28210526315789	1.28210526315789	1
5	140554088	140554089	95	29	2.72	2	2	0.36	1	1	0.64	unphased	1.39928692699491	1.02888744631978	1.36
5	140554634	140554635	423	45	2.72	2	2	0.36	1	1	0.64	unphased	0.575303643724696	0.575303643724696	1
5	140558441	140558442	544	57	2.72	2	2	0.36	1	1	0.64	unphased	0.567454242928453	0.567454242928453	1
5	140558981	140558982	638	39	2.72	2	2	0.36	1	1	0.64	unphased	0.344672315944958	0.957423099847107	0.36
5	140559027	140559028	565	50	2.72	2	2	0.36	1	1	0.64	unphased	0.486435601198117	0.486435601198117	1
5	140588640	140588641	102	35	2.72	2	2	0.36	1	1	0.64	unphased	1.52854398770649	1.12392940272536	1.36
5	140604657	140604658	63	106	2.72	2	2	0.36	1	1	0.64	unphased	3.75274992214263	2.75937494275194	1.36
5	140724173	140724174	71	43	2.72	2	2	0.36	1	1	0.64	unphased	2.25680517082179	1.65941556678073	1.36
5	140724174	140724175	70	41	2.72	2	2	0.36	1	1	0.64	unphased	2.20999525841631	1.62499651354141	1.36
5	140736603	140736604	37	26	2.72	2	2	0.36	1	1	0.64	unphased	2.46923976608187	1.8156174750602	1.36
5	140752072	140752073	68	30	2.72	2	2	0.36	1	1	0.64	unphased	1.83157894736842	1.34674922600619	1.36
5	140755364	140755365	219	78	2.72	2	2	0.36	1	1	0.64	unphased	1.57133439659755	1.15539293867467	1.36
5	140764712	140764713	69	36	2.72	2	2	0.36	1	1	0.64	unphased	2.05136842105263	1.50835913312694	1.36
5	140769574	140769575	157	75	2.72	2	2	0.36	1	1	0.64	unphased	1.93421052631579	1.42221362229102	1.36
5	140794992	140794993	113	36	2.72	2	2	0.36	1	1	0.64	unphased	1.4455951960438	1.06293764414985	1.36
5	140802153	140802154	132	53	2.72	2	2	0.36	1	1	0.64	unphased	1.71409388335704	1.26036314952724	1.36
5	145551506	145551507	91	34	2.72	2	2	0.36	1	1	0.64	unphased	1.62741894736842	1.19663157894737	1.36
5	147928409	147928410	16	7	2.72	2	2	0.36	1	1	0.64	unphased	1.82096109839817	1.82096109839817	1
5	148407768	148407769	94	57	2.72	2	2	0.36	1	1	0.64	unphased	2.25854304635762	1.66069341643942	1.36
5	148745670	148745671	64	16	2.72	2	2	0.36	1	1	0.64	unphased	1.19663157894737	1.19663157894737	1
5	149460478	149460479	40	27	2.72	2	2	0.36	1	1	0.64	unphased	2.41112333071485	1.77288480199621	1.36
5	149502727	149502728	86	29	2.72	2	2	0.36	1	1	0.64	unphased	1.50879633867277	1.10940907255351	1.36
5	149773028	149773029	50	42	2.72	2	2	0.36	1	1	0.64	unphased	2.73144164759725	2.00841297617445	1.36
5	150080666	150080667	5	3	2.72	2	2	0.36	1	1	0.64	unphased	2.24368421052632	2.24368421052632	1
5	150441737	150441738	49	21	2.68	2	2	0.34	1	1	0.66	unphased	1.78294736842105	1.33055773762765	1.34
5	150514043	150514044	122	42	2.68	2	2	0.34	1	1	0.66	unphased	1.52202824133504	1.13584197114556	1.34
5	150723765	150723766	54	15	2.68	2	2	0.34	1	1	0.66	unphased	1.29199084668192	1.29199084668192	1
5	150867565	150867566	61	17	2.68	2	2	0.34	1	1	0.66	unphased	1.2953036437247	1.2953036437247	1
5	150922464	150922465	109	18	2.68	2	2	0.34	1	1	0.66	unphased	0.842337339411521	0.842337339411521	1
5	150922620	150922621	44	25	2.68	2	2	0.34	1	1	0.66	unphased	2.1533180778032	1.60695378940538	1.34
5	151179452	151179453	30	6	2.68	2	2	0.34	1	1	0.66	unphased	0.990526315789474	0.990526315789474	1
5	151235901	151235902	61	30	2.68	2	2	0.34	1	1	0.66	unphased	1.95928282244072	1.46215136003039	1.34
5	153765884	153765885	168	56	2.68	2	2	0.34	1	1	0.66	unphased	1.48578947368421	1.10879811468971	1.34
5	154287200	154287201	68	18	2.68	2	2	0.34	1	1	0.66	unphased	1.24391676866585	1.24391676866585	1
5	156482450	156482451	37	11	2.82	2	2	0.41	1	1	0.59	unphased	1.39405701754386	1.39405701754386	1
5	156484946	156484947	34	22	2.82	2	2	0.41	1	1	0.59	unphased	2.38981203007519	1.69490214898949	1.41
5	156936350	156936351	46	12	2.82	2	2	0.41	1	1	0.59	unphased	1.25858439201452	1.25858439201452	1
5	158139168	158139169	20	7	2.82	2	2	0.41	1	1	0.59	unphased	1.57711500974659	1.57711500974659	1
5	158601148	158601149	45	18	2.82	2	2	0.41	1	1	0.59	unphased	1.73804511278195	1.232656108356	1.41
5	159344372	159344373	53	27	2.82	2	2	0.41	1	1	0.59	unphased	2.05306578947368	1.45607502799552	1.41
5	160061448	160061449	120	42	2.82	2	2	0.41	1	1	0.59	unphased	1.57711500974659	1.11852128350822	1.41
5	160063277	160063278	59	22	2.82	2	2	0.41	1	1	0.59	unphased	1.65221572449643	1.17178420177052	1.41
5	161576192	161576193	84	22	2.82	2	2	0.41	1	1	0.59	unphased	1.26254220456802	1.26254220456802	1
5	161578751	161578752	71	19	2.82	2	2	0.41	1	1	0.59	unphased	1.28422222222222	1.28422222222222	1
5	170319475	170319476	159	64	2.82	2	2	0.41	1	1	0.59	unphased	1.74583903705452	1.23818371422306	1.41
5	170351547	170351548	62	11	2.82	2	2	0.41	1	1	0.59	unphased	0.916640230713771	0.916640230713771	1
5	170669715	170669716	114	41	2.82	2	2	0.41	1	1	0.59	unphased	1.60909337860781	1.14120097773604	1.41
5	175933834	175933835	100	54	2.58	2	2	0.29	1	1	0.71	unphased	2.0488995215311	1.58829420273729	1.29
5	176523708	176523709	21	9	2.58	2	2	0.29	1	1	0.71	unphased	1.75294736842105	1.75294736842105	1
5	176523709	176523710	20	9	2.58	2	2	0.29	1	1	0.71	unphased	1.81339382940109	1.40573165069852	1.29
5	176665272	176665273	89	43	2.58	2	2	0.29	1	1	0.71	unphased	1.90345295055821	1.47554492291334	1.29
5	176665273	176665274	92	43	2.58	2	2	0.29	1	1	0.71	unphased	1.86115399610136	1.44275503573749	1.29
5	176721195	176721196	139	43	2.58	2	2	0.29	1	1	0.71	unphased	1.38052631578947	1.07017543859649	1.29
5	176730928	176730929	7	5	2.58	2	2	0.29	1	1	0.71	unphased	2.43464912280702	1.88732490140079	1.29
5	176938753	176938754	67	16	2.58	2	2	0.29	1	1	0.71	unphased	1.12639188332276	1.12639188332276	1
5	178311295	178311296	42	9	2.64	2	2	0.32	1	1	0.68	unphased	1.04173374613003	1.04173374613003	1
5	179743821	179743822	42	9	2.64	2	2	0.32	1	1	0.68	unphased	1.04173374613003	1.04173374613003	1
6	348852	348853	50	4	2.66	2	2	0.33	1	1	0.67	unphased	0.438752436647173	1.32955283832477	0.33
6	619490	619491	47	15	2.66	2	2	0.33	1	1	0.67	unphased	1.4330220713073	1.4330220713073	1
6	656311	656312	147	57	2.66	2	2	0.33	1	1	0.67	unphased	1.655	1.24436090225564	1.33
6	3105864	3105865	66	30	2.8	2	2	0.4	1	1	0.6	unphased	1.89473684210526	1.35338345864662	1.4
6	3284207	3284208	21	7	2.8	2	2	0.4	1	1	0.6	unphased	1.51578947368421	1.51578947368421	1
6	3284208	3284209	22	7	2.8	2	2	0.4	1	1	0.6	unphased	1.46352087114338	1.46352087114338	1
6	3850108	3850109	28	12	2.8	2	2	0.4	1	1	0.6	unphased	1.81894736842105	1.29924812030075	1.4
6	4069349	4069350	60	25	2.8	2	2	0.4	1	1	0.6	unphased	1.78328173374613	1.27377266696152	1.4
6	6196093	6196094	43	10	2.8	2	2	0.4	1	1	0.6	unphased	1.14399205561072	1.14399205561072	1
6	6196107	6196108	29	14	2.8	2	2	0.4	1	1	0.6	unphased	1.97405140758874	1.41003671970624	1.4
6	7230990	7230991	55	22	2.8	2	2	0.4	1	1	0.6	unphased	1.73233082706767	1.23737916219119	1.4
6	10586242	10586243	112	44	2.8	2	2	0.4	1	1	0.6	unphased	1.71012145748988	1.22151532677848	1.4
6	11185350	11185351	25	8	2.8	2	2	0.4	1	1	0.6	unphased	1.46985645933014	1.46985645933014	1
6	13978012	13978013	189	79	2.8	2	2	0.4	1	1	0.6	unphased	1.7872741555381	1.27662439681293	1.4
6	16327637	16327638	50	24	2.8	2	2	0.4	1	1	0.6	unphased	1.96642958748222	1.4045925624873	1.4
6	24475366	24475367	74	25	2.8	2	2	0.4	1	1	0.6	unphased	1.5311004784689	1.09364319890636	1.4
6	24489739	24489740	32	22	2.8	2	2	0.4	1	1	0.6	unphased	2.47017543859649	1.76441102756892	1.4
6	25862524	25862525	41	28	2.8	2	2	0.4	1	1	0.6	unphased	2.4604118993135	1.75743707093822	1.4
6	26247205	26247206	47	14	2.8	2	2	0.4	1	1	0.6	unphased	1.39154443485764	1.39154443485764	1
6	26406210	26406211	97	53	2.8	2	2	0.4	1	1	0.6	unphased	2.14231578947368	1.53022556390977	1.4
6	26505264	26505265	46	22	2.8	2	2	0.4	1	1	0.6	unphased	1.96160990712074	1.40114993365767	1.4
6	27420535	27420536	78	21	3.4	3	2	0.6	1	0	0.4	unphased	1.4133971291866	1.4133971291866	1
6	28097254	28097255	48	27	3.4	3	2	0.6	1	0	0.4	unphased	2.39873684210526	0.922591093117409	2.6
6	29323291	29323292	57	15	3.4	3	2	0.6	1	0	0.4	unphased	1.38815789473684	1.38815789473684	1
6	29364562	29364563	83	38	3.4	3	2	0.6	1	0	0.4	unphased	2.09256198347107	0.951164537941398	2.2
6	29641034	29641035	176	55	3.4	3	2	0.6	1	0	0.4	unphased	1.58646616541353	0.991541353383459	1.6
6	30615106	30615107	19	13	3.4	3	2	0.6	1	0	0.4	unphased	2.70690789473684	1.04111842105263	2.6
6	30680003	30680004	38	16	3.4	3	2	0.6	1	0	0.4	unphased	1.97426900584795	0.897395002658161	2.2
6	31525500	31525501	42	28	3.4	3	2	0.6	1	0	0.4	unphased	2.66526315789474	1.0251012145749	2.6
6	31604558	31604559	255	90	3.4	3	2	0.6	1	0	0.4	unphased	1.73821510297483	1.08638443935927	1.6
6	31604559	31604560	253	90	3.4	3	2	0.6	1	0	0.4	unphased	1.74835046800675	1.09271904250422	1.6
6	31609989	31609990	32	18	3.4	3	2	0.6	1	0	0.4	unphased	2.39873684210526	0.922591093117409	2.6
6	31748258	31748259	60	26	3.4	3	2	0.6	1	0	0.4	unphased	2.01444308445532	0.915655947479693	2.2
6	32037904	32037905	16	8	3.4	3	2	0.6	1	0	0.4	unphased	2.22105263157895	1.00956937799043	2.2
6	32049967	32049968	25	11	3.4	3	2	0.6	1	0	0.4	unphased	2.0359649122807	0.925438596491228	2.2
6	32122474	32122475	77	26	3.4	3	2	0.6	1	0	0.4	unphased	1.68196218702095	1.05122636688809	1.6
6	32122475	32122476	78	24	3.4	3	2	0.6	1	0	0.4	unphased	1.56780185758514	0.979876160990712	1.6
6	32147868	32147869	121	46	3.4	3	2	0.6	1	0	0.4	unphased	1.8353608572329	1.14710053577056	1.6
6	32184979	32184980	52	12	3.4	3	2	0.6	1	0	0.4	unphased	1.24934210526316	1.24934210526316	1
6	32916509	32916510	6	5	2.76	2	2	0.38	1	1	0.62	unphased	2.7377990430622	1.98391235004507	1.38
6	32942521	32942522	32	21	2.76	2	2	0.38	1	1	0.62	unphased	2.38653426017875	1.72937265230344	1.38
6	33141309	33141310	74	19	2.76	2	2	0.38	1	1	0.62	unphased	1.2305376344086	1.2305376344086	1
6	33148461	33148462	19	3	2.76	2	2	0.38	1	1	0.62	unphased	0.82133971291866	0.82133971291866	1
6	33244204	33244205	24	13	2.76	2	2	0.38	1	1	0.62	unphased	2.11624466571835	1.53351062733214	1.38
6	33290747	33290748	13	14	2.76	2	2	0.38	1	1	0.62	unphased	3.12311890838207	2.26312964375512	1.38
6	33652229	33652230	36	7	2.76	2	2	0.38	1	1	0.62	unphased	0.980514075887393	0.980514075887393	1
6	35260387	35260388	68	13	2.76	2	2	0.38	1	1	0.62	unphased	0.966679662118259	0.966679662118259	1
6	36709962	36709963	14	3	2.76	2	2	0.38	1	1	0.62	unphased	1.06291021671827	1.06291021671827	1
6	36981516	36981517	43	15	2.76	2	2	0.38	1	1	0.62	unphased	1.55771324863884	1.12877771640496	1.38
6	38649844	38649845	83	31	2.76	2	2	0.38	1	1	0.62	unphased	1.63787626962142	1.18686686204451	1.38
6	39159146	39159147	50	17	2.76	2	2	0.38	1	1	0.62	unphased	1.52826394344069	1.10743764017441	1.38
6	39847151	39847152	38	18	2.76	2	2	0.38	1	1	0.62	unphased	1.93601503759399	1.40290944753187	1.38
6	40400736	40400737	75	30	2.76	2	2	0.38	1	1	0.62	unphased	1.7209022556391	1.24703062002833	1.38
6	41065217	41065218	14	5	2.76	2	2	0.38	1	1	0.62	unphased	1.58504155124654	1.58504155124654	1
6	41117417	41117418	74	49	2.76	2	2	0.38	1	1	0.62	unphased	2.39946940522037	1.73874594581186	1.38
6	41566713	41566714	4	4	2.76	2	2	0.38	1	1	0.62	unphased	3.01157894736842	2.18230358504958	1.38
6	41875011	41875012	14	9	2.76	2	2	0.38	1	1	0.62	unphased	2.35688787185355	1.70788976221272	1.38
6	44221278	44221279	36	18	2.76	2	2	0.38	1	1	0.62	unphased	2.00771929824561	1.45486905669972	1.38
6	44253870	44253871	74	25	2.76	2	2	0.38	1	1	0.62	unphased	1.52099946836789	1.10217352780282	1.38
6	44268299	44268300	176	71	2.76	2	2	0.38	1	1	0.62	unphased	1.73135307905391	1.25460368047385	1.38
6	46214489	46214490	24	13	2.76	2	2	0.38	1	1	0.62	unphased	2.11624466571835	1.53351062733214	1.38
6	46657895	46657896	40	20	2.76	2	2	0.38	1	1	0.62	unphased	2.00771929824561	1.45486905669972	1.38
6	46824636	46824637	23	14	2.76	2	2	0.38	1	1	0.62	unphased	2.27903271692745	1.65147298328076	1.38
6	46830807	46830808	31	15	2.76	2	2	0.38	1	1	0.62	unphased	1.96407322654462	1.4232414685106	1.38
6	46977382	46977383	61	21	2.76	2	2	0.38	1	1	0.62	unphased	1.54251604621309	1.11776525087905	1.38
6	47574011	47574012	52	12	2.76	2	2	0.38	1	1	0.62	unphased	1.12934210526316	1.12934210526316	1
6	47646734	47646735	68	32	2.76	2	2	0.38	1	1	0.62	unphased	1.92741052631579	1.39667429443173	1.38
6	47682612	47682613	128	49	2.76	2	2	0.38	1	1	0.62	unphased	1.66742789176331	1.2082810809879	1.38
6	47682870	47682871	94	35	2.76	2	2	0.38	1	1	0.62	unphased	1.63419012647899	1.18419574382535	1.38
6	47976565	47976566	45	19	2.76	2	2	0.38	1	1	0.62	unphased	1.788125	1.29574275362319	1.38
6	51774189	51774190	156	47	2.76	2	2	0.38	1	1	0.62	unphased	1.39452424163858	1.01052481278158	1.38
6	51774198	51774199	129	69	2.76	2	2	0.38	1	1	0.62	unphased	2.09897926634769	1.52099946836789	1.38
6	52052458	52052459	181	74	2.76	2	2	0.38	1	1	0.62	unphased	1.74789680082559	1.26659188465623	1.38
6	54173352	54173353	30	18	2.76	2	2	0.38	1	1	0.62	unphased	2.25868421052632	1.63672768878719	1.38
6	54214630	54214631	57	44	2.76	2	2	0.38	1	1	0.62	unphased	2.62394997394476	1.90141302459765	1.38
6	54792392	54792393	92	44	2.76	2	2	0.38	1	1	0.62	unphased	1.94866873065016	1.4120787903262	1.38
6	69653752	69653753	95	47	2.76	2	2	0.38	1	1	0.62	unphased	1.99358042994811	1.4446234999624	1.38
6	70859776	70859777	67	22	2.76	2	2	0.38	1	1	0.62	unphased	1.48887049083383	1.07889166002451	1.38
6	70972978	70972979	36	8	2.76	2	2	0.38	1	1	0.62	unphased	1.09511961722488	1.09511961722488	1
6	71010083	71010084	65	42	2.76	2	2	0.38	1	1	0.62	unphased	2.36423020167241	1.71321029106696	1.38
6	72968714	72968715	58	25	2.76	2	2	0.38	1	1	0.62	unphased	1.8142041851617	1.31464071388529	1.38
6	74079007	74079008	45	14	2.76	2	2	0.38	1	1	0.62	unphased	1.42922390722569	1.42922390722569	1
6	74155406	74155407	25	11	2.76	2	2	0.38	1	1	0.62	unphased	1.84040935672515	1.33362996864141	1.38
6	74513009	74513010	70	21	2.76	2	2	0.38	1	1	0.62	unphased	1.38995951417004	1.38995951417004	1
6	76731839	76731840	40	5	3.56	3	2	0.64	1	0	0.36	unphased	0.75812865497076	0.75812865497076	1
6	83732255	83732256	41	17	2.86	2	2	0.43	1	1	0.57	unphased	1.79471869328494	1.25504803726219	1.43
6	83861310	83861311	17	4	2.86	2	2	0.43	1	1	0.57	unphased	1.16631578947368	1.16631578947368	1
6	83926281	83926282	82	45	2.86	2	2	0.43	1	1	0.57	unphased	2.16962287608786	1.51721879446703	1.43
6	85446816	85446817	94	26	2.86	2	2	0.43	1	1	0.57	unphased	1.32668421052632	1.32668421052632	1
6	85472325	85472326	109	42	2.86	2	2	0.43	1	1	0.57	unphased	1.70313001045661	1.19100000731231	1.43
6	89808414	89808415	67	29	2.86	2	2	0.43	1	1	0.57	unphased	1.84970394736842	1.293499263894	1.43
6	89827623	89827624	25	6	2.86	2	2	0.43	1	1	0.57	unphased	1.1851273344652	1.1851273344652	1
6	93969188	93969189	84	39	2.86	2	2	0.43	1	1	0.57	unphased	1.9414890885751	1.35768467732524	1.43
6	102247602	102247603	87	25	2.86	2	2	0.43	1	1	0.57	unphased	1.36677631578947	1.36677631578947	1
6	105725980	105725981	180	77	2.84	2	2	0.42	1	1	0.58	unphased	1.82857259881221	1.28772718226212	1.42
6	106967941	106967942	37	20	2.84	2	2	0.42	1	1	0.58	unphased	2.14145891043398	1.5080696552352	1.42
6	107391964	107391965	152	40	2.84	2	2	0.42	1	1	0.58	unphased	1.27149122807018	1.27149122807018	1
6	111995802	111995803	101	41	2.84	2	2	0.42	1	1	0.58	unphased	1.76217939214233	1.24097140291713	1.42
6	112438962	112438963	155	69	2.84	2	2	0.42	1	1	0.58	unphased	1.87999060150376	1.32393704331251	1.42
6	112462046	112462047	61	19	2.84	2	2	0.42	1	1	0.58	unphased	1.4495	1.4495	1
6	116836832	116836833	134	52	2.84	2	2	0.42	1	1	0.58	unphased	1.70625919637804	1.20159098336482	1.42
6	119327689	119327690	95	34	2.84	2	2	0.42	1	1	0.58	unphased	1.60858425132599	1.13280581079295	1.42
6	123318887	123318888	46	23	2.84	2	2	0.42	1	1	0.58	unphased	2.03438596491228	1.43266617247344	1.42
6	127476428	127476429	120	42	2.84	2	2	0.42	1	1	0.58	unphased	1.58230019493177	1.11429591192378	1.42
6	127611173	127611174	99	27	2.84	2	2	0.42	1	1	0.58	unphased	1.30781954887218	1.30781954887218	1
6	127611174	127611175	97	27	2.84	2	2	0.42	1	1	0.58	unphased	1.32891341256367	1.32891341256367	1
6	130392196	130392197	159	92	2.84	2	2	0.42	1	1	0.58	unphased	2.23701404906689	1.57536200638513	1.42
6	131912486	131912487	89	31	2.84	2	2	0.42	1	1	0.58	unphased	1.57664912280702	1.11031628366691	1.42
6	132045199	132045200	39	9	2.84	2	2	0.42	1	1	0.58	unphased	1.14434210526316	1.14434210526316	1
6	132061494	132061495	72	35	2.84	2	2	0.42	1	1	0.58	unphased	1.99636005902607	1.40588736551132	1.42
6	132910325	132910326	46	27	2.84	2	2	0.42	1	1	0.58	unphased	2.25733237202596	1.58967068452532	1.42
6	132938515	132938516	34	7	2.84	2	2	0.42	1	1	0.58	unphased	1.04200256739409	1.04200256739409	1
6	132938618	132938619	56	19	2.84	2	2	0.42	1	1	0.58	unphased	1.54613333333333	1.08882629107981	1.42
6	134350154	134350155	70	23	2.78	2	2	0.39	1	1	0.61	unphased	1.49454442558008	1.07521181696409	1.39
6	135518185	135518186	77	24	2.78	2	2	0.39	1	1	0.61	unphased	1.43599791558103	1.03309202559786	1.39
6	136913320	136913321	137	42	2.78	2	2	0.39	1	1	0.61	unphased	1.41794766245222	1.02010623198001	1.39
6	138655345	138655346	26	7	2.78	2	2	0.39	1	1	0.61	unphased	1.28188197767145	1.28188197767145	1
6	143074779	143074780	54	16	2.8	2	2	0.4	1	1	0.6	unphased	1.38586466165414	1.38586466165414	1
6	150239381	150239382	50	18	2.8	2	2	0.4	1	1	0.6	unphased	1.60495356037152	1.14639540026537	1.4
6	150290264	150290265	104	40	2.8	2	2	0.4	1	1	0.6	unphased	1.68421052631579	1.20300751879699	1.4
6	150690277	150690278	119	32	2.8	2	2	0.4	1	1	0.6	unphased	1.28490763332171	1.28490763332171	1
6	152647489	152647490	59	18	2.8	2	2	0.4	1	1	0.6	unphased	1.41736158578264	1.41736158578264	1
6	152716669	152716670	113	37	2.8	2	2	0.4	1	1	0.6	unphased	1.49557894736842	1.06827067669173	1.4
6	152720834	152720835	160	71	2.8	2	2	0.4	1	1	0.6	unphased	1.86356801093643	1.33112000781174	1.4
6	152819892	152819893	33	13	2.8	2	2	0.4	1	1	0.6	unphased	1.71350114416476	1.22392938868911	1.4
6	153043176	153043177	69	15	2.8	2	2	0.4	1	1	0.6	unphased	1.08270676691729	1.08270676691729	1
6	153043185	153043186	69	16	2.8	2	2	0.4	1	1	0.6	unphased	1.14130030959752	1.14130030959752	1
6	154412118	154412119	103	40	2.64	2	2	0.32	1	1	0.68	unphased	1.65123297754877	1.25093407390058	1.32
6	159461845	159461846	36	22	2.64	2	2	0.32	1	1	0.68	unphased	2.23912885662432	1.69630973986691	1.32
6	160638505	160638506	30	8	2.64	2	2	0.32	1	1	0.68	unphased	1.24277008310249	1.24277008310249	1
6	160829812	160829813	48	18	2.64	2	2	0.32	1	1	0.68	unphased	1.60995215311005	1.21966072205307	1.32
6	160953630	160953631	38	16	2.64	2	2	0.32	1	1	0.68	unphased	1.74908382066277	1.3250635005021	1.32
6	160953631	160953632	39	16	2.64	2	2	0.32	1	1	0.68	unphased	1.71728229665072	1.3009714368566	1.32
6	161127509	161127510	85	38	2.64	2	2	0.32	1	1	0.68	unphased	1.82373983739837	1.38162108893816	1.32
6	166921729	166921730	38	17	2.64	2	2	0.32	1	1	0.68	unphased	1.82461244019139	1.38228215166014	1.32
6	167592025	167592026	95	35	2.64	2	2	0.32	1	1	0.68	unphased	1.58931174089069	1.20402404612931	1.32
6	169648720	169648721	80	31	2.64	2	2	0.32	1	1	0.68	unphased	1.64862968231389	1.24896188054083	1.32
6	169648721	169648722	81	31	2.64	2	2	0.32	1	1	0.68	unphased	1.63390977443609	1.23781043517886	1.32
6	170143246	170143247	76	22	2.64	2	2	0.32	1	1	0.68	unphased	1.32519871106337	1.32519871106337	1
7	2269658	2269659	28	9	2.87	3	2	0.29	1	1	0.71	unphased	1.49184921763869	1.49184921763869	1
7	2473050	2473051	95	51	2.87	3	2	0.29	1	1	0.71	unphased	2.14240447007931	0.935547803528082	2.29
7	2608627	2608628	30	13	2.87	3	2	0.29	1	1	0.71	unphased	1.85421052631579	1.17355096602265	1.58
7	2638162	2638163	136	53	2.87	3	2	0.29	1	1	0.71	unphased	1.71988025619605	1.08853180771902	1.58
7	2645595	2645596	44	31	2.87	3	2	0.29	1	1	0.71	unphased	2.53503859649123	1.1070037539263	2.29
7	2959061	2959062	53	34	2.87	3	2	0.29	1	1	0.71	unphased	2.39686630369026	1.04666650816169	2.29
7	2962856	2962857	60	18	2.87	3	2	0.29	1	1	0.71	unphased	1.41534412955466	1.41534412955466	1
7	2962857	2962858	60	18	2.87	3	2	0.29	1	1	0.71	unphased	1.41534412955466	1.41534412955466	1
7	2976718	2976719	35	15	2.87	3	2	0.29	1	1	0.71	unphased	1.83994736842105	1.1645236508994	1.58
7	2998191	2998192	31	21	2.87	3	2	0.29	1	1	0.71	unphased	2.47685222672065	1.08159485882998	2.29
7	4876144	4876145	13	7	2.87	3	2	0.29	1	1	0.71	unphased	2.14660526315789	0.93738221098598	2.29
7	5104811	5104812	37	17	2.87	3	2	0.29	1	1	0.71	unphased	1.9308089668616	0.84314802046358	2.29
7	5567493	5567494	82	24	2.87	3	2	0.29	1	1	0.71	unphased	1.38863952333664	1.38863952333664	1
7	5760768	5760769	58	45	2.87	3	2	0.29	1	1	0.71	unphased	2.67953500255493	1.17010262120303	2.29
7	5780764	5780765	118	37	2.87	3	2	0.29	1	1	0.71	unphased	1.4640441426146	0.926610216844684	1.58
7	11501709	11501710	95	50	2.87	3	2	0.29	1	1	0.71	unphased	2.11488203266788	0.92352927190737	2.29
7	11676332	11676333	55	12	2.87	3	2	0.29	1	1	0.71	unphased	1.09847604084839	1.09847604084839	1
7	11676333	11676334	53	12	2.87	3	2	0.29	1	1	0.71	unphased	1.13227530364372	1.13227530364372	1
7	15652161	15652162	145	35	2.87	3	2	0.29	1	1	0.71	unphased	1.19255847953216	1.19255847953216	1
7	15725526	15725527	305	88	2.87	3	2	0.29	1	1	0.71	unphased	1.37332797642962	1.0645953305656	1.29
7	18066550	18066551	168	54	2.87	3	2	0.29	1	1	0.71	unphased	1.49184921763869	0.944208365594108	1.58
7	18788642	18788643	20	3	2.87	3	2	0.29	1	1	0.71	unphased	0.799977116704806	0.799977116704806	1
7	21640672	21640673	23	10	2.87	3	2	0.29	1	1	0.71	unphased	1.8585326953748	1.17628651606	1.58
7	21750214	21750215	20	8	2.87	3	2	0.29	1	1	0.71	unphased	1.75233082706767	1.75233082706767	1
7	23221591	23221592	8	7	2.87	3	2	0.29	1	1	0.71	unphased	2.86214035087719	1.24984294798131	2.29
7	27140953	27140954	46	23	2.87	3	2	0.29	1	1	0.71	unphased	2.04438596491228	0.892744962843791	2.29
7	27147634	27147635	70	44	2.87	3	2	0.29	1	1	0.71	unphased	2.3671837488458	1.03370469381913	2.29
7	29070292	29070293	168	56	2.87	3	2	0.29	1	1	0.71	unphased	1.53328947368421	0.9704363757495	1.58
7	29070303	29070304	153	85	2.87	3	2	0.29	1	1	0.71	unphased	2.19041353383459	0.956512460189776	2.29
7	30185856	30185857	71	35	2.87	3	2	0.29	1	1	0.71	unphased	2.02509930486594	0.884322840552811	2.29
7	31614330	31614331	26	12	2.87	3	2	0.29	1	1	0.71	unphased	1.93678670360111	0.845758385852012	2.29
7	34192732	34192733	173	48	2.87	3	2	0.29	1	1	0.71	unphased	1.33208859252203	1.03262681590855	1.29
7	34724179	34724180	102	43	2.87	3	2	0.29	1	1	0.71	unphased	1.81879854809437	1.15113832157872	1.58
7	38402681	38402682	80	19	2.69	3	2	0.23	1	1	0.77	unphased	1.14252525252525	1.14252525252525	1
7	38501001	38501002	104	41	2.69	3	2	0.23	1	1	0.77	unphased	1.68330671506352	1.15294980483803	1.46
7	42005397	42005398	101	43	2.69	3	2	0.23	1	1	0.77	unphased	1.77767909356725	0.797165512810427	2.23
7	44179397	44179398	31	13	2.69	3	2	0.23	1	1	0.77	unphased	1.75888755980861	1.20471750671823	1.46
7	44796635	44796636	73	38	2.69	3	2	0.23	1	1	0.77	unphased	2.03801801801802	0.913909425120187	2.23
7	45632359	45632360	172	63	2.69	3	2	0.23	1	1	0.77	unphased	1.5959529675252	1.09311847090767	1.46
7	47317662	47317663	28	7	2.69	3	2	0.23	1	1	0.77	unphased	1.19063157894737	1.19063157894737	1
7	47384577	47384578	102	5	2.69	3	2	0.23	1	1	0.77	unphased	0.278184948352189	1.2094997754443	0.23
7	47876527	47876528	27	9	2.69	3	2	0.23	1	1	0.77	unphased	1.48828947368421	1.48828947368421	1
7	47897394	47897395	43	18	2.69	3	2	0.23	1	1	0.77	unphased	1.75666954270923	1.20319831692413	1.46
7	48318353	48318354	186	74	2.69	3	2	0.23	1	1	0.77	unphased	1.69436032388664	1.16052076978537	1.46
7	50367320	50367321	18	3	2.69	3	2	0.23	1	1	0.77	unphased	0.850451127819549	0.850451127819549	1
7	51094345	51094346	135	71	2.69	3	2	0.23	1	1	0.77	unphased	2.05181655595299	0.92009711029282	2.23
7	53104324	53104325	26	12	2.69	3	2	0.23	1	1	0.77	unphased	1.87994459833795	0.843024483559619	2.23
7	56174182	56174183	13	4	2.69	3	2	0.23	1	1	0.77	unphased	1.40074303405573	1.40074303405573	1
7	57528635	57528636	12	7	2.69	3	2	0.23	1	1	0.77	unphased	2.19326869806094	0.983528564152889	2.23
7	64292613	64292614	18	4	2.69	3	2	0.23	1	1	0.77	unphased	1.08239234449761	1.08239234449761	1
7	65706216	65706217	50	19	2.69	3	2	0.23	1	1	0.77	unphased	1.63927536231884	1.122791344054	1.46
7	71177100	71177101	88	33	2.87	3	2	0.29	1	1	0.71	unphased	1.67267942583732	1.058657864454	1.58
7	71252861	71252862	81	22	2.87	3	2	0.29	1	1	0.71	unphased	1.30999489013797	1.30999489013797	1
7	72398984	72398985	209	66	2.87	3	2	0.29	1	1	0.71	unphased	1.47195789473684	0.93161892071952	1.58
7	74564648	74564649	91	39	2.87	3	2	0.29	1	1	0.71	unphased	1.83994736842105	1.1645236508994	1.58
7	75441264	75441265	61	39	2.87	3	2	0.29	1	1	0.71	unphased	2.39193157894737	1.04451160652724	2.29
7	75517656	75517657	78	67	2.87	3	2	0.29	1	1	0.71	unphased	2.83394192377495	1.23752922435588	2.29
7	78131062	78131063	36	22	2.87	3	2	0.29	1	1	0.71	unphased	2.32637023593466	1.01588219909811	2.29
7	81334722	81334723	84	32	2.87	3	2	0.29	1	1	0.71	unphased	1.6919056261343	1.07082634565462	1.58
7	81386521	81386522	46	9	2.87	3	2	0.29	1	1	0.71	unphased	1.00360765550239	1.00360765550239	1
7	81600154	81600155	8	5	2.87	3	2	0.29	1	1	0.71	unphased	2.35890688259109	1.03009034174284	2.29
7	81667459	81667460	58	22	2.87	3	2	0.29	1	1	0.71	unphased	1.68661842105263	1.06748001332445	1.58
7	81799897	81799898	180	68	2.87	3	2	0.29	1	1	0.71	unphased	1.68167232597623	1.06434957340268	1.58
7	82538214	82538215	73	19	2.87	3	2	0.29	1	1	0.71	unphased	1.26663043478261	1.26663043478261	1
7	82584755	82584756	212	99	2.87	3	2	0.29	1	1	0.71	unphased	1.95235572854967	0.852557086702913	2.29
7	82586020	82586021	40	14	2.87	3	2	0.29	1	1	0.71	unphased	1.59007797270955	1.00637846374022	1.58
7	83036525	83036526	20	4	2.87	3	2	0.29	1	1	0.71	unphased	1.02219298245614	1.02219298245614	1
7	92732609	92732610	35	10	2.9	3	2	0.3	1	1	0.7	unphased	1.36959064327485	1.36959064327485	1
7	92732997	92732998	75	29	2.9	3	2	0.3	1	1	0.7	unphased	1.71857287449393	1.0741080465587	1.6
7	92763928	92763929	45	34	2.9	3	2	0.3	1	1	0.7	unphased	2.6524983344437	1.15326014541031	2.3
7	92764167	92764168	174	53	2.9	3	2	0.3	1	1	0.7	unphased	1.43897519128217	0.899359494551356	1.6
7	94039554	94039555	46	10	2.9	3	2	0.3	1	1	0.7	unphased	1.10056390977444	1.10056390977444	1
7	98445847	98445848	43	10	2.9	3	2	0.3	1	1	0.7	unphased	1.16285998013903	1.16285998013903	1
7	98490060	98490061	82	50	2.9	3	2	0.3	1	1	0.7	unphased	2.33452950558214	1.01501282851397	2.3
7	98507896	98507897	31	9	2.9	3	2	0.3	1	1	0.7	unphased	1.38671052631579	1.38671052631579	1
7	98552796	98552797	44	26	2.9	3	2	0.3	1	1	0.7	unphased	2.28917293233083	0.995292579274273	2.3
7	99821235	99821236	176	43	2.9	3	2	0.3	1	1	0.7	unphased	1.21011776015381	1.21011776015381	1
7	99956577	99956578	146	42	2.9	3	2	0.3	1	1	0.7	unphased	1.37687569988802	1.05913515376001	1.3
7	100061609	100061610	18	4	2.9	3	2	0.3	1	1	0.7	unphased	1.12057416267943	1.12057416267943	1
7	100084716	100084717	33	34	2.9	3	2	0.3	1	1	0.7	unphased	3.12757266300079	1.35981420130469	2.3
7	100218581	100218582	26	4	2.9	3	2	0.3	1	1	0.7	unphased	0.821754385964912	0.821754385964912	1
7	100246271	100246272	23	14	2.9	3	2	0.3	1	1	0.7	unphased	2.33200568990043	1.01391551734801	2.3
7	100549620	100549621	142	13	2.9	3	2	0.3	1	1	0.7	unphased	0.516910016977929	0.516910016977929	1
7	100686442	100686443	95	67	2.9	3	2	0.3	1	1	0.7	unphased	2.54896036387264	1.10824363646637	2.3
7	100773714	100773715	134	40	2.9	3	2	0.3	1	1	0.7	unphased	1.41681790683606	1.08985992833543	1.3
7	101821878	101821879	17	8	2.9	3	2	0.3	1	1	0.7	unphased	1.97221052631579	0.857482837528604	2.3
7	101845187	101845188	73	44	2.9	3	2	0.3	1	1	0.7	unphased	2.31776878092668	1.00772555692464	2.3
7	103130323	103130324	44	32	2.9	3	2	0.3	1	1	0.7	unphased	2.59501385041551	1.12826689148501	2.3
7	103155800	103155801	29	8	2.9	3	2	0.3	1	1	0.7	unphased	1.3325746799431	1.3325746799431	1
7	103234901	103234902	133	88	2.9	3	2	0.3	1	1	0.7	unphased	2.45410812098119	1.06700353086138	2.3
7	103275926	103275927	71	18	2.9	3	2	0.3	1	1	0.7	unphased	1.24648137196925	1.24648137196925	1
7	103292107	103292108	54	10	2.9	3	2	0.3	1	1	0.7	unphased	0.962993421052631	0.962993421052631	1
7	107399221	107399222	231	69	2.9	3	2	0.3	1	1	0.7	unphased	1.41752631578947	1.0904048582996	1.3
7	110764076	110764077	74	30	3.08	3	2	0.36	1	1	0.64	unphased	1.82975708502024	1.0638122587327	1.72
7	112424832	112424833	43	15	3.08	3	2	0.36	1	1	0.64	unphased	1.64047186932849	0.953762714725868	1.72
7	113518155	113518156	54	34	3.08	3	2	0.36	1	1	0.64	unphased	2.45076555023923	1.03845997891493	2.36
7	113518382	113518383	78	44	3.08	3	2	0.36	1	1	0.64	unphased	2.28769628990509	0.969362834705547	2.36
7	113519927	113519928	121	52	3.08	3	2	0.36	1	1	0.64	unphased	1.90661393367813	1.10849647306868	1.72
7	117368186	117368187	72	58	2.87	3	2	0.29	1	1	0.71	unphased	2.73633198380567	1.19490479642169	2.29
7	120776101	120776102	26	5	2.87	3	2	0.29	1	1	0.71	unphased	0.989219015280136	0.989219015280136	1
7	122114494	122114495	60	14	2.87	3	2	0.29	1	1	0.71	unphased	1.16032716927454	1.16032716927454	1
7	123594210	123594211	57	29	2.87	3	2	0.29	1	1	0.71	unphased	2.06815789473684	0.903125718225695	2.29
7	123599876	123599877	71	34	2.87	3	2	0.29	1	1	0.71	unphased	1.98597493734336	0.867237963905397	2.29
7	126086294	126086295	108	33	1.92	3	2	0.23	1	0	0.77	unphased	1.21307950727884	1.21307950727884	1
7	126173775	126173776	93	36	1.92	3	2	0.23	1	0	0.77	unphased	1.44646266829865	0.990727854999078	1.46
7	126698208	126698209	28	6	1.92	3	2	0.23	1	0	0.77	unphased	0.914674922600619	0.914674922600619	1
7	127255408	127255409	51	20	1.92	3	2	0.23	1	0	0.77	unphased	1.46004447739066	1.00003046396621	1.46
7	128486404	128486405	35	21	1.92	3	2	0.23	1	0	0.77	unphased	1.94368421052632	0.871607269294312	2.23
7	128491650	128491651	59	29	1.92	3	2	0.23	1	0	0.77	unphased	1.70808612440191	1.16992200301501	1.46
7	128498399	128498400	17	8	1.92	3	2	0.23	1	0	0.77	unphased	1.65861052631579	1.65861052631579	1
7	129662203	129662204	65	29	1.92	3	2	0.23	1	0	0.77	unphased	1.59905935050392	1.09524613048214	1.46
7	132193242	132193243	85	11	1.92	3	2	0.23	1	0	0.77	unphased	0.59390350877193	0.59390350877193	1
7	134346472	134346473	38	12	2.69	3	2	0.23	1	1	0.77	unphased	1.42875789473684	1.42875789473684	1
7	134625895	134625896	28	21	2.69	3	2	0.23	1	1	0.77	unphased	2.55135338345865	1.14410465625948	2.23
7	134851487	134851488	102	54	2.69	3	2	0.23	1	1	0.77	unphased	2.06070850202429	0.924084530055736	2.23
7	134880909	134880910	74	34	2.69	3	2	0.23	1	1	0.77	unphased	1.87414230019493	0.840422556141225	2.23
7	137782686	137782687	97	39	2.69	3	2	0.23	1	1	0.77	unphased	1.70715557275542	1.16928463887357	1.46
7	138313014	138313015	72	15	2.69	3	2	0.23	1	1	0.77	unphased	1.02640653357532	1.02640653357532	1
7	139138438	139138439	47	5	2.69	3	2	0.23	1	1	0.77	unphased	0.572419028340081	0.572419028340081	1
7	140244460	140244461	31	10	1.84	3	2	0.21	1	0	0.79	unphased	1.24467265725289	1.24467265725289	1
7	140434524	140434525	109	40	1.84	3	2	0.21	1	0	0.79	unphased	1.36997527375486	0.964771319545674	1.42
7	141740556	141740557	31	13	1.84	3	2	0.21	1	0	0.79	unphased	1.50775119617225	1.50775119617225	1
7	141795477	141795478	216	56	1.84	3	2	0.21	1	0	0.79	unphased	1.05065015479876	1.05065015479876	1
7	141955426	141955427	64	21	1.84	3	2	0.21	1	0	0.79	unphased	1.26078018575851	1.26078018575851	1
7	142099481	142099482	85	21	1.84	3	2	0.21	1	0	0.79	unphased	1.01100297914598	1.01100297914598	1
7	142364196	142364197	6	8	1.84	3	2	0.21	1	0	0.79	unphased	2.91609022556391	1.31949783962168	2.21
7	142499006	142499007	141	28	1.72	3	2	0.18	1	0	0.82	unphased	0.825611958891311	0.825611958891311	1
7	142499082	142499083	173	49	1.72	3	2	0.18	1	0	0.82	unphased	1.09988620199147	1.09988620199147	1
7	142649666	142649667	33	22	1.72	3	2	0.18	1	0	0.82	unphased	1.99326315789474	0.914340898116852	2.18
7	142983976	142983977	57	19	1.72	3	2	0.18	1	0	0.82	unphased	1.24578947368421	1.24578947368421	1
7	143013307	143013308	67	16	1.72	3	2	0.18	1	0	0.82	unphased	0.960608750792644	0.960608750792644	1
7	143140879	143140880	181	56	1.72	3	2	0.18	1	0	0.82	unphased	1.17745502998001	1.17745502998001	1
7	143826705	143826706	284	127	1.72	3	2	0.18	1	0	0.82	unphased	1.53980791394545	1.13221170143048	1.36
7	143955923	143955924	159	28	NA	NA	NA	NA	NA	NA	NA	unphased	NA	NA	1
7	148802411	148802412	43	12	1.68	3	2	0.17	1	0	0.83	unphased	1.07850717703349	1.07850717703349	1
7	149493751	149493752	25	6	1.68	3	2	0.17	1	0	0.83	unphased	0.956740237691002	0.956740237691002	1
7	149498941	149498942	22	17	1.68	3	2	0.17	1	0	0.83	unphased	2.15470985155196	0.992953848641455	2.17
7	149518957	149518958	10	3	1.68	3	2	0.17	1	0	0.83	unphased	1.14072874493927	1.14072874493927	1
7	150418032	150418033	18	8	1.68	3	2	0.17	1	0	0.83	unphased	1.52097165991903	1.52097165991903	1
7	150488584	150488585	34	10	1.68	3	2	0.17	1	0	0.83	unphased	1.12344497607656	1.12344497607656	1
7	150558207	150558208	52	23	1.68	3	2	0.17	1	0	0.83	unphased	1.51590175438596	1.13126996595968	1.34
7	150645973	150645974	46	14	1.68	3	2	0.17	1	0	0.83	unphased	1.15340350877193	1.15340350877193	1
7	150710933	150710934	23	6	1.68	3	2	0.17	1	0	0.83	unphased	1.022722323049	1.022722323049	1
7	150762034	150762035	121	33	1.68	3	2	0.17	1	0	0.83	unphased	1.05924812030075	1.05924812030075	1
7	151093100	151093101	19	8	1.68	3	2	0.17	1	0	0.83	unphased	1.46463937621832	1.46463937621832	1
7	151949697	151949698	47	17	1.68	3	2	0.17	1	0	0.83	unphased	1.31302631578947	1.31302631578947	1
7	152140041	152140042	8	10	1.68	3	2	0.17	1	0	0.83	unphased	2.74619883040936	1.26552941493519	2.17
7	155093992	155093993	73	11	1.68	3	2	0.17	1	0	0.83	unphased	0.647318295739348	0.647318295739348	1
7	155100216	155100217	7	6	1.68	3	2	0.17	1	0	0.83	unphased	2.28145748987854	1.05136289856154	2.17
7	157931072	157931073	84	56	1.68	3	2	0.17	1	0	0.83	unphased	1.97726315789474	0.911181178753335	2.17
7	158531775	158531776	64	40	1.68	3	2	0.17	1	0	0.83	unphased	1.90121457489879	0.876135748801284	2.17
8	195880	195881	24	15	2.86	3	1	0.62	1	0	0.38	unphased	2.35506072874494	1.05136639676113	2.24
8	3226775	3226776	8	3	2.86	3	1	0.62	1	0	0.38	unphased	1.66995215311005	1.66995215311005	1
8	3265629	3265630	16	11	2.86	3	1	0.62	1	0	0.38	unphased	2.49461988304094	0.952144993527074	2.62
8	3565959	3565960	31	16	2.86	3	1	0.62	1	0	0.38	unphased	2.08447928331467	0.93057110862262	2.24
8	10468452	10468453	18	10	3.01	3	1	0.67	1	0	0.33	unphased	2.24041353383459	0.957441681125892	2.34
8	10480329	10480330	29	5	3.01	3	1	0.67	1	0	0.33	unphased	0.922523219814242	0.922523219814242	1
8	10583581	10583582	37	3	3.01	3	1	0.67	1	0	0.33	unphased	0.470486842105263	0.470486842105263	1
8	11683615	11683616	62	44	3.01	3	1	0.67	1	0	0.33	unphased	2.60395233366435	0.975263046316236	2.67
8	17927367	17927368	29	28	4	3	1	1	NA	NA	NA	unphased	3.56786703601108	1.18928901200369	3
8	18725438	18725439	75	55	4	3	1	1	NA	NA	NA	unphased	3.07287449392713	1.02429149797571	3
8	20054939	20054940	8	3	4	3	1	1	NA	NA	NA	unphased	1.98086124401914	1.98086124401914	1
8	21767018	21767019	50	15	4	3	1	1	NA	NA	NA	unphased	1.67611336032389	0.838056680161943	2
8	21937698	21937699	120	54	4	3	1	1	NA	NA	NA	unphased	2.2540834845735	1.12704174228675	2
8	21986488	21986489	52	12	4	3	1	1	NA	NA	NA	unphased	1.36184210526316	1.36184210526316	1
8	22049599	22049600	87	12	4	3	1	1	NA	NA	NA	unphased	0.880382775119617	0.880382775119617	1
8	22067127	22067128	103	72	4	3	1	1	NA	NA	NA	unphased	2.98827067669173	0.99609022556391	3
8	22137078	22137079	62	29	4	3	1	1	NA	NA	NA	unphased	2.31463273568537	1.15731636784268	2
8	22428581	22428582	45	26	4	3	1	1	NA	NA	NA	unphased	2.65974796145293	0.886582653817643	3
8	23306274	23306275	23	16	4	3	1	1	NA	NA	NA	unphased	2.97975708502024	0.993252361673414	3
8	27288452	27288453	78	19	3.13	3	1	0.71	1	0	0.29	unphased	1.25226804123711	1.25226804123711	1
8	27301745	27301746	42	17	3.13	3	1	0.71	1	0	0.29	unphased	1.84209634255129	1.07724932312941	1.71
8	27301746	27301747	43	17	3.13	3	1	0.71	1	0	0.29	unphased	1.81139473684211	1.05929516774392	1.71
8	27729429	27729430	39	22	3.13	3	1	0.71	1	0	0.29	unphased	2.30572907679034	0.952780610243941	2.42
8	28573502	28573503	14	5	3.13	3	1	0.71	1	0	0.29	unphased	1.68240997229917	1.68240997229917	1
8	28574127	28574128	49	31	3.13	3	1	0.71	1	0	0.29	unphased	2.47734868421053	1.02369780339278	2.42
8	28651334	28651335	46	5	3.13	3	1	0.71	1	0	0.29	unphased	0.626780185758514	0.626780185758514	1
8	28651370	28651371	47	32	3.13	3	1	0.71	1	0	0.29	unphased	2.58963357761492	0.955584345983367	2.71
8	37686811	37686812	63	15	3.13	3	1	0.71	1	0	0.29	unphased	1.22945344129555	1.22945344129555	1
8	37688264	37688265	10	5	3.13	3	1	0.71	1	0	0.29	unphased	2.13105263157895	2.13105263157895	1
8	38027429	38027430	68	41	3.13	3	1	0.71	1	0	0.29	unphased	2.40476581361661	0.993704881659757	2.42
8	38285870	38285871	60	23	3.13	3	1	0.71	1	0	0.29	unphased	1.77159797083069	1.03602220516415	1.71
8	39080709	39080710	8	5	3.13	3	1	0.71	1	0	0.29	unphased	2.45890688259109	1.0160772242112	2.42
8	39495112	39495113	40	5	4	3	1	1	NA	NA	NA	unphased	0.807017543859649	0.807017543859649	1
8	39872821	39872822	38	40	4	3	1	1	NA	NA	NA	unphased	3.7246963562753	1.24156545209177	3
8	41530301	41530302	37	10	4	3	1	1	NA	NA	NA	unphased	1.54535274356103	1.54535274356103	1
8	42012429	42012430	58	46	4	3	1	1	NA	NA	NA	unphased	3.21255060728745	1.07085020242915	3
8	42040342	42040343	115	64	4	3	1	1	NA	NA	NA	unphased	2.59688326962658	0.865627756542193	3
8	42231662	42231663	60	37	4	3	1	1	NA	NA	NA	unphased	2.77048290830168	0.923494302767227	3
8	42587252	42587253	48	24	4	3	1	1	NA	NA	NA	unphased	2.42105263157895	0.807017543859649	3
8	48888321	48888322	35	4	4	3	1	1	NA	NA	NA	unphased	0.744939271255061	0.744939271255061	1
8	52359644	52359645	113	14	4	3	1	1	NA	NA	NA	unphased	0.80066307501036	0.80066307501036	1
8	53071518	53071519	164	28	4	3	1	1	NA	NA	NA	unphased	1.05921052631579	1.05921052631579	1
8	53076601	53076602	104	14	4	3	1	1	NA	NA	NA	unphased	0.861730597680642	0.861730597680642	1
8	54684585	54684586	70	28	4	3	1	1	NA	NA	NA	unphased	2.07518796992481	1.03759398496241	2
8	57878840	57878841	70	8	4	3	1	1	NA	NA	NA	unphased	0.744939271255061	0.744939271255061	1
8	61764667	61764668	35	11	4	3	1	1	NA	NA	NA	unphased	1.73684210526316	0.868421052631579	2
8	72267064	72267065	118	25	4	3	1	1	NA	NA	NA	unphased	1.26978284873022	1.26978284873022	1
8	73848567	73848568	78	11	4	3	1	1	NA	NA	NA	unphased	0.897693672383205	0.897693672383205	1
8	73848579	73848580	93	19	4	3	1	1	NA	NA	NA	unphased	1.23214285714286	1.23214285714286	1
8	77764838	77764839	11	3	4	3	1	1	NA	NA	NA	unphased	1.55639097744361	1.55639097744361	1
8	77896110	77896111	44	6	4	3	1	1	NA	NA	NA	unphased	0.871578947368421	0.871578947368421	1
8	80567224	80567225	34	25	4	3	1	1	NA	NA	NA	unphased	3.07760927743087	1.02586975914362	3
8	82357157	82357158	53	7	4	3	1	1	NA	NA	NA	unphased	0.847368421052632	0.847368421052632	1
8	82357196	82357197	42	7	4	3	1	1	NA	NA	NA	unphased	1.03759398496241	1.03759398496241	1
8	92355653	92355654	23	12	4	3	1	1	NA	NA	NA	unphased	2.49022556390977	0.830075187969925	3
8	92378933	92378934	81	69	4	3	1	1	NA	NA	NA	unphased	3.34105263157895	1.11368421052632	3
8	94746554	94746555	151	100	4	3	1	1	NA	NA	NA	unphased	2.89368840427763	0.964562801425875	3
8	94828706	94828707	23	7	4	3	1	1	NA	NA	NA	unphased	1.69473684210526	1.69473684210526	1
8	95399242	95399243	44	10	4	3	1	1	NA	NA	NA	unphased	1.34502923976608	1.34502923976608	1
8	97157668	97157669	12	16	4	3	1	1	NA	NA	NA	unphased	4.15037593984962	1.38345864661654	3
8	99118504	99118505	93	17	4	3	1	1	NA	NA	NA	unphased	1.12248803827751	1.12248803827751	1
8	102570954	102570955	36	17	4	3	1	1	NA	NA	NA	unphased	2.32969215491559	1.1648460774578	2
8	104898249	104898250	38	24	4	3	1	1	NA	NA	NA	unphased	2.81154499151104	0.937181663837012	3
8	104973305	104973306	89	14	4	3	1	1	NA	NA	NA	unphased	0.987225344915687	0.987225344915687	1
8	105509827	105509828	43	28	4	3	1	1	NA	NA	NA	unphased	2.86434395848777	0.954781319495923	3
8	105511633	105511634	48	36	4	3	1	1	NA	NA	NA	unphased	3.11278195488722	1.03759398496241	3
8	109796799	109796800	47	41	4	3	1	1	NA	NA	NA	unphased	3.38397129186603	1.12799043062201	3
8	110131554	110131555	99	22	4	3	1	1	NA	NA	NA	unphased	1.32057416267943	1.32057416267943	1
8	110453570	110453571	11	3	4	3	1	1	NA	NA	NA	unphased	1.55639097744361	1.55639097744361	1
8	116599805	116599806	108	24	4	3	1	1	NA	NA	NA	unphased	1.32057416267943	1.32057416267943	1
8	118185012	118185013	17	10	4	3	1	1	NA	NA	NA	unphased	2.69005847953216	0.896686159844054	3
8	119945525	119945526	82	44	4	3	1	1	NA	NA	NA	unphased	2.53634085213033	0.845446950710108	3
8	120577194	120577195	29	9	4	3	1	1	NA	NA	NA	unphased	1.7202216066482	1.7202216066482	1
8	120594746	120594747	110	77	4	3	1	1	NA	NA	NA	unphased	2.99071207430341	0.996904024767802	3
8	124267147	124267148	131	72	4	3	1	1	NA	NA	NA	unphased	2.57609541094115	0.858698470313715	3
8	124408513	124408514	29	16	4	3	1	1	NA	NA	NA	unphased	2.58245614035088	0.860818713450292	3
8	125551343	125551344	53	6	4	3	1	1	NA	NA	NA	unphased	0.738626226583408	0.738626226583408	1
8	125551344	125551345	53	6	4	3	1	1	NA	NA	NA	unphased	0.738626226583408	0.738626226583408	1
8	131922025	131922026	125	27	4	3	1	1	NA	NA	NA	unphased	1.29016620498615	1.29016620498615	1
8	139164856	139164857	54	45	2.83	3	1	0.61	1	0	0.39	unphased	2.76961722488038	1.06115602485838	2.61
8	139606363	139606364	63	27	2.83	3	1	0.61	1	0	0.39	unphased	1.82794736842105	1.13537103628637	1.61
8	139606364	139606365	63	27	2.83	3	1	0.61	1	0	0.39	unphased	1.82794736842105	1.13537103628637	1.61
8	139635988	139635989	244	38	2.83	3	1	0.61	1	0	0.39	unphased	0.821063829787234	0.821063829787234	1
8	141542091	141542092	12	9	2.83	3	1	0.61	1	0	0.39	unphased	2.61135338345865	1.00051853772362	2.61
8	143602258	143602259	53	25	2.83	3	1	0.61	1	0	0.39	unphased	1.95293522267207	0.879700550753183	2.22
8	143614754	143614755	11	14	2.83	3	1	0.61	1	0	0.39	unphased	3.41216842105263	1.30734422262553	2.61
8	143745728	143745729	14	4	2.83	3	1	0.61	1	0	0.39	unphased	1.3540350877193	1.3540350877193	1
8	144297311	144297312	47	12	2.83	3	1	0.61	1	0	0.39	unphased	1.2392863514719	1.2392863514719	1
8	144919458	144919459	21	8	2.83	3	1	0.61	1	0	0.39	unphased	1.68087114337568	1.68087114337568	1
8	144945249	144945250	90	14	2.83	3	1	0.61	1	0	0.39	unphased	0.820232793522267	0.820232793522267	1
8	144994779	144994780	49	5	2.83	3	1	0.61	1	0	0.39	unphased	0.564181286549708	0.564181286549708	1
8	144999048	144999049	19	3	2.83	3	1	0.61	1	0	0.39	unphased	0.830885167464115	0.830885167464115	1
8	145112370	145112371	4	10	2.83	3	1	0.61	1	0	0.39	unphased	4.35225563909774	1.66753089620603	2.61
8	146062851	146062852	56	6	2.83	3	1	0.61	1	0	0.39	unphased	0.589660441426146	0.589660441426146	1
9	1053729	1053730	67	44	5	3	2	1	NA	NA	NA	unphased	3.27548601232812	1.09182867077604	3
9	6610234	6610235	20	12	1.56	3	2	0.14	1	0	0.86	unphased	1.80868421052632	0.845179537629119	2.14
9	8484341	8484342	31	12	1.56	3	2	0.14	1	0	0.86	unphased	1.34599755201958	1.34599755201958	1
9	8504280	8504281	97	28	1.56	3	2	0.14	1	0	0.86	unphased	1.08038736842105	1.08038736842105	1
9	8518410	8518411	83	25	1.56	3	2	0.14	1	0	0.86	unphased	1.11647173489279	1.11647173489279	1
9	15267943	15267944	57	12	1.56	3	2	0.14	1	0	0.86	unphased	0.838810068649885	0.838810068649885	1
9	18533265	18533266	50	22	1.56	3	2	0.14	1	0	0.86	unphased	1.47374269005848	1.15136147660819	1.28
9	19360268	19360269	106	16	1.56	3	2	0.14	1	0	0.86	unphased	0.632545297670406	0.632545297670406	1
9	19360269	19360270	106	16	1.56	3	2	0.14	1	0	0.86	unphased	0.632545297670406	0.632545297670406	1
9	21228045	21228046	134	54	1.56	3	2	0.14	1	0	0.86	unphased	1.3853751399776	1.0823243281075	1.28
9	22029451	22029452	219	62	1.56	3	2	0.14	1	0	0.86	unphased	1.06418430417681	1.06418430417681	1
9	32542294	32542295	116	31	1.56	3	2	0.14	1	0	0.86	unphased	1.01712853562478	1.01712853562478	1
9	32630104	32630105	21	16	1.56	3	2	0.14	1	0	0.86	unphased	2.08568990042674	0.974621448797543	2.14
9	32784302	32784303	47	24	1.56	3	2	0.14	1	0	0.86	unphased	1.63036323202372	0.761851977581178	2.14
9	33462685	33462686	55	28	1.56	3	2	0.14	1	0	0.86	unphased	1.62708941027267	0.760322154333023	2.14
9	33465844	33465845	42	19	1.56	3	2	0.14	1	0	0.86	unphased	1.50229508196721	1.17366803278689	1.28
9	34381023	34381024	24	12	1.56	3	2	0.14	1	0	0.86	unphased	1.60771929824561	0.751270700114773	2.14
9	34564798	34564799	39	35	1.56	3	2	0.14	1	0	0.86	unphased	2.28122332859175	1.06599220962231	2.14
9	34610696	34610697	60	16	1.56	3	2	0.14	1	0	0.86	unphased	1.01540166204986	1.01540166204986	1
9	35684541	35684542	55	29	1.56	3	2	0.14	1	0	0.86	unphased	1.66513784461153	0.778101796547443	2.14
9	35792447	35792448	19	10	1.56	3	2	0.14	1	0	0.86	unphased	1.66315789473684	1.66315789473684	1
9	35826154	35826155	62	23	1.56	3	2	0.14	1	0	0.86	unphased	1.30508978328173	1.30508978328173	1
9	35826155	35826156	62	23	1.56	3	2	0.14	1	0	0.86	unphased	1.30508978328173	1.30508978328173	1
9	35842451	35842452	29	9	1.56	3	2	0.14	1	0	0.86	unphased	1.14232686980609	1.14232686980609	1
9	36376000	36376001	35	13	1.56	3	2	0.14	1	0	0.86	unphased	1.30627192982456	1.30627192982456	1
9	36376001	36376002	35	13	1.56	3	2	0.14	1	0	0.86	unphased	1.30627192982456	1.30627192982456	1
9	40716134	40716135	87	9	1.56	3	2	0.14	1	0	0.86	unphased	0.452171052631579	0.452171052631579	1
9	43624959	43624960	165	37	1.56	3	2	0.14	1	0	0.86	unphased	0.883449713392392	0.883449713392392	1
9	71866127	71866128	57	31	5	5	0	1	NA	NA	NA	unphased	2.91088516746411	0.970295055821372	3
9	74305014	74305015	149	89	5	5	0	1	NA	NA	NA	unphased	3.09000442282176	1.03000147427392	3
9	77448988	77448989	68	20	5	5	0	1	NA	NA	NA	unphased	1.87799043062201	0.938995215311005	2
9	79323987	79323988	92	29	5	5	0	1	NA	NA	NA	unphased	1.9804262722923	0.99021313614615	2
9	79465506	79465507	163	38	5	5	0	1	NA	NA	NA	unphased	1.56218905472637	0.781094527363184	2
9	84532138	84532139	20	12	5	5	0	1	NA	NA	NA	unphased	3.09868421052632	1.03289473684211	3
9	84607353	84607354	59	44	5	5	0	1	NA	NA	NA	unphased	3.52989269289729	0.882473173224323	4
9	84608198	84608199	46	36	5	5	0	1	NA	NA	NA	unphased	3.62772785622593	0.906931964056482	4
9	90502534	90502535	81	39	5	5	0	1	NA	NA	NA	unphased	2.68552631578947	0.895175438596491	3
9	90503416	90503417	35	21	5	5	0	1	NA	NA	NA	unphased	3.09868421052632	1.03289473684211	3
9	90534140	90534141	29	6	5	5	0	1	NA	NA	NA	unphased	1.41654135338346	1.41654135338346	1
9	94173137	94173138	9	4	5	5	0	1	NA	NA	NA	unphased	2.54251012145749	2.54251012145749	1
9	95043162	95043163	33	5	5	5	0	1	NA	NA	NA	unphased	1.08725761772853	1.08725761772853	1
9	96278303	96278304	9	8	5	5	0	1	NA	NA	NA	unphased	3.88854489164087	0.972136222910217	4
9	97329774	97329775	17	4	5	5	0	1	NA	NA	NA	unphased	1.57393483709273	1.57393483709273	1
9	98239042	98239043	11	17	5	5	0	1	NA	NA	NA	unphased	5.01691729323308	1.00338345864662	5
9	98248087	98248088	190	41	5	5	0	1	NA	NA	NA	unphased	1.46662109820005	0.733310549100023	2
9	100616403	100616404	24	4	5	5	0	1	NA	NA	NA	unphased	1.18045112781955	1.18045112781955	1
9	101797311	101797312	80	18	5	5	0	1	NA	NA	NA	unphased	1.51772287862513	0.758861439312567	2
9	101816913	101816914	35	7	5	5	0	1	NA	NA	NA	unphased	1.37719298245614	1.37719298245614	1
9	102595937	102595938	17	6	5	5	0	1	NA	NA	NA	unphased	2.15560640732265	1.07780320366133	2
9	104187239	104187240	108	30	5	5	0	1	NA	NA	NA	unphased	1.79633867276888	0.898169336384439	2
9	105767544	105767545	31	17	5	5	0	1	NA	NA	NA	unphased	2.9265350877193	0.975511695906433	3
9	107367630	107367631	72	43	5	5	0	1	NA	NA	NA	unphased	3.08970251716247	1.02990083905416	3
9	111624703	111624704	60	10	5	5	0	1	NA	NA	NA	unphased	1.18045112781955	1.18045112781955	1
9	111624704	111624705	59	11	5	5	0	1	NA	NA	NA	unphased	1.2984962406015	1.2984962406015	1
9	111625405	111625406	38	8	5	5	0	1	NA	NA	NA	unphased	1.4370709382151	1.4370709382151	1
9	111911994	111911995	38	11	5	5	0	1	NA	NA	NA	unphased	1.85499462943072	0.92749731471536	2
9	112898861	112898862	42	41	5	5	0	1	NA	NA	NA	unphased	4.08180088776157	1.02045022194039	4
9	114305031	114305032	41	28	5	5	0	1	NA	NA	NA	unphased	3.35316552250191	1.11772184083397	3
9	114409425	114409426	63	84	5	5	0	1	NA	NA	NA	unphased	4.72180451127819	0.944360902255639	5
9	114804157	114804158	18	11	5	5	0	1	NA	NA	NA	unphased	3.13430127041742	1.04476709013914	3
9	116021115	116021116	81	30	5	5	0	1	NA	NA	NA	unphased	2.23328591749644	1.11664295874822	2
9	117027742	117027743	53	25	5	5	0	1	NA	NA	NA	unphased	2.64844804318489	0.882816014394962	3
9	120476222	120476223	27	4	5	5	0	1	NA	NA	NA	unphased	1.06621392190153	1.06621392190153	1
9	123232491	123232492	9	3	5	5	0	1	NA	NA	NA	unphased	2.06578947368421	2.06578947368421	1
9	123744198	123744199	31	20	5	5	0	1	NA	NA	NA	unphased	3.24045407636739	1.08015135878913	3
9	123744199	123744200	33	20	5	5	0	1	NA	NA	NA	unphased	3.11817279046673	1.03939093015558	3
9	123939553	123939554	19	8	5	5	0	1	NA	NA	NA	unphased	2.44834307992203	0.816114359974009	3
9	124929143	124929144	27	3	5	5	0	1	NA	NA	NA	unphased	0.826315789473684	0.826315789473684	1
9	125563092	125563093	47	38	5	5	0	1	NA	NA	NA	unphased	3.69411764705882	0.923529411764706	4
9	127115978	127115979	43	29	5	5	0	1	NA	NA	NA	unphased	3.32821637426901	1.10940545808967	3
9	127262900	127262901	48	16	5	5	0	1	NA	NA	NA	unphased	2.06578947368421	1.03289473684211	2
9	130507206	130507207	125	77	5	5	0	1	NA	NA	NA	unphased	3.14981761334028	1.04993920444676	3
9	130684308	130684309	7	5	5	5	0	1	NA	NA	NA	unphased	3.44298245614035	0.860745614035088	4
9	130984871	130984872	72	24	5	5	0	1	NA	NA	NA	unphased	2.06578947368421	1.03289473684211	2
9	133901891	133901892	27	21	5	5	0	1	NA	NA	NA	unphased	3.61513157894737	0.903782894736842	4
9	133942378	133942379	59	33	5	5	0	1	NA	NA	NA	unphased	2.96395881006865	0.987986270022883	3
9	134360419	134360420	22	8	5	5	0	1	NA	NA	NA	unphased	2.20350877192982	1.10175438596491	2
9	134501433	134501434	33	13	5	5	0	1	NA	NA	NA	unphased	2.33524027459954	1.16762013729977	2
9	135073352	135073353	41	15	5	5	0	1	NA	NA	NA	unphased	2.21334586466165	1.10667293233083	2
9	135203161	135203162	198	53	5	5	0	1	NA	NA	NA	unphased	1.7448102327532	0.872405116376599	2
9	135271885	135271886	43	20	5	5	0	1	NA	NA	NA	unphased	2.62322472848789	0.874408242829295	3
9	135785986	135785987	166	57	5	5	0	1	NA	NA	NA	unphased	2.11210762331839	1.05605381165919	2
9	135946594	135946595	14	7	5	5	0	1	NA	NA	NA	unphased	2.75438596491228	0.91812865497076	3
9	136136759	136136760	6	6	5	5	0	1	NA	NA	NA	unphased	4.13157894736842	1.03289473684211	4
9	136298823	136298824	60	22	5	5	0	1	NA	NA	NA	unphased	2.21694480102696	1.10847240051348	2
9	137591880	137591881	74	39	5	5	0	1	NA	NA	NA	unphased	2.85188635305077	0.950628784350256	3
9	137664655	137664656	75	35	5	5	0	1	NA	NA	NA	unphased	2.62918660287081	0.876395534290271	3
9	138376932	138376933	80	17	5	5	0	1	NA	NA	NA	unphased	1.44818231144872	1.44818231144872	1
9	139256518	139256519	9	15	5	5	0	1	NA	NA	NA	unphased	5.16447368421053	1.03289473684211	5
9	139256519	139256520	10	15	5	5	0	1	NA	NA	NA	unphased	4.95789473684211	0.991578947368421	5
9	139371521	139371522	122	46	5	5	0	1	NA	NA	NA	unphased	2.2625313283208	1.1312656641604	2
9	139571992	139571993	39	29	5	5	0	1	NA	NA	NA	unphased	3.52399380804953	0.880998452012384	4
9	139650906	139650907	67	23	5	5	0	1	NA	NA	NA	unphased	2.11169590643275	1.05584795321637	2
9	139738981	139738982	18	5	5	5	0	1	NA	NA	NA	unphased	1.79633867276888	1.79633867276888	1
9	139802543	139802544	117	39	5	5	0	1	NA	NA	NA	unphased	2.06578947368421	1.03289473684211	2
9	140109560	140109561	33	7	NA	NA	NA	NA	NA	NA	NA	unphased	NA	NA	1
9	140705912	140705913	51	31	5	5	0	1	NA	NA	NA	unphased	3.12387676508344	1.04129225502781	3
X	1422901	1422902	233	173	NA	NA	NA	NA	NA	NA	NA	unphased	NA	NA	1
X	1428360	1428361	133	83	NA	NA	NA	NA	NA	NA	NA	unphased	NA	NA	1
X	9714102	9714103	19	34	NA	NA	NA	NA	NA	NA	NA	unphased	NA	NA	1
X	9905698	9905699	4	6	NA	NA	NA	NA	NA	NA	NA	unphased	NA	NA	1
X	13773343	13773344	20	10	NA	NA	NA	NA	NA	NA	NA	unphased	NA	NA	1
X	15306168	15306169	16	28	NA	NA	NA	NA	NA	NA	NA	unphased	NA	NA	1
X	15444035	15444036	34	43	NA	NA	NA	NA	NA	NA	NA	unphased	NA	NA	1
X	18842144	18842145	26	33	NA	NA	NA	NA	NA	NA	NA	unphased	NA	NA	1
X	21627410	21627411	28	23	NA	NA	NA	NA	NA	NA	NA	unphased	NA	NA	1
X	21674805	21674806	5	13	NA	NA	NA	NA	NA	NA	NA	unphased	NA	NA	1
X	23722904	23722905	48	69	NA	NA	NA	NA	NA	NA	NA	unphased	NA	NA	1
X	24024745	24024746	9	19	NA	NA	NA	NA	NA	NA	NA	unphased	NA	NA	1
X	27998056	27998057	4	7	NA	NA	NA	NA	NA	NA	NA	unphased	NA	NA	1
X	34148346	34148347	17	20	NA	NA	NA	NA	NA	NA	NA	unphased	NA	NA	1
X	35820442	35820443	11	4	NA	NA	NA	NA	NA	NA	NA	unphased	NA	NA	1
X	43817928	43817929	2	11	NA	NA	NA	NA	NA	NA	NA	unphased	NA	NA	1
X	48418878	48418879	18	37	NA	NA	NA	NA	NA	NA	NA	unphased	NA	NA	1
X	50144104	50144105	4	4	NA	NA	NA	NA	NA	NA	NA	unphased	NA	NA	1
X	52681308	52681309	42	44	NA	NA	NA	NA	NA	NA	NA	unphased	NA	NA	1
X	52847276	52847277	5	7	NA	NA	NA	NA	NA	NA	NA	unphased	NA	NA	1
X	53576438	53576439	16	17	NA	NA	NA	NA	NA	NA	NA	unphased	NA	NA	1
X	54011585	54011586	3	7	NA	NA	NA	NA	NA	NA	NA	unphased	NA	NA	1
X	54161445	54161446	11	14	NA	NA	NA	NA	NA	NA	NA	unphased	NA	NA	1
X	54319353	54319354	14	11	NA	NA	NA	NA	NA	NA	NA	unphased	NA	NA	1
X	54971970	54971971	3	6	NA	NA	NA	NA	NA	NA	NA	unphased	NA	NA	1
X	72674216	72674217	4	9	NA	NA	NA	NA	NA	NA	NA	unphased	NA	NA	1
X	73064757	73064758	13	23	NA	NA	NA	NA	NA	NA	NA	unphased	NA	NA	1
X	82763464	82763465	6	10	NA	NA	NA	NA	NA	NA	NA	unphased	NA	NA	1
X	90691155	90691156	5	10	NA	NA	NA	NA	NA	NA	NA	unphased	NA	NA	1
X	101395954	101395955	40	32	NA	NA	NA	NA	NA	NA	NA	unphased	NA	NA	1
X	104463677	104463678	55	64	NA	NA	NA	NA	NA	NA	NA	unphased	NA	NA	1
X	105011307	105011308	24	37	NA	NA	NA	NA	NA	NA	NA	unphased	NA	NA	1
X	105011308	105011309	25	37	NA	NA	NA	NA	NA	NA	NA	unphased	NA	NA	1
X	106117203	106117204	16	29	NA	NA	NA	NA	NA	NA	NA	unphased	NA	NA	1
X	106843996	106843997	4	11	NA	NA	NA	NA	NA	NA	NA	unphased	NA	NA	1
X	106844897	106844898	12	23	NA	NA	NA	NA	NA	NA	NA	unphased	NA	NA	1
X	109764337	109764338	25	29	NA	NA	NA	NA	NA	NA	NA	unphased	NA	NA	1
X	111195593	111195594	16	32	NA	NA	NA	NA	NA	NA	NA	unphased	NA	NA	1
X	114384504	114384505	9	12	NA	NA	NA	NA	NA	NA	NA	unphased	NA	NA	1
X	114384505	114384506	8	12	NA	NA	NA	NA	NA	NA	NA	unphased	NA	NA	1
X	118151600	118151601	31	35	NA	NA	NA	NA	NA	NA	NA	unphased	NA	NA	1
X	123654408	123654409	39	45	NA	NA	NA	NA	NA	NA	NA	unphased	NA	NA	1
X	129059133	129059134	47	39	NA	NA	NA	NA	NA	NA	NA	unphased	NA	NA	1
X	129518463	129518464	25	36	NA	NA	NA	NA	NA	NA	NA	unphased	NA	NA	1
X	129518523	129518524	18	20	NA	NA	NA	NA	NA	NA	NA	unphased	NA	NA	1
X	135314125	135314126	50	62	NA	NA	NA	NA	NA	NA	NA	unphased	NA	NA	1
X	138612954	138612955	35	40	NA	NA	NA	NA	NA	NA	NA	unphased	NA	NA	1
X	140994504	140994505	38	48	NA	NA	NA	NA	NA	NA	NA	unphased	NA	NA	1
X	140995568	140995569	61	93	NA	NA	NA	NA	NA	NA	NA	unphased	NA	NA	1
X	140995759	140995760	49	78	NA	NA	NA	NA	NA	NA	NA	unphased	NA	NA	1
X	142717426	142717427	49	36	NA	NA	NA	NA	NA	NA	NA	unphased	NA	NA	1
X	147088235	147088236	42	33	NA	NA	NA	NA	NA	NA	NA	unphased	NA	NA	1
X	148797300	148797301	27	48	NA	NA	NA	NA	NA	NA	NA	unphased	NA	NA	1
X	150348849	150348850	36	41	NA	NA	NA	NA	NA	NA	NA	unphased	NA	NA	1
X	151870059	151870060	57	61	NA	NA	NA	NA	NA	NA	NA	unphased	NA	NA	1
X	151909180	151909181	44	44	NA	NA	NA	NA	NA	NA	NA	unphased	NA	NA	1
X	152860112	152860113	14	31	NA	NA	NA	NA	NA	NA	NA	unphased	NA	NA	1
X	153132542	153132543	90	136	NA	NA	NA	NA	NA	NA	NA	unphased	NA	NA	1
X	153133775	153133776	46	47	NA	NA	NA	NA	NA	NA	NA	unphased	NA	NA	1
X	153248275	153248276	20	19	NA	NA	NA	NA	NA	NA	NA	unphased	NA	NA	1
X	153588432	153588433	11	10	NA	NA	NA	NA	NA	NA	NA	unphased	NA	NA	1
X	153588433	153588434	10	10	NA	NA	NA	NA	NA	NA	NA	unphased	NA	NA	1
