chr	pos
1	762364
1	899330
1	949635
1	984644
1	1078511
1	1111133
1	1120613
1	1140754
1	1147409
1	1164092
1	1169469
1	1192634
1	1222661
1	1236012
1	1250259
1	1262943
1	1264179
1	1269227
1	1274779
1	1288498
1	1290270
1	1322541
1	1322833
1	1327031
1	1342603
1	1391610
1	1396297
1	1421929
1	1430972
1	1455547
1	1458127
1	1463168
1	1480242
1	1560526
1	1562685
1	1602975
1	1685603
1	1688237
1	1696792
1	1919984
1	1959098
1	2087466
1	2234425
1	2337154
1	2407926
1	2421302
1	2431105
1	2433557
1	2436281
1	2453180
1	2527458
1	2980728
1	3319491
1	3329168
1	3407524
1	3410335
1	3417578
1	3417607
1	3659627
1	3703636
1	3712432
1	3712517
1	3761902
1	3782550
1	3789083
1	3807401
1	6160206
1	6195389
1	6269550
1	6272864
1	6310657
1	6520697
1	6520770
1	6521344
1	6527294
1	6609721
1	6653673
1	6694704
1	6695435
1	6704653
1	6705147
1	7731052
1	7805074
1	7829185
1	7861184
1	7887392
1	7887612
1	8073317
1	8390699
1	8413915
1	8414796
1	8418266
1	9019016
1	9075183
1	9164679
1	9427611
1	9640170
1	9661216
1	9670745
1	9714387
1	9777647
1	9784395
1	9784437
1	9804583
1	10161237
1	10239573
1	10386340
1	10386385
1	10399832
1	10421855
1	10435383
1	10502423
1	10502426
1	10521575
1	10521672
1	10689854
1	10689891
1	10696997
1	10713214
1	10714522
1	10720447
1	11087112
1	11142821
1	11181385
1	11273530
1	11298674
1	11307709
1	11333614
1	11345730
1	11562051
1	11574467
1	11715920
1	11826507
1	11845342
1	11848661
1	11851285
1	11855280
1	11861225
1	12024236
1	12034712
1	12034756
1	12034863
1	12067172
1	12071646
1	12169661
1	12175770
1	12294326
1	12318004
1	12336321
1	12359295
1	12382666
1	12476834
1	12638794
1	12837212
1	12837340
1	12854480
1	12885229
1	12887257
1	12979826
1	12998545
1	13001343
1	13936994
1	14042109
1	14106762
1	14107420
1	14113007
1	14150616
1	15370528
1	15392355
1	15428084
1	15653518
1	15654882
1	15708525
1	15773075
1	15789957
1	15817787
1	15863115
1	15893676
1	15986666
1	16059139
1	16073380
1	16111142
1	16260864
1	16265798
1	16270739
1	16272354
1	16332759
1	16344629
1	16354601
1	16356570
1	16371021
1	16460966
1	16475013
1	16528343
1	16632393
1	16719781
1	16736427
1	16757867
1	16775680
1	16802525
1	16890478
1	16895635
1	16895646
1	16907445
1	16907916
1	16914220
1	16935230
1	16945454
1	16945479
1	16955051
1	17023350
1	17270763
1	17272074
1	17293009
1	17296828
1	17302204
1	17312498
1	17318263
1	17394549
1	17411144
1	17431478
1	17570532
1	17597438
1	17657561
1	17666225
1	17727871
1	17942546
1	17942688
1	17948389
1	17981162
1	18149775
1	18152983
1	18618470
1	18808090
1	18808182
1	18810282
1	18811313
1	19029741
1	19166741
1	19181480
1	19201881
1	19246185
1	19420571
1	19423119
1	19442126
1	19477107
1	19487489
1	19633902
1	19655101
1	19684009
1	19705104
1	19984428
1	20009933
1	20073071
1	20073686
1	20140841
1	20305008
1	20490516
1	20674740
1	20680269
1	20680351
1	20680653
1	20810183
1	20880736
1	20915670
1	21041988
1	21091900
1	21091993
1	21133700
1	21205862
1	21226340
1	21551818
1	22032322
1	22083058
1	22084156
1	22159789
1	22161336
1	22170765
1	22172958
1	22176584
1	22201165
1	22211815
1	22214460
1	22304899
1	22304915
1	22313153
1	22336327
1	22418577
1	22446657
1	22456165
1	22839571
1	22846743
1	22965579
1	22970617
1	22973789
1	22974006
1	22987302
1	23219496
1	23235537
1	23408731
1	23411878
1	23413047
1	23414092
1	23414807
1	23520421
1	23521097
1	23637752
1	23688758
1	23688908
1	23720430
1	23744404
1	23885845
1	24076339
1	24080894
1	24121081
1	24122235
1	24123379
1	24389981
1	24417302
1	24417373
1	24418779
1	24454754
1	24483520
1	24484208
1	24486083
1	24687467
1	24859659
1	24861712
1	25167817
1	25228592
1	25573302
1	25573499
1	25599066
1	25747250
1	25784905
1	26149580
1	26149582
1	26153149
1	26156174
1	26190176
1	26349710
1	26349712
1	26362561
1	26449598
1	26513717
1	26527403
1	26612429
1	26644721
1	26654803
1	26655253
1	26669778
1	26691519
1	26753859
1	26769347
1	26784338
1	26802388
1	26878144
1	26899822
1	26900783
1	27094361
1	27100208
1	27120710
1	27190601
1	27210681
1	27216287
1	27239901
1	27332836
1	27333161
1	27427731
1	27589677
1	27633729
1	27634162
1	27660774
1	27662054
1	27690567
1	27700939
1	27706311
1	27720935
1	27736542
1	27736619
1	27874589
1	27874615
1	27949631
1	28086075
1	28157454
1	28208575
1	28212518
1	28290172
1	28293279
1	28293614
1	28294341
1	28527257
1	28555516
1	28599234
1	28607395
1	28661110
1	28661169
1	28800645
1	28802621
1	28802648
1	28857120
1	28863278
1	28864600
1	29023454
1	29189438
1	29447448
1	29508172
1	29602105
1	29606638
1	29639144
1	29642538
1	29651734
1	31188999
1	31345923
1	31479879
1	31837282
1	32090620
1	32157093
1	32164151
1	32198645
1	32201155
1	32256303
1	32542885
1	32650184
1	32669540
1	32670712
1	32673468
1	32674919
1	32678159
1	32680512
1	32741663
1	32745772
1	32768316
1	33133987
1	33138255
1	33146298
1	33147482
1	33161471
1	33361233
1	33487025
1	33547066
1	33549576
1	33562338
1	33625401
1	33795674
1	33960459
1	33985412
1	34015849
1	34102147
1	34128610
1	34330289
1	34666441
1	35227148
1	35229245
1	35260852
1	35321106
1	35321339
1	35334331
1	35334612
1	35443004
1	35452759
1	35579503
1	35657128
1	35852812
1	36023320
1	36042970
1	36055642
1	36068793
1	36070855
1	36226383
1	36297451
1	36384804
1	36385155
1	36521702
1	36565669
1	36602414
1	36933513
1	37271747
1	37941303
1	37941319
1	37975121
1	38003564
1	38018280
1	38033343
1	38049495
1	38078275
1	38095340
1	38171157
1	38200969
1	38277562
1	38327903
1	38353062
1	38442583
1	38509817
1	39340146
1	39470430
1	39549902
1	39797691
1	39818853
1	39835755
1	39853352
1	39876510
1	39876519
1	39880096
1	39893185
1	39924127
1	39951725
1	39991284
1	40146662
1	40214666
1	40235367
1	40236196
1	40236727
1	40312934
1	40362342
1	40362505
1	40537509
1	40538019
1	40701990
1	40702721
1	40767043
1	40776811
1	40777742
1	40916757
1	40960826
1	41012419
1	41088530
1	41088578
1	41326908
1	41461733
1	41493663
1	42046018
1	42049007
1	42643442
1	42657375
1	42914153
1	42921688
1	43166585
1	43200743
1	43217971
1	43220539
1	43637218
1	43647222
1	43739376
1	43773115
1	43774720
1	43778846
1	43784998
1	43817944
1	43891817
1	43892766
1	43894061
1	43907213
1	43908530
1	43909433
1	43913987
1	43917787
1	44019187
1	44054455
1	44086240
1	44089227
1	44415100
1	44415429
1	44415534
1	44415756
1	44443621
1	44447132
1	44456760
1	44595381
1	44685496
1	44878033
1	45216151
1	45241706
1	45243550
1	45270392
1	45271431
1	45292893
1	45293207
1	45363102
1	45468919
1	45480042
1	45480221
1	45792976
1	45793566
1	45797224
1	45808854
1	45809862
1	45811141
1	45811604
1	45973179
1	46034357
1	46083756
1	46085965
1	46087644
1	46088661
1	46120399
1	46120443
1	46159336
1	46500397
1	46650642
1	46654481
1	46659460
1	46744497
1	46744513
1	46751740
1	46809426
1	47028506
1	47078948
1	47283643
1	47905714
1	48697710
1	48705003
1	49005315
1	49224596
1	50163045
1	50642851
1	51737501
1	52238314
1	52250228
1	52269591
1	52498437
1	52499187
1	52525564
1	52703754
1	52734288
1	52819279
1	52830250
1	52830287
1	52991721
1	53074053
1	53358503
1	53680372
1	53704136
1	53715197
1	53904416
1	53932320
1	53971965
1	54060475
1	54060494
1	54389601
1	54405690
1	54418103
1	54497800
1	54554299
1	54554338
1	54554415
1	54605156
1	54610391
1	54639600
1	54678320
1	55070848
1	55074740
1	55118553
1	55119547
1	55165823
1	55197222
1	55224725
1	55464962
1	55472782
1	55472884
1	55473986
1	55474030
1	55518020
1	55563753
1	55600019
1	56960910
1	57158119
1	57161660
1	57480894
1	57537986
1	60370675
1	60463318
1	60491156
1	61543283
1	62175009
1	62228546
1	62545233
1	62582303
1	62672347
1	62703423
1	62740543
1	62917198
1	62943548
1	63069830
1	63100518
1	63788785
1	63790192
1	63877651
1	63906750
1	64015040
1	64101972
1	64117339
1	64515607
1	64608161
1	64643139
1	65120422
1	65143903
1	65273052
1	65296626
1	65303709
1	65307169
1	65323428
1	65344730
1	65349036
1	65684482
1	65691827
1	65693159
1	65897692
1	66067359
1	66075629
1	66102496
1	66713249
1	67207044
1	67243306
1	67243944
1	67299334
1	67390755
1	67512999
1	67519583
1	67519663
1	67804309
1	68897184
1	70034226
1	70505106
1	70518828
1	70587493
1	70819715
1	71351975
1	71419474
1	71437370
1	71533367
1	74670495
1	75078382
1	75097519
1	75107089
1	75190433
1	76198550
1	76198589
1	76211491
1	76253184
1	76282062
1	76378422
1	77095109
1	77685041
1	78097656
1	78194014
1	78201747
1	78392509
1	78958621
1	79094041
1	79357276
1	79412021
1	79472324
1	79472349
1	82431821
1	83912238
1	84377042
1	84403634
1	84701804
1	84876591
1	84878213
1	85111927
1	85115614
1	85279790
1	85392406
1	85403766
1	85491775
1	85648742
1	86046707
1	86047863
1	86119678
1	86313365
1	86355296
1	86557999
1	86896543
1	86965439
1	87043672
1	87109610
1	87211811
1	87810985
1	89301185
1	89323063
1	89448259
1	89448978
1	89449534
1	89473190
1	89519033
1	89587628
1	89597909
1	89615180
1	89618452
1	89637584
1	89655924
1	89847351
1	91178017
1	91380925
1	91381211
1	91382332
1	91784720
1	91809039
1	91851241
1	91977407
1	91978738
1	92193354
1	92568080
1	92595245
1	92642842
1	92974276
1	92977567
1	92979258
1	93300418
1	93312852
1	93599351
1	93648963
1	93672710
1	93705271
1	93819497
1	93827377
1	94017964
1	94017970
1	94020091
1	94033334
1	94037298
1	94037355
1	94054958
1	94341220
1	94486946
1	94526212
1	94649715
1	94649763
1	94668655
1	94670617
1	95357943
1	95614301
1	97278456
1	97279311
1	99150502
1	99418790
1	99469834
1	99469963
1	99771683
1	99771868
1	99772444
1	99772799
1	100154644
1	100503835
1	100548549
1	100605963
1	100733074
1	101185424
1	101337982
1	101343056
1	103343118
1	103364311
1	103364330
1	103380304
1	103400653
1	103405911
1	103453200
1	103463863
1	103484403
1	103488443
1	104070364
1	104114169
1	104162260
1	107867183
1	108116821
1	108678277
1	108679444
1	108686320
1	108742594
1	108771651
1	109394723
1	109428129
1	109440693
1	109538405
1	109656337
1	109704624
1	109756577
1	109805427
1	109825330
1	109853037
1	109865631
1	110023531
1	110032629
1	110033933
1	110034036
1	110034244
1	110035260
1	110037231
1	110038810
1	110039006
1	110049946
1	110085553
1	110085595
1	110162688
1	110169346
1	110174408
1	110217448
1	110256300
1	110294337
1	110466207
1	110466481
1	110557416
1	110557445
1	110594370
1	110594441
1	110734834
1	110740073
1	110754568
1	110766503
1	110950330
1	111146954
1	111216154
1	111490691
1	111743058
1	111772332
1	111857994
1	112524700
1	112525220
1	113000041
1	113063269
1	113162343
1	113212660
1	113229703
1	113241100
1	113392521
1	113456693
1	113635879
1	113666748
1	114189114
1	114254678
1	114340444
1	114438650
1	114453790
1	114454531
1	114483616
1	114505057
1	114511195
1	114514526
1	114516139
1	114516178
1	114523182
1	114523754
1	114524807
1	114680415
1	115229452
1	115256421
1	115266560
1	115266576
1	115267861
1	115321777
1	115603132
1	115604783
1	115828952
1	116227991
1	116228050
1	116242754
1	116243753
1	116275571
1	116663591
1	116670185
1	116932210
1	116940660
1	116948418
1	117037296
1	117117767
1	117158917
1	117491950
1	117531342
1	117626638
1	117661146
1	117957439
1	117963205
1	118009041
1	118066670
1	118167624
1	118169718
1	118486115
1	118488761
1	118537035
1	118554907
1	118574477
1	119575759
1	119575959
1	119927594
1	120163318
1	120166700
1	120254641
1	120279853
1	120286589
1	120336885
1	120336990
1	120457873
1	120459003
1	120466435
1	120467947
1	120906056
1	142697803
1	142713283
1	142713444
1	144822065
1	144855768
1	144856953
1	144859913
1	144864180
1	144867922
1	144868031
1	144868144
1	144873895
1	144886209
1	144890684
1	144912172
1	144916573
1	144952268
1	145281556
1	145304478
1	145310007
1	145515697
1	145532524
1	145533441
1	145560239
1	145562480
1	145589012
1	146466078
1	146631200
1	146643636
1	146684954
1	146751863
1	146767228
1	147083624
1	147092106
1	147092244
1	147094232
1	147094238
1	147097650
1	147380617
1	147400582
1	148560976
1	149859043
1	149871938
1	149872089
1	149876162
1	149895512
1	149903165
1	149905355
1	149915093
1	149916645
1	149949369
1	150064116
1	150121658
1	150131784
1	150237002
1	150239511
1	150416808
1	150470120
1	150483380
1	150529178
1	150547179
1	150549706
1	150680848
1	150789291
1	151018574
1	151028233
1	151039871
1	151131332
1	151157990
1	151209109
1	151214913
1	151260130
1	151260224
1	151263209
1	151280213
1	151288166
1	151375926
1	151378444
1	151400631
1	151400632
1	151497247
1	151664980
1	151666166
1	151751422
1	151787658
1	152058599
1	152058996
1	152079802
1	152080734
1	152084094
1	152128664
1	152187978
1	152275528
1	152278983
1	152279088
1	152279602
1	152280084
1	152282187
1	152284026
1	152285469
1	152285967
1	152286475
1	152328568
1	152329662
1	152484387
1	152648888
1	152692029
1	152733724
1	152749177
1	152770558
1	152800261
1	152816183
1	152816184
1	152816242
1	152816261
1	152850890
1	152883228
1	152944440
1	153122248
1	153333372
1	153598846
1	153604216
1	153617566
1	153642664
1	153745528
1	153780881
1	153905676
1	153920341
1	153933014
1	153954525
1	153974256
1	154030571
1	154112415
1	154129938
1	154140116
1	154142935
1	154185075
1	154318808
1	154407608
1	154521361
1	154560619
1	154569613
1	154570301
1	154574805
1	154680600
1	154842279
1	154951644
1	154960813
1	154962917
1	154963039
1	154989241
1	155006563
1	155041589
1	155158429
1	155159780
1	155165478
1	155176022
1	155181984
1	155184234
1	155187824
1	155209767
1	155217153
1	155217933
1	155220561
1	155228746
1	155230446
1	155258513
1	155258757
1	155260450
1	155265004
1	155265043
1	155288063
1	155447792
1	155449412
1	155452115
1	155581999
1	155582867
1	155657976
1	155697464
1	155736305
1	155912375
1	155912617
1	155931948
1	155934810
1	156021650
1	156051728
1	156106085
1	156170154
1	156216474
1	156233328
1	156255461
1	156278924
1	156308126
1	156348152
1	156352470
1	156449096
1	156450666
1	156504329
1	156507040
1	156510563
1	156521580
1	156555584
1	156555794
1	156556381
1	156564718
1	156593294
1	156617873
1	156621255
1	156622760
1	156641700
1	156646900
1	156670352
1	156712489
1	156714906
1	156783726
1	156785887
1	156811571
1	156838296
1	156880036
1	156897385
1	156902775
1	156904929
1	156907126
1	156916564
1	156917218
1	157014219
1	157094809
1	157094863
1	157488249
1	157504658
1	157512785
1	157559042
1	157567760
1	157660072
1	157665836
1	157667695
1	157739888
1	157805860
1	157805869
1	157805927
1	158046019
1	158061265
1	158227224
1	158390525
1	158435412
1	158449671
1	158449911
1	158517306
1	158517524
1	158626425
1	158632605
1	158746589
1	158908971
1	158984722
1	159021637
1	159024654
1	159024730
1	159038444
1	159162511
1	159175618
1	159284387
1	159410191
1	159779971
1	159804914
1	159890124
1	159898455
1	159904607
1	159923922
1	160000598
1	160011042
1	160011152
1	160184278
1	160192439
1	160249069
1	160280023
1	160318821
1	160341159
1	160342019
1	160520807
1	160719708
1	160720129
1	160771693
1	160851767
1	160914993
1	160920482
1	161011947
1	161018737
1	161046256
1	161068491
1	161069201
1	161088641
1	161091879
1	161134696
1	161135498
1	161141226
1	161141668
1	161171993
1	161183479
1	161200970
1	161487770
1	161495055
1	161594141
1	161600172
1	161654697
1	161696344
1	161719734
1	161928533
1	162344380
1	162354826
1	163045929
1	164610661
1	164769032
1	165172067
1	165172466
1	165670959
1	165671182
1	165877292
1	166039415
1	166592967
1	166927159
1	166958712
1	167096411
1	167096794
1	167343450
1	167381290
1	167384931
1	167511348
1	167757533
1	168014245
1	168215330
1	168282206
1	169351489
1	169388343
1	169509982
1	169510140
1	169511181
1	169515823
1	169565231
1	169586323
1	169762624
1	169764249
1	169790834
1	169822598
1	169890902
1	170501372
1	170699463
1	171033420
1	171083249
1	171454725
1	171526953
1	171553311
1	171556226
1	171605209
1	171621214
1	171621654
1	171751009
1	171753494
1	172037991
1	172410753
1	172411798
1	172411815
1	172425559
1	172634977
1	173703090
1	173703393
1	173735417
1	173754340
1	173797508
1	173806106
1	173876610
1	173883953
1	173906377
1	174219653
1	175046954
1	175116078
1	175130093
1	175130150
1	175334196
1	176132951
1	176525532
1	176926875
1	177001676
1	177030236
1	177133759
1	177199142
1	177250566
1	178410756
1	178412191
1	179033088
1	179033598
1	179041246
1	179064559
1	179077867
1	179078261
1	179078507
1	179078560
1	179084103
1	179523669
1	179631322
1	180080351
1	180166002
1	180283847
1	180775690
1	180853674
1	180905081
1	181003166
1	181057958
1	181058766
1	181549797
1	181701801
1	181702035
1	181707544
1	181753862
1	182520233
1	182520343
1	182522625
1	182551319
1	182555804
1	182569122
1	182569551
1	183072467
1	183084684
1	183253867
1	183387699
1	183471431
1	183498594
1	183514445
1	183523020
1	183539915
1	183617818
1	183896344
1	183896883
1	184590120
1	184679650
1	184706744
1	184760200
1	184761604
1	184764245
1	184764553
1	184792329
1	184792388
1	185070161
1	185070725
1	185116372
1	185270610
1	185276628
1	185956619
1	185962520
1	185985108
1	186024673
1	186052071
1	186059894
1	186276195
1	186281393
1	186281953
1	186300667
1	186648214
1	186925464
1	190068036
1	193038493
1	193038624
1	193149525
1	196309552
1	196434479
1	196577350
1	196659273
1	196670616
1	196695892
1	196696031
1	196706777
1	196716427
1	196946845
1	197009865
1	197070780
1	197072453
1	197073723
1	197094013
1	197094263
1	197113109
1	197128840
1	197298038
1	197396778
1	197396793
1	198671596
1	198673601
1	198704293
1	198711003
1	198725109
1	200144548
1	200376667
1	200377845
1	200709090
1	200860689
1	200881173
1	200940491
1	200942753
1	200948692
1	200965429
1	200969615
1	200969634
1	200973933
1	201052344
1	201054078
1	201182231
1	201186579
1	201191925
1	201193957
1	201282456
1	201286773
1	201297955
1	201328381
1	201330400
1	201435009
1	201618077
1	201798389
1	201823950
1	201845688
1	201858583
1	201934627
1	201981274
1	201982369
1	202097196
1	202104906
1	202107145
1	202123314
1	202128469
1	202152553
1	202288305
1	202571549
1	202697919
1	202702545
1	202710669
1	202715418
1	202794444
1	202861700
1	202897719
1	202932272
1	203013560
1	203134713
1	203134827
1	203144903
1	203278077
1	203311337
1	203316725
1	203458223
1	203472806
1	203652174
1	203678545
1	203680076
1	203681207
1	203710869
1	203765699
1	203771562
1	204082074
1	204095169
1	204125408
1	204128547
1	204168218
1	204190476
1	204214049
1	204228753
1	204379841
1	204393555
1	204403598
1	204588699
1	204913405
1	204939862
1	204942499
1	204986763
1	205030420
1	205033498
1	205033501
1	205052841
1	205053299
1	205068924
1	205068931
1	205126439
1	205211117
1	205238131
1	205238783
1	205273037
1	205312475
1	205312554
1	205553080
1	205554008
1	205571718
1	205627715
1	205744028
1	205779558
1	205779680
1	206327535
1	206652333
1	206905056
1	207133083
1	207140396
1	207196180
1	207218520
1	207221949
1	207222907
1	207224073
1	207225597
1	207245733
1	207262916
1	207680095
1	207785030
1	207789982
1	207803869
1	207818520
1	208196752
1	208206683
1	208234159
1	208252620
1	208383689
1	208390315
1	209778914
1	209779717
1	209788645
1	209824291
1	209953947
1	209961974
1	209963132
1	210334499
1	210761301
1	210948725
1	211192412
1	211280627
1	211444572
1	211452601
1	211462626
1	211545842
1	211836672
1	211843730
1	211966428
1	211966467
1	212151750
1	212180693
1	212515541
1	212900476
1	213046078
1	213046134
1	213174153
1	213186522
1	213415969
1	214169963
1	214170763
1	214811281
1	214825199
1	215345402
1	215933044
1	216052315
1	216074168
1	216371792
1	216373027
1	216498821
1	216678617
1	216680521
1	218475772
1	218480943
1	220154138
1	220197632
1	220275556
1	220323706
1	220346019
1	220355612
1	220445642
1	220791990
1	220809226
1	220836865
1	220955250
1	221057588
1	221507183
1	221874820
1	222713649
1	222717002
1	222731970
1	222801091
1	222801178
1	222802974
1	222817770
1	222846684
1	222906020
1	223164058
1	223176292
1	223396683
1	223396829
1	223408282
1	223815734
1	223900413
1	223900511
1	223943216
1	223962890
1	223984168
1	224380131
1	224559104
1	224575010
1	225306930
1	225445820
1	225453023
1	225454471
1	225533792
1	225541533
1	225552491
1	225562413
1	225684716
1	225977085
1	226026456
1	226034859
1	226041428
1	226049985
1	226074706
1	226108963
1	226332436
1	226332527
1	226421150
1	226568810
1	226923543
1	226924088
1	227181823
1	227192734
1	227216904
1	227842232
1	227921345
1	228003434
1	228238572
1	228347366
1	228362510
1	228363024
1	228401921
1	228433334
1	228467063
1	228470956
1	228491384
1	228492009
1	228522780
1	228528539
1	228559598
1	228560461
1	228561670
1	228562412
1	228565255
1	228582394
1	228596084
1	228596176
1	228873446
1	229577124
1	229738214
1	229768098
1	229773559
1	229773588
1	230457684
1	230458327
1	230459213
1	230486790
1	230492743
1	230883197
1	230891088
1	230903438
1	230974244
1	231052047
1	231133000
1	231298732
1	231374752
1	231374802
1	231472950
1	231502053
1	232607261
1	232629314
1	232944705
1	232945501
1	233121790
1	233133997
1	233152825
1	233394355
1	233498017
1	233515047
1	234367487
1	234444943
1	234536925
1	234573085
1	234584303
1	234743291
1	235277082
1	235292061
1	235345326
1	235506017
1	235577812
1	235600761
1	235860449
1	235887402
1	235926080
1	235964398
1	235969992
1	235973685
1	235973804
1	236143879
1	236180511
1	236332056
1	236646666
1	236708149
1	236729307
1	236766512
1	236766641
1	236889251
1	236900431
1	236907957
1	236958960
1	236990162
1	237001899
1	237064264
1	237656252
1	237666724
1	237813316
1	237890400
1	237947105
1	237948028
1	237961407
1	237961422
1	237994823
1	238048575
1	240255837
1	240256791
1	240492644
1	240519117
1	241295595
1	241758037
1	241767723
1	241767855
1	241798577
1	241938486
1	242021988
1	243288040
1	243349297
1	243581314
1	243589837
1	243668422
1	243668596
1	243809211
1	244218318
1	244219161
1	245016718
1	245849160
1	245849170
1	245849280
1	245849426
1	245849545
1	245849843
1	245849890
1	245912838
1	246518333
1	246954040
1	247027281
1	247027414
1	247737635
1	247737745
1	247752415
1	247835615
1	247875359
1	247902260
1	247920899
1	247978521
1	248059214
1	248224832
1	248436480
1	248436570
1	248436738
1	248458734
1	248487011
1	248487578
1	248487680
1	248487778
1	248652146
1	248685320
1	248685685
1	248685820
1	248737897
1	248756290
1	249143065
1	249143274
1	249144408
2	1437321
2	1544415
2	1637500
2	1670153
2	1677466
2	1687492
2	1796130
2	1805476
2	1890322
2	1926311
2	3197835
2	3392343
2	3502705
2	3518650
2	3518675
2	3624202
2	5832989
2	5840334
2	6112569
2	7179829
2	7183997
2	8439883
2	8871289
2	8930105
2	8934033
2	8957775
2	8998705
2	9547705
2	9662489
2	9724471
2	10136491
2	10143779
2	10188071
2	10188619
2	10560234
2	10829941
2	10911968
2	10924979
2	11053466
2	11053889
2	11053995
2	11284102
2	11427858
2	11716531
2	11751097
2	11773078
2	11774474
2	11919759
2	11965459
2	11965633
2	11966116
2	11977085
2	14775439
2	15519933
2	15555769
2	15629125
2	15651404
2	17695327
2	18099116
2	18112399
2	18113185
2	18113342
2	19551815
2	19553149
2	20137606
2	20449654
2	20648105
2	20818619
2	21234911
2	21255262
2	23980626
2	24086354
2	24107645
2	24240175
2	24247128
2	24260751
2	24261780
2	24384423
2	24426300
2	24433778
2	24516603
2	24896314
2	25022592
2	25022617
2	25038388
2	25095437
2	25141188
2	25170462
2	25354316
2	25366648
2	25383919
2	25470969
2	25600169
2	25966416
2	25976473
2	25994376
2	26101139
2	26174663
2	26203255
2	26204321
2	26405109
2	26437421
2	26541866
2	26609280
2	26624951
2	26677529
2	26694020
2	26698306
2	26700332
2	26706475
2	27001584
2	27150238
2	27235765
2	27259581
2	27278713
2	27279599
2	27303615
2	27305973
2	27327273
2	27352182
2	27353460
2	27423122
2	27424577
2	27440313
2	27454849
2	27463146
2	27477667
2	27480077
2	27500628
2	27501155
2	27548796
2	27551425
2	27594151
2	27600994
2	27657387
2	27658052
2	27671874
2	27676602
2	27699560
2	27717522
2	27873314
2	27888145
2	27917725
2	27997340
2	28002314
2	29117613
2	29296193
2	29448409
2	29473981
2	29519794
2	29917857
2	30381813
2	30383114
2	30965221
2	31133490
2	31152271
2	31399960
2	31428145
2	31483495
2	31483691
2	31489091
2	31560614
2	31562481
2	32093000
2	32340809
2	32396444
2	32466100
2	32605354
2	32660652
2	32706432
2	32716507
2	32726948
2	32740598
2	32768584
2	32773051
2	32774411
2	33468842
2	33518290
2	33809641
2	33809736
2	33810158
2	33817234
2	33951344
2	33951454
2	33951978
2	36583762
2	36970356
2	37008894
2	37121046
2	37255183
2	37316955
2	37439161
2	38298058
2	38818791
2	38908574
2	38978442
2	39050403
2	39083542
2	39237834
2	39406003
2	40340982
2	40387921
2	42174635
2	42281304
2	42557714
2	42558824
2	42720320
2	42797600
2	42950077
2	43015716
2	43801836
2	43927384
2	43937424
2	44049982
2	44079831
2	44099133
2	44101082
2	44104806
2	44153092
2	44209537
2	44512807
2	44527190
2	44528163
2	45418165
2	45616429
2	45640407
2	46211687
2	46413475
2	46605113
2	46609660
2	46707879
2	46986864
2	47382325
2	47637326
2	48010354
2	48573815
2	48686971
2	48698279
2	48742181
2	48818844
2	48897015
2	50724590
2	50758444
2	50850523
2	50850547
2	51259617
2	54080846
2	54081047
2	54081993
2	54128613
2	54154594
2	54587522
2	54845233
2	54845303
2	54873431
2	54873509
2	54893211
2	55056603
2	55144049
2	55191735
2	55200150
2	55252242
2	55252285
2	55252610
2	55253070
2	55436845
2	55529120
2	55863394
2	56419706
2	58390017
2	60687627
2	61118829
2	61180193
2	61258962
2	61276028
2	61319722
2	61391549
2	61391674
2	61413943
2	61414659
2	61416164
2	61473499
2	61622057
2	61644457
2	61761034
2	62063237
2	62067001
2	62106064
2	62901049
2	62998482
2	63085569
2	63281237
2	63348964
2	63631277
2	63667069
2	63712053
2	63826375
2	64083546
2	64113479
2	64126693
2	64327627
2	64751515
2	64858922
2	65299180
2	65315175
2	65492208
2	65539972
2	65663956
2	66739404
2	67632359
2	68361874
2	68371724
2	68385539
2	68480238
2	68546481
2	68765009
2	69304606
2	69408989
2	69472693
2	69575366
2	69693455
2	69870370
2	70035091
2	70166460
2	70187807
2	70189133
2	70191501
2	70502202
2	70680407
2	70915168
2	70919548
2	71012702
2	71036078
2	71036362
2	71058920
2	71159985
2	71163161
2	71213512
2	71215695
2	71302763
2	71365889
2	71415481
2	71576156
2	71654022
2	71778825
2	71780270
2	71780995
2	71788938
2	71891521
2	72740271
2	73301739
2	73315608
2	73453334
2	73482864
2	73519804
2	73718604
2	73901059
2	74043822
2	74186040
2	74307674
2	74333540
2	74333681
2	74432892
2	74438963
2	74445838
2	74492290
2	74592768
2	74593138
2	74596529
2	74607135
2	74642049
2	74643030
2	74657156
2	74657163
2	74687641
2	74689061
2	74708121
2	74710342
2	74718757
2	74719345
2	74756500
2	74782482
2	74908735
2	75094848
2	75108954
2	75113617
2	75118113
2	75119169
2	75347698
2	75720476
2	75720621
2	75893076
2	77745075
2	77745637
2	77746276
2	79253840
2	79255511
2	79347944
2	80097024
2	80529947
2	80530073
2	80782892
2	80801354
2	80801428
2	80835403
2	80875088
2	84660492
2	84670510
2	84880718
2	84915667
2	84932838
2	85043155
2	85048991
2	85510637
2	85548458
2	85554134
2	85554291
2	85573148
2	85604496
2	85617825
2	85622709
2	85659049
2	85660717
2	85661472
2	85826129
2	85826773
2	85827123
2	85846365
2	85921529
2	86071568
2	86344204
2	86352176
2	86352191
2	86364680
2	86389131
2	86426554
2	86433246
2	86439490
2	86439644
2	86440419
2	86705778
2	86831820
2	87013055
2	88125177
2	88405986
2	88870427
2	89028811
2	89110926
2	89197030
2	89278455
2	89292036
2	89416926
2	89901322
2	89953152
2	90139570
2	90248935
2	95540607
2	95542496
2	95773986
2	95815033
2	95847651
2	95942352
2	96048990
2	96071347
2	96265348
2	96551796
2	96691946
2	96811032
2	96860697
2	96906237
2	96920689
2	96933584
2	96959186
2	96961240
2	96991577
2	96993962
2	97218320
2	97297120
2	97297169
2	97355075
2	97493600
2	97498532
2	97527010
2	97637685
2	97862506
2	97866218
2	98355854
2	98392456
2	98844780
2	99012322
2	99182505
2	99217093
2	99224932
2	99291510
2	99778517
2	100016226
2	100016269
2	100035340
2	100167856
2	100210092
2	100915412
2	101008367
2	101612462
2	101654019
2	101885598
2	101967273
2	102508090
2	102632388
2	102788353
2	103013359
2	103013365
2	103040482
2	103090078
2	103335190
2	103353186
2	105696505
2	105885833
2	106497800
2	106497816
2	106694218
2	106717417
2	106761729
2	107040503
2	107041324
2	107041721
2	107446684
2	108487452
2	108622592
2	108910259
2	109086914
2	109102171
2	109113518
2	109116058
2	109116167
2	109356980
2	109492740
2	109513249
2	109964286
2	110036011
2	110048965
2	110259118
2	110301901
2	110310766
2	110376197
2	110922732
2	111020268
2	111140394
2	111144704
2	111411095
2	111413332
2	111691179
2	111881385
2	111921828
2	112942834
2	113088745
2	113147252
2	113310379
2	113331173
2	113343896
2	113346584
2	113417318
2	113483845
2	113498527
2	113520138
2	113940846
2	113950132
2	113955484
2	113958768
2	114256876
2	114352720
2	114355982
2	114674532
2	116101409
2	118583873
2	118701611
2	118854259
2	118866204
2	119739022
2	119914541
2	120005560
2	120221710
2	120385258
2	120714440
2	120925068
2	120980419
2	121047294
2	121740309
2	121747745
2	122038737
2	122187675
2	122227424
2	122489688
2	125405481
2	125504883
2	125555790
2	127453672
2	127819760
2	127864506
2	127944875
2	127950719
2	128044511
2	128047383
2	128079701
2	128186141
2	128350395
2	128385947
2	128386002
2	128394489
2	128396913
2	128477190
2	128482761
2	128495611
2	128872787
2	128941329
2	130725930
2	130832474
2	130897224
2	130900330
2	130902239
2	130951726
2	131097232
2	131104047
2	131356364
2	131523970
2	131524651
2	131525486
2	131673384
2	131674233
2	131803481
2	131981251
2	132021227
2	132046500
2	132110767
2	132238024
2	133403025
2	133403067
2	133430626
2	135095984
2	135160678
2	135908042
2	135957747
2	135957874
2	136026536
2	136111144
2	136482026
2	136545944
2	136566579
2	137852559
2	138738797
2	139316665
2	141055501
2	141245249
2	141597642
2	141625302
2	141660651
2	141819743
2	141986781
2	143799724
2	144245042
2	144714767
2	145146885
2	145277798
2	148687677
2	149243350
2	149243470
2	149511638
2	149686919
2	149803452
2	150329813
2	150426203
2	152298486
2	152348986
2	152354301
2	152359886
2	152380841
2	152398047
2	152424886
2	152471031
2	152484188
2	152487693
2	152500614
2	152553746
2	152580819
2	152663356
2	152727086
2	153512860
2	155555842
2	155712201
2	157181393
2	157186426
2	157407170
2	157441994
2	157442513
2	158157300
2	158165169
2	158974346
2	158978093
2	159488332
2	159514700
2	160006890
2	160028761
2	160031643
2	160076274
2	160080850
2	160092694
2	160139531
2	160205594
2	160206598
2	160242980
2	160709852
2	160737633
2	160798650
2	160801458
2	160804018
2	160811768
2	160862277
2	160993999
2	160994158
2	160994162
2	161130570
2	162480894
2	162895473
2	163002063
2	163030297
2	163044715
2	163133961
2	163167277
2	163256864
2	163374244
2	163374387
2	164465988
2	165378523
2	165557128
2	165586560
2	165755119
2	165945427
2	165947310
2	166170536
2	166231473
2	166237649
2	166246818
2	166451639
2	166535354
2	166535906
2	166626873
2	166859250
2	166901690
2	166901780
2	166930049
2	167262882
2	167262953
2	167266785
2	167304188
2	167313488
2	167760020
2	168104663
2	168105070
2	168105872
2	168726197
2	169020330
2	169038500
2	169826014
2	169995087
2	169995144
2	170042197
2	170094645
2	170163854
2	170366211
2	170402890
2	170789448
2	170789505
2	170938289
2	171506459
2	171551606
2	171570670
2	171574144
2	171704222
2	171704272
2	171716494
2	171863097
2	171916479
2	171917633
2	172563070
2	172583366
2	172585252
2	172644167
2	172864829
2	172952754
2	172964450
2	173850176
2	173879290
2	174223484
2	175087825
2	175264824
2	175300984
2	175309828
2	175432773
2	175619043
2	175673710
2	175711761
2	176043911
2	176973937
2	176984253
2	176995459
2	177017446
2	177017577
2	177034063
2	177036486
2	177036554
2	177037564
2	177037687
2	177502279
2	178082530
2	178084562
2	178087711
2	178416153
2	178482091
2	178491342
2	178494019
2	178879084
2	178936428
2	178981096
2	179315285
2	179319080
2	179369123
2	179391000
2	179395503
2	179396601
2	179396634
2	179399747
2	179402321
2	179402329
2	179403842
2	179411369
2	179411563
2	179411949
2	179411969
2	179412420
2	179418432
2	179427443
2	179435577
2	179442146
2	179454043
2	179455904
2	179455923
2	179463994
2	179464161
2	179466119
2	179469454
2	179469837
2	179473629
2	179474688
2	179478997
2	179494051
2	179504517
2	179511861
2	179517003
2	179544077
2	179565884
2	179569107
2	179571427
2	179577958
2	179582307
2	179590652
2	179590682
2	179594217
2	179594663
2	179597023
2	179605159
2	179605272
2	179610220
2	179611049
2	179616266
2	179635017
2	179638294
2	179640624
2	179650782
2	179658240
2	179701478
2	179701746
2	179986628
2	180348046
2	182413292
2	182794586
2	182981972
2	183099200
2	183699489
2	183790483
2	183951857
2	185801015
2	185801025
2	186612116
2	186654075
2	186678361
2	187351156
2	187368850
2	187626331
2	187627421
2	187712503
2	188209865
2	188348908
2	189449089
2	189849627
2	189851820
2	189858803
2	189859049
2	189868868
2	189874994
2	189877445
2	189906409
2	189923588
2	190526159
2	190554557
2	190592661
2	190618916
2	190922263
2	191066110
2	191067532
2	191184539
2	191872303
2	192012846
2	192160870
2	192257938
2	192550429
2	192815060
2	193059497
2	196544965
2	196545546
2	196573385
2	196573442
2	196600155
2	196636505
2	196651834
2	196681613
2	196718093
2	196729149
2	196753669
2	196849364
2	196933501
2	197105171
2	197653944
2	197674021
2	197870521
2	197870569
2	197953500
2	198283312
2	198334879
2	198353064
2	198361823
2	198571782
2	198572818
2	198636591
2	198640398
2	200134654
2	200135962
2	200136895
2	200137048
2	200213797
2	200245187
2	200797666
2	200820754
2	201171238
2	201277124
2	201354773
2	201469448
2	201473783
2	201533400
2	201684704
2	201790652
2	201846411
2	201994624
2	202257655
2	202260053
2	202337677
2	202357320
2	202550727
2	202584724
2	202588159
2	202700366
2	202899487
2	202900284
2	202970487
2	203075529
2	203630170
2	203630339
2	204111601
2	204116788
2	204150350
2	204292004
2	204354342
2	204736137
2	205986333
2	205986440
2	206037083
2	206661585
2	207027035
2	207528103
2	207583087
2	207620065
2	207621632
2	208441376
2	208618615
2	208628125
2	208841462
2	208841601
2	208865812
2	209049752
2	209136297
2	209198097
2	209216107
2	210558917
2	210559219
2	210594579
2	210596154
2	210681666
2	210685260
2	210841028
2	210843395
2	210874427
2	210885446
2	210940277
2	211018870
2	211438071
2	211456607
2	211457611
2	212241119
2	212241523
2	213864527
2	213872312
2	213878618
2	214239748
2	215797254
2	215807649
2	215821413
2	215831608
2	215884273
2	215896544
2	216269255
2	216288869
2	216295511
2	216967367
2	217280194
2	217311806
2	217525367
2	217537650
2	217724363
2	218669294
2	218677170
2	218682989
2	218713170
2	218768326
2	218925202
2	218954847
2	219127554
2	219128210
2	219128916
2	219130872
2	219131272
2	219136104
2	219143248
2	219246985
2	219249038
2	219270606
2	219449394
2	219492790
2	219507301
2	219507910
2	219527682
2	219528662
2	219611801
2	219647132
2	219735819
2	219886641
2	220022908
2	220026540
2	220030002
2	220032936
2	220074254
2	220078883
2	220083201
2	220098127
2	220107871
2	220107916
2	220134978
2	220149445
2	220197377
2	220247881
2	220251115
2	220312797
2	220333385
2	220333960
2	220337688
2	220348641
2	220357700
2	220370382
2	220379249
2	220412490
2	220413892
2	220414806
2	220416330
2	220426533
2	220431816
2	220432077
2	220466773
2	220496825
2	220506381
2	223161841
2	223339305
2	223919903
2	224463471
2	224463979
2	224822332
2	225244643
2	225337902
2	225422441
2	225630415
2	225638027
2	225659771
2	226378344
2	227660057
2	227660941
2	227662450
2	227914847
2	227922229
2	227983443
2	228128561
2	228145686
2	228162427
2	228162436
2	228162497
2	228178836
2	228197133
2	228217240
2	228680246
2	228860235
2	230456332
2	230661343
2	230675902
2	230910763
2	230924022
2	231108519
2	231134617
2	231236466
2	231265581
2	231313824
2	231406710
2	231624786
2	231684782
2	231743856
2	231973602
2	232263290
2	232320184
2	232393567
2	232458779
2	232663662
2	232975965
2	233271851
2	233349940
2	233431607
2	233433794
2	233527537
2	233546442
2	233632960
2	233684695
2	233709170
2	233735030
2	233735061
2	233743567
2	233744041
2	233745877
2	233748816
2	233834940
2	233897501
2	234164841
2	234377156
2	234389848
2	234402010
2	234460050
2	234526955
2	234627960
2	234637790
2	234638411
2	234669481
2	234738378
2	234746259
2	234854662
2	234926046
2	235949849
2	237074661
2	237104985
2	237289281
2	237994628
2	238244894
2	238253208
2	238270424
2	238287529
2	238475713
2	238483691
2	238659897
2	238668738
2	238673429
2	238732081
2	238820437
2	239051488
2	239057782
2	239153051
2	239164423
2	239237571
2	239241477
2	239307451
2	239344413
2	239355776
2	239974801
2	240960651
2	241401649
2	241405721
2	241534532
2	241555888
2	241631322
2	241700725
2	241724510
2	241737139
2	241976227
2	242012830
2	242046875
2	242051798
2	242076434
2	242079366
2	242148722
2	242154300
2	242174936
2	242179068
2	242195628
2	242405145
2	242407771
2	242573308
2	242611641
2	242611880
2	242665080
2	242688333
2	242694995
3	404998
3	2613192
3	3076382
3	3081761
3	3081889
3	3095623
3	3111733
3	3170781
3	3188150
3	3886716
3	3887588
3	4354589
3	4712585
3	4726793
3	4747962
3	4847914
3	4940520
3	5215727
3	7188330
3	7782042
3	8609193
3	8665212
3	8923099
3	9023836
3	9052018
3	9055033
3	9101979
3	9102017
3	9290729
3	9470592
3	9743482
3	9757167
3	9789082
3	9822145
3	9831560
3	9870643
3	9879729
3	9879808
3	9880716
3	9885231
3	9959157
3	9974912
3	10065417
3	10085533
3	10114559
3	10145839
3	10219631
3	10291095
3	10302142
3	10328853
3	10343013
3	10368418
3	10369138
3	10382184
3	10401705
3	10865203
3	10971011
3	11067562
3	11080090
3	11303779
3	11340192
3	11597489
3	11598521
3	11606309
3	11848907
3	12195083
3	12195200
3	12225055
3	12544819
3	12618229
3	12858572
3	12858844
3	12859131
3	12859261
3	12867091
3	12957164
3	12963620
3	13417072
3	13545655
3	13649632
3	13667988
3	13670467
3	13672952
3	13678032
3	14105752
3	14197915
3	14200116
3	14200205
3	14207050
3	14508099
3	14527568
3	14530506
3	14536440
3	14547232
3	14746110
3	14860896
3	14861745
3	14862843
3	14863010
3	15062342
3	15076278
3	15084247
3	15090164
3	15090172
3	15112370
3	15127463
3	15219355
3	15300504
3	15457044
3	15677091
3	15686741
3	15731531
3	16237287
3	16419410
3	16646005
3	17051795
3	17053533
3	18391019
3	18456639
3	19956868
3	19975062
3	20042654
3	20042978
3	20195502
3	20195595
3	21552454
3	21706430
3	21792535
3	22414060
3	23250367
3	24169207
3	25611310
3	25636018
3	25636122
3	25677471
3	27233625
3	27416326
3	27758938
3	27759192
3	30032656
3	30713896
3	30729954
3	30734803
3	30896276
3	31789546
3	32188182
3	32567723
3	32570094
3	32571082
3	32582644
3	32761613
3	32769333
3	32805984
3	32859542
3	33055716
3	33059984
3	33194404
3	33195398
3	33576926
3	33700613
3	33725943
3	35763214
3	36759639
3	36779332
3	36780310
3	36780389
3	36872970
3	36873321
3	36898929
3	37032993
3	37095912
3	37136323
3	37170571
3	37555303
3	37560769
3	38022652
3	38044022
3	38053076
3	38158297
3	38159469
3	38265373
3	38294663
3	38348778
3	38354555
3	38526118
3	38532145
3	38537977
3	38591892
3	38592091
3	38592987
3	38639294
3	38651340
3	38781132
3	38889081
3	39130749
3	39145010
3	39178836
3	39180057
3	39188003
3	39188024
3	39188090
3	39226239
3	39227990
3	39229298
3	39306943
3	39373874
3	39373976
3	39374701
3	39449224
3	40231459
3	40251352
3	40285997
3	40433532
3	40529138
3	40571790
3	41288256
3	41723053
3	42190954
3	42233051
3	42572276
3	42610438
3	42684087
3	42705325
3	42707869
3	42727492
3	42727530
3	42728038
3	42781264
3	42788761
3	42906458
3	42907298
3	42908132
3	42949541
3	43074744
3	43122619
3	43122898
3	43384900
3	43389110
3	43389653
3	43618468
3	44399235
3	44399358
3	44488095
3	44489786
3	44544462
3	44609848
3	44683971
3	44685484
3	44761765
3	44777713
3	44778061
3	44803337
3	44846614
3	44856558
3	44867563
3	44869705
3	44879783
3	44905809
3	44945455
3	44966742
3	44967598
3	45461204
3	45500377
3	45561728
3	45764367
3	45800330
3	45811726
3	45869958
3	45989388
3	45989477
3	45989655
3	45989729
3	46008981
3	46062799
3	46307825
3	46416833
3	46449052
3	46477505
3	46479497
3	46497423
3	46497820
3	46620802
3	46666712
3	46713394
3	46718487
3	46719757
3	46722750
3	46722790
3	46747316
3	46775235
3	46797579
3	46875230
3	47033161
3	47036832
3	47037060
3	47044724
3	47045376
3	47047694
3	47058350
3	47098369
3	47139564
3	47162850
3	47164793
3	47164795
3	47281472
3	47371439
3	47385876
3	47387189
3	47388140
3	47450484
3	47451773
3	47453436
3	47454309
3	47463963
3	47468716
3	47469114
3	47470016
3	47551677
3	47628342
3	47882639
3	47887867
3	47891451
3	47933896
3	47950887
3	48298276
3	48298472
3	48311034
3	48311332
3	48327844
3	48459650
3	48459928
3	48460664
3	48461229
3	48476478
3	48485374
3	48501745
3	48501985
3	48506995
3	48509551
3	48510085
3	48577130
3	48600010
3	48603981
3	48617769
3	48618041
3	48625284
3	48629573
3	48630619
3	48631120
3	48658434
3	48659076
3	48666059
3	48667308
3	48667413
3	48669478
3	48671011
3	48682889
3	48686212
3	48688881
3	48691871
3	48699826
3	48711447
3	48725610
3	48727026
3	48788552
3	48884768
3	48921513
3	49021332
3	49055231
3	49064129
3	49159795
3	49162172
3	49162561
3	49162780
3	49200187
3	49210225
3	49211769
3	49293909
3	49314152
3	49318248
3	49397396
3	49413016
3	49571237
3	49689110
3	49692339
3	49698125
3	49698715
3	49700484
3	49721881
3	49751234
3	49761055
3	49842147
3	49843544
3	49847562
3	49848460
3	49869375
3	49879288
3	49946493
3	49949025
3	50006124
3	50224094
3	50230792
3	50251714
3	50296292
3	50311816
3	50314505
3	50324587
3	50327450
3	50339505
3	50355831
3	50384983
3	50388144
3	50388880
3	50396368
3	50596904
3	51273838
3	51426551
3	51440737
3	51449912
3	51452168
3	51458030
3	51661566
3	51664817
3	51667710
3	51667942
3	51995195
3	52005622
3	52005781
3	52109698
3	52156455
3	52236619
3	52245530
3	52255153
3	52255822
3	52265153
3	52304746
3	52386113
3	52387494
3	52394085
3	52399015
3	52400504
3	52406943
3	52415825
3	52425482
3	52437186
3	52437675
3	52441977
3	52522519
3	52524804
3	52526117
3	52537395
3	52538810
3	52539364
3	52550060
3	52554477
3	52554947
3	52556402
3	52556420
3	52557772
3	52561392
3	52570634
3	52580268
3	52724817
3	52730008
3	52773466
3	52818372
3	52823769
3	52876945
3	52939281
3	52941247
3	53133411
3	53153902
3	53156481
3	53321362
3	53694300
3	53700466
3	53766942
3	53779902
3	53785881
3	53834352
3	53851708
3	53911756
3	54914883
3	55543819
3	55544514
3	56647717
3	56650050
3	56651600
3	56657492
3	56763179
3	56766163
3	57108197
3	57109325
3	57126394
3	57132112
3	57140024
3	57283412
3	57322204
3	57432333
3	57438639
3	57620285
3	58107053
3	58108868
3	58120420
3	58139131
3	58148774
3	58252993
3	58487291
3	58494695
3	58555497
3	58728117
3	58835044
3	59025311
3	61186299
3	62189595
3	62318998
3	62384893
3	62535766
3	62739288
3	63602354
3	63638391
3	64005075
3	64079719
3	64083429
3	64085280
3	64145715
3	64532471
3	64547323
3	64592735
3	65342104
3	65342418
3	66429542
3	66430230
3	66460646
3	67061160
3	68466541
3	68934371
3	69058985
3	69058999
3	69092926
3	69104647
3	69231852
3	69244285
3	69362655
3	69788750
3	71005549
3	71008270
3	71733451
3	71733829
3	72426560
3	72427518
3	72897568
3	73114730
3	73432010
3	73434831
3	74570259
3	75475684
3	75786430
3	75786515
3	75786920
3	75786921
3	77530338
3	77629241
3	77645774
3	77671414
3	77681653
3	78689045
3	78696785
3	78706284
3	81548313
3	81586098
3	81698947
3	86114774
3	86987543
3	86996130
3	87017897
3	88041722
3	88102117
3	88104468
3	88188623
3	88191676
3	89462309
3	89480404
3	89480474
3	89528546
3	89529189
3	93593087
3	93722640
3	97467612
3	97591649
3	97593439
3	97596328
3	97600019
3	97677939
3	97851897
3	97852021
3	97852344
3	97887611
3	98002457
3	98235652
3	98620035
3	99513841
3	99514122
3	99881261
3	99897160
3	99912998
3	100009461
3	100096690
3	100103355
3	100148725
3	100467130
3	100506638
3	100570719
3	100570735
3	100594385
3	101044334
3	101060522
3	101283680
3	101283735
3	101284349
3	101378698
3	101383915
3	101383940
3	101520264
3	101535716
3	101572317
3	101572366
3	101713637
3	105293442
3	105412343
3	105412356
3	107097282
3	107435689
3	107447726
3	107491916
3	107491950
3	107517370
3	107524576
3	108102549
3	108163631
3	108188943
3	108568020
3	108813813
3	109033403
3	110852659
3	111603165
3	111604149
3	111604339
3	111630561
3	111763170
3	111785266
3	112063906
3	112184064
3	112289411
3	112356877
3	112648142
3	112969452
3	113003703
3	113049510
3	113184511
3	113302343
3	113342537
3	113368541
3	113676522
3	113677214
3	113680673
3	114014606
3	114069677
3	114069827
3	114070188
3	115395242
3	115805317
3	118753401
3	118865026
3	118922776
3	119134538
3	119176991
3	119204224
3	119256071
3	119263433
3	119263668
3	119301304
3	119348296
3	119396114
3	119452340
3	119469783
3	119533952
3	119536155
3	119886505
3	120321030
3	120357334
3	120357381
3	120673854
3	121340342
3	121410895
3	121410960
3	121411178
3	121438574
3	121712068
3	121712119
3	122000965
3	122090553
3	122176577
3	122247232
3	122399827
3	122422590
3	122437255
3	122439745
3	122545823
3	122628260
3	122634453
3	123419741
3	123632910
3	123650286
3	123675377
3	123813529
3	124044954
3	124053307
3	124132466
3	124393478
3	124438414
3	124458872
3	124482540
3	124720797
3	124731587
3	124731619
3	124733586
3	124802889
3	124837645
3	124951938
3	125166670
3	125216953
3	125648210
3	125648564
3	125702177
3	126157214
3	126158530
3	126180105
3	126191075
3	126211261
3	126722256
3	126724078
3	126736661
3	126741007
3	126755003
3	126756033
3	126915445
3	127294827
3	127323604
3	127395871
3	127399331
3	127410636
3	127540677
3	127646790
3	127771644
3	127800162
3	128060647
3	128181651
3	128182060
3	128199729
3	128199970
3	128292272
3	128840309
3	128890498
3	128973548
3	129112556
3	129130092
3	129137280
3	129150181
3	129200436
3	129247690
3	129266350
3	129275040
3	129290673
3	129304853
3	129308304
3	129368295
3	129389618
3	129695860
3	129817215
3	130104104
3	130150366
3	130329554
3	130449260
3	130716494
3	130720823
3	130721886
3	130893720
3	131081235
3	131181481
3	131253786
3	131254112
3	131271328
3	132051149
3	132166783
3	132211287
3	132213936
3	132242028
3	132319911
3	132337543
3	132345602
3	132409476
3	132418897
3	132435709
3	133118854
3	133169310
3	133306903
3	133308187
3	133308278
3	133308475
3	133347434
3	133372370
3	133475832
3	133494307
3	133545829
3	133545858
3	133547255
3	133648441
3	133648556
3	133921681
3	134084697
3	134346630
3	134978435
3	135741977
3	135789319
3	135867835
3	136305756
3	136667180
3	136667188
3	136667865
3	136728989
3	137483687
3	137483926
3	137483948
3	137483949
3	137717893
3	137729048
3	137796341
3	137843536
3	137843679
3	138007962
3	138043761
3	138384030
3	138403560
3	138409982
3	138663356
3	138724423
3	138739313
3	139067115
3	139181016
3	139236418
3	139244666
3	139258410
3	139297802
3	140178553
3	140185494
3	140401746
3	141161677
3	141166012
3	141328755
3	141464182
3	141644589
3	141644704
3	142521141
3	142537264
3	142567202
3	142735213
3	142741456
3	142840366
3	143297437
3	143708445
3	143710290
3	143711140
3	145809594
3	145938652
3	147106006
3	147124284
3	147130335
3	147131980
3	148559711
3	148727103
3	148875312
3	148884983
3	148930454
3	149087703
3	149238531
3	149470183
3	149485259
3	149682730
3	150127077
3	150127582
3	150570342
3	150690295
3	150804717
3	151093828
3	151107884
3	151134115
3	151150969
3	151451815
3	151463329
3	151501660
3	151597674
3	152017287
3	152058572
3	152181309
3	152181617
3	152553627
3	152553841
3	152881163
3	152883554
3	153840505
3	153972520
3	153998646
3	154055695
3	154055748
3	154145450
3	154146744
3	154146977
3	154832851
3	154886411
3	155199379
3	155199635
3	155199699
3	155199819
3	155200499
3	155218492
3	155232542
3	155547543
3	155611429
3	156175297
3	156175315
3	156396152
3	156396350
3	156421226
3	156422711
3	156424334
3	156763389
3	156867953
3	157099099
3	157318128
3	157820578
3	157820615
3	158362484
3	158408026
3	158408945
3	159482287
3	160148819
3	160253326
3	160804384
3	160952580
3	161221501
3	164700092
3	164783163
3	164905941
3	164906226
3	165491034
3	166958600
3	167000042
3	167240118
3	167245734
3	167525079
3	167754651
3	168802773
3	168833869
3	169099066
3	169504372
3	169539803
3	169664007
3	169801955
3	170141027
3	170606425
3	170609707
3	170906500
3	171177908
3	171395438
3	172115167
3	172163150
3	172166003
3	172232763
3	172502496
3	172502565
3	172520720
3	173998586
3	176742005
3	176744217
3	176765180
3	178543530
3	178745255
3	178916643
3	178916876
3	178928341
3	178943766
3	178947171
3	179051714
3	179132705
3	179311583
3	180325435
3	180397149
3	181431298
3	182635953
3	182660596
3	182661578
3	182804520
3	182897904
3	182941201
3	182989012
3	183029536
3	183209855
3	183400644
3	183442254
3	183470022
3	183519281
3	183529185
3	183535133
3	183667762
3	183671057
3	183689455
3	183695326
3	183696377
3	183855749
3	183882116
3	183882984
3	183888440
3	183901618
3	183908784
3	183911471
3	183911736
3	183957784
3	183959056
3	183994394
3	184020277
3	184020295
3	184039115
3	184039158
3	184045221
3	184046731
3	184059346
3	184062734
3	184062825
3	184075610
3	184089820
3	184295736
3	184300079
3	184588584
3	184700354
3	184910162
3	185167720
3	185213014
3	185226495
3	185226537
3	185226656
3	185307945
3	185363137
3	185363330
3	185393668
3	185434365
3	185649504
3	185797813
3	185798917
3	185823658
3	185826278
3	185867383
3	185867461
3	185985529
3	185986591
3	185986667
3	186256304
3	186289908
3	186360343
3	186370111
3	186387804
3	186459321
3	186459481
3	186461623
3	186504584
3	186522513
3	186572479
3	186761061
3	186943131
3	186953807
3	187086321
3	187416657
3	187419847
3	187449652
3	187897266
3	188202413
3	188592653
3	189526198
3	189612546
3	189614022
3	190024795
3	190106171
3	190573120
3	190576748
3	192516123
3	193023403
3	193039581
3	193129983
3	193183816
3	193332521
3	194063280
3	194117476
3	194346694
3	194349173
3	194365367
3	194790420
3	195447853
3	195453173
3	195496003
3	195506717
3	195506765
3	195508923
3	195509777
3	195513130
3	195515355
3	195516652
3	195605198
3	195605322
3	195712532
3	195785504
3	195791260
3	195974267
3	196018213
3	196134259
3	196288302
3	196554096
3	196555725
3	197403849
3	197420654
3	197640733
3	197687156
4	59362
4	266075
4	266092
4	367318
4	436413
4	437755
4	509795
4	656940
4	671785
4	680052
4	738416
4	861044
4	877846
4	941597
4	962614
4	983789
4	1018979
4	1332266
4	1369153
4	1643290
4	1656772
4	1729806
4	1803650
4	1807536
4	1807574
4	1902523
4	2066771
4	2209888
4	2252863
4	2306500
4	2306639
4	2343228
4	2502402
4	2513806
4	2516402
4	2517330
4	2632803
4	2661578
4	2661741
4	2695385
4	2744150
4	2744214
4	2826417
4	2831820
4	2916626
4	2933603
4	2967219
4	3040134
4	3131702
4	3214391
4	3241693
4	3318260
4	3425331
4	3432689
4	3475224
4	3487284
4	3768551
4	3769637
4	4199765
4	4303857
4	4323093
4	4393256
4	4411354
4	4865556
4	5332980
4	5570342
4	5620207
4	5642485
4	5667241
4	5667333
4	5806503
4	5823548
4	5891448
4	5966831
4	6082017
4	6087223
4	6087249
4	6296908
4	6599987
4	6642847
4	6643465
4	6883193
4	7032103
4	7056146
4	7056381
4	7065941
4	7698933
4	7725601
4	7735996
4	7765000
4	7765438
4	7776609
4	7968088
4	7968103
4	7968230
4	7985021
4	8022023
4	8037944
4	8089917
4	8207019
4	8214555
4	8216290
4	8242680
4	8288401
4	8391339
4	8456493
4	8588914
4	8602846
4	9828173
4	10079394
4	10083039
4	10089333
4	10105581
4	10441827
4	10445190
4	13571734
4	13579064
4	13601334
4	13601409
4	13604772
4	13604857
4	13615185
4	15069050
4	15443809
4	15444361
4	15517522
4	15613957
4	15689066
4	15690934
4	15991385
4	16035093
4	16503241
4	16503899
4	17528626
4	17625364
4	17654584
4	17709336
4	17710718
4	17710890
4	17805329
4	17805933
4	17839299
4	17846761
4	20728908
4	20731497
4	20985537
4	22390012
4	22415255
4	23815565
4	23816168
4	24833184
4	25370808
4	25671272
4	25680074
4	26483319
4	26668011
4	27019395
4	27025522
4	30724829
4	30725135
4	36130288
4	36296479
4	36296514
4	37445372
4	37446511
4	37447964
4	37962612
4	38800115
4	38830135
4	38933095
4	38945300
4	38995443
4	39116982
4	39291560
4	39408641
4	39478814
4	39501756
4	39747423
4	39826554
4	39978086
4	40337870
4	40796485
4	41600977
4	41631625
4	41684446
4	41750463
4	41951368
4	41986449
4	42072563
4	42895345
4	42964980
4	44683213
4	46067400
4	47405665
4	47408708
4	47514670
4	47525115
4	47597861
4	47628466
4	47788920
4	47900830
4	48422452
4	48512925
4	48542614
4	48605334
4	52926670
4	53731551
4	55130100
4	55946027
4	56744125
4	57181719
4	57182124
4	57182847
4	57211346
4	57337945
4	57350991
4	57357626
4	57371637
4	57522065
4	57676159
4	57829705
4	57834578
4	57842642
4	57843688
4	57883784
4	57891167
4	65275118
4	66201747
4	68606225
4	68610318
4	68780306
4	68795666
4	68797754
4	69048437
4	69095153
4	69203545
4	69528852
4	69535770
4	70066390
4	70361347
4	70512720
4	70615514
4	70823235
4	71232387
4	71495168
4	71510383
4	71510496
4	71672236
4	72263343
4	72306395
4	72436875
4	72437606
4	73148906
4	73185142
4	73414443
4	73941485
4	73957297
4	73957320
4	73957799
4	74005954
4	74012519
4	74272446
4	74353455
4	74353499
4	74852955
4	74919908
4	74964383
4	75231036
4	75971418
4	76568432
4	76703832
4	76812842
4	76813120
4	76836132
4	76871111
4	76871465
4	77082809
4	77091063
4	77177409
4	77357365
4	78082818
4	78783816
4	78873642
4	79300895
4	79345565
4	79353524
4	79373344
4	79793806
4	79839724
4	80328109
4	80827249
4	80905101
4	80993645
4	81118819
4	81256930
4	81967486
4	81978179
4	82088348
4	83275200
4	83348383
4	83350447
4	83369171
4	83719518
4	83763581
4	83774744
4	83796931
4	83827722
4	83839522
4	83848945
4	83978124
4	84188843
4	84230046
4	84382417
4	84465743
4	84509387
4	85570159
4	85591295
4	85594014
4	85598513
4	85636536
4	85729504
4	86916775
4	87614815
4	87706511
4	87754549
4	88029355
4	88055740
4	88370343
4	88532103
4	88536258
4	88536260
4	88577696
4	88767303
4	88898220
4	88998406
4	89199569
4	89326766
4	89329683
4	89345751
4	89345840
4	89618274
4	89628476
4	89648020
4	89648503
4	89671651
4	89709018
4	89859336
4	90169518
4	90743527
4	90756765
4	91230151
4	91701737
4	92007127
4	92520003
4	94411885
4	95173822
4	95496792
4	96089718
4	96140271
4	96469895
4	99397428
4	99997855
4	100048471
4	100126173
4	100131605
4	100140350
4	100260752
4	100264079
4	100571560
4	100867635
4	102994854
4	103183262
4	103236948
4	103499900
4	103527815
4	103578879
4	103717577
4	103747824
4	103822301
4	104054876
4	104060975
4	104082392
4	106155564
4	106156355
4	106159907
4	106320293
4	106598917
4	106744183
4	107016681
4	107183254
4	107183293
4	107230146
4	107845238
4	107845773
4	108565955
4	108816851
4	108925836
4	108955728
4	108969865
4	109000681
4	109588938
4	110222986
4	110580173
4	110618842
4	110834618
4	110932379
4	111558178
4	113152910
4	113153159
4	113178927
4	113303649
4	113332113
4	113435455
4	113435932
4	113479444
4	113538624
4	113571739
4	114176941
4	114275497
4	114276918
4	114277745
4	114282000
4	114290838
4	114373931
4	114375631
4	114469823
4	114899904
4	115544623
4	115544630
4	115544845
4	118006115
4	119064717
4	119517149
4	119615617
4	119952146
4	120161050
4	121698419
4	121774644
4	122085241
4	122103872
4	122301683
4	122766816
4	122853882
4	123122271
4	123164167
4	123175994
4	123229312
4	123258079
4	123332481
4	123534072
4	123665623
4	123748509
4	123868396
4	123900447
4	124324625
4	125591714
4	125592513
4	126237914
4	126242446
4	126336074
4	126372372
4	128651716
4	128694632
4	128717040
4	128811075
4	128813553
4	128841937
4	129043043
4	129083453
4	129191538
4	129920935
4	134073810
4	134084347
4	135122267
4	138451538
4	139092936
4	139965979
4	140450301
4	140811222
4	140811247
4	141074486
4	141264749
4	141483502
4	141543712
4	141560567
4	141600834
4	143033702
4	144109091
4	144381574
4	144434772
4	144826621
4	145038081
4	145040864
4	145629451
4	145658942
4	146041141
4	146041171
4	146044240
4	146046144
4	146077138
4	146560438
4	146682358
4	146767123
4	147179960
4	147824829
4	148465537
4	148546054
4	148579087
4	148985578
4	149002577
4	149002588
4	149035303
4	150654531
4	150654552
4	151120188
4	151125010
4	151231408
4	151242402
4	151504729
4	151505457
4	151770117
4	151773878
4	151835491
4	152024303
4	152096178
4	152098085
4	152570696
4	153249385
4	153573848
4	153831487
4	153893533
4	153896830
4	153896972
4	153897187
4	153897773
4	154257295
4	154477047
4	154517504
4	154519856
4	154553881
4	154553908
4	154636404
4	155156312
4	155158079
4	155161883
4	155242021
4	155242106
4	155244449
4	155254048
4	155410905
4	155411005
4	155411090
4	155412063
4	155458570
4	155461196
4	155462021
4	155471486
4	155506781
4	155507280
4	156135260
4	156136089
4	156137812
4	156632034
4	156716499
4	156849486
4	158284128
4	159836426
4	160243593
4	160244673
4	160274988
4	160279347
4	162306998
4	162307403
4	162402266
4	162421205
4	162463749
4	164069551
4	164069568
4	164393719
4	165879451
4	165879483
4	165890876
4	166000736
4	166149989
4	166231789
4	166385541
4	166794971
4	166915608
4	166916316
4	167656223
4	169197235
4	169212925
4	169229309
4	169292845
4	169294840
4	169311604
4	169336592
4	169353655
4	169377201
4	169848365
4	170016155
4	170016905
4	170506685
4	170618438
4	170663228
4	172735577
4	173232770
4	174235319
4	174253291
4	174254340
4	174449882
4	174459386
4	175160311
4	175412664
4	175412900
4	175649798
4	175898551
4	176554870
4	176556174
4	177190106
4	177713442
4	183065228
4	183594202
4	183674608
4	183713681
4	183959311
4	184182683
4	184186198
4	184192371
4	184239532
4	184240646
4	184577034
4	184930538
4	184938494
4	185550354
4	185637654
4	185683597
4	185684322
4	185697645
4	185941775
4	186112150
4	186350605
4	186353342
4	186380973
4	186508030
4	186544542
4	186560057
4	187003529
4	187074858
4	187084038
4	187205323
4	187455225
4	187455415
4	187540058
4	187540598
4	187540974
4	187541069
4	187627887
4	187629582
4	187630574
4	188925991
4	189022373
4	189025992
4	189026500
5	169474
5	492093
5	635580
5	850855
5	864680
5	889230
5	1084023
5	1246025
5	1253748
5	1294125
5	1320749
5	1432661
5	1463742
5	1593400
5	1798716
5	1816033
5	5232568
5	5306757
5	5447832
5	5463198
5	6605450
5	6668322
5	6753062
5	6755106
5	7829283
5	7862954
5	9042961
5	9044644
5	10286548
5	10411626
5	10972927
5	11117674
5	11346713
5	13753465
5	13777461
5	13810175
5	13864543
5	14297268
5	14304618
5	14359526
5	14465897
5	14508917
5	14690313
5	15937171
5	16091073
5	16670669
5	16815526
5	17216910
5	17276206
5	21752221
5	21760705
5	22078706
5	23509639
5	24509841
5	26903888
5	26906855
5	31294345
5	31526502
5	31799781
5	32061174
5	32072265
5	32098467
5	32379305
5	32380249
5	32791083
5	33527392
5	33577082
5	33596124
5	33944791
5	33963941
5	33997309
5	34808691
5	34811905
5	34811972
5	34826564
5	34832320
5	34939044
5	35065594
5	35670257
5	35740243
5	35789301
5	35792466
5	36049240
5	36117970
5	36118010
5	36152930
5	36985785
5	37022202
5	37052538
5	37125457
5	37183233
5	37307468
5	37337961
5	38407123
5	38427205
5	38923266
5	39135022
5	40692756
5	40777599
5	40853606
5	41000902
5	41039550
5	41749669
5	41803194
5	41861452
5	41918364
5	41930001
5	42718576
5	42718822
5	42718870
5	42719049
5	43161615
5	43290127
5	43492993
5	43527439
5	44809191
5	45262157
5	45396782
5	50090116
5	50680406
5	50680427
5	50683393
5	50685561
5	50685662
5	52221307
5	52356788
5	52386449
5	52397340
5	53247334
5	53814805
5	54275082
5	54329593
5	54693282
5	55185844
5	55210697
5	56160586
5	56160672
5	56777722
5	57790609
5	58147108
5	60048110
5	60050234
5	60448749
5	60455932
5	61681580
5	61789891
5	61875753
5	64050189
5	64859177
5	65374738
5	66255008
5	66398392
5	66459091
5	66460337
5	66460443
5	66479548
5	66480063
5	66492474
5	68423829
5	68463850
5	68648008
5	68805059
5	68860962
5	70785301
5	70797444
5	70820134
5	70861767
5	70862019
5	70863444
5	70945074
5	71491567
5	71492079
5	71493050
5	71648504
5	71739771
5	72112471
5	72151646
5	72204886
5	72359713
5	72743597
5	72798804
5	73142149
5	73153990
5	73163937
5	73207144
5	73923446
5	73924276
5	73931196
5	74060909
5	74326341
5	74326353
5	74464881
5	74502300
5	75505558
5	75596607
5	75596742
5	75621277
5	75885523
5	75911770
5	75923319
5	76029218
5	76372874
5	76717652
5	76932685
5	77396785
5	78347292
5	78407653
5	78533412
5	78573808
5	79028707
5	79030939
5	79032499
5	79032548
5	79048574
5	79059015
5	79366194
5	79366953
5	79375017
5	79734622
5	80024729
5	80381647
5	80390174
5	80550952
5	80552804
5	80626722
5	80742723
5	81460349
5	81600622
5	82400855
5	82786034
5	82786273
5	82815204
5	82816306
5	82832803
5	82875981
5	83239382
5	83259110
5	83433059
5	86686696
5	86697568
5	87492066
5	89971186
5	89986846
5	90050842
5	90052865
5	90459657
5	92924024
5	92929616
5	93727290
5	93820621
5	93855927
5	93856342
5	94027317
5	94818319
5	94856458
5	96077062
5	96084245
5	96315459
5	96328717
5	96342154
5	96478327
5	98115503
5	98129094
5	100147214
5	101576432
5	101597636
5	101795417
5	102295696
5	102353047
5	102487066
5	102526675
5	106716979
5	108436095
5	109025855
5	109117132
5	109120627
5	109181606
5	109202775
5	109961134
5	110097181
5	110560295
5	111065995
5	111066377
5	111496365
5	111496784
5	111643091
5	112155024
5	112180015
5	112227475
5	112227934
5	112257798
5	112328405
5	112379281
5	112384928
5	112403789
5	112720723
5	112720743
5	112851053
5	112860718
5	114499406
5	114588921
5	114611032
5	114914836
5	114916762
5	115141106
5	115338592
5	115780591
5	115781056
5	115781546
5	115782337
5	115814380
5	118469291
5	118485022
5	118485066
5	118486030
5	118583964
5	118862852
5	118965518
5	121187934
5	121188102
5	121487877
5	121761205
5	122154512
5	122335611
5	122734919
5	122758691
5	122952271
5	123973519
5	124080010
5	125828844
5	125971767
5	126205969
5	126774252
5	126778694
5	126860493
5	126862377
5	126890364
5	127450309
5	127477596
5	127488497
5	127610291
5	127614348
5	127614494
5	127710343
5	127744433
5	128957890
5	129037260
5	129521912
5	130762966
5	130766640
5	130815276
5	130897671
5	130897685
5	130977669
5	131007478
5	131323879
5	131326652
5	131539820
5	131607115
5	131630275
5	131705932
5	131729956
5	131978623
5	131978881
5	132094339
5	132094474
5	132158561
5	132534301
5	133292652
5	133483290
5	133561455
5	133895613
5	133895628
5	133900203
5	133914345
5	133916574
5	133918876
5	134044456
5	134044530
5	134061983
5	134099620
5	134192572
5	134246146
5	134364519
5	134670504
5	134705769
5	135170393
5	135207495
5	135567198
5	136956841
5	136956852
5	136957512
5	137089754
5	137143969
5	137289113
5	137372426
5	137451240
5	137518982
5	137520322
5	137522906
5	137533902
5	137622227
5	137680819
5	137721752
5	137735558
5	137754842
5	137759962
5	137802662
5	137804314
5	137842471
5	137842481
5	137910940
5	138208781
5	138282936
5	138643193
5	138643521
5	138714941
5	138723383
5	138729943
5	138737694
5	138761896
5	139007400
5	139197101
5	139231215
5	139712805
5	139725873
5	139948015
5	140024209
5	140048917
5	140054300
5	140056310
5	140167173
5	140181571
5	140186768
5	140201464
5	140202862
5	140209139
5	140221985
5	140230475
5	140237532
5	140237684
5	140242250
5	140242314
5	140242487
5	140255323
5	140346481
5	140431099
5	140432157
5	140432285
5	140432773
5	140474505
5	140475780
5	140475918
5	140481876
5	140482568
5	140482619
5	140503374
5	140516978
5	140530753
5	140531448
5	140531988
5	140532201
5	140536186
5	140552603
5	140553170
5	140553757
5	140554149
5	140555027
5	140555247
5	140557861
5	140558856
5	140559150
5	140562849
5	140563303
5	140563475
5	140572872
5	140589235
5	140589806
5	140590706
5	140614422
5	140615600
5	140615985
5	140616024
5	140625866
5	140626263
5	140627258
5	140710509
5	140712533
5	140718625
5	140719210
5	140720022
5	140720680
5	140731961
5	140739873
5	140740041
5	140740788
5	140741360
5	140741629
5	140745242
5	140752285
5	140753687
5	140755453
5	140755589
5	140755591
5	140772431
5	140774670
5	140782627
5	140789764
5	140800789
5	140801100
5	140802731
5	140806249
5	140806252
5	140806988
5	140807543
5	140810376
5	140810932
5	140812319
5	140856553
5	140858107
5	140865951
5	140870434
5	140871226
5	140890809
5	140890810
5	140892007
5	140896456
5	140953083
5	140953378
5	141019270
5	141019732
5	141024140
5	141024157
5	141028999
5	141035216
5	141039017
5	141044575
5	141046061
5	141046089
5	141051462
5	141051841
5	141243158
5	141244385
5	141337252
5	141357927
5	141391610
5	141694563
5	141993632
5	142658988
5	142779221
5	143586641
5	145435588
5	145613161
5	145719161
5	145719438
5	145849115
5	145890109
5	146070728
5	146657698
5	146775198
5	146777310
5	147029974
5	147040852
5	147209174
5	147504348
5	147782032
5	147803636
5	147818031
5	147821768
5	148206827
5	148207037
5	148207572
5	148208091
5	148384353
5	148620300
5	148632391
5	148639821
5	148719795
5	148727889
5	148732626
5	148754023
5	148930555
5	149112453
5	149212959
5	149227045
5	149277981
5	149310590
5	149360986
5	149389709
5	149391886
5	149410318
5	149452994
5	149585089
5	149589222
5	149602571
5	149751705
5	149754674
5	149786471
5	149827233
5	149927840
5	149933110
5	149934562
5	149937460
5	150028245
5	150030535
5	150030895
5	150282701
5	150480913
5	150562528
5	150678188
5	150727149
5	150859093
5	150859119
5	150884365
5	150925219
5	150925438
5	150947574
5	151047081
5	151304191
5	151775109
5	152870342
5	153054059
5	153435381
5	153435500
5	153835573
5	154173769
5	154181573
5	154194031
5	154195693
5	154195927
5	154254888
5	154296648
5	154308178
5	156190154
5	156476158
5	156638363
5	156638368
5	156655315
5	156729872
5	156750982
5	156819868
5	156822687
5	156906090
5	156906988
5	156908614
5	156932711
5	157065305
5	157075769
5	157078305
5	157183080
5	158140026
5	158267056
5	158584752
5	158702246
5	158747414
5	159344734
5	159519571
5	159545916
5	159626013
5	159679220
5	159707564
5	159821739
5	160973647
5	161116031
5	161324283
5	161324401
5	161326337
5	161495108
5	161520912
5	161528304
5	161576296
5	162866323
5	162943804
5	167303176
5	167545382
5	167625914
5	167631579
5	167689545
5	167841554
5	167850937
5	167937637
5	169021588
5	169101409
5	169309707
5	169805918
5	170148869
5	170669725
5	170738852
5	170832305
5	170837760
5	171288635
5	171289576
5	171327067
5	171482597
5	171482671
5	171488158
5	171533675
5	171765751
5	171765833
5	171766785
5	172115137
5	172351078
5	172377783
5	172518138
5	172539317
5	172561969
5	172562505
5	172750335
5	172755532
5	173034960
5	173036283
5	173317503
5	174869548
5	174939154
5	175308049
5	175530270
5	175772470
5	175793504
5	175816477
5	175954863
5	175955936
5	175957688
5	176005390
5	176016408
5	176017444
5	176023870
5	176024785
5	176025223
5	176025560
5	176026717
5	176047834
5	176056575
5	176395994
5	176618959
5	176733872
5	176734604
5	176761386
5	176823850
5	176861064
5	176940708
5	176942740
5	176943436
5	176963639
5	176963747
5	177020660
5	177059109
5	177161894
5	177546703
5	177546720
5	177569705
5	177580845
5	177642408
5	178139513
5	178139595
5	178194143
5	178224613
5	178294014
5	178310376
5	178368227
5	178391748
5	178451973
5	178552042
5	178554978
5	178557097
5	178562921
5	178987018
5	179043920
5	179071881
5	179155668
5	179192394
5	179193599
5	179204015
5	179264775
5	179264861
5	179390486
5	179696339
5	179728022
5	180036015
5	180047176
5	180048632
5	180277761
5	180278369
5	180480831
5	180622500
5	180669331
6	292493
6	348899
6	398855
6	407591
6	408239
6	598031
6	656293
6	656921
6	1314301
6	1390689
6	1395080
6	2623484
6	2784597
6	2890375
6	2990872
6	3081305
6	3456200
6	4079743
6	4133832
6	4892523
6	4935981
6	4954392
6	4954695
6	4995291
6	5030424
6	5042974
6	5108737
6	5109015
6	6174942
6	6589103
6	7230162
6	7288084
6	7365729
6	7370267
6	7378947
6	7542139
6	7583447
6	7585175
6	7590600
6	7605651
6	7904940
6	8419874
6	8430099
6	10398112
6	10398814
6	10430183
6	10430311
6	10709502
6	10725243
6	10763096
6	10877430
6	10877577
6	10882052
6	11094602
6	11190386
6	11190417
6	11190843
6	12124687
6	12934081
6	13206053
6	13281123
6	13327068
6	13621928
6	13807240
6	15468942
6	15487749
6	15501197
6	15512472
6	16143931
6	16274678
6	16295344
6	16302790
6	16327509
6	17129458
6	17292149
6	17556985
6	17615306
6	17648050
6	17688742
6	17761071
6	17828534
6	18122164
6	18143862
6	18161599
6	18213962
6	18236783
6	18258265
6	18467381
6	20493633
6	21231383
6	24145872
6	24178739
6	24291161
6	24418700
6	24515442
6	24596812
6	24667385
6	24836046
6	24839785
6	25115306
6	25540241
6	25581597
6	25619697
6	25652607
6	25778203
6	25868548
6	25916055
6	25917316
6	25924060
6	26197213
6	26199815
6	26199929
6	26225760
6	26234533
6	26247185
6	26271334
6	26373201
6	26390400
6	26392600
6	26393350
6	26408045
6	26422350
6	26423159
6	26423365
6	26446006
6	26451997
6	26452456
6	26508826
6	26598780
6	27101025
6	27101203
6	27215566
6	27220720
6	27276972
6	27278795
6	27420325
6	27782824
6	27799046
6	27806468
6	27839980
6	27858304
6	27860798
6	27879803
6	28122415
6	28214817
6	28254934
6	28293938
6	28327575
6	28334475
6	28336342
6	28358943
6	28360721
6	28403991
6	28542917
6	28829512
6	28829591
6	28876838
6	29142258
6	29365257
6	29395187
6	29408291
6	29430448
6	29431687
6	29455632
6	29556619
6	29691259
6	29693074
6	29765132
6	29912003
6	29942953
6	29943088
6	30105052
6	30152621
6	30228287
6	30231261
6	30297255
6	30457549
6	30458167
6	30521257
6	30530235
6	30551464
6	30571360
6	30572822
6	30587724
6	30594986
6	30611977
6	30617334
6	30620657
6	30640447
6	30647116
6	30653217
6	30653577
6	30675465
6	30681837
6	30691373
6	30711661
6	30885519
6	30893925
6	30908796
6	30917591
6	30919898
6	30954080
6	30954734
6	30955991
6	31085004
6	31129312
6	31508262
6	31516054
6	31525821
6	31526284
6	31590885
6	31593925
6	31602592
6	31617006
6	31629954
6	31632289
6	31678162
6	31733707
6	31747844
6	31777961
6	31802929
6	31829824
6	31831435
6	31850684
6	31857034
6	31864814
6	31901666
6	31903741
6	31913252
6	31929104
6	31962078
6	31964229
6	32009380
6	32012920
6	32013111
6	32017047
6	32021206
6	32021264
6	32025950
6	32025965
6	32036844
6	32049830
6	32050041
6	32065679
6	32085375
6	32130618
6	32130815
6	32131295
6	32138226
6	32151254
6	32153887
6	32154619
6	32155115
6	32155439
6	32164153
6	32188023
6	32188204
6	32190304
6	32713100
6	32731278
6	32809957
6	32810516
6	32815699
6	32818237
6	32821056
6	32847219
6	32944236
6	33041343
6	33052851
6	33138901
6	33142324
6	33163687
6	33168598
6	33169088
6	33177831
6	33178942
6	33179561
6	33236353
6	33246523
6	33283529
6	33284086
6	33367888
6	33368164
6	33371672
6	33372835
6	33373372
6	33374162
6	33380123
6	33381867
6	33385047
6	33408557
6	33411137
6	33411175
6	33543215
6	33632838
6	33636381
6	33648344
6	33690683
6	33762522
6	33989836
6	34100765
6	34101152
6	34213827
6	34386172
6	34499504
6	34500740
6	34804117
6	34824023
6	34824682
6	34826715
6	34826796
6	34827215
6	34844833
6	34847864
6	35050592
6	35088730
6	35210518
6	35211773
6	35217727
6	35217767
6	35217834
6	35280107
6	35287467
6	35289023
6	35378771
6	35378890
6	35393637
6	35441609
6	35446327
6	35480429
6	35554820
6	35754873
6	35762821
6	35773701
6	35802875
6	35837455
6	35945056
6	36078394
6	36200366
6	36275400
6	36291142
6	36359635
6	36466149
6	36568084
6	36569805
6	36570961
6	36884298
6	36887385
6	36929337
6	36949434
6	36981427
6	36981534
6	36982702
6	37452942
6	37622578
6	37622607
6	38142673
6	38875862
6	38879322
6	38885775
6	38885845
6	38919133
6	39054095
6	39081198
6	39693170
6	39869798
6	39874661
6	41088359
6	41162277
6	41176829
6	41243833
6	41248768
6	41552597
6	41567933
6	41652637
6	41654763
6	41655543
6	41658466
6	41738161
6	41738818
6	41766375
6	41773638
6	41774550
6	41900166
6	42025277
6	42034123
6	42044878
6	42071382
6	42175871
6	42196238
6	42604919
6	42627551
6	42689684
6	42835681
6	42889978
6	42891069
6	42893229
6	42979280
6	42984938
6	43005614
6	43008326
6	43016158
6	43153266
6	43153960
6	43164523
6	43180964
6	43189496
6	43251280
6	43253538
6	43253779
6	43267231
6	43267740
6	43272039
6	43304862
6	43307479
6	43400237
6	43411711
6	43417806
6	43418601
6	43516067
6	43528024
6	43607765
6	43745232
6	43745260
6	43745357
6	43745402
6	43752380
6	44114606
6	44116599
6	44145098
6	44198194
6	44201842
6	44218903
6	44219189
6	44222279
6	44223243
6	44250121
6	44272249
6	44272848
6	44371665
6	44390536
6	44797415
6	44929528
6	44929555
6	45296506
6	45390662
6	45399753
6	45514679
6	46656399
6	46803177
6	47200308
6	47646829
6	47649913
6	47681986
6	47763056
6	49425454
6	49489390
6	49704123
6	50683314
6	50791266
6	50805696
6	50812254
6	50813541
6	51491885
6	51637560
6	51777257
6	51889767
6	52141959
6	52269073
6	52271652
6	52271806
6	52285245
6	52288563
6	52303269
6	52357227
6	52363543
6	52657786
6	52866663
6	52869665
6	52871116
6	52958312
6	53518959
6	53769178
6	54001625
6	54001916
6	54002953
6	54173656
6	54186179
6	54735463
6	54791308
6	55638913
6	56324984
6	56352033
6	56471695
6	56473372
6	56475283
6	56481092
6	56483745
6	56492047
6	56494076
6	56496814
6	56708084
6	56966429
6	57006158
6	57018846
6	63990186
6	64292088
6	64292380
6	64394811
6	65300841
6	65612031
6	66094281
6	69345772
6	69646435
6	69684756
6	70408971
6	70866571
6	70916963
6	70918385
6	70918470
6	70925837
6	70926609
6	71191834
6	71570044
6	71570278
6	72892156
6	72892582
6	73043369
6	73043506
6	73787122
6	73830210
6	74183314
6	74189672
6	74229234
6	74440236
6	75818802
6	75825750
6	75833713
6	75851782
6	75890865
6	75898129
6	75912529
6	75965666
6	76388592
6	76423233
6	76623912
6	76631648
6	76660365
6	78173110
6	79675740
6	79735660
6	80223101
6	80411864
6	82921105
6	82924086
6	82927676
6	83767629
6	83775439
6	83835322
6	83900567
6	83949266
6	84108131
6	84117546
6	84234421
6	84302174
6	84624144
6	84644312
6	84644421
6	84649866
6	84669943
6	84798814
6	84883869
6	84883884
6	84930852
6	85444351
6	87725573
6	87725995
6	87865419
6	87965143
6	87969747
6	87971147
6	88127956
6	88128010
6	88853375
6	88854432
6	89871509
6	89974187
6	90036849
6	90097018
6	90276792
6	90331515
6	90366516
6	90367927
6	90371228
6	90383024
6	90398399
6	90406286
6	90408718
6	90415811
6	90440503
6	90503889
6	90576357
6	90577115
6	90581081
6	90605478
6	90638729
6	90660231
6	91233417
6	91233445
6	93950983
6	93956704
6	94120357
6	96052704
6	96654106
6	96660156
6	96662251
6	97246037
6	97561809
6	97629873
6	97634402
6	97676942
6	99328494
6	99823983
6	99849254
6	99997415
6	100062437
6	100404040
6	100838342
6	101037929
6	101073115
6	101079054
6	101215200
6	105233190
6	105606473
6	105609658
6	105776821
6	106553292
6	106553675
6	106960729
6	106968009
6	107232000
6	107361043
6	107361377
6	107372448
6	107390670
6	108222672
6	108497800
6	108616385
6	109190183
6	109215695
6	109233586
6	109480305
6	109560641
6	109687818
6	109764953
6	109765351
6	109770980
6	109816644
6	109837081
6	109935624
6	110059528
6	110107602
6	110300435
6	110423364
6	110768129
6	110988732
6	111136376
6	111214695
6	111587159
6	111650817
6	111693976
6	111694059
6	111888845
6	112390608
6	112400892
6	112438992
6	112476804
6	112535189
6	116441436
6	116442735
6	116559370
6	116574695
6	116720704
6	116757016
6	116782592
6	116783175
6	116821818
6	116968704
6	117245883
6	117589490
6	117589607
6	117683788
6	117683810
6	117746708
6	117869595
6	117884052
6	117892114
6	117923395
6	118801560
6	119136564
6	119229964
6	119230067
6	121577238
6	121613332
6	122766286
6	122792857
6	126081137
6	126211921
6	127609124
6	127796705
6	127797267
6	127836183
6	127911397
6	128134786
6	128291295
6	128316620
6	129204341
6	129637311
6	129835664
6	129921907
6	129959749
6	130363937
6	130374090
6	130415512
6	130465547
6	131191102
6	131199307
6	131277418
6	131571646
6	131604161
6	131939558
6	132029614
6	132029929
6	132031797
6	132031916
6	132269560
6	132874058
6	132874836
6	132966641
6	132966702
6	133005547
6	133050032
6	133065614
6	133071000
6	134274442
6	135239760
6	135254032
6	135300393
6	135303639
6	135323933
6	135357895
6	135644311
6	135732486
6	135778693
6	136173082
6	136513846
6	136514373
6	136589361
6	136599080
6	136878786
6	136913598
6	136980486
6	137026272
6	137815320
6	138413209
6	138428281
6	138582777
6	138607989
6	138608227
6	138655998
6	138754029
6	138794457
6	139094783
6	139222135
6	139229922
6	139487921
6	139501776
6	139610034
6	142399972
6	142623305
6	142736940
6	143073197
6	143074244
6	143092562
6	143092760
6	143095534
6	143747081
6	143748404
6	144093499
6	144207864
6	144508153
6	144758741
6	144814550
6	144835815
6	144835881
6	145148750
6	145161882
6	145956428
6	146209185
6	146231771
6	146266518
6	146625870
6	146720036
6	146757111
6	146758521
6	146870877
6	146975315
6	147012290
6	147103161
6	147123775
6	147560358
6	147887641
6	148711330
6	149397863
6	149699303
6	149699436
6	149700236
6	149700613
6	149777957
6	149862149
6	149901786
6	149983030
6	150067591
6	150117637
6	150211138
6	150238072
6	150291187
6	151152889
6	151161109
6	151672372
6	151674663
6	151686605
6	151687196
6	151790648
6	151894541
6	152470653
6	152563544
6	152589194
6	152589213
6	152590401
6	152602981
6	152615121
6	152651208
6	152658058
6	152673180
6	152712413
6	152730302
6	152737608
6	152749390
6	152768594
6	152809628
6	153365117
6	154411189
6	155566811
6	155578625
6	155618087
6	155743890
6	157488192
6	157522299
6	158288665
6	158294160
6	158363975
6	158535860
6	158902090
6	158922870
6	159028279
6	159049439
6	159129363
6	159184389
6	159205753
6	159457944
6	159459205
6	159644669
6	159654489
6	159692448
6	159692571
6	160009694
6	160176386
6	160182418
6	160182587
6	160222183
6	160450680
6	160465591
6	160517494
6	160543149
6	160828173
6	160913893
6	160921832
6	160978583
6	161010744
6	161123352
6	161470163
6	161537981
6	161538378
6	161551715
6	161574604
6	161653176
6	163235282
6	165706943
6	165808682
6	165808698
6	165863747
6	165863830
6	166571691
6	166778774
6	166836809
6	167571011
6	167711457
6	167728828
6	167755020
6	168084399
6	168227079
6	168396635
6	168418580
6	168711004
6	169637390
6	169640635
6	170002327
6	170038659
6	170052081
6	170065650
6	170105356
6	170144314
6	170176090
6	170201084
6	170597397
6	170697397
6	170866084
6	170871016
6	170881342
7	193291
7	590040
7	796460
7	913047
7	925760
7	930656
7	938703
7	1024175
7	1028121
7	1131421
7	1192584
7	1474036
7	1510791
7	1512708
7	1535835
7	1580380
7	1588306
7	1733462
7	1785165
7	1855851
7	2255839
7	2265084
7	2289589
7	2289633
7	2309268
7	2568611
7	2578357
7	2650060
7	2671888
7	2687168
7	2698619
7	2740171
7	2742231
7	2748763
7	3991523
7	4008968
7	4051739
7	4153892
7	4169710
7	4247839
7	4249669
7	4798974
7	4802169
7	4821315
7	4824563
7	4827860
7	4828535
7	4830834
7	4862131
7	4917584
7	5024544
7	5036375
7	5166498
7	5254082
7	5340126
7	5355666
7	5401292
7	5401563
7	5434196
7	5530876
7	5540327
7	5632643
7	5645076
7	5780848
7	5963539
7	5963590
7	6012936
7	6017383
7	6026668
7	6027018
7	6187394
7	6202628
7	6205368
7	6210269
7	6369902
7	6431554
7	6476048
7	6505754
7	6554161
7	6560286
7	6579462
7	6631384
7	6661735
7	6662416
7	6730784
7	6731038
7	6746173
7	6777345
7	6836261
7	6859504
7	7398260
7	7571393
7	7613823
7	8126710
7	8473878
7	8473996
7	11076211
7	11450903
7	11521485
7	11581104
7	11630235
7	11675919
7	12269412
7	12381682
7	12409371
7	12412630
7	14029298
7	14188084
7	14188855
7	14216492
7	14669888
7	14733782
7	14741349
7	15240922
7	15725741
7	16685166
7	16834595
7	17370472
7	18067369
7	18684412
7	18705948
7	19184893
7	19765230
7	20197935
7	20371417
7	20451226
7	20685503
7	20685603
7	20698269
7	20795242
7	21552566
7	21583128
7	21678582
7	21805052
7	21824043
7	21943785
7	21943861
7	21947748
7	23015857
7	23350990
7	23358774
7	23390961
7	23545758
7	23561340
7	23728934
7	23766928
7	24911657
7	25163648
7	25191238
7	25218832
7	26224670
7	27133389
7	27140304
7	27149734
7	27193465
7	27219298
7	27224577
7	27224650
7	27284731
7	27669009
7	27805582
7	27827123
7	27871219
7	28995311
7	29535643
7	29966067
7	30054268
7	30197436
7	30472797
7	30491417
7	30540297
7	30544427
7	30693131
7	30702315
7	30915256
7	30931681
7	30951622
7	30961259
7	31117624
7	31378315
7	31683337
7	31792966
7	31912967
7	33296863
7	33296990
7	33644873
7	33767372
7	35131547
7	35733824
7	35943875
7	36338615
7	36464312
7	36901318
7	37283964
7	37283980
7	37298940
7	37382264
7	37954023
7	37960363
7	38356736
7	38402597
7	38468233
7	38468732
7	38534074
7	38765890
7	39746518
7	39831356
7	40027812
7	40172544
7	40221627
7	40899931
7	41729833
7	41739737
7	42000788
7	42003679
7	42004424
7	42004684
7	42005813
7	42085118
7	42949685
7	43531755
7	43679125
7	43680186
7	43906291
7	43917040
7	43917102
7	43990207
7	44044691
7	44070396
7	44079882
7	44080451
7	44098981
7	44104818
7	44112727
7	44161712
7	44178502
7	44191969
7	44228782
7	44555684
7	44579398
7	44579469
7	44579833
7	44714803
7	44734048
7	44737860
7	44796048
7	44880538
7	44916634
7	44921176
7	44924121
7	45010434
7	45108136
7	45121742
7	45123095
7	45141188
7	45632443
7	45697412
7	45758635
7	45767844
7	47342981
7	47879247
7	47906094
7	47933548
7	48018030
7	48068461
7	48273651
7	48284252
7	48315199
7	48428700
7	48450195
7	48559783
7	50070775
7	50143920
7	50191070
7	50537810
7	50547559
7	50682550
7	51095457
7	51096538
7	51287453
7	55211001
7	55231472
7	55238208
7	55240798
7	55268090
7	55273117
7	55273314
7	56119520
7	56174117
7	57188110
7	63726539
7	64167333
7	64168032
7	64168438
7	64275954
7	64292283
7	64349862
7	64451851
7	64453004
7	65439909
7	65444504
7	65444861
7	65825162
7	66237007
7	66240263
7	66262367
7	66290305
7	66479458
7	66703375
7	69364442
7	70229916
7	71252061
7	71868385
7	72361594
7	72413738
7	72418584
7	72419135
7	72419551
7	72419597
7	72727043
7	72727206
7	72756860
7	72855509
7	72877357
7	72891311
7	72891670
7	72892260
7	72903563
7	72985593
7	73098210
7	73112001
7	73112323
7	73118071
7	73245790
7	73457000
7	73601973
7	73753324
7	73770893
7	73774608
7	73929852
7	73971966
7	74005178
7	74149855
7	74193702
7	74480394
7	74482536
7	74564732
7	75044883
7	75051060
7	75398951
7	75508399
7	75517570
7	75608767
7	75615351
7	75677477
7	75686758
7	75694156
7	75694193
7	75959157
7	76028110
7	76029642
7	76134953
7	76180841
7	76629678
7	77006608
7	77378892
7	77379146
7	77755024
7	77756649
7	77797377
7	77885468
7	77987935
7	79082559
7	80387682
7	81207870
7	81335056
7	81339500
7	81588669
7	81598237
7	81635089
7	81799894
7	82387752
7	82435093
7	82450647
7	82544435
7	83675674
7	84651804
7	84679919
7	84727145
7	86416022
7	86526830
7	86544089
7	86808865
7	86808891
7	87135249
7	87179492
7	87471025
7	87760734
7	87835712
7	88962816
7	88964203
7	88966149
7	89790257
7	89790321
7	90528628
7	90837310
7	90895635
7	90897047
7	91603070
7	91732032
7	91737837
7	91753108
7	91851346
7	91864143
7	92027921
7	92098689
7	92099621
7	92132459
7	92190913
7	92300766
7	92730780
7	92761690
7	92921049
7	93053976
7	93055795
7	93519477
7	93622754
7	94037537
7	94055362
7	94166787
7	94257614
7	94294279
7	94294841
7	94915562
7	94925245
7	94928415
7	95157571
7	95606909
7	95750131
7	95848979
7	97493661
7	97821652
7	97822174
7	97832984
7	97862241
7	97870415
7	97870500
7	97873945
7	98257923
7	98497059
7	98519550
7	98540576
7	98545908
7	98573811
7	98576435
7	98602879
7	98608784
7	98630696
7	98800777
7	98951542
7	98985724
7	98992163
7	98995574
7	99022555
7	99022721
7	99045741
7	99054857
7	99144851
7	99172826
7	99305552
7	99332694
7	99457560
7	99565868
7	99632779
7	99690527
7	99694943
7	99699284
7	99720112
7	99752630
7	99752700
7	99755360
7	99758001
7	99767816
7	99771495
7	99778221
7	99794893
7	99797920
7	99912263
7	99950519
7	99955750
7	100061830
7	100160246
7	100189451
7	100202749
7	100277423
7	100277545
7	100278109
7	100278126
7	100331748
7	100336201
7	100348345
7	100355967
7	100373184
7	100403132
7	100410370
7	100420041
7	100466341
7	100468367
7	100479773
7	100491460
7	100551362
7	100552715
7	100677765
7	100681391
7	100681865
7	100685605
7	100730679
7	100732325
7	100732613
7	100781338
7	100807114
7	100850081
7	100852143
7	100859200
7	100860038
7	100862133
7	101740779
7	101758547
7	101840361
7	101842123
7	101843364
7	101843404
7	101845008
7	101882614
7	101882643
7	101882728
7	101957673
7	102067116
7	102094978
7	102098384
7	102106264
7	102109433
7	102453685
7	102584871
7	102585016
7	102738789
7	102898148
7	102937922
7	102940700
7	102949534
7	103008348
7	103123329
7	103155836
7	103202351
7	103293086
7	103805683
7	103824423
7	103969238
7	104546631
7	104715208
7	104730562
7	105177184
7	105192077
7	105258452
7	105516940
7	105731931
7	106508260
7	106524710
7	106768717
7	106820456
7	106850978
7	107398649
7	107557401
7	107580751
7	107669536
7	107696257
7	107808811
7	107820668
7	107848066
7	108155206
7	108204990
7	110765153
7	111368416
7	111377004
7	111926983
7	112406683
7	112412990
7	112415372
7	113518252
7	113518297
7	113518360
7	113519250
7	113558874
7	114271731
7	115580760
7	116199810
7	116380982
7	116418930
7	116436647
7	116770653
7	116960744
7	117420559
7	117831987
7	119914758
7	120590961
7	120740110
7	120935638
7	120979361
7	121637934
7	121671540
7	121679505
7	121680889
7	122047653
7	122111429
7	122338165
7	122342176
7	122342398
7	122634836
7	122788581
7	123092835
7	123109404
7	123142668
7	123324428
7	123509114
7	123593780
7	123594166
7	124386995
7	124499153
7	126883166
7	127222210
7	127231420
7	127236407
7	127239490
7	127240401
7	127668911
7	127669523
7	127669711
7	127725762
7	127732313
7	127999673
7	128032893
7	128033070
7	128043764
7	128315748
7	128320168
7	128359089
7	128410428
7	128411055
7	128415120
7	128432128
7	128452354
7	128490875
7	128517743
7	128588126
7	128640525
7	129028924
7	129064745
7	129367092
7	129395743
7	129410226
7	129474546
7	129520778
7	129962523
7	130140637
7	130301883
7	130364080
7	131175520
7	131185143
7	131196054
7	131864671
7	131887534
7	131913184
7	132174174
7	132192291
7	132959842
7	133622796
7	133821789
7	133932386
7	133948723
7	134221422
7	134260280
7	134331672
7	134363709
7	134644763
7	134678275
7	134718957
7	134719370
7	134730606
7	134850197
7	134880994
7	135048723
7	135080440
7	135107064
7	135122984
7	135258492
7	135282129
7	135292044
7	135300794
7	135613419
7	135614444
7	137075903
7	137237298
7	137363391
7	137559993
7	137590530
7	137782679
7	138266474
7	138269719
7	138270670
7	138305881
7	138333842
7	138579146
7	138601696
7	138602974
7	138711119
7	138764434
7	138793890
7	138822610
7	138872236
7	138957067
7	138968346
7	139636026
7	139798835
7	139799758
7	140035178
7	140043267
7	140055534
7	140378957
7	141351405
7	141358587
7	141362460
7	141365013
7	141414107
7	141478999
7	141672452
7	141672539
7	141672821
7	141719054
7	141730553
7	141739930
7	141747585
7	141797421
7	141816729
7	141833871
7	141897211
7	141943156
7	141954947
7	142013029
7	142013331
7	142028386
7	142099699
7	142149018
7	142176409
7	142197637
7	142206965
7	142364242
7	142364507
7	142561420
7	142561759
7	142565779
7	142566479
7	142636657
7	142658015
7	142723954
7	142759973
7	142829225
7	142881039
7	142920027
7	143000984
7	143001773
7	143016970
7	143053883
7	143057178
7	143057304
7	143086950
7	143087764
7	143095497
7	143417282
7	143632638
7	143701302
7	143701612
7	143701762
7	143747965
7	143771467
7	143792610
7	144068373
7	144107316
7	144320283
7	144364882
7	147075179
7	147844725
7	148114442
7	148288111
7	148454213
7	148456650
7	148496385
7	148514353
7	148769287
7	148800850
7	148802027
7	148802122
7	148876613
7	148876933
7	148949807
7	148963621
7	148984823
7	148990470
7	148991932
7	149129140
7	149129205
7	149419975
7	149430829
7	149461447
7	149461523
7	149461858
7	149467530
7	149499182
7	149502599
7	149506520
7	149529961
7	149556548
7	150027466
7	150094950
7	150167962
7	150324934
7	150389846
7	150417601
7	150439621
7	150493670
7	150558187
7	150654410
7	150697624
7	150698934
7	150700875
7	150707857
7	150715031
7	150730096
7	150742381
7	150747203
7	150751094
7	150759127
7	150767947
7	150771274
7	150771842
7	150776821
7	150820448
7	150825751
7	150831568
7	150835368
7	150840882
7	150846037
7	150884348
7	150884736
7	151052960
7	151082184
7	151267256
7	151483624
7	151807699
7	151859275
7	151859362
7	151892993
7	151902228
7	151917704
7	152132893
7	152520498
7	152549293
7	154561279
7	154587582
7	155093960
7	155534549
7	155559239
7	155568932
7	155570690
7	155573824
7	156432492
7	156476758
7	156801880
7	157046743
7	157333303
7	157370789
7	158109595
7	158282471
7	158424318
7	158826927
8	163696
8	327946
8	413037
8	418741
8	424865
8	442475
8	1497272
8	1616492
8	1842611
8	1876738
8	1905341
8	1951398
8	1952099
8	1952222
8	1952426
8	1953321
8	1954233
8	1954796
8	1954951
8	2005477
8	2037968
8	2041910
8	2071230
8	2808766
8	2855671
8	2857523
8	3205652
8	4494900
8	6360387
8	6420198
8	6669284
8	6673364
8	6794346
8	7308672
8	7694064
8	8747854
8	8748543
8	8887427
8	10466807
8	10480232
8	10583851
8	11188991
8	11219244
8	11222295
8	11223106
8	11281575
8	11281966
8	11301796
8	11405613
8	11614451
8	11614514
8	11644753
8	11970630
8	11995914
8	12042974
8	12957096
8	12968291
8	13258986
8	13947656
8	13947911
8	13959957
8	15519710
8	15978081
8	17063165
8	17067923
8	17088235
8	17501944
8	17503009
8	17820656
8	18257845
8	18257881
8	18392770
8	19177096
8	20077912
8	21550908
8	21766873
8	21862676
8	21862999
8	21894010
8	21905659
8	21957235
8	21959251
8	21960092
8	21960667
8	21983161
8	21986562
8	21995682
8	21997524
8	22013848
8	22020616
8	22021648
8	22031194
8	22056704
8	22059376
8	22064370
8	22085834
8	22105460
8	22106118
8	22106800
8	22140667
8	22140732
8	22163494
8	22212997
8	22278892
8	22451332
8	22460817
8	22471827
8	22477776
8	22479022
8	22873157
8	23146561
8	23147854
8	23185900
8	23299177
8	23428882
8	23560157
8	23560480
8	23709824
8	24167448
8	24242025
8	24256534
8	24771618
8	24813334
8	24813746
8	25232157
8	25246685
8	25702135
8	25718712
8	25745369
8	26268098
8	26269460
8	26365295
8	26505222
8	26515342
8	26721712
8	27311749
8	27509041
8	27516866
8	27737234
8	27880875
8	28013541
8	28214255
8	28384978
8	28625648
8	28906492
8	28976397
8	28991708
8	29023211
8	29023262
8	30209557
8	30537037
8	30539475
8	30608995
8	30657214
8	30700538
8	30702225
8	30941233
8	30977921
8	31030527
8	32614007
8	33354240
8	33405820
8	33406232
8	33455062
8	36692315
8	37607119
8	37695260
8	37698646
8	37729698
8	38001890
8	38003946
8	38005838
8	38067770
8	38095712
8	38125471
8	38126472
8	38172178
8	38205308
8	38250287
8	38260110
8	38318759
8	38368362
8	38677957
8	38705484
8	38707729
8	38852886
8	38947577
8	38947665
8	39521367
8	39550158
8	40389602
8	41166316
8	41363526
8	41467407
8	41788783
8	41791400
8	41794913
8	42050703
8	42183511
8	42188628
8	42196043
8	42275330
8	42294977
8	42296980
8	42706085
8	42823239
8	42977798
8	48309178
8	48508519
8	48625276
8	48625401
8	48649919
8	48739355
8	48769771
8	48825066
8	48839818
8	48973428
8	51415416
8	52321060
8	52321124
8	52336222
8	52746125
8	53024736
8	53025143
8	53025857
8	53050033
8	53452467
8	53570069
8	53573754
8	54791936
8	54866704
8	55539254
8	56436832
8	56437896
8	56652218
8	56668846
8	56699050
8	57025689
8	57026403
8	57026447
8	57905786
8	58192148
8	59490727
8	61655126
8	61712987
8	61766003
8	61768606
8	61769375
8	61777752
8	62563617
8	62588755
8	64122801
8	64124498
8	65291794
8	65488786
8	65493045
8	65509193
8	66621355
8	66637156
8	67417692
8	67428286
8	67428301
8	67478956
8	67507817
8	67546652
8	67752239
8	67759516
8	67772136
8	68189601
8	69243533
8	70513981
8	70674045
8	71036144
8	71036158
8	71040675
8	71040676
8	71041056
8	71050491
8	71087036
8	71128941
8	71486663
8	71520545
8	71550139
8	72110639
8	72755962
8	72966099
8	73849061
8	73850253
8	74507415
8	75147981
8	75227148
8	75262670
8	75276624
8	75737609
8	75944833
8	77617390
8	77690484
8	77690642
8	77763626
8	77763678
8	77764960
8	77767569
8	77768284
8	77778901
8	80677978
8	81412602
8	81552310
8	82570887
8	82626223
8	82713608
8	85096100
8	85096642
8	85833486
8	86180845
8	86193588
8	86360427
8	86377539
8	86377670
8	86393303
8	87151812
8	87442941
8	87447722
8	87560532
8	87591074
8	87645122
8	88298791
8	89068357
8	89180013
8	90936929
8	90937406
8	90938577
8	90958497
8	90994947
8	91018501
8	91055015
8	91636992
8	91637801
8	92090667
8	92090814
8	92971832
8	93017486
8	93074881
8	93075024
8	94744152
8	94746293
8	94746783
8	94767252
8	94797558
8	94828739
8	94937570
8	95178123
8	95262714
8	95411729
8	95523557
8	95773990
8	95869195
8	95892359
8	96167154
8	97155698
8	97172655
8	97263321
8	97621622
8	97847288
8	98285966
8	98287266
8	98703355
8	98718979
8	98900276
8	99042795
8	99161135
8	99205128
8	99761537
8	99779559
8	99787033
8	100155383
8	100514025
8	100520026
8	100654452
8	100865749
8	100866393
8	100874115
8	101105738
8	101178152
8	101237483
8	101270168
8	102381782
8	102570867
8	102661667
8	102679573
8	102679940
8	103266708
8	103297928
8	103357766
8	103664423
8	103664540
8	104948887
8	105025799
8	105080821
8	105105755
8	105361616
8	105361633
8	106808043
8	106813905
8	107763251
8	108970408
8	109260928
8	109489068
8	109796798
8	110100014
8	110100297
8	110131663
8	110254972
8	110393706
8	110455917
8	110456889
8	110510977
8	110523043
8	110534495
8	110534995
8	110592177
8	113237025
8	113349780
8	113364670
8	113392627
8	116426755
8	116427161
8	117661059
8	117768030
8	117862884
8	117864832
8	117869596
8	117887073
8	119122693
8	119593053
8	119936788
8	119941056
8	120255764
8	120744075
8	120774666
8	120816260
8	121259903
8	121292301
8	123963901
8	124219529
8	124219600
8	124260895
8	124261276
8	124346120
8	124664031
8	124705533
8	125109570
8	125332373
8	125463305
8	125464119
8	125516554
8	125565269
8	125565581
8	125740327
8	126030898
8	126096153
8	126448254
8	126450353
8	131140189
8	131812757
8	132988272
8	133141677
8	133829692
8	133859771
8	133879311
8	133899091
8	133925399
8	134024244
8	134042208
8	134042221
8	134225274
8	134250659
8	134472136
8	135614315
8	136554946
8	136659260
8	139144981
8	139164617
8	139209873
8	139277950
8	139601537
8	139603707
8	139638467
8	139696706
8	139895478
8	140715033
8	141542677
8	141668661
8	142204363
8	142221432
8	142221662
8	142229815
8	142366916
8	142480732
8	142490530
8	143623588
8	143692484
8	143692644
8	143746168
8	143747364
8	143747573
8	143817347
8	143851178
8	143856434
8	143856504
8	143866531
8	143866836
8	143960989
8	143994013
8	143994022
8	144295801
8	144621149
8	144641611
8	144642008
8	144644404
8	144671883
8	144681911
8	144734234
8	144735206
8	144776333
8	144800381
8	144890868
8	144891889
8	144892866
8	144896170
8	144904669
8	144941145
8	144942427
8	144942448
8	144946983
8	144947407
8	144997146
8	145002127
8	145004181
8	145058997
8	145094826
8	145113415
8	145134873
8	145140264
8	145150812
8	145150866
8	145161122
8	145161998
8	145168774
8	145218680
8	145235106
8	145512821
8	145541811
8	145584058
8	145608290
8	145624218
8	145624238
8	145641770
8	145689504
8	145698948
8	145730262
8	145735854
8	145741879
8	145746407
8	145746480
8	145746693
8	146016765
8	146029032
8	146067244
8	146107242
8	146107746
8	146156818
8	146157243
8	146157307
8	146203428
8	146228885
9	328142
9	340227
9	386416
9	732684
9	734600
9	991380
9	2039877
9	2077747
9	2083414
9	2182228
9	2643293
9	2643390
9	2718197
9	2718925
9	2812220
9	2824758
9	2829903
9	3898873
9	4118588
9	4490736
9	4585601
9	4622424
9	4622458
9	4662957
9	4685060
9	4697204
9	4697820
9	4741022
9	5080236
9	5080636
9	5233788
9	5463086
9	5747460
9	5763582
9	5763634
9	5787262
9	5921855
9	5988450
9	6007398
9	6013125
9	6014625
9	6253566
9	6329955
9	6556303
9	6849581
9	7174811
9	8316425
9	8317584
9	8340442
9	8389388
9	8486103
9	8500892
9	12709504
9	13106993
9	13168547
9	13183506
9	13190231
9	13219768
9	14082984
9	14155863
9	14307131
9	14737492
9	14747321
9	14789026
9	14841445
9	14868810
9	15182339
9	15232263
9	15423156
9	15486068
9	15563984
9	15571693
9	15695336
9	15784613
9	16411254
9	16412633
9	16416835
9	16419153
9	16435566
9	16870715
9	17487061
9	17793414
9	18777259
9	18777593
9	19050351
9	19058757
9	19058968
9	19063178
9	19298054
9	19350767
9	19378795
9	19619633
9	20622321
9	21202096
9	21202106
9	21217079
9	21239952
9	21333631
9	21333925
9	21334639
9	21968151
9	22029453
9	25678510
9	26886115
9	26978232
9	27197511
9	27455331
9	27556648
9	27948597
9	27950429
9	32430429
9	32487977
9	32573008
9	32784592
9	33026887
9	33057616
9	33062144
9	33246675
9	33295409
9	33384952
9	33386139
9	33442835
9	33465295
9	33470102
9	33675457
9	33917081
9	33917225
9	33933560
9	34254369
9	34256203
9	34257326
9	34370848
9	34379158
9	34610888
9	34613729
9	34658659
9	34723080
9	34724317
9	34724852
9	34833616
9	34834821
9	34835082
9	34835971
9	34838389
9	34990641
9	34996265
9	35044164
9	35057103
9	35089130
9	35091492
9	35100711
9	35104629
9	35111344
9	35560727
9	35562421
9	35606890
9	35610023
9	35660683
9	35673980
9	35697838
9	35699997
9	35707182
9	35707455
9	35713999
9	35724626
9	35736456
9	35737071
9	35749245
9	35750654
9	35752027
9	35793895
9	35811525
9	35842659
9	35870375
9	36100345
9	36124260
9	36162961
9	36171061
9	36882059
9	37034102
9	37354798
9	37442452
9	37733479
9	37746478
9	37762102
9	37780808
9	37866145
9	37866728
9	38397557
9	38397910
9	39078688
9	39088594
9	40702697
9	40716092
9	40716298
9	41962274
9	43624652
9	43624716
9	43861040
9	67786085
9	69380394
9	70972031
9	71007304
9	71007323
9	71534604
9	71538253
9	71861666
9	71863028
9	71863380
9	72338281
9	72840742
9	73000503
9	73150281
9	73151118
9	73151632
9	74298761
9	74300158
9	74313052
9	74329972
9	74667325
9	74834421
9	74843008
9	74863223
9	75420386
9	75533712
9	75538973
9	75780047
9	75780075
9	77339430
9	77353414
9	77400941
9	77416933
9	77436597
9	77632181
9	77692108
9	78506250
9	78686670
9	78784691
9	78925667
9	79252430
9	79321042
9	79323461
9	79325881
9	79829269
9	79928950
9	79947010
9	79974301
9	79985448
9	80262630
9	80868187
9	82323621
9	84303151
9	84530564
9	84532142
9	84533356
9	84562744
9	84564312
9	84606070
9	85619419
9	85863275
9	85950553
9	86256467
9	86258720
9	86506209
9	86506314
9	86592701
9	86902963
9	88247787
9	88327457
9	88650524
9	88903608
9	88916209
9	88916367
9	90313623
9	90500753
9	90501333
9	90582268
9	90582286
9	90582366
9	90586140
9	91090325
9	91262446
9	91616865
9	91617567
9	91619572
9	91996181
9	92220790
9	94173132
9	94489021
9	95004524
9	95060066
9	95148528
9	95380543
9	95420958
9	95475437
9	95571928
9	95637335
9	95846872
9	95888830
9	96021360
9	96054935
9	96214530
9	96278450
9	96291805
9	96408011
9	96715009
9	96859735
9	96860720
9	97054653
9	97054749
9	97080884
9	97083427
9	97087895
9	97101238
9	97522522
9	97766530
9	97869445
9	98011472
9	98248025
9	98268690
9	98643403
9	99064261
9	99114376
9	99296237
9	99403880
9	99522700
9	99580816
9	99580901
9	99699493
9	99700195
9	99711942
9	100038976
9	100039903
9	100043830
9	100092655
9	100132294
9	100353576
9	100353690
9	100363106
9	100364841
9	100367920
9	100618671
9	100667198
9	100678468
9	100840573
9	100862229
9	100862397
9	100961580
9	100983170
9	101125026
9	101304294
9	101518857
9	101546363
9	101602322
9	101748162
9	101749619
9	101778334
9	101810081
9	101832001
9	101980817
9	102595693
9	102888723
9	102988436
9	103008980
9	103054820
9	103060282
9	103070855
9	103091452
9	103261103
9	104075106
9	104087028
9	104153079
9	104184184
9	104238842
9	104307082
9	104314708
9	104314732
9	104314845
9	104323369
9	104325521
9	104356907
9	104356946
9	104390565
9	104433234
9	105763879
9	106873888
9	107266908
9	107360750
9	107360997
9	107553223
9	107562218
9	107581061
9	107582264
9	107584828
9	107602645
9	108297549
9	108310746
9	109687965
9	109691381
9	109734458
9	109736456
9	111617410
9	111617937
9	111662591
9	111665149
9	111692145
9	111693332
9	111701679
9	111735029
9	111855855
9	111938887
9	111956648
9	112144654
9	112189313
9	112899062
9	113149617
9	113173390
9	113192636
9	113233653
9	113265337
9	113637646
9	113704008
9	114131334
9	114134843
9	114246734
9	114305170
9	114409427
9	114476762
9	114820941
9	114981883
9	115408037
9	115421820
9	115422309
9	115652695
9	115759749
9	115760214
9	115805947
9	115806425
9	115931837
9	116131983
9	116135823
9	116172570
9	116185686
9	116186582
9	116190471
9	116224420
9	116299175
9	116346668
9	116357248
9	116359618
9	116750757
9	116811409
9	116811469
9	116814194
9	116856731
9	116940587
9	116940598
9	117093103
9	117668150
9	117692554
9	117822180
9	117825304
9	117838670
9	117844148
9	117844149
9	117853201
9	118974042
9	119129943
9	119188293
9	119202958
9	119459994
9	119461245
9	119463165
9	119463535
9	119567926
9	119582976
9	120476322
9	120476446
9	122000932
9	123007290
9	123151516
9	123364616
9	123366810
9	123366885
9	123671535
9	123737211
9	123759918
9	123805368
9	123852563
9	123875951
9	123907615
9	123911139
9	123920029
9	123941648
9	124093764
9	124209438
9	124535336
9	124546970
9	125273981
9	125282032
9	125315648
9	125377583
9	125621328
9	125622305
9	125642089
9	125681953
9	125901821
9	125920645
9	126143354
9	126144164
9	126214580
9	126783463
9	127113441
9	127561735
9	127566546
9	127573569
9	127619097
9	127636001
9	127642455
9	127660886
9	127684017
9	128000509
9	128061174
9	128074873
9	128083723
9	128268616
9	129265866
9	129455565
9	129642446
9	129643371
9	129648007
9	129981743
9	130151397
9	130206384
9	130213078
9	130263308
9	130474503
9	130475366
9	130486561
9	130496638
9	130507095
9	130511512
9	130511576
9	130513534
9	130529224
9	130551978
9	130552111
9	130652958
9	130674802
9	130825800
9	130952651
9	130982554
9	131018364
9	131018424
9	131022983
9	131038484
9	131073285
9	131076114
9	131118049
9	131233707
9	131246234
9	131246334
9	131250217
9	131267114
9	131337063
9	131397035
9	131397458
9	131469086
9	131469299
9	131469586
9	131482230
9	131568174
9	131584898
9	131597943
9	131670194
9	131707941
9	131709078
9	131772473
9	131799278
9	131799286
9	131802916
9	131804587
9	131830605
9	131873795
9	131905033
9	132400243
9	132565599
9	132572588
9	132576490
9	132620785
9	132637866
9	132638450
9	132652420
9	132741631
9	132982080
9	133269345
9	133270655
9	133271682
9	133272930
9	133280264
9	133294404
9	133305835
9	133491847
9	133491861
9	133506945
9	133753801
9	133779319
9	133914547
9	133946933
9	133957463
9	133995654
9	133997610
9	134004712
9	134034788
9	134050883
9	134133536
9	134135591
9	134135952
9	134323154
9	134334620
9	134334683
9	134385432
9	134464278
9	134497242
9	134501744
9	135073769
9	135140212
9	135203902
9	135275570
9	135522348
9	135523851
9	135702375
9	135730295
9	135785983
9	135801115
9	135864468
9	135942486
9	135944146
9	135945981
9	135976866
9	135977441
9	135977926
9	136004576
9	136081775
9	136277922
9	136291349
9	136304513
9	136305467
9	136320505
9	136412303
9	136505055
9	136507566
9	136521512
9	136521626
9	136523606
9	136559469
9	136577806
9	136597718
9	136629066
9	136653488
9	136901484
9	136901665
9	136901680
9	137330571
9	137600488
9	137600821
9	137622136
9	137676891
9	137709639
9	137717708
9	137717745
9	137779069
9	137801654
9	137808288
9	137968687
9	137982150
9	138377026
9	138378966
9	138379339
9	138517938
9	138587034
9	138587040
9	138591284
9	138671242
9	138677157
9	138701578
9	138701980
9	138701981
9	138702761
9	138709841
9	138713120
9	138713244
9	138714138
9	139008314
9	139113643
9	139115925
9	139232310
9	139234220
9	139252486
9	139257577
9	139258567
9	139261734
9	139266348
9	139278476
9	139317604
9	139341451
9	139343094
9	139370706
9	139371051
9	139391096
9	139391961
9	139397780
9	139402493
9	139408987
9	139411779
9	139417335
9	139618070
9	139633886
9	139634422
9	139636363
9	139642951
9	139726230
9	139728177
9	139746892
9	139748444
9	139750490
9	139836013
9	139879221
9	139908006
9	139917155
9	139934278
9	139998265
9	140006407
9	140080772
9	140093952
9	140094310
9	140110225
9	140119684
9	140120453
9	140137995
9	140139868
9	140157562
9	140174604
9	140176515
9	140267887
9	140320754
9	140331345
9	140350892
9	140354763
9	140361898
9	140417252
9	140442088
9	140476658
9	140646815
9	140777346
9	140786410
9	140811696
9	140941398
9	140952699
9	141016253
9	141070285
10	298460
10	412318
10	696062
10	855647
10	871078
10	871144
10	1041967
10	1053055
10	1081916
10	1149661
10	1229114
10	1230804
10	3124650
10	3143566
10	3172160
10	3175423
10	3175439
10	3821676
10	3824010
10	5204879
10	5415687
10	5416032
10	5435726
10	5499632
10	5694910
10	5777362
10	5800948
10	5904455
10	5958421
10	6264871
10	6472806
10	6483936
10	7214498
10	7608221
10	8115837
10	8115875
10	11372041
10	11894093
10	11963094
10	12009404
10	12077335
10	12131151
10	12139886
10	12198971
10	12292426
10	13206126
10	13320143
10	13481498
10	13534666
10	13652038
10	13699221
10	13838520
10	13852902
10	14870175
10	14870236
10	14880355
10	14885519
10	14885538
10	14939488
10	15106494
10	15255767
10	15255794
10	15600156
10	15646208
10	15686203
10	16526696
10	16555629
10	16918987
10	17087011
10	17142124
10	17199480
10	17373533
10	17636215
10	17750830
10	17757748
10	18270323
10	18282148
10	18807895
10	18828544
10	18829317
10	18830242
10	18905150
10	20568868
10	21072697
10	21139344
10	21783445
10	21805371
10	21805741
10	21808248
10	22094958
10	22095018
10	22618312
10	23481558
10	23729266
10	24832843
10	24874850
10	25140351
10	25313265
10	25464769
10	25890755
10	26446368
10	26446371
10	26506903
10	26581917
10	26994282
10	27035346
10	27294452
10	27342293
10	27536239
10	27537273
10	27539422
10	27702453
10	28032156
10	28233330
10	28436410
10	28527508
10	28872403
10	28905122
10	28905159
10	29747171
10	29773608
10	29777618
10	29813581
10	29821079
10	30317948
10	30654298
10	31138633
10	31607726
10	32096145
10	32150344
10	32575921
10	33067975
10	33068011
10	33214867
10	33468997
10	34558782
10	34626301
10	35477201
10	35858829
10	35896617
10	35897118
10	35930261
10	37505275
10	38407267
10	38499719
10	42905383
10	42971031
10	42971220
10	43089707
10	43285938
10	43287144
10	43292198
10	43292212
10	43312805
10	43312872
10	43325811
10	43620337
10	43656005
10	43678830
10	43869114
10	43882978
10	44112457
10	44112667
10	44873096
10	45500111
10	45500713
10	45798988
10	45799820
10	45878049
10	45953821
10	46147438
10	46159224
10	46224382
10	46250475
10	46280978
10	47000251
10	47000436
10	47087549
10	47088040
10	47701242
10	47909776
10	48370796
10	48372241
10	48383930
10	48388968
10	48390227
10	48390620
10	49371453
10	49430401
10	49450288
10	49482707
10	49618185
10	49658331
10	49935572
10	49986701
10	50013463
10	50028299
10	50098692
10	50165261
10	50178221
10	50182947
10	50315977
10	50531318
10	50532036
10	50724300
10	50820611
10	51027242
10	51224970
10	51465232
10	51483218
10	51556818
10	51580698
10	51581323
10	51770070
10	52066923
10	52573620
10	52575947
10	55780170
10	55782806
10	56138644
10	58119784
10	60036907
10	60047396
10	60127749
10	60559014
10	61014099
10	61413983
10	61550045
10	61564279
10	61789527
10	61835296
10	61844495
10	61868781
10	61868793
10	61898820
10	62630045
10	63852015
10	64572358
10	64573051
10	64573449
10	64906008
10	64906020
10	64913989
10	67829127
10	68686955
10	69583102
10	69695953
10	69866379
10	69909822
10	70045096
10	70097044
10	70101413
10	70105327
10	70204841
10	70406390
10	70453004
10	70532821
10	70549626
10	70645948
10	70931413
10	70968623
10	71003105
10	71025525
10	71026446
10	71139773
10	71146088
10	71176108
10	71332547
10	71391507
10	71662562
10	71682517
10	71899753
10	71911323
10	71962843
10	72061123
10	72183544
10	72292786
10	72298867
10	72462168
10	72513746
10	72517720
10	72520376
10	72536975
10	73048416
10	73122361
10	73475565
10	73483817
10	73508454
10	73563116
10	73571145
10	73571340
10	73588634
10	73765526
10	73818908
10	73846679
10	73921424
10	74034956
10	74095484
10	74100910
10	74645651
10	74646980
10	74882060
10	74884797
10	74885059
10	75000742
10	75035346
10	75090948
10	75107944
10	75185879
10	75198126
10	75264741
10	75276186
10	75276421
10	75277050
10	75406753
10	75407145
10	75434715
10	75464811
10	75520119
10	75525564
10	75528577
10	75531244
10	75556581
10	75557553
10	75560097
10	75572675
10	75572907
10	75573503
10	75579387
10	75597266
10	75632747
10	75676343
10	75855429
10	75855532
10	76865545
10	76973826
10	78669784
10	78832992
10	79551133
10	79741255
10	79769352
10	81050753
10	81061950
10	81063791
10	81063836
10	81074769
10	81114133
10	81144391
10	81203886
10	81267406
10	81317887
10	81371363
10	81372161
10	81586974
10	81680638
10	81680795
10	81682789
10	81838440
10	81917747
10	81926667
10	81927060
10	82122721
10	82269086
10	82278355
10	82298212
10	82394136
10	84718813
10	84744910
10	85974212
10	85993889
10	86014164
10	86130884
10	86131588
10	86132140
10	87359784
10	87484377
10	87615908
10	88220939
10	88451770
10	88768230
10	88769514
10	88988072
10	89120901
10	89126149
10	89717672
10	89726529
10	89726596
10	89726708
10	90429698
10	90512360
10	90575203
10	90580178
10	90676574
10	90697988
10	90703569
10	90750493
10	90975731
10	91143602
10	91195900
10	91343771
10	91371711
10	91403490
10	91477453
10	91497172
10	91528495
10	92502241
10	93240878
10	93272882
10	93621906
10	93624368
10	93999315
10	94214124
10	94246994
10	94268501
10	94368953
10	94414688
10	94675526
10	95110983
10	95111256
10	95148865
10	95326748
10	95400680
10	95425220
10	95429571
10	95517992
10	95719644
10	95720221
10	96058279
10	96087746
10	96104216
10	96110033
10	96313977
10	96336425
10	96827321
10	97031541
10	97158880
10	97192304
10	97373852
10	97442459
10	97583032
10	97607246
10	97741774
10	97755899
10	97772360
10	97778960
10	97816903
10	97818765
10	97916897
10	97983644
10	98084109
10	98097963
10	98144407
10	98170339
10	98180743
10	98287196
10	98292863
10	98380198
10	98469608
10	98715910
10	98741475
10	98743110
10	98744829
10	98745139
10	98762646
10	98764541
10	98799771
10	98802744
10	99003794
10	99025871
10	99116781
10	99139128
10	99145705
10	99197028
10	99221298
10	99228161
10	99374805
10	99424653
10	99439579
10	100003875
10	100013410
10	100018883
10	100148174
10	100155031
10	100189284
10	100219430
10	100992139
10	100992197
10	101157128
10	101162396
10	101370948
10	101464949
10	101480803
10	101603645
10	101636901
10	101648672
10	101945448
10	101982628
10	101996630
10	102247496
10	102249466
10	102256905
10	102296387
10	102308105
10	102587338
10	102588514
10	102684005
10	102705222
10	102719277
10	102743359
10	102762413
10	102763708
10	102794544
10	103285886
10	103313309
10	103371408
10	103530377
10	103547134
10	103550820
10	103558648
10	103577799
10	103577813
10	103589695
10	103826010
10	103900502
10	103906494
10	103988287
10	103989998
10	104141850
10	104162926
10	104164380
10	104183325
10	104183753
10	104230758
10	104235702
10	104243984
10	104250372
10	104416577
10	104574019
10	104575065
10	104575168
10	104597024
10	104836815
10	104837684
10	104849564
10	104851369
10	104854154
10	105048368
10	105048640
10	105163018
10	105165828
10	105198553
10	105201702
10	105209662
10	105214984
10	105349947
10	105363487
10	105648881
10	105657371
10	105795105
10	105798861
10	105823519
10	105990580
10	106034960
10	106153144
10	106802824
10	106976802
10	108335512
10	108335636
10	108336667
10	108357136
10	108367023
10	108380299
10	108412233
10	108923904
10	108923947
10	111624907
10	111640676
10	111648276
10	111886204
10	112270448
10	112340693
10	112341685
10	112358022
10	112540786
10	112540808
10	112839898
10	114194101
10	114578292
10	114912115
10	114917796
10	115349454
10	115350618
10	115375495
10	115490331
10	115608882
10	115663431
10	115947867
10	115973783
10	115978224
10	116045817
10	116045955
10	116059051
10	116060264
10	116073753
10	116203840
10	116335202
10	116593077
10	116606365
10	116621011
10	116621960
10	117026389
10	118196250
10	118431209
10	118439023
10	118451970
10	118641163
10	118641230
10	119305183
10	119305214
10	119805755
10	119966979
10	119967111
10	120070736
10	120353675
10	120442242
10	120514246
10	120790466
10	120793295
10	120793401
10	120793629
10	120914599
10	121338329
10	121342054
10	121347698
10	121564969
10	121652436
10	121663686
10	122633351
10	122650367
10	123353442
10	123687883
10	123727232
10	123842935
10	123843947
10	123846416
10	123848016
10	123954657
10	124034614
10	124339114
10	124402664
10	124516716
10	124596525
10	124671185
10	124742287
10	124919970
10	124922127
10	125506424
10	125516842
10	125622145
10	125780694
10	126091588
10	126308870
10	126311806
10	126525061
10	126655176
10	126673909
10	126678173
10	126686566
10	126714866
10	126715351
10	126716219
10	127418956
10	127431669
10	127438079
10	127569460
10	127705618
10	127708297
10	127708321
10	127789662
10	128150055
10	128193423
10	128788737
10	128841328
10	128935054
10	128973644
10	129046357
10	129172427
10	129172460
10	129209129
10	129347754
10	129847863
10	129864410
10	129876021
10	129881542
10	129883655
10	129902969
10	129905358
10	129906431
10	129908757
10	131634724
10	131666119
10	131671753
10	132932692
10	133946991
10	133950544
10	133981862
10	134010392
10	134511342
10	134595605
10	134596532
10	134596882
10	134596892
10	134624515
10	134682849
10	134788892
10	134895381
10	134996921
10	135000117
10	135009240
10	135025045
10	135033465
10	135038499
10	135083969
10	135233626
10	135235272
10	135378986
11	199445
11	209728
11	209885
11	211243
11	214240
11	309344
11	375500
11	375689
11	375933
11	406213
11	441960
11	490534
11	494629
11	550204
11	554130
11	607868
11	609686
11	621616
11	679709
11	687940
11	771437
11	799937
11	801605
11	828888
11	831572
11	972183
11	1008115
11	1018305
11	1020730
11	1027765
11	1075839
11	1081501
11	1082344
11	1083259
11	1086465
11	1090922
11	1092175
11	1096337
11	1217220
11	1262988
11	1263068
11	1267784
11	1268488
11	1272935
11	1278891
11	1281232
11	1281614
11	1577824
11	1579448
11	1580253
11	1606187
11	1718658
11	1769071
11	1887814
11	1890145
11	1908064
11	1955833
11	2161420
11	2181079
11	2292001
11	2427293
11	2924767
11	2946263
11	3109162
11	3109500
11	3109518
11	3123511
11	3428030
11	3430080
11	3692545
11	3845205
11	4139595
11	4471098
11	4510526
11	4566439
11	4567056
11	4676608
11	4790434
11	4843308
11	4870172
11	4935997
11	4936132
11	4976825
11	5021143
11	5068148
11	5079880
11	5173457
11	5221568
11	5247911
11	5289628
11	5322483
11	5444337
11	5462084
11	5474793
11	5530474
11	5536132
11	5566495
11	5602814
11	5618063
11	5626579
11	5686127
11	5686718
11	5730302
11	5799679
11	5809716
11	5905923
11	5906246
11	5968789
11	6007436
11	6023588
11	6129432
11	6239377
11	6239943
11	6292773
11	6292796
11	6411813
11	6432143
11	6477340
11	6477890
11	6479398
11	6497196
11	6499085
11	6519921
11	6540829
11	6550270
11	6555363
11	6559938
11	6566167
11	6578798
11	6584218
11	6585803
11	6587814
11	6588383
11	6591854
11	6622281
11	6622563
11	6622723
11	6631262
11	6634943
11	6635754
11	6637606
11	6644193
11	6649927
11	6661764
11	6662584
11	6662722
11	6740453
11	6912810
11	7023961
11	7061002
11	7111144
11	7530732
11	7670878
11	7718319
11	7846949
11	7904419
11	7949511
11	7960746
11	7982275
11	7982461
11	8009046
11	8013635
11	8435102
11	8496270
11	8640488
11	8640992
11	8662148
11	8662626
11	8671344
11	8717053
11	8751714
11	8752343
11	8969767
11	9068999
11	9077455
11	9082005
11	9455346
11	9459358
11	9537839
11	9611192
11	9715692
11	9771422
11	9817461
11	9853837
11	10215508
11	10533566
11	10552242
11	10580809
11	10651225
11	10794180
11	11292671
11	11362551
11	11374803
11	12225857
11	12313750
11	12316064
11	12495508
11	12518075
11	12534992
11	12951810
11	12965428
11	12966087
11	13388263
11	13407245
11	13514329
11	14988301
11	15262051
11	15267467
11	16340037
11	16362595
11	16810696
11	16812685
11	17098734
11	17098753
11	17111324
11	17115809
11	17331221
11	17408560
11	17408598
11	17409216
11	17409552
11	17470126
11	17482128
11	17482222
11	17485151
11	17533494
11	17544780
11	17548834
11	17553015
11	17618520
11	17618544
11	17653723
11	17741723
11	18047190
11	18118355
11	18159395
11	18195632
11	18231403
11	18252956
11	18548339
11	18636419
11	18638476
11	18655782
11	18735670
11	18750408
11	19077260
11	19204266
11	19245923
11	19901571
11	19914035
11	19955272
11	19955758
11	20070434
11	20070548
11	20089902
11	20104555
11	20112542
11	20113858
11	20136324
11	20142044
11	20404791
11	20622971
11	20628601
11	20657896
11	20869268
11	22398952
11	22399531
11	26582473
11	26664779
11	26718752
11	27395164
11	27679593
11	27680370
11	28090856
11	28090916
11	28318338
11	30255254
11	30601848
11	30930588
11	31159311
11	31451817
11	31452329
11	31811420
11	32452229
11	32622378
11	32635143
11	32635696
11	32636366
11	32724483
11	32955254
11	32998256
11	33079616
11	33106524
11	33106769
11	33108624
11	33374689
11	33564283
11	33564800
11	33565169
11	33566664
11	33581371
11	33583259
11	33596260
11	33667550
11	33792349
11	33886220
11	33891479
11	34119385
11	34175922
11	34378323
11	34500714
11	34514641
11	35302535
11	35641406
11	35684876
11	35685261
11	36296115
11	36297738
11	36422690
11	36467881
11	36597179
11	36615236
11	43333537
11	43348109
11	43363993
11	43427442
11	43923167
11	44148370
11	45265723
11	45670582
11	45793145
11	45793882
11	45891646
11	45891672
11	45924347
11	45927693
11	45949084
11	45954671
11	45954990
11	45986920
11	46401955
11	46564525
11	46726868
11	46784633
11	46819663
11	46880747
11	46897084
11	46908043
11	47202147
11	47256176
11	47281376
11	47282219
11	47290100
11	47351461
11	47354114
11	47362752
11	47372867
11	47372915
11	47376846
11	47446042
11	47609928
11	47712259
11	47735862
11	48328584
11	48346703
11	49170213
11	49204717
11	49208229
11	49831631
11	49831921
11	51515402
11	51515847
11	55405863
11	55578942
11	55606773
11	55606966
11	55653565
11	55761661
11	56000579
11	56020411
11	56020664
11	56143214
11	56185062
11	56185079
11	56258532
11	56380267
11	56409233
11	56510504
11	56756467
11	57068447
11	57076517
11	57087739
11	57156070
11	57156602
11	57156678
11	57188840
11	57235481
11	57268517
11	57296385
11	57297650
11	57414710
11	57457568
11	57573382
11	57582926
11	57584432
11	57798593
11	57798596
11	57798856
11	57958009
11	57958159
11	57958909
11	57982241
11	57983011
11	57995538
11	58170104
11	58275389
11	58275520
11	58388015
11	58601794
11	58601842
11	58710779
11	58972226
11	58973324
11	58979417
11	59190331
11	59210668
11	59344357
11	59418247
11	59837138
11	59837683
11	59992531
11	60184165
11	60416782
11	60557969
11	60618016
11	60640675
11	60690676
11	60690781
11	60703361
11	60704164
11	60704251
11	60889354
11	60899396
11	61032632
11	61048620
11	61058975
11	61079332
11	61096944
11	61102199
11	61106858
11	61110835
11	61117716
11	61124091
11	61189016
11	61254534
11	61504778
11	61511494
11	61512534
11	61512924
11	61513094
11	61546875
11	61554161
11	61555206
11	61607952
11	61674000
11	61687673
11	61908460
11	61912638
11	61917533
11	61957793
11	61959612
11	62159602
11	62284113
11	62284211
11	62284496
11	62286746
11	62286873
11	62287465
11	62287742
11	62289587
11	62291082
11	62292823
11	62296432
11	62297692
11	62297886
11	62298966
11	62299626
11	62334869
11	62334975
11	62339085
11	62348664
11	62373438
11	62381976
11	62393379
11	62406857
11	62407204
11	62414046
11	62416331
11	62437628
11	62455945
11	62495908
11	62520490
11	62554028
11	62557435
11	62563598
11	62564798
11	62567886
11	62569660
11	62598498
11	62649491
11	62656149
11	62752072
11	62767244
11	62911305
11	62931540
11	63069995
11	63277247
11	63283084
11	63398612
11	63526007
11	63527021
11	63586298
11	63586355
11	63662676
11	63884234
11	63885326
11	63962061
11	63987784
11	63994222
11	63997301
11	63998053
11	64009853
11	64011525
11	64022889
11	64084012
11	64084932
11	64108429
11	64128969
11	64402855
11	64410212
11	64419047
11	64519455
11	64536944
11	64567121
11	64600703
11	64606285
11	64606355
11	64622797
11	64622938
11	64645728
11	64662248
11	64664953
11	64665762
11	64694220
11	64695292
11	64697967
11	64700333
11	64700720
11	64811729
11	64813350
11	64815889
11	64820980
11	64854476
11	64877239
11	64878039
11	64883475
11	64896063
11	64898605
11	64900671
11	64938958
11	64940217
11	64981693
11	64988580
11	65089287
11	65089390
11	65107973
11	65156920
11	65161093
11	65269959
11	65293683
11	65302775
11	65303473
11	65315391
11	65346908
11	65349251
11	65350623
11	65360468
11	65365500
11	65365996
11	65366066
11	65375172
11	65380755
11	65383934
11	65397903
11	65403088
11	65425815
11	65482096
11	65485982
11	65486021
11	65545880
11	65546080
11	65546162
11	65546721
11	65547398
11	65601472
11	65618818
11	65623612
11	65658743
11	65713160
11	65714423
11	65715548
11	65765974
11	65767062
11	65793234
11	65809869
11	65810912
11	65988648
11	66001629
11	66006713
11	66009014
11	66030332
11	66033381
11	66034139
11	66044001
11	66044231
11	66051578
11	66083169
11	66083458
11	66114534
11	66114701
11	66130861
11	66135311
11	66194003
11	66206212
11	66240726
11	66240817
11	66276557
11	66276992
11	66290742
11	66318720
11	66318754
11	66325197
11	66325224
11	66331375
11	66331568
11	66394276
11	66436625
11	66456201
11	66457399
11	66468522
11	66625886
11	66807480
11	66838968
11	67022840
11	67131939
11	67166023
11	67201503
11	67226190
11	67265701
11	67269444
11	67269821
11	67274449
11	67353652
11	67399074
11	67406969
11	67410263
11	67412273
11	67435011
11	67559558
11	67560731
11	67763283
11	67789073
11	67789199
11	67799805
11	67803824
11	67821383
11	67925473
11	68197125
11	68201112
11	68206054
11	68381781
11	68382267
11	68452441
11	68518060
11	68703982
11	68816468
11	69063412
11	69063484
11	69456064
11	69462778
11	69467964
11	69625265
11	69625330
11	70013353
11	70049645
11	70224301
11	70505946
11	70506012
11	70507740
11	71250036
11	71693935
11	71710961
11	71718322
11	71725080
11	71726421
11	71729246
11	71730660
11	71810247
11	71931957
11	71940730
11	71949091
11	71949162
11	71949986
11	72145364
11	72292524
11	72406122
11	72409057
11	72437960
11	72438200
11	72539777
11	72549883
11	72552527
11	72945815
11	72946575
11	73022517
11	73057995
11	73071508
11	73073601
11	73075512
11	73141816
11	73387401
11	73583942
11	73598417
11	73675982
11	73717959
11	73824870
11	73965560
11	73980759
11	74555263
11	74705737
11	74716554
11	74899246
11	75146688
11	75154212
11	75852235
11	76183617
11	76253388
11	76255766
11	76371786
11	76372125
11	76508605
11	76751122
11	76804840
11	76836362
11	76873241
11	76885843
11	76915203
11	76928222
11	77033112
11	77043843
11	77458110
11	77583232
11	77702290
11	77835071
11	77921642
11	78380287
11	78467868
11	78525397
11	78574036
11	78926907
11	82560152
11	82644317
11	82668717
11	82668740
11	82880842
11	82896360
11	82896375
11	83170855
11	84027959
11	85374404
11	85375199
11	85396557
11	85407403
11	85435361
11	85626503
11	85967449
11	86013442
11	86017524
11	86048516
11	86159271
11	86660773
11	86661390
11	86663087
11	87032686
11	88300245
11	88300271
11	88301068
11	88337887
11	88780470
11	89450760
11	89537347
11	89896534
11	89939375
11	92495314
11	92533286
11	92533622
11	92535029
11	92539633
11	92565133
11	92568130
11	92623967
11	92702985
11	92714860
11	92715228
11	92715486
11	92715525
11	93212350
11	93412659
11	93412692
11	93430867
11	93468195
11	93913227
11	93913972
11	94111807
11	94113501
11	94197374
11	94224057
11	94282050
11	94282449
11	94316686
11	94335131
11	94609317
11	94731245
11	94862433
11	94917673
11	95578127
11	95713038
11	95826437
11	96117466
11	99786836
11	100641092
11	100812604
11	100864394
11	102195289
11	102480718
11	102564716
11	102641595
11	102647432
11	102702689
11	102737062
11	102814957
11	102825324
11	102933018
11	103026063
11	103091422
11	103909845
11	104768128
11	105789643
11	105851257
11	105851313
11	105948521
11	106579366
11	106647177
11	107197634
11	107299570
11	107304360
11	107312250
11	107396245
11	107420551
11	107431526
11	108013223
11	108043648
11	108061198
11	108115533
11	108199802
11	108206630
11	108380874
11	108383806
11	109296146
11	110448211
11	110450118
11	111167488
11	111168790
11	111225078
11	111225224
11	111385713
11	111596548
11	111625255
11	111626100
11	111630631
11	111746783
11	111954521
11	112019353
11	112070535
11	113078621
11	113215128
11	113631019
11	113661352
11	113668699
11	113677254
11	113702667
11	113815451
11	113816863
11	114168830
11	114401593
11	114450960
11	114453170
11	116631555
11	116640903
11	116692557
11	116693386
11	116732056
11	117063067
11	117075195
11	117075993
11	117095417
11	117159705
11	117232701
11	117257965
11	117304173
11	117395589
11	117695367
11	117785219
11	117863974
11	118011973
11	118047199
11	118083635
11	118124672
11	118305740
11	118363929
11	118369120
11	118374099
11	118376221
11	118404185
11	118404581
11	118486825
11	118516214
11	118627019
11	118630753
11	118656926
11	118767346
11	118767767
11	118767804
11	118770837
11	118771635
11	118772775
11	118773534
11	118773716
11	118778200
11	118778310
11	118842510
11	118889541
11	118896772
11	118897325
11	118915341
11	118916313
11	118922843
11	118958965
11	118959365
11	118981874
11	119005116
11	119024987
11	119027379
11	119029411
11	119031977
11	119032594
11	119032624
11	119050732
11	119171277
11	119174708
11	119181066
11	119181519
11	119205772
11	119206889
11	119230307
11	120008181
11	120175760
11	120319056
11	120337907
11	120346074
11	120351117
11	120894873
11	120980117
11	121008140
11	121028730
11	121059834
11	121448033
11	121461606
11	121483461
11	121485639
11	121491871
11	121986791
11	122775908
11	122850167
11	122955400
11	123480948
11	123500928
11	123524521
11	123753874
11	123755236
11	123777270
11	123811111
11	123813817
11	123813977
11	123909382
11	123993828
11	124007824
11	124252439
11	124310350
11	124482884
11	124489478
11	124502198
11	124507001
11	124545235
11	124615442
11	124626568
11	124744790
11	124749152
11	124766839
11	124766981
11	124949083
11	124950543
11	125359376
11	125488429
11	125542593
11	125775968
11	125831776
11	125853903
11	125889568
11	125891336
11	126075362
11	126126507
11	126136167
11	126201313
11	126278377
11	126294526
11	126870471
11	128709438
11	128774439
11	128839214
11	128839409
11	128868214
11	129724530
11	129739660
11	129745291
11	129755483
11	129772160
11	129793194
11	129830866
11	129999048
11	130059685
11	130278821
11	130332097
11	130716884
11	131781252
11	132016356
11	132180012
11	132288787
11	132288869
11	132289871
11	133789862
11	133790226
11	133795683
11	134047281
11	134162090
11	134184301
11	134214347
11	134240190
11	134257576
12	148107
12	176418
12	271187
12	275055
12	311907
12	330194
12	336814
12	368936
12	401947
12	644411
12	658941
12	665738
12	675126
12	971249
12	989995
12	1137575
12	1754998
12	1895924
12	1936636
12	1944850
12	1965390
12	1984468
12	1993969
12	1994177
12	2039958
12	2040110
12	2061610
12	2676934
12	2774774
12	2783799
12	2786773
12	2797804
12	2800322
12	2909016
12	2968282
12	3030002
12	3131161
12	3392472
12	3392523
12	3393358
12	3661960
12	3692294
12	3788150
12	3921522
12	4410358
12	4410501
12	4668390
12	4736984
12	4737657
12	4829849
12	4920048
12	4920539
12	4921557
12	4921720
12	4922302
12	4922792
12	5020849
12	5020851
12	5021598
12	5153820
12	5154292
12	5154464
12	5603830
12	5674735
12	5674750
12	5708775
12	6061635
12	6128679
12	6184668
12	6427923
12	6435600
12	6439032
12	6456115
12	6457256
12	6458352
12	6493785
12	6562405
12	6575446
12	6638682
12	6649220
12	6664577
12	6672680
12	6675725
12	6687575
12	6691846
12	6729267
12	6730568
12	6762180
12	6777152
12	6804194
12	6859402
12	6861201
12	6882378
12	6883793
12	6935857
12	6943144
12	6946703
12	6953097
12	6964934
12	6965553
12	6979953
12	7043646
12	7043654
12	7046199
12	7047134
12	7069272
12	7091920
12	7169778
12	7249381
12	7283237
12	7288949
12	7527981
12	7528406
12	7636005
12	7640433
12	7640538
12	7970551
12	7985367
12	8022489
12	8073951
12	8185973
12	8200789
12	8205376
12	8207701
12	8211337
12	8211569
12	8289453
12	8327822
12	8374563
12	8375173
12	8376734
12	8376747
12	8386974
12	8800727
12	8926115
12	8926519
12	8990137
12	9001327
12	9016585
12	9020572
12	9085364
12	9093869
12	9301585
12	9303276
12	9305504
12	9312962
12	9345129
12	9393002
12	9713417
12	9723415
12	9747885
12	10103912
12	10342549
12	10373311
12	10600202
12	10742128
12	10961899
12	11091609
12	11183705
12	11244170
12	11546800
12	12044572
12	12274078
12	12483537
12	12630100
12	12795103
12	12874188
12	12917591
12	12967065
12	13208597
12	13208772
12	13224313
12	14018753
12	14804342
12	14829834
12	14939782
12	14940426
12	14946707
12	14952599
12	14959573
12	15261033
12	15650250
12	15661700
12	15710400
12	15749224
12	15793768
12	15822405
12	15834177
12	16516754
12	16516781
12	18576933
12	18747462
12	18854576
12	19408016
12	19410425
12	19475283
12	19529169
12	21008063
12	21168696
12	21472371
12	21670281
12	21670889
12	21679293
12	21919381
12	22063212
12	22078309
12	22078431
12	22612471
12	22677487
12	22678565
12	23737490
12	25232186
12	25259914
12	25260789
12	25358518
12	25361134
12	26208180
12	26217626
12	26218081
12	26383724
12	26492241
12	26636830
12	26639047
12	26809364
12	26875343
12	27090806
12	27107157
12	27128581
12	27461278
12	27845574
12	27849690
12	27867714
12	27908404
12	28458646
12	28605483
12	29446380
12	29460920
12	29493837
12	29628122
12	30783759
12	30809633
12	30843471
12	31237984
12	31249901
12	31256829
12	31435654
12	31477720
12	32134814
12	32135409
12	32447010
12	32832150
12	32854406
12	32900148
12	32908549
12	33031024
12	33031298
12	33592352
12	38714927
12	39726893
12	39994426
12	40012582
12	40076788
12	40761650
12	40919279
12	41966303
12	42853470
12	43750324
12	43792876
12	44781957
12	44913878
12	45429879
12	45751140
12	46231396
12	46300099
12	46301235
12	46315821
12	46316360
12	46754667
12	48096530
12	48140569
12	48142280
12	48143775
12	48179248
12	48189537
12	48367206
12	48369747
12	48371188
12	48375557
12	48391403
12	48528508
12	48578569
12	48886764
12	48919419
12	48961699
12	49061378
12	49073524
12	49089851
12	49167738
12	49224276
12	49230679
12	49231160
12	49413337
12	49424972
12	49425353
12	49426185
12	49445294
12	49445846
12	49483657
12	49485160
12	49491442
12	49523073
12	49582787
12	49667035
12	49723760
12	49724506
12	49743096
12	49937065
12	49994463
12	50025210
12	50036266
12	50036809
12	50036884
12	50041091
12	50192163
12	50196756
12	50355961
12	50475401
12	50475818
12	50497801
12	50504329
12	50528428
12	50746789
12	50746861
12	50747729
12	50748107
12	50749243
12	50749663
12	50794750
12	50871146
12	51064966
12	51069111
12	51072578
12	51090916
12	51090957
12	51142106
12	51214705
12	51281049
12	51450017
12	51457380
12	51492570
12	51493548
12	51510139
12	51585437
12	51640449
12	51696560
12	51736423
12	51748155
12	51785160
12	51883703
12	51887530
12	52100263
12	52163701
12	52282458
12	52284383
12	52284410
12	52308249
12	52388035
12	52409192
12	52449863
12	52450313
12	52451147
12	52501377
12	52567487
12	52629095
12	52681926
12	52714794
12	52774875
12	52775245
12	52797584
12	52843268
12	52867036
12	52885326
12	52938220
12	52940233
12	52967403
12	53008405
12	53089619
12	53189870
12	53200721
12	53201455
12	53202108
12	53207461
12	53207814
12	53293698
12	53346015
12	53433410
12	53433441
12	53438467
12	53448110
12	53578746
12	53581972
12	53647324
12	53647860
12	53681832
12	53684227
12	53684230
12	53696828
12	53701465
12	53703403
12	53715301
12	53722011
12	53722526
12	53776844
12	53804966
12	53809863
12	53819626
12	53823659
12	53837503
12	53861599
12	53875757
12	53895453
12	53896877
12	53937113
12	54063102
12	54104973
12	54115261
12	54119044
12	54367212
12	54426924
12	54448811
12	54575974
12	54576032
12	54686366
12	54789548
12	54789609
12	54803049
12	54856454
12	54920368
12	54943725
12	55028597
12	55368246
12	55420331
12	55688881
12	55714611
12	55714621
12	55726357
12	55863685
12	56031200
12	56076022
12	56078362
12	56092603
12	56094104
12	56121055
12	56121121
12	56142455
12	56215231
12	56215938
12	56221681
12	56231354
12	56334691
12	56350970
12	56360722
12	56362658
12	56429664
12	56487286
12	56489560
12	56498203
12	56501396
12	56510538
12	56514389
12	56516195
12	56522264
12	56531130
12	56532056
12	56537363
12	56547825
12	56559195
12	56559304
12	56598390
12	56666894
12	56720621
12	56721833
12	56722402
12	56726626
12	56733493
12	56745158
12	56755927
12	56848385
12	56863089
12	56990035
12	56990420
12	56990731
12	56992206
12	56996550
12	56997166
12	57005794
12	57005836
12	57033908
12	57113321
12	57113976
12	57135290
12	57346636
12	57410242
12	57432253
12	57456929
12	57485462
12	57485466
12	57535226
12	57553788
12	57573655
12	57585178
12	57595332
12	57597222
12	57602921
12	57619487
12	57629222
12	57648497
12	57682819
12	57704232
12	57849340
12	57850224
12	57863287
12	57866078
12	57872404
12	57905578
12	57909905
12	57918778
12	57919884
12	57922480
12	57923306
12	57924115
12	57927847
12	57943988
12	57978229
12	58006766
12	58007341
12	58018336
12	58022887
12	58110205
12	58112135
12	58125359
12	58145306
12	58152390
12	58193589
12	58204699
12	58217361
12	59266290
12	59272797
12	60169198
12	62148710
12	62783696
12	62799465
12	63541387
12	63544397
12	64002395
12	64011099
12	64377782
12	64588428
12	64660994
12	64803766
12	64818918
12	64842025
12	64842026
12	64849654
12	64895216
12	65082037
12	65222252
12	65264471
12	65445024
12	65564685
12	65640500
12	65702308
12	66517691
12	66703951
12	66709034
12	66718881
12	66786566
12	66800117
12	67691263
12	67696124
12	67700354
12	68051508
12	68642545
12	68647175
12	68709994
12	69260790
12	69652616
12	69744034
12	69967810
12	69967875
12	69971934
12	70004728
12	70048572
12	70049134
12	70178596
12	70189005
12	70321505
12	70345945
12	70704743
12	70747846
12	70913821
12	70915289
12	70928646
12	70931937
12	71078009
12	72022757
12	72057261
12	72092801
12	72266756
12	72278745
12	72335435
12	72893288
12	72969270
12	73057468
12	74934854
12	75601557
12	75601559
12	75698655
12	75723615
12	75728645
12	75756927
12	75804248
12	75892485
12	76423374
12	76424722
12	76424987
12	76740023
12	76740982
12	76741164
12	76747680
12	76881354
12	77236748
12	77247143
12	77421887
12	78400883
12	78444669
12	78515954
12	78573389
12	78606480
12	80647269
12	80660334
12	81112737
12	81113003
12	81239553
12	81242050
12	81647341
12	81741458
12	82070611
12	83250866
12	83251095
12	83251307
12	83444681
12	83527875
12	85413436
12	85441248
12	85517860
12	85695013
12	88465566
12	88500516
12	88590200
12	88889338
12	88890755
12	89864273
12	89917836
12	90036107
12	91347015
12	91347827
12	91358064
12	91358066
12	91371968
12	93101650
12	93172929
12	93246769
12	93803260
12	93966526
12	93966755
12	93969663
12	94654497
12	94654574
12	94658864
12	94691182
12	94706687
12	94761694
12	94763762
12	95228729
12	95416068
12	95456328
12	95475202
12	95546700
12	95602874
12	95603339
12	95668567
12	95676342
12	96063872
12	96104286
12	96252782
12	96254994
12	96379745
12	96412981
12	96673587
12	96927987
12	97051746
12	97078894
12	97093852
12	97303586
12	97337531
12	97339553
12	98926781
12	98926892
12	98941380
12	98989617
12	98995270
12	99074114
12	100175845
12	100489556
12	100491227
12	101012343
12	101673902
12	101679357
12	101738519
12	101748847
12	101766718
12	101779445
12	101871379
12	101871380
12	101880386
12	101988852
12	102074147
12	102153826
12	102155486
12	102315136
12	102506007
12	103234268
12	103700060
12	104014250
12	104123899
12	104157277
12	104238408
12	104308844
12	104350485
12	104383344
12	104512159
12	104697795
12	105501617
12	105519850
12	105562851
12	105568109
12	106532232
12	106632969
12	106633022
12	106708135
12	106729527
12	106740125
12	106821043
12	107371363
12	107712595
12	108004119
12	108135039
12	108170335
12	108643598
12	108686465
12	108917182
12	108917376
12	108954576
12	108985371
12	109182253
12	109196145
12	109306137
12	109371199
12	109494509
12	109614009
12	109617033
12	109631466
12	109637249
12	109644621
12	109679047
12	109698350
12	109723315
12	109839054
12	109880027
12	109962289
12	110205992
12	110221124
12	110232146
12	110376264
12	110456154
12	110476498
12	110783187
12	110784878
12	110943470
12	111158001
12	111162475
12	111168494
12	111168497
12	111311698
12	111772396
12	111800512
12	111926439
12	112082274
12	112093395
12	112130543
12	112186254
12	112221090
12	112223105
12	112235951
12	112318262
12	112492222
12	112492278
12	112525560
12	112528567
12	112589927
12	112591005
12	112610509
12	112617013
12	112620903
12	112621040
12	112674861
12	112708257
12	112915759
12	113307801
12	113314563
12	113328703
12	113334670
12	113349012
12	113399045
12	113405849
12	113407466
12	113447170
12	113496126
12	113545967
12	113573436
12	113624538
12	113624665
12	113704029
12	113722554
12	113823073
12	113830754
12	113836553
12	113905966
12	113907047
12	113909286
12	114282529
12	114395755
12	114792464
12	114804065
12	116420386
12	116446400
12	116446480
12	117157611
12	117426564
12	117448164
12	117672544
12	117768664
12	118112118
12	118198851
12	118405999
12	118457534
12	118469112
12	118508874
12	118582466
12	119583263
12	119617033
12	119773053
12	120139663
12	120139714
12	120156140
12	120159225
12	120241012
12	120241096
12	120427867
12	120518737
12	120541698
12	120569801
12	120576603
12	120580369
12	120582632
12	120591020
12	120611501
12	120648602
12	120649863
12	120650336
12	120653849
12	120654285
12	120779837
12	120780243
12	120954562
12	120990340
12	121014523
12	121018942
12	121135313
12	121138091
12	121151082
12	121174801
12	121434357
12	121434479
12	121437178
12	121671628
12	121682385
12	121735349
12	121746302
12	121756112
12	121758217
12	121790059
12	122107244
12	122218787
12	122248515
12	122257350
12	122261352
12	122498731
12	122499025
12	122499558
12	122611844
12	122618295
12	122622023
12	122623454
12	122627266
12	122684780
12	122745974
12	122803892
12	122839750
12	122861952
12	122964852
12	122992995
12	123060399
12	123064495
12	123103082
12	123186945
12	123200399
12	123201029
12	123201100
12	123214748
12	123343387
12	123351173
12	123425388
12	123460820
12	123473345
12	123477098
12	123485379
12	123650004
12	123818741
12	123893220
12	123893628
12	123900319
12	123915183
12	124118153
12	124144599
12	124155802
12	124155835
12	124330649
12	124343726
12	124387523
12	124416494
12	124421366
12	124421691
12	124421941
12	124798860
12	124819761
12	125270953
12	125298947
12	125299634
12	125437059
12	125437073
12	125438467
12	125441404
12	125465101
12	125465140
12	125550167
12	126135424
12	127229699
12	128899607
12	128899623
12	128899800
12	129190077
12	129283935
12	129563089
12	129569312
12	130185212
12	130520864
12	130648774
12	130649118
12	131275470
12	131484942
12	131484945
12	131561377
12	131602980
12	131620589
12	132210057
12	132212884
12	132325291
12	132334553
12	132400650
12	132416670
12	132446294
12	132479494
12	132502187
12	132510275
12	132512580
12	132512696
12	132554070
12	132589441
12	132611308
12	132632289
12	132636115
12	133198519
12	133225894
12	133226375
12	133272588
12	133349754
12	133350796
12	133360798
12	133393254
12	133435810
12	133446291
13	20041368
13	20221245
13	20233138
13	20567259
13	20567562
13	20625721
13	21013859
13	21175918
13	21555753
13	21557825
13	21965960
13	22077172
13	22088519
13	23903795
13	23905824
13	23910193
13	23912414
13	23912435
13	23913375
13	23928807
13	24167532
13	24520680
13	24797764
13	25044127
13	25068776
13	25077869
13	25168440
13	25262646
13	25265212
13	25266597
13	25399910
13	25457431
13	25479646
13	25743208
13	25840006
13	25901578
13	26117495
13	26620663
13	26620787
13	26789444
13	26970432
13	27250712
13	28124494
13	28498407
13	28536718
13	28602409
13	28623855
13	28752064
13	28877452
13	28896965
13	28964127
13	29001393
13	29005342
13	29278236
13	29599813
13	29600863
13	30059389
13	30077421
13	30087643
13	30088427
13	31195939
13	31725869
13	31821195
13	32376916
13	32527459
13	32753874
13	32768415
13	32813417
13	32823661
13	32869497
13	32886072
13	32893395
13	32906524
13	32910455
13	32932016
13	32945232
13	32975874
13	33110998
13	33320152
13	33332697
13	33344420
13	33351852
13	33351895
13	33686961
13	33703970
13	35785247
13	36048611
13	36049842
13	36049902
13	36049993
13	36241532
13	36245447
13	36246559
13	36428661
13	36744690
13	36871824
13	36878666
13	37006220
13	37679617
13	37679704
13	38143511
13	39264792
13	39450182
13	39550918
13	39587233
13	39587538
13	39588451
13	39591659
13	39600514
13	39616257
13	40175362
13	40297527
13	41133945
13	41382666
13	41768069
13	41768508
13	42457608
13	42739517
13	42769086
13	42830626
13	42877078
13	42882630
13	43155353
13	43500526
13	43543229
13	43930073
13	45008293
13	45601944
13	45827047
13	46039188
13	46287503
13	46585630
13	46716530
13	46721215
13	46726927
13	47409565
13	48528586
13	49086905
13	49281278
13	49765370
13	49848447
13	49848451
13	49906197
13	50307150
13	50502204
13	50587432
13	50589338
13	50656645
13	51825629
13	51855324
13	51936011
13	51936937
13	51948362
13	52343359
13	52508724
13	52508993
13	52535975
13	52593256
13	52952578
13	52952646
13	53000136
13	53013282
13	53039850
13	53048097
13	53216704
13	53233345
13	53313783
13	53418910
13	53422349
13	58207145
13	61041373
13	61084038
13	61987271
13	61987326
13	66879148
13	67799480
13	67799586
13	67801776
13	67802261
13	67802273
13	70293540
13	70456576
13	72012203
13	72013067
13	72014475
13	73301678
13	73348187
13	74339114
13	74420054
13	74420388
13	74420504
13	75873667
13	75900337
13	75936609
13	76055600
13	76393572
13	76432000
13	77459513
13	77581575
13	77641734
13	77641877
13	77718581
13	77835390
13	78167699
13	78184182
13	79175052
13	79175654
13	79176625
13	79939763
13	79943021
13	84452368
13	84453038
13	86368171
13	86368714
13	86370011
13	88327879
13	92003076
13	92051190
13	92380819
13	94482461
13	95114264
13	95363375
13	95673741
13	95696042
13	95696680
13	95818598
13	96251620
13	96375570
13	97639665
13	98043614
13	98044029
13	98116651
13	98622079
13	98675355
13	98829328
13	98829397
13	98865621
13	98996120
13	99092263
13	99098373
13	99336944
13	99361020
13	99371514
13	99445752
13	99452726
13	99481737
13	99538086
13	100020133
13	100038172
13	100154004
13	100207823
13	100425221
13	100637669
13	100638766
13	101180005
13	101182422
13	101257377
13	101936337
13	101997772
13	102105163
13	102227839
13	102368042
13	102378991
13	103275299
13	103346804
13	103383698
13	103384187
13	103384212
13	103388225
13	103395507
13	103422455
13	103446134
13	103459886
13	103460010
13	103493622
13	103493642
13	103504537
13	103518186
13	103527842
13	103543704
13	103701788
13	107142099
13	107144431
13	107165076
13	108862300
13	108886248
13	108955826
13	109318421
13	109475478
13	109535519
13	109753132
13	109792717
13	110802790
13	110831702
13	110833701
13	110838758
13	111084679
13	111109718
13	111114459
13	111154043
13	111176093
13	111353820
13	111532090
13	111935593
13	112723289
13	112723624
13	113140262
13	113174225
13	113202008
13	113333654
13	113485741
13	113512199
13	113538105
13	113563575
13	113801746
13	113819371
13	113834356
13	113835515
13	113851516
13	113897452
13	113965155
13	114077073
13	114188360
13	114265370
13	114312398
13	114321993
13	114435952
13	114526348
13	114531574
13	114535667
13	114538574
13	114795340
13	115004821
13	115007620
13	115010411
13	115012462
13	115048310
13	115070987
13	115090496
14	19377708
14	19378044
14	20216252
14	20665951
14	20691912
14	20763491
14	20823953
14	20841465
14	20844356
14	20846974
14	20869193
14	20928451
14	20940465
14	20940493
14	21024633
14	21168595
14	21360295
14	21499202
14	21500155
14	21511581
14	21512297
14	21542874
14	21544606
14	21557544
14	21561009
14	21793498
14	21796665
14	21829315
14	21833054
14	21873570
14	21896109
14	21971625
14	21971935
14	21990068
14	21991027
14	21991651
14	21992025
14	22102755
14	22111132
14	22180562
14	22205237
14	22217930
14	22280008
14	22321093
14	22356495
14	22434022
14	22446860
14	22580839
14	22748988
14	22789076
14	22887824
14	22975685
14	22987825
14	23072474
14	23249213
14	23313665
14	23315758
14	23316011
14	23374630
14	23393534
14	23444202
14	23518392
14	23522780
14	23523371
14	23523507
14	23540637
14	23548764
14	23595102
14	23596036
14	23596362
14	23744607
14	23779480
14	23790607
14	23816794
14	23829376
14	23848682
14	23859339
14	23886786
14	23889162
14	23899831
14	23945242
14	23991414
14	23991874
14	23994465
14	23996062
14	24002942
14	24003035
14	24003624
14	24033293
14	24035132
14	24035442
14	24038018
14	24040146
14	24458260
14	24524909
14	24525903
14	24528891
14	24551977
14	24566196
14	24592742
14	24601570
14	24621007
14	24621146
14	24633931
14	24647370
14	24647870
14	24648302
14	24648800
14	24650973
14	24651570
14	24659466
14	24718444
14	24735982
14	24737816
14	24738292
14	24738716
14	24760190
14	24760198
14	24761474
14	24771525
14	24779943
14	24786348
14	24806556
14	24838756
14	24845938
14	24880646
14	24884776
14	24884855
14	24887378
14	24901784
14	24910914
14	24976580
14	26915289
14	26915817
14	26949271
14	29236475
14	30045806
14	30066946
14	31077226
14	31139461
14	31353754
14	31354713
14	31359721
14	31382737
14	31569492
14	31569949
14	31819102
14	31819907
14	32561781
14	32563410
14	32625349
14	32625702
14	33016145
14	33201873
14	33204972
14	34269430
14	34400382
14	34993974
14	35222380
14	35222393
14	35331470
14	35564374
14	35568499
14	35871259
14	36005955
14	36128362
14	36340640
14	38059571
14	38306698
14	38679952
14	38680064
14	38680793
14	38681477
14	38724144
14	38724331
14	38725509
14	39304785
14	39645301
14	39815105
14	39871039
14	45375802
14	45393833
14	45400711
14	45432386
14	45433163
14	45464960
14	45475266
14	45495055
14	45497441
14	45540952
14	45542566
14	45542610
14	45576667
14	45636363
14	45686276
14	47120725
14	50044303
14	50088554
14	50295409
14	50472598
14	50472617
14	50558284
14	50792367
14	50807867
14	50889885
14	51192708
14	51194418
14	51378756
14	51443983
14	51716227
14	51956033
14	52194621
14	52458066
14	52458130
14	52493965
14	52494062
14	52526996
14	52734856
14	52781978
14	52906064
14	52937385
14	53113114
14	53245045
14	53345361
14	54996890
14	55408402
14	55494080
14	55529937
14	55646357
14	55834759
14	55862674
14	55903315
14	56233337
14	57101670
14	57673535
14	57713445
14	57876595
14	57876640
14	58030961
14	58036520
14	58666993
14	58831386
14	58954644
14	58956949
14	58958954
14	59113033
14	59113696
14	59798593
14	59930552
14	60070630
14	60097310
14	60193818
14	60213087
14	60397652
14	60524740
14	60616839
14	60749991
14	60977871
14	61180541
14	61446256
14	61789177
14	62017212
14	62233990
14	63174691
14	63175098
14	63747804
14	64151472
14	64152975
14	64408481
14	64468675
14	64496618
14	64519916
14	64542583
14	64548296
14	64554540
14	64599121
14	64628983
14	64681074
14	64685122
14	64694346
14	64877842
14	64935745
14	64939747
14	64939993
14	64940049
14	64957120
14	64991267
14	65194394
14	65196977
14	65213467
14	65259780
14	65259858
14	65260113
14	65289699
14	65412634
14	65438772
14	65482384
14	65542463
14	65550908
14	65560472
14	66200096
14	67291197
14	67490383
14	67589014
14	67759371
14	67843242
14	68029537
14	68054280
14	68117595
14	68117837
14	68156943
14	68189337
14	68213578
14	68214492
14	68250080
14	68282594
14	68282636
14	68282688
14	68353818
14	69347708
14	69387736
14	69542099
14	69619676
14	69702803
14	69847271
14	69925618
14	69967293
14	69967304
14	70238687
14	70243073
14	70420205
14	70459177
14	70517727
14	70633800
14	70634445
14	70714182
14	70924958
14	70990047
14	71199393
14	71413672
14	71462514
14	71575647
14	72117051
14	72139260
14	72172022
14	72431577
14	72818851
14	73006796
14	73137133
14	73137156
14	73407053
14	73409718
14	73441522
14	73444681
14	73586597
14	73739200
14	73746114
14	73749193
14	73960040
14	73989082
14	74036458
14	74062212
14	74180338
14	74186150
14	74426175
14	74531397
14	74531956
14	74755451
14	74757182
14	74953066
14	74953073
14	74969968
14	74999173
14	75052597
14	75138176
14	75245350
14	75247154
14	75282931
14	75320788
14	75348694
14	75376415
14	75376713
14	75378006
14	75413603
14	75483800
14	75570543
14	75746433
14	76012928
14	76090982
14	76129426
14	76668823
14	76948407
14	77275810
14	77302651
14	77323781
14	77490942
14	77494468
14	77580031
14	77580248
14	77605633
14	77786916
14	77812792
14	77900254
14	77915643
14	77935424
14	77942202
14	77945022
14	78043141
14	78142152
14	78184791
14	78353468
14	78365583
14	78399617
14	80328181
14	80664736
14	80666277
14	80669423
14	80971293
14	81329168
14	81422148
14	81609860
14	81945992
14	81958890
14	81964236
14	81969119
14	86089489
14	86089930
14	86091617
14	88442730
14	88652432
14	88792859
14	88904793
14	88934354
14	89042187
14	89076110
14	89079204
14	89093317
14	89336467
14	89623417
14	89623804
14	89878567
14	90420346
14	90455406
14	90650645
14	90736635
14	90770405
14	90873451
14	91142997
14	91338252
14	91340091
14	91360622
14	91636351
14	91770220
14	91776201
14	91924162
14	92126320
14	92413053
14	92488114
14	93118762
14	93125546
14	93178286
14	93182487
14	93648700
14	93681308
14	93708894
14	93760456
14	93963580
14	94004547
14	94007064
14	94007146
14	94423223
14	94521443
14	94563185
14	94716506
14	94746030
14	94756683
14	94772442
14	94780408
14	94780939
14	94845621
14	94849242
14	94933485
14	95029955
14	95030053
14	95057177
14	95057200
14	95107668
14	95109888
14	95556282
14	95557691
14	95570042
14	95670015
14	95690186
14	95903273
14	96010465
14	96010617
14	96138477
14	96152826
14	96671200
14	96730576
14	96730991
14	96773104
14	96777461
14	96781518
14	96800128
14	96852636
14	96944986
14	96953283
14	96968856
14	97319219
14	99635670
14	99635710
14	99640617
14	99642452
14	99724171
14	99866575
14	99988578
14	100166358
14	100188333
14	100193362
14	100576083
14	100741066
14	100800522
14	100808756
14	100847776
14	101005370
14	101138228
14	101200827
14	101201128
14	101348295
14	101349519
14	101435286
14	101447383
14	101448320
14	101455510
14	101521758
14	102026701
14	102349810
14	102372826
14	102384195
14	102449754
14	102473367
14	102476626
14	102493589
14	102508990
14	102510630
14	102692559
14	102900642
14	102963976
14	103180908
14	103192809
14	103193120
14	103196742
14	103418855
14	103420604
14	103592819
14	103969806
14	104038069
14	104120997
14	104128483
14	104173392
14	104206916
14	104219414
14	104380208
14	104431859
14	104508509
14	104515948
14	104561972
14	104639573
14	104642009
14	105056047
14	105071060
14	105177297
14	105180667
14	105213329
14	105270849
14	105353534
14	105394135
14	105405454
14	105405775
14	105405868
14	105405874
14	105406744
14	105407799
14	105408660
14	105415929
14	105417831
14	105421862
14	105421951
14	105452781
14	105608310
14	105639380
14	105639582
14	105684000
14	105716370
14	105722589
14	105834446
14	105836237
14	105848328
14	105849171
14	105878077
14	105915739
14	105946078
14	105962399
14	105996367
14	106053562
14	106322324
14	106437815
14	106478499
14	106641605
14	106667776
14	106725468
14	106780946
14	106815891
14	106845488
14	106866468
14	107012980
14	107083429
15	20740055
15	20740233
15	21071237
15	22383514
15	22711699
15	22742701
15	22742755
15	22742954
15	22743150
15	22853700
15	23034331
15	23259273
15	23261934
15	23261968
15	23308641
15	23311381
15	23311823
15	23410712
15	23412229
15	23412268
15	23438980
15	23686017
15	23686757
15	23692254
15	23811424
15	23890248
15	23890722
15	23931527
15	24924971
15	25315649
15	25349710
15	25451220
15	25463693
15	25514826
15	25616319
15	25924857
15	25959080
15	25959184
15	25959203
15	25963403
15	26026304
15	26791499
15	26793109
15	27182376
15	27193173
15	27571957
15	27572043
15	27777902
15	28195686
15	28361934
15	28441639
15	28451476
15	28458987
15	28493731
15	28510878
15	28519437
15	28929514
15	29561630
15	30012054
15	30377070
15	30488290
15	31196906
15	31221599
15	31266517
15	31283674
15	31318364
15	31318395
15	31339453
15	31358295
15	31359298
15	31664507
15	31666893
15	31668792
15	31795974
15	31818589
15	32908450
15	32928202
15	32929697
15	32935881
15	33066359
15	33357036
15	33443522
15	33855186
15	34014993
15	34080561
15	34093023
15	34160025
15	34396412
15	34396568
15	34525932
15	34532865
15	34537922
15	34537950
15	34819459
15	34819630
15	35044912
15	35163007
15	35163101
15	35166966
15	35222547
15	35240529
15	35529830
15	35529988
15	37183715
15	37376058
15	39545614
15	39545799
15	39876247
15	40328617
15	40558094
15	40564564
15	40564839
15	40581045
15	40594729
15	40626517
15	40659532
15	40661142
15	40661254
15	40661930
15	40861777
15	40865839
15	40865851
15	40898619
15	40939192
15	40943763
15	41023275
15	41064574
15	41067760
15	41145946
15	41146084
15	41192199
15	41223934
15	41379813
15	41523516
15	41573868
15	41574023
15	41796278
15	41796431
15	41829272
15	41962027
15	41988780
15	42041077
15	42041432
15	42042740
15	42105230
15	42108791
15	42111562
15	42115678
15	42127066
15	42137491
15	42143086
15	42149680
15	42152853
15	42158371
15	42162188
15	42162644
15	42162698
15	42164116
15	42166174
15	42167791
15	42193226
15	42201979
15	42292152
15	42362180
15	42362996
15	42364576
15	42373259
15	42433501
15	42436705
15	42439504
15	42453029
15	42479523
15	42503107
15	42529807
15	42565693
15	42645363
15	42689038
15	42710151
15	42823801
15	42983504
15	42983618
15	42985435
15	42985464
15	42986179
15	43023179
15	43026519
15	43086931
15	43317036
15	43427791
15	43476862
15	43494134
15	43531245
15	43531436
15	43585733
15	43620966
15	43644005
15	43762245
15	43815485
15	43815540
15	43819761
15	43820231
15	43873474
15	43896334
15	43910163
15	43931177
15	43988447
15	43991368
15	44067507
15	44089406
15	44093982
15	44097380
15	44109472
15	44158443
15	44705802
15	44707433
15	44818975
15	44854109
15	44900698
15	44918589
15	44951486
15	44965447
15	45007619
15	45391619
15	45392044
15	45405226
15	45426508
15	45430146
15	45454531
15	45457629
15	45470495
15	45660379
15	45694675
15	45713259
15	45777492
15	45879699
15	45898790
15	48064277
15	48446055
15	48495266
15	48512918
15	48703182
15	48777572
15	48791215
15	48818430
15	49030558
15	49030885
15	49080997
15	49089571
15	49254825
15	49426535
15	49833877
15	49924360
15	50534665
15	50534894
15	50555514
15	50782646
15	50836843
15	50853082
15	50978781
15	51696741
15	51828593
15	52011700
15	52258409
15	52338605
15	52338817
15	52529767
15	52605659
15	52611489
15	52681550
15	54008812
15	54307271
15	54308006
15	54793153
15	54919893
15	55484956
15	55497729
15	55621933
15	55759167
15	55921055
15	56142896
15	56152718
15	56207923
15	56387255
15	56388584
15	56388815
15	56739123
15	56958990
15	57017134
15	57526293
15	57543557
15	57730994
15	57754033
15	58861068
15	59186077
15	59373348
15	59387465
15	59499755
15	59516954
15	59528805
15	59970286
15	60641395
15	60674636
15	62199539
15	62292766
15	62352598
15	62361279
15	62538741
15	62994291
15	63000822
15	63102194
15	63125570
15	63133036
15	63363941
15	63419174
15	63618341
15	63632566
15	63632576
15	63632951
15	63920918
15	64004976
15	64204368
15	64222629
15	64404780
15	64429091
15	64444922
15	64449140
15	64461281
15	64497148
15	64791774
15	64962602
15	64966793
15	64975659
15	64980213
15	64981303
15	65032250
15	65108860
15	65114564
15	65114768
15	65157817
15	65273234
15	65489732
15	65620452
15	65621476
15	65622117
15	65687531
15	65703629
15	65746661
15	65871868
15	65892206
15	65946174
15	66030072
15	66181448
15	66190230
15	66208537
15	66208609
15	66618174
15	66787688
15	66855873
15	66977770
15	67074276
15	67713689
15	67879199
15	68040908
15	68118484
15	68118820
15	68118955
15	68120056
15	68122590
15	68438977
15	68489875
15	68582650
15	69003166
15	69094215
15	69325584
15	69335083
15	69548267
15	69733193
15	70346879
15	70347554
15	70349897
15	70959693
15	71128749
15	71184265
15	71211428
15	71341896
15	71403626
15	71404532
15	71839624
15	71952993
15	72040765
15	72122636
15	72549755
15	72552843
15	72553946
15	72580897
15	72837257
15	73043818
15	73043910
15	73567053
15	73575331
15	73614054
15	73617766
15	73832844
15	73843330
15	73996795
15	74006615
15	74165979
15	74277094
15	74277758
15	74290644
15	74315559
15	74335622
15	74425130
15	74467873
15	74468457
15	74564121
15	74572325
15	74628598
15	74631024
15	74635410
15	74706921
15	74889340
15	74925070
15	75013205
15	75095409
15	75105358
15	75118027
15	75123414
15	75190501
15	75195005
15	75311653
15	75498639
15	75499362
15	75499715
15	75500694
15	75503134
15	75630713
15	75631614
15	75648954
15	75650598
15	75651508
15	75656527
15	75673974
15	75685054
15	75760281
15	75763075
15	75890578
15	75932543
15	75942824
15	75949351
15	75949483
15	75969438
15	75974969
15	75975083
15	75977842
15	75979652
15	75981287
15	75985524
15	76005062
15	76054645
15	76069731
15	76136524
15	76136778
15	76168529
15	76668598
15	76668635
15	76866528
15	77320930
15	77322907
15	77324759
15	77907134
15	77907301
15	78212153
15	78219129
15	78288017
15	78385039
15	78398067
15	78557109
15	78582370
15	78585614
15	78789654
15	78882750
15	78894082
15	78921787
15	78923410
15	79058074
15	79059829
15	79179646
15	79271432
15	79585921
15	79586848
15	80217079
15	80445461
15	80767363
15	80845015
15	80845045
15	80873672
15	81221382
15	81225614
15	81274368
15	81440900
15	81582861
15	81600945
15	81627074
15	81627147
15	83215891
15	83349877
15	83523432
15	83527889
15	83788357
15	83926591
15	84706459
15	85147481
15	85159665
15	85166342
15	85406784
15	85412055
15	85478390
15	86122464
15	86122673
15	86123454
15	86198869
15	86205662
15	86261307
15	86685259
15	86807717
15	87089363
15	88121798
15	88420078
15	88522049
15	88522062
15	88522365
15	89011225
15	89074068
15	89400819
15	89416157
15	89442582
15	89449002
15	89453095
15	89738730
15	89738792
15	89740303
15	89744464
15	89817508
15	89861788
15	89868703
15	89876604
15	90023630
15	90119188
15	90146113
15	90159708
15	90168283
15	90170259
15	90176388
15	90213286
15	90213444
15	90246326
15	90347807
15	90349661
15	90349766
15	90610679
15	90611775
15	90617506
15	90772762
15	90773666
15	90814724
15	90969411
15	91025233
15	91027561
15	91169153
15	91172657
15	91303496
15	91306210
15	91448932
15	91461557
15	91474591
15	91486232
15	91496981
15	91512307
15	91795747
15	91824975
15	91838357
15	92706046
15	93486250
15	93541845
15	94945717
15	96881306
15	98417506
15	98516820
15	99467765
15	99472851
15	99491893
15	99502611
15	99504142
15	99511831
15	99673343
15	99673376
15	99892599
15	100211760
15	100214636
15	100269606
15	100331307
15	100332580
15	100339971
15	100348342
15	100348390
15	100636577
15	101120516
15	101427917
15	101528856
15	101529455
15	101566236
15	101589953
15	101595224
15	102297548
16	133193
16	169169
16	277676
16	313281
16	337086
16	338190
16	347839
16	364636
16	396473
16	450365
16	460305
16	597855
16	614184
16	618556
16	626161
16	678854
16	684435
16	703417
16	705035
16	705247
16	707151
16	708553
16	721157
16	787518
16	847009
16	1033873
16	1252334
16	1254337
16	1256162
16	1261786
16	1265301
16	1279602
16	1364052
16	1374786
16	1400095
16	1402290
16	1417244
16	1476203
16	1484404
16	1497054
16	1498458
16	1510928
16	1536335
16	1544304
16	1547457
16	1551667
16	1560846
16	1570320
16	1652588
16	1675973
16	1691185
16	1706069
16	1749017
16	1819749
16	1831421
16	1888049
16	2002994
16	2024837
16	2025702
16	2025868
16	2028345
16	2131779
16	2142535
16	2149955
16	2159484
16	2159643
16	2159689
16	2163273
16	2165447
16	2166643
16	2215920
16	2224296
16	2225949
16	2258957
16	2279576
16	2282269
16	2282858
16	2284603
16	2339522
16	2378524
16	2474693
16	2495557
16	2512480
16	2546986
16	2569748
16	2569764
16	2578368
16	2652053
16	2652243
16	2652370
16	2653498
16	2712275
16	2712316
16	2758155
16	2764290
16	2816049
16	2820366
16	2822005
16	2825526
16	2834850
16	2867902
16	2880261
16	2906080
16	2908107
16	2908126
16	2946613
16	2983555
16	2988424
16	3025715
16	3042766
16	3064126
16	3064311
16	3065808
16	3074338
16	3077380
16	3105812
16	3142597
16	3187269
16	3191104
16	3199791
16	3293876
16	3304202
16	3339869
16	3350405
16	3351659
16	3361812
16	3434571
16	3486333
16	3487007
16	3536166
16	3544718
16	3583071
16	3594282
16	3599775
16	3613075
16	3613883
16	3614985
16	3631232
16	3632627
16	3639826
16	3641002
16	3646297
16	3647945
16	3658880
16	3706696
16	3790541
16	3807954
16	3820779
16	4015241
16	4015770
16	4015895
16	4039053
16	4164998
16	4165133
16	4242523
16	4307908
16	4405037
16	4415531
16	4487466
16	4511767
16	4524239
16	4625233
16	4641758
16	4702028
16	4738979
16	4740929
16	4837628
16	4924226
16	4924663
16	4933696
16	4935920
16	5058495
16	5123003
16	5141826
16	7382893
16	8862697
16	8900186
16	9017258
16	9210557
16	9892165
16	10626154
16	10721604
16	10729744
16	10855180
16	10861797
16	10911970
16	11001740
16	11114091
16	11369561
16	11410545
16	11569571
16	11647390
16	11650380
16	11771605
16	11852291
16	12060053
16	12145894
16	12798787
16	14014127
16	14029078
16	14041501
16	14234414
16	14693802
16	14940499
16	14970346
16	15204639
16	15219563
16	15490051
16	15675181
16	15695916
16	16162086
16	16180714
16	16208691
16	16248774
16	16259587
16	16284197
16	17201713
16	17201951
16	17294441
16	17352903
16	18532281
16	18812686
16	18817709
16	18840712
16	18847408
16	18848711
16	18864946
16	18896435
16	19089416
16	19129949
16	19132382
16	19309995
16	19452026
16	19481068
16	19547698
16	19548483
16	19651343
16	19725699
16	19725884
16	19725923
16	20043387
16	20043445
16	20327327
16	20357605
16	20396019
16	20429520
16	20748069
16	20792105
16	20797501
16	20844445
16	20935442
16	20944753
16	20948118
16	21098222
16	21123051
16	21151996
16	21222717
16	21328927
16	21475279
16	21716586
16	21854717
16	21964720
16	22000074
16	22103861
16	22122275
16	22269939
16	22376224
16	22587964
16	23072998
16	23076998
16	23078626
16	23080630
16	23091459
16	23478090
16	23478290
16	23536491
16	23541149
16	23581863
16	23647328
16	23669855
16	23706633
16	23711957
16	24202503
16	24581211
16	24581666
16	24801404
16	24801454
16	24802294
16	24835644
16	24835814
16	24837068
16	24942669
16	25232799
16	25268331
16	27078406
16	27231806
16	27231938
16	27459739
16	27475814
16	27500493
16	27751568
16	27777691
16	28112780
16	28167426
16	28167623
16	28332751
16	28507267
16	28507978
16	28513362
16	28550149
16	28843841
16	28846994
16	28895900
16	28922456
16	28950041
16	28993362
16	28997469
16	29115352
16	29127479
16	29469249
16	29677203
16	29678404
16	29708604
16	29791423
16	29821958
16	29824422
16	29853333
16	29855981
16	29883785
16	29888128
16	29897009
16	29974732
16	30005329
16	30064735
16	30075067
16	30077077
16	30094065
16	30097612
16	30102553
16	30128321
16	30196696
16	30205967
16	30346530
16	30369327
16	30376295
16	30376882
16	30393625
16	30408979
16	30409704
16	30500644
16	30537297
16	30543865
16	30616048
16	30621317
16	30676648
16	30677841
16	30712036
16	30712046
16	30732162
16	30735663
16	30748534
16	30751187
16	30768607
16	30771682
16	30776339
16	30777709
16	30793793
16	30794598
16	30972819
16	30976395
16	30995425
16	30998265
16	31050874
16	31087808
16	31090627
16	31092670
16	31096333
16	31143600
16	31144228
16	31150473
16	31336833
16	31368414
16	31371089
16	31371370
16	31392288
16	31393780
16	31422132
16	31424431
16	31473463
16	31478031
16	32265016
16	33020694
16	46633866
16	46737724
16	46761236
16	46771754
16	46960868
16	46964553
16	47294523
16	47294594
16	47294599
16	47484344
16	48117946
16	48180236
16	48381454
16	48381585
16	48395912
16	48576997
16	49525060
16	49670350
16	49672261
16	50257092
16	50327413
16	50349275
16	50353883
16	50355929
16	50583390
16	50701849
16	50701948
16	50707324
16	50707326
16	50733574
16	50741778
16	50744933
16	50745040
16	50828337
16	50833550
16	51171068
16	53256631
16	53279268
16	53307642
16	53320174
16	53326826
16	53330988
16	53337691
16	53337905
16	53355510
16	53358711
16	53403296
16	53913854
16	53967967
16	54319486
16	54967999
16	55539268
16	55706001
16	55909180
16	56309867
16	56395641
16	56397855
16	56508751
16	56623876
16	56624846
16	56660577
16	56660739
16	56669778
16	56716389
16	56865836
16	56868679
16	56900997
16	56977746
16	57009028
16	57054831
16	57153494
16	57250857
16	57292387
16	57292469
16	57416116
16	57508751
16	57546708
16	57559944
16	57601836
16	57608932
16	57609447
16	57694705
16	57741526
16	57771159
16	57850253
16	57937751
16	57993886
16	57996469
16	58019433
16	58043985
16	58071439
16	58079028
16	58149274
16	58542908
16	58562426
16	58589266
16	58710237
16	58741766
16	61935358
16	65026834
16	65388185
16	66413358
16	66600771
16	66642211
16	66762131
16	66762967
16	66806492
16	66974143
16	66976084
16	66976560
16	66977807
16	66997748
16	67006837
16	67038770
16	67181586
16	67183524
16	67196932
16	67197642
16	67201793
16	67234351
16	67235978
16	67236397
16	67241486
16	67244361
16	67264548
16	67265958
16	67271013
16	67286478
16	67291504
16	67314107
16	67315726
16	67319038
16	67319078
16	67320649
16	67323498
16	67399212
16	67409297
16	67440167
16	67472499
16	67580276
16	67662309
16	67662450
16	67680113
16	67680198
16	67693166
16	67696124
16	67700900
16	67702345
16	67778300
16	67911219
16	67917426
16	67962407
16	67962830
16	67963872
16	67965100
16	67970127
16	67980080
16	67986119
16	68009756
16	68024803
16	68057733
16	68112795
16	68156778
16	68260325
16	68260340
16	68263325
16	68335113
16	68371362
16	68387411
16	68597748
16	68597801
16	68598598
16	68721621
16	68729737
16	69148790
16	69170655
16	69355105
16	69364797
16	69368627
16	69727250
16	69733521
16	69737338
16	69738546
16	69783239
16	69905834
16	69969834
16	69975419
16	70016601
16	70220405
16	70253848
16	70299501
16	70398928
16	70404173
16	70405334
16	70516012
16	70530311
16	70562885
16	70599174
16	70599381
16	70602993
16	70732624
16	70789962
16	70913201
16	70998683
16	71096189
16	71316708
16	71319780
16	71482345
16	71681812
16	71682834
16	71683074
16	71823195
16	71884106
16	71913903
16	71981404
16	72007264
16	72013769
16	72094646
16	72131640
16	72137020
16	72139957
16	72166892
16	72827998
16	72831415
16	72991671
16	72992165
16	72993469
16	74394701
16	74425334
16	74487207
16	74666517
16	74927684
16	75204143
16	75256698
16	75256713
16	75263719
16	75276878
16	75429073
16	75513514
16	75562997
16	75664354
16	77228577
16	77233205
16	77242392
16	77317548
16	77359801
16	77389955
16	77396021
16	79629576
16	80584503
16	80718872
16	81199514
16	81201604
16	81208196
16	81253827
16	81293353
16	81411019
16	81730195
16	81744727
16	81745284
16	81934350
16	81942161
16	82033522
16	82131941
16	82182320
16	83065760
16	83214523
16	83940624
16	83999202
16	84031895
16	84034383
16	84070376
16	84124515
16	84163916
16	84164803
16	84179038
16	84205930
16	84209759
16	84216701
16	84218573
16	84256144
16	84360525
16	84442039
16	84495418
16	84520617
16	84529348
16	84600484
16	84600496
16	84690549
16	84691272
16	84779259
16	84796595
16	84796612
16	84872131
16	84900576
16	85691125
16	85709547
16	85709613
16	85721073
16	85832910
16	85952037
16	86371132
16	86544518
16	86602509
16	86614033
16	86614323
16	86614644
16	87364865
16	87369805
16	87445295
16	87454260
16	87717813
16	87731754
16	87734286
16	87866387
16	87866495
16	87868159
16	87970027
16	88037940
16	88052187
16	88494852
16	88497773
16	88499143
16	88499961
16	88500121
16	88594640
16	88599111
16	88643735
16	88697631
16	88697857
16	88705395
16	88706370
16	88718929
16	88719791
16	88719800
16	88763804
16	88781109
16	88781486
16	88781689
16	88783556
16	88793144
16	88793318
16	88802764
16	88804326
16	88871902
16	88873078
16	88928072
16	88932277
16	88932291
16	88942051
16	89167286
16	89169163
16	89253919
16	89253964
16	89294920
16	89337335
16	89346881
16	89347191
16	89347328
16	89348368
16	89350154
16	89357045
16	89592837
16	89598892
16	89603269
16	89735866
16	89756996
16	89761110
16	89762164
16	89763083
16	89783923
16	89784560
16	89785506
16	89804374
16	89811382
16	89836272
16	89871763
16	89882302
16	89921048
16	89986302
16	89986724
16	89999886
16	90015898
16	90032524
16	90036789
16	90038839
16	90050947
16	90057271
16	90072537
16	90072580
16	90072581
16	90075306
16	90106809
16	90106821
16	90113371
17	171111
17	292950
17	422448
17	648804
17	650582
17	673729
17	726925
17	900528
17	915085
17	916006
17	986860
17	1003947
17	1264519
17	1326543
17	1367907
17	1368631
17	1395848
17	1400072
17	1421871
17	1423648
17	1551144
17	1551671
17	1554589
17	1578575
17	1579070
17	1582420
17	1582683
17	1584869
17	1586862
17	1629094
17	1629501
17	1635754
17	1637328
17	1650432
17	1657767
17	1686714
17	1802403
17	1961717
17	2186113
17	2238925
17	2238963
17	2266378
17	2323565
17	2595681
17	2601671
17	2868938
17	2995965
17	2996066
17	3195051
17	3419803
17	3431413
17	3494319
17	3514061
17	3573036
17	3575685
17	3599311
17	3599334
17	3651260
17	3662749
17	3801326
17	3844598
17	3910212
17	3954219
17	3967773
17	4067518
17	4067708
17	4075969
17	4109777
17	4113183
17	4175223
17	4434374
17	4445956
17	4461433
17	4514126
17	4644299
17	4645098
17	4647111
17	4689619
17	4700864
17	4713295
17	4792998
17	4794892
17	4795754
17	4796728
17	4800966
17	4803309
17	4804502
17	4836580
17	4838080
17	4842420
17	4851727
17	4859436
17	4871055
17	4880406
17	4923352
17	4927008
17	4927629
17	4936416
17	4997203
17	5009144
17	5042709
17	5066275
17	5073990
17	5076915
17	5085710
17	5086932
17	5253924
17	5264566
17	5298218
17	5336669
17	5353607
17	5392818
17	5393213
17	5463073
17	5984132
17	6348714
17	6483125
17	6524110
17	6526298
17	6544515
17	6555686
17	6556364
17	6599045
17	6659215
17	6676619
17	6683187
17	6909820
17	6927547
17	6941657
17	6941768
17	6941895
17	7097176
17	7106814
17	7128394
17	7157972
17	7187306
17	7187347
17	7189140
17	7189154
17	7227182
17	7227571
17	7246696
17	7250140
17	7252350
17	7256519
17	7256614
17	7287058
17	7288068
17	7290392
17	7292416
17	7293016
17	7293384
17	7317980
17	7319289
17	7322151
17	7324671
17	7329693
17	7329884
17	7330445
17	7330671
17	7365179
17	7366481
17	7369236
17	7369365
17	7399280
17	7400189
17	7400255
17	7464040
17	7480151
17	7483009
17	7493001
17	7494742
17	7494761
17	7534969
17	7612573
17	7748949
17	7793092
17	7800505
17	7814281
17	7851480
17	7910376
17	7915651
17	7915820
17	7918724
17	7918752
17	7919533
17	7976178
17	7982714
17	8049913
17	8062730
17	8077540
17	8139508
17	8139653
17	8140803
17	8157326
17	8197944
17	8218882
17	8272922
17	8339336
17	8350213
17	8354154
17	8390866
17	8508290
17	8644968
17	8656514
17	8731475
17	8788023
17	8794059
17	9676103
17	9819899
17	9821415
17	9829959
17	9923157
17	10399440
17	10411730
17	10542699
17	11462140
17	11520733
17	11711202
17	11772564
17	11774927
17	11872906
17	11886677
17	12046738
17	12569389
17	12647634
17	12666801
17	12888071
17	12894813
17	13400043
17	13980192
17	14110425
17	14110506
17	15522747
17	15952286
17	16203218
17	16338251
17	16344502
17	16347002
17	16664981
17	16703450
17	16725441
17	16842879
17	16852262
17	17046982
17	17120382
17	17129570
17	17398770
17	17399473
17	17412750
17	17415894
17	17697184
17	17697584
17	17700589
17	17750810
17	17942196
17	17970856
17	17991319
17	18022327
17	18058052
17	18058055
17	18075012
17	18082488
17	18110248
17	18141917
17	18144813
17	18145266
17	18149122
17	18150329
17	18166058
17	18167568
17	18221223
17	18232075
17	18238962
17	18392298
17	18430153
17	18566277
17	18653134
17	18671985
17	18678478
17	18682235
17	18874729
17	18918368
17	19237569
17	19246801
17	19284394
17	19290385
17	19611730
17	19618094
17	19618514
17	19645410
17	19861661
17	20108962
17	20109000
17	20217318
17	20805604
17	20914463
17	20914545
17	21094326
17	21215594
17	21217860
17	21218111
17	21318856
17	21318917
17	21318940
17	21322348
17	21476558
17	21477502
17	21909478
17	22024439
17	25628904
17	25748783
17	25750996
17	25757035
17	26521709
17	26554515
17	26574970
17	26652593
17	26708365
17	26732463
17	26818541
17	26818552
17	26856128
17	26864568
17	26881163
17	26911184
17	26912135
17	26945825
17	26947619
17	26965422
17	26965637
17	27001579
17	27002081
17	27014156
17	27014327
17	27028075
17	27031228
17	27049692
17	27061025
17	27064862
17	27065712
17	27068251
17	27083272
17	27085980
17	27380136
17	27442719
17	27449249
17	27493674
17	27822656
17	27825348
17	27849481
17	27871175
17	27909021
17	27936216
17	27958453
17	28383103
17	28505147
17	28508034
17	28576142
17	28614898
17	28782433
17	28788265
17	28793959
17	28886500
17	28890427
17	29182304
17	29527606
17	29631356
17	29677202
17	29683477
17	29684293
17	29844736
17	30303578
17	30666861
17	30697093
17	30796051
17	30807651
17	30816658
17	30817657
17	32908040
17	32908142
17	32962045
17	33491087
17	33504040
17	33510445
17	33585887
17	33591212
17	33592648
17	33687262
17	33690332
17	33749082
17	33769127
17	33772166
17	33849778
17	33884378
17	33935305
17	33968957
17	34070115
17	34072132
17	34079868
17	34173947
17	34186040
17	34190054
17	34192335
17	34235835
17	34257657
17	34391734
17	34416586
17	34493452
17	34493542
17	34625631
17	34797525
17	34862324
17	34894095
17	34923614
17	34955428
17	35295582
17	35298041
17	35299592
17	35443797
17	35538144
17	35549128
17	35822221
17	35902293
17	35913312
17	35939289
17	35978408
17	36353642
17	36484358
17	36486103
17	36487197
17	36619168
17	36622963
17	36628243
17	36636039
17	36636112
17	36638766
17	36688699
17	36868996
17	36880985
17	36891004
17	36912187
17	36925127
17	36926024
17	37009179
17	37186648
17	37331149
17	37342252
17	37360389
17	37366919
17	37420447
17	37563389
17	37564235
17	37564571
17	37627242
17	37680936
17	37819124
17	37819174
17	37879658
17	37882099
17	38024586
17	38133270
17	38140612
17	38182425
17	38209850
17	38233855
17	38245943
17	38249525
17	38434559
17	38447772
17	38447781
17	38449859
17	38546394
17	38567973
17	38645019
17	38710776
17	38711423
17	38711829
17	38854846
17	38859992
17	38926337
17	39018010
17	39020019
17	39032659
17	39036440
17	39149990
17	39197259
17	39197517
17	39203084
17	39203182
17	39274039
17	39296555
17	39316206
17	39316557
17	39340741
17	39341425
17	39405974
17	39502703
17	39503316
17	39521550
17	39535926
17	39538030
17	39567624
17	39577741
17	39594529
17	39616148
17	39633974
17	39636898
17	39661563
17	39670414
17	39684324
17	39742988
17	39768420
17	39768571
17	39776935
17	39777251
17	39780540
17	39913750
17	39919496
17	39964155
17	39988681
17	40061911
17	40075220
17	40125596
17	40173689
17	40177154
17	40263342
17	40269987
17	40312405
17	40352337
17	40461095
17	40463743
17	40497608
17	40642531
17	40665976
17	40689486
17	40705296
17	40722030
17	40722048
17	40731601
17	40733662
17	40762549
17	40849680
17	40850634
17	40855757
17	40861898
17	40933059
17	40935987
17	40937396
17	40947821
17	40956259
17	40958768
17	40975830
17	40997652
17	41001663
17	41019909
17	41020921
17	41103854
17	41116122
17	41116131
17	41165177
17	41199694
17	41244126
17	41258505
17	41610621
17	41847126
17	41861250
17	42030352
17	42089436
17	42160014
17	42225390
17	42230123
17	42265060
17	42337286
17	42338064
17	42340040
17	42428799
17	42433924
17	42452991
17	42457813
17	42476350
17	42477089
17	42478721
17	42483347
17	42743887
17	42745158
17	42756146
17	42756182
17	42828090
17	42851883
17	42854599
17	42855090
17	42855130
17	42858149
17	42882279
17	42882319
17	42949923
17	42979861
17	42980003
17	42990701
17	43003798
17	43011301
17	43101859
17	43112142
17	43112394
17	43181118
17	43182287
17	43192777
17	43192819
17	43246547
17	43246608
17	43319744
17	43323302
17	43332984
17	43480156
17	43483072
17	43506817
17	43515265
17	43516984
17	43585520
17	43585750
17	43587618
17	43884449
17	43912662
17	44248789
17	45013076
17	45198094
17	45206810
17	45376692
17	45421612
17	45656843
17	45727395
17	45885953
17	45893503
17	45895891
17	45909263
17	45914570
17	45915984
17	45994190
17	46133890
17	46134420
17	46136321
17	46136609
17	46147510
17	46154237
17	46266791
17	46670970
17	46675515
17	46684959
17	46699704
17	46700393
17	46846423
17	46862422
17	47010639
17	47044567
17	47074923
17	47115715
17	47210141
17	47293912
17	47301728
17	47388765
17	47394921
17	47657500
17	47657561
17	47684625
17	47869258
17	47895224
17	48050618
17	48156235
17	48187565
17	48191570
17	48249296
17	48249458
17	48261564
17	48261791
17	48271393
17	48433277
17	48447412
17	48452972
17	48458677
17	48459911
17	48538648
17	48542168
17	48548447
17	48596069
17	48596085
17	48603562
17	48615517
17	48618827
17	48625943
17	48631767
17	48683425
17	48695634
17	48738440
17	48750942
17	48753897
17	48829787
17	49067038
17	49338028
17	49708542
17	51901614
17	53016342
17	53024658
17	53040123
17	53077082
17	53121082
17	53218704
17	53398444
17	53844737
17	54534322
17	55078353
17	55183265
17	55187513
17	55189246
17	55693387
17	56081142
17	56277078
17	56345263
17	56357338
17	56358063
17	56358157
17	56388293
17	56389812
17	56389834
17	56423531
17	56499369
17	56567231
17	56568442
17	56572393
17	56584673
17	56598378
17	56635179
17	56663355
17	56833299
17	56833451
17	57047015
17	57050203
17	57139976
17	57351055
17	57351066
17	57643082
17	57682481
17	57684879
17	57685579
17	57733298
17	57760897
17	57917588
17	58024500
17	58091663
17	58234918
17	58506746
17	58506809
17	58520652
17	58529273
17	58539370
17	59093232
17	59489321
17	59981882
17	60022297
17	60061556
17	60064491
17	60088460
17	60140513
17	60491094
17	60491121
17	60503796
17	60744230
17	60753245
17	60754763
17	60755919
17	60759101
17	60759242
17	60759546
17	60770339
17	60813443
17	60814323
17	60824266
17	61482498
17	61498105
17	61574925
17	61584982
17	61611461
17	61613170
17	61613299
17	61627991
17	61670501
17	61670804
17	61766962
17	61772525
17	61773388
17	61790815
17	61833869
17	61886264
17	61889482
17	61894253
17	61897299
17	61902441
17	61904941
17	61910767
17	61957749
17	61957808
17	61958410
17	61972786
17	61987539
17	62009667
17	62016415
17	62018130
17	62019226
17	62048549
17	62079226
17	62080205
17	62081403
17	62084007
17	62141367
17	62145582
17	62225037
17	62225980
17	62226188
17	62290973
17	62489051
17	62495912
17	62788615
17	62796582
17	62864599
17	62893221
17	63010466
17	63049788
17	63525739
17	63533505
17	64179310
17	64298966
17	64728919
17	64881073
17	64881147
17	65027638
17	65050109
17	65353477
17	65720263
17	65850320
17	65909293
17	66303535
17	66364775
17	66397502
17	66432577
17	66432622
17	66508698
17	66525077
17	66533785
17	66864008
17	66872658
17	67004308
17	67084317
17	67092883
17	67130803
17	67170866
17	67186568
17	67197800
17	68128271
17	68128402
17	68129957
17	68173719
17	68174524
17	68175040
17	70943980
17	71165854
17	71166551
17	71166975
17	71192798
17	71196915
17	71197796
17	71204449
17	71232978
17	71281448
17	71344787
17	71415416
17	71426745
17	71427750
17	71468302
17	72245148
17	72257597
17	72305678
17	72308228
17	72350939
17	72436366
17	72521999
17	72539086
17	72613473
17	72694714
17	72700762
17	72700919
17	72739438
17	72763083
17	72846764
17	72856635
17	72863013
17	72877224
17	72916449
17	72926502
17	73059160
17	73096378
17	73125006
17	73126670
17	73164343
17	73239187
17	73257884
17	73258163
17	73266219
17	73487456
17	73488625
17	73495964
17	73499574
17	73501905
17	73501951
17	73503173
17	73586303
17	73590655
17	73601979
17	73611847
17	73615952
17	73618140
17	73658674
17	73663550
17	73702170
17	73724536
17	73751197
17	73752786
17	73753577
17	73808334
17	73809906
17	73819369
17	73820513
17	73824096
17	73836344
17	73911119
17	73914152
17	73914303
17	73915837
17	73942681
17	73942770
17	73949574
17	73982323
17	74003436
17	74035198
17	74042223
17	74078853
17	74084637
17	74275508
17	74276171
17	74289004
17	74300544
17	74326139
17	74382967
17	74464919
17	74466043
17	74467879
17	74468790
17	74470866
17	74523641
17	74527217
17	74527553
17	74625223
17	74625390
17	74712713
17	74712782
17	74865016
17	74944894
17	75208276
17	75471698
17	75878288
17	76046721
17	76047399
17	76060811
17	76063904
17	76089709
17	76100584
17	76105450
17	76118720
17	76134519
17	76142461
17	76162006
17	76170870
17	76210793
17	76392419
17	76394377
17	76415744
17	76445552
17	76446371
17	76455202
17	76457638
17	76464915
17	76476795
17	76482345
17	76498999
17	76526508
17	76548845
17	76566329
17	76696524
17	76697754
17	76705763
17	76799934
17	76799989
17	76816073
17	76825004
17	76888005
17	76993334
17	77079622
17	77081811
17	77705047
17	77758643
17	77914685
17	77984062
17	78032754
17	78059893
17	78071049
17	78078776
17	78078931
17	78091533
17	78113840
17	78155217
17	78165150
17	78172546
17	78184218
17	78262034
17	78269520
17	78286875
17	78302192
17	78314064
17	78319479
17	78320626
17	78321684
17	78327431
17	78337072
17	78343446
17	78346831
17	78348299
17	78348380
17	78351576
17	78389011
17	78403578
17	78442000
17	78442909
17	78681712
17	78796920
17	78858916
17	79073782
17	79083133
17	79090241
17	79101619
17	79102275
17	79108263
17	79139468
17	79152931
17	79203088
17	79205565
17	79210834
17	79226019
17	79246417
17	79249796
17	79268759
17	79278964
17	79418777
17	79428995
17	79430779
17	79477712
17	79478371
17	79496007
17	79496016
17	79514339
17	79514526
17	79514587
17	79517642
17	79526419
17	79618015
17	79637436
17	79662078
17	79667620
17	79682102
17	79682749
17	79769165
17	79792774
17	79805191
17	79857377
17	79857396
17	79857958
17	79868960
17	79890784
17	79977759
17	79990867
17	79994427
17	80045380
17	80048874
17	80048928
17	80146276
17	80210967
17	80350193
17	80361914
17	80369341
17	80400406
17	80579491
17	80895952
17	80919039
17	81006575
18	163432
18	214856
18	264039
18	321662
18	722407
18	2566950
18	2666172
18	2703704
18	2707872
18	2740724
18	2750441
18	2937885
18	3079301
18	3116434
18	3456398
18	3456694
18	3567528
18	5289726
18	5416071
18	5419719
18	5891627
18	6213163
18	6870699
18	6873433
18	6997824
18	7012093
18	7043323
18	7049247
18	7080045
18	8378292
18	8638598
18	8720467
18	8793096
18	8825231
18	9216763
18	9254960
18	9281947
18	9396327
18	9516842
18	9550113
18	9550330
18	9583270
18	9588202
18	10539782
18	10539850
18	10680364
18	10696420
18	10699074
18	10748502
18	10758078
18	10760985
18	10773510
18	10807130
18	10857143
18	11884350
18	11897082
18	12254716
18	12351353
18	12794108
18	12794477
18	12978798
18	13008490
18	13071110
18	13114210
18	13423681
18	13621214
18	13652586
18	13681736
18	13884725
18	14105730
18	14179418
18	14478887
18	14478933
18	14752889
18	14757917
18	14803772
18	14842900
18	18546923
18	18629156
18	19080219
18	19119969
18	19283568
18	19449696
18	21044491
18	21047379
18	21113469
18	21120430
18	21293964
18	21364017
18	21395477
18	21419889
18	21662986
18	21698153
18	21723330
18	21819285
18	22056903
18	22804454
18	22804486
18	22804889
18	22804973
18	23614979
18	23713864
18	23731899
18	23866211
18	24035275
18	24127670
18	24496802
18	25531394
18	25727714
18	28714626
18	28923652
18	28935291
18	28968862
18	28993161
18	29054185
18	29126044
18	29205319
18	29238045
18	29340393
18	29429662
18	29709708
18	29710007
18	29797078
18	30093601
18	30257194
18	31263505
18	31312005
18	31319748
18	31319796
18	31324384
18	31324732
18	31325683
18	31325718
18	31326596
18	31431726
18	31431938
18	31432623
18	31432865
18	31432992
18	31673439
18	32386267
18	32469918
18	32834342
18	32844174
18	32871080
18	32886865
18	32890554
18	32919895
18	32953544
18	33243615
18	33558922
18	33691164
18	34378401
18	34824245
18	34850803
18	34854424
18	34854462
18	34855118
18	39576682
18	40854225
18	42281411
18	42281611
18	42530937
18	42531104
18	42644040
18	42644101
18	43204730
18	43246910
18	43427753
18	43438646
18	43446796
18	43503247
18	43505812
18	43573664
18	43703312
18	43704858
18	43846296
18	43846541
18	44036678
18	44039885
18	44065050
18	44102100
18	44140320
18	44146263
18	44171921
18	44555167
18	44555187
18	44586012
18	44603786
18	44625617
18	44627283
18	44634139
18	44683825
18	45359822
18	45566375
18	45691747
18	46906121
18	47010009
18	47310250
18	47363190
18	47429092
18	47479669
18	47500751
18	47516840
18	47769467
18	47795963
18	47797766
18	47797838
18	47802767
18	47811451
18	47812126
18	47812576
18	48190457
18	48252524
18	48256508
18	48326487
18	48513224
18	50705476
18	50912506
18	50936915
18	50942669
18	51748688
18	51804080
18	51804112
18	51904545
18	52265298
18	52544800
18	52895498
18	52899868
18	54424187
18	54444018
18	54444086
18	54605833
18	55020215
18	55145545
18	55146931
18	55153936
18	55156019
18	55217916
18	55238747
18	55274741
18	55283115
18	55314901
18	55996262
18	56008376
18	56064363
18	56202538
18	56204876
18	56205085
18	56390340
18	56585628
18	56586587
18	56586760
18	56648722
18	56653568
18	56825933
18	56887555
18	56939636
18	57106979
18	57115228
18	58039569
18	59203732
18	59221878
18	59483722
18	59713056
18	59828591
18	59912068
18	59912069
18	59941222
18	59973985
18	60017057
18	60036082
18	60036566
18	60230357
18	60241317
18	60241773
18	60506050
18	60527814
18	60609096
18	60630602
18	60646602
18	60793364
18	61056909
18	61226912
18	61322768
18	61377525
18	61463617
18	61468230
18	61584689
18	61600428
18	63529926
18	64172171
18	64218382
18	64235896
18	65178098
18	65178391
18	65179004
18	65180070
18	66678213
18	67715379
18	67816231
18	67994361
18	67995446
18	70205435
18	70205943
18	70526195
18	71790670
18	71958988
18	72178074
18	72247448
18	72632609
18	73000452
18	73121845
18	73122856
18	74154255
18	74154480
18	74587470
18	74607072
18	74728730
18	74728970
18	74980670
18	76752180
18	76753179
18	77037100
18	77067150
18	77067197
18	77208880
18	77211025
18	77456019
18	77474738
18	77474970
18	77475155
18	77477898
18	77496469
18	77730536
18	77802139
18	77805903
18	77894377
18	77894888
18	77936074
19	281504
19	407067
19	425224
19	463900
19	549064
19	580412
19	582998
19	621241
19	622871
19	625140
19	629665
19	681405
19	681539
19	731201
19	747800
19	757013
19	757206
19	860958
19	896532
19	897541
19	920470
19	968448
19	971942
19	994313
19	1036438
19	1057007
19	1117464
19	1219412
19	1221294
19	1393432
19	1440480
19	1482427
19	1508104
19	1526747
19	1574871
19	1585080
19	1611525
19	1796813
19	1809642
19	1818528
19	1826880
19	1854684
19	1987541
19	1993125
19	2040030
19	2073269
19	2073411
19	2078317
19	2102228
19	2110881
19	2114286
19	2115368
19	2216603
19	2254228
19	2273159
19	2278848
19	2353302
19	2425894
19	2438511
19	2477497
19	2643303
19	2714892
19	2717845
19	2757711
19	2805173
19	2852859
19	2934475
19	2989659
19	3008922
19	3019438
19	3055679
19	3121287
19	3281254
19	3293408
19	3381904
19	3474638
19	3496733
19	3533395
19	3538721
19	3574075
19	3589864
19	3599872
19	3619157
19	3643278
19	3651823
19	3653467
19	3664913
19	3739035
19	3746482
19	3808886
19	3820199
19	3831809
19	3977288
19	3982415
19	4046121
19	4090603
19	4099322
19	4157210
19	4216046
19	4294791
19	4311984
19	4354977
19	4357333
19	4366498
19	4429549
19	4501940
19	4529811
19	4557222
19	4685666
19	4694691
19	4694728
19	4704255
19	4792902
19	4793984
19	4817079
19	4817520
19	4839420
19	4930823
19	4950885
19	5131947
19	5244029
19	5455655
19	5455852
19	5456680
19	5561325
19	5591803
19	5600182
19	5623207
19	5661759
19	5679666
19	5696698
19	5733892
19	5783548
19	5784087
19	5784100
19	5784615
19	5787708
19	5824276
19	5844465
19	5867625
19	5951600
19	6001923
19	6002752
19	6016108
19	6222269
19	6222551
19	6309805
19	6312480
19	6416765
19	6416861
19	6426338
19	6441907
19	6454413
19	6457513
19	6458218
19	6472982
19	6479898
19	6481783
19	6495455
19	6502194
19	6534627
19	6665201
19	6719385
19	6752559
19	6833586
19	6952980
19	7051439
19	7125419
19	7143073
19	7163167
19	7172436
19	7184411
19	7505167
19	7529551
19	7536940
19	7584414
19	7585059
19	7601410
19	7604912
19	7606876
19	7607506
19	7615191
19	7619801
19	7621538
19	7684526
19	7690864
19	7705819
19	7708130
19	7711199
19	7794084
19	7797012
19	7831616
19	7832512
19	7914891
19	7925513
19	7935761
19	7938120
19	7965385
19	7977750
19	8032474
19	8150276
19	8174206
19	8186184
19	8200859
19	8201283
19	8203194
19	8367161
19	8397924
19	8438707
19	8467155
19	8551271
19	8555832
19	8577933
19	8590374
19	8591392
19	8601249
19	8651049
19	8666006
19	8668683
19	8809067
19	8841834
19	8922429
19	8959707
19	8969274
19	8987335
19	8994418
19	8996405
19	9009329
19	9020012
19	9024142
19	9047997
19	9057660
19	9059877
19	9060335
19	9067224
19	9067920
19	9069390
19	9072364
19	9073909
19	9085207
19	9087519
19	9213876
19	9298038
19	9325090
19	9406913
19	9413139
19	9578038
19	9639087
19	9639212
19	9643538
19	9645935
19	9677285
19	9721484
19	9801521
19	9960075
19	9964948
19	9967957
19	10078614
19	10081346
19	10081891
19	10112348
19	10132031
19	10166427
19	10181662
19	10202189
19	10203436
19	10204261
19	10220621
19	10224308
19	10224634
19	10225901
19	10226360
19	10248674
19	10265705
19	10363316
19	10398083
19	10398537
19	10415788
19	10416620
19	10439680
19	10450259
19	10450330
19	10464772
19	10468503
19	10476534
19	10568610
19	10579549
19	10675696
19	10790560
19	10794075
19	10795153
19	10942201
19	10943778
19	11101977
19	11118631
19	11132542
19	11136106
19	11145736
19	11224233
19	11242684
19	11350513
19	11465291
19	11473224
19	11475289
19	11510894
19	11517298
19	11560171
19	11569335
19	11598249
19	11606967
19	11658719
19	11918302
19	11942222
19	11979127
19	11979557
19	12059919
19	12060864
19	12061105
19	12090795
19	12125899
19	12126097
19	12128723
19	12185201
19	12187961
19	12223500
19	12244288
19	12244433
19	12296973
19	12358568
19	12358939
19	12491116
19	12494463
19	12738557
19	12757410
19	12763041
19	12776235
19	12805437
19	12810667
19	12826337
19	12831834
19	12841859
19	12842184
19	12865806
19	12878234
19	12885686
19	12902703
19	12949399
19	12958486
19	12995673
19	13041436
19	13054759
19	13059053
19	13065022
19	13084371
19	13084481
19	13183919
19	13184284
19	13211503
19	13216163
19	13220731
19	13248179
19	13256123
19	13265582
19	13319809
19	13323328
19	13372325
19	13419315
19	13867076
19	13879458
19	13879473
19	13879765
19	13941703
19	14000528
19	14000930
19	14029580
19	14029589
19	14044752
19	14063941
19	14074795
19	14165131
19	14183729
19	14208410
19	14217644
19	14232480
19	14288544
19	14507970
19	14520162
19	14569063
19	14580275
19	14581389
19	14626281
19	14628990
19	14640514
19	14675793
19	14826195
19	14854516
19	14992099
19	15065099
19	15079169
19	15082594
19	15132473
19	15133821
19	15164722
19	15198819
19	15234269
19	15281515
19	15289849
19	15290251
19	15355114
19	15365024
19	15376262
19	15512207
19	15512396
19	15537952
19	15538097
19	15540712
19	15541980
19	15564010
19	15574959
19	15590261
19	15758047
19	15795913
19	15905629
19	15918284
19	16025695
19	16186956
19	16222587
19	16275679
19	16314280
19	16319887
19	16466593
19	16620476
19	16625435
19	16629904
19	16629948
19	16630150
19	16631001
19	16685898
19	16757740
19	16791295
19	16860894
19	16918695
19	16965036
19	16976445
19	16988370
19	16988446
19	17014370
19	17062837
19	17088276
19	17278769
19	17351576
19	17373391
19	17373715
19	17390022
19	17394378
19	17403433
19	17405521
19	17412382
19	17436038
19	17449486
19	17514610
19	17516184
19	17611155
19	17616123
19	17634252
19	17671216
19	17692020
19	17716027
19	17735747
19	17741051
19	17758133
19	17845290
19	17881665
19	17894941
19	17898571
19	17983115
19	18001770
19	18054624
19	18092790
19	18179206
19	18180385
19	18245488
19	18248111
19	18255950
19	18333116
19	18347765
19	18375172
19	18377964
19	18418289
19	18474347
19	18543843
19	18545691
19	18546659
19	18547272
19	18557199
19	18677978
19	18679835
19	18724981
19	18893752
19	18901689
19	18964120
19	19104438
19	19104505
19	19120999
19	19153612
19	19257903
19	19258560
19	19308370
19	19359616
19	19368599
19	19427252
19	19466515
19	19653312
19	19734683
19	19735103
19	19745932
19	19758426
19	19766963
19	19822585
19	19825188
19	20044013
19	20133884
19	20229964
19	20807789
19	20844274
19	21131576
19	21365606
19	21934200
19	21935200
19	21950417
19	22018861
19	22235414
19	22271616
19	22363440
19	22784760
19	22785479
19	22836165
19	22940428
19	22941002
19	23541970
19	23836457
19	23836476
19	23869831
19	23937691
19	24310521
19	29698637
19	30104873
19	30165802
19	30166008
19	30193677
19	30312986
19	30936195
19	31038915
19	31039308
19	31767852
19	31768580
19	31769920
19	31770253
19	31770576
19	32844044
19	32949034
19	33076877
19	33088600
19	33140644
19	33222643
19	33298482
19	33301161
19	33349441
19	33350756
19	33355239
19	33481418
19	33490511
19	33586692
19	33588754
19	33663329
19	33702385
19	33871639
19	33873355
19	33878085
19	33882254
19	34263386
19	34291381
19	34291422
19	34302176
19	34303751
19	34304289
19	34710310
19	34719570
19	34810973
19	34845058
19	34869902
19	34884879
19	35174981
19	35506802
19	35530792
19	35550483
19	35616285
19	35622939
19	35624952
19	35646385
19	35649252
19	35757382
19	35786609
19	35786730
19	35791240
19	35804359
19	35827128
19	35829260
19	35835807
19	35842677
19	35862379
19	36034357
19	36046110
19	36046137
19	36049973
19	36109489
19	36109847
19	36114063
19	36133593
19	36157798
19	36207812
19	36212361
19	36218999
19	36221240
19	36230886
19	36243996
19	36271966
19	36290967
19	36293899
19	36322572
19	36335060
19	36349710
19	36365520
19	36431441
19	36507006
19	36530520
19	36594594
19	36636903
19	36640549
19	36640814
19	36642446
19	37038332
19	37239937
19	37441723
19	37464226
19	37464236
19	37677336
19	37733688
19	37854044
19	37854119
19	37879230
19	37975414
19	38028709
19	38046815
19	38092006
19	38125865
19	38138717
19	38187464
19	38187817
19	38189159
19	38229876
19	38315854
19	38376637
19	38376686
19	38377459
19	38378212
19	38379726
19	38380521
19	38383220
19	38384620
19	38384830
19	38385295
19	38386070
19	38631879
19	38652981
19	38655268
19	38673303
19	38746850
19	38795292
19	38855745
19	38861316
19	38865524
19	38869955
19	38873946
19	38877251
19	38877626
19	38904092
19	38939430
19	38943476
19	38948226
19	38951101
19	38968385
19	38987530
19	39037107
19	39068604
19	39088172
19	39116668
19	39138408
19	39138446
19	39214836
19	39229095
19	39232545
19	39303081
19	39410508
19	39421288
19	39575867
19	39664444
19	39668413
19	39805275
19	39870669
19	39871751
19	39875012
19	39879485
19	39908225
19	39913759
19	39962246
19	40029975
19	40095833
19	40172711
19	40174315
19	40321307
19	40362795
19	40363095
19	40364283
19	40366109
19	40366456
19	40382628
19	40408106
19	40419999
19	40421375
19	40704462
19	40722059
19	40771220
19	40827725
19	40885520
19	40886470
19	40889822
19	40900055
19	40901641
19	40914115
19	40947690
19	41019390
19	41060463
19	41063069
19	41066283
19	41078095
19	41082152
19	41086301
19	41114254
19	41129900
19	41173288
19	41239244
19	41255447
19	41255704
19	41306438
19	41313827
19	41382514
19	41383242
19	41388168
19	41397322
19	41442045
19	41622362
19	41704650
19	41711992
19	41725377
19	41727130
19	41767556
19	41778127
19	41822527
19	41829709
19	41847859
19	41860690
19	41889675
19	41930825
19	41939528
19	42125528
19	42125577
19	42132172
19	42301735
19	42406947
19	42486128
19	42507595
19	42582950
19	42583518
19	42593536
19	42594550
19	42596287
19	42599697
19	42703967
19	42713952
19	42729572
19	42730452
19	42738703
19	42740812
19	42796484
19	42799051
19	42818427
19	42829136
19	42837775
19	42853722
19	42860333
19	42860549
19	42906839
19	43023339
19	43098053
19	43099082
19	43233373
19	43237065
19	43371211
19	43407833
19	43411873
19	43428621
19	43568597
19	43679549
19	43688959
19	43858465
19	43866488
19	43979685
19	44038580
19	44056985
19	44082748
19	44103125
19	44103201
19	44126905
19	44131944
19	44223243
19	44236895
19	44278511
19	44285150
19	44302966
19	44351494
19	44418505
19	44501495
19	44514916
19	44635580
19	44661686
19	44662073
19	44680476
19	44732650
19	44739743
19	44791357
19	44803790
19	44890451
19	44933754
19	44981675
19	45016961
19	45127113
19	45161127
19	45213786
19	45254546
19	45322984
19	45323965
19	45377596
19	45409040
19	45422510
19	45528954
19	45561033
19	45594342
19	45659099
19	45667199
19	45790839
19	45797628
19	45895417
19	45910387
19	45923684
19	45976781
19	45977037
19	45992789
19	45997473
19	45998113
19	46003724
19	46026018
19	46029455
19	46056950
19	46093890
19	46112860
19	46119809
19	46215060
19	46268197
19	46270251
19	46282521
19	46289023
19	46289054
19	46289701
19	46299079
19	46320084
19	46329608
19	46330845
19	46443238
19	46520318
19	46526061
19	46627201
19	46734146
19	46815839
19	46825141
19	46846200
19	46890702
19	46914834
19	46915595
19	46997148
19	46998530
19	47111569
19	47124059
19	47204188
19	47212552
19	47228850
19	47231996
19	47234025
19	47259791
19	47260134
19	47278670
19	47424119
19	47424519
19	47424821
19	47507943
19	47542790
19	47567718
19	47778899
19	47844845
19	47844867
19	47870314
19	47883157
19	47884086
19	47885292
19	47917986
19	47969092
19	47969184
19	47969393
19	47979885
19	47994114
19	47996243
19	48041655
19	48255839
19	48255849
19	48259045
19	48284175
19	48306109
19	48517565
19	48601415
19	48675123
19	48800899
19	48876989
19	48925180
19	48977547
19	48982699
19	49079183
19	49090654
19	49100130
19	49116361
19	49131530
19	49132700
19	49133504
19	49136869
19	49140209
19	49147793
19	49207176
19	49208026
19	49238470
19	49238692
19	49254368
19	49261200
19	49344505
19	49357321
19	49362277
19	49376682
19	49377830
19	49392814
19	49416393
19	49436940
19	49468728
19	49473967
19	49527296
19	49564431
19	49564819
19	49564927
19	49575620
19	49604662
19	49621224
19	49656797
19	49658190
19	49669418
19	49671234
19	49674612
19	49686469
19	49705355
19	49814590
19	49841970
19	49869054
19	49869131
19	49899036
19	49910877
19	49926594
19	49954049
19	49956631
19	49965209
19	49972132
19	49979038
19	49989342
19	50017669
19	50027790
19	50045872
19	50060148
19	50117825
19	50155830
19	50189880
19	50310234
19	50314650
19	50333074
19	50333158
19	50333772
19	50374975
19	50385617
19	50393059
19	50453230
19	50463910
19	50482352
19	50549802
19	50775110
19	50813069
19	50826905
19	50837056
19	50861827
19	50905493
19	50909490
19	50912082
19	50917049
19	50957427
19	50958459
19	51015541
19	51169637
19	51207725
19	51226929
19	51274330
19	51305612
19	51330351
19	51330370
19	51359542
19	51453175
19	51462289
19	51518742
19	51532614
19	51559875
19	51630432
19	51630546
19	51645621
19	51647703
19	51742964
19	51768632
19	51827004
19	51837442
19	51837508
19	51841307
19	51848573
19	51918459
19	51920102
19	52034641
19	52091483
19	52096033
19	52146852
19	52196548
19	52217339
19	52222690
19	52273008
19	52327762
19	52381722
19	52468256
19	52468514
19	52496608
19	52505426
19	52519500
19	52537556
19	52580223
19	52619333
19	52619455
19	52658968
19	52659487
19	52663806
19	52725494
19	52786571
19	52887801
19	52918729
19	52955076
19	52960175
19	52961344
19	53005117
19	53013905
19	53079221
19	53087119
19	53344702
19	53345222
19	53513160
19	53611982
19	53612360
19	53643716
19	53645679
19	53668081
19	53762737
19	53770175
19	53884390
19	53884524
19	53884703
19	53885502
19	53912235
19	53912883
19	53945304
19	53958088
19	53994899
19	54188300
19	54211994
19	54216659
19	54299244
19	54307333
19	54307365
19	54314086
19	54314375
19	54327176
19	54377176
19	54377380
19	54378642
19	54379097
19	54445348
19	54573243
19	54634812
19	54649743
19	54652110
19	54659380
19	54677670
19	54677911
19	54691129
19	54711115
19	54720949
19	54754856
19	54782739
19	54822822
19	54822915
19	54823858
19	54868561
19	54966176
19	54972706
19	54972725
19	54973520
19	54973759
19	55014944
19	55084827
19	55087537
19	55105158
19	55105224
19	55107103
19	55143979
19	55174224
19	55220621
19	55221394
19	55222099
19	55239167
19	55253453
19	55284925
19	55329826
19	55424247
19	55444970
19	55526379
19	55570544
19	55593240
19	55610345
19	55669101
19	55708507
19	55710126
19	55718239
19	55738574
19	55748337
19	55790924
19	55816733
19	55824377
19	55857944
19	55858763
19	56029364
19	56089163
19	56104836
19	56132214
19	56156175
19	56206250
19	56244534
19	56369488
19	56423563
19	56511149
19	56538298
19	56669932
19	56888369
19	57036461
19	57133369
19	57175480
19	57175954
19	57175956
19	57286210
19	57325521
19	57326016
19	57327521
19	57328078
19	57335929
19	57640922
19	57724306
19	57765825
19	57773512
19	57832161
19	57868248
19	57868339
19	57876602
19	57909892
19	57910934
19	57932360
19	57955824
19	57967321
19	57967848
19	58024388
19	58048626
19	58049079
19	58050004
19	58067502
19	58087176
19	58102191
19	58102333
19	58199329
19	58258292
19	58320137
19	58370239
19	58370998
19	58371252
19	58385214
19	58385286
19	58385611
19	58385779
19	58386267
19	58419150
19	58420174
19	58420829
19	58421413
19	58563978
19	58565279
19	58571533
19	58578073
19	58598713
19	58640823
19	58718420
19	58721386
19	58723541
19	58724719
19	58797108
19	58797140
19	58846516
19	58858739
19	58863864
19	58864549
19	58868519
19	58868532
19	58988912
19	59011962
19	59061118
19	59061758
19	59081780
19	59082488
19	59092733
20	308286
20	377286
20	417956
20	868980
20	1099375
20	1187642
20	1223822
20	1281338
20	1285596
20	1291022
20	1517816
20	1551548
20	1551586
20	1592006
20	1617925
20	2125108
20	2127149
20	2290336
20	2377172
20	2384418
20	2463783
20	2465303
20	2597798
20	2729205
20	2797366
20	2843193
20	3016278
20	3016559
20	3025433
20	3090677
20	3090717
20	3180704
20	3202513
20	3208907
20	3211706
20	3218546
20	3295749
20	3305540
20	3543049
20	3627367
20	3631358
20	3660149
20	3673633
20	3674874
20	3680104
20	3726625
20	4158194
20	4164299
20	4202704
20	4680244
20	4680695
20	4706950
20	4708835
20	4773185
20	4843500
20	4880269
20	4883163
20	5482499
20	5559134
20	5904599
20	5953335
20	6011929
20	6012016
20	6021688
20	6022211
20	6057202
20	6096468
20	6759492
20	6759573
20	6760691
20	7866188
20	7963129
20	8863266
20	9460431
20	9496255
20	10018949
20	10286931
20	10393368
20	10394050
20	10541421
20	10629720
20	10633134
20	10633193
20	11900194
20	11904054
20	11906051
20	13098238
20	13750573
20	15913973
20	16292982
20	16359534
20	16359814
20	17462649
20	17594519
20	17622463
20	17640924
20	17705760
20	17929569
20	18424031
20	18464338
20	18491546
20	18794663
20	19265119
20	19702180
20	19702716
20	19703290
20	19998082
20	20021350
20	20350697
20	20392680
20	20392737
20	20563754
20	21142905
20	21179274
20	21491960
20	21492085
20	21492772
20	23016213
20	23016449
20	23016607
20	23017149
20	23065522
20	23066686
20	23472328
20	23522367
20	23805902
20	23858192
20	25011698
20	25277266
20	25319969
20	25439128
20	25439222
20	25456808
20	25457114
20	25457595
20	25596547
20	25597108
20	25656121
20	29845518
20	30070087
20	30072670
20	30252723
20	30419528
20	30422098
20	30432641
20	30432725
20	30436684
20	30533289
20	30536665
20	30605623
20	30689189
20	30753733
20	30777068
20	30781586
20	30898307
20	30904645
20	30921664
20	31023974
20	31026406
20	31026984
20	31034818
20	31035349
20	31040751
20	31044019
20	31376659
20	31379514
20	31389095
20	31587906
20	31609550
20	31789398
20	31892683
20	31995857
20	32005533
20	32264581
20	32684600
20	32686372
20	33033203
20	33045259
20	33095540
20	33128521
20	33148701
20	33329906
20	33345652
20	33345744
20	33451239
20	33501261
20	33572724
20	33583162
20	33586366
20	33587102
20	33588942
20	33588943
20	33603939
20	33632370
20	33864569
20	33867819
20	33872120
20	33875634
20	33981946
20	34067081
20	34171892
20	34213996
20	34214101
20	34214681
20	34285625
20	34451158
20	34515758
20	34526869
20	34611616
20	35071127
20	35152699
20	35154366
20	35155495
20	35156429
20	35207172
20	35422268
20	35441181
20	35507482
20	35689612
20	35766323
20	35788533
20	35929702
20	36026109
20	36030030
20	36147341
20	36488325
20	36488692
20	36500440
20	36641334
20	36760864
20	36841401
20	36850860
20	36869133
20	36974959
20	36993379
20	36997797
20	37154112
20	37168439
20	37207348
20	37356563
20	37357286
20	37383680
20	37536803
20	37547053
20	39728838
20	39802444
20	39807536
20	39832165
20	40045254
20	40120436
20	40126855
20	40714440
20	42143327
20	42161418
20	42169596
20	42169749
20	42328546
20	42355519
20	42698202
20	42788898
20	42979351
20	43355818
20	43384899
20	43532683
20	43587017
20	43739049
20	43752397
20	43803603
20	43851569
20	43851725
20	43883174
20	43940921
20	43955737
20	43955843
20	43995630
20	44004197
20	44037127
20	44054496
20	44054576
20	44141267
20	44314677
20	44444334
20	44469995
20	44470760
20	44485844
20	44486298
20	44486602
20	44506266
20	44506443
20	44511962
20	44512679
20	44519982
20	44527339
20	44577817
20	44586523
20	44594312
20	44663626
20	44665413
20	44671942
20	44672305
20	44685032
20	44686508
20	44689953
20	44692277
20	44746917
20	44750527
20	44750882
20	44756788
20	44978414
20	44983836
20	44994866
20	45016078
20	45132860
20	45169930
20	45217889
20	45315512
20	45354552
20	45354856
20	45700878
20	46268434
20	46268480
20	46301131
20	46311755
20	46365500
20	47248925
20	47342873
20	47361601
20	47628576
20	47688946
20	47692008
20	47713432
20	47864421
20	47864513
20	47865008
20	47888264
20	48249643
20	48257013
20	48431570
20	48431585
20	48479558
20	48491247
20	48521077
20	48568687
20	48600374
20	48604655
20	48698799
20	48746209
20	49209010
20	49366779
20	49458318
20	49458330
20	49508881
20	49509006
20	49509270
20	49552707
20	49558654
20	49620865
20	49620953
20	50049259
20	50069439
20	50071098
20	50305656
20	50312653
20	50342378
20	50407942
20	51870855
20	51870966
20	51871740
20	51872296
20	52192646
20	52770301
20	54579004
20	54942076
20	55071717
20	55206347
20	55745985
20	55758818
20	55929793
20	55984164
20	56093769
20	56185414
20	56188199
20	56191368
20	56195442
20	56728679
20	56814446
20	56936228
20	57034845
20	57036151
20	57036181
20	57234681
20	57254301
20	57289678
20	57430627
20	57561822
20	57599598
20	57611800
20	57766327
20	57768802
20	57829139
20	57896086
20	57896117
20	58489235
20	58520119
20	58521626
20	58569399
20	58571524
20	58606364
20	58645684
20	58645727
20	60293839
20	60293979
20	60504876
20	60737819
20	60756550
20	60881754
20	60882441
20	60886002
20	60899223
20	60908279
20	60913203
20	60913355
20	60963300
20	60985964
20	61048518
20	61143374
20	61288280
20	61386160
20	61458134
20	61510627
20	61511205
20	61511413
20	61588299
20	61833916
20	61834320
20	61834368
20	61916036
20	61917462
20	61917743
20	61944211
20	61978149
20	62051020
20	62161023
20	62168600
20	62175655
20	62187880
20	62191963
20	62192260
20	62192501
20	62194058
20	62195049
20	62196023
20	62198297
20	62199040
20	62199827
20	62200628
20	62204301
20	62290785
20	62323184
20	62340384
20	62377262
20	62377410
20	62377727
20	62421832
20	62493908
20	62494148
20	62571310
20	62590686
20	62594056
20	62595260
20	62595487
20	62608727
20	62659861
20	62667558
20	62679651
20	62679654
20	62701690
20	62707936
20	62848589
20	62871718
21	9908268
21	15481272
21	15537552
21	15538766
21	15680922
21	15688537
21	15688546
21	15747999
21	15872848
21	15889362
21	15918598
21	16337552
21	17214838
21	23481808
21	26802156
21	27113930
21	27142417
21	27369682
21	28296581
21	28315855
21	30300645
21	30343762
21	30359223
21	30378895
21	30505702
21	30698416
21	30717989
21	30909555
21	30949411
21	30969946
21	31588248
21	31768486
21	31869302
21	32007771
21	32253489
21	32493007
21	32502620
21	32513436
21	32595744
21	32598102
21	32624357
21	33044463
21	33370969
21	33671265
21	33686962
21	33687224
21	33689325
21	33690107
21	33694879
21	33709816
21	33716962
21	33719580
21	33749518
21	34001328
21	34001478
21	34003722
21	34115173
21	34400668
21	34401129
21	34443580
21	34444319
21	34617353
21	34635229
21	34635499
21	34697366
21	34707851
21	34841227
21	34893248
21	34947906
21	34988888
21	35134277
21	35183372
21	35183470
21	35208879
21	35258688
21	35467624
21	35468674
21	35470849
21	35476521
21	36043031
21	36161633
21	37417975
21	37444117
21	37510174
21	37602942
21	37635887
21	37650331
21	38117581
21	38121338
21	38132119
21	38269390
21	38444582
21	38444924
21	38461172
21	38524309
21	38564505
21	38593363
21	38610839
21	38853009
21	38853065
21	39086799
21	39087217
21	39528469
21	39671504
21	39672698
21	39755316
21	39755612
21	39795333
21	40550469
21	40559277
21	40571554
21	40800278
21	40969775
21	41033615
21	41033644
21	41033815
21	41034299
21	41137676
21	41457684
21	41710297
21	41719693
21	43134225
21	43161028
21	43161420
21	43221171
21	43231194
21	43240034
21	43274682
21	43274804
21	43281792
21	43309394
21	43504312
21	43697008
21	43702422
21	43716562
21	43808566
21	43896089
21	43896130
21	43913093
21	43967250
21	43994940
21	44450340
21	44483154
21	44492129
21	44836621
21	45157027
21	45166007
21	45179309
21	45179402
21	45209490
21	45217327
21	45232093
21	45502954
21	45503063
21	45503144
21	45522720
21	45534135
21	45535745
21	45537735
21	45540608
21	45726572
21	45732109
21	45738431
21	45815375
21	45821631
21	45837903
21	45838394
21	45919439
21	45948345
21	45950952
21	45978458
21	45993865
21	45994266
21	45994917
21	46032117
21	46032287
21	46032519
21	46047327
21	46057852
21	46191378
21	46276108
21	46321436
21	46380066
21	46596076
21	46596164
21	46641932
21	46876383
21	46876516
21	46918363
21	46925315
21	47402554
21	47411943
21	47417668
21	47421151
21	47423467
21	47538554
21	47549242
21	47552153
21	47556292
21	47565404
21	47575399
21	47610968
21	47635667
21	47636344
21	47639424
21	47664830
21	47703579
21	47704876
21	47783400
21	47836708
21	47850006
21	47924404
21	47971740
21	47978163
21	47983777
21	47987494
21	47987832
21	48019374
21	48022292
21	48068453
21	48069587
22	16267028
22	17072509
22	17073256
22	17443604
22	17488883
22	17586777
22	17589539
22	17600328
22	17619476
22	17625928
22	17630586
22	17690263
22	17979719
22	18020181
22	18073100
22	18185039
22	18185073
22	18210030
22	18210062
22	18222170
22	18293534
22	18376638
22	18384651
22	18769106
22	18835056
22	18846271
22	19005578
22	19005703
22	19028783
22	19119576
22	19122585
22	19127216
22	19164359
22	19319033
22	19341642
22	19470255
22	19511564
22	19511847
22	19751699
22	19752624
22	19776143
22	19789602
22	19951917
22	19963236
22	19978219
22	20073997
22	20127348
22	20128455
22	20128971
22	20130921
22	20302133
22	20343326
22	20343371
22	20457083
22	20458015
22	20640947
22	20720920
22	20760082
22	20760138
22	20784789
22	20800945
22	20819706
22	20937166
22	21044485
22	21064993
22	21088744
22	21134252
22	21304088
22	21328353
22	21330768
22	21331194
22	21331213
22	21333975
22	21344698
22	21351544
22	21363670
22	21365781
22	21369442
22	21372319
22	21380883
22	21384181
22	21385536
22	21398496
22	21470368
22	21539650
22	21800268
22	21987451
22	22036764
22	22051043
22	22273860
22	22277537
22	22285583
22	22287851
22	22313605
22	22453201
22	22677157
22	22764475
22	22868405
22	22869705
22	22986359
22	22986648
22	23011258
22	23040603
22	23040858
22	23248682
22	23488831
22	23503088
22	23632551
22	23657753
22	23658719
22	23813135
22	23813257
22	24034720
22	24105339
22	24200152
22	24217410
22	24225010
22	24324885
22	24472225
22	24562834
22	24574037
22	24579235
22	24581897
22	24621316
22	24765241
22	24838186
22	24939873
22	25003980
22	25158481
22	25243626
22	25246281
22	25251603
22	25294164
22	25297822
22	25753384
22	25771883
22	26117279
22	26231411
22	26239820
22	26688299
22	26829510
22	26830092
22	26860127
22	26888110
22	26892176
22	26895215
22	26897917
22	26902269
22	26936755
22	26940573
22	27446078
22	27456333
22	28144350
22	28194027
22	28194114
22	28195171
22	28501629
22	28559318
22	29107899
22	29121292
22	29195119
22	29442871
22	29446437
22	29450872
22	29454855
22	29533496
22	29621156
22	29664208
22	29678381
22	29724751
22	29735111
22	29747231
22	29907095
22	29921917
22	29954904
22	30163539
22	30196988
22	30210675
22	30403889
22	30642828
22	30660410
22	30681370
22	30683456
22	30684696
22	30688586
22	30688674
22	30762032
22	30775597
22	30812284
22	30821845
22	30951512
22	30974876
22	31042595
22	31042913
22	31321485
22	31322707
22	31332958
22	31335666
22	31342380
22	31531765
22	31668631
22	31844144
22	32044245
22	32097662
22	32109342
22	32111102
22	32111122
22	32206623
22	32506261
22	32631012
22	32791186
22	32795590
22	33245436
22	33679255
22	33679268
22	34046529
22	35661062
22	35690148
22	35723279
22	35804435
22	35813767
22	35819296
22	35943111
22	35947995
22	36031014
22	36135141
22	36136641
22	36597876
22	36653431
22	36677652
22	36684923
22	36690137
22	36708257
22	36714367
22	36718538
22	36897301
22	36922161
22	36960497
22	36960731
22	37271718
22	37328883
22	37333802
22	37407035
22	37407353
22	37420627
22	37425550
22	37458580
22	37462145
22	37499384
22	37603757
22	37627423
22	37696973
22	37707055
22	37770723
22	37771170
22	37886842
22	37887181
22	37892562
22	37900291
22	38061667
22	38087188
22	38087209
22	38111840
22	38153626
22	38167717
22	38236229
22	38336843
22	38374023
22	38374094
22	38379504
22	38379584
22	38380533
22	38474208
22	38474575
22	38531087
22	38539112
22	38611076
22	38611167
22	38617465
22	38617526
22	38692488
22	38696815
22	38823089
22	38824061
22	38875669
22	38875757
22	38889725
22	38987518
22	39082051
22	39095883
22	39125550
22	39126723
22	39134942
22	39135361
22	39146230
22	39263034
22	39355652
22	39414354
22	39418965
22	39421191
22	39499742
22	39530494
22	39621112
22	39711513
22	39712899
22	39781445
22	39811037
22	39826266
22	39884266
22	39884866
22	39885224
22	39908455
22	39917962
22	40037002
22	40037187
22	40055442
22	40080558
22	40362111
22	40367017
22	40425861
22	40660737
22	40661292
22	40720505
22	40720982
22	40721211
22	40722369
22	40807307
22	40827439
22	41175826
22	41531875
22	41560068
22	41573328
22	41574085
22	41633519
22	41652033
22	41677392
22	41677439
22	41721773
22	41753220
22	41753703
22	41831861
22	41832873
22	41833261
22	41911932
22	41967947
22	42032574
22	42070898
22	42086684
22	42093012
22	42139147
22	42221756
22	42273363
22	42293146
22	42296972
22	42299028
22	42301553
22	42339634
22	42383718
22	42390691
22	42393770
22	42456379
22	42536397
22	42540460
22	42556659
22	42575632
22	42606160
22	42608158
22	42611055
22	42780429
22	42828315
22	42952350
22	42970131
22	42999073
22	43015699
22	43023624
22	43023650
22	43089040
22	43089577
22	43267308
22	43435700
22	43524514
22	43565575
22	43569753
22	43600115
22	43634911
22	43658779
22	44224963
22	44342410
22	44602348
22	44891038
22	45258212
22	45312461
22	45567006
22	45571938
22	45595834
22	45598926
22	45601546
22	45732216
22	45804679
22	45938143
22	45996267
22	46239570
22	46345834
22	46505744
22	46509766
22	46640814
22	46685777
22	46693340
22	46712036
22	46758361
22	46758532
22	46763745
22	46776732
22	46780485
22	46787171
22	46790037
22	46805032
22	46931128
22	47059056
22	47062732
22	47089326
22	47882531
22	49042480
22	49147079
22	50277637
22	50279922
22	50282935
22	50283459
22	50297590
22	50303712
22	50355440
22	50435841
22	50439631
22	50528889
22	50555608
22	50555756
22	50615695
22	50657495
22	50659987
22	50705283
22	50718949
22	50719538
22	50885108
22	50894797
22	50906291
22	50942252
22	50962403
22	50962446
22	50962611
22	51009930
22	51012064
22	51017513
22	51137138
22	51170168
22	51206088
X	308373
X	595501
X	1460714
X	1510829
X	1522264
X	1551224
X	1761907
X	2406961
X	2408511
X	2408809
X	2825219
X	2825491
X	2843662
X	2856223
X	2871195
X	2871283
X	2873493
X	2942137
X	3227812
X	3228191
X	3242322
X	3242384
X	3735672
X	5821412
X	7023745
X	8095028
X	8138307
X	8536374
X	8767095
X	9659659
X	9661398
X	9693721
X	9707567
X	9862650
X	9862787
X	9900509
X	9905301
X	9912740
X	10085316
X	10094326
X	10201999
X	10203344
X	10427741
X	10491201
X	11136665
X	11316855
X	11683019
X	12837626
X	12938138
X	13645271
X	13680629
X	13682073
X	13734057
X	13790083
X	14027266
X	14038235
X	14599350
X	14748627
X	14749824
X	14877386
X	14937970
X	15311349
X	15311421
X	15349943
X	15373322
X	15474044
X	15534258
X	15618892
X	16168508
X	16701264
X	16804599
X	17080601
X	17166301
X	17167006
X	17750589
X	17751650
X	17764134
X	17768174
X	17768177
X	17770008
X	17818175
X	17819227
X	17819608
X	18194129
X	18209170
X	18257560
X	18258941
X	18323266
X	18525098
X	18606194
X	18631348
X	18659944
X	18664129
X	18807329
X	18911594
X	18915438
X	18924707
X	18972447
X	19001996
X	19009012
X	19362137
X	19364638
X	19380958
X	19449636
X	19983390
X	20069054
X	21666946
X	21670566
X	21674693
X	21861376
X	21874924
X	21875280
X	21886611
X	21887693
X	22117253
X	22265975
X	22266078
X	22292007
X	23018663
X	23019416
X	23398181
X	23685881
X	23697316
X	23749046
X	24005956
X	24229819
X	24516994
X	24576564
X	24578569
X	24580362
X	24593422
X	24665116
X	24721383
X	24844695
X	26158064
X	26212115
X	26212565
X	26213526
X	26213642
X	27766851
X	27997754
X	27998107
X	30254783
X	30714748
X	30739070
X	30847220
X	30847765
X	31165511
X	31198507
X	31222094
X	31227802
X	31462657
X	31462697
X	31496311
X	31497182
X	32536056
X	32583891
X	34148057
X	34149185
X	34645608
X	34645645
X	34961263
X	35820322
X	35820929
X	35821436
X	36269455
X	36303803
X	37027271
X	37027541
X	37027698
X	37545371
X	37642768
X	38150698
X	38156585
X	38176608
X	38530661
X	38664138
X	39922112
X	39923115
X	39932119
X	39932443
X	40465837
X	40573107
X	40945038
X	41012243
X	41075642
X	41093163
X	41393996
X	41556011
X	41782270
X	43809000
X	44091808
X	45051222
X	46322728
X	46332384
X	46360170
X	46502704
X	47004643
X	47040746
X	47040912
X	47070437
X	47092324
X	47106583
X	47248113
X	47435937
X	47444706
X	47445378
X	47486245
X	47489200
X	47495121
X	47495233
X	47497503
X	47497543
X	47498641
X	47776006
X	47978934
X	48053661
X	48054801
X	48209481
X	48317155
X	48324672
X	48336849
X	48374182
X	48382442
X	48435472
X	48457774
X	48460178
X	48460326
X	48559107
X	48566909
X	48652266
X	48675014
X	48675755
X	48681446
X	48687442
X	48751095
X	48755047
X	48762443
X	48781328
X	48792252
X	48837705
X	48887039
X	48887899
X	48919589
X	48933235
X	48935557
X	48957492
X	48979110
X	49023580
X	49023640
X	49035733
X	49061789
X	49066151
X	49071581
X	49087325
X	49089773
X	49104124
X	49173691
X	49851174
X	49856813
X	49863059
X	49957984
X	50052533
X	50090742
X	50121644
X	50213538
X	50376194
X	50378110
X	51075816
X	51150335
X	51487072
X	51488063
X	52825399
X	53117184
X	53117479
X	53172505
X	53222191
X	53228324
X	53263835
X	53280129
X	53430726
X	53432063
X	53432742
X	53439122
X	53458343
X	53565912
X	53596695
X	53621507
X	53642707
X	53654804
X	53965656
X	54049258
X	54117745
X	54117792
X	54159224
X	54184130
X	54223076
X	54224782
X	54225040
X	54263793
X	54265343
X	54467179
X	54496475
X	54496779
X	54566676
X	54776244
X	54777481
X	54948646
X	54949913
X	54955655
X	54956776
X	54956970
X	54989806
X	55029506
X	55033918
X	55041314
X	55044015
X	55052387
X	55478830
X	55479471
X	55514368
X	55650653
X	56591778
X	56592382
X	56756010
X	57319014
X	57337125
X	57619104
X	57619406
X	57622924
X	57622960
X	57623404
X	62863917
X	63410870
X	63411198
X	63411634
X	63411753
X	63411759
X	63413232
X	63444820
X	63548739
X	63551547
X	64140070
X	64141897
X	64722448
X	64725947
X	64726692
X	64732712
X	64949307
X	64957058
X	65241981
X	65409662
X	65479996
X	65817738
X	66863097
X	66931372
X	67283774
X	67942365
X	68060329
X	68060685
X	68061139
X	68061174
X	68061240
X	68749542
X	68750145
X	69366522
X	69455664
X	69455983
X	69456912
X	69478406
X	69478444
X	69478964
X	69496063
X	69507586
X	69646776
X	69723505
X	70316525
X	70345889
X	70349261
X	70356144
X	70356790
X	70362175
X	70373311
X	70387578
X	70389566
X	70469449
X	70472824
X	70524051
X	70596836
X	70602515
X	70621491
X	70644038
X	70764433
X	70774441
X	70776891
X	70783246
X	70793678
X	70794867
X	70798274
X	70798349
X	70828861
X	71347577
X	71349801
X	71350397
X	71350457
X	71351091
X	71351356
X	71360043
X	71360357
X	71424922
X	71427137
X	71427845
X	71802343
X	71839114
X	71855131
X	71872465
X	71932733
X	72347426
X	72347617
X	72433014
X	72434640
X	72901384
X	73040434
X	73043774
X	73063990
X	73064441
X	73066431
X	73507022
X	73744417
X	73745656
X	73811534
X	73963394
X	74376034
X	75003384
X	75005046
X	75397483
X	75649811
X	75650800
X	76762461
X	76777776
X	76920232
X	76938776
X	76939275
X	77112266
X	77380924
X	77528437
X	78011928
X	78426472
X	79279608
X	79282818
X	79698993
X	79699850
X	79932161
X	79932303
X	79951414
X	79960207
X	82763758
X	82763994
X	83362030
X	83362697
X	84306398
X	84363422
X	84363787
X	84522327
X	84527823
X	84537140
X	84561311
X	84622697
X	85994808
X	89176957
X	90692350
X	91134161
X	92926436
X	92926686
X	96139223
X	96139654
X	99547221
X	99547550
X	99664111
X	99840023
X	100105283
X	100129182
X	100183155
X	100242405
X	100277003
X	100349890
X	100350314
X	100532594
X	100662714
X	100667518
X	100808320
X	100808757
X	100809009
X	100880309
X	100911178
X	101087163
X	101096729
X	101821959
X	101823415
X	101856877
X	101857565
X	101858508
X	101909677
X	101909971
X	101910531
X	102317902
X	102332625
X	102337085
X	102508504
X	102585963
X	102612982
X	102841200
X	102842332
X	102931193
X	102968684
X	102979172
X	103045454
X	103047537
X	103220278
X	103360194
X	103360292
X	103411640
X	103495297
X	103495529
X	103498917
X	103903640
X	104463831
X	104464701
X	104465075
X	105011436
X	105142664
X	105149293
X	105921624
X	106070436
X	106092708
X	106096783
X	106171457
X	106396431
X	106804056
X	106840776
X	106841137
X	106843618
X	106844212
X	106845093
X	106845231
X	106957303
X	106960180
X	107301416
X	107419020
X	107430392
X	107863618
X	107923972
X	107976226
X	107976505
X	107977583
X	108619362
X	108785862
X	108885016
X	108887308
X	109247314
X	109298590
X	109560973
X	109697561
X	109699047
X	109764647
X	109764894
X	110459779
X	110489170
X	110538719
X	110538940
X	110544013
X	110644263
X	110653563
X	110968193
X	110970861
X	111003073
X	111078327
X	111090376
X	111874564
X	111874663
X	112048228
X	112065981
X	113818671
X	114143687
X	114143873
X	114144591
X	114357167
X	114398243
X	114425875
X	114427341
X	114468388
X	115304354
X	115305689
X	115590020
X	117679300
X	117718792
X	117718803
X	117742236
X	117817104
X	117959293
X	117959854
X	118215345
X	118222350
X	118243078
X	118284360
X	118540442
X	118603821
X	119048805
X	119065947
X	119249406
X	119249752
X	119293171
X	119394134
X	119512536
X	119589210
X	119694082
X	120182026
X	120182082
X	120182340
X	122616666
X	123019696
X	123020108
X	123480610
X	123538922
X	123554612
X	123805671
X	123870923
X	125299601
X	125685250
X	125685308
X	128581114
X	128599543
X	128780080
X	128888528
X	128902442
X	128976017
X	129058965
X	129147299
X	129147843
X	129189993
X	129190189
X	129200651
X	129201032
X	129201059
X	129205085
X	129205190
X	129208061
X	129265707
X	129299698
X	129306068
X	129306233
X	129318586
X	129318600
X	129377781
X	129519419
X	129546516
X	129630241
X	129799641
X	129804068
X	130219572
X	130219691
X	130419997
X	130420013
X	130420642
X	131206850
X	131212338
X	131212570
X	131351296
X	131525023
X	131573567
X	132352189
X	132352265
X	132670096
X	132887945
X	133561233
X	133674541
X	133904409
X	134022835
X	134030940
X	134155743
X	134166813
X	134257244
X	134425011
X	134711192
X	134990354
X	134990385
X	135047072
X	135055911
X	135098852
X	135126700
X	135126766
X	135127613
X	135129380
X	135288570
X	135292067
X	135304626
X	135390957
X	135405275
X	135426607
X	135427565
X	135428220
X	135431755
X	135574306
X	135618154
X	135618212
X	135741468
X	135741537
X	135754242
X	135762992
X	135958766
X	138286256
X	138664323
X	138713553
X	138808949
X	138809463
X	138809705
X	138850419
X	138850510
X	138865323
X	139099441
X	139585794
X	139587091
X	139865795
X	140008339
X	140785660
X	140953381
X	140969201
X	140984762
X	140992839
X	140994684
X	140995437
X	140995596
X	142717733
X	142804023
X	142967958
X	144337193
X	144904398
X	144904528
X	144904757
X	144911024
X	148035166
X	148044320
X	148048367
X	148073109
X	148076926
X	148082095
X	148586562
X	148628333
X	148664983
X	148685671
X	148796187
X	149014263
X	149680439
X	149787510
X	149867755
X	149905906
X	150156998
X	150349864
X	150832605
X	150841113
X	150869264
X	150891303
X	150891328
X	150908202
X	150911024
X	150912724
X	150912833
X	151092242
X	151283628
X	151284059
X	151303454
X	151376602
X	151813987
X	151818236
X	151821633
X	151870697
X	151900738
X	151934780
X	152018824
X	152018961
X	152036120
X	152085680
X	152100223
X	152159078
X	152225847
X	152482505
X	152483031
X	152612303
X	152686627
X	152686858
X	152710928
X	152711058
X	152722683
X	152772502
X	152773762
X	152815695
X	152818685
X	152847602
X	152915774
X	152915866
X	152915908
X	152916005
X	152937526
X	152991455
X	152994707
X	152994866
X	153009064
X	153036011
X	153041104
X	153053529
X	153063796
X	153069144
X	153069788
X	153073884
X	153127803
X	153132564
X	153135284
X	153172146
X	153209605
X	153214550
X	153215865
X	153222399
X	153222502
X	153225748
X	153227012
X	153228694
X	153247501
X	153248120
X	153278069
X	153283769
X	153292578
X	153297738
X	153459044
X	153461483
X	153589676
X	153596291
X	153599342
X	153633959
X	153649812
X	153670997
X	153671400
X	153678260
X	153694055
X	153694352
X	153694767
X	153716040
X	153716382
X	153735751
X	153770477
X	153941644
X	154010064
X	154132285
X	154157569
X	154158655
X	154175983
X	154194256
X	154282947
X	154464571
X	154493637
X	154743725
X	155005369
X	155008119
X	155009465
X	155011650
X	155169381
X	155235144
X	155239747
X	155254976
