sample	sample_dir	loci_file	allele_frequencies_file	cellularity_ploidy_file	battenberg_file	r_script	ccf_file
TCGA-05-4244-01	C:/CloneHD_benchmarking/DPclust/TCGA/dpclust_batch_luad\TCGA-05-4244-01	C:/CloneHD_benchmarking/DPclust/TCGA/dpclust_batch_luad\TCGA-05-4244-01\TCGA-05-4244-01_loci.txt	C:/CloneHD_benchmarking/DPclust/TCGA/dpclust_batch_luad\TCGA-05-4244-01\TCGA-05-4244-01_alleleFrequencies.txt	C:/CloneHD_benchmarking/DPclust/TCGA/dpclust_batch_luad\TCGA-05-4244-01\TCGA-05-4244-01.cellularity_ploidy	C:/CloneHD_benchmarking/DPclust/TCGA/dpclust_batch_luad\TCGA-05-4244-01\TCGA-05-4244-01.battenberg	C:/CloneHD_benchmarking/DPclust/TCGA/dpclust_batch_luad\TCGA-05-4244-01\run_dpclust3p_TCGA-05-4244-01.R	C:/CloneHD_benchmarking/DPclust/TCGA/dpclust_batch_luad\TCGA-05-4244-01\TCGA-05-4244-01_ccf.tsv
TCGA-05-4249-01	C:/CloneHD_benchmarking/DPclust/TCGA/dpclust_batch_luad\TCGA-05-4249-01	C:/CloneHD_benchmarking/DPclust/TCGA/dpclust_batch_luad\TCGA-05-4249-01\TCGA-05-4249-01_loci.txt	C:/CloneHD_benchmarking/DPclust/TCGA/dpclust_batch_luad\TCGA-05-4249-01\TCGA-05-4249-01_alleleFrequencies.txt	C:/CloneHD_benchmarking/DPclust/TCGA/dpclust_batch_luad\TCGA-05-4249-01\TCGA-05-4249-01.cellularity_ploidy	C:/CloneHD_benchmarking/DPclust/TCGA/dpclust_batch_luad\TCGA-05-4249-01\TCGA-05-4249-01.battenberg	C:/CloneHD_benchmarking/DPclust/TCGA/dpclust_batch_luad\TCGA-05-4249-01\run_dpclust3p_TCGA-05-4249-01.R	C:/CloneHD_benchmarking/DPclust/TCGA/dpclust_batch_luad\TCGA-05-4249-01\TCGA-05-4249-01_ccf.tsv
TCGA-05-4250-01	C:/CloneHD_benchmarking/DPclust/TCGA/dpclust_batch_luad\TCGA-05-4250-01	C:/CloneHD_benchmarking/DPclust/TCGA/dpclust_batch_luad\TCGA-05-4250-01\TCGA-05-4250-01_loci.txt	C:/CloneHD_benchmarking/DPclust/TCGA/dpclust_batch_luad\TCGA-05-4250-01\TCGA-05-4250-01_alleleFrequencies.txt	C:/CloneHD_benchmarking/DPclust/TCGA/dpclust_batch_luad\TCGA-05-4250-01\TCGA-05-4250-01.cellularity_ploidy	C:/CloneHD_benchmarking/DPclust/TCGA/dpclust_batch_luad\TCGA-05-4250-01\TCGA-05-4250-01.battenberg	C:/CloneHD_benchmarking/DPclust/TCGA/dpclust_batch_luad\TCGA-05-4250-01\run_dpclust3p_TCGA-05-4250-01.R	C:/CloneHD_benchmarking/DPclust/TCGA/dpclust_batch_luad\TCGA-05-4250-01\TCGA-05-4250-01_ccf.tsv
TCGA-05-4382-01	C:/CloneHD_benchmarking/DPclust/TCGA/dpclust_batch_luad\TCGA-05-4382-01	C:/CloneHD_benchmarking/DPclust/TCGA/dpclust_batch_luad\TCGA-05-4382-01\TCGA-05-4382-01_loci.txt	C:/CloneHD_benchmarking/DPclust/TCGA/dpclust_batch_luad\TCGA-05-4382-01\TCGA-05-4382-01_alleleFrequencies.txt	C:/CloneHD_benchmarking/DPclust/TCGA/dpclust_batch_luad\TCGA-05-4382-01\TCGA-05-4382-01.cellularity_ploidy	C:/CloneHD_benchmarking/DPclust/TCGA/dpclust_batch_luad\TCGA-05-4382-01\TCGA-05-4382-01.battenberg	C:/CloneHD_benchmarking/DPclust/TCGA/dpclust_batch_luad\TCGA-05-4382-01\run_dpclust3p_TCGA-05-4382-01.R	C:/CloneHD_benchmarking/DPclust/TCGA/dpclust_batch_luad\TCGA-05-4382-01\TCGA-05-4382-01_ccf.tsv
TCGA-05-4384-01	C:/CloneHD_benchmarking/DPclust/TCGA/dpclust_batch_luad\TCGA-05-4384-01	C:/CloneHD_benchmarking/DPclust/TCGA/dpclust_batch_luad\TCGA-05-4384-01\TCGA-05-4384-01_loci.txt	C:/CloneHD_benchmarking/DPclust/TCGA/dpclust_batch_luad\TCGA-05-4384-01\TCGA-05-4384-01_alleleFrequencies.txt	C:/CloneHD_benchmarking/DPclust/TCGA/dpclust_batch_luad\TCGA-05-4384-01\TCGA-05-4384-01.cellularity_ploidy	C:/CloneHD_benchmarking/DPclust/TCGA/dpclust_batch_luad\TCGA-05-4384-01\TCGA-05-4384-01.battenberg	C:/CloneHD_benchmarking/DPclust/TCGA/dpclust_batch_luad\TCGA-05-4384-01\run_dpclust3p_TCGA-05-4384-01.R	C:/CloneHD_benchmarking/DPclust/TCGA/dpclust_batch_luad\TCGA-05-4384-01\TCGA-05-4384-01_ccf.tsv
TCGA-05-4389-01	C:/CloneHD_benchmarking/DPclust/TCGA/dpclust_batch_luad\TCGA-05-4389-01	C:/CloneHD_benchmarking/DPclust/TCGA/dpclust_batch_luad\TCGA-05-4389-01\TCGA-05-4389-01_loci.txt	C:/CloneHD_benchmarking/DPclust/TCGA/dpclust_batch_luad\TCGA-05-4389-01\TCGA-05-4389-01_alleleFrequencies.txt	C:/CloneHD_benchmarking/DPclust/TCGA/dpclust_batch_luad\TCGA-05-4389-01\TCGA-05-4389-01.cellularity_ploidy	C:/CloneHD_benchmarking/DPclust/TCGA/dpclust_batch_luad\TCGA-05-4389-01\TCGA-05-4389-01.battenberg	C:/CloneHD_benchmarking/DPclust/TCGA/dpclust_batch_luad\TCGA-05-4389-01\run_dpclust3p_TCGA-05-4389-01.R	C:/CloneHD_benchmarking/DPclust/TCGA/dpclust_batch_luad\TCGA-05-4389-01\TCGA-05-4389-01_ccf.tsv
TCGA-05-4390-01	C:/CloneHD_benchmarking/DPclust/TCGA/dpclust_batch_luad\TCGA-05-4390-01	C:/CloneHD_benchmarking/DPclust/TCGA/dpclust_batch_luad\TCGA-05-4390-01\TCGA-05-4390-01_loci.txt	C:/CloneHD_benchmarking/DPclust/TCGA/dpclust_batch_luad\TCGA-05-4390-01\TCGA-05-4390-01_alleleFrequencies.txt	C:/CloneHD_benchmarking/DPclust/TCGA/dpclust_batch_luad\TCGA-05-4390-01\TCGA-05-4390-01.cellularity_ploidy	C:/CloneHD_benchmarking/DPclust/TCGA/dpclust_batch_luad\TCGA-05-4390-01\TCGA-05-4390-01.battenberg	C:/CloneHD_benchmarking/DPclust/TCGA/dpclust_batch_luad\TCGA-05-4390-01\run_dpclust3p_TCGA-05-4390-01.R	C:/CloneHD_benchmarking/DPclust/TCGA/dpclust_batch_luad\TCGA-05-4390-01\TCGA-05-4390-01_ccf.tsv
TCGA-05-4395-01	C:/CloneHD_benchmarking/DPclust/TCGA/dpclust_batch_luad\TCGA-05-4395-01	C:/CloneHD_benchmarking/DPclust/TCGA/dpclust_batch_luad\TCGA-05-4395-01\TCGA-05-4395-01_loci.txt	C:/CloneHD_benchmarking/DPclust/TCGA/dpclust_batch_luad\TCGA-05-4395-01\TCGA-05-4395-01_alleleFrequencies.txt	C:/CloneHD_benchmarking/DPclust/TCGA/dpclust_batch_luad\TCGA-05-4395-01\TCGA-05-4395-01.cellularity_ploidy	C:/CloneHD_benchmarking/DPclust/TCGA/dpclust_batch_luad\TCGA-05-4395-01\TCGA-05-4395-01.battenberg	C:/CloneHD_benchmarking/DPclust/TCGA/dpclust_batch_luad\TCGA-05-4395-01\run_dpclust3p_TCGA-05-4395-01.R	C:/CloneHD_benchmarking/DPclust/TCGA/dpclust_batch_luad\TCGA-05-4395-01\TCGA-05-4395-01_ccf.tsv
TCGA-05-4396-01	C:/CloneHD_benchmarking/DPclust/TCGA/dpclust_batch_luad\TCGA-05-4396-01	C:/CloneHD_benchmarking/DPclust/TCGA/dpclust_batch_luad\TCGA-05-4396-01\TCGA-05-4396-01_loci.txt	C:/CloneHD_benchmarking/DPclust/TCGA/dpclust_batch_luad\TCGA-05-4396-01\TCGA-05-4396-01_alleleFrequencies.txt	C:/CloneHD_benchmarking/DPclust/TCGA/dpclust_batch_luad\TCGA-05-4396-01\TCGA-05-4396-01.cellularity_ploidy	C:/CloneHD_benchmarking/DPclust/TCGA/dpclust_batch_luad\TCGA-05-4396-01\TCGA-05-4396-01.battenberg	C:/CloneHD_benchmarking/DPclust/TCGA/dpclust_batch_luad\TCGA-05-4396-01\run_dpclust3p_TCGA-05-4396-01.R	C:/CloneHD_benchmarking/DPclust/TCGA/dpclust_batch_luad\TCGA-05-4396-01\TCGA-05-4396-01_ccf.tsv
TCGA-05-4397-01	C:/CloneHD_benchmarking/DPclust/TCGA/dpclust_batch_luad\TCGA-05-4397-01	C:/CloneHD_benchmarking/DPclust/TCGA/dpclust_batch_luad\TCGA-05-4397-01\TCGA-05-4397-01_loci.txt	C:/CloneHD_benchmarking/DPclust/TCGA/dpclust_batch_luad\TCGA-05-4397-01\TCGA-05-4397-01_alleleFrequencies.txt	C:/CloneHD_benchmarking/DPclust/TCGA/dpclust_batch_luad\TCGA-05-4397-01\TCGA-05-4397-01.cellularity_ploidy	C:/CloneHD_benchmarking/DPclust/TCGA/dpclust_batch_luad\TCGA-05-4397-01\TCGA-05-4397-01.battenberg	C:/CloneHD_benchmarking/DPclust/TCGA/dpclust_batch_luad\TCGA-05-4397-01\run_dpclust3p_TCGA-05-4397-01.R	C:/CloneHD_benchmarking/DPclust/TCGA/dpclust_batch_luad\TCGA-05-4397-01\TCGA-05-4397-01_ccf.tsv
TCGA-05-4398-01	C:/CloneHD_benchmarking/DPclust/TCGA/dpclust_batch_luad\TCGA-05-4398-01	C:/CloneHD_benchmarking/DPclust/TCGA/dpclust_batch_luad\TCGA-05-4398-01\TCGA-05-4398-01_loci.txt	C:/CloneHD_benchmarking/DPclust/TCGA/dpclust_batch_luad\TCGA-05-4398-01\TCGA-05-4398-01_alleleFrequencies.txt	C:/CloneHD_benchmarking/DPclust/TCGA/dpclust_batch_luad\TCGA-05-4398-01\TCGA-05-4398-01.cellularity_ploidy	C:/CloneHD_benchmarking/DPclust/TCGA/dpclust_batch_luad\TCGA-05-4398-01\TCGA-05-4398-01.battenberg	C:/CloneHD_benchmarking/DPclust/TCGA/dpclust_batch_luad\TCGA-05-4398-01\run_dpclust3p_TCGA-05-4398-01.R	C:/CloneHD_benchmarking/DPclust/TCGA/dpclust_batch_luad\TCGA-05-4398-01\TCGA-05-4398-01_ccf.tsv
TCGA-05-4402-01	C:/CloneHD_benchmarking/DPclust/TCGA/dpclust_batch_luad\TCGA-05-4402-01	C:/CloneHD_benchmarking/DPclust/TCGA/dpclust_batch_luad\TCGA-05-4402-01\TCGA-05-4402-01_loci.txt	C:/CloneHD_benchmarking/DPclust/TCGA/dpclust_batch_luad\TCGA-05-4402-01\TCGA-05-4402-01_alleleFrequencies.txt	C:/CloneHD_benchmarking/DPclust/TCGA/dpclust_batch_luad\TCGA-05-4402-01\TCGA-05-4402-01.cellularity_ploidy	C:/CloneHD_benchmarking/DPclust/TCGA/dpclust_batch_luad\TCGA-05-4402-01\TCGA-05-4402-01.battenberg	C:/CloneHD_benchmarking/DPclust/TCGA/dpclust_batch_luad\TCGA-05-4402-01\run_dpclust3p_TCGA-05-4402-01.R	C:/CloneHD_benchmarking/DPclust/TCGA/dpclust_batch_luad\TCGA-05-4402-01\TCGA-05-4402-01_ccf.tsv
TCGA-05-4403-01	C:/CloneHD_benchmarking/DPclust/TCGA/dpclust_batch_luad\TCGA-05-4403-01	C:/CloneHD_benchmarking/DPclust/TCGA/dpclust_batch_luad\TCGA-05-4403-01\TCGA-05-4403-01_loci.txt	C:/CloneHD_benchmarking/DPclust/TCGA/dpclust_batch_luad\TCGA-05-4403-01\TCGA-05-4403-01_alleleFrequencies.txt	C:/CloneHD_benchmarking/DPclust/TCGA/dpclust_batch_luad\TCGA-05-4403-01\TCGA-05-4403-01.cellularity_ploidy	C:/CloneHD_benchmarking/DPclust/TCGA/dpclust_batch_luad\TCGA-05-4403-01\TCGA-05-4403-01.battenberg	C:/CloneHD_benchmarking/DPclust/TCGA/dpclust_batch_luad\TCGA-05-4403-01\run_dpclust3p_TCGA-05-4403-01.R	C:/CloneHD_benchmarking/DPclust/TCGA/dpclust_batch_luad\TCGA-05-4403-01\TCGA-05-4403-01_ccf.tsv
TCGA-05-4405-01	C:/CloneHD_benchmarking/DPclust/TCGA/dpclust_batch_luad\TCGA-05-4405-01	C:/CloneHD_benchmarking/DPclust/TCGA/dpclust_batch_luad\TCGA-05-4405-01\TCGA-05-4405-01_loci.txt	C:/CloneHD_benchmarking/DPclust/TCGA/dpclust_batch_luad\TCGA-05-4405-01\TCGA-05-4405-01_alleleFrequencies.txt	C:/CloneHD_benchmarking/DPclust/TCGA/dpclust_batch_luad\TCGA-05-4405-01\TCGA-05-4405-01.cellularity_ploidy	C:/CloneHD_benchmarking/DPclust/TCGA/dpclust_batch_luad\TCGA-05-4405-01\TCGA-05-4405-01.battenberg	C:/CloneHD_benchmarking/DPclust/TCGA/dpclust_batch_luad\TCGA-05-4405-01\run_dpclust3p_TCGA-05-4405-01.R	C:/CloneHD_benchmarking/DPclust/TCGA/dpclust_batch_luad\TCGA-05-4405-01\TCGA-05-4405-01_ccf.tsv
TCGA-05-4410-01	C:/CloneHD_benchmarking/DPclust/TCGA/dpclust_batch_luad\TCGA-05-4410-01	C:/CloneHD_benchmarking/DPclust/TCGA/dpclust_batch_luad\TCGA-05-4410-01\TCGA-05-4410-01_loci.txt	C:/CloneHD_benchmarking/DPclust/TCGA/dpclust_batch_luad\TCGA-05-4410-01\TCGA-05-4410-01_alleleFrequencies.txt	C:/CloneHD_benchmarking/DPclust/TCGA/dpclust_batch_luad\TCGA-05-4410-01\TCGA-05-4410-01.cellularity_ploidy	C:/CloneHD_benchmarking/DPclust/TCGA/dpclust_batch_luad\TCGA-05-4410-01\TCGA-05-4410-01.battenberg	C:/CloneHD_benchmarking/DPclust/TCGA/dpclust_batch_luad\TCGA-05-4410-01\run_dpclust3p_TCGA-05-4410-01.R	C:/CloneHD_benchmarking/DPclust/TCGA/dpclust_batch_luad\TCGA-05-4410-01\TCGA-05-4410-01_ccf.tsv
TCGA-05-4415-01	C:/CloneHD_benchmarking/DPclust/TCGA/dpclust_batch_luad\TCGA-05-4415-01	C:/CloneHD_benchmarking/DPclust/TCGA/dpclust_batch_luad\TCGA-05-4415-01\TCGA-05-4415-01_loci.txt	C:/CloneHD_benchmarking/DPclust/TCGA/dpclust_batch_luad\TCGA-05-4415-01\TCGA-05-4415-01_alleleFrequencies.txt	C:/CloneHD_benchmarking/DPclust/TCGA/dpclust_batch_luad\TCGA-05-4415-01\TCGA-05-4415-01.cellularity_ploidy	C:/CloneHD_benchmarking/DPclust/TCGA/dpclust_batch_luad\TCGA-05-4415-01\TCGA-05-4415-01.battenberg	C:/CloneHD_benchmarking/DPclust/TCGA/dpclust_batch_luad\TCGA-05-4415-01\run_dpclust3p_TCGA-05-4415-01.R	C:/CloneHD_benchmarking/DPclust/TCGA/dpclust_batch_luad\TCGA-05-4415-01\TCGA-05-4415-01_ccf.tsv
TCGA-05-4417-01	C:/CloneHD_benchmarking/DPclust/TCGA/dpclust_batch_luad\TCGA-05-4417-01	C:/CloneHD_benchmarking/DPclust/TCGA/dpclust_batch_luad\TCGA-05-4417-01\TCGA-05-4417-01_loci.txt	C:/CloneHD_benchmarking/DPclust/TCGA/dpclust_batch_luad\TCGA-05-4417-01\TCGA-05-4417-01_alleleFrequencies.txt	C:/CloneHD_benchmarking/DPclust/TCGA/dpclust_batch_luad\TCGA-05-4417-01\TCGA-05-4417-01.cellularity_ploidy	C:/CloneHD_benchmarking/DPclust/TCGA/dpclust_batch_luad\TCGA-05-4417-01\TCGA-05-4417-01.battenberg	C:/CloneHD_benchmarking/DPclust/TCGA/dpclust_batch_luad\TCGA-05-4417-01\run_dpclust3p_TCGA-05-4417-01.R	C:/CloneHD_benchmarking/DPclust/TCGA/dpclust_batch_luad\TCGA-05-4417-01\TCGA-05-4417-01_ccf.tsv
TCGA-05-4418-01	C:/CloneHD_benchmarking/DPclust/TCGA/dpclust_batch_luad\TCGA-05-4418-01	C:/CloneHD_benchmarking/DPclust/TCGA/dpclust_batch_luad\TCGA-05-4418-01\TCGA-05-4418-01_loci.txt	C:/CloneHD_benchmarking/DPclust/TCGA/dpclust_batch_luad\TCGA-05-4418-01\TCGA-05-4418-01_alleleFrequencies.txt	C:/CloneHD_benchmarking/DPclust/TCGA/dpclust_batch_luad\TCGA-05-4418-01\TCGA-05-4418-01.cellularity_ploidy	C:/CloneHD_benchmarking/DPclust/TCGA/dpclust_batch_luad\TCGA-05-4418-01\TCGA-05-4418-01.battenberg	C:/CloneHD_benchmarking/DPclust/TCGA/dpclust_batch_luad\TCGA-05-4418-01\run_dpclust3p_TCGA-05-4418-01.R	C:/CloneHD_benchmarking/DPclust/TCGA/dpclust_batch_luad\TCGA-05-4418-01\TCGA-05-4418-01_ccf.tsv
TCGA-05-4420-01	C:/CloneHD_benchmarking/DPclust/TCGA/dpclust_batch_luad\TCGA-05-4420-01	C:/CloneHD_benchmarking/DPclust/TCGA/dpclust_batch_luad\TCGA-05-4420-01\TCGA-05-4420-01_loci.txt	C:/CloneHD_benchmarking/DPclust/TCGA/dpclust_batch_luad\TCGA-05-4420-01\TCGA-05-4420-01_alleleFrequencies.txt	C:/CloneHD_benchmarking/DPclust/TCGA/dpclust_batch_luad\TCGA-05-4420-01\TCGA-05-4420-01.cellularity_ploidy	C:/CloneHD_benchmarking/DPclust/TCGA/dpclust_batch_luad\TCGA-05-4420-01\TCGA-05-4420-01.battenberg	C:/CloneHD_benchmarking/DPclust/TCGA/dpclust_batch_luad\TCGA-05-4420-01\run_dpclust3p_TCGA-05-4420-01.R	C:/CloneHD_benchmarking/DPclust/TCGA/dpclust_batch_luad\TCGA-05-4420-01\TCGA-05-4420-01_ccf.tsv
TCGA-05-4422-01	C:/CloneHD_benchmarking/DPclust/TCGA/dpclust_batch_luad\TCGA-05-4422-01	C:/CloneHD_benchmarking/DPclust/TCGA/dpclust_batch_luad\TCGA-05-4422-01\TCGA-05-4422-01_loci.txt	C:/CloneHD_benchmarking/DPclust/TCGA/dpclust_batch_luad\TCGA-05-4422-01\TCGA-05-4422-01_alleleFrequencies.txt	C:/CloneHD_benchmarking/DPclust/TCGA/dpclust_batch_luad\TCGA-05-4422-01\TCGA-05-4422-01.cellularity_ploidy	C:/CloneHD_benchmarking/DPclust/TCGA/dpclust_batch_luad\TCGA-05-4422-01\TCGA-05-4422-01.battenberg	C:/CloneHD_benchmarking/DPclust/TCGA/dpclust_batch_luad\TCGA-05-4422-01\run_dpclust3p_TCGA-05-4422-01.R	C:/CloneHD_benchmarking/DPclust/TCGA/dpclust_batch_luad\TCGA-05-4422-01\TCGA-05-4422-01_ccf.tsv
TCGA-05-4424-01	C:/CloneHD_benchmarking/DPclust/TCGA/dpclust_batch_luad\TCGA-05-4424-01	C:/CloneHD_benchmarking/DPclust/TCGA/dpclust_batch_luad\TCGA-05-4424-01\TCGA-05-4424-01_loci.txt	C:/CloneHD_benchmarking/DPclust/TCGA/dpclust_batch_luad\TCGA-05-4424-01\TCGA-05-4424-01_alleleFrequencies.txt	C:/CloneHD_benchmarking/DPclust/TCGA/dpclust_batch_luad\TCGA-05-4424-01\TCGA-05-4424-01.cellularity_ploidy	C:/CloneHD_benchmarking/DPclust/TCGA/dpclust_batch_luad\TCGA-05-4424-01\TCGA-05-4424-01.battenberg	C:/CloneHD_benchmarking/DPclust/TCGA/dpclust_batch_luad\TCGA-05-4424-01\run_dpclust3p_TCGA-05-4424-01.R	C:/CloneHD_benchmarking/DPclust/TCGA/dpclust_batch_luad\TCGA-05-4424-01\TCGA-05-4424-01_ccf.tsv
TCGA-05-4425-01	C:/CloneHD_benchmarking/DPclust/TCGA/dpclust_batch_luad\TCGA-05-4425-01	C:/CloneHD_benchmarking/DPclust/TCGA/dpclust_batch_luad\TCGA-05-4425-01\TCGA-05-4425-01_loci.txt	C:/CloneHD_benchmarking/DPclust/TCGA/dpclust_batch_luad\TCGA-05-4425-01\TCGA-05-4425-01_alleleFrequencies.txt	C:/CloneHD_benchmarking/DPclust/TCGA/dpclust_batch_luad\TCGA-05-4425-01\TCGA-05-4425-01.cellularity_ploidy	C:/CloneHD_benchmarking/DPclust/TCGA/dpclust_batch_luad\TCGA-05-4425-01\TCGA-05-4425-01.battenberg	C:/CloneHD_benchmarking/DPclust/TCGA/dpclust_batch_luad\TCGA-05-4425-01\run_dpclust3p_TCGA-05-4425-01.R	C:/CloneHD_benchmarking/DPclust/TCGA/dpclust_batch_luad\TCGA-05-4425-01\TCGA-05-4425-01_ccf.tsv
TCGA-05-4426-01	C:/CloneHD_benchmarking/DPclust/TCGA/dpclust_batch_luad\TCGA-05-4426-01	C:/CloneHD_benchmarking/DPclust/TCGA/dpclust_batch_luad\TCGA-05-4426-01\TCGA-05-4426-01_loci.txt	C:/CloneHD_benchmarking/DPclust/TCGA/dpclust_batch_luad\TCGA-05-4426-01\TCGA-05-4426-01_alleleFrequencies.txt	C:/CloneHD_benchmarking/DPclust/TCGA/dpclust_batch_luad\TCGA-05-4426-01\TCGA-05-4426-01.cellularity_ploidy	C:/CloneHD_benchmarking/DPclust/TCGA/dpclust_batch_luad\TCGA-05-4426-01\TCGA-05-4426-01.battenberg	C:/CloneHD_benchmarking/DPclust/TCGA/dpclust_batch_luad\TCGA-05-4426-01\run_dpclust3p_TCGA-05-4426-01.R	C:/CloneHD_benchmarking/DPclust/TCGA/dpclust_batch_luad\TCGA-05-4426-01\TCGA-05-4426-01_ccf.tsv
TCGA-05-4427-01	C:/CloneHD_benchmarking/DPclust/TCGA/dpclust_batch_luad\TCGA-05-4427-01	C:/CloneHD_benchmarking/DPclust/TCGA/dpclust_batch_luad\TCGA-05-4427-01\TCGA-05-4427-01_loci.txt	C:/CloneHD_benchmarking/DPclust/TCGA/dpclust_batch_luad\TCGA-05-4427-01\TCGA-05-4427-01_alleleFrequencies.txt	C:/CloneHD_benchmarking/DPclust/TCGA/dpclust_batch_luad\TCGA-05-4427-01\TCGA-05-4427-01.cellularity_ploidy	C:/CloneHD_benchmarking/DPclust/TCGA/dpclust_batch_luad\TCGA-05-4427-01\TCGA-05-4427-01.battenberg	C:/CloneHD_benchmarking/DPclust/TCGA/dpclust_batch_luad\TCGA-05-4427-01\run_dpclust3p_TCGA-05-4427-01.R	C:/CloneHD_benchmarking/DPclust/TCGA/dpclust_batch_luad\TCGA-05-4427-01\TCGA-05-4427-01_ccf.tsv
TCGA-05-4430-01	C:/CloneHD_benchmarking/DPclust/TCGA/dpclust_batch_luad\TCGA-05-4430-01	C:/CloneHD_benchmarking/DPclust/TCGA/dpclust_batch_luad\TCGA-05-4430-01\TCGA-05-4430-01_loci.txt	C:/CloneHD_benchmarking/DPclust/TCGA/dpclust_batch_luad\TCGA-05-4430-01\TCGA-05-4430-01_alleleFrequencies.txt	C:/CloneHD_benchmarking/DPclust/TCGA/dpclust_batch_luad\TCGA-05-4430-01\TCGA-05-4430-01.cellularity_ploidy	C:/CloneHD_benchmarking/DPclust/TCGA/dpclust_batch_luad\TCGA-05-4430-01\TCGA-05-4430-01.battenberg	C:/CloneHD_benchmarking/DPclust/TCGA/dpclust_batch_luad\TCGA-05-4430-01\run_dpclust3p_TCGA-05-4430-01.R	C:/CloneHD_benchmarking/DPclust/TCGA/dpclust_batch_luad\TCGA-05-4430-01\TCGA-05-4430-01_ccf.tsv
TCGA-05-4432-01	C:/CloneHD_benchmarking/DPclust/TCGA/dpclust_batch_luad\TCGA-05-4432-01	C:/CloneHD_benchmarking/DPclust/TCGA/dpclust_batch_luad\TCGA-05-4432-01\TCGA-05-4432-01_loci.txt	C:/CloneHD_benchmarking/DPclust/TCGA/dpclust_batch_luad\TCGA-05-4432-01\TCGA-05-4432-01_alleleFrequencies.txt	C:/CloneHD_benchmarking/DPclust/TCGA/dpclust_batch_luad\TCGA-05-4432-01\TCGA-05-4432-01.cellularity_ploidy	C:/CloneHD_benchmarking/DPclust/TCGA/dpclust_batch_luad\TCGA-05-4432-01\TCGA-05-4432-01.battenberg	C:/CloneHD_benchmarking/DPclust/TCGA/dpclust_batch_luad\TCGA-05-4432-01\run_dpclust3p_TCGA-05-4432-01.R	C:/CloneHD_benchmarking/DPclust/TCGA/dpclust_batch_luad\TCGA-05-4432-01\TCGA-05-4432-01_ccf.tsv
TCGA-05-4433-01	C:/CloneHD_benchmarking/DPclust/TCGA/dpclust_batch_luad\TCGA-05-4433-01	C:/CloneHD_benchmarking/DPclust/TCGA/dpclust_batch_luad\TCGA-05-4433-01\TCGA-05-4433-01_loci.txt	C:/CloneHD_benchmarking/DPclust/TCGA/dpclust_batch_luad\TCGA-05-4433-01\TCGA-05-4433-01_alleleFrequencies.txt	C:/CloneHD_benchmarking/DPclust/TCGA/dpclust_batch_luad\TCGA-05-4433-01\TCGA-05-4433-01.cellularity_ploidy	C:/CloneHD_benchmarking/DPclust/TCGA/dpclust_batch_luad\TCGA-05-4433-01\TCGA-05-4433-01.battenberg	C:/CloneHD_benchmarking/DPclust/TCGA/dpclust_batch_luad\TCGA-05-4433-01\run_dpclust3p_TCGA-05-4433-01.R	C:/CloneHD_benchmarking/DPclust/TCGA/dpclust_batch_luad\TCGA-05-4433-01\TCGA-05-4433-01_ccf.tsv
TCGA-05-4434-01	C:/CloneHD_benchmarking/DPclust/TCGA/dpclust_batch_luad\TCGA-05-4434-01	C:/CloneHD_benchmarking/DPclust/TCGA/dpclust_batch_luad\TCGA-05-4434-01\TCGA-05-4434-01_loci.txt	C:/CloneHD_benchmarking/DPclust/TCGA/dpclust_batch_luad\TCGA-05-4434-01\TCGA-05-4434-01_alleleFrequencies.txt	C:/CloneHD_benchmarking/DPclust/TCGA/dpclust_batch_luad\TCGA-05-4434-01\TCGA-05-4434-01.cellularity_ploidy	C:/CloneHD_benchmarking/DPclust/TCGA/dpclust_batch_luad\TCGA-05-4434-01\TCGA-05-4434-01.battenberg	C:/CloneHD_benchmarking/DPclust/TCGA/dpclust_batch_luad\TCGA-05-4434-01\run_dpclust3p_TCGA-05-4434-01.R	C:/CloneHD_benchmarking/DPclust/TCGA/dpclust_batch_luad\TCGA-05-4434-01\TCGA-05-4434-01_ccf.tsv
TCGA-05-5423-01	C:/CloneHD_benchmarking/DPclust/TCGA/dpclust_batch_luad\TCGA-05-5423-01	C:/CloneHD_benchmarking/DPclust/TCGA/dpclust_batch_luad\TCGA-05-5423-01\TCGA-05-5423-01_loci.txt	C:/CloneHD_benchmarking/DPclust/TCGA/dpclust_batch_luad\TCGA-05-5423-01\TCGA-05-5423-01_alleleFrequencies.txt	C:/CloneHD_benchmarking/DPclust/TCGA/dpclust_batch_luad\TCGA-05-5423-01\TCGA-05-5423-01.cellularity_ploidy	C:/CloneHD_benchmarking/DPclust/TCGA/dpclust_batch_luad\TCGA-05-5423-01\TCGA-05-5423-01.battenberg	C:/CloneHD_benchmarking/DPclust/TCGA/dpclust_batch_luad\TCGA-05-5423-01\run_dpclust3p_TCGA-05-5423-01.R	C:/CloneHD_benchmarking/DPclust/TCGA/dpclust_batch_luad\TCGA-05-5423-01\TCGA-05-5423-01_ccf.tsv
TCGA-05-5425-01	C:/CloneHD_benchmarking/DPclust/TCGA/dpclust_batch_luad\TCGA-05-5425-01	C:/CloneHD_benchmarking/DPclust/TCGA/dpclust_batch_luad\TCGA-05-5425-01\TCGA-05-5425-01_loci.txt	C:/CloneHD_benchmarking/DPclust/TCGA/dpclust_batch_luad\TCGA-05-5425-01\TCGA-05-5425-01_alleleFrequencies.txt	C:/CloneHD_benchmarking/DPclust/TCGA/dpclust_batch_luad\TCGA-05-5425-01\TCGA-05-5425-01.cellularity_ploidy	C:/CloneHD_benchmarking/DPclust/TCGA/dpclust_batch_luad\TCGA-05-5425-01\TCGA-05-5425-01.battenberg	C:/CloneHD_benchmarking/DPclust/TCGA/dpclust_batch_luad\TCGA-05-5425-01\run_dpclust3p_TCGA-05-5425-01.R	C:/CloneHD_benchmarking/DPclust/TCGA/dpclust_batch_luad\TCGA-05-5425-01\TCGA-05-5425-01_ccf.tsv
TCGA-05-5428-01	C:/CloneHD_benchmarking/DPclust/TCGA/dpclust_batch_luad\TCGA-05-5428-01	C:/CloneHD_benchmarking/DPclust/TCGA/dpclust_batch_luad\TCGA-05-5428-01\TCGA-05-5428-01_loci.txt	C:/CloneHD_benchmarking/DPclust/TCGA/dpclust_batch_luad\TCGA-05-5428-01\TCGA-05-5428-01_alleleFrequencies.txt	C:/CloneHD_benchmarking/DPclust/TCGA/dpclust_batch_luad\TCGA-05-5428-01\TCGA-05-5428-01.cellularity_ploidy	C:/CloneHD_benchmarking/DPclust/TCGA/dpclust_batch_luad\TCGA-05-5428-01\TCGA-05-5428-01.battenberg	C:/CloneHD_benchmarking/DPclust/TCGA/dpclust_batch_luad\TCGA-05-5428-01\run_dpclust3p_TCGA-05-5428-01.R	C:/CloneHD_benchmarking/DPclust/TCGA/dpclust_batch_luad\TCGA-05-5428-01\TCGA-05-5428-01_ccf.tsv
TCGA-05-5429-01	C:/CloneHD_benchmarking/DPclust/TCGA/dpclust_batch_luad\TCGA-05-5429-01	C:/CloneHD_benchmarking/DPclust/TCGA/dpclust_batch_luad\TCGA-05-5429-01\TCGA-05-5429-01_loci.txt	C:/CloneHD_benchmarking/DPclust/TCGA/dpclust_batch_luad\TCGA-05-5429-01\TCGA-05-5429-01_alleleFrequencies.txt	C:/CloneHD_benchmarking/DPclust/TCGA/dpclust_batch_luad\TCGA-05-5429-01\TCGA-05-5429-01.cellularity_ploidy	C:/CloneHD_benchmarking/DPclust/TCGA/dpclust_batch_luad\TCGA-05-5429-01\TCGA-05-5429-01.battenberg	C:/CloneHD_benchmarking/DPclust/TCGA/dpclust_batch_luad\TCGA-05-5429-01\run_dpclust3p_TCGA-05-5429-01.R	C:/CloneHD_benchmarking/DPclust/TCGA/dpclust_batch_luad\TCGA-05-5429-01\TCGA-05-5429-01_ccf.tsv
TCGA-05-5715-01	C:/CloneHD_benchmarking/DPclust/TCGA/dpclust_batch_luad\TCGA-05-5715-01	C:/CloneHD_benchmarking/DPclust/TCGA/dpclust_batch_luad\TCGA-05-5715-01\TCGA-05-5715-01_loci.txt	C:/CloneHD_benchmarking/DPclust/TCGA/dpclust_batch_luad\TCGA-05-5715-01\TCGA-05-5715-01_alleleFrequencies.txt	C:/CloneHD_benchmarking/DPclust/TCGA/dpclust_batch_luad\TCGA-05-5715-01\TCGA-05-5715-01.cellularity_ploidy	C:/CloneHD_benchmarking/DPclust/TCGA/dpclust_batch_luad\TCGA-05-5715-01\TCGA-05-5715-01.battenberg	C:/CloneHD_benchmarking/DPclust/TCGA/dpclust_batch_luad\TCGA-05-5715-01\run_dpclust3p_TCGA-05-5715-01.R	C:/CloneHD_benchmarking/DPclust/TCGA/dpclust_batch_luad\TCGA-05-5715-01\TCGA-05-5715-01_ccf.tsv
TCGA-35-3615-01	C:/CloneHD_benchmarking/DPclust/TCGA/dpclust_batch_luad\TCGA-35-3615-01	C:/CloneHD_benchmarking/DPclust/TCGA/dpclust_batch_luad\TCGA-35-3615-01\TCGA-35-3615-01_loci.txt	C:/CloneHD_benchmarking/DPclust/TCGA/dpclust_batch_luad\TCGA-35-3615-01\TCGA-35-3615-01_alleleFrequencies.txt	C:/CloneHD_benchmarking/DPclust/TCGA/dpclust_batch_luad\TCGA-35-3615-01\TCGA-35-3615-01.cellularity_ploidy	C:/CloneHD_benchmarking/DPclust/TCGA/dpclust_batch_luad\TCGA-35-3615-01\TCGA-35-3615-01.battenberg	C:/CloneHD_benchmarking/DPclust/TCGA/dpclust_batch_luad\TCGA-35-3615-01\run_dpclust3p_TCGA-35-3615-01.R	C:/CloneHD_benchmarking/DPclust/TCGA/dpclust_batch_luad\TCGA-35-3615-01\TCGA-35-3615-01_ccf.tsv
TCGA-35-4122-01	C:/CloneHD_benchmarking/DPclust/TCGA/dpclust_batch_luad\TCGA-35-4122-01	C:/CloneHD_benchmarking/DPclust/TCGA/dpclust_batch_luad\TCGA-35-4122-01\TCGA-35-4122-01_loci.txt	C:/CloneHD_benchmarking/DPclust/TCGA/dpclust_batch_luad\TCGA-35-4122-01\TCGA-35-4122-01_alleleFrequencies.txt	C:/CloneHD_benchmarking/DPclust/TCGA/dpclust_batch_luad\TCGA-35-4122-01\TCGA-35-4122-01.cellularity_ploidy	C:/CloneHD_benchmarking/DPclust/TCGA/dpclust_batch_luad\TCGA-35-4122-01\TCGA-35-4122-01.battenberg	C:/CloneHD_benchmarking/DPclust/TCGA/dpclust_batch_luad\TCGA-35-4122-01\run_dpclust3p_TCGA-35-4122-01.R	C:/CloneHD_benchmarking/DPclust/TCGA/dpclust_batch_luad\TCGA-35-4122-01\TCGA-35-4122-01_ccf.tsv
TCGA-35-4123-01	C:/CloneHD_benchmarking/DPclust/TCGA/dpclust_batch_luad\TCGA-35-4123-01	C:/CloneHD_benchmarking/DPclust/TCGA/dpclust_batch_luad\TCGA-35-4123-01\TCGA-35-4123-01_loci.txt	C:/CloneHD_benchmarking/DPclust/TCGA/dpclust_batch_luad\TCGA-35-4123-01\TCGA-35-4123-01_alleleFrequencies.txt	C:/CloneHD_benchmarking/DPclust/TCGA/dpclust_batch_luad\TCGA-35-4123-01\TCGA-35-4123-01.cellularity_ploidy	C:/CloneHD_benchmarking/DPclust/TCGA/dpclust_batch_luad\TCGA-35-4123-01\TCGA-35-4123-01.battenberg	C:/CloneHD_benchmarking/DPclust/TCGA/dpclust_batch_luad\TCGA-35-4123-01\run_dpclust3p_TCGA-35-4123-01.R	C:/CloneHD_benchmarking/DPclust/TCGA/dpclust_batch_luad\TCGA-35-4123-01\TCGA-35-4123-01_ccf.tsv
TCGA-35-5375-01	C:/CloneHD_benchmarking/DPclust/TCGA/dpclust_batch_luad\TCGA-35-5375-01	C:/CloneHD_benchmarking/DPclust/TCGA/dpclust_batch_luad\TCGA-35-5375-01\TCGA-35-5375-01_loci.txt	C:/CloneHD_benchmarking/DPclust/TCGA/dpclust_batch_luad\TCGA-35-5375-01\TCGA-35-5375-01_alleleFrequencies.txt	C:/CloneHD_benchmarking/DPclust/TCGA/dpclust_batch_luad\TCGA-35-5375-01\TCGA-35-5375-01.cellularity_ploidy	C:/CloneHD_benchmarking/DPclust/TCGA/dpclust_batch_luad\TCGA-35-5375-01\TCGA-35-5375-01.battenberg	C:/CloneHD_benchmarking/DPclust/TCGA/dpclust_batch_luad\TCGA-35-5375-01\run_dpclust3p_TCGA-35-5375-01.R	C:/CloneHD_benchmarking/DPclust/TCGA/dpclust_batch_luad\TCGA-35-5375-01\TCGA-35-5375-01_ccf.tsv
TCGA-38-4625-01	C:/CloneHD_benchmarking/DPclust/TCGA/dpclust_batch_luad\TCGA-38-4625-01	C:/CloneHD_benchmarking/DPclust/TCGA/dpclust_batch_luad\TCGA-38-4625-01\TCGA-38-4625-01_loci.txt	C:/CloneHD_benchmarking/DPclust/TCGA/dpclust_batch_luad\TCGA-38-4625-01\TCGA-38-4625-01_alleleFrequencies.txt	C:/CloneHD_benchmarking/DPclust/TCGA/dpclust_batch_luad\TCGA-38-4625-01\TCGA-38-4625-01.cellularity_ploidy	C:/CloneHD_benchmarking/DPclust/TCGA/dpclust_batch_luad\TCGA-38-4625-01\TCGA-38-4625-01.battenberg	C:/CloneHD_benchmarking/DPclust/TCGA/dpclust_batch_luad\TCGA-38-4625-01\run_dpclust3p_TCGA-38-4625-01.R	C:/CloneHD_benchmarking/DPclust/TCGA/dpclust_batch_luad\TCGA-38-4625-01\TCGA-38-4625-01_ccf.tsv
TCGA-38-4626-01	C:/CloneHD_benchmarking/DPclust/TCGA/dpclust_batch_luad\TCGA-38-4626-01	C:/CloneHD_benchmarking/DPclust/TCGA/dpclust_batch_luad\TCGA-38-4626-01\TCGA-38-4626-01_loci.txt	C:/CloneHD_benchmarking/DPclust/TCGA/dpclust_batch_luad\TCGA-38-4626-01\TCGA-38-4626-01_alleleFrequencies.txt	C:/CloneHD_benchmarking/DPclust/TCGA/dpclust_batch_luad\TCGA-38-4626-01\TCGA-38-4626-01.cellularity_ploidy	C:/CloneHD_benchmarking/DPclust/TCGA/dpclust_batch_luad\TCGA-38-4626-01\TCGA-38-4626-01.battenberg	C:/CloneHD_benchmarking/DPclust/TCGA/dpclust_batch_luad\TCGA-38-4626-01\run_dpclust3p_TCGA-38-4626-01.R	C:/CloneHD_benchmarking/DPclust/TCGA/dpclust_batch_luad\TCGA-38-4626-01\TCGA-38-4626-01_ccf.tsv
TCGA-38-4627-01	C:/CloneHD_benchmarking/DPclust/TCGA/dpclust_batch_luad\TCGA-38-4627-01	C:/CloneHD_benchmarking/DPclust/TCGA/dpclust_batch_luad\TCGA-38-4627-01\TCGA-38-4627-01_loci.txt	C:/CloneHD_benchmarking/DPclust/TCGA/dpclust_batch_luad\TCGA-38-4627-01\TCGA-38-4627-01_alleleFrequencies.txt	C:/CloneHD_benchmarking/DPclust/TCGA/dpclust_batch_luad\TCGA-38-4627-01\TCGA-38-4627-01.cellularity_ploidy	C:/CloneHD_benchmarking/DPclust/TCGA/dpclust_batch_luad\TCGA-38-4627-01\TCGA-38-4627-01.battenberg	C:/CloneHD_benchmarking/DPclust/TCGA/dpclust_batch_luad\TCGA-38-4627-01\run_dpclust3p_TCGA-38-4627-01.R	C:/CloneHD_benchmarking/DPclust/TCGA/dpclust_batch_luad\TCGA-38-4627-01\TCGA-38-4627-01_ccf.tsv
TCGA-38-4628-01	C:/CloneHD_benchmarking/DPclust/TCGA/dpclust_batch_luad\TCGA-38-4628-01	C:/CloneHD_benchmarking/DPclust/TCGA/dpclust_batch_luad\TCGA-38-4628-01\TCGA-38-4628-01_loci.txt	C:/CloneHD_benchmarking/DPclust/TCGA/dpclust_batch_luad\TCGA-38-4628-01\TCGA-38-4628-01_alleleFrequencies.txt	C:/CloneHD_benchmarking/DPclust/TCGA/dpclust_batch_luad\TCGA-38-4628-01\TCGA-38-4628-01.cellularity_ploidy	C:/CloneHD_benchmarking/DPclust/TCGA/dpclust_batch_luad\TCGA-38-4628-01\TCGA-38-4628-01.battenberg	C:/CloneHD_benchmarking/DPclust/TCGA/dpclust_batch_luad\TCGA-38-4628-01\run_dpclust3p_TCGA-38-4628-01.R	C:/CloneHD_benchmarking/DPclust/TCGA/dpclust_batch_luad\TCGA-38-4628-01\TCGA-38-4628-01_ccf.tsv
TCGA-38-4631-01	C:/CloneHD_benchmarking/DPclust/TCGA/dpclust_batch_luad\TCGA-38-4631-01	C:/CloneHD_benchmarking/DPclust/TCGA/dpclust_batch_luad\TCGA-38-4631-01\TCGA-38-4631-01_loci.txt	C:/CloneHD_benchmarking/DPclust/TCGA/dpclust_batch_luad\TCGA-38-4631-01\TCGA-38-4631-01_alleleFrequencies.txt	C:/CloneHD_benchmarking/DPclust/TCGA/dpclust_batch_luad\TCGA-38-4631-01\TCGA-38-4631-01.cellularity_ploidy	C:/CloneHD_benchmarking/DPclust/TCGA/dpclust_batch_luad\TCGA-38-4631-01\TCGA-38-4631-01.battenberg	C:/CloneHD_benchmarking/DPclust/TCGA/dpclust_batch_luad\TCGA-38-4631-01\run_dpclust3p_TCGA-38-4631-01.R	C:/CloneHD_benchmarking/DPclust/TCGA/dpclust_batch_luad\TCGA-38-4631-01\TCGA-38-4631-01_ccf.tsv
TCGA-38-4632-01	C:/CloneHD_benchmarking/DPclust/TCGA/dpclust_batch_luad\TCGA-38-4632-01	C:/CloneHD_benchmarking/DPclust/TCGA/dpclust_batch_luad\TCGA-38-4632-01\TCGA-38-4632-01_loci.txt	C:/CloneHD_benchmarking/DPclust/TCGA/dpclust_batch_luad\TCGA-38-4632-01\TCGA-38-4632-01_alleleFrequencies.txt	C:/CloneHD_benchmarking/DPclust/TCGA/dpclust_batch_luad\TCGA-38-4632-01\TCGA-38-4632-01.cellularity_ploidy	C:/CloneHD_benchmarking/DPclust/TCGA/dpclust_batch_luad\TCGA-38-4632-01\TCGA-38-4632-01.battenberg	C:/CloneHD_benchmarking/DPclust/TCGA/dpclust_batch_luad\TCGA-38-4632-01\run_dpclust3p_TCGA-38-4632-01.R	C:/CloneHD_benchmarking/DPclust/TCGA/dpclust_batch_luad\TCGA-38-4632-01\TCGA-38-4632-01_ccf.tsv
TCGA-38-6178-01	C:/CloneHD_benchmarking/DPclust/TCGA/dpclust_batch_luad\TCGA-38-6178-01	C:/CloneHD_benchmarking/DPclust/TCGA/dpclust_batch_luad\TCGA-38-6178-01\TCGA-38-6178-01_loci.txt	C:/CloneHD_benchmarking/DPclust/TCGA/dpclust_batch_luad\TCGA-38-6178-01\TCGA-38-6178-01_alleleFrequencies.txt	C:/CloneHD_benchmarking/DPclust/TCGA/dpclust_batch_luad\TCGA-38-6178-01\TCGA-38-6178-01.cellularity_ploidy	C:/CloneHD_benchmarking/DPclust/TCGA/dpclust_batch_luad\TCGA-38-6178-01\TCGA-38-6178-01.battenberg	C:/CloneHD_benchmarking/DPclust/TCGA/dpclust_batch_luad\TCGA-38-6178-01\run_dpclust3p_TCGA-38-6178-01.R	C:/CloneHD_benchmarking/DPclust/TCGA/dpclust_batch_luad\TCGA-38-6178-01\TCGA-38-6178-01_ccf.tsv
TCGA-38-7271-01	C:/CloneHD_benchmarking/DPclust/TCGA/dpclust_batch_luad\TCGA-38-7271-01	C:/CloneHD_benchmarking/DPclust/TCGA/dpclust_batch_luad\TCGA-38-7271-01\TCGA-38-7271-01_loci.txt	C:/CloneHD_benchmarking/DPclust/TCGA/dpclust_batch_luad\TCGA-38-7271-01\TCGA-38-7271-01_alleleFrequencies.txt	C:/CloneHD_benchmarking/DPclust/TCGA/dpclust_batch_luad\TCGA-38-7271-01\TCGA-38-7271-01.cellularity_ploidy	C:/CloneHD_benchmarking/DPclust/TCGA/dpclust_batch_luad\TCGA-38-7271-01\TCGA-38-7271-01.battenberg	C:/CloneHD_benchmarking/DPclust/TCGA/dpclust_batch_luad\TCGA-38-7271-01\run_dpclust3p_TCGA-38-7271-01.R	C:/CloneHD_benchmarking/DPclust/TCGA/dpclust_batch_luad\TCGA-38-7271-01\TCGA-38-7271-01_ccf.tsv
TCGA-38-A44F-01	C:/CloneHD_benchmarking/DPclust/TCGA/dpclust_batch_luad\TCGA-38-A44F-01	C:/CloneHD_benchmarking/DPclust/TCGA/dpclust_batch_luad\TCGA-38-A44F-01\TCGA-38-A44F-01_loci.txt	C:/CloneHD_benchmarking/DPclust/TCGA/dpclust_batch_luad\TCGA-38-A44F-01\TCGA-38-A44F-01_alleleFrequencies.txt	C:/CloneHD_benchmarking/DPclust/TCGA/dpclust_batch_luad\TCGA-38-A44F-01\TCGA-38-A44F-01.cellularity_ploidy	C:/CloneHD_benchmarking/DPclust/TCGA/dpclust_batch_luad\TCGA-38-A44F-01\TCGA-38-A44F-01.battenberg	C:/CloneHD_benchmarking/DPclust/TCGA/dpclust_batch_luad\TCGA-38-A44F-01\run_dpclust3p_TCGA-38-A44F-01.R	C:/CloneHD_benchmarking/DPclust/TCGA/dpclust_batch_luad\TCGA-38-A44F-01\TCGA-38-A44F-01_ccf.tsv
TCGA-44-2655-01	C:/CloneHD_benchmarking/DPclust/TCGA/dpclust_batch_luad\TCGA-44-2655-01	C:/CloneHD_benchmarking/DPclust/TCGA/dpclust_batch_luad\TCGA-44-2655-01\TCGA-44-2655-01_loci.txt	C:/CloneHD_benchmarking/DPclust/TCGA/dpclust_batch_luad\TCGA-44-2655-01\TCGA-44-2655-01_alleleFrequencies.txt	C:/CloneHD_benchmarking/DPclust/TCGA/dpclust_batch_luad\TCGA-44-2655-01\TCGA-44-2655-01.cellularity_ploidy	C:/CloneHD_benchmarking/DPclust/TCGA/dpclust_batch_luad\TCGA-44-2655-01\TCGA-44-2655-01.battenberg	C:/CloneHD_benchmarking/DPclust/TCGA/dpclust_batch_luad\TCGA-44-2655-01\run_dpclust3p_TCGA-44-2655-01.R	C:/CloneHD_benchmarking/DPclust/TCGA/dpclust_batch_luad\TCGA-44-2655-01\TCGA-44-2655-01_ccf.tsv
TCGA-44-2656-01	C:/CloneHD_benchmarking/DPclust/TCGA/dpclust_batch_luad\TCGA-44-2656-01	C:/CloneHD_benchmarking/DPclust/TCGA/dpclust_batch_luad\TCGA-44-2656-01\TCGA-44-2656-01_loci.txt	C:/CloneHD_benchmarking/DPclust/TCGA/dpclust_batch_luad\TCGA-44-2656-01\TCGA-44-2656-01_alleleFrequencies.txt	C:/CloneHD_benchmarking/DPclust/TCGA/dpclust_batch_luad\TCGA-44-2656-01\TCGA-44-2656-01.cellularity_ploidy	C:/CloneHD_benchmarking/DPclust/TCGA/dpclust_batch_luad\TCGA-44-2656-01\TCGA-44-2656-01.battenberg	C:/CloneHD_benchmarking/DPclust/TCGA/dpclust_batch_luad\TCGA-44-2656-01\run_dpclust3p_TCGA-44-2656-01.R	C:/CloneHD_benchmarking/DPclust/TCGA/dpclust_batch_luad\TCGA-44-2656-01\TCGA-44-2656-01_ccf.tsv
TCGA-44-2657-01	C:/CloneHD_benchmarking/DPclust/TCGA/dpclust_batch_luad\TCGA-44-2657-01	C:/CloneHD_benchmarking/DPclust/TCGA/dpclust_batch_luad\TCGA-44-2657-01\TCGA-44-2657-01_loci.txt	C:/CloneHD_benchmarking/DPclust/TCGA/dpclust_batch_luad\TCGA-44-2657-01\TCGA-44-2657-01_alleleFrequencies.txt	C:/CloneHD_benchmarking/DPclust/TCGA/dpclust_batch_luad\TCGA-44-2657-01\TCGA-44-2657-01.cellularity_ploidy	C:/CloneHD_benchmarking/DPclust/TCGA/dpclust_batch_luad\TCGA-44-2657-01\TCGA-44-2657-01.battenberg	C:/CloneHD_benchmarking/DPclust/TCGA/dpclust_batch_luad\TCGA-44-2657-01\run_dpclust3p_TCGA-44-2657-01.R	C:/CloneHD_benchmarking/DPclust/TCGA/dpclust_batch_luad\TCGA-44-2657-01\TCGA-44-2657-01_ccf.tsv
TCGA-44-2659-01	C:/CloneHD_benchmarking/DPclust/TCGA/dpclust_batch_luad\TCGA-44-2659-01	C:/CloneHD_benchmarking/DPclust/TCGA/dpclust_batch_luad\TCGA-44-2659-01\TCGA-44-2659-01_loci.txt	C:/CloneHD_benchmarking/DPclust/TCGA/dpclust_batch_luad\TCGA-44-2659-01\TCGA-44-2659-01_alleleFrequencies.txt	C:/CloneHD_benchmarking/DPclust/TCGA/dpclust_batch_luad\TCGA-44-2659-01\TCGA-44-2659-01.cellularity_ploidy	C:/CloneHD_benchmarking/DPclust/TCGA/dpclust_batch_luad\TCGA-44-2659-01\TCGA-44-2659-01.battenberg	C:/CloneHD_benchmarking/DPclust/TCGA/dpclust_batch_luad\TCGA-44-2659-01\run_dpclust3p_TCGA-44-2659-01.R	C:/CloneHD_benchmarking/DPclust/TCGA/dpclust_batch_luad\TCGA-44-2659-01\TCGA-44-2659-01_ccf.tsv
TCGA-44-2662-01	C:/CloneHD_benchmarking/DPclust/TCGA/dpclust_batch_luad\TCGA-44-2662-01	C:/CloneHD_benchmarking/DPclust/TCGA/dpclust_batch_luad\TCGA-44-2662-01\TCGA-44-2662-01_loci.txt	C:/CloneHD_benchmarking/DPclust/TCGA/dpclust_batch_luad\TCGA-44-2662-01\TCGA-44-2662-01_alleleFrequencies.txt	C:/CloneHD_benchmarking/DPclust/TCGA/dpclust_batch_luad\TCGA-44-2662-01\TCGA-44-2662-01.cellularity_ploidy	C:/CloneHD_benchmarking/DPclust/TCGA/dpclust_batch_luad\TCGA-44-2662-01\TCGA-44-2662-01.battenberg	C:/CloneHD_benchmarking/DPclust/TCGA/dpclust_batch_luad\TCGA-44-2662-01\run_dpclust3p_TCGA-44-2662-01.R	C:/CloneHD_benchmarking/DPclust/TCGA/dpclust_batch_luad\TCGA-44-2662-01\TCGA-44-2662-01_ccf.tsv
TCGA-44-2665-01	C:/CloneHD_benchmarking/DPclust/TCGA/dpclust_batch_luad\TCGA-44-2665-01	C:/CloneHD_benchmarking/DPclust/TCGA/dpclust_batch_luad\TCGA-44-2665-01\TCGA-44-2665-01_loci.txt	C:/CloneHD_benchmarking/DPclust/TCGA/dpclust_batch_luad\TCGA-44-2665-01\TCGA-44-2665-01_alleleFrequencies.txt	C:/CloneHD_benchmarking/DPclust/TCGA/dpclust_batch_luad\TCGA-44-2665-01\TCGA-44-2665-01.cellularity_ploidy	C:/CloneHD_benchmarking/DPclust/TCGA/dpclust_batch_luad\TCGA-44-2665-01\TCGA-44-2665-01.battenberg	C:/CloneHD_benchmarking/DPclust/TCGA/dpclust_batch_luad\TCGA-44-2665-01\run_dpclust3p_TCGA-44-2665-01.R	C:/CloneHD_benchmarking/DPclust/TCGA/dpclust_batch_luad\TCGA-44-2665-01\TCGA-44-2665-01_ccf.tsv
TCGA-44-2666-01	C:/CloneHD_benchmarking/DPclust/TCGA/dpclust_batch_luad\TCGA-44-2666-01	C:/CloneHD_benchmarking/DPclust/TCGA/dpclust_batch_luad\TCGA-44-2666-01\TCGA-44-2666-01_loci.txt	C:/CloneHD_benchmarking/DPclust/TCGA/dpclust_batch_luad\TCGA-44-2666-01\TCGA-44-2666-01_alleleFrequencies.txt	C:/CloneHD_benchmarking/DPclust/TCGA/dpclust_batch_luad\TCGA-44-2666-01\TCGA-44-2666-01.cellularity_ploidy	C:/CloneHD_benchmarking/DPclust/TCGA/dpclust_batch_luad\TCGA-44-2666-01\TCGA-44-2666-01.battenberg	C:/CloneHD_benchmarking/DPclust/TCGA/dpclust_batch_luad\TCGA-44-2666-01\run_dpclust3p_TCGA-44-2666-01.R	C:/CloneHD_benchmarking/DPclust/TCGA/dpclust_batch_luad\TCGA-44-2666-01\TCGA-44-2666-01_ccf.tsv
TCGA-44-2668-01	C:/CloneHD_benchmarking/DPclust/TCGA/dpclust_batch_luad\TCGA-44-2668-01	C:/CloneHD_benchmarking/DPclust/TCGA/dpclust_batch_luad\TCGA-44-2668-01\TCGA-44-2668-01_loci.txt	C:/CloneHD_benchmarking/DPclust/TCGA/dpclust_batch_luad\TCGA-44-2668-01\TCGA-44-2668-01_alleleFrequencies.txt	C:/CloneHD_benchmarking/DPclust/TCGA/dpclust_batch_luad\TCGA-44-2668-01\TCGA-44-2668-01.cellularity_ploidy	C:/CloneHD_benchmarking/DPclust/TCGA/dpclust_batch_luad\TCGA-44-2668-01\TCGA-44-2668-01.battenberg	C:/CloneHD_benchmarking/DPclust/TCGA/dpclust_batch_luad\TCGA-44-2668-01\run_dpclust3p_TCGA-44-2668-01.R	C:/CloneHD_benchmarking/DPclust/TCGA/dpclust_batch_luad\TCGA-44-2668-01\TCGA-44-2668-01_ccf.tsv
TCGA-44-3396-01	C:/CloneHD_benchmarking/DPclust/TCGA/dpclust_batch_luad\TCGA-44-3396-01	C:/CloneHD_benchmarking/DPclust/TCGA/dpclust_batch_luad\TCGA-44-3396-01\TCGA-44-3396-01_loci.txt	C:/CloneHD_benchmarking/DPclust/TCGA/dpclust_batch_luad\TCGA-44-3396-01\TCGA-44-3396-01_alleleFrequencies.txt	C:/CloneHD_benchmarking/DPclust/TCGA/dpclust_batch_luad\TCGA-44-3396-01\TCGA-44-3396-01.cellularity_ploidy	C:/CloneHD_benchmarking/DPclust/TCGA/dpclust_batch_luad\TCGA-44-3396-01\TCGA-44-3396-01.battenberg	C:/CloneHD_benchmarking/DPclust/TCGA/dpclust_batch_luad\TCGA-44-3396-01\run_dpclust3p_TCGA-44-3396-01.R	C:/CloneHD_benchmarking/DPclust/TCGA/dpclust_batch_luad\TCGA-44-3396-01\TCGA-44-3396-01_ccf.tsv
TCGA-44-3917-01	C:/CloneHD_benchmarking/DPclust/TCGA/dpclust_batch_luad\TCGA-44-3917-01	C:/CloneHD_benchmarking/DPclust/TCGA/dpclust_batch_luad\TCGA-44-3917-01\TCGA-44-3917-01_loci.txt	C:/CloneHD_benchmarking/DPclust/TCGA/dpclust_batch_luad\TCGA-44-3917-01\TCGA-44-3917-01_alleleFrequencies.txt	C:/CloneHD_benchmarking/DPclust/TCGA/dpclust_batch_luad\TCGA-44-3917-01\TCGA-44-3917-01.cellularity_ploidy	C:/CloneHD_benchmarking/DPclust/TCGA/dpclust_batch_luad\TCGA-44-3917-01\TCGA-44-3917-01.battenberg	C:/CloneHD_benchmarking/DPclust/TCGA/dpclust_batch_luad\TCGA-44-3917-01\run_dpclust3p_TCGA-44-3917-01.R	C:/CloneHD_benchmarking/DPclust/TCGA/dpclust_batch_luad\TCGA-44-3917-01\TCGA-44-3917-01_ccf.tsv
TCGA-44-3918-01	C:/CloneHD_benchmarking/DPclust/TCGA/dpclust_batch_luad\TCGA-44-3918-01	C:/CloneHD_benchmarking/DPclust/TCGA/dpclust_batch_luad\TCGA-44-3918-01\TCGA-44-3918-01_loci.txt	C:/CloneHD_benchmarking/DPclust/TCGA/dpclust_batch_luad\TCGA-44-3918-01\TCGA-44-3918-01_alleleFrequencies.txt	C:/CloneHD_benchmarking/DPclust/TCGA/dpclust_batch_luad\TCGA-44-3918-01\TCGA-44-3918-01.cellularity_ploidy	C:/CloneHD_benchmarking/DPclust/TCGA/dpclust_batch_luad\TCGA-44-3918-01\TCGA-44-3918-01.battenberg	C:/CloneHD_benchmarking/DPclust/TCGA/dpclust_batch_luad\TCGA-44-3918-01\run_dpclust3p_TCGA-44-3918-01.R	C:/CloneHD_benchmarking/DPclust/TCGA/dpclust_batch_luad\TCGA-44-3918-01\TCGA-44-3918-01_ccf.tsv
TCGA-44-3919-01	C:/CloneHD_benchmarking/DPclust/TCGA/dpclust_batch_luad\TCGA-44-3919-01	C:/CloneHD_benchmarking/DPclust/TCGA/dpclust_batch_luad\TCGA-44-3919-01\TCGA-44-3919-01_loci.txt	C:/CloneHD_benchmarking/DPclust/TCGA/dpclust_batch_luad\TCGA-44-3919-01\TCGA-44-3919-01_alleleFrequencies.txt	C:/CloneHD_benchmarking/DPclust/TCGA/dpclust_batch_luad\TCGA-44-3919-01\TCGA-44-3919-01.cellularity_ploidy	C:/CloneHD_benchmarking/DPclust/TCGA/dpclust_batch_luad\TCGA-44-3919-01\TCGA-44-3919-01.battenberg	C:/CloneHD_benchmarking/DPclust/TCGA/dpclust_batch_luad\TCGA-44-3919-01\run_dpclust3p_TCGA-44-3919-01.R	C:/CloneHD_benchmarking/DPclust/TCGA/dpclust_batch_luad\TCGA-44-3919-01\TCGA-44-3919-01_ccf.tsv
TCGA-44-4112-01	C:/CloneHD_benchmarking/DPclust/TCGA/dpclust_batch_luad\TCGA-44-4112-01	C:/CloneHD_benchmarking/DPclust/TCGA/dpclust_batch_luad\TCGA-44-4112-01\TCGA-44-4112-01_loci.txt	C:/CloneHD_benchmarking/DPclust/TCGA/dpclust_batch_luad\TCGA-44-4112-01\TCGA-44-4112-01_alleleFrequencies.txt	C:/CloneHD_benchmarking/DPclust/TCGA/dpclust_batch_luad\TCGA-44-4112-01\TCGA-44-4112-01.cellularity_ploidy	C:/CloneHD_benchmarking/DPclust/TCGA/dpclust_batch_luad\TCGA-44-4112-01\TCGA-44-4112-01.battenberg	C:/CloneHD_benchmarking/DPclust/TCGA/dpclust_batch_luad\TCGA-44-4112-01\run_dpclust3p_TCGA-44-4112-01.R	C:/CloneHD_benchmarking/DPclust/TCGA/dpclust_batch_luad\TCGA-44-4112-01\TCGA-44-4112-01_ccf.tsv
TCGA-44-5643-01	C:/CloneHD_benchmarking/DPclust/TCGA/dpclust_batch_luad\TCGA-44-5643-01	C:/CloneHD_benchmarking/DPclust/TCGA/dpclust_batch_luad\TCGA-44-5643-01\TCGA-44-5643-01_loci.txt	C:/CloneHD_benchmarking/DPclust/TCGA/dpclust_batch_luad\TCGA-44-5643-01\TCGA-44-5643-01_alleleFrequencies.txt	C:/CloneHD_benchmarking/DPclust/TCGA/dpclust_batch_luad\TCGA-44-5643-01\TCGA-44-5643-01.cellularity_ploidy	C:/CloneHD_benchmarking/DPclust/TCGA/dpclust_batch_luad\TCGA-44-5643-01\TCGA-44-5643-01.battenberg	C:/CloneHD_benchmarking/DPclust/TCGA/dpclust_batch_luad\TCGA-44-5643-01\run_dpclust3p_TCGA-44-5643-01.R	C:/CloneHD_benchmarking/DPclust/TCGA/dpclust_batch_luad\TCGA-44-5643-01\TCGA-44-5643-01_ccf.tsv
TCGA-44-5644-01	C:/CloneHD_benchmarking/DPclust/TCGA/dpclust_batch_luad\TCGA-44-5644-01	C:/CloneHD_benchmarking/DPclust/TCGA/dpclust_batch_luad\TCGA-44-5644-01\TCGA-44-5644-01_loci.txt	C:/CloneHD_benchmarking/DPclust/TCGA/dpclust_batch_luad\TCGA-44-5644-01\TCGA-44-5644-01_alleleFrequencies.txt	C:/CloneHD_benchmarking/DPclust/TCGA/dpclust_batch_luad\TCGA-44-5644-01\TCGA-44-5644-01.cellularity_ploidy	C:/CloneHD_benchmarking/DPclust/TCGA/dpclust_batch_luad\TCGA-44-5644-01\TCGA-44-5644-01.battenberg	C:/CloneHD_benchmarking/DPclust/TCGA/dpclust_batch_luad\TCGA-44-5644-01\run_dpclust3p_TCGA-44-5644-01.R	C:/CloneHD_benchmarking/DPclust/TCGA/dpclust_batch_luad\TCGA-44-5644-01\TCGA-44-5644-01_ccf.tsv
TCGA-44-5645-01	C:/CloneHD_benchmarking/DPclust/TCGA/dpclust_batch_luad\TCGA-44-5645-01	C:/CloneHD_benchmarking/DPclust/TCGA/dpclust_batch_luad\TCGA-44-5645-01\TCGA-44-5645-01_loci.txt	C:/CloneHD_benchmarking/DPclust/TCGA/dpclust_batch_luad\TCGA-44-5645-01\TCGA-44-5645-01_alleleFrequencies.txt	C:/CloneHD_benchmarking/DPclust/TCGA/dpclust_batch_luad\TCGA-44-5645-01\TCGA-44-5645-01.cellularity_ploidy	C:/CloneHD_benchmarking/DPclust/TCGA/dpclust_batch_luad\TCGA-44-5645-01\TCGA-44-5645-01.battenberg	C:/CloneHD_benchmarking/DPclust/TCGA/dpclust_batch_luad\TCGA-44-5645-01\run_dpclust3p_TCGA-44-5645-01.R	C:/CloneHD_benchmarking/DPclust/TCGA/dpclust_batch_luad\TCGA-44-5645-01\TCGA-44-5645-01_ccf.tsv
TCGA-44-6144-01	C:/CloneHD_benchmarking/DPclust/TCGA/dpclust_batch_luad\TCGA-44-6144-01	C:/CloneHD_benchmarking/DPclust/TCGA/dpclust_batch_luad\TCGA-44-6144-01\TCGA-44-6144-01_loci.txt	C:/CloneHD_benchmarking/DPclust/TCGA/dpclust_batch_luad\TCGA-44-6144-01\TCGA-44-6144-01_alleleFrequencies.txt	C:/CloneHD_benchmarking/DPclust/TCGA/dpclust_batch_luad\TCGA-44-6144-01\TCGA-44-6144-01.cellularity_ploidy	C:/CloneHD_benchmarking/DPclust/TCGA/dpclust_batch_luad\TCGA-44-6144-01\TCGA-44-6144-01.battenberg	C:/CloneHD_benchmarking/DPclust/TCGA/dpclust_batch_luad\TCGA-44-6144-01\run_dpclust3p_TCGA-44-6144-01.R	C:/CloneHD_benchmarking/DPclust/TCGA/dpclust_batch_luad\TCGA-44-6144-01\TCGA-44-6144-01_ccf.tsv
TCGA-44-6145-01	C:/CloneHD_benchmarking/DPclust/TCGA/dpclust_batch_luad\TCGA-44-6145-01	C:/CloneHD_benchmarking/DPclust/TCGA/dpclust_batch_luad\TCGA-44-6145-01\TCGA-44-6145-01_loci.txt	C:/CloneHD_benchmarking/DPclust/TCGA/dpclust_batch_luad\TCGA-44-6145-01\TCGA-44-6145-01_alleleFrequencies.txt	C:/CloneHD_benchmarking/DPclust/TCGA/dpclust_batch_luad\TCGA-44-6145-01\TCGA-44-6145-01.cellularity_ploidy	C:/CloneHD_benchmarking/DPclust/TCGA/dpclust_batch_luad\TCGA-44-6145-01\TCGA-44-6145-01.battenberg	C:/CloneHD_benchmarking/DPclust/TCGA/dpclust_batch_luad\TCGA-44-6145-01\run_dpclust3p_TCGA-44-6145-01.R	C:/CloneHD_benchmarking/DPclust/TCGA/dpclust_batch_luad\TCGA-44-6145-01\TCGA-44-6145-01_ccf.tsv
TCGA-44-6146-01	C:/CloneHD_benchmarking/DPclust/TCGA/dpclust_batch_luad\TCGA-44-6146-01	C:/CloneHD_benchmarking/DPclust/TCGA/dpclust_batch_luad\TCGA-44-6146-01\TCGA-44-6146-01_loci.txt	C:/CloneHD_benchmarking/DPclust/TCGA/dpclust_batch_luad\TCGA-44-6146-01\TCGA-44-6146-01_alleleFrequencies.txt	C:/CloneHD_benchmarking/DPclust/TCGA/dpclust_batch_luad\TCGA-44-6146-01\TCGA-44-6146-01.cellularity_ploidy	C:/CloneHD_benchmarking/DPclust/TCGA/dpclust_batch_luad\TCGA-44-6146-01\TCGA-44-6146-01.battenberg	C:/CloneHD_benchmarking/DPclust/TCGA/dpclust_batch_luad\TCGA-44-6146-01\run_dpclust3p_TCGA-44-6146-01.R	C:/CloneHD_benchmarking/DPclust/TCGA/dpclust_batch_luad\TCGA-44-6146-01\TCGA-44-6146-01_ccf.tsv
TCGA-44-6774-01	C:/CloneHD_benchmarking/DPclust/TCGA/dpclust_batch_luad\TCGA-44-6774-01	C:/CloneHD_benchmarking/DPclust/TCGA/dpclust_batch_luad\TCGA-44-6774-01\TCGA-44-6774-01_loci.txt	C:/CloneHD_benchmarking/DPclust/TCGA/dpclust_batch_luad\TCGA-44-6774-01\TCGA-44-6774-01_alleleFrequencies.txt	C:/CloneHD_benchmarking/DPclust/TCGA/dpclust_batch_luad\TCGA-44-6774-01\TCGA-44-6774-01.cellularity_ploidy	C:/CloneHD_benchmarking/DPclust/TCGA/dpclust_batch_luad\TCGA-44-6774-01\TCGA-44-6774-01.battenberg	C:/CloneHD_benchmarking/DPclust/TCGA/dpclust_batch_luad\TCGA-44-6774-01\run_dpclust3p_TCGA-44-6774-01.R	C:/CloneHD_benchmarking/DPclust/TCGA/dpclust_batch_luad\TCGA-44-6774-01\TCGA-44-6774-01_ccf.tsv
TCGA-44-6775-01	C:/CloneHD_benchmarking/DPclust/TCGA/dpclust_batch_luad\TCGA-44-6775-01	C:/CloneHD_benchmarking/DPclust/TCGA/dpclust_batch_luad\TCGA-44-6775-01\TCGA-44-6775-01_loci.txt	C:/CloneHD_benchmarking/DPclust/TCGA/dpclust_batch_luad\TCGA-44-6775-01\TCGA-44-6775-01_alleleFrequencies.txt	C:/CloneHD_benchmarking/DPclust/TCGA/dpclust_batch_luad\TCGA-44-6775-01\TCGA-44-6775-01.cellularity_ploidy	C:/CloneHD_benchmarking/DPclust/TCGA/dpclust_batch_luad\TCGA-44-6775-01\TCGA-44-6775-01.battenberg	C:/CloneHD_benchmarking/DPclust/TCGA/dpclust_batch_luad\TCGA-44-6775-01\run_dpclust3p_TCGA-44-6775-01.R	C:/CloneHD_benchmarking/DPclust/TCGA/dpclust_batch_luad\TCGA-44-6775-01\TCGA-44-6775-01_ccf.tsv
TCGA-44-6776-01	C:/CloneHD_benchmarking/DPclust/TCGA/dpclust_batch_luad\TCGA-44-6776-01	C:/CloneHD_benchmarking/DPclust/TCGA/dpclust_batch_luad\TCGA-44-6776-01\TCGA-44-6776-01_loci.txt	C:/CloneHD_benchmarking/DPclust/TCGA/dpclust_batch_luad\TCGA-44-6776-01\TCGA-44-6776-01_alleleFrequencies.txt	C:/CloneHD_benchmarking/DPclust/TCGA/dpclust_batch_luad\TCGA-44-6776-01\TCGA-44-6776-01.cellularity_ploidy	C:/CloneHD_benchmarking/DPclust/TCGA/dpclust_batch_luad\TCGA-44-6776-01\TCGA-44-6776-01.battenberg	C:/CloneHD_benchmarking/DPclust/TCGA/dpclust_batch_luad\TCGA-44-6776-01\run_dpclust3p_TCGA-44-6776-01.R	C:/CloneHD_benchmarking/DPclust/TCGA/dpclust_batch_luad\TCGA-44-6776-01\TCGA-44-6776-01_ccf.tsv
TCGA-44-6777-01	C:/CloneHD_benchmarking/DPclust/TCGA/dpclust_batch_luad\TCGA-44-6777-01	C:/CloneHD_benchmarking/DPclust/TCGA/dpclust_batch_luad\TCGA-44-6777-01\TCGA-44-6777-01_loci.txt	C:/CloneHD_benchmarking/DPclust/TCGA/dpclust_batch_luad\TCGA-44-6777-01\TCGA-44-6777-01_alleleFrequencies.txt	C:/CloneHD_benchmarking/DPclust/TCGA/dpclust_batch_luad\TCGA-44-6777-01\TCGA-44-6777-01.cellularity_ploidy	C:/CloneHD_benchmarking/DPclust/TCGA/dpclust_batch_luad\TCGA-44-6777-01\TCGA-44-6777-01.battenberg	C:/CloneHD_benchmarking/DPclust/TCGA/dpclust_batch_luad\TCGA-44-6777-01\run_dpclust3p_TCGA-44-6777-01.R	C:/CloneHD_benchmarking/DPclust/TCGA/dpclust_batch_luad\TCGA-44-6777-01\TCGA-44-6777-01_ccf.tsv
TCGA-44-6778-01	C:/CloneHD_benchmarking/DPclust/TCGA/dpclust_batch_luad\TCGA-44-6778-01	C:/CloneHD_benchmarking/DPclust/TCGA/dpclust_batch_luad\TCGA-44-6778-01\TCGA-44-6778-01_loci.txt	C:/CloneHD_benchmarking/DPclust/TCGA/dpclust_batch_luad\TCGA-44-6778-01\TCGA-44-6778-01_alleleFrequencies.txt	C:/CloneHD_benchmarking/DPclust/TCGA/dpclust_batch_luad\TCGA-44-6778-01\TCGA-44-6778-01.cellularity_ploidy	C:/CloneHD_benchmarking/DPclust/TCGA/dpclust_batch_luad\TCGA-44-6778-01\TCGA-44-6778-01.battenberg	C:/CloneHD_benchmarking/DPclust/TCGA/dpclust_batch_luad\TCGA-44-6778-01\run_dpclust3p_TCGA-44-6778-01.R	C:/CloneHD_benchmarking/DPclust/TCGA/dpclust_batch_luad\TCGA-44-6778-01\TCGA-44-6778-01_ccf.tsv
TCGA-44-6779-01	C:/CloneHD_benchmarking/DPclust/TCGA/dpclust_batch_luad\TCGA-44-6779-01	C:/CloneHD_benchmarking/DPclust/TCGA/dpclust_batch_luad\TCGA-44-6779-01\TCGA-44-6779-01_loci.txt	C:/CloneHD_benchmarking/DPclust/TCGA/dpclust_batch_luad\TCGA-44-6779-01\TCGA-44-6779-01_alleleFrequencies.txt	C:/CloneHD_benchmarking/DPclust/TCGA/dpclust_batch_luad\TCGA-44-6779-01\TCGA-44-6779-01.cellularity_ploidy	C:/CloneHD_benchmarking/DPclust/TCGA/dpclust_batch_luad\TCGA-44-6779-01\TCGA-44-6779-01.battenberg	C:/CloneHD_benchmarking/DPclust/TCGA/dpclust_batch_luad\TCGA-44-6779-01\run_dpclust3p_TCGA-44-6779-01.R	C:/CloneHD_benchmarking/DPclust/TCGA/dpclust_batch_luad\TCGA-44-6779-01\TCGA-44-6779-01_ccf.tsv
TCGA-44-7659-01	C:/CloneHD_benchmarking/DPclust/TCGA/dpclust_batch_luad\TCGA-44-7659-01	C:/CloneHD_benchmarking/DPclust/TCGA/dpclust_batch_luad\TCGA-44-7659-01\TCGA-44-7659-01_loci.txt	C:/CloneHD_benchmarking/DPclust/TCGA/dpclust_batch_luad\TCGA-44-7659-01\TCGA-44-7659-01_alleleFrequencies.txt	C:/CloneHD_benchmarking/DPclust/TCGA/dpclust_batch_luad\TCGA-44-7659-01\TCGA-44-7659-01.cellularity_ploidy	C:/CloneHD_benchmarking/DPclust/TCGA/dpclust_batch_luad\TCGA-44-7659-01\TCGA-44-7659-01.battenberg	C:/CloneHD_benchmarking/DPclust/TCGA/dpclust_batch_luad\TCGA-44-7659-01\run_dpclust3p_TCGA-44-7659-01.R	C:/CloneHD_benchmarking/DPclust/TCGA/dpclust_batch_luad\TCGA-44-7659-01\TCGA-44-7659-01_ccf.tsv
TCGA-44-7660-01	C:/CloneHD_benchmarking/DPclust/TCGA/dpclust_batch_luad\TCGA-44-7660-01	C:/CloneHD_benchmarking/DPclust/TCGA/dpclust_batch_luad\TCGA-44-7660-01\TCGA-44-7660-01_loci.txt	C:/CloneHD_benchmarking/DPclust/TCGA/dpclust_batch_luad\TCGA-44-7660-01\TCGA-44-7660-01_alleleFrequencies.txt	C:/CloneHD_benchmarking/DPclust/TCGA/dpclust_batch_luad\TCGA-44-7660-01\TCGA-44-7660-01.cellularity_ploidy	C:/CloneHD_benchmarking/DPclust/TCGA/dpclust_batch_luad\TCGA-44-7660-01\TCGA-44-7660-01.battenberg	C:/CloneHD_benchmarking/DPclust/TCGA/dpclust_batch_luad\TCGA-44-7660-01\run_dpclust3p_TCGA-44-7660-01.R	C:/CloneHD_benchmarking/DPclust/TCGA/dpclust_batch_luad\TCGA-44-7660-01\TCGA-44-7660-01_ccf.tsv
TCGA-44-7661-01	C:/CloneHD_benchmarking/DPclust/TCGA/dpclust_batch_luad\TCGA-44-7661-01	C:/CloneHD_benchmarking/DPclust/TCGA/dpclust_batch_luad\TCGA-44-7661-01\TCGA-44-7661-01_loci.txt	C:/CloneHD_benchmarking/DPclust/TCGA/dpclust_batch_luad\TCGA-44-7661-01\TCGA-44-7661-01_alleleFrequencies.txt	C:/CloneHD_benchmarking/DPclust/TCGA/dpclust_batch_luad\TCGA-44-7661-01\TCGA-44-7661-01.cellularity_ploidy	C:/CloneHD_benchmarking/DPclust/TCGA/dpclust_batch_luad\TCGA-44-7661-01\TCGA-44-7661-01.battenberg	C:/CloneHD_benchmarking/DPclust/TCGA/dpclust_batch_luad\TCGA-44-7661-01\run_dpclust3p_TCGA-44-7661-01.R	C:/CloneHD_benchmarking/DPclust/TCGA/dpclust_batch_luad\TCGA-44-7661-01\TCGA-44-7661-01_ccf.tsv
TCGA-44-7662-01	C:/CloneHD_benchmarking/DPclust/TCGA/dpclust_batch_luad\TCGA-44-7662-01	C:/CloneHD_benchmarking/DPclust/TCGA/dpclust_batch_luad\TCGA-44-7662-01\TCGA-44-7662-01_loci.txt	C:/CloneHD_benchmarking/DPclust/TCGA/dpclust_batch_luad\TCGA-44-7662-01\TCGA-44-7662-01_alleleFrequencies.txt	C:/CloneHD_benchmarking/DPclust/TCGA/dpclust_batch_luad\TCGA-44-7662-01\TCGA-44-7662-01.cellularity_ploidy	C:/CloneHD_benchmarking/DPclust/TCGA/dpclust_batch_luad\TCGA-44-7662-01\TCGA-44-7662-01.battenberg	C:/CloneHD_benchmarking/DPclust/TCGA/dpclust_batch_luad\TCGA-44-7662-01\run_dpclust3p_TCGA-44-7662-01.R	C:/CloneHD_benchmarking/DPclust/TCGA/dpclust_batch_luad\TCGA-44-7662-01\TCGA-44-7662-01_ccf.tsv
TCGA-44-7667-01	C:/CloneHD_benchmarking/DPclust/TCGA/dpclust_batch_luad\TCGA-44-7667-01	C:/CloneHD_benchmarking/DPclust/TCGA/dpclust_batch_luad\TCGA-44-7667-01\TCGA-44-7667-01_loci.txt	C:/CloneHD_benchmarking/DPclust/TCGA/dpclust_batch_luad\TCGA-44-7667-01\TCGA-44-7667-01_alleleFrequencies.txt	C:/CloneHD_benchmarking/DPclust/TCGA/dpclust_batch_luad\TCGA-44-7667-01\TCGA-44-7667-01.cellularity_ploidy	C:/CloneHD_benchmarking/DPclust/TCGA/dpclust_batch_luad\TCGA-44-7667-01\TCGA-44-7667-01.battenberg	C:/CloneHD_benchmarking/DPclust/TCGA/dpclust_batch_luad\TCGA-44-7667-01\run_dpclust3p_TCGA-44-7667-01.R	C:/CloneHD_benchmarking/DPclust/TCGA/dpclust_batch_luad\TCGA-44-7667-01\TCGA-44-7667-01_ccf.tsv
TCGA-44-7669-01	C:/CloneHD_benchmarking/DPclust/TCGA/dpclust_batch_luad\TCGA-44-7669-01	C:/CloneHD_benchmarking/DPclust/TCGA/dpclust_batch_luad\TCGA-44-7669-01\TCGA-44-7669-01_loci.txt	C:/CloneHD_benchmarking/DPclust/TCGA/dpclust_batch_luad\TCGA-44-7669-01\TCGA-44-7669-01_alleleFrequencies.txt	C:/CloneHD_benchmarking/DPclust/TCGA/dpclust_batch_luad\TCGA-44-7669-01\TCGA-44-7669-01.cellularity_ploidy	C:/CloneHD_benchmarking/DPclust/TCGA/dpclust_batch_luad\TCGA-44-7669-01\TCGA-44-7669-01.battenberg	C:/CloneHD_benchmarking/DPclust/TCGA/dpclust_batch_luad\TCGA-44-7669-01\run_dpclust3p_TCGA-44-7669-01.R	C:/CloneHD_benchmarking/DPclust/TCGA/dpclust_batch_luad\TCGA-44-7669-01\TCGA-44-7669-01_ccf.tsv
TCGA-44-7670-01	C:/CloneHD_benchmarking/DPclust/TCGA/dpclust_batch_luad\TCGA-44-7670-01	C:/CloneHD_benchmarking/DPclust/TCGA/dpclust_batch_luad\TCGA-44-7670-01\TCGA-44-7670-01_loci.txt	C:/CloneHD_benchmarking/DPclust/TCGA/dpclust_batch_luad\TCGA-44-7670-01\TCGA-44-7670-01_alleleFrequencies.txt	C:/CloneHD_benchmarking/DPclust/TCGA/dpclust_batch_luad\TCGA-44-7670-01\TCGA-44-7670-01.cellularity_ploidy	C:/CloneHD_benchmarking/DPclust/TCGA/dpclust_batch_luad\TCGA-44-7670-01\TCGA-44-7670-01.battenberg	C:/CloneHD_benchmarking/DPclust/TCGA/dpclust_batch_luad\TCGA-44-7670-01\run_dpclust3p_TCGA-44-7670-01.R	C:/CloneHD_benchmarking/DPclust/TCGA/dpclust_batch_luad\TCGA-44-7670-01\TCGA-44-7670-01_ccf.tsv
TCGA-44-7671-01	C:/CloneHD_benchmarking/DPclust/TCGA/dpclust_batch_luad\TCGA-44-7671-01	C:/CloneHD_benchmarking/DPclust/TCGA/dpclust_batch_luad\TCGA-44-7671-01\TCGA-44-7671-01_loci.txt	C:/CloneHD_benchmarking/DPclust/TCGA/dpclust_batch_luad\TCGA-44-7671-01\TCGA-44-7671-01_alleleFrequencies.txt	C:/CloneHD_benchmarking/DPclust/TCGA/dpclust_batch_luad\TCGA-44-7671-01\TCGA-44-7671-01.cellularity_ploidy	C:/CloneHD_benchmarking/DPclust/TCGA/dpclust_batch_luad\TCGA-44-7671-01\TCGA-44-7671-01.battenberg	C:/CloneHD_benchmarking/DPclust/TCGA/dpclust_batch_luad\TCGA-44-7671-01\run_dpclust3p_TCGA-44-7671-01.R	C:/CloneHD_benchmarking/DPclust/TCGA/dpclust_batch_luad\TCGA-44-7671-01\TCGA-44-7671-01_ccf.tsv
TCGA-44-7672-01	C:/CloneHD_benchmarking/DPclust/TCGA/dpclust_batch_luad\TCGA-44-7672-01	C:/CloneHD_benchmarking/DPclust/TCGA/dpclust_batch_luad\TCGA-44-7672-01\TCGA-44-7672-01_loci.txt	C:/CloneHD_benchmarking/DPclust/TCGA/dpclust_batch_luad\TCGA-44-7672-01\TCGA-44-7672-01_alleleFrequencies.txt	C:/CloneHD_benchmarking/DPclust/TCGA/dpclust_batch_luad\TCGA-44-7672-01\TCGA-44-7672-01.cellularity_ploidy	C:/CloneHD_benchmarking/DPclust/TCGA/dpclust_batch_luad\TCGA-44-7672-01\TCGA-44-7672-01.battenberg	C:/CloneHD_benchmarking/DPclust/TCGA/dpclust_batch_luad\TCGA-44-7672-01\run_dpclust3p_TCGA-44-7672-01.R	C:/CloneHD_benchmarking/DPclust/TCGA/dpclust_batch_luad\TCGA-44-7672-01\TCGA-44-7672-01_ccf.tsv
TCGA-44-8117-01	C:/CloneHD_benchmarking/DPclust/TCGA/dpclust_batch_luad\TCGA-44-8117-01	C:/CloneHD_benchmarking/DPclust/TCGA/dpclust_batch_luad\TCGA-44-8117-01\TCGA-44-8117-01_loci.txt	C:/CloneHD_benchmarking/DPclust/TCGA/dpclust_batch_luad\TCGA-44-8117-01\TCGA-44-8117-01_alleleFrequencies.txt	C:/CloneHD_benchmarking/DPclust/TCGA/dpclust_batch_luad\TCGA-44-8117-01\TCGA-44-8117-01.cellularity_ploidy	C:/CloneHD_benchmarking/DPclust/TCGA/dpclust_batch_luad\TCGA-44-8117-01\TCGA-44-8117-01.battenberg	C:/CloneHD_benchmarking/DPclust/TCGA/dpclust_batch_luad\TCGA-44-8117-01\run_dpclust3p_TCGA-44-8117-01.R	C:/CloneHD_benchmarking/DPclust/TCGA/dpclust_batch_luad\TCGA-44-8117-01\TCGA-44-8117-01_ccf.tsv
TCGA-44-8119-01	C:/CloneHD_benchmarking/DPclust/TCGA/dpclust_batch_luad\TCGA-44-8119-01	C:/CloneHD_benchmarking/DPclust/TCGA/dpclust_batch_luad\TCGA-44-8119-01\TCGA-44-8119-01_loci.txt	C:/CloneHD_benchmarking/DPclust/TCGA/dpclust_batch_luad\TCGA-44-8119-01\TCGA-44-8119-01_alleleFrequencies.txt	C:/CloneHD_benchmarking/DPclust/TCGA/dpclust_batch_luad\TCGA-44-8119-01\TCGA-44-8119-01.cellularity_ploidy	C:/CloneHD_benchmarking/DPclust/TCGA/dpclust_batch_luad\TCGA-44-8119-01\TCGA-44-8119-01.battenberg	C:/CloneHD_benchmarking/DPclust/TCGA/dpclust_batch_luad\TCGA-44-8119-01\run_dpclust3p_TCGA-44-8119-01.R	C:/CloneHD_benchmarking/DPclust/TCGA/dpclust_batch_luad\TCGA-44-8119-01\TCGA-44-8119-01_ccf.tsv
TCGA-44-8120-01	C:/CloneHD_benchmarking/DPclust/TCGA/dpclust_batch_luad\TCGA-44-8120-01	C:/CloneHD_benchmarking/DPclust/TCGA/dpclust_batch_luad\TCGA-44-8120-01\TCGA-44-8120-01_loci.txt	C:/CloneHD_benchmarking/DPclust/TCGA/dpclust_batch_luad\TCGA-44-8120-01\TCGA-44-8120-01_alleleFrequencies.txt	C:/CloneHD_benchmarking/DPclust/TCGA/dpclust_batch_luad\TCGA-44-8120-01\TCGA-44-8120-01.cellularity_ploidy	C:/CloneHD_benchmarking/DPclust/TCGA/dpclust_batch_luad\TCGA-44-8120-01\TCGA-44-8120-01.battenberg	C:/CloneHD_benchmarking/DPclust/TCGA/dpclust_batch_luad\TCGA-44-8120-01\run_dpclust3p_TCGA-44-8120-01.R	C:/CloneHD_benchmarking/DPclust/TCGA/dpclust_batch_luad\TCGA-44-8120-01\TCGA-44-8120-01_ccf.tsv
TCGA-44-A479-01	C:/CloneHD_benchmarking/DPclust/TCGA/dpclust_batch_luad\TCGA-44-A479-01	C:/CloneHD_benchmarking/DPclust/TCGA/dpclust_batch_luad\TCGA-44-A479-01\TCGA-44-A479-01_loci.txt	C:/CloneHD_benchmarking/DPclust/TCGA/dpclust_batch_luad\TCGA-44-A479-01\TCGA-44-A479-01_alleleFrequencies.txt	C:/CloneHD_benchmarking/DPclust/TCGA/dpclust_batch_luad\TCGA-44-A479-01\TCGA-44-A479-01.cellularity_ploidy	C:/CloneHD_benchmarking/DPclust/TCGA/dpclust_batch_luad\TCGA-44-A479-01\TCGA-44-A479-01.battenberg	C:/CloneHD_benchmarking/DPclust/TCGA/dpclust_batch_luad\TCGA-44-A479-01\run_dpclust3p_TCGA-44-A479-01.R	C:/CloneHD_benchmarking/DPclust/TCGA/dpclust_batch_luad\TCGA-44-A479-01\TCGA-44-A479-01_ccf.tsv
TCGA-44-A47A-01	C:/CloneHD_benchmarking/DPclust/TCGA/dpclust_batch_luad\TCGA-44-A47A-01	C:/CloneHD_benchmarking/DPclust/TCGA/dpclust_batch_luad\TCGA-44-A47A-01\TCGA-44-A47A-01_loci.txt	C:/CloneHD_benchmarking/DPclust/TCGA/dpclust_batch_luad\TCGA-44-A47A-01\TCGA-44-A47A-01_alleleFrequencies.txt	C:/CloneHD_benchmarking/DPclust/TCGA/dpclust_batch_luad\TCGA-44-A47A-01\TCGA-44-A47A-01.cellularity_ploidy	C:/CloneHD_benchmarking/DPclust/TCGA/dpclust_batch_luad\TCGA-44-A47A-01\TCGA-44-A47A-01.battenberg	C:/CloneHD_benchmarking/DPclust/TCGA/dpclust_batch_luad\TCGA-44-A47A-01\run_dpclust3p_TCGA-44-A47A-01.R	C:/CloneHD_benchmarking/DPclust/TCGA/dpclust_batch_luad\TCGA-44-A47A-01\TCGA-44-A47A-01_ccf.tsv
TCGA-44-A47B-01	C:/CloneHD_benchmarking/DPclust/TCGA/dpclust_batch_luad\TCGA-44-A47B-01	C:/CloneHD_benchmarking/DPclust/TCGA/dpclust_batch_luad\TCGA-44-A47B-01\TCGA-44-A47B-01_loci.txt	C:/CloneHD_benchmarking/DPclust/TCGA/dpclust_batch_luad\TCGA-44-A47B-01\TCGA-44-A47B-01_alleleFrequencies.txt	C:/CloneHD_benchmarking/DPclust/TCGA/dpclust_batch_luad\TCGA-44-A47B-01\TCGA-44-A47B-01.cellularity_ploidy	C:/CloneHD_benchmarking/DPclust/TCGA/dpclust_batch_luad\TCGA-44-A47B-01\TCGA-44-A47B-01.battenberg	C:/CloneHD_benchmarking/DPclust/TCGA/dpclust_batch_luad\TCGA-44-A47B-01\run_dpclust3p_TCGA-44-A47B-01.R	C:/CloneHD_benchmarking/DPclust/TCGA/dpclust_batch_luad\TCGA-44-A47B-01\TCGA-44-A47B-01_ccf.tsv
TCGA-44-A47F-01	C:/CloneHD_benchmarking/DPclust/TCGA/dpclust_batch_luad\TCGA-44-A47F-01	C:/CloneHD_benchmarking/DPclust/TCGA/dpclust_batch_luad\TCGA-44-A47F-01\TCGA-44-A47F-01_loci.txt	C:/CloneHD_benchmarking/DPclust/TCGA/dpclust_batch_luad\TCGA-44-A47F-01\TCGA-44-A47F-01_alleleFrequencies.txt	C:/CloneHD_benchmarking/DPclust/TCGA/dpclust_batch_luad\TCGA-44-A47F-01\TCGA-44-A47F-01.cellularity_ploidy	C:/CloneHD_benchmarking/DPclust/TCGA/dpclust_batch_luad\TCGA-44-A47F-01\TCGA-44-A47F-01.battenberg	C:/CloneHD_benchmarking/DPclust/TCGA/dpclust_batch_luad\TCGA-44-A47F-01\run_dpclust3p_TCGA-44-A47F-01.R	C:/CloneHD_benchmarking/DPclust/TCGA/dpclust_batch_luad\TCGA-44-A47F-01\TCGA-44-A47F-01_ccf.tsv
TCGA-44-A47G-01	C:/CloneHD_benchmarking/DPclust/TCGA/dpclust_batch_luad\TCGA-44-A47G-01	C:/CloneHD_benchmarking/DPclust/TCGA/dpclust_batch_luad\TCGA-44-A47G-01\TCGA-44-A47G-01_loci.txt	C:/CloneHD_benchmarking/DPclust/TCGA/dpclust_batch_luad\TCGA-44-A47G-01\TCGA-44-A47G-01_alleleFrequencies.txt	C:/CloneHD_benchmarking/DPclust/TCGA/dpclust_batch_luad\TCGA-44-A47G-01\TCGA-44-A47G-01.cellularity_ploidy	C:/CloneHD_benchmarking/DPclust/TCGA/dpclust_batch_luad\TCGA-44-A47G-01\TCGA-44-A47G-01.battenberg	C:/CloneHD_benchmarking/DPclust/TCGA/dpclust_batch_luad\TCGA-44-A47G-01\run_dpclust3p_TCGA-44-A47G-01.R	C:/CloneHD_benchmarking/DPclust/TCGA/dpclust_batch_luad\TCGA-44-A47G-01\TCGA-44-A47G-01_ccf.tsv
TCGA-44-A4SS-01	C:/CloneHD_benchmarking/DPclust/TCGA/dpclust_batch_luad\TCGA-44-A4SS-01	C:/CloneHD_benchmarking/DPclust/TCGA/dpclust_batch_luad\TCGA-44-A4SS-01\TCGA-44-A4SS-01_loci.txt	C:/CloneHD_benchmarking/DPclust/TCGA/dpclust_batch_luad\TCGA-44-A4SS-01\TCGA-44-A4SS-01_alleleFrequencies.txt	C:/CloneHD_benchmarking/DPclust/TCGA/dpclust_batch_luad\TCGA-44-A4SS-01\TCGA-44-A4SS-01.cellularity_ploidy	C:/CloneHD_benchmarking/DPclust/TCGA/dpclust_batch_luad\TCGA-44-A4SS-01\TCGA-44-A4SS-01.battenberg	C:/CloneHD_benchmarking/DPclust/TCGA/dpclust_batch_luad\TCGA-44-A4SS-01\run_dpclust3p_TCGA-44-A4SS-01.R	C:/CloneHD_benchmarking/DPclust/TCGA/dpclust_batch_luad\TCGA-44-A4SS-01\TCGA-44-A4SS-01_ccf.tsv
TCGA-44-A4SU-01	C:/CloneHD_benchmarking/DPclust/TCGA/dpclust_batch_luad\TCGA-44-A4SU-01	C:/CloneHD_benchmarking/DPclust/TCGA/dpclust_batch_luad\TCGA-44-A4SU-01\TCGA-44-A4SU-01_loci.txt	C:/CloneHD_benchmarking/DPclust/TCGA/dpclust_batch_luad\TCGA-44-A4SU-01\TCGA-44-A4SU-01_alleleFrequencies.txt	C:/CloneHD_benchmarking/DPclust/TCGA/dpclust_batch_luad\TCGA-44-A4SU-01\TCGA-44-A4SU-01.cellularity_ploidy	C:/CloneHD_benchmarking/DPclust/TCGA/dpclust_batch_luad\TCGA-44-A4SU-01\TCGA-44-A4SU-01.battenberg	C:/CloneHD_benchmarking/DPclust/TCGA/dpclust_batch_luad\TCGA-44-A4SU-01\run_dpclust3p_TCGA-44-A4SU-01.R	C:/CloneHD_benchmarking/DPclust/TCGA/dpclust_batch_luad\TCGA-44-A4SU-01\TCGA-44-A4SU-01_ccf.tsv
TCGA-49-4486-01	C:/CloneHD_benchmarking/DPclust/TCGA/dpclust_batch_luad\TCGA-49-4486-01	C:/CloneHD_benchmarking/DPclust/TCGA/dpclust_batch_luad\TCGA-49-4486-01\TCGA-49-4486-01_loci.txt	C:/CloneHD_benchmarking/DPclust/TCGA/dpclust_batch_luad\TCGA-49-4486-01\TCGA-49-4486-01_alleleFrequencies.txt	C:/CloneHD_benchmarking/DPclust/TCGA/dpclust_batch_luad\TCGA-49-4486-01\TCGA-49-4486-01.cellularity_ploidy	C:/CloneHD_benchmarking/DPclust/TCGA/dpclust_batch_luad\TCGA-49-4486-01\TCGA-49-4486-01.battenberg	C:/CloneHD_benchmarking/DPclust/TCGA/dpclust_batch_luad\TCGA-49-4486-01\run_dpclust3p_TCGA-49-4486-01.R	C:/CloneHD_benchmarking/DPclust/TCGA/dpclust_batch_luad\TCGA-49-4486-01\TCGA-49-4486-01_ccf.tsv
TCGA-49-4487-01	C:/CloneHD_benchmarking/DPclust/TCGA/dpclust_batch_luad\TCGA-49-4487-01	C:/CloneHD_benchmarking/DPclust/TCGA/dpclust_batch_luad\TCGA-49-4487-01\TCGA-49-4487-01_loci.txt	C:/CloneHD_benchmarking/DPclust/TCGA/dpclust_batch_luad\TCGA-49-4487-01\TCGA-49-4487-01_alleleFrequencies.txt	C:/CloneHD_benchmarking/DPclust/TCGA/dpclust_batch_luad\TCGA-49-4487-01\TCGA-49-4487-01.cellularity_ploidy	C:/CloneHD_benchmarking/DPclust/TCGA/dpclust_batch_luad\TCGA-49-4487-01\TCGA-49-4487-01.battenberg	C:/CloneHD_benchmarking/DPclust/TCGA/dpclust_batch_luad\TCGA-49-4487-01\run_dpclust3p_TCGA-49-4487-01.R	C:/CloneHD_benchmarking/DPclust/TCGA/dpclust_batch_luad\TCGA-49-4487-01\TCGA-49-4487-01_ccf.tsv
TCGA-49-4488-01	C:/CloneHD_benchmarking/DPclust/TCGA/dpclust_batch_luad\TCGA-49-4488-01	C:/CloneHD_benchmarking/DPclust/TCGA/dpclust_batch_luad\TCGA-49-4488-01\TCGA-49-4488-01_loci.txt	C:/CloneHD_benchmarking/DPclust/TCGA/dpclust_batch_luad\TCGA-49-4488-01\TCGA-49-4488-01_alleleFrequencies.txt	C:/CloneHD_benchmarking/DPclust/TCGA/dpclust_batch_luad\TCGA-49-4488-01\TCGA-49-4488-01.cellularity_ploidy	C:/CloneHD_benchmarking/DPclust/TCGA/dpclust_batch_luad\TCGA-49-4488-01\TCGA-49-4488-01.battenberg	C:/CloneHD_benchmarking/DPclust/TCGA/dpclust_batch_luad\TCGA-49-4488-01\run_dpclust3p_TCGA-49-4488-01.R	C:/CloneHD_benchmarking/DPclust/TCGA/dpclust_batch_luad\TCGA-49-4488-01\TCGA-49-4488-01_ccf.tsv
TCGA-49-4490-01	C:/CloneHD_benchmarking/DPclust/TCGA/dpclust_batch_luad\TCGA-49-4490-01	C:/CloneHD_benchmarking/DPclust/TCGA/dpclust_batch_luad\TCGA-49-4490-01\TCGA-49-4490-01_loci.txt	C:/CloneHD_benchmarking/DPclust/TCGA/dpclust_batch_luad\TCGA-49-4490-01\TCGA-49-4490-01_alleleFrequencies.txt	C:/CloneHD_benchmarking/DPclust/TCGA/dpclust_batch_luad\TCGA-49-4490-01\TCGA-49-4490-01.cellularity_ploidy	C:/CloneHD_benchmarking/DPclust/TCGA/dpclust_batch_luad\TCGA-49-4490-01\TCGA-49-4490-01.battenberg	C:/CloneHD_benchmarking/DPclust/TCGA/dpclust_batch_luad\TCGA-49-4490-01\run_dpclust3p_TCGA-49-4490-01.R	C:/CloneHD_benchmarking/DPclust/TCGA/dpclust_batch_luad\TCGA-49-4490-01\TCGA-49-4490-01_ccf.tsv
TCGA-49-4494-01	C:/CloneHD_benchmarking/DPclust/TCGA/dpclust_batch_luad\TCGA-49-4494-01	C:/CloneHD_benchmarking/DPclust/TCGA/dpclust_batch_luad\TCGA-49-4494-01\TCGA-49-4494-01_loci.txt	C:/CloneHD_benchmarking/DPclust/TCGA/dpclust_batch_luad\TCGA-49-4494-01\TCGA-49-4494-01_alleleFrequencies.txt	C:/CloneHD_benchmarking/DPclust/TCGA/dpclust_batch_luad\TCGA-49-4494-01\TCGA-49-4494-01.cellularity_ploidy	C:/CloneHD_benchmarking/DPclust/TCGA/dpclust_batch_luad\TCGA-49-4494-01\TCGA-49-4494-01.battenberg	C:/CloneHD_benchmarking/DPclust/TCGA/dpclust_batch_luad\TCGA-49-4494-01\run_dpclust3p_TCGA-49-4494-01.R	C:/CloneHD_benchmarking/DPclust/TCGA/dpclust_batch_luad\TCGA-49-4494-01\TCGA-49-4494-01_ccf.tsv
TCGA-49-4501-01	C:/CloneHD_benchmarking/DPclust/TCGA/dpclust_batch_luad\TCGA-49-4501-01	C:/CloneHD_benchmarking/DPclust/TCGA/dpclust_batch_luad\TCGA-49-4501-01\TCGA-49-4501-01_loci.txt	C:/CloneHD_benchmarking/DPclust/TCGA/dpclust_batch_luad\TCGA-49-4501-01\TCGA-49-4501-01_alleleFrequencies.txt	C:/CloneHD_benchmarking/DPclust/TCGA/dpclust_batch_luad\TCGA-49-4501-01\TCGA-49-4501-01.cellularity_ploidy	C:/CloneHD_benchmarking/DPclust/TCGA/dpclust_batch_luad\TCGA-49-4501-01\TCGA-49-4501-01.battenberg	C:/CloneHD_benchmarking/DPclust/TCGA/dpclust_batch_luad\TCGA-49-4501-01\run_dpclust3p_TCGA-49-4501-01.R	C:/CloneHD_benchmarking/DPclust/TCGA/dpclust_batch_luad\TCGA-49-4501-01\TCGA-49-4501-01_ccf.tsv
TCGA-49-4505-01	C:/CloneHD_benchmarking/DPclust/TCGA/dpclust_batch_luad\TCGA-49-4505-01	C:/CloneHD_benchmarking/DPclust/TCGA/dpclust_batch_luad\TCGA-49-4505-01\TCGA-49-4505-01_loci.txt	C:/CloneHD_benchmarking/DPclust/TCGA/dpclust_batch_luad\TCGA-49-4505-01\TCGA-49-4505-01_alleleFrequencies.txt	C:/CloneHD_benchmarking/DPclust/TCGA/dpclust_batch_luad\TCGA-49-4505-01\TCGA-49-4505-01.cellularity_ploidy	C:/CloneHD_benchmarking/DPclust/TCGA/dpclust_batch_luad\TCGA-49-4505-01\TCGA-49-4505-01.battenberg	C:/CloneHD_benchmarking/DPclust/TCGA/dpclust_batch_luad\TCGA-49-4505-01\run_dpclust3p_TCGA-49-4505-01.R	C:/CloneHD_benchmarking/DPclust/TCGA/dpclust_batch_luad\TCGA-49-4505-01\TCGA-49-4505-01_ccf.tsv
TCGA-49-4506-01	C:/CloneHD_benchmarking/DPclust/TCGA/dpclust_batch_luad\TCGA-49-4506-01	C:/CloneHD_benchmarking/DPclust/TCGA/dpclust_batch_luad\TCGA-49-4506-01\TCGA-49-4506-01_loci.txt	C:/CloneHD_benchmarking/DPclust/TCGA/dpclust_batch_luad\TCGA-49-4506-01\TCGA-49-4506-01_alleleFrequencies.txt	C:/CloneHD_benchmarking/DPclust/TCGA/dpclust_batch_luad\TCGA-49-4506-01\TCGA-49-4506-01.cellularity_ploidy	C:/CloneHD_benchmarking/DPclust/TCGA/dpclust_batch_luad\TCGA-49-4506-01\TCGA-49-4506-01.battenberg	C:/CloneHD_benchmarking/DPclust/TCGA/dpclust_batch_luad\TCGA-49-4506-01\run_dpclust3p_TCGA-49-4506-01.R	C:/CloneHD_benchmarking/DPclust/TCGA/dpclust_batch_luad\TCGA-49-4506-01\TCGA-49-4506-01_ccf.tsv
TCGA-49-4507-01	C:/CloneHD_benchmarking/DPclust/TCGA/dpclust_batch_luad\TCGA-49-4507-01	C:/CloneHD_benchmarking/DPclust/TCGA/dpclust_batch_luad\TCGA-49-4507-01\TCGA-49-4507-01_loci.txt	C:/CloneHD_benchmarking/DPclust/TCGA/dpclust_batch_luad\TCGA-49-4507-01\TCGA-49-4507-01_alleleFrequencies.txt	C:/CloneHD_benchmarking/DPclust/TCGA/dpclust_batch_luad\TCGA-49-4507-01\TCGA-49-4507-01.cellularity_ploidy	C:/CloneHD_benchmarking/DPclust/TCGA/dpclust_batch_luad\TCGA-49-4507-01\TCGA-49-4507-01.battenberg	C:/CloneHD_benchmarking/DPclust/TCGA/dpclust_batch_luad\TCGA-49-4507-01\run_dpclust3p_TCGA-49-4507-01.R	C:/CloneHD_benchmarking/DPclust/TCGA/dpclust_batch_luad\TCGA-49-4507-01\TCGA-49-4507-01_ccf.tsv
TCGA-49-4510-01	C:/CloneHD_benchmarking/DPclust/TCGA/dpclust_batch_luad\TCGA-49-4510-01	C:/CloneHD_benchmarking/DPclust/TCGA/dpclust_batch_luad\TCGA-49-4510-01\TCGA-49-4510-01_loci.txt	C:/CloneHD_benchmarking/DPclust/TCGA/dpclust_batch_luad\TCGA-49-4510-01\TCGA-49-4510-01_alleleFrequencies.txt	C:/CloneHD_benchmarking/DPclust/TCGA/dpclust_batch_luad\TCGA-49-4510-01\TCGA-49-4510-01.cellularity_ploidy	C:/CloneHD_benchmarking/DPclust/TCGA/dpclust_batch_luad\TCGA-49-4510-01\TCGA-49-4510-01.battenberg	C:/CloneHD_benchmarking/DPclust/TCGA/dpclust_batch_luad\TCGA-49-4510-01\run_dpclust3p_TCGA-49-4510-01.R	C:/CloneHD_benchmarking/DPclust/TCGA/dpclust_batch_luad\TCGA-49-4510-01\TCGA-49-4510-01_ccf.tsv
TCGA-49-4512-01	C:/CloneHD_benchmarking/DPclust/TCGA/dpclust_batch_luad\TCGA-49-4512-01	C:/CloneHD_benchmarking/DPclust/TCGA/dpclust_batch_luad\TCGA-49-4512-01\TCGA-49-4512-01_loci.txt	C:/CloneHD_benchmarking/DPclust/TCGA/dpclust_batch_luad\TCGA-49-4512-01\TCGA-49-4512-01_alleleFrequencies.txt	C:/CloneHD_benchmarking/DPclust/TCGA/dpclust_batch_luad\TCGA-49-4512-01\TCGA-49-4512-01.cellularity_ploidy	C:/CloneHD_benchmarking/DPclust/TCGA/dpclust_batch_luad\TCGA-49-4512-01\TCGA-49-4512-01.battenberg	C:/CloneHD_benchmarking/DPclust/TCGA/dpclust_batch_luad\TCGA-49-4512-01\run_dpclust3p_TCGA-49-4512-01.R	C:/CloneHD_benchmarking/DPclust/TCGA/dpclust_batch_luad\TCGA-49-4512-01\TCGA-49-4512-01_ccf.tsv
TCGA-49-4514-01	C:/CloneHD_benchmarking/DPclust/TCGA/dpclust_batch_luad\TCGA-49-4514-01	C:/CloneHD_benchmarking/DPclust/TCGA/dpclust_batch_luad\TCGA-49-4514-01\TCGA-49-4514-01_loci.txt	C:/CloneHD_benchmarking/DPclust/TCGA/dpclust_batch_luad\TCGA-49-4514-01\TCGA-49-4514-01_alleleFrequencies.txt	C:/CloneHD_benchmarking/DPclust/TCGA/dpclust_batch_luad\TCGA-49-4514-01\TCGA-49-4514-01.cellularity_ploidy	C:/CloneHD_benchmarking/DPclust/TCGA/dpclust_batch_luad\TCGA-49-4514-01\TCGA-49-4514-01.battenberg	C:/CloneHD_benchmarking/DPclust/TCGA/dpclust_batch_luad\TCGA-49-4514-01\run_dpclust3p_TCGA-49-4514-01.R	C:/CloneHD_benchmarking/DPclust/TCGA/dpclust_batch_luad\TCGA-49-4514-01\TCGA-49-4514-01_ccf.tsv
TCGA-49-6742-01	C:/CloneHD_benchmarking/DPclust/TCGA/dpclust_batch_luad\TCGA-49-6742-01	C:/CloneHD_benchmarking/DPclust/TCGA/dpclust_batch_luad\TCGA-49-6742-01\TCGA-49-6742-01_loci.txt	C:/CloneHD_benchmarking/DPclust/TCGA/dpclust_batch_luad\TCGA-49-6742-01\TCGA-49-6742-01_alleleFrequencies.txt	C:/CloneHD_benchmarking/DPclust/TCGA/dpclust_batch_luad\TCGA-49-6742-01\TCGA-49-6742-01.cellularity_ploidy	C:/CloneHD_benchmarking/DPclust/TCGA/dpclust_batch_luad\TCGA-49-6742-01\TCGA-49-6742-01.battenberg	C:/CloneHD_benchmarking/DPclust/TCGA/dpclust_batch_luad\TCGA-49-6742-01\run_dpclust3p_TCGA-49-6742-01.R	C:/CloneHD_benchmarking/DPclust/TCGA/dpclust_batch_luad\TCGA-49-6742-01\TCGA-49-6742-01_ccf.tsv
TCGA-49-6743-01	C:/CloneHD_benchmarking/DPclust/TCGA/dpclust_batch_luad\TCGA-49-6743-01	C:/CloneHD_benchmarking/DPclust/TCGA/dpclust_batch_luad\TCGA-49-6743-01\TCGA-49-6743-01_loci.txt	C:/CloneHD_benchmarking/DPclust/TCGA/dpclust_batch_luad\TCGA-49-6743-01\TCGA-49-6743-01_alleleFrequencies.txt	C:/CloneHD_benchmarking/DPclust/TCGA/dpclust_batch_luad\TCGA-49-6743-01\TCGA-49-6743-01.cellularity_ploidy	C:/CloneHD_benchmarking/DPclust/TCGA/dpclust_batch_luad\TCGA-49-6743-01\TCGA-49-6743-01.battenberg	C:/CloneHD_benchmarking/DPclust/TCGA/dpclust_batch_luad\TCGA-49-6743-01\run_dpclust3p_TCGA-49-6743-01.R	C:/CloneHD_benchmarking/DPclust/TCGA/dpclust_batch_luad\TCGA-49-6743-01\TCGA-49-6743-01_ccf.tsv
TCGA-49-6744-01	C:/CloneHD_benchmarking/DPclust/TCGA/dpclust_batch_luad\TCGA-49-6744-01	C:/CloneHD_benchmarking/DPclust/TCGA/dpclust_batch_luad\TCGA-49-6744-01\TCGA-49-6744-01_loci.txt	C:/CloneHD_benchmarking/DPclust/TCGA/dpclust_batch_luad\TCGA-49-6744-01\TCGA-49-6744-01_alleleFrequencies.txt	C:/CloneHD_benchmarking/DPclust/TCGA/dpclust_batch_luad\TCGA-49-6744-01\TCGA-49-6744-01.cellularity_ploidy	C:/CloneHD_benchmarking/DPclust/TCGA/dpclust_batch_luad\TCGA-49-6744-01\TCGA-49-6744-01.battenberg	C:/CloneHD_benchmarking/DPclust/TCGA/dpclust_batch_luad\TCGA-49-6744-01\run_dpclust3p_TCGA-49-6744-01.R	C:/CloneHD_benchmarking/DPclust/TCGA/dpclust_batch_luad\TCGA-49-6744-01\TCGA-49-6744-01_ccf.tsv
TCGA-49-6745-01	C:/CloneHD_benchmarking/DPclust/TCGA/dpclust_batch_luad\TCGA-49-6745-01	C:/CloneHD_benchmarking/DPclust/TCGA/dpclust_batch_luad\TCGA-49-6745-01\TCGA-49-6745-01_loci.txt	C:/CloneHD_benchmarking/DPclust/TCGA/dpclust_batch_luad\TCGA-49-6745-01\TCGA-49-6745-01_alleleFrequencies.txt	C:/CloneHD_benchmarking/DPclust/TCGA/dpclust_batch_luad\TCGA-49-6745-01\TCGA-49-6745-01.cellularity_ploidy	C:/CloneHD_benchmarking/DPclust/TCGA/dpclust_batch_luad\TCGA-49-6745-01\TCGA-49-6745-01.battenberg	C:/CloneHD_benchmarking/DPclust/TCGA/dpclust_batch_luad\TCGA-49-6745-01\run_dpclust3p_TCGA-49-6745-01.R	C:/CloneHD_benchmarking/DPclust/TCGA/dpclust_batch_luad\TCGA-49-6745-01\TCGA-49-6745-01_ccf.tsv
TCGA-49-6761-01	C:/CloneHD_benchmarking/DPclust/TCGA/dpclust_batch_luad\TCGA-49-6761-01	C:/CloneHD_benchmarking/DPclust/TCGA/dpclust_batch_luad\TCGA-49-6761-01\TCGA-49-6761-01_loci.txt	C:/CloneHD_benchmarking/DPclust/TCGA/dpclust_batch_luad\TCGA-49-6761-01\TCGA-49-6761-01_alleleFrequencies.txt	C:/CloneHD_benchmarking/DPclust/TCGA/dpclust_batch_luad\TCGA-49-6761-01\TCGA-49-6761-01.cellularity_ploidy	C:/CloneHD_benchmarking/DPclust/TCGA/dpclust_batch_luad\TCGA-49-6761-01\TCGA-49-6761-01.battenberg	C:/CloneHD_benchmarking/DPclust/TCGA/dpclust_batch_luad\TCGA-49-6761-01\run_dpclust3p_TCGA-49-6761-01.R	C:/CloneHD_benchmarking/DPclust/TCGA/dpclust_batch_luad\TCGA-49-6761-01\TCGA-49-6761-01_ccf.tsv
TCGA-49-6767-01	C:/CloneHD_benchmarking/DPclust/TCGA/dpclust_batch_luad\TCGA-49-6767-01	C:/CloneHD_benchmarking/DPclust/TCGA/dpclust_batch_luad\TCGA-49-6767-01\TCGA-49-6767-01_loci.txt	C:/CloneHD_benchmarking/DPclust/TCGA/dpclust_batch_luad\TCGA-49-6767-01\TCGA-49-6767-01_alleleFrequencies.txt	C:/CloneHD_benchmarking/DPclust/TCGA/dpclust_batch_luad\TCGA-49-6767-01\TCGA-49-6767-01.cellularity_ploidy	C:/CloneHD_benchmarking/DPclust/TCGA/dpclust_batch_luad\TCGA-49-6767-01\TCGA-49-6767-01.battenberg	C:/CloneHD_benchmarking/DPclust/TCGA/dpclust_batch_luad\TCGA-49-6767-01\run_dpclust3p_TCGA-49-6767-01.R	C:/CloneHD_benchmarking/DPclust/TCGA/dpclust_batch_luad\TCGA-49-6767-01\TCGA-49-6767-01_ccf.tsv
TCGA-49-AAQV-01	C:/CloneHD_benchmarking/DPclust/TCGA/dpclust_batch_luad\TCGA-49-AAQV-01	C:/CloneHD_benchmarking/DPclust/TCGA/dpclust_batch_luad\TCGA-49-AAQV-01\TCGA-49-AAQV-01_loci.txt	C:/CloneHD_benchmarking/DPclust/TCGA/dpclust_batch_luad\TCGA-49-AAQV-01\TCGA-49-AAQV-01_alleleFrequencies.txt	C:/CloneHD_benchmarking/DPclust/TCGA/dpclust_batch_luad\TCGA-49-AAQV-01\TCGA-49-AAQV-01.cellularity_ploidy	C:/CloneHD_benchmarking/DPclust/TCGA/dpclust_batch_luad\TCGA-49-AAQV-01\TCGA-49-AAQV-01.battenberg	C:/CloneHD_benchmarking/DPclust/TCGA/dpclust_batch_luad\TCGA-49-AAQV-01\run_dpclust3p_TCGA-49-AAQV-01.R	C:/CloneHD_benchmarking/DPclust/TCGA/dpclust_batch_luad\TCGA-49-AAQV-01\TCGA-49-AAQV-01_ccf.tsv
TCGA-49-AAR0-01	C:/CloneHD_benchmarking/DPclust/TCGA/dpclust_batch_luad\TCGA-49-AAR0-01	C:/CloneHD_benchmarking/DPclust/TCGA/dpclust_batch_luad\TCGA-49-AAR0-01\TCGA-49-AAR0-01_loci.txt	C:/CloneHD_benchmarking/DPclust/TCGA/dpclust_batch_luad\TCGA-49-AAR0-01\TCGA-49-AAR0-01_alleleFrequencies.txt	C:/CloneHD_benchmarking/DPclust/TCGA/dpclust_batch_luad\TCGA-49-AAR0-01\TCGA-49-AAR0-01.cellularity_ploidy	C:/CloneHD_benchmarking/DPclust/TCGA/dpclust_batch_luad\TCGA-49-AAR0-01\TCGA-49-AAR0-01.battenberg	C:/CloneHD_benchmarking/DPclust/TCGA/dpclust_batch_luad\TCGA-49-AAR0-01\run_dpclust3p_TCGA-49-AAR0-01.R	C:/CloneHD_benchmarking/DPclust/TCGA/dpclust_batch_luad\TCGA-49-AAR0-01\TCGA-49-AAR0-01_ccf.tsv
TCGA-49-AAR2-01	C:/CloneHD_benchmarking/DPclust/TCGA/dpclust_batch_luad\TCGA-49-AAR2-01	C:/CloneHD_benchmarking/DPclust/TCGA/dpclust_batch_luad\TCGA-49-AAR2-01\TCGA-49-AAR2-01_loci.txt	C:/CloneHD_benchmarking/DPclust/TCGA/dpclust_batch_luad\TCGA-49-AAR2-01\TCGA-49-AAR2-01_alleleFrequencies.txt	C:/CloneHD_benchmarking/DPclust/TCGA/dpclust_batch_luad\TCGA-49-AAR2-01\TCGA-49-AAR2-01.cellularity_ploidy	C:/CloneHD_benchmarking/DPclust/TCGA/dpclust_batch_luad\TCGA-49-AAR2-01\TCGA-49-AAR2-01.battenberg	C:/CloneHD_benchmarking/DPclust/TCGA/dpclust_batch_luad\TCGA-49-AAR2-01\run_dpclust3p_TCGA-49-AAR2-01.R	C:/CloneHD_benchmarking/DPclust/TCGA/dpclust_batch_luad\TCGA-49-AAR2-01\TCGA-49-AAR2-01_ccf.tsv
TCGA-49-AAR3-01	C:/CloneHD_benchmarking/DPclust/TCGA/dpclust_batch_luad\TCGA-49-AAR3-01	C:/CloneHD_benchmarking/DPclust/TCGA/dpclust_batch_luad\TCGA-49-AAR3-01\TCGA-49-AAR3-01_loci.txt	C:/CloneHD_benchmarking/DPclust/TCGA/dpclust_batch_luad\TCGA-49-AAR3-01\TCGA-49-AAR3-01_alleleFrequencies.txt	C:/CloneHD_benchmarking/DPclust/TCGA/dpclust_batch_luad\TCGA-49-AAR3-01\TCGA-49-AAR3-01.cellularity_ploidy	C:/CloneHD_benchmarking/DPclust/TCGA/dpclust_batch_luad\TCGA-49-AAR3-01\TCGA-49-AAR3-01.battenberg	C:/CloneHD_benchmarking/DPclust/TCGA/dpclust_batch_luad\TCGA-49-AAR3-01\run_dpclust3p_TCGA-49-AAR3-01.R	C:/CloneHD_benchmarking/DPclust/TCGA/dpclust_batch_luad\TCGA-49-AAR3-01\TCGA-49-AAR3-01_ccf.tsv
TCGA-49-AAR4-01	C:/CloneHD_benchmarking/DPclust/TCGA/dpclust_batch_luad\TCGA-49-AAR4-01	C:/CloneHD_benchmarking/DPclust/TCGA/dpclust_batch_luad\TCGA-49-AAR4-01\TCGA-49-AAR4-01_loci.txt	C:/CloneHD_benchmarking/DPclust/TCGA/dpclust_batch_luad\TCGA-49-AAR4-01\TCGA-49-AAR4-01_alleleFrequencies.txt	C:/CloneHD_benchmarking/DPclust/TCGA/dpclust_batch_luad\TCGA-49-AAR4-01\TCGA-49-AAR4-01.cellularity_ploidy	C:/CloneHD_benchmarking/DPclust/TCGA/dpclust_batch_luad\TCGA-49-AAR4-01\TCGA-49-AAR4-01.battenberg	C:/CloneHD_benchmarking/DPclust/TCGA/dpclust_batch_luad\TCGA-49-AAR4-01\run_dpclust3p_TCGA-49-AAR4-01.R	C:/CloneHD_benchmarking/DPclust/TCGA/dpclust_batch_luad\TCGA-49-AAR4-01\TCGA-49-AAR4-01_ccf.tsv
TCGA-49-AAR9-01	C:/CloneHD_benchmarking/DPclust/TCGA/dpclust_batch_luad\TCGA-49-AAR9-01	C:/CloneHD_benchmarking/DPclust/TCGA/dpclust_batch_luad\TCGA-49-AAR9-01\TCGA-49-AAR9-01_loci.txt	C:/CloneHD_benchmarking/DPclust/TCGA/dpclust_batch_luad\TCGA-49-AAR9-01\TCGA-49-AAR9-01_alleleFrequencies.txt	C:/CloneHD_benchmarking/DPclust/TCGA/dpclust_batch_luad\TCGA-49-AAR9-01\TCGA-49-AAR9-01.cellularity_ploidy	C:/CloneHD_benchmarking/DPclust/TCGA/dpclust_batch_luad\TCGA-49-AAR9-01\TCGA-49-AAR9-01.battenberg	C:/CloneHD_benchmarking/DPclust/TCGA/dpclust_batch_luad\TCGA-49-AAR9-01\run_dpclust3p_TCGA-49-AAR9-01.R	C:/CloneHD_benchmarking/DPclust/TCGA/dpclust_batch_luad\TCGA-49-AAR9-01\TCGA-49-AAR9-01_ccf.tsv
TCGA-49-AARE-01	C:/CloneHD_benchmarking/DPclust/TCGA/dpclust_batch_luad\TCGA-49-AARE-01	C:/CloneHD_benchmarking/DPclust/TCGA/dpclust_batch_luad\TCGA-49-AARE-01\TCGA-49-AARE-01_loci.txt	C:/CloneHD_benchmarking/DPclust/TCGA/dpclust_batch_luad\TCGA-49-AARE-01\TCGA-49-AARE-01_alleleFrequencies.txt	C:/CloneHD_benchmarking/DPclust/TCGA/dpclust_batch_luad\TCGA-49-AARE-01\TCGA-49-AARE-01.cellularity_ploidy	C:/CloneHD_benchmarking/DPclust/TCGA/dpclust_batch_luad\TCGA-49-AARE-01\TCGA-49-AARE-01.battenberg	C:/CloneHD_benchmarking/DPclust/TCGA/dpclust_batch_luad\TCGA-49-AARE-01\run_dpclust3p_TCGA-49-AARE-01.R	C:/CloneHD_benchmarking/DPclust/TCGA/dpclust_batch_luad\TCGA-49-AARE-01\TCGA-49-AARE-01_ccf.tsv
TCGA-49-AARN-01	C:/CloneHD_benchmarking/DPclust/TCGA/dpclust_batch_luad\TCGA-49-AARN-01	C:/CloneHD_benchmarking/DPclust/TCGA/dpclust_batch_luad\TCGA-49-AARN-01\TCGA-49-AARN-01_loci.txt	C:/CloneHD_benchmarking/DPclust/TCGA/dpclust_batch_luad\TCGA-49-AARN-01\TCGA-49-AARN-01_alleleFrequencies.txt	C:/CloneHD_benchmarking/DPclust/TCGA/dpclust_batch_luad\TCGA-49-AARN-01\TCGA-49-AARN-01.cellularity_ploidy	C:/CloneHD_benchmarking/DPclust/TCGA/dpclust_batch_luad\TCGA-49-AARN-01\TCGA-49-AARN-01.battenberg	C:/CloneHD_benchmarking/DPclust/TCGA/dpclust_batch_luad\TCGA-49-AARN-01\run_dpclust3p_TCGA-49-AARN-01.R	C:/CloneHD_benchmarking/DPclust/TCGA/dpclust_batch_luad\TCGA-49-AARN-01\TCGA-49-AARN-01_ccf.tsv
TCGA-49-AARO-01	C:/CloneHD_benchmarking/DPclust/TCGA/dpclust_batch_luad\TCGA-49-AARO-01	C:/CloneHD_benchmarking/DPclust/TCGA/dpclust_batch_luad\TCGA-49-AARO-01\TCGA-49-AARO-01_loci.txt	C:/CloneHD_benchmarking/DPclust/TCGA/dpclust_batch_luad\TCGA-49-AARO-01\TCGA-49-AARO-01_alleleFrequencies.txt	C:/CloneHD_benchmarking/DPclust/TCGA/dpclust_batch_luad\TCGA-49-AARO-01\TCGA-49-AARO-01.cellularity_ploidy	C:/CloneHD_benchmarking/DPclust/TCGA/dpclust_batch_luad\TCGA-49-AARO-01\TCGA-49-AARO-01.battenberg	C:/CloneHD_benchmarking/DPclust/TCGA/dpclust_batch_luad\TCGA-49-AARO-01\run_dpclust3p_TCGA-49-AARO-01.R	C:/CloneHD_benchmarking/DPclust/TCGA/dpclust_batch_luad\TCGA-49-AARO-01\TCGA-49-AARO-01_ccf.tsv
TCGA-49-AARQ-01	C:/CloneHD_benchmarking/DPclust/TCGA/dpclust_batch_luad\TCGA-49-AARQ-01	C:/CloneHD_benchmarking/DPclust/TCGA/dpclust_batch_luad\TCGA-49-AARQ-01\TCGA-49-AARQ-01_loci.txt	C:/CloneHD_benchmarking/DPclust/TCGA/dpclust_batch_luad\TCGA-49-AARQ-01\TCGA-49-AARQ-01_alleleFrequencies.txt	C:/CloneHD_benchmarking/DPclust/TCGA/dpclust_batch_luad\TCGA-49-AARQ-01\TCGA-49-AARQ-01.cellularity_ploidy	C:/CloneHD_benchmarking/DPclust/TCGA/dpclust_batch_luad\TCGA-49-AARQ-01\TCGA-49-AARQ-01.battenberg	C:/CloneHD_benchmarking/DPclust/TCGA/dpclust_batch_luad\TCGA-49-AARQ-01\run_dpclust3p_TCGA-49-AARQ-01.R	C:/CloneHD_benchmarking/DPclust/TCGA/dpclust_batch_luad\TCGA-49-AARQ-01\TCGA-49-AARQ-01_ccf.tsv
TCGA-49-AARR-01	C:/CloneHD_benchmarking/DPclust/TCGA/dpclust_batch_luad\TCGA-49-AARR-01	C:/CloneHD_benchmarking/DPclust/TCGA/dpclust_batch_luad\TCGA-49-AARR-01\TCGA-49-AARR-01_loci.txt	C:/CloneHD_benchmarking/DPclust/TCGA/dpclust_batch_luad\TCGA-49-AARR-01\TCGA-49-AARR-01_alleleFrequencies.txt	C:/CloneHD_benchmarking/DPclust/TCGA/dpclust_batch_luad\TCGA-49-AARR-01\TCGA-49-AARR-01.cellularity_ploidy	C:/CloneHD_benchmarking/DPclust/TCGA/dpclust_batch_luad\TCGA-49-AARR-01\TCGA-49-AARR-01.battenberg	C:/CloneHD_benchmarking/DPclust/TCGA/dpclust_batch_luad\TCGA-49-AARR-01\run_dpclust3p_TCGA-49-AARR-01.R	C:/CloneHD_benchmarking/DPclust/TCGA/dpclust_batch_luad\TCGA-49-AARR-01\TCGA-49-AARR-01_ccf.tsv
TCGA-4B-A93V-01	C:/CloneHD_benchmarking/DPclust/TCGA/dpclust_batch_luad\TCGA-4B-A93V-01	C:/CloneHD_benchmarking/DPclust/TCGA/dpclust_batch_luad\TCGA-4B-A93V-01\TCGA-4B-A93V-01_loci.txt	C:/CloneHD_benchmarking/DPclust/TCGA/dpclust_batch_luad\TCGA-4B-A93V-01\TCGA-4B-A93V-01_alleleFrequencies.txt	C:/CloneHD_benchmarking/DPclust/TCGA/dpclust_batch_luad\TCGA-4B-A93V-01\TCGA-4B-A93V-01.cellularity_ploidy	C:/CloneHD_benchmarking/DPclust/TCGA/dpclust_batch_luad\TCGA-4B-A93V-01\TCGA-4B-A93V-01.battenberg	C:/CloneHD_benchmarking/DPclust/TCGA/dpclust_batch_luad\TCGA-4B-A93V-01\run_dpclust3p_TCGA-4B-A93V-01.R	C:/CloneHD_benchmarking/DPclust/TCGA/dpclust_batch_luad\TCGA-4B-A93V-01\TCGA-4B-A93V-01_ccf.tsv
TCGA-50-5044-01	C:/CloneHD_benchmarking/DPclust/TCGA/dpclust_batch_luad\TCGA-50-5044-01	C:/CloneHD_benchmarking/DPclust/TCGA/dpclust_batch_luad\TCGA-50-5044-01\TCGA-50-5044-01_loci.txt	C:/CloneHD_benchmarking/DPclust/TCGA/dpclust_batch_luad\TCGA-50-5044-01\TCGA-50-5044-01_alleleFrequencies.txt	C:/CloneHD_benchmarking/DPclust/TCGA/dpclust_batch_luad\TCGA-50-5044-01\TCGA-50-5044-01.cellularity_ploidy	C:/CloneHD_benchmarking/DPclust/TCGA/dpclust_batch_luad\TCGA-50-5044-01\TCGA-50-5044-01.battenberg	C:/CloneHD_benchmarking/DPclust/TCGA/dpclust_batch_luad\TCGA-50-5044-01\run_dpclust3p_TCGA-50-5044-01.R	C:/CloneHD_benchmarking/DPclust/TCGA/dpclust_batch_luad\TCGA-50-5044-01\TCGA-50-5044-01_ccf.tsv
TCGA-50-5045-01	C:/CloneHD_benchmarking/DPclust/TCGA/dpclust_batch_luad\TCGA-50-5045-01	C:/CloneHD_benchmarking/DPclust/TCGA/dpclust_batch_luad\TCGA-50-5045-01\TCGA-50-5045-01_loci.txt	C:/CloneHD_benchmarking/DPclust/TCGA/dpclust_batch_luad\TCGA-50-5045-01\TCGA-50-5045-01_alleleFrequencies.txt	C:/CloneHD_benchmarking/DPclust/TCGA/dpclust_batch_luad\TCGA-50-5045-01\TCGA-50-5045-01.cellularity_ploidy	C:/CloneHD_benchmarking/DPclust/TCGA/dpclust_batch_luad\TCGA-50-5045-01\TCGA-50-5045-01.battenberg	C:/CloneHD_benchmarking/DPclust/TCGA/dpclust_batch_luad\TCGA-50-5045-01\run_dpclust3p_TCGA-50-5045-01.R	C:/CloneHD_benchmarking/DPclust/TCGA/dpclust_batch_luad\TCGA-50-5045-01\TCGA-50-5045-01_ccf.tsv
TCGA-50-5049-01	C:/CloneHD_benchmarking/DPclust/TCGA/dpclust_batch_luad\TCGA-50-5049-01	C:/CloneHD_benchmarking/DPclust/TCGA/dpclust_batch_luad\TCGA-50-5049-01\TCGA-50-5049-01_loci.txt	C:/CloneHD_benchmarking/DPclust/TCGA/dpclust_batch_luad\TCGA-50-5049-01\TCGA-50-5049-01_alleleFrequencies.txt	C:/CloneHD_benchmarking/DPclust/TCGA/dpclust_batch_luad\TCGA-50-5049-01\TCGA-50-5049-01.cellularity_ploidy	C:/CloneHD_benchmarking/DPclust/TCGA/dpclust_batch_luad\TCGA-50-5049-01\TCGA-50-5049-01.battenberg	C:/CloneHD_benchmarking/DPclust/TCGA/dpclust_batch_luad\TCGA-50-5049-01\run_dpclust3p_TCGA-50-5049-01.R	C:/CloneHD_benchmarking/DPclust/TCGA/dpclust_batch_luad\TCGA-50-5049-01\TCGA-50-5049-01_ccf.tsv
TCGA-50-5051-01	C:/CloneHD_benchmarking/DPclust/TCGA/dpclust_batch_luad\TCGA-50-5051-01	C:/CloneHD_benchmarking/DPclust/TCGA/dpclust_batch_luad\TCGA-50-5051-01\TCGA-50-5051-01_loci.txt	C:/CloneHD_benchmarking/DPclust/TCGA/dpclust_batch_luad\TCGA-50-5051-01\TCGA-50-5051-01_alleleFrequencies.txt	C:/CloneHD_benchmarking/DPclust/TCGA/dpclust_batch_luad\TCGA-50-5051-01\TCGA-50-5051-01.cellularity_ploidy	C:/CloneHD_benchmarking/DPclust/TCGA/dpclust_batch_luad\TCGA-50-5051-01\TCGA-50-5051-01.battenberg	C:/CloneHD_benchmarking/DPclust/TCGA/dpclust_batch_luad\TCGA-50-5051-01\run_dpclust3p_TCGA-50-5051-01.R	C:/CloneHD_benchmarking/DPclust/TCGA/dpclust_batch_luad\TCGA-50-5051-01\TCGA-50-5051-01_ccf.tsv
TCGA-50-5055-01	C:/CloneHD_benchmarking/DPclust/TCGA/dpclust_batch_luad\TCGA-50-5055-01	C:/CloneHD_benchmarking/DPclust/TCGA/dpclust_batch_luad\TCGA-50-5055-01\TCGA-50-5055-01_loci.txt	C:/CloneHD_benchmarking/DPclust/TCGA/dpclust_batch_luad\TCGA-50-5055-01\TCGA-50-5055-01_alleleFrequencies.txt	C:/CloneHD_benchmarking/DPclust/TCGA/dpclust_batch_luad\TCGA-50-5055-01\TCGA-50-5055-01.cellularity_ploidy	C:/CloneHD_benchmarking/DPclust/TCGA/dpclust_batch_luad\TCGA-50-5055-01\TCGA-50-5055-01.battenberg	C:/CloneHD_benchmarking/DPclust/TCGA/dpclust_batch_luad\TCGA-50-5055-01\run_dpclust3p_TCGA-50-5055-01.R	C:/CloneHD_benchmarking/DPclust/TCGA/dpclust_batch_luad\TCGA-50-5055-01\TCGA-50-5055-01_ccf.tsv
TCGA-50-5066-01	C:/CloneHD_benchmarking/DPclust/TCGA/dpclust_batch_luad\TCGA-50-5066-01	C:/CloneHD_benchmarking/DPclust/TCGA/dpclust_batch_luad\TCGA-50-5066-01\TCGA-50-5066-01_loci.txt	C:/CloneHD_benchmarking/DPclust/TCGA/dpclust_batch_luad\TCGA-50-5066-01\TCGA-50-5066-01_alleleFrequencies.txt	C:/CloneHD_benchmarking/DPclust/TCGA/dpclust_batch_luad\TCGA-50-5066-01\TCGA-50-5066-01.cellularity_ploidy	C:/CloneHD_benchmarking/DPclust/TCGA/dpclust_batch_luad\TCGA-50-5066-01\TCGA-50-5066-01.battenberg	C:/CloneHD_benchmarking/DPclust/TCGA/dpclust_batch_luad\TCGA-50-5066-01\run_dpclust3p_TCGA-50-5066-01.R	C:/CloneHD_benchmarking/DPclust/TCGA/dpclust_batch_luad\TCGA-50-5066-01\TCGA-50-5066-01_ccf.tsv
TCGA-50-5068-01	C:/CloneHD_benchmarking/DPclust/TCGA/dpclust_batch_luad\TCGA-50-5068-01	C:/CloneHD_benchmarking/DPclust/TCGA/dpclust_batch_luad\TCGA-50-5068-01\TCGA-50-5068-01_loci.txt	C:/CloneHD_benchmarking/DPclust/TCGA/dpclust_batch_luad\TCGA-50-5068-01\TCGA-50-5068-01_alleleFrequencies.txt	C:/CloneHD_benchmarking/DPclust/TCGA/dpclust_batch_luad\TCGA-50-5068-01\TCGA-50-5068-01.cellularity_ploidy	C:/CloneHD_benchmarking/DPclust/TCGA/dpclust_batch_luad\TCGA-50-5068-01\TCGA-50-5068-01.battenberg	C:/CloneHD_benchmarking/DPclust/TCGA/dpclust_batch_luad\TCGA-50-5068-01\run_dpclust3p_TCGA-50-5068-01.R	C:/CloneHD_benchmarking/DPclust/TCGA/dpclust_batch_luad\TCGA-50-5068-01\TCGA-50-5068-01_ccf.tsv
TCGA-50-5072-01	C:/CloneHD_benchmarking/DPclust/TCGA/dpclust_batch_luad\TCGA-50-5072-01	C:/CloneHD_benchmarking/DPclust/TCGA/dpclust_batch_luad\TCGA-50-5072-01\TCGA-50-5072-01_loci.txt	C:/CloneHD_benchmarking/DPclust/TCGA/dpclust_batch_luad\TCGA-50-5072-01\TCGA-50-5072-01_alleleFrequencies.txt	C:/CloneHD_benchmarking/DPclust/TCGA/dpclust_batch_luad\TCGA-50-5072-01\TCGA-50-5072-01.cellularity_ploidy	C:/CloneHD_benchmarking/DPclust/TCGA/dpclust_batch_luad\TCGA-50-5072-01\TCGA-50-5072-01.battenberg	C:/CloneHD_benchmarking/DPclust/TCGA/dpclust_batch_luad\TCGA-50-5072-01\run_dpclust3p_TCGA-50-5072-01.R	C:/CloneHD_benchmarking/DPclust/TCGA/dpclust_batch_luad\TCGA-50-5072-01\TCGA-50-5072-01_ccf.tsv
TCGA-50-5930-01	C:/CloneHD_benchmarking/DPclust/TCGA/dpclust_batch_luad\TCGA-50-5930-01	C:/CloneHD_benchmarking/DPclust/TCGA/dpclust_batch_luad\TCGA-50-5930-01\TCGA-50-5930-01_loci.txt	C:/CloneHD_benchmarking/DPclust/TCGA/dpclust_batch_luad\TCGA-50-5930-01\TCGA-50-5930-01_alleleFrequencies.txt	C:/CloneHD_benchmarking/DPclust/TCGA/dpclust_batch_luad\TCGA-50-5930-01\TCGA-50-5930-01.cellularity_ploidy	C:/CloneHD_benchmarking/DPclust/TCGA/dpclust_batch_luad\TCGA-50-5930-01\TCGA-50-5930-01.battenberg	C:/CloneHD_benchmarking/DPclust/TCGA/dpclust_batch_luad\TCGA-50-5930-01\run_dpclust3p_TCGA-50-5930-01.R	C:/CloneHD_benchmarking/DPclust/TCGA/dpclust_batch_luad\TCGA-50-5930-01\TCGA-50-5930-01_ccf.tsv
TCGA-50-5931-01	C:/CloneHD_benchmarking/DPclust/TCGA/dpclust_batch_luad\TCGA-50-5931-01	C:/CloneHD_benchmarking/DPclust/TCGA/dpclust_batch_luad\TCGA-50-5931-01\TCGA-50-5931-01_loci.txt	C:/CloneHD_benchmarking/DPclust/TCGA/dpclust_batch_luad\TCGA-50-5931-01\TCGA-50-5931-01_alleleFrequencies.txt	C:/CloneHD_benchmarking/DPclust/TCGA/dpclust_batch_luad\TCGA-50-5931-01\TCGA-50-5931-01.cellularity_ploidy	C:/CloneHD_benchmarking/DPclust/TCGA/dpclust_batch_luad\TCGA-50-5931-01\TCGA-50-5931-01.battenberg	C:/CloneHD_benchmarking/DPclust/TCGA/dpclust_batch_luad\TCGA-50-5931-01\run_dpclust3p_TCGA-50-5931-01.R	C:/CloneHD_benchmarking/DPclust/TCGA/dpclust_batch_luad\TCGA-50-5931-01\TCGA-50-5931-01_ccf.tsv
TCGA-50-5932-01	C:/CloneHD_benchmarking/DPclust/TCGA/dpclust_batch_luad\TCGA-50-5932-01	C:/CloneHD_benchmarking/DPclust/TCGA/dpclust_batch_luad\TCGA-50-5932-01\TCGA-50-5932-01_loci.txt	C:/CloneHD_benchmarking/DPclust/TCGA/dpclust_batch_luad\TCGA-50-5932-01\TCGA-50-5932-01_alleleFrequencies.txt	C:/CloneHD_benchmarking/DPclust/TCGA/dpclust_batch_luad\TCGA-50-5932-01\TCGA-50-5932-01.cellularity_ploidy	C:/CloneHD_benchmarking/DPclust/TCGA/dpclust_batch_luad\TCGA-50-5932-01\TCGA-50-5932-01.battenberg	C:/CloneHD_benchmarking/DPclust/TCGA/dpclust_batch_luad\TCGA-50-5932-01\run_dpclust3p_TCGA-50-5932-01.R	C:/CloneHD_benchmarking/DPclust/TCGA/dpclust_batch_luad\TCGA-50-5932-01\TCGA-50-5932-01_ccf.tsv
TCGA-50-5933-01	C:/CloneHD_benchmarking/DPclust/TCGA/dpclust_batch_luad\TCGA-50-5933-01	C:/CloneHD_benchmarking/DPclust/TCGA/dpclust_batch_luad\TCGA-50-5933-01\TCGA-50-5933-01_loci.txt	C:/CloneHD_benchmarking/DPclust/TCGA/dpclust_batch_luad\TCGA-50-5933-01\TCGA-50-5933-01_alleleFrequencies.txt	C:/CloneHD_benchmarking/DPclust/TCGA/dpclust_batch_luad\TCGA-50-5933-01\TCGA-50-5933-01.cellularity_ploidy	C:/CloneHD_benchmarking/DPclust/TCGA/dpclust_batch_luad\TCGA-50-5933-01\TCGA-50-5933-01.battenberg	C:/CloneHD_benchmarking/DPclust/TCGA/dpclust_batch_luad\TCGA-50-5933-01\run_dpclust3p_TCGA-50-5933-01.R	C:/CloneHD_benchmarking/DPclust/TCGA/dpclust_batch_luad\TCGA-50-5933-01\TCGA-50-5933-01_ccf.tsv
TCGA-50-5935-01	C:/CloneHD_benchmarking/DPclust/TCGA/dpclust_batch_luad\TCGA-50-5935-01	C:/CloneHD_benchmarking/DPclust/TCGA/dpclust_batch_luad\TCGA-50-5935-01\TCGA-50-5935-01_loci.txt	C:/CloneHD_benchmarking/DPclust/TCGA/dpclust_batch_luad\TCGA-50-5935-01\TCGA-50-5935-01_alleleFrequencies.txt	C:/CloneHD_benchmarking/DPclust/TCGA/dpclust_batch_luad\TCGA-50-5935-01\TCGA-50-5935-01.cellularity_ploidy	C:/CloneHD_benchmarking/DPclust/TCGA/dpclust_batch_luad\TCGA-50-5935-01\TCGA-50-5935-01.battenberg	C:/CloneHD_benchmarking/DPclust/TCGA/dpclust_batch_luad\TCGA-50-5935-01\run_dpclust3p_TCGA-50-5935-01.R	C:/CloneHD_benchmarking/DPclust/TCGA/dpclust_batch_luad\TCGA-50-5935-01\TCGA-50-5935-01_ccf.tsv
TCGA-50-5936-01	C:/CloneHD_benchmarking/DPclust/TCGA/dpclust_batch_luad\TCGA-50-5936-01	C:/CloneHD_benchmarking/DPclust/TCGA/dpclust_batch_luad\TCGA-50-5936-01\TCGA-50-5936-01_loci.txt	C:/CloneHD_benchmarking/DPclust/TCGA/dpclust_batch_luad\TCGA-50-5936-01\TCGA-50-5936-01_alleleFrequencies.txt	C:/CloneHD_benchmarking/DPclust/TCGA/dpclust_batch_luad\TCGA-50-5936-01\TCGA-50-5936-01.cellularity_ploidy	C:/CloneHD_benchmarking/DPclust/TCGA/dpclust_batch_luad\TCGA-50-5936-01\TCGA-50-5936-01.battenberg	C:/CloneHD_benchmarking/DPclust/TCGA/dpclust_batch_luad\TCGA-50-5936-01\run_dpclust3p_TCGA-50-5936-01.R	C:/CloneHD_benchmarking/DPclust/TCGA/dpclust_batch_luad\TCGA-50-5936-01\TCGA-50-5936-01_ccf.tsv
TCGA-50-5939-01	C:/CloneHD_benchmarking/DPclust/TCGA/dpclust_batch_luad\TCGA-50-5939-01	C:/CloneHD_benchmarking/DPclust/TCGA/dpclust_batch_luad\TCGA-50-5939-01\TCGA-50-5939-01_loci.txt	C:/CloneHD_benchmarking/DPclust/TCGA/dpclust_batch_luad\TCGA-50-5939-01\TCGA-50-5939-01_alleleFrequencies.txt	C:/CloneHD_benchmarking/DPclust/TCGA/dpclust_batch_luad\TCGA-50-5939-01\TCGA-50-5939-01.cellularity_ploidy	C:/CloneHD_benchmarking/DPclust/TCGA/dpclust_batch_luad\TCGA-50-5939-01\TCGA-50-5939-01.battenberg	C:/CloneHD_benchmarking/DPclust/TCGA/dpclust_batch_luad\TCGA-50-5939-01\run_dpclust3p_TCGA-50-5939-01.R	C:/CloneHD_benchmarking/DPclust/TCGA/dpclust_batch_luad\TCGA-50-5939-01\TCGA-50-5939-01_ccf.tsv
TCGA-50-5941-01	C:/CloneHD_benchmarking/DPclust/TCGA/dpclust_batch_luad\TCGA-50-5941-01	C:/CloneHD_benchmarking/DPclust/TCGA/dpclust_batch_luad\TCGA-50-5941-01\TCGA-50-5941-01_loci.txt	C:/CloneHD_benchmarking/DPclust/TCGA/dpclust_batch_luad\TCGA-50-5941-01\TCGA-50-5941-01_alleleFrequencies.txt	C:/CloneHD_benchmarking/DPclust/TCGA/dpclust_batch_luad\TCGA-50-5941-01\TCGA-50-5941-01.cellularity_ploidy	C:/CloneHD_benchmarking/DPclust/TCGA/dpclust_batch_luad\TCGA-50-5941-01\TCGA-50-5941-01.battenberg	C:/CloneHD_benchmarking/DPclust/TCGA/dpclust_batch_luad\TCGA-50-5941-01\run_dpclust3p_TCGA-50-5941-01.R	C:/CloneHD_benchmarking/DPclust/TCGA/dpclust_batch_luad\TCGA-50-5941-01\TCGA-50-5941-01_ccf.tsv
TCGA-50-5942-01	C:/CloneHD_benchmarking/DPclust/TCGA/dpclust_batch_luad\TCGA-50-5942-01	C:/CloneHD_benchmarking/DPclust/TCGA/dpclust_batch_luad\TCGA-50-5942-01\TCGA-50-5942-01_loci.txt	C:/CloneHD_benchmarking/DPclust/TCGA/dpclust_batch_luad\TCGA-50-5942-01\TCGA-50-5942-01_alleleFrequencies.txt	C:/CloneHD_benchmarking/DPclust/TCGA/dpclust_batch_luad\TCGA-50-5942-01\TCGA-50-5942-01.cellularity_ploidy	C:/CloneHD_benchmarking/DPclust/TCGA/dpclust_batch_luad\TCGA-50-5942-01\TCGA-50-5942-01.battenberg	C:/CloneHD_benchmarking/DPclust/TCGA/dpclust_batch_luad\TCGA-50-5942-01\run_dpclust3p_TCGA-50-5942-01.R	C:/CloneHD_benchmarking/DPclust/TCGA/dpclust_batch_luad\TCGA-50-5942-01\TCGA-50-5942-01_ccf.tsv
TCGA-50-5944-01	C:/CloneHD_benchmarking/DPclust/TCGA/dpclust_batch_luad\TCGA-50-5944-01	C:/CloneHD_benchmarking/DPclust/TCGA/dpclust_batch_luad\TCGA-50-5944-01\TCGA-50-5944-01_loci.txt	C:/CloneHD_benchmarking/DPclust/TCGA/dpclust_batch_luad\TCGA-50-5944-01\TCGA-50-5944-01_alleleFrequencies.txt	C:/CloneHD_benchmarking/DPclust/TCGA/dpclust_batch_luad\TCGA-50-5944-01\TCGA-50-5944-01.cellularity_ploidy	C:/CloneHD_benchmarking/DPclust/TCGA/dpclust_batch_luad\TCGA-50-5944-01\TCGA-50-5944-01.battenberg	C:/CloneHD_benchmarking/DPclust/TCGA/dpclust_batch_luad\TCGA-50-5944-01\run_dpclust3p_TCGA-50-5944-01.R	C:/CloneHD_benchmarking/DPclust/TCGA/dpclust_batch_luad\TCGA-50-5944-01\TCGA-50-5944-01_ccf.tsv
TCGA-50-5946-01	C:/CloneHD_benchmarking/DPclust/TCGA/dpclust_batch_luad\TCGA-50-5946-01	C:/CloneHD_benchmarking/DPclust/TCGA/dpclust_batch_luad\TCGA-50-5946-01\TCGA-50-5946-01_loci.txt	C:/CloneHD_benchmarking/DPclust/TCGA/dpclust_batch_luad\TCGA-50-5946-01\TCGA-50-5946-01_alleleFrequencies.txt	C:/CloneHD_benchmarking/DPclust/TCGA/dpclust_batch_luad\TCGA-50-5946-01\TCGA-50-5946-01.cellularity_ploidy	C:/CloneHD_benchmarking/DPclust/TCGA/dpclust_batch_luad\TCGA-50-5946-01\TCGA-50-5946-01.battenberg	C:/CloneHD_benchmarking/DPclust/TCGA/dpclust_batch_luad\TCGA-50-5946-01\run_dpclust3p_TCGA-50-5946-01.R	C:/CloneHD_benchmarking/DPclust/TCGA/dpclust_batch_luad\TCGA-50-5946-01\TCGA-50-5946-01_ccf.tsv
TCGA-50-6590-01	C:/CloneHD_benchmarking/DPclust/TCGA/dpclust_batch_luad\TCGA-50-6590-01	C:/CloneHD_benchmarking/DPclust/TCGA/dpclust_batch_luad\TCGA-50-6590-01\TCGA-50-6590-01_loci.txt	C:/CloneHD_benchmarking/DPclust/TCGA/dpclust_batch_luad\TCGA-50-6590-01\TCGA-50-6590-01_alleleFrequencies.txt	C:/CloneHD_benchmarking/DPclust/TCGA/dpclust_batch_luad\TCGA-50-6590-01\TCGA-50-6590-01.cellularity_ploidy	C:/CloneHD_benchmarking/DPclust/TCGA/dpclust_batch_luad\TCGA-50-6590-01\TCGA-50-6590-01.battenberg	C:/CloneHD_benchmarking/DPclust/TCGA/dpclust_batch_luad\TCGA-50-6590-01\run_dpclust3p_TCGA-50-6590-01.R	C:/CloneHD_benchmarking/DPclust/TCGA/dpclust_batch_luad\TCGA-50-6590-01\TCGA-50-6590-01_ccf.tsv
TCGA-50-6591-01	C:/CloneHD_benchmarking/DPclust/TCGA/dpclust_batch_luad\TCGA-50-6591-01	C:/CloneHD_benchmarking/DPclust/TCGA/dpclust_batch_luad\TCGA-50-6591-01\TCGA-50-6591-01_loci.txt	C:/CloneHD_benchmarking/DPclust/TCGA/dpclust_batch_luad\TCGA-50-6591-01\TCGA-50-6591-01_alleleFrequencies.txt	C:/CloneHD_benchmarking/DPclust/TCGA/dpclust_batch_luad\TCGA-50-6591-01\TCGA-50-6591-01.cellularity_ploidy	C:/CloneHD_benchmarking/DPclust/TCGA/dpclust_batch_luad\TCGA-50-6591-01\TCGA-50-6591-01.battenberg	C:/CloneHD_benchmarking/DPclust/TCGA/dpclust_batch_luad\TCGA-50-6591-01\run_dpclust3p_TCGA-50-6591-01.R	C:/CloneHD_benchmarking/DPclust/TCGA/dpclust_batch_luad\TCGA-50-6591-01\TCGA-50-6591-01_ccf.tsv
TCGA-50-6592-01	C:/CloneHD_benchmarking/DPclust/TCGA/dpclust_batch_luad\TCGA-50-6592-01	C:/CloneHD_benchmarking/DPclust/TCGA/dpclust_batch_luad\TCGA-50-6592-01\TCGA-50-6592-01_loci.txt	C:/CloneHD_benchmarking/DPclust/TCGA/dpclust_batch_luad\TCGA-50-6592-01\TCGA-50-6592-01_alleleFrequencies.txt	C:/CloneHD_benchmarking/DPclust/TCGA/dpclust_batch_luad\TCGA-50-6592-01\TCGA-50-6592-01.cellularity_ploidy	C:/CloneHD_benchmarking/DPclust/TCGA/dpclust_batch_luad\TCGA-50-6592-01\TCGA-50-6592-01.battenberg	C:/CloneHD_benchmarking/DPclust/TCGA/dpclust_batch_luad\TCGA-50-6592-01\run_dpclust3p_TCGA-50-6592-01.R	C:/CloneHD_benchmarking/DPclust/TCGA/dpclust_batch_luad\TCGA-50-6592-01\TCGA-50-6592-01_ccf.tsv
TCGA-50-6593-01	C:/CloneHD_benchmarking/DPclust/TCGA/dpclust_batch_luad\TCGA-50-6593-01	C:/CloneHD_benchmarking/DPclust/TCGA/dpclust_batch_luad\TCGA-50-6593-01\TCGA-50-6593-01_loci.txt	C:/CloneHD_benchmarking/DPclust/TCGA/dpclust_batch_luad\TCGA-50-6593-01\TCGA-50-6593-01_alleleFrequencies.txt	C:/CloneHD_benchmarking/DPclust/TCGA/dpclust_batch_luad\TCGA-50-6593-01\TCGA-50-6593-01.cellularity_ploidy	C:/CloneHD_benchmarking/DPclust/TCGA/dpclust_batch_luad\TCGA-50-6593-01\TCGA-50-6593-01.battenberg	C:/CloneHD_benchmarking/DPclust/TCGA/dpclust_batch_luad\TCGA-50-6593-01\run_dpclust3p_TCGA-50-6593-01.R	C:/CloneHD_benchmarking/DPclust/TCGA/dpclust_batch_luad\TCGA-50-6593-01\TCGA-50-6593-01_ccf.tsv
TCGA-50-6594-01	C:/CloneHD_benchmarking/DPclust/TCGA/dpclust_batch_luad\TCGA-50-6594-01	C:/CloneHD_benchmarking/DPclust/TCGA/dpclust_batch_luad\TCGA-50-6594-01\TCGA-50-6594-01_loci.txt	C:/CloneHD_benchmarking/DPclust/TCGA/dpclust_batch_luad\TCGA-50-6594-01\TCGA-50-6594-01_alleleFrequencies.txt	C:/CloneHD_benchmarking/DPclust/TCGA/dpclust_batch_luad\TCGA-50-6594-01\TCGA-50-6594-01.cellularity_ploidy	C:/CloneHD_benchmarking/DPclust/TCGA/dpclust_batch_luad\TCGA-50-6594-01\TCGA-50-6594-01.battenberg	C:/CloneHD_benchmarking/DPclust/TCGA/dpclust_batch_luad\TCGA-50-6594-01\run_dpclust3p_TCGA-50-6594-01.R	C:/CloneHD_benchmarking/DPclust/TCGA/dpclust_batch_luad\TCGA-50-6594-01\TCGA-50-6594-01_ccf.tsv
TCGA-50-6595-01	C:/CloneHD_benchmarking/DPclust/TCGA/dpclust_batch_luad\TCGA-50-6595-01	C:/CloneHD_benchmarking/DPclust/TCGA/dpclust_batch_luad\TCGA-50-6595-01\TCGA-50-6595-01_loci.txt	C:/CloneHD_benchmarking/DPclust/TCGA/dpclust_batch_luad\TCGA-50-6595-01\TCGA-50-6595-01_alleleFrequencies.txt	C:/CloneHD_benchmarking/DPclust/TCGA/dpclust_batch_luad\TCGA-50-6595-01\TCGA-50-6595-01.cellularity_ploidy	C:/CloneHD_benchmarking/DPclust/TCGA/dpclust_batch_luad\TCGA-50-6595-01\TCGA-50-6595-01.battenberg	C:/CloneHD_benchmarking/DPclust/TCGA/dpclust_batch_luad\TCGA-50-6595-01\run_dpclust3p_TCGA-50-6595-01.R	C:/CloneHD_benchmarking/DPclust/TCGA/dpclust_batch_luad\TCGA-50-6595-01\TCGA-50-6595-01_ccf.tsv
TCGA-50-6673-01	C:/CloneHD_benchmarking/DPclust/TCGA/dpclust_batch_luad\TCGA-50-6673-01	C:/CloneHD_benchmarking/DPclust/TCGA/dpclust_batch_luad\TCGA-50-6673-01\TCGA-50-6673-01_loci.txt	C:/CloneHD_benchmarking/DPclust/TCGA/dpclust_batch_luad\TCGA-50-6673-01\TCGA-50-6673-01_alleleFrequencies.txt	C:/CloneHD_benchmarking/DPclust/TCGA/dpclust_batch_luad\TCGA-50-6673-01\TCGA-50-6673-01.cellularity_ploidy	C:/CloneHD_benchmarking/DPclust/TCGA/dpclust_batch_luad\TCGA-50-6673-01\TCGA-50-6673-01.battenberg	C:/CloneHD_benchmarking/DPclust/TCGA/dpclust_batch_luad\TCGA-50-6673-01\run_dpclust3p_TCGA-50-6673-01.R	C:/CloneHD_benchmarking/DPclust/TCGA/dpclust_batch_luad\TCGA-50-6673-01\TCGA-50-6673-01_ccf.tsv
TCGA-50-7109-01	C:/CloneHD_benchmarking/DPclust/TCGA/dpclust_batch_luad\TCGA-50-7109-01	C:/CloneHD_benchmarking/DPclust/TCGA/dpclust_batch_luad\TCGA-50-7109-01\TCGA-50-7109-01_loci.txt	C:/CloneHD_benchmarking/DPclust/TCGA/dpclust_batch_luad\TCGA-50-7109-01\TCGA-50-7109-01_alleleFrequencies.txt	C:/CloneHD_benchmarking/DPclust/TCGA/dpclust_batch_luad\TCGA-50-7109-01\TCGA-50-7109-01.cellularity_ploidy	C:/CloneHD_benchmarking/DPclust/TCGA/dpclust_batch_luad\TCGA-50-7109-01\TCGA-50-7109-01.battenberg	C:/CloneHD_benchmarking/DPclust/TCGA/dpclust_batch_luad\TCGA-50-7109-01\run_dpclust3p_TCGA-50-7109-01.R	C:/CloneHD_benchmarking/DPclust/TCGA/dpclust_batch_luad\TCGA-50-7109-01\TCGA-50-7109-01_ccf.tsv
TCGA-50-8457-01	C:/CloneHD_benchmarking/DPclust/TCGA/dpclust_batch_luad\TCGA-50-8457-01	C:/CloneHD_benchmarking/DPclust/TCGA/dpclust_batch_luad\TCGA-50-8457-01\TCGA-50-8457-01_loci.txt	C:/CloneHD_benchmarking/DPclust/TCGA/dpclust_batch_luad\TCGA-50-8457-01\TCGA-50-8457-01_alleleFrequencies.txt	C:/CloneHD_benchmarking/DPclust/TCGA/dpclust_batch_luad\TCGA-50-8457-01\TCGA-50-8457-01.cellularity_ploidy	C:/CloneHD_benchmarking/DPclust/TCGA/dpclust_batch_luad\TCGA-50-8457-01\TCGA-50-8457-01.battenberg	C:/CloneHD_benchmarking/DPclust/TCGA/dpclust_batch_luad\TCGA-50-8457-01\run_dpclust3p_TCGA-50-8457-01.R	C:/CloneHD_benchmarking/DPclust/TCGA/dpclust_batch_luad\TCGA-50-8457-01\TCGA-50-8457-01_ccf.tsv
TCGA-50-8459-01	C:/CloneHD_benchmarking/DPclust/TCGA/dpclust_batch_luad\TCGA-50-8459-01	C:/CloneHD_benchmarking/DPclust/TCGA/dpclust_batch_luad\TCGA-50-8459-01\TCGA-50-8459-01_loci.txt	C:/CloneHD_benchmarking/DPclust/TCGA/dpclust_batch_luad\TCGA-50-8459-01\TCGA-50-8459-01_alleleFrequencies.txt	C:/CloneHD_benchmarking/DPclust/TCGA/dpclust_batch_luad\TCGA-50-8459-01\TCGA-50-8459-01.cellularity_ploidy	C:/CloneHD_benchmarking/DPclust/TCGA/dpclust_batch_luad\TCGA-50-8459-01\TCGA-50-8459-01.battenberg	C:/CloneHD_benchmarking/DPclust/TCGA/dpclust_batch_luad\TCGA-50-8459-01\run_dpclust3p_TCGA-50-8459-01.R	C:/CloneHD_benchmarking/DPclust/TCGA/dpclust_batch_luad\TCGA-50-8459-01\TCGA-50-8459-01_ccf.tsv
TCGA-50-8460-01	C:/CloneHD_benchmarking/DPclust/TCGA/dpclust_batch_luad\TCGA-50-8460-01	C:/CloneHD_benchmarking/DPclust/TCGA/dpclust_batch_luad\TCGA-50-8460-01\TCGA-50-8460-01_loci.txt	C:/CloneHD_benchmarking/DPclust/TCGA/dpclust_batch_luad\TCGA-50-8460-01\TCGA-50-8460-01_alleleFrequencies.txt	C:/CloneHD_benchmarking/DPclust/TCGA/dpclust_batch_luad\TCGA-50-8460-01\TCGA-50-8460-01.cellularity_ploidy	C:/CloneHD_benchmarking/DPclust/TCGA/dpclust_batch_luad\TCGA-50-8460-01\TCGA-50-8460-01.battenberg	C:/CloneHD_benchmarking/DPclust/TCGA/dpclust_batch_luad\TCGA-50-8460-01\run_dpclust3p_TCGA-50-8460-01.R	C:/CloneHD_benchmarking/DPclust/TCGA/dpclust_batch_luad\TCGA-50-8460-01\TCGA-50-8460-01_ccf.tsv
TCGA-53-7624-01	C:/CloneHD_benchmarking/DPclust/TCGA/dpclust_batch_luad\TCGA-53-7624-01	C:/CloneHD_benchmarking/DPclust/TCGA/dpclust_batch_luad\TCGA-53-7624-01\TCGA-53-7624-01_loci.txt	C:/CloneHD_benchmarking/DPclust/TCGA/dpclust_batch_luad\TCGA-53-7624-01\TCGA-53-7624-01_alleleFrequencies.txt	C:/CloneHD_benchmarking/DPclust/TCGA/dpclust_batch_luad\TCGA-53-7624-01\TCGA-53-7624-01.cellularity_ploidy	C:/CloneHD_benchmarking/DPclust/TCGA/dpclust_batch_luad\TCGA-53-7624-01\TCGA-53-7624-01.battenberg	C:/CloneHD_benchmarking/DPclust/TCGA/dpclust_batch_luad\TCGA-53-7624-01\run_dpclust3p_TCGA-53-7624-01.R	C:/CloneHD_benchmarking/DPclust/TCGA/dpclust_batch_luad\TCGA-53-7624-01\TCGA-53-7624-01_ccf.tsv
TCGA-53-7626-01	C:/CloneHD_benchmarking/DPclust/TCGA/dpclust_batch_luad\TCGA-53-7626-01	C:/CloneHD_benchmarking/DPclust/TCGA/dpclust_batch_luad\TCGA-53-7626-01\TCGA-53-7626-01_loci.txt	C:/CloneHD_benchmarking/DPclust/TCGA/dpclust_batch_luad\TCGA-53-7626-01\TCGA-53-7626-01_alleleFrequencies.txt	C:/CloneHD_benchmarking/DPclust/TCGA/dpclust_batch_luad\TCGA-53-7626-01\TCGA-53-7626-01.cellularity_ploidy	C:/CloneHD_benchmarking/DPclust/TCGA/dpclust_batch_luad\TCGA-53-7626-01\TCGA-53-7626-01.battenberg	C:/CloneHD_benchmarking/DPclust/TCGA/dpclust_batch_luad\TCGA-53-7626-01\run_dpclust3p_TCGA-53-7626-01.R	C:/CloneHD_benchmarking/DPclust/TCGA/dpclust_batch_luad\TCGA-53-7626-01\TCGA-53-7626-01_ccf.tsv
TCGA-53-7813-01	C:/CloneHD_benchmarking/DPclust/TCGA/dpclust_batch_luad\TCGA-53-7813-01	C:/CloneHD_benchmarking/DPclust/TCGA/dpclust_batch_luad\TCGA-53-7813-01\TCGA-53-7813-01_loci.txt	C:/CloneHD_benchmarking/DPclust/TCGA/dpclust_batch_luad\TCGA-53-7813-01\TCGA-53-7813-01_alleleFrequencies.txt	C:/CloneHD_benchmarking/DPclust/TCGA/dpclust_batch_luad\TCGA-53-7813-01\TCGA-53-7813-01.cellularity_ploidy	C:/CloneHD_benchmarking/DPclust/TCGA/dpclust_batch_luad\TCGA-53-7813-01\TCGA-53-7813-01.battenberg	C:/CloneHD_benchmarking/DPclust/TCGA/dpclust_batch_luad\TCGA-53-7813-01\run_dpclust3p_TCGA-53-7813-01.R	C:/CloneHD_benchmarking/DPclust/TCGA/dpclust_batch_luad\TCGA-53-7813-01\TCGA-53-7813-01_ccf.tsv
TCGA-53-A4EZ-01	C:/CloneHD_benchmarking/DPclust/TCGA/dpclust_batch_luad\TCGA-53-A4EZ-01	C:/CloneHD_benchmarking/DPclust/TCGA/dpclust_batch_luad\TCGA-53-A4EZ-01\TCGA-53-A4EZ-01_loci.txt	C:/CloneHD_benchmarking/DPclust/TCGA/dpclust_batch_luad\TCGA-53-A4EZ-01\TCGA-53-A4EZ-01_alleleFrequencies.txt	C:/CloneHD_benchmarking/DPclust/TCGA/dpclust_batch_luad\TCGA-53-A4EZ-01\TCGA-53-A4EZ-01.cellularity_ploidy	C:/CloneHD_benchmarking/DPclust/TCGA/dpclust_batch_luad\TCGA-53-A4EZ-01\TCGA-53-A4EZ-01.battenberg	C:/CloneHD_benchmarking/DPclust/TCGA/dpclust_batch_luad\TCGA-53-A4EZ-01\run_dpclust3p_TCGA-53-A4EZ-01.R	C:/CloneHD_benchmarking/DPclust/TCGA/dpclust_batch_luad\TCGA-53-A4EZ-01\TCGA-53-A4EZ-01_ccf.tsv
TCGA-55-1592-01	C:/CloneHD_benchmarking/DPclust/TCGA/dpclust_batch_luad\TCGA-55-1592-01	C:/CloneHD_benchmarking/DPclust/TCGA/dpclust_batch_luad\TCGA-55-1592-01\TCGA-55-1592-01_loci.txt	C:/CloneHD_benchmarking/DPclust/TCGA/dpclust_batch_luad\TCGA-55-1592-01\TCGA-55-1592-01_alleleFrequencies.txt	C:/CloneHD_benchmarking/DPclust/TCGA/dpclust_batch_luad\TCGA-55-1592-01\TCGA-55-1592-01.cellularity_ploidy	C:/CloneHD_benchmarking/DPclust/TCGA/dpclust_batch_luad\TCGA-55-1592-01\TCGA-55-1592-01.battenberg	C:/CloneHD_benchmarking/DPclust/TCGA/dpclust_batch_luad\TCGA-55-1592-01\run_dpclust3p_TCGA-55-1592-01.R	C:/CloneHD_benchmarking/DPclust/TCGA/dpclust_batch_luad\TCGA-55-1592-01\TCGA-55-1592-01_ccf.tsv
TCGA-55-1594-01	C:/CloneHD_benchmarking/DPclust/TCGA/dpclust_batch_luad\TCGA-55-1594-01	C:/CloneHD_benchmarking/DPclust/TCGA/dpclust_batch_luad\TCGA-55-1594-01\TCGA-55-1594-01_loci.txt	C:/CloneHD_benchmarking/DPclust/TCGA/dpclust_batch_luad\TCGA-55-1594-01\TCGA-55-1594-01_alleleFrequencies.txt	C:/CloneHD_benchmarking/DPclust/TCGA/dpclust_batch_luad\TCGA-55-1594-01\TCGA-55-1594-01.cellularity_ploidy	C:/CloneHD_benchmarking/DPclust/TCGA/dpclust_batch_luad\TCGA-55-1594-01\TCGA-55-1594-01.battenberg	C:/CloneHD_benchmarking/DPclust/TCGA/dpclust_batch_luad\TCGA-55-1594-01\run_dpclust3p_TCGA-55-1594-01.R	C:/CloneHD_benchmarking/DPclust/TCGA/dpclust_batch_luad\TCGA-55-1594-01\TCGA-55-1594-01_ccf.tsv
TCGA-55-1595-01	C:/CloneHD_benchmarking/DPclust/TCGA/dpclust_batch_luad\TCGA-55-1595-01	C:/CloneHD_benchmarking/DPclust/TCGA/dpclust_batch_luad\TCGA-55-1595-01\TCGA-55-1595-01_loci.txt	C:/CloneHD_benchmarking/DPclust/TCGA/dpclust_batch_luad\TCGA-55-1595-01\TCGA-55-1595-01_alleleFrequencies.txt	C:/CloneHD_benchmarking/DPclust/TCGA/dpclust_batch_luad\TCGA-55-1595-01\TCGA-55-1595-01.cellularity_ploidy	C:/CloneHD_benchmarking/DPclust/TCGA/dpclust_batch_luad\TCGA-55-1595-01\TCGA-55-1595-01.battenberg	C:/CloneHD_benchmarking/DPclust/TCGA/dpclust_batch_luad\TCGA-55-1595-01\run_dpclust3p_TCGA-55-1595-01.R	C:/CloneHD_benchmarking/DPclust/TCGA/dpclust_batch_luad\TCGA-55-1595-01\TCGA-55-1595-01_ccf.tsv
TCGA-55-1596-01	C:/CloneHD_benchmarking/DPclust/TCGA/dpclust_batch_luad\TCGA-55-1596-01	C:/CloneHD_benchmarking/DPclust/TCGA/dpclust_batch_luad\TCGA-55-1596-01\TCGA-55-1596-01_loci.txt	C:/CloneHD_benchmarking/DPclust/TCGA/dpclust_batch_luad\TCGA-55-1596-01\TCGA-55-1596-01_alleleFrequencies.txt	C:/CloneHD_benchmarking/DPclust/TCGA/dpclust_batch_luad\TCGA-55-1596-01\TCGA-55-1596-01.cellularity_ploidy	C:/CloneHD_benchmarking/DPclust/TCGA/dpclust_batch_luad\TCGA-55-1596-01\TCGA-55-1596-01.battenberg	C:/CloneHD_benchmarking/DPclust/TCGA/dpclust_batch_luad\TCGA-55-1596-01\run_dpclust3p_TCGA-55-1596-01.R	C:/CloneHD_benchmarking/DPclust/TCGA/dpclust_batch_luad\TCGA-55-1596-01\TCGA-55-1596-01_ccf.tsv
TCGA-55-5899-01	C:/CloneHD_benchmarking/DPclust/TCGA/dpclust_batch_luad\TCGA-55-5899-01	C:/CloneHD_benchmarking/DPclust/TCGA/dpclust_batch_luad\TCGA-55-5899-01\TCGA-55-5899-01_loci.txt	C:/CloneHD_benchmarking/DPclust/TCGA/dpclust_batch_luad\TCGA-55-5899-01\TCGA-55-5899-01_alleleFrequencies.txt	C:/CloneHD_benchmarking/DPclust/TCGA/dpclust_batch_luad\TCGA-55-5899-01\TCGA-55-5899-01.cellularity_ploidy	C:/CloneHD_benchmarking/DPclust/TCGA/dpclust_batch_luad\TCGA-55-5899-01\TCGA-55-5899-01.battenberg	C:/CloneHD_benchmarking/DPclust/TCGA/dpclust_batch_luad\TCGA-55-5899-01\run_dpclust3p_TCGA-55-5899-01.R	C:/CloneHD_benchmarking/DPclust/TCGA/dpclust_batch_luad\TCGA-55-5899-01\TCGA-55-5899-01_ccf.tsv
TCGA-55-6543-01	C:/CloneHD_benchmarking/DPclust/TCGA/dpclust_batch_luad\TCGA-55-6543-01	C:/CloneHD_benchmarking/DPclust/TCGA/dpclust_batch_luad\TCGA-55-6543-01\TCGA-55-6543-01_loci.txt	C:/CloneHD_benchmarking/DPclust/TCGA/dpclust_batch_luad\TCGA-55-6543-01\TCGA-55-6543-01_alleleFrequencies.txt	C:/CloneHD_benchmarking/DPclust/TCGA/dpclust_batch_luad\TCGA-55-6543-01\TCGA-55-6543-01.cellularity_ploidy	C:/CloneHD_benchmarking/DPclust/TCGA/dpclust_batch_luad\TCGA-55-6543-01\TCGA-55-6543-01.battenberg	C:/CloneHD_benchmarking/DPclust/TCGA/dpclust_batch_luad\TCGA-55-6543-01\run_dpclust3p_TCGA-55-6543-01.R	C:/CloneHD_benchmarking/DPclust/TCGA/dpclust_batch_luad\TCGA-55-6543-01\TCGA-55-6543-01_ccf.tsv
TCGA-55-6642-01	C:/CloneHD_benchmarking/DPclust/TCGA/dpclust_batch_luad\TCGA-55-6642-01	C:/CloneHD_benchmarking/DPclust/TCGA/dpclust_batch_luad\TCGA-55-6642-01\TCGA-55-6642-01_loci.txt	C:/CloneHD_benchmarking/DPclust/TCGA/dpclust_batch_luad\TCGA-55-6642-01\TCGA-55-6642-01_alleleFrequencies.txt	C:/CloneHD_benchmarking/DPclust/TCGA/dpclust_batch_luad\TCGA-55-6642-01\TCGA-55-6642-01.cellularity_ploidy	C:/CloneHD_benchmarking/DPclust/TCGA/dpclust_batch_luad\TCGA-55-6642-01\TCGA-55-6642-01.battenberg	C:/CloneHD_benchmarking/DPclust/TCGA/dpclust_batch_luad\TCGA-55-6642-01\run_dpclust3p_TCGA-55-6642-01.R	C:/CloneHD_benchmarking/DPclust/TCGA/dpclust_batch_luad\TCGA-55-6642-01\TCGA-55-6642-01_ccf.tsv
TCGA-55-6712-01	C:/CloneHD_benchmarking/DPclust/TCGA/dpclust_batch_luad\TCGA-55-6712-01	C:/CloneHD_benchmarking/DPclust/TCGA/dpclust_batch_luad\TCGA-55-6712-01\TCGA-55-6712-01_loci.txt	C:/CloneHD_benchmarking/DPclust/TCGA/dpclust_batch_luad\TCGA-55-6712-01\TCGA-55-6712-01_alleleFrequencies.txt	C:/CloneHD_benchmarking/DPclust/TCGA/dpclust_batch_luad\TCGA-55-6712-01\TCGA-55-6712-01.cellularity_ploidy	C:/CloneHD_benchmarking/DPclust/TCGA/dpclust_batch_luad\TCGA-55-6712-01\TCGA-55-6712-01.battenberg	C:/CloneHD_benchmarking/DPclust/TCGA/dpclust_batch_luad\TCGA-55-6712-01\run_dpclust3p_TCGA-55-6712-01.R	C:/CloneHD_benchmarking/DPclust/TCGA/dpclust_batch_luad\TCGA-55-6712-01\TCGA-55-6712-01_ccf.tsv
TCGA-55-6968-01	C:/CloneHD_benchmarking/DPclust/TCGA/dpclust_batch_luad\TCGA-55-6968-01	C:/CloneHD_benchmarking/DPclust/TCGA/dpclust_batch_luad\TCGA-55-6968-01\TCGA-55-6968-01_loci.txt	C:/CloneHD_benchmarking/DPclust/TCGA/dpclust_batch_luad\TCGA-55-6968-01\TCGA-55-6968-01_alleleFrequencies.txt	C:/CloneHD_benchmarking/DPclust/TCGA/dpclust_batch_luad\TCGA-55-6968-01\TCGA-55-6968-01.cellularity_ploidy	C:/CloneHD_benchmarking/DPclust/TCGA/dpclust_batch_luad\TCGA-55-6968-01\TCGA-55-6968-01.battenberg	C:/CloneHD_benchmarking/DPclust/TCGA/dpclust_batch_luad\TCGA-55-6968-01\run_dpclust3p_TCGA-55-6968-01.R	C:/CloneHD_benchmarking/DPclust/TCGA/dpclust_batch_luad\TCGA-55-6968-01\TCGA-55-6968-01_ccf.tsv
TCGA-55-6969-01	C:/CloneHD_benchmarking/DPclust/TCGA/dpclust_batch_luad\TCGA-55-6969-01	C:/CloneHD_benchmarking/DPclust/TCGA/dpclust_batch_luad\TCGA-55-6969-01\TCGA-55-6969-01_loci.txt	C:/CloneHD_benchmarking/DPclust/TCGA/dpclust_batch_luad\TCGA-55-6969-01\TCGA-55-6969-01_alleleFrequencies.txt	C:/CloneHD_benchmarking/DPclust/TCGA/dpclust_batch_luad\TCGA-55-6969-01\TCGA-55-6969-01.cellularity_ploidy	C:/CloneHD_benchmarking/DPclust/TCGA/dpclust_batch_luad\TCGA-55-6969-01\TCGA-55-6969-01.battenberg	C:/CloneHD_benchmarking/DPclust/TCGA/dpclust_batch_luad\TCGA-55-6969-01\run_dpclust3p_TCGA-55-6969-01.R	C:/CloneHD_benchmarking/DPclust/TCGA/dpclust_batch_luad\TCGA-55-6969-01\TCGA-55-6969-01_ccf.tsv
TCGA-55-6970-01	C:/CloneHD_benchmarking/DPclust/TCGA/dpclust_batch_luad\TCGA-55-6970-01	C:/CloneHD_benchmarking/DPclust/TCGA/dpclust_batch_luad\TCGA-55-6970-01\TCGA-55-6970-01_loci.txt	C:/CloneHD_benchmarking/DPclust/TCGA/dpclust_batch_luad\TCGA-55-6970-01\TCGA-55-6970-01_alleleFrequencies.txt	C:/CloneHD_benchmarking/DPclust/TCGA/dpclust_batch_luad\TCGA-55-6970-01\TCGA-55-6970-01.cellularity_ploidy	C:/CloneHD_benchmarking/DPclust/TCGA/dpclust_batch_luad\TCGA-55-6970-01\TCGA-55-6970-01.battenberg	C:/CloneHD_benchmarking/DPclust/TCGA/dpclust_batch_luad\TCGA-55-6970-01\run_dpclust3p_TCGA-55-6970-01.R	C:/CloneHD_benchmarking/DPclust/TCGA/dpclust_batch_luad\TCGA-55-6970-01\TCGA-55-6970-01_ccf.tsv
TCGA-55-6971-01	C:/CloneHD_benchmarking/DPclust/TCGA/dpclust_batch_luad\TCGA-55-6971-01	C:/CloneHD_benchmarking/DPclust/TCGA/dpclust_batch_luad\TCGA-55-6971-01\TCGA-55-6971-01_loci.txt	C:/CloneHD_benchmarking/DPclust/TCGA/dpclust_batch_luad\TCGA-55-6971-01\TCGA-55-6971-01_alleleFrequencies.txt	C:/CloneHD_benchmarking/DPclust/TCGA/dpclust_batch_luad\TCGA-55-6971-01\TCGA-55-6971-01.cellularity_ploidy	C:/CloneHD_benchmarking/DPclust/TCGA/dpclust_batch_luad\TCGA-55-6971-01\TCGA-55-6971-01.battenberg	C:/CloneHD_benchmarking/DPclust/TCGA/dpclust_batch_luad\TCGA-55-6971-01\run_dpclust3p_TCGA-55-6971-01.R	C:/CloneHD_benchmarking/DPclust/TCGA/dpclust_batch_luad\TCGA-55-6971-01\TCGA-55-6971-01_ccf.tsv
TCGA-55-6972-01	C:/CloneHD_benchmarking/DPclust/TCGA/dpclust_batch_luad\TCGA-55-6972-01	C:/CloneHD_benchmarking/DPclust/TCGA/dpclust_batch_luad\TCGA-55-6972-01\TCGA-55-6972-01_loci.txt	C:/CloneHD_benchmarking/DPclust/TCGA/dpclust_batch_luad\TCGA-55-6972-01\TCGA-55-6972-01_alleleFrequencies.txt	C:/CloneHD_benchmarking/DPclust/TCGA/dpclust_batch_luad\TCGA-55-6972-01\TCGA-55-6972-01.cellularity_ploidy	C:/CloneHD_benchmarking/DPclust/TCGA/dpclust_batch_luad\TCGA-55-6972-01\TCGA-55-6972-01.battenberg	C:/CloneHD_benchmarking/DPclust/TCGA/dpclust_batch_luad\TCGA-55-6972-01\run_dpclust3p_TCGA-55-6972-01.R	C:/CloneHD_benchmarking/DPclust/TCGA/dpclust_batch_luad\TCGA-55-6972-01\TCGA-55-6972-01_ccf.tsv
TCGA-55-6975-01	C:/CloneHD_benchmarking/DPclust/TCGA/dpclust_batch_luad\TCGA-55-6975-01	C:/CloneHD_benchmarking/DPclust/TCGA/dpclust_batch_luad\TCGA-55-6975-01\TCGA-55-6975-01_loci.txt	C:/CloneHD_benchmarking/DPclust/TCGA/dpclust_batch_luad\TCGA-55-6975-01\TCGA-55-6975-01_alleleFrequencies.txt	C:/CloneHD_benchmarking/DPclust/TCGA/dpclust_batch_luad\TCGA-55-6975-01\TCGA-55-6975-01.cellularity_ploidy	C:/CloneHD_benchmarking/DPclust/TCGA/dpclust_batch_luad\TCGA-55-6975-01\TCGA-55-6975-01.battenberg	C:/CloneHD_benchmarking/DPclust/TCGA/dpclust_batch_luad\TCGA-55-6975-01\run_dpclust3p_TCGA-55-6975-01.R	C:/CloneHD_benchmarking/DPclust/TCGA/dpclust_batch_luad\TCGA-55-6975-01\TCGA-55-6975-01_ccf.tsv
TCGA-55-6978-01	C:/CloneHD_benchmarking/DPclust/TCGA/dpclust_batch_luad\TCGA-55-6978-01	C:/CloneHD_benchmarking/DPclust/TCGA/dpclust_batch_luad\TCGA-55-6978-01\TCGA-55-6978-01_loci.txt	C:/CloneHD_benchmarking/DPclust/TCGA/dpclust_batch_luad\TCGA-55-6978-01\TCGA-55-6978-01_alleleFrequencies.txt	C:/CloneHD_benchmarking/DPclust/TCGA/dpclust_batch_luad\TCGA-55-6978-01\TCGA-55-6978-01.cellularity_ploidy	C:/CloneHD_benchmarking/DPclust/TCGA/dpclust_batch_luad\TCGA-55-6978-01\TCGA-55-6978-01.battenberg	C:/CloneHD_benchmarking/DPclust/TCGA/dpclust_batch_luad\TCGA-55-6978-01\run_dpclust3p_TCGA-55-6978-01.R	C:/CloneHD_benchmarking/DPclust/TCGA/dpclust_batch_luad\TCGA-55-6978-01\TCGA-55-6978-01_ccf.tsv
TCGA-55-6979-01	C:/CloneHD_benchmarking/DPclust/TCGA/dpclust_batch_luad\TCGA-55-6979-01	C:/CloneHD_benchmarking/DPclust/TCGA/dpclust_batch_luad\TCGA-55-6979-01\TCGA-55-6979-01_loci.txt	C:/CloneHD_benchmarking/DPclust/TCGA/dpclust_batch_luad\TCGA-55-6979-01\TCGA-55-6979-01_alleleFrequencies.txt	C:/CloneHD_benchmarking/DPclust/TCGA/dpclust_batch_luad\TCGA-55-6979-01\TCGA-55-6979-01.cellularity_ploidy	C:/CloneHD_benchmarking/DPclust/TCGA/dpclust_batch_luad\TCGA-55-6979-01\TCGA-55-6979-01.battenberg	C:/CloneHD_benchmarking/DPclust/TCGA/dpclust_batch_luad\TCGA-55-6979-01\run_dpclust3p_TCGA-55-6979-01.R	C:/CloneHD_benchmarking/DPclust/TCGA/dpclust_batch_luad\TCGA-55-6979-01\TCGA-55-6979-01_ccf.tsv
TCGA-55-6980-01	C:/CloneHD_benchmarking/DPclust/TCGA/dpclust_batch_luad\TCGA-55-6980-01	C:/CloneHD_benchmarking/DPclust/TCGA/dpclust_batch_luad\TCGA-55-6980-01\TCGA-55-6980-01_loci.txt	C:/CloneHD_benchmarking/DPclust/TCGA/dpclust_batch_luad\TCGA-55-6980-01\TCGA-55-6980-01_alleleFrequencies.txt	C:/CloneHD_benchmarking/DPclust/TCGA/dpclust_batch_luad\TCGA-55-6980-01\TCGA-55-6980-01.cellularity_ploidy	C:/CloneHD_benchmarking/DPclust/TCGA/dpclust_batch_luad\TCGA-55-6980-01\TCGA-55-6980-01.battenberg	C:/CloneHD_benchmarking/DPclust/TCGA/dpclust_batch_luad\TCGA-55-6980-01\run_dpclust3p_TCGA-55-6980-01.R	C:/CloneHD_benchmarking/DPclust/TCGA/dpclust_batch_luad\TCGA-55-6980-01\TCGA-55-6980-01_ccf.tsv
TCGA-55-6981-01	C:/CloneHD_benchmarking/DPclust/TCGA/dpclust_batch_luad\TCGA-55-6981-01	C:/CloneHD_benchmarking/DPclust/TCGA/dpclust_batch_luad\TCGA-55-6981-01\TCGA-55-6981-01_loci.txt	C:/CloneHD_benchmarking/DPclust/TCGA/dpclust_batch_luad\TCGA-55-6981-01\TCGA-55-6981-01_alleleFrequencies.txt	C:/CloneHD_benchmarking/DPclust/TCGA/dpclust_batch_luad\TCGA-55-6981-01\TCGA-55-6981-01.cellularity_ploidy	C:/CloneHD_benchmarking/DPclust/TCGA/dpclust_batch_luad\TCGA-55-6981-01\TCGA-55-6981-01.battenberg	C:/CloneHD_benchmarking/DPclust/TCGA/dpclust_batch_luad\TCGA-55-6981-01\run_dpclust3p_TCGA-55-6981-01.R	C:/CloneHD_benchmarking/DPclust/TCGA/dpclust_batch_luad\TCGA-55-6981-01\TCGA-55-6981-01_ccf.tsv
TCGA-55-6982-01	C:/CloneHD_benchmarking/DPclust/TCGA/dpclust_batch_luad\TCGA-55-6982-01	C:/CloneHD_benchmarking/DPclust/TCGA/dpclust_batch_luad\TCGA-55-6982-01\TCGA-55-6982-01_loci.txt	C:/CloneHD_benchmarking/DPclust/TCGA/dpclust_batch_luad\TCGA-55-6982-01\TCGA-55-6982-01_alleleFrequencies.txt	C:/CloneHD_benchmarking/DPclust/TCGA/dpclust_batch_luad\TCGA-55-6982-01\TCGA-55-6982-01.cellularity_ploidy	C:/CloneHD_benchmarking/DPclust/TCGA/dpclust_batch_luad\TCGA-55-6982-01\TCGA-55-6982-01.battenberg	C:/CloneHD_benchmarking/DPclust/TCGA/dpclust_batch_luad\TCGA-55-6982-01\run_dpclust3p_TCGA-55-6982-01.R	C:/CloneHD_benchmarking/DPclust/TCGA/dpclust_batch_luad\TCGA-55-6982-01\TCGA-55-6982-01_ccf.tsv
TCGA-55-6983-01	C:/CloneHD_benchmarking/DPclust/TCGA/dpclust_batch_luad\TCGA-55-6983-01	C:/CloneHD_benchmarking/DPclust/TCGA/dpclust_batch_luad\TCGA-55-6983-01\TCGA-55-6983-01_loci.txt	C:/CloneHD_benchmarking/DPclust/TCGA/dpclust_batch_luad\TCGA-55-6983-01\TCGA-55-6983-01_alleleFrequencies.txt	C:/CloneHD_benchmarking/DPclust/TCGA/dpclust_batch_luad\TCGA-55-6983-01\TCGA-55-6983-01.cellularity_ploidy	C:/CloneHD_benchmarking/DPclust/TCGA/dpclust_batch_luad\TCGA-55-6983-01\TCGA-55-6983-01.battenberg	C:/CloneHD_benchmarking/DPclust/TCGA/dpclust_batch_luad\TCGA-55-6983-01\run_dpclust3p_TCGA-55-6983-01.R	C:/CloneHD_benchmarking/DPclust/TCGA/dpclust_batch_luad\TCGA-55-6983-01\TCGA-55-6983-01_ccf.tsv
TCGA-55-6984-01	C:/CloneHD_benchmarking/DPclust/TCGA/dpclust_batch_luad\TCGA-55-6984-01	C:/CloneHD_benchmarking/DPclust/TCGA/dpclust_batch_luad\TCGA-55-6984-01\TCGA-55-6984-01_loci.txt	C:/CloneHD_benchmarking/DPclust/TCGA/dpclust_batch_luad\TCGA-55-6984-01\TCGA-55-6984-01_alleleFrequencies.txt	C:/CloneHD_benchmarking/DPclust/TCGA/dpclust_batch_luad\TCGA-55-6984-01\TCGA-55-6984-01.cellularity_ploidy	C:/CloneHD_benchmarking/DPclust/TCGA/dpclust_batch_luad\TCGA-55-6984-01\TCGA-55-6984-01.battenberg	C:/CloneHD_benchmarking/DPclust/TCGA/dpclust_batch_luad\TCGA-55-6984-01\run_dpclust3p_TCGA-55-6984-01.R	C:/CloneHD_benchmarking/DPclust/TCGA/dpclust_batch_luad\TCGA-55-6984-01\TCGA-55-6984-01_ccf.tsv
TCGA-55-6985-01	C:/CloneHD_benchmarking/DPclust/TCGA/dpclust_batch_luad\TCGA-55-6985-01	C:/CloneHD_benchmarking/DPclust/TCGA/dpclust_batch_luad\TCGA-55-6985-01\TCGA-55-6985-01_loci.txt	C:/CloneHD_benchmarking/DPclust/TCGA/dpclust_batch_luad\TCGA-55-6985-01\TCGA-55-6985-01_alleleFrequencies.txt	C:/CloneHD_benchmarking/DPclust/TCGA/dpclust_batch_luad\TCGA-55-6985-01\TCGA-55-6985-01.cellularity_ploidy	C:/CloneHD_benchmarking/DPclust/TCGA/dpclust_batch_luad\TCGA-55-6985-01\TCGA-55-6985-01.battenberg	C:/CloneHD_benchmarking/DPclust/TCGA/dpclust_batch_luad\TCGA-55-6985-01\run_dpclust3p_TCGA-55-6985-01.R	C:/CloneHD_benchmarking/DPclust/TCGA/dpclust_batch_luad\TCGA-55-6985-01\TCGA-55-6985-01_ccf.tsv
TCGA-55-6986-01	C:/CloneHD_benchmarking/DPclust/TCGA/dpclust_batch_luad\TCGA-55-6986-01	C:/CloneHD_benchmarking/DPclust/TCGA/dpclust_batch_luad\TCGA-55-6986-01\TCGA-55-6986-01_loci.txt	C:/CloneHD_benchmarking/DPclust/TCGA/dpclust_batch_luad\TCGA-55-6986-01\TCGA-55-6986-01_alleleFrequencies.txt	C:/CloneHD_benchmarking/DPclust/TCGA/dpclust_batch_luad\TCGA-55-6986-01\TCGA-55-6986-01.cellularity_ploidy	C:/CloneHD_benchmarking/DPclust/TCGA/dpclust_batch_luad\TCGA-55-6986-01\TCGA-55-6986-01.battenberg	C:/CloneHD_benchmarking/DPclust/TCGA/dpclust_batch_luad\TCGA-55-6986-01\run_dpclust3p_TCGA-55-6986-01.R	C:/CloneHD_benchmarking/DPclust/TCGA/dpclust_batch_luad\TCGA-55-6986-01\TCGA-55-6986-01_ccf.tsv
TCGA-55-6987-01	C:/CloneHD_benchmarking/DPclust/TCGA/dpclust_batch_luad\TCGA-55-6987-01	C:/CloneHD_benchmarking/DPclust/TCGA/dpclust_batch_luad\TCGA-55-6987-01\TCGA-55-6987-01_loci.txt	C:/CloneHD_benchmarking/DPclust/TCGA/dpclust_batch_luad\TCGA-55-6987-01\TCGA-55-6987-01_alleleFrequencies.txt	C:/CloneHD_benchmarking/DPclust/TCGA/dpclust_batch_luad\TCGA-55-6987-01\TCGA-55-6987-01.cellularity_ploidy	C:/CloneHD_benchmarking/DPclust/TCGA/dpclust_batch_luad\TCGA-55-6987-01\TCGA-55-6987-01.battenberg	C:/CloneHD_benchmarking/DPclust/TCGA/dpclust_batch_luad\TCGA-55-6987-01\run_dpclust3p_TCGA-55-6987-01.R	C:/CloneHD_benchmarking/DPclust/TCGA/dpclust_batch_luad\TCGA-55-6987-01\TCGA-55-6987-01_ccf.tsv
TCGA-55-7281-01	C:/CloneHD_benchmarking/DPclust/TCGA/dpclust_batch_luad\TCGA-55-7281-01	C:/CloneHD_benchmarking/DPclust/TCGA/dpclust_batch_luad\TCGA-55-7281-01\TCGA-55-7281-01_loci.txt	C:/CloneHD_benchmarking/DPclust/TCGA/dpclust_batch_luad\TCGA-55-7281-01\TCGA-55-7281-01_alleleFrequencies.txt	C:/CloneHD_benchmarking/DPclust/TCGA/dpclust_batch_luad\TCGA-55-7281-01\TCGA-55-7281-01.cellularity_ploidy	C:/CloneHD_benchmarking/DPclust/TCGA/dpclust_batch_luad\TCGA-55-7281-01\TCGA-55-7281-01.battenberg	C:/CloneHD_benchmarking/DPclust/TCGA/dpclust_batch_luad\TCGA-55-7281-01\run_dpclust3p_TCGA-55-7281-01.R	C:/CloneHD_benchmarking/DPclust/TCGA/dpclust_batch_luad\TCGA-55-7281-01\TCGA-55-7281-01_ccf.tsv
TCGA-55-7283-01	C:/CloneHD_benchmarking/DPclust/TCGA/dpclust_batch_luad\TCGA-55-7283-01	C:/CloneHD_benchmarking/DPclust/TCGA/dpclust_batch_luad\TCGA-55-7283-01\TCGA-55-7283-01_loci.txt	C:/CloneHD_benchmarking/DPclust/TCGA/dpclust_batch_luad\TCGA-55-7283-01\TCGA-55-7283-01_alleleFrequencies.txt	C:/CloneHD_benchmarking/DPclust/TCGA/dpclust_batch_luad\TCGA-55-7283-01\TCGA-55-7283-01.cellularity_ploidy	C:/CloneHD_benchmarking/DPclust/TCGA/dpclust_batch_luad\TCGA-55-7283-01\TCGA-55-7283-01.battenberg	C:/CloneHD_benchmarking/DPclust/TCGA/dpclust_batch_luad\TCGA-55-7283-01\run_dpclust3p_TCGA-55-7283-01.R	C:/CloneHD_benchmarking/DPclust/TCGA/dpclust_batch_luad\TCGA-55-7283-01\TCGA-55-7283-01_ccf.tsv
TCGA-55-7284-01	C:/CloneHD_benchmarking/DPclust/TCGA/dpclust_batch_luad\TCGA-55-7284-01	C:/CloneHD_benchmarking/DPclust/TCGA/dpclust_batch_luad\TCGA-55-7284-01\TCGA-55-7284-01_loci.txt	C:/CloneHD_benchmarking/DPclust/TCGA/dpclust_batch_luad\TCGA-55-7284-01\TCGA-55-7284-01_alleleFrequencies.txt	C:/CloneHD_benchmarking/DPclust/TCGA/dpclust_batch_luad\TCGA-55-7284-01\TCGA-55-7284-01.cellularity_ploidy	C:/CloneHD_benchmarking/DPclust/TCGA/dpclust_batch_luad\TCGA-55-7284-01\TCGA-55-7284-01.battenberg	C:/CloneHD_benchmarking/DPclust/TCGA/dpclust_batch_luad\TCGA-55-7284-01\run_dpclust3p_TCGA-55-7284-01.R	C:/CloneHD_benchmarking/DPclust/TCGA/dpclust_batch_luad\TCGA-55-7284-01\TCGA-55-7284-01_ccf.tsv
TCGA-55-7570-01	C:/CloneHD_benchmarking/DPclust/TCGA/dpclust_batch_luad\TCGA-55-7570-01	C:/CloneHD_benchmarking/DPclust/TCGA/dpclust_batch_luad\TCGA-55-7570-01\TCGA-55-7570-01_loci.txt	C:/CloneHD_benchmarking/DPclust/TCGA/dpclust_batch_luad\TCGA-55-7570-01\TCGA-55-7570-01_alleleFrequencies.txt	C:/CloneHD_benchmarking/DPclust/TCGA/dpclust_batch_luad\TCGA-55-7570-01\TCGA-55-7570-01.cellularity_ploidy	C:/CloneHD_benchmarking/DPclust/TCGA/dpclust_batch_luad\TCGA-55-7570-01\TCGA-55-7570-01.battenberg	C:/CloneHD_benchmarking/DPclust/TCGA/dpclust_batch_luad\TCGA-55-7570-01\run_dpclust3p_TCGA-55-7570-01.R	C:/CloneHD_benchmarking/DPclust/TCGA/dpclust_batch_luad\TCGA-55-7570-01\TCGA-55-7570-01_ccf.tsv
TCGA-55-7573-01	C:/CloneHD_benchmarking/DPclust/TCGA/dpclust_batch_luad\TCGA-55-7573-01	C:/CloneHD_benchmarking/DPclust/TCGA/dpclust_batch_luad\TCGA-55-7573-01\TCGA-55-7573-01_loci.txt	C:/CloneHD_benchmarking/DPclust/TCGA/dpclust_batch_luad\TCGA-55-7573-01\TCGA-55-7573-01_alleleFrequencies.txt	C:/CloneHD_benchmarking/DPclust/TCGA/dpclust_batch_luad\TCGA-55-7573-01\TCGA-55-7573-01.cellularity_ploidy	C:/CloneHD_benchmarking/DPclust/TCGA/dpclust_batch_luad\TCGA-55-7573-01\TCGA-55-7573-01.battenberg	C:/CloneHD_benchmarking/DPclust/TCGA/dpclust_batch_luad\TCGA-55-7573-01\run_dpclust3p_TCGA-55-7573-01.R	C:/CloneHD_benchmarking/DPclust/TCGA/dpclust_batch_luad\TCGA-55-7573-01\TCGA-55-7573-01_ccf.tsv
TCGA-55-7574-01	C:/CloneHD_benchmarking/DPclust/TCGA/dpclust_batch_luad\TCGA-55-7574-01	C:/CloneHD_benchmarking/DPclust/TCGA/dpclust_batch_luad\TCGA-55-7574-01\TCGA-55-7574-01_loci.txt	C:/CloneHD_benchmarking/DPclust/TCGA/dpclust_batch_luad\TCGA-55-7574-01\TCGA-55-7574-01_alleleFrequencies.txt	C:/CloneHD_benchmarking/DPclust/TCGA/dpclust_batch_luad\TCGA-55-7574-01\TCGA-55-7574-01.cellularity_ploidy	C:/CloneHD_benchmarking/DPclust/TCGA/dpclust_batch_luad\TCGA-55-7574-01\TCGA-55-7574-01.battenberg	C:/CloneHD_benchmarking/DPclust/TCGA/dpclust_batch_luad\TCGA-55-7574-01\run_dpclust3p_TCGA-55-7574-01.R	C:/CloneHD_benchmarking/DPclust/TCGA/dpclust_batch_luad\TCGA-55-7574-01\TCGA-55-7574-01_ccf.tsv
TCGA-55-7576-01	C:/CloneHD_benchmarking/DPclust/TCGA/dpclust_batch_luad\TCGA-55-7576-01	C:/CloneHD_benchmarking/DPclust/TCGA/dpclust_batch_luad\TCGA-55-7576-01\TCGA-55-7576-01_loci.txt	C:/CloneHD_benchmarking/DPclust/TCGA/dpclust_batch_luad\TCGA-55-7576-01\TCGA-55-7576-01_alleleFrequencies.txt	C:/CloneHD_benchmarking/DPclust/TCGA/dpclust_batch_luad\TCGA-55-7576-01\TCGA-55-7576-01.cellularity_ploidy	C:/CloneHD_benchmarking/DPclust/TCGA/dpclust_batch_luad\TCGA-55-7576-01\TCGA-55-7576-01.battenberg	C:/CloneHD_benchmarking/DPclust/TCGA/dpclust_batch_luad\TCGA-55-7576-01\run_dpclust3p_TCGA-55-7576-01.R	C:/CloneHD_benchmarking/DPclust/TCGA/dpclust_batch_luad\TCGA-55-7576-01\TCGA-55-7576-01_ccf.tsv
TCGA-55-7724-01	C:/CloneHD_benchmarking/DPclust/TCGA/dpclust_batch_luad\TCGA-55-7724-01	C:/CloneHD_benchmarking/DPclust/TCGA/dpclust_batch_luad\TCGA-55-7724-01\TCGA-55-7724-01_loci.txt	C:/CloneHD_benchmarking/DPclust/TCGA/dpclust_batch_luad\TCGA-55-7724-01\TCGA-55-7724-01_alleleFrequencies.txt	C:/CloneHD_benchmarking/DPclust/TCGA/dpclust_batch_luad\TCGA-55-7724-01\TCGA-55-7724-01.cellularity_ploidy	C:/CloneHD_benchmarking/DPclust/TCGA/dpclust_batch_luad\TCGA-55-7724-01\TCGA-55-7724-01.battenberg	C:/CloneHD_benchmarking/DPclust/TCGA/dpclust_batch_luad\TCGA-55-7724-01\run_dpclust3p_TCGA-55-7724-01.R	C:/CloneHD_benchmarking/DPclust/TCGA/dpclust_batch_luad\TCGA-55-7724-01\TCGA-55-7724-01_ccf.tsv
TCGA-55-7725-01	C:/CloneHD_benchmarking/DPclust/TCGA/dpclust_batch_luad\TCGA-55-7725-01	C:/CloneHD_benchmarking/DPclust/TCGA/dpclust_batch_luad\TCGA-55-7725-01\TCGA-55-7725-01_loci.txt	C:/CloneHD_benchmarking/DPclust/TCGA/dpclust_batch_luad\TCGA-55-7725-01\TCGA-55-7725-01_alleleFrequencies.txt	C:/CloneHD_benchmarking/DPclust/TCGA/dpclust_batch_luad\TCGA-55-7725-01\TCGA-55-7725-01.cellularity_ploidy	C:/CloneHD_benchmarking/DPclust/TCGA/dpclust_batch_luad\TCGA-55-7725-01\TCGA-55-7725-01.battenberg	C:/CloneHD_benchmarking/DPclust/TCGA/dpclust_batch_luad\TCGA-55-7725-01\run_dpclust3p_TCGA-55-7725-01.R	C:/CloneHD_benchmarking/DPclust/TCGA/dpclust_batch_luad\TCGA-55-7725-01\TCGA-55-7725-01_ccf.tsv
TCGA-55-7726-01	C:/CloneHD_benchmarking/DPclust/TCGA/dpclust_batch_luad\TCGA-55-7726-01	C:/CloneHD_benchmarking/DPclust/TCGA/dpclust_batch_luad\TCGA-55-7726-01\TCGA-55-7726-01_loci.txt	C:/CloneHD_benchmarking/DPclust/TCGA/dpclust_batch_luad\TCGA-55-7726-01\TCGA-55-7726-01_alleleFrequencies.txt	C:/CloneHD_benchmarking/DPclust/TCGA/dpclust_batch_luad\TCGA-55-7726-01\TCGA-55-7726-01.cellularity_ploidy	C:/CloneHD_benchmarking/DPclust/TCGA/dpclust_batch_luad\TCGA-55-7726-01\TCGA-55-7726-01.battenberg	C:/CloneHD_benchmarking/DPclust/TCGA/dpclust_batch_luad\TCGA-55-7726-01\run_dpclust3p_TCGA-55-7726-01.R	C:/CloneHD_benchmarking/DPclust/TCGA/dpclust_batch_luad\TCGA-55-7726-01\TCGA-55-7726-01_ccf.tsv
TCGA-55-7727-01	C:/CloneHD_benchmarking/DPclust/TCGA/dpclust_batch_luad\TCGA-55-7727-01	C:/CloneHD_benchmarking/DPclust/TCGA/dpclust_batch_luad\TCGA-55-7727-01\TCGA-55-7727-01_loci.txt	C:/CloneHD_benchmarking/DPclust/TCGA/dpclust_batch_luad\TCGA-55-7727-01\TCGA-55-7727-01_alleleFrequencies.txt	C:/CloneHD_benchmarking/DPclust/TCGA/dpclust_batch_luad\TCGA-55-7727-01\TCGA-55-7727-01.cellularity_ploidy	C:/CloneHD_benchmarking/DPclust/TCGA/dpclust_batch_luad\TCGA-55-7727-01\TCGA-55-7727-01.battenberg	C:/CloneHD_benchmarking/DPclust/TCGA/dpclust_batch_luad\TCGA-55-7727-01\run_dpclust3p_TCGA-55-7727-01.R	C:/CloneHD_benchmarking/DPclust/TCGA/dpclust_batch_luad\TCGA-55-7727-01\TCGA-55-7727-01_ccf.tsv
TCGA-55-7728-01	C:/CloneHD_benchmarking/DPclust/TCGA/dpclust_batch_luad\TCGA-55-7728-01	C:/CloneHD_benchmarking/DPclust/TCGA/dpclust_batch_luad\TCGA-55-7728-01\TCGA-55-7728-01_loci.txt	C:/CloneHD_benchmarking/DPclust/TCGA/dpclust_batch_luad\TCGA-55-7728-01\TCGA-55-7728-01_alleleFrequencies.txt	C:/CloneHD_benchmarking/DPclust/TCGA/dpclust_batch_luad\TCGA-55-7728-01\TCGA-55-7728-01.cellularity_ploidy	C:/CloneHD_benchmarking/DPclust/TCGA/dpclust_batch_luad\TCGA-55-7728-01\TCGA-55-7728-01.battenberg	C:/CloneHD_benchmarking/DPclust/TCGA/dpclust_batch_luad\TCGA-55-7728-01\run_dpclust3p_TCGA-55-7728-01.R	C:/CloneHD_benchmarking/DPclust/TCGA/dpclust_batch_luad\TCGA-55-7728-01\TCGA-55-7728-01_ccf.tsv
TCGA-55-7815-01	C:/CloneHD_benchmarking/DPclust/TCGA/dpclust_batch_luad\TCGA-55-7815-01	C:/CloneHD_benchmarking/DPclust/TCGA/dpclust_batch_luad\TCGA-55-7815-01\TCGA-55-7815-01_loci.txt	C:/CloneHD_benchmarking/DPclust/TCGA/dpclust_batch_luad\TCGA-55-7815-01\TCGA-55-7815-01_alleleFrequencies.txt	C:/CloneHD_benchmarking/DPclust/TCGA/dpclust_batch_luad\TCGA-55-7815-01\TCGA-55-7815-01.cellularity_ploidy	C:/CloneHD_benchmarking/DPclust/TCGA/dpclust_batch_luad\TCGA-55-7815-01\TCGA-55-7815-01.battenberg	C:/CloneHD_benchmarking/DPclust/TCGA/dpclust_batch_luad\TCGA-55-7815-01\run_dpclust3p_TCGA-55-7815-01.R	C:/CloneHD_benchmarking/DPclust/TCGA/dpclust_batch_luad\TCGA-55-7815-01\TCGA-55-7815-01_ccf.tsv
TCGA-55-7903-01	C:/CloneHD_benchmarking/DPclust/TCGA/dpclust_batch_luad\TCGA-55-7903-01	C:/CloneHD_benchmarking/DPclust/TCGA/dpclust_batch_luad\TCGA-55-7903-01\TCGA-55-7903-01_loci.txt	C:/CloneHD_benchmarking/DPclust/TCGA/dpclust_batch_luad\TCGA-55-7903-01\TCGA-55-7903-01_alleleFrequencies.txt	C:/CloneHD_benchmarking/DPclust/TCGA/dpclust_batch_luad\TCGA-55-7903-01\TCGA-55-7903-01.cellularity_ploidy	C:/CloneHD_benchmarking/DPclust/TCGA/dpclust_batch_luad\TCGA-55-7903-01\TCGA-55-7903-01.battenberg	C:/CloneHD_benchmarking/DPclust/TCGA/dpclust_batch_luad\TCGA-55-7903-01\run_dpclust3p_TCGA-55-7903-01.R	C:/CloneHD_benchmarking/DPclust/TCGA/dpclust_batch_luad\TCGA-55-7903-01\TCGA-55-7903-01_ccf.tsv
TCGA-55-7907-01	C:/CloneHD_benchmarking/DPclust/TCGA/dpclust_batch_luad\TCGA-55-7907-01	C:/CloneHD_benchmarking/DPclust/TCGA/dpclust_batch_luad\TCGA-55-7907-01\TCGA-55-7907-01_loci.txt	C:/CloneHD_benchmarking/DPclust/TCGA/dpclust_batch_luad\TCGA-55-7907-01\TCGA-55-7907-01_alleleFrequencies.txt	C:/CloneHD_benchmarking/DPclust/TCGA/dpclust_batch_luad\TCGA-55-7907-01\TCGA-55-7907-01.cellularity_ploidy	C:/CloneHD_benchmarking/DPclust/TCGA/dpclust_batch_luad\TCGA-55-7907-01\TCGA-55-7907-01.battenberg	C:/CloneHD_benchmarking/DPclust/TCGA/dpclust_batch_luad\TCGA-55-7907-01\run_dpclust3p_TCGA-55-7907-01.R	C:/CloneHD_benchmarking/DPclust/TCGA/dpclust_batch_luad\TCGA-55-7907-01\TCGA-55-7907-01_ccf.tsv
TCGA-55-7910-01	C:/CloneHD_benchmarking/DPclust/TCGA/dpclust_batch_luad\TCGA-55-7910-01	C:/CloneHD_benchmarking/DPclust/TCGA/dpclust_batch_luad\TCGA-55-7910-01\TCGA-55-7910-01_loci.txt	C:/CloneHD_benchmarking/DPclust/TCGA/dpclust_batch_luad\TCGA-55-7910-01\TCGA-55-7910-01_alleleFrequencies.txt	C:/CloneHD_benchmarking/DPclust/TCGA/dpclust_batch_luad\TCGA-55-7910-01\TCGA-55-7910-01.cellularity_ploidy	C:/CloneHD_benchmarking/DPclust/TCGA/dpclust_batch_luad\TCGA-55-7910-01\TCGA-55-7910-01.battenberg	C:/CloneHD_benchmarking/DPclust/TCGA/dpclust_batch_luad\TCGA-55-7910-01\run_dpclust3p_TCGA-55-7910-01.R	C:/CloneHD_benchmarking/DPclust/TCGA/dpclust_batch_luad\TCGA-55-7910-01\TCGA-55-7910-01_ccf.tsv
TCGA-55-7911-01	C:/CloneHD_benchmarking/DPclust/TCGA/dpclust_batch_luad\TCGA-55-7911-01	C:/CloneHD_benchmarking/DPclust/TCGA/dpclust_batch_luad\TCGA-55-7911-01\TCGA-55-7911-01_loci.txt	C:/CloneHD_benchmarking/DPclust/TCGA/dpclust_batch_luad\TCGA-55-7911-01\TCGA-55-7911-01_alleleFrequencies.txt	C:/CloneHD_benchmarking/DPclust/TCGA/dpclust_batch_luad\TCGA-55-7911-01\TCGA-55-7911-01.cellularity_ploidy	C:/CloneHD_benchmarking/DPclust/TCGA/dpclust_batch_luad\TCGA-55-7911-01\TCGA-55-7911-01.battenberg	C:/CloneHD_benchmarking/DPclust/TCGA/dpclust_batch_luad\TCGA-55-7911-01\run_dpclust3p_TCGA-55-7911-01.R	C:/CloneHD_benchmarking/DPclust/TCGA/dpclust_batch_luad\TCGA-55-7911-01\TCGA-55-7911-01_ccf.tsv
TCGA-55-7913-01	C:/CloneHD_benchmarking/DPclust/TCGA/dpclust_batch_luad\TCGA-55-7913-01	C:/CloneHD_benchmarking/DPclust/TCGA/dpclust_batch_luad\TCGA-55-7913-01\TCGA-55-7913-01_loci.txt	C:/CloneHD_benchmarking/DPclust/TCGA/dpclust_batch_luad\TCGA-55-7913-01\TCGA-55-7913-01_alleleFrequencies.txt	C:/CloneHD_benchmarking/DPclust/TCGA/dpclust_batch_luad\TCGA-55-7913-01\TCGA-55-7913-01.cellularity_ploidy	C:/CloneHD_benchmarking/DPclust/TCGA/dpclust_batch_luad\TCGA-55-7913-01\TCGA-55-7913-01.battenberg	C:/CloneHD_benchmarking/DPclust/TCGA/dpclust_batch_luad\TCGA-55-7913-01\run_dpclust3p_TCGA-55-7913-01.R	C:/CloneHD_benchmarking/DPclust/TCGA/dpclust_batch_luad\TCGA-55-7913-01\TCGA-55-7913-01_ccf.tsv
TCGA-55-7914-01	C:/CloneHD_benchmarking/DPclust/TCGA/dpclust_batch_luad\TCGA-55-7914-01	C:/CloneHD_benchmarking/DPclust/TCGA/dpclust_batch_luad\TCGA-55-7914-01\TCGA-55-7914-01_loci.txt	C:/CloneHD_benchmarking/DPclust/TCGA/dpclust_batch_luad\TCGA-55-7914-01\TCGA-55-7914-01_alleleFrequencies.txt	C:/CloneHD_benchmarking/DPclust/TCGA/dpclust_batch_luad\TCGA-55-7914-01\TCGA-55-7914-01.cellularity_ploidy	C:/CloneHD_benchmarking/DPclust/TCGA/dpclust_batch_luad\TCGA-55-7914-01\TCGA-55-7914-01.battenberg	C:/CloneHD_benchmarking/DPclust/TCGA/dpclust_batch_luad\TCGA-55-7914-01\run_dpclust3p_TCGA-55-7914-01.R	C:/CloneHD_benchmarking/DPclust/TCGA/dpclust_batch_luad\TCGA-55-7914-01\TCGA-55-7914-01_ccf.tsv
TCGA-55-7994-01	C:/CloneHD_benchmarking/DPclust/TCGA/dpclust_batch_luad\TCGA-55-7994-01	C:/CloneHD_benchmarking/DPclust/TCGA/dpclust_batch_luad\TCGA-55-7994-01\TCGA-55-7994-01_loci.txt	C:/CloneHD_benchmarking/DPclust/TCGA/dpclust_batch_luad\TCGA-55-7994-01\TCGA-55-7994-01_alleleFrequencies.txt	C:/CloneHD_benchmarking/DPclust/TCGA/dpclust_batch_luad\TCGA-55-7994-01\TCGA-55-7994-01.cellularity_ploidy	C:/CloneHD_benchmarking/DPclust/TCGA/dpclust_batch_luad\TCGA-55-7994-01\TCGA-55-7994-01.battenberg	C:/CloneHD_benchmarking/DPclust/TCGA/dpclust_batch_luad\TCGA-55-7994-01\run_dpclust3p_TCGA-55-7994-01.R	C:/CloneHD_benchmarking/DPclust/TCGA/dpclust_batch_luad\TCGA-55-7994-01\TCGA-55-7994-01_ccf.tsv
TCGA-55-7995-01	C:/CloneHD_benchmarking/DPclust/TCGA/dpclust_batch_luad\TCGA-55-7995-01	C:/CloneHD_benchmarking/DPclust/TCGA/dpclust_batch_luad\TCGA-55-7995-01\TCGA-55-7995-01_loci.txt	C:/CloneHD_benchmarking/DPclust/TCGA/dpclust_batch_luad\TCGA-55-7995-01\TCGA-55-7995-01_alleleFrequencies.txt	C:/CloneHD_benchmarking/DPclust/TCGA/dpclust_batch_luad\TCGA-55-7995-01\TCGA-55-7995-01.cellularity_ploidy	C:/CloneHD_benchmarking/DPclust/TCGA/dpclust_batch_luad\TCGA-55-7995-01\TCGA-55-7995-01.battenberg	C:/CloneHD_benchmarking/DPclust/TCGA/dpclust_batch_luad\TCGA-55-7995-01\run_dpclust3p_TCGA-55-7995-01.R	C:/CloneHD_benchmarking/DPclust/TCGA/dpclust_batch_luad\TCGA-55-7995-01\TCGA-55-7995-01_ccf.tsv
TCGA-55-8085-01	C:/CloneHD_benchmarking/DPclust/TCGA/dpclust_batch_luad\TCGA-55-8085-01	C:/CloneHD_benchmarking/DPclust/TCGA/dpclust_batch_luad\TCGA-55-8085-01\TCGA-55-8085-01_loci.txt	C:/CloneHD_benchmarking/DPclust/TCGA/dpclust_batch_luad\TCGA-55-8085-01\TCGA-55-8085-01_alleleFrequencies.txt	C:/CloneHD_benchmarking/DPclust/TCGA/dpclust_batch_luad\TCGA-55-8085-01\TCGA-55-8085-01.cellularity_ploidy	C:/CloneHD_benchmarking/DPclust/TCGA/dpclust_batch_luad\TCGA-55-8085-01\TCGA-55-8085-01.battenberg	C:/CloneHD_benchmarking/DPclust/TCGA/dpclust_batch_luad\TCGA-55-8085-01\run_dpclust3p_TCGA-55-8085-01.R	C:/CloneHD_benchmarking/DPclust/TCGA/dpclust_batch_luad\TCGA-55-8085-01\TCGA-55-8085-01_ccf.tsv
TCGA-55-8087-01	C:/CloneHD_benchmarking/DPclust/TCGA/dpclust_batch_luad\TCGA-55-8087-01	C:/CloneHD_benchmarking/DPclust/TCGA/dpclust_batch_luad\TCGA-55-8087-01\TCGA-55-8087-01_loci.txt	C:/CloneHD_benchmarking/DPclust/TCGA/dpclust_batch_luad\TCGA-55-8087-01\TCGA-55-8087-01_alleleFrequencies.txt	C:/CloneHD_benchmarking/DPclust/TCGA/dpclust_batch_luad\TCGA-55-8087-01\TCGA-55-8087-01.cellularity_ploidy	C:/CloneHD_benchmarking/DPclust/TCGA/dpclust_batch_luad\TCGA-55-8087-01\TCGA-55-8087-01.battenberg	C:/CloneHD_benchmarking/DPclust/TCGA/dpclust_batch_luad\TCGA-55-8087-01\run_dpclust3p_TCGA-55-8087-01.R	C:/CloneHD_benchmarking/DPclust/TCGA/dpclust_batch_luad\TCGA-55-8087-01\TCGA-55-8087-01_ccf.tsv
TCGA-55-8089-01	C:/CloneHD_benchmarking/DPclust/TCGA/dpclust_batch_luad\TCGA-55-8089-01	C:/CloneHD_benchmarking/DPclust/TCGA/dpclust_batch_luad\TCGA-55-8089-01\TCGA-55-8089-01_loci.txt	C:/CloneHD_benchmarking/DPclust/TCGA/dpclust_batch_luad\TCGA-55-8089-01\TCGA-55-8089-01_alleleFrequencies.txt	C:/CloneHD_benchmarking/DPclust/TCGA/dpclust_batch_luad\TCGA-55-8089-01\TCGA-55-8089-01.cellularity_ploidy	C:/CloneHD_benchmarking/DPclust/TCGA/dpclust_batch_luad\TCGA-55-8089-01\TCGA-55-8089-01.battenberg	C:/CloneHD_benchmarking/DPclust/TCGA/dpclust_batch_luad\TCGA-55-8089-01\run_dpclust3p_TCGA-55-8089-01.R	C:/CloneHD_benchmarking/DPclust/TCGA/dpclust_batch_luad\TCGA-55-8089-01\TCGA-55-8089-01_ccf.tsv
TCGA-55-8090-01	C:/CloneHD_benchmarking/DPclust/TCGA/dpclust_batch_luad\TCGA-55-8090-01	C:/CloneHD_benchmarking/DPclust/TCGA/dpclust_batch_luad\TCGA-55-8090-01\TCGA-55-8090-01_loci.txt	C:/CloneHD_benchmarking/DPclust/TCGA/dpclust_batch_luad\TCGA-55-8090-01\TCGA-55-8090-01_alleleFrequencies.txt	C:/CloneHD_benchmarking/DPclust/TCGA/dpclust_batch_luad\TCGA-55-8090-01\TCGA-55-8090-01.cellularity_ploidy	C:/CloneHD_benchmarking/DPclust/TCGA/dpclust_batch_luad\TCGA-55-8090-01\TCGA-55-8090-01.battenberg	C:/CloneHD_benchmarking/DPclust/TCGA/dpclust_batch_luad\TCGA-55-8090-01\run_dpclust3p_TCGA-55-8090-01.R	C:/CloneHD_benchmarking/DPclust/TCGA/dpclust_batch_luad\TCGA-55-8090-01\TCGA-55-8090-01_ccf.tsv
TCGA-55-8091-01	C:/CloneHD_benchmarking/DPclust/TCGA/dpclust_batch_luad\TCGA-55-8091-01	C:/CloneHD_benchmarking/DPclust/TCGA/dpclust_batch_luad\TCGA-55-8091-01\TCGA-55-8091-01_loci.txt	C:/CloneHD_benchmarking/DPclust/TCGA/dpclust_batch_luad\TCGA-55-8091-01\TCGA-55-8091-01_alleleFrequencies.txt	C:/CloneHD_benchmarking/DPclust/TCGA/dpclust_batch_luad\TCGA-55-8091-01\TCGA-55-8091-01.cellularity_ploidy	C:/CloneHD_benchmarking/DPclust/TCGA/dpclust_batch_luad\TCGA-55-8091-01\TCGA-55-8091-01.battenberg	C:/CloneHD_benchmarking/DPclust/TCGA/dpclust_batch_luad\TCGA-55-8091-01\run_dpclust3p_TCGA-55-8091-01.R	C:/CloneHD_benchmarking/DPclust/TCGA/dpclust_batch_luad\TCGA-55-8091-01\TCGA-55-8091-01_ccf.tsv
TCGA-55-8092-01	C:/CloneHD_benchmarking/DPclust/TCGA/dpclust_batch_luad\TCGA-55-8092-01	C:/CloneHD_benchmarking/DPclust/TCGA/dpclust_batch_luad\TCGA-55-8092-01\TCGA-55-8092-01_loci.txt	C:/CloneHD_benchmarking/DPclust/TCGA/dpclust_batch_luad\TCGA-55-8092-01\TCGA-55-8092-01_alleleFrequencies.txt	C:/CloneHD_benchmarking/DPclust/TCGA/dpclust_batch_luad\TCGA-55-8092-01\TCGA-55-8092-01.cellularity_ploidy	C:/CloneHD_benchmarking/DPclust/TCGA/dpclust_batch_luad\TCGA-55-8092-01\TCGA-55-8092-01.battenberg	C:/CloneHD_benchmarking/DPclust/TCGA/dpclust_batch_luad\TCGA-55-8092-01\run_dpclust3p_TCGA-55-8092-01.R	C:/CloneHD_benchmarking/DPclust/TCGA/dpclust_batch_luad\TCGA-55-8092-01\TCGA-55-8092-01_ccf.tsv
TCGA-55-8094-01	C:/CloneHD_benchmarking/DPclust/TCGA/dpclust_batch_luad\TCGA-55-8094-01	C:/CloneHD_benchmarking/DPclust/TCGA/dpclust_batch_luad\TCGA-55-8094-01\TCGA-55-8094-01_loci.txt	C:/CloneHD_benchmarking/DPclust/TCGA/dpclust_batch_luad\TCGA-55-8094-01\TCGA-55-8094-01_alleleFrequencies.txt	C:/CloneHD_benchmarking/DPclust/TCGA/dpclust_batch_luad\TCGA-55-8094-01\TCGA-55-8094-01.cellularity_ploidy	C:/CloneHD_benchmarking/DPclust/TCGA/dpclust_batch_luad\TCGA-55-8094-01\TCGA-55-8094-01.battenberg	C:/CloneHD_benchmarking/DPclust/TCGA/dpclust_batch_luad\TCGA-55-8094-01\run_dpclust3p_TCGA-55-8094-01.R	C:/CloneHD_benchmarking/DPclust/TCGA/dpclust_batch_luad\TCGA-55-8094-01\TCGA-55-8094-01_ccf.tsv
TCGA-55-8096-01	C:/CloneHD_benchmarking/DPclust/TCGA/dpclust_batch_luad\TCGA-55-8096-01	C:/CloneHD_benchmarking/DPclust/TCGA/dpclust_batch_luad\TCGA-55-8096-01\TCGA-55-8096-01_loci.txt	C:/CloneHD_benchmarking/DPclust/TCGA/dpclust_batch_luad\TCGA-55-8096-01\TCGA-55-8096-01_alleleFrequencies.txt	C:/CloneHD_benchmarking/DPclust/TCGA/dpclust_batch_luad\TCGA-55-8096-01\TCGA-55-8096-01.cellularity_ploidy	C:/CloneHD_benchmarking/DPclust/TCGA/dpclust_batch_luad\TCGA-55-8096-01\TCGA-55-8096-01.battenberg	C:/CloneHD_benchmarking/DPclust/TCGA/dpclust_batch_luad\TCGA-55-8096-01\run_dpclust3p_TCGA-55-8096-01.R	C:/CloneHD_benchmarking/DPclust/TCGA/dpclust_batch_luad\TCGA-55-8096-01\TCGA-55-8096-01_ccf.tsv
TCGA-55-8097-01	C:/CloneHD_benchmarking/DPclust/TCGA/dpclust_batch_luad\TCGA-55-8097-01	C:/CloneHD_benchmarking/DPclust/TCGA/dpclust_batch_luad\TCGA-55-8097-01\TCGA-55-8097-01_loci.txt	C:/CloneHD_benchmarking/DPclust/TCGA/dpclust_batch_luad\TCGA-55-8097-01\TCGA-55-8097-01_alleleFrequencies.txt	C:/CloneHD_benchmarking/DPclust/TCGA/dpclust_batch_luad\TCGA-55-8097-01\TCGA-55-8097-01.cellularity_ploidy	C:/CloneHD_benchmarking/DPclust/TCGA/dpclust_batch_luad\TCGA-55-8097-01\TCGA-55-8097-01.battenberg	C:/CloneHD_benchmarking/DPclust/TCGA/dpclust_batch_luad\TCGA-55-8097-01\run_dpclust3p_TCGA-55-8097-01.R	C:/CloneHD_benchmarking/DPclust/TCGA/dpclust_batch_luad\TCGA-55-8097-01\TCGA-55-8097-01_ccf.tsv
TCGA-55-8203-01	C:/CloneHD_benchmarking/DPclust/TCGA/dpclust_batch_luad\TCGA-55-8203-01	C:/CloneHD_benchmarking/DPclust/TCGA/dpclust_batch_luad\TCGA-55-8203-01\TCGA-55-8203-01_loci.txt	C:/CloneHD_benchmarking/DPclust/TCGA/dpclust_batch_luad\TCGA-55-8203-01\TCGA-55-8203-01_alleleFrequencies.txt	C:/CloneHD_benchmarking/DPclust/TCGA/dpclust_batch_luad\TCGA-55-8203-01\TCGA-55-8203-01.cellularity_ploidy	C:/CloneHD_benchmarking/DPclust/TCGA/dpclust_batch_luad\TCGA-55-8203-01\TCGA-55-8203-01.battenberg	C:/CloneHD_benchmarking/DPclust/TCGA/dpclust_batch_luad\TCGA-55-8203-01\run_dpclust3p_TCGA-55-8203-01.R	C:/CloneHD_benchmarking/DPclust/TCGA/dpclust_batch_luad\TCGA-55-8203-01\TCGA-55-8203-01_ccf.tsv
TCGA-55-8204-01	C:/CloneHD_benchmarking/DPclust/TCGA/dpclust_batch_luad\TCGA-55-8204-01	C:/CloneHD_benchmarking/DPclust/TCGA/dpclust_batch_luad\TCGA-55-8204-01\TCGA-55-8204-01_loci.txt	C:/CloneHD_benchmarking/DPclust/TCGA/dpclust_batch_luad\TCGA-55-8204-01\TCGA-55-8204-01_alleleFrequencies.txt	C:/CloneHD_benchmarking/DPclust/TCGA/dpclust_batch_luad\TCGA-55-8204-01\TCGA-55-8204-01.cellularity_ploidy	C:/CloneHD_benchmarking/DPclust/TCGA/dpclust_batch_luad\TCGA-55-8204-01\TCGA-55-8204-01.battenberg	C:/CloneHD_benchmarking/DPclust/TCGA/dpclust_batch_luad\TCGA-55-8204-01\run_dpclust3p_TCGA-55-8204-01.R	C:/CloneHD_benchmarking/DPclust/TCGA/dpclust_batch_luad\TCGA-55-8204-01\TCGA-55-8204-01_ccf.tsv
TCGA-55-8205-01	C:/CloneHD_benchmarking/DPclust/TCGA/dpclust_batch_luad\TCGA-55-8205-01	C:/CloneHD_benchmarking/DPclust/TCGA/dpclust_batch_luad\TCGA-55-8205-01\TCGA-55-8205-01_loci.txt	C:/CloneHD_benchmarking/DPclust/TCGA/dpclust_batch_luad\TCGA-55-8205-01\TCGA-55-8205-01_alleleFrequencies.txt	C:/CloneHD_benchmarking/DPclust/TCGA/dpclust_batch_luad\TCGA-55-8205-01\TCGA-55-8205-01.cellularity_ploidy	C:/CloneHD_benchmarking/DPclust/TCGA/dpclust_batch_luad\TCGA-55-8205-01\TCGA-55-8205-01.battenberg	C:/CloneHD_benchmarking/DPclust/TCGA/dpclust_batch_luad\TCGA-55-8205-01\run_dpclust3p_TCGA-55-8205-01.R	C:/CloneHD_benchmarking/DPclust/TCGA/dpclust_batch_luad\TCGA-55-8205-01\TCGA-55-8205-01_ccf.tsv
TCGA-55-8206-01	C:/CloneHD_benchmarking/DPclust/TCGA/dpclust_batch_luad\TCGA-55-8206-01	C:/CloneHD_benchmarking/DPclust/TCGA/dpclust_batch_luad\TCGA-55-8206-01\TCGA-55-8206-01_loci.txt	C:/CloneHD_benchmarking/DPclust/TCGA/dpclust_batch_luad\TCGA-55-8206-01\TCGA-55-8206-01_alleleFrequencies.txt	C:/CloneHD_benchmarking/DPclust/TCGA/dpclust_batch_luad\TCGA-55-8206-01\TCGA-55-8206-01.cellularity_ploidy	C:/CloneHD_benchmarking/DPclust/TCGA/dpclust_batch_luad\TCGA-55-8206-01\TCGA-55-8206-01.battenberg	C:/CloneHD_benchmarking/DPclust/TCGA/dpclust_batch_luad\TCGA-55-8206-01\run_dpclust3p_TCGA-55-8206-01.R	C:/CloneHD_benchmarking/DPclust/TCGA/dpclust_batch_luad\TCGA-55-8206-01\TCGA-55-8206-01_ccf.tsv
TCGA-55-8207-01	C:/CloneHD_benchmarking/DPclust/TCGA/dpclust_batch_luad\TCGA-55-8207-01	C:/CloneHD_benchmarking/DPclust/TCGA/dpclust_batch_luad\TCGA-55-8207-01\TCGA-55-8207-01_loci.txt	C:/CloneHD_benchmarking/DPclust/TCGA/dpclust_batch_luad\TCGA-55-8207-01\TCGA-55-8207-01_alleleFrequencies.txt	C:/CloneHD_benchmarking/DPclust/TCGA/dpclust_batch_luad\TCGA-55-8207-01\TCGA-55-8207-01.cellularity_ploidy	C:/CloneHD_benchmarking/DPclust/TCGA/dpclust_batch_luad\TCGA-55-8207-01\TCGA-55-8207-01.battenberg	C:/CloneHD_benchmarking/DPclust/TCGA/dpclust_batch_luad\TCGA-55-8207-01\run_dpclust3p_TCGA-55-8207-01.R	C:/CloneHD_benchmarking/DPclust/TCGA/dpclust_batch_luad\TCGA-55-8207-01\TCGA-55-8207-01_ccf.tsv
TCGA-55-8208-01	C:/CloneHD_benchmarking/DPclust/TCGA/dpclust_batch_luad\TCGA-55-8208-01	C:/CloneHD_benchmarking/DPclust/TCGA/dpclust_batch_luad\TCGA-55-8208-01\TCGA-55-8208-01_loci.txt	C:/CloneHD_benchmarking/DPclust/TCGA/dpclust_batch_luad\TCGA-55-8208-01\TCGA-55-8208-01_alleleFrequencies.txt	C:/CloneHD_benchmarking/DPclust/TCGA/dpclust_batch_luad\TCGA-55-8208-01\TCGA-55-8208-01.cellularity_ploidy	C:/CloneHD_benchmarking/DPclust/TCGA/dpclust_batch_luad\TCGA-55-8208-01\TCGA-55-8208-01.battenberg	C:/CloneHD_benchmarking/DPclust/TCGA/dpclust_batch_luad\TCGA-55-8208-01\run_dpclust3p_TCGA-55-8208-01.R	C:/CloneHD_benchmarking/DPclust/TCGA/dpclust_batch_luad\TCGA-55-8208-01\TCGA-55-8208-01_ccf.tsv
TCGA-55-8301-01	C:/CloneHD_benchmarking/DPclust/TCGA/dpclust_batch_luad\TCGA-55-8301-01	C:/CloneHD_benchmarking/DPclust/TCGA/dpclust_batch_luad\TCGA-55-8301-01\TCGA-55-8301-01_loci.txt	C:/CloneHD_benchmarking/DPclust/TCGA/dpclust_batch_luad\TCGA-55-8301-01\TCGA-55-8301-01_alleleFrequencies.txt	C:/CloneHD_benchmarking/DPclust/TCGA/dpclust_batch_luad\TCGA-55-8301-01\TCGA-55-8301-01.cellularity_ploidy	C:/CloneHD_benchmarking/DPclust/TCGA/dpclust_batch_luad\TCGA-55-8301-01\TCGA-55-8301-01.battenberg	C:/CloneHD_benchmarking/DPclust/TCGA/dpclust_batch_luad\TCGA-55-8301-01\run_dpclust3p_TCGA-55-8301-01.R	C:/CloneHD_benchmarking/DPclust/TCGA/dpclust_batch_luad\TCGA-55-8301-01\TCGA-55-8301-01_ccf.tsv
TCGA-55-8302-01	C:/CloneHD_benchmarking/DPclust/TCGA/dpclust_batch_luad\TCGA-55-8302-01	C:/CloneHD_benchmarking/DPclust/TCGA/dpclust_batch_luad\TCGA-55-8302-01\TCGA-55-8302-01_loci.txt	C:/CloneHD_benchmarking/DPclust/TCGA/dpclust_batch_luad\TCGA-55-8302-01\TCGA-55-8302-01_alleleFrequencies.txt	C:/CloneHD_benchmarking/DPclust/TCGA/dpclust_batch_luad\TCGA-55-8302-01\TCGA-55-8302-01.cellularity_ploidy	C:/CloneHD_benchmarking/DPclust/TCGA/dpclust_batch_luad\TCGA-55-8302-01\TCGA-55-8302-01.battenberg	C:/CloneHD_benchmarking/DPclust/TCGA/dpclust_batch_luad\TCGA-55-8302-01\run_dpclust3p_TCGA-55-8302-01.R	C:/CloneHD_benchmarking/DPclust/TCGA/dpclust_batch_luad\TCGA-55-8302-01\TCGA-55-8302-01_ccf.tsv
TCGA-55-8505-01	C:/CloneHD_benchmarking/DPclust/TCGA/dpclust_batch_luad\TCGA-55-8505-01	C:/CloneHD_benchmarking/DPclust/TCGA/dpclust_batch_luad\TCGA-55-8505-01\TCGA-55-8505-01_loci.txt	C:/CloneHD_benchmarking/DPclust/TCGA/dpclust_batch_luad\TCGA-55-8505-01\TCGA-55-8505-01_alleleFrequencies.txt	C:/CloneHD_benchmarking/DPclust/TCGA/dpclust_batch_luad\TCGA-55-8505-01\TCGA-55-8505-01.cellularity_ploidy	C:/CloneHD_benchmarking/DPclust/TCGA/dpclust_batch_luad\TCGA-55-8505-01\TCGA-55-8505-01.battenberg	C:/CloneHD_benchmarking/DPclust/TCGA/dpclust_batch_luad\TCGA-55-8505-01\run_dpclust3p_TCGA-55-8505-01.R	C:/CloneHD_benchmarking/DPclust/TCGA/dpclust_batch_luad\TCGA-55-8505-01\TCGA-55-8505-01_ccf.tsv
TCGA-55-8506-01	C:/CloneHD_benchmarking/DPclust/TCGA/dpclust_batch_luad\TCGA-55-8506-01	C:/CloneHD_benchmarking/DPclust/TCGA/dpclust_batch_luad\TCGA-55-8506-01\TCGA-55-8506-01_loci.txt	C:/CloneHD_benchmarking/DPclust/TCGA/dpclust_batch_luad\TCGA-55-8506-01\TCGA-55-8506-01_alleleFrequencies.txt	C:/CloneHD_benchmarking/DPclust/TCGA/dpclust_batch_luad\TCGA-55-8506-01\TCGA-55-8506-01.cellularity_ploidy	C:/CloneHD_benchmarking/DPclust/TCGA/dpclust_batch_luad\TCGA-55-8506-01\TCGA-55-8506-01.battenberg	C:/CloneHD_benchmarking/DPclust/TCGA/dpclust_batch_luad\TCGA-55-8506-01\run_dpclust3p_TCGA-55-8506-01.R	C:/CloneHD_benchmarking/DPclust/TCGA/dpclust_batch_luad\TCGA-55-8506-01\TCGA-55-8506-01_ccf.tsv
TCGA-55-8507-01	C:/CloneHD_benchmarking/DPclust/TCGA/dpclust_batch_luad\TCGA-55-8507-01	C:/CloneHD_benchmarking/DPclust/TCGA/dpclust_batch_luad\TCGA-55-8507-01\TCGA-55-8507-01_loci.txt	C:/CloneHD_benchmarking/DPclust/TCGA/dpclust_batch_luad\TCGA-55-8507-01\TCGA-55-8507-01_alleleFrequencies.txt	C:/CloneHD_benchmarking/DPclust/TCGA/dpclust_batch_luad\TCGA-55-8507-01\TCGA-55-8507-01.cellularity_ploidy	C:/CloneHD_benchmarking/DPclust/TCGA/dpclust_batch_luad\TCGA-55-8507-01\TCGA-55-8507-01.battenberg	C:/CloneHD_benchmarking/DPclust/TCGA/dpclust_batch_luad\TCGA-55-8507-01\run_dpclust3p_TCGA-55-8507-01.R	C:/CloneHD_benchmarking/DPclust/TCGA/dpclust_batch_luad\TCGA-55-8507-01\TCGA-55-8507-01_ccf.tsv
TCGA-55-8508-01	C:/CloneHD_benchmarking/DPclust/TCGA/dpclust_batch_luad\TCGA-55-8508-01	C:/CloneHD_benchmarking/DPclust/TCGA/dpclust_batch_luad\TCGA-55-8508-01\TCGA-55-8508-01_loci.txt	C:/CloneHD_benchmarking/DPclust/TCGA/dpclust_batch_luad\TCGA-55-8508-01\TCGA-55-8508-01_alleleFrequencies.txt	C:/CloneHD_benchmarking/DPclust/TCGA/dpclust_batch_luad\TCGA-55-8508-01\TCGA-55-8508-01.cellularity_ploidy	C:/CloneHD_benchmarking/DPclust/TCGA/dpclust_batch_luad\TCGA-55-8508-01\TCGA-55-8508-01.battenberg	C:/CloneHD_benchmarking/DPclust/TCGA/dpclust_batch_luad\TCGA-55-8508-01\run_dpclust3p_TCGA-55-8508-01.R	C:/CloneHD_benchmarking/DPclust/TCGA/dpclust_batch_luad\TCGA-55-8508-01\TCGA-55-8508-01_ccf.tsv
TCGA-55-8510-01	C:/CloneHD_benchmarking/DPclust/TCGA/dpclust_batch_luad\TCGA-55-8510-01	C:/CloneHD_benchmarking/DPclust/TCGA/dpclust_batch_luad\TCGA-55-8510-01\TCGA-55-8510-01_loci.txt	C:/CloneHD_benchmarking/DPclust/TCGA/dpclust_batch_luad\TCGA-55-8510-01\TCGA-55-8510-01_alleleFrequencies.txt	C:/CloneHD_benchmarking/DPclust/TCGA/dpclust_batch_luad\TCGA-55-8510-01\TCGA-55-8510-01.cellularity_ploidy	C:/CloneHD_benchmarking/DPclust/TCGA/dpclust_batch_luad\TCGA-55-8510-01\TCGA-55-8510-01.battenberg	C:/CloneHD_benchmarking/DPclust/TCGA/dpclust_batch_luad\TCGA-55-8510-01\run_dpclust3p_TCGA-55-8510-01.R	C:/CloneHD_benchmarking/DPclust/TCGA/dpclust_batch_luad\TCGA-55-8510-01\TCGA-55-8510-01_ccf.tsv
TCGA-55-8511-01	C:/CloneHD_benchmarking/DPclust/TCGA/dpclust_batch_luad\TCGA-55-8511-01	C:/CloneHD_benchmarking/DPclust/TCGA/dpclust_batch_luad\TCGA-55-8511-01\TCGA-55-8511-01_loci.txt	C:/CloneHD_benchmarking/DPclust/TCGA/dpclust_batch_luad\TCGA-55-8511-01\TCGA-55-8511-01_alleleFrequencies.txt	C:/CloneHD_benchmarking/DPclust/TCGA/dpclust_batch_luad\TCGA-55-8511-01\TCGA-55-8511-01.cellularity_ploidy	C:/CloneHD_benchmarking/DPclust/TCGA/dpclust_batch_luad\TCGA-55-8511-01\TCGA-55-8511-01.battenberg	C:/CloneHD_benchmarking/DPclust/TCGA/dpclust_batch_luad\TCGA-55-8511-01\run_dpclust3p_TCGA-55-8511-01.R	C:/CloneHD_benchmarking/DPclust/TCGA/dpclust_batch_luad\TCGA-55-8511-01\TCGA-55-8511-01_ccf.tsv
TCGA-55-8512-01	C:/CloneHD_benchmarking/DPclust/TCGA/dpclust_batch_luad\TCGA-55-8512-01	C:/CloneHD_benchmarking/DPclust/TCGA/dpclust_batch_luad\TCGA-55-8512-01\TCGA-55-8512-01_loci.txt	C:/CloneHD_benchmarking/DPclust/TCGA/dpclust_batch_luad\TCGA-55-8512-01\TCGA-55-8512-01_alleleFrequencies.txt	C:/CloneHD_benchmarking/DPclust/TCGA/dpclust_batch_luad\TCGA-55-8512-01\TCGA-55-8512-01.cellularity_ploidy	C:/CloneHD_benchmarking/DPclust/TCGA/dpclust_batch_luad\TCGA-55-8512-01\TCGA-55-8512-01.battenberg	C:/CloneHD_benchmarking/DPclust/TCGA/dpclust_batch_luad\TCGA-55-8512-01\run_dpclust3p_TCGA-55-8512-01.R	C:/CloneHD_benchmarking/DPclust/TCGA/dpclust_batch_luad\TCGA-55-8512-01\TCGA-55-8512-01_ccf.tsv
TCGA-55-8513-01	C:/CloneHD_benchmarking/DPclust/TCGA/dpclust_batch_luad\TCGA-55-8513-01	C:/CloneHD_benchmarking/DPclust/TCGA/dpclust_batch_luad\TCGA-55-8513-01\TCGA-55-8513-01_loci.txt	C:/CloneHD_benchmarking/DPclust/TCGA/dpclust_batch_luad\TCGA-55-8513-01\TCGA-55-8513-01_alleleFrequencies.txt	C:/CloneHD_benchmarking/DPclust/TCGA/dpclust_batch_luad\TCGA-55-8513-01\TCGA-55-8513-01.cellularity_ploidy	C:/CloneHD_benchmarking/DPclust/TCGA/dpclust_batch_luad\TCGA-55-8513-01\TCGA-55-8513-01.battenberg	C:/CloneHD_benchmarking/DPclust/TCGA/dpclust_batch_luad\TCGA-55-8513-01\run_dpclust3p_TCGA-55-8513-01.R	C:/CloneHD_benchmarking/DPclust/TCGA/dpclust_batch_luad\TCGA-55-8513-01\TCGA-55-8513-01_ccf.tsv
TCGA-55-8514-01	C:/CloneHD_benchmarking/DPclust/TCGA/dpclust_batch_luad\TCGA-55-8514-01	C:/CloneHD_benchmarking/DPclust/TCGA/dpclust_batch_luad\TCGA-55-8514-01\TCGA-55-8514-01_loci.txt	C:/CloneHD_benchmarking/DPclust/TCGA/dpclust_batch_luad\TCGA-55-8514-01\TCGA-55-8514-01_alleleFrequencies.txt	C:/CloneHD_benchmarking/DPclust/TCGA/dpclust_batch_luad\TCGA-55-8514-01\TCGA-55-8514-01.cellularity_ploidy	C:/CloneHD_benchmarking/DPclust/TCGA/dpclust_batch_luad\TCGA-55-8514-01\TCGA-55-8514-01.battenberg	C:/CloneHD_benchmarking/DPclust/TCGA/dpclust_batch_luad\TCGA-55-8514-01\run_dpclust3p_TCGA-55-8514-01.R	C:/CloneHD_benchmarking/DPclust/TCGA/dpclust_batch_luad\TCGA-55-8514-01\TCGA-55-8514-01_ccf.tsv
TCGA-55-8614-01	C:/CloneHD_benchmarking/DPclust/TCGA/dpclust_batch_luad\TCGA-55-8614-01	C:/CloneHD_benchmarking/DPclust/TCGA/dpclust_batch_luad\TCGA-55-8614-01\TCGA-55-8614-01_loci.txt	C:/CloneHD_benchmarking/DPclust/TCGA/dpclust_batch_luad\TCGA-55-8614-01\TCGA-55-8614-01_alleleFrequencies.txt	C:/CloneHD_benchmarking/DPclust/TCGA/dpclust_batch_luad\TCGA-55-8614-01\TCGA-55-8614-01.cellularity_ploidy	C:/CloneHD_benchmarking/DPclust/TCGA/dpclust_batch_luad\TCGA-55-8614-01\TCGA-55-8614-01.battenberg	C:/CloneHD_benchmarking/DPclust/TCGA/dpclust_batch_luad\TCGA-55-8614-01\run_dpclust3p_TCGA-55-8614-01.R	C:/CloneHD_benchmarking/DPclust/TCGA/dpclust_batch_luad\TCGA-55-8614-01\TCGA-55-8614-01_ccf.tsv
TCGA-55-8615-01	C:/CloneHD_benchmarking/DPclust/TCGA/dpclust_batch_luad\TCGA-55-8615-01	C:/CloneHD_benchmarking/DPclust/TCGA/dpclust_batch_luad\TCGA-55-8615-01\TCGA-55-8615-01_loci.txt	C:/CloneHD_benchmarking/DPclust/TCGA/dpclust_batch_luad\TCGA-55-8615-01\TCGA-55-8615-01_alleleFrequencies.txt	C:/CloneHD_benchmarking/DPclust/TCGA/dpclust_batch_luad\TCGA-55-8615-01\TCGA-55-8615-01.cellularity_ploidy	C:/CloneHD_benchmarking/DPclust/TCGA/dpclust_batch_luad\TCGA-55-8615-01\TCGA-55-8615-01.battenberg	C:/CloneHD_benchmarking/DPclust/TCGA/dpclust_batch_luad\TCGA-55-8615-01\run_dpclust3p_TCGA-55-8615-01.R	C:/CloneHD_benchmarking/DPclust/TCGA/dpclust_batch_luad\TCGA-55-8615-01\TCGA-55-8615-01_ccf.tsv
TCGA-55-8616-01	C:/CloneHD_benchmarking/DPclust/TCGA/dpclust_batch_luad\TCGA-55-8616-01	C:/CloneHD_benchmarking/DPclust/TCGA/dpclust_batch_luad\TCGA-55-8616-01\TCGA-55-8616-01_loci.txt	C:/CloneHD_benchmarking/DPclust/TCGA/dpclust_batch_luad\TCGA-55-8616-01\TCGA-55-8616-01_alleleFrequencies.txt	C:/CloneHD_benchmarking/DPclust/TCGA/dpclust_batch_luad\TCGA-55-8616-01\TCGA-55-8616-01.cellularity_ploidy	C:/CloneHD_benchmarking/DPclust/TCGA/dpclust_batch_luad\TCGA-55-8616-01\TCGA-55-8616-01.battenberg	C:/CloneHD_benchmarking/DPclust/TCGA/dpclust_batch_luad\TCGA-55-8616-01\run_dpclust3p_TCGA-55-8616-01.R	C:/CloneHD_benchmarking/DPclust/TCGA/dpclust_batch_luad\TCGA-55-8616-01\TCGA-55-8616-01_ccf.tsv
TCGA-55-8619-01	C:/CloneHD_benchmarking/DPclust/TCGA/dpclust_batch_luad\TCGA-55-8619-01	C:/CloneHD_benchmarking/DPclust/TCGA/dpclust_batch_luad\TCGA-55-8619-01\TCGA-55-8619-01_loci.txt	C:/CloneHD_benchmarking/DPclust/TCGA/dpclust_batch_luad\TCGA-55-8619-01\TCGA-55-8619-01_alleleFrequencies.txt	C:/CloneHD_benchmarking/DPclust/TCGA/dpclust_batch_luad\TCGA-55-8619-01\TCGA-55-8619-01.cellularity_ploidy	C:/CloneHD_benchmarking/DPclust/TCGA/dpclust_batch_luad\TCGA-55-8619-01\TCGA-55-8619-01.battenberg	C:/CloneHD_benchmarking/DPclust/TCGA/dpclust_batch_luad\TCGA-55-8619-01\run_dpclust3p_TCGA-55-8619-01.R	C:/CloneHD_benchmarking/DPclust/TCGA/dpclust_batch_luad\TCGA-55-8619-01\TCGA-55-8619-01_ccf.tsv
TCGA-55-8620-01	C:/CloneHD_benchmarking/DPclust/TCGA/dpclust_batch_luad\TCGA-55-8620-01	C:/CloneHD_benchmarking/DPclust/TCGA/dpclust_batch_luad\TCGA-55-8620-01\TCGA-55-8620-01_loci.txt	C:/CloneHD_benchmarking/DPclust/TCGA/dpclust_batch_luad\TCGA-55-8620-01\TCGA-55-8620-01_alleleFrequencies.txt	C:/CloneHD_benchmarking/DPclust/TCGA/dpclust_batch_luad\TCGA-55-8620-01\TCGA-55-8620-01.cellularity_ploidy	C:/CloneHD_benchmarking/DPclust/TCGA/dpclust_batch_luad\TCGA-55-8620-01\TCGA-55-8620-01.battenberg	C:/CloneHD_benchmarking/DPclust/TCGA/dpclust_batch_luad\TCGA-55-8620-01\run_dpclust3p_TCGA-55-8620-01.R	C:/CloneHD_benchmarking/DPclust/TCGA/dpclust_batch_luad\TCGA-55-8620-01\TCGA-55-8620-01_ccf.tsv
TCGA-55-8621-01	C:/CloneHD_benchmarking/DPclust/TCGA/dpclust_batch_luad\TCGA-55-8621-01	C:/CloneHD_benchmarking/DPclust/TCGA/dpclust_batch_luad\TCGA-55-8621-01\TCGA-55-8621-01_loci.txt	C:/CloneHD_benchmarking/DPclust/TCGA/dpclust_batch_luad\TCGA-55-8621-01\TCGA-55-8621-01_alleleFrequencies.txt	C:/CloneHD_benchmarking/DPclust/TCGA/dpclust_batch_luad\TCGA-55-8621-01\TCGA-55-8621-01.cellularity_ploidy	C:/CloneHD_benchmarking/DPclust/TCGA/dpclust_batch_luad\TCGA-55-8621-01\TCGA-55-8621-01.battenberg	C:/CloneHD_benchmarking/DPclust/TCGA/dpclust_batch_luad\TCGA-55-8621-01\run_dpclust3p_TCGA-55-8621-01.R	C:/CloneHD_benchmarking/DPclust/TCGA/dpclust_batch_luad\TCGA-55-8621-01\TCGA-55-8621-01_ccf.tsv
TCGA-55-A48X-01	C:/CloneHD_benchmarking/DPclust/TCGA/dpclust_batch_luad\TCGA-55-A48X-01	C:/CloneHD_benchmarking/DPclust/TCGA/dpclust_batch_luad\TCGA-55-A48X-01\TCGA-55-A48X-01_loci.txt	C:/CloneHD_benchmarking/DPclust/TCGA/dpclust_batch_luad\TCGA-55-A48X-01\TCGA-55-A48X-01_alleleFrequencies.txt	C:/CloneHD_benchmarking/DPclust/TCGA/dpclust_batch_luad\TCGA-55-A48X-01\TCGA-55-A48X-01.cellularity_ploidy	C:/CloneHD_benchmarking/DPclust/TCGA/dpclust_batch_luad\TCGA-55-A48X-01\TCGA-55-A48X-01.battenberg	C:/CloneHD_benchmarking/DPclust/TCGA/dpclust_batch_luad\TCGA-55-A48X-01\run_dpclust3p_TCGA-55-A48X-01.R	C:/CloneHD_benchmarking/DPclust/TCGA/dpclust_batch_luad\TCGA-55-A48X-01\TCGA-55-A48X-01_ccf.tsv
TCGA-55-A48Y-01	C:/CloneHD_benchmarking/DPclust/TCGA/dpclust_batch_luad\TCGA-55-A48Y-01	C:/CloneHD_benchmarking/DPclust/TCGA/dpclust_batch_luad\TCGA-55-A48Y-01\TCGA-55-A48Y-01_loci.txt	C:/CloneHD_benchmarking/DPclust/TCGA/dpclust_batch_luad\TCGA-55-A48Y-01\TCGA-55-A48Y-01_alleleFrequencies.txt	C:/CloneHD_benchmarking/DPclust/TCGA/dpclust_batch_luad\TCGA-55-A48Y-01\TCGA-55-A48Y-01.cellularity_ploidy	C:/CloneHD_benchmarking/DPclust/TCGA/dpclust_batch_luad\TCGA-55-A48Y-01\TCGA-55-A48Y-01.battenberg	C:/CloneHD_benchmarking/DPclust/TCGA/dpclust_batch_luad\TCGA-55-A48Y-01\run_dpclust3p_TCGA-55-A48Y-01.R	C:/CloneHD_benchmarking/DPclust/TCGA/dpclust_batch_luad\TCGA-55-A48Y-01\TCGA-55-A48Y-01_ccf.tsv
TCGA-55-A48Z-01	C:/CloneHD_benchmarking/DPclust/TCGA/dpclust_batch_luad\TCGA-55-A48Z-01	C:/CloneHD_benchmarking/DPclust/TCGA/dpclust_batch_luad\TCGA-55-A48Z-01\TCGA-55-A48Z-01_loci.txt	C:/CloneHD_benchmarking/DPclust/TCGA/dpclust_batch_luad\TCGA-55-A48Z-01\TCGA-55-A48Z-01_alleleFrequencies.txt	C:/CloneHD_benchmarking/DPclust/TCGA/dpclust_batch_luad\TCGA-55-A48Z-01\TCGA-55-A48Z-01.cellularity_ploidy	C:/CloneHD_benchmarking/DPclust/TCGA/dpclust_batch_luad\TCGA-55-A48Z-01\TCGA-55-A48Z-01.battenberg	C:/CloneHD_benchmarking/DPclust/TCGA/dpclust_batch_luad\TCGA-55-A48Z-01\run_dpclust3p_TCGA-55-A48Z-01.R	C:/CloneHD_benchmarking/DPclust/TCGA/dpclust_batch_luad\TCGA-55-A48Z-01\TCGA-55-A48Z-01_ccf.tsv
TCGA-55-A490-01	C:/CloneHD_benchmarking/DPclust/TCGA/dpclust_batch_luad\TCGA-55-A490-01	C:/CloneHD_benchmarking/DPclust/TCGA/dpclust_batch_luad\TCGA-55-A490-01\TCGA-55-A490-01_loci.txt	C:/CloneHD_benchmarking/DPclust/TCGA/dpclust_batch_luad\TCGA-55-A490-01\TCGA-55-A490-01_alleleFrequencies.txt	C:/CloneHD_benchmarking/DPclust/TCGA/dpclust_batch_luad\TCGA-55-A490-01\TCGA-55-A490-01.cellularity_ploidy	C:/CloneHD_benchmarking/DPclust/TCGA/dpclust_batch_luad\TCGA-55-A490-01\TCGA-55-A490-01.battenberg	C:/CloneHD_benchmarking/DPclust/TCGA/dpclust_batch_luad\TCGA-55-A490-01\run_dpclust3p_TCGA-55-A490-01.R	C:/CloneHD_benchmarking/DPclust/TCGA/dpclust_batch_luad\TCGA-55-A490-01\TCGA-55-A490-01_ccf.tsv
TCGA-55-A491-01	C:/CloneHD_benchmarking/DPclust/TCGA/dpclust_batch_luad\TCGA-55-A491-01	C:/CloneHD_benchmarking/DPclust/TCGA/dpclust_batch_luad\TCGA-55-A491-01\TCGA-55-A491-01_loci.txt	C:/CloneHD_benchmarking/DPclust/TCGA/dpclust_batch_luad\TCGA-55-A491-01\TCGA-55-A491-01_alleleFrequencies.txt	C:/CloneHD_benchmarking/DPclust/TCGA/dpclust_batch_luad\TCGA-55-A491-01\TCGA-55-A491-01.cellularity_ploidy	C:/CloneHD_benchmarking/DPclust/TCGA/dpclust_batch_luad\TCGA-55-A491-01\TCGA-55-A491-01.battenberg	C:/CloneHD_benchmarking/DPclust/TCGA/dpclust_batch_luad\TCGA-55-A491-01\run_dpclust3p_TCGA-55-A491-01.R	C:/CloneHD_benchmarking/DPclust/TCGA/dpclust_batch_luad\TCGA-55-A491-01\TCGA-55-A491-01_ccf.tsv
TCGA-55-A492-01	C:/CloneHD_benchmarking/DPclust/TCGA/dpclust_batch_luad\TCGA-55-A492-01	C:/CloneHD_benchmarking/DPclust/TCGA/dpclust_batch_luad\TCGA-55-A492-01\TCGA-55-A492-01_loci.txt	C:/CloneHD_benchmarking/DPclust/TCGA/dpclust_batch_luad\TCGA-55-A492-01\TCGA-55-A492-01_alleleFrequencies.txt	C:/CloneHD_benchmarking/DPclust/TCGA/dpclust_batch_luad\TCGA-55-A492-01\TCGA-55-A492-01.cellularity_ploidy	C:/CloneHD_benchmarking/DPclust/TCGA/dpclust_batch_luad\TCGA-55-A492-01\TCGA-55-A492-01.battenberg	C:/CloneHD_benchmarking/DPclust/TCGA/dpclust_batch_luad\TCGA-55-A492-01\run_dpclust3p_TCGA-55-A492-01.R	C:/CloneHD_benchmarking/DPclust/TCGA/dpclust_batch_luad\TCGA-55-A492-01\TCGA-55-A492-01_ccf.tsv
TCGA-55-A493-01	C:/CloneHD_benchmarking/DPclust/TCGA/dpclust_batch_luad\TCGA-55-A493-01	C:/CloneHD_benchmarking/DPclust/TCGA/dpclust_batch_luad\TCGA-55-A493-01\TCGA-55-A493-01_loci.txt	C:/CloneHD_benchmarking/DPclust/TCGA/dpclust_batch_luad\TCGA-55-A493-01\TCGA-55-A493-01_alleleFrequencies.txt	C:/CloneHD_benchmarking/DPclust/TCGA/dpclust_batch_luad\TCGA-55-A493-01\TCGA-55-A493-01.cellularity_ploidy	C:/CloneHD_benchmarking/DPclust/TCGA/dpclust_batch_luad\TCGA-55-A493-01\TCGA-55-A493-01.battenberg	C:/CloneHD_benchmarking/DPclust/TCGA/dpclust_batch_luad\TCGA-55-A493-01\run_dpclust3p_TCGA-55-A493-01.R	C:/CloneHD_benchmarking/DPclust/TCGA/dpclust_batch_luad\TCGA-55-A493-01\TCGA-55-A493-01_ccf.tsv
TCGA-55-A494-01	C:/CloneHD_benchmarking/DPclust/TCGA/dpclust_batch_luad\TCGA-55-A494-01	C:/CloneHD_benchmarking/DPclust/TCGA/dpclust_batch_luad\TCGA-55-A494-01\TCGA-55-A494-01_loci.txt	C:/CloneHD_benchmarking/DPclust/TCGA/dpclust_batch_luad\TCGA-55-A494-01\TCGA-55-A494-01_alleleFrequencies.txt	C:/CloneHD_benchmarking/DPclust/TCGA/dpclust_batch_luad\TCGA-55-A494-01\TCGA-55-A494-01.cellularity_ploidy	C:/CloneHD_benchmarking/DPclust/TCGA/dpclust_batch_luad\TCGA-55-A494-01\TCGA-55-A494-01.battenberg	C:/CloneHD_benchmarking/DPclust/TCGA/dpclust_batch_luad\TCGA-55-A494-01\run_dpclust3p_TCGA-55-A494-01.R	C:/CloneHD_benchmarking/DPclust/TCGA/dpclust_batch_luad\TCGA-55-A494-01\TCGA-55-A494-01_ccf.tsv
TCGA-55-A4DF-01	C:/CloneHD_benchmarking/DPclust/TCGA/dpclust_batch_luad\TCGA-55-A4DF-01	C:/CloneHD_benchmarking/DPclust/TCGA/dpclust_batch_luad\TCGA-55-A4DF-01\TCGA-55-A4DF-01_loci.txt	C:/CloneHD_benchmarking/DPclust/TCGA/dpclust_batch_luad\TCGA-55-A4DF-01\TCGA-55-A4DF-01_alleleFrequencies.txt	C:/CloneHD_benchmarking/DPclust/TCGA/dpclust_batch_luad\TCGA-55-A4DF-01\TCGA-55-A4DF-01.cellularity_ploidy	C:/CloneHD_benchmarking/DPclust/TCGA/dpclust_batch_luad\TCGA-55-A4DF-01\TCGA-55-A4DF-01.battenberg	C:/CloneHD_benchmarking/DPclust/TCGA/dpclust_batch_luad\TCGA-55-A4DF-01\run_dpclust3p_TCGA-55-A4DF-01.R	C:/CloneHD_benchmarking/DPclust/TCGA/dpclust_batch_luad\TCGA-55-A4DF-01\TCGA-55-A4DF-01_ccf.tsv
TCGA-55-A4DG-01	C:/CloneHD_benchmarking/DPclust/TCGA/dpclust_batch_luad\TCGA-55-A4DG-01	C:/CloneHD_benchmarking/DPclust/TCGA/dpclust_batch_luad\TCGA-55-A4DG-01\TCGA-55-A4DG-01_loci.txt	C:/CloneHD_benchmarking/DPclust/TCGA/dpclust_batch_luad\TCGA-55-A4DG-01\TCGA-55-A4DG-01_alleleFrequencies.txt	C:/CloneHD_benchmarking/DPclust/TCGA/dpclust_batch_luad\TCGA-55-A4DG-01\TCGA-55-A4DG-01.cellularity_ploidy	C:/CloneHD_benchmarking/DPclust/TCGA/dpclust_batch_luad\TCGA-55-A4DG-01\TCGA-55-A4DG-01.battenberg	C:/CloneHD_benchmarking/DPclust/TCGA/dpclust_batch_luad\TCGA-55-A4DG-01\run_dpclust3p_TCGA-55-A4DG-01.R	C:/CloneHD_benchmarking/DPclust/TCGA/dpclust_batch_luad\TCGA-55-A4DG-01\TCGA-55-A4DG-01_ccf.tsv
TCGA-55-A57B-01	C:/CloneHD_benchmarking/DPclust/TCGA/dpclust_batch_luad\TCGA-55-A57B-01	C:/CloneHD_benchmarking/DPclust/TCGA/dpclust_batch_luad\TCGA-55-A57B-01\TCGA-55-A57B-01_loci.txt	C:/CloneHD_benchmarking/DPclust/TCGA/dpclust_batch_luad\TCGA-55-A57B-01\TCGA-55-A57B-01_alleleFrequencies.txt	C:/CloneHD_benchmarking/DPclust/TCGA/dpclust_batch_luad\TCGA-55-A57B-01\TCGA-55-A57B-01.cellularity_ploidy	C:/CloneHD_benchmarking/DPclust/TCGA/dpclust_batch_luad\TCGA-55-A57B-01\TCGA-55-A57B-01.battenberg	C:/CloneHD_benchmarking/DPclust/TCGA/dpclust_batch_luad\TCGA-55-A57B-01\run_dpclust3p_TCGA-55-A57B-01.R	C:/CloneHD_benchmarking/DPclust/TCGA/dpclust_batch_luad\TCGA-55-A57B-01\TCGA-55-A57B-01_ccf.tsv
TCGA-62-8394-01	C:/CloneHD_benchmarking/DPclust/TCGA/dpclust_batch_luad\TCGA-62-8394-01	C:/CloneHD_benchmarking/DPclust/TCGA/dpclust_batch_luad\TCGA-62-8394-01\TCGA-62-8394-01_loci.txt	C:/CloneHD_benchmarking/DPclust/TCGA/dpclust_batch_luad\TCGA-62-8394-01\TCGA-62-8394-01_alleleFrequencies.txt	C:/CloneHD_benchmarking/DPclust/TCGA/dpclust_batch_luad\TCGA-62-8394-01\TCGA-62-8394-01.cellularity_ploidy	C:/CloneHD_benchmarking/DPclust/TCGA/dpclust_batch_luad\TCGA-62-8394-01\TCGA-62-8394-01.battenberg	C:/CloneHD_benchmarking/DPclust/TCGA/dpclust_batch_luad\TCGA-62-8394-01\run_dpclust3p_TCGA-62-8394-01.R	C:/CloneHD_benchmarking/DPclust/TCGA/dpclust_batch_luad\TCGA-62-8394-01\TCGA-62-8394-01_ccf.tsv
TCGA-62-8395-01	C:/CloneHD_benchmarking/DPclust/TCGA/dpclust_batch_luad\TCGA-62-8395-01	C:/CloneHD_benchmarking/DPclust/TCGA/dpclust_batch_luad\TCGA-62-8395-01\TCGA-62-8395-01_loci.txt	C:/CloneHD_benchmarking/DPclust/TCGA/dpclust_batch_luad\TCGA-62-8395-01\TCGA-62-8395-01_alleleFrequencies.txt	C:/CloneHD_benchmarking/DPclust/TCGA/dpclust_batch_luad\TCGA-62-8395-01\TCGA-62-8395-01.cellularity_ploidy	C:/CloneHD_benchmarking/DPclust/TCGA/dpclust_batch_luad\TCGA-62-8395-01\TCGA-62-8395-01.battenberg	C:/CloneHD_benchmarking/DPclust/TCGA/dpclust_batch_luad\TCGA-62-8395-01\run_dpclust3p_TCGA-62-8395-01.R	C:/CloneHD_benchmarking/DPclust/TCGA/dpclust_batch_luad\TCGA-62-8395-01\TCGA-62-8395-01_ccf.tsv
TCGA-62-8397-01	C:/CloneHD_benchmarking/DPclust/TCGA/dpclust_batch_luad\TCGA-62-8397-01	C:/CloneHD_benchmarking/DPclust/TCGA/dpclust_batch_luad\TCGA-62-8397-01\TCGA-62-8397-01_loci.txt	C:/CloneHD_benchmarking/DPclust/TCGA/dpclust_batch_luad\TCGA-62-8397-01\TCGA-62-8397-01_alleleFrequencies.txt	C:/CloneHD_benchmarking/DPclust/TCGA/dpclust_batch_luad\TCGA-62-8397-01\TCGA-62-8397-01.cellularity_ploidy	C:/CloneHD_benchmarking/DPclust/TCGA/dpclust_batch_luad\TCGA-62-8397-01\TCGA-62-8397-01.battenberg	C:/CloneHD_benchmarking/DPclust/TCGA/dpclust_batch_luad\TCGA-62-8397-01\run_dpclust3p_TCGA-62-8397-01.R	C:/CloneHD_benchmarking/DPclust/TCGA/dpclust_batch_luad\TCGA-62-8397-01\TCGA-62-8397-01_ccf.tsv
TCGA-62-8398-01	C:/CloneHD_benchmarking/DPclust/TCGA/dpclust_batch_luad\TCGA-62-8398-01	C:/CloneHD_benchmarking/DPclust/TCGA/dpclust_batch_luad\TCGA-62-8398-01\TCGA-62-8398-01_loci.txt	C:/CloneHD_benchmarking/DPclust/TCGA/dpclust_batch_luad\TCGA-62-8398-01\TCGA-62-8398-01_alleleFrequencies.txt	C:/CloneHD_benchmarking/DPclust/TCGA/dpclust_batch_luad\TCGA-62-8398-01\TCGA-62-8398-01.cellularity_ploidy	C:/CloneHD_benchmarking/DPclust/TCGA/dpclust_batch_luad\TCGA-62-8398-01\TCGA-62-8398-01.battenberg	C:/CloneHD_benchmarking/DPclust/TCGA/dpclust_batch_luad\TCGA-62-8398-01\run_dpclust3p_TCGA-62-8398-01.R	C:/CloneHD_benchmarking/DPclust/TCGA/dpclust_batch_luad\TCGA-62-8398-01\TCGA-62-8398-01_ccf.tsv
TCGA-62-8399-01	C:/CloneHD_benchmarking/DPclust/TCGA/dpclust_batch_luad\TCGA-62-8399-01	C:/CloneHD_benchmarking/DPclust/TCGA/dpclust_batch_luad\TCGA-62-8399-01\TCGA-62-8399-01_loci.txt	C:/CloneHD_benchmarking/DPclust/TCGA/dpclust_batch_luad\TCGA-62-8399-01\TCGA-62-8399-01_alleleFrequencies.txt	C:/CloneHD_benchmarking/DPclust/TCGA/dpclust_batch_luad\TCGA-62-8399-01\TCGA-62-8399-01.cellularity_ploidy	C:/CloneHD_benchmarking/DPclust/TCGA/dpclust_batch_luad\TCGA-62-8399-01\TCGA-62-8399-01.battenberg	C:/CloneHD_benchmarking/DPclust/TCGA/dpclust_batch_luad\TCGA-62-8399-01\run_dpclust3p_TCGA-62-8399-01.R	C:/CloneHD_benchmarking/DPclust/TCGA/dpclust_batch_luad\TCGA-62-8399-01\TCGA-62-8399-01_ccf.tsv
TCGA-62-8402-01	C:/CloneHD_benchmarking/DPclust/TCGA/dpclust_batch_luad\TCGA-62-8402-01	C:/CloneHD_benchmarking/DPclust/TCGA/dpclust_batch_luad\TCGA-62-8402-01\TCGA-62-8402-01_loci.txt	C:/CloneHD_benchmarking/DPclust/TCGA/dpclust_batch_luad\TCGA-62-8402-01\TCGA-62-8402-01_alleleFrequencies.txt	C:/CloneHD_benchmarking/DPclust/TCGA/dpclust_batch_luad\TCGA-62-8402-01\TCGA-62-8402-01.cellularity_ploidy	C:/CloneHD_benchmarking/DPclust/TCGA/dpclust_batch_luad\TCGA-62-8402-01\TCGA-62-8402-01.battenberg	C:/CloneHD_benchmarking/DPclust/TCGA/dpclust_batch_luad\TCGA-62-8402-01\run_dpclust3p_TCGA-62-8402-01.R	C:/CloneHD_benchmarking/DPclust/TCGA/dpclust_batch_luad\TCGA-62-8402-01\TCGA-62-8402-01_ccf.tsv
TCGA-62-A46O-01	C:/CloneHD_benchmarking/DPclust/TCGA/dpclust_batch_luad\TCGA-62-A46O-01	C:/CloneHD_benchmarking/DPclust/TCGA/dpclust_batch_luad\TCGA-62-A46O-01\TCGA-62-A46O-01_loci.txt	C:/CloneHD_benchmarking/DPclust/TCGA/dpclust_batch_luad\TCGA-62-A46O-01\TCGA-62-A46O-01_alleleFrequencies.txt	C:/CloneHD_benchmarking/DPclust/TCGA/dpclust_batch_luad\TCGA-62-A46O-01\TCGA-62-A46O-01.cellularity_ploidy	C:/CloneHD_benchmarking/DPclust/TCGA/dpclust_batch_luad\TCGA-62-A46O-01\TCGA-62-A46O-01.battenberg	C:/CloneHD_benchmarking/DPclust/TCGA/dpclust_batch_luad\TCGA-62-A46O-01\run_dpclust3p_TCGA-62-A46O-01.R	C:/CloneHD_benchmarking/DPclust/TCGA/dpclust_batch_luad\TCGA-62-A46O-01\TCGA-62-A46O-01_ccf.tsv
TCGA-62-A46P-01	C:/CloneHD_benchmarking/DPclust/TCGA/dpclust_batch_luad\TCGA-62-A46P-01	C:/CloneHD_benchmarking/DPclust/TCGA/dpclust_batch_luad\TCGA-62-A46P-01\TCGA-62-A46P-01_loci.txt	C:/CloneHD_benchmarking/DPclust/TCGA/dpclust_batch_luad\TCGA-62-A46P-01\TCGA-62-A46P-01_alleleFrequencies.txt	C:/CloneHD_benchmarking/DPclust/TCGA/dpclust_batch_luad\TCGA-62-A46P-01\TCGA-62-A46P-01.cellularity_ploidy	C:/CloneHD_benchmarking/DPclust/TCGA/dpclust_batch_luad\TCGA-62-A46P-01\TCGA-62-A46P-01.battenberg	C:/CloneHD_benchmarking/DPclust/TCGA/dpclust_batch_luad\TCGA-62-A46P-01\run_dpclust3p_TCGA-62-A46P-01.R	C:/CloneHD_benchmarking/DPclust/TCGA/dpclust_batch_luad\TCGA-62-A46P-01\TCGA-62-A46P-01_ccf.tsv
TCGA-62-A46R-01	C:/CloneHD_benchmarking/DPclust/TCGA/dpclust_batch_luad\TCGA-62-A46R-01	C:/CloneHD_benchmarking/DPclust/TCGA/dpclust_batch_luad\TCGA-62-A46R-01\TCGA-62-A46R-01_loci.txt	C:/CloneHD_benchmarking/DPclust/TCGA/dpclust_batch_luad\TCGA-62-A46R-01\TCGA-62-A46R-01_alleleFrequencies.txt	C:/CloneHD_benchmarking/DPclust/TCGA/dpclust_batch_luad\TCGA-62-A46R-01\TCGA-62-A46R-01.cellularity_ploidy	C:/CloneHD_benchmarking/DPclust/TCGA/dpclust_batch_luad\TCGA-62-A46R-01\TCGA-62-A46R-01.battenberg	C:/CloneHD_benchmarking/DPclust/TCGA/dpclust_batch_luad\TCGA-62-A46R-01\run_dpclust3p_TCGA-62-A46R-01.R	C:/CloneHD_benchmarking/DPclust/TCGA/dpclust_batch_luad\TCGA-62-A46R-01\TCGA-62-A46R-01_ccf.tsv
TCGA-62-A46S-01	C:/CloneHD_benchmarking/DPclust/TCGA/dpclust_batch_luad\TCGA-62-A46S-01	C:/CloneHD_benchmarking/DPclust/TCGA/dpclust_batch_luad\TCGA-62-A46S-01\TCGA-62-A46S-01_loci.txt	C:/CloneHD_benchmarking/DPclust/TCGA/dpclust_batch_luad\TCGA-62-A46S-01\TCGA-62-A46S-01_alleleFrequencies.txt	C:/CloneHD_benchmarking/DPclust/TCGA/dpclust_batch_luad\TCGA-62-A46S-01\TCGA-62-A46S-01.cellularity_ploidy	C:/CloneHD_benchmarking/DPclust/TCGA/dpclust_batch_luad\TCGA-62-A46S-01\TCGA-62-A46S-01.battenberg	C:/CloneHD_benchmarking/DPclust/TCGA/dpclust_batch_luad\TCGA-62-A46S-01\run_dpclust3p_TCGA-62-A46S-01.R	C:/CloneHD_benchmarking/DPclust/TCGA/dpclust_batch_luad\TCGA-62-A46S-01\TCGA-62-A46S-01_ccf.tsv
TCGA-62-A46U-01	C:/CloneHD_benchmarking/DPclust/TCGA/dpclust_batch_luad\TCGA-62-A46U-01	C:/CloneHD_benchmarking/DPclust/TCGA/dpclust_batch_luad\TCGA-62-A46U-01\TCGA-62-A46U-01_loci.txt	C:/CloneHD_benchmarking/DPclust/TCGA/dpclust_batch_luad\TCGA-62-A46U-01\TCGA-62-A46U-01_alleleFrequencies.txt	C:/CloneHD_benchmarking/DPclust/TCGA/dpclust_batch_luad\TCGA-62-A46U-01\TCGA-62-A46U-01.cellularity_ploidy	C:/CloneHD_benchmarking/DPclust/TCGA/dpclust_batch_luad\TCGA-62-A46U-01\TCGA-62-A46U-01.battenberg	C:/CloneHD_benchmarking/DPclust/TCGA/dpclust_batch_luad\TCGA-62-A46U-01\run_dpclust3p_TCGA-62-A46U-01.R	C:/CloneHD_benchmarking/DPclust/TCGA/dpclust_batch_luad\TCGA-62-A46U-01\TCGA-62-A46U-01_ccf.tsv
TCGA-62-A46V-01	C:/CloneHD_benchmarking/DPclust/TCGA/dpclust_batch_luad\TCGA-62-A46V-01	C:/CloneHD_benchmarking/DPclust/TCGA/dpclust_batch_luad\TCGA-62-A46V-01\TCGA-62-A46V-01_loci.txt	C:/CloneHD_benchmarking/DPclust/TCGA/dpclust_batch_luad\TCGA-62-A46V-01\TCGA-62-A46V-01_alleleFrequencies.txt	C:/CloneHD_benchmarking/DPclust/TCGA/dpclust_batch_luad\TCGA-62-A46V-01\TCGA-62-A46V-01.cellularity_ploidy	C:/CloneHD_benchmarking/DPclust/TCGA/dpclust_batch_luad\TCGA-62-A46V-01\TCGA-62-A46V-01.battenberg	C:/CloneHD_benchmarking/DPclust/TCGA/dpclust_batch_luad\TCGA-62-A46V-01\run_dpclust3p_TCGA-62-A46V-01.R	C:/CloneHD_benchmarking/DPclust/TCGA/dpclust_batch_luad\TCGA-62-A46V-01\TCGA-62-A46V-01_ccf.tsv
TCGA-62-A46Y-01	C:/CloneHD_benchmarking/DPclust/TCGA/dpclust_batch_luad\TCGA-62-A46Y-01	C:/CloneHD_benchmarking/DPclust/TCGA/dpclust_batch_luad\TCGA-62-A46Y-01\TCGA-62-A46Y-01_loci.txt	C:/CloneHD_benchmarking/DPclust/TCGA/dpclust_batch_luad\TCGA-62-A46Y-01\TCGA-62-A46Y-01_alleleFrequencies.txt	C:/CloneHD_benchmarking/DPclust/TCGA/dpclust_batch_luad\TCGA-62-A46Y-01\TCGA-62-A46Y-01.cellularity_ploidy	C:/CloneHD_benchmarking/DPclust/TCGA/dpclust_batch_luad\TCGA-62-A46Y-01\TCGA-62-A46Y-01.battenberg	C:/CloneHD_benchmarking/DPclust/TCGA/dpclust_batch_luad\TCGA-62-A46Y-01\run_dpclust3p_TCGA-62-A46Y-01.R	C:/CloneHD_benchmarking/DPclust/TCGA/dpclust_batch_luad\TCGA-62-A46Y-01\TCGA-62-A46Y-01_ccf.tsv
TCGA-62-A470-01	C:/CloneHD_benchmarking/DPclust/TCGA/dpclust_batch_luad\TCGA-62-A470-01	C:/CloneHD_benchmarking/DPclust/TCGA/dpclust_batch_luad\TCGA-62-A470-01\TCGA-62-A470-01_loci.txt	C:/CloneHD_benchmarking/DPclust/TCGA/dpclust_batch_luad\TCGA-62-A470-01\TCGA-62-A470-01_alleleFrequencies.txt	C:/CloneHD_benchmarking/DPclust/TCGA/dpclust_batch_luad\TCGA-62-A470-01\TCGA-62-A470-01.cellularity_ploidy	C:/CloneHD_benchmarking/DPclust/TCGA/dpclust_batch_luad\TCGA-62-A470-01\TCGA-62-A470-01.battenberg	C:/CloneHD_benchmarking/DPclust/TCGA/dpclust_batch_luad\TCGA-62-A470-01\run_dpclust3p_TCGA-62-A470-01.R	C:/CloneHD_benchmarking/DPclust/TCGA/dpclust_batch_luad\TCGA-62-A470-01\TCGA-62-A470-01_ccf.tsv
TCGA-62-A471-01	C:/CloneHD_benchmarking/DPclust/TCGA/dpclust_batch_luad\TCGA-62-A471-01	C:/CloneHD_benchmarking/DPclust/TCGA/dpclust_batch_luad\TCGA-62-A471-01\TCGA-62-A471-01_loci.txt	C:/CloneHD_benchmarking/DPclust/TCGA/dpclust_batch_luad\TCGA-62-A471-01\TCGA-62-A471-01_alleleFrequencies.txt	C:/CloneHD_benchmarking/DPclust/TCGA/dpclust_batch_luad\TCGA-62-A471-01\TCGA-62-A471-01.cellularity_ploidy	C:/CloneHD_benchmarking/DPclust/TCGA/dpclust_batch_luad\TCGA-62-A471-01\TCGA-62-A471-01.battenberg	C:/CloneHD_benchmarking/DPclust/TCGA/dpclust_batch_luad\TCGA-62-A471-01\run_dpclust3p_TCGA-62-A471-01.R	C:/CloneHD_benchmarking/DPclust/TCGA/dpclust_batch_luad\TCGA-62-A471-01\TCGA-62-A471-01_ccf.tsv
TCGA-62-A472-01	C:/CloneHD_benchmarking/DPclust/TCGA/dpclust_batch_luad\TCGA-62-A472-01	C:/CloneHD_benchmarking/DPclust/TCGA/dpclust_batch_luad\TCGA-62-A472-01\TCGA-62-A472-01_loci.txt	C:/CloneHD_benchmarking/DPclust/TCGA/dpclust_batch_luad\TCGA-62-A472-01\TCGA-62-A472-01_alleleFrequencies.txt	C:/CloneHD_benchmarking/DPclust/TCGA/dpclust_batch_luad\TCGA-62-A472-01\TCGA-62-A472-01.cellularity_ploidy	C:/CloneHD_benchmarking/DPclust/TCGA/dpclust_batch_luad\TCGA-62-A472-01\TCGA-62-A472-01.battenberg	C:/CloneHD_benchmarking/DPclust/TCGA/dpclust_batch_luad\TCGA-62-A472-01\run_dpclust3p_TCGA-62-A472-01.R	C:/CloneHD_benchmarking/DPclust/TCGA/dpclust_batch_luad\TCGA-62-A472-01\TCGA-62-A472-01_ccf.tsv
TCGA-64-1676-01	C:/CloneHD_benchmarking/DPclust/TCGA/dpclust_batch_luad\TCGA-64-1676-01	C:/CloneHD_benchmarking/DPclust/TCGA/dpclust_batch_luad\TCGA-64-1676-01\TCGA-64-1676-01_loci.txt	C:/CloneHD_benchmarking/DPclust/TCGA/dpclust_batch_luad\TCGA-64-1676-01\TCGA-64-1676-01_alleleFrequencies.txt	C:/CloneHD_benchmarking/DPclust/TCGA/dpclust_batch_luad\TCGA-64-1676-01\TCGA-64-1676-01.cellularity_ploidy	C:/CloneHD_benchmarking/DPclust/TCGA/dpclust_batch_luad\TCGA-64-1676-01\TCGA-64-1676-01.battenberg	C:/CloneHD_benchmarking/DPclust/TCGA/dpclust_batch_luad\TCGA-64-1676-01\run_dpclust3p_TCGA-64-1676-01.R	C:/CloneHD_benchmarking/DPclust/TCGA/dpclust_batch_luad\TCGA-64-1676-01\TCGA-64-1676-01_ccf.tsv
TCGA-64-1679-01	C:/CloneHD_benchmarking/DPclust/TCGA/dpclust_batch_luad\TCGA-64-1679-01	C:/CloneHD_benchmarking/DPclust/TCGA/dpclust_batch_luad\TCGA-64-1679-01\TCGA-64-1679-01_loci.txt	C:/CloneHD_benchmarking/DPclust/TCGA/dpclust_batch_luad\TCGA-64-1679-01\TCGA-64-1679-01_alleleFrequencies.txt	C:/CloneHD_benchmarking/DPclust/TCGA/dpclust_batch_luad\TCGA-64-1679-01\TCGA-64-1679-01.cellularity_ploidy	C:/CloneHD_benchmarking/DPclust/TCGA/dpclust_batch_luad\TCGA-64-1679-01\TCGA-64-1679-01.battenberg	C:/CloneHD_benchmarking/DPclust/TCGA/dpclust_batch_luad\TCGA-64-1679-01\run_dpclust3p_TCGA-64-1679-01.R	C:/CloneHD_benchmarking/DPclust/TCGA/dpclust_batch_luad\TCGA-64-1679-01\TCGA-64-1679-01_ccf.tsv
TCGA-64-1680-01	C:/CloneHD_benchmarking/DPclust/TCGA/dpclust_batch_luad\TCGA-64-1680-01	C:/CloneHD_benchmarking/DPclust/TCGA/dpclust_batch_luad\TCGA-64-1680-01\TCGA-64-1680-01_loci.txt	C:/CloneHD_benchmarking/DPclust/TCGA/dpclust_batch_luad\TCGA-64-1680-01\TCGA-64-1680-01_alleleFrequencies.txt	C:/CloneHD_benchmarking/DPclust/TCGA/dpclust_batch_luad\TCGA-64-1680-01\TCGA-64-1680-01.cellularity_ploidy	C:/CloneHD_benchmarking/DPclust/TCGA/dpclust_batch_luad\TCGA-64-1680-01\TCGA-64-1680-01.battenberg	C:/CloneHD_benchmarking/DPclust/TCGA/dpclust_batch_luad\TCGA-64-1680-01\run_dpclust3p_TCGA-64-1680-01.R	C:/CloneHD_benchmarking/DPclust/TCGA/dpclust_batch_luad\TCGA-64-1680-01\TCGA-64-1680-01_ccf.tsv
TCGA-64-1681-01	C:/CloneHD_benchmarking/DPclust/TCGA/dpclust_batch_luad\TCGA-64-1681-01	C:/CloneHD_benchmarking/DPclust/TCGA/dpclust_batch_luad\TCGA-64-1681-01\TCGA-64-1681-01_loci.txt	C:/CloneHD_benchmarking/DPclust/TCGA/dpclust_batch_luad\TCGA-64-1681-01\TCGA-64-1681-01_alleleFrequencies.txt	C:/CloneHD_benchmarking/DPclust/TCGA/dpclust_batch_luad\TCGA-64-1681-01\TCGA-64-1681-01.cellularity_ploidy	C:/CloneHD_benchmarking/DPclust/TCGA/dpclust_batch_luad\TCGA-64-1681-01\TCGA-64-1681-01.battenberg	C:/CloneHD_benchmarking/DPclust/TCGA/dpclust_batch_luad\TCGA-64-1681-01\run_dpclust3p_TCGA-64-1681-01.R	C:/CloneHD_benchmarking/DPclust/TCGA/dpclust_batch_luad\TCGA-64-1681-01\TCGA-64-1681-01_ccf.tsv
TCGA-64-5774-01	C:/CloneHD_benchmarking/DPclust/TCGA/dpclust_batch_luad\TCGA-64-5774-01	C:/CloneHD_benchmarking/DPclust/TCGA/dpclust_batch_luad\TCGA-64-5774-01\TCGA-64-5774-01_loci.txt	C:/CloneHD_benchmarking/DPclust/TCGA/dpclust_batch_luad\TCGA-64-5774-01\TCGA-64-5774-01_alleleFrequencies.txt	C:/CloneHD_benchmarking/DPclust/TCGA/dpclust_batch_luad\TCGA-64-5774-01\TCGA-64-5774-01.cellularity_ploidy	C:/CloneHD_benchmarking/DPclust/TCGA/dpclust_batch_luad\TCGA-64-5774-01\TCGA-64-5774-01.battenberg	C:/CloneHD_benchmarking/DPclust/TCGA/dpclust_batch_luad\TCGA-64-5774-01\run_dpclust3p_TCGA-64-5774-01.R	C:/CloneHD_benchmarking/DPclust/TCGA/dpclust_batch_luad\TCGA-64-5774-01\TCGA-64-5774-01_ccf.tsv
TCGA-64-5775-01	C:/CloneHD_benchmarking/DPclust/TCGA/dpclust_batch_luad\TCGA-64-5775-01	C:/CloneHD_benchmarking/DPclust/TCGA/dpclust_batch_luad\TCGA-64-5775-01\TCGA-64-5775-01_loci.txt	C:/CloneHD_benchmarking/DPclust/TCGA/dpclust_batch_luad\TCGA-64-5775-01\TCGA-64-5775-01_alleleFrequencies.txt	C:/CloneHD_benchmarking/DPclust/TCGA/dpclust_batch_luad\TCGA-64-5775-01\TCGA-64-5775-01.cellularity_ploidy	C:/CloneHD_benchmarking/DPclust/TCGA/dpclust_batch_luad\TCGA-64-5775-01\TCGA-64-5775-01.battenberg	C:/CloneHD_benchmarking/DPclust/TCGA/dpclust_batch_luad\TCGA-64-5775-01\run_dpclust3p_TCGA-64-5775-01.R	C:/CloneHD_benchmarking/DPclust/TCGA/dpclust_batch_luad\TCGA-64-5775-01\TCGA-64-5775-01_ccf.tsv
TCGA-64-5778-01	C:/CloneHD_benchmarking/DPclust/TCGA/dpclust_batch_luad\TCGA-64-5778-01	C:/CloneHD_benchmarking/DPclust/TCGA/dpclust_batch_luad\TCGA-64-5778-01\TCGA-64-5778-01_loci.txt	C:/CloneHD_benchmarking/DPclust/TCGA/dpclust_batch_luad\TCGA-64-5778-01\TCGA-64-5778-01_alleleFrequencies.txt	C:/CloneHD_benchmarking/DPclust/TCGA/dpclust_batch_luad\TCGA-64-5778-01\TCGA-64-5778-01.cellularity_ploidy	C:/CloneHD_benchmarking/DPclust/TCGA/dpclust_batch_luad\TCGA-64-5778-01\TCGA-64-5778-01.battenberg	C:/CloneHD_benchmarking/DPclust/TCGA/dpclust_batch_luad\TCGA-64-5778-01\run_dpclust3p_TCGA-64-5778-01.R	C:/CloneHD_benchmarking/DPclust/TCGA/dpclust_batch_luad\TCGA-64-5778-01\TCGA-64-5778-01_ccf.tsv
TCGA-64-5779-01	C:/CloneHD_benchmarking/DPclust/TCGA/dpclust_batch_luad\TCGA-64-5779-01	C:/CloneHD_benchmarking/DPclust/TCGA/dpclust_batch_luad\TCGA-64-5779-01\TCGA-64-5779-01_loci.txt	C:/CloneHD_benchmarking/DPclust/TCGA/dpclust_batch_luad\TCGA-64-5779-01\TCGA-64-5779-01_alleleFrequencies.txt	C:/CloneHD_benchmarking/DPclust/TCGA/dpclust_batch_luad\TCGA-64-5779-01\TCGA-64-5779-01.cellularity_ploidy	C:/CloneHD_benchmarking/DPclust/TCGA/dpclust_batch_luad\TCGA-64-5779-01\TCGA-64-5779-01.battenberg	C:/CloneHD_benchmarking/DPclust/TCGA/dpclust_batch_luad\TCGA-64-5779-01\run_dpclust3p_TCGA-64-5779-01.R	C:/CloneHD_benchmarking/DPclust/TCGA/dpclust_batch_luad\TCGA-64-5779-01\TCGA-64-5779-01_ccf.tsv
TCGA-64-5781-01	C:/CloneHD_benchmarking/DPclust/TCGA/dpclust_batch_luad\TCGA-64-5781-01	C:/CloneHD_benchmarking/DPclust/TCGA/dpclust_batch_luad\TCGA-64-5781-01\TCGA-64-5781-01_loci.txt	C:/CloneHD_benchmarking/DPclust/TCGA/dpclust_batch_luad\TCGA-64-5781-01\TCGA-64-5781-01_alleleFrequencies.txt	C:/CloneHD_benchmarking/DPclust/TCGA/dpclust_batch_luad\TCGA-64-5781-01\TCGA-64-5781-01.cellularity_ploidy	C:/CloneHD_benchmarking/DPclust/TCGA/dpclust_batch_luad\TCGA-64-5781-01\TCGA-64-5781-01.battenberg	C:/CloneHD_benchmarking/DPclust/TCGA/dpclust_batch_luad\TCGA-64-5781-01\run_dpclust3p_TCGA-64-5781-01.R	C:/CloneHD_benchmarking/DPclust/TCGA/dpclust_batch_luad\TCGA-64-5781-01\TCGA-64-5781-01_ccf.tsv
TCGA-64-5815-01	C:/CloneHD_benchmarking/DPclust/TCGA/dpclust_batch_luad\TCGA-64-5815-01	C:/CloneHD_benchmarking/DPclust/TCGA/dpclust_batch_luad\TCGA-64-5815-01\TCGA-64-5815-01_loci.txt	C:/CloneHD_benchmarking/DPclust/TCGA/dpclust_batch_luad\TCGA-64-5815-01\TCGA-64-5815-01_alleleFrequencies.txt	C:/CloneHD_benchmarking/DPclust/TCGA/dpclust_batch_luad\TCGA-64-5815-01\TCGA-64-5815-01.cellularity_ploidy	C:/CloneHD_benchmarking/DPclust/TCGA/dpclust_batch_luad\TCGA-64-5815-01\TCGA-64-5815-01.battenberg	C:/CloneHD_benchmarking/DPclust/TCGA/dpclust_batch_luad\TCGA-64-5815-01\run_dpclust3p_TCGA-64-5815-01.R	C:/CloneHD_benchmarking/DPclust/TCGA/dpclust_batch_luad\TCGA-64-5815-01\TCGA-64-5815-01_ccf.tsv
TCGA-67-3770-01	C:/CloneHD_benchmarking/DPclust/TCGA/dpclust_batch_luad\TCGA-67-3770-01	C:/CloneHD_benchmarking/DPclust/TCGA/dpclust_batch_luad\TCGA-67-3770-01\TCGA-67-3770-01_loci.txt	C:/CloneHD_benchmarking/DPclust/TCGA/dpclust_batch_luad\TCGA-67-3770-01\TCGA-67-3770-01_alleleFrequencies.txt	C:/CloneHD_benchmarking/DPclust/TCGA/dpclust_batch_luad\TCGA-67-3770-01\TCGA-67-3770-01.cellularity_ploidy	C:/CloneHD_benchmarking/DPclust/TCGA/dpclust_batch_luad\TCGA-67-3770-01\TCGA-67-3770-01.battenberg	C:/CloneHD_benchmarking/DPclust/TCGA/dpclust_batch_luad\TCGA-67-3770-01\run_dpclust3p_TCGA-67-3770-01.R	C:/CloneHD_benchmarking/DPclust/TCGA/dpclust_batch_luad\TCGA-67-3770-01\TCGA-67-3770-01_ccf.tsv
TCGA-67-3771-01	C:/CloneHD_benchmarking/DPclust/TCGA/dpclust_batch_luad\TCGA-67-3771-01	C:/CloneHD_benchmarking/DPclust/TCGA/dpclust_batch_luad\TCGA-67-3771-01\TCGA-67-3771-01_loci.txt	C:/CloneHD_benchmarking/DPclust/TCGA/dpclust_batch_luad\TCGA-67-3771-01\TCGA-67-3771-01_alleleFrequencies.txt	C:/CloneHD_benchmarking/DPclust/TCGA/dpclust_batch_luad\TCGA-67-3771-01\TCGA-67-3771-01.cellularity_ploidy	C:/CloneHD_benchmarking/DPclust/TCGA/dpclust_batch_luad\TCGA-67-3771-01\TCGA-67-3771-01.battenberg	C:/CloneHD_benchmarking/DPclust/TCGA/dpclust_batch_luad\TCGA-67-3771-01\run_dpclust3p_TCGA-67-3771-01.R	C:/CloneHD_benchmarking/DPclust/TCGA/dpclust_batch_luad\TCGA-67-3771-01\TCGA-67-3771-01_ccf.tsv
TCGA-67-3773-01	C:/CloneHD_benchmarking/DPclust/TCGA/dpclust_batch_luad\TCGA-67-3773-01	C:/CloneHD_benchmarking/DPclust/TCGA/dpclust_batch_luad\TCGA-67-3773-01\TCGA-67-3773-01_loci.txt	C:/CloneHD_benchmarking/DPclust/TCGA/dpclust_batch_luad\TCGA-67-3773-01\TCGA-67-3773-01_alleleFrequencies.txt	C:/CloneHD_benchmarking/DPclust/TCGA/dpclust_batch_luad\TCGA-67-3773-01\TCGA-67-3773-01.cellularity_ploidy	C:/CloneHD_benchmarking/DPclust/TCGA/dpclust_batch_luad\TCGA-67-3773-01\TCGA-67-3773-01.battenberg	C:/CloneHD_benchmarking/DPclust/TCGA/dpclust_batch_luad\TCGA-67-3773-01\run_dpclust3p_TCGA-67-3773-01.R	C:/CloneHD_benchmarking/DPclust/TCGA/dpclust_batch_luad\TCGA-67-3773-01\TCGA-67-3773-01_ccf.tsv
TCGA-67-3774-01	C:/CloneHD_benchmarking/DPclust/TCGA/dpclust_batch_luad\TCGA-67-3774-01	C:/CloneHD_benchmarking/DPclust/TCGA/dpclust_batch_luad\TCGA-67-3774-01\TCGA-67-3774-01_loci.txt	C:/CloneHD_benchmarking/DPclust/TCGA/dpclust_batch_luad\TCGA-67-3774-01\TCGA-67-3774-01_alleleFrequencies.txt	C:/CloneHD_benchmarking/DPclust/TCGA/dpclust_batch_luad\TCGA-67-3774-01\TCGA-67-3774-01.cellularity_ploidy	C:/CloneHD_benchmarking/DPclust/TCGA/dpclust_batch_luad\TCGA-67-3774-01\TCGA-67-3774-01.battenberg	C:/CloneHD_benchmarking/DPclust/TCGA/dpclust_batch_luad\TCGA-67-3774-01\run_dpclust3p_TCGA-67-3774-01.R	C:/CloneHD_benchmarking/DPclust/TCGA/dpclust_batch_luad\TCGA-67-3774-01\TCGA-67-3774-01_ccf.tsv
TCGA-67-4679-01	C:/CloneHD_benchmarking/DPclust/TCGA/dpclust_batch_luad\TCGA-67-4679-01	C:/CloneHD_benchmarking/DPclust/TCGA/dpclust_batch_luad\TCGA-67-4679-01\TCGA-67-4679-01_loci.txt	C:/CloneHD_benchmarking/DPclust/TCGA/dpclust_batch_luad\TCGA-67-4679-01\TCGA-67-4679-01_alleleFrequencies.txt	C:/CloneHD_benchmarking/DPclust/TCGA/dpclust_batch_luad\TCGA-67-4679-01\TCGA-67-4679-01.cellularity_ploidy	C:/CloneHD_benchmarking/DPclust/TCGA/dpclust_batch_luad\TCGA-67-4679-01\TCGA-67-4679-01.battenberg	C:/CloneHD_benchmarking/DPclust/TCGA/dpclust_batch_luad\TCGA-67-4679-01\run_dpclust3p_TCGA-67-4679-01.R	C:/CloneHD_benchmarking/DPclust/TCGA/dpclust_batch_luad\TCGA-67-4679-01\TCGA-67-4679-01_ccf.tsv
TCGA-67-6215-01	C:/CloneHD_benchmarking/DPclust/TCGA/dpclust_batch_luad\TCGA-67-6215-01	C:/CloneHD_benchmarking/DPclust/TCGA/dpclust_batch_luad\TCGA-67-6215-01\TCGA-67-6215-01_loci.txt	C:/CloneHD_benchmarking/DPclust/TCGA/dpclust_batch_luad\TCGA-67-6215-01\TCGA-67-6215-01_alleleFrequencies.txt	C:/CloneHD_benchmarking/DPclust/TCGA/dpclust_batch_luad\TCGA-67-6215-01\TCGA-67-6215-01.cellularity_ploidy	C:/CloneHD_benchmarking/DPclust/TCGA/dpclust_batch_luad\TCGA-67-6215-01\TCGA-67-6215-01.battenberg	C:/CloneHD_benchmarking/DPclust/TCGA/dpclust_batch_luad\TCGA-67-6215-01\run_dpclust3p_TCGA-67-6215-01.R	C:/CloneHD_benchmarking/DPclust/TCGA/dpclust_batch_luad\TCGA-67-6215-01\TCGA-67-6215-01_ccf.tsv
TCGA-67-6216-01	C:/CloneHD_benchmarking/DPclust/TCGA/dpclust_batch_luad\TCGA-67-6216-01	C:/CloneHD_benchmarking/DPclust/TCGA/dpclust_batch_luad\TCGA-67-6216-01\TCGA-67-6216-01_loci.txt	C:/CloneHD_benchmarking/DPclust/TCGA/dpclust_batch_luad\TCGA-67-6216-01\TCGA-67-6216-01_alleleFrequencies.txt	C:/CloneHD_benchmarking/DPclust/TCGA/dpclust_batch_luad\TCGA-67-6216-01\TCGA-67-6216-01.cellularity_ploidy	C:/CloneHD_benchmarking/DPclust/TCGA/dpclust_batch_luad\TCGA-67-6216-01\TCGA-67-6216-01.battenberg	C:/CloneHD_benchmarking/DPclust/TCGA/dpclust_batch_luad\TCGA-67-6216-01\run_dpclust3p_TCGA-67-6216-01.R	C:/CloneHD_benchmarking/DPclust/TCGA/dpclust_batch_luad\TCGA-67-6216-01\TCGA-67-6216-01_ccf.tsv
TCGA-67-6217-01	C:/CloneHD_benchmarking/DPclust/TCGA/dpclust_batch_luad\TCGA-67-6217-01	C:/CloneHD_benchmarking/DPclust/TCGA/dpclust_batch_luad\TCGA-67-6217-01\TCGA-67-6217-01_loci.txt	C:/CloneHD_benchmarking/DPclust/TCGA/dpclust_batch_luad\TCGA-67-6217-01\TCGA-67-6217-01_alleleFrequencies.txt	C:/CloneHD_benchmarking/DPclust/TCGA/dpclust_batch_luad\TCGA-67-6217-01\TCGA-67-6217-01.cellularity_ploidy	C:/CloneHD_benchmarking/DPclust/TCGA/dpclust_batch_luad\TCGA-67-6217-01\TCGA-67-6217-01.battenberg	C:/CloneHD_benchmarking/DPclust/TCGA/dpclust_batch_luad\TCGA-67-6217-01\run_dpclust3p_TCGA-67-6217-01.R	C:/CloneHD_benchmarking/DPclust/TCGA/dpclust_batch_luad\TCGA-67-6217-01\TCGA-67-6217-01_ccf.tsv
TCGA-69-7760-01	C:/CloneHD_benchmarking/DPclust/TCGA/dpclust_batch_luad\TCGA-69-7760-01	C:/CloneHD_benchmarking/DPclust/TCGA/dpclust_batch_luad\TCGA-69-7760-01\TCGA-69-7760-01_loci.txt	C:/CloneHD_benchmarking/DPclust/TCGA/dpclust_batch_luad\TCGA-69-7760-01\TCGA-69-7760-01_alleleFrequencies.txt	C:/CloneHD_benchmarking/DPclust/TCGA/dpclust_batch_luad\TCGA-69-7760-01\TCGA-69-7760-01.cellularity_ploidy	C:/CloneHD_benchmarking/DPclust/TCGA/dpclust_batch_luad\TCGA-69-7760-01\TCGA-69-7760-01.battenberg	C:/CloneHD_benchmarking/DPclust/TCGA/dpclust_batch_luad\TCGA-69-7760-01\run_dpclust3p_TCGA-69-7760-01.R	C:/CloneHD_benchmarking/DPclust/TCGA/dpclust_batch_luad\TCGA-69-7760-01\TCGA-69-7760-01_ccf.tsv
TCGA-69-7761-01	C:/CloneHD_benchmarking/DPclust/TCGA/dpclust_batch_luad\TCGA-69-7761-01	C:/CloneHD_benchmarking/DPclust/TCGA/dpclust_batch_luad\TCGA-69-7761-01\TCGA-69-7761-01_loci.txt	C:/CloneHD_benchmarking/DPclust/TCGA/dpclust_batch_luad\TCGA-69-7761-01\TCGA-69-7761-01_alleleFrequencies.txt	C:/CloneHD_benchmarking/DPclust/TCGA/dpclust_batch_luad\TCGA-69-7761-01\TCGA-69-7761-01.cellularity_ploidy	C:/CloneHD_benchmarking/DPclust/TCGA/dpclust_batch_luad\TCGA-69-7761-01\TCGA-69-7761-01.battenberg	C:/CloneHD_benchmarking/DPclust/TCGA/dpclust_batch_luad\TCGA-69-7761-01\run_dpclust3p_TCGA-69-7761-01.R	C:/CloneHD_benchmarking/DPclust/TCGA/dpclust_batch_luad\TCGA-69-7761-01\TCGA-69-7761-01_ccf.tsv
TCGA-69-7763-01	C:/CloneHD_benchmarking/DPclust/TCGA/dpclust_batch_luad\TCGA-69-7763-01	C:/CloneHD_benchmarking/DPclust/TCGA/dpclust_batch_luad\TCGA-69-7763-01\TCGA-69-7763-01_loci.txt	C:/CloneHD_benchmarking/DPclust/TCGA/dpclust_batch_luad\TCGA-69-7763-01\TCGA-69-7763-01_alleleFrequencies.txt	C:/CloneHD_benchmarking/DPclust/TCGA/dpclust_batch_luad\TCGA-69-7763-01\TCGA-69-7763-01.cellularity_ploidy	C:/CloneHD_benchmarking/DPclust/TCGA/dpclust_batch_luad\TCGA-69-7763-01\TCGA-69-7763-01.battenberg	C:/CloneHD_benchmarking/DPclust/TCGA/dpclust_batch_luad\TCGA-69-7763-01\run_dpclust3p_TCGA-69-7763-01.R	C:/CloneHD_benchmarking/DPclust/TCGA/dpclust_batch_luad\TCGA-69-7763-01\TCGA-69-7763-01_ccf.tsv
TCGA-69-7764-01	C:/CloneHD_benchmarking/DPclust/TCGA/dpclust_batch_luad\TCGA-69-7764-01	C:/CloneHD_benchmarking/DPclust/TCGA/dpclust_batch_luad\TCGA-69-7764-01\TCGA-69-7764-01_loci.txt	C:/CloneHD_benchmarking/DPclust/TCGA/dpclust_batch_luad\TCGA-69-7764-01\TCGA-69-7764-01_alleleFrequencies.txt	C:/CloneHD_benchmarking/DPclust/TCGA/dpclust_batch_luad\TCGA-69-7764-01\TCGA-69-7764-01.cellularity_ploidy	C:/CloneHD_benchmarking/DPclust/TCGA/dpclust_batch_luad\TCGA-69-7764-01\TCGA-69-7764-01.battenberg	C:/CloneHD_benchmarking/DPclust/TCGA/dpclust_batch_luad\TCGA-69-7764-01\run_dpclust3p_TCGA-69-7764-01.R	C:/CloneHD_benchmarking/DPclust/TCGA/dpclust_batch_luad\TCGA-69-7764-01\TCGA-69-7764-01_ccf.tsv
TCGA-69-7765-01	C:/CloneHD_benchmarking/DPclust/TCGA/dpclust_batch_luad\TCGA-69-7765-01	C:/CloneHD_benchmarking/DPclust/TCGA/dpclust_batch_luad\TCGA-69-7765-01\TCGA-69-7765-01_loci.txt	C:/CloneHD_benchmarking/DPclust/TCGA/dpclust_batch_luad\TCGA-69-7765-01\TCGA-69-7765-01_alleleFrequencies.txt	C:/CloneHD_benchmarking/DPclust/TCGA/dpclust_batch_luad\TCGA-69-7765-01\TCGA-69-7765-01.cellularity_ploidy	C:/CloneHD_benchmarking/DPclust/TCGA/dpclust_batch_luad\TCGA-69-7765-01\TCGA-69-7765-01.battenberg	C:/CloneHD_benchmarking/DPclust/TCGA/dpclust_batch_luad\TCGA-69-7765-01\run_dpclust3p_TCGA-69-7765-01.R	C:/CloneHD_benchmarking/DPclust/TCGA/dpclust_batch_luad\TCGA-69-7765-01\TCGA-69-7765-01_ccf.tsv
TCGA-69-7973-01	C:/CloneHD_benchmarking/DPclust/TCGA/dpclust_batch_luad\TCGA-69-7973-01	C:/CloneHD_benchmarking/DPclust/TCGA/dpclust_batch_luad\TCGA-69-7973-01\TCGA-69-7973-01_loci.txt	C:/CloneHD_benchmarking/DPclust/TCGA/dpclust_batch_luad\TCGA-69-7973-01\TCGA-69-7973-01_alleleFrequencies.txt	C:/CloneHD_benchmarking/DPclust/TCGA/dpclust_batch_luad\TCGA-69-7973-01\TCGA-69-7973-01.cellularity_ploidy	C:/CloneHD_benchmarking/DPclust/TCGA/dpclust_batch_luad\TCGA-69-7973-01\TCGA-69-7973-01.battenberg	C:/CloneHD_benchmarking/DPclust/TCGA/dpclust_batch_luad\TCGA-69-7973-01\run_dpclust3p_TCGA-69-7973-01.R	C:/CloneHD_benchmarking/DPclust/TCGA/dpclust_batch_luad\TCGA-69-7973-01\TCGA-69-7973-01_ccf.tsv
TCGA-69-7974-01	C:/CloneHD_benchmarking/DPclust/TCGA/dpclust_batch_luad\TCGA-69-7974-01	C:/CloneHD_benchmarking/DPclust/TCGA/dpclust_batch_luad\TCGA-69-7974-01\TCGA-69-7974-01_loci.txt	C:/CloneHD_benchmarking/DPclust/TCGA/dpclust_batch_luad\TCGA-69-7974-01\TCGA-69-7974-01_alleleFrequencies.txt	C:/CloneHD_benchmarking/DPclust/TCGA/dpclust_batch_luad\TCGA-69-7974-01\TCGA-69-7974-01.cellularity_ploidy	C:/CloneHD_benchmarking/DPclust/TCGA/dpclust_batch_luad\TCGA-69-7974-01\TCGA-69-7974-01.battenberg	C:/CloneHD_benchmarking/DPclust/TCGA/dpclust_batch_luad\TCGA-69-7974-01\run_dpclust3p_TCGA-69-7974-01.R	C:/CloneHD_benchmarking/DPclust/TCGA/dpclust_batch_luad\TCGA-69-7974-01\TCGA-69-7974-01_ccf.tsv
TCGA-69-7978-01	C:/CloneHD_benchmarking/DPclust/TCGA/dpclust_batch_luad\TCGA-69-7978-01	C:/CloneHD_benchmarking/DPclust/TCGA/dpclust_batch_luad\TCGA-69-7978-01\TCGA-69-7978-01_loci.txt	C:/CloneHD_benchmarking/DPclust/TCGA/dpclust_batch_luad\TCGA-69-7978-01\TCGA-69-7978-01_alleleFrequencies.txt	C:/CloneHD_benchmarking/DPclust/TCGA/dpclust_batch_luad\TCGA-69-7978-01\TCGA-69-7978-01.cellularity_ploidy	C:/CloneHD_benchmarking/DPclust/TCGA/dpclust_batch_luad\TCGA-69-7978-01\TCGA-69-7978-01.battenberg	C:/CloneHD_benchmarking/DPclust/TCGA/dpclust_batch_luad\TCGA-69-7978-01\run_dpclust3p_TCGA-69-7978-01.R	C:/CloneHD_benchmarking/DPclust/TCGA/dpclust_batch_luad\TCGA-69-7978-01\TCGA-69-7978-01_ccf.tsv
TCGA-69-7979-01	C:/CloneHD_benchmarking/DPclust/TCGA/dpclust_batch_luad\TCGA-69-7979-01	C:/CloneHD_benchmarking/DPclust/TCGA/dpclust_batch_luad\TCGA-69-7979-01\TCGA-69-7979-01_loci.txt	C:/CloneHD_benchmarking/DPclust/TCGA/dpclust_batch_luad\TCGA-69-7979-01\TCGA-69-7979-01_alleleFrequencies.txt	C:/CloneHD_benchmarking/DPclust/TCGA/dpclust_batch_luad\TCGA-69-7979-01\TCGA-69-7979-01.cellularity_ploidy	C:/CloneHD_benchmarking/DPclust/TCGA/dpclust_batch_luad\TCGA-69-7979-01\TCGA-69-7979-01.battenberg	C:/CloneHD_benchmarking/DPclust/TCGA/dpclust_batch_luad\TCGA-69-7979-01\run_dpclust3p_TCGA-69-7979-01.R	C:/CloneHD_benchmarking/DPclust/TCGA/dpclust_batch_luad\TCGA-69-7979-01\TCGA-69-7979-01_ccf.tsv
TCGA-69-7980-01	C:/CloneHD_benchmarking/DPclust/TCGA/dpclust_batch_luad\TCGA-69-7980-01	C:/CloneHD_benchmarking/DPclust/TCGA/dpclust_batch_luad\TCGA-69-7980-01\TCGA-69-7980-01_loci.txt	C:/CloneHD_benchmarking/DPclust/TCGA/dpclust_batch_luad\TCGA-69-7980-01\TCGA-69-7980-01_alleleFrequencies.txt	C:/CloneHD_benchmarking/DPclust/TCGA/dpclust_batch_luad\TCGA-69-7980-01\TCGA-69-7980-01.cellularity_ploidy	C:/CloneHD_benchmarking/DPclust/TCGA/dpclust_batch_luad\TCGA-69-7980-01\TCGA-69-7980-01.battenberg	C:/CloneHD_benchmarking/DPclust/TCGA/dpclust_batch_luad\TCGA-69-7980-01\run_dpclust3p_TCGA-69-7980-01.R	C:/CloneHD_benchmarking/DPclust/TCGA/dpclust_batch_luad\TCGA-69-7980-01\TCGA-69-7980-01_ccf.tsv
TCGA-69-8253-01	C:/CloneHD_benchmarking/DPclust/TCGA/dpclust_batch_luad\TCGA-69-8253-01	C:/CloneHD_benchmarking/DPclust/TCGA/dpclust_batch_luad\TCGA-69-8253-01\TCGA-69-8253-01_loci.txt	C:/CloneHD_benchmarking/DPclust/TCGA/dpclust_batch_luad\TCGA-69-8253-01\TCGA-69-8253-01_alleleFrequencies.txt	C:/CloneHD_benchmarking/DPclust/TCGA/dpclust_batch_luad\TCGA-69-8253-01\TCGA-69-8253-01.cellularity_ploidy	C:/CloneHD_benchmarking/DPclust/TCGA/dpclust_batch_luad\TCGA-69-8253-01\TCGA-69-8253-01.battenberg	C:/CloneHD_benchmarking/DPclust/TCGA/dpclust_batch_luad\TCGA-69-8253-01\run_dpclust3p_TCGA-69-8253-01.R	C:/CloneHD_benchmarking/DPclust/TCGA/dpclust_batch_luad\TCGA-69-8253-01\TCGA-69-8253-01_ccf.tsv
TCGA-69-8254-01	C:/CloneHD_benchmarking/DPclust/TCGA/dpclust_batch_luad\TCGA-69-8254-01	C:/CloneHD_benchmarking/DPclust/TCGA/dpclust_batch_luad\TCGA-69-8254-01\TCGA-69-8254-01_loci.txt	C:/CloneHD_benchmarking/DPclust/TCGA/dpclust_batch_luad\TCGA-69-8254-01\TCGA-69-8254-01_alleleFrequencies.txt	C:/CloneHD_benchmarking/DPclust/TCGA/dpclust_batch_luad\TCGA-69-8254-01\TCGA-69-8254-01.cellularity_ploidy	C:/CloneHD_benchmarking/DPclust/TCGA/dpclust_batch_luad\TCGA-69-8254-01\TCGA-69-8254-01.battenberg	C:/CloneHD_benchmarking/DPclust/TCGA/dpclust_batch_luad\TCGA-69-8254-01\run_dpclust3p_TCGA-69-8254-01.R	C:/CloneHD_benchmarking/DPclust/TCGA/dpclust_batch_luad\TCGA-69-8254-01\TCGA-69-8254-01_ccf.tsv
TCGA-69-8255-01	C:/CloneHD_benchmarking/DPclust/TCGA/dpclust_batch_luad\TCGA-69-8255-01	C:/CloneHD_benchmarking/DPclust/TCGA/dpclust_batch_luad\TCGA-69-8255-01\TCGA-69-8255-01_loci.txt	C:/CloneHD_benchmarking/DPclust/TCGA/dpclust_batch_luad\TCGA-69-8255-01\TCGA-69-8255-01_alleleFrequencies.txt	C:/CloneHD_benchmarking/DPclust/TCGA/dpclust_batch_luad\TCGA-69-8255-01\TCGA-69-8255-01.cellularity_ploidy	C:/CloneHD_benchmarking/DPclust/TCGA/dpclust_batch_luad\TCGA-69-8255-01\TCGA-69-8255-01.battenberg	C:/CloneHD_benchmarking/DPclust/TCGA/dpclust_batch_luad\TCGA-69-8255-01\run_dpclust3p_TCGA-69-8255-01.R	C:/CloneHD_benchmarking/DPclust/TCGA/dpclust_batch_luad\TCGA-69-8255-01\TCGA-69-8255-01_ccf.tsv
TCGA-71-6725-01	C:/CloneHD_benchmarking/DPclust/TCGA/dpclust_batch_luad\TCGA-71-6725-01	C:/CloneHD_benchmarking/DPclust/TCGA/dpclust_batch_luad\TCGA-71-6725-01\TCGA-71-6725-01_loci.txt	C:/CloneHD_benchmarking/DPclust/TCGA/dpclust_batch_luad\TCGA-71-6725-01\TCGA-71-6725-01_alleleFrequencies.txt	C:/CloneHD_benchmarking/DPclust/TCGA/dpclust_batch_luad\TCGA-71-6725-01\TCGA-71-6725-01.cellularity_ploidy	C:/CloneHD_benchmarking/DPclust/TCGA/dpclust_batch_luad\TCGA-71-6725-01\TCGA-71-6725-01.battenberg	C:/CloneHD_benchmarking/DPclust/TCGA/dpclust_batch_luad\TCGA-71-6725-01\run_dpclust3p_TCGA-71-6725-01.R	C:/CloneHD_benchmarking/DPclust/TCGA/dpclust_batch_luad\TCGA-71-6725-01\TCGA-71-6725-01_ccf.tsv
TCGA-73-4658-01	C:/CloneHD_benchmarking/DPclust/TCGA/dpclust_batch_luad\TCGA-73-4658-01	C:/CloneHD_benchmarking/DPclust/TCGA/dpclust_batch_luad\TCGA-73-4658-01\TCGA-73-4658-01_loci.txt	C:/CloneHD_benchmarking/DPclust/TCGA/dpclust_batch_luad\TCGA-73-4658-01\TCGA-73-4658-01_alleleFrequencies.txt	C:/CloneHD_benchmarking/DPclust/TCGA/dpclust_batch_luad\TCGA-73-4658-01\TCGA-73-4658-01.cellularity_ploidy	C:/CloneHD_benchmarking/DPclust/TCGA/dpclust_batch_luad\TCGA-73-4658-01\TCGA-73-4658-01.battenberg	C:/CloneHD_benchmarking/DPclust/TCGA/dpclust_batch_luad\TCGA-73-4658-01\run_dpclust3p_TCGA-73-4658-01.R	C:/CloneHD_benchmarking/DPclust/TCGA/dpclust_batch_luad\TCGA-73-4658-01\TCGA-73-4658-01_ccf.tsv
TCGA-73-4659-01	C:/CloneHD_benchmarking/DPclust/TCGA/dpclust_batch_luad\TCGA-73-4659-01	C:/CloneHD_benchmarking/DPclust/TCGA/dpclust_batch_luad\TCGA-73-4659-01\TCGA-73-4659-01_loci.txt	C:/CloneHD_benchmarking/DPclust/TCGA/dpclust_batch_luad\TCGA-73-4659-01\TCGA-73-4659-01_alleleFrequencies.txt	C:/CloneHD_benchmarking/DPclust/TCGA/dpclust_batch_luad\TCGA-73-4659-01\TCGA-73-4659-01.cellularity_ploidy	C:/CloneHD_benchmarking/DPclust/TCGA/dpclust_batch_luad\TCGA-73-4659-01\TCGA-73-4659-01.battenberg	C:/CloneHD_benchmarking/DPclust/TCGA/dpclust_batch_luad\TCGA-73-4659-01\run_dpclust3p_TCGA-73-4659-01.R	C:/CloneHD_benchmarking/DPclust/TCGA/dpclust_batch_luad\TCGA-73-4659-01\TCGA-73-4659-01_ccf.tsv
TCGA-73-4662-01	C:/CloneHD_benchmarking/DPclust/TCGA/dpclust_batch_luad\TCGA-73-4662-01	C:/CloneHD_benchmarking/DPclust/TCGA/dpclust_batch_luad\TCGA-73-4662-01\TCGA-73-4662-01_loci.txt	C:/CloneHD_benchmarking/DPclust/TCGA/dpclust_batch_luad\TCGA-73-4662-01\TCGA-73-4662-01_alleleFrequencies.txt	C:/CloneHD_benchmarking/DPclust/TCGA/dpclust_batch_luad\TCGA-73-4662-01\TCGA-73-4662-01.cellularity_ploidy	C:/CloneHD_benchmarking/DPclust/TCGA/dpclust_batch_luad\TCGA-73-4662-01\TCGA-73-4662-01.battenberg	C:/CloneHD_benchmarking/DPclust/TCGA/dpclust_batch_luad\TCGA-73-4662-01\run_dpclust3p_TCGA-73-4662-01.R	C:/CloneHD_benchmarking/DPclust/TCGA/dpclust_batch_luad\TCGA-73-4662-01\TCGA-73-4662-01_ccf.tsv
TCGA-73-4666-01	C:/CloneHD_benchmarking/DPclust/TCGA/dpclust_batch_luad\TCGA-73-4666-01	C:/CloneHD_benchmarking/DPclust/TCGA/dpclust_batch_luad\TCGA-73-4666-01\TCGA-73-4666-01_loci.txt	C:/CloneHD_benchmarking/DPclust/TCGA/dpclust_batch_luad\TCGA-73-4666-01\TCGA-73-4666-01_alleleFrequencies.txt	C:/CloneHD_benchmarking/DPclust/TCGA/dpclust_batch_luad\TCGA-73-4666-01\TCGA-73-4666-01.cellularity_ploidy	C:/CloneHD_benchmarking/DPclust/TCGA/dpclust_batch_luad\TCGA-73-4666-01\TCGA-73-4666-01.battenberg	C:/CloneHD_benchmarking/DPclust/TCGA/dpclust_batch_luad\TCGA-73-4666-01\run_dpclust3p_TCGA-73-4666-01.R	C:/CloneHD_benchmarking/DPclust/TCGA/dpclust_batch_luad\TCGA-73-4666-01\TCGA-73-4666-01_ccf.tsv
TCGA-73-4668-01	C:/CloneHD_benchmarking/DPclust/TCGA/dpclust_batch_luad\TCGA-73-4668-01	C:/CloneHD_benchmarking/DPclust/TCGA/dpclust_batch_luad\TCGA-73-4668-01\TCGA-73-4668-01_loci.txt	C:/CloneHD_benchmarking/DPclust/TCGA/dpclust_batch_luad\TCGA-73-4668-01\TCGA-73-4668-01_alleleFrequencies.txt	C:/CloneHD_benchmarking/DPclust/TCGA/dpclust_batch_luad\TCGA-73-4668-01\TCGA-73-4668-01.cellularity_ploidy	C:/CloneHD_benchmarking/DPclust/TCGA/dpclust_batch_luad\TCGA-73-4668-01\TCGA-73-4668-01.battenberg	C:/CloneHD_benchmarking/DPclust/TCGA/dpclust_batch_luad\TCGA-73-4668-01\run_dpclust3p_TCGA-73-4668-01.R	C:/CloneHD_benchmarking/DPclust/TCGA/dpclust_batch_luad\TCGA-73-4668-01\TCGA-73-4668-01_ccf.tsv
TCGA-73-4670-01	C:/CloneHD_benchmarking/DPclust/TCGA/dpclust_batch_luad\TCGA-73-4670-01	C:/CloneHD_benchmarking/DPclust/TCGA/dpclust_batch_luad\TCGA-73-4670-01\TCGA-73-4670-01_loci.txt	C:/CloneHD_benchmarking/DPclust/TCGA/dpclust_batch_luad\TCGA-73-4670-01\TCGA-73-4670-01_alleleFrequencies.txt	C:/CloneHD_benchmarking/DPclust/TCGA/dpclust_batch_luad\TCGA-73-4670-01\TCGA-73-4670-01.cellularity_ploidy	C:/CloneHD_benchmarking/DPclust/TCGA/dpclust_batch_luad\TCGA-73-4670-01\TCGA-73-4670-01.battenberg	C:/CloneHD_benchmarking/DPclust/TCGA/dpclust_batch_luad\TCGA-73-4670-01\run_dpclust3p_TCGA-73-4670-01.R	C:/CloneHD_benchmarking/DPclust/TCGA/dpclust_batch_luad\TCGA-73-4670-01\TCGA-73-4670-01_ccf.tsv
TCGA-73-4675-01	C:/CloneHD_benchmarking/DPclust/TCGA/dpclust_batch_luad\TCGA-73-4675-01	C:/CloneHD_benchmarking/DPclust/TCGA/dpclust_batch_luad\TCGA-73-4675-01\TCGA-73-4675-01_loci.txt	C:/CloneHD_benchmarking/DPclust/TCGA/dpclust_batch_luad\TCGA-73-4675-01\TCGA-73-4675-01_alleleFrequencies.txt	C:/CloneHD_benchmarking/DPclust/TCGA/dpclust_batch_luad\TCGA-73-4675-01\TCGA-73-4675-01.cellularity_ploidy	C:/CloneHD_benchmarking/DPclust/TCGA/dpclust_batch_luad\TCGA-73-4675-01\TCGA-73-4675-01.battenberg	C:/CloneHD_benchmarking/DPclust/TCGA/dpclust_batch_luad\TCGA-73-4675-01\run_dpclust3p_TCGA-73-4675-01.R	C:/CloneHD_benchmarking/DPclust/TCGA/dpclust_batch_luad\TCGA-73-4675-01\TCGA-73-4675-01_ccf.tsv
TCGA-73-4676-01	C:/CloneHD_benchmarking/DPclust/TCGA/dpclust_batch_luad\TCGA-73-4676-01	C:/CloneHD_benchmarking/DPclust/TCGA/dpclust_batch_luad\TCGA-73-4676-01\TCGA-73-4676-01_loci.txt	C:/CloneHD_benchmarking/DPclust/TCGA/dpclust_batch_luad\TCGA-73-4676-01\TCGA-73-4676-01_alleleFrequencies.txt	C:/CloneHD_benchmarking/DPclust/TCGA/dpclust_batch_luad\TCGA-73-4676-01\TCGA-73-4676-01.cellularity_ploidy	C:/CloneHD_benchmarking/DPclust/TCGA/dpclust_batch_luad\TCGA-73-4676-01\TCGA-73-4676-01.battenberg	C:/CloneHD_benchmarking/DPclust/TCGA/dpclust_batch_luad\TCGA-73-4676-01\run_dpclust3p_TCGA-73-4676-01.R	C:/CloneHD_benchmarking/DPclust/TCGA/dpclust_batch_luad\TCGA-73-4676-01\TCGA-73-4676-01_ccf.tsv
TCGA-73-4677-01	C:/CloneHD_benchmarking/DPclust/TCGA/dpclust_batch_luad\TCGA-73-4677-01	C:/CloneHD_benchmarking/DPclust/TCGA/dpclust_batch_luad\TCGA-73-4677-01\TCGA-73-4677-01_loci.txt	C:/CloneHD_benchmarking/DPclust/TCGA/dpclust_batch_luad\TCGA-73-4677-01\TCGA-73-4677-01_alleleFrequencies.txt	C:/CloneHD_benchmarking/DPclust/TCGA/dpclust_batch_luad\TCGA-73-4677-01\TCGA-73-4677-01.cellularity_ploidy	C:/CloneHD_benchmarking/DPclust/TCGA/dpclust_batch_luad\TCGA-73-4677-01\TCGA-73-4677-01.battenberg	C:/CloneHD_benchmarking/DPclust/TCGA/dpclust_batch_luad\TCGA-73-4677-01\run_dpclust3p_TCGA-73-4677-01.R	C:/CloneHD_benchmarking/DPclust/TCGA/dpclust_batch_luad\TCGA-73-4677-01\TCGA-73-4677-01_ccf.tsv
TCGA-73-7498-01	C:/CloneHD_benchmarking/DPclust/TCGA/dpclust_batch_luad\TCGA-73-7498-01	C:/CloneHD_benchmarking/DPclust/TCGA/dpclust_batch_luad\TCGA-73-7498-01\TCGA-73-7498-01_loci.txt	C:/CloneHD_benchmarking/DPclust/TCGA/dpclust_batch_luad\TCGA-73-7498-01\TCGA-73-7498-01_alleleFrequencies.txt	C:/CloneHD_benchmarking/DPclust/TCGA/dpclust_batch_luad\TCGA-73-7498-01\TCGA-73-7498-01.cellularity_ploidy	C:/CloneHD_benchmarking/DPclust/TCGA/dpclust_batch_luad\TCGA-73-7498-01\TCGA-73-7498-01.battenberg	C:/CloneHD_benchmarking/DPclust/TCGA/dpclust_batch_luad\TCGA-73-7498-01\run_dpclust3p_TCGA-73-7498-01.R	C:/CloneHD_benchmarking/DPclust/TCGA/dpclust_batch_luad\TCGA-73-7498-01\TCGA-73-7498-01_ccf.tsv
TCGA-73-7499-01	C:/CloneHD_benchmarking/DPclust/TCGA/dpclust_batch_luad\TCGA-73-7499-01	C:/CloneHD_benchmarking/DPclust/TCGA/dpclust_batch_luad\TCGA-73-7499-01\TCGA-73-7499-01_loci.txt	C:/CloneHD_benchmarking/DPclust/TCGA/dpclust_batch_luad\TCGA-73-7499-01\TCGA-73-7499-01_alleleFrequencies.txt	C:/CloneHD_benchmarking/DPclust/TCGA/dpclust_batch_luad\TCGA-73-7499-01\TCGA-73-7499-01.cellularity_ploidy	C:/CloneHD_benchmarking/DPclust/TCGA/dpclust_batch_luad\TCGA-73-7499-01\TCGA-73-7499-01.battenberg	C:/CloneHD_benchmarking/DPclust/TCGA/dpclust_batch_luad\TCGA-73-7499-01\run_dpclust3p_TCGA-73-7499-01.R	C:/CloneHD_benchmarking/DPclust/TCGA/dpclust_batch_luad\TCGA-73-7499-01\TCGA-73-7499-01_ccf.tsv
TCGA-73-A9RS-01	C:/CloneHD_benchmarking/DPclust/TCGA/dpclust_batch_luad\TCGA-73-A9RS-01	C:/CloneHD_benchmarking/DPclust/TCGA/dpclust_batch_luad\TCGA-73-A9RS-01\TCGA-73-A9RS-01_loci.txt	C:/CloneHD_benchmarking/DPclust/TCGA/dpclust_batch_luad\TCGA-73-A9RS-01\TCGA-73-A9RS-01_alleleFrequencies.txt	C:/CloneHD_benchmarking/DPclust/TCGA/dpclust_batch_luad\TCGA-73-A9RS-01\TCGA-73-A9RS-01.cellularity_ploidy	C:/CloneHD_benchmarking/DPclust/TCGA/dpclust_batch_luad\TCGA-73-A9RS-01\TCGA-73-A9RS-01.battenberg	C:/CloneHD_benchmarking/DPclust/TCGA/dpclust_batch_luad\TCGA-73-A9RS-01\run_dpclust3p_TCGA-73-A9RS-01.R	C:/CloneHD_benchmarking/DPclust/TCGA/dpclust_batch_luad\TCGA-73-A9RS-01\TCGA-73-A9RS-01_ccf.tsv
TCGA-75-5122-01	C:/CloneHD_benchmarking/DPclust/TCGA/dpclust_batch_luad\TCGA-75-5122-01	C:/CloneHD_benchmarking/DPclust/TCGA/dpclust_batch_luad\TCGA-75-5122-01\TCGA-75-5122-01_loci.txt	C:/CloneHD_benchmarking/DPclust/TCGA/dpclust_batch_luad\TCGA-75-5122-01\TCGA-75-5122-01_alleleFrequencies.txt	C:/CloneHD_benchmarking/DPclust/TCGA/dpclust_batch_luad\TCGA-75-5122-01\TCGA-75-5122-01.cellularity_ploidy	C:/CloneHD_benchmarking/DPclust/TCGA/dpclust_batch_luad\TCGA-75-5122-01\TCGA-75-5122-01.battenberg	C:/CloneHD_benchmarking/DPclust/TCGA/dpclust_batch_luad\TCGA-75-5122-01\run_dpclust3p_TCGA-75-5122-01.R	C:/CloneHD_benchmarking/DPclust/TCGA/dpclust_batch_luad\TCGA-75-5122-01\TCGA-75-5122-01_ccf.tsv
TCGA-75-5125-01	C:/CloneHD_benchmarking/DPclust/TCGA/dpclust_batch_luad\TCGA-75-5125-01	C:/CloneHD_benchmarking/DPclust/TCGA/dpclust_batch_luad\TCGA-75-5125-01\TCGA-75-5125-01_loci.txt	C:/CloneHD_benchmarking/DPclust/TCGA/dpclust_batch_luad\TCGA-75-5125-01\TCGA-75-5125-01_alleleFrequencies.txt	C:/CloneHD_benchmarking/DPclust/TCGA/dpclust_batch_luad\TCGA-75-5125-01\TCGA-75-5125-01.cellularity_ploidy	C:/CloneHD_benchmarking/DPclust/TCGA/dpclust_batch_luad\TCGA-75-5125-01\TCGA-75-5125-01.battenberg	C:/CloneHD_benchmarking/DPclust/TCGA/dpclust_batch_luad\TCGA-75-5125-01\run_dpclust3p_TCGA-75-5125-01.R	C:/CloneHD_benchmarking/DPclust/TCGA/dpclust_batch_luad\TCGA-75-5125-01\TCGA-75-5125-01_ccf.tsv
TCGA-75-5126-01	C:/CloneHD_benchmarking/DPclust/TCGA/dpclust_batch_luad\TCGA-75-5126-01	C:/CloneHD_benchmarking/DPclust/TCGA/dpclust_batch_luad\TCGA-75-5126-01\TCGA-75-5126-01_loci.txt	C:/CloneHD_benchmarking/DPclust/TCGA/dpclust_batch_luad\TCGA-75-5126-01\TCGA-75-5126-01_alleleFrequencies.txt	C:/CloneHD_benchmarking/DPclust/TCGA/dpclust_batch_luad\TCGA-75-5126-01\TCGA-75-5126-01.cellularity_ploidy	C:/CloneHD_benchmarking/DPclust/TCGA/dpclust_batch_luad\TCGA-75-5126-01\TCGA-75-5126-01.battenberg	C:/CloneHD_benchmarking/DPclust/TCGA/dpclust_batch_luad\TCGA-75-5126-01\run_dpclust3p_TCGA-75-5126-01.R	C:/CloneHD_benchmarking/DPclust/TCGA/dpclust_batch_luad\TCGA-75-5126-01\TCGA-75-5126-01_ccf.tsv
TCGA-75-5146-01	C:/CloneHD_benchmarking/DPclust/TCGA/dpclust_batch_luad\TCGA-75-5146-01	C:/CloneHD_benchmarking/DPclust/TCGA/dpclust_batch_luad\TCGA-75-5146-01\TCGA-75-5146-01_loci.txt	C:/CloneHD_benchmarking/DPclust/TCGA/dpclust_batch_luad\TCGA-75-5146-01\TCGA-75-5146-01_alleleFrequencies.txt	C:/CloneHD_benchmarking/DPclust/TCGA/dpclust_batch_luad\TCGA-75-5146-01\TCGA-75-5146-01.cellularity_ploidy	C:/CloneHD_benchmarking/DPclust/TCGA/dpclust_batch_luad\TCGA-75-5146-01\TCGA-75-5146-01.battenberg	C:/CloneHD_benchmarking/DPclust/TCGA/dpclust_batch_luad\TCGA-75-5146-01\run_dpclust3p_TCGA-75-5146-01.R	C:/CloneHD_benchmarking/DPclust/TCGA/dpclust_batch_luad\TCGA-75-5146-01\TCGA-75-5146-01_ccf.tsv
TCGA-75-5147-01	C:/CloneHD_benchmarking/DPclust/TCGA/dpclust_batch_luad\TCGA-75-5147-01	C:/CloneHD_benchmarking/DPclust/TCGA/dpclust_batch_luad\TCGA-75-5147-01\TCGA-75-5147-01_loci.txt	C:/CloneHD_benchmarking/DPclust/TCGA/dpclust_batch_luad\TCGA-75-5147-01\TCGA-75-5147-01_alleleFrequencies.txt	C:/CloneHD_benchmarking/DPclust/TCGA/dpclust_batch_luad\TCGA-75-5147-01\TCGA-75-5147-01.cellularity_ploidy	C:/CloneHD_benchmarking/DPclust/TCGA/dpclust_batch_luad\TCGA-75-5147-01\TCGA-75-5147-01.battenberg	C:/CloneHD_benchmarking/DPclust/TCGA/dpclust_batch_luad\TCGA-75-5147-01\run_dpclust3p_TCGA-75-5147-01.R	C:/CloneHD_benchmarking/DPclust/TCGA/dpclust_batch_luad\TCGA-75-5147-01\TCGA-75-5147-01_ccf.tsv
TCGA-75-6203-01	C:/CloneHD_benchmarking/DPclust/TCGA/dpclust_batch_luad\TCGA-75-6203-01	C:/CloneHD_benchmarking/DPclust/TCGA/dpclust_batch_luad\TCGA-75-6203-01\TCGA-75-6203-01_loci.txt	C:/CloneHD_benchmarking/DPclust/TCGA/dpclust_batch_luad\TCGA-75-6203-01\TCGA-75-6203-01_alleleFrequencies.txt	C:/CloneHD_benchmarking/DPclust/TCGA/dpclust_batch_luad\TCGA-75-6203-01\TCGA-75-6203-01.cellularity_ploidy	C:/CloneHD_benchmarking/DPclust/TCGA/dpclust_batch_luad\TCGA-75-6203-01\TCGA-75-6203-01.battenberg	C:/CloneHD_benchmarking/DPclust/TCGA/dpclust_batch_luad\TCGA-75-6203-01\run_dpclust3p_TCGA-75-6203-01.R	C:/CloneHD_benchmarking/DPclust/TCGA/dpclust_batch_luad\TCGA-75-6203-01\TCGA-75-6203-01_ccf.tsv
TCGA-75-6205-01	C:/CloneHD_benchmarking/DPclust/TCGA/dpclust_batch_luad\TCGA-75-6205-01	C:/CloneHD_benchmarking/DPclust/TCGA/dpclust_batch_luad\TCGA-75-6205-01\TCGA-75-6205-01_loci.txt	C:/CloneHD_benchmarking/DPclust/TCGA/dpclust_batch_luad\TCGA-75-6205-01\TCGA-75-6205-01_alleleFrequencies.txt	C:/CloneHD_benchmarking/DPclust/TCGA/dpclust_batch_luad\TCGA-75-6205-01\TCGA-75-6205-01.cellularity_ploidy	C:/CloneHD_benchmarking/DPclust/TCGA/dpclust_batch_luad\TCGA-75-6205-01\TCGA-75-6205-01.battenberg	C:/CloneHD_benchmarking/DPclust/TCGA/dpclust_batch_luad\TCGA-75-6205-01\run_dpclust3p_TCGA-75-6205-01.R	C:/CloneHD_benchmarking/DPclust/TCGA/dpclust_batch_luad\TCGA-75-6205-01\TCGA-75-6205-01_ccf.tsv
TCGA-75-6207-01	C:/CloneHD_benchmarking/DPclust/TCGA/dpclust_batch_luad\TCGA-75-6207-01	C:/CloneHD_benchmarking/DPclust/TCGA/dpclust_batch_luad\TCGA-75-6207-01\TCGA-75-6207-01_loci.txt	C:/CloneHD_benchmarking/DPclust/TCGA/dpclust_batch_luad\TCGA-75-6207-01\TCGA-75-6207-01_alleleFrequencies.txt	C:/CloneHD_benchmarking/DPclust/TCGA/dpclust_batch_luad\TCGA-75-6207-01\TCGA-75-6207-01.cellularity_ploidy	C:/CloneHD_benchmarking/DPclust/TCGA/dpclust_batch_luad\TCGA-75-6207-01\TCGA-75-6207-01.battenberg	C:/CloneHD_benchmarking/DPclust/TCGA/dpclust_batch_luad\TCGA-75-6207-01\run_dpclust3p_TCGA-75-6207-01.R	C:/CloneHD_benchmarking/DPclust/TCGA/dpclust_batch_luad\TCGA-75-6207-01\TCGA-75-6207-01_ccf.tsv
TCGA-75-6211-01	C:/CloneHD_benchmarking/DPclust/TCGA/dpclust_batch_luad\TCGA-75-6211-01	C:/CloneHD_benchmarking/DPclust/TCGA/dpclust_batch_luad\TCGA-75-6211-01\TCGA-75-6211-01_loci.txt	C:/CloneHD_benchmarking/DPclust/TCGA/dpclust_batch_luad\TCGA-75-6211-01\TCGA-75-6211-01_alleleFrequencies.txt	C:/CloneHD_benchmarking/DPclust/TCGA/dpclust_batch_luad\TCGA-75-6211-01\TCGA-75-6211-01.cellularity_ploidy	C:/CloneHD_benchmarking/DPclust/TCGA/dpclust_batch_luad\TCGA-75-6211-01\TCGA-75-6211-01.battenberg	C:/CloneHD_benchmarking/DPclust/TCGA/dpclust_batch_luad\TCGA-75-6211-01\run_dpclust3p_TCGA-75-6211-01.R	C:/CloneHD_benchmarking/DPclust/TCGA/dpclust_batch_luad\TCGA-75-6211-01\TCGA-75-6211-01_ccf.tsv
TCGA-75-6212-01	C:/CloneHD_benchmarking/DPclust/TCGA/dpclust_batch_luad\TCGA-75-6212-01	C:/CloneHD_benchmarking/DPclust/TCGA/dpclust_batch_luad\TCGA-75-6212-01\TCGA-75-6212-01_loci.txt	C:/CloneHD_benchmarking/DPclust/TCGA/dpclust_batch_luad\TCGA-75-6212-01\TCGA-75-6212-01_alleleFrequencies.txt	C:/CloneHD_benchmarking/DPclust/TCGA/dpclust_batch_luad\TCGA-75-6212-01\TCGA-75-6212-01.cellularity_ploidy	C:/CloneHD_benchmarking/DPclust/TCGA/dpclust_batch_luad\TCGA-75-6212-01\TCGA-75-6212-01.battenberg	C:/CloneHD_benchmarking/DPclust/TCGA/dpclust_batch_luad\TCGA-75-6212-01\run_dpclust3p_TCGA-75-6212-01.R	C:/CloneHD_benchmarking/DPclust/TCGA/dpclust_batch_luad\TCGA-75-6212-01\TCGA-75-6212-01_ccf.tsv
TCGA-75-6214-01	C:/CloneHD_benchmarking/DPclust/TCGA/dpclust_batch_luad\TCGA-75-6214-01	C:/CloneHD_benchmarking/DPclust/TCGA/dpclust_batch_luad\TCGA-75-6214-01\TCGA-75-6214-01_loci.txt	C:/CloneHD_benchmarking/DPclust/TCGA/dpclust_batch_luad\TCGA-75-6214-01\TCGA-75-6214-01_alleleFrequencies.txt	C:/CloneHD_benchmarking/DPclust/TCGA/dpclust_batch_luad\TCGA-75-6214-01\TCGA-75-6214-01.cellularity_ploidy	C:/CloneHD_benchmarking/DPclust/TCGA/dpclust_batch_luad\TCGA-75-6214-01\TCGA-75-6214-01.battenberg	C:/CloneHD_benchmarking/DPclust/TCGA/dpclust_batch_luad\TCGA-75-6214-01\run_dpclust3p_TCGA-75-6214-01.R	C:/CloneHD_benchmarking/DPclust/TCGA/dpclust_batch_luad\TCGA-75-6214-01\TCGA-75-6214-01_ccf.tsv
TCGA-75-7025-01	C:/CloneHD_benchmarking/DPclust/TCGA/dpclust_batch_luad\TCGA-75-7025-01	C:/CloneHD_benchmarking/DPclust/TCGA/dpclust_batch_luad\TCGA-75-7025-01\TCGA-75-7025-01_loci.txt	C:/CloneHD_benchmarking/DPclust/TCGA/dpclust_batch_luad\TCGA-75-7025-01\TCGA-75-7025-01_alleleFrequencies.txt	C:/CloneHD_benchmarking/DPclust/TCGA/dpclust_batch_luad\TCGA-75-7025-01\TCGA-75-7025-01.cellularity_ploidy	C:/CloneHD_benchmarking/DPclust/TCGA/dpclust_batch_luad\TCGA-75-7025-01\TCGA-75-7025-01.battenberg	C:/CloneHD_benchmarking/DPclust/TCGA/dpclust_batch_luad\TCGA-75-7025-01\run_dpclust3p_TCGA-75-7025-01.R	C:/CloneHD_benchmarking/DPclust/TCGA/dpclust_batch_luad\TCGA-75-7025-01\TCGA-75-7025-01_ccf.tsv
TCGA-75-7027-01	C:/CloneHD_benchmarking/DPclust/TCGA/dpclust_batch_luad\TCGA-75-7027-01	C:/CloneHD_benchmarking/DPclust/TCGA/dpclust_batch_luad\TCGA-75-7027-01\TCGA-75-7027-01_loci.txt	C:/CloneHD_benchmarking/DPclust/TCGA/dpclust_batch_luad\TCGA-75-7027-01\TCGA-75-7027-01_alleleFrequencies.txt	C:/CloneHD_benchmarking/DPclust/TCGA/dpclust_batch_luad\TCGA-75-7027-01\TCGA-75-7027-01.cellularity_ploidy	C:/CloneHD_benchmarking/DPclust/TCGA/dpclust_batch_luad\TCGA-75-7027-01\TCGA-75-7027-01.battenberg	C:/CloneHD_benchmarking/DPclust/TCGA/dpclust_batch_luad\TCGA-75-7027-01\run_dpclust3p_TCGA-75-7027-01.R	C:/CloneHD_benchmarking/DPclust/TCGA/dpclust_batch_luad\TCGA-75-7027-01\TCGA-75-7027-01_ccf.tsv
TCGA-75-7031-01	C:/CloneHD_benchmarking/DPclust/TCGA/dpclust_batch_luad\TCGA-75-7031-01	C:/CloneHD_benchmarking/DPclust/TCGA/dpclust_batch_luad\TCGA-75-7031-01\TCGA-75-7031-01_loci.txt	C:/CloneHD_benchmarking/DPclust/TCGA/dpclust_batch_luad\TCGA-75-7031-01\TCGA-75-7031-01_alleleFrequencies.txt	C:/CloneHD_benchmarking/DPclust/TCGA/dpclust_batch_luad\TCGA-75-7031-01\TCGA-75-7031-01.cellularity_ploidy	C:/CloneHD_benchmarking/DPclust/TCGA/dpclust_batch_luad\TCGA-75-7031-01\TCGA-75-7031-01.battenberg	C:/CloneHD_benchmarking/DPclust/TCGA/dpclust_batch_luad\TCGA-75-7031-01\run_dpclust3p_TCGA-75-7031-01.R	C:/CloneHD_benchmarking/DPclust/TCGA/dpclust_batch_luad\TCGA-75-7031-01\TCGA-75-7031-01_ccf.tsv
TCGA-78-7145-01	C:/CloneHD_benchmarking/DPclust/TCGA/dpclust_batch_luad\TCGA-78-7145-01	C:/CloneHD_benchmarking/DPclust/TCGA/dpclust_batch_luad\TCGA-78-7145-01\TCGA-78-7145-01_loci.txt	C:/CloneHD_benchmarking/DPclust/TCGA/dpclust_batch_luad\TCGA-78-7145-01\TCGA-78-7145-01_alleleFrequencies.txt	C:/CloneHD_benchmarking/DPclust/TCGA/dpclust_batch_luad\TCGA-78-7145-01\TCGA-78-7145-01.cellularity_ploidy	C:/CloneHD_benchmarking/DPclust/TCGA/dpclust_batch_luad\TCGA-78-7145-01\TCGA-78-7145-01.battenberg	C:/CloneHD_benchmarking/DPclust/TCGA/dpclust_batch_luad\TCGA-78-7145-01\run_dpclust3p_TCGA-78-7145-01.R	C:/CloneHD_benchmarking/DPclust/TCGA/dpclust_batch_luad\TCGA-78-7145-01\TCGA-78-7145-01_ccf.tsv
TCGA-78-7146-01	C:/CloneHD_benchmarking/DPclust/TCGA/dpclust_batch_luad\TCGA-78-7146-01	C:/CloneHD_benchmarking/DPclust/TCGA/dpclust_batch_luad\TCGA-78-7146-01\TCGA-78-7146-01_loci.txt	C:/CloneHD_benchmarking/DPclust/TCGA/dpclust_batch_luad\TCGA-78-7146-01\TCGA-78-7146-01_alleleFrequencies.txt	C:/CloneHD_benchmarking/DPclust/TCGA/dpclust_batch_luad\TCGA-78-7146-01\TCGA-78-7146-01.cellularity_ploidy	C:/CloneHD_benchmarking/DPclust/TCGA/dpclust_batch_luad\TCGA-78-7146-01\TCGA-78-7146-01.battenberg	C:/CloneHD_benchmarking/DPclust/TCGA/dpclust_batch_luad\TCGA-78-7146-01\run_dpclust3p_TCGA-78-7146-01.R	C:/CloneHD_benchmarking/DPclust/TCGA/dpclust_batch_luad\TCGA-78-7146-01\TCGA-78-7146-01_ccf.tsv
TCGA-78-7147-01	C:/CloneHD_benchmarking/DPclust/TCGA/dpclust_batch_luad\TCGA-78-7147-01	C:/CloneHD_benchmarking/DPclust/TCGA/dpclust_batch_luad\TCGA-78-7147-01\TCGA-78-7147-01_loci.txt	C:/CloneHD_benchmarking/DPclust/TCGA/dpclust_batch_luad\TCGA-78-7147-01\TCGA-78-7147-01_alleleFrequencies.txt	C:/CloneHD_benchmarking/DPclust/TCGA/dpclust_batch_luad\TCGA-78-7147-01\TCGA-78-7147-01.cellularity_ploidy	C:/CloneHD_benchmarking/DPclust/TCGA/dpclust_batch_luad\TCGA-78-7147-01\TCGA-78-7147-01.battenberg	C:/CloneHD_benchmarking/DPclust/TCGA/dpclust_batch_luad\TCGA-78-7147-01\run_dpclust3p_TCGA-78-7147-01.R	C:/CloneHD_benchmarking/DPclust/TCGA/dpclust_batch_luad\TCGA-78-7147-01\TCGA-78-7147-01_ccf.tsv
TCGA-78-7148-01	C:/CloneHD_benchmarking/DPclust/TCGA/dpclust_batch_luad\TCGA-78-7148-01	C:/CloneHD_benchmarking/DPclust/TCGA/dpclust_batch_luad\TCGA-78-7148-01\TCGA-78-7148-01_loci.txt	C:/CloneHD_benchmarking/DPclust/TCGA/dpclust_batch_luad\TCGA-78-7148-01\TCGA-78-7148-01_alleleFrequencies.txt	C:/CloneHD_benchmarking/DPclust/TCGA/dpclust_batch_luad\TCGA-78-7148-01\TCGA-78-7148-01.cellularity_ploidy	C:/CloneHD_benchmarking/DPclust/TCGA/dpclust_batch_luad\TCGA-78-7148-01\TCGA-78-7148-01.battenberg	C:/CloneHD_benchmarking/DPclust/TCGA/dpclust_batch_luad\TCGA-78-7148-01\run_dpclust3p_TCGA-78-7148-01.R	C:/CloneHD_benchmarking/DPclust/TCGA/dpclust_batch_luad\TCGA-78-7148-01\TCGA-78-7148-01_ccf.tsv
TCGA-78-7149-01	C:/CloneHD_benchmarking/DPclust/TCGA/dpclust_batch_luad\TCGA-78-7149-01	C:/CloneHD_benchmarking/DPclust/TCGA/dpclust_batch_luad\TCGA-78-7149-01\TCGA-78-7149-01_loci.txt	C:/CloneHD_benchmarking/DPclust/TCGA/dpclust_batch_luad\TCGA-78-7149-01\TCGA-78-7149-01_alleleFrequencies.txt	C:/CloneHD_benchmarking/DPclust/TCGA/dpclust_batch_luad\TCGA-78-7149-01\TCGA-78-7149-01.cellularity_ploidy	C:/CloneHD_benchmarking/DPclust/TCGA/dpclust_batch_luad\TCGA-78-7149-01\TCGA-78-7149-01.battenberg	C:/CloneHD_benchmarking/DPclust/TCGA/dpclust_batch_luad\TCGA-78-7149-01\run_dpclust3p_TCGA-78-7149-01.R	C:/CloneHD_benchmarking/DPclust/TCGA/dpclust_batch_luad\TCGA-78-7149-01\TCGA-78-7149-01_ccf.tsv
TCGA-78-7150-01	C:/CloneHD_benchmarking/DPclust/TCGA/dpclust_batch_luad\TCGA-78-7150-01	C:/CloneHD_benchmarking/DPclust/TCGA/dpclust_batch_luad\TCGA-78-7150-01\TCGA-78-7150-01_loci.txt	C:/CloneHD_benchmarking/DPclust/TCGA/dpclust_batch_luad\TCGA-78-7150-01\TCGA-78-7150-01_alleleFrequencies.txt	C:/CloneHD_benchmarking/DPclust/TCGA/dpclust_batch_luad\TCGA-78-7150-01\TCGA-78-7150-01.cellularity_ploidy	C:/CloneHD_benchmarking/DPclust/TCGA/dpclust_batch_luad\TCGA-78-7150-01\TCGA-78-7150-01.battenberg	C:/CloneHD_benchmarking/DPclust/TCGA/dpclust_batch_luad\TCGA-78-7150-01\run_dpclust3p_TCGA-78-7150-01.R	C:/CloneHD_benchmarking/DPclust/TCGA/dpclust_batch_luad\TCGA-78-7150-01\TCGA-78-7150-01_ccf.tsv
TCGA-78-7152-01	C:/CloneHD_benchmarking/DPclust/TCGA/dpclust_batch_luad\TCGA-78-7152-01	C:/CloneHD_benchmarking/DPclust/TCGA/dpclust_batch_luad\TCGA-78-7152-01\TCGA-78-7152-01_loci.txt	C:/CloneHD_benchmarking/DPclust/TCGA/dpclust_batch_luad\TCGA-78-7152-01\TCGA-78-7152-01_alleleFrequencies.txt	C:/CloneHD_benchmarking/DPclust/TCGA/dpclust_batch_luad\TCGA-78-7152-01\TCGA-78-7152-01.cellularity_ploidy	C:/CloneHD_benchmarking/DPclust/TCGA/dpclust_batch_luad\TCGA-78-7152-01\TCGA-78-7152-01.battenberg	C:/CloneHD_benchmarking/DPclust/TCGA/dpclust_batch_luad\TCGA-78-7152-01\run_dpclust3p_TCGA-78-7152-01.R	C:/CloneHD_benchmarking/DPclust/TCGA/dpclust_batch_luad\TCGA-78-7152-01\TCGA-78-7152-01_ccf.tsv
TCGA-78-7153-01	C:/CloneHD_benchmarking/DPclust/TCGA/dpclust_batch_luad\TCGA-78-7153-01	C:/CloneHD_benchmarking/DPclust/TCGA/dpclust_batch_luad\TCGA-78-7153-01\TCGA-78-7153-01_loci.txt	C:/CloneHD_benchmarking/DPclust/TCGA/dpclust_batch_luad\TCGA-78-7153-01\TCGA-78-7153-01_alleleFrequencies.txt	C:/CloneHD_benchmarking/DPclust/TCGA/dpclust_batch_luad\TCGA-78-7153-01\TCGA-78-7153-01.cellularity_ploidy	C:/CloneHD_benchmarking/DPclust/TCGA/dpclust_batch_luad\TCGA-78-7153-01\TCGA-78-7153-01.battenberg	C:/CloneHD_benchmarking/DPclust/TCGA/dpclust_batch_luad\TCGA-78-7153-01\run_dpclust3p_TCGA-78-7153-01.R	C:/CloneHD_benchmarking/DPclust/TCGA/dpclust_batch_luad\TCGA-78-7153-01\TCGA-78-7153-01_ccf.tsv
TCGA-78-7154-01	C:/CloneHD_benchmarking/DPclust/TCGA/dpclust_batch_luad\TCGA-78-7154-01	C:/CloneHD_benchmarking/DPclust/TCGA/dpclust_batch_luad\TCGA-78-7154-01\TCGA-78-7154-01_loci.txt	C:/CloneHD_benchmarking/DPclust/TCGA/dpclust_batch_luad\TCGA-78-7154-01\TCGA-78-7154-01_alleleFrequencies.txt	C:/CloneHD_benchmarking/DPclust/TCGA/dpclust_batch_luad\TCGA-78-7154-01\TCGA-78-7154-01.cellularity_ploidy	C:/CloneHD_benchmarking/DPclust/TCGA/dpclust_batch_luad\TCGA-78-7154-01\TCGA-78-7154-01.battenberg	C:/CloneHD_benchmarking/DPclust/TCGA/dpclust_batch_luad\TCGA-78-7154-01\run_dpclust3p_TCGA-78-7154-01.R	C:/CloneHD_benchmarking/DPclust/TCGA/dpclust_batch_luad\TCGA-78-7154-01\TCGA-78-7154-01_ccf.tsv
TCGA-78-7155-01	C:/CloneHD_benchmarking/DPclust/TCGA/dpclust_batch_luad\TCGA-78-7155-01	C:/CloneHD_benchmarking/DPclust/TCGA/dpclust_batch_luad\TCGA-78-7155-01\TCGA-78-7155-01_loci.txt	C:/CloneHD_benchmarking/DPclust/TCGA/dpclust_batch_luad\TCGA-78-7155-01\TCGA-78-7155-01_alleleFrequencies.txt	C:/CloneHD_benchmarking/DPclust/TCGA/dpclust_batch_luad\TCGA-78-7155-01\TCGA-78-7155-01.cellularity_ploidy	C:/CloneHD_benchmarking/DPclust/TCGA/dpclust_batch_luad\TCGA-78-7155-01\TCGA-78-7155-01.battenberg	C:/CloneHD_benchmarking/DPclust/TCGA/dpclust_batch_luad\TCGA-78-7155-01\run_dpclust3p_TCGA-78-7155-01.R	C:/CloneHD_benchmarking/DPclust/TCGA/dpclust_batch_luad\TCGA-78-7155-01\TCGA-78-7155-01_ccf.tsv
TCGA-78-7156-01	C:/CloneHD_benchmarking/DPclust/TCGA/dpclust_batch_luad\TCGA-78-7156-01	C:/CloneHD_benchmarking/DPclust/TCGA/dpclust_batch_luad\TCGA-78-7156-01\TCGA-78-7156-01_loci.txt	C:/CloneHD_benchmarking/DPclust/TCGA/dpclust_batch_luad\TCGA-78-7156-01\TCGA-78-7156-01_alleleFrequencies.txt	C:/CloneHD_benchmarking/DPclust/TCGA/dpclust_batch_luad\TCGA-78-7156-01\TCGA-78-7156-01.cellularity_ploidy	C:/CloneHD_benchmarking/DPclust/TCGA/dpclust_batch_luad\TCGA-78-7156-01\TCGA-78-7156-01.battenberg	C:/CloneHD_benchmarking/DPclust/TCGA/dpclust_batch_luad\TCGA-78-7156-01\run_dpclust3p_TCGA-78-7156-01.R	C:/CloneHD_benchmarking/DPclust/TCGA/dpclust_batch_luad\TCGA-78-7156-01\TCGA-78-7156-01_ccf.tsv
TCGA-78-7158-01	C:/CloneHD_benchmarking/DPclust/TCGA/dpclust_batch_luad\TCGA-78-7158-01	C:/CloneHD_benchmarking/DPclust/TCGA/dpclust_batch_luad\TCGA-78-7158-01\TCGA-78-7158-01_loci.txt	C:/CloneHD_benchmarking/DPclust/TCGA/dpclust_batch_luad\TCGA-78-7158-01\TCGA-78-7158-01_alleleFrequencies.txt	C:/CloneHD_benchmarking/DPclust/TCGA/dpclust_batch_luad\TCGA-78-7158-01\TCGA-78-7158-01.cellularity_ploidy	C:/CloneHD_benchmarking/DPclust/TCGA/dpclust_batch_luad\TCGA-78-7158-01\TCGA-78-7158-01.battenberg	C:/CloneHD_benchmarking/DPclust/TCGA/dpclust_batch_luad\TCGA-78-7158-01\run_dpclust3p_TCGA-78-7158-01.R	C:/CloneHD_benchmarking/DPclust/TCGA/dpclust_batch_luad\TCGA-78-7158-01\TCGA-78-7158-01_ccf.tsv
TCGA-78-7159-01	C:/CloneHD_benchmarking/DPclust/TCGA/dpclust_batch_luad\TCGA-78-7159-01	C:/CloneHD_benchmarking/DPclust/TCGA/dpclust_batch_luad\TCGA-78-7159-01\TCGA-78-7159-01_loci.txt	C:/CloneHD_benchmarking/DPclust/TCGA/dpclust_batch_luad\TCGA-78-7159-01\TCGA-78-7159-01_alleleFrequencies.txt	C:/CloneHD_benchmarking/DPclust/TCGA/dpclust_batch_luad\TCGA-78-7159-01\TCGA-78-7159-01.cellularity_ploidy	C:/CloneHD_benchmarking/DPclust/TCGA/dpclust_batch_luad\TCGA-78-7159-01\TCGA-78-7159-01.battenberg	C:/CloneHD_benchmarking/DPclust/TCGA/dpclust_batch_luad\TCGA-78-7159-01\run_dpclust3p_TCGA-78-7159-01.R	C:/CloneHD_benchmarking/DPclust/TCGA/dpclust_batch_luad\TCGA-78-7159-01\TCGA-78-7159-01_ccf.tsv
TCGA-78-7160-01	C:/CloneHD_benchmarking/DPclust/TCGA/dpclust_batch_luad\TCGA-78-7160-01	C:/CloneHD_benchmarking/DPclust/TCGA/dpclust_batch_luad\TCGA-78-7160-01\TCGA-78-7160-01_loci.txt	C:/CloneHD_benchmarking/DPclust/TCGA/dpclust_batch_luad\TCGA-78-7160-01\TCGA-78-7160-01_alleleFrequencies.txt	C:/CloneHD_benchmarking/DPclust/TCGA/dpclust_batch_luad\TCGA-78-7160-01\TCGA-78-7160-01.cellularity_ploidy	C:/CloneHD_benchmarking/DPclust/TCGA/dpclust_batch_luad\TCGA-78-7160-01\TCGA-78-7160-01.battenberg	C:/CloneHD_benchmarking/DPclust/TCGA/dpclust_batch_luad\TCGA-78-7160-01\run_dpclust3p_TCGA-78-7160-01.R	C:/CloneHD_benchmarking/DPclust/TCGA/dpclust_batch_luad\TCGA-78-7160-01\TCGA-78-7160-01_ccf.tsv
TCGA-78-7161-01	C:/CloneHD_benchmarking/DPclust/TCGA/dpclust_batch_luad\TCGA-78-7161-01	C:/CloneHD_benchmarking/DPclust/TCGA/dpclust_batch_luad\TCGA-78-7161-01\TCGA-78-7161-01_loci.txt	C:/CloneHD_benchmarking/DPclust/TCGA/dpclust_batch_luad\TCGA-78-7161-01\TCGA-78-7161-01_alleleFrequencies.txt	C:/CloneHD_benchmarking/DPclust/TCGA/dpclust_batch_luad\TCGA-78-7161-01\TCGA-78-7161-01.cellularity_ploidy	C:/CloneHD_benchmarking/DPclust/TCGA/dpclust_batch_luad\TCGA-78-7161-01\TCGA-78-7161-01.battenberg	C:/CloneHD_benchmarking/DPclust/TCGA/dpclust_batch_luad\TCGA-78-7161-01\run_dpclust3p_TCGA-78-7161-01.R	C:/CloneHD_benchmarking/DPclust/TCGA/dpclust_batch_luad\TCGA-78-7161-01\TCGA-78-7161-01_ccf.tsv
TCGA-78-7162-01	C:/CloneHD_benchmarking/DPclust/TCGA/dpclust_batch_luad\TCGA-78-7162-01	C:/CloneHD_benchmarking/DPclust/TCGA/dpclust_batch_luad\TCGA-78-7162-01\TCGA-78-7162-01_loci.txt	C:/CloneHD_benchmarking/DPclust/TCGA/dpclust_batch_luad\TCGA-78-7162-01\TCGA-78-7162-01_alleleFrequencies.txt	C:/CloneHD_benchmarking/DPclust/TCGA/dpclust_batch_luad\TCGA-78-7162-01\TCGA-78-7162-01.cellularity_ploidy	C:/CloneHD_benchmarking/DPclust/TCGA/dpclust_batch_luad\TCGA-78-7162-01\TCGA-78-7162-01.battenberg	C:/CloneHD_benchmarking/DPclust/TCGA/dpclust_batch_luad\TCGA-78-7162-01\run_dpclust3p_TCGA-78-7162-01.R	C:/CloneHD_benchmarking/DPclust/TCGA/dpclust_batch_luad\TCGA-78-7162-01\TCGA-78-7162-01_ccf.tsv
TCGA-78-7163-01	C:/CloneHD_benchmarking/DPclust/TCGA/dpclust_batch_luad\TCGA-78-7163-01	C:/CloneHD_benchmarking/DPclust/TCGA/dpclust_batch_luad\TCGA-78-7163-01\TCGA-78-7163-01_loci.txt	C:/CloneHD_benchmarking/DPclust/TCGA/dpclust_batch_luad\TCGA-78-7163-01\TCGA-78-7163-01_alleleFrequencies.txt	C:/CloneHD_benchmarking/DPclust/TCGA/dpclust_batch_luad\TCGA-78-7163-01\TCGA-78-7163-01.cellularity_ploidy	C:/CloneHD_benchmarking/DPclust/TCGA/dpclust_batch_luad\TCGA-78-7163-01\TCGA-78-7163-01.battenberg	C:/CloneHD_benchmarking/DPclust/TCGA/dpclust_batch_luad\TCGA-78-7163-01\run_dpclust3p_TCGA-78-7163-01.R	C:/CloneHD_benchmarking/DPclust/TCGA/dpclust_batch_luad\TCGA-78-7163-01\TCGA-78-7163-01_ccf.tsv
TCGA-78-7166-01	C:/CloneHD_benchmarking/DPclust/TCGA/dpclust_batch_luad\TCGA-78-7166-01	C:/CloneHD_benchmarking/DPclust/TCGA/dpclust_batch_luad\TCGA-78-7166-01\TCGA-78-7166-01_loci.txt	C:/CloneHD_benchmarking/DPclust/TCGA/dpclust_batch_luad\TCGA-78-7166-01\TCGA-78-7166-01_alleleFrequencies.txt	C:/CloneHD_benchmarking/DPclust/TCGA/dpclust_batch_luad\TCGA-78-7166-01\TCGA-78-7166-01.cellularity_ploidy	C:/CloneHD_benchmarking/DPclust/TCGA/dpclust_batch_luad\TCGA-78-7166-01\TCGA-78-7166-01.battenberg	C:/CloneHD_benchmarking/DPclust/TCGA/dpclust_batch_luad\TCGA-78-7166-01\run_dpclust3p_TCGA-78-7166-01.R	C:/CloneHD_benchmarking/DPclust/TCGA/dpclust_batch_luad\TCGA-78-7166-01\TCGA-78-7166-01_ccf.tsv
TCGA-78-7167-01	C:/CloneHD_benchmarking/DPclust/TCGA/dpclust_batch_luad\TCGA-78-7167-01	C:/CloneHD_benchmarking/DPclust/TCGA/dpclust_batch_luad\TCGA-78-7167-01\TCGA-78-7167-01_loci.txt	C:/CloneHD_benchmarking/DPclust/TCGA/dpclust_batch_luad\TCGA-78-7167-01\TCGA-78-7167-01_alleleFrequencies.txt	C:/CloneHD_benchmarking/DPclust/TCGA/dpclust_batch_luad\TCGA-78-7167-01\TCGA-78-7167-01.cellularity_ploidy	C:/CloneHD_benchmarking/DPclust/TCGA/dpclust_batch_luad\TCGA-78-7167-01\TCGA-78-7167-01.battenberg	C:/CloneHD_benchmarking/DPclust/TCGA/dpclust_batch_luad\TCGA-78-7167-01\run_dpclust3p_TCGA-78-7167-01.R	C:/CloneHD_benchmarking/DPclust/TCGA/dpclust_batch_luad\TCGA-78-7167-01\TCGA-78-7167-01_ccf.tsv
TCGA-78-7220-01	C:/CloneHD_benchmarking/DPclust/TCGA/dpclust_batch_luad\TCGA-78-7220-01	C:/CloneHD_benchmarking/DPclust/TCGA/dpclust_batch_luad\TCGA-78-7220-01\TCGA-78-7220-01_loci.txt	C:/CloneHD_benchmarking/DPclust/TCGA/dpclust_batch_luad\TCGA-78-7220-01\TCGA-78-7220-01_alleleFrequencies.txt	C:/CloneHD_benchmarking/DPclust/TCGA/dpclust_batch_luad\TCGA-78-7220-01\TCGA-78-7220-01.cellularity_ploidy	C:/CloneHD_benchmarking/DPclust/TCGA/dpclust_batch_luad\TCGA-78-7220-01\TCGA-78-7220-01.battenberg	C:/CloneHD_benchmarking/DPclust/TCGA/dpclust_batch_luad\TCGA-78-7220-01\run_dpclust3p_TCGA-78-7220-01.R	C:/CloneHD_benchmarking/DPclust/TCGA/dpclust_batch_luad\TCGA-78-7220-01\TCGA-78-7220-01_ccf.tsv
TCGA-78-7535-01	C:/CloneHD_benchmarking/DPclust/TCGA/dpclust_batch_luad\TCGA-78-7535-01	C:/CloneHD_benchmarking/DPclust/TCGA/dpclust_batch_luad\TCGA-78-7535-01\TCGA-78-7535-01_loci.txt	C:/CloneHD_benchmarking/DPclust/TCGA/dpclust_batch_luad\TCGA-78-7535-01\TCGA-78-7535-01_alleleFrequencies.txt	C:/CloneHD_benchmarking/DPclust/TCGA/dpclust_batch_luad\TCGA-78-7535-01\TCGA-78-7535-01.cellularity_ploidy	C:/CloneHD_benchmarking/DPclust/TCGA/dpclust_batch_luad\TCGA-78-7535-01\TCGA-78-7535-01.battenberg	C:/CloneHD_benchmarking/DPclust/TCGA/dpclust_batch_luad\TCGA-78-7535-01\run_dpclust3p_TCGA-78-7535-01.R	C:/CloneHD_benchmarking/DPclust/TCGA/dpclust_batch_luad\TCGA-78-7535-01\TCGA-78-7535-01_ccf.tsv
TCGA-78-7536-01	C:/CloneHD_benchmarking/DPclust/TCGA/dpclust_batch_luad\TCGA-78-7536-01	C:/CloneHD_benchmarking/DPclust/TCGA/dpclust_batch_luad\TCGA-78-7536-01\TCGA-78-7536-01_loci.txt	C:/CloneHD_benchmarking/DPclust/TCGA/dpclust_batch_luad\TCGA-78-7536-01\TCGA-78-7536-01_alleleFrequencies.txt	C:/CloneHD_benchmarking/DPclust/TCGA/dpclust_batch_luad\TCGA-78-7536-01\TCGA-78-7536-01.cellularity_ploidy	C:/CloneHD_benchmarking/DPclust/TCGA/dpclust_batch_luad\TCGA-78-7536-01\TCGA-78-7536-01.battenberg	C:/CloneHD_benchmarking/DPclust/TCGA/dpclust_batch_luad\TCGA-78-7536-01\run_dpclust3p_TCGA-78-7536-01.R	C:/CloneHD_benchmarking/DPclust/TCGA/dpclust_batch_luad\TCGA-78-7536-01\TCGA-78-7536-01_ccf.tsv
TCGA-78-7537-01	C:/CloneHD_benchmarking/DPclust/TCGA/dpclust_batch_luad\TCGA-78-7537-01	C:/CloneHD_benchmarking/DPclust/TCGA/dpclust_batch_luad\TCGA-78-7537-01\TCGA-78-7537-01_loci.txt	C:/CloneHD_benchmarking/DPclust/TCGA/dpclust_batch_luad\TCGA-78-7537-01\TCGA-78-7537-01_alleleFrequencies.txt	C:/CloneHD_benchmarking/DPclust/TCGA/dpclust_batch_luad\TCGA-78-7537-01\TCGA-78-7537-01.cellularity_ploidy	C:/CloneHD_benchmarking/DPclust/TCGA/dpclust_batch_luad\TCGA-78-7537-01\TCGA-78-7537-01.battenberg	C:/CloneHD_benchmarking/DPclust/TCGA/dpclust_batch_luad\TCGA-78-7537-01\run_dpclust3p_TCGA-78-7537-01.R	C:/CloneHD_benchmarking/DPclust/TCGA/dpclust_batch_luad\TCGA-78-7537-01\TCGA-78-7537-01_ccf.tsv
TCGA-78-7539-01	C:/CloneHD_benchmarking/DPclust/TCGA/dpclust_batch_luad\TCGA-78-7539-01	C:/CloneHD_benchmarking/DPclust/TCGA/dpclust_batch_luad\TCGA-78-7539-01\TCGA-78-7539-01_loci.txt	C:/CloneHD_benchmarking/DPclust/TCGA/dpclust_batch_luad\TCGA-78-7539-01\TCGA-78-7539-01_alleleFrequencies.txt	C:/CloneHD_benchmarking/DPclust/TCGA/dpclust_batch_luad\TCGA-78-7539-01\TCGA-78-7539-01.cellularity_ploidy	C:/CloneHD_benchmarking/DPclust/TCGA/dpclust_batch_luad\TCGA-78-7539-01\TCGA-78-7539-01.battenberg	C:/CloneHD_benchmarking/DPclust/TCGA/dpclust_batch_luad\TCGA-78-7539-01\run_dpclust3p_TCGA-78-7539-01.R	C:/CloneHD_benchmarking/DPclust/TCGA/dpclust_batch_luad\TCGA-78-7539-01\TCGA-78-7539-01_ccf.tsv
TCGA-78-7540-01	C:/CloneHD_benchmarking/DPclust/TCGA/dpclust_batch_luad\TCGA-78-7540-01	C:/CloneHD_benchmarking/DPclust/TCGA/dpclust_batch_luad\TCGA-78-7540-01\TCGA-78-7540-01_loci.txt	C:/CloneHD_benchmarking/DPclust/TCGA/dpclust_batch_luad\TCGA-78-7540-01\TCGA-78-7540-01_alleleFrequencies.txt	C:/CloneHD_benchmarking/DPclust/TCGA/dpclust_batch_luad\TCGA-78-7540-01\TCGA-78-7540-01.cellularity_ploidy	C:/CloneHD_benchmarking/DPclust/TCGA/dpclust_batch_luad\TCGA-78-7540-01\TCGA-78-7540-01.battenberg	C:/CloneHD_benchmarking/DPclust/TCGA/dpclust_batch_luad\TCGA-78-7540-01\run_dpclust3p_TCGA-78-7540-01.R	C:/CloneHD_benchmarking/DPclust/TCGA/dpclust_batch_luad\TCGA-78-7540-01\TCGA-78-7540-01_ccf.tsv
TCGA-78-7542-01	C:/CloneHD_benchmarking/DPclust/TCGA/dpclust_batch_luad\TCGA-78-7542-01	C:/CloneHD_benchmarking/DPclust/TCGA/dpclust_batch_luad\TCGA-78-7542-01\TCGA-78-7542-01_loci.txt	C:/CloneHD_benchmarking/DPclust/TCGA/dpclust_batch_luad\TCGA-78-7542-01\TCGA-78-7542-01_alleleFrequencies.txt	C:/CloneHD_benchmarking/DPclust/TCGA/dpclust_batch_luad\TCGA-78-7542-01\TCGA-78-7542-01.cellularity_ploidy	C:/CloneHD_benchmarking/DPclust/TCGA/dpclust_batch_luad\TCGA-78-7542-01\TCGA-78-7542-01.battenberg	C:/CloneHD_benchmarking/DPclust/TCGA/dpclust_batch_luad\TCGA-78-7542-01\run_dpclust3p_TCGA-78-7542-01.R	C:/CloneHD_benchmarking/DPclust/TCGA/dpclust_batch_luad\TCGA-78-7542-01\TCGA-78-7542-01_ccf.tsv
TCGA-78-7633-01	C:/CloneHD_benchmarking/DPclust/TCGA/dpclust_batch_luad\TCGA-78-7633-01	C:/CloneHD_benchmarking/DPclust/TCGA/dpclust_batch_luad\TCGA-78-7633-01\TCGA-78-7633-01_loci.txt	C:/CloneHD_benchmarking/DPclust/TCGA/dpclust_batch_luad\TCGA-78-7633-01\TCGA-78-7633-01_alleleFrequencies.txt	C:/CloneHD_benchmarking/DPclust/TCGA/dpclust_batch_luad\TCGA-78-7633-01\TCGA-78-7633-01.cellularity_ploidy	C:/CloneHD_benchmarking/DPclust/TCGA/dpclust_batch_luad\TCGA-78-7633-01\TCGA-78-7633-01.battenberg	C:/CloneHD_benchmarking/DPclust/TCGA/dpclust_batch_luad\TCGA-78-7633-01\run_dpclust3p_TCGA-78-7633-01.R	C:/CloneHD_benchmarking/DPclust/TCGA/dpclust_batch_luad\TCGA-78-7633-01\TCGA-78-7633-01_ccf.tsv
TCGA-78-8640-01	C:/CloneHD_benchmarking/DPclust/TCGA/dpclust_batch_luad\TCGA-78-8640-01	C:/CloneHD_benchmarking/DPclust/TCGA/dpclust_batch_luad\TCGA-78-8640-01\TCGA-78-8640-01_loci.txt	C:/CloneHD_benchmarking/DPclust/TCGA/dpclust_batch_luad\TCGA-78-8640-01\TCGA-78-8640-01_alleleFrequencies.txt	C:/CloneHD_benchmarking/DPclust/TCGA/dpclust_batch_luad\TCGA-78-8640-01\TCGA-78-8640-01.cellularity_ploidy	C:/CloneHD_benchmarking/DPclust/TCGA/dpclust_batch_luad\TCGA-78-8640-01\TCGA-78-8640-01.battenberg	C:/CloneHD_benchmarking/DPclust/TCGA/dpclust_batch_luad\TCGA-78-8640-01\run_dpclust3p_TCGA-78-8640-01.R	C:/CloneHD_benchmarking/DPclust/TCGA/dpclust_batch_luad\TCGA-78-8640-01\TCGA-78-8640-01_ccf.tsv
TCGA-78-8655-01	C:/CloneHD_benchmarking/DPclust/TCGA/dpclust_batch_luad\TCGA-78-8655-01	C:/CloneHD_benchmarking/DPclust/TCGA/dpclust_batch_luad\TCGA-78-8655-01\TCGA-78-8655-01_loci.txt	C:/CloneHD_benchmarking/DPclust/TCGA/dpclust_batch_luad\TCGA-78-8655-01\TCGA-78-8655-01_alleleFrequencies.txt	C:/CloneHD_benchmarking/DPclust/TCGA/dpclust_batch_luad\TCGA-78-8655-01\TCGA-78-8655-01.cellularity_ploidy	C:/CloneHD_benchmarking/DPclust/TCGA/dpclust_batch_luad\TCGA-78-8655-01\TCGA-78-8655-01.battenberg	C:/CloneHD_benchmarking/DPclust/TCGA/dpclust_batch_luad\TCGA-78-8655-01\run_dpclust3p_TCGA-78-8655-01.R	C:/CloneHD_benchmarking/DPclust/TCGA/dpclust_batch_luad\TCGA-78-8655-01\TCGA-78-8655-01_ccf.tsv
TCGA-78-8660-01	C:/CloneHD_benchmarking/DPclust/TCGA/dpclust_batch_luad\TCGA-78-8660-01	C:/CloneHD_benchmarking/DPclust/TCGA/dpclust_batch_luad\TCGA-78-8660-01\TCGA-78-8660-01_loci.txt	C:/CloneHD_benchmarking/DPclust/TCGA/dpclust_batch_luad\TCGA-78-8660-01\TCGA-78-8660-01_alleleFrequencies.txt	C:/CloneHD_benchmarking/DPclust/TCGA/dpclust_batch_luad\TCGA-78-8660-01\TCGA-78-8660-01.cellularity_ploidy	C:/CloneHD_benchmarking/DPclust/TCGA/dpclust_batch_luad\TCGA-78-8660-01\TCGA-78-8660-01.battenberg	C:/CloneHD_benchmarking/DPclust/TCGA/dpclust_batch_luad\TCGA-78-8660-01\run_dpclust3p_TCGA-78-8660-01.R	C:/CloneHD_benchmarking/DPclust/TCGA/dpclust_batch_luad\TCGA-78-8660-01\TCGA-78-8660-01_ccf.tsv
TCGA-78-8662-01	C:/CloneHD_benchmarking/DPclust/TCGA/dpclust_batch_luad\TCGA-78-8662-01	C:/CloneHD_benchmarking/DPclust/TCGA/dpclust_batch_luad\TCGA-78-8662-01\TCGA-78-8662-01_loci.txt	C:/CloneHD_benchmarking/DPclust/TCGA/dpclust_batch_luad\TCGA-78-8662-01\TCGA-78-8662-01_alleleFrequencies.txt	C:/CloneHD_benchmarking/DPclust/TCGA/dpclust_batch_luad\TCGA-78-8662-01\TCGA-78-8662-01.cellularity_ploidy	C:/CloneHD_benchmarking/DPclust/TCGA/dpclust_batch_luad\TCGA-78-8662-01\TCGA-78-8662-01.battenberg	C:/CloneHD_benchmarking/DPclust/TCGA/dpclust_batch_luad\TCGA-78-8662-01\run_dpclust3p_TCGA-78-8662-01.R	C:/CloneHD_benchmarking/DPclust/TCGA/dpclust_batch_luad\TCGA-78-8662-01\TCGA-78-8662-01_ccf.tsv
TCGA-80-5607-01	C:/CloneHD_benchmarking/DPclust/TCGA/dpclust_batch_luad\TCGA-80-5607-01	C:/CloneHD_benchmarking/DPclust/TCGA/dpclust_batch_luad\TCGA-80-5607-01\TCGA-80-5607-01_loci.txt	C:/CloneHD_benchmarking/DPclust/TCGA/dpclust_batch_luad\TCGA-80-5607-01\TCGA-80-5607-01_alleleFrequencies.txt	C:/CloneHD_benchmarking/DPclust/TCGA/dpclust_batch_luad\TCGA-80-5607-01\TCGA-80-5607-01.cellularity_ploidy	C:/CloneHD_benchmarking/DPclust/TCGA/dpclust_batch_luad\TCGA-80-5607-01\TCGA-80-5607-01.battenberg	C:/CloneHD_benchmarking/DPclust/TCGA/dpclust_batch_luad\TCGA-80-5607-01\run_dpclust3p_TCGA-80-5607-01.R	C:/CloneHD_benchmarking/DPclust/TCGA/dpclust_batch_luad\TCGA-80-5607-01\TCGA-80-5607-01_ccf.tsv
TCGA-80-5608-01	C:/CloneHD_benchmarking/DPclust/TCGA/dpclust_batch_luad\TCGA-80-5608-01	C:/CloneHD_benchmarking/DPclust/TCGA/dpclust_batch_luad\TCGA-80-5608-01\TCGA-80-5608-01_loci.txt	C:/CloneHD_benchmarking/DPclust/TCGA/dpclust_batch_luad\TCGA-80-5608-01\TCGA-80-5608-01_alleleFrequencies.txt	C:/CloneHD_benchmarking/DPclust/TCGA/dpclust_batch_luad\TCGA-80-5608-01\TCGA-80-5608-01.cellularity_ploidy	C:/CloneHD_benchmarking/DPclust/TCGA/dpclust_batch_luad\TCGA-80-5608-01\TCGA-80-5608-01.battenberg	C:/CloneHD_benchmarking/DPclust/TCGA/dpclust_batch_luad\TCGA-80-5608-01\run_dpclust3p_TCGA-80-5608-01.R	C:/CloneHD_benchmarking/DPclust/TCGA/dpclust_batch_luad\TCGA-80-5608-01\TCGA-80-5608-01_ccf.tsv
TCGA-80-5611-01	C:/CloneHD_benchmarking/DPclust/TCGA/dpclust_batch_luad\TCGA-80-5611-01	C:/CloneHD_benchmarking/DPclust/TCGA/dpclust_batch_luad\TCGA-80-5611-01\TCGA-80-5611-01_loci.txt	C:/CloneHD_benchmarking/DPclust/TCGA/dpclust_batch_luad\TCGA-80-5611-01\TCGA-80-5611-01_alleleFrequencies.txt	C:/CloneHD_benchmarking/DPclust/TCGA/dpclust_batch_luad\TCGA-80-5611-01\TCGA-80-5611-01.cellularity_ploidy	C:/CloneHD_benchmarking/DPclust/TCGA/dpclust_batch_luad\TCGA-80-5611-01\TCGA-80-5611-01.battenberg	C:/CloneHD_benchmarking/DPclust/TCGA/dpclust_batch_luad\TCGA-80-5611-01\run_dpclust3p_TCGA-80-5611-01.R	C:/CloneHD_benchmarking/DPclust/TCGA/dpclust_batch_luad\TCGA-80-5611-01\TCGA-80-5611-01_ccf.tsv
TCGA-83-5908-01	C:/CloneHD_benchmarking/DPclust/TCGA/dpclust_batch_luad\TCGA-83-5908-01	C:/CloneHD_benchmarking/DPclust/TCGA/dpclust_batch_luad\TCGA-83-5908-01\TCGA-83-5908-01_loci.txt	C:/CloneHD_benchmarking/DPclust/TCGA/dpclust_batch_luad\TCGA-83-5908-01\TCGA-83-5908-01_alleleFrequencies.txt	C:/CloneHD_benchmarking/DPclust/TCGA/dpclust_batch_luad\TCGA-83-5908-01\TCGA-83-5908-01.cellularity_ploidy	C:/CloneHD_benchmarking/DPclust/TCGA/dpclust_batch_luad\TCGA-83-5908-01\TCGA-83-5908-01.battenberg	C:/CloneHD_benchmarking/DPclust/TCGA/dpclust_batch_luad\TCGA-83-5908-01\run_dpclust3p_TCGA-83-5908-01.R	C:/CloneHD_benchmarking/DPclust/TCGA/dpclust_batch_luad\TCGA-83-5908-01\TCGA-83-5908-01_ccf.tsv
TCGA-86-6562-01	C:/CloneHD_benchmarking/DPclust/TCGA/dpclust_batch_luad\TCGA-86-6562-01	C:/CloneHD_benchmarking/DPclust/TCGA/dpclust_batch_luad\TCGA-86-6562-01\TCGA-86-6562-01_loci.txt	C:/CloneHD_benchmarking/DPclust/TCGA/dpclust_batch_luad\TCGA-86-6562-01\TCGA-86-6562-01_alleleFrequencies.txt	C:/CloneHD_benchmarking/DPclust/TCGA/dpclust_batch_luad\TCGA-86-6562-01\TCGA-86-6562-01.cellularity_ploidy	C:/CloneHD_benchmarking/DPclust/TCGA/dpclust_batch_luad\TCGA-86-6562-01\TCGA-86-6562-01.battenberg	C:/CloneHD_benchmarking/DPclust/TCGA/dpclust_batch_luad\TCGA-86-6562-01\run_dpclust3p_TCGA-86-6562-01.R	C:/CloneHD_benchmarking/DPclust/TCGA/dpclust_batch_luad\TCGA-86-6562-01\TCGA-86-6562-01_ccf.tsv
TCGA-86-6851-01	C:/CloneHD_benchmarking/DPclust/TCGA/dpclust_batch_luad\TCGA-86-6851-01	C:/CloneHD_benchmarking/DPclust/TCGA/dpclust_batch_luad\TCGA-86-6851-01\TCGA-86-6851-01_loci.txt	C:/CloneHD_benchmarking/DPclust/TCGA/dpclust_batch_luad\TCGA-86-6851-01\TCGA-86-6851-01_alleleFrequencies.txt	C:/CloneHD_benchmarking/DPclust/TCGA/dpclust_batch_luad\TCGA-86-6851-01\TCGA-86-6851-01.cellularity_ploidy	C:/CloneHD_benchmarking/DPclust/TCGA/dpclust_batch_luad\TCGA-86-6851-01\TCGA-86-6851-01.battenberg	C:/CloneHD_benchmarking/DPclust/TCGA/dpclust_batch_luad\TCGA-86-6851-01\run_dpclust3p_TCGA-86-6851-01.R	C:/CloneHD_benchmarking/DPclust/TCGA/dpclust_batch_luad\TCGA-86-6851-01\TCGA-86-6851-01_ccf.tsv
TCGA-86-7701-01	C:/CloneHD_benchmarking/DPclust/TCGA/dpclust_batch_luad\TCGA-86-7701-01	C:/CloneHD_benchmarking/DPclust/TCGA/dpclust_batch_luad\TCGA-86-7701-01\TCGA-86-7701-01_loci.txt	C:/CloneHD_benchmarking/DPclust/TCGA/dpclust_batch_luad\TCGA-86-7701-01\TCGA-86-7701-01_alleleFrequencies.txt	C:/CloneHD_benchmarking/DPclust/TCGA/dpclust_batch_luad\TCGA-86-7701-01\TCGA-86-7701-01.cellularity_ploidy	C:/CloneHD_benchmarking/DPclust/TCGA/dpclust_batch_luad\TCGA-86-7701-01\TCGA-86-7701-01.battenberg	C:/CloneHD_benchmarking/DPclust/TCGA/dpclust_batch_luad\TCGA-86-7701-01\run_dpclust3p_TCGA-86-7701-01.R	C:/CloneHD_benchmarking/DPclust/TCGA/dpclust_batch_luad\TCGA-86-7701-01\TCGA-86-7701-01_ccf.tsv
TCGA-86-7711-01	C:/CloneHD_benchmarking/DPclust/TCGA/dpclust_batch_luad\TCGA-86-7711-01	C:/CloneHD_benchmarking/DPclust/TCGA/dpclust_batch_luad\TCGA-86-7711-01\TCGA-86-7711-01_loci.txt	C:/CloneHD_benchmarking/DPclust/TCGA/dpclust_batch_luad\TCGA-86-7711-01\TCGA-86-7711-01_alleleFrequencies.txt	C:/CloneHD_benchmarking/DPclust/TCGA/dpclust_batch_luad\TCGA-86-7711-01\TCGA-86-7711-01.cellularity_ploidy	C:/CloneHD_benchmarking/DPclust/TCGA/dpclust_batch_luad\TCGA-86-7711-01\TCGA-86-7711-01.battenberg	C:/CloneHD_benchmarking/DPclust/TCGA/dpclust_batch_luad\TCGA-86-7711-01\run_dpclust3p_TCGA-86-7711-01.R	C:/CloneHD_benchmarking/DPclust/TCGA/dpclust_batch_luad\TCGA-86-7711-01\TCGA-86-7711-01_ccf.tsv
TCGA-86-7713-01	C:/CloneHD_benchmarking/DPclust/TCGA/dpclust_batch_luad\TCGA-86-7713-01	C:/CloneHD_benchmarking/DPclust/TCGA/dpclust_batch_luad\TCGA-86-7713-01\TCGA-86-7713-01_loci.txt	C:/CloneHD_benchmarking/DPclust/TCGA/dpclust_batch_luad\TCGA-86-7713-01\TCGA-86-7713-01_alleleFrequencies.txt	C:/CloneHD_benchmarking/DPclust/TCGA/dpclust_batch_luad\TCGA-86-7713-01\TCGA-86-7713-01.cellularity_ploidy	C:/CloneHD_benchmarking/DPclust/TCGA/dpclust_batch_luad\TCGA-86-7713-01\TCGA-86-7713-01.battenberg	C:/CloneHD_benchmarking/DPclust/TCGA/dpclust_batch_luad\TCGA-86-7713-01\run_dpclust3p_TCGA-86-7713-01.R	C:/CloneHD_benchmarking/DPclust/TCGA/dpclust_batch_luad\TCGA-86-7713-01\TCGA-86-7713-01_ccf.tsv
TCGA-86-7714-01	C:/CloneHD_benchmarking/DPclust/TCGA/dpclust_batch_luad\TCGA-86-7714-01	C:/CloneHD_benchmarking/DPclust/TCGA/dpclust_batch_luad\TCGA-86-7714-01\TCGA-86-7714-01_loci.txt	C:/CloneHD_benchmarking/DPclust/TCGA/dpclust_batch_luad\TCGA-86-7714-01\TCGA-86-7714-01_alleleFrequencies.txt	C:/CloneHD_benchmarking/DPclust/TCGA/dpclust_batch_luad\TCGA-86-7714-01\TCGA-86-7714-01.cellularity_ploidy	C:/CloneHD_benchmarking/DPclust/TCGA/dpclust_batch_luad\TCGA-86-7714-01\TCGA-86-7714-01.battenberg	C:/CloneHD_benchmarking/DPclust/TCGA/dpclust_batch_luad\TCGA-86-7714-01\run_dpclust3p_TCGA-86-7714-01.R	C:/CloneHD_benchmarking/DPclust/TCGA/dpclust_batch_luad\TCGA-86-7714-01\TCGA-86-7714-01_ccf.tsv
TCGA-86-7953-01	C:/CloneHD_benchmarking/DPclust/TCGA/dpclust_batch_luad\TCGA-86-7953-01	C:/CloneHD_benchmarking/DPclust/TCGA/dpclust_batch_luad\TCGA-86-7953-01\TCGA-86-7953-01_loci.txt	C:/CloneHD_benchmarking/DPclust/TCGA/dpclust_batch_luad\TCGA-86-7953-01\TCGA-86-7953-01_alleleFrequencies.txt	C:/CloneHD_benchmarking/DPclust/TCGA/dpclust_batch_luad\TCGA-86-7953-01\TCGA-86-7953-01.cellularity_ploidy	C:/CloneHD_benchmarking/DPclust/TCGA/dpclust_batch_luad\TCGA-86-7953-01\TCGA-86-7953-01.battenberg	C:/CloneHD_benchmarking/DPclust/TCGA/dpclust_batch_luad\TCGA-86-7953-01\run_dpclust3p_TCGA-86-7953-01.R	C:/CloneHD_benchmarking/DPclust/TCGA/dpclust_batch_luad\TCGA-86-7953-01\TCGA-86-7953-01_ccf.tsv
TCGA-86-7954-01	C:/CloneHD_benchmarking/DPclust/TCGA/dpclust_batch_luad\TCGA-86-7954-01	C:/CloneHD_benchmarking/DPclust/TCGA/dpclust_batch_luad\TCGA-86-7954-01\TCGA-86-7954-01_loci.txt	C:/CloneHD_benchmarking/DPclust/TCGA/dpclust_batch_luad\TCGA-86-7954-01\TCGA-86-7954-01_alleleFrequencies.txt	C:/CloneHD_benchmarking/DPclust/TCGA/dpclust_batch_luad\TCGA-86-7954-01\TCGA-86-7954-01.cellularity_ploidy	C:/CloneHD_benchmarking/DPclust/TCGA/dpclust_batch_luad\TCGA-86-7954-01\TCGA-86-7954-01.battenberg	C:/CloneHD_benchmarking/DPclust/TCGA/dpclust_batch_luad\TCGA-86-7954-01\run_dpclust3p_TCGA-86-7954-01.R	C:/CloneHD_benchmarking/DPclust/TCGA/dpclust_batch_luad\TCGA-86-7954-01\TCGA-86-7954-01_ccf.tsv
TCGA-86-7955-01	C:/CloneHD_benchmarking/DPclust/TCGA/dpclust_batch_luad\TCGA-86-7955-01	C:/CloneHD_benchmarking/DPclust/TCGA/dpclust_batch_luad\TCGA-86-7955-01\TCGA-86-7955-01_loci.txt	C:/CloneHD_benchmarking/DPclust/TCGA/dpclust_batch_luad\TCGA-86-7955-01\TCGA-86-7955-01_alleleFrequencies.txt	C:/CloneHD_benchmarking/DPclust/TCGA/dpclust_batch_luad\TCGA-86-7955-01\TCGA-86-7955-01.cellularity_ploidy	C:/CloneHD_benchmarking/DPclust/TCGA/dpclust_batch_luad\TCGA-86-7955-01\TCGA-86-7955-01.battenberg	C:/CloneHD_benchmarking/DPclust/TCGA/dpclust_batch_luad\TCGA-86-7955-01\run_dpclust3p_TCGA-86-7955-01.R	C:/CloneHD_benchmarking/DPclust/TCGA/dpclust_batch_luad\TCGA-86-7955-01\TCGA-86-7955-01_ccf.tsv
TCGA-86-8054-01	C:/CloneHD_benchmarking/DPclust/TCGA/dpclust_batch_luad\TCGA-86-8054-01	C:/CloneHD_benchmarking/DPclust/TCGA/dpclust_batch_luad\TCGA-86-8054-01\TCGA-86-8054-01_loci.txt	C:/CloneHD_benchmarking/DPclust/TCGA/dpclust_batch_luad\TCGA-86-8054-01\TCGA-86-8054-01_alleleFrequencies.txt	C:/CloneHD_benchmarking/DPclust/TCGA/dpclust_batch_luad\TCGA-86-8054-01\TCGA-86-8054-01.cellularity_ploidy	C:/CloneHD_benchmarking/DPclust/TCGA/dpclust_batch_luad\TCGA-86-8054-01\TCGA-86-8054-01.battenberg	C:/CloneHD_benchmarking/DPclust/TCGA/dpclust_batch_luad\TCGA-86-8054-01\run_dpclust3p_TCGA-86-8054-01.R	C:/CloneHD_benchmarking/DPclust/TCGA/dpclust_batch_luad\TCGA-86-8054-01\TCGA-86-8054-01_ccf.tsv
TCGA-86-8055-01	C:/CloneHD_benchmarking/DPclust/TCGA/dpclust_batch_luad\TCGA-86-8055-01	C:/CloneHD_benchmarking/DPclust/TCGA/dpclust_batch_luad\TCGA-86-8055-01\TCGA-86-8055-01_loci.txt	C:/CloneHD_benchmarking/DPclust/TCGA/dpclust_batch_luad\TCGA-86-8055-01\TCGA-86-8055-01_alleleFrequencies.txt	C:/CloneHD_benchmarking/DPclust/TCGA/dpclust_batch_luad\TCGA-86-8055-01\TCGA-86-8055-01.cellularity_ploidy	C:/CloneHD_benchmarking/DPclust/TCGA/dpclust_batch_luad\TCGA-86-8055-01\TCGA-86-8055-01.battenberg	C:/CloneHD_benchmarking/DPclust/TCGA/dpclust_batch_luad\TCGA-86-8055-01\run_dpclust3p_TCGA-86-8055-01.R	C:/CloneHD_benchmarking/DPclust/TCGA/dpclust_batch_luad\TCGA-86-8055-01\TCGA-86-8055-01_ccf.tsv
TCGA-86-8056-01	C:/CloneHD_benchmarking/DPclust/TCGA/dpclust_batch_luad\TCGA-86-8056-01	C:/CloneHD_benchmarking/DPclust/TCGA/dpclust_batch_luad\TCGA-86-8056-01\TCGA-86-8056-01_loci.txt	C:/CloneHD_benchmarking/DPclust/TCGA/dpclust_batch_luad\TCGA-86-8056-01\TCGA-86-8056-01_alleleFrequencies.txt	C:/CloneHD_benchmarking/DPclust/TCGA/dpclust_batch_luad\TCGA-86-8056-01\TCGA-86-8056-01.cellularity_ploidy	C:/CloneHD_benchmarking/DPclust/TCGA/dpclust_batch_luad\TCGA-86-8056-01\TCGA-86-8056-01.battenberg	C:/CloneHD_benchmarking/DPclust/TCGA/dpclust_batch_luad\TCGA-86-8056-01\run_dpclust3p_TCGA-86-8056-01.R	C:/CloneHD_benchmarking/DPclust/TCGA/dpclust_batch_luad\TCGA-86-8056-01\TCGA-86-8056-01_ccf.tsv
TCGA-86-8073-01	C:/CloneHD_benchmarking/DPclust/TCGA/dpclust_batch_luad\TCGA-86-8073-01	C:/CloneHD_benchmarking/DPclust/TCGA/dpclust_batch_luad\TCGA-86-8073-01\TCGA-86-8073-01_loci.txt	C:/CloneHD_benchmarking/DPclust/TCGA/dpclust_batch_luad\TCGA-86-8073-01\TCGA-86-8073-01_alleleFrequencies.txt	C:/CloneHD_benchmarking/DPclust/TCGA/dpclust_batch_luad\TCGA-86-8073-01\TCGA-86-8073-01.cellularity_ploidy	C:/CloneHD_benchmarking/DPclust/TCGA/dpclust_batch_luad\TCGA-86-8073-01\TCGA-86-8073-01.battenberg	C:/CloneHD_benchmarking/DPclust/TCGA/dpclust_batch_luad\TCGA-86-8073-01\run_dpclust3p_TCGA-86-8073-01.R	C:/CloneHD_benchmarking/DPclust/TCGA/dpclust_batch_luad\TCGA-86-8073-01\TCGA-86-8073-01_ccf.tsv
TCGA-86-8074-01	C:/CloneHD_benchmarking/DPclust/TCGA/dpclust_batch_luad\TCGA-86-8074-01	C:/CloneHD_benchmarking/DPclust/TCGA/dpclust_batch_luad\TCGA-86-8074-01\TCGA-86-8074-01_loci.txt	C:/CloneHD_benchmarking/DPclust/TCGA/dpclust_batch_luad\TCGA-86-8074-01\TCGA-86-8074-01_alleleFrequencies.txt	C:/CloneHD_benchmarking/DPclust/TCGA/dpclust_batch_luad\TCGA-86-8074-01\TCGA-86-8074-01.cellularity_ploidy	C:/CloneHD_benchmarking/DPclust/TCGA/dpclust_batch_luad\TCGA-86-8074-01\TCGA-86-8074-01.battenberg	C:/CloneHD_benchmarking/DPclust/TCGA/dpclust_batch_luad\TCGA-86-8074-01\run_dpclust3p_TCGA-86-8074-01.R	C:/CloneHD_benchmarking/DPclust/TCGA/dpclust_batch_luad\TCGA-86-8074-01\TCGA-86-8074-01_ccf.tsv
TCGA-86-8075-01	C:/CloneHD_benchmarking/DPclust/TCGA/dpclust_batch_luad\TCGA-86-8075-01	C:/CloneHD_benchmarking/DPclust/TCGA/dpclust_batch_luad\TCGA-86-8075-01\TCGA-86-8075-01_loci.txt	C:/CloneHD_benchmarking/DPclust/TCGA/dpclust_batch_luad\TCGA-86-8075-01\TCGA-86-8075-01_alleleFrequencies.txt	C:/CloneHD_benchmarking/DPclust/TCGA/dpclust_batch_luad\TCGA-86-8075-01\TCGA-86-8075-01.cellularity_ploidy	C:/CloneHD_benchmarking/DPclust/TCGA/dpclust_batch_luad\TCGA-86-8075-01\TCGA-86-8075-01.battenberg	C:/CloneHD_benchmarking/DPclust/TCGA/dpclust_batch_luad\TCGA-86-8075-01\run_dpclust3p_TCGA-86-8075-01.R	C:/CloneHD_benchmarking/DPclust/TCGA/dpclust_batch_luad\TCGA-86-8075-01\TCGA-86-8075-01_ccf.tsv
TCGA-86-8076-01	C:/CloneHD_benchmarking/DPclust/TCGA/dpclust_batch_luad\TCGA-86-8076-01	C:/CloneHD_benchmarking/DPclust/TCGA/dpclust_batch_luad\TCGA-86-8076-01\TCGA-86-8076-01_loci.txt	C:/CloneHD_benchmarking/DPclust/TCGA/dpclust_batch_luad\TCGA-86-8076-01\TCGA-86-8076-01_alleleFrequencies.txt	C:/CloneHD_benchmarking/DPclust/TCGA/dpclust_batch_luad\TCGA-86-8076-01\TCGA-86-8076-01.cellularity_ploidy	C:/CloneHD_benchmarking/DPclust/TCGA/dpclust_batch_luad\TCGA-86-8076-01\TCGA-86-8076-01.battenberg	C:/CloneHD_benchmarking/DPclust/TCGA/dpclust_batch_luad\TCGA-86-8076-01\run_dpclust3p_TCGA-86-8076-01.R	C:/CloneHD_benchmarking/DPclust/TCGA/dpclust_batch_luad\TCGA-86-8076-01\TCGA-86-8076-01_ccf.tsv
TCGA-86-8278-01	C:/CloneHD_benchmarking/DPclust/TCGA/dpclust_batch_luad\TCGA-86-8278-01	C:/CloneHD_benchmarking/DPclust/TCGA/dpclust_batch_luad\TCGA-86-8278-01\TCGA-86-8278-01_loci.txt	C:/CloneHD_benchmarking/DPclust/TCGA/dpclust_batch_luad\TCGA-86-8278-01\TCGA-86-8278-01_alleleFrequencies.txt	C:/CloneHD_benchmarking/DPclust/TCGA/dpclust_batch_luad\TCGA-86-8278-01\TCGA-86-8278-01.cellularity_ploidy	C:/CloneHD_benchmarking/DPclust/TCGA/dpclust_batch_luad\TCGA-86-8278-01\TCGA-86-8278-01.battenberg	C:/CloneHD_benchmarking/DPclust/TCGA/dpclust_batch_luad\TCGA-86-8278-01\run_dpclust3p_TCGA-86-8278-01.R	C:/CloneHD_benchmarking/DPclust/TCGA/dpclust_batch_luad\TCGA-86-8278-01\TCGA-86-8278-01_ccf.tsv
TCGA-86-8279-01	C:/CloneHD_benchmarking/DPclust/TCGA/dpclust_batch_luad\TCGA-86-8279-01	C:/CloneHD_benchmarking/DPclust/TCGA/dpclust_batch_luad\TCGA-86-8279-01\TCGA-86-8279-01_loci.txt	C:/CloneHD_benchmarking/DPclust/TCGA/dpclust_batch_luad\TCGA-86-8279-01\TCGA-86-8279-01_alleleFrequencies.txt	C:/CloneHD_benchmarking/DPclust/TCGA/dpclust_batch_luad\TCGA-86-8279-01\TCGA-86-8279-01.cellularity_ploidy	C:/CloneHD_benchmarking/DPclust/TCGA/dpclust_batch_luad\TCGA-86-8279-01\TCGA-86-8279-01.battenberg	C:/CloneHD_benchmarking/DPclust/TCGA/dpclust_batch_luad\TCGA-86-8279-01\run_dpclust3p_TCGA-86-8279-01.R	C:/CloneHD_benchmarking/DPclust/TCGA/dpclust_batch_luad\TCGA-86-8279-01\TCGA-86-8279-01_ccf.tsv
TCGA-86-8280-01	C:/CloneHD_benchmarking/DPclust/TCGA/dpclust_batch_luad\TCGA-86-8280-01	C:/CloneHD_benchmarking/DPclust/TCGA/dpclust_batch_luad\TCGA-86-8280-01\TCGA-86-8280-01_loci.txt	C:/CloneHD_benchmarking/DPclust/TCGA/dpclust_batch_luad\TCGA-86-8280-01\TCGA-86-8280-01_alleleFrequencies.txt	C:/CloneHD_benchmarking/DPclust/TCGA/dpclust_batch_luad\TCGA-86-8280-01\TCGA-86-8280-01.cellularity_ploidy	C:/CloneHD_benchmarking/DPclust/TCGA/dpclust_batch_luad\TCGA-86-8280-01\TCGA-86-8280-01.battenberg	C:/CloneHD_benchmarking/DPclust/TCGA/dpclust_batch_luad\TCGA-86-8280-01\run_dpclust3p_TCGA-86-8280-01.R	C:/CloneHD_benchmarking/DPclust/TCGA/dpclust_batch_luad\TCGA-86-8280-01\TCGA-86-8280-01_ccf.tsv
TCGA-86-8281-01	C:/CloneHD_benchmarking/DPclust/TCGA/dpclust_batch_luad\TCGA-86-8281-01	C:/CloneHD_benchmarking/DPclust/TCGA/dpclust_batch_luad\TCGA-86-8281-01\TCGA-86-8281-01_loci.txt	C:/CloneHD_benchmarking/DPclust/TCGA/dpclust_batch_luad\TCGA-86-8281-01\TCGA-86-8281-01_alleleFrequencies.txt	C:/CloneHD_benchmarking/DPclust/TCGA/dpclust_batch_luad\TCGA-86-8281-01\TCGA-86-8281-01.cellularity_ploidy	C:/CloneHD_benchmarking/DPclust/TCGA/dpclust_batch_luad\TCGA-86-8281-01\TCGA-86-8281-01.battenberg	C:/CloneHD_benchmarking/DPclust/TCGA/dpclust_batch_luad\TCGA-86-8281-01\run_dpclust3p_TCGA-86-8281-01.R	C:/CloneHD_benchmarking/DPclust/TCGA/dpclust_batch_luad\TCGA-86-8281-01\TCGA-86-8281-01_ccf.tsv
TCGA-86-8358-01	C:/CloneHD_benchmarking/DPclust/TCGA/dpclust_batch_luad\TCGA-86-8358-01	C:/CloneHD_benchmarking/DPclust/TCGA/dpclust_batch_luad\TCGA-86-8358-01\TCGA-86-8358-01_loci.txt	C:/CloneHD_benchmarking/DPclust/TCGA/dpclust_batch_luad\TCGA-86-8358-01\TCGA-86-8358-01_alleleFrequencies.txt	C:/CloneHD_benchmarking/DPclust/TCGA/dpclust_batch_luad\TCGA-86-8358-01\TCGA-86-8358-01.cellularity_ploidy	C:/CloneHD_benchmarking/DPclust/TCGA/dpclust_batch_luad\TCGA-86-8358-01\TCGA-86-8358-01.battenberg	C:/CloneHD_benchmarking/DPclust/TCGA/dpclust_batch_luad\TCGA-86-8358-01\run_dpclust3p_TCGA-86-8358-01.R	C:/CloneHD_benchmarking/DPclust/TCGA/dpclust_batch_luad\TCGA-86-8358-01\TCGA-86-8358-01_ccf.tsv
TCGA-86-8359-01	C:/CloneHD_benchmarking/DPclust/TCGA/dpclust_batch_luad\TCGA-86-8359-01	C:/CloneHD_benchmarking/DPclust/TCGA/dpclust_batch_luad\TCGA-86-8359-01\TCGA-86-8359-01_loci.txt	C:/CloneHD_benchmarking/DPclust/TCGA/dpclust_batch_luad\TCGA-86-8359-01\TCGA-86-8359-01_alleleFrequencies.txt	C:/CloneHD_benchmarking/DPclust/TCGA/dpclust_batch_luad\TCGA-86-8359-01\TCGA-86-8359-01.cellularity_ploidy	C:/CloneHD_benchmarking/DPclust/TCGA/dpclust_batch_luad\TCGA-86-8359-01\TCGA-86-8359-01.battenberg	C:/CloneHD_benchmarking/DPclust/TCGA/dpclust_batch_luad\TCGA-86-8359-01\run_dpclust3p_TCGA-86-8359-01.R	C:/CloneHD_benchmarking/DPclust/TCGA/dpclust_batch_luad\TCGA-86-8359-01\TCGA-86-8359-01_ccf.tsv
TCGA-86-8585-01	C:/CloneHD_benchmarking/DPclust/TCGA/dpclust_batch_luad\TCGA-86-8585-01	C:/CloneHD_benchmarking/DPclust/TCGA/dpclust_batch_luad\TCGA-86-8585-01\TCGA-86-8585-01_loci.txt	C:/CloneHD_benchmarking/DPclust/TCGA/dpclust_batch_luad\TCGA-86-8585-01\TCGA-86-8585-01_alleleFrequencies.txt	C:/CloneHD_benchmarking/DPclust/TCGA/dpclust_batch_luad\TCGA-86-8585-01\TCGA-86-8585-01.cellularity_ploidy	C:/CloneHD_benchmarking/DPclust/TCGA/dpclust_batch_luad\TCGA-86-8585-01\TCGA-86-8585-01.battenberg	C:/CloneHD_benchmarking/DPclust/TCGA/dpclust_batch_luad\TCGA-86-8585-01\run_dpclust3p_TCGA-86-8585-01.R	C:/CloneHD_benchmarking/DPclust/TCGA/dpclust_batch_luad\TCGA-86-8585-01\TCGA-86-8585-01_ccf.tsv
TCGA-86-8668-01	C:/CloneHD_benchmarking/DPclust/TCGA/dpclust_batch_luad\TCGA-86-8668-01	C:/CloneHD_benchmarking/DPclust/TCGA/dpclust_batch_luad\TCGA-86-8668-01\TCGA-86-8668-01_loci.txt	C:/CloneHD_benchmarking/DPclust/TCGA/dpclust_batch_luad\TCGA-86-8668-01\TCGA-86-8668-01_alleleFrequencies.txt	C:/CloneHD_benchmarking/DPclust/TCGA/dpclust_batch_luad\TCGA-86-8668-01\TCGA-86-8668-01.cellularity_ploidy	C:/CloneHD_benchmarking/DPclust/TCGA/dpclust_batch_luad\TCGA-86-8668-01\TCGA-86-8668-01.battenberg	C:/CloneHD_benchmarking/DPclust/TCGA/dpclust_batch_luad\TCGA-86-8668-01\run_dpclust3p_TCGA-86-8668-01.R	C:/CloneHD_benchmarking/DPclust/TCGA/dpclust_batch_luad\TCGA-86-8668-01\TCGA-86-8668-01_ccf.tsv
TCGA-86-8669-01	C:/CloneHD_benchmarking/DPclust/TCGA/dpclust_batch_luad\TCGA-86-8669-01	C:/CloneHD_benchmarking/DPclust/TCGA/dpclust_batch_luad\TCGA-86-8669-01\TCGA-86-8669-01_loci.txt	C:/CloneHD_benchmarking/DPclust/TCGA/dpclust_batch_luad\TCGA-86-8669-01\TCGA-86-8669-01_alleleFrequencies.txt	C:/CloneHD_benchmarking/DPclust/TCGA/dpclust_batch_luad\TCGA-86-8669-01\TCGA-86-8669-01.cellularity_ploidy	C:/CloneHD_benchmarking/DPclust/TCGA/dpclust_batch_luad\TCGA-86-8669-01\TCGA-86-8669-01.battenberg	C:/CloneHD_benchmarking/DPclust/TCGA/dpclust_batch_luad\TCGA-86-8669-01\run_dpclust3p_TCGA-86-8669-01.R	C:/CloneHD_benchmarking/DPclust/TCGA/dpclust_batch_luad\TCGA-86-8669-01\TCGA-86-8669-01_ccf.tsv
TCGA-86-8671-01	C:/CloneHD_benchmarking/DPclust/TCGA/dpclust_batch_luad\TCGA-86-8671-01	C:/CloneHD_benchmarking/DPclust/TCGA/dpclust_batch_luad\TCGA-86-8671-01\TCGA-86-8671-01_loci.txt	C:/CloneHD_benchmarking/DPclust/TCGA/dpclust_batch_luad\TCGA-86-8671-01\TCGA-86-8671-01_alleleFrequencies.txt	C:/CloneHD_benchmarking/DPclust/TCGA/dpclust_batch_luad\TCGA-86-8671-01\TCGA-86-8671-01.cellularity_ploidy	C:/CloneHD_benchmarking/DPclust/TCGA/dpclust_batch_luad\TCGA-86-8671-01\TCGA-86-8671-01.battenberg	C:/CloneHD_benchmarking/DPclust/TCGA/dpclust_batch_luad\TCGA-86-8671-01\run_dpclust3p_TCGA-86-8671-01.R	C:/CloneHD_benchmarking/DPclust/TCGA/dpclust_batch_luad\TCGA-86-8671-01\TCGA-86-8671-01_ccf.tsv
TCGA-86-8672-01	C:/CloneHD_benchmarking/DPclust/TCGA/dpclust_batch_luad\TCGA-86-8672-01	C:/CloneHD_benchmarking/DPclust/TCGA/dpclust_batch_luad\TCGA-86-8672-01\TCGA-86-8672-01_loci.txt	C:/CloneHD_benchmarking/DPclust/TCGA/dpclust_batch_luad\TCGA-86-8672-01\TCGA-86-8672-01_alleleFrequencies.txt	C:/CloneHD_benchmarking/DPclust/TCGA/dpclust_batch_luad\TCGA-86-8672-01\TCGA-86-8672-01.cellularity_ploidy	C:/CloneHD_benchmarking/DPclust/TCGA/dpclust_batch_luad\TCGA-86-8672-01\TCGA-86-8672-01.battenberg	C:/CloneHD_benchmarking/DPclust/TCGA/dpclust_batch_luad\TCGA-86-8672-01\run_dpclust3p_TCGA-86-8672-01.R	C:/CloneHD_benchmarking/DPclust/TCGA/dpclust_batch_luad\TCGA-86-8672-01\TCGA-86-8672-01_ccf.tsv
TCGA-86-8673-01	C:/CloneHD_benchmarking/DPclust/TCGA/dpclust_batch_luad\TCGA-86-8673-01	C:/CloneHD_benchmarking/DPclust/TCGA/dpclust_batch_luad\TCGA-86-8673-01\TCGA-86-8673-01_loci.txt	C:/CloneHD_benchmarking/DPclust/TCGA/dpclust_batch_luad\TCGA-86-8673-01\TCGA-86-8673-01_alleleFrequencies.txt	C:/CloneHD_benchmarking/DPclust/TCGA/dpclust_batch_luad\TCGA-86-8673-01\TCGA-86-8673-01.cellularity_ploidy	C:/CloneHD_benchmarking/DPclust/TCGA/dpclust_batch_luad\TCGA-86-8673-01\TCGA-86-8673-01.battenberg	C:/CloneHD_benchmarking/DPclust/TCGA/dpclust_batch_luad\TCGA-86-8673-01\run_dpclust3p_TCGA-86-8673-01.R	C:/CloneHD_benchmarking/DPclust/TCGA/dpclust_batch_luad\TCGA-86-8673-01\TCGA-86-8673-01_ccf.tsv
TCGA-86-8674-01	C:/CloneHD_benchmarking/DPclust/TCGA/dpclust_batch_luad\TCGA-86-8674-01	C:/CloneHD_benchmarking/DPclust/TCGA/dpclust_batch_luad\TCGA-86-8674-01\TCGA-86-8674-01_loci.txt	C:/CloneHD_benchmarking/DPclust/TCGA/dpclust_batch_luad\TCGA-86-8674-01\TCGA-86-8674-01_alleleFrequencies.txt	C:/CloneHD_benchmarking/DPclust/TCGA/dpclust_batch_luad\TCGA-86-8674-01\TCGA-86-8674-01.cellularity_ploidy	C:/CloneHD_benchmarking/DPclust/TCGA/dpclust_batch_luad\TCGA-86-8674-01\TCGA-86-8674-01.battenberg	C:/CloneHD_benchmarking/DPclust/TCGA/dpclust_batch_luad\TCGA-86-8674-01\run_dpclust3p_TCGA-86-8674-01.R	C:/CloneHD_benchmarking/DPclust/TCGA/dpclust_batch_luad\TCGA-86-8674-01\TCGA-86-8674-01_ccf.tsv
TCGA-86-A456-01	C:/CloneHD_benchmarking/DPclust/TCGA/dpclust_batch_luad\TCGA-86-A456-01	C:/CloneHD_benchmarking/DPclust/TCGA/dpclust_batch_luad\TCGA-86-A456-01\TCGA-86-A456-01_loci.txt	C:/CloneHD_benchmarking/DPclust/TCGA/dpclust_batch_luad\TCGA-86-A456-01\TCGA-86-A456-01_alleleFrequencies.txt	C:/CloneHD_benchmarking/DPclust/TCGA/dpclust_batch_luad\TCGA-86-A456-01\TCGA-86-A456-01.cellularity_ploidy	C:/CloneHD_benchmarking/DPclust/TCGA/dpclust_batch_luad\TCGA-86-A456-01\TCGA-86-A456-01.battenberg	C:/CloneHD_benchmarking/DPclust/TCGA/dpclust_batch_luad\TCGA-86-A456-01\run_dpclust3p_TCGA-86-A456-01.R	C:/CloneHD_benchmarking/DPclust/TCGA/dpclust_batch_luad\TCGA-86-A456-01\TCGA-86-A456-01_ccf.tsv
TCGA-86-A4JF-01	C:/CloneHD_benchmarking/DPclust/TCGA/dpclust_batch_luad\TCGA-86-A4JF-01	C:/CloneHD_benchmarking/DPclust/TCGA/dpclust_batch_luad\TCGA-86-A4JF-01\TCGA-86-A4JF-01_loci.txt	C:/CloneHD_benchmarking/DPclust/TCGA/dpclust_batch_luad\TCGA-86-A4JF-01\TCGA-86-A4JF-01_alleleFrequencies.txt	C:/CloneHD_benchmarking/DPclust/TCGA/dpclust_batch_luad\TCGA-86-A4JF-01\TCGA-86-A4JF-01.cellularity_ploidy	C:/CloneHD_benchmarking/DPclust/TCGA/dpclust_batch_luad\TCGA-86-A4JF-01\TCGA-86-A4JF-01.battenberg	C:/CloneHD_benchmarking/DPclust/TCGA/dpclust_batch_luad\TCGA-86-A4JF-01\run_dpclust3p_TCGA-86-A4JF-01.R	C:/CloneHD_benchmarking/DPclust/TCGA/dpclust_batch_luad\TCGA-86-A4JF-01\TCGA-86-A4JF-01_ccf.tsv
TCGA-86-A4P7-01	C:/CloneHD_benchmarking/DPclust/TCGA/dpclust_batch_luad\TCGA-86-A4P7-01	C:/CloneHD_benchmarking/DPclust/TCGA/dpclust_batch_luad\TCGA-86-A4P7-01\TCGA-86-A4P7-01_loci.txt	C:/CloneHD_benchmarking/DPclust/TCGA/dpclust_batch_luad\TCGA-86-A4P7-01\TCGA-86-A4P7-01_alleleFrequencies.txt	C:/CloneHD_benchmarking/DPclust/TCGA/dpclust_batch_luad\TCGA-86-A4P7-01\TCGA-86-A4P7-01.cellularity_ploidy	C:/CloneHD_benchmarking/DPclust/TCGA/dpclust_batch_luad\TCGA-86-A4P7-01\TCGA-86-A4P7-01.battenberg	C:/CloneHD_benchmarking/DPclust/TCGA/dpclust_batch_luad\TCGA-86-A4P7-01\run_dpclust3p_TCGA-86-A4P7-01.R	C:/CloneHD_benchmarking/DPclust/TCGA/dpclust_batch_luad\TCGA-86-A4P7-01\TCGA-86-A4P7-01_ccf.tsv
TCGA-86-A4P8-01	C:/CloneHD_benchmarking/DPclust/TCGA/dpclust_batch_luad\TCGA-86-A4P8-01	C:/CloneHD_benchmarking/DPclust/TCGA/dpclust_batch_luad\TCGA-86-A4P8-01\TCGA-86-A4P8-01_loci.txt	C:/CloneHD_benchmarking/DPclust/TCGA/dpclust_batch_luad\TCGA-86-A4P8-01\TCGA-86-A4P8-01_alleleFrequencies.txt	C:/CloneHD_benchmarking/DPclust/TCGA/dpclust_batch_luad\TCGA-86-A4P8-01\TCGA-86-A4P8-01.cellularity_ploidy	C:/CloneHD_benchmarking/DPclust/TCGA/dpclust_batch_luad\TCGA-86-A4P8-01\TCGA-86-A4P8-01.battenberg	C:/CloneHD_benchmarking/DPclust/TCGA/dpclust_batch_luad\TCGA-86-A4P8-01\run_dpclust3p_TCGA-86-A4P8-01.R	C:/CloneHD_benchmarking/DPclust/TCGA/dpclust_batch_luad\TCGA-86-A4P8-01\TCGA-86-A4P8-01_ccf.tsv
TCGA-91-6828-01	C:/CloneHD_benchmarking/DPclust/TCGA/dpclust_batch_luad\TCGA-91-6828-01	C:/CloneHD_benchmarking/DPclust/TCGA/dpclust_batch_luad\TCGA-91-6828-01\TCGA-91-6828-01_loci.txt	C:/CloneHD_benchmarking/DPclust/TCGA/dpclust_batch_luad\TCGA-91-6828-01\TCGA-91-6828-01_alleleFrequencies.txt	C:/CloneHD_benchmarking/DPclust/TCGA/dpclust_batch_luad\TCGA-91-6828-01\TCGA-91-6828-01.cellularity_ploidy	C:/CloneHD_benchmarking/DPclust/TCGA/dpclust_batch_luad\TCGA-91-6828-01\TCGA-91-6828-01.battenberg	C:/CloneHD_benchmarking/DPclust/TCGA/dpclust_batch_luad\TCGA-91-6828-01\run_dpclust3p_TCGA-91-6828-01.R	C:/CloneHD_benchmarking/DPclust/TCGA/dpclust_batch_luad\TCGA-91-6828-01\TCGA-91-6828-01_ccf.tsv
TCGA-91-6829-01	C:/CloneHD_benchmarking/DPclust/TCGA/dpclust_batch_luad\TCGA-91-6829-01	C:/CloneHD_benchmarking/DPclust/TCGA/dpclust_batch_luad\TCGA-91-6829-01\TCGA-91-6829-01_loci.txt	C:/CloneHD_benchmarking/DPclust/TCGA/dpclust_batch_luad\TCGA-91-6829-01\TCGA-91-6829-01_alleleFrequencies.txt	C:/CloneHD_benchmarking/DPclust/TCGA/dpclust_batch_luad\TCGA-91-6829-01\TCGA-91-6829-01.cellularity_ploidy	C:/CloneHD_benchmarking/DPclust/TCGA/dpclust_batch_luad\TCGA-91-6829-01\TCGA-91-6829-01.battenberg	C:/CloneHD_benchmarking/DPclust/TCGA/dpclust_batch_luad\TCGA-91-6829-01\run_dpclust3p_TCGA-91-6829-01.R	C:/CloneHD_benchmarking/DPclust/TCGA/dpclust_batch_luad\TCGA-91-6829-01\TCGA-91-6829-01_ccf.tsv
TCGA-91-6830-01	C:/CloneHD_benchmarking/DPclust/TCGA/dpclust_batch_luad\TCGA-91-6830-01	C:/CloneHD_benchmarking/DPclust/TCGA/dpclust_batch_luad\TCGA-91-6830-01\TCGA-91-6830-01_loci.txt	C:/CloneHD_benchmarking/DPclust/TCGA/dpclust_batch_luad\TCGA-91-6830-01\TCGA-91-6830-01_alleleFrequencies.txt	C:/CloneHD_benchmarking/DPclust/TCGA/dpclust_batch_luad\TCGA-91-6830-01\TCGA-91-6830-01.cellularity_ploidy	C:/CloneHD_benchmarking/DPclust/TCGA/dpclust_batch_luad\TCGA-91-6830-01\TCGA-91-6830-01.battenberg	C:/CloneHD_benchmarking/DPclust/TCGA/dpclust_batch_luad\TCGA-91-6830-01\run_dpclust3p_TCGA-91-6830-01.R	C:/CloneHD_benchmarking/DPclust/TCGA/dpclust_batch_luad\TCGA-91-6830-01\TCGA-91-6830-01_ccf.tsv
TCGA-91-6831-01	C:/CloneHD_benchmarking/DPclust/TCGA/dpclust_batch_luad\TCGA-91-6831-01	C:/CloneHD_benchmarking/DPclust/TCGA/dpclust_batch_luad\TCGA-91-6831-01\TCGA-91-6831-01_loci.txt	C:/CloneHD_benchmarking/DPclust/TCGA/dpclust_batch_luad\TCGA-91-6831-01\TCGA-91-6831-01_alleleFrequencies.txt	C:/CloneHD_benchmarking/DPclust/TCGA/dpclust_batch_luad\TCGA-91-6831-01\TCGA-91-6831-01.cellularity_ploidy	C:/CloneHD_benchmarking/DPclust/TCGA/dpclust_batch_luad\TCGA-91-6831-01\TCGA-91-6831-01.battenberg	C:/CloneHD_benchmarking/DPclust/TCGA/dpclust_batch_luad\TCGA-91-6831-01\run_dpclust3p_TCGA-91-6831-01.R	C:/CloneHD_benchmarking/DPclust/TCGA/dpclust_batch_luad\TCGA-91-6831-01\TCGA-91-6831-01_ccf.tsv
TCGA-91-6835-01	C:/CloneHD_benchmarking/DPclust/TCGA/dpclust_batch_luad\TCGA-91-6835-01	C:/CloneHD_benchmarking/DPclust/TCGA/dpclust_batch_luad\TCGA-91-6835-01\TCGA-91-6835-01_loci.txt	C:/CloneHD_benchmarking/DPclust/TCGA/dpclust_batch_luad\TCGA-91-6835-01\TCGA-91-6835-01_alleleFrequencies.txt	C:/CloneHD_benchmarking/DPclust/TCGA/dpclust_batch_luad\TCGA-91-6835-01\TCGA-91-6835-01.cellularity_ploidy	C:/CloneHD_benchmarking/DPclust/TCGA/dpclust_batch_luad\TCGA-91-6835-01\TCGA-91-6835-01.battenberg	C:/CloneHD_benchmarking/DPclust/TCGA/dpclust_batch_luad\TCGA-91-6835-01\run_dpclust3p_TCGA-91-6835-01.R	C:/CloneHD_benchmarking/DPclust/TCGA/dpclust_batch_luad\TCGA-91-6835-01\TCGA-91-6835-01_ccf.tsv
TCGA-91-6836-01	C:/CloneHD_benchmarking/DPclust/TCGA/dpclust_batch_luad\TCGA-91-6836-01	C:/CloneHD_benchmarking/DPclust/TCGA/dpclust_batch_luad\TCGA-91-6836-01\TCGA-91-6836-01_loci.txt	C:/CloneHD_benchmarking/DPclust/TCGA/dpclust_batch_luad\TCGA-91-6836-01\TCGA-91-6836-01_alleleFrequencies.txt	C:/CloneHD_benchmarking/DPclust/TCGA/dpclust_batch_luad\TCGA-91-6836-01\TCGA-91-6836-01.cellularity_ploidy	C:/CloneHD_benchmarking/DPclust/TCGA/dpclust_batch_luad\TCGA-91-6836-01\TCGA-91-6836-01.battenberg	C:/CloneHD_benchmarking/DPclust/TCGA/dpclust_batch_luad\TCGA-91-6836-01\run_dpclust3p_TCGA-91-6836-01.R	C:/CloneHD_benchmarking/DPclust/TCGA/dpclust_batch_luad\TCGA-91-6836-01\TCGA-91-6836-01_ccf.tsv
TCGA-91-6840-01	C:/CloneHD_benchmarking/DPclust/TCGA/dpclust_batch_luad\TCGA-91-6840-01	C:/CloneHD_benchmarking/DPclust/TCGA/dpclust_batch_luad\TCGA-91-6840-01\TCGA-91-6840-01_loci.txt	C:/CloneHD_benchmarking/DPclust/TCGA/dpclust_batch_luad\TCGA-91-6840-01\TCGA-91-6840-01_alleleFrequencies.txt	C:/CloneHD_benchmarking/DPclust/TCGA/dpclust_batch_luad\TCGA-91-6840-01\TCGA-91-6840-01.cellularity_ploidy	C:/CloneHD_benchmarking/DPclust/TCGA/dpclust_batch_luad\TCGA-91-6840-01\TCGA-91-6840-01.battenberg	C:/CloneHD_benchmarking/DPclust/TCGA/dpclust_batch_luad\TCGA-91-6840-01\run_dpclust3p_TCGA-91-6840-01.R	C:/CloneHD_benchmarking/DPclust/TCGA/dpclust_batch_luad\TCGA-91-6840-01\TCGA-91-6840-01_ccf.tsv
TCGA-91-6847-01	C:/CloneHD_benchmarking/DPclust/TCGA/dpclust_batch_luad\TCGA-91-6847-01	C:/CloneHD_benchmarking/DPclust/TCGA/dpclust_batch_luad\TCGA-91-6847-01\TCGA-91-6847-01_loci.txt	C:/CloneHD_benchmarking/DPclust/TCGA/dpclust_batch_luad\TCGA-91-6847-01\TCGA-91-6847-01_alleleFrequencies.txt	C:/CloneHD_benchmarking/DPclust/TCGA/dpclust_batch_luad\TCGA-91-6847-01\TCGA-91-6847-01.cellularity_ploidy	C:/CloneHD_benchmarking/DPclust/TCGA/dpclust_batch_luad\TCGA-91-6847-01\TCGA-91-6847-01.battenberg	C:/CloneHD_benchmarking/DPclust/TCGA/dpclust_batch_luad\TCGA-91-6847-01\run_dpclust3p_TCGA-91-6847-01.R	C:/CloneHD_benchmarking/DPclust/TCGA/dpclust_batch_luad\TCGA-91-6847-01\TCGA-91-6847-01_ccf.tsv
TCGA-91-6848-01	C:/CloneHD_benchmarking/DPclust/TCGA/dpclust_batch_luad\TCGA-91-6848-01	C:/CloneHD_benchmarking/DPclust/TCGA/dpclust_batch_luad\TCGA-91-6848-01\TCGA-91-6848-01_loci.txt	C:/CloneHD_benchmarking/DPclust/TCGA/dpclust_batch_luad\TCGA-91-6848-01\TCGA-91-6848-01_alleleFrequencies.txt	C:/CloneHD_benchmarking/DPclust/TCGA/dpclust_batch_luad\TCGA-91-6848-01\TCGA-91-6848-01.cellularity_ploidy	C:/CloneHD_benchmarking/DPclust/TCGA/dpclust_batch_luad\TCGA-91-6848-01\TCGA-91-6848-01.battenberg	C:/CloneHD_benchmarking/DPclust/TCGA/dpclust_batch_luad\TCGA-91-6848-01\run_dpclust3p_TCGA-91-6848-01.R	C:/CloneHD_benchmarking/DPclust/TCGA/dpclust_batch_luad\TCGA-91-6848-01\TCGA-91-6848-01_ccf.tsv
TCGA-91-6849-01	C:/CloneHD_benchmarking/DPclust/TCGA/dpclust_batch_luad\TCGA-91-6849-01	C:/CloneHD_benchmarking/DPclust/TCGA/dpclust_batch_luad\TCGA-91-6849-01\TCGA-91-6849-01_loci.txt	C:/CloneHD_benchmarking/DPclust/TCGA/dpclust_batch_luad\TCGA-91-6849-01\TCGA-91-6849-01_alleleFrequencies.txt	C:/CloneHD_benchmarking/DPclust/TCGA/dpclust_batch_luad\TCGA-91-6849-01\TCGA-91-6849-01.cellularity_ploidy	C:/CloneHD_benchmarking/DPclust/TCGA/dpclust_batch_luad\TCGA-91-6849-01\TCGA-91-6849-01.battenberg	C:/CloneHD_benchmarking/DPclust/TCGA/dpclust_batch_luad\TCGA-91-6849-01\run_dpclust3p_TCGA-91-6849-01.R	C:/CloneHD_benchmarking/DPclust/TCGA/dpclust_batch_luad\TCGA-91-6849-01\TCGA-91-6849-01_ccf.tsv
TCGA-91-7771-01	C:/CloneHD_benchmarking/DPclust/TCGA/dpclust_batch_luad\TCGA-91-7771-01	C:/CloneHD_benchmarking/DPclust/TCGA/dpclust_batch_luad\TCGA-91-7771-01\TCGA-91-7771-01_loci.txt	C:/CloneHD_benchmarking/DPclust/TCGA/dpclust_batch_luad\TCGA-91-7771-01\TCGA-91-7771-01_alleleFrequencies.txt	C:/CloneHD_benchmarking/DPclust/TCGA/dpclust_batch_luad\TCGA-91-7771-01\TCGA-91-7771-01.cellularity_ploidy	C:/CloneHD_benchmarking/DPclust/TCGA/dpclust_batch_luad\TCGA-91-7771-01\TCGA-91-7771-01.battenberg	C:/CloneHD_benchmarking/DPclust/TCGA/dpclust_batch_luad\TCGA-91-7771-01\run_dpclust3p_TCGA-91-7771-01.R	C:/CloneHD_benchmarking/DPclust/TCGA/dpclust_batch_luad\TCGA-91-7771-01\TCGA-91-7771-01_ccf.tsv
TCGA-91-8496-01	C:/CloneHD_benchmarking/DPclust/TCGA/dpclust_batch_luad\TCGA-91-8496-01	C:/CloneHD_benchmarking/DPclust/TCGA/dpclust_batch_luad\TCGA-91-8496-01\TCGA-91-8496-01_loci.txt	C:/CloneHD_benchmarking/DPclust/TCGA/dpclust_batch_luad\TCGA-91-8496-01\TCGA-91-8496-01_alleleFrequencies.txt	C:/CloneHD_benchmarking/DPclust/TCGA/dpclust_batch_luad\TCGA-91-8496-01\TCGA-91-8496-01.cellularity_ploidy	C:/CloneHD_benchmarking/DPclust/TCGA/dpclust_batch_luad\TCGA-91-8496-01\TCGA-91-8496-01.battenberg	C:/CloneHD_benchmarking/DPclust/TCGA/dpclust_batch_luad\TCGA-91-8496-01\run_dpclust3p_TCGA-91-8496-01.R	C:/CloneHD_benchmarking/DPclust/TCGA/dpclust_batch_luad\TCGA-91-8496-01\TCGA-91-8496-01_ccf.tsv
TCGA-91-8497-01	C:/CloneHD_benchmarking/DPclust/TCGA/dpclust_batch_luad\TCGA-91-8497-01	C:/CloneHD_benchmarking/DPclust/TCGA/dpclust_batch_luad\TCGA-91-8497-01\TCGA-91-8497-01_loci.txt	C:/CloneHD_benchmarking/DPclust/TCGA/dpclust_batch_luad\TCGA-91-8497-01\TCGA-91-8497-01_alleleFrequencies.txt	C:/CloneHD_benchmarking/DPclust/TCGA/dpclust_batch_luad\TCGA-91-8497-01\TCGA-91-8497-01.cellularity_ploidy	C:/CloneHD_benchmarking/DPclust/TCGA/dpclust_batch_luad\TCGA-91-8497-01\TCGA-91-8497-01.battenberg	C:/CloneHD_benchmarking/DPclust/TCGA/dpclust_batch_luad\TCGA-91-8497-01\run_dpclust3p_TCGA-91-8497-01.R	C:/CloneHD_benchmarking/DPclust/TCGA/dpclust_batch_luad\TCGA-91-8497-01\TCGA-91-8497-01_ccf.tsv
TCGA-91-8499-01	C:/CloneHD_benchmarking/DPclust/TCGA/dpclust_batch_luad\TCGA-91-8499-01	C:/CloneHD_benchmarking/DPclust/TCGA/dpclust_batch_luad\TCGA-91-8499-01\TCGA-91-8499-01_loci.txt	C:/CloneHD_benchmarking/DPclust/TCGA/dpclust_batch_luad\TCGA-91-8499-01\TCGA-91-8499-01_alleleFrequencies.txt	C:/CloneHD_benchmarking/DPclust/TCGA/dpclust_batch_luad\TCGA-91-8499-01\TCGA-91-8499-01.cellularity_ploidy	C:/CloneHD_benchmarking/DPclust/TCGA/dpclust_batch_luad\TCGA-91-8499-01\TCGA-91-8499-01.battenberg	C:/CloneHD_benchmarking/DPclust/TCGA/dpclust_batch_luad\TCGA-91-8499-01\run_dpclust3p_TCGA-91-8499-01.R	C:/CloneHD_benchmarking/DPclust/TCGA/dpclust_batch_luad\TCGA-91-8499-01\TCGA-91-8499-01_ccf.tsv
TCGA-91-A4BC-01	C:/CloneHD_benchmarking/DPclust/TCGA/dpclust_batch_luad\TCGA-91-A4BC-01	C:/CloneHD_benchmarking/DPclust/TCGA/dpclust_batch_luad\TCGA-91-A4BC-01\TCGA-91-A4BC-01_loci.txt	C:/CloneHD_benchmarking/DPclust/TCGA/dpclust_batch_luad\TCGA-91-A4BC-01\TCGA-91-A4BC-01_alleleFrequencies.txt	C:/CloneHD_benchmarking/DPclust/TCGA/dpclust_batch_luad\TCGA-91-A4BC-01\TCGA-91-A4BC-01.cellularity_ploidy	C:/CloneHD_benchmarking/DPclust/TCGA/dpclust_batch_luad\TCGA-91-A4BC-01\TCGA-91-A4BC-01.battenberg	C:/CloneHD_benchmarking/DPclust/TCGA/dpclust_batch_luad\TCGA-91-A4BC-01\run_dpclust3p_TCGA-91-A4BC-01.R	C:/CloneHD_benchmarking/DPclust/TCGA/dpclust_batch_luad\TCGA-91-A4BC-01\TCGA-91-A4BC-01_ccf.tsv
TCGA-91-A4BD-01	C:/CloneHD_benchmarking/DPclust/TCGA/dpclust_batch_luad\TCGA-91-A4BD-01	C:/CloneHD_benchmarking/DPclust/TCGA/dpclust_batch_luad\TCGA-91-A4BD-01\TCGA-91-A4BD-01_loci.txt	C:/CloneHD_benchmarking/DPclust/TCGA/dpclust_batch_luad\TCGA-91-A4BD-01\TCGA-91-A4BD-01_alleleFrequencies.txt	C:/CloneHD_benchmarking/DPclust/TCGA/dpclust_batch_luad\TCGA-91-A4BD-01\TCGA-91-A4BD-01.cellularity_ploidy	C:/CloneHD_benchmarking/DPclust/TCGA/dpclust_batch_luad\TCGA-91-A4BD-01\TCGA-91-A4BD-01.battenberg	C:/CloneHD_benchmarking/DPclust/TCGA/dpclust_batch_luad\TCGA-91-A4BD-01\run_dpclust3p_TCGA-91-A4BD-01.R	C:/CloneHD_benchmarking/DPclust/TCGA/dpclust_batch_luad\TCGA-91-A4BD-01\TCGA-91-A4BD-01_ccf.tsv
TCGA-93-7347-01	C:/CloneHD_benchmarking/DPclust/TCGA/dpclust_batch_luad\TCGA-93-7347-01	C:/CloneHD_benchmarking/DPclust/TCGA/dpclust_batch_luad\TCGA-93-7347-01\TCGA-93-7347-01_loci.txt	C:/CloneHD_benchmarking/DPclust/TCGA/dpclust_batch_luad\TCGA-93-7347-01\TCGA-93-7347-01_alleleFrequencies.txt	C:/CloneHD_benchmarking/DPclust/TCGA/dpclust_batch_luad\TCGA-93-7347-01\TCGA-93-7347-01.cellularity_ploidy	C:/CloneHD_benchmarking/DPclust/TCGA/dpclust_batch_luad\TCGA-93-7347-01\TCGA-93-7347-01.battenberg	C:/CloneHD_benchmarking/DPclust/TCGA/dpclust_batch_luad\TCGA-93-7347-01\run_dpclust3p_TCGA-93-7347-01.R	C:/CloneHD_benchmarking/DPclust/TCGA/dpclust_batch_luad\TCGA-93-7347-01\TCGA-93-7347-01_ccf.tsv
TCGA-93-7348-01	C:/CloneHD_benchmarking/DPclust/TCGA/dpclust_batch_luad\TCGA-93-7348-01	C:/CloneHD_benchmarking/DPclust/TCGA/dpclust_batch_luad\TCGA-93-7348-01\TCGA-93-7348-01_loci.txt	C:/CloneHD_benchmarking/DPclust/TCGA/dpclust_batch_luad\TCGA-93-7348-01\TCGA-93-7348-01_alleleFrequencies.txt	C:/CloneHD_benchmarking/DPclust/TCGA/dpclust_batch_luad\TCGA-93-7348-01\TCGA-93-7348-01.cellularity_ploidy	C:/CloneHD_benchmarking/DPclust/TCGA/dpclust_batch_luad\TCGA-93-7348-01\TCGA-93-7348-01.battenberg	C:/CloneHD_benchmarking/DPclust/TCGA/dpclust_batch_luad\TCGA-93-7348-01\run_dpclust3p_TCGA-93-7348-01.R	C:/CloneHD_benchmarking/DPclust/TCGA/dpclust_batch_luad\TCGA-93-7348-01\TCGA-93-7348-01_ccf.tsv
TCGA-93-8067-01	C:/CloneHD_benchmarking/DPclust/TCGA/dpclust_batch_luad\TCGA-93-8067-01	C:/CloneHD_benchmarking/DPclust/TCGA/dpclust_batch_luad\TCGA-93-8067-01\TCGA-93-8067-01_loci.txt	C:/CloneHD_benchmarking/DPclust/TCGA/dpclust_batch_luad\TCGA-93-8067-01\TCGA-93-8067-01_alleleFrequencies.txt	C:/CloneHD_benchmarking/DPclust/TCGA/dpclust_batch_luad\TCGA-93-8067-01\TCGA-93-8067-01.cellularity_ploidy	C:/CloneHD_benchmarking/DPclust/TCGA/dpclust_batch_luad\TCGA-93-8067-01\TCGA-93-8067-01.battenberg	C:/CloneHD_benchmarking/DPclust/TCGA/dpclust_batch_luad\TCGA-93-8067-01\run_dpclust3p_TCGA-93-8067-01.R	C:/CloneHD_benchmarking/DPclust/TCGA/dpclust_batch_luad\TCGA-93-8067-01\TCGA-93-8067-01_ccf.tsv
TCGA-93-A4JN-01	C:/CloneHD_benchmarking/DPclust/TCGA/dpclust_batch_luad\TCGA-93-A4JN-01	C:/CloneHD_benchmarking/DPclust/TCGA/dpclust_batch_luad\TCGA-93-A4JN-01\TCGA-93-A4JN-01_loci.txt	C:/CloneHD_benchmarking/DPclust/TCGA/dpclust_batch_luad\TCGA-93-A4JN-01\TCGA-93-A4JN-01_alleleFrequencies.txt	C:/CloneHD_benchmarking/DPclust/TCGA/dpclust_batch_luad\TCGA-93-A4JN-01\TCGA-93-A4JN-01.cellularity_ploidy	C:/CloneHD_benchmarking/DPclust/TCGA/dpclust_batch_luad\TCGA-93-A4JN-01\TCGA-93-A4JN-01.battenberg	C:/CloneHD_benchmarking/DPclust/TCGA/dpclust_batch_luad\TCGA-93-A4JN-01\run_dpclust3p_TCGA-93-A4JN-01.R	C:/CloneHD_benchmarking/DPclust/TCGA/dpclust_batch_luad\TCGA-93-A4JN-01\TCGA-93-A4JN-01_ccf.tsv
TCGA-93-A4JO-01	C:/CloneHD_benchmarking/DPclust/TCGA/dpclust_batch_luad\TCGA-93-A4JO-01	C:/CloneHD_benchmarking/DPclust/TCGA/dpclust_batch_luad\TCGA-93-A4JO-01\TCGA-93-A4JO-01_loci.txt	C:/CloneHD_benchmarking/DPclust/TCGA/dpclust_batch_luad\TCGA-93-A4JO-01\TCGA-93-A4JO-01_alleleFrequencies.txt	C:/CloneHD_benchmarking/DPclust/TCGA/dpclust_batch_luad\TCGA-93-A4JO-01\TCGA-93-A4JO-01.cellularity_ploidy	C:/CloneHD_benchmarking/DPclust/TCGA/dpclust_batch_luad\TCGA-93-A4JO-01\TCGA-93-A4JO-01.battenberg	C:/CloneHD_benchmarking/DPclust/TCGA/dpclust_batch_luad\TCGA-93-A4JO-01\run_dpclust3p_TCGA-93-A4JO-01.R	C:/CloneHD_benchmarking/DPclust/TCGA/dpclust_batch_luad\TCGA-93-A4JO-01\TCGA-93-A4JO-01_ccf.tsv
TCGA-93-A4JP-01	C:/CloneHD_benchmarking/DPclust/TCGA/dpclust_batch_luad\TCGA-93-A4JP-01	C:/CloneHD_benchmarking/DPclust/TCGA/dpclust_batch_luad\TCGA-93-A4JP-01\TCGA-93-A4JP-01_loci.txt	C:/CloneHD_benchmarking/DPclust/TCGA/dpclust_batch_luad\TCGA-93-A4JP-01\TCGA-93-A4JP-01_alleleFrequencies.txt	C:/CloneHD_benchmarking/DPclust/TCGA/dpclust_batch_luad\TCGA-93-A4JP-01\TCGA-93-A4JP-01.cellularity_ploidy	C:/CloneHD_benchmarking/DPclust/TCGA/dpclust_batch_luad\TCGA-93-A4JP-01\TCGA-93-A4JP-01.battenberg	C:/CloneHD_benchmarking/DPclust/TCGA/dpclust_batch_luad\TCGA-93-A4JP-01\run_dpclust3p_TCGA-93-A4JP-01.R	C:/CloneHD_benchmarking/DPclust/TCGA/dpclust_batch_luad\TCGA-93-A4JP-01\TCGA-93-A4JP-01_ccf.tsv
TCGA-93-A4JQ-01	C:/CloneHD_benchmarking/DPclust/TCGA/dpclust_batch_luad\TCGA-93-A4JQ-01	C:/CloneHD_benchmarking/DPclust/TCGA/dpclust_batch_luad\TCGA-93-A4JQ-01\TCGA-93-A4JQ-01_loci.txt	C:/CloneHD_benchmarking/DPclust/TCGA/dpclust_batch_luad\TCGA-93-A4JQ-01\TCGA-93-A4JQ-01_alleleFrequencies.txt	C:/CloneHD_benchmarking/DPclust/TCGA/dpclust_batch_luad\TCGA-93-A4JQ-01\TCGA-93-A4JQ-01.cellularity_ploidy	C:/CloneHD_benchmarking/DPclust/TCGA/dpclust_batch_luad\TCGA-93-A4JQ-01\TCGA-93-A4JQ-01.battenberg	C:/CloneHD_benchmarking/DPclust/TCGA/dpclust_batch_luad\TCGA-93-A4JQ-01\run_dpclust3p_TCGA-93-A4JQ-01.R	C:/CloneHD_benchmarking/DPclust/TCGA/dpclust_batch_luad\TCGA-93-A4JQ-01\TCGA-93-A4JQ-01_ccf.tsv
TCGA-95-7039-01	C:/CloneHD_benchmarking/DPclust/TCGA/dpclust_batch_luad\TCGA-95-7039-01	C:/CloneHD_benchmarking/DPclust/TCGA/dpclust_batch_luad\TCGA-95-7039-01\TCGA-95-7039-01_loci.txt	C:/CloneHD_benchmarking/DPclust/TCGA/dpclust_batch_luad\TCGA-95-7039-01\TCGA-95-7039-01_alleleFrequencies.txt	C:/CloneHD_benchmarking/DPclust/TCGA/dpclust_batch_luad\TCGA-95-7039-01\TCGA-95-7039-01.cellularity_ploidy	C:/CloneHD_benchmarking/DPclust/TCGA/dpclust_batch_luad\TCGA-95-7039-01\TCGA-95-7039-01.battenberg	C:/CloneHD_benchmarking/DPclust/TCGA/dpclust_batch_luad\TCGA-95-7039-01\run_dpclust3p_TCGA-95-7039-01.R	C:/CloneHD_benchmarking/DPclust/TCGA/dpclust_batch_luad\TCGA-95-7039-01\TCGA-95-7039-01_ccf.tsv
TCGA-95-7043-01	C:/CloneHD_benchmarking/DPclust/TCGA/dpclust_batch_luad\TCGA-95-7043-01	C:/CloneHD_benchmarking/DPclust/TCGA/dpclust_batch_luad\TCGA-95-7043-01\TCGA-95-7043-01_loci.txt	C:/CloneHD_benchmarking/DPclust/TCGA/dpclust_batch_luad\TCGA-95-7043-01\TCGA-95-7043-01_alleleFrequencies.txt	C:/CloneHD_benchmarking/DPclust/TCGA/dpclust_batch_luad\TCGA-95-7043-01\TCGA-95-7043-01.cellularity_ploidy	C:/CloneHD_benchmarking/DPclust/TCGA/dpclust_batch_luad\TCGA-95-7043-01\TCGA-95-7043-01.battenberg	C:/CloneHD_benchmarking/DPclust/TCGA/dpclust_batch_luad\TCGA-95-7043-01\run_dpclust3p_TCGA-95-7043-01.R	C:/CloneHD_benchmarking/DPclust/TCGA/dpclust_batch_luad\TCGA-95-7043-01\TCGA-95-7043-01_ccf.tsv
TCGA-95-7562-01	C:/CloneHD_benchmarking/DPclust/TCGA/dpclust_batch_luad\TCGA-95-7562-01	C:/CloneHD_benchmarking/DPclust/TCGA/dpclust_batch_luad\TCGA-95-7562-01\TCGA-95-7562-01_loci.txt	C:/CloneHD_benchmarking/DPclust/TCGA/dpclust_batch_luad\TCGA-95-7562-01\TCGA-95-7562-01_alleleFrequencies.txt	C:/CloneHD_benchmarking/DPclust/TCGA/dpclust_batch_luad\TCGA-95-7562-01\TCGA-95-7562-01.cellularity_ploidy	C:/CloneHD_benchmarking/DPclust/TCGA/dpclust_batch_luad\TCGA-95-7562-01\TCGA-95-7562-01.battenberg	C:/CloneHD_benchmarking/DPclust/TCGA/dpclust_batch_luad\TCGA-95-7562-01\run_dpclust3p_TCGA-95-7562-01.R	C:/CloneHD_benchmarking/DPclust/TCGA/dpclust_batch_luad\TCGA-95-7562-01\TCGA-95-7562-01_ccf.tsv
TCGA-95-7567-01	C:/CloneHD_benchmarking/DPclust/TCGA/dpclust_batch_luad\TCGA-95-7567-01	C:/CloneHD_benchmarking/DPclust/TCGA/dpclust_batch_luad\TCGA-95-7567-01\TCGA-95-7567-01_loci.txt	C:/CloneHD_benchmarking/DPclust/TCGA/dpclust_batch_luad\TCGA-95-7567-01\TCGA-95-7567-01_alleleFrequencies.txt	C:/CloneHD_benchmarking/DPclust/TCGA/dpclust_batch_luad\TCGA-95-7567-01\TCGA-95-7567-01.cellularity_ploidy	C:/CloneHD_benchmarking/DPclust/TCGA/dpclust_batch_luad\TCGA-95-7567-01\TCGA-95-7567-01.battenberg	C:/CloneHD_benchmarking/DPclust/TCGA/dpclust_batch_luad\TCGA-95-7567-01\run_dpclust3p_TCGA-95-7567-01.R	C:/CloneHD_benchmarking/DPclust/TCGA/dpclust_batch_luad\TCGA-95-7567-01\TCGA-95-7567-01_ccf.tsv
TCGA-95-7944-01	C:/CloneHD_benchmarking/DPclust/TCGA/dpclust_batch_luad\TCGA-95-7944-01	C:/CloneHD_benchmarking/DPclust/TCGA/dpclust_batch_luad\TCGA-95-7944-01\TCGA-95-7944-01_loci.txt	C:/CloneHD_benchmarking/DPclust/TCGA/dpclust_batch_luad\TCGA-95-7944-01\TCGA-95-7944-01_alleleFrequencies.txt	C:/CloneHD_benchmarking/DPclust/TCGA/dpclust_batch_luad\TCGA-95-7944-01\TCGA-95-7944-01.cellularity_ploidy	C:/CloneHD_benchmarking/DPclust/TCGA/dpclust_batch_luad\TCGA-95-7944-01\TCGA-95-7944-01.battenberg	C:/CloneHD_benchmarking/DPclust/TCGA/dpclust_batch_luad\TCGA-95-7944-01\run_dpclust3p_TCGA-95-7944-01.R	C:/CloneHD_benchmarking/DPclust/TCGA/dpclust_batch_luad\TCGA-95-7944-01\TCGA-95-7944-01_ccf.tsv
TCGA-95-7947-01	C:/CloneHD_benchmarking/DPclust/TCGA/dpclust_batch_luad\TCGA-95-7947-01	C:/CloneHD_benchmarking/DPclust/TCGA/dpclust_batch_luad\TCGA-95-7947-01\TCGA-95-7947-01_loci.txt	C:/CloneHD_benchmarking/DPclust/TCGA/dpclust_batch_luad\TCGA-95-7947-01\TCGA-95-7947-01_alleleFrequencies.txt	C:/CloneHD_benchmarking/DPclust/TCGA/dpclust_batch_luad\TCGA-95-7947-01\TCGA-95-7947-01.cellularity_ploidy	C:/CloneHD_benchmarking/DPclust/TCGA/dpclust_batch_luad\TCGA-95-7947-01\TCGA-95-7947-01.battenberg	C:/CloneHD_benchmarking/DPclust/TCGA/dpclust_batch_luad\TCGA-95-7947-01\run_dpclust3p_TCGA-95-7947-01.R	C:/CloneHD_benchmarking/DPclust/TCGA/dpclust_batch_luad\TCGA-95-7947-01\TCGA-95-7947-01_ccf.tsv
TCGA-95-8039-01	C:/CloneHD_benchmarking/DPclust/TCGA/dpclust_batch_luad\TCGA-95-8039-01	C:/CloneHD_benchmarking/DPclust/TCGA/dpclust_batch_luad\TCGA-95-8039-01\TCGA-95-8039-01_loci.txt	C:/CloneHD_benchmarking/DPclust/TCGA/dpclust_batch_luad\TCGA-95-8039-01\TCGA-95-8039-01_alleleFrequencies.txt	C:/CloneHD_benchmarking/DPclust/TCGA/dpclust_batch_luad\TCGA-95-8039-01\TCGA-95-8039-01.cellularity_ploidy	C:/CloneHD_benchmarking/DPclust/TCGA/dpclust_batch_luad\TCGA-95-8039-01\TCGA-95-8039-01.battenberg	C:/CloneHD_benchmarking/DPclust/TCGA/dpclust_batch_luad\TCGA-95-8039-01\run_dpclust3p_TCGA-95-8039-01.R	C:/CloneHD_benchmarking/DPclust/TCGA/dpclust_batch_luad\TCGA-95-8039-01\TCGA-95-8039-01_ccf.tsv
TCGA-95-8494-01	C:/CloneHD_benchmarking/DPclust/TCGA/dpclust_batch_luad\TCGA-95-8494-01	C:/CloneHD_benchmarking/DPclust/TCGA/dpclust_batch_luad\TCGA-95-8494-01\TCGA-95-8494-01_loci.txt	C:/CloneHD_benchmarking/DPclust/TCGA/dpclust_batch_luad\TCGA-95-8494-01\TCGA-95-8494-01_alleleFrequencies.txt	C:/CloneHD_benchmarking/DPclust/TCGA/dpclust_batch_luad\TCGA-95-8494-01\TCGA-95-8494-01.cellularity_ploidy	C:/CloneHD_benchmarking/DPclust/TCGA/dpclust_batch_luad\TCGA-95-8494-01\TCGA-95-8494-01.battenberg	C:/CloneHD_benchmarking/DPclust/TCGA/dpclust_batch_luad\TCGA-95-8494-01\run_dpclust3p_TCGA-95-8494-01.R	C:/CloneHD_benchmarking/DPclust/TCGA/dpclust_batch_luad\TCGA-95-8494-01\TCGA-95-8494-01_ccf.tsv
TCGA-95-A4VK-01	C:/CloneHD_benchmarking/DPclust/TCGA/dpclust_batch_luad\TCGA-95-A4VK-01	C:/CloneHD_benchmarking/DPclust/TCGA/dpclust_batch_luad\TCGA-95-A4VK-01\TCGA-95-A4VK-01_loci.txt	C:/CloneHD_benchmarking/DPclust/TCGA/dpclust_batch_luad\TCGA-95-A4VK-01\TCGA-95-A4VK-01_alleleFrequencies.txt	C:/CloneHD_benchmarking/DPclust/TCGA/dpclust_batch_luad\TCGA-95-A4VK-01\TCGA-95-A4VK-01.cellularity_ploidy	C:/CloneHD_benchmarking/DPclust/TCGA/dpclust_batch_luad\TCGA-95-A4VK-01\TCGA-95-A4VK-01.battenberg	C:/CloneHD_benchmarking/DPclust/TCGA/dpclust_batch_luad\TCGA-95-A4VK-01\run_dpclust3p_TCGA-95-A4VK-01.R	C:/CloneHD_benchmarking/DPclust/TCGA/dpclust_batch_luad\TCGA-95-A4VK-01\TCGA-95-A4VK-01_ccf.tsv
TCGA-95-A4VN-01	C:/CloneHD_benchmarking/DPclust/TCGA/dpclust_batch_luad\TCGA-95-A4VN-01	C:/CloneHD_benchmarking/DPclust/TCGA/dpclust_batch_luad\TCGA-95-A4VN-01\TCGA-95-A4VN-01_loci.txt	C:/CloneHD_benchmarking/DPclust/TCGA/dpclust_batch_luad\TCGA-95-A4VN-01\TCGA-95-A4VN-01_alleleFrequencies.txt	C:/CloneHD_benchmarking/DPclust/TCGA/dpclust_batch_luad\TCGA-95-A4VN-01\TCGA-95-A4VN-01.cellularity_ploidy	C:/CloneHD_benchmarking/DPclust/TCGA/dpclust_batch_luad\TCGA-95-A4VN-01\TCGA-95-A4VN-01.battenberg	C:/CloneHD_benchmarking/DPclust/TCGA/dpclust_batch_luad\TCGA-95-A4VN-01\run_dpclust3p_TCGA-95-A4VN-01.R	C:/CloneHD_benchmarking/DPclust/TCGA/dpclust_batch_luad\TCGA-95-A4VN-01\TCGA-95-A4VN-01_ccf.tsv
TCGA-95-A4VP-01	C:/CloneHD_benchmarking/DPclust/TCGA/dpclust_batch_luad\TCGA-95-A4VP-01	C:/CloneHD_benchmarking/DPclust/TCGA/dpclust_batch_luad\TCGA-95-A4VP-01\TCGA-95-A4VP-01_loci.txt	C:/CloneHD_benchmarking/DPclust/TCGA/dpclust_batch_luad\TCGA-95-A4VP-01\TCGA-95-A4VP-01_alleleFrequencies.txt	C:/CloneHD_benchmarking/DPclust/TCGA/dpclust_batch_luad\TCGA-95-A4VP-01\TCGA-95-A4VP-01.cellularity_ploidy	C:/CloneHD_benchmarking/DPclust/TCGA/dpclust_batch_luad\TCGA-95-A4VP-01\TCGA-95-A4VP-01.battenberg	C:/CloneHD_benchmarking/DPclust/TCGA/dpclust_batch_luad\TCGA-95-A4VP-01\run_dpclust3p_TCGA-95-A4VP-01.R	C:/CloneHD_benchmarking/DPclust/TCGA/dpclust_batch_luad\TCGA-95-A4VP-01\TCGA-95-A4VP-01_ccf.tsv
TCGA-97-7546-01	C:/CloneHD_benchmarking/DPclust/TCGA/dpclust_batch_luad\TCGA-97-7546-01	C:/CloneHD_benchmarking/DPclust/TCGA/dpclust_batch_luad\TCGA-97-7546-01\TCGA-97-7546-01_loci.txt	C:/CloneHD_benchmarking/DPclust/TCGA/dpclust_batch_luad\TCGA-97-7546-01\TCGA-97-7546-01_alleleFrequencies.txt	C:/CloneHD_benchmarking/DPclust/TCGA/dpclust_batch_luad\TCGA-97-7546-01\TCGA-97-7546-01.cellularity_ploidy	C:/CloneHD_benchmarking/DPclust/TCGA/dpclust_batch_luad\TCGA-97-7546-01\TCGA-97-7546-01.battenberg	C:/CloneHD_benchmarking/DPclust/TCGA/dpclust_batch_luad\TCGA-97-7546-01\run_dpclust3p_TCGA-97-7546-01.R	C:/CloneHD_benchmarking/DPclust/TCGA/dpclust_batch_luad\TCGA-97-7546-01\TCGA-97-7546-01_ccf.tsv
TCGA-97-7547-01	C:/CloneHD_benchmarking/DPclust/TCGA/dpclust_batch_luad\TCGA-97-7547-01	C:/CloneHD_benchmarking/DPclust/TCGA/dpclust_batch_luad\TCGA-97-7547-01\TCGA-97-7547-01_loci.txt	C:/CloneHD_benchmarking/DPclust/TCGA/dpclust_batch_luad\TCGA-97-7547-01\TCGA-97-7547-01_alleleFrequencies.txt	C:/CloneHD_benchmarking/DPclust/TCGA/dpclust_batch_luad\TCGA-97-7547-01\TCGA-97-7547-01.cellularity_ploidy	C:/CloneHD_benchmarking/DPclust/TCGA/dpclust_batch_luad\TCGA-97-7547-01\TCGA-97-7547-01.battenberg	C:/CloneHD_benchmarking/DPclust/TCGA/dpclust_batch_luad\TCGA-97-7547-01\run_dpclust3p_TCGA-97-7547-01.R	C:/CloneHD_benchmarking/DPclust/TCGA/dpclust_batch_luad\TCGA-97-7547-01\TCGA-97-7547-01_ccf.tsv
TCGA-97-7552-01	C:/CloneHD_benchmarking/DPclust/TCGA/dpclust_batch_luad\TCGA-97-7552-01	C:/CloneHD_benchmarking/DPclust/TCGA/dpclust_batch_luad\TCGA-97-7552-01\TCGA-97-7552-01_loci.txt	C:/CloneHD_benchmarking/DPclust/TCGA/dpclust_batch_luad\TCGA-97-7552-01\TCGA-97-7552-01_alleleFrequencies.txt	C:/CloneHD_benchmarking/DPclust/TCGA/dpclust_batch_luad\TCGA-97-7552-01\TCGA-97-7552-01.cellularity_ploidy	C:/CloneHD_benchmarking/DPclust/TCGA/dpclust_batch_luad\TCGA-97-7552-01\TCGA-97-7552-01.battenberg	C:/CloneHD_benchmarking/DPclust/TCGA/dpclust_batch_luad\TCGA-97-7552-01\run_dpclust3p_TCGA-97-7552-01.R	C:/CloneHD_benchmarking/DPclust/TCGA/dpclust_batch_luad\TCGA-97-7552-01\TCGA-97-7552-01_ccf.tsv
TCGA-97-7553-01	C:/CloneHD_benchmarking/DPclust/TCGA/dpclust_batch_luad\TCGA-97-7553-01	C:/CloneHD_benchmarking/DPclust/TCGA/dpclust_batch_luad\TCGA-97-7553-01\TCGA-97-7553-01_loci.txt	C:/CloneHD_benchmarking/DPclust/TCGA/dpclust_batch_luad\TCGA-97-7553-01\TCGA-97-7553-01_alleleFrequencies.txt	C:/CloneHD_benchmarking/DPclust/TCGA/dpclust_batch_luad\TCGA-97-7553-01\TCGA-97-7553-01.cellularity_ploidy	C:/CloneHD_benchmarking/DPclust/TCGA/dpclust_batch_luad\TCGA-97-7553-01\TCGA-97-7553-01.battenberg	C:/CloneHD_benchmarking/DPclust/TCGA/dpclust_batch_luad\TCGA-97-7553-01\run_dpclust3p_TCGA-97-7553-01.R	C:/CloneHD_benchmarking/DPclust/TCGA/dpclust_batch_luad\TCGA-97-7553-01\TCGA-97-7553-01_ccf.tsv
TCGA-97-7554-01	C:/CloneHD_benchmarking/DPclust/TCGA/dpclust_batch_luad\TCGA-97-7554-01	C:/CloneHD_benchmarking/DPclust/TCGA/dpclust_batch_luad\TCGA-97-7554-01\TCGA-97-7554-01_loci.txt	C:/CloneHD_benchmarking/DPclust/TCGA/dpclust_batch_luad\TCGA-97-7554-01\TCGA-97-7554-01_alleleFrequencies.txt	C:/CloneHD_benchmarking/DPclust/TCGA/dpclust_batch_luad\TCGA-97-7554-01\TCGA-97-7554-01.cellularity_ploidy	C:/CloneHD_benchmarking/DPclust/TCGA/dpclust_batch_luad\TCGA-97-7554-01\TCGA-97-7554-01.battenberg	C:/CloneHD_benchmarking/DPclust/TCGA/dpclust_batch_luad\TCGA-97-7554-01\run_dpclust3p_TCGA-97-7554-01.R	C:/CloneHD_benchmarking/DPclust/TCGA/dpclust_batch_luad\TCGA-97-7554-01\TCGA-97-7554-01_ccf.tsv
TCGA-97-7937-01	C:/CloneHD_benchmarking/DPclust/TCGA/dpclust_batch_luad\TCGA-97-7937-01	C:/CloneHD_benchmarking/DPclust/TCGA/dpclust_batch_luad\TCGA-97-7937-01\TCGA-97-7937-01_loci.txt	C:/CloneHD_benchmarking/DPclust/TCGA/dpclust_batch_luad\TCGA-97-7937-01\TCGA-97-7937-01_alleleFrequencies.txt	C:/CloneHD_benchmarking/DPclust/TCGA/dpclust_batch_luad\TCGA-97-7937-01\TCGA-97-7937-01.cellularity_ploidy	C:/CloneHD_benchmarking/DPclust/TCGA/dpclust_batch_luad\TCGA-97-7937-01\TCGA-97-7937-01.battenberg	C:/CloneHD_benchmarking/DPclust/TCGA/dpclust_batch_luad\TCGA-97-7937-01\run_dpclust3p_TCGA-97-7937-01.R	C:/CloneHD_benchmarking/DPclust/TCGA/dpclust_batch_luad\TCGA-97-7937-01\TCGA-97-7937-01_ccf.tsv
TCGA-97-7938-01	C:/CloneHD_benchmarking/DPclust/TCGA/dpclust_batch_luad\TCGA-97-7938-01	C:/CloneHD_benchmarking/DPclust/TCGA/dpclust_batch_luad\TCGA-97-7938-01\TCGA-97-7938-01_loci.txt	C:/CloneHD_benchmarking/DPclust/TCGA/dpclust_batch_luad\TCGA-97-7938-01\TCGA-97-7938-01_alleleFrequencies.txt	C:/CloneHD_benchmarking/DPclust/TCGA/dpclust_batch_luad\TCGA-97-7938-01\TCGA-97-7938-01.cellularity_ploidy	C:/CloneHD_benchmarking/DPclust/TCGA/dpclust_batch_luad\TCGA-97-7938-01\TCGA-97-7938-01.battenberg	C:/CloneHD_benchmarking/DPclust/TCGA/dpclust_batch_luad\TCGA-97-7938-01\run_dpclust3p_TCGA-97-7938-01.R	C:/CloneHD_benchmarking/DPclust/TCGA/dpclust_batch_luad\TCGA-97-7938-01\TCGA-97-7938-01_ccf.tsv
TCGA-97-7941-01	C:/CloneHD_benchmarking/DPclust/TCGA/dpclust_batch_luad\TCGA-97-7941-01	C:/CloneHD_benchmarking/DPclust/TCGA/dpclust_batch_luad\TCGA-97-7941-01\TCGA-97-7941-01_loci.txt	C:/CloneHD_benchmarking/DPclust/TCGA/dpclust_batch_luad\TCGA-97-7941-01\TCGA-97-7941-01_alleleFrequencies.txt	C:/CloneHD_benchmarking/DPclust/TCGA/dpclust_batch_luad\TCGA-97-7941-01\TCGA-97-7941-01.cellularity_ploidy	C:/CloneHD_benchmarking/DPclust/TCGA/dpclust_batch_luad\TCGA-97-7941-01\TCGA-97-7941-01.battenberg	C:/CloneHD_benchmarking/DPclust/TCGA/dpclust_batch_luad\TCGA-97-7941-01\run_dpclust3p_TCGA-97-7941-01.R	C:/CloneHD_benchmarking/DPclust/TCGA/dpclust_batch_luad\TCGA-97-7941-01\TCGA-97-7941-01_ccf.tsv
TCGA-97-8171-01	C:/CloneHD_benchmarking/DPclust/TCGA/dpclust_batch_luad\TCGA-97-8171-01	C:/CloneHD_benchmarking/DPclust/TCGA/dpclust_batch_luad\TCGA-97-8171-01\TCGA-97-8171-01_loci.txt	C:/CloneHD_benchmarking/DPclust/TCGA/dpclust_batch_luad\TCGA-97-8171-01\TCGA-97-8171-01_alleleFrequencies.txt	C:/CloneHD_benchmarking/DPclust/TCGA/dpclust_batch_luad\TCGA-97-8171-01\TCGA-97-8171-01.cellularity_ploidy	C:/CloneHD_benchmarking/DPclust/TCGA/dpclust_batch_luad\TCGA-97-8171-01\TCGA-97-8171-01.battenberg	C:/CloneHD_benchmarking/DPclust/TCGA/dpclust_batch_luad\TCGA-97-8171-01\run_dpclust3p_TCGA-97-8171-01.R	C:/CloneHD_benchmarking/DPclust/TCGA/dpclust_batch_luad\TCGA-97-8171-01\TCGA-97-8171-01_ccf.tsv
TCGA-97-8172-01	C:/CloneHD_benchmarking/DPclust/TCGA/dpclust_batch_luad\TCGA-97-8172-01	C:/CloneHD_benchmarking/DPclust/TCGA/dpclust_batch_luad\TCGA-97-8172-01\TCGA-97-8172-01_loci.txt	C:/CloneHD_benchmarking/DPclust/TCGA/dpclust_batch_luad\TCGA-97-8172-01\TCGA-97-8172-01_alleleFrequencies.txt	C:/CloneHD_benchmarking/DPclust/TCGA/dpclust_batch_luad\TCGA-97-8172-01\TCGA-97-8172-01.cellularity_ploidy	C:/CloneHD_benchmarking/DPclust/TCGA/dpclust_batch_luad\TCGA-97-8172-01\TCGA-97-8172-01.battenberg	C:/CloneHD_benchmarking/DPclust/TCGA/dpclust_batch_luad\TCGA-97-8172-01\run_dpclust3p_TCGA-97-8172-01.R	C:/CloneHD_benchmarking/DPclust/TCGA/dpclust_batch_luad\TCGA-97-8172-01\TCGA-97-8172-01_ccf.tsv
TCGA-97-8174-01	C:/CloneHD_benchmarking/DPclust/TCGA/dpclust_batch_luad\TCGA-97-8174-01	C:/CloneHD_benchmarking/DPclust/TCGA/dpclust_batch_luad\TCGA-97-8174-01\TCGA-97-8174-01_loci.txt	C:/CloneHD_benchmarking/DPclust/TCGA/dpclust_batch_luad\TCGA-97-8174-01\TCGA-97-8174-01_alleleFrequencies.txt	C:/CloneHD_benchmarking/DPclust/TCGA/dpclust_batch_luad\TCGA-97-8174-01\TCGA-97-8174-01.cellularity_ploidy	C:/CloneHD_benchmarking/DPclust/TCGA/dpclust_batch_luad\TCGA-97-8174-01\TCGA-97-8174-01.battenberg	C:/CloneHD_benchmarking/DPclust/TCGA/dpclust_batch_luad\TCGA-97-8174-01\run_dpclust3p_TCGA-97-8174-01.R	C:/CloneHD_benchmarking/DPclust/TCGA/dpclust_batch_luad\TCGA-97-8174-01\TCGA-97-8174-01_ccf.tsv
TCGA-97-8175-01	C:/CloneHD_benchmarking/DPclust/TCGA/dpclust_batch_luad\TCGA-97-8175-01	C:/CloneHD_benchmarking/DPclust/TCGA/dpclust_batch_luad\TCGA-97-8175-01\TCGA-97-8175-01_loci.txt	C:/CloneHD_benchmarking/DPclust/TCGA/dpclust_batch_luad\TCGA-97-8175-01\TCGA-97-8175-01_alleleFrequencies.txt	C:/CloneHD_benchmarking/DPclust/TCGA/dpclust_batch_luad\TCGA-97-8175-01\TCGA-97-8175-01.cellularity_ploidy	C:/CloneHD_benchmarking/DPclust/TCGA/dpclust_batch_luad\TCGA-97-8175-01\TCGA-97-8175-01.battenberg	C:/CloneHD_benchmarking/DPclust/TCGA/dpclust_batch_luad\TCGA-97-8175-01\run_dpclust3p_TCGA-97-8175-01.R	C:/CloneHD_benchmarking/DPclust/TCGA/dpclust_batch_luad\TCGA-97-8175-01\TCGA-97-8175-01_ccf.tsv
TCGA-97-8176-01	C:/CloneHD_benchmarking/DPclust/TCGA/dpclust_batch_luad\TCGA-97-8176-01	C:/CloneHD_benchmarking/DPclust/TCGA/dpclust_batch_luad\TCGA-97-8176-01\TCGA-97-8176-01_loci.txt	C:/CloneHD_benchmarking/DPclust/TCGA/dpclust_batch_luad\TCGA-97-8176-01\TCGA-97-8176-01_alleleFrequencies.txt	C:/CloneHD_benchmarking/DPclust/TCGA/dpclust_batch_luad\TCGA-97-8176-01\TCGA-97-8176-01.cellularity_ploidy	C:/CloneHD_benchmarking/DPclust/TCGA/dpclust_batch_luad\TCGA-97-8176-01\TCGA-97-8176-01.battenberg	C:/CloneHD_benchmarking/DPclust/TCGA/dpclust_batch_luad\TCGA-97-8176-01\run_dpclust3p_TCGA-97-8176-01.R	C:/CloneHD_benchmarking/DPclust/TCGA/dpclust_batch_luad\TCGA-97-8176-01\TCGA-97-8176-01_ccf.tsv
TCGA-97-8177-01	C:/CloneHD_benchmarking/DPclust/TCGA/dpclust_batch_luad\TCGA-97-8177-01	C:/CloneHD_benchmarking/DPclust/TCGA/dpclust_batch_luad\TCGA-97-8177-01\TCGA-97-8177-01_loci.txt	C:/CloneHD_benchmarking/DPclust/TCGA/dpclust_batch_luad\TCGA-97-8177-01\TCGA-97-8177-01_alleleFrequencies.txt	C:/CloneHD_benchmarking/DPclust/TCGA/dpclust_batch_luad\TCGA-97-8177-01\TCGA-97-8177-01.cellularity_ploidy	C:/CloneHD_benchmarking/DPclust/TCGA/dpclust_batch_luad\TCGA-97-8177-01\TCGA-97-8177-01.battenberg	C:/CloneHD_benchmarking/DPclust/TCGA/dpclust_batch_luad\TCGA-97-8177-01\run_dpclust3p_TCGA-97-8177-01.R	C:/CloneHD_benchmarking/DPclust/TCGA/dpclust_batch_luad\TCGA-97-8177-01\TCGA-97-8177-01_ccf.tsv
TCGA-97-8179-01	C:/CloneHD_benchmarking/DPclust/TCGA/dpclust_batch_luad\TCGA-97-8179-01	C:/CloneHD_benchmarking/DPclust/TCGA/dpclust_batch_luad\TCGA-97-8179-01\TCGA-97-8179-01_loci.txt	C:/CloneHD_benchmarking/DPclust/TCGA/dpclust_batch_luad\TCGA-97-8179-01\TCGA-97-8179-01_alleleFrequencies.txt	C:/CloneHD_benchmarking/DPclust/TCGA/dpclust_batch_luad\TCGA-97-8179-01\TCGA-97-8179-01.cellularity_ploidy	C:/CloneHD_benchmarking/DPclust/TCGA/dpclust_batch_luad\TCGA-97-8179-01\TCGA-97-8179-01.battenberg	C:/CloneHD_benchmarking/DPclust/TCGA/dpclust_batch_luad\TCGA-97-8179-01\run_dpclust3p_TCGA-97-8179-01.R	C:/CloneHD_benchmarking/DPclust/TCGA/dpclust_batch_luad\TCGA-97-8179-01\TCGA-97-8179-01_ccf.tsv
TCGA-97-8547-01	C:/CloneHD_benchmarking/DPclust/TCGA/dpclust_batch_luad\TCGA-97-8547-01	C:/CloneHD_benchmarking/DPclust/TCGA/dpclust_batch_luad\TCGA-97-8547-01\TCGA-97-8547-01_loci.txt	C:/CloneHD_benchmarking/DPclust/TCGA/dpclust_batch_luad\TCGA-97-8547-01\TCGA-97-8547-01_alleleFrequencies.txt	C:/CloneHD_benchmarking/DPclust/TCGA/dpclust_batch_luad\TCGA-97-8547-01\TCGA-97-8547-01.cellularity_ploidy	C:/CloneHD_benchmarking/DPclust/TCGA/dpclust_batch_luad\TCGA-97-8547-01\TCGA-97-8547-01.battenberg	C:/CloneHD_benchmarking/DPclust/TCGA/dpclust_batch_luad\TCGA-97-8547-01\run_dpclust3p_TCGA-97-8547-01.R	C:/CloneHD_benchmarking/DPclust/TCGA/dpclust_batch_luad\TCGA-97-8547-01\TCGA-97-8547-01_ccf.tsv
TCGA-97-8552-01	C:/CloneHD_benchmarking/DPclust/TCGA/dpclust_batch_luad\TCGA-97-8552-01	C:/CloneHD_benchmarking/DPclust/TCGA/dpclust_batch_luad\TCGA-97-8552-01\TCGA-97-8552-01_loci.txt	C:/CloneHD_benchmarking/DPclust/TCGA/dpclust_batch_luad\TCGA-97-8552-01\TCGA-97-8552-01_alleleFrequencies.txt	C:/CloneHD_benchmarking/DPclust/TCGA/dpclust_batch_luad\TCGA-97-8552-01\TCGA-97-8552-01.cellularity_ploidy	C:/CloneHD_benchmarking/DPclust/TCGA/dpclust_batch_luad\TCGA-97-8552-01\TCGA-97-8552-01.battenberg	C:/CloneHD_benchmarking/DPclust/TCGA/dpclust_batch_luad\TCGA-97-8552-01\run_dpclust3p_TCGA-97-8552-01.R	C:/CloneHD_benchmarking/DPclust/TCGA/dpclust_batch_luad\TCGA-97-8552-01\TCGA-97-8552-01_ccf.tsv
TCGA-97-A4LX-01	C:/CloneHD_benchmarking/DPclust/TCGA/dpclust_batch_luad\TCGA-97-A4LX-01	C:/CloneHD_benchmarking/DPclust/TCGA/dpclust_batch_luad\TCGA-97-A4LX-01\TCGA-97-A4LX-01_loci.txt	C:/CloneHD_benchmarking/DPclust/TCGA/dpclust_batch_luad\TCGA-97-A4LX-01\TCGA-97-A4LX-01_alleleFrequencies.txt	C:/CloneHD_benchmarking/DPclust/TCGA/dpclust_batch_luad\TCGA-97-A4LX-01\TCGA-97-A4LX-01.cellularity_ploidy	C:/CloneHD_benchmarking/DPclust/TCGA/dpclust_batch_luad\TCGA-97-A4LX-01\TCGA-97-A4LX-01.battenberg	C:/CloneHD_benchmarking/DPclust/TCGA/dpclust_batch_luad\TCGA-97-A4LX-01\run_dpclust3p_TCGA-97-A4LX-01.R	C:/CloneHD_benchmarking/DPclust/TCGA/dpclust_batch_luad\TCGA-97-A4LX-01\TCGA-97-A4LX-01_ccf.tsv
TCGA-97-A4M0-01	C:/CloneHD_benchmarking/DPclust/TCGA/dpclust_batch_luad\TCGA-97-A4M0-01	C:/CloneHD_benchmarking/DPclust/TCGA/dpclust_batch_luad\TCGA-97-A4M0-01\TCGA-97-A4M0-01_loci.txt	C:/CloneHD_benchmarking/DPclust/TCGA/dpclust_batch_luad\TCGA-97-A4M0-01\TCGA-97-A4M0-01_alleleFrequencies.txt	C:/CloneHD_benchmarking/DPclust/TCGA/dpclust_batch_luad\TCGA-97-A4M0-01\TCGA-97-A4M0-01.cellularity_ploidy	C:/CloneHD_benchmarking/DPclust/TCGA/dpclust_batch_luad\TCGA-97-A4M0-01\TCGA-97-A4M0-01.battenberg	C:/CloneHD_benchmarking/DPclust/TCGA/dpclust_batch_luad\TCGA-97-A4M0-01\run_dpclust3p_TCGA-97-A4M0-01.R	C:/CloneHD_benchmarking/DPclust/TCGA/dpclust_batch_luad\TCGA-97-A4M0-01\TCGA-97-A4M0-01_ccf.tsv
TCGA-97-A4M1-01	C:/CloneHD_benchmarking/DPclust/TCGA/dpclust_batch_luad\TCGA-97-A4M1-01	C:/CloneHD_benchmarking/DPclust/TCGA/dpclust_batch_luad\TCGA-97-A4M1-01\TCGA-97-A4M1-01_loci.txt	C:/CloneHD_benchmarking/DPclust/TCGA/dpclust_batch_luad\TCGA-97-A4M1-01\TCGA-97-A4M1-01_alleleFrequencies.txt	C:/CloneHD_benchmarking/DPclust/TCGA/dpclust_batch_luad\TCGA-97-A4M1-01\TCGA-97-A4M1-01.cellularity_ploidy	C:/CloneHD_benchmarking/DPclust/TCGA/dpclust_batch_luad\TCGA-97-A4M1-01\TCGA-97-A4M1-01.battenberg	C:/CloneHD_benchmarking/DPclust/TCGA/dpclust_batch_luad\TCGA-97-A4M1-01\run_dpclust3p_TCGA-97-A4M1-01.R	C:/CloneHD_benchmarking/DPclust/TCGA/dpclust_batch_luad\TCGA-97-A4M1-01\TCGA-97-A4M1-01_ccf.tsv
TCGA-97-A4M2-01	C:/CloneHD_benchmarking/DPclust/TCGA/dpclust_batch_luad\TCGA-97-A4M2-01	C:/CloneHD_benchmarking/DPclust/TCGA/dpclust_batch_luad\TCGA-97-A4M2-01\TCGA-97-A4M2-01_loci.txt	C:/CloneHD_benchmarking/DPclust/TCGA/dpclust_batch_luad\TCGA-97-A4M2-01\TCGA-97-A4M2-01_alleleFrequencies.txt	C:/CloneHD_benchmarking/DPclust/TCGA/dpclust_batch_luad\TCGA-97-A4M2-01\TCGA-97-A4M2-01.cellularity_ploidy	C:/CloneHD_benchmarking/DPclust/TCGA/dpclust_batch_luad\TCGA-97-A4M2-01\TCGA-97-A4M2-01.battenberg	C:/CloneHD_benchmarking/DPclust/TCGA/dpclust_batch_luad\TCGA-97-A4M2-01\run_dpclust3p_TCGA-97-A4M2-01.R	C:/CloneHD_benchmarking/DPclust/TCGA/dpclust_batch_luad\TCGA-97-A4M2-01\TCGA-97-A4M2-01_ccf.tsv
TCGA-97-A4M3-01	C:/CloneHD_benchmarking/DPclust/TCGA/dpclust_batch_luad\TCGA-97-A4M3-01	C:/CloneHD_benchmarking/DPclust/TCGA/dpclust_batch_luad\TCGA-97-A4M3-01\TCGA-97-A4M3-01_loci.txt	C:/CloneHD_benchmarking/DPclust/TCGA/dpclust_batch_luad\TCGA-97-A4M3-01\TCGA-97-A4M3-01_alleleFrequencies.txt	C:/CloneHD_benchmarking/DPclust/TCGA/dpclust_batch_luad\TCGA-97-A4M3-01\TCGA-97-A4M3-01.cellularity_ploidy	C:/CloneHD_benchmarking/DPclust/TCGA/dpclust_batch_luad\TCGA-97-A4M3-01\TCGA-97-A4M3-01.battenberg	C:/CloneHD_benchmarking/DPclust/TCGA/dpclust_batch_luad\TCGA-97-A4M3-01\run_dpclust3p_TCGA-97-A4M3-01.R	C:/CloneHD_benchmarking/DPclust/TCGA/dpclust_batch_luad\TCGA-97-A4M3-01\TCGA-97-A4M3-01_ccf.tsv
TCGA-97-A4M5-01	C:/CloneHD_benchmarking/DPclust/TCGA/dpclust_batch_luad\TCGA-97-A4M5-01	C:/CloneHD_benchmarking/DPclust/TCGA/dpclust_batch_luad\TCGA-97-A4M5-01\TCGA-97-A4M5-01_loci.txt	C:/CloneHD_benchmarking/DPclust/TCGA/dpclust_batch_luad\TCGA-97-A4M5-01\TCGA-97-A4M5-01_alleleFrequencies.txt	C:/CloneHD_benchmarking/DPclust/TCGA/dpclust_batch_luad\TCGA-97-A4M5-01\TCGA-97-A4M5-01.cellularity_ploidy	C:/CloneHD_benchmarking/DPclust/TCGA/dpclust_batch_luad\TCGA-97-A4M5-01\TCGA-97-A4M5-01.battenberg	C:/CloneHD_benchmarking/DPclust/TCGA/dpclust_batch_luad\TCGA-97-A4M5-01\run_dpclust3p_TCGA-97-A4M5-01.R	C:/CloneHD_benchmarking/DPclust/TCGA/dpclust_batch_luad\TCGA-97-A4M5-01\TCGA-97-A4M5-01_ccf.tsv
TCGA-97-A4M6-01	C:/CloneHD_benchmarking/DPclust/TCGA/dpclust_batch_luad\TCGA-97-A4M6-01	C:/CloneHD_benchmarking/DPclust/TCGA/dpclust_batch_luad\TCGA-97-A4M6-01\TCGA-97-A4M6-01_loci.txt	C:/CloneHD_benchmarking/DPclust/TCGA/dpclust_batch_luad\TCGA-97-A4M6-01\TCGA-97-A4M6-01_alleleFrequencies.txt	C:/CloneHD_benchmarking/DPclust/TCGA/dpclust_batch_luad\TCGA-97-A4M6-01\TCGA-97-A4M6-01.cellularity_ploidy	C:/CloneHD_benchmarking/DPclust/TCGA/dpclust_batch_luad\TCGA-97-A4M6-01\TCGA-97-A4M6-01.battenberg	C:/CloneHD_benchmarking/DPclust/TCGA/dpclust_batch_luad\TCGA-97-A4M6-01\run_dpclust3p_TCGA-97-A4M6-01.R	C:/CloneHD_benchmarking/DPclust/TCGA/dpclust_batch_luad\TCGA-97-A4M6-01\TCGA-97-A4M6-01_ccf.tsv
TCGA-97-A4M7-01	C:/CloneHD_benchmarking/DPclust/TCGA/dpclust_batch_luad\TCGA-97-A4M7-01	C:/CloneHD_benchmarking/DPclust/TCGA/dpclust_batch_luad\TCGA-97-A4M7-01\TCGA-97-A4M7-01_loci.txt	C:/CloneHD_benchmarking/DPclust/TCGA/dpclust_batch_luad\TCGA-97-A4M7-01\TCGA-97-A4M7-01_alleleFrequencies.txt	C:/CloneHD_benchmarking/DPclust/TCGA/dpclust_batch_luad\TCGA-97-A4M7-01\TCGA-97-A4M7-01.cellularity_ploidy	C:/CloneHD_benchmarking/DPclust/TCGA/dpclust_batch_luad\TCGA-97-A4M7-01\TCGA-97-A4M7-01.battenberg	C:/CloneHD_benchmarking/DPclust/TCGA/dpclust_batch_luad\TCGA-97-A4M7-01\run_dpclust3p_TCGA-97-A4M7-01.R	C:/CloneHD_benchmarking/DPclust/TCGA/dpclust_batch_luad\TCGA-97-A4M7-01\TCGA-97-A4M7-01_ccf.tsv
TCGA-99-7458-01	C:/CloneHD_benchmarking/DPclust/TCGA/dpclust_batch_luad\TCGA-99-7458-01	C:/CloneHD_benchmarking/DPclust/TCGA/dpclust_batch_luad\TCGA-99-7458-01\TCGA-99-7458-01_loci.txt	C:/CloneHD_benchmarking/DPclust/TCGA/dpclust_batch_luad\TCGA-99-7458-01\TCGA-99-7458-01_alleleFrequencies.txt	C:/CloneHD_benchmarking/DPclust/TCGA/dpclust_batch_luad\TCGA-99-7458-01\TCGA-99-7458-01.cellularity_ploidy	C:/CloneHD_benchmarking/DPclust/TCGA/dpclust_batch_luad\TCGA-99-7458-01\TCGA-99-7458-01.battenberg	C:/CloneHD_benchmarking/DPclust/TCGA/dpclust_batch_luad\TCGA-99-7458-01\run_dpclust3p_TCGA-99-7458-01.R	C:/CloneHD_benchmarking/DPclust/TCGA/dpclust_batch_luad\TCGA-99-7458-01\TCGA-99-7458-01_ccf.tsv
TCGA-99-8025-01	C:/CloneHD_benchmarking/DPclust/TCGA/dpclust_batch_luad\TCGA-99-8025-01	C:/CloneHD_benchmarking/DPclust/TCGA/dpclust_batch_luad\TCGA-99-8025-01\TCGA-99-8025-01_loci.txt	C:/CloneHD_benchmarking/DPclust/TCGA/dpclust_batch_luad\TCGA-99-8025-01\TCGA-99-8025-01_alleleFrequencies.txt	C:/CloneHD_benchmarking/DPclust/TCGA/dpclust_batch_luad\TCGA-99-8025-01\TCGA-99-8025-01.cellularity_ploidy	C:/CloneHD_benchmarking/DPclust/TCGA/dpclust_batch_luad\TCGA-99-8025-01\TCGA-99-8025-01.battenberg	C:/CloneHD_benchmarking/DPclust/TCGA/dpclust_batch_luad\TCGA-99-8025-01\run_dpclust3p_TCGA-99-8025-01.R	C:/CloneHD_benchmarking/DPclust/TCGA/dpclust_batch_luad\TCGA-99-8025-01\TCGA-99-8025-01_ccf.tsv
TCGA-99-8028-01	C:/CloneHD_benchmarking/DPclust/TCGA/dpclust_batch_luad\TCGA-99-8028-01	C:/CloneHD_benchmarking/DPclust/TCGA/dpclust_batch_luad\TCGA-99-8028-01\TCGA-99-8028-01_loci.txt	C:/CloneHD_benchmarking/DPclust/TCGA/dpclust_batch_luad\TCGA-99-8028-01\TCGA-99-8028-01_alleleFrequencies.txt	C:/CloneHD_benchmarking/DPclust/TCGA/dpclust_batch_luad\TCGA-99-8028-01\TCGA-99-8028-01.cellularity_ploidy	C:/CloneHD_benchmarking/DPclust/TCGA/dpclust_batch_luad\TCGA-99-8028-01\TCGA-99-8028-01.battenberg	C:/CloneHD_benchmarking/DPclust/TCGA/dpclust_batch_luad\TCGA-99-8028-01\run_dpclust3p_TCGA-99-8028-01.R	C:/CloneHD_benchmarking/DPclust/TCGA/dpclust_batch_luad\TCGA-99-8028-01\TCGA-99-8028-01_ccf.tsv
TCGA-99-8032-01	C:/CloneHD_benchmarking/DPclust/TCGA/dpclust_batch_luad\TCGA-99-8032-01	C:/CloneHD_benchmarking/DPclust/TCGA/dpclust_batch_luad\TCGA-99-8032-01\TCGA-99-8032-01_loci.txt	C:/CloneHD_benchmarking/DPclust/TCGA/dpclust_batch_luad\TCGA-99-8032-01\TCGA-99-8032-01_alleleFrequencies.txt	C:/CloneHD_benchmarking/DPclust/TCGA/dpclust_batch_luad\TCGA-99-8032-01\TCGA-99-8032-01.cellularity_ploidy	C:/CloneHD_benchmarking/DPclust/TCGA/dpclust_batch_luad\TCGA-99-8032-01\TCGA-99-8032-01.battenberg	C:/CloneHD_benchmarking/DPclust/TCGA/dpclust_batch_luad\TCGA-99-8032-01\run_dpclust3p_TCGA-99-8032-01.R	C:/CloneHD_benchmarking/DPclust/TCGA/dpclust_batch_luad\TCGA-99-8032-01\TCGA-99-8032-01_ccf.tsv
TCGA-99-8033-01	C:/CloneHD_benchmarking/DPclust/TCGA/dpclust_batch_luad\TCGA-99-8033-01	C:/CloneHD_benchmarking/DPclust/TCGA/dpclust_batch_luad\TCGA-99-8033-01\TCGA-99-8033-01_loci.txt	C:/CloneHD_benchmarking/DPclust/TCGA/dpclust_batch_luad\TCGA-99-8033-01\TCGA-99-8033-01_alleleFrequencies.txt	C:/CloneHD_benchmarking/DPclust/TCGA/dpclust_batch_luad\TCGA-99-8033-01\TCGA-99-8033-01.cellularity_ploidy	C:/CloneHD_benchmarking/DPclust/TCGA/dpclust_batch_luad\TCGA-99-8033-01\TCGA-99-8033-01.battenberg	C:/CloneHD_benchmarking/DPclust/TCGA/dpclust_batch_luad\TCGA-99-8033-01\run_dpclust3p_TCGA-99-8033-01.R	C:/CloneHD_benchmarking/DPclust/TCGA/dpclust_batch_luad\TCGA-99-8033-01\TCGA-99-8033-01_ccf.tsv
TCGA-99-AA5R-01	C:/CloneHD_benchmarking/DPclust/TCGA/dpclust_batch_luad\TCGA-99-AA5R-01	C:/CloneHD_benchmarking/DPclust/TCGA/dpclust_batch_luad\TCGA-99-AA5R-01\TCGA-99-AA5R-01_loci.txt	C:/CloneHD_benchmarking/DPclust/TCGA/dpclust_batch_luad\TCGA-99-AA5R-01\TCGA-99-AA5R-01_alleleFrequencies.txt	C:/CloneHD_benchmarking/DPclust/TCGA/dpclust_batch_luad\TCGA-99-AA5R-01\TCGA-99-AA5R-01.cellularity_ploidy	C:/CloneHD_benchmarking/DPclust/TCGA/dpclust_batch_luad\TCGA-99-AA5R-01\TCGA-99-AA5R-01.battenberg	C:/CloneHD_benchmarking/DPclust/TCGA/dpclust_batch_luad\TCGA-99-AA5R-01\run_dpclust3p_TCGA-99-AA5R-01.R	C:/CloneHD_benchmarking/DPclust/TCGA/dpclust_batch_luad\TCGA-99-AA5R-01\TCGA-99-AA5R-01_ccf.tsv
TCGA-J2-8192-01	C:/CloneHD_benchmarking/DPclust/TCGA/dpclust_batch_luad\TCGA-J2-8192-01	C:/CloneHD_benchmarking/DPclust/TCGA/dpclust_batch_luad\TCGA-J2-8192-01\TCGA-J2-8192-01_loci.txt	C:/CloneHD_benchmarking/DPclust/TCGA/dpclust_batch_luad\TCGA-J2-8192-01\TCGA-J2-8192-01_alleleFrequencies.txt	C:/CloneHD_benchmarking/DPclust/TCGA/dpclust_batch_luad\TCGA-J2-8192-01\TCGA-J2-8192-01.cellularity_ploidy	C:/CloneHD_benchmarking/DPclust/TCGA/dpclust_batch_luad\TCGA-J2-8192-01\TCGA-J2-8192-01.battenberg	C:/CloneHD_benchmarking/DPclust/TCGA/dpclust_batch_luad\TCGA-J2-8192-01\run_dpclust3p_TCGA-J2-8192-01.R	C:/CloneHD_benchmarking/DPclust/TCGA/dpclust_batch_luad\TCGA-J2-8192-01\TCGA-J2-8192-01_ccf.tsv
TCGA-J2-8194-01	C:/CloneHD_benchmarking/DPclust/TCGA/dpclust_batch_luad\TCGA-J2-8194-01	C:/CloneHD_benchmarking/DPclust/TCGA/dpclust_batch_luad\TCGA-J2-8194-01\TCGA-J2-8194-01_loci.txt	C:/CloneHD_benchmarking/DPclust/TCGA/dpclust_batch_luad\TCGA-J2-8194-01\TCGA-J2-8194-01_alleleFrequencies.txt	C:/CloneHD_benchmarking/DPclust/TCGA/dpclust_batch_luad\TCGA-J2-8194-01\TCGA-J2-8194-01.cellularity_ploidy	C:/CloneHD_benchmarking/DPclust/TCGA/dpclust_batch_luad\TCGA-J2-8194-01\TCGA-J2-8194-01.battenberg	C:/CloneHD_benchmarking/DPclust/TCGA/dpclust_batch_luad\TCGA-J2-8194-01\run_dpclust3p_TCGA-J2-8194-01.R	C:/CloneHD_benchmarking/DPclust/TCGA/dpclust_batch_luad\TCGA-J2-8194-01\TCGA-J2-8194-01_ccf.tsv
TCGA-J2-A4AD-01	C:/CloneHD_benchmarking/DPclust/TCGA/dpclust_batch_luad\TCGA-J2-A4AD-01	C:/CloneHD_benchmarking/DPclust/TCGA/dpclust_batch_luad\TCGA-J2-A4AD-01\TCGA-J2-A4AD-01_loci.txt	C:/CloneHD_benchmarking/DPclust/TCGA/dpclust_batch_luad\TCGA-J2-A4AD-01\TCGA-J2-A4AD-01_alleleFrequencies.txt	C:/CloneHD_benchmarking/DPclust/TCGA/dpclust_batch_luad\TCGA-J2-A4AD-01\TCGA-J2-A4AD-01.cellularity_ploidy	C:/CloneHD_benchmarking/DPclust/TCGA/dpclust_batch_luad\TCGA-J2-A4AD-01\TCGA-J2-A4AD-01.battenberg	C:/CloneHD_benchmarking/DPclust/TCGA/dpclust_batch_luad\TCGA-J2-A4AD-01\run_dpclust3p_TCGA-J2-A4AD-01.R	C:/CloneHD_benchmarking/DPclust/TCGA/dpclust_batch_luad\TCGA-J2-A4AD-01\TCGA-J2-A4AD-01_ccf.tsv
TCGA-J2-A4AE-01	C:/CloneHD_benchmarking/DPclust/TCGA/dpclust_batch_luad\TCGA-J2-A4AE-01	C:/CloneHD_benchmarking/DPclust/TCGA/dpclust_batch_luad\TCGA-J2-A4AE-01\TCGA-J2-A4AE-01_loci.txt	C:/CloneHD_benchmarking/DPclust/TCGA/dpclust_batch_luad\TCGA-J2-A4AE-01\TCGA-J2-A4AE-01_alleleFrequencies.txt	C:/CloneHD_benchmarking/DPclust/TCGA/dpclust_batch_luad\TCGA-J2-A4AE-01\TCGA-J2-A4AE-01.cellularity_ploidy	C:/CloneHD_benchmarking/DPclust/TCGA/dpclust_batch_luad\TCGA-J2-A4AE-01\TCGA-J2-A4AE-01.battenberg	C:/CloneHD_benchmarking/DPclust/TCGA/dpclust_batch_luad\TCGA-J2-A4AE-01\run_dpclust3p_TCGA-J2-A4AE-01.R	C:/CloneHD_benchmarking/DPclust/TCGA/dpclust_batch_luad\TCGA-J2-A4AE-01\TCGA-J2-A4AE-01_ccf.tsv
TCGA-J2-A4AG-01	C:/CloneHD_benchmarking/DPclust/TCGA/dpclust_batch_luad\TCGA-J2-A4AG-01	C:/CloneHD_benchmarking/DPclust/TCGA/dpclust_batch_luad\TCGA-J2-A4AG-01\TCGA-J2-A4AG-01_loci.txt	C:/CloneHD_benchmarking/DPclust/TCGA/dpclust_batch_luad\TCGA-J2-A4AG-01\TCGA-J2-A4AG-01_alleleFrequencies.txt	C:/CloneHD_benchmarking/DPclust/TCGA/dpclust_batch_luad\TCGA-J2-A4AG-01\TCGA-J2-A4AG-01.cellularity_ploidy	C:/CloneHD_benchmarking/DPclust/TCGA/dpclust_batch_luad\TCGA-J2-A4AG-01\TCGA-J2-A4AG-01.battenberg	C:/CloneHD_benchmarking/DPclust/TCGA/dpclust_batch_luad\TCGA-J2-A4AG-01\run_dpclust3p_TCGA-J2-A4AG-01.R	C:/CloneHD_benchmarking/DPclust/TCGA/dpclust_batch_luad\TCGA-J2-A4AG-01\TCGA-J2-A4AG-01_ccf.tsv
TCGA-L4-A4E5-01	C:/CloneHD_benchmarking/DPclust/TCGA/dpclust_batch_luad\TCGA-L4-A4E5-01	C:/CloneHD_benchmarking/DPclust/TCGA/dpclust_batch_luad\TCGA-L4-A4E5-01\TCGA-L4-A4E5-01_loci.txt	C:/CloneHD_benchmarking/DPclust/TCGA/dpclust_batch_luad\TCGA-L4-A4E5-01\TCGA-L4-A4E5-01_alleleFrequencies.txt	C:/CloneHD_benchmarking/DPclust/TCGA/dpclust_batch_luad\TCGA-L4-A4E5-01\TCGA-L4-A4E5-01.cellularity_ploidy	C:/CloneHD_benchmarking/DPclust/TCGA/dpclust_batch_luad\TCGA-L4-A4E5-01\TCGA-L4-A4E5-01.battenberg	C:/CloneHD_benchmarking/DPclust/TCGA/dpclust_batch_luad\TCGA-L4-A4E5-01\run_dpclust3p_TCGA-L4-A4E5-01.R	C:/CloneHD_benchmarking/DPclust/TCGA/dpclust_batch_luad\TCGA-L4-A4E5-01\TCGA-L4-A4E5-01_ccf.tsv
TCGA-L9-A443-01	C:/CloneHD_benchmarking/DPclust/TCGA/dpclust_batch_luad\TCGA-L9-A443-01	C:/CloneHD_benchmarking/DPclust/TCGA/dpclust_batch_luad\TCGA-L9-A443-01\TCGA-L9-A443-01_loci.txt	C:/CloneHD_benchmarking/DPclust/TCGA/dpclust_batch_luad\TCGA-L9-A443-01\TCGA-L9-A443-01_alleleFrequencies.txt	C:/CloneHD_benchmarking/DPclust/TCGA/dpclust_batch_luad\TCGA-L9-A443-01\TCGA-L9-A443-01.cellularity_ploidy	C:/CloneHD_benchmarking/DPclust/TCGA/dpclust_batch_luad\TCGA-L9-A443-01\TCGA-L9-A443-01.battenberg	C:/CloneHD_benchmarking/DPclust/TCGA/dpclust_batch_luad\TCGA-L9-A443-01\run_dpclust3p_TCGA-L9-A443-01.R	C:/CloneHD_benchmarking/DPclust/TCGA/dpclust_batch_luad\TCGA-L9-A443-01\TCGA-L9-A443-01_ccf.tsv
TCGA-L9-A444-01	C:/CloneHD_benchmarking/DPclust/TCGA/dpclust_batch_luad\TCGA-L9-A444-01	C:/CloneHD_benchmarking/DPclust/TCGA/dpclust_batch_luad\TCGA-L9-A444-01\TCGA-L9-A444-01_loci.txt	C:/CloneHD_benchmarking/DPclust/TCGA/dpclust_batch_luad\TCGA-L9-A444-01\TCGA-L9-A444-01_alleleFrequencies.txt	C:/CloneHD_benchmarking/DPclust/TCGA/dpclust_batch_luad\TCGA-L9-A444-01\TCGA-L9-A444-01.cellularity_ploidy	C:/CloneHD_benchmarking/DPclust/TCGA/dpclust_batch_luad\TCGA-L9-A444-01\TCGA-L9-A444-01.battenberg	C:/CloneHD_benchmarking/DPclust/TCGA/dpclust_batch_luad\TCGA-L9-A444-01\run_dpclust3p_TCGA-L9-A444-01.R	C:/CloneHD_benchmarking/DPclust/TCGA/dpclust_batch_luad\TCGA-L9-A444-01\TCGA-L9-A444-01_ccf.tsv
TCGA-L9-A50W-01	C:/CloneHD_benchmarking/DPclust/TCGA/dpclust_batch_luad\TCGA-L9-A50W-01	C:/CloneHD_benchmarking/DPclust/TCGA/dpclust_batch_luad\TCGA-L9-A50W-01\TCGA-L9-A50W-01_loci.txt	C:/CloneHD_benchmarking/DPclust/TCGA/dpclust_batch_luad\TCGA-L9-A50W-01\TCGA-L9-A50W-01_alleleFrequencies.txt	C:/CloneHD_benchmarking/DPclust/TCGA/dpclust_batch_luad\TCGA-L9-A50W-01\TCGA-L9-A50W-01.cellularity_ploidy	C:/CloneHD_benchmarking/DPclust/TCGA/dpclust_batch_luad\TCGA-L9-A50W-01\TCGA-L9-A50W-01.battenberg	C:/CloneHD_benchmarking/DPclust/TCGA/dpclust_batch_luad\TCGA-L9-A50W-01\run_dpclust3p_TCGA-L9-A50W-01.R	C:/CloneHD_benchmarking/DPclust/TCGA/dpclust_batch_luad\TCGA-L9-A50W-01\TCGA-L9-A50W-01_ccf.tsv
TCGA-L9-A5IP-01	C:/CloneHD_benchmarking/DPclust/TCGA/dpclust_batch_luad\TCGA-L9-A5IP-01	C:/CloneHD_benchmarking/DPclust/TCGA/dpclust_batch_luad\TCGA-L9-A5IP-01\TCGA-L9-A5IP-01_loci.txt	C:/CloneHD_benchmarking/DPclust/TCGA/dpclust_batch_luad\TCGA-L9-A5IP-01\TCGA-L9-A5IP-01_alleleFrequencies.txt	C:/CloneHD_benchmarking/DPclust/TCGA/dpclust_batch_luad\TCGA-L9-A5IP-01\TCGA-L9-A5IP-01.cellularity_ploidy	C:/CloneHD_benchmarking/DPclust/TCGA/dpclust_batch_luad\TCGA-L9-A5IP-01\TCGA-L9-A5IP-01.battenberg	C:/CloneHD_benchmarking/DPclust/TCGA/dpclust_batch_luad\TCGA-L9-A5IP-01\run_dpclust3p_TCGA-L9-A5IP-01.R	C:/CloneHD_benchmarking/DPclust/TCGA/dpclust_batch_luad\TCGA-L9-A5IP-01\TCGA-L9-A5IP-01_ccf.tsv
TCGA-L9-A743-01	C:/CloneHD_benchmarking/DPclust/TCGA/dpclust_batch_luad\TCGA-L9-A743-01	C:/CloneHD_benchmarking/DPclust/TCGA/dpclust_batch_luad\TCGA-L9-A743-01\TCGA-L9-A743-01_loci.txt	C:/CloneHD_benchmarking/DPclust/TCGA/dpclust_batch_luad\TCGA-L9-A743-01\TCGA-L9-A743-01_alleleFrequencies.txt	C:/CloneHD_benchmarking/DPclust/TCGA/dpclust_batch_luad\TCGA-L9-A743-01\TCGA-L9-A743-01.cellularity_ploidy	C:/CloneHD_benchmarking/DPclust/TCGA/dpclust_batch_luad\TCGA-L9-A743-01\TCGA-L9-A743-01.battenberg	C:/CloneHD_benchmarking/DPclust/TCGA/dpclust_batch_luad\TCGA-L9-A743-01\run_dpclust3p_TCGA-L9-A743-01.R	C:/CloneHD_benchmarking/DPclust/TCGA/dpclust_batch_luad\TCGA-L9-A743-01\TCGA-L9-A743-01_ccf.tsv
TCGA-L9-A7SV-01	C:/CloneHD_benchmarking/DPclust/TCGA/dpclust_batch_luad\TCGA-L9-A7SV-01	C:/CloneHD_benchmarking/DPclust/TCGA/dpclust_batch_luad\TCGA-L9-A7SV-01\TCGA-L9-A7SV-01_loci.txt	C:/CloneHD_benchmarking/DPclust/TCGA/dpclust_batch_luad\TCGA-L9-A7SV-01\TCGA-L9-A7SV-01_alleleFrequencies.txt	C:/CloneHD_benchmarking/DPclust/TCGA/dpclust_batch_luad\TCGA-L9-A7SV-01\TCGA-L9-A7SV-01.cellularity_ploidy	C:/CloneHD_benchmarking/DPclust/TCGA/dpclust_batch_luad\TCGA-L9-A7SV-01\TCGA-L9-A7SV-01.battenberg	C:/CloneHD_benchmarking/DPclust/TCGA/dpclust_batch_luad\TCGA-L9-A7SV-01\run_dpclust3p_TCGA-L9-A7SV-01.R	C:/CloneHD_benchmarking/DPclust/TCGA/dpclust_batch_luad\TCGA-L9-A7SV-01\TCGA-L9-A7SV-01_ccf.tsv
TCGA-L9-A8F4-01	C:/CloneHD_benchmarking/DPclust/TCGA/dpclust_batch_luad\TCGA-L9-A8F4-01	C:/CloneHD_benchmarking/DPclust/TCGA/dpclust_batch_luad\TCGA-L9-A8F4-01\TCGA-L9-A8F4-01_loci.txt	C:/CloneHD_benchmarking/DPclust/TCGA/dpclust_batch_luad\TCGA-L9-A8F4-01\TCGA-L9-A8F4-01_alleleFrequencies.txt	C:/CloneHD_benchmarking/DPclust/TCGA/dpclust_batch_luad\TCGA-L9-A8F4-01\TCGA-L9-A8F4-01.cellularity_ploidy	C:/CloneHD_benchmarking/DPclust/TCGA/dpclust_batch_luad\TCGA-L9-A8F4-01\TCGA-L9-A8F4-01.battenberg	C:/CloneHD_benchmarking/DPclust/TCGA/dpclust_batch_luad\TCGA-L9-A8F4-01\run_dpclust3p_TCGA-L9-A8F4-01.R	C:/CloneHD_benchmarking/DPclust/TCGA/dpclust_batch_luad\TCGA-L9-A8F4-01\TCGA-L9-A8F4-01_ccf.tsv
TCGA-MN-A4N1-01	C:/CloneHD_benchmarking/DPclust/TCGA/dpclust_batch_luad\TCGA-MN-A4N1-01	C:/CloneHD_benchmarking/DPclust/TCGA/dpclust_batch_luad\TCGA-MN-A4N1-01\TCGA-MN-A4N1-01_loci.txt	C:/CloneHD_benchmarking/DPclust/TCGA/dpclust_batch_luad\TCGA-MN-A4N1-01\TCGA-MN-A4N1-01_alleleFrequencies.txt	C:/CloneHD_benchmarking/DPclust/TCGA/dpclust_batch_luad\TCGA-MN-A4N1-01\TCGA-MN-A4N1-01.cellularity_ploidy	C:/CloneHD_benchmarking/DPclust/TCGA/dpclust_batch_luad\TCGA-MN-A4N1-01\TCGA-MN-A4N1-01.battenberg	C:/CloneHD_benchmarking/DPclust/TCGA/dpclust_batch_luad\TCGA-MN-A4N1-01\run_dpclust3p_TCGA-MN-A4N1-01.R	C:/CloneHD_benchmarking/DPclust/TCGA/dpclust_batch_luad\TCGA-MN-A4N1-01\TCGA-MN-A4N1-01_ccf.tsv
TCGA-MN-A4N4-01	C:/CloneHD_benchmarking/DPclust/TCGA/dpclust_batch_luad\TCGA-MN-A4N4-01	C:/CloneHD_benchmarking/DPclust/TCGA/dpclust_batch_luad\TCGA-MN-A4N4-01\TCGA-MN-A4N4-01_loci.txt	C:/CloneHD_benchmarking/DPclust/TCGA/dpclust_batch_luad\TCGA-MN-A4N4-01\TCGA-MN-A4N4-01_alleleFrequencies.txt	C:/CloneHD_benchmarking/DPclust/TCGA/dpclust_batch_luad\TCGA-MN-A4N4-01\TCGA-MN-A4N4-01.cellularity_ploidy	C:/CloneHD_benchmarking/DPclust/TCGA/dpclust_batch_luad\TCGA-MN-A4N4-01\TCGA-MN-A4N4-01.battenberg	C:/CloneHD_benchmarking/DPclust/TCGA/dpclust_batch_luad\TCGA-MN-A4N4-01\run_dpclust3p_TCGA-MN-A4N4-01.R	C:/CloneHD_benchmarking/DPclust/TCGA/dpclust_batch_luad\TCGA-MN-A4N4-01\TCGA-MN-A4N4-01_ccf.tsv
TCGA-MN-A4N5-01	C:/CloneHD_benchmarking/DPclust/TCGA/dpclust_batch_luad\TCGA-MN-A4N5-01	C:/CloneHD_benchmarking/DPclust/TCGA/dpclust_batch_luad\TCGA-MN-A4N5-01\TCGA-MN-A4N5-01_loci.txt	C:/CloneHD_benchmarking/DPclust/TCGA/dpclust_batch_luad\TCGA-MN-A4N5-01\TCGA-MN-A4N5-01_alleleFrequencies.txt	C:/CloneHD_benchmarking/DPclust/TCGA/dpclust_batch_luad\TCGA-MN-A4N5-01\TCGA-MN-A4N5-01.cellularity_ploidy	C:/CloneHD_benchmarking/DPclust/TCGA/dpclust_batch_luad\TCGA-MN-A4N5-01\TCGA-MN-A4N5-01.battenberg	C:/CloneHD_benchmarking/DPclust/TCGA/dpclust_batch_luad\TCGA-MN-A4N5-01\run_dpclust3p_TCGA-MN-A4N5-01.R	C:/CloneHD_benchmarking/DPclust/TCGA/dpclust_batch_luad\TCGA-MN-A4N5-01\TCGA-MN-A4N5-01_ccf.tsv
TCGA-MP-A4SV-01	C:/CloneHD_benchmarking/DPclust/TCGA/dpclust_batch_luad\TCGA-MP-A4SV-01	C:/CloneHD_benchmarking/DPclust/TCGA/dpclust_batch_luad\TCGA-MP-A4SV-01\TCGA-MP-A4SV-01_loci.txt	C:/CloneHD_benchmarking/DPclust/TCGA/dpclust_batch_luad\TCGA-MP-A4SV-01\TCGA-MP-A4SV-01_alleleFrequencies.txt	C:/CloneHD_benchmarking/DPclust/TCGA/dpclust_batch_luad\TCGA-MP-A4SV-01\TCGA-MP-A4SV-01.cellularity_ploidy	C:/CloneHD_benchmarking/DPclust/TCGA/dpclust_batch_luad\TCGA-MP-A4SV-01\TCGA-MP-A4SV-01.battenberg	C:/CloneHD_benchmarking/DPclust/TCGA/dpclust_batch_luad\TCGA-MP-A4SV-01\run_dpclust3p_TCGA-MP-A4SV-01.R	C:/CloneHD_benchmarking/DPclust/TCGA/dpclust_batch_luad\TCGA-MP-A4SV-01\TCGA-MP-A4SV-01_ccf.tsv
TCGA-MP-A4SW-01	C:/CloneHD_benchmarking/DPclust/TCGA/dpclust_batch_luad\TCGA-MP-A4SW-01	C:/CloneHD_benchmarking/DPclust/TCGA/dpclust_batch_luad\TCGA-MP-A4SW-01\TCGA-MP-A4SW-01_loci.txt	C:/CloneHD_benchmarking/DPclust/TCGA/dpclust_batch_luad\TCGA-MP-A4SW-01\TCGA-MP-A4SW-01_alleleFrequencies.txt	C:/CloneHD_benchmarking/DPclust/TCGA/dpclust_batch_luad\TCGA-MP-A4SW-01\TCGA-MP-A4SW-01.cellularity_ploidy	C:/CloneHD_benchmarking/DPclust/TCGA/dpclust_batch_luad\TCGA-MP-A4SW-01\TCGA-MP-A4SW-01.battenberg	C:/CloneHD_benchmarking/DPclust/TCGA/dpclust_batch_luad\TCGA-MP-A4SW-01\run_dpclust3p_TCGA-MP-A4SW-01.R	C:/CloneHD_benchmarking/DPclust/TCGA/dpclust_batch_luad\TCGA-MP-A4SW-01\TCGA-MP-A4SW-01_ccf.tsv
TCGA-MP-A4SY-01	C:/CloneHD_benchmarking/DPclust/TCGA/dpclust_batch_luad\TCGA-MP-A4SY-01	C:/CloneHD_benchmarking/DPclust/TCGA/dpclust_batch_luad\TCGA-MP-A4SY-01\TCGA-MP-A4SY-01_loci.txt	C:/CloneHD_benchmarking/DPclust/TCGA/dpclust_batch_luad\TCGA-MP-A4SY-01\TCGA-MP-A4SY-01_alleleFrequencies.txt	C:/CloneHD_benchmarking/DPclust/TCGA/dpclust_batch_luad\TCGA-MP-A4SY-01\TCGA-MP-A4SY-01.cellularity_ploidy	C:/CloneHD_benchmarking/DPclust/TCGA/dpclust_batch_luad\TCGA-MP-A4SY-01\TCGA-MP-A4SY-01.battenberg	C:/CloneHD_benchmarking/DPclust/TCGA/dpclust_batch_luad\TCGA-MP-A4SY-01\run_dpclust3p_TCGA-MP-A4SY-01.R	C:/CloneHD_benchmarking/DPclust/TCGA/dpclust_batch_luad\TCGA-MP-A4SY-01\TCGA-MP-A4SY-01_ccf.tsv
TCGA-MP-A4T2-01	C:/CloneHD_benchmarking/DPclust/TCGA/dpclust_batch_luad\TCGA-MP-A4T2-01	C:/CloneHD_benchmarking/DPclust/TCGA/dpclust_batch_luad\TCGA-MP-A4T2-01\TCGA-MP-A4T2-01_loci.txt	C:/CloneHD_benchmarking/DPclust/TCGA/dpclust_batch_luad\TCGA-MP-A4T2-01\TCGA-MP-A4T2-01_alleleFrequencies.txt	C:/CloneHD_benchmarking/DPclust/TCGA/dpclust_batch_luad\TCGA-MP-A4T2-01\TCGA-MP-A4T2-01.cellularity_ploidy	C:/CloneHD_benchmarking/DPclust/TCGA/dpclust_batch_luad\TCGA-MP-A4T2-01\TCGA-MP-A4T2-01.battenberg	C:/CloneHD_benchmarking/DPclust/TCGA/dpclust_batch_luad\TCGA-MP-A4T2-01\run_dpclust3p_TCGA-MP-A4T2-01.R	C:/CloneHD_benchmarking/DPclust/TCGA/dpclust_batch_luad\TCGA-MP-A4T2-01\TCGA-MP-A4T2-01_ccf.tsv
TCGA-MP-A4T7-01	C:/CloneHD_benchmarking/DPclust/TCGA/dpclust_batch_luad\TCGA-MP-A4T7-01	C:/CloneHD_benchmarking/DPclust/TCGA/dpclust_batch_luad\TCGA-MP-A4T7-01\TCGA-MP-A4T7-01_loci.txt	C:/CloneHD_benchmarking/DPclust/TCGA/dpclust_batch_luad\TCGA-MP-A4T7-01\TCGA-MP-A4T7-01_alleleFrequencies.txt	C:/CloneHD_benchmarking/DPclust/TCGA/dpclust_batch_luad\TCGA-MP-A4T7-01\TCGA-MP-A4T7-01.cellularity_ploidy	C:/CloneHD_benchmarking/DPclust/TCGA/dpclust_batch_luad\TCGA-MP-A4T7-01\TCGA-MP-A4T7-01.battenberg	C:/CloneHD_benchmarking/DPclust/TCGA/dpclust_batch_luad\TCGA-MP-A4T7-01\run_dpclust3p_TCGA-MP-A4T7-01.R	C:/CloneHD_benchmarking/DPclust/TCGA/dpclust_batch_luad\TCGA-MP-A4T7-01\TCGA-MP-A4T7-01_ccf.tsv
TCGA-MP-A4T8-01	C:/CloneHD_benchmarking/DPclust/TCGA/dpclust_batch_luad\TCGA-MP-A4T8-01	C:/CloneHD_benchmarking/DPclust/TCGA/dpclust_batch_luad\TCGA-MP-A4T8-01\TCGA-MP-A4T8-01_loci.txt	C:/CloneHD_benchmarking/DPclust/TCGA/dpclust_batch_luad\TCGA-MP-A4T8-01\TCGA-MP-A4T8-01_alleleFrequencies.txt	C:/CloneHD_benchmarking/DPclust/TCGA/dpclust_batch_luad\TCGA-MP-A4T8-01\TCGA-MP-A4T8-01.cellularity_ploidy	C:/CloneHD_benchmarking/DPclust/TCGA/dpclust_batch_luad\TCGA-MP-A4T8-01\TCGA-MP-A4T8-01.battenberg	C:/CloneHD_benchmarking/DPclust/TCGA/dpclust_batch_luad\TCGA-MP-A4T8-01\run_dpclust3p_TCGA-MP-A4T8-01.R	C:/CloneHD_benchmarking/DPclust/TCGA/dpclust_batch_luad\TCGA-MP-A4T8-01\TCGA-MP-A4T8-01_ccf.tsv
TCGA-MP-A4T9-01	C:/CloneHD_benchmarking/DPclust/TCGA/dpclust_batch_luad\TCGA-MP-A4T9-01	C:/CloneHD_benchmarking/DPclust/TCGA/dpclust_batch_luad\TCGA-MP-A4T9-01\TCGA-MP-A4T9-01_loci.txt	C:/CloneHD_benchmarking/DPclust/TCGA/dpclust_batch_luad\TCGA-MP-A4T9-01\TCGA-MP-A4T9-01_alleleFrequencies.txt	C:/CloneHD_benchmarking/DPclust/TCGA/dpclust_batch_luad\TCGA-MP-A4T9-01\TCGA-MP-A4T9-01.cellularity_ploidy	C:/CloneHD_benchmarking/DPclust/TCGA/dpclust_batch_luad\TCGA-MP-A4T9-01\TCGA-MP-A4T9-01.battenberg	C:/CloneHD_benchmarking/DPclust/TCGA/dpclust_batch_luad\TCGA-MP-A4T9-01\run_dpclust3p_TCGA-MP-A4T9-01.R	C:/CloneHD_benchmarking/DPclust/TCGA/dpclust_batch_luad\TCGA-MP-A4T9-01\TCGA-MP-A4T9-01_ccf.tsv
TCGA-MP-A4TA-01	C:/CloneHD_benchmarking/DPclust/TCGA/dpclust_batch_luad\TCGA-MP-A4TA-01	C:/CloneHD_benchmarking/DPclust/TCGA/dpclust_batch_luad\TCGA-MP-A4TA-01\TCGA-MP-A4TA-01_loci.txt	C:/CloneHD_benchmarking/DPclust/TCGA/dpclust_batch_luad\TCGA-MP-A4TA-01\TCGA-MP-A4TA-01_alleleFrequencies.txt	C:/CloneHD_benchmarking/DPclust/TCGA/dpclust_batch_luad\TCGA-MP-A4TA-01\TCGA-MP-A4TA-01.cellularity_ploidy	C:/CloneHD_benchmarking/DPclust/TCGA/dpclust_batch_luad\TCGA-MP-A4TA-01\TCGA-MP-A4TA-01.battenberg	C:/CloneHD_benchmarking/DPclust/TCGA/dpclust_batch_luad\TCGA-MP-A4TA-01\run_dpclust3p_TCGA-MP-A4TA-01.R	C:/CloneHD_benchmarking/DPclust/TCGA/dpclust_batch_luad\TCGA-MP-A4TA-01\TCGA-MP-A4TA-01_ccf.tsv
TCGA-MP-A4TC-01	C:/CloneHD_benchmarking/DPclust/TCGA/dpclust_batch_luad\TCGA-MP-A4TC-01	C:/CloneHD_benchmarking/DPclust/TCGA/dpclust_batch_luad\TCGA-MP-A4TC-01\TCGA-MP-A4TC-01_loci.txt	C:/CloneHD_benchmarking/DPclust/TCGA/dpclust_batch_luad\TCGA-MP-A4TC-01\TCGA-MP-A4TC-01_alleleFrequencies.txt	C:/CloneHD_benchmarking/DPclust/TCGA/dpclust_batch_luad\TCGA-MP-A4TC-01\TCGA-MP-A4TC-01.cellularity_ploidy	C:/CloneHD_benchmarking/DPclust/TCGA/dpclust_batch_luad\TCGA-MP-A4TC-01\TCGA-MP-A4TC-01.battenberg	C:/CloneHD_benchmarking/DPclust/TCGA/dpclust_batch_luad\TCGA-MP-A4TC-01\run_dpclust3p_TCGA-MP-A4TC-01.R	C:/CloneHD_benchmarking/DPclust/TCGA/dpclust_batch_luad\TCGA-MP-A4TC-01\TCGA-MP-A4TC-01_ccf.tsv
TCGA-MP-A4TE-01	C:/CloneHD_benchmarking/DPclust/TCGA/dpclust_batch_luad\TCGA-MP-A4TE-01	C:/CloneHD_benchmarking/DPclust/TCGA/dpclust_batch_luad\TCGA-MP-A4TE-01\TCGA-MP-A4TE-01_loci.txt	C:/CloneHD_benchmarking/DPclust/TCGA/dpclust_batch_luad\TCGA-MP-A4TE-01\TCGA-MP-A4TE-01_alleleFrequencies.txt	C:/CloneHD_benchmarking/DPclust/TCGA/dpclust_batch_luad\TCGA-MP-A4TE-01\TCGA-MP-A4TE-01.cellularity_ploidy	C:/CloneHD_benchmarking/DPclust/TCGA/dpclust_batch_luad\TCGA-MP-A4TE-01\TCGA-MP-A4TE-01.battenberg	C:/CloneHD_benchmarking/DPclust/TCGA/dpclust_batch_luad\TCGA-MP-A4TE-01\run_dpclust3p_TCGA-MP-A4TE-01.R	C:/CloneHD_benchmarking/DPclust/TCGA/dpclust_batch_luad\TCGA-MP-A4TE-01\TCGA-MP-A4TE-01_ccf.tsv
TCGA-MP-A4TF-01	C:/CloneHD_benchmarking/DPclust/TCGA/dpclust_batch_luad\TCGA-MP-A4TF-01	C:/CloneHD_benchmarking/DPclust/TCGA/dpclust_batch_luad\TCGA-MP-A4TF-01\TCGA-MP-A4TF-01_loci.txt	C:/CloneHD_benchmarking/DPclust/TCGA/dpclust_batch_luad\TCGA-MP-A4TF-01\TCGA-MP-A4TF-01_alleleFrequencies.txt	C:/CloneHD_benchmarking/DPclust/TCGA/dpclust_batch_luad\TCGA-MP-A4TF-01\TCGA-MP-A4TF-01.cellularity_ploidy	C:/CloneHD_benchmarking/DPclust/TCGA/dpclust_batch_luad\TCGA-MP-A4TF-01\TCGA-MP-A4TF-01.battenberg	C:/CloneHD_benchmarking/DPclust/TCGA/dpclust_batch_luad\TCGA-MP-A4TF-01\run_dpclust3p_TCGA-MP-A4TF-01.R	C:/CloneHD_benchmarking/DPclust/TCGA/dpclust_batch_luad\TCGA-MP-A4TF-01\TCGA-MP-A4TF-01_ccf.tsv
TCGA-MP-A4TH-01	C:/CloneHD_benchmarking/DPclust/TCGA/dpclust_batch_luad\TCGA-MP-A4TH-01	C:/CloneHD_benchmarking/DPclust/TCGA/dpclust_batch_luad\TCGA-MP-A4TH-01\TCGA-MP-A4TH-01_loci.txt	C:/CloneHD_benchmarking/DPclust/TCGA/dpclust_batch_luad\TCGA-MP-A4TH-01\TCGA-MP-A4TH-01_alleleFrequencies.txt	C:/CloneHD_benchmarking/DPclust/TCGA/dpclust_batch_luad\TCGA-MP-A4TH-01\TCGA-MP-A4TH-01.cellularity_ploidy	C:/CloneHD_benchmarking/DPclust/TCGA/dpclust_batch_luad\TCGA-MP-A4TH-01\TCGA-MP-A4TH-01.battenberg	C:/CloneHD_benchmarking/DPclust/TCGA/dpclust_batch_luad\TCGA-MP-A4TH-01\run_dpclust3p_TCGA-MP-A4TH-01.R	C:/CloneHD_benchmarking/DPclust/TCGA/dpclust_batch_luad\TCGA-MP-A4TH-01\TCGA-MP-A4TH-01_ccf.tsv
TCGA-MP-A4TI-01	C:/CloneHD_benchmarking/DPclust/TCGA/dpclust_batch_luad\TCGA-MP-A4TI-01	C:/CloneHD_benchmarking/DPclust/TCGA/dpclust_batch_luad\TCGA-MP-A4TI-01\TCGA-MP-A4TI-01_loci.txt	C:/CloneHD_benchmarking/DPclust/TCGA/dpclust_batch_luad\TCGA-MP-A4TI-01\TCGA-MP-A4TI-01_alleleFrequencies.txt	C:/CloneHD_benchmarking/DPclust/TCGA/dpclust_batch_luad\TCGA-MP-A4TI-01\TCGA-MP-A4TI-01.cellularity_ploidy	C:/CloneHD_benchmarking/DPclust/TCGA/dpclust_batch_luad\TCGA-MP-A4TI-01\TCGA-MP-A4TI-01.battenberg	C:/CloneHD_benchmarking/DPclust/TCGA/dpclust_batch_luad\TCGA-MP-A4TI-01\run_dpclust3p_TCGA-MP-A4TI-01.R	C:/CloneHD_benchmarking/DPclust/TCGA/dpclust_batch_luad\TCGA-MP-A4TI-01\TCGA-MP-A4TI-01_ccf.tsv
TCGA-MP-A4TK-01	C:/CloneHD_benchmarking/DPclust/TCGA/dpclust_batch_luad\TCGA-MP-A4TK-01	C:/CloneHD_benchmarking/DPclust/TCGA/dpclust_batch_luad\TCGA-MP-A4TK-01\TCGA-MP-A4TK-01_loci.txt	C:/CloneHD_benchmarking/DPclust/TCGA/dpclust_batch_luad\TCGA-MP-A4TK-01\TCGA-MP-A4TK-01_alleleFrequencies.txt	C:/CloneHD_benchmarking/DPclust/TCGA/dpclust_batch_luad\TCGA-MP-A4TK-01\TCGA-MP-A4TK-01.cellularity_ploidy	C:/CloneHD_benchmarking/DPclust/TCGA/dpclust_batch_luad\TCGA-MP-A4TK-01\TCGA-MP-A4TK-01.battenberg	C:/CloneHD_benchmarking/DPclust/TCGA/dpclust_batch_luad\TCGA-MP-A4TK-01\run_dpclust3p_TCGA-MP-A4TK-01.R	C:/CloneHD_benchmarking/DPclust/TCGA/dpclust_batch_luad\TCGA-MP-A4TK-01\TCGA-MP-A4TK-01_ccf.tsv
TCGA-MP-A5C7-01	C:/CloneHD_benchmarking/DPclust/TCGA/dpclust_batch_luad\TCGA-MP-A5C7-01	C:/CloneHD_benchmarking/DPclust/TCGA/dpclust_batch_luad\TCGA-MP-A5C7-01\TCGA-MP-A5C7-01_loci.txt	C:/CloneHD_benchmarking/DPclust/TCGA/dpclust_batch_luad\TCGA-MP-A5C7-01\TCGA-MP-A5C7-01_alleleFrequencies.txt	C:/CloneHD_benchmarking/DPclust/TCGA/dpclust_batch_luad\TCGA-MP-A5C7-01\TCGA-MP-A5C7-01.cellularity_ploidy	C:/CloneHD_benchmarking/DPclust/TCGA/dpclust_batch_luad\TCGA-MP-A5C7-01\TCGA-MP-A5C7-01.battenberg	C:/CloneHD_benchmarking/DPclust/TCGA/dpclust_batch_luad\TCGA-MP-A5C7-01\run_dpclust3p_TCGA-MP-A5C7-01.R	C:/CloneHD_benchmarking/DPclust/TCGA/dpclust_batch_luad\TCGA-MP-A5C7-01\TCGA-MP-A5C7-01_ccf.tsv
TCGA-NJ-A4YF-01	C:/CloneHD_benchmarking/DPclust/TCGA/dpclust_batch_luad\TCGA-NJ-A4YF-01	C:/CloneHD_benchmarking/DPclust/TCGA/dpclust_batch_luad\TCGA-NJ-A4YF-01\TCGA-NJ-A4YF-01_loci.txt	C:/CloneHD_benchmarking/DPclust/TCGA/dpclust_batch_luad\TCGA-NJ-A4YF-01\TCGA-NJ-A4YF-01_alleleFrequencies.txt	C:/CloneHD_benchmarking/DPclust/TCGA/dpclust_batch_luad\TCGA-NJ-A4YF-01\TCGA-NJ-A4YF-01.cellularity_ploidy	C:/CloneHD_benchmarking/DPclust/TCGA/dpclust_batch_luad\TCGA-NJ-A4YF-01\TCGA-NJ-A4YF-01.battenberg	C:/CloneHD_benchmarking/DPclust/TCGA/dpclust_batch_luad\TCGA-NJ-A4YF-01\run_dpclust3p_TCGA-NJ-A4YF-01.R	C:/CloneHD_benchmarking/DPclust/TCGA/dpclust_batch_luad\TCGA-NJ-A4YF-01\TCGA-NJ-A4YF-01_ccf.tsv
TCGA-NJ-A4YG-01	C:/CloneHD_benchmarking/DPclust/TCGA/dpclust_batch_luad\TCGA-NJ-A4YG-01	C:/CloneHD_benchmarking/DPclust/TCGA/dpclust_batch_luad\TCGA-NJ-A4YG-01\TCGA-NJ-A4YG-01_loci.txt	C:/CloneHD_benchmarking/DPclust/TCGA/dpclust_batch_luad\TCGA-NJ-A4YG-01\TCGA-NJ-A4YG-01_alleleFrequencies.txt	C:/CloneHD_benchmarking/DPclust/TCGA/dpclust_batch_luad\TCGA-NJ-A4YG-01\TCGA-NJ-A4YG-01.cellularity_ploidy	C:/CloneHD_benchmarking/DPclust/TCGA/dpclust_batch_luad\TCGA-NJ-A4YG-01\TCGA-NJ-A4YG-01.battenberg	C:/CloneHD_benchmarking/DPclust/TCGA/dpclust_batch_luad\TCGA-NJ-A4YG-01\run_dpclust3p_TCGA-NJ-A4YG-01.R	C:/CloneHD_benchmarking/DPclust/TCGA/dpclust_batch_luad\TCGA-NJ-A4YG-01\TCGA-NJ-A4YG-01_ccf.tsv
TCGA-NJ-A4YI-01	C:/CloneHD_benchmarking/DPclust/TCGA/dpclust_batch_luad\TCGA-NJ-A4YI-01	C:/CloneHD_benchmarking/DPclust/TCGA/dpclust_batch_luad\TCGA-NJ-A4YI-01\TCGA-NJ-A4YI-01_loci.txt	C:/CloneHD_benchmarking/DPclust/TCGA/dpclust_batch_luad\TCGA-NJ-A4YI-01\TCGA-NJ-A4YI-01_alleleFrequencies.txt	C:/CloneHD_benchmarking/DPclust/TCGA/dpclust_batch_luad\TCGA-NJ-A4YI-01\TCGA-NJ-A4YI-01.cellularity_ploidy	C:/CloneHD_benchmarking/DPclust/TCGA/dpclust_batch_luad\TCGA-NJ-A4YI-01\TCGA-NJ-A4YI-01.battenberg	C:/CloneHD_benchmarking/DPclust/TCGA/dpclust_batch_luad\TCGA-NJ-A4YI-01\run_dpclust3p_TCGA-NJ-A4YI-01.R	C:/CloneHD_benchmarking/DPclust/TCGA/dpclust_batch_luad\TCGA-NJ-A4YI-01\TCGA-NJ-A4YI-01_ccf.tsv
TCGA-NJ-A4YP-01	C:/CloneHD_benchmarking/DPclust/TCGA/dpclust_batch_luad\TCGA-NJ-A4YP-01	C:/CloneHD_benchmarking/DPclust/TCGA/dpclust_batch_luad\TCGA-NJ-A4YP-01\TCGA-NJ-A4YP-01_loci.txt	C:/CloneHD_benchmarking/DPclust/TCGA/dpclust_batch_luad\TCGA-NJ-A4YP-01\TCGA-NJ-A4YP-01_alleleFrequencies.txt	C:/CloneHD_benchmarking/DPclust/TCGA/dpclust_batch_luad\TCGA-NJ-A4YP-01\TCGA-NJ-A4YP-01.cellularity_ploidy	C:/CloneHD_benchmarking/DPclust/TCGA/dpclust_batch_luad\TCGA-NJ-A4YP-01\TCGA-NJ-A4YP-01.battenberg	C:/CloneHD_benchmarking/DPclust/TCGA/dpclust_batch_luad\TCGA-NJ-A4YP-01\run_dpclust3p_TCGA-NJ-A4YP-01.R	C:/CloneHD_benchmarking/DPclust/TCGA/dpclust_batch_luad\TCGA-NJ-A4YP-01\TCGA-NJ-A4YP-01_ccf.tsv
TCGA-NJ-A4YQ-01	C:/CloneHD_benchmarking/DPclust/TCGA/dpclust_batch_luad\TCGA-NJ-A4YQ-01	C:/CloneHD_benchmarking/DPclust/TCGA/dpclust_batch_luad\TCGA-NJ-A4YQ-01\TCGA-NJ-A4YQ-01_loci.txt	C:/CloneHD_benchmarking/DPclust/TCGA/dpclust_batch_luad\TCGA-NJ-A4YQ-01\TCGA-NJ-A4YQ-01_alleleFrequencies.txt	C:/CloneHD_benchmarking/DPclust/TCGA/dpclust_batch_luad\TCGA-NJ-A4YQ-01\TCGA-NJ-A4YQ-01.cellularity_ploidy	C:/CloneHD_benchmarking/DPclust/TCGA/dpclust_batch_luad\TCGA-NJ-A4YQ-01\TCGA-NJ-A4YQ-01.battenberg	C:/CloneHD_benchmarking/DPclust/TCGA/dpclust_batch_luad\TCGA-NJ-A4YQ-01\run_dpclust3p_TCGA-NJ-A4YQ-01.R	C:/CloneHD_benchmarking/DPclust/TCGA/dpclust_batch_luad\TCGA-NJ-A4YQ-01\TCGA-NJ-A4YQ-01_ccf.tsv
TCGA-NJ-A55A-01	C:/CloneHD_benchmarking/DPclust/TCGA/dpclust_batch_luad\TCGA-NJ-A55A-01	C:/CloneHD_benchmarking/DPclust/TCGA/dpclust_batch_luad\TCGA-NJ-A55A-01\TCGA-NJ-A55A-01_loci.txt	C:/CloneHD_benchmarking/DPclust/TCGA/dpclust_batch_luad\TCGA-NJ-A55A-01\TCGA-NJ-A55A-01_alleleFrequencies.txt	C:/CloneHD_benchmarking/DPclust/TCGA/dpclust_batch_luad\TCGA-NJ-A55A-01\TCGA-NJ-A55A-01.cellularity_ploidy	C:/CloneHD_benchmarking/DPclust/TCGA/dpclust_batch_luad\TCGA-NJ-A55A-01\TCGA-NJ-A55A-01.battenberg	C:/CloneHD_benchmarking/DPclust/TCGA/dpclust_batch_luad\TCGA-NJ-A55A-01\run_dpclust3p_TCGA-NJ-A55A-01.R	C:/CloneHD_benchmarking/DPclust/TCGA/dpclust_batch_luad\TCGA-NJ-A55A-01\TCGA-NJ-A55A-01_ccf.tsv
TCGA-NJ-A55R-01	C:/CloneHD_benchmarking/DPclust/TCGA/dpclust_batch_luad\TCGA-NJ-A55R-01	C:/CloneHD_benchmarking/DPclust/TCGA/dpclust_batch_luad\TCGA-NJ-A55R-01\TCGA-NJ-A55R-01_loci.txt	C:/CloneHD_benchmarking/DPclust/TCGA/dpclust_batch_luad\TCGA-NJ-A55R-01\TCGA-NJ-A55R-01_alleleFrequencies.txt	C:/CloneHD_benchmarking/DPclust/TCGA/dpclust_batch_luad\TCGA-NJ-A55R-01\TCGA-NJ-A55R-01.cellularity_ploidy	C:/CloneHD_benchmarking/DPclust/TCGA/dpclust_batch_luad\TCGA-NJ-A55R-01\TCGA-NJ-A55R-01.battenberg	C:/CloneHD_benchmarking/DPclust/TCGA/dpclust_batch_luad\TCGA-NJ-A55R-01\run_dpclust3p_TCGA-NJ-A55R-01.R	C:/CloneHD_benchmarking/DPclust/TCGA/dpclust_batch_luad\TCGA-NJ-A55R-01\TCGA-NJ-A55R-01_ccf.tsv
TCGA-NJ-A7XG-01	C:/CloneHD_benchmarking/DPclust/TCGA/dpclust_batch_luad\TCGA-NJ-A7XG-01	C:/CloneHD_benchmarking/DPclust/TCGA/dpclust_batch_luad\TCGA-NJ-A7XG-01\TCGA-NJ-A7XG-01_loci.txt	C:/CloneHD_benchmarking/DPclust/TCGA/dpclust_batch_luad\TCGA-NJ-A7XG-01\TCGA-NJ-A7XG-01_alleleFrequencies.txt	C:/CloneHD_benchmarking/DPclust/TCGA/dpclust_batch_luad\TCGA-NJ-A7XG-01\TCGA-NJ-A7XG-01.cellularity_ploidy	C:/CloneHD_benchmarking/DPclust/TCGA/dpclust_batch_luad\TCGA-NJ-A7XG-01\TCGA-NJ-A7XG-01.battenberg	C:/CloneHD_benchmarking/DPclust/TCGA/dpclust_batch_luad\TCGA-NJ-A7XG-01\run_dpclust3p_TCGA-NJ-A7XG-01.R	C:/CloneHD_benchmarking/DPclust/TCGA/dpclust_batch_luad\TCGA-NJ-A7XG-01\TCGA-NJ-A7XG-01_ccf.tsv
TCGA-O1-A52J-01	C:/CloneHD_benchmarking/DPclust/TCGA/dpclust_batch_luad\TCGA-O1-A52J-01	C:/CloneHD_benchmarking/DPclust/TCGA/dpclust_batch_luad\TCGA-O1-A52J-01\TCGA-O1-A52J-01_loci.txt	C:/CloneHD_benchmarking/DPclust/TCGA/dpclust_batch_luad\TCGA-O1-A52J-01\TCGA-O1-A52J-01_alleleFrequencies.txt	C:/CloneHD_benchmarking/DPclust/TCGA/dpclust_batch_luad\TCGA-O1-A52J-01\TCGA-O1-A52J-01.cellularity_ploidy	C:/CloneHD_benchmarking/DPclust/TCGA/dpclust_batch_luad\TCGA-O1-A52J-01\TCGA-O1-A52J-01.battenberg	C:/CloneHD_benchmarking/DPclust/TCGA/dpclust_batch_luad\TCGA-O1-A52J-01\run_dpclust3p_TCGA-O1-A52J-01.R	C:/CloneHD_benchmarking/DPclust/TCGA/dpclust_batch_luad\TCGA-O1-A52J-01\TCGA-O1-A52J-01_ccf.tsv
TCGA-S2-AA1A-01	C:/CloneHD_benchmarking/DPclust/TCGA/dpclust_batch_luad\TCGA-S2-AA1A-01	C:/CloneHD_benchmarking/DPclust/TCGA/dpclust_batch_luad\TCGA-S2-AA1A-01\TCGA-S2-AA1A-01_loci.txt	C:/CloneHD_benchmarking/DPclust/TCGA/dpclust_batch_luad\TCGA-S2-AA1A-01\TCGA-S2-AA1A-01_alleleFrequencies.txt	C:/CloneHD_benchmarking/DPclust/TCGA/dpclust_batch_luad\TCGA-S2-AA1A-01\TCGA-S2-AA1A-01.cellularity_ploidy	C:/CloneHD_benchmarking/DPclust/TCGA/dpclust_batch_luad\TCGA-S2-AA1A-01\TCGA-S2-AA1A-01.battenberg	C:/CloneHD_benchmarking/DPclust/TCGA/dpclust_batch_luad\TCGA-S2-AA1A-01\run_dpclust3p_TCGA-S2-AA1A-01.R	C:/CloneHD_benchmarking/DPclust/TCGA/dpclust_batch_luad\TCGA-S2-AA1A-01\TCGA-S2-AA1A-01_ccf.tsv
