chr	pos	ref	alt	gene	classification	t_ref_count	t_alt_count	total_depth	vaf	local_cn	major_cn	minor_cn	mcn	multiplicity	ccf	ccf_capped	is_clonal	purity	ploidy
1	2520471	C	T	FAM213B	Missense_Mutation	41	21	62	0.3387096774193548	2	1	1	0.8798	1	0.8798	0.8798	True	0.77	2.11
1	6589208	G	A	NOL9	Silent	17	16	33	0.48484848484848486	2	1	1	1.2593	1	1.2593	1.0	True	0.77	2.11
1	7998817	C	T	TNFRSF9	Missense_Mutation	122	73	195	0.37435897435897436	2	1	1	0.9724	1	0.9724	0.9724	True	0.77	2.11
1	9324954	C	T	H6PD	3'UTR	22	16	38	0.42105263157894735	2	1	1	1.0936	1	1.0936	1.0	True	0.77	2.11
1	12004676	C	T	PLOD1	Intron	15	8	23	0.34782608695652173	2	1	1	0.9034	1	0.9034	0.9034	True	0.77	2.11
1	12321991	C	T	VPS13D	Missense_Mutation	66	44	110	0.4	2	1	1	1.039	1	1.039	1.0	True	0.77	2.11
1	12704574	C	T	AADACL4	Silent	52	44	96	0.4583333333333333	2	1	1	1.1905	1	1.1905	1.0	True	0.77	2.11
1	16270310	G	A	ZBTB17	Silent	13	5	18	0.2777777777777778	2	1	1	0.7215	1	0.7215	0.7215	False	0.77	2.11
1	16902895	G	A	NBPF1	Silent	407	68	475	0.1431578947368421	2	1	1	0.3718	1	0.3718	0.3718	False	0.77	2.11
1	17303271	G	A	MFAP2	Missense_Mutation	37	30	67	0.44776119402985076	2	1	1	1.163	1	1.163	1.0	True	0.77	2.11
1	19441987	C	A	UBR4	Missense_Mutation	95	56	151	0.3708609271523179	2	1	1	0.9633	1	0.9633	0.9633	True	0.77	2.11
1	20829787	G	A	MUL1	Missense_Mutation	15	8	23	0.34782608695652173	2	1	1	0.9034	1	0.9034	0.9034	True	0.77	2.11
1	20990935	G	A	KIF17	3'UTR	3	7	10	0.7	2	1	1	1.8182	1	1.8182	1.0	True	0.77	2.11
1	21226294	G	A	EIF4G3	Missense_Mutation	236	111	347	0.31988472622478387	2	1	1	0.8309	1	0.8309	0.8309	False	0.77	2.11
1	21329264	G	A	EIF4G3	5'UTR	82	49	131	0.37404580152671757	2	1	1	0.9715	1	0.9715	0.9715	True	0.77	2.11
1	22176663	G	A	HSPG2	Silent	61	29	90	0.32222222222222224	2	1	1	0.8369	1	0.8369	0.8369	False	0.77	2.11
1	22186462	G	A	HSPG2	Missense_Mutation	23	10	33	0.30303030303030304	2	1	1	0.7871	1	0.7871	0.7871	False	0.77	2.11
1	24080687	C	T	TCEB3	Silent	56	40	96	0.4166666666666667	2	1	1	1.0823	1	1.0823	1.0	True	0.77	2.11
1	24392359	C	T	MYOM3	Intron	58	29	87	0.3333333333333333	2	1	1	0.8658	1	0.8658	0.8658	True	0.77	2.11
1	24402693	T	C	MYOM3	Missense_Mutation	65	33	98	0.336734693877551	2	1	1	0.8746	1	0.8746	0.8746	True	0.77	2.11
1	24768661	C	T	NIPAL3	Silent	79	46	125	0.368	2	1	1	0.9558	1	0.9558	0.9558	True	0.77	2.11
1	24861886	G	A	RCAN3	3'UTR	4	4	8	0.5	2	1	1	1.2987	1	1.2987	1.0	True	0.77	2.11
1	26104797	G	A	MAN1C1	Missense_Mutation	18	13	31	0.41935483870967744	2	1	1	1.0892	1	1.0892	1.0	True	0.77	2.11
1	27100165	C	T	ARID1A	Missense_Mutation	56	32	88	0.36363636363636365	2	1	1	0.9445	1	0.9445	0.9445	True	0.77	2.11
1	28301011	G	A	EYA3	Missense_Mutation	66	26	92	0.2826086956521739	2	1	1	0.734	1	0.734	0.734	False	0.77	2.11
1	28904237	T	C	TRNAU1AP	3'UTR	16	11	27	0.4074074074074074	2	1	1	1.0582	1	1.0582	1.0	True	0.77	2.11
1	29533322	G	A	MECR	Missense_Mutation	46	33	79	0.4177215189873418	2	1	1	1.085	1	1.085	1.0	True	0.77	2.11
1	32050548	C	G	TINAGL1	Silent	65	31	96	0.3229166666666667	2	1	1	0.8387	1	0.8387	0.8387	False	0.77	2.11
1	32050549	C	T	TINAGL1	Nonsense_Mutation	65	31	96	0.3229166666666667	2	1	1	0.8387	1	0.8387	0.8387	False	0.77	2.11
1	32157060	G	T	COL16A1	Silent	29	17	46	0.3695652173913043	2	1	1	0.9599	1	0.9599	0.9599	True	0.77	2.11
1	33366825	G	A	TMEM54	Silent	12	5	17	0.29411764705882354	2	1	1	0.7639	1	0.7639	0.7639	False	0.77	2.11
1	34066541	C	T	CSMD2	Silent	79	47	126	0.373015873015873	2	1	1	0.9689	1	0.9689	0.9689	True	0.77	2.11
1	34189893	G	A	CSMD2	Nonsense_Mutation	23	10	33	0.30303030303030304	2	1	1	0.7871	1	0.7871	0.7871	False	0.77	2.11
1	34209109	G	A	CSMD2	Silent	62	25	87	0.28735632183908044	2	1	1	0.7464	1	0.7464	0.7464	False	0.77	2.11
1	36826901	C	T	STK40	Silent	87	45	132	0.3409090909090909	2	1	1	0.8855	1	0.8855	0.8855	True	0.77	2.11
1	38184483	G	A	EPHA10	Missense_Mutation	17	6	23	0.2608695652173913	2	1	1	0.6776	1	0.6776	0.6776	False	0.77	2.11
1	41300675	G	A	KCNQ4	Silent	88	36	124	0.2903225806451613	2	1	1	0.7541	1	0.7541	0.7541	False	0.77	2.11
1	43905671	G	A	SZT2	Missense_Mutation	55	36	91	0.3956043956043956	2	1	1	1.0275	1	1.0275	1.0	True	0.77	2.11
1	46488950	G	A	MAST2	Missense_Mutation	104	69	173	0.3988439306358382	2	1	1	1.036	1	1.036	1.0	True	0.77	2.11
1	47101409	G	A	ATPAF1	3'UTR	31	19	50	0.38	2	1	1	0.987	1	0.987	0.987	True	0.77	2.11
1	47276522	C	T	CYP4B1	Missense_Mutation	35	9	44	0.20454545454545456	2	1	1	0.5313	1	0.5313	0.5313	False	0.77	2.11
1	47515705	G	A	CYP4X1	Silent	77	49	126	0.3888888888888889	2	1	1	1.0101	1	1.0101	1.0	True	0.77	2.11
1	51439938	A	G	CDKN2C	Missense_Mutation	33	17	50	0.34	2	1	1	0.8831	1	0.8831	0.8831	True	0.77	2.11
1	52705059	C	T	ZFYVE9	Missense_Mutation	58	30	88	0.3409090909090909	2	1	1	0.8855	1	0.8855	0.8855	True	0.77	2.11
1	53559150	G	A	SLC1A7	Silent	15	6	21	0.2857142857142857	2	1	1	0.7421	1	0.7421	0.7421	False	0.77	2.11
1	54284681	G	A	NDC1	Silent	39	10	49	0.20408163265306123	2	1	1	0.5301	1	0.5301	0.5301	False	0.77	2.11
1	55119419	G	A	MROH7	Missense_Mutation	35	30	65	0.46153846153846156	2	1	1	1.1988	1	1.1988	1.0	True	0.77	2.11
1	57221585	G	A	C1orf168	Missense_Mutation	24	14	38	0.3684210526315789	2	1	1	0.9569	1	0.9569	0.9569	True	0.77	2.11
1	57378088	C	T	C8A	Missense_Mutation	42	22	64	0.34375	2	1	1	0.8929	1	0.8929	0.8929	True	0.77	2.11
1	57431619	C	T	C8B	Translation_Start_Site	41	41	82	0.5	2	1	1	1.2987	1	1.2987	1.0	True	0.77	2.11
1	57535066	G	A	DAB1	Silent	49	24	73	0.3287671232876712	2	1	1	0.8539	1	0.8539	0.8539	True	0.77	2.11
1	60491080	C	T	C1orf87	Missense_Mutation	54	20	74	0.2702702702702703	2	1	1	0.702	1	0.702	0.702	False	0.77	2.11
1	64515362	G	A	ROR1	Splice_Site	59	39	98	0.3979591836734694	2	1	1	1.0337	1	1.0337	1.0	True	0.77	2.11
1	67299708	G	A	WDR78	Silent	42	20	62	0.3225806451612903	2	1	1	0.8379	1	0.8379	0.8379	False	0.77	2.11
1	74507374	C	T	LRRIQ3	Missense_Mutation	58	35	93	0.3763440860215054	2	1	1	0.9775	1	0.9775	0.9775	True	0.77	2.11
1	82432110	C	T	LPHN2	Silent	30	16	46	0.34782608695652173	2	1	1	0.9034	1	0.9034	0.9034	True	0.77	2.11
1	89486328	T	A	GBP3	Missense_Mutation	75	49	124	0.3951612903225806	2	1	1	1.0264	1	1.0264	1.0	True	0.77	2.11
1	94466457	G	A	ABCA4	Silent	46	25	71	0.352112676056338	2	1	1	0.9146	1	0.9146	0.9146	True	0.77	2.11
1	94668540	C	T	ARHGAP29	Silent	67	25	92	0.2717391304347826	2	1	1	0.7058	1	0.7058	0.7058	False	0.77	2.11
1	94670742	G	A	ARHGAP29	Missense_Mutation	25	8	33	0.24242424242424243	2	1	1	0.6297	1	0.6297	0.6297	False	0.77	2.11
1	95367748	C	T	CNN3	Missense_Mutation	41	23	64	0.359375	2	1	1	0.9334	1	0.9334	0.9334	True	0.77	2.11
1	107938086	C	T	NTNG1	Intron	174	70	244	0.28688524590163933	2	1	1	0.7452	1	0.7452	0.7452	False	0.77	2.11
1	110719356	C	T	SLC6A17	Missense_Mutation	73	34	107	0.3177570093457944	2	1	1	0.8253	1	0.8253	0.8253	False	0.77	2.11
1	111494808	G	A	LRIF1	Missense_Mutation	46	23	69	0.3333333333333333	2	1	1	0.8658	1	0.8658	0.8658	True	0.77	2.11
1	112321074	C	T	KCND3	Missense_Mutation	68	26	94	0.2765957446808511	2	1	1	0.7184	1	0.7184	0.7184	False	0.77	2.11
1	114252914	C	T	PHTF1	Missense_Mutation	36	15	51	0.29411764705882354	2	1	1	0.7639	1	0.7639	0.7639	False	0.77	2.11
1	115576077	G	A	TSHB	Missense_Mutation	56	44	100	0.44	2	1	1	1.1429	1	1.1429	1.0	True	0.77	2.11
1	115828975	T	A	NGF	Missense_Mutation	72	34	106	0.32075471698113206	2	1	1	0.8331	1	0.8331	0.8331	False	0.77	2.11
1	119964868	C	T	HSD3B2	Silent	42	19	61	0.3114754098360656	2	1	1	0.809	1	0.809	0.809	False	0.77	2.11
1	120307174	C	T	HMGCS2	Silent	285	142	427	0.3325526932084309	2	1	1	0.8638	1	0.8638	0.8638	True	0.77	2.11
1	120548194	A	T	NOTCH2	Nonsense_Mutation	345	51	396	0.12878787878787878	2	1	1	0.3345	1	0.3345	0.3345	False	0.77	2.11
1	145323702	C	T	NBPF10	Missense_Mutation	1301	75	1376	0.05450581395348837	2	1	1	0.1416	1	0.1416	0.1416	False	0.77	2.11
1	147381370	G	A	GJA8	Missense_Mutation	55	26	81	0.32098765432098764	2	1	1	0.8337	1	0.8337	0.8337	False	0.77	2.11
1	149895454	G	A	SF3B4	Nonsense_Mutation	21	8	29	0.27586206896551724	4	3	1	1.2682	1	1.2682	1.0	True	0.77	2.11
1	150129668	C	T	PLEKHO1	Silent	37	71	108	0.6574074074074074	4	3	1	3.0224	3	1.0075	1.0	True	0.77	2.11
1	150129669	C	T	PLEKHO1	Silent	38	71	109	0.6513761467889908	4	3	1	2.9946	3	0.9982	0.9982	True	0.77	2.11
1	150469286	G	A	TARS2	Missense_Mutation	63	54	117	0.46153846153846156	4	3	1	2.1219	2	1.0609	1.0	True	0.77	2.11
1	151015476	G	T	BNIPL	Nonsense_Mutation	173	47	220	0.21363636363636362	4	3	1	0.9822	1	0.9822	0.9822	True	0.77	2.11
1	151288521	G	A	PI4KB	Missense_Mutation	116	29	145	0.2	4	3	1	0.9195	1	0.9195	0.9195	True	0.77	2.11
1	152129266	C	T	RPTN	Silent	132	201	333	0.6036036036036037	4	3	1	2.775	3	0.925	0.925	True	0.77	2.11
1	152191721	C	T	HRNR	Missense_Mutation	80	17	97	0.17525773195876287	4	3	1	0.8057	1	0.8057	0.8057	False	0.77	2.11
1	152282112	G	A	FLG	Silent	399	83	482	0.17219917012448133	4	3	1	0.7917	1	0.7917	0.7917	False	0.77	2.11
1	152324979	G	A	FLG2	Silent	234	173	407	0.4250614250614251	4	3	1	1.9542	2	0.9771	0.9771	True	0.77	2.11
1	152328911	G	A	FLG2	Nonsense_Mutation	211	41	252	0.1626984126984127	4	3	1	0.748	1	0.748	0.748	False	0.77	2.11
1	152383340	T	C	CRNN	Missense_Mutation	145	32	177	0.1807909604519774	4	3	1	0.8312	1	0.8312	0.8312	False	0.77	2.11
1	152671415	C	T	LCE2A	Missense_Mutation	78	102	180	0.5666666666666667	4	3	1	2.6052	3	0.8684	0.8684	True	0.77	2.11
1	154461714	G	A	SHE	Silent	99	23	122	0.1885245901639344	4	3	1	0.8667	1	0.8667	0.8667	True	0.77	2.11
1	154461715	G	A	SHE	Missense_Mutation	99	22	121	0.18181818181818182	4	3	1	0.8359	1	0.8359	0.8359	False	0.77	2.11
1	154938947	G	A	SHC1	Missense_Mutation	25	5	30	0.16666666666666666	4	3	1	0.7662	1	0.7662	0.7662	False	0.77	2.11
1	155154622	C	T	TRIM46	Missense_Mutation	34	8	42	0.19047619047619047	4	3	1	0.8757	1	0.8757	0.8757	True	0.77	2.11
1	155154623	C	T	TRIM46	Silent	35	8	43	0.18604651162790697	4	3	1	0.8553	1	0.8553	0.8553	True	0.77	2.11
1	155257071	T	C	HCN3	Missense_Mutation	85	24	109	0.22018348623853212	4	3	1	1.0123	1	1.0123	1.0	True	0.77	2.11
1	156255002	G	A	TMEM79	5'UTR	93	23	116	0.19827586206896552	4	3	1	0.9116	1	0.9116	0.9116	True	0.77	2.11
1	156844179	C	T	NTRK1	Silent	303	83	386	0.21502590673575128	4	3	1	0.9886	1	0.9886	0.9886	True	0.77	2.11
1	157497563	G	A	FCRL5	Missense_Mutation	124	35	159	0.22012578616352202	4	3	1	1.012	1	1.012	1.0	True	0.77	2.11
1	157497650	G	A	FCRL5	Missense_Mutation	97	16	113	0.1415929203539823	4	3	1	0.651	1	0.651	0.651	False	0.77	2.11
1	158576568	C	T	OR10Z1	Missense_Mutation	115	111	226	0.4911504424778761	4	3	1	2.258	2	1.129	1.0	True	0.77	2.11
1	158639531	C	T	SPTA1	Missense_Mutation	153	257	410	0.6268292682926829	4	3	1	2.8818	3	0.9606	0.9606	True	0.77	2.11
1	159683565	C	T	CRP	Missense_Mutation	513	107	620	0.17258064516129032	4	3	1	0.7934	1	0.7934	0.7934	False	0.77	2.11
1	159778028	G	A	FCRL6	Missense_Mutation	60	11	71	0.15492957746478872	4	3	1	0.7123	1	0.7123	0.7123	False	0.77	2.11
1	160853271	G	A	ITLN1	Missense_Mutation	103	36	139	0.2589928057553957	4	3	1	1.1907	1	1.1907	1.0	True	0.77	2.11
1	167064135	G	A	DUSP27	Missense_Mutation	34	12	46	0.2608695652173913	4	3	1	1.1993	1	1.1993	1.0	True	0.77	2.11
1	167096525	C	T	DUSP27	Silent	73	31	104	0.2980769230769231	4	3	1	1.3704	1	1.3704	1.0	True	0.77	2.11
1	167874424	C	T	ADCY10	5'UTR	28	41	69	0.5942028985507246	4	3	1	2.7318	3	0.9106	0.9106	True	0.77	2.11
1	167874425	C	T	ADCY10	5'UTR	26	42	68	0.6176470588235294	4	3	1	2.8396	3	0.9465	0.9465	True	0.77	2.11
1	168269660	A	T	TBX19	Missense_Mutation	47	18	65	0.27692307692307694	4	3	1	1.2731	1	1.2731	1.0	True	0.77	2.11
1	170521292	T	C	GORAB	Silent	41	63	104	0.6057692307692307	4	3	1	2.785	3	0.9283	0.9283	True	0.77	2.11
1	171072937	G	A	FMO3	Silent	75	106	181	0.585635359116022	4	3	1	2.6924	3	0.8975	0.8975	True	0.77	2.11
1	171501485	C	T	PRRC2C	Missense_Mutation	33	10	43	0.23255813953488372	4	3	1	1.0692	1	1.0692	1.0	True	0.77	2.11
1	173526645	A	C	SLC9C2	Missense_Mutation	125	86	211	0.4075829383886256	4	3	1	1.8738	2	0.9369	0.9369	True	0.77	2.11
1	173552728	C	T	SLC9C2	Missense_Mutation	49	60	109	0.5504587155963303	4	3	1	2.5307	3	0.8436	0.8436	False	0.77	2.11
1	175097859	G	A	TNN	Missense_Mutation	90	12	102	0.11764705882352941	4	3	1	0.5409	1	0.5409	0.5409	False	0.77	2.11
1	176525476	C	T	PAPPA2	Silent	150	42	192	0.21875	4	3	1	1.0057	1	1.0057	1.0	True	0.77	2.11
1	176681088	C	T	PAPPA2	Silent	70	13	83	0.1566265060240964	4	3	1	0.7201	1	0.7201	0.7201	False	0.77	2.11
1	176833300	C	T	ASTN1	3'UTR	43	7	50	0.14	4	3	1	0.6436	1	0.6436	0.6436	False	0.77	2.11
1	177030324	G	A	ASTN1	Missense_Mutation	280	81	361	0.22437673130193905	4	3	1	1.0316	1	1.0316	1.0	True	0.77	2.11
1	177913708	G	A	SEC16B	Silent	71	108	179	0.6033519553072626	4	3	1	2.7739	3	0.9246	0.9246	True	0.77	2.11
1	179815820	G	A	TOR1AIP2	Missense_Mutation	104	22	126	0.1746031746031746	4	3	1	0.8027	1	0.8027	0.8027	False	0.77	2.11
1	182845262	A	G	DHX9	Silent	69	83	152	0.5460526315789473	4	3	1	2.5104	3	0.8368	0.8368	False	0.77	2.11
1	196438186	C	T	KCNT2	Missense_Mutation	16	8	24	0.3333333333333333	4	3	1	1.5325	2	0.7662	0.7662	False	0.77	2.11
1	196757423	G	A	CFHR3	Missense_Mutation	18	18	36	0.5	4	3	1	2.2987	2	1.1494	1.0	True	0.77	2.11
1	196762504	G	A	CFHR3	Missense_Mutation	83	20	103	0.1941747572815534	4	3	1	0.8927	1	0.8927	0.8927	True	0.77	2.11
1	196801096	G	A	CFHR1	Silent	78	21	99	0.21212121212121213	4	3	1	0.9752	1	0.9752	0.9752	True	0.77	2.11
1	196919996	C	T	CFHR2	Missense_Mutation	52	34	86	0.3953488372093023	4	3	1	1.8176	2	0.9088	0.9088	True	0.77	2.11
1	196919997	C	T	CFHR2	Missense_Mutation	53	36	89	0.4044943820224719	4	3	1	1.8596	2	0.9298	0.9298	True	0.77	2.11
1	197407750	A	C	CRB1	Missense_Mutation	111	17	128	0.1328125	4	3	1	0.6106	1	0.6106	0.6106	False	0.77	2.11
1	197407751	C	A	CRB1	Missense_Mutation	109	19	128	0.1484375	4	3	1	0.6824	1	0.6824	0.6824	False	0.77	2.11
1	200868618	T	A	C1orf106	Missense_Mutation	33	60	93	0.6451612903225806	4	3	1	2.9661	3	0.9887	0.9887	True	0.77	2.11
1	201081523	C	T	CACNA1S	5'UTR	38	36	74	0.4864864864864865	4	3	1	2.2366	2	1.1183	1.0	True	0.77	2.11
1	201263089	G	A	PKP1	Silent	19	9	28	0.32142857142857145	4	3	1	1.4777	1	1.4777	1.0	True	0.77	2.11
1	202287996	G	A	LGR6	Silent	96	53	149	0.35570469798657717	4	3	1	1.6353	2	0.8177	0.8177	False	0.77	2.11
1	203054834	C	T	MYOG	Missense_Mutation	97	24	121	0.19834710743801653	4	3	1	0.9119	1	0.9119	0.9119	True	0.77	2.11
1	203054835	C	T	MYOG	Silent	97	25	122	0.20491803278688525	4	3	1	0.9421	1	0.9421	0.9421	True	0.77	2.11
1	203832801	T	C	SNRPE	Missense_Mutation	92	139	231	0.6017316017316018	4	3	1	2.7664	3	0.9221	0.9221	True	0.77	2.11
1	204131262	C	T	REN	Missense_Mutation	53	10	63	0.15873015873015872	4	3	1	0.7297	1	0.7297	0.7297	False	0.77	2.11
1	204923358	G	A	NFASC	Silent	69	29	98	0.29591836734693877	4	3	1	1.3605	1	1.3605	1.0	True	0.77	2.11
1	205819062	C	T	PM20D1	Missense_Mutation	91	22	113	0.19469026548672566	4	3	1	0.8951	1	0.8951	0.8951	True	0.77	2.11
1	206821165	C	T	DYRK3	Nonsense_Mutation	79	29	108	0.26851851851851855	4	3	1	1.2345	1	1.2345	1.0	True	0.77	2.11
1	207925405	C	T	CD46	5'UTR	32	9	41	0.21951219512195122	4	3	1	1.0092	1	1.0092	1.0	True	0.77	2.11
1	214500988	G	A	SMYD2	Missense_Mutation	165	52	217	0.23963133640552994	4	3	1	1.1017	1	1.1017	1.0	True	0.77	2.11
1	215345525	A	G	KCNK2	Silent	109	28	137	0.20437956204379562	4	3	1	0.9396	1	0.9396	0.9396	True	0.77	2.11
1	216371854	C	T	USH2A	Missense_Mutation	55	37	92	0.40217391304347827	4	3	1	1.849	2	0.9245	0.9245	True	0.77	2.11
1	216692670	G	A	ESRRG	Missense_Mutation	70	18	88	0.20454545454545456	4	3	1	0.9404	1	0.9404	0.9404	True	0.77	2.11
1	220805608	G	A	MARK1	Missense_Mutation	343	84	427	0.19672131147540983	4	3	1	0.9044	1	0.9044	0.9044	True	0.77	2.11
1	226175944	G	A	SDE2	Missense_Mutation	227	117	344	0.34011627906976744	4	3	1	1.5637	2	0.7818	0.7818	False	0.77	2.11
1	228248031	C	T	WNT3A	3'UTR	50	37	87	0.42528735632183906	4	3	1	1.9552	2	0.9776	0.9776	True	0.77	2.11
1	228285396	C	T	ARF1	Silent	22	43	65	0.6615384615384615	4	3	1	3.0414	3	1.0138	1.0	True	0.77	2.11
1	229730347	G	A	TAF5L	Silent	37	87	124	0.7016129032258065	4	3	1	3.2256	3	1.0752	1.0	True	0.77	2.11
1	232144893	C	T	DISC1	3'UTR	18	6	24	0.25	4	3	1	1.1494	1	1.1494	1.0	True	0.77	2.11
1	233514917	C	T	MLK4	Missense_Mutation	107	25	132	0.1893939393939394	4	3	1	0.8707	1	0.8707	0.8707	True	0.77	2.11
1	234509472	C	T	COA6	Missense_Mutation	151	54	205	0.2634146341463415	4	3	1	1.211	1	1.211	1.0	True	0.77	2.11
1	241797921	C	T	CHML	Missense_Mutation	76	22	98	0.22448979591836735	4	3	1	1.0321	1	1.0321	1.0	True	0.77	2.11
1	242020715	T	C	EXO1	Silent	107	25	132	0.1893939393939394	4	3	1	0.8707	1	0.8707	0.8707	True	0.77	2.11
1	247582221	C	A	NLRP3	Missense_Mutation	38	14	52	0.2692307692307692	4	3	1	1.2378	1	1.2378	1.0	True	0.77	2.11
1	248031359	T	C	TRIM58	Missense_Mutation	17	10	27	0.37037037037037035	2	1	1	0.962	1	0.962	0.962	True	0.77	2.11
1	248059071	C	T	OR2W3	Silent	262	80	342	0.23391812865497075	2	1	1	0.6076	1	0.6076	0.6076	False	0.77	2.11
1	248616210	G	A	OR2T2	Missense_Mutation	273	68	341	0.19941348973607037	2	1	1	0.518	1	0.518	0.518	False	0.77	2.11
1	248737509	A	C	OR2T34	Missense_Mutation	189	85	274	0.3102189781021898	2	1	1	0.8058	1	0.8058	0.8058	False	0.77	2.11
1	248737510	G	A	OR2T34	Silent	187	86	273	0.315018315018315	2	1	1	0.8182	1	0.8182	0.8182	False	0.77	2.11
2	1544387	C	T	TPO	Silent	45	25	70	0.35714285714285715	2	1	1	0.9276	1	0.9276	0.9276	True	0.77	2.11
2	15614372	G	A	NBAS	Missense_Mutation	29	16	45	0.35555555555555557	2	1	1	0.9235	1	0.9235	0.9235	True	0.77	2.11
2	26680833	G	A	OTOF	3'UTR	32	9	41	0.21951219512195122	2	1	1	0.5702	1	0.5702	0.5702	False	0.77	2.11
2	27016180	C	T	CENPA	3'UTR	55	47	102	0.46078431372549017	2	1	1	1.1968	1	1.1968	1.0	True	0.77	2.11
2	29366576	A	T	CLIP4	Missense_Mutation	73	25	98	0.25510204081632654	2	1	1	0.6626	1	0.6626	0.6626	False	0.77	2.11
2	29451860	C	T	ALK	Missense_Mutation	19	4	23	0.17391304347826086	2	1	1	0.4517	1	0.4517	0.4517	False	0.77	2.11
2	29451861	C	T	ALK	Missense_Mutation	19	4	23	0.17391304347826086	2	1	1	0.4517	1	0.4517	0.4517	False	0.77	2.11
2	31591431	T	C	XDH	Silent	37	18	55	0.32727272727272727	2	1	1	0.8501	1	0.8501	0.8501	True	0.77	2.11
2	33477784	C	T	LTBP1	Silent	77	49	126	0.3888888888888889	2	1	1	1.0101	1	1.0101	1.0	True	0.77	2.11
2	36668611	G	A	CRIM1	Missense_Mutation	64	37	101	0.36633663366336633	2	1	1	0.9515	1	0.9515	0.9515	True	0.77	2.11
2	39090588	T	C	DHX57	Missense_Mutation	43	26	69	0.37681159420289856	2	1	1	0.9787	1	0.9787	0.9787	True	0.77	2.11
2	46237610	G	A	PRKCE	Missense_Mutation	44	24	68	0.35294117647058826	2	1	1	0.9167	1	0.9167	0.9167	True	0.77	2.11
2	47710061	C	T	MSH2	Silent	23	10	33	0.30303030303030304	2	1	1	0.7871	1	0.7871	0.7871	False	0.77	2.11
2	55254463	C	T	RTN4	Missense_Mutation	38	30	68	0.4411764705882353	2	1	1	1.1459	1	1.1459	1.0	True	0.77	2.11
2	61709610	A	G	XPO1	Silent	19	22	41	0.5365853658536586	2	1	1	1.3937	1	1.3937	1.0	True	0.77	2.11
2	62069262	A	G	FAM161A	Silent	66	33	99	0.3333333333333333	2	1	1	0.8658	1	0.8658	0.8658	True	0.77	2.11
2	66796153	C	T	MEIS1	Intron	77	66	143	0.46153846153846156	2	1	1	1.1988	1	1.1988	1.0	True	0.77	2.11
2	68622819	G	C	PLEK	Missense_Mutation	86	39	125	0.312	2	1	1	0.8104	1	0.8104	0.8104	False	0.77	2.11
2	71058882	C	T	CD207	Silent	68	38	106	0.3584905660377358	2	1	1	0.9311	1	0.9311	0.9311	True	0.77	2.11
2	71838413	G	A	DYSF	Silent	14	9	23	0.391304347826087	2	1	1	1.0164	1	1.0164	1.0	True	0.77	2.11
2	74699807	G	A	MRPL53	5'UTR	19	20	39	0.5128205128205128	2	1	1	1.332	1	1.332	1.0	True	0.77	2.11
2	88384003	G	A	SMYD1	Silent	25	20	45	0.4444444444444444	2	1	1	1.1544	1	1.1544	1.0	True	0.77	2.11
2	89326909	G	A	IGKV3-11	Missense_Mutation	75	32	107	0.29906542056074764	2	1	1	0.7768	1	0.7768	0.7768	False	0.77	2.11
2	90249242	T	C	IGKV1D-43	Silent	109	81	190	0.4263157894736842	2	1	1	1.1073	1	1.1073	1.0	True	0.77	2.11
2	95519289	C	T	ANKRD20A8P	RNA	185	67	252	0.26587301587301587	2	1	1	0.6906	1	0.6906	0.6906	False	0.77	2.11
2	96789943	C	T	ASTL	Silent	20	12	32	0.375	2	1	1	0.974	1	0.974	0.974	True	0.77	2.11
2	96789944	T	A	ASTL	Missense_Mutation	20	11	31	0.3548387096774194	2	1	1	0.9217	1	0.9217	0.9217	True	0.77	2.11
2	96957528	G	A	SNRNP200	Silent	26	11	37	0.2972972972972973	2	1	1	0.7722	1	0.7722	0.7722	False	0.77	2.11
2	101014572	G	A	CHST10	Silent	52	28	80	0.35	2	1	1	0.9091	1	0.9091	0.9091	True	0.77	2.11
2	102499089	G	A	MAP4K4	Silent	65	41	106	0.3867924528301887	2	1	1	1.0047	1	1.0047	1.0	True	0.77	2.11
2	102955374	G	A	IL1RL1	Missense_Mutation	79	61	140	0.4357142857142857	2	1	1	1.1317	1	1.1317	1.0	True	0.77	2.11
2	103141589	G	A	SLC9A4	Missense_Mutation	78	42	120	0.35	2	1	1	0.9091	1	0.9091	0.9091	True	0.77	2.11
2	108487290	G	A	RGPD4	Missense_Mutation	168	87	255	0.3411764705882353	2	1	1	0.8862	1	0.8862	0.8862	True	0.77	2.11
2	109288820	A	C	LIMS1	Missense_Mutation	36	12	48	0.25	2	1	1	0.6494	1	0.6494	0.6494	False	0.77	2.11
2	118588242	C	T	DDX18	Missense_Mutation	63	36	99	0.36363636363636365	2	1	1	0.9445	1	0.9445	0.9445	True	0.77	2.11
2	119752064	G	A	MARCO	Missense_Mutation	48	32	80	0.4	2	1	1	1.039	1	1.039	1.0	True	0.77	2.11
2	125555887	C	T	CNTNAP5	Silent	21	12	33	0.36363636363636365	2	1	1	0.9445	1	0.9445	0.9445	True	0.77	2.11
2	131127711	G	A	PTPN18	Missense_Mutation	107	51	158	0.3227848101265823	2	1	1	0.8384	1	0.8384	0.8384	False	0.77	2.11
2	131519712	G	A	AMER3	Missense_Mutation	11	5	16	0.3125	2	1	1	0.8117	1	0.8117	0.8117	False	0.77	2.11
2	131976120	C	T	POTEE	Missense_Mutation	186	103	289	0.356401384083045	2	1	1	0.9257	1	0.9257	0.9257	True	0.77	2.11
2	132240254	G	A	TUBA3D	Missense_Mutation	140	34	174	0.19540229885057472	2	1	1	0.5075	1	0.5075	0.5075	False	0.77	2.11
2	135711938	C	T	CCNT2	Missense_Mutation	72	39	111	0.35135135135135137	2	1	1	0.9126	1	0.9126	0.9126	True	0.77	2.11
2	136437804	T	C	R3HDM1	Missense_Mutation	66	31	97	0.31958762886597936	2	1	1	0.8301	1	0.8301	0.8301	False	0.77	2.11
2	141260595	C	T	LRP1B	Missense_Mutation	43	14	57	0.24561403508771928	2	1	1	0.638	1	0.638	0.638	False	0.77	2.11
2	141707969	C	T	LRP1B	Missense_Mutation	32	21	53	0.39622641509433965	2	1	1	1.0292	1	1.0292	1.0	True	0.77	2.11
2	152698471	C	T	CACNB4	Silent	90	41	131	0.31297709923664124	2	1	1	0.8129	1	0.8129	0.8129	False	0.77	2.11
2	153475648	C	T	FMNL2	Missense_Mutation	16	10	26	0.38461538461538464	2	1	1	0.999	1	0.999	0.999	True	0.77	2.11
2	158115237	G	A	GALNT5	Missense_Mutation	33	19	52	0.36538461538461536	2	1	1	0.9491	1	0.9491	0.9491	True	0.77	2.11
2	162273514	G	A	TBR1	Missense_Mutation	65	29	94	0.30851063829787234	2	1	1	0.8013	1	0.8013	0.8013	False	0.77	2.11
2	163253266	C	T	KCNH7	Missense_Mutation	18	7	25	0.28	2	1	1	0.7273	1	0.7273	0.7273	False	0.77	2.11
2	166011109	G	A	SCN3A	Silent	41	21	62	0.3387096774193548	2	1	1	0.8798	1	0.8798	0.8798	True	0.77	2.11
2	166786257	C	T	TTC21B	Missense_Mutation	27	17	44	0.38636363636363635	2	1	1	1.0035	1	1.0035	1.0	True	0.77	2.11
2	166786258	C	T	TTC21B	Splice_Site	28	17	45	0.37777777777777777	2	1	1	0.9812	1	0.9812	0.9812	True	0.77	2.11
2	166900468	C	T	SCN1A	Missense_Mutation	45	22	67	0.3283582089552239	2	1	1	0.8529	1	0.8529	0.8529	True	0.77	2.11
2	170048526	C	T	LRP2	Missense_Mutation	35	20	55	0.36363636363636365	2	1	1	0.9445	1	0.9445	0.9445	True	0.77	2.11
2	170592479	G	A	KLHL23	Missense_Mutation	72	45	117	0.38461538461538464	2	1	1	0.999	1	0.999	0.999	True	0.77	2.11
2	172926242	C	T	METAP1D	Silent	77	53	130	0.4076923076923077	2	1	1	1.0589	1	1.0589	1.0	True	0.77	2.11
2	175612768	G	A	CHRNA1	3'UTR	9	5	14	0.35714285714285715	2	1	1	0.9276	1	0.9276	0.9276	True	0.77	2.11
2	179424178	G	A	TTN	Missense_Mutation	78	35	113	0.30973451327433627	2	1	1	0.8045	1	0.8045	0.8045	False	0.77	2.11
2	179424620	C	T	TTN	Missense_Mutation	60	26	86	0.3023255813953488	2	1	1	0.7853	1	0.7853	0.7853	False	0.77	2.11
2	179437206	G	A	TTN	Silent	30	13	43	0.3023255813953488	2	1	1	0.7853	1	0.7853	0.7853	False	0.77	2.11
2	179455117	G	A	TTN	Silent	59	29	88	0.32954545454545453	2	1	1	0.856	1	0.856	0.856	True	0.77	2.11
2	179456111	G	A	TTN	Missense_Mutation	253	137	390	0.35128205128205126	2	1	1	0.9124	1	0.9124	0.9124	True	0.77	2.11
2	179462333	C	T	TTN	Missense_Mutation	24	18	42	0.42857142857142855	2	1	1	1.1132	1	1.1132	1.0	True	0.77	2.11
2	179497937	C	T	TTN	Missense_Mutation	28	16	44	0.36363636363636365	2	1	1	0.9445	1	0.9445	0.9445	True	0.77	2.11
2	179558399	C	T	TTN	Missense_Mutation	19	10	29	0.3448275862068966	2	1	1	0.8957	1	0.8957	0.8957	True	0.77	2.11
2	179613571	G	T	TTN	Intron	45	29	74	0.3918918918918919	2	1	1	1.0179	1	1.0179	1.0	True	0.77	2.11
2	179615321	G	A	TTN	Intron	22	6	28	0.21428571428571427	2	1	1	0.5566	1	0.5566	0.5566	False	0.77	2.11
2	179616458	C	T	TTN	Intron	43	37	80	0.4625	2	1	1	1.2013	1	1.2013	1.0	True	0.77	2.11
2	179621235	C	T	TTN	Silent	48	22	70	0.3142857142857143	2	1	1	0.8163	1	0.8163	0.8163	False	0.77	2.11
2	182347248	C	T	ITGA4	Missense_Mutation	179	74	253	0.2924901185770751	2	1	1	0.7597	1	0.7597	0.7597	False	0.77	2.11
2	182412563	C	T	CERKL	Missense_Mutation	86	58	144	0.4027777777777778	2	1	1	1.0462	1	1.0462	1.0	True	0.77	2.11
2	182767010	T	C	SSFA2	Silent	29	17	46	0.3695652173913043	2	1	1	0.9599	1	0.9599	0.9599	True	0.77	2.11
2	183104895	C	T	PDE1A	Missense_Mutation	63	38	101	0.37623762376237624	2	1	1	0.9772	1	0.9772	0.9772	True	0.77	2.11
2	185803067	G	A	ZNF804A	Missense_Mutation	48	26	74	0.35135135135135137	2	1	1	0.9126	1	0.9126	0.9126	True	0.77	2.11
2	187698678	G	A	ZSWIM2	Missense_Mutation	28	17	45	0.37777777777777777	2	1	1	0.9812	1	0.9812	0.9812	True	0.77	2.11
2	191792205	C	T	GLS	Silent	37	13	50	0.26	2	1	1	0.6753	1	0.6753	0.6753	False	0.77	2.11
2	196545000	C	T	SLC39A10	Silent	43	27	70	0.38571428571428573	2	1	1	1.0019	1	1.0019	1.0	True	0.77	2.11
2	196722234	G	A	DNAH7	Missense_Mutation	36	16	52	0.3076923076923077	2	1	1	0.7992	1	0.7992	0.7992	False	0.77	2.11
2	201853036	G	A	FAM126B	Missense_Mutation	56	43	99	0.43434343434343436	2	1	1	1.1282	1	1.1282	1.0	True	0.77	2.11
2	202494496	G	A	TMEM237	Silent	65	30	95	0.3157894736842105	2	1	1	0.8202	1	0.8202	0.8202	False	0.77	2.11
2	202609105	G	A	ALS2	Silent	30	11	41	0.2682926829268293	2	1	1	0.6969	1	0.6969	0.6969	False	0.77	2.11
2	206480476	A	T	PARD3B	Missense_Mutation	54	35	89	0.39325842696629215	2	1	1	1.0215	1	1.0215	1.0	True	0.77	2.11
2	206480477	C	T	PARD3B	Silent	53	36	89	0.4044943820224719	2	1	1	1.0506	1	1.0506	1.0	True	0.77	2.11
2	210517993	T	G	MAP2	Missense_Mutation	29	17	46	0.3695652173913043	2	1	1	0.9599	1	0.9599	0.9599	True	0.77	2.11
2	210559961	C	T	MAP2	Missense_Mutation	24	18	42	0.42857142857142855	2	1	1	1.1132	1	1.1132	1.0	True	0.77	2.11
2	216197195	C	T	ATIC	Missense_Mutation	31	17	48	0.3541666666666667	2	1	1	0.9199	1	0.9199	0.9199	True	0.77	2.11
2	219294156	C	T	VIL1	Missense_Mutation	35	25	60	0.4166666666666667	2	1	1	1.0823	1	1.0823	1.0	True	0.77	2.11
2	219617635	A	T	TTLL4	Silent	110	14	124	0.11290322580645161	2	1	1	0.2933	1	0.2933	0.2933	False	0.77	2.11
2	220103065	G	A	GLB1L	Silent	83	35	118	0.2966101694915254	2	1	1	0.7704	1	0.7704	0.7704	False	0.77	2.11
2	220355185	C	T	SPEG	Silent	31	32	63	0.5079365079365079	2	1	1	1.3193	1	1.3193	1.0	True	0.77	2.11
2	220467489	A	G	STK11IP	Silent	24	9	33	0.2727272727272727	2	1	1	0.7084	1	0.7084	0.7084	False	0.77	2.11
2	231253338	C	T	SP140L	Silent	13	9	22	0.4090909090909091	2	1	1	1.0626	1	1.0626	1.0	True	0.77	2.11
2	234357995	C	T	DGKD	Missense_Mutation	12	14	26	0.5384615384615384	2	1	1	1.3986	1	1.3986	1.0	True	0.77	2.11
2	234591146	C	T	UGT1A7	Missense_Mutation	126	65	191	0.3403141361256545	2	1	1	0.8839	1	0.8839	0.8839	True	0.77	2.11
2	240929547	G	A	NDUFA10	Missense_Mutation	59	24	83	0.2891566265060241	2	1	1	0.7511	1	0.7511	0.7511	False	0.77	2.11
2	241078633	G	A	OTOS	Missense_Mutation	40	23	63	0.36507936507936506	2	1	1	0.9483	1	0.9483	0.9483	True	0.77	2.11
2	241835039	C	T	C2orf54	Missense_Mutation	18	10	28	0.35714285714285715	2	1	1	0.9276	1	0.9276	0.9276	True	0.77	2.11
2	242149733	C	T	ANO7	Silent	36	15	51	0.29411764705882354	2	1	1	0.7639	1	0.7639	0.7639	False	0.77	2.11
3	9490114	G	A	SETD5	Missense_Mutation	33	19	52	0.36538461538461536	2	1	1	0.9491	1	0.9491	0.9491	True	0.77	2.11
3	9754748	A	C	CPNE9	Missense_Mutation	21	8	29	0.27586206896551724	2	1	1	0.7165	1	0.7165	0.7165	False	0.77	2.11
3	9798644	C	T	OGG1	Intron	64	52	116	0.4482758620689655	2	1	1	1.1644	1	1.1644	1.0	True	0.77	2.11
3	11059122	G	A	SLC6A1	Silent	35	15	50	0.3	2	1	1	0.7792	1	0.7792	0.7792	False	0.77	2.11
3	11302250	G	A	HRH1	3'UTR	42	22	64	0.34375	2	1	1	0.8929	1	0.8929	0.8929	True	0.77	2.11
3	11643403	G	A	VGLL4	Missense_Mutation	59	34	93	0.3655913978494624	2	1	1	0.9496	1	0.9496	0.9496	True	0.77	2.11
3	11643404	G	A	VGLL4	Missense_Mutation	56	34	90	0.37777777777777777	2	1	1	0.9812	1	0.9812	0.9812	True	0.77	2.11
3	14199529	C	T	XPC	Silent	165	19	184	0.10326086956521739	2	1	1	0.2682	1	0.2682	0.2682	False	0.77	2.11
3	15452786	G	A	METTL6	Silent	34	8	42	0.19047619047619047	2	1	1	0.4947	1	0.4947	0.4947	False	0.77	2.11
3	16252733	C	T	GALNT15	Silent	29	13	42	0.30952380952380953	2	1	1	0.804	1	0.804	0.804	False	0.77	2.11
3	26751332	G	A	LRRC3B	Missense_Mutation	59	25	84	0.2976190476190476	2	1	1	0.773	1	0.773	0.773	False	0.77	2.11
3	27385792	G	A	NEK10	Silent	12	8	20	0.4	2	1	1	1.039	1	1.039	1.0	True	0.77	2.11
3	32200531	C	T	GPD1L	Missense_Mutation	45	27	72	0.375	2	1	1	0.974	1	0.974	0.974	True	0.77	2.11
3	35770831	C	T	ARPP21	Missense_Mutation	63	35	98	0.35714285714285715	2	1	1	0.9276	1	0.9276	0.9276	True	0.77	2.11
3	38173488	G	A	ACAA1	Missense_Mutation	46	32	78	0.41025641025641024	2	1	1	1.0656	1	1.0656	1.0	True	0.77	2.11
3	38278449	C	T	OXSR1	Silent	50	25	75	0.3333333333333333	2	1	1	0.8658	1	0.8658	0.8658	True	0.77	2.11
3	38622599	C	T	SCN5A	Silent	12	9	21	0.42857142857142855	2	1	1	1.1132	1	1.1132	1.0	True	0.77	2.11
3	38739881	G	A	SCN10A	Silent	71	60	131	0.4580152671755725	2	1	1	1.1897	1	1.1897	1.0	True	0.77	2.11
3	38793931	G	A	SCN10A	Nonsense_Mutation	23	17	40	0.425	2	1	1	1.1039	1	1.1039	1.0	True	0.77	2.11
3	38888478	C	T	SCN11A	Missense_Mutation	64	39	103	0.3786407766990291	2	1	1	0.9835	1	0.9835	0.9835	True	0.77	2.11
3	42727633	G	A	KLHL40	Missense_Mutation	8	7	15	0.4666666666666667	2	1	1	1.2121	1	1.2121	1.0	True	0.77	2.11
3	44496777	G	A	ZNF445	Missense_Mutation	71	21	92	0.22826086956521738	2	1	1	0.5929	1	0.5929	0.5929	False	0.77	2.11
3	44612222	C	T	ZKSCAN7	Silent	58	57	115	0.4956521739130435	2	1	1	1.2874	1	1.2874	1.0	True	0.77	2.11
3	44943397	C	T	TGM4	Silent	34	13	47	0.2765957446808511	2	1	1	0.7184	1	0.7184	0.7184	False	0.77	2.11
3	45943373	G	A	CCR9	Missense_Mutation	29	14	43	0.32558139534883723	2	1	1	0.8457	1	0.8457	0.8457	False	0.77	2.11
3	45943374	G	A	CCR9	Missense_Mutation	29	14	43	0.32558139534883723	2	1	1	0.8457	1	0.8457	0.8457	False	0.77	2.11
3	46399759	C	T	CCR2	Silent	108	72	180	0.4	2	1	1	1.039	1	1.039	1.0	True	0.77	2.11
3	46414630	C	T	CCR5	Silent	136	70	206	0.33980582524271846	2	1	1	0.8826	1	0.8826	0.8826	True	0.77	2.11
3	46939393	G	A	PTH1R	Missense_Mutation	15	12	27	0.4444444444444444	2	1	1	1.1544	1	1.1544	1.0	True	0.77	2.11
3	48642089	G	A	UQCRC1	Missense_Mutation	22	20	42	0.47619047619047616	2	1	1	1.2369	1	1.2369	1.0	True	0.77	2.11
3	48666117	G	A	SLC26A6	Missense_Mutation	31	16	47	0.3404255319148936	2	1	1	0.8842	1	0.8842	0.8842	True	0.77	2.11
3	48679376	G	A	CELSR3	Missense_Mutation	20	9	29	0.3103448275862069	2	1	1	0.8061	1	0.8061	0.8061	False	0.77	2.11
3	48679377	A	C	CELSR3	Missense_Mutation	20	9	29	0.3103448275862069	2	1	1	0.8061	1	0.8061	0.8061	False	0.77	2.11
3	48690561	G	A	CELSR3	Silent	43	20	63	0.31746031746031744	2	1	1	0.8246	1	0.8246	0.8246	False	0.77	2.11
3	49158583	G	A	LAMB2	3'UTR	9	5	14	0.35714285714285715	2	1	1	0.9276	1	0.9276	0.9276	True	0.77	2.11
3	50155851	C	T	RBM5	Missense_Mutation	26	8	34	0.23529411764705882	2	1	1	0.6112	1	0.6112	0.6112	False	0.77	2.11
3	50225311	C	T	SEMA3F	Silent	23	5	28	0.17857142857142858	2	1	1	0.4638	1	0.4638	0.4638	False	0.77	2.11
3	52476769	G	A	SEMA3G	Silent	25	17	42	0.40476190476190477	2	1	1	1.0513	1	1.0513	1.0	True	0.77	2.11
3	53787613	C	T	CACNA1D	Silent	42	23	65	0.35384615384615387	2	1	1	0.9191	1	0.9191	0.9191	True	0.77	2.11
3	53835248	C	T	CACNA1D	Missense_Mutation	46	30	76	0.39473684210526316	2	1	1	1.0253	1	1.0253	1.0	True	0.77	2.11
3	56807811	G	A	ARHGEF3	Nonsense_Mutation	77	37	114	0.32456140350877194	2	1	1	0.843	1	0.843	0.843	False	0.77	2.11
3	73016791	C	T	GXYLT2	Missense_Mutation	18	13	31	0.41935483870967744	2	1	1	1.0892	1	1.0892	1.0	True	0.77	2.11
3	77599980	C	T	ROBO2	Silent	40	19	59	0.3220338983050847	2	1	1	0.8365	1	0.8365	0.8365	False	0.77	2.11
3	78796020	G	A	ROBO1	Missense_Mutation	30	16	46	0.34782608695652173	2	1	1	0.9034	1	0.9034	0.9034	True	0.77	2.11
3	97726706	C	T	GABRR3	Intron	8	5	13	0.38461538461538464	2	1	1	0.999	1	0.999	0.999	True	0.77	2.11
3	98300346	T	C	CPOX	Silent	32	17	49	0.3469387755102041	2	1	1	0.9011	1	0.9011	0.9011	True	0.77	2.11
3	99513870	G	A	COL8A1	Silent	25	9	34	0.2647058823529412	2	1	1	0.6875	1	0.6875	0.6875	False	0.77	2.11
3	101090866	T	C	SENP7	Missense_Mutation	37	16	53	0.3018867924528302	2	1	1	0.7841	1	0.7841	0.7841	False	0.77	2.11
3	108295144	C	T	KIAA1524	Missense_Mutation	92	47	139	0.3381294964028777	2	1	1	0.8783	1	0.8783	0.8783	True	0.77	2.11
3	108568024	G	A	TRAT1	Missense_Mutation	21	19	40	0.475	2	1	1	1.2338	1	1.2338	1.0	True	0.77	2.11
3	113212092	G	C	SPICE1	Missense_Mutation	23	8	31	0.25806451612903225	2	1	1	0.6703	1	0.6703	0.6703	False	0.77	2.11
3	113784185	C	T	QTRTD1	Silent	41	18	59	0.3050847457627119	2	1	1	0.7924	1	0.7924	0.7924	False	0.77	2.11
3	118865748	C	T	C3orf30	Missense_Mutation	52	33	85	0.38823529411764707	2	1	1	1.0084	1	1.0084	1.0	True	0.77	2.11
3	120424951	G	A	RABL3	Silent	30	20	50	0.4	2	1	1	1.039	1	1.039	1.0	True	0.77	2.11
3	121097730	G	A	STXBP5L	Missense_Mutation	19	14	33	0.42424242424242425	2	1	1	1.1019	1	1.1019	1.0	True	0.77	2.11
3	121340369	C	T	FBXO40	Silent	56	31	87	0.3563218390804598	2	1	1	0.9255	1	0.9255	0.9255	True	0.77	2.11
3	121554156	A	T	EAF2	Silent	24	13	37	0.35135135135135137	2	1	1	0.9126	1	0.9126	0.9126	True	0.77	2.11
3	121634164	G	A	SLC15A2	Missense_Mutation	27	19	46	0.41304347826086957	2	1	1	1.0728	1	1.0728	1.0	True	0.77	2.11
3	121658238	C	T	SLC15A2	Missense_Mutation	43	30	73	0.410958904109589	2	1	1	1.0674	1	1.0674	1.0	True	0.77	2.11
3	121822563	C	T	CD86	Missense_Mutation	49	32	81	0.3950617283950617	2	1	1	1.0261	1	1.0261	1.0	True	0.77	2.11
3	121980560	C	T	CASR	Silent	84	61	145	0.4206896551724138	2	1	1	1.0927	1	1.0927	1.0	True	0.77	2.11
3	122274910	G	A	PARP9	Silent	25	12	37	0.32432432432432434	2	1	1	0.8424	1	0.8424	0.8424	False	0.77	2.11
3	126226912	C	T	UROC1	Silent	81	42	123	0.34146341463414637	2	1	1	0.8869	1	0.8869	0.8869	True	0.77	2.11
3	127334776	C	A	MCM2	Missense_Mutation	82	48	130	0.36923076923076925	2	1	1	0.959	1	0.959	0.959	True	0.77	2.11
3	128292057	T	C	C3orf27	3'UTR	10	4	14	0.2857142857142857	2	1	1	0.7421	1	0.7421	0.7421	False	0.77	2.11
3	139062825	G	A	MRPS22	5'UTR	23	10	33	0.30303030303030304	2	1	1	0.7871	1	0.7871	0.7871	False	0.77	2.11
3	139076710	C	T	COPB2	Missense_Mutation	7	5	12	0.4166666666666667	2	1	1	1.0823	1	1.0823	1.0	True	0.77	2.11
3	140407033	C	T	TRIM42	Silent	37	22	59	0.3728813559322034	2	1	1	0.9685	1	0.9685	0.9685	True	0.77	2.11
3	141291471	G	A	RASA2	Missense_Mutation	32	16	48	0.3333333333333333	2	1	1	0.8658	1	0.8658	0.8658	True	0.77	2.11
3	148459575	T	A	AGTR1	Missense_Mutation	36	24	60	0.4	2	1	1	1.039	1	1.039	1.0	True	0.77	2.11
3	149220492	G	A	TM4SF4	3'UTR	84	38	122	0.3114754098360656	2	1	1	0.809	1	0.809	0.809	False	0.77	2.11
3	150645673	G	A	CLRN1	3'Flank	22	20	42	0.47619047619047616	2	1	1	1.2369	1	1.2369	1.0	True	0.77	2.11
3	151171402	C	T	IGSF10	Missense_Mutation	43	19	62	0.3064516129032258	2	1	1	0.796	1	0.796	0.796	False	0.77	2.11
3	151535366	G	A	AADAC	Silent	42	18	60	0.3	2	1	1	0.7792	1	0.7792	0.7792	False	0.77	2.11
3	164906415	G	A	SLITRK3	Missense_Mutation	28	15	43	0.3488372093023256	2	1	1	0.9061	1	0.9061	0.9061	True	0.77	2.11
3	167159904	G	A	SERPINI2	Missense_Mutation	19	5	24	0.20833333333333334	2	1	1	0.5411	1	0.5411	0.5411	False	0.77	2.11
3	167246950	C	T	WDR49	Missense_Mutation	29	16	45	0.35555555555555557	2	1	1	0.9235	1	0.9235	0.9235	True	0.77	2.11
3	170858230	C	T	TNIK	Silent	141	74	215	0.34418604651162793	2	1	1	0.894	1	0.894	0.894	True	0.77	2.11
3	173993129	C	T	NLGN1	Missense_Mutation	51	35	86	0.4069767441860465	2	1	1	1.0571	1	1.0571	1.0	True	0.77	2.11
3	182554169	C	T	ATP11B	Missense_Mutation	75	34	109	0.3119266055045872	2	1	1	0.8102	1	0.8102	0.8102	False	0.77	2.11
3	183774074	C	T	HTR3C	Missense_Mutation	50	27	77	0.35064935064935066	2	1	1	0.9108	1	0.9108	0.9108	True	0.77	2.11
3	184005631	G	A	ECE2	Missense_Mutation	46	21	67	0.31343283582089554	2	1	1	0.8141	1	0.8141	0.8141	False	0.77	2.11
3	184008850	G	A	ECE2	Silent	65	16	81	0.19753086419753085	2	1	1	0.5131	1	0.5131	0.5131	False	0.77	2.11
3	184298565	C	T	EPHB3	Missense_Mutation	30	25	55	0.45454545454545453	2	1	1	1.1806	1	1.1806	1.0	True	0.77	2.11
3	186370139	C	T	FETUB	Missense_Mutation	85	33	118	0.2796610169491525	2	1	1	0.7264	1	0.7264	0.7264	False	0.77	2.11
3	186953452	C	T	MASP1	3'UTR	13	16	29	0.5517241379310345	2	1	1	1.433	1	1.433	1.0	True	0.77	2.11
3	187416463	G	C	RTP2	Silent	23	13	36	0.3611111111111111	2	1	1	0.938	1	0.938	0.938	True	0.77	2.11
3	188956652	C	T	TPRG1	Missense_Mutation	52	40	92	0.43478260869565216	2	1	1	1.1293	1	1.1293	1.0	True	0.77	2.11
3	195493606	C	T	MUC4	Missense_Mutation	27	29	56	0.5178571428571429	2	1	1	1.3451	1	1.3451	1.0	True	0.77	2.11
4	737340	C	T	PCGF3	Missense_Mutation	33	11	44	0.25	2	1	1	0.6494	1	0.6494	0.6494	False	0.77	2.11
4	973225	T	A	SLC26A1	Missense_Mutation	13	10	23	0.43478260869565216	2	1	1	1.1293	1	1.1293	1.0	True	0.77	2.11
4	2692478	C	T	FAM193A	Missense_Mutation	34	14	48	0.2916666666666667	2	1	1	0.7576	1	0.7576	0.7576	False	0.77	2.11
4	3451138	C	T	HGFAC	Missense_Mutation	19	10	29	0.3448275862068966	2	1	1	0.8957	1	0.8957	0.8957	True	0.77	2.11
4	5570324	G	A	EVC2	Missense_Mutation	28	14	42	0.3333333333333333	2	1	1	0.8658	1	0.8658	0.8658	True	0.77	2.11
4	8237240	C	T	SH3TC1	Silent	86	46	132	0.3484848484848485	2	1	1	0.9052	1	0.9052	0.9052	True	0.77	2.11
4	8411951	G	A	ACOX3	Silent	24	9	33	0.2727272727272727	2	1	1	0.7084	1	0.7084	0.7084	False	0.77	2.11
4	17805290	C	T	DCAF16	Missense_Mutation	73	48	121	0.39669421487603307	2	1	1	1.0304	1	1.0304	1.0	True	0.77	2.11
4	24543617	G	A	DHX15	Missense_Mutation	28	17	45	0.37777777777777777	2	1	1	0.9812	1	0.9812	0.9812	True	0.77	2.11
4	36212031	C	T	ARAP2	Missense_Mutation	25	9	34	0.2647058823529412	2	1	1	0.6875	1	0.6875	0.6875	False	0.77	2.11
4	38798375	G	A	TLR1	Missense_Mutation	75	42	117	0.358974358974359	2	1	1	0.9324	1	0.9324	0.9324	True	0.77	2.11
4	39230141	C	T	WDR19	Missense_Mutation	43	21	64	0.328125	2	1	1	0.8523	1	0.8523	0.8523	True	0.77	2.11
4	40936678	T	C	APBB2	Silent	12	16	28	0.5714285714285714	2	1	1	1.4842	1	1.4842	1.0	True	0.77	2.11
4	47593444	G	A	ATP10D	3'UTR	17	5	22	0.22727272727272727	2	1	1	0.5903	1	0.5903	0.5903	False	0.77	2.11
4	47625718	C	T	CORIN	Missense_Mutation	53	29	82	0.35365853658536583	2	1	1	0.9186	1	0.9186	0.9186	True	0.77	2.11
4	47746427	C	T	CORIN	Missense_Mutation	44	33	77	0.42857142857142855	2	1	1	1.1132	1	1.1132	1.0	True	0.77	2.11
4	47746428	C	T	CORIN	Missense_Mutation	44	35	79	0.4430379746835443	2	1	1	1.1507	1	1.1507	1.0	True	0.77	2.11
4	47886451	G	T	NFXL1	Missense_Mutation	19	17	36	0.4722222222222222	2	1	1	1.2266	1	1.2266	1.0	True	0.77	2.11
4	55953871	C	T	KDR	Missense_Mutation	26	20	46	0.43478260869565216	2	1	1	1.1293	1	1.1293	1.0	True	0.77	2.11
4	57891066	G	C	POLR2B	Missense_Mutation	41	25	66	0.3787878787878788	2	1	1	0.9839	1	0.9839	0.9839	True	0.77	2.11
4	65180440	G	A	TECRL	Silent	49	22	71	0.30985915492957744	2	1	1	0.8048	1	0.8048	0.8048	False	0.77	2.11
4	69519938	C	T	UGT2B15	Missense_Mutation	113	78	191	0.4083769633507853	2	1	1	1.0607	1	1.0607	1.0	True	0.77	2.11
4	70504643	C	T	UGT2A2	Nonsense_Mutation	12	13	25	0.52	2	1	1	1.3506	1	1.3506	1.0	True	0.77	2.11
4	71347158	G	A	MUC7	Missense_Mutation	113	44	157	0.2802547770700637	2	1	1	0.7279	1	0.7279	0.7279	False	0.77	2.11
4	76489736	G	A	C4orf26	Missense_Mutation	13	4	17	0.23529411764705882	2	1	1	0.6112	1	0.6112	0.6112	False	0.77	2.11
4	82073116	G	A	PRKG2	Silent	80	32	112	0.2857142857142857	2	1	1	0.7421	1	0.7421	0.7421	False	0.77	2.11
4	83839810	A	T	THAP9	Silent	43	19	62	0.3064516129032258	2	1	1	0.796	1	0.796	0.796	False	0.77	2.11
4	84350736	G	A	HELQ	Missense_Mutation	51	27	78	0.34615384615384615	2	1	1	0.8991	1	0.8991	0.8991	True	0.77	2.11
4	86852176	G	A	ARHGAP24	Intron	49	38	87	0.4367816091954023	2	1	1	1.1345	1	1.1345	1.0	True	0.77	2.11
4	87744896	G	A	SLC10A6	Missense_Mutation	28	20	48	0.4166666666666667	2	1	1	1.0823	1	1.0823	1.0	True	0.77	2.11
4	87744897	G	A	SLC10A6	Missense_Mutation	28	19	47	0.40425531914893614	2	1	1	1.05	1	1.05	1.0	True	0.77	2.11
4	88052973	G	T	AFF1	Missense_Mutation	21	12	33	0.36363636363636365	2	1	1	0.9445	1	0.9445	0.9445	True	0.77	2.11
4	88583737	G	A	DMP1	Silent	17	18	35	0.5142857142857142	2	1	1	1.3358	1	1.3358	1.0	True	0.77	2.11
4	91549260	G	A	CCSER1	Silent	38	30	68	0.4411764705882353	2	1	1	1.1459	1	1.1459	1.0	True	0.77	2.11
4	94006285	G	A	GRID2	Silent	43	36	79	0.45569620253164556	2	1	1	1.1836	1	1.1836	1.0	True	0.77	2.11
4	94376916	G	A	GRID2	Missense_Mutation	66	30	96	0.3125	2	1	1	0.8117	1	0.8117	0.8117	False	0.77	2.11
4	100756871	G	A	DAPP1	Missense_Mutation	39	31	70	0.44285714285714284	2	1	1	1.1503	1	1.1503	1.0	True	0.77	2.11
4	104063017	C	T	CENPE	Missense_Mutation	34	23	57	0.40350877192982454	2	1	1	1.0481	1	1.0481	1.0	True	0.77	2.11
4	104080165	A	G	CENPE	Splice_Site	32	14	46	0.30434782608695654	2	1	1	0.7905	1	0.7905	0.7905	False	0.77	2.11
4	107847039	G	A	DKK2	Missense_Mutation	53	35	88	0.3977272727272727	2	1	1	1.0331	1	1.0331	1.0	True	0.77	2.11
4	111398175	G	A	ENPEP	Missense_Mutation	56	33	89	0.3707865168539326	2	1	1	0.9631	1	0.9631	0.9631	True	0.77	2.11
4	114277530	G	A	ANK2	Missense_Mutation	49	28	77	0.36363636363636365	2	1	1	0.9445	1	0.9445	0.9445	True	0.77	2.11
4	115767138	G	A	NDST4	Silent	29	12	41	0.2926829268292683	2	1	1	0.7602	1	0.7602	0.7602	False	0.77	2.11
4	122059830	G	A	TNIP3	Intron	46	20	66	0.30303030303030304	2	1	1	0.7871	1	0.7871	0.7871	False	0.77	2.11
4	122831542	C	T	TRPC3	Missense_Mutation	35	17	52	0.3269230769230769	2	1	1	0.8492	1	0.8492	0.8492	False	0.77	2.11
4	134073035	G	T	PCDH10	Silent	27	17	44	0.38636363636363635	2	1	1	1.0035	1	1.0035	1.0	True	0.77	2.11
4	145038032	G	A	GYPA	Missense_Mutation	106	63	169	0.3727810650887574	2	1	1	0.9683	1	0.9683	0.9683	True	0.77	2.11
4	152053487	G	A	SH3D19	Missense_Mutation	28	11	39	0.28205128205128205	2	1	1	0.7326	1	0.7326	0.7326	False	0.77	2.11
4	153897236	C	T	FHDC1	Silent	16	6	22	0.2727272727272727	2	1	1	0.7084	1	0.7084	0.7084	False	0.77	2.11
4	155253658	T	C	DCHS2	Silent	37	24	61	0.39344262295081966	2	1	1	1.0219	1	1.0219	1.0	True	0.77	2.11
4	155253659	C	A	DCHS2	Missense_Mutation	38	24	62	0.3870967741935484	2	1	1	1.0054	1	1.0054	1.0	True	0.77	2.11
4	155253660	C	T	DCHS2	Missense_Mutation	37	25	62	0.4032258064516129	2	1	1	1.0473	1	1.0473	1.0	True	0.77	2.11
4	167663158	C	T	SPOCK3	Silent	81	35	116	0.3017241379310345	2	1	1	0.7837	1	0.7837	0.7837	False	0.77	2.11
4	169108603	G	A	ANXA10	3'UTR	14	16	30	0.5333333333333333	2	1	1	1.3853	1	1.3853	1.0	True	0.77	2.11
4	169208310	A	T	DDX60	Missense_Mutation	46	18	64	0.28125	2	1	1	0.7305	1	0.7305	0.7305	False	0.77	2.11
4	183664415	A	G	TENM3	Missense_Mutation	37	14	51	0.27450980392156865	2	1	1	0.713	1	0.713	0.713	False	0.77	2.11
4	183676209	C	T	TENM3	Silent	23	17	40	0.425	2	1	1	1.1039	1	1.1039	1.0	True	0.77	2.11
4	183713613	G	A	TENM3	Missense_Mutation	51	36	87	0.41379310344827586	2	1	1	1.0748	1	1.0748	1.0	True	0.77	2.11
4	184241091	C	T	CLDN22	Missense_Mutation	38	15	53	0.2830188679245283	2	1	1	0.7351	1	0.7351	0.7351	False	0.77	2.11
4	186299432	C	T	LRP2BP	5'UTR	6	3	9	0.3333333333333333	2	1	1	0.8658	1	0.8658	0.8658	True	0.77	2.11
4	189065010	G	A	TRIML1	Missense_Mutation	115	60	175	0.34285714285714286	2	1	1	0.8905	1	0.8905	0.8905	True	0.77	2.11
4	189068196	G	A	TRIML1	Silent	49	25	74	0.33783783783783783	2	1	1	0.8775	1	0.8775	0.8775	True	0.77	2.11
5	181635	G	A	PLEKHG4B	Missense_Mutation	45	23	68	0.3382352941176471	2	1	1	0.8785	1	0.8785	0.8785	True	0.77	2.11
5	454110	C	T	EXOC3	Silent	9	10	19	0.5263157894736842	2	1	1	1.3671	1	1.3671	1.0	True	0.77	2.11
5	454111	C	T	EXOC3	Silent	9	10	19	0.5263157894736842	2	1	1	1.3671	1	1.3671	1.0	True	0.77	2.11
5	11199584	G	T	CTNND2	Missense_Mutation	98	49	147	0.3333333333333333	2	1	1	0.8658	1	0.8658	0.8658	True	0.77	2.11
5	13753464	C	T	DNAH5	Missense_Mutation	53	20	73	0.273972602739726	2	1	1	0.7116	1	0.7116	0.7116	False	0.77	2.11
5	13864514	C	T	DNAH5	Missense_Mutation	51	26	77	0.33766233766233766	2	1	1	0.877	1	0.877	0.877	True	0.77	2.11
5	14462946	G	A	TRIO	Missense_Mutation	55	17	72	0.2361111111111111	2	1	1	0.6133	1	0.6133	0.6133	False	0.77	2.11
5	24537507	G	A	CDH10	Missense_Mutation	82	51	133	0.38345864661654133	2	1	1	0.996	1	0.996	0.996	True	0.77	2.11
5	33937921	T	A	RXFP3	Missense_Mutation	55	35	90	0.3888888888888889	2	1	1	1.0101	1	1.0101	1.0	True	0.77	2.11
5	36986157	C	T	NIPBL	Missense_Mutation	50	31	81	0.38271604938271603	2	1	1	0.9941	1	0.9941	0.9941	True	0.77	2.11
5	39381627	G	A	DAB2	Missense_Mutation	69	36	105	0.34285714285714286	2	1	1	0.8905	1	0.8905	0.8905	True	0.77	2.11
5	40852466	C	T	CARD6	Silent	27	12	39	0.3076923076923077	2	1	1	0.7992	1	0.7992	0.7992	False	0.77	2.11
5	40998216	C	T	MROH2B	Missense_Mutation	128	58	186	0.3118279569892473	2	1	1	0.8099	1	0.8099	0.8099	False	0.77	2.11
5	41033239	G	A	MROH2B	Silent	27	14	41	0.34146341463414637	2	1	1	0.8869	1	0.8869	0.8869	True	0.77	2.11
5	41048515	C	T	MROH2B	Missense_Mutation	22	8	30	0.26666666666666666	2	1	1	0.6926	1	0.6926	0.6926	False	0.77	2.11
5	41172438	C	T	C6	Missense_Mutation	27	16	43	0.37209302325581395	2	1	1	0.9665	1	0.9665	0.9665	True	0.77	2.11
5	42566007	G	A	GHR	Missense_Mutation	76	47	123	0.3821138211382114	2	1	1	0.9925	1	0.9925	0.9925	True	0.77	2.11
5	52778781	G	A	FST	Missense_Mutation	25	20	45	0.4444444444444444	2	1	1	1.1544	1	1.1544	1.0	True	0.77	2.11
5	52978999	C	T	NDUFS4	Missense_Mutation	90	55	145	0.3793103448275862	2	1	1	0.9852	1	0.9852	0.9852	True	0.77	2.11
5	57790406	G	A	GAPT	Missense_Mutation	39	11	50	0.22	2	1	1	0.5714	1	0.5714	0.5714	False	0.77	2.11
5	58511757	G	A	PDE4D	Missense_Mutation	20	4	24	0.16666666666666666	2	1	1	0.4329	1	0.4329	0.4329	False	0.77	2.11
5	66460381	G	A	MAST4	Missense_Mutation	62	40	102	0.39215686274509803	2	1	1	1.0186	1	1.0186	1.0	True	0.77	2.11
5	66460382	G	A	MAST4	Missense_Mutation	62	41	103	0.39805825242718446	2	1	1	1.0339	1	1.0339	1.0	True	0.77	2.11
5	71756135	C	T	ZNF366	Missense_Mutation	38	16	54	0.2962962962962963	2	1	1	0.7696	1	0.7696	0.7696	False	0.77	2.11
5	75490882	G	A	SV2C	Missense_Mutation	174	102	276	0.3695652173913043	2	1	1	0.9599	1	0.9599	0.9599	True	0.77	2.11
5	79048514	G	A	CMYA5	Missense_Mutation	29	27	56	0.48214285714285715	2	1	1	1.2523	1	1.2523	1.0	True	0.77	2.11
5	79744198	G	A	ZFYVE16	Silent	19	20	39	0.5128205128205128	2	1	1	1.332	1	1.332	1.0	True	0.77	2.11
5	89947487	G	C	GPR98	Missense_Mutation	21	9	30	0.3	2	1	1	0.7792	1	0.7792	0.7792	False	0.77	2.11
5	90124894	C	T	GPR98	Missense_Mutation	114	63	177	0.3559322033898305	2	1	1	0.9245	1	0.9245	0.9245	True	0.77	2.11
5	96031529	C	T	CAST	Intron	18	8	26	0.3076923076923077	2	1	1	0.7992	1	0.7992	0.7992	False	0.77	2.11
5	96228051	G	A	ERAP2	Missense_Mutation	43	32	75	0.4266666666666667	2	1	1	1.1082	1	1.1082	1.0	True	0.77	2.11
5	101816036	G	A	SLCO6A1	Missense_Mutation	67	23	90	0.25555555555555554	2	1	1	0.6638	1	0.6638	0.6638	False	0.77	2.11
5	112222849	C	T	REEP5	Missense_Mutation	18	18	36	0.5	2	1	1	1.2987	1	1.2987	1.0	True	0.77	2.11
5	112228138	G	A	ZRSR1	Missense_Mutation	68	46	114	0.40350877192982454	2	1	1	1.0481	1	1.0481	1.0	True	0.77	2.11
5	114483050	G	A	TRIM36	Missense_Mutation	76	32	108	0.2962962962962963	2	1	1	0.7696	1	0.7696	0.7696	False	0.77	2.11
5	125820190	G	A	GRAMD3	Missense_Mutation	42	23	65	0.35384615384615387	2	1	1	0.9191	1	0.9191	0.9191	True	0.77	2.11
5	126887694	T	C	PRRC1	3'UTR	6	3	9	0.3333333333333333	2	1	1	0.8658	1	0.8658	0.8658	True	0.77	2.11
5	127599332	G	A	FBN2	Silent	24	19	43	0.4418604651162791	2	1	1	1.1477	1	1.1477	1.0	True	0.77	2.11
5	129015556	G	A	ADAMTS19	Missense_Mutation	42	23	65	0.35384615384615387	2	1	1	0.9191	1	0.9191	0.9191	True	0.77	2.11
5	129030529	G	A	ADAMTS19	Missense_Mutation	39	35	74	0.47297297297297297	2	1	1	1.2285	1	1.2285	1.0	True	0.77	2.11
5	131296268	G	A	ACSL6	Missense_Mutation	47	18	65	0.27692307692307694	2	1	1	0.7193	1	0.7193	0.7193	False	0.77	2.11
5	133643805	G	A	CDKL3	Intron	11	5	16	0.3125	2	1	1	0.8117	1	0.8117	0.8117	False	0.77	2.11
5	133909398	C	T	JADE2	Nonsense_Mutation	43	27	70	0.38571428571428573	2	1	1	1.0019	1	1.0019	1.0	True	0.77	2.11
5	134724714	G	A	H2AFY	Missense_Mutation	44	17	61	0.2786885245901639	2	1	1	0.7239	1	0.7239	0.7239	False	0.77	2.11
5	139060873	C	T	CXXC5	Silent	61	25	86	0.29069767441860467	2	1	1	0.7551	1	0.7551	0.7551	False	0.77	2.11
5	139422085	C	T	NRG2	Silent	24	13	37	0.35135135135135137	2	1	1	0.9126	1	0.9126	0.9126	True	0.77	2.11
5	140188507	G	A	PCDHA4	Missense_Mutation	48	47	95	0.49473684210526314	2	1	1	1.285	1	1.285	1.0	True	0.77	2.11
5	140264094	T	C	PCDHA13	Silent	42	20	62	0.3225806451612903	2	1	1	0.8379	1	0.8379	0.8379	False	0.77	2.11
5	140474984	C	T	PCDHB2	Missense_Mutation	15	12	27	0.4444444444444444	2	1	1	1.1544	1	1.1544	1.0	True	0.77	2.11
5	140537684	C	T	PCDHB17	3'UTR	111	76	187	0.40641711229946526	2	1	1	1.0556	1	1.0556	1.0	True	0.77	2.11
5	140589311	T	A	PCDHB12	Missense_Mutation	81	55	136	0.40441176470588236	2	1	1	1.0504	1	1.0504	1.0	True	0.77	2.11
5	140593745	C	T	PCDHB13	Missense_Mutation	51	17	68	0.25	2	1	1	0.6494	1	0.6494	0.6494	False	0.77	2.11
5	140604757	C	T	PCDHB14	Silent	37	12	49	0.24489795918367346	2	1	1	0.6361	1	0.6361	0.6361	False	0.77	2.11
5	140754080	G	A	PCDHGA6	Missense_Mutation	34	20	54	0.37037037037037035	2	1	1	0.962	1	0.962	0.962	True	0.77	2.11
5	140774388	G	A	PCDHGA8	Missense_Mutation	22	14	36	0.3888888888888889	2	1	1	1.0101	1	1.0101	1.0	True	0.77	2.11
5	140784331	C	T	PCDHGA9	Silent	52	42	94	0.44680851063829785	2	1	1	1.1605	1	1.1605	1.0	True	0.77	2.11
5	140801345	G	A	PCDHGA11	Missense_Mutation	16	10	26	0.38461538461538464	2	1	1	0.999	1	0.999	0.999	True	0.77	2.11
5	147889434	C	T	HTR4	Missense_Mutation	31	13	44	0.29545454545454547	2	1	1	0.7674	1	0.7674	0.7674	False	0.77	2.11
5	148420988	G	A	SH3TC2	Missense_Mutation	25	9	34	0.2647058823529412	2	1	1	0.6875	1	0.6875	0.6875	False	0.77	2.11
5	149498406	G	A	PDGFRB	Silent	54	22	76	0.2894736842105263	2	1	1	0.7519	1	0.7519	0.7519	False	0.77	2.11
5	149510178	C	T	PDGFRB	Missense_Mutation	100	60	160	0.375	2	1	1	0.974	1	0.974	0.974	True	0.77	2.11
5	149755307	C	T	TCOF1	Silent	109	65	174	0.3735632183908046	2	1	1	0.9703	1	0.9703	0.9703	True	0.77	2.11
5	150028727	G	A	SYNPO	Missense_Mutation	26	10	36	0.2777777777777778	2	1	1	0.7215	1	0.7215	0.7215	False	0.77	2.11
5	153085278	C	T	GRIA1	Missense_Mutation	19	12	31	0.3870967741935484	2	1	1	1.0054	1	1.0054	1.0	True	0.77	2.11
5	154282156	G	A	GEMIN5	Nonsense_Mutation	50	31	81	0.38271604938271603	2	1	1	0.9941	1	0.9941	0.9941	True	0.77	2.11
5	156665129	G	A	ITK	Missense_Mutation	315	179	494	0.3623481781376518	2	1	1	0.9412	1	0.9412	0.9412	True	0.77	2.11
5	172195795	C	T	DUSP1	Silent	62	25	87	0.28735632183908044	2	1	1	0.7464	1	0.7464	0.7464	False	0.77	2.11
5	172755148	C	T	STC2	Missense_Mutation	72	30	102	0.29411764705882354	2	1	1	0.7639	1	0.7639	0.7639	False	0.77	2.11
5	172755149	C	T	STC2	Silent	73	30	103	0.2912621359223301	2	1	1	0.7565	1	0.7565	0.7565	False	0.77	2.11
5	177569657	G	A	RMND5B	Silent	76	41	117	0.3504273504273504	2	1	1	0.9102	1	0.9102	0.9102	True	0.77	2.11
5	178139115	G	A	ZNF354A	Silent	37	18	55	0.32727272727272727	2	1	1	0.8501	1	0.8501	0.8501	True	0.77	2.11
5	180335759	T	A	BTNL8	Missense_Mutation	150	82	232	0.35344827586206895	2	1	1	0.918	1	0.918	0.918	True	0.77	2.11
6	311939	G	A	DUSP22	Missense_Mutation	69	8	77	0.1038961038961039	2	1	1	0.2699	1	0.2699	0.2699	False	0.77	2.11
6	10830855	C	G	MAK	Missense_Mutation	70	70	140	0.5	3	2	1	1.7987	2	0.8994	0.8994	True	0.77	2.11
6	13801538	G	A	MCUR1	Silent	165	35	200	0.175	3	2	1	0.6295	1	0.6295	0.6295	False	0.77	2.11
6	13801539	G	A	MCUR1	Missense_Mutation	163	35	198	0.17676767676767677	3	2	1	0.6359	1	0.6359	0.6359	False	0.77	2.11
6	15497063	C	T	JARID2	Missense_Mutation	18	10	28	0.35714285714285715	3	2	1	1.2848	1	1.2848	1.0	True	0.77	2.11
6	25849654	G	A	SLC17A3	Missense_Mutation	13	9	22	0.4090909090909091	3	2	1	1.4717	1	1.4717	1.0	True	0.77	2.11
6	25913438	G	T	SLC17A2	3'UTR	19	9	28	0.32142857142857145	3	2	1	1.1563	1	1.1563	1.0	True	0.77	2.11
6	26217325	C	T	HIST1H2AE	Silent	40	40	80	0.5	3	2	1	1.7987	2	0.8994	0.8994	True	0.77	2.11
6	28472125	C	T	GPX6	Missense_Mutation	60	51	111	0.4594594594594595	3	2	1	1.6529	2	0.8264	0.8264	False	0.77	2.11
6	30166464	C	T	TRIM26	Silent	32	8	40	0.2	3	2	1	0.7195	1	0.7195	0.7195	False	0.77	2.11
6	31602309	C	T	PRRC2A	Missense_Mutation	16	8	24	0.3333333333333333	3	2	1	1.1991	1	1.1991	1.0	True	0.77	2.11
6	31691441	C	T	C6orf25	Silent	105	67	172	0.38953488372093026	3	2	1	1.4013	1	1.4013	1.0	True	0.77	2.11
6	31700000	T	A	CLIC1	Silent	208	272	480	0.5666666666666667	3	2	1	2.0385	2	1.0193	1.0	True	0.77	2.11
6	32007017	T	C	CYP21A2	Missense_Mutation	285	72	357	0.20168067226890757	3	2	1	0.7255	1	0.7255	0.7255	False	0.77	2.11
6	32023901	C	T	TNXB	Missense_Mutation	425	149	574	0.259581881533101	3	2	1	0.9338	1	0.9338	0.9338	True	0.77	2.11
6	32902752	G	A	HLA-DMB	Missense_Mutation	16	31	47	0.6595744680851063	3	2	1	2.3728	2	1.1864	1.0	True	0.77	2.11
6	32948572	C	T	BRD2	3'UTR	11	23	34	0.6764705882352942	3	2	1	2.4335	2	1.2168	1.0	True	0.77	2.11
6	35747191	G	A	CLPSL2	Silent	7	5	12	0.4166666666666667	3	2	1	1.4989	1	1.4989	1.0	True	0.77	2.11
6	36454878	C	T	KCTD20	Missense_Mutation	210	78	288	0.2708333333333333	3	2	1	0.9743	1	0.9743	0.9743	True	0.77	2.11
6	36978766	C	T	FGD2	Silent	76	19	95	0.2	3	2	1	0.7195	1	0.7195	0.7195	False	0.77	2.11
6	36995938	G	A	FGD2	Silent	13	12	25	0.48	3	2	1	1.7268	2	0.8634	0.8634	True	0.77	2.11
6	37612346	C	T	MDGA1	Silent	28	12	40	0.3	3	2	1	1.0792	1	1.0792	1.0	True	0.77	2.11
6	38771046	T	C	DNAH8	Missense_Mutation	42	11	53	0.20754716981132076	3	2	1	0.7466	1	0.7466	0.7466	False	0.77	2.11
6	39507938	C	T	KIF6	Missense_Mutation	182	49	231	0.21212121212121213	3	2	1	0.7631	1	0.7631	0.7631	False	0.77	2.11
6	41658526	G	A	TFEB	Missense_Mutation	36	28	64	0.4375	3	2	1	1.5739	2	0.7869	0.7869	False	0.77	2.11
6	46660228	C	T	TDRD6	Nonsense_Mutation	124	27	151	0.17880794701986755	3	2	1	0.6432	1	0.6432	0.6432	False	0.77	2.11
6	54804859	C	T	FAM83B	Missense_Mutation	33	56	89	0.6292134831460674	3	2	1	2.2635	2	1.1318	1.0	True	0.77	2.11
6	55684473	G	A	BMP5	Silent	27	41	68	0.6029411764705882	3	2	1	2.169	2	1.0845	1.0	True	0.77	2.11
6	70894800	G	A	COL19A1	Missense_Mutation	8	11	19	0.5789473684210527	1	1	0	0.9248	1	0.9248	0.9248	True	0.77	2.11
6	71191749	C	T	FAM135A	Missense_Mutation	15	36	51	0.7058823529411765	1	1	0	1.1276	1	1.1276	1.0	True	0.77	2.11
6	83728796	G	A	UBE3D	Silent	8	11	19	0.5789473684210527	1	1	0	0.9248	1	0.9248	0.9248	True	0.77	2.11
6	108986040	G	A	FOXO3	Silent	14	18	32	0.5625	1	1	0	0.8985	1	0.8985	0.8985	True	0.77	2.11
6	117709094	T	C	ROS1	Silent	18	48	66	0.7272727272727273	1	1	0	1.1617	1	1.1617	1.0	True	0.77	2.11
6	123369860	G	A	CLVS2	Missense_Mutation	38	63	101	0.6237623762376238	1	1	0	0.9964	1	0.9964	0.9964	True	0.77	2.11
6	127517111	C	T	RSPO3	Nonsense_Mutation	14	22	36	0.6111111111111112	1	1	0	0.9762	1	0.9762	0.9762	True	0.77	2.11
6	128134289	C	A	THEMIS	Silent	13	17	30	0.5666666666666667	1	1	0	0.9052	1	0.9052	0.9052	True	0.77	2.11
6	142725021	G	A	GPR126	Missense_Mutation	19	21	40	0.525	1	1	0	0.8386	1	0.8386	0.8386	False	0.77	2.11
6	144820410	G	A	UTRN	Silent	14	25	39	0.6410256410256411	1	1	0	1.024	1	1.024	1.0	True	0.77	2.11
6	146350520	G	A	GRM1	5'UTR	4	5	9	0.5555555555555556	1	1	0	0.8874	1	0.8874	0.8874	True	0.77	2.11
6	151161774	G	A	PLEKHG1	Silent	7	13	20	0.65	1	1	0	1.0383	1	1.0383	1.0	True	0.77	2.11
7	21695568	C	A	DNAH11	Missense_Mutation	55	19	74	0.25675675675675674	4	2	2	1.1804	1	1.1804	1.0	True	0.77	2.11
7	25181885	C	T	C7orf31	Missense_Mutation	60	49	109	0.44954128440366975	4	2	2	2.0667	2	1.0334	1.0	True	0.77	2.11
7	28758481	C	T	CREB5	Silent	395	270	665	0.40601503759398494	4	2	2	1.8666	2	0.9333	0.9333	True	0.77	2.11
7	30496564	C	A	NOD1	5'UTR	50	29	79	0.3670886075949367	4	2	2	1.6877	2	0.8438	0.8438	False	0.77	2.11
7	31867923	A	T	PDE1C	Missense_Mutation	61	23	84	0.27380952380952384	4	2	2	1.2588	1	1.2588	1.0	True	0.77	2.11
7	38725369	C	T	FAM183B	Silent	139	102	241	0.42323651452282157	4	2	2	1.9458	2	0.9729	0.9729	True	0.77	2.11
7	39472825	C	T	POU6F2	Silent	71	58	129	0.4496124031007752	4	2	2	2.067	2	1.0335	1.0	True	0.77	2.11
7	44100395	C	T	DBNL	Silent	79	41	120	0.3416666666666667	4	2	2	1.5708	2	0.7854	0.7854	False	0.77	2.11
7	44152207	C	T	AEBP1	Silent	67	30	97	0.30927835051546393	4	2	2	1.4219	1	1.4219	1.0	True	0.77	2.11
7	53103599	G	A	POM121L12	Missense_Mutation	35	26	61	0.4262295081967213	4	2	2	1.9595	2	0.9798	0.9798	True	0.77	2.11
7	56122096	A	T	CCT6A	Missense_Mutation	163	79	242	0.32644628099173556	4	2	2	1.5008	2	0.7504	0.7504	False	0.77	2.11
7	56122097	G	A	CCT6A	Silent	163	78	241	0.3236514522821577	4	2	2	1.488	1	1.488	1.0	True	0.77	2.11
7	57529081	T	A	ZNF716	Missense_Mutation	39	29	68	0.4264705882352941	4	2	2	1.9607	2	0.9803	0.9803	True	0.77	2.11
7	73150843	T	C	ABHD11	3'UTR	45	31	76	0.40789473684210525	4	2	2	1.8753	2	0.9376	0.9376	True	0.77	2.11
7	76828636	C	T	FGL2	Missense_Mutation	56	60	116	0.5172413793103449	4	2	2	2.378	2	1.189	1.0	True	0.77	2.11
7	76942807	G	A	GSAP	Missense_Mutation	13	9	22	0.4090909090909091	4	2	2	1.8808	2	0.9404	0.9404	True	0.77	2.11
7	82582812	A	G	PCLO	Missense_Mutation	72	46	118	0.3898305084745763	4	2	2	1.7922	2	0.8961	0.8961	True	0.77	2.11
7	82584810	C	T	PCLO	Missense_Mutation	185	151	336	0.4494047619047619	4	2	2	2.0661	2	1.033	1.0	True	0.77	2.11
7	82585057	C	T	PCLO	Missense_Mutation	160	116	276	0.42028985507246375	4	2	2	1.9322	2	0.9661	0.9661	True	0.77	2.11
7	82585408	C	T	PCLO	Missense_Mutation	361	244	605	0.4033057851239669	4	2	2	1.8542	2	0.9271	0.9271	True	0.77	2.11
7	83640346	C	T	SEMA3A	Silent	48	25	73	0.3424657534246575	4	2	2	1.5745	2	0.7872	0.7872	False	0.77	2.11
7	91715658	G	A	AKAP9	Silent	306	181	487	0.37166324435318276	4	2	2	1.7087	2	0.8543	0.8543	True	0.77	2.11
7	92762825	G	A	SAMD9L	Silent	60	55	115	0.4782608695652174	4	2	2	2.1988	2	1.0994	1.0	True	0.77	2.11
7	94293046	G	A	PEG10	Missense_Mutation	15	13	28	0.4642857142857143	4	2	2	2.1345	2	1.0673	1.0	True	0.77	2.11
7	95761084	C	T	SLC25A13	Missense_Mutation	37	37	74	0.5	4	2	2	2.2987	2	1.1494	1.0	True	0.77	2.11
7	99621898	C	T	ZKSCAN1	Missense_Mutation	45	38	83	0.4578313253012048	4	2	2	2.1048	2	1.0524	1.0	True	0.77	2.11
7	100348407	G	A	ZAN	Missense_Mutation	13	21	34	0.6176470588235294	4	2	2	2.8396	2	1.4198	1.0	True	0.77	2.11
7	100349677	C	T	ZAN	Missense_Mutation	74	50	124	0.4032258064516129	4	2	2	1.8538	2	0.9269	0.9269	True	0.77	2.11
7	100678076	G	A	MUC17	Missense_Mutation	460	385	845	0.4556213017751479	4	2	2	2.0947	2	1.0473	1.0	True	0.77	2.11
7	106508121	C	T	PIK3CG	Missense_Mutation	68	42	110	0.38181818181818183	4	2	2	1.7554	2	0.8777	0.8777	True	0.77	2.11
7	106526703	G	A	PIK3CG	Missense_Mutation	64	39	103	0.3786407766990291	4	2	2	1.7408	2	0.8704	0.8704	True	0.77	2.11
7	107664409	G	A	LAMB4	3'UTR	23	21	44	0.4772727272727273	4	2	2	2.1942	2	1.0971	1.0	True	0.77	2.11
7	107717458	G	A	LAMB4	Silent	47	42	89	0.47191011235955055	4	2	2	2.1696	2	1.0848	1.0	True	0.77	2.11
7	116399521	G	A	MET	Missense_Mutation	53	10	63	0.15873015873015872	4	2	2	0.7297	1	0.7297	0.7297	False	0.77	2.11
7	123595117	A	G	SPAM1	Missense_Mutation	105	68	173	0.3930635838150289	4	2	2	1.8071	2	0.9035	0.9035	True	0.77	2.11
7	128032945	G	A	IMPDH1	3'UTR	17	3	20	0.15	4	2	2	0.6896	1	0.6896	0.6896	False	0.77	2.11
7	128487821	G	A	FLNC	Silent	72	55	127	0.4330708661417323	4	2	2	1.991	2	0.9955	0.9955	True	0.77	2.11
7	128645162	A	T	TNPO3	Missense_Mutation	71	56	127	0.4409448818897638	4	2	2	2.0272	2	1.0136	1.0	True	0.77	2.11
7	138305795	G	A	SVOPL	Missense_Mutation	40	15	55	0.2727272727272727	4	2	2	1.2538	1	1.2538	1.0	True	0.77	2.11
7	138312121	G	T	SVOPL	Missense_Mutation	22	18	40	0.45	4	2	2	2.0688	2	1.0344	1.0	True	0.77	2.11
7	138529097	G	A	KIAA1549	Missense_Mutation	34	34	68	0.5	4	2	2	2.2987	2	1.1494	1.0	True	0.77	2.11
7	138529099	C	A	KIAA1549	Silent	33	32	65	0.49230769230769234	4	2	2	2.2633	2	1.1317	1.0	True	0.77	2.11
7	138603041	G	A	KIAA1549	Missense_Mutation	109	55	164	0.3353658536585366	4	2	2	1.5418	2	0.7709	0.7709	False	0.77	2.11
7	140125765	G	A	RAB19	Missense_Mutation	125	99	224	0.4419642857142857	4	2	2	2.0319	2	1.0159	1.0	True	0.77	2.11
7	140154231	G	A	MKRN1	3'UTR	4	5	9	0.5555555555555556	4	2	2	2.5541	2	1.2771	1.0	True	0.77	2.11
7	140301517	G	A	DENND2A	Silent	176	98	274	0.35766423357664234	4	2	2	1.6443	2	0.8222	0.8222	False	0.77	2.11
7	142045354	G	A	TRBV4-2	5'UTR	100	61	161	0.37888198757763975	4	2	2	1.7419	2	0.8709	0.8709	True	0.77	2.11
7	142224037	G	A	TRBV11-1	Missense_Mutation	53	31	84	0.36904761904761907	4	2	2	1.6967	2	0.8483	0.8483	False	0.77	2.11
7	142231754	G	A	TRBV10-1	Nonsense_Mutation	184	110	294	0.3741496598639456	4	2	2	1.7201	2	0.8601	0.8601	True	0.77	2.11
7	143792932	C	T	OR2A12	Silent	165	133	298	0.4463087248322148	4	2	2	2.0519	2	1.0259	1.0	True	0.77	2.11
7	144098436	C	T	NOBOX	Missense_Mutation	24	13	37	0.35135135135135137	4	2	2	1.6153	2	0.8077	0.8077	False	0.77	2.11
7	148716090	G	A	PDIA4	Nonsense_Mutation	39	21	60	0.35	4	2	2	1.6091	2	0.8045	0.8045	False	0.77	2.11
7	148716091	G	A	PDIA4	Silent	39	22	61	0.36065573770491804	4	2	2	1.6581	2	0.829	0.829	False	0.77	2.11
7	149428761	G	A	KRBA1	Splice_Site	11	7	18	0.3888888888888889	4	2	2	1.7879	2	0.8939	0.8939	True	0.77	2.11
7	149502521	G	A	SSPO	RNA	47	39	86	0.45348837209302323	4	2	2	2.0849	2	1.0424	1.0	True	0.77	2.11
7	149513089	G	A	SSPO	RNA	2	7	9	0.7777777777777778	4	2	2	3.5758	2	1.7879	1.0	True	0.77	2.11
7	150034461	G	T	LRRC61	Nonsense_Mutation	43	36	79	0.45569620253164556	4	2	2	2.095	2	1.0475	1.0	True	0.77	2.11
7	150269947	C	T	GIMAP4	Silent	20	17	37	0.4594594594594595	4	2	2	2.1123	2	1.0562	1.0	True	0.77	2.11
7	150418016	G	A	GIMAP1	3'UTR	13	19	32	0.59375	4	2	2	2.7297	2	1.3649	1.0	True	0.77	2.11
7	150648916	C	T	KCNH2	Missense_Mutation	31	22	53	0.41509433962264153	4	2	2	1.9084	2	0.9542	0.9542	True	0.77	2.11
7	150648917	C	T	KCNH2	Missense_Mutation	29	22	51	0.43137254901960786	4	2	2	1.9832	2	0.9916	0.9916	True	0.77	2.11
7	150693975	C	T	NOS3	Missense_Mutation	13	8	21	0.38095238095238093	4	2	2	1.7514	2	0.8757	0.8757	True	0.77	2.11
7	150814262	C	T	AGAP3	Silent	51	49	100	0.49	4	2	2	2.2527	2	1.1264	1.0	True	0.77	2.11
7	151053246	C	T	NUB1	Missense_Mutation	38	18	56	0.32142857142857145	4	2	2	1.4777	1	1.4777	1.0	True	0.77	2.11
7	154876301	C	T	HTR5A	3'UTR	13	6	19	0.3157894736842105	4	2	2	1.4518	1	1.4518	1.0	True	0.77	2.11
8	2820050	C	T	CSMD1	Missense_Mutation	17	31	48	0.6458333333333334	2	2	0	1.6775	2	0.8387	0.8387	False	0.77	2.11
8	2857600	C	T	CSMD1	Missense_Mutation	18	47	65	0.7230769230769231	2	2	0	1.8781	2	0.9391	0.9391	True	0.77	2.11
8	10464599	C	T	RP1L1	Missense_Mutation	54	143	197	0.7258883248730964	2	2	0	1.8854	2	0.9427	0.9427	True	0.77	2.11
8	10756377	G	A	XKR6	Silent	26	71	97	0.7319587628865979	2	2	0	1.9012	2	0.9506	0.9506	True	0.77	2.11
8	24170961	G	A	ADAM28	Silent	8	38	46	0.8260869565217391	2	2	0	2.1457	2	1.0728	1.0	True	0.77	2.11
8	28671062	C	T	INTS9	Missense_Mutation	26	64	90	0.7111111111111111	2	2	0	1.847	2	0.9235	0.9235	True	0.77	2.11
8	28980985	C	T	KIF13B	Missense_Mutation	91	56	147	0.38095238095238093	2	2	0	0.9895	1	0.9895	0.9895	True	0.77	2.11
8	30210483	G	A	TUBBP1	RNA	12	41	53	0.7735849056603774	2	2	0	2.0093	2	1.0047	1.0	True	0.77	2.11
8	37704431	G	T	BRF2	Silent	71	204	275	0.7418181818181818	2	2	0	1.9268	2	0.9634	0.9634	True	0.77	2.11
8	39466603	A	G	ADAM18	Silent	12	27	39	0.6923076923076923	2	2	0	1.7982	2	0.8991	0.8991	True	0.77	2.11
8	40011331	C	T	C8orf4	Nonsense_Mutation	17	65	82	0.7926829268292683	2	2	0	2.0589	2	1.0295	1.0	True	0.77	2.11
8	40532385	G	A	ZMAT4	Nonsense_Mutation	44	146	190	0.7684210526315789	2	2	0	1.9959	2	0.9979	0.9979	True	0.77	2.11
8	41399330	C	T	GINS4	Missense_Mutation	12	30	42	0.7142857142857143	2	2	0	1.8553	2	0.9276	0.9276	True	0.77	2.11
8	55533886	C	T	RP1	Silent	25	36	61	0.5901639344262295	2	2	0	1.5329	2	0.7664	0.7664	False	0.77	2.11
8	55533887	C	T	RP1	Missense_Mutation	24	36	60	0.6	2	2	0	1.5584	2	0.7792	0.7792	False	0.77	2.11
8	59404023	C	T	CYP7A1	3'UTR	6	8	14	0.5714285714285714	2	2	0	1.4842	1	1.4842	1.0	True	0.77	2.11
8	68188300	G	A	ARFGEF1	Silent	7	16	23	0.6956521739130435	2	2	0	1.8069	2	0.9034	0.9034	True	0.77	2.11
8	73848694	C	T	KCNB2	Silent	25	102	127	0.8031496062992126	2	2	0	2.0861	2	1.0431	1.0	True	0.77	2.11
8	74528007	G	A	STAU2	Missense_Mutation	13	41	54	0.7592592592592593	2	2	0	1.9721	2	0.9861	0.9861	True	0.77	2.11
8	82355666	G	A	PMP2	Silent	23	58	81	0.7160493827160493	2	2	0	1.8599	2	0.9299	0.9299	True	0.77	2.11
8	95143165	G	A	CDH17	Silent	23	65	88	0.7386363636363636	2	2	0	1.9185	2	0.9593	0.9593	True	0.77	2.11
8	106813480	A	G	ZFPM2	Silent	13	73	86	0.8488372093023255	2	2	0	2.2048	2	1.1024	1.0	True	0.77	2.11
8	118165286	G	A	SLC30A8	Silent	99	287	386	0.7435233160621761	2	2	0	1.9312	2	0.9656	0.9656	True	0.77	2.11
8	125047638	G	A	FER1L6	Missense_Mutation	14	39	53	0.7358490566037735	2	2	0	1.9113	2	0.9556	0.9556	True	0.77	2.11
8	133920503	G	A	TG	Missense_Mutation	24	40	64	0.625	2	2	0	1.6234	2	0.8117	0.8117	False	0.77	2.11
8	139606359	C	T	COL22A1	Missense_Mutation	21	36	57	0.631578947368421	2	2	0	1.6405	2	0.8202	0.8202	False	0.77	2.11
8	142151389	C	T	DENND3	Missense_Mutation	25	85	110	0.7727272727272727	2	2	0	2.0071	2	1.0035	1.0	True	0.77	2.11
8	145003683	G	C	PLEC	Missense_Mutation	12	22	34	0.6470588235294118	2	2	0	1.6807	2	0.8403	0.8403	False	0.77	2.11
8	145003928	G	A	PLEC	Silent	6	13	19	0.6842105263157895	2	2	0	1.7772	2	0.8886	0.8886	True	0.77	2.11
8	145535489	C	T	HSF1	Missense_Mutation	11	35	46	0.7608695652173914	2	1	1	1.9763	1	1.9763	1.0	True	0.77	2.11
8	145535748	C	T	HSF1	Silent	17	38	55	0.6909090909090909	2	1	1	1.7946	1	1.7946	1.0	True	0.77	2.11
8	145537219	G	A	HSF1	Missense_Mutation	5	22	27	0.8148148148148148	2	1	1	2.1164	1	2.1164	1.0	True	0.77	2.11
8	146017431	G	C	RPL8	Silent	9	21	30	0.7	2	1	1	1.8182	1	1.8182	1.0	True	0.77	2.11
9	13193234	G	A	MPDZ	Nonsense_Mutation	17	26	43	0.6046511627906976	1	1	0	0.9659	1	0.9659	0.9659	True	0.77	2.11
9	18753396	G	A	ADAMTSL1	Missense_Mutation	4	5	9	0.5555555555555556	1	1	0	0.8874	1	0.8874	0.8874	True	0.77	2.11
9	27172649	C	T	TEK	Missense_Mutation	13	12	25	0.48	1	1	0	0.7668	1	0.7668	0.7668	False	0.77	2.11
9	34996329	C	T	DNAJB5	Silent	21	16	37	0.43243243243243246	1	1	0	0.6908	1	0.6908	0.6908	False	0.77	2.11
9	34996330	C	T	DNAJB5	Missense_Mutation	20	17	37	0.4594594594594595	1	1	0	0.7339	1	0.7339	0.7339	False	0.77	2.11
9	74332991	G	A	TMEM2	Nonsense_Mutation	15	27	42	0.6428571428571429	1	1	0	1.0269	1	1.0269	1.0	True	0.77	2.11
9	78711013	A	T	PCSK5	Nonsense_Mutation	8	11	19	0.5789473684210527	1	1	0	0.9248	1	0.9248	0.9248	True	0.77	2.11
9	78799588	G	A	PCSK5	Splice_Site	5	12	17	0.7058823529411765	1	1	0	1.1276	1	1.1276	1.0	True	0.77	2.11
9	79323205	C	T	PRUNE2	Missense_Mutation	16	21	37	0.5675675675675675	1	1	0	0.9066	1	0.9066	0.9066	True	0.77	2.11
9	84607623	G	A	SPATA31D1	Silent	10	15	25	0.6	1	1	0	0.9584	1	0.9584	0.9584	True	0.77	2.11
9	103092373	G	A	TEX10	Silent	25	31	56	0.5535714285714286	1	1	0	0.8843	1	0.8843	0.8843	True	0.77	2.11
9	104192063	C	T	ALDOB	Missense_Mutation	64	85	149	0.5704697986577181	1	1	0	0.9113	1	0.9113	0.9113	True	0.77	2.11
9	104499750	G	A	GRIN3A	Missense_Mutation	11	14	25	0.56	1	1	0	0.8945	1	0.8945	0.8945	True	0.77	2.11
9	112704975	C	T	PALM2	Missense_Mutation	5	5	10	0.5	1	1	0	0.7987	1	0.7987	0.7987	False	0.77	2.11
9	114371468	A	G	LRRC37A5P	RNA	30	49	79	0.620253164556962	1	1	0	0.9908	1	0.9908	0.9908	True	0.77	2.11
9	117139527	G	A	AKNA	Missense_Mutation	27	27	54	0.5	1	1	0	0.7987	1	0.7987	0.7987	False	0.77	2.11
9	119158800	C	T	PAPPA	Missense_Mutation	52	57	109	0.5229357798165137	1	1	0	0.8353	1	0.8353	0.8353	False	0.77	2.11
9	119188067	C	T	ASTN2	3'UTR	12	19	31	0.6129032258064516	1	1	0	0.9791	1	0.9791	0.9791	True	0.77	2.11
9	121930073	G	A	BRINP1	Silent	7	9	16	0.5625	1	1	0	0.8985	1	0.8985	0.8985	True	0.77	2.11
9	129643035	A	G	ZBTB34	Missense_Mutation	14	17	31	0.5483870967741935	1	1	0	0.876	1	0.876	0.876	True	0.77	2.11
9	131185509	C	T	CERCAM	Silent	37	47	84	0.5595238095238095	1	1	0	0.8938	1	0.8938	0.8938	True	0.77	2.11
9	131899968	C	T	PPP2R4	Silent	6	9	15	0.6	1	1	0	0.9584	1	0.9584	0.9584	True	0.77	2.11
9	134073012	C	A	NUP214	Silent	16	26	42	0.6190476190476191	1	1	0	0.9889	1	0.9889	0.9889	True	0.77	2.11
9	134073013	C	T	NUP214	Missense_Mutation	16	27	43	0.627906976744186	1	1	0	1.003	1	1.003	1.0	True	0.77	2.11
9	137004998	C	T	WDR5	5'UTR	10	18	28	0.6428571428571429	1	1	0	1.0269	1	1.0269	1.0	True	0.77	2.11
9	137801781	C	T	FCN1	Missense_Mutation	33	57	90	0.6333333333333333	1	1	0	1.0117	1	1.0117	1.0	True	0.77	2.11
9	139751375	G	T	MAMDC4	Silent	14	20	34	0.5882352941176471	1	1	0	0.9396	1	0.9396	0.9396	True	0.77	2.11
9	139915193	G	A	ABCA2	Silent	1	8	9	0.8888888888888888	1	1	0	1.4199	1	1.4199	1.0	True	0.77	2.11
10	6066298	T	C	IL2RA	Silent	35	15	50	0.3	2	1	1	0.7792	1	0.7792	0.7792	False	0.77	2.11
10	7621865	C	T	ITIH5	Missense_Mutation	45	17	62	0.27419354838709675	2	1	1	0.7122	1	0.7122	0.7122	False	0.77	2.11
10	8007004	G	C	TAF3	Missense_Mutation	74	51	125	0.408	2	1	1	1.0597	1	1.0597	1.0	True	0.77	2.11
10	15151122	G	A	NMT2	3'UTR	41	21	62	0.3387096774193548	2	1	1	0.8798	1	0.8798	0.8798	True	0.77	2.11
10	17088024	G	A	CUBN	Silent	36	23	59	0.3898305084745763	2	1	1	1.0125	1	1.0125	1.0	True	0.77	2.11
10	20357116	C	T	PLXDC2	Silent	31	16	47	0.3404255319148936	2	1	1	0.8842	1	0.8842	0.8842	True	0.77	2.11
10	21804515	G	A	SKIDA1	Missense_Mutation	140	84	224	0.375	2	1	1	0.974	1	0.974	0.974	True	0.77	2.11
10	21804516	G	A	SKIDA1	Missense_Mutation	141	88	229	0.38427947598253276	2	1	1	0.9981	1	0.9981	0.9981	True	0.77	2.11
10	23481535	T	A	PTF1A	Missense_Mutation	208	126	334	0.3772455089820359	2	1	1	0.9799	1	0.9799	0.9799	True	0.77	2.11
10	23481536	T	C	PTF1A	Missense_Mutation	207	129	336	0.38392857142857145	2	1	1	0.9972	1	0.9972	0.9972	True	0.77	2.11
10	25886964	G	A	GPR158	Silent	49	25	74	0.33783783783783783	2	1	1	0.8775	1	0.8775	0.8775	True	0.77	2.11
10	25886965	G	A	GPR158	Missense_Mutation	49	25	74	0.33783783783783783	2	1	1	0.8775	1	0.8775	0.8775	True	0.77	2.11
10	26432494	A	G	MYO3A	Missense_Mutation	28	23	51	0.45098039215686275	2	1	1	1.1714	1	1.1714	1.0	True	0.77	2.11
10	26849066	C	T	APBB1IP	Silent	95	64	159	0.4025157232704403	2	1	1	1.0455	1	1.0455	1.0	True	0.77	2.11
10	28378660	C	T	MPP7	Missense_Mutation	94	57	151	0.37748344370860926	2	1	1	0.9805	1	0.9805	0.9805	True	0.77	2.11
10	28413985	C	T	MPP7	Silent	61	38	99	0.3838383838383838	2	1	1	0.997	1	0.997	0.997	True	0.77	2.11
10	30316433	G	A	KIAA1462	Missense_Mutation	51	33	84	0.39285714285714285	2	1	1	1.0204	1	1.0204	1.0	True	0.77	2.11
10	37414846	A	G	ANKRD30A	5'UTR	17	3	20	0.15	2	1	1	0.3896	1	0.3896	0.3896	False	0.77	2.11
10	37430749	C	T	ANKRD30A	Silent	34	20	54	0.37037037037037035	2	1	1	0.962	1	0.962	0.962	True	0.77	2.11
10	38651210	G	A	HSD17B7P2	RNA	66	23	89	0.25842696629213485	2	1	1	0.6712	1	0.6712	0.6712	False	0.77	2.11
10	47747120	G	A	ANXA8L2	Nonsense_Mutation	8	6	14	0.42857142857142855	2	1	1	1.1132	1	1.1132	1.0	True	0.77	2.11
10	48370805	G	A	ZNF488	Silent	9	11	20	0.55	2	1	1	1.4286	1	1.4286	1.0	True	0.77	2.11
10	52002997	C	T	ASAH2	Missense_Mutation	98	44	142	0.30985915492957744	2	1	1	0.8048	1	0.8048	0.8048	False	0.77	2.11
10	62648351	G	A	RHOBTB1	Silent	102	50	152	0.32894736842105265	2	1	1	0.8544	1	0.8544	0.8544	True	0.77	2.11
10	63819004	A	T	ARID5B	Missense_Mutation	33	18	51	0.35294117647058826	2	1	1	0.9167	1	0.9167	0.9167	True	0.77	2.11
10	70441225	C	T	TET1	Missense_Mutation	26	18	44	0.4090909090909091	2	1	1	1.0626	1	1.0626	1.0	True	0.77	2.11
10	71332526	C	T	NEUROG3	Missense_Mutation	22	12	34	0.35294117647058826	2	1	1	0.9167	1	0.9167	0.9167	True	0.77	2.11
10	71874719	G	A	AIFM2	Silent	13	10	23	0.43478260869565216	2	1	1	1.1293	1	1.1293	1.0	True	0.77	2.11
10	71903629	G	A	TYSND1	Silent	26	12	38	0.3157894736842105	2	1	1	0.8202	1	0.8202	0.8202	False	0.77	2.11
10	72462131	G	A	ADAMTS14	Missense_Mutation	40	32	72	0.4444444444444444	2	1	1	1.1544	1	1.1544	1.0	True	0.77	2.11
10	73545396	C	T	CDH23	Silent	9	3	12	0.25	2	1	1	0.6494	1	0.6494	0.6494	False	0.77	2.11
10	73588778	G	A	PSAP	Silent	62	27	89	0.30337078651685395	2	1	1	0.788	1	0.788	0.788	False	0.77	2.11
10	76735652	C	T	KAT6B	Silent	49	33	82	0.4024390243902439	2	1	1	1.0453	1	1.0453	1.0	True	0.77	2.11
10	79570962	G	A	DLG5	Silent	61	20	81	0.24691358024691357	2	1	1	0.6413	1	0.6413	0.6413	False	0.77	2.11
10	79590511	G	A	DLG5	Silent	31	17	48	0.3541666666666667	2	1	1	0.9199	1	0.9199	0.9199	True	0.77	2.11
10	82271930	G	T	TSPAN14	Missense_Mutation	48	29	77	0.37662337662337664	2	1	1	0.9782	1	0.9782	0.9782	True	0.77	2.11
10	85982030	G	A	LRIT2	Silent	92	52	144	0.3611111111111111	2	1	1	0.938	1	0.938	0.938	True	0.77	2.11
10	88218804	C	T	WAPAL	Missense_Mutation	36	19	55	0.34545454545454546	2	1	1	0.8973	1	0.8973	0.8973	True	0.77	2.11
10	88414668	C	T	OPN4	Missense_Mutation	23	22	45	0.4888888888888889	2	1	1	1.2698	1	1.2698	1.0	True	0.77	2.11
10	95394530	G	A	PDE6C	Missense_Mutation	20	12	32	0.375	2	1	1	0.974	1	0.974	0.974	True	0.77	2.11
10	96745900	G	A	CYP2C9	Silent	32	27	59	0.4576271186440678	2	1	1	1.1886	1	1.1886	1.0	True	0.77	2.11
10	97096832	G	A	SORBS1	Missense_Mutation	23	11	34	0.3235294117647059	2	1	1	0.8403	1	0.8403	0.8403	False	0.77	2.11
10	97816742	G	A	CCNJ	Missense_Mutation	52	22	74	0.2972972972972973	2	1	1	0.7722	1	0.7722	0.7722	False	0.77	2.11
10	98742449	C	T	C10orf12	Silent	154	88	242	0.36363636363636365	2	1	1	0.9445	1	0.9445	0.9445	True	0.77	2.11
10	100195443	G	A	HPS1	Silent	64	21	85	0.24705882352941178	2	1	1	0.6417	1	0.6417	0.6417	False	0.77	2.11
10	101476172	C	T	COX15	Missense_Mutation	71	37	108	0.3425925925925926	2	1	1	0.8899	1	0.8899	0.8899	True	0.77	2.11
10	101911954	G	A	ERLIN1	Silent	34	23	57	0.40350877192982454	2	1	1	1.0481	1	1.0481	1.0	True	0.77	2.11
10	102089680	C	T	PKD2L1	Missense_Mutation	47	53	100	0.53	2	1	1	1.3766	1	1.3766	1.0	True	0.77	2.11
10	102222947	G	A	WNT8B	Missense_Mutation	57	34	91	0.37362637362637363	2	1	1	0.9705	1	0.9705	0.9705	True	0.77	2.11
10	102222948	T	C	WNT8B	Missense_Mutation	57	35	92	0.3804347826086957	2	1	1	0.9881	1	0.9881	0.9881	True	0.77	2.11
10	104597062	C	T	CYP17A1	Silent	54	33	87	0.3793103448275862	2	1	1	0.9852	1	0.9852	0.9852	True	0.77	2.11
10	105005787	C	T	RPEL1	Missense_Mutation	25	15	40	0.375	2	1	1	0.974	1	0.974	0.974	True	0.77	2.11
10	105484080	C	T	SH3PXD2A	Missense_Mutation	21	18	39	0.46153846153846156	2	1	1	1.1988	1	1.1988	1.0	True	0.77	2.11
10	108434807	G	A	SORCS1	Missense_Mutation	64	29	93	0.3118279569892473	2	1	1	0.8099	1	0.8099	0.8099	False	0.77	2.11
10	112769567	A	T	SHOC2	Missense_Mutation	40	11	51	0.21568627450980393	2	1	1	0.5602	1	0.5602	0.5602	False	0.77	2.11
10	115349449	C	T	NRAP	Silent	56	31	87	0.3563218390804598	2	1	1	0.9255	1	0.9255	0.9255	True	0.77	2.11
10	115349450	C	T	NRAP	Missense_Mutation	55	30	85	0.35294117647058826	2	1	1	0.9167	1	0.9167	0.9167	True	0.77	2.11
10	115411667	C	T	NRAP	Splice_Site	14	12	26	0.46153846153846156	2	1	1	1.1988	1	1.1988	1.0	True	0.77	2.11
10	115594782	G	A	DCLRE1A	3'UTR	5	6	11	0.5454545454545454	2	1	1	1.4168	1	1.4168	1.0	True	0.77	2.11
10	117309040	G	A	ATRNL1	Silent	33	18	51	0.35294117647058826	2	1	1	0.9167	1	0.9167	0.9167	True	0.77	2.11
10	122273420	C	T	PPAPDC1A	Intron	45	26	71	0.36619718309859156	2	1	1	0.9512	1	0.9512	0.9512	True	0.77	2.11
10	122665387	G	A	WDR11	Splice_Site	58	26	84	0.30952380952380953	2	1	1	0.804	1	0.804	0.804	False	0.77	2.11
10	122665388	G	A	WDR11	Missense_Mutation	58	26	84	0.30952380952380953	2	1	1	0.804	1	0.804	0.804	False	0.77	2.11
10	123843781	G	A	TACC2	Missense_Mutation	40	13	53	0.24528301886792453	2	1	1	0.6371	1	0.6371	0.6371	False	0.77	2.11
10	124402818	G	A	DMBT1	Silent	60	44	104	0.4230769230769231	2	1	1	1.0989	1	1.0989	1.0	True	0.77	2.11
10	124459310	C	T	C10orf120	5'UTR	44	20	64	0.3125	2	1	1	0.8117	1	0.8117	0.8117	False	0.77	2.11
10	129216633	A	C	DOCK1	Missense_Mutation	15	6	21	0.2857142857142857	2	1	1	0.7421	1	0.7421	0.7421	False	0.77	2.11
10	131755553	C	T	EBF3	Missense_Mutation	58	32	90	0.35555555555555557	2	1	1	0.9235	1	0.9235	0.9235	True	0.77	2.11
10	134147046	C	T	LRRC27	Silent	27	16	43	0.37209302325581395	2	1	1	0.9665	1	0.9665	0.9665	True	0.77	2.11
10	134942560	G	A	GPR123	Missense_Mutation	8	3	11	0.2727272727272727	2	1	1	0.7084	1	0.7084	0.7084	False	0.77	2.11
10	134999848	C	T	KNDC1	Silent	28	7	35	0.2	2	1	1	0.5195	1	0.5195	0.5195	False	0.77	2.11
11	193724	G	A	SCGB1C1	Missense_Mutation	37	8	45	0.17777777777777778	2	1	1	0.4618	1	0.4618	0.4618	False	0.77	2.11
11	194532	G	A	SCGB1C1	3'UTR	46	11	57	0.19298245614035087	2	1	1	0.5013	1	0.5013	0.5013	False	0.77	2.11
11	609256	C	T	PHRF1	Missense_Mutation	21	46	67	0.6865671641791045	2	2	0	1.7833	2	0.8916	0.8916	True	0.77	2.11
11	609257	C	T	PHRF1	Silent	20	45	65	0.6923076923076923	2	2	0	1.7982	2	0.8991	0.8991	True	0.77	2.11
11	1619092	G	A	KRTAP5-2	Missense_Mutation	34	130	164	0.7926829268292683	2	2	0	2.0589	2	1.0295	1.0	True	0.77	2.11
11	3381777	G	A	ZNF195	Missense_Mutation	11	25	36	0.6944444444444444	2	2	0	1.8038	2	0.9019	0.9019	True	0.77	2.11
11	4608286	G	A	OR52I2	Missense_Mutation	63	144	207	0.6956521739130435	2	2	0	1.8069	2	0.9034	0.9034	True	0.77	2.11
11	4791139	G	A	OR51F1	Silent	1	9	10	0.9	2	2	0	2.3377	2	1.1688	1.0	True	0.77	2.11
11	5537114	G	A	UBQLNL	Silent	39	87	126	0.6904761904761905	2	2	0	1.7934	2	0.8967	0.8967	True	0.77	2.11
11	5776682	A	T	OR52N4	Nonsense_Mutation	34	91	125	0.728	2	2	0	1.8909	2	0.9455	0.9455	True	0.77	2.11
11	7949784	C	T	OR10A6	Missense_Mutation	6	21	27	0.7777777777777778	2	2	0	2.0202	2	1.0101	1.0	True	0.77	2.11
11	7981691	C	T	NLRP10	Missense_Mutation	27	82	109	0.7522935779816514	2	2	0	1.954	2	0.977	0.977	True	0.77	2.11
11	9519272	C	T	ZNF143	Missense_Mutation	9	35	44	0.7954545454545454	2	2	0	2.0661	2	1.0331	1.0	True	0.77	2.11
11	18793592	G	A	PTPN5	5'UTR	5	7	12	0.5833333333333334	2	2	0	1.5152	2	0.7576	0.7576	False	0.77	2.11
11	26705386	G	A	SLC5A12	Missense_Mutation	6	4	10	0.4	2	2	0	1.039	1	1.039	1.0	True	0.77	2.11
11	31115680	A	T	DCDC1	Missense_Mutation	17	48	65	0.7384615384615385	2	2	0	1.9181	2	0.959	0.959	True	0.77	2.11
11	58206830	G	A	OR5B12	Silent	5	27	32	0.84375	2	2	0	2.1916	2	1.0958	1.0	True	0.77	2.11
11	58478113	G	A	GLYAT	Silent	25	94	119	0.7899159663865546	2	2	0	2.0517	2	1.0259	1.0	True	0.77	2.11
11	60702137	C	T	TMEM132A	Silent	3	17	20	0.85	2	2	0	2.2078	2	1.1039	1.0	True	0.77	2.11
11	61912749	G	A	INCENP	Silent	20	60	80	0.75	2	2	0	1.9481	2	0.974	0.974	True	0.77	2.11
11	62065005	C	T	SCGB1D4	Missense_Mutation	52	201	253	0.7944664031620553	2	2	0	2.0635	2	1.0318	1.0	True	0.77	2.11
11	62299867	C	T	AHNAK	Silent	30	91	121	0.7520661157024794	2	2	0	1.9534	2	0.9767	0.9767	True	0.77	2.11
11	63149655	G	A	SLC22A9	Missense_Mutation	30	99	129	0.7674418604651163	2	2	0	1.9934	2	0.9967	0.9967	True	0.77	2.11
11	63396854	G	A	ATL3	Silent	13	21	34	0.6176470588235294	2	2	0	1.6043	2	0.8021	0.8021	False	0.77	2.11
11	63396855	G	A	ATL3	Missense_Mutation	13	20	33	0.6060606060606061	2	2	0	1.5742	2	0.7871	0.7871	False	0.77	2.11
11	64664943	G	A	ATG2A	Silent	4	9	13	0.6923076923076923	2	2	0	1.7982	2	0.8991	0.8991	True	0.77	2.11
11	64669618	G	A	ATG2A	Missense_Mutation	15	47	62	0.7580645161290323	2	2	0	1.969	2	0.9845	0.9845	True	0.77	2.11
11	65004342	C	T	SLC22A20	RNA	23	73	96	0.7604166666666666	2	2	0	1.9751	2	0.9876	0.9876	True	0.77	2.11
11	69456187	G	A	CCND1	Missense_Mutation	24	65	89	0.7303370786516854	2	2	0	1.897	2	0.9485	0.9485	True	0.77	2.11
11	74013507	G	A	P4HA3	Silent	36	114	150	0.76	2	2	0	1.974	2	0.987	0.987	True	0.77	2.11
11	88301112	G	A	GRM5	Missense_Mutation	7	23	30	0.7666666666666667	2	2	0	1.9913	2	0.9957	0.9957	True	0.77	2.11
11	88911295	C	T	TYR	Silent	5	24	29	0.8275862068965517	2	2	0	2.1496	2	1.0748	1.0	True	0.77	2.11
11	88911296	C	T	TYR	Missense_Mutation	5	24	29	0.8275862068965517	2	2	0	2.1496	2	1.0748	1.0	True	0.77	2.11
11	92086011	G	A	FAT3	Missense_Mutation	141	489	630	0.7761904761904762	2	2	0	2.0161	2	1.008	1.0	True	0.77	2.11
11	92086820	G	A	FAT3	Silent	135	385	520	0.7403846153846154	2	2	0	1.9231	2	0.9615	0.9615	True	0.77	2.11
11	92086872	G	A	FAT3	Missense_Mutation	154	409	563	0.7264653641207816	2	2	0	1.8869	2	0.9435	0.9435	True	0.77	2.11
11	101340233	C	T	TRPC6	Splice_Site	2	14	16	0.875	2	2	0	2.2727	2	1.1364	1.0	True	0.77	2.11
11	103797677	G	A	PDGFD	Missense_Mutation	6	33	39	0.8461538461538461	2	2	0	2.1978	2	1.0989	1.0	True	0.77	2.11
11	117077812	C	T	PCSK7	Nonsense_Mutation	57	41	98	0.41836734693877553	2	2	0	1.0867	1	1.0867	1.0	True	0.77	2.11
11	117342748	G	A	DSCAML1	Missense_Mutation	10	36	46	0.782608695652174	2	2	0	2.0327	2	1.0164	1.0	True	0.77	2.11
11	118211302	G	A	CD3D	Missense_Mutation	17	24	41	0.5853658536585366	2	2	0	1.5204	2	0.7602	0.7602	False	0.77	2.11
11	118965670	C	T	H2AFX	3'UTR	7	19	26	0.7307692307692307	2	2	0	1.8981	2	0.9491	0.9491	True	0.77	2.11
11	124293956	C	T	OR8B4	Missense_Mutation	5	36	41	0.8780487804878049	2	2	0	2.2806	2	1.1403	1.0	True	0.77	2.11
11	124481516	G	A	PANX3	Missense_Mutation	10	35	45	0.7777777777777778	2	2	0	2.0202	2	1.0101	1.0	True	0.77	2.11
11	124481517	G	A	PANX3	Missense_Mutation	10	34	44	0.7727272727272727	2	2	0	2.0071	2	1.0035	1.0	True	0.77	2.11
11	124481543	G	A	PANX3	Missense_Mutation	12	32	44	0.7272727272727273	2	2	0	1.889	2	0.9445	0.9445	True	0.77	2.11
11	125791205	A	G	DDX25	Missense_Mutation	3	23	26	0.8846153846153846	2	2	0	2.2977	2	1.1489	1.0	True	0.77	2.11
11	130781576	G	A	SNX19	Silent	12	34	46	0.7391304347826086	2	2	0	1.9198	2	0.9599	0.9599	True	0.77	2.11
12	250570	A	G	IQSEC3	Intron	5	5	10	0.5	2	1	1	1.2987	1	1.2987	1.0	True	0.77	2.11
12	333250	G	A	SLC6A13	Missense_Mutation	35	16	51	0.3137254901960784	2	1	1	0.8149	1	0.8149	0.8149	False	0.77	2.11
12	368935	C	T	SLC6A13	Intron	12	13	25	0.52	2	1	1	1.3506	1	1.3506	1.0	True	0.77	2.11
12	662863	G	A	B4GALNT3	Missense_Mutation	24	17	41	0.4146341463414634	2	1	1	1.077	1	1.077	1.0	True	0.77	2.11
12	2930439	C	T	ITFG2	Missense_Mutation	9	7	16	0.4375	2	1	1	1.1364	1	1.1364	1.0	True	0.77	2.11
12	3018744	C	T	TULP3	Nonsense_Mutation	94	39	133	0.2932330827067669	2	1	1	0.7616	1	0.7616	0.7616	False	0.77	2.11
12	6566747	G	A	TAPBPL	Silent	34	10	44	0.22727272727272727	2	1	1	0.5903	1	0.5903	0.5903	False	0.77	2.11
12	6702774	G	A	CHD4	Silent	58	26	84	0.30952380952380953	2	1	1	0.804	1	0.804	0.804	False	0.77	2.11
12	6761532	C	T	ING4	Missense_Mutation	85	39	124	0.31451612903225806	2	1	1	0.8169	1	0.8169	0.8169	False	0.77	2.11
12	7173252	G	A	C1S	Nonsense_Mutation	40	23	63	0.36507936507936506	2	1	1	0.9483	1	0.9483	0.9483	True	0.77	2.11
12	7188163	C	T	C1R	Silent	23	15	38	0.39473684210526316	2	1	1	1.0253	1	1.0253	1.0	True	0.77	2.11
12	7188164	C	T	C1R	Missense_Mutation	24	14	38	0.3684210526315789	2	1	1	0.9569	1	0.9569	0.9569	True	0.77	2.11
12	8329731	C	T	ZNF705A	Missense_Mutation	130	89	219	0.4063926940639269	2	1	1	1.0556	1	1.0556	1.0	True	0.77	2.11
12	8995903	T	A	A2ML1	Nonsense_Mutation	39	30	69	0.43478260869565216	2	1	1	1.1293	1	1.1293	1.0	True	0.77	2.11
12	10962106	G	A	TAS2R9	Missense_Mutation	40	16	56	0.2857142857142857	2	1	1	0.7421	1	0.7421	0.7421	False	0.77	2.11
12	13526360	C	T	C12orf36	Silent	25	21	46	0.45652173913043476	2	1	1	1.1858	1	1.1858	1.0	True	0.77	2.11
12	14829847	G	A	GUCY2C	Silent	34	16	50	0.32	2	1	1	0.8312	1	0.8312	0.8312	False	0.77	2.11
12	18435596	G	A	PIK3C2G	Missense_Mutation	92	68	160	0.425	2	1	1	1.1039	1	1.1039	1.0	True	0.77	2.11
12	18716344	G	A	PIK3C2G	Missense_Mutation	26	10	36	0.2777777777777778	2	1	1	0.7215	1	0.7215	0.7215	False	0.77	2.11
12	20868209	T	C	SLCO1C1	Silent	44	18	62	0.2903225806451613	2	1	1	0.7541	1	0.7541	0.7541	False	0.77	2.11
12	21032415	G	A	SLCO1B3	Missense_Mutation	39	19	58	0.3275862068965517	2	1	1	0.8509	1	0.8509	0.8509	True	0.77	2.11
12	21036398	G	A	SLCO1B3	Missense_Mutation	44	16	60	0.26666666666666666	2	1	1	0.6926	1	0.6926	0.6926	False	0.77	2.11
12	21327576	G	A	SLCO1B1	Missense_Mutation	27	21	48	0.4375	2	1	1	1.1364	1	1.1364	1.0	True	0.77	2.11
12	22001175	C	T	ABCC9	Missense_Mutation	35	22	57	0.38596491228070173	2	1	1	1.0025	1	1.0025	1.0	True	0.77	2.11
12	31586121	C	T	DENND5B	Missense_Mutation	123	40	163	0.24539877300613497	2	1	1	0.6374	1	0.6374	0.6374	False	0.77	2.11
12	41302173	C	T	CNTN1	5'UTR	12	3	15	0.2	2	1	1	0.5195	1	0.5195	0.5195	False	0.77	2.11
12	41422941	C	T	CNTN1	Missense_Mutation	60	43	103	0.4174757281553398	2	1	1	1.0844	1	1.0844	1.0	True	0.77	2.11
12	41966225	C	T	PDZRN4	Silent	16	9	25	0.36	2	1	1	0.9351	1	0.9351	0.9351	True	0.77	2.11
12	43826141	G	A	ADAMTS20	Missense_Mutation	31	17	48	0.3541666666666667	2	1	1	0.9199	1	0.9199	0.9199	True	0.77	2.11
12	46245027	C	T	ARID2	Nonsense_Mutation	51	39	90	0.43333333333333335	2	1	1	1.1255	1	1.1255	1.0	True	0.77	2.11
12	47181798	G	A	SLC38A4	Missense_Mutation	20	16	36	0.4444444444444444	2	1	1	1.1544	1	1.1544	1.0	True	0.77	2.11
12	48181866	C	T	HDAC7	Missense_Mutation	29	23	52	0.4423076923076923	2	1	1	1.1489	1	1.1489	1.0	True	0.77	2.11
12	49391080	G	A	DDN	Missense_Mutation	11	4	15	0.26666666666666666	2	1	1	0.6926	1	0.6926	0.6926	False	0.77	2.11
12	50025214	C	T	PRPF40B	Missense_Mutation	94	71	165	0.4303030303030303	2	1	1	1.1177	1	1.1177	1.0	True	0.77	2.11
12	50501360	C	T	GPD1	Missense_Mutation	103	54	157	0.34394904458598724	2	1	1	0.8934	1	0.8934	0.8934	True	0.77	2.11
12	50571449	C	T	LIMA1	Missense_Mutation	92	46	138	0.3333333333333333	2	1	1	0.8658	1	0.8658	0.8658	True	0.77	2.11
12	51458120	G	T	CSRNP2	Silent	49	29	78	0.3717948717948718	2	1	1	0.9657	1	0.9657	0.9657	True	0.77	2.11
12	51458139	T	C	CSRNP2	Missense_Mutation	54	29	83	0.3493975903614458	2	1	1	0.9075	1	0.9075	0.9075	True	0.77	2.11
12	52844254	C	T	KRT6B	Missense_Mutation	164	59	223	0.2645739910313901	2	1	1	0.6872	1	0.6872	0.6872	False	0.77	2.11
12	52881598	G	A	KRT6A	Missense_Mutation	70	44	114	0.38596491228070173	2	1	1	1.0025	1	1.0025	1.0	True	0.77	2.11
12	53170560	G	A	KRT76	Silent	44	29	73	0.3972602739726027	2	1	1	1.0318	1	1.0318	1.0	True	0.77	2.11
12	53565255	G	A	CSAD	Intron	15	6	21	0.2857142857142857	2	1	1	0.7421	1	0.7421	0.7421	False	0.77	2.11
12	53594079	G	A	ITGB7	Missense_Mutation	30	21	51	0.4117647058823529	2	1	1	1.0695	1	1.0695	1.0	True	0.77	2.11
12	54971213	G	A	PPP1R1A	3'Flank	252	11	263	0.04182509505703422	2	1	1	0.1086	1	0.1086	0.1086	False	0.77	2.11
12	55688381	C	T	OR6C6	Silent	28	14	42	0.3333333333333333	2	1	1	0.8658	1	0.8658	0.8658	True	0.77	2.11
12	56822755	G	A	TIMELESS	Missense_Mutation	47	21	68	0.3088235294117647	2	1	1	0.8021	1	0.8021	0.8021	False	0.77	2.11
12	57348713	C	T	RDH16	Silent	25	16	41	0.3902439024390244	2	1	1	1.0136	1	1.0136	1.0	True	0.77	2.11
12	57493858	G	A	STAT6	Missense_Mutation	5	7	12	0.5833333333333334	2	1	1	1.5152	1	1.5152	1.0	True	0.77	2.11
12	57499067	G	A	STAT6	Nonsense_Mutation	44	28	72	0.3888888888888889	2	1	1	1.0101	1	1.0101	1.0	True	0.77	2.11
12	57499068	G	A	STAT6	Silent	43	27	70	0.38571428571428573	2	1	1	1.0019	1	1.0019	1.0	True	0.77	2.11
12	57550673	A	G	LRP1	Missense_Mutation	13	9	22	0.4090909090909091	2	1	1	1.0626	1	1.0626	1.0	True	0.77	2.11
12	64664335	T	C	C12orf56	Missense_Mutation	6	5	11	0.45454545454545453	2	1	1	1.1806	1	1.1806	1.0	True	0.77	2.11
12	65720645	C	T	MSRB3	Missense_Mutation	26	13	39	0.3333333333333333	2	1	1	0.8658	1	0.8658	0.8658	True	0.77	2.11
12	66605263	C	T	IRAK3	Silent	26	11	37	0.2972972972972973	2	1	1	0.7722	1	0.7722	0.7722	False	0.77	2.11
12	72057130	T	C	ZFC3H1	Silent	87	46	133	0.3458646616541353	2	1	1	0.8983	1	0.8983	0.8983	True	0.77	2.11
12	72266708	G	A	TBC1D15	Splice_Site	82	51	133	0.38345864661654133	2	1	1	0.996	1	0.996	0.996	True	0.77	2.11
12	73046126	C	T	TRHDE	Silent	44	20	64	0.3125	2	1	1	0.8117	1	0.8117	0.8117	False	0.77	2.11
12	80203599	G	A	PPP1R12A	Silent	21	10	31	0.3225806451612903	2	1	1	0.8379	1	0.8379	0.8379	False	0.77	2.11
12	80770955	G	A	OTOGL	Silent	33	18	51	0.35294117647058826	2	1	1	0.9167	1	0.9167	0.9167	True	0.77	2.11
12	85449863	C	T	LRRIQ1	Missense_Mutation	73	41	114	0.35964912280701755	2	1	1	0.9342	1	0.9342	0.9342	True	0.77	2.11
12	89998001	G	A	ATP2B1	Silent	26	13	39	0.3333333333333333	2	1	1	0.8658	1	0.8658	0.8658	True	0.77	2.11
12	91545483	T	C	DCN	Missense_Mutation	20	13	33	0.3939393939393939	2	1	1	1.0232	1	1.0232	1.0	True	0.77	2.11
12	94975610	C	T	TMCC3	Silent	59	42	101	0.4158415841584158	2	1	1	1.0801	1	1.0801	1.0	True	0.77	2.11
12	97311490	C	T	NEDD1	Missense_Mutation	122	57	179	0.31843575418994413	2	1	1	0.8271	1	0.8271	0.8271	False	0.77	2.11
12	101493412	G	A	ANO4	Missense_Mutation	32	21	53	0.39622641509433965	2	1	1	1.0292	1	1.0292	1.0	True	0.77	2.11
12	101551071	C	T	SLC5A8	Missense_Mutation	26	15	41	0.36585365853658536	2	1	1	0.9503	1	0.9503	0.9503	True	0.77	2.11
12	102023306	A	T	MYBPC1	Silent	30	15	45	0.3333333333333333	2	1	1	0.8658	1	0.8658	0.8658	True	0.77	2.11
12	102811465	C	T	IGF1	3'UTR	9	5	14	0.35714285714285715	2	1	1	0.9276	1	0.9276	0.9276	True	0.77	2.11
12	104015856	G	A	STAB2	Missense_Mutation	46	19	65	0.2923076923076923	2	1	1	0.7592	1	0.7592	0.7592	False	0.77	2.11
12	109294246	G	A	DAO	Missense_Mutation	53	32	85	0.3764705882352941	2	1	1	0.9778	1	0.9778	0.9778	True	0.77	2.11
12	110495058	G	A	C12orf76	Missense_Mutation	33	12	45	0.26666666666666666	2	1	1	0.6926	1	0.6926	0.6926	False	0.77	2.11
12	110783854	C	T	ATP2A2	Silent	67	32	99	0.32323232323232326	2	1	1	0.8396	1	0.8396	0.8396	False	0.77	2.11
12	111786114	G	A	CUX2	Silent	54	41	95	0.43157894736842106	2	1	1	1.121	1	1.121	1.0	True	0.77	2.11
12	112280598	C	T	MAPKAPK5	Intron	4	7	11	0.6363636363636364	2	1	1	1.6529	1	1.6529	1.0	True	0.77	2.11
12	113266161	G	A	RPH3A	Nonsense_Mutation	78	51	129	0.3953488372093023	2	1	1	1.0269	1	1.0269	1.0	True	0.77	2.11
12	113266162	G	A	RPH3A	Nonsense_Mutation	77	52	129	0.40310077519379844	2	1	1	1.047	1	1.047	1.0	True	0.77	2.11
12	114404107	G	A	RBM19	5'UTR	14	7	21	0.3333333333333333	2	1	1	0.8658	1	0.8658	0.8658	True	0.77	2.11
12	120173010	G	A	CIT	Silent	69	38	107	0.35514018691588783	2	1	1	0.9224	1	0.9224	0.9224	True	0.77	2.11
12	121437150	C	T	HNF1A	Silent	243	65	308	0.21103896103896103	3	2	1	0.7592	1	0.7592	0.7592	False	0.77	2.11
12	121660807	C	G	P2RX4	Missense_Mutation	230	60	290	0.20689655172413793	3	2	1	0.7443	1	0.7443	0.7443	False	0.77	2.11
12	121880145	G	A	KDM2B	Silent	18	3	21	0.14285714285714285	3	2	1	0.5139	1	0.5139	0.5139	False	0.77	2.11
12	123444367	G	A	ABCB9	Missense_Mutation	22	11	33	0.3333333333333333	3	2	1	1.1991	1	1.1991	1.0	True	0.77	2.11
12	123815827	G	A	SBNO1	Silent	51	39	90	0.43333333333333335	3	2	1	1.5589	2	0.7794	0.7794	False	0.77	2.11
12	124171515	C	T	TCTN2	Missense_Mutation	360	113	473	0.23890063424947147	3	2	1	0.8594	1	0.8594	0.8594	True	0.77	2.11
12	125834048	C	T	TMEM132B	Missense_Mutation	184	77	261	0.2950191570881226	3	2	1	1.0613	1	1.0613	1.0	True	0.77	2.11
12	130184679	G	A	TMEM132D	Missense_Mutation	27	42	69	0.6086956521739131	3	2	1	2.1897	2	1.0949	1.0	True	0.77	2.11
13	23912516	G	A	SACS	Silent	32	39	71	0.5492957746478874	1	1	0	0.8774	1	0.8774	0.8774	True	0.77	2.11
13	28771364	C	T	PAN3	Missense_Mutation	8	15	23	0.6521739130434783	1	1	0	1.0418	1	1.0418	1.0	True	0.77	2.11
13	29287443	G	A	SLC46A3	Missense_Mutation	16	14	30	0.4666666666666667	1	1	0	0.7455	1	0.7455	0.7455	False	0.77	2.11
13	32760500	G	A	FRY	Silent	23	28	51	0.5490196078431373	1	1	0	0.877	1	0.877	0.877	True	0.77	2.11
13	32760501	G	A	FRY	Missense_Mutation	23	28	51	0.5490196078431373	1	1	0	0.877	1	0.877	0.877	True	0.77	2.11
13	77655567	G	A	MYCBP2	Missense_Mutation	24	53	77	0.6883116883116883	1	1	0	1.0995	1	1.0995	1.0	True	0.77	2.11
13	97484834	C	T	HS6ST3	Silent	16	8	24	0.3333333333333333	1	1	0	0.5325	1	0.5325	0.5325	False	0.77	2.11
13	99907627	G	A	GPR18	Missense_Mutation	19	36	55	0.6545454545454545	1	1	0	1.0456	1	1.0456	1.0	True	0.77	2.11
13	114535796	G	A	GAS6	Intron	3	11	14	0.7857142857142857	1	1	0	1.2551	1	1.2551	1.0	True	0.77	2.11
13	114773066	G	A	RASA3	Missense_Mutation	10	23	33	0.696969696969697	1	1	0	1.1133	1	1.1133	1.0	True	0.77	2.11
14	19563583	G	A	POTEG	Intron	84	32	116	0.27586206896551724	2	1	1	0.7165	1	0.7165	0.7165	False	0.77	2.11
14	20249284	C	T	OR4M1	Missense_Mutation	63	27	90	0.3	2	1	1	0.7792	1	0.7792	0.7792	False	0.77	2.11
14	20344738	C	T	OR4K2	Silent	50	28	78	0.358974358974359	2	1	1	0.9324	1	0.9324	0.9324	True	0.77	2.11
14	20404152	G	A	OR4K1	Silent	65	29	94	0.30851063829787234	2	1	1	0.8013	1	0.8013	0.8013	False	0.77	2.11
14	20846647	G	A	TEP1	Silent	31	11	42	0.2619047619047619	2	1	1	0.6803	1	0.6803	0.6803	False	0.77	2.11
14	21424565	G	A	RNASE2	3'UTR	16	9	25	0.36	2	1	1	0.9351	1	0.9351	0.9351	True	0.77	2.11
14	21499185	G	A	TPPP2	Missense_Mutation	38	24	62	0.3870967741935484	2	1	1	1.0054	1	1.0054	1.0	True	0.77	2.11
14	21793412	G	A	RPGRIP1	Missense_Mutation	18	6	24	0.25	2	1	1	0.6494	1	0.6494	0.6494	False	0.77	2.11
14	21993392	G	A	SALL2	Missense_Mutation	28	26	54	0.48148148148148145	2	1	1	1.2506	1	1.2506	1.0	True	0.77	2.11
14	22363194	T	C	TRAV8-4	Missense_Mutation	31	29	60	0.48333333333333334	2	1	1	1.2554	1	1.2554	1.0	True	0.77	2.11
14	23001499	C	T	TRAJ11	Silent	11	6	17	0.35294117647058826	2	1	1	0.9167	1	0.9167	0.9167	True	0.77	2.11
14	23528352	C	T	ACIN1	3'UTR	37	20	57	0.3508771929824561	2	1	1	0.9114	1	0.9114	0.9114	True	0.77	2.11
14	23745327	G	A	HOMEZ	Silent	43	23	66	0.3484848484848485	2	1	1	0.9052	1	0.9052	0.9052	True	0.77	2.11
14	23863359	G	A	MYH6	Missense_Mutation	41	43	84	0.5119047619047619	2	1	1	1.3296	1	1.3296	1.0	True	0.77	2.11
14	23894188	C	T	MYH7	Silent	50	20	70	0.2857142857142857	2	1	1	0.7421	1	0.7421	0.7421	False	0.77	2.11
14	24546586	G	A	CPNE6	Missense_Mutation	47	28	75	0.37333333333333335	2	1	1	0.9697	1	0.9697	0.9697	True	0.77	2.11
14	24766036	C	T	DHRS1	Missense_Mutation	40	20	60	0.3333333333333333	2	1	1	0.8658	1	0.8658	0.8658	True	0.77	2.11
14	24884172	G	A	NYNRIN	Missense_Mutation	71	35	106	0.330188679245283	2	1	1	0.8576	1	0.8576	0.8576	True	0.77	2.11
14	28734291	G	A	BNIP3P1	RNA	19	15	34	0.4411764705882353	2	1	1	1.1459	1	1.1459	1.0	True	0.77	2.11
14	35222877	G	A	BAZ1A	Missense_Mutation	33	7	40	0.175	2	1	1	0.4545	1	0.4545	0.4545	False	0.77	2.11
14	44975203	G	A	FSCB	Missense_Mutation	59	29	88	0.32954545454545453	2	1	1	0.856	1	0.856	0.856	True	0.77	2.11
14	51378932	C	G	PYGL	Missense_Mutation	147	8	155	0.05161290322580645	2	1	1	0.1341	1	0.1341	0.1341	False	0.77	2.11
14	53347814	C	T	FERMT2	Silent	15	17	32	0.53125	2	1	1	1.3799	1	1.3799	1.0	True	0.77	2.11
14	63784459	G	A	GPHB5	RNA	42	14	56	0.25	2	1	1	0.6494	1	0.6494	0.6494	False	0.77	2.11
14	65260452	G	A	SPTB	Silent	44	18	62	0.2903225806451613	2	1	1	0.7541	1	0.7541	0.7541	False	0.77	2.11
14	69341639	G	A	ACTN1	Silent	25	11	36	0.3055555555555556	2	1	1	0.7937	1	0.7937	0.7937	False	0.77	2.11
14	70712868	G	A	ADAM21P1	RNA	22	17	39	0.4358974358974359	2	1	1	1.1322	1	1.1322	1.0	True	0.77	2.11
14	70925726	C	T	ADAM21	Nonsense_Mutation	92	9	101	0.0891089108910891	2	1	1	0.2315	1	0.2315	0.2315	False	0.77	2.11
14	73733306	G	A	PAPLN	Missense_Mutation	33	20	53	0.37735849056603776	2	1	1	0.9802	1	0.9802	0.9802	True	0.77	2.11
14	74193623	G	A	ELMSAN1	Missense_Mutation	30	16	46	0.34782608695652173	2	1	1	0.9034	1	0.9034	0.9034	True	0.77	2.11
14	75329969	C	T	PROX2	Missense_Mutation	29	11	40	0.275	2	1	1	0.7143	1	0.7143	0.7143	False	0.77	2.11
14	77948836	C	T	ISM2	Missense_Mutation	27	26	53	0.49056603773584906	2	1	1	1.2742	1	1.2742	1.0	True	0.77	2.11
14	91772235	C	T	CCDC88C	Silent	28	13	41	0.3170731707317073	2	1	1	0.8236	1	0.8236	0.8236	False	0.77	2.11
14	92047331	G	A	CATSPERB	Missense_Mutation	52	19	71	0.2676056338028169	2	1	1	0.6951	1	0.6951	0.6951	False	0.77	2.11
14	92336646	G	A	FBLN5	Silent	110	58	168	0.34523809523809523	2	1	1	0.8967	1	0.8967	0.8967	True	0.77	2.11
14	96129986	C	T	TCL6	RNA	32	19	51	0.37254901960784315	2	1	1	0.9677	1	0.9677	0.9677	True	0.77	2.11
14	102482416	A	T	DYNC1H1	Missense_Mutation	6	4	10	0.4	2	1	1	1.039	1	1.039	1.0	True	0.77	2.11
14	102482417	C	T	DYNC1H1	Silent	6	5	11	0.45454545454545453	2	1	1	1.1806	1	1.1806	1.0	True	0.77	2.11
14	105241449	G	A	AKT1	Silent	72	25	97	0.25773195876288657	2	1	1	0.6694	1	0.6694	0.6694	False	0.77	2.11
14	106110225	C	T	IGHG2	Missense_Mutation	63	42	105	0.4	2	1	1	1.039	1	1.039	1.0	True	0.77	2.11
14	106610537	C	T	IGHV3-15	Missense_Mutation	81	52	133	0.39097744360902253	2	1	1	1.0155	1	1.0155	1.0	True	0.77	2.11
14	106993982	C	T	IGHV3-48	Silent	153	89	242	0.3677685950413223	2	1	1	0.9552	1	0.9552	0.9552	True	0.77	2.11
14	107048691	G	A	IGHV3-53	Missense_Mutation	127	92	219	0.4200913242009132	2	1	1	1.0911	1	1.0911	1.0	True	0.77	2.11
15	22960808	C	T	CYFIP1	Silent	26	9	35	0.2571428571428571	2	1	1	0.6679	1	0.6679	0.6679	False	0.77	2.11
15	25223433	C	T	SNRPN	Missense_Mutation	110	59	169	0.34911242603550297	2	1	1	0.9068	1	0.9068	0.9068	True	0.77	2.11
15	25449569	G	A	SNORD115-19	RNA	160	71	231	0.30735930735930733	2	1	1	0.7983	1	0.7983	0.7983	False	0.77	2.11
15	29346605	C	T	APBA2	Missense_Mutation	24	9	33	0.2727272727272727	2	1	1	0.7084	1	0.7084	0.7084	False	0.77	2.11
15	31776364	G	A	OTUD7A	Silent	22	4	26	0.15384615384615385	2	1	1	0.3996	1	0.3996	0.3996	False	0.77	2.11
15	31776365	G	A	OTUD7A	Missense_Mutation	22	4	26	0.15384615384615385	2	1	1	0.3996	1	0.3996	0.3996	False	0.77	2.11
15	34396489	A	G	PGBD4	Silent	20	11	31	0.3548387096774194	2	1	1	0.9217	1	0.9217	0.9217	True	0.77	2.11
15	40675049	G	A	KNSTRN	Missense_Mutation	17	13	30	0.43333333333333335	2	1	1	1.1255	1	1.1255	1.0	True	0.77	2.11
15	40675107	C	T	KNSTRN	Missense_Mutation	30	24	54	0.4444444444444444	2	1	1	1.1544	1	1.1544	1.0	True	0.77	2.11
15	40758311	C	T	BAHD1	Silent	83	40	123	0.3252032520325203	2	1	1	0.8447	1	0.8447	0.8447	False	0.77	2.11
15	41136736	C	T	SPINT1	5'UTR	44	11	55	0.2	2	1	1	0.5195	1	0.5195	0.5195	False	0.77	2.11
15	41145988	C	T	SPINT1	Silent	82	54	136	0.39705882352941174	2	1	1	1.0313	1	1.0313	1.0	True	0.77	2.11
15	41680721	C	T	NDUFAF1	Splice_Site	38	12	50	0.24	2	1	1	0.6234	1	0.6234	0.6234	False	0.77	2.11
15	41815067	G	A	RPAP1	Missense_Mutation	20	14	34	0.4117647058823529	2	1	1	1.0695	1	1.0695	1.0	True	0.77	2.11
15	42178457	C	T	SPTBN5	Silent	22	7	29	0.2413793103448276	2	1	1	0.627	1	0.627	0.627	False	0.77	2.11
15	42434869	G	A	PLA2G4F	Missense_Mutation	36	21	57	0.3684210526315789	2	1	1	0.9569	1	0.9569	0.9569	True	0.77	2.11
15	43748789	G	A	TP53BP1	Missense_Mutation	59	41	100	0.41	2	1	1	1.0649	1	1.0649	1.0	True	0.77	2.11
15	45396185	G	A	DUOX2	Missense_Mutation	26	22	48	0.4583333333333333	2	1	1	1.1905	1	1.1905	1.0	True	0.77	2.11
15	49882096	C	T	FAM227B	Missense_Mutation	34	25	59	0.423728813559322	2	1	1	1.1006	1	1.1006	1.0	True	0.77	2.11
15	50905939	G	A	TRPM7	Missense_Mutation	7	7	14	0.5	2	1	1	1.2987	1	1.2987	1.0	True	0.77	2.11
15	51350476	C	T	TNFAIP8L3	Missense_Mutation	140	70	210	0.3333333333333333	2	1	1	0.8658	1	0.8658	0.8658	True	0.77	2.11
15	51829948	G	A	DMXL2	Silent	25	7	32	0.21875	2	1	1	0.5682	1	0.5682	0.5682	False	0.77	2.11
15	54914599	C	T	UNC13C	Missense_Mutation	40	19	59	0.3220338983050847	2	1	1	0.8365	1	0.8365	0.8365	False	0.77	2.11
15	59009855	G	A	ADAM10	Missense_Mutation	16	9	25	0.36	2	1	1	0.9351	1	0.9351	0.9351	True	0.77	2.11
15	62228933	T	A	VPS13C	Missense_Mutation	16	17	33	0.5151515151515151	2	1	1	1.3381	1	1.3381	1.0	True	0.77	2.11
15	65490345	C	T	CILP	Missense_Mutation	130	76	206	0.36893203883495146	2	1	1	0.9583	1	0.9583	0.9583	True	0.77	2.11
15	66206298	C	T	MEGF11	Missense_Mutation	27	10	37	0.2702702702702703	2	1	1	0.702	1	0.702	0.702	False	0.77	2.11
15	68500587	C	T	CLN6	Nonsense_Mutation	74	33	107	0.308411214953271	2	1	1	0.8011	1	0.8011	0.8011	False	0.77	2.11
15	74588137	C	T	CCDC33	Missense_Mutation	59	24	83	0.2891566265060241	2	1	1	0.7511	1	0.7511	0.7511	False	0.77	2.11
15	74622662	G	A	CCDC33	Missense_Mutation	11	6	17	0.35294117647058826	2	1	1	0.9167	1	0.9167	0.9167	True	0.77	2.11
15	74882180	C	T	ARID3B	Silent	53	18	71	0.2535211267605634	2	1	1	0.6585	1	0.6585	0.6585	False	0.77	2.11
15	75310285	C	T	SCAMP5	Missense_Mutation	68	45	113	0.39823008849557523	2	1	1	1.0344	1	1.0344	1.0	True	0.77	2.11
15	75816585	G	A	PTPN9	Missense_Mutation	53	19	72	0.2638888888888889	2	1	1	0.6854	1	0.6854	0.6854	False	0.77	2.11
15	75942805	G	A	SNX33	Silent	89	45	134	0.3358208955223881	2	1	1	0.8723	1	0.8723	0.8723	True	0.77	2.11
15	78452546	A	C	IDH3A	Missense_Mutation	16	16	32	0.5	2	1	1	1.2987	1	1.2987	1.0	True	0.77	2.11
15	85341252	C	T	ZNF592	Missense_Mutation	22	13	35	0.37142857142857144	2	1	1	0.9647	1	0.9647	0.9647	True	0.77	2.11
15	89414652	G	A	ACAN	Missense_Mutation	32	20	52	0.38461538461538464	2	1	1	0.999	1	0.999	0.999	True	0.77	2.11
15	91017136	C	T	IQGAP1	Silent	45	20	65	0.3076923076923077	2	1	1	0.7992	1	0.7992	0.7992	False	0.77	2.11
15	102359075	C	T	OR4F15	Missense_Mutation	75	48	123	0.3902439024390244	2	1	1	1.0136	1	1.0136	1.0	True	0.77	2.11
16	426578	C	T	TMEM8A	Silent	24	7	31	0.22580645161290322	2	1	1	0.5865	1	0.5865	0.5865	False	0.77	2.11
16	825618	C	T	MSLNL	Silent	20	7	27	0.25925925925925924	2	1	1	0.6734	1	0.6734	0.6734	False	0.77	2.11
16	929698	G	A	LMF1	Missense_Mutation	6	5	11	0.45454545454545453	2	1	1	1.1806	1	1.1806	1.0	True	0.77	2.11
16	1250535	C	T	CACNA1H	Silent	35	18	53	0.33962264150943394	2	1	1	0.8821	1	0.8821	0.8821	True	0.77	2.11
16	2114419	C	T	TSC2	Silent	46	24	70	0.34285714285714286	2	1	1	0.8905	1	0.8905	0.8905	True	0.77	2.11
16	2168111	G	A	PKD1	Silent	10	11	21	0.5238095238095238	2	1	1	1.3605	1	1.3605	1.0	True	0.77	2.11
16	2338046	C	T	ABCA3	Silent	17	10	27	0.37037037037037035	2	1	1	0.962	1	0.962	0.962	True	0.77	2.11
16	2546535	C	T	RP11-20I23.1	Missense_Mutation	46	14	60	0.23333333333333334	2	1	1	0.6061	1	0.6061	0.6061	False	0.77	2.11
16	2577843	C	T	AMDHD2	Missense_Mutation	15	9	24	0.375	2	1	1	0.974	1	0.974	0.974	True	0.77	2.11
16	2647217	C	T	PDPK1	Missense_Mutation	49	51	100	0.51	2	1	1	1.3247	1	1.3247	1.0	True	0.77	2.11
16	2647218	C	T	PDPK1	Missense_Mutation	53	51	104	0.49038461538461536	2	1	1	1.2737	1	1.2737	1.0	True	0.77	2.11
16	2836100	C	T	PRSS33	Silent	28	23	51	0.45098039215686275	2	1	1	1.1714	1	1.1714	1.0	True	0.77	2.11
16	3139523	C	T	ZSCAN10	Missense_Mutation	10	5	15	0.3333333333333333	2	1	1	0.8658	1	0.8658	0.8658	True	0.77	2.11
16	3165537	C	T	ZNF205	Missense_Mutation	13	14	27	0.5185185185185185	2	1	1	1.3468	1	1.3468	1.0	True	0.77	2.11
16	3273957	G	A	ZNF200	Missense_Mutation	204	134	338	0.39644970414201186	2	1	1	1.0297	1	1.0297	1.0	True	0.77	2.11
16	3433091	G	T	ZSCAN32	Missense_Mutation	70	19	89	0.21348314606741572	2	1	1	0.5545	1	0.5545	0.5545	False	0.77	2.11
16	3526210	C	T	NAA60	Intron	9	7	16	0.4375	2	1	1	1.1364	1	1.1364	1.0	True	0.77	2.11
16	3639432	C	T	SLX4	Missense_Mutation	64	41	105	0.3904761904761905	2	1	1	1.0142	1	1.0142	1.0	True	0.77	2.11
16	9856976	C	T	GRIN2A	3'UTR	26	13	39	0.3333333333333333	2	1	1	0.8658	1	0.8658	0.8658	True	0.77	2.11
16	11931667	G	A	RSL1D1	Missense_Mutation	134	85	219	0.3881278538812785	2	1	1	1.0081	1	1.0081	1.0	True	0.77	2.11
16	12618580	C	G	SNX29	Missense_Mutation	24	15	39	0.38461538461538464	2	1	1	0.999	1	0.999	0.999	True	0.77	2.11
16	14989888	C	T	NOMO1	3'UTR	128	39	167	0.23353293413173654	2	1	1	0.6066	1	0.6066	0.6066	False	0.77	2.11
16	15092243	C	T	PDXDC1	Missense_Mutation	101	15	116	0.12931034482758622	2	1	1	0.3359	1	0.3359	0.3359	False	0.77	2.11
16	16162084	C	T	ABCC1	Silent	60	47	107	0.4392523364485981	2	1	1	1.1409	1	1.1409	1.0	True	0.77	2.11
16	19195177	C	T	SYT17	Missense_Mutation	128	67	195	0.3435897435897436	2	1	1	0.8924	1	0.8924	0.8924	True	0.77	2.11
16	19468338	G	A	TMC5	Intron	17	19	36	0.5277777777777778	2	1	1	1.3709	1	1.3709	1.0	True	0.77	2.11
16	20448501	G	A	ACSM5	Missense_Mutation	101	53	154	0.34415584415584416	2	1	1	0.8939	1	0.8939	0.8939	True	0.77	2.11
16	20696634	G	A	ACSM1	Missense_Mutation	68	49	117	0.4188034188034188	2	1	1	1.0878	1	1.0878	1.0	True	0.77	2.11
16	21221024	C	T	ZP2	Silent	58	36	94	0.3829787234042553	2	1	1	0.9947	1	0.9947	0.9947	True	0.77	2.11
16	22563792	C	T	RP11-368J21.3	RNA	90	21	111	0.1891891891891892	2	1	1	0.4914	1	0.4914	0.4914	False	0.77	2.11
16	23535604	G	A	EARS2	3'UTR	24	17	41	0.4146341463414634	2	1	1	1.077	1	1.077	1.0	True	0.77	2.11
16	23598636	G	A	NDUFAB1	Missense_Mutation	25	9	34	0.2647058823529412	2	1	1	0.6875	1	0.6875	0.6875	False	0.77	2.11
16	24196784	C	T	PRKCB	Missense_Mutation	46	20	66	0.30303030303030304	2	1	1	0.7871	1	0.7871	0.7871	False	0.77	2.11
16	28603629	G	A	SULT1A2	Missense_Mutation	118	52	170	0.3058823529411765	2	1	1	0.7945	1	0.7945	0.7945	False	0.77	2.11
16	28603630	G	C	SULT1A2	Silent	116	50	166	0.30120481927710846	2	1	1	0.7824	1	0.7824	0.7824	False	0.77	2.11
16	29853079	C	T	MVP	Missense_Mutation	10	10	20	0.5	2	1	1	1.2987	1	1.2987	1.0	True	0.77	2.11
16	30536347	G	A	ZNF768	Missense_Mutation	18	7	25	0.28	2	1	1	0.7273	1	0.7273	0.7273	False	0.77	2.11
16	31282368	C	A	ITGAM	Nonsense_Mutation	84	58	142	0.4084507042253521	2	1	1	1.0609	1	1.0609	1.0	True	0.77	2.11
16	31340550	C	T	ITGAM	Missense_Mutation	15	6	21	0.2857142857142857	2	1	1	0.7421	1	0.7421	0.7421	False	0.77	2.11
16	31341482	G	A	ITGAM	Silent	13	7	20	0.35	2	1	1	0.9091	1	0.9091	0.9091	True	0.77	2.11
16	31341483	G	A	ITGAM	Missense_Mutation	13	6	19	0.3157894736842105	2	1	1	0.8202	1	0.8202	0.8202	False	0.77	2.11
16	31926233	T	G	ZNF267	Silent	13	9	22	0.4090909090909091	2	1	1	1.0626	1	1.0626	1.0	True	0.77	2.11
16	51171159	C	T	SALL1	Missense_Mutation	45	22	67	0.3283582089552239	2	1	1	0.8529	1	0.8529	0.8529	True	0.77	2.11
16	51171225	C	T	SALL1	Missense_Mutation	37	19	56	0.3392857142857143	2	1	1	0.8813	1	0.8813	0.8813	True	0.77	2.11
16	51174325	C	T	SALL1	Missense_Mutation	24	19	43	0.4418604651162791	2	1	1	1.1477	1	1.1477	1.0	True	0.77	2.11
16	51175240	C	T	SALL1	Missense_Mutation	76	39	115	0.3391304347826087	2	1	1	0.8809	1	0.8809	0.8809	True	0.77	2.11
16	56623754	A	G	MT3	Intron	18	9	27	0.3333333333333333	2	1	1	0.8658	1	0.8658	0.8658	True	0.77	2.11
16	68598392	C	T	ZFP90	Missense_Mutation	106	47	153	0.30718954248366015	2	1	1	0.7979	1	0.7979	0.7979	False	0.77	2.11
16	69184786	C	T	CIRH1A	Silent	48	22	70	0.3142857142857143	2	1	1	0.8163	1	0.8163	0.8163	False	0.77	2.11
16	69184787	C	T	CIRH1A	Nonsense_Mutation	47	22	69	0.3188405797101449	2	1	1	0.8282	1	0.8282	0.8282	False	0.77	2.11
16	69373483	C	T	NIP7	5'UTR	17	6	23	0.2608695652173913	2	1	1	0.6776	1	0.6776	0.6776	False	0.77	2.11
16	70597922	C	G	SF3B3	Missense_Mutation	39	21	60	0.35	2	1	1	0.9091	1	0.9091	0.9091	True	0.77	2.11
16	70926270	G	A	HYDIN	Silent	34	12	46	0.2608695652173913	2	1	1	0.6776	1	0.6776	0.6776	False	0.77	2.11
16	71411569	G	A	CALB2	Splice_Site	52	28	80	0.35	2	1	1	0.9091	1	0.9091	0.9091	True	0.77	2.11
16	71668226	G	A	MARVELD3	Intron	82	37	119	0.31092436974789917	2	1	1	0.8076	1	0.8076	0.8076	False	0.77	2.11
16	71668650	G	A	MARVELD3	Intron	48	32	80	0.4	2	1	1	1.039	1	1.039	1.0	True	0.77	2.11
16	71682660	C	A	PHLPP2	3'UTR	5	4	9	0.4444444444444444	2	1	1	1.1544	1	1.1544	1.0	True	0.77	2.11
16	71898924	G	C	ZNF821	Missense_Mutation	98	61	159	0.3836477987421384	2	1	1	0.9965	1	0.9965	0.9965	True	0.77	2.11
16	72992931	G	A	ZFHX3	Nonsense_Mutation	80	34	114	0.2982456140350877	2	1	1	0.7747	1	0.7747	0.7747	False	0.77	2.11
16	74496043	G	A	GLG1	Silent	61	28	89	0.3146067415730337	2	1	1	0.8172	1	0.8172	0.8172	False	0.77	2.11
16	75563417	C	T	CHST5	Missense_Mutation	61	26	87	0.2988505747126437	2	1	1	0.7762	1	0.7762	0.7762	False	0.77	2.11
16	76592486	G	A	CNTNAP4	Missense_Mutation	27	11	38	0.2894736842105263	2	1	1	0.7519	1	0.7519	0.7519	False	0.77	2.11
16	77317805	G	A	ADAMTS18	3'UTR	17	11	28	0.39285714285714285	2	1	1	1.0204	1	1.0204	1.0	True	0.77	2.11
16	77353924	G	A	ADAMTS18	Missense_Mutation	36	18	54	0.3333333333333333	2	1	1	0.8658	1	0.8658	0.8658	True	0.77	2.11
16	81155284	G	A	PKD1L2	RNA	18	6	24	0.25	2	1	1	0.6494	1	0.6494	0.6494	False	0.77	2.11
16	81187717	C	T	PKD1L2	RNA	11	5	16	0.3125	2	1	1	0.8117	1	0.8117	0.8117	False	0.77	2.11
16	82131868	G	A	HSD17B2	Missense_Mutation	38	25	63	0.3968253968253968	2	1	1	1.0307	1	1.0307	1.0	True	0.77	2.11
16	84353060	G	A	WFDC1	Missense_Mutation	26	17	43	0.3953488372093023	2	1	1	1.0269	1	1.0269	1.0	True	0.77	2.11
16	87445949	G	A	ZCCHC14	Missense_Mutation	114	59	173	0.34104046242774566	2	1	1	0.8858	1	0.8858	0.8858	True	0.77	2.11
17	263312	C	T	C17orf97	Silent	19	20	39	0.5128205128205128	2	1	1	1.332	1	1.332	1.0	True	0.77	2.11
17	3646903	C	T	ITGAE	Silent	104	61	165	0.3696969696969697	2	1	1	0.9603	1	0.9603	0.9603	True	0.77	2.11
17	3839721	G	A	ATP2A3	Silent	57	17	74	0.22972972972972974	2	1	1	0.5967	1	0.5967	0.5967	False	0.77	2.11
17	4686323	G	A	TM4SF5	Silent	71	22	93	0.23655913978494625	2	1	1	0.6144	1	0.6144	0.6144	False	0.77	2.11
17	5064879	G	A	USP6	Missense_Mutation	51	33	84	0.39285714285714285	2	1	1	1.0204	1	1.0204	1.0	True	0.77	2.11
17	6350797	C	T	FAM64A	Silent	112	56	168	0.3333333333333333	2	1	1	0.8658	1	0.8658	0.8658	True	0.77	2.11
17	6531876	G	A	KIAA0753	Silent	58	26	84	0.30952380952380953	2	1	1	0.804	1	0.804	0.804	False	0.77	2.11
17	6920597	G	A	C17orf49	Missense_Mutation	91	54	145	0.3724137931034483	2	1	1	0.9673	1	0.9673	0.9673	True	0.77	2.11
17	7286798	C	T	TNK1	Missense_Mutation	23	15	38	0.39473684210526316	2	1	1	1.0253	1	1.0253	1.0	True	0.77	2.11
17	7290739	G	A	TNK1	Silent	8	9	17	0.5294117647058824	2	1	1	1.3751	1	1.3751	1.0	True	0.77	2.11
17	7466977	C	T	SENP3	Missense_Mutation	16	13	29	0.4482758620689655	2	1	1	1.1644	1	1.1644	1.0	True	0.77	2.11
17	7674702	T	A	DNAH2	Missense_Mutation	63	33	96	0.34375	2	1	1	0.8929	1	0.8929	0.8929	True	0.77	2.11
17	7989535	C	T	ALOX12B	Missense_Mutation	12	8	20	0.4	2	1	1	1.039	1	1.039	1.0	True	0.77	2.11
17	8158942	C	T	PFAS	Silent	23	19	42	0.4523809523809524	2	1	1	1.175	1	1.175	1.0	True	0.77	2.11
17	8215337	C	T	ARHGEF15	5'UTR	56	18	74	0.24324324324324326	2	1	1	0.6318	1	0.6318	0.6318	False	0.77	2.11
17	9765377	C	T	GLP2R	Silent	113	66	179	0.3687150837988827	2	1	1	0.9577	1	0.9577	0.9577	True	0.77	2.11
17	10362677	T	C	MYH4	Missense_Mutation	85	47	132	0.3560606060606061	2	1	1	0.9248	1	0.9248	0.9248	True	0.77	2.11
17	10429088	G	A	MYH2	Silent	49	55	104	0.5288461538461539	2	1	1	1.3736	1	1.3736	1.0	True	0.77	2.11
17	12647605	G	A	MYOCD	Missense_Mutation	47	26	73	0.3561643835616438	2	1	1	0.9251	1	0.9251	0.9251	True	0.77	2.11
17	12887980	G	A	ARHGAP44	Missense_Mutation	17	8	25	0.32	2	1	1	0.8312	1	0.8312	0.8312	False	0.77	2.11
17	12898332	G	A	ELAC2	Missense_Mutation	166	98	264	0.3712121212121212	2	1	1	0.9642	1	0.9642	0.9642	True	0.77	2.11
17	15619830	C	T	ZNF286A	Silent	37	18	55	0.32727272727272727	2	1	1	0.8501	1	0.8501	0.8501	True	0.77	2.11
17	15973652	C	T	NCOR1	Missense_Mutation	66	40	106	0.37735849056603776	2	1	1	0.9802	1	0.9802	0.9802	True	0.77	2.11
17	17062245	G	A	MPRIP	Missense_Mutation	18	9	27	0.3333333333333333	2	1	1	0.8658	1	0.8658	0.8658	True	0.77	2.11
17	18023051	G	A	MYO15A	Missense_Mutation	50	23	73	0.3150684931506849	2	1	1	0.8184	1	0.8184	0.8184	False	0.77	2.11
17	18659368	A	G	FBXW10	Missense_Mutation	22	20	42	0.47619047619047616	2	1	1	1.2369	1	1.2369	1.0	True	0.77	2.11
17	19015770	T	C	SNORD3D	RNA	35	4	39	0.10256410256410256	2	1	1	0.2664	1	0.2664	0.2664	False	0.77	2.11
17	19835231	G	A	AKAP10	Missense_Mutation	37	15	52	0.28846153846153844	2	1	1	0.7493	1	0.7493	0.7493	False	0.77	2.11
17	26817425	G	A	SLC13A2	Missense_Mutation	65	34	99	0.3434343434343434	2	1	1	0.892	1	0.892	0.892	True	0.77	2.11
17	27023944	C	T	SUPT6H	Silent	58	22	80	0.275	2	1	1	0.7143	1	0.7143	0.7143	False	0.77	2.11
17	27023945	C	T	SUPT6H	Nonsense_Mutation	60	22	82	0.2682926829268293	2	1	1	0.6969	1	0.6969	0.6969	False	0.77	2.11
17	27028629	G	A	SUPT6H	Missense_Mutation	43	24	67	0.3582089552238806	2	1	1	0.9304	1	0.9304	0.9304	True	0.77	2.11
17	27380587	C	T	PIPOX	Missense_Mutation	40	18	58	0.3103448275862069	2	1	1	0.8061	1	0.8061	0.8061	False	0.77	2.11
17	27493258	G	A	MYO18A	Missense_Mutation	42	25	67	0.373134328358209	2	1	1	0.9692	1	0.9692	0.9692	True	0.77	2.11
17	27899166	G	A	TP53I13	Missense_Mutation	27	15	42	0.35714285714285715	2	1	1	0.9276	1	0.9276	0.9276	True	0.77	2.11
17	29509639	C	T	NF1	Nonsense_Mutation	19	10	29	0.3448275862068966	2	1	1	0.8957	1	0.8957	0.8957	True	0.77	2.11
17	29553538	G	A	NF1	Nonsense_Mutation	55	20	75	0.26666666666666666	2	1	1	0.6926	1	0.6926	0.6926	False	0.77	2.11
17	30348369	C	G	LRRC37B	Silent	86	39	125	0.312	2	1	1	0.8104	1	0.8104	0.8104	False	0.77	2.11
17	30348370	C	T	LRRC37B	Missense_Mutation	87	40	127	0.31496062992125984	2	1	1	0.8181	1	0.8181	0.8181	False	0.77	2.11
17	30533950	G	A	RHOT1	Missense_Mutation	28	17	45	0.37777777777777777	2	1	1	0.9812	1	0.9812	0.9812	True	0.77	2.11
17	31438945	C	T	ASIC2	Nonsense_Mutation	93	27	120	0.225	2	1	1	0.5844	1	0.5844	0.5844	False	0.77	2.11
17	32583826	A	G	CCL2	Missense_Mutation	31	8	39	0.20512820512820512	2	1	1	0.5328	1	0.5328	0.5328	False	0.77	2.11
17	32598743	C	T	CCL7	Silent	72	25	97	0.25773195876288657	2	1	1	0.6694	1	0.6694	0.6694	False	0.77	2.11
17	35898496	T	A	SYNRG	Missense_Mutation	196	52	248	0.20967741935483872	3	2	1	0.7543	1	0.7543	0.7543	False	0.77	2.11
17	35898497	A	G	SYNRG	Missense_Mutation	196	52	248	0.20967741935483872	3	2	1	0.7543	1	0.7543	0.7543	False	0.77	2.11
17	35898498	A	G	SYNRG	Silent	194	51	245	0.20816326530612245	3	2	1	0.7488	1	0.7488	0.7488	False	0.77	2.11
17	37371268	C	T	STAC2	Silent	160	57	217	0.2626728110599078	3	2	1	0.9449	1	0.9449	0.9449	True	0.77	2.11
17	38296815	G	C	CASC3	Missense_Mutation	75	14	89	0.15730337078651685	3	2	1	0.5659	1	0.5659	0.5659	False	0.77	2.11
17	38574030	G	A	TOP2A	Missense_Mutation	42	8	50	0.16	3	2	1	0.5756	1	0.5756	0.5756	False	0.77	2.11
17	38975816	C	A	KRT10	Silent	59	77	136	0.5661764705882353	3	2	1	2.0368	2	1.0184	1.0	True	0.77	2.11
17	39165004	C	T	KRTAP3-1	3'UTR	7	9	16	0.5625	3	2	1	2.0235	2	1.0118	1.0	True	0.77	2.11
17	39382963	C	T	KRTAP9-2	Silent	146	36	182	0.1978021978021978	3	2	1	0.7116	1	0.7116	0.7116	False	0.77	2.11
17	39406029	C	T	KRTAP9-4	Silent	139	21	160	0.13125	3	2	1	0.4722	1	0.4722	0.4722	False	0.77	2.11
17	39593779	G	A	KRT38	Missense_Mutation	14	11	25	0.44	3	2	1	1.5829	2	0.7914	0.7914	False	0.77	2.11
17	39890869	C	T	HAP1	Silent	10	4	14	0.2857142857142857	3	2	1	1.0278	1	1.0278	1.0	True	0.77	2.11
17	40063700	G	A	ACLY	Missense_Mutation	111	28	139	0.2014388489208633	3	2	1	0.7247	1	0.7247	0.7247	False	0.77	2.11
17	40556804	G	A	PTRF	Silent	16	8	24	0.3333333333333333	3	2	1	1.1991	1	1.1991	1.0	True	0.77	2.11
17	40811916	G	A	TUBG2	Silent	52	38	90	0.4222222222222222	3	2	1	1.5189	2	0.7595	0.7595	False	0.77	2.11
17	41939261	G	A	CD300LG	Silent	21	17	38	0.4473684210526316	3	2	1	1.6094	2	0.8047	0.8047	False	0.77	2.11
17	42478254	G	A	GPATCH8	Silent	90	42	132	0.3181818181818182	3	2	1	1.1446	1	1.1446	1.0	True	0.77	2.11
17	42929142	G	A	EFTUD2	Missense_Mutation	22	7	29	0.2413793103448276	3	2	1	0.8683	1	0.8683	0.8683	True	0.77	2.11
17	43332872	G	A	SPATA32	Missense_Mutation	19	22	41	0.5365853658536586	3	2	1	1.9303	2	0.9652	0.9652	True	0.77	2.11
17	46608044	G	A	HOXB1	Missense_Mutation	72	27	99	0.2727272727272727	3	2	1	0.9811	1	0.9811	0.9811	True	0.77	2.11
17	47236441	G	A	B4GALNT2	Missense_Mutation	148	63	211	0.2985781990521327	3	2	1	1.0741	1	1.0741	1.0	True	0.77	2.11
17	47783627	G	A	SLC35B1	Missense_Mutation	49	22	71	0.30985915492957744	3	2	1	1.1147	1	1.1147	1.0	True	0.77	2.11
17	48628457	G	A	SPATA20	Silent	27	15	42	0.35714285714285715	3	2	1	1.2848	1	1.2848	1.0	True	0.77	2.11
17	53851150	C	T	PCTP	Silent	39	11	50	0.22	3	2	1	0.7914	1	0.7914	0.7914	False	0.77	2.11
17	53851151	C	T	PCTP	Missense_Mutation	39	11	50	0.22	3	2	1	0.7914	1	0.7914	0.7914	False	0.77	2.11
17	56247763	G	A	OR4D2	Missense_Mutation	144	45	189	0.23809523809523808	3	2	1	0.8565	1	0.8565	0.8565	True	0.77	2.11
17	56247888	A	G	OR4D2	Missense_Mutation	148	39	187	0.20855614973262032	3	2	1	0.7503	1	0.7503	0.7503	False	0.77	2.11
17	56432331	G	A	RNF43	Silent	53	23	76	0.3026315789473684	3	2	1	1.0887	1	1.0887	1.0	True	0.77	2.11
17	56665017	C	T	TEX14	Missense_Mutation	68	20	88	0.22727272727272727	3	2	1	0.8176	1	0.8176	0.8176	False	0.77	2.11
17	57288417	C	T	SMG8	Silent	67	28	95	0.29473684210526313	3	2	1	1.0603	1	1.0603	1.0	True	0.77	2.11
17	60742216	C	T	MRC2	Silent	55	23	78	0.2948717948717949	3	2	1	1.0608	1	1.0608	1.0	True	0.77	2.11
17	61902690	C	T	FTSJ3	Nonsense_Mutation	80	25	105	0.23809523809523808	3	2	1	0.8565	1	0.8565	0.8565	True	0.77	2.11
17	62855684	A	C	LRRC37A3	Missense_Mutation	311	111	422	0.26303317535545023	3	2	1	0.9462	1	0.9462	0.9462	True	0.77	2.11
17	64880763	C	T	CACNG5	Silent	71	29	100	0.29	3	2	1	1.0432	1	1.0432	1.0	True	0.77	2.11
17	72363866	G	A	GPR142	Silent	22	25	47	0.5319148936170213	3	2	1	1.9135	2	0.9568	0.9568	True	0.77	2.11
17	72363867	G	A	GPR142	Missense_Mutation	22	25	47	0.5319148936170213	3	2	1	1.9135	2	0.9568	0.9568	True	0.77	2.11
17	72368006	G	A	GPR142	Missense_Mutation	43	10	53	0.18867924528301888	3	2	1	0.6788	1	0.6788	0.6788	False	0.77	2.11
17	72584678	C	T	CD300LD	Silent	117	31	148	0.20945945945945946	3	2	1	0.7535	1	0.7535	0.7535	False	0.77	2.11
17	72608777	C	T	CD300E	3'UTR	63	71	134	0.5298507462686567	3	2	1	1.9061	2	0.953	0.953	True	0.77	2.11
17	72920757	G	A	OTOP2	Silent	13	13	26	0.5	3	2	1	1.7987	2	0.8994	0.8994	True	0.77	2.11
17	73096434	C	T	SLC16A5	Missense_Mutation	33	13	46	0.2826086956521739	3	2	1	1.0167	1	1.0167	1.0	True	0.77	2.11
17	73780868	C	T	UNK	5'UTR	25	8	33	0.24242424242424243	3	2	1	0.8721	1	0.8721	0.8721	True	0.77	2.11
17	73998155	C	T	CDK3	Missense_Mutation	29	36	65	0.5538461538461539	3	2	1	1.9924	2	0.9962	0.9962	True	0.77	2.11
17	74004335	G	A	EVPL	Nonsense_Mutation	29	27	56	0.48214285714285715	3	2	1	1.7345	2	0.8672	0.8672	True	0.77	2.11
17	74011352	G	A	EVPL	Missense_Mutation	9	3	12	0.25	3	2	1	0.8994	1	0.8994	0.8994	True	0.77	2.11
17	74023360	C	T	EVPL	5'UTR	19	5	24	0.20833333333333334	3	2	1	0.7495	1	0.7495	0.7495	False	0.77	2.11
17	74023361	C	T	EVPL	5'UTR	20	5	25	0.2	3	2	1	0.7195	1	0.7195	0.7195	False	0.77	2.11
17	74155521	G	A	RNF157	Missense_Mutation	44	67	111	0.6036036036036037	3	2	1	2.1714	2	1.0857	1.0	True	0.77	2.11
17	74477580	C	T	RHBDF2	Silent	24	15	39	0.38461538461538464	3	2	1	1.3836	1	1.3836	1.0	True	0.77	2.11
17	76202102	C	T	AFMID	Silent	39	12	51	0.23529411764705882	3	2	1	0.8464	1	0.8464	0.8464	False	0.77	2.11
17	76455098	G	T	DNAH17	Silent	74	24	98	0.24489795918367346	3	2	1	0.881	1	0.881	0.881	True	0.77	2.11
17	76970772	T	C	LGALS3BP	Missense_Mutation	17	13	30	0.43333333333333335	3	2	1	1.5589	2	0.7794	0.7794	False	0.77	2.11
17	76993529	A	G	CANT1	Missense_Mutation	16	18	34	0.5294117647058824	3	2	1	1.9045	2	0.9523	0.9523	True	0.77	2.11
17	78175584	G	A	CARD14	Silent	78	21	99	0.21212121212121213	3	2	1	0.7631	1	0.7631	0.7631	False	0.77	2.11
17	79108181	C	T	AATK	Missense_Mutation	36	10	46	0.21739130434782608	3	2	1	0.782	1	0.782	0.782	False	0.77	2.11
17	79108182	C	T	AATK	Missense_Mutation	36	11	47	0.23404255319148937	3	2	1	0.8419	1	0.8419	0.8419	False	0.77	2.11
17	79207757	G	A	ENTHD2	Intron	15	5	20	0.25	3	2	1	0.8994	1	0.8994	0.8994	True	0.77	2.11
17	79633556	G	A	OXLD1	Missense_Mutation	10	3	13	0.23076923076923078	3	2	1	0.8302	1	0.8302	0.8302	False	0.77	2.11
17	79801736	G	A	P4HB	3'UTR	13	9	22	0.4090909090909091	3	2	1	1.4717	1	1.4717	1.0	True	0.77	2.11
17	79974915	C	T	ASPSCR1	Missense_Mutation	16	14	30	0.4666666666666667	3	2	1	1.6788	2	0.8394	0.8394	False	0.77	2.11
17	80209309	G	A	CSNK1D	Silent	30	17	47	0.3617021276595745	3	2	1	1.3012	1	1.3012	1.0	True	0.77	2.11
18	2750448	C	T	SMCHD1	Missense_Mutation	20	6	26	0.23076923076923078	2	1	1	0.5994	1	0.5994	0.5994	False	0.77	2.11
18	2891755	G	A	EMILIN2	Missense_Mutation	57	30	87	0.3448275862068966	2	1	1	0.8957	1	0.8957	0.8957	True	0.77	2.11
18	10468492	C	T	APCDD1	Missense_Mutation	130	72	202	0.3564356435643564	2	1	1	0.9258	1	0.9258	0.9258	True	0.77	2.11
18	18534804	G	A	ROCK1	Missense_Mutation	47	18	65	0.27692307692307694	2	1	1	0.7193	1	0.7193	0.7193	False	0.77	2.11
18	24436411	C	T	AQP4	Missense_Mutation	67	42	109	0.3853211009174312	2	1	1	1.0008	1	1.0008	1.0	True	0.77	2.11
18	28956808	C	T	DSG4	5'Flank	8	4	12	0.3333333333333333	2	1	1	0.8658	1	0.8658	0.8658	True	0.77	2.11
18	28965108	G	A	DSG4	Missense_Mutation	28	15	43	0.3488372093023256	2	1	1	0.9061	1	0.9061	0.9061	True	0.77	2.11
18	29055630	G	A	DSG3	Missense_Mutation	47	27	74	0.36486486486486486	2	1	1	0.9477	1	0.9477	0.9477	True	0.77	2.11
18	31319168	A	G	ASXL3	Silent	15	6	21	0.2857142857142857	2	1	1	0.7421	1	0.7421	0.7421	False	0.77	2.11
18	43224041	C	T	SLC14A2	Missense_Mutation	138	14	152	0.09210526315789473	2	1	1	0.2392	1	0.2392	0.2392	False	0.77	2.11
18	44555345	G	A	TCEB3C	Missense_Mutation	374	26	400	0.065	2	1	1	0.1688	1	0.1688	0.1688	False	0.77	2.11
18	56202572	C	T	ALPK2	Missense_Mutation	53	21	74	0.28378378378378377	2	1	1	0.7371	1	0.7371	0.7371	False	0.77	2.11
18	57136739	C	T	CCBE1	Silent	108	59	167	0.3532934131736527	2	1	1	0.9176	1	0.9176	0.9176	True	0.77	2.11
18	61259698	C	T	SERPINB13	Silent	23	19	42	0.4523809523809524	2	1	1	1.175	1	1.175	1.0	True	0.77	2.11
18	61264581	G	A	SERPINB13	Missense_Mutation	49	41	90	0.45555555555555555	2	1	1	1.1833	1	1.1833	1.0	True	0.77	2.11
18	61324197	C	T	SERPINB3	Missense_Mutation	16	11	27	0.4074074074074074	2	1	1	1.0582	1	1.0582	1.0	True	0.77	2.11
18	71816127	C	T	TIMM21	Silent	145	78	223	0.34977578475336324	2	1	1	0.9085	1	0.9085	0.9085	True	0.77	2.11
18	76754424	G	A	SALL3	Silent	14	8	22	0.36363636363636365	2	1	1	0.9445	1	0.9445	0.9445	True	0.77	2.11
18	77477837	C	T	CTDP1	Silent	45	23	68	0.3382352941176471	2	1	1	0.8785	1	0.8785	0.8785	True	0.77	2.11
19	1008150	G	A	GRIN3B	Missense_Mutation	6	5	11	0.45454545454545453	2	1	1	1.1806	1	1.1806	1.0	True	0.77	2.11
19	1398967	G	A	GAMT	Missense_Mutation	48	23	71	0.323943661971831	2	1	1	0.8414	1	0.8414	0.8414	False	0.77	2.11
19	1784935	G	A	ATP8B3	Silent	14	12	26	0.46153846153846156	2	1	1	1.1988	1	1.1988	1.0	True	0.77	2.11
19	2076990	G	A	MOB3A	Silent	20	7	27	0.25925925925925924	2	1	1	0.6734	1	0.6734	0.6734	False	0.77	2.11
19	2416539	G	A	TMPRSS9	Silent	12	10	22	0.45454545454545453	2	1	1	1.1806	1	1.1806	1.0	True	0.77	2.11
19	3281301	C	T	CELF5	Silent	70	43	113	0.3805309734513274	2	1	1	0.9884	1	0.9884	0.9884	True	0.77	2.11
19	3600423	G	A	TBXA2R	Silent	22	8	30	0.26666666666666666	2	1	1	0.6926	1	0.6926	0.6926	False	0.77	2.11
19	4219743	G	A	ANKRD24	Silent	29	15	44	0.3409090909090909	2	1	1	0.8855	1	0.8855	0.8855	True	0.77	2.11
19	5215357	G	A	PTPRS	Missense_Mutation	64	32	96	0.3333333333333333	2	1	1	0.8658	1	0.8658	0.8658	True	0.77	2.11
19	5789331	G	A	DUS3L	Nonsense_Mutation	13	6	19	0.3157894736842105	2	1	1	0.8202	1	0.8202	0.8202	False	0.77	2.11
19	5789332	G	A	DUS3L	Silent	13	6	19	0.3157894736842105	2	1	1	0.8202	1	0.8202	0.8202	False	0.77	2.11
19	6165909	C	T	ACSBG2	Silent	44	29	73	0.3972602739726027	2	1	1	1.0318	1	1.0318	1.0	True	0.77	2.11
19	6418057	C	T	KHSRP	Missense_Mutation	28	10	38	0.2631578947368421	2	1	1	0.6835	1	0.6835	0.6835	False	0.77	2.11
19	6467832	C	T	DENND1C	Missense_Mutation	13	6	19	0.3157894736842105	2	1	1	0.8202	1	0.8202	0.8202	False	0.77	2.11
19	6684608	G	A	C3	Silent	47	34	81	0.41975308641975306	2	1	1	1.0903	1	1.0903	1.0	True	0.77	2.11
19	6702583	C	T	C3	Silent	54	39	93	0.41935483870967744	2	1	1	1.0892	1	1.0892	1.0	True	0.77	2.11
19	6763733	G	A	SH2D3A	Silent	41	29	70	0.4142857142857143	2	1	1	1.0761	1	1.0761	1.0	True	0.77	2.11
19	7964377	G	A	LRRC8E	Missense_Mutation	30	22	52	0.4230769230769231	2	1	1	1.0989	1	1.0989	1.0	True	0.77	2.11
19	8503369	C	T	MARCH2	Missense_Mutation	30	17	47	0.3617021276595745	2	1	1	0.9395	1	0.9395	0.9395	True	0.77	2.11
19	9003603	C	T	MUC16	Missense_Mutation	131	57	188	0.30319148936170215	2	1	1	0.7875	1	0.7875	0.7875	False	0.77	2.11
19	9058524	G	A	MUC16	Missense_Mutation	34	25	59	0.423728813559322	2	1	1	1.1006	1	1.1006	1.0	True	0.77	2.11
19	9060792	G	A	MUC16	Missense_Mutation	51	42	93	0.45161290322580644	2	1	1	1.173	1	1.173	1.0	True	0.77	2.11
19	9066038	C	T	MUC16	Silent	84	35	119	0.29411764705882354	2	1	1	0.7639	1	0.7639	0.7639	False	0.77	2.11
19	9083300	C	T	MUC16	Missense_Mutation	12	12	24	0.5	2	1	1	1.2987	1	1.2987	1.0	True	0.77	2.11
19	9083630	G	A	MUC16	Missense_Mutation	67	37	104	0.3557692307692308	2	1	1	0.9241	1	0.9241	0.9241	True	0.77	2.11
19	9091815	G	A	MUC16	5'UTR	13	5	18	0.2777777777777778	2	1	1	0.7215	1	0.7215	0.7215	False	0.77	2.11
19	9325295	G	A	OR7D4	Silent	52	29	81	0.35802469135802467	2	1	1	0.9299	1	0.9299	0.9299	True	0.77	2.11
19	9449175	C	T	ZNF559	5'UTR	19	11	30	0.36666666666666664	2	1	1	0.9524	1	0.9524	0.9524	True	0.77	2.11
19	9452399	T	A	ZNF559	Missense_Mutation	39	18	57	0.3157894736842105	2	1	1	0.8202	1	0.8202	0.8202	False	0.77	2.11
19	10426573	C	T	FDX1L	Missense_Mutation	20	14	34	0.4117647058823529	2	1	1	1.0695	1	1.0695	1.0	True	0.77	2.11
19	12576517	C	T	ZNF709	Silent	13	9	22	0.4090909090909091	2	1	1	1.0626	1	1.0626	1.0	True	0.77	2.11
19	14094355	G	A	RFX1	Silent	21	8	29	0.27586206896551724	2	1	1	0.7165	1	0.7165	0.7165	False	0.77	2.11
19	14094356	G	C	RFX1	Missense_Mutation	20	8	28	0.2857142857142857	2	1	1	0.7421	1	0.7421	0.7421	False	0.77	2.11
19	14160061	G	A	IL27RA	Missense_Mutation	29	17	46	0.3695652173913043	2	1	1	0.9599	1	0.9599	0.9599	True	0.77	2.11
19	15075149	C	T	SLC1A6	Silent	229	112	341	0.3284457478005865	2	1	1	0.8531	1	0.8531	0.8531	True	0.77	2.11
19	15349758	G	A	BRD4	Silent	6	4	10	0.4	2	1	1	1.039	1	1.039	1.0	True	0.77	2.11
19	15659975	G	A	CYP4F22	Missense_Mutation	43	27	70	0.38571428571428573	2	1	1	1.0019	1	1.0019	1.0	True	0.77	2.11
19	16038276	C	T	CYP4F11	Missense_Mutation	151	80	231	0.3463203463203463	2	1	1	0.8995	1	0.8995	0.8995	True	0.77	2.11
19	16038277	C	T	CYP4F11	Silent	153	80	233	0.34334763948497854	2	1	1	0.8918	1	0.8918	0.8918	True	0.77	2.11
19	16799020	C	T	TMEM38A	Silent	192	103	295	0.34915254237288135	2	1	1	0.9069	1	0.9069	0.9069	True	0.77	2.11
19	17017762	C	T	CPAMD8	Missense_Mutation	11	4	15	0.26666666666666666	2	1	1	0.6926	1	0.6926	0.6926	False	0.77	2.11
19	18119242	C	T	ARRDC2	Silent	9	4	13	0.3076923076923077	2	1	1	0.7992	1	0.7992	0.7992	False	0.77	2.11
19	19121000	G	A	SUGP2	Missense_Mutation	86	50	136	0.36764705882352944	2	1	1	0.9549	1	0.9549	0.9549	True	0.77	2.11
19	19638111	C	T	NDUFA13	Silent	31	22	53	0.41509433962264153	2	1	1	1.0782	1	1.0782	1.0	True	0.77	2.11
19	19653722	C	T	CILP2	Silent	98	49	147	0.3333333333333333	2	1	1	0.8658	1	0.8658	0.8658	True	0.77	2.11
19	19767485	G	C	ATP13A1	Missense_Mutation	17	6	23	0.2608695652173913	2	1	1	0.6776	1	0.6776	0.6776	False	0.77	2.11
19	22154198	C	T	ZNF208	Missense_Mutation	38	14	52	0.2692307692307692	2	1	1	0.6993	1	0.6993	0.6993	False	0.77	2.11
19	22941195	C	T	ZNF99	Missense_Mutation	35	23	58	0.39655172413793105	2	1	1	1.03	1	1.03	1.0	True	0.77	2.11
19	22941813	G	A	ZNF99	Missense_Mutation	26	14	40	0.35	2	1	1	0.9091	1	0.9091	0.9091	True	0.77	2.11
19	22941814	G	A	ZNF99	Silent	27	14	41	0.34146341463414637	2	1	1	0.8869	1	0.8869	0.8869	True	0.77	2.11
19	23329616	G	A	ZNF730	3'UTR	14	6	20	0.3	2	1	1	0.7792	1	0.7792	0.7792	False	0.77	2.11
19	29699056	G	A	UQCRFS1	Missense_Mutation	49	31	80	0.3875	2	1	1	1.0065	1	1.0065	1.0	True	0.77	2.11
19	30313187	T	C	CCNE1	Missense_Mutation	98	61	159	0.3836477987421384	2	1	1	0.9965	1	0.9965	0.9965	True	0.77	2.11
19	36003654	A	G	DMKN	Silent	28	15	43	0.3488372093023256	2	1	1	0.9061	1	0.9061	0.9061	True	0.77	2.11
19	36340480	G	A	NPHS1	Silent	63	42	105	0.4	2	1	1	1.039	1	1.039	1.0	True	0.77	2.11
19	36636934	C	T	CAPNS1	Silent	167	81	248	0.32661290322580644	2	1	1	0.8483	1	0.8483	0.8483	False	0.77	2.11
19	39051930	C	T	RYR1	Missense_Mutation	37	24	61	0.39344262295081966	2	1	1	1.0219	1	1.0219	1.0	True	0.77	2.11
19	39804764	C	T	LRFN1	Missense_Mutation	11	8	19	0.42105263157894735	2	1	1	1.0936	1	1.0936	1.0	True	0.77	2.11
19	40368399	C	T	FCGBP	Missense_Mutation	226	18	244	0.07377049180327869	2	1	1	0.1916	1	0.1916	0.1916	False	0.77	2.11
19	40368400	C	T	FCGBP	Silent	224	18	242	0.0743801652892562	2	1	1	0.1932	1	0.1932	0.1932	False	0.77	2.11
19	40398331	C	T	FCGBP	Silent	30	21	51	0.4117647058823529	2	1	1	1.0695	1	1.0695	1.0	True	0.77	2.11
19	41008109	G	A	SPTBN4	Nonsense_Mutation	58	44	102	0.43137254901960786	2	1	1	1.1204	1	1.1204	1.0	True	0.77	2.11
19	41594957	G	A	CYP2A13	Missense_Mutation	29	13	42	0.30952380952380953	2	1	1	0.804	1	0.804	0.804	False	0.77	2.11
19	41748854	C	T	AXL	Missense_Mutation	47	21	68	0.3088235294117647	2	1	1	0.8021	1	0.8021	0.8021	False	0.77	2.11
19	42355792	A	C	DMRTC2	3'UTR	12	10	22	0.45454545454545453	2	1	1	1.1806	1	1.1806	1.0	True	0.77	2.11
19	42600283	T	C	POU2F2	Missense_Mutation	14	10	24	0.4166666666666667	2	1	1	1.0823	1	1.0823	1.0	True	0.77	2.11
19	42880504	A	G	MEGF8	Silent	41	15	56	0.26785714285714285	2	1	1	0.6957	1	0.6957	0.6957	False	0.77	2.11
19	43099069	C	T	CEACAM8	5'UTR	15	11	26	0.4230769230769231	2	1	1	1.0989	1	1.0989	1.0	True	0.77	2.11
19	43979479	G	A	PHLDB3	3'UTR	6	8	14	0.5714285714285714	2	1	1	1.4842	1	1.4842	1.0	True	0.77	2.11
19	46117952	G	A	EML2	Missense_Mutation	72	37	109	0.3394495412844037	2	1	1	0.8817	1	0.8817	0.8817	True	0.77	2.11
19	46282618	C	T	DMPK	Splice_Site	73	30	103	0.2912621359223301	2	1	1	0.7565	1	0.7565	0.7565	False	0.77	2.11
19	46842962	G	A	HIF3A	3'UTR	7	5	12	0.4166666666666667	2	1	1	1.0823	1	1.0823	1.0	True	0.77	2.11
19	48956137	G	A	GRWD1	Missense_Mutation	38	16	54	0.2962962962962963	2	1	1	0.7696	1	0.7696	0.7696	False	0.77	2.11
19	49206783	C	T	FUT2	Silent	44	17	61	0.2786885245901639	2	1	1	0.7239	1	0.7239	0.7239	False	0.77	2.11
19	49261371	C	T	FGF21	Missense_Mutation	17	13	30	0.43333333333333335	2	1	1	1.1255	1	1.1255	1.0	True	0.77	2.11
19	49474231	G	A	GYS1	Silent	61	33	94	0.35106382978723405	2	1	1	0.9119	1	0.9119	0.9119	True	0.77	2.11
19	49812645	G	A	SLC6A16	Silent	20	15	35	0.42857142857142855	2	1	1	1.1132	1	1.1132	1.0	True	0.77	2.11
19	49969058	C	T	ALDH16A1	Silent	32	19	51	0.37254901960784315	2	1	1	0.9677	1	0.9677	0.9677	True	0.77	2.11
19	50165506	C	T	IRF3	Silent	29	25	54	0.46296296296296297	2	1	1	1.2025	1	1.2025	1.0	True	0.77	2.11
19	50795539	C	T	MYH14	Missense_Mutation	13	7	20	0.35	2	1	1	0.9091	1	0.9091	0.9091	True	0.77	2.11
19	51462397	G	A	KLK6	3'UTR	51	21	72	0.2916666666666667	2	1	1	0.7576	1	0.7576	0.7576	False	0.77	2.11
19	51875431	G	A	NKG7	Silent	78	46	124	0.3709677419354839	2	1	1	0.9636	1	0.9636	0.9636	True	0.77	2.11
19	52130501	C	T	SIGLEC5	Missense_Mutation	30	17	47	0.3617021276595745	2	1	1	0.9395	1	0.9395	0.9395	True	0.77	2.11
19	52249061	G	A	FPR1	3'UTR	6	5	11	0.45454545454545453	2	1	1	1.1806	1	1.1806	1.0	True	0.77	2.11
19	53952800	C	T	ZNF761	RNA	73	31	104	0.2980769230769231	2	1	1	0.7742	1	0.7742	0.7742	False	0.77	2.11
19	54803737	G	A	LILRA3	Silent	66	37	103	0.3592233009708738	2	1	1	0.933	1	0.933	0.933	True	0.77	2.11
19	55045108	C	A	KIR3DX1	Silent	25	18	43	0.4186046511627907	2	1	1	1.0873	1	1.0873	1.0	True	0.77	2.11
19	55087289	G	A	LILRA2	Missense_Mutation	10	7	17	0.4117647058823529	2	1	1	1.0695	1	1.0695	1.0	True	0.77	2.11
19	55832424	G	A	TMEM150B	5'UTR	4	6	10	0.6	2	1	1	1.5584	1	1.5584	1.0	True	0.77	2.11
19	55853226	C	T	SUV420H2	5'UTR	9	9	18	0.5	2	1	1	1.2987	1	1.2987	1.0	True	0.77	2.11
19	56321439	C	T	NLRP11	Missense_Mutation	19	13	32	0.40625	2	1	1	1.0552	1	1.0552	1.0	True	0.77	2.11
19	56379170	A	G	NLRP4	Missense_Mutation	41	31	72	0.4305555555555556	2	1	1	1.1183	1	1.1183	1.0	True	0.77	2.11
19	56520162	C	T	NLRP5	Missense_Mutation	10	11	21	0.5238095238095238	2	1	1	1.3605	1	1.3605	1.0	True	0.77	2.11
19	56704332	T	A	ZSCAN5B	Missense_Mutation	8	8	16	0.5	2	1	1	1.2987	1	1.2987	1.0	True	0.77	2.11
19	56733114	C	T	ZSCAN5A	Missense_Mutation	28	22	50	0.44	2	1	1	1.1429	1	1.1429	1.0	True	0.77	2.11
19	57286781	C	T	ZIM2	Missense_Mutation	53	27	80	0.3375	2	1	1	0.8766	1	0.8766	0.8766	True	0.77	2.11
19	57326176	G	A	PEG3	Missense_Mutation	38	17	55	0.3090909090909091	2	1	1	0.8028	1	0.8028	0.8028	False	0.77	2.11
19	57646259	C	T	ZIM3	3'UTR	38	29	67	0.43283582089552236	2	1	1	1.1242	1	1.1242	1.0	True	0.77	2.11
19	57646480	G	A	ZIM3	Missense_Mutation	81	59	140	0.42142857142857143	2	1	1	1.0946	1	1.0946	1.0	True	0.77	2.11
19	57931051	T	C	AC003002.6	Missense_Mutation	36	19	55	0.34545454545454546	2	1	1	0.8973	1	0.8973	0.8973	True	0.77	2.11
19	58058694	A	T	ZNF550	Missense_Mutation	57	33	90	0.36666666666666664	2	1	1	0.9524	1	0.9524	0.9524	True	0.77	2.11
19	58118305	C	T	ZNF530	Missense_Mutation	32	19	51	0.37254901960784315	2	1	1	0.9677	1	0.9677	0.9677	True	0.77	2.11
19	58420698	A	G	ZNF417	Silent	104	47	151	0.31125827814569534	2	1	1	0.8085	1	0.8085	0.8085	False	0.77	2.11
19	58470085	A	C	C19orf18	Missense_Mutation	5	12	17	0.7058823529411765	2	1	1	1.8335	1	1.8335	1.0	True	0.77	2.11
20	306916	G	A	SOX12	Silent	5	4	9	0.4444444444444444	2	1	1	1.1544	1	1.1544	1.0	True	0.77	2.11
20	741707	G	A	SLC52A3	Missense_Mutation	6	4	10	0.4	2	1	1	1.039	1	1.039	1.0	True	0.77	2.11
20	3655201	G	A	ADAM33	Missense_Mutation	58	35	93	0.3763440860215054	2	1	1	0.9775	1	0.9775	0.9775	True	0.77	2.11
20	3721513	C	T	HSPA12B	Missense_Mutation	31	10	41	0.24390243902439024	2	1	1	0.6335	1	0.6335	0.6335	False	0.77	2.11
20	5283061	C	T	PROKR2	Silent	37	22	59	0.3728813559322034	2	1	1	0.9685	1	0.9685	0.9685	True	0.77	2.11
20	6759539	C	T	BMP2	Missense_Mutation	48	24	72	0.3333333333333333	2	1	1	0.8658	1	0.8658	0.8658	True	0.77	2.11
20	17434573	G	A	PCSK2	Missense_Mutation	28	16	44	0.36363636363636365	2	1	1	0.9445	1	0.9445	0.9445	True	0.77	2.11
20	17434574	G	A	PCSK2	Missense_Mutation	26	16	42	0.38095238095238093	2	1	1	0.9895	1	0.9895	0.9895	True	0.77	2.11
20	17462516	G	A	PCSK2	Missense_Mutation	21	11	32	0.34375	2	1	1	0.8929	1	0.8929	0.8929	True	0.77	2.11
20	23584341	G	A	CST9	Silent	102	56	158	0.35443037974683544	2	1	1	0.9206	1	0.9206	0.9206	True	0.77	2.11
20	23669472	C	T	CST4	Silent	54	24	78	0.3076923076923077	2	1	1	0.7992	1	0.7992	0.7992	False	0.77	2.11
20	30432313	G	A	FOXS1	3'UTR	42	22	64	0.34375	2	1	1	0.8929	1	0.8929	0.8929	True	0.77	2.11
20	31678582	G	A	BPIFB4	Missense_Mutation	29	15	44	0.3409090909090909	2	1	1	0.8855	1	0.8855	0.8855	True	0.77	2.11
20	32345035	G	A	ZNF341	Missense_Mutation	120	67	187	0.3582887700534759	2	1	1	0.9306	1	0.9306	0.9306	True	0.77	2.11
20	33169475	C	T	PIGU	Missense_Mutation	19	6	25	0.24	2	1	1	0.6234	1	0.6234	0.6234	False	0.77	2.11
20	34022071	C	T	GDF5	Missense_Mutation	126	50	176	0.2840909090909091	2	1	1	0.7379	1	0.7379	0.7379	False	0.77	2.11
20	34087914	C	T	CEP250	Missense_Mutation	85	38	123	0.3089430894308943	2	1	1	0.8024	1	0.8024	0.8024	False	0.77	2.11
20	34241544	G	A	RBM12	Silent	108	56	164	0.34146341463414637	2	1	1	0.8869	1	0.8869	0.8869	True	0.77	2.11
20	43057089	G	A	HNF4A	Missense_Mutation	182	112	294	0.38095238095238093	2	1	1	0.9895	1	0.9895	0.9895	True	0.77	2.11
20	43058177	C	T	HNF4A	Missense_Mutation	278	137	415	0.3301204819277108	2	1	1	0.8575	1	0.8575	0.8575	True	0.77	2.11
20	44037156	C	T	DBNDD2	Missense_Mutation	48	35	83	0.42168674698795183	2	1	1	1.0953	1	1.0953	1.0	True	0.77	2.11
20	45003020	G	A	ELMO2	Silent	66	28	94	0.2978723404255319	2	1	1	0.7737	1	0.7737	0.7737	False	0.77	2.11
20	46280002	C	T	NCOA3	Missense_Mutation	35	14	49	0.2857142857142857	2	1	1	0.7421	1	0.7421	0.7421	False	0.77	2.11
20	48140776	C	T	PTGIS	Missense_Mutation	38	25	63	0.3968253968253968	2	1	1	1.0307	1	1.0307	1.0	True	0.77	2.11
20	48160839	C	T	PTGIS	Intron	41	21	62	0.3387096774193548	2	1	1	0.8798	1	0.8798	0.8798	True	0.77	2.11
20	49575365	C	T	MOCS3	5'UTR	25	10	35	0.2857142857142857	2	1	1	0.7421	1	0.7421	0.7421	False	0.77	2.11
20	51871822	G	A	TSHZ2	Missense_Mutation	83	28	111	0.25225225225225223	2	1	1	0.6552	1	0.6552	0.6552	False	0.77	2.11
20	56227489	G	A	PMEPA1	Nonsense_Mutation	20	10	30	0.3333333333333333	2	1	1	0.8658	1	0.8658	0.8658	True	0.77	2.11
20	60485547	C	G	CDH4	Missense_Mutation	38	15	53	0.2830188679245283	2	1	1	0.7351	1	0.7351	0.7351	False	0.77	2.11
20	60902993	G	A	LAMA5	Missense_Mutation	37	23	60	0.38333333333333336	2	1	1	0.9957	1	0.9957	0.9957	True	0.77	2.11
20	61453106	C	T	COL9A3	Intron	18	9	27	0.3333333333333333	2	1	1	0.8658	1	0.8658	0.8658	True	0.77	2.11
20	61929325	C	T	COL20A1	Missense_Mutation	41	20	61	0.32786885245901637	2	1	1	0.8516	1	0.8516	0.8516	True	0.77	2.11
20	62724125	C	T	OPRL1	Missense_Mutation	64	33	97	0.3402061855670103	2	1	1	0.8837	1	0.8837	0.8837	True	0.77	2.11
20	62737657	G	A	NPBWR2	Silent	18	4	22	0.18181818181818182	2	1	1	0.4723	1	0.4723	0.4723	False	0.77	2.11
21	14982936	G	A	POTED	Missense_Mutation	60	37	97	0.38144329896907214	2	1	1	0.9908	1	0.9908	0.9908	True	0.77	2.11
21	18937938	C	T	CXADR	Silent	49	30	79	0.379746835443038	2	1	1	0.9864	1	0.9864	0.9864	True	0.77	2.11
21	19715949	G	A	TMPRSS15	Silent	60	31	91	0.34065934065934067	2	1	1	0.8848	1	0.8848	0.8848	True	0.77	2.11
21	33057964	G	A	SCAF4	Missense_Mutation	36	22	58	0.3793103448275862	2	1	1	0.9852	1	0.9852	0.9852	True	0.77	2.11
21	34619116	C	T	IFNAR2	Silent	20	7	27	0.25925925925925924	2	1	1	0.6734	1	0.6734	0.6734	False	0.77	2.11
21	36081686	G	A	CLIC6	Silent	51	30	81	0.37037037037037035	2	1	1	0.962	1	0.962	0.962	True	0.77	2.11
21	38098456	T	C	SIM2	Missense_Mutation	99	35	134	0.26119402985074625	2	1	1	0.6784	1	0.6784	0.6784	False	0.77	2.11
21	38534350	C	T	TTC3	Missense_Mutation	7	7	14	0.5	2	1	1	1.2987	1	1.2987	1.0	True	0.77	2.11
21	40191432	C	T	ETS2	Missense_Mutation	28	19	47	0.40425531914893614	2	1	1	1.05	1	1.05	1.0	True	0.77	2.11
21	41424009	C	T	DSCAM	Silent	56	24	80	0.3	2	1	1	0.7792	1	0.7792	0.7792	False	0.77	2.11
21	43309253	G	A	C2CD2	Missense_Mutation	25	10	35	0.2857142857142857	2	1	1	0.7421	1	0.7421	0.7421	False	0.77	2.11
21	46226855	G	A	SUMO3	3'UTR	24	5	29	0.1724137931034483	2	1	1	0.4478	1	0.4478	0.4478	False	0.77	2.11
21	46685454	G	A	POFUT2	Silent	44	28	72	0.3888888888888889	2	1	1	1.0101	1	1.0101	1.0	True	0.77	2.11
21	47546096	C	T	COL6A2	Silent	209	111	320	0.346875	2	1	1	0.901	1	0.901	0.901	True	0.77	2.11
21	47744140	G	A	PCNT	5'UTR	15	6	21	0.2857142857142857	2	1	1	0.7421	1	0.7421	0.7421	False	0.77	2.11
21	47805772	G	A	PCNT	Missense_Mutation	88	63	151	0.41721854304635764	2	1	1	1.0837	1	1.0837	1.0	True	0.77	2.11
22	18382276	T	G	MICAL3	Missense_Mutation	13	6	19	0.3157894736842105	2	1	1	0.8202	1	0.8202	0.8202	False	0.77	2.11
22	19709347	G	A	SEPT5	Missense_Mutation	43	21	64	0.328125	2	1	1	0.8523	1	0.8523	0.8523	True	0.77	2.11
22	20825682	G	A	KLHL22	Silent	44	33	77	0.42857142857142855	2	1	1	1.1132	1	1.1132	1.0	True	0.77	2.11
22	21385910	C	T	SLC7A4	Silent	24	6	30	0.2	2	1	1	0.5195	1	0.5195	0.5195	False	0.77	2.11
22	22065004	G	A	YPEL1	Silent	129	55	184	0.29891304347826086	2	1	1	0.7764	1	0.7764	0.7764	False	0.77	2.11
22	22682096	C	T	IGLV1-50	Missense_Mutation	108	67	175	0.38285714285714284	2	1	1	0.9944	1	0.9944	0.9944	True	0.77	2.11
22	23047192	C	T	IGLV3-22	Missense_Mutation	23	21	44	0.4772727272727273	2	1	1	1.2397	1	1.2397	1.0	True	0.77	2.11
22	23162143	G	A	IGLV3-9	Missense_Mutation	44	22	66	0.3333333333333333	2	1	1	0.8658	1	0.8658	0.8658	True	0.77	2.11
22	24217312	C	T	AP000350.10	Missense_Mutation	37	18	55	0.32727272727272727	2	1	1	0.8501	1	0.8501	0.8501	True	0.77	2.11
22	24456409	C	T	CABIN1	Silent	40	18	58	0.3103448275862069	2	1	1	0.8061	1	0.8061	0.8061	False	0.77	2.11
22	24919669	C	T	UPB1	Silent	59	50	109	0.45871559633027525	2	1	1	1.1915	1	1.1915	1.0	True	0.77	2.11
22	24919670	C	T	UPB1	Missense_Mutation	60	51	111	0.4594594594594595	2	1	1	1.1934	1	1.1934	1.0	True	0.77	2.11
22	26388449	G	A	MYO18B	Missense_Mutation	24	18	42	0.42857142857142855	2	1	1	1.1132	1	1.1132	1.0	True	0.77	2.11
22	26423113	G	A	MYO18B	Silent	57	36	93	0.3870967741935484	2	1	1	1.0054	1	1.0054	1.0	True	0.77	2.11
22	26736599	G	A	SEZ6L	Splice_Site	33	20	53	0.37735849056603776	2	1	1	0.9802	1	0.9802	0.9802	True	0.77	2.11
22	32193655	C	T	DEPDC5	Silent	29	11	40	0.275	2	1	1	0.7143	1	0.7143	0.7143	False	0.77	2.11
22	32753933	A	G	RFPL3	5'UTR	9	4	13	0.3076923076923077	2	1	1	0.7992	1	0.7992	0.7992	False	0.77	2.11
22	36661318	C	T	APOL1	Missense_Mutation	47	29	76	0.3815789473684211	2	1	1	0.9911	1	0.9911	0.9911	True	0.77	2.11
22	37333888	G	A	CSF2RB	Missense_Mutation	16	14	30	0.4666666666666667	2	1	1	1.2121	1	1.2121	1.0	True	0.77	2.11
22	37420687	C	T	MPST	Missense_Mutation	20	5	25	0.2	2	1	1	0.5195	1	0.5195	0.5195	False	0.77	2.11
22	39117758	T	C	GTPBP1	Silent	36	16	52	0.3076923076923077	2	1	1	0.7992	1	0.7992	0.7992	False	0.77	2.11
22	39222732	G	A	NPTXR	Missense_Mutation	22	12	34	0.35294117647058826	2	1	1	0.9167	1	0.9167	0.9167	True	0.77	2.11
22	39357541	G	A	APOBEC3A	Silent	68	58	126	0.4603174603174603	2	1	1	1.1956	1	1.1956	1.0	True	0.77	2.11
22	39966992	C	T	CACNA1I	Missense_Mutation	45	17	62	0.27419354838709675	2	1	1	0.7122	1	0.7122	0.7122	False	0.77	2.11
22	41173122	C	A	SLC25A17	Silent	26	9	35	0.2571428571428571	2	1	1	0.6679	1	0.6679	0.6679	False	0.77	2.11
22	41244318	G	A	ST13	Missense_Mutation	33	14	47	0.2978723404255319	2	1	1	0.7737	1	0.7737	0.7737	False	0.77	2.11
22	42059847	C	T	XRCC6	3'UTR	14	12	26	0.46153846153846156	2	1	1	1.1988	1	1.1988	1.0	True	0.77	2.11
22	42059848	C	T	XRCC6	3'UTR	14	13	27	0.48148148148148145	2	1	1	1.2506	1	1.2506	1.0	True	0.77	2.11
22	43218307	G	A	ARFGAP3	Silent	51	37	88	0.42045454545454547	2	1	1	1.0921	1	1.0921	1.0	True	0.77	2.11
22	43524620	C	T	BIK	Missense_Mutation	54	36	90	0.4	2	1	1	1.039	1	1.039	1.0	True	0.77	2.11
22	45218332	C	T	ARHGAP8	Silent	46	28	74	0.3783783783783784	2	1	1	0.9828	1	0.9828	0.9828	True	0.77	2.11
22	45218333	C	T	ARHGAP8	Missense_Mutation	47	27	74	0.36486486486486486	2	1	1	0.9477	1	0.9477	0.9477	True	0.77	2.11
22	46794452	G	A	CELSR1	Missense_Mutation	41	22	63	0.3492063492063492	2	1	1	0.907	1	0.907	0.907	True	0.77	2.11
22	51012817	G	A	CPT1B	Missense_Mutation	22	13	35	0.37142857142857144	2	1	1	0.9647	1	0.9647	0.9647	True	0.77	2.11
X	1407760	T	A	CSF2RA	Missense_Mutation	124	43	167	0.25748502994011974	2	1	1	0.6688	1	0.6688	0.6688	False	0.77	2.11
X	1407761	T	A	CSF2RA	Missense_Mutation	122	43	165	0.2606060606060606	2	1	1	0.6769	1	0.6769	0.6769	False	0.77	2.11
X	1531813	C	T	ASMTL	Intron	48	22	70	0.3142857142857143	2	1	1	0.8163	1	0.8163	0.8163	False	0.77	2.11
X	2343329	A	C	DHRSX	Silent	59	61	120	0.5083333333333333	2	1	1	1.3203	1	1.3203	1.0	True	0.77	2.11
X	2343330	G	A	DHRSX	Missense_Mutation	57	61	118	0.5169491525423728	2	1	1	1.3427	1	1.3427	1.0	True	0.77	2.11
X	3235332	G	A	MXRA5	Silent	2	19	21	0.9047619047619048	2	1	1	2.35	1	2.35	1.0	True	0.77	2.11
X	11160413	C	T	ARHGAP6	Missense_Mutation	14	70	84	0.8333333333333334	2	1	1	2.1645	1	2.1645	1.0	True	0.77	2.11
X	19416366	C	T	MAP3K15	Missense_Mutation	46	206	252	0.8174603174603174	2	1	1	2.1233	1	2.1233	1.0	True	0.77	2.11
X	24637166	G	A	PCYT1B	Silent	2	32	34	0.9411764705882353	2	1	1	2.4446	1	2.4446	1.0	True	0.77	2.11
X	26212600	A	T	MAGEB6	Nonsense_Mutation	9	53	62	0.8548387096774194	2	1	1	2.2204	1	2.2204	1.0	True	0.77	2.11
X	26213207	C	T	MAGEB6	3'UTR	17	84	101	0.8316831683168316	2	1	1	2.1602	1	2.1602	1.0	True	0.77	2.11
X	27998737	C	T	DCAF8L1	Missense_Mutation	7	37	44	0.8409090909090909	2	1	1	2.1842	1	2.1842	1.0	True	0.77	2.11
X	38129039	T	G	TM4SF2	Intron	6	40	46	0.8695652173913043	2	1	1	2.2586	1	2.2586	1.0	True	0.77	2.11
X	46388340	G	A	ZNF674	Missense_Mutation	8	45	53	0.8490566037735849	2	1	1	2.2053	1	2.2053	1.0	True	0.77	2.11
X	48780999	C	T	OTUD5	Missense_Mutation	2	10	12	0.8333333333333334	2	1	1	2.1645	1	2.1645	1.0	True	0.77	2.11
X	49021314	T	C	MAGIX	Silent	12	105	117	0.8974358974358975	2	1	1	2.331	1	2.331	1.0	True	0.77	2.11
X	49088167	C	T	CACNA1F	Missense_Mutation	8	58	66	0.8787878787878788	2	1	1	2.2826	1	2.2826	1.0	True	0.77	2.11
X	53243945	G	A	KDM5C	Missense_Mutation	5	42	47	0.8936170212765957	2	1	1	2.3211	1	2.3211	1.0	True	0.77	2.11
X	54960284	C	T	PFKFB1	Silent	6	53	59	0.8983050847457628	2	1	1	2.3333	1	2.3333	1.0	True	0.77	2.11
X	65390556	G	A	HEPH	Silent	4	19	23	0.8260869565217391	2	1	1	2.1457	1	2.1457	1.0	True	0.77	2.11
X	73965504	T	C	KIAA2022	5'UTR	4	19	23	0.8260869565217391	2	1	1	2.1457	1	2.1457	1.0	True	0.77	2.11
X	84525729	C	T	ZNF711	Missense_Mutation	2	13	15	0.8666666666666667	2	1	1	2.2511	1	2.2511	1.0	True	0.77	2.11
X	86890699	G	A	KLHL4	Missense_Mutation	5	38	43	0.8837209302325582	2	1	1	2.2954	1	2.2954	1.0	True	0.77	2.11
X	100387214	G	A	CENPI	Silent	26	184	210	0.8761904761904762	2	1	1	2.2758	1	2.2758	1.0	True	0.77	2.11
X	105152852	C	T	NRK	Nonsense_Mutation	11	38	49	0.7755102040816326	2	1	1	2.0143	1	2.0143	1.0	True	0.77	2.11
X	106456205	G	A	PIH1D3	Missense_Mutation	8	46	54	0.8518518518518519	2	1	1	2.2126	1	2.2126	1.0	True	0.77	2.11
X	109694656	C	T	RGAG1	Silent	17	113	130	0.8692307692307693	2	1	1	2.2577	1	2.2577	1.0	True	0.77	2.11
X	122528859	G	A	GRIA3	Missense_Mutation	10	86	96	0.8958333333333334	2	1	1	2.3268	1	2.3268	1.0	True	0.77	2.11
X	123227933	C	T	STAG2	Missense_Mutation	12	129	141	0.9148936170212766	2	1	1	2.3763	1	2.3763	1.0	True	0.77	2.11
X	123554600	G	A	TENM1	Missense_Mutation	17	93	110	0.8454545454545455	2	1	1	2.196	1	2.196	1.0	True	0.77	2.11
X	130218338	C	T	ARHGAP36	Silent	7	34	41	0.8292682926829268	2	1	1	2.1539	1	2.1539	1.0	True	0.77	2.11
X	130412036	C	T	IGSF1	Missense_Mutation	13	75	88	0.8522727272727273	2	1	1	2.2137	1	2.2137	1.0	True	0.77	2.11
X	138878601	G	A	ATP11C	Missense_Mutation	13	48	61	0.7868852459016393	2	1	1	2.0439	1	2.0439	1.0	True	0.77	2.11
X	150844662	G	A	PASD1	3'UTR	5	17	22	0.7727272727272727	2	1	1	2.0071	1	2.0071	1.0	True	0.77	2.11
X	151124192	G	A	GABRE	Missense_Mutation	17	88	105	0.8380952380952381	2	1	1	2.1769	1	2.1769	1.0	True	0.77	2.11
X	151124193	G	A	GABRE	Silent	17	88	105	0.8380952380952381	2	1	1	2.1769	1	2.1769	1.0	True	0.77	2.11
X	153247741	C	T	TMEM187	Silent	8	43	51	0.8431372549019608	2	1	1	2.19	1	2.19	1.0	True	0.77	2.11
Y	2847288	C	T	ZFY	Nonsense_Mutation	15	42	57	0.7368421052631579	2	1	1	1.9139	1	1.9139	1.0	True	0.77	2.11
