chr	start	end	WT.count	mut.count	subclonal.CN	nMaj1	nMin1	frac1	nMaj2	nMin2	frac2	phase	mutation.copy.number	subclonal.fraction	no.chrs.bearing.mut
1	1268138	1268139	32	3	NA	NA	NA	NA	NA	NA	NA	unphased	NA	NA	1
1	1387813	1387814	72	21	NA	NA	NA	NA	NA	NA	NA	unphased	NA	NA	1
1	1420476	1420477	14	4	NA	NA	NA	NA	NA	NA	NA	unphased	NA	NA	1
1	2938659	2938660	45	9	NA	NA	NA	NA	NA	NA	NA	unphased	NA	NA	1
1	6639185	6639186	93	15	3.56	2	2	0.78	1	1	0.22	unphased	1.37407407407407	1.37407407407407	1
1	10035809	10035810	93	20	3.56	2	2	0.78	1	1	0.22	unphased	1.75103244837758	0.983726094594147	1.78
1	10394656	10394657	95	34	3.56	2	2	0.78	1	1	0.22	unphased	2.60754521963824	1.46491304474059	1.78
1	11333505	11333506	19	5	3.56	2	2	0.78	1	1	0.22	unphased	2.06111111111111	2.06111111111111	1
1	12414216	12414217	69	20	3.56	2	2	0.78	1	1	0.22	unphased	2.22322097378277	1.24900054706897	1.78
1	17396686	17396687	126	39	3.56	2	2	0.78	1	1	0.22	unphased	2.33842424242424	1.313721484508	1.78
1	17674518	17674519	29	5	3.56	2	2	0.78	1	1	0.22	unphased	1.45490196078431	1.45490196078431	1
1	19478260	19478261	82	24	3.56	2	2	0.78	1	1	0.22	unphased	2.24	1.25842696629214	1.78
1	20304509	20304510	85	16	3.56	2	2	0.78	1	1	0.22	unphased	1.56726072607261	0.880483553973375	1.78
1	22176623	22176624	120	12	3.56	2	2	0.78	1	1	0.22	unphased	0.89939393939394	0.89939393939394	1
1	22222418	22222419	44	7	3.56	2	2	0.78	1	1	0.22	unphased	1.35790849673203	1.35790849673203	1
1	25824927	25824928	87	30	3.56	2	2	0.78	1	1	0.22	unphased	2.53675213675214	1.42514164986075	1.78
1	32259394	32259395	189	14	3.56	2	2	0.78	1	1	0.22	unphased	0.682298850574713	0.682298850574713	1
1	32842005	32842006	146	13	3.56	2	2	0.78	1	1	0.22	unphased	0.808888888888889	0.808888888888889	1
1	34204908	34204909	124	33	3.56	2	2	0.78	1	1	0.22	unphased	2.07949044585987	1.16825305947184	1.78
1	35365743	35365744	84	13	3.56	2	2	0.78	1	1	0.22	unphased	1.32591065292096	1.32591065292096	1
1	39816609	39816610	54	9	3.56	2	2	0.78	1	1	0.22	unphased	1.41333333333333	1.41333333333333	1
1	39826500	39826501	46	8	3.56	2	2	0.78	1	1	0.22	unphased	1.46567901234568	1.46567901234568	1
1	40128984	40128985	99	22	3.56	2	2	0.78	1	1	0.22	unphased	1.79878787878788	1.01055498808308	1.78
1	40776819	40776820	42	15	3.56	2	2	0.78	1	1	0.22	unphased	2.60350877192982	1.46264537748867	1.78
1	40929214	40929215	58	6	3.56	2	2	0.78	1	1	0.22	unphased	0.9275	0.9275	1
1	41236591	41236592	24	5	3.56	2	2	0.78	1	1	0.22	unphased	1.70574712643678	1.70574712643678	1
1	44432189	44432190	33	12	3.56	2	2	0.78	1	1	0.22	unphased	2.63822222222222	1.48214731585518	1.78
1	46725741	46725742	154	26	3.56	2	2	0.78	1	1	0.22	unphased	1.42903703703704	0.802829796088223	1.78
1	47279689	47279690	115	34	3.56	2	2	0.78	1	1	0.22	unphased	2.25753914988814	1.26828042128547	1.78
1	53237335	53237336	53	9	3.56	2	2	0.78	1	1	0.22	unphased	1.43612903225806	1.43612903225806	1
1	53541609	53541610	18	6	3.56	2	2	0.78	1	1	0.22	unphased	2.47333333333333	1.38951310861423	1.78
1	54520163	54520164	47	8	3.56	2	2	0.78	1	1	0.22	unphased	1.4390303030303	1.4390303030303	1
1	54520164	54520165	47	9	3.56	2	2	0.78	1	1	0.22	unphased	1.59	1.59	1
1	55145644	55145645	175	39	3.56	2	2	0.78	1	1	0.22	unphased	1.80299065420561	1.01291609786832	1.78
1	60287597	60287598	48	12	3.56	2	2	0.78	1	1	0.22	unphased	1.97866666666667	1.11161048689139	1.78
1	62675724	62675725	34	11	3.56	2	2	0.78	1	1	0.22	unphased	2.41837037037037	1.35863503953392	1.78
1	62740300	62740301	32	5	3.56	2	2	0.78	1	1	0.22	unphased	1.33693693693694	1.33693693693694	1
1	67292658	67292659	159	23	3.56	2	2	0.78	1	1	0.22	unphased	1.25025641025641	1.25025641025641	1
1	75037750	75037751	98	28	3.56	2	2	0.78	1	1	0.22	unphased	2.19851851851852	1.23512276321265	1.78
1	75038548	75038549	148	21	3.56	2	2	0.78	1	1	0.22	unphased	1.22934911242604	1.22934911242604	1
1	78958395	78958396	36	10	3.56	2	2	0.78	1	1	0.22	unphased	2.15072463768116	1.2082722683602	1.78
1	78958527	78958528	96	19	3.56	2	2	0.78	1	1	0.22	unphased	1.63455072463768	0.918286923953753	1.78
1	82433802	82433803	75	16	3.56	2	2	0.78	1	1	0.22	unphased	1.73948717948718	0.977239988475944	1.78
1	85592308	85592309	54	5	3.56	2	2	0.78	1	1	0.22	unphased	0.838418079096045	0.838418079096045	1
1	89573836	89573837	81	18	3.56	2	2	0.78	1	1	0.22	unphased	1.79878787878788	1.01055498808308	1.78
1	91178041	91178042	21	5	3.56	2	2	0.78	1	1	0.22	unphased	1.9025641025641	1.9025641025641	1
1	91790256	91790257	51	5	3.56	2	2	0.78	1	1	0.22	unphased	0.883333333333333	0.883333333333333	1
1	94342675	94342676	85	14	3.56	2	2	0.78	1	1	0.22	unphased	1.39905723905724	1.39905723905724	1
1	100515505	100515506	74	13	3.56	2	2	0.78	1	1	0.22	unphased	1.47831417624521	1.47831417624521	1
1	100752703	100752704	73	18	3.56	2	2	0.78	1	1	0.22	unphased	1.95692307692308	1.09939498703544	1.78
1	100889850	100889851	68	15	3.56	2	2	0.78	1	1	0.22	unphased	1.78795180722892	1.00446730743198	1.78
1	100960420	100960421	50	4	3.56	2	2	0.78	1	1	0.22	unphased	0.732839506172839	0.732839506172839	1
1	100960421	100960422	50	4	3.56	2	2	0.78	1	1	0.22	unphased	0.732839506172839	0.732839506172839	1
1	103377723	103377724	31	5	3.56	2	2	0.78	1	1	0.22	unphased	1.37407407407407	1.37407407407407	1
1	103428281	103428282	89	10	3.56	2	2	0.78	1	1	0.22	unphased	0.999326599326599	0.999326599326599	1
1	103444660	103444661	32	4	3.56	2	2	0.78	1	1	0.22	unphased	1.09925925925926	1.09925925925926	1
1	104234118	104234119	251	56	3.56	2	2	0.78	1	1	0.22	unphased	1.80464712269273	1.01384669814198	1.78
1	107979326	107979327	54	8	4	2	2	1	NA	NA	NA	unphased	1.33333333333333	1.33333333333333	1
1	108315436	108315437	80	16	4	2	2	1	NA	NA	NA	unphased	1.72222222222222	0.861111111111111	2
1	110768630	110768631	42	7	4	2	2	1	NA	NA	NA	unphased	1.47619047619048	1.47619047619048	1
1	110768729	110768730	43	12	4	2	2	1	NA	NA	NA	unphased	2.25454545454545	1.12727272727273	2
1	118045578	118045579	34	5	4	2	2	1	NA	NA	NA	unphased	1.32478632478632	1.32478632478632	1
1	120461116	120461117	64	13	4	2	2	1	NA	NA	NA	unphased	1.74458874458874	0.872294372294372	2
1	145558895	145558896	146	29	NA	NA	NA	NA	NA	NA	NA	unphased	NA	NA	1
1	147380367	147380368	46	41	NA	NA	NA	NA	NA	NA	NA	unphased	NA	NA	1
1	150469315	150469316	98	9	2.02	5	2	0.17	1	0	0.83	unphased	0.702616822429907	0.702616822429907	1
1	152326248	152326249	364	17	2.02	5	2	0.17	1	0	0.83	unphased	0.372720909886264	0.372720909886264	1
1	152382338	152382339	69	54	2.02	5	2	0.17	1	0	0.83	unphased	3.66731707317073	1.09799912370381	3.34
1	152538379	152538380	136	58	2.02	5	2	0.17	1	0	0.83	unphased	2.4973883161512	0.994975424761435	2.51
1	152636661	152636662	99	60	2.02	5	2	0.17	1	0	0.83	unphased	3.15220125786164	0.994385254845942	3.17
1	153177397	153177398	36	37	2.02	5	2	0.17	1	0	0.83	unphased	4.23388127853881	1.01531925144816	4.17
1	153274951	153274952	253	39	2.02	5	2	0.17	1	0	0.83	unphased	1.11568493150685	1.11568493150685	1
1	155165669	155165670	220	13	2.02	5	2	0.17	1	0	0.83	unphased	0.466065808297568	0.466065808297568	1
1	155233066	155233067	23	23	2.02	5	2	0.17	1	0	0.83	unphased	4.17666666666667	1.00159872102318	4.17
1	155699057	155699058	112	61	2.02	5	2	0.17	1	0	0.83	unphased	2.94539499036609	0.929146684658072	3.17
1	155891678	155891679	45	3	2.02	5	2	0.17	1	0	0.83	unphased	0.522083333333333	0.522083333333333	1
1	156846196	156846197	32	11	2.02	5	2	0.17	1	0	0.83	unphased	2.1368992248062	0.984746186546637	2.17
1	157805935	157805936	63	6	2.02	5	2	0.17	1	0	0.83	unphased	0.726376811594203	0.726376811594203	1
1	158064100	158064101	23	4	2.02	5	2	0.17	1	0	0.83	unphased	1.23753086419753	1.23753086419753	1
1	158262101	158262102	406	176	2.02	5	2	0.17	1	0	0.83	unphased	2.52609392898053	1.00641192389662	2.51
1	158596724	158596725	291	23	2.02	5	2	0.17	1	0	0.83	unphased	0.611868365180467	0.611868365180467	1
1	158647624	158647625	85	41	2.02	5	2	0.17	1	0	0.83	unphased	2.71814814814815	1.08292754906301	2.51
1	158746534	158746535	180	15	2.02	5	2	0.17	1	0	0.83	unphased	0.642564102564103	0.642564102564103	1
1	159557684	159557685	83	46	2.02	5	2	0.17	1	0	0.83	unphased	2.97870801033592	0.939655523765274	3.17
1	160165749	160165750	73	34	2.02	5	2	0.17	1	0	0.83	unphased	2.65433021806854	1.05750207891177	2.51
1	160326400	160326401	178	93	2.02	5	2	0.17	1	0	0.83	unphased	2.86664206642066	0.904303490984437	3.17
1	161138211	161138212	184	16	2.02	5	2	0.17	1	0	0.83	unphased	0.668266666666667	0.668266666666667	1
1	161205725	161205726	73	11	2.02	5	2	0.17	1	0	0.83	unphased	1.09388888888889	1.09388888888889	1
1	161479792	161479793	106	26	2.02	5	2	0.17	1	0	0.83	unphased	1.64535353535354	0.979377104377104	1.68
1	162337163	162337164	13	6	2.02	5	2	0.17	1	0	0.83	unphased	2.6378947368421	1.05095407842315	2.51
1	165173230	165173231	121	8	2.02	5	2	0.17	1	0	0.83	unphased	0.518036175710594	0.518036175710594	1
1	166892008	166892009	125	69	2.02	5	2	0.17	1	0	0.83	unphased	2.97103092783505	0.93723373117825	3.17
1	167956801	167956802	66	9	2.02	5	2	0.17	1	0	0.83	unphased	1.0024	1.0024	1
1	172628539	172628540	21	5	2.02	5	2	0.17	1	0	0.83	unphased	1.60641025641026	1.60641025641026	1
1	173594011	173594012	76	6	2.02	5	2	0.17	1	0	0.83	unphased	0.611219512195122	0.611219512195122	1
1	175372525	175372526	45	38	2.02	5	2	0.17	1	0	0.83	unphased	3.82441767068273	0.91712653973207	4.17
1	176105680	176105681	24	10	2.02	5	2	0.17	1	0	0.83	unphased	2.45686274509804	0.978829778923522	2.51
1	176668330	176668331	146	8	2.02	5	2	0.17	1	0	0.83	unphased	0.433939393939394	0.433939393939394	1
1	176679224	176679225	103	42	2.02	5	2	0.17	1	0	0.83	unphased	2.41958620689655	1.03401119952844	2.34
1	176769206	176769207	261	17	2.02	5	2	0.17	1	0	0.83	unphased	0.510815347721823	0.510815347721823	1
1	177250430	177250431	179	64	2.02	5	2	0.17	1	0	0.83	unphased	2.2000548696845	1.01385017036152	2.17
1	177250431	177250432	178	64	2.02	5	2	0.17	1	0	0.83	unphased	2.20914600550964	1.01803963387541	2.17
1	179054767	179054768	304	17	2.02	5	2	0.17	1	0	0.83	unphased	0.442388369678089	0.442388369678089	1
1	179339139	179339140	46	6	2.02	5	2	0.17	1	0	0.83	unphased	0.963846153846154	0.963846153846154	1
1	180159622	180159623	127	72	2.02	5	2	0.17	1	0	0.83	unphased	3.02231155778894	0.953410586053295	3.17
1	180885947	180885948	181	88	2.02	5	2	0.17	1	0	0.83	unphased	2.73268897149938	1.08872070577665	2.51
1	182026090	182026091	28	6	2.02	5	2	0.17	1	0	0.83	unphased	1.47411764705882	1.47411764705882	1
1	186031014	186031015	120	19	2.02	5	2	0.17	1	0	0.83	unphased	1.14182254196643	1.14182254196643	1
1	190067406	190067407	97	67	2.02	5	2	0.17	1	0	0.83	unphased	3.41264227642276	1.02174918455771	3.34
1	190067890	190067891	174	15	2.02	5	2	0.17	1	0	0.83	unphased	0.662962962962963	0.662962962962963	1
1	190250802	190250803	76	16	2.02	5	2	0.17	1	0	0.83	unphased	1.45275362318841	1.45275362318841	1
1	196448361	196448362	33	10	2.02	5	2	0.17	1	0	0.83	unphased	1.94263565891473	0.895223805951488	2.17
1	197026156	197026157	75	7	2.02	5	2	0.17	1	0	0.83	unphased	0.713089430894309	0.713089430894309	1
1	197026457	197026458	157	33	2.02	5	2	0.17	1	0	0.83	unphased	1.45084210526316	0.960822586266992	1.51
1	197446846	197446847	77	6	2.02	5	2	0.17	1	0	0.83	unphased	0.603855421686747	0.603855421686747	1
1	198668729	198668730	166	12	2.02	5	2	0.17	1	0	0.83	unphased	0.56314606741573	0.56314606741573	1
1	201763727	201763728	63	5	2.02	5	2	0.17	1	0	0.83	unphased	0.61421568627451	0.61421568627451	1
1	202288239	202288240	71	20	2.02	5	2	0.17	1	0	0.83	unphased	1.83589743589744	1.09279609279609	1.68
1	203008325	203008326	11	5	2.02	5	2	0.17	1	0	0.83	unphased	2.61041666666667	1.04000664010624	2.51
1	204379010	204379011	92	9	2.02	5	2	0.17	1	0	0.83	unphased	0.744356435643564	0.744356435643564	1
1	204379096	204379097	168	12	2.02	5	2	0.17	1	0	0.83	unphased	0.556888888888889	0.556888888888889	1
1	205688744	205688745	62	46	2.02	5	2	0.17	1	0	0.83	unphased	3.5579012345679	1.06523989058919	3.34
1	206224650	206224651	40	28	2.02	5	2	0.17	1	0	0.83	unphased	3.43960784313725	1.02982270752612	3.34
1	209799049	209799050	92	59	2.02	5	2	0.17	1	0	0.83	unphased	3.26388520971302	0.977211140632642	3.34
1	211192226	211192227	189	39	2.02	5	2	0.17	1	0	0.83	unphased	1.42885964912281	0.94626466829325	1.51
1	215953231	215953232	111	39	2.02	5	2	0.17	1	0	0.83	unphased	2.17186666666667	1.00086021505376	2.17
1	216040370	216040371	112	11	2.02	5	2	0.17	1	0	0.83	unphased	0.747046070460705	0.747046070460705	1
1	216420109	216420110	239	39	2.02	5	2	0.17	1	0	0.83	unphased	1.17187050359712	1.17187050359712	1
1	227348289	227348290	220	27	2.02	5	2	0.17	1	0	0.83	unphased	0.913117408906883	0.913117408906883	1
1	228109635	228109636	65	31	2.02	5	2	0.17	1	0	0.83	unphased	2.69743055555556	1.07467352810978	2.51
1	228481253	228481254	68	39	2.02	5	2	0.17	1	0	0.83	unphased	3.04467289719626	0.960464636339515	3.17
1	230415089	230415090	66	24	2.02	5	2	0.17	1	0	0.83	unphased	2.22755555555556	1.02652329749104	2.17
1	231344887	231344888	109	19	2.02	5	2	0.17	1	0	0.83	unphased	1.23994791666667	1.23994791666667	1
1	233296136	233296137	62	16	2.02	5	2	0.17	1	0	0.83	unphased	1.71350427350427	1.01994301994302	1.68
1	233296137	233296138	61	15	2.02	5	2	0.17	1	0	0.83	unphased	1.64868421052632	0.981359649122807	1.68
1	235945359	235945360	30	14	2.02	5	2	0.17	1	0	0.83	unphased	2.65787878787879	1.05891585174454	2.51
1	237550646	237550647	115	51	2.02	5	2	0.17	1	0	0.83	unphased	2.56638554216867	1.02246435942975	2.51
1	237732488	237732489	58	6	2.02	5	2	0.17	1	0	0.83	unphased	0.783125	0.783125	1
1	237777417	237777418	55	30	2.02	5	2	0.17	1	0	0.83	unphased	2.94823529411765	0.930042679532381	3.17
1	237944871	237944872	7	9	2.02	5	2	0.17	1	0	0.83	unphased	4.69875	1.12679856115108	4.17
1	237947326	237947327	43	8	2.02	5	2	0.17	1	0	0.83	unphased	1.31032679738562	1.31032679738562	1
1	240494013	240494014	82	5	2.02	5	2	0.17	1	0	0.83	unphased	0.48007662835249	0.48007662835249	1
1	241798992	241798993	150	27	2.02	5	2	0.17	1	0	0.83	unphased	1.27423728813559	1.27423728813559	1
1	247587915	247587916	49	26	2.02	5	2	0.17	1	0	0.83	unphased	2.89582222222222	0.913508587451805	3.17
1	247902364	247902365	141	22	NA	NA	NA	NA	NA	NA	NA	unphased	NA	NA	1
1	247978155	247978156	58	20	NA	NA	NA	NA	NA	NA	NA	unphased	NA	NA	1
1	247978336	247978337	39	6	NA	NA	NA	NA	NA	NA	NA	unphased	NA	NA	1
1	248128743	248128744	306	24	NA	NA	NA	NA	NA	NA	NA	unphased	NA	NA	1
1	248344253	248344254	315	22	NA	NA	NA	NA	NA	NA	NA	unphased	NA	NA	1
1	248487666	248487667	481	66	NA	NA	NA	NA	NA	NA	NA	unphased	NA	NA	1
1	248525500	248525501	280	29	NA	NA	NA	NA	NA	NA	NA	unphased	NA	NA	1
1	248525655	248525656	211	30	NA	NA	NA	NA	NA	NA	NA	unphased	NA	NA	1
1	248551681	248551682	86	21	NA	NA	NA	NA	NA	NA	NA	unphased	NA	NA	1
10	1229174	1229175	22	6	4.92	4	2	0.73	1	1	0.27	unphased	2.41142857142857	0.980255516840883	2.46
10	6498660	6498661	61	14	4.92	4	2	0.73	1	1	0.27	unphased	2.10062222222222	0.853911472448058	2.46
10	8100775	8100776	42	18	4.92	4	2	0.73	1	1	0.27	unphased	3.376	0.975722543352601	3.46
10	11371045	11371046	55	12	4.92	4	2	0.73	1	1	0.27	unphased	2.0155223880597	1.16504184280908	1.73
10	14816389	14816390	211	37	4.92	4	2	0.73	1	1	0.27	unphased	1.6789247311828	0.97047672322705	1.73
10	14974865	14974866	185	71	4.92	4	2	0.73	1	1	0.27	unphased	3.12104166666667	0.978382967607106	3.19
10	16990512	16990513	44	7	4.92	4	2	0.73	1	1	0.27	unphased	1.54457516339869	1.54457516339869	1
10	17369027	17369028	55	17	4.92	4	2	0.73	1	1	0.27	unphased	2.65703703703704	0.973273639940307	2.73
10	17908595	17908596	18	6	4.92	4	2	0.73	1	1	0.27	unphased	2.81333333333333	1.03052503052503	2.73
10	18242229	18242230	91	38	4.92	4	2	0.73	1	1	0.27	unphased	3.3149354005168	1.03916470235636	3.19
10	18439904	18439905	126	33	4.92	4	2	0.73	1	1	0.27	unphased	2.33559748427673	0.949429871657207	2.46
10	22680765	22680766	71	22	4.92	4	2	0.73	1	1	0.27	unphased	2.6620788530466	0.975120458991427	2.73
10	24910125	24910126	122	8	4.92	4	2	0.73	1	1	0.27	unphased	0.692512820512821	0.692512820512821	1
10	25887044	25887045	147	40	4.92	4	2	0.73	1	1	0.27	unphased	2.40713012477718	0.978508180803733	2.46
10	26457662	26457663	79	6	4.92	4	2	0.73	1	1	0.27	unphased	0.794352941176471	0.794352941176471	1
10	26518624	26518625	57	11	4.92	4	2	0.73	1	1	0.27	unphased	1.82039215686275	1.05224980165477	1.73
10	29784045	29784046	33	8	4.92	4	2	0.73	1	1	0.27	unphased	2.19577235772358	0.892590389318528	2.46
10	29812502	29812503	65	7	4.92	4	2	0.73	1	1	0.27	unphased	1.09407407407407	1.09407407407407	1
10	30984966	30984967	18	8	4.92	4	2	0.73	1	1	0.27	unphased	3.4625641025641	1.00074107010523	3.46
10	31749999	31750000	26	13	4.92	4	2	0.73	1	1	0.27	unphased	3.75111111111111	1.00565981531129	3.73
10	37486371	37486372	156	28	4.92	4	2	0.73	1	1	0.27	unphased	1.71246376811594	0.989863449778001	1.73
10	37508537	37508538	25	8	4.92	4	2	0.73	1	1	0.27	unphased	2.72808080808081	0.999296999296999	2.73
10	38353107	38353108	36	15	4.92	4	2	0.73	1	1	0.27	unphased	3.30980392156863	1.03755608826603	3.19
10	38647333	38647334	56	8	4.92	4	2	0.73	1	1	0.27	unphased	1.40666666666667	1.40666666666667	1
10	43287085	43287086	110	23	4.92	4	2	0.73	1	1	0.27	unphased	1.94606516290727	1.12489315774987	1.73
10	43650912	43650913	46	6	4.92	4	2	0.73	1	1	0.27	unphased	1.29846153846154	1.29846153846154	1
10	44871441	44871442	155	8	4.92	4	2	0.73	1	1	0.27	unphased	0.552310838445808	0.756590189651791	0.73
10	50531575	50531576	49	14	2	2	0	1	NA	NA	NA	unphased	1.85185185185185	0.925925925925926	2
10	56138609	56138610	148	43	2	2	0	1	NA	NA	NA	unphased	1.8760907504363	0.93804537521815	2
10	60577387	60577388	48	16	2	2	0	1	NA	NA	NA	unphased	2.08333333333333	1.04166666666667	2
10	69881443	69881444	43	11	2	2	0	1	NA	NA	NA	unphased	1.69753086419753	0.848765432098765	2
10	70332961	70332962	93	16	2	2	0	1	NA	NA	NA	unphased	1.22324159021407	1.22324159021407	1
10	71025519	71025520	27	6	2	2	0	1	NA	NA	NA	unphased	1.51515151515152	1.51515151515152	1
10	81371567	81371568	101	23	2	2	0	1	NA	NA	NA	unphased	1.54569892473118	0.772849462365591	2
10	84118549	84118550	75	20	2	2	0	1	NA	NA	NA	unphased	1.75438596491228	0.87719298245614	2
10	84498376	84498377	56	17	2	2	0	1	NA	NA	NA	unphased	1.94063926940639	0.970319634703196	2
10	90537777	90537778	44	7	2	2	0	1	NA	NA	NA	unphased	1.1437908496732	1.1437908496732	1
10	90672774	90672775	72	10	2	2	0	1	NA	NA	NA	unphased	1.01626016260163	1.01626016260163	1
10	93011156	93011157	49	9	2	2	0	1	NA	NA	NA	unphased	1.29310344827586	1.29310344827586	1
10	101090516	101090517	30	10	2	2	0	1	NA	NA	NA	unphased	2.08333333333333	1.04166666666667	2
10	104170619	104170620	79	14	2	2	0	1	NA	NA	NA	unphased	1.25448028673835	1.25448028673835	1
10	105209506	105209507	53	15	2	2	0	1	NA	NA	NA	unphased	1.83823529411765	0.919117647058823	2
10	106960942	106960943	67	19	2	2	0	1	NA	NA	NA	unphased	1.84108527131783	0.920542635658915	2
10	106974284	106974285	46	12	2	2	0	1	NA	NA	NA	unphased	1.72413793103448	0.862068965517241	2
10	108337100	108337101	103	11	2	2	0	1	NA	NA	NA	unphased	0.804093567251462	0.804093567251462	1
10	108447970	108447971	84	18	2	2	0	1	NA	NA	NA	unphased	1.47058823529412	1.47058823529412	1
10	118969188	118969189	97	25	2	2	0	1	NA	NA	NA	unphased	1.70765027322404	0.853825136612022	2
10	121086100	121086101	52	11	2	2	0	1	NA	NA	NA	unphased	1.45502645502645	1.45502645502645	1
10	121671605	121671606	83	23	2	2	0	1	NA	NA	NA	unphased	1.80817610062893	0.904088050314465	2
10	124697464	124697465	43	19	2	2	0	1	NA	NA	NA	unphased	2.55376344086022	1.27688172043011	2
10	127782643	127782644	54	16	2	2	0	1	NA	NA	NA	unphased	1.9047619047619	0.952380952380952	2
10	134463935	134463936	219	57	2	2	0	1	NA	NA	NA	unphased	1.72101449275362	0.860507246376812	2
10	134595382	134595383	65	10	2	2	0	1	NA	NA	NA	unphased	1.11111111111111	1.11111111111111	1
11	1088724	1088725	14	5	3	3	0	1	NA	NA	NA	unphased	2.45614035087719	0.818713450292398	3
11	1904747	1904748	27	6	3	3	0	1	NA	NA	NA	unphased	1.6969696969697	1.6969696969697	1
11	2432702	2432703	38	18	3	3	0	1	NA	NA	NA	unphased	3	1	3
11	4869753	4869754	36	12	3	3	0	1	NA	NA	NA	unphased	2.33333333333333	1.16666666666667	2
11	5842332	5842333	108	10	3	3	0	1	NA	NA	NA	unphased	0.790960451977401	0.790960451977401	1
11	6232932	6232933	87	15	3	3	0	1	NA	NA	NA	unphased	1.37254901960784	1.37254901960784	1
11	7441796	7441797	43	33	3	3	0	1	NA	NA	NA	unphased	4.05263157894737	1.35087719298246	3
11	20636270	20636271	86	34	3	3	0	1	NA	NA	NA	unphased	2.64444444444444	0.881481481481482	3
11	21250988	21250989	12	11	3	3	0	1	NA	NA	NA	unphased	4.46376811594203	1.48792270531401	3
11	21581832	21581833	53	23	3	3	0	1	NA	NA	NA	unphased	2.82456140350877	0.941520467836257	3
11	30516970	30516971	60	5	3	3	0	1	NA	NA	NA	unphased	0.717948717948718	0.717948717948718	1
11	33065295	33065296	84	22	3	3	0	1	NA	NA	NA	unphased	1.93710691823899	0.968553459119497	2
11	36596038	36596039	54	27	3	3	0	1	NA	NA	NA	unphased	3.11111111111111	1.03703703703704	3
11	40137205	40137206	48	24	3	3	0	1	NA	NA	NA	unphased	3.11111111111111	1.03703703703704	3
11	46105752	46105753	32	12	4.64	4	1	0.91	0	1	0.09	unphased	2.99272727272727	1.02842861605748	2.91
11	47360128	47360129	32	17	4.64	4	1	0.91	0	1	0.09	unphased	3.80707482993197	0.996616447626171	3.82
11	49186289	49186290	16	16	4.64	4	1	0.91	0	1	0.09	unphased	5.48666666666667	1.40323955669224	3.91
11	49229959	49229960	10	3	4.64	4	1	0.91	0	1	0.09	unphased	2.53230769230769	2.53230769230769	1
11	55063005	55063006	52	12	4.64	4	1	0.91	0	1	0.09	unphased	2.0575	1.07722513089005	1.91
11	55579416	55579417	176	53	4.64	4	1	0.91	0	1	0.09	unphased	2.53967976710335	0.930285628975585	2.73
11	55579651	55579652	119	31	4.64	4	1	0.91	0	1	0.09	unphased	2.26782222222222	0.830704110704111	2.73
11	55761204	55761205	63	21	4.64	4	1	0.91	0	1	0.09	unphased	2.74333333333333	1.00488400488401	2.73
11	55761252	55761253	90	31	4.64	4	1	0.91	0	1	0.09	unphased	2.81134986225895	0.996932575269132	2.82
11	55798678	55798679	96	25	4.64	4	1	0.91	0	1	0.09	unphased	2.26721763085399	0.830482648664467	2.73
11	55873272	55873273	81	33	4.64	4	1	0.91	0	1	0.09	unphased	3.17649122807018	1.09157774160487	2.91
11	55873418	55873419	168	11	4.64	4	1	0.91	0	1	0.09	unphased	0.674338919925512	0.674338919925512	1
11	55890239	55890240	199	63	4.64	4	1	0.91	0	1	0.09	unphased	2.63862595419847	0.966529653552554	2.73
11	55904370	55904371	131	23	4.64	4	1	0.91	0	1	0.09	unphased	1.63887445887446	0.900480471909043	1.82
11	55905108	55905109	186	17	4.64	4	1	0.91	0	1	0.09	unphased	0.918949096880131	0.918949096880131	1
11	56043986	56043987	140	36	6	3	3	1	NA	NA	NA	unphased	2.52272727272727	0.840909090909091	3
11	56127764	56127765	167	15	6	3	3	1	NA	NA	NA	unphased	1.01648351648352	1.01648351648352	1
11	56127774	56127775	154	37	6	3	3	1	NA	NA	NA	unphased	2.3891797556719	1.19458987783595	2
11	56143192	56143193	239	19	6	3	3	1	NA	NA	NA	unphased	0.908268733850129	0.908268733850129	1
11	56380834	56380835	154	25	6	3	3	1	NA	NA	NA	unphased	1.72253258845438	0.861266294227188	2
11	57004332	57004333	59	19	6	3	3	1	NA	NA	NA	unphased	3.0042735042735	1.0014245014245	3
11	57886366	57886367	42	9	6	3	3	1	NA	NA	NA	unphased	2.17647058823529	1.08823529411765	2
11	57958770	57958771	100	27	6	3	3	1	NA	NA	NA	unphased	2.62204724409449	0.874015748031496	3
11	58126445	58126446	155	43	6	3	3	1	NA	NA	NA	unphased	2.67845117845118	0.892817059483726	3
11	59245583	59245584	115	13	6	3	3	1	NA	NA	NA	unphased	1.25260416666667	1.25260416666667	1
11	60164177	60164178	43	10	6	3	3	1	NA	NA	NA	unphased	2.32704402515723	1.16352201257862	2
11	62159784	62159785	32	12	6	3	3	1	NA	NA	NA	unphased	3.36363636363636	1.12121212121212	3
11	62380968	62380969	26	4	6	3	3	1	NA	NA	NA	unphased	1.64444444444444	1.64444444444444	1
11	62655811	62655812	88	15	6	3	3	1	NA	NA	NA	unphased	1.79611650485437	0.898058252427184	2
11	65811100	65811101	26	11	6	3	3	1	NA	NA	NA	unphased	3.66666666666667	1.22222222222222	3
11	66084210	66084211	38	10	6	3	3	1	NA	NA	NA	unphased	2.56944444444444	0.856481481481482	3
11	66101538	66101539	8	6	6	3	3	1	NA	NA	NA	unphased	5.28571428571429	1.76190476190476	3
11	66335114	66335115	108	14	6	3	3	1	NA	NA	NA	unphased	1.41530054644809	1.41530054644809	1
11	67077688	67077689	118	27	6	3	3	1	NA	NA	NA	unphased	2.29655172413793	1.14827586206897	2
11	72290402	72290403	38	14	6	3	3	1	NA	NA	NA	unphased	3.32051282051282	1.10683760683761	3
11	73584500	73584501	16	10	6	3	3	1	NA	NA	NA	unphased	4.74358974358974	1.58119658119658	3
11	82643032	82643033	109	27	6	3	3	1	NA	NA	NA	unphased	2.44852941176471	0.816176470588235	3
11	83641481	83641482	138	25	6	3	3	1	NA	NA	NA	unphased	1.89161554192229	0.945807770961145	2
11	84245775	84245776	210	17	6	3	3	1	NA	NA	NA	unphased	0.923641703377386	0.923641703377386	1
11	85979600	85979601	97	21	6	3	3	1	NA	NA	NA	unphased	2.19491525423729	1.09745762711864	2
11	86519408	86519409	55	13	6	3	3	1	NA	NA	NA	unphased	2.3578431372549	1.17892156862745	2
11	89018020	89018021	99	29	6	3	3	1	NA	NA	NA	unphased	2.79427083333333	0.931423611111111	3
11	89774529	89774530	143	10	6	3	3	1	NA	NA	NA	unphased	0.806100217864924	0.806100217864924	1
11	90602342	90602343	29	6	6	3	3	1	NA	NA	NA	unphased	2.11428571428571	1.05714285714286	2
11	92534272	92534273	59	17	6	3	3	1	NA	NA	NA	unphased	2.75877192982456	0.919590643274854	3
11	94134281	94134282	65	10	6	3	3	1	NA	NA	NA	unphased	1.64444444444444	1.64444444444444	1
11	94731486	94731487	82	16	6	3	3	1	NA	NA	NA	unphased	2.01360544217687	1.00680272108844	2
11	94759372	94759373	64	19	6	3	3	1	NA	NA	NA	unphased	2.82329317269076	0.941097724230254	3
11	103039570	103039571	73	7	6	3	3	1	NA	NA	NA	unphased	1.07916666666667	1.07916666666667	1
11	103182691	103182692	122	22	6	3	3	1	NA	NA	NA	unphased	1.88425925925926	0.94212962962963	2
11	103182714	103182715	144	31	6	3	3	1	NA	NA	NA	unphased	2.1847619047619	1.09238095238095	2
11	103270476	103270477	60	21	6	3	3	1	NA	NA	NA	unphased	3.19753086419753	1.06584362139918	3
11	103780530	103780531	150	45	6	3	3	1	NA	NA	NA	unphased	2.84615384615385	0.948717948717949	3
11	107224347	107224348	74	39	6	3	3	1	NA	NA	NA	unphased	4.25663716814159	1.4188790560472	3
11	107299593	107299594	338	34	6	3	3	1	NA	NA	NA	unphased	1.12724014336918	1.12724014336918	1
11	112084520	112084521	147	58	6	3	3	1	NA	NA	NA	unphased	3.48943089430894	1.16314363143631	3
11	113195352	113195353	48	7	6	3	3	1	NA	NA	NA	unphased	1.56969696969697	1.56969696969697	1
11	113608400	113608401	127	29	6	3	3	1	NA	NA	NA	unphased	2.29273504273504	1.14636752136752	2
11	113803680	113803681	83	22	6	3	3	1	NA	NA	NA	unphased	2.58412698412698	0.861375661375661	3
11	116701532	116701533	44	9	6	3	3	1	NA	NA	NA	unphased	2.09433962264151	1.04716981132075	2
11	117058096	117058097	151	8	6	3	3	1	NA	NA	NA	unphased	0.620545073375262	0.620545073375262	1
11	119998124	119998125	154	12	6	3	3	1	NA	NA	NA	unphased	0.891566265060241	0.891566265060241	1
11	121495846	121495847	129	42	6	3	3	1	NA	NA	NA	unphased	3.02923976608187	1.00974658869396	3
11	123900552	123900553	158	35	6	3	3	1	NA	NA	NA	unphased	2.23661485319516	1.11830742659758	2
11	123901088	123901089	125	35	6	3	3	1	NA	NA	NA	unphased	2.69791666666667	0.899305555555556	3
11	124266394	124266395	144	36	6	3	3	1	NA	NA	NA	unphased	2.46666666666667	0.822222222222222	3
11	124310760	124310761	71	27	6	3	3	1	NA	NA	NA	unphased	3.39795918367347	1.13265306122449	3
11	124742352	124742353	51	8	6	3	3	1	NA	NA	NA	unphased	1.67231638418079	1.67231638418079	1
11	124857933	124857934	171	31	6	3	3	1	NA	NA	NA	unphased	1.89273927392739	0.946369636963696	2
11	125864221	125864222	43	6	6	3	3	1	NA	NA	NA	unphased	1.51020408163265	1.51020408163265	1
11	126081499	126081500	122	57	6	3	3	1	NA	NA	NA	unphased	3.92737430167598	1.30912476722533	3
11	126110846	126110847	236	26	6	3	3	1	NA	NA	NA	unphased	1.22391857506361	1.22391857506361	1
11	126139200	126139201	62	13	6	3	3	1	NA	NA	NA	unphased	2.13777777777778	1.06888888888889	2
11	132016315	132016316	77	9	6	3	3	1	NA	NA	NA	unphased	1.2906976744186	1.2906976744186	1
11	134073738	134073739	122	32	6	3	3	1	NA	NA	NA	unphased	2.56277056277056	0.854256854256854	3
12	2997092	2997093	16	7	4	4	0	1	NA	NA	NA	unphased	3.14492753623188	1.04830917874396	3
12	4919229	4919230	43	9	4	4	0	1	NA	NA	NA	unphased	1.78846153846154	1.78846153846154	1
12	5603684	5603685	54	33	4	4	0	1	NA	NA	NA	unphased	3.91954022988506	0.979885057471264	4
12	6669387	6669388	64	11	4	4	0	1	NA	NA	NA	unphased	1.51555555555556	1.51555555555556	1
12	21971083	21971084	135	56	4	4	0	1	NA	NA	NA	unphased	3.02966841186736	1.00988947062245	3
12	22012542	22012543	305	28	4	4	0	1	NA	NA	NA	unphased	0.868868868868869	0.868868868868869	1
12	27129253	27129254	37	7	4	4	0	1	NA	NA	NA	unphased	1.64393939393939	1.64393939393939	1
12	29604464	29604465	29	13	4	4	0	1	NA	NA	NA	unphased	3.1984126984127	1.06613756613757	3
12	32491767	32491768	120	71	4	4	0	1	NA	NA	NA	unphased	3.84118673647469	0.960296684118674	4
12	40153758	40153759	10	8	4	4	0	1	NA	NA	NA	unphased	4.59259259259259	1.14814814814815	4
12	50152022	50152023	159	89	4	4	0	1	NA	NA	NA	unphased	3.70833333333333	0.927083333333333	4
12	51100371	51100372	57	32	4	4	0	1	NA	NA	NA	unphased	3.71535580524345	0.928838951310861	4
12	51717913	51717914	18	11	4	4	0	1	NA	NA	NA	unphased	3.91954022988506	0.979885057471264	4
12	52369261	52369262	23	15	4	4	0	1	NA	NA	NA	unphased	4.07894736842105	1.01973684210526	4
12	52799788	52799789	49	31	4	4	0	1	NA	NA	NA	unphased	4.00416666666667	1.00104166666667	4
12	52964616	52964617	30	14	4	4	0	1	NA	NA	NA	unphased	3.28787878787879	1.0959595959596	3
12	53001920	53001921	123	92	4	4	0	1	NA	NA	NA	unphased	4.42170542635659	1.10542635658915	4
12	54333266	54333267	16	10	4	4	0	1	NA	NA	NA	unphased	3.97435897435897	0.993589743589744	4
12	56823997	56823998	54	8	4	4	0	1	NA	NA	NA	unphased	1.33333333333333	1.33333333333333	1
12	57970089	57970090	58	32	4	4	0	1	NA	NA	NA	unphased	3.67407407407407	0.918518518518519	4
12	60168525	60168526	48	26	4	4	0	1	NA	NA	NA	unphased	3.63063063063063	0.907657657657658	4
12	69968530	69968531	44	24	4	4	0	1	NA	NA	NA	unphased	3.64705882352941	0.911764705882353	4
12	70004435	70004436	27	16	4	4	0	1	NA	NA	NA	unphased	3.84496124031008	0.961240310077519	4
12	71094916	71094917	67	25	4	4	0	1	NA	NA	NA	unphased	2.80797101449275	0.935990338164251	3
12	80722872	80722873	7	7	4	4	0	1	NA	NA	NA	unphased	5.16666666666667	1.29166666666667	4
12	82824731	82824732	139	7	4	4	0	1	NA	NA	NA	unphased	0.495433789954338	0.495433789954338	1
12	85626514	85626515	50	8	4	4	0	1	NA	NA	NA	unphased	1.42528735632184	1.42528735632184	1
12	93804896	93804897	67	45	4	4	0	1	NA	NA	NA	unphased	4.15178571428571	1.03794642857143	4
12	95660203	95660204	247	176	4	4	0	1	NA	NA	NA	unphased	4.29944838455477	1.07486209613869	4
12	95660204	95660205	246	175	4	4	0	1	NA	NA	NA	unphased	4.29532858273951	1.07383214568488	4
12	101505438	101505439	57	10	4	4	0	1	NA	NA	NA	unphased	1.54228855721393	1.54228855721393	1
12	103249049	103249050	32	16	4	4	0	1	NA	NA	NA	unphased	3.44444444444444	0.861111111111111	4
12	103695874	103695875	66	9	4	4	0	1	NA	NA	NA	unphased	1.24	1.24	1
12	108686143	108686144	34	18	4	4	0	1	NA	NA	NA	unphased	3.57692307692308	0.894230769230769	4
12	109316511	109316512	4	4	4	4	0	1	NA	NA	NA	unphased	5.16666666666667	1.29166666666667	4
12	111330914	111330915	59	37	4	4	0	1	NA	NA	NA	unphased	3.98263888888889	0.995659722222222	4
12	114374901	114374902	106	19	4	4	0	1	NA	NA	NA	unphased	1.57066666666667	0.785333333333333	2
12	114823366	114823367	42	7	4	4	0	1	NA	NA	NA	unphased	1.47619047619048	1.47619047619048	1
12	116972454	116972455	72	7	4	4	0	1	NA	NA	NA	unphased	0.915611814345991	0.915611814345991	1
12	117681139	117681140	82	11	4	4	0	1	NA	NA	NA	unphased	1.22222222222222	1.22222222222222	1
12	118671560	118671561	38	23	4	4	0	1	NA	NA	NA	unphased	3.89617486338798	0.974043715846994	4
12	121773444	121773445	85	8	4	4	0	1	NA	NA	NA	unphased	0.888888888888889	0.888888888888889	1
12	123679133	123679134	23	13	4	4	0	1	NA	NA	NA	unphased	3.73148148148148	0.93287037037037	4
12	129294609	129294610	79	7	4	4	0	1	NA	NA	NA	unphased	0.84108527131783	0.84108527131783	1
12	131605421	131605422	124	15	4	4	0	1	NA	NA	NA	unphased	1.11510791366906	1.11510791366906	1
12	133768557	133768558	103	48	NA	NA	NA	NA	NA	NA	NA	unphased	NA	NA	1
13	19752451	19752452	136	15	2.44	2	1	0.44	1	1	0.56	unphased	0.871523178807947	0.871523178807947	1
13	21742416	21742417	132	18	2.44	2	1	0.44	1	1	0.56	unphased	1.0528	1.0528	1
13	23906718	23906719	48	10	2.44	2	1	0.44	1	1	0.56	unphased	1.51264367816092	1.51264367816092	1
13	25671348	25671349	159	44	2.44	2	1	0.44	1	1	0.56	unphased	1.9016091954023	1.3205619412516	1.44
13	36049376	36049377	78	14	4	2	2	1	NA	NA	NA	unphased	1.57246376811594	1.57246376811594	1
13	37012874	37012875	60	8	4	2	2	1	NA	NA	NA	unphased	1.2156862745098	1.2156862745098	1
13	38154833	38154834	100	28	4	2	2	1	NA	NA	NA	unphased	2.26041666666667	1.13020833333333	2
13	40174971	40174972	95	26	4	2	2	1	NA	NA	NA	unphased	2.22038567493113	1.11019283746556	2
13	41705438	41705439	128	6	4	2	2	1	NA	NA	NA	unphased	0.462686567164179	0.462686567164179	1
13	49777384	49777385	87	8	4	2	2	1	NA	NA	NA	unphased	0.870175438596491	0.870175438596491	1
13	49951248	49951249	70	15	4	2	2	1	NA	NA	NA	unphased	1.82352941176471	0.911764705882353	2
13	52520525	52520526	39	8	4	2	2	1	NA	NA	NA	unphased	1.75886524822695	1.75886524822695	1
13	52693476	52693477	37	5	4	2	2	1	NA	NA	NA	unphased	1.23015873015873	1.23015873015873	1
13	53608515	53608516	95	8	4	2	2	1	NA	NA	NA	unphased	0.802588996763754	0.802588996763754	1
13	58240909	58240910	42	9	4	2	2	1	NA	NA	NA	unphased	1.82352941176471	0.911764705882353	2
13	72133995	72133996	40	6	4	2	2	1	NA	NA	NA	unphased	1.34782608695652	1.34782608695652	1
13	79929483	79929484	57	4	4	2	2	1	NA	NA	NA	unphased	0.677595628415301	0.677595628415301	1
13	80911102	80911103	72	21	4	2	2	1	NA	NA	NA	unphased	2.33333333333333	1.16666666666667	2
13	80911649	80911650	79	13	4	2	2	1	NA	NA	NA	unphased	1.46014492753623	1.46014492753623	1
13	84454949	84454950	68	13	4	2	2	1	NA	NA	NA	unphased	1.65843621399177	0.829218106995885	2
13	84454950	84454951	67	14	4	2	2	1	NA	NA	NA	unphased	1.78600823045267	0.893004115226337	2
13	86368424	86368425	282	53	4	2	2	1	NA	NA	NA	unphased	1.63482587064677	0.817412935323383	2
13	88329045	88329046	48	10	4	2	2	1	NA	NA	NA	unphased	1.7816091954023	0.89080459770115	2
13	94958243	94958244	265	24	4	2	2	1	NA	NA	NA	unphased	0.858131487889273	0.858131487889273	1
13	95235490	95235491	10	3	4	2	2	1	NA	NA	NA	unphased	2.38461538461539	2.38461538461539	1
13	96230255	96230256	27	5	4	2	2	1	NA	NA	NA	unphased	1.61458333333333	1.61458333333333	1
13	96264336	96264337	139	26	4	2	2	1	NA	NA	NA	unphased	1.62828282828283	0.814141414141414	2
13	96272139	96272140	132	16	4	2	2	1	NA	NA	NA	unphased	1.11711711711712	1.11711711711712	1
13	97484869	97484870	38	8	4	2	2	1	NA	NA	NA	unphased	1.79710144927536	1.79710144927536	1
13	99364134	99364135	96	26	4	2	2	1	NA	NA	NA	unphased	2.20218579234973	1.10109289617486	2
13	101714350	101714351	50	21	4	2	2	1	NA	NA	NA	unphased	3.05633802816901	1.52816901408451	2
13	102375180	102375181	48	14	4	2	2	1	NA	NA	NA	unphased	2.33333333333333	1.16666666666667	2
13	111371667	111371668	58	19	4	2	2	1	NA	NA	NA	unphased	2.54978354978355	1.27489177489177	2
13	113729423	113729424	70	12	4	2	2	1	NA	NA	NA	unphased	1.51219512195122	1.51219512195122	1
13	113897368	113897369	69	18	4	2	2	1	NA	NA	NA	unphased	2.13793103448276	1.06896551724138	2
14	20345225	20345226	137	27	NA	NA	NA	NA	NA	NA	NA	unphased	NA	NA	1
14	20482657	20482658	21	19	NA	NA	NA	NA	NA	NA	NA	unphased	NA	NA	1
14	20528891	20528892	124	72	4	4	0	1	NA	NA	NA	unphased	3.79591836734694	0.948979591836735	4
14	20845890	20845891	48	37	4	4	0	1	NA	NA	NA	unphased	4.49803921568627	1.12450980392157	4
14	20917121	20917122	267	19	4	4	0	1	NA	NA	NA	unphased	0.686480186480186	0.686480186480186	1
14	23867978	23867979	118	6	4	4	0	1	NA	NA	NA	unphased	0.5	0.5	1
14	24601568	24601569	33	21	4	4	0	1	NA	NA	NA	unphased	4.01851851851852	1.00462962962963	4
14	24976617	24976618	120	68	4	4	0	1	NA	NA	NA	unphased	3.73758865248227	0.934397163120567	4
14	26917469	26917470	44	23	4	4	0	1	NA	NA	NA	unphased	3.54726368159204	0.88681592039801	4
14	47530600	47530601	152	20	4	4	0	1	NA	NA	NA	unphased	1.2015503875969	1.2015503875969	1
14	53570566	53570567	32	5	4	4	0	1	NA	NA	NA	unphased	1.3963963963964	1.3963963963964	1
14	54416765	54416766	37	21	4	4	0	1	NA	NA	NA	unphased	3.74137931034483	0.935344827586207	4
14	64653252	64653253	145	14	4	4	0	1	NA	NA	NA	unphased	0.909853249475891	0.909853249475891	1
14	70713177	70713178	57	31	4	4	0	1	NA	NA	NA	unphased	3.64015151515152	0.910037878787879	4
14	75269331	75269332	59	6	4	4	0	1	NA	NA	NA	unphased	0.953846153846154	0.953846153846154	1
14	88477440	88477441	128	66	4	4	0	1	NA	NA	NA	unphased	3.51546391752577	0.878865979381443	4
14	94914522	94914523	102	57	4	4	0	1	NA	NA	NA	unphased	3.70440251572327	0.926100628930818	4
14	95910915	95910916	35	5	4	4	0	1	NA	NA	NA	unphased	1.29166666666667	1.29166666666667	1
14	96807882	96807883	117	66	4	4	0	1	NA	NA	NA	unphased	3.72677595628415	0.931693989071038	4
14	102964477	102964478	62	29	4	4	0	1	NA	NA	NA	unphased	3.29304029304029	1.0976800976801	3
14	105477707	105477708	66	6	4	4	0	1	NA	NA	NA	unphased	0.861111111111111	0.861111111111111	1
14	106667682	106667683	258	20	NA	NA	NA	NA	NA	NA	NA	unphased	NA	NA	1
14	107012986	107012987	141	83	NA	NA	NA	NA	NA	NA	NA	unphased	NA	NA	1
14	107048871	107048872	135	34	NA	NA	NA	NA	NA	NA	NA	unphased	NA	NA	1
15	25429525	25429526	263	101	3	3	0	1	NA	NA	NA	unphased	2.58974358974359	0.863247863247863	3
15	25451252	25451253	20	8	3	3	0	1	NA	NA	NA	unphased	2.66666666666667	0.888888888888889	3
15	34536238	34536239	78	35	3	3	0	1	NA	NA	NA	unphased	2.89085545722714	0.96361848574238	3
15	41797641	41797642	26	8	3	3	0	1	NA	NA	NA	unphased	2.19607843137255	1.09803921568627	2
15	42436332	42436333	58	11	3	3	0	1	NA	NA	NA	unphased	1.48792270531401	1.48792270531401	1
15	48062871	48062872	74	29	3	3	0	1	NA	NA	NA	unphased	2.62783171521036	0.875943905070119	3
15	49284853	49284854	54	42	3	3	0	1	NA	NA	NA	unphased	4.08333333333333	1.36111111111111	3
15	49935623	49935624	63	28	3	3	0	1	NA	NA	NA	unphased	2.87179487179487	0.957264957264957	3
15	50534697	50534698	188	70	3	3	0	1	NA	NA	NA	unphased	2.53229974160207	0.844099913867356	3
15	59752206	59752207	14	10	3	3	0	1	NA	NA	NA	unphased	3.88888888888889	1.2962962962963	3
15	62325677	62325678	23	3	3	3	0	1	NA	NA	NA	unphased	1.07692307692308	1.07692307692308	1
15	63363339	63363340	67	23	3	3	0	1	NA	NA	NA	unphased	2.38518518518519	1.19259259259259	2
15	65888104	65888105	38	13	3	3	0	1	NA	NA	NA	unphased	2.37908496732026	1.18954248366013	2
15	67473676	67473677	38	4	3	3	0	1	NA	NA	NA	unphased	0.888888888888889	0.888888888888889	1
15	71124585	71124586	72	20	3	3	0	1	NA	NA	NA	unphased	2.02898550724638	1.01449275362319	2
15	77471193	77471194	59	9	3	3	0	1	NA	NA	NA	unphased	1.23529411764706	1.23529411764706	1
15	85360090	85360091	15	7	3	3	0	1	NA	NA	NA	unphased	2.96969696969697	0.98989898989899	3
15	87089342	87089343	34	14	3	3	0	1	NA	NA	NA	unphased	2.72222222222222	0.907407407407408	3
15	90172698	90172699	41	16	3	3	0	1	NA	NA	NA	unphased	2.61988304093567	0.873294346978558	3
15	91172585	91172586	307	22	3	3	0	1	NA	NA	NA	unphased	0.624113475177305	0.624113475177305	1
16	2511048	2511049	58	11	4	2	2	1	NA	NA	NA	unphased	1.64734299516908	1.64734299516908	1
16	12875244	12875245	37	6	4	2	2	1	NA	NA	NA	unphased	1.44186046511628	1.44186046511628	1
16	15222080	15222081	82	19	4	2	2	1	NA	NA	NA	unphased	1.94389438943894	0.971947194719472	2
16	16162135	16162136	142	11	4	2	2	1	NA	NA	NA	unphased	0.742919389978213	0.742919389978213	1
16	19548649	19548650	56	21	4	2	2	1	NA	NA	NA	unphased	2.81818181818182	1.40909090909091	2
16	20043587	20043588	62	18	4	2	2	1	NA	NA	NA	unphased	2.325	1.1625	2
16	20554313	20554314	88	14	4	2	2	1	NA	NA	NA	unphased	1.41830065359477	1.41830065359477	1
16	21073885	21073886	104	16	4	2	2	1	NA	NA	NA	unphased	1.37777777777778	1.37777777777778	1
16	21328461	21328462	40	6	4	2	2	1	NA	NA	NA	unphased	1.34782608695652	1.34782608695652	1
16	22152984	22152985	18	5	4	2	2	1	NA	NA	NA	unphased	2.2463768115942	2.2463768115942	1
16	27374419	27374420	50	11	4	2	2	1	NA	NA	NA	unphased	1.86338797814208	0.931693989071038	2
16	28905840	28905841	31	8	4	2	2	1	NA	NA	NA	unphased	2.11965811965812	1.05982905982906	2
16	30392510	30392511	134	20	4	2	2	1	NA	NA	NA	unphased	1.34199134199134	1.34199134199134	1
16	30495235	30495236	172	31	4	2	2	1	NA	NA	NA	unphased	1.57799671592775	0.788998357963875	2
16	30723383	30723384	62	20	4	2	2	1	NA	NA	NA	unphased	2.52032520325203	1.26016260162602	2
16	30748499	30748500	22	4	4	2	2	1	NA	NA	NA	unphased	1.58974358974359	1.58974358974359	1
16	30748500	30748501	21	4	4	2	2	1	NA	NA	NA	unphased	1.65333333333333	1.65333333333333	1
16	31046342	31046343	99	8	4	2	2	1	NA	NA	NA	unphased	0.772585669781931	0.772585669781931	1
16	31485035	31485036	107	8	4	2	2	1	NA	NA	NA	unphased	0.718840579710145	0.718840579710145	1
16	32077465	32077466	288	37	4	2	2	1	NA	NA	NA	unphased	1.17641025641026	1.17641025641026	1
16	47117418	47117419	104	28	4	2	2	1	NA	NA	NA	unphased	2.19191919191919	1.0959595959596	2
16	48117855	48117856	113	33	4	2	2	1	NA	NA	NA	unphased	2.33561643835616	1.16780821917808	2
16	48576959	48576960	56	6	4	2	2	1	NA	NA	NA	unphased	1	1	1
16	49407972	49407973	87	16	4	2	2	1	NA	NA	NA	unphased	1.60517799352751	0.802588996763754	2
16	50338318	50338319	29	4	4	2	2	1	NA	NA	NA	unphased	1.25252525252525	1.25252525252525	1
16	56936383	56936384	45	15	4	2	2	1	NA	NA	NA	unphased	2.58333333333333	1.29166666666667	2
16	57486812	57486813	73	20	4	2	2	1	NA	NA	NA	unphased	2.22222222222222	1.11111111111111	2
16	57712137	57712138	68	12	4	2	2	1	NA	NA	NA	unphased	1.55	1.55	1
16	61858984	61858985	78	15	4	2	2	1	NA	NA	NA	unphased	1.66666666666667	0.833333333333333	2
16	64982667	64982668	11	5	4	2	2	1	NA	NA	NA	unphased	3.22916666666667	1.61458333333333	2
16	64984693	64984694	37	5	4	2	2	1	NA	NA	NA	unphased	1.23015873015873	1.23015873015873	1
16	66975440	66975441	57	7	4	2	2	1	NA	NA	NA	unphased	1.13020833333333	1.13020833333333	1
16	68156593	68156594	69	11	4	2	2	1	NA	NA	NA	unphased	1.42083333333333	1.42083333333333	1
16	68597461	68597462	148	28	4	2	2	1	NA	NA	NA	unphased	1.64393939393939	0.821969696969697	2
16	68867466	68867467	19	4	4	2	2	1	NA	NA	NA	unphased	1.79710144927536	1.79710144927536	1
16	71779115	71779116	88	18	4	2	2	1	NA	NA	NA	unphased	1.75471698113208	0.877358490566038	2
16	71961558	71961559	213	42	4	2	2	1	NA	NA	NA	unphased	1.70196078431373	0.850980392156863	2
16	76350377	76350378	35	6	4	2	2	1	NA	NA	NA	unphased	1.51219512195122	1.51219512195122	1
16	76482811	76482812	34	5	4	2	2	1	NA	NA	NA	unphased	1.32478632478632	1.32478632478632	1
16	76569505	76569506	78	13	4	2	2	1	NA	NA	NA	unphased	1.47619047619048	1.47619047619048	1
16	78064690	78064691	82	11	4	2	2	1	NA	NA	NA	unphased	1.22222222222222	1.22222222222222	1
16	80583452	80583453	46	4	4	2	2	1	NA	NA	NA	unphased	0.826666666666667	0.826666666666667	1
16	81097425	81097426	112	22	4	2	2	1	NA	NA	NA	unphased	1.69651741293532	0.848258706467662	2
16	84070306	84070307	30	5	4	2	2	1	NA	NA	NA	unphased	1.47619047619048	1.47619047619048	1
16	85109449	85109450	60	10	4	2	2	1	NA	NA	NA	unphased	1.47619047619048	1.47619047619048	1
16	90160911	90160912	29	8	NA	NA	NA	NA	NA	NA	NA	unphased	NA	NA	1
17	1578502	1578503	37	14	3	3	0	1	NA	NA	NA	unphased	2.56209150326797	0.854030501089325	3
17	4008082	4008083	57	9	3	3	0	1	NA	NA	NA	unphased	1.27272727272727	1.27272727272727	1
17	4856126	4856127	13	5	3	3	0	1	NA	NA	NA	unphased	2.59259259259259	0.864197530864198	3
17	7577095	7577096	29	10	3	3	0	1	NA	NA	NA	unphased	2.39316239316239	1.1965811965812	2
17	7796812	7796813	24	13	3	3	0	1	NA	NA	NA	unphased	3.27927927927928	1.09309309309309	3
17	8249254	8249255	8	6	3	3	0	1	NA	NA	NA	unphased	4	1.33333333333333	3
17	9546501	9546502	89	25	3	3	0	1	NA	NA	NA	unphased	2.04678362573099	1.0233918128655	2
17	10352301	10352302	57	13	3	3	0	1	NA	NA	NA	unphased	1.73333333333333	0.866666666666667	2
17	10441143	10441144	78	27	3	3	0	1	NA	NA	NA	unphased	2.4	0.8	3
17	11556076	11556077	66	17	3	3	0	1	NA	NA	NA	unphased	1.91164658634538	0.955823293172691	2
17	11726226	11726227	58	31	3	3	0	1	NA	NA	NA	unphased	3.25093632958802	1.08364544319601	3
17	15516138	15516139	56	25	3	3	0	1	NA	NA	NA	unphased	2.88065843621399	0.960219478737998	3
17	15641673	15641674	122	20	3	3	0	1	NA	NA	NA	unphased	1.31455399061033	1.31455399061033	1
17	18881366	18881367	57	30	3	3	0	1	NA	NA	NA	unphased	3.2183908045977	1.0727969348659	3
17	21477581	21477582	10	4	NA	NA	NA	NA	NA	NA	NA	unphased	NA	NA	1
17	25746825	25746826	48	10	5.2	4	2	0.84	0	1	0.16	unphased	1.98850574712644	1.08070964517741	1.84
17	26116677	26116678	83	28	5.2	4	2	0.84	0	1	0.16	unphased	2.90930930930931	1.02440468637652	2.84
17	27306825	27306826	8	2	5.2	4	2	0.84	0	1	0.16	unphased	2.30666666666667	2.30666666666667	1
17	27957792	27957793	134	7	5.2	4	2	0.84	0	1	0.16	unphased	0.5725768321513	0.5725768321513	1
17	32956076	32956077	133	33	5.2	4	2	0.84	0	1	0.16	unphased	2.29277108433735	0.909829795371964	2.52
17	34325362	34325363	40	19	5.2	4	2	0.84	0	1	0.16	unphased	3.71412429378531	1.00927290591992	3.68
17	38510597	38510598	57	6	5.2	4	2	0.84	0	1	0.16	unphased	1.0984126984127	1.0984126984127	1
17	39394619	39394620	126	22	5.2	4	2	0.84	0	1	0.16	unphased	1.71441441441441	1.02048477048477	1.68
17	39919431	39919432	50	26	5.2	4	2	0.84	0	1	0.16	unphased	3.94561403508772	1.02750365497076	3.84
17	40695600	40695601	27	7	5.2	4	2	0.84	0	1	0.16	unphased	2.37450980392157	0.942265795206972	2.52
17	41934477	41934478	42	4	5.2	4	2	0.84	0	1	0.16	unphased	1.00289855072464	1.00289855072464	1
17	43333281	43333282	119	44	5.2	4	2	0.84	0	1	0.16	unphased	3.11329243353783	0.926575129029117	3.36
17	45376865	45376866	54	11	5.2	4	2	0.84	0	1	0.16	unphased	1.95179487179487	1.06075808249721	1.84
17	45376866	45376867	53	10	5.2	4	2	0.84	0	1	0.16	unphased	1.83068783068783	0.994939038417299	1.84
17	45993739	45993740	129	15	5.2	4	2	0.84	0	1	0.16	unphased	1.20138888888889	1.20138888888889	1
17	46111233	46111234	18	3	5.2	4	2	0.84	0	1	0.16	unphased	1.64761904761905	1.64761904761905	1
17	48263688	48263689	114	6	5.2	4	2	0.84	0	1	0.16	unphased	0.576666666666667	0.576666666666667	1
17	48474596	48474597	76	8	5.2	4	2	0.84	0	1	0.16	unphased	1.0984126984127	1.0984126984127	1
17	48600955	48600956	58	28	5.2	4	2	0.84	0	1	0.16	unphased	3.75503875968992	1.02039096730704	3.68
17	48684341	48684342	52	8	5.2	4	2	0.84	0	1	0.16	unphased	1.53777777777778	1.53777777777778	1
17	51901775	51901776	40	8	5.2	4	2	0.84	0	1	0.16	unphased	1.92222222222222	1.04468599033816	1.84
17	56247901	56247902	112	14	5.2	4	2	0.84	0	1	0.16	unphased	1.28148148148148	1.28148148148148	1
17	56557393	56557394	225	14	5.2	4	2	0.84	0	1	0.16	unphased	0.675592747559275	0.675592747559275	1
17	60342172	60342173	13	6	5.2	4	2	0.84	0	1	0.16	unphased	3.64210526315789	0.989702517162471	3.68
17	61623233	61623234	69	9	5.2	4	2	0.84	0	1	0.16	unphased	1.33076923076923	1.33076923076923	1
17	62025345	62025346	24	22	5.2	4	2	0.84	0	1	0.16	unphased	5.51594202898551	1.43644323671498	3.84
17	65962714	65962715	99	8	5.2	4	2	0.84	0	1	0.16	unphased	0.862305295950156	0.862305295950156	1
17	67103889	67103890	74	6	5.2	4	2	0.84	0	1	0.16	unphased	0.865	0.865	1
17	68128374	68128375	137	10	5.2	4	2	0.84	0	1	0.16	unphased	0.784580498866213	0.784580498866213	1
17	74729845	74729846	26	4	5.2	4	2	0.84	0	1	0.16	unphased	1.53777777777778	1.53777777777778	1
17	76116638	76116639	70	7	5.2	4	2	0.84	0	1	0.16	unphased	1.04848484848485	1.04848484848485	1
17	78319271	78319272	81	13	5.2	4	2	0.84	0	1	0.16	unphased	1.59503546099291	1.59503546099291	1
17	79573731	79573732	61	10	5.2	4	2	0.84	0	1	0.16	unphased	1.62441314553991	1.62441314553991	1
17	79662892	79662893	47	5	5.2	4	2	0.84	0	1	0.16	unphased	1.10897435897436	1.10897435897436	1
18	6896571	6896572	68	10	3.38	2	2	0.69	1	1	0.31	unphased	1.24529914529915	1.24529914529915	1
18	13885212	13885213	60	15	3.38	2	2	0.69	1	1	0.31	unphased	1.94266666666667	1.14950690335306	1.69
18	15323296	15323297	16	4	3.38	2	2	0.69	1	1	0.31	unphased	1.94266666666667	1.94266666666667	1
18	21735703	21735704	75	21	3.38	2	2	0.69	1	1	0.31	unphased	2.12479166666667	1.25727317554241	1.69
18	22806253	22806254	91	14	3.38	2	2	0.69	1	1	0.31	unphased	1.29511111111111	1.29511111111111	1
18	22807072	22807073	105	11	3.38	2	2	0.69	1	1	0.31	unphased	0.921091954022988	0.921091954022988	1
18	22807425	22807426	117	31	3.38	2	2	0.69	1	1	0.31	unphased	2.03454954954955	1.20387547310624	1.69
18	28914144	28914145	86	14	3.38	2	2	0.69	1	1	0.31	unphased	1.35986666666667	1.35986666666667	1
18	30992006	30992007	43	12	3.38	2	2	0.69	1	1	0.31	unphased	2.11927272727273	1.25400753093061	1.69
18	32459648	32459649	57	11	3.38	2	2	0.69	1	1	0.31	unphased	1.57127450980392	1.57127450980392	1
18	32682020	32682021	79	15	3.38	2	2	0.69	1	1	0.31	unphased	1.55	1.55	1
18	34539371	34539372	17	8	3.38	2	2	0.69	1	1	0.31	unphased	3.10826666666667	1.83921104536489	1.69
18	40853934	40853935	49	6	3.38	2	2	0.69	1	1	0.31	unphased	1.05963636363636	1.05963636363636	1
18	43493754	43493755	94	13	3.38	2	2	0.69	1	1	0.31	unphased	1.1801246105919	1.1801246105919	1
18	44560606	44560607	78	19	3.38	2	2	0.69	1	1	0.31	unphased	1.9026116838488	1.12580573008805	1.69
18	44560666	44560667	105	36	3.38	2	2	0.69	1	1	0.31	unphased	2.48	1.46745562130178	1.69
18	50994379	50994380	46	16	3	3	0	1	NA	NA	NA	unphased	2.40860215053763	0.802867383512545	3
18	52258502	52258503	63	24	3	3	0	1	NA	NA	NA	unphased	2.57471264367816	0.85823754789272	3
18	64178884	64178885	54	18	3	3	0	1	NA	NA	NA	unphased	2.33333333333333	1.16666666666667	2
18	67741201	67741202	37	24	3	3	0	1	NA	NA	NA	unphased	3.67213114754098	1.22404371584699	3
18	72247445	72247446	22	9	3	3	0	1	NA	NA	NA	unphased	2.70967741935484	0.903225806451613	3
18	77893725	77893726	69	8	NA	NA	NA	NA	NA	NA	NA	unphased	NA	NA	1
19	288085	288086	103	8	NA	NA	NA	NA	NA	NA	NA	unphased	NA	NA	1
19	694910	694911	11	4	1.38	3	0	0.19	1	0	0.81	unphased	2.05688888888889	2.05688888888889	1
19	1881443	1881444	58	7	1.38	3	0	0.19	1	0	0.81	unphased	0.830666666666667	0.830666666666667	1
19	2220146	2220147	26	4	1.38	3	0	0.19	1	0	0.81	unphased	1.02844444444444	1.02844444444444	1
19	2444465	2444466	48	6	1.38	3	0	0.19	1	0	0.81	unphased	0.857037037037037	0.857037037037037	1
19	3381730	3381731	25	12	1.38	3	0	0.19	1	0	0.81	unphased	2.50162162162162	1.14229297790942	2.19
19	3381732	3381733	25	12	1.38	3	0	0.19	1	0	0.81	unphased	2.50162162162162	1.14229297790942	2.19
19	3785123	3785124	24	6	1.38	3	0	0.19	1	0	0.81	unphased	1.54266666666667	1.54266666666667	1
19	6732043	6732044	29	4	1.38	3	0	0.19	1	0	0.81	unphased	0.934949494949495	0.934949494949495	1
19	9058697	9058698	40	9	1.38	3	0	0.19	1	0	0.81	unphased	1.41673469387755	1.41673469387755	1
19	9059072	9059073	91	33	1.38	3	0	0.19	1	0	0.81	unphased	2.05274193548387	0.937325084695831	2.19
19	9075172	9075173	51	21	1.38	3	0	0.19	1	0	0.81	unphased	2.24972222222222	1.02727042110604	2.19
19	9082766	9082767	99	24	1.38	3	0	0.19	1	0	0.81	unphased	1.5050406504065	1.09060916696123	1.38
19	9226194	9226195	128	51	1.38	3	0	0.19	1	0	0.81	unphased	2.19765363128492	1.0034948088059	2.19
19	10249217	10249218	55	6	1.38	3	0	0.19	1	0	0.81	unphased	0.758688524590164	0.758688524590164	1
19	12875624	12875625	83	16	1.38	3	0	0.19	1	0	0.81	unphased	1.24659932659933	1.24659932659933	1
19	13004355	13004356	61	14	1.38	3	0	0.19	1	0	0.81	unphased	1.43982222222222	1.43982222222222	1
19	14071858	14071859	15	3	1.38	3	0	0.19	1	0	0.81	unphased	1.28555555555556	1.28555555555556	1
19	14875406	14875407	16	9	1.38	3	0	0.19	1	0	0.81	unphased	2.7768	1.26794520547945	2.19
19	15757872	15757873	95	16	1.38	3	0	0.19	1	0	0.81	unphased	1.11183183183183	1.11183183183183	1
19	15784337	15784338	61	5	1.38	3	0	0.19	1	0	0.81	unphased	0.584343434343434	0.584343434343434	1
19	16222768	16222769	139	56	1.38	3	0	0.19	1	0	0.81	unphased	2.21511111111111	1.01146626078133	2.19
19	17571645	17571646	48	20	1.38	3	0	0.19	1	0	0.81	unphased	2.26862745098039	1.03590294565315	2.19
19	18170763	18170764	6	4	1.38	3	0	0.19	1	0	0.81	unphased	3.08533333333333	1.40882800608828	2.19
19	22154743	22154744	76	35	1.38	3	0	0.19	1	0	0.81	unphased	2.43213213213213	1.11056261741193	2.19
19	22155074	22155075	44	6	1.38	3	0	0.19	1	0	0.81	unphased	0.9256	0.9256	1
19	22155564	22155565	33	19	1.38	3	0	0.19	1	0	0.81	unphased	2.81833333333333	1.2869101978691	2.19
19	22847747	22847748	83	17	1.38	3	0	0.19	1	0	0.81	unphased	1.31126666666667	1.31126666666667	1
19	23159338	23159339	33	14	1.38	3	0	0.19	1	0	0.81	unphased	2.29758865248227	1.04912723857638	2.19
19	30303883	30303884	65	44	7	7	0	1	0	1	0	unphased	5.3822629969419	1.07645259938838	5
19	34302439	34302440	20	17	7	7	0	1	0	1	0	unphased	6.12612612612613	1.02102102102102	6
19	37005746	37005747	139	112	7	7	0	1	0	1	0	unphased	5.94953519256308	0.991589198760514	6
19	39103296	39103297	32	46	7	7	0	1	0	1	0	unphased	7.86324786324786	1.12332112332112	7
19	39214591	39214592	23	20	7	7	0	1	0	1	0	unphased	6.2015503875969	1.03359173126615	6
19	40480539	40480540	31	39	7	7	0	1	0	1	0	unphased	7.42857142857143	1.06122448979592	7
19	40554636	40554637	133	121	7	7	0	1	0	1	0	unphased	6.35170603674541	1.0586176727909	6
19	43268341	43268342	375	25	7	7	0	1	0	1	0	unphased	0.833333333333333	0.833333333333333	1
19	45496194	45496195	7	11	7	7	0	1	0	1	0	unphased	8.14814814814815	1.16402116402116	7
19	46287939	46287940	129	37	NA	NA	NA	NA	NA	NA	NA	unphased	NA	NA	1
19	47151917	47151918	56	29	1.42	3	0	0.21	1	0	0.79	unphased	2.64525490196078	1.19694791943927	2.21
19	47195021	47195022	83	20	1.42	3	0	0.21	1	0	0.79	unphased	1.50550161812298	1.06021240712886	1.42
19	47844848	47844849	53	20	1.42	3	0	0.21	1	0	0.79	unphased	2.12420091324201	0.961176883819914	2.21
19	49376587	49376588	28	11	1.42	3	0	0.21	1	0	0.79	unphased	2.18683760683761	0.989519279112039	2.21
19	51961665	51961666	30	10	1.42	3	0	0.21	1	0	0.79	unphased	1.93833333333333	0.877073906485671	2.21
19	52942159	52942160	12	4	1.42	3	0	0.21	1	0	0.79	unphased	1.93833333333333	1.93833333333333	1
19	53761992	53761993	62	25	1.42	3	0	0.21	1	0	0.79	unphased	2.227969348659	1.00813092699502	2.21
19	53793906	53793907	11	6	1.42	3	0	0.21	1	0	0.79	unphased	2.73647058823529	1.23822198562683	2.21
19	53886836	53886837	37	7	1.42	3	0	0.21	1	0	0.79	unphased	1.23348484848485	1.23348484848485	1
19	54314335	54314336	78	6	1.42	3	0	0.21	1	0	0.79	unphased	0.553809523809524	0.553809523809524	1
19	54502987	54502988	142	70	1.42	3	0	0.21	1	0	0.79	unphased	2.56006289308176	1.15839949913202	2.21
19	55098787	55098788	26	18	1.42	3	0	0.21	1	0	0.79	unphased	3.17181818181818	1.43521184697655	2.21
19	55255327	55255328	41	27	1.42	3	0	0.21	1	0	0.79	unphased	3.07852941176471	1.39299973383018	2.21
19	55282320	55282321	136	85	1.42	3	0	0.21	1	0	0.79	unphased	2.98205128205128	1.34934447151642	2.21
19	55325167	55325168	53	33	1.42	3	0	0.21	1	0	0.79	unphased	2.97511627906977	1.34620646111754	2.21
19	55331373	55331374	281	125	1.42	3	0	0.21	1	0	0.79	unphased	2.38711001642036	1.08014027892324	2.21
19	55670617	55670618	21	8	1.42	3	0	0.21	1	0	0.79	unphased	2.13885057471264	0.967805689915223	2.21
19	56370568	56370569	71	18	1.42	3	0	0.21	1	0	0.79	unphased	1.56808988764045	1.10428865326792	1.42
19	56424586	56424587	136	66	1.42	3	0	0.21	1	0	0.79	unphased	2.53326732673267	1.14627480847632	2.21
19	57744003	57744004	67	6	1.42	3	0	0.21	1	0	0.79	unphased	0.637260273972603	0.637260273972603	1
19	58370796	58370797	161	69	1.42	3	0	0.21	1	0	0.79	unphased	2.326	1.05248868778281	2.21
19	58384402	58384403	24	11	1.42	3	0	0.21	1	0	0.79	unphased	2.4367619047619	1.10260719672484	2.21
2	1459996	1459997	32	4	2.9	2	2	0.45	1	1	0.55	unphased	1.02592592592593	1.02592592592593	1
2	3341794	3341795	115	10	2.9	2	2	0.45	1	1	0.55	unphased	0.738666666666667	0.738666666666667	1
2	3504653	3504654	40	8	2.9	2	2	0.45	1	1	0.55	unphased	1.53888888888889	1.53888888888889	1
2	10729816	10729817	9	4	2.9	2	2	0.45	1	1	0.55	unphased	2.84102564102564	1.95932802829355	1.45
2	15615812	15615813	30	4	2.9	2	2	0.45	1	1	0.55	unphased	1.08627450980392	1.08627450980392	1
2	16745339	16745340	47	5	2.9	2	2	0.45	1	1	0.55	unphased	0.887820512820513	0.887820512820513	1
2	21246497	21246498	41	9	2.9	2	2	0.45	1	1	0.55	unphased	1.662	1.662	1
2	24205849	24205850	68	10	2.9	2	2	0.45	1	1	0.55	unphased	1.18376068376068	1.18376068376068	1
2	27607564	27607565	151	20	2.9	2	2	0.45	1	1	0.55	unphased	1.07992202729045	1.07992202729045	1
2	27857778	27857779	60	14	2.9	2	2	0.45	1	1	0.55	unphased	1.74684684684685	1.20472196334265	1.45
2	29446261	29446262	50	9	2.9	2	2	0.45	1	1	0.55	unphased	1.40847457627119	1.40847457627119	1
2	29519835	29519836	38	11	2.9	2	2	0.45	1	1	0.55	unphased	2.07278911564626	1.42950973492845	1.45
2	33567971	33567972	50	9	2.9	2	2	0.45	1	1	0.55	unphased	1.40847457627119	1.40847457627119	1
2	40655706	40655707	116	29	2.9	2	2	0.45	1	1	0.55	unphased	1.84666666666667	1.2735632183908	1.45
2	40656123	40656124	73	18	2.9	2	2	0.45	1	1	0.55	unphased	1.82637362637363	1.25956801818871	1.45
2	48925783	48925784	74	9	2.9	2	2	0.45	1	1	0.55	unphased	1.00120481927711	1.00120481927711	1
2	50463972	50463973	40	17	2.9	2	2	0.45	1	1	0.55	unphased	2.75380116959064	1.89917322040734	1.45
2	61010338	61010339	76	21	2.9	2	2	0.45	1	1	0.55	unphased	1.99896907216495	1.37859936011376	1.45
2	61605507	61605508	68	7	2.9	2	2	0.45	1	1	0.55	unphased	0.861777777777778	0.861777777777778	1
2	62066779	62066780	58	16	2.9	2	2	0.45	1	1	0.55	unphased	1.9963963963964	1.37682510096303	1.45
2	69093691	69093692	37	10	2.9	2	2	0.45	1	1	0.55	unphased	1.9645390070922	1.35485448764979	1.45
2	74720289	74720290	59	17	2.9	2	2	0.45	1	1	0.55	unphased	2.06535087719298	1.42437991530551	1.45
2	77745706	77745707	59	21	2.9	2	2	0.45	1	1	0.55	unphased	2.42375	1.67155172413793	1.45
2	80530200	80530201	59	19	2.9	2	2	0.45	1	1	0.55	unphased	2.2491452991453	1.55113468906572	1.45
2	80646706	80646707	74	11	2.9	2	2	0.45	1	1	0.55	unphased	1.19490196078431	1.19490196078431	1
2	80773069	80773070	33	6	2.9	2	2	0.45	1	1	0.55	unphased	1.42051282051282	1.42051282051282	1
2	80874768	80874769	151	27	2.9	2	2	0.45	1	1	0.55	unphased	1.40056179775281	0.965904688105386	1.45
2	85554095	85554096	143	15	3.32	4	1	0.44	1	1	0.56	unphased	0.916455696202532	0.916455696202532	1
2	88056425	88056426	46	6	3.32	4	1	0.44	1	1	0.56	unphased	1.11384615384615	1.11384615384615	1
2	88390655	88390656	135	16	3.32	4	1	0.44	1	1	0.56	unphased	1.02286975717439	1.02286975717439	1
2	88409966	88409967	12	5	3.32	4	1	0.44	1	1	0.56	unphased	2.83921568627451	0.985838779956427	2.88
2	88828654	88828655	68	8	3.32	4	1	0.44	1	1	0.56	unphased	1.01614035087719	1.01614035087719	1
2	89197010	89197011	35	13	3.32	4	1	0.44	1	1	0.56	unphased	2.61444444444444	1.07149362477231	2.44
2	89475966	89475967	161	60	3.32	4	1	0.44	1	1	0.56	unphased	2.62081447963801	1.07410429493361	2.44
2	90139526	90139527	154	44	3.32	4	1	0.44	1	1	0.56	unphased	2.14518518518519	0.924648786717752	2.32
2	90249174	90249175	242	23	3.32	4	1	0.44	1	1	0.56	unphased	0.837836477987421	0.837836477987421	1
2	96652498	96652499	20	13	3.32	4	1	0.44	1	1	0.56	unphased	3.80282828282828	1.10547333803148	3.44
2	98349796	98349797	12	3	3.32	4	1	0.44	1	1	0.56	unphased	1.93066666666667	1.93066666666667	1
2	103300761	103300762	169	53	3.32	4	1	0.44	1	1	0.56	unphased	2.30462462462462	0.993372683027855	2.32
2	107459972	107459973	142	90	3.32	4	1	0.44	1	1	0.56	unphased	3.7448275862069	1.08861267040898	3.44
2	108488014	108488015	19	16	3.32	4	1	0.44	1	1	0.56	unphased	4.41295238095238	1.2828349944629	3.44
2	108488502	108488503	430	32	3.32	4	1	0.44	1	1	0.56	unphased	0.668629148629149	0.668629148629149	1
2	113146969	113146970	37	9	3.32	4	1	0.44	1	1	0.56	unphased	1.88869565217391	1.00462534690102	1.88
2	121107468	121107469	11	7	3.32	4	1	0.44	1	1	0.56	unphased	3.75407407407407	1.09130060292851	3.44
2	125204403	125204404	47	26	3.32	4	1	0.44	1	1	0.56	unphased	3.43817351598174	0.999469045343528	3.44
2	125405453	125405454	12	3	3.32	4	1	0.44	1	1	0.56	unphased	1.93066666666667	1.93066666666667	1
2	127808383	127808384	83	52	3.32	4	1	0.44	1	1	0.56	unphased	3.71832098765432	1.080907263853	3.44
2	128351139	128351140	78	34	3.32	4	1	0.44	1	1	0.56	unphased	2.93047619047619	1.01752645502646	2.88
2	128775443	128775444	56	11	3.32	4	1	0.44	1	1	0.56	unphased	1.58487562189055	1.58487562189055	1
2	130738229	130738230	64	37	3.32	4	1	0.44	1	1	0.56	unphased	3.5363696369637	1.02801442934991	3.44
2	130738284	130738285	74	24	3.32	4	1	0.44	1	1	0.56	unphased	2.36408163265306	1.01900070372977	2.32
2	130832239	130832240	60	21	3.32	4	1	0.44	1	1	0.56	unphased	2.50271604938272	1.02570329892734	2.44
2	131102987	131102988	20	3	3.32	4	1	0.44	1	1	0.56	unphased	1.25913043478261	1.25913043478261	1
2	131521367	131521368	29	18	3.32	4	1	0.44	1	1	0.56	unphased	3.69702127659574	1.07471548738248	3.44
2	132238108	132238109	124	73	3.32	4	1	0.44	1	1	0.56	unphased	3.57712351945855	1.03986148821469	3.44
2	133539710	133539711	161	12	3.32	4	1	0.44	1	1	0.56	unphased	0.669595375722543	0.669595375722543	1
2	136873040	136873041	115	26	3.32	4	1	0.44	1	1	0.56	unphased	1.78004728132388	0.946833660278658	1.88
2	141079549	141079550	132	14	3.32	4	1	0.44	1	1	0.56	unphased	0.925662100456621	0.925662100456621	1
2	141747098	141747099	103	47	3.32	4	1	0.44	1	1	0.56	unphased	3.02471111111111	1.05024691358025	2.88
2	152132018	152132019	101	6	3.32	4	1	0.44	1	1	0.56	unphased	0.541308411214953	0.541308411214953	1
2	155711840	155711841	13	6	3.32	4	1	0.44	1	1	0.56	unphased	3.04842105263158	1.05847953216374	2.88
2	158115853	158115854	54	11	3.32	4	1	0.44	1	1	0.56	unphased	1.63364102564103	1.63364102564103	1
2	158178130	158178131	130	53	3.32	4	1	0.44	1	1	0.56	unphased	2.79577413479053	0.970754907913378	2.88
2	160798646	160798647	51	29	3.32	4	1	0.44	1	1	0.56	unphased	3.49933333333333	1.0172480620155	3.44
2	162821589	162821590	57	5	3.32	4	1	0.44	1	1	0.56	unphased	0.778494623655914	0.778494623655914	1
2	166172031	166172032	117	9	3.32	4	1	0.44	1	1	0.56	unphased	0.68952380952381	0.68952380952381	1
2	168099304	168099305	71	26	3.32	4	1	0.44	1	1	0.56	unphased	2.58749140893471	1.06044729874373	2.44
2	169764699	169764700	18	10	3.32	4	1	0.44	1	1	0.56	unphased	3.44761904761905	1.00221483942414	3.44
2	170012817	170012818	133	10	3.32	4	1	0.44	1	1	0.56	unphased	0.675058275058275	0.675058275058275	1
2	170163810	170163811	117	7	3.32	4	1	0.44	1	1	0.56	unphased	0.54494623655914	0.54494623655914	1
2	171715316	171715317	49	17	3.32	4	1	0.44	1	1	0.56	unphased	2.48646464646465	1.01904288789535	2.44
2	173825889	173825890	205	9	3.32	4	1	0.44	1	1	0.56	unphased	0.405981308411215	0.92268479184367	0.44
2	176958399	176958400	40	10	3.32	4	1	0.44	1	1	0.56	unphased	1.93066666666667	1.02695035460993	1.88
2	179315273	179315274	16	4	3.32	4	1	0.44	1	1	0.56	unphased	1.93066666666667	1.93066666666667	1
2	179398287	179398288	48	28	3.32	4	1	0.44	1	1	0.56	unphased	3.55649122807018	1.03386372909017	3.44
2	179411855	179411856	455	46	3.32	4	1	0.44	1	1	0.56	unphased	0.886333998669328	0.886333998669328	1
2	179431856	179431857	105	75	3.32	4	1	0.44	1	1	0.56	unphased	4.02222222222222	1.16925064599483	3.44
2	179473145	179473146	25	8	3.32	4	1	0.44	1	1	0.56	unphased	2.34020202020202	1.00870776732846	2.32
2	179494982	179494983	96	50	3.32	4	1	0.44	1	1	0.56	unphased	3.30593607305936	0.96102792821493	3.44
2	179516902	179516903	123	69	3.32	4	1	0.44	1	1	0.56	unphased	3.46916666666667	1.00847868217054	3.44
2	179583949	179583950	57	49	3.32	4	1	0.44	1	1	0.56	unphased	4.46238993710692	1.29720637706596	3.44
2	179602946	179602947	34	14	3.32	4	1	0.44	1	1	0.56	unphased	2.81555555555556	0.977623456790124	2.88
2	179611107	179611108	34	23	3.32	4	1	0.44	1	1	0.56	unphased	3.89520467836257	1.13232694138447	3.44
2	179613325	179613326	145	31	3.32	4	1	0.44	1	1	0.56	unphased	1.70030303030303	0.904416505480335	1.88
2	179664421	179664422	74	14	3.32	4	1	0.44	1	1	0.56	unphased	1.53575757575758	1.53575757575758	1
2	182542477	182542478	181	95	3.32	4	1	0.44	1	1	0.56	unphased	3.32270531400966	0.965902707560948	3.44
2	183993023	183993024	57	4	3.32	4	1	0.44	1	1	0.56	unphased	0.633005464480874	0.633005464480874	1
2	186670133	186670134	61	6	3.32	4	1	0.44	1	1	0.56	unphased	0.864477611940298	0.864477611940298	1
2	186670605	186670606	87	29	3.32	4	1	0.44	1	1	0.56	unphased	2.41333333333333	0.989071038251366	2.44
2	187626950	187626951	82	44	3.32	4	1	0.44	1	1	0.56	unphased	3.37100529100529	0.97994339854805	3.44
2	187627259	187627260	99	47	3.32	4	1	0.44	1	1	0.56	unphased	3.1075799086758	1.07902080162354	2.88
2	188250311	188250312	40	3	3.32	4	1	0.44	1	1	0.56	unphased	0.673488372093023	0.673488372093023	1
2	201437778	201437779	202	12	3.32	4	1	0.44	1	1	0.56	unphased	0.541308411214953	1.23024638912489	0.44
2	201474028	201474029	33	3	3.32	4	1	0.44	1	1	0.56	unphased	0.804444444444445	0.804444444444445	1
2	202494489	202494490	68	48	3.32	4	1	0.44	1	1	0.56	unphased	3.99448275862069	1.16118684843625	3.44
2	208988976	208988977	12	6	3.32	4	1	0.44	1	1	0.56	unphased	3.21777777777778	0.935400516795866	3.44
2	210558917	210558918	74	40	3.32	4	1	0.44	1	1	0.56	unphased	3.38713450292398	0.984632122943016	3.44
2	219000009	219000010	44	24	3.32	4	1	0.44	1	1	0.56	unphased	3.40705882352941	0.990424076607387	3.44
2	219299255	219299256	62	25	3.32	4	1	0.44	1	1	0.56	unphased	2.77394636015326	0.963175819497659	2.88
2	219527604	219527605	184	16	3.32	4	1	0.44	1	1	0.56	unphased	0.772266666666667	0.772266666666667	1
2	219566747	219566748	42	25	3.32	4	1	0.44	1	1	0.56	unphased	3.60199004975124	1.04709013074164	3.44
2	225368391	225368392	40	4	3.32	4	1	0.44	1	1	0.56	unphased	0.877575757575758	0.877575757575758	1
2	228004919	228004920	82	42	3.32	4	1	0.44	1	1	0.56	unphased	3.26967741935484	0.950487621905476	3.44
2	234878909	234878910	277	39	3.32	4	1	0.44	1	1	0.56	unphased	1.19139240506329	1.19139240506329	1
2	237489325	237489326	29	17	3.32	4	1	0.44	1	1	0.56	unphased	3.56753623188406	1.03707448601281	3.44
2	238275662	238275663	55	7	3.32	4	1	0.44	1	1	0.56	unphased	1.08989247311828	1.08989247311828	1
2	239140940	239140941	111	17	3.32	4	1	0.44	1	1	0.56	unphased	1.28208333333333	1.28208333333333	1
2	239990287	239990288	54	16	3.32	4	1	0.44	1	1	0.56	unphased	2.20647619047619	0.951067323481117	2.32
2	240969556	240969557	39	15	3.32	4	1	0.44	1	1	0.56	unphased	2.68148148148148	0.931069958847737	2.88
2	241500848	241500849	32	5	3.32	4	1	0.44	1	1	0.56	unphased	1.3045045045045	1.3045045045045	1
20	1903194	1903195	66	9	6	3	3	1	NA	NA	NA	unphased	1.48	1.48	1
20	3673253	3673254	43	11	6	3	3	1	NA	NA	NA	unphased	2.51234567901235	0.837448559670782	3
20	3804636	3804637	31	10	6	3	3	1	NA	NA	NA	unphased	3.00813008130081	1.00271002710027	3
20	7875832	7875833	115	30	6	3	3	1	NA	NA	NA	unphased	2.55172413793103	0.850574712643678	3
20	9561531	9561532	178	46	6	3	3	1	NA	NA	NA	unphased	2.53273809523809	0.844246031746032	3
20	10393357	10393358	53	7	6	3	3	1	NA	NA	NA	unphased	1.43888888888889	1.43888888888889	1
20	13971224	13971225	36	12	6	3	3	1	NA	NA	NA	unphased	3.08333333333333	1.02777777777778	3
20	14306823	14306824	86	25	6	3	3	1	NA	NA	NA	unphased	2.77777777777778	0.925925925925926	3
20	20079313	20079314	111	45	1.18	3	1	0.06	0	1	0.94	unphased	2.16730769230769	1.05209111277072	2.06
20	23017237	23017238	95	9	1.18	3	1	0.06	0	1	0.94	unphased	0.650192307692308	0.650192307692308	1
20	32210975	32210976	73	5	6.4	4	3	0.9	0	1	0.1	unphased	0.816239316239316	0.816239316239316	1
20	34797801	34797802	21	8	6.4	4	3	0.9	0	1	0.1	unphased	3.51264367816092	0.9757343550447	3.6
20	35661273	35661274	115	34	6.4	4	3	0.9	0	1	0.1	unphased	2.90559284116331	1.00192856591838	2.9
20	35802513	35802514	33	12	6.4	4	3	0.9	0	1	0.1	unphased	3.39555555555556	0.94320987654321	3.6
20	39984670	39984671	82	6	6.4	4	3	0.9	0	1	0.1	unphased	0.868181818181818	0.868181818181818	1
20	43052942	43052943	16	5	2.34	3	1	0.17	1	1	0.83	unphased	2.06507936507936	2.06507936507936	1
20	43058193	43058194	125	44	2.34	3	1	0.17	1	1	0.83	unphased	2.25814595660749	1.04062025650115	2.17
20	43385558	43385559	193	76	2.34	3	1	0.17	1	1	0.83	unphased	2.450458488228	1.12924354296221	2.17
20	46281259	46281260	31	19	2.34	3	1	0.17	1	1	0.83	unphased	3.29586666666667	1.51883256528418	2.17
20	51870808	51870809	32	13	2.34	3	1	0.17	1	1	0.83	unphased	2.50562962962963	1.15466803208739	2.17
20	56138752	56138753	86	33	2.34	3	1	0.17	1	1	0.83	unphased	2.40521008403361	1.10839174379429	2.17
20	56191345	56191346	65	9	2.34	3	1	0.17	1	1	0.83	unphased	1.05486486486486	1.05486486486486	1
20	60348143	60348144	30	5	2.34	3	1	0.17	1	1	0.83	unphased	1.23904761904762	1.23904761904762	1
20	61537158	61537159	80	7	2.34	3	1	0.17	1	1	0.83	unphased	0.697854406130268	0.697854406130268	1
20	62199964	62199965	24	3	2.34	3	1	0.17	1	1	0.83	unphased	0.963703703703704	0.963703703703704	1
21	10941906	10941907	210	9	NA	NA	NA	NA	NA	NA	NA	unphased	NA	NA	1
21	19698798	19698799	135	18	1.42	3	1	0.14	0	1	0.86	unphased	0.912156862745098	0.912156862745098	1
21	22881253	22881254	65	24	1.42	3	1	0.14	0	1	0.86	unphased	2.09078651685393	0.977003045258847	2.14
21	28210910	28210911	46	11	1.42	3	1	0.14	0	1	0.86	unphased	1.49625730994152	1.49625730994152	1
21	28337777	28337778	77	19	1.42	3	1	0.14	0	1	0.86	unphased	1.53451388888889	1.19883897569444	1.28
21	31023524	31023525	59	6	1.42	3	1	0.14	0	1	0.86	unphased	0.715692307692308	0.715692307692308	1
21	31914006	31914007	199	18	1.42	3	1	0.14	0	1	0.86	unphased	0.643133640552995	0.643133640552995	1
21	31933542	31933543	115	12	1.42	3	1	0.14	0	1	0.86	unphased	0.73259842519685	0.73259842519685	1
21	32119315	32119316	128	13	1.42	3	1	0.14	0	1	0.86	unphased	0.7148463356974	0.7148463356974	1
21	32119316	32119317	127	12	1.42	3	1	0.14	0	1	0.86	unphased	0.669352517985612	0.669352517985612	1
21	43223077	43223078	158	19	1.42	3	1	0.14	0	1	0.86	unphased	0.832278719397364	0.832278719397364	1
21	46689912	46689913	52	8	1.42	3	1	0.14	0	1	0.86	unphased	1.03377777777778	1.03377777777778	1
21	46875462	46875463	53	7	1.42	3	1	0.14	0	1	0.86	unphased	0.904555555555556	0.904555555555556	1
21	47611048	47611049	58	7	1.42	3	1	0.14	0	1	0.86	unphased	0.834974358974359	0.834974358974359	1
21	47768969	47768970	122	54	NA	NA	NA	NA	NA	NA	NA	unphased	NA	NA	1
21	47977570	47977571	29	9	NA	NA	NA	NA	NA	NA	NA	unphased	NA	NA	1
22	16449183	16449184	35	13	NA	NA	NA	NA	NA	NA	NA	unphased	NA	NA	1
22	17072297	17072298	95	16	NA	NA	NA	NA	NA	NA	NA	unphased	NA	NA	1
22	18138475	18138476	94	5	3.08	2	2	0.54	1	1	0.46	unphased	0.475420875420875	0.475420875420875	1
22	18226768	18226769	113	11	3.08	2	2	0.54	1	1	0.46	unphased	0.83505376344086	0.83505376344086	1
22	19864758	19864759	26	6	3.08	2	2	0.54	1	1	0.46	unphased	1.765	1.765	1
22	21152931	21152932	141	28	3.08	2	2	0.54	1	1	0.46	unphased	1.55960552268245	1.01273085888471	1.54
22	21343119	21343120	144	8	3.08	2	2	0.54	1	1	0.46	unphased	0.495438596491228	0.917478882391163	0.54
22	22764468	22764469	238	60	3.08	2	2	0.54	1	1	0.46	unphased	1.89530201342282	1.2307155931317	1.54
22	22868569	22868570	151	11	3.08	2	2	0.54	1	1	0.46	unphased	0.63917695473251	0.63917695473251	1
22	23055495	23055496	34	10	3.08	2	2	0.54	1	1	0.46	unphased	2.13939393939394	1.3892168437623	1.54
22	25334187	25334188	66	18	3.08	2	2	0.54	1	1	0.46	unphased	2.01714285714286	1.30983302411874	1.54
22	26688934	26688935	70	17	3.08	2	2	0.54	1	1	0.46	unphased	1.83938697318008	1.19440712544161	1.54
22	26839172	26839173	137	15	3.08	2	2	0.54	1	1	0.46	unphased	0.928947368421053	0.928947368421053	1
22	26902739	26902740	84	16	3.08	2	2	0.54	1	1	0.46	unphased	1.50613333333333	1.50613333333333	1
22	27012131	27012132	49	15	3.08	2	2	0.54	1	1	0.46	unphased	2.20625	1.43262987012987	1.54
22	30974930	30974931	54	6	3.08	2	2	0.54	1	1	0.46	unphased	0.941333333333333	0.941333333333333	1
22	31342402	31342403	184	47	3.08	2	2	0.54	1	1	0.46	unphased	1.91526695526696	1.24367984108244	1.54
22	31533818	31533819	219	13	3.08	2	2	0.54	1	1	0.46	unphased	0.527471264367816	0.976798637718178	0.54
22	31688259	31688260	95	9	3.08	2	2	0.54	1	1	0.46	unphased	0.814615384615385	0.814615384615385	1
22	35789514	35789515	179	44	6	3	3	1	NA	NA	NA	unphased	2.43348281016442	0.811160936721475	3
22	38121725	38121726	104	21	6	3	3	1	NA	NA	NA	unphased	2.072	1.036	2
22	38822692	38822693	46	11	6	3	3	1	NA	NA	NA	unphased	2.38011695906433	1.19005847953216	2
22	39385549	39385550	69	10	6	3	3	1	NA	NA	NA	unphased	1.56118143459916	1.56118143459916	1
22	39822856	39822857	127	13	6	3	3	1	NA	NA	NA	unphased	1.1452380952381	1.1452380952381	1
22	40367055	40367056	98	15	6	3	3	1	NA	NA	NA	unphased	1.63716814159292	0.81858407079646	2
22	40417378	40417379	232	17	6	3	3	1	NA	NA	NA	unphased	0.842034805890228	0.842034805890228	1
22	40814544	40814545	55	4	6	3	3	1	NA	NA	NA	unphased	0.836158192090395	0.836158192090395	1
22	41645437	41645438	45	7	6	3	3	1	NA	NA	NA	unphased	1.66025641025641	1.66025641025641	1
22	41745199	41745200	101	16	6	3	3	1	NA	NA	NA	unphased	1.68660968660969	0.843304843304843	2
22	44237717	44237718	84	20	6	3	3	1	NA	NA	NA	unphased	2.37179487179487	1.18589743589744	2
22	44237803	44237804	45	8	6	3	3	1	NA	NA	NA	unphased	1.86163522012579	1.86163522012579	1
22	45960904	45960905	31	6	6	3	3	1	NA	NA	NA	unphased	2	2	1
22	45996262	45996263	340	15	6	3	3	1	NA	NA	NA	unphased	0.52112676056338	0.52112676056338	1
22	46655702	46655703	193	58	6	3	3	1	NA	NA	NA	unphased	2.84993359893758	0.949977866312528	3
22	49103621	49103622	144	31	6	3	3	1	NA	NA	NA	unphased	2.1847619047619	1.09238095238095	2
22	50719225	50719226	35	5	NA	NA	NA	NA	NA	NA	NA	unphased	NA	NA	1
22	50968941	50968942	20	3	NA	NA	NA	NA	NA	NA	NA	unphased	NA	NA	1
3	369945	369946	118	10	NA	NA	NA	NA	NA	NA	NA	unphased	NA	NA	1
3	5025074	5025075	66	9	1.2	3	2	0.05	0	1	0.95	unphased	0.904	0.904	1
3	7621005	7621006	40	4	1.2	3	2	0.05	0	1	0.95	unphased	0.684848484848485	0.684848484848485	1
3	9839446	9839447	40	5	1.2	3	2	0.05	0	1	0.95	unphased	0.837037037037037	0.837037037037037	1
3	10291002	10291003	83	20	1.2	3	2	0.05	0	1	0.95	unphased	1.46278317152104	0.713552766595627	2.05
3	12777077	12777078	88	11	1.2	3	2	0.05	0	1	0.95	unphased	0.837037037037037	0.837037037037037	1
3	14861918	14861919	31	17	1.2	3	2	0.05	0	1	0.95	unphased	2.66805555555556	1.30149051490515	2.05
3	15686656	15686657	122	13	1.2	3	2	0.05	0	1	0.95	unphased	0.725432098765432	0.725432098765432	1
3	21606119	21606120	76	23	1.2	3	2	0.05	0	1	0.95	unphased	1.75016835016835	0.853740658618708	2.05
3	25832985	25832986	128	9	1.2	3	2	0.05	0	1	0.95	unphased	0.494890510948905	0.494890510948905	1
3	35724357	35724358	64	24	1.2	3	2	0.05	0	1	0.95	unphased	2.05454545454545	1.00221729490022	2.05
3	35778811	35778812	30	10	1.2	3	2	0.05	0	1	0.95	unphased	1.88333333333333	0.91869918699187	2.05
3	37458934	37458935	53	14	1.2	3	2	0.05	0	1	0.95	unphased	1.57412935323383	0.767867977187235	2.05
3	38768445	38768446	110	33	1.2	3	2	0.05	0	1	0.95	unphased	1.73846153846154	0.848030018761726	2.05
3	38781149	38781150	35	9	1.2	3	2	0.05	0	1	0.95	unphased	1.54090909090909	1.54090909090909	1
3	38888220	38888221	73	13	1.2	3	2	0.05	0	1	0.95	unphased	1.13875968992248	1.13875968992248	1
3	38888708	38888709	119	28	1.2	3	2	0.05	0	1	0.95	unphased	1.43492063492063	0.699961285327139	2.05
3	38888710	38888711	114	28	1.2	3	2	0.05	0	1	0.95	unphased	1.48544600938967	0.724607809458376	2.05
3	39170264	39170265	130	47	1.2	3	2	0.05	0	1	0.95	unphased	2.00037664783428	0.975793486748427	2.05
3	39226646	39226647	103	7	1.2	3	2	0.05	0	1	0.95	unphased	0.479393939393939	0.479393939393939	1
3	39307999	39308000	36	14	1.2	3	2	0.05	0	1	0.95	unphased	2.10933333333333	1.02894308943089	2.05
3	42956150	42956151	47	22	1.2	3	2	0.05	0	1	0.95	unphased	2.40193236714976	1.17167432543891	2.05
3	48563005	48563006	28	3	1.2	3	2	0.05	0	1	0.95	unphased	0.729032258064516	0.729032258064516	1
3	48605543	48605544	103	10	1.2	3	2	0.05	0	1	0.95	unphased	0.666666666666667	0.666666666666667	1
3	48697223	48697224	80	24	1.2	3	2	0.05	0	1	0.95	unphased	1.73846153846154	0.848030018761726	2.05
3	48697224	48697225	81	24	1.2	3	2	0.05	0	1	0.95	unphased	1.72190476190476	0.839953542392567	2.05
3	48929494	48929495	59	21	1.2	3	2	0.05	0	1	0.95	unphased	1.9775	0.964634146341463	2.05
3	49044233	49044234	45	6	1.2	3	2	0.05	0	1	0.95	unphased	0.886274509803922	0.886274509803922	1
3	51370645	51370646	142	13	1.2	3	2	0.05	0	1	0.95	unphased	0.631827956989247	0.631827956989247	1
3	56468699	56468700	175	19	1.2	3	2	0.05	0	1	0.95	unphased	0.737800687285223	0.737800687285223	1
3	58124019	58124020	100	21	1.2	3	2	0.05	0	1	0.95	unphased	1.30743801652893	1.30743801652893	1
3	61975454	61975455	50	6	1.2	3	2	0.05	0	1	0.95	unphased	0.807142857142857	0.807142857142857	1
3	61975455	61975456	51	6	1.2	3	2	0.05	0	1	0.95	unphased	0.792982456140351	0.792982456140351	1
3	62478011	62478012	271	104	1.2	3	2	0.05	0	1	0.95	unphased	2.08924444444444	1.01914363143631	2.05
3	62478013	62478014	280	107	1.2	3	2	0.05	0	1	0.95	unphased	2.08285960378984	1.01602907501943	2.05
3	73433420	73433421	41	6	1.2	3	2	0.05	0	1	0.95	unphased	0.961702127659575	0.961702127659575	1
3	88039964	88039965	172	22	1.2	3	2	0.05	0	1	0.95	unphased	0.854295532646048	0.854295532646048	1
3	89259219	89259220	129	13	1.2	3	2	0.05	0	1	0.95	unphased	0.689671361502347	0.689671361502347	1
3	89390123	89390124	155	11	1.2	3	2	0.05	0	1	0.95	unphased	0.499196787148595	0.499196787148595	1
3	93605238	93605239	216	41	1.2	3	2	0.05	0	1	0.95	unphased	1.20181582360571	1.20181582360571	1
3	93605239	93605240	214	43	1.2	3	2	0.05	0	1	0.95	unphased	1.26044098573281	1.26044098573281	1
3	93722538	93722539	82	7	1.2	3	2	0.05	0	1	0.95	unphased	0.59250936329588	0.59250936329588	1
3	95374412	95374413	57	18	1.2	3	2	0.05	0	1	0.95	unphased	1.808	0.881951219512195	2.05
3	98073304	98073305	77	18	1.2	3	2	0.05	0	1	0.95	unphased	1.42736842105263	1.42736842105263	1
3	98188928	98188929	289	23	1.2	3	2	0.05	0	1	0.95	unphased	0.55534188034188	0.55534188034188	1
3	98189048	98189049	141	40	1.2	3	2	0.05	0	1	0.95	unphased	1.66482504604052	0.812109778556349	2.05
3	98216530	98216531	92	10	1.2	3	2	0.05	0	1	0.95	unphased	0.738562091503268	0.738562091503268	1
3	101443555	101443556	49	11	1.2	3	2	0.05	0	1	0.95	unphased	1.38111111111111	1.38111111111111	1
3	101447768	101447769	57	9	1.2	3	2	0.05	0	1	0.95	unphased	1.02727272727273	1.02727272727273	1
3	101574010	101574011	73	4	1.2	3	2	0.05	0	1	0.95	unphased	0.391341991341991	0.391341991341991	1
3	108095391	108095392	37	10	1.2	3	2	0.05	0	1	0.95	unphased	1.60283687943262	1.60283687943262	1
3	108189604	108189605	44	10	1.2	3	2	0.05	0	1	0.95	unphased	1.39506172839506	1.39506172839506	1
3	111342669	111342670	51	8	1.2	3	2	0.05	0	1	0.95	unphased	1.02146892655367	1.02146892655367	1
3	112358702	112358703	61	9	1.2	3	2	0.05	0	1	0.95	unphased	0.968571428571429	0.968571428571429	1
3	112648057	112648058	101	19	1.2	3	2	0.05	0	1	0.95	unphased	1.19277777777778	1.19277777777778	1
3	113737531	113737532	257	19	1.2	3	2	0.05	0	1	0.95	unphased	0.518599033816425	0.518599033816425	1
3	115560788	115560789	94	13	1.2	3	2	0.05	0	1	0.95	unphased	0.915264797507788	0.915264797507788	1
3	116163785	116163786	32	9	1.2	3	2	0.05	0	1	0.95	unphased	1.65365853658537	1.65365853658537	1
3	119466072	119466073	50	14	1.2	3	2	0.05	0	1	0.95	unphased	1.64791666666667	0.803861788617886	2.05
3	119887164	119887165	51	25	1.2	3	2	0.05	0	1	0.95	unphased	2.4780701754386	1.20881471972614	2.05
3	121126216	121126217	54	21	1.2	3	2	0.05	0	1	0.95	unphased	2.10933333333333	1.02894308943089	2.05
3	121417021	121417022	132	45	1.2	3	2	0.05	0	1	0.95	unphased	1.91525423728814	0.934270359652749	2.05
3	122278544	122278545	45	18	1.2	3	2	0.05	0	1	0.95	unphased	2.15238095238095	1.04994192799071	2.05
3	125824754	125824755	79	7	1.2	3	2	0.05	0	1	0.95	unphased	0.613178294573643	0.613178294573643	1
3	127983560	127983561	114	39	1.2	3	2	0.05	0	1	0.95	unphased	1.9202614379085	0.93671289654073	2.05
3	130678148	130678149	39	10	1.2	3	2	0.05	0	1	0.95	unphased	1.53741496598639	1.53741496598639	1
3	133478116	133478117	117	26	1.2	3	2	0.05	0	1	0.95	unphased	1.36969696969697	1.36969696969697	1
3	134670881	134670882	143	33	1.2	3	2	0.05	0	1	0.95	unphased	1.4125	1.28409090909091	1.1
3	137850008	137850009	62	29	1.2	3	2	0.05	0	1	0.95	unphased	2.4007326007326	1.1710890735281	2.05
3	140397212	140397213	174	17	1.2	3	2	0.05	0	1	0.95	unphased	0.670506108202443	0.670506108202443	1
3	143214217	143214218	141	48	1.2	3	2	0.05	0	1	0.95	unphased	1.91322751322751	0.933281713769519	2.05
3	145809633	145809634	47	10	1.2	3	2	0.05	0	1	0.95	unphased	1.32163742690058	1.32163742690058	1
3	145912941	145912942	44	14	1.2	3	2	0.05	0	1	0.95	unphased	1.8183908045977	0.887019904681806	2.05
3	147114195	147114196	32	6	1.2	3	2	0.05	0	1	0.95	unphased	1.18947368421053	1.18947368421053	1
3	148459391	148459392	81	9	1.2	3	2	0.05	0	1	0.95	unphased	0.753333333333333	0.753333333333333	1
3	148847542	148847543	16	6	1.2	3	2	0.05	0	1	0.95	unphased	2.05454545454545	2.05454545454545	1
3	151083775	151083776	142	17	1.2	3	2	0.05	0	1	0.95	unphased	0.805450733752621	0.805450733752621	1
3	152553900	152553901	84	20	1.2	3	2	0.05	0	1	0.95	unphased	1.44871794871795	0.706691682301439	2.05
3	154147119	154147120	109	31	1.2	3	2	0.05	0	1	0.95	unphased	1.66809523809524	0.813704994192799	2.05
3	156170724	156170725	185	49	1.2	3	2	0.05	0	1	0.95	unphased	1.57749287749288	0.769508720728233	2.05
3	158983077	158983078	184	40	1.2	3	2	0.05	0	1	0.95	unphased	1.3452380952381	1.22294372294372	1.1
3	164709191	164709192	65	11	1.2	3	2	0.05	0	1	0.95	unphased	1.09035087719298	1.09035087719298	1
3	164906356	164906357	117	23	1.2	3	2	0.05	0	1	0.95	unphased	1.23761904761905	1.23761904761905	1
3	170244606	170244607	36	17	1.2	3	2	0.05	0	1	0.95	unphased	2.41635220125786	1.17870839085749	2.05
3	172474944	172474945	85	5	1.2	3	2	0.05	0	1	0.95	unphased	0.418518518518519	0.418518518518519	1
3	173322610	173322611	138	36	1.2	3	2	0.05	0	1	0.95	unphased	1.55862068965517	0.760302775441548	2.05
3	183907379	183907380	55	6	1.2	3	2	0.05	0	1	0.95	unphased	0.740983606557377	0.740983606557377	1
3	184045207	184045208	63	19	1.2	3	2	0.05	0	1	0.95	unphased	1.74552845528455	0.851477295260758	2.05
3	184046478	184046479	145	45	1.2	3	2	0.05	0	1	0.95	unphased	1.78421052631579	0.870346598202824	2.05
3	184052537	184052538	81	5	1.2	3	2	0.05	0	1	0.95	unphased	0.437984496124031	0.437984496124031	1
3	184102865	184102866	158	54	1.2	3	2	0.05	0	1	0.95	unphased	1.9188679245283	0.936033133916245	2.05
3	186002471	186002472	109	32	1.2	3	2	0.05	0	1	0.95	unphased	1.7096926713948	0.833996425070634	2.05
3	186515343	186515344	123	19	1.2	3	2	0.05	0	1	0.95	unphased	1.00798122065728	1.00798122065728	1
3	191075855	191075856	163	22	1.2	3	2	0.05	0	1	0.95	unphased	0.895855855855856	0.895855855855856	1
3	193029654	193029655	67	16	1.2	3	2	0.05	0	1	0.95	unphased	1.45220883534137	1.45220883534137	1
3	194081493	194081494	48	14	1.2	3	2	0.05	0	1	0.95	unphased	1.7010752688172	0.829792814057173	2.05
4	2306870	2306871	38	17	3	3	0	1	NA	NA	NA	unphased	2.88484848484849	0.961616161616162	3
4	3201609	3201610	31	12	3	3	0	1	NA	NA	NA	unphased	2.6046511627907	0.868217054263566	3
4	3769779	3769780	7	5	3	3	0	1	NA	NA	NA	unphased	3.88888888888889	1.2962962962963	3
4	10027568	10027569	44	19	3	3	0	1	NA	NA	NA	unphased	2.81481481481481	0.938271604938272	3
4	13370267	13370268	27	7	3	3	0	1	NA	NA	NA	unphased	1.92156862745098	1.92156862745098	1
4	13610218	13610219	13	3	3	3	0	1	NA	NA	NA	unphased	1.75	1.75	1
4	17819643	17819644	97	42	3	3	0	1	NA	NA	NA	unphased	2.82014388489209	0.940047961630696	3
4	20543208	20543209	50	6	3	3	0	1	NA	NA	NA	unphased	1	1	1
4	24838914	24838915	33	10	3	3	0	1	NA	NA	NA	unphased	2.17054263565892	1.08527131782946	2
4	25780788	25780789	100	14	3	3	0	1	NA	NA	NA	unphased	1.14619883040936	1.14619883040936	1
4	26483735	26483736	62	41	3	3	0	1	NA	NA	NA	unphased	3.71521035598706	1.23840345199569	3
4	38774992	38774993	81	58	9	7	2	1	0	1	0	unphased	6.39808153477218	1.06634692246203	6
4	47405710	47405711	61	7	4	2	2	1	NA	NA	NA	unphased	1.06372549019608	1.06372549019608	1
4	47663853	47663854	37	5	4	2	2	1	NA	NA	NA	unphased	1.23015873015873	1.23015873015873	1
4	53494231	53494232	52	16	4	2	2	1	NA	NA	NA	unphased	2.43137254901961	1.2156862745098	2
4	56726658	56726659	84	19	4	2	2	1	NA	NA	NA	unphased	1.90614886731392	0.953074433656958	2
4	57193888	57193889	147	32	4	2	2	1	NA	NA	NA	unphased	1.84729981378026	0.92364990689013	2
4	62679562	62679563	45	5	4	2	2	1	NA	NA	NA	unphased	1.03333333333333	1.03333333333333	1
4	68829210	68829211	22	8	4	2	2	1	NA	NA	NA	unphased	2.75555555555556	1.37777777777778	2
4	70156341	70156342	157	46	4	2	2	1	NA	NA	NA	unphased	2.34154351395731	1.17077175697865	2
4	70346426	70346427	119	37	4	2	2	1	NA	NA	NA	unphased	2.4508547008547	1.22542735042735	2
4	70346555	70346556	146	34	4	2	2	1	NA	NA	NA	unphased	1.95185185185185	0.975925925925926	2
4	70465103	70465104	69	13	4	2	2	1	NA	NA	NA	unphased	1.63821138211382	0.819105691056911	2
4	71066319	71066320	30	12	4	2	2	1	NA	NA	NA	unphased	2.95238095238095	1.47619047619048	2
4	72897708	72897709	38	15	4	2	2	1	NA	NA	NA	unphased	2.92452830188679	1.4622641509434	2
4	72994429	72994430	81	15	4	2	2	1	NA	NA	NA	unphased	1.61458333333333	0.807291666666667	2
4	73956694	73956695	257	23	4	2	2	1	NA	NA	NA	unphased	0.848809523809524	0.848809523809524	1
4	75937771	75937772	69	7	4	2	2	1	NA	NA	NA	unphased	0.951754385964912	0.951754385964912	1
4	76927367	76927368	188	32	4	2	2	1	NA	NA	NA	unphased	1.5030303030303	0.751515151515152	2
4	79204010	79204011	100	13	4	2	2	1	NA	NA	NA	unphased	1.18879056047198	1.18879056047198	1
4	80246592	80246593	79	12	4	2	2	1	NA	NA	NA	unphased	1.36263736263736	1.36263736263736	1
4	81188289	81188290	87	16	4	2	2	1	NA	NA	NA	unphased	1.60517799352751	0.802588996763754	2
4	83347645	83347646	99	9	4	2	2	1	NA	NA	NA	unphased	0.861111111111111	0.861111111111111	1
4	83748690	83748691	173	13	4	2	2	1	NA	NA	NA	unphased	0.722222222222222	0.722222222222222	1
4	87643511	87643512	164	36	4	2	2	1	NA	NA	NA	unphased	1.86	0.93	2
4	88583891	88583892	64	7	4	2	2	1	NA	NA	NA	unphased	1.018779342723	1.018779342723	1
4	88584283	88584284	55	11	4	2	2	1	NA	NA	NA	unphased	1.72222222222222	0.861111111111111	2
4	88989118	88989119	54	7	4	2	2	1	NA	NA	NA	unphased	1.18579234972678	1.18579234972678	1
4	90856531	90856532	66	11	4	2	2	1	NA	NA	NA	unphased	1.47619047619048	1.47619047619048	1
4	96762028	96762029	73	26	4	2	2	1	NA	NA	NA	unphased	2.71380471380471	1.35690235690236	2
4	100134760	100134761	97	17	4	2	2	1	NA	NA	NA	unphased	1.54093567251462	0.77046783625731	2
4	100264204	100264205	214	43	4	2	2	1	NA	NA	NA	unphased	1.72892347600519	0.864461738002594	2
4	100470251	100470252	108	21	4	2	2	1	NA	NA	NA	unphased	1.68217054263566	0.84108527131783	2
4	100532333	100532334	102	17	4	2	2	1	NA	NA	NA	unphased	1.47619047619048	1.47619047619048	1
4	103595106	103595107	74	17	4	2	2	1	NA	NA	NA	unphased	1.93040293040293	0.965201465201465	2
4	109738568	109738569	75	6	4	2	2	1	NA	NA	NA	unphased	0.765432098765432	0.765432098765432	1
4	111441485	111441486	90	13	4	2	2	1	NA	NA	NA	unphased	1.3042071197411	1.3042071197411	1
4	111554146	111554147	183	15	4	2	2	1	NA	NA	NA	unphased	0.782828282828283	0.782828282828283	1
4	114277293	114277294	92	28	4	2	2	1	NA	NA	NA	unphased	2.41111111111111	1.20555555555556	2
4	115767067	115767068	80	20	4	2	2	1	NA	NA	NA	unphased	2.06666666666667	1.03333333333333	2
4	115997602	115997603	66	18	4	2	2	1	NA	NA	NA	unphased	2.21428571428571	1.10714285714286	2
4	118006188	118006189	64	8	4	2	2	1	NA	NA	NA	unphased	1.14814814814815	1.14814814814815	1
4	126336492	126336493	85	18	4	2	2	1	NA	NA	NA	unphased	1.80582524271845	0.902912621359223	2
4	126372971	126372972	110	14	4	2	2	1	NA	NA	NA	unphased	1.16666666666667	1.16666666666667	1
4	126412740	126412741	61	11	4	2	2	1	NA	NA	NA	unphased	1.5787037037037	1.5787037037037	1
4	128694752	128694753	30	4	4	2	2	1	NA	NA	NA	unphased	1.2156862745098	1.2156862745098	1
4	134073016	134073017	66	9	4	2	2	1	NA	NA	NA	unphased	1.24	1.24	1
4	138449938	138449939	114	24	4	2	2	1	NA	NA	NA	unphased	1.79710144927536	0.898550724637681	2
4	138451089	138451090	82	11	4	2	2	1	NA	NA	NA	unphased	1.22222222222222	1.22222222222222	1
4	159568211	159568212	61	11	4	2	2	1	NA	NA	NA	unphased	1.5787037037037	1.5787037037037	1
4	163032463	163032464	89	16	4	2	2	1	NA	NA	NA	unphased	1.57460317460317	0.787301587301587	2
4	166385730	166385731	22	8	4	2	2	1	NA	NA	NA	unphased	2.75555555555556	1.37777777777778	2
4	169322028	169322029	58	9	4	2	2	1	NA	NA	NA	unphased	1.38805970149254	1.38805970149254	1
4	174448522	174448523	146	9	4	2	2	1	NA	NA	NA	unphased	0.6	0.6	1
4	177142721	177142722	35	14	4	2	2	1	NA	NA	NA	unphased	2.95238095238095	1.47619047619048	2
4	183522165	183522166	204	21	4	2	2	1	NA	NA	NA	unphased	0.964444444444444	0.964444444444444	1
4	183676380	183676381	34	3	4	2	2	1	NA	NA	NA	unphased	0.837837837837838	0.837837837837838	1
4	184930347	184930348	20	4	4	2	2	1	NA	NA	NA	unphased	1.72222222222222	1.72222222222222	1
4	187527367	187527368	41	5	4	2	2	1	NA	NA	NA	unphased	1.1231884057971	1.1231884057971	1
4	189012859	189012860	182	20	NA	NA	NA	NA	NA	NA	NA	unphased	NA	NA	1
4	189068294	189068295	114	35	NA	NA	NA	NA	NA	NA	NA	unphased	NA	NA	1
4	189068531	189068532	47	9	NA	NA	NA	NA	NA	NA	NA	unphased	NA	NA	1
5	916037	916038	335	14	NA	NA	NA	NA	NA	NA	NA	unphased	NA	NA	1
5	6742602	6742603	32	16	8	4	4	1	NA	NA	NA	unphased	4.77777777777778	1.19444444444444	4
5	7520897	7520898	128	6	8	4	4	1	NA	NA	NA	unphased	0.641791044776119	0.641791044776119	1
5	9066612	9066613	173	54	8	4	4	1	NA	NA	NA	unphased	3.40969162995595	1.13656387665198	3
5	10258572	10258573	96	9	8	4	4	1	NA	NA	NA	unphased	1.22857142857143	1.22857142857143	1
5	11236894	11236895	129	54	8	4	4	1	NA	NA	NA	unphased	4.22950819672131	1.05737704918033	4
5	19747067	19747068	111	34	8	4	4	1	NA	NA	NA	unphased	3.36091954022989	1.12030651340996	3
5	21854809	21854810	63	29	8	4	4	1	NA	NA	NA	unphased	4.51811594202899	1.12952898550725	4
5	21975200	21975201	132	66	8	4	4	1	NA	NA	NA	unphased	4.77777777777778	1.19444444444444	4
5	23526485	23526486	124	47	8	4	4	1	NA	NA	NA	unphased	3.93957115009747	0.984892787524366	4
5	23527324	23527325	165	39	8	4	4	1	NA	NA	NA	unphased	2.74019607843137	0.913398692810457	3
5	24491821	24491822	83	14	8	4	4	1	NA	NA	NA	unphased	2.06872852233677	1.03436426116838	2
5	24537760	24537761	59	11	8	4	4	1	NA	NA	NA	unphased	2.25238095238095	1.12619047619048	2
5	32712560	32712561	118	11	8	4	4	1	NA	NA	NA	unphased	1.22222222222222	1.22222222222222	1
5	33658331	33658332	151	43	8	4	4	1	NA	NA	NA	unphased	3.17697594501718	1.05899198167239	3
5	35876289	35876290	69	16	8	4	4	1	NA	NA	NA	unphased	2.69803921568627	0.899346405228758	3
5	37162575	37162576	81	29	8	4	4	1	NA	NA	NA	unphased	3.77878787878788	0.94469696969697	4
5	39202683	39202684	174	13	8	4	4	1	NA	NA	NA	unphased	0.996434937611408	0.996434937611408	1
5	39364587	39364588	27	17	8	4	4	1	NA	NA	NA	unphased	5.53787878787879	1.3844696969697	4
5	41010119	41010120	74	19	8	4	4	1	NA	NA	NA	unphased	2.92831541218638	0.97610513739546	3
5	41045868	41045869	231	62	8	4	4	1	NA	NA	NA	unphased	3.03299203640501	1.01099734546834	3
5	52397232	52397233	175	55	3	3	0	1	NA	NA	NA	unphased	2.23188405797102	1.11594202898551	2
5	60053391	60053392	44	18	3	3	0	1	NA	NA	NA	unphased	2.70967741935484	0.903225806451613	3
5	60195462	60195463	110	42	3	3	0	1	NA	NA	NA	unphased	2.57894736842105	0.859649122807018	3
5	63256917	63256918	132	72	3	3	0	1	NA	NA	NA	unphased	3.29411764705882	1.09803921568627	3
5	64082412	64082413	22	4	3	3	0	1	NA	NA	NA	unphased	1.43589743589744	1.43589743589744	1
5	65084125	65084126	112	28	3	3	0	1	NA	NA	NA	unphased	1.86666666666667	0.933333333333333	2
5	66479589	66479590	88	35	3	3	0	1	NA	NA	NA	unphased	2.65582655826558	0.885275519421861	3
5	68843831	68843832	9	6	3	3	0	1	NA	NA	NA	unphased	3.73333333333333	1.24444444444444	3
5	74807073	74807074	11	4	3	3	0	1	NA	NA	NA	unphased	2.48888888888889	2.48888888888889	1
5	76721721	76721722	45	5	3	3	0	1	NA	NA	NA	unphased	0.933333333333333	0.933333333333333	1
5	79030272	79030273	37	29	3	3	0	1	NA	NA	NA	unphased	4.1010101010101	1.36700336700337	3
5	82815314	82815315	99	31	3	3	0	1	NA	NA	NA	unphased	2.22564102564103	1.11282051282051	2
5	89756989	89756990	9	7	3	3	0	1	NA	NA	NA	unphased	4.08333333333333	1.36111111111111	3
5	102469322	102469323	80	24	3	3	0	1	NA	NA	NA	unphased	2.15384615384615	1.07692307692308	2
5	112437458	112437459	66	28	3	3	0	1	NA	NA	NA	unphased	2.78014184397163	0.926713947990544	3
5	126156788	126156789	70	17	3	3	0	1	NA	NA	NA	unphased	1.82375478927203	0.911877394636015	2
5	127487035	127487036	72	19	3	3	0	1	NA	NA	NA	unphased	1.94871794871795	0.974358974358974	2
5	127622514	127622515	52	13	3	3	0	1	NA	NA	NA	unphased	1.86666666666667	0.933333333333333	2
5	130828275	130828276	62	31	3	3	0	1	NA	NA	NA	unphased	3.11111111111111	1.03703703703704	3
5	131895050	131895051	88	31	3	3	0	1	NA	NA	NA	unphased	2.43137254901961	0.81045751633987	3
5	136964067	136964068	161	14	3	3	0	1	NA	NA	NA	unphased	0.746666666666667	0.746666666666667	1
5	139231341	139231342	51	6	3	3	0	1	NA	NA	NA	unphased	0.982456140350877	0.982456140350877	1
5	140180779	140180780	67	29	3	3	0	1	NA	NA	NA	unphased	2.81944444444444	0.939814814814815	3
5	140476225	140476226	72	19	3	3	0	1	NA	NA	NA	unphased	1.94871794871795	0.974358974358974	2
5	140552727	140552728	81	31	3	3	0	1	NA	NA	NA	unphased	2.58333333333333	0.861111111111111	3
5	140745189	140745190	82	40	3	3	0	1	NA	NA	NA	unphased	3.06010928961749	1.0200364298725	3
5	140763275	140763276	39	5	3	3	0	1	NA	NA	NA	unphased	1.06060606060606	1.06060606060606	1
5	140764643	140764644	45	12	3	3	0	1	NA	NA	NA	unphased	1.96491228070175	0.982456140350877	2
5	140773762	140773763	21	10	3	3	0	1	NA	NA	NA	unphased	3.01075268817204	1.00358422939068	3
5	140799739	140799740	55	9	3	3	0	1	NA	NA	NA	unphased	1.3125	1.3125	1
5	141236968	141236969	24	8	3	3	0	1	NA	NA	NA	unphased	2.33333333333333	1.16666666666667	2
5	150858947	150858948	66	23	3	3	0	1	NA	NA	NA	unphased	2.41198501872659	0.803995006242197	3
5	151054175	151054176	99	45	3	3	0	1	NA	NA	NA	unphased	2.91666666666667	0.972222222222222	3
5	151784224	151784225	59	12	3	3	0	1	NA	NA	NA	unphased	1.57746478873239	1.57746478873239	1
5	153077699	153077700	24	11	3	3	0	1	NA	NA	NA	unphased	2.93333333333333	0.977777777777778	3
5	154181810	154181811	65	23	3	3	0	1	NA	NA	NA	unphased	2.43939393939394	0.813131313131313	3
5	156964957	156964958	145	9	3	3	0	1	NA	NA	NA	unphased	0.545454545454546	0.545454545454546	1
5	168151446	168151447	61	5	3	3	0	1	NA	NA	NA	unphased	0.707070707070707	0.707070707070707	1
5	169672989	169672990	186	16	3	3	0	1	NA	NA	NA	unphased	0.739273927392739	0.739273927392739	1
5	170883613	170883614	105	14	3	3	0	1	NA	NA	NA	unphased	1.09803921568627	1.09803921568627	1
5	172753011	172753012	110	44	3	3	0	1	NA	NA	NA	unphased	2.66666666666667	0.888888888888889	3
5	174869610	174869611	69	27	3	3	0	1	NA	NA	NA	unphased	2.625	0.875	3
5	174870122	174870123	40	24	3	3	0	1	NA	NA	NA	unphased	3.5	1.16666666666667	3
5	175306928	175306929	24	13	3	3	0	1	NA	NA	NA	unphased	3.27927927927928	1.09309309309309	3
5	175751757	175751758	5	3	3	3	0	1	NA	NA	NA	unphased	3.5	1.16666666666667	3
5	177019266	177019267	8	4	3	3	0	1	NA	NA	NA	unphased	3.11111111111111	1.03703703703704	3
5	179050069	179050070	47	18	3	3	0	1	NA	NA	NA	unphased	2.58461538461539	0.861538461538462	3
5	180048739	180048740	30	11	3	3	0	1	NA	NA	NA	unphased	2.50406504065041	0.834688346883469	3
5	180051010	180051011	37	13	3	3	0	1	NA	NA	NA	unphased	2.42666666666667	0.808888888888889	3
6	572553	572554	56	17	NA	NA	NA	NA	NA	NA	NA	unphased	NA	NA	1
6	2900745	2900746	122	63	4	4	0	1	NA	NA	NA	unphased	3.51891891891892	0.87972972972973	4
6	17292054	17292055	134	43	1.28	4	1	0.07	0	1	0.93	unphased	1.84956685499058	0.893510557966466	2.07
6	17421831	17421832	125	14	1.28	4	1	0.07	0	1	0.93	unphased	0.766810551558753	0.766810551558753	1
6	26217274	26217275	50	6	1.28	4	1	0.07	0	1	0.93	unphased	0.815714285714286	0.815714285714286	1
6	26250534	26250535	124	12	1.28	4	1	0.07	0	1	0.93	unphased	0.671764705882353	0.671764705882353	1
6	26252082	26252083	128	66	1.28	4	1	0.07	0	1	0.93	unphased	2.59010309278351	0.843681789180295	3.07
6	26428228	26428229	50	22	1.28	4	1	0.07	0	1	0.93	unphased	2.3262962962963	1.08705434406369	2.14
6	27222784	27222785	207	54	1.28	4	1	0.07	0	1	0.93	unphased	1.5751724137931	0.760952856904881	2.07
6	28217491	28217492	140	14	1.28	4	1	0.07	0	1	0.93	unphased	0.692121212121212	0.692121212121212	1
6	28227249	28227250	41	15	1.28	4	1	0.07	0	1	0.93	unphased	2.03928571428571	0.985162180814355	2.07
6	28297161	28297162	186	113	1.28	4	1	0.07	0	1	0.93	unphased	2.87727982162765	0.937224697598582	3.07
6	29054079	29054080	29	9	1.28	4	1	0.07	0	1	0.93	unphased	1.80315789473684	0.871090770404272	2.07
6	32163898	32163899	10	4	1.28	4	1	0.07	0	1	0.93	unphased	2.17523809523809	2.17523809523809	1
6	33052925	33052926	83	56	1.28	4	1	0.07	0	1	0.93	unphased	3.06724220623501	0.999101695842023	3.07
6	33287596	33287597	53	27	1.28	4	1	0.07	0	1	0.93	unphased	2.5695	0.836970684039088	3.07
6	34826038	34826039	99	59	1.28	4	1	0.07	0	1	0.93	unphased	2.84295358649789	0.926043513517228	3.07
6	39053882	39053883	25	14	1.28	4	1	0.07	0	1	0.93	unphased	2.73299145299145	0.890225228987444	3.07
6	39507929	39507930	264	14	1.28	4	1	0.07	0	1	0.93	unphased	0.383405275779376	0.383405275779376	1
6	41704542	41704543	123	7	1.28	4	1	0.07	0	1	0.93	unphased	0.409948717948718	0.409948717948718	1
6	43109783	43109784	23	13	1.28	4	1	0.07	0	1	0.93	unphased	2.74925925925926	0.895524188683798	3.07
6	43970829	43970830	48	16	1.28	4	1	0.07	0	1	0.93	unphased	1.90333333333333	0.919484702093398	2.07
6	47682492	47682493	209	20	1.28	4	1	0.07	0	1	0.93	unphased	0.664919941775837	0.664919941775837	1
6	49986798	49986799	133	22	1.28	4	1	0.07	0	1	0.93	unphased	1.08060215053763	1.08060215053763	1
6	50803855	50803856	135	9	1.28	4	1	0.07	0	1	0.93	unphased	0.475833333333333	0.475833333333333	1
6	53379288	53379289	51	4	1.28	4	1	0.07	0	1	0.93	unphased	0.55369696969697	0.55369696969697	1
6	55145221	55145222	68	34	1.28	4	1	0.07	0	1	0.93	unphased	2.53777777777778	0.826637712631198	3.07
6	55364080	55364081	120	38	1.28	4	1	0.07	0	1	0.93	unphased	1.83105485232068	0.884567561507573	2.07
6	62604729	62604730	34	15	1.28	4	1	0.07	0	1	0.93	unphased	2.33061224489796	1.08907114247568	2.14
6	66063485	66063486	70	8	1.28	4	1	0.07	0	1	0.93	unphased	0.780854700854701	0.780854700854701	1
6	66115102	66115103	96	35	1.28	4	1	0.07	0	1	0.93	unphased	2.03409669211196	0.982655406817372	2.07
6	66115228	66115229	206	26	1.28	4	1	0.07	0	1	0.93	unphased	0.853218390804598	0.853218390804598	1
6	70944627	70944628	27	18	1.28	4	1	0.07	0	1	0.93	unphased	3.04533333333333	0.991965255157437	3.07
6	73904297	73904298	119	8	1.28	4	1	0.07	0	1	0.93	unphased	0.479580052493438	0.479580052493438	1
6	75827164	75827165	87	7	1.28	4	1	0.07	0	1	0.93	unphased	0.566950354609929	0.566950354609929	1
6	75875430	75875431	95	12	1.28	4	1	0.07	0	1	0.93	unphased	0.853831775700934	0.853831775700934	1
6	80878645	80878646	101	54	1.28	4	1	0.07	0	1	0.93	unphased	2.65238709677419	0.863969738362929	3.07
6	84233729	84233730	68	40	1.28	4	1	0.07	0	1	0.93	unphased	2.81975308641975	0.918486347367998	3.07
6	85446571	85446572	125	17	1.28	4	1	0.07	0	1	0.93	unphased	0.911455399061033	0.911455399061033	1
6	87725963	87725964	210	19	1.28	4	1	0.07	0	1	0.93	unphased	0.631673944687045	0.631673944687045	1
6	88773878	88773879	103	6	1.28	4	1	0.07	0	1	0.93	unphased	0.419082568807339	0.419082568807339	1
6	93956567	93956568	110	21	4	3	1	1	NA	NA	NA	unphased	1.65648854961832	0.82824427480916	2
6	93967840	93967841	92	17	4	3	1	1	NA	NA	NA	unphased	1.61162079510703	0.805810397553517	2
6	97247513	97247514	92	10	4	3	1	1	NA	NA	NA	unphased	1.01307189542484	1.01307189542484	1
6	97562150	97562151	28	15	4	3	1	1	NA	NA	NA	unphased	3.6046511627907	1.2015503875969	3
6	100395637	100395638	201	35	4	3	1	1	NA	NA	NA	unphased	1.53248587570621	0.766242937853107	2
6	100403902	100403903	60	23	4	3	1	1	NA	NA	NA	unphased	2.86345381526104	0.954484605087015	3
6	107824903	107824904	80	9	4	3	1	1	NA	NA	NA	unphased	1.04494382022472	1.04494382022472	1
6	109190161	109190162	65	25	4	3	1	1	NA	NA	NA	unphased	2.87037037037037	0.95679012345679	3
6	110300857	110300858	51	7	4	3	1	1	NA	NA	NA	unphased	1.24712643678161	1.24712643678161	1
6	112496654	112496655	126	49	4	3	1	1	NA	NA	NA	unphased	2.89333333333333	0.964444444444445	3
6	114181760	114181761	131	10	4	3	1	1	NA	NA	NA	unphased	0.732860520094563	0.732860520094563	1
6	117706998	117706999	78	10	4	3	1	1	NA	NA	NA	unphased	1.17424242424242	1.17424242424242	1
6	117841006	117841007	75	8	4	3	1	1	NA	NA	NA	unphased	0.995983935742972	0.995983935742972	1
6	125139560	125139561	75	5	4	3	1	1	NA	NA	NA	unphased	0.645833333333333	0.645833333333333	1
6	128040880	128040881	82	9	4	3	1	1	NA	NA	NA	unphased	1.02197802197802	1.02197802197802	1
6	129468101	129468102	72	24	4	3	1	1	NA	NA	NA	unphased	2.58333333333333	0.861111111111111	3
6	139564123	139564124	147	14	4	3	1	1	NA	NA	NA	unphased	0.898550724637681	0.898550724637681	1
6	145069548	145069549	38	4	4	3	1	1	NA	NA	NA	unphased	0.984126984126984	0.984126984126984	1
6	150210583	150210584	124	9	4	3	1	1	NA	NA	NA	unphased	0.699248120300752	0.699248120300752	1
6	153332637	153332638	10	10	4	3	1	1	NA	NA	NA	unphased	5.16666666666667	1.72222222222222	3
6	157505487	157505488	53	5	4	3	1	1	NA	NA	NA	unphased	0.89080459770115	0.89080459770115	1
6	160523694	160523695	6	6	4	3	1	1	NA	NA	NA	unphased	5.16666666666667	1.72222222222222	3
6	160858106	160858107	185	15	4	3	1	1	NA	NA	NA	unphased	0.775	0.775	1
6	161969908	161969909	115	30	4	3	1	1	NA	NA	NA	unphased	2.13793103448276	1.06896551724138	2
6	162394429	162394430	40	12	4	3	1	1	NA	NA	NA	unphased	2.38461538461539	1.19230769230769	2
6	169629713	169629714	161	16	4	3	1	1	NA	NA	NA	unphased	0.934086629001883	0.934086629001883	1
6	170033052	170033053	29	7	4	3	1	1	NA	NA	NA	unphased	2.00925925925926	1.00462962962963	2
6	170627005	170627006	96	35	4	3	1	1	NA	NA	NA	unphased	2.76081424936387	0.920271416454623	3
7	550516	550517	15	7	NA	NA	NA	NA	NA	NA	NA	unphased	NA	NA	1
7	1538687	1538688	7	4	3.35	4	3	0.27	1	1	0.73	unphased	3.52121212121212	1.07682327865814	3.27
7	1589782	1589783	6	5	3.35	4	3	0.27	1	1	0.73	unphased	4.40151515151515	1.34602909832268	3.27
7	4007026	4007027	84	14	3.35	4	3	0.27	1	1	0.73	unphased	1.38333333333333	1.38333333333333	1
7	4796695	4796696	88	45	3.35	4	3	0.27	1	1	0.73	unphased	3.27631578947368	1.00193143408981	3.27
7	4874575	4874576	12	5	3.35	4	3	0.27	1	1	0.73	unphased	2.84803921568627	1.12127528176625	2.54
7	5410698	5410699	40	4	3.35	4	3	0.27	1	1	0.73	unphased	0.88030303030303	0.88030303030303	1
7	5680850	5680851	73	40	3.35	4	3	0.27	1	1	0.73	unphased	3.42772861356932	1.0482350500212	3.27
7	8183562	8183563	43	20	3.35	4	3	0.27	1	1	0.73	unphased	3.07407407407407	0.940083814701552	3.27
7	18832987	18832988	9	3	3.35	4	3	0.27	1	1	0.73	unphased	2.42083333333333	2.42083333333333	1
7	20691246	20691247	57	26	3.35	4	3	0.27	1	1	0.73	unphased	3.03333333333333	0.927624872579001	3.27
7	20721144	20721145	70	6	3.35	4	3	0.27	1	1	0.73	unphased	0.764473684210526	0.764473684210526	1
7	21640485	21640486	189	63	3.35	4	3	0.27	1	1	0.73	unphased	2.42083333333333	0.953083989501312	2.54
7	26251813	26251814	41	6	3.35	4	3	0.27	1	1	0.73	unphased	1.23617021276596	1.23617021276596	1
7	27213049	27213050	18	4	3.35	4	3	0.27	1	1	0.73	unphased	1.76060606060606	1.76060606060606	1
7	30490919	30490920	126	29	3.35	4	3	0.27	1	1	0.73	unphased	1.81172043010753	1.00095051387156	1.81
7	31592718	31592719	12	5	3.35	4	3	0.27	1	1	0.73	unphased	2.84803921568627	1.12127528176625	2.54
7	31877504	31877505	311	71	3.35	4	3	0.27	1	1	0.73	unphased	1.79978184991274	0.994354613211458	1.81
7	33014285	33014286	233	94	3.35	4	3	0.27	1	1	0.73	unphased	2.78358817533129	1.09590085642964	2.54
7	34014336	34014337	125	18	3.35	4	3	0.27	1	1	0.73	unphased	1.21888111888112	1.21888111888112	1
7	34889207	34889208	126	73	3.35	4	3	0.27	1	1	0.73	unphased	3.55217755443886	1.08629283010363	3.27
7	36446029	36446030	117	48	3.35	4	3	0.27	1	1	0.73	unphased	2.8169696969697	1.10904318778335	2.54
7	36895238	36895239	140	41	3.35	4	3	0.27	1	1	0.73	unphased	2.19346224677716	0.966282928095667	2.27
7	36959001	36959002	61	4	3.35	4	3	0.27	1	1	0.73	unphased	0.595897435897436	0.595897435897436	1
7	37960402	37960403	81	29	3.35	4	3	0.27	1	1	0.73	unphased	2.55287878787879	1.00507038892866	2.54
7	38295979	38295980	31	7	3.35	4	3	0.27	1	1	0.73	unphased	1.78377192982456	1.78377192982456	1
7	39500315	39500316	9	7	3.35	4	3	0.27	1	1	0.73	unphased	4.23645833333333	1.29555300713558	3.27
7	43484129	43484130	13	7	3.35	4	3	0.27	1	1	0.73	unphased	3.38916666666667	1.03644240570846	3.27
7	43548637	43548638	135	34	3.35	4	3	0.27	1	1	0.73	unphased	1.94812623274162	1.07631283576885	1.81
7	43581558	43581559	125	9	3.35	4	3	0.27	1	1	0.73	unphased	0.650373134328358	0.650373134328358	1
7	44924057	44924058	136	8	3.35	4	3	0.27	1	1	0.73	unphased	0.537962962962963	0.537962962962963	1
7	45753509	45753510	67	29	3.35	4	3	0.27	1	1	0.73	unphased	2.92517361111111	0.894548504926945	3.27
7	47944148	47944149	52	7	3.35	4	3	0.27	1	1	0.73	unphased	1.14887005649718	1.14887005649718	1
7	48046854	48046855	74	13	3.35	4	3	0.27	1	1	0.73	unphased	1.44693486590038	1.44693486590038	1
7	48315596	48315597	23	14	3.35	4	3	0.27	1	1	0.73	unphased	3.66396396396396	1.12047827644158	3.27
7	50514654	50514655	117	15	3.35	4	3	0.27	1	1	0.73	unphased	1.10037878787879	1.10037878787879	1
7	53104241	53104242	59	19	3.35	4	3	0.27	1	1	0.73	unphased	2.35876068376068	1.03910162280206	2.27
7	55224349	55224350	74	34	3.35	4	3	0.27	1	1	0.73	unphased	3.04845679012346	0.932249782912372	3.27
7	56146137	56146138	43	13	3.35	4	3	0.27	1	1	0.73	unphased	2.24791666666667	0.990271659324523	2.27
7	65429375	65429376	89	11	3.35	4	3	0.27	1	1	0.73	unphased	1.06516666666667	1.06516666666667	1
7	72743398	72743399	191	48	3.88	3	3	0.47	1	1	0.53	unphased	2.05121338912134	1.0573264892378	1.94
7	81350103	81350104	39	14	3.88	3	3	0.47	1	1	0.53	unphased	2.69786163522013	1.09225167417819	2.47
7	82585748	82585749	105	7	3.88	3	3	0.47	1	1	0.53	unphased	0.638333333333333	0.638333333333333	1
7	84685078	84685079	82	15	3.88	3	3	0.47	1	1	0.53	unphased	1.57938144329897	1.07440914510134	1.47
7	84697560	84697561	88	9	3.88	3	3	0.47	1	1	0.53	unphased	0.947628865979381	0.947628865979381	1
7	87483518	87483519	70	18	3.88	3	3	0.47	1	1	0.53	unphased	2.08909090909091	1.07685098406748	1.94
7	88423496	88423497	30	10	3.88	3	3	0.47	1	1	0.53	unphased	2.55333333333333	1.03373819163293	2.47
7	88965845	88965846	80	23	3.88	3	3	0.47	1	1	0.53	unphased	2.28064724919094	0.923338967283781	2.47
7	88966075	88966076	205	13	3.88	3	3	0.47	1	1	0.53	unphased	0.609051987767584	1.29585529312252	0.47
7	90377055	90377056	258	18	3.88	3	3	0.47	1	1	0.53	unphased	0.666086956521739	0.666086956521739	1
7	90895698	90895699	183	12	3.88	3	3	0.47	1	1	0.53	unphased	0.628512820512821	0.628512820512821	1
7	91672050	91672051	180	17	3.88	3	3	0.47	1	1	0.53	unphased	0.881353637901861	0.881353637901861	1
7	92164095	92164096	41	8	3.88	3	3	0.47	1	1	0.53	unphased	1.66748299319728	1.66748299319728	1
7	92731986	92731987	235	17	3.88	3	3	0.47	1	1	0.53	unphased	0.688994708994709	0.688994708994709	1
7	92733813	92733814	139	8	3.88	3	3	0.47	1	1	0.53	unphased	0.555827664399093	0.555827664399093	1
7	92734748	92734749	147	51	3.88	3	3	0.47	1	1	0.53	unphased	2.63070707070707	1.06506359137938	2.47
7	94750038	94750039	179	37	3.88	3	3	0.47	1	1	0.53	unphased	1.74950617283951	0.901807305587375	1.94
7	95125233	95125234	66	18	3.88	3	3	0.47	1	1	0.53	unphased	2.18857142857143	0.886061307113939	2.47
7	96747045	96747046	84	34	3.88	3	3	0.47	1	1	0.53	unphased	2.94282485875706	1.1914270683227	2.47
7	99447309	99447310	37	12	3.88	3	3	0.47	1	1	0.53	unphased	2.50122448979592	1.0126414938445	2.47
7	99463536	99463537	38	4	3.88	3	3	0.47	1	1	0.53	unphased	0.972698412698413	0.972698412698413	1
7	100085976	100085977	97	6	3.88	3	3	0.47	1	1	0.53	unphased	0.59495145631068	0.59495145631068	1
7	100395325	100395326	96	31	3.88	3	3	0.47	1	1	0.53	unphased	2.49301837270341	1.00931917923215	2.47
7	100676222	100676223	758	48	3.88	3	3	0.47	1	1	0.53	unphased	0.608238213399504	1.29412385829682	0.47
7	100679088	100679089	504	34	3.88	3	3	0.47	1	1	0.53	unphased	0.64545229244114	0.64545229244114	1
7	100679783	100679784	282	124	3.88	3	3	0.47	1	1	0.53	unphased	3.11934318555008	1.2628919779555	2.47
7	100680499	100680500	472	32	3.88	3	3	0.47	1	1	0.53	unphased	0.648465608465608	0.648465608465608	1
7	100683215	100683216	524	136	3.88	3	3	0.47	1	1	0.53	unphased	2.10456565656566	1.08482765802353	1.94
7	100683455	100683456	544	29	3.88	3	3	0.47	1	1	0.53	unphased	0.516905177428738	1.09979824984838	0.47
7	103205893	103205894	27	9	3.88	3	3	0.47	1	1	0.53	unphased	2.55333333333333	1.03373819163293	2.47
7	107053031	107053032	57	16	3.88	3	3	0.47	1	1	0.53	unphased	2.23853881278539	0.90629101732202	2.47
7	107432338	107432339	97	27	3.88	3	3	0.47	1	1	0.53	unphased	2.22387096774194	0.900352618519002	2.47
7	107605092	107605093	59	19	3.88	3	3	0.47	1	1	0.53	unphased	2.48786324786325	1.00723208415516	2.47
7	113519997	113519998	185	64	3.88	3	3	0.47	1	1	0.53	unphased	2.62511378848728	1.06279910465072	2.47
7	119915075	119915076	217	23	3.88	3	3	0.47	1	1	0.53	unphased	0.978777777777778	0.978777777777778	1
7	120911416	120911417	114	33	3.88	3	3	0.47	1	1	0.53	unphased	2.29278911564626	0.928254702690793	2.47
7	121608162	121608163	120	15	3.88	3	3	0.47	1	1	0.53	unphased	1.13481481481481	1.13481481481481	1
7	126173817	126173818	119	36	3.88	3	3	0.47	1	1	0.53	unphased	2.37212903225806	0.960376126420269	2.47
7	127013540	127013541	88	14	3.88	3	3	0.47	1	1	0.53	unphased	1.40183006535948	1.40183006535948	1
7	127238613	127238614	140	37	3.88	3	3	0.47	1	1	0.53	unphased	2.13499058380414	1.10051061020832	1.94
7	128446345	128446346	9	6	3.88	3	3	0.47	1	1	0.53	unphased	4.08533333333333	1.65398110661269	2.47
7	128493675	128493676	46	20	3.88	3	3	0.47	1	1	0.53	unphased	3.0949494949495	1.2530159898581	2.47
7	128496862	128496863	90	9	3.88	3	3	0.47	1	1	0.53	unphased	0.928484848484849	0.928484848484849	1
7	129847927	129847928	100	31	3.88	3	3	0.47	1	1	0.53	unphased	2.41689567430025	0.978500272996055	2.47
7	129906791	129906792	206	10	3.88	3	3	0.47	1	1	0.53	unphased	0.472839506172839	1.0060415024954	0.47
7	131865425	131865426	36	16	3.88	3	3	0.47	1	1	0.53	unphased	3.1425641025641	1.27229315893284	2.47
7	134260653	134260654	86	10	3.88	3	3	0.47	1	1	0.53	unphased	1.06388888888889	1.06388888888889	1
7	134613569	134613570	75	8	3.88	3	3	0.47	1	1	0.53	unphased	0.984417670682731	0.984417670682731	1
7	135106984	135106985	104	36	3.88	3	3	0.47	1	1	0.53	unphased	2.62628571428571	1.06327356853673	2.47
7	135392915	135392916	165	11	3.88	3	3	0.47	1	1	0.53	unphased	0.638333333333333	0.638333333333333	1
7	137075974	137075975	115	32	3.88	3	3	0.47	1	1	0.53	unphased	2.22331065759637	0.900125772306224	2.47
7	137590466	137590467	291	13	3.88	3	3	0.47	1	1	0.53	unphased	0.436754385964912	0.929264650989175	0.47
7	138944041	138944042	65	31	3.88	3	3	0.47	1	1	0.53	unphased	3.29805555555556	1.33524516419253	2.47
7	140481410	140481411	118	33	3.88	3	3	0.47	1	1	0.53	unphased	2.23205298013245	0.903665174142693	2.47
7	141672756	141672757	64	22	3.88	3	3	0.47	1	1	0.53	unphased	2.61271317829457	1.05777861469416	2.47
7	142000997	142000998	29	6	3.88	3	3	0.47	1	1	0.53	unphased	1.75085714285714	1.75085714285714	1
7	142460404	142460405	242	15	3.88	3	3	0.47	1	1	0.53	unphased	0.596108949416343	1.26831691365179	0.47
7	142568024	142568025	315	51	3.88	3	3	0.47	1	1	0.53	unphased	1.4231693989071	0.968142448236125	1.47
7	142626597	142626598	88	24	3.88	3	3	0.47	1	1	0.53	unphased	2.18857142857143	0.886061307113939	2.47
7	142881156	142881157	100	39	3.88	3	3	0.47	1	1	0.53	unphased	2.86561151079137	1.16016660355926	2.47
7	143454062	143454063	19	5	3.88	3	3	0.47	1	1	0.53	unphased	2.12777777777778	2.12777777777778	1
7	147336212	147336213	189	18	3.88	3	3	0.47	1	1	0.53	unphased	0.888115942028985	0.888115942028985	1
7	149172162	149172163	18	4	3.88	3	3	0.47	1	1	0.53	unphased	1.8569696969697	1.8569696969697	1
7	149467541	149467542	52	15	3.88	3	3	0.47	1	1	0.53	unphased	2.2865671641791	0.925735693999638	2.47
7	149483248	149483249	15	4	3.88	3	3	0.47	1	1	0.53	unphased	2.15017543859649	2.15017543859649	1
7	149500789	149500790	21	4	3.88	3	3	0.47	1	1	0.53	unphased	1.63413333333333	1.63413333333333	1
7	149509186	149509187	61	4	3.88	3	3	0.47	1	1	0.53	unphased	0.628512820512821	0.628512820512821	1
7	150164203	150164204	67	20	3.88	3	3	0.47	1	1	0.53	unphased	2.34789272030651	0.950563854375107	2.47
7	150490382	150490383	28	14	3.88	3	3	0.47	1	1	0.53	unphased	3.40444444444444	1.3783175888439	2.47
7	151932900	151932901	129	14	3.88	3	3	0.47	1	1	0.53	unphased	0.99990675990676	0.99990675990676	1
7	151945259	151945260	276	11	3.88	3	3	0.47	1	1	0.53	unphased	0.391451800232288	0.832876170706996	0.47
7	154862663	154862664	127	23	3.88	3	3	0.47	1	1	0.53	unphased	1.56604444444444	1.06533635676493	1.47
7	154862941	154862942	33	8	3.88	3	3	0.47	1	1	0.53	unphased	1.99284552845528	1.02723996312128	1.94
7	154876004	154876005	112	33	3.88	3	3	0.47	1	1	0.53	unphased	2.32441379310345	0.941058215831356	2.47
7	154876016	154876017	136	38	3.88	3	3	0.47	1	1	0.53	unphased	2.23049808429119	0.903035661656352	2.47
8	10467867	10467868	47	11	2	1	1	0.33	1	1	0.67	unphased	1.58045977011494	1.58045977011494	1
8	22058732	22058733	141	9	2	1	1	0.33	1	1	0.67	unphased	0.5	0.746268656716418	0.67
8	25168015	25168016	36	5	2	1	1	0.33	1	1	0.67	unphased	1.01626016260163	1.01626016260163	1
8	27295393	27295394	25	5	2	1	1	0.33	1	1	0.67	unphased	1.38888888888889	1.38888888888889	1
8	30705978	30705979	58	4	2	1	1	0.33	1	1	0.67	unphased	0.537634408602151	0.537634408602151	1
8	30977912	30977913	56	8	2	1	1	0.33	1	1	0.67	unphased	1.04166666666667	1.04166666666667	1
8	35541232	35541233	26	6	2	1	1	0.33	1	1	0.67	unphased	1.5625	1.5625	1
8	36671867	36671868	21	9	2	1	1	0.33	1	1	0.67	unphased	2.5	2.5	1
8	36766905	36766906	296	43	2	1	1	0.33	1	1	0.67	unphased	1.05703048180924	1.05703048180924	1
8	39646226	39646227	32	5	2	1	1	0.33	1	1	0.67	unphased	1.12612612612613	1.12612612612613	1
8	41542076	41542077	56	9	2	1	1	0.33	1	1	0.67	unphased	1.15384615384615	1.15384615384615	1
8	43211971	43211972	39	6	2	1	1	0.33	1	1	0.67	unphased	1.11111111111111	1.11111111111111	1
8	52232455	52232456	37	6	2.42	3	0	0.42	1	1	0.58	unphased	1.22139534883721	1.22139534883721	1
8	61484659	61484660	23	12	2.42	3	0	0.42	1	1	0.58	unphased	3.00114285714286	1.24014167650531	2.42
8	67958150	67958151	79	25	2.42	3	0	0.42	1	1	0.58	unphased	2.10416666666667	0.869490358126722	2.42
8	70744858	70744859	54	19	2.42	3	0	0.42	1	1	0.58	unphased	2.27826484018265	0.94143175214159	2.42
8	73848594	73848595	102	36	2.42	3	0	0.42	1	1	0.58	unphased	2.28347826086957	0.943586058210564	2.42
8	75932314	75932315	32	21	2.42	3	0	0.42	1	1	0.58	unphased	3.46830188679245	1.43318259784812	2.42
8	77690639	77690640	139	16	2.42	3	0	0.42	1	1	0.58	unphased	0.903569892473118	0.903569892473118	1
8	77763547	77763548	23	8	2.42	3	0	0.42	1	1	0.58	unphased	2.2589247311828	0.933439971563139	2.42
8	77767648	77767649	29	9	2.42	3	0	0.42	1	1	0.58	unphased	2.07315789473684	1.12671624713959	1.84
8	89086856	89086857	66	11	2.42	3	0	0.42	1	1	0.58	unphased	1.25047619047619	1.25047619047619	1
8	91063967	91063968	28	13	2.42	3	0	0.42	1	1	0.58	unphased	2.77544715447155	1.14687898945105	2.42
8	96281412	96281413	147	15	2.42	3	0	0.42	1	1	0.58	unphased	0.810493827160494	0.810493827160494	1
8	99042727	99042728	24	11	2.42	3	0	0.42	1	1	0.58	unphased	2.75104761904762	1.13679653679654	2.42
8	99169909	99169910	44	21	2.42	3	0	0.42	1	1	0.58	unphased	2.828	1.16859504132231	2.42
8	100994229	100994230	157	33	2.42	3	0	0.42	1	1	0.58	unphased	1.52031578947368	1.07064492216457	1.42
8	102705113	102705114	63	18	2.42	3	0	0.42	1	1	0.58	unphased	1.94518518518519	1.05716586151369	1.84
8	110448581	110448582	82	25	2.42	3	0	0.42	1	1	0.58	unphased	2.04517133956386	1.11150616280645	1.84
8	110464484	110464485	56	30	2.42	3	0	0.42	1	1	0.58	unphased	3.05348837209302	1.26177205458389	2.42
8	110497319	110497320	49	25	2.42	3	0	0.42	1	1	0.58	unphased	2.95720720720721	1.22198644925918	2.42
8	113301626	113301627	103	67	2.42	3	0	0.42	1	1	0.58	unphased	3.4498431372549	1.42555501539459	2.42
8	113668413	113668414	82	18	2.42	3	0	0.42	1	1	0.58	unphased	1.5756	1.10957746478873	1.42
8	124664764	124664765	33	26	5.2	6	0	0.84	0	1	0.16	unphased	5.08248587570621	1.0084297372433	5.04
8	131414156	131414157	90	46	5.2	6	0	0.84	0	1	0.16	unphased	3.90098039215686	1.01588031045752	3.84
8	133885313	133885314	34	17	5.2	6	0	0.84	0	1	0.16	unphased	3.84444444444444	1.00115740740741	3.84
8	135524845	135524846	141	7	5.2	6	0	0.84	0	1	0.16	unphased	0.545495495495495	0.545495495495495	1
8	139158254	139158255	157	14	5.2	6	0	0.84	0	1	0.16	unphased	0.944249512670565	0.944249512670565	1
8	140631038	140631039	43	33	5.2	6	0	0.84	0	1	0.16	unphased	5.0078947368421	0.993629908103592	5.04
8	143994038	143994039	58	29	3.97	4	0	0.99	0	1	0.01	unphased	3.43444444444444	0.867283950617284	3.96
8	144332449	144332450	90	36	3.97	4	0	0.99	0	1	0.01	unphased	2.94380952380952	0.991181657848325	2.97
8	144810180	144810181	15	10	3.97	4	0	0.99	0	1	0.01	unphased	4.12133333333333	1.03291562238931	3.99
9	2110341	2110342	76	25	5.96	4	4	0.66	1	1	0.34	unphased	3.04290429042904	1.02110882229163	2.98
9	12704605	12704606	98	39	5.96	4	4	0.66	1	1	0.34	unphased	3.49956204379562	0.956164492840333	3.66
9	13150680	13150681	59	8	5.96	4	4	0.66	1	1	0.34	unphased	1.46786069651741	1.46786069651741	1
9	14720333	14720334	59	11	5.96	4	4	0.66	1	1	0.34	unphased	1.93180952380952	1.16374067699369	1.66
9	19078171	19078172	61	27	5.96	4	4	0.66	1	1	0.34	unphased	3.77181818181818	1.03055141579732	3.66
9	19352177	19352178	46	18	5.96	4	4	0.66	1	1	0.34	unphased	3.4575	1.0414156626506	3.32
9	20881986	20881987	143	8	5.96	4	4	0.66	1	1	0.34	unphased	0.651302428256071	0.651302428256071	1
9	20907240	20907241	201	62	5.96	4	4	0.66	1	1	0.34	unphased	2.89804816223067	0.972499383298883	2.98
9	20953054	20953055	46	10	5.96	4	4	0.66	1	1	0.34	unphased	2.1952380952381	0.946223316912972	2.32
9	21186873	21186874	69	6	5.96	4	4	0.66	1	1	0.34	unphased	0.983466666666667	0.983466666666667	1
9	21206649	21206650	559	40	5.96	4	4	0.66	1	1	0.34	unphased	0.820923761825264	0.820923761825264	1
9	21409264	21409265	198	12	5.96	4	4	0.66	1	1	0.34	unphased	0.702476190476191	0.702476190476191	1
9	32634688	32634689	158	61	5.96	4	4	0.66	1	1	0.34	unphased	3.4241704718417	1.03137664814509	3.32
9	33113436	33113437	91	45	5.96	4	4	0.66	1	1	0.34	unphased	4.06764705882353	1.11137897782064	3.66
9	34249795	34249796	172	13	5.96	4	4	0.66	1	1	0.34	unphased	0.863855855855856	0.863855855855856	1
9	34521482	34521483	81	24	5.96	4	4	0.66	1	1	0.34	unphased	2.80990476190476	1.05635517364841	2.66
9	36117029	36117030	139	37	5.96	4	4	0.66	1	1	0.34	unphased	2.58439393939394	0.97157666894509	2.66
9	36882088	36882089	31	7	5.96	4	4	0.66	1	1	0.34	unphased	2.26456140350877	0.97610405323654	2.32
9	39118157	39118158	213	40	NA	NA	NA	NA	NA	NA	NA	unphased	NA	NA	1
9	39171530	39171531	62	15	NA	NA	NA	NA	NA	NA	NA	unphased	NA	NA	1
9	39178248	39178249	235	14	NA	NA	NA	NA	NA	NA	NA	unphased	NA	NA	1
9	40702746	40702747	472	51	NA	NA	NA	NA	NA	NA	NA	unphased	NA	NA	1
9	40704245	40704246	167	17	NA	NA	NA	NA	NA	NA	NA	unphased	NA	NA	1
9	40705715	40705716	450	51	NA	NA	NA	NA	NA	NA	NA	unphased	NA	NA	1
9	40705717	40705718	436	49	NA	NA	NA	NA	NA	NA	NA	unphased	NA	NA	1
9	40716165	40716166	78	18	NA	NA	NA	NA	NA	NA	NA	unphased	NA	NA	1
9	40774547	40774548	111	6	NA	NA	NA	NA	NA	NA	NA	unphased	NA	NA	1
9	74840611	74840612	143	21	2.98	3	1	0.49	1	1	0.51	unphased	1.19256097560976	1.19256097560976	1
9	77411734	77411735	104	20	2.98	3	1	0.49	1	1	0.51	unphased	1.50215053763441	1.00815472324457	1.49
9	77442832	77442833	125	10	2.98	3	1	0.49	1	1	0.51	unphased	0.689876543209876	0.689876543209876	1
9	79117414	79117415	96	12	2.98	3	1	0.49	1	1	0.51	unphased	1.03481481481481	1.03481481481481	1
9	79325635	79325636	26	10	2.98	3	1	0.49	1	1	0.51	unphased	2.58703703703704	1.03897069760524	2.49
9	79931244	79931245	73	7	2.98	3	1	0.49	1	1	0.51	unphased	0.814916666666667	0.814916666666667	1
9	91994132	91994133	76	4	2.98	3	1	0.49	1	1	0.51	unphased	0.465666666666667	0.465666666666667	1
9	94493207	94493208	58	13	2.98	3	1	0.49	1	1	0.51	unphased	1.70525821596244	0.861241523213354	1.98
9	95375391	95375392	130	11	2.98	3	1	0.49	1	1	0.51	unphased	0.726572104018913	0.726572104018913	1
9	97325680	97325681	66	7	2.98	3	1	0.49	1	1	0.51	unphased	0.893059360730594	0.893059360730594	1
9	99006652	99006653	117	12	2.98	3	1	0.49	1	1	0.51	unphased	0.866356589147287	0.866356589147287	1
9	102607123	102607124	45	10	2.98	3	1	0.49	1	1	0.51	unphased	1.69333333333333	1.69333333333333	1
9	103084050	103084051	87	7	2.98	3	1	0.49	1	1	0.51	unphased	0.69354609929078	0.69354609929078	1
9	104319842	104319843	43	5	2.98	3	1	0.49	1	1	0.51	unphased	0.970138888888889	0.970138888888889	1
9	107331852	107331853	66	15	2.98	3	1	0.49	1	1	0.51	unphased	1.72469135802469	0.871056241426612	1.98
9	107361005	107361006	92	31	2.98	3	1	0.49	1	1	0.51	unphased	2.34726287262873	0.942675852461336	2.49
9	108363571	108363572	77	6	2.98	3	1	0.49	1	1	0.51	unphased	0.673253012048193	0.673253012048193	1
9	112705121	112705122	39	9	2.98	3	1	0.49	1	1	0.51	unphased	1.74625	1.74625	1
9	113132269	113132270	36	3	2.98	3	1	0.49	1	1	0.51	unphased	0.716410256410256	0.716410256410256	1
9	113169031	113169032	226	38	2.98	3	1	0.49	1	1	0.51	unphased	1.34055555555556	0.899701715137957	1.49
9	114359634	114359635	53	5	2.98	3	1	0.49	1	1	0.51	unphased	0.802873563218391	0.802873563218391	1
9	115600940	115600941	108	17	2.98	3	1	0.49	1	1	0.51	unphased	1.26661333333333	1.26661333333333	1
9	115806313	115806314	145	27	2.98	3	1	0.49	1	1	0.51	unphased	1.46197674418605	0.981192445762447	1.49
9	116956728	116956729	168	27	2.98	3	1	0.49	1	1	0.51	unphased	1.28953846153846	1.28953846153846	1
9	117838395	117838396	101	21	2.98	3	1	0.49	1	1	0.51	unphased	1.60311475409836	1.07591594234789	1.49
9	131597918	131597919	25	3	2.98	3	1	0.49	1	1	0.51	unphased	0.997857142857143	0.997857142857143	1
9	131670447	131670448	112	6	2.98	3	1	0.49	1	1	0.51	unphased	0.473559322033898	0.966447595987548	0.49
9	133962939	133962940	51	15	2.98	3	1	0.49	1	1	0.51	unphased	2.11666666666667	1.06902356902357	1.98
9	134039264	134039265	202	49	2.98	3	1	0.49	1	1	0.51	unphased	1.81814077025232	0.91825291426885	1.98
9	135204106	135204107	95	8	2.98	3	1	0.49	1	1	0.51	unphased	0.72336569579288	0.72336569579288	1
9	135447813	135447814	67	5	2.98	3	1	0.49	1	1	0.51	unphased	0.646759259259259	0.646759259259259	1
9	137703227	137703228	165	31	2.98	3	1	0.49	1	1	0.51	unphased	1.47302721088435	0.988608866365338	1.49
9	138589371	138589372	26	7	2.98	3	1	0.49	1	1	0.51	unphased	1.97555555555556	0.997755331088664	1.98
9	139905705	139905706	40	14	2.98	3	1	0.49	1	1	0.51	unphased	2.41456790123457	0.969705984431553	2.49
X	3235986	3235987	16	13	NA	NA	NA	NA	NA	NA	NA	unphased	NA	NA	1
X	11316995	11316996	3	9	NA	NA	NA	NA	NA	NA	NA	unphased	NA	NA	1
X	21674112	21674113	13	5	NA	NA	NA	NA	NA	NA	NA	unphased	NA	NA	1
X	23020011	23020012	22	11	NA	NA	NA	NA	NA	NA	NA	unphased	NA	NA	1
X	30327198	30327199	34	3	NA	NA	NA	NA	NA	NA	NA	unphased	NA	NA	1
X	30726206	30726207	34	6	NA	NA	NA	NA	NA	NA	NA	unphased	NA	NA	1
X	37028485	37028486	22	15	NA	NA	NA	NA	NA	NA	NA	unphased	NA	NA	1
X	52677374	52677375	141	79	NA	NA	NA	NA	NA	NA	NA	unphased	NA	NA	1
X	54956380	54956381	13	7	NA	NA	NA	NA	NA	NA	NA	unphased	NA	NA	1
X	55651048	55651049	29	14	NA	NA	NA	NA	NA	NA	NA	unphased	NA	NA	1
X	67937279	67937280	13	8	NA	NA	NA	NA	NA	NA	NA	unphased	NA	NA	1
X	73064218	73064219	19	14	NA	NA	NA	NA	NA	NA	NA	unphased	NA	NA	1
X	73812541	73812542	83	46	NA	NA	NA	NA	NA	NA	NA	unphased	NA	NA	1
X	78216451	78216452	59	20	NA	NA	NA	NA	NA	NA	NA	unphased	NA	NA	1
X	86773014	86773015	48	21	NA	NA	NA	NA	NA	NA	NA	unphased	NA	NA	1
X	88008655	88008656	11	4	NA	NA	NA	NA	NA	NA	NA	unphased	NA	NA	1
X	91131874	91131875	38	38	NA	NA	NA	NA	NA	NA	NA	unphased	NA	NA	1
X	96328000	96328001	23	4	NA	NA	NA	NA	NA	NA	NA	unphased	NA	NA	1
X	106890893	106890894	72	29	NA	NA	NA	NA	NA	NA	NA	unphased	NA	NA	1
X	107814668	107814669	137	51	NA	NA	NA	NA	NA	NA	NA	unphased	NA	NA	1
X	111155893	111155894	35	26	NA	NA	NA	NA	NA	NA	NA	unphased	NA	NA	1
X	118544215	118544216	56	52	NA	NA	NA	NA	NA	NA	NA	unphased	NA	NA	1
X	129492639	129492640	41	28	NA	NA	NA	NA	NA	NA	NA	unphased	NA	NA	1
X	130215685	130215686	57	40	NA	NA	NA	NA	NA	NA	NA	unphased	NA	NA	1
X	133087217	133087218	71	58	NA	NA	NA	NA	NA	NA	NA	unphased	NA	NA	1
X	135487936	135487937	40	38	NA	NA	NA	NA	NA	NA	NA	unphased	NA	NA	1
X	135741285	135741286	188	121	NA	NA	NA	NA	NA	NA	NA	unphased	NA	NA	1
X	136113091	136113092	152	17	NA	NA	NA	NA	NA	NA	NA	unphased	NA	NA	1
X	140995905	140995906	171	36	NA	NA	NA	NA	NA	NA	NA	unphased	NA	NA	1
X	142718171	142718172	21	13	NA	NA	NA	NA	NA	NA	NA	unphased	NA	NA	1
X	142803912	142803913	5	5	NA	NA	NA	NA	NA	NA	NA	unphased	NA	NA	1
X	149901076	149901077	15	9	NA	NA	NA	NA	NA	NA	NA	unphased	NA	NA	1
X	150912785	150912786	65	29	NA	NA	NA	NA	NA	NA	NA	unphased	NA	NA	1
X	151820192	151820193	62	11	NA	NA	NA	NA	NA	NA	NA	unphased	NA	NA	1
X	151935452	151935453	110	75	NA	NA	NA	NA	NA	NA	NA	unphased	NA	NA	1
X	153137769	153137770	14	9	NA	NA	NA	NA	NA	NA	NA	unphased	NA	NA	1
X	153688867	153688868	28	11	NA	NA	NA	NA	NA	NA	NA	unphased	NA	NA	1
