chr	pos	ref	alt	gene	classification	t_ref_count	t_alt_count	total_depth	vaf	local_cn	major_cn	minor_cn	mcn	multiplicity	ccf	ccf_capped	is_clonal	purity	ploidy
1	865649	C	T	SAMD11	Missense_Mutation	10	7	17	0.4117647058823529	2	1	1	1.3725	1	1.3725	1.0	True	0.6	3.48
1	1147087	G	A	TNFRSF4	Missense_Mutation	11	7	18	0.3888888888888889	2	1	1	1.2963	1	1.2963	1.0	True	0.6	3.48
1	1158713	T	A	SDF4	Missense_Mutation	64	40	104	0.38461538461538464	2	1	1	1.2821	1	1.2821	1.0	True	0.6	3.48
1	1235944	G	A	ACAP3	Missense_Mutation	33	19	52	0.36538461538461536	2	1	1	1.2179	1	1.2179	1.0	True	0.6	3.48
1	1455661	C	T	ATAD3A	Missense_Mutation	82	35	117	0.29914529914529914	2	1	1	0.9972	1	0.9972	0.9972	True	0.6	3.48
1	1647848	G	A	CDK11A	Missense_Mutation	87	37	124	0.29838709677419356	2	1	1	0.9946	1	0.9946	0.9946	True	0.6	3.48
1	2493252	G	A	TNFRSF14	Missense_Mutation	82	44	126	0.3492063492063492	2	1	1	1.164	1	1.164	1.0	True	0.6	3.48
1	2938798	A	C	ACTRT2	Missense_Mutation	32	19	51	0.37254901960784315	2	1	1	1.2418	1	1.2418	1.0	True	0.6	3.48
1	6649218	C	T	ZBTB48	Silent	62	23	85	0.27058823529411763	4	2	2	1.4431	1	1.4431	1.0	True	0.6	3.48
1	6649219	C	T	ZBTB48	Silent	62	23	85	0.27058823529411763	4	2	2	1.4431	1	1.4431	1.0	True	0.6	3.48
1	9780172	G	A	PIK3CD	Missense_Mutation	60	38	98	0.3877551020408163	4	2	2	2.068	2	1.034	1.0	True	0.6	3.48
1	10161224	C	T	UBE4B	Nonsense_Mutation	45	27	72	0.375	4	2	2	2.0	2	1.0	1.0	True	0.6	3.48
1	10479853	C	T	PGD	3'UTR	53	36	89	0.4044943820224719	4	2	2	2.1573	2	1.0787	1.0	True	0.6	3.48
1	10690114	C	T	PEX14	3'UTR	14	9	23	0.391304347826087	4	2	2	2.087	2	1.0435	1.0	True	0.6	3.48
1	10708096	G	A	CASZ1	Missense_Mutation	10	5	15	0.3333333333333333	4	2	2	1.7778	2	0.8889	0.8889	True	0.6	3.48
1	10713736	G	A	CASZ1	Missense_Mutation	39	25	64	0.390625	4	2	2	2.0833	2	1.0417	1.0	True	0.6	3.48
1	11187187	A	T	MTOR	Missense_Mutation	46	20	66	0.30303030303030304	4	2	2	1.6162	2	0.8081	0.8081	False	0.6	3.48
1	11715756	G	A	FBXO2	5'Flank	2	6	8	0.75	4	2	2	4.0	2	2.0	1.0	True	0.6	3.48
1	11715757	G	A	FBXO44	Splice_Site	2	6	8	0.75	4	2	2	4.0	2	2.0	1.0	True	0.6	3.48
1	11716079	C	T	FBXO44	Nonsense_Mutation	69	38	107	0.35514018691588783	4	2	2	1.8941	2	0.947	0.947	True	0.6	3.48
1	11735727	G	A	MAD2L2	Silent	98	63	161	0.391304347826087	4	2	2	2.087	2	1.0435	1.0	True	0.6	3.48
1	11897474	C	T	CLCN6	Missense_Mutation	58	25	83	0.30120481927710846	4	2	2	1.6064	2	0.8032	0.8032	False	0.6	3.48
1	12677392	C	T	DHRS3	5'UTR	38	20	58	0.3448275862068966	4	2	2	1.8391	2	0.9195	0.9195	True	0.6	3.48
1	12704613	C	T	AADACL4	Silent	120	62	182	0.34065934065934067	4	2	2	1.8168	2	0.9084	0.9084	True	0.6	3.48
1	12855983	C	T	PRAMEF1	Silent	182	32	214	0.14953271028037382	4	2	2	0.7975	1	0.7975	0.7975	False	0.6	3.48
1	12943183	G	A	PRAMEF4	Silent	287	40	327	0.12232415902140673	4	2	2	0.6524	1	0.6524	0.6524	False	0.6	3.48
1	12979687	C	T	PRAMEF7	Silent	209	33	242	0.13636363636363635	4	2	2	0.7273	1	0.7273	0.7273	False	0.6	3.48
1	13036329	G	A	PRAMEF22	Missense_Mutation	12	35	47	0.7446808510638298	4	2	2	3.9716	2	1.9858	1.0	True	0.6	3.48
1	13695885	C	T	PRAMEF19	Silent	534	155	689	0.22496371552975328	4	2	2	1.1998	1	1.1998	1.0	True	0.6	3.48
1	15773143	C	G	CTRC	3'UTR	29	19	48	0.3958333333333333	4	2	2	2.1111	2	1.0556	1.0	True	0.6	3.48
1	16257460	C	T	SPEN	Silent	34	20	54	0.37037037037037035	4	2	2	1.9753	2	0.9877	0.9877	True	0.6	3.48
1	16383395	C	T	CLCNKB	Missense_Mutation	27	11	38	0.2894736842105263	4	2	2	1.5439	2	0.7719	0.7719	False	0.6	3.48
1	16535405	C	T	ARHGEF19	Missense_Mutation	26	18	44	0.4090909090909091	4	2	2	2.1818	2	1.0909	1.0	True	0.6	3.48
1	17322889	G	A	ATP13A2	Missense_Mutation	42	34	76	0.4473684210526316	4	2	2	2.386	2	1.193	1.0	True	0.6	3.48
1	17395537	G	A	PADI2	3'UTR	80	22	102	0.21568627450980393	4	2	2	1.1503	1	1.1503	1.0	True	0.6	3.48
1	17609595	C	T	PADI3	3'UTR	22	7	29	0.2413793103448276	4	2	2	1.2874	1	1.2874	1.0	True	0.6	3.48
1	18809378	G	A	KLHDC7A	Missense_Mutation	24	12	36	0.3333333333333333	4	2	2	1.7778	2	0.8889	0.8889	True	0.6	3.48
1	19029590	G	A	PAX7	Missense_Mutation	33	8	41	0.1951219512195122	4	2	2	1.0407	1	1.0407	1.0	True	0.6	3.48
1	19181021	C	T	TAS1R2	Missense_Mutation	34	18	52	0.34615384615384615	4	2	2	1.8462	2	0.9231	0.9231	True	0.6	3.48
1	19181355	C	T	TAS1R2	Nonsense_Mutation	11	12	23	0.5217391304347826	4	2	2	2.7826	2	1.3913	1.0	True	0.6	3.48
1	20990946	C	T	KIF17	3'UTR	7	3	10	0.3	4	2	2	1.6	2	0.8	0.8	False	0.6	3.48
1	21889741	G	A	ALPL	Missense_Mutation	35	23	58	0.39655172413793105	4	2	2	2.1149	2	1.0575	1.0	True	0.6	3.48
1	22159032	G	A	HSPG2	Silent	72	30	102	0.29411764705882354	4	2	2	1.5686	2	0.7843	0.7843	False	0.6	3.48
1	22974110	C	T	C1QC	Missense_Mutation	62	22	84	0.2619047619047619	4	2	2	1.3968	1	1.3968	1.0	True	0.6	3.48
1	23688594	G	A	ZNF436	Silent	87	56	143	0.3916083916083916	4	2	2	2.0886	2	1.0443	1.0	True	0.6	3.48
1	24932237	G	A	NCMAP	Silent	47	12	59	0.2033898305084746	4	2	2	1.0847	1	1.0847	1.0	True	0.6	3.48
1	25824873	C	T	TMEM57	Silent	80	38	118	0.3220338983050847	4	2	2	1.7175	2	0.8588	0.8588	True	0.6	3.48
1	26655269	C	T	AIM1L	Silent	69	38	107	0.35514018691588783	4	2	2	1.8941	2	0.947	0.947	True	0.6	3.48
1	26751920	G	A	LIN28A	Missense_Mutation	110	49	159	0.3081761006289308	4	2	2	1.6436	2	0.8218	0.8218	False	0.6	3.48
1	27177626	G	A	ZDHHC18	Silent	68	38	106	0.3584905660377358	4	2	2	1.9119	2	0.956	0.956	True	0.6	3.48
1	27332350	C	T	FAM46B	3'UTR	16	8	24	0.3333333333333333	4	2	2	1.7778	2	0.8889	0.8889	True	0.6	3.48
1	27631591	C	T	WDTC1	Silent	31	17	48	0.3541666666666667	4	2	2	1.8889	2	0.9444	0.9444	True	0.6	3.48
1	27878454	G	A	AHDC1	Missense_Mutation	15	8	23	0.34782608695652173	4	2	2	1.8551	2	0.9275	0.9275	True	0.6	3.48
1	29585184	G	A	PTPRU	Missense_Mutation	119	35	154	0.22727272727272727	4	2	2	1.2121	1	1.2121	1.0	True	0.6	3.48
1	31438843	C	T	PUM1	Missense_Mutation	65	28	93	0.3010752688172043	4	2	2	1.6057	2	0.8029	0.8029	False	0.6	3.48
1	32196635	G	A	BAI2	Silent	13	7	20	0.35	4	2	2	1.8667	2	0.9333	0.9333	True	0.6	3.48
1	32620246	C	T	KPNA6	Missense_Mutation	33	13	46	0.2826086956521739	4	2	2	1.5072	2	0.7536	0.7536	False	0.6	3.48
1	32846866	G	A	BSDC1	Missense_Mutation	25	7	32	0.21875	4	2	2	1.1667	1	1.1667	1.0	True	0.6	3.48
1	34052145	C	T	CSMD2	Missense_Mutation	63	22	85	0.25882352941176473	4	2	2	1.3804	1	1.3804	1.0	True	0.6	3.48
1	34087838	G	A	CSMD2	Missense_Mutation	75	38	113	0.336283185840708	4	2	2	1.7935	2	0.8968	0.8968	True	0.6	3.48
1	34118059	G	T	CSMD2	Missense_Mutation	66	24	90	0.26666666666666666	4	2	2	1.4222	1	1.4222	1.0	True	0.6	3.48
1	34174812	G	A	CSMD2	Silent	29	21	50	0.42	4	2	2	2.24	2	1.12	1.0	True	0.6	3.48
1	34258122	G	A	CSMD2	Silent	29	16	45	0.35555555555555557	4	2	2	1.8963	2	0.9481	0.9481	True	0.6	3.48
1	34330330	G	A	HMGB4	Missense_Mutation	32	12	44	0.2727272727272727	4	2	2	1.4545	1	1.4545	1.0	True	0.6	3.48
1	34663070	G	A	C1orf94	Missense_Mutation	51	21	72	0.2916666666666667	4	2	2	1.5556	2	0.7778	0.7778	False	0.6	3.48
1	35580054	C	T	ZMYM1	Missense_Mutation	35	8	43	0.18604651162790697	4	2	2	0.9922	1	0.9922	0.9922	True	0.6	3.48
1	35919174	G	A	KIAA0319L	Missense_Mutation	63	34	97	0.35051546391752575	4	2	2	1.8694	2	0.9347	0.9347	True	0.6	3.48
1	36282515	C	T	AGO4	Missense_Mutation	97	68	165	0.4121212121212121	4	2	2	2.198	2	1.099	1.0	True	0.6	3.48
1	36564376	C	T	COL8A2	Silent	15	15	30	0.5	4	2	2	2.6667	2	1.3333	1.0	True	0.6	3.48
1	39802074	C	T	MACF1	Intron	56	39	95	0.4105263157894737	4	2	2	2.1895	2	1.0947	1.0	True	0.6	3.48
1	39910422	C	G	MACF1	Missense_Mutation	49	26	75	0.3466666666666667	4	2	2	1.8489	2	0.9244	0.9244	True	0.6	3.48
1	39926464	C	T	MACF1	Missense_Mutation	128	35	163	0.2147239263803681	4	2	2	1.1452	1	1.1452	1.0	True	0.6	3.48
1	41012272	C	T	ZNF684	Missense_Mutation	48	19	67	0.2835820895522388	4	2	2	1.5124	2	0.7562	0.7562	False	0.6	3.48
1	41303398	G	A	KCNQ4	Missense_Mutation	23	15	38	0.39473684210526316	4	2	2	2.1053	2	1.0526	1.0	True	0.6	3.48
1	42046567	G	A	HIVEP3	Missense_Mutation	46	29	75	0.38666666666666666	4	2	2	2.0622	2	1.0311	1.0	True	0.6	3.48
1	42050393	C	T	HIVEP3	Missense_Mutation	212	32	244	0.13114754098360656	4	2	2	0.6995	1	0.6995	0.6995	False	0.6	3.48
1	44433324	C	T	IPO13	Silent	32	11	43	0.2558139534883721	4	2	2	1.3643	1	1.3643	1.0	True	0.6	3.48
1	45363098	G	A	EIF2B3	Silent	19	11	30	0.36666666666666664	4	2	2	1.9556	2	0.9778	0.9778	True	0.6	3.48
1	45469358	G	A	HECTD3	Silent	88	32	120	0.26666666666666666	4	2	2	1.4222	1	1.4222	1.0	True	0.6	3.48
1	45501489	G	A	ZSWIM5	Missense_Mutation	36	18	54	0.3333333333333333	4	2	2	1.7778	2	0.8889	0.8889	True	0.6	3.48
1	45797756	C	T	MUTYH	Silent	60	31	91	0.34065934065934067	4	2	2	1.8168	2	0.9084	0.9084	True	0.6	3.48
1	47034134	A	C	MKNK1	Missense_Mutation	39	34	73	0.4657534246575342	4	2	2	2.484	2	1.242	1.0	True	0.6	3.48
1	47283644	G	A	CYP4B1	Silent	129	65	194	0.33505154639175255	4	2	2	1.7869	2	0.8935	0.8935	True	0.6	3.48
1	47348647	G	A	CYP4Z2P	RNA	56	17	73	0.2328767123287671	4	2	2	1.242	1	1.242	1.0	True	0.6	3.48
1	47399643	G	A	CYP4A11	Silent	37	27	64	0.421875	4	2	2	2.25	2	1.125	1.0	True	0.6	3.48
1	47501543	G	A	CYP4X1	Silent	33	20	53	0.37735849056603776	4	2	2	2.0126	2	1.0063	1.0	True	0.6	3.48
1	47515792	C	T	CYP4X1	Silent	58	51	109	0.46788990825688076	4	2	2	2.4954	2	1.2477	1.0	True	0.6	3.48
1	47515810	G	A	CYP4X1	Silent	73	29	102	0.28431372549019607	4	2	2	1.5163	2	0.7582	0.7582	False	0.6	3.48
1	47560288	G	A	CYP4Z1	Missense_Mutation	60	33	93	0.3548387096774194	4	2	2	1.8925	2	0.9462	0.9462	True	0.6	3.48
1	52861988	C	T	ORC1	Missense_Mutation	88	43	131	0.3282442748091603	4	2	2	1.7506	2	0.8753	0.8753	True	0.6	3.48
1	52991400	G	A	ZCCHC11	Missense_Mutation	160	95	255	0.37254901960784315	4	2	2	1.9869	2	0.9935	0.9935	True	0.6	3.48
1	53164036	G	A	COA7	5'UTR	21	11	32	0.34375	4	2	2	1.8333	2	0.9167	0.9167	True	0.6	3.48
1	54605545	C	T	CDCP2	Missense_Mutation	23	18	41	0.43902439024390244	4	2	2	2.3415	2	1.1707	1.0	True	0.6	3.48
1	54605546	C	A	CDCP2	Missense_Mutation	24	19	43	0.4418604651162791	4	2	2	2.3566	2	1.1783	1.0	True	0.6	3.48
1	55207154	C	T	TTC4	Missense_Mutation	89	53	142	0.3732394366197183	4	2	2	1.9906	2	0.9953	0.9953	True	0.6	3.48
1	55307350	G	A	C1orf177	Intron	54	23	77	0.2987012987012987	4	2	2	1.5931	2	0.7965	0.7965	False	0.6	3.48
1	55559734	G	A	USP24	Missense_Mutation	29	5	34	0.14705882352941177	4	2	2	0.7843	1	0.7843	0.7843	False	0.6	3.48
1	57185342	T	A	C1orf168	3'UTR	26	13	39	0.3333333333333333	4	2	2	1.7778	2	0.8889	0.8889	True	0.6	3.48
1	57347273	G	A	C8A	Missense_Mutation	51	31	82	0.3780487804878049	4	2	2	2.0163	2	1.0081	1.0	True	0.6	3.48
1	57347274	G	A	C8A	Silent	52	31	83	0.37349397590361444	4	2	2	1.992	2	0.996	0.996	True	0.6	3.48
1	57415271	C	T	C8B	Missense_Mutation	51	16	67	0.23880597014925373	4	2	2	1.2736	1	1.2736	1.0	True	0.6	3.48
1	57476449	C	T	DAB1	Silent	78	39	117	0.3333333333333333	4	2	2	1.7778	2	0.8889	0.8889	True	0.6	3.48
1	62349916	C	T	INADL	Silent	77	51	128	0.3984375	4	2	2	2.125	2	1.0625	1.0	True	0.6	3.48
1	62738893	G	A	KANK4	Missense_Mutation	39	25	64	0.390625	4	2	2	2.0833	2	1.0417	1.0	True	0.6	3.48
1	67147764	C	T	SGIP1	Missense_Mutation	153	59	212	0.2783018867924528	4	2	2	1.4843	1	1.4843	1.0	True	0.6	3.48
1	70505117	C	T	LRRC7	Silent	52	36	88	0.4090909090909091	4	2	2	2.1818	2	1.0909	1.0	True	0.6	3.48
1	74492517	G	A	LRRIQ3	Missense_Mutation	43	26	69	0.37681159420289856	4	2	2	2.0097	2	1.0048	1.0	True	0.6	3.48
1	74649224	A	C	LRRIQ3	Missense_Mutation	31	20	51	0.39215686274509803	4	2	2	2.0915	2	1.0458	1.0	True	0.6	3.48
1	74905258	C	T	TNNI3K	Silent	44	26	70	0.37142857142857144	4	2	2	1.981	2	0.9905	0.9905	True	0.6	3.48
1	74905279	G	A	TNNI3K	Missense_Mutation	46	31	77	0.4025974025974026	4	2	2	2.1472	2	1.0736	1.0	True	0.6	3.48
1	75707705	C	T	SLC44A5	Silent	95	42	137	0.30656934306569344	4	2	2	1.635	2	0.8175	0.8175	False	0.6	3.48
1	76397793	C	T	ASB17	Missense_Mutation	71	55	126	0.4365079365079365	4	2	2	2.328	2	1.164	1.0	True	0.6	3.48
1	78191401	G	A	USP33	Silent	33	23	56	0.4107142857142857	4	2	2	2.1905	2	1.0952	1.0	True	0.6	3.48
1	82456395	C	T	LPHN2	Silent	97	33	130	0.25384615384615383	4	2	2	1.3538	1	1.3538	1.0	True	0.6	3.48
1	84386840	C	T	TTLL7	Missense_Mutation	55	16	71	0.22535211267605634	4	2	2	1.2019	1	1.2019	1.0	True	0.6	3.48
1	85424294	G	A	MCOLN2	Missense_Mutation	71	46	117	0.39316239316239315	4	2	2	2.0969	2	1.0484	1.0	True	0.6	3.48
1	87805770	G	T	LMO4	Missense_Mutation	91	51	142	0.3591549295774648	4	2	2	1.9155	2	0.9577	0.9577	True	0.6	3.48
1	89518900	C	T	GBP1	3'UTR	6	4	10	0.4	4	2	2	2.1333	2	1.0667	1.0	True	0.6	3.48
1	91740330	C	T	HFM1	Missense_Mutation	71	14	85	0.16470588235294117	4	2	2	0.8784	1	0.8784	0.8784	True	0.6	3.48
1	92470044	C	T	BRDT	Missense_Mutation	73	50	123	0.4065040650406504	4	2	2	2.168	2	1.084	1.0	True	0.6	3.48
1	92470105	G	A	BRDT	Silent	84	38	122	0.3114754098360656	4	2	2	1.6612	2	0.8306	0.8306	False	0.6	3.48
1	94041571	C	T	BCAR3	Missense_Mutation	35	29	64	0.453125	4	2	2	2.4167	2	1.2083	1.0	True	0.6	3.48
1	94337726	G	A	DNTTIP2	Silent	142	82	224	0.36607142857142855	4	2	2	1.9524	2	0.9762	0.9762	True	0.6	3.48
1	94471033	G	T	ABCA4	Silent	66	24	90	0.26666666666666666	4	2	2	1.4222	1	1.4222	1.0	True	0.6	3.48
1	94471034	G	A	ABCA4	Missense_Mutation	67	25	92	0.2717391304347826	4	2	2	1.4493	1	1.4493	1.0	True	0.6	3.48
1	94650919	G	A	ARHGAP29	Silent	81	30	111	0.2702702702702703	4	2	2	1.4414	1	1.4414	1.0	True	0.6	3.48
1	95657311	G	A	TMEM56	Missense_Mutation	144	21	165	0.12727272727272726	4	2	2	0.6788	1	0.6788	0.6788	False	0.6	3.48
1	97700483	G	A	DPYD	Silent	33	16	49	0.32653061224489793	4	2	2	1.7415	2	0.8707	0.8707	True	0.6	3.48
1	98039412	C	T	DPYD	Missense_Mutation	69	34	103	0.3300970873786408	4	2	2	1.7605	2	0.8803	0.8803	True	0.6	3.48
1	100964947	C	T	CDC14A	3'UTR	33	6	39	0.15384615384615385	4	2	2	0.8205	1	0.8205	0.8205	False	0.6	3.48
1	101200150	C	T	VCAM1	Missense_Mutation	22	14	36	0.3888888888888889	4	2	2	2.0741	2	1.037	1.0	True	0.6	3.48
1	103496800	C	T	COL11A1	Missense_Mutation	14	5	19	0.2631578947368421	4	2	2	1.4035	1	1.4035	1.0	True	0.6	3.48
1	104113045	G	A	AMY2B	Intron	44	22	66	0.3333333333333333	4	2	2	1.7778	2	0.8889	0.8889	True	0.6	3.48
1	104297120	G	A	AMY1C	Splice_Site	397	41	438	0.09360730593607305	4	2	2	0.4992	1	0.4992	0.4992	False	0.6	3.48
1	104297133	A	C	AMY1C	Missense_Mutation	417	49	466	0.10515021459227468	4	2	2	0.5608	1	0.5608	0.5608	False	0.6	3.48
1	108145775	C	T	VAV3	Missense_Mutation	49	42	91	0.46153846153846156	4	2	2	2.4615	2	1.2308	1.0	True	0.6	3.48
1	108700165	C	T	SLC25A24	Silent	80	14	94	0.14893617021276595	4	2	2	0.7943	1	0.7943	0.7943	False	0.6	3.48
1	109795343	G	A	CELSR2	Missense_Mutation	151	246	397	0.6196473551637279	2	2	0	2.0655	2	1.0327	1.0	True	0.6	3.48
1	109803663	G	A	CELSR2	Splice_Site	55	105	160	0.65625	2	2	0	2.1875	2	1.0938	1.0	True	0.6	3.48
1	110734611	C	T	SLC6A17	Silent	23	40	63	0.6349206349206349	2	2	0	2.1164	2	1.0582	1.0	True	0.6	3.48
1	110737277	C	T	SLC6A17	Missense_Mutation	24	19	43	0.4418604651162791	2	2	0	1.4729	1	1.4729	1.0	True	0.6	3.48
1	111492641	A	G	LRIF1	Silent	17	23	40	0.575	2	2	0	1.9167	2	0.9583	0.9583	True	0.6	3.48
1	112026335	C	T	ADORA3	Missense_Mutation	7	10	17	0.5882352941176471	2	2	0	1.9608	2	0.9804	0.9804	True	0.6	3.48
1	112525046	C	T	KCND3	Silent	16	28	44	0.6363636363636364	2	2	0	2.1212	2	1.0606	1.0	True	0.6	3.48
1	113234343	C	T	MOV10	Missense_Mutation	32	41	73	0.5616438356164384	2	2	0	1.8721	2	0.9361	0.9361	True	0.6	3.48
1	114448322	G	A	DCLRE1B	Silent	41	24	65	0.36923076923076925	4	2	2	1.9692	2	0.9846	0.9846	True	0.6	3.48
1	114523737	C	T	OLFML3	Silent	33	20	53	0.37735849056603776	4	2	2	2.0126	2	1.0063	1.0	True	0.6	3.48
1	115218614	G	A	AMPD1	Missense_Mutation	76	40	116	0.3448275862068966	4	2	2	1.8391	2	0.9195	0.9195	True	0.6	3.48
1	115487547	G	A	SYCP1	Missense_Mutation	30	17	47	0.3617021276595745	4	2	2	1.9291	2	0.9645	0.9645	True	0.6	3.48
1	115828650	G	A	NGF	3'UTR	60	28	88	0.3181818181818182	4	2	2	1.697	2	0.8485	0.8485	False	0.6	3.48
1	116311134	C	T	CASQ2	Missense_Mutation	27	16	43	0.37209302325581395	4	2	2	1.9845	2	0.9922	0.9922	True	0.6	3.48
1	118420551	G	A	GDAP2	Intron	9	7	16	0.4375	4	2	2	2.3333	2	1.1667	1.0	True	0.6	3.48
1	120307109	C	T	HMGCS2	Missense_Mutation	445	243	688	0.35319767441860467	4	2	2	1.8837	2	0.9419	0.9419	True	0.6	3.48
1	142713605	G	A	RP11-417J8.6	RNA	47	13	60	0.21666666666666667	4	2	2	1.1556	1	1.1556	1.0	True	0.6	3.48
1	144220790	C	T	NBPF8	Silent	247	20	267	0.0749063670411985	4	2	2	0.3995	1	0.3995	0.3995	False	0.6	3.48
1	144917869	A	G	PDE4DIP	Silent	442	85	527	0.16129032258064516	4	2	2	0.8602	1	0.8602	0.8602	True	0.6	3.48
1	145555774	C	T	ANKRD35	Missense_Mutation	34	13	47	0.2765957446808511	4	2	2	1.4752	1	1.4752	1.0	True	0.6	3.48
1	145555775	C	T	ANKRD35	Silent	35	13	48	0.2708333333333333	4	2	2	1.4444	1	1.4444	1.0	True	0.6	3.48
1	145561251	G	A	ANKRD35	Silent	12	8	20	0.4	4	2	2	2.1333	2	1.0667	1.0	True	0.6	3.48
1	145561910	C	T	ANKRD35	Missense_Mutation	119	55	174	0.3160919540229885	4	2	2	1.6858	2	0.8429	0.8429	False	0.6	3.48
1	145562252	C	T	ANKRD35	Missense_Mutation	86	39	125	0.312	4	2	2	1.664	2	0.832	0.832	False	0.6	3.48
1	147380929	G	A	GJA8	Missense_Mutation	69	7	76	0.09210526315789473	4	2	2	0.4912	1	0.4912	0.4912	False	0.6	3.48
1	147955206	G	A	PPIAL4A	Missense_Mutation	26	18	44	0.4090909090909091	4	2	2	2.1818	2	1.0909	1.0	True	0.6	3.48
1	148932901	C	G	RP11-14N7.2	RNA	140	9	149	0.06040268456375839	4	2	2	0.3221	1	0.3221	0.3221	False	0.6	3.48
1	149857848	C	T	HIST2H2BE	Missense_Mutation	42	16	58	0.27586206896551724	4	2	2	1.4713	1	1.4713	1.0	True	0.6	3.48
1	149872059	G	A	BOLA1	3'Flank	30	5	35	0.14285714285714285	4	2	2	0.7619	1	0.7619	0.7619	False	0.6	3.48
1	149885369	C	T	SV2A	Silent	78	26	104	0.25	4	2	2	1.3333	1	1.3333	1.0	True	0.6	3.48
1	149895501	G	A	SF3B4	Missense_Mutation	17	15	32	0.46875	4	2	2	2.5	2	1.25	1.0	True	0.6	3.48
1	150724443	G	A	CTSS	Silent	39	20	59	0.3389830508474576	4	2	2	1.8079	2	0.904	0.904	True	0.6	3.48
1	150975030	G	A	FAM63A	Missense_Mutation	128	52	180	0.28888888888888886	4	2	2	1.5407	2	0.7704	0.7704	False	0.6	3.48
1	150975031	G	A	FAM63A	Silent	127	51	178	0.28651685393258425	4	2	2	1.5281	2	0.764	0.764	False	0.6	3.48
1	151214659	C	T	PIP5K1A	Missense_Mutation	130	73	203	0.35960591133004927	4	2	2	1.9179	2	0.9589	0.9589	True	0.6	3.48
1	151755386	C	T	TDRKH	Missense_Mutation	128	90	218	0.41284403669724773	4	2	2	2.2018	2	1.1009	1.0	True	0.6	3.48
1	152185557	G	A	HRNR	Nonsense_Mutation	28	23	51	0.45098039215686275	4	2	2	2.4052	2	1.2026	1.0	True	0.6	3.48
1	152191971	C	T	HRNR	Missense_Mutation	129	70	199	0.35175879396984927	4	2	2	1.876	2	0.938	0.938	True	0.6	3.48
1	152275195	C	T	FLG	Missense_Mutation	39	24	63	0.38095238095238093	4	2	2	2.0317	2	1.0159	1.0	True	0.6	3.48
1	152286887	T	A	FLG	Nonsense_Mutation	68	36	104	0.34615384615384615	4	2	2	1.8462	2	0.9231	0.9231	True	0.6	3.48
1	153906756	G	A	DENND4B	Silent	11	5	16	0.3125	4	2	2	1.6667	2	0.8333	0.8333	False	0.6	3.48
1	154517326	G	A	TDRD10	Missense_Mutation	47	19	66	0.2878787878787879	4	2	2	1.5354	2	0.7677	0.7677	False	0.6	3.48
1	155264092	G	A	PKLR	Silent	47	8	55	0.14545454545454545	4	2	2	0.7758	1	0.7758	0.7758	False	0.6	3.48
1	155911999	G	A	RXFP4	Missense_Mutation	48	43	91	0.4725274725274725	4	2	2	2.5201	2	1.2601	1.0	True	0.6	3.48
1	156261452	T	C	TMEM79	3'UTR	9	5	14	0.35714285714285715	4	2	2	1.9048	2	0.9524	0.9524	True	0.6	3.48
1	156524173	C	T	IQGAP3	Silent	22	15	37	0.40540540540540543	4	2	2	2.1622	2	1.0811	1.0	True	0.6	3.48
1	156882722	G	A	PEAR1	Silent	58	44	102	0.43137254901960786	4	2	2	2.3007	2	1.1503	1.0	True	0.6	3.48
1	156907240	G	A	ARHGEF11	Missense_Mutation	45	21	66	0.3181818181818182	4	2	2	1.697	2	0.8485	0.8485	False	0.6	3.48
1	156928584	G	A	ARHGEF11	Silent	35	18	53	0.33962264150943394	4	2	2	1.8113	2	0.9057	0.9057	True	0.6	3.48
1	157766900	C	T	FCRL1	Missense_Mutation	54	17	71	0.23943661971830985	4	2	2	1.277	1	1.277	1.0	True	0.6	3.48
1	158047787	C	T	KIRREL	Missense_Mutation	66	38	104	0.36538461538461536	4	2	2	1.9487	2	0.9744	0.9744	True	0.6	3.48
1	158389972	G	A	OR10K2	Missense_Mutation	63	26	89	0.29213483146067415	4	2	2	1.5581	2	0.779	0.779	False	0.6	3.48
1	158390183	G	A	OR10K2	Silent	37	25	62	0.4032258064516129	4	2	2	2.1505	2	1.0753	1.0	True	0.6	3.48
1	158435686	C	T	OR10K1	Missense_Mutation	109	59	168	0.35119047619047616	4	2	2	1.873	2	0.9365	0.9365	True	0.6	3.48
1	158577052	C	T	OR10Z1	Missense_Mutation	212	107	319	0.335423197492163	4	2	2	1.7889	2	0.8945	0.8945	True	0.6	3.48
1	158581011	C	T	SPTA1	3'UTR	25	10	35	0.2857142857142857	4	2	2	1.5238	2	0.7619	0.7619	False	0.6	3.48
1	158592810	C	T	SPTA1	Missense_Mutation	145	86	231	0.3722943722943723	4	2	2	1.9856	2	0.9928	0.9928	True	0.6	3.48
1	158607988	G	A	SPTA1	Missense_Mutation	38	20	58	0.3448275862068966	4	2	2	1.8391	2	0.9195	0.9195	True	0.6	3.48
1	158725232	C	T	OR6K6	Silent	42	20	62	0.3225806451612903	4	2	2	1.7204	2	0.8602	0.8602	True	0.6	3.48
1	158747040	G	A	OR6N2	Missense_Mutation	53	31	84	0.36904761904761907	4	2	2	1.9683	2	0.9841	0.9841	True	0.6	3.48
1	159176032	C	T	DARC	Missense_Mutation	116	70	186	0.3763440860215054	4	2	2	2.0072	2	1.0036	1.0	True	0.6	3.48
1	159410507	C	T	OR10J1	Missense_Mutation	54	32	86	0.37209302325581395	4	2	2	1.9845	2	0.9922	0.9922	True	0.6	3.48
1	159779293	C	T	FCRL6	Missense_Mutation	38	24	62	0.3870967741935484	4	2	2	2.0645	2	1.0323	1.0	True	0.6	3.48
1	159897580	G	A	IGSF9	Missense_Mutation	64	35	99	0.35353535353535354	4	2	2	1.8855	2	0.9428	0.9428	True	0.6	3.48
1	159897581	G	A	IGSF9	Silent	62	36	98	0.3673469387755102	4	2	2	1.9592	2	0.9796	0.9796	True	0.6	3.48
1	160057672	T	A	KCNJ9	3'UTR	7	5	12	0.4166666666666667	4	2	2	2.2222	2	1.1111	1.0	True	0.6	3.48
1	160057673	C	T	KCNJ9	3'UTR	6	5	11	0.45454545454545453	4	2	2	2.4242	2	1.2121	1.0	True	0.6	3.48
1	160160469	G	A	CASQ1	5'UTR	6	4	10	0.4	4	2	2	2.1333	2	1.0667	1.0	True	0.6	3.48
1	160389330	C	T	VANGL2	Missense_Mutation	38	21	59	0.3559322033898305	4	2	2	1.8983	2	0.9492	0.9492	True	0.6	3.48
1	160580518	C	T	SLAMF1	3'UTR	55	34	89	0.38202247191011235	4	2	2	2.0375	2	1.0187	1.0	True	0.6	3.48
1	160720129	C	T	SLAMF7	Silent	198	54	252	0.21428571428571427	4	2	2	1.1429	1	1.1429	1.0	True	0.6	3.48
1	160769762	C	T	LY9	Missense_Mutation	86	43	129	0.3333333333333333	4	2	2	1.7778	2	0.8889	0.8889	True	0.6	3.48
1	161049491	C	T	PVRL4	Missense_Mutation	13	14	27	0.5185185185185185	4	2	2	2.7654	2	1.3827	1.0	True	0.6	3.48
1	161495086	C	T	HSPA6	Missense_Mutation	33	17	50	0.34	4	2	2	1.8133	2	0.9067	0.9067	True	0.6	3.48
1	161647416	C	T	FCGR2B	3'UTR	14	8	22	0.36363636363636365	4	2	2	1.9394	2	0.9697	0.9697	True	0.6	3.48
1	167096871	G	A	DUSP27	Missense_Mutation	65	17	82	0.2073170731707317	4	2	2	1.1057	1	1.1057	1.0	True	0.6	3.48
1	167815465	G	A	ADCY10	Missense_Mutation	103	66	169	0.3905325443786982	4	2	2	2.0828	2	1.0414	1.0	True	0.6	3.48
1	168549308	G	A	XCL1	Silent	44	36	80	0.45	4	2	2	2.4	2	1.2	1.0	True	0.6	3.48
1	169509984	G	A	F5	Silent	40	27	67	0.40298507462686567	4	2	2	2.1493	2	1.0746	1.0	True	0.6	3.48
1	169586609	G	A	SELP	Silent	74	35	109	0.3211009174311927	4	2	2	1.7125	2	0.8563	0.8563	True	0.6	3.48
1	169676557	C	T	SELL	Missense_Mutation	25	18	43	0.4186046511627907	4	2	2	2.2326	2	1.1163	1.0	True	0.6	3.48
1	170513928	G	A	GORAB	Missense_Mutation	137	66	203	0.3251231527093596	4	2	2	1.734	2	0.867	0.867	True	0.6	3.48
1	171079947	C	T	FMO3	Silent	121	28	149	0.18791946308724833	4	2	2	1.0022	1	1.0022	1.0	True	0.6	3.48
1	171079999	C	T	FMO3	Missense_Mutation	104	71	175	0.4057142857142857	4	2	2	2.1638	2	1.0819	1.0	True	0.6	3.48
1	171086461	C	T	FMO3	Missense_Mutation	42	24	66	0.36363636363636365	4	2	2	1.9394	2	0.9697	0.9697	True	0.6	3.48
1	171310799	C	T	FMO4	Nonsense_Mutation	22	17	39	0.4358974358974359	4	2	2	2.3248	2	1.1624	1.0	True	0.6	3.48
1	172357743	G	C	DNM3	Missense_Mutation	20	6	26	0.23076923076923078	4	2	2	1.2308	1	1.2308	1.0	True	0.6	3.48
1	173526549	C	T	SLC9C2	Missense_Mutation	123	76	199	0.38190954773869346	4	2	2	2.0369	2	1.0184	1.0	True	0.6	3.48
1	175046721	T	C	TNN	Missense_Mutation	21	13	34	0.38235294117647056	4	2	2	2.0392	2	1.0196	1.0	True	0.6	3.48
1	175355418	C	T	TNR	Silent	18	9	27	0.3333333333333333	4	2	2	1.7778	2	0.8889	0.8889	True	0.6	3.48
1	176738778	G	C	PAPPA2	Missense_Mutation	76	26	102	0.2549019607843137	4	2	2	1.3595	1	1.3595	1.0	True	0.6	3.48
1	176809389	C	T	PAPPA2	Silent	63	43	106	0.4056603773584906	4	2	2	2.1635	2	1.0818	1.0	True	0.6	3.48
1	177249703	C	T	BRINP2	Missense_Mutation	20	12	32	0.375	4	2	2	2.0	2	1.0	1.0	True	0.6	3.48
1	178410699	G	A	RASAL2	Missense_Mutation	28	19	47	0.40425531914893614	4	2	2	2.156	2	1.078	1.0	True	0.6	3.48
1	178490468	C	T	TEX35	Intron	34	9	43	0.20930232558139536	4	2	2	1.1163	1	1.1163	1.0	True	0.6	3.48
1	179497465	C	T	AXDND1	Missense_Mutation	30	8	38	0.21052631578947367	4	2	2	1.1228	1	1.1228	1.0	True	0.6	3.48
1	179609005	C	T	TDRD5	Nonsense_Mutation	110	60	170	0.35294117647058826	4	2	2	1.8824	2	0.9412	0.9412	True	0.6	3.48
1	181480569	C	T	CACNA1E	Silent	155	83	238	0.3487394957983193	4	2	2	1.8599	2	0.93	0.93	True	0.6	3.48
1	181701970	G	A	CACNA1E	Silent	82	27	109	0.24770642201834864	4	2	2	1.3211	1	1.3211	1.0	True	0.6	3.48
1	181745302	C	T	CACNA1E	Silent	104	66	170	0.38823529411764707	4	2	2	2.0706	2	1.0353	1.0	True	0.6	3.48
1	181762924	C	T	CACNA1E	Missense_Mutation	12	12	24	0.5	4	2	2	2.6667	2	1.3333	1.0	True	0.6	3.48
1	181767550	C	T	CACNA1E	Silent	68	32	100	0.32	4	2	2	1.7067	2	0.8533	0.8533	True	0.6	3.48
1	181767591	G	A	CACNA1E	Missense_Mutation	58	32	90	0.35555555555555557	4	2	2	1.8963	2	0.9481	0.9481	True	0.6	3.48
1	182550420	G	A	RNASEL	Silent	99	60	159	0.37735849056603776	4	2	2	2.0126	2	1.0063	1.0	True	0.6	3.48
1	182555078	G	A	RNASEL	Silent	98	57	155	0.36774193548387096	4	2	2	1.9613	2	0.9806	0.9806	True	0.6	3.48
1	182853892	C	T	DHX9	Silent	65	27	92	0.29347826086956524	4	2	2	1.5652	2	0.7826	0.7826	False	0.6	3.48
1	183529378	C	T	NCF2	Missense_Mutation	119	55	174	0.3160919540229885	4	2	2	1.6858	2	0.8429	0.8429	False	0.6	3.48
1	185964216	C	T	HMCN1	Nonsense_Mutation	47	21	68	0.3088235294117647	4	2	2	1.6471	2	0.8235	0.8235	False	0.6	3.48
1	186047260	C	T	HMCN1	Missense_Mutation	28	13	41	0.3170731707317073	4	2	2	1.6911	2	0.8455	0.8455	False	0.6	3.48
1	186276693	G	A	PRG4	Silent	13	8	21	0.38095238095238093	4	2	2	2.0317	2	1.0159	1.0	True	0.6	3.48
1	186303579	G	A	TPR	Missense_Mutation	81	46	127	0.36220472440944884	4	2	2	1.9318	2	0.9659	0.9659	True	0.6	3.48
1	192153614	G	T	RGS18	Missense_Mutation	36	33	69	0.4782608695652174	4	2	2	2.5507	2	1.2754	1.0	True	0.6	3.48
1	196654220	C	A	CFH	Missense_Mutation	98	15	113	0.13274336283185842	4	2	2	0.708	1	0.708	0.708	False	0.6	3.48
1	196695903	C	T	CFH	Missense_Mutation	44	20	64	0.3125	4	2	2	1.6667	2	0.8333	0.8333	False	0.6	3.48
1	196695904	C	T	CFH	Silent	43	20	63	0.31746031746031744	4	2	2	1.6931	2	0.8466	0.8466	False	0.6	3.48
1	196748941	C	T	CFHR3	Missense_Mutation	3	8	11	0.7272727272727273	4	2	2	3.8788	2	1.9394	1.0	True	0.6	3.48
1	196918592	C	T	CFHR2	Silent	17	14	31	0.45161290322580644	4	2	2	2.4086	2	1.2043	1.0	True	0.6	3.48
1	197072889	A	T	ASPM	Missense_Mutation	81	35	116	0.3017241379310345	4	2	2	1.6092	2	0.8046	0.8046	False	0.6	3.48
1	197098368	G	A	ASPM	Silent	29	30	59	0.5084745762711864	4	2	2	2.7119	2	1.3559	1.0	True	0.6	3.48
1	197104367	G	A	ASPM	Missense_Mutation	43	15	58	0.25862068965517243	4	2	2	1.3793	1	1.3793	1.0	True	0.6	3.48
1	197128967	G	A	ZBTB41	Missense_Mutation	107	45	152	0.29605263157894735	4	2	2	1.5789	2	0.7895	0.7895	False	0.6	3.48
1	197886856	C	T	LHX9	5'UTR	29	14	43	0.32558139534883723	4	2	2	1.7364	2	0.8682	0.8682	True	0.6	3.48
1	200017832	C	T	NR5A2	Silent	67	46	113	0.40707964601769914	4	2	2	2.1711	2	1.0855	1.0	True	0.6	3.48
1	200881005	G	A	C1orf106	Missense_Mutation	9	5	14	0.35714285714285715	4	2	2	1.9048	2	0.9524	0.9524	True	0.6	3.48
1	200969865	G	A	KIF21B	Silent	45	23	68	0.3382352941176471	4	2	2	1.8039	2	0.902	0.902	True	0.6	3.48
1	201028418	G	A	CACNA1S	Nonsense_Mutation	38	17	55	0.3090909090909091	4	2	2	1.6485	2	0.8242	0.8242	False	0.6	3.48
1	201029892	G	A	CACNA1S	Missense_Mutation	197	113	310	0.36451612903225805	4	2	2	1.9441	2	0.972	0.972	True	0.6	3.48
1	201195228	C	T	IGFN1	Missense_Mutation	19	12	31	0.3870967741935484	4	2	2	2.0645	2	1.0323	1.0	True	0.6	3.48
1	201777203	G	A	NAV1	Silent	79	32	111	0.2882882882882883	4	2	2	1.5375	2	0.7688	0.7688	False	0.6	3.48
1	201838745	G	A	IPO9	Missense_Mutation	66	37	103	0.3592233009708738	4	2	2	1.9159	2	0.9579	0.9579	True	0.6	3.48
1	201869571	C	T	LMOD1	Silent	10	4	14	0.2857142857142857	4	2	2	1.5238	2	0.7619	0.7619	False	0.6	3.48
1	203134560	C	T	ADORA1	Silent	24	20	44	0.45454545454545453	4	2	2	2.4242	2	1.2121	1.0	True	0.6	3.48
1	203800888	C	T	ZC3H11A	Missense_Mutation	32	10	42	0.23809523809523808	4	2	2	1.2698	1	1.2698	1.0	True	0.6	3.48
1	204236603	C	T	PLEKHA6	Missense_Mutation	42	21	63	0.3333333333333333	4	2	2	1.7778	2	0.8889	0.8889	True	0.6	3.48
1	204379328	A	T	PPP1R15B	Silent	40	26	66	0.3939393939393939	4	2	2	2.101	2	1.0505	1.0	True	0.6	3.48
1	204966398	C	T	NFASC	Silent	12	5	17	0.29411764705882354	4	2	2	1.5686	2	0.7843	0.7843	False	0.6	3.48
1	205417440	C	T	MIR135B	RNA	96	50	146	0.3424657534246575	4	2	2	1.8265	2	0.9132	0.9132	True	0.6	3.48
1	205496927	C	T	CDK18	Silent	47	22	69	0.3188405797101449	4	2	2	1.7005	2	0.8502	0.8502	True	0.6	3.48
1	205548947	C	T	MFSD4	Missense_Mutation	73	43	116	0.3706896551724138	4	2	2	1.977	2	0.9885	0.9885	True	0.6	3.48
1	205628574	G	A	SLC45A3	Missense_Mutation	30	10	40	0.25	4	2	2	1.3333	1	1.3333	1.0	True	0.6	3.48
1	205890864	G	A	SLC26A9	Missense_Mutation	6	6	12	0.5	4	2	2	2.6667	2	1.3333	1.0	True	0.6	3.48
1	206224674	G	A	AVPR1B	Silent	43	9	52	0.17307692307692307	4	2	2	0.9231	1	0.9231	0.9231	True	0.6	3.48
1	206902411	C	T	MAPKAPK2	Nonsense_Mutation	32	14	46	0.30434782608695654	4	2	2	1.6232	2	0.8116	0.8116	False	0.6	3.48
1	206941966	C	T	IL10	3'UTR	26	13	39	0.3333333333333333	4	2	2	1.7778	2	0.8889	0.8889	True	0.6	3.48
1	207143501	T	A	FCAMR	5'UTR	50	19	69	0.2753623188405797	4	2	2	1.4686	1	1.4686	1.0	True	0.6	3.48
1	207196511	G	A	C1orf116	Missense_Mutation	108	61	169	0.3609467455621302	4	2	2	1.925	2	0.9625	0.9625	True	0.6	3.48
1	207697313	C	T	CR1	Missense_Mutation	63	26	89	0.29213483146067415	4	2	2	1.5581	2	0.779	0.779	False	0.6	3.48
1	207874891	C	T	CR1L	Missense_Mutation	62	32	94	0.3404255319148936	4	2	2	1.8156	2	0.9078	0.9078	True	0.6	3.48
1	208216535	G	A	PLXNA2	Silent	41	29	70	0.4142857142857143	4	2	2	2.2095	2	1.1048	1.0	True	0.6	3.48
1	208390341	G	C	PLXNA2	Silent	40	19	59	0.3220338983050847	4	2	2	1.7175	2	0.8588	0.8588	True	0.6	3.48
1	209782328	C	T	CAMK1G	Silent	59	28	87	0.3218390804597701	4	2	2	1.7165	2	0.8582	0.8582	True	0.6	3.48
1	209936196	G	A	TRAF3IP3	Missense_Mutation	80	57	137	0.41605839416058393	4	2	2	2.219	2	1.1095	1.0	True	0.6	3.48
1	210761357	T	C	HHAT	Missense_Mutation	23	22	45	0.4888888888888889	4	2	2	2.6074	2	1.3037	1.0	True	0.6	3.48
1	211192252	G	A	KCNH1	Missense_Mutation	91	54	145	0.3724137931034483	4	2	2	1.9862	2	0.9931	0.9931	True	0.6	3.48
1	212538573	G	T	TMEM206	Missense_Mutation	72	50	122	0.4098360655737705	4	2	2	2.1858	2	1.0929	1.0	True	0.6	3.48
1	215408400	C	T	KCNK2	Missense_Mutation	48	19	67	0.2835820895522388	4	2	2	1.5124	2	0.7562	0.7562	False	0.6	3.48
1	220383832	C	T	RAB3GAP2	Splice_Site	68	45	113	0.39823008849557523	4	2	2	2.1239	2	1.0619	1.0	True	0.6	3.48
1	223284687	G	A	TLR5	Missense_Mutation	40	24	64	0.375	4	2	2	2.0	2	1.0	1.0	True	0.6	3.48
1	224577424	C	A	WDR26	3'UTR	16	5	21	0.23809523809523808	4	2	2	1.2698	1	1.2698	1.0	True	0.6	3.48
1	228399560	G	A	OBSCN	Missense_Mutation	16	9	25	0.36	4	2	2	1.92	2	0.96	0.96	True	0.6	3.48
1	228433369	C	A	OBSCN	Missense_Mutation	85	24	109	0.22018348623853212	4	2	2	1.1743	1	1.1743	1.0	True	0.6	3.48
1	228433370	C	T	OBSCN	Silent	84	24	108	0.2222222222222222	4	2	2	1.1852	1	1.1852	1.0	True	0.6	3.48
1	228466963	C	G	OBSCN	Missense_Mutation	62	38	100	0.38	4	2	2	2.0267	2	1.0133	1.0	True	0.6	3.48
1	228466964	C	T	OBSCN	Silent	60	38	98	0.3877551020408163	4	2	2	2.068	2	1.034	1.0	True	0.6	3.48
1	228559474	G	A	OBSCN	Missense_Mutation	32	25	57	0.43859649122807015	4	2	2	2.3392	2	1.1696	1.0	True	0.6	3.48
1	228582615	G	A	TRIM11	Missense_Mutation	48	25	73	0.3424657534246575	4	2	2	1.8265	2	0.9132	0.9132	True	0.6	3.48
1	228582616	G	A	TRIM11	Silent	48	25	73	0.3424657534246575	4	2	2	1.8265	2	0.9132	0.9132	True	0.6	3.48
1	235891379	A	G	LYST	Silent	53	25	78	0.32051282051282054	4	2	2	1.7094	2	0.8547	0.8547	True	0.6	3.48
1	237881821	G	A	RYR2	Silent	32	19	51	0.37254901960784315	4	2	2	1.9869	2	0.9935	0.9935	True	0.6	3.48
1	240370838	C	T	FMN2	Missense_Mutation	45	19	64	0.296875	4	2	2	1.5833	2	0.7917	0.7917	False	0.6	3.48
1	241099944	G	A	RGS7	Missense_Mutation	114	72	186	0.3870967741935484	4	2	2	2.0645	2	1.0323	1.0	True	0.6	3.48
1	241714312	A	C	KMO	Missense_Mutation	124	86	210	0.4095238095238095	4	2	2	2.1841	2	1.0921	1.0	True	0.6	3.48
1	244218220	C	T	ZBTB18	Missense_Mutation	25	12	37	0.32432432432432434	4	2	2	1.7297	2	0.8649	0.8649	True	0.6	3.48
1	245530178	C	T	KIF26B	Missense_Mutation	22	9	31	0.2903225806451613	4	2	2	1.5484	2	0.7742	0.7742	False	0.6	3.48
1	245852056	C	T	KIF26B	Missense_Mutation	22	6	28	0.21428571428571427	4	2	2	1.1429	1	1.1429	1.0	True	0.6	3.48
1	246811001	C	T	CNST	Nonsense_Mutation	51	33	84	0.39285714285714285	4	2	2	2.0952	2	1.0476	1.0	True	0.6	3.48
1	247712439	A	G	GCSAML	5'UTR	24	16	40	0.4	4	2	2	2.1333	2	1.0667	1.0	True	0.6	3.48
1	247769031	C	T	OR2G3	Silent	168	88	256	0.34375	4	2	2	1.8333	2	0.9167	0.9167	True	0.6	3.48
1	248004409	G	A	OR11L1	Missense_Mutation	52	26	78	0.3333333333333333	2	1	1	1.1111	1	1.1111	1.0	True	0.6	3.48
1	248084415	C	T	OR2T8	Silent	61	25	86	0.29069767441860467	2	1	1	0.969	1	0.969	0.969	True	0.6	3.48
1	248366378	G	A	OR2M3	Silent	139	72	211	0.3412322274881517	2	1	1	1.1374	1	1.1374	1.0	True	0.6	3.48
1	248487377	G	A	OR2M7	Missense_Mutation	149	84	233	0.3605150214592275	2	1	1	1.2017	1	1.2017	1.0	True	0.6	3.48
1	248487663	C	T	OR2M7	Missense_Mutation	179	102	281	0.36298932384341637	2	1	1	1.21	1	1.21	1.0	True	0.6	3.48
1	248524930	C	T	OR2T4	Silent	50	23	73	0.3150684931506849	2	1	1	1.0502	1	1.0502	1.0	True	0.6	3.48
1	248616348	C	T	OR2T2	Nonsense_Mutation	235	48	283	0.1696113074204947	2	1	1	0.5654	1	0.5654	0.5654	False	0.6	3.48
1	248637457	C	T	OR2T3	Missense_Mutation	302	81	383	0.21148825065274152	2	1	1	0.705	1	0.705	0.705	False	0.6	3.48
1	248685589	C	G	OR2G6	Missense_Mutation	105	13	118	0.11016949152542373	2	1	1	0.3672	1	0.3672	0.3672	False	0.6	3.48
1	249106304	G	A	SH3BP5L	Missense_Mutation	36	25	61	0.4098360655737705	2	1	1	1.3661	1	1.3661	1.0	True	0.6	3.48
2	1891327	C	T	MYT1L	Missense_Mutation	92	21	113	0.18584070796460178	3	2	1	0.8053	1	0.8053	0.8053	False	0.6	3.48
2	3599846	G	A	RNASEH1	Silent	29	32	61	0.5245901639344263	3	2	1	2.2732	2	1.1366	1.0	True	0.6	3.48
2	8822544	C	T	ID2	Silent	40	13	53	0.24528301886792453	3	2	1	1.0629	1	1.0629	1.0	True	0.6	3.48
2	10866644	C	T	ATP6V1C2	Missense_Mutation	59	11	70	0.15714285714285714	3	2	1	0.681	1	0.681	0.681	False	0.6	3.48
2	11338879	G	T	ROCK2	Missense_Mutation	22	12	34	0.35294117647058826	3	2	1	1.5294	2	0.7647	0.7647	False	0.6	3.48
2	11911506	C	T	LPIN1	Silent	57	7	64	0.109375	3	2	1	0.474	1	0.474	0.474	False	0.6	3.48
2	17699398	A	T	RAD51AP2	Missense_Mutation	58	43	101	0.42574257425742573	3	2	1	1.8449	2	0.9224	0.9224	True	0.6	3.48
2	20451299	A	T	PUM2	3'UTR	33	32	65	0.49230769230769234	3	2	1	2.1333	2	1.0667	1.0	True	0.6	3.48
2	21249786	C	T	APOB	Silent	283	83	366	0.226775956284153	3	2	1	0.9827	1	0.9827	0.9827	True	0.6	3.48
2	24222604	C	T	UBXN2A	Missense_Mutation	45	48	93	0.5161290322580645	3	2	1	2.2366	2	1.1183	1.0	True	0.6	3.48
2	27167592	G	A	DPYSL5	Silent	76	14	90	0.15555555555555556	3	2	1	0.6741	1	0.6741	0.6741	False	0.6	3.48
2	27503069	G	A	DNAJC5G	Missense_Mutation	203	40	243	0.1646090534979424	3	2	1	0.7133	1	0.7133	0.7133	False	0.6	3.48
2	27801023	G	A	C2orf16	Silent	62	10	72	0.1388888888888889	3	2	1	0.6019	1	0.6019	0.6019	False	0.6	3.48
2	28627159	C	T	FOSL2	Silent	92	36	128	0.28125	3	2	1	1.2188	1	1.2188	1.0	True	0.6	3.48
2	28843772	C	T	PLB1	Missense_Mutation	58	51	109	0.46788990825688076	3	2	1	2.0275	2	1.0138	1.0	True	0.6	3.48
2	29001786	C	T	PPP1CB	Missense_Mutation	30	31	61	0.5081967213114754	3	2	1	2.2022	2	1.1011	1.0	True	0.6	3.48
2	29245104	G	A	FAM179A	Missense_Mutation	45	25	70	0.35714285714285715	3	2	1	1.5476	2	0.7738	0.7738	False	0.6	3.48
2	29259493	C	T	FAM179A	Silent	26	20	46	0.43478260869565216	3	2	1	1.8841	2	0.942	0.942	True	0.6	3.48
2	29293657	C	T	C2orf71	Silent	26	18	44	0.4090909090909091	3	2	1	1.7727	2	0.8864	0.8864	True	0.6	3.48
2	29754789	C	T	ALK	Silent	26	27	53	0.5094339622641509	3	2	1	2.2075	2	1.1038	1.0	True	0.6	3.48
2	31167752	G	A	GALNT14	Missense_Mutation	47	18	65	0.27692307692307694	3	2	1	1.2	1	1.2	1.0	True	0.6	3.48
2	32666457	C	T	BIRC6	Missense_Mutation	23	29	52	0.5576923076923077	3	2	1	2.4167	2	1.2083	1.0	True	0.6	3.48
2	33505208	G	A	LTBP1	Nonsense_Mutation	30	20	50	0.4	3	2	1	1.7333	2	0.8667	0.8667	True	0.6	3.48
2	36740728	C	T	CRIM1	Silent	59	55	114	0.4824561403508772	3	2	1	2.0906	2	1.0453	1.0	True	0.6	3.48
2	38527436	G	A	ATL2	Missense_Mutation	42	17	59	0.288135593220339	3	2	1	1.2486	1	1.2486	1.0	True	0.6	3.48
2	38809232	T	C	HNRNPLL	Silent	41	7	48	0.14583333333333334	3	2	1	0.6319	1	0.6319	0.6319	False	0.6	3.48
2	40405527	C	T	SLC8A1	Missense_Mutation	85	92	177	0.519774011299435	3	2	1	2.2524	2	1.1262	1.0	True	0.6	3.48
2	44041707	A	T	ABCG5	Silent	245	47	292	0.16095890410958905	3	2	1	0.6975	1	0.6975	0.6975	False	0.6	3.48
2	44153096	G	A	LRPPRC	Missense_Mutation	180	110	290	0.3793103448275862	3	2	1	1.6437	2	0.8218	0.8218	False	0.6	3.48
2	44508527	T	C	SLC3A1	Silent	16	19	35	0.5428571428571428	3	2	1	2.3524	2	1.1762	1.0	True	0.6	3.48
2	48936151	C	T	LHCGR	Missense_Mutation	40	41	81	0.5061728395061729	3	2	1	2.1934	2	1.0967	1.0	True	0.6	3.48
2	49189899	G	A	FSHR	Silent	27	33	60	0.55	3	2	1	2.3833	2	1.1917	1.0	True	0.6	3.48
2	49381423	G	T	FSHR	Missense_Mutation	49	10	59	0.1694915254237288	3	2	1	0.7345	1	0.7345	0.7345	False	0.6	3.48
2	50724786	C	T	NRXN1	Missense_Mutation	44	14	58	0.2413793103448276	3	2	1	1.046	1	1.046	1.0	True	0.6	3.48
2	54081724	G	A	GPR75	Missense_Mutation	18	18	36	0.5	3	2	1	2.1667	2	1.0833	1.0	True	0.6	3.48
2	54587394	C	T	C2orf73	Missense_Mutation	12	3	15	0.2	3	2	1	0.8667	1	0.8667	0.8667	True	0.6	3.48
2	63380059	C	T	WDPCP	Missense_Mutation	27	16	43	0.37209302325581395	3	2	1	1.6124	2	0.8062	0.8062	False	0.6	3.48
2	64118353	G	A	UGP2	Missense_Mutation	27	14	41	0.34146341463414637	3	2	1	1.4797	1	1.4797	1.0	True	0.6	3.48
2	70680445	C	T	TGFA	Missense_Mutation	49	52	101	0.5148514851485149	3	2	1	2.231	2	1.1155	1.0	True	0.6	3.48
2	70917918	C	T	ADD2	Silent	47	37	84	0.44047619047619047	3	2	1	1.9087	2	0.9544	0.9544	True	0.6	3.48
2	71797378	C	T	DYSF	Missense_Mutation	47	27	74	0.36486486486486486	3	2	1	1.5811	2	0.7905	0.7905	False	0.6	3.48
2	71797379	C	T	DYSF	Silent	49	27	76	0.35526315789473684	3	2	1	1.5395	2	0.7697	0.7697	False	0.6	3.48
2	73302721	G	A	RAB11FIP5	Silent	30	21	51	0.4117647058823529	3	2	1	1.7843	2	0.8922	0.8922	True	0.6	3.48
2	73446039	C	T	SMYD5	Silent	28	36	64	0.5625	3	2	1	2.4375	2	1.2188	1.0	True	0.6	3.48
2	73761968	C	T	ALMS1	Missense_Mutation	73	40	113	0.35398230088495575	3	2	1	1.5339	2	0.767	0.767	False	0.6	3.48
2	73799595	C	T	ALMS1	Missense_Mutation	25	11	36	0.3055555555555556	3	2	1	1.3241	1	1.3241	1.0	True	0.6	3.48
2	74040936	G	A	C2orf78	Missense_Mutation	22	12	34	0.35294117647058826	3	2	1	1.5294	2	0.7647	0.7647	False	0.6	3.48
2	74466523	C	T	SLC4A5	Missense_Mutation	38	14	52	0.2692307692307692	3	2	1	1.1667	1	1.1667	1.0	True	0.6	3.48
2	74590268	G	A	DCTN1	Missense_Mutation	36	10	46	0.21739130434782608	3	2	1	0.942	1	0.942	0.942	True	0.6	3.48
2	74699822	G	A	MRPL53	5'UTR	15	14	29	0.4827586206896552	3	2	1	2.092	2	1.046	1.0	True	0.6	3.48
2	74717502	C	T	TTC31	Missense_Mutation	18	24	42	0.5714285714285714	3	2	1	2.4762	2	1.2381	1.0	True	0.6	3.48
2	79384749	G	A	REG3A	Missense_Mutation	48	25	73	0.3424657534246575	3	2	1	1.484	1	1.484	1.0	True	0.6	3.48
2	80773066	C	T	CTNNA2	Missense_Mutation	36	5	41	0.12195121951219512	3	2	1	0.5285	1	0.5285	0.5285	False	0.6	3.48
2	85826103	G	A	TMEM150A	3'UTR	6	4	10	0.4	3	2	1	1.7333	2	0.8667	0.8667	True	0.6	3.48
2	85866461	C	T	USP39	Missense_Mutation	29	20	49	0.40816326530612246	3	2	1	1.7687	2	0.8844	0.8844	True	0.6	3.48
2	85866462	C	T	USP39	Missense_Mutation	29	20	49	0.40816326530612246	3	2	1	1.7687	2	0.8844	0.8844	True	0.6	3.48
2	89160094	C	T	IGKJ5	Missense_Mutation	36	36	72	0.5	3	2	1	2.1667	2	1.0833	1.0	True	0.6	3.48
2	90249238	C	T	IGKV1D-43	Missense_Mutation	126	32	158	0.20253164556962025	3	2	1	0.8776	1	0.8776	0.8776	True	0.6	3.48
2	90260137	C	T	IGKV1D-8	Silent	103	25	128	0.1953125	3	2	1	0.8464	1	0.8464	0.8464	False	0.6	3.48
2	95941749	T	G	PROM2	Silent	17	4	21	0.19047619047619047	3	2	1	0.8254	1	0.8254	0.8254	False	0.6	3.48
2	97218083	C	T	ARID5A	3'UTR	8	9	17	0.5294117647058824	3	2	1	2.2941	2	1.1471	1.0	True	0.6	3.48
2	98411450	G	A	TMEM131	Missense_Mutation	19	5	24	0.20833333333333334	3	2	1	0.9028	1	0.9028	0.9028	True	0.6	3.48
2	99012514	G	A	CNGA3	Missense_Mutation	30	15	45	0.3333333333333333	3	2	1	1.4444	1	1.4444	1.0	True	0.6	3.48
2	101598751	G	A	NPAS2	Missense_Mutation	16	19	35	0.5428571428571428	3	2	1	2.3524	2	1.1762	1.0	True	0.6	3.48
2	101609814	C	T	NPAS2	Missense_Mutation	33	14	47	0.2978723404255319	3	2	1	1.2908	1	1.2908	1.0	True	0.6	3.48
2	102804359	T	C	IL1RL2	Missense_Mutation	43	28	71	0.39436619718309857	3	2	1	1.7089	2	0.8545	0.8545	True	0.6	3.48
2	103318941	C	T	SLC9A2	Missense_Mutation	50	29	79	0.3670886075949367	3	2	1	1.5907	2	0.7954	0.7954	False	0.6	3.48
2	107423353	G	A	ST6GAL2	Silent	32	11	43	0.2558139534883721	3	2	1	1.1085	1	1.1085	1.0	True	0.6	3.48
2	108487252	G	A	RGPD4	Missense_Mutation	155	116	271	0.4280442804428044	3	2	1	1.8549	2	0.9274	0.9274	True	0.6	3.48
2	108488514	G	A	RGPD4	Missense_Mutation	141	110	251	0.43824701195219123	3	2	1	1.8991	2	0.9495	0.9495	True	0.6	3.48
2	108618400	C	T	SLC5A7	Silent	59	16	75	0.21333333333333335	3	2	1	0.9244	1	0.9244	0.9244	True	0.6	3.48
2	108875273	G	A	SULT1C3	Missense_Mutation	49	11	60	0.18333333333333332	3	2	1	0.7944	1	0.7944	0.7944	False	0.6	3.48
2	109002778	C	T	SULT1C4	Missense_Mutation	75	25	100	0.25	3	2	1	1.0833	1	1.0833	1.0	True	0.6	3.48
2	109345596	G	A	RANBP2	Missense_Mutation	41	15	56	0.26785714285714285	3	2	1	1.1607	1	1.1607	1.0	True	0.6	3.48
2	112777026	G	A	MERTK	Missense_Mutation	82	75	157	0.47770700636942676	3	2	1	2.0701	2	1.035	1.0	True	0.6	3.48
2	113676387	G	A	IL37	3'UTR	34	4	38	0.10526315789473684	3	2	1	0.4561	1	0.4561	0.4561	False	0.6	3.48
2	113780347	C	T	IL36B	Silent	43	23	66	0.3484848484848485	3	2	1	1.5101	2	0.7551	0.7551	False	0.6	3.48
2	113890433	C	T	IL1RN	Silent	48	42	90	0.4666666666666667	3	2	1	2.0222	2	1.0111	1.0	True	0.6	3.48
2	114257251	C	T	FOXD4L1	Missense_Mutation	255	55	310	0.1774193548387097	3	2	1	0.7688	1	0.7688	0.7688	False	0.6	3.48
2	116066836	C	T	DPP10	Missense_Mutation	31	10	41	0.24390243902439024	3	2	1	1.0569	1	1.0569	1.0	True	0.6	3.48
2	116066837	C	T	DPP10	Missense_Mutation	31	11	42	0.2619047619047619	3	2	1	1.1349	1	1.1349	1.0	True	0.6	3.48
2	116066841	G	A	DPP10	Silent	30	12	42	0.2857142857142857	3	2	1	1.2381	1	1.2381	1.0	True	0.6	3.48
2	116503668	C	T	DPP10	Nonsense_Mutation	17	4	21	0.19047619047619047	3	2	1	0.8254	1	0.8254	0.8254	False	0.6	3.48
2	119739022	G	A	MARCO	Silent	32	6	38	0.15789473684210525	3	2	1	0.6842	1	0.6842	0.6842	False	0.6	3.48
2	121708892	C	T	GLI2	Missense_Mutation	67	33	100	0.33	3	2	1	1.43	1	1.43	1.0	True	0.6	3.48
2	127951372	G	A	CYP27C1	Missense_Mutation	32	24	56	0.42857142857142855	3	2	1	1.8571	2	0.9286	0.9286	True	0.6	3.48
2	127951373	G	A	CYP27C1	Missense_Mutation	31	24	55	0.43636363636363634	3	2	1	1.8909	2	0.9455	0.9455	True	0.6	3.48
2	128331608	C	T	MYO7B	Missense_Mutation	133	39	172	0.22674418604651161	3	2	1	0.9826	1	0.9826	0.9826	True	0.6	3.48
2	128351213	C	T	MYO7B	Silent	59	15	74	0.20270270270270271	3	2	1	0.8784	1	0.8784	0.8784	True	0.6	3.48
2	128767935	G	A	SAP130	Silent	36	4	40	0.1	3	2	1	0.4333	1	0.4333	0.4333	False	0.6	3.48
2	133542818	C	T	NCKAP5	Silent	83	67	150	0.44666666666666666	3	2	1	1.9356	2	0.9678	0.9678	True	0.6	3.48
2	135630063	G	A	ACMSD	Missense_Mutation	23	14	37	0.3783783783783784	3	2	1	1.6396	2	0.8198	0.8198	False	0.6	3.48
2	135782196	C	T	MAP3K19	Missense_Mutation	99	22	121	0.18181818181818182	3	2	1	0.7879	1	0.7879	0.7879	False	0.6	3.48
2	136567040	C	T	LCT	Silent	72	27	99	0.2727272727272727	3	2	1	1.1818	1	1.1818	1.0	True	0.6	3.48
2	137748477	G	A	THSD7B	Intron	7	6	13	0.46153846153846156	3	2	1	2.0	2	1.0	1.0	True	0.6	3.48
2	139428436	C	T	NXPH2	3'UTR	17	11	28	0.39285714285714285	3	2	1	1.7024	2	0.8512	0.8512	True	0.6	3.48
2	139428437	T	A	NXPH2	3'UTR	17	12	29	0.41379310344827586	3	2	1	1.7931	2	0.8966	0.8966	True	0.6	3.48
2	141079576	C	T	LRP1B	Missense_Mutation	35	24	59	0.4067796610169492	3	2	1	1.7627	2	0.8814	0.8814	True	0.6	3.48
2	141108583	A	G	LRP1B	Missense_Mutation	67	55	122	0.45081967213114754	3	2	1	1.9536	2	0.9768	0.9768	True	0.6	3.48
2	141607744	C	T	LRP1B	Nonsense_Mutation	70	18	88	0.20454545454545456	3	2	1	0.8864	1	0.8864	0.8864	True	0.6	3.48
2	141680548	G	A	LRP1B	Missense_Mutation	45	25	70	0.35714285714285715	3	2	1	1.5476	2	0.7738	0.7738	False	0.6	3.48
2	141806759	T	C	LRP1B	Missense_Mutation	49	44	93	0.4731182795698925	3	2	1	2.0502	2	1.0251	1.0	True	0.6	3.48
2	152512907	G	A	NEB	Silent	66	58	124	0.46774193548387094	3	2	1	2.0269	2	1.0134	1.0	True	0.6	3.48
2	152554087	C	T	NEB	Missense_Mutation	86	23	109	0.21100917431192662	3	2	1	0.9144	1	0.9144	0.9144	True	0.6	3.48
2	159488315	C	T	PKP4	Missense_Mutation	111	33	144	0.22916666666666666	3	2	1	0.9931	1	0.9931	0.9931	True	0.6	3.48
2	159499059	T	C	PKP4	Missense_Mutation	65	49	114	0.4298245614035088	3	2	1	1.8626	2	0.9313	0.9313	True	0.6	3.48
2	160087160	C	T	TANC1	Silent	79	31	110	0.2818181818181818	3	2	1	1.2212	1	1.2212	1.0	True	0.6	3.48
2	160087161	C	T	TANC1	Missense_Mutation	79	32	111	0.2882882882882883	3	2	1	1.2492	1	1.2492	1.0	True	0.6	3.48
2	160901448	G	A	PLA2R1	Silent	53	16	69	0.2318840579710145	3	2	1	1.0048	1	1.0048	1.0	True	0.6	3.48
2	162833319	T	G	SLC4A10	Missense_Mutation	12	7	19	0.3684210526315789	3	2	1	1.5965	2	0.7982	0.7982	False	0.6	3.48
2	163374419	G	A	KCNH7	Missense_Mutation	76	15	91	0.16483516483516483	3	2	1	0.7143	1	0.7143	0.7143	False	0.6	3.48
2	164466984	G	A	FIGN	Missense_Mutation	40	13	53	0.24528301886792453	3	2	1	1.0629	1	1.0629	1.0	True	0.6	3.48
2	166848838	C	T	SCN1A	Silent	50	42	92	0.45652173913043476	3	2	1	1.9783	2	0.9891	0.9891	True	0.6	3.48
2	167134678	C	T	SCN9A	Missense_Mutation	52	11	63	0.1746031746031746	3	2	1	0.7566	1	0.7566	0.7566	False	0.6	3.48
2	167298103	C	T	SCN7A	Missense_Mutation	35	20	55	0.36363636363636365	3	2	1	1.5758	2	0.7879	0.7879	False	0.6	3.48
2	167328850	G	A	SCN7A	Silent	13	6	19	0.3157894736842105	3	2	1	1.3684	1	1.3684	1.0	True	0.6	3.48
2	168096438	C	T	XIRP2	Missense_Mutation	38	10	48	0.20833333333333334	3	2	1	0.9028	1	0.9028	0.9028	True	0.6	3.48
2	168100438	G	A	XIRP2	Missense_Mutation	83	22	105	0.20952380952380953	3	2	1	0.9079	1	0.9079	0.9079	True	0.6	3.48
2	168101571	C	T	XIRP2	Silent	18	14	32	0.4375	3	2	1	1.8958	2	0.9479	0.9479	True	0.6	3.48
2	168104646	G	A	XIRP2	Silent	19	9	28	0.32142857142857145	3	2	1	1.3929	1	1.3929	1.0	True	0.6	3.48
2	170063063	G	A	LRP2	Silent	29	28	57	0.49122807017543857	3	2	1	2.1287	2	1.0643	1.0	True	0.6	3.48
2	170115698	C	T	LRP2	Missense_Mutation	66	21	87	0.2413793103448276	3	2	1	1.046	1	1.046	1.0	True	0.6	3.48
2	171699195	C	T	GAD1	Intron	20	11	31	0.3548387096774194	3	2	1	1.5376	2	0.7688	0.7688	False	0.6	3.48
2	171884887	C	T	TLK1	Missense_Mutation	33	9	42	0.21428571428571427	3	2	1	0.9286	1	0.9286	0.9286	True	0.6	3.48
2	176982161	G	T	HOXD10	Missense_Mutation	40	9	49	0.1836734693877551	3	2	1	0.7959	1	0.7959	0.7959	False	0.6	3.48
2	178936654	T	C	PDE11A	Missense_Mutation	29	28	57	0.49122807017543857	3	2	1	2.1287	2	1.0643	1.0	True	0.6	3.48
2	179404460	C	T	TTN	Missense_Mutation	41	31	72	0.4305555555555556	3	2	1	1.8657	2	0.9329	0.9329	True	0.6	3.48
2	179425011	C	T	TTN	Silent	41	40	81	0.49382716049382713	3	2	1	2.1399	2	1.07	1.0	True	0.6	3.48
2	179425534	G	A	TTN	Missense_Mutation	35	10	45	0.2222222222222222	3	2	1	0.963	1	0.963	0.963	True	0.6	3.48
2	179438459	C	T	TTN	Missense_Mutation	52	53	105	0.5047619047619047	3	2	1	2.1873	2	1.0937	1.0	True	0.6	3.48
2	179440123	C	T	TTN	Nonsense_Mutation	71	19	90	0.2111111111111111	3	2	1	0.9148	1	0.9148	0.9148	True	0.6	3.48
2	179451330	T	A	TTN	Missense_Mutation	52	43	95	0.45263157894736844	3	2	1	1.9614	2	0.9807	0.9807	True	0.6	3.48
2	179454575	C	T	TTN	Missense_Mutation	68	52	120	0.43333333333333335	3	2	1	1.8778	2	0.9389	0.9389	True	0.6	3.48
2	179472736	G	A	TTN	Missense_Mutation	28	9	37	0.24324324324324326	3	2	1	1.0541	1	1.0541	1.0	True	0.6	3.48
2	179484483	G	A	TTN	Nonsense_Mutation	119	87	206	0.4223300970873786	3	2	1	1.8301	2	0.915	0.915	True	0.6	3.48
2	179527742	C	T	TTN	Silent	21	10	31	0.3225806451612903	3	2	1	1.3978	1	1.3978	1.0	True	0.6	3.48
2	179593061	G	A	TTN	Missense_Mutation	17	4	21	0.19047619047619047	3	2	1	0.8254	1	0.8254	0.8254	False	0.6	3.48
2	179595421	G	A	TTN	Missense_Mutation	52	35	87	0.40229885057471265	3	2	1	1.7433	2	0.8716	0.8716	True	0.6	3.48
2	179595817	C	G	TTN	Missense_Mutation	68	34	102	0.3333333333333333	3	2	1	1.4444	1	1.4444	1.0	True	0.6	3.48
2	179606297	C	T	TTN	Missense_Mutation	47	40	87	0.45977011494252873	3	2	1	1.9923	2	0.9962	0.9962	True	0.6	3.48
2	179606574	C	T	TTN	Missense_Mutation	8	9	17	0.5294117647058824	3	2	1	2.2941	2	1.1471	1.0	True	0.6	3.48
2	179611474	C	T	TTN	Intron	40	31	71	0.43661971830985913	3	2	1	1.892	2	0.946	0.946	True	0.6	3.48
2	179614349	C	T	TTN	Intron	40	13	53	0.24528301886792453	3	2	1	1.0629	1	1.0629	1.0	True	0.6	3.48
2	179616309	A	G	TTN	Intron	84	52	136	0.38235294117647056	3	2	1	1.6569	2	0.8284	0.8284	False	0.6	3.48
2	179616458	C	T	TTN	Intron	49	36	85	0.4235294117647059	3	2	1	1.8353	2	0.9176	0.9176	True	0.6	3.48
2	179629520	A	G	TTN	Missense_Mutation	55	46	101	0.45544554455445546	3	2	1	1.9736	2	0.9868	0.9868	True	0.6	3.48
2	179635288	C	T	TTN	Missense_Mutation	69	20	89	0.2247191011235955	3	2	1	0.9738	1	0.9738	0.9738	True	0.6	3.48
2	179665398	G	A	TTN	Missense_Mutation	89	14	103	0.13592233009708737	3	2	1	0.589	1	0.589	0.589	False	0.6	3.48
2	179714883	C	T	CCDC141	Missense_Mutation	22	19	41	0.4634146341463415	3	2	1	2.0081	2	1.0041	1.0	True	0.6	3.48
2	182340013	A	C	ITGA4	Missense_Mutation	54	53	107	0.4953271028037383	3	2	1	2.1464	2	1.0732	1.0	True	0.6	3.48
2	182340015	G	A	ITGA4	Missense_Mutation	54	53	107	0.4953271028037383	3	2	1	2.1464	2	1.0732	1.0	True	0.6	3.48
2	183070702	C	T	PDE1A	Missense_Mutation	30	9	39	0.23076923076923078	3	2	1	1.0	1	1.0	1.0	True	0.6	3.48
2	183623942	C	T	DNAJC10	Silent	29	10	39	0.2564102564102564	3	2	1	1.1111	1	1.1111	1.0	True	0.6	3.48
2	185800779	C	T	ZNF804A	Missense_Mutation	37	27	64	0.421875	3	2	1	1.8281	2	0.9141	0.9141	True	0.6	3.48
2	186672204	A	C	FSIP2	Silent	107	69	176	0.39204545454545453	3	2	1	1.6989	2	0.8494	0.8494	False	0.6	3.48
2	187712479	G	A	ZSWIM2	Missense_Mutation	60	33	93	0.3548387096774194	3	2	1	1.5376	2	0.7688	0.7688	False	0.6	3.48
2	188349701	G	A	TFPI	Silent	30	8	38	0.21052631578947367	3	2	1	0.9123	1	0.9123	0.9123	True	0.6	3.48
2	189849944	C	T	COL3A1	Nonsense_Mutation	34	30	64	0.46875	3	2	1	2.0312	2	1.0156	1.0	True	0.6	3.48
2	189869027	G	A	COL3A1	Silent	17	12	29	0.41379310344827586	3	2	1	1.7931	2	0.8966	0.8966	True	0.6	3.48
2	190535412	C	T	ASNSD1	Missense_Mutation	28	21	49	0.42857142857142855	3	2	1	1.8571	2	0.9286	0.9286	True	0.6	3.48
2	190535413	C	T	ASNSD1	Silent	28	21	49	0.42857142857142855	3	2	1	1.8571	2	0.9286	0.9286	True	0.6	3.48
2	191235713	C	T	INPP1	Missense_Mutation	81	53	134	0.39552238805970147	3	2	1	1.7139	2	0.857	0.857	True	0.6	3.48
2	191897726	C	T	STAT4	Missense_Mutation	52	12	64	0.1875	3	2	1	0.8125	1	0.8125	0.8125	False	0.6	3.48
2	192701046	G	A	SDPR	Missense_Mutation	130	47	177	0.2655367231638418	3	2	1	1.1507	1	1.1507	1.0	True	0.6	3.48
2	192701381	C	T	SDPR	Silent	45	10	55	0.18181818181818182	3	2	1	0.7879	1	0.7879	0.7879	False	0.6	3.48
2	196636518	C	T	DNAH7	Missense_Mutation	129	37	166	0.22289156626506024	3	2	1	0.9659	1	0.9659	0.9659	True	0.6	3.48
2	196746621	C	T	DNAH7	Silent	52	43	95	0.45263157894736844	3	2	1	1.9614	2	0.9807	0.9807	True	0.6	3.48
2	196749452	G	A	DNAH7	Nonsense_Mutation	46	10	56	0.17857142857142858	3	2	1	0.7738	1	0.7738	0.7738	False	0.6	3.48
2	196822162	C	T	DNAH7	Silent	16	4	20	0.2	3	2	1	0.8667	1	0.8667	0.8667	True	0.6	3.48
2	197586255	C	T	CCDC150	Silent	10	4	14	0.2857142857142857	3	2	1	1.2381	1	1.2381	1.0	True	0.6	3.48
2	200137114	C	T	SATB2	Silent	59	70	129	0.5426356589147286	3	2	1	2.3514	2	1.1757	1.0	True	0.6	3.48
2	202013853	C	T	CFLAR	Intron	12	5	17	0.29411764705882354	3	2	1	1.2745	1	1.2745	1.0	True	0.6	3.48
2	202082315	G	A	CASP10	Missense_Mutation	27	16	43	0.37209302325581395	3	2	1	1.6124	2	0.8062	0.8062	False	0.6	3.48
2	202545643	C	T	MPP4	Missense_Mutation	17	5	22	0.22727272727272727	3	2	1	0.9848	1	0.9848	0.9848	True	0.6	3.48
2	202632042	G	A	ALS2	Missense_Mutation	23	12	35	0.34285714285714286	3	2	1	1.4857	1	1.4857	1.0	True	0.6	3.48
2	203560658	C	T	FAM117B	Missense_Mutation	137	127	264	0.4810606060606061	3	2	1	2.0846	2	1.0423	1.0	True	0.6	3.48
2	203644187	C	T	ICA1L	3'UTR	43	39	82	0.47560975609756095	3	2	1	2.061	2	1.0305	1.0	True	0.6	3.48
2	204034557	G	A	NBEAL1	Missense_Mutation	280	86	366	0.23497267759562843	3	2	1	1.0182	1	1.0182	1.0	True	0.6	3.48
2	207174320	C	T	ZDBF2	Missense_Mutation	43	12	55	0.21818181818181817	3	2	1	0.9455	1	0.9455	0.9455	True	0.6	3.48
2	209025546	C	T	CRYGA	Silent	62	27	89	0.30337078651685395	3	2	1	1.3146	1	1.3146	1.0	True	0.6	3.48
2	209218643	C	T	PIKFYVE	Missense_Mutation	35	27	62	0.43548387096774194	3	2	1	1.8871	2	0.9435	0.9435	True	0.6	3.48
2	209345797	G	A	PTH2R	Silent	14	11	25	0.44	3	2	1	1.9067	2	0.9533	0.9533	True	0.6	3.48
2	211471586	C	T	CPS1	Missense_Mutation	44	8	52	0.15384615384615385	3	2	1	0.6667	1	0.6667	0.6667	False	0.6	3.48
2	212248412	G	A	ERBB4	Silent	42	30	72	0.4166666666666667	3	2	1	1.8056	2	0.9028	0.9028	True	0.6	3.48
2	212426789	C	T	ERBB4	Missense_Mutation	51	19	70	0.2714285714285714	3	2	1	1.1762	1	1.1762	1.0	True	0.6	3.48
2	212537981	C	T	ERBB4	Missense_Mutation	45	13	58	0.22413793103448276	3	2	1	0.9713	1	0.9713	0.9713	True	0.6	3.48
2	215278856	C	T	VWC2L	5'UTR	31	7	38	0.18421052631578946	3	2	1	0.7982	1	0.7982	0.7982	False	0.6	3.48
2	215872517	C	T	ABCA12	Nonsense_Mutation	26	34	60	0.5666666666666667	3	2	1	2.4556	2	1.2278	1.0	True	0.6	3.48
2	215928919	G	A	ABCA12	Missense_Mutation	27	26	53	0.49056603773584906	3	2	1	2.1258	2	1.0629	1.0	True	0.6	3.48
2	216960723	C	T	TMEM169	Missense_Mutation	41	34	75	0.4533333333333333	3	2	1	1.9644	2	0.9822	0.9822	True	0.6	3.48
2	217123957	C	T	MARCH4	3'UTR	38	8	46	0.17391304347826086	3	2	1	0.7536	1	0.7536	0.7536	False	0.6	3.48
2	218669181	T	C	TNS1	3'UTR	96	31	127	0.2440944881889764	3	2	1	1.0577	1	1.0577	1.0	True	0.6	3.48
2	219000202	C	T	CXCR2	Silent	121	44	165	0.26666666666666666	3	2	1	1.1556	1	1.1556	1.0	True	0.6	3.48
2	219029056	C	T	CXCR1	Silent	46	30	76	0.39473684210526316	3	2	1	1.7105	2	0.8553	0.8553	True	0.6	3.48
2	219254628	C	T	SLC11A1	Silent	28	8	36	0.2222222222222222	3	2	1	0.963	1	0.963	0.963	True	0.6	3.48
2	219266430	C	T	CTDSP1	Missense_Mutation	16	5	21	0.23809523809523808	3	2	1	1.0317	1	1.0317	1.0	True	0.6	3.48
2	219267437	G	A	CTDSP1	Intron	11	3	14	0.21428571428571427	3	2	1	0.9286	1	0.9286	0.9286	True	0.6	3.48
2	219509210	C	T	ZNF142	Missense_Mutation	39	20	59	0.3389830508474576	3	2	1	1.4689	1	1.4689	1.0	True	0.6	3.48
2	219695545	C	T	PRKAG3	Silent	57	47	104	0.4519230769230769	3	2	1	1.9583	2	0.9792	0.9792	True	0.6	3.48
2	219895915	G	A	CCDC108	Missense_Mutation	22	5	27	0.18518518518518517	3	2	1	0.8025	1	0.8025	0.8025	False	0.6	3.48
2	219920581	G	A	IHH	Missense_Mutation	10	8	18	0.4444444444444444	3	2	1	1.9259	2	0.963	0.963	True	0.6	3.48
2	220047130	C	T	FAM134A	Missense_Mutation	43	35	78	0.44871794871794873	3	2	1	1.9444	2	0.9722	0.9722	True	0.6	3.48
2	220115861	G	A	TUBA4A	Missense_Mutation	68	42	110	0.38181818181818183	3	2	1	1.6545	2	0.8273	0.8273	False	0.6	3.48
2	220334094	G	A	SPEG	Missense_Mutation	17	5	22	0.22727272727272727	3	2	1	0.9848	1	0.9848	0.9848	True	0.6	3.48
2	220338616	G	A	SPEG	Missense_Mutation	56	7	63	0.1111111111111111	3	2	1	0.4815	1	0.4815	0.4815	False	0.6	3.48
2	220498006	G	A	SLC4A3	Missense_Mutation	66	20	86	0.23255813953488372	3	2	1	1.0078	1	1.0078	1.0	True	0.6	3.48
2	222294725	G	A	EPHA4	Silent	91	77	168	0.4583333333333333	3	2	1	1.9861	2	0.9931	0.9931	True	0.6	3.48
2	223918013	C	A	KCNE4	Silent	32	7	39	0.1794871794871795	3	2	1	0.7778	1	0.7778	0.7778	False	0.6	3.48
2	223918037	G	A	KCNE4	Silent	25	4	29	0.13793103448275862	3	2	1	0.5977	1	0.5977	0.5977	False	0.6	3.48
2	224462184	C	T	SCG2	Missense_Mutation	93	8	101	0.07920792079207921	3	2	1	0.3432	1	0.3432	0.3432	False	0.6	3.48
2	224462859	G	A	SCG2	Missense_Mutation	52	8	60	0.13333333333333333	3	2	1	0.5778	1	0.5778	0.5778	False	0.6	3.48
2	226447051	C	T	NYAP2	Silent	49	11	60	0.18333333333333332	3	2	1	0.7944	1	0.7944	0.7944	False	0.6	3.48
2	227886775	G	A	COL4A4	Missense_Mutation	105	71	176	0.4034090909090909	3	2	1	1.7481	2	0.8741	0.8741	True	0.6	3.48
2	227896927	G	A	COL4A4	Missense_Mutation	48	37	85	0.43529411764705883	3	2	1	1.8863	2	0.9431	0.9431	True	0.6	3.48
2	227914842	C	T	COL4A4	Silent	47	37	84	0.44047619047619047	3	2	1	1.9087	2	0.9544	0.9544	True	0.6	3.48
2	227917128	C	T	COL4A4	Missense_Mutation	34	23	57	0.40350877192982454	3	2	1	1.7485	2	0.8743	0.8743	True	0.6	3.48
2	227942760	C	T	COL4A4	Missense_Mutation	43	5	48	0.10416666666666667	3	2	1	0.4514	1	0.4514	0.4514	False	0.6	3.48
2	227945175	C	T	COL4A4	Missense_Mutation	86	58	144	0.4027777777777778	3	2	1	1.7454	2	0.8727	0.8727	True	0.6	3.48
2	228783512	C	T	DAW1	Silent	26	19	45	0.4222222222222222	3	2	1	1.8296	2	0.9148	0.9148	True	0.6	3.48
2	228855733	C	T	SPHKAP	Missense_Mutation	18	15	33	0.45454545454545453	3	2	1	1.9697	2	0.9848	0.9848	True	0.6	3.48
2	228881959	C	A	SPHKAP	Missense_Mutation	111	22	133	0.16541353383458646	3	2	1	0.7168	1	0.7168	0.7168	False	0.6	3.48
2	228882090	C	T	SPHKAP	Silent	42	8	50	0.16	3	2	1	0.6933	1	0.6933	0.6933	False	0.6	3.48
2	228886515	C	T	SPHKAP	Silent	39	25	64	0.390625	3	2	1	1.6927	2	0.8464	0.8464	False	0.6	3.48
2	228890178	C	A	SPHKAP	Nonsense_Mutation	45	19	64	0.296875	3	2	1	1.2865	1	1.2865	1.0	True	0.6	3.48
2	230911331	C	T	SLC16A14	Missense_Mutation	38	33	71	0.4647887323943662	3	2	1	2.0141	2	1.007	1.0	True	0.6	3.48
2	231112730	G	A	SP140	Missense_Mutation	33	24	57	0.42105263157894735	3	2	1	1.8246	2	0.9123	0.9123	True	0.6	3.48
2	231742824	C	T	ITM2C	3'UTR	18	10	28	0.35714285714285715	3	2	1	1.5476	2	0.7738	0.7738	False	0.6	3.48
2	232458440	G	A	C2orf57	Missense_Mutation	64	62	126	0.49206349206349204	3	2	1	2.1323	2	1.0661	1.0	True	0.6	3.48
2	233320917	G	A	ALPI	Missense_Mutation	14	15	29	0.5172413793103449	3	2	1	2.2414	2	1.1207	1.0	True	0.6	3.48
2	233322730	G	A	ALPI	Silent	30	28	58	0.4827586206896552	3	2	1	2.092	2	1.046	1.0	True	0.6	3.48
2	233899191	G	A	NEU2	Silent	30	36	66	0.5454545454545454	3	2	1	2.3636	2	1.1818	1.0	True	0.6	3.48
2	234098535	C	T	INPP5D	Nonsense_Mutation	48	26	74	0.35135135135135137	3	2	1	1.5225	2	0.7613	0.7613	False	0.6	3.48
2	234112976	C	T	INPP5D	Silent	33	10	43	0.23255813953488372	3	2	1	1.0078	1	1.0078	1.0	True	0.6	3.48
2	234545462	G	A	UGT1A10	Nonsense_Mutation	87	19	106	0.1792452830188679	3	2	1	0.7767	1	0.7767	0.7767	False	0.6	3.48
2	234601598	G	A	UGT1A6	5'UTR	15	14	29	0.4827586206896552	3	2	1	2.092	2	1.046	1.0	True	0.6	3.48
2	234637957	C	T	UGT1A3	Missense_Mutation	70	21	91	0.23076923076923078	3	2	1	1.0	1	1.0	1.0	True	0.6	3.48
2	234652119	G	A	UGT1A10	Intron	13	8	21	0.38095238095238093	3	2	1	1.6508	2	0.8254	0.8254	False	0.6	3.48
2	234652226	C	T	UGT1A10	Intron	55	17	72	0.2361111111111111	3	2	1	1.0231	1	1.0231	1.0	True	0.6	3.48
2	238259801	C	T	COL6A3	Missense_Mutation	37	31	68	0.45588235294117646	3	2	1	1.9755	2	0.9877	0.9877	True	0.6	3.48
2	238285955	C	T	COL6A3	Missense_Mutation	62	9	71	0.1267605633802817	3	2	1	0.5493	1	0.5493	0.5493	False	0.6	3.48
2	239016574	G	A	ESPNL	Missense_Mutation	22	5	27	0.18518518518518517	3	2	1	0.8025	1	0.8025	0.8025	False	0.6	3.48
2	240085518	C	T	HDAC4	Missense_Mutation	68	24	92	0.2608695652173913	3	2	1	1.1304	1	1.1304	1.0	True	0.6	3.48
2	240984548	C	T	OR6B3	Silent	122	44	166	0.26506024096385544	3	2	1	1.1486	1	1.1486	1.0	True	0.6	3.48
2	241465154	G	A	ANKMY1	Missense_Mutation	41	11	52	0.21153846153846154	3	2	1	0.9167	1	0.9167	0.9167	True	0.6	3.48
2	241534054	C	T	CAPN10	Missense_Mutation	49	65	114	0.5701754385964912	3	2	1	2.4708	2	1.2354	1.0	True	0.6	3.48
2	241813456	C	T	AGXT	Silent	41	9	50	0.18	3	2	1	0.78	1	0.78	0.78	False	0.6	3.48
2	242072304	G	A	PASK	Missense_Mutation	39	11	50	0.22	3	2	1	0.9533	1	0.9533	0.9533	True	0.6	3.48
3	3886591	A	G	LRRN1	Missense_Mutation	27	18	45	0.4	3	2	1	1.7333	2	0.8667	0.8667	True	0.6	3.48
3	3887126	C	T	LRRN1	Silent	39	26	65	0.4	3	2	1	1.7333	2	0.8667	0.8667	True	0.6	3.48
3	3887429	C	T	LRRN1	Silent	64	25	89	0.2808988764044944	3	2	1	1.2172	1	1.2172	1.0	True	0.6	3.48
3	7721838	C	T	GRM7	Missense_Mutation	55	18	73	0.2465753424657534	4	2	2	1.3151	1	1.3151	1.0	True	0.6	3.48
3	8607115	C	T	LMCD1	Intron	146	67	213	0.3145539906103286	4	2	2	1.6776	2	0.8388	0.8388	False	0.6	3.48
3	9166511	A	G	SRGAP3	Missense_Mutation	47	22	69	0.3188405797101449	4	2	2	1.7005	2	0.8502	0.8502	True	0.6	3.48
3	9960203	C	T	IL17RC	Silent	66	32	98	0.32653061224489793	4	2	2	1.7415	2	0.8707	0.8707	True	0.6	3.48
3	9962642	C	T	IL17RC	Missense_Mutation	44	19	63	0.30158730158730157	4	2	2	1.6085	2	0.8042	0.8042	False	0.6	3.48
3	10268076	G	A	IRAK2	Missense_Mutation	33	16	49	0.32653061224489793	4	2	2	1.7415	2	0.8707	0.8707	True	0.6	3.48
3	10320092	C	T	TATDN2	Silent	205	94	299	0.31438127090301005	4	2	2	1.6767	2	0.8384	0.8384	False	0.6	3.48
3	10362806	C	T	SEC13	5'UTR	15	23	38	0.6052631578947368	4	2	2	3.2281	2	1.614	1.0	True	0.6	3.48
3	10401739	G	A	ATP2B2	Silent	48	20	68	0.29411764705882354	4	2	2	1.5686	2	0.7843	0.7843	False	0.6	3.48
3	12447402	C	T	PPARG	Missense_Mutation	317	158	475	0.33263157894736844	4	2	2	1.774	2	0.887	0.887	True	0.6	3.48
3	12660162	G	A	RAF1	Missense_Mutation	50	32	82	0.3902439024390244	4	2	2	2.0813	2	1.0407	1.0	True	0.6	3.48
3	14154485	C	A	CHCHD4	Missense_Mutation	14	9	23	0.391304347826087	4	2	2	2.087	2	1.0435	1.0	True	0.6	3.48
3	14175299	C	T	TMEM43	Silent	102	65	167	0.38922155688622756	4	2	2	2.0758	2	1.0379	1.0	True	0.6	3.48
3	19975515	G	A	EFHB	5'UTR	8	6	14	0.42857142857142855	4	2	2	2.2857	2	1.1429	1.0	True	0.6	3.48
3	21462748	G	T	ZNF385D	Silent	31	14	45	0.3111111111111111	4	2	2	1.6593	2	0.8296	0.8296	False	0.6	3.48
3	30769582	C	T	GADL1	3'UTR	10	7	17	0.4117647058823529	4	2	2	2.1961	2	1.098	1.0	True	0.6	3.48
3	35781071	T	C	ARPP21	Splice_Site	61	21	82	0.25609756097560976	4	2	2	1.3659	1	1.3659	1.0	True	0.6	3.48
3	35833997	C	T	ARPP21	Missense_Mutation	60	52	112	0.4642857142857143	4	2	2	2.4762	2	1.2381	1.0	True	0.6	3.48
3	36422186	G	A	STAC	Silent	12	15	27	0.5555555555555556	4	2	2	2.963	2	1.4815	1.0	True	0.6	3.48
3	36780021	A	G	DCLK3	Missense_Mutation	73	36	109	0.3302752293577982	4	2	2	1.7615	2	0.8807	0.8807	True	0.6	3.48
3	36875022	C	T	TRANK1	Missense_Mutation	32	13	45	0.28888888888888886	4	2	2	1.5407	2	0.7704	0.7704	False	0.6	3.48
3	38104186	C	T	DLEC1	Missense_Mutation	48	34	82	0.4146341463414634	4	2	2	2.2114	2	1.1057	1.0	True	0.6	3.48
3	38141857	C	T	DLEC1	Silent	76	40	116	0.3448275862068966	4	2	2	1.8391	2	0.9195	0.9195	True	0.6	3.48
3	38618268	G	A	SCN5A	Missense_Mutation	12	10	22	0.45454545454545453	4	2	2	2.4242	2	1.2121	1.0	True	0.6	3.48
3	38739464	C	T	SCN10A	Silent	69	27	96	0.28125	4	2	2	1.5	1	1.5	1.0	True	0.6	3.48
3	38888901	C	T	SCN11A	Missense_Mutation	65	8	73	0.1095890410958904	4	2	2	0.5845	1	0.5845	0.5845	False	0.6	3.48
3	38889188	G	A	SCN11A	Missense_Mutation	10	18	28	0.6428571428571429	4	2	2	3.4286	2	1.7143	1.0	True	0.6	3.48
3	39227331	C	T	XIRP1	Missense_Mutation	40	15	55	0.2727272727272727	4	2	2	1.4545	1	1.4545	1.0	True	0.6	3.48
3	39229316	C	T	XIRP1	Missense_Mutation	59	22	81	0.2716049382716049	4	2	2	1.4486	1	1.4486	1.0	True	0.6	3.48
3	40433687	G	A	ENTPD3	Intron	35	14	49	0.2857142857142857	4	2	2	1.5238	2	0.7619	0.7619	False	0.6	3.48
3	40498829	C	T	RPL14	5'Flank	14	5	19	0.2631578947368421	4	2	2	1.4035	1	1.4035	1.0	True	0.6	3.48
3	42251694	C	T	TRAK1	Intron	255	151	406	0.37192118226600984	4	2	2	1.9836	2	0.9918	0.9918	True	0.6	3.48
3	42738519	G	A	HHATL	Silent	36	18	54	0.3333333333333333	4	2	2	1.7778	2	0.8889	0.8889	True	0.6	3.48
3	42916831	C	T	CYP8B1	Missense_Mutation	46	31	77	0.4025974025974026	4	2	2	2.1472	2	1.0736	1.0	True	0.6	3.48
3	45077104	C	T	CLEC3B	Silent	42	18	60	0.3	4	2	2	1.6	2	0.8	0.8	False	0.6	3.48
3	45077106	C	T	CLEC3B	Missense_Mutation	42	18	60	0.3	4	2	2	1.6	2	0.8	0.8	False	0.6	3.48
3	46414449	C	G	CCR5	Missense_Mutation	143	88	231	0.38095238095238093	4	2	2	2.0317	2	1.0159	1.0	True	0.6	3.48
3	46497331	G	A	LTF	Missense_Mutation	23	25	48	0.5208333333333334	4	2	2	2.7778	2	1.3889	1.0	True	0.6	3.48
3	46620795	G	A	TDGF1	Silent	38	19	57	0.3333333333333333	4	2	2	1.7778	2	0.8889	0.8889	True	0.6	3.48
3	47158225	G	A	SETD2	Nonsense_Mutation	37	23	60	0.38333333333333336	4	2	2	2.0444	2	1.0222	1.0	True	0.6	3.48
3	47385484	C	T	KLHL18	3'UTR	39	10	49	0.20408163265306123	4	2	2	1.0884	1	1.0884	1.0	True	0.6	3.48
3	47385550	G	C	KLHL18	3'UTR	8	4	12	0.3333333333333333	4	2	2	1.7778	2	0.8889	0.8889	True	0.6	3.48
3	47458865	C	T	SCAP	Missense_Mutation	8	4	12	0.3333333333333333	4	2	2	1.7778	2	0.8889	0.8889	True	0.6	3.48
3	47917353	G	A	MAP4	Missense_Mutation	202	71	273	0.2600732600732601	4	2	2	1.3871	1	1.3871	1.0	True	0.6	3.48
3	48557094	G	A	PFKFB4	3'UTR	25	12	37	0.32432432432432434	4	2	2	1.7297	2	0.8649	0.8649	True	0.6	3.48
3	48669454	G	A	SLC26A6	Silent	103	19	122	0.1557377049180328	4	2	2	0.8306	1	0.8306	0.8306	False	0.6	3.48
3	48677320	C	T	CELSR3	Missense_Mutation	98	47	145	0.32413793103448274	4	2	2	1.7287	2	0.8644	0.8644	True	0.6	3.48
3	48694669	G	A	CELSR3	Silent	13	7	20	0.35	4	2	2	1.8667	2	0.9333	0.9333	True	0.6	3.48
3	48698246	G	A	CELSR3	Silent	17	13	30	0.43333333333333335	4	2	2	2.3111	2	1.1556	1.0	True	0.6	3.48
3	49049302	T	G	WDR6	Missense_Mutation	72	33	105	0.3142857142857143	4	2	2	1.6762	2	0.8381	0.8381	False	0.6	3.48
3	49148460	G	A	USP19	Silent	58	27	85	0.3176470588235294	4	2	2	1.6941	2	0.8471	0.8471	False	0.6	3.48
3	49149122	G	A	USP19	Missense_Mutation	31	22	53	0.41509433962264153	4	2	2	2.2138	2	1.1069	1.0	True	0.6	3.48
3	50211350	C	T	SEMA3F	Silent	41	23	64	0.359375	4	2	2	1.9167	2	0.9583	0.9583	True	0.6	3.48
3	50211351	C	T	SEMA3F	Silent	41	23	64	0.359375	4	2	2	1.9167	2	0.9583	0.9583	True	0.6	3.48
3	50211681	C	T	SEMA3F	Silent	56	9	65	0.13846153846153847	4	2	2	0.7385	1	0.7385	0.7385	False	0.6	3.48
3	50313183	G	A	LSMEM2	5'Flank	25	10	35	0.2857142857142857	4	2	2	1.5238	2	0.7619	0.7619	False	0.6	3.48
3	50329948	G	A	IFRD2	5'Flank	28	13	41	0.3170731707317073	4	2	2	1.6911	2	0.8455	0.8455	False	0.6	3.48
3	50395886	T	C	TMEM115	Silent	33	11	44	0.25	4	2	2	1.3333	1	1.3333	1.0	True	0.6	3.48
3	52256018	C	T	TLR9	Missense_Mutation	33	19	52	0.36538461538461536	4	2	2	1.9487	2	0.9744	0.9744	True	0.6	3.48
3	52324538	C	A	GLYCTK	Silent	26	15	41	0.36585365853658536	4	2	2	1.9512	2	0.9756	0.9756	True	0.6	3.48
3	52407021	T	C	DNAH1	Silent	25	22	47	0.46808510638297873	4	2	2	2.4965	2	1.2482	1.0	True	0.6	3.48
3	53381588	G	A	DCP1A	5'UTR	19	17	36	0.4722222222222222	4	2	2	2.5185	2	1.2593	1.0	True	0.6	3.48
3	53853579	T	C	CHDH	Missense_Mutation	92	41	133	0.3082706766917293	4	2	2	1.6441	2	0.8221	0.8221	False	0.6	3.48
3	55922538	C	T	ERC2	Missense_Mutation	156	83	239	0.3472803347280335	4	2	2	1.8522	2	0.9261	0.9261	True	0.6	3.48
3	58486760	G	A	KCTD6	Missense_Mutation	123	39	162	0.24074074074074073	4	2	2	1.284	1	1.284	1.0	True	0.6	3.48
3	58486761	G	A	KCTD6	Missense_Mutation	122	39	161	0.2422360248447205	4	2	2	1.2919	1	1.2919	1.0	True	0.6	3.48
3	62142809	C	T	PTPRG	Missense_Mutation	79	40	119	0.33613445378151263	4	2	2	1.7927	2	0.8964	0.8964	True	0.6	3.48
3	62503824	C	T	CADPS	Missense_Mutation	70	17	87	0.19540229885057472	4	2	2	1.0421	1	1.0421	1.0	True	0.6	3.48
3	62535633	T	C	CADPS	Silent	83	58	141	0.41134751773049644	4	2	2	2.1939	2	1.0969	1.0	True	0.6	3.48
3	68788229	C	T	FAM19A4	Silent	76	12	88	0.13636363636363635	4	2	2	0.7273	1	0.7273	0.7273	False	0.6	3.48
3	69168726	C	T	LMOD3	Silent	144	77	221	0.34841628959276016	4	2	2	1.8582	2	0.9291	0.9291	True	0.6	3.48
3	73004310	C	A	GXYLT2	Missense_Mutation	34	17	51	0.3333333333333333	4	2	2	1.7778	2	0.8889	0.8889	True	0.6	3.48
3	88040765	G	A	HTR1F	Missense_Mutation	23	23	46	0.5	4	2	2	2.6667	2	1.3333	1.0	True	0.6	3.48
3	96706657	C	T	EPHA6	Missense_Mutation	188	9	197	0.04568527918781726	2	2	0	0.1523	1	0.1523	0.1523	False	0.6	3.48
3	97806859	G	A	OR5AC2	Silent	50	6	56	0.10714285714285714	2	2	0	0.3571	1	0.3571	0.3571	False	0.6	3.48
3	98001872	C	T	OR5H2	Silent	103	107	210	0.5095238095238095	2	2	0	1.6984	2	0.8492	0.8492	False	0.6	3.48
3	98073291	G	A	OR5K4	Missense_Mutation	24	22	46	0.4782608695652174	2	2	0	1.5942	2	0.7971	0.7971	False	0.6	3.48
3	98188480	C	T	OR5K1	Silent	43	62	105	0.5904761904761905	2	2	0	1.9683	2	0.9841	0.9841	True	0.6	3.48
3	99567727	C	T	FILIP1L	Silent	184	54	238	0.226890756302521	2	2	0	0.7563	1	0.7563	0.7563	False	0.6	3.48
3	100170717	C	T	LNP1	Missense_Mutation	57	5	62	0.08064516129032258	2	2	0	0.2688	1	0.2688	0.2688	False	0.6	3.48
3	105397331	G	A	CBLB	Missense_Mutation	22	28	50	0.56	2	2	0	1.8667	2	0.9333	0.9333	True	0.6	3.48
3	107097085	G	A	CCDC54	Missense_Mutation	21	23	44	0.5227272727272727	2	2	0	1.7424	2	0.8712	0.8712	True	0.6	3.48
3	108178230	G	A	MYH15	Missense_Mutation	24	23	47	0.48936170212765956	2	2	0	1.6312	2	0.8156	0.8156	False	0.6	3.48
3	108475404	G	A	RETNLB	Silent	47	7	54	0.12962962962962962	2	2	0	0.4321	1	0.4321	0.4321	False	0.6	3.48
3	109047910	C	T	DPPA4	Silent	12	9	21	0.42857142857142855	2	2	0	1.4286	1	1.4286	1.0	True	0.6	3.48
3	113285348	G	A	SIDT1	Missense_Mutation	41	51	92	0.5543478260869565	2	2	0	1.8478	2	0.9239	0.9239	True	0.6	3.48
3	113737698	G	A	KIAA1407	Silent	174	11	185	0.05945945945945946	2	2	0	0.1982	1	0.1982	0.1982	False	0.6	3.48
3	119120819	C	T	ARHGAP31	Missense_Mutation	23	27	50	0.54	2	2	0	1.8	2	0.9	0.9	True	0.6	3.48
3	119378809	G	A	POPDC2	Silent	36	42	78	0.5384615384615384	2	2	0	1.7949	2	0.8974	0.8974	True	0.6	3.48
3	119449180	G	A	MAATS1	Missense_Mutation	86	38	124	0.3064516129032258	2	2	0	1.0215	1	1.0215	1.0	True	0.6	3.48
3	121178949	T	G	POLQ	Missense_Mutation	48	41	89	0.4606741573033708	2	2	0	1.5356	2	0.7678	0.7678	False	0.6	3.48
3	122003081	C	T	CASR	Silent	16	18	34	0.5294117647058824	2	2	0	1.7647	2	0.8824	0.8824	True	0.6	3.48
3	122255868	G	A	PARP9	Silent	60	51	111	0.4594594594594595	2	2	0	1.5315	2	0.7658	0.7658	False	0.6	3.48
3	122274437	G	A	PARP9	Missense_Mutation	26	18	44	0.4090909090909091	2	2	0	1.3636	1	1.3636	1.0	True	0.6	3.48
3	124209691	C	T	KALRN	Missense_Mutation	37	29	66	0.4393939393939394	2	2	0	1.4646	1	1.4646	1.0	True	0.6	3.48
3	124731583	G	T	HEG1	Missense_Mutation	8	16	24	0.6666666666666666	2	2	0	2.2222	2	1.1111	1.0	True	0.6	3.48
3	125648252	C	T	ALG1L	Silent	16	18	34	0.5294117647058824	2	2	0	1.7647	2	0.8824	0.8824	True	0.6	3.48
3	126268752	G	A	C3orf22	Nonsense_Mutation	25	4	29	0.13793103448275862	2	2	0	0.4598	1	0.4598	0.4598	False	0.6	3.48
3	131418796	G	A	CPNE4	Missense_Mutation	13	9	22	0.4090909090909091	2	2	0	1.3636	1	1.3636	1.0	True	0.6	3.48
3	141291480	C	T	RASA2	Missense_Mutation	25	19	44	0.4318181818181818	2	2	0	1.4394	1	1.4394	1.0	True	0.6	3.48
3	146167009	C	T	PLSCR2	Missense_Mutation	39	49	88	0.5568181818181818	2	2	0	1.8561	2	0.928	0.928	True	0.6	3.48
3	148596253	G	A	CPA3	Missense_Mutation	31	29	60	0.48333333333333334	2	2	0	1.6111	2	0.8056	0.8056	False	0.6	3.48
3	151105621	G	A	MED12L	Silent	59	39	98	0.3979591836734694	3	2	1	1.7245	2	0.8622	0.8622	True	0.6	3.48
3	151155680	G	A	IGSF10	Silent	71	16	87	0.1839080459770115	3	2	1	0.7969	1	0.7969	0.7969	False	0.6	3.48
3	151598919	C	T	SUCNR1	Silent	51	41	92	0.44565217391304346	3	2	1	1.9312	2	0.9656	0.9656	True	0.6	3.48
3	153909170	C	T	ARHGEF26	Missense_Mutation	27	12	39	0.3076923076923077	3	2	1	1.3333	1	1.3333	1.0	True	0.6	3.48
3	154147351	C	T	GPR149	Silent	65	20	85	0.23529411764705882	3	2	1	1.0196	1	1.0196	1.0	True	0.6	3.48
3	155200219	T	C	PLCH1	Missense_Mutation	40	32	72	0.4444444444444444	3	2	1	1.9259	2	0.963	0.963	True	0.6	3.48
3	158539415	C	T	MFSD1	Missense_Mutation	60	37	97	0.38144329896907214	3	2	1	1.6529	2	0.8265	0.8265	False	0.6	3.48
3	160118641	C	T	SMC4	Silent	5	5	10	0.5	3	2	1	2.1667	2	1.0833	1.0	True	0.6	3.48
3	161146971	G	A	RP11-3P17.5	RNA	52	42	94	0.44680851063829785	3	2	1	1.9362	2	0.9681	0.9681	True	0.6	3.48
3	164735365	C	T	SI	Missense_Mutation	25	4	29	0.13793103448275862	3	2	1	0.5977	1	0.5977	0.5977	False	0.6	3.48
3	164907791	C	T	SLITRK3	Silent	93	23	116	0.19827586206896552	3	2	1	0.8592	1	0.8592	0.8592	True	0.6	3.48
3	167023697	C	T	ZBBX	Missense_Mutation	15	7	22	0.3181818181818182	3	2	1	1.3788	1	1.3788	1.0	True	0.6	3.48
3	167189611	G	A	SERPINI2	Silent	96	61	157	0.3885350318471338	3	2	1	1.6837	2	0.8418	0.8418	False	0.6	3.48
3	167747027	G	A	GOLIM4	Silent	43	16	59	0.2711864406779661	3	2	1	1.1751	1	1.1751	1.0	True	0.6	3.48
3	168269663	G	A	MIR551B	RNA	44	22	66	0.3333333333333333	3	2	1	1.4444	1	1.4444	1.0	True	0.6	3.48
3	168833510	G	A	MECOM	Missense_Mutation	54	14	68	0.20588235294117646	3	2	1	0.8922	1	0.8922	0.8922	True	0.6	3.48
3	169526514	G	A	LRRC34	Silent	26	7	33	0.21212121212121213	3	2	1	0.9192	1	0.9192	0.9192	True	0.6	3.48
3	169539882	A	C	LRRIQ4	Missense_Mutation	81	29	110	0.2636363636363636	3	2	1	1.1424	1	1.1424	1.0	True	0.6	3.48
3	170805181	C	T	TNIK	Missense_Mutation	75	23	98	0.23469387755102042	3	2	1	1.017	1	1.017	1.0	True	0.6	3.48
3	183210292	G	A	KLHL6	Silent	45	22	67	0.3283582089552239	3	2	1	1.4229	1	1.4229	1.0	True	0.6	3.48
3	184298401	C	T	EPHB3	Missense_Mutation	24	30	54	0.5555555555555556	3	2	1	2.4074	2	1.2037	1.0	True	0.6	3.48
3	186953908	G	A	MASP1	Missense_Mutation	62	17	79	0.21518987341772153	3	2	1	0.9325	1	0.9325	0.9325	True	0.6	3.48
3	187442854	G	A	BCL6	Missense_Mutation	68	15	83	0.18072289156626506	3	2	1	0.7831	1	0.7831	0.7831	False	0.6	3.48
3	188925383	G	A	TPRG1	Silent	49	40	89	0.449438202247191	3	2	1	1.9476	2	0.9738	0.9738	True	0.6	3.48
3	189586470	C	T	TP63	Missense_Mutation	55	19	74	0.25675675675675674	3	2	1	1.1126	1	1.1126	1.0	True	0.6	3.48
3	189607196	C	T	TP63	Silent	43	20	63	0.31746031746031744	3	2	1	1.3757	1	1.3757	1.0	True	0.6	3.48
3	189705355	C	T	LEPREL1	Silent	48	15	63	0.23809523809523808	3	2	1	1.0317	1	1.0317	1.0	True	0.6	3.48
3	190026081	C	T	CLDN1	Silent	102	55	157	0.3503184713375796	3	2	1	1.518	2	0.759	0.759	False	0.6	3.48
3	190105884	G	A	CLDN16	5'UTR	8	11	19	0.5789473684210527	3	2	1	2.5088	2	1.2544	1.0	True	0.6	3.48
3	190986220	C	T	UTS2B	Nonsense_Mutation	15	3	18	0.16666666666666666	3	2	1	0.7222	1	0.7222	0.7222	False	0.6	3.48
3	193130141	C	T	ATP13A4	Missense_Mutation	157	49	206	0.23786407766990292	3	2	1	1.0307	1	1.0307	1.0	True	0.6	3.48
3	193166037	C	T	ATP13A4	Missense_Mutation	63	19	82	0.23170731707317074	3	2	1	1.0041	1	1.0041	1.0	True	0.6	3.48
3	193232575	A	T	ATP13A4	Missense_Mutation	61	23	84	0.27380952380952384	3	2	1	1.1865	1	1.1865	1.0	True	0.6	3.48
3	194379758	G	A	LSG1	Silent	129	46	175	0.26285714285714284	3	2	1	1.139	1	1.139	1.0	True	0.6	3.48
3	194947472	G	A	XXYLT1	Silent	70	13	83	0.1566265060240964	3	2	1	0.6787	1	0.6787	0.6787	False	0.6	3.48
3	195487808	C	T	MUC4	Missense_Mutation	70	12	82	0.14634146341463414	3	2	1	0.6341	1	0.6341	0.6341	False	0.6	3.48
3	195798339	C	T	TFRC	Silent	46	28	74	0.3783783783783784	3	2	1	1.6396	2	0.8198	0.8198	False	0.6	3.48
4	59432	G	A	ZNF595	Missense_Mutation	530	42	572	0.07342657342657342	2	1	1	0.2448	1	0.2448	0.2448	False	0.6	3.48
4	520928	C	T	PIGG	Silent	29	17	46	0.3695652173913043	2	1	1	1.2319	1	1.2319	1.0	True	0.6	3.48
4	843549	G	A	GAK	Missense_Mutation	28	6	34	0.17647058823529413	2	1	1	0.5882	1	0.5882	0.5882	False	0.6	3.48
4	1305894	C	T	MAEA	Missense_Mutation	33	19	52	0.36538461538461536	4	2	2	1.9487	2	0.9744	0.9744	True	0.6	3.48
4	6590783	C	T	MAN2B2	Silent	38	14	52	0.2692307692307692	4	2	2	1.4359	1	1.4359	1.0	True	0.6	3.48
4	8229718	C	T	SH3TC1	Missense_Mutation	22	16	38	0.42105263157894735	4	2	2	2.2456	2	1.1228	1.0	True	0.6	3.48
4	8394118	G	A	ACOX3	Silent	170	109	279	0.3906810035842294	4	2	2	2.0836	2	1.0418	1.0	True	0.6	3.48
4	8469918	C	T	TRMT44	Missense_Mutation	33	13	46	0.2826086956521739	4	2	2	1.5072	2	0.7536	0.7536	False	0.6	3.48
4	9828093	C	T	SLC2A9	Silent	106	51	157	0.3248407643312102	4	2	2	1.7325	2	0.8662	0.8662	True	0.6	3.48
4	9828100	G	A	SLC2A9	Missense_Mutation	98	49	147	0.3333333333333333	4	2	2	1.7778	2	0.8889	0.8889	True	0.6	3.48
4	13338967	G	A	HSP90AB2P	RNA	31	7	38	0.18421052631578946	4	2	2	0.9825	1	0.9825	0.9825	True	0.6	3.48
4	13604873	G	A	BOD1L1	Silent	172	90	262	0.3435114503816794	4	2	2	1.8321	2	0.916	0.916	True	0.6	3.48
4	15538613	T	C	CC2D2A	Silent	35	16	51	0.3137254901960784	4	2	2	1.6732	2	0.8366	0.8366	False	0.6	3.48
4	15607372	G	A	FBXL5	Nonsense_Mutation	44	16	60	0.26666666666666666	4	2	2	1.4222	1	1.4222	1.0	True	0.6	3.48
4	15938050	C	T	FGFBP1	Missense_Mutation	86	47	133	0.3533834586466165	4	2	2	1.8847	2	0.9424	0.9424	True	0.6	3.48
4	20591326	G	A	SLIT2	Missense_Mutation	30	17	47	0.3617021276595745	4	2	2	1.9291	2	0.9645	0.9645	True	0.6	3.48
4	20611720	G	A	SLIT2	Silent	51	24	75	0.32	4	2	2	1.7067	2	0.8533	0.8533	True	0.6	3.48
4	25019647	C	T	LGI2	Missense_Mutation	102	55	157	0.3503184713375796	4	2	2	1.8684	2	0.9342	0.9342	True	0.6	3.48
4	25370812	A	C	ZCCHC4	3'UTR	30	19	49	0.3877551020408163	4	2	2	2.068	2	1.034	1.0	True	0.6	3.48
4	25803907	G	A	SEL1L3	Nonsense_Mutation	35	16	51	0.3137254901960784	4	2	2	1.6732	2	0.8366	0.8366	False	0.6	3.48
4	26483297	G	A	CCKAR	Missense_Mutation	114	59	173	0.34104046242774566	4	2	2	1.8189	2	0.9094	0.9094	True	0.6	3.48
4	36162209	G	A	ARAP2	Nonsense_Mutation	29	5	34	0.14705882352941177	4	2	2	0.7843	1	0.7843	0.7843	False	0.6	3.48
4	38775644	G	A	TLR10	Missense_Mutation	62	23	85	0.27058823529411763	4	2	2	1.4431	1	1.4431	1.0	True	0.6	3.48
4	39482109	C	T	LIAS	3'Flank	10	5	15	0.3333333333333333	4	2	2	1.7778	2	0.8889	0.8889	True	0.6	3.48
4	40356621	C	T	CHRNA9	3'UTR	30	15	45	0.3333333333333333	4	2	2	1.7778	2	0.8889	0.8889	True	0.6	3.48
4	40427920	C	T	RBM47	3'UTR	63	52	115	0.45217391304347826	4	2	2	2.4116	2	1.2058	1.0	True	0.6	3.48
4	42895461	G	A	GRXCR1	Missense_Mutation	158	71	229	0.31004366812227074	4	2	2	1.6536	2	0.8268	0.8268	False	0.6	3.48
4	46067417	C	T	GABRG1	Missense_Mutation	52	29	81	0.35802469135802467	4	2	2	1.9095	2	0.9547	0.9547	True	0.6	3.48
4	47427844	G	A	GABRB1	Missense_Mutation	42	10	52	0.19230769230769232	4	2	2	1.0256	1	1.0256	1.0	True	0.6	3.48
4	48147206	G	A	TEC	Missense_Mutation	89	44	133	0.3308270676691729	4	2	2	1.7644	2	0.8822	0.8822	True	0.6	3.48
4	48381736	C	T	SLAIN2	Missense_Mutation	59	26	85	0.3058823529411765	4	2	2	1.6314	2	0.8157	0.8157	False	0.6	3.48
4	54364864	G	A	LNX1	Missense_Mutation	32	21	53	0.39622641509433965	4	2	2	2.1132	2	1.0566	1.0	True	0.6	3.48
4	55129833	G	A	PDGFRA	Splice_Site	58	51	109	0.46788990825688076	4	2	2	2.4954	2	1.2477	1.0	True	0.6	3.48
4	55968569	G	A	KDR	Silent	75	39	114	0.34210526315789475	4	2	2	1.8246	2	0.9123	0.9123	True	0.6	3.48
4	55981484	G	A	KDR	Silent	30	14	44	0.3181818181818182	4	2	2	1.697	2	0.8485	0.8485	False	0.6	3.48
4	57182498	C	T	KIAA1211	Missense_Mutation	37	10	47	0.2127659574468085	4	2	2	1.1348	1	1.1348	1.0	True	0.6	3.48
4	57873037	C	T	POLR2B	Nonsense_Mutation	77	28	105	0.26666666666666666	4	2	2	1.4222	1	1.4222	1.0	True	0.6	3.48
4	65145804	G	A	TECRL	Missense_Mutation	23	13	36	0.3611111111111111	4	2	2	1.9259	2	0.963	0.963	True	0.6	3.48
4	69512738	G	A	UGT2B15	3'UTR	41	19	60	0.31666666666666665	4	2	2	1.6889	2	0.8444	0.8444	False	0.6	3.48
4	69536055	G	A	UGT2B15	Silent	135	30	165	0.18181818181818182	4	2	2	0.9697	1	0.9697	0.9697	True	0.6	3.48
4	70146558	G	A	UGT2B28	Missense_Mutation	94	67	161	0.4161490683229814	4	2	2	2.2195	2	1.1097	1.0	True	0.6	3.48
4	70359494	C	T	UGT2B4	Missense_Mutation	60	30	90	0.3333333333333333	4	2	2	1.7778	2	0.8889	0.8889	True	0.6	3.48
4	70504802	G	A	UGT2A2	Missense_Mutation	26	15	41	0.36585365853658536	4	2	2	1.9512	2	0.9756	0.9756	True	0.6	3.48
4	70504957	G	A	UGT2A2	Silent	53	36	89	0.4044943820224719	4	2	2	2.1573	2	1.0787	1.0	True	0.6	3.48
4	70512791	G	A	UGT2A1	Missense_Mutation	32	22	54	0.4074074074074074	4	2	2	2.1728	2	1.0864	1.0	True	0.6	3.48
4	70709918	C	T	SULT1E1	Missense_Mutation	118	51	169	0.30177514792899407	4	2	2	1.6095	2	0.8047	0.8047	False	0.6	3.48
4	70723286	T	A	SULT1E1	Missense_Mutation	44	40	84	0.47619047619047616	4	2	2	2.5397	2	1.2698	1.0	True	0.6	3.48
4	70897700	C	G	HTN3	Missense_Mutation	14	16	30	0.5333333333333333	4	2	2	2.8444	2	1.4222	1.0	True	0.6	3.48
4	71201163	C	T	CABS1	Missense_Mutation	32	22	54	0.4074074074074074	4	2	2	2.1728	2	1.0864	1.0	True	0.6	3.48
4	71201181	A	C	CABS1	Missense_Mutation	35	25	60	0.4166666666666667	4	2	2	2.2222	2	1.1111	1.0	True	0.6	3.48
4	71232465	C	T	SMR3A	Silent	62	35	97	0.36082474226804123	4	2	2	1.9244	2	0.9622	0.9622	True	0.6	3.48
4	71346720	C	T	MUC7	Missense_Mutation	48	34	82	0.4146341463414634	4	2	2	2.2114	2	1.1057	1.0	True	0.6	3.48
4	71396865	G	A	AMTN	Missense_Mutation	27	17	44	0.38636363636363635	4	2	2	2.0606	2	1.0303	1.0	True	0.6	3.48
4	72400022	C	T	SLC4A4	Missense_Mutation	54	6	60	0.1	4	2	2	0.5333	1	0.5333	0.5333	False	0.6	3.48
4	73013082	C	T	NPFFR2	Silent	48	17	65	0.26153846153846155	4	2	2	1.3949	1	1.3949	1.0	True	0.6	3.48
4	74357600	G	A	AFM	Missense_Mutation	73	30	103	0.2912621359223301	4	2	2	1.5534	2	0.7767	0.7767	False	0.6	3.48
4	74847172	C	T	PF4	Silent	44	9	53	0.16981132075471697	4	2	2	0.9057	1	0.9057	0.9057	True	0.6	3.48
4	74847220	C	T	PF4	Silent	19	11	30	0.36666666666666664	4	2	2	1.9556	2	0.9778	0.9778	True	0.6	3.48
4	74863790	C	T	CXCL5	Missense_Mutation	85	48	133	0.3609022556390977	4	2	2	1.9248	2	0.9624	0.9624	True	0.6	3.48
4	76489606	C	T	C4orf26	Missense_Mutation	168	90	258	0.3488372093023256	4	2	2	1.8605	2	0.9302	0.9302	True	0.6	3.48
4	77676179	C	T	SHROOM3	Missense_Mutation	45	29	74	0.3918918918918919	4	2	2	2.0901	2	1.045	1.0	True	0.6	3.48
4	77949800	A	G	SEPT11	Silent	64	39	103	0.3786407766990291	4	2	2	2.0194	2	1.0097	1.0	True	0.6	3.48
4	78650093	G	A	CNOT6L	Silent	109	60	169	0.35502958579881655	4	2	2	1.8935	2	0.9467	0.9467	True	0.6	3.48
4	78650094	G	A	CNOT6L	Missense_Mutation	107	60	167	0.3592814371257485	4	2	2	1.9162	2	0.9581	0.9581	True	0.6	3.48
4	79205703	G	A	FRAS1	Splice_Site	77	38	115	0.33043478260869563	4	2	2	1.7623	2	0.8812	0.8812	True	0.6	3.48
4	79308708	C	T	FRAS1	Silent	26	19	45	0.4222222222222222	4	2	2	2.2519	2	1.1259	1.0	True	0.6	3.48
4	79366681	C	T	FRAS1	Missense_Mutation	46	17	63	0.2698412698412698	4	2	2	1.4392	1	1.4392	1.0	True	0.6	3.48
4	79366899	C	T	FRAS1	Intron	111	76	187	0.40641711229946526	4	2	2	2.1676	2	1.0838	1.0	True	0.6	3.48
4	79369340	C	T	FRAS1	Silent	46	25	71	0.352112676056338	4	2	2	1.8779	2	0.939	0.939	True	0.6	3.48
4	80328028	G	A	GK2	Missense_Mutation	58	42	100	0.42	4	2	2	2.24	2	1.12	1.0	True	0.6	3.48
4	80328648	G	A	GK2	Missense_Mutation	64	31	95	0.3263157894736842	4	2	2	1.7404	2	0.8702	0.8702	True	0.6	3.48
4	81196108	G	A	FGF5	Missense_Mutation	24	18	42	0.42857142857142855	4	2	2	2.2857	2	1.1429	1.0	True	0.6	3.48
4	82125919	G	A	PRKG2	Nonsense_Mutation	112	55	167	0.32934131736526945	4	2	2	1.7565	2	0.8782	0.8782	True	0.6	3.48
4	84029078	C	T	PLAC8	5'UTR	8	7	15	0.4666666666666667	4	2	2	2.4889	2	1.2444	1.0	True	0.6	3.48
4	84339276	G	A	HELQ	Silent	180	85	265	0.32075471698113206	4	2	2	1.7107	2	0.8553	0.8553	True	0.6	3.48
4	85416951	C	T	NKX6-1	Silent	88	22	110	0.2	4	2	2	1.0667	1	1.0667	1.0	True	0.6	3.48
4	85419084	C	T	NKX6-1	Missense_Mutation	6	5	11	0.45454545454545453	4	2	2	2.4242	2	1.2121	1.0	True	0.6	3.48
4	85562059	C	T	CDS1	Silent	100	56	156	0.358974358974359	4	2	2	1.9145	2	0.9573	0.9573	True	0.6	3.48
4	86863241	G	A	ARHGAP24	Silent	32	16	48	0.3333333333333333	4	2	2	1.7778	2	0.8889	0.8889	True	0.6	3.48
4	87023061	C	T	MAPK10	Missense_Mutation	88	34	122	0.2786885245901639	4	2	2	1.4863	1	1.4863	1.0	True	0.6	3.48
4	88959628	C	T	PKD2	Missense_Mutation	75	36	111	0.32432432432432434	4	2	2	1.7297	2	0.8649	0.8649	True	0.6	3.48
4	90816609	G	A	MMRN1	Missense_Mutation	46	23	69	0.3333333333333333	4	2	2	1.7778	2	0.8889	0.8889	True	0.6	3.48
4	90857605	A	C	MMRN1	Missense_Mutation	32	15	47	0.3191489361702128	4	2	2	1.7021	2	0.8511	0.8511	True	0.6	3.48
4	93511390	C	T	GRID2	Missense_Mutation	101	19	120	0.15833333333333333	4	2	2	0.8444	1	0.8444	0.8444	False	0.6	3.48
4	94344033	G	A	GRID2	Missense_Mutation	38	25	63	0.3968253968253968	4	2	2	2.1164	2	1.0582	1.0	True	0.6	3.48
4	100231942	G	A	ADH1B	Silent	68	21	89	0.23595505617977527	4	2	2	1.2584	1	1.2584	1.0	True	0.6	3.48
4	100232053	C	T	ADH1B	Silent	72	53	125	0.424	4	2	2	2.2613	2	1.1307	1.0	True	0.6	3.48
4	100234992	G	A	ADH1B	Missense_Mutation	175	117	292	0.4006849315068493	4	2	2	2.137	2	1.0685	1.0	True	0.6	3.48
4	100504772	T	A	MTTP	Intron	8	12	20	0.6	4	2	2	3.2	2	1.6	1.0	True	0.6	3.48
4	101401114	C	T	EMCN	Silent	30	16	46	0.34782608695652173	4	2	2	1.8551	2	0.9275	0.9275	True	0.6	3.48
4	102946432	G	A	BANK1	Missense_Mutation	69	46	115	0.4	4	2	2	2.1333	2	1.0667	1.0	True	0.6	3.48
4	103987640	C	T	SLC9B2	Missense_Mutation	74	30	104	0.28846153846153844	4	2	2	1.5385	2	0.7692	0.7692	False	0.6	3.48
4	104065532	C	T	CENPE	Missense_Mutation	78	24	102	0.23529411764705882	4	2	2	1.2549	1	1.2549	1.0	True	0.6	3.48
4	104577409	C	T	TACR3	Missense_Mutation	94	46	140	0.32857142857142857	4	2	2	1.7524	2	0.8762	0.8762	True	0.6	3.48
4	104640604	G	A	TACR3	Nonsense_Mutation	58	28	86	0.32558139534883723	4	2	2	1.7364	2	0.8682	0.8682	True	0.6	3.48
4	107846989	C	T	DKK2	Missense_Mutation	127	74	201	0.3681592039800995	4	2	2	1.9635	2	0.9818	0.9818	True	0.6	3.48
4	109670491	C	T	ETNPPL	Missense_Mutation	89	41	130	0.3153846153846154	4	2	2	1.6821	2	0.841	0.841	False	0.6	3.48
4	109681429	G	A	ETNPPL	Silent	69	53	122	0.4344262295081967	4	2	2	2.3169	2	1.1585	1.0	True	0.6	3.48
4	110662218	G	A	CFI	Missense_Mutation	181	117	298	0.3926174496644295	4	2	2	2.094	2	1.047	1.0	True	0.6	3.48
4	111398065	G	A	ENPEP	Silent	135	74	209	0.35406698564593303	4	2	2	1.8884	2	0.9442	0.9442	True	0.6	3.48
4	113108109	G	C	C4orf32	3'UTR	79	48	127	0.3779527559055118	4	2	2	2.0157	2	1.0079	1.0	True	0.6	3.48
4	114179525	C	T	ANK2	Silent	159	39	198	0.19696969696969696	4	2	2	1.0505	1	1.0505	1.0	True	0.6	3.48
4	115997281	G	A	NDST4	Silent	73	17	90	0.18888888888888888	4	2	2	1.0074	1	1.0074	1.0	True	0.6	3.48
4	119659531	A	G	SEC24D	Missense_Mutation	30	25	55	0.45454545454545453	4	2	2	2.4242	2	1.2121	1.0	True	0.6	3.48
4	119951596	G	A	SYNPO2	Missense_Mutation	57	22	79	0.27848101265822783	4	2	2	1.4852	1	1.4852	1.0	True	0.6	3.48
4	122835986	G	A	TRPC3	Silent	36	22	58	0.3793103448275862	4	2	2	2.023	2	1.0115	1.0	True	0.6	3.48
4	122835987	G	A	TRPC3	Missense_Mutation	36	22	58	0.3793103448275862	4	2	2	2.023	2	1.0115	1.0	True	0.6	3.48
4	123274229	C	T	KIAA1109	Missense_Mutation	48	22	70	0.3142857142857143	4	2	2	1.6762	2	0.8381	0.8381	False	0.6	3.48
4	125590189	C	T	ANKRD50	Missense_Mutation	39	11	50	0.22	3	2	1	0.9533	1	0.9533	0.9533	True	0.6	3.48
4	126411253	C	T	FAT4	Missense_Mutation	64	43	107	0.40186915887850466	3	2	1	1.7414	2	0.8707	0.8707	True	0.6	3.48
4	128564862	C	T	INTU	Silent	56	34	90	0.37777777777777777	4	2	2	2.0148	2	1.0074	1.0	True	0.6	3.48
4	128732671	C	T	HSPA4L	Silent	52	24	76	0.3157894736842105	4	2	2	1.6842	2	0.8421	0.8421	False	0.6	3.48
4	138449647	C	T	PCDH18	Missense_Mutation	163	91	254	0.35826771653543305	4	2	2	1.9108	2	0.9554	0.9554	True	0.6	3.48
4	138449706	C	T	PCDH18	Missense_Mutation	262	50	312	0.16025641025641027	4	2	2	0.8547	1	0.8547	0.8547	True	0.6	3.48
4	138452065	C	T	PCDH18	Missense_Mutation	58	29	87	0.3333333333333333	4	2	2	1.7778	2	0.8889	0.8889	True	0.6	3.48
4	138452734	G	A	PCDH18	Missense_Mutation	33	15	48	0.3125	4	2	2	1.6667	2	0.8333	0.8333	False	0.6	3.48
4	139100404	C	T	SLC7A11	Missense_Mutation	56	33	89	0.3707865168539326	4	2	2	1.9775	2	0.9888	0.9888	True	0.6	3.48
4	139980139	A	C	ELF2	Nonstop_Mutation	48	33	81	0.4074074074074074	4	2	2	2.1728	2	1.0864	1.0	True	0.6	3.48
4	140625340	C	T	MGST2	3'UTR	26	16	42	0.38095238095238093	4	2	2	2.0317	2	1.0159	1.0	True	0.6	3.48
4	141317292	C	T	CLGN	Missense_Mutation	106	51	157	0.3248407643312102	4	2	2	1.7325	2	0.8662	0.8662	True	0.6	3.48
4	144922345	C	T	GYPB	Silent	84	34	118	0.288135593220339	4	2	2	1.5367	2	0.7684	0.7684	False	0.6	3.48
4	145567837	A	C	HHIP	Missense_Mutation	77	43	120	0.35833333333333334	4	2	2	1.9111	2	0.9556	0.9556	True	0.6	3.48
4	148575007	A	G	PRMT10	Missense_Mutation	41	9	50	0.18	4	2	2	0.96	1	0.96	0.96	True	0.6	3.48
4	151356790	G	A	LRBA	Missense_Mutation	73	35	108	0.32407407407407407	4	2	2	1.7284	2	0.8642	0.8642	True	0.6	3.48
4	152058918	A	G	SH3D19	Missense_Mutation	53	25	78	0.32051282051282054	4	2	2	1.7094	2	0.8547	0.8547	True	0.6	3.48
4	155241618	C	T	DCHS2	Missense_Mutation	132	83	215	0.386046511627907	4	2	2	2.0589	2	1.0295	1.0	True	0.6	3.48
4	155530823	C	T	FGG	Missense_Mutation	69	9	78	0.11538461538461539	4	2	2	0.6154	1	0.6154	0.6154	False	0.6	3.48
4	155665582	G	A	LRAT	Missense_Mutation	43	24	67	0.3582089552238806	4	2	2	1.9104	2	0.9552	0.9552	True	0.6	3.48
4	155749241	G	A	RBM46	3'UTR	48	22	70	0.3142857142857143	4	2	2	1.6762	2	0.8381	0.8381	False	0.6	3.48
4	156618194	C	T	GUCY1A3	Missense_Mutation	53	38	91	0.4175824175824176	4	2	2	2.2271	2	1.1136	1.0	True	0.6	3.48
4	156629446	G	A	GUCY1A3	Missense_Mutation	69	24	93	0.25806451612903225	4	2	2	1.3763	1	1.3763	1.0	True	0.6	3.48
4	158058004	G	A	GLRB	Missense_Mutation	47	9	56	0.16071428571428573	3	2	1	0.6964	1	0.6964	0.6964	False	0.6	3.48
4	158281129	G	A	GRIA2	Missense_Mutation	47	19	66	0.2878787878787879	3	2	1	1.2475	1	1.2475	1.0	True	0.6	3.48
4	159782870	C	T	FNIP2	Silent	112	54	166	0.3253012048192771	4	2	2	1.7349	2	0.8675	0.8675	True	0.6	3.48
4	162306830	A	T	FSTL5	3'UTR	12	6	18	0.3333333333333333	4	2	2	1.7778	2	0.8889	0.8889	True	0.6	3.48
4	164247270	C	T	NPY1R	Missense_Mutation	52	24	76	0.3157894736842105	4	2	2	1.6842	2	0.8421	0.8421	False	0.6	3.48
4	164272789	G	A	NPY5R	3'UTR	19	16	35	0.45714285714285713	4	2	2	2.4381	2	1.219	1.0	True	0.6	3.48
4	164393863	G	A	TKTL2	Silent	63	43	106	0.4056603773584906	4	2	2	2.1635	2	1.0818	1.0	True	0.6	3.48
4	166388870	C	T	CPE	Nonsense_Mutation	33	11	44	0.25	4	2	2	1.3333	1	1.3333	1.0	True	0.6	3.48
4	166405696	G	A	CPE	Missense_Mutation	278	130	408	0.31862745098039214	4	2	2	1.6993	2	0.8497	0.8497	False	0.6	3.48
4	166913967	G	A	TLL1	Missense_Mutation	55	25	80	0.3125	4	2	2	1.6667	2	0.8333	0.8333	False	0.6	3.48
4	166946521	C	T	TLL1	Missense_Mutation	85	50	135	0.37037037037037035	4	2	2	1.9753	2	0.9877	0.9877	True	0.6	3.48
4	169176899	G	A	DDX60	Nonsense_Mutation	41	11	52	0.21153846153846154	4	2	2	1.1282	1	1.1282	1.0	True	0.6	3.48
4	169212958	C	T	DDX60	Missense_Mutation	36	22	58	0.3793103448275862	4	2	2	2.023	2	1.0115	1.0	True	0.6	3.48
4	169279186	C	T	DDX60L	3'UTR	18	11	29	0.3793103448275862	4	2	2	2.023	2	1.0115	1.0	True	0.6	3.48
4	169279421	G	A	DDX60L	Silent	18	7	25	0.28	4	2	2	1.4933	1	1.4933	1.0	True	0.6	3.48
4	169433541	G	A	PALLD	Missense_Mutation	31	14	45	0.3111111111111111	4	2	2	1.6593	2	0.8296	0.8296	False	0.6	3.48
4	169632817	G	A	PALLD	Silent	37	17	54	0.3148148148148148	4	2	2	1.679	2	0.8395	0.8395	False	0.6	3.48
4	169815749	G	A	PALLD	Missense_Mutation	15	12	27	0.4444444444444444	4	2	2	2.3704	2	1.1852	1.0	True	0.6	3.48
4	174225180	C	T	GALNT7	Missense_Mutation	84	41	125	0.328	4	2	2	1.7493	2	0.8747	0.8747	True	0.6	3.48
4	177608341	C	T	VEGFC	Missense_Mutation	89	64	153	0.41830065359477125	4	2	2	2.2309	2	1.1155	1.0	True	0.6	3.48
4	177648941	G	A	VEGFC	Silent	56	33	89	0.3707865168539326	4	2	2	1.9775	2	0.9888	0.9888	True	0.6	3.48
4	183522081	A	G	TENM3	Silent	75	51	126	0.40476190476190477	4	2	2	2.1587	2	1.0794	1.0	True	0.6	3.48
4	183675766	C	T	TENM3	Silent	37	12	49	0.24489795918367346	4	2	2	1.3061	1	1.3061	1.0	True	0.6	3.48
4	183714840	C	T	TENM3	Missense_Mutation	67	46	113	0.40707964601769914	4	2	2	2.1711	2	1.0855	1.0	True	0.6	3.48
4	185039019	C	T	ENPP6	Missense_Mutation	44	27	71	0.38028169014084506	4	2	2	2.0282	2	1.0141	1.0	True	0.6	3.48
4	187455424	C	T	MTNR1A	Missense_Mutation	48	22	70	0.3142857142857143	4	2	2	1.6762	2	0.8381	0.8381	False	0.6	3.48
4	187534477	G	A	FAT1	Silent	49	32	81	0.3950617283950617	4	2	2	2.107	2	1.0535	1.0	True	0.6	3.48
4	189012773	G	A	TRIML2	Silent	151	82	233	0.351931330472103	2	1	1	1.1731	1	1.1731	1.0	True	0.6	3.48
5	1208876	C	T	SLC6A19	Missense_Mutation	112	41	153	0.2679738562091503	4	2	2	1.4292	1	1.4292	1.0	True	0.6	3.48
5	1232870	G	A	SLC6A18	Silent	47	26	73	0.3561643835616438	4	2	2	1.8995	2	0.9498	0.9498	True	0.6	3.48
5	1239651	C	T	SLC6A18	Silent	88	16	104	0.15384615384615385	4	2	2	0.8205	1	0.8205	0.8205	False	0.6	3.48
5	1242957	C	T	SLC6A18	Silent	53	27	80	0.3375	4	2	2	1.8	2	0.9	0.9	True	0.6	3.48
5	1441550	G	A	SLC6A3	Silent	33	20	53	0.37735849056603776	4	2	2	2.0126	2	1.0063	1.0	True	0.6	3.48
5	3599663	G	A	IRX1	Missense_Mutation	44	19	63	0.30158730158730157	4	2	2	1.6085	2	0.8042	0.8042	False	0.6	3.48
5	5242225	G	A	ADAMTS16	Silent	60	37	97	0.38144329896907214	4	2	2	2.0344	2	1.0172	1.0	True	0.6	3.48
5	10981905	C	T	CTNND2	Missense_Mutation	142	24	166	0.14457831325301204	4	2	2	0.7711	1	0.7711	0.7711	False	0.6	3.48
5	10988308	C	T	CTNND2	Silent	73	29	102	0.28431372549019607	4	2	2	1.5163	2	0.7582	0.7582	False	0.6	3.48
5	13721235	C	T	DNAH5	Missense_Mutation	106	43	149	0.28859060402684567	4	2	2	1.5391	2	0.7696	0.7696	False	0.6	3.48
5	13735322	G	A	DNAH5	Silent	41	24	65	0.36923076923076925	4	2	2	1.9692	2	0.9846	0.9846	True	0.6	3.48
5	13793798	C	T	DNAH5	Missense_Mutation	90	32	122	0.26229508196721313	4	2	2	1.3989	1	1.3989	1.0	True	0.6	3.48
5	13871769	C	T	DNAH5	Missense_Mutation	42	24	66	0.36363636363636365	4	2	2	1.9394	2	0.9697	0.9697	True	0.6	3.48
5	16474881	C	T	FAM134B	Missense_Mutation	91	13	104	0.125	4	2	2	0.6667	1	0.6667	0.6667	False	0.6	3.48
5	17354287	G	A	CTD-2139B15.2	RNA	100	37	137	0.27007299270072993	4	2	2	1.4404	1	1.4404	1.0	True	0.6	3.48
5	19839129	C	T	CDH18	5'UTR	17	5	22	0.22727272727272727	4	2	2	1.2121	1	1.2121	1.0	True	0.6	3.48
5	21755927	C	T	CDH12	Missense_Mutation	44	31	75	0.41333333333333333	4	2	2	2.2044	2	1.1022	1.0	True	0.6	3.48
5	21802333	C	T	CDH12	Missense_Mutation	34	19	53	0.3584905660377358	4	2	2	1.9119	2	0.956	0.956	True	0.6	3.48
5	21854885	G	A	CDH12	Nonsense_Mutation	31	19	50	0.38	4	2	2	2.0267	2	1.0133	1.0	True	0.6	3.48
5	22142560	C	T	CDH12	Intron	15	3	18	0.16666666666666666	4	2	2	0.8889	1	0.8889	0.8889	True	0.6	3.48
5	23526462	G	A	PRDM9	Missense_Mutation	75	40	115	0.34782608695652173	4	2	2	1.8551	2	0.9275	0.9275	True	0.6	3.48
5	23526840	G	A	PRDM9	Missense_Mutation	68	32	100	0.32	4	2	2	1.7067	2	0.8533	0.8533	True	0.6	3.48
5	23527010	G	A	PRDM9	Missense_Mutation	74	41	115	0.3565217391304348	4	2	2	1.9014	2	0.9507	0.9507	True	0.6	3.48
5	23527680	G	A	PRDM9	Missense_Mutation	108	49	157	0.31210191082802546	4	2	2	1.6645	2	0.8323	0.8323	False	0.6	3.48
5	26915930	G	A	CDH9	Missense_Mutation	102	62	164	0.3780487804878049	4	2	2	2.0163	2	1.0081	1.0	True	0.6	3.48
5	31322998	C	T	CDH6	Silent	42	28	70	0.4	4	2	2	2.1333	2	1.0667	1.0	True	0.6	3.48
5	31323218	G	A	CDH6	Missense_Mutation	30	16	46	0.34782608695652173	4	2	2	1.8551	2	0.9275	0.9275	True	0.6	3.48
5	32091181	G	A	PDZD2	Missense_Mutation	43	17	60	0.2833333333333333	4	2	2	1.5111	2	0.7556	0.7556	False	0.6	3.48
5	32385616	C	T	ZFR	Missense_Mutation	86	35	121	0.2892561983471074	4	2	2	1.5427	2	0.7713	0.7713	False	0.6	3.48
5	32385617	C	T	ZFR	Missense_Mutation	86	34	120	0.2833333333333333	4	2	2	1.5111	2	0.7556	0.7556	False	0.6	3.48
5	33947399	C	T	SLC45A2	Missense_Mutation	120	48	168	0.2857142857142857	4	2	2	1.5238	2	0.7619	0.7619	False	0.6	3.48
5	35910596	C	T	CAPSL	Missense_Mutation	56	21	77	0.2727272727272727	4	2	2	1.4545	1	1.4545	1.0	True	0.6	3.48
5	35957327	C	T	UGT3A1	Silent	36	17	53	0.32075471698113206	4	2	2	1.7107	2	0.8553	0.8553	True	0.6	3.48
5	35965514	C	T	UGT3A1	Missense_Mutation	57	31	88	0.3522727272727273	4	2	2	1.8788	2	0.9394	0.9394	True	0.6	3.48
5	35991338	A	G	UGT3A1	Missense_Mutation	58	33	91	0.3626373626373626	4	2	2	1.9341	2	0.967	0.967	True	0.6	3.48
5	36984775	C	T	NIPBL	Intron	64	56	120	0.4666666666666667	4	2	2	2.4889	2	1.2444	1.0	True	0.6	3.48
5	38884197	C	T	OSMR	Silent	111	60	171	0.3508771929824561	4	2	2	1.8713	2	0.9357	0.9357	True	0.6	3.48
5	40947812	C	T	C7	Missense_Mutation	53	33	86	0.38372093023255816	4	2	2	2.0465	2	1.0233	1.0	True	0.6	3.48
5	40950039	C	T	C7	Missense_Mutation	14	14	28	0.5	4	2	2	2.6667	2	1.3333	1.0	True	0.6	3.48
5	41032918	G	A	MROH2B	Silent	13	9	22	0.4090909090909091	4	2	2	2.1818	2	1.0909	1.0	True	0.6	3.48
5	41058177	G	A	MROH2B	Silent	43	19	62	0.3064516129032258	4	2	2	1.6344	2	0.8172	0.8172	False	0.6	3.48
5	41155184	A	C	C6	Missense_Mutation	42	40	82	0.4878048780487805	4	2	2	2.6016	2	1.3008	1.0	True	0.6	3.48
5	43246072	C	T	NIM1K	Silent	45	43	88	0.48863636363636365	4	2	2	2.6061	2	1.303	1.0	True	0.6	3.48
5	43529903	G	A	PAIP1	Missense_Mutation	66	34	100	0.34	4	2	2	1.8133	2	0.9067	0.9067	True	0.6	3.48
5	45262407	C	T	HCN1	Silent	48	8	56	0.14285714285714285	4	2	2	0.7619	1	0.7619	0.7619	False	0.6	3.48
5	49695120	G	A	EMB	Missense_Mutation	44	17	61	0.2786885245901639	4	2	2	1.4863	1	1.4863	1.0	True	0.6	3.48
5	49699165	G	A	EMB	Nonsense_Mutation	66	17	83	0.20481927710843373	4	2	2	1.0924	1	1.0924	1.0	True	0.6	3.48
5	52096558	C	T	PELO	Silent	41	27	68	0.39705882352941174	4	2	2	2.1176	2	1.0588	1.0	True	0.6	3.48
5	52221113	C	T	ITGA1	Silent	39	10	49	0.20408163265306123	4	2	2	1.0884	1	1.0884	1.0	True	0.6	3.48
5	52229771	C	T	ITGA1	Missense_Mutation	47	28	75	0.37333333333333335	4	2	2	1.9911	2	0.9956	0.9956	True	0.6	3.48
5	54405854	T	G	GZMA	Missense_Mutation	15	22	37	0.5945945945945946	2	2	0	1.982	2	0.991	0.991	True	0.6	3.48
5	56778202	C	T	ACTBL2	Silent	34	12	46	0.2608695652173913	2	2	0	0.8696	1	0.8696	0.8696	True	0.6	3.48
5	63256578	C	T	HTR1A	Silent	57	30	87	0.3448275862068966	4	2	2	1.8391	2	0.9195	0.9195	True	0.6	3.48
5	64483855	C	T	ADAMTS6	Silent	72	64	136	0.47058823529411764	4	2	2	2.5098	2	1.2549	1.0	True	0.6	3.48
5	64484034	C	T	ADAMTS6	Missense_Mutation	102	63	165	0.38181818181818183	4	2	2	2.0364	2	1.0182	1.0	True	0.6	3.48
5	65288687	C	T	ERBB2IP	Silent	36	14	50	0.28	4	2	2	1.4933	1	1.4933	1.0	True	0.6	3.48
5	66437978	C	T	MAST4	Missense_Mutation	108	60	168	0.35714285714285715	4	2	2	1.9048	2	0.9524	0.9524	True	0.6	3.48
5	68902955	G	A	RP11-848G14.2	RNA	168	37	205	0.18048780487804877	4	2	2	0.9626	1	0.9626	0.9626	True	0.6	3.48
5	74012481	A	T	HEXB	Missense_Mutation	35	13	48	0.2708333333333333	4	2	2	1.4444	1	1.4444	1.0	True	0.6	3.48
5	76709015	C	T	PDE8B	Missense_Mutation	418	240	658	0.364741641337386	4	2	2	1.9453	2	0.9726	0.9726	True	0.6	3.48
5	78384425	A	T	BHMT2	3'UTR	42	19	61	0.3114754098360656	4	2	2	1.6612	2	0.8306	0.8306	False	0.6	3.48
5	79032757	C	T	CMYA5	Silent	16	15	31	0.4838709677419355	4	2	2	2.5806	2	1.2903	1.0	True	0.6	3.48
5	79033728	C	T	CMYA5	Missense_Mutation	52	30	82	0.36585365853658536	4	2	2	1.9512	2	0.9756	0.9756	True	0.6	3.48
5	79357628	G	A	THBS4	Silent	26	17	43	0.3953488372093023	4	2	2	2.1085	2	1.0543	1.0	True	0.6	3.48
5	79367965	G	A	THBS4	Intron	28	15	43	0.3488372093023256	4	2	2	1.8605	2	0.9302	0.9302	True	0.6	3.48
5	82815659	G	A	VCAN	Missense_Mutation	61	38	99	0.3838383838383838	4	2	2	2.0471	2	1.0236	1.0	True	0.6	3.48
5	88047715	G	A	MEF2C	Missense_Mutation	176	89	265	0.33584905660377357	4	2	2	1.7912	2	0.8956	0.8956	True	0.6	3.48
5	90024573	G	A	GPR98	Missense_Mutation	89	59	148	0.39864864864864863	4	2	2	2.1261	2	1.0631	1.0	True	0.6	3.48
5	90055394	G	A	GPR98	Missense_Mutation	24	8	32	0.25	4	2	2	1.3333	1	1.3333	1.0	True	0.6	3.48
5	96078387	C	T	CAST	Missense_Mutation	31	8	39	0.20512820512820512	4	2	2	1.094	1	1.094	1.0	True	0.6	3.48
5	96320900	C	T	LNPEP	Missense_Mutation	74	31	105	0.29523809523809524	4	2	2	1.5746	2	0.7873	0.7873	False	0.6	3.48
5	101794093	G	A	SLCO6A1	Missense_Mutation	96	52	148	0.35135135135135137	4	2	2	1.8739	2	0.9369	0.9369	True	0.6	3.48
5	110428012	G	A	WDR36	Missense_Mutation	54	55	109	0.5045871559633027	3	2	1	2.1865	2	1.0933	1.0	True	0.6	3.48
5	111643176	T	A	EPB41L4A	Missense_Mutation	45	13	58	0.22413793103448276	3	2	1	0.9713	1	0.9713	0.9713	True	0.6	3.48
5	112154986	C	T	APC	Silent	53	13	66	0.19696969696969696	3	2	1	0.8535	1	0.8535	0.8535	True	0.6	3.48
5	112403852	G	A	MCC	Missense_Mutation	28	9	37	0.24324324324324326	3	2	1	1.0541	1	1.0541	1.0	True	0.6	3.48
5	112769798	C	T	TSSK1B	Missense_Mutation	25	22	47	0.46808510638297873	3	2	1	2.0284	2	1.0142	1.0	True	0.6	3.48
5	114469656	C	T	TRIM36	Missense_Mutation	64	17	81	0.20987654320987653	3	2	1	0.9095	1	0.9095	0.9095	True	0.6	3.48
5	115142174	C	T	CDO1	Missense_Mutation	32	14	46	0.30434782608695654	3	2	1	1.3188	1	1.3188	1.0	True	0.6	3.48
5	118484798	C	T	DMXL1	Silent	80	56	136	0.4117647058823529	3	2	1	1.7843	2	0.8922	0.8922	True	0.6	3.48
5	118969733	C	T	FAM170A	Missense_Mutation	26	25	51	0.49019607843137253	3	2	1	2.1242	2	1.0621	1.0	True	0.6	3.48
5	121759037	C	T	SNCAIP	Missense_Mutation	76	16	92	0.17391304347826086	3	2	1	0.7536	1	0.7536	0.7536	False	0.6	3.48
5	125801165	C	T	GRAMD3	Missense_Mutation	60	12	72	0.16666666666666666	3	2	1	0.7222	1	0.7222	0.7222	False	0.6	3.48
5	127664510	A	G	FBN2	Missense_Mutation	12	20	32	0.625	3	2	1	2.7083	2	1.3542	1.0	True	0.6	3.48
5	128302248	C	T	SLC27A6	Missense_Mutation	19	6	25	0.24	3	2	1	1.04	1	1.04	1.0	True	0.6	3.48
5	128320951	G	A	SLC27A6	Missense_Mutation	45	12	57	0.21052631578947367	3	2	1	0.9123	1	0.9123	0.9123	True	0.6	3.48
5	128351643	G	A	SLC27A6	Nonsense_Mutation	70	18	88	0.20454545454545456	3	2	1	0.8864	1	0.8864	0.8864	True	0.6	3.48
5	131307271	C	T	ACSL6	Missense_Mutation	14	11	25	0.44	3	2	1	1.9067	2	0.9533	0.9533	True	0.6	3.48
5	131940662	G	A	RAD50	Missense_Mutation	26	12	38	0.3157894736842105	3	2	1	1.3684	1	1.3684	1.0	True	0.6	3.48
5	132159717	C	T	SHROOM1	Missense_Mutation	22	12	34	0.35294117647058826	3	2	1	1.5294	2	0.7647	0.7647	False	0.6	3.48
5	132939627	G	A	FSTL4	Silent	44	33	77	0.42857142857142855	3	2	1	1.8571	2	0.9286	0.9286	True	0.6	3.48
5	133644076	G	A	CDKL3	Missense_Mutation	31	26	57	0.45614035087719296	3	2	1	1.9766	2	0.9883	0.9883	True	0.6	3.48
5	134344644	C	T	CATSPER3	Silent	52	33	85	0.38823529411764707	3	2	1	1.6824	2	0.8412	0.8412	False	0.6	3.48
5	134347235	C	T	CATSPER3	Silent	18	7	25	0.28	3	2	1	1.2133	1	1.2133	1.0	True	0.6	3.48
5	135583173	G	A	TRPC7	Silent	22	34	56	0.6071428571428571	3	2	1	2.631	2	1.3155	1.0	True	0.6	3.48
5	135692364	G	A	TRPC7	Missense_Mutation	23	5	28	0.17857142857142858	3	2	1	0.7738	1	0.7738	0.7738	False	0.6	3.48
5	137206287	G	A	MYOT	5'UTR	30	31	61	0.5081967213114754	3	2	1	2.2022	2	1.1011	1.0	True	0.6	3.48
5	137761259	G	A	KDM3B	Missense_Mutation	64	9	73	0.1232876712328767	3	2	1	0.5342	1	0.5342	0.5342	False	0.6	3.48
5	137844008	G	A	ETF1	Missense_Mutation	18	14	32	0.4375	3	2	1	1.8958	2	0.9479	0.9479	True	0.6	3.48
5	139251314	G	A	NRG2	Silent	75	25	100	0.25	3	2	1	1.0833	1	1.0833	1.0	True	0.6	3.48
5	139866626	C	T	ANKHD1	Silent	49	9	58	0.15517241379310345	3	2	1	0.6724	1	0.6724	0.6724	False	0.6	3.48
5	140166766	C	T	PCDHA1	Silent	58	13	71	0.18309859154929578	3	2	1	0.7934	1	0.7934	0.7934	False	0.6	3.48
5	140167623	G	A	PCDHA1	Missense_Mutation	41	32	73	0.4383561643835616	3	2	1	1.8995	2	0.9498	0.9498	True	0.6	3.48
5	140167914	C	T	PCDHA1	Missense_Mutation	55	15	70	0.21428571428571427	3	2	1	0.9286	1	0.9286	0.9286	True	0.6	3.48
5	140175770	G	A	PCDHA2	Silent	115	41	156	0.26282051282051283	3	2	1	1.1389	1	1.1389	1.0	True	0.6	3.48
5	140188434	C	T	PCDHA4	Silent	48	53	101	0.5247524752475248	3	2	1	2.2739	2	1.137	1.0	True	0.6	3.48
5	140208807	C	T	PCDHA6	Silent	139	36	175	0.2057142857142857	3	2	1	0.8914	1	0.8914	0.8914	True	0.6	3.48
5	140229665	G	A	PCDHA9	Missense_Mutation	93	62	155	0.4	3	2	1	1.7333	2	0.8667	0.8667	True	0.6	3.48
5	140237445	G	C	PCDHA10	Silent	12	10	22	0.45454545454545453	3	2	1	1.9697	2	0.9848	0.9848	True	0.6	3.48
5	140249015	C	T	PCDHA11	Silent	182	41	223	0.18385650224215247	3	2	1	0.7967	1	0.7967	0.7967	False	0.6	3.48
5	140250440	G	A	PCDHA11	Silent	108	25	133	0.18796992481203006	3	2	1	0.8145	1	0.8145	0.8145	False	0.6	3.48
5	140308012	C	T	PCDHAC1	Missense_Mutation	94	28	122	0.22950819672131148	3	2	1	0.9945	1	0.9945	0.9945	True	0.6	3.48
5	140516390	C	T	PCDHB5	Silent	93	67	160	0.41875	3	2	1	1.8146	2	0.9073	0.9073	True	0.6	3.48
5	140529943	G	A	PCDHB6	Silent	55	20	75	0.26666666666666666	3	2	1	1.1556	1	1.1556	1.0	True	0.6	3.48
5	140529993	G	A	PCDHB6	Missense_Mutation	55	42	97	0.4329896907216495	3	2	1	1.8763	2	0.9381	0.9381	True	0.6	3.48
5	140531273	G	A	PCDHB6	Missense_Mutation	80	74	154	0.4805194805194805	3	2	1	2.0823	2	1.0411	1.0	True	0.6	3.48
5	140553181	C	T	PCDHB7	Silent	55	14	69	0.2028985507246377	3	2	1	0.8792	1	0.8792	0.8792	True	0.6	3.48
5	140557970	C	T	PCDHB8	Nonsense_Mutation	113	28	141	0.19858156028368795	3	2	1	0.8605	1	0.8605	0.8605	True	0.6	3.48
5	140558802	C	A	PCDHB8	Missense_Mutation	148	24	172	0.13953488372093023	3	2	1	0.6047	1	0.6047	0.6047	False	0.6	3.48
5	140572455	G	A	PCDHB10	Missense_Mutation	41	9	50	0.18	3	2	1	0.78	1	0.78	0.78	False	0.6	3.48
5	140589549	C	T	PCDHB12	Missense_Mutation	21	24	45	0.5333333333333333	3	2	1	2.3111	2	1.1556	1.0	True	0.6	3.48
5	140603430	G	A	PCDHB14	Missense_Mutation	89	24	113	0.21238938053097345	3	2	1	0.9204	1	0.9204	0.9204	True	0.6	3.48
5	140724380	G	A	PCDHGA3	Silent	35	24	59	0.4067796610169492	3	2	1	1.7627	2	0.8814	0.8814	True	0.6	3.48
5	140725660	C	T	PCDHGA3	Missense_Mutation	60	37	97	0.38144329896907214	3	2	1	1.6529	2	0.8265	0.8265	False	0.6	3.48
5	140730451	C	T	PCDHGB1	Silent	67	13	80	0.1625	3	2	1	0.7042	1	0.7042	0.7042	False	0.6	3.48
5	140750236	G	A	PCDHGB3	Missense_Mutation	252	64	316	0.20253164556962025	3	2	1	0.8776	1	0.8776	0.8776	True	0.6	3.48
5	140750280	G	A	PCDHGB3	Missense_Mutation	176	48	224	0.21428571428571427	3	2	1	0.9286	1	0.9286	0.9286	True	0.6	3.48
5	140750458	C	T	PCDHGB3	Missense_Mutation	205	54	259	0.2084942084942085	3	2	1	0.9035	1	0.9035	0.9035	True	0.6	3.48
5	140753701	C	T	PCDHGA6	Silent	10	9	19	0.47368421052631576	3	2	1	2.0526	2	1.0263	1.0	True	0.6	3.48
5	140755656	C	T	PCDHGA6	Missense_Mutation	42	31	73	0.4246575342465753	3	2	1	1.8402	2	0.9201	0.9201	True	0.6	3.48
5	140764713	C	T	PCDHGA7	Silent	39	29	68	0.4264705882352941	3	2	1	1.848	2	0.924	0.924	True	0.6	3.48
5	140772607	C	T	PCDHGA8	Missense_Mutation	28	24	52	0.46153846153846156	3	2	1	2.0	2	1.0	1.0	True	0.6	3.48
5	140784004	C	T	PCDHGA9	Silent	36	27	63	0.42857142857142855	3	2	1	1.8571	2	0.9286	0.9286	True	0.6	3.48
5	140795153	C	T	PCDHGA10	Missense_Mutation	34	7	41	0.17073170731707318	3	2	1	0.7398	1	0.7398	0.7398	False	0.6	3.48
5	140858107	C	T	PCDHGC3	Silent	9	6	15	0.4	3	2	1	1.7333	2	0.8667	0.8667	True	0.6	3.48
5	140896445	G	A	DIAPH1	Silent	29	22	51	0.43137254901960786	3	2	1	1.8693	2	0.9346	0.9346	True	0.6	3.48
5	140896446	G	A	DIAPH1	Missense_Mutation	30	22	52	0.4230769230769231	3	2	1	1.8333	2	0.9167	0.9167	True	0.6	3.48
5	141009672	A	G	HDAC3	Missense_Mutation	58	48	106	0.4528301886792453	3	2	1	1.9623	2	0.9811	0.9811	True	0.6	3.48
5	143586587	G	A	KCTD16	Missense_Mutation	39	12	51	0.23529411764705882	3	2	1	1.0196	1	1.0196	1.0	True	0.6	3.48
5	145383698	C	T	SH3RF2	Silent	70	34	104	0.3269230769230769	4	2	2	1.7436	2	0.8718	0.8718	True	0.6	3.48
5	145464078	G	A	PLAC8L1	Nonsense_Mutation	91	42	133	0.3157894736842105	4	2	2	1.6842	2	0.8421	0.8421	False	0.6	3.48
5	145524223	G	A	LARS	Missense_Mutation	39	25	64	0.390625	4	2	2	2.0833	2	1.0417	1.0	True	0.6	3.48
5	147716007	G	A	SPINK9	Silent	103	25	128	0.1953125	3	2	1	0.8464	1	0.8464	0.8464	False	0.6	3.48
5	147889316	G	A	HTR4	Missense_Mutation	37	30	67	0.44776119402985076	3	2	1	1.9403	2	0.9701	0.9701	True	0.6	3.48
5	148727972	A	T	GRPEL2	Missense_Mutation	24	26	50	0.52	3	2	1	2.2533	2	1.1267	1.0	True	0.6	3.48
5	149212709	C	T	PPARGC1B	Missense_Mutation	55	17	72	0.2361111111111111	3	2	1	1.0231	1	1.0231	1.0	True	0.6	3.48
5	149263002	C	T	PDE6A	Missense_Mutation	14	11	25	0.44	3	2	1	1.9067	2	0.9533	0.9533	True	0.6	3.48
5	149276015	G	A	PDE6A	Silent	45	14	59	0.23728813559322035	3	2	1	1.0282	1	1.0282	1.0	True	0.6	3.48
5	149359901	T	A	SLC26A2	Missense_Mutation	136	30	166	0.18072289156626506	3	2	1	0.7831	1	0.7831	0.7831	False	0.6	3.48
5	149456941	G	A	CSF1R	Missense_Mutation	57	43	100	0.43	3	2	1	1.8633	2	0.9317	0.9317	True	0.6	3.48
5	150027812	C	T	SYNPO	Missense_Mutation	17	9	26	0.34615384615384615	3	2	1	1.5	1	1.5	1.0	True	0.6	3.48
5	150080667	C	T	RBM22	5'UTR	2	6	8	0.75	3	2	1	3.25	2	1.625	1.0	True	0.6	3.48
5	150322137	C	T	ZNF300P1	RNA	32	10	42	0.23809523809523808	3	2	1	1.0317	1	1.0317	1.0	True	0.6	3.48
5	150682794	C	T	SLC36A3	Missense_Mutation	43	6	49	0.12244897959183673	3	2	1	0.5306	1	0.5306	0.5306	False	0.6	3.48
5	150908800	G	A	FAT2	Missense_Mutation	51	43	94	0.4574468085106383	3	2	1	1.9823	2	0.9911	0.9911	True	0.6	3.48
5	151777675	C	T	NMUR2	Missense_Mutation	40	23	63	0.36507936507936506	3	2	1	1.582	2	0.791	0.791	False	0.6	3.48
5	153085405	C	T	GRIA1	Missense_Mutation	63	66	129	0.5116279069767442	3	2	1	2.2171	2	1.1085	1.0	True	0.6	3.48
5	153190743	G	A	GRIA1	Missense_Mutation	37	9	46	0.1956521739130435	3	2	1	0.8478	1	0.8478	0.8478	False	0.6	3.48
5	154278121	G	A	GEMIN5	Missense_Mutation	42	34	76	0.4473684210526316	3	2	1	1.9386	2	0.9693	0.9693	True	0.6	3.48
5	156590459	C	T	FAM71B	Missense_Mutation	180	58	238	0.24369747899159663	3	2	1	1.056	1	1.056	1.0	True	0.6	3.48
5	156608032	C	T	ITK	Missense_Mutation	236	56	292	0.1917808219178082	3	2	1	0.8311	1	0.8311	0.8311	False	0.6	3.48
5	156635902	G	A	ITK	Silent	118	72	190	0.37894736842105264	3	2	1	1.6421	2	0.8211	0.8211	False	0.6	3.48
5	156636002	C	T	ITK	Nonsense_Mutation	101	90	191	0.4712041884816754	3	2	1	2.0419	2	1.0209	1.0	True	0.6	3.48
5	156641321	A	G	ITK	Missense_Mutation	239	78	317	0.24605678233438485	3	2	1	1.0662	1	1.0662	1.0	True	0.6	3.48
5	156908821	G	A	ADAM19	Missense_Mutation	3	5	8	0.625	3	2	1	2.7083	2	1.3542	1.0	True	0.6	3.48
5	158588447	T	A	RNF145	Missense_Mutation	46	19	65	0.2923076923076923	3	2	1	1.2667	1	1.2667	1.0	True	0.6	3.48
5	159776189	G	A	C1QTNF2	Missense_Mutation	51	50	101	0.49504950495049505	3	2	1	2.1452	2	1.0726	1.0	True	0.6	3.48
5	159996682	G	A	ATP10B	Silent	41	7	48	0.14583333333333334	3	2	1	0.6319	1	0.6319	0.6319	False	0.6	3.48
5	160049461	G	A	ATP10B	Silent	30	10	40	0.25	3	2	1	1.0833	1	1.0833	1.0	True	0.6	3.48
5	160063273	G	A	ATP10B	Silent	40	30	70	0.42857142857142855	3	2	1	1.8571	2	0.9286	0.9286	True	0.6	3.48
5	160838060	G	A	GABRB2	Silent	41	42	83	0.5060240963855421	3	2	1	2.1928	2	1.0964	1.0	True	0.6	3.48
5	167674649	G	A	TENM2	Silent	16	13	29	0.4482758620689655	3	2	1	1.9425	2	0.9713	0.9713	True	0.6	3.48
5	167990990	G	A	PANK3	Missense_Mutation	176	42	218	0.1926605504587156	3	2	1	0.8349	1	0.8349	0.8349	False	0.6	3.48
5	168093533	G	A	SLIT3	Nonsense_Mutation	16	13	29	0.4482758620689655	3	2	1	1.9425	2	0.9713	0.9713	True	0.6	3.48
5	169532974	G	A	FOXI1	Missense_Mutation	4	7	11	0.6363636363636364	3	2	1	2.7576	2	1.3788	1.0	True	0.6	3.48
5	169535193	C	T	FOXI1	Missense_Mutation	42	23	65	0.35384615384615387	3	2	1	1.5333	2	0.7667	0.7667	False	0.6	3.48
5	169675573	G	A	LCP2	3'UTR	27	13	40	0.325	3	2	1	1.4083	1	1.4083	1.0	True	0.6	3.48
5	170148787	C	T	KCNIP1	Intron	49	32	81	0.3950617283950617	3	2	1	1.7119	2	0.856	0.856	True	0.6	3.48
5	170222365	G	A	GABRP	Missense_Mutation	61	39	100	0.39	3	2	1	1.69	2	0.845	0.845	False	0.6	3.48
5	174936039	G	A	SFXN1	Missense_Mutation	49	40	89	0.449438202247191	3	2	1	1.9476	2	0.9738	0.9738	True	0.6	3.48
5	176053763	C	T	SNCB	Splice_Site	30	27	57	0.47368421052631576	3	2	1	2.0526	2	1.0263	1.0	True	0.6	3.48
5	176696747	G	A	NSD1	Missense_Mutation	77	13	90	0.14444444444444443	3	2	1	0.6259	1	0.6259	0.6259	False	0.6	3.48
5	176764494	T	G	LMAN2	Missense_Mutation	33	4	37	0.10810810810810811	3	2	1	0.4685	1	0.4685	0.4685	False	0.6	3.48
5	178413621	C	T	GRM6	Missense_Mutation	38	6	44	0.13636363636363635	3	2	1	0.5909	1	0.5909	0.5909	False	0.6	3.48
5	178506099	G	A	ZNF354C	Silent	33	11	44	0.25	3	2	1	1.0833	1	1.0833	1.0	True	0.6	3.48
5	178548698	G	A	ADAMTS2	Missense_Mutation	243	67	310	0.2161290322580645	3	2	1	0.9366	1	0.9366	0.9366	True	0.6	3.48
5	179201801	C	T	MAML1	Silent	77	19	96	0.19791666666666666	3	2	1	0.8576	1	0.8576	0.8576	True	0.6	3.48
5	179548090	C	G	RASGEF1C	Silent	48	9	57	0.15789473684210525	3	2	1	0.6842	1	0.6842	0.6842	False	0.6	3.48
5	179977003	C	T	CNOT6	Missense_Mutation	73	66	139	0.4748201438848921	3	2	1	2.0576	2	1.0288	1.0	True	0.6	3.48
5	180043463	C	T	FLT4	Silent	25	20	45	0.4444444444444444	3	2	1	1.9259	2	0.963	0.963	True	0.6	3.48
6	345884	C	T	DUSP22	Silent	69	13	82	0.15853658536585366	2	1	1	0.5285	1	0.5285	0.5285	False	0.6	3.48
6	348878	C	T	DUSP22	Intron	32	6	38	0.15789473684210525	2	1	1	0.5263	1	0.5263	0.5263	False	0.6	3.48
6	1961196	G	A	GMDS	Missense_Mutation	16	10	26	0.38461538461538464	4	2	2	2.0513	2	1.0256	1.0	True	0.6	3.48
6	2623929	G	A	C6orf195	Missense_Mutation	51	34	85	0.4	4	2	2	2.1333	2	1.0667	1.0	True	0.6	3.48
6	3751788	G	A	PXDC1	5'UTR	4	5	9	0.5555555555555556	4	2	2	2.963	2	1.4815	1.0	True	0.6	3.48
6	6266838	C	T	F13A1	Missense_Mutation	53	38	91	0.4175824175824176	4	2	2	2.2271	2	1.1136	1.0	True	0.6	3.48
6	7558481	G	A	DSP	Missense_Mutation	21	10	31	0.3225806451612903	4	2	2	1.7204	2	0.8602	0.8602	True	0.6	3.48
6	7586161	C	T	DSP	3'UTR	84	35	119	0.29411764705882354	4	2	2	1.5686	2	0.7843	0.7843	False	0.6	3.48
6	7602873	C	T	SNRNP48	Missense_Mutation	34	16	50	0.32	4	2	2	1.7067	2	0.8533	0.8533	True	0.6	3.48
6	10874607	G	A	GCM2	Missense_Mutation	152	74	226	0.3274336283185841	4	2	2	1.7463	2	0.8732	0.8732	True	0.6	3.48
6	10930683	G	A	SYCP2L	Silent	35	24	59	0.4067796610169492	4	2	2	2.1695	2	1.0847	1.0	True	0.6	3.48
6	10990062	G	A	ELOVL2	Silent	45	24	69	0.34782608695652173	4	2	2	1.8551	2	0.9275	0.9275	True	0.6	3.48
6	13228132	G	A	PHACTR1	Missense_Mutation	507	273	780	0.35	4	2	2	1.8667	2	0.9333	0.9333	True	0.6	3.48
6	13228133	G	A	PHACTR1	Missense_Mutation	507	273	780	0.35	4	2	2	1.8667	2	0.9333	0.9333	True	0.6	3.48
6	17850608	G	A	KIF13A	Silent	30	17	47	0.3617021276595745	4	2	2	1.9291	2	0.9645	0.9645	True	0.6	3.48
6	18186031	C	T	KDM1B	Missense_Mutation	108	44	152	0.2894736842105263	4	2	2	1.5439	2	0.7719	0.7719	False	0.6	3.48
6	20490796	G	A	E2F3	3'UTR	18	11	29	0.3793103448275862	4	2	2	2.023	2	1.0115	1.0	True	0.6	3.48
6	20758841	C	T	CDKAL1	Missense_Mutation	367	83	450	0.18444444444444444	4	2	2	0.9837	1	0.9837	0.9837	True	0.6	3.48
6	21108659	C	T	CDKAL1	Missense_Mutation	282	160	442	0.36199095022624433	4	2	2	1.9306	2	0.9653	0.9653	True	0.6	3.48
6	22569694	C	T	HDGFL1	5'Flank	7	4	11	0.36363636363636365	4	2	2	1.9394	2	0.9697	0.9697	True	0.6	3.48
6	22570498	G	A	HDGFL1	Missense_Mutation	6	3	9	0.3333333333333333	4	2	2	1.7778	2	0.8889	0.8889	True	0.6	3.48
6	24850074	G	T	FAM65B	Silent	206	104	310	0.33548387096774196	4	2	2	1.7892	2	0.8946	0.8946	True	0.6	3.48
6	25261489	G	A	RP3-522P13.3	RNA	5	5	10	0.5	4	2	2	2.6667	2	1.3333	1.0	True	0.6	3.48
6	25665236	G	A	SCGN	Silent	58	18	76	0.23684210526315788	4	2	2	1.2632	1	1.2632	1.0	True	0.6	3.48
6	25826732	C	T	SLC17A1	Missense_Mutation	99	54	153	0.35294117647058826	4	2	2	1.8824	2	0.9412	0.9412	True	0.6	3.48
6	25914867	C	T	SLC17A2	Silent	42	27	69	0.391304347826087	4	2	2	2.087	2	1.0435	1.0	True	0.6	3.48
6	26158580	G	A	HIST1H2BD	Silent	131	82	213	0.38497652582159625	4	2	2	2.0532	2	1.0266	1.0	True	0.6	3.48
6	26285536	C	T	HIST1H4H	Silent	61	52	113	0.46017699115044247	4	2	2	2.4543	2	1.2271	1.0	True	0.6	3.48
6	26370597	G	A	BTN3A2	Missense_Mutation	69	28	97	0.28865979381443296	4	2	2	1.5395	2	0.7698	0.7698	False	0.6	3.48
6	26598587	C	T	ABT1	Missense_Mutation	42	34	76	0.4473684210526316	4	2	2	2.386	2	1.193	1.0	True	0.6	3.48
6	26598588	C	T	ABT1	Silent	42	32	74	0.43243243243243246	4	2	2	2.3063	2	1.1532	1.0	True	0.6	3.48
6	28472197	G	A	GPX6	Missense_Mutation	58	23	81	0.2839506172839506	4	2	2	1.5144	2	0.7572	0.7572	False	0.6	3.48
6	28539927	G	A	SCAND3	Missense_Mutation	34	19	53	0.3584905660377358	4	2	2	1.9119	2	0.956	0.956	True	0.6	3.48
6	28541028	C	T	SCAND3	Missense_Mutation	80	42	122	0.3442622950819672	4	2	2	1.8361	2	0.918	0.918	True	0.6	3.48
6	29275193	C	T	OR14J1	Silent	120	61	181	0.3370165745856354	4	2	2	1.7974	2	0.8987	0.8987	True	0.6	3.48
6	29598337	C	T	GABBR1	Missense_Mutation	52	28	80	0.35	4	2	2	1.8667	2	0.9333	0.9333	True	0.6	3.48
6	29912088	C	T	HLA-A	Missense_Mutation	28	17	45	0.37777777777777777	4	2	2	2.0148	2	1.0074	1.0	True	0.6	3.48
6	30314633	C	T	RPP21	3'UTR	28	15	43	0.3488372093023256	4	2	2	1.8605	2	0.9302	0.9302	True	0.6	3.48
6	30569862	C	T	PPP1R10	Missense_Mutation	40	18	58	0.3103448275862069	4	2	2	1.6552	2	0.8276	0.8276	False	0.6	3.48
6	30954633	C	A	MUC21	Missense_Mutation	144	75	219	0.3424657534246575	4	2	2	1.8265	2	0.9132	0.9132	True	0.6	3.48
6	31557865	G	A	NCR3	Missense_Mutation	67	33	100	0.33	4	2	2	1.76	2	0.88	0.88	True	0.6	3.48
6	31560554	G	A	NCR3	5'UTR	18	8	26	0.3076923076923077	4	2	2	1.641	2	0.8205	0.8205	False	0.6	3.48
6	31612874	G	A	BAG6	Silent	461	285	746	0.3820375335120643	4	2	2	2.0375	2	1.0188	1.0	True	0.6	3.48
6	31694962	C	T	DDAH2	3'UTR	161	77	238	0.3235294117647059	4	2	2	1.7255	2	0.8627	0.8627	True	0.6	3.48
6	31779173	C	T	HSPA1L	Missense_Mutation	378	198	576	0.34375	4	2	2	1.8333	2	0.9167	0.9167	True	0.6	3.48
6	31913235	C	T	C2	3'UTR	32	18	50	0.36	4	2	2	1.92	2	0.96	0.96	True	0.6	3.48
6	31915744	C	T	CFB	Silent	230	110	340	0.3235294117647059	4	2	2	1.7255	2	0.8627	0.8627	True	0.6	3.48
6	32047087	G	A	RNA5SP206	5'Flank	182	91	273	0.3333333333333333	4	2	2	1.7778	2	0.8889	0.8889	True	0.6	3.48
6	32052343	C	T	TNXB	Missense_Mutation	439	258	697	0.3701578192252511	4	2	2	1.9742	2	0.9871	0.9871	True	0.6	3.48
6	32053812	G	A	TNXB	Missense_Mutation	151	90	241	0.37344398340248963	4	2	2	1.9917	2	0.9959	0.9959	True	0.6	3.48
6	32065866	G	A	TNXB	Missense_Mutation	269	198	467	0.42398286937901497	4	2	2	2.2612	2	1.1306	1.0	True	0.6	3.48
6	32163175	G	A	NOTCH4	3'UTR	86	70	156	0.44871794871794873	4	2	2	2.3932	2	1.1966	1.0	True	0.6	3.48
6	32188579	C	T	NOTCH4	Silent	197	92	289	0.31833910034602075	4	2	2	1.6978	2	0.8489	0.8489	False	0.6	3.48
6	32190850	C	T	NOTCH4	Silent	173	92	265	0.3471698113207547	4	2	2	1.8516	2	0.9258	0.9258	True	0.6	3.48
6	32847262	G	A	PPP1R2P1	RNA	17	7	24	0.2916666666666667	4	2	2	1.5556	2	0.7778	0.7778	False	0.6	3.48
6	33157208	G	A	COL11A2	Missense_Mutation	47	29	76	0.3815789473684211	4	2	2	2.0351	2	1.0175	1.0	True	0.6	3.48
6	34494066	C	T	PACSIN1	5'UTR	16	10	26	0.38461538461538464	4	2	2	2.0513	2	1.0256	1.0	True	0.6	3.48
6	35473911	C	T	TULP1	Missense_Mutation	43	22	65	0.3384615384615385	4	2	2	1.8051	2	0.9026	0.9026	True	0.6	3.48
6	35923261	G	A	SLC26A8	Missense_Mutation	46	32	78	0.41025641025641024	4	2	2	2.188	2	1.094	1.0	True	0.6	3.48
6	35927293	C	T	SLC26A8	Missense_Mutation	94	19	113	0.168141592920354	4	2	2	0.8968	1	0.8968	0.8968	True	0.6	3.48
6	36275517	C	T	PNPLA1	3'UTR	26	10	36	0.2777777777777778	4	2	2	1.4815	1	1.4815	1.0	True	0.6	3.48
6	38690838	C	T	DNAH8	5'Flank	49	30	79	0.379746835443038	4	2	2	2.0253	2	1.0127	1.0	True	0.6	3.48
6	38702293	G	A	DNAH8	Translation_Start_Site	99	56	155	0.36129032258064514	4	2	2	1.9269	2	0.9634	0.9634	True	0.6	3.48
6	38749036	C	T	DNAH8	Missense_Mutation	43	23	66	0.3484848484848485	4	2	2	1.8586	2	0.9293	0.9293	True	0.6	3.48
6	38802367	G	A	DNAH8	Missense_Mutation	67	38	105	0.3619047619047619	4	2	2	1.9302	2	0.9651	0.9651	True	0.6	3.48
6	38843583	G	A	DNAH8	Missense_Mutation	19	14	33	0.42424242424242425	4	2	2	2.2626	2	1.1313	1.0	True	0.6	3.48
6	38877410	C	T	DNAH8	Silent	54	39	93	0.41935483870967744	4	2	2	2.2366	2	1.1183	1.0	True	0.6	3.48
6	40360621	C	T	LRFN2	Silent	43	10	53	0.18867924528301888	4	2	2	1.0063	1	1.0063	1.0	True	0.6	3.48
6	41652539	G	A	TFEB	Missense_Mutation	37	18	55	0.32727272727272727	4	2	2	1.7455	2	0.8727	0.8727	True	0.6	3.48
6	41653836	G	A	TFEB	Missense_Mutation	74	22	96	0.22916666666666666	4	2	2	1.2222	1	1.2222	1.0	True	0.6	3.48
6	41654725	G	A	TFEB	Intron	5	3	8	0.375	4	2	2	2.0	2	1.0	1.0	True	0.6	3.48
6	42643851	C	T	UBR2	Missense_Mutation	105	54	159	0.33962264150943394	4	2	2	1.8113	2	0.9057	0.9057	True	0.6	3.48
6	43019452	C	T	CUL7	Silent	112	63	175	0.36	4	2	2	1.92	2	0.96	0.96	True	0.6	3.48
6	43024063	A	C	MRPL2	Missense_Mutation	73	30	103	0.2912621359223301	4	2	2	1.5534	2	0.7767	0.7767	False	0.6	3.48
6	43270098	G	A	SLC22A7	Missense_Mutation	24	5	29	0.1724137931034483	4	2	2	0.9195	1	0.9195	0.9195	True	0.6	3.48
6	43270099	G	A	SLC22A7	Missense_Mutation	26	6	32	0.1875	4	2	2	1.0	1	1.0	1.0	True	0.6	3.48
6	43526285	G	A	XPO5	Missense_Mutation	14	8	22	0.36363636363636365	4	2	2	1.9394	2	0.9697	0.9697	True	0.6	3.48
6	44141111	T	C	CAPN11	Silent	20	14	34	0.4117647058823529	4	2	2	2.1961	2	1.098	1.0	True	0.6	3.48
6	44269818	G	A	AARS2	Silent	25	11	36	0.3055555555555556	4	2	2	1.6296	2	0.8148	0.8148	False	0.6	3.48
6	46849835	C	T	GPR116	Missense_Mutation	78	42	120	0.35	4	2	2	1.8667	2	0.9333	0.9333	True	0.6	3.48
6	47221138	C	T	TNFRSF21	Missense_Mutation	29	16	45	0.35555555555555557	4	2	2	1.8963	2	0.9481	0.9481	True	0.6	3.48
6	47649948	C	T	GPR111	Silent	56	27	83	0.3253012048192771	4	2	2	1.7349	2	0.8675	0.8675	True	0.6	3.48
6	47678598	C	T	GPR115	Silent	63	6	69	0.08695652173913043	4	2	2	0.4638	1	0.4638	0.4638	False	0.6	3.48
6	49754641	G	A	PGK2	Missense_Mutation	92	50	142	0.352112676056338	4	2	2	1.8779	2	0.939	0.939	True	0.6	3.48
6	51934295	G	A	PKHD1	Silent	148	91	239	0.3807531380753138	4	2	2	2.0307	2	1.0153	1.0	True	0.6	3.48
6	52656551	C	T	GSTA1	3'UTR	10	3	13	0.23076923076923078	4	2	2	1.2308	1	1.2308	1.0	True	0.6	3.48
6	54173634	C	T	TINAG	Missense_Mutation	88	50	138	0.36231884057971014	4	2	2	1.9324	2	0.9662	0.9662	True	0.6	3.48
6	54805506	G	A	FAM83B	Silent	41	22	63	0.3492063492063492	4	2	2	1.8624	2	0.9312	0.9312	True	0.6	3.48
6	56495132	G	A	DST	Missense_Mutation	66	22	88	0.25	4	2	2	1.3333	1	1.3333	1.0	True	0.6	3.48
6	57512667	G	A	PRIM2	3'UTR	512	44	556	0.07913669064748201	4	2	2	0.4221	1	0.4221	0.4221	False	0.6	3.48
6	62390859	G	A	KHDRBS2	3'UTR	29	13	42	0.30952380952380953	4	2	2	1.6508	2	0.8254	0.8254	False	0.6	3.48
6	66044969	C	T	EYS	Missense_Mutation	39	26	65	0.4	4	2	2	2.1333	2	1.0667	1.0	True	0.6	3.48
6	71185130	C	T	FAM135A	Missense_Mutation	10	6	16	0.375	2	1	1	1.25	1	1.25	1.0	True	0.6	3.48
6	71236209	G	A	FAM135A	Missense_Mutation	104	67	171	0.391812865497076	4	2	2	2.0897	2	1.0448	1.0	True	0.6	3.48
6	73787164	G	A	KCNQ5	Missense_Mutation	30	13	43	0.3023255813953488	4	2	2	1.6124	2	0.8062	0.8062	False	0.6	3.48
6	73904753	G	A	KCNQ5	Silent	70	40	110	0.36363636363636365	4	2	2	1.9394	2	0.9697	0.9697	True	0.6	3.48
6	73951237	G	A	KHDC1	3'UTR	68	40	108	0.37037037037037035	4	2	2	1.9753	2	0.9877	0.9877	True	0.6	3.48
6	73952230	C	T	KHDC1	Missense_Mutation	37	22	59	0.3728813559322034	4	2	2	1.9887	2	0.9944	0.9944	True	0.6	3.48
6	75833061	G	A	COL12A1	Missense_Mutation	14	5	19	0.2631578947368421	4	2	2	1.4035	1	1.4035	1.0	True	0.6	3.48
6	76660288	G	A	IMPG1	Silent	27	11	38	0.2894736842105263	4	2	2	1.5439	2	0.7719	0.7719	False	0.6	3.48
6	76660566	C	T	IMPG1	Missense_Mutation	34	17	51	0.3333333333333333	4	2	2	1.7778	2	0.8889	0.8889	True	0.6	3.48
6	76744366	G	A	IMPG1	Missense_Mutation	66	28	94	0.2978723404255319	4	2	2	1.5887	2	0.7943	0.7943	False	0.6	3.48
6	79608082	C	T	IRAK1BP1	3'UTR	7	3	10	0.3	4	2	2	1.6	2	0.8	0.8	False	0.6	3.48
6	83602685	G	A	UBE3D	3'UTR	29	25	54	0.46296296296296297	4	2	2	2.4691	2	1.2346	1.0	True	0.6	3.48
6	84117513	G	A	ME1	Silent	69	46	115	0.4	4	2	2	2.1333	2	1.0667	1.0	True	0.6	3.48
6	84270612	C	T	SNAP91	Missense_Mutation	39	18	57	0.3157894736842105	4	2	2	1.6842	2	0.8421	0.8421	False	0.6	3.48
6	85472279	G	A	TBX18	Silent	131	62	193	0.32124352331606215	4	2	2	1.7133	2	0.8566	0.8566	True	0.6	3.48
6	88123562	C	T	C6ORF165	Missense_Mutation	62	22	84	0.2619047619047619	4	2	2	1.3968	1	1.3968	1.0	True	0.6	3.48
6	90433234	G	A	MDN1	Silent	33	5	38	0.13157894736842105	4	2	2	0.7018	1	0.7018	0.7018	False	0.6	3.48
6	90494817	G	A	MDN1	Nonsense_Mutation	119	70	189	0.37037037037037035	4	2	2	1.9753	2	0.9877	0.9877	True	0.6	3.48
6	90605545	G	A	GJA10	Missense_Mutation	92	50	142	0.352112676056338	4	2	2	1.8779	2	0.939	0.939	True	0.6	3.48
6	96651698	G	A	FUT9	Missense_Mutation	26	12	38	0.3157894736842105	4	2	2	1.6842	2	0.8421	0.8421	False	0.6	3.48
6	99322293	G	A	FBXL4	Missense_Mutation	60	28	88	0.3181818181818182	4	2	2	1.697	2	0.8485	0.8485	False	0.6	3.48
6	99347336	G	A	FBXL4	Silent	23	14	37	0.3783783783783784	4	2	2	2.018	2	1.009	1.0	True	0.6	3.48
6	100403862	G	A	MCHR2	Silent	31	17	48	0.3541666666666667	4	2	2	1.8889	2	0.9444	0.9444	True	0.6	3.48
6	100896525	G	A	SIM1	Silent	27	14	41	0.34146341463414637	4	2	2	1.8211	2	0.9106	0.9106	True	0.6	3.48
6	101090562	G	A	ASCC3	Nonsense_Mutation	50	31	81	0.38271604938271603	4	2	2	2.0412	2	1.0206	1.0	True	0.6	3.48
6	105526438	G	A	LIN28B	Missense_Mutation	42	12	54	0.2222222222222222	4	2	2	1.1852	1	1.1852	1.0	True	0.6	3.48
6	107389848	C	A	BEND3	3'UTR	20	12	32	0.375	4	2	2	2.0	2	1.0	1.0	True	0.6	3.48
6	107954978	G	A	SOBP	Silent	34	23	57	0.40350877192982454	4	2	2	2.152	2	1.076	1.0	True	0.6	3.48
6	109274371	C	T	ARMC2	Silent	45	26	71	0.36619718309859156	4	2	2	1.9531	2	0.9765	0.9765	True	0.6	3.48
6	109768346	C	T	MICAL1	Silent	61	34	95	0.35789473684210527	4	2	2	1.9088	2	0.9544	0.9544	True	0.6	3.48
6	109768347	C	T	MICAL1	Missense_Mutation	62	34	96	0.3541666666666667	4	2	2	1.8889	2	0.9444	0.9444	True	0.6	3.48
6	110301318	G	A	GPR6	Missense_Mutation	101	49	150	0.32666666666666666	4	2	2	1.7422	2	0.8711	0.8711	True	0.6	3.48
6	110514442	C	T	CDC40	Missense_Mutation	57	21	78	0.2692307692307692	4	2	2	1.4359	1	1.4359	1.0	True	0.6	3.48
6	112671435	C	T	RFPL4B	Silent	58	49	107	0.45794392523364486	4	2	2	2.4424	2	1.2212	1.0	True	0.6	3.48
6	116938244	C	T	RSPH4A	Missense_Mutation	93	60	153	0.39215686274509803	4	2	2	2.0915	2	1.0458	1.0	True	0.6	3.48
6	117113611	G	A	GPRC6A	Silent	37	19	56	0.3392857142857143	4	2	2	1.8095	2	0.9048	0.9048	True	0.6	3.48
6	117113866	G	A	GPRC6A	Silent	22	16	38	0.42105263157894735	4	2	2	2.2456	2	1.1228	1.0	True	0.6	3.48
6	117128139	C	T	GPRC6A	Silent	72	34	106	0.32075471698113206	4	2	2	1.7107	2	0.8553	0.8553	True	0.6	3.48
6	117130485	T	C	GPRC6A	Missense_Mutation	55	20	75	0.26666666666666666	4	2	2	1.4222	1	1.4222	1.0	True	0.6	3.48
6	117683872	C	T	ROS1	Missense_Mutation	46	27	73	0.3698630136986301	4	2	2	1.9726	2	0.9863	0.9863	True	0.6	3.48
6	117686325	C	T	ROS1	Missense_Mutation	52	13	65	0.2	4	2	2	1.0667	1	1.0667	1.0	True	0.6	3.48
6	121481210	G	A	TBC1D32	Missense_Mutation	82	45	127	0.3543307086614173	4	2	2	1.8898	2	0.9449	0.9449	True	0.6	3.48
6	125397950	C	T	RNF217	Missense_Mutation	91	31	122	0.2540983606557377	4	2	2	1.3552	1	1.3552	1.0	True	0.6	3.48
6	125550273	G	A	TPD52L1	Missense_Mutation	18	18	36	0.5	4	2	2	2.6667	2	1.3333	1.0	True	0.6	3.48
6	127775036	C	T	KIAA0408	Missense_Mutation	69	46	115	0.4	4	2	2	2.1333	2	1.0667	1.0	True	0.6	3.48
6	127797415	C	T	SOGA3	Missense_Mutation	68	54	122	0.4426229508196721	4	2	2	2.3607	2	1.1803	1.0	True	0.6	3.48
6	128134804	G	A	THEMIS	Missense_Mutation	96	19	115	0.16521739130434782	4	2	2	0.8812	1	0.8812	0.8812	True	0.6	3.48
6	128150657	G	A	THEMIS	Missense_Mutation	60	25	85	0.29411764705882354	4	2	2	1.5686	2	0.7843	0.7843	False	0.6	3.48
6	128150819	C	T	THEMIS	Missense_Mutation	85	39	124	0.31451612903225806	4	2	2	1.6774	2	0.8387	0.8387	False	0.6	3.48
6	128176199	A	G	THEMIS	Missense_Mutation	37	15	52	0.28846153846153844	4	2	2	1.5385	2	0.7692	0.7692	False	0.6	3.48
6	128643369	G	A	PTPRK	Missense_Mutation	108	62	170	0.36470588235294116	4	2	2	1.9451	2	0.9725	0.9725	True	0.6	3.48
6	129637235	G	A	LAMA2	Missense_Mutation	44	38	82	0.4634146341463415	4	2	2	2.4715	2	1.2358	1.0	True	0.6	3.48
6	130152421	C	T	TMEM244	3'Flank	16	7	23	0.30434782608695654	4	2	2	1.6232	2	0.8116	0.8116	False	0.6	3.48
6	130535580	C	T	SAMD3	Missense_Mutation	61	29	90	0.32222222222222224	4	2	2	1.7185	2	0.8593	0.8593	True	0.6	3.48
6	132204911	C	T	ENPP1	Nonsense_Mutation	88	45	133	0.3383458646616541	4	2	2	1.8045	2	0.9023	0.9023	True	0.6	3.48
6	132938780	C	T	TAAR2	Missense_Mutation	34	28	62	0.45161290322580644	4	2	2	2.4086	2	1.2043	1.0	True	0.6	3.48
6	133013564	C	T	VNN1	Missense_Mutation	25	15	40	0.375	4	2	2	2.0	2	1.0	1.0	True	0.6	3.48
6	134491456	C	T	SGK1	Missense_Mutation	67	23	90	0.25555555555555554	4	2	2	1.363	1	1.363	1.0	True	0.6	3.48
6	136597569	C	T	BCLAF1	Missense_Mutation	264	17	281	0.060498220640569395	4	2	2	0.3227	1	0.3227	0.3227	False	0.6	3.48
6	136599060	G	A	BCLAF1	Missense_Mutation	107	30	137	0.21897810218978103	4	2	2	1.1679	1	1.1679	1.0	True	0.6	3.48
6	137814848	C	G	OLIG3	Missense_Mutation	26	14	40	0.35	4	2	2	1.8667	2	0.9333	0.9333	True	0.6	3.48
6	137814849	C	T	OLIG3	Silent	26	14	40	0.35	4	2	2	1.8667	2	0.9333	0.9333	True	0.6	3.48
6	142409430	G	A	NMBR	Silent	34	22	56	0.39285714285714285	4	2	2	2.0952	2	1.0476	1.0	True	0.6	3.48
6	143092491	G	A	HIVEP2	Missense_Mutation	49	23	72	0.3194444444444444	4	2	2	1.7037	2	0.8519	0.8519	True	0.6	3.48
6	146351045	G	A	GRM1	Missense_Mutation	57	43	100	0.43	4	2	2	2.2933	2	1.1467	1.0	True	0.6	3.48
6	147694887	C	A	STXBP5	Missense_Mutation	58	24	82	0.2926829268292683	4	2	2	1.561	2	0.7805	0.7805	False	0.6	3.48
6	151686700	A	G	ZBTB2	Silent	97	38	135	0.2814814814814815	4	2	2	1.5012	2	0.7506	0.7506	False	0.6	3.48
6	151686991	G	A	ZBTB2	Nonsense_Mutation	49	24	73	0.3287671232876712	4	2	2	1.7534	2	0.8767	0.8767	True	0.6	3.48
6	151686992	G	A	ZBTB2	Silent	47	25	72	0.3472222222222222	4	2	2	1.8519	2	0.9259	0.9259	True	0.6	3.48
6	152576878	C	T	SYNE1	Missense_Mutation	68	33	101	0.32673267326732675	4	2	2	1.7426	2	0.8713	0.8713	True	0.6	3.48
6	153042887	C	T	MYCT1	Silent	68	33	101	0.32673267326732675	4	2	2	1.7426	2	0.8713	0.8713	True	0.6	3.48
6	154567864	G	A	IPCEF1	Missense_Mutation	43	29	72	0.4027777777777778	4	2	2	2.1481	2	1.0741	1.0	True	0.6	3.48
6	155148326	C	T	SCAF8	Missense_Mutation	111	64	175	0.3657142857142857	4	2	2	1.9505	2	0.9752	0.9752	True	0.6	3.48
6	155575493	G	A	TIAM2	Intron	9	8	17	0.47058823529411764	4	2	2	2.5098	2	1.2549	1.0	True	0.6	3.48
6	158497655	T	A	SYNJ2	Intron	59	19	78	0.24358974358974358	4	2	2	1.2991	1	1.2991	1.0	True	0.6	3.48
6	159188461	G	A	EZR	Silent	72	34	106	0.32075471698113206	4	2	2	1.7107	2	0.8553	0.8553	True	0.6	3.48
6	159636168	G	A	FNDC1	Missense_Mutation	52	32	84	0.38095238095238093	4	2	2	2.0317	2	1.0159	1.0	True	0.6	3.48
6	160471555	C	T	IGF2R	Silent	69	42	111	0.3783783783783784	4	2	2	2.018	2	1.009	1.0	True	0.6	3.48
6	160828194	G	A	SLC22A3	Missense_Mutation	116	51	167	0.30538922155688625	4	2	2	1.6287	2	0.8144	0.8144	False	0.6	3.48
6	160829824	G	A	SLC22A3	Missense_Mutation	32	16	48	0.3333333333333333	4	2	2	1.7778	2	0.8889	0.8889	True	0.6	3.48
6	160977156	C	T	LPA	Missense_Mutation	76	21	97	0.21649484536082475	4	2	2	1.1546	1	1.1546	1.0	True	0.6	3.48
6	161020616	G	A	LPA	Missense_Mutation	227	136	363	0.3746556473829201	4	2	2	1.9982	2	0.9991	0.9991	True	0.6	3.48
6	165715373	G	A	C6orf118	Silent	94	54	148	0.36486486486486486	4	2	2	1.9459	2	0.973	0.973	True	0.6	3.48
6	167711546	G	A	UNC93A	Missense_Mutation	46	32	78	0.41025641025641024	4	2	2	2.188	2	1.094	1.0	True	0.6	3.48
6	167754874	G	A	TTLL2	Missense_Mutation	44	36	80	0.45	4	2	2	2.4	2	1.2	1.0	True	0.6	3.48
6	168430185	C	T	KIF25	5'UTR	27	18	45	0.4	4	2	2	2.1333	2	1.0667	1.0	True	0.6	3.48
6	169008841	G	A	SMOC2	Missense_Mutation	16	12	28	0.42857142857142855	4	2	2	2.2857	2	1.1429	1.0	True	0.6	3.48
6	169648776	G	A	THBS2	Silent	82	30	112	0.26785714285714285	4	2	2	1.4286	1	1.4286	1.0	True	0.6	3.48
7	819751	C	G	HEATR2	Missense_Mutation	35	21	56	0.375	4	2	2	2.0	2	1.0	1.0	True	0.6	3.48
7	1484874	C	T	MICALL2	Missense_Mutation	20	7	27	0.25925925925925924	4	2	2	1.3827	1	1.3827	1.0	True	0.6	3.48
7	2979559	C	T	CARD11	Missense_Mutation	58	30	88	0.3409090909090909	4	2	2	1.8182	2	0.9091	0.9091	True	0.6	3.48
7	4815266	G	A	AP5Z1	5'UTR	8	6	14	0.42857142857142855	4	2	2	2.2857	2	1.1429	1.0	True	0.6	3.48
7	5338733	C	T	SLC29A4	Nonsense_Mutation	9	9	18	0.5	4	2	2	2.6667	2	1.3333	1.0	True	0.6	3.48
7	5413788	G	A	TNRC18	Missense_Mutation	13	3	16	0.1875	4	2	2	1.0	1	1.0	1.0	True	0.6	3.48
7	5540961	G	A	FBXL18	Silent	29	13	42	0.30952380952380953	4	2	2	1.6508	2	0.8254	0.8254	False	0.6	3.48
7	5545201	G	T	FBXL18	Missense_Mutation	79	41	120	0.3416666666666667	4	2	2	1.8222	2	0.9111	0.9111	True	0.6	3.48
7	5642949	C	T	FSCN1	Silent	48	22	70	0.3142857142857143	4	2	2	1.6762	2	0.8381	0.8381	False	0.6	3.48
7	6777062	C	T	PMS2CL	RNA	56	23	79	0.2911392405063291	4	2	2	1.5527	2	0.7764	0.7764	False	0.6	3.48
7	7484055	C	T	COL28A1	Silent	91	50	141	0.3546099290780142	4	2	2	1.8913	2	0.9456	0.9456	True	0.6	3.48
7	8791000	G	A	NXPH1	Silent	46	36	82	0.43902439024390244	4	2	2	2.3415	2	1.1707	1.0	True	0.6	3.48
7	11630229	C	T	THSD7A	Silent	14	11	25	0.44	4	2	2	2.3467	2	1.1733	1.0	True	0.6	3.48
7	14613939	G	A	DGKB	Silent	114	56	170	0.32941176470588235	4	2	2	1.7569	2	0.8784	0.8784	True	0.6	3.48
7	16734576	G	A	BZW2	Missense_Mutation	40	31	71	0.43661971830985913	4	2	2	2.3286	2	1.1643	1.0	True	0.6	3.48
7	18688209	T	G	HDAC9	Missense_Mutation	39	19	58	0.3275862068965517	4	2	2	1.7471	2	0.8736	0.8736	True	0.6	3.48
7	19184784	C	T	FERD3L	Missense_Mutation	21	22	43	0.5116279069767442	4	2	2	2.7287	2	1.3643	1.0	True	0.6	3.48
7	20445782	G	A	ITGB8	Missense_Mutation	32	18	50	0.36	4	2	2	1.92	2	0.96	0.96	True	0.6	3.48
7	20698762	C	T	ABCB5	Intron	77	45	122	0.36885245901639346	4	2	2	1.9672	2	0.9836	0.9836	True	0.6	3.48
7	20721179	C	T	ABCB5	Nonsense_Mutation	38	20	58	0.3448275862068966	4	2	2	1.8391	2	0.9195	0.9195	True	0.6	3.48
7	20782640	G	A	ABCB5	Silent	26	12	38	0.3157894736842105	4	2	2	1.6842	2	0.8421	0.8421	False	0.6	3.48
7	21678570	G	A	DNAH11	Missense_Mutation	79	36	115	0.3130434782608696	4	2	2	1.6696	2	0.8348	0.8348	False	0.6	3.48
7	21781645	C	T	DNAH11	Missense_Mutation	77	53	130	0.4076923076923077	4	2	2	2.1744	2	1.0872	1.0	True	0.6	3.48
7	21827199	G	A	DNAH11	Missense_Mutation	32	6	38	0.15789473684210525	4	2	2	0.8421	1	0.8421	0.8421	False	0.6	3.48
7	21847502	G	A	DNAH11	Silent	26	10	36	0.2777777777777778	4	2	2	1.4815	1	1.4815	1.0	True	0.6	3.48
7	21913052	A	G	DNAH11	Missense_Mutation	52	28	80	0.35	4	2	2	1.8667	2	0.9333	0.9333	True	0.6	3.48
7	23164672	C	T	KLHL7	Missense_Mutation	32	20	52	0.38461538461538464	4	2	2	2.0513	2	1.0256	1.0	True	0.6	3.48
7	23826183	C	T	STK31	Silent	38	15	53	0.2830188679245283	4	2	2	1.5094	2	0.7547	0.7547	False	0.6	3.48
7	23854802	G	A	STK31	Missense_Mutation	38	18	56	0.32142857142857145	4	2	2	1.7143	2	0.8571	0.8571	True	0.6	3.48
7	24324907	G	T	NPY	Silent	45	22	67	0.3283582089552239	4	2	2	1.7512	2	0.8756	0.8756	True	0.6	3.48
7	24703301	T	A	MPP6	Silent	60	37	97	0.38144329896907214	4	2	2	2.0344	2	1.0172	1.0	True	0.6	3.48
7	25176401	G	A	C7orf31	Silent	78	59	137	0.4306569343065693	4	2	2	2.2968	2	1.1484	1.0	True	0.6	3.48
7	27142044	G	A	HOXA2	Missense_Mutation	116	20	136	0.14705882352941177	4	2	2	0.7843	1	0.7843	0.7843	False	0.6	3.48
7	28858881	G	A	CREB5	Silent	300	194	494	0.39271255060728744	4	2	2	2.0945	2	1.0472	1.0	True	0.6	3.48
7	30101626	C	T	PLEKHA8	Silent	43	20	63	0.31746031746031744	4	2	2	1.6931	2	0.8466	0.8466	False	0.6	3.48
7	31009443	G	A	GHRHR	Intron	70	34	104	0.3269230769230769	4	2	2	1.7436	2	0.8718	0.8718	True	0.6	3.48
7	31121356	C	T	ADCYAP1R1	Silent	62	32	94	0.3404255319148936	4	2	2	1.8156	2	0.9078	0.9078	True	0.6	3.48
7	31829764	G	A	PDE1C	Intron	16	7	23	0.30434782608695654	4	2	2	1.6232	2	0.8116	0.8116	False	0.6	3.48
7	32909368	G	A	KBTBD2	Silent	74	46	120	0.38333333333333336	4	2	2	2.0444	2	1.0222	1.0	True	0.6	3.48
7	33102236	G	T	NT5C3A	Missense_Mutation	9	7	16	0.4375	4	2	2	2.3333	2	1.1667	1.0	True	0.6	3.48
7	33102262	G	A	NT5C3A	Missense_Mutation	5	5	10	0.5	4	2	2	2.6667	2	1.3333	1.0	True	0.6	3.48
7	35293235	C	T	TBX20	5'UTR	39	24	63	0.38095238095238093	4	2	2	2.0317	2	1.0159	1.0	True	0.6	3.48
7	37355536	T	A	ELMO1	Missense_Mutation	274	42	316	0.13291139240506328	4	2	2	0.7089	1	0.7089	0.7089	False	0.6	3.48
7	41739583	A	G	INHBA	Splice_Site	94	54	148	0.36486486486486486	4	2	2	1.9459	2	0.973	0.973	True	0.6	3.48
7	42012223	G	A	GLI3	Missense_Mutation	14	16	30	0.5333333333333333	4	2	2	2.8444	2	1.4222	1.0	True	0.6	3.48
7	43484300	G	A	HECW1	Missense_Mutation	11	8	19	0.42105263157894735	4	2	2	2.2456	2	1.1228	1.0	True	0.6	3.48
7	43508616	G	A	HECW1	Missense_Mutation	55	43	98	0.4387755102040816	4	2	2	2.3401	2	1.1701	1.0	True	0.6	3.48
7	43580801	C	T	HECW1	Silent	80	36	116	0.3103448275862069	4	2	2	1.6552	2	0.8276	0.8276	False	0.6	3.48
7	44268586	G	A	CAMK2B	Intron	11	8	19	0.42105263157894735	4	2	2	2.2456	2	1.1228	1.0	True	0.6	3.48
7	44286758	G	A	CAMK2B	Silent	19	11	30	0.36666666666666664	4	2	2	1.9556	2	0.9778	0.9778	True	0.6	3.48
7	44578576	G	A	NPC1L1	Missense_Mutation	33	13	46	0.2826086956521739	4	2	2	1.5072	2	0.7536	0.7536	False	0.6	3.48
7	44734097	C	T	OGDH	Silent	49	19	68	0.27941176470588236	4	2	2	1.4902	1	1.4902	1.0	True	0.6	3.48
7	45750231	G	A	ADCY1	Missense_Mutation	24	17	41	0.4146341463414634	4	2	2	2.2114	2	1.1057	1.0	True	0.6	3.48
7	45932710	C	T	IGFBP1	3'UTR	34	17	51	0.3333333333333333	4	2	2	1.7778	2	0.8889	0.8889	True	0.6	3.48
7	47851488	G	A	PKD1L1	Missense_Mutation	20	5	25	0.2	4	2	2	1.0667	1	1.0667	1.0	True	0.6	3.48
7	47880064	G	A	PKD1L1	Silent	49	13	62	0.20967741935483872	4	2	2	1.1183	1	1.1183	1.0	True	0.6	3.48
7	48528851	G	A	ABCA13	Missense_Mutation	17	9	26	0.34615384615384615	4	2	2	1.8462	2	0.9231	0.9231	True	0.6	3.48
7	53103675	G	A	POM121L12	Missense_Mutation	18	15	33	0.45454545454545453	4	2	2	2.4242	2	1.2121	1.0	True	0.6	3.48
7	53103676	G	A	POM121L12	Silent	18	15	33	0.45454545454545453	4	2	2	2.4242	2	1.2121	1.0	True	0.6	3.48
7	55912396	C	T	SEPT14	Missense_Mutation	26	8	34	0.23529411764705882	4	2	2	1.2549	1	1.2549	1.0	True	0.6	3.48
7	56085030	G	A	PSPH	Silent	23	8	31	0.25806451612903225	4	2	2	1.3763	1	1.3763	1.0	True	0.6	3.48
7	57194383	C	T	ZNF479	Missense_Mutation	39	22	61	0.36065573770491804	4	2	2	1.9235	2	0.9617	0.9617	True	0.6	3.48
7	57194384	C	T	ZNF479	Silent	38	21	59	0.3559322033898305	4	2	2	1.8983	2	0.9492	0.9492	True	0.6	3.48
7	57200000	C	T	ZNF479	Missense_Mutation	47	21	68	0.3088235294117647	4	2	2	1.6471	2	0.8235	0.8235	False	0.6	3.48
7	57522258	G	A	ZNF716	Silent	54	19	73	0.2602739726027397	4	2	2	1.3881	1	1.3881	1.0	True	0.6	3.48
7	62751994	T	A	ZNF733P	RNA	30	6	36	0.16666666666666666	4	2	2	0.8889	1	0.8889	0.8889	True	0.6	3.48
7	63726906	G	A	ZNF679	Missense_Mutation	12	8	20	0.4	4	2	2	2.1333	2	1.0667	1.0	True	0.6	3.48
7	64168604	G	A	ZNF107	Missense_Mutation	27	30	57	0.5263157894736842	4	2	2	2.807	2	1.4035	1.0	True	0.6	3.48
7	64453116	C	T	ERV3-1	Missense_Mutation	29	14	43	0.32558139534883723	4	2	2	1.7364	2	0.8682	0.8682	True	0.6	3.48
7	66270291	C	T	KCTD7	Missense_Mutation	55	33	88	0.375	4	2	2	2.0	2	1.0	1.0	True	0.6	3.48
7	66270292	C	T	KCTD7	Missense_Mutation	56	34	90	0.37777777777777777	4	2	2	2.0148	2	1.0074	1.0	True	0.6	3.48
7	66270311	C	T	KCTD7	Silent	63	41	104	0.3942307692307692	4	2	2	2.1026	2	1.0513	1.0	True	0.6	3.48
7	70597851	C	T	WBSCR17	Silent	23	9	32	0.28125	4	2	2	1.5	1	1.5	1.0	True	0.6	3.48
7	72420526	G	A	POM121	3'UTR	36	6	42	0.14285714285714285	4	2	2	0.7619	1	0.7619	0.7619	False	0.6	3.48
7	73097144	C	T	DNAJC30	Missense_Mutation	90	35	125	0.28	4	2	2	1.4933	1	1.4933	1.0	True	0.6	3.48
7	73932635	C	T	GTF2IRD1	Silent	23	12	35	0.34285714285714286	4	2	2	1.8286	2	0.9143	0.9143	True	0.6	3.48
7	75203179	G	A	HIP1	Missense_Mutation	45	21	66	0.3181818181818182	4	2	2	1.697	2	0.8485	0.8485	False	0.6	3.48
7	75933416	C	T	HSPB1	Missense_Mutation	16	6	22	0.2727272727272727	4	2	2	1.4545	1	1.4545	1.0	True	0.6	3.48
7	81388081	C	T	HGF	Nonsense_Mutation	67	34	101	0.33663366336633666	4	2	2	1.7954	2	0.8977	0.8977	True	0.6	3.48
7	81598213	A	C	CACNA2D1	Silent	88	31	119	0.2605042016806723	4	2	2	1.3894	1	1.3894	1.0	True	0.6	3.48
7	82538248	C	T	PCLO	Missense_Mutation	58	41	99	0.41414141414141414	4	2	2	2.2088	2	1.1044	1.0	True	0.6	3.48
7	82545000	G	A	PCLO	Missense_Mutation	17	17	34	0.5	4	2	2	2.6667	2	1.3333	1.0	True	0.6	3.48
7	82545020	G	A	PCLO	Silent	13	14	27	0.5185185185185185	4	2	2	2.7654	2	1.3827	1.0	True	0.6	3.48
7	82580135	A	G	PCLO	Silent	103	45	148	0.30405405405405406	4	2	2	1.6216	2	0.8108	0.8108	False	0.6	3.48
7	82785564	G	A	PCLO	Silent	72	33	105	0.3142857142857143	4	2	2	1.6762	2	0.8381	0.8381	False	0.6	3.48
7	84628811	C	T	SEMA3D	Missense_Mutation	42	15	57	0.2631578947368421	4	2	2	1.4035	1	1.4035	1.0	True	0.6	3.48
7	86415600	C	T	GRM3	Silent	130	71	201	0.35323383084577115	4	2	2	1.8839	2	0.942	0.942	True	0.6	3.48
7	86468884	C	T	GRM3	Missense_Mutation	56	29	85	0.3411764705882353	4	2	2	1.8196	2	0.9098	0.9098	True	0.6	3.48
7	87069527	C	T	ABCB4	Missense_Mutation	47	9	56	0.16071428571428573	4	2	2	0.8571	1	0.8571	0.8571	True	0.6	3.48
7	87175289	G	A	ABCB1	Missense_Mutation	58	31	89	0.34831460674157305	4	2	2	1.8577	2	0.9288	0.9288	True	0.6	3.48
7	90003662	C	T	GTPBP10	Silent	62	23	85	0.27058823529411763	4	2	2	1.4431	1	1.4431	1.0	True	0.6	3.48
7	91708885	C	T	AKAP9	Nonsense_Mutation	39	19	58	0.3275862068965517	4	2	2	1.7471	2	0.8736	0.8736	True	0.6	3.48
7	92844842	G	A	HEPACAM2	Missense_Mutation	75	39	114	0.34210526315789475	4	2	2	1.8246	2	0.9123	0.9123	True	0.6	3.48
7	92923854	C	T	CCDC132	Intron	109	47	156	0.30128205128205127	4	2	2	1.6068	2	0.8034	0.8034	False	0.6	3.48
7	93090156	C	T	CALCR	Missense_Mutation	76	28	104	0.2692307692307692	4	2	2	1.4359	1	1.4359	1.0	True	0.6	3.48
7	94293171	G	A	PEG10	Silent	35	22	57	0.38596491228070173	4	2	2	2.0585	2	1.0292	1.0	True	0.6	3.48
7	94913329	G	A	PPP1R9A	Splice_Site	30	13	43	0.3023255813953488	4	2	2	1.6124	2	0.8062	0.8062	False	0.6	3.48
7	95442568	C	T	DYNC1I1	Missense_Mutation	48	30	78	0.38461538461538464	4	2	2	2.0513	2	1.0256	1.0	True	0.6	3.48
7	97814435	C	T	LMTK2	Silent	26	12	38	0.3157894736842105	4	2	2	1.6842	2	0.8421	0.8421	False	0.6	3.48
7	97822775	C	T	LMTK2	Silent	93	77	170	0.45294117647058824	4	2	2	2.4157	2	1.2078	1.0	True	0.6	3.48
7	98256641	C	T	NPTX2	Silent	24	15	39	0.38461538461538464	4	2	2	2.0513	2	1.0256	1.0	True	0.6	3.48
7	99123980	C	T	ZKSCAN5	Silent	161	112	273	0.41025641025641024	4	2	2	2.188	2	1.094	1.0	True	0.6	3.48
7	99129205	C	T	ZKSCAN5	Missense_Mutation	27	17	44	0.38636363636363635	4	2	2	2.0606	2	1.0303	1.0	True	0.6	3.48
7	99950486	C	T	PILRB	5'UTR	12	5	17	0.29411764705882354	4	2	2	1.5686	2	0.7843	0.7843	False	0.6	3.48
7	100240777	G	A	ACTL6B	3'UTR	39	20	59	0.3389830508474576	4	2	2	1.8079	2	0.904	0.904	True	0.6	3.48
7	100349900	C	T	ZAN	Silent	34	19	53	0.3584905660377358	4	2	2	1.9119	2	0.956	0.956	True	0.6	3.48
7	100484522	C	T	SRRT	Missense_Mutation	76	44	120	0.36666666666666664	4	2	2	1.9556	2	0.9778	0.9778	True	0.6	3.48
7	100675956	C	T	MUC17	Missense_Mutation	158	104	262	0.3969465648854962	4	2	2	2.117	2	1.0585	1.0	True	0.6	3.48
7	100679768	C	T	MUC17	Missense_Mutation	155	87	242	0.359504132231405	4	2	2	1.9174	2	0.9587	0.9587	True	0.6	3.48
7	100685708	C	T	MUC17	Nonsense_Mutation	97	59	156	0.3782051282051282	4	2	2	2.0171	2	1.0085	1.0	True	0.6	3.48
7	100686443	C	T	MUC17	Missense_Mutation	90	55	145	0.3793103448275862	4	2	2	2.023	2	1.0115	1.0	True	0.6	3.48
7	102948111	G	A	PMPCB	Missense_Mutation	42	10	52	0.19230769230769232	4	2	2	1.0256	1	1.0256	1.0	True	0.6	3.48
7	108524165	G	A	C7orf66	Missense_Mutation	43	34	77	0.44155844155844154	4	2	2	2.355	2	1.1775	1.0	True	0.6	3.48
7	115580967	G	A	TFEC	Missense_Mutation	70	28	98	0.2857142857142857	4	2	2	1.5238	2	0.7619	0.7619	False	0.6	3.48
7	116955221	C	T	WNT2	Silent	84	57	141	0.40425531914893614	4	2	2	2.156	2	1.078	1.0	True	0.6	3.48
7	117003535	C	T	ASZ1	3'UTR	5	5	10	0.5	4	2	2	2.6667	2	1.3333	1.0	True	0.6	3.48
7	117230474	G	A	CFTR	Missense_Mutation	65	32	97	0.32989690721649484	4	2	2	1.7595	2	0.8797	0.8797	True	0.6	3.48
7	117246732	G	A	CFTR	Silent	120	60	180	0.3333333333333333	4	2	2	1.7778	2	0.8889	0.8889	True	0.6	3.48
7	122811947	A	G	SLC13A1	Silent	35	23	58	0.39655172413793105	4	2	2	2.1149	2	1.0575	1.0	True	0.6	3.48
7	124481086	T	G	POT1	Missense_Mutation	77	32	109	0.29357798165137616	4	2	2	1.5657	2	0.7829	0.7829	False	0.6	3.48
7	128455871	G	A	CCDC136	Silent	8	9	17	0.5294117647058824	4	2	2	2.8235	2	1.4118	1.0	True	0.6	3.48
7	128475585	G	A	FLNC	Silent	41	20	61	0.32786885245901637	4	2	2	1.7486	2	0.8743	0.8743	True	0.6	3.48
7	128480922	G	A	FLNC	Missense_Mutation	35	9	44	0.20454545454545456	4	2	2	1.0909	1	1.0909	1.0	True	0.6	3.48
7	128494134	G	A	FLNC	Silent	28	10	38	0.2631578947368421	4	2	2	1.4035	1	1.4035	1.0	True	0.6	3.48
7	129066334	G	A	AHCYL2	Missense_Mutation	62	34	96	0.3541666666666667	4	2	2	1.8889	2	0.9444	0.9444	True	0.6	3.48
7	129815422	G	A	TMEM209	Missense_Mutation	16	11	27	0.4074074074074074	4	2	2	2.1728	2	1.0864	1.0	True	0.6	3.48
7	129856366	G	A	SSMEM1	3'UTR	35	18	53	0.33962264150943394	4	2	2	1.8113	2	0.9057	0.9057	True	0.6	3.48
7	129909541	G	A	CPA2	Silent	60	11	71	0.15492957746478872	4	2	2	0.8263	1	0.8263	0.8263	False	0.6	3.48
7	130020289	C	T	CPA1	5'UTR	38	11	49	0.22448979591836735	4	2	2	1.1973	1	1.1973	1.0	True	0.6	3.48
7	130020290	C	T	CPA1	5'UTR	39	11	50	0.22	4	2	2	1.1733	1	1.1733	1.0	True	0.6	3.48
7	130353656	C	T	TSGA13	3'UTR	9	13	22	0.5909090909090909	4	2	2	3.1515	2	1.5758	1.0	True	0.6	3.48
7	130370188	C	T	TSGA13	5'UTR	36	27	63	0.42857142857142855	4	2	2	2.2857	2	1.1429	1.0	True	0.6	3.48
7	131831317	C	T	PLXNA4	Silent	217	120	337	0.3560830860534125	4	2	2	1.8991	2	0.9496	0.9496	True	0.6	3.48
7	131878935	G	A	PLXNA4	Silent	70	36	106	0.33962264150943394	4	2	2	1.8113	2	0.9057	0.9057	True	0.6	3.48
7	133981213	A	G	SLC35B4	Missense_Mutation	47	5	52	0.09615384615384616	4	2	2	0.5128	1	0.5128	0.5128	False	0.6	3.48
7	134613622	C	T	CALD1	Silent	39	26	65	0.4	4	2	2	2.1333	2	1.0667	1.0	True	0.6	3.48
7	134632263	C	T	CALD1	Missense_Mutation	5	5	10	0.5	4	2	2	2.6667	2	1.3333	1.0	True	0.6	3.48
7	134939945	G	A	STRA8	Missense_Mutation	95	38	133	0.2857142857142857	4	2	2	1.5238	2	0.7619	0.7619	False	0.6	3.48
7	135376974	C	T	SLC13A4	Intron	11	6	17	0.35294117647058826	4	2	2	1.8824	2	0.9412	0.9412	True	0.6	3.48
7	136700040	T	G	CHRM2	Missense_Mutation	62	42	104	0.40384615384615385	4	2	2	2.1538	2	1.0769	1.0	True	0.6	3.48
7	137284650	C	A	DGKI	Missense_Mutation	26	21	47	0.44680851063829785	4	2	2	2.383	2	1.1915	1.0	True	0.6	3.48
7	137791374	C	T	AKR1D1	Silent	48	18	66	0.2727272727272727	4	2	2	1.4545	1	1.4545	1.0	True	0.6	3.48
7	137792215	G	A	AKR1D1	Silent	49	34	83	0.40963855421686746	4	2	2	2.1847	2	1.0924	1.0	True	0.6	3.48
7	138263977	C	T	TRIM24	Missense_Mutation	87	39	126	0.30952380952380953	4	2	2	1.6508	2	0.8254	0.8254	False	0.6	3.48
7	138596028	G	A	KIAA1549	Silent	9	9	18	0.5	4	2	2	2.6667	2	1.3333	1.0	True	0.6	3.48
7	138603167	G	A	KIAA1549	Missense_Mutation	104	14	118	0.11864406779661017	4	2	2	0.6328	1	0.6328	0.6328	False	0.6	3.48
7	140481411	C	T	BRAF	Missense_Mutation	80	39	119	0.3277310924369748	4	2	2	1.7479	2	0.8739	0.8739	True	0.6	3.48
7	141618750	C	T	OR9A4	Silent	149	61	210	0.2904761904761905	4	2	2	1.5492	2	0.7746	0.7746	False	0.6	3.48
7	141635679	C	T	CLEC5A	Missense_Mutation	66	34	100	0.34	4	2	2	1.8133	2	0.9067	0.9067	True	0.6	3.48
7	141722220	G	A	MGAM	Missense_Mutation	89	8	97	0.08247422680412371	4	2	2	0.4399	1	0.4399	0.4399	False	0.6	3.48
7	141740561	G	A	MGAM	Missense_Mutation	16	14	30	0.4666666666666667	4	2	2	2.4889	2	1.2444	1.0	True	0.6	3.48
7	141763330	G	A	MGAM	Missense_Mutation	10	6	16	0.375	4	2	2	2.0	2	1.0	1.0	True	0.6	3.48
7	141794620	C	T	MGAM	Missense_Mutation	53	23	76	0.3026315789473684	4	2	2	1.614	2	0.807	0.807	False	0.6	3.48
7	141955085	C	T	PRSS58	Missense_Mutation	71	35	106	0.330188679245283	4	2	2	1.761	2	0.8805	0.8805	True	0.6	3.48
7	142021110	G	A	TRBV5-1	Silent	23	15	38	0.39473684210526316	4	2	2	2.1053	2	1.0526	1.0	True	0.6	3.48
7	142099523	G	A	TRBV7-8	Silent	45	21	66	0.3181818181818182	4	2	2	1.697	2	0.8485	0.8485	False	0.6	3.48
7	142119848	C	T	TRBV7-7	Missense_Mutation	53	29	82	0.35365853658536583	4	2	2	1.8862	2	0.9431	0.9431	True	0.6	3.48
7	142119855	C	T	TRBV7-7	Silent	62	27	89	0.30337078651685395	4	2	2	1.618	2	0.809	0.809	False	0.6	3.48
7	142622563	C	T	TRPV5	Intron	13	7	20	0.35	4	2	2	1.8667	2	0.9333	0.9333	True	0.6	3.48
7	142881021	C	T	TAS2R39	Silent	59	28	87	0.3218390804597701	4	2	2	1.7165	2	0.8582	0.8582	True	0.6	3.48
7	142991774	C	T	CASP2	Missense_Mutation	65	51	116	0.4396551724137931	4	2	2	2.3448	2	1.1724	1.0	True	0.6	3.48
7	143018932	G	A	CLCN1	Silent	26	20	46	0.43478260869565216	4	2	2	2.3188	2	1.1594	1.0	True	0.6	3.48
7	143042825	T	G	CLCN1	Missense_Mutation	10	4	14	0.2857142857142857	4	2	2	1.5238	2	0.7619	0.7619	False	0.6	3.48
7	143079436	G	A	ZYX	Missense_Mutation	17	18	35	0.5142857142857142	4	2	2	2.7429	2	1.3714	1.0	True	0.6	3.48
7	143097141	G	A	EPHA1	Silent	30	19	49	0.3877551020408163	4	2	2	2.068	2	1.034	1.0	True	0.6	3.48
7	143097142	G	A	EPHA1	Missense_Mutation	31	18	49	0.3673469387755102	4	2	2	1.9592	2	0.9796	0.9796	True	0.6	3.48
7	143104908	G	A	EPHA1	Intron	10	5	15	0.3333333333333333	4	2	2	1.7778	2	0.8889	0.8889	True	0.6	3.48
7	143806807	C	T	OR2A2	Silent	127	81	208	0.3894230769230769	4	2	2	2.0769	2	1.0385	1.0	True	0.6	3.48
7	143955995	G	A	OR2A7	Missense_Mutation	277	50	327	0.1529051987767584	4	2	2	0.8155	1	0.8155	0.8155	False	0.6	3.48
7	144097249	G	A	NOBOX	Missense_Mutation	59	27	86	0.313953488372093	4	2	2	1.6744	2	0.8372	0.8372	False	0.6	3.48
7	148524336	C	T	EZH2	Silent	105	54	159	0.33962264150943394	4	2	2	1.8113	2	0.9057	0.9057	True	0.6	3.48
7	148524337	C	T	EZH2	Missense_Mutation	105	55	160	0.34375	4	2	2	1.8333	2	0.9167	0.9167	True	0.6	3.48
7	148801468	G	A	ZNF425	Missense_Mutation	35	28	63	0.4444444444444444	4	2	2	2.3704	2	1.1852	1.0	True	0.6	3.48
7	150027988	G	A	ZBED6CL	Silent	13	12	25	0.48	4	2	2	2.56	2	1.28	1.0	True	0.6	3.48
7	150174219	G	A	GIMAP8	Missense_Mutation	79	36	115	0.3130434782608696	4	2	2	1.6696	2	0.8348	0.8348	False	0.6	3.48
7	150269605	G	A	GIMAP4	Missense_Mutation	41	26	67	0.3880597014925373	4	2	2	2.0697	2	1.0348	1.0	True	0.6	3.48
7	150389963	G	A	GIMAP2	Missense_Mutation	65	33	98	0.336734693877551	4	2	2	1.7959	2	0.898	0.898	True	0.6	3.48
7	150390381	G	A	GIMAP2	Missense_Mutation	29	13	42	0.30952380952380953	4	2	2	1.6508	2	0.8254	0.8254	False	0.6	3.48
7	150417886	G	A	GIMAP1	Nonsense_Mutation	11	5	16	0.3125	4	2	2	1.6667	2	0.8333	0.8333	False	0.6	3.48
7	150439845	G	A	GIMAP5	Silent	53	31	84	0.36904761904761907	4	2	2	1.9683	2	0.9841	0.9841	True	0.6	3.48
7	150912052	G	A	ABCF2	Silent	40	21	61	0.3442622950819672	4	2	2	1.8361	2	0.918	0.918	True	0.6	3.48
7	151478485	G	A	PRKAG2	Silent	16	9	25	0.36	4	2	2	1.92	2	0.96	0.96	True	0.6	3.48
7	151668142	G	A	GALNTL5	Silent	35	7	42	0.16666666666666666	4	2	2	0.8889	1	0.8889	0.8889	True	0.6	3.48
7	151711745	G	A	GALNTL5	Missense_Mutation	62	26	88	0.29545454545454547	4	2	2	1.5758	2	0.7879	0.7879	False	0.6	3.48
7	154667731	T	C	DPP6	Missense_Mutation	18	13	31	0.41935483870967744	4	2	2	2.2366	2	1.1183	1.0	True	0.6	3.48
7	156746923	C	T	NOM1	Silent	33	19	52	0.36538461538461536	4	2	2	1.9487	2	0.9744	0.9744	True	0.6	3.48
7	158536337	C	T	ESYT2	Silent	23	14	37	0.3783783783783784	2	1	1	1.2613	1	1.2613	1.0	True	0.6	3.48
8	623858	A	T	ERICH1	Missense_Mutation	55	49	104	0.47115384615384615	4	2	2	2.5128	2	1.2564	1.0	True	0.6	3.48
8	1513858	G	A	DLGAP2	Missense_Mutation	3	11	14	0.7857142857142857	4	2	2	4.1905	2	2.0952	1.0	True	0.6	3.48
8	1616562	G	A	DLGAP2	Silent	9	4	13	0.3076923076923077	4	2	2	1.641	2	0.8205	0.8205	False	0.6	3.48
8	2017449	G	A	MYOM2	Missense_Mutation	35	29	64	0.453125	4	2	2	2.4167	2	1.2083	1.0	True	0.6	3.48
8	2830813	G	A	CSMD1	Missense_Mutation	203	112	315	0.35555555555555557	4	2	2	1.8963	2	0.9481	0.9481	True	0.6	3.48
8	2876151	G	A	CSMD1	Missense_Mutation	86	45	131	0.3435114503816794	4	2	2	1.8321	2	0.916	0.916	True	0.6	3.48
8	2910139	C	T	CSMD1	Missense_Mutation	24	17	41	0.4146341463414634	4	2	2	2.2114	2	1.1057	1.0	True	0.6	3.48
8	3063131	C	T	CSMD1	Missense_Mutation	6	8	14	0.5714285714285714	4	2	2	3.0476	2	1.5238	1.0	True	0.6	3.48
8	6783482	C	T	DEFA6	Missense_Mutation	24	11	35	0.3142857142857143	4	2	2	1.6762	2	0.8381	0.8381	False	0.6	3.48
8	9563713	C	T	TNKS	Missense_Mutation	81	46	127	0.36220472440944884	4	2	2	1.9318	2	0.9659	0.9659	True	0.6	3.48
8	10159071	G	T	MSRA	Missense_Mutation	73	24	97	0.24742268041237114	4	2	2	1.3196	1	1.3196	1.0	True	0.6	3.48
8	10387074	G	A	PRSS55	Missense_Mutation	167	115	282	0.4078014184397163	4	2	2	2.1749	2	1.0875	1.0	True	0.6	3.48
8	10469043	G	A	RP1L1	Silent	11	11	22	0.5	4	2	2	2.6667	2	1.3333	1.0	True	0.6	3.48
8	10469741	C	T	RP1L1	Missense_Mutation	44	34	78	0.4358974358974359	4	2	2	2.3248	2	1.1624	1.0	True	0.6	3.48
8	10470276	C	T	RP1L1	Silent	60	18	78	0.23076923076923078	4	2	2	1.2308	1	1.2308	1.0	True	0.6	3.48
8	10755867	G	A	XKR6	Silent	21	16	37	0.43243243243243246	4	2	2	2.3063	2	1.1532	1.0	True	0.6	3.48
8	16026357	C	T	MSR1	Silent	65	30	95	0.3157894736842105	4	2	2	1.6842	2	0.8421	0.8421	False	0.6	3.48
8	17400855	C	T	SLC7A2	Missense_Mutation	35	27	62	0.43548387096774194	4	2	2	2.3226	2	1.1613	1.0	True	0.6	3.48
8	21766993	G	A	DOK2	Silent	34	15	49	0.30612244897959184	4	2	2	1.6327	2	0.8163	0.8163	False	0.6	3.48
8	21937924	T	C	DMTN	Missense_Mutation	85	36	121	0.2975206611570248	4	2	2	1.5868	2	0.7934	0.7934	False	0.6	3.48
8	21978678	G	A	HR	Missense_Mutation	121	62	183	0.33879781420765026	4	2	2	1.8069	2	0.9035	0.9035	True	0.6	3.48
8	22442633	C	T	PDLIM2	Missense_Mutation	64	22	86	0.2558139534883721	4	2	2	1.3643	1	1.3643	1.0	True	0.6	3.48
8	23069692	G	A	TNFRSF10A	Missense_Mutation	97	14	111	0.12612612612612611	4	2	2	0.6727	1	0.6727	0.6727	False	0.6	3.48
8	23428980	C	T	SLC25A37	Missense_Mutation	40	25	65	0.38461538461538464	4	2	2	2.0513	2	1.0256	1.0	True	0.6	3.48
8	24187570	C	T	ADAM28	Missense_Mutation	64	37	101	0.36633663366336633	4	2	2	1.9538	2	0.9769	0.9769	True	0.6	3.48
8	24196978	G	A	ADAM28	Splice_Site	13	7	20	0.35	4	2	2	1.8667	2	0.9333	0.9333	True	0.6	3.48
8	24256527	G	A	ADAMDEC1	Silent	31	10	41	0.24390243902439024	4	2	2	1.3008	1	1.3008	1.0	True	0.6	3.48
8	24773142	G	A	NEFM	Missense_Mutation	72	32	104	0.3076923076923077	4	2	2	1.641	2	0.8205	0.8205	False	0.6	3.48
8	25156535	T	C	DOCK5	Missense_Mutation	27	5	32	0.15625	4	2	2	0.8333	1	0.8333	0.8333	False	0.6	3.48
8	25156545	T	C	DOCK5	Missense_Mutation	32	7	39	0.1794871794871795	4	2	2	0.9573	1	0.9573	0.9573	True	0.6	3.48
8	25718576	C	T	EBF2	Missense_Mutation	84	45	129	0.3488372093023256	4	2	2	1.8605	2	0.9302	0.9302	True	0.6	3.48
8	25745471	C	T	EBF2	Missense_Mutation	47	26	73	0.3561643835616438	4	2	2	1.8995	2	0.9498	0.9498	True	0.6	3.48
8	27319183	C	T	CHRNA2	Missense_Mutation	80	40	120	0.3333333333333333	4	2	2	1.7778	2	0.8889	0.8889	True	0.6	3.48
8	27534162	G	A	SCARA3	3'Flank	9	8	17	0.47058823529411764	4	2	2	2.5098	2	1.2549	1.0	True	0.6	3.48
8	27634107	C	T	ESCO2	Silent	31	22	53	0.41509433962264153	4	2	2	2.2138	2	1.1069	1.0	True	0.6	3.48
8	30700975	G	A	TEX15	Silent	73	45	118	0.3813559322033898	4	2	2	2.0339	2	1.0169	1.0	True	0.6	3.48
8	31024698	C	T	WRN	Silent	26	17	43	0.3953488372093023	4	2	2	2.1085	2	1.0543	1.0	True	0.6	3.48
8	31498200	C	T	NRG1	Missense_Mutation	11	13	24	0.5416666666666666	4	2	2	2.8889	2	1.4444	1.0	True	0.6	3.48
8	32621281	G	A	NRG1	Missense_Mutation	58	35	93	0.3763440860215054	4	2	2	2.0072	2	1.0036	1.0	True	0.6	3.48
8	35648049	G	A	UNC5D	Missense_Mutation	53	7	60	0.11666666666666667	4	2	2	0.6222	1	0.6222	0.6222	False	0.6	3.48
8	36793484	C	T	KCNU1	3'UTR	29	21	50	0.42	4	2	2	2.24	2	1.12	1.0	True	0.6	3.48
8	37702243	G	A	BRF2	Missense_Mutation	30	18	48	0.375	4	2	2	2.0	2	1.0	1.0	True	0.6	3.48
8	38839222	C	T	HTRA4	Silent	98	38	136	0.27941176470588236	4	2	2	1.4902	1	1.4902	1.0	True	0.6	3.48
8	39142383	C	T	ADAM32	3'UTR	8	11	19	0.5789473684210527	4	2	2	3.0877	2	1.5439	1.0	True	0.6	3.48
8	39506020	G	A	ADAM18	Missense_Mutation	24	15	39	0.38461538461538464	4	2	2	2.0513	2	1.0256	1.0	True	0.6	3.48
8	39792675	G	A	IDO2	5'UTR	65	49	114	0.4298245614035088	4	2	2	2.2924	2	1.1462	1.0	True	0.6	3.48
8	42174335	C	T	IKBKB	Silent	30	16	46	0.34782608695652173	4	2	2	1.8551	2	0.9275	0.9275	True	0.6	3.48
8	42614235	C	T	CHRNA6	Missense_Mutation	63	35	98	0.35714285714285715	4	2	2	1.9048	2	0.9524	0.9524	True	0.6	3.48
8	42837793	G	A	HOOK3	Missense_Mutation	41	28	69	0.4057971014492754	4	2	2	2.1643	2	1.0821	1.0	True	0.6	3.48
8	48746891	G	A	PRKDC	Missense_Mutation	128	71	199	0.35678391959798994	4	2	2	1.9028	2	0.9514	0.9514	True	0.6	3.48
8	48809737	G	A	PRKDC	Silent	158	78	236	0.3305084745762712	4	2	2	1.7627	2	0.8814	0.8814	True	0.6	3.48
8	51449358	G	T	SNTG1	Missense_Mutation	128	68	196	0.3469387755102041	4	2	2	1.8503	2	0.9252	0.9252	True	0.6	3.48
8	51617288	C	T	SNTG1	Silent	24	18	42	0.42857142857142855	4	2	2	2.2857	2	1.1429	1.0	True	0.6	3.48
8	52359682	G	A	PXDNL	Silent	96	56	152	0.3684210526315789	4	2	2	1.9649	2	0.9825	0.9825	True	0.6	3.48
8	53062531	C	T	ST18	Missense_Mutation	71	25	96	0.2604166666666667	4	2	2	1.3889	1	1.3889	1.0	True	0.6	3.48
8	53071457	C	T	ST18	Splice_Site	86	58	144	0.4027777777777778	4	2	2	2.1481	2	1.0741	1.0	True	0.6	3.48
8	53076606	G	A	ST18	Missense_Mutation	96	59	155	0.38064516129032255	4	2	2	2.0301	2	1.0151	1.0	True	0.6	3.48
8	53555124	C	T	RB1CC1	Missense_Mutation	34	20	54	0.37037037037037035	4	2	2	1.9753	2	0.9877	0.9877	True	0.6	3.48
8	54147566	C	T	OPRK1	Missense_Mutation	62	31	93	0.3333333333333333	4	2	2	1.7778	2	0.8889	0.8889	True	0.6	3.48
8	54628550	G	C	ATP6V1H	Missense_Mutation	32	20	52	0.38461538461538464	4	2	2	2.0513	2	1.0256	1.0	True	0.6	3.48
8	55533846	C	T	RP1	Missense_Mutation	57	31	88	0.3522727272727273	4	2	2	1.8788	2	0.9394	0.9394	True	0.6	3.48
8	55538364	G	A	RP1	Missense_Mutation	29	23	52	0.4423076923076923	4	2	2	2.359	2	1.1795	1.0	True	0.6	3.48
8	55538781	G	A	RP1	Missense_Mutation	54	17	71	0.23943661971830985	4	2	2	1.277	1	1.277	1.0	True	0.6	3.48
8	55541555	G	A	RP1	Missense_Mutation	49	33	82	0.4024390243902439	4	2	2	2.1463	2	1.0732	1.0	True	0.6	3.48
8	55542352	G	A	RP1	Silent	26	23	49	0.46938775510204084	4	2	2	2.5034	2	1.2517	1.0	True	0.6	3.48
8	57228854	G	A	SDR16C5	Missense_Mutation	54	20	74	0.2702702702702703	4	2	2	1.4414	1	1.4414	1.0	True	0.6	3.48
8	57353773	C	T	PENK	3'UTR	119	71	190	0.3736842105263158	4	2	2	1.993	2	0.9965	0.9965	True	0.6	3.48
8	62212398	C	T	CLVS1	Silent	29	13	42	0.30952380952380953	4	2	2	1.6508	2	0.8254	0.8254	False	0.6	3.48
8	65509133	G	A	CYP7B1	3'UTR	5	4	9	0.4444444444444444	4	2	2	2.3704	2	1.1852	1.0	True	0.6	3.48
8	66516710	G	A	ARMC1	Silent	58	29	87	0.3333333333333333	4	2	2	1.7778	2	0.8889	0.8889	True	0.6	3.48
8	66989064	G	A	DNAJC5B	Missense_Mutation	87	35	122	0.28688524590163933	4	2	2	1.5301	2	0.765	0.765	False	0.6	3.48
8	67012294	C	T	DNAJC5B	3'UTR	14	5	19	0.2631578947368421	4	2	2	1.4035	1	1.4035	1.0	True	0.6	3.48
8	67592026	C	T	C8orf44	Missense_Mutation	46	32	78	0.41025641025641024	4	2	2	2.188	2	1.094	1.0	True	0.6	3.48
8	68346349	G	A	CPA6	Missense_Mutation	51	33	84	0.39285714285714285	4	2	2	2.0952	2	1.0476	1.0	True	0.6	3.48
8	68396080	C	T	CPA6	Missense_Mutation	103	33	136	0.2426470588235294	4	2	2	1.2941	1	1.2941	1.0	True	0.6	3.48
8	69552661	G	T	C8orf34	Missense_Mutation	72	15	87	0.1724137931034483	4	2	2	0.9195	1	0.9195	0.9195	True	0.6	3.48
8	70585187	G	A	SLCO5A1	Missense_Mutation	70	47	117	0.4017094017094017	4	2	2	2.1425	2	1.0712	1.0	True	0.6	3.48
8	71039106	C	T	NCOA2	Missense_Mutation	38	18	56	0.32142857142857145	4	2	2	1.7143	2	0.8571	0.8571	True	0.6	3.48
8	73480393	C	T	KCNB2	Missense_Mutation	128	25	153	0.16339869281045752	4	2	2	0.8715	1	0.8715	0.8715	True	0.6	3.48
8	74005100	C	T	SBSPON	Missense_Mutation	25	14	39	0.358974358974359	4	2	2	1.9145	2	0.9573	0.9573	True	0.6	3.48
8	77763421	C	T	ZFHX4	Missense_Mutation	20	11	31	0.3548387096774194	4	2	2	1.8925	2	0.9462	0.9462	True	0.6	3.48
8	77764324	C	T	ZFHX4	Missense_Mutation	64	23	87	0.26436781609195403	4	2	2	1.41	1	1.41	1.0	True	0.6	3.48
8	77766990	G	A	ZFHX4	Silent	23	15	38	0.39473684210526316	4	2	2	2.1053	2	1.0526	1.0	True	0.6	3.48
8	81605253	G	A	ZNF704	Missense_Mutation	55	22	77	0.2857142857142857	4	2	2	1.5238	2	0.7619	0.7619	False	0.6	3.48
8	87229699	C	T	SLC7A13	Silent	27	16	43	0.37209302325581395	4	2	2	1.9845	2	0.9922	0.9922	True	0.6	3.48
8	87241867	C	T	SLC7A13	Missense_Mutation	51	43	94	0.4574468085106383	4	2	2	2.4397	2	1.2199	1.0	True	0.6	3.48
8	92378858	C	T	SLC26A7	Silent	56	18	74	0.24324324324324326	4	2	2	1.2973	1	1.2973	1.0	True	0.6	3.48
8	93017356	C	T	RUNX1T1	Missense_Mutation	103	36	139	0.2589928057553957	4	2	2	1.3813	1	1.3813	1.0	True	0.6	3.48
8	94828614	C	T	TMEM67	Silent	46	30	76	0.39473684210526316	4	2	2	2.1053	2	1.0526	1.0	True	0.6	3.48
8	96166839	G	A	PLEKHF2	Silent	533	355	888	0.3997747747747748	4	2	2	2.1321	2	1.0661	1.0	True	0.6	3.48
8	98288900	T	A	TSPYL5	Missense_Mutation	152	84	236	0.3559322033898305	4	2	2	1.8983	2	0.9492	0.9492	True	0.6	3.48
8	99101565	G	A	C8orf47	Missense_Mutation	60	31	91	0.34065934065934067	4	2	2	1.8168	2	0.9084	0.9084	True	0.6	3.48
8	99142337	C	T	POP1	Silent	39	14	53	0.2641509433962264	4	2	2	1.4088	1	1.4088	1.0	True	0.6	3.48
8	100454726	G	A	VPS13B	Nonsense_Mutation	46	26	72	0.3611111111111111	4	2	2	1.9259	2	0.963	0.963	True	0.6	3.48
8	100847802	C	T	VPS13B	Missense_Mutation	65	34	99	0.3434343434343434	4	2	2	1.8316	2	0.9158	0.9158	True	0.6	3.48
8	102381730	G	A	NACAP1	RNA	32	7	39	0.1794871794871795	4	2	2	0.9573	1	0.9573	0.9573	True	0.6	3.48
8	103354800	A	G	UBR5	Silent	85	34	119	0.2857142857142857	4	2	2	1.5238	2	0.7619	0.7619	False	0.6	3.48
8	104388226	G	A	CTHRC1	Intron	11	4	15	0.26666666666666666	4	2	2	1.4222	1	1.4222	1.0	True	0.6	3.48
8	104943551	G	A	RIMS2	Missense_Mutation	59	29	88	0.32954545454545453	4	2	2	1.7576	2	0.8788	0.8788	True	0.6	3.48
8	105456519	C	T	DPYS	Missense_Mutation	27	12	39	0.3076923076923077	4	2	2	1.641	2	0.8205	0.8205	False	0.6	3.48
8	105459710	G	A	DPYS	Missense_Mutation	41	6	47	0.1276595744680851	4	2	2	0.6809	1	0.6809	0.6809	False	0.6	3.48
8	105511596	G	A	LRP12	Missense_Mutation	79	37	116	0.31896551724137934	4	2	2	1.7011	2	0.8506	0.8506	True	0.6	3.48
8	106646513	C	T	ZFPM2	Missense_Mutation	22	5	27	0.18518518518518517	4	2	2	0.9877	1	0.9877	0.9877	True	0.6	3.48
8	106815257	C	T	ZFPM2	Missense_Mutation	9	8	17	0.47058823529411764	4	2	2	2.5098	2	1.2549	1.0	True	0.6	3.48
8	106815487	G	A	ZFPM2	Silent	27	9	36	0.25	4	2	2	1.3333	1	1.3333	1.0	True	0.6	3.48
8	110465061	C	T	PKHD1L1	Silent	5	4	9	0.4444444444444444	4	2	2	2.3704	2	1.1852	1.0	True	0.6	3.48
8	110468544	G	A	PKHD1L1	Missense_Mutation	22	11	33	0.3333333333333333	4	2	2	1.7778	2	0.8889	0.8889	True	0.6	3.48
8	110477426	C	T	PKHD1L1	Missense_Mutation	51	34	85	0.4	4	2	2	2.1333	2	1.0667	1.0	True	0.6	3.48
8	110487398	G	A	PKHD1L1	Nonsense_Mutation	56	25	81	0.30864197530864196	4	2	2	1.6461	2	0.823	0.823	False	0.6	3.48
8	113347561	G	A	CSMD3	Missense_Mutation	31	12	43	0.27906976744186046	4	2	2	1.4884	1	1.4884	1.0	True	0.6	3.48
8	113960050	C	T	CSMD3	Missense_Mutation	51	20	71	0.28169014084507044	4	2	2	1.5023	2	0.7512	0.7512	False	0.6	3.48
8	117874126	A	G	RAD21	Silent	117	53	170	0.31176470588235294	4	2	2	1.6627	2	0.8314	0.8314	False	0.6	3.48
8	120886002	G	A	DEPTOR	5'UTR	12	5	17	0.29411764705882354	4	2	2	1.5686	2	0.7843	0.7843	False	0.6	3.48
8	121019092	C	T	DEPTOR	Missense_Mutation	28	15	43	0.3488372093023256	4	2	2	1.8605	2	0.9302	0.9302	True	0.6	3.48
8	124525620	G	T	FBXO32	Missense_Mutation	27	3	30	0.1	4	2	2	0.5333	1	0.5333	0.5333	False	0.6	3.48
8	125551344	C	T	TATDN1	5'Flank	26	16	42	0.38095238095238093	4	2	2	2.0317	2	1.0159	1.0	True	0.6	3.48
8	131916183	G	A	ADCY8	Silent	83	33	116	0.28448275862068967	3	2	1	1.2328	1	1.2328	1.0	True	0.6	3.48
8	133141431	G	A	KCNQ3	3'UTR	23	8	31	0.25806451612903225	3	2	1	1.1183	1	1.1183	1.0	True	0.6	3.48
8	133150230	G	A	KCNQ3	Silent	59	52	111	0.46846846846846846	3	2	1	2.03	2	1.015	1.0	True	0.6	3.48
8	133152399	C	T	KCNQ3	Missense_Mutation	38	12	50	0.24	3	2	1	1.04	1	1.04	1.0	True	0.6	3.48
8	134042139	C	T	TG	Silent	38	8	46	0.17391304347826086	3	2	1	0.7536	1	0.7536	0.7536	False	0.6	3.48
8	136594241	C	T	KHDRBS3	Silent	77	10	87	0.11494252873563218	5	3	2	0.728	1	0.728	0.728	False	0.6	3.48
8	139164194	G	A	FAM135B	Missense_Mutation	82	33	115	0.28695652173913044	5	3	2	1.8174	2	0.9087	0.9087	True	0.6	3.48
8	139164304	C	T	FAM135B	Missense_Mutation	74	20	94	0.2127659574468085	5	3	2	1.3475	1	1.3475	1.0	True	0.6	3.48
8	139255192	G	A	FAM135B	Missense_Mutation	66	23	89	0.25842696629213485	5	3	2	1.6367	2	0.8184	0.8184	False	0.6	3.48
8	139380195	G	A	FAM135B	Missense_Mutation	94	42	136	0.3088235294117647	5	3	2	1.9559	2	0.9779	0.9779	True	0.6	3.48
8	142444090	G	A	PTP4A3	3'Flank	21	5	26	0.19230769230769232	5	3	2	1.2179	1	1.2179	1.0	True	0.6	3.48
8	143562968	G	A	BAI1	Missense_Mutation	10	6	16	0.375	5	3	2	2.375	2	1.1875	1.0	True	0.6	3.48
8	143956467	C	A	CYP11B1	Missense_Mutation	64	70	134	0.5223880597014925	5	3	2	3.3085	3	1.1028	1.0	True	0.6	3.48
8	143956468	C	T	CYP11B1	Missense_Mutation	64	69	133	0.518796992481203	5	3	2	3.2857	3	1.0952	1.0	True	0.6	3.48
8	144812352	G	A	FAM83H	Missense_Mutation	14	12	26	0.46153846153846156	5	3	2	2.9231	3	0.9744	0.9744	True	0.6	3.48
8	145726099	G	A	PPP1R16A	Missense_Mutation	28	24	52	0.46153846153846156	2	1	1	1.5385	1	1.5385	1.0	True	0.6	3.48
8	145726100	G	A	PPP1R16A	Missense_Mutation	27	24	51	0.47058823529411764	2	1	1	1.5686	1	1.5686	1.0	True	0.6	3.48
8	145741611	G	A	RECQL4	Missense_Mutation	32	16	48	0.3333333333333333	2	1	1	1.1111	1	1.1111	1.0	True	0.6	3.48
8	145781006	G	A	ARHGAP39	Silent	117	44	161	0.2732919254658385	2	1	1	0.911	1	0.911	0.911	True	0.6	3.48
8	145948764	G	T	ZNF251	Missense_Mutation	14	4	18	0.2222222222222222	2	1	1	0.7407	1	0.7407	0.7407	False	0.6	3.48
9	5164204	C	T	INSL6	Silent	37	31	68	0.45588235294117646	2	2	0	1.5196	2	0.7598	0.7598	False	0.6	3.48
9	5300348	G	A	RLN2	Missense_Mutation	32	35	67	0.5223880597014925	2	2	0	1.7413	2	0.8706	0.8706	True	0.6	3.48
9	6328535	C	T	TPD52L3	5'UTR	18	34	52	0.6538461538461539	2	2	0	2.1795	2	1.0897	1.0	True	0.6	3.48
9	8389246	C	T	PTPRD	Missense_Mutation	29	47	76	0.618421052631579	2	2	0	2.0614	2	1.0307	1.0	True	0.6	3.48
9	8485270	G	A	PTPRD	Missense_Mutation	11	18	29	0.6206896551724138	2	2	0	2.069	2	1.0345	1.0	True	0.6	3.48
9	8499706	C	T	PTPRD	Missense_Mutation	48	46	94	0.48936170212765956	2	2	0	1.6312	2	0.8156	0.8156	False	0.6	3.48
9	18639275	G	A	ADAMTSL1	Missense_Mutation	15	10	25	0.4	2	2	0	1.3333	1	1.3333	1.0	True	0.6	3.48
9	21974679	G	A	CDKN2A	Nonsense_Mutation	128	160	288	0.5555555555555556	2	2	0	1.8519	2	0.9259	0.9259	True	0.6	3.48
9	21974680	G	T	CDKN2A	Silent	125	160	285	0.5614035087719298	2	2	0	1.8713	2	0.9357	0.9357	True	0.6	3.48
9	32634687	C	T	TAF1L	Silent	36	28	64	0.4375	2	2	0	1.4583	1	1.4583	1.0	True	0.6	3.48
9	35792846	C	T	NPR2	Silent	19	46	65	0.7076923076923077	2	2	0	2.359	2	1.1795	1.0	True	0.6	3.48
9	37126579	C	T	ZCCHC7	Nonsense_Mutation	66	58	124	0.46774193548387094	2	2	0	1.5591	2	0.7796	0.7796	False	0.6	3.48
9	37537249	G	A	FBXO10	Missense_Mutation	21	9	30	0.3	2	2	0	1.0	1	1.0	1.0	True	0.6	3.48
9	38396091	C	T	ALDH1B1	Nonsense_Mutation	75	23	98	0.23469387755102042	2	2	0	0.7823	1	0.7823	0.7823	False	0.6	3.48
9	40702812	C	T	SPATA31A3	Missense_Mutation	227	89	316	0.28164556962025317	2	2	0	0.9388	1	0.9388	0.9388	True	0.6	3.48
9	71549866	C	T	PIP5K1B	Missense_Mutation	18	17	35	0.4857142857142857	2	2	0	1.619	2	0.8095	0.8095	False	0.6	3.48
9	79865028	C	T	VPS13A	Missense_Mutation	15	21	36	0.5833333333333334	2	2	0	1.9444	2	0.9722	0.9722	True	0.6	3.48
9	79959077	C	T	VPS13A	Silent	23	19	42	0.4523809523809524	2	2	0	1.5079	2	0.754	0.754	False	0.6	3.48
9	90321520	C	T	DAPK1	Silent	5	10	15	0.6666666666666666	2	2	0	2.2222	2	1.1111	1.0	True	0.6	3.48
9	93375886	G	A	DIRAS2	Missense_Mutation	36	34	70	0.4857142857142857	2	2	0	1.619	2	0.8095	0.8095	False	0.6	3.48
9	98218603	G	A	PTCH1	Silent	23	18	41	0.43902439024390244	2	2	0	1.4634	1	1.4634	1.0	True	0.6	3.48
9	99064372	C	T	HSD17B3	Silent	4	13	17	0.7647058823529411	2	2	0	2.549	2	1.2745	1.0	True	0.6	3.48
9	100245160	C	T	TDRD7	Silent	22	26	48	0.5416666666666666	2	2	0	1.8056	2	0.9028	0.9028	True	0.6	3.48
9	100286524	C	T	TMOD1	Silent	12	17	29	0.5862068965517241	2	2	0	1.954	2	0.977	0.977	True	0.6	3.48
9	100971310	G	A	TBC1D2	Missense_Mutation	46	83	129	0.6434108527131783	2	2	0	2.1447	2	1.0724	1.0	True	0.6	3.48
9	101056148	T	A	GABBR2	Missense_Mutation	31	49	80	0.6125	2	2	0	2.0417	2	1.0208	1.0	True	0.6	3.48
9	101542503	G	A	ANKS6	Missense_Mutation	20	23	43	0.5348837209302325	2	2	0	1.7829	2	0.8915	0.8915	True	0.6	3.48
9	104432604	C	T	GRIN3A	Nonsense_Mutation	44	62	106	0.5849056603773585	2	2	0	1.9497	2	0.9748	0.9748	True	0.6	3.48
9	105763885	G	A	CYLC2	Missense_Mutation	6	11	17	0.6470588235294118	2	2	0	2.1569	2	1.0784	1.0	True	0.6	3.48
9	107331556	G	A	OR13C8	Silent	54	77	131	0.5877862595419847	2	2	0	1.9593	2	0.9796	0.9796	True	0.6	3.48
9	109691428	C	T	ZNF462	Silent	12	14	26	0.5384615384615384	2	2	0	1.7949	2	0.8974	0.8974	True	0.6	3.48
9	111618190	G	A	ACTL7B	Silent	26	18	44	0.4090909090909091	2	2	0	1.3636	1	1.3636	1.0	True	0.6	3.48
9	114304716	G	A	ZNF483	Missense_Mutation	10	19	29	0.6551724137931034	2	2	0	2.1839	2	1.092	1.0	True	0.6	3.48
9	116022780	C	T	SLC31A1	3'UTR	19	16	35	0.45714285714285713	2	2	0	1.5238	2	0.7619	0.7619	False	0.6	3.48
9	116037978	G	C	PRPF4	5'UTR	15	26	41	0.6341463414634146	2	2	0	2.1138	2	1.0569	1.0	True	0.6	3.48
9	116154442	G	A	ALAD	Missense_Mutation	13	15	28	0.5357142857142857	2	2	0	1.7857	2	0.8929	0.8929	True	0.6	3.48
9	118974146	G	A	PAPPA	Missense_Mutation	79	109	188	0.5797872340425532	2	2	0	1.9326	2	0.9663	0.9663	True	0.6	3.48
9	120475597	G	A	TLR4	Silent	7	18	25	0.72	2	2	0	2.4	2	1.2	1.0	True	0.6	3.48
9	123216083	G	A	CDK5RAP2	Missense_Mutation	21	37	58	0.6379310344827587	2	2	0	2.1264	2	1.0632	1.0	True	0.6	3.48
9	125273983	T	G	OR1J2	Silent	27	32	59	0.5423728813559322	2	2	0	1.8079	2	0.904	0.904	True	0.6	3.48
9	125932298	C	T	STRBP	Missense_Mutation	5	12	17	0.7058823529411765	2	2	0	2.3529	2	1.1765	1.0	True	0.6	3.48
9	126132723	G	A	CRB2	Missense_Mutation	14	9	23	0.391304347826087	2	2	0	1.3043	1	1.3043	1.0	True	0.6	3.48
9	126144301	G	A	DENND1A	Nonsense_Mutation	3	10	13	0.7692307692307693	2	2	0	2.5641	2	1.2821	1.0	True	0.6	3.48
9	127650642	G	A	GOLGA1	Nonsense_Mutation	46	69	115	0.6	2	2	0	2.0	2	1.0	1.0	True	0.6	3.48
9	130269305	G	C	FAM129B	Missense_Mutation	2	9	11	0.8181818181818182	2	2	0	2.7273	2	1.3636	1.0	True	0.6	3.48
9	130486511	C	T	TTC16	Nonsense_Mutation	19	25	44	0.5681818181818182	2	2	0	1.8939	2	0.947	0.947	True	0.6	3.48
9	131857852	C	T	CRAT	Missense_Mutation	26	5	31	0.16129032258064516	2	2	0	0.5376	1	0.5376	0.5376	False	0.6	3.48
9	133333934	G	A	ASS1	Silent	14	11	25	0.44	2	2	0	1.4667	1	1.4667	1.0	True	0.6	3.48
9	133346888	C	T	ASS1	Silent	13	21	34	0.6176470588235294	2	2	0	2.0588	2	1.0294	1.0	True	0.6	3.48
9	134350747	T	G	PRRC2B	Silent	6	11	17	0.6470588235294118	2	2	0	2.1569	2	1.0784	1.0	True	0.6	3.48
9	135458257	G	A	BARHL1	Missense_Mutation	30	29	59	0.4915254237288136	2	2	0	1.6384	2	0.8192	0.8192	False	0.6	3.48
9	136409658	C	T	ADAMTSL2	Missense_Mutation	34	25	59	0.423728813559322	2	2	0	1.4124	1	1.4124	1.0	True	0.6	3.48
9	136501715	C	T	DBH	Silent	10	16	26	0.6153846153846154	2	2	0	2.0513	2	1.0256	1.0	True	0.6	3.48
9	136561368	G	A	SARDH	Missense_Mutation	21	17	38	0.4473684210526316	2	2	0	1.4912	1	1.4912	1.0	True	0.6	3.48
9	136901263	G	A	BRD3	Silent	19	33	52	0.6346153846153846	2	2	0	2.1154	2	1.0577	1.0	True	0.6	3.48
9	137717665	G	A	COL5A1	Missense_Mutation	12	30	42	0.7142857142857143	2	2	0	2.381	2	1.1905	1.0	True	0.6	3.48
9	138675892	A	G	KCNT1	Missense_Mutation	11	14	25	0.56	2	2	0	1.8667	2	0.9333	0.9333	True	0.6	3.48
9	140040184	C	T	GRIN1	Missense_Mutation	11	10	21	0.47619047619047616	2	2	0	1.5873	2	0.7937	0.7937	False	0.6	3.48
9	140146524	C	T	C9orf173	Missense_Mutation	7	6	13	0.46153846153846156	2	2	0	1.5385	2	0.7692	0.7692	False	0.6	3.48
9	140450068	G	A	DPH7	Missense_Mutation	19	28	47	0.5957446808510638	2	2	0	1.9858	2	0.9929	0.9929	True	0.6	3.48
9	140708908	C	G	EHMT1	Missense_Mutation	26	33	59	0.559322033898305	2	2	0	1.8644	2	0.9322	0.9322	True	0.6	3.48
10	5144305	C	T	AKR1C3	Missense_Mutation	39	20	59	0.3389830508474576	4	2	2	1.8079	2	0.904	0.904	True	0.6	3.48
10	5682645	G	A	ASB13	3'UTR	27	16	43	0.37209302325581395	4	2	2	1.9845	2	0.9922	0.9922	True	0.6	3.48
10	6104202	C	T	IL2RA	5'UTR	10	4	14	0.2857142857142857	4	2	2	1.5238	2	0.7619	0.7619	False	0.6	3.48
10	6472779	G	A	PRKCQ	Missense_Mutation	54	38	92	0.41304347826086957	4	2	2	2.2029	2	1.1014	1.0	True	0.6	3.48
10	6521089	G	A	PRKCQ	Silent	37	20	57	0.3508771929824561	4	2	2	1.8713	2	0.9357	0.9357	True	0.6	3.48
10	7745353	C	T	ITIH2	5'UTR	34	30	64	0.46875	4	2	2	2.5	2	1.25	1.0	True	0.6	3.48
10	7866325	C	T	TAF3	Nonsense_Mutation	90	24	114	0.21052631578947367	4	2	2	1.1228	1	1.1228	1.0	True	0.6	3.48
10	12191670	C	T	SEC61A2	Silent	352	89	441	0.2018140589569161	3	2	1	0.8745	1	0.8745	0.8745	True	0.6	3.48
10	13214476	C	T	MCM10	Silent	34	35	69	0.5072463768115942	3	2	1	2.1981	2	1.099	1.0	True	0.6	3.48
10	13380726	G	A	SEPHS1	Silent	97	23	120	0.19166666666666668	3	2	1	0.8306	1	0.8306	0.8306	False	0.6	3.48
10	13693946	C	T	FRMD4A	Missense_Mutation	84	22	106	0.20754716981132076	3	2	1	0.8994	1	0.8994	0.8994	True	0.6	3.48
10	15107690	G	A	OLAH	Silent	38	9	47	0.19148936170212766	3	2	1	0.8298	1	0.8298	0.8298	False	0.6	3.48
10	15639292	G	A	ITGA8	Nonsense_Mutation	69	12	81	0.14814814814814814	3	2	1	0.642	1	0.642	0.642	False	0.6	3.48
10	16877024	C	T	CUBN	Missense_Mutation	21	5	26	0.19230769230769232	3	2	1	0.8333	1	0.8333	0.8333	False	0.6	3.48
10	16982177	C	T	CUBN	Missense_Mutation	129	119	248	0.4798387096774194	3	2	1	2.0793	2	1.0397	1.0	True	0.6	3.48
10	17276783	C	T	VIM	Missense_Mutation	60	9	69	0.13043478260869565	3	2	1	0.5652	1	0.5652	0.5652	False	0.6	3.48
10	17726680	G	A	STAM	Silent	47	18	65	0.27692307692307694	3	2	1	1.2	1	1.2	1.0	True	0.6	3.48
10	18828607	G	A	CACNB2	Missense_Mutation	54	44	98	0.4489795918367347	3	2	1	1.9456	2	0.9728	0.9728	True	0.6	3.48
10	20335861	G	A	PLXDC2	Missense_Mutation	104	29	133	0.21804511278195488	4	2	2	1.1629	1	1.1629	1.0	True	0.6	3.48
10	20506404	G	A	PLXDC2	Missense_Mutation	34	15	49	0.30612244897959184	4	2	2	1.6327	2	0.8163	0.8163	False	0.6	3.48
10	21097555	C	T	NEBL	Missense_Mutation	105	47	152	0.3092105263157895	4	2	2	1.6491	2	0.8246	0.8246	False	0.6	3.48
10	21101729	C	T	NEBL	Silent	35	20	55	0.36363636363636365	4	2	2	1.9394	2	0.9697	0.9697	True	0.6	3.48
10	21112214	C	T	NEBL	Missense_Mutation	41	17	58	0.29310344827586204	4	2	2	1.5632	2	0.7816	0.7816	False	0.6	3.48
10	21185941	A	C	NEBL	Silent	116	71	187	0.37967914438502676	4	2	2	2.025	2	1.0125	1.0	True	0.6	3.48
10	24762289	C	T	KIAA1217	Missense_Mutation	47	11	58	0.1896551724137931	3	2	1	0.8218	1	0.8218	0.8218	False	0.6	3.48
10	24884668	G	A	ARHGAP21	Silent	37	4	41	0.0975609756097561	3	2	1	0.4228	1	0.4228	0.4228	False	0.6	3.48
10	26241046	C	T	MYO3A	Missense_Mutation	22	18	40	0.45	3	2	1	1.95	2	0.975	0.975	True	0.6	3.48
10	26455066	G	A	MYO3A	Missense_Mutation	184	34	218	0.1559633027522936	3	2	1	0.6758	1	0.6758	0.6758	False	0.6	3.48
10	26500877	C	T	MYO3A	Silent	17	7	24	0.2916666666666667	3	2	1	1.2639	1	1.2639	1.0	True	0.6	3.48
10	27425278	G	A	YME1L1	Missense_Mutation	34	20	54	0.37037037037037035	3	2	1	1.6049	2	0.8025	0.8025	False	0.6	3.48
10	27536471	C	T	RP11-85G18.6	Intron	19	4	23	0.17391304347826086	3	2	1	0.7536	1	0.7536	0.7536	False	0.6	3.48
10	27536472	C	T	RP11-85G18.6	Intron	19	4	23	0.17391304347826086	3	2	1	0.7536	1	0.7536	0.7536	False	0.6	3.48
10	28023641	C	T	MKX	Silent	78	16	94	0.1702127659574468	3	2	1	0.7376	1	0.7376	0.7376	False	0.6	3.48
10	28024185	C	T	MKX	Missense_Mutation	68	30	98	0.30612244897959184	3	2	1	1.3265	1	1.3265	1.0	True	0.6	3.48
10	28101521	C	T	ARMC4	Missense_Mutation	92	15	107	0.14018691588785046	3	2	1	0.6075	1	0.6075	0.6075	False	0.6	3.48
10	28223958	C	T	ARMC4	Missense_Mutation	58	45	103	0.4368932038834951	3	2	1	1.8932	2	0.9466	0.9466	True	0.6	3.48
10	28224106	C	T	ARMC4	Silent	49	36	85	0.4235294117647059	3	2	1	1.8353	2	0.9176	0.9176	True	0.6	3.48
10	28224174	C	T	ARMC4	Missense_Mutation	59	15	74	0.20270270270270271	3	2	1	0.8784	1	0.8784	0.8784	True	0.6	3.48
10	28233286	G	A	ARMC4	Silent	41	13	54	0.24074074074074073	3	2	1	1.0432	1	1.0432	1.0	True	0.6	3.48
10	28233336	C	T	ARMC4	Missense_Mutation	30	13	43	0.3023255813953488	3	2	1	1.3101	1	1.3101	1.0	True	0.6	3.48
10	28273212	T	C	ARMC4	Missense_Mutation	77	29	106	0.27358490566037735	3	2	1	1.1855	1	1.1855	1.0	True	0.6	3.48
10	28378648	G	A	MPP7	Missense_Mutation	65	66	131	0.5038167938931297	3	2	1	2.1832	2	1.0916	1.0	True	0.6	3.48
10	28409531	C	T	MPP7	Missense_Mutation	19	14	33	0.42424242424242425	3	2	1	1.8384	2	0.9192	0.9192	True	0.6	3.48
10	30315537	C	T	KIAA1462	Silent	147	49	196	0.25	3	2	1	1.0833	1	1.0833	1.0	True	0.6	3.48
10	30336690	C	T	KIAA1462	Missense_Mutation	43	35	78	0.44871794871794873	3	2	1	1.9444	2	0.9722	0.9722	True	0.6	3.48
10	30747036	C	T	MAP3K8	Silent	40	37	77	0.4805194805194805	3	2	1	2.0823	2	1.0411	1.0	True	0.6	3.48
10	31809938	C	T	ZEB1	Missense_Mutation	45	13	58	0.22413793103448276	3	2	1	0.9713	1	0.9713	0.9713	True	0.6	3.48
10	32742280	C	T	CCDC7	Silent	48	32	80	0.4	3	2	1	1.7333	2	0.8667	0.8667	True	0.6	3.48
10	34606123	C	T	PARD3	Missense_Mutation	33	10	43	0.23255813953488372	3	2	1	1.0078	1	1.0078	1.0	True	0.6	3.48
10	34636950	C	T	PARD3	Missense_Mutation	39	13	52	0.25	3	2	1	1.0833	1	1.0833	1.0	True	0.6	3.48
10	34649112	C	T	PARD3	Missense_Mutation	61	20	81	0.24691358024691357	3	2	1	1.07	1	1.07	1.0	True	0.6	3.48
10	35324198	G	A	CUL2	Missense_Mutation	20	9	29	0.3103448275862069	3	2	1	1.3448	1	1.3448	1.0	True	0.6	3.48
10	37438607	G	A	ANKRD30A	Silent	36	25	61	0.4098360655737705	3	2	1	1.776	2	0.888	0.888	True	0.6	3.48
10	37442579	G	A	ANKRD30A	Missense_Mutation	191	13	204	0.06372549019607843	3	2	1	0.2761	1	0.2761	0.2761	False	0.6	3.48
10	37508087	C	T	ANKRD30A	Silent	139	41	180	0.22777777777777777	3	2	1	0.987	1	0.987	0.987	True	0.6	3.48
10	38407308	C	T	ZNF37A	Missense_Mutation	16	11	27	0.4074074074074074	3	2	1	1.7654	2	0.8827	0.8827	True	0.6	3.48
10	43016349	G	A	ZNF37BP	RNA	20	20	40	0.5	3	2	1	2.1667	2	1.0833	1.0	True	0.6	3.48
10	43691949	C	T	RASGEF1A	Missense_Mutation	98	31	129	0.24031007751937986	3	2	1	1.0413	1	1.0413	1.0	True	0.6	3.48
10	45642860	G	A	RP11-445N18.7	RNA	15	3	18	0.16666666666666666	3	2	1	0.7222	1	0.7222	0.7222	False	0.6	3.48
10	46611721	G	A	PTPN20A	Missense_Mutation	7	11	18	0.6111111111111112	3	2	1	2.6481	2	1.3241	1.0	True	0.6	3.48
10	48390014	G	A	RBP3	Silent	26	5	31	0.16129032258064516	3	2	1	0.6989	1	0.6989	0.6989	False	0.6	3.48
10	48416410	C	T	GDF2	Missense_Mutation	38	34	72	0.4722222222222222	3	2	1	2.0463	2	1.0231	1.0	True	0.6	3.48
10	48429138	C	T	GDF10	Missense_Mutation	14	8	22	0.36363636363636365	3	2	1	1.5758	2	0.7879	0.7879	False	0.6	3.48
10	48429221	G	A	GDF10	Missense_Mutation	21	6	27	0.2222222222222222	3	2	1	0.963	1	0.963	0.963	True	0.6	3.48
10	49440233	C	T	FRMPD2	Missense_Mutation	38	35	73	0.4794520547945205	3	2	1	2.0776	2	1.0388	1.0	True	0.6	3.48
10	50531454	G	A	C10orf71	Silent	9	15	24	0.625	3	2	1	2.7083	2	1.3542	1.0	True	0.6	3.48
10	50690779	G	A	ERCC6	Missense_Mutation	37	33	70	0.4714285714285714	3	2	1	2.0429	2	1.0214	1.0	True	0.6	3.48
10	50873084	C	A	CHAT	Missense_Mutation	63	14	77	0.18181818181818182	3	2	1	0.7879	1	0.7879	0.7879	False	0.6	3.48
10	50948771	C	T	OGDHL	Missense_Mutation	27	8	35	0.22857142857142856	3	2	1	0.9905	1	0.9905	0.9905	True	0.6	3.48
10	50964927	G	A	OGDHL	Silent	44	37	81	0.4567901234567901	3	2	1	1.9794	2	0.9897	0.9897	True	0.6	3.48
10	51465404	G	A	AGAP7	Missense_Mutation	170	43	213	0.20187793427230047	3	2	1	0.8748	1	0.8748	0.8748	True	0.6	3.48
10	51994257	C	T	ASAH2	Missense_Mutation	18	15	33	0.45454545454545453	3	2	1	1.9697	2	0.9848	0.9848	True	0.6	3.48
10	52071083	C	T	SGMS1	Silent	35	11	46	0.2391304347826087	3	2	1	1.0362	1	1.0362	1.0	True	0.6	3.48
10	52103973	C	T	SGMS1	5'UTR	18	5	23	0.21739130434782608	3	2	1	0.942	1	0.942	0.942	True	0.6	3.48
10	54041916	G	A	PRKG1	Missense_Mutation	24	22	46	0.4782608695652174	3	2	1	2.0725	2	1.0362	1.0	True	0.6	3.48
10	55600225	G	A	PCDH15	Missense_Mutation	37	9	46	0.1956521739130435	3	2	1	0.8478	1	0.8478	0.8478	False	0.6	3.48
10	61833636	C	T	ANK3	Missense_Mutation	94	31	125	0.248	3	2	1	1.0747	1	1.0747	1.0	True	0.6	3.48
10	61959912	C	T	ANK3	Missense_Mutation	35	16	51	0.3137254901960784	3	2	1	1.3595	1	1.3595	1.0	True	0.6	3.48
10	61959913	C	T	ANK3	Missense_Mutation	35	16	51	0.3137254901960784	3	2	1	1.3595	1	1.3595	1.0	True	0.6	3.48
10	62648613	G	A	RHOBTB1	Silent	44	42	86	0.4883720930232558	3	2	1	2.1163	2	1.0581	1.0	True	0.6	3.48
10	63983057	G	A	RTKN2	Silent	104	18	122	0.14754098360655737	3	2	1	0.6393	1	0.6393	0.6393	False	0.6	3.48
10	64159307	C	T	ZNF365	Intron	69	62	131	0.4732824427480916	3	2	1	2.0509	2	1.0254	1.0	True	0.6	3.48
10	68940116	G	A	CTNNA3	Missense_Mutation	33	43	76	0.5657894736842105	3	2	1	2.4518	2	1.2259	1.0	True	0.6	3.48
10	69966578	G	A	MYPN	Silent	95	24	119	0.20168067226890757	3	2	1	0.8739	1	0.8739	0.8739	True	0.6	3.48
10	70332852	C	T	TET1	Missense_Mutation	53	11	64	0.171875	3	2	1	0.7448	1	0.7448	0.7448	False	0.6	3.48
10	70515274	C	T	CCAR1	Silent	81	44	125	0.352	3	2	1	1.5253	2	0.7627	0.7627	False	0.6	3.48
10	71681679	C	T	COL13A1	Silent	6	3	9	0.3333333333333333	3	2	1	1.4444	1	1.4444	1.0	True	0.6	3.48
10	71682509	G	A	COL13A1	Missense_Mutation	8	5	13	0.38461538461538464	3	2	1	1.6667	2	0.8333	0.8333	False	0.6	3.48
10	71880960	G	A	AIFM2	Missense_Mutation	29	8	37	0.21621621621621623	3	2	1	0.9369	1	0.9369	0.9369	True	0.6	3.48
10	72358730	G	A	PRF1	Silent	31	31	62	0.5	3	2	1	2.1667	2	1.0833	1.0	True	0.6	3.48
10	73405631	C	T	CDH23	Missense_Mutation	16	20	36	0.5555555555555556	3	2	1	2.4074	2	1.2037	1.0	True	0.6	3.48
10	73533131	G	C	C10orf54	Missense_Mutation	9	4	13	0.3076923076923077	3	2	1	1.3333	1	1.3333	1.0	True	0.6	3.48
10	73587852	C	T	PSAP	Silent	48	52	100	0.52	3	2	1	2.2533	2	1.1267	1.0	True	0.6	3.48
10	74806829	G	A	P4HA1	Missense_Mutation	26	19	45	0.4222222222222222	3	2	1	1.8296	2	0.9148	0.9148	True	0.6	3.48
10	75399790	C	T	MYOZ1	5'UTR	43	17	60	0.2833333333333333	3	2	1	1.2278	1	1.2278	1.0	True	0.6	3.48
10	75960589	C	T	ADK	Missense_Mutation	27	6	33	0.18181818181818182	3	2	1	0.7879	1	0.7879	0.7879	False	0.6	3.48
10	75960590	T	G	ADK	Missense_Mutation	27	6	33	0.18181818181818182	3	2	1	0.7879	1	0.7879	0.7879	False	0.6	3.48
10	76158226	T	C	ADK	Intron	38	10	48	0.20833333333333334	3	2	1	0.9028	1	0.9028	0.9028	True	0.6	3.48
10	76797602	C	T	DUPD1	Missense_Mutation	51	48	99	0.48484848484848486	3	2	1	2.101	2	1.0505	1.0	True	0.6	3.48
10	76857511	G	A	DUSP13	Silent	38	7	45	0.15555555555555556	3	2	1	0.6741	1	0.6741	0.6741	False	0.6	3.48
10	82185750	C	T	FAM213A	Silent	75	18	93	0.1935483870967742	3	2	1	0.8387	1	0.8387	0.8387	False	0.6	3.48
10	83635816	C	T	NRG3	Silent	5	11	16	0.6875	3	2	1	2.9792	2	1.4896	1.0	True	0.6	3.48
10	86131045	C	T	CCSER2	Silent	23	10	33	0.30303030303030304	3	2	1	1.3131	1	1.3131	1.0	True	0.6	3.48
10	90582746	C	T	ANKRD22	Silent	61	52	113	0.46017699115044247	3	2	1	1.9941	2	0.9971	0.9971	True	0.6	3.48
10	91162436	G	A	IFIT1	Missense_Mutation	54	11	65	0.16923076923076924	3	2	1	0.7333	1	0.7333	0.7333	False	0.6	3.48
10	93770907	G	A	BTAF1	Missense_Mutation	38	9	47	0.19148936170212766	3	2	1	0.8298	1	0.8298	0.8298	False	0.6	3.48
10	94715422	C	T	EXOC6	Missense_Mutation	110	86	196	0.4387755102040816	3	2	1	1.9014	2	0.9507	0.9507	True	0.6	3.48
10	94733941	C	T	EXOC6	Silent	381	91	472	0.19279661016949154	3	2	1	0.8355	1	0.8355	0.8355	False	0.6	3.48
10	95076571	C	T	MYOF	Splice_Site	32	11	43	0.2558139534883721	3	2	1	1.1085	1	1.1085	1.0	True	0.6	3.48
10	95191274	C	T	MYOF	Splice_Site	25	10	35	0.2857142857142857	3	2	1	1.2381	1	1.2381	1.0	True	0.6	3.48
10	95335855	C	T	FFAR4	Missense_Mutation	51	39	90	0.43333333333333335	3	2	1	1.8778	2	0.9389	0.9389	True	0.6	3.48
10	95372708	C	T	PDE6C	Missense_Mutation	33	6	39	0.15384615384615385	3	2	1	0.6667	1	0.6667	0.6667	False	0.6	3.48
10	95372709	C	T	PDE6C	Missense_Mutation	34	6	40	0.15	3	2	1	0.65	1	0.65	0.65	False	0.6	3.48
10	95400746	G	A	PDE6C	Missense_Mutation	28	26	54	0.48148148148148145	3	2	1	2.0864	2	1.0432	1.0	True	0.6	3.48
10	95721216	A	C	PIPSL	RNA	59	12	71	0.16901408450704225	3	2	1	0.7324	1	0.7324	0.7324	False	0.6	3.48
10	96443493	G	A	CYP2C18	5'UTR	20	13	33	0.3939393939393939	3	2	1	1.7071	2	0.8535	0.8535	True	0.6	3.48
10	96448013	G	A	CYP2C18	Missense_Mutation	101	25	126	0.1984126984126984	3	2	1	0.8598	1	0.8598	0.8598	True	0.6	3.48
10	96448017	T	G	CYP2C18	Missense_Mutation	97	23	120	0.19166666666666668	3	2	1	0.8306	1	0.8306	0.8306	False	0.6	3.48
10	96484201	G	A	CYP2C18	Missense_Mutation	55	68	123	0.5528455284552846	3	2	1	2.3957	2	1.1978	1.0	True	0.6	3.48
10	96535268	C	T	CYP2C19	Silent	85	68	153	0.4444444444444444	3	2	1	1.9259	2	0.963	0.963	True	0.6	3.48
10	96829221	C	T	CYP2C8	5'UTR	18	18	36	0.5	3	2	1	2.1667	2	1.0833	1.0	True	0.6	3.48
10	96967153	G	A	C10orf129	Missense_Mutation	33	24	57	0.42105263157894735	3	2	1	1.8246	2	0.9123	0.9123	True	0.6	3.48
10	97599452	G	A	ENTPD1	Missense_Mutation	100	59	159	0.3710691823899371	3	2	1	1.608	2	0.804	0.804	False	0.6	3.48
10	97983604	G	A	BLNK	Missense_Mutation	89	17	106	0.16037735849056603	3	2	1	0.695	1	0.695	0.695	False	0.6	3.48
10	98146728	C	T	TLL2	Missense_Mutation	67	54	121	0.4462809917355372	3	2	1	1.9339	2	0.9669	0.9669	True	0.6	3.48
10	98325103	G	A	TM9SF3	Missense_Mutation	142	39	181	0.2154696132596685	3	2	1	0.9337	1	0.9337	0.9337	True	0.6	3.48
10	98743264	C	T	C10orf12	Missense_Mutation	43	34	77	0.44155844155844154	3	2	1	1.9134	2	0.9567	0.9567	True	0.6	3.48
10	98807584	C	T	SLIT1	Silent	22	11	33	0.3333333333333333	3	2	1	1.4444	1	1.4444	1.0	True	0.6	3.48
10	98819885	G	A	SLIT1	Silent	33	26	59	0.4406779661016949	3	2	1	1.9096	2	0.9548	0.9548	True	0.6	3.48
10	99052382	C	A	ARHGAP19	Translation_Start_Site	40	8	48	0.16666666666666666	3	2	1	0.7222	1	0.7222	0.7222	False	0.6	3.48
10	100249824	A	G	HPSE2	Missense_Mutation	131	31	162	0.19135802469135801	3	2	1	0.8292	1	0.8292	0.8292	False	0.6	3.48
10	100249933	G	A	HPSE2	Silent	47	36	83	0.43373493975903615	3	2	1	1.8795	2	0.9398	0.9398	True	0.6	3.48
10	102048186	G	A	PKD2L1	Silent	82	52	134	0.3880597014925373	3	2	1	1.6816	2	0.8408	0.8408	False	0.6	3.48
10	102267248	G	A	SEC31B	Missense_Mutation	71	17	88	0.19318181818181818	3	2	1	0.8371	1	0.8371	0.8371	False	0.6	3.48
10	102689755	G	A	FAM178A	Splice_Site	27	9	36	0.25	3	2	1	1.0833	1	1.0833	1.0	True	0.6	3.48
10	102739941	C	T	SEMA4G	Silent	30	10	40	0.25	3	2	1	1.0833	1	1.0833	1.0	True	0.6	3.48
10	102740680	C	T	SEMA4G	Silent	67	63	130	0.4846153846153846	3	2	1	2.1	2	1.05	1.0	True	0.6	3.48
10	102748999	G	A	C10orf2	Silent	43	15	58	0.25862068965517243	3	2	1	1.1207	1	1.1207	1.0	True	0.6	3.48
10	103339296	C	T	POLL	Missense_Mutation	45	15	60	0.25	3	2	1	1.0833	1	1.0833	1.0	True	0.6	3.48
10	104125239	C	T	GBF1	Missense_Mutation	52	12	64	0.1875	3	2	1	0.8125	1	0.8125	0.8125	False	0.6	3.48
10	104165244	G	A	PSD	Missense_Mutation	52	12	64	0.1875	3	2	1	0.8125	1	0.8125	0.8125	False	0.6	3.48
10	104173563	C	T	PSD	Missense_Mutation	27	22	49	0.4489795918367347	3	2	1	1.9456	2	0.9728	0.9728	True	0.6	3.48
10	104248026	G	A	ACTR1A	Nonsense_Mutation	56	10	66	0.15151515151515152	3	2	1	0.6566	1	0.6566	0.6566	False	0.6	3.48
10	104248027	G	A	ACTR1A	Silent	56	10	66	0.15151515151515152	3	2	1	0.6566	1	0.6566	0.6566	False	0.6	3.48
10	104262445	C	T	ACTR1A	5'UTR	9	9	18	0.5	3	2	1	2.1667	2	1.0833	1.0	True	0.6	3.48
10	105386875	G	A	SH3PXD2A	Missense_Mutation	48	38	86	0.4418604651162791	3	2	1	1.9147	2	0.9574	0.9574	True	0.6	3.48
10	105794047	C	T	COL17A1	Missense_Mutation	8	3	11	0.2727272727272727	3	2	1	1.1818	1	1.1818	1.0	True	0.6	3.48
10	106152114	G	A	CCDC147	Missense_Mutation	60	49	109	0.44954128440366975	3	2	1	1.948	2	0.974	0.974	True	0.6	3.48
10	106160609	C	T	CCDC147	Missense_Mutation	48	18	66	0.2727272727272727	3	2	1	1.1818	1	1.1818	1.0	True	0.6	3.48
10	106214279	G	A	CCDC147	Missense_Mutation	62	19	81	0.2345679012345679	3	2	1	1.0165	1	1.0165	1.0	True	0.6	3.48
10	115481443	C	T	CASP7	Missense_Mutation	80	19	99	0.1919191919191919	3	2	1	0.8316	1	0.8316	0.8316	False	0.6	3.48
10	115895958	G	A	C10orf118	Silent	57	12	69	0.17391304347826086	3	2	1	0.7536	1	0.7536	0.7536	False	0.6	3.48
10	116048899	G	A	VWA2	Silent	25	4	29	0.13793103448275862	3	2	1	0.5977	1	0.5977	0.5977	False	0.6	3.48
10	116417999	G	A	ABLIM1	5'UTR	73	19	92	0.20652173913043478	3	2	1	0.8949	1	0.8949	0.8949	True	0.6	3.48
10	116620595	C	T	FAM160B1	Missense_Mutation	134	32	166	0.1927710843373494	3	2	1	0.8353	1	0.8353	0.8353	False	0.6	3.48
10	118969163	C	T	KCNK18	Missense_Mutation	70	59	129	0.4573643410852713	3	2	1	1.9819	2	0.991	0.991	True	0.6	3.48
10	119044086	G	A	PDZD8	Missense_Mutation	49	16	65	0.24615384615384617	3	2	1	1.0667	1	1.0667	1.0	True	0.6	3.48
10	122263337	G	A	PPAPDC1A	Missense_Mutation	27	7	34	0.20588235294117646	3	2	1	0.8922	1	0.8922	0.8922	True	0.6	3.48
10	123847306	T	C	TACC2	Missense_Mutation	5	14	19	0.7368421052631579	3	2	1	3.193	2	1.5965	1.0	True	0.6	3.48
10	124008235	G	A	TACC2	Missense_Mutation	82	69	151	0.45695364238410596	3	2	1	1.9801	2	0.9901	0.9901	True	0.6	3.48
10	124050611	G	A	BTBD16	Silent	98	32	130	0.24615384615384617	3	2	1	1.0667	1	1.0667	1.0	True	0.6	3.48
10	124339103	C	T	DMBT1	Missense_Mutation	315	86	401	0.2144638403990025	3	2	1	0.9293	1	0.9293	0.9293	True	0.6	3.48
10	124339268	G	A	DMBT1	Missense_Mutation	192	58	250	0.232	3	2	1	1.0053	1	1.0053	1.0	True	0.6	3.48
10	124351993	C	T	DMBT1	Silent	98	78	176	0.4431818181818182	3	2	1	1.9205	2	0.9602	0.9602	True	0.6	3.48
10	124399865	C	T	DMBT1	Missense_Mutation	49	12	61	0.19672131147540983	3	2	1	0.8525	1	0.8525	0.8525	True	0.6	3.48
10	124457272	T	C	C10orf120	Missense_Mutation	43	35	78	0.44871794871794873	3	2	1	1.9444	2	0.9722	0.9722	True	0.6	3.48
10	124907786	C	T	HMX2	5'UTR	13	5	18	0.2777777777777778	3	2	1	1.2037	1	1.2037	1.0	True	0.6	3.48
10	127737933	G	A	ADAM12	Silent	82	23	105	0.21904761904761905	3	2	1	0.9492	1	0.9492	0.9492	True	0.6	3.48
10	128788767	C	T	DOCK1	Missense_Mutation	10	11	21	0.5238095238095238	3	2	1	2.2698	2	1.1349	1.0	True	0.6	3.48
10	131565116	G	A	MGMT	Missense_Mutation	24	7	31	0.22580645161290322	3	2	1	0.9785	1	0.9785	0.9785	True	0.6	3.48
10	134754509	C	T	TTC40	Missense_Mutation	25	20	45	0.4444444444444444	3	2	1	1.9259	2	0.963	0.963	True	0.6	3.48
10	135160843	G	A	PRAP1	5'UTR	6	3	9	0.3333333333333333	3	2	1	1.4444	1	1.4444	1.0	True	0.6	3.48
11	193726	G	A	SCGB1C1	Missense_Mutation	46	19	65	0.2923076923076923	2	1	1	0.9744	1	0.9744	0.9744	True	0.6	3.48
11	533352	G	A	HRAS	Intron	27	12	39	0.3076923076923077	4	2	2	1.641	2	0.8205	0.8205	False	0.6	3.48
11	607720	C	T	PHRF1	Missense_Mutation	18	9	27	0.3333333333333333	4	2	2	1.7778	2	0.8889	0.8889	True	0.6	3.48
11	1093781	C	T	MUC2	Missense_Mutation	205	57	262	0.21755725190839695	4	2	2	1.1603	1	1.1603	1.0	True	0.6	3.48
11	1213482	G	A	MUC5AC	RNA	382	37	419	0.0883054892601432	4	2	2	0.471	1	0.471	0.471	False	0.6	3.48
11	1651372	C	T	KRTAP5-5	Missense_Mutation	120	89	209	0.4258373205741627	4	2	2	2.2711	2	1.1356	1.0	True	0.6	3.48
11	1950358	G	A	TNNT3	Missense_Mutation	79	46	125	0.368	4	2	2	1.9627	2	0.9813	0.9813	True	0.6	3.48
11	2869239	G	A	KCNQ1	3'UTR	65	38	103	0.36893203883495146	4	2	2	1.9676	2	0.9838	0.9838	True	0.6	3.48
11	3062193	C	T	CARS	Missense_Mutation	59	19	78	0.24358974358974358	4	2	2	1.2991	1	1.2991	1.0	True	0.6	3.48
11	3380722	A	C	ZNF195	Missense_Mutation	110	58	168	0.34523809523809523	4	2	2	1.8413	2	0.9206	0.9206	True	0.6	3.48
11	4389234	G	A	OR52B4	Missense_Mutation	53	12	65	0.18461538461538463	4	2	2	0.9846	1	0.9846	0.9846	True	0.6	3.48
11	4615877	T	A	OR52I1	Missense_Mutation	206	33	239	0.13807531380753138	4	2	2	0.7364	1	0.7364	0.7364	False	0.6	3.48
11	4661336	G	A	OR51D1	Missense_Mutation	34	19	53	0.3584905660377358	4	2	2	1.9119	2	0.956	0.956	True	0.6	3.48
11	4674057	C	T	OR51E1	Silent	39	22	61	0.36065573770491804	4	2	2	1.9235	2	0.9617	0.9617	True	0.6	3.48
11	4870198	A	T	OR51S1	Missense_Mutation	72	41	113	0.36283185840707965	4	2	2	1.9351	2	0.9676	0.9676	True	0.6	3.48
11	4903607	C	T	OR51T1	Missense_Mutation	141	26	167	0.15568862275449102	4	2	2	0.8303	1	0.8303	0.8303	False	0.6	3.48
11	5020453	C	T	OR51L1	Missense_Mutation	104	25	129	0.1937984496124031	4	2	2	1.0336	1	1.0336	1.0	True	0.6	3.48
11	5153532	G	A	OR52A5	Missense_Mutation	23	14	37	0.3783783783783784	4	2	2	2.018	2	1.009	1.0	True	0.6	3.48
11	5290736	T	C	HBE1	Missense_Mutation	78	53	131	0.40458015267175573	4	2	2	2.1578	2	1.0789	1.0	True	0.6	3.48
11	5364678	G	A	OR51B5	Missense_Mutation	40	20	60	0.3333333333333333	4	2	2	1.7778	2	0.8889	0.8889	True	0.6	3.48
11	5364700	C	T	OR51B5	Missense_Mutation	35	22	57	0.38596491228070173	4	2	2	2.0585	2	1.0292	1.0	True	0.6	3.48
11	5364701	C	T	OR51B5	Silent	35	22	57	0.38596491228070173	4	2	2	2.0585	2	1.0292	1.0	True	0.6	3.48
11	5462089	G	A	OR51I1	Missense_Mutation	16	13	29	0.4482758620689655	4	2	2	2.3908	2	1.1954	1.0	True	0.6	3.48
11	5462353	G	A	OR51I1	Missense_Mutation	54	28	82	0.34146341463414637	4	2	2	1.8211	2	0.9106	0.9106	True	0.6	3.48
11	5474883	C	T	OR51I2	Silent	62	38	100	0.38	4	2	2	2.0267	2	1.0133	1.0	True	0.6	3.48
11	5474973	C	T	OR51I2	Silent	132	32	164	0.1951219512195122	4	2	2	1.0407	1	1.0407	1.0	True	0.6	3.48
11	5475610	G	A	OR51I2	Missense_Mutation	123	61	184	0.33152173913043476	4	2	2	1.7681	2	0.8841	0.8841	True	0.6	3.48
11	5537589	G	A	UBQLNL	Missense_Mutation	73	40	113	0.35398230088495575	4	2	2	1.8879	2	0.944	0.944	True	0.6	3.48
11	5841972	C	T	OR52N2	Missense_Mutation	47	35	82	0.4268292682926829	4	2	2	2.2764	2	1.1382	1.0	True	0.6	3.48
11	5968909	C	T	OR56A3	Silent	99	60	159	0.37735849056603776	4	2	2	2.0126	2	1.0063	1.0	True	0.6	3.48
11	6023726	G	A	OR56A4	Missense_Mutation	16	19	35	0.5428571428571428	4	2	2	2.8952	2	1.4476	1.0	True	0.6	3.48
11	6129062	C	T	OR56B4	Silent	55	27	82	0.32926829268292684	4	2	2	1.7561	2	0.878	0.878	True	0.6	3.48
11	6190816	G	A	OR52B2	Silent	49	30	79	0.379746835443038	4	2	2	2.0253	2	1.0127	1.0	True	0.6	3.48
11	6191050	G	A	OR52B2	Silent	40	15	55	0.2727272727272727	4	2	2	1.4545	1	1.4545	1.0	True	0.6	3.48
11	6462171	G	A	HPX	Missense_Mutation	15	4	19	0.21052631578947367	4	2	2	1.1228	1	1.1228	1.0	True	0.6	3.48
11	6651133	G	A	DCHS1	Missense_Mutation	45	9	54	0.16666666666666666	4	2	2	0.8889	1	0.8889	0.8889	True	0.6	3.48
11	6655412	G	A	DCHS1	Silent	74	35	109	0.3211009174311927	4	2	2	1.7125	2	0.8563	0.8563	True	0.6	3.48
11	6912877	G	A	OR2D2	Silent	47	30	77	0.38961038961038963	4	2	2	2.0779	2	1.039	1.0	True	0.6	3.48
11	6977310	C	T	ZNF215	Nonsense_Mutation	49	12	61	0.19672131147540983	4	2	2	1.0492	1	1.0492	1.0	True	0.6	3.48
11	7022720	G	A	ZNF214	Missense_Mutation	148	31	179	0.17318435754189945	4	2	2	0.9236	1	0.9236	0.9236	True	0.6	3.48
11	7059824	G	A	NLRP14	Missense_Mutation	75	36	111	0.32432432432432434	4	2	2	1.7297	2	0.8649	0.8649	True	0.6	3.48
11	7070991	G	A	NLRP14	Missense_Mutation	109	50	159	0.31446540880503143	4	2	2	1.6771	2	0.8386	0.8386	False	0.6	3.48
11	7530740	T	A	OLFML1	Nonsense_Mutation	62	33	95	0.3473684210526316	4	2	2	1.8526	2	0.9263	0.9263	True	0.6	3.48
11	7817686	C	T	OR5P2	Silent	60	21	81	0.25925925925925924	4	2	2	1.3827	1	1.3827	1.0	True	0.6	3.48
11	7846917	G	A	OR5P3	Silent	37	21	58	0.3620689655172414	4	2	2	1.931	2	0.9655	0.9655	True	0.6	3.48
11	7981544	G	A	NLRP10	Missense_Mutation	52	17	69	0.2463768115942029	4	2	2	1.314	1	1.314	1.0	True	0.6	3.48
11	7981739	G	A	NLRP10	Missense_Mutation	81	55	136	0.40441176470588236	4	2	2	2.1569	2	1.0784	1.0	True	0.6	3.48
11	7981952	C	T	NLRP10	Missense_Mutation	54	25	79	0.31645569620253167	4	2	2	1.6878	2	0.8439	0.8439	False	0.6	3.48
11	8486369	C	T	STK33	Missense_Mutation	34	30	64	0.46875	4	2	2	2.5	2	1.25	1.0	True	0.6	3.48
11	10585563	C	T	LYVE1	Silent	28	29	57	0.5087719298245614	4	2	2	2.7135	2	1.3567	1.0	True	0.6	3.48
11	10773005	G	T	CTR9	Splice_Site	18	15	33	0.45454545454545453	4	2	2	2.4242	2	1.2121	1.0	True	0.6	3.48
11	11986121	C	T	DKK3	Missense_Mutation	51	46	97	0.4742268041237113	4	2	2	2.5292	2	1.2646	1.0	True	0.6	3.48
11	12270770	C	T	MICAL2	Missense_Mutation	26	22	48	0.4583333333333333	4	2	2	2.4444	2	1.2222	1.0	True	0.6	3.48
11	12901314	C	T	TEAD1	Silent	57	34	91	0.37362637362637363	4	2	2	1.9927	2	0.9963	0.9963	True	0.6	3.48
11	13407317	T	C	ARNTL	Missense_Mutation	55	27	82	0.32926829268292684	4	2	2	1.7561	2	0.878	0.878	True	0.6	3.48
11	15170714	G	A	INSC	Silent	46	9	55	0.16363636363636364	3	2	1	0.7091	1	0.7091	0.7091	False	0.6	3.48
11	16760249	G	T	C11orf58	5'UTR	23	13	36	0.3611111111111111	3	2	1	1.5648	2	0.7824	0.7824	False	0.6	3.48
11	16838383	C	T	PLEKHA7	Silent	39	7	46	0.15217391304347827	3	2	1	0.6594	1	0.6594	0.6594	False	0.6	3.48
11	16838578	G	A	PLEKHA7	Silent	28	25	53	0.4716981132075472	3	2	1	2.044	2	1.022	1.0	True	0.6	3.48
11	17452338	C	T	ABCC8	Intron	181	93	274	0.33941605839416056	3	2	1	1.4708	1	1.4708	1.0	True	0.6	3.48
11	17452339	C	T	ABCC8	Intron	183	96	279	0.34408602150537637	3	2	1	1.491	1	1.491	1.0	True	0.6	3.48
11	18739491	C	T	IGSF22	Silent	77	15	92	0.16304347826086957	3	2	1	0.7065	1	0.7065	0.7065	False	0.6	3.48
11	18754142	G	A	PTPN5	Silent	132	28	160	0.175	3	2	1	0.7583	1	0.7583	0.7583	False	0.6	3.48
11	18754872	G	A	PTPN5	Silent	63	28	91	0.3076923076923077	3	2	1	1.3333	1	1.3333	1.0	True	0.6	3.48
11	20424497	C	T	PRMT3	Silent	99	24	123	0.1951219512195122	3	2	1	0.8455	1	0.8455	0.8455	False	0.6	3.48
11	20649547	C	T	SLC6A5	Nonsense_Mutation	53	9	62	0.14516129032258066	3	2	1	0.629	1	0.629	0.629	False	0.6	3.48
11	20673986	C	T	SLC6A5	Missense_Mutation	78	42	120	0.35	3	2	1	1.5167	2	0.7583	0.7583	False	0.6	3.48
11	22248924	T	G	ANO5	Missense_Mutation	62	14	76	0.18421052631578946	3	2	1	0.7982	1	0.7982	0.7982	False	0.6	3.48
11	24753697	G	A	LUZP2	Missense_Mutation	19	6	25	0.24	3	2	1	1.04	1	1.04	1.0	True	0.6	3.48
11	26582726	C	T	MUC15	Silent	24	18	42	0.42857142857142855	3	2	1	1.8571	2	0.9286	0.9286	True	0.6	3.48
11	26582728	C	T	MUC15	Missense_Mutation	32	9	41	0.21951219512195122	3	2	1	0.9512	1	0.9512	0.9512	True	0.6	3.48
11	26734223	G	A	SLC5A12	Missense_Mutation	138	102	240	0.425	3	2	1	1.8417	2	0.9208	0.9208	True	0.6	3.48
11	32456300	T	A	WT1	Missense_Mutation	20	8	28	0.2857142857142857	3	2	1	1.2381	1	1.2381	1.0	True	0.6	3.48
11	32460385	G	A	WT1	5'Flank	11	13	24	0.5416666666666666	3	2	1	2.3472	2	1.1736	1.0	True	0.6	3.48
11	33886333	G	A	LMO2	Silent	49	19	68	0.27941176470588236	3	2	1	1.2108	1	1.2108	1.0	True	0.6	3.48
11	34112119	C	T	CAPRIN1	Missense_Mutation	39	12	51	0.23529411764705882	3	2	1	1.0196	1	1.0196	1.0	True	0.6	3.48
11	34149087	C	T	NAT10	Silent	104	23	127	0.18110236220472442	3	2	1	0.7848	1	0.7848	0.7848	False	0.6	3.48
11	34161016	G	A	NAT10	Missense_Mutation	119	32	151	0.2119205298013245	3	2	1	0.9183	1	0.9183	0.9183	True	0.6	3.48
11	34470872	A	T	CAT	Missense_Mutation	70	31	101	0.3069306930693069	3	2	1	1.33	1	1.33	1.0	True	0.6	3.48
11	34470873	G	A	CAT	Silent	69	32	101	0.31683168316831684	3	2	1	1.3729	1	1.3729	1.0	True	0.6	3.48
11	35198190	C	T	CD44	Missense_Mutation	29	9	38	0.23684210526315788	3	2	1	1.0263	1	1.0263	1.0	True	0.6	3.48
11	36514136	G	A	TRAF6	Missense_Mutation	109	20	129	0.15503875968992248	3	2	1	0.6718	1	0.6718	0.6718	False	0.6	3.48
11	40136877	C	T	LRRC4C	Silent	16	17	33	0.5151515151515151	2	2	0	1.7172	2	0.8586	0.8586	True	0.6	3.48
11	45117337	G	A	PRDM11	5'UTR	8	27	35	0.7714285714285715	2	2	0	2.5714	2	1.2857	1.0	True	0.6	3.48
11	46341910	G	A	CREB3L1	Missense_Mutation	12	5	17	0.29411764705882354	2	2	0	0.9804	1	0.9804	0.9804	True	0.6	3.48
11	48149502	C	T	PTPRJ	Missense_Mutation	61	35	96	0.3645833333333333	3	2	1	1.5799	2	0.7899	0.7899	False	0.6	3.48
11	49598204	C	T	RP11-707M1.1	RNA	16	13	29	0.4482758620689655	3	2	1	1.9425	2	0.9713	0.9713	True	0.6	3.48
11	49974126	C	T	OR4C13	Missense_Mutation	164	53	217	0.24423963133640553	3	2	1	1.0584	1	1.0584	1.0	True	0.6	3.48
11	50003782	C	T	OR4C12	Missense_Mutation	66	43	109	0.3944954128440367	3	2	1	1.7095	2	0.8547	0.8547	True	0.6	3.48
11	55135551	G	A	OR4A15	Missense_Mutation	33	27	60	0.45	3	2	1	1.95	2	0.975	0.975	True	0.6	3.48
11	55340347	C	T	OR4C16	Silent	29	33	62	0.532258064516129	3	2	1	2.3065	2	1.1532	1.0	True	0.6	3.48
11	55433486	C	T	OR4C6	Missense_Mutation	43	9	52	0.17307692307692307	3	2	1	0.75	1	0.75	0.75	False	0.6	3.48
11	55563721	C	T	OR5D14	Silent	72	16	88	0.18181818181818182	3	2	1	0.7879	1	0.7879	0.7879	False	0.6	3.48
11	55606440	G	A	OR5D16	Silent	122	39	161	0.2422360248447205	3	2	1	1.0497	1	1.0497	1.0	True	0.6	3.48
11	55761697	G	A	OR5F1	Silent	29	19	48	0.3958333333333333	3	2	1	1.7153	2	0.8576	0.8576	True	0.6	3.48
11	55797987	C	T	OR5AS1	Silent	38	6	44	0.13636363636363635	3	2	1	0.5909	1	0.5909	0.5909	False	0.6	3.48
11	55798846	C	T	OR5AS1	Missense_Mutation	56	38	94	0.40425531914893614	3	2	1	1.7518	2	0.8759	0.8759	True	0.6	3.48
11	55889898	G	A	OR8H3	Missense_Mutation	59	42	101	0.4158415841584158	3	2	1	1.802	2	0.901	0.901	True	0.6	3.48
11	55890323	A	C	OR8H3	Missense_Mutation	90	63	153	0.4117647058823529	3	2	1	1.7843	2	0.8922	0.8922	True	0.6	3.48
11	56057983	G	A	OR8H1	Silent	51	10	61	0.16393442622950818	3	2	1	0.7104	1	0.7104	0.7104	False	0.6	3.48
11	56086403	G	A	OR8K3	Silent	37	15	52	0.28846153846153844	3	2	1	1.25	1	1.25	1.0	True	0.6	3.48
11	56086643	G	A	OR8K3	Silent	32	12	44	0.2727272727272727	3	2	1	1.1818	1	1.1818	1.0	True	0.6	3.48
11	56184863	G	A	OR5R1	Silent	49	38	87	0.4367816091954023	3	2	1	1.8927	2	0.9464	0.9464	True	0.6	3.48
11	56237350	G	A	OR5M3	Silent	50	46	96	0.4791666666666667	3	2	1	2.0764	2	1.0382	1.0	True	0.6	3.48
11	56310287	G	A	OR5M11	Silent	12	7	19	0.3684210526315789	3	2	1	1.5965	2	0.7982	0.7982	False	0.6	3.48
11	56409859	G	A	OR5AP2	Silent	46	10	56	0.17857142857142858	3	2	1	0.7738	1	0.7738	0.7738	False	0.6	3.48
11	56510593	G	A	OR9G4	Missense_Mutation	51	43	94	0.4574468085106383	3	2	1	1.9823	2	0.9911	0.9911	True	0.6	3.48
11	56510657	C	T	OR9G4	Missense_Mutation	36	11	47	0.23404255319148937	3	2	1	1.0142	1	1.0142	1.0	True	0.6	3.48
11	56756815	C	T	OR5AK2	Missense_Mutation	49	38	87	0.4367816091954023	3	2	1	1.8927	2	0.9464	0.9464	True	0.6	3.48
11	56756910	C	T	OR5AK2	Silent	108	90	198	0.45454545454545453	3	2	1	1.9697	2	0.9848	0.9848	True	0.6	3.48
11	56954940	G	A	LRRC55	Missense_Mutation	29	12	41	0.2926829268292683	3	2	1	1.2683	1	1.2683	1.0	True	0.6	3.48
11	57147044	C	T	PRG3	Missense_Mutation	104	31	135	0.22962962962962963	3	2	1	0.9951	1	0.9951	0.9951	True	0.6	3.48
11	57311208	G	A	SMTNL1	Missense_Mutation	7	4	11	0.36363636363636365	3	2	1	1.5758	2	0.7879	0.7879	False	0.6	3.48
11	57335133	C	T	UBE2L6	5'UTR	13	5	18	0.2777777777777778	3	2	1	1.2037	1	1.2037	1.0	True	0.6	3.48
11	58190091	G	A	OR5B2	Missense_Mutation	18	14	32	0.4375	3	2	1	1.8958	2	0.9479	0.9479	True	0.6	3.48
11	58275543	G	A	OR5B21	Silent	39	18	57	0.3157894736842105	3	2	1	1.3684	1	1.3684	1.0	True	0.6	3.48
11	58338113	G	A	LPXN	Silent	49	17	66	0.25757575757575757	3	2	1	1.1162	1	1.1162	1.0	True	0.6	3.48
11	59210722	G	A	OR5A1	Silent	55	63	118	0.5338983050847458	3	2	1	2.3136	2	1.1568	1.0	True	0.6	3.48
11	59210723	G	A	OR5A1	Missense_Mutation	55	63	118	0.5338983050847458	3	2	1	2.3136	2	1.1568	1.0	True	0.6	3.48
11	59271968	C	T	OR4D11	Missense_Mutation	20	11	31	0.3548387096774194	3	2	1	1.5376	2	0.7688	0.7688	False	0.6	3.48
11	59283314	G	A	OR4D9	Missense_Mutation	27	10	37	0.2702702702702703	3	2	1	1.1712	1	1.1712	1.0	True	0.6	3.48
11	59345628	G	A	OSBP	Missense_Mutation	68	24	92	0.2608695652173913	3	2	1	1.1304	1	1.1304	1.0	True	0.6	3.48
11	59423511	G	A	PATL1	Missense_Mutation	12	4	16	0.25	3	2	1	1.0833	1	1.0833	1.0	True	0.6	3.48
11	60150751	C	T	MS4A7	Missense_Mutation	41	28	69	0.4057971014492754	3	2	1	1.7585	2	0.8792	0.8792	True	0.6	3.48
11	60183946	C	T	MS4A14	Missense_Mutation	71	17	88	0.19318181818181818	3	2	1	0.8371	1	0.8371	0.8371	False	0.6	3.48
11	60714282	G	A	SLC15A3	Silent	59	52	111	0.46846846846846846	3	2	1	2.03	2	1.015	1.0	True	0.6	3.48
11	62287735	G	A	AHNAK	Silent	170	51	221	0.23076923076923078	3	2	1	1.0	1	1.0	1.0	True	0.6	3.48
11	62415653	G	A	INTS5	Silent	45	12	57	0.21052631578947367	3	2	1	0.9123	1	0.9123	0.9123	True	0.6	3.48
11	64037604	G	A	BAD	3'UTR	12	8	20	0.4	3	2	1	1.7333	2	0.8667	0.8667	True	0.6	3.48
11	64111332	G	A	CCDC88B	Silent	18	3	21	0.14285714285714285	3	2	1	0.619	1	0.619	0.619	False	0.6	3.48
11	64367185	G	A	SLC22A12	Missense_Mutation	40	9	49	0.1836734693877551	3	2	1	0.7959	1	0.7959	0.7959	False	0.6	3.48
11	64622204	G	A	EHD1	Silent	138	16	154	0.1038961038961039	3	2	1	0.4502	1	0.4502	0.4502	False	0.6	3.48
11	64695292	C	T	PPP2R5B	Missense_Mutation	66	22	88	0.25	3	2	1	1.0833	1	1.0833	1.0	True	0.6	3.48
11	65049962	C	T	POLA2	Missense_Mutation	73	29	102	0.28431372549019607	3	2	1	1.232	1	1.232	1.0	True	0.6	3.48
11	65124003	C	T	TIGD3	Missense_Mutation	64	59	123	0.4796747967479675	3	2	1	2.0786	2	1.0393	1.0	True	0.6	3.48
11	65168246	C	T	FRMD8	Missense_Mutation	25	26	51	0.5098039215686274	3	2	1	2.2092	2	1.1046	1.0	True	0.6	3.48
11	65637595	C	G	EFEMP2	Missense_Mutation	35	14	49	0.2857142857142857	3	2	1	1.2381	1	1.2381	1.0	True	0.6	3.48
11	65771248	C	T	BANF1	3'UTR	14	20	34	0.5882352941176471	3	2	1	2.549	2	1.2745	1.0	True	0.6	3.48
11	65819988	G	A	SF3B2	Missense_Mutation	24	20	44	0.45454545454545453	3	2	1	1.9697	2	0.9848	0.9848	True	0.6	3.48
11	65988193	A	G	PACS1	Missense_Mutation	44	11	55	0.2	3	2	1	0.8667	1	0.8667	0.8667	True	0.6	3.48
11	66006656	C	T	PACS1	Silent	31	27	58	0.46551724137931033	3	2	1	2.0172	2	1.0086	1.0	True	0.6	3.48
11	66373037	C	T	CCS	Silent	52	45	97	0.4639175257731959	3	2	1	2.0103	2	1.0052	1.0	True	0.6	3.48
11	67052417	C	T	ADRBK1	Missense_Mutation	15	10	25	0.4	3	2	1	1.7333	2	0.8667	0.8667	True	0.6	3.48
11	67052452	C	T	ADRBK1	Missense_Mutation	16	7	23	0.30434782608695654	3	2	1	1.3188	1	1.3188	1.0	True	0.6	3.48
11	67434452	A	G	ALDH3B2	5'UTR	21	8	29	0.27586206896551724	3	2	1	1.1954	1	1.1954	1.0	True	0.6	3.48
11	68475660	G	A	MTL5	3'UTR	5	4	9	0.4444444444444444	3	2	1	1.9259	2	0.963	0.963	True	0.6	3.48
11	68671332	G	A	IGHMBP2	5'UTR	28	8	36	0.2222222222222222	3	2	1	0.963	1	0.963	0.963	True	0.6	3.48
11	69625419	C	G	FGF3	Missense_Mutation	37	23	60	0.38333333333333336	3	2	1	1.6611	2	0.8306	0.8306	False	0.6	3.48
11	69625426	C	T	FGF3	Missense_Mutation	39	14	53	0.2641509433962264	3	2	1	1.1447	1	1.1447	1.0	True	0.6	3.48
11	69972233	C	A	ANO1	Silent	35	49	84	0.5833333333333334	3	2	1	2.5278	2	1.2639	1.0	True	0.6	3.48
11	69972234	C	T	ANO1	Missense_Mutation	35	48	83	0.5783132530120482	3	2	1	2.506	2	1.253	1.0	True	0.6	3.48
11	71721864	G	A	NUMA1	Nonsense_Mutation	679	115	794	0.14483627204030228	7	7	2	1.207	1	1.207	1.0	True	0.6	3.48
11	71903380	G	A	FOLR1	Missense_Mutation	155	38	193	0.19689119170984457	7	7	2	1.6408	2	0.8204	0.8204	False	0.6	3.48
11	72946081	C	T	P2RY2	Missense_Mutation	9	15	24	0.625	2	2	0	2.0833	2	1.0417	1.0	True	0.6	3.48
11	74053589	G	A	PGM2L1	Missense_Mutation	32	61	93	0.6559139784946236	2	2	0	2.1864	2	1.0932	1.0	True	0.6	3.48
11	74913986	C	T	SLCO2B1	Nonsense_Mutation	55	55	110	0.5	2	2	0	1.6667	2	0.8333	0.8333	False	0.6	3.48
11	74914466	G	A	SLCO2B1	Missense_Mutation	21	55	76	0.7236842105263158	2	2	0	2.4123	2	1.2061	1.0	True	0.6	3.48
11	75152223	G	A	GDPD5	Silent	9	19	28	0.6785714285714286	2	2	0	2.2619	2	1.131	1.0	True	0.6	3.48
11	78419459	C	T	TENM4	Missense_Mutation	8	21	29	0.7241379310344828	2	2	0	2.4138	2	1.2069	1.0	True	0.6	3.48
11	85396406	G	A	CCDC89	Silent	12	23	35	0.6571428571428571	2	2	0	2.1905	2	1.0952	1.0	True	0.6	3.48
11	92533956	G	A	FAT3	Missense_Mutation	176	253	429	0.5897435897435898	2	2	0	1.9658	2	0.9829	0.9829	True	0.6	3.48
11	92565152	G	A	FAT3	Silent	62	14	76	0.18421052631578946	2	2	0	0.614	1	0.614	0.614	False	0.6	3.48
11	100999728	G	A	PGR	Missense_Mutation	5	13	18	0.7222222222222222	2	2	0	2.4074	2	1.2037	1.0	True	0.6	3.48
11	100999743	G	A	PGR	Missense_Mutation	4	10	14	0.7142857142857143	2	2	0	2.381	2	1.1905	1.0	True	0.6	3.48
11	102575304	G	A	MMP27	Missense_Mutation	34	34	68	0.5	2	2	0	1.6667	2	0.8333	0.8333	False	0.6	3.48
11	110450329	G	A	ARHGAP20	Missense_Mutation	29	48	77	0.6233766233766234	2	2	0	2.0779	2	1.039	1.0	True	0.6	3.48
11	111156661	T	A	C11orf53	Missense_Mutation	21	50	71	0.704225352112676	2	2	0	2.3474	2	1.1737	1.0	True	0.6	3.48
11	113631062	G	A	ZW10	Missense_Mutation	22	34	56	0.6071428571428571	2	2	0	2.0238	2	1.0119	1.0	True	0.6	3.48
11	113816638	G	A	HTR3B	Missense_Mutation	28	8	36	0.2222222222222222	2	2	0	0.7407	1	0.7407	0.7407	False	0.6	3.48
11	113816639	G	A	HTR3B	Missense_Mutation	29	9	38	0.23684210526315788	2	2	0	0.7895	1	0.7895	0.7895	False	0.6	3.48
11	114183152	G	A	NNMT	Missense_Mutation	34	58	92	0.6304347826086957	2	2	0	2.1014	2	1.0507	1.0	True	0.6	3.48
11	114442193	G	A	NXPE4	Silent	51	83	134	0.6194029850746269	2	2	0	2.0647	2	1.0323	1.0	True	0.6	3.48
11	114450906	C	T	NXPE4	Missense_Mutation	55	77	132	0.5833333333333334	2	2	0	1.9444	2	0.9722	0.9722	True	0.6	3.48
11	114453477	C	T	NXPE4	Silent	26	28	54	0.5185185185185185	2	2	0	1.7284	2	0.8642	0.8642	True	0.6	3.48
11	116633647	G	A	BUD13	Missense_Mutation	157	255	412	0.6189320388349514	2	2	0	2.0631	2	1.0316	1.0	True	0.6	3.48
11	117034544	G	C	PAFAH1B2	Missense_Mutation	35	36	71	0.5070422535211268	2	2	0	1.6901	2	0.8451	0.8451	False	0.6	3.48
11	118344458	C	T	KMT2A	Nonsense_Mutation	9	8	17	0.47058823529411764	2	2	0	1.5686	2	0.7843	0.7843	False	0.6	3.48
11	118366446	C	T	KMT2A	Missense_Mutation	27	37	64	0.578125	2	2	0	1.9271	2	0.9635	0.9635	True	0.6	3.48
11	118851203	G	A	FOXR1	Silent	30	35	65	0.5384615384615384	2	2	0	1.7949	2	0.8974	0.8974	True	0.6	3.48
11	119549141	G	A	PVRL1	Silent	33	43	76	0.5657894736842105	2	2	0	1.886	2	0.943	0.943	True	0.6	3.48
11	120331436	C	T	ARHGEF12	Silent	31	59	90	0.6555555555555556	2	2	0	2.1852	2	1.0926	1.0	True	0.6	3.48
11	121425922	G	A	SORL1	Silent	45	55	100	0.55	2	2	0	1.8333	2	0.9167	0.9167	True	0.6	3.48
11	121477932	C	T	SORL1	Missense_Mutation	16	22	38	0.5789473684210527	2	2	0	1.9298	2	0.9649	0.9649	True	0.6	3.48
11	121986447	C	T	BLID	Missense_Mutation	41	58	99	0.5858585858585859	2	2	0	1.9529	2	0.9764	0.9764	True	0.6	3.48
11	123600426	G	A	ZNF202	Silent	10	18	28	0.6428571428571429	2	2	0	2.1429	2	1.0714	1.0	True	0.6	3.48
11	123886634	C	T	OR10G4	Missense_Mutation	53	10	63	0.15873015873015872	2	2	0	0.5291	1	0.5291	0.5291	False	0.6	3.48
11	123894072	C	T	OR10G9	Missense_Mutation	13	11	24	0.4583333333333333	2	2	0	1.5278	2	0.7639	0.7639	False	0.6	3.48
11	124189931	G	A	OR8D2	Missense_Mutation	23	33	56	0.5892857142857143	2	2	0	1.9643	2	0.9821	0.9821	True	0.6	3.48
11	124189932	T	A	OR8D2	Missense_Mutation	24	33	57	0.5789473684210527	2	2	0	1.9298	2	0.9649	0.9649	True	0.6	3.48
11	124252876	G	A	OR8B2	Missense_Mutation	10	15	25	0.6	2	2	0	2.0	2	1.0	1.0	True	0.6	3.48
11	124294171	G	A	OR8B4	Silent	6	5	11	0.45454545454545453	2	2	0	1.5152	2	0.7576	0.7576	False	0.6	3.48
11	124440061	G	A	OR8A1	Missense_Mutation	17	28	45	0.6222222222222222	2	2	0	2.0741	2	1.037	1.0	True	0.6	3.48
11	128781825	C	T	KCNJ5	Silent	26	24	50	0.48	2	2	0	1.6	2	0.8	0.8	False	0.6	3.48
11	130785160	G	A	SNX19	Silent	13	19	32	0.59375	2	2	0	1.9792	2	0.9896	0.9896	True	0.6	3.48
11	130785161	G	A	SNX19	Missense_Mutation	13	19	32	0.59375	2	2	0	1.9792	2	0.9896	0.9896	True	0.6	3.48
11	134027867	G	A	NCAPD3	Missense_Mutation	62	84	146	0.5753424657534246	2	2	0	1.9178	2	0.9589	0.9589	True	0.6	3.48
12	404774	G	A	KDM5A	Missense_Mutation	123	80	203	0.39408866995073893	2	1	1	1.3136	1	1.3136	1.0	True	0.6	3.48
12	977790	A	T	WNK1	Intron	23	18	41	0.43902439024390244	4	2	2	2.3415	2	1.1707	1.0	True	0.6	3.48
12	977792	T	C	WNK1	Intron	22	18	40	0.45	4	2	2	2.4	2	1.2	1.0	True	0.6	3.48
12	990932	C	T	WNK1	Silent	102	45	147	0.30612244897959184	4	2	2	1.6327	2	0.8163	0.8163	False	0.6	3.48
12	1137460	C	T	ERC1	Missense_Mutation	58	23	81	0.2839506172839506	4	2	2	1.5144	2	0.7572	0.7572	False	0.6	3.48
12	2027550	G	T	CACNA2D4	Silent	12	6	18	0.3333333333333333	4	2	2	1.7778	2	0.8889	0.8889	True	0.6	3.48
12	2705123	C	T	CACNA1C	Missense_Mutation	45	21	66	0.3181818181818182	4	2	2	1.697	2	0.8485	0.8485	False	0.6	3.48
12	2788663	G	A	CACNA1C	Silent	11	5	16	0.3125	4	2	2	1.6667	2	0.8333	0.8333	False	0.6	3.48
12	4409108	G	A	CCND2	Missense_Mutation	30	14	44	0.3181818181818182	4	2	2	1.697	2	0.8485	0.8485	False	0.6	3.48
12	4479808	G	A	FGF23	Missense_Mutation	74	38	112	0.3392857142857143	4	2	2	1.8095	2	0.9048	0.9048	True	0.6	3.48
12	4920434	C	T	KCNA6	Silent	83	60	143	0.4195804195804196	4	2	2	2.2378	2	1.1189	1.0	True	0.6	3.48
12	5603651	G	A	NTF3	Missense_Mutation	53	31	84	0.36904761904761907	4	2	2	1.9683	2	0.9841	0.9841	True	0.6	3.48
12	5744347	C	T	ANO2	Missense_Mutation	22	11	33	0.3333333333333333	4	2	2	1.7778	2	0.8889	0.8889	True	0.6	3.48
12	5756906	G	A	ANO2	Missense_Mutation	11	6	17	0.35294117647058826	4	2	2	1.8824	2	0.9412	0.9412	True	0.6	3.48
12	6062751	C	T	VWF	Missense_Mutation	81	33	114	0.2894736842105263	4	2	2	1.5439	2	0.7719	0.7719	False	0.6	3.48
12	6125984	G	A	VWF	Silent	104	58	162	0.35802469135802467	4	2	2	1.9095	2	0.9547	0.9547	True	0.6	3.48
12	6173516	G	A	VWF	Missense_Mutation	27	10	37	0.2702702702702703	4	2	2	1.4414	1	1.4414	1.0	True	0.6	3.48
12	6692109	G	A	CHD4	Intron	73	45	118	0.3813559322033898	4	2	2	2.0339	2	1.0169	1.0	True	0.6	3.48
12	6752722	G	A	ACRBP	Missense_Mutation	57	36	93	0.3870967741935484	4	2	2	2.0645	2	1.0323	1.0	True	0.6	3.48
12	6806600	C	T	PIANP	Missense_Mutation	47	26	73	0.3561643835616438	4	2	2	1.8995	2	0.9498	0.9498	True	0.6	3.48
12	7171668	C	T	C1S	Silent	56	39	95	0.4105263157894737	4	2	2	2.1895	2	1.0947	1.0	True	0.6	3.48
12	7172504	C	T	C1S	Silent	114	76	190	0.4	4	2	2	2.1333	2	1.0667	1.0	True	0.6	3.48
12	7260858	C	A	C1RL	Missense_Mutation	26	18	44	0.4090909090909091	4	2	2	2.1818	2	1.0909	1.0	True	0.6	3.48
12	7303190	C	T	CLSTN3	Missense_Mutation	61	24	85	0.2823529411764706	4	2	2	1.5059	2	0.7529	0.7529	False	0.6	3.48
12	7463176	G	A	ACSM4	Missense_Mutation	9	8	17	0.47058823529411764	4	2	2	2.5098	2	1.2549	1.0	True	0.6	3.48
12	7586282	C	T	CD163L1	Missense_Mutation	54	38	92	0.41304347826086957	4	2	2	2.2029	2	1.1014	1.0	True	0.6	3.48
12	7869560	C	T	DPPA3	Intron	85	50	135	0.37037037037037035	4	2	2	1.9753	2	0.9877	0.9877	True	0.6	3.48
12	7966892	G	A	SLC2A14	3'UTR	115	91	206	0.441747572815534	4	2	2	2.356	2	1.178	1.0	True	0.6	3.48
12	8245541	C	T	NECAP1	Missense_Mutation	120	77	197	0.39086294416243655	4	2	2	2.0846	2	1.0423	1.0	True	0.6	3.48
12	8327868	G	A	ZNF705A	Missense_Mutation	58	16	74	0.21621621621621623	4	2	2	1.1532	1	1.1532	1.0	True	0.6	3.48
12	8374817	T	C	FAM90A1	Silent	13	4	17	0.23529411764705882	4	2	2	1.2549	1	1.2549	1.0	True	0.6	3.48
12	8671664	C	T	CLEC4D	Missense_Mutation	35	19	54	0.35185185185185186	4	2	2	1.8765	2	0.9383	0.9383	True	0.6	3.48
12	9013789	A	G	A2ML1	Missense_Mutation	76	34	110	0.3090909090909091	4	2	2	1.6485	2	0.8242	0.8242	False	0.6	3.48
12	9264799	G	A	A2M	Missense_Mutation	43	20	63	0.31746031746031744	4	2	2	1.6931	2	0.8466	0.8466	False	0.6	3.48
12	10313505	C	T	OLR1	Nonsense_Mutation	72	39	111	0.35135135135135137	4	2	2	1.8739	2	0.9369	0.9369	True	0.6	3.48
12	11339232	G	A	TAS2R42	Silent	23	14	37	0.3783783783783784	4	2	2	2.018	2	1.009	1.0	True	0.6	3.48
12	11546714	C	T	PRB2	Missense_Mutation	537	130	667	0.19490254872563717	4	2	2	1.0395	1	1.0395	1.0	True	0.6	3.48
12	12483519	G	A	MANSC1	Silent	57	24	81	0.2962962962962963	4	2	2	1.5802	2	0.7901	0.7901	False	0.6	3.48
12	13232794	C	T	KIAA1467	Missense_Mutation	41	22	63	0.3492063492063492	4	2	2	1.8624	2	0.9312	0.9312	True	0.6	3.48
12	13367509	T	A	EMP1	Missense_Mutation	96	60	156	0.38461538461538464	4	2	2	2.0513	2	1.0256	1.0	True	0.6	3.48
12	14689571	G	A	PLBD1	Missense_Mutation	59	28	87	0.3218390804597701	4	2	2	1.7165	2	0.8582	0.8582	True	0.6	3.48
12	14809543	C	T	GUCY2C	Missense_Mutation	50	40	90	0.4444444444444444	4	2	2	2.3704	2	1.1852	1.0	True	0.6	3.48
12	18573894	C	T	PIK3C2G	Missense_Mutation	57	29	86	0.3372093023255814	4	2	2	1.7984	2	0.8992	0.8992	True	0.6	3.48
12	18891712	G	A	CAPZA3	Nonsense_Mutation	36	18	54	0.3333333333333333	4	2	2	1.7778	2	0.8889	0.8889	True	0.6	3.48
12	20852565	C	T	SLCO1C1	Missense_Mutation	33	13	46	0.2826086956521739	4	2	2	1.5072	2	0.7536	0.7536	False	0.6	3.48
12	21032513	C	T	SLCO1B3	Missense_Mutation	48	26	74	0.35135135135135137	4	2	2	1.8739	2	0.9369	0.9369	True	0.6	3.48
12	21069058	A	C	SLCO1B3	Missense_Mutation	28	15	43	0.3488372093023256	4	2	2	1.8605	2	0.9302	0.9302	True	0.6	3.48
12	21205097	G	A	SLCO1B7	Missense_Mutation	72	31	103	0.30097087378640774	4	2	2	1.6052	2	0.8026	0.8026	False	0.6	3.48
12	21727101	C	T	GYS2	Missense_Mutation	38	17	55	0.3090909090909091	4	2	2	1.6485	2	0.8242	0.8242	False	0.6	3.48
12	22643080	G	A	C2CD5	Silent	57	36	93	0.3870967741935484	4	2	2	2.0645	2	1.0323	1.0	True	0.6	3.48
12	25699394	C	T	IFLTD1	Silent	39	23	62	0.3709677419354839	4	2	2	1.9785	2	0.9892	0.9892	True	0.6	3.48
12	26749938	G	A	ITPR2	Silent	80	39	119	0.3277310924369748	4	2	2	1.7479	2	0.8739	0.8739	True	0.6	3.48
12	27152555	G	A	TM7SF3	Missense_Mutation	48	27	75	0.36	4	2	2	1.92	2	0.96	0.96	True	0.6	3.48
12	30863305	G	A	CAPRIN2	Missense_Mutation	240	118	358	0.329608938547486	4	2	2	1.7579	2	0.879	0.879	True	0.6	3.48
12	40078679	C	T	C12orf40	Missense_Mutation	35	14	49	0.2857142857142857	4	2	2	1.5238	2	0.7619	0.7619	False	0.6	3.48
12	40078685	G	A	C12orf40	Missense_Mutation	33	14	47	0.2978723404255319	4	2	2	1.5887	2	0.7943	0.7943	False	0.6	3.48
12	40697974	G	A	LRRK2	Intron	15	5	20	0.25	4	2	2	1.3333	1	1.3333	1.0	True	0.6	3.48
12	41957359	G	A	PDZRN4	Missense_Mutation	51	25	76	0.32894736842105265	4	2	2	1.7544	2	0.8772	0.8772	True	0.6	3.48
12	42481745	G	A	GXYLT1	Missense_Mutation	32	17	49	0.3469387755102041	4	2	2	1.8503	2	0.9252	0.9252	True	0.6	3.48
12	43750291	G	A	ADAMTS20	Missense_Mutation	12	9	21	0.42857142857142855	4	2	2	2.2857	2	1.1429	1.0	True	0.6	3.48
12	43769915	C	T	ADAMTS20	Missense_Mutation	15	3	18	0.16666666666666666	4	2	2	0.8889	1	0.8889	0.8889	True	0.6	3.48
12	44770492	C	T	TMEM117	Missense_Mutation	47	32	79	0.4050632911392405	4	2	2	2.1603	2	1.0802	1.0	True	0.6	3.48
12	44782501	T	A	TMEM117	3'UTR	26	21	47	0.44680851063829785	4	2	2	2.383	2	1.1915	1.0	True	0.6	3.48
12	45567772	G	A	PLEKHA8P1	RNA	32	18	50	0.36	4	2	2	1.92	2	0.96	0.96	True	0.6	3.48
12	46320946	G	A	SCAF11	Silent	132	56	188	0.2978723404255319	4	2	2	1.5887	2	0.7943	0.7943	False	0.6	3.48
12	47629003	G	A	PCED1B	Missense_Mutation	34	15	49	0.30612244897959184	4	2	2	1.6327	2	0.8163	0.8163	False	0.6	3.48
12	48188615	G	A	HDAC7	Silent	72	28	100	0.28	4	2	2	1.4933	1	1.4933	1.0	True	0.6	3.48
12	48499242	G	T	SENP1	5'UTR	170	88	258	0.34108527131782945	4	2	2	1.8191	2	0.9096	0.9096	True	0.6	3.48
12	48961685	G	A	LALBA	3'UTR	8	7	15	0.4666666666666667	4	2	2	2.4889	2	1.2444	1.0	True	0.6	3.48
12	49166193	C	T	ADCY6	Missense_Mutation	31	21	52	0.40384615384615385	4	2	2	2.1538	2	1.0769	1.0	True	0.6	3.48
12	49421009	G	A	KMT2D	Missense_Mutation	105	78	183	0.4262295081967213	4	2	2	2.2732	2	1.1366	1.0	True	0.6	3.48
12	50474934	G	A	ASIC1	Silent	26	13	39	0.3333333333333333	4	2	2	1.7778	2	0.8889	0.8889	True	0.6	3.48
12	51689613	G	A	BIN2	Missense_Mutation	151	94	245	0.3836734693877551	4	2	2	2.0463	2	1.0231	1.0	True	0.6	3.48
12	52283229	G	A	ANKRD33	Silent	35	22	57	0.38596491228070173	4	2	2	2.0585	2	1.0292	1.0	True	0.6	3.48
12	52312866	C	T	ACVRL1	Silent	38	19	57	0.3333333333333333	4	2	2	1.7778	2	0.8889	0.8889	True	0.6	3.48
12	52314678	C	T	ACVRL1	3'UTR	24	8	32	0.25	4	2	2	1.3333	1	1.3333	1.0	True	0.6	3.48
12	52385878	G	A	ACVR1B	Intron	7	3	10	0.3	4	2	2	1.6	2	0.8	0.8	False	0.6	3.48
12	53453118	G	T	TENC1	Missense_Mutation	9	8	17	0.47058823529411764	4	2	2	2.5098	2	1.2549	1.0	True	0.6	3.48
12	54109721	G	A	CALCOCO1	Silent	41	19	60	0.31666666666666665	4	2	2	1.6889	2	0.8444	0.8444	False	0.6	3.48
12	54686323	C	T	NFE2	Silent	38	23	61	0.3770491803278688	4	2	2	2.0109	2	1.0055	1.0	True	0.6	3.48
12	55039462	C	T	DCD	Missense_Mutation	88	45	133	0.3383458646616541	4	2	2	1.8045	2	0.9023	0.9023	True	0.6	3.48
12	55523706	C	T	OR9K2	Missense_Mutation	110	47	157	0.29936305732484075	4	2	2	1.5966	2	0.7983	0.7983	False	0.6	3.48
12	55794506	C	T	OR6C65	Missense_Mutation	29	18	47	0.3829787234042553	4	2	2	2.0426	2	1.0213	1.0	True	0.6	3.48
12	55794584	C	T	OR6C65	Missense_Mutation	63	35	98	0.35714285714285715	4	2	2	1.9048	2	0.9524	0.9524	True	0.6	3.48
12	55846322	G	A	OR6C2	Missense_Mutation	79	60	139	0.4316546762589928	4	2	2	2.3022	2	1.1511	1.0	True	0.6	3.48
12	55945641	C	T	OR6C4	Silent	45	31	76	0.40789473684210525	4	2	2	2.1754	2	1.0877	1.0	True	0.6	3.48
12	56349272	C	T	PMEL	Missense_Mutation	51	20	71	0.28169014084507044	4	2	2	1.5023	2	0.7512	0.7512	False	0.6	3.48
12	56349273	C	T	PMEL	Silent	51	20	71	0.28169014084507044	4	2	2	1.5023	2	0.7512	0.7512	False	0.6	3.48
12	56352320	C	T	PMEL	Missense_Mutation	33	27	60	0.45	4	2	2	2.4	2	1.2	1.0	True	0.6	3.48
12	56862919	C	T	SPRYD4	Missense_Mutation	72	37	109	0.3394495412844037	4	2	2	1.8104	2	0.9052	0.9052	True	0.6	3.48
12	56980652	C	T	RBMS2	Missense_Mutation	105	56	161	0.34782608695652173	4	2	2	1.8551	2	0.9275	0.9275	True	0.6	3.48
12	57111328	G	A	NACA	Intron	55	32	87	0.367816091954023	4	2	2	1.9617	2	0.9808	0.9808	True	0.6	3.48
12	57111913	G	A	NACA	Intron	48	29	77	0.37662337662337664	4	2	2	2.0087	2	1.0043	1.0	True	0.6	3.48
12	57111982	G	A	NACA	Intron	65	38	103	0.36893203883495146	4	2	2	1.9676	2	0.9838	0.9838	True	0.6	3.48
12	57346031	C	T	RDH16	Splice_Site	14	11	25	0.44	4	2	2	2.3467	2	1.1733	1.0	True	0.6	3.48
12	57431350	G	A	MYO1A	Silent	257	115	372	0.30913978494623656	4	2	2	1.6487	2	0.8244	0.8244	False	0.6	3.48
12	57441875	T	A	MYO1A	Missense_Mutation	39	23	62	0.3709677419354839	4	2	2	1.9785	2	0.9892	0.9892	True	0.6	3.48
12	57499302	C	T	STAT6	Missense_Mutation	35	14	49	0.2857142857142857	4	2	2	1.5238	2	0.7619	0.7619	False	0.6	3.48
12	57598190	C	T	LRP1	Intron	66	11	77	0.14285714285714285	4	2	2	0.7619	1	0.7619	0.7619	False	0.6	3.48
12	57660556	G	A	R3HDM2	Missense_Mutation	31	9	40	0.225	4	2	2	1.2	1	1.2	1.0	True	0.6	3.48
12	57843515	C	T	INHBC	Missense_Mutation	42	18	60	0.3	4	2	2	1.6	2	0.8	0.8	False	0.6	3.48
12	57971793	C	T	KIF5A	Missense_Mutation	60	24	84	0.2857142857142857	4	2	2	1.5238	2	0.7619	0.7619	False	0.6	3.48
12	58113910	C	T	OS9	Silent	80	38	118	0.3220338983050847	4	2	2	1.7175	2	0.8588	0.8588	True	0.6	3.48
12	58121399	G	A	AGAP2-AS1	Silent	9	3	12	0.25	4	2	2	1.3333	1	1.3333	1.0	True	0.6	3.48
12	62104169	C	T	FAM19A2	3'UTR	164	56	220	0.2545454545454545	4	2	2	1.3576	1	1.3576	1.0	True	0.6	3.48
12	62147501	A	G	FAM19A2	Missense_Mutation	65	41	106	0.3867924528301887	4	2	2	2.0629	2	1.0314	1.0	True	0.6	3.48
12	62261121	G	T	FAM19A2	Missense_Mutation	55	32	87	0.367816091954023	4	2	2	1.9617	2	0.9808	0.9808	True	0.6	3.48
12	64668746	C	T	C12orf56	Missense_Mutation	73	30	103	0.2912621359223301	4	2	2	1.5534	2	0.7767	0.7767	False	0.6	3.48
12	64828638	C	T	XPOT	Silent	75	37	112	0.33035714285714285	4	2	2	1.7619	2	0.881	0.881	True	0.6	3.48
12	66152710	G	A	RPSAP52	RNA	6	4	10	0.4	4	2	2	2.1333	2	1.0667	1.0	True	0.6	3.48
12	69279631	T	C	CPM	Missense_Mutation	98	59	157	0.37579617834394907	4	2	2	2.0042	2	1.0021	1.0	True	0.6	3.48
12	70003895	C	T	LRRC10	Missense_Mutation	43	27	70	0.38571428571428573	4	2	2	2.0571	2	1.0286	1.0	True	0.6	3.48
12	70194082	G	A	RAB3IP	Missense_Mutation	26	15	41	0.36585365853658536	4	2	2	1.9512	2	0.9756	0.9756	True	0.6	3.48
12	70956662	C	T	PTPRB	Missense_Mutation	64	29	93	0.3118279569892473	4	2	2	1.6631	2	0.8315	0.8315	False	0.6	3.48
12	70956870	C	T	PTPRB	Missense_Mutation	11	4	15	0.26666666666666666	4	2	2	1.4222	1	1.4222	1.0	True	0.6	3.48
12	71977724	T	A	LGR5	Missense_Mutation	359	183	542	0.3376383763837638	4	2	2	1.8007	2	0.9004	0.9004	True	0.6	3.48
12	72314523	G	A	TBC1D15	Missense_Mutation	140	59	199	0.2964824120603015	4	2	2	1.5812	2	0.7906	0.7906	False	0.6	3.48
12	72956677	G	A	TRHDE	Missense_Mutation	87	22	109	0.2018348623853211	4	2	2	1.0765	1	1.0765	1.0	True	0.6	3.48
12	75434972	A	G	KCNC2	3'UTR	53	16	69	0.2318840579710145	4	2	2	1.2367	1	1.2367	1.0	True	0.6	3.48
12	75895400	A	G	GLIPR1	3'UTR	6	5	11	0.45454545454545453	4	2	2	2.4242	2	1.2121	1.0	True	0.6	3.48
12	77417955	G	A	E2F7	Missense_Mutation	31	10	41	0.24390243902439024	4	2	2	1.3008	1	1.3008	1.0	True	0.6	3.48
12	78513580	G	A	NAV3	Missense_Mutation	53	20	73	0.273972602739726	4	2	2	1.4612	1	1.4612	1.0	True	0.6	3.48
12	80239088	G	A	PPP1R12A	Missense_Mutation	15	14	29	0.4827586206896552	4	2	2	2.5747	2	1.2874	1.0	True	0.6	3.48
12	80647276	C	T	OTOGL	Missense_Mutation	64	37	101	0.36633663366336633	4	2	2	1.9538	2	0.9769	0.9769	True	0.6	3.48
12	80696435	G	A	OTOGL	Missense_Mutation	6	3	9	0.3333333333333333	4	2	2	1.7778	2	0.8889	0.8889	True	0.6	3.48
12	81613831	G	A	ACSS3	Missense_Mutation	50	19	69	0.2753623188405797	4	2	2	1.4686	1	1.4686	1.0	True	0.6	3.48
12	81734917	G	A	PPFIA2	Missense_Mutation	42	35	77	0.45454545454545453	4	2	2	2.4242	2	1.2121	1.0	True	0.6	3.48
12	81751925	C	T	PPFIA2	Missense_Mutation	14	4	18	0.2222222222222222	4	2	2	1.1852	1	1.1852	1.0	True	0.6	3.48
12	85431957	G	A	LRRIQ1	Translation_Start_Site	18	10	28	0.35714285714285715	4	2	2	1.9048	2	0.9524	0.9524	True	0.6	3.48
12	86199585	C	T	RASSF9	Missense_Mutation	87	31	118	0.2627118644067797	4	2	2	1.4011	1	1.4011	1.0	True	0.6	3.48
12	88390364	C	T	C12orf50	Missense_Mutation	32	15	47	0.3191489361702128	4	2	2	1.7021	2	0.8511	0.8511	True	0.6	3.48
12	88391931	G	A	C12orf50	Missense_Mutation	15	9	24	0.375	4	2	2	2.0	2	1.0	1.0	True	0.6	3.48
12	88391963	G	A	C12orf50	Silent	22	6	28	0.21428571428571427	4	2	2	1.1429	1	1.1429	1.0	True	0.6	3.48
12	88910131	G	A	KITLG	Missense_Mutation	146	84	230	0.3652173913043478	4	2	2	1.9478	2	0.9739	0.9739	True	0.6	3.48
12	89992980	C	T	ATP2B1	Missense_Mutation	54	25	79	0.31645569620253167	4	2	2	1.6878	2	0.8439	0.8439	False	0.6	3.48
12	91396222	C	T	EPYC	Missense_Mutation	85	40	125	0.32	4	2	2	1.7067	2	0.8533	0.8533	True	0.6	3.48
12	91445191	C	T	KERA	Missense_Mutation	42	10	52	0.19230769230769232	4	2	2	1.0256	1	1.0256	1.0	True	0.6	3.48
12	91502583	C	T	LUM	Silent	42	12	54	0.2222222222222222	4	2	2	1.1852	1	1.1852	1.0	True	0.6	3.48
12	91502721	C	T	LUM	Silent	24	10	34	0.29411764705882354	4	2	2	1.5686	2	0.7843	0.7843	False	0.6	3.48
12	97150262	G	A	C12orf55	Missense_Mutation	27	13	40	0.325	4	2	2	1.7333	2	0.8667	0.8667	True	0.6	3.48
12	98987795	C	T	SLC25A3	Silent	32	12	44	0.2727272727272727	4	2	2	1.4545	1	1.4545	1.0	True	0.6	3.48
12	99478708	G	A	ANKS1B	Missense_Mutation	14	9	23	0.391304347826087	4	2	2	2.087	2	1.0435	1.0	True	0.6	3.48
12	100441971	G	A	UHRF1BP1L	Missense_Mutation	51	11	62	0.1774193548387097	4	2	2	0.9462	1	0.9462	0.9462	True	0.6	3.48
12	101577958	C	T	SLC5A8	Missense_Mutation	33	21	54	0.3888888888888889	4	2	2	2.0741	2	1.037	1.0	True	0.6	3.48
12	101876674	A	G	SPIC	Silent	64	34	98	0.3469387755102041	4	2	2	1.8503	2	0.9252	0.9252	True	0.6	3.48
12	102054987	G	A	MYBPC1	Nonsense_Mutation	38	18	56	0.32142857142857145	4	2	2	1.7143	2	0.8571	0.8571	True	0.6	3.48
12	104046444	C	T	STAB2	Silent	37	15	52	0.28846153846153844	4	2	2	1.5385	2	0.7692	0.7692	False	0.6	3.48
12	104157375	G	A	STAB2	Missense_Mutation	158	70	228	0.30701754385964913	4	2	2	1.6374	2	0.8187	0.8187	False	0.6	3.48
12	104408855	G	A	GLT8D2	Silent	27	12	39	0.3076923076923077	4	2	2	1.641	2	0.8205	0.8205	False	0.6	3.48
12	105464556	G	A	ALDH1L2	Missense_Mutation	73	41	114	0.35964912280701755	4	2	2	1.9181	2	0.9591	0.9591	True	0.6	3.48
12	105600949	G	C	APPL2	Missense_Mutation	49	27	76	0.35526315789473684	4	2	2	1.8947	2	0.9474	0.9474	True	0.6	3.48
12	108685807	C	T	CMKLR1	Missense_Mutation	64	13	77	0.16883116883116883	4	2	2	0.9004	1	0.9004	0.9004	True	0.6	3.48
12	109284019	G	A	DAO	Missense_Mutation	51	32	83	0.3855421686746988	4	2	2	2.0562	2	1.0281	1.0	True	0.6	3.48
12	110238505	G	A	TRPV4	Silent	34	27	61	0.4426229508196721	4	2	2	2.3607	2	1.1803	1.0	True	0.6	3.48
12	112506773	G	A	NAA25	Nonsense_Mutation	40	23	63	0.36507936507936506	4	2	2	1.9471	2	0.9735	0.9735	True	0.6	3.48
12	112516049	G	A	NAA25	Silent	74	39	113	0.34513274336283184	4	2	2	1.8407	2	0.9204	0.9204	True	0.6	3.48
12	112622317	C	T	HECTD4	Missense_Mutation	19	7	26	0.2692307692307692	4	2	2	1.4359	1	1.4359	1.0	True	0.6	3.48
12	113758889	G	A	SLC8B1	Silent	17	12	29	0.41379310344827586	4	2	2	2.2069	2	1.1034	1.0	True	0.6	3.48
12	114793500	G	A	TBX5	Missense_Mutation	24	13	37	0.35135135135135137	4	2	2	1.8739	2	0.9369	0.9369	True	0.6	3.48
12	114803958	G	A	TBX5	Intron	23	13	36	0.3611111111111111	4	2	2	1.9259	2	0.963	0.963	True	0.6	3.48
12	117013840	C	T	MAP1LC3B2	Silent	82	34	116	0.29310344827586204	4	2	2	1.5632	2	0.7816	0.7816	False	0.6	3.48
12	117705869	G	A	NOS1	Silent	71	21	92	0.22826086956521738	4	2	2	1.2174	1	1.2174	1.0	True	0.6	3.48
12	118582672	G	A	PEBP1	3'UTR	31	7	38	0.18421052631578946	4	2	2	0.9825	1	0.9825	0.9825	True	0.6	3.48
12	119968818	G	A	CCDC60	Missense_Mutation	63	45	108	0.4166666666666667	4	2	2	2.2222	2	1.1111	1.0	True	0.6	3.48
12	123102893	C	T	KNTC1	Missense_Mutation	21	10	31	0.3225806451612903	4	2	2	1.7204	2	0.8602	0.8602	True	0.6	3.48
12	124968247	G	A	NCOR2	Silent	19	7	26	0.2692307692307692	4	2	2	1.4359	1	1.4359	1.0	True	0.6	3.48
12	126138808	G	A	TMEM132B	Missense_Mutation	88	51	139	0.3669064748201439	4	2	2	1.9568	2	0.9784	0.9784	True	0.6	3.48
12	129558431	C	T	TMEM132D	Missense_Mutation	77	38	115	0.33043478260869563	4	2	2	1.7623	2	0.8812	0.8812	True	0.6	3.48
12	129558659	C	T	TMEM132D	Missense_Mutation	88	18	106	0.16981132075471697	4	2	2	0.9057	1	0.9057	0.9057	True	0.6	3.48
12	130830393	A	C	PIWIL1	Missense_Mutation	39	19	58	0.3275862068965517	4	2	2	1.7471	2	0.8736	0.8736	True	0.6	3.48
12	130883636	C	T	RIMBP2	3'UTR	90	53	143	0.3706293706293706	4	2	2	1.9767	2	0.9883	0.9883	True	0.6	3.48
12	132529467	G	A	EP400	Silent	51	31	82	0.3780487804878049	4	2	2	2.0163	2	1.0081	1.0	True	0.6	3.48
12	133236096	C	T	POLE	Splice_Site	34	24	58	0.41379310344827586	2	1	1	1.3793	1	1.3793	1.0	True	0.6	3.48
13	21006379	G	A	CRYL1	Silent	45	25	70	0.35714285714285715	4	2	2	1.9048	2	0.9524	0.9524	True	0.6	3.48
13	23911201	C	T	SACS	Missense_Mutation	39	19	58	0.3275862068965517	4	2	2	1.7471	2	0.8736	0.8736	True	0.6	3.48
13	25283526	G	A	ATP12A	Missense_Mutation	71	18	89	0.20224719101123595	4	2	2	1.0787	1	1.0787	1.0	True	0.6	3.48
13	27255355	G	A	WASF3	Missense_Mutation	52	34	86	0.3953488372093023	4	2	2	2.1085	2	1.0543	1.0	True	0.6	3.48
13	27260066	C	T	WASF3	3'UTR	13	6	19	0.3157894736842105	4	2	2	1.6842	2	0.8421	0.8421	False	0.6	3.48
13	30088716	G	A	SLC7A1	Silent	13	6	19	0.3157894736842105	4	2	2	1.6842	2	0.8421	0.8421	False	0.6	3.48
13	32721429	C	T	FRY	Missense_Mutation	19	13	32	0.40625	4	2	2	2.1667	2	1.0833	1.0	True	0.6	3.48
13	32811634	C	A	FRY	Silent	20	11	31	0.3548387096774194	4	2	2	1.8925	2	0.9462	0.9462	True	0.6	3.48
13	32930714	G	A	BRCA2	Missense_Mutation	75	34	109	0.3119266055045872	4	2	2	1.6636	2	0.8318	0.8318	False	0.6	3.48
13	32930715	G	A	BRCA2	Missense_Mutation	73	34	107	0.3177570093457944	4	2	2	1.6947	2	0.8474	0.8474	False	0.6	3.48
13	35517126	C	T	NBEA	Missense_Mutation	43	19	62	0.3064516129032258	4	2	2	1.6344	2	0.8172	0.8172	False	0.6	3.48
13	35733926	A	G	NBEA	Silent	16	11	27	0.4074074074074074	4	2	2	2.1728	2	1.0864	1.0	True	0.6	3.48
13	35735898	T	C	NBEA	Silent	11	4	15	0.26666666666666666	4	2	2	1.4222	1	1.4222	1.0	True	0.6	3.48
13	35883726	G	A	NBEA	Missense_Mutation	11	7	18	0.3888888888888889	4	2	2	2.0741	2	1.037	1.0	True	0.6	3.48
13	37269247	C	T	SERTM1	Missense_Mutation	103	53	156	0.33974358974358976	4	2	2	1.812	2	0.906	0.906	True	0.6	3.48
13	37618230	G	A	SUPT20H	Silent	42	22	64	0.34375	4	2	2	1.8333	2	0.9167	0.9167	True	0.6	3.48
13	39263887	C	T	FREM2	Silent	56	27	83	0.3253012048192771	4	2	2	1.7349	2	0.8675	0.8675	True	0.6	3.48
13	39264977	C	T	FREM2	Missense_Mutation	111	52	163	0.31901840490797545	4	2	2	1.7014	2	0.8507	0.8507	True	0.6	3.48
13	39452969	A	C	FREM2	Missense_Mutation	51	24	75	0.32	4	2	2	1.7067	2	0.8533	0.8533	True	0.6	3.48
13	39454666	G	A	FREM2	Silent	38	19	57	0.3333333333333333	4	2	2	1.7778	2	0.8889	0.8889	True	0.6	3.48
13	42763384	C	T	DGKH	Silent	37	18	55	0.32727272727272727	4	2	2	1.7455	2	0.8727	0.8727	True	0.6	3.48
13	43363007	A	T	FAM216B	3'UTR	11	5	16	0.3125	4	2	2	1.6667	2	0.8333	0.8333	False	0.6	3.48
13	46287917	G	A	SPERT	Missense_Mutation	10	5	15	0.3333333333333333	4	2	2	1.7778	2	0.8889	0.8889	True	0.6	3.48
13	46594614	C	T	ZC3H13	Missense_Mutation	41	14	55	0.2545454545454545	4	2	2	1.3576	1	1.3576	1.0	True	0.6	3.48
13	47466613	G	A	HTR2A	Silent	279	50	329	0.1519756838905775	4	2	2	0.8105	1	0.8105	0.8105	False	0.6	3.48
13	50586631	T	A	TRIM13	Missense_Mutation	20	8	28	0.2857142857142857	4	2	2	1.5238	2	0.7619	0.7619	False	0.6	3.48
13	52523879	G	A	ATP7B	Silent	77	33	110	0.3	4	2	2	1.6	2	0.8	0.8	False	0.6	3.48
13	52539167	G	A	ATP7B	Silent	47	15	62	0.24193548387096775	4	2	2	1.2903	1	1.2903	1.0	True	0.6	3.48
13	52548297	C	T	ATP7B	Silent	80	47	127	0.3700787401574803	4	2	2	1.9738	2	0.9869	0.9869	True	0.6	3.48
13	58207291	A	G	PCDH17	Missense_Mutation	28	13	41	0.3170731707317073	4	2	2	1.6911	2	0.8455	0.8455	False	0.6	3.48
13	70535554	C	T	KLHL1	Missense_Mutation	31	5	36	0.1388888888888889	4	2	2	0.7407	1	0.7407	0.7407	False	0.6	3.48
13	74420350	G	A	KLF12	Missense_Mutation	66	40	106	0.37735849056603776	4	2	2	2.0126	2	1.0063	1.0	True	0.6	3.48
13	76408439	G	A	LMO7	Missense_Mutation	82	41	123	0.3333333333333333	4	2	2	1.7778	2	0.8889	0.8889	True	0.6	3.48
13	77671906	G	A	MYCBP2	Missense_Mutation	67	32	99	0.32323232323232326	4	2	2	1.7239	2	0.862	0.862	True	0.6	3.48
13	77730262	A	G	MYCBP2	Silent	44	22	66	0.3333333333333333	4	2	2	1.7778	2	0.8889	0.8889	True	0.6	3.48
13	78130048	G	A	SCEL	Missense_Mutation	57	30	87	0.3448275862068966	4	2	2	1.8391	2	0.9195	0.9195	True	0.6	3.48
13	84454684	C	T	SLITRK1	Missense_Mutation	59	25	84	0.2976190476190476	4	2	2	1.5873	2	0.7937	0.7937	False	0.6	3.48
13	84454854	C	T	SLITRK1	Silent	48	28	76	0.3684210526315789	4	2	2	1.9649	2	0.9825	0.9825	True	0.6	3.48
13	92101140	A	G	GPC5	Missense_Mutation	50	29	79	0.3670886075949367	4	2	2	1.9578	2	0.9789	0.9789	True	0.6	3.48
13	92345655	C	T	GPC5	Silent	69	35	104	0.33653846153846156	4	2	2	1.7949	2	0.8974	0.8974	True	0.6	3.48
13	95813565	A	G	ABCC4	Missense_Mutation	42	17	59	0.288135593220339	4	2	2	1.5367	2	0.7684	0.7684	False	0.6	3.48
13	95858788	G	A	ABCC4	Nonsense_Mutation	63	40	103	0.3883495145631068	4	2	2	2.0712	2	1.0356	1.0	True	0.6	3.48
13	97485261	G	A	HS6ST3	Missense_Mutation	48	44	92	0.4782608695652174	4	2	2	2.5507	2	1.2754	1.0	True	0.6	3.48
13	97639844	G	A	OXGR1	Missense_Mutation	13	16	29	0.5517241379310345	4	2	2	2.9425	2	1.4713	1.0	True	0.6	3.48
13	98654969	C	T	IPO5	Missense_Mutation	57	38	95	0.4	4	2	2	2.1333	2	1.0667	1.0	True	0.6	3.48
13	101287349	G	A	TMTC4	Missense_Mutation	32	13	45	0.28888888888888886	4	2	2	1.5407	2	0.7704	0.7704	False	0.6	3.48
13	110829287	C	T	COL4A1	Missense_Mutation	66	42	108	0.3888888888888889	4	2	2	2.0741	2	1.037	1.0	True	0.6	3.48
13	111121656	T	C	COL4A2	Missense_Mutation	13	7	20	0.35	4	2	2	1.8667	2	0.9333	0.9333	True	0.6	3.48
13	111147733	G	A	COL4A2	Missense_Mutation	90	30	120	0.25	4	2	2	1.3333	1	1.3333	1.0	True	0.6	3.48
13	115090556	C	T	CHAMP1	Silent	100	15	115	0.13043478260869565	2	1	1	0.4348	1	0.4348	0.4348	False	0.6	3.48
14	19553734	C	T	POTEG	Silent	332	57	389	0.14652956298200515	2	1	1	0.4884	1	0.4884	0.4884	False	0.6	3.48
14	20248610	C	T	OR4M1	Silent	179	84	263	0.3193916349809886	2	1	1	1.0646	1	1.0646	1.0	True	0.6	3.48
14	20296296	C	T	OR4N2	Missense_Mutation	59	31	90	0.34444444444444444	2	1	1	1.1481	1	1.1481	1.0	True	0.6	3.48
14	20612138	T	C	OR4N5	Silent	139	72	211	0.3412322274881517	4	2	2	1.8199	2	0.91	0.91	True	0.6	3.48
14	20612732	C	T	OR4N5	Missense_Mutation	114	44	158	0.27848101265822783	4	2	2	1.4852	1	1.4852	1.0	True	0.6	3.48
14	20692516	C	T	OR11H6	Silent	26	24	50	0.48	4	2	2	2.56	2	1.28	1.0	True	0.6	3.48
14	20872010	G	A	TEP1	Missense_Mutation	112	68	180	0.37777777777777777	4	2	2	2.0148	2	1.0074	1.0	True	0.6	3.48
14	21167874	C	T	RNASE4	Missense_Mutation	98	48	146	0.3287671232876712	4	2	2	1.7534	2	0.8767	0.8767	True	0.6	3.48
14	21548835	C	T	ARHGEF40	Missense_Mutation	31	16	47	0.3404255319148936	4	2	2	1.8156	2	0.9078	0.9078	True	0.6	3.48
14	21623790	G	A	OR5AU1	Missense_Mutation	68	28	96	0.2916666666666667	4	2	2	1.5556	2	0.7778	0.7778	False	0.6	3.48
14	21771647	G	A	RPGRIP1	Missense_Mutation	71	10	81	0.12345679012345678	4	2	2	0.6584	1	0.6584	0.6584	False	0.6	3.48
14	21792854	G	A	RPGRIP1	Missense_Mutation	80	44	124	0.3548387096774194	4	2	2	1.8925	2	0.9462	0.9462	True	0.6	3.48
14	21794020	G	A	RPGRIP1	Missense_Mutation	24	9	33	0.2727272727272727	4	2	2	1.4545	1	1.4545	1.0	True	0.6	3.48
14	21834603	G	A	SUPT16H	Silent	117	28	145	0.19310344827586207	4	2	2	1.0299	1	1.0299	1.0	True	0.6	3.48
14	22090685	G	A	TRAV1-1	Missense_Mutation	39	26	65	0.4	4	2	2	2.1333	2	1.0667	1.0	True	0.6	3.48
14	22280037	G	A	TRAV9-1	Missense_Mutation	31	7	38	0.18421052631578946	4	2	2	0.9825	1	0.9825	0.9825	True	0.6	3.48
14	22280083	C	T	TRAV9-1	Missense_Mutation	33	19	52	0.36538461538461536	4	2	2	1.9487	2	0.9744	0.9744	True	0.6	3.48
14	22363157	G	A	TRAV8-4	Silent	53	30	83	0.3614457831325301	4	2	2	1.9277	2	0.9639	0.9639	True	0.6	3.48
14	22934777	G	A	TRDC	3'UTR	34	16	50	0.32	4	2	2	1.7067	2	0.8533	0.8533	True	0.6	3.48
14	23524545	G	A	CDH24	Silent	36	15	51	0.29411764705882354	4	2	2	1.5686	2	0.7843	0.7843	False	0.6	3.48
14	23829917	G	A	EFS	Silent	46	23	69	0.3333333333333333	4	2	2	1.7778	2	0.8889	0.8889	True	0.6	3.48
14	23855289	C	T	MYH6	Missense_Mutation	42	20	62	0.3225806451612903	4	2	2	1.7204	2	0.8602	0.8602	True	0.6	3.48
14	23859562	C	T	MYH6	Missense_Mutation	67	14	81	0.1728395061728395	4	2	2	0.9218	1	0.9218	0.9218	True	0.6	3.48
14	23866401	G	A	MYH6	Silent	136	58	194	0.29896907216494845	4	2	2	1.5945	2	0.7973	0.7973	False	0.6	3.48
14	24526129	C	T	LRRC16B	Nonsense_Mutation	23	12	35	0.34285714285714286	4	2	2	1.8286	2	0.9143	0.9143	True	0.6	3.48
14	24543814	G	A	CPNE6	Nonsense_Mutation	77	14	91	0.15384615384615385	4	2	2	0.8205	1	0.8205	0.8205	False	0.6	3.48
14	24780543	C	T	LTB4R2	Silent	9	8	17	0.47058823529411764	4	2	2	2.5098	2	1.2549	1.0	True	0.6	3.48
14	26917425	C	T	NOVA1	Missense_Mutation	51	20	71	0.28169014084507044	4	2	2	1.5023	2	0.7512	0.7512	False	0.6	3.48
14	26917426	C	T	NOVA1	Silent	52	20	72	0.2777777777777778	4	2	2	1.4815	1	1.4815	1.0	True	0.6	3.48
14	34270029	C	T	NPAS3	Missense_Mutation	8	5	13	0.38461538461538464	4	2	2	2.0513	2	1.0256	1.0	True	0.6	3.48
14	35786493	C	T	PSMA6	Missense_Mutation	117	64	181	0.35359116022099446	4	2	2	1.8858	2	0.9429	0.9429	True	0.6	3.48
14	36946289	C	T	SFTA3	Missense_Mutation	49	30	79	0.379746835443038	4	2	2	2.0253	2	1.0127	1.0	True	0.6	3.48
14	42356771	G	A	LRFN5	Missense_Mutation	54	33	87	0.3793103448275862	4	2	2	2.023	2	1.0115	1.0	True	0.6	3.48
14	44975965	C	T	FSCB	Missense_Mutation	106	55	161	0.3416149068322981	4	2	2	1.8219	2	0.911	0.911	True	0.6	3.48
14	45636402	C	T	FANCM	Intron	15	7	22	0.3181818181818182	4	2	2	1.697	2	0.8485	0.8485	False	0.6	3.48
14	47120662	G	A	RPL10L	Missense_Mutation	46	23	69	0.3333333333333333	4	2	2	1.7778	2	0.8889	0.8889	True	0.6	3.48
14	50360697	C	T	ARF6	Silent	23	22	45	0.4888888888888889	4	2	2	2.6074	2	1.3037	1.0	True	0.6	3.48
14	50862430	G	A	CDKL1	Nonsense_Mutation	60	42	102	0.4117647058823529	4	2	2	2.1961	2	1.098	1.0	True	0.6	3.48
14	51448794	G	A	TRIM9	Missense_Mutation	36	16	52	0.3076923076923077	4	2	2	1.641	2	0.8205	0.8205	False	0.6	3.48
14	55226996	C	T	SAMD4A	Missense_Mutation	40	24	64	0.375	4	2	2	2.0	2	1.0	1.0	True	0.6	3.48
14	55453880	G	A	WDHD1	Silent	37	16	53	0.3018867924528302	4	2	2	1.6101	2	0.805	0.805	False	0.6	3.48
14	55510448	C	T	SOCS4	Missense_Mutation	39	16	55	0.2909090909090909	4	2	2	1.5515	2	0.7758	0.7758	False	0.6	3.48
14	56233556	C	T	RP11-813I20.2	Intron	5	3	8	0.375	4	2	2	2.0	2	1.0	1.0	True	0.6	3.48
14	61186639	G	A	SIX4	Missense_Mutation	124	63	187	0.33689839572192515	4	2	2	1.7968	2	0.8984	0.8984	True	0.6	3.48
14	63174777	C	T	KCNH5	Missense_Mutation	100	37	137	0.27007299270072993	4	2	2	1.4404	1	1.4404	1.0	True	0.6	3.48
14	63316382	C	T	KCNH5	Missense_Mutation	64	38	102	0.37254901960784315	4	2	2	1.9869	2	0.9935	0.9935	True	0.6	3.48
14	64065642	C	T	WDR89	Missense_Mutation	77	47	124	0.3790322580645161	4	2	2	2.0215	2	1.0108	1.0	True	0.6	3.48
14	68193771	C	T	RDH12	Silent	53	15	68	0.22058823529411764	4	2	2	1.1765	1	1.1765	1.0	True	0.6	3.48
14	68221863	G	A	ZFYVE26	Silent	60	48	108	0.4444444444444444	4	2	2	2.3704	2	1.1852	1.0	True	0.6	3.48
14	69369207	G	A	ACTN1	Missense_Mutation	109	52	161	0.32298136645962733	4	2	2	1.7226	2	0.8613	0.8613	True	0.6	3.48
14	70634843	C	T	SLC8A3	Missense_Mutation	30	11	41	0.2682926829268293	4	2	2	1.4309	1	1.4309	1.0	True	0.6	3.48
14	71444814	C	T	PCNX	Missense_Mutation	80	38	118	0.3220338983050847	4	2	2	1.7175	2	0.8588	0.8588	True	0.6	3.48
14	72976970	C	T	RGS6	Silent	106	65	171	0.38011695906432746	4	2	2	2.0273	2	1.0136	1.0	True	0.6	3.48
14	72985220	G	A	RGS6	Missense_Mutation	33	18	51	0.35294117647058826	4	2	2	1.8824	2	0.9412	0.9412	True	0.6	3.48
14	74411260	C	T	FAM161B	Missense_Mutation	42	27	69	0.391304347826087	4	2	2	2.087	2	1.0435	1.0	True	0.6	3.48
14	74823753	G	A	VRTN	Silent	28	15	43	0.3488372093023256	4	2	2	1.8605	2	0.9302	0.9302	True	0.6	3.48
14	74970008	C	T	LTBP2	Missense_Mutation	35	17	52	0.3269230769230769	4	2	2	1.7436	2	0.8718	0.8718	True	0.6	3.48
14	75134175	G	A	AREL1	Silent	76	33	109	0.30275229357798167	4	2	2	1.6147	2	0.8073	0.8073	False	0.6	3.48
14	75247117	C	T	YLPM1	Missense_Mutation	105	40	145	0.27586206896551724	4	2	2	1.4713	1	1.4713	1.0	True	0.6	3.48
14	75330247	C	T	PROX2	Silent	18	7	25	0.28	4	2	2	1.4933	1	1.4933	1.0	True	0.6	3.48
14	75330436	C	T	PROX2	Silent	44	17	61	0.2786885245901639	4	2	2	1.4863	1	1.4863	1.0	True	0.6	3.48
14	77719649	C	T	TMEM63C	Missense_Mutation	3	6	9	0.6666666666666666	2	2	0	2.2222	2	1.1111	1.0	True	0.6	3.48
14	79181112	G	A	NRXN3	Silent	112	33	145	0.22758620689655173	2	2	0	0.7586	1	0.7586	0.7586	False	0.6	3.48
14	80668588	A	T	DIO2	3'Flank	22	13	35	0.37142857142857144	4	2	2	1.981	2	0.9905	0.9905	True	0.6	3.48
14	81862514	C	T	STON2	Missense_Mutation	21	13	34	0.38235294117647056	4	2	2	2.0392	2	1.0196	1.0	True	0.6	3.48
14	88448548	C	T	GALC	Splice_Site	26	10	36	0.2777777777777778	4	2	2	1.4815	1	1.4815	1.0	True	0.6	3.48
14	88477678	G	A	GPR65	Missense_Mutation	62	36	98	0.3673469387755102	4	2	2	1.9592	2	0.9796	0.9796	True	0.6	3.48
14	88729597	G	A	KCNK10	Silent	39	13	52	0.25	4	2	2	1.3333	1	1.3333	1.0	True	0.6	3.48
14	88792854	C	T	KCNK10	5'Flank	27	6	33	0.18181818181818182	4	2	2	0.9697	1	0.9697	0.9697	True	0.6	3.48
14	90651002	G	A	KCNK13	Missense_Mutation	75	34	109	0.3119266055045872	4	2	2	1.6636	2	0.8318	0.8318	False	0.6	3.48
14	92055942	G	A	CATSPERB	Silent	40	22	62	0.3548387096774194	4	2	2	1.8925	2	0.9462	0.9462	True	0.6	3.48
14	92251698	G	A	TC2N	Silent	104	81	185	0.43783783783783786	4	2	2	2.3351	2	1.1676	1.0	True	0.6	3.48
14	92265359	T	C	TC2N	Missense_Mutation	68	18	86	0.20930232558139536	4	2	2	1.1163	1	1.1163	1.0	True	0.6	3.48
14	93760510	G	A	BTBD7	Missense_Mutation	23	17	40	0.425	4	2	2	2.2667	2	1.1333	1.0	True	0.6	3.48
14	94053136	C	T	UNC79	Missense_Mutation	59	37	96	0.3854166666666667	4	2	2	2.0556	2	1.0278	1.0	True	0.6	3.48
14	94053162	G	A	UNC79	Silent	92	42	134	0.31343283582089554	4	2	2	1.6716	2	0.8358	0.8358	False	0.6	3.48
14	94395518	G	A	FAM181A	3'UTR	37	24	61	0.39344262295081966	4	2	2	2.0984	2	1.0492	1.0	True	0.6	3.48
14	94770800	G	A	SERPINA6	Silent	66	15	81	0.18518518518518517	4	2	2	0.9877	1	0.9877	0.9877	True	0.6	3.48
14	94929361	A	T	SERPINA9	3'UTR	14	5	19	0.2631578947368421	4	2	2	1.4035	1	1.4035	1.0	True	0.6	3.48
14	94942651	C	T	SERPINA9	5'Flank	10	10	20	0.5	4	2	2	2.6667	2	1.3333	1.0	True	0.6	3.48
14	95081262	G	A	SERPINA3	Missense_Mutation	29	18	47	0.3829787234042553	4	2	2	2.0426	2	1.0213	1.0	True	0.6	3.48
14	95108138	G	A	SERPINA13P	RNA	137	57	194	0.29381443298969073	4	2	2	1.567	2	0.7835	0.7835	False	0.6	3.48
14	95596409	G	A	DICER1	Nonsense_Mutation	29	9	38	0.23684210526315788	4	2	2	1.2632	1	1.2632	1.0	True	0.6	3.48
14	95912270	G	A	SYNE3	Silent	56	25	81	0.30864197530864196	4	2	2	1.6461	2	0.823	0.823	False	0.6	3.48
14	96131408	G	A	TCL6	RNA	18	4	22	0.18181818181818182	4	2	2	0.9697	1	0.9697	0.9697	True	0.6	3.48
14	96136862	C	T	TCL6	RNA	29	19	48	0.3958333333333333	4	2	2	2.1111	2	1.0556	1.0	True	0.6	3.48
14	96916185	G	A	AK7	Missense_Mutation	21	7	28	0.25	4	2	2	1.3333	1	1.3333	1.0	True	0.6	3.48
14	99959863	C	T	CCNK	Silent	40	19	59	0.3220338983050847	4	2	2	1.7175	2	0.8588	0.8588	True	0.6	3.48
14	100331891	C	T	EML1	Silent	35	19	54	0.35185185185185186	4	2	2	1.8765	2	0.9383	0.9383	True	0.6	3.48
14	101198519	G	A	DLK1	Missense_Mutation	53	25	78	0.32051282051282054	4	2	2	1.7094	2	0.8547	0.8547	True	0.6	3.48
14	101448317	C	T	SNORD114-21	RNA	50	27	77	0.35064935064935066	4	2	2	1.8701	2	0.9351	0.9351	True	0.6	3.48
14	102028734	C	T	DIO3	Missense_Mutation	31	15	46	0.32608695652173914	4	2	2	1.7391	2	0.8696	0.8696	True	0.6	3.48
14	102483792	G	T	DYNC1H1	Missense_Mutation	57	31	88	0.3522727272727273	4	2	2	1.8788	2	0.9394	0.9394	True	0.6	3.48
14	103597417	G	A	TNFAIP2	Missense_Mutation	75	11	86	0.12790697674418605	4	2	2	0.6822	1	0.6822	0.6822	False	0.6	3.48
14	104643552	C	T	KIF26A	Missense_Mutation	10	8	18	0.4444444444444444	4	2	2	2.3704	2	1.1852	1.0	True	0.6	3.48
14	105242064	G	A	AKT1	Silent	42	25	67	0.373134328358209	4	2	2	1.99	2	0.995	0.995	True	0.6	3.48
14	106236650	G	A	IGHG3	Missense_Mutation	298	38	336	0.1130952380952381	2	1	1	0.377	1	0.377	0.377	False	0.6	3.48
14	106311954	C	T	IGHD	Missense_Mutation	45	31	76	0.40789473684210525	2	1	1	1.3596	1	1.3596	1.0	True	0.6	3.48
14	106405782	C	T	IGHV6-1	Silent	79	32	111	0.2882882882882883	2	1	1	0.961	1	0.961	0.961	True	0.6	3.48
14	106641726	C	T	IGHV1-18	Missense_Mutation	139	77	216	0.35648148148148145	2	1	1	1.1883	1	1.1883	1.0	True	0.6	3.48
14	106641727	C	A	IGHV1-18	Missense_Mutation	138	77	215	0.3581395348837209	2	1	1	1.1938	1	1.1938	1.0	True	0.6	3.48
15	21071334	C	T	POTEB2	Missense_Mutation	16	5	21	0.23809523809523808	2	1	1	0.7937	1	0.7937	0.7937	False	0.6	3.48
15	22368842	G	A	OR4M2	Silent	107	67	174	0.3850574712643678	2	1	1	1.2835	1	1.2835	1.0	True	0.6	3.48
15	22369378	C	T	OR4M2	Missense_Mutation	58	27	85	0.3176470588235294	2	1	1	1.0588	1	1.0588	1.0	True	0.6	3.48
15	22369379	C	T	OR4M2	Silent	53	31	84	0.36904761904761907	2	1	1	1.2302	1	1.2302	1.0	True	0.6	3.48
15	22383340	C	T	OR4N4	Missense_Mutation	74	31	105	0.29523809523809524	2	1	1	0.9841	1	0.9841	0.9841	True	0.6	3.48
15	24921998	G	A	NPAP1	Silent	41	23	64	0.359375	4	2	2	1.9167	2	0.9583	0.9583	True	0.6	3.48
15	25222117	C	T	SNRPN	Missense_Mutation	54	34	88	0.38636363636363635	4	2	2	2.0606	2	1.0303	1.0	True	0.6	3.48
15	25425476	C	G	SNORD115-6	5'Flank	10	6	16	0.375	4	2	2	2.0	2	1.0	1.0	True	0.6	3.48
15	25436402	G	C	SNORD115-11	3'Flank	13	3	16	0.1875	4	2	2	1.0	1	1.0	1.0	True	0.6	3.48
15	25442776	C	T	SNORD115-15	RNA	224	126	350	0.36	4	2	2	1.92	2	0.96	0.96	True	0.6	3.48
15	25453235	G	A	SNORD115-21	RNA	201	38	239	0.1589958158995816	4	2	2	0.848	1	0.848	0.848	False	0.6	3.48
15	25453283	C	T	SNORD115-21	RNA	171	104	275	0.3781818181818182	4	2	2	2.017	2	1.0085	1.0	True	0.6	3.48
15	25514984	C	T	SNORD115-48	RNA	21	17	38	0.4473684210526316	4	2	2	2.386	2	1.193	1.0	True	0.6	3.48
15	34355903	G	A	CHRM5	Missense_Mutation	76	41	117	0.3504273504273504	4	2	2	1.8689	2	0.9345	0.9345	True	0.6	3.48
15	38233393	A	T	TMCO5A	Missense_Mutation	37	16	53	0.3018867924528302	4	2	2	1.6101	2	0.805	0.805	False	0.6	3.48
15	39877740	G	A	THBS1	Missense_Mutation	39	35	74	0.47297297297297297	4	2	2	2.5225	2	1.2613	1.0	True	0.6	3.48
15	40675049	G	A	KNSTRN	Missense_Mutation	16	6	22	0.2727272727272727	4	2	2	1.4545	1	1.4545	1.0	True	0.6	3.48
15	40697957	G	A	IVD	5'Flank	14	8	22	0.36363636363636365	4	2	2	1.9394	2	0.9697	0.9697	True	0.6	3.48
15	41068488	G	A	DNAJC17	Silent	22	13	35	0.37142857142857144	4	2	2	1.981	2	0.9905	0.9905	True	0.6	3.48
15	41797411	G	A	LTK	Silent	33	17	50	0.34	4	2	2	1.8133	2	0.9067	0.9067	True	0.6	3.48
15	42128408	C	T	JMJD7-PLA2G4B	Missense_Mutation	50	24	74	0.32432432432432434	4	2	2	1.7297	2	0.8649	0.8649	True	0.6	3.48
15	42641675	C	T	GANC	Missense_Mutation	72	40	112	0.35714285714285715	4	2	2	1.9048	2	0.9524	0.9524	True	0.6	3.48
15	43705379	T	G	TP53BP1	Missense_Mutation	50	23	73	0.3150684931506849	4	2	2	1.6804	2	0.8402	0.8402	False	0.6	3.48
15	43705380	C	A	TP53BP1	Missense_Mutation	53	22	75	0.29333333333333333	4	2	2	1.5644	2	0.7822	0.7822	False	0.6	3.48
15	43705503	G	A	TP53BP1	Missense_Mutation	17	9	26	0.34615384615384615	4	2	2	1.8462	2	0.9231	0.9231	True	0.6	3.48
15	43705504	G	A	TP53BP1	Silent	17	10	27	0.37037037037037035	4	2	2	1.9753	2	0.9877	0.9877	True	0.6	3.48
15	45545416	G	A	SLC28A2	Translation_Start_Site	17	20	37	0.5405405405405406	4	2	2	2.8829	2	1.4414	1.0	True	0.6	3.48
15	48513143	G	A	SLC12A1	Missense_Mutation	90	53	143	0.3706293706293706	4	2	2	1.9767	2	0.9883	0.9883	True	0.6	3.48
15	48802295	G	A	FBN1	Missense_Mutation	35	7	42	0.16666666666666666	4	2	2	0.8889	1	0.8889	0.8889	True	0.6	3.48
15	49882087	G	A	FAM227B	Missense_Mutation	63	16	79	0.20253164556962025	4	2	2	1.0802	1	1.0802	1.0	True	0.6	3.48
15	50540490	G	A	HDC	Silent	22	19	41	0.4634146341463415	4	2	2	2.4715	2	1.2358	1.0	True	0.6	3.48
15	51687123	G	A	GLDN	Silent	37	10	47	0.2127659574468085	4	2	2	1.1348	1	1.1348	1.0	True	0.6	3.48
15	51993416	A	G	SCG3	Silent	56	25	81	0.30864197530864196	4	2	2	1.6461	2	0.823	0.823	False	0.6	3.48
15	52539675	G	A	MYO5C	Missense_Mutation	94	63	157	0.4012738853503185	4	2	2	2.1401	2	1.0701	1.0	True	0.6	3.48
15	53901721	G	A	WDR72	Nonsense_Mutation	28	8	36	0.2222222222222222	4	2	2	1.1852	1	1.1852	1.0	True	0.6	3.48
15	54305335	G	A	UNC13C	Missense_Mutation	36	39	75	0.52	4	2	2	2.7733	2	1.3867	1.0	True	0.6	3.48
15	54307723	G	A	UNC13C	Missense_Mutation	51	31	82	0.3780487804878049	4	2	2	2.0163	2	1.0081	1.0	True	0.6	3.48
15	54527306	G	A	UNC13C	Silent	33	10	43	0.23255813953488372	4	2	2	1.2403	1	1.2403	1.0	True	0.6	3.48
15	54707217	G	A	UNC13C	Missense_Mutation	35	29	64	0.453125	4	2	2	2.4167	2	1.2083	1.0	True	0.6	3.48
15	55972763	G	A	PRTG	Missense_Mutation	93	54	147	0.3673469387755102	4	2	2	1.9592	2	0.9796	0.9796	True	0.6	3.48
15	56970922	G	A	ZNF280D	Missense_Mutation	51	29	80	0.3625	4	2	2	1.9333	2	0.9667	0.9667	True	0.6	3.48
15	59961534	G	A	BNIP2	Silent	54	28	82	0.34146341463414637	4	2	2	1.8211	2	0.9106	0.9106	True	0.6	3.48
15	63904509	G	A	HERC1	Nonsense_Mutation	22	17	39	0.4358974358974359	4	2	2	2.3248	2	1.1624	1.0	True	0.6	3.48
15	64967617	G	A	ZNF609	Missense_Mutation	54	39	93	0.41935483870967744	4	2	2	2.2366	2	1.1183	1.0	True	0.6	3.48
15	65235725	G	A	ANKDD1A	Missense_Mutation	218	133	351	0.3789173789173789	4	2	2	2.0209	2	1.0104	1.0	True	0.6	3.48
15	65685779	G	A	IGDCC4	Missense_Mutation	50	26	76	0.34210526315789475	4	2	2	1.8246	2	0.9123	0.9123	True	0.6	3.48
15	65851053	C	T	PTPLAD1	Silent	9	13	22	0.5909090909090909	4	2	2	3.1515	2	1.5758	1.0	True	0.6	3.48
15	67004021	C	T	SMAD6	Missense_Mutation	85	35	120	0.2916666666666667	4	2	2	1.5556	2	0.7778	0.7778	False	0.6	3.48
15	68657105	C	T	ITGA11	Silent	51	34	85	0.4	4	2	2	2.1333	2	1.0667	1.0	True	0.6	3.48
15	69018316	C	T	CORO2B	3'UTR	14	12	26	0.46153846153846156	4	2	2	2.4615	2	1.2308	1.0	True	0.6	3.48
15	69692348	A	G	PAQR5	Silent	76	35	111	0.3153153153153153	4	2	2	1.6817	2	0.8408	0.8408	False	0.6	3.48
15	71433893	C	T	THSD4	Silent	24	8	32	0.25	4	2	2	1.3333	1	1.3333	1.0	True	0.6	3.48
15	71534994	G	A	THSD4	Silent	213	113	326	0.34662576687116564	4	2	2	1.8487	2	0.9243	0.9243	True	0.6	3.48
15	72020956	G	A	THSD4	Missense_Mutation	157	29	186	0.15591397849462366	4	2	2	0.8315	1	0.8315	0.8315	False	0.6	3.48
15	72502030	G	A	PKM	Silent	149	81	230	0.3521739130434783	4	2	2	1.8783	2	0.9391	0.9391	True	0.6	3.48
15	72543556	G	A	PARP6	Missense_Mutation	64	49	113	0.4336283185840708	4	2	2	2.3127	2	1.1563	1.0	True	0.6	3.48
15	72643413	G	A	HEXA	Intron	11	8	19	0.42105263157894735	4	2	2	2.2456	2	1.1228	1.0	True	0.6	3.48
15	72643414	G	A	HEXA	Intron	12	8	20	0.4	4	2	2	2.1333	2	1.0667	1.0	True	0.6	3.48
15	72643417	C	A	HEXA	Intron	15	10	25	0.4	4	2	2	2.1333	2	1.0667	1.0	True	0.6	3.48
15	73590734	C	T	NEO1	Missense_Mutation	43	26	69	0.37681159420289856	4	2	2	2.0097	2	1.0048	1.0	True	0.6	3.48
15	74178861	G	A	TBC1D21	Missense_Mutation	45	25	70	0.35714285714285715	4	2	2	1.9048	2	0.9524	0.9524	True	0.6	3.48
15	74181416	C	T	TBC1D21	Nonsense_Mutation	25	12	37	0.32432432432432434	4	2	2	1.7297	2	0.8649	0.8649	True	0.6	3.48
15	74235199	C	T	LOXL1	Silent	146	82	228	0.35964912280701755	4	2	2	1.9181	2	0.9591	0.9591	True	0.6	3.48
15	74474685	A	C	STRA6	Missense_Mutation	29	15	44	0.3409090909090909	4	2	2	1.8182	2	0.9091	0.9091	True	0.6	3.48
15	75042330	C	T	CYP1A2	Missense_Mutation	21	25	46	0.5434782608695652	4	2	2	2.8986	2	1.4493	1.0	True	0.6	3.48
15	75500890	C	T	C15orf39	Missense_Mutation	9	3	12	0.25	4	2	2	1.3333	1	1.3333	1.0	True	0.6	3.48
15	76496685	G	A	C15orf27	3'UTR	36	11	47	0.23404255319148937	4	2	2	1.2482	1	1.2482	1.0	True	0.6	3.48
15	78873238	T	A	CHRNA5	Silent	42	22	64	0.34375	4	2	2	1.8333	2	0.9167	0.9167	True	0.6	3.48
15	78921781	G	A	CHRNB4	Missense_Mutation	53	31	84	0.36904761904761907	4	2	2	1.9683	2	0.9841	0.9841	True	0.6	3.48
15	79298706	G	A	RASGRF1	Silent	55	27	82	0.32926829268292684	4	2	2	1.7561	2	0.878	0.878	True	0.6	3.48
15	79755471	C	T	KIAA1024	Silent	45	22	67	0.3283582089552239	4	2	2	1.7512	2	0.8756	0.8756	True	0.6	3.48
15	80191219	G	A	ST20	3'UTR	17	8	25	0.32	4	2	2	1.7067	2	0.8533	0.8533	True	0.6	3.48
15	80215371	G	A	C15orf37	Missense_Mutation	11	11	22	0.5	4	2	2	2.6667	2	1.3333	1.0	True	0.6	3.48
15	81578072	C	T	IL16	Silent	57	36	93	0.3870967741935484	4	2	2	2.0645	2	1.0323	1.0	True	0.6	3.48
15	81578073	C	T	IL16	Missense_Mutation	58	37	95	0.3894736842105263	4	2	2	2.0772	2	1.0386	1.0	True	0.6	3.48
15	85342003	C	T	ZNF592	Missense_Mutation	10	8	18	0.4444444444444444	4	2	2	2.3704	2	1.1852	1.0	True	0.6	3.48
15	86809611	G	A	AGBL1	Silent	10	6	16	0.375	4	2	2	2.0	2	1.0	1.0	True	0.6	3.48
15	90342704	C	T	ANPEP	Missense_Mutation	46	25	71	0.352112676056338	4	2	2	1.8779	2	0.939	0.939	True	0.6	3.48
15	91150629	C	T	CRTC3	Missense_Mutation	73	46	119	0.3865546218487395	4	2	2	2.0616	2	1.0308	1.0	True	0.6	3.48
15	91292641	C	T	BLM	Missense_Mutation	309	161	470	0.3425531914893617	4	2	2	1.827	2	0.9135	0.9135	True	0.6	3.48
15	91461493	C	T	MAN2A2	Missense_Mutation	494	241	735	0.32789115646258504	4	2	2	1.7488	2	0.8744	0.8744	True	0.6	3.48
15	91835912	C	T	SV2B	3'UTR	32	11	43	0.2558139534883721	4	2	2	1.3643	1	1.3643	1.0	True	0.6	3.48
15	93173526	G	A	FAM174B	Missense_Mutation	37	9	46	0.1956521739130435	4	2	2	1.0435	1	1.0435	1.0	True	0.6	3.48
15	99670306	C	T	SYNM	Silent	56	27	83	0.3253012048192771	4	2	2	1.7349	2	0.8675	0.8675	True	0.6	3.48
16	142606	G	A	NPRL3	Silent	8	9	17	0.5294117647058824	2	1	1	1.7647	1	1.7647	1.0	True	0.6	3.48
16	396430	G	A	AXIN1	Missense_Mutation	34	39	73	0.5342465753424658	2	1	1	1.7808	1	1.7808	1.0	True	0.6	3.48
16	396431	G	A	AXIN1	Missense_Mutation	34	39	73	0.5342465753424658	2	1	1	1.7808	1	1.7808	1.0	True	0.6	3.48
16	632295	C	T	PIGQ	Intron	10	6	16	0.375	2	1	1	1.25	1	1.25	1.0	True	0.6	3.48
16	746788	C	T	FBXL16	Silent	23	11	34	0.3235294117647059	3	2	1	1.402	1	1.402	1.0	True	0.6	3.48
16	746997	G	A	FBXL16	Missense_Mutation	24	16	40	0.4	3	2	1	1.7333	2	0.8667	0.8667	True	0.6	3.48
16	843212	G	A	CHTF18	Silent	7	8	15	0.5333333333333333	3	2	1	2.3111	2	1.1556	1.0	True	0.6	3.48
16	1537410	C	T	PTX4	Missense_Mutation	23	33	56	0.5892857142857143	3	2	1	2.5536	2	1.2768	1.0	True	0.6	3.48
16	2162886	G	A	PKD1	Silent	34	11	45	0.24444444444444444	3	2	1	1.0593	1	1.0593	1.0	True	0.6	3.48
16	2522769	C	T	NTN3	Silent	45	16	61	0.26229508196721313	3	2	1	1.1366	1	1.1366	1.0	True	0.6	3.48
16	2636802	C	T	PDPK1	Silent	77	29	106	0.27358490566037735	3	2	1	1.1855	1	1.1855	1.0	True	0.6	3.48
16	2814308	T	C	SRRM2	Missense_Mutation	147	41	188	0.21808510638297873	3	2	1	0.945	1	0.945	0.945	True	0.6	3.48
16	2903113	C	T	PRSS22	Missense_Mutation	6	4	10	0.4	3	2	1	1.7333	2	0.8667	0.8667	True	0.6	3.48
16	3065567	C	T	CLDN6	Silent	10	7	17	0.4117647058823529	3	2	1	1.7843	2	0.8922	0.8922	True	0.6	3.48
16	3458558	C	T	ZNF174	Missense_Mutation	55	21	76	0.27631578947368424	3	2	1	1.1974	1	1.1974	1.0	True	0.6	3.48
16	3639678	G	A	SLX4	Missense_Mutation	127	44	171	0.2573099415204678	3	2	1	1.115	1	1.115	1.0	True	0.6	3.48
16	3824617	G	A	CREBBP	Missense_Mutation	65	12	77	0.15584415584415584	3	2	1	0.6753	1	0.6753	0.6753	False	0.6	3.48
16	4934167	C	T	PPL	Missense_Mutation	28	27	55	0.4909090909090909	3	2	1	2.1273	2	1.0636	1.0	True	0.6	3.48
16	9892299	C	T	GRIN2A	Missense_Mutation	38	11	49	0.22448979591836735	3	2	1	0.9728	1	0.9728	0.9728	True	0.6	3.48
16	9916226	C	T	GRIN2A	Missense_Mutation	46	14	60	0.23333333333333334	3	2	1	1.0111	1	1.0111	1.0	True	0.6	3.48
16	9923318	C	T	GRIN2A	Missense_Mutation	46	9	55	0.16363636363636364	3	2	1	0.7091	1	0.7091	0.7091	False	0.6	3.48
16	9934887	G	A	GRIN2A	Missense_Mutation	51	20	71	0.28169014084507044	3	2	1	1.2207	1	1.2207	1.0	True	0.6	3.48
16	10032005	G	A	GRIN2A	Missense_Mutation	33	24	57	0.42105263157894735	3	2	1	1.8246	2	0.9123	0.9123	True	0.6	3.48
16	10995407	G	A	CIITA	Nonsense_Mutation	18	11	29	0.3793103448275862	3	2	1	1.6437	2	0.8218	0.8218	False	0.6	3.48
16	11097026	G	A	CLEC16A	Silent	36	17	53	0.32075471698113206	3	2	1	1.3899	1	1.3899	1.0	True	0.6	3.48
16	11348686	G	A	SOCS1	3'UTR	10	5	15	0.3333333333333333	3	2	1	1.4444	1	1.4444	1.0	True	0.6	3.48
16	14970343	C	T	NOMO1	Silent	66	55	121	0.45454545454545453	3	2	1	1.9697	2	0.9848	0.9848	True	0.6	3.48
16	15818560	C	T	MYH11	Missense_Mutation	91	77	168	0.4583333333333333	3	2	1	1.9861	2	0.9931	0.9931	True	0.6	3.48
16	16228264	C	T	ABCC1	Missense_Mutation	59	32	91	0.3516483516483517	3	2	1	1.5238	2	0.7619	0.7619	False	0.6	3.48
16	16297280	G	A	ABCC6	Missense_Mutation	71	24	95	0.25263157894736843	3	2	1	1.0947	1	1.0947	1.0	True	0.6	3.48
16	16297281	G	A	ABCC6	Silent	74	24	98	0.24489795918367346	3	2	1	1.0612	1	1.0612	1.0	True	0.6	3.48
16	17202538	C	T	XYLT1	3'UTR	7	9	16	0.5625	3	2	1	2.4375	2	1.2188	1.0	True	0.6	3.48
16	17228497	G	A	XYLT1	Silent	100	28	128	0.21875	3	2	1	0.9479	1	0.9479	0.9479	True	0.6	3.48
16	19020543	C	T	TMC7	Silent	34	43	77	0.5584415584415584	3	2	1	2.4199	2	1.21	1.0	True	0.6	3.48
16	19505675	G	A	TMC5	Missense_Mutation	56	17	73	0.2328767123287671	3	2	1	1.0091	1	1.0091	1.0	True	0.6	3.48
16	19505676	G	A	TMC5	Silent	54	17	71	0.23943661971830985	3	2	1	1.0376	1	1.0376	1.0	True	0.6	3.48
16	19539282	C	T	CCP110	Missense_Mutation	26	20	46	0.43478260869565216	3	2	1	1.8841	2	0.942	0.942	True	0.6	3.48
16	19592973	C	T	C16orf62	Nonsense_Mutation	46	22	68	0.3235294117647059	3	2	1	1.402	1	1.402	1.0	True	0.6	3.48
16	20322599	G	A	GP2	Silent	56	8	64	0.125	3	2	1	0.5417	1	0.5417	0.5417	False	0.6	3.48
16	20451131	G	A	ACSM5	Missense_Mutation	91	8	99	0.08080808080808081	3	2	1	0.3502	1	0.3502	0.3502	False	0.6	3.48
16	20548646	C	T	ACSM2B	Silent	142	42	184	0.22826086956521738	3	2	1	0.9891	1	0.9891	0.9891	True	0.6	3.48
16	20563565	C	T	ACSM2B	Nonsense_Mutation	138	34	172	0.19767441860465115	3	2	1	0.8566	1	0.8566	0.8566	True	0.6	3.48
16	20974677	C	T	DNAH3	Missense_Mutation	23	28	51	0.5490196078431373	3	2	1	2.3791	2	1.1895	1.0	True	0.6	3.48
16	20974678	C	T	DNAH3	Missense_Mutation	23	29	52	0.5576923076923077	3	2	1	2.4167	2	1.2083	1.0	True	0.6	3.48
16	21011568	C	T	DNAH3	Silent	35	28	63	0.4444444444444444	3	2	1	1.9259	2	0.963	0.963	True	0.6	3.48
16	21157305	C	T	DNAH3	Silent	47	15	62	0.24193548387096775	3	2	1	1.0484	1	1.0484	1.0	True	0.6	3.48
16	21709162	C	T	OTOA	Missense_Mutation	54	31	85	0.36470588235294116	3	2	1	1.5804	2	0.7902	0.7902	False	0.6	3.48
16	23197638	C	T	SCNN1G	Missense_Mutation	31	7	38	0.18421052631578946	3	2	1	0.7982	1	0.7982	0.7982	False	0.6	3.48
16	23223406	G	T	SCNN1G	Missense_Mutation	44	33	77	0.42857142857142855	3	2	1	1.8571	2	0.9286	0.9286	True	0.6	3.48
16	23364349	C	T	SCNN1B	Missense_Mutation	81	24	105	0.22857142857142856	3	2	1	0.9905	1	0.9905	0.9905	True	0.6	3.48
16	23428399	G	A	COG7	Missense_Mutation	35	15	50	0.3	3	2	1	1.3	1	1.3	1.0	True	0.6	3.48
16	23581893	G	A	UBFD1	Silent	82	17	99	0.1717171717171717	3	2	1	0.7441	1	0.7441	0.7441	False	0.6	3.48
16	23640972	A	G	PALB2	Missense_Mutation	70	15	85	0.17647058823529413	3	2	1	0.7647	1	0.7647	0.7647	False	0.6	3.48
16	24166021	G	A	PRKCB	Missense_Mutation	37	9	46	0.1956521739130435	3	2	1	0.8478	1	0.8478	0.8478	False	0.6	3.48
16	24192149	G	A	PRKCB	Missense_Mutation	82	10	92	0.10869565217391304	3	2	1	0.471	1	0.471	0.471	False	0.6	3.48
16	24372902	C	T	CACNG3	Silent	47	12	59	0.2033898305084746	3	2	1	0.8814	1	0.8814	0.8814	True	0.6	3.48
16	25182046	C	A	LCMT1	Silent	62	47	109	0.43119266055045874	3	2	1	1.8685	2	0.9343	0.9343	True	0.6	3.48
16	27375055	C	T	IL4R	Silent	71	18	89	0.20224719101123595	3	2	1	0.8764	1	0.8764	0.8764	True	0.6	3.48
16	27460366	C	T	IL21R	Missense_Mutation	40	5	45	0.1111111111111111	3	2	1	0.4815	1	0.4815	0.4815	False	0.6	3.48
16	27495610	G	A	GTF3C1	Missense_Mutation	37	30	67	0.44776119402985076	3	2	1	1.9403	2	0.9701	0.9701	True	0.6	3.48
16	28842057	C	T	ATXN2L	Missense_Mutation	17	18	35	0.5142857142857142	3	2	1	2.2286	2	1.1143	1.0	True	0.6	3.48
16	28844625	C	T	ATXN2L	Silent	41	13	54	0.24074074074074073	3	2	1	1.0432	1	1.0432	1.0	True	0.6	3.48
16	28846987	C	T	ATXN2L	Missense_Mutation	52	12	64	0.1875	3	2	1	0.8125	1	0.8125	0.8125	False	0.6	3.48
16	30020353	C	T	DOC2A	Missense_Mutation	61	17	78	0.21794871794871795	3	2	1	0.9444	1	0.9444	0.9444	True	0.6	3.48
16	30518177	G	A	ITGAL	Silent	78	27	105	0.2571428571428571	3	2	1	1.1143	1	1.1143	1.0	True	0.6	3.48
16	30900257	C	G	BCL7C	Missense_Mutation	82	11	93	0.11827956989247312	3	2	1	0.5125	1	0.5125	0.5125	False	0.6	3.48
16	31075148	G	A	ZNF668	Silent	8	5	13	0.38461538461538464	3	2	1	1.6667	2	0.8333	0.8333	False	0.6	3.48
16	31424240	G	A	ITGAD	Missense_Mutation	61	13	74	0.17567567567567569	3	2	1	0.7613	1	0.7613	0.7613	False	0.6	3.48
16	32264887	G	A	TP53TG3D	Silent	51	9	60	0.15	3	2	1	0.65	1	0.65	0.65	False	0.6	3.48
16	46638319	G	T	SHCBP1	Missense_Mutation	71	45	116	0.3879310344827586	3	2	1	1.681	2	0.8405	0.8405	False	0.6	3.48
16	48119552	C	T	ABCC12	Silent	48	39	87	0.4482758620689655	3	2	1	1.9425	2	0.9713	0.9713	True	0.6	3.48
16	48130803	A	G	ABCC12	Missense_Mutation	36	30	66	0.45454545454545453	3	2	1	1.9697	2	0.9848	0.9848	True	0.6	3.48
16	52497939	C	T	TOX3	Silent	52	30	82	0.36585365853658536	3	2	1	1.5854	2	0.7927	0.7927	False	0.6	3.48
16	53526165	T	A	AKTIP	3'UTR	9	7	16	0.4375	3	2	1	1.8958	2	0.9479	0.9479	True	0.6	3.48
16	54318800	C	T	IRX3	Silent	8	7	15	0.4666666666666667	3	2	1	2.0222	2	1.0111	1.0	True	0.6	3.48
16	55363128	C	T	IRX6	Missense_Mutation	71	10	81	0.12345679012345678	3	2	1	0.535	1	0.535	0.535	False	0.6	3.48
16	57761237	G	A	CCDC135	Silent	82	43	125	0.344	3	2	1	1.4907	1	1.4907	1.0	True	0.6	3.48
16	58036463	C	T	USB1	Missense_Mutation	71	23	94	0.24468085106382978	3	2	1	1.0603	1	1.0603	1.0	True	0.6	3.48
16	58043978	C	T	USB1	Silent	36	28	64	0.4375	3	2	1	1.8958	2	0.9479	0.9479	True	0.6	3.48
16	61687930	C	T	CDH8	Missense_Mutation	75	17	92	0.18478260869565216	3	2	1	0.8007	1	0.8007	0.8007	False	0.6	3.48
16	66919225	G	A	PDP2	Silent	27	27	54	0.5	3	2	1	2.1667	2	1.0833	1.0	True	0.6	3.48
16	66945091	C	T	CDH16	Missense_Mutation	18	12	30	0.4	3	2	1	1.7333	2	0.8667	0.8667	True	0.6	3.48
16	67318673	C	T	PLEKHG4	Missense_Mutation	16	8	24	0.3333333333333333	3	2	1	1.4444	1	1.4444	1.0	True	0.6	3.48
16	67322075	C	T	PLEKHG4	Missense_Mutation	58	32	90	0.35555555555555557	3	2	1	1.5407	2	0.7704	0.7704	False	0.6	3.48
16	68260301	G	A	NFATC3	Missense_Mutation	62	21	83	0.25301204819277107	3	2	1	1.0964	1	1.0964	1.0	True	0.6	3.48
16	68373461	G	A	PRMT7	Missense_Mutation	16	26	42	0.6190476190476191	3	2	1	2.6825	2	1.3413	1.0	True	0.6	3.48
16	68405116	G	A	SMPD3	Silent	40	6	46	0.13043478260869565	3	2	1	0.5652	1	0.5652	0.5652	False	0.6	3.48
16	68894226	C	T	TANGO6	Silent	140	48	188	0.2553191489361702	3	2	1	1.1064	1	1.1064	1.0	True	0.6	3.48
16	69202861	C	T	CIRH1A	3'UTR	42	33	75	0.44	3	2	1	1.9067	2	0.9533	0.9533	True	0.6	3.48
16	70688538	G	A	IL34	Silent	77	12	89	0.1348314606741573	3	2	1	0.5843	1	0.5843	0.5843	False	0.6	3.48
16	70698331	G	A	MTSS1L	Missense_Mutation	12	3	15	0.2	3	2	1	0.8667	1	0.8667	0.8667	True	0.6	3.48
16	70871691	G	A	HYDIN	Missense_Mutation	49	9	58	0.15517241379310345	3	2	1	0.6724	1	0.6724	0.6724	False	0.6	3.48
16	70908741	C	T	HYDIN	Missense_Mutation	14	8	22	0.36363636363636365	3	2	1	1.5758	2	0.7879	0.7879	False	0.6	3.48
16	70916787	C	T	HYDIN	Missense_Mutation	41	35	76	0.4605263157894737	3	2	1	1.9956	2	0.9978	0.9978	True	0.6	3.48
16	70989284	C	T	HYDIN	Missense_Mutation	57	9	66	0.13636363636363635	3	2	1	0.5909	1	0.5909	0.5909	False	0.6	3.48
16	71127753	C	T	HYDIN	Silent	28	20	48	0.4166666666666667	3	2	1	1.8056	2	0.9028	0.9028	True	0.6	3.48
16	71668133	G	A	MARVELD3	Intron	73	25	98	0.25510204081632654	3	2	1	1.1054	1	1.1054	1.0	True	0.6	3.48
16	71682711	G	A	PHLPP2	3'UTR	23	9	32	0.28125	3	2	1	1.2188	1	1.2188	1.0	True	0.6	3.48
16	72132922	C	T	DHX38	Silent	32	7	39	0.1794871794871795	3	2	1	0.7778	1	0.7778	0.7778	False	0.6	3.48
16	74447545	G	A	CLEC18B	Silent	113	17	130	0.13076923076923078	3	2	1	0.5667	1	0.5667	0.5667	False	0.6	3.48
16	75513311	G	A	CHST6	Missense_Mutation	37	6	43	0.13953488372093023	3	2	1	0.6047	1	0.6047	0.6047	False	0.6	3.48
16	75579379	G	A	TMEM231	Silent	67	25	92	0.2717391304347826	3	2	1	1.1775	1	1.1775	1.0	True	0.6	3.48
16	77325226	C	T	ADAMTS18	Silent	91	19	110	0.17272727272727273	3	2	1	0.7485	1	0.7485	0.7485	False	0.6	3.48
16	77398203	G	A	ADAMTS18	Missense_Mutation	42	20	62	0.3225806451612903	3	2	1	1.3978	1	1.3978	1.0	True	0.6	3.48
16	77465421	G	A	ADAMTS18	Missense_Mutation	195	63	258	0.2441860465116279	3	2	1	1.0581	1	1.0581	1.0	True	0.6	3.48
16	80583386	C	G	DYNLRB2	Missense_Mutation	9	9	18	0.5	3	2	1	2.1667	2	1.0833	1.0	True	0.6	3.48
16	80638340	G	A	CDYL2	Missense_Mutation	60	47	107	0.4392523364485981	3	2	1	1.9034	2	0.9517	0.9517	True	0.6	3.48
16	81056470	C	T	CENPN	Intron	33	16	49	0.32653061224489793	3	2	1	1.415	1	1.415	1.0	True	0.6	3.48
16	81134869	G	A	GCSH	5'Flank	30	6	36	0.16666666666666666	3	2	1	0.7222	1	0.7222	0.7222	False	0.6	3.48
16	81142880	C	T	RNU6-1191P	5'Flank	12	4	16	0.25	3	2	1	1.0833	1	1.0833	1.0	True	0.6	3.48
16	81145869	G	A	PKD1L2	RNA	104	29	133	0.21804511278195488	3	2	1	0.9449	1	0.9449	0.9449	True	0.6	3.48
16	81960745	G	A	PLCG2	Missense_Mutation	102	35	137	0.25547445255474455	3	2	1	1.1071	1	1.1071	1.0	True	0.6	3.48
16	81971475	C	T	PLCG2	Silent	28	20	48	0.4166666666666667	3	2	1	1.8056	2	0.9028	0.9028	True	0.6	3.48
16	84067033	G	A	SLC38A8	Missense_Mutation	48	11	59	0.1864406779661017	3	2	1	0.8079	1	0.8079	0.8079	False	0.6	3.48
16	84101344	G	A	MBTPS1	Missense_Mutation	38	7	45	0.15555555555555556	3	2	1	0.6741	1	0.6741	0.6741	False	0.6	3.48
16	84193376	G	A	DNAAF1	Missense_Mutation	42	10	52	0.19230769230769232	3	2	1	0.8333	1	0.8333	0.8333	False	0.6	3.48
16	84456253	G	T	ATP2C2	Missense_Mutation	198	35	233	0.15021459227467812	3	2	1	0.6509	1	0.6509	0.6509	False	0.6	3.48
16	84778852	C	T	USP10	Silent	10	10	20	0.5	3	2	1	2.1667	2	1.0833	1.0	True	0.6	3.48
16	84797807	C	T	USP10	Silent	90	26	116	0.22413793103448276	3	2	1	0.9713	1	0.9713	0.9713	True	0.6	3.48
16	85100626	C	T	KIAA0513	5'UTR	21	7	28	0.25	3	2	1	1.0833	1	1.0833	1.0	True	0.6	3.48
16	85100744	C	T	KIAA0513	Missense_Mutation	41	21	62	0.3387096774193548	3	2	1	1.4677	1	1.4677	1.0	True	0.6	3.48
16	88781504	C	T	CTU2	Missense_Mutation	23	9	32	0.28125	3	2	1	1.2188	1	1.2188	1.0	True	0.6	3.48
16	88872152	T	C	CDT1	Missense_Mutation	41	13	54	0.24074074074074073	3	2	1	1.0432	1	1.0432	1.0	True	0.6	3.48
16	89293871	C	T	ZNF778	Missense_Mutation	63	55	118	0.4661016949152542	3	2	1	2.0198	2	1.0099	1.0	True	0.6	3.48
16	89703943	A	G	DPEP1	Missense_Mutation	56	50	106	0.4716981132075472	2	1	1	1.5723	1	1.5723	1.0	True	0.6	3.48
16	90001540	C	T	TUBB3	Silent	45	9	54	0.16666666666666666	2	1	1	0.5556	1	0.5556	0.5556	False	0.6	3.48
16	90072785	G	A	DBNDD1	Silent	17	12	29	0.41379310344827586	2	1	1	1.3793	1	1.3793	1.0	True	0.6	3.48
16	90124943	C	T	PRDM7	Splice_Site	102	22	124	0.1774193548387097	2	1	1	0.5914	1	0.5914	0.5914	False	0.6	3.48
16	90244184	G	A	FAM157C	RNA	8	11	19	0.5789473684210527	2	1	1	1.9298	1	1.9298	1.0	True	0.6	3.48
17	263446	C	T	C17orf97	Missense_Mutation	6	14	20	0.7	2	1	1	2.3333	1	2.3333	1.0	True	0.6	3.48
17	1582092	G	A	PRPF8	Silent	13	24	37	0.6486486486486487	2	2	0	2.1622	2	1.0811	1.0	True	0.6	3.48
17	1945386	C	T	OVCA2	Silent	4	6	10	0.6	2	2	0	2.0	2	1.0	1.0	True	0.6	3.48
17	3144402	C	T	OR1D4	RNA	7	6	13	0.46153846153846156	2	2	0	1.5385	2	0.7692	0.7692	False	0.6	3.48
17	3324814	G	A	OR3A3	Missense_Mutation	30	42	72	0.5833333333333334	2	2	0	1.9444	2	0.9722	0.9722	True	0.6	3.48
17	3495376	C	G	SHPK	Missense_Mutation	16	14	30	0.4666666666666667	2	2	0	1.5556	2	0.7778	0.7778	False	0.6	3.48
17	4540538	C	T	ALOX15	Missense_Mutation	13	20	33	0.6060606060606061	2	2	0	2.0202	2	1.0101	1.0	True	0.6	3.48
17	4889558	G	A	CAMTA2	Missense_Mutation	5	8	13	0.6153846153846154	2	2	0	2.0513	2	1.0256	1.0	True	0.6	3.48
17	5087191	G	A	ZNF594	Missense_Mutation	11	13	24	0.5416666666666666	2	2	0	1.8056	2	0.9028	0.9028	True	0.6	3.48
17	5425029	C	T	NLRP1	Missense_Mutation	31	32	63	0.5079365079365079	2	2	0	1.6931	2	0.8466	0.8466	False	0.6	3.48
17	7323961	C	T	SPEM1	Missense_Mutation	33	34	67	0.5074626865671642	2	2	0	1.6915	2	0.8458	0.8458	False	0.6	3.48
17	7578400	G	A	TP53	Missense_Mutation	21	26	47	0.5531914893617021	2	2	0	1.844	2	0.922	0.922	True	0.6	3.48
17	7611369	C	T	EFNB3	Silent	41	20	61	0.32786885245901637	2	2	0	1.0929	1	1.0929	1.0	True	0.6	3.48
17	7710628	G	A	DNAH2	Silent	35	46	81	0.5679012345679012	2	2	0	1.893	2	0.9465	0.9465	True	0.6	3.48
17	7750890	C	T	KDM6B	Silent	14	8	22	0.36363636363636365	2	2	0	1.2121	1	1.2121	1.0	True	0.6	3.48
17	7750924	C	T	KDM6B	Missense_Mutation	15	7	22	0.3181818181818182	2	2	0	1.0606	1	1.0606	1.0	True	0.6	3.48
17	7915885	G	A	GUCY2D	Missense_Mutation	27	43	70	0.6142857142857143	2	2	0	2.0476	2	1.0238	1.0	True	0.6	3.48
17	8770921	C	T	PIK3R6	5'UTR	7	16	23	0.6956521739130435	2	2	0	2.3188	2	1.1594	1.0	True	0.6	3.48
17	10224979	G	A	MYH13	Missense_Mutation	13	23	36	0.6388888888888888	2	2	0	2.1296	2	1.0648	1.0	True	0.6	3.48
17	10227386	G	A	MYH13	Silent	11	27	38	0.7105263157894737	2	2	0	2.3684	2	1.1842	1.0	True	0.6	3.48
17	10258257	G	A	MYH13	Missense_Mutation	12	16	28	0.5714285714285714	2	2	0	1.9048	2	0.9524	0.9524	True	0.6	3.48
17	10348361	G	A	MYH4	Missense_Mutation	42	56	98	0.5714285714285714	2	2	0	1.9048	2	0.9524	0.9524	True	0.6	3.48
17	10356592	C	T	MYH4	Silent	67	82	149	0.5503355704697986	2	2	0	1.8345	2	0.9172	0.9172	True	0.6	3.48
17	10399338	C	T	MYH1	Missense_Mutation	21	24	45	0.5333333333333333	2	2	0	1.7778	2	0.8889	0.8889	True	0.6	3.48
17	10408589	G	A	MYH1	Missense_Mutation	26	33	59	0.559322033898305	2	2	0	1.8644	2	0.9322	0.9322	True	0.6	3.48
17	10428661	C	T	MYH2	Silent	8	21	29	0.7241379310344828	2	2	0	2.4138	2	1.2069	1.0	True	0.6	3.48
17	10432099	G	A	MYH2	Nonsense_Mutation	28	44	72	0.6111111111111112	2	2	0	2.037	2	1.0185	1.0	True	0.6	3.48
17	10608567	G	A	ADPRM	Nonsense_Mutation	18	30	48	0.625	2	2	0	2.0833	2	1.0417	1.0	True	0.6	3.48
17	10608568	G	A	ADPRM	Missense_Mutation	17	30	47	0.6382978723404256	2	2	0	2.1277	2	1.0638	1.0	True	0.6	3.48
17	11592929	G	A	DNAH9	Missense_Mutation	42	52	94	0.5531914893617021	2	2	0	1.844	2	0.922	0.922	True	0.6	3.48
17	11593453	G	A	DNAH9	Silent	13	13	26	0.5	2	2	0	1.6667	2	0.8333	0.8333	False	0.6	3.48
17	12661460	C	T	MYOCD	Missense_Mutation	24	26	50	0.52	2	2	0	1.7333	2	0.8667	0.8667	True	0.6	3.48
17	12666536	C	T	MYOCD	Missense_Mutation	44	37	81	0.4567901234567901	2	2	0	1.5226	2	0.7613	0.7613	False	0.6	3.48
17	12666537	C	T	MYOCD	Missense_Mutation	46	38	84	0.4523809523809524	2	2	0	1.5079	2	0.754	0.754	False	0.6	3.48
17	12666806	G	A	MYOCD	Missense_Mutation	14	17	31	0.5483870967741935	2	2	0	1.828	2	0.914	0.914	True	0.6	3.48
17	16256435	G	A	CENPV	Silent	17	3	20	0.15	2	2	0	0.5	1	0.5	0.5	False	0.6	3.48
17	18059562	A	G	MYO15A	Missense_Mutation	15	30	45	0.6666666666666666	2	2	0	2.2222	2	1.1111	1.0	True	0.6	3.48
17	18397704	G	A	LGALS9C	3'UTR	18	13	31	0.41935483870967744	2	2	0	1.3978	1	1.3978	1.0	True	0.6	3.48
17	18397705	G	A	LGALS9C	3'UTR	18	13	31	0.41935483870967744	2	2	0	1.3978	1	1.3978	1.0	True	0.6	3.48
17	18769194	C	T	PRPSAP2	Silent	5	13	18	0.7222222222222222	2	2	0	2.4074	2	1.2037	1.0	True	0.6	3.48
17	18927548	C	T	GRAP	Missense_Mutation	3	7	10	0.7	2	2	0	2.3333	2	1.1667	1.0	True	0.6	3.48
17	20805983	C	T	RP11-344E13.3	RNA	3	6	9	0.6666666666666666	2	2	0	2.2222	2	1.1111	1.0	True	0.6	3.48
17	26850995	C	T	FOXN1	Missense_Mutation	30	8	38	0.21052631578947367	2	2	0	0.7018	1	0.7018	0.7018	False	0.6	3.48
17	27010091	C	T	SUPT6H	Missense_Mutation	7	3	10	0.3	2	2	0	1.0	1	1.0	1.0	True	0.6	3.48
17	29325795	G	A	RNF135	Silent	18	31	49	0.6326530612244898	2	2	0	2.1088	2	1.0544	1.0	True	0.6	3.48
17	29665053	C	T	NF1	Nonsense_Mutation	45	40	85	0.47058823529411764	2	2	0	1.5686	2	0.7843	0.7843	False	0.6	3.48
17	31350947	C	T	ASIC2	Silent	23	35	58	0.603448275862069	2	2	0	2.0115	2	1.0057	1.0	True	0.6	3.48
17	32612782	G	A	CCL11	5'UTR	99	67	166	0.4036144578313253	4	2	2	2.1526	2	1.0763	1.0	True	0.6	3.48
17	33464139	G	A	NLE1	Missense_Mutation	33	31	64	0.484375	4	2	2	2.5833	2	1.2917	1.0	True	0.6	3.48
17	34071945	T	C	GAS2L2	Silent	13	13	26	0.5	4	2	2	2.6667	2	1.3333	1.0	True	0.6	3.48
17	34266389	G	A	LYZL6	5'UTR	72	44	116	0.3793103448275862	4	2	2	2.023	2	1.0115	1.0	True	0.6	3.48
17	35798048	C	T	TADA2A	Intron	11	5	16	0.3125	4	2	2	1.6667	2	0.8333	0.8333	False	0.6	3.48
17	36482276	G	A	GPR179	3'UTR	9	11	20	0.55	4	2	2	2.9333	2	1.4667	1.0	True	0.6	3.48
17	36499507	C	T	GPR179	Missense_Mutation	58	15	73	0.2054794520547945	4	2	2	1.0959	1	1.0959	1.0	True	0.6	3.48
17	36896591	C	T	PCGF2	Missense_Mutation	103	36	139	0.2589928057553957	4	2	2	1.3813	1	1.3813	1.0	True	0.6	3.48
17	36896592	C	T	PCGF2	Missense_Mutation	103	36	139	0.2589928057553957	4	2	2	1.3813	1	1.3813	1.0	True	0.6	3.48
17	36991429	G	A	C17orf98	3'UTR	59	37	96	0.3854166666666667	4	2	2	2.0556	2	1.0278	1.0	True	0.6	3.48
17	37187934	C	T	CTD-2206N4.2	5'Flank	26	7	33	0.21212121212121213	4	2	2	1.1313	1	1.1313	1.0	True	0.6	3.48
17	37369809	G	A	STAC2	Missense_Mutation	60	23	83	0.27710843373493976	4	2	2	1.4779	1	1.4779	1.0	True	0.6	3.48
17	37681031	G	A	CDK12	Missense_Mutation	87	53	140	0.37857142857142856	4	2	2	2.019	2	1.0095	1.0	True	0.6	3.48
17	37762201	C	T	NEUROD2	Missense_Mutation	27	16	43	0.37209302325581395	4	2	2	1.9845	2	0.9922	0.9922	True	0.6	3.48
17	37814692	C	T	STARD3	Missense_Mutation	39	19	58	0.3275862068965517	4	2	2	1.7471	2	0.8736	0.8736	True	0.6	3.48
17	37828938	C	T	PGAP3	3'UTR	8	5	13	0.38461538461538464	4	2	2	2.0513	2	1.0256	1.0	True	0.6	3.48
17	37828939	C	T	PGAP3	3'UTR	8	5	13	0.38461538461538464	4	2	2	2.0513	2	1.0256	1.0	True	0.6	3.48
17	37898921	C	T	GRB7	Silent	73	48	121	0.39669421487603307	4	2	2	2.1157	2	1.0579	1.0	True	0.6	3.48
17	38253337	C	T	NR1D1	Silent	79	30	109	0.27522935779816515	4	2	2	1.4679	1	1.4679	1.0	True	0.6	3.48
17	38812820	C	T	KRT222	Missense_Mutation	53	29	82	0.35365853658536583	4	2	2	1.8862	2	0.9431	0.9431	True	0.6	3.48
17	38856635	C	T	KRT24	Missense_Mutation	197	93	290	0.32068965517241377	4	2	2	1.7103	2	0.8552	0.8552	True	0.6	3.48
17	39156090	A	C	KRTAP3-2	Missense_Mutation	66	34	100	0.34	4	2	2	1.8133	2	0.9067	0.9067	True	0.6	3.48
17	39261747	G	A	KRTAP4-9	Missense_Mutation	27	21	48	0.4375	4	2	2	2.3333	2	1.1667	1.0	True	0.6	3.48
17	39522799	G	A	KRT33B	Silent	56	40	96	0.4166666666666667	4	2	2	2.2222	2	1.1111	1.0	True	0.6	3.48
17	39593660	G	A	KRT38	3'UTR	22	12	34	0.35294117647058826	4	2	2	1.8824	2	0.9412	0.9412	True	0.6	3.48
17	39633394	G	A	KRT35	Missense_Mutation	75	25	100	0.25	4	2	2	1.3333	1	1.3333	1.0	True	0.6	3.48
17	39777023	G	A	KRT17	Missense_Mutation	46	27	73	0.3698630136986301	4	2	2	1.9726	2	0.9863	0.9863	True	0.6	3.48
17	40936554	C	T	WNK4	Missense_Mutation	34	10	44	0.22727272727272727	4	2	2	1.2121	1	1.2121	1.0	True	0.6	3.48
17	41019657	G	A	AOC4P	RNA	26	24	50	0.48	4	2	2	2.56	2	1.28	1.0	True	0.6	3.48
17	41019658	G	A	AOC4P	RNA	26	23	49	0.46938775510204084	4	2	2	2.5034	2	1.2517	1.0	True	0.6	3.48
17	41020169	G	A	AOC4P	RNA	15	9	24	0.375	4	2	2	2.0	2	1.0	1.0	True	0.6	3.48
17	41055989	C	T	G6PC	Missense_Mutation	96	41	137	0.29927007299270075	4	2	2	1.5961	2	0.7981	0.7981	False	0.6	3.48
17	43009596	G	A	KIF18B	Intron	22	21	43	0.4883720930232558	4	2	2	2.6047	2	1.3023	1.0	True	0.6	3.48
17	43011361	G	A	KIF18B	Missense_Mutation	21	6	27	0.2222222222222222	4	2	2	1.1852	1	1.1852	1.0	True	0.6	3.48
17	43924026	C	T	SPPL2C	Missense_Mutation	80	48	128	0.375	4	2	2	2.0	2	1.0	1.0	True	0.6	3.48
17	44061192	C	T	MAPT	Missense_Mutation	63	35	98	0.35714285714285715	4	2	2	1.9048	2	0.9524	0.9524	True	0.6	3.48
17	44109022	G	A	KANSL1	Silent	36	19	55	0.34545454545454546	4	2	2	1.8424	2	0.9212	0.9212	True	0.6	3.48
17	44626399	C	T	LRRC37A2	Silent	205	42	247	0.1700404858299595	4	2	2	0.9069	1	0.9069	0.9069	True	0.6	3.48
17	45361894	C	T	ITGB3	Silent	83	25	108	0.23148148148148148	4	2	2	1.2346	1	1.2346	1.0	True	0.6	3.48
17	45534160	C	G	MRPL45P2	Splice_Site	16	7	23	0.30434782608695654	4	2	2	1.6232	2	0.8116	0.8116	False	0.6	3.48
17	45914489	C	A	LRRC46	3'UTR	57	41	98	0.41836734693877553	4	2	2	2.2313	2	1.1156	1.0	True	0.6	3.48
17	46607762	G	A	HOXB1	Missense_Mutation	48	13	61	0.21311475409836064	4	2	2	1.1366	1	1.1366	1.0	True	0.6	3.48
17	46622343	C	T	HOXB2	5'UTR	8	10	18	0.5555555555555556	4	2	2	2.963	2	1.4815	1.0	True	0.6	3.48
17	47115560	G	A	IGF2BP1	Silent	59	42	101	0.4158415841584158	4	2	2	2.2178	2	1.1089	1.0	True	0.6	3.48
17	47233948	G	A	B4GALNT2	Missense_Mutation	79	42	121	0.34710743801652894	4	2	2	1.8512	2	0.9256	0.9256	True	0.6	3.48
17	47587845	G	A	NGFR	Missense_Mutation	53	25	78	0.32051282051282054	4	2	2	1.7094	2	0.8547	0.8547	True	0.6	3.48
17	47893179	C	T	KAT7	Silent	78	36	114	0.3157894736842105	4	2	2	1.6842	2	0.8421	0.8421	False	0.6	3.48
17	48226561	C	T	PPP1R9B	Missense_Mutation	6	10	16	0.625	4	2	2	3.3333	2	1.6667	1.0	True	0.6	3.48
17	48266534	G	A	COL1A1	Missense_Mutation	23	22	45	0.4888888888888889	4	2	2	2.6074	2	1.3037	1.0	True	0.6	3.48
17	48450550	C	T	MRPL27	5'UTR	34	5	39	0.1282051282051282	4	2	2	0.6838	1	0.6838	0.6838	False	0.6	3.48
17	48597082	A	G	MYCBPAP	Missense_Mutation	33	21	54	0.3888888888888889	4	2	2	2.0741	2	1.037	1.0	True	0.6	3.48
17	48694796	C	T	CACNA1G	Intron	20	17	37	0.4594594594594595	4	2	2	2.4505	2	1.2252	1.0	True	0.6	3.48
17	48696344	C	T	CACNA1G	Missense_Mutation	10	4	14	0.2857142857142857	4	2	2	1.5238	2	0.7619	0.7619	False	0.6	3.48
17	56247058	C	T	OR4D2	Silent	95	46	141	0.3262411347517731	4	2	2	1.74	2	0.87	0.87	True	0.6	3.48
17	56272328	C	T	EPX	Missense_Mutation	17	6	23	0.2608695652173913	4	2	2	1.3913	1	1.3913	1.0	True	0.6	3.48
17	56349253	C	T	MPO	Missense_Mutation	78	41	119	0.3445378151260504	4	2	2	1.8375	2	0.9188	0.9188	True	0.6	3.48
17	57684590	C	T	DHX40	3'UTR	40	28	68	0.4117647058823529	4	2	2	2.1961	2	1.098	1.0	True	0.6	3.48
17	59557286	C	T	TBX4	Silent	74	40	114	0.3508771929824561	4	2	2	1.8713	2	0.9357	0.9357	True	0.6	3.48
17	60344530	G	A	TBC1D3P2	RNA	187	125	312	0.40064102564102566	4	2	2	2.1368	2	1.0684	1.0	True	0.6	3.48
17	60813145	G	A	MARCH10	Intron	4	4	8	0.5	4	2	2	2.6667	2	1.3333	1.0	True	0.6	3.48
17	61908868	C	T	PSMC5	Silent	71	34	105	0.3238095238095238	4	2	2	1.727	2	0.8635	0.8635	True	0.6	3.48
17	61910990	G	A	SMARCD2	Missense_Mutation	73	45	118	0.3813559322033898	4	2	2	2.0339	2	1.0169	1.0	True	0.6	3.48
17	61950972	C	T	CSH2	Translation_Start_Site	33	7	40	0.175	4	2	2	0.9333	1	0.9333	0.9333	True	0.6	3.48
17	61995778	G	A	GH1	Silent	128	74	202	0.36633663366336633	4	2	2	1.9538	2	0.9769	0.9769	True	0.6	3.48
17	62461626	G	A	MILR1	Missense_Mutation	19	7	26	0.2692307692307692	4	2	2	1.4359	1	1.4359	1.0	True	0.6	3.48
17	62781359	A	G	hsa-mir-6080	5'Flank	16	6	22	0.2727272727272727	4	2	2	1.4545	1	1.4545	1.0	True	0.6	3.48
17	63223527	G	A	RGS9	3'UTR	12	10	22	0.45454545454545453	4	2	2	2.4242	2	1.2121	1.0	True	0.6	3.48
17	64092741	G	A	CEP112	Missense_Mutation	39	4	43	0.09302325581395349	4	2	2	0.4961	1	0.4961	0.4961	False	0.6	3.48
17	66878036	G	A	ABCA8	Missense_Mutation	61	46	107	0.42990654205607476	4	2	2	2.2928	2	1.1464	1.0	True	0.6	3.48
17	68128626	G	A	KCNJ16	Missense_Mutation	30	23	53	0.4339622641509434	4	2	2	2.3145	2	1.1572	1.0	True	0.6	3.48
17	72305507	G	A	DNAI2	Missense_Mutation	47	9	56	0.16071428571428573	4	2	2	0.8571	1	0.8571	0.8571	True	0.6	3.48
17	72518849	G	A	CD300LB	3'UTR	51	34	85	0.4	4	2	2	2.1333	2	1.0667	1.0	True	0.6	3.48
17	72522044	C	T	CD300LB	Silent	101	77	178	0.43258426966292135	4	2	2	2.3071	2	1.1536	1.0	True	0.6	3.48
17	72943179	C	T	OTOP3	Missense_Mutation	51	13	64	0.203125	4	2	2	1.0833	1	1.0833	1.0	True	0.6	3.48
17	73059132	C	T	KCTD2	Missense_Mutation	31	8	39	0.20512820512820512	4	2	2	1.094	1	1.094	1.0	True	0.6	3.48
17	73565087	G	A	LLGL2	Missense_Mutation	19	9	28	0.32142857142857145	4	2	2	1.7143	2	0.8571	0.8571	True	0.6	3.48
17	73947504	G	A	ACOX1	Silent	73	34	107	0.3177570093457944	4	2	2	1.6947	2	0.8474	0.8474	False	0.6	3.48
17	73998186	C	T	CDK3	Missense_Mutation	62	19	81	0.2345679012345679	4	2	2	1.251	1	1.251	1.0	True	0.6	3.48
17	74003610	G	A	EVPL	Silent	73	34	107	0.3177570093457944	4	2	2	1.6947	2	0.8474	0.8474	False	0.6	3.48
17	74013831	G	A	EVPL	Missense_Mutation	51	28	79	0.35443037974683544	4	2	2	1.8903	2	0.9451	0.9451	True	0.6	3.48
17	74015007	C	T	EVPL	Nonsense_Mutation	33	29	62	0.46774193548387094	4	2	2	2.4946	2	1.2473	1.0	True	0.6	3.48
17	74464865	G	A	AANAT	Missense_Mutation	12	12	24	0.5	4	2	2	2.6667	2	1.3333	1.0	True	0.6	3.48
17	75202465	C	T	SEC14L1	Missense_Mutation	42	31	73	0.4246575342465753	4	2	2	2.2648	2	1.1324	1.0	True	0.6	3.48
17	76201792	C	T	AFMID	Silent	30	14	44	0.3181818181818182	4	2	2	1.697	2	0.8485	0.8485	False	0.6	3.48
17	76437248	G	A	DNAH17	Silent	34	24	58	0.41379310344827586	4	2	2	2.2069	2	1.1034	1.0	True	0.6	3.48
17	76794553	G	A	USP36	Silent	77	48	125	0.384	4	2	2	2.048	2	1.024	1.0	True	0.6	3.48
17	78073401	C	T	CCDC40	Silent	58	7	65	0.1076923076923077	4	2	2	0.5744	1	0.5744	0.5744	False	0.6	3.48
17	78336975	C	T	RNF213	Missense_Mutation	59	37	96	0.3854166666666667	4	2	2	2.0556	2	1.0278	1.0	True	0.6	3.48
17	78358865	C	A	RNF213	Missense_Mutation	50	24	74	0.32432432432432434	4	2	2	1.7297	2	0.8649	0.8649	True	0.6	3.48
17	78858875	C	T	RPTOR	Missense_Mutation	9	11	20	0.55	4	2	2	2.9333	2	1.4667	1.0	True	0.6	3.48
17	78897336	G	A	RPTOR	Missense_Mutation	30	21	51	0.4117647058823529	4	2	2	2.1961	2	1.098	1.0	True	0.6	3.48
17	79225062	G	A	SLC38A10	Intron	123	77	200	0.385	4	2	2	2.0533	2	1.0267	1.0	True	0.6	3.48
17	79973189	C	T	ASPSCR1	Missense_Mutation	30	12	42	0.2857142857142857	4	2	2	1.5238	2	0.7619	0.7619	False	0.6	3.48
17	80010326	G	A	GPS1	Silent	20	4	24	0.16666666666666666	4	2	2	0.8889	1	0.8889	0.8889	True	0.6	3.48
17	80019527	G	A	DUS1L	Missense_Mutation	30	21	51	0.4117647058823529	4	2	2	2.1961	2	1.098	1.0	True	0.6	3.48
17	80616565	G	A	RAB40B	Silent	28	17	45	0.37777777777777777	4	2	2	2.0148	2	1.0074	1.0	True	0.6	3.48
18	6971939	C	T	LAMA1	Silent	43	6	49	0.12244897959183673	3	2	1	0.5306	1	0.5306	0.5306	False	0.6	3.48
18	7231809	C	T	LRRC30	Missense_Mutation	35	16	51	0.3137254901960784	3	2	1	1.3595	1	1.3595	1.0	True	0.6	3.48
18	13826435	G	A	MC5R	Missense_Mutation	138	41	179	0.22905027932960895	3	2	1	0.9926	1	0.9926	0.9926	True	0.6	3.48
18	13885395	C	T	MC2R	Silent	25	13	38	0.34210526315789475	3	2	1	1.4825	1	1.4825	1.0	True	0.6	3.48
18	13885413	G	A	MC2R	Silent	31	12	43	0.27906976744186046	3	2	1	1.2093	1	1.2093	1.0	True	0.6	3.48
18	19997311	G	A	CTAGE1	Missense_Mutation	123	30	153	0.19607843137254902	3	2	1	0.8497	1	0.8497	0.8497	False	0.6	3.48
18	20564881	C	T	RBBP8	Missense_Mutation	54	21	75	0.28	3	2	1	1.2133	1	1.2133	1.0	True	0.6	3.48
18	22029803	C	T	IMPACT	Silent	21	13	34	0.38235294117647056	3	2	1	1.6569	2	0.8284	0.8284	False	0.6	3.48
18	25543453	G	A	CDH2	Silent	30	6	36	0.16666666666666666	3	2	1	0.7222	1	0.7222	0.7222	False	0.6	3.48
18	28710434	C	T	DSC1	3'UTR	24	22	46	0.4782608695652174	3	2	1	2.0725	2	1.0362	1.0	True	0.6	3.48
18	28711619	C	T	DSC1	Missense_Mutation	100	30	130	0.23076923076923078	3	2	1	1.0	1	1.0	1.0	True	0.6	3.48
18	28914104	G	A	DSG1	Missense_Mutation	48	49	97	0.5051546391752577	3	2	1	2.189	2	1.0945	1.0	True	0.6	3.48
18	28916386	C	T	DSG1	Missense_Mutation	29	9	38	0.23684210526315788	3	2	1	1.0263	1	1.0263	1.0	True	0.6	3.48
18	29044213	G	A	DSG3	Missense_Mutation	28	24	52	0.46153846153846156	3	2	1	2.0	2	1.0	1.0	True	0.6	3.48
18	29044228	C	T	DSG3	Missense_Mutation	27	22	49	0.4489795918367347	3	2	1	1.9456	2	0.9728	0.9728	True	0.6	3.48
18	29045359	G	A	DSG3	Missense_Mutation	53	14	67	0.208955223880597	3	2	1	0.9055	1	0.9055	0.9055	True	0.6	3.48
18	29049078	G	A	DSG3	Missense_Mutation	104	36	140	0.2571428571428571	3	2	1	1.1143	1	1.1143	1.0	True	0.6	3.48
18	29054340	G	A	DSG3	Missense_Mutation	73	21	94	0.22340425531914893	3	2	1	0.9681	1	0.9681	0.9681	True	0.6	3.48
18	29122529	G	A	DSG2	Missense_Mutation	49	26	75	0.3466666666666667	3	2	1	1.5022	2	0.7511	0.7511	False	0.6	3.48
18	29339869	C	T	SLC25A52	Silent	22	23	45	0.5111111111111111	3	2	1	2.2148	2	1.1074	1.0	True	0.6	3.48
18	29437927	G	A	TRAPPC8	Missense_Mutation	72	53	125	0.424	3	2	1	1.8373	2	0.9187	0.9187	True	0.6	3.48
18	30093442	G	A	WBP11P1	RNA	50	57	107	0.5327102803738317	3	2	1	2.3084	2	1.1542	1.0	True	0.6	3.48
18	30093443	G	A	WBP11P1	RNA	51	59	110	0.5363636363636364	3	2	1	2.3242	2	1.1621	1.0	True	0.6	3.48
18	30847258	C	T	CCDC178	Missense_Mutation	48	42	90	0.4666666666666667	3	2	1	2.0222	2	1.0111	1.0	True	0.6	3.48
18	31599502	C	T	NOL4	Missense_Mutation	30	22	52	0.4230769230769231	3	2	1	1.8333	2	0.9167	0.9167	True	0.6	3.48
18	32398222	G	A	DTNA	Silent	51	14	65	0.2153846153846154	3	2	1	0.9333	1	0.9333	0.9333	True	0.6	3.48
18	32398223	G	A	DTNA	Missense_Mutation	50	14	64	0.21875	3	2	1	0.9479	1	0.9479	0.9479	True	0.6	3.48
18	32837906	A	G	ZSCAN30	Intron	44	32	76	0.42105263157894735	3	2	1	1.8246	2	0.9123	0.9123	True	0.6	3.48
18	34753042	C	T	KIAA1328	Silent	54	42	96	0.4375	3	2	1	1.8958	2	0.9479	0.9479	True	0.6	3.48
18	34753043	C	T	KIAA1328	Missense_Mutation	54	42	96	0.4375	3	2	1	1.8958	2	0.9479	0.9479	True	0.6	3.48
18	40695513	A	G	RIT2	5'UTR	35	6	41	0.14634146341463414	3	2	1	0.6341	1	0.6341	0.6341	False	0.6	3.48
18	40854289	C	T	SYT4	Nonsense_Mutation	33	13	46	0.2826086956521739	3	2	1	1.2246	1	1.2246	1.0	True	0.6	3.48
18	42281737	C	T	SETBP1	Silent	31	23	54	0.42592592592592593	3	2	1	1.8457	2	0.9228	0.9228	True	0.6	3.48
18	43221253	C	G	SLC14A2	Missense_Mutation	36	9	45	0.2	3	2	1	0.8667	1	0.8667	0.8667	True	0.6	3.48
18	44560283	C	T	TCEB3B	Silent	71	29	100	0.29	3	2	1	1.2567	1	1.2567	1.0	True	0.6	3.48
18	46468879	C	T	SMAD7	Silent	146	39	185	0.21081081081081082	3	2	1	0.9135	1	0.9135	0.9135	True	0.6	3.48
18	47008561	G	A	C18orf32	3'UTR	16	4	20	0.2	3	2	1	0.8667	1	0.8667	0.8667	True	0.6	3.48
18	47352939	T	G	MYO5B	Missense_Mutation	39	27	66	0.4090909090909091	3	2	1	1.7727	2	0.8864	0.8864	True	0.6	3.48
18	47428972	C	T	MYO5B	Missense_Mutation	59	22	81	0.2716049382716049	3	2	1	1.177	1	1.177	1.0	True	0.6	3.48
18	47480796	C	T	MYO5B	Missense_Mutation	37	27	64	0.421875	3	2	1	1.8281	2	0.9141	0.9141	True	0.6	3.48
18	47566675	A	T	MYO5B	Missense_Mutation	150	105	255	0.4117647058823529	3	2	1	1.7843	2	0.8922	0.8922	True	0.6	3.48
18	47765069	C	T	CCDC11	Missense_Mutation	21	17	38	0.4473684210526316	3	2	1	1.9386	2	0.9693	0.9693	True	0.6	3.48
18	47911610	T	G	SKA1	Silent	105	32	137	0.23357664233576642	3	2	1	1.0122	1	1.0122	1.0	True	0.6	3.48
18	50450136	G	A	DCC	Missense_Mutation	27	30	57	0.5263157894736842	3	2	1	2.2807	2	1.1404	1.0	True	0.6	3.48
18	50866254	G	A	DCC	Missense_Mutation	32	7	39	0.1794871794871795	3	2	1	0.7778	1	0.7778	0.7778	False	0.6	3.48
18	50912476	T	A	DCC	Missense_Mutation	41	14	55	0.2545454545454545	3	2	1	1.103	1	1.103	1.0	True	0.6	3.48
18	50918214	C	T	DCC	Missense_Mutation	41	29	70	0.4142857142857143	3	2	1	1.7952	2	0.8976	0.8976	True	0.6	3.48
18	50937012	G	A	DCC	Silent	31	25	56	0.44642857142857145	3	2	1	1.9345	2	0.9673	0.9673	True	0.6	3.48
18	54339790	G	A	WDR7	Missense_Mutation	22	25	47	0.5319148936170213	3	2	1	2.305	2	1.1525	1.0	True	0.6	3.48
18	54424156	C	T	WDR7	Missense_Mutation	26	6	32	0.1875	3	2	1	0.8125	1	0.8125	0.8125	False	0.6	3.48
18	54424157	C	T	WDR7	Missense_Mutation	26	6	32	0.1875	3	2	1	0.8125	1	0.8125	0.8125	False	0.6	3.48
18	55024564	C	T	ST8SIA3	Silent	43	20	63	0.31746031746031744	3	2	1	1.3757	1	1.3757	1.0	True	0.6	3.48
18	55319961	C	T	ATP8B1	Missense_Mutation	33	34	67	0.5074626865671642	3	2	1	2.199	2	1.0995	1.0	True	0.6	3.48
18	56274597	C	T	ALPK2	Missense_Mutation	44	39	83	0.46987951807228917	3	2	1	2.0361	2	1.0181	1.0	True	0.6	3.48
18	57014785	G	A	LMAN1	Missense_Mutation	14	20	34	0.5882352941176471	3	2	1	2.549	2	1.2745	1.0	True	0.6	3.48
18	59157870	T	A	CDH20	Silent	33	35	68	0.5147058823529411	3	2	1	2.2304	2	1.1152	1.0	True	0.6	3.48
18	59483237	C	T	RNF152	Missense_Mutation	35	30	65	0.46153846153846156	3	2	1	2.0	2	1.0	1.0	True	0.6	3.48
18	59483735	G	A	RNF152	5'UTR	47	18	65	0.27692307692307694	3	2	1	1.2	1	1.2	1.0	True	0.6	3.48
18	61233848	G	A	SERPINB12	Silent	84	48	132	0.36363636363636365	3	2	1	1.5758	2	0.7879	0.7879	False	0.6	3.48
18	61261698	A	G	SERPINB13	Silent	36	10	46	0.21739130434782608	3	2	1	0.942	1	0.942	0.942	True	0.6	3.48
18	61304960	G	A	SERPINB4	Missense_Mutation	49	61	110	0.5545454545454546	3	2	1	2.403	2	1.2015	1.0	True	0.6	3.48
18	61324085	C	T	SERPINB3	Missense_Mutation	35	50	85	0.5882352941176471	3	2	1	2.549	2	1.2745	1.0	True	0.6	3.48
18	61324626	G	A	SERPINB3	Missense_Mutation	42	32	74	0.43243243243243246	3	2	1	1.8739	2	0.9369	0.9369	True	0.6	3.48
18	61377546	G	A	SERPINB11	Missense_Mutation	37	18	55	0.32727272727272727	3	2	1	1.4182	1	1.4182	1.0	True	0.6	3.48
18	61587039	G	A	SERPINB10	Missense_Mutation	52	9	61	0.14754098360655737	3	2	1	0.6393	1	0.6393	0.6393	False	0.6	3.48
18	61620722	C	T	HMSD	Silent	12	13	25	0.52	3	2	1	2.2533	2	1.1267	1.0	True	0.6	3.48
18	65180536	G	A	DSEL	Missense_Mutation	31	12	43	0.27906976744186046	3	2	1	1.2093	1	1.2093	1.0	True	0.6	3.48
18	70532848	G	A	NETO1	Intron	10	11	21	0.5238095238095238	3	2	1	2.2698	2	1.1349	1.0	True	0.6	3.48
18	72234659	C	T	CNDP1	Silent	50	9	59	0.15254237288135594	3	2	1	0.661	1	0.661	0.661	False	0.6	3.48
18	74153874	G	A	ZNF516	Silent	5	4	9	0.4444444444444444	3	2	1	1.9259	2	0.963	0.963	True	0.6	3.48
18	76870473	C	T	ATP9B	Nonsense_Mutation	19	11	30	0.36666666666666664	3	2	1	1.5889	2	0.7944	0.7944	False	0.6	3.48
19	897435	C	T	R3HDM4	3'UTR	13	8	21	0.38095238095238093	4	2	2	2.0317	2	1.0159	1.0	True	0.6	3.48
19	971922	C	T	ARID3A	Missense_Mutation	45	26	71	0.36619718309859156	4	2	2	1.9531	2	0.9765	0.9765	True	0.6	3.48
19	1013325	G	A	TMEM259	Silent	56	25	81	0.30864197530864196	4	2	2	1.6461	2	0.823	0.823	False	0.6	3.48
19	1507247	G	A	ADAMTSL5	Silent	79	41	120	0.3416666666666667	4	2	2	1.8222	2	0.9111	0.9111	True	0.6	3.48
19	1785695	C	T	ATP8B3	Missense_Mutation	12	10	22	0.45454545454545453	4	2	2	2.4242	2	1.2121	1.0	True	0.6	3.48
19	1881283	G	A	ABHD17A	Missense_Mutation	43	24	67	0.3582089552238806	4	2	2	1.9104	2	0.9552	0.9552	True	0.6	3.48
19	1978940	G	A	CSNK1G2	Missense_Mutation	39	23	62	0.3709677419354839	4	2	2	1.9785	2	0.9892	0.9892	True	0.6	3.48
19	2408447	C	T	TMPRSS9	Silent	61	33	94	0.35106382978723405	4	2	2	1.8723	2	0.9362	0.9362	True	0.6	3.48
19	2422192	G	A	TMPRSS9	Missense_Mutation	71	37	108	0.3425925925925926	4	2	2	1.8272	2	0.9136	0.9136	True	0.6	3.48
19	2717175	G	A	DIRAS1	3'UTR	54	50	104	0.4807692307692308	4	2	2	2.5641	2	1.2821	1.0	True	0.6	3.48
19	2811680	C	T	THOP1	Missense_Mutation	43	26	69	0.37681159420289856	4	2	2	2.0097	2	1.0048	1.0	True	0.6	3.48
19	2873574	C	T	ZNF556	Silent	56	40	96	0.4166666666666667	4	2	2	2.2222	2	1.1111	1.0	True	0.6	3.48
19	3005910	G	A	TLE2	Silent	46	32	78	0.41025641025641024	4	2	2	2.188	2	1.094	1.0	True	0.6	3.48
19	3019644	G	A	TLE2	Intron	7	5	12	0.4166666666666667	4	2	2	2.2222	2	1.1111	1.0	True	0.6	3.48
19	4054681	G	A	ZBTB7A	Missense_Mutation	5	5	10	0.5	4	2	2	2.6667	2	1.3333	1.0	True	0.6	3.48
19	4249240	G	A	CCDC94	Missense_Mutation	32	17	49	0.3469387755102041	4	2	2	1.8503	2	0.9252	0.9252	True	0.6	3.48
19	4254406	C	T	CCDC94	Nonsense_Mutation	39	23	62	0.3709677419354839	4	2	2	1.9785	2	0.9892	0.9892	True	0.6	3.48
19	4280097	G	A	SHD	Missense_Mutation	18	9	27	0.3333333333333333	4	2	2	1.7778	2	0.8889	0.8889	True	0.6	3.48
19	4429766	C	T	CHAF1A	Missense_Mutation	95	47	142	0.33098591549295775	4	2	2	1.7653	2	0.8826	0.8826	True	0.6	3.48
19	4512668	G	A	PLIN4	Missense_Mutation	68	48	116	0.41379310344827586	4	2	2	2.2069	2	1.1034	1.0	True	0.6	3.48
19	4529273	G	A	PLIN5	Intron	56	34	90	0.37777777777777777	4	2	2	2.0148	2	1.0074	1.0	True	0.6	3.48
19	4683486	C	T	DPP9	Intron	35	27	62	0.43548387096774194	4	2	2	2.3226	2	1.1613	1.0	True	0.6	3.48
19	5220054	G	A	PTPRS	Missense_Mutation	51	34	85	0.4	4	2	2	2.1333	2	1.0667	1.0	True	0.6	3.48
19	5729904	G	A	CATSPERD	Missense_Mutation	57	38	95	0.4	4	2	2	2.1333	2	1.0667	1.0	True	0.6	3.48
19	6906464	G	A	EMR1	Missense_Mutation	51	24	75	0.32	4	2	2	1.7067	2	0.8533	0.8533	True	0.6	3.48
19	7521226	C	T	ARHGEF18	Silent	362	204	566	0.36042402826855124	4	2	2	1.9223	2	0.9611	0.9611	True	0.6	3.48
19	7614993	C	T	PNPLA6	Silent	58	35	93	0.3763440860215054	4	2	2	2.0072	2	1.0036	1.0	True	0.6	3.48
19	7998441	A	C	TIMM44	Missense_Mutation	156	62	218	0.28440366972477066	4	2	2	1.5168	2	0.7584	0.7584	False	0.6	3.48
19	8176036	G	A	FBN3	Silent	35	13	48	0.2708333333333333	4	2	2	1.4444	1	1.4444	1.0	True	0.6	3.48
19	8576329	G	A	ZNF414	Intron	14	3	17	0.17647058823529413	4	2	2	0.9412	1	0.9412	0.9412	True	0.6	3.48
19	8604837	C	T	MYO1F	Silent	33	27	60	0.45	4	2	2	2.4	2	1.2	1.0	True	0.6	3.48
19	8841876	C	T	OR2Z1	Silent	93	71	164	0.4329268292682927	4	2	2	2.3089	2	1.1545	1.0	True	0.6	3.48
19	8953432	C	T	MBD3L1	Silent	25	18	43	0.4186046511627907	4	2	2	2.2326	2	1.1163	1.0	True	0.6	3.48
19	8993443	C	T	MUC16	Silent	68	48	116	0.41379310344827586	4	2	2	2.2069	2	1.1034	1.0	True	0.6	3.48
19	9008192	C	T	MUC16	Silent	145	82	227	0.36123348017621143	4	2	2	1.9266	2	0.9633	0.9633	True	0.6	3.48
19	9008193	C	T	MUC16	Missense_Mutation	144	82	226	0.36283185840707965	4	2	2	1.9351	2	0.9676	0.9676	True	0.6	3.48
19	9024193	C	T	MUC16	Missense_Mutation	17	7	24	0.2916666666666667	4	2	2	1.5556	2	0.7778	0.7778	False	0.6	3.48
19	9027222	G	A	MUC16	Missense_Mutation	15	5	20	0.25	4	2	2	1.3333	1	1.3333	1.0	True	0.6	3.48
19	9046853	G	A	MUC16	Missense_Mutation	58	31	89	0.34831460674157305	4	2	2	1.8577	2	0.9288	0.9288	True	0.6	3.48
19	9048058	C	T	MUC16	Missense_Mutation	23	19	42	0.4523809523809524	4	2	2	2.4127	2	1.2063	1.0	True	0.6	3.48
19	9048675	C	T	MUC16	Missense_Mutation	48	29	77	0.37662337662337664	4	2	2	2.0087	2	1.0043	1.0	True	0.6	3.48
19	9057605	C	T	MUC16	Missense_Mutation	201	135	336	0.4017857142857143	4	2	2	2.1429	2	1.0714	1.0	True	0.6	3.48
19	9061493	C	T	MUC16	Silent	52	26	78	0.3333333333333333	4	2	2	1.7778	2	0.8889	0.8889	True	0.6	3.48
19	9061789	G	A	MUC16	Missense_Mutation	34	6	40	0.15	4	2	2	0.8	1	0.8	0.8	False	0.6	3.48
19	9066175	C	T	MUC16	Missense_Mutation	45	21	66	0.3181818181818182	4	2	2	1.697	2	0.8485	0.8485	False	0.6	3.48
19	9068160	G	A	MUC16	Missense_Mutation	136	72	208	0.34615384615384615	4	2	2	1.8462	2	0.9231	0.9231	True	0.6	3.48
19	9071105	C	T	MUC16	Silent	140	90	230	0.391304347826087	4	2	2	2.087	2	1.0435	1.0	True	0.6	3.48
19	9071673	G	A	MUC16	Missense_Mutation	93	44	137	0.32116788321167883	4	2	2	1.7129	2	0.8564	0.8564	True	0.6	3.48
19	9073701	G	A	MUC16	Missense_Mutation	49	21	70	0.3	4	2	2	1.6	2	0.8	0.8	False	0.6	3.48
19	9074883	G	A	MUC16	Missense_Mutation	74	35	109	0.3211009174311927	4	2	2	1.7125	2	0.8563	0.8563	True	0.6	3.48
19	9076887	G	A	MUC16	Missense_Mutation	122	65	187	0.34759358288770054	4	2	2	1.8538	2	0.9269	0.9269	True	0.6	3.48
19	9088356	G	A	MUC16	Silent	69	36	105	0.34285714285714286	4	2	2	1.8286	2	0.9143	0.9143	True	0.6	3.48
19	9212964	C	T	OR7G2	Missense_Mutation	45	22	67	0.3283582089552239	4	2	2	1.7512	2	0.8756	0.8756	True	0.6	3.48
19	9270815	C	T	ZNF317	Missense_Mutation	47	21	68	0.3088235294117647	4	2	2	1.6471	2	0.8235	0.8235	False	0.6	3.48
19	9270816	C	T	ZNF317	Silent	47	21	68	0.3088235294117647	4	2	2	1.6471	2	0.8235	0.8235	False	0.6	3.48
19	9324628	C	T	OR7D4	Missense_Mutation	56	6	62	0.0967741935483871	4	2	2	0.5161	1	0.5161	0.5161	False	0.6	3.48
19	9324872	G	A	OR7D4	Silent	74	37	111	0.3333333333333333	4	2	2	1.7778	2	0.8889	0.8889	True	0.6	3.48
19	9801330	C	T	ZNF812	Silent	56	26	82	0.3170731707317073	4	2	2	1.6911	2	0.8455	0.8455	False	0.6	3.48
19	10071003	G	A	COL5A3	3'UTR	9	6	15	0.4	4	2	2	2.1333	2	1.0667	1.0	True	0.6	3.48
19	10124124	A	G	RDH8	Missense_Mutation	33	22	55	0.4	4	2	2	2.1333	2	1.0667	1.0	True	0.6	3.48
19	10405091	G	A	ICAM5	Missense_Mutation	42	17	59	0.288135593220339	4	2	2	1.5367	2	0.7684	0.7684	False	0.6	3.48
19	10600376	C	T	KEAP1	Silent	74	39	113	0.34513274336283184	4	2	2	1.8407	2	0.9204	0.9204	True	0.6	3.48
19	10685607	G	A	AP1M2	Silent	9	9	18	0.5	4	2	2	2.6667	2	1.3333	1.0	True	0.6	3.48
19	11100040	C	T	SMARCA4	Missense_Mutation	91	45	136	0.33088235294117646	4	2	2	1.7647	2	0.8824	0.8824	True	0.6	3.48
19	11304039	G	A	KANK2	Silent	16	11	27	0.4074074074074074	2	2	0	1.358	1	1.358	1.0	True	0.6	3.48
19	11304040	G	A	KANK2	Missense_Mutation	16	11	27	0.4074074074074074	2	2	0	1.358	1	1.358	1.0	True	0.6	3.48
19	11338069	C	T	DOCK6	Missense_Mutation	4	9	13	0.6923076923076923	2	2	0	2.3077	2	1.1538	1.0	True	0.6	3.48
19	11505065	G	A	RGL3	3'UTR	20	40	60	0.6666666666666666	2	2	0	2.2222	2	1.1111	1.0	True	0.6	3.48
19	11892195	G	A	ZNF441	Missense_Mutation	19	15	34	0.4411764705882353	2	2	0	1.4706	1	1.4706	1.0	True	0.6	3.48
19	11917700	C	T	ZNF491	Missense_Mutation	8	16	24	0.6666666666666666	2	2	0	2.2222	2	1.1111	1.0	True	0.6	3.48
19	12800063	G	A	FBXW9	Silent	10	16	26	0.6153846153846154	2	2	0	2.0513	2	1.0256	1.0	True	0.6	3.48
19	13418658	C	T	CACNA1A	Missense_Mutation	52	22	74	0.2972972972972973	2	2	0	0.991	1	0.991	0.991	True	0.6	3.48
19	15791299	G	A	CYP4F12	Silent	17	20	37	0.5405405405405406	2	2	0	1.8018	2	0.9009	0.9009	True	0.6	3.48
19	15807246	G	A	CYP4F12	Missense_Mutation	42	52	94	0.5531914893617021	2	2	0	1.844	2	0.922	0.922	True	0.6	3.48
19	15852646	G	A	OR10H3	Nonsense_Mutation	24	41	65	0.6307692307692307	2	2	0	2.1026	2	1.0513	1.0	True	0.6	3.48
19	16496019	G	A	EPS15L1	Missense_Mutation	90	51	141	0.3617021276595745	4	2	2	1.9291	2	0.9645	0.9645	True	0.6	3.48
19	16860716	C	T	NWD1	Silent	74	43	117	0.36752136752136755	4	2	2	1.9601	2	0.9801	0.9801	True	0.6	3.48
19	16910856	G	A	NWD1	Missense_Mutation	32	20	52	0.38461538461538464	4	2	2	2.0513	2	1.0256	1.0	True	0.6	3.48
19	16977229	C	T	SIN3B	Silent	35	23	58	0.39655172413793105	4	2	2	2.1149	2	1.0575	1.0	True	0.6	3.48
19	17001318	G	A	F2RL3	Silent	19	6	25	0.24	4	2	2	1.28	1	1.28	1.0	True	0.6	3.48
19	19431306	C	T	SUGP1	5'UTR	64	44	108	0.4074074074074074	4	2	2	2.1728	2	1.0864	1.0	True	0.6	3.48
19	19763426	T	C	ATP13A1	Missense_Mutation	9	4	13	0.3076923076923077	4	2	2	1.641	2	0.8205	0.8205	False	0.6	3.48
19	20188933	A	T	ZNF90	5'UTR	15	10	25	0.4	4	2	2	2.1333	2	1.0667	1.0	True	0.6	3.48
19	20215134	G	A	ZNF90	Silent	65	35	100	0.35	4	2	2	1.8667	2	0.9333	0.9333	True	0.6	3.48
19	20308159	G	A	ZNF486	Missense_Mutation	26	12	38	0.3157894736842105	4	2	2	1.6842	2	0.8421	0.8421	False	0.6	3.48
19	20736555	C	T	ZNF737	Silent	55	25	80	0.3125	4	2	2	1.6667	2	0.8333	0.8333	False	0.6	3.48
19	21239839	T	A	ZNF430	Missense_Mutation	33	16	49	0.32653061224489793	4	2	2	1.7415	2	0.8707	0.8707	True	0.6	3.48
19	22270897	G	A	ZNF257	Silent	34	24	58	0.41379310344827586	4	2	2	2.2069	2	1.1034	1.0	True	0.6	3.48
19	22362772	G	A	ZNF676	Missense_Mutation	30	12	42	0.2857142857142857	4	2	2	1.5238	2	0.7619	0.7619	False	0.6	3.48
19	22363177	G	A	ZNF676	Missense_Mutation	47	31	78	0.3974358974358974	4	2	2	2.1197	2	1.0598	1.0	True	0.6	3.48
19	22363612	G	A	ZNF676	Missense_Mutation	68	30	98	0.30612244897959184	4	2	2	1.6327	2	0.8163	0.8163	False	0.6	3.48
19	22847931	A	C	ZNF492	Missense_Mutation	27	15	42	0.35714285714285715	4	2	2	1.9048	2	0.9524	0.9524	True	0.6	3.48
19	22939275	G	A	ZNF99	3'Flank	13	13	26	0.5	4	2	2	2.6667	2	1.3333	1.0	True	0.6	3.48
19	22941052	C	T	ZNF99	Missense_Mutation	24	12	36	0.3333333333333333	4	2	2	1.7778	2	0.8889	0.8889	True	0.6	3.48
19	22941862	T	A	ZNF99	Missense_Mutation	27	15	42	0.35714285714285715	4	2	2	1.9048	2	0.9524	0.9524	True	0.6	3.48
19	23542635	G	A	ZNF91	Missense_Mutation	41	13	54	0.24074074074074073	4	2	2	1.284	1	1.284	1.0	True	0.6	3.48
19	30935403	G	A	ZNF536	Missense_Mutation	84	49	133	0.3684210526315789	4	2	2	1.9649	2	0.9825	0.9825	True	0.6	3.48
19	30935917	G	A	ZNF536	Missense_Mutation	55	25	80	0.3125	4	2	2	1.6667	2	0.8333	0.8333	False	0.6	3.48
19	31770483	C	A	TSHZ3	Missense_Mutation	22	14	36	0.3888888888888889	4	2	2	2.0741	2	1.037	1.0	True	0.6	3.48
19	33355115	G	A	SLC7A9	Missense_Mutation	41	19	60	0.31666666666666665	4	2	2	1.6889	2	0.8444	0.8444	False	0.6	3.48
19	33617589	C	T	GPATCH1	Silent	67	22	89	0.24719101123595505	4	2	2	1.3184	1	1.3184	1.0	True	0.6	3.48
19	33617590	C	T	GPATCH1	Nonsense_Mutation	69	22	91	0.24175824175824176	4	2	2	1.2894	1	1.2894	1.0	True	0.6	3.48
19	36279052	C	T	ARHGAP33	Silent	40	20	60	0.3333333333333333	4	2	2	1.7778	2	0.8889	0.8889	True	0.6	3.48
19	36293158	G	A	PRODH2	Missense_Mutation	86	41	127	0.3228346456692913	4	2	2	1.7218	2	0.8609	0.8609	True	0.6	3.48
19	36370456	C	T	APLP1	3'UTR	7	4	11	0.36363636363636365	4	2	2	1.9394	2	0.9697	0.9697	True	0.6	3.48
19	36370457	C	T	APLP1	3'UTR	5	5	10	0.5	4	2	2	2.6667	2	1.3333	1.0	True	0.6	3.48
19	36575559	C	T	WDR62	Missense_Mutation	50	35	85	0.4117647058823529	4	2	2	2.1961	2	1.098	1.0	True	0.6	3.48
19	37441389	C	T	ZNF568	Missense_Mutation	58	38	96	0.3958333333333333	4	2	2	2.1111	2	1.0556	1.0	True	0.6	3.48
19	37643682	C	T	ZNF585A	Silent	57	32	89	0.3595505617977528	4	2	2	1.9176	2	0.9588	0.9588	True	0.6	3.48
19	37677649	G	A	ZNF585B	Missense_Mutation	129	79	208	0.3798076923076923	4	2	2	2.0256	2	1.0128	1.0	True	0.6	3.48
19	38028636	G	A	ZNF793	Missense_Mutation	47	32	79	0.4050632911392405	4	2	2	2.1603	2	1.0802	1.0	True	0.6	3.48
19	38126146	A	T	ZFP30	Missense_Mutation	46	8	54	0.14814814814814814	4	2	2	0.7901	1	0.7901	0.7901	False	0.6	3.48
19	38682858	C	T	SIPA1L3	Missense_Mutation	33	23	56	0.4107142857142857	4	2	2	2.1905	2	1.0952	1.0	True	0.6	3.48
19	38682859	C	T	SIPA1L3	Missense_Mutation	32	22	54	0.4074074074074074	4	2	2	2.1728	2	1.0864	1.0	True	0.6	3.48
19	38799966	G	A	YIF1B	Silent	86	46	132	0.3484848484848485	4	2	2	1.8586	2	0.9293	0.9293	True	0.6	3.48
19	38852894	G	A	CATSPERG	Silent	7	11	18	0.6111111111111112	4	2	2	3.2593	2	1.6296	1.0	True	0.6	3.48
19	38893811	G	A	FAM98C	Silent	22	10	32	0.3125	4	2	2	1.6667	2	0.8333	0.8333	False	0.6	3.48
19	38893812	G	A	FAM98C	Missense_Mutation	22	10	32	0.3125	4	2	2	1.6667	2	0.8333	0.8333	False	0.6	3.48
19	39330888	G	A	HNRNPL	Missense_Mutation	11	12	23	0.5217391304347826	4	2	2	2.7826	2	1.3913	1.0	True	0.6	3.48
19	39991276	G	A	DLL3	Missense_Mutation	146	51	197	0.25888324873096447	4	2	2	1.3807	1	1.3807	1.0	True	0.6	3.48
19	40395813	C	T	FCGBP	Nonsense_Mutation	145	30	175	0.17142857142857143	4	2	2	0.9143	1	0.9143	0.9143	True	0.6	3.48
19	40405985	C	T	FCGBP	Missense_Mutation	16	14	30	0.4666666666666667	4	2	2	2.4889	2	1.2444	1.0	True	0.6	3.48
19	40541451	G	A	ZNF780B	Missense_Mutation	90	56	146	0.3835616438356164	4	2	2	2.0457	2	1.0228	1.0	True	0.6	3.48
19	40901190	G	A	PRX	Silent	56	35	91	0.38461538461538464	4	2	2	2.0513	2	1.0256	1.0	True	0.6	3.48
19	41119848	C	T	LTBP4	Missense_Mutation	22	11	33	0.3333333333333333	4	2	2	1.7778	2	0.8889	0.8889	True	0.6	3.48
19	41188839	C	T	NUMBL	Missense_Mutation	51	33	84	0.39285714285714285	4	2	2	2.0952	2	1.0476	1.0	True	0.6	3.48
19	41383100	G	A	CYP2A7	Missense_Mutation	61	31	92	0.33695652173913043	4	2	2	1.7971	2	0.8986	0.8986	True	0.6	3.48
19	41596460	C	T	CYP2A13	Silent	59	32	91	0.3516483516483517	4	2	2	1.8755	2	0.9377	0.9377	True	0.6	3.48
19	42187798	C	T	CEACAM7	Silent	106	49	155	0.3161290322580645	4	2	2	1.686	2	0.843	0.843	False	0.6	3.48
19	42265234	G	A	CEACAM6	Missense_Mutation	143	101	244	0.4139344262295082	4	2	2	2.2077	2	1.1038	1.0	True	0.6	3.48
19	42584105	G	A	ZNF574	Silent	57	23	80	0.2875	4	2	2	1.5333	2	0.7667	0.7667	False	0.6	3.48
19	42814694	G	A	PRR19	Silent	73	41	114	0.35964912280701755	4	2	2	1.9181	2	0.9591	0.9591	True	0.6	3.48
19	42880018	C	T	MEGF8	Silent	10	12	22	0.5454545454545454	4	2	2	2.9091	2	1.4545	1.0	True	0.6	3.48
19	42880019	C	T	MEGF8	Missense_Mutation	10	12	22	0.5454545454545454	4	2	2	2.9091	2	1.4545	1.0	True	0.6	3.48
19	43383755	C	T	PSG1	5'UTR	64	35	99	0.35353535353535354	4	2	2	1.8855	2	0.9428	0.9428	True	0.6	3.48
19	43414942	A	G	PSG6	Silent	149	79	228	0.34649122807017546	4	2	2	1.848	2	0.924	0.924	True	0.6	3.48
19	43441217	G	A	PSG7	Silent	83	42	125	0.336	4	2	2	1.792	2	0.896	0.896	True	0.6	3.48
19	44030295	C	T	ETHE1	Intron	43	21	64	0.328125	4	2	2	1.75	2	0.875	0.875	True	0.6	3.48
19	44680638	C	T	ZNF226	Missense_Mutation	38	11	49	0.22448979591836735	4	2	2	1.1973	1	1.1973	1.0	True	0.6	3.48
19	44681340	C	T	ZNF226	Missense_Mutation	49	33	82	0.4024390243902439	4	2	2	2.1463	2	1.0732	1.0	True	0.6	3.48
19	44832211	G	A	ZNF112	Missense_Mutation	53	26	79	0.3291139240506329	4	2	2	1.7553	2	0.8776	0.8776	True	0.6	3.48
19	44934400	C	T	ZNF229	Missense_Mutation	53	33	86	0.38372093023255816	4	2	2	2.0465	2	1.0233	1.0	True	0.6	3.48
19	45406515	C	T	TOMM40	3'UTR	23	8	31	0.25806451612903225	4	2	2	1.3763	1	1.3763	1.0	True	0.6	3.48
19	45406516	C	T	TOMM40	3'UTR	21	7	28	0.25	4	2	2	1.3333	1	1.3333	1.0	True	0.6	3.48
19	45490560	C	T	CLPTM1	Missense_Mutation	393	75	468	0.16025641025641027	4	2	2	0.8547	1	0.8547	0.8547	True	0.6	3.48
19	45975997	G	A	FOSB	Silent	32	12	44	0.2727272727272727	4	2	2	1.4545	1	1.4545	1.0	True	0.6	3.48
19	46094627	G	A	GPR4	Silent	100	44	144	0.3055555555555556	4	2	2	1.6296	2	0.8148	0.8148	False	0.6	3.48
19	46195241	C	T	SNRPD2	5'UTR	30	15	45	0.3333333333333333	4	2	2	1.7778	2	0.8889	0.8889	True	0.6	3.48
19	46280937	G	A	DMPK	Silent	113	65	178	0.3651685393258427	4	2	2	1.9476	2	0.9738	0.9738	True	0.6	3.48
19	46393723	C	T	MYPOP	3'UTR	5	5	10	0.5	4	2	2	2.6667	2	1.3333	1.0	True	0.6	3.48
19	46974164	C	A	PNMAL1	Missense_Mutation	47	26	73	0.3561643835616438	4	2	2	1.8995	2	0.9498	0.9498	True	0.6	3.48
19	47342728	G	A	AP2S1	Silent	109	62	171	0.36257309941520466	4	2	2	1.9337	2	0.9669	0.9669	True	0.6	3.48
19	49104393	G	A	FAM83E	Silent	44	12	56	0.21428571428571427	4	2	2	1.1429	1	1.1429	1.0	True	0.6	3.48
19	49129253	C	T	SPHK2	Missense_Mutation	28	18	46	0.391304347826087	4	2	2	2.087	2	1.0435	1.0	True	0.6	3.48
19	49334994	C	T	HSD17B14	Silent	50	38	88	0.4318181818181818	4	2	2	2.303	2	1.1515	1.0	True	0.6	3.48
19	49337584	G	A	HSD17B14	Silent	73	36	109	0.3302752293577982	4	2	2	1.7615	2	0.8807	0.8807	True	0.6	3.48
19	49611065	C	T	SNRNP70	Missense_Mutation	10	4	14	0.2857142857142857	4	2	2	1.5238	2	0.7619	0.7619	False	0.6	3.48
19	50169104	C	T	BCL2L12	Silent	73	43	116	0.3706896551724138	4	2	2	1.977	2	0.9885	0.9885	True	0.6	3.48
19	50961874	C	T	MYBPC2	Missense_Mutation	24	8	32	0.25	4	2	2	1.3333	1	1.3333	1.0	True	0.6	3.48
19	51129204	G	A	SYT3	Missense_Mutation	39	7	46	0.15217391304347827	4	2	2	0.8116	1	0.8116	0.8116	False	0.6	3.48
19	51170630	G	A	SHANK1	Silent	15	7	22	0.3181818181818182	4	2	2	1.697	2	0.8485	0.8485	False	0.6	3.48
19	51219589	C	T	SHANK1	Silent	69	19	88	0.2159090909090909	4	2	2	1.1515	1	1.1515	1.0	True	0.6	3.48
19	51485696	G	A	KLK7	5'UTR	4	5	9	0.5555555555555556	4	2	2	2.963	2	1.4815	1.0	True	0.6	3.48
19	51485697	G	A	KLK7	5'UTR	4	5	9	0.5555555555555556	4	2	2	2.963	2	1.4815	1.0	True	0.6	3.48
19	51995005	C	T	SIGLEC12	Missense_Mutation	65	33	98	0.336734693877551	4	2	2	1.7959	2	0.898	0.898	True	0.6	3.48
19	52001350	C	T	SIGLEC12	Missense_Mutation	36	15	51	0.29411764705882354	4	2	2	1.5686	2	0.7843	0.7843	False	0.6	3.48
19	52033111	C	T	SIGLEC6	Silent	85	34	119	0.2857142857142857	4	2	2	1.5238	2	0.7619	0.7619	False	0.6	3.48
19	52033208	G	A	SIGLEC6	Missense_Mutation	71	69	140	0.4928571428571429	4	2	2	2.6286	2	1.3143	1.0	True	0.6	3.48
19	52034562	G	A	SIGLEC6	Silent	54	29	83	0.3493975903614458	4	2	2	1.8635	2	0.9317	0.9317	True	0.6	3.48
19	52147170	C	T	SIGLEC14	Missense_Mutation	49	27	76	0.35526315789473684	4	2	2	1.8947	2	0.9474	0.9474	True	0.6	3.48
19	52149074	G	A	SIGLEC14	Nonsense_Mutation	49	21	70	0.3	4	2	2	1.6	2	0.8	0.8	False	0.6	3.48
19	52376906	C	T	ZNF577	Missense_Mutation	46	19	65	0.2923076923076923	4	2	2	1.559	2	0.7795	0.7795	False	0.6	3.48
19	52529157	C	T	ZNF614	5'UTR	4	6	10	0.6	4	2	2	3.2	2	1.6	1.0	True	0.6	3.48
19	52660188	C	T	ZNF836	Missense_Mutation	41	26	67	0.3880597014925373	4	2	2	2.0697	2	1.0348	1.0	True	0.6	3.48
19	52887533	C	T	ZNF880	Missense_Mutation	11	9	20	0.45	4	2	2	2.4	2	1.2	1.0	True	0.6	3.48
19	53269038	C	T	ZNF600	Silent	69	40	109	0.3669724770642202	4	2	2	1.9572	2	0.9786	0.9786	True	0.6	3.48
19	53473843	C	T	ZNF702P	RNA	71	46	117	0.39316239316239315	4	2	2	2.0969	2	1.0484	1.0	True	0.6	3.48
19	53762278	G	A	VN1R2	Nonsense_Mutation	31	19	50	0.38	4	2	2	2.0267	2	1.0133	1.0	True	0.6	3.48
19	53958194	C	T	ZNF761	RNA	70	42	112	0.375	4	2	2	2.0	2	1.0	1.0	True	0.6	3.48
19	54137909	G	A	DPRX	Silent	61	15	76	0.19736842105263158	4	2	2	1.0526	1	1.0526	1.0	True	0.6	3.48
19	54224381	C	T	MIR517B	RNA	92	38	130	0.2923076923076923	4	2	2	1.559	2	0.7795	0.7795	False	0.6	3.48
19	54515555	G	A	CACNG6	3'UTR	12	9	21	0.42857142857142855	4	2	2	2.2857	2	1.1429	1.0	True	0.6	3.48
19	54561757	G	A	VSTM1	Missense_Mutation	130	28	158	0.17721518987341772	4	2	2	0.9451	1	0.9451	0.9451	True	0.6	3.48
19	54598537	G	A	OSCAR	3'UTR	13	10	23	0.43478260869565216	4	2	2	2.3188	2	1.1594	1.0	True	0.6	3.48
19	54802206	G	A	LILRA3	Missense_Mutation	37	7	44	0.1590909090909091	4	2	2	0.8485	1	0.8485	0.8485	False	0.6	3.48
19	54850384	C	T	LILRA4	5'UTR	36	20	56	0.35714285714285715	4	2	2	1.9048	2	0.9524	0.9524	True	0.6	3.48
19	55048129	C	T	KIR3DX1	Silent	36	18	54	0.3333333333333333	4	2	2	1.7778	2	0.8889	0.8889	True	0.6	3.48
19	55105938	G	A	LILRA1	Missense_Mutation	73	29	102	0.28431372549019607	4	2	2	1.5163	2	0.7582	0.7582	False	0.6	3.48
19	55143453	C	T	LILRB1	Silent	39	19	58	0.3275862068965517	4	2	2	1.7471	2	0.8736	0.8736	True	0.6	3.48
19	55146718	C	A	LILRB1	Missense_Mutation	74	42	116	0.3620689655172414	4	2	2	1.931	2	0.9655	0.9655	True	0.6	3.48
19	55147037	G	A	LILRB1	Missense_Mutation	89	63	152	0.4144736842105263	4	2	2	2.2105	2	1.1053	1.0	True	0.6	3.48
19	55148338	G	A	LILRB1	3'UTR	34	20	54	0.37037037037037035	4	2	2	1.9753	2	0.9877	0.9877	True	0.6	3.48
19	55176615	G	A	LILRB4	Silent	29	13	42	0.30952380952380953	4	2	2	1.6508	2	0.8254	0.8254	False	0.6	3.48
19	55220652	C	T	AC098784.2	3'Flank	16	10	26	0.38461538461538464	4	2	2	2.0513	2	1.0256	1.0	True	0.6	3.48
19	55285022	C	T	KIR2DL1	Missense_Mutation	50	119	169	0.7041420118343196	4	2	2	3.7554	2	1.8777	1.0	True	0.6	3.48
19	55290064	G	A	KIR2DL1	Missense_Mutation	38	53	91	0.5824175824175825	4	2	2	3.1062	2	1.5531	1.0	True	0.6	3.48
19	55331457	C	T	KIR3DL1	Silent	33	49	82	0.5975609756097561	4	2	2	3.187	2	1.5935	1.0	True	0.6	3.48
19	55435095	G	A	NLRP7	3'UTR	57	38	95	0.4	4	2	2	2.1333	2	1.0667	1.0	True	0.6	3.48
19	55447713	G	T	NLRP7	Missense_Mutation	44	34	78	0.4358974358974359	4	2	2	2.3248	2	1.1624	1.0	True	0.6	3.48
19	55451638	C	T	NLRP7	Silent	62	36	98	0.3673469387755102	4	2	2	1.9592	2	0.9796	0.9796	True	0.6	3.48
19	55967752	G	A	ISOC2	Silent	82	17	99	0.1717171717171717	4	2	2	0.9158	1	0.9158	0.9158	True	0.6	3.48
19	56113487	C	T	ZNF524	Silent	58	39	97	0.4020618556701031	4	2	2	2.1443	2	1.0722	1.0	True	0.6	3.48
19	56303782	G	A	NLRP11	Silent	65	40	105	0.38095238095238093	4	2	2	2.0317	2	1.0159	1.0	True	0.6	3.48
19	56321348	C	T	NLRP11	Missense_Mutation	44	23	67	0.34328358208955223	4	2	2	1.8308	2	0.9154	0.9154	True	0.6	3.48
19	56424493	C	T	NLRP13	Silent	121	63	184	0.3423913043478261	4	2	2	1.8261	2	0.913	0.913	True	0.6	3.48
19	56463966	G	A	NLRP8	Missense_Mutation	82	30	112	0.26785714285714285	4	2	2	1.4286	1	1.4286	1.0	True	0.6	3.48
19	56467267	G	A	NLRP8	Missense_Mutation	39	17	56	0.30357142857142855	4	2	2	1.619	2	0.8095	0.8095	False	0.6	3.48
19	56490764	G	A	NLRP8	Missense_Mutation	68	45	113	0.39823008849557523	4	2	2	2.1239	2	1.0619	1.0	True	0.6	3.48
19	56539218	G	A	NLRP5	Nonsense_Mutation	20	9	29	0.3103448275862069	4	2	2	1.6552	2	0.8276	0.8276	False	0.6	3.48
19	56539295	C	T	NLRP5	Missense_Mutation	28	8	36	0.2222222222222222	4	2	2	1.1852	1	1.1852	1.0	True	0.6	3.48
19	56701654	G	A	ZSCAN5B	Missense_Mutation	75	56	131	0.42748091603053434	4	2	2	2.2799	2	1.1399	1.0	True	0.6	3.48
19	56895388	G	A	ZNF582	Silent	90	49	139	0.35251798561151076	4	2	2	1.8801	2	0.94	0.94	True	0.6	3.48
19	56896278	G	A	ZNF582	Missense_Mutation	54	22	76	0.2894736842105263	4	2	2	1.5439	2	0.7719	0.7719	False	0.6	3.48
19	56896388	C	T	ZNF582	Missense_Mutation	80	43	123	0.34959349593495936	4	2	2	1.8645	2	0.9322	0.9322	True	0.6	3.48
19	56953341	C	T	ZNF667	Silent	55	41	96	0.4270833333333333	4	2	2	2.2778	2	1.1389	1.0	True	0.6	3.48
19	57029918	G	A	ZNF471	Silent	30	17	47	0.3617021276595745	4	2	2	1.9291	2	0.9645	0.9645	True	0.6	3.48
19	57133999	C	T	ZNF71	Silent	25	17	42	0.40476190476190477	4	2	2	2.1587	2	1.0794	1.0	True	0.6	3.48
19	57286126	C	T	ZIM2	Missense_Mutation	46	20	66	0.30303030303030304	4	2	2	1.6162	2	0.8081	0.8081	False	0.6	3.48
19	57286131	G	A	ZIM2	Silent	43	25	68	0.36764705882352944	4	2	2	1.9608	2	0.9804	0.9804	True	0.6	3.48
19	57286165	C	T	ZIM2	Missense_Mutation	46	11	57	0.19298245614035087	4	2	2	1.0292	1	1.0292	1.0	True	0.6	3.48
19	57325036	C	T	PEG3	3'UTR	36	14	50	0.28	4	2	2	1.4933	1	1.4933	1.0	True	0.6	3.48
19	57326059	C	T	PEG3	Missense_Mutation	28	8	36	0.2222222222222222	4	2	2	1.1852	1	1.1852	1.0	True	0.6	3.48
19	57327369	T	C	PEG3	Missense_Mutation	87	58	145	0.4	4	2	2	2.1333	2	1.0667	1.0	True	0.6	3.48
19	57642699	G	A	USP29	Missense_Mutation	43	21	64	0.328125	4	2	2	1.75	2	0.875	0.875	True	0.6	3.48
19	57666724	C	T	DUXA	Missense_Mutation	36	22	58	0.3793103448275862	4	2	2	2.023	2	1.0115	1.0	True	0.6	3.48
19	57743452	G	A	AURKC	Silent	49	17	66	0.25757575757575757	4	2	2	1.3737	1	1.3737	1.0	True	0.6	3.48
19	58189903	C	T	ZSCAN4	Missense_Mutation	42	22	64	0.34375	4	2	2	1.8333	2	0.9167	0.9167	True	0.6	3.48
19	58216322	G	A	ZNF154	Missense_Mutation	94	46	140	0.32857142857142857	4	2	2	1.7524	2	0.8762	0.8762	True	0.6	3.48
19	58421404	G	A	ZNF417	Missense_Mutation	59	26	85	0.3058823529411765	4	2	2	1.6314	2	0.8157	0.8157	False	0.6	3.48
19	58438246	A	C	ZNF418	Missense_Mutation	120	62	182	0.34065934065934067	4	2	2	1.8168	2	0.9084	0.9084	True	0.6	3.48
19	58867538	G	A	ZNF497	Silent	27	8	35	0.22857142857142856	2	1	1	0.7619	1	0.7619	0.7619	False	0.6	3.48
19	59067409	G	A	UBE2M	3'UTR	18	9	27	0.3333333333333333	2	1	1	1.1111	1	1.1111	1.0	True	0.6	3.48
20	1472072	G	A	SIRPB2	5'Flank	16	10	26	0.38461538461538464	4	2	2	2.0513	2	1.0256	1.0	True	0.6	3.48
20	1514984	G	A	SIRPD	3'UTR	23	28	51	0.5490196078431373	4	2	2	2.9281	2	1.4641	1.0	True	0.6	3.48
20	1638336	G	A	SIRPG	Missense_Mutation	53	22	75	0.29333333333333333	4	2	2	1.5644	2	0.7822	0.7822	False	0.6	3.48
20	2378637	C	T	TGM6	Missense_Mutation	40	16	56	0.2857142857142857	4	2	2	1.5238	2	0.7619	0.7619	False	0.6	3.48
20	2443294	G	A	SNRPB	Missense_Mutation	70	51	121	0.4214876033057851	4	2	2	2.2479	2	1.124	1.0	True	0.6	3.48
20	3541349	G	A	ATRN	Missense_Mutation	8	10	18	0.5555555555555556	4	2	2	2.963	2	1.4815	1.0	True	0.6	3.48
20	3578606	C	T	ATRN	Missense_Mutation	140	60	200	0.3	4	2	2	1.6	2	0.8	0.8	False	0.6	3.48
20	4913218	C	T	SLC23A2	5'UTR	52	18	70	0.2571428571428571	4	2	2	1.3714	1	1.3714	1.0	True	0.6	3.48
20	5282926	G	A	PROKR2	Silent	56	23	79	0.2911392405063291	4	2	2	1.5527	2	0.7764	0.7764	False	0.6	3.48
20	5283145	G	A	PROKR2	Silent	75	37	112	0.33035714285714285	4	2	2	1.7619	2	0.881	0.881	True	0.6	3.48
20	6022042	C	T	LRRN4	Missense_Mutation	43	12	55	0.21818181818181817	4	2	2	1.1636	1	1.1636	1.0	True	0.6	3.48
20	6065719	G	A	FERMT1	Silent	44	32	76	0.42105263157894735	4	2	2	2.2456	2	1.1228	1.0	True	0.6	3.48
20	8862546	G	A	PLCB1	3'UTR	13	8	21	0.38095238095238093	4	2	2	2.0317	2	1.0159	1.0	True	0.6	3.48
20	9402010	T	C	PLCB4	Silent	44	36	80	0.45	4	2	2	2.4	2	1.2	1.0	True	0.6	3.48
20	9520044	C	T	PAK7	3'UTR	92	65	157	0.4140127388535032	4	2	2	2.2081	2	1.104	1.0	True	0.6	3.48
20	9523338	C	T	PAK7	Silent	81	68	149	0.4563758389261745	4	2	2	2.434	2	1.217	1.0	True	0.6	3.48
20	9546725	G	A	PAK7	Missense_Mutation	53	32	85	0.3764705882352941	4	2	2	2.0078	2	1.0039	1.0	True	0.6	3.48
20	10630183	C	T	JAG1	Silent	16	13	29	0.4482758620689655	4	2	2	2.3908	2	1.1954	1.0	True	0.6	3.48
20	18794489	G	A	SCP2D1	Silent	43	22	65	0.3384615384615385	4	2	2	1.8051	2	0.9026	0.9026	True	0.6	3.48
20	20505050	C	T	RALGAPA2	Silent	25	12	37	0.32432432432432434	4	2	2	1.7297	2	0.8649	0.8649	True	0.6	3.48
20	23064978	C	T	CD93	Missense_Mutation	114	60	174	0.3448275862068966	4	2	2	1.8391	2	0.9195	0.9195	True	0.6	3.48
20	23064979	C	T	CD93	Silent	114	60	174	0.3448275862068966	4	2	2	1.8391	2	0.9195	0.9195	True	0.6	3.48
20	30898063	C	T	KIF3B	Silent	54	25	79	0.31645569620253167	4	2	2	1.6878	2	0.8439	0.8439	False	0.6	3.48
20	31024661	C	T	ASXL1	Silent	80	34	114	0.2982456140350877	4	2	2	1.5906	2	0.7953	0.7953	False	0.6	3.48
20	31671589	C	T	BPIFB4	Missense_Mutation	41	31	72	0.4305555555555556	4	2	2	2.2963	2	1.1481	1.0	True	0.6	3.48
20	31828038	G	A	BPIFA1	Splice_Site	173	89	262	0.33969465648854963	4	2	2	1.8117	2	0.9059	0.9059	True	0.6	3.48
20	33328842	G	A	NCOA6	Missense_Mutation	75	47	122	0.38524590163934425	4	2	2	2.0546	2	1.0273	1.0	True	0.6	3.48
20	33356387	C	T	NCOA6	Missense_Mutation	82	29	111	0.26126126126126126	4	2	2	1.3934	1	1.3934	1.0	True	0.6	3.48
20	33442402	G	A	GGT7	Silent	17	9	26	0.34615384615384615	4	2	2	1.8462	2	0.9231	0.9231	True	0.6	3.48
20	33442403	G	A	GGT7	Missense_Mutation	17	9	26	0.34615384615384615	4	2	2	1.8462	2	0.9231	0.9231	True	0.6	3.48
20	33834663	C	T	MMP24	Silent	83	46	129	0.35658914728682173	4	2	2	1.9018	2	0.9509	0.9509	True	0.6	3.48
20	33855020	A	T	MMP24	Missense_Mutation	8	6	14	0.42857142857142855	4	2	2	2.2857	2	1.1429	1.0	True	0.6	3.48
20	34025399	G	A	GDF5	Missense_Mutation	80	20	100	0.2	4	2	2	1.0667	1	1.0667	1.0	True	0.6	3.48
20	34091199	C	T	CEP250	Nonsense_Mutation	125	79	204	0.3872549019607843	4	2	2	2.0654	2	1.0327	1.0	True	0.6	3.48
20	34242055	G	A	RBM12	Missense_Mutation	90	45	135	0.3333333333333333	4	2	2	1.7778	2	0.8889	0.8889	True	0.6	3.48
20	35422871	C	T	SOGA1	Missense_Mutation	55	29	84	0.34523809523809523	4	2	2	1.8413	2	0.9206	0.9206	True	0.6	3.48
20	35422872	C	T	SOGA1	Missense_Mutation	55	30	85	0.35294117647058826	4	2	2	1.8824	2	0.9412	0.9412	True	0.6	3.48
20	35526902	G	A	SAMHD1	Missense_Mutation	91	40	131	0.3053435114503817	4	2	2	1.6285	2	0.8142	0.8142	False	0.6	3.48
20	35749321	C	T	MROH8	Missense_Mutation	46	16	62	0.25806451612903225	4	2	2	1.3763	1	1.3763	1.0	True	0.6	3.48
20	36779353	C	T	TGM2	Nonsense_Mutation	100	64	164	0.3902439024390244	4	2	2	2.0813	2	1.0407	1.0	True	0.6	3.48
20	36869589	G	A	KIAA1755	Missense_Mutation	157	70	227	0.30837004405286345	4	2	2	1.6446	2	0.8223	0.8223	False	0.6	3.48
20	36954783	C	T	BPI	Silent	21	12	33	0.36363636363636365	4	2	2	1.9394	2	0.9697	0.9697	True	0.6	3.48
20	36982741	C	T	LBP	Silent	35	31	66	0.4696969696969697	4	2	2	2.5051	2	1.2525	1.0	True	0.6	3.48
20	36982742	C	T	LBP	Silent	35	30	65	0.46153846153846156	4	2	2	2.4615	2	1.2308	1.0	True	0.6	3.48
20	37202877	C	T	RALGAPB	Silent	107	36	143	0.2517482517482518	4	2	2	1.3427	1	1.3427	1.0	True	0.6	3.48
20	40043679	G	A	CHD6	Intron	4	5	9	0.5555555555555556	4	2	2	2.963	2	1.4815	1.0	True	0.6	3.48
20	40113090	G	A	CHD6	Missense_Mutation	102	51	153	0.3333333333333333	4	2	2	1.7778	2	0.8889	0.8889	True	0.6	3.48
20	40709422	C	T	PTPRT	3'UTR	17	15	32	0.46875	4	2	2	2.5	2	1.25	1.0	True	0.6	3.48
20	40739043	G	A	PTPRT	Missense_Mutation	63	27	90	0.3	4	2	2	1.6	2	0.8	0.8	False	0.6	3.48
20	40747109	C	T	PTPRT	Nonsense_Mutation	82	20	102	0.19607843137254902	4	2	2	1.0458	1	1.0458	1.0	True	0.6	3.48
20	41408905	G	A	PTPRT	Missense_Mutation	67	29	96	0.3020833333333333	4	2	2	1.6111	2	0.8056	0.8056	False	0.6	3.48
20	42199298	C	T	SGK2	Silent	71	22	93	0.23655913978494625	4	2	2	1.2616	1	1.2616	1.0	True	0.6	3.48
20	43113135	C	T	TTPAL	Missense_Mutation	45	23	68	0.3382352941176471	4	2	2	1.8039	2	0.902	0.902	True	0.6	3.48
20	43545459	C	T	PABPC1L	Silent	146	39	185	0.21081081081081082	4	2	2	1.1243	1	1.1243	1.0	True	0.6	3.48
20	43550244	C	T	PABPC1L	Missense_Mutation	124	50	174	0.28735632183908044	4	2	2	1.5326	2	0.7663	0.7663	False	0.6	3.48
20	43850512	G	A	SEMG2	Missense_Mutation	46	33	79	0.4177215189873418	4	2	2	2.2278	2	1.1139	1.0	True	0.6	3.48
20	43995745	C	T	SYS1	Missense_Mutation	65	27	92	0.29347826086956524	4	2	2	1.5652	2	0.7826	0.7826	False	0.6	3.48
20	44047558	C	T	PIGT	Silent	80	58	138	0.42028985507246375	4	2	2	2.2415	2	1.1208	1.0	True	0.6	3.48
20	44672309	G	A	SLC12A5	Silent	82	25	107	0.2336448598130841	4	2	2	1.2461	1	1.2461	1.0	True	0.6	3.48
20	44672310	G	A	SLC12A5	Missense_Mutation	82	25	107	0.2336448598130841	4	2	2	1.2461	1	1.2461	1.0	True	0.6	3.48
20	45216772	G	A	SLC13A3	Silent	63	12	75	0.16	4	2	2	0.8533	1	0.8533	0.8533	True	0.6	3.48
20	45221074	T	G	SLC13A3	Missense_Mutation	31	23	54	0.42592592592592593	4	2	2	2.2716	2	1.1358	1.0	True	0.6	3.48
20	45221075	C	T	SLC13A3	Nonsense_Mutation	30	23	53	0.4339622641509434	4	2	2	2.3145	2	1.1572	1.0	True	0.6	3.48
20	45905204	G	A	ZMYND8	Missense_Mutation	73	15	88	0.17045454545454544	4	2	2	0.9091	1	0.9091	0.9091	True	0.6	3.48
20	46276050	C	T	NCOA3	Silent	51	37	88	0.42045454545454547	4	2	2	2.2424	2	1.1212	1.0	True	0.6	3.48
20	47865894	G	A	ZNFX1	Nonsense_Mutation	66	47	113	0.415929203539823	4	2	2	2.2183	2	1.1091	1.0	True	0.6	3.48
20	48741504	G	A	TMEM189	Intron	21	15	36	0.4166666666666667	4	2	2	2.2222	2	1.1111	1.0	True	0.6	3.48
20	49458428	C	T	BCAS4	Silent	12	14	26	0.5384615384615384	4	2	2	2.8718	2	1.4359	1.0	True	0.6	3.48
20	50230308	A	G	ATP9A	Silent	154	70	224	0.3125	4	2	2	1.6667	2	0.8333	0.8333	False	0.6	3.48
20	54972518	C	T	CSTF1	Missense_Mutation	52	31	83	0.37349397590361444	4	2	2	1.992	2	0.996	0.996	True	0.6	3.48
20	54972519	C	T	CSTF1	Silent	52	30	82	0.36585365853658536	4	2	2	1.9512	2	0.9756	0.9756	True	0.6	3.48
20	55027537	G	A	CASS4	Silent	23	12	35	0.34285714285714286	4	2	2	1.8286	2	0.9143	0.9143	True	0.6	3.48
20	55101190	A	G	FAM209A	3'UTR	16	11	27	0.4074074074074074	4	2	2	2.1728	2	1.0864	1.0	True	0.6	3.48
20	55953129	G	A	RAE1	Missense_Mutation	16	12	28	0.42857142857142855	4	2	2	2.2857	2	1.1429	1.0	True	0.6	3.48
20	56928332	C	T	RAB22A	Missense_Mutation	54	42	96	0.4375	4	2	2	2.3333	2	1.1667	1.0	True	0.6	3.48
20	57766277	C	T	ZNF831	Missense_Mutation	15	5	20	0.25	4	2	2	1.3333	1	1.3333	1.0	True	0.6	3.48
20	57768088	C	T	ZNF831	Missense_Mutation	21	19	40	0.475	4	2	2	2.5333	2	1.2667	1.0	True	0.6	3.48
20	57782063	G	A	ZNF831	Missense_Mutation	70	36	106	0.33962264150943394	4	2	2	1.8113	2	0.9057	0.9057	True	0.6	3.48
20	57876712	C	T	EDN3	Silent	105	64	169	0.378698224852071	4	2	2	2.0197	2	1.0099	1.0	True	0.6	3.48
20	58563960	C	T	CDH26	Missense_Mutation	35	18	53	0.33962264150943394	4	2	2	1.8113	2	0.9057	0.9057	True	0.6	3.48
20	60427927	G	A	CDH4	Missense_Mutation	109	63	172	0.36627906976744184	4	2	2	1.9535	2	0.9767	0.9767	True	0.6	3.48
20	60585161	G	A	TAF4	Nonsense_Mutation	43	14	57	0.24561403508771928	4	2	2	1.3099	1	1.3099	1.0	True	0.6	3.48
20	60892830	C	T	LAMA5	Missense_Mutation	29	20	49	0.40816326530612246	4	2	2	2.1769	2	1.0884	1.0	True	0.6	3.48
20	60897111	G	A	LAMA5	Missense_Mutation	24	19	43	0.4418604651162791	4	2	2	2.3566	2	1.1783	1.0	True	0.6	3.48
20	60903975	G	A	LAMA5	Missense_Mutation	52	29	81	0.35802469135802467	4	2	2	1.9095	2	0.9547	0.9547	True	0.6	3.48
20	60907633	G	A	LAMA5	Silent	4	6	10	0.6	4	2	2	3.2	2	1.6	1.0	True	0.6	3.48
20	60990935	G	A	RBBP8NL	Silent	16	7	23	0.30434782608695654	4	2	2	1.6232	2	0.8116	0.8116	False	0.6	3.48
20	61391602	C	T	NTSR1	Missense_Mutation	24	18	42	0.42857142857142855	4	2	2	2.2857	2	1.1429	1.0	True	0.6	3.48
20	61443801	C	T	OGFR	Silent	4	4	8	0.5	4	2	2	2.6667	2	1.3333	1.0	True	0.6	3.48
20	61511764	G	A	DIDO1	Silent	80	43	123	0.34959349593495936	4	2	2	1.8645	2	0.9322	0.9322	True	0.6	3.48
20	61525205	G	A	DIDO1	Missense_Mutation	81	36	117	0.3076923076923077	4	2	2	1.641	2	0.8205	0.8205	False	0.6	3.48
20	61917794	G	A	ARFGAP1	Missense_Mutation	22	12	34	0.35294117647058826	4	2	2	1.8824	2	0.9412	0.9412	True	0.6	3.48
20	62038246	G	A	KCNQ2	Silent	15	8	23	0.34782608695652173	4	2	2	1.8551	2	0.9275	0.9275	True	0.6	3.48
20	62045536	G	A	KCNQ2	Silent	30	20	50	0.4	4	2	2	2.1333	2	1.0667	1.0	True	0.6	3.48
20	62192594	G	A	HELZ2	Silent	48	38	86	0.4418604651162791	4	2	2	2.3566	2	1.1783	1.0	True	0.6	3.48
20	62199807	G	A	HELZ2	Missense_Mutation	15	4	19	0.21052631578947367	4	2	2	1.1228	1	1.1228	1.0	True	0.6	3.48
20	62698282	G	A	TCEA2	Silent	14	7	21	0.3333333333333333	2	1	1	1.1111	1	1.1111	1.0	True	0.6	3.48
21	11039314	C	T	BAGE2	RNA	362	18	380	0.04736842105263158	2	1	1	0.1579	1	0.1579	0.1579	False	0.6	3.48
21	11047514	C	T	BAGE2	RNA	340	15	355	0.04225352112676056	2	1	1	0.1408	1	0.1408	0.1408	False	0.6	3.48
21	11058213	G	A	BAGE2	RNA	55	13	68	0.19117647058823528	2	1	1	0.6373	1	0.6373	0.6373	False	0.6	3.48
21	15326399	C	T	ANKRD20A11P	RNA	19	37	56	0.6607142857142857	2	1	1	2.2024	1	2.2024	1.0	True	0.6	3.48
21	30698862	C	T	BACH1	Silent	21	29	50	0.58	2	2	0	1.9333	2	0.9667	0.9667	True	0.6	3.48
21	30698863	C	T	BACH1	Missense_Mutation	21	29	50	0.58	2	2	0	1.9333	2	0.9667	0.9667	True	0.6	3.48
21	38390361	C	T	RIPPLY3	Missense_Mutation	7	20	27	0.7407407407407407	2	2	0	2.4691	2	1.2346	1.0	True	0.6	3.48
21	40590178	C	T	BRWD1	Missense_Mutation	11	20	31	0.6451612903225806	2	2	0	2.1505	2	1.0753	1.0	True	0.6	3.48
21	41151063	G	A	IGSF5	Silent	19	37	56	0.6607142857142857	2	2	0	2.2024	2	1.1012	1.0	True	0.6	3.48
21	41414529	C	T	DSCAM	Missense_Mutation	23	30	53	0.5660377358490566	2	2	0	1.8868	2	0.9434	0.9434	True	0.6	3.48
21	42540503	G	A	BACE2	Splice_Site	5	7	12	0.5833333333333334	2	2	0	1.9444	2	0.9722	0.9722	True	0.6	3.48
21	42860336	C	T	TMPRSS2	Missense_Mutation	23	29	52	0.5576923076923077	2	2	0	1.859	2	0.9295	0.9295	True	0.6	3.48
21	43711712	C	T	ABCG1	Silent	7	17	24	0.7083333333333334	2	2	0	2.3611	2	1.1806	1.0	True	0.6	3.48
21	45820172	C	T	TRPM2	Missense_Mutation	19	28	47	0.5957446808510638	2	2	0	1.9858	2	0.9929	0.9929	True	0.6	3.48
21	46012327	C	T	KRTAP10-6	Silent	15	21	36	0.5833333333333334	2	2	0	1.9444	2	0.9722	0.9722	True	0.6	3.48
21	47742623	G	A	C21orf58	Silent	4	12	16	0.75	2	1	1	2.5	1	2.5	1.0	True	0.6	3.48
21	47742624	G	A	C21orf58	Missense_Mutation	4	12	16	0.75	2	1	1	2.5	1	2.5	1.0	True	0.6	3.48
22	16279248	C	T	POTEH	Silent	677	36	713	0.05049088359046283	2	1	1	0.1683	1	0.1683	0.1683	False	0.6	3.48
22	16287790	G	A	POTEH	Silent	584	87	671	0.12965722801788376	2	1	1	0.4322	1	0.4322	0.4322	False	0.6	3.48
22	17073189	G	T	CCT8L2	Missense_Mutation	43	19	62	0.3064516129032258	2	1	1	1.0215	1	1.0215	1.0	True	0.6	3.48
22	18028131	C	T	CECR2	Silent	29	8	37	0.21621621621621623	4	2	2	1.1532	1	1.1532	1.0	True	0.6	3.48
22	18028387	C	T	CECR2	Missense_Mutation	18	10	28	0.35714285714285715	4	2	2	1.9048	2	0.9524	0.9524	True	0.6	3.48
22	18232883	G	A	BID	Silent	24	17	41	0.4146341463414634	4	2	2	2.2114	2	1.1057	1.0	True	0.6	3.48
22	20718565	C	T	USP41	Missense_Mutation	27	13	40	0.325	4	2	2	1.7333	2	0.8667	0.8667	True	0.6	3.48
22	20819664	G	A	KLHL22	Missense_Mutation	47	34	81	0.41975308641975306	4	2	2	2.2387	2	1.1193	1.0	True	0.6	3.48
22	20929471	C	T	MED15	Silent	60	38	98	0.3877551020408163	4	2	2	2.068	2	1.034	1.0	True	0.6	3.48
22	21384585	G	A	SLC7A4	Silent	63	7	70	0.1	4	2	2	0.5333	1	0.5333	0.5333	False	0.6	3.48
22	21998284	C	T	SDF2L1	Silent	25	8	33	0.24242424242424243	4	2	2	1.2929	1	1.2929	1.0	True	0.6	3.48
22	22517004	C	T	IGLV4-60	Missense_Mutation	24	6	30	0.2	4	2	2	1.0667	1	1.0667	1.0	True	0.6	3.48
22	22697958	C	T	IGLV9-49	Silent	22	11	33	0.3333333333333333	4	2	2	1.7778	2	0.8889	0.8889	True	0.6	3.48
22	23011132	G	A	IGLV3-27	Silent	42	24	66	0.36363636363636365	4	2	2	1.9394	2	0.9697	0.9697	True	0.6	3.48
22	23029640	C	T	IGLV3-25	Missense_Mutation	51	25	76	0.32894736842105265	4	2	2	1.7544	2	0.8772	0.8772	True	0.6	3.48
22	23162186	C	T	IGLV3-9	Silent	37	15	52	0.28846153846153844	4	2	2	1.5385	2	0.7692	0.7692	False	0.6	3.48
22	24087233	C	T	ZNF70	Missense_Mutation	71	49	120	0.4083333333333333	4	2	2	2.1778	2	1.0889	1.0	True	0.6	3.48
22	24087234	C	T	ZNF70	Missense_Mutation	71	47	118	0.3983050847457627	4	2	2	2.1243	2	1.0621	1.0	True	0.6	3.48
22	24376534	C	T	GSTT1	Silent	52	24	76	0.3157894736842105	4	2	2	1.6842	2	0.8421	0.8421	False	0.6	3.48
22	24622120	C	T	GGT5	Missense_Mutation	22	10	32	0.3125	4	2	2	1.6667	2	0.8333	0.8333	False	0.6	3.48
22	24622222	C	T	GGT5	Missense_Mutation	28	17	45	0.37777777777777777	4	2	2	2.0148	2	1.0074	1.0	True	0.6	3.48
22	25272680	G	A	SGSM1	Silent	50	29	79	0.3670886075949367	4	2	2	1.9578	2	0.9789	0.9789	True	0.6	3.48
22	26173717	G	A	MYO18B	Silent	75	39	114	0.34210526315789475	4	2	2	1.8246	2	0.9123	0.9123	True	0.6	3.48
22	26304324	G	A	MYO18B	Missense_Mutation	14	8	22	0.36363636363636365	4	2	2	1.9394	2	0.9697	0.9697	True	0.6	3.48
22	26689006	G	A	SEZ6L	Missense_Mutation	16	10	26	0.38461538461538464	4	2	2	2.0513	2	1.0256	1.0	True	0.6	3.48
22	26839181	C	T	ASPHD2	3'UTR	108	24	132	0.18181818181818182	4	2	2	0.9697	1	0.9697	0.9697	True	0.6	3.48
22	26849355	A	C	HPS4	Silent	68	36	104	0.34615384615384615	4	2	2	1.8462	2	0.9231	0.9231	True	0.6	3.48
22	29745234	G	A	AP1B1	Silent	67	33	100	0.33	4	2	2	1.76	2	0.88	0.88	True	0.6	3.48
22	29834853	C	T	RFPL1	Missense_Mutation	72	36	108	0.3333333333333333	4	2	2	1.7778	2	0.8889	0.8889	True	0.6	3.48
22	30416441	C	T	MTMR3	Silent	49	34	83	0.40963855421686746	4	2	2	2.1847	2	1.0924	1.0	True	0.6	3.48
22	30639607	C	T	LIF	3'UTR	35	38	73	0.5205479452054794	4	2	2	2.7763	2	1.3881	1.0	True	0.6	3.48
22	30690846	G	A	TBC1D10A	Missense_Mutation	31	15	46	0.32608695652173914	4	2	2	1.7391	2	0.8696	0.8696	True	0.6	3.48
22	30984049	G	A	PES1	Missense_Mutation	64	46	110	0.41818181818181815	4	2	2	2.2303	2	1.1152	1.0	True	0.6	3.48
22	31333589	G	A	MORC2	Silent	56	37	93	0.3978494623655914	4	2	2	2.1219	2	1.0609	1.0	True	0.6	3.48
22	31663834	C	T	LIMK2	Silent	61	35	96	0.3645833333333333	4	2	2	1.9444	2	0.9722	0.9722	True	0.6	3.48
22	32589190	A	G	RFPL2	Intron	55	38	93	0.40860215053763443	4	2	2	2.1792	2	1.0896	1.0	True	0.6	3.48
22	32909799	G	A	SYN3	Silent	63	25	88	0.2840909090909091	4	2	2	1.5152	2	0.7576	0.7576	False	0.6	3.48
22	32909800	G	C	SYN3	Missense_Mutation	65	27	92	0.29347826086956524	4	2	2	1.5652	2	0.7826	0.7826	False	0.6	3.48
22	35463124	G	A	ISX	Missense_Mutation	29	10	39	0.2564102564102564	4	2	2	1.3675	1	1.3675	1.0	True	0.6	3.48
22	36962539	C	T	CACNG2	Silent	32	15	47	0.3191489361702128	4	2	2	1.7021	2	0.8511	0.8511	True	0.6	3.48
22	36983539	C	T	CACNG2	Missense_Mutation	155	73	228	0.3201754385964912	4	2	2	1.7076	2	0.8538	0.8538	True	0.6	3.48
22	37462075	C	T	TMPRSS6	3'UTR	56	15	71	0.2112676056338028	4	2	2	1.1268	1	1.1268	1.0	True	0.6	3.48
22	37465272	C	T	TMPRSS6	Missense_Mutation	17	8	25	0.32	4	2	2	1.7067	2	0.8533	0.8533	True	0.6	3.48
22	37603034	C	T	SSTR3	Nonsense_Mutation	59	22	81	0.2716049382716049	4	2	2	1.4486	1	1.4486	1.0	True	0.6	3.48
22	38049819	C	T	SH3BP1	Silent	28	15	43	0.3488372093023256	4	2	2	1.8605	2	0.9302	0.9302	True	0.6	3.48
22	38468555	T	C	PICK1	Missense_Mutation	70	42	112	0.375	4	2	2	2.0	2	1.0	1.0	True	0.6	3.48
22	39884672	C	T	MGAT3	Silent	31	15	46	0.32608695652173914	4	2	2	1.7391	2	0.8696	0.8696	True	0.6	3.48
22	40417328	C	T	FAM83F	Missense_Mutation	127	67	194	0.34536082474226804	4	2	2	1.8419	2	0.921	0.921	True	0.6	3.48
22	40816972	G	A	MKL1	Missense_Mutation	48	17	65	0.26153846153846155	4	2	2	1.3949	1	1.3949	1.0	True	0.6	3.48
22	41257082	T	G	DNAJB7	Missense_Mutation	57	28	85	0.32941176470588235	4	2	2	1.7569	2	0.8784	0.8784	True	0.6	3.48
22	41488922	C	T	EP300	5'UTR	32	20	52	0.38461538461538464	4	2	2	2.0513	2	1.0256	1.0	True	0.6	3.48
22	42191744	G	A	MEI1	Silent	30	13	43	0.3023255813953488	4	2	2	1.6124	2	0.8062	0.8062	False	0.6	3.48
22	43088833	C	T	A4GALT	3'UTR	4	6	10	0.6	4	2	2	3.2	2	1.6	1.0	True	0.6	3.48
22	43950943	C	T	EFCAB6	Missense_Mutation	61	12	73	0.1643835616438356	4	2	2	0.8767	1	0.8767	0.8767	True	0.6	3.48
22	44068170	G	A	EFCAB6	Missense_Mutation	30	17	47	0.3617021276595745	4	2	2	1.9291	2	0.9645	0.9645	True	0.6	3.48
22	44178146	C	T	EFCAB6	Missense_Mutation	69	45	114	0.39473684210526316	4	2	2	2.1053	2	1.0526	1.0	True	0.6	3.48
22	45595851	G	A	KIAA0930	Silent	43	17	60	0.2833333333333333	4	2	2	1.5111	2	0.7556	0.7556	False	0.6	3.48
22	45689150	C	T	UPK3A	Silent	56	30	86	0.3488372093023256	4	2	2	1.8605	2	0.9302	0.9302	True	0.6	3.48
22	46372642	G	A	WNT7B	5'UTR	11	5	16	0.3125	4	2	2	1.6667	2	0.8333	0.8333	False	0.6	3.48
22	50719197	C	T	PLXNB2	Silent	18	12	30	0.4	2	1	1	1.3333	1	1.3333	1.0	True	0.6	3.48
22	51017560	G	A	CHKB	3'UTR	7	6	13	0.46153846153846156	2	1	1	1.5385	1	1.5385	1.0	True	0.6	3.48
X	1321287	G	A	CRLF2	Silent	31	23	54	0.42592592592592593	2	1	1	1.4198	1	1.4198	1.0	True	0.6	3.48
X	1401667	A	T	CSF2RA	Missense_Mutation	233	99	332	0.29819277108433734	2	1	1	0.994	1	0.994	0.994	True	0.6	3.48
X	1428398	G	A	CSF2RA	3'UTR	169	67	236	0.2838983050847458	2	1	1	0.9463	1	0.9463	0.9463	True	0.6	3.48
X	2138962	G	A	DHRSX	3'UTR	6	3	9	0.3333333333333333	2	1	1	1.1111	1	1.1111	1.0	True	0.6	3.48
X	3227926	G	A	MXRA5	Missense_Mutation	15	25	40	0.625	2	1	1	2.0833	1	2.0833	1.0	True	0.6	3.48
X	3228224	G	A	MXRA5	Missense_Mutation	37	19	56	0.3392857142857143	2	1	1	1.131	1	1.131	1.0	True	0.6	3.48
X	3229630	G	A	MXRA5	Missense_Mutation	8	42	50	0.84	2	1	1	2.8	1	2.8	1.0	True	0.6	3.48
X	5811415	T	A	NLGN4X	Missense_Mutation	65	30	95	0.3157894736842105	2	1	1	1.0526	1	1.0526	1.0	True	0.6	3.48
X	14627222	C	T	GLRA2	Silent	27	71	98	0.7244897959183674	2	1	1	2.415	1	2.415	1.0	True	0.6	3.48
X	18259476	G	A	SCML2	Silent	15	59	74	0.7972972972972973	2	1	1	2.6577	1	2.6577	1.0	True	0.6	3.48
X	23412060	C	T	PTCHD1	Silent	9	41	50	0.82	2	1	1	2.7333	1	2.7333	1.0	True	0.6	3.48
X	24086119	C	T	EIF2S3	Silent	21	48	69	0.6956521739130435	2	1	1	2.3188	1	2.3188	1.0	True	0.6	3.48
X	24228474	A	T	ZFX	Nonsense_Mutation	6	38	44	0.8636363636363636	2	1	1	2.8788	1	2.8788	1.0	True	0.6	3.48
X	27766905	C	T	DCAF8L2	Silent	1	16	17	0.9411764705882353	2	1	1	3.1373	1	3.1373	1.0	True	0.6	3.48
X	27999513	G	A	DCAF8L1	5'UTR	2	11	13	0.8461538461538461	2	1	1	2.8205	1	2.8205	1.0	True	0.6	3.48
X	29973843	C	T	IL1RAPL1	Missense_Mutation	3	14	17	0.8235294117647058	2	1	1	2.7451	1	2.7451	1.0	True	0.6	3.48
X	30237582	A	T	MAGEB2	Silent	5	13	18	0.7222222222222222	2	1	1	2.4074	1	2.4074	1.0	True	0.6	3.48
X	30269741	C	T	MAGEB1	3'UTR	2	11	13	0.8461538461538461	2	1	1	2.8205	1	2.8205	1.0	True	0.6	3.48
X	34961230	G	A	FAM47B	Silent	13	49	62	0.7903225806451613	2	1	1	2.6344	1	2.6344	1.0	True	0.6	3.48
X	35820652	C	T	MAGEB16	Silent	10	16	26	0.6153846153846154	2	1	1	2.0513	1	2.0513	1.0	True	0.6	3.48
X	35820755	G	A	MAGEB16	Missense_Mutation	12	45	57	0.7894736842105263	2	1	1	2.6316	1	2.6316	1.0	True	0.6	3.48
X	37027798	C	T	FAM47C	Missense_Mutation	13	36	49	0.7346938775510204	2	1	1	2.449	1	2.449	1.0	True	0.6	3.48
X	37642818	C	T	CYBB	Nonsense_Mutation	7	24	31	0.7741935483870968	2	1	1	2.5806	1	2.5806	1.0	True	0.6	3.48
X	40518793	C	A	MED14	Missense_Mutation	14	26	40	0.65	2	1	1	2.1667	1	2.1667	1.0	True	0.6	3.48
X	41203370	G	A	DDX3X	Missense_Mutation	3	6	9	0.6666666666666666	2	1	1	2.2222	1	2.2222	1.0	True	0.6	3.48
X	43603700	C	T	MAOA	Silent	11	30	41	0.7317073170731707	2	1	1	2.439	1	2.439	1.0	True	0.6	3.48
X	47034426	C	T	RBM10	Missense_Mutation	4	24	28	0.8571428571428571	2	1	1	2.8571	1	2.8571	1.0	True	0.6	3.48
X	47065792	C	T	UBA1	Silent	9	26	35	0.7428571428571429	2	1	1	2.4762	1	2.4762	1.0	True	0.6	3.48
X	48674442	C	T	HDAC6	Silent	12	26	38	0.6842105263157895	2	1	1	2.2807	1	2.2807	1.0	True	0.6	3.48
X	49070637	G	A	CACNA1F	Silent	12	35	47	0.7446808510638298	2	1	1	2.4823	1	2.4823	1.0	True	0.6	3.48
X	50052004	C	T	CCNB3	Missense_Mutation	9	28	37	0.7567567567567568	2	1	1	2.5225	1	2.5225	1.0	True	0.6	3.48
X	52674490	G	A	SSX7	Intron	35	51	86	0.5930232558139535	2	1	1	1.9767	1	1.9767	1.0	True	0.6	3.48
X	55249139	G	A	PAGE5	Silent	15	71	86	0.8255813953488372	2	1	1	2.7519	1	2.7519	1.0	True	0.6	3.48
X	55650332	G	A	FOXR2	Missense_Mutation	22	20	42	0.47619047619047616	2	1	1	1.5873	1	1.5873	1.0	True	0.6	3.48
X	63574716	C	T	MTMR8	Missense_Mutation	12	23	35	0.6571428571428571	2	1	1	2.1905	1	2.1905	1.0	True	0.6	3.48
X	66788842	C	T	AR	Intron	22	62	84	0.7380952380952381	2	1	1	2.4603	1	2.4603	1.0	True	0.6	3.48
X	71359251	A	G	NHSL2	Missense_Mutation	7	23	30	0.7666666666666667	2	1	1	2.5556	1	2.5556	1.0	True	0.6	3.48
X	71804146	C	T	PHKA1	Missense_Mutation	8	26	34	0.7647058823529411	2	1	1	2.549	1	2.549	1.0	True	0.6	3.48
X	73045886	C	T	XIST	RNA	23	90	113	0.7964601769911505	2	1	1	2.6549	1	2.6549	1.0	True	0.6	3.48
X	73960452	G	A	KIAA2022	Nonsense_Mutation	19	54	73	0.7397260273972602	2	1	1	2.4658	1	2.4658	1.0	True	0.6	3.48
X	75004776	G	A	MAGEE2	Silent	10	36	46	0.782608695652174	2	1	1	2.6087	1	2.6087	1.0	True	0.6	3.48
X	76931741	G	T	ATRX	Missense_Mutation	6	24	30	0.8	2	1	1	2.6667	1	2.6667	1.0	True	0.6	3.48
X	78426748	C	T	GPR174	Missense_Mutation	8	15	23	0.6521739130434783	2	1	1	2.1739	1	2.1739	1.0	True	0.6	3.48
X	79281235	C	T	TBX22	Missense_Mutation	10	5	15	0.3333333333333333	2	1	1	1.1111	1	1.1111	1.0	True	0.6	3.48
X	79699271	A	T	FAM46D	3'UTR	1	8	9	0.8888888888888888	2	1	1	2.963	1	2.963	1.0	True	0.6	3.48
X	83128722	G	A	CYLC1	Missense_Mutation	11	7	18	0.3888888888888889	2	1	1	1.2963	1	1.2963	1.0	True	0.6	3.48
X	85969583	C	T	DACH2	Missense_Mutation	15	49	64	0.765625	2	1	1	2.5521	1	2.5521	1.0	True	0.6	3.48
X	90691564	C	T	PABPC5	Missense_Mutation	11	33	44	0.75	2	1	1	2.5	1	2.5	1.0	True	0.6	3.48
X	101152859	C	T	ZMAT1	Missense_Mutation	11	24	35	0.6857142857142857	2	1	1	2.2857	1	2.2857	1.0	True	0.6	3.48
X	101581478	C	T	NXF2	3'UTR	36	16	52	0.3076923076923077	2	1	1	1.0256	1	1.0256	1.0	True	0.6	3.48
X	103359106	C	T	ZCCHC18	Nonsense_Mutation	10	18	28	0.6428571428571429	2	1	1	2.1429	1	2.1429	1.0	True	0.6	3.48
X	104999228	A	T	IL1RAPL2	Missense_Mutation	24	54	78	0.6923076923076923	2	1	1	2.3077	1	2.3077	1.0	True	0.6	3.48
X	104999229	C	T	IL1RAPL2	Silent	24	53	77	0.6883116883116883	2	1	1	2.2944	1	2.2944	1.0	True	0.6	3.48
X	110390987	G	A	PAK3	Missense_Mutation	14	43	57	0.7543859649122807	2	1	1	2.5146	1	2.5146	1.0	True	0.6	3.48
X	114082605	G	A	HTR2C	Nonsense_Mutation	26	55	81	0.6790123456790124	2	1	1	2.2634	1	2.2634	1.0	True	0.6	3.48
X	114141243	C	T	HTR2C	Silent	54	119	173	0.6878612716763006	2	1	1	2.2929	1	2.2929	1.0	True	0.6	3.48
X	114864164	T	A	PLS3	Missense_Mutation	35	81	116	0.6982758620689655	2	1	1	2.3276	1	2.3276	1.0	True	0.6	3.48
X	117043777	G	A	KLHL13	Missense_Mutation	17	45	62	0.7258064516129032	2	1	1	2.4194	1	2.4194	1.0	True	0.6	3.48
X	117044002	C	T	KLHL13	Missense_Mutation	15	38	53	0.7169811320754716	2	1	1	2.3899	1	2.3899	1.0	True	0.6	3.48
X	119070702	G	A	NKAP	Intron	10	29	39	0.7435897435897436	2	1	1	2.4786	1	2.4786	1.0	True	0.6	3.48
X	122459933	A	T	GRIA3	Missense_Mutation	15	11	26	0.4230769230769231	2	1	1	1.4103	1	1.4103	1.0	True	0.6	3.48
X	122459934	C	T	GRIA3	Missense_Mutation	16	11	27	0.4074074074074074	2	1	1	1.358	1	1.358	1.0	True	0.6	3.48
X	123514370	G	A	TENM1	3'UTR	8	33	41	0.8048780487804879	2	1	1	2.6829	1	2.6829	1.0	True	0.6	3.48
X	123654622	C	T	TENM1	Missense_Mutation	9	18	27	0.6666666666666666	2	1	1	2.2222	1	2.2222	1.0	True	0.6	3.48
X	124097411	C	T	TENM1	Silent	55	100	155	0.6451612903225806	2	1	1	2.1505	1	2.1505	1.0	True	0.6	3.48
X	130218372	G	A	ARHGAP36	Missense_Mutation	12	16	28	0.5714285714285714	2	1	1	1.9048	1	1.9048	1.0	True	0.6	3.48
X	131220009	G	A	FRMD7	Missense_Mutation	26	76	102	0.7450980392156863	2	1	1	2.4837	1	2.4837	1.0	True	0.6	3.48
X	132161263	G	A	USP26	Missense_Mutation	15	24	39	0.6153846153846154	2	1	1	2.0513	1	2.0513	1.0	True	0.6	3.48
X	134711293	C	T	DDX26B	Missense_Mutation	11	50	61	0.819672131147541	2	1	1	2.7322	1	2.7322	1.0	True	0.6	3.48
X	135302927	G	A	MAP7D3	Missense_Mutation	31	84	115	0.7304347826086957	2	1	1	2.4348	1	2.4348	1.0	True	0.6	3.48
X	135570517	C	T	BRS3	Missense_Mutation	17	47	64	0.734375	2	1	1	2.4479	1	2.4479	1.0	True	0.6	3.48
X	141290665	G	A	MAGEC2	Missense_Mutation	16	52	68	0.7647058823529411	2	1	1	2.549	1	2.549	1.0	True	0.6	3.48
X	141290826	C	T	MAGEC2	Silent	21	41	62	0.6612903225806451	2	1	1	2.2043	1	2.2043	1.0	True	0.6	3.48
X	141291347	C	T	MAGEC2	Missense_Mutation	70	41	111	0.36936936936936937	2	1	1	1.2312	1	1.2312	1.0	True	0.6	3.48
X	142718600	A	T	SLITRK4	Missense_Mutation	11	48	59	0.8135593220338984	2	1	1	2.7119	1	2.7119	1.0	True	0.6	3.48
X	150832597	C	T	PASD1	Missense_Mutation	11	43	54	0.7962962962962963	2	1	1	2.6543	1	2.6543	1.0	True	0.6	3.48
X	151900216	G	A	MAGEA12	Silent	83	50	133	0.37593984962406013	2	1	1	1.2531	1	1.2531	1.0	True	0.6	3.48
X	153633216	G	A	DNASE1L1	Silent	6	17	23	0.7391304347826086	2	1	1	2.4638	1	2.4638	1.0	True	0.6	3.48
Y	2655550	G	A	SRY	Missense_Mutation	15	32	47	0.6808510638297872	2	1	1	2.2695	1	2.2695	1.0	True	0.6	3.48
Y	4968742	C	T	PCDH11Y	Silent	11	56	67	0.835820895522388	2	1	1	2.7861	1	2.7861	1.0	True	0.6	3.48
Y	14954236	T	A	USP9Y	Missense_Mutation	18	40	58	0.6896551724137931	2	1	1	2.2989	1	2.2989	1.0	True	0.6	3.48
