chr	pos
1	889246
1	1119315
1	1163881
1	1263048
1	1325613
1	1330888
1	1337429
1	1573911
1	1849483
1	2103765
1	2938364
1	2939406
1	3328010
1	3329104
1	3334497
1	3342780
1	3350389
1	3417855
1	3697550
1	4772155
1	6185294
1	6189105
1	6202195
1	6211189
1	6212571
1	6266700
1	6311552
1	6500414
1	6504600
1	6517424
1	6522202
1	6639672
1	6649214
1	7723846
1	7724691
1	7724817
1	7839750
1	7887332
1	7887824
1	8384498
1	9305264
1	9656019
1	9778766
1	9781259
1	9781865
1	9793566
1	10042598
1	10239477
1	10355741
1	10364109
1	10473127
1	10510022
1	10596274
1	10678391
1	11097752
1	11132173
1	11254692
1	11255064
1	11313957
1	11561402
1	11575545
1	11591741
1	11728893
1	11734777
1	11775244
1	11779697
1	11983512
1	12089888
1	12202501
1	12337668
1	12387823
1	12939886
1	12942042
1	12954559
1	13475123
1	13475131
1	14057546
1	14105221
1	14107143
1	14107397
1	14108837
1	14109219
1	15541857
1	15752395
1	15813902
1	15893734
1	16069670
1	16254783
1	16255911
1	16257668
1	16258485
1	16262614
1	16376318
1	16462186
1	16531666
1	16534232
1	16721628
1	16748034
1	16893783
1	16916398
1	17030522
1	17266496
1	17274858
1	17316727
1	17322902
1	17721478
1	17934400
1	18152574
1	19062252
1	19062358
1	19166820
1	19181066
1	19181390
1	19186106
1	19611181
1	19612769
1	19633574
1	19981561
1	19992828
1	20082230
1	20224082
1	20302242
1	20412715
1	20827564
1	20979189
1	21014028
1	21051039
1	21076290
1	21924938
1	21928228
1	21930228
1	21946508
1	21991792
1	22161428
1	22222726
1	22307570
1	22408270
1	22913014
1	22915423
1	22923904
1	23240029
1	23636889
1	23637527
1	23645017
1	23954377
1	24124305
1	25153592
1	25617137
1	26135168
1	26150217
1	26190287
1	26378323
1	26448875
1	26517899
1	26688452
1	26872519
1	26878139
1	27101277
1	27180278
1	27238275
1	27278030
1	27332834
1	27683215
1	27688661
1	27875000
1	27875319
1	27876804
1	27876840
1	27877168
1	27992916
1	28053990
1	28208556
1	28208951
1	28282511
1	28293080
1	28293217
1	28477529
1	28661075
1	28800639
1	29189269
1	29391606
1	29651722
1	31467987
1	31896677
1	32158740
1	32204194
1	32256503
1	32670244
1	32671846
1	32673421
1	32797309
1	32842164
1	33149691
1	33276201
1	33625513
1	33646803
1	33820694
1	33959142
1	34083217
1	34128550
1	34164389
1	34254315
1	35227196
1	35370558
1	35579864
1	35854677
1	36019999
1	36026033
1	36074953
1	36204833
1	36214091
1	36291316
1	36557517
1	36563523
1	36643647
1	36645621
1	36767269
1	36814409
1	37307337
1	38030640
1	38082174
1	38149068
1	38184421
1	38409324
1	38463367
1	38463733
1	38511623
1	39381264
1	39381326
1	39715765
1	39798549
1	39799008
1	39800561
1	39853492
1	39853991
1	39913486
1	39914434
1	39919448
1	40230375
1	40872514
1	41284342
1	41288061
1	41475885
1	41536331
1	42047968
1	42050152
1	42671479
1	43221220
1	43223532
1	43308815
1	43891606
1	43913814
1	43917429
1	44071290
1	44149434
1	44157192
1	44436358
1	44437080
1	44447440
1	44468234
1	44482816
1	44680069
1	44684006
1	44774044
1	44804986
1	44877943
1	45115422
1	45120404
1	45244120
1	45250969
1	45292921
1	45345609
1	45479616
1	45516751
1	46034902
1	46073031
1	46099955
1	46120300
1	46496691
1	46751312
1	46812745
1	46976184
1	47024441
1	47119500
1	47339001
1	47395885
1	47400674
1	47400715
1	47550401
1	47685826
1	47691506
1	47882314
1	47904537
1	48865130
1	50666873
1	50884397
1	50885025
1	51121160
1	51267336
1	51736933
1	52551818
1	52705092
1	52851603
1	52871508
1	52940507
1	52991671
1	53553767
1	53608075
1	53720789
1	53728178
1	54354635
1	54395744
1	54433592
1	54433606
1	55136498
1	55152111
1	55319146
1	55457874
1	57756704
1	60299131
1	60375597
1	60377372
1	60381764
1	60463377
1	61553959
1	64120125
1	65143851
1	65309794
1	65860716
1	67288095
1	67428799
1	67469942
1	67880951
1	68564283
1	68910555
1	71512764
1	71536662
1	71873107
1	72400983
1	74670408
1	74801701
1	75037868
1	75139185
1	75172078
1	75626575
1	76205744
1	76342685
1	76345808
1	77510159
1	77752751
1	77984408
1	78163592
1	78428511
1	78478799
1	78958904
1	78959085
1	79107131
1	79357352
1	82409108
1	82433873
1	84399300
1	84961948
1	85787216
1	85824450
1	86921062
1	87029441
1	87033206
1	87329206
1	89475104
1	89615229
1	89661004
1	89726432
1	89729499
1	89732235
1	90048531
1	90050004
1	90179053
1	90399499
1	91180282
1	91851337
1	92163649
1	92459736
1	92707799
1	93659212
1	93672708
1	93687166
1	93711716
1	94027805
1	94057814
1	94057983
1	94474377
1	94495102
1	94505630
1	94668239
1	95538397
1	95657152
1	95710252
1	99380375
1	99771572
1	100329992
1	100340251
1	100928422
1	100933652
1	101194929
1	102270375
1	103548496
1	104297217
1	107979393
1	108115973
1	109271508
1	109369861
1	109377679
1	109392199
1	109529217
1	109707266
1	109793045
1	109794329
1	109801551
1	109803696
1	109849650
1	110035244
1	110038942
1	110125064
1	110168244
1	110259905
1	110301263
1	110302391
1	110467797
1	110587689
1	111060243
1	111146758
1	111216938
1	111439277
1	111492482
1	111668860
1	111690484
1	111889655
1	111957043
1	111962293
1	112045664
1	112240090
1	112298321
1	112524397
1	112524591
1	112525239
1	112998888
1	113059864
1	113264891
1	113460027
1	113638926
1	114243416
1	114442568
1	114449708
1	114454045
1	114483032
1	114523730
1	114523758
1	114940217
1	115130354
1	115226928
1	115417148
1	115428837
1	115537676
1	115829176
1	116268164
1	116380564
1	116609275
1	116939310
1	116943622
1	117484638
1	117568416
1	117576656
1	117618232
1	118165876
1	118617201
1	118634280
1	119469235
1	119575767
1	119927488
1	119965219
1	120056674
1	120166594
1	120278010
1	120285539
1	120306915
1	120345675
1	120437439
1	120437587
1	120539910
1	142713642
1	143767621
1	144931146
1	144994715
1	145075822
1	145532523
1	145533448
1	145537742
1	145585597
1	146658807
1	146747785
1	146751857
1	146758036
1	147090630
1	147091598
1	147230281
1	147230791
1	147380982
1	148010126
1	149755781
1	149878277
1	149916399
1	150203029
1	150245201
1	150255925
1	150266811
1	150305652
1	150463135
1	150477184
1	150480744
1	150724289
1	150769317
1	150776623
1	150801604
1	150933590
1	150972938
1	151001399
1	151006474
1	151015554
1	151158055
1	151258912
1	151260136
1	151260428
1	151280270
1	151314770
1	151315473
1	151337041
1	151400763
1	151400887
1	151611550
1	151638415
1	151678383
1	151681739
1	151732444
1	151739644
1	151774632
1	151825967
1	152081259
1	152082542
1	152083805
1	152085375
1	152085506
1	152281922
1	152285061
1	152286567
1	152325462
1	152328120
1	152659447
1	152759976
1	152785035
1	152957781
1	153066039
1	153085021
1	153177276
1	153318589
1	153736611
1	153902844
1	153906120
1	153932806
1	153946095
1	154313483
1	154461735
1	154517336
1	154897701
1	154919229
1	154950494
1	154962060
1	155156330
1	155205035
1	155247630
1	155255098
1	155258141
1	155258225
1	155282083
1	155282162
1	155290373
1	155294223
1	155313477
1	155629672
1	155630182
1	155630479
1	155646490
1	155726824
1	155742981
1	155791283
1	155851034
1	156025075
1	156047100
1	156247835
1	156437332
1	156438576
1	156536189
1	156565167
1	156566223
1	156593864
1	156616837
1	156641366
1	156814043
1	157567766
1	157740266
1	157773730
1	158063222
1	158226842
1	158299903
1	158390013
1	158813829
1	158817524
1	158988417
1	159175709
1	159283570
1	159505449
1	159799844
1	159850438
1	159860336
1	159869897
1	159888667
1	159889501
1	159906555
1	159912824
1	160001515
1	160012247
1	160012307
1	160062276
1	160100068
1	160147395
1	160192564
1	160259787
1	160321033
1	160325672
1	160340755
1	160604508
1	160616666
1	160722977
1	161021266
1	161021308
1	161039378
1	161042555
1	161047246
1	161137796
1	161140244
1	161163532
1	161163934
1	161180173
1	161183716
1	161495689
1	161518363
1	161599720
1	161600944
1	161693398
1	161695849
1	161721744
1	161726621
1	161748107
1	161970059
1	162344055
1	162467889
1	162743361
1	162824753
1	162825104
1	163131754
1	163317623
1	165173061
1	165173062
1	165378875
1	165513759
1	165638668
1	166831572
1	167024238
1	167096069
1	167666339
1	168054954
1	169390795
1	169513570
1	169586492
1	169586511
1	169772367
1	169816851
1	170024465
1	171168557
1	171504578
1	171519226
1	171537433
1	172628410
1	173596204
1	173780434
1	173826789
1	173826826
1	173883801
1	175049335
1	175375727
1	176526120
1	176526308
1	176564043
1	176640162
1	176833392
1	176845742
1	177030252
1	179077482
1	179314089
1	179314169
1	179414158
1	179659878
1	179887357
1	180163519
1	180240567
1	180366723
1	181058993
1	182026339
1	182026819
1	182353824
1	183207510
1	183486865
1	183511262
1	183617811
1	184690500
1	184868327
1	185171907
1	185276713
1	185703876
1	185947000
1	186014935
1	186022978
1	186036972
1	186083197
1	186083984
1	186097424
1	186275629
1	186276690
1	186302468
1	186324894
1	186328999
1	186388153
1	192335171
1	192545477
1	196309598
1	196952198
1	197112577
1	197169642
1	197404201
1	197898211
1	198666024
1	200376620
1	200378004
1	200378264
1	200573065
1	200842741
1	200882859
1	200960074
1	200969637
1	200977957
1	201054152
1	201058503
1	201282303
1	201294188
1	201337322
1	201437521
1	201618209
1	201750411
1	201869003
1	201869333
1	202287079
1	202700117
1	202702840
1	202710688
1	202911318
1	202985097
1	202992130
1	203025588
1	203672839
1	203821346
1	204124195
1	204125411
1	204125848
1	204197242
1	204228664
1	204955198
1	204960423
1	205072996
1	205498536
1	205631988
1	205688791
1	205744141
1	205801774
1	205812885
1	205893531
1	206231121
1	206243556
1	206320269
1	206331023
1	206331144
1	206772933
1	207085272
1	207106490
1	207307750
1	207646199
1	208217877
1	209797003
1	209799008
1	209956237
1	209956441
1	210006631
1	210334289
1	210522329
1	211307362
1	211449609
1	211527802
1	211836783
1	212154458
1	212238336
1	212515588
1	212792917
1	213009404
1	213134613
1	213178621
1	213415984
1	214803964
1	214826200
1	215256759
1	215820947
1	215847677
1	216258076
1	216497038
1	216850740
1	220152063
1	220153488
1	222838713
1	223177682
1	223396894
1	223568700
1	223934706
1	224491525
1	224514116
1	224586686
1	224804709
1	225594397
1	225600312
1	225706917
1	225755071
1	226034901
1	226054308
1	226075301
1	226180195
1	226552832
1	226568875
1	227174287
1	227935498
1	228003897
1	228003939
1	228432213
1	228433291
1	228465465
1	228467750
1	228509264
1	228529892
1	228550283
1	228596863
1	228602371
1	229600370
1	229730211
1	229781689
1	230492859
1	230829156
1	230916262
1	231081168
1	231344781
1	231401468
1	231471541
1	231472005
1	231473095
1	232577109
1	232940695
1	233749943
1	234510071
1	235277209
1	235346096
1	235613556
1	235860530
1	235872510
1	236381858
1	236646907
1	236647531
1	236925893
1	236987492
1	237038037
1	237802389
1	237872339
1	237890471
1	237919631
1	240071617
1	241712983
1	241755417
1	241797103
1	241797861
1	242035395
1	243303262
1	243828096
1	245006391
1	245704112
1	245862193
1	246810912
1	247016545
1	247051509
1	247263802
1	247582076
1	247587176
1	247588368
1	247695039
1	247875761
1	248263078
1	248263372
1	248308583
1	248402539
2	218808
2	669511
2	1204899
2	1652327
2	1653216
2	3481520
2	3660908
2	5833169
2	7137148
2	8871792
2	8890291
2	8998938
2	9547066
2	9731522
2	9731617
2	9991740
2	10102611
2	10350789
2	10923340
2	10929977
2	11355116
2	11750998
2	11780550
2	11907973
2	15747341
2	15763564
2	15770213
2	16746919
2	17963109
2	17997941
2	18764262
2	20206010
2	20512053
2	20818783
2	20818988
2	21230987
2	21231629
2	21234285
2	21245798
2	24246469
2	24291236
2	25044435
2	25057375
2	25141532
2	25965311
2	26177193
2	26204211
2	26533735
2	26680950
2	26702239
2	26706409
2	26739411
2	27259614
2	27278601
2	27280180
2	27303754
2	27427334
2	27594138
2	27597031
2	27688353
2	27746168
2	28210901
2	28843197
2	28855877
2	29274978
2	29295109
2	29295726
2	30974115
2	31215868
2	31360991
2	31457462
2	31457507
2	31558801
2	31562462
2	32475090
2	32526487
2	32692616
2	32707504
2	32740485
2	32768313
2	32983537
2	33012179
2	33246077
2	33585767
2	33589323
2	33623444
2	33623576
2	33810140
2	36740781
2	36740853
2	36744660
2	37126685
2	37267549
2	37459276
2	37468922
2	37474649
2	38525708
2	38903119
2	38975758
2	39008821
2	39893151
2	39931241
2	39944345
2	43452297
2	43778940
2	43934672
2	43986092
2	44001263
2	44021818
2	44101561
2	44206987
2	44428690
2	44527136
2	44569589
2	45169312
2	45169648
2	45233283
2	45235935
2	45807020
2	45826800
2	46412008
2	46607784
2	46815228
2	47136203
2	47205950
2	47637393
2	48026004
2	48707135
2	48738603
2	48741873
2	48915389
2	48915773
2	49190834
2	49381495
2	50170867
2	50780124
2	54001499
2	54080409
2	54159001
2	54482925
2	54872404
2	54872469
2	54880820
2	54883115
2	54893178
2	55523066
2	55555447
2	55589485
2	56602982
2	58390074
2	61009051
2	61021113
2	61118864
2	61259027
2	61416111
2	61468780
2	61577813
2	61705986
2	61722723
2	62099678
2	62449833
2	62450064
2	63175609
2	63176268
2	63283453
2	63711778
2	64331953
2	64863276
2	65248136
2	65540908
2	66667071
2	68607594
2	68882145
2	69014995
2	69049478
2	69177312
2	69757767
2	70123578
2	70188262
2	70486681
2	70520818
2	70890670
2	71215753
2	71576270
2	71730446
2	71797818
2	71817362
2	71892324
2	71913588
2	72945272
2	73188351
2	73449939
2	73679902
2	73746997
2	73961664
2	74174018
2	74307672
2	74329082
2	74649301
2	74653513
2	74657796
2	74746811
2	74749796
2	74751297
2	74752201
2	74755134
2	75921499
2	75929495
2	75937947
2	76975804
2	77746525
2	79364368
2	80529385
2	85051152
2	85536253
2	85617618
2	85782690
2	85836054
2	86073608
2	86257416
2	86271402
2	86434390
2	86481834
2	86697398
2	86697456
2	86716693
2	88751431
2	88926573
2	89197089
2	89326882
2	89619838
2	95540715
2	95845958
2	95976161
2	96078496
2	96795839
2	96798441
2	96957209
2	96963157
2	97007481
2	97024827
2	97215062
2	97427780
2	97506561
2	97526392
2	97559751
2	97749465
2	97757221
2	97784149
2	98275398
2	99155995
2	99170940
2	99788039
2	99860493
2	100007020
2	100022463
2	100368691
2	101188065
2	101591995
2	101612039
2	101650061
2	101666932
2	101706812
2	101889441
2	101971819
2	102475534
2	102626090
2	102636266
2	102849496
2	103068507
2	103335154
2	105912860
2	105915061
2	105924735
2	106498373
2	107423177
2	107459853
2	108477340
2	108488656
2	108488724
2	108604594
2	108998853
2	109109212
2	109116009
2	109384100
2	109524408
2	109546657
2	110325497
2	110373117
2	111408326
2	111411069
2	112638201
2	112732972
2	112824586
2	113127724
2	113145975
2	113333220
2	113943689
2	113953859
2	114000347
2	114257944
2	118579309
2	118579727
2	120438581
2	120439017
2	120858276
2	121744000
2	121745998
2	121746597
2	121747852
2	121747867
2	121997187
2	122159131
2	122273275
2	122363333
2	125285014
2	125671711
2	127834224
2	127958830
2	128471458
2	128525817
2	128628440
2	128927861
2	130899788
2	130910634
2	130951729
2	131116478
2	131704112
2	132021757
2	132274503
2	135170466
2	135745063
2	135926270
2	136409535
2	136423027
2	136467701
2	136481577
2	136545819
2	136562436
2	136566490
2	136623726
2	136624145
2	136626255
2	136630277
2	137990472
2	140992393
2	141116451
2	141459335
2	141473672
2	142567917
2	144245053
2	148672871
2	149220200
2	150426631
2	152292023
2	152320527
2	152321593
2	152322024
2	152381773
2	152394746
2	152522805
2	152670717
2	152982811
2	152989992
2	153378497
2	153519623
2	155555234
2	155566172
2	155711246
2	157407127
2	158115921
2	158272196
2	159077168
2	159195291
2	160252305
2	160310281
2	160663584
2	160750488
2	161052046
2	161135065
2	163031453
2	163057081
2	163139083
2	163216745
2	164591527
2	164591533
2	165947145
2	166032782
2	166165901
2	166201250
2	166246006
2	166536086
2	166740494
2	166773819
2	166848919
2	168099705
2	168099780
2	168105479
2	168115174
2	168997245
2	169746006
2	169791908
2	169939909
2	170428490
2	170488322
2	170537603
2	170558031
2	170606217
2	170668960
2	170912077
2	171319941
2	171323034
2	171863067
2	172325481
2	173355986
2	173891937
2	174086202
2	174783366
2	174820366
2	174946667
2	175216391
2	175618125
2	175994917
2	176804328
2	176957897
2	176959215
2	176964838
2	176995511
2	177036352
2	178081474
2	178483076
2	178483399
2	178494130
2	178576510
2	178936346
2	179197732
2	179325961
2	179395423
2	179398278
2	179402308
2	179407864
2	179414977
2	179427094
2	179435898
2	179440287
2	179456539
2	179471919
2	179490009
2	179529217
2	179552841
2	179578658
2	179582358
2	179588844
2	179602879
2	179606019
2	179612429
2	179634405
2	179647297
2	179659843
2	179702008
2	179736984
2	179737029
2	179974676
2	180348034
2	180409625
2	180809958
2	180815330
2	182322998
2	182468772
2	182766913
2	182850727
2	183387161
2	183622521
2	183730902
2	185802557
2	187366110
2	187520984
2	187523774
2	189916942
2	190340177
2	190541690
2	190608073
2	192701020
2	196729054
2	196765097
2	196822012
2	196834764
2	197172783
2	197541384
2	197650172
2	197653994
2	198257062
2	198257884
2	198265128
2	198273107
2	198288548
2	198498615
2	198949539
2	201284107
2	201437241
2	201485959
2	201784967
2	202060603
2	202073924
2	202215449
2	202245799
2	202245876
2	202466489
2	202509885
2	202606545
2	202672310
2	202899443
2	202899724
2	202900121
2	203329665
2	203384914
2	203420346
2	203772676
2	203831740
2	204110593
2	204137381
2	204291988
2	204591492
2	204801509
2	206037055
2	206305347
2	206580995
2	206870181
2	206921479
2	207003257
2	207007428
2	207513445
2	207652863
2	208030313
2	209036736
2	209045983
2	209358024
2	210874462
2	212589910
2	212812317
2	214215285
2	216246972
2	216300403
2	216960702
2	216974156
2	217142404
2	217279875
2	217329380
2	218678512
2	218683157
2	218713674
2	219029255
2	219029504
2	219128164
2	219267411
2	219414619
2	219500575
2	219503413
2	219508570
2	219528643
2	219540121
2	219603188
2	219614825
2	219691785
2	219692572
2	219694859
2	219754762
2	219825141
2	219856929
2	220089407
2	220145305
2	220286186
2	220419234
2	220424077
2	220432061
2	220471794
2	220497630
2	223436710
2	223507644
2	224776978
2	225342967
2	227660254
2	227662210
2	227663348
2	227663358
2	228134685
2	228564103
2	230282932
2	230377613
2	230668810
2	231110598
2	231176193
2	231327147
2	231331900
2	231379968
2	231742168
2	232028371
2	232262773
2	232263162
2	232389872
2	233322729
2	233349933
2	233405097
2	233405108
2	233409145
2	233546406
2	233748770
2	234436201
2	234449312
2	234545408
2	234601954
2	234602213
2	234627582
2	234637815
2	234652133
2	234858699
2	235949935
2	236715904
2	236817478
2	237076120
2	237374343
2	237489334
2	238249401
2	238266486
2	238457876
2	239050041
2	239056533
2	239090804
2	239102934
2	239162215
2	239237441
2	240016750
2	241439888
2	241514530
2	242035266
2	242065692
2	242066073
2	242066347
2	242162615
2	242173330
2	242195753
3	403381
3	447474
3	1418730
3	3139716
3	4403790
3	4817022
3	4853060
3	5024984
3	6903436
3	6903441
3	7188263
3	8609249
3	8675603
3	9036101
3	9488896
3	9506208
3	9506309
3	9512279
3	9711165
3	9780815
3	9783714
3	9807532
3	9825701
3	9847917
3	9867556
3	9911575
3	9953226
3	9969997
3	9971775
3	10011466
3	10114614
3	10191620
3	10268066
3	10280464
3	10280583
3	10320693
3	10342782
3	10342886
3	10370789
3	11340892
3	11348419
3	12944317
3	13364838
3	13377111
3	13383524
3	13401899
3	13415339
3	13538295
3	13546127
3	13612910
3	13659599
3	13896274
3	13921314
3	14176351
3	14239560
3	14548335
3	15055141
3	15084233
3	15094971
3	15287030
3	15507883
3	15605044
3	15686057
3	16336471
3	16419471
3	17226524
3	18393576
3	18435993
3	19322766
3	19479730
3	19974952
3	20181824
3	21552414
3	21606157
3	23848792
3	23929060
3	24018881
3	25636151
3	25657005
3	26751534
3	27332758
3	27333026
3	27436204
3	27436567
3	27478893
3	29628650
3	31703541
3	31705692
3	31871621
3	31871622
3	32570073
3	32806268
3	32814971
3	32932035
3	32932038
3	32932742
3	32933178
3	35786035
3	36779461
3	36897723
3	36899407
3	37034441
3	37365643
3	37366803
3	37821426
3	38049588
3	38129787
3	38158745
3	38163210
3	38173433
3	38291485
3	38359860
3	38592951
3	38597183
3	38616851
3	38766718
3	38888497
3	39172564
3	39174675
3	39184563
3	39185283
3	39227243
3	39227929
3	39229746
3	39230654
3	39307059
3	39307286
3	40085745
3	40231358
3	40523362
3	40529420
3	40574004
3	41275225
3	41275709
3	41996184
3	42244183
3	42674257
3	42685407
3	42739054
3	42793472
3	42906427
3	43121390
3	43381954
3	44488750
3	44488942
3	44496614
3	44636274
3	44700900
3	44763001
3	44905706
3	44932194
3	44943311
3	45000755
3	45153634
3	45515795
3	45677711
3	45785180
3	45867823
3	45942737
3	45988278
3	46063451
3	46449667
3	46480910
3	46713378
3	46939401
3	47037782
3	47041575
3	47045754
3	47049880
3	47050533
3	47103716
3	47125724
3	47147505
3	47162677
3	47277917
3	47361241
3	47447464
3	47468974
3	47651784
3	47890218
3	47951159
3	48265860
3	48414189
3	48461540
3	48464991
3	48602255
3	48621940
3	48621990
3	48624052
3	48626802
3	48682920
3	48697179
3	48697567
3	48699187
3	48725853
3	48884778
3	48900049
3	49051071
3	49052660
3	49053387
3	49137518
3	49155454
3	49156554
3	49161295
3	49162217
3	49169149
3	49315723
3	49321491
3	49412922
3	49699544
3	49700703
3	49701900
3	49721623
3	49755432
3	49756429
3	49760140
3	50155867
3	50329921
3	50330053
3	50340361
3	50379573
3	50379839
3	50385271
3	50414940
3	50417407
3	51431381
3	51743398
3	51929108
3	51980283
3	52014919
3	52027749
3	52263139
3	52263754
3	52282398
3	52378559
3	52437525
3	52439242
3	52454985
3	52470019
3	52476238
3	52522089
3	52523507
3	52544182
3	52558010
3	52692285
3	52728768
3	52816079
3	52825534
3	52835033
3	52860905
3	52966225
3	53226134
3	53326662
3	53529245
3	53764524
3	53810668
3	53844221
3	53891664
3	54959070
3	56651273
3	57108290
3	57232883
3	57817175
3	57847676
3	58109388
3	58520133
3	62180831
3	62253140
3	62319059
3	62358014
3	63981618
3	63981998
3	67049548
3	69053550
3	69058941
3	69072452
3	69124610
3	69168490
3	69435110
3	71026099
3	71247497
3	72428561
3	72842081
3	73016808
3	73433606
3	73433702
3	73433947
3	74350673
3	77147339
3	77614212
3	77671493
3	78656177
3	85961556
3	87017790
3	88202575
3	93593074
3	93692540
3	93733423
3	93780437
3	97664644
3	97887686
3	97983375
3	98109592
3	100348464
3	100945808
3	101136598
3	101374980
3	101484233
3	101572369
3	107096978
3	108388553
3	108541639
3	108776287
3	109052730
3	111700731
3	111710525
3	111766777
3	112064074
3	112185146
3	112349093
3	112357946
3	113321886
3	113345005
3	113346584
3	113374108
3	113375488
3	113442284
3	113563489
3	113588411
3	113658819
3	113684127
3	113772456
3	113775222
3	113850002
3	114069326
3	114069920
3	114070632
3	115560739
3	118621372
3	118922829
3	119109743
3	119120904
3	119133842
3	119171365
3	119211360
3	119459417
3	119533911
3	119885972
3	119886076
3	120973887
3	121001169
3	121126431
3	121212534
3	121240918
3	121258349
3	121341975
3	121410125
3	121410230
3	121421423
3	121591586
3	121707172
3	121838357
3	121980439
3	121994822
3	122002808
3	122418631
3	122419200
3	122628984
3	122631117
3	122990590
3	123005630
3	123039615
3	123066664
3	123444811
3	123694251
3	124132391
3	124281826
3	124374493
3	124385391
3	124632510
3	124721140
3	124896755
3	124952476
3	125032472
3	125279240
3	125313526
3	125775344
3	126071237
3	126138522
3	126153224
3	126707727
3	126737281
3	126737303
3	127292276
3	127292390
3	127441312
3	127642706
3	127682215
3	127842522
3	128182136
3	128200153
3	128204714
3	128341190
3	129280710
3	129308208
3	130283918
3	130377599
3	130650912
3	130683835
3	130688241
3	130716497
3	131624129
3	132036225
3	132050502
3	132358374
3	133118994
3	133119257
3	133375669
3	133495910
3	133673820
3	134079236
3	134090209
3	134201653
3	134322426
3	134322434
3	134338075
3	134346625
3	134369834
3	136191292
3	136664515
3	137483758
3	137786533
3	137813768
3	137907315
3	138187556
3	138192459
3	138664546
3	138738769
3	138739177
3	141231018
3	141289865
3	142048335
3	142102235
3	142137357
3	142539746
3	143292991
3	143704553
3	143708448
3	147108999
3	147127935
3	147128023
3	147128158
3	148563303
3	148601475
3	148786026
3	149192829
3	150403602
3	151055750
3	151082870
3	151598579
3	152553640
3	152554471
3	154010429
3	154146568
3	154862168
3	155311885
3	155623951
3	155838432
3	156710974
3	157081161
3	157820669
3	158262060
3	158538071
3	158980532
3	159605592
3	159997080
3	159998583
3	160122433
3	160141217
3	160156629
3	160219847
3	160474204
3	160958877
3	160964132
3	164758799
3	164781330
3	164785134
3	164906581
3	167189471
3	167272581
3	167540838
3	167728056
3	168838970
3	169513957
3	169644594
3	169985726
3	170102501
3	170198951
3	170244625
3	170715715
3	170724966
3	170824458
3	170843727
3	171455388
3	172052839
3	172115203
3	172241171
3	172674491
3	172674553
3	176767910
3	178560440
3	178916876
3	178921566
3	179458095
3	180322316
3	180693938
3	182681718
3	182740301
3	182858384
3	182933783
3	183027578
3	183107532
3	183217409
3	183823948
3	183860126
3	183888469
3	183901363
3	183906155
3	183908989
3	183976083
3	184020207
3	184020286
3	184020536
3	184040725
3	184052538
3	184075273
3	185165702
3	185209440
3	185212549
3	185213065
3	185367233
3	185407221
3	185879418
3	186331054
3	186333563
3	186338448
3	186442911
3	186445040
3	186504523
3	186571004
3	186838873
3	186943263
3	186953477
3	187386756
3	187416402
3	187447343
3	187449599
3	189597919
3	189612226
3	189700862
3	192125938
3	193336694
3	194063002
3	194344285
3	194407935
3	195295825
3	195404608
3	195610044
3	196098827
3	196386659
3	196387264
3	196509498
3	196529957
3	196547373
3	196612799
3	196737603
3	196842852
3	197239159
3	197241147
3	197401464
3	197430442
3	197678109
4	265291
4	337631
4	435947
4	436696
4	438178
4	501335
4	652754
4	657963
4	759929
4	954486
4	997872
4	1066664
4	1209967
4	1244750
4	1388398
4	1388594
4	1389077
4	1389110
4	1730153
4	1739044
4	1936883
4	1941505
4	1957040
4	2306064
4	2746573
4	2934851
4	3030968
4	3432557
4	4198966
4	4214666
4	4864564
4	5527199
4	5624599
4	5785417
4	6293076
4	6303573
4	6873394
4	6925449
4	7056396
4	7069755
4	7787976
4	7802191
4	7844927
4	8224673
4	8229411
4	8229488
4	8304224
4	8582818
4	8583170
4	9784383
4	10445860
4	11401383
4	13481136
4	13543820
4	13601557
4	13601771
4	13603422
4	15067972
4	15504529
4	15706557
4	15707179
4	16504149
4	16504316
4	16504399
4	17590491
4	17805013
4	20533609
4	20619098
4	20620480
4	25665876
4	25678148
4	25678188
4	26487493
4	26675452
4	36122811
4	36212091
4	37841726
4	38690343
4	38774969
4	38775827
4	38910258
4	39449942
4	39507272
4	39827098
4	39864604
4	39978078
4	40108591
4	40133497
4	40351284
4	40440380
4	41747863
4	41941381
4	42145792
4	42580282
4	44176847
4	44449879
4	46263958
4	47538839
4	47896256
4	48027093
4	48486088
4	48524973
4	48569288
4	52861790
4	52883710
4	52899799
4	52948614
4	53494205
4	53728734
4	54256014
4	54966538
4	55155048
4	55602713
4	55991433
4	56230357
4	56345813
4	56736963
4	56756467
4	56770542
4	56878114
4	57262801
4	57777582
4	57888332
4	62758431
4	66535351
4	68484760
4	68496240
4	68928536
4	68928546
4	69101882
4	69179911
4	69203417
4	69512929
4	69696453
4	69962817
4	70146580
4	70355227
4	70921306
4	71527816
4	72623795
4	72897572
4	72897733
4	73178013
4	73414389
4	73414490
4	74021480
4	74301956
4	76452235
4	76797689
4	77003646
4	77274319
4	77288456
4	77305475
4	77816601
4	77817882
4	78695850
4	79437134
4	79460550
4	79841777
4	79845094
4	80329149
4	81123283
4	81187907
4	81284036
4	81952751
4	81966985
4	83778205
4	83800030
4	84222140
4	84243467
4	85605246
4	85654600
4	87643552
4	87928519
4	88036091
4	88056809
4	88085028
4	88303453
4	88940699
4	88996058
4	89013454
4	89199309
4	89356988
4	89601291
4	89941734
4	90816369
4	90874336
4	94032075
4	95194823
4	95376483
4	96035953
4	96761824
4	96762303
4	100340190
4	100532310
4	100826812
4	102015024
4	102984241
4	103236889
4	103537599
4	103611920
4	105393493
4	106156977
4	106640591
4	107165917
4	108866348
4	109745340
4	110222905
4	110268647
4	110384730
4	110446025
4	110447421
4	110667631
4	110745141
4	110765432
4	110789059
4	110790877
4	110791302
4	113356304
4	113435853
4	113436261
4	114278087
4	114288750
4	114900035
4	115997356
4	118005789
4	118975752
4	119036032
4	119216200
4	119948591
4	122592751
4	122604536
4	122747065
4	122833042
4	123145714
4	123161492
4	123178412
4	123237991
4	123302162
4	125590486
4	125592579
4	126240700
4	126242202
4	126329756
4	126337624
4	126372561
4	126373058
4	126373326
4	126373398
4	126412361
4	126412419
4	128565127
4	128628059
4	128803047
4	128817956
4	129043203
4	129783140
4	129792673
4	134071269
4	134072279
4	134072574
4	134073815
4	138442540
4	139162993
4	139980217
4	139980654
4	140432959
4	140468097
4	140641420
4	140811600
4	141484497
4	141484498
4	141592017
4	142654038
4	142949969
4	144136041
4	144459999
4	144464785
4	145032439
4	145629394
4	146044509
4	146077088
4	146560419
4	146653612
4	146823878
4	146824080
4	147227161
4	148461086
4	148539115
4	148601489
4	151504301
4	151504638
4	151827096
4	152203322
4	153247366
4	153573844
4	154524579
4	154625491
4	154641388
4	154669871
4	155156559
4	155180843
4	155241980
4	155253858
4	155457860
4	155530892
4	155665779
4	156751005
4	156787422
4	156839334
4	159629753
4	159642600
4	159754753
4	159790071
4	159956245
4	160271298
4	162307286
4	164069587
4	165962448
4	169194527
4	169300533
4	169432870
4	170625194
4	170652929
4	171009688
4	174450113
4	175158646
4	175231080
4	175413246
4	175565101
4	175603983
4	177136814
4	177649031
4	183664409
4	183673005
4	184182476
4	184570717
4	184587557
4	185309909
4	185320176
4	185687872
4	185940071
4	186244919
4	186379290
4	186544086
4	186544241
4	186544622
4	186998142
4	187075712
4	187540840
4	187554884
4	189026087
4	189064958
4	189068521
4	189068552
5	171207
5	182248
5	235262
5	306814
5	434094
5	453724
5	476420
5	476455
5	477549
5	1065562
5	1074757
5	1219161
5	1294276
5	1501698
5	1879651
5	5209223
5	6605402
5	6620376
5	7690936
5	7866771
5	7875407
5	7897197
5	10988355
5	13692229
5	13735336
5	13841921
5	14280475
5	14366989
5	14462929
5	14471494
5	14485304
5	14751265
5	16474906
5	16475174
5	16673854
5	16701426
5	16818217
5	17354197
5	19483412
5	21783500
5	24511480
5	24535321
5	24537769
5	26885916
5	31294083
5	31318059
5	31323239
5	32093114
5	32388652
5	33453514
5	33461303
5	33467730
5	33596124
5	33662036
5	33984349
5	33997188
5	34867007
5	35003884
5	35659201
5	35876343
5	36038017
5	36039718
5	36064386
5	36182101
5	36257608
5	36265096
5	36986016
5	37164388
5	37184973
5	37301584
5	37371154
5	38427273
5	38876460
5	38881774
5	38904527
5	38917658
5	38931989
5	38958790
5	39341718
5	39383358
5	40692062
5	41055912
5	41058177
5	41862818
5	43280395
5	43655996
5	45267332
5	45695923
5	49695732
5	49699248
5	50090689
5	52183698
5	53751920
5	54581549
5	54941647
5	54960630
5	55059876
5	55407217
5	57752778
5	58021884
5	58021940
5	58270808
5	60063706
5	61654029
5	63256555
5	63257294
5	63257451
5	64824340
5	65088301
5	65321330
5	66445330
5	66459081
5	66460075
5	66461496
5	67569269
5	67588967
5	68411812
5	68581211
5	68709944
5	70751756
5	70786853
5	70810843
5	70939714
5	71491542
5	71493572
5	71494568
5	71740081
5	71752302
5	71752332
5	71756466
5	72168474
5	73931915
5	73932233
5	74034228
5	74325418
5	74647290
5	74892279
5	76349929
5	78076197
5	78586029
5	79026526
5	79027740
5	79028132
5	79441997
5	79744116
5	80547074
5	80608366
5	81571920
5	82815244
5	82833859
5	82836759
5	82875843
5	83680232
5	85578533
5	88057087
5	89924549
5	90008146
5	90106435
5	92924099
5	92929326
5	93076989
5	94027789
5	94253677
5	94838700
5	94956189
5	94990071
5	95224537
5	95234463
5	96093305
5	96235869
5	96342194
5	96364327
5	96504524
5	98205481
5	99897774
5	100222173
5	102611815
5	102890474
5	102895080
5	102895758
5	106716988
5	106716991
5	107700599
5	109103235
5	109152978
5	110079474
5	110456840
5	111071142
5	111497309
5	112175978
5	112177901
5	112312585
5	112312634
5	112418625
5	112770550
5	114466514
5	114472805
5	114513372
5	114610997
5	115151945
5	115152172
5	115298725
5	115320399
5	118506774
5	118525508
5	118582832
5	120021725
5	122154656
5	122682229
5	124079834
5	125885892
5	126705611
5	127595438
5	127624828
5	128956401
5	128983497
5	129015462
5	130846180
5	131055103
5	131310505
5	131398444
5	131925515
5	132037893
5	132056327
5	132085079
5	132197397
5	133695620
5	133914423
5	133914814
5	134002582
5	134011773
5	134190802
5	134782138
5	135382090
5	136997604
5	137013311
5	137206549
5	137261613
5	137502305
5	137762975
5	137765557
5	137844504
5	137853386
5	138209468
5	138209747
5	138266310
5	138700347
5	138714279
5	139060822
5	139216516
5	139219727
5	139909127
5	139931581
5	139947310
5	140032642
5	140054288
5	140167500
5	140167673
5	140176178
5	140176250
5	140181616
5	140188138
5	140188209
5	140189153
5	140208853
5	140216037
5	140221183
5	140222184
5	140229376
5	140237232
5	140248986
5	140249034
5	140249735
5	140307193
5	140348018
5	140476117
5	140476693
5	140480531
5	140503053
5	140531395
5	140532268
5	140537067
5	140537375
5	140537653
5	140553068
5	140554195
5	140554688
5	140554833
5	140554856
5	140559195
5	140574398
5	140579773
5	140590251
5	140590273
5	140590336
5	140605048
5	140605170
5	140605518
5	140616432
5	140711236
5	140712697
5	140719900
5	140720175
5	140723816
5	140725487
5	140739976
5	140744339
5	140750432
5	140752193
5	140753950
5	140772578
5	140789108
5	140794566
5	140801707
5	140803023
5	140811775
5	140855637
5	140857192
5	140857859
5	140864926
5	140869176
5	140954664
5	141004847
5	141051285
5	141052584
5	141359744
5	143587043
5	143853296
5	145252433
5	145435650
5	145539997
5	145641097
5	145838729
5	147040712
5	147665564
5	148577799
5	148885036
5	149449791
5	149501462
5	149514441
5	149515200
5	149563112
5	149576690
5	149677363
5	149901216
5	149915316
5	150029795
5	150073720
5	150567016
5	150885606
5	150900978
5	150922910
5	150924878
5	150932825
5	153674458
5	153857062
5	154173380
5	154181659
5	154188143
5	155771592
5	156566112
5	156566377
5	156770203
5	156921749
5	157065313
5	157073825
5	157218921
5	158585701
5	158588444
5	158621768
5	158749491
5	159707560
5	159821210
5	159834589
5	159854847
5	160886851
5	161113335
5	161309632
5	161580331
5	167673862
5	168096903
5	168233540
5	169081459
5	169101370
5	169127044
5	169535091
5	170222393
5	171326970
5	171766378
5	172195768
5	172341813
5	172421816
5	172513547
5	172585849
5	172661971
5	173378883
5	174869224
5	174870024
5	174940572
5	175523833
5	175717704
5	175772212
5	175798839
5	175921000
5	176295869
5	176297494
5	176301102
5	176308174
5	176311096
5	176524578
5	176821195
5	176824846
5	176859781
5	176895200
5	176932071
5	176958332
5	177171933
5	177546865
5	178045754
5	178311127
5	178392252
5	178415974
5	178506622
5	178585753
5	178585754
5	178608111
5	178699925
5	179192339
5	179218924
5	179315141
5	179763571
5	180668824
6	549225
6	556540
6	598904
6	619531
6	656885
6	2683370
6	2685574
6	3119729
6	3273614
6	4116153
6	4892426
6	4935784
6	4937916
6	5545497
6	5999324
6	7229251
6	7229630
6	7231823
6	7556048
6	7558383
6	7575688
6	7861792
6	10402780
6	10529645
6	10556996
6	11185727
6	13182828
6	13185061
6	13794168
6	14135577
6	15497056
6	15501607
6	15504768
6	17637579
6	17688731
6	18121774
6	18213921
6	18258185
6	20152948
6	20546630
6	21000533
6	24357847
6	24403379
6	24520718
6	24559331
6	24564429
6	24596180
6	24596740
6	24601292
6	24781736
6	25652562
6	25769388
6	25777025
6	25850131
6	25851012
6	25862613
6	26033717
6	26271322
6	26370653
6	26426585
6	26501980
6	27219033
6	27835296
6	27879267
6	28060515
6	28121706
6	28214867
6	28227631
6	28251948
6	28253422
6	28327577
6	28871735
6	29080191
6	29274510
6	29364603
6	29408113
6	29912006
6	29976071
6	30105139
6	30166771
6	30229066
6	30459324
6	30558114
6	30570230
6	30572188
6	30638601
6	30652838
6	30656470
6	30672029
6	30673037
6	31124668
6	31378916
6	31431676
6	31431848
6	31508145
6	31594854
6	31608170
6	31678136
6	31700098
6	31746833
6	31747500
6	31752208
6	31913052
6	31919166
6	31963845
6	32036481
6	32063461
6	32093997
6	32147321
6	32188554
6	32261099
6	32820913
6	32944691
6	33143379
6	33151987
6	33245554
6	33262519
6	33283742
6	33283898
6	33380521
6	33383885
6	33424048
6	33555555
6	33644847
6	33651854
6	33656503
6	34214603
6	34512083
6	34512141
6	34838694
6	34846292
6	35053551
6	35211769
6	35213122
6	35261693
6	35285722
6	35288679
6	35436771
6	35565059
6	35706178
6	35838119
6	35960405
6	36566687
6	36651985
6	37141910
6	37237414
6	37441313
6	37442328
6	38142952
6	38810458
6	38997985
6	39082730
6	39272407
6	39284136
6	39513399
6	39874102
6	41035079
6	41557819
6	41617366
6	41652349
6	41773584
6	41773672
6	42025190
6	42034052
6	42152573
6	42237048
6	42237169
6	42996916
6	43006193
6	43014340
6	43018958
6	43143591
6	43155717
6	43214460
6	43469422
6	43472924
6	43593576
6	43613001
6	44081798
6	44200151
6	44218919
6	45480055
6	46135371
6	46657611
6	46657807
6	46800839
6	47646779
6	47647923
6	48036194
6	50696994
6	50807915
6	50810910
6	51720694
6	51882407
6	51889610
6	51893031
6	52103637
6	52268045
6	52859046
6	52870014
6	52876675
6	54212257
6	55039526
6	55935558
6	56044530
6	56362658
6	56382028
6	56472116
6	56472483
6	56483207
6	62611243
6	64356524
6	64413548
6	66205273
6	69349192
6	69653882
6	70048837
6	70049308
6	70070928
6	70639374
6	70881896
6	70916936
6	72806829
6	72889441
6	72974703
6	73843172
6	74331591
6	75812392
6	76024480
6	76063394
6	76640679
6	79577535
6	79707269
6	79713474
6	79735265
6	79924727
6	83830456
6	83872513
6	83885712
6	83947465
6	85473684
6	86181055
6	86200375
6	87725673
6	87943177
6	87967849
6	87968179
6	88375550
6	89862777
6	89978736
6	90405437
6	90420480
6	90572133
6	90573000
6	96053638
6	96054018
6	96652077
6	97562309
6	99283523
6	100062185
6	101847134
6	105581463
6	105725992
6	106543567
6	106968176
6	108041977
6	108192913
6	109814631
6	110300630
6	110423400
6	110424599
6	110760029
6	111894165
6	112020734
6	112390715
6	112439090
6	114264668
6	116325095
6	116436918
6	116559392
6	116784497
6	116832954
6	117113936
6	117622279
6	117708088
6	117718078
6	117861891
6	118228887
6	118804977
6	119338015
6	119399367
6	119522419
6	121562631
6	121769020
6	123122520
6	123126210
6	126080668
6	127767695
6	128134836
6	128294227
6	128297891
6	128319929
6	128320017
6	128388776
6	128561270
6	129588330
6	129618944
6	129635867
6	129774143
6	129824362
6	129837377
6	130166947
6	130530643
6	130761722
6	131277137
6	132004203
6	132022466
6	132032050
6	132054845
6	132796764
6	132892328
6	132966527
6	133091437
6	133105117
6	133136450
6	134494676
6	136597624
6	136599844
6	136926487
6	137015287
6	138608047
6	139164332
6	139165656
6	139232478
6	142539799
6	143074742
6	143093268
6	144086872
6	144178445
6	144854229
6	145103188
6	145948787
6	146264431
6	146264882
6	146480543
6	146865074
6	149262440
6	149778020
6	150005434
6	150063644
6	151775708
6	152485401
6	152529285
6	152615188
6	152665291
6	152690702
6	152712429
6	152737747
6	152762329
6	152763367
6	152780013
6	152804219
6	152804262
6	153043060
6	153311147
6	154412297
6	154412549
6	155095207
6	155136915
6	155469426
6	155757627
6	155777009
6	158359693
6	158438784
6	158449920
6	158492698
6	158613099
6	158902211
6	159049469
6	159205752
6	159654342
6	159667986
6	160106000
6	160221831
6	160239671
6	160240107
6	160327975
6	160501196
6	160858111
6	160903815
6	161032655
6	161054846
6	161527593
6	163483334
6	163735933
6	163984567
6	165756927
6	166580269
6	166827348
6	166912107
6	167550438
6	167753658
6	167753699
6	168226741
6	168271164
6	168457915
6	168457999
6	169008886
6	169640596
6	169641959
6	170591863
6	170592855
7	794337
7	909145
7	1273155
7	1275518
7	1536891
7	2302885
7	2302893
7	2314825
7	2415079
7	2473008
7	2564931
7	2698052
7	2962827
7	2983911
7	3678717
7	4185419
7	4826033
7	4917611
7	5112735
7	5254167
7	5256261
7	5348870
7	5410958
7	5567982
7	5662739
7	5940149
7	5977505
7	5998643
7	6006528
7	6017321
7	6063067
7	6641770
7	6803581
7	6864282
7	7480441
7	8110614
7	8124647
7	11450835
7	11452357
7	11468674
7	11514093
7	11676161
7	12254541
7	12258147
7	15405839
7	16415850
7	16640412
7	16705077
7	17379034
7	17873692
7	18767281
7	18767291
7	18975515
7	19015514
7	20180651
7	20199352
7	20434518
7	20793015
7	20824258
7	21469490
7	21658800
7	21727020
7	21781604
7	21940815
7	21947917
7	23205390
7	23205476
7	23235463
7	23358858
7	23508118
7	23545392
7	23808650
7	24690173
7	24738626
7	24839831
7	25194732
7	25208044
7	26224798
7	26242599
7	27140828
7	27169104
7	27185363
7	27284874
7	27284889
7	27880395
7	28858814
7	29135806
7	29966214
7	30491184
7	30492468
7	31682738
7	31912975
7	32109917
7	34889193
7	34978907
7	36373770
7	36459786
7	37136224
7	37949243
7	37956144
7	38356912
7	38798017
7	39991409
7	42003927
7	42005382
7	42005870
7	42088245
7	42950408
7	43484040
7	43917474
7	43917686
7	43918000
7	43918150
7	44046789
7	44147231
7	44155380
7	44179993
7	44228590
7	44247745
7	44268484
7	44524842
7	44578494
7	44578546
7	44613203
7	44613472
7	44733484
7	44736592
7	44737841
7	44805815
7	45067388
7	45725798
7	47408641
7	48048663
7	48319141
7	48319427
7	50367306
7	50514938
7	50660772
7	50660793
7	50771529
7	51096056
7	53103952
7	55240687
7	55468927
7	56128167
7	56171941
7	57188093
7	63538417
7	63809071
7	64168537
7	64389200
7	64442464
7	64639786
7	65429308
7	65441044
7	65706170
7	66483089
7	70886091
7	71571261
7	72361262
7	72419418
7	72683339
7	72849456
7	72856617
7	72892280
7	72925163
7	72954300
7	72988761
7	73097566
7	73279928
7	73634106
7	73649859
7	73753288
7	73790479
7	73929891
7	74211498
7	74564014
7	74564635
7	75051084
7	75694214
7	75896630
7	76069813
7	76254975
7	78150952
7	79840350
7	80088140
7	81613995
7	82595270
7	82595437
7	82764524
7	83590759
7	83689812
7	84666334
7	84666347
7	86415913
7	86416061
7	86547797
7	86811581
7	86998796
7	87174282
7	87459246
7	87757929
7	87774751
7	88965806
7	89937089
7	90894915
7	90895744
7	91503503
7	92099487
7	92099563
7	92119117
7	92143170
7	92163809
7	92761055
7	92888878
7	93072971
7	93112146
7	93116272
7	94024307
7	94285371
7	94539569
7	94881152
7	94928192
7	95025623
7	95224443
7	97821733
7	97870574
7	98249017
7	98513427
7	98543387
7	98547352
7	98563404
7	98565172
7	98628298
7	98995554
7	99022687
7	99129631
7	99367776
7	99447301
7	99489938
7	99569369
7	99704036
7	99706041
7	99754149
7	99821643
7	100001356
7	100017452
7	100029091
7	100029182
7	100085985
7	100173865
7	100187667
7	100212615
7	100238644
7	100373130
7	100377230
7	100403312
7	100410389
7	100410617
7	100454739
7	100549643
7	100552318
7	100701297
7	100731000
7	100731578
7	100855870
7	101200757
7	101845118
7	101870695
7	101944480
7	102097875
7	102106665
7	102473297
7	102575102
7	102738936
7	102760247
7	102982403
7	106508065
7	106509446
7	106509746
7	106786862
7	107114615
7	107335117
7	107435043
7	107710278
7	107732113
7	107824867
7	108204853
7	111387391
7	111398809
7	111629091
7	111981086
7	112472682
7	112723833
7	112724397
7	114298280
7	114299721
7	115580943
7	116435962
7	116544411
7	116870020
7	116955339
7	117374975
7	117432218
7	117831985
7	120604802
7	120607994
7	120767143
7	121616844
7	121616874
7	121653642
7	121679608
7	121699922
7	121717913
7	121717975
7	122027158
7	122635650
7	123182106
7	123269153
7	123346871
7	124404300
7	126086230
7	126173664
7	126882895
7	127013924
7	127013983
7	127638054
7	128356950
7	128482429
7	128484133
7	128494106
7	129066342
7	131191394
7	131866334
7	133622742
7	133943141
7	134222347
7	134260263
7	134878051
7	135073647
7	135078916
7	135286256
7	135419014
7	136938288
7	137776610
7	138333799
7	138434048
7	138593790
7	138740021
7	139026220
7	139102462
7	139228976
7	139268717
7	139754527
7	139796362
7	139796787
7	141255267
7	141364719
7	141430139
7	141490637
7	141618842
7	141619359
7	141719019
7	141755405
7	141763330
7	141794662
7	142001029
7	142131902
7	142176390
7	142239792
7	142326870
7	142428796
7	142565999
7	143055983
7	143510078
7	143657270
7	143826594
7	143929609
7	144098459
7	144099043
7	147259297
7	148288104
7	148288205
7	148701266
7	148768061
7	148768561
7	148801104
7	148801648
7	148802126
7	148978786
7	149426290
7	149462736
7	149482621
7	149489254
7	149515106
7	149544992
7	149576647
7	150490188
7	150501465
7	150554720
7	150648846
7	150714248
7	150741222
7	150815639
7	150883993
7	150913091
7	150935108
7	150935685
7	151065934
7	151797926
7	151836341
7	152027701
7	152511720
7	154774988
7	154875950
7	154875967
7	156447323
7	156469301
7	156476804
7	156974879
7	157046953
7	157931051
7	158447904
8	163616
8	408408
8	418723
8	418761
8	1497583
8	1513940
8	1616574
8	1616801
8	2005884
8	2088786
8	2820858
8	2824267
8	2830689
8	3000103
8	3045423
8	3165284
8	3205574
8	3265724
8	3566002
8	6299660
8	6302005
8	6302343
8	6366512
8	6389934
8	6682720
8	8234245
8	8239055
8	8748228
8	8749544
8	9413916
8	9619099
8	9622228
8	9627720
8	9627723
8	10383149
8	10465475
8	10470516
8	10470642
8	10470816
8	10480335
8	10480525
8	10755416
8	11180256
8	11301797
8	11696131
8	11702661
8	11851516
8	12040220
8	12879199
8	12957382
8	12957403
8	15508217
8	15508235
8	15967636
8	15998443
8	17157293
8	17541951
8	17731566
8	17838265
8	18258476
8	18430060
8	18490278
8	18729494
8	19263452
8	19679998
8	19700363
8	20004787
8	20004848
8	20022610
8	20036885
8	20077936
8	21843137
8	21848409
8	21931345
8	21956026
8	21959239
8	21981285
8	22034149
8	22079056
8	22138637
8	22414288
8	22438968
8	22465547
8	22861943
8	22865211
8	22874843
8	23185992
8	23299203
8	23709854
8	24344716
8	24771870
8	24813619
8	25222207
8	25224427
8	25258569
8	25319606
8	25325900
8	25715850
8	26151190
8	26220317
8	26227751
8	26238866
8	26435770
8	26505233
8	26623494
8	26906454
8	27098735
8	27146781
8	27168384
8	27277438
8	27308338
8	27320833
8	27399054
8	27461898
8	27462630
8	27514297
8	27516065
8	27606052
8	27764717
8	27967899
8	28206249
8	28595088
8	28991587
8	29023261
8	30209910
8	30361864
8	30539545
8	30651479
8	30695498
8	30890061
8	30890262
8	30977935
8	31498031
8	32472081
8	32600255
8	32621866
8	33310843
8	33318926
8	33367405
8	33406938
8	36793212
8	36793218
8	37556071
8	37607997
8	37691228
8	37702087
8	37720520
8	37730677
8	37796362
8	38008392
8	38027436
8	38146964
8	38187085
8	38194920
8	38250486
8	38264900
8	38271232
8	38271691
8	38271707
8	38271765
8	38934828
8	39068681
8	39142349
8	39847306
8	41522428
8	41525838
8	41530074
8	41552848
8	41553999
8	41554077
8	41575652
8	41577332
8	41792386
8	41905993
8	41906655
8	42162712
8	42179578
8	42287697
8	42294819
8	42587054
8	42698266
8	42841936
8	42865516
8	42977332
8	48691118
8	48849035
8	48883154
8	48889327
8	48973321
8	49643979
8	51314879
8	51571210
8	53079456
8	53569195
8	53852963
8	53852972
8	53853313
8	54141881
8	54669122
8	54754231
8	55055290
8	55534809
8	55541607
8	55542120
8	56015034
8	56015483
8	56675197
8	56711489
8	56737308
8	57213922
8	57354098
8	57354130
8	57890650
8	59352305
8	59404920
8	59488555
8	59490710
8	59492193
8	59494283
8	59502068
8	59510073
8	59515829
8	59522163
8	61655258
8	61655327
8	61736638
8	61742917
8	62416020
8	63973896
8	63985569
8	64099642
8	65517326
8	67547230
8	67576666
8	68071331
8	68111326
8	68113950
8	68115431
8	69033194
8	69058478
8	69104760
8	69129888
8	70476307
8	70498608
8	70594445
8	71068760
8	71075056
8	71510175
8	71570049
8	72754843
8	72951237
8	72967983
8	74722839
8	75156959
8	75157148
8	75171694
8	75227623
8	77616327
8	77618687
8	77690441
8	77768373
8	79629594
8	81889022
8	82586164
8	82615067
8	82752203
8	86027609
8	86041456
8	86047167
8	87111268
8	87165086
8	87450820
8	87474072
8	87616387
8	88249237
8	88885254
8	89058908
8	89198762
8	89339383
8	89339474
8	90937048
8	90993071
8	91057170
8	92406186
8	92407485
8	94745970
8	95158307
8	95262720
8	95470611
8	95507983
8	95524312
8	95539135
8	95550501
8	95777453
8	96166787
8	97172741
8	97172790
8	97251780
8	98289102
8	98289745
8	98900344
8	98943588
8	98973704
8	99019433
8	99040013
8	99129282
8	99139936
8	99140643
8	99146763
8	99148760
8	99761546
8	100654600
8	100847779
8	100847807
8	101270769
8	101608891
8	103293706
8	103297779
8	103298791
8	103664471
8	103846958
8	104053124
8	104438300
8	104709390
8	104948952
8	105105835
8	105360960
8	105509882
8	106814445
8	108297024
8	109001376
8	109482127
8	109796743
8	110100420
8	110100431
8	110131741
8	110257569
8	110334615
8	110527424
8	110984986
8	113259312
8	113275937
8	113275963
8	113277716
8	113301625
8	113326747
8	113504867
8	113562995
8	113585757
8	113585834
8	117658744
8	117783835
8	117859695
8	119122557
8	120431533
8	120612963
8	120620205
8	120886181
8	121062051
8	121224754
8	121293246
8	122627016
8	123964152
8	123964703
8	124162316
8	124267321
8	124335215
8	124371510
8	124373885
8	124526525
8	124710686
8	124818451
8	125022935
8	125332344
8	125464336
8	125498265
8	125989838
8	126011785
8	130788361
8	130883735
8	131140189
8	131226882
8	131414175
8	131833591
8	131922048
8	132968016
8	133141603
8	133141789
8	133150224
8	133492466
8	133816192
8	133855000
8	133905943
8	133906163
8	134233078
8	135614016
8	139164396
8	139165369
8	139255208
8	139606310
8	139606405
8	139631709
8	140715007
8	141297789
8	141297817
8	141542206
8	141566003
8	141595333
8	141727802
8	141745412
8	142161751
8	142476639
8	142490046
8	142517302
8	143310910
8	143599589
8	143746024
8	143782006
8	143823792
8	143956474
8	143960827
8	144103050
8	144124585
8	144378770
8	144462875
8	144642085
8	144657424
8	144661982
8	144662225
8	144668455
8	144681928
8	144696529
8	144696578
8	144773796
8	144776705
8	144808776
8	144886838
8	144886893
8	144895870
8	144919241
8	144940348
8	144940769
8	144941610
8	144945756
8	144990708
8	144992348
8	144992715
8	144994135
8	144995894
8	144997296
8	144998032
8	145065390
8	145109754
8	145245791
8	145278114
8	145557293
8	145584572
8	145619432
8	145620173
8	145620185
8	145638262
8	145660436
8	145662277
8	145665554
8	145700544
8	145729843
8	145737901
8	145745960
8	145755908
8	145759525
8	145947633
8	145947731
8	145980149
8	146033178
8	146067126
9	377074
9	420429
9	711061
9	968163
9	977294
9	2032958
9	2056757
9	2096761
9	2104047
9	2643347
9	2651938
9	4118617
9	4544656
9	4635326
9	4684900
9	5126729
9	5456127
9	5534950
9	5763384
9	5765701
9	5769250
9	5920093
9	6329033
9	6793019
9	6986411
9	8449838
9	13119520
9	13224435
9	14618933
9	14619000
9	14619094
9	14619638
9	14748421
9	15459748
9	15874589
9	16419575
9	16419599
9	16437377
9	17394806
9	17791294
9	17793478
9	19058264
9	19324397
9	19379706
9	19516358
9	19619589
9	19786137
9	20944746
9	21141090
9	21206986
9	21333291
9	21971190
9	22006224
9	22447689
9	23692745
9	23701593
9	27168529
9	27359183
9	27950384
9	32457027
9	32632296
9	33036660
9	33255178
9	33294677
9	33295160
9	33469001
9	33469229
9	33469617
9	33676645
9	33927913
9	34256025
9	34371199
9	34372092
9	34521645
9	34564726
9	34623992
9	34996295
9	35043164
9	35059525
9	35078185
9	35089056
9	35382468
9	35450217
9	35616558
9	35704432
9	35711732
9	35725614
9	35792987
9	35800025
9	35825959
9	36169949
9	36233983
9	36234070
9	36643012
9	36882020
9	37126384
9	37430575
9	37442022
9	37442242
9	37516018
9	37541442
9	37745111
9	37770016
9	38396265
9	40774710
9	69382208
9	71094380
9	72131389
9	72131749
9	72435774
9	72895751
9	73225596
9	74300760
9	74340543
9	75778399
9	75781108
9	75782450
9	77277434
9	77353332
9	77473654
9	78686742
9	78773989
9	79259766
9	79318895
9	79325181
9	79438553
9	79890495
9	79954765
9	80919650
9	82189837
9	82339961
9	84607908
9	86451878
9	86523555
9	86584769
9	86585198
9	87636279
9	88880907
9	90584745
9	91616119
9	91666965
9	91680458
9	91964831
9	92020309
9	93640035
9	94809541
9	95400377
9	95481033
9	96024336
9	96030127
9	96081396
9	96278438
9	96305531
9	96320186
9	98220363
9	99252311
9	99252415
9	99285664
9	99607181
9	100070307
9	100071773
9	100088877
9	100245265
9	100423346
9	100616670
9	100678463
9	100823235
9	100849585
9	100963773
9	101125069
9	101148010
9	101304161
9	101552585
9	101778331
9	101894917
9	101984641
9	101992829
9	102595562
9	102730857
9	102814809
9	103009029
9	103092239
9	104133522
9	104187285
9	104193097
9	104239329
9	104319714
9	105767112
9	107521635
9	107555095
9	107564406
9	107618127
9	108151346
9	108363429
9	108377632
9	108484883
9	109686547
9	109687805
9	109689563
9	111618072
9	111798579
9	111819579
9	112042114
9	112686057
9	112705684
9	112900247
9	112900392
9	113100054
9	113168517
9	113194879
9	113208177
9	113449417
9	113637776
9	114089954
9	114124281
9	114135621
9	114204600
9	114475451
9	114990710
9	115013281
9	115407957
9	115649687
9	115760443
9	115969495
9	116018478
9	116029555
9	116132217
9	116171084
9	116188001
9	116854167
9	116854656
9	116930071
9	117005833
9	117085991
9	117092751
9	117092830
9	117808703
9	117825288
9	117844969
9	117849133
9	119106938
9	119115091
9	119738430
9	120476976
9	121930284
9	123586806
9	123636849
9	123686064
9	123920049
9	124091265
9	125143727
9	125145787
9	125486888
9	125551448
9	125582326
9	125582601
9	125618010
9	125627737
9	126125371
9	126128641
9	126414377
9	126777590
9	126783459
9	126794900
9	126794944
9	127113224
9	127549343
9	127549356
9	127616604
9	127639294
9	127670678
9	127975683
9	128001310
9	128064582
9	128064885
9	128678140
9	129796780
9	130155473
9	130206974
9	130504175
9	130540911
9	130575702
9	130674805
9	131186473
9	131223343
9	131515850
9	131598129
9	131678417
9	131768778
9	131810717
9	132662308
9	133501834
9	134008012
9	134021654
9	134072809
9	134073893
9	134183396
9	134183450
9	134322521
9	134351309
9	134385764
9	134405911
9	135073587
9	135073751
9	135102293
9	135171306
9	135206808
9	135251283
9	135462908
9	135464699
9	135505724
9	135553405
9	135940061
9	136031422
9	136198882
9	136227186
9	136406086
9	136528897
9	136529113
9	136629160
9	136637093
9	137293625
9	137642452
9	138011386
9	138377269
9	138379876
9	138713309
9	138839734
9	139008603
9	139090879
9	139229082
9	139282005
9	139287000
9	139298588
9	139311456
9	139325453
9	139371657
9	139379476
9	139401847
9	139571940
9	139751827
9	139908316
9	139908348
9	139908820
9	139911709
9	140110127
9	140139780
9	140145830
9	140151336
9	140329374
9	140357273
9	140392658
9	140437221
9	140777195
9	140880918
9	140904512
9	141070110
10	93369
10	93631
10	294489
10	436261
10	465116
10	875656
10	1405265
10	1779398
10	3155699
10	3197796
10	5435860
10	5436178
10	5541187
10	5790991
10	5810302
10	5926004
10	6002454
10	6008218
10	6063624
10	6261552
10	6263490
10	7618615
10	7618869
10	7679346
10	7830198
10	11505019
10	11911485
10	13824941
10	15121003
10	15145638
10	15146010
10	15255001
10	15256159
10	15761561
10	17369081
10	18807271
10	18828133
10	21903801
10	22617091
10	23295908
10	23326238
10	23326461
10	24813417
10	24832905
10	25312243
10	25887375
10	26455096
10	26505723
10	26558061
10	26800676
10	27048066
10	27459012
10	27537244
10	27537468
10	27537651
10	27702139
10	27702997
10	28224176
10	28273945
10	28345528
10	28971306
10	29821715
10	30316682
10	30625906
10	30736815
10	30739258
10	31137917
10	31810511
10	32097970
10	32197424
10	32311965
10	32560483
10	32581987
10	32761409
10	33502318
10	33515119
10	33545349
10	34673075
10	35928713
10	35929177
10	38241877
10	38241907
10	38301228
10	38344205
10	43015517
10	43018695
10	43326351
10	43326424
10	43971216
10	44112043
10	45473351
10	45498978
10	45499494
10	45799212
10	45959710
10	46248154
10	46280332
10	46282520
10	48413852
10	48428800
10	48429190
10	48429496
10	50315661
10	50678669
10	50680495
10	50682094
10	50820417
10	50863168
10	51769759
10	51808077
10	52067791
10	52390591
10	53227537
10	53459044
10	54074197
10	61023856
10	61815515
10	61828874
10	61834307
10	61840331
10	61847919
10	61898734
10	62648730
10	63810738
10	64973237
10	64975435
10	68979624
10	69299328
10	69881776
10	69990973
10	70209946
10	70516198
10	70549503
10	70696769
10	70930975
10	71124646
10	71129083
10	71868958
10	71913610
10	72358173
10	72358762
10	72511877
10	72531167
10	73521632
10	73544118
10	73553051
10	73767570
10	74034701
10	74326457
10	74451962
10	74701027
10	75185885
10	75187420
10	75239251
10	75260583
10	75276148
10	75523614
10	75532694
10	75535448
10	75562185
10	75567416
10	75574882
10	75673133
10	76790739
10	78651329
10	79744007
10	79744934
10	79759792
10	81065311
10	81318735
10	81925859
10	82049091
10	82363484
10	83635847
10	85903821
10	85936261
10	86133490
10	88259630
10	88469741
10	88476392
10	88768351
10	88768583
10	88769226
10	89265089
10	90122463
10	90429671
10	90694964
10	90966548
10	91066055
10	91098471
10	91162954
10	91196052
10	92654611
10	93713630
10	94366474
10	94454394
10	94825739
10	95093660
10	95111211
10	95123802
10	95152686
10	95399973
10	96039448
10	96064309
10	96109974
10	96443536
10	96447906
10	96708931
10	96827151
10	97956725
10	98088496
10	98092321
10	98412522
10	98715025
10	98763841
10	98807530
10	99130763
10	99190237
10	99426869
10	99437693
10	100017802
10	100167718
10	100219423
10	101507118
10	101591389
10	101591495
10	101648628
10	101835809
10	101841303
10	101964840
10	102050233
10	102257887
10	102683946
10	102743285
10	103310647
10	103572883
10	103607187
10	103793068
10	104157359
10	104171471
10	104176716
10	104386970
10	104416676
10	104592322
10	104596913
10	104835891
10	104857106
10	105093694
10	105218192
10	105218286
10	105363469
10	105891231
10	106025859
10	106037860
10	106059019
10	106125756
10	106209934
10	106918664
10	106974208
10	108466376
10	108923885
10	111667502
10	111878385
10	111893088
10	112724264
10	112838881
10	113941553
10	114168214
10	115366041
10	115962036
10	115971775
10	116060389
10	117704181
10	117849372
10	119013924
10	119100538
10	120818780
10	120871388
10	121336661
10	121551386
10	121582627
10	121602933
10	123659482
10	123845555
10	124249011
10	124249119
10	125426388
10	125557608
10	125769712
10	126086501
10	126089457
10	126097428
10	127414299
10	127455418
10	127520163
10	127541821
10	127708313
10	127755291
10	128192602
10	128974387
10	129347615
10	129536846
10	129900945
10	131958311
10	131973322
10	133787389
10	134218925
10	134942148
10	134981759
10	135025034
10	135179531
10	135193508
10	135204869
10	135204902
10	135209235
11	278599
11	372924
11	380170
11	396663
11	399100
11	608885
11	609248
11	612697
11	620332
11	688031
11	823534
11	850341
11	1027455
11	1081812
11	1260724
11	1262164
11	1264929
11	1268805
11	1278846
11	1471021
11	1606301
11	1862816
11	1904653
11	1944793
11	2156680
11	2156703
11	2418031
11	2593269
11	3033434
11	3381700
11	3848995
11	4510588
11	4621605
11	4703866
11	4790244
11	5012629
11	5322607
11	5373359
11	5510573
11	5537194
11	5602612
11	5625799
11	5632396
11	6220760
11	6261645
11	6291536
11	6412632
11	6478232
11	6500449
11	6520123
11	6621764
11	6646709
11	6650708
11	6651075
11	6651763
11	6651888
11	6653374
11	6655446
11	6806614
11	6816359
11	7022217
11	7023986
11	7064950
11	7111046
11	7111315
11	7530923
11	7663610
11	7687770
11	7847186
11	7984946
11	8959657
11	8969962
11	9049026
11	9166555
11	10327230
11	10327580
11	10503705
11	10517252
11	10521674
11	10800334
11	11394083
11	11986089
11	12234836
11	12901181
11	13393796
11	13441236
11	13743342
11	13984524
11	14279348
11	14535404
11	14865490
11	14913670
11	14990428
11	15247312
11	15994577
11	16812599
11	16837726
11	16847690
11	16863139
11	17170320
11	17408599
11	17409629
11	17414552
11	17449859
11	17483138
11	17523054
11	17544789
11	17548770
11	17757628
11	17757939
11	18108406
11	18124849
11	18252930
11	18309206
11	18373444
11	18421041
11	18424542
11	18428720
11	18636313
11	18723192
11	18735599
11	19076983
11	19077570
11	19172322
11	20385853
11	20629140
11	22360100
11	22646319
11	26587062
11	26743035
11	27695724
11	30358181
11	31327258
11	32632763
11	32657349
11	33106773
11	33780124
11	34097814
11	34226098
11	35339032
11	36119924
11	36467868
11	36596864
11	43345126
11	43349355
11	44105064
11	44129368
11	44129662
11	44950747
11	45245959
11	45246160
11	45671459
11	45671699
11	45672100
11	45948318
11	45987000
11	45991422
11	46406737
11	46430206
11	46431837
11	46564453
11	46717604
11	46740828
11	46810325
11	46880543
11	46894788
11	46911974
11	46918463
11	47296160
11	47356682
11	47360071
11	47603914
11	48327912
11	48510412
11	49229938
11	49598453
11	51515495
11	51516089
11	55111472
11	55136313
11	55321980
11	55541552
11	55653082
11	55904701
11	56043623
11	56127849
11	56143693
11	56237407
11	56344248
11	56344882
11	56431350
11	56431497
11	57088127
11	57175275
11	57185345
11	57268767
11	57428753
11	57505491
11	57569620
11	57573382
11	57798745
11	57886332
11	57947717
11	57970844
11	57996231
11	58126055
11	58189993
11	58275220
11	58722657
11	58949244
11	58949902
11	59282986
11	59345672
11	59368826
11	59369204
11	59560948
11	59596913
11	59626553
11	59807875
11	59807909
11	59940449
11	60231793
11	60531251
11	60558465
11	60666653
11	60688366
11	60689421
11	60689457
11	61070547
11	61111622
11	61502473
11	61511915
11	61545905
11	61563308
11	61580808
11	62159699
11	62291860
11	62362899
11	62415050
11	62415086
11	62490296
11	62606900
11	62623075
11	62652802
11	63057858
11	63071676
11	63175629
11	63585720
11	63594446
11	63974972
11	63978220
11	64012158
11	64027588
11	64119678
11	64137050
11	64397968
11	64397982
11	64434746
11	64514053
11	64537496
11	64570355
11	64622863
11	64645589
11	64675234
11	64794938
11	64813985
11	64950647
11	64981441
11	65315007
11	65347694
11	65408924
11	65427624
11	65480128
11	65617442
11	65620217
11	65655078
11	65733854
11	65780303
11	65793490
11	65829424
11	66030338
11	66052850
11	66083735
11	66101112
11	66102528
11	66276557
11	66291309
11	66323656
11	66325642
11	66330286
11	66367070
11	66454600
11	66466985
11	66472291
11	66478498
11	66617221
11	66620004
11	66626461
11	66633820
11	67049408
11	67172869
11	67266279
11	67410140
11	67926116
11	67942634
11	68517721
11	68522359
11	68566684
11	68704218
11	69457841
11	69482222
11	69995855
11	70275241
11	70275270
11	70282492
11	71209416
11	71712474
11	71720050
11	71729316
11	71903360
11	72004515
11	72423491
11	72537221
11	73020723
11	73021346
11	73021350
11	73066583
11	73076594
11	73681282
11	73687897
11	73714925
11	74556176
11	74632266
11	74800064
11	74800379
11	75146621
11	75438609
11	76257025
11	76751144
11	76826504
11	76982269
11	77413453
11	77672142
11	77774918
11	77884868
11	77907405
11	78277239
11	78380693
11	78399127
11	78443581
11	82876823
11	82935914
11	83673939
11	85692953
11	85979574
11	86048522
11	86131078
11	86161400
11	88042372
11	88300672
11	88338063
11	88386483
11	89075247
11	89223785
11	89431597
11	89914787
11	92531126
11	92531786
11	92590392
11	92703045
11	93466672
11	93492964
11	93526992
11	93754618
11	94040768
11	94126727
11	94316686
11	94730922
11	94731513
11	94759580
11	95546215
11	95825076
11	95826406
11	96098232
11	96116610
11	99827550
11	99827603
11	100211298
11	101347164
11	101834310
11	102056752
11	102195920
11	102319594
11	102713526
11	102714260
11	103027330
11	103306685
11	103907757
11	105623708
11	105623907
11	105845056
11	107925660
11	108032472
11	108043129
11	108058870
11	108141997
11	108151887
11	108188171
11	110451758
11	111225155
11	111625263
11	111866857
11	111942444
11	113195399
11	113563864
11	113670047
11	113674534
11	113711432
11	113803074
11	113934179
11	114113009
11	114121253
11	114392758
11	114393778
11	114442032
11	115069145
11	116649674
11	116692030
11	116706604
11	116767012
11	117066550
11	117234187
11	117307927
11	117351922
11	117789193
11	118123003
11	118134883
11	118183430
11	118344802
11	118360945
11	118402895
11	118403689
11	118498978
11	118499293
11	118502646
11	118506149
11	118526574
11	118529627
11	118532346
11	118532363
11	118765084
11	118765255
11	118769229
11	118769412
11	118771830
11	118851224
11	118942313
11	118949009
11	119044210
11	119182557
11	119185608
11	119207113
11	119214608
11	119228902
11	119243867
11	119535969
11	119535982
11	119535992
11	120096500
11	120175870
11	120189185
11	120957640
11	121178207
11	121454262
11	121986446
11	122669715
11	122795629
11	123596737
11	123756078
11	123886998
11	123989074
11	124013212
11	124482912
11	124530686
11	124637683
11	124761571
11	124792304
11	124967387
11	125299969
11	125514441
11	125765485
11	125830915
11	126146336
11	126160801
11	126215437
11	128708964
11	128840497
11	128840929
11	128843131
11	129814885
11	132527133
11	133789708
11	133790982
11	133800930
11	134118351
11	134151335
11	134188543
11	134254044
12	234814
12	266233
12	266727
12	307146
12	420108
12	464322
12	970263
12	1754980
12	1893141
12	1953642
12	2613704
12	2656628
12	2932959
12	2968039
12	2968340
12	2977809
12	3649862
12	3649865
12	3692225
12	3921271
12	4736483
12	4737923
12	4881642
12	4919679
12	4920526
12	5603524
12	6030364
12	6103260
12	6132836
12	6483574
12	6562830
12	6575035
12	6626105
12	6666141
12	6687070
12	6859439
12	6879616
12	6940410
12	6964630
12	7016489
12	7064644
12	7065624
12	7090215
12	7177521
12	7360380
12	7477158
12	7802159
12	7972127
12	8083899
12	8192547
12	8212549
12	8329762
12	8757505
12	8808410
12	8926004
12	9000289
12	9002770
12	9004404
12	9075306
12	9230305
12	9230315
12	9231868
12	9353641
12	10149517
12	10217392
12	10241747
12	10282743
12	10321671
12	10601837
12	10762443
12	10862684
12	10868309
12	10978269
12	11091761
12	11338710
12	12022652
12	12300437
12	12317329
12	12334328
12	12483872
12	12629798
12	12630351
12	12870989
12	12974190
12	13220092
12	13906604
12	14018806
12	14650665
12	14813931
12	15274005
12	15669730
12	16713467
12	18534783
12	18793422
12	19418768
12	19427644
12	19436370
12	19489490
12	19501336
12	20523090
12	20774293
12	20782844
12	20782873
12	21620441
12	21624486
12	21695512
12	21799901
12	22005347
12	22012555
12	22354512
12	22796833
12	25002731
12	25307328
12	26217643
12	26277661
12	27068984
12	27553479
12	27890521
12	28605468
12	29486814
12	29617591
12	30863084
12	30893989
12	30906308
12	31116914
12	32481055
12	32908785
12	32974416
12	32977078
12	33030889
12	39716543
12	39726211
12	39730902
12	40618874
12	40653374
12	41323696
12	41365254
12	41967652
12	42853756
12	43837646
12	44238662
12	44782314
12	44917128
12	45171027
12	46230605
12	46316717
12	46582805
12	46598114
12	47168879
12	48196010
12	48251388
12	48376665
12	48527221
12	48534553
12	49165720
12	49169170
12	49217464
12	49224368
12	49227293
12	49251724
12	49415898
12	49427504
12	49438624
12	49440499
12	49443627
12	49491416
12	49920026
12	49934803
12	50027329
12	50030623
12	50190675
12	50348004
12	50357292
12	50410414
12	50847297
12	51080465
12	51511513
12	51589897
12	51752996
12	52283252
12	52312898
12	52404701
12	52635264
12	52649966
12	52757925
12	52760899
12	52788849
12	52824452
12	52826903
12	52913978
12	52981584
12	52986708
12	53086545
12	53097078
12	53169251
12	53200808
12	53412753
12	53433410
12	53433892
12	53445640
12	53456879
12	53684634
12	53776150
12	53819582
12	53819645
12	53858560
12	53898542
12	53901169
12	54059156
12	54109091
12	54367109
12	54396440
12	54403084
12	54576025
12	54576234
12	54765331
12	54795804
12	54812846
12	54902172
12	54963398
12	55356965
12	55367263
12	55420486
12	55523905
12	55945368
12	55945910
12	56091736
12	56092632
12	56120518
12	56215924
12	56221291
12	56231451
12	56429004
12	56474133
12	56601441
12	56601506
12	56620043
12	56647935
12	56822755
12	56823908
12	56848355
12	56956203
12	56992959
12	57036479
12	57109777
12	57388979
12	57389284
12	57390138
12	57493603
12	57501038
12	57548130
12	57567663
12	57578164
12	57600403
12	57602545
12	57605329
12	57626584
12	57642847
12	57643005
12	57872405
12	57905498
12	57920784
12	57926365
12	57957971
12	57965917
12	57966450
12	58007885
12	58019552
12	58022556
12	58121551
12	58127812
12	58144490
12	58204166
12	58335628
12	59267866
12	59271559
12	62261176
12	62959811
12	63544008
12	64055224
12	64587877
12	64588208
12	64827208
12	65136922
12	66725061
12	67698442
12	68708946
12	68724912
12	69140373
12	69252738
12	69264046
12	69645017
12	69652652
12	69653881
12	69965940
12	69981972
12	70956819
12	71002992
12	71056355
12	72037976
12	72094731
12	72425589
12	72962421
12	72969286
12	75706658
12	75784887
12	75816727
12	75902131
12	76740674
12	76881315
12	77421847
12	78444658
12	78444705
12	78540155
12	80203606
12	80746145
12	81242050
12	81747077
12	82783615
12	82824740
12	85255361
12	85266954
12	85449367
12	86199529
12	88505483
12	88553892
12	89917610
12	89918149
12	90004258
12	91347926
12	91348191
12	91449224
12	91449503
12	93100627
12	94243920
12	94243994
12	96104339
12	96330275
12	96384170
12	96691430
12	97150239
12	97306518
12	97328924
12	98927072
12	98927397
12	99007788
12	99019629
12	100048934
12	100708311
12	100732403
12	100904745
12	101368646
12	101477465
12	101490409
12	101505407
12	101584282
12	101603423
12	101720872
12	101750391
12	101768586
12	102071966
12	102590943
12	102590991
12	102872287
12	102874097
12	103352664
12	104118819
12	104140394
12	104140477
12	104142934
12	104373818
12	104473402
12	104487253
12	104698212
12	105150763
12	105280113
12	105431930
12	105534713
12	105538144
12	105601800
12	108634200
12	108939019
12	108985468
12	108985826
12	109017936
12	109288083
12	109509426
12	109577312
12	109665200
12	109843789
12	109889471
12	109959293
12	110019269
12	110224561
12	110350854
12	110370908
12	110421480
12	110456270
12	110618350
12	110891548
12	111072572
12	111785412
12	111886070
12	112103545
12	112150387
12	112227636
12	112227710
12	112516536
12	112646328
12	112647848
12	112654720
12	112669440
12	112924422
12	113425086
12	113515318
12	113664661
12	113704148
12	113758302
12	113822752
12	113866982
12	114374867
12	114841649
12	115117753
12	115118767
12	116972653
12	117665432
12	117681124
12	117696881
12	117977661
12	118693343
12	119594348
12	120110208
12	120138568
12	120152103
12	120295462
12	120509471
12	120569803
12	120583110
12	120903581
12	121461817
12	121476739
12	121593903
12	121670889
12	121773380
12	121947468
12	122614630
12	122674894
12	122676081
12	122677465
12	122688007
12	122691097
12	122958811
12	123297929
12	123334443
12	123425382
12	123428956
12	123433228
12	123434382
12	123444518
12	123467114
12	123498436
12	123498551
12	123687390
12	123749779
12	124132539
12	124192158
12	124221621
12	124221713
12	124289588
12	124349233
12	124362367
12	124395180
12	124414265
12	124841292
12	124922528
12	125294733
12	129283941
12	130015653
12	130015718
12	130647934
12	130648712
12	131276388
12	131291580
12	131471846
12	131487739
12	132334516
12	132403134
12	132406022
12	132426053
12	132445398
12	132624453
12	132632266
12	133195458
12	133218278
12	133250174
12	133253184
12	133295495
12	133311112
12	133319773
12	133384600
12	133384813
12	133502333
13	19751108
13	20251956
13	20277383
13	20568057
13	20660045
13	20660088
13	21549270
13	21549329
13	21549437
13	21562306
13	21562395
13	21721339
13	21721375
13	21974549
13	23908127
13	24465589
13	24892968
13	25155840
13	25338307
13	25353835
13	25418915
13	25745663
13	25914127
13	26620911
13	26788986
13	26978114
13	26978250
13	27259824
13	28014243
13	28830625
13	28877424
13	28963992
13	30062051
13	30097538
13	30110004
13	30341397
13	31036700
13	31232363
13	31848658
13	32749688
13	32813456
13	32913862
13	32913952
13	33110435
13	33222930
13	33225983
13	33281111
13	33591091
13	33591195
13	33704147
13	34392300
13	35619170
13	36379901
13	36401865
13	36909845
13	37011903
13	37422934
13	37439848
13	37447013
13	38211678
13	38320331
13	39264528
13	39451320
13	39586892
13	39586943
13	39612685
13	39918063
13	41767781
13	41768119
13	41943376
13	42245219
13	42734213
13	42748260
13	42876653
13	43918855
13	43935531
13	44455480
13	45515399
13	46093222
13	46287832
13	46627844
13	46708350
13	47255977
13	48833065
13	49860379
13	50080832
13	50108308
13	50126394
13	50141452
13	50623163
13	52509127
13	52518247
13	52598860
13	52602460
13	52603294
13	52742311
13	52952737
13	53422589
13	58208405
13	58208703
13	61985609
13	61985896
13	61986273
13	61987430
13	61987489
13	61987553
13	66878917
13	67205361
13	70535482
13	76055436
13	76378626
13	76382299
13	77636773
13	77699593
13	77786142
13	77837887
13	78191950
13	79177393
13	79177436
13	79191258
13	84453789
13	84454065
13	86369011
13	88328681
13	88329622
13	88329832
13	95112467
13	95121036
13	95257708
13	96258302
13	96536825
13	98622034
13	98642714
13	98828941
13	98896746
13	99118634
13	99378625
13	101182359
13	101707701
13	101707719
13	101763488
13	102105145
13	103257199
13	103292684
13	103418836
13	103459698
13	107823045
13	108518905
13	108882337
13	110436680
13	110830458
13	110835427
13	110864214
13	111156563
13	111213947
13	113174253
13	113219486
13	113333910
13	113748868
13	113751083
13	113771104
13	113772767
13	113772832
13	113783887
13	113914989
13	113917909
13	114009749
13	114077105
13	114077155
13	114149982
13	114535644
13	114751163
13	115090609
13	115091245
14	19377953
14	19573114
14	20216013
14	20764010
14	20849116
14	20859849
14	20925014
14	21109464
14	21424363
14	21490026
14	21499277
14	21543276
14	21547085
14	21679402
14	21796599
14	21834661
14	21859623
14	21863216
14	21881129
14	21961331
14	21990936
14	22386712
14	22392759
14	22962940
14	22985306
14	22994617
14	23019563
14	23072355
14	23313003
14	23315089
14	23344299
14	23391747
14	23391757
14	23528239
14	23528365
14	23858217
14	23870077
14	23884313
14	23885485
14	23901999
14	24035506
14	24435159
14	24542844
14	24546403
14	24566252
14	24567789
14	24589105
14	24600905
14	24601815
14	24612855
14	24624432
14	24646401
14	24655568
14	24656893
14	24740154
14	24765746
14	24780221
14	24780643
14	24799125
14	24843569
14	24868550
14	24877191
14	24880346
14	24885563
14	24897097
14	31062798
14	31858140
14	32561514
14	32902837
14	33014535
14	33292872
14	34243580
14	35253041
14	35272164
14	35777232
14	36004802
14	36005109
14	36142147
14	36785955
14	37132591
14	37736194
14	38724315
14	39648327
14	39649828
14	39722401
14	39819469
14	45475363
14	45523752
14	45665411
14	45668052
14	50195715
14	50298924
14	50360592
14	51094793
14	51227045
14	51370817
14	51410923
14	51448627
14	51561059
14	52174910
14	52179267
14	52535542
14	52535554
14	52981652
14	54418735
14	54976667
14	55169001
14	55241716
14	57072362
14	57270973
14	57271039
14	57735401
14	57858299
14	58833708
14	58917321
14	59930659
14	59931328
14	59950965
14	59965558
14	60063319
14	60063489
14	60619659
14	61186924
14	61512064
14	61512872
14	64587647
14	64691231
14	64692112
14	64694263
14	64694323
14	65007550
14	65008195
14	65008238
14	65053591
14	65240061
14	65241977
14	65252321
14	65499332
14	65520029
14	65550825
14	66188714
14	67391008
14	67576952
14	68038617
14	68038890
14	68151864
14	68249737
14	69387781
14	69557836
14	70634230
14	70714463
14	71051479
14	72191426
14	73220023
14	73421100
14	73730971
14	73989860
14	74009935
14	74086218
14	74196447
14	74206174
14	74360569
14	74398237
14	74409330
14	74413239
14	74426199
14	74427995
14	74824620
14	74947476
14	74999145
14	75078513
14	75266250
14	75368996
14	75471480
14	75475902
14	75520141
14	76437955
14	77873101
14	77907409
14	77942258
14	78140396
14	78177217
14	78353558
14	79933607
14	81371232
14	81606081
14	81659009
14	81736907
14	81952777
14	81953757
14	81993086
14	81993207
14	88945688
14	89038504
14	89093216
14	89343705
14	90429547
14	91211187
14	91211245
14	91413793
14	91780408
14	92471725
14	92472435
14	92555089
14	92628095
14	93142918
14	93273226
14	93424635
14	93429114
14	93708947
14	94100969
14	94158100
14	94395123
14	94505505
14	95033456
14	95053740
14	95053741
14	95078751
14	95234807
14	96137691
14	96707037
14	96730980
14	96864584
14	96998943
14	99865451
14	99924677
14	100795770
14	100995530
14	101439032
14	101442187
14	101493126
14	101531862
14	101531963
14	102446861
14	102508461
14	102515807
14	102515839
14	102550762
14	102674959
14	102699969
14	102901223
14	102904443
14	103342780
14	103986842
14	104026132
14	104471697
14	104641432
14	105063337
14	105354069
14	105406587
14	105415390
14	105415618
14	105419166
14	105419471
14	105518329
14	105614764
14	105688182
14	105834841
14	105847299
14	105930459
14	105936488
14	105954675
14	105958493
14	106110202
14	106471483
14	106478293
14	106791187
14	106845369
14	106963108
14	107034779
15	20496662
15	20644017
15	23049279
15	23303892
15	23810912
15	24921415
15	24921909
15	25349836
15	25429533
15	25436624
15	25448282
15	25463653
15	25468317
15	25947098
15	25966912
15	25969147
15	25971230
15	26107941
15	26866465
15	27128667
15	28000593
15	28369337
15	28386992
15	28389844
15	28459224
15	30008891
15	30010771
15	31318457
15	31355362
15	31664281
15	31776357
15	32323125
15	32921822
15	32926192
15	33256348
15	33765647
15	33855117
15	33945047
15	34021137
15	34130129
15	34168149
15	34295260
15	34393870
15	34549881
15	35045413
15	35082710
15	35185899
15	37390266
15	38229074
15	38235576
15	38773532
15	40030356
15	40094389
15	40265871
15	40318190
15	40586467
15	40661918
15	40707110
15	40895138
15	40915563
15	41059570
15	41105536
15	41148172
15	41165533
15	41223735
15	41388078
15	41555064
15	41796560
15	41812945
15	41813152
15	41863316
15	42040876
15	42103380
15	42107546
15	42127219
15	42133436
15	42154359
15	42182400
15	42276002
15	42373772
15	42386671
15	42525459
15	42709484
15	42742997
15	42743231
15	43351380
15	43502549
15	43574186
15	43724702
15	43724750
15	43814569
15	43817767
15	43817911
15	44630467
15	44890969
15	45353327
15	45398405
15	45399570
15	45404770
15	45440629
15	45561562
15	48057216
15	48063497
15	48434334
15	48500166
15	48720624
15	48736821
15	49031106
15	49118224
15	49149927
15	49170441
15	49623985
15	50474705
15	50497454
15	50518218
15	50578344
15	50867287
15	50891387
15	50935640
15	51221271
15	51289828
15	51750958
15	51773156
15	51773334
15	51792126
15	52338884
15	52418204
15	52497187
15	52539207
15	52605852
15	52664514
15	53081785
15	55838837
15	55931975
15	56032670
15	56122785
15	56139191
15	56386046
15	56723573
15	56748711
15	56923604
15	56981557
15	57384051
15	57731173
15	57743728
15	57815764
15	58467201
15	58840565
15	59323428
15	59350608
15	59359226
15	59373220
15	59387030
15	59430540
15	59464128
15	59799540
15	60297942
15	60656635
15	60747639
15	60760471
15	60806916
15	62182545
15	62990052
15	63069043
15	63125683
15	63336325
15	63618464
15	63937789
15	63961854
15	63966685
15	64017518
15	64275901
15	64444916
15	64967782
15	65157157
15	65242092
15	65295424
15	65410998
15	65448095
15	65680882
15	65759487
15	66249936
15	66643869
15	66791951
15	66792500
15	66795167
15	68118415
15	68119564
15	68491894
15	68500615
15	68582226
15	70343770
15	71184332
15	72313347
15	72511394
15	73048787
15	73590887
15	73615916
15	73617719
15	73766202
15	73925526
15	74281565
15	74426538
15	74483818
15	74911640
15	75012879
15	75133834
15	75305064
15	75311330
15	75586166
15	75650895
15	75651994
15	75688801
15	75902242
15	75949588
15	75975055
15	75981785
15	75982161
15	75982460
15	76017504
15	76301584
15	76496777
15	76578072
15	76584838
15	77320952
15	77472944
15	78393279
15	78486340
15	78764094
15	79059359
15	79088947
15	79178537
15	79254472
15	79750190
15	80806668
15	81578108
15	81585003
15	81592332
15	81650803
15	81664989
15	82335696
15	82336141
15	82336840
15	83433916
15	83776431
15	83932336
15	83933555
15	84245426
15	84255837
15	84705607
15	85400477
15	85452004
15	85643259
15	85664056
15	86124154
15	86124911
15	86270413
15	86940677
15	88669572
15	88680655
15	89074655
15	89195504
15	89719117
15	89806663
15	89867081
15	90168893
15	90344682
15	90348615
15	90611200
15	91428699
15	91454614
15	91455452
15	91455839
15	91478773
15	91827281
15	92397293
15	92706100
15	94841702
15	99251184
15	99460047
15	99486165
15	99486273
15	99901565
15	100591884
15	100636612
15	101009657
15	101013181
15	101041961
15	101098901
15	101464888
15	101464933
15	101552265
15	101593494
15	101718112
15	101718165
15	101718899
15	101845485
15	101938741
16	111450
16	139752
16	354441
16	419175
16	419990
16	422043
16	461404
16	618085
16	618240
16	628882
16	706803
16	712021
16	745552
16	772095
16	815535
16	816131
16	1260486
16	1272218
16	1399497
16	1544534
16	1551751
16	1551760
16	1556293
16	1604919
16	1818223
16	1818372
16	1825585
16	1831373
16	1837741
16	1872355
16	2012341
16	2049534
16	2052681
16	2152892
16	2282831
16	2284265
16	2285496
16	2314208
16	2326762
16	2326784
16	2376255
16	2487243
16	2578332
16	2580281
16	2580433
16	2732702
16	2812423
16	2903116
16	2905698
16	3021667
16	3071633
16	3170148
16	3304166
16	3333852
16	3433333
16	3576466
16	3640333
16	3658577
16	3778008
16	3778766
16	3786097
16	4016903
16	4024687
16	4414845
16	4702770
16	4810506
16	4862113
16	4862119
16	4871440
16	4871594
16	4920579
16	4924348
16	4930213
16	4934289
16	5046881
16	5094341
16	5134953
16	7637259
16	8995977
16	9004637
16	9857464
16	9862767
16	10525234
16	10527497
16	10626734
16	10997738
16	11217749
16	11260252
16	11773183
16	11846593
16	11846689
16	11857356
16	11941644
16	14029218
16	14307436
16	14312822
16	14766501
16	15111230
16	15457735
16	15494646
16	15829328
16	15835703
16	16244062
16	16291930
16	17202699
16	17292087
16	17292122
16	17353110
16	18603936
16	18881989
16	19468240
16	19539342
16	19628005
16	19710848
16	19883579
16	19884095
16	20329677
16	20330974
16	20335417
16	20448482
16	20448622
16	20548443
16	20681260
16	20681287
16	20999312
16	21328375
16	21969872
16	21982926
16	22142599
16	22163857
16	22926460
16	22926621
16	23085085
16	23208603
16	23360160
16	23678491
16	23692260
16	23698843
16	23700569
16	24578657
16	24578827
16	24582301
16	24582882
16	24815625
16	24902348
16	25255489
16	27078437
16	27078440
16	27497442
16	27544696
16	27751738
16	28133084
16	28507295
16	28602230
16	28856666
16	28899023
16	29096539
16	29845351
16	29883788
16	29907140
16	29918267
16	29999020
16	30018527
16	30037121
16	30387176
16	30408834
16	30536332
16	30724107
16	30735996
16	30749667
16	30794711
16	30976048
16	30976104
16	30992462
16	30997761
16	31075674
16	31090727
16	31091378
16	31092623
16	31092711
16	31212945
16	31405612
16	31422650
16	31434453
16	31475792
16	31927078
16	32077660
16	46761148
16	46958312
16	47143438
16	47162443
16	47347725
16	48145813
16	48210974
16	48368167
16	48395618
16	48595227
16	49669880
16	49669922
16	49670022
16	49671297
16	49672099
16	49672161
16	50138981
16	50667161
16	50741838
16	50756539
16	50818350
16	50828340
16	50830394
16	51172862
16	51174373
16	51175572
16	53269096
16	53325670
16	53352167
16	53528516
16	53534217
16	54966628
16	54966761
16	55362703
16	55536720
16	55616858
16	55854337
16	56377904
16	56473614
16	56509984
16	56667821
16	56782283
16	56875718
16	56913478
16	57060556
16	57206270
16	57397516
16	57413656
16	57416904
16	57463180
16	57490441
16	57507619
16	57559840
16	57559852
16	57695724
16	57761269
16	57778375
16	57787093
16	57800799
16	57800849
16	58001199
16	58031708
16	58077214
16	58201622
16	58314586
16	58620613
16	58701369
16	61761082
16	61851610
16	64984742
16	66434856
16	66600709
16	66858767
16	67262894
16	67267655
16	67270915
16	67298957
16	67328048
16	67328066
16	67375891
16	67401314
16	67683769
16	67685089
16	67688796
16	67762384
16	67877382
16	67911505
16	67915312
16	67964199
16	67968734
16	67974135
16	68055445
16	68104050
16	69143670
16	69143675
16	69155011
16	69402323
16	69481062
16	69875943
16	69905710
16	69973248
16	70020353
16	70310464
16	70500891
16	70690868
16	71318686
16	71602119
16	71701209
16	71779491
16	71787749
16	71894208
16	72120580
16	72166727
16	72821414
16	72829761
16	72830568
16	72830958
16	72993300
16	74366507
16	74516931
16	74719439
16	74725314
16	75146774
16	75669950
16	76350390
16	76483718
16	77228918
16	77465471
16	78458894
16	79632791
16	79633553
16	81939086
16	81953246
16	82033708
16	83994327
16	84050247
16	84094378
16	84101343
16	84211495
16	84215474
16	84270774
16	84473125
16	85106596
16	85813388
16	85838736
16	85946782
16	86601209
16	87367823
16	87377318
16	87435850
16	87448130
16	87636733
16	87788899
16	87960373
16	88752832
16	88872026
16	88931318
16	89347145
16	89347724
16	89347772
16	89348253
16	89371649
16	89650441
16	89661897
16	89776252
16	89811418
16	90124416
17	530510
17	650951
17	953389
17	1198851
17	1264557
17	1373956
17	1375256
17	1400092
17	1577106
17	1582973
17	1585238
17	1936871
17	2235488
17	2298237
17	2596113
17	2604518
17	2605327
17	3336205
17	3558540
17	3563179
17	3572818
17	3599264
17	3631447
17	3660419
17	3724551
17	3801070
17	3850692
17	3851028
17	3924456
17	3937415
17	3977461
17	3981220
17	4076678
17	4088158
17	4451517
17	4457519
17	4510768
17	4575190
17	4686290
17	4700757
17	4726001
17	4796590
17	4797867
17	4848019
17	4848158
17	4849222
17	4925839
17	4995609
17	4995776
17	5041479
17	5347521
17	5359368
17	5456870
17	5462254
17	5462298
17	5485276
17	5991310
17	6377765
17	6547976
17	6590856
17	6606385
17	6674050
17	6913303
17	6920284
17	7106172
17	7106799
17	7128343
17	7130556
17	7139270
17	7220548
17	7224689
17	7230196
17	7324282
17	7329688
17	7330144
17	7330756
17	7339556
17	7365498
17	7401440
17	7417008
17	7473799
17	7533568
17	7577094
17	7578406
17	7579902
17	7591979
17	7636490
17	7646391
17	7661926
17	7668850
17	7701545
17	7726936
17	7727589
17	7760626
17	7761524
17	7796783
17	7811330
17	7843534
17	7915919
17	7918200
17	7942596
17	7948950
17	7976208
17	8110920
17	8131929
17	8161141
17	8172463
17	8192690
17	8218772
17	8221964
17	8381703
17	8707416
17	9066163
17	9546427
17	9792733
17	9850223
17	10296273
17	10350534
17	10404983
17	10408492
17	10429030
17	10432665
17	10441082
17	11511526
17	11572896
17	11593706
17	11648315
17	11666915
17	11738106
17	11757384
17	12896076
17	14204937
17	15215628
17	15641317
17	15878301
17	15961278
17	15968818
17	15983785
17	16137311
17	16329476
17	16330084
17	16527182
17	16979094
17	16981338
17	17106109
17	17118502
17	17152297
17	17380408
17	17398534
17	17399258
17	17399358
17	17764838
17	18051427
17	18158147
17	18211672
17	18226223
17	18630843
17	18918454
17	19232960
17	19284836
17	19480674
17	19617159
17	19643657
17	20013856
17	20108670
17	20363687
17	20907520
17	20931866
17	21202199
17	21217655
17	26107803
17	26209727
17	26851811
17	26939371
17	27009836
17	27014189
17	27030675
17	27068435
17	27069014
17	27233902
17	27308956
17	27493145
17	27861210
17	27945883
17	28614958
17	28712090
17	28789051
17	29587386
17	29632499
17	29850609
17	31075990
17	32483483
17	32687606
17	32953588
17	33259422
17	33329793
17	33586501
17	33749276
17	34073271
17	34079742
17	34171753
17	34183781
17	34304730
17	34340843
17	34849834
17	34856715
17	34893785
17	34893938
17	34954660
17	34956148
17	35346584
17	35797976
17	36002139
17	36065015
17	36455378
17	36484763
17	36498885
17	36499245
17	37187917
17	37371444
17	37564071
17	37565058
17	37814712
17	37901173
17	38033036
17	38079452
17	38079465
17	38175772
17	38185222
17	38251956
17	38511645
17	38818181
17	38933952
17	39119922
17	39525801
17	39680429
17	39921023
17	39959546
17	39963105
17	40001629
17	40010418
17	40021246
17	40265622
17	40368069
17	40447790
17	40489554
17	40556893
17	40690719
17	40733917
17	40764502
17	40822665
17	40843260
17	41020614
17	41166191
17	41166275
17	41226520
17	41571204
17	41585189
17	41909260
17	41926251
17	41957265
17	42160975
17	42194902
17	42239342
17	42254934
17	42285114
17	42287710
17	42290592
17	42295551
17	42427648
17	42427920
17	42429750
17	42466734
17	42636125
17	42636154
17	42636564
17	42636661
17	42745517
17	42828230
17	42882936
17	42940102
17	42992567
17	43005535
17	43176870
17	43183073
17	43220882
17	43316380
17	43320682
17	43343977
17	43481399
17	43552855
17	43912050
17	43922852
17	44061127
17	44847210
17	44950108
17	45199936
17	45490192
17	45695773
17	45774177
17	45925466
17	46136588
17	46620574
17	46654155
17	46669648
17	46685443
17	46862465
17	47246252
17	47590175
17	47869320
17	48437393
17	48603309
17	48762176
17	48918271
17	49054520
17	49249021
17	49343563
17	55197688
17	56276556
17	56288364
17	56386438
17	56434871
17	56440741
17	56492807
17	56569036
17	56621106
17	56649406
17	57047062
17	57311890
17	57651205
17	57656842
17	57665262
17	58030461
17	58525109
17	59067399
17	59477552
17	59482908
17	59761225
17	59885878
17	59989371
17	60348786
17	60613586
17	60765667
17	60779024
17	60813311
17	61613293
17	61627954
17	61685311
17	61781808
17	61895433
17	61902524
17	61996155
17	62007234
17	62018263
17	62018464
17	62290154
17	62291156
17	62542423
17	62818383
17	63221412
17	63534306
17	64025301
17	64683346
17	64880755
17	65103359
17	65720225
17	65941565
17	65942075
17	66040032
17	66250605
17	66270120
17	66917614
17	67149969
17	67183992
17	67283805
17	68128667
17	68129339
17	71228438
17	71282235
17	71346791
17	72338810
17	72440040
17	72736934
17	72838549
17	72862612
17	72943272
17	72943357
17	73015811
17	73016470
17	73049174
17	73234274
17	73565319
17	73654396
17	73698584
17	73702636
17	73729697
17	73805975
17	73818727
17	73836904
17	73840376
17	73897973
17	73911207
17	73947535
17	74003431
17	74003731
17	74073073
17	74080636
17	74080649
17	74266348
17	74287393
17	74288687
17	74383084
17	74383457
17	74383723
17	74387869
17	74878316
17	75212537
17	75488727
17	76116657
17	76128486
17	76464872
17	76488793
17	76539984
17	76676357
17	76803593
17	76831481
17	76968694
17	76993661
17	77755530
17	77757732
17	77769924
17	77808026
17	78071155
17	78081652
17	78318476
17	78335554
17	78337565
17	78350192
17	79164854
17	79167878
17	79409794
17	79667552
17	79686863
17	79801807
17	79863609
17	79872218
17	79873536
17	79991663
17	80006935
17	80195403
17	80196919
17	80210318
17	80393721
17	80400484
17	80404567
17	80573855
17	80789206
17	80790229
17	81006669
17	81052110
18	196658
18	2578058
18	2940639
18	3094283
18	3102547
18	3215031
18	3451994
18	5291128
18	5291940
18	5397122
18	5890416
18	5891537
18	5891844
18	6985271
18	6985545
18	7050729
18	7949314
18	8633243
18	8718624
18	9257792
18	9258381
18	9588118
18	10696473
18	11689846
18	12360007
18	12367331
18	12678170
18	12701114
18	13099511
18	13666669
18	14105379
18	14478137
18	18533607
18	19110434
18	19153339
18	19761506
18	21095836
18	21113432
18	21119740
18	21136259
18	21327980
18	21483077
18	21484627
18	21494510
18	21511086
18	21526208
18	21703856
18	21708914
18	21723077
18	21757991
18	21957414
18	23713952
18	25589714
18	25616541
18	28576822
18	28669484
18	28906876
18	28934598
18	28986170
18	29340709
18	29867092
18	32431840
18	32681986
18	32822536
18	33706351
18	33713215
18	33780189
18	42530762
18	42532328
18	43253781
18	43529468
18	43698274
18	43796271
18	44013374
18	44260149
18	44424018
18	44560164
18	46163033
18	46956696
18	47322142
18	47322167
18	47363126
18	47796057
18	47799242
18	47799994
18	47812562
18	48241548
18	48510724
18	50278553
18	50734115
18	52571554
18	52899781
18	55103234
18	55338813
18	56184205
18	56587431
18	56620751
18	57103341
18	57134048
18	59203806
18	60242629
18	60642665
18	61058139
18	61078802
18	61322930
18	61562522
18	64239426
18	65178120
18	65180250
18	66377367
18	67742742
18	67872911
18	71825489
18	72345662
18	72775290
18	72775953
18	72776238
18	72998546
18	74091004
18	74091249
18	74091973
18	74153740
18	74606980
18	74649150
18	74701974
18	76752225
18	76753496
18	76754360
18	77133922
18	77246927
18	77624152
18	77659262
18	77894935
18	77895732
19	580689
19	613485
19	620447
19	829590
19	875247
19	985937
19	1044642
19	1049327
19	1090943
19	1230904
19	1272159
19	1295557
19	1362350
19	1434806
19	1468662
19	1490297
19	1817247
19	1819942
19	2098792
19	2123376
19	2199894
19	2210669
19	2222221
19	2271518
19	2344608
19	2399113
19	2434870
19	2732743
19	2807516
19	3162929
19	3179518
19	3179784
19	3281335
19	3381932
19	3527783
19	3624073
19	3653379
19	3754028
19	3767435
19	3783922
19	3964935
19	3980044
19	4047803
19	4234820
19	4311978
19	4446052
19	4501322
19	4511758
19	4516648
19	4528961
19	4550841
19	4683627
19	4770775
19	4818123
19	4859923
19	4945884
19	5221021
19	5687861
19	5696693
19	5705908
19	5708383
19	5751764
19	6141603
19	6177362
19	6306758
19	6309783
19	6366288
19	6389625
19	6416504
19	6417768
19	6457519
19	6465571
19	6496182
19	6743084
19	6754119
19	6821672
19	6986354
19	7152781
19	7605561
19	7614946
19	7712299
19	7735187
19	7918048
19	7975620
19	7976183
19	7977201
19	8138130
19	8148184
19	8186194
19	8398033
19	8464794
19	8468388
19	8536212
19	8551060
19	8551140
19	8592229
19	8615553
19	8651467
19	8654406
19	8656904
19	8808992
19	8841905
19	8953551
19	9046002
19	9064774
19	9065472
19	9085221
19	9324666
19	9449879
19	9577218
19	9577406
19	9578885
19	9639398
19	9676986
19	9677250
19	9727787
19	9764327
19	9868889
19	10087905
19	10089249
19	10097405
19	10250913
19	10260529
19	10335024
19	10362933
19	10370473
19	10395107
19	10403488
19	10472524
19	10741990
19	10753051
19	10793227
19	10935882
19	11032484
19	11034868
19	11144482
19	11169529
19	11231113
19	11285269
19	11323962
19	11548725
19	11565418
19	11597871
19	11833812
19	11891643
19	11979351
19	12155836
19	12187525
19	12491655
19	12543890
19	12576397
19	12637456
19	12638105
19	12826098
19	12826533
19	12865758
19	12907919
19	12962991
19	12977489
19	13007122
19	13035529
19	13084218
19	13186407
19	13218414
19	13223558
19	13397543
19	13414687
19	13883014
19	14006278
19	14031566
19	14047184
19	14066817
19	14070429
19	14074011
19	14162973
19	14262145
19	14520752
19	14815916
19	14862454
19	14884824
19	14991604
19	14991667
19	15131379
19	15132189
19	15233592
19	15302972
19	15354288
19	15376429
19	15511793
19	15587078
19	15730573
19	15739367
19	15769342
19	15795672
19	15852438
19	15989736
19	16008304
19	16040266
19	16514600
19	16524607
19	16594879
19	16793288
19	16926046
19	17107929
19	17166750
19	17283750
19	17320507
19	17373640
19	17405635
19	17476719
19	17533086
19	17597441
19	17597525
19	17651298
19	17690382
19	17983359
19	18191720
19	18309616
19	18474246
19	18507699
19	18543814
19	18779927
19	18882318
19	18888020
19	18888145
19	18898400
19	18967689
19	18968240
19	18976408
19	19035444
19	19106051
19	19115128
19	19221578
19	19344696
19	19372347
19	19609379
19	19656226
19	19735238
19	19790274
19	19905727
19	20116964
19	20236057
19	20728475
19	20829193
19	21106136
19	21720864
19	21991273
19	22156785
19	22256301
19	22362728
19	22574531
19	22605134
19	22817201
19	23542673
19	30099597
19	30165153
19	30462126
19	30499920
19	30934691
19	30935399
19	30935514
19	30936447
19	31039226
19	31039805
19	31767780
19	31769316
19	31769981
19	31770061
19	32844564
19	32845371
19	32971350
19	33122354
19	33355111
19	33584418
19	34791357
19	34791600
19	34890896
19	34929617
19	34935921
19	34942962
19	35169686
19	35176147
19	35449253
19	35512422
19	35633383
19	35639628
19	35642268
19	35800938
19	36014401
19	36033229
19	36041796
19	36050919
19	36110348
19	36207661
19	36229010
19	36253209
19	36339299
19	36499226
19	36564418
19	36592920
19	36593978
19	36674586
19	36728168
19	37118045
19	37130485
19	37382578
19	37441802
19	37642791
19	37726531
19	37853959
19	37975157
19	38089332
19	38572721
19	38621226
19	38743599
19	38817379
19	38948923
19	38976306
19	38985047
19	39062778
19	39224422
19	39307121
19	39360263
19	39664230
19	39667320
19	39799104
19	39819712
19	39879976
19	39907525
19	39908314
19	39915139
19	39923918
19	40362797
19	40362836
19	40366028
19	40392091
19	40398322
19	40408010
19	40408707
19	40412069
19	40433093
19	40519987
19	40540242
19	40580566
19	40743902
19	40745960
19	40872396
19	40902633
19	40902686
19	40904607
19	41066129
19	41132932
19	41132960
19	41188843
19	41384787
19	41510201
19	41515250
19	41601774
19	41631452
19	41744003
19	41778068
19	41800263
19	41800572
19	41807593
19	41822663
19	41889654
19	41938276
19	42260653
19	42490289
19	42510004
19	42584157
19	42599730
19	42703806
19	42728680
19	42729432
19	42729963
19	42744316
19	42790962
19	42793349
19	42813851
19	42814044
19	42839279
19	42847702
19	42872638
19	43358421
19	43373060
19	43420558
19	43528981
19	43708155
19	44057634
19	44112217
19	44153221
19	44171772
19	44351433
19	44376857
19	44470305
19	44536648
19	44570874
19	44739646
19	44792272
19	44832751
19	45213880
19	45316732
19	45385527
19	45391455
19	45495512
19	45535864
19	45561135
19	45655181
19	45805774
19	45852795
19	45899633
19	45918127
19	45923662
19	45975914
19	46002489
19	46056693
19	46180970
19	46281835
19	46307885
19	46313885
19	46318356
19	46357711
19	46733641
19	46914836
19	46997775
19	47151975
19	47177819
19	47181702
19	47240149
19	47342018
19	47422059
19	47425084
19	47823751
19	47844042
19	47865842
19	47883106
19	47884510
19	47885295
19	47979937
19	47996763
19	47996847
19	48219935
19	48244378
19	48244667
19	48305400
19	48343051
19	48343205
19	48543927
19	48636269
19	48908118
19	49094881
19	49129185
19	49183617
19	49206567
19	49518838
19	49519941
19	49536286
19	49547383
19	49573329
19	49619557
19	49643053
19	49657816
19	49812144
19	49846583
19	49972164
19	50098054
19	50105061
19	50158031
19	50215090
19	50303282
19	50335661
19	50360233
19	50364474
19	50374804
19	50392933
19	50411876
19	50735220
19	50774701
19	50826970
19	50865506
19	50881674
19	50926249
19	50926276
19	51020773
19	51021143
19	51171744
19	51274382
19	51274905
19	51330382
19	51537253
19	51628872
19	51827036
19	51848576
19	51885738
19	51920400
19	51960454
19	52000645
19	52091618
19	52222461
19	52249527
19	52272361
19	52394439
19	52394602
19	52394795
19	52519357
19	52538070
19	52794326
19	52954815
19	53058348
19	53058467
19	53116558
19	53117885
19	53208596
19	53209717
19	53269290
19	53453870
19	53454030
19	53571974
19	53652529
19	53741519
19	54080077
19	54209517
19	54212061
19	54242588
19	54314492
19	54377604
19	54385758
19	54418681
19	54483186
19	54649387
19	54649502
19	54652004
19	54673273
19	54678101
19	54760846
19	54802745
19	54848966
19	54872719
19	54963313
19	54966242
19	54969120
19	54973216
19	55047064
19	55177730
19	55282313
19	55301558
19	55349054
19	55451248
19	55663274
19	55710079
19	55800869
19	55815049
19	55815422
19	55899503
19	55913075
19	55995265
19	56114036
19	56180147
19	56243838
19	56369912
19	56422061
19	56443371
19	56538982
19	56543980
19	56600249
19	56734049
19	56736257
19	56895908
19	57037083
19	57133886
19	57326585
19	57328282
19	57335810
19	57335843
19	57335952
19	57746820
19	57889207
19	57910346
19	57911187
19	57984676
19	58018773
19	58038946
19	58058670
19	58083350
19	58084992
19	58117963
19	58131861
19	58265517
19	58290579
19	58384225
19	58420032
19	58563962
19	58578313
19	58773202
19	58773203
19	58773442
19	58773449
19	58797092
19	58863827
19	58868289
19	58992077
19	59028110
19	59060484
20	77202
20	126105
20	264695
20	371973
20	1277015
20	1277837
20	1286040
20	1903086
20	2290351
20	2297741
20	2321152
20	2377177
20	2582903
20	2634855
20	2637435
20	2640691
20	2641140
20	2775281
20	2846855
20	2969049
20	3016504
20	3102094
20	3128246
20	3128330
20	3129641
20	3183884
20	3209501
20	3556541
20	3559316
20	3672067
20	3729893
20	3732585
20	3734716
20	3781144
20	3804793
20	4680520
20	4705455
20	5090015
20	5170380
20	5904513
20	5943988
20	7920979
20	8608943
20	8717709
20	9360781
20	9561029
20	10030169
20	10626645
20	10639128
20	11899733
20	13797121
20	13867089
20	14307683
20	15866410
20	16488668
20	16493522
20	16729120
20	17716310
20	18005341
20	18143319
20	18295925
20	18414390
20	19945628
20	19981285
20	20348950
20	20349005
20	20493886
20	20610035
20	21142888
20	21338389
20	21377996
20	21687445
20	23016341
20	23016534
20	23334769
20	23614542
20	23967239
20	24930028
20	24944547
20	25287523
20	25498444
20	25656357
20	25656874
20	30231305
20	30309523
20	30414670
20	30436315
20	30450409
20	30674578
20	30784582
20	31041162
20	31367906
20	31380513
20	31386362
20	31389222
20	31571746
20	31619457
20	31979974
20	32693225
20	32868966
20	32880297
20	33065640
20	33330564
20	33576027
20	33874508
20	33874635
20	34090680
20	34091280
20	34130104
20	34241478
20	34288781
20	35060740
20	35207335
20	35381127
20	35579998
20	35627233
20	36031231
20	36888923
20	36932569
20	36974915
20	37058407
20	37380930
20	39316679
20	39317373
20	39317441
20	39794860
20	39795207
20	39798787
20	39987094
20	39990512
20	39991527
20	40111988
20	40790168
20	42194871
20	42328595
20	42635212
20	42815040
20	43378800
20	43964502
20	43994316
20	43995703
20	44313564
20	44463619
20	44469310
20	44515480
20	44571763
20	44592442
20	44592503
20	44639240
20	44640290
20	44670056
20	44815239
20	44841727
20	45131349
20	46295090
20	47267458
20	47567868
20	47602090
20	47635531
20	47648660
20	47731398
20	47851605
20	48160978
20	48481277
20	48522561
20	49493049
20	49576319
20	49626561
20	50051821
20	52193350
20	52198418
20	52674652
20	52831959
20	54978688
20	55012387
20	55111508
20	55908302
20	56099194
20	56188238
20	56227254
20	56227274
20	57042668
20	57234688
20	57415572
20	57415752
20	57566425
20	57599544
20	57766910
20	58349338
20	58514300
20	58514331
20	58571570
20	58645052
20	60503254
20	60551180
20	60574158
20	60737941
20	60754336
20	60770974
20	60775762
20	60791287
20	60794870
20	60854228
20	60859168
20	60864336
20	60885270
20	60885875
20	60927071
20	60966361
20	60966391
20	61290118
20	61341007
20	61386230
20	61430899
20	61510929
20	61522426
20	61588222
20	61596969
20	61908650
20	61939385
20	61981063
20	61991022
20	62195617
20	62198206
20	62200722
20	62293252
20	62378429
20	62407204
20	62591199
20	62669801
20	62848445
20	62871149
20	62904848
21	10862809
21	10934969
21	10951356
21	15746480
21	16337269
21	17202880
21	17205668
21	17236657
21	22790890
21	22910239
21	27284182
21	28216896
21	28338541
21	30307435
21	30353449
21	30353596
21	30426231
21	30439212
21	30442612
21	30699077
21	31062137
21	31863968
21	32185382
21	32253626
21	32502565
21	32526578
21	32589979
21	32624200
21	33044355
21	33642820
21	33974237
21	34839398
21	34841182
21	34925164
21	34955839
21	34958429
21	35468386
21	37442656
21	37537108
21	37741916
21	37785236
21	38137471
21	38439629
21	38463649
21	38494227
21	38536358
21	39764332
21	40194678
21	40568214
21	41385013
21	41416039
21	41452118
21	42770829
21	42852405
21	43160998
21	43258107
21	43309296
21	43547924
21	43938580
21	44299642
21	44488638
21	45152478
21	45194122
21	45511870
21	45676039
21	45679393
21	45736147
21	45741610
21	45861583
21	45876939
21	45945695
21	45993647
21	46057373
21	46066571
21	46313406
21	46687580
21	46875501
21	47321010
21	47423959
21	47535811
21	47545215
21	47558822
21	47574240
21	47581589
21	47616147
21	47625758
21	47805822
21	47831259
21	47831590
21	47865349
21	47969809
21	47974188
21	47978158
22	16449589
22	16449639
22	17071741
22	17473061
22	17589429
22	18301233
22	18362137
22	18368658
22	18909893
22	18918575
22	19028716
22	19029337
22	19048336
22	19119300
22	19130106
22	19137346
22	19197849
22	19209531
22	19221135
22	19343310
22	19511171
22	19766920
22	19776350
22	19839386
22	19839610
22	20079116
22	20458096
22	20749678
22	20760776
22	20761150
22	21062227
22	21062322
22	21288246
22	21304061
22	21331341
22	21340156
22	21348507
22	21363463
22	21799453
22	22312930
22	22324666
22	22517071
22	22681889
22	22869867
22	23011091
22	23237726
22	23438408
22	23465529
22	23465577
22	23632538
22	23657745
22	23974039
22	24036077
22	24086241
22	24125681
22	24730391
22	24836596
22	24898113
22	25010753
22	26074788
22	26168459
22	26343779
22	26423244
22	26701982
22	26747037
22	26882013
22	26888311
22	26890301
22	26937308
22	27008066
22	28192859
22	29083856
22	29454714
22	29726404
22	29833742
22	29881809
22	29907264
22	30184952
22	30221167
22	30228273
22	30416400
22	30862374
22	30886121
22	31032672
22	31285528
22	31328554
22	31487327
22	31531876
22	31731681
22	32841860
22	32924965
22	32929824
22	36013308
22	36122610
22	36537450
22	36591357
22	36689392
22	36886288
22	36919957
22	37159026
22	37211274
22	37491983
22	37602724
22	37602727
22	37602870
22	38120784
22	38121375
22	38130886
22	38470950
22	38482286
22	38482293
22	38565298
22	38627344
22	38776399
22	38935337
22	39148588
22	39410341
22	39414043
22	39439019
22	39711271
22	39910156
22	40661431
22	40661505
22	40696986
22	40800319
22	40802128
22	41077391
22	41215328
22	41278143
22	41318410
22	41320425
22	41322555
22	41620734
22	41920853
22	41973326
22	41999261
22	42059689
22	42101520
22	42221796
22	42264617
22	42271413
22	42276929
22	42456208
22	42473370
22	42473409
22	42523844
22	42610358
22	42970817
22	42987973
22	43287079
22	43627874
22	44330512
22	44368124
22	44392231
22	44392365
22	44696761
22	44967288
22	45110470
22	45204250
22	45221432
22	45258482
22	45312461
22	45608162
22	45723845
22	45779373
22	46628027
22	46708148
22	46932288
22	47022780
22	47433094
22	50217245
22	50217467
22	50301584
22	50303574
22	50318091
22	50552903
22	50615911
22	50636382
22	50655794
22	50704923
22	50750612
22	50869745
22	50899087
22	50928266
22	50988123
22	51007697
22	51010493
22	51044142
X	224081
X	595437
X	1428562
X	1584733
X	1719944
X	1752146
X	2209603
X	2408506
X	2936658
X	3238127
X	3242751
X	7252077
X	7268107
X	10085202
X	11272739
X	12734918
X	12938123
X	13771505
X	14910988
X	15272947
X	15402068
X	15599402
X	16142169
X	17047709
X	17157020
X	17705867
X	18602452
X	18912482
X	18919699
X	20043094
X	20153904
X	20252924
X	21508687
X	21990053
X	23697293
X	23803944
X	30739080
X	34149549
X	34962971
X	37029618
X	37586936
X	37948785
X	38024077
X	38420803
X	39931683
X	39932995
X	41206255
X	41394180
X	41524623
X	44937700
X	46913630
X	47098545
X	48559110
X	48631801
X	48673388
X	48783264
X	48923026
X	49021127
X	49106178
X	49957585
X	49958916
X	50213212
X	51638289
X	53561650
X	54492147
X	54492257
X	54952111
X	55042166
X	56259773
X	57934433
X	57935738
X	63412545
X	63557213
X	64138865
X	64734801
X	65409535
X	67751874
X	67938433
X	69263487
X	69713241
X	70147196
X	70349681
X	70375089
X	70387072
X	70783005
X	71350666
X	71351315
X	71428008
X	72434174
X	73072018
X	73964202
X	75648849
X	77294453
X	77296164
X	79698240
X	83362682
X	83374987
X	84519313
X	86868928
X	90690844
X	91132396
X	91132729
X	92964438
X	100646510
X	100880630
X	101409174
X	101912596
X	101912761
X	103359097
X	104984676
X	105139513
X	105167187
X	105450685
X	106031183
X	106033492
X	106046090
X	107332015
X	107682632
X	107975754
X	107978082
X	109298606
X	114141643
X	114881876
X	115582606
X	117819758
X	118220519
X	118604094
X	118675299
X	118971999
X	119211086
X	119513392
X	120008973
X	120181764
X	122755345
X	123171417
X	123519838
X	123657426
X	123838873
X	125298954
X	125299552
X	125685191
X	125686632
X	128881606
X	128926612
X	129270061
X	129519387
X	129629642
X	132161681
X	132161704
X	134166505
X	134948042
X	134993393
X	135095107
X	135430074
X	137939775
X	138857048
X	139038550
X	140785811
X	140953353
X	144329175
X	144337483
X	144909307
X	146307377
X	147743657
X	148798035
X	149102109
X	149639682
X	149671585
X	149937403
X	149944761
X	152034497
X	152128414
X	152713143
X	153005685
X	153034426
X	153036254
X	153052970
X	153069909
X	153070570
X	153134321
X	153208354
X	153296091
X	153539213
X	153581469
X	153628811
X	153670473
X	153716943
X	153760976
X	153906448
X	154020080
X	154157017
X	155234163
X	155239513
X	155239702
Y	2655460
Y	4924963
Y	4925117
Y	4966922
Y	7193965
Y	14898719
Y	14952972
Y	14954181
Y	21906376
Y	22918666
