chr	start	end	WT.count	mut.count	subclonal.CN	nMaj1	nMin1	frac1	nMaj2	nMin2	frac2	phase	mutation.copy.number	subclonal.fraction	no.chrs.bearing.mut
1	1190705	1190706	87	25	NA	NA	NA	NA	NA	NA	NA	unphased	NA	NA	1
1	1221543	1221544	5	5	NA	NA	NA	NA	NA	NA	NA	unphased	NA	NA	1
1	2436203	2436204	134	18	NA	NA	NA	NA	NA	NA	NA	unphased	NA	NA	1
1	3662329	3662330	17	18	2.36	2	2	0.18	1	1	0.82	unphased	2.12584366576819	1.80156242861711	1.18
1	7724721	7724722	60	14	2.36	2	2	0.18	1	1	0.82	unphased	0.782029576746558	0.782029576746558	1
1	8384595	8384596	82	10	2.36	2	2	0.18	1	1	0.82	unphased	0.449302707136998	0.449302707136998	1
1	10384036	10384037	93	37	2.36	2	2	0.18	1	1	0.82	unphased	1.17648185776488	1.17648185776488	1
1	10725577	10725578	14	5	2.36	2	2	0.18	1	1	0.82	unphased	1.08778550148957	1.08778550148957	1
1	11577575	11577576	82	78	2.36	2	2	0.18	1	1	0.82	unphased	2.01512264150943	1.70773105212664	1.18
1	12921529	12921530	162	78	2.36	2	2	0.18	1	1	0.82	unphased	1.34341509433962	1.13848736808443	1.18
1	12942030	12942031	108	40	2.36	2	2	0.18	1	1	0.82	unphased	1.11718510963794	1.11718510963794	1
1	12952826	12952827	64	30	2.36	2	2	0.18	1	1	0.82	unphased	1.31922922521076	1.31922922521076	1
1	17296391	17296392	48	25	2.36	2	2	0.18	1	1	0.82	unphased	1.41561126906177	1.1996705670015	1.18
1	18554452	18554453	96	49	2.36	2	2	0.18	1	1	0.82	unphased	1.39686662329213	1.18378527397638	1.18
1	18808833	18808834	77	28	2.36	2	2	0.18	1	1	0.82	unphased	1.1022893081761	1.1022893081761	1
1	19166286	19166287	35	13	2.36	2	2	0.18	1	1	0.82	unphased	1.11951257861635	1.11951257861635	1
1	19596150	19596151	45	12	2.36	2	2	0.18	1	1	0.82	unphased	0.870228401191658	0.870228401191658	1
1	20964598	20964599	31	9	2.36	2	2	0.18	1	1	0.82	unphased	0.930056603773585	0.930056603773585	1
1	23660104	23660105	49	16	2.36	2	2	0.18	1	1	0.82	unphased	1.01749782293179	1.01749782293179	1
1	23885762	23885763	74	46	2.36	2	2	0.18	1	1	0.82	unphased	1.58454088050314	1.34283125466368	1.18
1	24995873	24995874	25	22	2.36	2	2	0.18	1	1	0.82	unphased	1.93486953030911	1.63971994093993	1.18
1	25229131	25229132	98	52	2.36	2	2	0.18	1	1	0.82	unphased	1.43297610062893	1.21438652595672	1.18
1	25245809	25245810	69	39	2.36	2	2	0.18	1	1	0.82	unphased	1.49268343815514	1.26498596453825	1.18
1	31742091	31742092	56	19	2.36	2	2	0.18	1	1	0.82	unphased	1.0471748427673	1.0471748427673	1
1	32203346	32203347	47	18	2.36	2	2	0.18	1	1	0.82	unphased	1.14468505079826	1.14468505079826	1
1	33790504	33790505	71	8	2.36	2	2	0.18	1	1	0.82	unphased	0.41859087652257	0.41859087652257	1
1	34035016	34035017	94	29	2.36	2	2	0.18	1	1	0.82	unphased	0.974585059058138	0.974585059058138	1
1	34238172	34238173	74	23	2.36	2	2	0.18	1	1	0.82	unphased	0.980128379692667	0.980128379692667	1
1	35227406	35227407	44	11	2.36	2	2	0.18	1	1	0.82	unphased	0.826716981132076	0.826716981132076	1
1	35881140	35881141	90	7	2.36	2	2	0.18	1	1	0.82	unphased	0.298299941645594	1.65722189803108	0.18
1	36564488	36564489	23	12	2.36	2	2	0.18	1	1	0.82	unphased	1.41722911051213	1.41722911051213	1
1	36644084	36644085	22	15	2.36	2	2	0.18	1	1	0.82	unphased	1.67577766445691	1.42015056309908	1.18
1	37270609	37270610	51	27	2.36	2	2	0.18	1	1	0.82	unphased	1.43085631349782	1.2125900961846	1.18
1	38331515	38331516	44	22	2.36	2	2	0.18	1	1	0.82	unphased	1.37786163522013	1.37786163522013	1
1	43778832	43778833	47	19	2.36	2	2	0.18	1	1	0.82	unphased	1.18997141223556	1.18997141223556	1
1	46033640	46033641	8	6	2.36	2	2	0.18	1	1	0.82	unphased	1.77153638814016	1.77153638814016	1
1	46193420	46193421	153	40	2.36	2	2	0.18	1	1	0.82	unphased	0.856701534851892	0.856701534851892	1
1	48697710	48697711	84	30	2.36	2	2	0.18	1	1	0.82	unphased	1.08778550148957	1.08778550148957	1
1	48699340	48699341	41	14	2.36	2	2	0.18	1	1	0.82	unphased	1.05218524871355	1.05218524871355	1
1	49511275	49511276	10	4	2.36	2	2	0.18	1	1	0.82	unphased	1.18102425876011	1.18102425876011	1
1	50610755	50610756	45	14	2.36	2	2	0.18	1	1	0.82	unphased	0.980850655580429	0.980850655580429	1
1	54262707	54262708	52	7	2.36	2	2	0.18	1	1	0.82	unphased	0.490425327790214	0.490425327790214	1
1	55118588	55118589	87	27	2.36	2	2	0.18	1	1	0.82	unphased	0.979006951340616	0.979006951340616	1
1	67099785	67099786	15	5	4	2	2	1	NA	NA	NA	unphased	1.44339622641509	1.44339622641509	1
1	67292622	67292623	117	26	4	2	2	1	NA	NA	NA	unphased	1.04974271012007	1.04974271012007	1
1	67816614	67816615	82	12	4	2	2	1	NA	NA	NA	unphased	0.737053392211963	0.737053392211963	1
1	75037594	75037595	101	38	4	2	2	1	NA	NA	NA	unphased	1.5783901180942	0.789195059047102	2
1	75037595	75037596	102	39	4	2	2	1	NA	NA	NA	unphased	1.59694901645925	0.798474508229627	2
1	75681448	75681449	28	17	4	2	2	1	NA	NA	NA	unphased	2.1811320754717	1.09056603773585	2
1	78047527	78047528	23	19	4	2	2	1	NA	NA	NA	unphased	2.61185983827493	1.30592991913747	2
1	79403643	79403644	60	17	6	4	2	1	NA	NA	NA	unphased	1.71624601813281	0.858123009066405	2
1	82408773	82408774	33	17	4	2	2	1	NA	NA	NA	unphased	1.96301886792453	0.981509433962264	2
1	86200573	86200574	102	17	6	4	2	1	NA	NA	NA	unphased	1.11051212938005	1.11051212938005	1
1	87045785	87045786	53	14	6	4	2	1	NA	NA	NA	unphased	1.62433117431709	0.812165587158547	2
1	91182494	91182495	19	6	4	2	2	1	NA	NA	NA	unphased	1.38566037735849	1.38566037735849	1
1	99470167	99470168	94	45	4	2	2	1	NA	NA	NA	unphased	1.86914619247998	0.934573096239989	2
1	99771916	99771917	76	29	4	2	2	1	NA	NA	NA	unphased	1.59460916442049	0.797304582210243	2
1	101704856	101704857	34	27	4	2	2	1	NA	NA	NA	unphased	2.55552118775131	1.27776059387566	2
1	104117959	104117960	131	41	2.48	3	2	0.37	1	0	0.63	unphased	1.01393593681439	1.01393593681439	1
1	108116776	108116777	117	17	5	3	2	1	NA	NA	NA	unphased	0.859335398479302	0.859335398479302	1
1	110255992	110255993	6	6	4	2	2	1	NA	NA	NA	unphased	2.88679245283019	1.44339622641509	2
1	110754525	110754526	80	6	4	2	2	1	NA	NA	NA	unphased	0.402808249232119	0.402808249232119	1
1	111146633	111146634	69	35	4	2	2	1	NA	NA	NA	unphased	1.94303338171263	0.971516690856314	2
1	111991374	111991375	9	4	4	2	2	1	NA	NA	NA	unphased	1.77648766328012	1.77648766328012	1
1	115251275	115251276	34	17	4	2	2	1	NA	NA	NA	unphased	1.92452830188679	0.962264150943396	2
1	116519196	116519197	9	4	4	2	2	1	NA	NA	NA	unphased	1.77648766328012	1.77648766328012	1
1	119962116	119962117	45	21	4	2	2	1	NA	NA	NA	unphased	1.83704974271012	0.91852487135506	2
1	150602028	150602029	81	7	11	7	4	1	NA	NA	NA	unphased	1.01608061749571	1.01608061749571	1
1	151381004	151381005	153	59	11	7	4	1	NA	NA	NA	unphased	3.55491278034888	0.888728195087219	4
1	152188525	152188526	1107	165	7.58	4	4	0.94	0	1	0.0600000000000001	unphased	1.21331879672481	1.21331879672481	1
1	152279738	152279739	447	107	7.58	4	4	0.94	0	1	0.0600000000000001	unphased	1.80655881751924	0.96093554123364	1.88
1	152280901	152280902	559	179	7.58	4	4	0.94	0	1	0.0600000000000001	unphased	2.26868793782277	1.16942677207359	1.94
1	152280946	152280947	552	155	7.58	4	4	0.94	0	1	0.0600000000000001	unphased	2.05064449841211	1.05703324660418	1.94
1	152282135	152282136	508	67	7.58	4	4	0.94	0	1	0.0600000000000001	unphased	1.08989598031173	1.08989598031173	1
1	152283255	152283256	707	387	7.58	4	4	0.94	0	1	0.0600000000000001	unphased	3.30880928564037	0.880002469585205	3.76
1	152681627	152681628	289	102	7.58	4	4	0.94	0	1	0.0600000000000001	unphased	2.44006562756358	0.86527149913602	2.82
1	152760108	152760109	130	49	7.58	4	4	0.94	0	1	0.0600000000000001	unphased	2.56047854959418	0.907971116877369	2.82
1	152882268	152882269	102	5	7.58	4	4	0.94	0	1	0.0600000000000001	unphased	0.43708340680656	0.464982347666553	0.94
1	152976027	152976028	37	26	7.58	4	4	0.94	0	1	0.0600000000000001	unphased	3.86020964360587	0.994899392681925	3.88
1	153315565	153315566	49	22	7.58	4	4	0.94	0	1	0.0600000000000001	unphased	2.89829391442998	1.00635205362152	2.88
1	153604069	153604070	145	108	7.58	4	4	0.94	0	1	0.0600000000000001	unphased	3.99283466328585	1.01340981301671	3.94
1	153659212	153659213	102	24	7.58	4	4	0.94	0	1	0.0600000000000001	unphased	1.78163522012579	0.947678308577546	1.88
1	155223913	155223914	349	46	7.58	4	4	0.94	0	1	0.0600000000000001	unphased	1.08927824217817	1.08927824217817	1
1	155238093	155238094	53	40	7.58	4	4	0.94	0	1	0.0600000000000001	unphased	4.02304727125177	1.02107798762735	3.94
1	155324310	155324311	442	110	7.58	4	4	0.94	0	1	0.0600000000000001	unphased	1.86393902105551	0.991456926093356	1.88
1	155838521	155838522	84	12	7.58	4	4	0.94	0	1	0.0600000000000001	unphased	1.16919811320755	1.16919811320755	1
1	156127865	156127866	52	18	7.58	4	4	0.94	0	1	0.0600000000000001	unphased	2.40520754716981	0.852910477719791	2.82
1	156513997	156513998	144	13	1	4	2	0	0	1	1	unphased	0.229659896647038	0.229659896647038	1
1	156615898	156615899	63	10	1	4	2	0	0	1	1	unphased	0.379943137761696	0.379943137761696	1
1	156621455	156621456	157	24	1	4	2	0	0	1	1	unphased	0.367768164286459	0.367768164286459	1
1	156816313	156816314	25	6	1	4	2	0	0	1	1	unphased	0.536822884966525	0.536822884966525	1
1	157771804	157771805	43	46	1	4	2	0	0	1	1	unphased	1.43353826584694	0.716769132923468	2
1	158046019	158046020	145	17	1	4	2	0	0	1	1	unphased	0.291055206149546	0.291055206149546	1
1	158046020	158046021	145	19	1	4	2	0	0	1	1	unphased	0.321329958582605	0.321329958582605	1
1	158058244	158058245	91	22	1	4	2	0	0	1	1	unphased	0.539989981632994	0.539989981632994	1
1	158064641	158064642	47	22	1	4	2	0	0	1	1	unphased	0.884331419196062	0.884331419196062	1
1	158263284	158263285	122	220	11	7	4	1	NA	NA	NA	unphased	8.2169259627055	1.17384656610079	7
1	158390620	158390621	260	13	11	7	4	1	NA	NA	NA	unphased	0.608265947888589	0.608265947888589	1
1	158576251	158576252	221	21	11	7	4	1	NA	NA	NA	unphased	1.10845158272259	1.10845158272259	1
1	158626360	158626361	137	365	11	7	4	1	NA	NA	NA	unphased	9.28756671427498	1.32679524489643	7
1	158627269	158627270	383	19	11	7	4	1	NA	NA	NA	unphased	0.603726649770018	0.603726649770018	1
1	158632625	158632626	31	130	11	7	4	1	NA	NA	NA	unphased	10.3140747685456	1.47343925264938	7
1	158637795	158637796	590	41	11	7	4	1	NA	NA	NA	unphased	0.829979367879676	0.829979367879676	1
1	158648219	158648220	316	28	11	7	4	1	NA	NA	NA	unphased	1.03971039929794	1.03971039929794	1
1	158747405	158747406	64	10	6	4	2	1	NA	NA	NA	unphased	1.05048444671086	1.05048444671086	1
1	159035875	159035876	106	25	6	4	2	1	NA	NA	NA	unphased	1.48350856978251	0.741754284891257	2
1	159166199	159166200	64	24	6	4	2	1	NA	NA	NA	unphased	2.12006861063465	1.06003430531732	2
1	159558219	159558220	59	22	6	4	2	1	NA	NA	NA	unphased	2.11134404845097	1.05567202422548	2
1	160293313	160293314	26	26	5.8	4	2	0.96	0	1	0.04	unphased	3.78679245283019	0.986143867924528	3.84
1	160390875	160390876	88	16	5.8	4	2	0.96	0	1	0.04	unphased	1.16516690856313	1.16516690856313	1
1	160808824	160808825	80	11	5.8	4	2	0.96	0	1	0.04	unphased	0.915488285299606	0.915488285299606	1
1	160920493	160920494	47	54	5.8	4	2	0.96	0	1	0.04	unphased	4.04924341490753	1.02253621588574	3.96
1	161023115	161023116	85	17	5.8	4	2	0.96	0	1	0.04	unphased	1.2622641509434	1.2622641509434	1
1	161070588	161070589	145	33	5.8	4	2	0.96	0	1	0.04	unphased	1.40409158363367	0.731297699809201	1.92
1	161130659	161130660	64	12	5.8	4	2	0.96	0	1	0.04	unphased	1.19582919563059	1.19582919563059	1
1	161166388	161166389	92	60	5.8	4	2	0.96	0	1	0.04	unphased	2.98957298907646	1.00999087468799	2.96
1	161184056	161184057	4	4	5.8	4	2	0.96	0	1	0.04	unphased	3.78679245283019	0.986143867924528	3.84
1	161823102	161823103	49	22	9	5	4	1	NA	NA	NA	unphased	3.33829391442998	1.11276463814333	3
1	161953816	161953817	90	12	5.2	4	2	0.8	1	1	0.2	unphased	0.820421753607103	0.820421753607103	1
1	162337010	162337011	62	14	5.2	4	2	0.8	1	1	0.2	unphased	1.28460774577954	1.28460774577954	1
1	164815969	164815970	20	11	5.2	4	2	0.8	1	1	0.2	unphased	2.47449786975046	0.951729949904022	2.6
1	165324805	165324806	29	6	5.2	4	2	0.8	1	1	0.2	unphased	1.19547169811321	1.19547169811321	1
1	166927015	166927016	94	53	5.2	4	2	0.8	1	1	0.2	unphased	2.51428571428571	0.967032967032967	2.6
1	167095238	167095239	39	8	5.2	4	2	0.8	1	1	0.2	unphased	1.18699317543155	1.18699317543155	1
1	167095845	167095846	35	21	5.2	4	2	0.8	1	1	0.2	unphased	2.61509433962264	1.00580551523948	2.6
1	167741712	167741713	120	25	8	4	4	1	NA	NA	NA	unphased	1.68510084580351	0.842550422901757	2
1	168034949	168034950	122	31	8	4	4	1	NA	NA	NA	unphased	1.98026883709459	0.990134418547293	2
1	168034950	168034951	120	31	8	4	4	1	NA	NA	NA	unphased	2.00649756341372	1.00324878170686	2
1	169388232	169388233	62	6	6	4	2	1	NA	NA	NA	unphased	0.685904550499445	0.685904550499445	1
1	169798489	169798490	93	15	6	4	2	1	NA	NA	NA	unphased	1.07966457023061	1.07966457023061	1
1	169941688	169941689	31	3	6	4	2	1	NA	NA	NA	unphased	0.685904550499445	0.685904550499445	1
1	170695526	170695527	131	31	6	4	2	1	NA	NA	NA	unphased	1.48753785231773	0.743768926158863	2
1	170695527	170695528	129	32	6	4	2	1	NA	NA	NA	unphased	1.54506035392007	0.772530176960037	2
1	171083398	171083399	66	5	6	4	2	1	NA	NA	NA	unphased	0.547435556736646	0.547435556736646	1
1	171236681	171236682	135	36	6	4	2	1	NA	NA	NA	unphased	1.63654419066534	0.818272095332671	2
1	171504726	171504727	235	21	6	4	2	1	NA	NA	NA	unphased	0.637676886792453	0.637676886792453	1
1	171509778	171509779	90	17	6	4	2	1	NA	NA	NA	unphased	1.23505554575913	1.23505554575913	1
1	173155711	173155712	124	39	6	4	2	1	NA	NA	NA	unphased	1.85993749276537	0.929968746382683	2
1	173569327	173569328	48	18	6	4	2	1	NA	NA	NA	unphased	2.12006861063465	1.06003430531732	2
1	173616094	173616095	70	8	6	4	2	1	NA	NA	NA	unphased	0.79729075955491	0.79729075955491	1
1	174219764	174219765	83	11	6	4	2	1	NA	NA	NA	unphased	0.909674829385789	0.909674829385789	1
1	175332957	175332958	73	26	6	4	2	1	NA	NA	NA	unphased	2.04154755098151	1.02077377549076	2
1	175334348	175334349	53	20	6	4	2	1	NA	NA	NA	unphased	2.12974928922202	1.06487464461101	2
1	175335274	175335275	34	7	6	4	2	1	NA	NA	NA	unphased	1.32719742291763	1.32719742291763	1
1	176564446	176564447	99	13	6	4	2	1	NA	NA	NA	unphased	0.902291105121294	0.902291105121294	1
1	176664947	176664948	63	13	6	4	2	1	NA	NA	NA	unphased	1.32969215491559	1.32969215491559	1
1	176738826	176738827	142	21	6	4	2	1	NA	NA	NA	unphased	1.00150480379674	1.00150480379674	1
1	176811642	176811643	11	4	6	4	2	1	NA	NA	NA	unphased	2.07295597484277	2.07295597484277	1
1	176838110	176838111	94	20	6	4	2	1	NA	NA	NA	unphased	1.36378682555445	1.36378682555445	1
1	177249821	177249822	83	6	6	4	2	1	NA	NA	NA	unphased	0.524061903752385	0.524061903752385	1
1	177902615	177902616	21	12	6	4	2	1	NA	NA	NA	unphased	2.82675814751286	0.942252715837621	3
1	177934211	177934212	39	6	6	4	2	1	NA	NA	NA	unphased	1.03647798742138	1.03647798742138	1
1	181689447	181689448	14	4	6	4	2	1	NA	NA	NA	unphased	1.72746331236897	1.72746331236897	1
1	181701866	181701867	46	10	6	4	2	1	NA	NA	NA	unphased	1.38814016172507	1.38814016172507	1
1	181726101	181726102	208	17	6	4	2	1	NA	NA	NA	unphased	0.587337526205451	0.587337526205451	1
1	182369332	182369333	197	55	6	4	2	1	NA	NA	NA	unphased	1.69661575321953	0.848307876609763	2
1	183101553	183101554	85	21	6	4	2	1	NA	NA	NA	unphased	1.54004983980064	0.77002491990032	2
1	186084070	186084071	228	19	6	4	2	1	NA	NA	NA	unphased	0.597968069666183	0.597968069666183	1
1	186086647	186086648	79	20	6	4	2	1	NA	NA	NA	unphased	1.5704211930627	0.785210596531351	2
1	190067043	190067044	7	12	6	4	2	1	NA	NA	NA	unphased	4.90963257199603	1.22740814299901	4
1	190195298	190195299	83	16	6	4	2	1	NA	NA	NA	unphased	1.25633695445016	1.25633695445016	1
1	196977799	196977800	65	26	4.96	4	1	0.99	0	1	0.01	unphased	1.92388140161725	0.971657273544066	1.98
1	197447032	197447033	54	11	4.96	4	1	0.99	0	1	0.01	unphased	1.1395297532656	1.1395297532656	1
1	200948799	200948800	364	127	4.96	4	1	0.99	0	1	0.01	unphased	1.74168082081236	0.87963677818806	1.98
1	200974496	200974497	115	36	4.96	4	1	0.99	0	1	0.01	unphased	1.60535799075347	0.810786864016903	1.98
1	201079290	201079291	113	5	4.96	4	1	0.99	0	1	0.01	unphased	0.285321394307643	0.285321394307643	1
1	201292276	201292277	130	42	4.96	4	1	0.99	0	1	0.01	unphased	1.64424747696358	0.830428018668475	1.98
1	202462300	202462301	110	30	4.96	4	1	0.99	0	1	0.01	unphased	1.44291105121294	0.728742955158049	1.98
1	202699082	202699083	40	23	4.96	4	1	0.99	0	1	0.01	unphased	2.45829290206649	0.827708047833834	2.97
1	203192642	203192643	94	17	4.96	4	1	0.99	0	1	0.01	unphased	1.03126976032636	1.03126976032636	1
1	203452762	203452763	223	23	NA	NA	NA	NA	NA	NA	NA	unphased	NA	NA	1
1	204944494	204944495	98	118	4.72	4	1	0.93	0	1	0.07	unphased	3.5474213836478	0.953607898830053	3.72
1	205589766	205589767	44	31	4.72	4	1	0.93	0	1	0.07	unphased	2.68401509433962	0.962012578616352	2.79
1	205779530	205779531	138	29	4.72	4	1	0.93	0	1	0.07	unphased	1.1276285165518	1.1276285165518	1
1	205904928	205904929	93	19	4.72	4	1	0.93	0	1	0.07	unphased	1.10159029649596	1.10159029649596	1
1	209950717	209950718	103	12	5.9	4	4	0.65	1	1	0.35	unphased	0.800721903199344	0.800721903199344	1
1	209956457	209956458	86	94	5.9	4	4	0.65	1	1	0.35	unphased	4.00731656184486	1.09789494845065	3.65
1	210411456	210411457	72	30	5.9	4	4	0.65	1	1	0.35	unphased	2.25693673695893	0.981276842156058	2.3
1	210847697	210847698	103	28	5.9	4	4	0.65	1	1	0.35	unphased	1.64015555235489	0.994033668093873	1.65
1	214819354	214819355	46	37	5.9	4	4	0.65	1	1	0.35	unphased	3.42075471698113	1.03659233847913	3.3
1	215847951	215847952	43	33	5.9	4	4	0.65	1	1	0.35	unphased	3.33195134061569	1.009682224429	3.3
1	216348732	216348733	33	23	5.9	4	4	0.65	1	1	0.35	unphased	3.15165094339623	0.955045740423099	3.3
1	216538407	216538408	108	25	5.9	4	4	0.65	1	1	0.35	unphased	1.44240317775571	0.87418374409437	1.65
1	220089007	220089008	76	11	5.9	4	4	0.65	1	1	0.35	unphased	0.970223378876599	0.970223378876599	1
1	220198586	220198587	30	7	5.9	4	4	0.65	1	1	0.35	unphased	1.45175930647629	1.45175930647629	1
1	227300076	227300077	146	47	6	4	2	1	NA	NA	NA	unphased	1.89304917391729	0.946524586958647	2
1	228432195	228432196	113	58	6	4	2	1	NA	NA	NA	unphased	2.63665452940527	0.878884843135091	3
1	228482035	228482036	226	58	6	4	2	1	NA	NA	NA	unphased	1.58756311453627	0.793781557268137	2
1	228509540	228509541	128	23	6	4	2	1	NA	NA	NA	unphased	1.18405597900787	1.18405597900787	1
1	228612546	228612547	10	4	6	4	2	1	NA	NA	NA	unphased	2.22102425876011	2.22102425876011	1
1	230381895	230381896	115	7	7	4	3	1	NA	NA	NA	unphased	0.503402412619858	0.503402412619858	1
1	231408086	231408087	274	31	7	4	3	1	NA	NA	NA	unphased	0.891741416640891	0.891741416640891	1
1	235299085	235299086	66	14	4.49	4	1	0.83	1	1	0.17	unphased	1.09612735849057	1.09612735849057	1
1	236141285	236141286	43	38	4.49	4	1	0.83	1	1	0.17	unphased	2.93847193105055	1.03832930425814	2.83
1	236721633	236721634	95	11	4.49	4	1	0.83	1	1	0.17	unphased	0.64999466002136	0.64999466002136	1
1	237670103	237670104	24	6	4.49	4	1	0.83	1	1	0.17	unphased	1.25271698113208	1.25271698113208	1
1	237670104	237670105	25	6	4.49	4	1	0.83	1	1	0.17	unphased	1.21230675593427	1.21230675593427	1
1	237753162	237753163	55	7	4.49	4	1	0.83	1	1	0.17	unphased	0.707178940961655	0.707178940961655	1
1	237870362	237870363	92	43	4.49	4	1	0.83	1	1	0.17	unphased	1.9950677847659	1.09020097528191	1.83
1	237890453	237890454	85	23	4.49	4	1	0.83	1	1	0.17	unphased	1.33391160027952	1.33391160027952	1
1	237961396	237961397	11	4	4.49	4	1	0.83	1	1	0.17	unphased	1.6702893081761	1.6702893081761	1
1	238090288	238090289	29	11	4.49	4	1	0.83	1	1	0.17	unphased	1.7224858490566	0.941249097845139	1.83
1	238090363	238090364	58	21	4.49	4	1	0.83	1	1	0.17	unphased	1.66500358251732	0.909838023233505	1.83
1	241261964	241261965	22	22	4.49	4	1	0.83	1	1	0.17	unphased	3.13179245283019	0.897361734335297	3.49
1	243668537	243668538	26	17	6.2	4	4	0.7	1	1	0.3	unphased	3.15234752084247	1.01688629704596	3.1
1	247463806	247463807	40	3	6.2	4	4	0.7	1	1	0.3	unphased	0.556296621325142	0.556296621325142	1
1	247582309	247582310	76	8	6.2	4	4	0.7	1	1	0.3	unphased	0.759389038634321	0.759389038634321	1
1	247695506	247695507	49	9	6.2	4	4	0.7	1	1	0.3	unphased	1.23728041639558	1.23728041639558	1
1	247768910	247768911	65	29	6.2	4	4	0.7	1	1	0.3	unphased	2.45993576876756	1.02497323698648	2.4
1	248112853	248112854	188	24	NA	NA	NA	NA	NA	NA	NA	unphased	NA	NA	1
1	248309178	248309179	226	127	NA	NA	NA	NA	NA	NA	NA	unphased	NA	NA	1
1	248343718	248343719	331	82	NA	NA	NA	NA	NA	NA	NA	unphased	NA	NA	1
1	248402743	248402744	202	16	NA	NA	NA	NA	NA	NA	NA	unphased	NA	NA	1
1	248814162	248814163	69	10	NA	NA	NA	NA	NA	NA	NA	unphased	NA	NA	1
10	1230920	1230921	39	7	5	4	1	1	NA	NA	NA	unphased	1.03076292042658	1.03076292042658	1
10	4872962	4872963	77	37	5	4	1	1	NA	NA	NA	unphased	2.19844422376696	1.09922211188348	2
10	4995132	4995133	10	7	5	4	1	1	NA	NA	NA	unphased	2.78912319644839	0.929707732149464	3
10	5978519	5978520	108	20	5	4	1	1	NA	NA	NA	unphased	1.05837264150943	1.05837264150943	1
10	8006718	8006719	90	36	5	4	1	1	NA	NA	NA	unphased	1.93530997304582	0.967654986522911	2
10	8007182	8007183	50	10	5	4	1	1	NA	NA	NA	unphased	1.12893081761006	1.12893081761006	1
10	12131143	12131144	144	15	5	4	1	1	NA	NA	NA	unphased	0.639017443930224	0.639017443930224	1
10	16941026	16941027	103	16	5	4	1	1	NA	NA	NA	unphased	0.91073410496274	0.91073410496274	1
10	17401512	17401513	15	16	5	4	1	1	NA	NA	NA	unphased	3.49604382227632	0.874010955569081	4
10	23393071	23393072	35	39	5	4	1	1	NA	NA	NA	unphased	3.56986231514533	0.892465578786333	4
10	23409812	23409813	23	3	5	4	1	1	NA	NA	NA	unphased	0.781567489114659	0.781567489114659	1
10	24922389	24922390	46	7	5	4	1	1	NA	NA	NA	unphased	0.894624421502314	0.894624421502314	1
10	25887510	25887511	76	4	5	4	1	1	NA	NA	NA	unphased	0.338679245283019	0.338679245283019	1
10	26286129	26286130	88	22	5	4	1	1	NA	NA	NA	unphased	1.35471698113208	1.35471698113208	1
10	26789899	26789900	104	49	5	4	1	1	NA	NA	NA	unphased	2.16931804168208	1.08465902084104	2
10	26939616	26939617	11	7	5	4	1	1	NA	NA	NA	unphased	2.63417190775681	0.878057302585605	3
10	28971328	28971329	68	29	5	4	1	1	NA	NA	NA	unphased	2.02509239447578	1.01254619723789	2
10	29839886	29839887	46	28	5	4	1	1	NA	NA	NA	unphased	2.56297807241203	0.854326024137345	3
10	30316522	30316523	66	4	5	4	1	1	NA	NA	NA	unphased	0.387061994609164	0.387061994609164	1
10	30915080	30915081	113	21	5	4	1	1	NA	NA	NA	unphased	1.06153196282737	1.06153196282737	1
10	34688330	34688331	36	81	5	4	1	1	NA	NA	NA	unphased	4.68940493468795	1.17235123367199	4
10	35896752	35896753	43	20	5	4	1	1	NA	NA	NA	unphased	2.15034441449536	1.07517220724768	2
10	37430798	37430799	52	14	5	4	1	1	NA	NA	NA	unphased	1.43682104059463	1.43682104059463	1
10	43315872	43315873	33	33	3	2	1	1	NA	NA	NA	unphased	2.38679245283019	1.19339622641509	2
10	43615060	43615061	20	9	3	2	1	1	NA	NA	NA	unphased	1.48145738451529	1.48145738451529	1
10	44052833	44052834	51	12	3	2	1	1	NA	NA	NA	unphased	0.909254267744834	0.909254267744834	1
10	44053266	44053267	60	44	3	2	1	1	NA	NA	NA	unphased	2.01959361393324	1.00979680696662	2
10	46274526	46274527	43	4	3	2	1	1	NA	NA	NA	unphased	0.406262545162585	0.406262545162585	1
10	48388048	48388049	36	29	3	2	1	1	NA	NA	NA	unphased	2.12975326560232	1.06487663280116	2
10	48389715	48389716	35	6	3	2	1	1	NA	NA	NA	unphased	0.698573400828348	0.698573400828348	1
10	50227584	50227585	6	6	3	2	1	1	NA	NA	NA	unphased	2.38679245283019	1.19339622641509	2
10	55566784	55566785	17	8	2	1	1	1	NA	NA	NA	unphased	1.20754716981132	1.20754716981132	1
10	55582335	55582336	20	5	2	1	1	1	NA	NA	NA	unphased	0.754716981132076	0.754716981132076	1
10	55943254	55943255	59	10	2	1	1	1	NA	NA	NA	unphased	0.546896363139185	0.546896363139185	1
10	60559982	60559983	18	3	2	1	1	1	NA	NA	NA	unphased	0.539083557951482	0.539083557951482	1
10	68139035	68139036	49	11	2	1	1	1	NA	NA	NA	unphased	0.691823899371069	0.691823899371069	1
10	73515127	73515128	12	7	2	1	1	1	NA	NA	NA	unphased	1.39026812313803	1.39026812313803	1
10	73515146	73515147	21	10	2	1	1	1	NA	NA	NA	unphased	1.21728545343883	1.21728545343883	1
10	75104935	75104936	52	21	2	1	1	1	NA	NA	NA	unphased	1.08555182217627	1.08555182217627	1
10	82095903	82095904	22	6	2	1	1	1	NA	NA	NA	unphased	0.808625336927224	0.808625336927224	1
10	85992381	85992382	11	6	2	1	1	1	NA	NA	NA	unphased	1.33185349611543	1.33185349611543	1
10	87966387	87966388	20	10	2	1	1	1	NA	NA	NA	unphased	1.25786163522013	1.25786163522013	1
10	88768780	88768781	19	4	2	1	1	1	NA	NA	NA	unphased	0.656275635767022	0.656275635767022	1
10	90524298	90524299	23	12	2	1	1	1	NA	NA	NA	unphased	1.29380053908356	1.29380053908356	1
10	91477353	91477354	42	19	2	1	1	1	NA	NA	NA	unphased	1.17537890504176	1.17537890504176	1
10	96484143	96484144	66	26	2	1	1	1	NA	NA	NA	unphased	1.06644790812141	1.06644790812141	1
10	98380291	98380292	12	4	2	1	1	1	NA	NA	NA	unphased	0.943396226415094	0.943396226415094	1
10	99025669	99025670	31	20	2	1	1	1	NA	NA	NA	unphased	1.47983721790603	1.47983721790603	1
10	102242110	102242111	13	3	2	1	1	1	NA	NA	NA	unphased	0.707547169811321	0.707547169811321	1
10	106865210	106865211	51	21	2	1	1	1	NA	NA	NA	unphased	1.10062893081761	1.10062893081761	1
10	106982965	106982966	87	30	2	1	1	1	NA	NA	NA	unphased	0.96758587324625	0.96758587324625	1
10	112838480	112838481	9	3	2	1	1	1	NA	NA	NA	unphased	0.943396226415094	0.943396226415094	1
10	117704246	117704247	41	13	3	2	1	1	NA	NA	NA	unphased	1.1491963661775	1.1491963661775	1
10	119027193	119027194	24	3	3	2	1	1	NA	NA	NA	unphased	0.530398322851153	0.530398322851153	1
10	123239427	123239428	45	8	3	2	1	1	NA	NA	NA	unphased	0.720541117835529	0.720541117835529	1
10	123842968	123842969	61	7	3.16	3	1	0.72	1	0	0.28	unphased	0.507869034406215	0.705373658897521	0.72
10	124377705	124377706	271	44	3.16	3	1	0.72	1	0	0.28	unphased	0.689135669362084	0.957132874114006	0.72
10	129690841	129690842	65	13	3.16	3	1	0.72	1	0	0.28	unphased	0.822264150943396	0.822264150943396	1
10	134012449	134012450	28	28	3.16	3	1	0.72	1	0	0.28	unphased	2.46679245283019	1.01098051345499	2.44
10	134660572	134660573	30	13	3.16	3	1	0.72	1	0	0.28	unphased	1.49154892496709	1.49154892496709	1
10	134940762	134940763	13	12	3.16	3	1	0.72	1	0	0.28	unphased	2.36812075471698	0.970541292916795	2.44
10	135106004	135106005	37	23	3.16	3	1	0.72	1	0	0.28	unphased	1.89120754716981	1.09953927161036	1.72
10	135371369	135371370	37	19	NA	NA	NA	NA	NA	NA	NA	unphased	NA	NA	1
11	194414	194415	197	43	NA	NA	NA	NA	NA	NA	NA	unphased	NA	NA	1
11	721610	721611	27	4	3	2	1	1	NA	NA	NA	unphased	0.615946439440049	0.615946439440049	1
11	721611	721612	27	3	3	2	1	1	NA	NA	NA	unphased	0.477358490566038	0.477358490566038	1
11	1015780	1015781	34	6	3	2	1	1	NA	NA	NA	unphased	0.716037735849057	0.716037735849057	1
11	1099264	1099265	68	13	3	2	1	1	NA	NA	NA	unphased	0.766130910784999	0.766130910784999	1
11	1629390	1629391	100	140	2.41	2	2	0.47	1	0	0.53	unphased	2.44042452830189	1.66015274034142	1.47
11	2433483	2433484	116	114	2.41	2	2	0.47	1	0	0.53	unphased	2.07360295324036	1.41061425390501	1.47
11	3716721	3716722	177	123	2.41	2	2	0.47	1	0	0.53	unphased	1.71526981132075	1.16685021178283	1.47
11	4104571	4104572	94	10	2.41	2	2	0.47	1	0	0.53	unphased	0.402267779390421	0.855888892320044	0.47
11	4389229	4389230	60	10	2.41	2	2	0.47	1	0	0.53	unphased	0.597654986522911	1.27160635430407	0.47
11	4661982	4661983	47	23	2.41	2	2	0.47	1	0	0.53	unphased	1.3746064690027	1.3746064690027	1
11	4674174	4674175	104	41	2.41	2	2	0.47	1	0	0.53	unphased	1.18294469746259	1.18294469746259	1
11	4703889	4703890	72	7	2.41	2	2	0.47	1	0	0.53	unphased	0.370697396704084	0.788717865327838	0.47
11	4703938	4703939	30	33	2.41	2	2	0.47	1	0	0.53	unphased	2.19140161725067	1.49074939949025	1.47
11	4929010	4929011	96	21	2.41	2	2	0.47	1	0	0.53	unphased	0.750899854862119	0.750899854862119	1
11	5080351	5080352	20	4	2.41	2	2	0.47	1	0	0.53	unphased	0.697264150943396	0.697264150943396	1
11	5269513	5269514	12	5	2.41	2	2	0.47	1	0	0.53	unphased	1.23046614872364	1.23046614872364	1
11	5322335	5322336	47	23	2.41	2	2	0.47	1	0	0.53	unphased	1.3746064690027	1.3746064690027	1
11	5624864	5624865	84	16	2.41	2	2	0.47	1	0	0.53	unphased	0.66937358490566	0.66937358490566	1
11	5905927	5905928	82	13	2.41	2	2	0.47	1	0	0.53	unphased	0.572490566037736	1.21806503412284	0.47
11	6048588	6048589	40	17	2.41	2	2	0.47	1	0	0.53	unphased	1.2477358490566	1.2477358490566	1
11	6415524	6415525	44	17	2.41	2	2	0.47	1	0	0.53	unphased	1.16591710485617	1.16591710485617	1
11	6637570	6637571	101	36	2.41	2	2	0.47	1	0	0.53	unphased	1.09933617958959	1.09933617958959	1
11	6652388	6652389	14	4	2.41	2	2	0.47	1	0	0.53	unphased	0.929685534591195	0.929685534591195	1
11	6816115	6816116	72	29	2.41	2	2	0.47	1	0	0.53	unphased	1.20122734915001	1.20122734915001	1
11	6867150	6867151	53	10	2.41	2	2	0.47	1	0	0.53	unphased	0.664061096136568	0.664061096136568	1
11	7960584	7960585	39	27	2.41	2	2	0.47	1	0	0.53	unphased	1.71146655231561	1.16426296075892	1.47
11	7985058	7985059	18	16	2.41	2	2	0.47	1	0	0.53	unphased	1.96874583795782	1.33928288296451	1.47
11	17150886	17150887	43	26	2.41	2	2	0.47	1	0	0.53	unphased	1.57642329778507	1.07239680121433	1.47
11	17545009	17545010	15	15	2.41	2	2	0.47	1	0	0.53	unphased	2.09179245283019	1.42298806314979	1.47
11	17742856	17742857	11	5	2.41	2	2	0.47	1	0	0.53	unphased	1.30737028301887	1.30737028301887	1
11	18472721	18472722	8	3	2.41	2	2	0.47	1	0	0.53	unphased	1.14097770154374	1.14097770154374	1
11	18735840	18735841	26	9	2.41	2	2	0.47	1	0	0.53	unphased	1.07577897574124	1.07577897574124	1
11	22777409	22777410	47	6	2.41	2	2	0.47	1	0	0.53	unphased	0.473613385546458	1.00768805435417	0.47
11	27528278	27528279	83	63	2.41	2	2	0.47	1	0	0.53	unphased	1.80524554148359	1.22805819148543	1.47
11	30601970	30601971	30	7	2.41	2	2	0.47	1	0	0.53	unphased	0.791489036206017	0.791489036206017	1
11	30915863	30915864	48	20	2.41	2	2	0.47	1	0	0.53	unphased	1.23046614872364	1.23046614872364	1
11	30944107	30944108	36	13	2.41	2	2	0.47	1	0	0.53	unphased	1.10993068925683	1.10993068925683	1
11	31112972	31112973	19	4	2.41	2	2	0.47	1	0	0.53	unphased	0.727579983593109	0.727579983593109	1
11	31312343	31312344	42	5	2.41	2	2	0.47	1	0	0.53	unphased	0.445062224006423	0.946940902141326	0.47
11	31815207	31815208	162	72	2.41	2	2	0.47	1	0	0.53	unphased	1.28725689404935	0.875684961938331	1.47
11	32413532	32413533	250	38	2.41	2	2	0.47	1	0	0.53	unphased	0.552000786163522	1.17446975779473	0.47
11	32456478	32456479	10	7	2.41	2	2	0.47	1	0	0.53	unphased	1.7226526082131	1.7226526082131	1
11	33564181	33564182	74	24	2.41	2	2	0.47	1	0	0.53	unphased	1.02455140546785	1.02455140546785	1
11	34979027	34979028	64	9	2.41	2	2	0.47	1	0	0.53	unphased	0.515784440423882	1.09741370302954	0.47
11	36103303	36103304	54	41	2.41	2	2	0.47	1	0	0.53	unphased	1.80554716981132	1.22826338082403	1.47
11	40136787	40136788	70	7	3.88	3	2	0.72	1	0	0.28	unphased	0.513962264150943	0.713836477987421	0.72
11	40136924	40136925	103	44	3.88	3	2	0.72	1	0	0.28	unphased	1.69222949557181	0.983854357890589	1.72
11	45893642	45893643	98	18	3.88	3	2	0.72	1	0	0.28	unphased	0.877280416395576	0.877280416395576	1
11	45937332	45937333	275	48	3.88	3	2	0.72	1	0	0.28	unphased	0.840161224370582	0.840161224370582	1
11	46842769	46842770	239	32	3.88	3	2	0.72	1	0	0.28	unphased	0.667581981480192	0.927197196500267	0.72
11	47363651	47363652	33	11	3.88	3	2	0.72	1	0	0.28	unphased	1.41339622641509	1.41339622641509	1
11	47367760	47367761	61	6	3.88	3	2	0.72	1	0	0.28	unphased	0.506291185581526	0.703182202196564	0.72
11	47599533	47599534	40	23	3.88	3	2	0.72	1	0	0.28	unphased	2.06400718778077	0.845904585156054	2.44
11	48510640	48510641	65	63	3.88	3	2	0.72	1	0	0.28	unphased	2.78262382075472	1.02302346351276	2.72
11	50003623	50003624	313	32	3.88	3	2	0.72	1	0	0.28	unphased	0.524390484003281	0.728320116671224	0.72
11	55063070	55063071	23	19	3.88	3	2	0.72	1	0	0.28	unphased	2.55757412398922	1.04818611638902	2.44
11	55432953	55432954	78	10	3.88	3	2	0.72	1	0	0.28	unphased	0.642452830188679	0.642452830188679	1
11	55541292	55541293	224	23	3.88	3	2	0.72	1	0	0.28	unphased	0.526447177450157	0.73117663534744	0.72
11	55563925	55563926	61	34	3.88	3	2	0.72	1	0	0.28	unphased	2.02338828202582	0.829257492633532	2.44
11	55579066	55579067	255	92	3.88	3	2	0.72	1	0	0.28	unphased	1.49893317383503	0.871472775485481	1.72
11	55653002	55653003	41	5	3.88	3	2	0.72	1	0	0.28	unphased	0.614520098441345	0.614520098441345	1
11	55655603	55655604	70	21	3.88	3	2	0.72	1	0	0.28	unphased	1.30467343976778	1.30467343976778	1
11	55681286	55681287	47	20	3.88	3	2	0.72	1	0	0.28	unphased	1.68763728527175	0.981184468181252	1.72
11	55703781	55703782	64	26	3.88	3	2	0.72	1	0	0.28	unphased	1.63325786163522	0.949568524206523	1.72
11	55735197	55735198	28	10	3.88	3	2	0.72	1	0	0.28	unphased	1.48778550148957	1.48778550148957	1
11	55927572	55927573	95	51	3.88	3	2	0.72	1	0	0.28	unphased	1.9748823985526	1.14818744101895	1.72
11	56043563	56043564	200	76	3.88	3	2	0.72	1	0	0.28	unphased	1.55678424938474	0.905107121735315	1.72
11	56113722	56113723	86	74	3.88	3	2	0.72	1	0	0.28	unphased	2.61478301886792	0.961317286348501	2.72
11	56237684	56237685	61	31	3.88	3	2	0.72	1	0	0.28	unphased	1.90501230516817	1.10756529370242	1.72
11	56309922	56309923	47	28	3.88	3	2	0.72	1	0	0.28	unphased	2.11067169811321	0.865029384472626	2.44
11	59245106	59245107	95	37	3.88	3	2	0.72	1	0	0.28	unphased	1.58471698113208	0.921347082053532	1.72
11	59556352	59556353	14	8	3.88	3	2	0.72	1	0	0.28	unphased	2.05584905660377	0.842561088772038	2.44
11	59828635	59828636	36	16	3.88	3	2	0.72	1	0	0.28	unphased	1.73956458635704	1.01137475950991	1.72
11	59828636	59828637	36	16	3.88	3	2	0.72	1	0	0.28	unphased	1.73956458635704	1.01137475950991	1.72
11	60075665	60075666	50	23	3.88	3	2	0.72	1	0	0.28	unphased	1.78126647712587	1.03562004484062	1.72
11	60102501	60102502	35	22	3.88	3	2	0.72	1	0	0.28	unphased	2.18208540218471	0.894297295977339	2.44
11	60183866	60183867	40	16	3.88	3	2	0.72	1	0	0.28	unphased	1.61530997304582	0.939133705259199	1.72
11	60699544	60699545	91	49	3.88	3	2	0.72	1	0	0.28	unphased	1.97875471698113	1.15043878894252	1.72
11	62402388	62402389	132	27	3.88	3	2	0.72	1	0	0.28	unphased	0.960042719829121	0.960042719829121	1
11	62496378	62496379	58	33	3.88	3	2	0.72	1	0	0.28	unphased	2.05020111963508	0.840246360506181	2.44
11	63668339	63668340	90	51	3.88	3	2	0.72	1	0	0.28	unphased	2.04491368928141	0.838079380853038	2.44
11	64435961	64435962	86	26	3.88	3	2	0.72	1	0	0.28	unphased	1.31243935309973	1.31243935309973	1
11	64508531	64508532	26	13	3.88	3	2	0.72	1	0	0.28	unphased	1.88452830188679	1.09565598946907	1.72
11	64889786	64889787	20	7	3.88	3	2	0.72	1	0	0.28	unphased	1.46574423480084	1.46574423480084	1
11	66031902	66031903	34	7	3.88	3	2	0.72	1	0	0.28	unphased	0.96524620340543	0.96524620340543	1
11	66063044	66063045	27	5	3.88	3	2	0.72	1	0	0.28	unphased	0.883372641509434	0.883372641509434	1
11	66083346	66083347	55	33	3.88	3	2	0.72	1	0	0.28	unphased	2.12009433962264	0.868891122796164	2.44
11	66084196	66084197	49	15	3.88	3	2	0.72	1	0	0.28	unphased	1.32505896226415	1.32505896226415	1
11	66325641	66325642	64	34	3.88	3	2	0.72	1	0	0.28	unphased	1.96144782441278	1.14037664210046	1.72
11	67219556	67219557	42	15	3.88	3	2	0.72	1	0	0.28	unphased	1.48778550148957	1.48778550148957	1
11	68705677	68705678	107	42	3.88	3	2	0.72	1	0	0.28	unphased	1.5936279599848	0.926527883712095	1.72
11	68705753	68705754	41	17	3.88	3	2	0.72	1	0	0.28	unphased	1.65708523096942	0.963421645912454	1.72
11	71276741	71276742	148	39	3.88	3	2	0.72	1	0	0.28	unphased	1.17908990011099	1.17908990011099	1
11	71932633	71932634	89	34	3.88	3	2	0.72	1	0	0.28	unphased	1.56277956741832	0.908592771754835	1.72
11	73589858	73589859	90	30	3.88	3	2	0.72	1	0	0.28	unphased	1.41339622641509	0.821741992101799	1.72
11	73809196	73809197	60	20	3.88	3	2	0.72	1	0	0.28	unphased	1.41339622641509	1.41339622641509	1
11	74716577	74716578	65	21	3.88	3	2	0.72	1	0	0.28	unphased	1.38052654673102	1.38052654673102	1
11	76372410	76372411	48	36	3.88	3	2	0.72	1	0	0.28	unphased	2.42296495956873	0.993018426052759	2.44
11	86086207	86086208	196	55	3.88	3	2	0.72	1	0	0.28	unphased	1.23883334586184	1.23883334586184	1
11	92087068	92087069	21	4	5	3	2	1	NA	NA	NA	unphased	1.08377358490566	1.08377358490566	1
11	92523212	92523213	128	43	5	3	2	1	NA	NA	NA	unphased	1.70329912832395	0.851649564161977	2
11	92532968	92532969	13	4	5	3	2	1	NA	NA	NA	unphased	1.59378468368479	1.59378468368479	1
11	92573856	92573857	58	27	5	3	2	1	NA	NA	NA	unphased	2.15160932297447	1.07580466148724	2
11	93521247	93521248	111	12	5	3	2	1	NA	NA	NA	unphased	0.660837551771744	0.660837551771744	1
11	93822022	93822023	45	18	5	3	2	1	NA	NA	NA	unphased	1.93530997304582	0.967654986522911	2
11	99690431	99690432	20	3	5	3	2	1	NA	NA	NA	unphased	0.883511074651354	0.883511074651354	1
11	103006601	103006602	34	8	5	3	2	1	NA	NA	NA	unphased	1.29020664869721	1.29020664869721	1
11	106849344	106849345	46	5	5	3	2	1	NA	NA	NA	unphased	0.664076951535331	0.664076951535331	1
11	108057288	108057289	52	21	5	3	2	1	NA	NA	NA	unphased	1.94856552080641	0.974282760403205	2
11	108062849	108062850	99	33	5	3	2	1	NA	NA	NA	unphased	1.69339622641509	0.846698113207547	2
11	108143447	108143448	22	8	5	3	2	1	NA	NA	NA	unphased	1.8062893081761	1.8062893081761	1
11	111229625	111229626	60	24	5	3	2	1	NA	NA	NA	unphased	1.93530997304582	0.967654986522911	2
11	111420471	111420472	120	15	5	3	2	1	NA	NA	NA	unphased	0.752620545073375	0.752620545073375	1
11	112064281	112064282	52	5	5	3	2	1	NA	NA	NA	unphased	0.594174114531612	0.594174114531612	1
11	113650947	113650948	27	7	5	3	2	1	NA	NA	NA	unphased	1.3945615982242	1.3945615982242	1
11	116661499	116661500	80	33	5	3	2	1	NA	NA	NA	unphased	1.97812656536984	0.989063282684922	2
11	117280535	117280536	200	34	5	3	2	1	NA	NA	NA	unphased	0.984196097403645	0.984196097403645	1
11	117299289	117299290	15	4	5	3	2	1	NA	NA	NA	unphased	1.42601787487587	1.42601787487587	1
11	119291586	119291587	238	30	5	3	2	1	NA	NA	NA	unphased	0.758237116305266	0.758237116305266	1
11	123900866	123900867	159	100	5	3	2	1	NA	NA	NA	unphased	2.61528374735922	0.87176124911974	3
11	123909278	123909279	141	87	5	3	2	1	NA	NA	NA	unphased	2.58465739821251	0.861552466070838	3
11	124440495	124440496	82	25	5	3	2	1	NA	NA	NA	unphased	1.58261329571504	0.791306647857521	2
11	124748656	124748657	59	28	5	3	2	1	NA	NA	NA	unphased	2.18000433745391	1.09000216872696	2
11	124793766	124793767	38	11	5	3	2	1	NA	NA	NA	unphased	1.52060069310743	1.52060069310743	1
11	124794809	124794810	93	34	5	3	2	1	NA	NA	NA	unphased	1.81340068340514	0.90670034170257	2
11	126143341	126143342	53	43	5	3	2	1	NA	NA	NA	unphased	3.03400157232704	1.01133385744235	3
11	128786481	128786482	76	23	5	3	2	1	NA	NA	NA	unphased	1.57366113969888	0.786830569849438	2
11	130319490	130319491	7	3	5	3	2	1	NA	NA	NA	unphased	2.03207547169811	2.03207547169811	1
11	130343025	130343026	90	16	5	3	2	1	NA	NA	NA	unphased	1.02242791028836	1.02242791028836	1
11	132016187	132016188	61	11	5	3	2	1	NA	NA	NA	unphased	1.03485324947589	1.03485324947589	1
11	132306086	132306087	111	15	5	3	2	1	NA	NA	NA	unphased	0.806379155435759	0.806379155435759	1
11	133711999	133712000	42	42	5	3	2	1	NA	NA	NA	unphased	3.38679245283019	1.12893081761006	3
12	537934	537935	35	10	NA	NA	NA	NA	NA	NA	NA	unphased	NA	NA	1
12	657268	657269	22	17	NA	NA	NA	NA	NA	NA	NA	unphased	NA	NA	1
12	2797805	2797806	32	31	3	2	1	1	NA	NA	NA	unphased	2.34890685834082	1.17445342917041	2
12	3149425	3149426	68	41	3	2	1	1	NA	NA	NA	unphased	1.79556863423922	0.897784317119612	2
12	4479832	4479833	71	49	3	2	1	1	NA	NA	NA	unphased	1.94921383647799	0.974606918238994	2
12	6143943	6143944	64	37	3	2	1	1	NA	NA	NA	unphased	1.74873902484588	0.87436951242294	2
12	6952161	6952162	26	18	3	2	1	1	NA	NA	NA	unphased	1.95283018867925	0.976415094339623	2
12	8374539	8374540	24	14	3	2	1	1	NA	NA	NA	unphased	1.75868917576961	0.879344587884806	2
12	9004532	9004533	119	26	3	2	1	1	NA	NA	NA	unphased	0.855953155497723	0.855953155497723	1
12	10772779	10772780	129	30	3	2	1	1	NA	NA	NA	unphased	0.900676397294411	0.900676397294411	1
12	12274344	12274345	66	56	3	2	1	1	NA	NA	NA	unphased	2.19115372718837	1.09557686359418	2
12	14774970	14774971	49	23	3	2	1	1	NA	NA	NA	unphased	1.52489517819706	0.762447589098532	2
12	15819374	15819375	47	9	3	2	1	1	NA	NA	NA	unphased	0.767183288409704	0.767183288409704	1
12	18644444	18644445	75	12	3	2	1	1	NA	NA	NA	unphased	0.658425504229018	0.658425504229018	1
12	25702425	25702426	81	22	2	1	1	1	NA	NA	NA	unphased	0.806008426451731	0.806008426451731	1
12	29598263	29598264	29	15	3	2	1	1	NA	NA	NA	unphased	1.62735849056604	0.813679245283019	2
12	29689066	29689067	5	4	3	2	1	1	NA	NA	NA	unphased	2.12159329140461	2.12159329140461	1
12	31269325	31269326	37	39	3	2	1	1	NA	NA	NA	unphased	2.44960278053625	1.22480139026812	2
12	31604910	31604911	25	5	3	2	1	1	NA	NA	NA	unphased	0.79559748427673	0.79559748427673	1
12	42863359	42863360	30	13	4	2	2	1	NA	NA	NA	unphased	1.74550241333918	0.872751206669592	2
12	44917154	44917155	112	63	4	2	2	1	NA	NA	NA	unphased	2.07849056603774	1.03924528301887	2
12	49445139	49445140	24	13	4	2	2	1	NA	NA	NA	unphased	2.02855685874554	1.01427842937277	2
12	51461559	51461560	73	21	4	2	2	1	NA	NA	NA	unphased	1.28984343637094	1.28984343637094	1
12	51851216	51851217	46	15	4	2	2	1	NA	NA	NA	unphased	1.41973399319517	1.41973399319517	1
12	52448223	52448224	41	31	4	2	2	1	NA	NA	NA	unphased	2.48584905660377	1.24292452830189	2
12	52818240	52818241	134	29	4	2	2	1	NA	NA	NA	unphased	1.02720222247945	1.02720222247945	1
12	53004395	53004396	53	39	4	2	2	1	NA	NA	NA	unphased	2.44749794913864	1.22374897456932	2
12	53008437	53008438	33	18	4	2	2	1	NA	NA	NA	unphased	2.0377358490566	1.0188679245283	2
12	53011876	53011877	111	21	4	2	2	1	NA	NA	NA	unphased	0.91852487135506	0.91852487135506	1
12	54348972	54348973	27	4	4	2	2	1	NA	NA	NA	unphased	0.744978697504565	0.744978697504565	1
12	56030910	56030911	68	25	4	2	2	1	NA	NA	NA	unphased	1.55203895313451	0.776019476567255	2
12	56091240	56091241	59	9	4	2	2	1	NA	NA	NA	unphased	0.764150943396226	0.764150943396226	1
12	57423575	57423576	85	55	4	2	2	1	NA	NA	NA	unphased	2.26819407008086	1.13409703504043	2
12	57423576	57423577	81	54	4	2	2	1	NA	NA	NA	unphased	2.30943396226415	1.15471698113208	2
12	57662749	57662750	127	47	4	2	2	1	NA	NA	NA	unphased	1.55953155497723	0.779765777488614	2
12	58019487	58019488	67	24	4	2	2	1	NA	NA	NA	unphased	1.52270371138296	0.761351855691478	2
12	62894639	62894640	78	35	4	2	2	1	NA	NA	NA	unphased	1.78827851060277	0.894139255301386	2
12	66597547	66597548	35	22	4	2	2	1	NA	NA	NA	unphased	2.22840119165839	1.1142005958292	2
12	69965999	69966000	111	47	4	2	2	1	NA	NA	NA	unphased	1.71745880105087	0.858729400525436	2
12	70049295	70049296	59	34	4	2	2	1	NA	NA	NA	unphased	2.11077297626293	1.05538648813147	2
12	70928311	70928312	25	6	4	2	2	1	NA	NA	NA	unphased	1.11746804625685	1.11746804625685	1
12	71003048	71003049	41	3	4	2	2	1	NA	NA	NA	unphased	0.393653516295026	0.393653516295026	1
12	71077923	71077924	41	7	4	2	2	1	NA	NA	NA	unphased	0.841981132075472	0.841981132075472	1
12	72024497	72024498	25	4	4	2	2	1	NA	NA	NA	unphased	0.796356538711776	0.796356538711776	1
12	72425347	72425348	48	15	4	2	2	1	NA	NA	NA	unphased	1.37466307277628	1.37466307277628	1
12	75444448	75444449	36	8	4	2	2	1	NA	NA	NA	unphased	1.04974271012007	1.04974271012007	1
12	75444449	75444450	36	8	4	2	2	1	NA	NA	NA	unphased	1.04974271012007	1.04974271012007	1
12	75601331	75601332	21	21	4	2	2	1	NA	NA	NA	unphased	2.88679245283019	1.44339622641509	2
12	78604277	78604278	19	10	4	2	2	1	NA	NA	NA	unphased	1.99089134677944	0.99544567338972	2
12	80714281	80714282	21	17	4	2	2	1	NA	NA	NA	unphased	2.58291956305859	1.29145978152929	2
12	83251075	83251076	83	15	4	2	2	1	NA	NA	NA	unphased	0.88371197535618	0.88371197535618	1
12	83358820	83358821	47	26	4	2	2	1	NA	NA	NA	unphased	2.05634530886534	1.02817265443267	2
12	98849543	98849544	21	13	4	2	2	1	NA	NA	NA	unphased	2.20754716981132	1.10377358490566	2
12	98987788	98987789	47	16	4	2	2	1	NA	NA	NA	unphased	1.46630727762803	1.46630727762803	1
12	100904666	100904667	98	23	5	3	2	1	NA	NA	NA	unphased	1.2875409324809	1.2875409324809	1
12	101477500	101477501	95	24	5	3	2	1	NA	NA	NA	unphased	1.36610115744411	1.36610115744411	1
12	101510453	101510454	284	118	5	3	2	1	NA	NA	NA	unphased	1.98826621608936	0.994133108044682	2
12	102046991	102046992	51	20	5	3	2	1	NA	NA	NA	unphased	1.90805208610151	0.954026043050757	2
12	104063374	104063375	84	34	5	3	2	1	NA	NA	NA	unphased	1.95171090502079	0.975855452510393	2
12	104078814	104078815	141	56	5	3	2	1	NA	NA	NA	unphased	1.9254860645532	0.962743032276602	2
12	104331490	104331491	29	10	5	3	2	1	NA	NA	NA	unphased	1.73681664247702	0.86840832123851	2
12	104645402	104645403	49	23	5	3	2	1	NA	NA	NA	unphased	2.16378406708595	1.08189203354298	2
12	104697913	104697914	54	22	5	3	2	1	NA	NA	NA	unphased	1.96077457795432	0.98038728897716	2
12	106708155	106708156	74	24	5	3	2	1	NA	NA	NA	unphased	1.65883711975356	0.829418559876781	2
12	107075887	107075888	41	5	5	3	2	1	NA	NA	NA	unphased	0.736259228876128	0.736259228876128	1
12	109311862	109311863	8	6	5	3	2	1	NA	NA	NA	unphased	2.90296495956873	0.967654986522911	3
12	109577603	109577604	127	71	5	3	2	1	NA	NA	NA	unphased	2.42891175910044	0.809637253033479	3
12	109644546	109644547	194	65	5	3	2	1	NA	NA	NA	unphased	1.69993443578349	0.849967217891746	2
12	109670471	109670472	72	28	5	3	2	1	NA	NA	NA	unphased	1.89660377358491	0.948301886792453	2
12	109717563	109717564	8	7	5	3	2	1	NA	NA	NA	unphased	3.16100628930818	1.05366876310273	3
12	110777347	110777348	49	3	5	3	2	1	NA	NA	NA	unphased	0.39078374455733	0.39078374455733	1
12	111923602	111923603	78	18	5	3	2	1	NA	NA	NA	unphased	1.27004716981132	1.27004716981132	1
12	114395782	114395783	131	14	5	3	2	1	NA	NA	NA	unphased	0.654001301236174	0.654001301236174	1
12	114793471	114793472	31	13	5	3	2	1	NA	NA	NA	unphased	2.00128644939966	1.00064322469983	2
12	117175636	117175637	50	8	5	3	2	1	NA	NA	NA	unphased	0.934287573194535	0.934287573194535	1
12	117968768	117968769	120	29	5	3	2	1	NA	NA	NA	unphased	1.31834874002786	1.31834874002786	1
12	120221826	120221827	214	69	5	3	2	1	NA	NA	NA	unphased	1.65151010067338	0.825755050336689	2
12	120568461	120568462	111	7	5	3	2	1	NA	NA	NA	unphased	0.401822833386633	0.401822833386633	1
12	121094022	121094023	31	9	5	3	2	1	NA	NA	NA	unphased	1.52405660377358	1.52405660377358	1
12	121469248	121469249	50	8	5	3	2	1	NA	NA	NA	unphased	0.934287573194535	0.934287573194535	1
12	121603860	121603861	70	24	5	3	2	1	NA	NA	NA	unphased	1.7294259333601	0.864712966680048	2
12	122684848	122684849	116	35	5	3	2	1	NA	NA	NA	unphased	1.57003623641135	0.785018118205673	2
12	124387522	124387523	10	5	5	3	2	1	NA	NA	NA	unphased	2.25786163522013	1.12893081761006	2
12	125612798	125612799	57	5	5	3	2	1	NA	NA	NA	unphased	0.546256847230676	0.546256847230676	1
12	129559458	129559459	55	17	1.3	2	1	0.15	1	0	0.85	unphased	0.725707547169811	0.725707547169811	1
12	131306329	131306330	19	6	1.3	2	1	0.15	1	0	0.85	unphased	0.737660377358491	0.737660377358491	1
12	132204075	132204076	25	11	1.3	2	1	0.15	1	0	0.85	unphased	0.939150943396227	0.939150943396227	1
13	20025311	20025312	76	10	3.05	6	0	0.41	1	0	0.59	unphased	0.560881965774462	1.36800479457186	0.41
13	26620612	26620613	16	5	3	2	1	1	NA	NA	NA	unphased	1.13656783468104	1.13656783468104	1
13	27333318	27333319	76	24	1.72	3	2	0.18	1	0	0.82	unphased	0.83846037735849	0.83846037735849	1
13	28588650	28588651	55	6	4	2	2	1	NA	NA	NA	unphased	0.56789359727807	0.56789359727807	1
13	28626685	28626686	46	16	4	2	2	1	NA	NA	NA	unphased	1.48995739500913	1.48995739500913	1
13	29600682	29600683	20	4	3	2	1	1	NA	NA	NA	unphased	0.79559748427673	0.79559748427673	1
13	38162063	38162064	53	16	2	2	0	1	NA	NA	NA	unphased	0.875034181022696	0.875034181022696	1
13	43180709	43180710	55	23	2	2	0	1	NA	NA	NA	unphased	1.11272375423319	1.11272375423319	1
13	43180816	43180817	50	15	2	2	0	1	NA	NA	NA	unphased	0.870827285921626	0.870827285921626	1
13	45601952	45601953	13	7	2	2	0	1	NA	NA	NA	unphased	1.32075471698113	1.32075471698113	1
13	46357686	46357687	15	3	2	2	0	1	NA	NA	NA	unphased	0.628930817610063	0.628930817610063	1
13	46721232	46721233	14	8	2	2	0	1	NA	NA	NA	unphased	1.37221269296741	1.37221269296741	1
13	50204622	50204623	55	46	3	3	0	1	NA	NA	NA	unphased	2.17410797683542	1.08705398841771	2
13	52971654	52971655	22	11	2	2	0	1	NA	NA	NA	unphased	1.25786163522013	1.25786163522013	1
13	53211498	53211499	8	3	2	2	0	1	NA	NA	NA	unphased	1.02915951972556	1.02915951972556	1
13	58299168	58299169	45	12	2	2	0	1	NA	NA	NA	unphased	0.794438927507448	0.794438927507448	1
13	70314604	70314605	116	11	8	6	2	1	NA	NA	NA	unphased	0.84653097608082	0.84653097608082	1
13	72255956	72255957	74	17	3	2	1	1	NA	NA	NA	unphased	0.891768608749741	0.891768608749741	1
13	75936221	75936222	99	22	3	2	1	1	NA	NA	NA	unphased	0.867924528301887	0.867924528301887	1
13	76430678	76430679	66	14	1.4	2	1	0.2	1	0	0.8	unphased	0.555377358490566	0.555377358490566	1
13	77655990	77655991	270	28	9	7	2	1	NA	NA	NA	unphased	1.01228314549829	1.01228314549829	1
13	78173863	78173864	28	51	9	7	2	1	NA	NA	NA	unphased	6.9550991163124	0.993585588044628	7
13	78475250	78475251	109	18	9	7	2	1	NA	NA	NA	unphased	1.52696478977864	0.763482394889318	2
13	79190694	79190695	67	21	3	2	1	1	NA	NA	NA	unphased	1.13915094339623	1.13915094339623	1
13	88328941	88328942	41	6	3	2	1	1	NA	NA	NA	unphased	0.609393817743878	0.609393817743878	1
13	88330387	88330388	86	25	3	2	1	1	NA	NA	NA	unphased	1.07513173550909	1.07513173550909	1
13	92380882	92380883	139	31	9	7	2	1	NA	NA	NA	unphased	1.9645948945616	0.982297447280799	2
13	95121176	95121177	721	45	9	7	2	1	NA	NA	NA	unphased	0.632912951376915	0.632912951376915	1
13	95364139	95364140	54	142	7	7	0	1	NA	NA	NA	unphased	6.35637273777436	1.05939545629573	6
13	96086269	96086270	156	14	9	7	2	1	NA	NA	NA	unphased	0.887236403995561	0.887236403995561	1
13	101316589	101316590	43	11	9	7	2	1	NA	NA	NA	unphased	2.19461914744934	1.09730957372467	2
13	101717839	101717840	66	238	9	7	2	1	NA	NA	NA	unphased	8.43458291956306	1.20494041708044	7
13	101881927	101881928	99	232	9	7	2	1	NA	NA	NA	unphased	7.55127401242661	1.07875343034666	7
13	102568882	102568883	143	10	9	7	2	1	NA	NA	NA	unphased	0.704155876186953	0.704155876186953	1
13	103443472	103443473	151	13	9	7	2	1	NA	NA	NA	unphased	0.85400368154625	0.85400368154625	1
13	109777687	109777688	44	224	9	7	2	1	NA	NA	NA	unphased	9.00478738383554	1.28639819769079	7
13	110866334	110866335	931	946	9	7	2	1	NA	NA	NA	unphased	5.42984087413677	1.08596817482735	5
13	111277565	111277566	1130	21	NA	NA	NA	NA	NA	NA	NA	unphased	NA	NA	1
13	113777133	113777134	375	11	NA	NA	NA	NA	NA	NA	NA	unphased	NA	NA	1
13	113852579	113852580	499	21	9	7	2	1	NA	NA	NA	unphased	0.435087082728592	0.435087082728592	1
13	114286058	114286059	37	11	2	2	0	1	NA	NA	NA	unphased	0.864779874213836	0.864779874213836	1
13	114322392	114322393	6	3	2	2	0	1	NA	NA	NA	unphased	1.25786163522013	1.25786163522013	1
14	20248974	20248975	305	64	NA	NA	NA	NA	NA	NA	NA	unphased	NA	NA	1
14	20249158	20249159	382	80	NA	NA	NA	NA	NA	NA	NA	unphased	NA	NA	1
14	20502334	20502335	55	18	5	3	2	1	NA	NA	NA	unphased	1.67019901783407	0.835099508917033	2
14	20692600	20692601	41	10	5	3	2	1	NA	NA	NA	unphased	1.32815390307066	1.32815390307066	1
14	20711475	20711476	96	63	5	3	2	1	NA	NA	NA	unphased	2.68387326450694	0.894624421502314	3
14	21360275	21360276	72	34	5	3	2	1	NA	NA	NA	unphased	2.17265930936276	1.08632965468138	2
14	21623658	21623659	49	9	5	3	2	1	NA	NA	NA	unphased	1.05107351984385	1.05107351984385	1
14	21796580	21796581	40	17	5	3	2	1	NA	NA	NA	unphased	2.02019198940748	1.01009599470374	2
14	21860106	21860107	31	6	5	3	2	1	NA	NA	NA	unphased	1.09841917389087	1.09841917389087	1
14	22217830	22217831	19	21	5	3	2	1	NA	NA	NA	unphased	3.5561320754717	1.18537735849057	3
14	22237166	22237167	38	10	5	3	2	1	NA	NA	NA	unphased	1.41116352201258	1.41116352201258	1
14	22434097	22434098	62	68	5	3	2	1	NA	NA	NA	unphased	3.54310595065312	1.18103531688437	3
14	23395764	23395765	177	35	5	3	2	1	NA	NA	NA	unphased	1.11828052687789	1.11828052687789	1
14	23855700	23855701	200	82	5	3	2	1	NA	NA	NA	unphased	1.96962397966011	0.984811989830055	2
14	23872557	23872558	314	135	5	3	2	1	NA	NA	NA	unphased	2.03660125225869	1.01830062612934	2
14	23884425	23884426	107	30	5	3	2	1	NA	NA	NA	unphased	1.48326676766286	0.741633383831428	2
14	23884427	23884428	112	31	5	3	2	1	NA	NA	NA	unphased	1.4683995250033	0.734199762501649	2
14	24028972	24028973	47	6	5	3	2	1	NA	NA	NA	unphased	0.766820932716269	0.766820932716269	1
14	24543412	24543413	25	10	5	3	2	1	NA	NA	NA	unphased	1.93530997304582	0.967654986522911	2
14	25042868	25042869	197	75	5	3	2	1	NA	NA	NA	unphased	1.86771642619312	0.933858213096559	2
14	25101177	25101178	95	36	5	3	2	1	NA	NA	NA	unphased	1.86144318018148	0.930721590090739	2
14	26917567	26917568	27	8	5	3	2	1	NA	NA	NA	unphased	1.54824797843666	1.54824797843666	1
14	31348033	31348034	61	12	2.32	3	2	0.33	1	0	0.67	unphased	0.672918066683898	0.672918066683898	1
14	31381013	31381014	38	14	2.32	3	2	0.33	1	0	0.67	unphased	1.10211901306241	1.10211901306241	1
14	38679752	38679753	36	74	9	7	2	1	NA	NA	NA	unphased	7.24768439108062	1.03538348444009	7
14	45414260	45414261	115	15	2.2	3	2	0.3	1	0	0.7	unphased	0.458490566037736	1.52830188679245	0.3
14	47314973	47314974	40	20	2.2	3	2	0.3	1	0	0.7	unphased	1.32452830188679	1.32452830188679	1
14	50583247	50583248	11	17	2.2	3	2	0.3	1	0	0.7	unphased	2.41253369272237	1.04892769248799	2.3
14	52520598	52520599	31	29	2.2	3	2	0.3	1	0	0.7	unphased	1.92056603773585	0.835028712059065	2.3
14	53066847	53066848	85	42	2.2	3	2	0.3	1	0	0.7	unphased	1.31409894517902	1.0108453424454	1.3
14	55818033	55818034	133	21	2.2	3	2	0.3	1	0	0.7	unphased	0.541852487135506	0.541852487135506	1
14	55881150	55881151	49	5	2.2	3	2	0.3	1	0	0.7	unphased	0.367924528301887	1.22641509433962	0.3
14	56083265	56083266	32	5	2.2	3	2	0.3	1	0	0.7	unphased	0.536970933197348	0.536970933197348	1
14	58038627	58038628	17	4	2.2	3	2	0.3	1	0	0.7	unphased	0.756873315363881	0.756873315363881	1
14	59953494	59953495	9	5	2.2	3	2	0.3	1	0	0.7	unphased	1.41913746630728	1.41913746630728	1
14	61486287	61486288	124	14	2.2	3	2	0.3	1	0	0.7	unphased	0.403117309269893	1.34372436423298	0.3
14	65560455	65560456	85	25	2.2	3	2	0.3	1	0	0.7	unphased	0.903087478559177	0.903087478559177	1
14	67940319	67940320	7	4	2.2	3	2	0.3	1	0	0.7	unphased	1.44493996569468	1.44493996569468	1
14	68193817	68193818	50	17	2.2	3	2	0.3	1	0	0.7	unphased	1.00822303576457	1.00822303576457	1
14	70477557	70477558	102	47	2.2	3	2	0.3	1	0	0.7	unphased	1.25341268836267	0.964163606432823	1.3
14	70480188	70480189	156	24	2.2	3	2	0.3	1	0	0.7	unphased	0.529811320754717	0.529811320754717	1
14	72176378	72176379	35	13	2.2	3	2	0.3	1	0	0.7	unphased	1.07617924528302	1.07617924528302	1
14	72943467	72943468	59	27	2.2	3	2	0.3	1	0	0.7	unphased	1.24752084247477	1.24752084247477	1
14	73572595	73572596	14	3	2.2	3	2	0.3	1	0	0.7	unphased	0.701220865704772	0.701220865704772	1
14	73578957	73578958	86	6	2.2	3	2	0.3	1	0	0.7	unphased	0.259146841673503	0.863822805578343	0.3
14	75602489	75602490	70	17	2.2	3	2	0.3	1	0	0.7	unphased	0.776447625243982	0.776447625243982	1
14	80963829	80963830	19	8	2.2	3	2	0.3	1	0	0.7	unphased	1.17735849056604	1.17735849056604	1
14	81862426	81862427	40	26	2.2	3	2	0.3	1	0	0.7	unphased	1.56535162950257	0.978344768439108	1.6
14	90528646	90528647	10	5	6	3	3	1	NA	NA	NA	unphased	2.59119496855346	0.863731656184486	3
14	92621557	92621558	79	55	6	3	3	1	NA	NA	NA	unphased	3.19065052098001	1.06355017366	3
14	92958089	92958090	106	44	6	3	3	1	NA	NA	NA	unphased	2.28025157232704	1.14012578616352	2
14	94780495	94780496	89	77	6	3	3	1	NA	NA	NA	unphased	3.60581950443283	1.20193983481094	3
14	94848955	94848956	98	46	6	3	3	1	NA	NA	NA	unphased	2.4832285115304	0.827742837176799	3
14	94935587	94935588	109	75	6	3	3	1	NA	NA	NA	unphased	3.16858080393765	1.05619360131255	3
14	96157120	96157121	180	45	6	3	3	1	NA	NA	NA	unphased	1.55471698113208	0.777358490566038	2
14	102323076	102323077	152	97	3.04	3	3	0.26	1	1	0.74	unphased	1.87517162991589	0.829721960139774	2.26
14	102481463	102481464	178	23	3.04	3	3	0.26	1	1	0.74	unphased	0.550808223035765	0.550808223035765	1
14	103568722	103568723	14	11	3.04	3	3	0.26	1	1	0.74	unphased	2.11797735849057	0.937158123225914	2.26
14	104624221	104624222	26	15	3.04	3	3	0.26	1	1	0.74	unphased	1.76106764841233	1.15859713711338	1.52
14	105410337	105410338	524	80	3.04	3	3	0.26	1	1	0.74	unphased	0.637560914657004	0.637560914657004	1
14	105411102	105411103	261	20	3.04	3	3	0.26	1	1	0.74	unphased	0.342603907876183	1.31770733798532	0.26
14	105518003	105518004	72	29	3.04	3	3	0.26	1	1	0.74	unphased	1.38211843825892	0.909288446222974	1.52
14	105941186	105941187	21	6	3.04	3	3	0.26	1	1	0.74	unphased	1.0696855345912	1.0696855345912	1
14	106829720	106829721	174	22	NA	NA	NA	NA	NA	NA	NA	unphased	NA	NA	1
14	106829853	106829854	35	33	NA	NA	NA	NA	NA	NA	NA	unphased	NA	NA	1
14	106877748	106877749	120	57	NA	NA	NA	NA	NA	NA	NA	unphased	NA	NA	1
14	107078790	107078791	122	47	NA	NA	NA	NA	NA	NA	NA	unphased	NA	NA	1
14	107199083	107199084	92	54	NA	NA	NA	NA	NA	NA	NA	unphased	NA	NA	1
15	22472966	22472967	466	19	NA	NA	NA	NA	NA	NA	NA	unphased	NA	NA	1
15	22933656	22933657	27	28	NA	NA	NA	NA	NA	NA	NA	unphased	NA	NA	1
15	23445345	23445346	8	7	NA	NA	NA	NA	NA	NA	NA	unphased	NA	NA	1
15	23932359	23932360	26	19	3	3	0	1	NA	NA	NA	unphased	2.01551362683438	1.00775681341719	2
15	24923442	24923443	58	65	2	2	0	1	NA	NA	NA	unphased	1.99417088510508	0.997085442552539	2
15	25324281	25324282	28	40	2	2	0	1	NA	NA	NA	unphased	2.21975582685905	1.10987791342952	2
15	25438348	25438349	13	4	2	2	0	1	NA	NA	NA	unphased	0.887902330743618	0.887902330743618	1
15	25468327	25468328	24	11	2	2	0	1	NA	NA	NA	unphased	1.18598382749326	1.18598382749326	1
15	25940068	25940069	32	10	2	2	0	1	NA	NA	NA	unphased	0.898472596585804	0.898472596585804	1
15	27126035	27126036	22	7	2	2	0	1	NA	NA	NA	unphased	0.910865322055953	0.910865322055953	1
15	28000528	28000529	26	11	2	2	0	1	NA	NA	NA	unphased	1.12187659357471	1.12187659357471	1
15	28096593	28096594	24	9	2	2	0	1	NA	NA	NA	unphased	1.02915951972556	1.02915951972556	1
15	28513631	28513632	34	27	2	2	0	1	NA	NA	NA	unphased	1.67027528611197	0.835137643055985	2
15	31294124	31294125	45	15	2	2	0	1	NA	NA	NA	unphased	0.943396226415094	0.943396226415094	1
15	34640598	34640599	11	4	2	2	0	1	NA	NA	NA	unphased	1.0062893081761	1.0062893081761	1
15	34649758	34649759	99	31	2	2	0	1	NA	NA	NA	unphased	0.899854862119013	0.899854862119013	1
15	35044797	35044798	34	49	2	2	0	1	NA	NA	NA	unphased	2.22777904069107	1.11388952034553	2
15	41819195	41819196	38	66	4	4	0	1	NA	NA	NA	unphased	3.66400580551524	0.91600145137881	4
15	43622381	43622382	26	7	4	4	0	1	NA	NA	NA	unphased	1.22469982847341	1.22469982847341	1
15	43813879	43813880	33	18	4	4	0	1	NA	NA	NA	unphased	2.0377358490566	1.0188679245283	2
15	44116689	44116690	92	21	4	4	0	1	NA	NA	NA	unphased	1.07296710636166	1.07296710636166	1
15	48053393	48053394	45	9	4	4	0	1	NA	NA	NA	unphased	0.962264150943396	0.962264150943396	1
15	51856387	51856388	28	15	4	4	0	1	NA	NA	NA	unphased	2.0140412461606	1.0070206230803	2
15	52442100	52442101	35	13	4	4	0	1	NA	NA	NA	unphased	1.56367924528302	1.56367924528302	1
15	52689526	52689527	65	20	4	4	0	1	NA	NA	NA	unphased	1.35849056603774	1.35849056603774	1
15	60803460	60803461	43	24	4	4	0	1	NA	NA	NA	unphased	2.06814981695297	1.03407490847649	2
15	68124993	68124994	33	50	4	4	0	1	NA	NA	NA	unphased	3.47806319618095	0.869515799045238	4
15	69222930	69222931	29	60	4	4	0	1	NA	NA	NA	unphased	3.89230443078228	0.973076107695569	4
15	72227691	72227692	70	30	4	4	0	1	NA	NA	NA	unphased	1.73207547169811	0.866037735849057	2
15	72511301	72511302	31	25	4	4	0	1	NA	NA	NA	unphased	2.57749326145553	0.859164420485175	3
15	72958128	72958129	84	12	4	4	0	1	NA	NA	NA	unphased	0.721698113207547	0.721698113207547	1
15	74363309	74363310	30	15	4	4	0	1	NA	NA	NA	unphased	1.92452830188679	0.962264150943396	2
15	75131079	75131080	3	11	4	4	0	1	NA	NA	NA	unphased	4.53638814016172	1.13409703504043	4
15	75968662	75968663	11	3	4	4	0	1	NA	NA	NA	unphased	1.23719676549865	1.23719676549865	1
15	75979992	75979993	77	21	4	4	0	1	NA	NA	NA	unphased	1.23719676549865	1.23719676549865	1
15	78474870	78474871	34	19	4	4	0	1	NA	NA	NA	unphased	2.06977572089712	1.03488786044856	2
15	78635918	78635919	51	17	4	4	0	1	NA	NA	NA	unphased	1.44339622641509	1.44339622641509	1
15	79749798	79749799	56	16	4	4	0	1	NA	NA	NA	unphased	1.28301886792453	1.28301886792453	1
15	80806715	80806716	105	46	4	4	0	1	NA	NA	NA	unphased	1.75884043483694	0.879420217418468	2
15	81517911	81517912	47	32	4	4	0	1	NA	NA	NA	unphased	2.33866730355863	1.16933365177932	2
15	85345452	85345453	26	22	4	4	0	1	NA	NA	NA	unphased	2.64622641509434	0.882075471698113	3
15	89403615	89403616	29	25	4	4	0	1	NA	NA	NA	unphased	2.67295597484277	0.890985324947589	3
15	89415264	89415265	111	12	4	4	0	1	NA	NA	NA	unphased	0.563276576161988	0.563276576161988	1
15	101552289	101552290	68	24	4	4	0	1	NA	NA	NA	unphased	1.50615258408532	0.753076292042658	2
15	101717883	101717884	71	51	4	4	0	1	NA	NA	NA	unphased	2.4135477884318	0.804515929477266	3
16	142602	142603	28	4	NA	NA	NA	NA	NA	NA	NA	unphased	NA	NA	1
16	354412	354413	25	28	NA	NA	NA	NA	NA	NA	NA	unphased	NA	NA	1
16	1997013	1997014	67	34	2.46	2	2	0.23	1	1	0.77	unphased	1.42516719596488	1.15867251704462	1.23
16	2285347	2285348	42	14	2.46	2	2	0.23	1	1	0.77	unphased	1.05839622641509	1.05839622641509	1
16	7382930	7382931	33	14	2.46	2	2	0.23	1	1	0.77	unphased	1.26106784423926	1.26106784423926	1
16	7760701	7760702	87	45	2.46	2	2	0.23	1	1	0.77	unphased	1.44326758147513	1.17338827762206	1.23
16	11038616	11038617	24	4	2.46	2	2	0.23	1	1	0.77	unphased	0.604797843665768	0.604797843665768	1
16	17353049	17353050	267	31	2.46	2	2	0.23	1	1	0.77	unphased	0.440406483474737	0.440406483474737	1
16	18896877	18896878	100	20	2.46	2	2	0.23	1	1	0.77	unphased	0.70559748427673	0.70559748427673	1
16	20352474	20352475	74	21	2.46	2	2	0.23	1	1	0.77	unphased	0.935845084409136	0.935845084409136	1
16	20359586	20359587	266	30	2.46	2	2	0.23	1	1	0.77	unphased	0.429079551249363	0.429079551249363	1
16	20548506	20548507	48	14	2.46	2	2	0.23	1	1	0.77	unphased	0.955970785149117	0.955970785149117	1
16	21181906	21181907	69	75	2.46	2	2	0.23	1	1	0.77	unphased	2.20499213836478	1.79267653525592	1.23
16	21698820	21698821	91	38	2.46	2	2	0.23	1	1	0.77	unphased	1.24710253034957	1.24710253034957	1
16	22926914	22926915	24	17	2.46	2	2	0.23	1	1	0.77	unphased	1.7553888633226	1.42714541733544	1.23
16	24881294	24881295	55	29	2.46	2	2	0.23	1	1	0.77	unphased	1.46159478885894	1.18828844622678	1.23
16	28911983	28911984	76	38	2.46	2	2	0.23	1	1	0.77	unphased	1.41119496855346	1.14731298256379	1.23
16	29826080	29826081	16	7	2.46	2	2	0.23	1	1	0.77	unphased	1.28848236259229	1.28848236259229	1
16	29998180	29998181	18	10	2.46	2	2	0.23	1	1	0.77	unphased	1.51199460916442	1.51199460916442	1
16	30365352	30365353	119	58	2.46	2	2	0.23	1	1	0.77	unphased	1.38727640976442	1.12786699980847	1.23
16	31367246	31367247	164	79	2.46	2	2	0.23	1	1	0.77	unphased	1.37635064834226	1.11898426694493	1.23
16	32893882	32893883	145	36	NA	NA	NA	NA	NA	NA	NA	unphased	NA	NA	1
16	48234195	48234196	35	31	2	2	0	1	NA	NA	NA	unphased	1.7724413950829	0.886220697541452	2
16	50744678	50744679	11	12	2	2	0	1	NA	NA	NA	unphased	1.96882690730107	0.984413453650533	2
16	51171019	51171020	21	23	2	2	0	1	NA	NA	NA	unphased	1.97255574614065	0.986277873070326	2
16	51173791	51173792	30	34	2	2	0	1	NA	NA	NA	unphased	2.00471698113208	1.00235849056604	2
16	55909089	55909090	46	40	2	2	0	1	NA	NA	NA	unphased	1.75515577007459	0.877577885037297	2
16	57062296	57062297	21	25	2	2	0	1	NA	NA	NA	unphased	2.05086136177194	1.02543068088597	2
16	58071438	58071439	36	56	2	2	0	1	NA	NA	NA	unphased	2.29696472518458	1.14848236259229	2
16	66943245	66943246	11	19	2	2	0	1	NA	NA	NA	unphased	2.38993710691824	1.19496855345912	2
16	67214272	67214273	6	11	2	2	0	1	NA	NA	NA	unphased	2.44173140954495	1.22086570477248	2
16	71319741	71319742	36	5	3	3	0	1	NA	NA	NA	unphased	0.58214450069029	0.58214450069029	1
16	74387775	74387776	29	4	3	3	0	1	NA	NA	NA	unphased	0.578616352201258	0.578616352201258	1
16	76592506	76592507	21	3	3	3	0	1	NA	NA	NA	unphased	0.596698113207547	0.596698113207547	1
16	77859151	77859152	36	23	3	3	0	1	NA	NA	NA	unphased	1.86088903102015	0.930444515510074	2
16	81228565	81228566	26	44	3	3	0	1	NA	NA	NA	unphased	3.00053908355795	1.00017969451932	3
16	81965210	81965211	40	28	3	3	0	1	NA	NA	NA	unphased	1.96559378468368	0.982796892341842	2
16	85952131	85952132	22	7	3	3	0	1	NA	NA	NA	unphased	1.15224463240078	1.15224463240078	1
16	86612744	86612745	10	13	3	3	0	1	NA	NA	NA	unphased	2.69811320754717	0.89937106918239	3
16	88876514	88876515	71	83	3	3	0	1	NA	NA	NA	unphased	2.57277628032345	0.85759209344115	3
16	89785557	89785558	40	11	NA	NA	NA	NA	NA	NA	NA	unphased	NA	NA	1
17	3195678	3195679	37	18	4	4	0	1	NA	NA	NA	unphased	1.88953687821612	0.944768439108062	2
17	3336695	3336696	20	37	4	4	0	1	NA	NA	NA	unphased	3.74776564051639	0.936941410129096	4
17	3627255	3627256	28	4	4	4	0	1	NA	NA	NA	unphased	0.721698113207547	0.721698113207547	1
17	3856722	3856723	49	15	4	4	0	1	NA	NA	NA	unphased	1.35318396226415	1.35318396226415	1
17	4883438	4883439	48	7	4	4	0	1	NA	NA	NA	unphased	0.734819897084048	0.734819897084048	1
17	5071267	5071268	52	13	4	4	0	1	NA	NA	NA	unphased	1.15471698113208	1.15471698113208	1
17	6683345	6683346	23	30	4	4	0	1	NA	NA	NA	unphased	3.26806692773229	1.08935564257743	3
17	7329791	7329792	78	17	4	4	0	1	NA	NA	NA	unphased	1.03316782522344	1.03316782522344	1
17	7689992	7689993	57	28	4	4	0	1	NA	NA	NA	unphased	1.90188679245283	0.950943396226415	2
17	7802664	7802665	56	122	4	4	0	1	NA	NA	NA	unphased	3.95717617129531	0.989294042823829	4
17	7983632	7983633	51	98	4	4	0	1	NA	NA	NA	unphased	3.79739141446119	0.949347853615297	4
17	8784066	8784067	25	13	4	4	0	1	NA	NA	NA	unphased	1.97517378351539	0.987586891757696	2
17	10418196	10418197	95	54	4	4	0	1	NA	NA	NA	unphased	2.09244016715208	1.04622008357604	2
17	11659960	11659961	159	46	4	4	0	1	NA	NA	NA	unphased	1.29553612517257	1.29553612517257	1
17	12921147	12921148	8	4	4	4	0	1	NA	NA	NA	unphased	1.92452830188679	1.92452830188679	1
17	18022481	18022482	17	6	4	4	0	1	NA	NA	NA	unphased	1.50615258408532	1.50615258408532	1
17	18967246	18967247	100	63	4	4	0	1	NA	NA	NA	unphased	2.23150827642088	1.11575413821044	2
17	19460949	19460950	89	21	4	4	0	1	NA	NA	NA	unphased	1.10222984562607	1.10222984562607	1
17	20407333	20407334	182	24	4	4	0	1	NA	NA	NA	unphased	0.672650668620627	0.672650668620627	1
17	21217476	21217477	478	206	4	4	0	1	NA	NA	NA	unphased	1.73882820258193	0.869414101290963	2
17	21319630	21319631	230	10	4	4	0	1	NA	NA	NA	unphased	0.240566037735849	0.240566037735849	1
17	25909764	25909765	30	42	4	4	0	1	NA	NA	NA	unphased	3.36792452830189	1.12264150943396	3
17	27251141	27251142	34	10	4	4	0	1	NA	NA	NA	unphased	1.31217838765009	1.31217838765009	1
17	29556373	29556374	96	33	4	4	0	1	NA	NA	NA	unphased	1.47696358051777	0.738481790258885	2
17	33278997	33278998	37	5	4	4	0	1	NA	NA	NA	unphased	0.68733153638814	0.68733153638814	1
17	33281455	33281456	23	13	4	4	0	1	NA	NA	NA	unphased	2.08490566037736	1.04245283018868	2
17	34136509	34136510	13	6	4	4	0	1	NA	NA	NA	unphased	1.82323733862959	1.82323733862959	1
17	36868119	36868120	10	3	4	4	0	1	NA	NA	NA	unphased	1.33236574746009	1.33236574746009	1
17	36868120	36868121	10	3	4	4	0	1	NA	NA	NA	unphased	1.33236574746009	1.33236574746009	1
17	37824838	37824839	11	7	4	4	0	1	NA	NA	NA	unphased	2.24528301886792	1.12264150943396	2
17	39394522	39394523	67	25	4	4	0	1	NA	NA	NA	unphased	1.56890894175554	0.784454470877769	2
17	39680182	39680183	42	18	4	4	0	1	NA	NA	NA	unphased	1.73207547169811	0.866037735849057	2
17	40011241	40011242	20	13	4	4	0	1	NA	NA	NA	unphased	2.27444253859348	1.13722126929674	2
17	41003386	41003387	162	95	4	4	0	1	NA	NA	NA	unphased	2.13420453711181	1.06710226855591	2
17	42336691	42336692	9	10	4	4	0	1	NA	NA	NA	unphased	3.03872889771599	1.012909632572	3
17	43923726	43923727	68	34	4	4	0	1	NA	NA	NA	unphased	1.92452830188679	0.962264150943396	2
17	48275137	48275138	87	43	4	4	0	1	NA	NA	NA	unphased	1.90972423802612	0.954862119013062	2
17	48913291	48913292	6	2	4	4	0	1	NA	NA	NA	unphased	1.44339622641509	1.44339622641509	1
17	53345302	53345303	59	145	4	4	0	1	NA	NA	NA	unphased	4.10377358490566	1.02594339622642	4
17	60464707	60464708	76	11	4	4	0	1	NA	NA	NA	unphased	0.729993493819128	0.729993493819128	1
17	60743849	60743850	48	23	4	4	0	1	NA	NA	NA	unphased	1.87031623704491	0.935158118522455	2
17	63200342	63200343	64	32	4	4	0	1	NA	NA	NA	unphased	1.92452830188679	0.962264150943396	2
17	64881119	64881120	23	58	4	4	0	1	NA	NA	NA	unphased	4.13417190775681	1.0335429769392	4
17	66985242	66985243	88	15	4	4	0	1	NA	NA	NA	unphased	0.840813335775783	0.840813335775783	1
17	67152029	67152030	44	74	4	4	0	1	NA	NA	NA	unphased	3.62072273744803	0.905180684362008	4
17	72368039	72368040	29	16	4	4	0	1	NA	NA	NA	unphased	2.05283018867925	1.02641509433962	2
17	73279628	73279629	30	17	4	4	0	1	NA	NA	NA	unphased	2.08831794460056	1.04415897230028	2
17	75484932	75484933	42	25	4	4	0	1	NA	NA	NA	unphased	2.15432272599268	1.07716136299634	2
17	77082260	77082261	14	45	4	4	0	1	NA	NA	NA	unphased	4.40358170770707	1.10089542692677	4
18	335054	335055	37	7	3	2	1	1	NA	NA	NA	unphased	0.759433962264151	0.759433962264151	1
18	335056	335057	37	7	3	2	1	1	NA	NA	NA	unphased	0.759433962264151	0.759433962264151	1
18	5291962	5291963	28	7	2	1	1	1	NA	NA	NA	unphased	0.754716981132076	0.754716981132076	1
18	6950864	6950865	24	29	3.4	3	1	0.8	1	0	0.2	unphased	2.83082947668209	1.01101052738646	2.8
18	8825005	8825006	83	9	5	4	1	1	NA	NA	NA	unphased	0.662633305988515	0.662633305988515	1
18	10526061	10526062	14	10	5	4	1	1	NA	NA	NA	unphased	2.82232704402516	0.940775681341719	3
18	10680287	10680288	50	35	5	4	1	1	NA	NA	NA	unphased	2.78912319644839	0.929707732149464	3
18	12982535	12982536	42	32	5	4	1	1	NA	NA	NA	unphased	2.92911779704233	0.976372599014109	3
18	13645451	13645452	95	16	1.84	3	1	0.28	1	0	0.72	unphased	0.520877103518613	0.520877103518613	1
18	14479236	14479237	8	6	1.84	3	1	0.28	1	0	0.72	unphased	1.54867924528302	1.54867924528302	1
18	14533097	14533098	172	73	1.84	3	1	0.28	1	0	0.72	unphased	1.07670080862534	1.07670080862534	1
18	19239229	19239230	168	12	9	7	2	1	NA	NA	NA	unphased	0.718238993710692	0.718238993710692	1
18	31326582	31326583	39	17	1.21	2	2	0.07	0	1	0.93	unphased	0.905731132075472	0.905731132075472	1
18	31803260	31803261	27	8	1.21	2	2	0.07	0	1	0.93	unphased	0.681962264150943	0.681962264150943	1
18	32374066	32374067	27	17	1.21	2	2	0.07	0	1	0.93	unphased	1.1527487135506	1.1527487135506	1
18	42531104	42531105	18	25	1.03	2	0	0.03	0	1	0.97	unphased	1.62999122422115	1.58251575167102	1.03
18	42532770	42532771	15	16	1.03	2	0	0.03	0	1	0.97	unphased	1.44701156421181	1.40486559632214	1.03
18	46383976	46383977	171	46	7	5	2	1	NA	NA	NA	unphased	1.85983827493261	0.929919137466307	2
18	52544850	52544851	15	14	2	2	0	1	NA	NA	NA	unphased	1.82173064411191	0.910865322055953	2
18	56807240	56807241	10	3	2	2	0	1	NA	NA	NA	unphased	0.870827285921626	0.870827285921626	1
18	61323256	61323257	18	15	2	2	0	1	NA	NA	NA	unphased	1.71526586620926	0.857632933104631	2
18	61323257	61323258	18	15	2	2	0	1	NA	NA	NA	unphased	1.71526586620926	0.857632933104631	2
18	63481753	63481754	87	18	1.2	2	1	0.1	0	1	0.9	unphased	0.509757412398922	0.509757412398922	1
18	63547938	63547939	49	17	1.2	2	1	0.1	0	1	0.9	unphased	0.765923384791309	0.765923384791309	1
18	67563019	67563020	69	20	1.2	2	1	0.1	0	1	0.9	unphased	0.668221327114692	0.668221327114692	1
18	67697285	67697286	89	22	1.2	2	1	0.1	0	1	0.9	unphased	0.589359170491246	0.589359170491246	1
19	619606	619607	46	26	5	5	0	1	NA	NA	NA	unphased	2.44601677148847	0.81533892382949	3
19	814477	814478	36	9	5	5	0	1	NA	NA	NA	unphased	1.35471698113208	1.35471698113208	1
19	1041906	1041907	8	6	5	5	0	1	NA	NA	NA	unphased	2.90296495956873	0.967654986522911	3
19	1056421	1056422	22	60	5	5	0	1	NA	NA	NA	unphased	4.95628163828808	0.991256327657616	5
19	1478826	1478827	8	19	5	5	0	1	NA	NA	NA	unphased	4.76659678546471	0.953319357092942	5
19	1487139	1487140	26	13	5	5	0	1	NA	NA	NA	unphased	2.25786163522013	1.12893081761006	2
19	2252605	2252606	86	34	5	5	0	1	NA	NA	NA	unphased	1.91918238993711	0.959591194968553	2
19	2878098	2878099	27	9	5	5	0	1	NA	NA	NA	unphased	1.69339622641509	1.69339622641509	1
19	3278098	3278099	37	18	5	5	0	1	NA	NA	NA	unphased	2.21680960548885	1.10840480274443	2
19	3752854	3752855	15	48	5	5	0	1	NA	NA	NA	unphased	5.16082659478886	1.03216531895777	5
19	4307949	4307950	16	34	5	5	0	1	NA	NA	NA	unphased	4.60603773584906	0.921207547169811	5
19	4702634	4702635	26	7	5	5	0	1	NA	NA	NA	unphased	1.43682104059463	1.43682104059463	1
19	5273531	5273532	90	21	5	5	0	1	NA	NA	NA	unphased	1.28148903620602	1.28148903620602	1
19	5455635	5455636	19	36	5	5	0	1	NA	NA	NA	unphased	4.4336192109777	1.10840480274443	4
19	5831887	5831888	111	55	5	5	0	1	NA	NA	NA	unphased	2.24426005910434	1.12213002955217	2
19	5914578	5914579	62	7	5	5	0	1	NA	NA	NA	unphased	0.687175280284386	0.687175280284386	1
19	6374929	6374930	30	59	5	5	0	1	NA	NA	NA	unphased	4.49035403858385	0.898070807716769	5
19	6432092	6432093	61	29	5	5	0	1	NA	NA	NA	unphased	2.18259958071279	1.09129979035639	2
19	6664909	6664910	153	73	5	5	0	1	NA	NA	NA	unphased	2.18792786775756	1.09396393387878	2
19	8601170	8601171	41	74	5	5	0	1	NA	NA	NA	unphased	4.35865463494668	1.08966365873667	4
19	8660751	8660752	66	168	5	5	0	1	NA	NA	NA	unphased	4.86308659893566	0.972617319787131	5
19	8807791	8807792	88	67	5	5	0	1	NA	NA	NA	unphased	2.92793670115642	0.975978900385474	3
19	8971715	8971716	22	38	5	5	0	1	NA	NA	NA	unphased	4.28993710691824	1.07248427672956	4
19	9000510	9000511	91	31	5	5	0	1	NA	NA	NA	unphased	1.72115682029075	0.860578410145376	2
19	9026255	9026256	197	94	5	5	0	1	NA	NA	NA	unphased	2.18803086299682	1.09401543149841	2
19	9028326	9028327	91	78	5	5	0	1	NA	NA	NA	unphased	3.12626995645864	1.04208998548621	3
19	9061254	9061255	30	20	5	5	0	1	NA	NA	NA	unphased	2.70943396226415	0.90314465408805	3
19	9084153	9084154	12	56	5	5	0	1	NA	NA	NA	unphased	5.57824639289678	1.11564927857936	5
19	9806882	9806883	5	11	5	5	0	1	NA	NA	NA	unphased	4.65683962264151	0.931367924528302	5
19	10097251	10097252	126	46	5	5	0	1	NA	NA	NA	unphased	1.81154014918824	0.90577007459412	2
19	10157448	10157449	59	22	5	5	0	1	NA	NA	NA	unphased	1.83973911017936	0.919869555089681	2
19	10426616	10426617	16	36	5	5	0	1	NA	NA	NA	unphased	4.68940493468795	0.937880986937591	5
19	10625397	10625398	9	8	5	5	0	1	NA	NA	NA	unphased	3.18756936736959	1.06252312245653	3
19	11944663	11944664	17	16	5	5	0	1	NA	NA	NA	unphased	3.284162378502	1.094720792834	3
19	12958700	12958701	6	12	5	5	0	1	NA	NA	NA	unphased	4.51572327044025	0.90314465408805	5
19	13007232	13007233	21	4	5	5	0	1	NA	NA	NA	unphased	1.08377358490566	1.08377358490566	1
19	13007233	13007234	20	4	5	5	0	1	NA	NA	NA	unphased	1.12893081761006	1.12893081761006	1
19	13264468	13264469	14	10	5	5	0	1	NA	NA	NA	unphased	2.82232704402516	0.940775681341719	3
19	13409942	13409943	2	16	5	5	0	1	NA	NA	NA	unphased	6.020964360587	1.2041928721174	5
19	15198147	15198148	21	51	3	3	0	1	NA	NA	NA	unphased	3.3812893081761	1.1270964360587	3
19	15484655	15484656	38	21	3	3	0	1	NA	NA	NA	unphased	1.69907259354013	0.849536296770067	2
19	15636269	15636270	20	50	3	3	0	1	NA	NA	NA	unphased	3.40970350404313	1.13656783468104	3
19	17487895	17487896	19	13	3	3	0	1	NA	NA	NA	unphased	1.93926886792453	0.969634433962264	2
19	17947977	17947978	8	21	3	3	0	1	NA	NA	NA	unphased	3.45673389720234	1.15224463240078	3
19	18709362	18709363	93	85	3	3	0	1	NA	NA	NA	unphased	2.27952088191647	1.13976044095824	2
19	19349179	19349180	29	75	3	3	0	1	NA	NA	NA	unphased	3.44248911465893	1.14749637155298	3
19	19616191	19616192	136	20	3	3	0	1	NA	NA	NA	unphased	0.611998064828253	0.611998064828253	1
19	19766433	19766434	25	9	3	3	0	1	NA	NA	NA	unphased	1.26359600443951	1.26359600443951	1
19	22154548	22154549	73	12	3	3	0	1	NA	NA	NA	unphased	0.673917869034406	0.673917869034406	1
19	22154549	22154550	73	12	3	3	0	1	NA	NA	NA	unphased	0.673917869034406	0.673917869034406	1
19	22157414	22157415	35	37	3	3	0	1	NA	NA	NA	unphased	2.45309224318658	0.817697414395528	3
19	22363185	22363186	87	16	3	3	0	1	NA	NA	NA	unphased	0.741527752335593	0.741527752335593	1
19	22363673	22363674	91	7	3	3	0	1	NA	NA	NA	unphased	0.340970350404313	0.340970350404313	1
19	22786106	22786107	4	7	3	3	0	1	NA	NA	NA	unphased	3.0377358490566	1.0125786163522	3
19	30934775	30934776	19	15	7	7	0	1	NA	NA	NA	unphased	3.87069922308546	0.967674805771365	4
19	31038957	31038958	26	125	7	7	0	1	NA	NA	NA	unphased	7.26290141197051	1.03755734456722	7
19	31039828	31039829	26	70	7	7	0	1	NA	NA	NA	unphased	6.39740566037736	1.06623427672956	6
19	33450885	33450886	23	110	7	7	0	1	NA	NA	NA	unphased	7.25634841821535	1.03662120260219	7
19	33464457	33464458	130	70	7	7	0	1	NA	NA	NA	unphased	3.07075471698113	1.02358490566038	3
19	34857297	34857298	469	33	7	7	0	1	NA	NA	NA	unphased	0.576749605352176	0.576749605352176	1
19	35831820	35831821	52	5	3.1	4	0	0.7	1	0	0.3	unphased	0.427507447864945	0.61072492552135	0.7
19	35850245	35850246	37	12	3.1	4	0	0.7	1	0	0.3	unphased	1.19353099730458	1.19353099730458	1
19	36212583	36212584	15	10	7	7	0	1	NA	NA	NA	unphased	3.50943396226415	0.877358490566038	4
19	36271525	36271526	291	72	7	7	0	1	NA	NA	NA	unphased	1.74021518789958	0.87010759394979	2
19	36884542	36884543	60	76	4	4	0	1	NA	NA	NA	unphased	3.22641509433962	1.07547169811321	3
19	36940214	36940215	33	45	4	4	0	1	NA	NA	NA	unphased	3.33091436865022	1.11030478955007	3
19	36940580	36940581	56	11	4	4	0	1	NA	NA	NA	unphased	0.947901999436778	0.947901999436778	1
19	37147374	37147375	20	27	4	4	0	1	NA	NA	NA	unphased	3.31674026495383	1.10558008831794	3
19	37147375	37147376	21	27	4	4	0	1	NA	NA	NA	unphased	3.24764150943396	1.08254716981132	3
19	39228213	39228214	30	4	4	4	0	1	NA	NA	NA	unphased	0.679245283018868	0.679245283018868	1
19	39805738	39805739	18	15	4	4	0	1	NA	NA	NA	unphased	2.62435677530017	0.874785591766724	3
19	39898868	39898869	80	84	4	4	0	1	NA	NA	NA	unphased	2.95720202485044	0.985734008283479	3
19	39998105	39998106	7	3	4	4	0	1	NA	NA	NA	unphased	1.73207547169811	1.73207547169811	1
19	40009408	40009409	63	13	4	4	0	1	NA	NA	NA	unphased	0.987586891757696	0.987586891757696	1
19	40009594	40009595	196	33	4	4	0	1	NA	NA	NA	unphased	0.832001318282936	0.832001318282936	1
19	40149182	40149183	7	17	4	4	0	1	NA	NA	NA	unphased	4.08962264150943	1.02240566037736	4
19	40433140	40433141	31	54	4	4	0	1	NA	NA	NA	unphased	3.66792452830189	0.916981132075472	4
19	40877730	40877731	109	11	4	4	0	1	NA	NA	NA	unphased	0.529245283018868	0.529245283018868	1
19	44833055	44833056	53	11	4	4	0	1	NA	NA	NA	unphased	0.992334905660377	0.992334905660377	1
19	44892184	44892185	119	15	4	4	0	1	NA	NA	NA	unphased	0.646296817797803	0.646296817797803	1
19	44981681	44981682	75	79	7	7	0	1	NA	NA	NA	unphased	4.50073511394266	0.900147022788532	5
19	45781215	45781216	70	127	7	7	0	1	NA	NA	NA	unphased	5.65606742649172	0.942677904415286	6
19	46825056	46825057	169	27	4	4	0	1	NA	NA	NA	unphased	0.795340777820562	0.795340777820562	1
19	50059811	50059812	59	9	4	4	0	1	NA	NA	NA	unphased	0.764150943396226	0.764150943396226	1
19	50779293	50779294	5	29	4	4	0	1	NA	NA	NA	unphased	4.92452830188679	1.2311320754717	4
19	51165553	51165554	10	14	4	4	0	1	NA	NA	NA	unphased	3.36792452830189	1.12264150943396	3
19	51170165	51170166	6	5	4	4	0	1	NA	NA	NA	unphased	2.62435677530017	0.874785591766724	3
19	51462384	51462385	38	43	4	4	0	1	NA	NA	NA	unphased	3.06498951781971	1.02166317260657	3
19	51645884	51645885	68	55	4	4	0	1	NA	NA	NA	unphased	2.58168430740911	0.860561435803037	3
19	51955637	51955638	21	38	4	4	0	1	NA	NA	NA	unphased	3.71858010873041	0.929645027182603	4
19	52448660	52448661	19	32	4	4	0	1	NA	NA	NA	unphased	3.62264150943396	0.90566037735849	4
19	53209777	53209778	57	46	4	4	0	1	NA	NA	NA	unphased	2.5784942297124	0.859498076570801	3
19	53454765	53454766	82	13	4	4	0	1	NA	NA	NA	unphased	0.790069513406157	0.790069513406157	1
19	53473686	53473687	5	8	4	4	0	1	NA	NA	NA	unphased	3.55297532656023	0.888243831640058	4
19	53740618	53740619	21	18	4	4	0	1	NA	NA	NA	unphased	2.66473149492017	0.888243831640058	3
19	54234278	54234279	47	85	NA	NA	NA	NA	NA	NA	NA	unphased	NA	NA	1
19	54783381	54783382	45	190	7	7	0	1	NA	NA	NA	unphased	7.09353673223605	1.01336239031944	7
19	54802638	54802639	146	46	7	7	0	1	NA	NA	NA	unphased	2.10200471698113	1.05100235849057	2
19	54867866	54867867	42	73	7	7	0	1	NA	NA	NA	unphased	5.56931911402789	0.928219852337982	6
19	54932497	54932498	114	122	7	7	0	1	NA	NA	NA	unphased	4.53549728173969	0.907099456347937	5
19	55145106	55145107	33	30	7	7	0	1	NA	NA	NA	unphased	4.17789757412399	1.044474393531	4
19	55525919	55525920	85	26	7	7	0	1	NA	NA	NA	unphased	2.05507394186639	1.0275369709332	2
19	55992756	55992757	44	14	7	7	0	1	NA	NA	NA	unphased	2.11776187378009	1.05888093689005	2
19	56320144	56320145	26	129	7	7	0	1	NA	NA	NA	unphased	7.30188679245283	1.04312668463612	7
19	56424027	56424028	41	181	7	7	0	1	NA	NA	NA	unphased	7.15323814380418	1.0218911634006	7
19	56465929	56465930	26	173	7	7	0	1	NA	NA	NA	unphased	7.62728738029772	1.08961248289967	7
19	56703265	56703266	65	73	7	7	0	1	NA	NA	NA	unphased	4.64109926168991	0.928219852337982	5
19	56904847	56904848	5	22	7	7	0	1	NA	NA	NA	unphased	7.14884696016771	1.02126385145253	7
19	58004506	58004507	11	45	7	7	0	1	NA	NA	NA	unphased	7.05020215633423	1.00717173661918	7
19	58117833	58117834	76	69	7	7	0	1	NA	NA	NA	unphased	4.17501626545218	1.04375406636304	4
2	45599	45600	11	6	NA	NA	NA	NA	NA	NA	NA	unphased	NA	NA	1
2	8871202	8871203	62	10	1.42	3	1	0.14	1	0	0.86	unphased	0.443553459119497	0.443553459119497	1
2	11738001	11738002	144	122	1.42	3	1	0.14	1	0	0.86	unphased	1.46472691161867	1.14431789970209	1.28
2	15358895	15358896	70	22	1.42	3	1	0.14	1	0	0.86	unphased	0.763683347005742	0.763683347005742	1
2	26257600	26257601	187	32	4	3	1	1	NA	NA	NA	unphased	0.843628844662703	0.843628844662703	1
2	27688303	27688304	112	15	4	3	1	1	NA	NA	NA	unphased	0.681919477046501	0.681919477046501	1
2	29052091	29052092	25	14	4	3	1	1	NA	NA	NA	unphased	2.07256894049347	1.03628447024673	2
2	31147653	31147654	22	40	4	3	1	1	NA	NA	NA	unphased	3.72489348752282	1.24163116250761	3
2	32339790	32339791	34	19	4	3	1	1	NA	NA	NA	unphased	2.06977572089712	1.03488786044856	2
2	37035699	37035700	67	30	8	5	3	1	NA	NA	NA	unphased	3.02275821824548	1.00758607274849	3
2	37143294	37143295	43	8	8	5	3	1	NA	NA	NA	unphased	1.53311135775065	1.53311135775065	1
2	40656319	40656320	77	37	4	3	1	1	NA	NA	NA	unphased	1.87388282025819	0.936941410129096	2
2	42281214	42281215	71	8	4	3	1	1	NA	NA	NA	unphased	0.584666825889658	0.584666825889658	1
2	50699498	50699499	13	10	4	3	1	1	NA	NA	NA	unphased	2.51025430680886	0.836751435602953	3
2	50724469	50724470	18	8	4	3	1	1	NA	NA	NA	unphased	1.77648766328012	1.77648766328012	1
2	50724470	50724471	19	9	4	3	1	1	NA	NA	NA	unphased	1.85579514824798	0.927897574123989	2
2	58315570	58315571	124	51	8	5	3	1	NA	NA	NA	unphased	2.84830188679245	0.949433962264151	3
2	61719811	61719812	86	27	6.44	6	3	0.68	1	0	0.32	unphased	1.96253798630823	1.16817737280252	1.68
2	64069244	64069245	27	6	6.44	6	3	0.68	1	0	0.32	unphased	1.49337907375643	1.49337907375643	1
2	65541009	65541010	87	58	7	4	3	1	NA	NA	NA	unphased	3.50943396226415	0.877358490566038	4
2	66667698	66667699	32	7	8	5	3	1	NA	NA	NA	unphased	1.75423318819545	1.75423318819545	1
2	70454898	70454899	159	24	8	5	3	1	NA	NA	NA	unphased	1.28178162697185	1.28178162697185	1
2	70915235	70915236	122	17	8	5	3	1	NA	NA	NA	unphased	1.19533052803041	1.19533052803041	1
2	71043261	71043262	28	12	8	5	3	1	NA	NA	NA	unphased	2.93207547169811	0.977358490566038	3
2	71160100	71160101	69	11	8	5	3	1	NA	NA	NA	unphased	1.3438679245283	1.3438679245283	1
2	71615811	71615812	33	10	8	5	3	1	NA	NA	NA	unphased	2.2729267222466	1.1364633611233	2
2	74042686	74042687	84	19	8	5	3	1	NA	NA	NA	unphased	1.80289430298589	0.901447151492947	2
2	74460633	74460634	78	21	8	5	3	1	NA	NA	NA	unphased	2.07318467695826	1.03659233847913	2
2	75115060	75115061	112	135	8	5	3	1	NA	NA	NA	unphased	5.34183790390345	1.06836758078069	5
2	75276837	75276838	54	16	8	5	3	1	NA	NA	NA	unphased	2.23396226415094	1.11698113207547	2
2	79385465	79385466	42	20	4.04	3	2	0.68	1	1	0.32	unphased	1.87534996956786	1.11627974379039	1.68
2	85581605	85581606	132	55	5.86	4	3	0.81	1	0	0.19	unphased	2.24517203107658	0.856935889723886	2.62
2	89100756	89100757	39	8	5.86	4	3	0.81	1	0	0.19	unphased	1.29933360096347	1.29933360096347	1
2	89339747	89339748	263	50	5.86	4	3	0.81	1	0	0.19	unphased	1.21942250889143	1.21942250889143	1
2	89416897	89416898	125	53	5.86	4	3	0.81	1	0	0.19	unphased	2.27292134831461	0.867527232181147	2.62
2	89513147	89513148	88	18	5.86	4	3	0.81	1	0	0.19	unphased	1.29626913492346	1.29626913492346	1
2	90139320	90139321	151	36	5.86	4	3	0.81	1	0	0.19	unphased	1.46956714761376	0.811915551167825	1.81
2	90139326	90139327	165	27	5.86	4	3	0.81	1	0	0.19	unphased	1.07347287735849	1.07347287735849	1
2	90212206	90212207	88	27	5.86	4	3	0.81	1	0	0.19	unphased	1.7922329778507	0.990183965663369	1.81
2	96801131	96801132	54	16	2	3	2	0.25	1	0	0.75	unphased	0.862533692722372	0.862533692722372	1
2	97377717	97377718	95	22	2	3	2	0.25	1	0	0.75	unphased	0.709562973713917	0.709562973713917	1
2	97427780	97427781	100	19	2	3	2	0.25	1	0	0.75	unphased	0.602505153004598	0.602505153004598	1
2	97428026	97428027	254	67	2	3	2	0.25	1	0	0.75	unphased	0.787632986539705	0.787632986539705	1
2	97749914	97749915	50	57	2	3	2	0.25	1	0	0.75	unphased	2.0102274731088	0.893434432492799	2.25
2	97845665	97845666	145	9	2	3	2	0.25	1	0	0.75	unphased	0.220534182798334	0.882136731193335	0.25
2	100919429	100919430	82	24	2	3	2	0.25	1	0	0.75	unphased	0.85439658241367	0.85439658241367	1
2	102493589	102493590	54	17	2	3	2	0.25	1	0	0.75	unphased	0.903534414031358	0.903534414031358	1
2	103095359	103095360	72	22	2	3	2	0.25	1	0	0.75	unphased	0.88317944600562	0.88317944600562	1
2	105858590	105858591	180	55	2	3	2	0.25	1	0	0.75	unphased	0.88317944600562	0.88317944600562	1
2	108499190	108499191	80	37	2	3	2	0.25	1	0	0.75	unphased	1.19335591033704	1.19335591033704	1
2	111691149	111691150	36	15	2	3	2	0.25	1	0	0.75	unphased	1.10987791342952	1.10987791342952	1
2	114257445	114257446	84	91	2	3	2	0.25	1	0	0.75	unphased	1.9622641509434	0.872117400419287	2.25
2	118854142	118854143	34	4	5	3	2	1	NA	NA	NA	unphased	0.713008937437934	0.713008937437934	1
2	121555035	121555036	29	10	5	3	2	1	NA	NA	NA	unphased	1.73681664247702	0.86840832123851	2
2	124783284	124783285	94	14	5	3	2	1	NA	NA	NA	unphased	0.878057302585604	0.878057302585604	1
2	125204373	125204374	79	7	5	3	2	1	NA	NA	NA	unphased	0.551338306274682	0.551338306274682	1
2	127453596	127453597	95	79	5	3	2	1	NA	NA	NA	unphased	3.07536326176534	1.02512108725511	3
2	128399714	128399715	12	3	5	3	2	1	NA	NA	NA	unphased	1.35471698113208	1.35471698113208	1
2	128471187	128471188	175	59	5	3	2	1	NA	NA	NA	unphased	1.70786969843574	0.853934849217868	2
2	128525864	128525865	15	4	5	3	2	1	NA	NA	NA	unphased	1.42601787487587	1.42601787487587	1
2	128699528	128699529	15	11	5	3	2	1	NA	NA	NA	unphased	2.86574746008708	0.955249153362361	3
2	130737897	130737898	107	30	5	3	2	1	NA	NA	NA	unphased	1.48326676766286	0.741633383831428	2
2	130900036	130900037	19	10	5	3	2	1	NA	NA	NA	unphased	2.33571893298634	1.16785946649317	2
2	132010558	132010559	62	9	5	3	2	1	NA	NA	NA	unphased	0.858623438745682	0.858623438745682	1
2	132021874	132021875	127	7	5	3	2	1	NA	NA	NA	unphased	0.353843987609124	0.353843987609124	1
2	132275297	132275298	21	9	5	3	2	1	NA	NA	NA	unphased	2.03207547169811	1.01603773584906	2
2	132290641	132290642	73	10	5	3	2	1	NA	NA	NA	unphased	0.816094566947033	0.816094566947033	1
2	136567174	136567175	30	16	3	3	0	1	NA	NA	NA	unphased	1.66037735849057	0.830188679245283	2
2	141200192	141200193	18	30	3	3	0	1	NA	NA	NA	unphased	2.98349056603774	0.994496855345912	3
2	141245233	141245234	57	9	3	3	0	1	NA	NA	NA	unphased	0.650943396226415	0.650943396226415	1
2	152470888	152470889	117	44	3	3	0	1	NA	NA	NA	unphased	1.30458221024259	1.30458221024259	1
2	152727094	152727095	24	6	3	3	0	1	NA	NA	NA	unphased	0.954716981132076	0.954716981132076	1
2	168104331	168104332	19	13	3	3	0	1	NA	NA	NA	unphased	1.93926886792453	0.969634433962264	2
2	168107596	168107597	34	21	3	3	0	1	NA	NA	NA	unphased	1.82264150943396	0.911320754716981	2
2	170606184	170606185	146	111	6	3	3	1	NA	NA	NA	unphased	3.35746274135526	1.11915424711842	3
2	178080912	178080913	28	26	2.84	6	3	0.23	1	0	0.77	unphased	2.22135569531796	0.996123630187426	2.23
2	179622523	179622524	109	21	3	3	0	1	NA	NA	NA	unphased	0.771117561683599	0.771117561683599	1
2	183850937	183850938	36	20	6	3	3	1	NA	NA	NA	unphased	2.77628032345013	0.925426774483378	3
2	187627529	187627530	48	24	4.76	3	3	0.69	1	1	0.31	unphased	2.17786163522013	0.915067913958036	2.38
2	187692886	187692887	44	29	4.76	3	3	0.69	1	1	0.31	unphased	2.5955337296459	0.964882427377659	2.69
2	189870085	189870086	91	38	5	3	3	0.8	0	1	0.2	unphased	1.99531958461313	1.10851088034063	1.8
2	189923233	189923234	39	9	5	3	3	0.8	0	1	0.2	unphased	1.27004716981132	1.27004716981132	1
2	189943294	189943295	214	31	5	3	3	0.8	0	1	0.2	unphased	0.857065845206007	0.857065845206007	1
2	192543388	192543389	39	33	3.82	3	1	0.94	0	1	0.0600000000000001	unphased	2.56372641509434	0.909122842232035	2.82
2	197184399	197184400	29	44	3.82	3	1	0.94	0	1	0.0600000000000001	unphased	3.37147583354872	1.14676048760161	2.94
2	198281513	198281514	151	90	3.82	3	1	0.94	0	1	0.0600000000000001	unphased	2.08889062866985	1.07674774673704	1.94
2	198368020	198368021	22	12	3.82	3	1	0.94	0	1	0.0600000000000001	unphased	1.9742064372919	1.01763218417108	1.94
2	198631310	198631311	23	4	3.82	3	1	0.94	0	1	0.0600000000000001	unphased	0.828679245283019	0.828679245283019	1
2	200137079	200137080	63	51	3.82	3	1	0.94	0	1	0.0600000000000001	unphased	2.50239324726912	0.887373491939403	2.82
2	200137216	200137217	40	6	3.82	3	1	0.94	0	1	0.0600000000000001	unphased	0.729598031173093	0.729598031173093	1
2	202598061	202598062	29	15	3.82	3	1	0.94	0	1	0.0600000000000001	unphased	1.90690394511149	1.01431060910186	1.88
2	203590984	203590985	74	26	3.82	3	1	0.94	0	1	0.0600000000000001	unphased	1.4543320754717	0.77358089120835	1.88
2	204599742	204599743	10	5	3.82	3	1	0.94	0	1	0.0600000000000001	unphased	1.86452830188679	1.86452830188679	1
2	210561031	210561032	72	11	3.82	3	1	0.94	0	1	0.0600000000000001	unphased	0.741318481473062	0.741318481473062	1
2	210574657	210574658	38	20	3.82	3	1	0.94	0	1	0.0600000000000001	unphased	1.9288223812622	0.994238340856804	1.94
2	219846737	219846738	25	14	3	3	0	1	NA	NA	NA	unphased	1.71359458151911	0.856797290759555	2
2	220286140	220286141	34	20	3	3	0	1	NA	NA	NA	unphased	1.76799440950384	0.883997204751922	2
2	220309589	220309590	105	18	3	3	0	1	NA	NA	NA	unphased	0.698573400828348	0.698573400828348	1
2	222322707	222322708	57	12	3	3	0	1	NA	NA	NA	unphased	0.830188679245283	0.830188679245283	1
2	227662049	227662050	61	89	3	3	0	1	NA	NA	NA	unphased	2.83232704402516	0.944109014675052	3
2	230670511	230670512	51	13	5	5	0	1	NA	NA	NA	unphased	1.37588443396226	1.37588443396226	1
2	232262570	232262571	12	25	3	3	0	1	NA	NA	NA	unphased	3.22539520652728	1.07513173550909	3
2	235950601	235950602	23	16	3	3	0	1	NA	NA	NA	unphased	1.95839380745041	0.979196903725206	2
2	241656810	241656811	44	127	5	5	0	1	NA	NA	NA	unphased	5.03067416970098	1.0061348339402	5
2	242611604	242611605	8	2	NA	NA	NA	NA	NA	NA	NA	unphased	NA	NA	1
20	257888	257889	143	7	NA	NA	NA	NA	NA	NA	NA	unphased	NA	NA	1
20	398182	398183	111	19	NA	NA	NA	NA	NA	NA	NA	unphased	NA	NA	1
20	896564	896565	140	110	5	3	2	1	NA	NA	NA	unphased	2.98037735849057	0.993459119496855	3
20	2361552	2361553	10	10	5	3	2	1	NA	NA	NA	unphased	3.38679245283019	1.12893081761006	3
20	3025466	3025467	36	7	5	3	2	1	NA	NA	NA	unphased	1.10267661254936	1.10267661254936	1
20	3211996	3211997	36	21	5	3	2	1	NA	NA	NA	unphased	2.49553128103277	0.831843760344257	3
20	3212165	3212166	88	38	5	3	2	1	NA	NA	NA	unphased	2.04282719377059	1.02141359688529	2
20	8628600	8628601	73	36	5	3	2	1	NA	NA	NA	unphased	2.2371473082915	1.11857365414575	2
20	8705363	8705364	41	29	5	3	2	1	NA	NA	NA	unphased	2.80619946091644	0.935399820305481	3
20	9417689	9417690	18	10	5	3	2	1	NA	NA	NA	unphased	2.41913746630728	0.806379155435759	3
20	9417734	9417735	20	8	5	3	2	1	NA	NA	NA	unphased	1.93530997304582	0.967654986522911	2
20	18440852	18440853	31	5	5	3	2	1	NA	NA	NA	unphased	0.940775681341719	0.940775681341719	1
20	23584265	23584266	104	20	5	3	2	1	NA	NA	NA	unphased	1.09251369446135	1.09251369446135	1
20	23667728	23667729	148	45	5	3	2	1	NA	NA	NA	unphased	1.57933326815916	0.789666634079578	2
20	25442266	25442267	21	14	5	3	2	1	NA	NA	NA	unphased	2.70943396226415	0.90314465408805	3
20	29623194	29623195	866	40	5	3	3	0.75	1	1	0.25	unphased	0.299054521221209	0.299054521221209	1
20	30064506	30064507	54	19	5	3	3	0.75	1	1	0.25	unphased	1.76298785215818	1.00742162980467	1.75
20	30915463	30915464	45	13	5	3	3	0.75	1	1	0.25	unphased	1.51821730644112	1.51821730644112	1
20	31436495	31436496	44	42	5	3	3	0.75	1	1	0.25	unphased	3.30802983764809	1.20291994096294	2.75
20	31622633	31622634	54	32	5	3	3	0.75	1	1	0.25	unphased	2.52040368582712	1.00816147433085	2.5
20	31672751	31672752	51	23	5	3	3	0.75	1	1	0.25	unphased	2.10530341662417	0.842121366649669	2.5
20	33065587	33065588	101	6	5	3	3	0.75	1	1	0.25	unphased	0.37982719097161	0.506436254628813	0.75
20	33065628	33065629	125	40	5	3	3	0.75	1	1	0.25	unphased	1.642081189251	0.938332108143429	1.75
20	34129922	34129923	22	13	5	3	3	0.75	1	1	0.25	unphased	2.51590296495957	1.00636118598383	2.5
20	35506304	35506305	49	27	5	3	3	0.75	1	1	0.25	unphased	2.40640516385303	0.962562065541211	2.5
20	37353601	37353602	21	12	5	3	3	0.75	1	1	0.25	unphased	2.4631217838765	0.985248713550601	2.5
20	37356415	37356416	55	26	5	3	3	0.75	1	1	0.25	unphased	2.17423713021197	0.869694852084789	2.5
20	37464807	37464808	48	9	5	3	3	0.75	1	1	0.25	unphased	1.0695134061569	1.0695134061569	1
20	42694470	42694471	117	40	5	3	3	0.75	1	1	0.25	unphased	1.72575411609182	0.986145209195323	1.75
20	42694471	42694472	116	40	5	3	3	0.75	1	1	0.25	unphased	1.73681664247702	0.992466652844011	1.75
20	42788414	42788415	71	27	5	3	3	0.75	1	1	0.25	unphased	1.86619175972276	1.06639529127015	1.75
20	44586500	44586501	93	38	5	3	3	0.75	1	1	0.25	unphased	1.96485669019156	1.12277525153803	1.75
20	44640872	44640873	96	31	5	3	3	0.75	1	1	0.25	unphased	1.65339474075175	0.944796994715283	1.75
20	44670120	44670121	98	13	5	3	3	0.75	1	1	0.25	unphased	0.793302736698963	0.793302736698963	1
20	45002997	45002998	84	36	5	3	3	0.75	1	1	0.25	unphased	2.03207547169811	1.16118598382749	1.75
20	45132980	45132981	7	4	5	3	3	0.75	1	1	0.25	unphased	2.4631217838765	2.4631217838765	1
20	47248855	47248856	232	136	5	3	3	0.75	1	1	0.25	unphased	2.50328137817884	1.00131255127153	2.5
20	47688900	47688901	97	14	5	3	3	0.75	1	1	0.25	unphased	0.854326024137345	0.854326024137345	1
20	50405640	50405641	74	17	5	3	3	0.75	1	1	0.25	unphased	1.26539498237611	1.26539498237611	1
20	50408417	50408418	187	94	5	3	3	0.75	1	1	0.25	unphased	2.26589673000739	0.906358692002954	2.5
20	51872753	51872754	67	28	5	3	3	0.75	1	1	0.25	unphased	1.99642502482622	1.14081429990069	1.75
20	54978522	54978523	103	12	5	3	3	0.75	1	1	0.25	unphased	0.706808859721083	0.706808859721083	1
20	55033542	55033543	138	14	5	3	3	0.75	1	1	0.25	unphased	0.623882820258193	0.831843760344257	0.75
20	56140138	56140139	109	66	5	3	3	0.75	1	1	0.25	unphased	2.55460916442049	1.02184366576819	2.5
20	57392719	57392720	44	27	5	3	3	0.75	1	1	0.25	unphased	2.57587031623705	1.03034812649482	2.5
20	57599100	57599101	118	66	5	3	3	0.75	1	1	0.25	unphased	2.42965545529122	0.971862182116489	2.5
20	58349460	58349461	59	37	5	3	3	0.75	1	1	0.25	unphased	2.61065251572327	1.04426100628931	2.5
20	60498694	60498695	51	23	5	3	3	0.75	1	1	0.25	unphased	2.10530341662417	0.842121366649669	2.5
20	61511720	61511721	95	33	5	3	3	0.75	1	1	0.25	unphased	1.74631485849057	0.997894204851752	1.75
20	62316901	62316902	20	11	NA	NA	NA	NA	NA	NA	NA	unphased	NA	NA	1
20	62737844	62737845	44	28	NA	NA	NA	NA	NA	NA	NA	unphased	NA	NA	1
21	11038892	11038893	342	53	NA	NA	NA	NA	NA	NA	NA	unphased	NA	NA	1
21	27141345	27141346	139	20	2.26	2	2	0.13	1	1	0.87	unphased	0.507369170523318	0.507369170523318	1
21	28210441	28210442	23	8	2.26	2	2	0.13	1	1	0.87	unphased	1.04092513694461	1.04092513694461	1
21	31655200	31655201	28	15	2.26	2	2	0.13	1	1	0.87	unphased	1.40706450197455	1.40706450197455	1
21	31709990	31709991	48	19	2.26	2	2	0.13	1	1	0.87	unphased	1.14385243593354	1.14385243593354	1
21	31802692	31802693	89	36	2.26	2	2	0.13	1	1	0.87	unphased	1.16167245283019	1.16167245283019	1
21	34011220	34011221	144	51	2.26	2	2	0.13	1	1	0.87	unphased	1.05493759071118	1.05493759071118	1
21	34876757	34876758	143	12	2.26	2	2	0.13	1	1	0.87	unphased	0.312277541083384	0.312277541083384	1
21	37602856	37602857	59	34	2.26	2	2	0.13	1	1	0.87	unphased	1.47464394400487	1.30499464071227	1.13
21	43533707	43533708	53	11	2.26	2	2	0.13	1	1	0.87	unphased	0.693272405660377	0.693272405660377	1
21	45012208	45012209	23	20	2.26	2	2	0.13	1	1	0.87	unphased	1.87608600263273	1.66025309967499	1.13
21	45391371	45391372	70	31	2.26	2	2	0.13	1	1	0.87	unphased	1.23803101064823	1.23803101064823	1
21	46011403	46011404	110	46	2.26	2	2	0.13	1	1	0.87	unphased	1.18939042089985	1.18939042089985	1
21	46281177	46281178	29	16	2.26	2	2	0.13	1	1	0.87	unphased	1.43416352201258	1.43416352201258	1
21	46281178	46281179	28	16	2.26	2	2	0.13	1	1	0.87	unphased	1.46675814751286	1.46675814751286	1
21	47537844	47537845	22	9	2.26	2	2	0.13	1	1	0.87	unphased	1.17104077906269	1.17104077906269	1
21	47648501	47648502	6	4	2.26	2	2	0.13	1	1	0.87	unphased	1.61343396226415	1.61343396226415	1
22	21800461	21800462	344	19	NA	NA	NA	NA	NA	NA	NA	unphased	NA	NA	1
22	22842748	22842749	109	54	NA	NA	NA	NA	NA	NA	NA	unphased	NA	NA	1
22	22869517	22869518	45	29	NA	NA	NA	NA	NA	NA	NA	unphased	NA	NA	1
22	23047025	23047026	108	27	NA	NA	NA	NA	NA	NA	NA	unphased	NA	NA	1
22	24086752	24086753	36	15	3	2	1	1	NA	NA	NA	unphased	1.40399556048835	1.40399556048835	1
22	25313648	25313649	80	25	3.5	5	2	0.3	1	1	0.7	unphased	1.25561545372866	1.25561545372866	1
22	26688795	26688796	51	64	3.5	5	2	0.3	1	1	0.7	unphased	2.93486464315012	1.01202229074142	2.9
22	26997913	26997914	90	25	3.5	5	2	0.3	1	1	0.7	unphased	1.14643150123052	1.14643150123052	1
22	28315110	28315111	125	26	3	2	1	1	NA	NA	NA	unphased	0.821941771835562	0.821941771835562	1
22	39112035	39112036	20	7	7	7	0	1	NA	NA	NA	unphased	2.27463312368973	1.13731656184486	2
22	42462722	42462723	4	10	3	3	0	1	NA	NA	NA	unphased	3.40970350404313	1.13656783468104	3
22	50925325	50925326	25	18	NA	NA	NA	NA	NA	NA	NA	unphased	NA	NA	1
3	9027552	9027553	29	3	2	1	1	1	NA	NA	NA	unphased	0.35377358490566	0.35377358490566	1
3	9787289	9787290	52	12	2	1	1	1	NA	NA	NA	unphased	0.707547169811321	0.707547169811321	1
3	12195176	12195177	79	23	2	1	1	1	NA	NA	NA	unphased	0.850906400295967	0.850906400295967	1
3	14199835	14199836	51	17	2	1	1	1	NA	NA	NA	unphased	0.943396226415094	0.943396226415094	1
3	14744726	14744727	101	42	2	1	1	1	NA	NA	NA	unphased	1.10832563662752	1.10832563662752	1
3	16217078	16217079	12	6	2	1	1	1	NA	NA	NA	unphased	1.25786163522013	1.25786163522013	1
3	17131309	17131310	39	14	2	1	1	1	NA	NA	NA	unphased	0.996796012815949	0.996796012815949	1
3	17131316	17131317	36	13	2	1	1	1	NA	NA	NA	unphased	1.00115517905275	1.00115517905275	1
3	19190171	19190172	27	8	2	1	1	1	NA	NA	NA	unphased	0.862533692722372	0.862533692722372	1
3	19436772	19436773	39	15	2	1	1	1	NA	NA	NA	unphased	1.0482180293501	1.0482180293501	1
3	19559529	19559530	26	8	2	1	1	1	NA	NA	NA	unphased	0.887902330743618	0.887902330743618	1
3	19559530	19559531	26	8	2	1	1	1	NA	NA	NA	unphased	0.887902330743618	0.887902330743618	1
3	19921296	19921297	32	8	2	1	1	1	NA	NA	NA	unphased	0.754716981132076	0.754716981132076	1
3	19961393	19961394	63	30	2	1	1	1	NA	NA	NA	unphased	1.21728545343883	1.21728545343883	1
3	26751086	26751087	16	7	2	1	1	1	NA	NA	NA	unphased	1.14848236259229	1.14848236259229	1
3	38080860	38080861	57	14	3	2	1	1	NA	NA	NA	unphased	0.941270263087962	0.941270263087962	1
3	38318924	38318925	101	15	3	2	1	1	NA	NA	NA	unphased	0.617273910214704	0.617273910214704	1
3	38627393	38627394	69	46	3	2	1	1	NA	NA	NA	unphased	1.90943396226415	0.954716981132076	2
3	38797432	38797433	47	37	3	2	1	1	NA	NA	NA	unphased	2.10265049415993	1.05132524707996	2
3	39226887	39226888	65	10	3	2	1	1	NA	NA	NA	unphased	0.636477987421384	0.636477987421384	1
3	41268745	41268746	40	13	3	2	1	1	NA	NA	NA	unphased	1.17087931648273	1.17087931648273	1
3	49050634	49050635	28	25	3	2	1	1	NA	NA	NA	unphased	2.25169099323603	1.12584549661801	2
3	49723311	49723312	178	16	3	2	1	1	NA	NA	NA	unphased	0.393697724178175	0.393697724178175	1
3	50330258	50330259	42	8	3	2	1	1	NA	NA	NA	unphased	0.76377358490566	0.76377358490566	1
3	51864436	51864437	37	15	3	2	1	1	NA	NA	NA	unphased	1.37699564586357	1.37699564586357	1
3	51897348	51897349	139	60	3	2	1	1	NA	NA	NA	unphased	1.43927183085238	0.719635915426188	2
3	51897387	51897388	100	38	3	2	1	1	NA	NA	NA	unphased	1.31446540880503	1.31446540880503	1
3	53852964	53852965	82	11	3	2	1	1	NA	NA	NA	unphased	0.564617569486711	0.564617569486711	1
3	55504404	55504405	19	6	3	2	1	1	NA	NA	NA	unphased	1.14566037735849	1.14566037735849	1
3	56779344	56779345	160	43	3	2	1	1	NA	NA	NA	unphased	1.01115345292313	1.01115345292313	1
3	57643457	57643458	12	12	3	2	1	1	NA	NA	NA	unphased	2.38679245283019	1.19339622641509	2
3	58739588	58739589	21	18	3	2	1	1	NA	NA	NA	unphased	2.20319303338171	1.10159651669086	2
3	63965831	63965832	29	24	3	2	1	1	NA	NA	NA	unphased	2.16162335350659	1.08081167675329	2
3	64636689	64636690	40	22	3	2	1	1	NA	NA	NA	unphased	1.69385270846013	0.846926354230067	2
3	71804036	71804037	26	19	3	2	1	1	NA	NA	NA	unphased	2.01551362683438	1.00775681341719	2
3	73432836	73432837	54	17	3	2	1	1	NA	NA	NA	unphased	1.14297103374967	1.14297103374967	1
3	73433148	73433149	39	17	3	2	1	1	NA	NA	NA	unphased	1.44912398921833	1.44912398921833	1
3	74334465	74334466	74	50	3	2	1	1	NA	NA	NA	unphased	1.92483262325015	0.962416311625076	2
3	78676696	78676697	18	6	3	2	1	1	NA	NA	NA	unphased	1.19339622641509	1.19339622641509	1
3	87039777	87039778	35	21	3	2	1	1	NA	NA	NA	unphased	1.79009433962264	0.895047169811321	2
3	88040760	88040761	18	3	3	2	1	1	NA	NA	NA	unphased	0.681940700808625	0.681940700808625	1
3	93629473	93629474	37	66	3	2	1	1	NA	NA	NA	unphased	3.05880197838432	1.52940098919216	2
3	100002603	100002604	139	46	8	5	3	1	NA	NA	NA	unphased	2.43018867924528	0.810062893081761	3
3	100951681	100951682	48	31	5.2	3	3	0.84	0	1	0.16	unphased	2.73647002627179	1.0210709053253	2.68
3	107097303	107097304	71	41	6	3	3	1	NA	NA	NA	unphased	2.84568733153639	0.948562443845463	3
3	107435486	107435487	117	24	9	6	3	1	NA	NA	NA	unphased	1.83380168606985	0.916900843034926	2
3	107474504	107474505	213	57	9	6	3	1	NA	NA	NA	unphased	2.27442348008386	1.13721174004193	2
3	111312890	111312891	14	36	3	3	0	1	NA	NA	NA	unphased	3.43698113207547	1.14566037735849	3
3	113082369	113082370	32	4	3	3	0	1	NA	NA	NA	unphased	0.530398322851153	0.530398322851153	1
3	115529218	115529219	10	15	3	3	0	1	NA	NA	NA	unphased	2.86415094339623	0.954716981132075	3
3	119120937	119120938	108	41	5.3	3	3	0.86	0	1	0.14	unphased	1.94642269216158	1.0464638129901	1.86
3	119305481	119305482	154	50	8	5	3	1	NA	NA	NA	unphased	2.39548649648539	1.19774324824269	2
3	122422782	122422783	146	126	7	4	3	1	NA	NA	NA	unphased	4.06423418423973	1.01605854605993	4
3	123009976	123009977	16	19	3	3	0	1	NA	NA	NA	unphased	2.59137466307278	0.863791554357592	3
3	124438036	124438037	20	28	3	3	0	1	NA	NA	NA	unphased	2.78459119496855	0.928197064989518	3
3	125879713	125879714	35	76	3	3	0	1	NA	NA	NA	unphased	3.26840047594765	1.08946682531588	3
3	129247930	129247931	88	62	3.91	3	1	0.97	0	1	0.03	unphased	2.34921509433962	1.192494971746	1.97
3	130284031	130284032	74	6	5	3	2	1	NA	NA	NA	unphased	0.508018867924528	0.508018867924528	1
3	130290146	130290147	54	10	5	3	2	1	NA	NA	NA	unphased	1.05837264150943	1.05837264150943	1
3	132295847	132295848	29	24	5	3	2	1	NA	NA	NA	unphased	3.06728373086508	1.02242791028836	3
3	134851754	134851755	24	19	8	5	3	1	NA	NA	NA	unphased	4.31856077226854	1.07964019306713	4
3	137749853	137749854	70	46	7	4	3	1	NA	NA	NA	unphased	3.47918022121015	0.869795055302537	4
3	138762887	138762888	40	7	7	4	3	1	NA	NA	NA	unphased	1.30670413488559	1.30670413488559	1
3	138763050	138763051	16	6	7	4	3	1	NA	NA	NA	unphased	2.39279588336192	1.19639794168096	2
3	139236368	139236369	27	11	7	4	3	1	NA	NA	NA	unphased	2.53972194637537	0.846573982125124	3
3	142681338	142681339	52	30	4.12	3	2	0.78	1	0	0.22	unphased	2.15618959963184	0.84226156235619	2.56
3	147114118	147114119	13	5	4.12	3	2	0.78	1	0	0.22	unphased	1.63710691823899	1.63710691823899	1
3	148596477	148596478	169	27	2.84	6	3	0.23	1	0	0.77	unphased	0.635544859453215	0.635544859453215	1
3	150342670	150342671	7	5	2.84	6	3	0.23	1	0	0.77	unphased	1.92232704402516	1.92232704402516	1
3	151166555	151166556	42	57	2.84	6	3	0.23	1	0	0.77	unphased	2.65630646083476	0.987474520756417	2.69
3	151474900	151474901	279	82	2.84	6	3	0.23	1	0	0.77	unphased	1.04796111430513	1.04796111430513	1
3	164755783	164755784	59	25	7	4	3	1	NA	NA	NA	unphased	2.61118598382749	0.870395327942498	3
3	164907903	164907904	77	25	7	4	3	1	NA	NA	NA	unphased	2.1503884572697	1.07519422863485	2
3	165548126	165548127	53	39	7	4	3	1	NA	NA	NA	unphased	3.71923707957342	0.929809269893355	4
3	167272469	167272470	68	29	7	4	3	1	NA	NA	NA	unphased	2.62303053880568	0.874343512935227	3
3	167272470	167272471	67	29	7	4	3	1	NA	NA	NA	unphased	2.65035377358491	0.883451257861635	3
3	170244420	170244421	80	37	7	4	3	1	NA	NA	NA	unphased	2.77455249153362	0.924850830511208	3
3	170723829	170723830	53	43	7	4	3	1	NA	NA	NA	unphased	3.92983490566038	0.982458726415094	4
3	179051265	179051266	57	17	7	4	3	1	NA	NA	NA	unphased	2.01555328913819	1.0077766445691	2
3	179085888	179085889	28	6	7	4	3	1	NA	NA	NA	unphased	1.54827968923418	1.54827968923418	1
3	183035951	183035952	64	49	7	4	3	1	NA	NA	NA	unphased	3.80447487059609	0.951118717649023	4
3	183966958	183966959	13	5	7	4	3	1	NA	NA	NA	unphased	2.43710691823899	0.812368972746331	3
3	184105720	184105721	18	9	7	4	3	1	NA	NA	NA	unphased	2.92452830188679	0.974842767295597	3
3	185404920	185404921	84	47	7	4	3	1	NA	NA	NA	unphased	3.14777473714533	1.04925824571511	3
3	186015982	186015983	81	26	3.76	4	2	0.44	1	1	0.56	unphased	1.34460941632869	1.34460941632869	1
3	186943278	186943279	192	80	3.76	4	2	0.44	1	1	0.56	unphased	1.62752497225305	1.13022567517573	1.44
3	190347152	190347153	36	6	3.76	4	2	0.44	1	1	0.56	unphased	0.790512129380054	0.790512129380054	1
3	193044809	193044810	86	8	3.76	4	2	0.44	1	1	0.56	unphased	0.470943396226415	1.07032590051458	0.44
3	193052755	193052756	106	10	3.76	4	2	0.44	1	1	0.56	unphased	0.477033181522446	1.08416632164192	0.44
4	5961247	5961248	45	36	5	5	0	1	NA	NA	NA	unphased	3.0104821802935	1.00349406009783	3
4	5966831	5966832	42	66	5	5	0	1	NA	NA	NA	unphased	4.13941299790356	1.03485324947589	4
4	6087217	6087218	44	33	3	3	0	1	NA	NA	NA	unphased	2.04582210242588	1.02291105121294	2
4	10089383	10089384	8	3	2	2	0	1	NA	NA	NA	unphased	1.02915951972556	1.02915951972556	1
4	10492135	10492136	8	13	2	2	0	1	NA	NA	NA	unphased	2.33602875112309	1.16801437556155	2
4	10542186	10542187	33	22	2	2	0	1	NA	NA	NA	unphased	1.50943396226415	0.754716981132076	2
4	23803856	23803857	88	15	3	3	0	1	NA	NA	NA	unphased	0.695182267814618	0.695182267814618	1
4	38696399	38696400	96	407	8	7	1	1	0	1	0	unphased	7.90824862147867	1.12974980306838	7
4	39439399	39439400	102	123	6	6	0	1	NA	NA	NA	unphased	4.24955974842767	1.06238993710692	4
4	46307699	46307700	42	22	5	5	0	1	NA	NA	NA	unphased	2.32841981132075	1.16420990566038	2
4	47560042	47560043	44	10	5	5	0	1	NA	NA	NA	unphased	1.25436757512229	1.25436757512229	1
4	47887961	47887962	238	75	5	5	0	1	NA	NA	NA	unphased	1.62306347579722	0.811531737898608	2
4	55569911	55569912	233	13	14	7	7	1	NA	NA	NA	unphased	0.833563429973922	0.833563429973922	1
4	55569934	55569935	331	16	14	7	7	1	NA	NA	NA	unphased	0.727312272307107	0.727312272307107	1
4	55955612	55955613	143	92	14	7	7	1	NA	NA	NA	unphased	6.1751906864713	1.02919844774522	6
4	57193874	57193875	158	564	9	7	2	1	NA	NA	NA	unphased	8.41593059112528	1.20227579873218	7
4	57209773	57209774	25	145	9	7	2	1	NA	NA	NA	unphased	9.18923418423974	1.31274774060568	7
4	62775381	62775382	11	5	4	3	1	1	NA	NA	NA	unphased	1.80424528301887	1.80424528301887	1
4	62845313	62845314	121	41	3	2	1	1	NA	NA	NA	unphased	1.20812951316096	1.20812951316096	1
4	66467697	66467698	58	18	2.18	2	1	0.18	1	1	0.82	unphased	0.936375372393247	0.936375372393247	1
4	70823284	70823285	35	9	2	1	1	1	NA	NA	NA	unphased	0.771869639794168	0.771869639794168	1
4	71347338	71347339	161	44	2	1	1	1	NA	NA	NA	unphased	0.809940174873447	0.809940174873447	1
4	71532177	71532178	24	11	2	1	1	1	NA	NA	NA	unphased	1.18598382749326	1.18598382749326	1
4	74285968	74285969	28	4	2	1	1	1	NA	NA	NA	unphased	0.471698113207547	0.471698113207547	1
4	81124649	81124650	9	3	2	1	1	1	NA	NA	NA	unphased	0.943396226415094	0.943396226415094	1
4	82369325	82369326	126	35	2	1	1	1	NA	NA	NA	unphased	0.820344544708778	0.820344544708778	1
4	85600129	85600130	57	38	3	2	1	1	NA	NA	NA	unphased	1.90943396226415	0.954716981132076	2
4	88967892	88967893	52	41	3	2	1	1	NA	NA	NA	unphased	2.10448366808683	1.05224183404342	2
4	90874431	90874432	68	28	NA	NA	NA	NA	NA	NA	NA	unphased	NA	NA	1
4	94031939	94031940	108	25	4	2	2	1	NA	NA	NA	unphased	1.08526032061285	1.08526032061285	1
4	94750357	94750358	10	5	3	2	1	1	NA	NA	NA	unphased	1.59119496855346	1.59119496855346	1
4	104510945	104510946	65	64	2	2	0	1	NA	NA	NA	unphased	1.87216615474623	0.936083077373117	2
4	108566002	108566003	18	21	2	2	0	1	NA	NA	NA	unphased	2.03193033381713	1.01596516690856	2
4	108955553	108955554	18	25	2	2	0	1	NA	NA	NA	unphased	2.19394471259324	1.09697235629662	2
4	109664967	109664968	38	9	2	2	0	1	NA	NA	NA	unphased	0.722601364913689	0.722601364913689	1
4	111441167	111441168	28	7	2	2	0	1	NA	NA	NA	unphased	0.754716981132076	0.754716981132076	1
4	119234374	119234375	21	5	NA	NA	NA	NA	NA	NA	NA	unphased	NA	NA	1
4	119951000	119951001	69	14	4	2	2	1	NA	NA	NA	unphased	0.973857694930666	0.973857694930666	1
4	122853734	122853735	35	31	4	2	2	1	NA	NA	NA	unphased	2.71183533447684	1.35591766723842	2
4	123249263	123249264	18	8	4	2	2	1	NA	NA	NA	unphased	1.77648766328012	1.77648766328012	1
4	123275168	123275169	11	4	4	2	2	1	NA	NA	NA	unphased	1.53962264150943	1.53962264150943	1
4	126242603	126242604	97	33	4	2	2	1	NA	NA	NA	unphased	1.4656023222061	0.732801161103048	2
4	128865092	128865093	61	16	2	2	0	1	NA	NA	NA	unphased	0.78412153883852	0.78412153883852	1
4	138450963	138450964	52	16	2.44	2	2	0.22	1	1	0.78	unphased	0.991431742508324	0.991431742508324	1
4	142641717	142641718	39	12	1.54	2	2	0.18	0	1	0.82	unphased	0.779667036625971	0.779667036625971	1
4	143181713	143181714	33	11	3.15	4	2	0.43	1	0	0.57	unphased	1.23089622641509	1.23089622641509	1
4	143235910	143235911	173	18	3.15	4	2	0.43	1	0	0.57	unphased	0.464002765978465	1.07907619994992	0.43
4	156135577	156135578	36	7	4	3	2	0.75	1	0	0.25	unphased	0.939885914874945	0.939885914874945	1
4	157693837	157693838	23	6	4	3	2	0.75	1	0	0.25	unphased	1.19453480806766	1.19453480806766	1
4	174254281	174254282	100	23	2.52	2	2	0.26	1	1	0.74	unphased	0.802865470164135	0.802865470164135	1
4	176556088	176556089	36	10	2.52	2	2	0.26	1	1	0.74	unphased	0.933388022969647	0.933388022969647	1
4	183594350	183594351	14	11	2.52	2	2	0.26	1	1	0.74	unphased	1.88917735849057	1.49934710991315	1.26
4	187454986	187454987	65	38	2.52	2	2	0.26	1	1	0.74	unphased	1.58404103315626	1.25717542313989	1.26
4	187455292	187455293	108	9	2.52	2	2	0.26	1	1	0.74	unphased	0.330275761973875	1.27029139220721	0.26
4	187540188	187540189	163	15	2.52	2	2	0.26	1	1	0.74	unphased	0.361818952724189	1.3916113566315	0.26
4	189012580	189012581	59	21	NA	NA	NA	NA	NA	NA	NA	unphased	NA	NA	1
4	189022367	189022368	51	12	NA	NA	NA	NA	NA	NA	NA	unphased	NA	NA	1
4	189060976	189060977	23	5	NA	NA	NA	NA	NA	NA	NA	unphased	NA	NA	1
5	169592	169593	443	78	NA	NA	NA	NA	NA	NA	NA	unphased	NA	NA	1
5	840742	840743	2266	52	NA	NA	NA	NA	NA	NA	NA	unphased	NA	NA	1
5	1083931	1083932	205	20	9	7	2	1	NA	NA	NA	unphased	0.957651991614256	0.957651991614256	1
5	1416253	1416254	300	27	9	7	2	1	NA	NA	NA	unphased	0.889562056430673	0.889562056430673	1
5	3601194	3601195	53	11	9	7	2	1	NA	NA	NA	unphased	1.85170990566038	0.925854952830189	2
5	5146310	5146311	152	16	9	7	2	1	NA	NA	NA	unphased	1.02605570530099	1.02605570530099	1
5	6738807	6738808	346	37	8	7	1	1	NA	NA	NA	unphased	0.944184442583378	0.944184442583378	1
5	6738808	6738809	346	38	8	7	1	1	NA	NA	NA	unphased	0.967177672955975	0.967177672955975	1
5	7835548	7835549	111	54	8	7	1	1	NA	NA	NA	unphased	3.19862778730703	1.06620926243568	3
5	9629752	9629753	103	10	11	7	4	1	NA	NA	NA	unphased	1.13040574386375	1.13040574386375	1
5	11346710	11346711	21	22	3.92	3	3	0.48	1	1	0.52	unphased	2.9129969284774	1.17459553567637	2.48
5	13820518	13820519	160	19	8	7	1	1	NA	NA	NA	unphased	1.03741962685781	1.03741962685781	1
5	14358359	14358360	212	19	8	7	1	1	NA	NA	NA	unphased	0.803887935963408	0.803887935963408	1
5	15928309	15928310	16	6	NA	NA	NA	NA	NA	NA	NA	unphased	NA	NA	1
5	17354347	17354348	39	38	3.4	4	1	0.6	1	0	0.4	unphased	2.55319774565058	0.981999132942529	2.6
5	19591216	19591217	92	14	3.4	4	1	0.6	1	0	0.4	unphased	0.683303666785333	0.683303666785333	1
5	23521205	23521206	64	9	1.84	2	1	0.42	1	0	0.58	unphased	0.445510467821142	1.06073920909796	0.42
5	23521207	23521208	65	9	1.84	2	1	0.42	1	0	0.58	unphased	0.43949005609383	1.0464048954615	0.42
5	31294320	31294321	263	26	6	5	1	1	NA	NA	NA	unphased	0.699353659332768	0.699353659332768	1
5	33576396	33576397	97	9	6	5	1	1	NA	NA	NA	unphased	0.66002135991456	0.66002135991456	1
5	33577044	33577045	105	13	6	5	1	1	NA	NA	NA	unphased	0.856411896386313	0.856411896386313	1
5	33577046	33577047	81	42	6	5	1	1	NA	NA	NA	unphased	2.65439484583525	0.884798281945084	3
5	35988626	35988627	106	25	6	5	1	1	NA	NA	NA	unphased	1.48350856978251	0.741754284891257	2
5	38438428	38438429	50	11	2	1	1	1	NA	NA	NA	unphased	0.680482523971543	0.680482523971543	1
5	39341728	39341729	23	14	2	1	1	1	NA	NA	NA	unphased	1.4278429372769	1.4278429372769	1
5	39377315	39377316	37	12	2	1	1	1	NA	NA	NA	unphased	0.924143242202541	0.924143242202541	1
5	42711462	42711463	39	16	2	1	1	1	NA	NA	NA	unphased	1.09777015437393	1.09777015437393	1
5	45645490	45645491	17	3	2	2	0	1	NA	NA	NA	unphased	0.566037735849057	0.566037735849057	1
5	50685658	50685659	19	19	2	2	0	1	NA	NA	NA	unphased	1.88679245283019	0.943396226415094	2
5	82940342	82940343	21	26	2	2	0	1	NA	NA	NA	unphased	2.0875150541951	1.04375752709755	2
5	89923459	89923460	37	49	2	2	0	1	NA	NA	NA	unphased	2.15006581834138	1.07503290917069	2
5	102611759	102611760	22	101	7	7	0	1	NA	NA	NA	unphased	7.20432581684307	1.02918940240615	7
5	114548063	114548064	15	98	7	7	0	1	NA	NA	NA	unphased	7.60894974119219	1.08699282017031	7
5	118454633	118454634	30	19	2	2	0	1	NA	NA	NA	unphased	1.46322680015402	0.731613400077012	2
5	126676314	126676315	71	26	5	5	0	1	NA	NA	NA	unphased	1.81560007780587	0.907800038902937	2
5	126860328	126860329	148	69	5	5	0	1	NA	NA	NA	unphased	2.15381271193809	1.07690635596905	2
5	127507431	127507432	92	28	5	5	0	1	NA	NA	NA	unphased	1.58050314465409	0.790251572327044	2
5	127674723	127674724	30	35	2	2	0	1	NA	NA	NA	unphased	2.03193033381713	1.01596516690856	2
5	128442667	128442668	11	17	2	2	0	1	NA	NA	NA	unphased	2.2911051212938	1.1455525606469	2
5	129520677	129520678	9	9	2	2	0	1	NA	NA	NA	unphased	1.88679245283019	0.943396226415094	2
5	132197522	132197523	20	30	2	2	0	1	NA	NA	NA	unphased	2.26415094339623	1.13207547169811	2
5	135583383	135583384	48	13	2	2	0	1	NA	NA	NA	unphased	0.804206619239097	0.804206619239097	1
5	139739817	139739818	17	7	5	5	0	1	NA	NA	NA	unphased	1.97562893081761	0.987814465408805	2
5	139938159	139938160	265	54	7	7	0	1	NA	NA	NA	unphased	1.48518365174188	0.742591825870941	2
5	140188675	140188676	105	137	7	7	0	1	NA	NA	NA	unphased	4.96686418213005	0.99337283642601	5
5	140203547	140203548	62	22	7	7	0	1	NA	NA	NA	unphased	2.29784366576819	1.1489218328841	2
5	140235842	140235843	346	38	7	7	0	1	NA	NA	NA	unphased	0.868219339622641	0.868219339622641	1
5	140503779	140503780	65	69	2	2	0	1	NA	NA	NA	unphased	1.94311461560124	0.97155730780062	2
5	140503983	140503984	4	9	2	2	0	1	NA	NA	NA	unphased	2.61248185776488	1.30624092888244	2
5	140559854	140559855	34	46	2	2	0	1	NA	NA	NA	unphased	2.16981132075472	1.08490566037736	2
5	140604691	140604692	26	25	2	2	0	1	NA	NA	NA	unphased	1.84979652238254	0.924898261191269	2
5	140604692	140604693	25	26	2	2	0	1	NA	NA	NA	unphased	1.92378838327784	0.96189419163892	2
5	140605137	140605138	58	71	2	2	0	1	NA	NA	NA	unphased	2.0769343279216	1.0384671639608	2
5	140616030	140616031	25	37	2	2	0	1	NA	NA	NA	unphased	2.25197808886184	1.12598904443092	2
5	140682576	140682577	16	10	2	2	0	1	NA	NA	NA	unphased	1.45137880986938	1.45137880986938	1
5	140793564	140793565	11	7	2	2	0	1	NA	NA	NA	unphased	1.46750524109015	1.46750524109015	1
5	141028863	141028864	72	79	2	2	0	1	NA	NA	NA	unphased	1.97425965263026	0.987129826315132	2
5	141049519	141049520	44	45	2	2	0	1	NA	NA	NA	unphased	1.90799236803053	0.953996184015264	2
5	145239473	145239474	5	20	4	4	0	1	NA	NA	NA	unphased	4.6188679245283	1.15471698113208	4
5	145239474	145239475	5	20	4	4	0	1	NA	NA	NA	unphased	4.6188679245283	1.15471698113208	4
5	148407656	148407657	59	315	7	7	0	1	NA	NA	NA	unphased	7.3895166986177	1.05564524265967	7
5	148407764	148407765	158	16	7	7	0	1	NA	NA	NA	unphased	0.806766428106701	0.806766428106701	1
5	150102500	150102501	25	51	7	7	0	1	0	1	0	unphased	5.88753723932473	0.981256206554121	6
5	150948227	150948228	292	514	7	7	0	1	0	1	0	unphased	5.59506531204644	0.932510885341074	6
5	151771639	151771640	3	12	7	7	0	1	0	1	0	unphased	7.0188679245283	1.00269541778976	7
5	156934147	156934148	26	30	2	2	0	1	NA	NA	NA	unphased	2.02156334231806	1.01078167115903	2
5	158140042	158140043	53	35	2	2	0	1	NA	NA	NA	unphased	1.5008576329331	0.750428816466552	2
5	169126458	169126459	31	18	2	2	0	1	NA	NA	NA	unphased	1.38621486330381	1.38621486330381	1
5	169474604	169474605	20	23	2	2	0	1	NA	NA	NA	unphased	2.01842913558578	1.00921456779289	2
5	169675710	169675711	111	83	2	2	0	1	NA	NA	NA	unphased	1.61447189262789	0.807235946313947	2
5	177474046	177474047	35	28	4	4	0	1	NA	NA	NA	unphased	2.56603773584906	0.855345911949685	3
5	177548131	177548132	5	10	4	4	0	1	NA	NA	NA	unphased	3.84905660377358	0.962264150943396	4
5	177683395	177683396	13	19	4	4	0	1	NA	NA	NA	unphased	3.42806603773585	1.14268867924528	3
6	1391251	1391252	18	7	6	4	2	1	NA	NA	NA	unphased	2.17660377358491	1.08830188679245	2
6	2896342	2896343	89	9	6	4	2	1	NA	NA	NA	unphased	0.713900654601463	0.713900654601463	1
6	4892413	4892414	26	13	6	4	2	1	NA	NA	NA	unphased	2.59119496855346	0.863731656184486	3
6	6182292	6182293	63	25	6	4	2	1	NA	NA	NA	unphased	2.20840480274443	1.10420240137221	2
6	7231816	7231817	12	3	6	4	2	1	NA	NA	NA	unphased	1.55471698113208	1.55471698113208	1
6	8064637	8064638	12	6	6	4	2	1	NA	NA	NA	unphased	2.59119496855346	0.863731656184486	3
6	10907785	10907786	63	20	6	4	2	1	NA	NA	NA	unphased	1.87315298931575	0.936576494657877	2
6	10955440	10955441	77	62	6	4	2	1	NA	NA	NA	unphased	3.46735441835211	0.866838604588028	4
6	11104925	11104926	127	16	6	4	2	1	NA	NA	NA	unphased	0.869771737696266	0.869771737696266	1
6	24134568	24134569	60	19	6	4	2	1	NA	NA	NA	unphased	1.86959636971579	0.934798184857893	2
6	24466968	24466969	53	16	6	4	2	1	NA	NA	NA	unphased	1.80257041290675	0.901285206453377	2
6	24473859	24473860	37	14	6	4	2	1	NA	NA	NA	unphased	2.1339252682205	1.06696263411025	2
6	24503612	24503613	76	9	6	4	2	1	NA	NA	NA	unphased	0.823085460599334	0.823085460599334	1
6	25820092	25820093	82	34	6	4	2	1	NA	NA	NA	unphased	2.27846454131425	1.13923227065712	2
6	26033394	26033395	34	16	6	4	2	1	NA	NA	NA	unphased	2.48754716981132	0.829182389937107	3
6	26087577	26087578	12	5	6	4	2	1	NA	NA	NA	unphased	2.28634850166482	1.14317425083241	2
6	26246946	26246947	64	16	6	4	2	1	NA	NA	NA	unphased	1.55471698113208	0.777358490566038	2
6	26271398	26271399	65	76	6	4	2	1	NA	NA	NA	unphased	4.19001739595878	1.0475043489897	4
6	26271399	26271400	64	77	6	4	2	1	NA	NA	NA	unphased	4.24514920380035	1.06128730095009	4
6	26501505	26501506	41	23	6	4	2	1	NA	NA	NA	unphased	2.7936320754717	0.931210691823899	3
6	27107208	27107209	44	13	6	4	2	1	NA	NA	NA	unphased	1.77292287322079	0.886461436610394	2
6	29394918	29394919	50	12	6	4	2	1	NA	NA	NA	unphased	1.5045648204504	1.5045648204504	1
6	29640987	29640988	169	41	6	4	2	1	NA	NA	NA	unphased	1.51769991015274	0.75884995507637	2
6	30043109	30043110	13	9	6	4	2	1	NA	NA	NA	unphased	3.18010291595197	1.06003430531732	3
6	31132965	31132966	13	6	6	4	2	1	NA	NA	NA	unphased	2.45481628599801	0.818272095332671	3
6	31948259	31948260	66	5	6	4	2	1	NA	NA	NA	unphased	0.547435556736646	0.547435556736646	1
6	32943209	32943210	66	18	6	4	2	1	NA	NA	NA	unphased	1.66576819407008	0.83288409703504	2
6	33154372	33154373	67	16	6	4	2	1	NA	NA	NA	unphased	1.4985223914526	1.4985223914526	1
6	33756205	33756206	14	4	6	4	2	1	NA	NA	NA	unphased	1.72746331236897	1.72746331236897	1
6	36275459	36275460	26	30	6	4	2	1	NA	NA	NA	unphased	4.1644204851752	1.0411051212938	4
6	40400617	40400618	68	5	6	4	2	1	NA	NA	NA	unphased	0.532437322305505	0.532437322305505	1
6	41177455	41177456	7	3	6	4	2	1	NA	NA	NA	unphased	2.33207547169811	2.33207547169811	1
6	43268950	43268951	94	45	6	4	2	1	NA	NA	NA	unphased	2.51662820686847	0.838876068956156	3
6	44151459	44151460	56	12	6	4	2	1	NA	NA	NA	unphased	1.37180910099889	1.37180910099889	1
6	44217271	44217272	94	10	6	4	2	1	NA	NA	NA	unphased	0.747460087082729	0.747460087082729	1
6	46660098	46660099	171	123	6	4	2	1	NA	NA	NA	unphased	3.25221409318444	1.08407136439481	3
6	46977115	46977116	22	14	6	4	2	1	NA	NA	NA	unphased	3.0230607966457	1.00768693221523	3
6	49574908	49574909	21	18	5	3	2	1	NA	NA	NA	unphased	3.12626995645864	1.04208998548621	3
6	49585843	49585844	25	12	5	3	2	1	NA	NA	NA	unphased	2.19683834778174	1.09841917389087	2
6	49937286	49937287	45	20	5	3	2	1	NA	NA	NA	unphased	2.08417997097242	1.04208998548621	2
6	51497493	51497494	66	8	5	3	2	1	NA	NA	NA	unphased	0.732279449260581	0.732279449260581	1
6	51497494	51497495	67	8	5	3	2	1	NA	NA	NA	unphased	0.72251572327044	0.72251572327044	1
6	51824797	51824798	103	12	5	3	2	1	NA	NA	NA	unphased	0.706808859721083	0.706808859721083	1
6	51824798	51824799	103	13	5	3	2	1	NA	NA	NA	unphased	0.75910865322056	0.75910865322056	1
6	53370600	53370601	118	79	1.56	5	3	0.08	0	1	0.92	unphased	1.33681831242218	1.01274114577438	1.32
6	55223779	55223780	171	90	6.05	5	2	0.81	1	1	0.19	unphased	2.69778789850358	1.02969003759679	2.62
6	56880066	56880067	256	13	6.05	5	2	0.81	1	1	0.19	unphased	0.378091463842323	0.378091463842323	1
6	56918818	56918819	114	11	6.05	5	2	0.81	1	1	0.19	unphased	0.688475471698113	0.688475471698113	1
6	64356430	64356431	43	12	6.05	5	2	0.81	1	1	0.19	unphased	1.70696397941681	0.943074021777243	1.81
6	66094310	66094311	62	12	6.05	5	2	0.81	1	1	0.19	unphased	1.26868944416114	1.26868944416114	1
6	70897902	70897903	25	7	2.92	4	1	0.48	1	0	0.52	unphased	1.02672169811321	1.02672169811321	1
6	70991091	70991092	33	20	2.92	4	1	0.48	1	0	0.52	unphased	1.77116411534354	0.903655160889561	1.96
6	72086703	72086704	85	32	2.92	4	1	0.48	1	0	0.52	unphased	1.28371552975327	1.28371552975327	1
6	73904620	73904621	86	4	8	7	1	1	NA	NA	NA	unphased	0.434381551362683	0.434381551362683	1
6	74063702	74063703	175	14	8	7	1	1	NA	NA	NA	unphased	0.723969252271139	0.723969252271139	1
6	74407145	74407146	47	112	9	7	2	1	NA	NA	NA	unphased	7.58894031090542	1.08413433012935	7
6	76744390	76744391	190	6	9	7	2	1	NA	NA	NA	unphased	0.329803619561032	0.329803619561032	1
6	80837295	80837296	276	43	9	7	2	1	NA	NA	NA	unphased	1.4522387176909	0.726119358845449	2
6	83851638	83851639	29	7	2	2	0	1	NA	NA	NA	unphased	0.733752620545073	0.733752620545073	1
6	85446744	85446745	83	76	2	2	0	1	NA	NA	NA	unphased	1.80372611842886	0.90186305921443	2
6	85457651	85457652	10	22	2	2	0	1	NA	NA	NA	unphased	2.59433962264151	1.29716981132075	2
6	86253014	86253015	17	15	2	2	0	1	NA	NA	NA	unphased	1.7688679245283	0.884433962264151	2
6	88391355	88391356	15	18	2	2	0	1	NA	NA	NA	unphased	2.05831903945111	1.02915951972556	2
6	101098454	101098455	46	10	2	2	0	1	NA	NA	NA	unphased	0.673854447439353	0.673854447439353	1
6	112397165	112397166	22	18	2	2	0	1	NA	NA	NA	unphased	1.69811320754717	0.849056603773585	2
6	119234473	119234474	78	10	3	3	0	1	NA	NA	NA	unphased	0.542452830188679	0.542452830188679	1
6	119234474	119234475	77	10	3	3	0	1	NA	NA	NA	unphased	0.548687920190848	0.548687920190848	1
6	125598373	125598374	80	22	3	3	0	1	NA	NA	NA	unphased	1.02959674435812	1.02959674435812	1
6	129371168	129371169	16	47	3	3	0	1	NA	NA	NA	unphased	3.5612458820006	1.18708196066687	3
6	129905163	129905164	39	8	3	3	0	1	NA	NA	NA	unphased	0.812525090325171	0.812525090325171	1
6	133849944	133849945	108	24	3	3	0	1	NA	NA	NA	unphased	0.867924528301887	0.867924528301887	1
6	135763845	135763846	17	6	3	3	0	1	NA	NA	NA	unphased	1.24528301886792	1.24528301886792	1
6	136599312	136599313	146	9	3	3	0	1	NA	NA	NA	unphased	0.277175897748022	0.277175897748022	1
6	138584485	138584486	139	81	3	3	0	1	NA	NA	NA	unphased	1.75754716981132	0.87877358490566	2
6	139094795	139094796	86	17	3	3	0	1	NA	NA	NA	unphased	0.787873236856567	0.787873236856567	1
6	149847909	149847910	13	8	3	3	0	1	NA	NA	NA	unphased	1.81850853548967	0.909254267744834	2
6	150001331	150001332	34	44	3	3	0	1	NA	NA	NA	unphased	2.69279148524432	0.897597161748105	3
6	150001332	150001333	34	44	3	3	0	1	NA	NA	NA	unphased	2.69279148524432	0.897597161748105	3
6	151789864	151789865	63	17	3	3	0	1	NA	NA	NA	unphased	1.01438679245283	1.01438679245283	1
6	152461190	152461191	87	48	3	3	0	1	NA	NA	NA	unphased	1.69727463312369	0.848637316561845	2
6	154360824	154360825	48	7	3	3	0	1	NA	NA	NA	unphased	0.607547169811321	0.607547169811321	1
6	155123230	155123231	28	9	3	3	0	1	NA	NA	NA	unphased	1.16114227434982	1.16114227434982	1
6	155485671	155485672	64	91	3	3	0	1	NA	NA	NA	unphased	2.80255629945222	0.93418543315074	3
6	159654059	159654060	11	5	3	3	0	1	NA	NA	NA	unphased	1.49174528301887	1.49174528301887	1
6	160978582	160978583	64	6	3	3	0	1	NA	NA	NA	unphased	0.409164420485175	0.409164420485175	1
6	161032737	161032738	191	32	3	3	0	1	NA	NA	NA	unphased	0.684998730857095	0.684998730857095	1
6	161574505	161574506	13	3	3	3	0	1	NA	NA	NA	unphased	0.895047169811321	0.895047169811321	1
6	163735983	163735984	50	20	3	3	0	1	NA	NA	NA	unphased	1.36388140161725	1.36388140161725	1
6	165715300	165715301	18	17	3	3	0	1	NA	NA	NA	unphased	2.31859838274933	1.15929919137466	2
6	165808688	165808689	11	19	3	3	0	1	NA	NA	NA	unphased	3.02327044025157	1.00775681341719	3
6	166796373	166796374	20	3	3	3	0	1	NA	NA	NA	unphased	0.622641509433962	0.622641509433962	1
6	169620427	169620428	78	19	3	3	0	1	NA	NA	NA	unphased	0.935032094923167	0.935032094923167	1
6	170626894	170626895	36	58	3	3	0	1	NA	NA	NA	unphased	2.94540345242874	0.981801150809581	3
7	1608936	1608937	36	24	8	4	4	1	NA	NA	NA	unphased	3.90943396226415	0.977358490566038	4
7	2968247	2968248	165	50	8	4	4	1	NA	NA	NA	unphased	2.2729267222466	1.1364633611233	2
7	2998207	2998208	23	15	8	4	4	1	NA	NA	NA	unphased	3.85799404170804	0.964498510427011	4
7	5754730	5754731	262	185	8	4	4	1	NA	NA	NA	unphased	4.04499599003841	1.0112489975096	4
7	6098708	6098709	20	4	8	4	4	1	NA	NA	NA	unphased	1.62893081761006	1.62893081761006	1
7	14741332	14741333	64	29	8	4	4	1	NA	NA	NA	unphased	3.04767701359302	1.01589233786434	3
7	15433747	15433748	96	55	8	4	4	1	NA	NA	NA	unphased	3.55991503186305	0.889978757965763	4
7	18669010	18669011	30	8	8.48	7	4	0.72	1	1	0.28	unphased	2.15864945382324	0.884692399107884	2.44
7	18806776	18806777	31	4	8.48	7	4	0.72	1	1	0.28	unphased	1.17183827493261	1.17183827493261	1
7	19015541	19015542	46	16	7.86	4	4	0.98	0	1	0.02	unphased	2.48608642726719	0.845607628322175	2.94
7	19035667	19035668	24	10	7.86	4	4	0.98	0	1	0.02	unphased	2.83340732519423	0.963743988161302	2.94
7	19184800	19184801	45	22	7.86	4	4	0.98	0	1	0.02	unphased	3.16326668544072	1.06149888773179	2.98
7	19761702	19761703	86	39	7.86	4	4	0.98	0	1	0.02	unphased	3.00567849056604	1.00861694314297	2.98
7	19765324	19765325	117	15	7.86	4	4	0.98	0	1	0.02	unphased	1.09472555746141	1.09472555746141	1
7	19765325	19765326	117	16	7.86	4	4	0.98	0	1	0.02	unphased	1.15892750744786	1.15892750744786	1
7	20778741	20778742	8	11	7.86	4	4	0.98	0	1	0.02	unphased	5.57733862959285	1.40134136421931	3.98
7	21789862	21789863	35	16	11	7	4	1	NA	NA	NA	unphased	4.00739918608953	1.00184979652238	4
7	21892163	21892164	120	51	11	7	4	1	NA	NA	NA	unphased	3.80966567361801	0.952416418404502	4
7	22766895	22766896	96	18	11	7	4	1	NA	NA	NA	unphased	2.01688182720953	1.00844091360477	2
7	23811863	23811864	92	26	1.6	4	2	0.12	0	1	0.88	unphased	0.743332267348897	0.743332267348897	1
7	23823237	23823238	111	52	1.6	4	2	0.12	0	1	0.88	unphased	1.0762356754254	1.0762356754254	1
7	27148328	27148329	23	11	3.38	3	2	0.46	1	1	0.54	unphased	1.66733629300777	0.86840431927488	1.92
7	27285904	27285905	22	5	3.38	3	2	0.46	1	1	0.54	unphased	0.954367575122292	0.954367575122292	1
7	28997136	28997137	24	9	3.38	3	2	0.46	1	1	0.54	unphased	1.40552315608919	1.40552315608919	1
7	29546842	29546843	74	19	3.38	3	2	0.46	1	1	0.54	unphased	1.05288293771556	1.05288293771556	1
7	30963293	30963294	8	9	3.38	3	2	0.46	1	1	0.54	unphased	2.72836847946726	1.10909287783222	2.46
7	31104525	31104526	23	19	3.38	3	2	0.46	1	1	0.54	unphased	2.33138364779874	0.947716929999489	2.46
7	31104526	31104527	22	19	3.38	3	2	0.46	1	1	0.54	unphased	2.38824666359871	0.970831977072647	2.46
7	31378387	31378388	84	34	3.38	3	2	0.46	1	1	0.54	unphased	1.48493124400384	1.01707619452318	1.46
7	31594512	31594513	10	5	3.38	3	2	0.46	1	1	0.54	unphased	1.71786163522013	1.71786163522013	1
7	32997398	32997399	20	5	3.38	3	2	0.46	1	1	0.54	unphased	1.03071698113208	1.03071698113208	1
7	33134983	33134984	50	17	3.38	3	2	0.46	1	1	0.54	unphased	1.3076260208392	1.3076260208392	1
7	35242293	35242294	18	15	3.38	3	2	0.46	1	1	0.54	unphased	2.34253859348199	0.952251460765037	2.46
7	37172754	37172755	66	18	3.38	3	2	0.46	1	1	0.54	unphased	1.10433962264151	1.10433962264151	1
7	37951858	37951859	96	33	3.38	3	2	0.46	1	1	0.54	unphased	1.31835892935498	0.902985568051357	1.46
7	39991234	39991235	8	2	3.38	3	2	0.46	1	1	0.54	unphased	1.03071698113208	1.03071698113208	1
7	40102634	40102635	37	16	3.38	3	2	0.46	1	1	0.54	unphased	1.55579921680313	1.06561590191995	1.46
7	41729679	41729680	45	21	3.38	3	2	0.46	1	1	0.54	unphased	1.63977701543739	1.12313494208041	1.46
7	41730111	41730112	18	10	3.38	3	2	0.46	1	1	0.54	unphased	1.84056603773585	0.958628144654088	1.92
7	43508579	43508580	83	15	3.38	3	2	0.46	1	1	0.54	unphased	0.788814016172507	0.788814016172507	1
7	45141998	45141999	75	31	3.38	3	2	0.46	1	1	0.54	unphased	1.50718049127803	1.03231540498496	1.46
7	45719307	45719308	87	13	3.38	3	2	0.46	1	1	0.54	unphased	0.669966037735849	0.669966037735849	1
7	47336717	47336718	73	39	3.38	3	2	0.46	1	1	0.54	unphased	1.79455188679245	0.934662441037736	1.92
7	48353963	48353964	9	2	3.38	3	2	0.46	1	1	0.54	unphased	0.937015437392796	0.937015437392796	1
7	53104031	53104032	78	14	3.38	3	2	0.46	1	1	0.54	unphased	0.784241181296145	0.784241181296145	1
7	65157730	65157731	160	14	5.78	5	3	0.63	1	1	0.37	unphased	0.607759705053134	0.964697944528784	0.63
7	66270308	66270309	113	37	5.78	5	3	0.63	1	1	0.37	unphased	1.86321761006289	1.14307828838214	1.63
7	70853322	70853323	86	36	5.78	5	3	0.63	1	1	0.37	unphased	2.22892669347355	0.986250749324581	2.26
7	72657741	72657742	219	24	5.78	5	3	0.63	1	1	0.37	unphased	0.746033077102259	0.746033077102259	1
7	72892674	72892675	37	18	5.78	5	3	0.63	1	1	0.37	unphased	2.47208233276158	0.939955259605163	2.63
7	73115083	73115084	147	9	5.78	5	3	0.63	1	1	0.37	unphased	0.435783744557329	0.691720229456078	0.63
7	73649960	73649961	123	80	5.78	5	3	0.63	1	1	0.37	unphased	2.97678222883168	1.03002845288293	2.89
7	75070253	75070254	454	27	5.78	5	3	0.63	1	1	0.37	unphased	0.424005805515239	0.424005805515239	1
7	79082356	79082357	118	62	5.78	5	3	0.63	1	1	0.37	unphased	2.60179035639413	0.989273899769631	2.63
7	79082572	79082573	251	16	5.78	5	3	0.63	1	1	0.37	unphased	0.452649282736202	0.718490924978099	0.63
7	81392048	81392049	80	82	5.78	5	3	0.63	1	1	0.37	unphased	3.82341952014908	0.982884195411075	3.89
7	84628805	84628806	67	18	6.62	5	3	0.77	1	1	0.23	unphased	1.77746503884573	1.00421753607103	1.77
7	87133574	87133575	102	32	4.28	4	2	0.57	1	1	0.43	unphased	1.44563221627711	0.920784851131914	1.57
7	87174222	87174223	46	50	4.28	4	2	0.57	1	1	0.43	unphased	3.15290880503145	1.00411108440492	3.14
7	87516658	87516659	11	11	4.28	4	2	0.57	1	1	0.43	unphased	3.02679245283019	0.963946641028723	3.14
7	88964843	88964844	82	20	4.28	4	2	0.57	1	1	0.43	unphased	1.18697743248243	1.18697743248243	1
7	88966268	88966269	144	47	4.28	4	2	0.57	1	1	0.43	unphased	1.48962560505779	0.948806117871203	1.57
7	92733474	92733475	76	15	4.28	4	2	0.57	1	1	0.43	unphased	0.997843665768194	0.997843665768194	1
7	92763447	92763448	177	18	4.28	4	2	0.57	1	1	0.43	unphased	0.558792452830189	0.980337636544191	0.57
7	93055888	93055889	27	15	4.28	4	2	0.57	1	1	0.43	unphased	2.16199460916442	1.01027785474973	2.14
7	94048809	94048810	41	21	4.28	4	2	0.57	1	1	0.43	unphased	2.0504077906269	0.958134481601356	2.14
7	96251932	96251933	28	13	4.28	4	2	0.57	1	1	0.43	unphased	1.91942936033134	0.896929607631467	2.14
7	96637091	96637092	10	10	4.28	4	2	0.57	1	1	0.43	unphased	3.02679245283019	0.963946641028723	3.14
7	96651435	96651436	15	27	4.28	4	2	0.57	1	1	0.43	unphased	3.89159029649596	1.09008131554509	3.57
7	98249109	98249110	62	7	4.28	4	2	0.57	1	1	0.43	unphased	0.614131802023517	0.614131802023517	1
7	98529087	98529088	29	7	4.28	4	2	0.57	1	1	0.43	unphased	1.17708595387841	1.17708595387841	1
7	98556986	98556987	109	30	4.28	4	2	0.57	1	1	0.43	unphased	1.30652911632958	1.30652911632958	1
7	98645413	98645414	219	54	4.28	4	2	0.57	1	1	0.43	unphased	1.19741239892183	1.19741239892183	1
7	99129497	99129498	146	54	4.28	4	2	0.57	1	1	0.43	unphased	1.6344679245283	1.04106237231102	1.57
7	99564901	99564902	40	9	4.28	4	2	0.57	1	1	0.43	unphased	1.11188294185599	1.11188294185599	1
7	100190514	100190515	82	13	4.28	4	2	0.57	1	1	0.43	unphased	0.828385302879841	0.828385302879841	1
7	100200022	100200023	20	10	4.28	4	2	0.57	1	1	0.43	unphased	2.01786163522013	0.942925997766414	2.14
7	100391492	100391493	207	31	4.28	4	2	0.57	1	1	0.43	unphased	0.788492151577612	0.788492151577612	1
7	100417242	100417243	113	67	4.28	4	2	0.57	1	1	0.43	unphased	2.25327882599581	1.05293403083916	2.14
7	100454618	100454619	133	18	4.28	4	2	0.57	1	1	0.43	unphased	0.721619392727727	0.721619392727727	1
7	100675447	100675448	199	124	4.28	4	2	0.57	1	1	0.43	unphased	2.3239768678077	1.08597049897556	2.14
7	100732769	100732770	109	12	4.28	4	2	0.57	1	1	0.43	unphased	0.600355527834087	1.05325531198963	0.57
7	103237093	103237094	41	29	4.28	4	2	0.57	1	1	0.43	unphased	2.50791374663073	0.975841924759038	2.57
7	103629664	103629665	66	29	4.28	4	2	0.57	1	1	0.43	unphased	1.8479364448858	0.863521703217663	2.14
7	107434950	107434951	50	51	4.28	4	2	0.57	1	1	0.43	unphased	3.05676069493742	0.973490667177522	3.14
7	107615732	107615733	86	21	4.28	4	2	0.57	1	1	0.43	unphased	1.18808675718568	1.18808675718568	1
7	107698323	107698324	41	12	4.28	4	2	0.57	1	1	0.43	unphased	1.37062299750801	1.37062299750801	1
7	113519091	113519092	238	59	4.28	4	2	0.57	1	1	0.43	unphased	1.20256400482816	1.20256400482816	1
7	113519321	113519322	168	73	4.28	4	2	0.57	1	1	0.43	unphased	1.83365849839505	0.856849765605164	2.14
7	116960807	116960808	43	16	4.28	4	2	0.57	1	1	0.43	unphased	1.6416501439079	1.04563703433624	1.57
7	121650576	121650577	42	26	4.28	4	2	0.57	1	1	0.43	unphased	2.31460599334073	1.08159158567324	2.14
7	121651866	121651867	83	30	4.28	4	2	0.57	1	1	0.43	unphased	1.60714643513107	1.02366014976502	1.57
7	122635504	122635505	95	7	4.28	4	2	0.57	1	1	0.43	unphased	0.415442101368849	0.728845791875175	0.57
7	128369989	128369990	107	88	4.28	4	2	0.57	1	1	0.43	unphased	2.73187421383648	1.00807166562232	2.71
7	128485008	128485009	77	29	4.28	4	2	0.57	1	1	0.43	unphased	1.65616945532218	1.05488500338992	1.57
7	128851596	128851597	82	45	4.28	4	2	0.57	1	1	0.43	unphased	2.1449710295647	1.00232291101154	2.14
7	129855930	129855931	38	43	4.28	4	2	0.57	1	1	0.43	unphased	3.21363149312835	1.02344952010457	3.14
7	132481246	132481247	41	47	4.28	4	2	0.57	1	1	0.43	unphased	3.23316466552316	1.02967027564432	3.14
7	133859349	133859350	82	18	4.28	4	2	0.57	1	1	0.43	unphased	1.08964528301887	1.08964528301887	1
7	135312827	135312828	166	21	4.28	4	2	0.57	1	1	0.43	unphased	0.679814347694481	1.19265675034119	0.57
7	136936024	136936025	219	159	4.28	4	2	0.57	1	1	0.43	unphased	2.54634920634921	0.990797356556111	2.57
7	137363299	137363300	356	122	4.28	4	2	0.57	1	1	0.43	unphased	1.54505723533591	0.984112888748989	1.57
7	140227245	140227246	11	6	4.28	4	2	0.57	1	1	0.43	unphased	2.13655937846837	0.998392232929144	2.14
7	142020942	142020943	22	9	4.28	4	2	0.57	1	1	0.43	unphased	1.75749239196592	1.75749239196592	1
7	142168388	142168389	121	14	4.28	4	2	0.57	1	1	0.43	unphased	0.627779175401817	1.10136697438915	0.57
7	142176610	142176611	44	3	4.28	4	2	0.57	1	1	0.43	unphased	0.386399036531513	0.677893046546515	0.57
7	142223872	142223873	155	32	4.28	4	2	0.57	1	1	0.43	unphased	1.03590757743921	1.03590757743921	1
7	142364551	142364552	40	12	4.28	4	2	0.57	1	1	0.43	unphased	1.39698113207547	1.39698113207547	1
7	142499049	142499050	173	32	4.28	4	2	0.57	1	1	0.43	unphased	0.944949838932352	0.944949838932352	1
7	142562422	142562423	116	45	4.28	4	2	0.57	1	1	0.43	unphased	1.6919957810852	1.07770431916255	1.57
7	142566476	142566477	93	21	4.28	4	2	0.57	1	1	0.43	unphased	1.11513406156902	1.11513406156902	1
7	142612721	142612722	50	20	4.28	4	2	0.57	1	1	0.43	unphased	1.72959568733154	1.10165330403283	1.57
7	142639552	142639553	21	4	4.28	4	2	0.57	1	1	0.43	unphased	0.96857358490566	0.96857358490566	1
7	142639553	142639554	21	4	4.28	4	2	0.57	1	1	0.43	unphased	0.96857358490566	0.96857358490566	1
7	142724163	142724164	44	32	4.28	4	2	0.57	1	1	0.43	unphased	2.5488778550149	0.991781266542761	2.57
7	142749829	142749830	110	9	4.28	4	2	0.57	1	1	0.43	unphased	0.457834152528936	0.803217811454274	0.57
7	142749966	142749967	179	73	4.28	4	2	0.57	1	1	0.43	unphased	1.75361784965559	1.11695404436662	1.57
7	142880807	142880808	77	41	4.28	4	2	0.57	1	1	0.43	unphased	2.103364246882	0.982880489197194	2.14
7	143417097	143417098	63	24	4.28	4	2	0.57	1	1	0.43	unphased	1.6699544567339	1.06366525906618	1.57
7	143573528	143573529	34	18	4.28	4	2	0.57	1	1	0.43	unphased	2.09547169811321	0.979192382295891	2.14
7	147869547	147869548	179	67	4.28	4	2	0.57	1	1	0.43	unphased	1.64874060438718	1.05015325120202	1.57
7	148112562	148112563	67	22	4.28	4	2	0.57	1	1	0.43	unphased	1.4963917744329	0.953115779893568	1.57
7	148454126	148454127	87	44	4.28	4	2	0.57	1	1	0.43	unphased	2.0332651591531	0.95012390614631	2.14
7	148454127	148454128	86	44	4.28	4	2	0.57	1	1	0.43	unphased	2.04890566037736	0.957432551578205	2.14
7	148892658	148892659	38	5	4.28	4	2	0.57	1	1	0.43	unphased	0.703905221588416	0.703905221588416	1
7	149493806	149493807	17	12	4.28	4	2	0.57	1	1	0.43	unphased	2.50493168510085	0.974681589533403	2.57
7	149518043	149518044	14	10	4.28	4	2	0.57	1	1	0.43	unphased	2.52232704402516	0.981450211682941	2.57
7	150649545	150649546	37	12	4.28	4	2	0.57	1	1	0.43	unphased	1.48251058914132	1.48251058914132	1
7	151970791	151970792	238	22	4.28	4	2	0.57	1	1	0.43	unphased	0.51222641509434	0.898642833498842	0.57
7	154759554	154759555	40	10	4.28	4	2	0.57	1	1	0.43	unphased	1.21071698113208	1.21071698113208	1
8	10467856	10467857	49	26	1.22	2	1	0.11	0	1	0.89	unphased	1.03777610062893	1.03777610062893	1
8	10468340	10468341	29	8	1.22	2	1	0.11	0	1	0.89	unphased	0.647261601223865	0.647261601223865	1
8	11643642	11643643	18	4	1.22	2	1	0.11	0	1	0.89	unphased	0.544288164665523	0.544288164665523	1
8	11995976	11995977	124	46	1.22	2	1	0.11	0	1	0.89	unphased	0.810028856825749	0.810028856825749	1
8	18666361	18666362	15	9	1	2	1	0	0	1	1	unphased	1.04009433962264	1.04009433962264	1
8	21996233	21996234	57	62	1	2	1	0	0	1	1	unphased	1.44506104328524	1.44506104328524	1
8	24168934	24168935	53	10	1	2	1	0	0	1	1	unphased	0.440251572327044	0.440251572327044	1
8	24348308	24348309	107	21	1	2	1	0	0	1	1	unphased	0.455041273584906	0.455041273584906	1
8	26721981	26721982	35	10	3	2	1	1	NA	NA	NA	unphased	1.06079664570231	1.06079664570231	1
8	27528416	27528417	68	38	3	2	1	1	NA	NA	NA	unphased	1.71128515485938	0.85564257742969	2
8	28573991	28573992	10	15	3	2	1	1	NA	NA	NA	unphased	2.86415094339623	1.43207547169811	2
8	28575346	28575347	54	32	3	2	1	1	NA	NA	NA	unphased	1.77621763931549	0.888108819657745	2
8	30537128	30537129	34	24	3	2	1	1	NA	NA	NA	unphased	1.97527651268705	0.987638256343526	2
8	32600214	32600215	93	21	3	2	1	1	NA	NA	NA	unphased	0.879344587884806	0.879344587884806	1
8	33449644	33449645	27	10	3	2	1	1	NA	NA	NA	unphased	1.29015808261091	1.29015808261091	1
8	35624418	35624419	54	26	3	2	1	1	NA	NA	NA	unphased	1.55141509433962	0.775707547169811	2
8	35624419	35624420	53	26	3	2	1	1	NA	NA	NA	unphased	1.57105326009076	0.785526630045379	2
8	38172975	38172976	165	21	5	4	1	1	NA	NA	NA	unphased	0.764759586122946	0.764759586122946	1
8	38705563	38705564	42	12	5	4	1	1	NA	NA	NA	unphased	1.50524109014675	1.50524109014675	1
8	39581360	39581361	53	22	5	4	1	1	NA	NA	NA	unphased	1.98691823899371	0.993459119496855	2
8	39602376	39602377	99	48	5	4	1	1	NA	NA	NA	unphased	2.21178282633808	1.10589141316904	2
8	41166586	41166587	10	7	5	4	1	1	NA	NA	NA	unphased	2.78912319644839	0.929707732149464	3
8	41397471	41397472	98	14	5	4	1	1	NA	NA	NA	unphased	0.846698113207547	0.846698113207547	1
8	41563734	41563735	49	10	5	4	1	1	NA	NA	NA	unphased	1.14806523824752	1.14806523824752	1
8	42407750	42407751	63	36	5	4	1	1	NA	NA	NA	unphased	2.4631217838765	0.8210405946255	3
8	49987893	49987894	16	4	4	2	2	1	NA	NA	NA	unphased	1.15471698113208	1.15471698113208	1
8	49987894	49987895	15	4	4	2	2	1	NA	NA	NA	unphased	1.2154915590864	1.2154915590864	1
8	51306824	51306825	27	15	4	2	2	1	NA	NA	NA	unphased	2.06199460916442	1.03099730458221	2
8	51306825	51306826	28	15	4	2	2	1	NA	NA	NA	unphased	2.0140412461606	1.0070206230803	2
8	52387648	52387649	20	4	3	2	1	1	NA	NA	NA	unphased	0.79559748427673	0.79559748427673	1
8	56015027	56015028	42	6	4	2	2	1	NA	NA	NA	unphased	0.721698113207547	0.721698113207547	1
8	56436145	56436146	189	41	3	2	1	1	NA	NA	NA	unphased	0.850943396226415	0.850943396226415	1
8	57353687	57353688	10	3	3	2	1	1	NA	NA	NA	unphased	1.10159651669086	1.10159651669086	1
8	65517322	65517323	48	8	4	2	2	1	NA	NA	NA	unphased	0.824797843665768	0.824797843665768	1
8	67803241	67803242	42	16	4	2	2	1	NA	NA	NA	unphased	1.59271307742355	0.796356538711776	2
8	69012022	69012023	115	27	2.56	5	2	0.26	1	0	0.74	unphased	0.823991496146692	0.823991496146692	1
8	70964381	70964382	119	24	1.06	5	2	0.01	0	1	0.99	unphased	0.47556669745349	0.47556669745349	1
8	71044132	71044133	27	7	1.06	5	2	0.01	0	1	0.99	unphased	0.58338512763596	0.58338512763596	1
8	73848808	73848809	91	30	1.06	5	2	0.01	0	1	0.99	unphased	0.702541712147201	0.702541712147201	1
8	74941232	74941233	75	10	1.06	5	2	0.01	0	1	0.99	unphased	0.333362930077691	0.333362930077691	1
8	75233421	75233422	50	4	1.06	5	2	0.01	0	1	0.99	unphased	0.209895178197065	0.209895178197065	1
8	76470800	76470801	199	35	1.06	5	2	0.01	0	1	0.99	unphased	0.423826802128689	0.423826802128689	1
8	77616892	77616893	26	25	5.12	5	1	0.78	1	1	0.22	unphased	3.37920828708842	1.01173900811031	3.34
8	77690498	77690499	152	9	5.12	5	1	0.78	1	1	0.22	unphased	0.38535567795617	0.38535567795617	1
8	77768043	77768044	30	7	5.12	5	1	0.78	1	1	0.22	unphased	1.30419173890872	1.30419173890872	1
8	77768055	77768056	25	5	5.12	5	1	0.78	1	1	0.22	unphased	1.14893081761006	1.14893081761006	1
8	77775884	77775885	11	3	5.12	5	1	0.78	1	1	0.22	unphased	1.47719676549865	1.47719676549865	1
8	80942274	80942275	29	8	5.12	5	1	0.78	1	1	0.22	unphased	1.49050484446711	1.49050484446711	1
8	82373695	82373696	200	24	5.12	5	1	0.78	1	1	0.22	unphased	0.738598382749326	0.738598382749326	1
8	82670727	82670728	104	15	5.12	5	1	0.78	1	1	0.22	unphased	0.868939273822737	0.868939273822737	1
8	86357417	86357418	56	18	5.12	5	1	0.78	1	1	0.22	unphased	1.6768179500255	0.9420325561941	1.78
8	87155155	87155156	225	77	5.12	5	1	0.78	1	1	0.22	unphased	1.75763588654255	0.987435891316037	1.78
8	87414323	87414324	85	29	5.12	5	1	0.78	1	1	0.22	unphased	1.75363124793115	0.985186094343342	1.78
8	88249150	88249151	78	19	5.12	5	1	0.78	1	1	0.22	unphased	1.35028982688193	1.35028982688193	1
8	88885826	88885827	65	77	5.12	5	1	0.78	1	1	0.22	unphased	3.73807068828063	0.988907589492229	3.78
8	88885886	88885887	151	35	5.12	5	1	0.78	1	1	0.22	unphased	1.2971799553662	1.2971799553662	1
8	89180195	89180196	39	15	5.12	5	1	0.78	1	1	0.22	unphased	1.91488469601677	1.07577791911055	1.78
8	91013691	91013692	19	4	5.12	5	1	0.78	1	1	0.22	unphased	1.1988843314192	1.1988843314192	1
8	92030694	92030695	136	63	5.12	5	1	0.78	1	1	0.22	unphased	2.18239120128947	0.852496563003698	2.56
8	95541570	95541571	39	4	5.12	5	1	0.78	1	1	0.22	unphased	0.641263712154454	0.641263712154454	1
8	95782725	95782726	46	26	5.12	5	1	0.78	1	1	0.22	unphased	2.4893501048218	0.972402384696017	2.56
8	98289910	98289911	11	3	5.12	5	1	0.78	1	1	0.22	unphased	1.47719676549865	1.47719676549865	1
8	100732582	100732583	37	7	5.12	5	1	0.78	1	1	0.22	unphased	1.09670668953688	1.09670668953688	1
8	104438328	104438329	79	42	5.12	5	1	0.78	1	1	0.22	unphased	2.39281459535319	0.934693201309839	2.56
8	104897987	104897988	43	8	5.12	5	1	0.78	1	1	0.22	unphased	1.08134665186829	1.08134665186829	1
8	104898339	104898340	54	20	5.12	5	1	0.78	1	1	0.22	unphased	1.86313105558389	1.04670284021567	1.78
8	104922614	104922615	139	34	5.12	5	1	0.78	1	1	0.22	unphased	1.35480859417603	0.761128423694398	1.78
8	104955026	104955027	34	28	5.12	5	1	0.78	1	1	0.22	unphased	3.11323189287888	0.932105357149365	3.34
8	105456550	105456551	87	18	5.12	5	1	0.78	1	1	0.22	unphased	1.18175741239892	1.18175741239892	1
8	107719005	107719006	47	32	5.12	5	1	0.78	1	1	0.22	unphased	2.79233818963458	1.00443819771028	2.78
8	108334177	108334178	125	26	5.12	5	1	0.78	1	1	0.22	unphased	1.18697488441834	1.18697488441834	1
8	110447582	110447583	213	54	5.12	5	1	0.78	1	1	0.22	unphased	1.39420818316727	0.783263024251274	1.78
8	113236910	113236911	15	3	5.12	5	1	0.78	1	1	0.22	unphased	1.14893081761006	1.14893081761006	1
8	113564842	113564843	55	3	5.12	5	1	0.78	1	1	0.22	unphased	0.356564736499675	0.457134277563685	0.78
8	113694813	113694814	63	94	5.12	5	1	0.78	1	1	0.22	unphased	4.12736930657373	1.00178866664411	4.12
8	116616855	116616856	40	3	5.12	5	1	0.78	1	1	0.22	unphased	0.48094778411584	0.48094778411584	1
8	118147621	118147622	183	23	5.12	5	1	0.78	1	1	0.22	unphased	0.769672101117421	0.769672101117421	1
8	118165222	118165223	89	18	5.12	5	1	0.78	1	1	0.22	unphased	1.15966848880268	1.15966848880268	1
8	120233846	120233847	267	145	5.12	5	1	0.78	1	1	0.22	unphased	2.4261403187397	0.947711062007694	2.56
8	121174764	121174765	62	5	5.12	5	1	0.78	1	1	0.22	unphased	0.514446634750774	0.514446634750774	1
8	124408583	124408584	30	5	5.12	5	1	0.78	1	1	0.22	unphased	0.984797843665768	0.984797843665768	1
8	125047561	125047562	168	12	5.12	5	1	0.78	1	1	0.22	unphased	0.459572327044025	0.589195291082083	0.78
8	125113404	125113405	89	12	5.12	5	1	0.78	1	1	0.22	unphased	0.81903979077153	0.81903979077153	1
8	131796022	131796023	47	62	5.12	5	1	0.78	1	1	0.22	unphased	3.9211216894582	1.03733378027995	3.78
8	131922042	131922043	138	54	5.12	5	1	0.78	1	1	0.22	unphased	1.93882075471698	1.08922514309943	1.78
8	133844550	133844551	99	53	5.12	5	1	0.78	1	1	0.22	unphased	2.40368421052632	0.938939144736842	2.56
8	133906137	133906138	78	9	5.12	5	1	0.78	1	1	0.22	unphased	0.713129472999349	0.713129472999349	1
8	134042223	134042224	112	47	5.12	5	1	0.78	1	1	0.22	unphased	2.03772635576124	1.14479008750632	1.78
8	139163656	139163657	24	23	5.12	5	1	0.78	1	1	0.22	unphased	3.3734564431955	1.01001689916033	3.34
8	139278015	139278016	67	30	5.12	5	1	0.78	1	1	0.22	unphased	2.13203656876094	0.832826784672243	2.56
8	140630536	140630537	170	51	5.12	5	1	0.78	1	1	0.22	unphased	1.59082728592163	0.893723194337992	1.78
8	140631104	140631105	23	29	5.12	5	1	0.78	1	1	0.22	unphased	3.84449927431059	1.01706330008217	3.78
8	140631105	140631106	24	29	5.12	5	1	0.78	1	1	0.22	unphased	3.77196155215379	0.997873426495712	3.78
8	142446052	142446053	33	58	5.12	5	1	0.78	1	1	0.22	unphased	4.39371345635496	1.01237637243202	4.34
8	143747286	143747287	35	6	5.12	5	1	0.78	1	1	0.22	unphased	1.00881730326737	1.00881730326737	1
8	145111987	145111988	8	21	5.12	5	1	0.78	1	1	0.22	unphased	4.99190631099544	1.04433186422499	4.78
8	145692682	145692683	137	21	NA	NA	NA	NA	NA	NA	NA	unphased	NA	NA	1
9	6014810	6014811	85	15	6.02	6	2	0.67	1	1	0.33	unphased	1.16903773584906	1.16903773584906	1
9	7799590	7799591	96	66	6.02	6	2	0.67	1	1	0.33	unphased	3.1751642208246	0.950647970306766	3.34
9	8319938	8319939	53	15	6.02	6	2	0.67	1	1	0.33	unphased	1.7191731409545	1.02944499458353	1.67
9	8338978	8338979	124	36	6.02	6	2	0.67	1	1	0.33	unphased	1.75355660377359	1.0500338944752	1.67
9	8341974	8341975	38	13	6.02	6	2	0.67	1	1	0.33	unphased	1.98660007399186	0.848974390594812	2.34
9	8521407	8521408	178	61	6.02	6	2	0.67	1	1	0.33	unphased	1.98915765374595	0.850067373395707	2.34
9	16435885	16435886	64	13	6.02	6	2	0.67	1	1	0.33	unphased	1.3158000490076	1.3158000490076	1
9	16436624	16436625	69	77	6.02	6	2	0.67	1	1	0.33	unphased	4.11031532695787	1.02501629101194	4.01
9	18889699	18889700	31	7	6.02	6	2	0.67	1	1	0.33	unphased	1.43566037735849	1.43566037735849	1
9	19423858	19423859	80	43	6.02	6	2	0.67	1	1	0.33	unphased	2.72458659303574	1.02044441686732	2.67
9	21385304	21385305	43	74	6.02	6	2	0.67	1	1	0.33	unphased	4.92927592323819	0.983887409827982	5.01
9	21440599	21440600	102	24	6.02	6	2	0.67	1	1	0.33	unphased	1.48449236298293	0.888917582624508	1.67
9	21481076	21481077	140	7	6.02	6	2	0.67	1	1	0.33	unphased	0.371123090745732	0.553915060814526	0.67
9	21481741	21481742	22	35	6.02	6	2	0.67	1	1	0.33	unphased	4.78553459119497	1.02255012632371	4.68
9	35060351	35060352	73	38	6.02	6	2	0.67	1	1	0.33	unphased	2.6680741118477	0.999278693575917	2.67
9	35093026	35093027	57	31	6.02	6	2	0.67	1	1	0.33	unphased	2.74546740994854	1.02826494754627	2.67
9	35751400	35751401	89	5	6.02	6	2	0.67	1	1	0.33	unphased	0.414552388598956	0.618734908356651	0.67
9	36091207	36091208	188	39	6.02	6	2	0.67	1	1	0.33	unphased	1.33898595295487	0.801787995781357	1.67
9	36121569	36121570	125	24	6.02	6	2	0.67	1	1	0.33	unphased	1.25534253513993	1.25534253513993	1
9	36197558	36197559	269	56	6.02	6	2	0.67	1	1	0.33	unphased	1.3428946298984	0.804128520897248	1.67
9	37015065	37015066	295	79	6.02	6	2	0.67	1	1	0.33	unphased	1.6462385228534	0.985771570570895	1.67
9	43627609	43627610	33	135	NA	NA	NA	NA	NA	NA	NA	unphased	NA	NA	1
9	71098928	71098929	102	45	4.13	3	2	0.71	1	1	0.29	unphased	1.80721986907971	1.05685372460802	1.71
9	74305069	74305070	83	31	4.13	3	2	0.71	1	1	0.29	unphased	1.60536080767958	0.938807489871097	1.71
9	77300495	77300496	108	30	4.13	3	2	0.71	1	1	0.29	unphased	1.28338802296965	1.28338802296965	1
9	79325217	79325218	103	28	4.13	3	2	0.71	1	1	0.29	unphased	1.26183494166787	1.26183494166787	1
9	79936429	79936430	59	8	4.13	3	2	0.71	1	1	0.29	unphased	0.704905660377358	0.704905660377358	1
9	79966230	79966231	106	36	4.13	3	2	0.71	1	1	0.29	unphased	1.49668349720967	0.87525350714016	1.71
9	79966272	79966273	87	62	4.13	3	2	0.71	1	1	0.29	unphased	2.45652526275801	1.0150930837843	2.42
9	84606796	84606797	36	11	3.98	3	2	0.66	1	1	0.34	unphased	1.34658370132477	1.34658370132477	1
9	85619413	85619414	77	26	4.01	3	2	0.67	1	1	0.33	unphased	1.45993405385602	0.874212008297017	1.67
9	85914068	85914069	35	10	4.01	3	2	0.67	1	1	0.33	unphased	1.28524109014675	1.28524109014675	1
9	86914505	86914506	35	18	4.01	3	2	0.67	1	1	0.33	unphased	1.96423638305447	0.839417257715584	2.34
9	89561086	89561087	16	18	4.01	3	2	0.67	1	1	0.33	unphased	3.06189789123196	1.14677823641647	2.67
9	90113981	90113982	35	11	4.01	3	2	0.67	1	1	0.33	unphased	1.3830311730927	1.3830311730927	1
9	90343658	90343659	39	19	4.01	3	2	0.67	1	1	0.33	unphased	1.89462264150943	1.13450457575415	1.67
9	90502474	90502475	50	9	4.01	3	2	0.67	1	1	0.33	unphased	0.882241765270227	0.882241765270227	1
9	94488835	94488836	110	16	4.01	3	2	0.67	1	1	0.33	unphased	0.734423480083857	0.734423480083857	1
9	95610573	95610574	60	51	4.01	3	2	0.67	1	1	0.33	unphased	2.65732279449261	0.995251982956032	2.67
9	97088124	97088125	40	30	4.01	3	2	0.67	1	1	0.33	unphased	2.47867924528302	1.05926463473633	2.34
9	100124674	100124675	138	69	4.01	3	2	0.67	1	1	0.33	unphased	1.92786163522013	1.15440816480247	1.67
9	107288699	107288700	59	18	3.98	3	2	0.66	1	1	0.34	unphased	1.34499387405048	1.34499387405048	1
9	111640997	111640998	164	84	3.98	3	2	0.66	1	1	0.34	unphased	1.9487948874011	0.839997796293576	2.32
9	114875149	114875150	16	7	3.98	3	2	0.66	1	1	0.34	unphased	1.75109105824446	1.75109105824446	1
9	115805324	115805325	42	15	3.98	3	2	0.66	1	1	0.34	unphased	1.51410129096326	1.51410129096326	1
9	119976949	119976950	29	25	3.4	3	3	0.35	1	1	0.65	unphased	2.39517819706499	1.01922476470851	2.35
9	120053747	120053748	57	48	3.4	3	3	0.35	1	1	0.65	unphased	2.36506738544474	1.00641165338074	2.35
9	125391436	125391437	26	29	3.96	3	2	0.74	1	0	0.26	unphased	3.02316295025729	1.10334414242967	2.74
9	125643033	125643034	39	15	3.96	3	2	0.74	1	0	0.26	unphased	1.59266247379455	0.915323260801465	1.74
9	125797759	125797760	44	19	3.96	3	2	0.74	1	0	0.26	unphased	1.7291764001198	0.993779540298733	1.74
9	129642149	129642150	48	34	3.96	3	2	0.74	1	0	0.26	unphased	2.37734008283479	0.958604872110803	2.48
9	131087420	131087421	37	22	3.96	3	2	0.74	1	0	0.26	unphased	2.13794691397506	0.862075368538329	2.48
9	134334682	134334683	21	14	3.96	3	2	0.74	1	0	0.26	unphased	2.29343396226415	0.924771758977481	2.48
9	135073441	135073442	42	37	3.96	3	2	0.74	1	0	0.26	unphased	2.68534989252448	0.980054705300905	2.74
9	135522388	135522389	60	50	3.96	3	2	0.74	1	0	0.26	unphased	2.60617495711835	0.951158743473852	2.74
9	136444266	136444267	16	3	3.96	3	2	0.74	1	0	0.26	unphased	0.905302879841112	0.905302879841112	1
9	137804988	137804989	25	10	3.96	3	2	0.74	1	0	0.26	unphased	1.63816711590296	1.63816711590296	1
9	139396324	139396325	56	3	7	4	3	1	NA	NA	NA	unphased	0.446114486728494	0.446114486728494	1
9	139396780	139396781	65	10	7	4	3	1	NA	NA	NA	unphased	1.16981132075472	1.16981132075472	1
9	139910498	139910499	102	93	7	4	3	1	NA	NA	NA	unphased	4.18432510885341	1.04608127721335	4
9	140063357	140063358	11	11	7	4	3	1	NA	NA	NA	unphased	4.38679245283019	1.09669811320755	4
9	140137870	140137871	286	144	7	4	3	1	NA	NA	NA	unphased	2.93813075910487	0.979376919701624	3
9	140243958	140243959	34	16	7	4	3	1	NA	NA	NA	unphased	2.80754716981132	0.935849056603774	3
9	140707595	140707596	23	24	7	4	3	1	NA	NA	NA	unphased	4.48012846246487	1.12003211561622	4
X	208263	208264	68	34	NA	NA	NA	NA	NA	NA	NA	unphased	NA	NA	1
X	591605	591606	38	15	NA	NA	NA	NA	NA	NA	NA	unphased	NA	NA	1
X	591765	591766	57	17	NA	NA	NA	NA	NA	NA	NA	unphased	NA	NA	1
X	7870119	7870120	28	26	NA	NA	NA	NA	NA	NA	NA	unphased	NA	NA	1
X	27839902	27839903	30	15	NA	NA	NA	NA	NA	NA	NA	unphased	NA	NA	1
X	30254135	30254136	16	8	NA	NA	NA	NA	NA	NA	NA	unphased	NA	NA	1
X	30322842	30322843	60	40	NA	NA	NA	NA	NA	NA	NA	unphased	NA	NA	1
X	34149264	34149265	20	20	NA	NA	NA	NA	NA	NA	NA	unphased	NA	NA	1
X	34962736	34962737	93	30	NA	NA	NA	NA	NA	NA	NA	unphased	NA	NA	1
X	38271133	38271134	169	68	NA	NA	NA	NA	NA	NA	NA	unphased	NA	NA	1
X	40994007	40994008	77	50	NA	NA	NA	NA	NA	NA	NA	unphased	NA	NA	1
X	48054769	48054770	77	77	NA	NA	NA	NA	NA	NA	NA	unphased	NA	NA	1
X	48650290	48650291	21	36	NA	NA	NA	NA	NA	NA	NA	unphased	NA	NA	1
X	48887603	48887604	34	30	NA	NA	NA	NA	NA	NA	NA	unphased	NA	NA	1
X	48887604	48887605	33	30	NA	NA	NA	NA	NA	NA	NA	unphased	NA	NA	1
X	49030729	49030730	77	68	NA	NA	NA	NA	NA	NA	NA	unphased	NA	NA	1
X	49077498	49077499	45	31	NA	NA	NA	NA	NA	NA	NA	unphased	NA	NA	1
X	49834575	49834576	18	8	NA	NA	NA	NA	NA	NA	NA	unphased	NA	NA	1
X	50111964	50111965	24	14	NA	NA	NA	NA	NA	NA	NA	unphased	NA	NA	1
X	50213229	50213230	17	14	NA	NA	NA	NA	NA	NA	NA	unphased	NA	NA	1
X	51149964	51149965	11	14	NA	NA	NA	NA	NA	NA	NA	unphased	NA	NA	1
X	53228301	53228302	44	33	NA	NA	NA	NA	NA	NA	NA	unphased	NA	NA	1
X	62570086	62570087	81	22	NA	NA	NA	NA	NA	NA	NA	unphased	NA	NA	1
X	63410256	63410257	11	6	NA	NA	NA	NA	NA	NA	NA	unphased	NA	NA	1
X	63410390	63410391	49	13	NA	NA	NA	NA	NA	NA	NA	unphased	NA	NA	1
X	63412014	63412015	37	13	NA	NA	NA	NA	NA	NA	NA	unphased	NA	NA	1
X	63412878	63412879	40	11	NA	NA	NA	NA	NA	NA	NA	unphased	NA	NA	1
X	64754485	64754486	6	4	NA	NA	NA	NA	NA	NA	NA	unphased	NA	NA	1
X	66931406	66931407	22	8	NA	NA	NA	NA	NA	NA	NA	unphased	NA	NA	1
X	68749625	68749626	37	8	NA	NA	NA	NA	NA	NA	NA	unphased	NA	NA	1
X	69595092	69595093	33	7	NA	NA	NA	NA	NA	NA	NA	unphased	NA	NA	1
X	69669598	69669599	18	7	NA	NA	NA	NA	NA	NA	NA	unphased	NA	NA	1
X	70360627	70360628	45	10	NA	NA	NA	NA	NA	NA	NA	unphased	NA	NA	1
X	70463770	70463771	38	54	NA	NA	NA	NA	NA	NA	NA	unphased	NA	NA	1
X	70524919	70524920	56	8	NA	NA	NA	NA	NA	NA	NA	unphased	NA	NA	1
X	70586170	70586171	70	13	NA	NA	NA	NA	NA	NA	NA	unphased	NA	NA	1
X	71864284	71864285	15	3	NA	NA	NA	NA	NA	NA	NA	unphased	NA	NA	1
X	72433311	72433312	58	17	NA	NA	NA	NA	NA	NA	NA	unphased	NA	NA	1
X	72674300	72674301	23	12	NA	NA	NA	NA	NA	NA	NA	unphased	NA	NA	1
X	73524365	73524366	42	10	NA	NA	NA	NA	NA	NA	NA	unphased	NA	NA	1
X	73812085	73812086	36	9	NA	NA	NA	NA	NA	NA	NA	unphased	NA	NA	1
X	73959996	73959997	40	8	NA	NA	NA	NA	NA	NA	NA	unphased	NA	NA	1
X	73962861	73962862	10	3	NA	NA	NA	NA	NA	NA	NA	unphased	NA	NA	1
X	73963689	73963690	107	32	NA	NA	NA	NA	NA	NA	NA	unphased	NA	NA	1
X	78216350	78216351	69	20	NA	NA	NA	NA	NA	NA	NA	unphased	NA	NA	1
X	79281105	79281106	54	9	NA	NA	NA	NA	NA	NA	NA	unphased	NA	NA	1
X	85119743	85119744	7	8	NA	NA	NA	NA	NA	NA	NA	unphased	NA	NA	1
X	88008835	88008836	9	5	NA	NA	NA	NA	NA	NA	NA	unphased	NA	NA	1
X	91873756	91873757	207	71	NA	NA	NA	NA	NA	NA	NA	unphased	NA	NA	1
X	91873777	91873778	199	62	NA	NA	NA	NA	NA	NA	NA	unphased	NA	NA	1
X	92927449	92927450	22	15	NA	NA	NA	NA	NA	NA	NA	unphased	NA	NA	1
X	96139981	96139982	57	8	NA	NA	NA	NA	NA	NA	NA	unphased	NA	NA	1
X	99925896	99925897	49	13	NA	NA	NA	NA	NA	NA	NA	unphased	NA	NA	1
X	100274024	100274025	41	12	NA	NA	NA	NA	NA	NA	NA	unphased	NA	NA	1
X	100653865	100653866	85	17	NA	NA	NA	NA	NA	NA	NA	unphased	NA	NA	1
X	100910590	100910591	11	4	NA	NA	NA	NA	NA	NA	NA	unphased	NA	NA	1
X	101138655	101138656	103	40	NA	NA	NA	NA	NA	NA	NA	unphased	NA	NA	1
X	101911007	101911008	155	18	NA	NA	NA	NA	NA	NA	NA	unphased	NA	NA	1
X	101971042	101971043	158	15	NA	NA	NA	NA	NA	NA	NA	unphased	NA	NA	1
X	102192278	102192279	111	20	NA	NA	NA	NA	NA	NA	NA	unphased	NA	NA	1
X	102334544	102334545	131	54	NA	NA	NA	NA	NA	NA	NA	unphased	NA	NA	1
X	102471521	102471522	39	4	NA	NA	NA	NA	NA	NA	NA	unphased	NA	NA	1
X	102755632	102755633	170	24	NA	NA	NA	NA	NA	NA	NA	unphased	NA	NA	1
X	102931000	102931001	74	8	NA	NA	NA	NA	NA	NA	NA	unphased	NA	NA	1
X	103267314	103267315	110	13	NA	NA	NA	NA	NA	NA	NA	unphased	NA	NA	1
X	106185960	106185961	131	12	NA	NA	NA	NA	NA	NA	NA	unphased	NA	NA	1
X	107224762	107224763	155	17	NA	NA	NA	NA	NA	NA	NA	unphased	NA	NA	1
X	107821561	107821562	83	21	NA	NA	NA	NA	NA	NA	NA	unphased	NA	NA	1
X	107977486	107977487	253	28	NA	NA	NA	NA	NA	NA	NA	unphased	NA	NA	1
X	108673535	108673536	192	103	NA	NA	NA	NA	NA	NA	NA	unphased	NA	NA	1
X	109964653	109964654	272	46	NA	NA	NA	NA	NA	NA	NA	unphased	NA	NA	1
X	110495658	110495659	78	24	NA	NA	NA	NA	NA	NA	NA	unphased	NA	NA	1
X	110574137	110574138	152	44	NA	NA	NA	NA	NA	NA	NA	unphased	NA	NA	1
X	112022735	112022736	23	3	NA	NA	NA	NA	NA	NA	NA	unphased	NA	NA	1
X	112033866	112033867	150	115	NA	NA	NA	NA	NA	NA	NA	unphased	NA	NA	1
X	112048219	112048220	141	40	NA	NA	NA	NA	NA	NA	NA	unphased	NA	NA	1
X	113965829	113965830	113	30	NA	NA	NA	NA	NA	NA	NA	unphased	NA	NA	1
X	114540825	114540826	42	8	NA	NA	NA	NA	NA	NA	NA	unphased	NA	NA	1
X	117783001	117783002	114	12	NA	NA	NA	NA	NA	NA	NA	unphased	NA	NA	1
X	118239096	118239097	139	29	NA	NA	NA	NA	NA	NA	NA	unphased	NA	NA	1
X	119243217	119243218	85	16	NA	NA	NA	NA	NA	NA	NA	unphased	NA	NA	1
X	120182831	120182832	152	16	NA	NA	NA	NA	NA	NA	NA	unphased	NA	NA	1
X	122765683	122765684	149	31	NA	NA	NA	NA	NA	NA	NA	unphased	NA	NA	1
X	123019760	123019761	76	15	NA	NA	NA	NA	NA	NA	NA	unphased	NA	NA	1
X	123514662	123514663	66	12	NA	NA	NA	NA	NA	NA	NA	unphased	NA	NA	1
X	123540184	123540185	82	15	NA	NA	NA	NA	NA	NA	NA	unphased	NA	NA	1
X	123554635	123554636	99	25	NA	NA	NA	NA	NA	NA	NA	unphased	NA	NA	1
X	123637452	123637453	157	30	NA	NA	NA	NA	NA	NA	NA	unphased	NA	NA	1
X	123657475	123657476	12	4	NA	NA	NA	NA	NA	NA	NA	unphased	NA	NA	1
X	123785917	123785918	25	9	NA	NA	NA	NA	NA	NA	NA	unphased	NA	NA	1
X	125298729	125298730	47	10	NA	NA	NA	NA	NA	NA	NA	unphased	NA	NA	1
X	125685958	125685959	31	8	NA	NA	NA	NA	NA	NA	NA	unphased	NA	NA	1
X	129474305	129474306	60	16	NA	NA	NA	NA	NA	NA	NA	unphased	NA	NA	1
X	129759362	129759363	25	13	NA	NA	NA	NA	NA	NA	NA	unphased	NA	NA	1
X	129813549	129813550	165	42	NA	NA	NA	NA	NA	NA	NA	unphased	NA	NA	1
X	131214235	131214236	50	9	NA	NA	NA	NA	NA	NA	NA	unphased	NA	NA	1
X	132161213	132161214	26	5	NA	NA	NA	NA	NA	NA	NA	unphased	NA	NA	1
X	132548850	132548851	136	13	NA	NA	NA	NA	NA	NA	NA	unphased	NA	NA	1
X	135279239	135279240	119	17	NA	NA	NA	NA	NA	NA	NA	unphased	NA	NA	1
X	135496330	135496331	122	27	NA	NA	NA	NA	NA	NA	NA	unphased	NA	NA	1
X	135570597	135570598	167	31	NA	NA	NA	NA	NA	NA	NA	unphased	NA	NA	1
X	137821456	137821457	38	7	NA	NA	NA	NA	NA	NA	NA	unphased	NA	NA	1
X	138672049	138672050	79	4	NA	NA	NA	NA	NA	NA	NA	unphased	NA	NA	1
X	138689895	138689896	71	22	NA	NA	NA	NA	NA	NA	NA	unphased	NA	NA	1
X	138697086	138697087	211	59	NA	NA	NA	NA	NA	NA	NA	unphased	NA	NA	1
X	144337565	144337566	14	11	NA	NA	NA	NA	NA	NA	NA	unphased	NA	NA	1
X	144904764	144904765	108	22	NA	NA	NA	NA	NA	NA	NA	unphased	NA	NA	1
X	144905062	144905063	32	7	NA	NA	NA	NA	NA	NA	NA	unphased	NA	NA	1
X	146353884	146353885	94	6	NA	NA	NA	NA	NA	NA	NA	unphased	NA	NA	1
X	147019023	147019024	96	11	NA	NA	NA	NA	NA	NA	NA	unphased	NA	NA	1
X	147062984	147062985	74	13	NA	NA	NA	NA	NA	NA	NA	unphased	NA	NA	1
X	148035268	148035269	139	17	NA	NA	NA	NA	NA	NA	NA	unphased	NA	NA	1
X	148035269	148035270	132	16	NA	NA	NA	NA	NA	NA	NA	unphased	NA	NA	1
X	148794807	148794808	48	26	NA	NA	NA	NA	NA	NA	NA	unphased	NA	NA	1
X	150348939	150348940	127	84	NA	NA	NA	NA	NA	NA	NA	unphased	NA	NA	1
X	151092273	151092274	59	9	NA	NA	NA	NA	NA	NA	NA	unphased	NA	NA	1
X	152821566	152821567	189	33	NA	NA	NA	NA	NA	NA	NA	unphased	NA	NA	1
X	153032459	153032460	115	11	NA	NA	NA	NA	NA	NA	NA	unphased	NA	NA	1
X	153046801	153046802	42	20	NA	NA	NA	NA	NA	NA	NA	unphased	NA	NA	1
X	153171743	153171744	84	16	NA	NA	NA	NA	NA	NA	NA	unphased	NA	NA	1
X	153416359	153416360	230	25	NA	NA	NA	NA	NA	NA	NA	unphased	NA	NA	1
X	153420199	153420200	595	59	NA	NA	NA	NA	NA	NA	NA	unphased	NA	NA	1
X	153421924	153421925	657	80	NA	NA	NA	NA	NA	NA	NA	unphased	NA	NA	1
X	153578208	153578209	60	7	NA	NA	NA	NA	NA	NA	NA	unphased	NA	NA	1
X	153593595	153593596	191	30	NA	NA	NA	NA	NA	NA	NA	unphased	NA	NA	1
X	153599620	153599621	12	3	NA	NA	NA	NA	NA	NA	NA	unphased	NA	NA	1
X	153627910	153627911	165	15	NA	NA	NA	NA	NA	NA	NA	unphased	NA	NA	1
X	153697501	153697502	144	15	NA	NA	NA	NA	NA	NA	NA	unphased	NA	NA	1
X	153717295	153717296	16	4	NA	NA	NA	NA	NA	NA	NA	unphased	NA	NA	1
X	154001505	154001506	100	13	NA	NA	NA	NA	NA	NA	NA	unphased	NA	NA	1
X	154157596	154157597	64	11	NA	NA	NA	NA	NA	NA	NA	unphased	NA	NA	1
X	154157733	154157734	156	28	NA	NA	NA	NA	NA	NA	NA	unphased	NA	NA	1
X	154158693	154158694	65	8	NA	NA	NA	NA	NA	NA	NA	unphased	NA	NA	1
