chr	start	end	WT.count	mut.count	subclonal.CN	nMaj1	nMin1	frac1	nMaj2	nMin2	frac2	phase	mutation.copy.number	subclonal.fraction	no.chrs.bearing.mut
1	9777117	9777118	26	22	2	2	0	1	NA	NA	NA	unphased	2.18253968253968	1.09126984126984	2
1	11097818	11097819	40	29	2	2	0	1	NA	NA	NA	unphased	2.00138026224983	1.00069013112491	2
1	16256056	16256057	9	4	2	2	0	1	NA	NA	NA	unphased	1.46520146520147	1.46520146520147	1
1	20009933	20009934	11	4	2	2	0	1	NA	NA	NA	unphased	1.26984126984127	1.26984126984127	1
1	26509859	26509860	14	8	2	2	0	1	NA	NA	NA	unphased	1.73160173160173	1.73160173160173	1
1	27238309	27238310	19	10	2	2	0	1	NA	NA	NA	unphased	1.64203612479475	1.64203612479475	1
1	28209083	28209084	18	10	2	2	0	1	NA	NA	NA	unphased	1.70068027210884	0.850340136054422	2
1	32263807	32263808	30	20	2	2	0	1	NA	NA	NA	unphased	1.9047619047619	0.952380952380952	2
1	32504196	32504197	25	12	2	2	0	1	NA	NA	NA	unphased	1.54440154440154	1.54440154440154	1
1	32542832	32542833	50	8	2	2	0	1	NA	NA	NA	unphased	0.656814449917898	0.656814449917898	1
1	32674764	32674765	17	7	2	2	0	1	NA	NA	NA	unphased	1.38888888888889	1.38888888888889	1
1	33241575	33241576	12	7	2	2	0	1	NA	NA	NA	unphased	1.75438596491228	1.75438596491228	1
1	42041329	42041330	38	15	2	2	0	1	NA	NA	NA	unphased	1.34770889487871	1.34770889487871	1
1	45091996	45091997	16	9	2	2	0	1	NA	NA	NA	unphased	1.71428571428571	1.71428571428571	1
1	54060471	54060472	9	7	2	2	0	1	NA	NA	NA	unphased	2.08333333333333	1.04166666666667	2
1	54610150	54610151	11	7	2	2	0	1	NA	NA	NA	unphased	1.85185185185185	1.85185185185185	1
1	55074824	55074825	38	28	2	2	0	1	NA	NA	NA	unphased	2.02020202020202	1.01010101010101	2
1	55088956	55088957	32	8	2	2	0	1	NA	NA	NA	unphased	0.952380952380952	0.952380952380952	1
1	55188411	55188412	40	29	2	2	0	1	NA	NA	NA	unphased	2.00138026224983	1.00069013112491	2
1	70501851	70501852	34	17	2	2	0	1	NA	NA	NA	unphased	1.58730158730159	0.793650793650794	2
1	70501852	70501853	34	16	2	2	0	1	NA	NA	NA	unphased	1.52380952380952	0.761904761904762	2
1	70587518	70587519	31	23	2	2	0	1	NA	NA	NA	unphased	2.02821869488536	1.01410934744268	2
1	71318414	71318415	21	6	2	2	0	1	NA	NA	NA	unphased	1.05820105820106	1.05820105820106	1
1	75055254	75055255	57	16	2	2	0	1	NA	NA	NA	unphased	1.04370515329419	1.04370515329419	1
1	75622616	75622617	91	18	2	2	0	1	NA	NA	NA	unphased	0.786369593709043	0.786369593709043	1
1	75708583	75708584	48	29	2	2	0	1	NA	NA	NA	unphased	1.79344465058751	0.896722325293754	2
1	76384588	76384589	10	3	2	2	0	1	NA	NA	NA	unphased	1.0989010989011	1.0989010989011	1
1	76384780	76384781	11	12	2	2	0	1	NA	NA	NA	unphased	2.48447204968944	1.24223602484472	2
1	78186873	78186874	38	9	2	2	0	1	NA	NA	NA	unphased	0.911854103343465	0.911854103343465	1
1	79116161	79116162	25	30	2	2	0	1	NA	NA	NA	unphased	2.5974025974026	1.2987012987013	2
1	87100085	87100086	16	8	2	2	0	1	NA	NA	NA	unphased	1.58730158730159	1.58730158730159	1
1	87549909	87549910	29	19	2	2	0	1	NA	NA	NA	unphased	1.88492063492063	0.942460317460317	2
1	91859791	91859792	21	17	2	2	0	1	NA	NA	NA	unphased	2.13032581453634	1.06516290726817	2
1	103463881	103463882	31	9	2	2	0	1	NA	NA	NA	unphased	1.07142857142857	1.07142857142857	1
1	103471832	103471833	41	11	2	2	0	1	NA	NA	NA	unphased	1.00732600732601	1.00732600732601	1
1	111969135	111969136	42	13	2	2	0	1	NA	NA	NA	unphased	1.12554112554113	1.12554112554113	1
1	116675886	116675887	23	19	2	2	0	1	NA	NA	NA	unphased	2.15419501133787	1.07709750566893	2
1	119427754	119427755	27	9	1	1	0	1	NA	NA	NA	unphased	0.94047619047619	0.94047619047619	1
1	120311447	120311448	4	6	1	1	0	1	NA	NA	NA	unphased	2.25714285714286	2.25714285714286	1
1	149902617	149902618	16	6	4	2	2	1	NA	NA	NA	unphased	1.84415584415584	1.84415584415584	1
1	149916442	149916443	118	32	4	2	2	1	NA	NA	NA	unphased	1.44253968253968	0.721269841269841	2
1	150300861	150300862	89	27	4	2	2	1	NA	NA	NA	unphased	1.57389162561576	0.786945812807882	2
1	151162601	151162602	47	6	4	2	2	1	NA	NA	NA	unphased	0.765498652291105	0.765498652291105	1
1	151261718	151261719	50	11	4	2	2	1	NA	NA	NA	unphased	1.21935987509758	1.21935987509758	1
1	152188195	152188196	1011	25	4	2	2	1	NA	NA	NA	unphased	0.163173377459092	0.163173377459092	1
1	152191077	152191078	216	40	4	2	2	1	NA	NA	NA	unphased	1.05654761904762	1.05654761904762	1
1	152324712	152324713	203	26	4	2	2	1	NA	NA	NA	unphased	0.767727178207528	0.767727178207528	1
1	152331290	152331291	75	47	4	2	2	1	NA	NA	NA	unphased	2.60499609679938	1.30249804839969	2
1	152944419	152944420	82	56	4	2	2	1	NA	NA	NA	unphased	2.74396135265701	1.3719806763285	2
1	153029072	153029073	67	31	4	2	2	1	NA	NA	NA	unphased	2.13896987366375	1.06948493683188	2
1	153279546	153279547	23	10	4	2	2	1	NA	NA	NA	unphased	2.04906204906205	1.02453102453102	2
1	153660697	153660698	41	17	4	2	2	1	NA	NA	NA	unphased	1.98193760262726	0.990968801313629	2
1	154293603	154293604	15	11	4	2	2	1	NA	NA	NA	unphased	2.86080586080586	1.43040293040293	2
1	154309915	154309916	134	30	4	2	2	1	NA	NA	NA	unphased	1.23693379790941	1.23693379790941	1
1	154996958	154996959	52	10	4	2	2	1	NA	NA	NA	unphased	1.09062980030722	1.09062980030722	1
1	155178720	155178721	10	4	4	2	2	1	NA	NA	NA	unphased	1.93197278911565	1.93197278911565	1
1	155264977	155264978	84	27	4	2	2	1	NA	NA	NA	unphased	1.64478764478764	0.822393822393822	2
1	155287638	155287639	7	3	4	2	2	1	NA	NA	NA	unphased	2.02857142857143	2.02857142857143	1
1	155785654	155785655	70	11	4	2	2	1	NA	NA	NA	unphased	0.918283362727807	0.918283362727807	1
1	156500013	156500014	13	4	4	2	2	1	NA	NA	NA	unphased	1.59103641456583	1.59103641456583	1
1	156621423	156621424	64	27	4	2	2	1	NA	NA	NA	unphased	2.00627943485086	1.00313971742543	2
1	156849152	156849153	62	24	4	2	2	1	NA	NA	NA	unphased	1.88704318936877	0.943521594684385	2
1	157557182	157557183	274	40	4	2	2	1	NA	NA	NA	unphased	0.861389141643919	0.861389141643919	1
1	158224456	158224457	59	25	4	2	2	1	NA	NA	NA	unphased	2.0124716553288	1.0062358276644	2
1	158517125	158517126	57	30	4	2	2	1	NA	NA	NA	unphased	2.33169129720854	1.16584564860427	2
1	158597468	158597469	76	33	4	2	2	1	NA	NA	NA	unphased	2.04718217562254	1.02359108781127	2
1	158670132	158670133	48	20	4	2	2	1	NA	NA	NA	unphased	1.98879551820728	0.994397759103641	2
1	158815773	158815774	63	23	4	2	2	1	NA	NA	NA	unphased	1.80841638981174	0.904208194905869	2
1	159175506	159175507	127	42	4	2	2	1	NA	NA	NA	unphased	1.68047337278107	0.840236686390533	2
1	159409698	159409699	111	28	4	2	2	1	NA	NA	NA	unphased	1.3621103117506	0.6810551558753	2
1	160097475	160097476	78	22	4	2	2	1	NA	NA	NA	unphased	1.48761904761905	0.743809523809524	2
1	160136490	160136491	58	26	4	2	2	1	NA	NA	NA	unphased	2.09297052154195	1.04648526077098	2
1	160168501	160168502	52	11	4	2	2	1	NA	NA	NA	unphased	1.18065003779289	1.18065003779289	1
1	161199639	161199640	40	21	4	2	2	1	NA	NA	NA	unphased	2.32786885245902	1.16393442622951	2
1	161518210	161518211	155	13	4	2	2	1	NA	NA	NA	unphased	0.523242630385488	0.523242630385488	1
1	161599567	161599568	13	12	4	2	2	1	NA	NA	NA	unphased	3.24571428571429	1.62285714285714	2
1	161647127	161647128	52	6	4	2	2	1	NA	NA	NA	unphased	0.699507389162561	0.699507389162561	1
1	161654901	161654902	29	3	4	2	2	1	NA	NA	NA	unphased	0.633928571428571	0.633928571428571	1
1	163038680	163038681	7	3	4	2	2	1	NA	NA	NA	unphased	2.02857142857143	2.02857142857143	1
1	163131743	163131744	41	8	4	2	2	1	NA	NA	NA	unphased	1.10398445092323	1.10398445092323	1
1	165860545	165860546	42	11	4	2	2	1	NA	NA	NA	unphased	1.40341419586703	1.40341419586703	1
1	167038370	167038371	23	6	4	2	2	1	NA	NA	NA	unphased	1.39901477832512	1.39901477832512	1
1	167096358	167096359	24	10	4	2	2	1	NA	NA	NA	unphased	1.98879551820728	0.994397759103641	2
1	169391224	169391225	67	24	4	2	2	1	NA	NA	NA	unphased	1.78335949764521	0.891679748822606	2
1	169576332	169576333	27	13	4	2	2	1	NA	NA	NA	unphased	2.19761904761905	1.09880952380952	2
1	171162635	171162636	44	12	4	2	2	1	NA	NA	NA	unphased	1.44897959183673	1.44897959183673	1
1	171252348	171252349	77	22	4	2	2	1	NA	NA	NA	unphased	1.5026455026455	0.751322751322751	2
1	174418305	174418306	90	12	4	2	2	1	NA	NA	NA	unphased	0.795518207282913	0.795518207282913	1
1	175092646	175092647	49	12	4	2	2	1	NA	NA	NA	unphased	1.33021077283372	1.33021077283372	1
1	175092677	175092678	53	21	4	2	2	1	NA	NA	NA	unphased	1.91891891891892	0.959459459459459	2
1	175096117	175096118	50	16	4	2	2	1	NA	NA	NA	unphased	1.63924963924964	0.81962481962482	2
1	175306677	175306678	62	26	4	2	2	1	NA	NA	NA	unphased	1.9978354978355	0.998917748917749	2
1	175372526	175372527	56	27	4	2	2	1	NA	NA	NA	unphased	2.19965576592083	1.09982788296041	2
1	177001776	177001777	61	20	4	2	2	1	NA	NA	NA	unphased	1.66960611405056	0.834803057025279	2
1	177245405	177245406	34	15	4	2	2	1	NA	NA	NA	unphased	2.06997084548105	1.03498542274052	2
1	177247741	177247742	211	74	4	2	2	1	NA	NA	NA	unphased	1.75572263993317	0.877861319966583	2
1	179783272	179783273	49	23	4	2	2	1	NA	NA	NA	unphased	2.16005291005291	1.08002645502645	2
1	181620520	181620521	61	5	3	2	1	1	NA	NA	NA	unphased	0.436507936507937	0.436507936507937	1
1	181686273	181686274	49	16	3	2	1	1	NA	NA	NA	unphased	1.41831501831502	1.41831501831502	1
1	182026585	182026586	26	7	3	2	1	1	NA	NA	NA	unphased	1.22222222222222	1.22222222222222	1
1	182847307	182847308	27	17	3	2	1	1	NA	NA	NA	unphased	2.22619047619048	1.11309523809524	2
1	183486928	183486929	76	5	3	2	1	1	NA	NA	NA	unphased	0.355673133450911	0.355673133450911	1
1	185153929	185153930	48	28	3	2	1	1	NA	NA	NA	unphased	2.12280701754386	1.06140350877193	2
1	186008899	186008900	79	21	3	2	1	1	NA	NA	NA	unphased	1.21	1.21	1
1	186083141	186083142	101	42	3	2	1	1	NA	NA	NA	unphased	1.69230769230769	0.846153846153846	2
1	186276060	186276061	42	12	3	2	1	1	NA	NA	NA	unphased	1.28042328042328	1.28042328042328	1
1	192627343	192627344	26	8	3	2	1	1	NA	NA	NA	unphased	1.35574229691877	1.35574229691877	1
1	193094312	193094313	41	10	3	2	1	1	NA	NA	NA	unphased	1.12978524743231	1.12978524743231	1
1	196342314	196342315	70	21	3	2	1	1	NA	NA	NA	unphased	1.32967032967033	1.32967032967033	1
1	197168563	197168564	55	25	3	2	1	1	NA	NA	NA	unphased	1.80059523809524	0.900297619047619	2
1	197326044	197326045	58	12	3	2	1	1	NA	NA	NA	unphased	0.987755102040816	0.987755102040816	1
1	198700803	198700804	31	27	3	2	1	1	NA	NA	NA	unphased	2.68226600985222	1.34113300492611	2
1	198700804	198700805	31	27	3	2	1	1	NA	NA	NA	unphased	2.68226600985222	1.34113300492611	2
1	200567452	200567453	33	16	3	2	1	1	NA	NA	NA	unphased	1.88143828960155	0.940719144800777	2
1	200618350	200618351	43	21	3	2	1	1	NA	NA	NA	unphased	1.890625	0.9453125	2
1	202704587	202704588	70	19	2.9	2	1	0.95	0	1	0.05	unphased	1.20872124130551	1.20872124130551	1
1	203143573	203143574	21	4	2.9	2	1	0.95	0	1	0.05	unphased	0.905904761904762	0.905904761904762	1
1	203821497	203821498	38	5	2.9	2	1	0.95	0	1	0.05	unphased	0.658361018826135	0.658361018826135	1
1	204082056	204082057	18	15	2.9	2	1	0.95	0	1	0.05	unphased	2.57359307359307	1.31979131979132	1.95
1	205632711	205632712	42	9	2.9	2	1	0.95	0	1	0.05	unphased	0.999159663865546	0.999159663865546	1
1	206972335	206972336	32	12	2.9	2	1	0.95	0	1	0.05	unphased	1.54415584415584	1.54415584415584	1
1	206972336	206972337	32	13	2.9	2	1	0.95	0	1	0.05	unphased	1.63566137566138	0.860874408242829	1.9
1	207533001	207533002	13	11	2.9	2	1	0.95	0	1	0.05	unphased	2.59503968253968	1.33078958078958	1.95
1	207790071	207790072	116	13	2.9	2	1	0.95	0	1	0.05	unphased	0.570579549649317	0.600610052262439	0.95
1	209789885	209789886	99	32	4	2	2	1	NA	NA	NA	unphased	1.65176299527445	0.825881497637223	2
1	209800208	209800209	31	11	4	2	2	1	NA	NA	NA	unphased	1.77097505668934	0.885487528344671	2
1	211280705	211280706	69	8	4	2	2	1	NA	NA	NA	unphased	0.702535559678417	0.702535559678417	1
1	214178577	214178578	65	8	4	2	2	1	NA	NA	NA	unphased	0.741030658838878	0.741030658838878	1
1	214706196	214706197	19	12	4	2	2	1	NA	NA	NA	unphased	2.61751152073733	1.30875576036866	2
1	215940131	215940132	24	13	4	2	2	1	NA	NA	NA	unphased	2.37580437580438	1.18790218790219	2
1	216371886	216371887	43	17	4	2	2	1	NA	NA	NA	unphased	1.91587301587302	0.957936507936508	2
1	216850503	216850504	93	12	4	2	2	1	NA	NA	NA	unphased	0.772789115646259	0.772789115646259	1
1	222712066	222712067	33	11	4	2	2	1	NA	NA	NA	unphased	1.69047619047619	0.845238095238095	2
1	223283983	223283984	24	12	4	2	2	1	NA	NA	NA	unphased	2.25396825396825	1.12698412698413	2
1	223991950	223991951	123	19	4	2	2	1	NA	NA	NA	unphased	0.904761904761905	0.904761904761905	1
1	226827275	226827276	63	24	4	2	2	1	NA	NA	NA	unphased	1.86535303776683	0.932676518883415	2
1	227169808	227169809	23	8	4	2	2	1	NA	NA	NA	unphased	1.74500768049155	1.74500768049155	1
1	228003890	228003891	118	45	4	2	2	1	NA	NA	NA	unphased	1.86678352322524	0.93339176161262	2
1	228005147	228005148	40	13	4	2	2	1	NA	NA	NA	unphased	1.65858041329739	0.829290206648697	2
1	228285621	228285622	21	12	4	2	2	1	NA	NA	NA	unphased	2.45887445887446	1.22943722943723	2
1	228476414	228476415	96	13	4	2	2	1	NA	NA	NA	unphased	0.806465705548274	0.806465705548274	1
1	228486414	228486415	41	19	4	2	2	1	NA	NA	NA	unphased	2.14126984126984	1.07063492063492	2
1	228588822	228588823	20	8	4	2	2	1	NA	NA	NA	unphased	1.93197278911565	0.965986394557823	2
1	229567329	229567330	101	30	4	2	2	1	NA	NA	NA	unphased	1.54852780806979	0.774263904034896	2
1	231411221	231411222	51	22	4	2	2	1	NA	NA	NA	unphased	2.03783431180691	1.01891715590346	2
1	231954152	231954153	49	13	4	2	2	1	NA	NA	NA	unphased	1.41781874039939	1.41781874039939	1
1	235963686	235963687	43	11	4	2	2	1	NA	NA	NA	unphased	1.37742504409171	1.37742504409171	1
1	236195847	236195848	48	15	4	2	2	1	NA	NA	NA	unphased	1.60997732426304	0.804988662131519	2
1	236898999	236899000	43	14	4	2	2	1	NA	NA	NA	unphased	1.66081871345029	0.830409356725146	2
1	236958982	236958983	50	20	4	2	2	1	NA	NA	NA	unphased	1.93197278911565	0.965986394557823	2
1	237001894	237001895	34	14	4	2	2	1	NA	NA	NA	unphased	1.97222222222222	0.986111111111111	2
1	237774139	237774140	18	12	4	2	2	1	NA	NA	NA	unphased	2.7047619047619	1.35238095238095	2
1	237789019	237789020	46	17	4	2	2	1	NA	NA	NA	unphased	1.82464096749811	0.912320483749055	2
1	237791251	237791252	24	18	4	2	2	1	NA	NA	NA	unphased	2.89795918367347	1.44897959183673	2
1	237863654	237863655	9	3	4	2	2	1	NA	NA	NA	unphased	1.69047619047619	1.69047619047619	1
1	237863655	237863656	9	3	4	2	2	1	NA	NA	NA	unphased	1.69047619047619	1.69047619047619	1
1	237890405	237890406	31	12	4	2	2	1	NA	NA	NA	unphased	1.88704318936877	0.943521594684385	2
1	238090457	238090458	40	13	4	2	2	1	NA	NA	NA	unphased	1.65858041329739	0.829290206648697	2
1	240071030	240071031	45	10	4	2	2	1	NA	NA	NA	unphased	1.22943722943723	1.22943722943723	1
1	241959664	241959665	32	9	4	2	2	1	NA	NA	NA	unphased	1.48432055749129	1.48432055749129	1
1	243328470	243328471	63	9	4	2	2	1	NA	NA	NA	unphased	0.845238095238095	0.845238095238095	1
1	243336140	243336141	4	4	4	2	2	1	NA	NA	NA	unphased	3.38095238095238	1.69047619047619	2
1	247492823	247492824	62	25	4	2	2	1	NA	NA	NA	unphased	1.94307608100712	0.971538040503558	2
1	247582031	247582032	27	4	4	2	2	1	NA	NA	NA	unphased	0.872503840245776	0.872503840245776	1
1	247582195	247582196	20	7	4	2	2	1	NA	NA	NA	unphased	1.75308641975309	1.75308641975309	1
1	247599362	247599363	55	27	4	2	2	1	NA	NA	NA	unphased	2.22648083623693	1.11324041811847	2
1	247607419	247607420	45	18	4	2	2	1	NA	NA	NA	unphased	1.93197278911565	0.965986394557823	2
1	247712521	247712522	37	13	4	2	2	1	NA	NA	NA	unphased	1.75809523809524	0.879047619047619	2
1	247751827	247751828	127	43	4	2	2	1	NA	NA	NA	unphased	1.71036414565826	0.855182072829132	2
1	247875938	247875939	93	33	4	2	2	1	NA	NA	NA	unphased	1.77097505668934	0.885487528344671	2
1	248128952	248128953	86	34	4	2	2	1	NA	NA	NA	unphased	1.91587301587302	0.957936507936508	2
1	248129277	248129278	33	16	4	2	2	1	NA	NA	NA	unphased	2.20796890184645	1.10398445092323	2
1	248129278	248129279	33	15	4	2	2	1	NA	NA	NA	unphased	2.11309523809524	1.05654761904762	2
1	248224570	248224571	146	39	4	2	2	1	NA	NA	NA	unphased	1.42548262548263	0.712741312741313	2
1	248308883	248308884	188	74	4	2	2	1	NA	NA	NA	unphased	1.90985096328608	0.954925481643039	2
1	248436361	248436362	67	20	4	2	2	1	NA	NA	NA	unphased	1.55446086480569	0.777230432402846	2
1	248458394	248458395	20	13	4	2	2	1	NA	NA	NA	unphased	2.66378066378066	1.33189033189033	2
1	248685004	248685005	78	14	NA	NA	NA	NA	NA	NA	NA	unphased	NA	NA	1
10	6154204	6154205	36	10	5	3	2	1	NA	NA	NA	unphased	1.68737060041408	1.68737060041408	1
10	7759716	7759717	104	47	2.76	2	2	0.38	1	1	0.62	unphased	1.71873856827499	1.24546273063405	1.38
10	13237147	13237148	26	13	2.76	2	2	0.38	1	1	0.62	unphased	1.84063492063492	1.33379342074994	1.38
10	15106467	15106468	64	20	2.76	2	2	0.38	1	1	0.62	unphased	1.31473922902494	1.31473922902494	1
10	15210616	15210617	26	14	2.76	2	2	0.38	1	1	0.62	unphased	1.93266666666667	1.40048309178744	1.38
10	17165620	17165621	25	3	2.76	2	2	0.38	1	1	0.62	unphased	0.591632653061224	0.591632653061224	1
10	18266964	18266965	78	20	2.69	3	2	0.23	1	1	0.77	unphased	1.11263362487852	1.11263362487852	1
10	18807862	18807863	78	54	2.69	3	2	0.23	1	1	0.77	unphased	2.23032467532468	1.000145594316	2.23
10	21112213	21112214	42	29	2.69	3	2	0.23	1	1	0.77	unphased	2.22683433936955	0.998580421241951	2.23
10	21158684	21158685	105	13	2.69	3	2	0.23	1	1	0.77	unphased	0.600633575464084	0.600633575464084	1
10	21827792	21827793	56	20	2.69	3	2	0.23	1	1	0.77	unphased	1.43471177944862	0.982679300992207	1.46
10	26939510	26939511	100	19	2.69	3	2	0.23	1	1	0.77	unphased	0.87047218887555	0.87047218887555	1
10	31750060	31750061	37	7	2.69	3	2	0.23	1	1	0.77	unphased	0.867348484848485	0.867348484848485	1
10	35842107	35842108	39	8	2.69	3	2	0.23	1	1	0.77	unphased	0.927983789260385	0.927983789260385	1
10	37430973	37430974	126	15	2.69	3	2	0.23	1	1	0.77	unphased	0.579989868287741	0.579989868287741	1
10	37508237	37508238	81	16	2.69	3	2	0.23	1	1	0.77	unphased	0.899283259695631	0.899283259695631	1
10	38241352	38241353	79	23	2.69	3	2	0.23	1	1	0.77	unphased	1.22935107376284	1.22935107376284	1
10	38343993	38343994	89	26	2.69	3	2	0.23	1	1	0.77	unphased	1.23260455486542	1.23260455486542	1
10	38344866	38344867	74	25	2.69	3	2	0.23	1	1	0.77	unphased	1.37674362674363	0.942975086810704	1.46
10	43089217	43089218	67	16	2	1	1	1	NA	NA	NA	unphased	0.917957544463569	0.917957544463569	1
10	45499313	45499314	67	18	2	1	1	1	NA	NA	NA	unphased	1.00840336134454	1.00840336134454	1
10	48382066	48382067	28	14	2	1	1	1	NA	NA	NA	unphased	1.58730158730159	1.58730158730159	1
10	48390646	48390647	31	7	2	1	1	1	NA	NA	NA	unphased	0.87719298245614	0.87719298245614	1
10	49612994	49612995	44	9	2	1	1	1	NA	NA	NA	unphased	0.808625336927224	0.808625336927224	1
10	50947832	50947833	21	3	2	1	1	1	NA	NA	NA	unphased	0.595238095238095	0.595238095238095	1
10	56287616	56287617	47	10	2	1	1	1	NA	NA	NA	unphased	0.835421888053467	0.835421888053467	1
10	59956104	59956105	84	16	2	1	1	1	NA	NA	NA	unphased	0.761904761904762	0.761904761904762	1
10	61424013	61424014	42	9	2	1	1	1	NA	NA	NA	unphased	0.840336134453782	0.840336134453782	1
10	61666018	61666019	68	12	2	1	1	1	NA	NA	NA	unphased	0.714285714285714	0.714285714285714	1
10	69752394	69752395	8	4	2	1	1	1	NA	NA	NA	unphased	1.58730158730159	1.58730158730159	1
10	73111351	73111352	60	11	2	1	1	1	NA	NA	NA	unphased	0.73775989268947	0.73775989268947	1
10	73992775	73992776	37	9	2	1	1	1	NA	NA	NA	unphased	0.93167701863354	0.93167701863354	1
10	75549940	75549941	27	7	2	1	1	1	NA	NA	NA	unphased	0.980392156862745	0.980392156862745	1
10	75549941	75549942	27	7	2	1	1	1	NA	NA	NA	unphased	0.980392156862745	0.980392156862745	1
10	76153947	76153948	65	10	2	1	1	1	NA	NA	NA	unphased	0.634920634920635	0.634920634920635	1
10	82036211	82036212	54	8	2	1	1	1	NA	NA	NA	unphased	0.614439324116744	0.614439324116744	1
10	84745131	84745132	35	8	2	1	1	1	NA	NA	NA	unphased	0.8859357696567	0.8859357696567	1
10	85982066	85982067	62	7	2	1	1	1	NA	NA	NA	unphased	0.483091787439614	0.483091787439614	1
10	85984497	85984498	37	12	2	1	1	1	NA	NA	NA	unphased	1.16618075801749	1.16618075801749	1
10	87615845	87615846	44	4	2	1	1	1	NA	NA	NA	unphased	0.396825396825397	0.396825396825397	1
10	91099326	91099327	31	13	2	1	1	1	NA	NA	NA	unphased	1.40692640692641	1.40692640692641	1
10	95421830	95421831	54	9	2	1	1	1	NA	NA	NA	unphased	0.680272108843537	0.680272108843537	1
10	97607194	97607195	53	11	2	1	1	1	NA	NA	NA	unphased	0.818452380952381	0.818452380952381	1
10	97607195	97607196	55	10	2	1	1	1	NA	NA	NA	unphased	0.732600732600733	0.732600732600733	1
10	98031218	98031219	18	5	2	1	1	1	NA	NA	NA	unphased	1.0351966873706	1.0351966873706	1
10	98157028	98157029	25	6	2	1	1	1	NA	NA	NA	unphased	0.921658986175115	0.921658986175115	1
10	98989581	98989582	64	7	2	1	1	1	NA	NA	NA	unphased	0.469483568075117	0.469483568075117	1
10	99642546	99642547	17	6	2	1	1	1	NA	NA	NA	unphased	1.24223602484472	1.24223602484472	1
10	101604181	101604182	47	14	2	1	1	1	NA	NA	NA	unphased	1.09289617486339	1.09289617486339	1
10	102894050	102894051	10	3	2	1	1	1	NA	NA	NA	unphased	1.0989010989011	1.0989010989011	1
10	107015471	107015472	27	5	2	1	1	1	NA	NA	NA	unphased	0.744047619047619	0.744047619047619	1
10	112344131	112344132	37	14	2	1	1	1	NA	NA	NA	unphased	1.30718954248366	1.30718954248366	1
10	115980445	115980446	47	9	2	1	1	1	NA	NA	NA	unphased	0.76530612244898	0.76530612244898	1
10	115982439	115982440	49	14	2	1	1	1	NA	NA	NA	unphased	1.05820105820106	1.05820105820106	1
10	116930907	116930908	61	17	2	1	1	1	NA	NA	NA	unphased	1.03785103785104	1.03785103785104	1
10	118314922	118314923	62	18	2	1	1	1	NA	NA	NA	unphased	1.07142857142857	1.07142857142857	1
10	118425160	118425161	29	5	2	1	1	1	NA	NA	NA	unphased	0.700280112044818	0.700280112044818	1
10	118891690	118891691	21	4	2	1	1	1	NA	NA	NA	unphased	0.761904761904762	0.761904761904762	1
10	119044935	119044936	41	7	2	1	1	1	NA	NA	NA	unphased	0.694444444444445	0.694444444444445	1
10	121692665	121692666	105	15	2	1	1	1	NA	NA	NA	unphased	0.595238095238095	0.595238095238095	1
10	124380841	124380842	90	33	3	2	1	1	NA	NA	NA	unphased	1.5458768873403	0.772938443670151	2
10	124457857	124457858	145	22	3	2	1	1	NA	NA	NA	unphased	0.759053321927574	0.759053321927574	1
10	124797297	124797298	69	38	3	2	1	1	NA	NA	NA	unphased	2.0462839341344	1.0231419670672	2
10	124909259	124909260	9	6	3	2	1	1	NA	NA	NA	unphased	2.30476190476191	1.15238095238095	2
10	125506439	125506440	145	27	3	2	1	1	NA	NA	NA	unphased	0.904485049833887	0.904485049833887	1
10	125528038	125528039	32	9	3	2	1	1	NA	NA	NA	unphased	1.26480836236934	1.26480836236934	1
10	131666176	131666177	22	4	2	1	1	1	NA	NA	NA	unphased	0.732600732600733	0.732600732600733	1
10	134671160	134671161	12	6	2	1	1	1	NA	NA	NA	unphased	1.58730158730159	1.58730158730159	1
10	135053596	135053597	30	13	2	1	1	1	NA	NA	NA	unphased	1.43964562569214	1.43964562569214	1
11	281732	281733	54	16	2.64	2	1	0.82	1	0	0.18	unphased	1.23472108843537	1.23472108843537	1
11	372946	372947	29	21	2.64	2	1	0.82	1	0	0.18	unphased	2.2688	1.24659340659341	1.82
11	379930	379931	31	6	2.64	2	1	0.82	1	0	0.18	unphased	0.875984555984556	0.875984555984556	1
11	613481	613482	56	8	2.64	2	1	0.82	1	0	0.18	unphased	0.675238095238095	0.675238095238095	1
11	1156588	1156589	43	28	2.64	2	1	0.82	1	0	0.18	unphased	2.13032863849765	1.17051024093278	1.82
11	1264879	1264880	116	54	2.64	2	1	0.82	1	0	0.18	unphased	1.71589915966387	0.942801736079047	1.82
11	1265609	1265610	12	10	2.64	2	1	0.82	1	0	0.18	unphased	2.45541125541126	1.34912706341278	1.82
11	1265854	1265855	124	61	2.64	2	1	0.82	1	0	0.18	unphased	1.7811685971686	0.97866406437835	1.82
11	1265855	1265856	126	59	2.64	2	1	0.82	1	0	0.18	unphased	1.72276962676963	0.94657671800529	1.82
11	1718457	1718458	125	22	2.64	2	1	0.82	1	0	0.18	unphased	0.808448331713638	0.808448331713638	1
11	1862703	1862704	41	5	2.64	2	1	0.82	1	0	0.18	unphased	0.587163561076605	0.587163561076605	1
11	3125603	3125604	21	3	2.64	2	1	0.82	1	0	0.18	unphased	0.675238095238095	0.675238095238095	1
11	3789946	3789947	50	11	2.64	2	1	0.82	1	0	0.18	unphased	0.974113973458236	0.974113973458236	1
11	4127369	4127370	33	9	2.64	2	1	0.82	1	0	0.18	unphased	1.15755102040816	1.15755102040816	1
11	4790250	4790251	38	23	2.64	2	1	0.82	1	0	0.18	unphased	2.0367837626854	1.11911195751945	1.82
11	5080557	5080558	9	11	3	2	1	1	NA	NA	NA	unphased	3.16904761904762	1.58452380952381	2
11	5323106	5323107	54	25	3	2	1	1	NA	NA	NA	unphased	1.82338758288125	0.911693791440627	2
11	5444020	5444021	81	26	3	2	1	1	NA	NA	NA	unphased	1.40008900756564	0.700044503782822	2
11	5842254	5842255	63	16	3	2	1	1	NA	NA	NA	unphased	1.166968053044	1.166968053044	1
11	5862440	5862441	30	7	3	2	1	1	NA	NA	NA	unphased	1.09009009009009	1.09009009009009	1
11	6024101	6024102	27	5	3	2	1	1	NA	NA	NA	unphased	0.900297619047619	0.900297619047619	1
11	6048550	6048551	42	14	3	2	1	1	NA	NA	NA	unphased	1.44047619047619	1.44047619047619	1
11	6232693	6232694	42	7	3	2	1	1	NA	NA	NA	unphased	0.82312925170068	0.82312925170068	1
11	6260982	6260983	18	3	3	2	1	1	NA	NA	NA	unphased	0.82312925170068	0.82312925170068	1
11	6500189	6500190	30	7	3	2	1	1	NA	NA	NA	unphased	1.09009009009009	1.09009009009009	1
11	6653759	6653760	5	3	3	2	1	1	NA	NA	NA	unphased	2.16071428571429	2.16071428571429	1
11	6913572	6913573	41	5	3	2	1	1	NA	NA	NA	unphased	0.626293995859213	0.626293995859213	1
11	7063957	7063958	72	32	3	2	1	1	NA	NA	NA	unphased	1.77289377289377	0.886446886446887	2
11	7064844	7064845	69	8	3	2	1	1	NA	NA	NA	unphased	0.598639455782313	0.598639455782313	1
11	7078949	7078950	59	31	3	2	1	1	NA	NA	NA	unphased	1.98465608465608	0.992328042328042	2
11	7081287	7081288	74	18	3	2	1	1	NA	NA	NA	unphased	1.12732919254658	1.12732919254658	1
11	7818258	7818259	79	6	3	2	1	1	NA	NA	NA	unphased	0.40672268907563	0.40672268907563	1
11	7949850	7949851	64	11	3	2	1	1	NA	NA	NA	unphased	0.845079365079365	0.845079365079365	1
11	7982839	7982840	34	33	3	2	1	1	NA	NA	NA	unphased	2.83795309168443	1.41897654584222	2
11	11400646	11400647	19	11	3	2	1	1	NA	NA	NA	unphased	2.11269841269841	1.05634920634921	2
11	12281423	12281424	16	4	3	2	1	1	NA	NA	NA	unphased	1.15238095238095	1.15238095238095	1
11	14989257	14989258	20	16	3	2	1	1	NA	NA	NA	unphased	2.56084656084656	1.28042328042328	2
11	15260604	15260605	20	5	3	2	1	1	NA	NA	NA	unphased	1.15238095238095	1.15238095238095	1
11	17428293	17428294	37	10	3	2	1	1	NA	NA	NA	unphased	1.22593718338399	1.22593718338399	1
11	18194669	18194670	17	7	3	2	1	1	NA	NA	NA	unphased	1.68055555555556	1.68055555555556	1
11	18765580	18765581	59	9	3	2	1	1	NA	NA	NA	unphased	0.762605042016807	0.762605042016807	1
11	21581862	21581863	29	10	3	2	1	1	NA	NA	NA	unphased	1.47741147741148	1.47741147741148	1
11	24927559	24927560	47	10	3	2	1	1	NA	NA	NA	unphased	1.01086048454469	1.01086048454469	1
11	26463537	26463538	89	22	3	2	1	1	NA	NA	NA	unphased	1.14199914199914	1.14199914199914	1
11	26718735	26718736	63	7	3	2	1	1	NA	NA	NA	unphased	0.576190476190476	0.576190476190476	1
11	27016016	27016017	25	6	3	2	1	1	NA	NA	NA	unphased	1.11520737327189	1.11520737327189	1
11	27520302	27520303	51	24	3	2	1	1	NA	NA	NA	unphased	1.84380952380952	0.921904761904762	2
11	30902806	30902807	38	4	3	2	1	1	NA	NA	NA	unphased	0.54875283446712	0.54875283446712	1
11	32663517	32663518	15	7	3	2	1	1	NA	NA	NA	unphased	1.83333333333333	1.83333333333333	1
11	34154673	34154674	38	24	3	2	1	1	NA	NA	NA	unphased	2.23041474654378	1.11520737327189	2
11	35219688	35219689	30	6	3	2	1	1	NA	NA	NA	unphased	0.96031746031746	0.96031746031746	1
11	35323109	35323110	40	15	3	2	1	1	NA	NA	NA	unphased	1.57142857142857	0.785714285714286	2
11	35323156	35323157	54	9	3	2	1	1	NA	NA	NA	unphased	0.82312925170068	0.82312925170068	1
11	45204487	45204488	30	7	3	2	1	1	NA	NA	NA	unphased	1.09009009009009	1.09009009009009	1
11	45246108	45246109	86	13	3	2	1	1	NA	NA	NA	unphased	0.756613756613757	0.756613756613757	1
11	47267152	47267153	31	3	3	2	1	1	NA	NA	NA	unphased	0.508403361344538	0.508403361344538	1
11	48238456	48238457	101	18	3	2	1	1	NA	NA	NA	unphased	0.871548619447779	0.871548619447779	1
11	49168275	49168276	15	14	3	2	1	1	NA	NA	NA	unphased	2.7816091954023	1.39080459770115	2
11	55065465	55065466	39	5	2.26	3	1	0.42	1	0	0.58	unphased	0.570670995670996	0.570670995670996	1
11	55136043	55136044	94	10	2.26	3	1	0.42	1	0	0.58	unphased	0.482875457875458	1.14970347113204	0.42
11	55136165	55136166	124	17	2.26	3	1	0.42	1	0	0.58	unphased	0.6054778790949	0.6054778790949	1
11	55681669	55681670	55	6	2.26	3	1	0.42	1	0	0.58	unphased	0.493957845433255	1.17609010817442	0.42
11	55681671	55681672	55	6	2.26	3	1	0.42	1	0	0.58	unphased	0.493957845433255	1.17609010817442	0.42
11	55890023	55890024	238	22	2.26	3	1	0.42	1	0	0.58	unphased	0.424930402930403	1.0117390545962	0.42
11	55890025	55890026	239	20	2.26	3	1	0.42	1	0	0.58	unphased	0.387791873506159	0.923313984538474	0.42
11	55944793	55944794	82	22	2.26	3	1	0.42	1	0	0.58	unphased	1.06232600732601	1.06232600732601	1
11	56044061	56044062	43	22	2.26	3	1	0.42	1	0	0.58	unphased	1.69972161172161	0.923761745500876	1.84
11	56237766	56237767	45	43	2.26	3	1	0.42	1	0	0.58	unphased	2.45388528138528	1.01400218239061	2.42
11	56237862	56237863	72	11	2.26	3	1	0.42	1	0	0.58	unphased	0.665553643144005	0.665553643144005	1
11	57003842	57003843	35	25	2.26	3	1	0.42	1	0	0.58	unphased	2.09246031746032	0.864653023743933	2.42
11	59560881	59560882	26	9	2	1	1	1	NA	NA	NA	unphased	1.22448979591837	1.22448979591837	1
11	60183102	60183103	57	11	2	1	1	1	NA	NA	NA	unphased	0.7703081232493	0.7703081232493	1
11	60482871	60482872	18	4	2	1	1	1	NA	NA	NA	unphased	0.865800865800866	0.865800865800866	1
11	60885795	60885796	64	16	2	1	1	1	NA	NA	NA	unphased	0.952380952380952	0.952380952380952	1
11	61131875	61131876	25	6	2	1	1	1	NA	NA	NA	unphased	0.921658986175115	0.921658986175115	1
11	62295699	62295700	249	61	2	1	1	1	NA	NA	NA	unphased	0.937019969278034	0.937019969278034	1
11	62381264	62381265	65	12	2	1	1	1	NA	NA	NA	unphased	0.742115027829314	0.742115027829314	1
11	62384045	62384046	32	8	2	1	1	1	NA	NA	NA	unphased	0.952380952380952	0.952380952380952	1
11	62489398	62489399	54	13	2	1	1	1	NA	NA	NA	unphased	0.923951670220327	0.923951670220327	1
11	62554749	62554750	20	4	2	1	1	1	NA	NA	NA	unphased	0.793650793650794	0.793650793650794	1
11	62650415	62650416	48	19	2	1	1	1	NA	NA	NA	unphased	1.35039090262971	1.35039090262971	1
11	63174113	63174114	38	8	2	1	1	1	NA	NA	NA	unphased	0.82815734989648	0.82815734989648	1
11	63174122	63174123	37	5	2	1	1	1	NA	NA	NA	unphased	0.566893424036281	0.566893424036281	1
11	63174163	63174164	25	3	2	1	1	1	NA	NA	NA	unphased	0.510204081632653	0.510204081632653	1
11	64121276	64121277	59	19	2	1	1	1	NA	NA	NA	unphased	1.15995115995116	1.15995115995116	1
11	64359397	64359398	24	4	4	3	1	1	NA	NA	NA	unphased	0.965986394557823	0.965986394557823	1
11	65390967	65390968	12	5	2	1	1	1	NA	NA	NA	unphased	1.40056022408964	1.40056022408964	1
11	65810589	65810590	53	13	2	1	1	1	NA	NA	NA	unphased	0.937950937950938	0.937950937950938	1
11	66467047	66467048	121	22	4	3	1	1	NA	NA	NA	unphased	1.04029304029304	1.04029304029304	1
11	66838925	66838926	15	12	4	3	1	1	NA	NA	NA	unphased	3.00529100529101	1.00176366843034	3
11	68183833	68183834	93	14	4.65	5	1	0.73	1	0	0.27	unphased	0.969781931464175	0.969781931464175	1
11	69625264	69625265	7	7	4.65	5	1	0.73	1	0	0.27	unphased	3.70595238095238	0.993552917145411	3.73
11	70282435	70282436	76	27	2	1	1	1	NA	NA	NA	unphased	1.24826629680999	1.24826629680999	1
11	71293659	71293660	99	21	2	1	1	1	NA	NA	NA	unphased	0.833333333333333	0.833333333333333	1
11	73070878	73070879	29	6	2	1	1	1	NA	NA	NA	unphased	0.816326530612245	0.816326530612245	1
11	75151001	75151002	61	6	2.35	3	1	0.45	1	0	0.55	unphased	0.457782515991471	1.01729447998105	0.45
11	76869322	76869323	11	7	2.35	3	1	0.45	1	0	0.55	unphased	1.98796296296296	1.0462962962963	1.9
11	77649741	77649742	102	86	2.35	3	1	0.45	1	0	0.55	unphased	2.33842451874367	0.954458987242313	2.45
11	82625776	82625777	13	18	2.35	3	1	0.45	1	0	0.55	unphased	2.96820276497696	1.21151133264366	2.45
11	83809985	83809986	33	31	2.35	3	1	0.45	1	0	0.55	unphased	2.47607886904762	1.01064443634597	2.45
11	88386544	88386545	50	9	2.35	3	1	0.45	1	0	0.55	unphased	0.779782082324455	0.779782082324455	1
11	92533771	92533772	13	7	3	3	0	1	NA	NA	NA	unphased	2.01666666666667	1.00833333333333	2
11	94179015	94179016	81	17	3	3	0	1	NA	NA	NA	unphased	0.999514091350826	0.999514091350826	1
11	101347223	101347224	56	13	3	3	0	1	NA	NA	NA	unphased	1.0855762594893	1.0855762594893	1
11	118850338	118850339	36	41	3	3	0	1	NA	NA	NA	unphased	3.06802721088435	1.02267573696145	3
11	122726487	122726488	25	31	3	3	0	1	NA	NA	NA	unphased	3.18962585034014	1.06320861678005	3
11	125472783	125472784	36	20	3	3	0	1	NA	NA	NA	unphased	2.0578231292517	1.02891156462585	2
11	128638058	128638059	13	3	1	1	0	1	NA	NA	NA	unphased	0.705357142857143	0.705357142857143	1
11	128843073	128843074	69	15	1	1	0	1	NA	NA	NA	unphased	0.671768707482993	0.671768707482993	1
11	130343180	130343181	25	16	1	1	0	1	NA	NA	NA	unphased	1.46806039488966	1.46806039488966	1
11	134073653	134073654	58	15	3	3	0	1	NA	NA	NA	unphased	1.1839530332681	1.1839530332681	1
12	234888	234889	6	3	2	1	1	1	NA	NA	NA	unphased	1.58730158730159	1.58730158730159	1
12	234889	234890	6	3	2	1	1	1	NA	NA	NA	unphased	1.58730158730159	1.58730158730159	1
12	472261	472262	43	8	2	1	1	1	NA	NA	NA	unphased	0.746965452847806	0.746965452847806	1
12	1943749	1943750	26	9	2	1	1	1	NA	NA	NA	unphased	1.22448979591837	1.22448979591837	1
12	4479531	4479532	52	5	2	1	1	1	NA	NA	NA	unphased	0.417710944026733	0.417710944026733	1
12	4736113	4736114	20	5	2	1	1	1	NA	NA	NA	unphased	0.952380952380952	0.952380952380952	1
12	4853789	4853790	15	5	2	1	1	1	NA	NA	NA	unphased	1.19047619047619	1.19047619047619	1
12	4919927	4919928	57	11	2	1	1	1	NA	NA	NA	unphased	0.7703081232493	0.7703081232493	1
12	5020559	5020560	21	6	2	1	1	1	NA	NA	NA	unphased	1.05820105820106	1.05820105820106	1
12	6101101	6101102	12	3	2	1	1	1	NA	NA	NA	unphased	0.952380952380952	0.952380952380952	1
12	6659031	6659032	17	5	2	1	1	1	NA	NA	NA	unphased	1.08225108225108	1.08225108225108	1
12	7970503	7970504	23	9	2	1	1	1	NA	NA	NA	unphased	1.33928571428571	1.33928571428571	1
12	8902664	8902665	56	13	2	1	1	1	NA	NA	NA	unphased	0.897170462387854	0.897170462387854	1
12	9254175	9254176	24	8	2	1	1	1	NA	NA	NA	unphased	1.19047619047619	1.19047619047619	1
12	9317735	9317736	45	5	2	1	1	1	NA	NA	NA	unphased	0.476190476190476	0.476190476190476	1
12	9333630	9333631	25	5	2	1	1	1	NA	NA	NA	unphased	0.793650793650794	0.793650793650794	1
12	10233985	10233986	43	10	2	1	1	1	NA	NA	NA	unphased	0.898472596585804	0.898472596585804	1
12	10462027	10462028	62	17	2	1	1	1	NA	NA	NA	unphased	1.02471368294153	1.02471368294153	1
12	10462028	10462029	64	16	2	1	1	1	NA	NA	NA	unphased	0.952380952380952	0.952380952380952	1
12	10587130	10587131	75	6	2	1	1	1	NA	NA	NA	unphased	0.352733686067019	0.352733686067019	1
12	10750650	10750651	108	22	2	1	1	1	NA	NA	NA	unphased	0.805860805860806	0.805860805860806	1
12	13716157	13716158	31	5	2	1	1	1	NA	NA	NA	unphased	0.661375661375661	0.661375661375661	1
12	14923828	14923829	40	10	2	1	1	1	NA	NA	NA	unphased	0.952380952380952	0.952380952380952	1
12	20523121	20523122	22	12	2	1	1	1	NA	NA	NA	unphased	1.68067226890756	1.68067226890756	1
12	27523153	27523154	16	5	2	1	1	1	NA	NA	NA	unphased	1.13378684807256	1.13378684807256	1
12	29709818	29709819	42	10	2	1	1	1	NA	NA	NA	unphased	0.915750915750916	0.915750915750916	1
12	29709819	29709820	41	11	2	1	1	1	NA	NA	NA	unphased	1.00732600732601	1.00732600732601	1
12	32491902	32491903	26	6	2	1	1	1	NA	NA	NA	unphased	0.892857142857143	0.892857142857143	1
12	39047753	39047754	51	5	3.91	3	1	0.97	0	1	0.03	unphased	0.595705782312925	0.595705782312925	1
12	40748156	40748157	27	18	3.91	3	1	0.97	0	1	0.03	unphased	2.6687619047619	0.917100310914744	2.91
12	40748157	40748158	27	19	3.91	3	1	0.97	0	1	0.03	unphased	2.7557867494824	0.947005755835877	2.91
12	41463811	41463812	46	8	3.91	3	1	0.97	0	1	0.03	unphased	0.988430335097002	0.988430335097002	1
12	43777523	43777524	95	12	3.91	3	1	0.97	0	1	0.03	unphased	0.748251001335113	0.748251001335113	1
12	43858418	43858419	70	10	3.91	3	1	0.97	0	1	0.03	unphased	0.833988095238095	0.833988095238095	1
12	45410155	45410156	30	33	3.91	3	1	0.97	0	1	0.03	unphased	3.49480725623583	1.17670277987738	2.97
12	48095300	48095301	41	30	3.91	3	1	0.97	0	1	0.03	unphased	2.81911468812877	0.96876793406487	2.91
12	49742866	49742867	76	29	3.91	3	1	0.97	0	1	0.03	unphased	1.84271655328798	0.949853893447413	1.94
12	50050881	50050882	103	26	3.91	3	1	0.97	0	1	0.03	unphased	1.3447249907715	1.3447249907715	1
12	52284615	52284616	8	11	3.91	3	1	0.97	0	1	0.03	unphased	3.86268170426065	1.30056623039079	2.97
12	52651971	52651972	55	58	3.91	3	1	0.97	0	1	0.03	unphased	3.42451748841129	1.15303619138427	2.97
12	52779104	52779105	41	31	3.91	3	1	0.97	0	1	0.03	unphased	2.87262566137566	0.987156584665176	2.91
12	52908793	52908794	23	12	3.91	3	1	0.97	0	1	0.03	unphased	2.28751020408163	1.16117269242722	1.97
12	54367206	54367207	73	24	3.91	3	1	0.97	0	1	0.03	unphased	1.65078055964654	0.850917814250793	1.94
12	54857067	54857068	18	15	3.91	3	1	0.97	0	1	0.03	unphased	3.03268398268398	1.02110571807542	2.97
12	55420783	55420784	31	22	3.91	3	1	0.97	0	1	0.03	unphased	2.76946990116801	0.951707869817187	2.91
12	55421250	55421251	73	68	3.91	3	1	0.97	0	1	0.03	unphased	3.21765619723066	1.08338592499349	2.97
12	56332983	56332984	73	9	3.91	3	1	0.97	0	1	0.03	unphased	0.732282229965157	0.732282229965157	1
12	56515669	56515670	5	9	3.91	3	1	0.97	0	1	0.03	unphased	4.28908163265306	1.44413522984952	2.97
12	62986520	62986521	86	20	1.04	3	0	0.02	0	1	0.98	unphased	0.717340521114106	0.717340521114106	1
12	63964623	63964624	50	11	1.04	3	0	0.02	0	1	0.98	unphased	0.685589383294302	0.685589383294302	1
12	70732556	70732557	86	11	1.04	3	0	0.02	0	1	0.98	unphased	0.431143838978891	0.431143838978891	1
12	70824308	70824309	48	59	1.04	3	0	0.02	0	1	0.98	unphased	2.09637739207833	1.03781059013779	2.02
12	78444659	78444660	8	20	1.04	3	0	0.02	0	1	0.98	unphased	2.7156462585034	1.34437933589277	2.02
12	78591073	78591074	34	45	1.04	3	0	0.02	0	1	0.98	unphased	2.16564195298373	1.07209997672462	2.02
12	80651718	80651719	12	15	1.04	3	0	0.02	0	1	0.98	unphased	2.11216931216931	1.04562837236105	2.02
12	81102311	81102312	57	25	1.04	3	0	0.02	0	1	0.98	unphased	1.15911730545877	1.15911730545877	1
12	85413466	85413467	60	8	1.04	3	0	0.02	0	1	0.98	unphased	0.447282913165266	0.447282913165266	1
12	86374091	86374092	29	35	1.04	3	0	0.02	0	1	0.98	unphased	2.07916666666667	1.0292904290429	2.02
12	89743159	89743160	48	36	1.04	3	0	0.02	0	1	0.98	unphased	1.62938775510204	0.806627601535664	2.02
12	91347700	91347701	100	93	1.04	3	0	0.02	0	1	0.98	unphased	1.8320059215396	0.906933624524555	2.02
12	99007971	99007972	71	35	1.04	3	0	0.02	0	1	0.98	unphased	1.25534591194969	1.25534591194969	1
12	100660850	100660851	38	16	1.04	3	0	0.02	0	1	0.98	unphased	1.12649029982363	1.12649029982363	1
12	100955667	100955668	18	10	1.04	3	0	0.02	0	1	0.98	unphased	1.3578231292517	1.3578231292517	1
12	102023257	102023258	29	29	1.04	3	0	0.02	0	1	0.98	unphased	1.90095238095238	0.941065535124941	2.02
12	102813460	102813461	27	18	1.04	3	0	0.02	0	1	0.98	unphased	1.5207619047619	0.752852428099953	2.02
12	104697949	104697950	50	8	1.04	3	0	0.02	0	1	0.98	unphased	0.52440065681445	0.52440065681445	1
12	106804629	106804630	47	10	1.04	3	0	0.02	0	1	0.98	unphased	0.667000835421888	0.667000835421888	1
12	108029156	108029157	33	32	1.04	3	0	0.02	0	1	0.98	unphased	1.87170695970696	0.926587603815327	2.02
12	108642019	108642020	44	7	1.04	3	0	0.02	0	1	0.98	unphased	0.521830065359477	0.521830065359477	1
12	109293180	109293181	24	3	1.04	3	0	0.02	0	1	0.98	unphased	0.422433862433862	0.422433862433862	1
12	111746111	111746112	83	13	1.04	3	0	0.02	0	1	0.98	unphased	0.51484126984127	0.51484126984127	1
12	111956153	111956154	93	21	1.04	3	0	0.02	0	1	0.98	unphased	0.700350877192983	0.700350877192983	1
12	112191589	112191590	44	9	1.04	3	0	0.02	0	1	0.98	unphased	0.645606469002695	0.645606469002695	1
12	112191590	112191591	44	9	1.04	3	0	0.02	0	1	0.98	unphased	0.645606469002695	0.645606469002695	1
12	113826379	113826380	28	7	2	1	1	1	NA	NA	NA	unphased	0.952380952380952	0.952380952380952	1
12	115117431	115117432	54	16	2	1	1	1	NA	NA	NA	unphased	1.08843537414966	1.08843537414966	1
12	116450671	116450672	65	16	2	1	1	1	NA	NA	NA	unphased	0.940623162845385	0.940623162845385	1
12	120593228	120593229	27	5	2	1	1	1	NA	NA	NA	unphased	0.744047619047619	0.744047619047619	1
12	122369753	122369754	43	6	2	1	1	1	NA	NA	NA	unphased	0.583090379008746	0.583090379008746	1
12	122674727	122674728	44	12	2	1	1	1	NA	NA	NA	unphased	1.02040816326531	1.02040816326531	1
12	123014623	123014624	17	5	2	1	1	1	NA	NA	NA	unphased	1.08225108225108	1.08225108225108	1
12	123476365	123476366	7	3	2	1	1	1	NA	NA	NA	unphased	1.42857142857143	1.42857142857143	1
12	130919310	130919311	56	11	2	1	1	1	NA	NA	NA	unphased	0.7818052594172	0.7818052594172	1
12	131311735	131311736	42	6	2	1	1	1	NA	NA	NA	unphased	0.595238095238095	0.595238095238095	1
12	133454164	133454165	36	9	2	1	1	1	NA	NA	NA	unphased	0.952380952380952	0.952380952380952	1
13	19748240	19748241	58	13	3	2	1	1	NA	NA	NA	unphased	1.05499664654594	1.05499664654594	1
13	20012246	20012247	40	7	3	2	1	1	NA	NA	NA	unphased	0.858156028368794	0.858156028368794	1
13	20067641	20067642	58	7	3	2	1	1	NA	NA	NA	unphased	0.620512820512821	0.620512820512821	1
13	24871700	24871701	50	15	3	2	1	1	NA	NA	NA	unphased	1.32967032967033	1.32967032967033	1
13	24871701	24871702	48	16	3	2	1	1	NA	NA	NA	unphased	1.44047619047619	1.44047619047619	1
13	24890243	24890244	43	22	3	2	1	1	NA	NA	NA	unphased	1.95018315018315	0.975091575091575	2
13	28979927	28979928	37	6	3	2	1	1	NA	NA	NA	unphased	0.803986710963455	0.803986710963455	1
13	31540356	31540357	31	3	3	2	1	1	NA	NA	NA	unphased	0.508403361344538	0.508403361344538	1
13	32698434	32698435	33	4	3	2	1	1	NA	NA	NA	unphased	0.622908622908623	0.622908622908623	1
13	32937355	32937356	43	6	3	2	1	1	NA	NA	NA	unphased	0.705539358600583	0.705539358600583	1
13	35923265	35923266	23	5	3	2	1	1	NA	NA	NA	unphased	1.02891156462585	1.02891156462585	1
13	39262039	39262040	17	3	3	2	1	1	NA	NA	NA	unphased	0.864285714285714	0.864285714285714	1
13	41239821	41239822	8	8	3	2	1	1	NA	NA	NA	unphased	2.88095238095238	1.44047619047619	2
13	41533076	41533077	65	12	3	2	1	1	NA	NA	NA	unphased	0.897959183673469	0.897959183673469	1
13	41946352	41946353	45	25	3	2	1	1	NA	NA	NA	unphased	2.0578231292517	1.02891156462585	2
13	43639869	43639870	79	12	3	2	1	1	NA	NA	NA	unphased	0.759811616954474	0.759811616954474	1
13	46077384	46077385	34	12	3	2	1	1	NA	NA	NA	unphased	1.50310559006211	1.50310559006211	1
13	46942375	46942376	27	4	3	2	1	1	NA	NA	NA	unphased	0.74347158218126	0.74347158218126	1
13	47011880	47011881	18	4	3	2	1	1	NA	NA	NA	unphased	1.04761904761905	1.04761904761905	1
13	49037873	49037874	33	15	3	2	1	1	NA	NA	NA	unphased	1.80059523809524	0.900297619047619	2
13	52548339	52548340	40	28	3	2	1	1	NA	NA	NA	unphased	2.37254901960784	1.18627450980392	2
13	53624309	53624310	48	21	3	2	1	1	NA	NA	NA	unphased	1.7536231884058	0.876811594202899	2
13	53625015	53625016	5	4	3	2	1	1	NA	NA	NA	unphased	2.56084656084656	1.28042328042328	2
13	60590275	60590276	27	5	3	2	1	1	NA	NA	NA	unphased	0.900297619047619	0.900297619047619	1
13	73293103	73293104	186	28	3	2	1	1	NA	NA	NA	unphased	0.753894080996885	0.753894080996885	1
13	75863149	75863150	80	23	3	2	1	1	NA	NA	NA	unphased	1.28663892741563	1.28663892741563	1
13	78188075	78188076	53	16	3	2	1	1	NA	NA	NA	unphased	1.33609385783299	1.33609385783299	1
13	78293703	78293704	57	23	3	2	1	1	NA	NA	NA	unphased	1.65654761904762	0.828273809523809	2
13	84454182	84454183	23	6	3	2	1	1	NA	NA	NA	unphased	1.19211822660099	1.19211822660099	1
13	86369978	86369979	51	36	3	2	1	1	NA	NA	NA	unphased	2.38423645320197	1.19211822660099	2
13	96413051	96413052	24	4	3	2	1	1	NA	NA	NA	unphased	0.82312925170068	0.82312925170068	1
13	100764140	100764141	38	11	3	2	1	1	NA	NA	NA	unphased	1.29348882410107	1.29348882410107	1
13	101735470	101735471	27	14	3	2	1	1	NA	NA	NA	unphased	1.96747967479675	0.983739837398374	2
13	102227829	102227830	91	19	3	2	1	1	NA	NA	NA	unphased	0.995238095238095	0.995238095238095	1
13	108861353	108861354	69	10	3	2	1	1	NA	NA	NA	unphased	0.729355033152502	0.729355033152502	1
13	109772759	109772760	41	13	3	2	1	1	NA	NA	NA	unphased	1.38712522045855	1.38712522045855	1
13	110804756	110804757	78	32	3	2	1	1	NA	NA	NA	unphased	1.67619047619048	0.838095238095238	2
13	114083303	114083304	50	10	3	2	1	1	NA	NA	NA	unphased	0.96031746031746	0.96031746031746	1
14	20483116	20483117	16	6	1.35	1	1	0.35	1	0	0.65	unphased	1.12142857142857	1.12142857142857	1
14	20586358	20586359	66	19	2	1	1	0.25	1	1	0.75	unphased	1.06442577030812	1.06442577030812	1
14	21458640	21458641	50	8	2	1	1	1	NA	NA	NA	unphased	0.656814449917898	0.656814449917898	1
14	21458641	21458642	51	8	2	1	1	1	NA	NA	NA	unphased	0.645682001614205	0.645682001614205	1
14	21862222	21862223	42	8	2	1	1	1	NA	NA	NA	unphased	0.761904761904762	0.761904761904762	1
14	22251572	22251573	37	8	2	1	1	1	NA	NA	NA	unphased	0.846560846560847	0.846560846560847	1
14	23058081	23058082	22	3	2	1	1	1	NA	NA	NA	unphased	0.571428571428571	0.571428571428571	1
14	23842326	23842327	51	14	2	1	1	1	NA	NA	NA	unphased	1.02564102564103	1.02564102564103	1
14	23869530	23869531	69	12	2	1	1	1	NA	NA	NA	unphased	0.705467372134039	0.705467372134039	1
14	23902944	23902945	29	4	2	1	1	1	NA	NA	NA	unphased	0.577200577200577	0.577200577200577	1
14	24546536	24546537	25	7	2	1	1	1	NA	NA	NA	unphased	1.04166666666667	1.04166666666667	1
14	24546537	24546538	26	7	2	1	1	1	NA	NA	NA	unphased	1.01010101010101	1.01010101010101	1
14	25043492	25043493	25	12	2	1	1	1	NA	NA	NA	unphased	1.54440154440154	1.54440154440154	1
14	29237100	29237101	30	7	2	1	1	1	NA	NA	NA	unphased	0.900900900900901	0.900900900900901	1
14	31609179	31609180	38	11	2	1	1	1	NA	NA	NA	unphased	1.0689990281827	1.0689990281827	1
14	33015073	33015074	57	17	2	1	1	1	NA	NA	NA	unphased	1.09395109395109	1.09395109395109	1
14	33165244	33165245	61	11	2	1	1	1	NA	NA	NA	unphased	0.727513227513228	0.727513227513228	1
14	34400357	34400358	51	20	2	1	1	1	NA	NA	NA	unphased	1.34138162307176	1.34138162307176	1
14	38724799	38724800	22	5	2	1	1	1	NA	NA	NA	unphased	0.881834215167548	0.881834215167548	1
14	45620636	45620637	28	8	2	1	1	1	NA	NA	NA	unphased	1.05820105820106	1.05820105820106	1
14	50585242	50585243	32	7	2	1	1	1	NA	NA	NA	unphased	0.854700854700855	0.854700854700855	1
14	51477129	51477130	47	12	2	1	1	1	NA	NA	NA	unphased	0.968523002421308	0.968523002421308	1
14	60976572	60976573	18	4	2	1	1	1	NA	NA	NA	unphased	0.865800865800866	0.865800865800866	1
14	62567335	62567336	15	5	2	1	1	1	NA	NA	NA	unphased	1.19047619047619	1.19047619047619	1
14	63447787	63447788	35	8	2	1	1	1	NA	NA	NA	unphased	0.8859357696567	0.8859357696567	1
14	64687231	64687232	87	13	2	1	1	1	NA	NA	NA	unphased	0.619047619047619	0.619047619047619	1
14	65406521	65406522	36	8	2	1	1	1	NA	NA	NA	unphased	0.865800865800866	0.865800865800866	1
14	68265320	68265321	31	9	2	1	1	1	NA	NA	NA	unphased	1.07142857142857	1.07142857142857	1
14	73959078	73959079	40	5	2	1	1	1	NA	NA	NA	unphased	0.529100529100529	0.529100529100529	1
14	74759495	74759496	19	4	2	1	1	1	NA	NA	NA	unphased	0.82815734989648	0.82815734989648	1
14	74876069	74876070	84	17	2	1	1	1	NA	NA	NA	unphased	0.801508722300802	0.801508722300802	1
14	75136396	75136397	36	4	2	1	1	1	NA	NA	NA	unphased	0.476190476190476	0.476190476190476	1
14	76249512	76249513	49	10	2	1	1	1	NA	NA	NA	unphased	0.807102502017756	0.807102502017756	1
14	77580505	77580506	29	6	2	1	1	1	NA	NA	NA	unphased	0.816326530612245	0.816326530612245	1
14	77732450	77732451	12	4	2	1	1	1	NA	NA	NA	unphased	1.19047619047619	1.19047619047619	1
14	81251694	81251695	63	20	2	1	1	1	NA	NA	NA	unphased	1.14744693057946	1.14744693057946	1
14	88477438	88477439	72	17	2	1	1	1	NA	NA	NA	unphased	0.909577314071696	0.909577314071696	1
14	89160720	89160721	9	3	2	1	1	1	NA	NA	NA	unphased	1.19047619047619	1.19047619047619	1
14	94088393	94088394	55	18	2	1	1	1	NA	NA	NA	unphased	1.17416829745597	1.17416829745597	1
14	94929479	94929480	60	17	2	1	1	1	NA	NA	NA	unphased	1.05132962275819	1.05132962275819	1
14	95670101	95670102	45	17	2	1	1	1	NA	NA	NA	unphased	1.30568356374808	1.30568356374808	1
14	96730138	96730139	41	14	2	1	1	1	NA	NA	NA	unphased	1.21212121212121	1.21212121212121	1
14	99640473	99640474	18	7	2	1	1	1	NA	NA	NA	unphased	1.33333333333333	1.33333333333333	1
14	99723951	99723952	40	13	2	1	1	1	NA	NA	NA	unphased	1.16801437556155	1.16801437556155	1
14	100363556	100363557	29	6	2	1	1	1	NA	NA	NA	unphased	0.816326530612245	0.816326530612245	1
14	100795847	100795848	47	16	2	1	1	1	NA	NA	NA	unphased	1.20937263794407	1.20937263794407	1
14	101349154	101349155	4	4	2	1	1	1	NA	NA	NA	unphased	2.38095238095238	2.38095238095238	1
14	101442869	101442870	48	14	2	1	1	1	NA	NA	NA	unphased	1.0752688172043	1.0752688172043	1
14	102469180	102469181	74	14	2	1	1	1	NA	NA	NA	unphased	0.757575757575758	0.757575757575758	1
14	106780529	106780530	159	32	NA	NA	NA	NA	NA	NA	NA	unphased	NA	NA	1
15	23890376	23890377	33	5	2	1	1	1	NA	NA	NA	unphased	0.6265664160401	0.6265664160401	1
15	23890377	23890378	33	5	2	1	1	1	NA	NA	NA	unphased	0.6265664160401	0.6265664160401	1
15	24921971	24921972	38	9	2	1	1	1	NA	NA	NA	unphased	0.911854103343465	0.911854103343465	1
15	24923424	24923425	59	15	2	1	1	1	NA	NA	NA	unphased	0.965250965250965	0.965250965250965	1
15	24923974	24923975	26	7	2	1	1	1	NA	NA	NA	unphased	1.01010101010101	1.01010101010101	1
15	25616243	25616244	59	10	2	1	1	1	NA	NA	NA	unphased	0.690131124913734	0.690131124913734	1
15	27777929	27777930	22	7	2	1	1	1	NA	NA	NA	unphased	1.14942528735632	1.14942528735632	1
15	28273119	28273120	60	17	2	1	1	1	NA	NA	NA	unphased	1.05132962275819	1.05132962275819	1
15	28513646	28513647	43	4	2	1	1	1	NA	NA	NA	unphased	0.405268490374873	0.405268490374873	1
15	34064235	34064236	12	3	2	1	1	1	NA	NA	NA	unphased	0.952380952380952	0.952380952380952	1
15	34080599	34080600	35	10	2	1	1	1	NA	NA	NA	unphased	1.05820105820106	1.05820105820106	1
15	34376592	34376593	50	11	2	1	1	1	NA	NA	NA	unphased	0.858704137392662	0.858704137392662	1
15	34396409	34396410	55	13	2	1	1	1	NA	NA	NA	unphased	0.910364145658263	0.910364145658263	1
15	34649606	34649607	39	6	2	1	1	1	NA	NA	NA	unphased	0.634920634920635	0.634920634920635	1
15	35082585	35082586	35	11	2	1	1	1	NA	NA	NA	unphased	1.13871635610766	1.13871635610766	1
15	35261748	35261749	21	3	2	1	1	1	NA	NA	NA	unphased	0.595238095238095	0.595238095238095	1
15	35529916	35529917	41	5	2	1	1	1	NA	NA	NA	unphased	0.5175983436853	0.5175983436853	1
15	35830568	35830569	51	10	2	1	1	1	NA	NA	NA	unphased	0.78064012490242	0.78064012490242	1
15	38643343	38643344	47	7	2	1	1	1	NA	NA	NA	unphased	0.617283950617284	0.617283950617284	1
15	40500956	40500957	22	11	2	1	1	1	NA	NA	NA	unphased	1.58730158730159	1.58730158730159	1
15	40917005	40917006	26	6	2	1	1	1	NA	NA	NA	unphased	0.892857142857143	0.892857142857143	1
15	42117532	42117533	23	6	2	1	1	1	NA	NA	NA	unphased	0.985221674876847	0.985221674876847	1
15	42276076	42276077	8	18	3	2	1	1	NA	NA	NA	unphased	3.98901098901099	1.99450549450549	2
15	42717187	42717188	26	3	2	1	1	1	NA	NA	NA	unphased	0.492610837438424	0.492610837438424	1
15	45059762	45059763	38	6	2	1	1	1	NA	NA	NA	unphased	0.649350649350649	0.649350649350649	1
15	48513134	48513135	55	9	2	1	1	1	NA	NA	NA	unphased	0.669642857142857	0.669642857142857	1
15	49329950	49329951	14	6	2	1	1	1	NA	NA	NA	unphased	1.42857142857143	1.42857142857143	1
15	52662433	52662434	55	19	2	1	1	1	NA	NA	NA	unphased	1.22265122265122	1.22265122265122	1
15	54306542	54306543	31	8	2	1	1	1	NA	NA	NA	unphased	0.976800976800977	0.976800976800977	1
15	54841859	54841860	52	8	2	1	1	1	NA	NA	NA	unphased	0.634920634920635	0.634920634920635	1
15	60297398	60297399	62	12	1.26	1	1	0.26	1	0	0.74	unphased	0.652200772200772	0.652200772200772	1
15	62219443	62219444	85	15	1.26	1	1	0.26	1	0	0.74	unphased	0.603285714285714	0.603285714285714	1
15	63631144	63631145	19	3	1.26	1	1	0.26	1	0	0.74	unphased	0.548441558441558	0.548441558441558	1
15	65489711	65489712	48	6	1.26	1	1	0.26	1	0	0.74	unphased	0.446878306878307	0.446878306878307	1
15	65756095	65756096	19	6	1.26	1	1	0.26	1	0	0.74	unphased	0.965257142857143	0.965257142857143	1
15	65917017	65917018	7	5	1.26	1	1	0.26	1	0	0.74	unphased	1.67579365079365	1.67579365079365	1
15	68609675	68609676	36	17	1.26	1	1	0.26	1	0	0.74	unphased	1.29004492362983	1.29004492362983	1
15	74628286	74628287	51	9	1.26	1	1	0.26	1	0	0.74	unphased	0.603285714285714	0.603285714285714	1
15	75042160	75042161	113	44	1.26	1	1	0.26	1	0	0.74	unphased	1.12715802244465	1.12715802244465	1
15	75111608	75111609	87	14	1.26	1	1	0.26	1	0	0.74	unphased	0.557491749174918	0.557491749174918	1
15	78894370	78894371	53	16	3	2	1	1	NA	NA	NA	unphased	1.33609385783299	1.33609385783299	1
15	82444492	82444493	39	20	3	2	1	1	NA	NA	NA	unphased	1.95318805488297	0.976594027441485	2
15	84257464	84257465	16	7	3	2	1	1	NA	NA	NA	unphased	1.7536231884058	1.7536231884058	1
15	89738673	89738674	12	8	3	2	1	1	NA	NA	NA	unphased	2.30476190476191	1.15238095238095	2
15	90026401	90026402	19	11	3	2	1	1	NA	NA	NA	unphased	2.11269841269841	1.05634920634921	2
15	90349301	90349302	78	10	NA	NA	NA	NA	NA	NA	NA	unphased	NA	NA	1
15	91489894	91489895	9	7	3	2	1	1	NA	NA	NA	unphased	2.52083333333333	1.26041666666667	2
15	93007461	93007462	88	7	4.04	4	1	0.76	1	0	0.24	unphased	0.50119298245614	0.659464450600185	0.76
15	94858806	94858807	19	6	3	2	1	1	NA	NA	NA	unphased	1.38285714285714	1.38285714285714	1
15	99434664	99434665	9	5	3	2	1	1	NA	NA	NA	unphased	2.0578231292517	2.0578231292517	1
15	99715326	99715327	31	3	3	2	1	1	NA	NA	NA	unphased	0.508403361344538	0.508403361344538	1
15	100514545	100514546	13	8	3	2	1	1	NA	NA	NA	unphased	2.19501133786848	1.09750566893424	2
15	101565127	101565128	125	19	3	2	1	1	NA	NA	NA	unphased	0.760251322751323	0.760251322751323	1
15	102346306	102346307	128	56	3	2	1	1	NA	NA	NA	unphased	1.7536231884058	0.876811594202899	2
15	102346657	102346658	99	14	3	2	1	1	NA	NA	NA	unphased	0.713864306784661	0.713864306784661	1
16	789664	789665	83	15	2	2	0	1	NA	NA	NA	unphased	0.728862973760933	0.728862973760933	1
16	3019680	3019681	5	3	2	2	0	1	NA	NA	NA	unphased	1.78571428571429	1.78571428571429	1
16	14328122	14328123	36	20	4	2	2	1	NA	NA	NA	unphased	2.41496598639456	1.20748299319728	2
16	17228473	17228474	71	24	4	2	2	1	NA	NA	NA	unphased	1.70827067669173	0.854135338345865	2
16	19867834	19867835	26	15	4	2	2	1	NA	NA	NA	unphased	2.47386759581882	1.23693379790941	2
16	20554561	20554562	21	4	4	2	2	1	NA	NA	NA	unphased	1.08190476190476	1.08190476190476	1
16	20565098	20565099	61	14	4	2	2	1	NA	NA	NA	unphased	1.26222222222222	1.26222222222222	1
16	20748211	20748212	52	31	4	2	2	1	NA	NA	NA	unphased	2.52553069420539	1.2627653471027	2
16	23226503	23226504	40	6	4	2	2	1	NA	NA	NA	unphased	0.881987577639751	0.881987577639751	1
16	23767046	23767047	59	10	6	4	2	1	NA	NA	NA	unphased	1.26984126984127	1.26984126984127	1
16	24801196	24801197	41	7	4	2	2	1	NA	NA	NA	unphased	0.986111111111111	0.986111111111111	1
16	28917030	28917031	23	17	3.6	3	2	0.65	1	0	0.35	unphased	2.70380952380952	1.02030548068284	2.65
16	29469305	29469306	68	15	3.6	3	2	0.65	1	0	0.35	unphased	1.14974182444062	1.14974182444062	1
16	47621594	47621595	28	6	3	2	1	1	NA	NA	NA	unphased	1.01680672268908	1.01680672268908	1
16	51171290	51171291	28	22	3	2	1	1	NA	NA	NA	unphased	2.5352380952381	1.26761904761905	2
16	53913826	53913827	63	11	3	2	1	1	NA	NA	NA	unphased	0.856499356499357	0.856499356499357	1
16	55527167	55527168	88	31	3	2	1	1	NA	NA	NA	unphased	1.50100040016006	0.750500200080032	2
16	55703549	55703550	40	16	3	2	1	1	NA	NA	NA	unphased	1.64625850340136	0.82312925170068	2
16	55855413	55855414	28	4	NA	NA	NA	NA	NA	NA	NA	unphased	NA	NA	1
16	56918106	56918107	28	6	3	2	1	1	NA	NA	NA	unphased	1.01680672268908	1.01680672268908	1
16	56933456	56933457	64	33	3	2	1	1	NA	NA	NA	unphased	1.96023564064801	0.980117820324006	2
16	57416226	57416227	31	13	3	2	1	1	NA	NA	NA	unphased	1.70238095238095	0.851190476190476	2
16	57954405	57954406	32	13	3	2	1	1	NA	NA	NA	unphased	1.66455026455026	0.832275132275132	2
16	58713912	58713913	12	5	3	2	1	1	NA	NA	NA	unphased	1.69467787114846	1.69467787114846	1
16	61760988	61760989	64	14	3	2	1	1	NA	NA	NA	unphased	1.03418803418803	1.03418803418803	1
16	61935369	61935370	59	33	3	2	1	1	NA	NA	NA	unphased	2.0667701863354	1.0333850931677	2
16	66551778	66551779	63	9	3	2	1	1	NA	NA	NA	unphased	0.720238095238095	0.720238095238095	1
16	68156518	68156519	36	12	3	2	1	1	NA	NA	NA	unphased	1.44047619047619	1.44047619047619	1
16	68362979	68362980	41	11	3	2	1	1	NA	NA	NA	unphased	1.21886446886447	1.21886446886447	1
16	71163612	71163613	32	4	3	2	1	1	NA	NA	NA	unphased	0.64021164021164	0.64021164021164	1
16	71606534	71606535	41	17	3	2	1	1	NA	NA	NA	unphased	1.6888341543514	0.844417077175698	2
16	76482688	76482689	9	7	3	2	1	1	NA	NA	NA	unphased	2.52083333333333	1.26041666666667	2
16	77325280	77325281	168	30	4	3	1	1	NA	NA	NA	unphased	1.02453102453102	1.02453102453102	1
16	81124216	81124217	35	29	4	3	1	1	NA	NA	NA	unphased	3.0639880952381	1.02132936507937	3
16	83948928	83948929	68	11	4	3	1	1	NA	NA	NA	unphased	0.941531042796866	0.941531042796866	1
16	84215874	84215875	24	27	4	3	1	1	NA	NA	NA	unphased	3.57983193277311	1.19327731092437	3
16	85682210	85682211	70	11	3.55	3	1	0.85	1	0	0.15	unphased	0.857172251616696	0.857172251616696	1
16	86601113	86601114	57	22	3.55	3	1	0.85	1	0	0.15	unphased	1.75774562989753	0.950132772917583	1.85
16	86612276	86612277	8	3	3.55	3	1	0.85	1	0	0.15	unphased	1.72142857142857	1.72142857142857	1
16	87445621	87445622	25	6	3.55	3	1	0.85	1	0	0.15	unphased	1.22165898617512	1.22165898617512	1
16	89220591	89220592	11	4	3.55	3	1	0.85	1	0	0.15	unphased	1.6831746031746	1.6831746031746	1
16	89294479	89294480	82	12	3.55	3	1	0.85	1	0	0.15	unphased	0.805775075987842	0.805775075987842	1
16	89598914	89598915	70	6	3.55	3	1	0.85	1	0	0.15	unphased	0.498308270676692	0.58624502432552	0.85
16	90160924	90160925	23	8	NA	NA	NA	NA	NA	NA	NA	unphased	NA	NA	1
17	3844520	3844521	49	11	2	2	0	1	NA	NA	NA	unphased	0.873015873015873	0.873015873015873	1
17	3955394	3955395	16	7	2	2	0	1	NA	NA	NA	unphased	1.44927536231884	1.44927536231884	1
17	4575247	4575248	10	16	2	2	0	1	NA	NA	NA	unphased	2.93040293040293	1.46520146520147	2
17	5317449	5317450	18	13	2	2	0	1	NA	NA	NA	unphased	1.99692780337942	0.998463901689708	2
17	7077238	7077239	33	11	2	2	0	1	NA	NA	NA	unphased	1.19047619047619	1.19047619047619	1
17	7100277	7100278	8	5	2	2	0	1	NA	NA	NA	unphased	1.83150183150183	1.83150183150183	1
17	7577120	7577121	13	11	2	2	0	1	NA	NA	NA	unphased	2.18253968253968	1.09126984126984	2
17	9820431	9820432	5	5	2	2	0	1	NA	NA	NA	unphased	2.38095238095238	1.19047619047619	2
17	11520896	11520897	33	13	2	2	0	1	NA	NA	NA	unphased	1.34575569358178	1.34575569358178	1
17	11795209	11795210	75	44	2	2	0	1	NA	NA	NA	unphased	1.76070428171269	0.880352140856343	2
17	14683425	14683426	30	26	2	2	0	1	NA	NA	NA	unphased	2.2108843537415	1.10544217687075	2
17	16525927	16525928	40	25	2	2	0	1	NA	NA	NA	unphased	1.83150183150183	0.915750915750916	2
17	16703480	16703481	18	5	2	2	0	1	NA	NA	NA	unphased	1.0351966873706	1.0351966873706	1
17	17077250	17077251	25	13	2	2	0	1	NA	NA	NA	unphased	1.62907268170426	0.81453634085213	2
17	25630660	25630661	90	14	3	2	1	1	NA	NA	NA	unphased	0.775641025641026	0.775641025641026	1
17	25958197	25958198	22	9	3	2	1	1	NA	NA	NA	unphased	1.67281105990783	1.67281105990783	1
17	26094809	26094810	36	18	3	2	1	1	NA	NA	NA	unphased	1.92063492063492	0.96031746031746	2
17	26950801	26950802	44	18	3	2	1	1	NA	NA	NA	unphased	1.67281105990783	0.836405529953917	2
17	27239796	27239797	41	4	3	2	1	1	NA	NA	NA	unphased	0.512169312169312	0.512169312169312	1
17	28544190	28544191	26	6	3	2	1	1	NA	NA	NA	unphased	1.08035714285714	1.08035714285714	1
17	28887199	28887200	19	4	3	2	1	1	NA	NA	NA	unphased	1.00207039337474	1.00207039337474	1
17	32598819	32598820	11	4	3	2	1	1	NA	NA	NA	unphased	1.53650793650794	1.53650793650794	1
17	32962021	32962022	34	5	3	2	1	1	NA	NA	NA	unphased	0.738705738705739	0.738705738705739	1
17	33269542	33269543	20	5	3	2	1	1	NA	NA	NA	unphased	1.15238095238095	1.15238095238095	1
17	35932009	35932010	70	14	3	2	1	1	NA	NA	NA	unphased	0.96031746031746	0.96031746031746	1
17	36486059	36486060	52	8	3	2	1	1	NA	NA	NA	unphased	0.768253968253968	0.768253968253968	1
17	37334314	37334315	74	11	3	2	1	1	NA	NA	NA	unphased	0.745658263305322	0.745658263305322	1
17	38145068	38145069	67	14	3	2	1	1	NA	NA	NA	unphased	0.995884773662551	0.995884773662551	1
17	38859683	38859684	62	25	3	2	1	1	NA	NA	NA	unphased	1.65571975916804	0.827859879584018	2
17	39389090	39389091	83	15	3	2	1	1	NA	NA	NA	unphased	0.881924198250729	0.881924198250729	1
17	39636935	39636936	38	20	3	2	1	1	NA	NA	NA	unphased	1.98686371100164	0.993431855500821	2
17	40269570	40269571	31	4	3	2	1	1	NA	NA	NA	unphased	0.658503401360544	0.658503401360544	1
17	40666438	40666439	92	15	3	2	1	1	NA	NA	NA	unphased	0.807743658210948	0.807743658210948	1
17	40847633	40847634	55	18	3	2	1	1	NA	NA	NA	unphased	1.42074363992172	1.42074363992172	1
17	44803948	44803949	94	17	3	2	1	1	NA	NA	NA	unphased	0.882453882453882	0.882453882453882	1
17	46628036	46628037	46	62	6	5	1	1	NA	NA	NA	unphased	5.0299823633157	1.00599647266314	5
17	47394858	47394859	45	18	3	2	1	1	NA	NA	NA	unphased	1.64625850340136	0.82312925170068	2
17	47656595	47656596	44	20	3	2	1	1	NA	NA	NA	unphased	1.80059523809524	0.900297619047619	2
17	48543081	48543082	74	12	3	2	1	1	NA	NA	NA	unphased	0.803986710963455	0.803986710963455	1
17	51901177	51901178	35	11	3	2	1	1	NA	NA	NA	unphased	1.37784679089027	1.37784679089027	1
17	54305317	54305318	24	10	3	2	1	1	NA	NA	NA	unphased	1.69467787114846	1.69467787114846	1
17	54981725	54981726	98	33	3	2	1	1	NA	NA	NA	unphased	1.45147219193021	0.725736095965103	2
17	55962639	55962640	44	8	3	2	1	1	NA	NA	NA	unphased	0.886446886446887	0.886446886446887	1
17	56385926	56385927	39	7	3	2	1	1	NA	NA	NA	unphased	0.876811594202899	0.876811594202899	1
17	57741201	57741202	57	10	3	2	1	1	NA	NA	NA	unphased	0.85998578535892	0.85998578535892	1
17	61877826	61877827	34	12	3	2	1	1	NA	NA	NA	unphased	1.50310559006211	1.50310559006211	1
17	61973905	61973906	62	18	3	2	1	1	NA	NA	NA	unphased	1.29642857142857	1.29642857142857	1
17	64024485	64024486	47	7	3	2	1	1	NA	NA	NA	unphased	0.746913580246914	0.746913580246914	1
17	66982402	66982403	40	13	3	2	1	1	NA	NA	NA	unphased	1.41329739442947	1.41329739442947	1
17	67081802	67081803	39	10	3	2	1	1	NA	NA	NA	unphased	1.17589893100097	1.17589893100097	1
17	71348660	71348661	12	12	3	2	1	1	NA	NA	NA	unphased	2.88095238095238	1.44047619047619	2
17	72306204	72306205	50	10	3	2	1	1	NA	NA	NA	unphased	0.96031746031746	0.96031746031746	1
17	72306244	72306245	40	12	3	2	1	1	NA	NA	NA	unphased	1.32967032967033	1.32967032967033	1
17	72832378	72832379	135	33	3	2	1	1	NA	NA	NA	unphased	1.13180272108844	1.13180272108844	1
17	73328815	73328816	47	5	3	2	1	1	NA	NA	NA	unphased	0.554029304029304	0.554029304029304	1
17	74013879	74013880	20	11	3	2	1	1	NA	NA	NA	unphased	2.04454685099846	1.02227342549923	2
17	74936517	74936518	68	16	3	2	1	1	NA	NA	NA	unphased	1.09750566893424	1.09750566893424	1
17	76803527	76803528	21	6	3	2	1	1	NA	NA	NA	unphased	1.28042328042328	1.28042328042328	1
17	76803695	76803696	36	8	3	2	1	1	NA	NA	NA	unphased	1.04761904761905	1.04761904761905	1
17	78013752	78013753	36	5	3	2	1	1	NA	NA	NA	unphased	0.70267131242741	0.70267131242741	1
17	78071178	78071179	34	6	3	2	1	1	NA	NA	NA	unphased	0.864285714285714	0.864285714285714	1
17	79089929	79089930	10	4	3	2	1	1	NA	NA	NA	unphased	1.64625850340136	1.64625850340136	1
17	79872286	79872287	19	4	3	2	1	1	NA	NA	NA	unphased	1.00207039337474	1.00207039337474	1
18	697252	697253	157	33	2	1	1	1	NA	NA	NA	unphased	0.827067669172932	0.827067669172932	1
18	756612	756613	58	10	2	1	1	1	NA	NA	NA	unphased	0.700280112044818	0.700280112044818	1
18	2772321	2772322	17	7	2	1	1	1	NA	NA	NA	unphased	1.38888888888889	1.38888888888889	1
18	3067354	3067355	49	7	3	2	1	1	NA	NA	NA	unphased	0.720238095238095	0.720238095238095	1
18	5415902	5415903	35	4	2	1	1	1	NA	NA	NA	unphased	0.488400488400488	0.488400488400488	1
18	5445229	5445230	57	8	2	1	1	1	NA	NA	NA	unphased	0.586080586080586	0.586080586080586	1
18	21128054	21128055	53	12	2	1	1	1	NA	NA	NA	unphased	0.879120879120879	0.879120879120879	1
18	29038562	29038563	31	16	1	1	0	1	NA	NA	NA	unphased	1.2806484295846	1.2806484295846	1
18	29039856	29039857	20	6	1	1	0	1	NA	NA	NA	unphased	0.868131868131868	0.868131868131868	1
18	29101060	29101061	28	4	1	1	0	1	NA	NA	NA	unphased	0.470238095238095	0.470238095238095	1
18	33694314	33694315	27	10	1	1	0	1	NA	NA	NA	unphased	1.01673101673102	1.01673101673102	1
18	33780061	33780062	38	5	1	1	0	1	NA	NA	NA	unphased	0.437430786267996	0.437430786267996	1
18	34850732	34850733	26	14	1	1	0	1	NA	NA	NA	unphased	1.31666666666667	1.31666666666667	1
18	42530411	42530412	24	11	1	1	0	1	NA	NA	NA	unphased	1.18231292517007	1.18231292517007	1
18	43311142	43311143	38	8	1	1	0	1	NA	NA	NA	unphased	0.65424430641822	0.65424430641822	1
18	43535291	43535292	17	9	1	1	0	1	NA	NA	NA	unphased	1.3021978021978	1.3021978021978	1
18	43535292	43535293	18	8	1	1	0	1	NA	NA	NA	unphased	1.15750915750916	1.15750915750916	1
18	45566818	45566819	12	8	1	1	0	1	NA	NA	NA	unphased	1.5047619047619	1.5047619047619	1
18	47810435	47810436	36	14	1	1	0	1	NA	NA	NA	unphased	1.05333333333333	1.05333333333333	1
18	55399130	55399131	21	8	1	1	0	1	NA	NA	NA	unphased	1.03776683087028	1.03776683087028	1
18	57103334	57103335	42	13	1	1	0	1	NA	NA	NA	unphased	0.889177489177489	0.889177489177489	1
18	63491976	63491977	36	17	1	1	0	1	NA	NA	NA	unphased	1.20664869721473	1.20664869721473	1
18	65180609	65180610	23	8	1	1	0	1	NA	NA	NA	unphased	0.970814132104455	0.970814132104455	1
18	67794901	67794902	14	6	1	1	0	1	NA	NA	NA	unphased	1.12857142857143	1.12857142857143	1
19	313616	313617	48	36	2	2	0	1	NA	NA	NA	unphased	2.04081632653061	1.02040816326531	2
19	629885	629886	23	7	2	2	0	1	NA	NA	NA	unphased	1.11111111111111	1.11111111111111	1
19	2039704	2039705	13	10	2	2	0	1	NA	NA	NA	unphased	2.0703933747412	1.0351966873706	2
19	3623818	3623819	16	11	2	2	0	1	NA	NA	NA	unphased	1.94003527336861	0.970017636684303	2
19	6430164	6430165	15	3	2	2	0	1	NA	NA	NA	unphased	0.793650793650794	0.793650793650794	1
19	6466547	6466548	68	44	2	2	0	1	NA	NA	NA	unphased	1.87074829931973	0.935374149659864	2
19	6479020	6479021	43	22	2	2	0	1	NA	NA	NA	unphased	1.61172161172161	0.805860805860806	2
19	7605514	7605515	54	17	2	2	0	1	NA	NA	NA	unphased	1.140174379611	1.140174379611	1
19	9005693	9005694	29	15	2	2	0	1	NA	NA	NA	unphased	1.62337662337662	0.811688311688312	2
19	9011323	9011324	118	24	2	2	0	1	NA	NA	NA	unphased	0.804828973843058	0.804828973843058	1
19	9074363	9074364	22	14	2	2	0	1	NA	NA	NA	unphased	1.85185185185185	0.925925925925926	2
19	9077104	9077105	28	22	2	2	0	1	NA	NA	NA	unphased	2.0952380952381	1.04761904761905	2
19	9090883	9090884	31	33	2	2	0	1	NA	NA	NA	unphased	2.45535714285714	1.22767857142857	2
19	9213259	9213260	40	22	2	2	0	1	NA	NA	NA	unphased	1.68970814132104	0.844854070660522	2
19	9226360	9226361	60	33	2	2	0	1	NA	NA	NA	unphased	1.68970814132104	0.844854070660522	2
19	10610246	10610247	12	17	2.96	2	1	0.98	0	1	0.02	unphased	3.35422003284072	1.69405052163673	1.98
19	11130265	11130266	5	7	2.96	2	1	0.98	0	1	0.02	unphased	3.33777777777778	1.68574635241302	1.98
19	12903654	12903655	13	4	2.96	2	1	0.98	0	1	0.02	unphased	1.34633053221289	1.34633053221289	1
19	13080502	13080503	51	38	2.96	2	1	0.98	0	1	0.02	unphased	2.44306046013911	1.23386891926218	1.98
19	13080503	13080504	50	38	2.96	2	1	0.98	0	1	0.02	unphased	2.47082251082251	1.24789015698107	1.98
19	13941626	13941627	22	4	2.96	2	1	0.98	0	1	0.02	unphased	0.88029304029304	0.88029304029304	1
19	14772791	14772792	38	21	2.96	2	1	0.98	0	1	0.02	unphased	2.03661016949153	1.02859099469269	1.98
19	14772793	14772794	37	20	2.96	2	1	0.98	0	1	0.02	unphased	2.00768588137009	1.01398276836873	1.98
19	14952097	14952098	46	6	2.96	2	1	0.98	0	1	0.02	unphased	0.66021978021978	0.66021978021978	1
19	15990412	15990413	66	25	2.96	2	1	0.98	0	1	0.02	unphased	1.57195185766614	0.802016253911298	1.96
19	16617533	16617534	31	6	2.96	2	1	0.98	0	1	0.02	unphased	0.927876447876448	0.927876447876448	1
19	16689186	16689187	68	13	2.96	2	1	0.98	0	1	0.02	unphased	0.918330393885949	0.918330393885949	1
19	17322735	17322736	11	4	2.96	2	1	0.98	0	1	0.02	unphased	1.52584126984127	1.52584126984127	1
19	17373751	17373752	78	8	2.96	2	1	0.98	0	1	0.02	unphased	0.532270210409745	0.543132867765046	0.98
19	17487798	17487799	33	22	2.96	2	1	0.98	0	1	0.02	unphased	2.2887619047619	1.15594035594036	1.98
19	17918751	17918752	17	3	2.96	2	1	0.98	0	1	0.02	unphased	0.858285714285714	0.858285714285714	1
19	19656121	19656122	14	9	2.96	2	1	0.98	0	1	0.02	unphased	2.23900621118012	1.13081121776774	1.98
19	20003416	20003417	66	6	2.96	2	1	0.98	0	1	0.02	unphased	0.476825396825397	0.486556527372854	0.98
19	21239552	21239553	27	9	2.96	2	1	0.98	0	1	0.02	unphased	1.43047619047619	1.43047619047619	1
19	22155998	22155999	67	12	2.96	2	1	0.98	0	1	0.02	unphased	0.869150090415913	0.869150090415913	1
19	22156634	22156635	47	27	2.96	2	1	0.98	0	1	0.02	unphased	2.08772200772201	1.05440505440505	1.98
19	22363380	22363381	79	39	2.96	2	1	0.98	0	1	0.02	unphased	1.89113801452785	0.964866333942778	1.96
19	22363490	22363491	99	31	2.96	2	1	0.98	0	1	0.02	unphased	1.36445421245421	0.696150108395006	1.96
19	22375819	22375820	56	17	2.96	2	1	0.98	0	1	0.02	unphased	1.3324983692107	1.3324983692107	1
19	22847512	22847513	8	6	3	2	1	1	NA	NA	NA	unphased	2.46938775510204	1.23469387755102	2
19	22941487	22941488	57	11	3	2	1	1	NA	NA	NA	unphased	0.932072829131653	0.932072829131653	1
19	23159094	23159095	47	32	3	2	1	1	NA	NA	NA	unphased	2.33393610608801	1.166968053044	2
19	30935717	30935718	35	21	4	4	0	1	NA	NA	NA	unphased	2.53571428571429	0.845238095238095	3
19	36050970	36050971	18	51	4.54	7	0	0.59	1	0	0.41	unphased	5.39706004140787	1.00691418682983	5.36
19	36303077	36303078	57	32	4.54	7	0	0.59	1	0	0.41	unphased	2.62540395933654	1.01366948236932	2.59
19	37618041	37618042	71	27	4.54	7	0	0.59	1	0	0.41	unphased	2.01174927113703	0.922820766576617	2.18
19	37853126	37853127	35	86	4.54	7	0	0.59	1	0	0.41	unphased	5.18978354978355	1.00188871617443	5.18
19	38986904	38986905	34	65	4.54	7	0	0.59	1	0	0.41	unphased	4.79417989417989	1.00506916020543	4.77
19	41822412	41822413	15	24	5	5	0	1	NA	NA	NA	unphased	4.77655677655678	0.955311355311355	5
19	42222256	42222257	97	7	7	7	0	1	NA	NA	NA	unphased	0.657051282051282	0.657051282051282	1
19	42351580	42351581	177	13	7	7	0	1	NA	NA	NA	unphased	0.667919799498747	0.667919799498747	1
19	42814071	42814072	36	17	5	5	0	1	NA	NA	NA	unphased	2.48966756513926	0.829889188379754	3
19	43433695	43433696	390	45	5	5	0	1	NA	NA	NA	unphased	0.802955665024631	0.802955665024631	1
19	44237542	44237543	48	24	5	5	0	1	NA	NA	NA	unphased	2.58730158730159	0.862433862433862	3
19	44591341	44591342	19	19	5	5	0	1	NA	NA	NA	unphased	3.88095238095238	0.970238095238095	4
19	48525446	48525447	96	8	3	3	0	1	NA	NA	NA	unphased	0.443223443223443	0.443223443223443	1
19	48624411	48624412	159	31	3	3	0	1	NA	NA	NA	unphased	0.940100250626566	0.940100250626566	1
19	48801335	48801336	19	22	3	3	0	1	NA	NA	NA	unphased	3.0917537746806	1.0305845915602	3
19	49547386	49547387	33	39	3	3	0	1	NA	NA	NA	unphased	3.12103174603175	1.04034391534392	3
19	50510940	50510941	46	31	3	3	0	1	NA	NA	NA	unphased	2.31972789115646	1.15986394557823	2
19	51017909	51017910	7	8	3	3	0	1	NA	NA	NA	unphased	3.07301587301587	1.02433862433862	3
19	51226754	51226755	37	38	3	3	0	1	NA	NA	NA	unphased	2.91936507936508	0.973121693121693	3
19	51649135	51649136	79	69	3	3	0	1	NA	NA	NA	unphased	2.68629343629344	0.895431145431146	3
19	51875791	51875792	9	17	3	3	0	1	NA	NA	NA	unphased	3.76739926739927	1.25579975579976	3
19	52090585	52090586	38	15	3	3	0	1	NA	NA	NA	unphased	1.63072776280323	0.815363881401617	2
19	53117735	53117736	31	29	3	3	0	1	NA	NA	NA	unphased	2.78492063492064	0.928306878306878	3
19	53740429	53740430	27	28	3	3	0	1	NA	NA	NA	unphased	2.93333333333333	0.977777777777778	3
19	53945091	53945092	4	8	3	3	0	1	NA	NA	NA	unphased	3.84126984126984	1.28042328042328	3
19	54744963	54744964	52	7	3	3	0	1	NA	NA	NA	unphased	0.68361581920904	0.68361581920904	1
19	55668980	55668981	29	42	3	3	0	1	NA	NA	NA	unphased	3.40845070422535	1.13615023474178	3
19	55716820	55716821	51	28	3	3	0	1	NA	NA	NA	unphased	2.042194092827	1.0210970464135	2
19	55742244	55742245	15	3	3	3	0	1	NA	NA	NA	unphased	0.96031746031746	0.96031746031746	1
19	56206531	56206532	10	13	3	3	0	1	NA	NA	NA	unphased	3.25672877846791	1.0855762594893	3
19	56243699	56243700	62	41	3	3	0	1	NA	NA	NA	unphased	2.29357374017568	1.14678687008784	2
19	56515361	56515362	20	13	3	3	0	1	NA	NA	NA	unphased	2.26984126984127	1.13492063492063	2
19	56904852	56904853	9	12	3	3	0	1	NA	NA	NA	unphased	3.29251700680272	1.09750566893424	3
19	57133356	57133357	46	11	3	3	0	1	NA	NA	NA	unphased	1.11194653299916	1.11194653299916	1
19	57326226	57326227	55	46	3	3	0	1	NA	NA	NA	unphased	2.62423385195662	0.874744617318875	3
19	57327129	57327130	59	12	3	3	0	1	NA	NA	NA	unphased	0.973843058350101	0.973843058350101	1
19	57654029	57654030	41	29	3	3	0	1	NA	NA	NA	unphased	2.38707482993197	1.19353741496599	2
19	58004493	58004494	19	4	3	3	0	1	NA	NA	NA	unphased	1.00207039337474	1.00207039337474	1
19	58572989	58572990	71	8	3	3	0	1	NA	NA	NA	unphased	0.583484026522001	0.583484026522001	1
19	58601307	58601308	25	34	3	3	0	1	NA	NA	NA	unphased	3.32041969330105	1.10680656443368	3
19	58601498	58601499	22	13	3	3	0	1	NA	NA	NA	unphased	2.14013605442177	1.07006802721088	2
2	8931264	8931265	60	45	4	3	1	1	NA	NA	NA	unphased	2.89795918367347	0.965986394557823	3
2	10267018	10267019	173	20	4	3	1	1	NA	NA	NA	unphased	0.700715519368369	0.700715519368369	1
2	11932091	11932092	39	20	4	3	1	1	NA	NA	NA	unphased	2.29217110573043	1.14608555286521	2
2	15768779	15768780	18	12	4	3	1	1	NA	NA	NA	unphased	2.7047619047619	0.901587301587302	3
2	17998011	17998012	46	21	4	3	1	1	NA	NA	NA	unphased	2.11940298507463	1.05970149253731	2
2	20458085	20458086	35	28	4	3	1	1	NA	NA	NA	unphased	3.00529100529101	1.00176366843034	3
2	24974870	24974871	42	11	4	3	1	1	NA	NA	NA	unphased	1.40341419586703	1.40341419586703	1
2	25016318	25016319	17	10	4	3	1	1	NA	NA	NA	unphased	2.50440917107584	0.834803057025279	3
2	25057762	25057763	12	12	4	3	1	1	NA	NA	NA	unphased	3.38095238095238	1.12698412698413	3
2	26950805	26950806	48	11	4	3	1	1	NA	NA	NA	unphased	1.26069410815174	1.26069410815174	1
2	27353641	27353642	23	27	4	3	1	1	NA	NA	NA	unphased	3.65142857142857	1.21714285714286	3
2	28561451	28561452	36	13	4	3	1	1	NA	NA	NA	unphased	1.79397473275024	0.896987366375122	2
2	32361993	32361994	34	4	4	3	1	1	NA	NA	NA	unphased	0.711779448621554	0.711779448621554	1
2	32477647	32477648	77	65	4	3	1	1	NA	NA	NA	unphased	3.09523809523809	1.03174603174603	3
2	32819033	32819034	41	5	4	3	1	1	NA	NA	NA	unphased	0.734989648033126	0.734989648033126	1
2	36704199	36704200	19	17	4	3	1	1	NA	NA	NA	unphased	3.19312169312169	1.06437389770723	3
2	37041397	37041398	53	11	4	3	1	1	NA	NA	NA	unphased	1.16220238095238	1.16220238095238	1
2	37415585	37415586	77	10	4	3	1	1	NA	NA	NA	unphased	0.777230432402846	0.777230432402846	1
2	40342494	40342495	50	6	4	3	1	1	NA	NA	NA	unphased	0.724489795918367	0.724489795918367	1
2	43802065	43802066	89	21	4	3	1	1	NA	NA	NA	unphased	1.29090909090909	1.29090909090909	1
2	44565662	44565663	35	3	4	3	1	1	NA	NA	NA	unphased	0.533834586466165	0.533834586466165	1
2	44617404	44617405	67	8	4	3	1	1	NA	NA	NA	unphased	0.721269841269841	0.721269841269841	1
2	45169441	45169442	19	4	4	3	1	1	NA	NA	NA	unphased	1.175983436853	1.175983436853	1
2	51255000	51255001	42	32	4	3	1	1	NA	NA	NA	unphased	2.92406692406692	0.974688974688975	3
2	55816019	55816020	92	8	4	3	1	1	NA	NA	NA	unphased	0.540952380952381	0.540952380952381	1
2	60695923	60695924	40	4	4	3	1	1	NA	NA	NA	unphased	0.614718614718615	0.614718614718615	1
2	61145373	61145374	21	18	4	3	1	1	NA	NA	NA	unphased	3.12087912087912	1.04029304029304	3
2	71626764	71626765	72	12	4	3	1	1	NA	NA	NA	unphased	0.965986394557823	0.965986394557823	1
2	71797869	71797870	31	4	4	3	1	1	NA	NA	NA	unphased	0.772789115646259	0.772789115646259	1
2	72562074	72562075	38	9	4	3	1	1	NA	NA	NA	unphased	1.29483282674772	1.29483282674772	1
2	73681062	73681063	30	10	4	3	1	1	NA	NA	NA	unphased	1.69047619047619	1.69047619047619	1
2	86693532	86693533	73	71	4	3	1	1	NA	NA	NA	unphased	3.33399470899471	1.1113315696649	3
2	87085526	87085527	39	11	4	3	1	1	NA	NA	NA	unphased	1.48761904761905	1.48761904761905	1
2	89197136	89197137	103	14	4	3	1	1	NA	NA	NA	unphased	0.809116809116809	0.809116809116809	1
2	89417266	89417267	164	56	4	3	1	1	NA	NA	NA	unphased	1.72121212121212	0.86060606060606	2
2	89976392	89976393	102	63	4	3	1	1	NA	NA	NA	unphased	2.58181818181818	0.860606060606061	3
2	89999502	89999503	16	15	4	3	1	1	NA	NA	NA	unphased	3.27188940092166	1.09062980030722	3
2	90139106	90139107	197	12	4	3	1	1	NA	NA	NA	unphased	0.388243335611757	0.388243335611757	1
2	96781327	96781328	30	15	4	3	1	1	NA	NA	NA	unphased	2.25396825396825	1.12698412698413	2
2	96781618	96781619	8	7	4	3	1	1	NA	NA	NA	unphased	3.15555555555556	1.05185185185185	3
2	97039145	97039146	26	13	4	3	1	1	NA	NA	NA	unphased	2.25396825396825	1.12698412698413	2
2	103010990	103010991	29	21	3	2	1	1	NA	NA	NA	unphased	2.42	1.21	2
2	103095697	103095698	27	5	3	2	1	1	NA	NA	NA	unphased	0.900297619047619	0.900297619047619	1
2	105924523	105924524	20	11	3	2	1	1	NA	NA	NA	unphased	2.04454685099846	1.02227342549923	2
2	107459503	107459504	7	4	3	2	1	1	NA	NA	NA	unphased	2.0952380952381	2.0952380952381	1
2	108478139	108478140	23	15	3	2	1	1	NA	NA	NA	unphased	2.27443609022556	1.13721804511278	2
2	111881432	111881433	51	5	3	2	1	1	NA	NA	NA	unphased	0.514455782312925	0.514455782312925	1
2	113500189	113500190	8	4	3	2	1	1	NA	NA	NA	unphased	1.92063492063492	1.92063492063492	1
2	113940497	113940498	61	12	3	2	1	1	NA	NA	NA	unphased	0.947162426614481	0.947162426614481	1
2	116600024	116600025	7	8	3	2	1	1	NA	NA	NA	unphased	3.07301587301587	1.53650793650794	2
2	121748220	121748221	36	26	3	2	1	1	NA	NA	NA	unphased	2.41628264208909	1.20814132104455	2
2	125281883	125281884	39	6	3	2	1	1	NA	NA	NA	unphased	0.768253968253968	0.768253968253968	1
2	128322819	128322820	14	5	3	2	1	1	NA	NA	NA	unphased	1.51629072681704	1.51629072681704	1
2	131099430	131099431	11	4	3	2	1	1	NA	NA	NA	unphased	1.53650793650794	1.53650793650794	1
2	131520804	131520805	29	7	3	2	1	1	NA	NA	NA	unphased	1.12037037037037	1.12037037037037	1
2	133403074	133403075	71	9	3	2	1	1	NA	NA	NA	unphased	0.648214285714286	0.648214285714286	1
2	135872929	135872930	70	27	3	2	1	1	NA	NA	NA	unphased	1.60382916053019	0.801914580265096	2
2	136399328	136399329	60	11	3	2	1	1	NA	NA	NA	unphased	0.892689470154259	0.892689470154259	1
2	136511106	136511107	38	5	3	2	1	1	NA	NA	NA	unphased	0.669988925802879	0.669988925802879	1
2	136566415	136566416	64	9	3	2	1	1	NA	NA	NA	unphased	0.710371819960861	0.710371819960861	1
2	141641536	141641537	69	11	2	1	1	1	NA	NA	NA	unphased	0.654761904761905	0.654761904761905	1
2	142012103	142012104	36	5	2	1	1	1	NA	NA	NA	unphased	0.580720092915215	0.580720092915215	1
2	144276904	144276905	38	9	2	1	1	1	NA	NA	NA	unphased	0.911854103343465	0.911854103343465	1
2	150433017	150433018	49	9	2	1	1	0.16	1	1	0.84	unphased	0.738916256157636	0.738916256157636	1
2	155555441	155555442	16	5	2	1	1	0.16	1	1	0.84	unphased	1.13378684807256	1.13378684807256	1
2	155555442	155555443	16	5	2	1	1	0.16	1	1	0.84	unphased	1.13378684807256	1.13378684807256	1
2	155711762	155711763	19	4	2	1	1	0.16	1	1	0.84	unphased	0.82815734989648	0.82815734989648	1
2	159517855	159517856	22	6	2	1	1	0.16	1	1	0.84	unphased	1.02040816326531	1.02040816326531	1
2	160027299	160027300	28	11	2	1	1	0.16	1	1	0.84	unphased	1.34310134310134	1.34310134310134	1
2	160255354	160255355	38	17	2	1	1	0.16	1	1	0.84	unphased	1.47186147186147	1.47186147186147	1
2	165986493	165986494	88	23	2	1	1	0.16	1	1	0.84	unphased	0.986700986700987	0.986700986700987	1
2	175436452	175436453	64	11	2	1	1	0.16	1	1	0.84	unphased	0.698412698412698	0.698412698412698	1
2	176948221	176948222	34	6	2	1	1	0.16	1	1	0.84	unphased	0.714285714285714	0.714285714285714	1
2	176973950	176973951	15	7	2	1	1	0.16	1	1	0.84	unphased	1.51515151515152	1.51515151515152	1
2	176995360	176995361	14	4	2	1	1	0.16	1	1	0.84	unphased	1.05820105820106	1.05820105820106	1
2	179238674	179238675	51	13	2	1	1	0.16	1	1	0.84	unphased	0.967261904761905	0.967261904761905	1
2	179409150	179409151	58	14	2	1	1	0.16	1	1	0.84	unphased	0.925925925925926	0.925925925925926	1
2	179416998	179416999	64	13	2	1	1	0.16	1	1	0.84	unphased	0.80395794681509	0.80395794681509	1
2	179434162	179434163	33	11	2	1	1	0.16	1	1	0.84	unphased	1.19047619047619	1.19047619047619	1
2	179474894	179474895	57	28	2	1	1	0.16	1	1	0.84	unphased	1.56862745098039	1.56862745098039	1
2	179528428	179528429	118	18	2	1	1	0.16	1	1	0.84	unphased	0.630252100840336	0.750300120048019	0.84
2	179548796	179548797	23	4	2	1	1	0.16	1	1	0.84	unphased	0.705467372134039	0.705467372134039	1
2	179589083	179589084	33	4	2	1	1	0.16	1	1	0.84	unphased	0.514800514800515	0.514800514800515	1
2	179590359	179590360	32	9	2	1	1	0.16	1	1	0.84	unphased	1.04529616724739	1.04529616724739	1
2	179593849	179593850	12	6	2	1	1	0.16	1	1	0.84	unphased	1.58730158730159	1.58730158730159	1
2	179594852	179594853	14	4	2	1	1	0.16	1	1	0.84	unphased	1.05820105820106	1.05820105820106	1
2	179595447	179595448	41	15	2	1	1	0.16	1	1	0.84	unphased	1.27551020408163	1.27551020408163	1
2	179605685	179605686	58	9	2	1	1	0.16	1	1	0.84	unphased	0.639658848614073	0.639658848614073	1
2	179611030	179611031	32	11	2	1	1	0.16	1	1	0.84	unphased	1.21816168327796	1.21816168327796	1
2	179614801	179614802	76	9	2	1	1	0.16	1	1	0.84	unphased	0.504201680672269	0.600240096038415	0.84
2	179632832	179632833	39	4	2	1	1	0.16	1	1	0.84	unphased	0.44296788482835	0.52734272003375	0.84
2	179641277	179641278	69	20	2	1	1	0.16	1	1	0.84	unphased	1.07009095773141	1.07009095773141	1
2	179665136	179665137	59	41	2	1	1	0.16	1	1	0.84	unphased	1.95238095238095	1.95238095238095	1
2	183616460	183616461	116	24	3	2	1	1	NA	NA	NA	unphased	0.987755102040816	0.987755102040816	1
2	189850399	189850400	6	3	3	2	1	1	NA	NA	NA	unphased	1.92063492063492	1.92063492063492	1
2	189855769	189855770	69	14	3	2	1	1	NA	NA	NA	unphased	0.971887550200803	0.971887550200803	1
2	190554498	190554499	76	17	3	2	1	1	NA	NA	NA	unphased	1.05325140809012	1.05325140809012	1
2	190575832	190575833	68	12	3	2	1	1	NA	NA	NA	unphased	0.864285714285714	0.864285714285714	1
2	197594206	197594207	6	5	3	2	1	1	NA	NA	NA	unphased	2.61904761904762	1.30952380952381	2
2	197654780	197654781	26	20	3	2	1	1	NA	NA	NA	unphased	2.50517598343685	1.25258799171843	2
2	198400277	198400278	89	11	3	2	1	1	NA	NA	NA	unphased	0.633809523809524	0.633809523809524	1
2	201355310	201355311	76	8	3	2	1	1	NA	NA	NA	unphased	0.54875283446712	0.54875283446712	1
2	201719762	201719763	61	11	3	2	1	1	NA	NA	NA	unphased	0.880291005291005	0.880291005291005	1
2	202614474	202614475	32	7	3	2	1	1	NA	NA	NA	unphased	1.03418803418803	1.03418803418803	1
2	202626358	202626359	48	15	3	2	1	1	NA	NA	NA	unphased	1.3718820861678	1.3718820861678	1
2	206640991	206640992	54	25	3	2	1	1	NA	NA	NA	unphased	1.82338758288125	0.911693791440627	2
2	206921576	206921577	11	3	3	2	1	1	NA	NA	NA	unphased	1.23469387755102	1.23469387755102	1
2	207169790	207169791	39	5	3	2	1	1	NA	NA	NA	unphased	0.654761904761905	0.654761904761905	1
2	208865887	208865888	18	5	3	2	1	1	NA	NA	NA	unphased	1.25258799171843	1.25258799171843	1
2	209138445	209138446	50	26	3	2	1	1	NA	NA	NA	unphased	1.97117794486216	0.985588972431078	2
2	210588403	210588404	51	11	3	2	1	1	NA	NA	NA	unphased	1.02227342549923	1.02227342549923	1
2	212488687	212488688	40	20	3	2	1	1	NA	NA	NA	unphased	1.92063492063492	0.96031746031746	2
2	213872519	213872520	47	18	3	2	1	1	NA	NA	NA	unphased	1.5956043956044	0.797802197802198	2
2	216209500	216209501	29	5	3	2	1	1	NA	NA	NA	unphased	0.84733893557423	0.84733893557423	1
2	218755707	218755708	32	27	3	2	1	1	NA	NA	NA	unphased	2.63680387409201	1.318401937046	2
2	219000520	219000521	57	10	3	2	1	1	NA	NA	NA	unphased	0.85998578535892	0.85998578535892	1
2	219892473	219892474	50	10	3	2	1	1	NA	NA	NA	unphased	0.96031746031746	0.96031746031746	1
2	220326693	220326694	85	15	3	2	1	1	NA	NA	NA	unphased	0.864285714285714	0.864285714285714	1
2	222298934	222298935	60	24	3	2	1	1	NA	NA	NA	unphased	1.64625850340136	0.82312925170068	2
2	226516171	226516172	88	23	3	2	1	1	NA	NA	NA	unphased	1.19390819390819	1.19390819390819	1
2	226516361	226516362	57	7	3	2	1	1	NA	NA	NA	unphased	0.630208333333333	0.630208333333333	1
2	227963409	227963410	19	14	3	2	1	1	NA	NA	NA	unphased	2.44444444444444	1.22222222222222	2
2	228882419	228882420	69	14	3	2	1	1	NA	NA	NA	unphased	0.971887550200803	0.971887550200803	1
2	231076183	231076184	36	8	3	2	1	1	NA	NA	NA	unphased	1.04761904761905	1.04761904761905	1
2	231314912	231314913	55	11	3	2	1	1	NA	NA	NA	unphased	0.96031746031746	0.96031746031746	1
2	232322479	232322480	38	22	3	2	1	1	NA	NA	NA	unphased	2.11269841269841	1.05634920634921	2
2	234102478	234102479	58	33	3	2	1	1	NA	NA	NA	unphased	2.0894819466248	1.0447409733124	2
2	234854555	234854556	79	8	3	2	1	1	NA	NA	NA	unphased	0.529830322933771	0.529830322933771	1
2	241569978	241569979	39	8	3	2	1	1	NA	NA	NA	unphased	0.980749746707193	0.980749746707193	1
2	242174573	242174574	49	8	3	2	1	1	NA	NA	NA	unphased	0.808688387635756	0.808688387635756	1
2	242195660	242195661	65	11	3	2	1	1	NA	NA	NA	unphased	0.833959899749373	0.833959899749373	1
2	242757899	242757900	7	5	3	2	1	1	NA	NA	NA	unphased	2.40079365079365	1.20039682539683	2
20	1457833	1457834	14	6	3.64	2	2	0.82	1	1	0.18	unphased	1.92057142857143	1.92057142857143	1
20	2380344	2380345	23	11	4	2	2	1	NA	NA	NA	unphased	2.18767507002801	1.09383753501401	2
20	3678574	3678575	58	21	4	2	2	1	NA	NA	NA	unphased	1.79746835443038	0.89873417721519	2
20	3682044	3682045	28	16	4	2	2	1	NA	NA	NA	unphased	2.45887445887446	1.22943722943723	2
20	4770340	4770341	28	10	4	2	2	1	NA	NA	NA	unphased	1.77944862155388	0.889724310776942	2
20	10286867	10286868	10	7	4	2	2	1	NA	NA	NA	unphased	2.7843137254902	1.3921568627451	2
20	10438830	10438831	62	18	4	2	2	1	NA	NA	NA	unphased	1.52142857142857	0.760714285714286	2
20	11899148	11899149	108	23	4	2	2	1	NA	NA	NA	unphased	1.18720465285351	1.18720465285351	1
20	13605845	13605846	45	6	4	2	2	1	NA	NA	NA	unphased	0.795518207282913	0.795518207282913	1
20	13695795	13695796	72	15	4	2	2	1	NA	NA	NA	unphased	1.16584564860427	1.16584564860427	1
20	18432496	18432497	39	7	4	2	2	1	NA	NA	NA	unphased	1.02898550724638	1.02898550724638	1
20	18477742	18477743	22	10	4	2	2	1	NA	NA	NA	unphased	2.11309523809524	1.05654761904762	2
20	19654271	19654272	44	17	4	2	2	1	NA	NA	NA	unphased	1.88446526151444	0.942232630757221	2
20	21687523	21687524	46	6	4	2	2	1	NA	NA	NA	unphased	0.78021978021978	0.78021978021978	1
20	25264763	25264764	72	35	4	2	2	1	NA	NA	NA	unphased	2.21183800623053	1.10591900311526	2
20	33875175	33875176	19	8	2	2	0	1	NA	NA	NA	unphased	1.41093474426808	1.41093474426808	1
20	34542190	34542191	24	8	2	2	0	1	NA	NA	NA	unphased	1.19047619047619	1.19047619047619	1
20	40102043	40102044	32	12	2	2	0	1	NA	NA	NA	unphased	1.2987012987013	1.2987012987013	1
20	44670161	44670162	41	19	2	2	0	1	NA	NA	NA	unphased	1.50793650793651	0.753968253968254	2
20	47262457	47262458	15	5	2	2	0	1	NA	NA	NA	unphased	1.19047619047619	1.19047619047619	1
20	49620986	49620987	5	5	2	2	0	1	NA	NA	NA	unphased	2.38095238095238	1.19047619047619	2
20	52198213	52198214	33	8	2	2	0	1	NA	NA	NA	unphased	0.929152148664344	0.929152148664344	1
20	57273819	57273820	22	3	1.99	2	0	0.99	0	1	0.01	unphased	0.570228571428571	0.570228571428571	1
20	57428461	57428462	12	3	1.99	2	0	0.99	0	1	0.01	unphased	0.950380952380952	0.950380952380952	1
20	62595849	62595850	21	4	1.99	2	0	0.99	0	1	0.01	unphased	0.760304761904762	0.760304761904762	1
21	15918599	15918600	40	4	2.18	2	1	0.59	1	0	0.41	unphased	0.449264069264069	0.761464524176389	0.59
21	19628891	19628892	27	9	2.18	2	1	0.59	1	0	0.41	unphased	1.23547619047619	1.23547619047619	1
21	26966249	26966250	32	7	2.06	2	1	0.53	1	0	0.47	unphased	0.865470085470086	0.865470085470086	1
21	30353621	30353622	36	8	2.06	2	1	0.53	1	0	0.47	unphased	0.876709956709957	0.876709956709957	1
21	31802907	31802908	28	7	2.06	2	1	0.53	1	0	0.47	unphased	0.964380952380952	0.964380952380952	1
21	31971030	31971031	20	11	2.06	2	1	0.53	1	0	0.47	unphased	1.71099846390169	1.11829964960895	1.53
21	31973448	31973449	43	12	2.06	2	1	0.53	1	0	0.47	unphased	1.05205194805195	1.05205194805195	1
21	38555134	38555135	30	8	2.06	2	1	0.53	1	0	0.47	unphased	1.01513784461153	1.01513784461153	1
21	39087317	39087318	54	14	2.06	2	1	0.53	1	0	0.47	unphased	0.992745098039216	0.992745098039216	1
21	43808630	43808631	66	15	2.06	2	1	0.53	1	0	0.47	unphased	0.89294532627866	0.89294532627866	1
21	46641981	46641982	27	13	1.44	1	1	0.44	1	0	0.56	unphased	1.36561904761905	1.36561904761905	1
21	47549197	47549198	97	20	1.44	1	1	0.44	1	0	0.56	unphased	0.718274318274318	0.718274318274318	1
21	47557223	47557224	66	9	1.44	1	1	0.44	1	0	0.56	unphased	0.504228571428571	1.14597402597403	0.44
22	17472788	17472789	110	37	2	1	1	1	NA	NA	NA	unphased	1.19857466796242	1.19857466796242	1
22	17525891	17525892	17	3	2	1	1	1	NA	NA	NA	unphased	0.714285714285714	0.714285714285714	1
22	18209922	18209923	52	15	2	1	1	1	NA	NA	NA	unphased	1.06609808102345	1.06609808102345	1
22	18609646	18609647	72	18	2	1	1	1	NA	NA	NA	unphased	0.952380952380952	0.952380952380952	1
22	19184045	19184046	27	22	3.56	4	1	0.64	1	0	0.36	unphased	2.83840621963071	0.972056924531065	2.92
22	21157530	21157531	34	24	3.56	4	1	0.64	1	0	0.36	unphased	2.615960591133	0.990894163307956	2.64
22	21989372	21989373	47	33	3.56	4	1	0.64	1	0	0.36	unphased	2.60778571428571	0.987797619047619	2.64
22	22664205	22664206	71	6	5	4	1	1	NA	NA	NA	unphased	0.604823747680891	0.604823747680891	1
22	22892464	22892465	56	38	5	4	1	1	NA	NA	NA	unphased	3.13779128672746	1.04593042890915	3
22	24581861	24581862	7	10	3.84	4	1	0.71	1	0	0.29	unphased	3.88347338935574	1.0467583259719	3.71
22	24582253	24582254	19	4	3.84	4	1	0.71	1	0	0.29	unphased	1.14815734989648	1.14815734989648	1
22	26117277	26117278	38	8	2	1	1	1	NA	NA	NA	unphased	0.82815734989648	0.82815734989648	1
22	26422632	26422633	10	4	2	1	1	1	NA	NA	NA	unphased	1.36054421768707	1.36054421768707	1
22	28193612	28193613	13	6	2	1	1	1	NA	NA	NA	unphased	1.50375939849624	1.50375939849624	1
22	30639606	30639607	38	9	2	1	1	1	NA	NA	NA	unphased	0.911854103343465	0.911854103343465	1
22	37771358	37771359	41	13	2	1	1	1	NA	NA	NA	unphased	1.14638447971781	1.14638447971781	1
22	38086801	38086802	22	11	2	1	1	1	NA	NA	NA	unphased	1.58730158730159	1.58730158730159	1
22	39477576	39477577	41	16	2	1	1	1	NA	NA	NA	unphased	1.33667502088555	1.33667502088555	1
22	39711440	39711441	61	14	2	1	1	1	NA	NA	NA	unphased	0.888888888888889	0.888888888888889	1
22	39884610	39884611	23	9	2	1	1	1	NA	NA	NA	unphased	1.33928571428571	1.33928571428571	1
22	40057184	40057185	13	5	2	1	1	1	NA	NA	NA	unphased	1.32275132275132	1.32275132275132	1
22	40078584	40078585	26	9	2	1	1	1	NA	NA	NA	unphased	1.22448979591837	1.22448979591837	1
22	40161309	40161310	34	11	2	1	1	1	NA	NA	NA	unphased	1.16402116402116	1.16402116402116	1
22	40356150	40356151	93	15	2	1	1	1	NA	NA	NA	unphased	0.661375661375661	0.661375661375661	1
22	42608763	42608764	79	16	2	1	1	1	NA	NA	NA	unphased	0.802005012531328	0.802005012531328	1
22	43831078	43831079	25	12	2	1	1	1	NA	NA	NA	unphased	1.54440154440154	1.54440154440154	1
22	44237706	44237707	45	12	2	1	1	1	NA	NA	NA	unphased	1.00250626566416	1.00250626566416	1
22	46795729	46795730	37	3	2	1	1	1	NA	NA	NA	unphased	0.357142857142857	0.357142857142857	1
3	2777968	2777969	73	26	2	1	1	1	NA	NA	NA	unphased	1.25060125060125	1.25060125060125	1
3	7348330	7348331	35	8	2	1	1	1	NA	NA	NA	unphased	0.8859357696567	0.8859357696567	1
3	8787291	8787292	20	7	2	1	1	1	NA	NA	NA	unphased	1.23456790123457	1.23456790123457	1
3	11400035	11400036	36	14	2	1	1	1	NA	NA	NA	unphased	1.33333333333333	1.33333333333333	1
3	12458453	12458454	32	7	2	1	1	1	NA	NA	NA	unphased	0.854700854700855	0.854700854700855	1
3	13671398	13671399	10	5	2	1	1	1	NA	NA	NA	unphased	1.58730158730159	1.58730158730159	1
3	14746061	14746062	110	20	2	1	1	1	NA	NA	NA	unphased	0.732600732600733	0.732600732600733	1
3	15687015	15687016	18	10	2	1	1	1	NA	NA	NA	unphased	1.70068027210884	1.70068027210884	1
3	19947153	19947154	70	10	4	3	1	1	NA	NA	NA	unphased	0.845238095238095	0.845238095238095	1
3	38035772	38035773	5	4	2	1	1	1	NA	NA	NA	unphased	2.11640211640212	2.11640211640212	1
3	38087123	38087124	37	7	2	1	1	1	NA	NA	NA	unphased	0.757575757575758	0.757575757575758	1
3	38347718	38347719	39	8	2	1	1	1	NA	NA	NA	unphased	0.810536980749747	0.810536980749747	1
3	38739043	38739044	57	9	2	1	1	1	NA	NA	NA	unphased	0.649350649350649	0.649350649350649	1
3	38743492	38743493	61	12	2	1	1	1	NA	NA	NA	unphased	0.782778864970646	0.782778864970646	1
3	38766698	38766699	27	5	2	1	1	1	NA	NA	NA	unphased	0.744047619047619	0.744047619047619	1
3	38888299	38888300	66	25	2	1	1	1	NA	NA	NA	unphased	1.30821559392988	1.30821559392988	1
3	44955096	44955097	55	18	2	1	1	1	NA	NA	NA	unphased	1.17416829745597	1.17416829745597	1
3	47162128	47162129	25	6	2	1	1	1	NA	NA	NA	unphased	0.921658986175115	0.921658986175115	1
3	48266780	48266781	105	24	2	1	1	1	NA	NA	NA	unphased	0.8859357696567	0.8859357696567	1
3	49051370	49051371	35	9	2	1	1	1	NA	NA	NA	unphased	0.974025974025974	0.974025974025974	1
3	49138846	49138847	53	13	2	1	1	1	NA	NA	NA	unphased	0.937950937950938	0.937950937950938	1
3	51370632	51370633	72	16	2	1	1	1	NA	NA	NA	unphased	0.865800865800866	0.865800865800866	1
3	51864583	51864584	47	8	2	1	1	1	NA	NA	NA	unphased	0.692640692640693	0.692640692640693	1
3	52356486	52356487	21	9	2	1	1	1	NA	NA	NA	unphased	1.42857142857143	1.42857142857143	1
3	52409997	52409998	48	12	2	1	1	1	NA	NA	NA	unphased	0.952380952380952	0.952380952380952	1
3	52821970	52821971	58	13	2	1	1	1	NA	NA	NA	unphased	0.871898054996647	0.871898054996647	1
3	53326308	53326309	83	23	2	1	1	1	NA	NA	NA	unphased	1.03324348607367	1.03324348607367	1
3	58622129	58622130	30	5	2	1	1	1	NA	NA	NA	unphased	0.680272108843537	0.680272108843537	1
3	58622130	58622131	30	5	2	1	1	1	NA	NA	NA	unphased	0.680272108843537	0.680272108843537	1
3	61989057	61989058	48	21	2	1	1	1	NA	NA	NA	unphased	1.44927536231884	1.44927536231884	1
3	65416548	65416549	26	4	2	1	1	1	NA	NA	NA	unphased	0.634920634920635	0.634920634920635	1
3	68593689	68593690	17	3	2	1	1	1	NA	NA	NA	unphased	0.714285714285714	0.714285714285714	1
3	77671459	77671460	37	9	2	1	1	1	NA	NA	NA	unphased	0.93167701863354	0.93167701863354	1
3	86010625	86010626	62	12	2	1	1	1	NA	NA	NA	unphased	0.772200772200772	0.772200772200772	1
3	87276699	87276700	58	10	2	1	1	1	NA	NA	NA	unphased	0.700280112044818	0.700280112044818	1
3	95374213	95374214	27	20	3	2	1	1	NA	NA	NA	unphased	2.45187436676798	1.22593718338399	2
3	100373749	100373750	49	24	3	2	1	1	NA	NA	NA	unphased	1.89432485322896	0.947162426614481	2
3	108174681	108174682	70	11	3	2	1	1	NA	NA	NA	unphased	0.782480893592005	0.782480893592005	1
3	109047873	109047874	19	22	3	2	1	1	NA	NA	NA	unphased	3.0917537746806	1.5458768873403	2
3	111312690	111312691	27	10	3	2	1	1	NA	NA	NA	unphased	1.55727155727156	1.55727155727156	1
3	113122709	113122710	85	16	3	2	1	1	NA	NA	NA	unphased	0.912776991984913	0.912776991984913	1
3	113634605	113634606	46	16	3	2	1	1	NA	NA	NA	unphased	1.48694316436252	1.48694316436252	1
3	113667787	113667788	45	14	3	2	1	1	NA	NA	NA	unphased	1.36723163841808	1.36723163841808	1
3	113784265	113784266	23	12	3	2	1	1	NA	NA	NA	unphased	1.97551020408163	0.987755102040816	2
3	119445141	119445142	13	6	3	2	1	1	NA	NA	NA	unphased	1.81954887218045	1.81954887218045	1
3	119582401	119582402	45	11	3	2	1	1	NA	NA	NA	unphased	1.13180272108844	1.13180272108844	1
3	121158874	121158875	46	9	3	2	1	1	NA	NA	NA	unphased	0.942857142857143	0.942857142857143	1
3	121340539	121340540	40	16	3	2	1	1	NA	NA	NA	unphased	1.64625850340136	0.82312925170068	2
3	121659301	121659302	57	6	3	2	1	1	NA	NA	NA	unphased	0.54875283446712	0.54875283446712	1
3	124732567	124732568	25	4	3	2	1	1	NA	NA	NA	unphased	0.794745484400657	0.794745484400657	1
3	124826664	124826665	51	14	3	2	1	1	NA	NA	NA	unphased	1.24102564102564	1.24102564102564	1
3	127816214	127816215	23	14	3	2	1	1	NA	NA	NA	unphased	2.18018018018018	1.09009009009009	2
3	132437944	132437945	51	17	3	2	1	1	NA	NA	NA	unphased	1.44047619047619	1.44047619047619	1
3	139098011	139098012	16	5	3	2	1	1	NA	NA	NA	unphased	1.3718820861678	1.3718820861678	1
3	140409831	140409832	66	10	3	2	1	1	NA	NA	NA	unphased	0.758145363408521	0.758145363408521	1
3	147113836	147113837	123	32	3	2	1	1	NA	NA	NA	unphased	1.18955453149002	1.18955453149002	1
3	147113891	147113892	79	16	3	2	1	1	NA	NA	NA	unphased	0.970426065162907	0.970426065162907	1
3	148601442	148601443	33	11	3	2	1	1	NA	NA	NA	unphased	1.44047619047619	1.44047619047619	1
3	151105628	151105629	36	8	3	2	1	1	NA	NA	NA	unphased	1.04761904761905	1.04761904761905	1
3	155199457	155199458	52	31	2	1	1	1	NA	NA	NA	unphased	1.77854274239816	1.77854274239816	1
3	157081411	157081412	67	36	3	2	1	1	NA	NA	NA	unphased	2.01386962552011	1.00693481276006	2
3	158402335	158402336	62	6	3	2	1	1	NA	NA	NA	unphased	0.508403361344538	0.508403361344538	1
3	164700192	164700193	23	3	3	2	1	1	NA	NA	NA	unphased	0.664835164835165	0.664835164835165	1
3	164756865	164756866	24	13	3	2	1	1	NA	NA	NA	unphased	2.02445302445302	1.01222651222651	2
3	164786879	164786880	35	11	3	2	1	1	NA	NA	NA	unphased	1.37784679089027	1.37784679089027	1
3	165491177	165491178	63	7	3	2	1	1	NA	NA	NA	unphased	0.576190476190476	0.576190476190476	1
3	169637280	169637281	25	18	3	2	1	1	NA	NA	NA	unphased	2.41196013289037	1.20598006644518	2
3	170732411	170732412	63	39	3	2	1	1	NA	NA	NA	unphased	2.203081232493	1.1015406162465	2
3	179605460	179605461	71	33	3	2	1	1	NA	NA	NA	unphased	1.8282967032967	0.914148351648352	2
3	182941216	182941217	31	8	3	2	1	1	NA	NA	NA	unphased	1.18192918192918	1.18192918192918	1
3	183899748	183899749	30	19	3	2	1	1	NA	NA	NA	unphased	2.23420796890185	1.11710398445092	2
3	184298516	184298517	25	5	3	2	1	1	NA	NA	NA	unphased	0.96031746031746	0.96031746031746	1
3	185181412	185181413	38	19	3	2	1	1	NA	NA	NA	unphased	1.92063492063492	0.96031746031746	2
3	186370058	186370059	82	17	3	2	1	1	NA	NA	NA	unphased	0.989417989417989	0.989417989417989	1
3	193049056	193049057	21	16	3	2	1	1	NA	NA	NA	unphased	2.49163449163449	1.24581724581725	2
3	195925205	195925206	26	4	3	2	1	1	NA	NA	NA	unphased	0.768253968253968	0.768253968253968	1
3	197427739	197427740	34	22	3	2	1	1	NA	NA	NA	unphased	2.26360544217687	1.13180272108844	2
4	10573385	10573386	11	16	3	3	0	1	NA	NA	NA	unphased	3.41446208112875	1.13815402704292	3
4	15516487	15516488	50	11	3	3	0	1	NA	NA	NA	unphased	1.03903200624512	1.03903200624512	1
4	22748993	22748994	42	56	3	3	0	1	NA	NA	NA	unphased	3.29251700680272	1.09750566893424	3
4	23816057	23816058	111	20	4	3	1	1	NA	NA	NA	unphased	1.03235187204653	1.03235187204653	1
4	36230203	36230204	33	4	3	3	0	1	NA	NA	NA	unphased	0.622908622908623	0.622908622908623	1
4	37846060	37846061	56	34	3	3	0	1	NA	NA	NA	unphased	2.17671957671958	1.08835978835979	2
4	38828951	38828952	86	25	3	3	0	1	NA	NA	NA	unphased	1.2977262977263	1.2977262977263	1
4	41750688	41750689	4	4	3	3	0	1	NA	NA	NA	unphased	2.88095238095238	0.96031746031746	3
4	41984329	41984330	78	15	3	3	0	1	NA	NA	NA	unphased	0.929339477726574	0.929339477726574	1
4	42509121	42509122	64	17	3	3	0	1	NA	NA	NA	unphased	1.2092886537331	1.2092886537331	1
4	42509122	42509123	62	17	3	3	0	1	NA	NA	NA	unphased	1.23990355635925	1.23990355635925	1
4	46305493	46305494	23	13	2	2	0	1	NA	NA	NA	unphased	1.71957671957672	0.85978835978836	2
4	46390708	46390709	49	33	2	2	0	1	NA	NA	NA	unphased	1.91637630662021	0.958188153310105	2
4	46737019	46737020	62	22	2	2	0	1	NA	NA	NA	unphased	1.24716553287982	1.24716553287982	1
4	47408775	47408776	57	12	2	2	0	1	NA	NA	NA	unphased	0.82815734989648	0.82815734989648	1
4	55161360	55161361	47	36	2	2	0	1	NA	NA	NA	unphased	2.06540447504303	1.03270223752151	2
4	56765937	56765938	48	14	2	2	0	1	NA	NA	NA	unphased	1.0752688172043	1.0752688172043	1
4	62935947	62935948	10	10	2	2	0	1	NA	NA	NA	unphased	2.38095238095238	1.19047619047619	2
4	66356371	66356372	14	17	2	2	0	1	NA	NA	NA	unphased	2.61136712749616	1.30568356374808	2
4	68484821	68484822	50	11	2	2	0	1	NA	NA	NA	unphased	0.858704137392662	0.858704137392662	1
4	68810307	68810308	19	11	2	2	0	1	NA	NA	NA	unphased	1.74603174603175	0.873015873015873	2
4	69973970	69973971	75	43	2	2	0	1	NA	NA	NA	unphased	1.73527037933818	0.867635189669088	2
4	70461979	70461980	38	4	2	2	0	1	NA	NA	NA	unphased	0.453514739229025	0.453514739229025	1
4	71497421	71497422	125	42	2	2	0	1	NA	NA	NA	unphased	1.19760479041916	1.19760479041916	1
4	74703404	74703405	47	9	2	2	0	1	NA	NA	NA	unphased	0.76530612244898	0.76530612244898	1
4	84376945	84376946	4	5	2.65	4	0	0.55	1	0	0.45	unphased	3.00661375661376	0.969875405359277	3.1
4	95129733	95129734	24	18	2	2	0	1	NA	NA	NA	unphased	2.04081632653061	1.02040816326531	2
4	95129735	95129736	24	17	2	2	0	1	NA	NA	NA	unphased	1.97444831591173	0.987224157955865	2
4	96091429	96091430	84	51	2	2	0	1	NA	NA	NA	unphased	1.7989417989418	0.8994708994709	2
4	96761974	96761975	21	9	2	2	0	1	NA	NA	NA	unphased	1.42857142857143	1.42857142857143	1
4	104079482	104079483	25	10	2	2	0	1	NA	NA	NA	unphased	1.36054421768707	1.36054421768707	1
4	113303586	113303587	22	10	2	2	0	1	NA	NA	NA	unphased	1.48809523809524	1.48809523809524	1
4	113353193	113353194	6	4	2	2	0	1	NA	NA	NA	unphased	1.9047619047619	1.9047619047619	1
4	115748968	115748969	28	21	2	2	0	1	NA	NA	NA	unphased	2.04081632653061	1.02040816326531	2
4	125590901	125590902	57	23	2	2	0	1	NA	NA	NA	unphased	1.36904761904762	1.36904761904762	1
4	126239320	126239321	35	7	2	2	0	1	NA	NA	NA	unphased	0.793650793650794	0.793650793650794	1
4	126336883	126336884	31	12	2	2	0	1	NA	NA	NA	unphased	1.32890365448505	1.32890365448505	1
4	134073371	134073372	25	11	2	2	0	1	NA	NA	NA	unphased	1.45502645502646	1.45502645502646	1
4	138442448	138442449	21	16	2	2	0	1	NA	NA	NA	unphased	2.05920205920206	1.02960102960103	2
4	140641119	140641120	109	19	2	2	0	1	NA	NA	NA	unphased	0.706845238095238	0.706845238095238	1
4	141847170	141847171	16	14	2	2	0	1	NA	NA	NA	unphased	2.22222222222222	1.11111111111111	2
4	146575146	146575147	39	30	2	2	0	1	NA	NA	NA	unphased	2.0703933747412	1.0351966873706	2
4	151837603	151837604	24	14	2	2	0	1	NA	NA	NA	unphased	1.75438596491228	0.87719298245614	2
4	169083785	169083786	27	6	2	2	0	1	NA	NA	NA	unphased	0.865800865800866	0.865800865800866	1
4	169172244	169172245	27	7	2	2	0	1	NA	NA	NA	unphased	0.980392156862745	0.980392156862745	1
4	175564856	175564857	36	10	1.03	2	0	0.03	0	1	0.97	unphased	0.824327122153209	0.824327122153209	1
4	177605129	177605130	89	5	1.03	2	0	0.03	0	1	0.97	unphased	0.201697061803445	0.201697061803445	1
4	185552286	185552287	23	17	1.03	2	0	0.03	0	1	0.97	unphased	1.61155952380952	1.56462089690245	1.03
4	186097178	186097179	10	6	1.03	2	0	0.03	0	1	0.97	unphased	1.42196428571429	1.42196428571429	1
4	187630984	187630985	12	5	1.03	2	0	0.03	0	1	0.97	unphased	1.11526610644258	1.11526610644258	1
5	433021	433022	12	9	1	1	0	1	NA	NA	NA	unphased	1.61224489795918	1.61224489795918	1
5	5232626	5232627	20	11	1	1	0	1	NA	NA	NA	unphased	1.33486943164363	1.33486943164363	1
5	9044550	9044551	43	25	1	1	0	1	NA	NA	NA	unphased	1.38305322128852	1.38305322128852	1
5	9629813	9629814	15	8	1	1	0	1	NA	NA	NA	unphased	1.30848861283644	1.30848861283644	1
5	11346583	11346584	28	12	1	1	0	1	NA	NA	NA	unphased	1.12857142857143	1.12857142857143	1
5	11346611	11346612	22	12	1	1	0	1	NA	NA	NA	unphased	1.32773109243697	1.32773109243697	1
5	16463847	16463848	235	16	8	7	1	1	NA	NA	NA	unphased	0.686017833428192	0.686017833428192	1
5	24488005	24488006	50	45	1.99	3	1	0.33	1	0	0.67	unphased	2.2509022556391	0.966052470231372	2.33
5	24535306	24535307	40	36	1.99	3	1	0.33	1	0	0.67	unphased	2.2509022556391	0.966052470231372	2.33
5	24537770	24537771	40	20	1.99	3	1	0.33	1	0	0.67	unphased	1.58396825396825	0.95419774335437	1.66
5	26903805	26903806	124	19	1.99	3	1	0.33	1	0	0.67	unphased	0.631371961371961	0.631371961371961	1
5	26903933	26903934	35	12	1.99	3	1	0.33	1	0	0.67	unphased	1.21325227963526	1.21325227963526	1
5	34042975	34042976	162	18	1.99	3	1	0.33	1	0	0.67	unphased	0.475190476190476	1.43997113997114	0.33
5	35040767	35040768	106	14	1.99	3	1	0.33	1	0	0.67	unphased	0.554388888888889	0.554388888888889	1
5	35807289	35807290	169	49	1.99	3	1	0.33	1	0	0.67	unphased	1.06808868501529	1.06808868501529	1
5	36039666	36039667	54	58	1.99	3	1	0.33	1	0	0.67	unphased	2.46080782312925	1.056140696622	2.33
5	37370834	37370835	33	32	1.99	3	1	0.33	1	0	0.67	unphased	2.33939926739927	1.00403402034303	2.33
5	43381791	43381792	7	4	4	3	1	1	NA	NA	NA	unphased	2.45887445887446	2.45887445887446	1
5	43506191	43506192	95	23	4	3	1	1	NA	NA	NA	unphased	1.317998385795	1.317998385795	1
5	43509263	43509264	42	25	4	3	1	1	NA	NA	NA	unphased	2.52309879175551	0.841032930585169	3
5	45645476	45645477	26	8	2	1	1	1	NA	NA	NA	unphased	1.12044817927171	1.12044817927171	1
5	49695725	49695726	45	7	2	1	1	1	NA	NA	NA	unphased	0.641025641025641	0.641025641025641	1
5	50687161	50687162	26	4	2	1	1	1	NA	NA	NA	unphased	0.634920634920635	0.634920634920635	1
5	52221224	52221225	44	5	2	1	1	1	NA	NA	NA	unphased	0.485908649173955	0.485908649173955	1
5	54586087	54586088	35	10	2	1	1	1	NA	NA	NA	unphased	1.05820105820106	1.05820105820106	1
5	66462815	66462816	12	3	2	1	1	1	NA	NA	NA	unphased	0.952380952380952	0.952380952380952	1
5	74639727	74639728	75	9	2	1	1	1	NA	NA	NA	unphased	0.510204081632653	0.510204081632653	1
5	77423980	77423981	24	3	2	1	1	1	NA	NA	NA	unphased	0.529100529100529	0.529100529100529	1
5	79089288	79089289	44	12	2	1	1	1	NA	NA	NA	unphased	1.02040816326531	1.02040816326531	1
5	80369030	80369031	37	10	2	1	1	1	NA	NA	NA	unphased	1.01317122593718	1.01317122593718	1
5	82833416	82833417	25	4	2	1	1	1	NA	NA	NA	unphased	0.656814449917898	0.656814449917898	1
5	94749779	94749780	52	13	2	1	1	1	NA	NA	NA	unphased	0.952380952380952	0.952380952380952	1
5	110428024	110428025	45	6	2	1	1	1	NA	NA	NA	unphased	0.560224089635854	0.560224089635854	1
5	115336155	115336156	84	27	2	1	1	1	NA	NA	NA	unphased	1.15830115830116	1.15830115830116	1
5	118965448	118965449	73	18	2	1	1	1	NA	NA	NA	unphased	0.941915227629513	0.941915227629513	1
5	122717846	122717847	83	18	2	1	1	1	NA	NA	NA	unphased	0.848656294200849	0.848656294200849	1
5	125824566	125824567	28	6	2	1	1	1	NA	NA	NA	unphased	0.840336134453782	0.840336134453782	1
5	126778733	126778734	44	14	2	1	1	1	NA	NA	NA	unphased	1.14942528735632	1.14942528735632	1
5	127597591	127597592	44	10	2	1	1	1	NA	NA	NA	unphased	0.881834215167548	0.881834215167548	1
5	127622535	127622536	16	9	2	1	1	1	NA	NA	NA	unphased	1.71428571428571	1.71428571428571	1
5	129520232	129520233	28	5	2	1	1	1	NA	NA	NA	unphased	0.721500721500722	0.721500721500722	1
5	130883879	130883880	39	7	2	1	1	1	NA	NA	NA	unphased	0.72463768115942	0.72463768115942	1
5	132094198	132094199	7	3	2	1	1	1	NA	NA	NA	unphased	1.42857142857143	1.42857142857143	1
5	132648450	132648451	11	9	2	1	1	1	NA	NA	NA	unphased	2.14285714285714	2.14285714285714	1
5	136328178	136328179	83	18	2	1	1	1	NA	NA	NA	unphased	0.848656294200849	0.848656294200849	1
5	138658160	138658161	31	4	2	1	1	1	NA	NA	NA	unphased	0.54421768707483	0.54421768707483	1
5	139267017	139267018	39	15	2	1	1	1	NA	NA	NA	unphased	1.32275132275132	1.32275132275132	1
5	140011759	140011760	34	10	2	1	1	1	NA	NA	NA	unphased	1.08225108225108	1.08225108225108	1
5	140048305	140048306	45	8	2	1	1	1	NA	NA	NA	unphased	0.718778077268643	0.718778077268643	1
5	140081642	140081643	53	12	2	1	1	1	NA	NA	NA	unphased	0.879120879120879	0.879120879120879	1
5	140175167	140175168	60	11	2	1	1	1	NA	NA	NA	unphased	0.73775989268947	0.73775989268947	1
5	140175985	140175986	79	12	2	1	1	1	NA	NA	NA	unphased	0.627943485086342	0.627943485086342	1
5	140188442	140188443	70	14	2	1	1	1	NA	NA	NA	unphased	0.793650793650794	0.793650793650794	1
5	140209295	140209296	113	32	2	1	1	1	NA	NA	NA	unphased	1.05090311986864	1.05090311986864	1
5	140221948	140221949	58	15	2	1	1	1	NA	NA	NA	unphased	0.978473581213307	0.978473581213307	1
5	140222518	140222519	118	30	2	1	1	1	NA	NA	NA	unphased	0.965250965250965	0.965250965250965	1
5	140262408	140262409	45	16	2	1	1	1	NA	NA	NA	unphased	1.24902419984387	1.24902419984387	1
5	140480815	140480816	38	4	2	1	1	1	NA	NA	NA	unphased	0.453514739229025	0.453514739229025	1
5	140537528	140537529	58	5	2	1	1	1	NA	NA	NA	unphased	0.377928949357521	0.377928949357521	1
5	140554691	140554692	53	15	2	1	1	1	NA	NA	NA	unphased	1.05042016806723	1.05042016806723	1
5	140562603	140562604	47	8	2	1	1	1	NA	NA	NA	unphased	0.692640692640693	0.692640692640693	1
5	140563986	140563987	63	6	2	1	1	1	NA	NA	NA	unphased	0.41407867494824	0.41407867494824	1
5	140579392	140579393	28	8	2	1	1	1	NA	NA	NA	unphased	1.05820105820106	1.05820105820106	1
5	140720799	140720800	84	21	2	1	1	1	NA	NA	NA	unphased	0.952380952380952	0.952380952380952	1
5	140724443	140724444	17	6	2	1	1	1	NA	NA	NA	unphased	1.24223602484472	1.24223602484472	1
5	140725336	140725337	100	27	2	1	1	1	NA	NA	NA	unphased	1.01237345331834	1.01237345331834	1
5	140725690	140725691	97	18	2	1	1	1	NA	NA	NA	unphased	0.745341614906832	0.745341614906832	1
5	140762954	140762955	20	8	2	1	1	1	NA	NA	NA	unphased	1.36054421768707	1.36054421768707	1
5	140764535	140764536	61	23	2	1	1	1	NA	NA	NA	unphased	1.30385487528345	1.30385487528345	1
5	140767934	140767935	24	11	2	1	1	1	NA	NA	NA	unphased	1.49659863945578	1.49659863945578	1
5	140782964	140782965	71	13	2	1	1	1	NA	NA	NA	unphased	0.736961451247166	0.736961451247166	1
5	140802944	140802945	46	13	2	1	1	1	NA	NA	NA	unphased	1.04923325262308	1.04923325262308	1
5	141314085	141314086	68	15	2	1	1	1	NA	NA	NA	unphased	0.860585197934596	0.860585197934596	1
5	142500604	142500605	63	15	2	1	1	1	NA	NA	NA	unphased	0.915750915750916	0.915750915750916	1
5	145537076	145537077	42	10	2	1	1	1	NA	NA	NA	unphased	0.915750915750916	0.915750915750916	1
5	146017956	146017957	28	9	2	1	1	1	NA	NA	NA	unphased	1.15830115830116	1.15830115830116	1
5	146792208	146792209	23	9	2	1	1	1	NA	NA	NA	unphased	1.33928571428571	1.33928571428571	1
5	148627360	148627361	37	8	2	1	1	1	NA	NA	NA	unphased	0.846560846560847	0.846560846560847	1
5	154397062	154397063	20	5	2	1	1	1	NA	NA	NA	unphased	0.952380952380952	0.952380952380952	1
5	156589689	156589690	32	6	2	1	1	1	NA	NA	NA	unphased	0.75187969924812	0.75187969924812	1
5	156741389	156741390	52	6	2	1	1	1	NA	NA	NA	unphased	0.492610837438424	0.492610837438424	1
5	157218796	157218797	54	20	2	1	1	1	NA	NA	NA	unphased	1.28700128700129	1.28700128700129	1
5	161116268	161116269	48	10	2	1	1	1	NA	NA	NA	unphased	0.821018062397373	0.821018062397373	1
5	167551987	167551988	19	9	2	1	1	1	NA	NA	NA	unphased	1.53061224489796	1.53061224489796	1
5	169535344	169535345	34	8	2	1	1	1	NA	NA	NA	unphased	0.90702947845805	0.90702947845805	1
5	171520745	171520746	12	5	2	1	1	1	NA	NA	NA	unphased	1.40056022408964	1.40056022408964	1
5	175530757	175530758	117	13	2	1	1	1	NA	NA	NA	unphased	0.476190476190476	0.476190476190476	1
5	176025434	176025435	77	12	2	1	1	1	NA	NA	NA	unphased	0.642054574638844	0.642054574638844	1
5	176517630	176517631	36	14	2	1	1	1	NA	NA	NA	unphased	1.33333333333333	1.33333333333333	1
5	176885504	176885505	41	16	2	1	1	1	NA	NA	NA	unphased	1.33667502088555	1.33667502088555	1
5	176885617	176885618	14	3	2	1	1	1	NA	NA	NA	unphased	0.840336134453782	0.840336134453782	1
5	178310564	178310565	54	7	2	1	1	1	NA	NA	NA	unphased	0.546448087431694	0.546448087431694	1
6	17675490	17675491	30	20	2	2	0	1	NA	NA	NA	unphased	1.9047619047619	0.952380952380952	2
6	24178751	24178752	26	20	2	2	0	1	NA	NA	NA	unphased	2.0703933747412	1.0351966873706	2
6	24843469	24843470	27	22	2	2	0	1	NA	NA	NA	unphased	2.1379980563654	1.0689990281827	2
6	25813361	25813362	37	3	2	2	0	1	NA	NA	NA	unphased	0.357142857142857	0.357142857142857	1
6	28297234	28297235	94	41	2	2	0	1	NA	NA	NA	unphased	1.44620811287478	0.72310405643739	2
6	30624392	30624393	47	28	2	2	0	1	NA	NA	NA	unphased	1.77777777777778	0.888888888888889	2
6	31936513	31936514	47	12	2	2	0	1	NA	NA	NA	unphased	0.968523002421308	0.968523002421308	1
6	32168732	32168733	9	7	2	2	0	1	NA	NA	NA	unphased	2.08333333333333	1.04166666666667	2
6	33635697	33635698	24	4	2	2	0	1	NA	NA	NA	unphased	0.680272108843537	0.680272108843537	1
6	34392572	34392573	18	6	2	2	0	1	NA	NA	NA	unphased	1.19047619047619	1.19047619047619	1
6	34825157	34825158	70	15	2	2	0	1	NA	NA	NA	unphased	0.840336134453782	0.840336134453782	1
6	38821009	38821010	17	21	2	2	0	1	NA	NA	NA	unphased	2.63157894736842	1.31578947368421	2
6	38997945	38997946	32	10	2	2	0	1	NA	NA	NA	unphased	1.13378684807256	1.13378684807256	1
6	39874587	39874588	21	22	2	2	0	1	NA	NA	NA	unphased	2.43632336655592	1.21816168327796	2
6	46761184	46761185	62	34	2	2	0	1	NA	NA	NA	unphased	1.68650793650794	0.843253968253968	2
6	70589474	70589475	20	7	2	2	0	1	NA	NA	NA	unphased	1.23456790123457	1.23456790123457	1
6	72011596	72011597	25	9	2	2	0	1	NA	NA	NA	unphased	1.26050420168067	1.26050420168067	1
6	79577238	79577239	40	8	2	2	0	1	NA	NA	NA	unphased	0.793650793650794	0.793650793650794	1
6	90647927	90647928	42	34	2	2	0	1	NA	NA	NA	unphased	2.13032581453634	1.06516290726817	2
6	102337566	102337567	52	23	2	2	0	1	NA	NA	NA	unphased	1.46031746031746	0.73015873015873	2
6	107955752	107955753	14	12	2	2	0	1	NA	NA	NA	unphased	2.1978021978022	1.0989010989011	2
6	111498505	111498506	35	29	2	2	0	1	NA	NA	NA	unphased	2.1577380952381	1.07886904761905	2
6	111694066	111694067	61	39	2	2	0	1	NA	NA	NA	unphased	1.85714285714286	0.928571428571429	2
6	117245926	117245927	20	15	2	2	0	1	NA	NA	NA	unphased	2.04081632653061	1.02040816326531	2
6	117715867	117715868	41	10	2	2	0	1	NA	NA	NA	unphased	0.933706816059757	0.933706816059757	1
6	118791807	118791808	17	10	2	2	0	1	NA	NA	NA	unphased	1.7636684303351	0.881834215167548	2
6	123369779	123369780	48	12	2	2	0	1	NA	NA	NA	unphased	0.952380952380952	0.952380952380952	1
6	132031229	132031230	27	19	2	2	0	1	NA	NA	NA	unphased	1.96687370600414	0.98343685300207	2
6	132211566	132211567	41	7	2	2	0	1	NA	NA	NA	unphased	0.694444444444445	0.694444444444445	1
6	135787418	135787419	69	47	2	2	0	1	NA	NA	NA	unphased	1.92939244663383	0.964696223316913	2
6	136597354	136597355	133	16	2	2	0	1	NA	NA	NA	unphased	0.511345477788431	0.511345477788431	1
6	136597472	136597473	196	40	2	2	0	1	NA	NA	NA	unphased	0.807102502017756	0.807102502017756	1
6	139167736	139167737	50	51	2	2	0	1	NA	NA	NA	unphased	2.4045261669024	1.2022630834512	2
6	152685997	152685998	42	14	2	2	0	1	NA	NA	NA	unphased	1.19047619047619	1.19047619047619	1
6	152783919	152783920	37	4	2	2	0	1	NA	NA	NA	unphased	0.464576074332172	0.464576074332172	1
6	161155038	161155039	20	12	2	2	0	1	NA	NA	NA	unphased	1.78571428571429	0.892857142857143	2
6	166864712	166864713	31	12	2	2	0	1	NA	NA	NA	unphased	1.32890365448505	1.32890365448505	1
7	5331441	5331442	57	9	4	2	2	1	NA	NA	NA	unphased	0.922077922077922	0.922077922077922	1
7	5540781	5540782	26	15	4	2	2	1	NA	NA	NA	unphased	2.47386759581882	1.23693379790941	2
7	11452307	11452308	23	12	4	2	2	1	NA	NA	NA	unphased	2.31836734693878	1.15918367346939	2
7	11581110	11581111	20	12	4	2	2	1	NA	NA	NA	unphased	2.53571428571429	1.26785714285714	2
7	18066712	18066713	63	16	4	2	2	1	NA	NA	NA	unphased	1.36949969861362	1.36949969861362	1
7	19156581	19156582	26	8	4	2	2	1	NA	NA	NA	unphased	1.59103641456583	1.59103641456583	1
7	20668397	20668398	25	6	4	2	2	1	NA	NA	NA	unphased	1.30875576036866	1.30875576036866	1
7	20698254	20698255	45	21	4	2	2	1	NA	NA	NA	unphased	2.15151515151515	1.07575757575758	2
7	21628192	21628193	69	19	4	2	2	1	NA	NA	NA	unphased	1.45995670995671	0.729978354978355	2
7	21628991	21628992	46	34	4	2	2	1	NA	NA	NA	unphased	2.87380952380952	1.43690476190476	2
7	23183483	23183484	121	49	4	2	2	1	NA	NA	NA	unphased	1.94901960784314	0.974509803921569	2
7	23571497	23571498	48	9	4	2	2	1	NA	NA	NA	unphased	1.06766917293233	1.06766917293233	1
7	27134063	27134064	36	13	4	2	2	1	NA	NA	NA	unphased	1.79397473275024	0.896987366375122	2
7	27203171	27203172	126	9	4	2	2	1	NA	NA	NA	unphased	0.450793650793651	0.450793650793651	1
7	27284902	27284903	46	13	4	2	2	1	NA	NA	NA	unphased	1.48991121872478	1.48991121872478	1
7	28848937	28848938	45	10	4	2	2	1	NA	NA	NA	unphased	1.22943722943723	1.22943722943723	1
7	30911906	30911907	23	5	4	2	2	1	NA	NA	NA	unphased	1.20748299319728	1.20748299319728	1
7	43283472	43283473	36	5	4	2	2	1	NA	NA	NA	unphased	0.824622531939605	0.824622531939605	1
7	43506083	43506084	58	21	4	2	2	1	NA	NA	NA	unphased	1.79746835443038	0.89873417721519	2
7	44080528	44080529	26	6	4	2	2	1	NA	NA	NA	unphased	1.26785714285714	1.26785714285714	1
7	44924319	44924320	37	18	4	2	2	1	NA	NA	NA	unphased	2.21298701298701	1.10649350649351	2
7	47698630	47698631	50	18	4	2	2	1	NA	NA	NA	unphased	1.78991596638655	0.894957983193277	2
7	54610396	54610397	44	14	1.06	2	2	0.02	0	1	0.98	unphased	0.922528735632184	0.922528735632184	1
7	55991371	55991372	18	4	1.06	2	2	0.02	0	1	0.98	unphased	0.694891774891775	0.694891774891775	1
7	57188824	57188825	116	13	1.06	2	2	0.02	0	1	0.98	unphased	0.38515319306017	0.38515319306017	1
7	57528899	57528900	27	14	1.06	2	2	0.02	0	1	0.98	unphased	1.3050406504065	1.3050406504065	1
7	70252256	70252257	21	7	3	2	1	1	NA	NA	NA	unphased	1.44047619047619	1.44047619047619	1
7	70800686	70800687	36	22	3	2	1	1	NA	NA	NA	unphased	2.18555008210181	1.0927750410509	2
7	72727083	72727084	10	3	3	2	1	1	NA	NA	NA	unphased	1.32967032967033	1.32967032967033	1
7	72754699	72754700	43	18	3	2	1	1	NA	NA	NA	unphased	1.70023419203747	0.850117096018735	2
7	72891461	72891462	40	11	3	2	1	1	NA	NA	NA	unphased	1.24276377217554	1.24276377217554	1
7	73483016	73483017	33	15	3	2	1	1	NA	NA	NA	unphased	1.80059523809524	0.900297619047619	2
7	74114685	74114686	97	47	3	2	1	1	NA	NA	NA	unphased	1.88062169312169	0.940310846560847	2
7	77326236	77326237	10	3	3	2	1	1	NA	NA	NA	unphased	1.32967032967033	1.32967032967033	1
7	77885727	77885728	19	7	3	2	1	1	NA	NA	NA	unphased	1.55128205128205	1.55128205128205	1
7	86416131	86416132	11	4	3	2	1	1	NA	NA	NA	unphased	1.53650793650794	1.53650793650794	1
7	87148740	87148741	41	16	3	2	1	1	NA	NA	NA	unphased	1.61737677527151	0.808688387635756	2
7	99711688	99711689	64	11	3	2	1	1	NA	NA	NA	unphased	0.845079365079365	0.845079365079365	1
7	99758409	99758410	28	15	3	2	1	1	NA	NA	NA	unphased	2.00996677740864	1.00498338870432	2
7	100087056	100087057	36	7	3	2	1	1	NA	NA	NA	unphased	0.937984496124031	0.937984496124031	1
7	100198473	100198474	48	14	3	2	1	1	NA	NA	NA	unphased	1.3010752688172	1.3010752688172	1
7	100459036	100459037	83	39	3	2	1	1	NA	NA	NA	unphased	1.84192037470726	0.92096018735363	2
7	100683693	100683694	280	56	3	2	1	1	NA	NA	NA	unphased	0.96031746031746	0.96031746031746	1
7	100686855	100686856	67	19	3	2	1	1	NA	NA	NA	unphased	1.27297895902547	1.27297895902547	1
7	100842049	100842050	42	27	3	2	1	1	NA	NA	NA	unphased	2.25465838509317	1.12732919254658	2
7	102940719	102940720	29	19	3	2	1	1	NA	NA	NA	unphased	2.28075396825397	1.14037698412698	2
7	103017284	103017285	65	14	3	2	1	1	NA	NA	NA	unphased	1.0210970464135	1.0210970464135	1
7	103017285	103017286	61	14	3	2	1	1	NA	NA	NA	unphased	1.07555555555556	1.07555555555556	1
7	103216145	103216146	71	15	3	2	1	1	NA	NA	NA	unphased	1.00498338870432	1.00498338870432	1
7	105917575	105917576	35	15	3	2	1	1	NA	NA	NA	unphased	1.72857142857143	0.864285714285714	2
7	107748247	107748248	31	10	3	2	1	1	NA	NA	NA	unphased	1.40534262485482	1.40534262485482	1
7	107763610	107763611	31	8	3	2	1	1	NA	NA	NA	unphased	1.18192918192918	1.18192918192918	1
7	110763169	110763170	29	14	3	2	1	1	NA	NA	NA	unphased	1.87596899224806	0.937984496124031	2
7	113518560	113518561	39	29	3	2	1	1	NA	NA	NA	unphased	2.45728291316527	1.22864145658263	2
7	113519351	113519352	55	37	3	2	1	1	NA	NA	NA	unphased	2.31728778467909	1.15864389233954	2
7	117175300	117175301	102	39	3	2	1	1	NA	NA	NA	unphased	1.59371833839919	0.796859169199595	2
7	117424440	117424441	46	31	3	2	1	1	NA	NA	NA	unphased	2.31972789115646	1.15986394557823	2
7	117432467	117432468	53	9	3	2	1	1	NA	NA	NA	unphased	0.836405529953917	0.836405529953917	1
7	117874754	117874755	42	20	3	2	1	1	NA	NA	NA	unphased	1.85867895545315	0.929339477726574	2
7	120971860	120971861	31	15	3	2	1	1	NA	NA	NA	unphased	1.87888198757764	0.93944099378882	2
7	122114547	122114548	20	10	3	2	1	1	NA	NA	NA	unphased	1.92063492063492	0.96031746031746	2
7	122342617	122342618	26	13	3	2	1	1	NA	NA	NA	unphased	1.92063492063492	0.96031746031746	2
7	122635015	122635016	57	13	3	2	1	1	NA	NA	NA	unphased	1.07006802721088	1.07006802721088	1
7	122635506	122635507	14	5	3	2	1	1	NA	NA	NA	unphased	1.51629072681704	1.51629072681704	1
7	123097436	123097437	39	11	3	2	1	1	NA	NA	NA	unphased	1.26761904761905	1.26761904761905	1
7	123593739	123593740	26	7	3	2	1	1	NA	NA	NA	unphased	1.22222222222222	1.22222222222222	1
7	128481360	128481361	108	24	3	2	1	1	NA	NA	NA	unphased	1.04761904761905	1.04761904761905	1
7	128497243	128497244	105	26	3	2	1	1	NA	NA	NA	unphased	1.14358415121774	1.14358415121774	1
7	128498207	128498208	10	6	3	2	1	1	NA	NA	NA	unphased	2.16071428571429	1.08035714285714	2
7	134346334	134346335	40	16	3	2	1	1	NA	NA	NA	unphased	1.64625850340136	0.82312925170068	2
7	134635255	134635256	46	21	3	2	1	1	NA	NA	NA	unphased	1.80597014925373	0.902985074626866	2
7	136700947	136700948	88	17	3	2	1	1	NA	NA	NA	unphased	0.932879818594104	0.932879818594104	1
7	137294282	137294283	38	5	3	2	1	1	NA	NA	NA	unphased	0.669988925802879	0.669988925802879	1
7	138764760	138764761	41	11	3	2	1	1	NA	NA	NA	unphased	1.21886446886447	1.21886446886447	1
7	141255318	141255319	21	14	3	2	1	1	NA	NA	NA	unphased	2.30476190476191	1.15238095238095	2
7	142021203	142021204	20	14	3	2	1	1	NA	NA	NA	unphased	2.37254901960784	1.18627450980392	2
7	142028366	142028367	80	15	3	2	1	1	NA	NA	NA	unphased	0.909774436090225	0.909774436090225	1
7	142562367	142562368	60	5	3	2	1	1	NA	NA	NA	unphased	0.443223443223443	0.443223443223443	1
7	142567994	142567995	176	34	3	2	1	1	NA	NA	NA	unphased	0.932879818594104	0.932879818594104	1
7	142637500	142637501	61	12	3	2	1	1	NA	NA	NA	unphased	0.947162426614481	0.947162426614481	1
7	143175199	143175200	85	17	3	2	1	1	NA	NA	NA	unphased	0.96031746031746	0.96031746031746	1
7	148701042	148701043	42	6	3	2	1	1	NA	NA	NA	unphased	0.720238095238095	0.720238095238095	1
7	149418483	149418484	31	12	3	2	1	1	NA	NA	NA	unphased	1.60797342192691	1.60797342192691	1
7	149430515	149430516	11	3	3	2	1	1	NA	NA	NA	unphased	1.23469387755102	1.23469387755102	1
7	150027919	150027920	24	3	3	2	1	1	NA	NA	NA	unphased	0.64021164021164	0.64021164021164	1
7	150553729	150553730	49	7	3	2	1	1	NA	NA	NA	unphased	0.720238095238095	0.720238095238095	1
7	150648641	150648642	44	11	3	2	1	1	NA	NA	NA	unphased	1.15238095238095	1.15238095238095	1
7	151807671	151807672	108	23	3	2	1	1	NA	NA	NA	unphased	1.01163213376954	1.01163213376954	1
7	151917681	151917682	65	19	3	2	1	1	NA	NA	NA	unphased	1.30328798185941	1.30328798185941	1
7	154790376	154790377	15	4	3	2	1	1	NA	NA	NA	unphased	1.21303258145363	1.21303258145363	1
8	2005889	2005890	11	6	4	2	2	1	NA	NA	NA	unphased	2.38655462184874	1.19327731092437	2
8	2836320	2836321	7	8	4	2	2	1	NA	NA	NA	unphased	3.60634920634921	1.8031746031746	2
8	3351164	3351165	8	4	4	2	2	1	NA	NA	NA	unphased	2.25396825396825	2.25396825396825	1
8	8197132	8197133	51	14	4	2	2	1	NA	NA	NA	unphased	1.45641025641026	1.45641025641026	1
8	9592577	9592578	31	11	4	2	2	1	NA	NA	NA	unphased	1.77097505668934	0.885487528344671	2
8	10285701	10285702	44	9	4	2	2	1	NA	NA	NA	unphased	1.14824797843666	1.14824797843666	1
8	10388834	10388835	171	23	4	2	2	1	NA	NA	NA	unphased	0.80166912125675	0.80166912125675	1
8	10390550	10390551	56	13	4	2	2	1	NA	NA	NA	unphased	1.27398205659075	1.27398205659075	1
8	10469506	10469507	38	15	4	2	2	1	NA	NA	NA	unphased	1.91374663072776	0.956873315363881	2
8	11281952	11281953	55	7	4	2	2	1	NA	NA	NA	unphased	0.763440860215054	0.763440860215054	1
8	11710911	11710912	34	8	4	2	2	1	NA	NA	NA	unphased	1.28798185941043	1.28798185941043	1
8	11842046	11842047	69	11	4	2	2	1	NA	NA	NA	unphased	0.929761904761905	0.929761904761905	1
8	13356753	13356754	159	25	4	2	2	1	NA	NA	NA	unphased	0.918737060041408	0.918737060041408	1
8	18725363	18725364	95	38	4	2	2	1	NA	NA	NA	unphased	1.93197278911565	0.965986394557823	2
8	20036834	20036835	40	23	4	2	2	1	NA	NA	NA	unphased	2.46863189720333	1.23431594860166	2
8	21977356	21977357	37	13	4	2	2	1	NA	NA	NA	unphased	1.75809523809524	0.879047619047619	2
8	23112920	23112921	30	10	4	2	2	1	NA	NA	NA	unphased	1.69047619047619	1.69047619047619	1
8	26441373	26441374	74	9	4	2	2	1	NA	NA	NA	unphased	0.733218588640275	0.733218588640275	1
8	30700014	30700015	34	14	4	2	2	1	NA	NA	NA	unphased	1.97222222222222	0.986111111111111	2
8	31014971	31014972	23	27	4	2	2	1	NA	NA	NA	unphased	3.65142857142857	1.82571428571429	2
8	37704455	37704456	162	60	4	2	2	1	NA	NA	NA	unphased	1.82754182754183	0.913770913770914	2
8	39564336	39564337	47	25	4	2	2	1	NA	NA	NA	unphased	2.3478835978836	1.1739417989418	2
8	42823299	42823300	42	9	4	2	2	1	NA	NA	NA	unphased	1.19327731092437	1.19327731092437	1
8	51363288	51363289	26	11	4	2	2	1	NA	NA	NA	unphased	2.01029601029601	1.00514800514801	2
8	51617273	51617274	26	12	4	2	2	1	NA	NA	NA	unphased	2.13533834586466	1.06766917293233	2
8	54730080	54730081	30	4	4	2	2	1	NA	NA	NA	unphased	0.795518207282913	0.795518207282913	1
8	55538612	55538613	25	18	4	2	2	1	NA	NA	NA	unphased	2.83056478405316	1.41528239202658	2
8	59059872	59059873	28	11	4	2	2	1	NA	NA	NA	unphased	1.90720390720391	0.953601953601954	2
8	61741277	61741278	23	11	4	2	2	1	NA	NA	NA	unphased	2.18767507002801	1.09383753501401	2
8	70591612	70591613	96	43	4	2	2	1	NA	NA	NA	unphased	2.09181226447414	1.04590613223707	2
8	71068259	71068260	31	12	4	2	2	1	NA	NA	NA	unphased	1.88704318936877	0.943521594684385	2
8	71553210	71553211	50	10	4	2	2	1	NA	NA	NA	unphased	1.12698412698413	1.12698412698413	1
8	72936048	72936049	46	18	4	2	2	1	NA	NA	NA	unphased	1.90178571428571	0.950892857142857	2
8	72938207	72938208	38	26	4	2	2	1	NA	NA	NA	unphased	2.74702380952381	1.3735119047619	2
8	72938208	72938209	38	27	4	2	2	1	NA	NA	NA	unphased	2.80879120879121	1.4043956043956	2
8	77763421	77763422	23	10	4	2	2	1	NA	NA	NA	unphased	2.04906204906205	1.02453102453102	2
8	77767554	77767555	27	18	4	2	2	1	NA	NA	NA	unphased	2.7047619047619	1.35238095238095	2
8	82630416	82630417	60	20	4	2	2	1	NA	NA	NA	unphased	1.69047619047619	0.845238095238095	2
8	85441645	85441646	30	4	4	2	2	1	NA	NA	NA	unphased	0.795518207282913	0.795518207282913	1
8	87460432	87460433	53	10	4	2	2	1	NA	NA	NA	unphased	1.07331821617536	1.07331821617536	1
8	88886169	88886170	48	7	4	2	2	1	NA	NA	NA	unphased	0.86060606060606	0.86060606060606	1
8	89068355	89068356	63	16	4	2	2	1	NA	NA	NA	unphased	1.36949969861362	1.36949969861362	1
8	97243294	97243295	91	16	4	2	2	1	NA	NA	NA	unphased	1.01112594570538	1.01112594570538	1
8	97269264	97269265	47	12	4	2	2	1	NA	NA	NA	unphased	1.37530266343826	1.37530266343826	1
8	99170180	99170181	62	32	4	2	2	1	NA	NA	NA	unphased	2.30192502532928	1.15096251266464	2
8	99441266	99441267	63	12	4	2	2	1	NA	NA	NA	unphased	1.08190476190476	1.08190476190476	1
8	104444896	104444897	57	6	4	2	2	1	NA	NA	NA	unphased	0.643990929705215	0.643990929705215	1
8	109797271	109797272	47	11	4	2	2	1	NA	NA	NA	unphased	1.2824302134647	1.2824302134647	1
8	110431347	110431348	26	12	4	2	2	1	NA	NA	NA	unphased	2.13533834586466	1.06766917293233	2
8	110453502	110453503	12	3	4	2	2	1	NA	NA	NA	unphased	1.35238095238095	1.35238095238095	1
8	110453503	110453504	12	3	4	2	2	1	NA	NA	NA	unphased	1.35238095238095	1.35238095238095	1
8	113299430	113299431	57	8	4	2	2	1	NA	NA	NA	unphased	0.832234432234432	0.832234432234432	1
8	113317128	113317129	35	16	4	2	2	1	NA	NA	NA	unphased	2.12138188608777	1.06069094304388	2
8	113332190	113332191	48	8	4	2	2	1	NA	NA	NA	unphased	0.965986394557823	0.965986394557823	1
8	116427266	116427267	100	33	4	2	2	1	NA	NA	NA	unphased	1.67776584317938	0.838882921589688	2
8	121457670	121457671	47	23	4	2	2	1	NA	NA	NA	unphased	2.22176870748299	1.1108843537415	2
8	124664000	124664001	34	22	4	2	2	1	NA	NA	NA	unphased	2.65646258503401	1.32823129251701	2
8	124664920	124664921	41	9	4	2	2	1	NA	NA	NA	unphased	1.21714285714286	1.21714285714286	1
8	125072897	125072898	41	17	4	2	2	1	NA	NA	NA	unphased	1.98193760262726	0.990968801313629	2
8	126049493	126049494	101	23	4	2	2	1	NA	NA	NA	unphased	1.2542242703533	1.2542242703533	1
8	143956568	143956569	59	9	4	2	2	1	NA	NA	NA	unphased	0.894957983193277	0.894957983193277	1
8	144406216	144406217	73	25	4	2	2	1	NA	NA	NA	unphased	1.72497570456754	0.862487852283771	2
8	144457721	144457722	30	8	4	2	2	1	NA	NA	NA	unphased	1.42355889724311	1.42355889724311	1
8	144464035	144464036	12	9	4	2	2	1	NA	NA	NA	unphased	2.89795918367347	1.44897959183673	2
8	144812395	144812396	41	16	4	2	2	1	NA	NA	NA	unphased	1.89807852965748	0.949039264828738	2
8	144994756	144994757	37	15	4	2	2	1	NA	NA	NA	unphased	1.95054945054945	0.975274725274725	2
8	145108151	145108152	48	7	4	2	2	1	NA	NA	NA	unphased	0.86060606060606	0.86060606060606	1
8	145112504	145112505	14	3	4	2	2	1	NA	NA	NA	unphased	1.19327731092437	1.19327731092437	1
8	145666454	145666455	54	20	4	2	2	1	NA	NA	NA	unphased	1.82754182754183	0.913770913770914	2
8	145758577	145758578	68	28	4	2	2	1	NA	NA	NA	unphased	1.97222222222222	0.986111111111111	2
8	145998921	145998922	43	15	4	2	2	1	NA	NA	NA	unphased	1.7487684729064	0.874384236453202	2
8	146016699	146016700	40	16	4	2	2	1	NA	NA	NA	unphased	1.93197278911565	0.965986394557823	2
8	146277859	146277860	21	10	4	2	2	1	NA	NA	NA	unphased	2.18125960061444	1.09062980030722	2
9	990445	990446	39	10	3	2	1	1	NA	NA	NA	unphased	1.17589893100097	1.17589893100097	1
9	2060972	2060973	14	3	3	2	1	1	NA	NA	NA	unphased	1.01680672268908	1.01680672268908	1
9	5029872	5029873	70	35	3	2	1	1	NA	NA	NA	unphased	1.92063492063492	0.96031746031746	2
9	6620257	6620258	55	15	3	2	1	1	NA	NA	NA	unphased	1.23469387755102	1.23469387755102	1
9	15777756	15777757	42	21	3	2	1	1	NA	NA	NA	unphased	1.92063492063492	0.96031746031746	2
9	17466776	17466777	34	13	3	2	1	1	NA	NA	NA	unphased	1.59371833839919	0.796859169199595	2
9	17795744	17795745	25	4	3	2	1	1	NA	NA	NA	unphased	0.794745484400657	0.794745484400657	1
9	19352590	19352591	23	6	3	2	1	1	NA	NA	NA	unphased	1.19211822660099	1.19211822660099	1
9	27284725	27284726	69	15	3	2	1	1	NA	NA	NA	unphased	1.02891156462585	1.02891156462585	1
9	34372123	34372124	26	8	3	2	1	1	NA	NA	NA	unphased	1.35574229691877	1.35574229691877	1
9	35092272	35092273	33	14	3	2	1	1	NA	NA	NA	unphased	1.71631205673759	0.858156028368794	2
9	36170826	36170827	41	26	3	2	1	1	NA	NA	NA	unphased	2.23596304193319	1.1179815209666	2
9	37541711	37541712	24	8	3	2	1	1	NA	NA	NA	unphased	1.44047619047619	1.44047619047619	1
9	43627838	43627839	55	66	NA	NA	NA	NA	NA	NA	NA	unphased	NA	NA	1
9	71437557	71437558	59	14	3	2	1	1	NA	NA	NA	unphased	1.10502283105023	1.10502283105023	1
9	79322446	79322447	39	11	3	2	1	1	NA	NA	NA	unphased	1.26761904761905	1.26761904761905	1
9	80851429	80851430	10	4	3	2	1	1	NA	NA	NA	unphased	1.64625850340136	1.64625850340136	1
9	84606556	84606557	29	10	3	2	1	1	NA	NA	NA	unphased	1.47741147741148	1.47741147741148	1
9	86506263	86506264	67	36	3	2	1	1	NA	NA	NA	unphased	2.01386962552011	1.00693481276006	2
9	86955658	86955659	10	6	3	2	1	1	NA	NA	NA	unphased	2.16071428571429	1.08035714285714	2
9	87635148	87635149	63	12	3	2	1	1	NA	NA	NA	unphased	0.921904761904762	0.921904761904762	1
9	95993259	95993260	37	25	3	2	1	1	NA	NA	NA	unphased	2.32334869431644	1.16167434715822	2
9	97082550	97082551	41	17	3	2	1	1	NA	NA	NA	unphased	1.6888341543514	0.844417077175698	2
9	97843038	97843039	50	22	3	2	1	1	NA	NA	NA	unphased	1.76058201058201	0.880291005291005	2
9	98209552	98209553	50	28	3	2	1	1	NA	NA	NA	unphased	2.06837606837607	1.03418803418803	2
9	99160576	99160577	101	16	3	2	1	1	NA	NA	NA	unphased	0.787952787952788	0.787952787952788	1
9	100222573	100222574	38	19	3	2	1	1	NA	NA	NA	unphased	1.92063492063492	0.96031746031746	2
9	103213162	103213163	42	10	3	2	1	1	NA	NA	NA	unphased	1.10805860805861	1.10805860805861	1
9	104238981	104238982	33	23	3	2	1	1	NA	NA	NA	unphased	2.36649659863946	1.18324829931973	2
9	107361394	107361395	51	33	3	2	1	1	NA	NA	NA	unphased	2.26360544217687	1.13180272108844	2
9	112898614	112898615	115	14	3	2	1	1	NA	NA	NA	unphased	0.625322997416021	0.625322997416021	1
9	113538153	113538154	79	34	3	2	1	1	NA	NA	NA	unphased	1.73367045933418	0.866835229667088	2
9	116930011	116930012	98	20	3	2	1	1	NA	NA	NA	unphased	0.976594027441485	0.976594027441485	1
9	117400892	117400893	62	24	3	2	1	1	NA	NA	NA	unphased	1.60797342192691	0.803986710963455	2
9	119976999	119977000	31	14	3	2	1	1	NA	NA	NA	unphased	1.79259259259259	0.896296296296296	2
9	125512950	125512951	59	7	3	2	1	1	NA	NA	NA	unphased	0.611111111111111	0.611111111111111	1
9	126132959	126132960	63	8	3	2	1	1	NA	NA	NA	unphased	0.649228705566734	0.649228705566734	1
9	130098495	130098496	37	3	3	2	1	1	NA	NA	NA	unphased	0.432142857142857	0.432142857142857	1
9	130167054	130167055	13	10	3	2	1	1	NA	NA	NA	unphased	2.50517598343685	1.25258799171843	2
9	133932475	133932476	75	12	3	2	1	1	NA	NA	NA	unphased	0.794745484400657	0.794745484400657	1
9	134020021	134020022	36	6	3	2	1	1	NA	NA	NA	unphased	0.82312925170068	0.82312925170068	1
9	135750580	135750581	17	3	3	2	1	1	NA	NA	NA	unphased	0.864285714285714	0.864285714285714	1
9	136202952	136202953	51	31	3	2	1	1	NA	NA	NA	unphased	2.17828106852497	1.08914053426249	2
9	136302895	136302896	50	8	3	2	1	1	NA	NA	NA	unphased	0.794745484400657	0.794745484400657	1
9	138378192	138378193	24	18	3	2	1	1	NA	NA	NA	unphased	2.46938775510204	1.23469387755102	2
9	139100747	139100748	74	16	3	2	1	1	NA	NA	NA	unphased	1.02433862433862	1.02433862433862	1
9	139911461	139911462	45	20	3	2	1	1	NA	NA	NA	unphased	1.77289377289377	0.886446886446887	2
9	140036480	140036481	120	13	3	2	1	1	NA	NA	NA	unphased	0.563193698532044	0.563193698532044	1
9	140099496	140099497	50	9	3	2	1	1	NA	NA	NA	unphased	0.878934624697337	0.878934624697337	1
X	306302	306303	51	15	NA	NA	NA	NA	NA	NA	NA	unphased	NA	NA	1
X	1546726	1546727	72	35	NA	NA	NA	NA	NA	NA	NA	unphased	NA	NA	1
X	1712416	1712417	152	17	NA	NA	NA	NA	NA	NA	NA	unphased	NA	NA	1
X	2139126	2139127	93	14	NA	NA	NA	NA	NA	NA	NA	unphased	NA	NA	1
X	3239033	3239034	147	21	NA	NA	NA	NA	NA	NA	NA	unphased	NA	NA	1
X	3240908	3240909	34	16	NA	NA	NA	NA	NA	NA	NA	unphased	NA	NA	1
X	5810825	5810826	19	3	NA	NA	NA	NA	NA	NA	NA	unphased	NA	NA	1
X	10180534	10180535	65	14	NA	NA	NA	NA	NA	NA	NA	unphased	NA	NA	1
X	10180643	10180644	37	14	NA	NA	NA	NA	NA	NA	NA	unphased	NA	NA	1
X	11780338	11780339	86	32	NA	NA	NA	NA	NA	NA	NA	unphased	NA	NA	1
X	12736038	12736039	66	17	NA	NA	NA	NA	NA	NA	NA	unphased	NA	NA	1
X	12838884	12838885	50	17	NA	NA	NA	NA	NA	NA	NA	unphased	NA	NA	1
X	12838886	12838887	45	15	NA	NA	NA	NA	NA	NA	NA	unphased	NA	NA	1
X	18662582	18662583	107	44	NA	NA	NA	NA	NA	NA	NA	unphased	NA	NA	1
X	19613083	19613084	162	68	NA	NA	NA	NA	NA	NA	NA	unphased	NA	NA	1
X	21581526	21581527	70	19	NA	NA	NA	NA	NA	NA	NA	unphased	NA	NA	1
X	22051120	22051121	91	15	NA	NA	NA	NA	NA	NA	NA	unphased	NA	NA	1
X	22291391	22291392	131	19	NA	NA	NA	NA	NA	NA	NA	unphased	NA	NA	1
X	22291911	22291912	148	34	NA	NA	NA	NA	NA	NA	NA	unphased	NA	NA	1
X	26213082	26213083	74	31	NA	NA	NA	NA	NA	NA	NA	unphased	NA	NA	1
X	30254523	30254524	55	26	NA	NA	NA	NA	NA	NA	NA	unphased	NA	NA	1
X	30260658	30260659	38	6	NA	NA	NA	NA	NA	NA	NA	unphased	NA	NA	1
X	31089562	31089563	33	18	NA	NA	NA	NA	NA	NA	NA	unphased	NA	NA	1
X	31165593	31165594	20	10	NA	NA	NA	NA	NA	NA	NA	unphased	NA	NA	1
X	32472849	32472850	73	28	NA	NA	NA	NA	NA	NA	NA	unphased	NA	NA	1
X	32536026	32536027	21	4	NA	NA	NA	NA	NA	NA	NA	unphased	NA	NA	1
X	32663110	32663111	103	31	NA	NA	NA	NA	NA	NA	NA	unphased	NA	NA	1
X	32717342	32717343	90	11	NA	NA	NA	NA	NA	NA	NA	unphased	NA	NA	1
X	32862918	32862919	51	20	NA	NA	NA	NA	NA	NA	NA	unphased	NA	NA	1
X	33146342	33146343	10	6	NA	NA	NA	NA	NA	NA	NA	unphased	NA	NA	1
X	34147968	34147969	22	6	NA	NA	NA	NA	NA	NA	NA	unphased	NA	NA	1
X	34148873	34148874	70	21	NA	NA	NA	NA	NA	NA	NA	unphased	NA	NA	1
X	34148986	34148987	67	16	NA	NA	NA	NA	NA	NA	NA	unphased	NA	NA	1
X	34149737	34149738	76	24	NA	NA	NA	NA	NA	NA	NA	unphased	NA	NA	1
X	35966496	35966497	74	10	NA	NA	NA	NA	NA	NA	NA	unphased	NA	NA	1
X	35993993	35993994	129	23	NA	NA	NA	NA	NA	NA	NA	unphased	NA	NA	1
X	37985882	37985883	27	4	NA	NA	NA	NA	NA	NA	NA	unphased	NA	NA	1
X	38150244	38150245	33	10	NA	NA	NA	NA	NA	NA	NA	unphased	NA	NA	1
X	39932051	39932052	40	23	NA	NA	NA	NA	NA	NA	NA	unphased	NA	NA	1
X	39937187	39937188	43	17	NA	NA	NA	NA	NA	NA	NA	unphased	NA	NA	1
X	40457952	40457953	129	21	NA	NA	NA	NA	NA	NA	NA	unphased	NA	NA	1
X	40982962	40982963	24	4	NA	NA	NA	NA	NA	NA	NA	unphased	NA	NA	1
X	41048604	41048605	100	9	NA	NA	NA	NA	NA	NA	NA	unphased	NA	NA	1
X	44703771	44703772	80	6	NA	NA	NA	NA	NA	NA	NA	unphased	NA	NA	1
X	46332449	46332450	13	7	NA	NA	NA	NA	NA	NA	NA	unphased	NA	NA	1
X	47444745	47444746	22	10	NA	NA	NA	NA	NA	NA	NA	unphased	NA	NA	1
X	47705655	47705656	5	6	NA	NA	NA	NA	NA	NA	NA	unphased	NA	NA	1
X	48403383	48403384	49	9	NA	NA	NA	NA	NA	NA	NA	unphased	NA	NA	1
X	48544139	48544140	5	4	NA	NA	NA	NA	NA	NA	NA	unphased	NA	NA	1
X	48650809	48650810	26	14	NA	NA	NA	NA	NA	NA	NA	unphased	NA	NA	1
X	48673261	48673262	37	14	NA	NA	NA	NA	NA	NA	NA	unphased	NA	NA	1
X	48681453	48681454	22	9	NA	NA	NA	NA	NA	NA	NA	unphased	NA	NA	1
X	48759571	48759572	34	4	NA	NA	NA	NA	NA	NA	NA	unphased	NA	NA	1
X	48776089	48776090	22	8	NA	NA	NA	NA	NA	NA	NA	unphased	NA	NA	1
X	48791778	48791779	61	8	NA	NA	NA	NA	NA	NA	NA	unphased	NA	NA	1
X	49067891	49067892	39	8	NA	NA	NA	NA	NA	NA	NA	unphased	NA	NA	1
X	49958928	49958929	51	13	NA	NA	NA	NA	NA	NA	NA	unphased	NA	NA	1
X	49959049	49959050	22	5	NA	NA	NA	NA	NA	NA	NA	unphased	NA	NA	1
X	49959051	49959052	22	4	NA	NA	NA	NA	NA	NA	NA	unphased	NA	NA	1
X	50094615	50094616	25	10	NA	NA	NA	NA	NA	NA	NA	unphased	NA	NA	1
X	50213423	50213424	197	88	NA	NA	NA	NA	NA	NA	NA	unphased	NA	NA	1
X	50345673	50345674	146	23	NA	NA	NA	NA	NA	NA	NA	unphased	NA	NA	1
X	50377755	50377756	53	13	NA	NA	NA	NA	NA	NA	NA	unphased	NA	NA	1
X	51149924	51149925	24	16	NA	NA	NA	NA	NA	NA	NA	unphased	NA	NA	1
X	51150840	51150841	22	7	NA	NA	NA	NA	NA	NA	NA	unphased	NA	NA	1
X	53279569	53279570	33	14	NA	NA	NA	NA	NA	NA	NA	unphased	NA	NA	1
X	54022205	54022206	22	7	NA	NA	NA	NA	NA	NA	NA	unphased	NA	NA	1
X	54278047	54278048	30	12	NA	NA	NA	NA	NA	NA	NA	unphased	NA	NA	1
X	54784278	54784279	95	30	NA	NA	NA	NA	NA	NA	NA	unphased	NA	NA	1
X	54955474	54955475	69	25	NA	NA	NA	NA	NA	NA	NA	unphased	NA	NA	1
X	54956245	54956246	57	27	NA	NA	NA	NA	NA	NA	NA	unphased	NA	NA	1
X	54959880	54959881	27	15	NA	NA	NA	NA	NA	NA	NA	unphased	NA	NA	1
X	55052280	55052281	47	17	NA	NA	NA	NA	NA	NA	NA	unphased	NA	NA	1
X	55172495	55172496	6	3	NA	NA	NA	NA	NA	NA	NA	unphased	NA	NA	1
X	55478744	55478745	9	3	NA	NA	NA	NA	NA	NA	NA	unphased	NA	NA	1
X	55650176	55650177	41	28	NA	NA	NA	NA	NA	NA	NA	unphased	NA	NA	1
X	56591167	56591168	40	16	NA	NA	NA	NA	NA	NA	NA	unphased	NA	NA	1
X	57313306	57313307	18	4	NA	NA	NA	NA	NA	NA	NA	unphased	NA	NA	1
X	57619676	57619677	80	18	NA	NA	NA	NA	NA	NA	NA	unphased	NA	NA	1
X	57620392	57620393	11	4	NA	NA	NA	NA	NA	NA	NA	unphased	NA	NA	1
X	63410432	63410433	36	14	NA	NA	NA	NA	NA	NA	NA	unphased	NA	NA	1
X	65252549	65252550	30	7	NA	NA	NA	NA	NA	NA	NA	unphased	NA	NA	1
X	65476077	65476078	68	29	NA	NA	NA	NA	NA	NA	NA	unphased	NA	NA	1
X	66765152	66765153	16	6	NA	NA	NA	NA	NA	NA	NA	unphased	NA	NA	1
X	66931456	66931457	37	13	NA	NA	NA	NA	NA	NA	NA	unphased	NA	NA	1
X	67937614	67937615	26	8	NA	NA	NA	NA	NA	NA	NA	unphased	NA	NA	1
X	67942355	67942356	35	4	NA	NA	NA	NA	NA	NA	NA	unphased	NA	NA	1
X	68381245	68381246	29	4	NA	NA	NA	NA	NA	NA	NA	unphased	NA	NA	1
X	69454576	69454577	96	14	NA	NA	NA	NA	NA	NA	NA	unphased	NA	NA	1
X	69508327	69508328	33	5	NA	NA	NA	NA	NA	NA	NA	unphased	NA	NA	1
X	69670076	69670077	19	6	NA	NA	NA	NA	NA	NA	NA	unphased	NA	NA	1
X	70444245	70444246	32	3	NA	NA	NA	NA	NA	NA	NA	unphased	NA	NA	1
X	70466535	70466536	38	14	NA	NA	NA	NA	NA	NA	NA	unphased	NA	NA	1
X	71425116	71425117	36	28	NA	NA	NA	NA	NA	NA	NA	unphased	NA	NA	1
X	71426679	71426680	42	22	NA	NA	NA	NA	NA	NA	NA	unphased	NA	NA	1
X	71427217	71427218	88	26	NA	NA	NA	NA	NA	NA	NA	unphased	NA	NA	1
X	71876074	71876075	46	4	NA	NA	NA	NA	NA	NA	NA	unphased	NA	NA	1
X	73064258	73064259	24	9	NA	NA	NA	NA	NA	NA	NA	unphased	NA	NA	1
X	73960406	73960407	82	12	NA	NA	NA	NA	NA	NA	NA	unphased	NA	NA	1
X	75648730	75648731	33	23	NA	NA	NA	NA	NA	NA	NA	unphased	NA	NA	1
X	75650803	75650804	28	11	NA	NA	NA	NA	NA	NA	NA	unphased	NA	NA	1
X	77225018	77225019	129	46	NA	NA	NA	NA	NA	NA	NA	unphased	NA	NA	1
X	77380425	77380426	52	18	NA	NA	NA	NA	NA	NA	NA	unphased	NA	NA	1
X	78010468	78010469	108	43	NA	NA	NA	NA	NA	NA	NA	unphased	NA	NA	1
X	78010873	78010874	67	10	NA	NA	NA	NA	NA	NA	NA	unphased	NA	NA	1
X	78011308	78011309	71	15	NA	NA	NA	NA	NA	NA	NA	unphased	NA	NA	1
X	78216113	78216114	39	27	NA	NA	NA	NA	NA	NA	NA	unphased	NA	NA	1
X	80001195	80001196	34	4	NA	NA	NA	NA	NA	NA	NA	unphased	NA	NA	1
X	82764186	82764187	29	8	NA	NA	NA	NA	NA	NA	NA	unphased	NA	NA	1
X	82764363	82764364	16	4	NA	NA	NA	NA	NA	NA	NA	unphased	NA	NA	1
X	85211383	85211384	12	10	NA	NA	NA	NA	NA	NA	NA	unphased	NA	NA	1
X	86877395	86877396	90	31	NA	NA	NA	NA	NA	NA	NA	unphased	NA	NA	1
X	89177430	89177431	78	25	NA	NA	NA	NA	NA	NA	NA	unphased	NA	NA	1
X	91132513	91132514	84	36	NA	NA	NA	NA	NA	NA	NA	unphased	NA	NA	1
X	91132724	91132725	45	16	NA	NA	NA	NA	NA	NA	NA	unphased	NA	NA	1
X	96136612	96136613	24	10	NA	NA	NA	NA	NA	NA	NA	unphased	NA	NA	1
X	96139897	96139898	81	5	NA	NA	NA	NA	NA	NA	NA	unphased	NA	NA	1
X	96139915	96139916	80	11	NA	NA	NA	NA	NA	NA	NA	unphased	NA	NA	1
X	99891729	99891730	10	4	NA	NA	NA	NA	NA	NA	NA	unphased	NA	NA	1
X	99942063	99942064	56	8	NA	NA	NA	NA	NA	NA	NA	unphased	NA	NA	1
X	100276276	100276277	81	23	NA	NA	NA	NA	NA	NA	NA	unphased	NA	NA	1
X	100486747	100486748	96	16	NA	NA	NA	NA	NA	NA	NA	unphased	NA	NA	1
X	100542641	100542642	10	10	NA	NA	NA	NA	NA	NA	NA	unphased	NA	NA	1
X	100611090	100611091	99	48	NA	NA	NA	NA	NA	NA	NA	unphased	NA	NA	1
X	100646469	100646470	171	29	NA	NA	NA	NA	NA	NA	NA	unphased	NA	NA	1
X	102004177	102004178	36	5	NA	NA	NA	NA	NA	NA	NA	unphased	NA	NA	1
X	102337279	102337280	102	34	NA	NA	NA	NA	NA	NA	NA	unphased	NA	NA	1
X	103430771	103430772	117	27	NA	NA	NA	NA	NA	NA	NA	unphased	NA	NA	1
X	104961401	104961402	84	40	NA	NA	NA	NA	NA	NA	NA	unphased	NA	NA	1
X	107224235	107224236	69	9	NA	NA	NA	NA	NA	NA	NA	unphased	NA	NA	1
X	107224774	107224775	95	11	NA	NA	NA	NA	NA	NA	NA	unphased	NA	NA	1
X	107422032	107422033	73	23	NA	NA	NA	NA	NA	NA	NA	unphased	NA	NA	1
X	107447614	107447615	40	9	NA	NA	NA	NA	NA	NA	NA	unphased	NA	NA	1
X	107977555	107977556	244	91	NA	NA	NA	NA	NA	NA	NA	unphased	NA	NA	1
X	108636194	108636195	168	57	NA	NA	NA	NA	NA	NA	NA	unphased	NA	NA	1
X	108647643	108647644	90	34	NA	NA	NA	NA	NA	NA	NA	unphased	NA	NA	1
X	108647644	108647645	91	34	NA	NA	NA	NA	NA	NA	NA	unphased	NA	NA	1
X	108691311	108691312	46	22	NA	NA	NA	NA	NA	NA	NA	unphased	NA	NA	1
X	109694404	109694405	110	31	NA	NA	NA	NA	NA	NA	NA	unphased	NA	NA	1
X	111002978	111002979	15	4	NA	NA	NA	NA	NA	NA	NA	unphased	NA	NA	1
X	112058626	112058627	248	45	NA	NA	NA	NA	NA	NA	NA	unphased	NA	NA	1
X	117043889	117043890	103	50	NA	NA	NA	NA	NA	NA	NA	unphased	NA	NA	1
X	117680080	117680081	53	20	NA	NA	NA	NA	NA	NA	NA	unphased	NA	NA	1
X	118220905	118220906	100	30	NA	NA	NA	NA	NA	NA	NA	unphased	NA	NA	1
X	118694233	118694234	106	12	NA	NA	NA	NA	NA	NA	NA	unphased	NA	NA	1
X	118708887	118708888	68	5	NA	NA	NA	NA	NA	NA	NA	unphased	NA	NA	1
X	118759300	118759301	48	26	NA	NA	NA	NA	NA	NA	NA	unphased	NA	NA	1
X	119037527	119037528	48	14	NA	NA	NA	NA	NA	NA	NA	unphased	NA	NA	1
X	119746121	119746122	122	41	NA	NA	NA	NA	NA	NA	NA	unphased	NA	NA	1
X	120008924	120008925	86	27	NA	NA	NA	NA	NA	NA	NA	unphased	NA	NA	1
X	122772793	122772794	111	37	NA	NA	NA	NA	NA	NA	NA	unphased	NA	NA	1
X	122774470	122774471	55	16	NA	NA	NA	NA	NA	NA	NA	unphased	NA	NA	1
X	123657460	123657461	26	19	NA	NA	NA	NA	NA	NA	NA	unphased	NA	NA	1
X	125298688	125298689	107	18	NA	NA	NA	NA	NA	NA	NA	unphased	NA	NA	1
X	125299497	125299498	63	27	NA	NA	NA	NA	NA	NA	NA	unphased	NA	NA	1
X	125685870	125685871	38	17	NA	NA	NA	NA	NA	NA	NA	unphased	NA	NA	1
X	125686323	125686324	57	25	NA	NA	NA	NA	NA	NA	NA	unphased	NA	NA	1
X	127186092	127186093	76	29	NA	NA	NA	NA	NA	NA	NA	unphased	NA	NA	1
X	127186188	127186189	71	19	NA	NA	NA	NA	NA	NA	NA	unphased	NA	NA	1
X	128642030	128642031	70	10	NA	NA	NA	NA	NA	NA	NA	unphased	NA	NA	1
X	129148927	129148928	57	27	NA	NA	NA	NA	NA	NA	NA	unphased	NA	NA	1
X	129149179	129149180	70	36	NA	NA	NA	NA	NA	NA	NA	unphased	NA	NA	1
X	129201015	129201016	73	32	NA	NA	NA	NA	NA	NA	NA	unphased	NA	NA	1
X	129201351	129201352	76	8	NA	NA	NA	NA	NA	NA	NA	unphased	NA	NA	1
X	130411848	130411849	70	7	NA	NA	NA	NA	NA	NA	NA	unphased	NA	NA	1
X	130411942	130411943	69	25	NA	NA	NA	NA	NA	NA	NA	unphased	NA	NA	1
X	131214238	131214239	48	9	NA	NA	NA	NA	NA	NA	NA	unphased	NA	NA	1
X	134421417	134421418	125	28	NA	NA	NA	NA	NA	NA	NA	unphased	NA	NA	1
X	134987418	134987419	53	34	NA	NA	NA	NA	NA	NA	NA	unphased	NA	NA	1
X	134987531	134987532	74	20	NA	NA	NA	NA	NA	NA	NA	unphased	NA	NA	1
X	135761731	135761732	135	33	NA	NA	NA	NA	NA	NA	NA	unphased	NA	NA	1
X	135770131	135770132	79	25	NA	NA	NA	NA	NA	NA	NA	unphased	NA	NA	1
X	137821447	137821448	26	16	NA	NA	NA	NA	NA	NA	NA	unphased	NA	NA	1
X	140994603	140994604	181	69	NA	NA	NA	NA	NA	NA	NA	unphased	NA	NA	1
X	140996221	140996222	123	40	NA	NA	NA	NA	NA	NA	NA	unphased	NA	NA	1
X	140996684	140996685	18	11	NA	NA	NA	NA	NA	NA	NA	unphased	NA	NA	1
X	142716359	142716360	20	3	NA	NA	NA	NA	NA	NA	NA	unphased	NA	NA	1
X	142716563	142716564	92	19	NA	NA	NA	NA	NA	NA	NA	unphased	NA	NA	1
X	144337501	144337502	45	9	NA	NA	NA	NA	NA	NA	NA	unphased	NA	NA	1
X	144904119	144904120	52	24	NA	NA	NA	NA	NA	NA	NA	unphased	NA	NA	1
X	146271270	146271271	26	5	NA	NA	NA	NA	NA	NA	NA	unphased	NA	NA	1
X	147743954	147743955	191	29	NA	NA	NA	NA	NA	NA	NA	unphased	NA	NA	1
X	148038033	148038034	58	11	NA	NA	NA	NA	NA	NA	NA	unphased	NA	NA	1
X	148062319	148062320	96	46	NA	NA	NA	NA	NA	NA	NA	unphased	NA	NA	1
X	148797629	148797630	46	15	NA	NA	NA	NA	NA	NA	NA	unphased	NA	NA	1
X	149639038	149639039	131	32	NA	NA	NA	NA	NA	NA	NA	unphased	NA	NA	1
X	151130893	151130894	38	14	NA	NA	NA	NA	NA	NA	NA	unphased	NA	NA	1
X	151424370	151424371	115	38	NA	NA	NA	NA	NA	NA	NA	unphased	NA	NA	1
X	151896257	151896258	74	31	NA	NA	NA	NA	NA	NA	NA	unphased	NA	NA	1
X	152483040	152483041	62	25	NA	NA	NA	NA	NA	NA	NA	unphased	NA	NA	1
X	152612642	152612643	30	22	NA	NA	NA	NA	NA	NA	NA	unphased	NA	NA	1
X	153037029	153037030	20	4	NA	NA	NA	NA	NA	NA	NA	unphased	NA	NA	1
X	153037067	153037068	12	9	NA	NA	NA	NA	NA	NA	NA	unphased	NA	NA	1
X	153247457	153247458	31	3	NA	NA	NA	NA	NA	NA	NA	unphased	NA	NA	1
X	153284913	153284914	36	13	NA	NA	NA	NA	NA	NA	NA	unphased	NA	NA	1
X	153558152	153558153	14	8	NA	NA	NA	NA	NA	NA	NA	unphased	NA	NA	1
X	153588599	153588600	51	22	NA	NA	NA	NA	NA	NA	NA	unphased	NA	NA	1
X	153640488	153640489	16	5	NA	NA	NA	NA	NA	NA	NA	unphased	NA	NA	1
X	153649073	153649074	43	15	NA	NA	NA	NA	NA	NA	NA	unphased	NA	NA	1
X	153657423	153657424	37	32	NA	NA	NA	NA	NA	NA	NA	unphased	NA	NA	1
X	153691824	153691825	40	15	NA	NA	NA	NA	NA	NA	NA	unphased	NA	NA	1
X	153762365	153762366	50	5	NA	NA	NA	NA	NA	NA	NA	unphased	NA	NA	1
X	153764175	153764176	26	7	NA	NA	NA	NA	NA	NA	NA	unphased	NA	NA	1
X	154290049	154290050	26	13	NA	NA	NA	NA	NA	NA	NA	unphased	NA	NA	1
