chr	start	end	WT.count	mut.count	subclonal.CN	nMaj1	nMin1	frac1	nMaj2	nMin2	frac2	phase	mutation.copy.number	subclonal.fraction	no.chrs.bearing.mut
1	1273367	1273368	7	3	NA	NA	NA	NA	NA	NA	NA	unphased	NA	NA	1
1	1391223	1391224	45	16	NA	NA	NA	NA	NA	NA	NA	unphased	NA	NA	1
1	6133812	6133813	106	27	2	1	1	1	NA	NA	NA	unphased	0.766066108667896	0.766066108667896	1
1	6155591	6155592	52	19	2	1	1	1	NA	NA	NA	unphased	1.00983258038799	1.00983258038799	1
1	6526177	6526178	6	3	2	1	1	1	NA	NA	NA	unphased	1.25786163522013	1.25786163522013	1
1	6586793	6586794	105	43	2	1	1	1	NA	NA	NA	unphased	1.09637939826619	1.09637939826619	1
1	7887205	7887206	25	6	2	1	1	1	NA	NA	NA	unphased	0.730371272063299	0.730371272063299	1
1	8073376	8073377	94	29	2	1	1	1	NA	NA	NA	unphased	0.88970701027765	0.88970701027765	1
1	8384420	8384421	74	28	2	1	1	1	NA	NA	NA	unphased	1.03588605253422	1.03588605253422	1
1	11721302	11721303	67	28	2	1	1	1	NA	NA	NA	unphased	1.11221449851043	1.11221449851043	1
1	11983153	11983154	49	15	2	1	1	1	NA	NA	NA	unphased	0.884433962264151	0.884433962264151	1
1	12854132	12854133	360	79	2	1	1	1	NA	NA	NA	unphased	0.679073365711093	0.679073365711093	1
1	12979865	12979866	86	12	2	1	1	1	NA	NA	NA	unphased	0.462071621101271	0.462071621101271	1
1	16353884	16353885	107	47	2	1	1	1	NA	NA	NA	unphased	1.15167851016908	1.15167851016908	1
1	17266409	17266410	64	7	2	1	1	1	NA	NA	NA	unphased	0.372043582248206	0.372043582248206	1
1	17296396	17296397	37	11	2	1	1	1	NA	NA	NA	unphased	0.864779874213836	0.864779874213836	1
1	17739592	17739593	39	16	2	1	1	1	NA	NA	NA	unphased	1.09777015437393	1.09777015437393	1
1	19199188	19199189	5	5	2	1	1	1	NA	NA	NA	unphased	1.88679245283019	1.88679245283019	1
1	21042055	21042056	67	25	2	1	1	1	NA	NA	NA	unphased	1.02543068088597	1.02543068088597	1
1	21144031	21144032	56	18	2	1	1	1	NA	NA	NA	unphased	0.917899031106578	0.917899031106578	1
1	22307650	22307651	110	35	2	1	1	1	NA	NA	NA	unphased	0.910865322055953	0.910865322055953	1
1	22921765	22921766	39	7	2	1	1	1	NA	NA	NA	unphased	0.574241181296144	0.574241181296144	1
1	23420349	23420350	85	29	2	1	1	1	NA	NA	NA	unphased	0.959947037404833	0.959947037404833	1
1	23637163	23637164	142	34	2	1	1	1	NA	NA	NA	unphased	0.728987993138936	0.728987993138936	1
1	26142207	26142208	105	43	2	1	1	1	NA	NA	NA	unphased	1.09637939826619	1.09637939826619	1
1	26189346	26189347	56	29	2	1	1	1	NA	NA	NA	unphased	1.28745837957825	1.28745837957825	1
1	26349776	26349777	24	8	2	1	1	1	NA	NA	NA	unphased	0.943396226415094	0.943396226415094	1
1	27434309	27434310	8	7	2	1	1	1	NA	NA	NA	unphased	1.76100628930818	1.76100628930818	1
1	27700902	27700903	65	15	2	1	1	1	NA	NA	NA	unphased	0.707547169811321	0.707547169811321	1
1	32196881	32196882	16	7	2	1	1	1	NA	NA	NA	unphased	1.14848236259229	1.14848236259229	1
1	32259484	32259485	183	47	2	1	1	1	NA	NA	NA	unphased	0.771123872026251	0.771123872026251	1
1	34006157	34006158	106	34	2	1	1	1	NA	NA	NA	unphased	0.91644204851752	0.91644204851752	1
1	36298080	36298081	62	25	2	1	1	1	NA	NA	NA	unphased	1.08436347863804	1.08436347863804	1
1	36939204	36939205	28	16	2	1	1	1	NA	NA	NA	unphased	1.37221269296741	1.37221269296741	1
1	36941174	36941175	48	17	2	1	1	1	NA	NA	NA	unphased	0.986937590711176	0.986937590711176	1
1	38005789	38005790	131	51	2	1	1	1	NA	NA	NA	unphased	1.05743313290483	1.05743313290483	1
1	39916831	39916832	59	17	2	1	1	1	NA	NA	NA	unphased	0.844091360476663	0.844091360476663	1
1	40432550	40432551	101	38	2	1	1	1	NA	NA	NA	unphased	1.03162752816615	1.03162752816615	1
1	40701551	40701552	79	35	2	1	1	1	NA	NA	NA	unphased	1.15855676928169	1.15855676928169	1
1	40981203	40981204	44	11	2	1	1	1	NA	NA	NA	unphased	0.754716981132076	0.754716981132076	1
1	40981277	40981278	68	14	2	1	1	1	NA	NA	NA	unphased	0.644270593649333	0.644270593649333	1
1	43632542	43632543	83	31	2	1	1	1	NA	NA	NA	unphased	1.02615028136379	1.02615028136379	1
1	43805700	43805701	62	20	2	1	1	1	NA	NA	NA	unphased	0.92038656235619	0.92038656235619	1
1	44085827	44085828	94	42	2	1	1	1	NA	NA	NA	unphased	1.165371809101	1.165371809101	1
1	45232788	45232789	126	31	2	1	1	1	NA	NA	NA	unphased	0.745102752073068	0.745102752073068	1
1	52956402	52956403	55	18	2	1	1	1	NA	NA	NA	unphased	0.930472990436805	0.930472990436805	1
1	54395742	54395743	105	50	2	1	1	1	NA	NA	NA	unphased	1.21728545343883	1.21728545343883	1
1	57340724	57340725	16	14	2	1	1	1	NA	NA	NA	unphased	1.76100628930818	1.76100628930818	1
1	57602254	57602255	59	14	2	1	1	1	NA	NA	NA	unphased	0.723701214784182	0.723701214784182	1
1	60073510	60073511	101	29	2	1	1	1	NA	NA	NA	unphased	0.841799709724238	0.841799709724238	1
1	62593658	62593659	62	21	2	1	1	1	NA	NA	NA	unphased	0.954762446010457	0.954762446010457	1
1	62718788	62718789	98	30	2	1	1	1	NA	NA	NA	unphased	0.884433962264151	0.884433962264151	1
1	62734157	62734158	45	14	2	1	1	1	NA	NA	NA	unphased	0.895426926766869	0.895426926766869	1
1	64606045	64606046	84	20	2	1	1	1	NA	NA	NA	unphased	0.725689404934688	0.725689404934688	1
1	65243600	65243601	189	56	2	1	1	1	NA	NA	NA	unphased	0.862533692722372	0.862533692722372	1
1	65849882	65849883	149	39	2	1	1	1	NA	NA	NA	unphased	0.782818145323163	0.782818145323163	1
1	68947131	68947132	44	11	2	1	1	1	NA	NA	NA	unphased	0.754716981132076	0.754716981132076	1
1	70385428	70385429	16	9	2	1	1	1	NA	NA	NA	unphased	1.35849056603774	1.35849056603774	1
1	70541816	70541817	62	19	2	1	1	1	NA	NA	NA	unphased	0.8851618914512	0.8851618914512	1
1	75036789	75036790	93	29	2	1	1	1	NA	NA	NA	unphased	0.896999690689762	0.896999690689762	1
1	75036890	75036891	147	52	2	1	1	1	NA	NA	NA	unphased	0.986062387408742	0.986062387408742	1
1	75672192	75672193	23	8	2	1	1	1	NA	NA	NA	unphased	0.973828362751065	0.973828362751065	1
1	75684268	75684269	110	41	2	1	1	1	NA	NA	NA	unphased	1.02461576908659	1.02461576908659	1
1	77759492	77759493	70	22	2	1	1	1	NA	NA	NA	unphased	0.902378999179655	0.902378999179655	1
1	79383370	79383371	44	9	2	1	1	1	NA	NA	NA	unphased	0.640797436810253	0.640797436810253	1
1	84867635	84867636	10	4	2	1	1	1	NA	NA	NA	unphased	1.07816711590296	1.07816711590296	1
1	86919104	86919105	75	14	2	1	1	1	NA	NA	NA	unphased	0.593597625609497	0.593597625609497	1
1	89279242	89279243	81	24	2	1	1	1	NA	NA	NA	unphased	0.862533692722372	0.862533692722372	1
1	90049958	90049959	36	14	2	1	1	1	NA	NA	NA	unphased	1.05660377358491	1.05660377358491	1
1	92441950	92441951	72	20	2	1	1	1	NA	NA	NA	unphased	0.820344544708778	0.820344544708778	1
1	94018054	94018055	67	27	2	1	1	1	NA	NA	NA	unphased	1.08390204737053	1.08390204737053	1
1	94502904	94502905	70	27	2	1	1	1	NA	NA	NA	unphased	1.05037930363742	1.05037930363742	1
1	95709925	95709926	92	25	2	1	1	1	NA	NA	NA	unphased	0.806321561038542	0.806321561038542	1
1	100950119	100950120	27	8	2	1	1	1	NA	NA	NA	unphased	0.862533692722372	0.862533692722372	1
1	101190440	101190441	34	15	2	1	1	1	NA	NA	NA	unphased	1.15517905275318	1.15517905275318	1
1	103347303	103347304	56	12	2	1	1	1	NA	NA	NA	unphased	0.665926748057714	0.665926748057714	1
1	103381203	103381204	118	39	2	1	1	1	NA	NA	NA	unphased	0.937387333253215	0.937387333253215	1
1	103428315	103428316	64	21	2	1	1	1	NA	NA	NA	unphased	0.932297447280799	0.932297447280799	1
1	103444656	103444657	61	16	2	1	1	1	NA	NA	NA	unphased	0.78412153883852	0.78412153883852	1
1	103444980	103444981	61	16	2	1	1	1	NA	NA	NA	unphased	0.78412153883852	0.78412153883852	1
1	109824325	109824326	137	6	2	1	1	1	NA	NA	NA	unphased	0.158332233803932	0.158332233803932	1
1	109856651	109856652	55	7	2	1	1	1	NA	NA	NA	unphased	0.426049908703591	0.426049908703591	1
1	110087014	110087015	22	7	2	1	1	1	NA	NA	NA	unphased	0.910865322055953	0.910865322055953	1
1	110255679	110255680	22	7	2	1	1	1	NA	NA	NA	unphased	0.910865322055953	0.910865322055953	1
1	111147091	111147092	47	21	2	1	1	1	NA	NA	NA	unphased	1.165371809101	1.165371809101	1
1	111441876	111441877	18	3	2	1	1	1	NA	NA	NA	unphased	0.539083557951482	0.539083557951482	1
1	113197266	113197267	171	55	2	1	1	1	NA	NA	NA	unphased	0.918350308899649	0.918350308899649	1
1	115220051	115220052	94	27	2	1	1	1	NA	NA	NA	unphased	0.842039607048183	0.842039607048183	1
1	118623764	118623765	141	50	2	1	1	1	NA	NA	NA	unphased	0.987849451743554	0.987849451743554	1
1	119427625	119427626	30	11	2	1	1	1	NA	NA	NA	unphased	1.01242521859181	1.01242521859181	1
1	119965137	119965138	47	16	2	1	1	1	NA	NA	NA	unphased	0.958370769691524	0.958370769691524	1
1	143767486	143767487	564	80	NA	NA	NA	NA	NA	NA	NA	unphased	NA	NA	1
1	144871796	144871797	180	89	NA	NA	NA	NA	NA	NA	NA	unphased	NA	NA	1
1	145281563	145281564	302	30	NA	NA	NA	NA	NA	NA	NA	unphased	NA	NA	1
1	149871788	149871789	52	18	NA	NA	NA	NA	NA	NA	NA	unphased	NA	NA	1
1	149915642	149915643	26	17	4	2	2	1	NA	NA	NA	unphased	2.28258007898201	1.141290039491	2
1	149943092	149943093	81	58	4	2	2	1	NA	NA	NA	unphased	2.40912175919642	1.20456087959821	2
1	150325548	150325549	28	18	4	2	2	1	NA	NA	NA	unphased	2.25922887612797	1.12961443806399	2
1	150958879	150958880	47	24	4	2	2	1	NA	NA	NA	unphased	1.95163433430773	0.975817167153867	2
1	151070369	151070370	116	57	4	2	2	1	NA	NA	NA	unphased	1.90227941978405	0.951139709892027	2
1	152057893	152057894	272	122	4	2	2	1	NA	NA	NA	unphased	1.78775979312326	0.893879896561632	2
1	152058211	152058212	195	107	4	2	2	1	NA	NA	NA	unphased	2.04560789703861	1.02280394851931	2
1	152083672	152083673	78	46	4	2	2	1	NA	NA	NA	unphased	2.14181375532562	1.07090687766281	2
1	152193145	152193146	91	60	4	2	2	1	NA	NA	NA	unphased	2.29413969761339	1.1470698488067	2
1	152286977	152286978	226	72	4	2	2	1	NA	NA	NA	unphased	1.39496011143472	0.697480055717361	2
1	152382452	152382453	242	116	4	2	2	1	NA	NA	NA	unphased	1.87077052809107	0.935385264045536	2
1	152732349	152732350	264	147	4	2	2	1	NA	NA	NA	unphased	2.06500482027269	1.03250241013634	2
1	153303197	153303198	69	32	4	2	2	1	NA	NA	NA	unphased	1.82925462357556	0.914627311787782	2
1	153391799	153391800	50	36	4	2	2	1	NA	NA	NA	unphased	2.41684949539272	1.20842474769636	2
1	153791378	153791379	106	62	4	2	2	1	NA	NA	NA	unphased	2.13072776280323	1.06536388140162	2
1	154574228	154574229	155	58	4	2	2	1	NA	NA	NA	unphased	1.57214988041456	0.786074940207281	2
1	154904861	154904862	55	29	4	2	2	1	NA	NA	NA	unphased	1.99326145552561	0.996630727762803	2
1	155642414	155642415	63	37	4	2	2	1	NA	NA	NA	unphased	2.13622641509434	1.06811320754717	2
1	156288775	156288776	68	29	4	2	2	1	NA	NA	NA	unphased	1.72612332231083	0.863061661155417	2
1	156553227	156553228	14	6	4	2	2	1	NA	NA	NA	unphased	1.73207547169811	1.73207547169811	1
1	156642010	156642011	72	32	4	2	2	1	NA	NA	NA	unphased	1.77648766328012	0.888243831640058	2
1	156823970	156823971	57	26	4	2	2	1	NA	NA	NA	unphased	1.80859286201409	0.904296431007047	2
1	156907134	156907135	70	36	4	2	2	1	NA	NA	NA	unphased	1.96084015663937	0.980420078319687	2
1	156928543	156928544	37	23	4	2	2	1	NA	NA	NA	unphased	2.21320754716981	1.10660377358491	2
1	158262529	158262530	107	44	4	2	2	1	NA	NA	NA	unphased	1.68236911158316	0.841184555791578	2
1	158725182	158725183	73	28	4	2	2	1	NA	NA	NA	unphased	1.60059779562862	0.80029889781431	2
1	158817655	158817656	116	58	4	2	2	1	NA	NA	NA	unphased	1.92452830188679	0.962264150943396	2
1	159176114	159176115	403	177	4	2	2	1	NA	NA	NA	unphased	1.7619388418998	0.880969420949902	2
1	159684304	159684305	61	30	4	2	2	1	NA	NA	NA	unphased	1.9033796392287	0.951689819614348	2
1	160519719	160519720	65	26	4	2	2	1	NA	NA	NA	unphased	1.64959568733154	0.824797843665768	2
1	161130855	161130856	63	52	4	2	2	1	NA	NA	NA	unphased	2.61066447908121	1.30533223954061	2
1	161143465	161143466	154	60	4	2	2	1	NA	NA	NA	unphased	1.61876212308235	0.809381061541174	2
1	161161321	161161322	164	30	4	2	2	1	NA	NA	NA	unphased	0.892822408091811	0.892822408091811	1
1	161561179	161561180	84	24	4	2	2	1	NA	NA	NA	unphased	1.28301886792453	1.28301886792453	1
1	161561180	161561181	84	25	4	2	2	1	NA	NA	NA	unphased	1.32421672148174	1.32421672148174	1
1	161680595	161680596	68	27	4	2	2	1	NA	NA	NA	unphased	1.64091360476663	0.820456802383317	2
1	167793990	167793991	229	91	4	2	2	1	NA	NA	NA	unphased	1.64186320754717	0.820931603773585	2
1	168012379	168012380	22	14	4	2	2	1	NA	NA	NA	unphased	2.24528301886792	1.12264150943396	2
1	169511511	169511512	151	74	4	2	2	1	NA	NA	NA	unphased	1.8988679245283	0.949433962264151	2
1	170695456	170695457	76	41	4	2	2	1	NA	NA	NA	unphased	2.02322206095791	1.01161103047895	2
1	171086460	171086461	84	66	4	2	2	1	NA	NA	NA	unphased	2.54037735849057	1.27018867924528	2
1	171810834	171810835	6	6	4	2	2	1	NA	NA	NA	unphased	2.88679245283019	1.44339622641509	2
1	173010460	173010461	44	21	2.32	2	2	0.16	1	1	0.84	unphased	1.32254281567489	1.32254281567489	1
1	173545878	173545879	55	17	2.32	2	2	0.16	1	1	0.84	unphased	0.966540880503145	0.966540880503145	1
1	175355324	175355325	56	35	2.32	2	2	0.16	1	1	0.84	unphased	1.5744557329463	1.35728942495371	1.16
1	178414796	178414797	84	39	2.32	2	2	0.16	1	1	0.84	unphased	1.29796594569719	1.11893616008379	1.16
1	179599949	179599950	104	51	2.32	2	2	0.16	1	1	0.84	unphased	1.34692148508825	1.16113921128298	1.16
1	179983074	179983075	85	59	2.32	2	2	0.16	1	1	0.84	unphased	1.67723270440252	1.44589026241596	1.16
1	180047714	180047715	37	12	2.32	2	2	0.16	1	1	0.84	unphased	1.00251058914132	1.00251058914132	1
1	180886162	180886163	67	34	2.32	2	2	0.16	1	1	0.84	unphased	1.37803848309359	1.18796420956344	1.16
1	186157124	186157125	122	36	2.32	2	2	0.16	1	1	0.84	unphased	0.932715548125149	0.932715548125149	1
1	186276373	186276374	131	54	2.32	2	2	0.16	1	1	0.84	unphased	1.1948842427333	1.1948842427333	1
1	186312593	186312594	89	49	2.32	2	2	0.16	1	1	0.84	unphased	1.4535192780968	1.25303386042828	1.16
1	186925313	186925314	50	38	2.32	2	2	0.16	1	1	0.84	unphased	1.76768439108062	1.52386585437984	1.16
1	190129812	190129813	129	63	2.32	2	2	0.16	1	1	0.84	unphased	1.34320754716981	1.15793754066363	1.16
1	197160933	197160934	59	32	2.32	2	2	0.16	1	1	0.84	unphased	1.43950238440804	1.24095033138625	1.16
1	197403946	197403947	130	52	2.32	2	2	0.16	1	1	0.84	unphased	1.16959568733154	1.16959568733154	1
1	200842987	200842988	21	21	2.32	2	2	0.16	1	1	0.84	unphased	2.04679245283019	1.76447625243982	1.16
1	200946403	200946404	146	74	2.32	2	2	0.16	1	1	0.84	unphased	1.37693310463122	1.18701129709588	1.16
1	202573742	202573743	37	16	2.32	2	2	0.16	1	1	0.84	unphased	1.23579921680313	1.23579921680313	1
1	203037725	203037726	9	9	2.32	2	2	0.16	1	1	0.84	unphased	2.04679245283019	1.76447625243982	1.16
1	203186085	203186086	155	64	2.32	2	2	0.16	1	1	0.84	unphased	1.19629878521582	1.19629878521582	1
1	204943340	204943341	43	18	2.32	2	2	0.16	1	1	0.84	unphased	1.20794308691618	1.20794308691618	1
1	205033819	205033820	198	32	2.32	2	2	0.16	1	1	0.84	unphased	0.569542247744052	0.569542247744052	1
1	207753696	207753697	178	92	2.32	2	2	0.16	1	1	0.84	unphased	1.39485115303983	1.20245789055158	1.16
1	209799240	209799241	19	16	2.32	2	2	0.16	1	1	0.84	unphased	1.87135309973046	1.61323543080212	1.16
1	209933635	209933636	39	20	2.32	2	2	0.16	1	1	0.84	unphased	1.38765590022386	1.38765590022386	1
1	209965772	209965773	45	21	2.32	2	2	0.16	1	1	0.84	unphased	1.30250428816467	1.30250428816467	1
1	210334353	210334354	112	53	2.32	2	2	0.16	1	1	0.84	unphased	1.31490909090909	1.13354231974922	1.16
1	210948805	210948806	98	47	2.32	2	2	0.16	1	1	0.84	unphased	1.32688614183474	1.14386736365064	1.16
1	211840303	211840304	5	4	2.32	2	2	0.16	1	1	0.84	unphased	1.81937106918239	1.81937106918239	1
1	212799153	212799154	39	18	2.32	2	2	0.16	1	1	0.84	unphased	1.29271102284012	1.29271102284012	1
1	214556842	214556843	72	47	2.32	2	2	0.16	1	1	0.84	unphased	1.61679403837006	1.39378796411213	1.16
1	215844503	215844504	178	78	2.32	2	2	0.16	1	1	0.84	unphased	1.2472641509434	1.07522771633051	1.16
1	215844504	215844505	177	80	2.32	2	2	0.16	1	1	0.84	unphased	1.27426767491374	1.09850661630495	1.16
1	215847646	215847647	166	72	2.32	2	2	0.16	1	1	0.84	unphased	1.23839543364516	1.06758227038376	1.16
1	215847894	215847895	114	43	2.32	2	2	0.16	1	1	0.84	unphased	1.1211729359452	1.1211729359452	1
1	215848718	215848719	119	57	2.32	2	2	0.16	1	1	0.84	unphased	1.32576329331046	1.14289939078488	1.16
1	215953203	215953204	96	51	2.32	2	2	0.16	1	1	0.84	unphased	1.42022333461687	1.22433046087661	1.16
1	216144084	216144085	155	48	2.32	2	2	0.16	1	1	0.84	unphased	0.967941258481271	0.967941258481271	1
1	216737692	216737693	128	31	2.32	2	2	0.16	1	1	0.84	unphased	0.79812032751869	0.79812032751869	1
1	220440881	220440882	61	20	2.32	2	2	0.16	1	1	0.84	unphased	1.01076170510133	1.01076170510133	1
1	221053251	221053252	14	7	2.32	2	2	0.16	1	1	0.84	unphased	1.36452830188679	1.36452830188679	1
1	223168309	223168310	193	85	2.32	2	2	0.16	1	1	0.84	unphased	1.251635672594	1.07899626947759	1.16
1	223176709	223176710	105	68	2.32	2	2	0.16	1	1	0.84	unphased	1.60903915366997	1.38710271868101	1.16
1	223285331	223285332	148	71	2.32	2	2	0.16	1	1	0.84	unphased	1.3271439648488	1.14408962486965	1.16
1	226173191	226173192	116	44	2.32	2	2	0.16	1	1	0.84	unphased	1.1257358490566	1.1257358490566	1
1	226175616	226175617	114	58	2.32	2	2	0.16	1	1	0.84	unphased	1.38039491004827	1.18999561211057	1.16
1	226555962	226555963	92	63	2.32	2	2	0.16	1	1	0.84	unphased	1.66384418746196	1.43434843746721	1.16
1	229568342	229568343	60	42	2.32	2	2	0.16	1	1	0.84	unphased	1.68559378468368	1.45309809024456	1.16
1	229770870	229770871	65	40	2.32	2	2	0.16	1	1	0.84	unphased	1.55946091644205	1.34436285900177	1.16
1	231829611	231829612	78	38	2.32	2	2	0.16	1	1	0.84	unphased	1.34100195185426	1.1560361653916	1.16
1	236590722	236590723	81	19	2.32	2	2	0.16	1	1	0.84	unphased	0.777781132075472	0.777781132075472	1
1	236767424	236767425	68	43	2.32	2	2	0.16	1	1	0.84	unphased	1.58580316165222	1.3670716910795	1.16
1	237580370	237580371	49	16	2.32	2	2	0.16	1	1	0.84	unphased	1.00765166908563	1.00765166908563	1
1	237729916	237729917	71	38	2.32	2	2	0.16	1	1	0.84	unphased	1.42712134325775	1.23027702004978	1.16
1	237758947	237758948	39	19	2.32	2	2	0.16	1	1	0.84	unphased	1.34100195185426	1.34100195185426	1
1	237813348	237813349	182	87	2.32	2	2	0.16	1	1	0.84	unphased	1.32394753454443	1.14133408150382	1.16
1	237837495	237837496	38	24	2.32	2	2	0.16	1	1	0.84	unphased	1.58461351186853	1.36604613092115	1.16
1	237947641	237947642	75	36	2.32	2	2	0.16	1	1	0.84	unphased	1.32764915859255	1.14452513671772	1.16
1	237972323	237972324	230	118	2.32	2	2	0.16	1	1	0.84	unphased	1.38805465191932	1.19659883786149	1.16
1	238053839	238053840	66	25	2.32	2	2	0.16	1	1	0.84	unphased	1.12461123781878	1.12461123781878	1
1	238053886	238053887	58	17	2.32	2	2	0.16	1	1	0.84	unphased	0.927879245283019	0.927879245283019	1
1	240070878	240070879	120	43	2.32	2	2	0.16	1	1	0.84	unphased	1.0799027665239	1.0799027665239	1
1	242052765	242052766	110	21	2.32	2	2	0.16	1	1	0.84	unphased	0.656223534495175	0.656223534495175	1
1	242052766	242052767	111	22	2.32	2	2	0.16	1	1	0.84	unphased	0.677134345297205	0.677134345297205	1
1	242052786	242052787	127	30	2.32	2	2	0.16	1	1	0.84	unphased	0.782213676240836	0.782213676240836	1
1	244579332	244579333	96	37	1.3	2	2	0.1	0	1	0.9	unphased	0.85505745495815	0.85505745495815	1
1	246810487	246810488	179	69	1.3	2	2	0.1	0	1	0.9	unphased	0.855150639074863	0.855150639074863	1
1	246929398	246929399	175	70	1.3	2	2	0.1	0	1	0.9	unphased	0.878167115902965	0.878167115902965	1
1	247615152	247615153	130	72	1.3	2	2	0.1	0	1	0.9	unphased	1.09553521389875	1.09553521389875	1
1	247694936	247694937	72	30	1.3	2	2	0.1	0	1	0.9	unphased	0.903995560488346	0.903995560488346	1
1	247902390	247902391	163	60	NA	NA	NA	NA	NA	NA	NA	unphased	NA	NA	1
1	247978122	247978123	69	29	NA	NA	NA	NA	NA	NA	NA	unphased	NA	NA	1
1	248004855	248004856	30	19	NA	NA	NA	NA	NA	NA	NA	unphased	NA	NA	1
1	248028213	248028214	12	4	NA	NA	NA	NA	NA	NA	NA	unphased	NA	NA	1
1	248039288	248039289	85	27	NA	NA	NA	NA	NA	NA	NA	unphased	NA	NA	1
1	248129077	248129078	274	139	NA	NA	NA	NA	NA	NA	NA	unphased	NA	NA	1
1	248224875	248224876	118	30	NA	NA	NA	NA	NA	NA	NA	unphased	NA	NA	1
1	248436846	248436847	180	51	NA	NA	NA	NA	NA	NA	NA	unphased	NA	NA	1
1	248616771	248616772	28	39	NA	NA	NA	NA	NA	NA	NA	unphased	NA	NA	1
1	248637344	248637345	207	55	NA	NA	NA	NA	NA	NA	NA	unphased	NA	NA	1
1	248737364	248737365	242	36	NA	NA	NA	NA	NA	NA	NA	unphased	NA	NA	1
1	248738020	248738021	141	36	NA	NA	NA	NA	NA	NA	NA	unphased	NA	NA	1
10	1405855	1405856	18	16	3	2	1	1	NA	NA	NA	unphased	2.24639289678135	1.12319644839068	2
10	1421338	1421339	51	11	3	2	1	1	NA	NA	NA	unphased	0.846926354230067	0.846926354230067	1
10	6506290	6506291	288	203	3	2	1	1	NA	NA	NA	unphased	1.97360027667832	0.986800138339162	2
10	7608322	7608323	33	22	3	2	1	1	NA	NA	NA	unphased	1.90943396226415	0.954716981132076	2
10	8116082	8116083	7	7	3	2	1	1	NA	NA	NA	unphased	2.38679245283019	1.19339622641509	2
10	14867508	14867509	118	84	3	2	1	1	NA	NA	NA	unphased	1.98505510928451	0.992527554642257	2
10	16893319	16893320	96	28	3	2	1	1	NA	NA	NA	unphased	1.07790626902009	1.07790626902009	1
10	16930511	16930512	145	28	3	2	1	1	NA	NA	NA	unphased	0.772603337332315	0.772603337332315	1
10	17362870	17362871	163	38	3	2	1	1	NA	NA	NA	unphased	0.902468788134798	0.902468788134798	1
10	26446321	26446322	92	53	3	2	1	1	NA	NA	NA	unphased	1.7448275862069	0.872413793103448	2
10	26790168	26790169	24	4	3	2	1	1	NA	NA	NA	unphased	0.681940700808625	0.681940700808625	1
10	26830588	26830589	66	15	3	2	1	1	NA	NA	NA	unphased	0.883997204751922	0.883997204751922	1
10	27475596	27475597	14	12	3	2	1	1	NA	NA	NA	unphased	2.20319303338171	1.10159651669086	2
10	27702953	27702954	53	11	3	2	1	1	NA	NA	NA	unphased	0.820459905660377	0.820459905660377	1
10	38345565	38345566	15	15	3	2	1	1	NA	NA	NA	unphased	2.38679245283019	1.19339622641509	2
10	45473173	45473174	51	27	3	2	1	1	NA	NA	NA	unphased	1.65239477503628	0.826197387518142	2
10	48429027	48429028	6	6	3	2	1	1	NA	NA	NA	unphased	2.38679245283019	1.19339622641509	2
10	49633231	49633232	16	6	3	2	1	1	NA	NA	NA	unphased	1.30188679245283	1.30188679245283	1
10	50530615	50530616	15	8	3	2	1	1	NA	NA	NA	unphased	1.66037735849057	1.66037735849057	1
10	55780052	55780053	206	43	3	2	1	1	NA	NA	NA	unphased	0.824354019852997	0.824354019852997	1
10	56287598	56287599	135	27	3	2	1	1	NA	NA	NA	unphased	0.79559748427673	0.79559748427673	1
10	60556225	60556226	84	46	3	2	1	1	NA	NA	NA	unphased	1.68911465892598	0.84455732946299	2
10	64159502	64159503	42	25	3	2	1	1	NA	NA	NA	unphased	1.78118839763447	0.890594198817235	2
10	69908182	69908183	104	26	3	2	1	1	NA	NA	NA	unphased	0.954716981132076	0.954716981132076	1
10	70412276	70412277	65	41	3	2	1	1	NA	NA	NA	unphased	1.84638661445354	0.923193307226771	2
10	72358510	72358511	61	48	3	2	1	1	NA	NA	NA	unphased	2.10212913276787	1.05106456638394	2
10	73464783	73464784	100	37	3	2	1	1	NA	NA	NA	unphased	1.28921636138273	1.28921636138273	1
10	76603050	76603051	60	62	3	2	1	1	NA	NA	NA	unphased	2.42592019795855	1.21296009897928	2
10	78943264	78943265	50	22	3	2	1	1	NA	NA	NA	unphased	1.45859538784067	0.729297693920336	2
10	82185666	82185667	130	33	3	2	1	1	NA	NA	NA	unphased	0.966431299918972	0.966431299918972	1
10	82369181	82369182	96	28	3	2	1	1	NA	NA	NA	unphased	1.07790626902009	1.07790626902009	1
10	82369182	82369183	95	29	3	2	1	1	NA	NA	NA	unphased	1.11640292148509	1.11640292148509	1
10	88123738	88123739	86	22	3	2	1	1	NA	NA	NA	unphased	0.972396925227114	0.972396925227114	1
10	88423457	88423458	12	7	3	2	1	1	NA	NA	NA	unphased	1.75868917576961	1.75868917576961	1
10	91486106	91486107	7	5	3	2	1	1	NA	NA	NA	unphased	1.98899371069182	1.98899371069182	1
10	94381141	94381142	65	47	3	2	1	1	NA	NA	NA	unphased	2.00320080862534	1.00160040431267	2
10	95892038	95892039	73	52	3	2	1	1	NA	NA	NA	unphased	1.98581132075472	0.992905660377359	2
10	97135750	97135751	101	16	3	2	1	1	NA	NA	NA	unphased	0.652797935816804	0.652797935816804	1
10	97607163	97607164	54	55	3	2	1	1	NA	NA	NA	unphased	2.40868963129652	1.20434481564826	2
10	99025696	99025697	102	27	3	2	1	1	NA	NA	NA	unphased	0.999122422114963	0.999122422114963	1
10	99025846	99025847	70	54	3	2	1	1	NA	NA	NA	unphased	2.07881923311016	1.03940961655508	2
10	102256949	102256950	58	52	3	2	1	1	NA	NA	NA	unphased	2.25660377358491	1.12830188679245	2
10	105036976	105036977	35	14	3	2	1	1	NA	NA	NA	unphased	1.36388140161725	1.36388140161725	1
10	105178382	105178383	51	22	3	2	1	1	NA	NA	NA	unphased	1.43861462910313	0.719307314551564	2
10	105178383	105178384	51	22	3	2	1	1	NA	NA	NA	unphased	1.43861462910313	0.719307314551564	2
10	105648829	105648830	119	42	3	2	1	1	NA	NA	NA	unphased	1.24528301886792	1.24528301886792	1
10	105971805	105971806	99	21	3	2	1	1	NA	NA	NA	unphased	0.835377358490566	0.835377358490566	1
10	106121840	106121841	78	20	3	2	1	1	NA	NA	NA	unphased	0.974201001155179	0.974201001155179	1
10	106159222	106159223	63	11	3	2	1	1	NA	NA	NA	unphased	0.709586945436002	0.709586945436002	1
10	108337106	108337107	120	32	3	2	1	1	NA	NA	NA	unphased	1.00496524329692	1.00496524329692	1
10	108439015	108439016	88	63	3	2	1	1	NA	NA	NA	unphased	1.99162813944771	0.995814069723854	2
10	108589405	108589406	117	66	3	2	1	1	NA	NA	NA	unphased	1.72162078564801	0.860810392824003	2
10	115350404	115350405	81	23	3	2	1	1	NA	NA	NA	unphased	1.05569666182874	1.05569666182874	1
10	116361717	116361718	71	19	3	2	1	1	NA	NA	NA	unphased	1.00775681341719	1.00775681341719	1
10	117154177	117154178	47	35	3	2	1	1	NA	NA	NA	unphased	2.03750575241601	1.01875287620801	2
10	118236769	118236770	16	6	3	2	1	1	NA	NA	NA	unphased	1.30188679245283	1.30188679245283	1
10	119044376	119044377	101	72	3	2	1	1	NA	NA	NA	unphased	1.98669429599738	0.993347147998691	2
10	120514285	120514286	74	13	3	2	1	1	NA	NA	NA	unphased	0.713294296248102	0.713294296248102	1
10	121286929	121286930	39	28	3	2	1	1	NA	NA	NA	unphased	1.99493100535061	0.997465502675303	2
10	122348812	122348813	180	46	3	2	1	1	NA	NA	NA	unphased	0.971614626815829	0.971614626815829	1
10	127426969	127426970	110	58	3	2	1	1	NA	NA	NA	unphased	1.64802336028751	0.824011680143756	2
10	128830579	128830580	5	4	3	2	1	1	NA	NA	NA	unphased	2.12159329140461	2.12159329140461	1
10	131967729	131967730	51	44	3	2	1	1	NA	NA	NA	unphased	2.21092353525323	1.10546176762661	2
10	134016257	134016258	109	23	3	2	1	1	NA	NA	NA	unphased	0.831761006289308	0.831761006289308	1
10	134660782	134660783	94	76	3	2	1	1	NA	NA	NA	unphased	2.13407325194229	1.06703662597114	2
10	135102435	135102436	80	17	3	2	1	1	NA	NA	NA	unphased	0.836607663878623	0.836607663878623	1
11	3661138	3661139	45	46	2	2	0	1	NA	NA	NA	unphased	1.90752643582832	0.953763217914161	2
11	4510583	4510584	28	21	2	2	0	1	NA	NA	NA	unphased	1.61725067385445	0.808625336927224	2
11	4567166	4567167	76	76	2	2	0	1	NA	NA	NA	unphased	1.88679245283019	0.943396226415094	2
11	4674142	4674143	32	61	2	2	0	1	NA	NA	NA	unphased	2.47514708865896	1.23757354432948	2
11	5152959	5152960	40	43	2	2	0	1	NA	NA	NA	unphased	1.95498977040236	0.977494885201182	2
11	5290707	5290708	66	53	2	2	0	1	NA	NA	NA	unphased	1.68067226890756	0.840336134453782	2
11	5862225	5862226	56	61	2	2	0	1	NA	NA	NA	unphased	1.96742460893404	0.983712304467022	2
11	6007815	6007816	18	20	2	2	0	1	NA	NA	NA	unphased	1.98609731876862	0.99304865938431	2
11	6500010	6500011	20	23	2	2	0	1	NA	NA	NA	unphased	2.01842913558578	1.00921456779289	2
11	6898599	6898600	45	64	2	2	0	1	NA	NA	NA	unphased	2.21568288038774	1.10784144019387	2
11	6913007	6913008	38	26	2	2	0	1	NA	NA	NA	unphased	1.53301886792453	0.766509433962264	2
11	7960898	7960899	56	43	2	2	0	1	NA	NA	NA	unphased	1.63903182771107	0.819515913855536	2
11	11985862	11985863	9	12	2	2	0	1	NA	NA	NA	unphased	2.15633423180593	1.07816711590296	2
11	17450147	17450148	51	38	2	2	0	1	NA	NA	NA	unphased	1.61119355522578	0.80559677761289	2
11	17741292	17741293	29	22	2	2	0	1	NA	NA	NA	unphased	1.62782093969663	0.813910469848317	2
11	19209754	19209755	90	78	2	2	0	1	NA	NA	NA	unphased	1.75202156334232	0.876010781671159	2
11	20177906	20177907	27	14	2	2	0	1	NA	NA	NA	unphased	1.28854118729867	1.28854118729867	1
11	20515790	20515791	84	104	2	2	0	1	NA	NA	NA	unphased	2.0875150541951	1.04375752709755	2
11	20940810	20940811	37	50	2	2	0	1	NA	NA	NA	unphased	2.16872695727608	1.08436347863804	2
11	22301326	22301327	22	12	2	2	0	1	NA	NA	NA	unphased	1.33185349611543	1.33185349611543	1
11	27148881	27148882	84	50	3	2	1	1	NA	NA	NA	unphased	1.78118839763447	0.890594198817235	2
11	30033379	30033380	89	24	3	2	1	1	NA	NA	NA	unphased	1.01385874102521	1.01385874102521	1
11	30516882	30516883	72	39	3	2	1	1	NA	NA	NA	unphased	1.67720550739419	0.838602753697093	2
11	30953471	30953472	37	30	3	2	1	1	NA	NA	NA	unphased	2.13742607716136	1.06871303858068	2
11	32119895	32119896	75	33	3	2	1	1	NA	NA	NA	unphased	1.45859538784067	0.729297693920336	2
11	32460662	32460663	17	12	3	2	1	1	NA	NA	NA	unphased	1.97527651268705	0.987638256343526	2
11	33612939	33612940	81	45	3	2	1	1	NA	NA	NA	unphased	1.70485175202156	0.852425876010782	2
11	36597796	36597797	92	71	3	2	1	1	NA	NA	NA	unphased	2.07929158467415	1.03964579233708	2
11	40137178	40137179	124	16	3	2	1	1	NA	NA	NA	unphased	0.5455525606469	0.5455525606469	1
11	46911595	46911596	146	31	3	2	1	1	NA	NA	NA	unphased	0.836051593646733	0.836051593646733	1
11	47357556	47357557	14	10	3	2	1	1	NA	NA	NA	unphased	1.98899371069182	0.994496855345912	2
11	47469656	47469657	75	12	3	2	1	1	NA	NA	NA	unphased	0.658425504229018	0.658425504229018	1
11	47711887	47711888	165	114	3	2	1	1	NA	NA	NA	unphased	1.95049705822682	0.97524852911341	2
11	47744564	47744565	6	4	3	2	1	1	NA	NA	NA	unphased	1.90943396226415	1.90943396226415	1
11	47800631	47800632	29	29	3	2	1	1	NA	NA	NA	unphased	2.38679245283019	1.19339622641509	2
11	55038308	55038309	80	23	3	2	1	1	NA	NA	NA	unphased	1.06594614398241	1.06594614398241	1
11	55405872	55405873	73	127	3	2	1	1	NA	NA	NA	unphased	3.03122641509434	1.51561320754717	2
11	55541386	55541387	158	105	3	2	1	1	NA	NA	NA	unphased	1.9058038596743	0.952901929837148	2
11	55607084	55607085	46	41	3	2	1	1	NA	NA	NA	unphased	2.24962047278248	1.12481023639124	2
11	55761263	55761264	73	44	3	2	1	1	NA	NA	NA	unphased	1.79519432349621	0.897597161748105	2
11	55761942	55761943	34	30	3	2	1	1	NA	NA	NA	unphased	2.2376179245283	1.11880896226415	2
11	55798056	55798057	93	17	3	2	1	1	NA	NA	NA	unphased	0.737735849056604	0.737735849056604	1
11	55904715	55904716	105	27	3	2	1	1	NA	NA	NA	unphased	0.976415094339623	0.976415094339623	1
11	55944329	55944330	187	47	3	2	1	1	NA	NA	NA	unphased	0.958796968230931	0.958796968230931	1
11	56043849	56043850	237	63	3	2	1	1	NA	NA	NA	unphased	1.00245283018868	1.00245283018868	1
11	56057655	56057656	149	95	3	2	1	1	NA	NA	NA	unphased	1.85856789359728	0.929283946798639	2
11	56230507	56230508	113	22	3	2	1	1	NA	NA	NA	unphased	0.777917540181691	0.777917540181691	1
11	56409759	56409760	114	18	3	2	1	1	NA	NA	NA	unphased	0.650943396226415	0.650943396226415	1
11	56468338	56468339	205	27	3	2	1	1	NA	NA	NA	unphased	0.555546519193234	0.555546519193234	1
11	57003958	57003959	41	20	3	2	1	1	NA	NA	NA	unphased	1.56510980513455	0.782554902567275	2
11	57099250	57099251	34	29	3	2	1	1	NA	NA	NA	unphased	2.19736448038335	1.09868224019167	2
11	57995615	57995616	33	35	3	2	1	1	NA	NA	NA	unphased	2.45699223085461	1.2284961154273	2
11	58979249	58979250	81	67	3	2	1	1	NA	NA	NA	unphased	2.16101478837328	1.08050739418664	2
11	59828756	59828757	136	33	3	2	1	1	NA	NA	NA	unphased	0.932120129507648	0.932120129507648	1
11	61645000	61645001	50	13	2	1	1	1	NA	NA	NA	unphased	0.778676250374363	0.778676250374363	1
11	62290293	62290294	236	91	2	1	1	1	NA	NA	NA	unphased	1.05014136518377	1.05014136518377	1
11	62591749	62591750	116	36	2	1	1	1	NA	NA	NA	unphased	0.893743793445879	0.893743793445879	1
11	64453120	64453121	119	49	2	1	1	1	NA	NA	NA	unphased	1.10062893081761	1.10062893081761	1
11	65113401	65113402	138	33	2	1	1	1	NA	NA	NA	unphased	0.728235683548494	0.728235683548494	1
11	65338991	65338992	115	31	2	1	1	1	NA	NA	NA	unphased	0.801240630653916	0.801240630653916	1
11	65397057	65397058	26	7	2	1	1	1	NA	NA	NA	unphased	0.800457404230989	0.800457404230989	1
11	65714654	65714655	11	6	2	1	1	1	NA	NA	NA	unphased	1.33185349611543	1.33185349611543	1
11	66083425	66083426	51	16	2	1	1	1	NA	NA	NA	unphased	0.901154604336806	0.901154604336806	1
11	66083756	66083757	30	11	2	1	1	1	NA	NA	NA	unphased	1.01242521859181	1.01242521859181	1
11	66444331	66444332	222	82	2	1	1	1	NA	NA	NA	unphased	1.01787487586892	1.01787487586892	1
11	67223587	67223588	34	16	2	1	1	1	NA	NA	NA	unphased	1.20754716981132	1.20754716981132	1
11	69514228	69514229	79	37	2	1	1	1	NA	NA	NA	unphased	1.20364346128822	1.20364346128822	1
11	70332400	70332401	75	15	2	1	1	1	NA	NA	NA	unphased	0.628930817610063	0.628930817610063	1
11	70332941	70332942	47	17	2	1	1	1	NA	NA	NA	unphased	1.00235849056604	1.00235849056604	1
11	71184685	71184686	88	24	2	1	1	1	NA	NA	NA	unphased	0.808625336927224	0.808625336927224	1
11	71277025	71277026	137	42	2	1	1	1	NA	NA	NA	unphased	0.885422156635396	0.885422156635396	1
11	74047786	74047787	59	28	2	1	1	1	NA	NA	NA	unphased	1.2144870960746	1.2144870960746	1
11	77091006	77091007	80	24	2	1	1	1	NA	NA	NA	unphased	0.870827285921626	0.870827285921626	1
11	78467871	78467872	42	6	2	1	1	1	NA	NA	NA	unphased	0.471698113207547	0.471698113207547	1
11	82536102	82536103	37	16	2	1	1	1	NA	NA	NA	unphased	1.13919544321823	1.13919544321823	1
11	83585491	83585492	64	26	2	1	1	1	NA	NA	NA	unphased	1.09014675052411	1.09014675052411	1
11	85630406	85630407	116	49	2	1	1	1	NA	NA	NA	unphased	1.12064036592338	1.12064036592338	1
11	89028509	89028510	53	9	2	1	1	1	NA	NA	NA	unphased	0.547778454047474	0.547778454047474	1
11	89028510	89028511	53	11	2	1	1	1	NA	NA	NA	unphased	0.648584905660377	0.648584905660377	1
11	89424085	89424086	71	25	2	1	1	1	NA	NA	NA	unphased	0.982704402515723	0.982704402515723	1
11	89896532	89896533	193	60	2	1	1	1	NA	NA	NA	unphased	0.894921321500485	0.894921321500485	1
11	92088253	92088254	34	13	2	1	1	1	NA	NA	NA	unphased	1.04375752709755	1.04375752709755	1
11	92534452	92534453	35	12	2	1	1	1	NA	NA	NA	unphased	0.963468486551586	0.963468486551586	1
11	92564923	92564924	17	5	2	1	1	1	NA	NA	NA	unphased	0.857632933104631	0.857632933104631	1
11	92577659	92577660	14	3	2	1	1	1	NA	NA	NA	unphased	0.665926748057714	0.665926748057714	1
11	95595494	95595495	58	18	2	1	1	1	NA	NA	NA	unphased	0.893743793445879	0.893743793445879	1
11	100933285	100933286	217	59	2	1	1	1	NA	NA	NA	unphased	0.806672135630298	0.806672135630298	1
11	100933286	100933287	216	60	2	1	1	1	NA	NA	NA	unphased	0.820344544708778	0.820344544708778	1
11	100999140	100999141	14	3	2	1	1	1	NA	NA	NA	unphased	0.665926748057714	0.665926748057714	1
11	102477370	102477371	47	13	2	1	1	1	NA	NA	NA	unphased	0.817610062893082	0.817610062893082	1
11	103908672	103908673	54	22	2	1	1	1	NA	NA	NA	unphased	1.09235352532274	1.09235352532274	1
11	104034757	104034758	8	3	2	1	1	1	NA	NA	NA	unphased	1.02915951972556	1.02915951972556	1
11	104776271	104776272	53	10	2	1	1	1	NA	NA	NA	unphased	0.598981731057203	0.598981731057203	1
11	107966403	107966404	138	32	2	1	1	1	NA	NA	NA	unphased	0.710321864594895	0.710321864594895	1
11	108047021	108047022	74	21	2	1	1	1	NA	NA	NA	unphased	0.83416087388282	0.83416087388282	1
11	108168090	108168091	51	14	2	1	1	1	NA	NA	NA	unphased	0.812772133526851	0.812772133526851	1
11	113857309	113857310	93	27	2	1	1	1	NA	NA	NA	unphased	0.849056603773585	0.849056603773585	1
11	113857736	113857737	49	14	2	1	1	1	NA	NA	NA	unphased	0.838574423480084	0.838574423480084	1
11	113860255	113860256	98	34	2	1	1	1	NA	NA	NA	unphased	0.971983990851915	0.971983990851915	1
11	114121264	114121265	41	26	2	1	1	1	NA	NA	NA	unphased	1.46437623204731	1.46437623204731	1
11	116701609	116701610	35	6	2	1	1	1	NA	NA	NA	unphased	0.552231937413714	0.552231937413714	1
11	117031908	117031909	103	37	2	1	1	1	NA	NA	NA	unphased	0.997304582210243	0.997304582210243	1
11	117647603	117647604	37	11	2	1	1	1	NA	NA	NA	unphased	0.864779874213836	0.864779874213836	1
11	118403632	118403633	82	34	2	1	1	1	NA	NA	NA	unphased	1.1060507482108	1.1060507482108	1
11	118983090	118983091	47	22	2	1	1	1	NA	NA	NA	unphased	1.20317199890621	1.20317199890621	1
11	119148969	119148970	96	34	2	1	1	1	NA	NA	NA	unphased	0.986937590711176	0.986937590711176	1
11	119243747	119243748	112	34	2	1	1	1	NA	NA	NA	unphased	0.878780046523649	0.878780046523649	1
11	119535974	119535975	26	7	2	1	1	1	NA	NA	NA	unphased	0.800457404230989	0.800457404230989	1
11	120352170	120352171	57	24	2	1	1	1	NA	NA	NA	unphased	1.11809923130678	1.11809923130678	1
11	121430365	121430366	55	18	2	1	1	1	NA	NA	NA	unphased	0.930472990436805	0.930472990436805	1
11	123900903	123900904	123	31	2	1	1	1	NA	NA	NA	unphased	0.759617740749816	0.759617740749816	1
11	124189527	124189528	48	17	2	1	1	1	NA	NA	NA	unphased	0.986937590711176	0.986937590711176	1
11	124757009	124757010	42	9	2	1	1	1	NA	NA	NA	unphased	0.665926748057714	0.665926748057714	1
11	124766559	124766560	26	11	2	1	1	1	NA	NA	NA	unphased	1.12187659357471	1.12187659357471	1
11	130058446	130058447	118	42	2	1	1	1	NA	NA	NA	unphased	0.990566037735849	0.990566037735849	1
11	132527090	132527091	95	32	2	1	1	1	NA	NA	NA	unphased	0.95082454315852	0.95082454315852	1
12	250437	250438	157	35	NA	NA	NA	NA	NA	NA	NA	unphased	NA	NA	1
12	1995151	1995152	26	27	2.4	3	2	0.35	1	0	0.65	unphased	2.12616589533642	0.904751444824008	2.35
12	5154070	5154071	226	144	2.4	3	2	0.35	1	0	0.65	unphased	1.6243141254462	0.955478897321295	1.7
12	5603960	5603961	88	60	2.4	3	2	0.35	1	0	0.65	unphased	1.69199388067313	0.995290518043015	1.7
12	6125731	6125732	75	43	2.4	3	2	0.35	1	0	0.65	unphased	1.52088263511353	0.894636844184428	1.7
12	6438775	6438776	35	5	2.4	3	2	0.35	1	0	0.65	unphased	0.521698113207547	0.521698113207547	1
12	6645906	6645907	145	100	2.4	3	2	0.35	1	0	0.65	unphased	1.70350404312668	1.00206120183923	1.7
12	7023262	7023263	88	61	2.4	3	2	0.35	1	0	0.65	unphased	1.70864885399519	1.00508756117364	1.7
12	8629925	8629926	230	68	2.4	3	2	0.35	1	0	0.65	unphased	0.952361656325187	0.952361656325187	1
12	9356369	9356370	129	43	2.4	3	2	0.35	1	0	0.65	unphased	1.04339622641509	1.04339622641509	1
12	9845508	9845509	71	26	2.4	3	2	0.35	1	0	0.65	unphased	1.11869286131103	1.11869286131103	1
12	9875204	9875205	145	101	2.4	3	2	0.35	1	0	0.65	unphased	1.71354502224268	1.00796766014275	1.7
12	10978681	10978682	74	62	2.4	3	2	0.35	1	0	0.65	unphased	1.90266370699223	1.11921394528955	1.7
12	13526184	13526185	237	80	2.4	3	2	0.35	1	0	0.65	unphased	1.05327063865246	1.05327063865246	1
12	14840955	14840956	134	69	2.4	3	2	0.35	1	0	0.65	unphased	1.41860767729343	1.05082050169884	1.35
12	14949837	14949838	158	73	2.4	3	2	0.35	1	0	0.65	unphased	1.31892510005718	0.976981555597908	1.35
12	15823796	15823797	133	84	2.4	3	2	0.35	1	0	0.65	unphased	1.61558125380402	0.950341914002363	1.7
12	16516938	16516939	139	111	2.4	3	2	0.35	1	0	0.65	unphased	1.85307169811321	1.09004217536071	1.7
12	18892098	18892099	149	247	7.18	7	2	0.74	1	1	0.26	unphased	5.58468553459119	1.01910319974292	5.48
12	20522892	20522893	152	41	7.18	7	2	0.74	1	1	0.26	unphased	1.90205689705739	1.09313614773413	1.74
12	21331905	21331906	192	272	7.18	7	2	0.74	1	1	0.26	unphased	5.24865322055953	1.00548912271255	5.22
12	21643202	21643203	310	75	7.18	7	2	0.74	1	1	0.26	unphased	1.74420485175202	1.00241658146668	1.74
12	22487128	22487129	124	31	7.18	7	2	0.74	1	1	0.26	unphased	1.79071698113208	1.02914769030579	1.74
12	26750057	26750058	227	275	7.18	7	2	0.74	1	1	0.26	unphased	4.90485228895738	0.988881509870439	4.96
12	26807025	26807026	148	31	7.18	7	2	0.74	1	1	0.26	unphased	1.55062084958364	0.89116140780669	1.74
12	27829479	27829480	122	190	7.18	7	2	0.74	1	1	0.26	unphased	5.45250362844702	1.00229846111159	5.44
12	29423492	29423493	53	97	7.18	7	2	0.74	1	1	0.26	unphased	5.78998490566038	1.00870817171784	5.74
12	29628066	29628067	29	11	7.18	7	2	0.74	1	1	0.26	unphased	2.4622358490566	0.992837035909921	2.48
12	29648347	29648348	191	46	7.18	7	2	0.74	1	1	0.26	unphased	1.73782660616193	0.998750923081569	1.74
12	31236941	31236942	300	90	7.18	7	2	0.74	1	1	0.26	unphased	2.06621190130624	0.833149960204129	2.48
12	40740725	40740726	38	27	2	2	0	1	NA	NA	NA	unphased	1.56748911465893	0.783744557329463	2
12	41327335	41327336	99	81	2	2	0	1	NA	NA	NA	unphased	1.69811320754717	0.849056603773585	2
12	47178370	47178371	55	48	2	2	0	1	NA	NA	NA	unphased	1.75856383953105	0.879281919765525	2
12	49431526	49431527	10	6	2	2	0	1	NA	NA	NA	unphased	1.41509433962264	1.41509433962264	1
12	52828049	52828050	9	13	2	2	0	1	NA	NA	NA	unphased	2.22984562607204	1.11492281303602	2
12	55795095	55795096	62	71	2	2	0	1	NA	NA	NA	unphased	2.01447013760817	1.00723506880409	2
12	56030895	56030896	45	72	2	2	0	1	NA	NA	NA	unphased	2.322206095791	1.1611030478955	2
12	57346752	57346753	77	67	2	2	0	1	NA	NA	NA	unphased	1.75576519916143	0.877882599580713	2
12	58126640	58126641	191	233	2	2	0	1	NA	NA	NA	unphased	2.07369170523318	1.03684585261659	2
12	59268064	59268065	68	90	2	2	0	1	NA	NA	NA	unphased	2.14951038930021	1.07475519465011	2
12	62261206	62261207	38	53	2	2	0	1	NA	NA	NA	unphased	2.1978021978022	1.0989010989011	2
12	69962852	69962853	42	54	2	2	0	1	NA	NA	NA	unphased	2.12264150943396	1.06132075471698	2
12	72372757	72372758	68	90	2	2	0	1	NA	NA	NA	unphased	2.14951038930021	1.07475519465011	2
12	78400814	78400815	52	47	2	2	0	1	NA	NA	NA	unphased	1.79149990470745	0.895749952353726	2
12	85255330	85255331	57	45	2	2	0	1	NA	NA	NA	unphased	1.66481687014428	0.832408435072142	2
12	85677441	85677442	34	35	2	2	0	1	NA	NA	NA	unphased	1.91413727098715	0.957068635493574	2
12	85677505	85677506	42	36	2	2	0	1	NA	NA	NA	unphased	1.74165457184325	0.870827285921626	2
12	92814817	92814818	242	252	2	2	0	1	NA	NA	NA	unphased	1.92498663203728	0.962493316018639	2
12	99225844	99225845	2	9	2	2	0	1	NA	NA	NA	unphased	3.08747855917667	1.54373927958834	2
12	102046931	102046932	40	40	2	2	0	1	NA	NA	NA	unphased	1.88679245283019	0.943396226415094	2
12	103310893	103310894	33	38	2	2	0	1	NA	NA	NA	unphased	2.01966516077598	1.00983258038799	2
12	104089512	104089513	36	55	2	2	0	1	NA	NA	NA	unphased	2.28073812979473	1.14036906489737	2
12	105583576	105583577	24	39	2	2	0	1	NA	NA	NA	unphased	2.33602875112309	1.16801437556155	2
12	106477666	106477667	41	40	2	2	0	1	NA	NA	NA	unphased	1.86349871884463	0.931749359422315	2
12	108169385	108169386	3	7	2	2	0	1	NA	NA	NA	unphased	2.64150943396226	1.32075471698113	2
12	110450961	110450962	40	53	2	2	0	1	NA	NA	NA	unphased	2.1505376344086	1.0752688172043	2
12	111099058	111099059	23	35	2	2	0	1	NA	NA	NA	unphased	2.27716330513988	1.13858165256994	2
12	111350899	111350900	69	62	2	2	0	1	NA	NA	NA	unphased	1.78597148206827	0.892985741034135	2
12	111744740	111744741	58	72	2	2	0	1	NA	NA	NA	unphased	2.0899854862119	1.04499274310595	2
12	112743915	112743916	31	25	2	2	0	1	NA	NA	NA	unphased	1.68463611859838	0.842318059299191	2
12	120586072	120586073	71	42	4	4	0	1	NA	NA	NA	unphased	2.14593421272333	1.07296710636166	2
12	124311313	124311314	63	68	2	2	0	1	NA	NA	NA	unphased	1.95880743194584	0.979403715972922	2
12	124352551	124352552	18	30	2	2	0	1	NA	NA	NA	unphased	2.35849056603774	1.17924528301887	2
12	125900110	125900111	86	81	2	2	0	1	NA	NA	NA	unphased	1.83030166082928	0.915150830414642	2
13	20025323	20025324	56	55	2	2	0	1	NA	NA	NA	unphased	1.86979432262451	0.934897161312256	2
13	23915356	23915357	117	47	2	2	0	1	NA	NA	NA	unphased	1.08145421076852	1.08145421076852	1
13	25275054	25275055	46	55	2	2	0	1	NA	NA	NA	unphased	2.05492247337941	1.02746123668971	2
13	26153024	26153025	50	14	2	2	0	1	NA	NA	NA	unphased	0.825471698113208	0.825471698113208	1
13	29608119	29608120	20	20	2	2	0	1	NA	NA	NA	unphased	1.88679245283019	0.943396226415094	2
13	32367140	32367141	39	41	2	2	0	1	NA	NA	NA	unphased	1.93396226415094	0.966981132075472	2
13	36429698	36429699	1	9	2	2	0	1	NA	NA	NA	unphased	3.39622641509434	1.69811320754717	2
13	42161738	42161739	45	52	2	2	0	1	NA	NA	NA	unphased	2.02295273293134	1.01147636646567	2
13	46563197	46563198	38	29	2	2	0	1	NA	NA	NA	unphased	1.63334272036046	0.816671360180231	2
13	52439997	52439998	79	92	2	2	0	1	NA	NA	NA	unphased	2.03023281474126	1.01511640737063	2
13	52439998	52439999	78	91	2	2	0	1	NA	NA	NA	unphased	2.03193033381713	1.01596516690856	2
13	52952430	52952431	100	100	2	2	0	1	NA	NA	NA	unphased	1.88679245283019	0.943396226415094	2
13	61102613	61102614	61	82	2	2	0	1	NA	NA	NA	unphased	2.16387386198707	1.08193693099353	2
13	67205430	67205431	56	62	2	2	0	1	NA	NA	NA	unphased	1.98273105212664	0.99136552606332	2
13	76432083	76432084	59	43	2	2	0	1	NA	NA	NA	unphased	1.59082500924898	0.795412504624491	2
13	77835400	77835401	73	74	2	2	0	1	NA	NA	NA	unphased	1.89962777563856	0.949813887819279	2
13	86369385	86369386	37	46	2	2	0	1	NA	NA	NA	unphased	2.09138440554672	1.04569220277336	2
13	88329801	88329802	27	28	2	2	0	1	NA	NA	NA	unphased	1.92109777015437	0.960548885077187	2
13	99116046	99116047	46	28	2	2	0	1	NA	NA	NA	unphased	1.4278429372769	0.71392146863845	2
13	101735196	101735197	57	50	2	2	0	1	NA	NA	NA	unphased	1.76335743255158	0.881678716275789	2
13	110815854	110815855	31	19	2	2	0	1	NA	NA	NA	unphased	1.43396226415094	0.716981132075472	2
14	20692743	20692744	181	45	1.28	2	1	0.14	1	0	0.86	unphased	0.608014693604942	0.608014693604942	1
14	20768878	20768879	173	85	1.28	2	1	0.14	1	0	0.86	unphased	1.00602603481059	1.00602603481059	1
14	20845476	20845477	50	12	1.28	2	1	0.14	1	0	0.86	unphased	0.591016433353621	0.591016433353621	1
14	21469568	21469569	129	50	1.28	2	1	0.14	1	0	0.86	unphased	0.852956677558764	0.852956677558764	1
14	21831007	21831008	127	69	1.28	2	1	0.14	1	0	0.86	unphased	1.07498652291105	1.07498652291105	1
14	22102630	22102631	32	12	1.28	2	1	0.14	1	0	0.86	unphased	0.832795883361921	0.832795883361921	1
14	22217466	22217467	166	41	1.28	2	1	0.14	1	0	0.86	unphased	0.604816333971379	0.604816333971379	1
14	23871778	23871779	205	52	1.28	2	1	0.14	1	0	0.86	unphased	0.617845973129726	0.617845973129726	1
14	24112404	24112405	285	51	1.28	2	1	0.14	1	0	0.86	unphased	0.463490566037736	0.463490566037736	1
14	24656299	24656300	369	106	1.28	2	1	0.14	1	0	0.86	unphased	0.681431578947368	0.681431578947368	1
14	24731487	24731488	64	26	1.28	2	1	0.14	1	0	0.86	unphased	0.882146750524109	0.882146750524109	1
14	24772359	24772360	94	33	1.28	2	1	0.14	1	0	0.86	unphased	0.793451195958996	0.793451195958996	1
14	24836416	24836417	29	12	1.28	2	1	0.14	1	0	0.86	unphased	0.893732167510354	0.893732167510354	1
14	24898087	24898088	15	5	1.28	2	1	0.14	1	0	0.86	unphased	0.763396226415094	0.763396226415094	1
14	28734243	28734244	21	19	1.28	2	1	0.14	1	0	0.86	unphased	1.45045283018868	1.27232704402516	1.14
14	32560671	32560672	253	76	1.28	2	1	0.14	1	0	0.86	unphased	0.705387394620634	0.705387394620634	1
14	33290636	33290637	120	30	1.28	2	1	0.14	1	0	0.86	unphased	0.610716981132076	0.610716981132076	1
14	36987174	36987175	16	6	1.28	2	1	0.14	1	0	0.86	unphased	0.832795883361921	0.832795883361921	1
14	42355818	42355819	48	8	1.28	2	1	0.14	1	0	0.86	unphased	0.43622641509434	0.43622641509434	1
14	42356170	42356171	87	46	1.28	2	1	0.14	1	0	0.86	unphased	1.0561271102284	1.0561271102284	1
14	44974025	44974026	44	34	1.28	2	1	0.14	1	0	0.86	unphased	1.33104983067247	1.16758757076533	1.14
14	45645257	45645258	70	48	1.28	2	1	0.14	1	0	0.86	unphased	1.242136232811	1.08959318667632	1.14
14	47120698	47120699	74	14	1.28	2	1	0.14	1	0	0.86	unphased	0.485797598627787	0.485797598627787	1
14	50909506	50909507	70	31	1.28	2	1	0.14	1	0	0.86	unphased	0.937238931440314	0.937238931440314	1
14	51378991	51378992	160	95	1.28	2	1	0.14	1	0	0.86	unphased	1.13761006289308	1.13761006289308	1
14	55004941	55004942	76	37	1.28	2	1	0.14	1	0	0.86	unphased	0.999846385039239	0.999846385039239	1
14	60193657	60193658	17	4	1.28	2	1	0.14	1	0	0.86	unphased	0.581635220125786	0.581635220125786	1
14	62462805	62462806	67	29	1.28	2	1	0.14	1	0	0.86	unphased	0.922437106918239	0.922437106918239	1
14	63749906	63749907	60	42	1.28	2	1	0.14	1	0	0.86	unphased	1.25735849056604	1.10294604435617	1.14
14	68290267	68290268	84	34	1.28	2	1	0.14	1	0	0.86	unphased	0.879846498241126	0.879846498241126	1
14	70634429	70634430	58	40	1.28	2	1	0.14	1	0	0.86	unphased	1.24636118598383	1.24636118598383	1
14	70634970	70634971	47	23	1.28	2	1	0.14	1	0	0.86	unphased	1.00332075471698	1.00332075471698	1
14	70713177	70713178	111	51	1.28	2	1	0.14	1	0	0.86	unphased	0.961313766596785	0.961313766596785	1
14	70925090	70925091	126	71	1.28	2	1	0.14	1	0	0.86	unphased	1.10053060051719	1.10053060051719	1
14	71215568	71215569	138	35	1.28	2	1	0.14	1	0	0.86	unphased	0.617777293052677	0.617777293052677	1
14	71479700	71479701	79	55	1.28	2	1	0.14	1	0	0.86	unphased	1.25333708814418	1.09941849837209	1.14
14	72138212	72138213	143	52	1.28	2	1	0.14	1	0	0.86	unphased	0.814289308176101	0.814289308176101	1
14	72205014	72205015	62	47	1.28	2	1	0.14	1	0	0.86	unphased	1.31668339968842	1.15498543832317	1.14
14	74180433	74180434	32	23	1.28	2	1	0.14	1	0	0.86	unphased	1.27695368782161	1.27695368782161	1
14	74443725	74443726	80	43	1.28	2	1	0.14	1	0	0.86	unphased	1.06751342230403	1.06751342230403	1
14	75330490	75330491	97	14	1.28	2	1	0.14	1	0	0.86	unphased	0.385136834948156	0.385136834948156	1
14	77732942	77732943	81	15	1.28	2	1	0.14	1	0	0.86	unphased	0.477122641509434	0.477122641509434	1
14	79434663	79434664	95	12	1.28	2	1	0.14	1	0	0.86	unphased	0.342458120260977	0.342458120260977	1
14	81956809	81956810	87	22	1.28	2	1	0.14	1	0	0.86	unphased	0.616319889215856	0.616319889215856	1
14	88478167	88478168	65	18	1.28	2	1	0.14	1	0	0.86	unphased	0.662223232552853	0.662223232552853	1
14	88652435	88652436	27	6	1.28	2	1	0.14	1	0	0.86	unphased	0.555197255574614	0.555197255574614	1
14	88654338	88654339	110	49	1.28	2	1	0.14	1	0	0.86	unphased	0.941041889165777	0.941041889165777	1
14	92953009	92953010	51	12	1.28	2	1	0.14	1	0	0.86	unphased	0.581635220125786	0.581635220125786	1
14	93686749	93686750	143	45	1.28	2	1	0.14	1	0	0.86	unphased	0.730911280610197	0.730911280610197	1
14	95033366	95033367	66	42	1.28	2	1	0.14	1	0	0.86	unphased	1.18750524109015	1.18750524109015	1
14	96777529	96777530	156	108	1.28	2	1	0.14	1	0	0.86	unphased	1.24919382504288	1.09578405705516	1.14
14	101350988	101350989	18	19	1.28	2	1	0.14	1	0	0.86	unphased	1.56805711371749	1.37548869624341	1.14
14	102510220	102510221	42	29	1.28	2	1	0.14	1	0	0.86	unphased	1.24723890512889	1.24723890512889	1
14	104472877	104472878	36	22	1.28	2	1	0.14	1	0	0.86	unphased	1.15825634352635	1.15825634352635	1
14	105409081	105409082	165	125	1.28	2	1	0.14	1	0	0.86	unphased	1.31620039037085	1.15456174593934	1.14
14	105414414	105414415	153	122	1.28	2	1	0.14	1	0	0.86	unphased	1.35468130360206	1.18831693298426	1.14
14	106174974	106174975	59	8	NA	NA	NA	NA	NA	NA	NA	unphased	NA	NA	1
14	106725471	106725472	299	36	NA	NA	NA	NA	NA	NA	NA	unphased	NA	NA	1
14	106815965	106815966	133	35	NA	NA	NA	NA	NA	NA	NA	unphased	NA	NA	1
14	106829885	106829886	45	13	NA	NA	NA	NA	NA	NA	NA	unphased	NA	NA	1
15	20488859	20488860	98	26	NA	NA	NA	NA	NA	NA	NA	unphased	NA	NA	1
15	22867507	22867508	51	52	NA	NA	NA	NA	NA	NA	NA	unphased	NA	NA	1
15	23889232	23889233	84	12	3	2	1	1	NA	NA	NA	unphased	0.596698113207547	0.596698113207547	1
15	25334979	25334980	21	9	3	2	1	1	NA	NA	NA	unphased	1.43207547169811	1.43207547169811	1
15	25453292	25453293	304	58	3	2	1	1	NA	NA	NA	unphased	0.764828520796414	0.764828520796414	1
15	25457008	25457009	185	149	3	2	1	1	NA	NA	NA	unphased	2.12953338605807	1.06476669302904	2
15	25467532	25467533	183	35	3	2	1	1	NA	NA	NA	unphased	0.76640124632162	0.76640124632162	1
15	26806216	26806217	79	55	3	2	1	1	NA	NA	NA	unphased	1.95930723739792	0.979653618698958	2
15	27271967	27271968	42	5	3	2	1	1	NA	NA	NA	unphased	0.507828181453232	0.507828181453232	1
15	28234751	28234752	48	14	3	2	1	1	NA	NA	NA	unphased	1.07790626902009	1.07790626902009	1
15	29092243	29092244	19	13	3	2	1	1	NA	NA	NA	unphased	1.93926886792453	0.969634433962264	2
15	31355395	31355396	88	24	3	2	1	1	NA	NA	NA	unphased	1.02291105121294	1.02291105121294	1
15	33927966	33927967	22	9	3	2	1	1	NA	NA	NA	unphased	1.38587948874011	1.38587948874011	1
15	33927967	33927968	23	9	3	2	1	1	NA	NA	NA	unphased	1.34257075471698	1.34257075471698	1
15	33928019	33928020	12	4	3	2	1	1	NA	NA	NA	unphased	1.19339622641509	1.19339622641509	1
15	33952003	33952004	29	12	3	2	1	1	NA	NA	NA	unphased	1.3971468016567	1.3971468016567	1
15	34023742	34023743	29	22	3	2	1	1	NA	NA	NA	unphased	2.05919348871624	1.02959674435812	2
15	34080546	34080547	121	76	3	2	1	1	NA	NA	NA	unphased	1.84158605497558	0.920793027487788	2
15	34109110	34109111	14	15	3	2	1	1	NA	NA	NA	unphased	2.46909564085882	1.23454782042941	2
15	35082704	35082705	149	33	3	2	1	1	NA	NA	NA	unphased	0.865540120257101	0.865540120257101	1
15	38765758	38765759	52	36	3	2	1	1	NA	NA	NA	unphased	1.95283018867925	0.976415094339623	2
15	40751487	40751488	68	7	3	2	1	1	NA	NA	NA	unphased	0.445534591194969	0.445534591194969	1
15	43237375	43237376	5	4	3	2	1	1	NA	NA	NA	unphased	2.12159329140461	2.12159329140461	1
15	43568619	43568620	81	17	3	2	1	1	NA	NA	NA	unphased	0.828070850981902	0.828070850981902	1
15	44890864	44890865	88	63	3	2	1	1	NA	NA	NA	unphased	1.99162813944771	0.995814069723854	2
15	45398788	45398789	170	51	3	2	1	1	NA	NA	NA	unphased	1.10159651669086	1.10159651669086	1
15	45401779	45401780	84	59	3	2	1	1	NA	NA	NA	unphased	1.96952104499274	0.984760522496372	2
15	48056928	48056929	80	14	3	2	1	1	NA	NA	NA	unphased	0.710959454034524	0.710959454034524	1
15	50581844	50581845	84	23	3	2	1	1	NA	NA	NA	unphased	1.02609769000176	1.02609769000176	1
15	51503226	51503227	81	32	3	2	1	1	NA	NA	NA	unphased	1.35181165470028	0.675905827350142	2
15	51757048	51757049	88	69	3	2	1	1	NA	NA	NA	unphased	2.09794495853864	1.04897247926932	2
15	54527270	54527271	60	24	3	2	1	1	NA	NA	NA	unphased	1.36388140161725	1.36388140161725	1
15	55970145	55970146	67	56	3	2	1	1	NA	NA	NA	unphased	2.17333946924375	1.08666973462187	2
15	63922664	63922665	272	78	3	2	1	1	NA	NA	NA	unphased	1.06382749326146	1.06382749326146	1
15	69011059	69011060	53	11	3	2	1	1	NA	NA	NA	unphased	0.820459905660377	0.820459905660377	1
15	69018239	69018240	71	29	3	2	1	1	NA	NA	NA	unphased	1.38433962264151	0.692169811320755	2
15	71256237	71256238	69	38	3	2	1	1	NA	NA	NA	unphased	1.69529183565509	0.847645917827544	2
15	72324911	72324912	79	24	3	2	1	1	NA	NA	NA	unphased	1.11229162850339	1.11229162850339	1
15	74425227	74425228	110	28	3	2	1	1	NA	NA	NA	unphased	0.968553459119497	0.968553459119497	1
15	74912387	74912388	130	24	3	2	1	1	NA	NA	NA	unphased	0.743935309973046	0.743935309973046	1
15	75499669	75499670	73	24	3	2	1	1	NA	NA	NA	unphased	1.18109317253453	1.18109317253453	1
15	75968835	75968836	102	84	3	2	1	1	NA	NA	NA	unphased	2.15581253804017	1.07790626902009	2
15	75979664	75979665	142	34	3	2	1	1	NA	NA	NA	unphased	0.922169811320755	0.922169811320755	1
15	75982631	75982632	54	10	3	2	1	1	NA	NA	NA	unphased	0.745872641509434	0.745872641509434	1
15	76566835	76566836	39	16	3	2	1	1	NA	NA	NA	unphased	1.38867924528302	1.38867924528302	1
15	77907419	77907420	68	19	3	2	1	1	NA	NA	NA	unphased	1.04250704836261	1.04250704836261	1
15	79277506	79277507	91	72	3	2	1	1	NA	NA	NA	unphased	2.10857738164139	1.0542886908207	2
15	88476297	88476298	35	20	3	2	1	1	NA	NA	NA	unphased	1.73584905660377	0.867924528301887	2
15	88669593	88669594	57	48	3	2	1	1	NA	NA	NA	unphased	2.1822102425876	1.0911051212938	2
15	88679774	88679775	44	20	3	2	1	1	NA	NA	NA	unphased	1.49174528301887	0.745872641509434	2
15	89198879	89198880	13	4	3	2	1	1	NA	NA	NA	unphased	1.12319644839068	1.12319644839068	1
15	90258208	90258209	29	4	3	2	1	1	NA	NA	NA	unphased	0.578616352201258	0.578616352201258	1
15	91185215	91185216	81	47	3	2	1	1	NA	NA	NA	unphased	1.75280070754717	0.876400353773585	2
15	92663792	92663793	233	53	3	2	1	1	NA	NA	NA	unphased	0.884615384615385	0.884615384615385	1
15	93480846	93480847	33	6	3	2	1	1	NA	NA	NA	unphased	0.734397677793904	0.734397677793904	1
15	94913348	94913349	52	36	3	2	1	1	NA	NA	NA	unphased	1.95283018867925	0.976415094339623	2
15	99926292	99926293	328	212	3	2	1	1	NA	NA	NA	unphased	1.87407407407407	0.937037037037037	2
15	100332062	100332063	52	11	3	2	1	1	NA	NA	NA	unphased	0.833483078766098	0.833483078766098	1
15	101554531	101554532	160	108	3	2	1	1	NA	NA	NA	unphased	1.92368346944523	0.961841734722613	2
15	102462433	102462434	345	157	NA	NA	NA	NA	NA	NA	NA	unphased	NA	NA	1
16	705882	705883	8	3	3	3	0	1	NA	NA	NA	unphased	1.30188679245283	1.30188679245283	1
16	1400988	1400989	19	30	3	3	0	1	NA	NA	NA	unphased	2.92260300346554	0.974201001155179	3
16	1537888	1537889	261	37	3	3	0	1	NA	NA	NA	unphased	0.592693427884007	0.592693427884007	1
16	4415024	4415025	7	6	3	3	0	1	NA	NA	NA	unphased	2.20319303338171	1.10159651669086	2
16	4815615	4815616	43	70	3	3	0	1	NA	NA	NA	unphased	2.95708799465687	0.985695998218957	3
16	24902285	24902286	84	95	2	2	0	1	NA	NA	NA	unphased	2.00274059238959	1.00137029619479	2
16	28507280	28507281	9	5	2	2	0	1	NA	NA	NA	unphased	1.34770889487871	1.34770889487871	1
16	28507281	28507282	9	5	2	2	0	1	NA	NA	NA	unphased	1.34770889487871	1.34770889487871	1
16	31405624	31405625	118	26	7	5	2	1	NA	NA	NA	unphased	1.58411949685535	0.792059748427673	2
16	49670163	49670164	23	29	2	2	0	1	NA	NA	NA	unphased	2.10449927431059	1.0522496371553	2
16	50745310	50745311	75	70	2	2	0	1	NA	NA	NA	unphased	1.82173064411191	0.910865322055953	2
16	51175910	51175911	44	76	2	2	0	1	NA	NA	NA	unphased	2.38993710691824	1.19496855345912	2
16	54966529	54966530	47	70	2	2	0	1	NA	NA	NA	unphased	2.25770037090792	1.12885018545396	2
16	57608957	57608958	30	30	2	2	0	1	NA	NA	NA	unphased	1.88679245283019	0.943396226415094	2
16	58001178	58001179	35	22	2	2	0	1	NA	NA	NA	unphased	1.45647136709699	0.728235683548494	2
16	58031854	58031855	39	38	2	2	0	1	NA	NA	NA	unphased	1.86228865474148	0.931144327370742	2
16	64982540	64982541	21	13	2	2	0	1	NA	NA	NA	unphased	1.44284128745838	1.44284128745838	1
16	66432413	66432414	41	33	2	2	0	1	NA	NA	NA	unphased	1.68281489036206	0.84140744518103	2
16	67322175	67322176	76	97	2	2	0	1	NA	NA	NA	unphased	2.11582506271131	1.05791253135565	2
16	70501322	70501323	11	14	2	2	0	1	NA	NA	NA	unphased	2.11320754716981	1.05660377358491	2
16	72188114	72188115	97	129	2	2	0	1	NA	NA	NA	unphased	2.15394890632827	1.07697445316413	2
16	74386054	74386055	114	69	2	2	0	1	NA	NA	NA	unphased	1.42282709557686	0.711413547788432	2
16	76569444	76569445	32	33	2	2	0	1	NA	NA	NA	unphased	1.91582002902758	0.957910014513788	2
16	77331276	77331277	69	70	2	2	0	1	NA	NA	NA	unphased	1.90036649925343	0.950183249626714	2
16	81078196	81078197	121	150	2	2	0	1	NA	NA	NA	unphased	2.08870013228434	1.04435006614217	2
16	83999006	83999007	16	30	2	2	0	1	NA	NA	NA	unphased	2.46103363412633	1.23051681706317	2
16	84014710	84014711	76	96	2	2	0	1	NA	NA	NA	unphased	2.10618692408951	1.05309346204476	2
16	84027923	84027924	30	19	2	2	0	1	NA	NA	NA	unphased	1.46322680015402	0.731613400077012	2
16	84228668	84228669	30	25	2	2	0	1	NA	NA	NA	unphased	1.71526586620926	0.857632933104631	2
16	86602426	86602427	25	21	2	2	0	1	NA	NA	NA	unphased	1.72272354388843	0.861361771944216	2
17	1382018	1382019	41	51	2.44	2	1	0.44	1	1	0.56	unphased	2.33579163248564	1.62207752255948	1.44
17	3119404	3119405	39	61	2.44	2	1	0.44	1	1	0.56	unphased	2.57028679245283	1.7849213836478	1.44
17	4644068	4644069	15	21	2.44	2	1	0.44	1	1	0.56	unphased	2.45792452830189	1.70689203354298	1.44
17	6021441	6021442	23	32	2.44	2	1	0.44	1	1	0.56	unphased	2.45154030874786	1.70245854774157	1.44
17	6373626	6373627	12	18	2.44	2	1	0.44	1	1	0.56	unphased	2.52815094339623	1.75566037735849	1.44
17	7578439	7578440	37	37	2.44	2	1	0.44	1	1	0.56	unphased	2.10679245283019	1.46305031446541	1.44
17	7909796	7909797	23	20	2.44	2	1	0.44	1	1	0.56	unphased	1.95980693286529	1.36097703671201	1.44
17	7979604	7979605	22	17	2.44	2	1	0.44	1	1	0.56	unphased	1.8366908563135	1.27547976132882	1.44
17	10405208	10405209	25	24	2.44	2	1	0.44	1	1	0.56	unphased	2.06379668848672	1.43319214478244	1.44
17	10417423	10417424	48	47	2.44	2	1	0.44	1	1	0.56	unphased	2.08461569016882	1.44764978483946	1.44
17	10541397	10541398	66	69	2.44	2	1	0.44	1	1	0.56	unphased	2.15361006289308	1.49556254367575	1.44
17	11556253	11556254	50	47	2.44	2	1	0.44	1	1	0.56	unphased	2.04163392336121	1.41780133566751	1.44
17	11572398	11572399	68	87	2.44	2	1	0.44	1	1	0.56	unphased	2.36504443091905	1.64239196591601	1.44
17	16842927	16842928	29	30	2.44	2	1	0.44	1	1	0.56	unphased	2.14250079948833	1.48784777742245	1.44
17	17697396	17697397	60	84	2.44	2	1	0.44	1	1	0.56	unphased	2.45792452830189	1.70689203354298	1.44
17	17698713	17698714	8	11	2.44	2	1	0.44	1	1	0.56	unphased	2.43944389275074	1.69405825885468	1.44
17	18541192	18541193	54	35	2.44	2	1	0.44	1	1	0.56	unphased	1.65702777188891	1.15071373047841	1.44
17	19091448	19091449	318	46	2.44	2	1	0.44	1	1	0.56	unphased	0.532486004561476	1.21019546491245	0.44
17	25967674	25967675	132	37	2.44	2	1	0.44	1	1	0.56	unphased	0.922500837333929	0.922500837333929	1
17	26695590	26695591	102	29	2.44	2	1	0.44	1	1	0.56	unphased	0.932778337894282	0.932778337894282	1
17	26920004	26920005	151	50	2.44	2	1	0.44	1	1	0.56	unphased	1.04815544916925	1.04815544916925	1
17	26960073	26960074	62	17	2.44	2	1	0.44	1	1	0.56	unphased	0.906720802483879	0.906720802483879	1
17	27251018	27251019	24	5	2.44	2	1	0.44	1	1	0.56	unphased	0.726480156148341	0.726480156148341	1
17	27425374	27425375	27	12	2.44	2	1	0.44	1	1	0.56	unphased	1.29648766328012	1.29648766328012	1
17	28543168	28543169	69	31	2.44	2	1	0.44	1	1	0.56	unphased	1.30621132075472	1.30621132075472	1
17	28614916	28614917	56	40	2.44	2	1	0.44	1	1	0.56	unphased	1.75566037735849	1.21920859538784	1.44
17	28889926	28889927	102	23	2.44	2	1	0.44	1	1	0.56	unphased	0.775299622641509	0.775299622641509	1
17	29281554	29281555	108	62	2.44	2	1	0.44	1	1	0.56	unphased	1.5367192008879	1.06716611172771	1.44
17	29685527	29685528	53	13	2.44	2	1	0.44	1	1	0.56	unphased	0.829948542024014	0.829948542024014	1
17	29685529	29685530	54	14	2.44	2	1	0.44	1	1	0.56	unphased	0.867502774694784	0.867502774694784	1
17	30348859	30348860	124	42	2.44	2	1	0.44	1	1	0.56	unphased	1.06608774721528	1.06608774721528	1
17	30632391	30632392	98	23	2.44	2	1	0.44	1	1	0.56	unphased	0.800929362232964	0.800929362232964	1
17	30815060	30815061	46	15	2.44	2	1	0.44	1	1	0.56	unphased	1.03612743581813	1.03612743581813	1
17	32953341	32953342	13	5	2.44	2	1	0.44	1	1	0.56	unphased	1.17044025157233	1.17044025157233	1
17	33679274	33679275	16	4	2.44	2	1	0.44	1	1	0.56	unphased	0.842716981132076	0.842716981132076	1
17	34311433	34311434	60	21	2.44	2	1	0.44	1	1	0.56	unphased	1.09241090146751	1.09241090146751	1
17	34858936	34858937	128	52	2.44	2	1	0.44	1	1	0.56	unphased	1.21725786163522	1.21725786163522	1
17	34951409	34951410	44	14	2.44	2	1	0.44	1	1	0.56	unphased	1.01707221860768	1.01707221860768	1
17	34964212	34964213	116	48	2.44	2	1	0.44	1	1	0.56	unphased	1.23324436263231	1.23324436263231	1
17	36453215	36453216	59	19	2.44	2	1	0.44	1	1	0.56	unphased	1.02638606676343	1.02638606676343	1
17	37187555	37187556	42	10	2.44	2	1	0.44	1	1	0.56	unphased	0.810304789550073	0.810304789550073	1
17	37369249	37369250	91	36	2.44	2	1	0.44	1	1	0.56	unphased	1.19440202050215	1.19440202050215	1
17	37687205	37687206	39	13	2.44	2	1	0.44	1	1	0.56	unphased	1.05339622641509	1.05339622641509	1
17	37762557	37762558	12	4	2.44	2	1	0.44	1	1	0.56	unphased	1.05339622641509	1.05339622641509	1
17	38975444	38975445	43	14	2.44	2	1	0.44	1	1	0.56	unphased	1.03491559086395	1.03491559086395	1
17	39296318	39296319	40	9	2.44	2	1	0.44	1	1	0.56	unphased	0.773923758182518	0.773923758182518	1
17	39394592	39394593	67	30	2.44	2	1	0.44	1	1	0.56	unphased	1.3031705893795	1.3031705893795	1
17	39643256	39643257	93	25	2.44	2	1	0.44	1	1	0.56	unphased	0.89270866645347	0.89270866645347	1
17	39888336	39888337	51	25	2.44	2	1	0.44	1	1	0.56	unphased	1.38604766633565	0.96253310162198	1.44
17	40997009	40997010	44	7	2.44	2	1	0.44	1	1	0.56	unphased	0.578335183129856	0.578335183129856	1
17	41006720	41006721	44	6	2.44	2	1	0.44	1	1	0.56	unphased	0.505630188679245	1.14915951972556	0.44
17	41931262	41931263	89	24	2.44	2	1	0.44	1	1	0.56	unphased	0.894920687927868	0.894920687927868	1
17	42328874	42328875	76	20	2.44	2	1	0.44	1	1	0.56	unphased	0.877830188679245	0.877830188679245	1
17	43138678	43138679	21	3	2.44	2	1	0.44	1	1	0.56	unphased	0.526698113207547	0.526698113207547	1
17	45369702	45369703	82	32	2.44	2	1	0.44	1	1	0.56	unphased	1.18276067527309	1.18276067527309	1
17	47484216	47484217	30	15	2.44	2	1	0.44	1	1	0.56	unphased	1.40452830188679	1.40452830188679	1
17	51900393	51900394	30	7	2	1	1	1	NA	NA	NA	unphased	0.71392146863845	0.71392146863845	1
17	56270164	56270165	7	6	2	1	1	1	NA	NA	NA	unphased	1.74165457184325	1.74165457184325	1
17	56276469	56276470	59	15	2	1	1	1	NA	NA	NA	unphased	0.764915859255482	0.764915859255482	1
17	57094779	57094780	93	25	2	1	1	1	NA	NA	NA	unphased	0.799488327470419	0.799488327470419	1
17	58556610	58556611	53	17	2	1	1	1	NA	NA	NA	unphased	0.91644204851752	0.91644204851752	1
17	58711238	58711239	52	14	2	1	1	1	NA	NA	NA	unphased	0.800457404230989	0.800457404230989	1
17	60483851	60483852	37	12	2	1	1	1	NA	NA	NA	unphased	0.924143242202541	0.924143242202541	1
17	60778953	60778954	41	21	2	1	1	1	NA	NA	NA	unphased	1.27814972611077	1.27814972611077	1
17	61611393	61611394	106	44	2	1	1	1	NA	NA	NA	unphased	1.10691823899371	1.10691823899371	1
17	61611394	61611395	106	45	2	1	1	1	NA	NA	NA	unphased	1.12457828314382	1.12457828314382	1
17	61950630	61950631	116	21	2.24	2	1	0.24	1	1	0.76	unphased	0.615221043933343	0.615221043933343	1
17	61958387	61958388	255	78	2.24	2	1	0.24	1	1	0.76	unphased	0.94011898691144	0.94011898691144	1
17	62050197	62050198	17	7	NA	NA	NA	NA	NA	NA	NA	unphased	NA	NA	1
17	62050198	62050199	17	7	NA	NA	NA	NA	NA	NA	NA	unphased	NA	NA	1
17	66913531	66913532	173	58	2	1	1	0.87	1	1	0.13	unphased	0.947480192763212	0.947480192763212	1
17	66982352	66982353	109	45	2	1	1	0.87	1	1	0.13	unphased	1.10267091399167	1.10267091399167	1
17	66982353	66982354	105	44	2	1	1	0.87	1	1	0.13	unphased	1.11434722046347	1.11434722046347	1
17	67012470	67012471	111	34	2	1	1	0.87	1	1	0.13	unphased	0.88484059856864	0.88484059856864	1
17	67013837	67013838	246	86	2	1	1	0.87	1	1	0.13	unphased	0.977494885201182	0.977494885201182	1
17	68171897	68171898	78	31	2	1	1	0.87	1	1	0.13	unphased	1.07322139518781	1.07322139518781	1
17	73949610	73949611	66	14	2	1	1	0.87	1	1	0.13	unphased	0.660377358490566	0.660377358490566	1
17	77043890	77043891	102	33	2	1	1	0.87	1	1	0.13	unphased	0.922431865828092	0.922431865828092	1
17	78318558	78318559	132	61	2	1	1	0.87	1	1	0.13	unphased	1.19268745722945	1.19268745722945	1
17	78321521	78321522	76	33	2	1	1	0.87	1	1	0.13	unphased	1.14246148519993	1.14246148519993	1
17	79250893	79250894	54	22	2	1	1	0.87	1	1	0.13	unphased	1.09235352532274	1.09235352532274	1
17	79671381	79671382	34	6	2	1	1	0.87	1	1	0.13	unphased	0.566037735849057	0.566037735849057	1
17	79911101	79911102	13	3	2	1	1	0.87	1	1	0.13	unphased	0.707547169811321	0.707547169811321	1
17	80040802	80040803	48	12	2	1	1	0.87	1	1	0.13	unphased	0.754716981132076	0.754716981132076	1
17	80136435	80136436	27	12	2	1	1	0.87	1	1	0.13	unphased	1.1611030478955	1.1611030478955	1
17	80136436	80136437	27	11	2	1	1	0.87	1	1	0.13	unphased	1.09235352532274	1.09235352532274	1
17	80963007	80963008	49	18	NA	NA	NA	NA	NA	NA	NA	unphased	NA	NA	1
18	334951	334952	21	14	2.4	3	3	0.28	1	0	0.72	unphased	1.66943396226415	1.07014997581035	1.56
18	9517069	9517070	5	11	4	3	1	1	NA	NA	NA	unphased	3.96933962264151	1.32311320754717	3
18	10696073	10696074	114	79	4	3	1	1	NA	NA	NA	unphased	2.36328086812005	1.18164043406003	2
18	12358934	12358935	36	7	4	3	1	1	NA	NA	NA	unphased	0.939885914874945	0.939885914874945	1
18	14524909	14524910	52	39	4	3	1	1	NA	NA	NA	unphased	2.4743935309973	0.824797843665768	3
18	14542972	14542973	240	123	4	3	1	1	NA	NA	NA	unphased	1.95633868704195	0.978169343520973	2
18	14752916	14752917	20	4	1.83	1	1	0.83	1	0	0.17	unphased	0.60059748427673	0.60059748427673	1
18	14763840	14763841	18	5	1.83	1	1	0.83	1	0	0.17	unphased	0.783388022969647	0.783388022969647	1
18	14782613	14782614	26	20	1.83	1	1	0.83	1	0	0.17	unphased	1.56677604593929	1.56677604593929	1
18	14808577	14808578	52	10	1.83	1	1	0.83	1	0	0.17	unphased	0.581223371880706	0.700269122747838	0.83
18	19116017	19116018	177	63	1.83	1	1	0.83	1	0	0.17	unphased	0.945941037735849	0.945941037735849	1
18	21437826	21437827	295	34	3	2	1	1	NA	NA	NA	unphased	0.493318804840282	0.493318804840282	1
18	21892061	21892062	98	95	3	2	1	1	NA	NA	NA	unphased	2.34969205200899	1.1748460260045	2
18	22057555	22057556	15	23	3	2	1	1	NA	NA	NA	unphased	2.88927507447865	1.44463753723932	2
18	25589780	25589781	56	20	1	1	0	1	NA	NA	NA	unphased	0.729890764647468	0.729890764647468	1
18	31314343	31314344	18	12	1	1	0	1	NA	NA	NA	unphased	1.10943396226415	1.10943396226415	1
18	42533142	42533143	39	12	1	1	0	1	NA	NA	NA	unphased	0.652608213096559	0.652608213096559	1
18	58039645	58039646	7	5	1	1	0	1	NA	NA	NA	unphased	1.15566037735849	1.15566037735849	1
18	60527716	60527717	25	13	1	1	0	1	NA	NA	NA	unphased	0.948857994041708	0.948857994041708	1
18	61231352	61231353	74	26	1	1	0	1	NA	NA	NA	unphased	0.721132075471698	0.721132075471698	1
18	63489422	63489423	38	16	1	1	0	1	NA	NA	NA	unphased	0.821802935010482	0.821802935010482	1
18	70209050	70209051	15	4	1	1	0	1	NA	NA	NA	unphased	0.583912611717974	0.583912611717974	1
18	70532459	70532460	26	9	1	1	0	1	NA	NA	NA	unphased	0.713207547169811	0.713207547169811	1
18	77170979	77170980	24	5	NA	NA	NA	NA	NA	NA	NA	unphased	NA	NA	1
19	425193	425194	13	25	2	2	0	1	NA	NA	NA	unphased	2.48262164846077	1.24131082423039	2
19	746410	746411	19	3	2	2	0	1	NA	NA	NA	unphased	0.514579759862779	0.514579759862779	1
19	1783258	1783259	6	9	2	2	0	1	NA	NA	NA	unphased	2.26415094339623	1.13207547169811	2
19	2413829	2413830	38	37	2	2	0	1	NA	NA	NA	unphased	1.86163522012579	0.930817610062893	2
19	2834575	2834576	20	32	2	2	0	1	NA	NA	NA	unphased	2.322206095791	1.1611030478955	2
19	2877356	2877357	36	51	2	2	0	1	NA	NA	NA	unphased	2.2121014964216	1.1060507482108	2
19	4298100	4298101	52	51	2	2	0	1	NA	NA	NA	unphased	1.86847407950174	0.93423703975087	2
19	6853989	6853990	87	94	2	2	0	1	NA	NA	NA	unphased	1.95976232669655	0.979881163348275	2
19	7762179	7762180	31	39	2	2	0	1	NA	NA	NA	unphased	2.10242587601078	1.05121293800539	2
19	9012813	9012814	70	86	2	2	0	1	NA	NA	NA	unphased	2.08030962747944	1.04015481373972	2
19	9045688	9045689	30	29	2	2	0	1	NA	NA	NA	unphased	1.85481291973137	0.927406459865686	2
19	9046270	9046271	27	31	2	2	0	1	NA	NA	NA	unphased	2.01691607026675	1.00845803513338	2
19	9046271	9046272	26	32	2	2	0	1	NA	NA	NA	unphased	2.08197787898504	1.04098893949252	2
19	9072188	9072189	92	86	2	2	0	1	NA	NA	NA	unphased	1.82319270722917	0.911596353614586	2
19	9072903	9072904	41	39	2	2	0	1	NA	NA	NA	unphased	1.83962264150943	0.919811320754717	2
19	9076688	9076689	44	66	2	2	0	1	NA	NA	NA	unphased	2.26415094339623	1.13207547169811	2
19	9087692	9087693	47	37	2	2	0	1	NA	NA	NA	unphased	1.66217430368374	0.831087151841869	2
19	9324726	9324727	34	55	2	2	0	1	NA	NA	NA	unphased	2.33199067203731	1.16599533601866	2
19	9873982	9873983	63	97	2	2	0	1	NA	NA	NA	unphased	2.2877358490566	1.1438679245283	2
19	10335160	10335161	23	32	2	2	0	1	NA	NA	NA	unphased	2.19554030874786	1.09777015437393	2
19	10445844	10445845	65	71	2	2	0	1	NA	NA	NA	unphased	1.9700332963374	0.985016648168701	2
19	11280497	11280498	10	13	2	2	0	1	NA	NA	NA	unphased	2.13289581624282	1.06644790812141	2
19	11978458	11978459	67	73	2	2	0	1	NA	NA	NA	unphased	1.96765498652291	0.983827493261456	2
19	12061332	12061333	12	19	2	2	0	1	NA	NA	NA	unphased	2.31284236153378	1.15642118076689	2
19	12848435	12848436	16	13	2	2	0	1	NA	NA	NA	unphased	1.69160702667534	0.845803513337671	2
19	14574702	14574703	21	17	2	2	0	1	NA	NA	NA	unphased	1.68818272095333	0.844091360476663	2
19	14876505	14876506	140	39	2	2	0	1	NA	NA	NA	unphased	0.822177716875725	0.822177716875725	1
19	15997052	15997053	185	182	2	2	0	1	NA	NA	NA	unphased	1.87136908128117	0.935684540640584	2
19	16060489	16060490	77	83	2	2	0	1	NA	NA	NA	unphased	1.95754716981132	0.97877358490566	2
19	17370464	17370465	88	139	2	2	0	1	NA	NA	NA	unphased	2.31069736514005	1.15534868257003	2
19	17438607	17438608	47	48	2	2	0	1	NA	NA	NA	unphased	1.90665342601787	0.953326713008937	2
19	18474267	18474268	20	19	2	2	0	1	NA	NA	NA	unphased	1.83841315916788	0.919206579583938	2
19	19613321	19613322	47	44	2	2	0	1	NA	NA	NA	unphased	1.82459050383579	0.912295251917893	2
19	19758455	19758456	16	15	2	2	0	1	NA	NA	NA	unphased	1.82592818015825	0.912964090079123	2
19	20236178	20236179	20	10	2	2	0	1	NA	NA	NA	unphased	1.25786163522013	1.25786163522013	1
19	22154163	22154164	29	19	2	2	0	1	NA	NA	NA	unphased	1.4937106918239	0.74685534591195	2
19	22363555	22363556	96	34	2	2	0	1	NA	NA	NA	unphased	0.986937590711176	0.986937590711176	1
19	22375820	22375821	48	42	2	2	0	1	NA	NA	NA	unphased	1.76100628930818	0.880503144654088	2
19	23159424	23159425	25	25	2	2	0	1	NA	NA	NA	unphased	1.88679245283019	0.943396226415094	2
19	30505792	30505793	143	62	4	2	2	1	NA	NA	NA	unphased	1.74615738610216	0.873078693051081	2
19	30936087	30936088	115	56	4	2	2	1	NA	NA	NA	unphased	1.89076464746773	0.945382323733863	2
19	32955671	32955672	84	44	4	2	2	1	NA	NA	NA	unphased	1.98466981132075	0.992334905660377	2
19	33167780	33167781	5	7	4	2	2	1	NA	NA	NA	unphased	3.36792452830189	1.68396226415094	2
19	33623154	33623155	145	49	5.75	5	2	0.75	1	1	0.25	unphased	1.90028690916164	1.08587823380665	1.75
19	35617780	35617781	32	13	1.3	2	1	0.15	1	0	0.85	unphased	0.887924528301887	0.887924528301887	1
19	35835767	35835768	125	31	1.3	2	1	0.15	1	0	0.85	unphased	0.61077648766328	0.61077648766328	1
19	36113795	36113796	81	60	1.3	2	1	0.15	1	0	0.85	unphased	1.30790847049378	1.13731171347285	1.15
19	36214713	36214714	16	5	1.3	2	1	0.15	1	0	0.85	unphased	0.731805929919137	0.731805929919137	1
19	36352129	36352130	9	15	1.3	2	1	0.15	1	0	0.85	unphased	1.92099056603774	1.67042657916325	1.15
19	36505091	36505092	69	25	1.3	2	1	0.15	1	0	0.85	unphased	0.817442794058611	0.817442794058611	1
19	37488270	37488271	8	3	1.3	2	1	0.15	1	0	0.85	unphased	0.838250428816466	0.838250428816466	1
19	37579990	37579991	104	53	1.3	2	1	0.15	1	0	0.85	unphased	1.03757961783439	1.03757961783439	1
19	37676856	37676857	117	37	1.3	2	1	0.15	1	0	0.85	unphased	0.73845871110022	0.73845871110022	1
19	38160623	38160624	65	91	1.13	2	0	0.13	1	0	0.87	unphased	1.69375786163522	1.49890076250904	1.13
19	38161014	38161015	67	89	1.13	2	0	0.13	1	0	0.87	unphased	1.65653241412675	1.46595788860775	1.13
19	38991613	38991614	17	18	1.13	2	0	0.13	1	0	0.87	unphased	1.49327223719677	1.32147985592634	1.13
19	39362465	39362466	35	47	1.13	2	0	0.13	1	0	0.87	unphased	1.66424988495168	1.4727875088068	1.13
19	41930388	41930389	141	44	3	2	1	1	NA	NA	NA	unphased	1.1353391126976	1.1353391126976	1
19	42396399	42396400	255	46	3	2	1	1	NA	NA	NA	unphased	0.729517959004576	0.729517959004576	1
19	42600275	42600276	21	15	3	2	1	1	NA	NA	NA	unphased	1.98899371069182	0.994496855345912	2
19	43414913	43414914	246	70	3	2	1	1	NA	NA	NA	unphased	1.05743969429186	1.05743969429186	1
19	43433661	43433662	475	109	3	2	1	1	NA	NA	NA	unphased	0.890960196433187	0.890960196433187	1
19	43575853	43575854	299	67	3	2	1	1	NA	NA	NA	unphased	0.873852974533457	0.873852974533457	1
19	43757754	43757755	41	78	3	2	1	1	NA	NA	NA	unphased	3.12890439194546	1.56445219597273	2
19	44065073	44065074	175	112	3	2	1	1	NA	NA	NA	unphased	1.86286240220893	0.931431201104464	2
19	44352079	44352080	104	18	3	2	1	1	NA	NA	NA	unphased	0.704299412310547	0.704299412310547	1
19	44732499	44732500	10	7	3	2	1	1	NA	NA	NA	unphased	1.96559378468368	0.982796892341842	2
19	45822879	45822880	173	44	3	2	1	1	NA	NA	NA	unphased	0.967915833405791	0.967915833405791	1
19	46094287	46094288	49	30	3	2	1	1	NA	NA	NA	unphased	1.81275376164318	0.906376880821591	2
19	46328428	46328429	66	64	3	2	1	1	NA	NA	NA	unphased	2.35007256894049	1.17503628447025	2
19	46332346	46332347	77	59	3	2	1	1	NA	NA	NA	unphased	2.07089345172031	1.03544672586016	2
19	46663910	46663911	278	55	3	2	1	1	NA	NA	NA	unphased	0.788429939373336	0.788429939373336	1
19	46914864	46914865	147	37	3	2	1	1	NA	NA	NA	unphased	0.959905660377359	0.959905660377359	1
19	47858495	47858496	128	100	3	2	1	1	NA	NA	NA	unphased	2.09367759020192	1.04683879510096	2
19	48547116	48547117	32	28	3	2	1	1	NA	NA	NA	unphased	2.22767295597484	1.11383647798742	2
19	49622255	49622256	63	35	3	2	1	1	NA	NA	NA	unphased	1.70485175202156	0.852425876010782	2
19	50209484	50209485	14	4	3	2	1	1	NA	NA	NA	unphased	1.06079664570231	1.06079664570231	1
19	50266501	50266502	129	40	3	2	1	1	NA	NA	NA	unphased	1.12984258122139	1.12984258122139	1
19	50964955	50964956	34	3	3	2	1	1	NA	NA	NA	unphased	0.387047424783274	0.387047424783274	1
19	51361522	51361523	49	32	3	2	1	1	NA	NA	NA	unphased	1.88586070347077	0.942930351735383	2
19	51770667	51770668	163	29	3	2	1	1	NA	NA	NA	unphased	0.721010220125786	0.721010220125786	1
19	51883414	51883415	13	15	3	2	1	1	NA	NA	NA	unphased	2.55727762803235	1.27863881401617	2
19	52003231	52003232	109	36	3	2	1	1	NA	NA	NA	unphased	1.18516590761223	1.18516590761223	1
19	52004700	52004701	164	68	3	2	1	1	NA	NA	NA	unphased	1.39915419648666	0.699577098243331	2
19	52132607	52132608	88	43	3	2	1	1	NA	NA	NA	unphased	1.56690191559844	0.783450957799222	2
19	52148736	52148737	143	22	3	2	1	1	NA	NA	NA	unphased	0.636477987421384	0.636477987421384	1
19	52272531	52272532	97	19	3	2	1	1	NA	NA	NA	unphased	0.781880286271958	0.781880286271958	1
19	52570197	52570198	41	16	3	2	1	1	NA	NA	NA	unphased	1.33995365772923	1.33995365772923	1
19	52938434	52938435	36	22	3	2	1	1	NA	NA	NA	unphased	1.8106701366298	0.905335068314899	2
19	53086574	53086575	65	13	3	2	1	1	NA	NA	NA	unphased	0.79559748427673	0.79559748427673	1
19	53269552	53269553	151	86	3	2	1	1	NA	NA	NA	unphased	1.73218692779237	0.866093463896187	2
19	53385190	53385191	170	111	3	2	1	1	NA	NA	NA	unphased	1.88565097696905	0.942825488484523	2
19	53572004	53572005	102	59	3	2	1	1	NA	NA	NA	unphased	1.74932614555256	0.87466307277628	2
19	53643510	53643511	70	22	3	2	1	1	NA	NA	NA	unphased	1.14150943396226	1.14150943396226	1
19	53792942	53792943	168	129	3	2	1	1	NA	NA	NA	unphased	2.07337526205451	1.03668763102725	2
19	53793363	53793364	117	77	3	2	1	1	NA	NA	NA	unphased	1.89467029760747	0.947335148803735	2
19	53912733	53912734	54	31	3	2	1	1	NA	NA	NA	unphased	1.74095449500555	0.870477247502775	2
19	53958871	53958872	229	43	3	2	1	1	NA	NA	NA	unphased	0.754647613762486	0.754647613762486	1
19	53995064	53995065	44	21	3	2	1	1	NA	NA	NA	unphased	1.5422351233672	0.771117561683599	2
19	53995208	53995209	39	18	3	2	1	1	NA	NA	NA	unphased	1.50744786494538	0.753723932472691	2
19	54301540	54301541	61	48	3	2	1	1	NA	NA	NA	unphased	2.10212913276787	1.05106456638394	2
19	54307227	54307228	39	20	3	2	1	1	NA	NA	NA	unphased	1.61816437480013	0.809082187400064	2
19	54313685	54313686	204	50	3	2	1	1	NA	NA	NA	unphased	0.939682068043382	0.939682068043382	1
19	54377183	54377184	109	33	3	2	1	1	NA	NA	NA	unphased	1.10935423863938	1.10935423863938	1
19	54418755	54418756	48	22	3	2	1	1	NA	NA	NA	unphased	1.50026954177898	0.750134770889488	2
19	54695430	54695431	29	10	3	2	1	1	NA	NA	NA	unphased	1.22399612965651	1.22399612965651	1
19	54744934	54744935	137	10	3	2	1	1	NA	NA	NA	unphased	0.324733667051726	0.324733667051726	1
19	54823818	54823819	41	24	3	2	1	1	NA	NA	NA	unphased	1.76255442670537	0.881277213352685	2
19	54848413	54848414	30	15	3	2	1	1	NA	NA	NA	unphased	1.59119496855346	0.79559748427673	2
19	55179428	55179429	103	50	3	2	1	1	NA	NA	NA	unphased	1.55999506720927	0.779997533604637	2
19	55281270	55281271	50	10	3	2	1	1	NA	NA	NA	unphased	0.79559748427673	0.79559748427673	1
19	55315365	55315366	123	87	3	2	1	1	NA	NA	NA	unphased	1.97762803234501	0.988814016172507	2
19	56047493	56047494	42	8	3	2	1	1	NA	NA	NA	unphased	0.76377358490566	0.76377358490566	1
19	56443407	56443408	106	22	3	2	1	1	NA	NA	NA	unphased	0.820459905660377	0.820459905660377	1
19	56466445	56466446	94	79	3	2	1	1	NA	NA	NA	unphased	2.17984513033046	1.08992256516523	2
19	56487654	56487655	60	52	3	2	1	1	NA	NA	NA	unphased	2.21630727762803	1.10815363881402	2
19	57086047	57086048	73	20	3	2	1	1	NA	NA	NA	unphased	1.02657739906675	1.02657739906675	1
19	57175463	57175464	26	5	3	2	1	1	NA	NA	NA	unphased	0.769933049300061	0.769933049300061	1
19	57642467	57642468	22	15	3	2	1	1	NA	NA	NA	unphased	1.93523712391637	0.967618561958185	2
19	57646927	57646928	141	62	3	2	1	1	NA	NA	NA	unphased	1.45794218793568	0.728971093967841	2
19	57868779	57868780	37	11	3	2	1	1	NA	NA	NA	unphased	1.0939465408805	1.0939465408805	1
19	58003602	58003603	87	64	3	2	1	1	NA	NA	NA	unphased	2.02324128451831	1.01162064225915	2
19	58420354	58420355	85	62	3	2	1	1	NA	NA	NA	unphased	2.0133487357207	1.00667436786035	2
19	58549596	58549597	7	7	3	2	1	1	NA	NA	NA	unphased	2.38679245283019	1.19339622641509	2
19	58565187	58565188	56	36	3	2	1	1	NA	NA	NA	unphased	1.86792452830189	0.933962264150944	2
19	58578317	58578318	66	36	3	2	1	1	NA	NA	NA	unphased	1.68479467258602	0.842397336293008	2
19	58639118	58639119	11	5	3	2	1	1	NA	NA	NA	unphased	1.49174528301887	1.49174528301887	1
19	58639367	58639368	215	59	3	2	1	1	NA	NA	NA	unphased	1.02788872056191	1.02788872056191	1
2	1893230	1893231	71	13	3	2	1	1	NA	NA	NA	unphased	0.738769092542678	0.738769092542678	1
2	11735430	11735431	47	29	3	2	1	1	NA	NA	NA	unphased	1.82149950347567	0.910749751737835	2
2	14774609	14774610	13	3	3	2	1	1	NA	NA	NA	unphased	0.895047169811321	0.895047169811321	1
2	15613422	15613423	56	19	3	2	1	1	NA	NA	NA	unphased	1.20930817610063	1.20930817610063	1
2	15757434	15757435	127	89	3	2	1	1	NA	NA	NA	unphased	1.96689378057303	0.983446890286513	2
2	17698069	17698070	39	3	3	2	1	1	NA	NA	NA	unphased	0.340970350404313	0.340970350404313	1
2	17699344	17699345	85	43	3	2	1	1	NA	NA	NA	unphased	1.60362617924528	0.801813089622642	2
2	17954484	17954485	35	31	3	2	1	1	NA	NA	NA	unphased	2.24213836477987	1.12106918238994	2
2	18745241	18745242	119	65	3	2	1	1	NA	NA	NA	unphased	1.68632075471698	0.843160377358491	2
2	20508287	20508288	136	46	3	2	1	1	NA	NA	NA	unphased	1.20651047066141	1.20651047066141	1
2	21229323	21229324	130	51	3	2	1	1	NA	NA	NA	unphased	1.34504326071094	0.672521630355468	2
2	21233859	21233860	102	78	3	2	1	1	NA	NA	NA	unphased	2.0685534591195	1.03427672955975	2
2	26699039	26699040	36	10	3	2	1	1	NA	NA	NA	unphased	1.0377358490566	1.0377358490566	1
2	26712554	26712555	34	28	3	2	1	1	NA	NA	NA	unphased	2.15581253804017	1.07790626902009	2
2	27424658	27424659	36	31	3	2	1	1	NA	NA	NA	unphased	2.20867361306674	1.10433680653337	2
2	27556623	27556624	261	71	3	2	1	1	NA	NA	NA	unphased	1.02085701295749	1.02085701295749	1
2	27700123	27700124	270	63	3	2	1	1	NA	NA	NA	unphased	0.903110657827639	0.903110657827639	1
2	27800908	27800909	72	33	3	2	1	1	NA	NA	NA	unphased	1.50026954177898	0.750134770889488	2
2	31483648	31483649	106	29	3	2	1	1	NA	NA	NA	unphased	1.02543675751223	1.02543675751223	1
2	33498803	33498804	68	8	3	2	1	1	NA	NA	NA	unphased	0.502482621648461	0.502482621648461	1
2	37215787	37215788	47	44	3	2	1	1	NA	NA	NA	unphased	2.30810698735227	1.15405349367614	2
2	39251237	39251238	82	14	3	2	1	1	NA	NA	NA	unphased	0.696147798742138	0.696147798742138	1
2	40401969	40401970	130	26	3	2	1	1	NA	NA	NA	unphased	0.79559748427673	0.79559748427673	1
2	43804211	43804212	23	16	3	2	1	1	NA	NA	NA	unphased	1.95839380745041	0.979196903725206	2
2	43937154	43937155	237	42	3	2	1	1	NA	NA	NA	unphased	0.718604179346724	0.718604179346724	1
2	50724471	50724472	57	40	3	2	1	1	NA	NA	NA	unphased	1.96848862089088	0.984244310445439	2
2	64083465	64083466	189	67	3	2	1	1	NA	NA	NA	unphased	1.2493366745283	1.2493366745283	1
2	69771659	69771660	46	23	3	2	1	1	NA	NA	NA	unphased	1.59119496855346	0.79559748427673	2
2	70187791	70187792	90	30	3	2	1	1	NA	NA	NA	unphased	1.19339622641509	1.19339622641509	1
2	79878771	79878772	39	26	3	2	1	1	NA	NA	NA	unphased	1.90943396226415	0.954716981132076	2
2	85875943	85875944	292	69	3	2	1	1	NA	NA	NA	unphased	0.912402655098521	0.912402655098521	1
2	86297335	86297336	35	31	3	2	1	1	NA	NA	NA	unphased	2.24213836477987	1.12106918238994	2
2	88879055	88879056	168	29	3	2	1	1	NA	NA	NA	unphased	0.702710468345944	0.702710468345944	1
2	90198919	90198920	144	100	3	2	1	1	NA	NA	NA	unphased	1.95638725641819	0.978193628209094	2
2	90248952	90248953	98	66	3	2	1	1	NA	NA	NA	unphased	1.92107685227796	0.960538426138978	2
2	96780673	96780674	25	5	3	2	1	1	NA	NA	NA	unphased	0.79559748427673	0.79559748427673	1
2	96781400	96781401	42	11	3	2	1	1	NA	NA	NA	unphased	0.990744037023852	0.990744037023852	1
2	98377351	98377352	104	22	3	2	1	1	NA	NA	NA	unphased	0.833483078766098	0.833483078766098	1
2	98409344	98409345	30	15	3	2	1	1	NA	NA	NA	unphased	1.59119496855346	0.79559748427673	2
2	100343537	100343538	64	18	3	2	1	1	NA	NA	NA	unphased	1.04786010124252	1.04786010124252	1
2	100910718	100910719	55	36	3	2	1	1	NA	NA	NA	unphased	1.88845117147004	0.94422558573502	2
2	101604629	101604630	179	49	3	2	1	1	NA	NA	NA	unphased	1.02590201919894	1.02590201919894	1
2	103040824	103040825	113	25	3	2	1	1	NA	NA	NA	unphased	0.864779874213837	0.864779874213837	1
2	108608579	108608580	107	24	3	2	1	1	NA	NA	NA	unphased	0.874549906380527	0.874549906380527	1
2	109400451	109400452	15	3	3	2	1	1	NA	NA	NA	unphased	0.79559748427673	0.79559748427673	1
2	110015229	110015230	23	9	3	2	1	1	NA	NA	NA	unphased	1.34257075471698	1.34257075471698	1
2	114256999	114257000	83	22	3	2	1	1	NA	NA	NA	unphased	1.00017969451932	1.00017969451932	1
2	114512770	114512771	61	12	3	2	1	1	NA	NA	NA	unphased	0.784698888601706	0.784698888601706	1
2	120369311	120369312	49	26	3	2	1	1	NA	NA	NA	unphased	1.6548427672956	0.827421383647799	2
2	125261958	125261959	42	20	3	2	1	1	NA	NA	NA	unphased	1.53986609860012	0.769933049300061	2
2	125504813	125504814	24	20	3	2	1	1	NA	NA	NA	unphased	2.16981132075472	1.08490566037736	2
2	128380937	128380938	22	5	3	2	1	1	NA	NA	NA	unphased	0.883997204751922	0.883997204751922	1
2	128389279	128389280	23	5	3	2	1	1	NA	NA	NA	unphased	0.852425876010782	0.852425876010782	1
2	128477376	128477377	109	32	3	2	1	1	NA	NA	NA	unphased	1.08336678710023	1.08336678710023	1
2	130832734	130832735	135	38	3	2	1	1	NA	NA	NA	unphased	1.04853310066529	1.04853310066529	1
2	130897165	130897166	23	13	3	2	1	1	NA	NA	NA	unphased	1.72379454926625	0.861897274633124	2
2	131520577	131520578	45	31	3	2	1	1	NA	NA	NA	unphased	1.94712015888779	0.973560079443893	2
2	132233724	132233725	19	24	3	2	1	1	NA	NA	NA	unphased	2.66432645897323	1.33216322948662	2
2	132258076	132258077	50	39	3	2	1	1	NA	NA	NA	unphased	2.09179563281747	1.04589781640873	2
2	133540836	133540837	66	16	3	2	1	1	NA	NA	NA	unphased	0.931431201104464	0.931431201104464	1
2	133547682	133547683	33	16	3	2	1	1	NA	NA	NA	unphased	1.55872160184829	0.779360800924143	2
2	135308165	135308166	57	32	3	2	1	1	NA	NA	NA	unphased	1.71634513461946	0.858172567309731	2
2	135741287	135741288	75	55	3	2	1	1	NA	NA	NA	unphased	2.01959361393324	1.00979680696662	2
2	139428621	139428622	56	10	3	2	1	1	NA	NA	NA	unphased	0.723270440251572	0.723270440251572	1
2	139428798	139428799	38	10	3	2	1	1	NA	NA	NA	unphased	0.994496855345912	0.994496855345912	1
2	141253290	141253291	59	8	3	2	1	1	NA	NA	NA	unphased	0.56998028724303	0.56998028724303	1
2	141571228	141571229	89	35	3	2	1	1	NA	NA	NA	unphased	1.34738283627511	0.673691418137553	2
2	144899606	144899607	47	25	3	2	1	1	NA	NA	NA	unphased	1.65749475890985	0.828747379454927	2
2	152403999	152404000	17	3	3	2	1	1	NA	NA	NA	unphased	0.716037735849057	0.716037735849057	1
2	155115538	155115539	86	15	3	2	1	1	NA	NA	NA	unphased	0.708948253315898	0.708948253315898	1
2	155711480	155711481	174	41	3	2	1	1	NA	NA	NA	unphased	0.910311540149188	0.910311540149188	1
2	158142594	158142595	79	40	3	2	1	1	NA	NA	NA	unphased	1.60456635484382	0.802283177421912	2
2	159028704	159028705	123	26	3	2	1	1	NA	NA	NA	unphased	0.832974547296442	0.832974547296442	1
2	160304782	160304783	132	23	3	2	1	1	NA	NA	NA	unphased	0.708338405356056	0.708338405356056	1
2	160741800	160741801	145	75	3	2	1	1	NA	NA	NA	unphased	1.62735849056604	0.813679245283019	2
2	165349408	165349409	9	4	3	2	1	1	NA	NA	NA	unphased	1.46879535558781	1.46879535558781	1
2	166027020	166027021	62	60	3	2	1	1	NA	NA	NA	unphased	2.34766470770183	1.17383235385091	2
2	166245797	166245798	136	29	3	2	1	1	NA	NA	NA	unphased	0.838993710691824	0.838993710691824	1
2	166848854	166848855	156	33	3	2	1	1	NA	NA	NA	unphased	0.833483078766098	0.833483078766098	1
2	167301325	167301326	15	11	3	2	1	1	NA	NA	NA	unphased	2.01959361393324	1.00979680696662	2
2	168100282	168100283	90	24	3	2	1	1	NA	NA	NA	unphased	1.00496524329692	1.00496524329692	1
2	168104216	168104217	42	28	3	2	1	1	NA	NA	NA	unphased	1.90943396226415	0.954716981132076	2
2	168105194	168105195	77	49	3	2	1	1	NA	NA	NA	unphased	1.85639412997904	0.928197064989518	2
2	168726220	168726221	77	15	3	2	1	1	NA	NA	NA	unphased	0.778301886792453	0.778301886792453	1
2	170103262	170103263	276	70	3	2	1	1	NA	NA	NA	unphased	0.965754171665394	0.965754171665394	1
2	175437022	175437023	99	35	3	2	1	1	NA	NA	NA	unphased	1.24683187834413	1.24683187834413	1
2	176965021	176965022	36	16	3	2	1	1	NA	NA	NA	unphased	1.46879535558781	1.46879535558781	1
2	178494018	178494019	8	10	3	2	1	1	NA	NA	NA	unphased	2.65199161425577	1.32599580712788	2
2	179431399	179431400	205	145	3	2	1	1	NA	NA	NA	unphased	1.97762803234501	0.988814016172507	2
2	179434749	179434750	71	20	3	2	1	1	NA	NA	NA	unphased	1.04913953970558	1.04913953970558	1
2	179437166	179437167	55	20	3	2	1	1	NA	NA	NA	unphased	1.27295597484277	1.27295597484277	1
2	179439251	179439252	241	54	3	2	1	1	NA	NA	NA	unphased	0.873808762392069	0.873808762392069	1
2	179486602	179486603	63	15	3	2	1	1	NA	NA	NA	unphased	0.91799709724238	0.91799709724238	1
2	179585180	179585181	139	35	3	2	1	1	NA	NA	NA	unphased	0.960203860333984	0.960203860333984	1
2	179605897	179605898	132	28	3	2	1	1	NA	NA	NA	unphased	0.835377358490566	0.835377358490566	1
2	179611227	179611228	73	18	3	2	1	1	NA	NA	NA	unphased	0.94422558573502	0.94422558573502	1
2	179640771	179640772	217	55	3	2	1	1	NA	NA	NA	unphased	0.965246947835738	0.965246947835738	1
2	179644906	179644907	106	27	3	2	1	1	NA	NA	NA	unphased	0.969073627464889	0.969073627464889	1
2	179658138	179658139	194	130	3	2	1	1	NA	NA	NA	unphased	1.9153272769625	0.957663638481249	2
2	182409455	182409456	54	47	3	2	1	1	NA	NA	NA	unphased	2.22137119372315	1.11068559686157	2
2	185802584	185802585	61	27	3	2	1	1	NA	NA	NA	unphased	1.46462264150943	0.732311320754717	2
2	186678560	186678561	42	32	3	2	1	1	NA	NA	NA	unphased	2.06425293217746	1.03212646608873	2
2	187521117	187521118	142	97	3	2	1	1	NA	NA	NA	unphased	1.93739638430568	0.968698192152838	2
2	198650718	198650719	35	9	3	2	1	1	NA	NA	NA	unphased	0.976415094339623	0.976415094339623	1
2	201438623	201438624	80	55	3	2	1	1	NA	NA	NA	unphased	1.94479385045423	0.972396925227114	2
2	201515772	201515773	122	33	3	2	1	1	NA	NA	NA	unphased	1.01631162507608	1.01631162507608	1
2	202074131	202074132	106	66	3	2	1	1	NA	NA	NA	unphased	1.8317244405441	0.915862220272049	2
2	207172541	207172542	50	18	3	2	1	1	NA	NA	NA	unphased	1.26359600443951	1.26359600443951	1
2	207625737	207625738	100	80	3	2	1	1	NA	NA	NA	unphased	2.12159329140461	1.06079664570231	2
2	212248594	212248595	208	47	3	2	1	1	NA	NA	NA	unphased	0.87983721790603	0.87983721790603	1
2	212295688	212295689	142	34	3	2	1	1	NA	NA	NA	unphased	0.922169811320755	0.922169811320755	1
2	215884166	215884167	107	24	3	2	1	1	NA	NA	NA	unphased	0.874549906380527	0.874549906380527	1
2	218925642	218925643	14	11	3	2	1	1	NA	NA	NA	unphased	2.10037735849057	1.05018867924528	2
2	219694975	219694976	37	14	3	2	1	1	NA	NA	NA	unphased	1.31039585645579	1.31039585645579	1
2	219870806	219870807	68	8	3	2	1	1	NA	NA	NA	unphased	0.502482621648461	0.502482621648461	1
2	220161833	220161834	28	22	3	2	1	1	NA	NA	NA	unphased	2.10037735849057	1.05018867924528	2
2	220285299	220285300	31	35	3	2	1	1	NA	NA	NA	unphased	2.5314465408805	1.26572327044025	2
2	220357412	220357413	56	19	3	2	1	1	NA	NA	NA	unphased	1.20930817610063	1.20930817610063	1
2	220422697	220422698	18	6	3	2	1	1	NA	NA	NA	unphased	1.19339622641509	1.19339622641509	1
2	220494050	220494051	17	18	3	2	1	1	NA	NA	NA	unphased	2.45498652291105	1.22749326145553	2
2	220500080	220500081	68	29	3	2	1	1	NA	NA	NA	unphased	1.42715425014589	0.713577125072943	2
2	228860330	228860331	99	26	3	2	1	1	NA	NA	NA	unphased	0.992905660377359	0.992905660377359	1
2	228882713	228882714	153	46	3	2	1	1	NA	NA	NA	unphased	1.10344173698682	1.10344173698682	1
2	228883480	228883481	262	60	3	2	1	1	NA	NA	NA	unphased	0.889487870619946	0.889487870619946	1
2	230223350	230223351	86	20	3	2	1	1	NA	NA	NA	unphased	0.900676397294411	0.900676397294411	1
2	233323622	233323623	16	9	3	2	1	1	NA	NA	NA	unphased	1.71849056603774	1.71849056603774	1
2	233396136	233396137	66	34	3	2	1	1	NA	NA	NA	unphased	1.62301886792453	0.811509433962264	2
2	237272467	237272468	81	86	3	2	1	1	NA	NA	NA	unphased	2.45825330471133	1.22912665235567	2
2	238233377	238233378	42	12	3	2	1	1	NA	NA	NA	unphased	1.06079664570231	1.06079664570231	1
2	238243327	238243328	53	23	3	2	1	1	NA	NA	NA	unphased	1.44463753723932	0.722318768619662	2
2	239990257	239990258	63	34	3	2	1	1	NA	NA	NA	unphased	1.67321532775725	0.836607663878623	2
2	241468695	241468696	54	17	3	2	1	1	NA	NA	NA	unphased	1.14297103374967	1.14297103374967	1
2	241528824	241528825	142	99	3	2	1	1	NA	NA	NA	unphased	1.96093321850779	0.980466609253895	2
2	242066237	242066238	100	60	3	2	1	1	NA	NA	NA	unphased	1.79009433962264	0.895047169811321	2
20	170230	170231	85	73	NA	NA	NA	NA	NA	NA	NA	unphased	NA	NA	1
20	377001	377002	26	33	NA	NA	NA	NA	NA	NA	NA	unphased	NA	NA	1
20	2375199	2375200	7	10	2	2	0	1	NA	NA	NA	unphased	2.21975582685905	1.10987791342952	2
20	2398084	2398085	13	27	2	2	0	1	NA	NA	NA	unphased	2.54716981132075	1.27358490566038	2
20	2641175	2641176	46	67	2	2	0	1	NA	NA	NA	unphased	2.23743529804642	1.11871764902321	2
20	2774981	2774982	32	33	2	2	0	1	NA	NA	NA	unphased	1.91582002902758	0.957910014513788	2
20	2775966	2775967	31	46	2	2	0	1	NA	NA	NA	unphased	2.25434942416074	1.12717471208037	2
20	3233243	3233244	71	76	2	2	0	1	NA	NA	NA	unphased	1.95096906687203	0.975484533436016	2
20	3660145	3660146	13	11	2	2	0	1	NA	NA	NA	unphased	1.72955974842767	0.864779874213836	2
20	3759135	3759136	9	16	2	2	0	1	NA	NA	NA	unphased	2.41509433962264	1.20754716981132	2
20	3802835	3802836	33	37	2	2	0	1	NA	NA	NA	unphased	1.99460916442049	0.997304582210243	2
20	5283321	5283322	100	91	2	2	0	1	NA	NA	NA	unphased	1.79788600217327	0.898943001086634	2
20	23424650	23424651	21	17	2	2	0	1	NA	NA	NA	unphased	1.68818272095333	0.844091360476663	2
20	23433220	23433221	37	49	2	2	0	1	NA	NA	NA	unphased	2.15006581834138	1.07503290917069	2
20	30070203	30070204	41	66	2	2	0	1	NA	NA	NA	unphased	2.32763181096808	1.16381590548404	2
20	31368123	31368124	29	31	2	2	0	1	NA	NA	NA	unphased	1.94968553459119	0.974842767295597	2
20	31828180	31828181	129	117	2	2	0	1	NA	NA	NA	unphased	1.79475379659457	0.897376898297285	2
20	33585347	33585348	5	8	2	2	0	1	NA	NA	NA	unphased	2.322206095791	1.1611030478955	2
20	35635931	35635932	41	35	2	2	0	1	NA	NA	NA	unphased	1.73783515392254	0.868917576961271	2
20	42242568	42242569	38	41	2	2	0	1	NA	NA	NA	unphased	1.9584427991402	0.979221399570098	2
20	42885969	42885970	23	23	2	2	0	1	NA	NA	NA	unphased	1.88679245283019	0.943396226415094	2
20	44506324	44506325	31	37	2	2	0	1	NA	NA	NA	unphased	2.05327413984462	1.02663706992231	2
20	44645003	44645004	28	22	2	2	0	1	NA	NA	NA	unphased	1.66037735849057	0.830188679245283	2
20	44671796	44671797	73	91	2	2	0	1	NA	NA	NA	unphased	2.09387942936033	1.04693971468017	2
20	44685004	44685005	11	18	2	2	0	1	NA	NA	NA	unphased	2.34222511385817	1.17111255692908	2
20	45702821	45702822	48	69	2	2	0	1	NA	NA	NA	unphased	2.22544750846638	1.11272375423319	2
20	46294640	46294641	53	49	2	2	0	1	NA	NA	NA	unphased	1.81280059193489	0.906400295967444	2
20	47444244	47444245	6	14	2	2	0	1	NA	NA	NA	unphased	2.64150943396226	1.32075471698113	2
20	49221207	49221208	30	28	2	2	0	1	NA	NA	NA	unphased	1.82173064411191	0.910865322055953	2
20	50401058	50401059	71	65	2	2	0	1	NA	NA	NA	unphased	1.80355160932297	0.901775804661487	2
20	50769286	50769287	42	25	2	2	0	1	NA	NA	NA	unphased	1.40805406927626	0.70402703463813	2
20	51872901	51872902	39	25	2	2	0	1	NA	NA	NA	unphased	1.47405660377358	0.737028301886792	2
20	55943781	55943782	109	24	5.35	4	2	0.87	1	0	0.13	unphased	1.28545893034473	1.28545893034473	1
20	57035881	57035882	47	44	5.35	4	2	0.87	1	0	0.13	unphased	3.44437072361601	0.954119314021055	3.61
20	57599251	57599252	79	27	5.35	4	2	0.87	1	0	0.13	unphased	1.81449804200783	0.970319808560338	1.87
20	57611615	57611616	173	43	5.35	4	2	0.87	1	0	0.13	unphased	1.41812106918239	0.758353512931759	1.87
20	57767529	57767530	66	16	5.35	4	2	0.87	1	0	0.13	unphased	1.38996778647032	1.38996778647032	1
20	57768675	57768676	92	21	5.35	4	2	0.87	1	0	0.13	unphased	1.32385206211388	1.32385206211388	1
20	58330352	58330353	59	16	5.35	4	2	0.87	1	0	0.13	unphased	1.51969811320755	0.812672787811523	1.87
20	58342373	58342374	94	34	5.35	4	2	0.87	1	0	0.13	unphased	1.89220224056604	1.01187285591767	1.87
20	60318839	60318840	25	8	5.35	4	2	0.87	1	0	0.13	unphased	1.72692967409949	1.72692967409949	1
20	60427940	60427941	364	96	5.35	4	2	0.87	1	0	0.13	unphased	1.48666119770304	0.795005988076489	1.87
20	61522318	61522319	128	41	5.35	4	2	0.87	1	0	0.13	unphased	1.72820698894719	0.924174860399568	1.87
20	62192804	62192805	202	110	4	2	2	1	NA	NA	NA	unphased	2.0355587808418	1.0177793904209	2
20	62196726	62196727	12	5	4	2	2	1	NA	NA	NA	unphased	1.69811320754717	1.69811320754717	1
21	17191130	17191131	244	46	1.87	3	1	0.29	1	0	0.71	unphased	0.577947950553025	0.577947950553025	1
21	28305219	28305220	17	28	3	3	0	1	NA	NA	NA	unphased	2.97023060796646	0.990076869322153	3
21	31768660	31768661	40	55	3	3	0	1	NA	NA	NA	unphased	2.76365441906653	0.921218139688845	3
21	31986181	31986182	57	87	3	3	0	1	NA	NA	NA	unphased	2.88404088050314	0.961346960167715	3
21	32639254	32639255	32	32	3	3	0	1	NA	NA	NA	unphased	2.38679245283019	1.19339622641509	2
21	33331213	33331214	68	122	3	3	0	1	NA	NA	NA	unphased	3.06514399205561	1.02171466401854	3
21	33840108	33840109	31	44	3	3	0	1	NA	NA	NA	unphased	2.80050314465409	0.933501048218029	3
21	35468732	35468733	57	60	3	3	0	1	NA	NA	NA	unphased	2.44799225931301	0.815997419771005	3
21	41385198	41385199	37	50	3	3	0	1	NA	NA	NA	unphased	2.74343960095424	0.914479866984747	3
21	41684138	41684139	47	46	3	3	0	1	NA	NA	NA	unphased	2.36112801785352	1.18056400892676	2
21	41711137	41711138	42	55	3	3	0	1	NA	NA	NA	unphased	2.70667185372496	0.902223951241652	3
21	41741059	41741060	46	71	3	3	0	1	NA	NA	NA	unphased	2.89679084018707	0.965596946729022	3
21	43528456	43528457	9	11	3	3	0	1	NA	NA	NA	unphased	2.62547169811321	0.875157232704403	3
21	45679432	45679433	43	74	3	3	0	1	NA	NA	NA	unphased	3.01919045315272	1.00639681771757	3
22	16287480	16287481	276	64	NA	NA	NA	NA	NA	NA	NA	unphased	NA	NA	1
22	17071692	17071693	12	6	NA	NA	NA	NA	NA	NA	NA	unphased	NA	NA	1
22	17446084	17446085	29	36	2	2	0	1	NA	NA	NA	unphased	2.0899854862119	1.04499274310595	2
22	17619153	17619154	32	29	2	2	0	1	NA	NA	NA	unphased	1.79399938137952	0.896999690689762	2
22	23406113	23406114	21	31	2	2	0	1	NA	NA	NA	unphased	2.24963715529753	1.12481857764877	2
22	25308717	25308718	18	9	2	2	0	1	NA	NA	NA	unphased	1.25786163522013	1.25786163522013	1
22	26706680	26706681	73	90	2	2	0	1	NA	NA	NA	unphased	2.08357448778794	1.04178724389397	2
22	30070891	30070892	6	4	2	2	0	1	NA	NA	NA	unphased	1.50943396226415	1.50943396226415	1
22	30659937	30659938	63	97	2	2	0	1	NA	NA	NA	unphased	2.2877358490566	1.1438679245283	2
22	31724896	31724897	32	15	2	2	0	1	NA	NA	NA	unphased	1.20433560818948	1.20433560818948	1
22	32555174	32555175	52	42	2	2	0	1	NA	NA	NA	unphased	1.68606985146527	0.843034925732637	2
22	37966598	37966599	91	99	2	2	0	1	NA	NA	NA	unphased	1.96623634558093	0.983118172790467	2
22	42486952	42486953	12	7	2	2	0	1	NA	NA	NA	unphased	1.39026812313803	1.39026812313803	1
22	43599941	43599942	10	10	2	2	0	1	NA	NA	NA	unphased	1.88679245283019	0.943396226415094	2
22	44564565	44564566	25	22	2	2	0	1	NA	NA	NA	unphased	1.76635889201124	0.88317944600562	2
22	46085625	46085626	49	64	2	2	0	1	NA	NA	NA	unphased	2.13725162798464	1.06862581399232	2
22	46704300	46704301	113	133	2	2	0	1	NA	NA	NA	unphased	2.04019021322289	1.02009510661144	2
22	47507499	47507500	27	26	2	2	0	1	NA	NA	NA	unphased	1.85119259522962	0.92559629761481	2
22	50216963	50216964	81	90	NA	NA	NA	NA	NA	NA	NA	unphased	NA	NA	1
22	50470357	50470358	21	21	NA	NA	NA	NA	NA	NA	NA	unphased	NA	NA	1
22	50547089	50547090	60	63	NA	NA	NA	NA	NA	NA	NA	unphased	NA	NA	1
3	2908471	2908472	101	111	2	2	0	1	NA	NA	NA	unphased	1.97579209683161	0.987896048415806	2
3	7456799	7456800	49	62	2	2	0	1	NA	NA	NA	unphased	2.10776814550399	1.053884072752	2
3	12867023	12867024	5	11	2	2	0	1	NA	NA	NA	unphased	2.59433962264151	1.29716981132075	2
3	14964613	14964614	39	39	2	2	0	1	NA	NA	NA	unphased	1.88679245283019	0.943396226415094	2
3	28454648	28454649	64	59	2	2	0	1	NA	NA	NA	unphased	1.81009357263384	0.90504678631692	2
3	30032587	30032588	24	35	2	2	0	1	NA	NA	NA	unphased	2.23856731691717	1.11928365845859	2
3	33877569	33877570	97	96	2	2	0	1	NA	NA	NA	unphased	1.87701632613159	0.938508163065793	2
3	38271888	38271889	57	89	2	2	0	1	NA	NA	NA	unphased	2.30033600413544	1.15016800206772	2
3	38603978	38603979	12	18	2	2	0	1	NA	NA	NA	unphased	2.26415094339623	1.13207547169811	2
3	38616871	38616872	4	9	2	2	0	1	NA	NA	NA	unphased	2.61248185776488	1.30624092888244	2
3	38639228	38639229	29	33	2	2	0	1	NA	NA	NA	unphased	2.00852099817407	1.00426049908704	2
3	38888716	38888717	82	86	2	2	0	1	NA	NA	NA	unphased	1.93171608265948	0.965858041329739	2
3	39167841	39167842	57	68	2	2	0	1	NA	NA	NA	unphased	2.05283018867925	1.02641509433962	2
3	45458976	45458977	61	97	2	2	0	1	NA	NA	NA	unphased	2.31669453069023	1.15834726534512	2
3	47742766	47742767	47	53	2	2	0	1	NA	NA	NA	unphased	2	1	2
3	51978870	51978871	20	23	2	2	0	1	NA	NA	NA	unphased	2.01842913558578	1.00921456779289	2
3	52356483	52356484	15	13	2	2	0	1	NA	NA	NA	unphased	1.75202156334232	0.876010781671159	2
3	52544006	52544007	46	57	2	2	0	1	NA	NA	NA	unphased	2.08829455944312	1.04414727972156	2
3	52855103	52855104	75	103	2	2	0	1	NA	NA	NA	unphased	2.18359126563494	1.09179563281747	2
3	58131688	58131689	66	75	2	2	0	1	NA	NA	NA	unphased	2.00722601364914	1.00361300682457	2
3	64138883	64138884	99	99	2	2	0	1	NA	NA	NA	unphased	1.88679245283019	0.943396226415094	2
3	87027807	87027808	36	45	2	2	0	1	NA	NA	NA	unphased	2.09643605870021	1.0482180293501	2
3	87027867	87027868	22	28	2	2	0	1	NA	NA	NA	unphased	2.11320754716981	1.05660377358491	2
3	97677933	97677934	26	44	3	3	0	1	NA	NA	NA	unphased	3.00053908355795	1.00017969451932	3
3	98109765	98109766	189	278	3	3	0	1	NA	NA	NA	unphased	2.8416629631126	0.947220987704201	3
3	107097324	107097325	56	88	3	3	0	1	NA	NA	NA	unphased	2.91719077568134	0.972396925227114	3
3	107524369	107524370	19	31	3	3	0	1	NA	NA	NA	unphased	2.95962264150943	0.986540880503145	3
3	111426997	111426998	73	161	3	3	0	1	NA	NA	NA	unphased	3.28438961457829	1.09479653819276	3
3	112546013	112546014	19	32	3	3	0	1	NA	NA	NA	unphased	2.99519052904181	0.998396843013935	3
3	112738519	112738520	14	17	3	3	0	1	NA	NA	NA	unphased	2.61777236762021	0.872590789206736	3
3	113673033	113673034	96	129	3	3	0	1	NA	NA	NA	unphased	2.73685534591195	0.912285115303983	3
3	116163924	116163925	14	12	3	3	0	1	NA	NA	NA	unphased	2.20319303338171	1.10159651669086	2
3	120941899	120941900	87	112	3	3	0	1	NA	NA	NA	unphased	2.68664075092443	0.895546916974811	3
3	123452849	123452850	44	85	3	3	0	1	NA	NA	NA	unphased	3.14538540295451	1.04846180098484	3
3	124201666	124201667	56	73	3	3	0	1	NA	NA	NA	unphased	2.70133099312564	0.900443664375213	3
3	125266341	125266342	44	79	3	3	0	1	NA	NA	NA	unphased	3.06596103696886	1.02198701232295	3
3	126916272	126916273	3	5	3	3	0	1	NA	NA	NA	unphased	2.98349056603774	0.994496855345912	3
3	140282881	140282882	74	126	3	3	0	1	NA	NA	NA	unphased	3.00735849056604	1.00245283018868	3
3	146323086	146323087	21	13	4	3	1	1	NA	NA	NA	unphased	2.20754716981132	1.10377358490566	2
3	147128168	147128169	36	6	4	3	1	1	NA	NA	NA	unphased	0.824797843665768	0.824797843665768	1
3	148459206	148459207	137	129	4	3	1	1	NA	NA	NA	unphased	2.79997162718116	0.933323875727053	3
3	148552406	148552407	121	18	4	3	1	1	NA	NA	NA	unphased	0.747658476991991	0.747658476991991	1
3	150931183	150931184	134	120	4	3	1	1	NA	NA	NA	unphased	2.727677908186	0.909225969395335	3
3	151463428	151463429	168	21	4	3	1	1	NA	NA	NA	unphased	0.641509433962264	0.641509433962264	1
3	155199358	155199359	91	14	3	3	0	1	NA	NA	NA	unphased	0.636477987421384	0.636477987421384	1
3	158519983	158519984	6	11	3	3	0	1	NA	NA	NA	unphased	3.08879023307436	1.02959674435812	3
3	158980334	158980335	74	61	3	3	0	1	NA	NA	NA	unphased	2.15695317959469	1.07847658979734	2
3	161147364	161147365	60	99	3	3	0	1	NA	NA	NA	unphased	2.97223211107156	0.990744037023852	3
3	164777794	164777795	84	111	3	3	0	1	NA	NA	NA	unphased	2.71727140783745	0.905757135945815	3
3	167750451	167750452	56	74	3	3	0	1	NA	NA	NA	unphased	2.71727140783745	0.905757135945815	3
3	170802910	170802911	27	5	3	3	0	1	NA	NA	NA	unphased	0.745872641509434	0.745872641509434	1
3	172835287	172835288	128	215	3	3	0	1	NA	NA	NA	unphased	2.99218878926234	0.997396263087445	3
3	180702356	180702357	4	8	3	3	0	1	NA	NA	NA	unphased	3.18238993710692	1.06079664570231	3
3	186954174	186954175	48	74	3	3	0	1	NA	NA	NA	unphased	2.89545313949892	0.965151046499639	3
3	190366197	190366198	87	168	3	3	0	1	NA	NA	NA	unphased	3.1449500554939	1.04831668516463	3
4	437771	437772	90	38	NA	NA	NA	NA	NA	NA	NA	unphased	NA	NA	1
4	1018328	1018329	62	4	NA	NA	NA	NA	NA	NA	NA	unphased	NA	NA	1
4	1018424	1018425	45	7	NA	NA	NA	NA	NA	NA	NA	unphased	NA	NA	1
4	4419020	4419021	117	10	1	1	0	0.96	0	1	0.04	unphased	0.218392512256723	0.218392512256723	1
4	5564591	5564592	85	40	1	1	0	0.96	0	1	0.04	unphased	0.887547169811321	0.887547169811321	1
4	5800436	5800437	11	3	1	1	0	0.96	0	1	0.04	unphased	0.594339622641509	0.594339622641509	1
4	8229083	8229084	27	7	1	1	0	0.96	0	1	0.04	unphased	0.571032186459489	0.571032186459489	1
4	9452105	9452106	46	4	1	1	0	0.96	0	1	0.04	unphased	0.22188679245283	0.22188679245283	1
4	10076975	10076976	23	3	1	1	0	0.96	0	1	0.04	unphased	0.320029027576197	0.320029027576197	1
4	13338342	13338343	19	23	1	1	0	0.96	0	1	0.04	unphased	1.5188679245283	1.5188679245283	1
4	15995678	15995679	76	38	1	1	0	0.96	0	1	0.04	unphased	0.924528301886792	0.924528301886792	1
4	17528606	17528607	50	23	1	1	0	0.96	0	1	0.04	unphased	0.8738692168519	0.8738692168519	1
4	20618798	20618799	65	23	2	1	1	1	NA	NA	NA	unphased	0.986277873070326	0.986277873070326	1
4	20620618	20620619	65	27	2	1	1	1	NA	NA	NA	unphased	1.10746513535685	1.10746513535685	1
4	23814394	23814395	124	31	2	1	1	1	NA	NA	NA	unphased	0.754716981132076	0.754716981132076	1
4	39868591	39868592	24	7	2	1	1	1	NA	NA	NA	unphased	0.852099817407182	0.852099817407182	1
4	40121772	40121773	94	39	2	1	1	1	NA	NA	NA	unphased	1.10653993474252	1.10653993474252	1
4	40245256	40245257	38	11	2	1	1	1	NA	NA	NA	unphased	0.84713130535233	0.84713130535233	1
4	44450283	44450284	11	5	2	1	1	1	NA	NA	NA	unphased	1.17924528301887	1.17924528301887	1
4	44626799	44626800	15	5	2	1	1	1	NA	NA	NA	unphased	0.943396226415094	0.943396226415094	1
4	54248488	54248489	59	30	1.06	2	1	0.03	0	1	0.97	unphased	0.955140979436082	0.955140979436082	1
4	55974022	55974023	131	7	1.07	2	0	0.07	0	1	0.93	unphased	0.144239814055237	0.144239814055237	1
4	57181464	57181465	26	4	1.07	2	0	0.07	0	1	0.93	unphased	0.37914465408805	0.37914465408805	1
4	62845284	62845285	261	16	1.07	2	0	0.07	0	1	0.93	unphased	0.164250391662693	0.164250391662693	1
4	66213855	66213856	77	38	1	1	0	0.01	0	1	0.99	unphased	0.916488925348646	0.916488925348646	1
4	69403349	69403350	82	24	1	1	0	0.01	0	1	0.99	unphased	0.627981488074048	0.627981488074048	1
4	70079791	70079792	56	12	1	1	0	0.01	0	1	0.99	unphased	0.48945615982242	0.48945615982242	1
4	72897663	72897664	36	18	1	1	0	0.01	0	1	0.99	unphased	0.924528301886792	0.924528301886792	1
4	74010500	74010501	53	7	1	1	0	0.01	0	1	0.99	unphased	0.323584905660377	0.323584905660377	1
4	74310717	74310718	49	4	1	1	0	0.01	0	1	0.99	unphased	0.209327162691349	0.209327162691349	1
4	74447945	74447946	39	3	1	1	0	0.01	0	1	0.99	unphased	0.19811320754717	0.19811320754717	1
4	76794302	76794303	46	24	1	1	0	0.01	0	1	0.99	unphased	0.950943396226415	0.950943396226415	1
4	79393425	79393426	33	9	1	1	0	0.01	0	1	0.99	unphased	0.594339622641509	0.600343053173242	0.99
4	81207574	81207575	114	44	1	1	0	0.01	0	1	0.99	unphased	0.772390733221877	0.772390733221877	1
4	81967119	81967120	186	11	1	1	0	0.01	0	1	0.99	unphased	0.154870223158701	0.154870223158701	1
4	83375921	83375922	99	40	1	1	0	0.01	0	1	0.99	unphased	0.79815392968644	0.806216090592363	0.99
4	94006211	94006212	66	19	1	1	0	0.01	0	1	0.99	unphased	0.619977802441731	0.619977802441731	1
4	94693641	94693642	53	18	1	1	0	0.01	0	1	0.99	unphased	0.70316237044911	0.710265020655666	0.99
4	94693642	94693643	52	18	1	1	0	0.01	0	1	0.99	unphased	0.713207547169811	0.72041166380789	0.99
4	100205626	100205627	58	6	1	1	0	0.01	0	1	0.99	unphased	0.26002358490566	0.26002358490566	1
4	100443677	100443678	44	26	1	1	0	0.01	0	1	0.99	unphased	1.03018867924528	1.03018867924528	1
4	100518256	100518257	106	46	1	1	0	0.01	0	1	0.99	unphased	0.839374379344588	0.839374379344588	1
4	100738011	100738012	6	5	1	1	0	0.01	0	1	0.99	unphased	1.26072041166381	1.26072041166381	1
4	104064496	104064497	87	48	1	1	0	0.01	0	1	0.99	unphased	0.986163522012579	0.986163522012579	1
4	109670423	109670424	63	9	1	1	0	0.01	0	1	0.99	unphased	0.346698113207547	0.346698113207547	1
4	110221758	110221759	56	26	1	1	0	0.01	0	1	0.99	unphased	0.879429360331339	0.879429360331339	1
4	110402873	110402874	142	18	1	1	0	0.01	0	1	0.99	unphased	0.312028301886792	0.312028301886792	1
4	111397697	111397698	115	15	1	1	0	0.01	0	1	0.99	unphased	0.320029027576197	0.320029027576197	1
4	119609095	119609096	46	12	1	1	0	0.01	0	1	0.99	unphased	0.573845152895251	0.573845152895251	1
4	125592528	125592529	102	12	1	1	0	0.01	0	1	0.99	unphased	0.291956305858987	0.291956305858987	1
4	129127646	129127647	79	11	1	1	0	0.01	0	1	0.99	unphased	0.338993710691824	0.338993710691824	1
4	141832265	141832266	57	13	1	1	0	0.01	0	1	0.99	unphased	0.515094339622642	0.515094339622642	1
4	143029264	143029265	48	6	1	1	0	0.01	0	1	0.99	unphased	0.308176100628931	0.308176100628931	1
4	155158209	155158210	64	30	1	1	0	0.01	0	1	0.99	unphased	0.885186672019269	0.885186672019269	1
4	177650716	177650717	57	24	1	1	0	0.01	0	1	0.99	unphased	0.821802935010482	0.821802935010482	1
5	344044	344045	26	17	NA	NA	NA	NA	NA	NA	NA	unphased	NA	NA	1
5	1201811	1201812	31	6	2.52	2	2	0.26	1	1	0.74	unphased	0.69625701172871	0.69625701172871	1
5	5242187	5242188	103	35	2.52	2	2	0.26	1	1	0.74	unphased	1.08895269346459	1.08895269346459	1
5	7707950	7707951	95	52	2.52	2	2	0.26	1	1	0.74	unphased	1.51881915030163	1.20541202404891	1.26
5	7709398	7709399	80	26	2.52	2	2	0.26	1	1	0.74	unphased	1.05314346742613	1.05314346742613	1
5	7766796	7766797	103	31	2.52	2	2	0.26	1	1	0.74	unphased	0.993292030413968	0.993292030413968	1
5	7773086	7773087	238	138	2.52	2	2	0.26	1	1	0.74	unphased	1.57583701324769	1.25066429622833	1.26
5	7870909	7870910	88	33	2.52	2	2	0.26	1	1	0.74	unphased	1.17097770154374	1.17097770154374	1
5	9052119	9052120	38	15	2.52	2	2	0.26	1	1	0.74	unphased	1.21516553933784	1.21516553933784	1
5	9063064	9063065	94	31	2.52	2	2	0.26	1	1	0.74	unphased	1.06480905660377	1.06480905660377	1
5	9237980	9237981	138	32	2.52	2	2	0.26	1	1	0.74	unphased	0.808204217536071	0.808204217536071	1
5	10405728	10405729	121	58	2.52	2	2	0.26	1	1	0.74	unphased	1.39121745546537	1.10414083767093	1.26
5	10464984	10464985	139	42	2.52	2	2	0.26	1	1	0.74	unphased	0.996301469821745	0.996301469821745	1
5	10464985	10464986	141	40	2.52	2	2	0.26	1	1	0.74	unphased	0.948858542687376	0.948858542687376	1
5	13770871	13770872	48	40	2.52	2	2	0.26	1	1	0.74	unphased	1.9516295025729	1.54891230362928	1.26
5	15500644	15500645	39	23	1.28	6	2	0.04	0	1	0.96	unphased	1.13278149726111	1.13278149726111	1
5	15500689	15500690	111	29	1.28	6	2	0.04	0	1	0.96	unphased	0.632528301886792	0.632528301886792	1
5	15928148	15928149	36	12	1.28	6	2	0.04	0	1	0.96	unphased	0.763396226415094	0.763396226415094	1
5	16067763	16067764	121	25	1.28	6	2	0.04	0	1	0.96	unphased	0.522874127681571	0.522874127681571	1
5	16465450	16465451	177	95	2.72	4	2	0.18	1	1	0.82	unphased	1.56945061043285	1.01912377300835	1.54
5	19571931	19571932	103	27	4	2	2	1	NA	NA	NA	unphased	1.19912917271408	1.19912917271408	1
5	19721510	19721511	161	52	4	2	2	1	NA	NA	NA	unphased	1.40951368588892	0.704756842944459	2
5	23509606	23509607	257	106	4	2	2	1	NA	NA	NA	unphased	1.68595041322314	0.84297520661157	2
5	23522876	23522877	93	15	4	2	2	1	NA	NA	NA	unphased	0.80188679245283	0.80188679245283	1
5	23526522	23526523	72	31	4	2	2	1	NA	NA	NA	unphased	1.73768089393662	0.868840446968309	2
5	32010567	32010568	77	32	4	2	2	1	NA	NA	NA	unphased	1.69499740349662	0.847498701748312	2
5	32010568	32010569	77	31	4	2	2	1	NA	NA	NA	unphased	1.65723270440252	0.828616352201258	2
5	32088500	32088501	226	7	4	2	2	1	NA	NA	NA	unphased	0.173455340513402	0.173455340513402	1
5	32774922	32774923	145	72	4	2	2	1	NA	NA	NA	unphased	1.91565950786888	0.95782975393444	2
5	33624405	33624406	80	33	4	2	2	1	NA	NA	NA	unphased	1.68609116713976	0.843045583569878	2
5	33649684	33649685	105	60	4	2	2	1	NA	NA	NA	unphased	2.09948542024014	1.04974271012007	2
5	33881519	33881520	192	90	4	2	2	1	NA	NA	NA	unphased	1.84263348052991	0.921316740264954	2
5	35692817	35692818	148	23	4	2	2	1	NA	NA	NA	unphased	0.77656405163853	0.77656405163853	1
5	35871230	35871231	93	44	4	2	2	1	NA	NA	NA	unphased	1.85429004269384	0.927145021346922	2
5	37815897	37815898	179	80	4	2	2	1	NA	NA	NA	unphased	1.78334668900707	0.891673344503533	2
5	41019107	41019108	70	6	4	2	2	1	NA	NA	NA	unphased	0.455809334657398	0.455809334657398	1
5	41160346	41160347	194	88	4	2	2	1	NA	NA	NA	unphased	1.80168606985147	0.900843034925733	2
5	41160348	41160349	189	86	4	2	2	1	NA	NA	NA	unphased	1.80555746140652	0.902778730703259	2
5	41186220	41186221	84	56	4	2	2	1	NA	NA	NA	unphased	2.30943396226415	1.15471698113208	2
5	42808329	42808330	122	16	4	2	2	1	NA	NA	NA	unphased	0.669401148482363	0.669401148482363	1
5	43675645	43675646	142	36	4	2	2	1	NA	NA	NA	unphased	1.16769132923468	1.16769132923468	1
5	45262787	45262788	167	60	4	2	2	1	NA	NA	NA	unphased	1.52605768431552	0.763028842157759	2
5	52235522	52235523	34	38	2	2	0	1	NA	NA	NA	unphased	1.9916142557652	0.9958071278826	2
5	54456977	54456978	47	46	2	2	0	1	NA	NA	NA	unphased	1.86650436193954	0.933252180969771	2
5	56777565	56777566	59	64	2	2	0	1	NA	NA	NA	unphased	1.96349133302654	0.981745666513269	2
5	56778019	56778020	54	51	2	2	0	1	NA	NA	NA	unphased	1.83288409703504	0.91644204851752	2
5	63256356	63256357	173	141	2	2	0	1	NA	NA	NA	unphased	1.69450787165004	0.847253935825021	2
5	63256357	63256358	175	139	2	2	0	1	NA	NA	NA	unphased	1.67047229900252	0.835236149501262	2
5	70308643	70308644	175	78	2	2	0	1	NA	NA	NA	unphased	1.16339771795063	1.16339771795063	1
5	71752344	71752345	104	103	2	2	0	1	NA	NA	NA	unphased	1.87767751344454	0.938838756722268	2
5	73136486	73136487	13	14	2	2	0	1	NA	NA	NA	unphased	1.95667365478686	0.978336827393431	2
5	74706901	74706902	40	37	2	2	0	1	NA	NA	NA	unphased	1.81328105856408	0.906640529282039	2
5	76707521	76707522	39	53	2	2	0	1	NA	NA	NA	unphased	2.17391304347826	1.08695652173913	2
5	78379181	78379182	53	50	2	2	0	1	NA	NA	NA	unphased	1.83183733284484	0.915918666422422	2
5	80388700	80388701	68	78	2	2	0	1	NA	NA	NA	unphased	2.01602481261308	1.00801240630654	2
5	81608491	81608492	121	118	2	2	0	1	NA	NA	NA	unphased	1.86310886555617	0.931554432778085	2
5	90025521	90025522	24	15	2	2	0	1	NA	NA	NA	unphased	1.45137880986938	1.45137880986938	1
5	94022348	94022349	100	107	2	2	0	1	NA	NA	NA	unphased	1.95059702852976	0.97529851426488	2
5	96064904	96064905	39	25	2	2	0	1	NA	NA	NA	unphased	1.47405660377358	0.737028301886792	2
5	101748802	101748803	48	44	2	2	0	1	NA	NA	NA	unphased	1.80475799835931	0.902378999179655	2
5	101755671	101755672	46	30	2	2	0	1	NA	NA	NA	unphased	1.48957298907646	0.744786494538232	2
5	102423698	102423699	101	34	2	2	0	1	NA	NA	NA	unphased	0.950384346610762	0.950384346610762	1
5	110835664	110835665	80	38	2	2	0	1	NA	NA	NA	unphased	1.21522225775504	1.21522225775504	1
5	118729114	118729115	29	49	2	2	0	1	NA	NA	NA	unphased	2.37058538945331	1.18529269472666	2
5	122726940	122726941	90	122	2	2	0	1	NA	NA	NA	unphased	2.17159131363475	1.08579565681737	2
5	127671678	127671679	21	19	2	2	0	1	NA	NA	NA	unphased	1.79245283018868	0.89622641509434	2
5	128302172	128302173	24	19	2	2	0	1	NA	NA	NA	unphased	1.66739798157086	0.833698990785432	2
5	134364974	134364975	63	55	2	2	0	1	NA	NA	NA	unphased	1.75887432043492	0.879437160217461	2
5	137542256	137542257	42	57	2	2	0	1	NA	NA	NA	unphased	2.1726700971984	1.0863350485992	2
5	140166548	140166549	41	48	2	2	0	1	NA	NA	NA	unphased	2.03519185923256	1.01759592961628	2
5	140166550	140166551	40	49	2	2	0	1	NA	NA	NA	unphased	2.07759168963324	1.03879584481662	2
5	140167335	140167336	62	57	2	2	0	1	NA	NA	NA	unphased	1.80751545901379	0.903757729506897	2
5	140175925	140175926	49	55	2	2	0	1	NA	NA	NA	unphased	1.99564586357039	0.997822931785196	2
5	140188023	140188024	101	87	2	2	0	1	NA	NA	NA	unphased	1.74628663187475	0.873143315937374	2
5	140202726	140202727	57	53	2	2	0	1	NA	NA	NA	unphased	1.81818181818182	0.909090909090909	2
5	140214356	140214357	106	100	2	2	0	1	NA	NA	NA	unphased	1.83183733284484	0.915918666422422	2
5	140358566	140358567	38	39	2	2	0	1	NA	NA	NA	unphased	1.91129625091889	0.955648125459446	2
5	140474266	140474267	5	13	2	2	0	1	NA	NA	NA	unphased	2.72536687631027	1.36268343815514	2
5	140594416	140594417	101	85	2	2	0	1	NA	NA	NA	unphased	1.72448772570501	0.862243862852506	2
5	140720413	140720414	41	47	2	2	0	1	NA	NA	NA	unphased	2.01543739279588	1.00771869639794	2
5	140731431	140731432	54	44	2	2	0	1	NA	NA	NA	unphased	1.69426261070466	0.84713130535233	2
5	140774288	140774289	23	23	2	2	0	1	NA	NA	NA	unphased	1.88679245283019	0.943396226415094	2
5	140799699	140799700	38	25	2	2	0	1	NA	NA	NA	unphased	1.49745432764301	0.748727163821503	2
5	143853638	143853639	68	59	2	2	0	1	NA	NA	NA	unphased	1.75308275144852	0.876541375724261	2
5	149245767	149245768	34	32	2	2	0	1	NA	NA	NA	unphased	1.82961692395655	0.914808461978273	2
5	149502664	149502665	67	66	2	2	0	1	NA	NA	NA	unphased	1.87260604341041	0.936303021705206	2
5	149677243	149677244	46	25	2	2	0	1	NA	NA	NA	unphased	1.32872707945788	1.32872707945788	1
5	156589936	156589937	114	141	2	2	0	1	NA	NA	NA	unphased	2.0865704772475	1.04328523862375	2
5	158621831	158621832	43	59	2	2	0	1	NA	NA	NA	unphased	2.18275989641139	1.0913799482057	2
5	170222298	170222299	103	127	2	2	0	1	NA	NA	NA	unphased	2.0836751435603	1.04183757178015	2
5	175111070	175111071	31	45	2	2	0	1	NA	NA	NA	unphased	2.2343594836147	1.11717974180735	2
5	175111387	175111388	25	19	2	2	0	1	NA	NA	NA	unphased	1.6295025728988	0.8147512864494	2
5	175533575	175533576	191	110	2	2	0	1	NA	NA	NA	unphased	1.37905096220147	0.689525481100733	2
5	176893794	176893795	132	127	2	2	0	1	NA	NA	NA	unphased	1.85036788810374	0.925183944051869	2
5	177419910	177419911	26	22	2	2	0	1	NA	NA	NA	unphased	1.72955974842767	0.864779874213836	2
5	178554975	178554976	77	70	2	2	0	1	NA	NA	NA	unphased	1.79694519317161	0.898472596585804	2
6	1391170	1391171	4	8	4	4	0	1	NA	NA	NA	unphased	3.84905660377358	0.962264150943396	4
6	10749440	10749441	62	93	4	4	0	1	NA	NA	NA	unphased	3.46415094339623	0.866037735849057	4
6	17688802	17688803	93	177	4	4	0	1	NA	NA	NA	unphased	3.78490566037736	0.94622641509434	4
6	25769300	25769301	55	86	4	4	0	1	NA	NA	NA	unphased	3.52147731834605	0.880369329586511	4
6	26020906	26020907	29	62	4	4	0	1	NA	NA	NA	unphased	3.93365125440597	0.983412813601493	4
6	26225523	26225524	23	66	4	4	0	1	NA	NA	NA	unphased	4.2815348738605	1.07038371846513	4
6	26501970	26501971	15	31	4	4	0	1	NA	NA	NA	unphased	3.89089417555373	0.972723543888433	4
6	28056810	28056811	22	44	4	4	0	1	NA	NA	NA	unphased	3.84905660377358	0.962264150943396	4
6	29054514	29054515	29	60	4	4	0	1	NA	NA	NA	unphased	3.89230443078228	0.973076107695569	4
6	29574166	29574167	97	146	4	4	0	1	NA	NA	NA	unphased	3.46890286512928	0.86722571628232	4
6	29627377	29627378	19	76	4	4	0	1	NA	NA	NA	unphased	4.6188679245283	1.15471698113208	4
6	29633930	29633931	85	174	4	4	0	1	NA	NA	NA	unphased	3.87877904859037	0.969694762147592	4
6	30859792	30859793	75	185	4	4	0	1	NA	NA	NA	unphased	4.10812772133527	1.02703193033382	4
6	31749687	31749688	100	203	4	4	0	1	NA	NA	NA	unphased	3.86811133943583	0.967027834858958	4
6	31760823	31760824	22	39	4	4	0	1	NA	NA	NA	unphased	3.69130838230745	0.922827095576864	4
6	32944195	32944196	52	96	4	4	0	1	NA	NA	NA	unphased	3.74502804691484	0.93625701172871	4
6	35108618	35108619	4	33	4	4	0	1	NA	NA	NA	unphased	5.1494135645079	1.28735339112698	4
6	35923175	35923176	58	113	4	4	0	1	NA	NA	NA	unphased	3.81529294935452	0.95382323733863	4
6	36884282	36884283	63	106	2	2	0	1	NA	NA	NA	unphased	2.36686390532544	1.18343195266272	2
6	41177359	41177360	4	9	2	2	0	1	NA	NA	NA	unphased	2.61248185776488	1.30624092888244	2
6	41774092	41774093	3	7	2	2	0	1	NA	NA	NA	unphased	2.64150943396226	1.32075471698113	2
6	49814307	49814308	67	68	2	2	0	1	NA	NA	NA	unphased	1.90076869322152	0.950384346610762	2
6	51771112	51771113	49	50	2	2	0	1	NA	NA	NA	unphased	1.90585096245474	0.952925481227368	2
6	54806170	54806171	38	28	2	2	0	1	NA	NA	NA	unphased	1.60091480846198	0.800457404230989	2
6	70071069	70071070	31	35	2	2	0	1	NA	NA	NA	unphased	2.00114351057747	1.00057175528874	2
6	70082330	70082331	18	15	2	2	0	1	NA	NA	NA	unphased	1.71526586620926	0.857632933104631	2
6	76712651	76712652	21	20	2	2	0	1	NA	NA	NA	unphased	1.84077312471238	0.92038656235619	2
6	80881106	80881107	18	13	2	2	0	1	NA	NA	NA	unphased	1.58247108947048	0.79123554473524	2
6	84290220	84290221	57	62	2	2	0	1	NA	NA	NA	unphased	1.96606944664658	0.983034723323292	2
6	89967386	89967387	12	6	2	2	0	1	NA	NA	NA	unphased	1.25786163522013	1.25786163522013	1
6	106553193	106553194	44	45	2	2	0	1	NA	NA	NA	unphased	1.90799236803053	0.953996184015264	2
6	111587212	111587213	35	26	2	2	0	1	NA	NA	NA	unphased	1.60841323847819	0.804206619239097	2
6	112041169	112041170	36	35	2	2	0	1	NA	NA	NA	unphased	1.86021791124103	0.930108955620516	2
6	112382384	112382385	52	59	2	2	0	1	NA	NA	NA	unphased	2.00577936426993	1.00288968213497	2
6	112462012	112462013	52	43	2	2	0	1	NA	NA	NA	unphased	1.70804369414101	0.854021847070506	2
6	112486415	112486416	60	61	2	2	0	1	NA	NA	NA	unphased	1.90238577888664	0.951192889443318	2
6	117858345	117858346	86	115	2	2	0	1	NA	NA	NA	unphased	2.15901623955693	1.07950811977847	2
6	121769157	121769158	38	42	2	2	0	1	NA	NA	NA	unphased	1.9811320754717	0.990566037735849	2
6	129674446	129674447	61	64	2	2	0	1	NA	NA	NA	unphased	1.93207547169811	0.966037735849057	2
6	132014755	132014756	82	75	2	2	0	1	NA	NA	NA	unphased	1.80266794856387	0.901333974281937	2
6	132021916	132021917	10	9	2	2	0	1	NA	NA	NA	unphased	1.78748758689176	0.893743793445879	2
6	136599463	136599464	319	67	2	2	0	1	NA	NA	NA	unphased	0.655000488806335	0.655000488806335	1
6	136600969	136600970	125	9	2	2	0	1	NA	NA	NA	unphased	0.253449732469727	0.253449732469727	1
6	142723804	142723805	23	12	2	2	0	1	NA	NA	NA	unphased	1.29380053908356	1.29380053908356	1
6	143082621	143082622	121	144	2	2	0	1	NA	NA	NA	unphased	2.05055179779281	1.0252758988964	2
6	146875733	146875734	95	34	2	2	0	1	NA	NA	NA	unphased	0.994588269708937	0.994588269708937	1
6	147124675	147124676	62	58	2	2	0	1	NA	NA	NA	unphased	1.82389937106918	0.911949685534591	2
6	151939117	151939118	77	44	2	2	0	1	NA	NA	NA	unphased	1.37221269296741	0.686106346483705	2
6	158093996	158093997	4	8	2	2	0	1	NA	NA	NA	unphased	2.51572327044025	1.25786163522013	2
6	160494402	160494403	35	32	2	2	0	1	NA	NA	NA	unphased	1.80230920867361	0.901154604336806	2
6	167184400	167184401	54	62	2	2	0	1	NA	NA	NA	unphased	2.01691607026675	1.00845803513338	2
6	169648980	169648981	29	35	2	2	0	1	NA	NA	NA	unphased	2.06367924528302	1.03183962264151	2
7	883096	883097	245	63	3	2	1	1	NA	NA	NA	unphased	0.976415094339623	0.976415094339623	1
7	1532690	1532691	58	18	3	2	1	1	NA	NA	NA	unphased	1.13058589870904	1.13058589870904	1
7	1539520	1539521	19	4	3	2	1	1	NA	NA	NA	unphased	0.830188679245283	0.830188679245283	1
7	1539888	1539889	7	6	3	2	1	1	NA	NA	NA	unphased	2.20319303338171	1.10159651669086	2
7	5103660	5103661	37	41	3	2	1	1	NA	NA	NA	unphased	2.50919206579584	1.25459603289792	2
7	5754761	5754762	223	142	3	2	1	1	NA	NA	NA	unphased	1.85712070302404	0.928560351512019	2
7	6624665	6624666	54	10	3	2	1	1	NA	NA	NA	unphased	0.745872641509434	0.745872641509434	1
7	7571509	7571510	75	13	3	2	1	1	NA	NA	NA	unphased	0.705188679245283	0.705188679245283	1
7	11209130	11209131	8	5	3	2	1	1	NA	NA	NA	unphased	1.83599419448476	1.83599419448476	1
7	14622749	14622750	32	16	3	2	1	1	NA	NA	NA	unphased	1.59119496855346	0.79559748427673	2
7	15458243	15458244	44	15	3	2	1	1	NA	NA	NA	unphased	1.2136232811001	1.2136232811001	1
7	15458244	15458245	44	15	3	2	1	1	NA	NA	NA	unphased	1.2136232811001	1.2136232811001	1
7	16705106	16705107	54	30	3	2	1	1	NA	NA	NA	unphased	1.70485175202156	0.852425876010782	2
7	18914113	18914114	18	5	3	2	1	1	NA	NA	NA	unphased	1.0377358490566	1.0377358490566	1
7	21639425	21639426	17	14	3	2	1	1	NA	NA	NA	unphased	2.15581253804017	1.07790626902009	2
7	23309633	23309634	152	79	3	2	1	1	NA	NA	NA	unphased	1.63252470799641	0.816262353998203	2
7	23309695	23309696	91	54	3	2	1	1	NA	NA	NA	unphased	1.77774886141835	0.888874430709174	2
7	23792388	23792389	96	23	3	2	1	1	NA	NA	NA	unphased	0.922625654035199	0.922625654035199	1
7	23802423	23802424	105	68	3	2	1	1	NA	NA	NA	unphased	1.87632239066419	0.938161195332097	2
7	23808705	23808706	136	43	3	2	1	1	NA	NA	NA	unphased	1.14672710024244	1.14672710024244	1
7	26235513	26235514	60	37	3	2	1	1	NA	NA	NA	unphased	1.82085197432406	0.910425987162031	2
7	27135533	27135534	97	81	3	2	1	1	NA	NA	NA	unphased	2.17224931100276	1.08612465550138	2
7	27196049	27196050	126	17	3	2	1	1	NA	NA	NA	unphased	0.567489114658926	0.567489114658926	1
7	29126099	29126100	105	25	3	2	1	1	NA	NA	NA	unphased	0.91799709724238	0.91799709724238	1
7	30544211	30544212	72	36	3	2	1	1	NA	NA	NA	unphased	1.59119496855346	0.79559748427673	2
7	31011576	31011577	124	16	3	2	1	1	NA	NA	NA	unphased	0.5455525606469	0.5455525606469	1
7	34014335	34014336	110	65	3	2	1	1	NA	NA	NA	unphased	1.77304582210243	0.886522911051213	2
7	34091577	34091578	83	52	3	2	1	1	NA	NA	NA	unphased	1.838714185884	0.919357092941999	2
7	34118634	34118635	123	83	3	2	1	1	NA	NA	NA	unphased	1.92333760762044	0.961668803810222	2
7	34698022	34698023	84	21	3	2	1	1	NA	NA	NA	unphased	0.954716981132076	0.954716981132076	1
7	38424478	38424479	71	27	3	2	1	1	NA	NA	NA	unphased	1.31517135155949	1.31517135155949	1
7	41729315	41729316	76	48	3	2	1	1	NA	NA	NA	unphased	1.84783931832015	0.923919659160073	2
7	42005296	42005297	90	26	3	2	1	1	NA	NA	NA	unphased	1.06994144437215	1.06994144437215	1
7	44804559	44804560	71	31	3	2	1	1	NA	NA	NA	unphased	1.45079541250462	0.725397706252312	2
7	44874044	44874045	27	19	3	2	1	1	NA	NA	NA	unphased	1.97169811320755	0.985849056603774	2
7	45223152	45223153	4	6	3	2	1	1	NA	NA	NA	unphased	2.86415094339623	1.43207547169811	2
7	48318019	48318020	60	36	3	2	1	1	NA	NA	NA	unphased	1.79009433962264	0.895047169811321	2
7	48451963	48451964	18	10	3	2	1	1	NA	NA	NA	unphased	1.70485175202156	0.852425876010782	2
7	53103777	53103778	24	19	3	2	1	1	NA	NA	NA	unphased	2.10925844668714	1.05462922334357	2
7	55269424	55269425	154	38	3	2	1	1	NA	NA	NA	unphased	0.944772012578616	0.944772012578616	1
7	57529413	57529414	45	22	3	2	1	1	NA	NA	NA	unphased	1.56744578991833	0.783722894959166	2
7	73279935	73279936	211	153	3	2	1	1	NA	NA	NA	unphased	2.00647936968692	1.00323968484346	2
7	73818243	73818244	69	46	3	2	1	1	NA	NA	NA	unphased	1.90943396226415	0.954716981132076	2
7	74211636	74211637	30	8	3	2	1	1	NA	NA	NA	unphased	1.00496524329692	1.00496524329692	1
7	77210754	77210755	95	20	3	2	1	1	NA	NA	NA	unphased	0.830188679245283	0.830188679245283	1
7	77814959	77814960	112	30	3	2	1	1	NA	NA	NA	unphased	1.00850385330853	1.00850385330853	1
7	80374285	80374286	109	85	3	2	1	1	NA	NA	NA	unphased	2.09151915969656	1.04575957984828	2
7	82538237	82538238	79	40	3	2	1	1	NA	NA	NA	unphased	1.60456635484382	0.802283177421912	2
7	82544514	82544515	29	3	3	2	1	1	NA	NA	NA	unphased	0.44752358490566	0.44752358490566	1
7	82595100	82595101	104	25	3	2	1	1	NA	NA	NA	unphased	0.925113353810151	0.925113353810151	1
7	83590948	83590949	124	60	3	2	1	1	NA	NA	NA	unphased	1.55660377358491	0.778301886792453	2
7	86416244	86416245	87	29	3	2	1	1	NA	NA	NA	unphased	1.19339622641509	1.19339622641509	1
7	87370832	87370833	40	25	3	2	1	1	NA	NA	NA	unphased	1.83599419448476	0.91799709724238	2
7	88964053	88964054	72	34	3	2	1	1	NA	NA	NA	unphased	1.5311498754005	0.765574937700249	2
7	90613555	90613556	144	46	3	2	1	1	NA	NA	NA	unphased	1.15571002979146	1.15571002979146	1
7	91867068	91867069	72	14	3	2	1	1	NA	NA	NA	unphased	0.777095217200527	0.777095217200527	1
7	92848546	92848547	53	46	3	2	1	1	NA	NA	NA	unphased	2.21802935010482	1.10901467505241	2
7	95775919	95775920	189	92	3	2	1	1	NA	NA	NA	unphased	1.56288189082119	0.781440945410596	2
7	96650125	96650126	45	29	3	2	1	1	NA	NA	NA	unphased	1.87072921978582	0.935364609892912	2
7	99459373	99459374	92	62	3	2	1	1	NA	NA	NA	unphased	1.92183288409704	0.960916442048518	2
7	99668854	99668855	108	89	3	2	1	1	NA	NA	NA	unphased	2.15659419595824	1.07829709797912	2
7	99701304	99701305	166	53	3	2	1	1	NA	NA	NA	unphased	1.15525114155251	1.15525114155251	1
7	99757737	99757738	97	25	3	2	1	1	NA	NA	NA	unphased	0.978193628209094	0.978193628209094	1
7	99971922	99971923	124	70	3	2	1	1	NA	NA	NA	unphased	1.72242754327952	0.861213771639759	2
7	100033914	100033915	17	9	NA	NA	NA	NA	NA	NA	NA	unphased	NA	NA	1
7	100358099	100358100	74	27	2	1	1	1	NA	NA	NA	unphased	1.00878012329535	1.00878012329535	1
7	100676656	100676657	226	94	2	1	1	1	NA	NA	NA	unphased	1.10849056603774	1.10849056603774	1
7	100677013	100677014	216	90	2	1	1	1	NA	NA	NA	unphased	1.10987791342952	1.10987791342952	1
7	100815507	100815508	26	8	2	1	1	1	NA	NA	NA	unphased	0.887902330743618	0.887902330743618	1
7	101801837	101801838	55	23	2	1	1	1	NA	NA	NA	unphased	1.11272375423319	1.11272375423319	1
7	103207055	103207056	58	30	2	1	1	1	NA	NA	NA	unphased	1.28644939965695	1.28644939965695	1
7	106509446	106509447	106	22	2	1	1	1	NA	NA	NA	unphased	0.648584905660377	0.648584905660377	1
7	107418650	107418651	18	7	2	1	1	1	NA	NA	NA	unphased	1.05660377358491	1.05660377358491	1
7	108142934	108142935	52	16	2	1	1	1	NA	NA	NA	unphased	0.887902330743618	0.887902330743618	1
7	111508202	111508203	36	6	2	1	1	1	NA	NA	NA	unphased	0.539083557951482	0.539083557951482	1
7	111509626	111509627	51	10	2	1	1	1	NA	NA	NA	unphased	0.618620476337767	0.618620476337767	1
7	117432358	117432359	136	29	2	1	1	1	NA	NA	NA	unphased	0.663236134934248	0.663236134934248	1
7	119915166	119915167	65	23	2	1	1	1	NA	NA	NA	unphased	0.986277873070326	0.986277873070326	1
7	121716430	121716431	26	13	2	1	1	1	NA	NA	NA	unphased	1.25786163522013	1.25786163522013	1
7	121738555	121738556	52	10	2	1	1	1	NA	NA	NA	unphased	0.608642726719416	0.608642726719416	1
7	121738573	121738574	37	14	2	1	1	1	NA	NA	NA	unphased	1.03588605253422	1.03588605253422	1
7	121773663	121773664	82	35	2	1	1	1	NA	NA	NA	unphased	1.12885018545396	1.12885018545396	1
7	122342062	122342063	35	7	2	1	1	1	NA	NA	NA	unphased	0.628930817610063	0.628930817610063	1
7	126173634	126173635	39	20	2	1	1	1	NA	NA	NA	unphased	1.27918132395267	1.27918132395267	1
7	127253565	127253566	87	22	2	1	1	1	NA	NA	NA	unphased	0.761640990133287	0.761640990133287	1
7	129091496	129091497	46	30	2	1	1	1	NA	NA	NA	unphased	1.48957298907646	1.48957298907646	1
7	129093115	129093116	70	22	2	1	1	1	NA	NA	NA	unphased	0.902378999179655	0.902378999179655	1
7	135261843	135261844	63	22	2	1	1	1	NA	NA	NA	unphased	0.97669256381798	0.97669256381798	1
7	135312823	135312824	126	51	2	1	1	1	NA	NA	NA	unphased	1.08730412535977	1.08730412535977	1
7	136700560	136700561	84	18	2	1	1	1	NA	NA	NA	unphased	0.665926748057714	0.665926748057714	1
7	137075964	137075965	122	29	2	1	1	1	NA	NA	NA	unphased	0.724728226914907	0.724728226914907	1
7	137206684	137206685	55	14	2	1	1	1	NA	NA	NA	unphased	0.765654908394859	0.765654908394859	1
7	139826555	139826556	82	31	2	1	1	1	NA	NA	NA	unphased	1.03523125730506	1.03523125730506	1
7	141420745	141420746	170	60	2	1	1	1	NA	NA	NA	unphased	0.984413453650533	0.984413453650533	1
7	141736021	141736022	13	15	2	1	1	1	NA	NA	NA	unphased	2.02156334231806	2.02156334231806	1
7	142032257	142032258	10	7	2	1	1	1	NA	NA	NA	unphased	1.55382907880133	1.55382907880133	1
7	142168564	142168565	93	27	2	1	1	1	NA	NA	NA	unphased	0.849056603773585	0.849056603773585	1
7	142510428	142510429	21	10	2	1	1	1	NA	NA	NA	unphased	1.21728545343883	1.21728545343883	1
7	143053571	143053572	23	7	2	1	1	1	NA	NA	NA	unphased	0.880503144654088	0.880503144654088	1
7	143632508	143632509	271	106	2	1	1	1	NA	NA	NA	unphased	1.06100795755968	1.06100795755968	1
7	143701516	143701517	52	21	2	1	1	1	NA	NA	NA	unphased	1.08555182217627	1.08555182217627	1
7	147600692	147600693	40	16	2	1	1	1	NA	NA	NA	unphased	1.07816711590296	1.07816711590296	1
7	147600693	147600694	39	16	2	1	1	1	NA	NA	NA	unphased	1.09777015437393	1.09777015437393	1
7	148801267	148801268	30	16	2	1	1	1	NA	NA	NA	unphased	1.31255127153404	1.31255127153404	1
7	148801268	148801269	29	16	2	1	1	1	NA	NA	NA	unphased	1.34171907756813	1.34171907756813	1
7	148921515	148921516	32	7	2	1	1	1	NA	NA	NA	unphased	0.677310111272375	0.677310111272375	1
7	150174526	150174527	93	25	2	1	1	1	NA	NA	NA	unphased	0.799488327470419	0.799488327470419	1
7	150217667	150217668	58	20	2	1	1	1	NA	NA	NA	unphased	0.96758587324625	0.96758587324625	1
7	150417246	150417247	101	26	2	1	1	1	NA	NA	NA	unphased	0.772544941316298	0.772544941316298	1
8	1513999	1514000	11	5	2	2	0	1	NA	NA	NA	unphased	1.17924528301887	1.17924528301887	1
8	3087561	3087562	32	11	1	1	0	1	NA	NA	NA	unphased	0.709521720052655	0.709521720052655	1
8	10466884	10466885	10	4	1	1	0	1	NA	NA	NA	unphased	0.792452830188679	0.792452830188679	1
8	14022117	14022118	36	21	1	1	0	1	NA	NA	NA	unphased	1.02184707050645	1.02184707050645	1
8	17541902	17541903	91	42	1	1	0	1	NA	NA	NA	unphased	0.875868917576961	0.875868917576961	1
8	22049653	22049654	25	11	1	1	0	1	NA	NA	NA	unphased	0.84748427672956	0.84748427672956	1
8	24324399	24324400	71	36	1	1	0	1	NA	NA	NA	unphased	0.933168753306295	0.933168753306295	1
8	25364167	25364168	55	39	1	1	0	1	NA	NA	NA	unphased	1.15074267362505	1.15074267362505	1
8	26627826	26627827	69	40	1	1	0	1	NA	NA	NA	unphased	1.01782932317812	1.01782932317812	1
8	30700886	30700887	110	54	1	1	0	1	NA	NA	NA	unphased	0.913253566497929	0.913253566497929	1
8	30703576	30703577	92	46	1	1	0	1	NA	NA	NA	unphased	0.924528301886792	0.924528301886792	1
8	36788570	36788571	51	35	1	1	0	1	NA	NA	NA	unphased	1.12878455462922	1.12878455462922	1
8	39602351	39602352	69	43	1	1	0	1	NA	NA	NA	unphased	1.06485849056604	1.06485849056604	1
8	48649847	48649848	11	7	1.57	1	1	0.57	1	0	0.43	unphased	1.30028301886792	1.30028301886792	1
8	52322095	52322096	38	9	2	1	1	1	NA	NA	NA	unphased	0.722601364913689	0.722601364913689	1
8	53076623	53076624	60	48	2	1	1	1	NA	NA	NA	unphased	1.67714884696017	1.67714884696017	1
8	53092720	53092721	179	116	2	1	1	1	NA	NA	NA	unphased	1.4838503357851	1.4838503357851	1
8	67064772	67064773	60	24	2	1	1	1	NA	NA	NA	unphased	1.07816711590296	1.07816711590296	1
8	67064780	67064781	67	23	2	1	1	1	NA	NA	NA	unphased	0.964360587002096	0.964360587002096	1
8	72755879	72755880	50	10	2	1	1	1	NA	NA	NA	unphased	0.628930817610063	0.628930817610063	1
8	73479990	73479991	147	32	2	1	1	1	NA	NA	NA	unphased	0.674607357436492	0.674607357436492	1
8	77764402	77764403	67	11	1.7	2	1	0.35	1	0	0.65	unphased	0.489864537977745	1.3996129656507	0.35
8	77895456	77895457	80	67	1.7	2	1	0.35	1	0	0.65	unphased	1.58319856244385	1.17273967588433	1.35
8	77895458	77895459	82	68	1.7	2	1	0.35	1	0	0.65	unphased	1.57469182389937	1.16643838807361	1.35
8	82606631	82606632	182	37	1.7	2	1	0.35	1	0	0.65	unphased	0.586861376755406	0.586861376755406	1
8	87153718	87153719	106	42	1.7	2	1	0.35	1	0	0.65	unphased	0.985747067822539	0.985747067822539	1
8	87226571	87226572	10	11	1.7	2	1	0.35	1	0	0.65	unphased	1.81949685534591	1.34777544840438	1.35
8	87229834	87229835	144	40	1.7	2	1	0.35	1	0	0.65	unphased	0.75512715340443	0.75512715340443	1
8	87235207	87235208	113	74	1.7	2	1	0.35	1	0	0.65	unphased	1.37457370598325	1.01820274517278	1.35
8	87755877	87755878	86	49	1.7	2	1	0.35	1	0	0.65	unphased	1.26078266946191	0.933913088490307	1.35
8	89053925	89053926	67	50	1.7	2	1	0.35	1	0	0.65	unphased	1.48443799387196	1.09958369916441	1.35
8	89128774	89128775	87	14	1.7	2	1	0.35	1	0	0.65	unphased	0.481487016626191	1.37567719036055	0.35
8	89128849	89128850	195	50	1.7	2	1	0.35	1	0	0.65	unphased	0.708894878706199	0.708894878706199	1
8	92007856	92007857	68	16	1.7	2	1	0.35	1	0	0.65	unphased	0.661635220125786	0.661635220125786	1
8	92406200	92406201	108	59	1.7	2	1	0.35	1	0	0.65	unphased	1.22719466726923	0.9090330868661	1.35
8	99961434	99961435	90	58	2.48	2	1	0.48	1	1	0.52	unphased	1.66694543600204	1.12631448378516	1.48
8	99963898	99963899	31	6	2.48	2	1	0.48	1	1	0.52	unphased	0.689770525242223	0.689770525242223	1
8	103324639	103324640	85	64	2.48	2	1	0.48	1	1	0.52	unphased	1.82704318095479	1.23448863578027	1.48
8	105264106	105264107	29	28	2.48	2	1	0.48	1	1	0.52	unphased	2.08948030453492	1.41181101657765	1.48
8	110569169	110569170	59	24	2.48	2	1	0.48	1	1	0.52	unphased	1.2299522618777	1.2299522618777	1
8	113332170	113332171	173	32	2.48	2	1	0.48	1	1	0.52	unphased	0.663974229176254	0.663974229176254	1
8	113353714	113353715	80	21	2.48	2	1	0.48	1	1	0.52	unphased	0.884408742761069	0.884408742761069	1
8	119936777	119936778	413	42	2.48	2	1	0.48	1	1	0.52	unphased	0.392638606676343	0.81799709724238	0.48
8	120744198	120744199	130	102	2.48	2	1	0.48	1	1	0.52	unphased	1.87011060507482	1.26358824667218	1.48
8	124408530	124408531	35	16	2.48	2	1	0.48	1	1	0.52	unphased	1.33445800961894	1.33445800961894	1
8	124659170	124659171	195	136	2.48	2	1	0.48	1	1	0.52	unphased	1.74769651712934	1.18087602508739	1.48
8	131955657	131955658	76	8	1.26	2	1	0.13	1	0	0.87	unphased	0.288912848158131	0.288912848158131	1
8	132002664	132002665	219	50	1.26	2	1	0.13	1	0	0.87	unphased	0.563863365364382	0.563863365364382	1
8	133182663	133182664	69	17	1.26	2	1	0.13	1	0	0.87	unphased	0.599662132514261	0.599662132514261	1
8	133196527	133196528	131	27	1.26	2	1	0.13	1	0	0.87	unphased	0.518397420587533	0.518397420587533	1
8	133961036	133961037	251	54	1.26	2	1	0.13	1	0	0.87	unphased	0.537093721002165	0.537093721002165	1
8	139144862	139144863	286	17	1.26	2	1	0.13	1	0	0.87	unphased	0.170201133320879	1.30923948708369	0.13
8	141034034	141034035	145	33	1.26	2	1	0.13	1	0	0.87	unphased	0.562406190375239	0.562406190375239	1
8	141582931	141582932	66	47	1.26	2	1	0.13	1	0	0.87	unphased	1.26175655368175	1.11659872007235	1.13
8	143559663	143559664	11	10	1.26	2	1	0.13	1	0	0.87	unphased	1.44456424079066	1.44456424079066	1
8	143695372	143695373	22	5	1.26	2	1	0.13	1	0	0.87	unphased	0.561774982529699	0.561774982529699	1
8	143960515	143960516	72	15	1.26	2	1	0.13	1	0	0.87	unphased	0.523031880286272	0.523031880286272	1
8	144240338	144240339	37	19	1.26	2	1	0.13	1	0	0.87	unphased	1.02925202156334	1.02925202156334	1
8	144644649	144644650	32	8	1.26	2	1	0.13	1	0	0.87	unphased	0.606716981132076	0.606716981132076	1
8	144657372	144657373	19	6	1.26	2	1	0.13	1	0	0.87	unphased	0.72806037735849	0.72806037735849	1
9	1056413	1056414	61	94	3	3	0	1	NA	NA	NA	unphased	2.89494826536823	0.964982755122743	3
9	3277415	3277416	62	119	3	3	0	1	NA	NA	NA	unphased	3.13843427499218	1.04614475833073	3
9	7011846	7011847	35	32	3	3	0	1	NA	NA	NA	unphased	2.27992114897212	1.13996057448606	2
9	8497240	8497241	22	22	3	3	0	1	NA	NA	NA	unphased	2.38679245283019	1.19339622641509	2
9	14307057	14307058	52	94	3	3	0	1	NA	NA	NA	unphased	3.07340398035668	1.02446799345223	3
9	15848935	15848936	21	24	3	3	0	1	NA	NA	NA	unphased	2.54591194968553	0.848637316561845	3
9	17487025	17487026	42	50	3	3	0	1	NA	NA	NA	unphased	2.59433962264151	0.864779874213837	3
9	18950895	18950896	71	114	3	3	0	1	NA	NA	NA	unphased	2.94156042835288	0.980520142784294	3
9	32631521	32631522	132	226	3	3	0	1	NA	NA	NA	unphased	3.01349214714873	1.00449738238291	3
9	34493298	34493299	47	84	3	3	0	1	NA	NA	NA	unphased	3.06092467233184	1.02030822411061	3
9	35091902	35091903	36	60	3	3	0	1	NA	NA	NA	unphased	2.98349056603774	0.994496855345912	3
9	37512500	37512501	56	94	3	3	0	1	NA	NA	NA	unphased	2.9914465408805	0.997148846960168	3
9	43624969	43624970	189	241	NA	NA	NA	NA	NA	NA	NA	unphased	NA	NA	1
9	43885066	43885067	16	17	NA	NA	NA	NA	NA	NA	NA	unphased	NA	NA	1
9	70177162	70177163	81	10	NA	NA	NA	NA	NA	NA	NA	unphased	NA	NA	1
9	73235223	73235224	202	54	2	1	1	1	NA	NA	NA	unphased	0.795990566037736	0.795990566037736	1
9	73240204	73240205	45	11	2	1	1	1	NA	NA	NA	unphased	0.741239892183288	0.741239892183288	1
9	73426109	73426110	28	15	2	1	1	1	NA	NA	NA	unphased	1.31636682755595	1.31636682755595	1
9	74828853	74828854	65	18	2	1	1	1	NA	NA	NA	unphased	0.818367810866106	0.818367810866106	1
9	74970880	74970881	57	15	2	1	1	1	NA	NA	NA	unphased	0.786163522012579	0.786163522012579	1
9	77442861	77442862	46	12	2	1	1	1	NA	NA	NA	unphased	0.780741704619388	0.780741704619388	1
9	77563084	77563085	90	27	2	1	1	1	NA	NA	NA	unphased	0.870827285921626	0.870827285921626	1
9	79320493	79320494	58	20	2	1	1	1	NA	NA	NA	unphased	0.96758587324625	0.96758587324625	1
9	82187679	82187680	33	12	2	1	1	1	NA	NA	NA	unphased	1.0062893081761	1.0062893081761	1
9	82323694	82323695	22	6	2	1	1	1	NA	NA	NA	unphased	0.808625336927224	0.808625336927224	1
9	84608353	84608354	184	65	2	1	1	1	NA	NA	NA	unphased	0.985072364931424	0.985072364931424	1
9	86503501	86503502	45	17	2	1	1	1	NA	NA	NA	unphased	1.03469263542301	1.03469263542301	1
9	86893172	86893173	37	13	2	1	1	1	NA	NA	NA	unphased	0.981132075471698	0.981132075471698	1
9	91150624	91150625	28	5	2	1	1	1	NA	NA	NA	unphased	0.571755288736421	0.571755288736421	1
9	94495405	94495406	7	4	2	1	1	1	NA	NA	NA	unphased	1.37221269296741	1.37221269296741	1
9	95099821	95099822	126	41	2	1	1	1	NA	NA	NA	unphased	0.926448988814823	0.926448988814823	1
9	99285910	99285911	112	28	3	2	1	1	NA	NA	NA	unphased	0.954716981132076	0.954716981132076	1
9	100692379	100692380	289	71	3	2	1	1	NA	NA	NA	unphased	0.941457023060797	0.941457023060797	1
9	101747922	101747923	35	28	3	2	1	1	NA	NA	NA	unphased	2.12159329140461	1.06079664570231	2
9	101777768	101777769	31	29	3	2	1	1	NA	NA	NA	unphased	2.30723270440252	1.15361635220126	2
9	101829240	101829241	81	70	3	2	1	1	NA	NA	NA	unphased	2.2129201549419	1.10646007747095	2
9	102609734	102609735	131	69	3	2	1	1	NA	NA	NA	unphased	1.64688679245283	0.823443396226415	2
9	104432716	104432717	75	59	3	2	1	1	NA	NA	NA	unphased	2.10180230920867	1.05090115460434	2
9	105767108	105767109	49	33	3	2	1	1	NA	NA	NA	unphased	1.92107685227796	0.960538426138978	2
9	107266976	107266977	52	45	3	2	1	1	NA	NA	NA	unphased	2.21454969850224	1.10727484925112	2
9	107576437	107576438	93	19	3	2	1	1	NA	NA	NA	unphased	0.809804582210243	0.809804582210243	1
9	107618157	107618158	35	24	3	2	1	1	NA	NA	NA	unphased	1.94179724976015	0.970898624880077	2
9	111899754	111899755	125	27	3	2	1	1	NA	NA	NA	unphased	0.847939424031778	0.847939424031778	1
9	113170525	113170526	54	26	3	2	1	1	NA	NA	NA	unphased	1.55141509433962	0.775707547169811	2
9	113192678	113192679	32	14	3	2	1	1	NA	NA	NA	unphased	1.45283018867925	1.45283018867925	1
9	113194801	113194802	98	60	3	2	1	1	NA	NA	NA	unphased	1.81275376164318	0.906376880821591	2
9	114289896	114289897	103	40	3	2	1	1	NA	NA	NA	unphased	1.33526850507983	0.667634252539913	2
9	115652194	115652195	76	20	3	2	1	1	NA	NA	NA	unphased	0.994496855345912	0.994496855345912	1
9	115806139	115806140	218	102	3	2	1	1	NA	NA	NA	unphased	1.52158018867925	0.760790094339623	2
9	117228589	117228590	84	64	3	2	1	1	NA	NA	NA	unphased	2.06425293217746	1.03212646608873	2
9	120053604	120053605	45	11	3	2	1	1	NA	NA	NA	unphased	0.93766846361186	0.93766846361186	1
9	125148948	125148949	129	33	3	2	1	1	NA	NA	NA	unphased	0.972396925227114	0.972396925227114	1
9	125273889	125273890	251	60	3	2	1	1	NA	NA	NA	unphased	0.9209488563975	0.9209488563975	1
9	125330085	125330086	40	10	3	2	1	1	NA	NA	NA	unphased	0.954716981132076	0.954716981132076	1
9	126125140	126125141	154	36	3	2	1	1	NA	NA	NA	unphased	0.90446871896723	0.90446871896723	1
9	130213651	130213652	15	14	3	2	1	1	NA	NA	NA	unphased	2.30448926480156	1.15224463240078	2
9	131087482	131087483	60	12	3	2	1	1	NA	NA	NA	unphased	0.79559748427673	0.79559748427673	1
9	131094560	131094561	29	14	3	2	1	1	NA	NA	NA	unphased	1.55419043440105	0.777095217200527	2
9	134106047	134106048	67	38	3	2	1	1	NA	NA	NA	unphased	1.72758310871518	0.863791554357592	2
9	134165439	134165440	23	13	3	2	1	1	NA	NA	NA	unphased	1.72379454926625	0.861897274633124	2
9	134183626	134183627	17	3	3	2	1	1	NA	NA	NA	unphased	0.716037735849057	0.716037735849057	1
9	134396835	134396836	86	14	3	2	1	1	NA	NA	NA	unphased	0.668301886792453	0.668301886792453	1
9	135862793	135862794	53	28	3	2	1	1	NA	NA	NA	unphased	1.65012811553692	0.82506405776846	2
9	135906462	135906463	17	6	3	2	1	1	NA	NA	NA	unphased	1.24528301886792	1.24528301886792	1
9	136304490	136304491	155	34	3	2	1	1	NA	NA	NA	unphased	0.85874014175901	0.85874014175901	1
9	137593146	137593147	34	5	3	2	1	1	NA	NA	NA	unphased	0.611998064828253	0.611998064828253	1
9	139741706	139741707	12	9	3	2	1	1	NA	NA	NA	unphased	2.04582210242588	1.02291105121294	2
9	139909924	139909925	6	6	3	2	1	1	NA	NA	NA	unphased	2.38679245283019	1.19339622641509	2
9	140100356	140100357	21	3	3	2	1	1	NA	NA	NA	unphased	0.596698113207547	0.596698113207547	1
9	140846806	140846807	50	33	3	2	1	1	NA	NA	NA	unphased	1.89793134803364	0.948965674016822	2
9	140991013	140991014	97	17	NA	NA	NA	NA	NA	NA	NA	unphased	NA	NA	1
X	1404668	1404669	42	16	NA	NA	NA	NA	NA	NA	NA	unphased	NA	NA	1
X	3236018	3236019	15	15	NA	NA	NA	NA	NA	NA	NA	unphased	NA	NA	1
X	3240742	3240743	37	38	NA	NA	NA	NA	NA	NA	NA	unphased	NA	NA	1
X	5810953	5810954	18	21	NA	NA	NA	NA	NA	NA	NA	unphased	NA	NA	1
X	5827146	5827147	31	14	NA	NA	NA	NA	NA	NA	NA	unphased	NA	NA	1
X	14861979	14861980	34	37	NA	NA	NA	NA	NA	NA	NA	unphased	NA	NA	1
X	23685869	23685870	15	16	NA	NA	NA	NA	NA	NA	NA	unphased	NA	NA	1
X	24544340	24544341	25	14	NA	NA	NA	NA	NA	NA	NA	unphased	NA	NA	1
X	31947804	31947805	38	26	NA	NA	NA	NA	NA	NA	NA	unphased	NA	NA	1
X	41204662	41204663	26	27	NA	NA	NA	NA	NA	NA	NA	unphased	NA	NA	1
X	41333779	41333780	5	6	NA	NA	NA	NA	NA	NA	NA	unphased	NA	NA	1
X	48317371	48317372	8	9	NA	NA	NA	NA	NA	NA	NA	unphased	NA	NA	1
X	48687892	48687893	31	80	NA	NA	NA	NA	NA	NA	NA	unphased	NA	NA	1
X	49958853	49958854	51	58	NA	NA	NA	NA	NA	NA	NA	unphased	NA	NA	1
X	64951019	64951020	7	6	NA	NA	NA	NA	NA	NA	NA	unphased	NA	NA	1
X	68749657	68749658	11	30	NA	NA	NA	NA	NA	NA	NA	unphased	NA	NA	1
X	71350436	71350437	50	83	NA	NA	NA	NA	NA	NA	NA	unphased	NA	NA	1
X	73045195	73045196	15	35	NA	NA	NA	NA	NA	NA	NA	unphased	NA	NA	1
X	73046295	73046296	11	12	NA	NA	NA	NA	NA	NA	NA	unphased	NA	NA	1
X	73047134	73047135	28	91	NA	NA	NA	NA	NA	NA	NA	unphased	NA	NA	1
X	73071058	73071059	30	79	NA	NA	NA	NA	NA	NA	NA	unphased	NA	NA	1
X	77284911	77284912	30	64	NA	NA	NA	NA	NA	NA	NA	unphased	NA	NA	1
X	77913753	77913754	13	19	NA	NA	NA	NA	NA	NA	NA	unphased	NA	NA	1
X	92927475	92927476	43	91	NA	NA	NA	NA	NA	NA	NA	unphased	NA	NA	1
X	92964358	92964359	5	10	NA	NA	NA	NA	NA	NA	NA	unphased	NA	NA	1
X	100611134	100611135	32	57	NA	NA	NA	NA	NA	NA	NA	unphased	NA	NA	1
X	100881115	100881116	31	81	NA	NA	NA	NA	NA	NA	NA	unphased	NA	NA	1
X	101096236	101096237	51	40	NA	NA	NA	NA	NA	NA	NA	unphased	NA	NA	1
X	101857623	101857624	50	83	NA	NA	NA	NA	NA	NA	NA	unphased	NA	NA	1
X	101909359	101909360	41	104	NA	NA	NA	NA	NA	NA	NA	unphased	NA	NA	1
X	103268109	103268110	56	38	NA	NA	NA	NA	NA	NA	NA	unphased	NA	NA	1
X	107975734	107975735	16	46	NA	NA	NA	NA	NA	NA	NA	unphased	NA	NA	1
X	110491796	110491797	9	31	NA	NA	NA	NA	NA	NA	NA	unphased	NA	NA	1
X	111698733	111698734	59	75	NA	NA	NA	NA	NA	NA	NA	unphased	NA	NA	1
X	118223501	118223502	53	102	NA	NA	NA	NA	NA	NA	NA	unphased	NA	NA	1
X	123518503	123518504	38	71	NA	NA	NA	NA	NA	NA	NA	unphased	NA	NA	1
X	123554330	123554331	9	30	NA	NA	NA	NA	NA	NA	NA	unphased	NA	NA	1
X	123870988	123870989	18	42	NA	NA	NA	NA	NA	NA	NA	unphased	NA	NA	1
X	125685194	125685195	54	30	NA	NA	NA	NA	NA	NA	NA	unphased	NA	NA	1
X	125686129	125686130	15	34	NA	NA	NA	NA	NA	NA	NA	unphased	NA	NA	1
X	125686130	125686131	14	35	NA	NA	NA	NA	NA	NA	NA	unphased	NA	NA	1
X	128630822	128630823	43	94	NA	NA	NA	NA	NA	NA	NA	unphased	NA	NA	1
X	135431463	135431464	37	82	NA	NA	NA	NA	NA	NA	NA	unphased	NA	NA	1
X	139866313	139866314	36	53	NA	NA	NA	NA	NA	NA	NA	unphased	NA	NA	1
X	141291505	141291506	17	31	NA	NA	NA	NA	NA	NA	NA	unphased	NA	NA	1
X	146295103	146295104	6	5	NA	NA	NA	NA	NA	NA	NA	unphased	NA	NA	1
X	151092211	151092212	12	40	NA	NA	NA	NA	NA	NA	NA	unphased	NA	NA	1
X	151900866	151900867	6	13	NA	NA	NA	NA	NA	NA	NA	unphased	NA	NA	1
X	152937125	152937126	43	70	NA	NA	NA	NA	NA	NA	NA	unphased	NA	NA	1
X	153130877	153130878	44	89	NA	NA	NA	NA	NA	NA	NA	unphased	NA	NA	1
X	153130878	153130879	43	88	NA	NA	NA	NA	NA	NA	NA	unphased	NA	NA	1
