chr	pos	ref	alt	gene	classification	t_ref_count	t_alt_count	total_depth	vaf	local_cn	major_cn	minor_cn	mcn	multiplicity	ccf	ccf_capped	is_clonal	purity	ploidy
1	1580589	G	A	CDK11B	Missense_Mutation	10	10	20	0.5	2	1	1	1.087	1	1.087	1.0	True	0.92	2.02
1	2113736	C	T	PRKCZ	Intron	28	14	42	0.3333333333333333	2	1	1	0.7246	1	0.7246	0.7246	False	0.92	2.02
1	2938647	G	A	ACTRT2	Missense_Mutation	7	7	14	0.5	2	1	1	1.087	1	1.087	1.0	True	0.92	2.02
1	3380071	C	T	ARHGEF16	Silent	16	15	31	0.4838709677419355	2	1	1	1.0519	1	1.0519	1.0	True	0.92	2.02
1	3806365	C	A	C1orf174	3'UTR	19	13	32	0.40625	2	1	1	0.8832	1	0.8832	0.8832	True	0.92	2.02
1	5947410	G	A	NPHP4	Silent	24	16	40	0.4	2	1	1	0.8696	1	0.8696	0.8696	True	0.92	2.02
1	9073661	C	A	SLC2A7	Missense_Mutation	12	8	20	0.4	2	1	1	0.8696	1	0.8696	0.8696	True	0.92	2.02
1	10699727	G	T	CASZ1	Missense_Mutation	9	21	30	0.7	2	1	1	1.5217	1	1.5217	1.0	True	0.92	2.02
1	11087302	A	G	MASP2	Silent	22	18	40	0.45	2	1	1	0.9783	1	0.9783	0.9783	True	0.92	2.02
1	11105563	G	A	MASP2	Missense_Mutation	15	21	36	0.5833333333333334	2	1	1	1.2681	1	1.2681	1.0	True	0.92	2.02
1	11982632	G	A	KIAA2013	Intron	14	6	20	0.3	2	1	1	0.6522	1	0.6522	0.6522	False	0.92	2.02
1	16063210	T	C	SLC25A34	Missense_Mutation	8	9	17	0.5294117647058824	2	1	1	1.1509	1	1.1509	1.0	True	0.92	2.02
1	18023568	G	A	ARHGEF10L	Missense_Mutation	7	6	13	0.46153846153846156	2	1	1	1.0033	1	1.0033	1.0	True	0.92	2.02
1	19029699	G	A	PAX7	Missense_Mutation	16	19	35	0.5428571428571428	2	1	1	1.1801	1	1.1801	1.0	True	0.92	2.02
1	19513667	G	T	UBR4	Silent	38	5	43	0.11627906976744186	2	1	1	0.2528	1	0.2528	0.2528	False	0.92	2.02
1	20224103	G	T	OTUD3	Missense_Mutation	33	5	38	0.13157894736842105	2	1	1	0.286	1	0.286	0.286	False	0.92	2.02
1	21808133	C	T	NBPF3	Nonsense_Mutation	25	4	29	0.13793103448275862	2	1	1	0.2999	1	0.2999	0.2999	False	0.92	2.02
1	22150973	G	T	LDLRAD2	3'UTR	24	19	43	0.4418604651162791	2	1	1	0.9606	1	0.9606	0.9606	True	0.92	2.02
1	23650118	G	A	HNRNPR	Silent	22	14	36	0.3888888888888889	2	1	1	0.8454	1	0.8454	0.8454	False	0.92	2.02
1	23696881	G	T	C1orf213	3'UTR	9	15	24	0.625	2	1	1	1.3587	1	1.3587	1.0	True	0.92	2.02
1	27101322	C	T	ARID1A	Missense_Mutation	20	18	38	0.47368421052631576	2	1	1	1.0297	1	1.0297	1.0	True	0.92	2.02
1	27630147	C	T	WDTC1	Missense_Mutation	17	17	34	0.5	2	1	1	1.087	1	1.087	1.0	True	0.92	2.02
1	29606640	G	A	PTPRU	Missense_Mutation	9	8	17	0.47058823529411764	2	1	1	1.023	1	1.023	1.0	True	0.92	2.02
1	32385176	G	A	PTP4A2	5'UTR	12	4	16	0.25	2	1	1	0.5435	1	0.5435	0.5435	False	0.92	2.02
1	33252568	T	C	YARS	Missense_Mutation	55	16	71	0.22535211267605634	2	1	1	0.4899	1	0.4899	0.4899	False	0.92	2.02
1	33613136	A	G	TRIM62	Missense_Mutation	18	14	32	0.4375	2	1	1	0.9511	1	0.9511	0.9511	True	0.92	2.02
1	35260871	G	T	GJA4	3'UTR	25	24	49	0.4897959183673469	2	1	1	1.0648	1	1.0648	1.0	True	0.92	2.02
1	36354056	G	A	AGO1	Silent	8	15	23	0.6521739130434783	2	1	1	1.4178	1	1.4178	1.0	True	0.92	2.02
1	40126853	G	A	NT5C1A	Silent	13	8	21	0.38095238095238093	2	1	1	0.8282	1	0.8282	0.8282	False	0.92	2.02
1	40150272	C	A	HPCAL4	Missense_Mutation	33	6	39	0.15384615384615385	2	1	1	0.3344	1	0.3344	0.3344	False	0.92	2.02
1	40759852	A	G	ZMPSTE24	3'UTR	22	23	45	0.5111111111111111	2	1	1	1.1111	1	1.1111	1.0	True	0.92	2.02
1	40945120	G	A	ZFP69	Silent	12	12	24	0.5	2	1	1	1.087	1	1.087	1.0	True	0.92	2.02
1	41215334	A	G	NFYC	Silent	38	15	53	0.2830188679245283	2	1	1	0.6153	1	0.6153	0.6153	False	0.92	2.02
1	42923021	G	A	PPCS	Silent	27	23	50	0.46	2	1	1	1.0	1	1.0	1.0	True	0.92	2.02
1	45288980	A	G	PTCH2	Silent	17	11	28	0.39285714285714285	2	1	1	0.854	1	0.854	0.854	True	0.92	2.02
1	45478974	G	A	UROD	Missense_Mutation	11	18	29	0.6206896551724138	2	1	1	1.3493	1	1.3493	1.0	True	0.92	2.02
1	47905518	G	A	FOXD2	3'UTR	50	74	124	0.5967741935483871	2	1	1	1.2973	1	1.2973	1.0	True	0.92	2.02
1	52703668	T	C	ZFYVE9	Silent	13	9	22	0.4090909090909091	2	1	1	0.8893	1	0.8893	0.8893	True	0.92	2.02
1	53686284	G	A	C1orf123	5'UTR	15	22	37	0.5945945945945946	2	1	1	1.2926	1	1.2926	1.0	True	0.92	2.02
1	68620850	G	A	WLS	Missense_Mutation	23	26	49	0.5306122448979592	2	1	1	1.1535	1	1.1535	1.0	True	0.92	2.02
1	83912045	A	G	RP11-413G15.1	RNA	25	8	33	0.24242424242424243	2	1	1	0.527	1	0.527	0.527	False	0.92	2.02
1	109529239	C	T	WDR47	Missense_Mutation	54	7	61	0.11475409836065574	2	1	1	0.2495	1	0.2495	0.2495	False	0.92	2.02
1	109856033	T	C	SORT1	3'UTR	27	5	32	0.15625	2	1	1	0.3397	1	0.3397	0.3397	False	0.92	2.02
1	110299734	G	T	EPS8L3	Silent	17	17	34	0.5	2	1	1	1.087	1	1.087	1.0	True	0.92	2.02
1	110467420	C	T	CSF1	Missense_Mutation	23	17	40	0.425	2	1	1	0.9239	1	0.9239	0.9239	True	0.92	2.02
1	116237983	G	A	VANGL1	3'UTR	52	12	64	0.1875	2	1	1	0.4076	1	0.4076	0.4076	False	0.92	2.02
1	116573996	T	C	SLC22A15	Silent	22	19	41	0.4634146341463415	2	1	1	1.0074	1	1.0074	1.0	True	0.92	2.02
1	116609221	G	A	SLC22A15	Silent	39	31	70	0.44285714285714284	2	1	1	0.9627	1	0.9627	0.9627	True	0.92	2.02
1	144014027	G	A	SRGAP2B	RNA	59	9	68	0.1323529411764706	2	1	1	0.2877	1	0.2877	0.2877	False	0.92	2.02
1	144921967	T	A	PDE4DIP	Missense_Mutation	123	19	142	0.13380281690140844	3	2	1	0.4247	1	0.4247	0.4247	False	0.92	2.02
1	145103990	C	T	SEC22B	RNA	117	17	134	0.12686567164179105	3	2	1	0.4027	1	0.4027	0.4027	False	0.92	2.02
1	150418704	A	G	RPRD2	Missense_Mutation	34	9	43	0.20930232558139536	3	2	1	0.6643	1	0.6643	0.6643	False	0.92	2.02
1	150923477	C	A	SETDB1	Missense_Mutation	29	16	45	0.35555555555555557	3	2	1	1.1285	1	1.1285	1.0	True	0.92	2.02
1	151020930	C	T	C1orf56	Silent	17	4	21	0.19047619047619047	3	2	1	0.6046	1	0.6046	0.6046	False	0.92	2.02
1	151237930	G	A	PSMD4	Missense_Mutation	36	19	55	0.34545454545454546	3	2	1	1.0964	1	1.0964	1.0	True	0.92	2.02
1	151317587	G	A	RFX5	Silent	35	9	44	0.20454545454545456	3	2	1	0.6492	1	0.6492	0.6492	False	0.92	2.02
1	151667408	G	A	SNX27	3'UTR	18	10	28	0.35714285714285715	3	2	1	1.1335	1	1.1335	1.0	True	0.92	2.02
1	152191466	C	T	HRNR	Missense_Mutation	52	16	68	0.23529411764705882	3	2	1	0.7468	1	0.7468	0.7468	False	0.92	2.02
1	152192701	G	A	HRNR	Silent	38	74	112	0.6607142857142857	3	2	1	2.097	2	1.0485	1.0	True	0.92	2.02
1	152279194	G	A	FLG	Missense_Mutation	171	27	198	0.13636363636363635	3	2	1	0.4328	1	0.4328	0.4328	False	0.92	2.02
1	152283221	C	A	FLG	Missense_Mutation	197	71	268	0.26492537313432835	3	2	1	0.8409	1	0.8409	0.8409	False	0.92	2.02
1	154561124	A	G	ADAR	Missense_Mutation	15	6	21	0.2857142857142857	3	2	1	0.9068	1	0.9068	0.9068	True	0.92	2.02
1	155306144	A	G	ASH1L	3'UTR	14	7	21	0.3333333333333333	3	2	1	1.058	1	1.058	1.0	True	0.92	2.02
1	155448847	G	A	ASH1L	Missense_Mutation	23	9	32	0.28125	3	2	1	0.8927	1	0.8927	0.8927	True	0.92	2.02
1	156539230	C	A	IQGAP3	Missense_Mutation	70	28	98	0.2857142857142857	3	2	1	0.9068	1	0.9068	0.9068	True	0.92	2.02
1	158636108	G	A	SPTA1	Nonsense_Mutation	29	5	34	0.14705882352941177	3	2	1	0.4668	1	0.4668	0.4668	False	0.92	2.02
1	158815682	T	A	MNDA	Missense_Mutation	29	11	40	0.275	3	2	1	0.8728	1	0.8728	0.8728	True	0.92	2.02
1	159283900	G	A	OR10J3	Missense_Mutation	13	7	20	0.35	3	2	1	1.1109	1	1.1109	1.0	True	0.92	2.02
1	159799839	G	A	SLAMF8	Missense_Mutation	25	7	32	0.21875	3	2	1	0.6943	1	0.6943	0.6943	False	0.92	2.02
1	160395320	G	A	VANGL2	3'UTR	17	19	36	0.5277777777777778	3	2	1	1.6751	2	0.8376	0.8376	False	0.92	2.02
1	168032987	C	A	DCAF6	Missense_Mutation	39	17	56	0.30357142857142855	3	2	1	0.9635	1	0.9635	0.9635	True	0.92	2.02
1	169822608	G	A	C1orf112	3'UTR	25	11	36	0.3055555555555556	3	2	1	0.9698	1	0.9698	0.9698	True	0.92	2.02
1	171621375	C	T	MYOC	Missense_Mutation	51	6	57	0.10526315789473684	3	2	1	0.3341	1	0.3341	0.3341	False	0.92	2.02
1	173883980	C	T	SERPINC1	Missense_Mutation	16	11	27	0.4074074074074074	3	2	1	1.2931	1	1.2931	1.0	True	0.92	2.02
1	177915442	C	T	SEC16B	Intron	9	4	13	0.3076923076923077	3	2	1	0.9766	1	0.9766	0.9766	True	0.92	2.02
1	185070526	G	A	RNF2	3'UTR	23	11	34	0.3235294117647059	3	2	1	1.0269	1	1.0269	1.0	True	0.92	2.02
1	193045696	T	C	TROVE2	Silent	27	13	40	0.325	3	2	1	1.0315	1	1.0315	1.0	True	0.92	2.02
1	200587320	A	C	KIF14	Missense_Mutation	42	21	63	0.3333333333333333	3	2	1	1.058	1	1.058	1.0	True	0.92	2.02
1	200828053	C	T	CAMSAP2	3'UTR	13	5	18	0.2777777777777778	3	2	1	0.8816	1	0.8816	0.8816	True	0.92	2.02
1	200960074	C	T	KIF21B	Silent	51	12	63	0.19047619047619047	3	2	1	0.6046	1	0.6046	0.6046	False	0.92	2.02
1	202830643	A	G	RP11-480I12.7	5'Flank	37	12	49	0.24489795918367346	3	2	1	0.7773	1	0.7773	0.7773	False	0.92	2.02
1	203144812	C	T	MYBPH	Silent	131	53	184	0.28804347826086957	3	2	1	0.9142	1	0.9142	0.9142	True	0.92	2.02
1	204588306	G	A	LRRN2	Missense_Mutation	36	11	47	0.23404255319148937	3	2	1	0.7428	1	0.7428	0.7428	False	0.92	2.02
1	204588338	G	A	LRRN2	Silent	25	19	44	0.4318181818181818	3	2	1	1.3706	1	1.3706	1.0	True	0.92	2.02
1	208390740	C	A	PLXNA2	Missense_Mutation	15	30	45	0.6666666666666666	3	2	1	2.1159	2	1.058	1.0	True	0.92	2.02
1	209969706	C	T	IRF6	Silent	24	9	33	0.2727272727272727	3	2	1	0.8656	1	0.8656	0.8656	True	0.92	2.02
1	211848725	C	T	NEK2	Splice_Site	30	11	41	0.2682926829268293	3	2	1	0.8515	1	0.8515	0.8515	True	0.92	2.02
1	214830383	T	C	CENPF	Missense_Mutation	16	5	21	0.23809523809523808	3	2	1	0.7557	1	0.7557	0.7557	False	0.92	2.02
1	215768793	G	A	KCTD3	Missense_Mutation	42	28	70	0.4	3	2	1	1.2696	1	1.2696	1.0	True	0.92	2.02
1	215777494	G	A	KCTD3	Missense_Mutation	28	9	37	0.24324324324324326	3	2	1	0.772	1	0.772	0.772	False	0.92	2.02
1	226496907	T	G	LIN9	5'UTR	39	18	57	0.3157894736842105	3	2	1	1.0023	1	1.0023	1.0	True	0.92	2.02
1	229577547	T	C	NUP133	3'UTR	11	4	15	0.26666666666666666	3	2	1	0.8464	1	0.8464	0.8464	False	0.92	2.02
1	230468756	C	T	PGBD5	Silent	35	41	76	0.5394736842105263	3	2	1	1.7122	2	0.8561	0.8561	True	0.92	2.02
1	231487068	G	A	SPRTN	Missense_Mutation	56	26	82	0.3170731707317073	3	2	1	1.0064	1	1.0064	1.0	True	0.92	2.02
1	236719517	C	T	HEATR1	Silent	33	14	47	0.2978723404255319	3	2	1	0.9454	1	0.9454	0.9454	True	0.92	2.02
1	237872217	C	T	RYR2	Missense_Mutation	26	8	34	0.23529411764705882	3	2	1	0.7468	1	0.7468	0.7468	False	0.92	2.02
1	240370542	T	A	FMN2	Silent	21	4	25	0.16	3	2	1	0.5078	1	0.5078	0.5078	False	0.92	2.02
1	242052938	A	T	EXO1	3'UTR	20	12	32	0.375	3	2	1	1.1902	1	1.1902	1.0	True	0.92	2.02
1	242162284	G	A	MAP1LC3C	Silent	29	13	42	0.30952380952380953	3	2	1	0.9824	1	0.9824	0.9824	True	0.92	2.02
1	243349702	C	T	CEP170	Silent	72	33	105	0.3142857142857143	3	2	1	0.9975	1	0.9975	0.9975	True	0.92	2.02
1	246078859	G	A	SMYD3	Silent	70	6	76	0.07894736842105263	3	2	1	0.2506	1	0.2506	0.2506	False	0.92	2.02
1	247201510	T	C	ZNF670	Silent	36	14	50	0.28	3	2	1	0.8887	1	0.8887	0.8887	True	0.92	2.02
1	247694859	G	A	OR2C3	Nonsense_Mutation	22	6	28	0.21428571428571427	3	2	1	0.6801	1	0.6801	0.6801	False	0.92	2.02
1	248652015	G	A	OR2T5	Silent	54	6	60	0.1	3	2	1	0.3174	1	0.3174	0.3174	False	0.92	2.02
1	248802147	C	T	OR2T35	Missense_Mutation	30	9	39	0.23076923076923078	3	2	1	0.7324	1	0.7324	0.7324	False	0.92	2.02
1	249142782	G	A	ZNF672	Missense_Mutation	47	13	60	0.21666666666666667	3	2	1	0.6877	1	0.6877	0.6877	False	0.92	2.02
2	8926147	C	T	KIDINS220	Nonsense_Mutation	9	10	19	0.5263157894736842	2	1	1	1.1442	1	1.1442	1.0	True	0.92	2.02
2	9728422	C	A	YWHAQ	Missense_Mutation	7	5	12	0.4166666666666667	2	1	1	0.9058	1	0.9058	0.9058	True	0.92	2.02
2	10729319	C	T	NOL10	Missense_Mutation	34	27	61	0.4426229508196721	2	1	1	0.9622	1	0.9622	0.9622	True	0.92	2.02
2	25456601	C	T	DNMT3A	3'UTR	15	15	30	0.5	2	1	1	1.087	1	1.087	1.0	True	0.92	2.02
2	26150136	C	T	KIF3C	3'UTR	19	14	33	0.42424242424242425	2	1	1	0.9223	1	0.9223	0.9223	True	0.92	2.02
2	27001736	C	T	SLC35F6	3'UTR	3	5	8	0.625	2	1	1	1.3587	1	1.3587	1.0	True	0.92	2.02
2	27604306	T	C	PPM1G	3'UTR	8	11	19	0.5789473684210527	2	1	1	1.2586	1	1.2586	1.0	True	0.92	2.02
2	27632221	C	T	PPM1G	Silent	11	4	15	0.26666666666666666	2	1	1	0.5797	1	0.5797	0.5797	False	0.92	2.02
2	27799658	C	T	C2orf16	Silent	20	9	29	0.3103448275862069	2	1	1	0.6747	1	0.6747	0.6747	False	0.92	2.02
2	27873602	C	T	GPN1	3'UTR	16	8	24	0.3333333333333333	2	1	1	0.7246	1	0.7246	0.7246	False	0.92	2.02
2	29498037	C	A	ALK	Nonsense_Mutation	44	45	89	0.5056179775280899	2	1	1	1.0992	1	1.0992	1.0	True	0.92	2.02
2	31415999	T	C	CAPN14	Missense_Mutation	28	5	33	0.15151515151515152	2	1	1	0.3294	1	0.3294	0.3294	False	0.92	2.02
2	31751134	C	A	AL133247.2	5'Flank	11	6	17	0.35294117647058826	2	1	1	0.7673	1	0.7673	0.7673	False	0.92	2.02
2	36706722	C	T	CRIM1	Silent	18	22	40	0.55	2	1	1	1.1957	1	1.1957	1.0	True	0.92	2.02
2	38972134	C	T	SRSF7	3'UTR	26	19	45	0.4222222222222222	2	1	1	0.9179	1	0.9179	0.9179	True	0.92	2.02
2	46707843	G	A	TMEM247	Silent	11	8	19	0.42105263157894735	2	1	1	0.9153	1	0.9153	0.9153	True	0.92	2.02
2	54001498	A	G	CHAC2	Missense_Mutation	22	20	42	0.47619047619047616	2	1	1	1.0352	1	1.0352	1.0	True	0.92	2.02
2	55795489	G	A	SMEK2	Silent	36	5	41	0.12195121951219512	2	1	1	0.2651	1	0.2651	0.2651	False	0.92	2.02
2	63283232	G	A	OTX1	Silent	20	16	36	0.4444444444444444	2	1	1	0.9662	1	0.9662	0.9662	True	0.92	2.02
2	64819381	G	T	AFTPH	3'UTR	49	30	79	0.379746835443038	2	1	1	0.8255	1	0.8255	0.8255	False	0.92	2.02
2	70106066	G	A	GMCL1	Missense_Mutation	39	22	61	0.36065573770491804	2	1	1	0.784	1	0.784	0.784	False	0.92	2.02
2	70377505	T	C	C2orf42	Missense_Mutation	15	12	27	0.4444444444444444	2	1	1	0.9662	1	0.9662	0.9662	True	0.92	2.02
2	73171977	A	G	SFXN5	3'UTR	13	11	24	0.4583333333333333	2	1	1	0.9964	1	0.9964	0.9964	True	0.92	2.02
2	73989643	G	A	DUSP11	3'UTR	12	5	17	0.29411764705882354	2	1	1	0.6394	1	0.6394	0.6394	False	0.92	2.02
2	96919586	A	T	TMEM127	Missense_Mutation	25	26	51	0.5098039215686274	2	1	1	1.1083	1	1.1083	1.0	True	0.92	2.02
2	97351839	C	T	FER1L5	RNA	52	33	85	0.38823529411764707	2	1	1	0.844	1	0.844	0.844	False	0.92	2.02
2	97637832	G	A	FAM178B	Nonsense_Mutation	22	25	47	0.5319148936170213	2	1	1	1.1563	1	1.1563	1.0	True	0.92	2.02
2	97784131	C	T	ANKRD36	Silent	57	46	103	0.44660194174757284	2	1	1	0.9709	1	0.9709	0.9709	True	0.92	2.02
2	99413948	C	T	KIAA1211L	Silent	17	22	39	0.5641025641025641	2	1	1	1.2263	1	1.2263	1.0	True	0.92	2.02
2	101883295	C	T	CNOT11	Silent	17	9	26	0.34615384615384615	2	1	1	0.7525	1	0.7525	0.7525	False	0.92	2.02
2	109371681	T	G	RANBP2	Missense_Mutation	254	29	283	0.10247349823321555	2	1	1	0.2228	1	0.2228	0.2228	False	0.92	2.02
2	109605692	G	A	EDAR	5'UTR	28	8	36	0.2222222222222222	2	1	1	0.4831	1	0.4831	0.4831	False	0.92	2.02
2	109964329	C	T	SH3RF3	Missense_Mutation	14	15	29	0.5172413793103449	2	1	1	1.1244	1	1.1244	1.0	True	0.92	2.02
2	112539946	C	A	ANAPC1	Missense_Mutation	42	17	59	0.288135593220339	2	1	1	0.6264	1	0.6264	0.6264	False	0.92	2.02
2	113955441	G	A	PSD4	Missense_Mutation	20	14	34	0.4117647058823529	2	1	1	0.8951	1	0.8951	0.8951	True	0.92	2.02
2	122144776	G	A	CLASP1	Missense_Mutation	19	20	39	0.5128205128205128	2	1	1	1.1148	1	1.1148	1.0	True	0.92	2.02
2	125405517	C	T	CNTNAP5	Missense_Mutation	17	5	22	0.22727272727272727	2	1	1	0.4941	1	0.4941	0.4941	False	0.92	2.02
2	131883422	A	T	PLEKHB2	Missense_Mutation	29	16	45	0.35555555555555557	2	1	1	0.7729	1	0.7729	0.7729	False	0.92	2.02
2	132021476	C	T	POTEE	Silent	71	33	104	0.3173076923076923	2	1	1	0.6898	1	0.6898	0.6898	False	0.92	2.02
2	135884155	A	C	RAB3GAP1	Missense_Mutation	43	22	65	0.3384615384615385	2	1	1	0.7358	1	0.7358	0.7358	False	0.92	2.02
2	141571313	T	G	LRP1B	Missense_Mutation	18	23	41	0.5609756097560976	2	1	1	1.2195	1	1.2195	1.0	True	0.92	2.02
2	152321196	A	C	RIF1	Missense_Mutation	8	5	13	0.38461538461538464	2	1	1	0.8361	1	0.8361	0.8361	False	0.92	2.02
2	155555563	C	A	KCNJ3	Silent	62	34	96	0.3541666666666667	2	1	1	0.7699	1	0.7699	0.7699	False	0.92	2.02
2	160884801	T	A	PLA2R1	Missense_Mutation	15	21	36	0.5833333333333334	2	1	1	1.2681	1	1.2681	1.0	True	0.92	2.02
2	163695023	A	G	KCNH7	Silent	11	9	20	0.45	2	1	1	0.9783	1	0.9783	0.9783	True	0.92	2.02
2	166894306	T	C	SCN1A	Missense_Mutation	47	46	93	0.4946236559139785	2	1	1	1.0753	1	1.0753	1.0	True	0.92	2.02
2	170361039	G	T	BBS5	Nonsense_Mutation	30	45	75	0.6	2	1	1	1.3043	1	1.3043	1.0	True	0.92	2.02
2	172641978	C	T	SLC25A12	Missense_Mutation	23	19	42	0.4523809523809524	2	1	1	0.9834	1	0.9834	0.9834	True	0.92	2.02
2	178326621	C	T	AGPS	Missense_Mutation	38	26	64	0.40625	2	1	1	0.8832	1	0.8832	0.8832	True	0.92	2.02
2	179260609	G	T	OSBPL6	3'Flank	25	15	40	0.375	2	1	1	0.8152	1	0.8152	0.8152	False	0.92	2.02
2	179701117	T	A	CCDC141	Intron	13	4	17	0.23529411764705882	2	1	1	0.5115	1	0.5115	0.5115	False	0.92	2.02
2	179732821	G	A	CCDC141	Missense_Mutation	11	10	21	0.47619047619047616	2	1	1	1.0352	1	1.0352	1.0	True	0.92	2.02
2	183616452	T	C	DNAJC10	Silent	29	21	50	0.42	2	1	1	0.913	1	0.913	0.913	True	0.92	2.02
2	188343488	T	C	TFPI	Intron	32	27	59	0.4576271186440678	2	1	1	0.9948	1	0.9948	0.9948	True	0.92	2.02
2	189867787	C	T	COL3A1	Missense_Mutation	16	12	28	0.42857142857142855	2	1	1	0.9317	1	0.9317	0.9317	True	0.92	2.02
2	191555953	C	T	NAB1	3'UTR	22	13	35	0.37142857142857144	2	1	1	0.8075	1	0.8075	0.8075	False	0.92	2.02
2	191855998	C	T	STAT1	Silent	25	19	44	0.4318181818181818	2	1	1	0.9387	1	0.9387	0.9387	True	0.92	2.02
2	198001380	C	T	ANKRD44	Missense_Mutation	13	12	25	0.48	2	1	1	1.0435	1	1.0435	1.0	True	0.92	2.02
2	198260806	C	T	SF3B1	Silent	21	26	47	0.5531914893617021	2	1	1	1.2026	1	1.2026	1.0	True	0.92	2.02
2	203167772	G	A	NOP58	Missense_Mutation	29	20	49	0.40816326530612246	2	1	1	0.8873	1	0.8873	0.8873	True	0.92	2.02
2	207482563	C	T	ADAM23	3'UTR	17	7	24	0.2916666666666667	2	1	1	0.6341	1	0.6341	0.6341	False	0.92	2.02
2	210680046	A	G	UNC80	Silent	17	18	35	0.5142857142857142	2	1	1	1.118	1	1.118	1.0	True	0.92	2.02
2	212251821	G	A	ERBB4	Missense_Mutation	13	24	37	0.6486486486486487	2	1	1	1.4101	1	1.4101	1.0	True	0.92	2.02
2	219527385	G	A	BCS1L	Missense_Mutation	14	9	23	0.391304347826087	2	1	1	0.8507	1	0.8507	0.8507	True	0.92	2.02
2	220357438	A	G	SPEG	Missense_Mutation	9	6	15	0.4	2	1	1	0.8696	1	0.8696	0.8696	True	0.92	2.02
2	231177482	C	T	SP140	3'UTR	17	7	24	0.2916666666666667	2	1	1	0.6341	1	0.6341	0.6341	False	0.92	2.02
2	242187676	G	A	HDLBP	Missense_Mutation	19	12	31	0.3870967741935484	2	1	1	0.8415	1	0.8415	0.8415	False	0.92	2.02
3	1424643	G	A	CNTN6	Silent	18	5	23	0.21739130434782608	2	1	1	0.4726	1	0.4726	0.4726	False	0.92	2.02
3	9799301	C	T	CAMK1	Silent	29	38	67	0.5671641791044776	2	1	1	1.233	1	1.233	1.0	True	0.92	2.02
3	9828949	G	A	TADA3	Missense_Mutation	14	8	22	0.36363636363636365	2	1	1	0.7905	1	0.7905	0.7905	False	0.92	2.02
3	10321835	C	T	TATDN2	3'UTR	23	25	48	0.5208333333333334	2	1	1	1.1322	1	1.1322	1.0	True	0.92	2.02
3	11598050	A	G	ATG7	3'UTR	21	14	35	0.4	2	1	1	0.8696	1	0.8696	0.8696	True	0.92	2.02
3	12653507	C	T	RAF1	Missense_Mutation	11	5	16	0.3125	2	1	1	0.6793	1	0.6793	0.6793	False	0.92	2.02
3	14519973	G	T	SLC6A6	Splice_Site	34	27	61	0.4426229508196721	2	1	1	0.9622	1	0.9622	0.9622	True	0.92	2.02
3	15297023	C	T	SH3BP5	3'UTR	4	4	8	0.5	2	1	1	1.087	1	1.087	1.0	True	0.92	2.02
3	25833262	G	A	OXSM	Missense_Mutation	23	9	32	0.28125	2	1	1	0.6114	1	0.6114	0.6114	False	0.92	2.02
3	38017204	C	T	CTDSPL	Missense_Mutation	15	8	23	0.34782608695652173	2	1	1	0.7561	1	0.7561	0.7561	False	0.92	2.02
3	38151702	C	T	DLEC1	Missense_Mutation	19	12	31	0.3870967741935484	2	1	1	0.8415	1	0.8415	0.8415	False	0.92	2.02
3	38317095	A	G	SLC22A13	Silent	8	10	18	0.5555555555555556	2	1	1	1.2077	1	1.2077	1.0	True	0.92	2.02
3	42251571	C	T	TRAK1	Intron	7	6	13	0.46153846153846156	2	1	1	1.0033	1	1.0033	1.0	True	0.92	2.02
3	42699896	G	A	ZBTB47	Missense_Mutation	9	14	23	0.6086956521739131	2	1	1	1.3233	1	1.3233	1.0	True	0.92	2.02
3	42703043	G	A	ZBTB47	Missense_Mutation	8	10	18	0.5555555555555556	2	1	1	1.2077	1	1.2077	1.0	True	0.92	2.02
3	43591305	G	A	ANO10	Silent	9	12	21	0.5714285714285714	2	1	1	1.2422	1	1.2422	1.0	True	0.92	2.02
3	46000103	C	T	FYCO1	Missense_Mutation	14	8	22	0.36363636363636365	2	1	1	0.7905	1	0.7905	0.7905	False	0.92	2.02
3	46759023	G	A	PRSS50	Missense_Mutation	16	8	24	0.3333333333333333	2	1	1	0.7246	1	0.7246	0.7246	False	0.92	2.02
3	47033170	G	A	NBEAL2	Missense_Mutation	18	6	24	0.25	2	1	1	0.5435	1	0.5435	0.5435	False	0.92	2.02
3	48453859	C	T	PLXNB1	Missense_Mutation	13	7	20	0.35	2	1	1	0.7609	1	0.7609	0.7609	False	0.92	2.02
3	49308725	G	A	C3orf62	Missense_Mutation	6	7	13	0.5384615384615384	2	1	1	1.1706	1	1.1706	1.0	True	0.92	2.02
3	49569251	C	T	DAG1	Missense_Mutation	7	6	13	0.46153846153846156	2	1	1	1.0033	1	1.0033	1.0	True	0.92	2.02
3	49694671	G	A	BSN	Missense_Mutation	14	18	32	0.5625	2	1	1	1.2228	1	1.2228	1.0	True	0.92	2.02
3	52282996	G	A	PPM1M	Missense_Mutation	11	14	25	0.56	2	1	1	1.2174	1	1.2174	1.0	True	0.92	2.02
3	52563192	G	A	NT5DC2	Missense_Mutation	17	22	39	0.5641025641025641	2	1	1	1.2263	1	1.2263	1.0	True	0.92	2.02
3	52842606	G	A	ITIH3	Missense_Mutation	25	26	51	0.5098039215686274	2	1	1	1.1083	1	1.1083	1.0	True	0.92	2.02
3	57327892	T	C	ASB14	5'Flank	10	9	19	0.47368421052631576	2	1	1	1.0297	1	1.0297	1.0	True	0.92	2.02
3	57542449	C	T	PDE12	Missense_Mutation	19	12	31	0.3870967741935484	2	1	1	0.8415	1	0.8415	0.8415	False	0.92	2.02
3	70014129	G	A	MITF	Silent	24	16	40	0.4	2	1	1	0.8696	1	0.8696	0.8696	True	0.92	2.02
3	71005380	G	A	FOXP1	3'Flank	9	9	18	0.5	2	1	1	1.087	1	1.087	1.0	True	0.92	2.02
3	71006514	G	T	FOXP1	3'Flank	16	15	31	0.4838709677419355	2	1	1	1.0519	1	1.0519	1.0	True	0.92	2.02
3	99567349	A	G	FILIP1L	Silent	37	30	67	0.44776119402985076	2	1	1	0.9734	1	0.9734	0.9734	True	0.92	2.02
3	100039673	C	T	TBC1D23	Missense_Mutation	19	12	31	0.3870967741935484	2	1	1	0.8415	1	0.8415	0.8415	False	0.92	2.02
3	100553547	C	T	ABI3BP	Intron	120	86	206	0.4174757281553398	2	1	1	0.9076	1	0.9076	0.9076	True	0.92	2.02
3	113672612	G	A	ZDHHC23	Missense_Mutation	21	25	46	0.5434782608695652	2	1	1	1.1815	1	1.1815	1.0	True	0.92	2.02
3	114070304	C	T	ZBTB20	Silent	10	8	18	0.4444444444444444	2	1	1	0.9662	1	0.9662	0.9662	True	0.92	2.02
3	121712238	C	T	ILDR1	Missense_Mutation	20	6	26	0.23076923076923078	2	1	1	0.5017	1	0.5017	0.5017	False	0.92	2.02
3	122632735	C	T	SEMA5B	Missense_Mutation	20	18	38	0.47368421052631576	2	1	1	1.0297	1	1.0297	1.0	True	0.92	2.02
3	123987732	T	C	KALRN	Missense_Mutation	18	7	25	0.28	2	1	1	0.6087	1	0.6087	0.6087	False	0.92	2.02
3	124201673	G	A	KALRN	Missense_Mutation	20	13	33	0.3939393939393939	2	1	1	0.8564	1	0.8564	0.8564	True	0.92	2.02
3	125217026	A	G	SNX4	Silent	12	10	22	0.45454545454545453	2	1	1	0.9881	1	0.9881	0.9881	True	0.92	2.02
3	130284416	A	G	COL6A6	Missense_Mutation	17	14	31	0.45161290322580644	2	1	1	0.9818	1	0.9818	0.9818	True	0.92	2.02
3	130368398	G	A	COL6A6	Missense_Mutation	7	4	11	0.36363636363636365	2	1	1	0.7905	1	0.7905	0.7905	False	0.92	2.02
3	133329919	G	A	TOPBP1	Nonsense_Mutation	26	22	48	0.4583333333333333	2	1	1	0.9964	1	0.9964	0.9964	True	0.92	2.02
3	133647744	C	T	C3orf36	5'UTR	9	19	28	0.6785714285714286	2	1	1	1.4752	1	1.4752	1.0	True	0.92	2.02
3	136056606	C	T	STAG1	3'UTR	10	10	20	0.5	2	1	1	1.087	1	1.087	1.0	True	0.92	2.02
3	138180934	G	A	ESYT3	Silent	15	13	28	0.4642857142857143	2	1	1	1.0093	1	1.0093	1.0	True	0.92	2.02
3	147113840	C	T	ZIC4	Missense_Mutation	17	12	29	0.41379310344827586	2	1	1	0.8996	1	0.8996	0.8996	True	0.92	2.02
3	164907801	C	T	SLITRK3	Missense_Mutation	16	10	26	0.38461538461538464	2	1	1	0.8361	1	0.8361	0.8361	False	0.92	2.02
3	169381252	T	C	MECOM	5'UTR	66	8	74	0.10810810810810811	2	1	1	0.235	1	0.235	0.235	False	0.92	2.02
3	169482620	G	A	ACTRT3	3'Flank	10	13	23	0.5652173913043478	2	1	1	1.2287	1	1.2287	1.0	True	0.92	2.02
3	184295208	C	T	EPHB3	Missense_Mutation	15	11	26	0.4230769230769231	2	1	1	0.9197	1	0.9197	0.9197	True	0.92	2.02
3	184299995	T	C	EPHB3	3'UTR	9	7	16	0.4375	2	1	1	0.9511	1	0.9511	0.9511	True	0.92	2.02
3	185332379	C	A	SENP2	Missense_Mutation	3	7	10	0.7	2	1	1	1.5217	1	1.5217	1.0	True	0.92	2.02
3	186395415	C	T	HRG	Nonsense_Mutation	9	9	18	0.5	2	1	1	1.087	1	1.087	1.0	True	0.92	2.02
3	196626608	T	A	SENP5	Missense_Mutation	27	18	45	0.4	2	1	1	0.8696	1	0.8696	0.8696	True	0.92	2.02
3	197444856	G	A	KIAA0226	Missense_Mutation	11	11	22	0.5	2	1	1	1.087	1	1.087	1.0	True	0.92	2.02
4	1020630	G	A	FGFRL1	3'UTR	18	15	33	0.45454545454545453	2	1	1	0.9881	1	0.9881	0.9881	True	0.92	2.02
4	1235318	A	C	CTBP1	Intron	11	15	26	0.5769230769230769	2	1	1	1.2542	1	1.2542	1.0	True	0.92	2.02
4	1808406	G	A	FGFR3	Missense_Mutation	13	14	27	0.5185185185185185	2	1	1	1.1272	1	1.1272	1.0	True	0.92	2.02
4	3443797	C	G	HGFAC	Silent	28	18	46	0.391304347826087	2	1	1	0.8507	1	0.8507	0.8507	True	0.92	2.02
4	3949690	G	A	FAM86EP	RNA	84	57	141	0.40425531914893614	2	1	1	0.8788	1	0.8788	0.8788	True	0.92	2.02
4	8214517	C	T	SH3TC1	Silent	34	23	57	0.40350877192982454	2	1	1	0.8772	1	0.8772	0.8772	True	0.92	2.02
4	17583979	G	A	LAP3	Nonsense_Mutation	27	18	45	0.4	2	1	1	0.8696	1	0.8696	0.8696	True	0.92	2.02
4	17585262	G	A	LAP3	Missense_Mutation	8	7	15	0.4666666666666667	2	1	1	1.0145	1	1.0145	1.0	True	0.92	2.02
4	37962497	A	G	PTTG2	Missense_Mutation	22	28	50	0.56	2	1	1	1.2174	1	1.2174	1.0	True	0.92	2.02
4	38910331	C	A	FAM114A1	Missense_Mutation	11	14	25	0.56	2	1	1	1.2174	1	1.2174	1.0	True	0.92	2.02
4	39322975	G	A	RFC1	Missense_Mutation	24	10	34	0.29411764705882354	2	1	1	0.6394	1	0.6394	0.6394	False	0.92	2.02
4	40115082	C	T	N4BP2	Missense_Mutation	19	5	24	0.20833333333333334	2	1	1	0.4529	1	0.4529	0.4529	False	0.92	2.02
4	44691421	C	T	GUF1	Silent	21	10	31	0.3225806451612903	2	1	1	0.7013	1	0.7013	0.7013	False	0.92	2.02
4	55130072	A	G	PDGFRA	Silent	5	4	9	0.4444444444444444	2	1	1	0.9662	1	0.9662	0.9662	True	0.92	2.02
4	56448305	G	A	PDCL2	Missense_Mutation	13	5	18	0.2777777777777778	2	1	1	0.6039	1	0.6039	0.6039	False	0.92	2.02
4	76452384	A	G	THAP6	Missense_Mutation	15	13	28	0.4642857142857143	2	1	1	1.0093	1	1.0093	1.0	True	0.92	2.02
4	79385669	C	T	FRAS1	Missense_Mutation	16	13	29	0.4482758620689655	2	1	1	0.9745	1	0.9745	0.9745	True	0.92	2.02
4	87968012	A	G	AFF1	Missense_Mutation	16	8	24	0.3333333333333333	2	1	1	0.7246	1	0.7246	0.7246	False	0.92	2.02
4	88964574	G	A	PKD2	Silent	21	7	28	0.25	2	1	1	0.5435	1	0.5435	0.5435	False	0.92	2.02
4	100261833	C	T	ADH1C	Missense_Mutation	42	27	69	0.391304347826087	2	1	1	0.8507	1	0.8507	0.8507	True	0.92	2.02
4	104103991	T	C	CENPE	Silent	16	13	29	0.4482758620689655	2	1	1	0.9745	1	0.9745	0.9745	True	0.92	2.02
4	107249377	C	T	AIMP1	Missense_Mutation	8	7	15	0.4666666666666667	2	1	1	1.0145	1	1.0145	1.0	True	0.92	2.02
4	118006575	G	A	TRAM1L1	5'UTR	8	7	15	0.4666666666666667	2	1	1	1.0145	1	1.0145	1.0	True	0.92	2.02
4	120549727	G	A	PDE5A	Silent	32	38	70	0.5428571428571428	2	1	1	1.1801	1	1.1801	1.0	True	0.92	2.02
4	125590930	G	A	ANKRD50	Missense_Mutation	18	13	31	0.41935483870967744	2	1	1	0.9116	1	0.9116	0.9116	True	0.92	2.02
4	144826717	G	A	GYPE	5'Flank	19	13	32	0.40625	2	1	1	0.8832	1	0.8832	0.8832	True	0.92	2.02
4	150654534	C	T	RP11-526A4.1	RNA	33	36	69	0.5217391304347826	2	1	1	1.1342	1	1.1342	1.0	True	0.92	2.02
4	152571406	G	A	FAM160A1	Missense_Mutation	14	5	19	0.2631578947368421	2	1	1	0.5721	1	0.5721	0.5721	False	0.92	2.02
4	159091552	A	G	FAM198B	Intron	11	9	20	0.45	2	1	1	0.9783	1	0.9783	0.9783	True	0.92	2.02
4	166239023	A	G	KLHL2	Missense_Mutation	46	4	50	0.08	2	1	1	0.1739	1	0.1739	0.1739	False	0.92	2.02
4	177136739	T	A	ASB5	3'UTR	20	14	34	0.4117647058823529	2	1	1	0.8951	1	0.8951	0.8951	True	0.92	2.02
4	187535345	C	A	FAT1	Missense_Mutation	21	11	32	0.34375	2	1	1	0.7473	1	0.7473	0.7473	False	0.92	2.02
5	10239294	C	T	FAM173B	Missense_Mutation	11	6	17	0.35294117647058826	2	1	1	0.7673	1	0.7673	0.7673	False	0.92	2.02
5	32098540	C	T	PDZD2	Missense_Mutation	22	15	37	0.40540540540540543	2	1	1	0.8813	1	0.8813	0.8813	True	0.92	2.02
5	34831604	G	T	RAI14	3'Flank	16	19	35	0.5428571428571428	2	1	1	1.1801	1	1.1801	1.0	True	0.92	2.02
5	37153882	T	A	C5orf42	Missense_Mutation	8	13	21	0.6190476190476191	2	1	1	1.3458	1	1.3458	1.0	True	0.92	2.02
5	37318119	A	T	NUP155	Missense_Mutation	15	14	29	0.4827586206896552	2	1	1	1.0495	1	1.0495	1.0	True	0.92	2.02
5	37703189	G	A	WDR70	Silent	26	20	46	0.43478260869565216	2	1	1	0.9452	1	0.9452	0.9452	True	0.92	2.02
5	61874628	A	C	LRRC70	5'UTR	16	5	21	0.23809523809523808	2	1	1	0.5176	1	0.5176	0.5176	False	0.92	2.02
5	68513784	C	T	MRPS36	Intron	12	12	24	0.5	2	1	1	1.087	1	1.087	1.0	True	0.92	2.02
5	72205745	C	G	TNPO1	3'UTR	28	18	46	0.391304347826087	2	1	1	0.8507	1	0.8507	0.8507	True	0.92	2.02
5	74325549	G	A	GCNT4	Missense_Mutation	7	3	10	0.3	2	1	1	0.6522	1	0.6522	0.6522	False	0.92	2.02
5	78379148	G	A	BHMT2	Silent	15	13	28	0.4642857142857143	2	1	1	1.0093	1	1.0093	1.0	True	0.92	2.02
5	78610119	C	T	JMY	Nonsense_Mutation	10	7	17	0.4117647058823529	2	1	1	0.8951	1	0.8951	0.8951	True	0.92	2.02
5	86682716	T	G	RASA1	Missense_Mutation	67	42	109	0.3853211009174312	2	1	1	0.8377	1	0.8377	0.8377	False	0.92	2.02
5	89754692	T	C	MBLAC2	3'UTR	11	13	24	0.5416666666666666	2	1	1	1.1775	1	1.1775	1.0	True	0.92	2.02
5	90665282	G	A	ARRDC3	3'UTR	11	13	24	0.5416666666666666	2	1	1	1.1775	1	1.1775	1.0	True	0.92	2.02
5	94859450	C	T	TTC37	Missense_Mutation	27	22	49	0.4489795918367347	2	1	1	0.976	1	0.976	0.976	True	0.92	2.02
5	102522033	C	T	PPIP5K2	Missense_Mutation	41	12	53	0.22641509433962265	3	2	1	0.7186	1	0.7186	0.7186	False	0.92	2.02
5	111600654	A	G	EPB41L4A	Missense_Mutation	16	8	24	0.3333333333333333	2	1	1	0.7246	1	0.7246	0.7246	False	0.92	2.02
5	121779805	G	A	SNCAIP	Intron	8	6	14	0.42857142857142855	2	1	1	0.9317	1	0.9317	0.9317	True	0.92	2.02
5	126158489	G	A	LMNB1	Missense_Mutation	31	21	52	0.40384615384615385	2	1	1	0.8779	1	0.8779	0.8779	True	0.92	2.02
5	131303716	C	T	ACSL6	Missense_Mutation	35	15	50	0.3	2	1	1	0.6522	1	0.6522	0.6522	False	0.92	2.02
5	135692416	G	A	TRPC7	Silent	9	16	25	0.64	2	1	1	1.3913	1	1.3913	1.0	True	0.92	2.02
5	140181614	G	A	PCDHA3	Missense_Mutation	10	11	21	0.5238095238095238	2	1	1	1.1387	1	1.1387	1.0	True	0.92	2.02
5	140182650	G	A	PCDHA3	Missense_Mutation	77	11	88	0.125	2	1	1	0.2717	1	0.2717	0.2717	False	0.92	2.02
5	140203142	C	T	PCDHA5	Silent	70	48	118	0.4067796610169492	2	1	1	0.8843	1	0.8843	0.8843	True	0.92	2.02
5	140222880	G	A	PCDHA8	Silent	31	26	57	0.45614035087719296	2	1	1	0.9916	1	0.9916	0.9916	True	0.92	2.02
5	140243080	G	A	AC005609.1	5'UTR	9	4	13	0.3076923076923077	2	1	1	0.6689	1	0.6689	0.6689	False	0.92	2.02
5	140476358	G	A	PCDHB2	Missense_Mutation	55	43	98	0.4387755102040816	2	1	1	0.9539	1	0.9539	0.9539	True	0.92	2.02
5	140720485	C	T	PCDHGA2	Silent	29	30	59	0.5084745762711864	2	1	1	1.1054	1	1.1054	1.0	True	0.92	2.02
5	140731240	C	A	PCDHGB1	Missense_Mutation	23	18	41	0.43902439024390244	2	1	1	0.9544	1	0.9544	0.9544	True	0.92	2.02
5	140769029	C	T	PCDHGB4	Silent	12	19	31	0.6129032258064516	2	1	1	1.3324	1	1.3324	1.0	True	0.92	2.02
5	140774472	G	A	PCDHGA8	Missense_Mutation	18	22	40	0.55	2	1	1	1.1957	1	1.1957	1.0	True	0.92	2.02
5	140807630	C	T	PCDHGB6	Intron	42	38	80	0.475	2	1	1	1.0326	1	1.0326	1.0	True	0.92	2.02
5	161530907	G	A	GABRG2	Missense_Mutation	8	8	16	0.5	2	1	1	1.087	1	1.087	1.0	True	0.92	2.02
5	167645245	C	T	TENM2	Missense_Mutation	12	10	22	0.45454545454545453	2	1	1	0.9881	1	0.9881	0.9881	True	0.92	2.02
5	170876201	G	A	FGF18	Missense_Mutation	18	12	30	0.4	2	1	1	0.8696	1	0.8696	0.8696	True	0.92	2.02
5	176022610	C	T	CDHR2	Silent	19	7	26	0.2692307692307692	2	1	1	0.5853	1	0.5853	0.5853	False	0.92	2.02
5	176072209	C	T	EIF4E1B	Missense_Mutation	25	4	29	0.13793103448275862	2	1	1	0.2999	1	0.2999	0.2999	False	0.92	2.02
5	176295930	G	A	UNC5A	Missense_Mutation	12	9	21	0.42857142857142855	2	1	1	0.9317	1	0.9317	0.9317	True	0.92	2.02
5	178368368	G	A	ZNF454	5'UTR	25	24	49	0.4897959183673469	2	1	1	1.0648	1	1.0648	1.0	True	0.92	2.02
6	393105	C	T	IRF4	5'UTR	7	3	10	0.3	2	1	1	0.6522	1	0.6522	0.6522	False	0.92	2.02
6	8073636	C	T	EEF1E1-BLOC1S5	Intron	28	9	37	0.24324324324324326	2	1	1	0.5288	1	0.5288	0.5288	False	0.92	2.02
6	10629562	G	A	GCNT2	3'UTR	6	7	13	0.5384615384615384	2	1	1	1.1706	1	1.1706	1.0	True	0.92	2.02
6	24537141	A	T	ALDH5A1	3'Flank	8	14	22	0.6363636363636364	2	1	1	1.3834	1	1.3834	1.0	True	0.92	2.02
6	25097353	T	A	CMAHP	RNA	66	50	116	0.43103448275862066	2	1	1	0.937	1	0.937	0.937	True	0.92	2.02
6	26240790	G	A	HIST1H4F	Missense_Mutation	11	5	16	0.3125	2	1	1	0.6793	1	0.6793	0.6793	False	0.92	2.02
6	26545451	C	T	HMGN4	Missense_Mutation	17	8	25	0.32	2	1	1	0.6957	1	0.6957	0.6957	False	0.92	2.02
6	26846600	C	T	GUSBP2	RNA	106	82	188	0.43617021276595747	2	1	1	0.9482	1	0.9482	0.9482	True	0.92	2.02
6	29054052	C	G	OR2B3	3'UTR	11	7	18	0.3888888888888889	2	1	1	0.8454	1	0.8454	0.8454	False	0.92	2.02
6	29556196	C	T	OR2H2	Missense_Mutation	14	11	25	0.44	2	1	1	0.9565	1	0.9565	0.9565	True	0.92	2.02
6	29760042	G	A	HLA-V	RNA	46	23	69	0.3333333333333333	2	1	1	0.7246	1	0.7246	0.7246	False	0.92	2.02
6	29760060	G	A	HLA-V	RNA	37	24	61	0.39344262295081966	2	1	1	0.8553	1	0.8553	0.8553	True	0.92	2.02
6	30899570	G	A	SFTA2	Missense_Mutation	8	3	11	0.2727272727272727	2	1	1	0.5929	1	0.5929	0.5929	False	0.92	2.02
6	31644726	C	T	LY6G5C	3'UTR	7	13	20	0.65	2	1	1	1.413	1	1.413	1.0	True	0.92	2.02
6	32008313	G	A	CYP21A2	Missense_Mutation	152	32	184	0.17391304347826086	2	1	1	0.3781	1	0.3781	0.3781	False	0.92	2.02
6	32260812	C	T	C6orf10	Silent	50	21	71	0.29577464788732394	2	1	1	0.643	1	0.643	0.643	False	0.92	2.02
6	32906566	G	A	HLA-DMB	Nonsense_Mutation	45	36	81	0.4444444444444444	2	1	1	0.9662	1	0.9662	0.9662	True	0.92	2.02
6	33272180	C	T	TAPBP	Silent	16	20	36	0.5555555555555556	2	1	1	1.2077	1	1.2077	1.0	True	0.92	2.02
6	33630418	G	A	ITPR3	Silent	18	8	26	0.3076923076923077	2	1	1	0.6689	1	0.6689	0.6689	False	0.92	2.02
6	33995988	C	T	GRM4	Silent	18	24	42	0.5714285714285714	2	1	1	1.2422	1	1.2422	1.0	True	0.92	2.02
6	35209007	C	T	SCUBE3	Nonsense_Mutation	14	13	27	0.48148148148148145	2	1	1	1.0467	1	1.0467	1.0	True	0.92	2.02
6	41653836	G	T	TFEB	Missense_Mutation	23	19	42	0.4523809523809524	2	1	1	0.9834	1	0.9834	0.9834	True	0.92	2.02
6	41754319	G	A	PRICKLE4	Intron	5	6	11	0.5454545454545454	2	1	1	1.1858	1	1.1858	1.0	True	0.92	2.02
6	44102309	G	A	TMEM63B	5'UTR	6	9	15	0.6	2	1	1	1.3043	1	1.3043	1.0	True	0.92	2.02
6	46656400	C	T	TDRD6	Silent	27	22	49	0.4489795918367347	2	1	1	0.976	1	0.976	0.976	True	0.92	2.02
6	70965078	G	A	COL9A1	Nonsense_Mutation	9	10	19	0.5263157894736842	2	1	1	1.1442	1	1.1442	1.0	True	0.92	2.02
6	73787564	C	T	KCNQ5	Missense_Mutation	47	49	96	0.5104166666666666	2	1	1	1.1096	1	1.1096	1.0	True	0.92	2.02
6	88757688	C	T	SPACA1	Missense_Mutation	7	8	15	0.5333333333333333	2	1	1	1.1594	1	1.1594	1.0	True	0.92	2.02
6	89862809	C	A	PM20D2	Missense_Mutation	20	18	38	0.47368421052631576	2	1	1	1.0297	1	1.0297	1.0	True	0.92	2.02
6	102513676	C	T	GRIK2	Intron	26	25	51	0.49019607843137253	2	1	1	1.0656	1	1.0656	1.0	True	0.92	2.02
6	106553509	C	A	PRDM1	Missense_Mutation	10	5	15	0.3333333333333333	2	1	1	0.7246	1	0.7246	0.7246	False	0.92	2.02
6	107386689	T	A	BEND3	3'UTR	5	9	14	0.6428571428571429	2	1	1	1.3975	1	1.3975	1.0	True	0.92	2.02
6	116818090	G	A	TRAPPC3L	3'UTR	50	10	60	0.16666666666666666	2	1	1	0.3623	1	0.3623	0.3623	False	0.92	2.02
6	129905193	A	G	ARHGAP18	Missense_Mutation	47	3	50	0.06	2	1	1	0.1304	1	0.1304	0.1304	False	0.92	2.02
6	132054838	C	A	ENPP3	Silent	23	14	37	0.3783783783783784	2	1	1	0.8226	1	0.8226	0.8226	False	0.92	2.02
6	133137625	G	T	RPS12	Missense_Mutation	30	3	33	0.09090909090909091	2	1	1	0.1976	1	0.1976	0.1976	False	0.92	2.02
6	135287526	G	T	HBS1L	Missense_Mutation	21	18	39	0.46153846153846156	2	1	1	1.0033	1	1.0033	1.0	True	0.92	2.02
6	150057758	C	T	NUP43	Silent	26	13	39	0.3333333333333333	2	1	1	0.7246	1	0.7246	0.7246	False	0.92	2.02
6	151247370	C	T	MTHFD1L	Missense_Mutation	19	19	38	0.5	2	1	1	1.087	1	1.087	1.0	True	0.92	2.02
6	152473244	C	T	SYNE1	Silent	23	22	45	0.4888888888888889	2	1	1	1.0628	1	1.0628	1.0	True	0.92	2.02
6	163987701	C	T	QKI	Intron	31	14	45	0.3111111111111111	2	1	1	0.6763	1	0.6763	0.6763	False	0.92	2.02
6	167717418	C	A	UNC93A	Missense_Mutation	43	35	78	0.44871794871794873	2	1	1	0.9755	1	0.9755	0.9755	True	0.92	2.02
7	938795	C	T	ADAP1	Missense_Mutation	35	30	65	0.46153846153846156	2	1	1	1.0033	1	1.0033	1.0	True	0.92	2.02
7	4799085	G	C	FOXK1	Missense_Mutation	24	32	56	0.5714285714285714	2	1	1	1.2422	1	1.2422	1.0	True	0.92	2.02
7	4827360	G	A	AP5Z1	Silent	19	17	36	0.4722222222222222	2	1	1	1.0266	1	1.0266	1.0	True	0.92	2.02
7	5965479	A	G	RSPH10B	3'Flank	48	10	58	0.1724137931034483	2	1	1	0.3748	1	0.3748	0.3748	False	0.92	2.02
7	6054968	T	A	AIMP2	Missense_Mutation	19	10	29	0.3448275862068966	2	1	1	0.7496	1	0.7496	0.7496	False	0.92	2.02
7	6661128	G	A	ZNF853	Missense_Mutation	11	11	22	0.5	2	1	1	1.087	1	1.087	1.0	True	0.92	2.02
7	6797468	G	A	RSPH10B2	Missense_Mutation	58	27	85	0.3176470588235294	2	1	1	0.6905	1	0.6905	0.6905	False	0.92	2.02
7	17385323	C	T	AHR	3'UTR	16	25	41	0.6097560975609756	2	1	1	1.3256	1	1.3256	1.0	True	0.92	2.02
7	21675657	C	T	DNAH11	Nonsense_Mutation	17	11	28	0.39285714285714285	2	1	1	0.854	1	0.854	0.854	True	0.92	2.02
7	21721234	T	C	DNAH11	Missense_Mutation	22	36	58	0.6206896551724138	2	1	1	1.3493	1	1.3493	1.0	True	0.92	2.02
7	22459405	T	C	STEAP1B	3'UTR	39	5	44	0.11363636363636363	2	1	1	0.247	1	0.247	0.247	False	0.92	2.02
7	23776635	G	A	STK31	Missense_Mutation	9	17	26	0.6538461538461539	2	1	1	1.4214	1	1.4214	1.0	True	0.92	2.02
7	24329128	C	T	NPY	Nonsense_Mutation	25	4	29	0.13793103448275862	2	1	1	0.2999	1	0.2999	0.2999	False	0.92	2.02
7	35942737	G	C	SEPT7	Missense_Mutation	40	9	49	0.1836734693877551	2	1	1	0.3993	1	0.3993	0.3993	False	0.92	2.02
7	45758736	G	A	ADCY1	3'UTR	14	8	22	0.36363636363636365	2	1	1	0.7905	1	0.7905	0.7905	False	0.92	2.02
7	47876572	G	A	PKD1L1	Silent	14	13	27	0.48148148148148145	2	1	1	1.0467	1	1.0467	1.0	True	0.92	2.02
7	48004899	G	A	HUS1	3'UTR	7	4	11	0.36363636363636365	2	1	1	0.7905	1	0.7905	0.7905	False	0.92	2.02
7	55259497	A	C	EGFR	Missense_Mutation	26	13	39	0.3333333333333333	2	1	1	0.7246	1	0.7246	0.7246	False	0.92	2.02
7	63982198	G	T	ZNF680	Missense_Mutation	21	16	37	0.43243243243243246	2	1	1	0.9401	1	0.9401	0.9401	True	0.92	2.02
7	64451547	C	A	ERV3-1	3'UTR	11	9	20	0.45	2	1	1	0.9783	1	0.9783	0.9783	True	0.92	2.02
7	65751680	T	G	TPST1	Missense_Mutation	9	14	23	0.6086956521739131	2	1	1	1.3233	1	1.3233	1.0	True	0.92	2.02
7	71571133	T	G	CALN1	Intron	16	8	24	0.3333333333333333	2	1	1	0.7246	1	0.7246	0.7246	False	0.92	2.02
7	72742676	G	A	FKBP6	Silent	42	33	75	0.44	2	1	1	0.9565	1	0.9565	0.9565	True	0.92	2.02
7	72861625	C	T	BAZ1B	Silent	12	11	23	0.4782608695652174	2	1	1	1.0397	1	1.0397	1.0	True	0.92	2.02
7	75608805	G	T	POR	Missense_Mutation	18	18	36	0.5	2	1	1	1.087	1	1.087	1.0	True	0.92	2.02
7	76112273	G	A	DTX2	Silent	49	19	68	0.27941176470588236	2	1	1	0.6074	1	0.6074	0.6074	False	0.92	2.02
7	76631621	T	C	UPK3B	Intron	14	11	25	0.44	2	1	1	0.9565	1	0.9565	0.9565	True	0.92	2.02
7	87839353	A	G	SRI	Silent	25	25	50	0.5	2	1	1	1.087	1	1.087	1.0	True	0.92	2.02
7	91682142	G	A	AKAP9	Missense_Mutation	16	15	31	0.4838709677419355	2	1	1	1.0519	1	1.0519	1.0	True	0.92	2.02
7	95775879	C	A	SLC25A13	Missense_Mutation	28	24	52	0.46153846153846156	2	1	1	1.0033	1	1.0033	1.0	True	0.92	2.02
7	97835165	G	A	LMTK2	3'UTR	18	13	31	0.41935483870967744	2	1	1	0.9116	1	0.9116	0.9116	True	0.92	2.02
7	98446237	C	T	TMEM130	Missense_Mutation	13	12	25	0.48	2	1	1	1.0435	1	1.0435	1.0	True	0.92	2.02
7	98611201	C	T	TRRAP	3'Flank	16	13	29	0.4482758620689655	2	1	1	0.9745	1	0.9745	0.9745	True	0.92	2.02
7	99170597	G	T	ZNF655	Missense_Mutation	11	24	35	0.6857142857142857	2	1	1	1.4907	1	1.4907	1.0	True	0.92	2.02
7	99956610	C	T	PILRB	Missense_Mutation	27	4	31	0.12903225806451613	2	1	1	0.2805	1	0.2805	0.2805	False	0.92	2.02
7	101188672	G	A	COL26A1	Missense_Mutation	19	18	37	0.4864864864864865	2	1	1	1.0576	1	1.0576	1.0	True	0.92	2.02
7	101845121	C	T	CUX1	Silent	15	10	25	0.4	2	1	1	0.8696	1	0.8696	0.8696	True	0.92	2.02
7	103293179	T	C	RELN	Missense_Mutation	18	10	28	0.35714285714285715	2	1	1	0.7764	1	0.7764	0.7764	False	0.92	2.02
7	104719308	G	T	KMT2E	Silent	53	7	60	0.11666666666666667	2	1	1	0.2536	1	0.2536	0.2536	False	0.92	2.02
7	127669283	G	A	LRRC4	Nonsense_Mutation	3	8	11	0.7272727272727273	2	1	1	1.581	1	1.581	1.0	True	0.92	2.02
7	127958048	G	T	RBM28	Missense_Mutation	10	6	16	0.375	2	1	1	0.8152	1	0.8152	0.8152	False	0.92	2.02
7	128036696	G	A	IMPDH1	Missense_Mutation	32	26	58	0.4482758620689655	2	1	1	0.9745	1	0.9745	0.9745	True	0.92	2.02
7	128394340	C	T	CALU	Intron	26	19	45	0.4222222222222222	2	1	1	0.9179	1	0.9179	0.9179	True	0.92	2.02
7	131865343	A	G	PLXNA4	Splice_Site	19	3	22	0.13636363636363635	2	1	1	0.2964	1	0.2964	0.2964	False	0.92	2.02
7	137330273	C	T	DGKI	Missense_Mutation	14	15	29	0.5172413793103449	2	1	1	1.1244	1	1.1244	1.0	True	0.92	2.02
7	142099482	G	A	TRBV7-8	Missense_Mutation	27	22	49	0.4489795918367347	2	1	1	0.976	1	0.976	0.976	True	0.92	2.02
7	142983108	G	A	TMEM139	Missense_Mutation	18	27	45	0.6	2	1	1	1.3043	1	1.3043	1.0	True	0.92	2.02
7	143098699	C	T	EPHA1	Splice_Site	7	11	18	0.6111111111111112	2	1	1	1.3285	1	1.3285	1.0	True	0.92	2.02
7	146825929	G	A	CNTNAP2	Splice_Site	39	18	57	0.3157894736842105	2	1	1	0.6865	1	0.6865	0.6865	False	0.92	2.02
7	146829580	A	G	CNTNAP2	Missense_Mutation	23	19	42	0.4523809523809524	2	1	1	0.9834	1	0.9834	0.9834	True	0.92	2.02
7	148923271	A	G	ZNF282	3'UTR	16	13	29	0.4482758620689655	2	1	1	0.9745	1	0.9745	0.9745	True	0.92	2.02
7	149547272	C	T	ZNF862	Missense_Mutation	73	48	121	0.39669421487603307	2	1	1	0.8624	1	0.8624	0.8624	True	0.92	2.02
7	150883604	G	A	ASB10	Silent	7	9	16	0.5625	2	1	1	1.2228	1	1.2228	1.0	True	0.92	2.02
7	151135183	A	G	CRYGN	Missense_Mutation	9	8	17	0.47058823529411764	2	1	1	1.023	1	1.023	1.0	True	0.92	2.02
7	154760781	C	G	PAXIP1	Missense_Mutation	54	38	92	0.41304347826086957	2	1	1	0.8979	1	0.8979	0.8979	True	0.92	2.02
7	155569755	T	A	RBM33	3'UTR	4	12	16	0.75	2	1	1	1.6304	1	1.6304	1.0	True	0.92	2.02
7	156469089	C	A	RNF32	Intron	21	7	28	0.25	2	1	1	0.5435	1	0.5435	0.5435	False	0.92	2.02
7	156755741	G	A	NOM1	Missense_Mutation	19	7	26	0.2692307692307692	2	1	1	0.5853	1	0.5853	0.5853	False	0.92	2.02
7	158325504	G	A	PTPRN2	Intron	12	6	18	0.3333333333333333	2	1	1	0.7246	1	0.7246	0.7246	False	0.92	2.02
7	158445076	G	A	NCAPG2	Missense_Mutation	12	17	29	0.5862068965517241	2	1	1	1.2744	1	1.2744	1.0	True	0.92	2.02
8	772141	C	T	ERICH1-AS1	RNA	11	12	23	0.5217391304347826	2	1	1	1.1342	1	1.1342	1.0	True	0.92	2.02
8	6357577	T	G	ANGPT2	3'UTR	9	13	22	0.5909090909090909	2	1	1	1.2846	1	1.2846	1.0	True	0.92	2.02
8	10396052	A	G	PRSS55	Missense_Mutation	14	11	25	0.44	2	1	1	0.9565	1	0.9565	0.9565	True	0.92	2.02
8	11643804	G	A	NEIL2	3'UTR	8	4	12	0.3333333333333333	2	1	1	0.7246	1	0.7246	0.7246	False	0.92	2.02
8	17491666	G	T	PDGFRL	Missense_Mutation	26	26	52	0.5	2	1	1	1.087	1	1.087	1.0	True	0.92	2.02
8	22473321	C	A	CCAR2	Missense_Mutation	6	8	14	0.5714285714285714	2	1	1	1.2422	1	1.2422	1.0	True	0.92	2.02
8	23060187	C	T	TNFRSF10A	Missense_Mutation	23	19	42	0.4523809523809524	2	1	1	0.9834	1	0.9834	0.9834	True	0.92	2.02
8	23702148	C	T	STC1	3'UTR	9	6	15	0.4	2	1	1	0.8696	1	0.8696	0.8696	True	0.92	2.02
8	23709033	G	A	STC1	Silent	41	4	45	0.08888888888888889	2	1	1	0.1932	1	0.1932	0.1932	False	0.92	2.02
8	24199230	T	C	ADAM28	Missense_Mutation	55	43	98	0.4387755102040816	2	1	1	0.9539	1	0.9539	0.9539	True	0.92	2.02
8	25898144	C	T	EBF2	Silent	21	14	35	0.4	2	1	1	0.8696	1	0.8696	0.8696	True	0.92	2.02
8	26268815	C	A	BNIP3L	3'UTR	20	14	34	0.4117647058823529	2	1	1	0.8951	1	0.8951	0.8951	True	0.92	2.02
8	27288675	G	A	PTK2B	Intron	6	4	10	0.4	2	1	1	0.8696	1	0.8696	0.8696	True	0.92	2.02
8	29194688	G	A	DUSP4	Missense_Mutation	22	22	44	0.5	2	1	1	1.087	1	1.087	1.0	True	0.92	2.02
8	30472209	C	T	GTF2E2	Silent	21	8	29	0.27586206896551724	2	1	1	0.5997	1	0.5997	0.5997	False	0.92	2.02
8	30657100	A	G	PPP2CB	Missense_Mutation	26	13	39	0.3333333333333333	2	1	1	0.7246	1	0.7246	0.7246	False	0.92	2.02
8	30704905	G	A	TEX15	Silent	12	5	17	0.29411764705882354	2	1	1	0.6394	1	0.6394	0.6394	False	0.92	2.02
8	40011322	A	G	C8orf4	Missense_Mutation	8	8	16	0.5	2	1	1	1.087	1	1.087	1.0	True	0.92	2.02
8	42821684	G	A	HOOK3	Missense_Mutation	18	11	29	0.3793103448275862	2	1	1	0.8246	1	0.8246	0.8246	False	0.92	2.02
8	68130339	G	A	ARFGEF1	Missense_Mutation	7	9	16	0.5625	2	1	1	1.2228	1	1.2228	1.0	True	0.92	2.02
8	69104612	G	C	PREX2	Missense_Mutation	15	11	26	0.4230769230769231	2	1	1	0.9197	1	0.9197	0.9197	True	0.92	2.02
8	72755865	G	A	RP11-383H13.1	Missense_Mutation	8	13	21	0.6190476190476191	2	1	1	1.3458	1	1.3458	1.0	True	0.92	2.02
8	74525999	G	A	STAU2	Missense_Mutation	15	6	21	0.2857142857142857	2	1	1	0.6211	1	0.6211	0.6211	False	0.92	2.02
8	77763773	G	A	ZFHX4	Missense_Mutation	5	4	9	0.4444444444444444	2	1	1	0.9662	1	0.9662	0.9662	True	0.92	2.02
8	77777469	G	A	ZFHX4	3'UTR	16	15	31	0.4838709677419355	2	1	1	1.0519	1	1.0519	1.0	True	0.92	2.02
8	93017476	G	A	RUNX1T1	Missense_Mutation	6	6	12	0.5	2	1	1	1.087	1	1.087	1.0	True	0.92	2.02
8	102681821	A	T	GRHL2	3'UTR	24	18	42	0.42857142857142855	2	1	1	0.9317	1	0.9317	0.9317	True	0.92	2.02
8	116424864	C	T	TRPS1	3'UTR	13	10	23	0.43478260869565216	2	1	1	0.9452	1	0.9452	0.9452	True	0.92	2.02
8	124515688	C	T	FBXO32	Silent	31	33	64	0.515625	2	1	1	1.1209	1	1.1209	1.0	True	0.92	2.02
8	125107244	C	T	FER1L6	Missense_Mutation	12	10	22	0.45454545454545453	2	1	1	0.9881	1	0.9881	0.9881	True	0.92	2.02
8	133919134	G	A	TG	Missense_Mutation	8	14	22	0.6363636363636364	2	1	1	1.3834	1	1.3834	1.0	True	0.92	2.02
8	142444696	C	T	PTP4A3	3'Flank	48	52	100	0.52	2	1	1	1.1304	1	1.1304	1.0	True	0.92	2.02
8	144663274	C	T	EEF1D	Missense_Mutation	31	35	66	0.5303030303030303	2	1	1	1.1528	1	1.1528	1.0	True	0.92	2.02
8	145066663	G	A	GRINA	Missense_Mutation	9	6	15	0.4	2	1	1	0.8696	1	0.8696	0.8696	True	0.92	2.02
8	145106183	G	A	OPLAH	3'UTR	27	12	39	0.3076923076923077	2	1	1	0.6689	1	0.6689	0.6689	False	0.92	2.02
8	145772849	C	A	ARHGAP39	Missense_Mutation	8	13	21	0.6190476190476191	2	1	1	1.3458	1	1.3458	1.0	True	0.92	2.02
9	5762616	C	T	KIAA1432	Nonsense_Mutation	15	13	28	0.4642857142857143	2	1	1	1.0093	1	1.0093	1.0	True	0.92	2.02
9	27209187	C	T	TEK	Missense_Mutation	23	19	42	0.4523809523809524	2	1	1	0.9834	1	0.9834	0.9834	True	0.92	2.02
9	33442972	G	A	AQP3	Intron	15	9	24	0.375	2	1	1	0.8152	1	0.8152	0.8152	False	0.92	2.02
9	33674810	A	G	PTENP1	RNA	58	8	66	0.12121212121212122	2	1	1	0.2635	1	0.2635	0.2635	False	0.92	2.02
9	35555639	G	A	RUSC2	Missense_Mutation	5	10	15	0.6666666666666666	2	1	1	1.4493	1	1.4493	1.0	True	0.92	2.02
9	35682006	T	C	TPM2	3'UTR	4	6	10	0.6	2	1	1	1.3043	1	1.3043	1.0	True	0.92	2.02
9	38398322	T	C	ALDH1B1	3'UTR	12	4	16	0.25	2	1	1	0.5435	1	0.5435	0.5435	False	0.92	2.02
9	70993121	C	T	PGM5	Nonsense_Mutation	66	9	75	0.12	2	1	1	0.2609	1	0.2609	0.2609	False	0.92	2.02
9	79319970	C	T	PRUNE2	Missense_Mutation	13	6	19	0.3157894736842105	2	1	1	0.6865	1	0.6865	0.6865	False	0.92	2.02
9	93375384	C	T	DIRAS2	3'UTR	7	11	18	0.6111111111111112	2	1	1	1.3285	1	1.3285	1.0	True	0.92	2.02
9	95380666	A	C	CENPP	3'UTR	17	12	29	0.41379310344827586	2	1	1	0.8996	1	0.8996	0.8996	True	0.92	2.02
9	98684666	C	T	ERCC6L2	Missense_Mutation	23	12	35	0.34285714285714286	2	1	1	0.7453	1	0.7453	0.7453	False	0.92	2.02
9	102590419	A	G	NR4A3	Missense_Mutation	6	9	15	0.6	2	1	1	1.3043	1	1.3043	1.0	True	0.92	2.02
9	109625505	C	T	ZNF462	5'UTR	8	4	12	0.3333333333333333	2	1	1	0.7246	1	0.7246	0.7246	False	0.92	2.02
9	109691319	G	A	ZNF462	Missense_Mutation	17	3	20	0.15	2	1	1	0.3261	1	0.3261	0.3261	False	0.92	2.02
9	112145786	G	A	PTPN3	Missense_Mutation	6	8	14	0.5714285714285714	2	1	1	1.2422	1	1.2422	1.0	True	0.92	2.02
9	115956341	C	T	FKBP15	Missense_Mutation	25	10	35	0.2857142857142857	2	1	1	0.6211	1	0.6211	0.6211	False	0.92	2.02
9	118950086	G	A	PAPPA	Missense_Mutation	13	3	16	0.1875	2	1	1	0.4076	1	0.4076	0.4076	False	0.92	2.02
9	123220847	C	T	CDK5RAP2	Silent	31	24	55	0.43636363636363634	2	1	1	0.9486	1	0.9486	0.9486	True	0.92	2.02
9	123605343	C	T	PSMD5	5'Flank	58	43	101	0.42574257425742573	2	1	1	0.9255	1	0.9255	0.9255	True	0.92	2.02
9	124906426	G	A	NDUFA8	3'UTR	6	6	12	0.5	2	1	1	1.087	1	1.087	1.0	True	0.92	2.02
9	125612103	T	C	RC3H2	Splice_Site	14	9	23	0.391304347826087	2	1	1	0.8507	1	0.8507	0.8507	True	0.92	2.02
9	133779513	C	T	FIBCD1	Missense_Mutation	5	6	11	0.5454545454545454	2	1	1	1.1858	1	1.1858	1.0	True	0.92	2.02
9	134165748	G	A	PPAPDC3	Missense_Mutation	18	11	29	0.3793103448275862	2	1	1	0.8246	1	0.8246	0.8246	False	0.92	2.02
9	135940094	C	T	CEL	Silent	7	7	14	0.5	2	1	1	1.087	1	1.087	1.0	True	0.92	2.02
9	135985832	C	T	RALGDS	Silent	5	11	16	0.6875	2	1	1	1.4946	1	1.4946	1.0	True	0.92	2.02
9	136677244	G	A	VAV2	Nonsense_Mutation	21	15	36	0.4166666666666667	2	1	1	0.9058	1	0.9058	0.9058	True	0.92	2.02
9	137005077	C	T	WDR5	Silent	11	20	31	0.6451612903225806	2	1	1	1.4025	1	1.4025	1.0	True	0.92	2.02
9	137804983	C	T	FCN1	Missense_Mutation	46	40	86	0.46511627906976744	2	1	1	1.0111	1	1.0111	1.0	True	0.92	2.02
9	139390943	C	T	NOTCH1	Silent	19	16	35	0.45714285714285713	2	1	1	0.9938	1	0.9938	0.9938	True	0.92	2.02
9	139641899	C	T	LCN6	Silent	12	8	20	0.4	2	1	1	0.8696	1	0.8696	0.8696	True	0.92	2.02
9	139698976	C	T	CCDC183	Missense_Mutation	8	11	19	0.5789473684210527	2	1	1	1.2586	1	1.2586	1.0	True	0.92	2.02
9	141012526	G	A	CACNA1B	Missense_Mutation	12	9	21	0.42857142857142855	2	1	1	0.9317	1	0.9317	0.9317	True	0.92	2.02
10	5494863	G	T	NET1	Missense_Mutation	11	10	21	0.47619047619047616	2	1	1	1.0352	1	1.0352	1.0	True	0.92	2.02
10	5567265	A	G	CALML3	Missense_Mutation	3	7	10	0.7	2	1	1	1.5217	1	1.5217	1.0	True	0.92	2.02
10	7205832	G	A	SFMBT2	Missense_Mutation	19	16	35	0.45714285714285713	2	1	1	0.9938	1	0.9938	0.9938	True	0.92	2.02
10	7763677	G	A	ITIH2	Silent	12	11	23	0.4782608695652174	2	1	1	1.0397	1	1.0397	1.0	True	0.92	2.02
10	13364975	G	A	SEPHS1	Missense_Mutation	13	15	28	0.5357142857142857	2	1	1	1.1646	1	1.1646	1.0	True	0.92	2.02
10	14885648	G	A	HSPA14	Intron	5	17	22	0.7727272727272727	2	1	1	1.6798	1	1.6798	1.0	True	0.92	2.02
10	21804205	A	C	SKIDA1	Missense_Mutation	96	8	104	0.07692307692307693	2	1	1	0.1672	1	0.1672	0.1672	False	0.92	2.02
10	21970258	C	A	MLLT10	Intron	22	33	55	0.6	2	1	1	1.3043	1	1.3043	1.0	True	0.92	2.02
10	27459940	G	A	MASTL	Silent	11	8	19	0.42105263157894735	2	1	1	0.9153	1	0.9153	0.9153	True	0.92	2.02
10	28966793	G	A	BAMBI	5'UTR	17	10	27	0.37037037037037035	2	1	1	0.8052	1	0.8052	0.8052	False	0.92	2.02
10	35927830	G	A	FZD8	3'UTR	16	11	27	0.4074074074074074	2	1	1	0.8857	1	0.8857	0.8857	True	0.92	2.02
10	50339651	C	A	FAM170B	3'UTR	20	9	29	0.3103448275862069	2	1	1	0.6747	1	0.6747	0.6747	False	0.92	2.02
10	50531281	G	A	C10orf71	Missense_Mutation	20	17	37	0.4594594594594595	2	1	1	0.9988	1	0.9988	0.9988	True	0.92	2.02
10	52103736	G	T	SGMS1	Missense_Mutation	13	12	25	0.48	2	1	1	1.0435	1	1.0435	1.0	True	0.92	2.02
10	60273016	G	A	BICC1	Missense_Mutation	27	3	30	0.1	2	1	1	0.2174	1	0.2174	0.2174	False	0.92	2.02
10	64914379	G	T	NRBF2	3'UTR	35	5	40	0.125	2	1	1	0.2717	1	0.2717	0.2717	False	0.92	2.02
10	72299419	C	A	PALD1	Nonsense_Mutation	32	21	53	0.39622641509433965	2	1	1	0.8614	1	0.8614	0.8614	True	0.92	2.02
10	72434637	G	A	ADAMTS14	Nonsense_Mutation	6	12	18	0.6666666666666666	2	1	1	1.4493	1	1.4493	1.0	True	0.92	2.02
10	72633308	C	A	SGPL1	Silent	15	11	26	0.4230769230769231	2	1	1	0.9197	1	0.9197	0.9197	True	0.92	2.02
10	76854631	C	T	DUSP13	Missense_Mutation	12	3	15	0.2	2	1	1	0.4348	1	0.4348	0.4348	False	0.92	2.02
10	81272564	C	T	EIF5AL1	Silent	33	30	63	0.47619047619047616	2	1	1	1.0352	1	1.0352	1.0	True	0.92	2.02
10	87362023	G	A	GRID1	3'UTR	16	14	30	0.4666666666666667	2	1	1	1.0145	1	1.0145	1.0	True	0.92	2.02
10	88988385	G	A	NUTM2A	Missense_Mutation	19	7	26	0.2692307692307692	2	1	1	0.5853	1	0.5853	0.5853	False	0.92	2.02
10	96827097	C	A	CYP2C8	Nonsense_Mutation	32	19	51	0.37254901960784315	2	1	1	0.8099	1	0.8099	0.8099	False	0.92	2.02
10	99330059	C	A	UBTD1	Missense_Mutation	21	15	36	0.4166666666666667	2	1	1	0.9058	1	0.9058	0.9058	True	0.92	2.02
10	102107885	G	T	SCD	Missense_Mutation	13	12	25	0.48	2	1	1	1.0435	1	1.0435	1.0	True	0.92	2.02
10	103530375	C	A	FGF8	Missense_Mutation	11	19	30	0.6333333333333333	2	1	1	1.3768	1	1.3768	1.0	True	0.92	2.02
10	104160131	G	T	NFKB2	Missense_Mutation	5	7	12	0.5833333333333334	2	1	1	1.2681	1	1.2681	1.0	True	0.92	2.02
10	104162571	G	A	PSD	3'UTR	16	19	35	0.5428571428571428	2	1	1	1.1801	1	1.1801	1.0	True	0.92	2.02
10	114205076	A	T	ZDHHC6	Missense_Mutation	18	8	26	0.3076923076923077	2	1	1	0.6689	1	0.6689	0.6689	False	0.92	2.02
10	115612524	G	A	DCLRE1A	Missense_Mutation	27	18	45	0.4	2	1	1	0.8696	1	0.8696	0.8696	True	0.92	2.02
10	123970914	C	A	TACC2	Missense_Mutation	7	7	14	0.5	2	1	1	1.087	1	1.087	1.0	True	0.92	2.02
10	124190932	G	A	PLEKHA1	3'UTR	40	11	51	0.21568627450980393	2	1	1	0.4689	1	0.4689	0.4689	False	0.92	2.02
10	129249935	G	T	DOCK1	3'UTR	43	22	65	0.3384615384615385	2	1	1	0.7358	1	0.7358	0.7358	False	0.92	2.02
10	133930816	G	A	JAKMIP3	Missense_Mutation	12	12	24	0.5	2	1	1	1.087	1	1.087	1.0	True	0.92	2.02
11	498031	G	A	RNH1	Missense_Mutation	24	17	41	0.4146341463414634	2	1	1	0.9014	1	0.9014	0.9014	True	0.92	2.02
11	609313	T	C	PHRF1	Missense_Mutation	29	12	41	0.2926829268292683	2	1	1	0.6363	1	0.6363	0.6363	False	0.92	2.02
11	609512	T	A	PHRF1	Silent	26	11	37	0.2972972972972973	2	1	1	0.6463	1	0.6463	0.6463	False	0.92	2.02
11	613438	G	A	IRF7	Silent	6	6	12	0.5	2	1	1	1.087	1	1.087	1.0	True	0.92	2.02
11	1629266	G	T	KRTAP5-3	Missense_Mutation	64	60	124	0.4838709677419355	2	1	1	1.0519	1	1.0519	1.0	True	0.92	2.02
11	6591869	T	C	DNHD1	Missense_Mutation	6	8	14	0.5714285714285714	2	1	1	1.2422	1	1.2422	1.0	True	0.92	2.02
11	9879788	C	T	SBF2	Silent	66	44	110	0.4	2	1	1	0.8696	1	0.8696	0.8696	True	0.92	2.02
11	10830582	C	T	EIF4G2	5'Flank	13	8	21	0.38095238095238093	2	1	1	0.8282	1	0.8282	0.8282	False	0.92	2.02
11	17742485	C	T	MYOD1	Missense_Mutation	17	10	27	0.37037037037037035	2	1	1	0.8052	1	0.8052	0.8052	False	0.92	2.02
11	22301200	T	C	ANO5	Silent	28	17	45	0.37777777777777777	2	1	1	0.8213	1	0.8213	0.8213	False	0.92	2.02
11	31669308	G	A	ELP4	Missense_Mutation	16	13	29	0.4482758620689655	2	1	1	0.9745	1	0.9745	0.9745	True	0.92	2.02
11	35273749	A	G	SLC1A2	3'UTR	20	15	35	0.42857142857142855	2	1	1	0.9317	1	0.9317	0.9317	True	0.92	2.02
11	43467620	G	T	TTC17	Intron	5	6	11	0.5454545454545454	2	1	1	1.1858	1	1.1858	1.0	True	0.92	2.02
11	46406737	G	A	CHRM4	Silent	6	14	20	0.7	2	1	1	1.5217	1	1.5217	1.0	True	0.92	2.02
11	56058005	G	A	OR8H1	Silent	23	10	33	0.30303030303030304	2	1	1	0.6588	1	0.6588	0.6588	False	0.92	2.02
11	59271585	C	T	OR4D11	Silent	49	42	91	0.46153846153846156	2	1	1	1.0033	1	1.0033	1.0	True	0.92	2.02
11	62292360	C	T	AHNAK	Missense_Mutation	60	49	109	0.44954128440366975	2	1	1	0.9773	1	0.9773	0.9773	True	0.92	2.02
11	62375215	C	T	EML3	Missense_Mutation	16	9	25	0.36	2	1	1	0.7826	1	0.7826	0.7826	False	0.92	2.02
11	62997003	G	A	SLC22A25	Missense_Mutation	27	18	45	0.4	2	1	1	0.8696	1	0.8696	0.8696	True	0.92	2.02
11	63410877	G	T	ATL3	Missense_Mutation	19	9	28	0.32142857142857145	2	1	1	0.6988	1	0.6988	0.6988	False	0.92	2.02
11	64033415	T	C	PLCB3	Silent	13	7	20	0.35	2	1	1	0.7609	1	0.7609	0.7609	False	0.92	2.02
11	64053992	C	T	GPR137	Missense_Mutation	14	13	27	0.48148148148148145	2	1	1	1.0467	1	1.0467	1.0	True	0.92	2.02
11	65318605	T	C	LTBP3	Missense_Mutation	37	27	64	0.421875	2	1	1	0.9171	1	0.9171	0.9171	True	0.92	2.02
11	65392743	C	T	PCNXL3	Silent	22	31	53	0.5849056603773585	2	1	1	1.2715	1	1.2715	1.0	True	0.92	2.02
11	65629692	G	C	MUS81	Missense_Mutation	15	21	36	0.5833333333333334	2	1	1	1.2681	1	1.2681	1.0	True	0.92	2.02
11	65688856	C	A	DRAP1	Missense_Mutation	28	5	33	0.15151515151515152	2	1	1	0.3294	1	0.3294	0.3294	False	0.92	2.02
11	67380901	G	A	NDUFV1	3'Flank	27	14	41	0.34146341463414637	2	1	1	0.7423	1	0.7423	0.7423	False	0.92	2.02
11	68673666	C	T	IGHMBP2	Silent	20	25	45	0.5555555555555556	2	1	1	1.2077	1	1.2077	1.0	True	0.92	2.02
11	70319102	T	C	SHANK2	Missense_Mutation	19	15	34	0.4411764705882353	2	1	1	0.9591	1	0.9591	0.9591	True	0.92	2.02
11	72410097	G	A	ARAP1	Silent	12	13	25	0.52	2	1	1	1.1304	1	1.1304	1.0	True	0.92	2.02
11	73429893	G	A	RAB6A	Missense_Mutation	20	30	50	0.6	2	1	1	1.3043	1	1.3043	1.0	True	0.92	2.02
11	73575340	G	A	MRPL48	Splice_Site	10	4	14	0.2857142857142857	2	1	1	0.6211	1	0.6211	0.6211	False	0.92	2.02
11	76063399	G	A	PRKRIR	Silent	38	25	63	0.3968253968253968	2	1	1	0.8627	1	0.8627	0.8627	True	0.92	2.02
11	89531407	G	T	TRIM49	Missense_Mutation	82	24	106	0.22641509433962265	2	1	1	0.4922	1	0.4922	0.4922	False	0.92	2.02
11	102668014	C	T	MMP1	Missense_Mutation	5	11	16	0.6875	2	1	1	1.4946	1	1.4946	1.0	True	0.92	2.02
11	103086530	T	C	DYNC2H1	Silent	8	12	20	0.6	2	1	1	1.3043	1	1.3043	1.0	True	0.92	2.02
11	103157054	A	T	DYNC2H1	Missense_Mutation	12	20	32	0.625	2	1	1	1.3587	1	1.3587	1.0	True	0.92	2.02
11	108028811	G	A	NPAT	3'UTR	20	5	25	0.2	2	1	1	0.4348	1	0.4348	0.4348	False	0.92	2.02
11	113283313	T	C	DRD2	Missense_Mutation	78	9	87	0.10344827586206896	2	1	1	0.2249	1	0.2249	0.2249	False	0.92	2.02
11	114441950	G	A	NXPE4	Nonsense_Mutation	16	17	33	0.5151515151515151	2	1	1	1.1199	1	1.1199	1.0	True	0.92	2.02
11	117988126	C	T	TMPRSS4	Missense_Mutation	29	31	60	0.5166666666666667	2	1	1	1.1232	1	1.1232	1.0	True	0.92	2.02
11	119174703	T	C	CBL	3'UTR	35	20	55	0.36363636363636365	2	1	1	0.7905	1	0.7905	0.7905	False	0.92	2.02
11	119227092	T	A	USP2	3'UTR	48	28	76	0.3684210526315789	2	1	1	0.8009	1	0.8009	0.8009	False	0.92	2.02
11	122683578	T	C	UBASH3B	3'UTR	5	3	8	0.375	2	1	1	0.8152	1	0.8152	0.8152	False	0.92	2.02
11	126343242	G	A	KIRREL3	Nonsense_Mutation	42	39	81	0.48148148148148145	2	1	1	1.0467	1	1.0467	1.0	True	0.92	2.02
12	2224428	A	G	CACNA1C	Missense_Mutation	7	5	12	0.4166666666666667	2	1	1	0.9058	1	0.9058	0.9058	True	0.92	2.02
12	3788146	G	A	EFCAB4B	Silent	23	25	48	0.5208333333333334	2	1	1	1.1322	1	1.1322	1.0	True	0.92	2.02
12	6132884	C	T	VWF	Missense_Mutation	52	34	86	0.3953488372093023	2	1	1	0.8595	1	0.8595	0.8595	True	0.92	2.02
12	7086822	G	T	LPCAT3	Missense_Mutation	18	15	33	0.45454545454545453	2	1	1	0.9881	1	0.9881	0.9881	True	0.92	2.02
12	7947788	G	A	NANOG	3'UTR	47	15	62	0.24193548387096775	2	1	1	0.5259	1	0.5259	0.5259	False	0.92	2.02
12	12048234	C	A	ETV6	3'UTR	13	17	30	0.5666666666666667	2	1	1	1.2319	1	1.2319	1.0	True	0.92	2.02
12	12048235	A	C	ETV6	3'UTR	13	16	29	0.5517241379310345	2	1	1	1.1994	1	1.1994	1.0	True	0.92	2.02
12	18435201	C	T	PIK3C2G	Silent	21	3	24	0.125	2	1	1	0.2717	1	0.2717	0.2717	False	0.92	2.02
12	20833452	G	A	PDE3A	3'UTR	20	12	32	0.375	2	1	1	0.8152	1	0.8152	0.8152	False	0.92	2.02
12	21450354	A	G	SLCO1A2	Silent	7	6	13	0.46153846153846156	2	1	1	1.0033	1	1.0033	1.0	True	0.92	2.02
12	25398284	C	A	KRAS	Missense_Mutation	19	12	31	0.3870967741935484	2	1	1	0.8415	1	0.8415	0.8415	False	0.92	2.02
12	28114902	T	C	PTHLH	Intron	12	14	26	0.5384615384615384	2	1	1	1.1706	1	1.1706	1.0	True	0.92	2.02
12	28114903	T	C	PTHLH	Intron	12	14	26	0.5384615384615384	2	1	1	1.1706	1	1.1706	1.0	True	0.92	2.02
12	39170078	T	C	CPNE8	Missense_Mutation	77	38	115	0.33043478260869563	2	1	1	0.7183	1	0.7183	0.7183	False	0.92	2.02
12	42853792	G	A	PRICKLE1	Missense_Mutation	27	11	38	0.2894736842105263	2	1	1	0.6293	1	0.6293	0.6293	False	0.92	2.02
12	49062981	G	A	KANSL2	Nonsense_Mutation	31	24	55	0.43636363636363634	2	1	1	0.9486	1	0.9486	0.9486	True	0.92	2.02
12	49165748	C	A	ADCY6	Silent	18	10	28	0.35714285714285715	2	1	1	0.7764	1	0.7764	0.7764	False	0.92	2.02
12	49171482	G	A	ADCY6	Missense_Mutation	14	3	17	0.17647058823529413	2	1	1	0.3836	1	0.3836	0.3836	False	0.92	2.02
12	49427744	G	A	KMT2D	Missense_Mutation	20	22	42	0.5238095238095238	2	1	1	1.1387	1	1.1387	1.0	True	0.92	2.02
12	51281334	G	A	TMPRSS12	3'UTR	13	9	22	0.4090909090909091	2	1	1	0.8893	1	0.8893	0.8893	True	0.92	2.02
12	52388013	G	T	ACVR1B	3'Flank	14	8	22	0.36363636363636365	2	1	1	0.7905	1	0.7905	0.7905	False	0.92	2.02
12	52681485	C	T	KRT81	Silent	41	12	53	0.22641509433962265	2	1	1	0.4922	1	0.4922	0.4922	False	0.92	2.02
12	52715017	C	T	KRT83	Missense_Mutation	32	31	63	0.49206349206349204	2	1	1	1.0697	1	1.0697	1.0	True	0.92	2.02
12	53069270	C	T	KRT1	Missense_Mutation	20	24	44	0.5454545454545454	2	1	1	1.1858	1	1.1858	1.0	True	0.92	2.02
12	53497964	T	C	SOAT2	Silent	20	18	38	0.47368421052631576	2	1	1	1.0297	1	1.0297	1.0	True	0.92	2.02
12	53680199	T	C	ESPL1	Missense_Mutation	17	14	31	0.45161290322580644	2	1	1	0.9818	1	0.9818	0.9818	True	0.92	2.02
12	53822795	G	A	AMHR2	Splice_Site	16	13	29	0.4482758620689655	2	1	1	0.9745	1	0.9745	0.9745	True	0.92	2.02
12	54448682	A	T	HOXC4	Missense_Mutation	13	6	19	0.3157894736842105	2	1	1	0.6865	1	0.6865	0.6865	False	0.92	2.02
12	54576079	A	G	SMUG1	Missense_Mutation	8	6	14	0.42857142857142855	2	1	1	0.9317	1	0.9317	0.9317	True	0.92	2.02
12	56498481	C	T	PA2G4	5'UTR	18	9	27	0.3333333333333333	2	1	1	0.7246	1	0.7246	0.7246	False	0.92	2.02
12	56531997	C	T	ESYT1	Missense_Mutation	11	7	18	0.3888888888888889	2	1	1	0.8454	1	0.8454	0.8454	False	0.92	2.02
12	57571281	G	A	LRP1	Missense_Mutation	13	17	30	0.5666666666666667	2	1	1	1.2319	1	1.2319	1.0	True	0.92	2.02
12	58009129	G	A	ARHGEF25	Intron	29	17	46	0.3695652173913043	2	1	1	0.8034	1	0.8034	0.8034	False	0.92	2.02
12	64895291	A	G	TBK1	3'UTR	13	20	33	0.6060606060606061	2	1	1	1.3175	1	1.3175	1.0	True	0.92	2.02
12	68054184	G	A	DYRK2	3'UTR	35	17	52	0.3269230769230769	2	1	1	0.7107	1	0.7107	0.7107	False	0.92	2.02
12	82780688	A	G	METTL25	Missense_Mutation	12	9	21	0.42857142857142855	2	1	1	0.9317	1	0.9317	0.9317	True	0.92	2.02
12	101674960	G	A	UTP20	Missense_Mutation	32	24	56	0.42857142857142855	2	1	1	0.9317	1	0.9317	0.9317	True	0.92	2.02
12	101685582	G	T	UTP20	Missense_Mutation	22	17	39	0.4358974358974359	2	1	1	0.9476	1	0.9476	0.9476	True	0.92	2.02
12	101685765	G	A	UTP20	Silent	26	17	43	0.3953488372093023	2	1	1	0.8595	1	0.8595	0.8595	True	0.92	2.02
12	101693503	G	A	UTP20	Missense_Mutation	15	8	23	0.34782608695652173	2	1	1	0.7561	1	0.7561	0.7561	False	0.92	2.02
12	109998857	C	T	MMAB	Missense_Mutation	3	8	11	0.7272727272727273	2	1	1	1.581	1	1.581	1.0	True	0.92	2.02
12	113711438	T	C	TPCN1	Missense_Mutation	17	8	25	0.32	2	1	1	0.6957	1	0.6957	0.6957	False	0.92	2.02
12	117593639	A	T	FBXO21	Nonsense_Mutation	32	25	57	0.43859649122807015	2	1	1	0.9535	1	0.9535	0.9535	True	0.92	2.02
12	120152116	G	A	CIT	Missense_Mutation	11	8	19	0.42105263157894735	2	1	1	0.9153	1	0.9153	0.9153	True	0.92	2.02
12	121138061	C	A	MLEC	3'UTR	29	5	34	0.14705882352941177	2	1	1	0.3197	1	0.3197	0.3197	False	0.92	2.02
12	123341695	C	T	HIP1R	Missense_Mutation	16	19	35	0.5428571428571428	2	1	1	1.1801	1	1.1801	1.0	True	0.92	2.02
12	124383316	G	A	DNAH10	Missense_Mutation	11	8	19	0.42105263157894735	2	1	1	0.9153	1	0.9153	0.9153	True	0.92	2.02
12	126135245	G	A	TMEM132B	Missense_Mutation	23	17	40	0.425	2	1	1	0.9239	1	0.9239	0.9239	True	0.92	2.02
12	130185090	C	T	TMEM132D	Missense_Mutation	18	23	41	0.5609756097560976	2	1	1	1.2195	1	1.2195	1.0	True	0.92	2.02
12	130648122	C	T	FZD10	Missense_Mutation	8	5	13	0.38461538461538464	2	1	1	0.8361	1	0.8361	0.8361	False	0.92	2.02
12	132262687	G	A	SFSWAP	Silent	9	5	14	0.35714285714285715	2	1	1	0.7764	1	0.7764	0.7764	False	0.92	2.02
12	132530069	C	T	EP400	Silent	10	9	19	0.47368421052631576	2	1	1	1.0297	1	1.0297	1.0	True	0.92	2.02
12	133804489	C	T	ANHX	Missense_Mutation	8	7	15	0.4666666666666667	2	1	1	1.0145	1	1.0145	1.0	True	0.92	2.02
13	21957126	G	A	ZDHHC20	Missense_Mutation	25	15	40	0.375	2	1	1	0.8152	1	0.8152	0.8152	False	0.92	2.02
13	23914588	G	A	SACS	Nonsense_Mutation	11	9	20	0.45	2	1	1	0.9783	1	0.9783	0.9783	True	0.92	2.02
13	28866533	G	A	PAN3	Silent	16	5	21	0.23809523809523808	2	1	1	0.5176	1	0.5176	0.5176	False	0.92	2.02
13	32785158	C	T	FRY	Silent	11	8	19	0.42105263157894735	2	1	1	0.9153	1	0.9153	0.9153	True	0.92	2.02
13	33859764	C	T	STARD13	Silent	2	6	8	0.75	2	1	1	1.6304	1	1.6304	1.0	True	0.92	2.02
13	35733228	A	G	NBEA	Missense_Mutation	12	4	16	0.25	2	1	1	0.5435	1	0.5435	0.5435	False	0.92	2.02
13	39917515	T	C	LHFP	3'UTR	71	6	77	0.07792207792207792	2	1	1	0.1694	1	0.1694	0.1694	False	0.92	2.02
13	51640093	C	T	GUCY1B2	RNA	38	30	68	0.4411764705882353	2	1	1	0.9591	1	0.9591	0.9591	True	0.92	2.02
13	53049192	G	A	CKAP2	Silent	38	6	44	0.13636363636363635	2	1	1	0.2964	1	0.2964	0.2964	False	0.92	2.02
13	76432354	C	T	LMO7	3'UTR	26	25	51	0.49019607843137253	2	1	1	1.0656	1	1.0656	1.0	True	0.92	2.02
13	99554068	G	A	DOCK9	Silent	35	25	60	0.4166666666666667	2	1	1	0.9058	1	0.9058	0.9058	True	0.92	2.02
13	107143747	G	A	EFNB2	3'UTR	21	14	35	0.4	2	1	1	0.8696	1	0.8696	0.8696	True	0.92	2.02
13	109753211	G	A	MYO16	Silent	14	7	21	0.3333333333333333	2	1	1	0.7246	1	0.7246	0.7246	False	0.92	2.02
13	111164460	G	A	COL4A2	Silent	27	20	47	0.425531914893617	2	1	1	0.9251	1	0.9251	0.9251	True	0.92	2.02
13	113873307	C	T	CUL4A	Nonsense_Mutation	26	21	47	0.44680851063829785	2	1	1	0.9713	1	0.9713	0.9713	True	0.92	2.02
13	115090436	A	G	CHAMP1	Silent	17	9	26	0.34615384615384615	2	1	1	0.7525	1	0.7525	0.7525	False	0.92	2.02
14	20692102	C	T	OR11H6	Silent	20	13	33	0.3939393939393939	2	1	1	0.8564	1	0.8564	0.8564	True	0.92	2.02
14	24806615	G	T	RIPK3	Missense_Mutation	7	15	22	0.6818181818181818	2	1	1	1.4822	1	1.4822	1.0	True	0.92	2.02
14	45579844	C	T	PRPF39	Nonsense_Mutation	13	16	29	0.5517241379310345	2	1	1	1.1994	1	1.1994	1.0	True	0.92	2.02
14	51239180	C	A	NIN	Missense_Mutation	21	15	36	0.4166666666666667	2	1	1	0.9058	1	0.9058	0.9058	True	0.92	2.02
14	55454097	T	C	WDHD1	Missense_Mutation	31	16	47	0.3404255319148936	2	1	1	0.7401	1	0.7401	0.7401	False	0.92	2.02
14	60193668	C	T	RTN1	Silent	29	34	63	0.5396825396825397	2	1	1	1.1732	1	1.1732	1.0	True	0.92	2.02
14	64407331	G	A	SYNE2	Splice_Site	44	35	79	0.4430379746835443	2	1	1	0.9631	1	0.9631	0.9631	True	0.92	2.02
14	65208459	C	A	PLEKHG3	Missense_Mutation	17	18	35	0.5142857142857142	2	1	1	1.118	1	1.118	1.0	True	0.92	2.02
14	65511143	C	T	FNTB	Missense_Mutation	13	22	35	0.6285714285714286	2	1	1	1.3665	1	1.3665	1.0	True	0.92	2.02
14	73576109	G	A	RBM25	Missense_Mutation	8	7	15	0.4666666666666667	2	1	1	1.0145	1	1.0145	1.0	True	0.92	2.02
14	74824775	G	A	VRTN	Missense_Mutation	18	11	29	0.3793103448275862	2	1	1	0.8246	1	0.8246	0.8246	False	0.92	2.02
14	75052733	G	A	LTBP2	Silent	36	23	59	0.3898305084745763	2	1	1	0.8475	1	0.8475	0.8475	False	0.92	2.02
14	90736588	G	A	PSMC1	Silent	13	19	32	0.59375	2	1	1	1.2908	1	1.2908	1.0	True	0.92	2.02
14	93412687	T	A	ITPK1	Missense_Mutation	14	21	35	0.6	2	1	1	1.3043	1	1.3043	1.0	True	0.92	2.02
14	93412736	C	T	ITPK1	Missense_Mutation	13	23	36	0.6388888888888888	2	1	1	1.3889	1	1.3889	1.0	True	0.92	2.02
14	93412748	G	A	ITPK1	Missense_Mutation	14	21	35	0.6	2	1	1	1.3043	1	1.3043	1.0	True	0.92	2.02
14	94849045	G	T	SERPINA1	Missense_Mutation	30	16	46	0.34782608695652173	2	1	1	0.7561	1	0.7561	0.7561	False	0.92	2.02
14	94964512	A	G	SERPINA12	Missense_Mutation	10	4	14	0.2857142857142857	2	1	1	0.6211	1	0.6211	0.6211	False	0.92	2.02
14	95081149	G	A	SERPINA3	Missense_Mutation	13	9	22	0.4090909090909091	2	1	1	0.8893	1	0.8893	0.8893	True	0.92	2.02
14	97009224	C	T	PAPOLA	Missense_Mutation	69	5	74	0.06756756756756757	2	1	1	0.1469	1	0.1469	0.1469	False	0.92	2.02
14	100599089	C	T	EVL	Silent	20	22	42	0.5238095238095238	2	1	1	1.1387	1	1.1387	1.0	True	0.92	2.02
14	101013113	G	A	BEGAIN	Intron	3	5	8	0.625	2	1	1	1.3587	1	1.3587	1.0	True	0.92	2.02
14	101349173	C	T	RTL1	Silent	14	18	32	0.5625	2	1	1	1.2228	1	1.2228	1.0	True	0.92	2.02
14	104165720	G	T	XRCC3	Missense_Mutation	12	10	22	0.45454545454545453	2	1	1	0.9881	1	0.9881	0.9881	True	0.92	2.02
14	104201380	T	C	PPP1R13B	3'UTR	30	6	36	0.16666666666666666	2	1	1	0.3623	1	0.3623	0.3623	False	0.92	2.02
14	105246551	C	T	AKT1	Missense_Mutation	11	14	25	0.56	2	1	1	1.2174	1	1.2174	1.0	True	0.92	2.02
14	105412417	C	T	AHNAK2	Missense_Mutation	55	48	103	0.46601941747572817	2	1	1	1.0131	1	1.0131	1.0	True	0.92	2.02
14	106622192	T	C	IGHV3-16	Missense_Mutation	71	54	125	0.432	2	1	1	0.9391	1	0.9391	0.9391	True	0.92	2.02
14	107170235	C	T	IGHV1-69	Missense_Mutation	103	25	128	0.1953125	2	1	1	0.4246	1	0.4246	0.4246	False	0.92	2.02
15	20642555	G	A	HERC2P3	RNA	66	28	94	0.2978723404255319	2	1	1	0.6475	1	0.6475	0.6475	False	0.92	2.02
15	20645876	G	A	HERC2P3	RNA	135	52	187	0.27807486631016043	2	1	1	0.6045	1	0.6045	0.6045	False	0.92	2.02
15	25200150	G	A	SNRPN	Intron	36	7	43	0.16279069767441862	2	1	1	0.3539	1	0.3539	0.3539	False	0.92	2.02
15	28391439	C	T	HERC2	Missense_Mutation	16	12	28	0.42857142857142855	2	1	1	0.9317	1	0.9317	0.9317	True	0.92	2.02
15	30502836	A	G	AC026150.5	RNA	24	9	33	0.2727272727272727	2	1	1	0.5929	1	0.5929	0.5929	False	0.92	2.02
15	40587462	G	A	PLCB2	Missense_Mutation	10	16	26	0.6153846153846154	2	1	1	1.3378	1	1.3378	1.0	True	0.92	2.02
15	40662342	G	A	DISP2	Silent	29	13	42	0.30952380952380953	2	1	1	0.6729	1	0.6729	0.6729	False	0.92	2.02
15	41145684	C	T	SPINT1	Intron	15	11	26	0.4230769230769231	2	1	1	0.9197	1	0.9197	0.9197	True	0.92	2.02
15	42159263	G	T	SPTBN5	Missense_Mutation	6	5	11	0.45454545454545453	2	1	1	0.9881	1	0.9881	0.9881	True	0.92	2.02
15	42479974	C	T	VPS39	Silent	21	9	30	0.3	2	1	1	0.6522	1	0.6522	0.6522	False	0.92	2.02
15	42500431	A	G	VPS39	5'UTR	9	9	18	0.5	2	1	1	1.087	1	1.087	1.0	True	0.92	2.02
15	43825733	G	A	PPIP5K1	3'UTR	24	12	36	0.3333333333333333	2	1	1	0.7246	1	0.7246	0.7246	False	0.92	2.02
15	49293286	T	C	SECISBP2L	Missense_Mutation	14	16	30	0.5333333333333333	2	1	1	1.1594	1	1.1594	1.0	True	0.92	2.02
15	50578304	G	A	GABPB1	Silent	30	17	47	0.3617021276595745	2	1	1	0.7863	1	0.7863	0.7863	False	0.92	2.02
15	54839033	C	T	UNC13C	Missense_Mutation	40	29	69	0.42028985507246375	2	1	1	0.9137	1	0.9137	0.9137	True	0.92	2.02
15	55497820	C	T	RAB27A	Missense_Mutation	25	20	45	0.4444444444444444	2	1	1	0.9662	1	0.9662	0.9662	True	0.92	2.02
15	59124014	C	T	FAM63B	Silent	27	20	47	0.425531914893617	2	1	1	0.9251	1	0.9251	0.9251	True	0.92	2.02
15	59409433	G	T	CCNB2	Missense_Mutation	29	25	54	0.46296296296296297	2	1	1	1.0064	1	1.0064	1.0	True	0.92	2.02
15	60715713	G	A	NARG2	3'UTR	41	8	49	0.16326530612244897	2	1	1	0.3549	1	0.3549	0.3549	False	0.92	2.02
15	66995677	C	T	SMAD6	Silent	17	13	30	0.43333333333333335	2	1	1	0.942	1	0.942	0.942	True	0.92	2.02
15	75648498	G	A	MAN2C1	Silent	16	14	30	0.4666666666666667	2	1	1	1.0145	1	1.0145	1.0	True	0.92	2.02
15	75890950	G	A	SNUPN	Missense_Mutation	27	25	52	0.4807692307692308	2	1	1	1.0452	1	1.0452	1.0	True	0.92	2.02
15	78819887	T	A	HYKK	Missense_Mutation	25	16	41	0.3902439024390244	2	1	1	0.8484	1	0.8484	0.8484	False	0.92	2.02
15	79588461	T	A	ANKRD34C	3'UTR	29	18	47	0.3829787234042553	2	1	1	0.8326	1	0.8326	0.8326	False	0.92	2.02
15	80866546	G	A	ARNT2	Silent	17	4	21	0.19047619047619047	2	1	1	0.4141	1	0.4141	0.4141	False	0.92	2.02
15	82336615	C	T	MEX3B	Missense_Mutation	30	3	33	0.09090909090909091	2	1	1	0.1976	1	0.1976	0.1976	False	0.92	2.02
15	82336764	G	A	MEX3B	Silent	12	19	31	0.6129032258064516	2	1	1	1.3324	1	1.3324	1.0	True	0.92	2.02
15	93567839	C	T	CHD2	Silent	25	25	50	0.5	2	1	1	1.087	1	1.087	1.0	True	0.92	2.02
15	99507441	A	T	IGF1R	3'UTR	23	19	42	0.4523809523809524	2	1	1	0.9834	1	0.9834	0.9834	True	0.92	2.02
15	101464865	A	C	LRRK1	Missense_Mutation	46	32	78	0.41025641025641024	2	1	1	0.8919	1	0.8919	0.8919	True	0.92	2.02
16	449051	G	A	NME4	Silent	83	68	151	0.4503311258278146	2	1	1	0.979	1	0.979	0.979	True	0.92	2.02
16	733349	C	T	JMJD8	Missense_Mutation	15	14	29	0.4827586206896552	2	1	1	1.0495	1	1.0495	1.0	True	0.92	2.02
16	1435247	G	A	UNKL	Missense_Mutation	5	3	8	0.375	2	1	1	0.8152	1	0.8152	0.8152	False	0.92	2.02
16	1741896	G	A	HN1L	Silent	24	9	33	0.2727272727272727	2	1	1	0.5929	1	0.5929	0.5929	False	0.92	2.02
16	2227411	C	T	CASKIN1	3'UTR	7	7	14	0.5	2	1	1	1.087	1	1.087	1.0	True	0.92	2.02
16	2342142	G	A	ABCA3	Missense_Mutation	23	17	40	0.425	2	1	1	0.9239	1	0.9239	0.9239	True	0.92	2.02
16	2651933	C	T	PDPK1	3'UTR	35	25	60	0.4166666666666667	2	1	1	0.9058	1	0.9058	0.9058	True	0.92	2.02
16	2818179	G	A	SRRM2	Silent	7	10	17	0.5882352941176471	2	1	1	1.2788	1	1.2788	1.0	True	0.92	2.02
16	2820401	C	T	SRRM2	Silent	17	14	31	0.45161290322580644	2	1	1	0.9818	1	0.9818	0.9818	True	0.92	2.02
16	3105782	G	T	MMP25	Intron	29	26	55	0.4727272727272727	2	1	1	1.0277	1	1.0277	1.0	True	0.92	2.02
16	3170124	G	A	ZNF205	Missense_Mutation	25	11	36	0.3055555555555556	2	1	1	0.6643	1	0.6643	0.6643	False	0.92	2.02
16	3639530	C	T	SLX4	Missense_Mutation	21	21	42	0.5	2	1	1	1.087	1	1.087	1.0	True	0.92	2.02
16	3778706	G	A	CREBBP	Silent	5	10	15	0.6666666666666666	2	1	1	1.4493	1	1.4493	1.0	True	0.92	2.02
16	4606608	G	A	C16orf96	Missense_Mutation	8	5	13	0.38461538461538464	2	1	1	0.8361	1	0.8361	0.8361	False	0.92	2.02
16	4930903	C	T	UBN1	3'UTR	8	5	13	0.38461538461538464	2	1	1	0.8361	1	0.8361	0.8361	False	0.92	2.02
16	7726824	G	A	RBFOX1	Missense_Mutation	27	19	46	0.41304347826086957	2	1	1	0.8979	1	0.8979	0.8979	True	0.92	2.02
16	11859528	C	A	ZC3H7A	Missense_Mutation	8	8	16	0.5	2	1	1	1.087	1	1.087	1.0	True	0.92	2.02
16	14340593	C	T	MKL2	Silent	17	15	32	0.46875	2	1	1	1.019	1	1.019	1.0	True	0.92	2.02
16	14676053	T	C	PARN	Missense_Mutation	22	20	42	0.47619047619047616	2	1	1	1.0352	1	1.0352	1.0	True	0.92	2.02
16	15733048	G	A	KIAA0430	Missense_Mutation	29	15	44	0.3409090909090909	2	1	1	0.7411	1	0.7411	0.7411	False	0.92	2.02
16	16162098	T	A	ABCC1	Nonsense_Mutation	21	22	43	0.5116279069767442	2	1	1	1.1122	1	1.1122	1.0	True	0.92	2.02
16	18804289	A	C	ARL6IP1	3'UTR	4	9	13	0.6923076923076923	2	1	1	1.505	1	1.505	1.0	True	0.92	2.02
16	20702373	C	T	ACSM1	Silent	39	15	54	0.2777777777777778	2	1	1	0.6039	1	0.6039	0.6039	False	0.92	2.02
16	21245084	C	T	ANKS4B	Missense_Mutation	14	11	25	0.44	2	1	1	0.9565	1	0.9565	0.9565	True	0.92	2.02
16	22268605	G	A	EEF2K	Missense_Mutation	9	5	14	0.35714285714285715	2	1	1	0.7764	1	0.7764	0.7764	False	0.92	2.02
16	24676296	G	T	AC012317.1	RNA	14	9	23	0.391304347826087	2	1	1	0.8507	1	0.8507	0.8507	True	0.92	2.02
16	24676298	A	T	AC012317.1	RNA	14	10	24	0.4166666666666667	2	1	1	0.9058	1	0.9058	0.9058	True	0.92	2.02
16	27476635	C	T	GTF3C1	Silent	7	5	12	0.4166666666666667	2	1	1	0.9058	1	0.9058	0.9058	True	0.92	2.02
16	28620480	G	A	SULT1A1	Intron	46	21	67	0.31343283582089554	2	1	1	0.6814	1	0.6814	0.6814	False	0.92	2.02
16	28997530	C	A	LAT	Missense_Mutation	14	8	22	0.36363636363636365	2	1	1	0.7905	1	0.7905	0.7905	False	0.92	2.02
16	29883800	C	T	SEZ6L2	Missense_Mutation	14	13	27	0.48148148148148145	2	1	1	1.0467	1	1.0467	1.0	True	0.92	2.02
16	29912785	G	A	ASPHD1	Missense_Mutation	27	28	55	0.509090909090909	2	1	1	1.1067	1	1.1067	1.0	True	0.92	2.02
16	29985796	G	A	TAOK2	5'UTR	17	12	29	0.41379310344827586	2	1	1	0.8996	1	0.8996	0.8996	True	0.92	2.02
16	30133212	G	A	MAPK3	Missense_Mutation	9	5	14	0.35714285714285715	2	1	1	0.7764	1	0.7764	0.7764	False	0.92	2.02
16	31154684	G	A	PRSS36	Missense_Mutation	23	26	49	0.5306122448979592	2	1	1	1.1535	1	1.1535	1.0	True	0.92	2.02
16	48212539	G	A	ABCC11	Missense_Mutation	0	10	10	1.0	1	1	0	1.1739	1	1.1739	1.0	True	0.92	2.02
16	48395082	A	T	SIAH1	3'UTR	1	7	8	0.875	1	1	0	1.0272	1	1.0272	1.0	True	0.92	2.02
16	51174564	A	G	SALL1	Silent	6	16	22	0.7272727272727273	1	1	0	0.8538	1	0.8538	0.8538	True	0.92	2.02
16	54966803	G	T	IRX5	Missense_Mutation	21	5	26	0.19230769230769232	1	1	0	0.2258	1	0.2258	0.2258	False	0.92	2.02
16	56977538	A	G	HERPUD1	3'UTR	6	22	28	0.7857142857142857	1	1	0	0.9224	1	0.9224	0.9224	True	0.92	2.02
16	66822133	A	T	CCDC79	Missense_Mutation	2	12	14	0.8571428571428571	1	1	0	1.0062	1	1.0062	1.0	True	0.92	2.02
16	67978810	G	A	SLC12A4	Missense_Mutation	0	9	9	1.0	1	1	0	1.1739	1	1.1739	1.0	True	0.92	2.02
16	68394553	G	A	SMPD3	3'UTR	1	19	20	0.95	1	1	0	1.1152	1	1.1152	1.0	True	0.92	2.02
16	70721883	C	T	VAC14	Missense_Mutation	0	10	10	1.0	1	1	0	1.1739	1	1.1739	1.0	True	0.92	2.02
16	79631783	C	A	MAF	Intron	0	11	11	1.0	1	1	0	1.1739	1	1.1739	1.0	True	0.92	2.02
16	83378566	C	T	CDH13	Missense_Mutation	1	9	10	0.9	1	1	0	1.0565	1	1.0565	1.0	True	0.92	2.02
16	84215460	G	A	TAF1C	Missense_Mutation	3	8	11	0.7272727272727273	1	1	0	0.8538	1	0.8538	0.8538	True	0.92	2.02
16	88809408	C	A	PIEZO1	Intron	2	16	18	0.8888888888888888	1	1	0	1.0435	1	1.0435	1.0	True	0.92	2.02
17	1268351	T	C	YWHAE	Silent	13	14	27	0.5185185185185185	2	1	1	1.1272	1	1.1272	1.0	True	0.92	2.02
17	1838574	C	A	RTN4RL1	3'UTR	17	16	33	0.48484848484848486	2	1	1	1.054	1	1.054	1.0	True	0.92	2.02
17	2597821	G	A	CLUH	Nonsense_Mutation	16	9	25	0.36	2	1	1	0.7826	1	0.7826	0.7826	False	0.92	2.02
17	3990780	C	T	ZZEF1	Missense_Mutation	10	7	17	0.4117647058823529	2	1	1	0.8951	1	0.8951	0.8951	True	0.92	2.02
17	6328936	C	T	AIPL1	Silent	145	105	250	0.42	2	1	1	0.913	1	0.913	0.913	True	0.92	2.02
17	6927570	C	A	BCL6B	Silent	18	17	35	0.4857142857142857	2	1	1	1.0559	1	1.0559	1.0	True	0.92	2.02
17	7296151	G	C	TMEM256-PLSCR3	Missense_Mutation	21	22	43	0.5116279069767442	2	1	1	1.1122	1	1.1122	1.0	True	0.92	2.02
17	7756615	C	T	KDM6B	Missense_Mutation	4	7	11	0.6363636363636364	2	1	1	1.3834	1	1.3834	1.0	True	0.92	2.02
17	7757958	C	T	KDM6B	3'UTR	11	7	18	0.3888888888888889	2	1	1	0.8454	1	0.8454	0.8454	False	0.92	2.02
17	8170429	G	A	PFAS	Silent	20	10	30	0.3333333333333333	2	1	1	0.7246	1	0.7246	0.7246	False	0.92	2.02
17	8644941	G	A	CCDC42	Nonsense_Mutation	8	10	18	0.5555555555555556	2	1	1	1.2077	1	1.2077	1.0	True	0.92	2.02
17	9680515	G	A	DHRS7C	Missense_Mutation	19	10	29	0.3448275862068966	2	1	1	0.7496	1	0.7496	0.7496	False	0.92	2.02
17	10222426	C	T	MYH13	Missense_Mutation	30	24	54	0.4444444444444444	2	1	1	0.9662	1	0.9662	0.9662	True	0.92	2.02
17	10253883	G	A	MYH13	Silent	20	19	39	0.48717948717948717	2	1	1	1.0591	1	1.0591	1.0	True	0.92	2.02
17	10357186	G	A	MYH4	Missense_Mutation	52	47	99	0.47474747474747475	2	1	1	1.0321	1	1.0321	1.0	True	0.92	2.02
17	10535939	C	T	MYH3	Missense_Mutation	12	12	24	0.5	2	1	1	1.087	1	1.087	1.0	True	0.92	2.02
17	15234742	G	A	TEKT3	Missense_Mutation	28	15	43	0.3488372093023256	2	1	1	0.7583	1	0.7583	0.7583	False	0.92	2.02
17	15928427	G	T	TTC19	Missense_Mutation	9	6	15	0.4	2	1	1	0.8696	1	0.8696	0.8696	True	0.92	2.02
17	15929928	G	A	TTC19	Missense_Mutation	17	12	29	0.41379310344827586	2	1	1	0.8996	1	0.8996	0.8996	True	0.92	2.02
17	16029514	C	T	NCOR1	Missense_Mutation	17	19	36	0.5277777777777778	2	1	1	1.1473	1	1.1473	1.0	True	0.92	2.02
17	16323455	G	A	TRPV2	Missense_Mutation	18	23	41	0.5609756097560976	2	1	1	1.2195	1	1.2195	1.0	True	0.92	2.02
17	18023441	G	A	MYO15A	Missense_Mutation	13	9	22	0.4090909090909091	2	1	1	0.8893	1	0.8893	0.8893	True	0.92	2.02
17	18390972	C	T	LGALS9C	Silent	58	8	66	0.12121212121212122	2	1	1	0.2635	1	0.2635	0.2635	False	0.92	2.02
17	21322832	G	A	KCNJ12	3'UTR	22	25	47	0.5319148936170213	2	1	1	1.1563	1	1.1563	1.0	True	0.92	2.02
17	26107856	C	T	NOS2	Missense_Mutation	17	10	27	0.37037037037037035	2	1	1	0.8052	1	0.8052	0.8052	False	0.92	2.02
17	26874690	C	T	UNC119	Intron	13	9	22	0.4090909090909091	2	1	1	0.8893	1	0.8893	0.8893	True	0.92	2.02
17	26919411	G	A	SPAG5	Missense_Mutation	13	12	25	0.48	2	1	1	1.0435	1	1.0435	1.0	True	0.92	2.02
17	26976198	G	A	SDF2	Missense_Mutation	8	6	14	0.42857142857142855	2	1	1	0.9317	1	0.9317	0.9317	True	0.92	2.02
17	33750068	G	A	SLFN12	5'UTR	5	6	11	0.5454545454545454	2	1	1	1.1858	1	1.1858	1.0	True	0.92	2.02
17	38191566	G	A	MED24	Silent	21	18	39	0.46153846153846156	2	1	1	1.0033	1	1.0033	1.0	True	0.92	2.02
17	39203463	G	A	KRTAP2-1	Silent	27	13	40	0.325	2	1	1	0.7065	1	0.7065	0.7065	False	0.92	2.02
17	39879930	C	T	HAP1	3'UTR	10	3	13	0.23076923076923078	2	1	1	0.5017	1	0.5017	0.5017	False	0.92	2.02
17	40717688	C	T	COASY	Silent	15	12	27	0.4444444444444444	2	1	1	0.9662	1	0.9662	0.9662	True	0.92	2.02
17	41142901	C	T	RUNDC1	Missense_Mutation	8	4	12	0.3333333333333333	2	1	1	0.7246	1	0.7246	0.7246	False	0.92	2.02
17	42635506	C	T	FZD2	Silent	6	3	9	0.3333333333333333	2	1	1	0.7246	1	0.7246	0.7246	False	0.92	2.02
17	42635743	G	A	FZD2	Silent	16	11	27	0.4074074074074074	2	1	1	0.8857	1	0.8857	0.8857	True	0.92	2.02
17	42756403	G	A	CCDC43	Nonsense_Mutation	17	15	32	0.46875	2	1	1	1.019	1	1.019	1.0	True	0.92	2.02
17	42991395	C	T	GFAP	Splice_Site	36	26	62	0.41935483870967744	2	1	1	0.9116	1	0.9116	0.9116	True	0.92	2.02
17	43101795	G	A	DCAKD	3'UTR	11	12	23	0.5217391304347826	2	1	1	1.1342	1	1.1342	1.0	True	0.92	2.02
17	47132343	T	G	IGF2BP1	3'UTR	85	74	159	0.46540880503144655	2	1	1	1.0118	1	1.0118	1.0	True	0.92	2.02
17	48156520	C	T	ITGA3	Silent	7	11	18	0.6111111111111112	2	1	1	1.3285	1	1.3285	1.0	True	0.92	2.02
17	49731014	A	G	CA10	Silent	40	33	73	0.4520547945205479	2	1	1	0.9827	1	0.9827	0.9827	True	0.92	2.02
17	53398393	C	T	HLF	3'UTR	37	4	41	0.0975609756097561	2	1	1	0.2121	1	0.2121	0.2121	False	0.92	2.02
17	54925388	G	T	DGKE	Missense_Mutation	44	51	95	0.5368421052631579	2	1	1	1.167	1	1.167	1.0	True	0.92	2.02
17	56620973	C	T	C17orf47	Missense_Mutation	28	19	47	0.40425531914893614	2	1	1	0.8788	1	0.8788	0.8788	True	0.92	2.02
17	56770047	G	A	RAD51C	Missense_Mutation	7	6	13	0.46153846153846156	2	1	1	1.0033	1	1.0033	1.0	True	0.92	2.02
17	65850491	A	C	BPTF	Missense_Mutation	26	17	43	0.3953488372093023	2	1	1	0.8595	1	0.8595	0.8595	True	0.92	2.02
17	66039262	G	A	KPNA2	Missense_Mutation	34	23	57	0.40350877192982454	2	1	1	0.8772	1	0.8772	0.8772	True	0.92	2.02
17	66042012	T	C	KPNA2	Missense_Mutation	37	24	61	0.39344262295081966	2	1	1	0.8553	1	0.8553	0.8553	True	0.92	2.02
17	72522034	G	A	CD300LB	Missense_Mutation	71	7	78	0.08974358974358974	2	1	1	0.1951	1	0.1951	0.1951	False	0.92	2.02
17	73316505	C	A	GRB2	Missense_Mutation	36	7	43	0.16279069767441862	2	1	1	0.3539	1	0.3539	0.3539	False	0.92	2.02
17	73621950	G	A	RECQL5	3'Flank	18	20	38	0.5263157894736842	2	1	1	1.1442	1	1.1442	1.0	True	0.92	2.02
17	73695894	G	A	SAP30BP	Silent	10	15	25	0.6	2	1	1	1.3043	1	1.3043	1.0	True	0.92	2.02
17	73702666	C	T	SAP30BP	3'UTR	3	5	8	0.625	2	1	1	1.3587	1	1.3587	1.0	True	0.92	2.02
17	73887245	G	A	TRIM65	Missense_Mutation	43	27	70	0.38571428571428573	2	1	1	0.8385	1	0.8385	0.8385	False	0.92	2.02
17	76497340	G	A	DNAH17	Silent	15	12	27	0.4444444444444444	2	1	1	0.9662	1	0.9662	0.9662	True	0.92	2.02
17	76521184	G	C	DNAH17	Silent	21	21	42	0.5	2	1	1	1.087	1	1.087	1.0	True	0.92	2.02
17	76799882	G	A	USP36	Missense_Mutation	26	16	42	0.38095238095238093	2	1	1	0.8282	1	0.8282	0.8282	False	0.92	2.02
17	77709349	G	A	ENPP7	Missense_Mutation	7	6	13	0.46153846153846156	2	1	1	1.0033	1	1.0033	1.0	True	0.92	2.02
17	78317739	G	A	RNF213	Missense_Mutation	19	24	43	0.5581395348837209	2	1	1	1.2133	1	1.2133	1.0	True	0.92	2.02
17	79632466	G	A	OXLD1	Missense_Mutation	26	26	52	0.5	2	1	1	1.087	1	1.087	1.0	True	0.92	2.02
17	80788230	C	T	ZNF750	Missense_Mutation	11	9	20	0.45	2	1	1	0.9783	1	0.9783	0.9783	True	0.92	2.02
17	80788473	G	A	ZNF750	Nonsense_Mutation	18	17	35	0.4857142857142857	2	1	1	1.0559	1	1.0559	1.0	True	0.92	2.02
18	3277847	G	T	MYL12B	Missense_Mutation	25	26	51	0.5098039215686274	2	1	1	1.1083	1	1.1083	1.0	True	0.92	2.02
18	5891583	C	T	TMEM200C	Silent	10	10	20	0.5	2	1	1	1.087	1	1.087	1.0	True	0.92	2.02
18	7080371	G	A	LAMA1	Silent	6	14	20	0.7	2	1	1	1.5217	1	1.5217	1.0	True	0.92	2.02
18	8784699	T	C	SOGA2	Missense_Mutation	21	8	29	0.27586206896551724	2	1	1	0.5997	1	0.5997	0.5997	False	0.92	2.02
18	10803916	C	T	PIEZO2	Missense_Mutation	11	12	23	0.5217391304347826	2	1	1	1.1342	1	1.1342	1.0	True	0.92	2.02
18	12122415	A	G	ANKRD62	Missense_Mutation	27	25	52	0.4807692307692308	2	1	1	1.0452	1	1.0452	1.0	True	0.92	2.02
18	15323273	G	C	RNU6-721P	5'Flank	96	23	119	0.19327731092436976	2	1	1	0.4202	1	0.4202	0.4202	False	0.92	2.02
18	19994620	C	T	CTAGE1	3'UTR	8	9	17	0.5294117647058824	2	1	1	1.1509	1	1.1509	1.0	True	0.92	2.02
18	21422384	T	C	LAMA3	Missense_Mutation	22	14	36	0.3888888888888889	2	1	1	0.8454	1	0.8454	0.8454	False	0.92	2.02
18	28906881	A	G	DSG1	Silent	9	8	17	0.47058823529411764	2	1	1	1.023	1	1.023	1.0	True	0.92	2.02
18	29118889	C	T	DSG2	Silent	11	5	16	0.3125	2	1	1	0.6793	1	0.6793	0.6793	False	0.92	2.02
18	29125689	G	A	DSG2	Silent	10	12	22	0.5454545454545454	2	1	1	1.1858	1	1.1858	1.0	True	0.92	2.02
18	29691817	C	T	RNF138	Missense_Mutation	9	10	19	0.5263157894736842	2	1	1	1.1442	1	1.1442	1.0	True	0.92	2.02
18	34359946	A	G	FHOD3	3'UTR	25	23	48	0.4791666666666667	2	1	1	1.0417	1	1.0417	1.0	True	0.92	2.02
18	39617690	C	T	PIK3C3	Missense_Mutation	32	22	54	0.4074074074074074	2	1	1	0.8857	1	0.8857	0.8857	True	0.92	2.02
18	42281713	G	A	SETBP1	Silent	19	13	32	0.40625	2	1	1	0.8832	1	0.8832	0.8832	True	0.92	2.02
18	43705750	G	A	HAUS1	Missense_Mutation	26	17	43	0.3953488372093023	2	1	1	0.8595	1	0.8595	0.8595	True	0.92	2.02
18	44260253	G	A	ST8SIA5	Missense_Mutation	8	5	13	0.38461538461538464	2	1	1	0.8361	1	0.8361	0.8361	False	0.92	2.02
18	45555760	C	T	ZBTB7C	Silent	18	15	33	0.45454545454545453	2	1	1	0.9881	1	0.9881	0.9881	True	0.92	2.02
18	47810277	C	T	CXXC1	Missense_Mutation	9	7	16	0.4375	2	1	1	0.9511	1	0.9511	0.9511	True	0.92	2.02
18	59195269	C	T	CDH20	Missense_Mutation	26	29	55	0.5272727272727272	2	1	1	1.1462	1	1.1462	1.0	True	0.92	2.02
18	61324205	T	C	SERPINB3	Missense_Mutation	40	4	44	0.09090909090909091	2	1	1	0.1976	1	0.1976	0.1976	False	0.92	2.02
18	61324206	G	A	SERPINB3	Silent	39	4	43	0.09302325581395349	2	1	1	0.2022	1	0.2022	0.2022	False	0.92	2.02
18	66678200	T	A	CCDC102B	Nonsense_Mutation	8	3	11	0.2727272727272727	2	1	1	0.5929	1	0.5929	0.5929	False	0.92	2.02
19	362293	G	A	THEG	Silent	4	42	46	0.9130434782608695	2	2	0	1.9849	2	0.9924	0.9924	True	0.92	2.02
19	617288	A	G	POLRMT	Missense_Mutation	57	5	62	0.08064516129032258	2	2	0	0.1753	1	0.1753	0.1753	False	0.92	2.02
19	1393349	G	A	NDUFS7	Intron	14	14	28	0.5	2	2	0	1.087	1	1.087	1.0	True	0.92	2.02
19	1575128	C	T	MBD3	3'Flank	8	61	69	0.8840579710144928	2	2	0	1.9219	2	0.9609	0.9609	True	0.92	2.02
19	1816784	G	A	REXO1	Missense_Mutation	17	10	27	0.37037037037037035	2	2	0	0.8052	1	0.8052	0.8052	False	0.92	2.02
19	2271880	C	T	OAZ1	Nonsense_Mutation	12	17	29	0.5862068965517241	2	2	0	1.2744	1	1.2744	1.0	True	0.92	2.02
19	7914887	C	T	EVI5L	Missense_Mutation	31	38	69	0.5507246376811594	2	2	0	1.1972	1	1.1972	1.0	True	0.92	2.02
19	7923203	C	T	EVI5L	Silent	15	20	35	0.5714285714285714	2	2	0	1.2422	1	1.2422	1.0	True	0.92	2.02
19	10942234	A	G	DNM2	3'UTR	14	14	28	0.5	2	2	0	1.087	1	1.087	1.0	True	0.92	2.02
19	13058786	T	C	RAD23A	Missense_Mutation	13	16	29	0.5517241379310345	2	1	1	1.1994	1	1.1994	1.0	True	0.92	2.02
19	14551088	C	T	PKN1	5'UTR	18	32	50	0.64	2	1	1	1.3913	1	1.3913	1.0	True	0.92	2.02
19	15770059	C	T	CYP4F3	Missense_Mutation	51	22	73	0.3013698630136986	2	1	1	0.6552	1	0.6552	0.6552	False	0.92	2.02
19	15989717	G	A	CYP4F2	Missense_Mutation	103	20	123	0.16260162601626016	2	1	1	0.3535	1	0.3535	0.3535	False	0.92	2.02
19	16631674	G	A	CHERP	Missense_Mutation	21	11	32	0.34375	2	1	1	0.7473	1	0.7473	0.7473	False	0.92	2.02
19	17488060	C	A	PLVAP	Missense_Mutation	11	7	18	0.3888888888888889	2	1	1	0.8454	1	0.8454	0.8454	False	0.92	2.02
19	18121158	C	T	ARRDC2	Missense_Mutation	18	16	34	0.47058823529411764	2	1	1	1.023	1	1.023	1.0	True	0.92	2.02
19	18183110	G	A	IL12RB1	Missense_Mutation	14	9	23	0.391304347826087	2	1	1	0.8507	1	0.8507	0.8507	True	0.92	2.02
19	18274096	C	T	PIK3R2	Silent	13	9	22	0.4090909090909091	2	1	1	0.8893	1	0.8893	0.8893	True	0.92	2.02
19	18703011	G	A	C19orf60	3'UTR	7	3	10	0.3	2	1	1	0.6522	1	0.6522	0.6522	False	0.92	2.02
19	19153613	C	T	ARMC6	Silent	13	13	26	0.5	2	1	1	1.087	1	1.087	1.0	True	0.92	2.02
19	19309965	C	T	RFXANK	Nonsense_Mutation	11	20	31	0.6451612903225806	2	1	1	1.4025	1	1.4025	1.0	True	0.92	2.02
19	21587988	C	A	ZNF493	Missense_Mutation	88	11	99	0.1111111111111111	2	1	1	0.2415	1	0.2415	0.2415	False	0.92	2.02
19	30020886	C	T	VSTM2B	Missense_Mutation	5	3	8	0.375	2	1	1	0.8152	1	0.8152	0.8152	False	0.92	2.02
19	33512499	A	C	RHPN2	Missense_Mutation	15	13	28	0.4642857142857143	2	1	1	1.0093	1	1.0093	1.0	True	0.92	2.02
19	35941124	G	A	FFAR2	Missense_Mutation	20	29	49	0.5918367346938775	2	1	1	1.2866	1	1.2866	1.0	True	0.92	2.02
19	36221504	C	T	KMT2B	Missense_Mutation	22	29	51	0.5686274509803921	2	1	1	1.2361	1	1.2361	1.0	True	0.92	2.02
19	36223786	A	C	KMT2B	Missense_Mutation	6	5	11	0.45454545454545453	2	1	1	0.9881	1	0.9881	0.9881	True	0.92	2.02
19	36228077	A	G	KMT2B	Missense_Mutation	13	13	26	0.5	2	1	1	1.087	1	1.087	1.0	True	0.92	2.02
19	36234944	G	A	U2AF1L4	Intron	6	3	9	0.3333333333333333	2	1	1	0.7246	1	0.7246	0.7246	False	0.92	2.02
19	36632054	C	T	CAPNS1	Silent	8	7	15	0.4666666666666667	2	1	1	1.0145	1	1.0145	1.0	True	0.92	2.02
19	38573470	A	G	SIPA1L3	Missense_Mutation	6	4	10	0.4	2	1	1	0.8696	1	0.8696	0.8696	True	0.92	2.02
19	38778526	G	A	SPINT2	Silent	22	13	35	0.37142857142857144	2	1	1	0.8075	1	0.8075	0.8075	False	0.92	2.02
19	38847381	G	A	CATSPERG	Splice_Site	25	24	49	0.4897959183673469	2	1	1	1.0648	1	1.0648	1.0	True	0.92	2.02
19	39329111	G	A	HNRNPL	Missense_Mutation	20	29	49	0.5918367346938775	2	1	1	1.2866	1	1.2866	1.0	True	0.92	2.02
19	39688694	C	T	NCCRP1	Silent	23	21	44	0.4772727272727273	2	1	1	1.0375	1	1.0375	1.0	True	0.92	2.02
19	39912850	A	G	PLEKHG2	Silent	21	6	27	0.2222222222222222	2	1	1	0.4831	1	0.4831	0.4831	False	0.92	2.02
19	40030266	T	C	EID2	Missense_Mutation	7	8	15	0.5333333333333333	2	1	1	1.1594	1	1.1594	1.0	True	0.92	2.02
19	40275193	C	T	LEUTX	5'UTR	6	3	9	0.3333333333333333	2	1	1	0.7246	1	0.7246	0.7246	False	0.92	2.02
19	40827075	C	T	C19orf47	3'UTR	11	8	19	0.42105263157894735	2	1	1	0.9153	1	0.9153	0.9153	True	0.92	2.02
19	40895722	G	A	HIPK4	Missense_Mutation	17	27	44	0.6136363636363636	2	1	1	1.334	1	1.334	1.0	True	0.92	2.02
19	40953909	G	A	BLVRB	Nonsense_Mutation	14	20	34	0.5882352941176471	2	1	1	1.2788	1	1.2788	1.0	True	0.92	2.02
19	41704716	C	T	CYP2S1	Nonsense_Mutation	11	11	22	0.5	2	1	1	1.087	1	1.087	1.0	True	0.92	2.02
19	41932349	G	A	B3GNT8	Missense_Mutation	8	14	22	0.6363636363636364	2	1	1	1.3834	1	1.3834	1.0	True	0.92	2.02
19	42407466	C	A	ARHGEF1	Missense_Mutation	13	11	24	0.4583333333333333	2	1	1	0.9964	1	0.9964	0.9964	True	0.92	2.02
19	43031466	C	T	CEACAM1	Missense_Mutation	64	46	110	0.41818181818181815	2	1	1	0.9091	1	0.9091	0.9091	True	0.92	2.02
19	44679719	C	T	ZNF226	Nonsense_Mutation	29	6	35	0.17142857142857143	2	1	1	0.3727	1	0.3727	0.3727	False	0.92	2.02
19	44777068	T	C	ZNF233	Silent	18	12	30	0.4	2	1	1	0.8696	1	0.8696	0.8696	True	0.92	2.02
19	45368719	C	T	PVRL2	Missense_Mutation	16	8	24	0.3333333333333333	2	1	1	0.7246	1	0.7246	0.7246	False	0.92	2.02
19	45976696	A	G	FOSB	3'UTR	49	25	74	0.33783783783783783	2	1	1	0.7344	1	0.7344	0.7344	False	0.92	2.02
19	46215604	C	T	FBXO46	Missense_Mutation	6	3	9	0.3333333333333333	2	1	1	0.7246	1	0.7246	0.7246	False	0.92	2.02
19	47260044	T	C	FKRP	Missense_Mutation	25	16	41	0.3902439024390244	2	1	1	0.8484	1	0.8484	0.8484	False	0.92	2.02
19	47570982	C	T	ZC3H4	Missense_Mutation	6	10	16	0.625	2	1	1	1.3587	1	1.3587	1.0	True	0.92	2.02
19	49142597	G	T	CA11	Missense_Mutation	10	12	22	0.5454545454545454	2	1	1	1.1858	1	1.1858	1.0	True	0.92	2.02
19	49564695	C	T	NTF4	Missense_Mutation	26	32	58	0.5517241379310345	2	1	1	1.1994	1	1.1994	1.0	True	0.92	2.02
19	50118134	A	T	PRR12	Missense_Mutation	34	24	58	0.41379310344827586	2	1	1	0.8996	1	0.8996	0.8996	True	0.92	2.02
19	50189914	C	T	PRMT1	Silent	17	3	20	0.15	2	1	1	0.3261	1	0.3261	0.3261	False	0.92	2.02
19	51986528	G	A	CEACAM18	Missense_Mutation	13	20	33	0.6060606060606061	2	1	1	1.3175	1	1.3175	1.0	True	0.92	2.02
19	53645037	G	A	ZNF347	Silent	23	11	34	0.3235294117647059	2	1	1	0.7033	1	0.7033	0.7033	False	0.92	2.02
19	53668152	T	C	ZNF665	Missense_Mutation	51	8	59	0.13559322033898305	2	1	1	0.2948	1	0.2948	0.2948	False	0.92	2.02
19	54973710	C	T	LENG9	Missense_Mutation	36	18	54	0.3333333333333333	2	1	1	0.7246	1	0.7246	0.7246	False	0.92	2.02
19	56001016	C	T	SSC5D	Silent	5	5	10	0.5	2	1	1	1.087	1	1.087	1.0	True	0.92	2.02
19	56463934	T	C	NLRP8	Missense_Mutation	28	5	33	0.15151515151515152	2	1	1	0.3294	1	0.3294	0.3294	False	0.92	2.02
19	58851050	G	A	ZSCAN22	3'UTR	24	20	44	0.45454545454545453	2	1	1	0.9881	1	0.9881	0.9881	True	0.92	2.02
19	58967841	C	T	ZNF324B	Silent	10	6	16	0.375	2	1	1	0.8152	1	0.8152	0.8152	False	0.92	2.02
19	59081840	T	C	MZF1	Missense_Mutation	26	25	51	0.49019607843137253	2	1	1	1.0656	1	1.0656	1.0	True	0.92	2.02
20	333887	C	T	NRSN2	Silent	20	5	25	0.2	2	1	1	0.4348	1	0.4348	0.4348	False	0.92	2.02
20	377049	G	A	TRIB3	Silent	14	11	25	0.44	2	1	1	0.9565	1	0.9565	0.9565	True	0.92	2.02
20	858923	C	T	ANGPT4	Silent	13	11	24	0.4583333333333333	2	1	1	0.9964	1	0.9964	0.9964	True	0.92	2.02
20	21687222	G	A	PAX1	Missense_Mutation	25	17	42	0.40476190476190477	2	1	1	0.8799	1	0.8799	0.8799	True	0.92	2.02
20	23065950	G	A	CD93	Silent	63	6	69	0.08695652173913043	2	1	1	0.189	1	0.189	0.189	False	0.92	2.02
20	23334963	C	A	NXT1	Silent	21	15	36	0.4166666666666667	2	1	1	0.9058	1	0.9058	0.9058	True	0.92	2.02
20	23351586	A	G	GZF1	3'UTR	27	29	56	0.5178571428571429	2	1	1	1.1258	1	1.1258	1.0	True	0.92	2.02
20	23807294	C	T	CST2	Missense_Mutation	10	16	26	0.6153846153846154	2	1	1	1.3378	1	1.3378	1.0	True	0.92	2.02
20	31575493	G	A	SUN5	Silent	13	11	24	0.4583333333333333	2	1	1	0.9964	1	0.9964	0.9964	True	0.92	2.02
20	33734987	G	T	EDEM2	Silent	5	5	10	0.5	2	1	1	1.087	1	1.087	1.0	True	0.92	2.02
20	35689531	T	C	RBL1	Missense_Mutation	40	7	47	0.14893617021276595	2	1	1	0.3238	1	0.3238	0.3238	False	0.92	2.02
20	39802903	G	A	PLCG1	Missense_Mutation	9	17	26	0.6538461538461539	2	1	1	1.4214	1	1.4214	1.0	True	0.92	2.02
20	40102044	G	A	CHD6	Missense_Mutation	26	26	52	0.5	2	1	1	1.087	1	1.087	1.0	True	0.92	2.02
20	43547903	T	C	PABPC1L	Silent	10	11	21	0.5238095238095238	2	1	1	1.1387	1	1.1387	1.0	True	0.92	2.02
20	46295073	C	A	SULF2	Missense_Mutation	31	5	36	0.1388888888888889	2	1	1	0.3019	1	0.3019	0.3019	False	0.92	2.02
20	47855574	G	A	DDX27	Missense_Mutation	15	17	32	0.53125	2	1	1	1.1549	1	1.1549	1.0	True	0.92	2.02
20	48697864	T	C	UBE2V1	3'UTR	16	11	27	0.4074074074074074	2	1	1	0.8857	1	0.8857	0.8857	True	0.92	2.02
20	57576672	G	A	CTSZ	Missense_Mutation	21	10	31	0.3225806451612903	2	1	1	0.7013	1	0.7013	0.7013	False	0.92	2.02
20	58519515	C	T	FAM217B	Nonsense_Mutation	12	12	24	0.5	2	1	1	1.087	1	1.087	1.0	True	0.92	2.02
20	61040483	G	A	GATA5	Silent	44	33	77	0.42857142857142855	2	1	1	0.9317	1	0.9317	0.9317	True	0.92	2.02
20	61431772	G	C	MRGBP	3'UTR	33	33	66	0.5	2	1	1	1.087	1	1.087	1.0	True	0.92	2.02
20	61512277	G	A	DIDO1	Silent	10	8	18	0.4444444444444444	2	1	1	0.9662	1	0.9662	0.9662	True	0.92	2.02
20	61594946	G	A	SLC17A9	Missense_Mutation	15	15	30	0.5	2	1	1	1.087	1	1.087	1.0	True	0.92	2.02
20	61918179	G	A	ARFGAP1	Intron	35	19	54	0.35185185185185186	2	1	1	0.7649	1	0.7649	0.7649	False	0.92	2.02
21	18924254	T	G	CXADR	Missense_Mutation	19	18	37	0.4864864864864865	2	1	1	1.0576	1	1.0576	1.0	True	0.92	2.02
21	22656721	G	A	NCAM2	Splice_Site	26	13	39	0.3333333333333333	2	1	1	0.7246	1	0.7246	0.7246	False	0.92	2.02
21	22910547	A	G	NCAM2	3'UTR	16	13	29	0.4482758620689655	2	1	1	0.9745	1	0.9745	0.9745	True	0.92	2.02
21	28304320	T	C	ADAMTS5	Intron	36	21	57	0.3684210526315789	2	1	1	0.8009	1	0.8009	0.8009	False	0.92	2.02
21	40765093	C	T	WRB	Missense_Mutation	47	36	83	0.43373493975903615	2	1	1	0.9429	1	0.9429	0.9429	True	0.92	2.02
21	42767642	A	G	MX2	Missense_Mutation	26	22	48	0.4583333333333333	2	1	1	0.9964	1	0.9964	0.9964	True	0.92	2.02
21	43171394	A	G	RIPK4	Silent	14	11	25	0.44	2	1	1	0.9565	1	0.9565	0.9565	True	0.92	2.02
21	43259769	C	T	PRDM15	Silent	29	17	46	0.3695652173913043	2	1	1	0.8034	1	0.8034	0.8034	False	0.92	2.02
21	44514659	C	A	U2AF1	Missense_Mutation	19	19	38	0.5	2	1	1	1.087	1	1.087	1.0	True	0.92	2.02
21	45736366	G	A	PFKL	Missense_Mutation	19	23	42	0.5476190476190477	2	1	1	1.1905	1	1.1905	1.0	True	0.92	2.02
21	45993924	C	T	KRTAP10-4	Silent	108	13	121	0.10743801652892562	2	1	1	0.2336	1	0.2336	0.2336	False	0.92	2.02
21	46117945	G	A	KRTAP10-12	3'UTR	16	16	32	0.5	2	1	1	1.087	1	1.087	1.0	True	0.92	2.02
21	46900431	G	A	COL18A1	Silent	21	20	41	0.4878048780487805	2	1	1	1.0604	1	1.0604	1.0	True	0.92	2.02
21	46951346	C	T	SLC19A1	Silent	40	20	60	0.3333333333333333	2	1	1	0.7246	1	0.7246	0.7246	False	0.92	2.02
21	46951855	G	A	SLC19A1	Missense_Mutation	6	5	11	0.45454545454545453	2	1	1	0.9881	1	0.9881	0.9881	True	0.92	2.02
21	47971818	G	A	DIP2A	Splice_Site	3	7	10	0.7	2	1	1	1.5217	1	1.5217	1.0	True	0.92	2.02
22	22988955	G	A	GGTLC2	Missense_Mutation	44	22	66	0.3333333333333333	2	1	1	0.7246	1	0.7246	0.7246	False	0.92	2.02
22	26688852	C	T	SEZ6L	Missense_Mutation	12	5	17	0.29411764705882354	2	1	1	0.6394	1	0.6394	0.6394	False	0.92	2.02
22	26736598	G	T	SEZ6L	Nonsense_Mutation	22	18	40	0.45	2	1	1	0.9783	1	0.9783	0.9783	True	0.92	2.02
22	26860120	C	T	HPS4	Silent	18	9	27	0.3333333333333333	2	1	1	0.7246	1	0.7246	0.7246	False	0.92	2.02
22	28394744	C	T	TTC28	Missense_Mutation	13	13	26	0.5	2	1	1	1.087	1	1.087	1.0	True	0.92	2.02
22	29444453	G	A	ZNRF3	Missense_Mutation	12	15	27	0.5555555555555556	2	1	1	1.2077	1	1.2077	1.0	True	0.92	2.02
22	30416232	G	T	MTMR3	Missense_Mutation	25	3	28	0.10714285714285714	2	1	1	0.2329	1	0.2329	0.2329	False	0.92	2.02
22	36902348	G	A	FOXRED2	Missense_Mutation	5	10	15	0.6666666666666666	2	1	1	1.4493	1	1.4493	1.0	True	0.92	2.02
22	40727676	A	C	TNRC6B	3'UTR	29	4	33	0.12121212121212122	2	1	1	0.2635	1	0.2635	0.2635	False	0.92	2.02
22	40757528	G	A	ADSL	Missense_Mutation	5	12	17	0.7058823529411765	2	1	1	1.5345	1	1.5345	1.0	True	0.92	2.02
22	41252553	G	C	ST13	5'UTR	31	20	51	0.39215686274509803	2	1	1	0.8525	1	0.8525	0.8525	True	0.92	2.02
22	42273264	C	T	SREBF2	Missense_Mutation	36	21	57	0.3684210526315789	2	1	1	0.8009	1	0.8009	0.8009	False	0.92	2.02
22	43455439	A	G	TTLL1	Missense_Mutation	31	21	52	0.40384615384615385	2	1	1	0.8779	1	0.8779	0.8779	True	0.92	2.02
22	50547222	G	A	MOV10L1	Missense_Mutation	18	10	28	0.35714285714285715	2	1	1	0.7764	1	0.7764	0.7764	False	0.92	2.02
22	50655553	C	T	SELO	Missense_Mutation	9	12	21	0.5714285714285714	2	1	1	1.2422	1	1.2422	1.0	True	0.92	2.02
22	50659243	C	T	TUBGCP6	Missense_Mutation	29	17	46	0.3695652173913043	2	1	1	0.8034	1	0.8034	0.8034	False	0.92	2.02
X	2825433	G	T	ARSD	Missense_Mutation	43	39	82	0.47560975609756095	2	1	1	1.0339	1	1.0339	1.0	True	0.92	2.02
X	5950736	G	A	NLGN4X	Intron	26	24	50	0.48	2	1	1	1.0435	1	1.0435	1.0	True	0.92	2.02
X	7177748	G	A	STS	Silent	15	8	23	0.34782608695652173	2	1	1	0.7561	1	0.7561	0.7561	False	0.92	2.02
X	9864479	G	A	SHROOM2	Missense_Mutation	11	6	17	0.35294117647058826	2	1	1	0.7673	1	0.7673	0.7673	False	0.92	2.02
X	10085643	C	T	WWC3	Missense_Mutation	2	7	9	0.7777777777777778	2	1	1	1.6908	1	1.6908	1.0	True	0.92	2.02
X	12817383	C	T	PRPS2	Silent	10	21	31	0.6774193548387096	2	1	1	1.4727	1	1.4727	1.0	True	0.92	2.02
X	12817443	G	A	PRPS2	Silent	19	16	35	0.45714285714285713	2	1	1	0.9938	1	0.9938	0.9938	True	0.92	2.02
X	12837706	G	A	PRPS2	Missense_Mutation	13	8	21	0.38095238095238093	2	1	1	0.8282	1	0.8282	0.8282	False	0.92	2.02
X	18917332	C	A	PHKA2	Missense_Mutation	7	8	15	0.5333333333333333	2	1	1	1.1594	1	1.1594	1.0	True	0.92	2.02
X	27839568	G	A	MAGEB10	Missense_Mutation	25	4	29	0.13793103448275862	2	1	1	0.2999	1	0.2999	0.2999	False	0.92	2.02
X	31138363	C	A	DMD	3'UTR	28	21	49	0.42857142857142855	2	1	1	0.9317	1	0.9317	0.9317	True	0.92	2.02
X	38547851	C	A	TSPAN7	3'UTR	31	29	60	0.48333333333333334	2	1	1	1.0507	1	1.0507	1.0	True	0.92	2.02
X	39930316	C	T	BCOR	Missense_Mutation	19	16	35	0.45714285714285713	2	1	1	0.9938	1	0.9938	0.9938	True	0.92	2.02
X	41203326	T	A	DDX3X	Nonsense_Mutation	20	11	31	0.3548387096774194	2	1	1	0.7714	1	0.7714	0.7714	False	0.92	2.02
X	47435566	C	T	SYN1	Silent	17	4	21	0.19047619047619047	2	1	1	0.4141	1	0.4141	0.4141	False	0.92	2.02
X	47489169	T	C	CFP	Silent	12	10	22	0.45454545454545453	2	1	1	0.9881	1	0.9881	0.9881	True	0.92	2.02
X	48979959	G	A	GPKOW	Silent	20	14	34	0.4117647058823529	2	1	1	0.8951	1	0.8951	0.8951	True	0.92	2.02
X	49070713	G	A	CACNA1F	Missense_Mutation	8	5	13	0.38461538461538464	2	1	1	0.8361	1	0.8361	0.8361	False	0.92	2.02
X	53112257	C	A	TSPYL2	Silent	9	5	14	0.35714285714285715	2	1	1	0.7764	1	0.7764	0.7764	False	0.92	2.02
X	54014219	G	A	PHF8	Missense_Mutation	11	10	21	0.47619047619047616	2	1	1	1.0352	1	1.0352	1.0	True	0.92	2.02
X	54223612	C	T	WNK3	3'UTR	28	15	43	0.3488372093023256	2	1	1	0.7583	1	0.7583	0.7583	False	0.92	2.02
X	62857752	G	C	ARHGEF9	3'UTR	58	11	69	0.15942028985507245	2	1	1	0.3466	1	0.3466	0.3466	False	0.92	2.02
X	62857904	G	T	ARHGEF9	3'UTR	35	52	87	0.5977011494252874	2	1	1	1.2994	1	1.2994	1.0	True	0.92	2.02
X	65252401	C	T	VSIG4	Silent	26	23	49	0.46938775510204084	2	1	1	1.0204	1	1.0204	1.0	True	0.92	2.02
X	70387548	C	A	NLGN3	Missense_Mutation	26	19	45	0.4222222222222222	2	1	1	0.9179	1	0.9179	0.9179	True	0.92	2.02
X	70832788	C	T	ACRC	Missense_Mutation	17	12	29	0.41379310344827586	2	1	1	0.8996	1	0.8996	0.8996	True	0.92	2.02
X	71870319	C	T	PHKA1	Splice_Site	28	23	51	0.45098039215686275	2	1	1	0.9804	1	0.9804	0.9804	True	0.92	2.02
X	82763795	G	A	POU3F4	Missense_Mutation	8	8	16	0.5	2	1	1	1.087	1	1.087	1.0	True	0.92	2.02
X	86919876	G	A	KLHL4	Missense_Mutation	31	21	52	0.40384615384615385	2	1	1	0.8779	1	0.8779	0.8779	True	0.92	2.02
X	100087867	A	G	CSTF2	Silent	25	3	28	0.10714285714285714	2	1	1	0.2329	1	0.2329	0.2329	False	0.92	2.02
X	100350305	C	T	TMEM35	3'UTR	17	7	24	0.2916666666666667	2	1	1	0.6341	1	0.6341	0.6341	False	0.92	2.02
X	101408972	T	C	BEX5	Missense_Mutation	22	18	40	0.45	2	1	1	0.9783	1	0.9783	0.9783	True	0.92	2.02
X	102931288	T	C	MORF4L2	Missense_Mutation	20	8	28	0.2857142857142857	2	1	1	0.6211	1	0.6211	0.6211	False	0.92	2.02
X	104464382	C	T	TEX13A	Missense_Mutation	14	9	23	0.391304347826087	2	1	1	0.8507	1	0.8507	0.8507	True	0.92	2.02
X	105922040	C	T	CXorf57	3'UTR	8	7	15	0.4666666666666667	2	1	1	1.0145	1	1.0145	1.0	True	0.92	2.02
X	106840736	C	T	FRMPD3	Missense_Mutation	15	10	25	0.4	2	1	1	0.8696	1	0.8696	0.8696	True	0.92	2.02
X	107304727	G	A	VSIG1	Missense_Mutation	25	24	49	0.4897959183673469	2	1	1	1.0648	1	1.0648	1.0	True	0.92	2.02
X	128599549	C	T	SMARCA1	Missense_Mutation	15	18	33	0.5454545454545454	2	1	1	1.1858	1	1.1858	1.0	True	0.92	2.02
X	133931191	C	A	FAM122B	5'Flank	12	6	18	0.3333333333333333	2	1	1	0.7246	1	0.7246	0.7246	False	0.92	2.02
X	134126459	A	G	SMIM10	3'UTR	67	9	76	0.11842105263157894	2	1	1	0.2574	1	0.2574	0.2574	False	0.92	2.02
X	135322610	G	T	MAP7D3	Missense_Mutation	24	20	44	0.45454545454545453	2	1	1	0.9881	1	0.9881	0.9881	True	0.92	2.02
X	149013013	C	T	MAGEA8	5'UTR	49	47	96	0.4895833333333333	2	1	1	1.0643	1	1.0643	1.0	True	0.92	2.02
X	153582588	C	T	FLNA	Missense_Mutation	21	19	40	0.475	2	1	1	1.0326	1	1.0326	1.0	True	0.92	2.02
X	153716328	C	T	SLC10A3	Missense_Mutation	43	30	73	0.410958904109589	2	1	1	0.8934	1	0.8934	0.8934	True	0.92	2.02
X	155010039	C	T	SPRY3	3'UTR	14	9	23	0.391304347826087	2	1	1	0.8507	1	0.8507	0.8507	True	0.92	2.02
