chr	start	end	WT.count	mut.count	subclonal.CN	nMaj1	nMin1	frac1	nMaj2	nMin2	frac2	phase	mutation.copy.number	subclonal.fraction	no.chrs.bearing.mut
1	981234	981235	34	47	NA	NA	NA	NA	NA	NA	NA	unphased	NA	NA	1
1	1147324	1147325	5	12	NA	NA	NA	NA	NA	NA	NA	unphased	NA	NA	1
1	1149498	1149499	5	10	NA	NA	NA	NA	NA	NA	NA	unphased	NA	NA	1
1	1249312	1249313	48	14	NA	NA	NA	NA	NA	NA	NA	unphased	NA	NA	1
1	2435899	2435900	46	20	NA	NA	NA	NA	NA	NA	NA	unphased	NA	NA	1
1	3668987	3668988	7	8	1.62	2	1	0.31	1	0	0.69	unphased	1.21955555555556	1.21955555555556	1
1	3669271	3669272	63	19	1.62	2	1	0.31	1	0	0.69	unphased	0.529837398373984	0.529837398373984	1
1	3669272	3669273	61	20	1.62	2	1	0.31	1	0	0.69	unphased	0.564609053497942	0.564609053497942	1
1	8927282	8927283	44	52	1.62	2	1	0.31	1	0	0.69	unphased	1.23861111111111	0.945504664970314	1.31
1	11854863	11854864	70	36	1.62	2	1	0.31	1	0	0.69	unphased	0.776603773584906	0.776603773584906	1
1	12144553	12144554	83	13	1.62	2	1	0.31	1	0	0.69	unphased	0.309652777777778	0.998879928315412	0.31
1	12885035	12885036	246	75	1.62	2	1	0.31	1	0	0.69	unphased	0.534267912772586	0.534267912772586	1
1	12939711	12939712	326	142	1.62	2	1	0.31	1	0	0.69	unphased	0.693817663817664	0.693817663817664	1
1	12979698	12979699	153	50	1.62	2	1	0.31	1	0	0.69	unphased	0.563218390804598	0.563218390804598	1
1	16385087	16385088	13	3	4.25	5	1	0.65	1	0	0.35	unphased	0.921875	0.921875	1
1	17323578	17323579	23	43	4.25	5	1	0.65	1	0	0.35	unphased	3.20328282828283	0.970691766146311	3.3
1	17531763	17531764	7	22	4	3	1	1	NA	NA	NA	unphased	3.54022988505747	1.18007662835249	3
1	17552533	17552534	85	32	4	3	1	1	NA	NA	NA	unphased	1.27635327635328	1.27635327635328	1
1	17603296	17603297	17	3	4	3	1	1	NA	NA	NA	unphased	0.7	0.7	1
1	19166518	19166519	127	25	4	3	1	1	NA	NA	NA	unphased	0.767543859649123	0.767543859649123	1
1	21014334	21014335	81	19	4	3	1	1	NA	NA	NA	unphased	0.886666666666667	0.886666666666667	1
1	21220008	21220009	27	58	4	3	1	1	NA	NA	NA	unphased	3.1843137254902	1.06143790849673	3
1	22987435	22987436	56	15	1.68	2	1	0.34	1	0	0.66	unphased	0.495774647887324	1.45816072908036	0.34
1	23688457	23688458	50	10	1.68	2	1	0.34	1	0	0.66	unphased	0.391111111111111	1.15032679738562	0.34
1	26664906	26664907	60	24	2	1	1	1	NA	NA	NA	unphased	0.761904761904762	0.761904761904762	1
1	28816359	28816360	57	26	3	2	1	1	NA	NA	NA	unphased	1.14859437751004	1.14859437751004	1
1	32267263	32267264	51	10	3	2	1	1	NA	NA	NA	unphased	0.601092896174863	0.601092896174863	1
1	33992819	33992820	39	13	3	2	1	1	NA	NA	NA	unphased	0.916666666666667	0.916666666666667	1
1	34192227	34192228	20	28	3	2	1	1	NA	NA	NA	unphased	2.13888888888889	1.06944444444444	2
1	38397620	38397621	30	14	2	1	1	1	NA	NA	NA	unphased	0.848484848484849	0.848484848484849	1
1	40236277	40236278	21	43	5	4	1	1	NA	NA	NA	unphased	3.80729166666667	0.951822916666667	4
1	43241010	43241011	12	52	8	7	1	1	NA	NA	NA	unphased	7.04166666666667	1.00595238095238	7
1	43392631	43392632	15	86	8	7	1	1	NA	NA	NA	unphased	7.37953795379538	1.05421970768505	7
1	43886869	43886870	9	75	8	7	1	1	NA	NA	NA	unphased	7.73809523809524	1.10544217687075	7
1	44086826	44086827	18	158	8	7	1	1	NA	NA	NA	unphased	7.78030303030303	1.11147186147186	7
1	44584644	44584645	13	12	3	2	1	1	NA	NA	NA	unphased	1.76	0.88	2
1	45292948	45292949	38	44	3	2	1	1	NA	NA	NA	unphased	1.96747967479675	0.983739837398374	2
1	55119633	55119634	32	14	2	1	1	1	NA	NA	NA	unphased	0.811594202898551	0.811594202898551	1
1	55512289	55512290	18	15	2	1	1	1	NA	NA	NA	unphased	1.21212121212121	1.21212121212121	1
1	57159455	57159456	30	18	2	1	1	1	NA	NA	NA	unphased	1	1	1
1	64644038	64644039	29	16	2	1	1	1	NA	NA	NA	unphased	0.948148148148148	0.948148148148148	1
1	66999951	66999952	8	6	2	1	1	1	NA	NA	NA	unphased	1.14285714285714	1.14285714285714	1
1	67205119	67205120	19	13	2	1	1	1	NA	NA	NA	unphased	1.08333333333333	1.08333333333333	1
1	70728530	70728531	18	13	2	1	1	1	NA	NA	NA	unphased	1.11827956989247	1.11827956989247	1
1	76262882	76262883	8	5	2	1	1	1	NA	NA	NA	unphased	1.02564102564103	1.02564102564103	1
1	77806059	77806060	37	22	2	1	1	1	NA	NA	NA	unphased	0.994350282485876	0.994350282485876	1
1	78481779	78481780	14	10	2	1	1	1	NA	NA	NA	unphased	1.11111111111111	1.11111111111111	1
1	86308022	86308023	9	4	2	1	1	1	NA	NA	NA	unphased	0.820512820512821	0.820512820512821	1
1	86900348	86900349	53	34	2	1	1	1	NA	NA	NA	unphased	1.04214559386973	1.04214559386973	1
1	101186079	101186080	14	32	1	1	0	1	NA	NA	NA	unphased	1.15942028985507	1.15942028985507	1
1	109737088	109737089	14	34	1	1	0	1	NA	NA	NA	unphased	1.18055555555556	1.18055555555556	1
1	144866592	144866593	221	38	NA	NA	NA	NA	NA	NA	NA	unphased	NA	NA	1
1	145507687	145507688	5	7	NA	NA	NA	NA	NA	NA	NA	unphased	NA	NA	1
1	147090786	147090787	72	17	NA	NA	NA	NA	NA	NA	NA	unphased	NA	NA	1
1	152280876	152280877	386	245	4	2	2	1	NA	NA	NA	unphased	1.81193872160592	0.905969360802958	2
1	154209592	154209593	58	28	6	4	2	1	NA	NA	NA	unphased	2.17054263565892	1.08527131782946	2
1	155019787	155019788	43	28	1.72	2	2	0.24	1	0	0.76	unphased	0.941220657276995	0.941220657276995	1
1	156146584	156146585	65	22	4	3	1	1	NA	NA	NA	unphased	1.18007662835249	1.18007662835249	1
1	156640062	156640063	76	29	3	2	1	1	NA	NA	NA	unphased	1.01269841269841	1.01269841269841	1
1	157062831	157062832	3	7	3	2	1	1	NA	NA	NA	unphased	2.56666666666667	1.28333333333333	2
1	157494194	157494195	49	51	3	2	1	1	NA	NA	NA	unphased	1.87	0.935	2
1	158063179	158063180	99	37	3	2	1	1	NA	NA	NA	unphased	0.997549019607843	0.997549019607843	1
1	158227518	158227519	68	38	4	2	2	1	NA	NA	NA	unphased	1.67295597484277	0.836477987421384	2
1	158516948	158516949	36	22	4	2	2	1	NA	NA	NA	unphased	1.77011494252874	0.885057471264368	2
1	158607981	158607982	20	23	4	2	2	1	NA	NA	NA	unphased	2.49612403100775	1.24806201550388	2
1	158725559	158725560	68	25	3	2	1	1	NA	NA	NA	unphased	0.985663082437276	0.985663082437276	1
1	158735733	158735734	53	63	3	2	1	1	NA	NA	NA	unphased	1.99137931034483	0.995689655172414	2
1	158747145	158747146	78	31	3	2	1	1	NA	NA	NA	unphased	1.04281345565749	1.04281345565749	1
1	159163274	159163275	31	36	3	2	1	1	NA	NA	NA	unphased	1.97014925373134	0.985074626865672	2
1	159166235	159166236	6	11	3	2	1	1	NA	NA	NA	unphased	2.37254901960784	1.18627450980392	2
1	159166836	159166837	22	24	3	2	1	1	NA	NA	NA	unphased	1.91304347826087	0.956521739130435	2
1	159752064	159752065	48	18	3	2	1	1	NA	NA	NA	unphased	1	1	1
1	160281720	160281721	32	7	3	2	1	1	NA	NA	NA	unphased	0.658119658119658	0.658119658119658	1
1	161654834	161654835	9	9	3	2	1	1	NA	NA	NA	unphased	1.83333333333333	0.916666666666667	2
1	161654835	161654836	9	10	3	2	1	1	NA	NA	NA	unphased	1.92982456140351	0.964912280701754	2
1	161683177	161683178	25	11	3	2	1	1	NA	NA	NA	unphased	1.12037037037037	1.12037037037037	1
1	161954922	161954923	7	4	3	2	1	1	NA	NA	NA	unphased	1.33333333333333	1.33333333333333	1
1	162372570	162372571	36	7	3	2	1	1	NA	NA	NA	unphased	0.596899224806202	0.596899224806202	1
1	165175198	165175199	34	39	3	2	1	1	NA	NA	NA	unphased	1.95890410958904	0.979452054794521	2
1	165175219	165175220	40	39	3	2	1	1	NA	NA	NA	unphased	1.81012658227848	0.905063291139241	2
1	166904586	166904587	51	41	3	2	1	1	NA	NA	NA	unphased	1.63405797101449	0.817028985507246	2
1	168282074	168282075	61	13	3	2	1	1	NA	NA	NA	unphased	0.644144144144144	0.644144144144144	1
1	170695467	170695468	48	24	3	2	1	1	NA	NA	NA	unphased	1.22222222222222	1.22222222222222	1
1	171249943	171249944	44	14	3	2	1	1	NA	NA	NA	unphased	0.885057471264368	0.885057471264368	1
1	171621498	171621499	58	23	3	2	1	1	NA	NA	NA	unphased	1.04115226337449	1.04115226337449	1
1	171679937	171679938	56	16	3	2	1	1	NA	NA	NA	unphased	0.814814814814815	0.814814814814815	1
1	175067699	175067700	77	13	4	2	2	1	NA	NA	NA	unphased	0.674074074074074	0.674074074074074	1
1	175348735	175348736	37	16	4	2	2	1	NA	NA	NA	unphased	1.40880503144654	1.40880503144654	1
1	176903308	176903309	25	36	3	2	1	1	NA	NA	NA	unphased	2.16393442622951	1.08196721311475	2
1	176905412	176905413	53	11	3	2	1	1	NA	NA	NA	unphased	0.630208333333333	0.630208333333333	1
1	177030275	177030276	79	98	3	2	1	1	NA	NA	NA	unphased	2.030131826742	1.015065913371	2
1	178427493	178427494	27	31	3	2	1	1	NA	NA	NA	unphased	1.95977011494253	0.979885057471264	2
1	179095710	179095711	67	25	3	2	1	1	NA	NA	NA	unphased	0.996376811594203	0.996376811594203	1
1	179523668	179523669	22	28	3	2	1	1	NA	NA	NA	unphased	2.05333333333333	1.02666666666667	2
1	179982979	179982980	47	7	3	2	1	1	NA	NA	NA	unphased	0.475308641975309	0.475308641975309	1
1	179982980	179982981	47	7	3	2	1	1	NA	NA	NA	unphased	0.475308641975309	0.475308641975309	1
1	180006119	180006120	8	4	3	2	1	1	NA	NA	NA	unphased	1.22222222222222	1.22222222222222	1
1	180062309	180062310	7	12	3	2	1	1	NA	NA	NA	unphased	2.31578947368421	1.15789473684211	2
1	181620492	181620493	59	17	3	2	1	1	NA	NA	NA	unphased	0.820175438596491	0.820175438596491	1
1	181765967	181765968	8	3	3	2	1	1	NA	NA	NA	unphased	1	1	1
1	181767573	181767574	41	43	3	2	1	1	NA	NA	NA	unphased	1.87698412698413	0.938492063492063	2
1	182845283	182845284	44	16	3	2	1	1	NA	NA	NA	unphased	0.977777777777778	0.977777777777778	1
1	186064395	186064396	35	28	4	2	2	1	NA	NA	NA	unphased	2.07407407407407	1.03703703703704	2
1	186120335	186120336	78	26	4	2	2	1	NA	NA	NA	unphased	1.16666666666667	1.16666666666667	1
1	190203588	190203589	46	5	4	3	1	1	NA	NA	NA	unphased	0.457516339869281	0.457516339869281	1
1	192779315	192779316	20	14	3	2	1	1	NA	NA	NA	unphased	1.50980392156863	1.50980392156863	1
1	196227501	196227502	31	16	3	2	1	1	NA	NA	NA	unphased	1.24822695035461	1.24822695035461	1
1	196643000	196643001	71	13	4	2	2	1	NA	NA	NA	unphased	0.722222222222222	0.722222222222222	1
1	196884256	196884257	76	35	4	2	2	1	NA	NA	NA	unphased	1.47147147147147	0.735735735735736	2
1	197026445	197026446	77	23	4	2	2	1	NA	NA	NA	unphased	1.07333333333333	1.07333333333333	1
1	197029494	197029495	37	28	4	2	2	1	NA	NA	NA	unphased	2.01025641025641	1.00512820512821	2
1	197104363	197104364	23	9	4	2	2	1	NA	NA	NA	unphased	1.3125	1.3125	1
1	197390501	197390502	51	34	4	2	2	1	NA	NA	NA	unphased	1.86666666666667	0.933333333333333	2
1	198703511	198703512	225	142	4	2	2	1	NA	NA	NA	unphased	1.80563124432334	0.902815622161671	2
1	201382238	201382239	301	79	4	2	2	1	NA	NA	NA	unphased	0.970175438596491	0.970175438596491	1
1	203192737	203192738	110	29	4	2	2	1	NA	NA	NA	unphased	0.973621103117506	0.973621103117506	1
1	207651378	207651379	6	6	2	2	0	1	NA	NA	NA	unphased	1.33333333333333	1.33333333333333	1
1	211192568	211192569	15	21	2	2	0	1	NA	NA	NA	unphased	1.55555555555556	0.777777777777778	2
1	211652626	211652627	8	4	2	2	0	1	NA	NA	NA	unphased	0.888888888888889	0.888888888888889	1
1	214171497	214171498	51	23	2	2	0	1	NA	NA	NA	unphased	0.828828828828829	0.828828828828829	1
1	214546178	214546179	16	25	2	2	0	1	NA	NA	NA	unphased	1.6260162601626	0.813008130081301	2
1	215853674	215853675	63	34	2	2	0	1	NA	NA	NA	unphased	0.934707903780069	0.934707903780069	1
1	216019344	216019345	9	21	2	2	0	1	NA	NA	NA	unphased	1.86666666666667	0.933333333333333	2
1	216172273	216172274	24	11	2	2	0	1	NA	NA	NA	unphased	0.838095238095238	0.838095238095238	1
1	220151952	220151953	15	21	2	2	0	1	NA	NA	NA	unphased	1.55555555555556	0.777777777777778	2
1	222712051	222712052	14	16	2	2	0	1	NA	NA	NA	unphased	1.42222222222222	1.42222222222222	1
1	223985992	223985993	23	55	2	2	0	1	NA	NA	NA	unphased	1.88034188034188	0.94017094017094	2
1	231406609	231406610	15	48	2	2	0	1	NA	NA	NA	unphased	2.03174603174603	1.01587301587302	2
1	231472715	231472716	19	54	2	2	0	1	NA	NA	NA	unphased	1.97260273972603	0.986301369863014	2
1	238050168	238050169	15	45	2	2	0	1	NA	NA	NA	unphased	2	1	2
1	241797804	241797805	8	33	2	2	0	1	NA	NA	NA	unphased	2.14634146341463	1.07317073170732	2
1	246890199	246890200	23	5	3	2	1	1	NA	NA	NA	unphased	0.654761904761905	0.654761904761905	1
1	247654764	247654765	59	27	3	2	1	1	NA	NA	NA	unphased	1.15116279069767	1.15116279069767	1
1	248004345	248004346	26	29	NA	NA	NA	NA	NA	NA	NA	unphased	NA	NA	1
1	248059388	248059389	45	14	NA	NA	NA	NA	NA	NA	NA	unphased	NA	NA	1
1	248202513	248202514	35	9	NA	NA	NA	NA	NA	NA	NA	unphased	NA	NA	1
1	248202539	248202540	24	6	NA	NA	NA	NA	NA	NA	NA	unphased	NA	NA	1
1	248616863	248616864	32	25	NA	NA	NA	NA	NA	NA	NA	unphased	NA	NA	1
1	248685359	248685360	32	25	NA	NA	NA	NA	NA	NA	NA	unphased	NA	NA	1
1	248737346	248737347	74	112	NA	NA	NA	NA	NA	NA	NA	unphased	NA	NA	1
1	248756849	248756850	27	12	NA	NA	NA	NA	NA	NA	NA	unphased	NA	NA	1
10	8100407	8100408	11	19	1	1	0	1	NA	NA	NA	unphased	1.05555555555556	1.05555555555556	1
10	15255551	15255552	16	16	1	1	0	1	NA	NA	NA	unphased	0.833333333333333	0.833333333333333	1
10	15256191	15256192	11	17	1	1	0	1	NA	NA	NA	unphased	1.01190476190476	1.01190476190476	1
10	22699965	22699966	21	6	3	2	1	1	NA	NA	NA	unphased	0.814814814814815	0.814814814814815	1
10	25839916	25839917	45	11	3	2	1	1	NA	NA	NA	unphased	0.720238095238095	0.720238095238095	1
10	25887845	25887846	61	18	3	2	1	1	NA	NA	NA	unphased	0.835443037974684	0.835443037974684	1
10	46999722	46999723	40	24	2	2	0	1	NA	NA	NA	unphased	1	1	1
10	48429304	48429305	5	22	2	2	0	1	NA	NA	NA	unphased	2.17283950617284	1.08641975308642	2
10	49400801	49400802	38	12	2	2	0	1	NA	NA	NA	unphased	0.64	0.64	1
10	50819208	50819209	14	52	2	2	0	1	NA	NA	NA	unphased	2.1010101010101	1.05050505050505	2
10	50857552	50857553	6	16	2	2	0	1	NA	NA	NA	unphased	1.93939393939394	0.96969696969697	2
10	55719488	55719489	2	15	2	2	0	1	NA	NA	NA	unphased	2.35294117647059	1.17647058823529	2
10	60272970	60272971	3	7	2	2	0	1	NA	NA	NA	unphased	1.86666666666667	0.933333333333333	2
10	68686952	68686953	38	40	3	2	1	1	NA	NA	NA	unphased	1.88034188034188	0.94017094017094	2
10	69881363	69881364	48	21	4	2	2	1	NA	NA	NA	unphased	1.42028985507246	0.710144927536232	2
10	73551058	73551059	25	13	4	2	2	1	NA	NA	NA	unphased	1.59649122807018	0.798245614035088	2
10	73581675	73581676	35	11	4	2	2	1	NA	NA	NA	unphased	1.11594202898551	1.11594202898551	1
10	75053067	75053068	15	18	4	2	2	1	NA	NA	NA	unphased	2.54545454545454	1.27272727272727	2
10	75397561	75397562	116	91	4	2	2	1	NA	NA	NA	unphased	2.05152979066023	1.02576489533011	2
10	76803614	76803615	51	50	4	2	2	1	NA	NA	NA	unphased	2.31023102310231	1.15511551155116	2
10	81065308	81065309	308	18	8	7	1	1	NA	NA	NA	unphased	0.478527607361963	0.478527607361963	1
10	84733663	84733664	33	8	3	2	1	1	NA	NA	NA	unphased	0.715447154471545	0.715447154471545	1
10	88651966	88651967	16	10	3	2	1	1	NA	NA	NA	unphased	1.41025641025641	1.41025641025641	1
10	91177354	91177355	28	12	3	2	1	1	NA	NA	NA	unphased	1.1	1.1	1
10	93773443	93773444	30	42	3	2	1	1	NA	NA	NA	unphased	2.13888888888889	1.06944444444444	2
10	94100551	94100552	32	48	3	2	1	1	NA	NA	NA	unphased	2.2	1.1	2
10	94230103	94230104	82	27	3	2	1	1	NA	NA	NA	unphased	0.908256880733945	0.908256880733945	1
10	94828076	94828077	60	15	3	2	1	1	NA	NA	NA	unphased	0.733333333333333	0.733333333333333	1
10	95148893	95148894	15	12	3	2	1	1	NA	NA	NA	unphased	1.62962962962963	0.814814814814815	2
10	102749514	102749515	78	25	3	2	1	1	NA	NA	NA	unphased	0.889967637540453	0.889967637540453	1
10	108434839	108434840	36	27	3	2	1	1	NA	NA	NA	unphased	1.57142857142857	0.785714285714286	2
10	118386371	118386372	10	4	3	2	1	1	NA	NA	NA	unphased	1.04761904761905	1.04761904761905	1
10	118719647	118719648	18	9	3	2	1	1	NA	NA	NA	unphased	1.22222222222222	1.22222222222222	1
10	118896008	118896009	19	6	3	2	1	1	NA	NA	NA	unphased	0.88	0.88	1
10	122349006	122349007	21	18	3	2	1	1	NA	NA	NA	unphased	1.69230769230769	0.846153846153846	2
10	124672367	124672368	46	20	3	2	1	1	NA	NA	NA	unphased	1.11111111111111	1.11111111111111	1
10	124753977	124753978	93	33	3	2	1	1	NA	NA	NA	unphased	0.96031746031746	0.96031746031746	1
10	125426161	125426162	1	7	3	2	1	1	NA	NA	NA	unphased	3.20833333333333	1.60416666666667	2
10	125506514	125506515	108	108	3	2	1	1	NA	NA	NA	unphased	1.83333333333333	0.916666666666667	2
10	125506515	125506516	110	105	3	2	1	1	NA	NA	NA	unphased	1.7906976744186	0.895348837209302	2
10	135193898	135193899	22	15	3	2	1	1	NA	NA	NA	unphased	1.48648648648649	1.48648648648649	1
11	194567	194568	10	19	NA	NA	NA	NA	NA	NA	NA	unphased	NA	NA	1
11	1217653	1217654	61	44	2	1	1	1	NA	NA	NA	unphased	1.11746031746032	1.11746031746032	1
11	1253923	1253924	6	6	2	1	1	1	NA	NA	NA	unphased	1.33333333333333	1.33333333333333	1
11	1263867	1263868	70	36	2	1	1	1	NA	NA	NA	unphased	0.90566037735849	0.90566037735849	1
11	1643059	1643060	102	27	2	1	1	1	NA	NA	NA	unphased	0.558139534883721	0.558139534883721	1
11	3114884	3114885	34	23	2	1	1	1	NA	NA	NA	unphased	1.07602339181287	1.07602339181287	1
11	4615654	4615655	34	16	2	1	1	1	NA	NA	NA	unphased	0.853333333333333	0.853333333333333	1
11	4661044	4661045	82	32	2	1	1	1	NA	NA	NA	unphased	0.748538011695906	0.748538011695906	1
11	4967891	4967892	264	31	2	1	1	1	NA	NA	NA	unphased	0.280225988700565	0.280225988700565	1
11	4976504	4976505	12	22	2	1	1	1	NA	NA	NA	unphased	1.72549019607843	1.72549019607843	1
11	5474972	5474973	53	25	2	1	1	1	NA	NA	NA	unphased	0.854700854700855	0.854700854700855	1
11	5841935	5841936	49	21	2	1	1	1	NA	NA	NA	unphased	0.8	0.8	1
11	6422867	6422868	27	17	2	1	1	1	NA	NA	NA	unphased	1.03030303030303	1.03030303030303	1
11	6661762	6661763	44	17	2	1	1	1	NA	NA	NA	unphased	0.743169398907104	0.743169398907104	1
11	6866970	6866971	74	28	2	1	1	1	NA	NA	NA	unphased	0.73202614379085	0.73202614379085	1
11	6913705	6913706	21	12	2	1	1	1	NA	NA	NA	unphased	0.96969696969697	0.96969696969697	1
11	6953865	6953866	17	5	2	1	1	1	NA	NA	NA	unphased	0.606060606060606	0.606060606060606	1
11	8009160	8009161	13	7	2	1	1	1	NA	NA	NA	unphased	0.933333333333333	0.933333333333333	1
11	13435090	13435091	180	98	NA	NA	NA	NA	NA	NA	NA	unphased	NA	NA	1
11	16848100	16848101	45	30	2	1	1	1	NA	NA	NA	unphased	1.06666666666667	1.06666666666667	1
11	17794197	17794198	32	17	2	1	1	1	NA	NA	NA	unphased	0.925170068027211	0.925170068027211	1
11	18956375	18956376	51	21	2	1	1	1	NA	NA	NA	unphased	0.777777777777778	0.777777777777778	1
11	19854035	19854036	65	53	2	1	1	1	NA	NA	NA	unphased	1.19774011299435	1.19774011299435	1
11	20066721	20066722	44	16	2	1	1	1	NA	NA	NA	unphased	0.711111111111111	0.711111111111111	1
11	20409611	20409612	19	10	2	1	1	1	NA	NA	NA	unphased	0.919540229885058	0.919540229885058	1
11	30032811	30032812	64	14	4	3	1	1	NA	NA	NA	unphased	0.837606837606838	0.837606837606838	1
11	40136543	40136544	125	28	4	3	1	1	NA	NA	NA	unphased	0.854030501089325	0.854030501089325	1
11	47360202	47360203	5	17	3	2	1	1	NA	NA	NA	unphased	2.83333333333333	1.41666666666667	2
11	49974144	49974145	118	126	3	2	1	1	NA	NA	NA	unphased	1.89344262295082	0.94672131147541	2
11	51412249	51412250	34	13	3	2	1	1	NA	NA	NA	unphased	1.01418439716312	1.01418439716312	1
11	55563406	55563407	19	31	3	2	1	1	NA	NA	NA	unphased	2.27333333333333	1.13666666666667	2
11	55587399	55587400	123	38	3	2	1	1	NA	NA	NA	unphased	0.865424430641822	0.865424430641822	1
11	55587974	55587975	33	34	3	2	1	1	NA	NA	NA	unphased	1.86069651741294	0.930348258706468	2
11	55587975	55587976	33	35	3	2	1	1	NA	NA	NA	unphased	1.88725490196078	0.943627450980392	2
11	56043463	56043464	63	84	3	2	1	1	NA	NA	NA	unphased	2.09523809523809	1.04761904761905	2
11	56409688	56409689	32	8	3	2	1	1	NA	NA	NA	unphased	0.733333333333333	0.733333333333333	1
11	57995854	57995855	22	6	3	2	1	1	NA	NA	NA	unphased	0.785714285714286	0.785714285714286	1
11	59271344	59271345	110	31	3	2	1	1	NA	NA	NA	unphased	0.806146572104019	0.806146572104019	1
11	59368775	59368776	25	9	3	2	1	1	NA	NA	NA	unphased	0.970588235294118	0.970588235294118	1
11	62400734	62400735	72	68	3	2	1	1	NA	NA	NA	unphased	1.78095238095238	0.890476190476191	2
11	62430600	62430601	34	32	3	2	1	1	NA	NA	NA	unphased	1.77777777777778	0.888888888888889	2
11	63995072	63995073	73	11	3	2	1	1	NA	NA	NA	unphased	0.48015873015873	0.48015873015873	1
11	64368220	64368221	62	12	3	2	1	1	NA	NA	NA	unphased	0.594594594594595	0.594594594594595	1
11	64497270	64497271	59	20	3	2	1	1	NA	NA	NA	unphased	0.928270042194093	0.928270042194093	1
11	64503015	64503016	33	29	3	2	1	1	NA	NA	NA	unphased	1.71505376344086	0.85752688172043	2
11	64756723	64756724	29	24	3	2	1	1	NA	NA	NA	unphased	1.66037735849057	0.830188679245283	2
11	64878980	64878981	34	10	3	2	1	1	NA	NA	NA	unphased	0.833333333333333	0.833333333333333	1
11	65746504	65746505	38	6	3	2	1	1	NA	NA	NA	unphased	0.5	0.5	1
11	65812811	65812812	14	9	3	2	1	1	NA	NA	NA	unphased	1.43478260869565	1.43478260869565	1
11	66457399	66457400	52	28	4	2	2	1	NA	NA	NA	unphased	1.63333333333333	0.816666666666667	2
11	66636435	66636436	59	43	4	2	2	1	NA	NA	NA	unphased	1.96732026143791	0.983660130718954	2
11	68748243	68748244	35	33	4	2	2	1	NA	NA	NA	unphased	2.26470588235294	1.13235294117647	2
11	69488078	69488079	104	25	4	2	2	1	NA	NA	NA	unphased	0.904392764857881	0.904392764857881	1
11	72012962	72012963	82	61	4	2	2	1	NA	NA	NA	unphased	1.99067599067599	0.995337995337995	2
11	72598593	72598594	67	32	4	2	2	1	NA	NA	NA	unphased	1.50841750841751	0.754208754208754	2
11	78204232	78204233	32	25	4	2	2	1	NA	NA	NA	unphased	2.04678362573099	1.0233918128655	2
11	78369638	78369639	24	18	4	2	2	1	NA	NA	NA	unphased	2	1	2
11	83180381	83180382	66	9	3	2	1	1	NA	NA	NA	unphased	0.44	0.44	1
11	84245717	84245718	46	44	3	2	1	1	NA	NA	NA	unphased	1.79259259259259	0.896296296296296	2
11	88911103	88911104	20	24	3	2	1	1	NA	NA	NA	unphased	2	1	2
11	92715431	92715432	72	22	3	2	1	1	NA	NA	NA	unphased	0.858156028368794	0.858156028368794	1
11	93913961	93913962	21	9	3	2	1	1	NA	NA	NA	unphased	1.1	1.1	1
11	94759533	94759534	35	11	3	2	1	1	NA	NA	NA	unphased	0.876811594202899	0.876811594202899	1
11	105009807	105009808	47	13	3	2	1	1	NA	NA	NA	unphased	0.794444444444445	0.794444444444445	1
11	105623798	105623799	50	10	3	2	1	1	NA	NA	NA	unphased	0.611111111111111	0.611111111111111	1
11	107663484	107663485	17	9	3	2	1	1	NA	NA	NA	unphased	1.26923076923077	1.26923076923077	1
11	112071444	112071445	33	41	3	2	1	1	NA	NA	NA	unphased	2.03153153153153	1.01576576576577	2
11	113269849	113269850	8	3	3	2	1	1	NA	NA	NA	unphased	1	1	1
11	113631281	113631282	87	20	3	2	1	1	NA	NA	NA	unphased	0.685358255451713	0.685358255451713	1
11	113775587	113775588	19	6	3	2	1	1	NA	NA	NA	unphased	0.88	0.88	1
11	116692385	116692386	15	11	3	2	1	1	NA	NA	NA	unphased	1.55128205128205	1.55128205128205	1
11	116693873	116693874	96	70	3	2	1	1	NA	NA	NA	unphased	1.54618473895582	0.773092369477912	2
11	120298882	120298883	60	76	3	2	1	1	NA	NA	NA	unphased	2.04901960784314	1.02450980392157	2
11	123754045	123754046	23	6	3	2	1	1	NA	NA	NA	unphased	0.758620689655172	0.758620689655172	1
11	123847818	123847819	28	35	3	2	1	1	NA	NA	NA	unphased	2.03703703703704	1.01851851851852	2
11	123847877	123847878	27	25	3	2	1	1	NA	NA	NA	unphased	1.76282051282051	0.881410256410256	2
11	123894512	123894513	51	69	3	2	1	1	NA	NA	NA	unphased	2.10833333333333	1.05416666666667	2
11	124189923	124189924	46	14	3	2	1	1	NA	NA	NA	unphased	0.855555555555556	0.855555555555556	1
11	124621371	124621372	43	20	3	2	1	1	NA	NA	NA	unphased	1.16402116402116	1.16402116402116	1
11	128846490	128846491	25	32	3	2	1	1	NA	NA	NA	unphased	2.05847953216374	1.02923976608187	2
11	129775621	129775622	12	22	3	2	1	1	NA	NA	NA	unphased	2.37254901960784	1.18627450980392	2
11	129814699	129814700	76	23	3	2	1	1	NA	NA	NA	unphased	0.851851851851852	0.851851851851852	1
11	130781540	130781541	37	21	3	2	1	1	NA	NA	NA	unphased	1.32758620689655	1.32758620689655	1
12	2705066	2705067	73	11	1.54	4	0	0.18	1	0	0.82	unphased	0.288968253968254	1.60537918871252	0.18
12	4657953	4657954	8	61	1.54	4	0	0.18	1	0	0.82	unphased	1.95082125603865	0.894872135797545	2.18
12	4662195	4662196	41	11	1.54	4	0	0.18	1	0	0.82	unphased	0.466794871794872	0.466794871794872	1
12	8995900	8995901	14	77	1.54	4	0	0.18	1	0	0.82	unphased	1.86717948717949	0.856504351917196	2.18
12	9268547	9268548	2	12	1.54	4	0	0.18	1	0	0.82	unphased	1.89142857142857	0.867627785058978	2.18
12	9312929	9312930	15	75	1.54	4	0	0.18	1	0	0.82	unphased	1.83888888888889	0.843527013251784	2.18
12	11286403	11286404	138	31	4	4	0	1	NA	NA	NA	unphased	0.856015779092702	0.856015779092702	1
12	19646918	19646919	7	7	4	4	0	1	NA	NA	NA	unphased	2.33333333333333	1.16666666666667	2
12	21392126	21392127	26	76	4	4	0	1	NA	NA	NA	unphased	3.47712418300654	0.869281045751634	4
12	22402032	22402033	7	34	4	4	0	1	NA	NA	NA	unphased	3.86991869918699	0.967479674796748	4
12	31577522	31577523	24	84	3	3	0	1	NA	NA	NA	unphased	2.85185185185185	0.950617283950617	3
12	32138087	32138088	10	25	3	3	0	1	NA	NA	NA	unphased	2.61904761904762	0.873015873015873	3
12	40672060	40672061	10	116	5.56	7	0	0.76	1	0	0.24	unphased	5.73248677248677	0.995223398001176	5.76
12	48107061	48107062	71	43	4	2	2	1	NA	NA	NA	unphased	1.76023391812865	0.880116959064327	2
12	48367955	48367956	74	11	4	2	2	1	NA	NA	NA	unphased	0.603921568627451	0.603921568627451	1
12	48367956	48367957	73	11	4	2	2	1	NA	NA	NA	unphased	0.611111111111111	0.611111111111111	1
12	49233638	49233639	28	20	4	2	2	1	NA	NA	NA	unphased	1.94444444444444	0.972222222222222	2
12	49390742	49390743	6	8	4	2	2	1	NA	NA	NA	unphased	2.66666666666667	1.33333333333333	2
12	49459155	49459156	108	94	4	2	2	1	NA	NA	NA	unphased	2.17161716171617	1.08580858085809	2
12	49944095	49944096	50	41	4	2	2	1	NA	NA	NA	unphased	2.1025641025641	1.05128205128205	2
12	49951864	49951865	7	9	4	2	2	1	NA	NA	NA	unphased	2.625	1.3125	2
12	50481192	50481193	138	113	4	2	2	1	NA	NA	NA	unphased	2.10092961487384	1.05046480743692	2
12	51281253	51281254	77	55	4	2	2	1	NA	NA	NA	unphased	1.94444444444444	0.972222222222222	2
12	52163670	52163671	7	6	4	2	2	1	NA	NA	NA	unphased	2.15384615384615	1.07692307692308	2
12	52452474	52452475	10	7	4	2	2	1	NA	NA	NA	unphased	1.92156862745098	0.96078431372549	2
12	52639224	52639225	31	30	4	2	2	1	NA	NA	NA	unphased	2.29508196721311	1.14754098360656	2
12	52799940	52799941	20	9	4	2	2	1	NA	NA	NA	unphased	1.44827586206897	1.44827586206897	1
12	52865269	52865270	64	33	4	2	2	1	NA	NA	NA	unphased	1.58762886597938	0.793814432989691	2
12	52913993	52913994	47	10	4	2	2	1	NA	NA	NA	unphased	0.818713450292398	0.818713450292398	1
12	52981442	52981443	88	65	4	2	2	1	NA	NA	NA	unphased	1.98257080610022	0.991285403050109	2
12	52984736	52984737	47	34	4	2	2	1	NA	NA	NA	unphased	1.95884773662551	0.979423868312757	2
12	53588065	53588066	57	46	4	2	2	1	NA	NA	NA	unphased	2.08414239482201	1.042071197411	2
12	54686777	54686778	81	61	4	2	2	1	NA	NA	NA	unphased	2.00469483568075	1.00234741784038	2
12	57167811	57167812	49	28	4	2	2	1	NA	NA	NA	unphased	1.6969696969697	0.848484848484849	2
12	57873155	57873156	42	24	4	2	2	1	NA	NA	NA	unphased	1.6969696969697	0.848484848484849	2
12	58145433	58145434	55	34	4	2	2	1	NA	NA	NA	unphased	1.78277153558052	0.891385767790262	2
12	63543862	63543863	80	56	4	2	2	1	NA	NA	NA	unphased	1.92156862745098	0.96078431372549	2
12	63543937	63543938	75	51	4	2	2	1	NA	NA	NA	unphased	1.88888888888889	0.944444444444444	2
12	63543938	63543939	75	52	4	2	2	1	NA	NA	NA	unphased	1.91076115485564	0.955380577427821	2
12	67706662	67706663	6	8	4	2	2	1	NA	NA	NA	unphased	2.66666666666667	1.33333333333333	2
12	69210672	69210673	22	21	4	2	2	1	NA	NA	NA	unphased	2.27906976744186	1.13953488372093	2
12	70949881	70949882	20	23	4	2	2	1	NA	NA	NA	unphased	2.49612403100775	1.24806201550388	2
12	72388294	72388295	42	41	4	2	2	1	NA	NA	NA	unphased	2.30522088353414	1.15261044176707	2
12	75601538	75601539	15	8	4	2	2	1	NA	NA	NA	unphased	1.6231884057971	1.6231884057971	1
12	75895682	75895683	40	31	4	2	2	1	NA	NA	NA	unphased	2.03755868544601	1.018779342723	2
12	77191244	77191245	13	14	4	2	2	1	NA	NA	NA	unphased	2.41975308641975	1.20987654320988	2
12	78510662	78510663	58	46	4	2	2	1	NA	NA	NA	unphased	2.06410256410256	1.03205128205128	2
12	78510663	78510664	57	45	4	2	2	1	NA	NA	NA	unphased	2.05882352941176	1.02941176470588	2
12	78515961	78515962	55	38	4	2	2	1	NA	NA	NA	unphased	1.90681003584229	0.953405017921147	2
12	82147850	82147851	33	19	4	2	2	1	NA	NA	NA	unphased	1.70512820512821	0.852564102564103	2
12	83290353	83290354	33	13	4	2	2	1	NA	NA	NA	unphased	1.31884057971014	1.31884057971014	1
12	86373769	86373770	28	3	4	2	2	1	NA	NA	NA	unphased	0.451612903225806	0.451612903225806	1
12	90021463	90021464	45	34	4	2	2	1	NA	NA	NA	unphased	2.0084388185654	1.0042194092827	2
12	91348149	91348150	25	16	4	2	2	1	NA	NA	NA	unphased	1.82113821138211	0.910569105691057	2
12	91572283	91572284	53	25	4	2	2	1	NA	NA	NA	unphased	1.4957264957265	0.747863247863248	2
12	95498861	95498862	71	19	5	3	2	1	NA	NA	NA	unphased	1.1962962962963	1.1962962962963	1
12	95867953	95867954	54	52	5	3	2	1	NA	NA	NA	unphased	2.77987421383648	0.926624737945493	3
12	97078950	97078951	35	25	5	3	2	1	NA	NA	NA	unphased	2.36111111111111	1.18055555555556	2
12	97147589	97147590	63	37	5	3	2	1	NA	NA	NA	unphased	2.09666666666667	1.04833333333333	2
12	100042043	100042044	60	45	5	3	2	1	NA	NA	NA	unphased	2.42857142857143	0.809523809523809	3
12	100042539	100042540	22	19	5	3	2	1	NA	NA	NA	unphased	2.6260162601626	0.875338753387534	3
12	101436246	101436247	60	54	5	3	2	1	NA	NA	NA	unphased	2.68421052631579	0.894736842105263	3
12	101488069	101488070	31	15	5	3	2	1	NA	NA	NA	unphased	1.84782608695652	0.923913043478261	2
12	102057218	102057219	90	40	5	3	2	1	NA	NA	NA	unphased	1.74358974358974	0.871794871794872	2
12	104142757	104142758	56	29	5	3	2	1	NA	NA	NA	unphased	1.93333333333333	0.966666666666667	2
12	106633388	106633389	50	49	5	3	2	1	NA	NA	NA	unphased	2.8047138047138	0.934904601571268	3
12	108985684	108985685	26	14	4.52	3	2	0.88	1	0	0.12	unphased	1.81533333333333	0.965602836879433	1.88
12	109520513	109520514	34	7	4.52	3	2	0.88	1	0	0.12	unphased	0.885528455284553	0.885528455284553	1
12	109719577	109719578	19	24	4.52	3	2	0.88	1	0	0.12	unphased	2.89488372093023	1.00516795865633	2.88
12	110974675	110974676	12	14	4.52	3	2	0.88	1	0	0.12	unphased	2.79282051282051	1.01189149015236	2.76
12	111319092	111319093	23	13	4.52	3	2	0.88	1	0	0.12	unphased	1.87296296296296	0.996256895193066	1.88
12	111345232	111345233	50	24	4.52	3	2	0.88	1	0	0.12	unphased	1.68216216216216	0.894767107533065	1.88
12	112686296	112686297	13	6	4.52	3	2	0.88	1	0	0.12	unphased	1.63789473684211	1.63789473684211	1
12	121098926	121098927	49	57	4.52	3	2	0.88	1	0	0.12	unphased	2.78905660377359	1.01052775499043	2.76
12	123801820	123801821	59	11	4.52	3	2	0.88	1	0	0.12	unphased	0.815047619047619	0.815047619047619	1
12	124209238	124209239	176	52	4.52	3	2	0.88	1	0	0.12	unphased	1.18292397660819	1.18292397660819	1
12	125396340	125396341	222	45	4.52	3	2	0.88	1	0	0.12	unphased	0.874157303370787	0.874157303370787	1
12	125612780	125612781	40	11	4.52	3	2	0.88	1	0	0.12	unphased	1.11869281045752	1.11869281045752	1
12	125834676	125834677	76	37	4.52	3	2	0.88	1	0	0.12	unphased	1.69828908554572	0.903345258269002	1.88
12	126135289	126135290	56	22	4.52	3	2	0.88	1	0	0.12	unphased	1.46290598290598	0.77814148026914	1.88
12	129360555	129360556	176	33	4.52	3	2	0.88	1	0	0.12	unphased	0.818947368421053	0.818947368421053	1
12	129431966	129431967	50	25	4.52	3	2	0.88	1	0	0.12	unphased	1.72888888888889	0.919621749408984	1.88
12	129694180	129694181	64	13	4.52	3	2	0.88	1	0	0.12	unphased	0.875670995670996	0.875670995670996	1
12	130647700	130647701	30	36	4.52	3	2	0.88	1	0	0.12	unphased	2.82909090909091	0.982323232323232	2.88
12	130963549	130963550	30	48	4.52	3	2	0.88	1	0	0.12	unphased	3.19179487179487	1.10826210826211	2.88
12	133209284	133209285	36	34	NA	NA	NA	NA	NA	NA	NA	unphased	NA	NA	1
12	133226045	133226046	32	50	NA	NA	NA	NA	NA	NA	NA	unphased	NA	NA	1
12	133354251	133354252	45	29	NA	NA	NA	NA	NA	NA	NA	unphased	NA	NA	1
13	24247544	24247545	4	27	2	2	0	1	NA	NA	NA	unphased	2.32258064516129	1.16129032258065	2
13	24465653	24465654	78	11	2	2	0	1	NA	NA	NA	unphased	0.329588014981273	0.329588014981273	1
13	24895679	24895680	12	25	2	2	0	1	NA	NA	NA	unphased	1.8018018018018	0.900900900900901	2
13	30341774	30341775	5	18	2	2	0	1	NA	NA	NA	unphased	2.08695652173913	1.04347826086957	2
13	46584575	46584576	6	46	2	2	0	1	NA	NA	NA	unphased	2.35897435897436	1.17948717948718	2
13	46648090	46648091	5	12	2	2	0	1	NA	NA	NA	unphased	1.88235294117647	0.941176470588235	2
13	64321048	64321049	46	8	4.96	4	1	0.99	0	1	0.01	unphased	0.83358024691358	0.83358024691358	1
13	73350082	73350083	15	5	2	1	1	1	NA	NA	NA	unphased	0.666666666666667	0.666666666666667	1
13	75863089	75863090	30	11	2	1	1	1	NA	NA	NA	unphased	0.715447154471545	0.715447154471545	1
13	75884153	75884154	31	10	2	1	1	1	NA	NA	NA	unphased	0.650406504065041	0.650406504065041	1
13	84453444	84453445	2	6	2	1	1	1	NA	NA	NA	unphased	2	2	1
13	99354749	99354750	17	8	2	1	1	1	NA	NA	NA	unphased	0.853333333333333	0.853333333333333	1
13	103514549	103514550	43	23	2	1	1	1	NA	NA	NA	unphased	0.929292929292929	0.929292929292929	1
13	110830545	110830546	40	24	2	1	1	1	NA	NA	NA	unphased	1	1	1
13	111367798	111367799	32	28	2	1	1	1	NA	NA	NA	unphased	1.24444444444444	1.24444444444444	1
13	113052420	113052421	34	20	2	1	1	1	NA	NA	NA	unphased	0.987654320987654	0.987654320987654	1
14	20296175	20296176	45	32	NA	NA	NA	NA	NA	NA	NA	unphased	NA	NA	1
14	20344869	20344870	87	37	NA	NA	NA	NA	NA	NA	NA	unphased	NA	NA	1
14	20502450	20502451	52	33	1.96	1	1	0.96	0	1	0.04	unphased	1.01976470588235	1.01976470588235	1
14	20529043	20529044	21	12	1.96	1	1	0.96	0	1	0.04	unphased	0.955151515151515	0.955151515151515	1
14	20529044	20529045	22	12	1.96	1	1	0.96	0	1	0.04	unphased	0.927058823529412	0.927058823529412	1
14	20529045	20529046	21	12	1.96	1	1	0.96	0	1	0.04	unphased	0.955151515151515	0.955151515151515	1
14	20612260	20612261	77	42	1.96	1	1	0.96	0	1	0.04	unphased	0.927058823529412	0.927058823529412	1
14	21769236	21769237	25	7	1.04	2	1	0.02	0	1	0.98	unphased	0.373333333333333	0.373333333333333	1
14	23871691	23871692	46	49	1.04	2	1	0.02	0	1	0.98	unphased	0.880280701754386	0.880280701754386	1
14	23887529	23887530	46	17	1.04	2	1	0.02	0	1	0.98	unphased	0.460529100529101	0.460529100529101	1
14	24424306	24424307	67	21	1.04	2	1	0.02	0	1	0.98	unphased	0.407272727272727	0.407272727272727	1
14	24729775	24729776	43	56	1.04	2	1	0.02	0	1	0.98	unphased	0.965387205387205	0.965387205387205	1
14	32560933	32560934	30	42	1.04	2	1	0.02	0	1	0.98	unphased	0.995555555555556	0.995555555555556	1
14	50092640	50092641	16	3	1.09	1	1	0.09	0	1	0.91	unphased	0.277368421052632	0.277368421052632	1
14	53525259	53525260	28	14	1.09	1	1	0.09	0	1	0.91	unphased	0.585555555555556	0.585555555555556	1
14	57957780	57957781	43	9	1.08	2	1	0.04	0	1	0.96	unphased	0.302307692307692	0.302307692307692	1
14	58772771	58772772	55	6	1.08	2	1	0.04	0	1	0.96	unphased	0.171803278688525	0.171803278688525	1
14	62547901	62547902	21	7	1.08	2	1	0.04	0	1	0.96	unphased	0.436666666666667	0.436666666666667	1
14	65208182	65208183	42	10	1.08	2	1	0.04	0	1	0.96	unphased	0.335897435897436	0.335897435897436	1
14	71205043	71205044	55	16	1.04	2	1	0.02	0	1	0.98	unphased	0.384600938967136	0.384600938967136	1
14	74180423	74180424	28	8	1.04	2	1	0.02	0	1	0.98	unphased	0.379259259259259	0.379259259259259	1
14	74769669	74769670	5	7	1.04	2	1	0.02	0	1	0.98	unphased	0.995555555555556	0.995555555555556	1
14	75321868	75321869	9	3	1.04	2	1	0.02	0	1	0.98	unphased	0.426666666666667	0.426666666666667	1
14	75469830	75469831	34	8	1.04	2	1	0.02	0	1	0.98	unphased	0.325079365079365	0.325079365079365	1
14	76549610	76549611	27	5	1.04	2	1	0.02	0	1	0.98	unphased	0.266666666666667	0.266666666666667	1
14	89337957	89337958	39	11	1.1	2	1	0.05	0	1	0.95	unphased	0.388666666666667	0.388666666666667	1
14	91338300	91338301	20	8	1.1	2	1	0.05	0	1	0.95	unphased	0.504761904761905	0.504761904761905	1
14	94008974	94008975	59	76	1.1	2	1	0.05	0	1	0.95	unphased	0.994567901234568	0.994567901234568	1
14	94120108	94120109	135	130	1.1	2	1	0.05	0	1	0.95	unphased	0.866666666666667	0.866666666666667	1
14	95080780	95080781	44	12	1.1	2	1	0.05	0	1	0.95	unphased	0.378571428571429	0.378571428571429	1
14	95080976	95080977	36	56	1.1	2	1	0.05	0	1	0.95	unphased	1.07536231884058	1.07536231884058	1
14	95234779	95234780	44	13	1.1	2	1	0.05	0	1	0.95	unphased	0.402923976608187	0.402923976608187	1
14	96707717	96707718	33	4	1.1	2	1	0.05	0	1	0.95	unphased	0.190990990990991	0.190990990990991	1
14	96875233	96875234	24	17	1.1	2	1	0.05	0	1	0.95	unphased	0.732520325203252	0.732520325203252	1
14	106805610	106805611	59	25	NA	NA	NA	NA	NA	NA	NA	unphased	NA	NA	1
15	20496661	20496662	24	5	NA	NA	NA	NA	NA	NA	NA	unphased	NA	NA	1
15	24921200	24921201	49	14	1.04	2	1	0.02	0	1	0.98	unphased	0.379259259259259	0.379259259259259	1
15	24923266	24923267	66	86	1.04	2	1	0.02	0	1	0.98	unphased	0.965614035087719	0.965614035087719	1
15	24923830	24923831	74	21	1.04	2	1	0.02	0	1	0.98	unphased	0.377263157894737	0.377263157894737	1
15	24924111	24924112	32	15	1.04	2	1	0.02	0	1	0.98	unphased	0.54468085106383	0.54468085106383	1
15	25339266	25339267	70	19	1.04	2	1	0.02	0	1	0.98	unphased	0.364344569288389	0.364344569288389	1
15	25474019	25474020	27	32	1.04	2	1	0.02	0	1	0.98	unphased	0.925649717514124	0.925649717514124	1
15	28515906	28515907	40	17	1.04	2	1	0.02	0	1	0.98	unphased	0.509005847953216	0.509005847953216	1
15	29385415	29385416	37	4	1.04	2	1	0.02	0	1	0.98	unphased	0.16650406504065	0.16650406504065	1
15	31353685	31353686	34	4	1.04	2	1	0.02	0	1	0.98	unphased	0.179649122807018	0.179649122807018	1
15	31353686	31353687	34	4	1.04	2	1	0.02	0	1	0.98	unphased	0.179649122807018	0.179649122807018	1
15	33895563	33895564	96	115	1.04	2	1	0.02	0	1	0.98	unphased	0.930173775671406	0.930173775671406	1
15	33895565	33895566	94	114	1.04	2	1	0.02	0	1	0.98	unphased	0.935384615384615	0.935384615384615	1
15	33952582	33952583	7	4	1.04	2	1	0.02	0	1	0.98	unphased	0.620606060606061	0.620606060606061	1
15	34093056	34093057	33	6	1.04	2	1	0.02	0	1	0.98	unphased	0.262564102564103	0.262564102564103	1
15	35742885	35742886	42	14	1.04	2	1	0.02	0	1	0.98	unphased	0.426666666666667	0.426666666666667	1
15	42058483	42058484	28	4	1.04	2	1	0.02	0	1	0.98	unphased	0.213333333333333	0.213333333333333	1
15	48444430	48444431	47	45	1.04	2	1	0.02	0	1	0.98	unphased	0.834782608695652	0.834782608695652	1
15	48740969	48740970	7	9	1.04	2	1	0.02	0	1	0.98	unphased	0.96	0.96	1
15	54305510	54305511	25	7	1.04	2	1	0.02	0	1	0.98	unphased	0.373333333333333	0.373333333333333	1
15	58830622	58830623	124	32	1.04	2	1	0.02	0	1	0.98	unphased	0.35008547008547	0.35008547008547	1
15	59499601	59499602	40	60	1.04	2	1	0.02	0	1	0.98	unphased	1.024	1.024	1
15	63990930	63990931	21	3	1.04	2	1	0.02	0	1	0.98	unphased	0.213333333333333	0.213333333333333	1
15	65684693	65684694	35	13	1.04	2	1	0.02	0	1	0.98	unphased	0.462222222222222	0.462222222222222	1
15	72958586	72958587	49	11	1.04	2	1	0.02	0	1	0.98	unphased	0.312888888888889	0.312888888888889	1
15	73996310	73996311	15	8	1.04	2	1	0.02	0	1	0.98	unphased	0.593623188405797	0.593623188405797	1
15	74368283	74368284	142	16	1.04	2	1	0.02	0	1	0.98	unphased	0.172827004219409	0.172827004219409	1
15	75221557	75221558	37	37	1.04	2	1	0.02	0	1	0.98	unphased	0.853333333333333	0.853333333333333	1
15	77046200	77046201	85	32	1.04	2	1	0.02	0	1	0.98	unphased	0.466780626780627	0.466780626780627	1
15	77771519	77771520	45	9	1.04	2	1	0.02	0	1	0.98	unphased	0.284444444444444	0.284444444444444	1
15	77906964	77906965	16	5	1.04	2	1	0.02	0	1	0.98	unphased	0.406349206349206	0.406349206349206	1
15	81240968	81240969	16	4	1.04	2	1	0.02	0	1	0.98	unphased	0.341333333333333	0.341333333333333	1
15	81592381	81592382	56	31	1.04	2	1	0.02	0	1	0.98	unphased	0.608122605363985	0.608122605363985	1
15	83932171	83932172	25	48	1.04	2	1	0.02	0	1	0.98	unphased	1.12219178082192	1.12219178082192	1
15	90771571	90771572	12	9	1.04	2	1	0.02	0	1	0.98	unphased	0.731428571428571	0.731428571428571	1
16	461424	461425	6	25	NA	NA	NA	NA	NA	NA	NA	unphased	NA	NA	1
16	2237440	2237441	22	17	2	2	0	1	NA	NA	NA	unphased	1.16239316239316	1.16239316239316	1
16	11374693	11374694	9	18	2	2	0	1	NA	NA	NA	unphased	1.77777777777778	0.888888888888889	2
16	14352004	14352005	26	9	4	2	2	1	NA	NA	NA	unphased	1.2	1.2	1
16	15728690	15728691	65	47	4	2	2	1	NA	NA	NA	unphased	1.95833333333333	0.979166666666667	2
16	17221620	17221621	108	87	4	2	2	1	NA	NA	NA	unphased	2.08205128205128	1.04102564102564	2
16	19883477	19883478	34	32	4	2	2	1	NA	NA	NA	unphased	2.26262626262626	1.13131313131313	2
16	20348728	20348729	43	19	4	2	2	1	NA	NA	NA	unphased	1.43010752688172	1.43010752688172	1
16	20448626	20448627	79	12	4	2	2	1	NA	NA	NA	unphased	0.615384615384615	0.615384615384615	1
16	20952744	20952745	323	210	4	2	2	1	NA	NA	NA	unphased	1.83864915572233	0.919324577861163	2
16	20981274	20981275	86	25	4	2	2	1	NA	NA	NA	unphased	1.05105105105105	1.05105105105105	1
16	21078604	21078605	27	20	4	2	2	1	NA	NA	NA	unphased	1.98581560283688	0.99290780141844	2
16	21666796	21666797	10	13	4	2	2	1	NA	NA	NA	unphased	2.63768115942029	1.31884057971014	2
16	21968822	21968823	68	28	4	2	2	1	NA	NA	NA	unphased	1.36111111111111	0.680555555555556	2
16	22144392	22144393	22	5	4	2	2	1	NA	NA	NA	unphased	0.864197530864197	0.864197530864197	1
16	22826280	22826281	17	12	4	2	2	1	NA	NA	NA	unphased	1.93103448275862	0.96551724137931	2
16	27818863	27818864	16	15	4	2	2	1	NA	NA	NA	unphased	2.25806451612903	1.12903225806452	2
16	28842108	28842109	26	11	4	2	2	1	NA	NA	NA	unphased	1.38738738738739	1.38738738738739	1
16	30124061	30124062	54	54	4	2	2	1	NA	NA	NA	unphased	2.33333333333333	1.16666666666667	2
16	30998016	30998017	43	24	4	2	2	1	NA	NA	NA	unphased	1.67164179104478	0.835820895522388	2
16	33020720	33020721	168	134	NA	NA	NA	NA	NA	NA	NA	unphased	NA	NA	1
16	49671818	49671819	36	19	2	2	0	1	NA	NA	NA	unphased	0.921212121212121	0.921212121212121	1
16	49672752	49672753	5	11	2	2	0	1	NA	NA	NA	unphased	1.83333333333333	0.916666666666667	2
16	50324464	50324465	9	43	2	2	0	1	NA	NA	NA	unphased	2.2051282051282	1.1025641025641	2
16	57752385	57752386	29	65	2	2	0	1	NA	NA	NA	unphased	1.84397163120567	0.921985815602837	2
16	57760144	57760145	10	24	2	2	0	1	NA	NA	NA	unphased	1.88235294117647	0.941176470588235	2
16	68160512	68160513	8	28	2	2	0	1	NA	NA	NA	unphased	2.07407407407407	1.03703703703704	2
16	84695416	84695417	6	14	2	2	0	1	NA	NA	NA	unphased	1.86666666666667	0.933333333333333	2
16	90072807	90072808	15	5	NA	NA	NA	NA	NA	NA	NA	unphased	NA	NA	1
17	1840430	1840431	18	5	3	3	0	1	NA	NA	NA	unphased	0.797101449275362	0.797101449275362	1
17	2381012	2381013	53	19	3	3	0	1	NA	NA	NA	unphased	0.967592592592593	0.967592592592593	1
17	3324734	3324735	13	96	3	3	0	1	NA	NA	NA	unphased	3.22935779816514	1.07645259938838	3
17	4594688	4594689	11	59	3	3	0	1	NA	NA	NA	unphased	3.09047619047619	1.03015873015873	3
17	6931081	6931082	6	4	3	3	0	1	NA	NA	NA	unphased	1.46666666666667	1.46666666666667	1
17	7579360	7579361	13	56	3	3	0	1	NA	NA	NA	unphased	2.97584541062802	0.99194847020934	3
17	9676189	9676190	5	30	3	3	0	1	NA	NA	NA	unphased	3.14285714285714	1.04761904761905	3
17	9683331	9683332	2	15	3	3	0	1	NA	NA	NA	unphased	3.23529411764706	1.07843137254902	3
17	10358038	10358039	52	53	3	3	0	1	NA	NA	NA	unphased	1.85079365079365	0.925396825396825	2
17	10428088	10428089	59	52	3	3	0	1	NA	NA	NA	unphased	1.71771771771772	0.858858858858859	2
17	10432174	10432175	61	96	3	3	0	1	NA	NA	NA	unphased	2.24203821656051	1.12101910828025	2
17	10446191	10446192	2	8	3	3	0	1	NA	NA	NA	unphased	2.93333333333333	0.977777777777778	3
17	18023702	18023703	7	15	3	3	0	1	NA	NA	NA	unphased	2.5	0.833333333333333	3
17	18024000	18024001	1	12	3	3	0	1	NA	NA	NA	unphased	3.38461538461539	1.12820512820513	3
17	18855484	18855485	2	9	3	3	0	1	NA	NA	NA	unphased	3	1	3
17	19827721	19827722	18	5	3	3	0	1	NA	NA	NA	unphased	0.797101449275362	0.797101449275362	1
17	27065224	27065225	43	19	3	3	0	1	NA	NA	NA	unphased	1.12365591397849	1.12365591397849	1
17	27308830	27308831	32	20	3	3	0	1	NA	NA	NA	unphased	1.41025641025641	0.705128205128205	2
17	27935960	27935961	29	15	3	3	0	1	NA	NA	NA	unphased	1.25	1.25	1
17	28758815	28758816	36	8	3	3	0	1	NA	NA	NA	unphased	0.666666666666667	0.666666666666667	1
17	29548882	29548883	5	20	2	2	0	1	NA	NA	NA	unphased	2.13333333333333	1.06666666666667	2
17	31618775	31618776	27	8	3	2	1	1	NA	NA	NA	unphased	0.838095238095238	0.838095238095238	1
17	32953472	32953473	15	9	3	2	1	1	NA	NA	NA	unphased	1.375	1.375	1
17	34325409	34325410	9	3	3	2	1	1	NA	NA	NA	unphased	0.916666666666667	0.916666666666667	1
17	39551864	39551865	12	29	2	2	0	1	NA	NA	NA	unphased	1.88617886178862	0.943089430894309	2
17	40265766	40265767	20	12	2	2	0	1	NA	NA	NA	unphased	1	1	1
17	42455817	42455818	10	8	2	2	0	1	NA	NA	NA	unphased	1.18518518518519	1.18518518518519	1
17	42854955	42854956	21	57	2	2	0	1	NA	NA	NA	unphased	1.94871794871795	0.974358974358974	2
17	46799745	46799746	14	24	2	2	0	1	NA	NA	NA	unphased	1.68421052631579	0.842105263157895	2
17	47295235	47295236	15	57	2	2	0	1	NA	NA	NA	unphased	2.11111111111111	1.05555555555556	2
17	47788740	47788741	23	14	2	2	0	1	NA	NA	NA	unphased	1.00900900900901	1.00900900900901	1
17	51901176	51901177	54	10	5	4	1	1	NA	NA	NA	unphased	0.885416666666667	0.885416666666667	1
17	55183863	55183864	42	47	3	2	1	1	NA	NA	NA	unphased	1.93632958801498	0.968164794007491	2
17	56276974	56276975	29	33	3	2	1	1	NA	NA	NA	unphased	1.95161290322581	0.975806451612903	2
17	56386582	56386583	32	16	3	2	1	1	NA	NA	NA	unphased	1.22222222222222	1.22222222222222	1
17	57057408	57057409	26	12	3	2	1	1	NA	NA	NA	unphased	1.15789473684211	1.15789473684211	1
17	58366008	58366009	28	9	3	2	1	1	NA	NA	NA	unphased	0.891891891891892	0.891891891891892	1
17	60349833	60349834	18	20	3	2	1	1	NA	NA	NA	unphased	1.92982456140351	0.964912280701754	2
17	62018077	62018078	29	10	3	2	1	1	NA	NA	NA	unphased	0.94017094017094	0.94017094017094	1
17	62865264	62865265	84	21	3	2	1	1	NA	NA	NA	unphased	0.733333333333333	0.733333333333333	1
17	65021094	65021095	45	18	3	2	1	1	NA	NA	NA	unphased	1.04761904761905	1.04761904761905	1
17	66267010	66267011	48	15	3	2	1	1	NA	NA	NA	unphased	0.873015873015873	0.873015873015873	1
17	68171797	68171798	47	16	3	2	1	1	NA	NA	NA	unphased	0.931216931216931	0.931216931216931	1
17	72350440	72350441	18	23	3	2	1	1	NA	NA	NA	unphased	2.05691056910569	1.02845528455285	2
17	72927021	72927022	72	23	3	2	1	1	NA	NA	NA	unphased	0.887719298245614	0.887719298245614	1
17	77077074	77077075	36	15	3	2	1	1	NA	NA	NA	unphased	1.07843137254902	1.07843137254902	1
17	77077075	77077076	35	15	3	2	1	1	NA	NA	NA	unphased	1.1	1.1	1
17	77757745	77757746	36	14	3	2	1	1	NA	NA	NA	unphased	1.02666666666667	1.02666666666667	1
17	80282696	80282697	10	3	3	2	1	1	NA	NA	NA	unphased	0.846153846153846	0.846153846153846	1
18	3534214	3534215	37	39	3	2	1	1	NA	NA	NA	unphased	1.88157894736842	0.940789473684211	2
18	8253260	8253261	11	7	4	4	0	1	NA	NA	NA	unphased	1.81481481481481	1.81481481481481	1
18	14533108	14533109	81	25	2	2	0	1	NA	NA	NA	unphased	0.628930817610063	0.628930817610063	1
18	28587017	28587018	40	26	5	3	2	1	NA	NA	NA	unphased	2.23232323232323	1.11616161616162	2
18	28736078	28736079	63	28	5	3	2	1	NA	NA	NA	unphased	1.74358974358974	0.871794871794872	2
18	29116301	29116302	41	37	5	3	2	1	NA	NA	NA	unphased	2.68803418803419	0.896011396011396	3
18	31319458	31319459	117	143	5	3	2	1	NA	NA	NA	unphased	3.11666666666667	1.03888888888889	3
18	31463353	31463354	46	38	5	3	2	1	NA	NA	NA	unphased	2.56349206349206	0.854497354497354	3
18	34298167	34298168	101	43	5	3	2	1	NA	NA	NA	unphased	1.69212962962963	0.846064814814815	2
18	40850515	40850516	34	32	4	2	2	1	NA	NA	NA	unphased	2.26262626262626	1.13131313131313	2
18	42531131	42531132	42	30	4	2	2	1	NA	NA	NA	unphased	1.94444444444444	0.972222222222222	2
18	42531799	42531800	47	26	4	2	2	1	NA	NA	NA	unphased	1.662100456621	0.831050228310502	2
18	43319535	43319536	48	36	4	2	2	1	NA	NA	NA	unphased	2	1	2
18	43464769	43464770	9	11	4	2	2	1	NA	NA	NA	unphased	2.56666666666667	1.28333333333333	2
18	44030684	44030685	34	26	4	2	2	1	NA	NA	NA	unphased	2.02222222222222	1.01111111111111	2
18	47788482	47788483	30	19	2	1	1	0.13	1	1	0.87	unphased	1.03401360544218	1.03401360544218	1
18	59203798	59203799	47	48	3.88	3	1	0.96	0	1	0.04	unphased	2.29726315789474	1.17207303974221	1.96
18	59203831	59203832	65	9	3.88	3	1	0.96	0	1	0.04	unphased	0.552972972972973	0.576013513513514	0.96
18	59483373	59483374	32	36	4.22	4	1	0.74	1	1	0.26	unphased	2.58705882352941	1.04316888045541	2.48
18	60612424	60612425	14	39	4.22	4	1	0.74	1	1	0.26	unphased	3.59584905660377	1.03328995879419	3.48
18	61233927	61233928	50	188	4.22	4	1	0.74	1	1	0.26	unphased	3.86005602240896	1.03210054075106	3.74
18	61564426	61564427	11	38	4.22	4	1	0.74	1	1	0.26	unphased	3.78965986394558	1.01327803848812	3.74
18	63525088	63525089	24	12	1.08	2	1	0.04	0	1	0.96	unphased	0.582222222222222	0.582222222222222	1
18	64218474	64218475	21	26	1.08	2	1	0.04	0	1	0.96	unphased	0.966241134751773	0.966241134751773	1
18	65181398	65181399	48	12	1.08	2	1	0.04	0	1	0.96	unphased	0.349333333333333	0.349333333333333	1
18	66505999	66506000	9	6	2	1	1	1	NA	NA	NA	unphased	1.06666666666667	1.06666666666667	1
18	76754794	76754795	1	8	1.06	2	1	0.03	0	1	0.97	unphased	1.53481481481481	1.53481481481481	1
19	4219733	4219734	11	36	2	2	0	1	NA	NA	NA	unphased	2.04255319148936	1.02127659574468	2
19	9082642	9082643	38	39	2	2	0	1	NA	NA	NA	unphased	1.35064935064935	0.675324675324675	2
19	9084549	9084550	9	16	2	2	0	1	NA	NA	NA	unphased	1.70666666666667	0.853333333333333	2
19	9088130	9088131	65	156	2	2	0	1	NA	NA	NA	unphased	1.88235294117647	0.941176470588235	2
19	9088848	9088849	105	68	2	2	0	1	NA	NA	NA	unphased	1.04816955684008	1.04816955684008	1
19	10221813	10221814	1	9	2	2	0	1	NA	NA	NA	unphased	2.4	1.2	2
19	10444187	10444188	4	25	2	2	0	1	NA	NA	NA	unphased	2.29885057471264	1.14942528735632	2
19	12297712	12297713	9	3	2	2	0	1	NA	NA	NA	unphased	0.666666666666667	0.666666666666667	1
19	12298426	12298427	8	17	2	2	0	1	NA	NA	NA	unphased	1.81333333333333	0.906666666666667	2
19	14952191	14952192	10	25	2	2	0	1	NA	NA	NA	unphased	1.9047619047619	0.952380952380952	2
19	16641580	16641581	9	23	2	2	0	1	NA	NA	NA	unphased	1.91666666666667	0.958333333333333	2
19	18779734	18779735	6	50	2	2	0	1	NA	NA	NA	unphased	2.38095238095238	1.19047619047619	2
19	19745412	19745413	39	113	2	2	0	1	NA	NA	NA	unphased	1.98245614035088	0.991228070175439	2
19	19932512	19932513	25	10	2	2	0	1	NA	NA	NA	unphased	0.761904761904762	0.761904761904762	1
19	23159820	23159821	20	19	4	2	2	1	NA	NA	NA	unphased	2.27350427350427	1.13675213675214	2
19	23405737	23405738	35	11	4	2	2	1	NA	NA	NA	unphased	1.11594202898551	1.11594202898551	1
19	23414141	23414142	122	24	4	2	2	1	NA	NA	NA	unphased	0.767123287671233	0.767123287671233	1
19	23543272	23543273	37	18	4	2	2	1	NA	NA	NA	unphased	1.52727272727273	0.763636363636364	2
19	24310837	24310838	28	12	4	2	2	1	NA	NA	NA	unphased	1.4	1.4	1
19	30199320	30199321	46	34	4	2	2	1	NA	NA	NA	unphased	1.98333333333333	0.991666666666667	2
19	31767538	31767539	32	22	4	2	2	1	NA	NA	NA	unphased	1.90123456790123	0.950617283950617	2
19	34983976	34983977	72	61	4	2	2	1	NA	NA	NA	unphased	2.14035087719298	1.07017543859649	2
19	36053454	36053455	12	11	4	2	2	1	NA	NA	NA	unphased	2.23188405797101	1.11594202898551	2
19	36322586	36322587	10	7	4	2	2	1	NA	NA	NA	unphased	1.92156862745098	0.96078431372549	2
19	38572905	38572906	67	17	4	2	2	1	NA	NA	NA	unphased	0.944444444444444	0.944444444444444	1
19	41179274	41179275	14	11	2	2	0	1	NA	NA	NA	unphased	1.17333333333333	1.17333333333333	1
19	42558060	42558061	6	30	2	2	0	1	NA	NA	NA	unphased	2.22222222222222	1.11111111111111	2
19	42821920	42821921	10	27	2	2	0	1	NA	NA	NA	unphased	1.94594594594595	0.972972972972973	2
19	42860569	42860570	2	18	2	2	0	1	NA	NA	NA	unphased	2.4	1.2	2
19	43702372	43702373	46	113	2	2	0	1	NA	NA	NA	unphased	1.89517819706499	0.947589098532495	2
19	43979577	43979578	17	7	2	2	0	1	NA	NA	NA	unphased	0.777777777777778	0.777777777777778	1
19	51628389	51628390	4	41	2	2	0	1	NA	NA	NA	unphased	2.42962962962963	1.21481481481481	2
19	51871866	51871867	4	14	2	2	0	1	NA	NA	NA	unphased	2.07407407407407	1.03703703703704	2
19	52376758	52376759	16	67	2	2	0	1	NA	NA	NA	unphased	2.15261044176707	1.07630522088353	2
19	55143410	55143411	17	62	2	2	0	1	NA	NA	NA	unphased	2.09282700421941	1.0464135021097	2
19	55399575	55399576	7	15	2	2	0	1	NA	NA	NA	unphased	1.81818181818182	0.909090909090909	2
19	55666187	55666188	11	24	2	2	0	1	NA	NA	NA	unphased	1.82857142857143	0.914285714285714	2
19	56223833	56223834	9	36	2	2	0	1	NA	NA	NA	unphased	2.13333333333333	1.06666666666667	2
19	57883152	57883153	35	107	2	2	0	1	NA	NA	NA	unphased	2.0093896713615	1.00469483568075	2
2	1457523	1457524	41	57	3	2	1	1	NA	NA	NA	unphased	2.13265306122449	1.06632653061224	2
2	9008593	9008594	56	13	3	2	1	1	NA	NA	NA	unphased	0.690821256038647	0.690821256038647	1
2	11696777	11696778	90	13	3	2	1	1	NA	NA	NA	unphased	0.462783171521036	0.462783171521036	1
2	14774170	14774171	20	10	3	2	1	1	NA	NA	NA	unphased	1.22222222222222	1.22222222222222	1
2	17963152	17963153	33	16	3	2	1	1	NA	NA	NA	unphased	1.19727891156463	1.19727891156463	1
2	21230990	21230991	112	36	3	2	1	1	NA	NA	NA	unphased	0.891891891891892	0.891891891891892	1
2	21237381	21237382	37	14	3	2	1	1	NA	NA	NA	unphased	1.00653594771242	1.00653594771242	1
2	26676225	26676226	51	47	3	2	1	1	NA	NA	NA	unphased	1.75850340136054	0.879251700680272	2
2	30785035	30785036	18	14	3	2	1	1	NA	NA	NA	unphased	1.60416666666667	0.802083333333333	2
2	33810092	33810093	53	55	3	2	1	1	NA	NA	NA	unphased	1.86728395061728	0.933641975308642	2
2	40366665	40366666	24	30	3	2	1	1	NA	NA	NA	unphased	2.03703703703704	1.01851851851852	2
2	49195958	49195959	22	36	3	2	1	1	NA	NA	NA	unphased	2.27586206896552	1.13793103448276	2
2	49217718	49217719	27	28	3	2	1	1	NA	NA	NA	unphased	1.86666666666667	0.933333333333333	2
2	50699459	50699460	26	5	3	2	1	1	NA	NA	NA	unphased	0.591397849462366	0.591397849462366	1
2	54852006	54852007	21	18	3	2	1	1	NA	NA	NA	unphased	1.69230769230769	0.846153846153846	2
2	54858120	54858121	16	15	3	2	1	1	NA	NA	NA	unphased	1.7741935483871	0.887096774193548	2
2	56420122	56420123	38	16	3	2	1	1	NA	NA	NA	unphased	1.08641975308642	1.08641975308642	1
2	58449131	58449132	21	11	3	2	1	1	NA	NA	NA	unphased	1.26041666666667	1.26041666666667	1
2	73677959	73677960	76	85	3	2	1	1	NA	NA	NA	unphased	1.93581780538302	0.967908902691511	2
2	73680642	73680643	22	17	3	2	1	1	NA	NA	NA	unphased	1.5982905982906	0.799145299145299	2
2	74129494	74129495	30	12	3	2	1	1	NA	NA	NA	unphased	1.04761904761905	1.04761904761905	1
2	87201209	87201210	39	14	3	2	1	1	NA	NA	NA	unphased	0.968553459119497	0.968553459119497	1
2	90044286	90044287	131	40	3	2	1	1	NA	NA	NA	unphased	0.857699805068226	0.857699805068226	1
2	95539815	95539816	66	20	3	2	1	1	NA	NA	NA	unphased	0.852713178294574	0.852713178294574	1
2	103013008	103013009	20	8	3	2	1	1	NA	NA	NA	unphased	1.04761904761905	1.04761904761905	1
2	105472186	105472187	19	4	3	2	1	1	NA	NA	NA	unphased	0.63768115942029	0.63768115942029	1
2	107040685	107040686	153	131	3	2	1	1	NA	NA	NA	unphased	1.69131455399061	0.845657276995305	2
2	107040865	107040866	60	56	3	2	1	1	NA	NA	NA	unphased	1.77011494252874	0.885057471264368	2
2	107423240	107423241	40	39	3	2	1	1	NA	NA	NA	unphased	1.81012658227848	0.905063291139241	2
2	109388980	109388981	16	16	3	2	1	1	NA	NA	NA	unphased	1.83333333333333	0.916666666666667	2
2	109527313	109527314	18	20	3	2	1	1	NA	NA	NA	unphased	1.92982456140351	0.964912280701754	2
2	113950124	113950125	20	20	2	1	1	1	NA	NA	NA	unphased	1.33333333333333	1.33333333333333	1
2	125530444	125530445	39	30	2	1	1	1	NA	NA	NA	unphased	1.15942028985507	1.15942028985507	1
2	125547668	125547669	22	13	2	1	1	1	NA	NA	NA	unphased	0.990476190476191	0.990476190476191	1
2	127944830	127944831	30	15	2	1	1	1	NA	NA	NA	unphased	0.888888888888889	0.888888888888889	1
2	128262643	128262644	109	97	2	1	1	1	NA	NA	NA	unphased	1.25566343042071	1.25566343042071	1
2	131487509	131487510	93	44	3	2	1	1	NA	NA	NA	unphased	1.17761557177616	1.17761557177616	1
2	131521439	131521440	52	14	3	2	1	1	NA	NA	NA	unphased	0.777777777777778	0.777777777777778	1
2	135744913	135744914	144	16	7	7	0	1	NA	NA	NA	unphased	0.766666666666667	0.766666666666667	1
2	135781050	135781051	82	15	7	7	0	1	NA	NA	NA	unphased	1.18556701030928	1.18556701030928	1
2	138033542	138033543	25	9	3	2	1	1	NA	NA	NA	unphased	0.970588235294118	0.970588235294118	1
2	141093183	141093184	90	22	4	3	1	1	NA	NA	NA	unphased	0.916666666666667	0.916666666666667	1
2	141143465	141143466	40	9	4	3	1	1	NA	NA	NA	unphased	0.857142857142857	0.857142857142857	1
2	141243065	141243066	29	15	4	3	1	1	NA	NA	NA	unphased	1.59090909090909	0.795454545454545	2
2	141267566	141267567	132	28	4	3	1	1	NA	NA	NA	unphased	0.816666666666667	0.816666666666667	1
2	141625380	141625381	36	19	4	3	1	1	NA	NA	NA	unphased	1.61212121212121	0.806060606060606	2
2	141819817	141819818	53	10	4	3	1	1	NA	NA	NA	unphased	0.740740740740741	0.740740740740741	1
2	142004821	142004822	53	13	4	3	1	1	NA	NA	NA	unphased	0.919191919191919	0.919191919191919	1
2	152698450	152698451	113	29	4	3	1	1	NA	NA	NA	unphased	0.953051643192488	0.953051643192488	1
2	155555867	155555868	68	16	4	3	1	1	NA	NA	NA	unphased	0.888888888888889	0.888888888888889	1
2	155711780	155711781	17	9	4	3	1	1	NA	NA	NA	unphased	1.61538461538462	1.61538461538462	1
2	157427723	157427724	78	23	4	3	1	1	NA	NA	NA	unphased	1.06270627062706	1.06270627062706	1
2	160257128	160257129	10	4	4	3	1	1	NA	NA	NA	unphased	1.33333333333333	1.33333333333333	1
2	161143569	161143570	129	126	4	3	1	1	NA	NA	NA	unphased	2.30588235294118	1.15294117647059	2
2	161174685	161174686	22	6	4	3	1	1	NA	NA	NA	unphased	1	1	1
2	162751262	162751263	45	25	4	3	1	1	NA	NA	NA	unphased	1.66666666666667	0.833333333333333	2
2	163256745	163256746	55	21	4	3	1	1	NA	NA	NA	unphased	1.28947368421053	1.28947368421053	1
2	163374346	163374347	68	16	4	3	1	1	NA	NA	NA	unphased	0.888888888888889	0.888888888888889	1
2	166210892	166210893	57	17	4	3	1	1	NA	NA	NA	unphased	1.07207207207207	1.07207207207207	1
2	166909403	166909404	30	8	4	3	1	1	NA	NA	NA	unphased	0.982456140350877	0.982456140350877	1
2	167134812	167134813	13	4	4	3	1	1	NA	NA	NA	unphased	1.09803921568627	1.09803921568627	1
2	167760381	167760382	60	14	4	3	1	1	NA	NA	NA	unphased	0.882882882882883	0.882882882882883	1
2	168099999	168100000	34	8	4	3	1	1	NA	NA	NA	unphased	0.888888888888889	0.888888888888889	1
2	168101896	168101897	33	10	4	3	1	1	NA	NA	NA	unphased	1.08527131782946	1.08527131782946	1
2	169997052	169997053	35	10	4	3	1	1	NA	NA	NA	unphased	1.03703703703704	1.03703703703704	1
2	170038694	170038695	58	18	4	3	1	1	NA	NA	NA	unphased	1.10526315789474	1.10526315789474	1
2	171238559	171238560	43	10	4	3	1	1	NA	NA	NA	unphased	0.880503144654088	0.880503144654088	1
2	172942621	172942622	28	22	4	3	1	1	NA	NA	NA	unphased	2.05333333333333	1.02666666666667	2
2	173848253	173848254	80	13	4	3	1	1	NA	NA	NA	unphased	0.652329749103943	0.652329749103943	1
2	175436452	175436453	112	37	4	3	1	1	NA	NA	NA	unphased	1.15883668903803	1.15883668903803	1
2	176794801	176794802	59	7	4	3	1	1	NA	NA	NA	unphased	0.494949494949495	0.494949494949495	1
2	176945401	176945402	21	15	4	3	1	1	NA	NA	NA	unphased	1.94444444444444	0.972222222222222	2
2	176964795	176964796	16	3	4	3	1	1	NA	NA	NA	unphased	0.736842105263158	0.736842105263158	1
2	176981684	176981685	103	28	4	3	1	1	NA	NA	NA	unphased	0.997455470737914	0.997455470737914	1
2	179429976	179429977	105	29	4	3	1	1	NA	NA	NA	unphased	1.00995024875622	1.00995024875622	1
2	179432052	179432053	214	54	4	3	1	1	NA	NA	NA	unphased	0.940298507462687	0.940298507462687	1
2	179434969	179434970	53	12	4	3	1	1	NA	NA	NA	unphased	0.861538461538462	0.861538461538462	1
2	179439642	179439643	25	10	4	3	1	1	NA	NA	NA	unphased	1.33333333333333	1.33333333333333	1
2	179444016	179444017	64	25	4	3	1	1	NA	NA	NA	unphased	1.31086142322097	1.31086142322097	1
2	179451448	179451449	65	48	4	3	1	1	NA	NA	NA	unphased	1.98230088495575	0.991150442477876	2
2	179469748	179469749	118	90	4	3	1	1	NA	NA	NA	unphased	2.01923076923077	1.00961538461538	2
2	179528590	179528591	212	62	4	3	1	1	NA	NA	NA	unphased	1.05596107055961	1.05596107055961	1
2	179588867	179588868	19	13	4	3	1	1	NA	NA	NA	unphased	1.89583333333333	0.947916666666667	2
2	179592013	179592014	33	10	4	3	1	1	NA	NA	NA	unphased	1.08527131782946	1.08527131782946	1
2	179605446	179605447	46	42	4	3	1	1	NA	NA	NA	unphased	2.22727272727273	1.11363636363636	2
2	179606385	179606386	90	14	4	3	1	1	NA	NA	NA	unphased	0.628205128205128	0.628205128205128	1
2	179606419	179606420	75	17	4	3	1	1	NA	NA	NA	unphased	0.86231884057971	0.86231884057971	1
2	179611184	179611185	36	17	4	3	1	1	NA	NA	NA	unphased	1.49685534591195	0.748427672955975	2
2	179616286	179616287	113	16	4	3	1	1	NA	NA	NA	unphased	0.578811369509044	0.578811369509044	1
2	181922477	181922478	114	21	4	3	1	1	NA	NA	NA	unphased	0.725925925925926	0.725925925925926	1
2	185800518	185800519	39	10	3	2	1	1	NA	NA	NA	unphased	0.748299319727891	0.748299319727891	1
2	185800744	185800745	28	13	3	2	1	1	NA	NA	NA	unphased	1.16260162601626	1.16260162601626	1
2	185802352	185802353	36	12	3	2	1	1	NA	NA	NA	unphased	0.916666666666667	0.916666666666667	1
2	187605148	187605149	12	5	3	2	1	1	NA	NA	NA	unphased	1.07843137254902	1.07843137254902	1
2	187692725	187692726	20	7	3	2	1	1	NA	NA	NA	unphased	0.950617283950617	0.950617283950617	1
2	188243734	188243735	47	17	3	2	1	1	NA	NA	NA	unphased	0.973958333333333	0.973958333333333	1
2	189850438	189850439	33	17	3	2	1	1	NA	NA	NA	unphased	1.24666666666667	1.24666666666667	1
2	189856948	189856949	41	16	3	2	1	1	NA	NA	NA	unphased	1.02923976608187	1.02923976608187	1
2	189975121	189975122	32	20	3	2	1	1	NA	NA	NA	unphased	1.41025641025641	0.705128205128205	2
2	191843667	191843668	24	13	3	2	1	1	NA	NA	NA	unphased	1.28828828828829	1.28828828828829	1
2	202251066	202251067	61	20	3	2	1	1	NA	NA	NA	unphased	0.905349794238683	0.905349794238683	1
2	202712182	202712183	53	23	3	2	1	1	NA	NA	NA	unphased	1.10964912280702	1.10964912280702	1
2	203765833	203765834	13	9	3	2	1	1	NA	NA	NA	unphased	1.5	1.5	1
2	207026612	207026613	30	10	3	2	1	1	NA	NA	NA	unphased	0.916666666666667	0.916666666666667	1
2	207176279	207176280	22	6	3	2	1	1	NA	NA	NA	unphased	0.785714285714286	0.785714285714286	1
2	207414882	207414883	24	5	3	2	1	1	NA	NA	NA	unphased	0.632183908045977	0.632183908045977	1
2	207516618	207516619	33	17	3	2	1	1	NA	NA	NA	unphased	1.24666666666667	1.24666666666667	1
2	207569612	207569613	23	4	3	2	1	1	NA	NA	NA	unphased	0.54320987654321	0.54320987654321	1
2	210640609	210640610	60	14	3	2	1	1	NA	NA	NA	unphased	0.693693693693694	0.693693693693694	1
2	210650817	210650818	78	23	3	2	1	1	NA	NA	NA	unphased	0.834983498349835	0.834983498349835	1
2	211476929	211476930	47	17	3	2	1	1	NA	NA	NA	unphased	0.973958333333333	0.973958333333333	1
2	211502453	211502454	30	14	3	2	1	1	NA	NA	NA	unphased	1.16666666666667	1.16666666666667	1
2	211502454	211502455	30	16	3	2	1	1	NA	NA	NA	unphased	1.27536231884058	1.27536231884058	1
2	216248812	216248813	65	26	3	2	1	1	NA	NA	NA	unphased	1.04761904761905	1.04761904761905	1
2	217315566	217315567	36	7	3	2	1	1	NA	NA	NA	unphased	0.596899224806202	0.596899224806202	1
2	219029095	219029096	70	12	3	2	1	1	NA	NA	NA	unphased	0.536585365853658	0.536585365853658	1
2	219297605	219297606	34	13	3	2	1	1	NA	NA	NA	unphased	1.01418439716312	1.01418439716312	1
2	220038081	220038082	83	41	3	2	1	1	NA	NA	NA	unphased	1.21236559139785	1.21236559139785	1
2	220309647	220309648	58	29	3	2	1	1	NA	NA	NA	unphased	1.22222222222222	1.22222222222222	1
2	220336997	220336998	44	23	3	2	1	1	NA	NA	NA	unphased	1.25870646766169	1.25870646766169	1
2	220497731	220497732	17	29	3	2	1	1	NA	NA	NA	unphased	2.31159420289855	1.15579710144928	2
2	225266346	225266347	40	11	3	2	1	1	NA	NA	NA	unphased	0.790849673202614	0.790849673202614	1
2	225652115	225652116	146	64	3	2	1	1	NA	NA	NA	unphased	1.11746031746032	1.11746031746032	1
2	228168585	228168586	38	7	3	2	1	1	NA	NA	NA	unphased	0.57037037037037	0.57037037037037	1
2	228881412	228881413	58	20	3	2	1	1	NA	NA	NA	unphased	0.94017094017094	0.94017094017094	1
2	230377549	230377550	82	18	3	2	1	1	NA	NA	NA	unphased	0.66	0.66	1
2	231106192	231106193	11	11	3	2	1	1	NA	NA	NA	unphased	1.83333333333333	0.916666666666667	2
2	231174725	231174726	62	17	3	2	1	1	NA	NA	NA	unphased	0.789029535864979	0.789029535864979	1
2	233393311	233393312	128	35	3	2	1	1	NA	NA	NA	unphased	0.787321063394683	0.787321063394683	1
2	233431633	233431634	49	18	3	2	1	1	NA	NA	NA	unphased	0.985074626865672	0.985074626865672	1
2	234224722	234224723	6	3	3	2	1	1	NA	NA	NA	unphased	1.22222222222222	1.22222222222222	1
2	234669002	234669003	17	10	3	2	1	1	NA	NA	NA	unphased	1.35802469135802	1.35802469135802	1
2	238253295	238253296	68	26	3	2	1	1	NA	NA	NA	unphased	1.01418439716312	1.01418439716312	1
2	238283537	238283538	47	5	3	2	1	1	NA	NA	NA	unphased	0.352564102564103	0.352564102564103	1
2	238303594	238303595	60	27	3	2	1	1	NA	NA	NA	unphased	1.13793103448276	1.13793103448276	1
2	239003162	239003163	37	51	3	2	1	1	NA	NA	NA	unphased	2.125	1.0625	2
2	240969768	240969769	78	28	3	2	1	1	NA	NA	NA	unphased	0.968553459119497	0.968553459119497	1
2	241418977	241418978	124	31	3	2	1	1	NA	NA	NA	unphased	0.733333333333333	0.733333333333333	1
2	241533436	241533437	77	22	3	2	1	1	NA	NA	NA	unphased	0.814814814814815	0.814814814814815	1
2	242144349	242144350	58	23	3	2	1	1	NA	NA	NA	unphased	1.04115226337449	1.04115226337449	1
20	896604	896605	97	55	4	2	2	1	NA	NA	NA	unphased	1.68859649122807	0.844298245614035	2
20	1458022	1458023	97	64	4	2	2	1	NA	NA	NA	unphased	1.85507246376812	0.927536231884058	2
20	1592249	1592250	67	31	4	2	2	1	NA	NA	NA	unphased	1.47619047619048	0.738095238095238	2
20	3729934	3729935	21	4	4	2	2	1	NA	NA	NA	unphased	0.746666666666667	0.746666666666667	1
20	4228915	4228916	9	4	4	2	2	1	NA	NA	NA	unphased	1.43589743589744	1.43589743589744	1
20	4679879	4679880	68	35	4	2	2	1	NA	NA	NA	unphased	1.58576051779935	0.792880258899676	2
20	4768347	4768348	31	29	4	2	2	1	NA	NA	NA	unphased	2.25555555555556	1.12777777777778	2
20	4768348	4768349	33	29	4	2	2	1	NA	NA	NA	unphased	2.18279569892473	1.09139784946237	2
20	4913314	4913315	9	5	4	2	2	1	NA	NA	NA	unphased	1.66666666666667	1.66666666666667	1
20	9546656	9546657	108	68	4	2	2	1	NA	NA	NA	unphased	1.8030303030303	0.901515151515151	2
20	11903918	11903919	41	20	4	2	2	1	NA	NA	NA	unphased	1.53005464480874	0.765027322404372	2
20	20232361	20232362	78	60	4	2	2	1	NA	NA	NA	unphased	2.02898550724638	1.01449275362319	2
20	21689879	21689880	140	71	4	2	2	1	NA	NA	NA	unphased	1.57030015797788	0.785150078988942	2
20	35540892	35540893	12	5	3	2	1	1	NA	NA	NA	unphased	1.07843137254902	1.07843137254902	1
20	36869447	36869448	97	99	3	2	1	1	NA	NA	NA	unphased	1.85204081632653	0.926020408163265	2
20	37546872	37546873	144	43	3	2	1	1	NA	NA	NA	unphased	0.843137254901961	0.843137254901961	1
20	39833103	39833104	78	34	3	2	1	1	NA	NA	NA	unphased	1.11309523809524	1.11309523809524	1
20	40076593	40076594	34	44	3	2	1	1	NA	NA	NA	unphased	2.06837606837607	1.03418803418803	2
20	42979382	42979383	77	32	3	2	1	1	NA	NA	NA	unphased	1.07645259938838	1.07645259938838	1
20	43629115	43629116	18	3	3	2	1	1	NA	NA	NA	unphased	0.523809523809524	0.523809523809524	1
20	43932927	43932928	40	11	3	2	1	1	NA	NA	NA	unphased	0.790849673202614	0.790849673202614	1
20	44676201	44676202	80	34	3	2	1	1	NA	NA	NA	unphased	1.09356725146199	1.09356725146199	1
20	45355580	45355581	38	74	3	2	1	1	NA	NA	NA	unphased	2.42261904761905	1.21130952380952	2
20	48491356	48491357	112	25	3	2	1	1	NA	NA	NA	unphased	0.669099756690998	0.669099756690998	1
20	49620678	49620679	42	14	3	2	1	1	NA	NA	NA	unphased	0.916666666666667	0.916666666666667	1
20	55025689	55025690	25	12	4	2	2	1	NA	NA	NA	unphased	1.51351351351351	1.51351351351351	1
20	56139387	56139388	29	25	4	2	2	1	NA	NA	NA	unphased	2.16049382716049	1.08024691358025	2
20	57597946	57597947	38	15	4	2	2	1	NA	NA	NA	unphased	1.32075471698113	1.32075471698113	1
20	61542654	61542655	34	16	4	2	2	1	NA	NA	NA	unphased	1.49333333333333	0.746666666666667	2
20	61542655	61542656	34	17	4	2	2	1	NA	NA	NA	unphased	1.55555555555556	0.777777777777778	2
20	62076036	62076037	6	8	4	2	2	1	NA	NA	NA	unphased	2.66666666666667	1.33333333333333	2
21	10862950	10862951	128	93	NA	NA	NA	NA	NA	NA	NA	unphased	NA	NA	1
21	10906960	10906961	9	8	NA	NA	NA	NA	NA	NA	NA	unphased	NA	NA	1
21	27945253	27945254	21	26	2	2	0	1	NA	NA	NA	unphased	1.47517730496454	0.73758865248227	2
21	28296871	28296872	21	59	2	2	0	1	NA	NA	NA	unphased	1.96666666666667	0.983333333333333	2
21	28307053	28307054	7	28	2	2	0	1	NA	NA	NA	unphased	2.13333333333333	1.06666666666667	2
21	31692033	31692034	23	62	2	2	0	1	NA	NA	NA	unphased	1.94509803921569	0.972549019607843	2
21	37623565	37623566	38	12	3	3	0	1	NA	NA	NA	unphased	0.88	0.88	1
21	40765116	40765117	43	17	3	3	0	1	NA	NA	NA	unphased	1.03888888888889	1.03888888888889	1
21	41385051	41385052	29	9	3	3	0	1	NA	NA	NA	unphased	0.868421052631579	0.868421052631579	1
21	45845685	45845686	2	9	2	2	0	1	NA	NA	NA	unphased	2.18181818181818	1.09090909090909	2
21	45947322	45947323	11	45	2	2	0	1	NA	NA	NA	unphased	2.14285714285714	1.07142857142857	2
21	46703296	46703297	60	42	NA	NA	NA	NA	NA	NA	NA	unphased	NA	NA	1
21	47537830	47537831	19	11	4	2	2	1	NA	NA	NA	unphased	1.71111111111111	0.855555555555556	2
22	16256602	16256603	58	5	NA	NA	NA	NA	NA	NA	NA	unphased	NA	NA	1
22	18300792	18300793	27	13	4	2	2	1	NA	NA	NA	unphased	1.51666666666667	1.51666666666667	1
22	21327771	21327772	22	46	NA	NA	NA	NA	NA	NA	NA	unphased	NA	NA	1
22	26423062	26423063	23	65	2	2	0	1	NA	NA	NA	unphased	1.96969696969697	0.984848484848485	2
22	31583065	31583066	25	66	2	2	0	1	NA	NA	NA	unphased	1.93406593406593	0.967032967032967	2
22	32589151	32589152	10	59	2	2	0	1	NA	NA	NA	unphased	2.28019323671498	1.14009661835749	2
22	32617002	32617003	7	40	2	2	0	1	NA	NA	NA	unphased	2.26950354609929	1.13475177304965	2
22	34046643	34046644	6	21	2	2	0	1	NA	NA	NA	unphased	2.07407407407407	1.03703703703704	2
22	37485703	37485704	4	17	2	2	0	1	NA	NA	NA	unphased	2.15873015873016	1.07936507936508	2
22	38884144	38884145	10	25	2	2	0	1	NA	NA	NA	unphased	1.9047619047619	0.952380952380952	2
22	40075818	40075819	3	9	2	2	0	1	NA	NA	NA	unphased	2	1	2
22	41783369	41783370	33	9	2	2	0	1	NA	NA	NA	unphased	0.571428571428571	0.571428571428571	1
22	42606591	42606592	20	55	2	2	0	1	NA	NA	NA	unphased	1.95555555555556	0.977777777777778	2
22	43460211	43460212	8	20	2	2	0	1	NA	NA	NA	unphased	1.9047619047619	0.952380952380952	2
22	47370294	47370295	1	12	2	2	0	1	NA	NA	NA	unphased	2.46153846153846	1.23076923076923	2
3	7188304	7188305	16	26	2	2	0	1	NA	NA	NA	unphased	1.65079365079365	0.825396825396825	2
3	7494430	7494431	7	18	2	2	0	1	NA	NA	NA	unphased	1.92	0.96	2
3	13420446	13420447	21	48	2	2	0	1	NA	NA	NA	unphased	1.85507246376812	0.927536231884058	2
3	14200155	14200156	25	110	2	2	0	1	NA	NA	NA	unphased	2.17283950617284	1.08641975308642	2
3	25660274	25660275	8	6	2	2	0	1	NA	NA	NA	unphased	1.14285714285714	1.14285714285714	1
3	25833305	25833306	16	38	2	2	0	1	NA	NA	NA	unphased	1.87654320987654	0.938271604938272	2
3	33870349	33870350	16	26	2	2	0	1	NA	NA	NA	unphased	1.65079365079365	0.825396825396825	2
3	40573784	40573785	6	22	2	2	0	1	NA	NA	NA	unphased	2.0952380952381	1.04761904761905	2
3	42448643	42448644	7	31	2	2	0	1	NA	NA	NA	unphased	2.17543859649123	1.08771929824561	2
3	42950386	42950387	25	11	2	2	0	1	NA	NA	NA	unphased	0.814814814814815	0.814814814814815	1
3	46539703	46539704	11	38	2	2	0	1	NA	NA	NA	unphased	2.06802721088435	1.03401360544218	2
3	54959163	54959164	1	11	2	2	0	1	NA	NA	NA	unphased	2.44444444444444	1.22222222222222	2
3	58190581	58190582	9	15	2	2	0	1	NA	NA	NA	unphased	1.66666666666667	0.833333333333333	2
3	73433717	73433718	95	21	5	3	2	1	NA	NA	NA	unphased	1.02586206896552	1.02586206896552	1
3	73433799	73433800	120	54	5	3	2	1	NA	NA	NA	unphased	1.75862068965517	0.879310344827586	2
3	77671421	77671422	40	40	5	3	2	1	NA	NA	NA	unphased	2.83333333333333	0.944444444444444	3
3	79067693	79067694	14	3	5	3	2	1	NA	NA	NA	unphased	1	1	1
3	89391030	89391031	36	18	3.16	3	2	0.54	1	0	0.46	unphased	1.27555555555556	1.27555555555556	1
3	89391032	89391033	36	18	3.16	3	2	0.54	1	0	0.46	unphased	1.27555555555556	1.27555555555556	1
3	97599970	97599971	12	11	3.16	3	2	0.54	1	0	0.46	unphased	1.83014492753623	0.879877369007804	2.08
3	100467003	100467004	62	44	3.16	3	2	0.54	1	0	0.46	unphased	1.58842767295597	1.0314465408805	1.54
3	100617621	100617622	63	11	3.16	3	2	0.54	1	0	0.46	unphased	0.568828828828829	1.05338672005339	0.54
3	101573502	101573503	60	8	3.16	3	2	0.54	1	0	0.46	unphased	0.450196078431373	0.833696441539579	0.54
3	107096480	107096481	52	59	3.16	3	2	0.54	1	0	0.46	unphased	2.03399399399399	0.977881727881728	2.08
3	108182077	108182078	106	53	3.16	3	2	0.54	1	0	0.46	unphased	1.27555555555556	0.828282828282828	1.54
3	108572489	108572490	91	19	3.16	3	2	0.54	1	0	0.46	unphased	0.660969696969697	1.22401795735129	0.54
3	108703561	108703562	44	11	3.16	3	2	0.54	1	0	0.46	unphased	0.765333333333333	0.765333333333333	1
3	108773721	108773722	20	31	3.16	3	2	0.54	1	0	0.46	unphased	2.32601307189542	0.915753177911585	2.54
3	109019250	109019251	119	21	3.16	3	2	0.54	1	0	0.46	unphased	0.574	1.06296296296296	0.54
3	111603475	111603476	57	28	3.16	3	2	0.54	1	0	0.46	unphased	1.26054901960784	1.26054901960784	1
3	111681103	111681104	49	72	3.16	3	2	0.54	1	0	0.46	unphased	2.27702479338843	1.09472345835982	2.08
3	111693435	111693436	88	75	3.16	3	2	0.54	1	0	0.46	unphased	1.76073619631902	1.14333519241495	1.54
3	112337824	112337825	47	48	3.16	3	2	0.54	1	0	0.46	unphased	1.93347368421053	0.929554655870445	2.08
3	112564524	112564525	45	44	3.16	3	2	0.54	1	0	0.46	unphased	1.89183520599251	0.909536156727168	2.08
3	113378521	113378522	72	32	3.16	3	2	0.54	1	0	0.46	unphased	1.1774358974359	1.1774358974359	1
3	113672952	113672953	164	26	3.16	3	2	0.54	1	0	0.46	unphased	0.523649122807018	0.969720597790773	0.54
3	115560704	115560705	68	29	3.16	3	2	0.54	1	0	0.46	unphased	1.14405498281787	1.14405498281787	1
3	124053316	124053317	10	23	3	2	1	1	NA	NA	NA	unphased	2.55555555555556	1.27777777777778	2
3	124431917	124431918	91	21	3	2	1	1	NA	NA	NA	unphased	0.6875	0.6875	1
3	126916268	126916269	7	5	3	2	1	1	NA	NA	NA	unphased	1.52777777777778	1.52777777777778	1
3	130799420	130799421	11	6	3	2	1	1	NA	NA	NA	unphased	1.29411764705882	1.29411764705882	1
3	133358845	133358846	33	17	3	2	1	1	NA	NA	NA	unphased	1.24666666666667	1.24666666666667	1
3	134911547	134911548	35	11	3	2	1	1	NA	NA	NA	unphased	0.876811594202899	0.876811594202899	1
3	142840049	142840050	3	10	3	2	1	1	NA	NA	NA	unphased	2.82051282051282	1.41025641025641	2
3	145795654	145795655	68	21	3	2	1	1	NA	NA	NA	unphased	0.865168539325843	0.865168539325843	1
3	145841965	145841966	18	5	3	2	1	1	NA	NA	NA	unphased	0.797101449275362	0.797101449275362	1
3	148583100	148583101	46	22	3	2	1	1	NA	NA	NA	unphased	1.18627450980392	1.18627450980392	1
3	155611421	155611422	10	14	3	2	1	1	NA	NA	NA	unphased	2.13888888888889	1.06944444444444	2
3	155615826	155615827	135	49	3	2	1	1	NA	NA	NA	unphased	0.976449275362319	0.976449275362319	1
3	158366914	158366915	54	17	3	2	1	1	NA	NA	NA	unphased	0.877934272300469	0.877934272300469	1
3	158787224	158787225	50	15	3	2	1	1	NA	NA	NA	unphased	0.846153846153846	0.846153846153846	1
3	168269690	168269691	22	26	3	2	1	1	NA	NA	NA	unphased	1.98611111111111	0.993055555555556	2
3	171431772	171431773	29	29	3	2	1	1	NA	NA	NA	unphased	1.83333333333333	0.916666666666667	2
3	179426667	179426668	61	32	3	2	1	1	NA	NA	NA	unphased	1.26164874551971	1.26164874551971	1
3	179460011	179460012	21	10	3	2	1	1	NA	NA	NA	unphased	1.18279569892473	1.18279569892473	1
3	179597741	179597742	54	18	3	2	1	1	NA	NA	NA	unphased	0.916666666666667	0.916666666666667	1
3	186437938	186437939	35	19	3	2	1	1	NA	NA	NA	unphased	1.29012345679012	1.29012345679012	1
3	187416723	187416724	18	15	3	2	1	1	NA	NA	NA	unphased	1.66666666666667	0.833333333333333	2
3	191092870	191092871	24	9	2	1	1	1	NA	NA	NA	unphased	0.727272727272727	0.727272727272727	1
3	192516977	192516978	30	11	2	1	1	1	NA	NA	NA	unphased	0.715447154471545	0.715447154471545	1
3	194118182	194118183	24	21	2	1	1	1	NA	NA	NA	unphased	1.24444444444444	1.24444444444444	1
3	196812494	196812495	39	35	2	1	1	1	NA	NA	NA	unphased	1.26126126126126	1.26126126126126	1
3	197402065	197402066	37	14	2	1	1	1	NA	NA	NA	unphased	0.73202614379085	0.73202614379085	1
4	877134	877135	18	43	NA	NA	NA	NA	NA	NA	NA	unphased	NA	NA	1
4	2306275	2306276	11	19	2	2	0	1	NA	NA	NA	unphased	1.68888888888889	0.844444444444444	2
4	4276137	4276138	152	96	2	2	0	1	NA	NA	NA	unphased	1.03225806451613	1.03225806451613	1
4	5642296	5642297	57	146	2	2	0	1	NA	NA	NA	unphased	1.91789819376026	0.958949096880131	2
4	8588915	8588916	13	27	2	2	0	1	NA	NA	NA	unphased	1.8	0.9	2
4	13603772	13603773	27	10	3	2	1	1	NA	NA	NA	unphased	0.990990990990991	0.990990990990991	1
4	17516914	17516915	38	7	3	2	1	1	NA	NA	NA	unphased	0.57037037037037	0.57037037037037	1
4	21950326	21950327	8	4	3	2	1	1	NA	NA	NA	unphased	1.22222222222222	1.22222222222222	1
4	22389608	22389609	87	21	3	2	1	1	NA	NA	NA	unphased	0.712962962962963	0.712962962962963	1
4	26484828	26484829	62	21	3	2	1	1	NA	NA	NA	unphased	0.927710843373494	0.927710843373494	1
4	38776611	38776612	21	40	3	2	1	1	NA	NA	NA	unphased	2.40437158469945	1.20218579234973	2
4	39409047	39409048	28	39	3	2	1	1	NA	NA	NA	unphased	2.13432835820896	1.06716417910448	2
4	42145612	42145613	4	6	3	2	1	1	NA	NA	NA	unphased	2.2	1.1	2
4	44450424	44450425	30	7	4	3	1	1	NA	NA	NA	unphased	0.882882882882883	0.882882882882883	1
4	46305629	46305630	23	9	1.36	2	1	0.18	1	0	0.82	unphased	0.57	0.57	1
4	52779762	52779763	10	27	2	2	0	1	NA	NA	NA	unphased	1.94594594594595	0.972972972972973	2
4	52861528	52861529	15	61	2	2	0	1	NA	NA	NA	unphased	2.14035087719298	1.07017543859649	2
4	52861698	52861699	20	44	2	2	0	1	NA	NA	NA	unphased	1.83333333333333	0.916666666666667	2
4	62542545	62542546	27	92	2	2	0	1	NA	NA	NA	unphased	2.06162464985994	1.03081232492997	2
4	66280008	66280009	5	28	3	3	0	1	NA	NA	NA	unphased	3.11111111111111	1.03703703703704	3
4	68934400	68934401	9	38	2	2	0	1	NA	NA	NA	unphased	2.15602836879433	1.07801418439716	2
4	70359505	70359506	17	29	2	2	0	1	NA	NA	NA	unphased	1.68115942028986	0.840579710144928	2
4	74021862	74021863	7	15	2	2	0	1	NA	NA	NA	unphased	1.81818181818182	0.909090909090909	2
4	85687017	85687018	10	30	2	2	0	1	NA	NA	NA	unphased	2	1	2
4	88898092	88898093	8	8	2	2	0	1	NA	NA	NA	unphased	1.33333333333333	1.33333333333333	1
4	94436513	94436514	25	5	2	2	0	1	NA	NA	NA	unphased	0.444444444444444	0.444444444444444	1
4	110223090	110223091	16	40	2	2	0	1	NA	NA	NA	unphased	1.9047619047619	0.952380952380952	2
4	110433127	110433128	20	16	2	2	0	1	NA	NA	NA	unphased	1.18518518518519	1.18518518518519	1
4	111464188	111464189	14	32	2	2	0	1	NA	NA	NA	unphased	1.85507246376812	0.927536231884058	2
4	111539291	111539292	8	29	2	2	0	1	NA	NA	NA	unphased	2.09009009009009	1.04504504504505	2
4	114279969	114279970	11	35	2	2	0	1	NA	NA	NA	unphased	2.02898550724638	1.01449275362319	2
4	123350834	123350835	6	35	2	2	0	1	NA	NA	NA	unphased	2.27642276422764	1.13821138211382	2
4	128804506	128804507	16	9	3	3	0	1	NA	NA	NA	unphased	1.32	1.32	1
4	134072993	134072994	8	43	2	2	0	1	NA	NA	NA	unphased	2.2483660130719	1.12418300653595	2
4	143114322	143114323	17	70	2	2	0	1	NA	NA	NA	unphased	2.1455938697318	1.0727969348659	2
4	151504909	151504910	30	27	2	2	0	1	NA	NA	NA	unphased	1.26315789473684	1.26315789473684	1
4	187455381	187455382	15	18	1	1	0	1	NA	NA	NA	unphased	0.909090909090909	0.909090909090909	1
5	7784548	7784549	95	54	9	7	2	1	NA	NA	NA	unphased	3.50335570469799	0.875838926174497	4
5	7802379	7802380	81	13	9	7	2	1	NA	NA	NA	unphased	1.33687943262411	1.33687943262411	1
5	7878079	7878080	148	49	9	7	2	1	NA	NA	NA	unphased	2.40439932318105	0.80146644106035	3
5	7892927	7892928	44	111	9	7	2	1	NA	NA	NA	unphased	6.92258064516129	0.988940092165899	7
5	11364903	11364904	56	197	9	7	2	1	NA	NA	NA	unphased	7.5270092226614	1.07528703180877	7
5	15936988	15936989	29	24	6	4	2	1	NA	NA	NA	unphased	3.0188679245283	1.0062893081761	3
5	16067807	16067808	51	34	6	4	2	1	NA	NA	NA	unphased	2.66666666666667	0.888888888888889	3
5	16067808	16067809	53	34	6	4	2	1	NA	NA	NA	unphased	2.60536398467433	0.86845466155811	3
5	24535923	24535924	57	15	6	4	2	1	NA	NA	NA	unphased	1.38888888888889	1.38888888888889	1
5	33462205	33462206	137	19	9	7	2	1	NA	NA	NA	unphased	1.17735042735043	1.17735042735043	1
5	33576395	33576396	281	68	9	7	2	1	NA	NA	NA	unphased	1.88347659980898	0.941738299904489	2
5	35048019	35048020	68	10	9	7	2	1	NA	NA	NA	unphased	1.23931623931624	1.23931623931624	1
5	36066871	36066872	285	75	9	7	2	1	NA	NA	NA	unphased	2.01388888888889	1.00694444444444	2
5	37396475	37396476	59	51	7	5	2	1	NA	NA	NA	unphased	3.55454545454545	0.888636363636364	4
5	39316072	39316073	78	7	7	5	2	1	NA	NA	NA	unphased	0.631372549019608	0.631372549019608	1
5	41051184	41051185	26	7	7	5	2	1	NA	NA	NA	unphased	1.62626262626263	1.62626262626263	1
5	41181493	41181494	97	14	7	5	2	1	NA	NA	NA	unphased	0.966966966966967	0.966966966966967	1
5	42629193	42629194	2	50	7	5	2	1	NA	NA	NA	unphased	7.37179487179487	1.47435897435897	5
5	43675652	43675653	56	9	4	2	2	1	NA	NA	NA	unphased	0.646153846153846	0.646153846153846	1
5	45303796	45303797	70	22	4	2	2	1	NA	NA	NA	unphased	1.11594202898551	1.11594202898551	1
5	52096766	52096767	55	52	4	2	2	1	NA	NA	NA	unphased	2.26791277258567	1.13395638629283	2
5	52780022	52780023	76	44	4	2	2	1	NA	NA	NA	unphased	1.71111111111111	0.855555555555556	2
5	63905071	63905072	4	20	2	2	0	1	NA	NA	NA	unphased	2.22222222222222	1.11111111111111	2
5	65321769	65321770	11	4	2	2	0	1	NA	NA	NA	unphased	0.711111111111111	0.711111111111111	1
5	82818082	82818083	8	31	2	2	0	1	NA	NA	NA	unphased	2.11965811965812	1.05982905982906	2
5	94353139	94353140	14	33	2	2	0	1	NA	NA	NA	unphased	1.87234042553191	0.936170212765957	2
5	112257940	112257941	6	3	2	2	0	1	NA	NA	NA	unphased	0.888888888888889	0.888888888888889	1
5	112676325	112676326	19	13	2	2	0	1	NA	NA	NA	unphased	1.08333333333333	1.08333333333333	1
5	126738320	126738321	14	28	2	2	0	1	NA	NA	NA	unphased	1.77777777777778	0.888888888888889	2
5	126781277	126781278	12	27	2	2	0	1	NA	NA	NA	unphased	1.84615384615385	0.923076923076923	2
5	131879087	131879088	15	32	2	2	0	1	NA	NA	NA	unphased	1.81560283687943	0.907801418439716	2
5	140166960	140166961	9	30	2	2	0	1	NA	NA	NA	unphased	2.05128205128205	1.02564102564103	2
5	140188220	140188221	17	40	2	2	0	1	NA	NA	NA	unphased	1.87134502923977	0.935672514619883	2
5	140216115	140216116	12	48	2	2	0	1	NA	NA	NA	unphased	2.13333333333333	1.06666666666667	2
5	140480639	140480640	15	35	2	2	0	1	NA	NA	NA	unphased	1.86666666666667	0.933333333333333	2
5	140596211	140596212	4	11	2	2	0	1	NA	NA	NA	unphased	1.95555555555556	0.977777777777778	2
5	140627301	140627302	53	123	2	2	0	1	NA	NA	NA	unphased	1.86363636363636	0.931818181818182	2
5	140627302	140627303	53	120	2	2	0	1	NA	NA	NA	unphased	1.84971098265896	0.92485549132948	2
5	149247309	149247310	5	14	2	2	0	1	NA	NA	NA	unphased	1.96491228070175	0.982456140350877	2
5	151266283	151266284	17	42	2	2	0	1	NA	NA	NA	unphased	1.89830508474576	0.949152542372881	2
5	156565703	156565704	5	10	2	2	0	1	NA	NA	NA	unphased	1.77777777777778	0.888888888888889	2
5	160059307	160059308	34	14	2	2	0	1	NA	NA	NA	unphased	0.777777777777778	0.777777777777778	1
5	160761776	160761777	10	19	2	2	0	1	NA	NA	NA	unphased	1.74712643678161	0.873563218390805	2
5	167643926	167643927	11	33	2	2	0	1	NA	NA	NA	unphased	2	1	2
5	168096806	168096807	15	9	2	2	0	1	NA	NA	NA	unphased	1	1	1
5	169174458	169174459	7	13	2	2	0	1	NA	NA	NA	unphased	1.73333333333333	0.866666666666667	2
5	176517420	176517421	7	23	2	2	0	1	NA	NA	NA	unphased	2.04444444444444	1.02222222222222	2
5	176696756	176696757	69	19	2	2	0	1	NA	NA	NA	unphased	0.575757575757576	0.575757575757576	1
5	176923489	176923490	6	4	2	2	0	1	NA	NA	NA	unphased	1.06666666666667	1.06666666666667	1
6	13612222	13612223	5	9	3	3	0	1	NA	NA	NA	unphased	2.35714285714286	1.17857142857143	2
6	17292137	17292138	27	16	3	3	0	1	NA	NA	NA	unphased	1.36434108527132	1.36434108527132	1
6	25913456	25913457	2	21	3	3	0	1	NA	NA	NA	unphased	3.34782608695652	1.11594202898551	3
6	26431537	26431538	14	48	3	3	0	1	NA	NA	NA	unphased	2.83870967741935	0.946236559139785	3
6	28872320	28872321	4	37	3	3	0	1	NA	NA	NA	unphased	3.30894308943089	1.1029810298103	3
6	29644686	29644687	13	77	3	3	0	1	NA	NA	NA	unphased	3.13703703703704	1.04567901234568	3
6	30121888	30121889	17	22	3	3	0	1	NA	NA	NA	unphased	2.06837606837607	1.03418803418803	2
6	31617042	31617043	12	102	3	3	0	1	NA	NA	NA	unphased	3.28070175438596	1.09356725146199	3
6	32138713	32138714	23	94	3	3	0	1	NA	NA	NA	unphased	2.94586894586895	0.981956315289649	3
6	34558314	34558315	20	11	2	2	0	1	NA	NA	NA	unphased	0.946236559139785	0.946236559139785	1
6	37623513	37623514	5	13	2	2	0	1	NA	NA	NA	unphased	1.92592592592593	0.962962962962963	2
6	46826558	46826559	5	31	2	2	0	1	NA	NA	NA	unphased	2.2962962962963	1.14814814814815	2
6	50683289	50683290	68	54	3	2	1	1	NA	NA	NA	unphased	1.62295081967213	0.811475409836066	2
6	50683292	50683293	71	55	3	2	1	1	NA	NA	NA	unphased	1.6005291005291	0.80026455026455	2
6	51613289	51613290	49	16	3	2	1	1	NA	NA	NA	unphased	0.902564102564103	0.902564102564103	1
6	51774134	51774135	59	53	3	2	1	1	NA	NA	NA	unphased	1.73511904761905	0.867559523809524	2
6	55223722	55223723	29	48	3	2	1	1	NA	NA	NA	unphased	2.28571428571429	1.14285714285714	2
6	56373488	56373489	51	19	3	2	1	1	NA	NA	NA	unphased	0.995238095238095	0.995238095238095	1
6	56846712	56846713	22	20	3	2	1	1	NA	NA	NA	unphased	1.74603174603175	0.873015873015873	2
6	66205226	66205227	5	30	2	2	0	1	NA	NA	NA	unphased	2.28571428571429	1.14285714285714	2
6	70462160	70462161	7	8	2	2	0	1	NA	NA	NA	unphased	1.42222222222222	1.42222222222222	1
6	79695069	79695070	33	14	2	2	0	1	NA	NA	NA	unphased	0.794326241134752	0.794326241134752	1
6	87796135	87796136	33	16	2	2	0	1	NA	NA	NA	unphased	0.870748299319728	0.870748299319728	1
6	89600239	89600240	6	11	2	2	0	1	NA	NA	NA	unphased	1.72549019607843	0.862745098039216	2
6	89868112	89868113	7	37	2	2	0	1	NA	NA	NA	unphased	2.24242424242424	1.12121212121212	2
6	90576932	90576933	16	42	2	2	0	1	NA	NA	NA	unphased	1.93103448275862	0.96551724137931	2
6	110714268	110714269	30	80	2	2	0	1	NA	NA	NA	unphased	1.93939393939394	0.96969696969697	2
6	116752285	116752286	23	11	2	2	0	1	NA	NA	NA	unphased	0.862745098039216	0.862745098039216	1
6	129419477	129419478	10	25	2	2	0	1	NA	NA	NA	unphased	1.9047619047619	0.952380952380952	2
6	131211454	131211455	20	68	2	2	0	1	NA	NA	NA	unphased	2.06060606060606	1.03030303030303	2
6	132173313	132173314	10	13	2	2	0	1	NA	NA	NA	unphased	1.50724637681159	0.753623188405797	2
6	133073887	133073888	39	26	2	2	0	1	NA	NA	NA	unphased	1.06666666666667	1.06666666666667	1
6	136599568	136599569	168	59	2	2	0	1	NA	NA	NA	unphased	0.693098384728341	0.693098384728341	1
6	142759435	142759436	2	12	2	2	0	1	NA	NA	NA	unphased	2.28571428571429	1.14285714285714	2
6	151055095	151055096	8	25	2	2	0	1	NA	NA	NA	unphased	2.02020202020202	1.01010101010101	2
6	159653821	159653822	21	18	2	2	0	1	NA	NA	NA	unphased	1.23076923076923	1.23076923076923	1
6	165846532	165846533	24	16	2	2	0	1	NA	NA	NA	unphased	1.06666666666667	1.06666666666667	1
6	167413565	167413566	6	14	2	2	0	1	NA	NA	NA	unphased	1.86666666666667	0.933333333333333	2
7	803565	803566	124	28	4	3	1	1	NA	NA	NA	unphased	0.859649122807018	0.859649122807018	1
7	1015097	1015098	25	5	4	3	1	1	NA	NA	NA	unphased	0.777777777777778	0.777777777777778	1
7	2608598	2608599	12	26	4	3	1	1	NA	NA	NA	unphased	3.19298245614035	1.06432748538012	3
7	8153501	8153502	41	40	4	3	1	1	NA	NA	NA	unphased	2.30452674897119	1.1522633744856	2
7	13971304	13971305	41	12	4	3	1	1	NA	NA	NA	unphased	1.05660377358491	1.05660377358491	1
7	18688205	18688206	22	52	4	3	1	1	NA	NA	NA	unphased	3.27927927927928	1.09309309309309	3
7	31691582	31691583	9	7	4.52	3	2	0.88	0	1	0.12	unphased	2.26916666666667	0.859532828282828	2.64
7	36438850	36438851	25	18	4.52	3	2	0.88	0	1	0.12	unphased	2.17116279069767	1.15487382483919	1.88
7	36438853	36438854	26	18	4.52	3	2	0.88	0	1	0.12	unphased	2.12181818181818	1.12862669245648	1.88
7	37264515	37264516	77	39	4.52	3	2	0.88	0	1	0.12	unphased	1.74379310344828	0.990791536050157	1.76
7	38500883	38500884	143	60	4.52	3	2	0.88	0	1	0.12	unphased	1.53300492610837	0.87102552619794	1.76
7	39379545	39379546	41	41	4.52	3	2	0.88	0	1	0.12	unphased	2.59333333333333	0.982323232323232	2.64
7	44153352	44153353	102	21	4.52	3	2	0.88	0	1	0.12	unphased	0.885528455284553	0.885528455284553	1
7	45701757	45701758	35	8	4.52	3	2	0.88	0	1	0.12	unphased	0.964961240310078	0.964961240310078	1
7	48026796	48026797	10	8	4.52	3	2	0.88	0	1	0.12	unphased	2.30518518518519	0.87317620650954	2.64
7	48308600	48308601	8	2	4.52	3	2	0.88	0	1	0.12	unphased	1.03733333333333	1.03733333333333	1
7	48563909	48563910	15	13	4.52	3	2	0.88	0	1	0.12	unphased	2.40809523809524	0.912157287157287	2.64
7	53103600	53103601	39	10	4	3	1	1	NA	NA	NA	unphased	0.952380952380952	0.952380952380952	1
7	54617821	54617822	10	14	4	3	1	1	NA	NA	NA	unphased	2.72222222222222	0.907407407407407	3
7	55914329	55914330	24	6	4	3	1	1	NA	NA	NA	unphased	0.933333333333333	0.933333333333333	1
7	70231274	70231275	19	6	2	1	1	1	NA	NA	NA	unphased	0.64	0.64	1
7	72413236	72413237	244	33	2	1	1	1	NA	NA	NA	unphased	0.317689530685921	0.317689530685921	1
7	72738484	72738485	77	27	2	1	1	1	NA	NA	NA	unphased	0.692307692307692	0.692307692307692	1
7	72984916	72984917	9	7	2	1	1	1	NA	NA	NA	unphased	1.16666666666667	1.16666666666667	1
7	77789349	77789350	29	15	2	1	1	1	NA	NA	NA	unphased	0.909090909090909	0.909090909090909	1
7	82390061	82390062	8	9	3	2	1	1	NA	NA	NA	unphased	1.94117647058824	0.970588235294118	2
7	82453731	82453732	12	12	3	2	1	1	NA	NA	NA	unphased	1.83333333333333	0.916666666666667	2
7	84636135	84636136	51	63	3	2	1	1	NA	NA	NA	unphased	2.02631578947368	1.01315789473684	2
7	89790486	89790487	60	19	3	2	1	1	NA	NA	NA	unphased	0.881856540084388	0.881856540084388	1
7	91504068	91504069	14	7	3	2	1	1	NA	NA	NA	unphased	1.22222222222222	1.22222222222222	1
7	92210861	92210862	41	6	3	2	1	1	NA	NA	NA	unphased	0.468085106382979	0.468085106382979	1
7	92730516	92730517	9	9	3	2	1	1	NA	NA	NA	unphased	1.83333333333333	0.916666666666667	2
7	92848566	92848567	35	23	3	2	1	1	NA	NA	NA	unphased	1.45402298850575	0.727011494252874	2
7	99146056	99146057	13	18	3	2	1	1	NA	NA	NA	unphased	2.12903225806452	1.06451612903226	2
7	100469166	100469167	24	28	3	2	1	1	NA	NA	NA	unphased	1.97435897435897	0.987179487179487	2
7	100674436	100674437	107	22	3	2	1	1	NA	NA	NA	unphased	0.625322997416021	0.625322997416021	1
7	100686269	100686270	40	58	3	2	1	1	NA	NA	NA	unphased	2.17006802721088	1.08503401360544	2
7	100773861	100773862	127	122	3	2	1	1	NA	NA	NA	unphased	1.79651941097724	0.898259705488621	2
7	103252089	103252090	7	15	4	3	1	1	NA	NA	NA	unphased	3.18181818181818	1.06060606060606	3
7	106508672	106508673	93	57	4	3	1	1	NA	NA	NA	unphased	1.77333333333333	0.886666666666667	2
7	107546742	107546743	38	6	4	3	1	1	NA	NA	NA	unphased	0.636363636363636	0.636363636363636	1
7	107704223	107704224	156	39	4	3	1	1	NA	NA	NA	unphased	0.933333333333333	0.933333333333333	1
7	107704253	107704254	57	128	4	3	1	1	NA	NA	NA	unphased	3.22882882882883	1.07627627627628	3
7	107706880	107706881	60	7	4	3	1	1	NA	NA	NA	unphased	0.487562189054726	0.487562189054726	1
7	107818535	107818536	7	27	4	3	1	1	NA	NA	NA	unphased	3.70588235294118	1.23529411764706	3
7	107818537	107818538	7	25	4	3	1	1	NA	NA	NA	unphased	3.64583333333333	1.21527777777778	3
7	107872907	107872908	94	36	4	3	1	1	NA	NA	NA	unphased	1.29230769230769	1.29230769230769	1
7	112090694	112090695	19	4	4	3	1	1	NA	NA	NA	unphased	0.811594202898551	0.811594202898551	1
7	113519555	113519556	63	10	6	5	1	1	NA	NA	NA	unphased	0.91324200913242	0.91324200913242	1
7	114655760	114655761	473	99	NA	NA	NA	NA	NA	NA	NA	unphased	NA	NA	1
7	120991231	120991232	26	18	3	2	1	1	NA	NA	NA	unphased	1.5	0.75	2
7	121653038	121653039	12	19	3	2	1	1	NA	NA	NA	unphased	2.24731182795699	1.12365591397849	2
7	123593725	123593726	31	8	3	2	1	1	NA	NA	NA	unphased	0.752136752136752	0.752136752136752	1
7	126698173	126698174	11	4	3	2	1	1	NA	NA	NA	unphased	0.977777777777778	0.977777777777778	1
7	128446886	128446887	14	18	3	2	1	1	NA	NA	NA	unphased	2.0625	1.03125	2
7	128491635	128491636	62	13	3	2	1	1	NA	NA	NA	unphased	0.635555555555556	0.635555555555556	1
7	129962350	129962351	61	17	3	2	1	1	NA	NA	NA	unphased	0.799145299145299	0.799145299145299	1
7	129987643	129987644	16	15	3	2	1	1	NA	NA	NA	unphased	1.7741935483871	0.887096774193548	2
7	131865395	131865396	33	6	3	2	1	1	NA	NA	NA	unphased	0.564102564102564	0.564102564102564	1
7	131870219	131870220	30	31	3	2	1	1	NA	NA	NA	unphased	1.86338797814208	0.931693989071038	2
7	132193097	132193098	39	15	3	2	1	1	NA	NA	NA	unphased	1.01851851851852	1.01851851851852	1
7	134133179	134133180	46	44	3	2	1	1	NA	NA	NA	unphased	1.79259259259259	0.896296296296296	2
7	134939888	134939889	65	51	3	2	1	1	NA	NA	NA	unphased	1.61206896551724	0.806034482758621	2
7	139268705	139268706	23	19	3	2	1	1	NA	NA	NA	unphased	1.65873015873016	0.829365079365079	2
7	140125836	140125837	74	20	3	2	1	1	NA	NA	NA	unphased	0.780141843971631	0.780141843971631	1
7	141730164	141730165	10	10	3	2	1	1	NA	NA	NA	unphased	1.83333333333333	0.916666666666667	2
7	142001198	142001199	8	8	3	2	1	1	NA	NA	NA	unphased	1.83333333333333	0.916666666666667	2
7	142120085	142120086	38	9	3	2	1	1	NA	NA	NA	unphased	0.702127659574468	0.702127659574468	1
7	142640965	142640966	9	13	3	2	1	1	NA	NA	NA	unphased	2.16666666666667	1.08333333333333	2
7	142658583	142658584	7	4	3	2	1	1	NA	NA	NA	unphased	1.33333333333333	1.33333333333333	1
7	143016924	143016925	70	34	3	2	1	1	NA	NA	NA	unphased	1.19871794871795	1.19871794871795	1
7	143826987	143826988	77	88	3	2	1	1	NA	NA	NA	unphased	1.95555555555556	0.977777777777778	2
7	149462852	149462853	23	4	3	2	1	1	NA	NA	NA	unphased	0.54320987654321	0.54320987654321	1
7	149531023	149531024	12	6	3	2	1	1	NA	NA	NA	unphased	1.22222222222222	1.22222222222222	1
7	149558391	149558392	22	10	3	2	1	1	NA	NA	NA	unphased	1.14583333333333	1.14583333333333	1
7	150093881	150093882	10	7	3	2	1	1	NA	NA	NA	unphased	1.50980392156863	1.50980392156863	1
7	150502117	150502118	3	12	5	4	1	1	NA	NA	NA	unphased	4.53333333333333	1.13333333333333	4
7	154561224	154561225	18	20	3	2	1	1	NA	NA	NA	unphased	1.92982456140351	0.964912280701754	2
7	158590747	158590748	27	11	NA	NA	NA	NA	NA	NA	NA	unphased	NA	NA	1
8	11415487	11415488	11	23	2	2	0	1	NA	NA	NA	unphased	1.80392156862745	0.901960784313726	2
8	11607675	11607676	10	26	2	2	0	1	NA	NA	NA	unphased	1.92592592592593	0.962962962962963	2
8	11831444	11831445	18	58	2	2	0	1	NA	NA	NA	unphased	2.03508771929825	1.01754385964912	2
8	17731967	17731968	16	60	2	2	0	1	NA	NA	NA	unphased	2.10526315789474	1.05263157894737	2
8	35579784	35579785	104	62	2	2	0	1	NA	NA	NA	unphased	0.995983935742972	0.995983935742972	1
8	37632907	37632908	31	103	2	2	0	1	NA	NA	NA	unphased	2.04975124378109	1.02487562189055	2
8	41545670	41545671	33	105	2	2	0	1	NA	NA	NA	unphased	2.02898550724638	1.01449275362319	2
8	42401672	42401673	26	21	2	2	0	1	NA	NA	NA	unphased	1.19148936170213	1.19148936170213	1
8	48744432	48744433	405	50	7	5	2	1	NA	NA	NA	unphased	0.842490842490842	0.842490842490842	1
8	48873660	48873661	6	10	7	5	2	1	NA	NA	NA	unphased	4.79166666666667	0.958333333333333	5
8	52366283	52366284	107	10	7	5	2	1	NA	NA	NA	unphased	0.655270655270655	0.655270655270655	1
8	52733125	52733126	147	8	7	5	2	1	NA	NA	NA	unphased	0.395698924731183	0.395698924731183	1
8	53085143	53085144	9	24	7	5	2	1	NA	NA	NA	unphased	5.57575757575758	1.11515151515152	5
8	61121393	61121394	72	16	7	5	2	1	NA	NA	NA	unphased	1.39393939393939	1.39393939393939	1
8	67547475	67547476	174	70	4.57	6	2	0.51	1	0	0.49	unphased	1.50232240437158	0.994915499583831	1.51
8	67755687	67755688	68	4	4.57	6	2	0.51	1	0	0.49	unphased	0.290925925925926	0.570442992011619	0.51
8	68107671	68107672	363	51	4.57	6	2	0.51	1	0	0.49	unphased	0.645096618357488	1.26489533011272	0.51
8	70540098	70540099	60	87	4.57	6	2	0.51	1	0	0.49	unphased	3.09925170068027	1.01949069101325	3.04
8	70744685	70744686	69	12	4.57	6	2	0.51	1	0	0.49	unphased	0.775802469135802	0.775802469135802	1
8	71071832	71071833	131	42	4.57	6	2	0.51	1	0	0.49	unphased	1.27132947976879	1.27132947976879	1
8	71556425	71556426	384	49	4.57	6	2	0.51	1	0	0.49	unphased	0.592602001539646	1.16196470890127	0.51
8	72967692	72967693	75	20	4.57	6	2	0.51	1	0	0.49	unphased	1.10245614035088	1.10245614035088	1
8	73849052	73849053	247	21	4.57	6	2	0.51	1	0	0.49	unphased	0.410335820895522	0.804580040971613	0.51
8	75756324	75756325	265	24	4.57	6	2	0.51	1	0	0.49	unphased	0.434878892733564	0.852703711242282	0.51
8	77618173	77618174	131	34	4.57	6	2	0.51	1	0	0.49	unphased	1.07907070707071	1.07907070707071	1
8	77761809	77761810	179	20	4.57	6	2	0.51	1	0	0.49	unphased	0.526298157453936	1.03195717147831	0.51
8	77763591	77763592	20	51	4.57	6	2	0.51	1	0	0.49	unphased	3.76154929577465	1.05959135092244	3.55
8	77767132	77767133	184	41	4.57	6	2	0.51	1	0	0.49	unphased	0.954237037037037	0.954237037037037	1
8	77767431	77767432	67	22	4.57	6	2	0.51	1	0	0.49	unphased	1.29445692883895	1.29445692883895	1
8	77776297	77776298	64	20	4.57	6	2	0.51	1	0	0.49	unphased	1.2468253968254	1.2468253968254	1
8	80831368	80831369	26	73	2.75	6	2	0.25	1	0	0.75	unphased	2.51936026936027	1.00774410774411	2.5
8	87229997	87229998	151	46	2.75	6	2	0.25	1	0	0.75	unphased	0.797800338409476	0.797800338409476	1
8	89053571	89053572	34	12	5.41	6	2	0.63	1	0	0.37	unphased	1.58521739130435	1.58521739130435	1
8	92972708	92972709	104	11	5.41	6	2	0.63	1	0	0.37	unphased	0.581246376811594	0.92261329652634	0.63
8	99135610	99135611	69	7	3.5	5	2	0.3	1	1	0.7	unphased	0.383771929824561	1.27923976608187	0.3
8	99170454	99170455	173	46	3.5	5	2	0.3	1	1	0.7	unphased	0.875190258751902	0.875190258751902	1
8	100883034	100883035	106	17	3.5	5	2	0.3	1	1	0.7	unphased	0.575880758807588	0.575880758807588	1
8	103287961	103287962	22	37	3.5	5	2	0.3	1	1	0.7	unphased	2.61299435028249	1.00499782703173	2.6
8	104709474	104709475	152	47	3.5	5	2	0.3	1	1	0.7	unphased	0.984087102177554	0.984087102177554	1
8	110467031	110467032	42	75	3.5	5	2	0.3	1	1	0.7	unphased	2.67094017094017	1.02728468113084	2.6
8	110539097	110539098	15	8	3.5	5	2	0.3	1	1	0.7	unphased	1.44927536231884	1.44927536231884	1
8	113256690	113256691	84	32	3.5	5	2	0.3	1	1	0.7	unphased	1.14942528735632	1.14942528735632	1
8	113347649	113347650	68	11	3.5	5	2	0.3	1	1	0.7	unphased	0.580168776371308	0.580168776371308	1
8	113516143	113516144	35	70	3.5	5	2	0.3	1	1	0.7	unphased	2.77777777777778	0.957854406130268	2.9
8	113569101	113569102	77	39	3.5	5	2	0.3	1	1	0.7	unphased	1.40086206896552	1.07758620689655	1.3
8	114449206	114449207	19	9	3.5	5	2	0.3	1	1	0.7	unphased	1.33928571428571	1.33928571428571	1
8	116599800	116599801	213	24	3.5	5	2	0.3	1	1	0.7	unphased	0.421940928270042	1.40646976090014	0.3
8	116631771	116631772	142	50	3.5	5	2	0.3	1	1	0.7	unphased	1.08506944444444	1.08506944444444	1
8	120430297	120430298	57	109	3.5	5	2	0.3	1	1	0.7	unphased	2.7359437751004	1.05228606734631	2.6
8	120629481	120629482	47	11	3.5	5	2	0.3	1	1	0.7	unphased	0.790229885057471	0.790229885057471	1
8	124105845	124105846	83	12	3.5	5	2	0.3	1	1	0.7	unphased	0.526315789473684	0.526315789473684	1
8	124361642	124361643	122	20	3.5	5	2	0.3	1	1	0.7	unphased	0.586854460093897	0.586854460093897	1
8	132957093	132957094	33	5	3.5	5	2	0.3	1	1	0.7	unphased	0.548245614035088	0.548245614035088	1
8	133764036	133764037	101	15	3.5	5	2	0.3	1	1	0.7	unphased	0.538793103448276	0.538793103448276	1
8	133941392	133941393	90	14	3.5	5	2	0.3	1	1	0.7	unphased	0.560897435897436	0.560897435897436	1
8	133961040	133961041	272	38	3.5	5	2	0.3	1	1	0.7	unphased	0.510752688172043	0.510752688172043	1
8	134145855	134145856	72	10	3.5	5	2	0.3	1	1	0.7	unphased	0.508130081300813	0.508130081300813	1
8	135614600	135614601	20	74	3.5	5	2	0.3	1	1	0.7	unphased	3.28014184397163	0.9939823769611	3.3
8	139155346	139155347	56	7	3.5	5	2	0.3	1	1	0.7	unphased	0.462962962962963	0.462962962962963	1
8	139323092	139323093	117	8	3.5	5	2	0.3	1	1	0.7	unphased	0.266666666666667	0.888888888888889	0.3
8	143620761	143620762	7	16	3.5	5	2	0.3	1	1	0.7	unphased	2.89855072463768	0.999500249875062	2.9
8	143694773	143694774	70	13	3.5	5	2	0.3	1	1	0.7	unphased	0.652610441767068	0.652610441767068	1
9	5689957	5689958	4	12	1	1	0	1	NA	NA	NA	unphased	1.25	1.25	1
9	6604784	6604785	20	18	1	1	0	1	NA	NA	NA	unphased	0.789473684210526	0.789473684210526	1
9	28863631	28863632	25	25	5	3	2	1	NA	NA	NA	unphased	2.83333333333333	0.944444444444444	3
9	32430485	32430486	59	22	1.04	2	1	0.02	0	1	0.98	unphased	0.463539094650206	0.463539094650206	1
9	34976208	34976209	21	23	1.04	2	1	0.02	0	1	0.98	unphased	0.892121212121212	0.892121212121212	1
9	34993257	34993258	42	20	1.04	2	1	0.02	0	1	0.98	unphased	0.550537634408602	0.550537634408602	1
9	35074938	35074939	97	24	1.04	2	1	0.02	0	1	0.98	unphased	0.338512396694215	0.338512396694215	1
9	35403171	35403172	28	32	1.04	2	1	0.02	0	1	0.98	unphased	0.910222222222222	0.910222222222222	1
9	36882060	36882061	20	11	1.04	2	1	0.02	0	1	0.98	unphased	0.605591397849462	0.605591397849462	1
9	36882062	36882063	21	10	1.04	2	1	0.02	0	1	0.98	unphased	0.550537634408602	0.550537634408602	1
9	37424917	37424918	27	14	1.04	2	1	0.02	0	1	0.98	unphased	0.582764227642277	0.582764227642277	1
9	40702867	40702868	54	29	NA	NA	NA	NA	NA	NA	NA	unphased	NA	NA	1
9	75545837	75545838	12	66	2	2	0	1	NA	NA	NA	unphased	2.25641025641026	1.12820512820513	2
9	79324792	79324793	6	18	2	2	0	1	NA	NA	NA	unphased	2	1	2
9	87636483	87636484	12	4	2	2	0	1	NA	NA	NA	unphased	0.666666666666667	0.666666666666667	1
9	90502200	90502201	13	26	2	2	0	1	NA	NA	NA	unphased	1.77777777777778	0.888888888888889	2
9	100194368	100194369	49	26	2	2	0	1	NA	NA	NA	unphased	0.924444444444445	0.924444444444445	1
9	104357253	104357254	5	23	2	2	0	1	NA	NA	NA	unphased	2.19047619047619	1.0952380952381	2
9	117020859	117020860	7	15	2	2	0	1	NA	NA	NA	unphased	1.81818181818182	0.909090909090909	2
9	119568058	119568059	21	68	2	2	0	1	NA	NA	NA	unphased	2.0374531835206	1.0187265917603	2
9	121971073	121971074	17	31	2	2	0	1	NA	NA	NA	unphased	1.72222222222222	0.861111111111111	2
9	125621335	125621336	20	9	2	2	0	1	NA	NA	NA	unphased	0.827586206896552	0.827586206896552	1
9	133914605	133914606	6	17	2	2	0	1	NA	NA	NA	unphased	1.97101449275362	0.985507246376812	2
9	133942512	133942513	8	34	2	2	0	1	NA	NA	NA	unphased	2.15873015873016	1.07936507936508	2
9	134371219	134371220	5	12	2	2	0	1	NA	NA	NA	unphased	1.88235294117647	0.941176470588235	2
9	135277661	135277662	10	24	2	2	0	1	NA	NA	NA	unphased	1.88235294117647	0.941176470588235	2
9	137704344	137704345	18	37	2	2	0	1	NA	NA	NA	unphased	1.79393939393939	0.896969696969697	2
9	138380045	138380046	6	12	2	2	0	1	NA	NA	NA	unphased	1.77777777777778	0.888888888888889	2
9	139566831	139566832	2	7	1	1	0	1	NA	NA	NA	unphased	1.2962962962963	1.2962962962963	1
X	3235640	3235641	17	24	NA	NA	NA	NA	NA	NA	NA	unphased	NA	NA	1
X	9000421	9000422	31	46	NA	NA	NA	NA	NA	NA	NA	unphased	NA	NA	1
X	12722506	12722507	17	15	NA	NA	NA	NA	NA	NA	NA	unphased	NA	NA	1
X	18323336	18323337	16	35	NA	NA	NA	NA	NA	NA	NA	unphased	NA	NA	1
X	22291374	22291375	16	25	NA	NA	NA	NA	NA	NA	NA	unphased	NA	NA	1
X	24228808	24228809	17	46	NA	NA	NA	NA	NA	NA	NA	unphased	NA	NA	1
X	26212157	26212158	9	26	NA	NA	NA	NA	NA	NA	NA	unphased	NA	NA	1
X	30322721	30322722	11	25	NA	NA	NA	NA	NA	NA	NA	unphased	NA	NA	1
X	31838175	31838176	13	60	NA	NA	NA	NA	NA	NA	NA	unphased	NA	NA	1
X	37028077	37028078	28	156	NA	NA	NA	NA	NA	NA	NA	unphased	NA	NA	1
X	38262931	38262932	6	47	NA	NA	NA	NA	NA	NA	NA	unphased	NA	NA	1
X	54783841	54783842	10	45	NA	NA	NA	NA	NA	NA	NA	unphased	NA	NA	1
X	57337122	57337123	6	14	NA	NA	NA	NA	NA	NA	NA	unphased	NA	NA	1
X	69282976	69282977	23	15	NA	NA	NA	NA	NA	NA	NA	unphased	NA	NA	1
X	73071573	73071574	10	32	NA	NA	NA	NA	NA	NA	NA	unphased	NA	NA	1
X	73961649	73961650	19	14	NA	NA	NA	NA	NA	NA	NA	unphased	NA	NA	1
X	79960238	79960239	6	22	NA	NA	NA	NA	NA	NA	NA	unphased	NA	NA	1
X	83730298	83730299	31	18	NA	NA	NA	NA	NA	NA	NA	unphased	NA	NA	1
X	90690915	90690916	38	22	NA	NA	NA	NA	NA	NA	NA	unphased	NA	NA	1
X	102528905	102528906	21	52	NA	NA	NA	NA	NA	NA	NA	unphased	NA	NA	1
X	111155751	111155752	115	45	NA	NA	NA	NA	NA	NA	NA	unphased	NA	NA	1
X	118220679	118220680	7	15	NA	NA	NA	NA	NA	NA	NA	unphased	NA	NA	1
X	119666390	119666391	14	32	NA	NA	NA	NA	NA	NA	NA	unphased	NA	NA	1
X	125686542	125686543	14	39	NA	NA	NA	NA	NA	NA	NA	unphased	NA	NA	1
X	130217882	130217883	17	45	NA	NA	NA	NA	NA	NA	NA	unphased	NA	NA	1
X	134856825	134856826	197	46	NA	NA	NA	NA	NA	NA	NA	unphased	NA	NA	1
X	136649220	136649221	2	6	NA	NA	NA	NA	NA	NA	NA	unphased	NA	NA	1
X	140994416	140994417	119	133	NA	NA	NA	NA	NA	NA	NA	unphased	NA	NA	1
X	151393251	151393252	67	23	NA	NA	NA	NA	NA	NA	NA	unphased	NA	NA	1
X	152083305	152083306	6	9	NA	NA	NA	NA	NA	NA	NA	unphased	NA	NA	1
X	152083699	152083700	11	7	NA	NA	NA	NA	NA	NA	NA	unphased	NA	NA	1
X	153688604	153688605	14	57	NA	NA	NA	NA	NA	NA	NA	unphased	NA	NA	1
