chr	pos	ref	alt	gene	classification	t_ref_count	t_alt_count	total_depth	vaf	local_cn	major_cn	minor_cn	mcn	multiplicity	ccf	ccf_capped	is_clonal	purity	ploidy
1	949469	G	A	ISG15	Missense_Mutation	153	31	184	0.16847826086956522	2	1	1	0.4955	1	0.4955	0.4955	False	0.68	1.99
1	1147434	C	T	TNFRSF4	Silent	48	25	73	0.3424657534246575	2	1	1	1.0073	1	1.0073	1.0	True	0.68	1.99
1	1354439	G	A	ANKRD65	3'UTR	60	40	100	0.4	2	1	1	1.1765	1	1.1765	1.0	True	0.68	1.99
1	1431042	C	A	ATAD3B	Missense_Mutation	96	11	107	0.102803738317757	2	1	1	0.3024	1	0.3024	0.3024	False	0.68	1.99
1	1602975	G	A	SLC35E2B	Missense_Mutation	164	63	227	0.2775330396475771	2	1	1	0.8163	1	0.8163	0.8163	False	0.68	1.99
1	3350248	C	T	PRDM16	Missense_Mutation	48	20	68	0.29411764705882354	2	1	1	0.8651	1	0.8651	0.8651	True	0.68	1.99
1	3390014	C	T	ARHGEF16	Silent	33	18	51	0.35294117647058826	2	1	1	1.0381	1	1.0381	1.0	True	0.68	1.99
1	5937202	C	T	NPHP4	Missense_Mutation	116	68	184	0.3695652173913043	2	1	1	1.087	1	1.087	1.0	True	0.68	1.99
1	6046350	C	T	NPHP4	5'UTR	71	36	107	0.3364485981308411	2	1	1	0.9896	1	0.9896	0.9896	True	0.68	1.99
1	6680179	C	T	PHF13	Missense_Mutation	82	41	123	0.3333333333333333	2	1	1	0.9804	1	0.9804	0.9804	True	0.68	1.99
1	6688731	G	A	THAP3	Missense_Mutation	73	43	116	0.3706896551724138	2	1	1	1.0903	1	1.0903	1.0	True	0.68	1.99
1	7723879	A	G	CAMTA1	Silent	83	14	97	0.14432989690721648	2	1	1	0.4245	1	0.4245	0.4245	False	0.68	1.99
1	10523196	G	A	DFFA	Silent	61	27	88	0.3068181818181818	2	1	1	0.9024	1	0.9024	0.9024	True	0.68	1.99
1	10705067	G	A	CASZ1	Missense_Mutation	113	22	135	0.16296296296296298	2	1	1	0.4793	1	0.4793	0.4793	False	0.68	1.99
1	11150673	G	A	EXOSC10	Silent	120	76	196	0.3877551020408163	2	1	1	1.1405	1	1.1405	1.0	True	0.68	1.99
1	11288779	C	A	MTOR	Missense_Mutation	152	74	226	0.3274336283185841	2	1	1	0.963	1	0.963	0.963	True	0.68	1.99
1	11318560	C	T	MTOR	Missense_Mutation	48	19	67	0.2835820895522388	2	1	1	0.8341	1	0.8341	0.8341	False	0.68	1.99
1	11715896	G	A	FBXO44	Missense_Mutation	54	23	77	0.2987012987012987	2	1	1	0.8785	1	0.8785	0.8785	True	0.68	1.99
1	12056267	G	A	MFN2	Silent	128	16	144	0.1111111111111111	2	1	1	0.3268	1	0.3268	0.3268	False	0.68	1.99
1	12726365	C	T	AADACL4	Silent	78	30	108	0.2777777777777778	2	1	1	0.817	1	0.817	0.817	False	0.68	1.99
1	12943057	G	T	PRAMEF4	Silent	151	41	192	0.21354166666666666	2	1	1	0.6281	1	0.6281	0.6281	False	0.68	1.99
1	15789274	G	A	CELA2A	Missense_Mutation	120	63	183	0.3442622950819672	2	1	1	1.0125	1	1.0125	1.0	True	0.68	1.99
1	16459728	A	G	EPHA2	Missense_Mutation	41	17	58	0.29310344827586204	2	1	1	0.8621	1	0.8621	0.8621	True	0.68	1.99
1	16946341	T	C	RP5-1182A14.5	3'Flank	90	9	99	0.09090909090909091	2	1	1	0.2674	1	0.2674	0.2674	False	0.68	1.99
1	17597617	G	A	PADI3	Missense_Mutation	109	60	169	0.35502958579881655	2	1	1	1.0442	1	1.0442	1.0	True	0.68	1.99
1	17944938	G	A	ARHGEF10L	Intron	67	25	92	0.2717391304347826	2	1	1	0.7992	1	0.7992	0.7992	False	0.68	1.99
1	19419377	C	T	UBR4	Missense_Mutation	136	8	144	0.05555555555555555	2	1	1	0.1634	1	0.1634	0.1634	False	0.68	1.99
1	19600407	G	A	AKR7L	5'UTR	155	81	236	0.3432203389830508	2	1	1	1.0095	1	1.0095	1.0	True	0.68	1.99
1	21571523	C	T	ECE1	Missense_Mutation	80	42	122	0.3442622950819672	2	1	1	1.0125	1	1.0125	1.0	True	0.68	1.99
1	21795289	G	A	NBPF3	Missense_Mutation	92	55	147	0.3741496598639456	2	1	1	1.1004	1	1.1004	1.0	True	0.68	1.99
1	22965550	G	A	C1QA	Missense_Mutation	79	53	132	0.4015151515151515	2	1	1	1.1809	1	1.1809	1.0	True	0.68	1.99
1	22965716	G	A	C1QA	Missense_Mutation	71	28	99	0.2828282828282828	2	1	1	0.8318	1	0.8318	0.8318	False	0.68	1.99
1	23111490	C	T	EPHB2	Silent	176	16	192	0.08333333333333333	2	1	1	0.2451	1	0.2451	0.2451	False	0.68	1.99
1	23520249	G	A	HTR1D	Missense_Mutation	92	38	130	0.2923076923076923	2	1	1	0.8597	1	0.8597	0.8597	True	0.68	1.99
1	24447939	G	A	IL22RA1	Missense_Mutation	54	32	86	0.37209302325581395	2	1	1	1.0944	1	1.0944	1.0	True	0.68	1.99
1	24484360	G	T	IFNLR1	Missense_Mutation	37	10	47	0.2127659574468085	2	1	1	0.6258	1	0.6258	0.6258	False	0.68	1.99
1	27736379	G	T	WASF2	Silent	113	34	147	0.23129251700680273	2	1	1	0.6803	1	0.6803	0.6803	False	0.68	1.99
1	29543137	C	T	MECR	Silent	83	34	117	0.2905982905982906	2	1	1	0.8547	1	0.8547	0.8547	True	0.68	1.99
1	31734425	G	C	SNRNP40	Silent	51	28	79	0.35443037974683544	2	1	1	1.0424	1	1.0424	1.0	True	0.68	1.99
1	33161088	C	T	SYNC	Missense_Mutation	88	36	124	0.2903225806451613	2	1	1	0.8539	1	0.8539	0.8539	True	0.68	1.99
1	34204914	G	A	CSMD2	Missense_Mutation	85	49	134	0.3656716417910448	2	1	1	1.0755	1	1.0755	1.0	True	0.68	1.99
1	35370061	C	T	DLGAP3	Silent	54	35	89	0.39325842696629215	2	1	1	1.1566	1	1.1566	1.0	True	0.68	1.99
1	35370070	C	T	DLGAP3	Silent	57	28	85	0.32941176470588235	2	1	1	0.9689	1	0.9689	0.9689	True	0.68	1.99
1	35453214	G	A	ZMYM6	Missense_Mutation	129	72	201	0.3582089552238806	2	1	1	1.0536	1	1.0536	1.0	True	0.68	1.99
1	36921811	T	C	MRPS15	Missense_Mutation	48	5	53	0.09433962264150944	2	1	1	0.2775	1	0.2775	0.2775	False	0.68	1.99
1	37959522	T	G	MEAF6	3'UTR	93	42	135	0.3111111111111111	2	1	1	0.915	1	0.915	0.915	True	0.68	1.99
1	38447468	T	C	SF3A3	Missense_Mutation	51	20	71	0.28169014084507044	2	1	1	0.8285	1	0.8285	0.8285	False	0.68	1.99
1	40230324	G	A	BMP8B	Missense_Mutation	194	103	297	0.3468013468013468	2	1	1	1.02	1	1.02	1.0	True	0.68	1.99
1	40235402	A	T	OXCT2	Missense_Mutation	122	49	171	0.28654970760233917	2	1	1	0.8428	1	0.8428	0.8428	False	0.68	1.99
1	40366800	C	G	MYCL	Missense_Mutation	33	24	57	0.42105263157894735	2	1	1	1.2384	1	1.2384	1.0	True	0.68	1.99
1	41107543	G	A	RIMS3	Missense_Mutation	141	19	160	0.11875	2	1	1	0.3493	1	0.3493	0.3493	False	0.68	1.99
1	41483318	C	T	SLFNL1	Missense_Mutation	105	6	111	0.05405405405405406	2	1	1	0.159	1	0.159	0.159	False	0.68	1.99
1	41503116	G	T	SCMH1	Silent	157	26	183	0.14207650273224043	2	1	1	0.4179	1	0.4179	0.4179	False	0.68	1.99
1	43225056	T	C	LEPRE1	Silent	62	12	74	0.16216216216216217	2	1	1	0.4769	1	0.4769	0.4769	False	0.68	1.99
1	44035417	C	T	PTPRF	Missense_Mutation	69	45	114	0.39473684210526316	2	1	1	1.161	1	1.161	1.0	True	0.68	1.99
1	44071253	C	T	PTPRF	Missense_Mutation	258	159	417	0.381294964028777	2	1	1	1.1215	1	1.1215	1.0	True	0.68	1.99
1	44458013	C	T	CCDC24	Missense_Mutation	69	25	94	0.26595744680851063	2	1	1	0.7822	1	0.7822	0.7822	False	0.68	1.99
1	44468548	G	A	SLC6A9	Nonsense_Mutation	105	46	151	0.304635761589404	2	1	1	0.896	1	0.896	0.896	True	0.68	1.99
1	47118273	G	A	ATPAF1	Missense_Mutation	83	39	122	0.319672131147541	2	1	1	0.9402	1	0.9402	0.9402	True	0.68	1.99
1	47759201	A	G	STIL	Silent	80	63	143	0.4405594405594406	2	1	1	1.2958	1	1.2958	1.0	True	0.68	1.99
1	47905325	G	A	FOXD2	3'UTR	95	52	147	0.35374149659863946	2	1	1	1.0404	1	1.0404	1.0	True	0.68	1.99
1	52704621	G	A	ZFYVE9	Missense_Mutation	40	16	56	0.2857142857142857	2	1	1	0.8403	1	0.8403	0.8403	False	0.68	1.99
1	52826217	C	A	CC2D1B	Missense_Mutation	107	58	165	0.3515151515151515	2	1	1	1.0339	1	1.0339	1.0	True	0.68	1.99
1	53343512	G	T	ZYG11A	Missense_Mutation	40	13	53	0.24528301886792453	2	1	1	0.7214	1	0.7214	0.7214	False	0.68	1.99
1	55172120	C	T	MROH7	Nonsense_Mutation	45	21	66	0.3181818181818182	2	1	1	0.9358	1	0.9358	0.9358	True	0.68	1.99
1	55565494	C	T	USP24	Missense_Mutation	20	9	29	0.3103448275862069	2	1	1	0.9128	1	0.9128	0.9128	True	0.68	1.99
1	59139301	G	A	MYSM1	Nonsense_Mutation	69	7	76	0.09210526315789473	2	1	1	0.2709	1	0.2709	0.2709	False	0.68	1.99
1	65141639	C	T	CACHD1	Missense_Mutation	66	50	116	0.43103448275862066	2	1	1	1.2677	1	1.2677	1.0	True	0.68	1.99
1	65323437	G	A	JAK1	Missense_Mutation	156	6	162	0.037037037037037035	2	1	1	0.1089	1	0.1089	0.1089	False	0.68	1.99
1	68895536	C	T	RPE65	Missense_Mutation	58	24	82	0.2926829268292683	2	1	1	0.8608	1	0.8608	0.8608	True	0.68	1.99
1	75214478	C	T	TYW3	Missense_Mutation	81	39	120	0.325	2	1	1	0.9559	1	0.9559	0.9559	True	0.68	1.99
1	77629565	C	T	PIGK	Missense_Mutation	26	13	39	0.3333333333333333	2	1	1	0.9804	1	0.9804	0.9804	True	0.68	1.99
1	82436204	T	G	LPHN2	Nonsense_Mutation	19	4	23	0.17391304347826086	2	1	1	0.5115	1	0.5115	0.5115	False	0.68	1.99
1	89270078	G	A	PKN2	Missense_Mutation	39	17	56	0.30357142857142855	2	1	1	0.8929	1	0.8929	0.8929	True	0.68	1.99
1	89618076	C	A	GBP7	Missense_Mutation	107	5	112	0.044642857142857144	2	1	1	0.1313	1	0.1313	0.1313	False	0.68	1.99
1	94037376	T	C	BCAR3	Missense_Mutation	40	7	47	0.14893617021276595	2	1	1	0.438	1	0.438	0.438	False	0.68	1.99
1	100358073	C	T	AGL	Missense_Mutation	80	57	137	0.41605839416058393	2	1	1	1.2237	1	1.2237	1.0	True	0.68	1.99
1	101004724	G	A	GPR88	Missense_Mutation	164	9	173	0.05202312138728324	2	1	1	0.153	1	0.153	0.153	False	0.68	1.99
1	101190444	A	G	VCAM1	Missense_Mutation	102	27	129	0.20930232558139536	2	1	1	0.6156	1	0.6156	0.6156	False	0.68	1.99
1	102462425	C	T	OLFM3	5'UTR	39	7	46	0.15217391304347827	2	1	1	0.4476	1	0.4476	0.4476	False	0.68	1.99
1	109607185	C	T	TAF13	Missense_Mutation	41	22	63	0.3492063492063492	2	1	1	1.0271	1	1.0271	1.0	True	0.68	1.99
1	109811555	C	T	CELSR2	Missense_Mutation	98	56	154	0.36363636363636365	2	1	1	1.0695	1	1.0695	1.0	True	0.68	1.99
1	110168006	C	T	AMPD2	Missense_Mutation	176	9	185	0.04864864864864865	2	1	1	0.1431	1	0.1431	0.1431	False	0.68	1.99
1	111854874	C	T	CHIA	Missense_Mutation	83	40	123	0.3252032520325203	2	1	1	0.9565	1	0.9565	0.9565	True	0.68	1.99
1	113658998	G	A	LRIG2	Missense_Mutation	236	42	278	0.1510791366906475	2	1	1	0.4444	1	0.4444	0.4444	False	0.68	1.99
1	117150721	G	A	IGSF3	Silent	106	71	177	0.4011299435028249	2	1	1	1.1798	1	1.1798	1.0	True	0.68	1.99
1	117658238	C	T	TRIM45	Missense_Mutation	136	64	200	0.32	2	1	1	0.9412	1	0.9412	0.9412	True	0.68	1.99
1	145440999	T	C	TXNIP	Silent	123	20	143	0.13986013986013987	2	1	1	0.4114	1	0.4114	0.4114	False	0.68	1.99
1	149871801	C	T	BOLA1	Silent	65	36	101	0.3564356435643564	2	1	1	1.0483	1	1.0483	1.0	True	0.68	1.99
1	150230506	A	G	CA14	5'UTR	69	32	101	0.31683168316831684	2	1	1	0.9319	1	0.9319	0.9319	True	0.68	1.99
1	151158379	G	A	VPS72	Silent	56	25	81	0.30864197530864196	2	1	1	0.9078	1	0.9078	0.9078	True	0.68	1.99
1	151413450	G	A	POGZ	Silent	69	15	84	0.17857142857142858	2	1	1	0.5252	1	0.5252	0.5252	False	0.68	1.99
1	151680363	G	A	CELF3	Nonsense_Mutation	66	10	76	0.13157894736842105	2	1	1	0.387	1	0.387	0.387	False	0.68	1.99
1	151810336	C	T	C2CD4D	3'UTR	67	33	100	0.33	2	1	1	0.9706	1	0.9706	0.9706	True	0.68	1.99
1	151847389	A	G	THEM4	Missense_Mutation	25	9	34	0.2647058823529412	2	1	1	0.7785	1	0.7785	0.7785	False	0.68	1.99
1	153431447	C	T	S100A7	Missense_Mutation	112	65	177	0.3672316384180791	2	1	1	1.0801	1	1.0801	1.0	True	0.68	1.99
1	153610673	G	A	CHTOP	Intron	30	8	38	0.21052631578947367	2	1	1	0.6192	1	0.6192	0.6192	False	0.68	1.99
1	153789892	G	A	GATAD2B	Missense_Mutation	128	49	177	0.2768361581920904	2	1	1	0.8142	1	0.8142	0.8142	False	0.68	1.99
1	153905777	T	G	DENND4B	Missense_Mutation	61	10	71	0.14084507042253522	2	1	1	0.4143	1	0.4143	0.4143	False	0.68	1.99
1	154744869	G	T	KCNN3	Missense_Mutation	149	81	230	0.3521739130434783	2	1	1	1.0358	1	1.0358	1.0	True	0.68	1.99
1	155005169	G	A	DCST2	Missense_Mutation	49	27	76	0.35526315789473684	2	1	1	1.0449	1	1.0449	1.0	True	0.68	1.99
1	155013956	G	A	DCST1	Silent	155	87	242	0.359504132231405	2	1	1	1.0574	1	1.0574	1.0	True	0.68	1.99
1	155217533	G	C	FAM189B	3'UTR	120	74	194	0.38144329896907214	2	1	1	1.1219	1	1.1219	1.0	True	0.68	1.99
1	155227153	G	A	SCAMP3	Silent	103	30	133	0.22556390977443608	2	1	1	0.6634	1	0.6634	0.6634	False	0.68	1.99
1	155642453	G	A	YY1AP1	Silent	241	100	341	0.2932551319648094	2	1	1	0.8625	1	0.8625	0.8625	True	0.68	1.99
1	156180110	T	A	SLC25A44	Missense_Mutation	444	267	711	0.3755274261603376	2	1	1	1.1045	1	1.1045	1.0	True	0.68	1.99
1	156235772	A	G	SMG5	Missense_Mutation	64	23	87	0.26436781609195403	2	1	1	0.7776	1	0.7776	0.7776	False	0.68	1.99
1	156639403	G	A	NES	Missense_Mutation	88	42	130	0.3230769230769231	2	1	1	0.9502	1	0.9502	0.9502	True	0.68	1.99
1	156756687	T	C	PRCC	Silent	42	40	82	0.4878048780487805	2	1	1	1.4347	1	1.4347	1.0	True	0.68	1.99
1	156786532	G	T	SH2D2A	5'UTR	47	18	65	0.27692307692307694	2	1	1	0.8145	1	0.8145	0.8145	False	0.68	1.99
1	156815745	G	A	INSRR	Silent	33	20	53	0.37735849056603776	2	1	1	1.1099	1	1.1099	1.0	True	0.68	1.99
1	156843672	C	A	NTRK1	Silent	122	65	187	0.34759358288770054	2	1	1	1.0223	1	1.0223	1.0	True	0.68	1.99
1	158669824	C	A	OR6K2	Nonsense_Mutation	116	18	134	0.13432835820895522	2	1	1	0.3951	1	0.3951	0.3951	False	0.68	1.99
1	159015241	G	A	IFI16	Missense_Mutation	328	159	487	0.3264887063655031	2	1	1	0.9603	1	0.9603	0.9603	True	0.68	1.99
1	159505063	A	G	OR10J5	Silent	89	48	137	0.35036496350364965	2	1	1	1.0305	1	1.0305	1.0	True	0.68	1.99
1	159847152	T	C	CCDC19	Missense_Mutation	137	24	161	0.14906832298136646	2	1	1	0.4384	1	0.4384	0.4384	False	0.68	1.99
1	160063010	G	A	IGSF8	Missense_Mutation	98	52	150	0.3466666666666667	2	1	1	1.0196	1	1.0196	1.0	True	0.68	1.99
1	160261229	G	A	COPA	Missense_Mutation	100	35	135	0.25925925925925924	2	1	1	0.7625	1	0.7625	0.7625	False	0.68	1.99
1	160593919	T	C	SLAMF1	Missense_Mutation	36	20	56	0.35714285714285715	2	1	1	1.0504	1	1.0504	1.0	True	0.68	1.99
1	161145720	G	A	B4GALT3	Missense_Mutation	134	56	190	0.29473684210526313	2	1	1	0.8669	1	0.8669	0.8669	True	0.68	1.99
1	161163164	C	T	ADAMTS4	Missense_Mutation	45	18	63	0.2857142857142857	2	1	1	0.8403	1	0.8403	0.8403	False	0.68	1.99
1	161176249	G	A	NDUFS2	Silent	88	34	122	0.2786885245901639	2	1	1	0.8197	1	0.8197	0.8197	False	0.68	1.99
1	162337227	C	A	NOS1AP	Silent	40	10	50	0.2	2	1	1	0.5882	1	0.5882	0.5882	False	0.68	1.99
1	166135235	C	A	FAM78B	Missense_Mutation	115	18	133	0.13533834586466165	2	1	1	0.3981	1	0.3981	0.3981	False	0.68	1.99
1	166818601	T	C	POGK	Missense_Mutation	59	34	93	0.3655913978494624	2	1	1	1.0753	1	1.0753	1.0	True	0.68	1.99
1	169511389	C	T	F5	Missense_Mutation	57	29	86	0.3372093023255814	2	1	1	0.9918	1	0.9918	0.9918	True	0.68	1.99
1	169773244	T	C	C1orf112	Missense_Mutation	50	6	56	0.10714285714285714	2	1	1	0.3151	1	0.3151	0.3151	False	0.68	1.99
1	169798452	T	C	C1orf112	Silent	89	41	130	0.3153846153846154	2	1	1	0.9276	1	0.9276	0.9276	True	0.68	1.99
1	173174486	T	C	TNFSF4	Intron	57	24	81	0.2962962962962963	2	1	1	0.8715	1	0.8715	0.8715	True	0.68	1.99
1	173931048	G	A	RC3H1	Missense_Mutation	151	77	228	0.33771929824561403	2	1	1	0.9933	1	0.9933	0.9933	True	0.68	1.99
1	174274148	G	A	RABGAP1L	Missense_Mutation	55	32	87	0.367816091954023	2	1	1	1.0818	1	1.0818	1.0	True	0.68	1.99
1	174606608	G	A	RABGAP1L	Silent	211	12	223	0.053811659192825115	2	1	1	0.1583	1	0.1583	0.1583	False	0.68	1.99
1	175956108	C	A	RFWD2	Missense_Mutation	93	8	101	0.07920792079207921	2	1	1	0.233	1	0.233	0.233	False	0.68	1.99
1	176740116	G	T	PAPPA2	Missense_Mutation	89	9	98	0.09183673469387756	2	1	1	0.2701	1	0.2701	0.2701	False	0.68	1.99
1	177133606	C	T	ASTN1	Silent	119	61	180	0.3388888888888889	2	1	1	0.9967	1	0.9967	0.9967	True	0.68	1.99
1	177936828	A	G	SEC16B	Silent	115	21	136	0.15441176470588236	2	1	1	0.4542	1	0.4542	0.4542	False	0.68	1.99
1	178427632	A	G	RASAL2	Missense_Mutation	22	22	44	0.5	2	1	1	1.4706	1	1.4706	1.0	True	0.68	1.99
1	179990037	G	A	CEP350	Missense_Mutation	46	11	57	0.19298245614035087	2	1	1	0.5676	1	0.5676	0.5676	False	0.68	1.99
1	180044289	G	T	CEP350	Missense_Mutation	159	79	238	0.3319327731092437	2	1	1	0.9763	1	0.9763	0.9763	True	0.68	1.99
1	182517930	C	A	RGSL1	Silent	96	56	152	0.3684210526315789	2	1	1	1.0836	1	1.0836	1.0	True	0.68	1.99
1	182849707	G	A	DHX9	Missense_Mutation	66	35	101	0.3465346534653465	2	1	1	1.0192	1	1.0192	1.0	True	0.68	1.99
1	184690450	A	G	EDEM3	Silent	115	10	125	0.08	2	1	1	0.2353	1	0.2353	0.2353	False	0.68	1.99
1	186292894	G	A	TPR	Missense_Mutation	74	19	93	0.20430107526881722	2	1	1	0.6009	1	0.6009	0.6009	False	0.68	1.99
1	197390140	C	T	CRB1	Silent	32	16	48	0.3333333333333333	2	1	1	0.9804	1	0.9804	0.9804	True	0.68	1.99
1	201437534	G	A	PHLDA3	Silent	64	34	98	0.3469387755102041	2	1	1	1.0204	1	1.0204	1.0	True	0.68	1.99
1	201869132	C	T	LMOD1	Missense_Mutation	42	18	60	0.3	2	1	1	0.8824	1	0.8824	0.8824	True	0.68	1.99
1	203025986	G	A	PPFIA4	Missense_Mutation	226	132	358	0.3687150837988827	2	1	1	1.0845	1	1.0845	1.0	True	0.68	1.99
1	203816474	G	A	ZC3H11A	Missense_Mutation	82	50	132	0.3787878787878788	2	1	1	1.1141	1	1.1141	1.0	True	0.68	1.99
1	204085768	G	A	SOX13	Silent	262	135	397	0.34005037783375314	2	1	1	1.0001	1	1.0001	1.0	True	0.68	1.99
1	205052667	A	G	TMEM81	3'UTR	71	13	84	0.15476190476190477	2	1	1	0.4552	1	0.4552	0.4552	False	0.68	1.99
1	205073045	G	A	RBBP5	Silent	120	63	183	0.3442622950819672	2	1	1	1.0125	1	1.0125	1.0	True	0.68	1.99
1	205117459	C	T	DSTYK	Missense_Mutation	45	27	72	0.375	2	1	1	1.1029	1	1.1029	1.0	True	0.68	1.99
1	205225540	C	T	TMCC2	Intron	75	33	108	0.3055555555555556	2	1	1	0.8987	1	0.8987	0.8987	True	0.68	1.99
1	205632400	G	A	SLC45A3	Silent	101	69	170	0.40588235294117647	2	1	1	1.1938	1	1.1938	1.0	True	0.68	1.99
1	205696911	C	T	NUCKS1	Silent	36	18	54	0.3333333333333333	2	1	1	0.9804	1	0.9804	0.9804	True	0.68	1.99
1	206658635	G	T	IKBKE	Missense_Mutation	100	47	147	0.3197278911564626	2	1	1	0.9404	1	0.9404	0.9404	True	0.68	1.99
1	206905540	T	C	MAPKAPK2	Intron	28	8	36	0.2222222222222222	2	1	1	0.6536	1	0.6536	0.6536	False	0.68	1.99
1	207643446	G	A	CR2	Silent	43	25	68	0.36764705882352944	2	1	1	1.0813	1	1.0813	1.0	True	0.68	1.99
1	207850832	C	T	CR1L	Missense_Mutation	120	76	196	0.3877551020408163	2	1	1	1.1405	1	1.1405	1.0	True	0.68	1.99
1	215914777	T	G	USH2A	Missense_Mutation	61	5	66	0.07575757575757576	2	1	1	0.2228	1	0.2228	0.2228	False	0.68	1.99
1	218520237	C	A	TGFB2	Missense_Mutation	80	46	126	0.36507936507936506	2	1	1	1.0738	1	1.0738	1.0	True	0.68	1.99
1	220179495	G	T	EPRS	Missense_Mutation	83	24	107	0.22429906542056074	2	1	1	0.6597	1	0.6597	0.6597	False	0.68	1.99
1	220300157	C	T	IARS2	Silent	51	24	75	0.32	2	1	1	0.9412	1	0.9412	0.9412	True	0.68	1.99
1	220324698	T	C	RAB3GAP2	Silent	70	17	87	0.19540229885057472	2	1	1	0.5747	1	0.5747	0.5747	False	0.68	1.99
1	222802586	T	A	MIA3	Missense_Mutation	152	22	174	0.12643678160919541	2	1	1	0.3719	1	0.3719	0.3719	False	0.68	1.99
1	223176649	C	T	DISP1	Missense_Mutation	63	24	87	0.27586206896551724	2	1	1	0.8114	1	0.8114	0.8114	False	0.68	1.99
1	226109647	G	A	PYCR2	Nonsense_Mutation	100	24	124	0.1935483870967742	2	1	1	0.5693	1	0.5693	0.5693	False	0.68	1.99
1	228005093	C	T	PRSS38	Silent	89	44	133	0.3308270676691729	2	1	1	0.973	1	0.973	0.973	True	0.68	1.99
1	228109340	C	T	WNT9A	Missense_Mutation	94	42	136	0.3088235294117647	2	1	1	0.9083	1	0.9083	0.9083	True	0.68	1.99
1	228347077	A	C	GJC2	3'UTR	48	33	81	0.4074074074074074	2	1	1	1.1983	1	1.1983	1.0	True	0.68	1.99
1	228462484	G	A	OBSCN	Silent	62	42	104	0.40384615384615385	2	1	1	1.1878	1	1.1878	1.0	True	0.68	1.99
1	228487677	C	T	OBSCN	Silent	19	13	32	0.40625	2	1	1	1.1949	1	1.1949	1.0	True	0.68	1.99
1	228529231	C	T	OBSCN	Silent	40	31	71	0.43661971830985913	2	1	1	1.2842	1	1.2842	1.0	True	0.68	1.99
1	231700444	T	C	TSNAX	Silent	157	101	258	0.39147286821705424	2	1	1	1.1514	1	1.1514	1.0	True	0.68	1.99
1	232941734	G	A	MAP10	Missense_Mutation	97	54	151	0.3576158940397351	2	1	1	1.0518	1	1.0518	1.0	True	0.68	1.99
1	236744586	G	A	HEATR1	Silent	59	26	85	0.3058823529411765	2	1	1	0.8997	1	0.8997	0.8997	True	0.68	1.99
1	236972006	C	A	MTR	Silent	106	55	161	0.3416149068322981	2	1	1	1.0047	1	1.0047	1.0	True	0.68	1.99
1	242042489	G	A	EXO1	Silent	65	36	101	0.3564356435643564	2	1	1	1.0483	1	1.0483	1.0	True	0.68	1.99
1	243319748	C	A	CEP170	Missense_Mutation	30	7	37	0.1891891891891892	2	1	1	0.5564	1	0.5564	0.5564	False	0.68	1.99
1	248551625	C	T	OR2T6	Missense_Mutation	155	19	174	0.10919540229885058	2	1	1	0.3212	1	0.3212	0.3212	False	0.68	1.99
2	669549	A	G	TMEM18	3'UTR	74	37	111	0.3333333333333333	2	1	1	0.9804	1	0.9804	0.9804	True	0.68	1.99
2	1497660	G	A	TPO	Missense_Mutation	91	9	100	0.09	2	1	1	0.2647	1	0.2647	0.2647	False	0.68	1.99
2	1653174	G	A	PXDN	Missense_Mutation	171	27	198	0.13636363636363635	2	1	1	0.4011	1	0.4011	0.4011	False	0.68	1.99
2	1653181	C	T	PXDN	Missense_Mutation	145	66	211	0.3127962085308057	2	1	1	0.92	1	0.92	0.92	True	0.68	1.99
2	1926366	C	T	MYT1L	Missense_Mutation	81	26	107	0.24299065420560748	2	1	1	0.7147	1	0.7147	0.7147	False	0.68	1.99
2	8890342	G	A	KIDINS220	Missense_Mutation	64	14	78	0.1794871794871795	2	1	1	0.5279	1	0.5279	0.5279	False	0.68	1.99
2	16086045	C	T	MYCN	Silent	96	49	145	0.33793103448275863	2	1	1	0.9939	1	0.9939	0.9939	True	0.68	1.99
2	19553510	G	A	OSR1	Silent	139	14	153	0.0915032679738562	2	1	1	0.2691	1	0.2691	0.2691	False	0.68	1.99
2	20648169	C	T	RHOB	3'UTR	16	11	27	0.4074074074074074	2	1	1	1.1983	1	1.1983	1.0	True	0.68	1.99
2	25457215	C	T	DNMT3A	Missense_Mutation	70	5	75	0.06666666666666667	2	1	1	0.1961	1	0.1961	0.1961	False	0.68	1.99
2	26712564	G	A	OTOF	Silent	209	87	296	0.2939189189189189	2	1	1	0.8645	1	0.8645	0.8645	True	0.68	1.99
2	27667249	T	C	IFT172	3'UTR	11	7	18	0.3888888888888889	2	1	1	1.1438	1	1.1438	1.0	True	0.68	1.99
2	28561509	A	G	BRE	3'UTR	10	5	15	0.3333333333333333	2	1	1	0.9804	1	0.9804	0.9804	True	0.68	1.99
2	28865911	G	A	PLB1	Missense_Mutation	100	59	159	0.3710691823899371	2	1	1	1.0914	1	1.0914	1.0	True	0.68	1.99
2	32422776	C	A	SLC30A6	Missense_Mutation	45	18	63	0.2857142857142857	2	1	1	0.8403	1	0.8403	0.8403	False	0.68	1.99
2	33500958	G	T	LTBP1	Missense_Mutation	88	34	122	0.2786885245901639	2	1	1	0.8197	1	0.8197	0.8197	False	0.68	1.99
2	42990761	C	T	OXER1	Missense_Mutation	95	43	138	0.3115942028985507	2	1	1	0.9165	1	0.9165	0.9165	True	0.68	1.99
2	44100956	G	A	ABCG8	Silent	74	22	96	0.22916666666666666	2	1	1	0.674	1	0.674	0.674	False	0.68	1.99
2	46739615	G	A	ATP6V1E2	Missense_Mutation	40	28	68	0.4117647058823529	2	1	1	1.2111	1	1.2111	1.0	True	0.68	1.99
2	48915468	C	A	LHCGR	Nonsense_Mutation	77	14	91	0.15384615384615385	2	1	1	0.4525	1	0.4525	0.4525	False	0.68	1.99
2	50850704	G	A	NRXN1	Silent	42	18	60	0.3	2	1	1	0.8824	1	0.8824	0.8824	True	0.68	1.99
2	56098194	G	A	EFEMP1	Silent	56	14	70	0.2	2	1	1	0.5882	1	0.5882	0.5882	False	0.68	1.99
2	58468421	G	A	FANCL	Missense_Mutation	45	25	70	0.35714285714285715	2	1	1	1.0504	1	1.0504	1.0	True	0.68	1.99
2	61014680	A	G	PAPOLG	Missense_Mutation	77	51	128	0.3984375	2	1	1	1.1719	1	1.1719	1.0	True	0.68	1.99
2	61475691	G	A	USP34	Missense_Mutation	125	45	170	0.2647058823529412	2	1	1	0.7785	1	0.7785	0.7785	False	0.68	1.99
2	67624643	G	A	ETAA1	Silent	130	25	155	0.16129032258064516	2	1	1	0.4744	1	0.4744	0.4744	False	0.68	1.99
2	70444039	C	T	TIA1	Missense_Mutation	41	26	67	0.3880597014925373	2	1	1	1.1414	1	1.1414	1.0	True	0.68	1.99
2	71883333	C	T	DYSF	Silent	60	50	110	0.45454545454545453	2	1	1	1.3369	1	1.3369	1.0	True	0.68	1.99
2	74328859	C	T	TET3	Silent	32	18	50	0.36	2	1	1	1.0588	1	1.0588	1.0	True	0.68	1.99
2	74596450	G	A	DCTN1	Missense_Mutation	139	32	171	0.1871345029239766	2	1	1	0.5504	1	0.5504	0.5504	False	0.68	1.99
2	74719132	C	T	TTC31	Missense_Mutation	49	14	63	0.2222222222222222	2	1	1	0.6536	1	0.6536	0.6536	False	0.68	1.99
2	74742912	G	A	TLX2	Missense_Mutation	112	36	148	0.24324324324324326	2	1	1	0.7154	1	0.7154	0.7154	False	0.68	1.99
2	74763556	G	A	LOXL3	Missense_Mutation	41	29	70	0.4142857142857143	2	1	1	1.2185	1	1.2185	1.0	True	0.68	1.99
2	74784077	C	A	DOK1	Missense_Mutation	61	45	106	0.42452830188679247	2	1	1	1.2486	1	1.2486	1.0	True	0.68	1.99
2	75107420	C	T	HK2	Missense_Mutation	108	21	129	0.16279069767441862	2	1	1	0.4788	1	0.4788	0.4788	False	0.68	1.99
2	75196606	G	A	POLE4	3'UTR	47	4	51	0.0784313725490196	2	1	1	0.2307	1	0.2307	0.2307	False	0.68	1.99
2	84686381	G	T	SUCLG1	Missense_Mutation	216	40	256	0.15625	2	1	1	0.4596	1	0.4596	0.4596	False	0.68	1.99
2	84848408	T	C	DNAH6	Missense_Mutation	142	9	151	0.059602649006622516	2	1	1	0.1753	1	0.1753	0.1753	False	0.68	1.99
2	85892892	A	C	SFTPB	Missense_Mutation	69	37	106	0.3490566037735849	2	1	1	1.0266	1	1.0266	1.0	True	0.68	1.99
2	86297391	C	T	POLR1A	Missense_Mutation	43	25	68	0.36764705882352944	2	1	1	1.0813	1	1.0813	1.0	True	0.68	1.99
2	86373195	A	G	IMMT	Silent	26	3	29	0.10344827586206896	2	1	1	0.3043	1	0.3043	0.3043	False	0.68	1.99
2	86479109	C	T	REEP1	Missense_Mutation	91	4	95	0.042105263157894736	2	1	1	0.1238	1	0.1238	0.1238	False	0.68	1.99
2	89326856	A	C	IGKV3-11	Missense_Mutation	174	44	218	0.2018348623853211	2	1	1	0.5936	1	0.5936	0.5936	False	0.68	1.99
2	96551827	T	C	ANKRD36C	Silent	51	7	58	0.1206896551724138	2	1	1	0.355	1	0.355	0.355	False	0.68	1.99
2	97372981	C	T	LMAN2L	3'UTR	72	46	118	0.3898305084745763	2	1	1	1.1466	1	1.1466	1.0	True	0.68	1.99
2	97638039	C	T	FAM178B	Missense_Mutation	91	65	156	0.4166666666666667	2	1	1	1.2255	1	1.2255	1.0	True	0.68	1.99
2	99013075	G	A	CNGA3	Missense_Mutation	126	27	153	0.17647058823529413	2	1	1	0.519	1	0.519	0.519	False	0.68	1.99
2	99725882	T	G	TSGA10	Missense_Mutation	27	9	36	0.25	2	1	1	0.7353	1	0.7353	0.7353	False	0.68	1.99
2	102038235	G	A	RFX8	Missense_Mutation	76	25	101	0.24752475247524752	2	1	1	0.728	1	0.728	0.728	False	0.68	1.99
2	103040319	A	C	IL18RAP	Missense_Mutation	197	12	209	0.05741626794258373	2	1	1	0.1689	1	0.1689	0.1689	False	0.68	1.99
2	103057818	C	T	IL18RAP	Silent	59	6	65	0.09230769230769231	2	1	1	0.2715	1	0.2715	0.2715	False	0.68	1.99
2	108487679	G	T	RGPD4	Missense_Mutation	70	7	77	0.09090909090909091	2	1	1	0.2674	1	0.2674	0.2674	False	0.68	1.99
2	112786445	G	T	MERTK	3'UTR	184	22	206	0.10679611650485436	2	1	1	0.3141	1	0.3141	0.3141	False	0.68	1.99
2	113033525	C	T	ZC3H6	5'UTR	25	4	29	0.13793103448275862	2	1	1	0.4057	1	0.4057	0.4057	False	0.68	1.99
2	119739230	A	G	MARCO	Missense_Mutation	70	41	111	0.36936936936936937	2	1	1	1.0864	1	1.0864	1.0	True	0.68	1.99
2	119915353	G	T	C1QL2	Missense_Mutation	65	34	99	0.3434343434343434	2	1	1	1.0101	1	1.0101	1.0	True	0.68	1.99
2	121989537	G	A	TFCP2L1	Silent	90	53	143	0.3706293706293706	2	1	1	1.0901	1	1.0901	1.0	True	0.68	1.99
2	125504907	G	A	CNTNAP5	Missense_Mutation	102	39	141	0.2765957446808511	2	1	1	0.8135	1	0.8135	0.8135	False	0.68	1.99
2	125660517	C	T	CNTNAP5	Silent	103	35	138	0.2536231884057971	2	1	1	0.746	1	0.746	0.746	False	0.68	1.99
2	125672808	C	T	CNTNAP5	3'UTR	27	9	36	0.25	2	1	1	0.7353	1	0.7353	0.7353	False	0.68	1.99
2	128462095	G	A	WDR33	3'UTR	48	6	54	0.1111111111111111	2	1	1	0.3268	1	0.3268	0.3268	False	0.68	1.99
2	136479529	C	T	R3HDM1	Nonsense_Mutation	193	92	285	0.32280701754385965	2	1	1	0.9494	1	0.9494	0.9494	True	0.68	1.99
2	150071081	G	A	LYPD6B	Missense_Mutation	109	45	154	0.2922077922077922	2	1	1	0.8594	1	0.8594	0.8594	True	0.68	1.99
2	152273411	G	A	RIF1	Missense_Mutation	30	15	45	0.3333333333333333	2	1	1	0.9804	1	0.9804	0.9804	True	0.68	1.99
2	152423815	G	A	NEB	Missense_Mutation	106	57	163	0.3496932515337423	2	1	1	1.0285	1	1.0285	1.0	True	0.68	1.99
2	152476228	C	G	NEB	Missense_Mutation	114	48	162	0.2962962962962963	2	1	1	0.8715	1	0.8715	0.8715	True	0.68	1.99
2	160585675	T	C	MARCH7	Missense_Mutation	82	39	121	0.32231404958677684	2	1	1	0.948	1	0.948	0.948	True	0.68	1.99
2	162036165	C	T	TANK	5'UTR	85	41	126	0.3253968253968254	2	1	1	0.957	1	0.957	0.957	True	0.68	1.99
2	162087741	G	A	TANK	Silent	138	34	172	0.19767441860465115	2	1	1	0.5814	1	0.5814	0.5814	False	0.68	1.99
2	166848164	C	T	SCN1A	Missense_Mutation	75	54	129	0.4186046511627907	2	1	1	1.2312	1	1.2312	1.0	True	0.68	1.99
2	170806185	G	A	UBR3	Missense_Mutation	51	24	75	0.32	2	1	1	0.9412	1	0.9412	0.9412	True	0.68	1.99
2	172549339	A	G	DYNC1I2	Missense_Mutation	141	91	232	0.3922413793103448	2	1	1	1.1537	1	1.1537	1.0	True	0.68	1.99
2	174081922	C	T	MLTK	Nonsense_Mutation	314	78	392	0.1989795918367347	2	1	1	0.5852	1	0.5852	0.5852	False	0.68	1.99
2	179417446	C	T	TTN	Missense_Mutation	107	71	178	0.398876404494382	2	1	1	1.1732	1	1.1732	1.0	True	0.68	1.99
2	179427726	C	G	TTN	Missense_Mutation	52	28	80	0.35	2	1	1	1.0294	1	1.0294	1.0	True	0.68	1.99
2	179528601	G	A	TTN	Silent	47	19	66	0.2878787878787879	2	1	1	0.8467	1	0.8467	0.8467	False	0.68	1.99
2	179611811	A	G	TTN	Intron	50	15	65	0.23076923076923078	2	1	1	0.6787	1	0.6787	0.6787	False	0.68	1.99
2	179642043	A	T	TTN	Silent	17	8	25	0.32	2	1	1	0.9412	1	0.9412	0.9412	True	0.68	1.99
2	182322501	C	A	ITGA4	Missense_Mutation	68	39	107	0.3644859813084112	2	1	1	1.072	1	1.072	1.0	True	0.68	1.99
2	186673703	A	G	FSIP2	Missense_Mutation	88	42	130	0.3230769230769231	2	1	1	0.9502	1	0.9502	0.9502	True	0.68	1.99
2	197118721	G	T	HECW2	Missense_Mutation	77	15	92	0.16304347826086957	2	1	1	0.4795	1	0.4795	0.4795	False	0.68	1.99
2	198570344	T	C	MARS2	Missense_Mutation	40	16	56	0.2857142857142857	2	1	1	0.8403	1	0.8403	0.8403	False	0.68	1.99
2	201342446	A	G	SPATS2L	Missense_Mutation	86	32	118	0.2711864406779661	2	1	1	0.7976	1	0.7976	0.7976	False	0.68	1.99
2	202257675	G	A	TRAK2	Missense_Mutation	44	3	47	0.06382978723404255	2	1	1	0.1877	1	0.1877	0.1877	False	0.68	1.99
2	202900773	T	C	FZD7	Missense_Mutation	127	34	161	0.2111801242236025	2	1	1	0.6211	1	0.6211	0.6211	False	0.68	1.99
2	203748346	C	T	WDR12	Silent	31	18	49	0.3673469387755102	2	1	1	1.0804	1	1.0804	1.0	True	0.68	1.99
2	206580990	G	A	NRP2	Missense_Mutation	105	9	114	0.07894736842105263	2	1	1	0.2322	1	0.2322	0.2322	False	0.68	1.99
2	207827266	G	A	CPO	Missense_Mutation	80	26	106	0.24528301886792453	2	1	1	0.7214	1	0.7214	0.7214	False	0.68	1.99
2	208442378	A	G	CREB1	Missense_Mutation	30	9	39	0.23076923076923078	2	1	1	0.6787	1	0.6787	0.6787	False	0.68	1.99
2	209218780	G	A	PIKFYVE	Silent	81	36	117	0.3076923076923077	2	1	1	0.905	1	0.905	0.905	True	0.68	1.99
2	212488657	G	A	ERBB4	Missense_Mutation	56	25	81	0.30864197530864196	2	1	1	0.9078	1	0.9078	0.9078	True	0.68	1.99
2	216995707	T	A	XRCC5	Silent	22	11	33	0.3333333333333333	2	1	1	0.9804	1	0.9804	0.9804	True	0.68	1.99
2	217526659	G	A	IGFBP2	Missense_Mutation	52	21	73	0.2876712328767123	2	1	1	0.8461	1	0.8461	0.8461	False	0.68	1.99
2	217724762	A	C	TNP1	5'UTR	33	9	42	0.21428571428571427	2	1	1	0.6303	1	0.6303	0.6303	False	0.68	1.99
2	219144833	A	G	TMBIM1	Silent	52	22	74	0.2972972972972973	2	1	1	0.8744	1	0.8744	0.8744	True	0.68	1.99
2	219617532	G	A	TTLL4	Missense_Mutation	125	73	198	0.3686868686868687	2	1	1	1.0844	1	1.0844	1.0	True	0.68	1.99
2	219694778	G	A	PRKAG3	Missense_Mutation	84	51	135	0.37777777777777777	2	1	1	1.1111	1	1.1111	1.0	True	0.68	1.99
2	220089070	G	A	ATG9A	Silent	148	39	187	0.20855614973262032	2	1	1	0.6134	1	0.6134	0.6134	False	0.68	1.99
2	220428305	G	A	OBSL1	Missense_Mutation	132	82	214	0.38317757009345793	2	1	1	1.127	1	1.127	1.0	True	0.68	1.99
2	220499180	G	A	SLC4A3	Missense_Mutation	85	24	109	0.22018348623853212	2	1	1	0.6476	1	0.6476	0.6476	False	0.68	1.99
2	223489025	A	G	FARSB	Missense_Mutation	84	6	90	0.06666666666666667	2	1	1	0.1961	1	0.1961	0.1961	False	0.68	1.99
2	225811604	A	C	DOCK10	Intron	63	26	89	0.29213483146067415	2	1	1	0.8592	1	0.8592	0.8592	True	0.68	1.99
2	225811605	C	T	DOCK10	Intron	64	27	91	0.2967032967032967	2	1	1	0.8727	1	0.8727	0.8727	True	0.68	1.99
2	227872271	C	T	COL4A4	Missense_Mutation	38	22	60	0.36666666666666664	2	1	1	1.0784	1	1.0784	1.0	True	0.68	1.99
2	227984609	A	G	COL4A4	Splice_Site	86	42	128	0.328125	2	1	1	0.9651	1	0.9651	0.9651	True	0.68	1.99
2	228777040	C	A	DAW1	Intron	32	20	52	0.38461538461538464	2	1	1	1.1312	1	1.1312	1.0	True	0.68	1.99
2	231740456	G	A	ITM2C	Missense_Mutation	77	33	110	0.3	2	1	1	0.8824	1	0.8824	0.8824	True	0.68	1.99
2	233345151	T	C	ECEL1	Missense_Mutation	54	46	100	0.46	2	1	1	1.3529	1	1.3529	1.0	True	0.68	1.99
2	233546386	G	A	EFHD1	Missense_Mutation	57	30	87	0.3448275862068966	2	1	1	1.0142	1	1.0142	1.0	True	0.68	1.99
2	233635974	G	A	KCNJ13	Silent	104	48	152	0.3157894736842105	2	1	1	0.9288	1	0.9288	0.9288	True	0.68	1.99
2	235950683	C	T	SH3BP4	Missense_Mutation	74	13	87	0.14942528735632185	2	1	1	0.4395	1	0.4395	0.4395	False	0.68	1.99
2	238303387	C	T	COL6A3	Silent	123	54	177	0.3050847457627119	2	1	1	0.8973	1	0.8973	0.8973	True	0.68	1.99
2	238484063	T	C	RAB17	Missense_Mutation	88	54	142	0.38028169014084506	2	1	1	1.1185	1	1.1185	1.0	True	0.68	1.99
2	240500105	G	A	AC079612.1	5'UTR	14	10	24	0.4166666666666667	2	1	1	1.2255	1	1.2255	1.0	True	0.68	1.99
2	241405062	G	A	GPC1	Missense_Mutation	109	7	116	0.0603448275862069	2	1	1	0.1775	1	0.1775	0.1775	False	0.68	1.99
2	241512528	C	T	RNPEPL1	Intron	104	22	126	0.1746031746031746	2	1	1	0.5135	1	0.5135	0.5135	False	0.68	1.99
2	242438475	T	C	STK25	Missense_Mutation	58	16	74	0.21621621621621623	2	1	1	0.6359	1	0.6359	0.6359	False	0.68	1.99
3	361509	T	C	CHL1	Missense_Mutation	20	9	29	0.3103448275862069	2	1	1	0.9128	1	0.9128	0.9128	True	0.68	1.99
3	9036209	T	C	SRGAP3	Splice_Site	29	19	48	0.3958333333333333	2	1	1	1.1642	1	1.1642	1.0	True	0.68	1.99
3	9803385	G	T	CAMK1	Missense_Mutation	62	31	93	0.3333333333333333	2	1	1	0.9804	1	0.9804	0.9804	True	0.68	1.99
3	9848053	G	A	ARPC4	3'UTR	26	14	40	0.35	2	1	1	1.0294	1	1.0294	1.0	True	0.68	1.99
3	9979714	G	A	CRELD1	Silent	63	8	71	0.11267605633802817	2	1	1	0.3314	1	0.3314	0.3314	False	0.68	1.99
3	10392124	C	A	ATP2B2	Missense_Mutation	133	9	142	0.06338028169014084	2	1	1	0.1864	1	0.1864	0.1864	False	0.68	1.99
3	10400426	G	A	ATP2B2	Silent	74	35	109	0.3211009174311927	2	1	1	0.9444	1	0.9444	0.9444	True	0.68	1.99
3	10436244	C	T	ATP2B2	Intron	132	27	159	0.16981132075471697	2	1	1	0.4994	1	0.4994	0.4994	False	0.68	1.99
3	11643436	C	T	VGLL4	Missense_Mutation	114	13	127	0.10236220472440945	2	1	1	0.3011	1	0.3011	0.3011	False	0.68	1.99
3	12869016	A	G	CAND2	Silent	155	8	163	0.049079754601226995	2	1	1	0.1444	1	0.1444	0.1444	False	0.68	1.99
3	13860736	A	G	WNT7A	Missense_Mutation	102	53	155	0.3419354838709677	2	1	1	1.0057	1	1.0057	1.0	True	0.68	1.99
3	14708323	C	G	CCDC174	Missense_Mutation	56	31	87	0.3563218390804598	2	1	1	1.048	1	1.048	1.0	True	0.68	1.99
3	29910347	A	G	RBMS3	Splice_Site	73	6	79	0.0759493670886076	2	1	1	0.2234	1	0.2234	0.2234	False	0.68	1.99
3	30842534	T	G	GADL1	Missense_Mutation	55	31	86	0.36046511627906974	2	1	1	1.0602	1	1.0602	1.0	True	0.68	1.99
3	33216511	G	A	SUSD5	Silent	96	39	135	0.28888888888888886	2	1	1	0.8497	1	0.8497	0.8497	False	0.68	1.99
3	37356964	C	T	GOLGA4	Missense_Mutation	120	55	175	0.3142857142857143	2	1	1	0.9244	1	0.9244	0.9244	True	0.68	1.99
3	38349170	C	T	SLC22A14	Missense_Mutation	60	32	92	0.34782608695652173	2	1	1	1.023	1	1.023	1.0	True	0.68	1.99
3	38518838	T	G	ACVR2B	Missense_Mutation	69	38	107	0.35514018691588783	2	1	1	1.0445	1	1.0445	1.0	True	0.68	1.99
3	39145003	G	T	GORASP1	Silent	39	5	44	0.11363636363636363	2	1	1	0.3342	1	0.3342	0.3342	False	0.68	1.99
3	40192658	C	T	MYRIP	Missense_Mutation	53	35	88	0.3977272727272727	2	1	1	1.1698	1	1.1698	1.0	True	0.68	1.99
3	42906689	G	A	ACKR2	Missense_Mutation	43	22	65	0.3384615384615385	2	1	1	0.9955	1	0.9955	0.9955	True	0.68	1.99
3	42906764	T	C	ACKR2	Missense_Mutation	74	43	117	0.36752136752136755	2	1	1	1.0809	1	1.0809	1.0	True	0.68	1.99
3	44607052	C	A	RP11-944L7.5	Translation_Start_Site	58	31	89	0.34831460674157305	2	1	1	1.0245	1	1.0245	1.0	True	0.68	1.99
3	45823592	G	T	SLC6A20	Missense_Mutation	74	42	116	0.3620689655172414	2	1	1	1.0649	1	1.0649	1.0	True	0.68	1.99
3	46416036	G	A	CCR5	3'UTR	71	47	118	0.3983050847457627	2	1	1	1.1715	1	1.1715	1.0	True	0.68	1.99
3	46416385	G	T	CCR5	3'UTR	193	52	245	0.21224489795918366	2	1	1	0.6242	1	0.6242	0.6242	False	0.68	1.99
3	47378188	G	T	KLHL18	Missense_Mutation	160	27	187	0.1443850267379679	2	1	1	0.4247	1	0.4247	0.4247	False	0.68	1.99
3	47888778	G	A	DHX30	Missense_Mutation	174	37	211	0.17535545023696683	2	1	1	0.5158	1	0.5158	0.5158	False	0.68	1.99
3	48624676	G	A	COL7A1	Missense_Mutation	103	68	171	0.39766081871345027	2	1	1	1.1696	1	1.1696	1.0	True	0.68	1.99
3	48629609	G	A	COL7A1	Missense_Mutation	160	27	187	0.1443850267379679	2	1	1	0.4247	1	0.4247	0.4247	False	0.68	1.99
3	48916832	C	A	SLC25A20	Nonsense_Mutation	117	19	136	0.13970588235294118	2	1	1	0.4109	1	0.4109	0.4109	False	0.68	1.99
3	49168416	G	A	LAMB2	Silent	104	33	137	0.24087591240875914	2	1	1	0.7085	1	0.7085	0.7085	False	0.68	1.99
3	49278759	A	C	CCDC36	Missense_Mutation	149	32	181	0.17679558011049723	2	1	1	0.52	1	0.52	0.52	False	0.68	1.99
3	49866639	C	T	TRAIP	Missense_Mutation	142	75	217	0.3456221198156682	2	1	1	1.0165	1	1.0165	1.0	True	0.68	1.99
3	50224092	C	T	SEMA3F	Silent	179	109	288	0.3784722222222222	2	1	1	1.1132	1	1.1132	1.0	True	0.68	1.99
3	50313156	C	T	LSMEM2	5'Flank	76	27	103	0.2621359223300971	2	1	1	0.771	1	0.771	0.771	False	0.68	1.99
3	52084997	T	G	DUSP7	Missense_Mutation	112	69	181	0.3812154696132597	2	1	1	1.1212	1	1.1212	1.0	True	0.68	1.99
3	52087970	G	A	DUSP7	Missense_Mutation	190	40	230	0.17391304347826086	2	1	1	0.5115	1	0.5115	0.5115	False	0.68	1.99
3	52425503	G	T	DNAH1	Silent	117	60	177	0.3389830508474576	2	1	1	0.997	1	0.997	0.997	True	0.68	1.99
3	52543890	C	T	STAB1	Silent	157	65	222	0.2927927927927928	2	1	1	0.8612	1	0.8612	0.8612	True	0.68	1.99
3	52861117	G	A	ITIH4	Silent	85	48	133	0.3609022556390977	2	1	1	1.0615	1	1.0615	1.0	True	0.68	1.99
3	52877789	T	G	TMEM110	Missense_Mutation	78	4	82	0.04878048780487805	2	1	1	0.1435	1	0.1435	0.1435	False	0.68	1.99
3	53139803	C	T	RFT1	Silent	51	16	67	0.23880597014925373	2	1	1	0.7024	1	0.7024	0.7024	False	0.68	1.99
3	53845488	G	T	CACNA1D	3'UTR	29	14	43	0.32558139534883723	2	1	1	0.9576	1	0.9576	0.9576	True	0.68	1.99
3	58899501	T	G	C3orf67	Silent	73	21	94	0.22340425531914893	2	1	1	0.6571	1	0.6571	0.6571	False	0.68	1.99
3	71804033	C	T	GPR27	Missense_Mutation	34	12	46	0.2608695652173913	2	1	1	0.7673	1	0.7673	0.7673	False	0.68	1.99
3	96706498	C	T	EPHA6	Missense_Mutation	75	43	118	0.3644067796610169	2	1	1	1.0718	1	1.0718	1.0	True	0.68	1.99
3	99568179	G	T	FILIP1L	Missense_Mutation	57	33	90	0.36666666666666664	2	1	1	1.0784	1	1.0784	1.0	True	0.68	1.99
3	100567689	G	A	ABI3BP	Missense_Mutation	89	30	119	0.25210084033613445	2	1	1	0.7415	1	0.7415	0.7415	False	0.68	1.99
3	102183086	T	G	ZPLD1	Missense_Mutation	49	29	78	0.3717948717948718	2	1	1	1.0935	1	1.0935	1.0	True	0.68	1.99
3	107776415	C	T	CD47	Silent	99	45	144	0.3125	2	1	1	0.9191	1	0.9191	0.9191	True	0.68	1.99
3	108549566	C	A	TRAT1	Silent	68	7	75	0.09333333333333334	2	1	1	0.2745	1	0.2745	0.2745	False	0.68	1.99
3	111667811	G	A	PHLDB2	Silent	70	7	77	0.09090909090909091	2	1	1	0.2674	1	0.2674	0.2674	False	0.68	1.99
3	112185083	G	T	BTLA	Missense_Mutation	96	20	116	0.1724137931034483	2	1	1	0.5071	1	0.5071	0.5071	False	0.68	1.99
3	112992013	C	T	BOC	Silent	122	76	198	0.3838383838383838	2	1	1	1.1289	1	1.1289	1.0	True	0.68	1.99
3	113667810	G	A	ZDHHC23	Missense_Mutation	102	33	135	0.24444444444444444	2	1	1	0.719	1	0.719	0.719	False	0.68	1.99
3	113798833	C	A	QTRTD1	Missense_Mutation	93	8	101	0.07920792079207921	2	1	1	0.233	1	0.233	0.233	False	0.68	1.99
3	119177057	T	C	TMEM39A	Silent	133	15	148	0.10135135135135136	2	1	1	0.2981	1	0.2981	0.2981	False	0.68	1.99
3	120876476	T	C	STXBP5L	Splice_Site	78	5	83	0.060240963855421686	2	1	1	0.1772	1	0.1772	0.1772	False	0.68	1.99
3	121376170	C	A	HCLS1	Missense_Mutation	45	37	82	0.45121951219512196	2	1	1	1.3271	1	1.3271	1.0	True	0.68	1.99
3	121641670	C	T	SLC15A2	Nonsense_Mutation	52	25	77	0.3246753246753247	2	1	1	0.9549	1	0.9549	0.9549	True	0.68	1.99
3	122296665	C	T	PARP15	Missense_Mutation	44	21	65	0.3230769230769231	2	1	1	0.9502	1	0.9502	0.9502	True	0.68	1.99
3	122873873	C	T	PDIA5	Silent	100	17	117	0.1452991452991453	2	1	1	0.4274	1	0.4274	0.4274	False	0.68	1.99
3	123418936	C	T	MYLK	Missense_Mutation	96	19	115	0.16521739130434782	2	1	1	0.4859	1	0.4859	0.4859	False	0.68	1.99
3	124201667	C	T	KALRN	Missense_Mutation	74	28	102	0.27450980392156865	2	1	1	0.8074	1	0.8074	0.8074	False	0.68	1.99
3	124482306	G	A	ITGB5	3'UTR	10	6	16	0.375	2	1	1	1.1029	1	1.1029	1.0	True	0.68	1.99
3	125637770	G	A	FAM86JP	Splice_Site	52	29	81	0.35802469135802467	2	1	1	1.053	1	1.053	1.0	True	0.68	1.99
3	125694419	C	A	ROPN1B	Missense_Mutation	64	23	87	0.26436781609195403	2	1	1	0.7776	1	0.7776	0.7776	False	0.68	1.99
3	126155210	A	G	CCDC37	Missense_Mutation	110	71	181	0.39226519337016574	2	1	1	1.1537	1	1.1537	1.0	True	0.68	1.99
3	126726731	T	C	PLXNA1	Missense_Mutation	93	13	106	0.12264150943396226	2	1	1	0.3607	1	0.3607	0.3607	False	0.68	1.99
3	127703082	C	A	KBTBD12	Silent	98	51	149	0.3422818791946309	2	1	1	1.0067	1	1.0067	1.0	True	0.68	1.99
3	127703158	A	C	KBTBD12	3'UTR	64	5	69	0.07246376811594203	2	1	1	0.2131	1	0.2131	0.2131	False	0.68	1.99
3	132196737	G	A	DNAJC13	Splice_Site	14	4	18	0.2222222222222222	2	1	1	0.6536	1	0.6536	0.6536	False	0.68	1.99
3	132215419	A	C	DNAJC13	Missense_Mutation	148	25	173	0.14450867052023122	2	1	1	0.425	1	0.425	0.425	False	0.68	1.99
3	133647420	C	T	C3orf36	Silent	101	9	110	0.08181818181818182	2	1	1	0.2406	1	0.2406	0.2406	False	0.68	1.99
3	137729144	G	A	CLDN18	Missense_Mutation	87	49	136	0.3602941176470588	2	1	1	1.0597	1	1.0597	1.0	True	0.68	1.99
3	138403508	C	T	PIK3CB	Silent	87	28	115	0.24347826086956523	2	1	1	0.7161	1	0.7161	0.7161	False	0.68	1.99
3	138403540	G	A	PIK3CB	Nonsense_Mutation	85	23	108	0.21296296296296297	2	1	1	0.6264	1	0.6264	0.6264	False	0.68	1.99
3	138762837	C	T	PRR23C	Missense_Mutation	54	30	84	0.35714285714285715	2	1	1	1.0504	1	1.0504	1.0	True	0.68	1.99
3	139108439	T	C	COPB2	5'UTR	62	10	72	0.1388888888888889	2	1	1	0.4085	1	0.4085	0.4085	False	0.68	1.99
3	140401710	C	T	TRIM42	Missense_Mutation	50	22	72	0.3055555555555556	2	1	1	0.8987	1	0.8987	0.8987	True	0.68	1.99
3	140419903	A	G	TRIM42	3'UTR	4	5	9	0.5555555555555556	2	1	1	1.634	1	1.634	1.0	True	0.68	1.99
3	141327431	G	A	RASA2	Missense_Mutation	160	79	239	0.3305439330543933	2	1	1	0.9722	1	0.9722	0.9722	True	0.68	1.99
3	142430755	A	G	PLS1	Missense_Mutation	66	34	100	0.34	2	1	1	1.0	1	1.0	1.0	True	0.68	1.99
3	149089450	C	T	TM4SF1	Intron	75	33	108	0.3055555555555556	2	1	1	0.8987	1	0.8987	0.8987	True	0.68	1.99
3	149485697	C	T	ANKUB1	Missense_Mutation	57	25	82	0.3048780487804878	2	1	1	0.8967	1	0.8967	0.8967	True	0.68	1.99
3	151545715	G	A	AADAC	Missense_Mutation	52	8	60	0.13333333333333333	2	1	1	0.3922	1	0.3922	0.3922	False	0.68	1.99
3	152150667	T	A	MBNL1	Silent	94	53	147	0.36054421768707484	2	1	1	1.0604	1	1.0604	1.0	True	0.68	1.99
3	152885729	A	C	RAP2B	3'UTR	53	32	85	0.3764705882352941	2	1	1	1.1073	1	1.1073	1.0	True	0.68	1.99
3	154802055	C	A	MME	Silent	99	41	140	0.29285714285714287	2	1	1	0.8613	1	0.8613	0.8613	True	0.68	1.99
3	155547615	G	A	SLC33A1	Silent	115	8	123	0.06504065040650407	2	1	1	0.1913	1	0.1913	0.1913	False	0.68	1.99
3	156979108	T	C	VEPH1	Missense_Mutation	55	33	88	0.375	2	1	1	1.1029	1	1.1029	1.0	True	0.68	1.99
3	157160222	A	C	PTX3	Missense_Mutation	67	12	79	0.1518987341772152	2	1	1	0.4468	1	0.4468	0.4468	False	0.68	1.99
3	159998573	C	T	IFT80	Missense_Mutation	83	45	128	0.3515625	2	1	1	1.034	1	1.034	1.0	True	0.68	1.99
3	175042042	C	T	NAALADL2	Missense_Mutation	149	16	165	0.09696969696969697	2	1	1	0.2852	1	0.2852	0.2852	False	0.68	1.99
3	178936083	A	G	PIK3CA	Missense_Mutation	93	48	141	0.3404255319148936	2	1	1	1.0013	1	1.0013	1.0	True	0.68	1.99
3	178952085	A	G	PIK3CA	Missense_Mutation	54	26	80	0.325	2	1	1	0.9559	1	0.9559	0.9559	True	0.68	1.99
3	183823167	C	T	HTR3E	Silent	138	21	159	0.1320754716981132	2	1	1	0.3885	1	0.3885	0.3885	False	0.68	1.99
3	183911408	C	T	ABCF3	Silent	138	91	229	0.39737991266375544	2	1	1	1.1688	1	1.1688	1.0	True	0.68	1.99
3	183960182	G	A	ALG3	3'UTR	23	4	27	0.14814814814814814	2	1	1	0.4357	1	0.4357	0.4357	False	0.68	1.99
3	184298645	C	T	EPHB3	Silent	148	14	162	0.08641975308641975	2	1	1	0.2542	1	0.2542	0.2542	False	0.68	1.99
3	186947564	G	A	MASP1	3'Flank	96	41	137	0.29927007299270075	2	1	1	0.8802	1	0.8802	0.8802	True	0.68	1.99
3	192516328	C	A	MB21D2	Missense_Mutation	48	22	70	0.3142857142857143	2	1	1	0.9244	1	0.9244	0.9244	True	0.68	1.99
3	194062235	G	A	CPN2	Silent	109	42	151	0.2781456953642384	2	1	1	0.8181	1	0.8181	0.8181	False	0.68	1.99
3	194325130	G	T	TMEM44	Missense_Mutation	132	16	148	0.10810810810810811	2	1	1	0.318	1	0.318	0.318	False	0.68	1.99
3	195778909	C	T	TFRC	Silent	69	46	115	0.4	2	1	1	1.1765	1	1.1765	1.0	True	0.68	1.99
3	196664485	G	A	NCBP2	Missense_Mutation	44	15	59	0.2542372881355932	2	1	1	0.7478	1	0.7478	0.7478	False	0.68	1.99
3	196730948	T	G	MFI2	Missense_Mutation	147	14	161	0.08695652173913043	2	1	1	0.2558	1	0.2558	0.2558	False	0.68	1.99
4	860760	T	C	GAK	Silent	37	6	43	0.13953488372093023	2	1	1	0.4104	1	0.4104	0.4104	False	0.68	1.99
4	1824724	C	A	LETM1	Silent	41	21	62	0.3387096774193548	2	1	1	0.9962	1	0.9962	0.9962	True	0.68	1.99
4	2339177	C	T	ZFYVE28	Missense_Mutation	107	59	166	0.35542168674698793	2	1	1	1.0454	1	1.0454	1.0	True	0.68	1.99
4	2948228	C	T	NOP14	Missense_Mutation	54	5	59	0.0847457627118644	2	1	1	0.2493	1	0.2493	0.2493	False	0.68	1.99
4	6107636	C	T	JAKMIP1	Missense_Mutation	34	34	68	0.5	2	1	1	1.4706	1	1.4706	1.0	True	0.68	1.99
4	6302888	C	T	WFS1	Missense_Mutation	35	27	62	0.43548387096774194	2	1	1	1.2808	1	1.2808	1.0	True	0.68	1.99
4	9785421	G	T	DRD5	3'UTR	186	12	198	0.06060606060606061	2	1	1	0.1783	1	0.1783	0.1783	False	0.68	1.99
4	15640162	A	T	FBXL5	Missense_Mutation	33	5	38	0.13157894736842105	2	1	1	0.387	1	0.387	0.387	False	0.68	1.99
4	15690894	A	G	FAM200B	3'Flank	95	48	143	0.3356643356643357	2	1	1	0.9872	1	0.9872	0.9872	True	0.68	1.99
4	17654594	G	A	FAM184B	Missense_Mutation	166	19	185	0.10270270270270271	2	1	1	0.3021	1	0.3021	0.3021	False	0.68	1.99
4	17805832	T	A	DCAF16	5'UTR	45	5	50	0.1	2	1	1	0.2941	1	0.2941	0.2941	False	0.68	1.99
4	17816592	A	G	NCAPG	Missense_Mutation	207	138	345	0.4	2	1	1	1.1765	1	1.1765	1.0	True	0.68	1.99
4	17838781	G	T	NCAPG	Splice_Site	51	13	64	0.203125	2	1	1	0.5974	1	0.5974	0.5974	False	0.68	1.99
4	21950325	C	T	KCNIP4	5'UTR	54	16	70	0.22857142857142856	2	1	1	0.6723	1	0.6723	0.6723	False	0.68	1.99
4	24534564	G	A	DHX15	Missense_Mutation	50	26	76	0.34210526315789475	2	1	1	1.0062	1	1.0062	1.0	True	0.68	1.99
4	30724026	C	A	PCDH7	Missense_Mutation	100	6	106	0.05660377358490566	2	1	1	0.1665	1	0.1665	0.1665	False	0.68	1.99
4	38037290	G	C	TBC1D1	Missense_Mutation	49	25	74	0.33783783783783783	2	1	1	0.9936	1	0.9936	0.9936	True	0.68	1.99
4	52938115	G	A	SPATA18	Missense_Mutation	49	32	81	0.3950617283950617	2	1	1	1.1619	1	1.1619	1.0	True	0.68	1.99
4	54344832	G	A	LNX1	Silent	60	10	70	0.14285714285714285	2	1	1	0.4202	1	0.4202	0.4202	False	0.68	1.99
4	68488865	T	C	UBA6	Missense_Mutation	104	66	170	0.38823529411764707	2	1	1	1.1419	1	1.1419	1.0	True	0.68	1.99
4	69107436	A	G	TMPRSS11B	Missense_Mutation	87	48	135	0.35555555555555557	2	1	1	1.0458	1	1.0458	1.0	True	0.68	1.99
4	69362400	G	A	TMPRSS11E	Missense_Mutation	319	161	480	0.33541666666666664	2	1	1	0.9865	1	0.9865	0.9865	True	0.68	1.99
4	70079959	G	A	UGT2B11	Missense_Mutation	243	142	385	0.36883116883116884	2	1	1	1.0848	1	1.0848	1.0	True	0.68	1.99
4	70460365	G	T	UGT2A1	Silent	205	20	225	0.08888888888888889	2	1	1	0.2614	1	0.2614	0.2614	False	0.68	1.99
4	75250531	G	A	EREG	3'UTR	94	7	101	0.06930693069306931	2	1	1	0.2038	1	0.2038	0.2038	False	0.68	1.99
4	77652061	C	A	SHROOM3	Missense_Mutation	51	22	73	0.3013698630136986	2	1	1	0.8864	1	0.8864	0.8864	True	0.68	1.99
4	79428719	A	G	FRAS1	Missense_Mutation	91	42	133	0.3157894736842105	2	1	1	0.9288	1	0.9288	0.9288	True	0.68	1.99
4	79754809	G	T	BMP2K	Missense_Mutation	20	6	26	0.23076923076923078	2	1	1	0.6787	1	0.6787	0.6787	False	0.68	1.99
4	79832865	G	A	BMP2K	Missense_Mutation	135	59	194	0.30412371134020616	2	1	1	0.8945	1	0.8945	0.8945	True	0.68	1.99
4	88379185	C	T	NUDT9	3'UTR	50	21	71	0.29577464788732394	2	1	1	0.8699	1	0.8699	0.8699	True	0.68	1.99
4	89039365	C	T	ABCG2	Missense_Mutation	82	35	117	0.29914529914529914	2	1	1	0.8798	1	0.8798	0.8798	True	0.68	1.99
4	90034221	C	T	TIGD2	Silent	66	16	82	0.1951219512195122	2	1	1	0.5739	1	0.5739	0.5739	False	0.68	1.99
4	91549290	C	T	CCSER1	Silent	175	87	262	0.3320610687022901	2	1	1	0.9767	1	0.9767	0.9767	True	0.68	1.99
4	95506761	T	C	PDLIM5	Silent	46	34	80	0.425	2	1	1	1.25	1	1.25	1.0	True	0.68	1.99
4	100340189	C	T	ADH7	Silent	101	55	156	0.3525641025641026	2	1	1	1.037	1	1.037	1.0	True	0.68	1.99
4	100503217	G	A	MTTP	Missense_Mutation	79	35	114	0.30701754385964913	2	1	1	0.903	1	0.903	0.903	True	0.68	1.99
4	103556039	T	C	MANBA	Missense_Mutation	138	66	204	0.3235294117647059	2	1	1	0.9516	1	0.9516	0.9516	True	0.68	1.99
4	109745158	C	T	COL25A1	Intron	26	16	42	0.38095238095238093	2	1	1	1.1204	1	1.1204	1.0	True	0.68	1.99
4	114276474	G	A	ANK2	Missense_Mutation	41	16	57	0.2807017543859649	2	1	1	0.8256	1	0.8256	0.8256	False	0.68	1.99
4	115997655	A	T	NDST4	Missense_Mutation	75	19	94	0.20212765957446807	2	1	1	0.5945	1	0.5945	0.5945	False	0.68	1.99
4	121738037	C	T	PRDM5	Silent	135	61	196	0.3112244897959184	2	1	1	0.9154	1	0.9154	0.9154	True	0.68	1.99
4	122301539	C	T	QRFPR	Silent	112	41	153	0.2679738562091503	2	1	1	0.7882	1	0.7882	0.7882	False	0.68	1.99
4	126241016	C	A	FAT4	Silent	72	28	100	0.28	2	1	1	0.8235	1	0.8235	0.8235	False	0.68	1.99
4	128716930	C	T	HSPA4L	Missense_Mutation	63	36	99	0.36363636363636365	2	1	1	1.0695	1	1.0695	1.0	True	0.68	1.99
4	134071442	G	A	PCDH10	Silent	86	35	121	0.2892561983471074	2	1	1	0.8508	1	0.8508	0.8508	True	0.68	1.99
4	134073583	G	A	PCDH10	Missense_Mutation	44	29	73	0.3972602739726027	2	1	1	1.1684	1	1.1684	1.0	True	0.68	1.99
4	141548602	A	G	TBC1D9	Silent	67	7	74	0.0945945945945946	2	1	1	0.2782	1	0.2782	0.2782	False	0.68	1.99
4	144359537	A	G	GAB1	Missense_Mutation	39	26	65	0.4	2	1	1	1.1765	1	1.1765	1.0	True	0.68	1.99
4	145567805	G	A	HHIP	5'UTR	40	7	47	0.14893617021276595	2	1	1	0.438	1	0.438	0.438	False	0.68	1.99
4	146059724	A	G	OTUD4	Missense_Mutation	107	46	153	0.3006535947712418	2	1	1	0.8843	1	0.8843	0.8843	True	0.68	1.99
4	148993259	C	A	ARHGAP10	3'UTR	38	18	56	0.32142857142857145	2	1	1	0.9454	1	0.9454	0.9454	True	0.68	1.99
4	153691757	C	A	TIGD4	Missense_Mutation	112	26	138	0.18840579710144928	2	1	1	0.5541	1	0.5541	0.5541	False	0.68	1.99
4	153691874	A	G	TIGD4	Missense_Mutation	76	34	110	0.3090909090909091	2	1	1	0.9091	1	0.9091	0.9091	True	0.68	1.99
4	164069510	C	T	NAF1	Missense_Mutation	77	31	108	0.28703703703703703	2	1	1	0.8442	1	0.8442	0.8442	False	0.68	1.99
4	169194503	T	C	DDX60	Missense_Mutation	96	54	150	0.36	2	1	1	1.0588	1	1.0588	1.0	True	0.68	1.99
4	176923515	C	T	GPM6A	5'Flank	97	53	150	0.35333333333333333	2	1	1	1.0392	1	1.0392	1.0	True	0.68	1.99
4	183603129	C	T	TENM3	Missense_Mutation	71	40	111	0.36036036036036034	2	1	1	1.0599	1	1.0599	1.0	True	0.68	1.99
4	183714672	G	T	TENM3	Missense_Mutation	59	28	87	0.3218390804597701	2	1	1	0.9466	1	0.9466	0.9466	True	0.68	1.99
4	185340623	C	A	IRF2	Nonsense_Mutation	44	26	70	0.37142857142857144	2	1	1	1.0924	1	1.0924	1.0	True	0.68	1.99
4	186423408	C	T	PDLIM3	3'UTR	25	24	49	0.4897959183673469	2	1	1	1.4406	1	1.4406	1.0	True	0.68	1.99
5	446304	C	T	EXOC3	5'UTR	58	15	73	0.2054794520547945	2	1	1	0.6044	1	0.6044	0.6044	False	0.68	1.99
5	850652	C	T	ZDHHC11	Silent	85	43	128	0.3359375	2	1	1	0.9881	1	0.9881	0.9881	True	0.68	1.99
5	1075487	C	T	SLC12A7	Missense_Mutation	172	107	279	0.3835125448028674	2	1	1	1.128	1	1.128	1.0	True	0.68	1.99
5	1593359	C	T	CTD-2012J19.3	5'Flank	251	40	291	0.13745704467353953	2	1	1	0.4043	1	0.4043	0.4043	False	0.68	1.99
5	5182285	G	A	ADAMTS16	Silent	138	37	175	0.21142857142857144	2	1	1	0.6218	1	0.6218	0.6218	False	0.68	1.99
5	6668385	C	T	SRD5A1	3'UTR	123	14	137	0.10218978102189781	2	1	1	0.3006	1	0.3006	0.3006	False	0.68	1.99
5	14369574	C	T	TRIO	Missense_Mutation	36	17	53	0.32075471698113206	2	1	1	0.9434	1	0.9434	0.9434	True	0.68	1.99
5	15500794	G	A	FBXL7	Silent	163	82	245	0.3346938775510204	2	1	1	0.9844	1	0.9844	0.9844	True	0.68	1.99
5	16091025	A	G	MARCH11	Missense_Mutation	95	42	137	0.30656934306569344	2	1	1	0.9017	1	0.9017	0.9017	True	0.68	1.99
5	16672827	G	A	MYO10	Silent	121	44	165	0.26666666666666666	2	1	1	0.7843	1	0.7843	0.7843	False	0.68	1.99
5	21802330	G	A	CDH12	Missense_Mutation	143	25	168	0.1488095238095238	2	1	1	0.4377	1	0.4377	0.4377	False	0.68	1.99
5	23527530	G	A	PRDM9	Missense_Mutation	232	26	258	0.10077519379844961	2	1	1	0.2964	1	0.2964	0.2964	False	0.68	1.99
5	23527614	G	A	PRDM9	Missense_Mutation	236	14	250	0.056	2	1	1	0.1647	1	0.1647	0.1647	False	0.68	1.99
5	24487771	G	A	CDH10	3'UTR	37	21	58	0.3620689655172414	2	1	1	1.0649	1	1.0649	1.0	True	0.68	1.99
5	26881625	C	T	CDH9	Missense_Mutation	41	13	54	0.24074074074074073	2	1	1	0.7081	1	0.7081	0.7081	False	0.68	1.99
5	31526833	G	T	DROSHA	Silent	79	32	111	0.2882882882882883	2	1	1	0.8479	1	0.8479	0.8479	False	0.68	1.99
5	31541482	C	T	C5orf22	Missense_Mutation	36	25	61	0.4098360655737705	2	1	1	1.2054	1	1.2054	1.0	True	0.68	1.99
5	33938039	G	T	RXFP3	Missense_Mutation	54	10	64	0.15625	2	1	1	0.4596	1	0.4596	0.4596	False	0.68	1.99
5	34033429	C	T	C1QTNF3	Missense_Mutation	76	44	120	0.36666666666666664	2	1	1	1.0784	1	1.0784	1.0	True	0.68	1.99
5	35938671	G	A	CAPSL	Intron	15	5	20	0.25	2	1	1	0.7353	1	0.7353	0.7353	False	0.68	1.99
5	36197658	C	T	NADK2	Missense_Mutation	35	28	63	0.4444444444444444	2	1	1	1.3072	1	1.3072	1.0	True	0.68	1.99
5	37006464	C	T	NIPBL	Silent	45	17	62	0.27419354838709675	2	1	1	0.8065	1	0.8065	0.8065	False	0.68	1.99
5	40981579	G	T	C7	Missense_Mutation	157	38	195	0.19487179487179487	2	1	1	0.5732	1	0.5732	0.5732	False	0.68	1.99
5	41159223	C	T	C6	Missense_Mutation	71	26	97	0.26804123711340205	2	1	1	0.7884	1	0.7884	0.7884	False	0.68	1.99
5	52097555	T	G	PELO	Missense_Mutation	114	24	138	0.17391304347826086	2	1	1	0.5115	1	0.5115	0.5115	False	0.68	1.99
5	54618259	C	A	SKIV2L2	Missense_Mutation	134	77	211	0.36492890995260663	2	1	1	1.0733	1	1.0733	1.0	True	0.68	1.99
5	63256816	G	T	HTR1A	Missense_Mutation	32	13	45	0.28888888888888886	2	1	1	0.8497	1	0.8497	0.8497	False	0.68	1.99
5	63257005	C	T	HTR1A	Missense_Mutation	162	72	234	0.3076923076923077	2	1	1	0.905	1	0.905	0.905	True	0.68	1.99
5	64942985	A	G	TRAPPC13	Missense_Mutation	123	69	192	0.359375	2	1	1	1.057	1	1.057	1.0	True	0.68	1.99
5	67522781	G	A	PIK3R1	Missense_Mutation	94	68	162	0.41975308641975306	2	1	1	1.2346	1	1.2346	1.0	True	0.68	1.99
5	68665576	G	A	TAF9	5'UTR	74	35	109	0.3211009174311927	2	1	1	0.9444	1	0.9444	0.9444	True	0.68	1.99
5	73930719	C	T	ENC1	Missense_Mutation	99	24	123	0.1951219512195122	2	1	1	0.5739	1	0.5739	0.5739	False	0.68	1.99
5	75505676	G	A	SV2C	Missense_Mutation	57	23	80	0.2875	2	1	1	0.8456	1	0.8456	0.8456	False	0.68	1.99
5	76646969	G	A	PDE8B	Missense_Mutation	49	30	79	0.379746835443038	2	1	1	1.1169	1	1.1169	1.0	True	0.68	1.99
5	88057096	G	A	MEF2C	Missense_Mutation	34	35	69	0.5072463768115942	2	1	1	1.4919	1	1.4919	1.0	True	0.68	1.99
5	89924496	C	T	GPR98	Silent	86	45	131	0.3435114503816794	2	1	1	1.0103	1	1.0103	1.0	True	0.68	1.99
5	93800689	G	A	KIAA0825	Silent	92	19	111	0.17117117117117117	2	1	1	0.5034	1	0.5034	0.5034	False	0.68	1.99
5	96231020	T	C	ERAP2	Missense_Mutation	72	27	99	0.2727272727272727	2	1	1	0.8021	1	0.8021	0.8021	False	0.68	1.99
5	102886494	C	A	NUDT12	3'UTR	8	4	12	0.3333333333333333	2	1	1	0.9804	1	0.9804	0.9804	True	0.68	1.99
5	112884685	G	A	YTHDC2	Silent	33	20	53	0.37735849056603776	2	1	1	1.1099	1	1.1099	1.0	True	0.68	1.99
5	118176732	A	C	DTWD2	Silent	84	6	90	0.06666666666666667	2	1	1	0.1961	1	0.1961	0.1961	False	0.68	1.99
5	121739547	C	T	SNCAIP	Silent	68	39	107	0.3644859813084112	2	1	1	1.072	1	1.072	1.0	True	0.68	1.99
5	129070681	G	A	ADAMTS19	Silent	141	67	208	0.32211538461538464	2	1	1	0.9474	1	0.9474	0.9474	True	0.68	1.99
5	132159202	C	T	SHROOM1	Missense_Mutation	53	21	74	0.28378378378378377	2	1	1	0.8347	1	0.8347	0.8347	False	0.68	1.99
5	132159425	G	A	SHROOM1	Missense_Mutation	25	6	31	0.1935483870967742	2	1	1	0.5693	1	0.5693	0.5693	False	0.68	1.99
5	134705744	A	G	H2AFY	Silent	53	11	64	0.171875	2	1	1	0.5055	1	0.5055	0.5055	False	0.68	1.99
5	134871329	T	C	NEUROG1	Missense_Mutation	60	11	71	0.15492957746478872	2	1	1	0.4557	1	0.4557	0.4557	False	0.68	1.99
5	135692712	C	T	TRPC7	Missense_Mutation	47	19	66	0.2878787878787879	2	1	1	0.8467	1	0.8467	0.8467	False	0.68	1.99
5	137625245	G	A	CDC25C	Missense_Mutation	102	42	144	0.2916666666666667	2	1	1	0.8578	1	0.8578	0.8578	True	0.68	1.99
5	138287023	A	G	SIL1	Missense_Mutation	107	26	133	0.19548872180451127	2	1	1	0.575	1	0.575	0.575	False	0.68	1.99
5	138724217	G	C	MZB1	Missense_Mutation	68	6	74	0.08108108108108109	2	1	1	0.2385	1	0.2385	0.2385	False	0.68	1.99
5	139251395	G	A	NRG2	Silent	112	48	160	0.3	2	1	1	0.8824	1	0.8824	0.8824	True	0.68	1.99
5	140021308	C	A	TMCO6	Missense_Mutation	245	16	261	0.06130268199233716	2	1	1	0.1803	1	0.1803	0.1803	False	0.68	1.99
5	140166068	C	T	PCDHA1	Missense_Mutation	50	15	65	0.23076923076923078	2	1	1	0.6787	1	0.6787	0.6787	False	0.68	1.99
5	140222954	C	T	PCDHA8	Missense_Mutation	113	60	173	0.3468208092485549	2	1	1	1.0201	1	1.0201	1.0	True	0.68	1.99
5	140237532	G	A	PCDHA10	Silent	59	35	94	0.3723404255319149	2	1	1	1.0951	1	1.0951	1.0	True	0.68	1.99
5	140249016	G	A	PCDHA11	Missense_Mutation	110	37	147	0.25170068027210885	2	1	1	0.7403	1	0.7403	0.7403	False	0.68	1.99
5	140474995	G	A	PCDHB2	Silent	49	30	79	0.379746835443038	2	1	1	1.1169	1	1.1169	1.0	True	0.68	1.99
5	140530740	T	C	PCDHB6	Missense_Mutation	84	32	116	0.27586206896551724	2	1	1	0.8114	1	0.8114	0.8114	False	0.68	1.99
5	140537176	G	A	PCDHB17	Missense_Mutation	130	71	201	0.35323383084577115	2	1	1	1.0389	1	1.0389	1.0	True	0.68	1.99
5	140616346	C	T	PCDHB18	RNA	57	33	90	0.36666666666666664	2	1	1	1.0784	1	1.0784	1.0	True	0.68	1.99
5	140700242	G	T	TAF7	5'UTR	111	48	159	0.3018867924528302	2	1	1	0.8879	1	0.8879	0.8879	True	0.68	1.99
5	140731491	C	T	PCDHGB1	Missense_Mutation	67	34	101	0.33663366336633666	2	1	1	0.9901	1	0.9901	0.9901	True	0.68	1.99
5	140735511	C	T	PCDHGA4	Silent	37	21	58	0.3620689655172414	2	1	1	1.0649	1	1.0649	1.0	True	0.68	1.99
5	140755197	C	T	PCDHGA6	Missense_Mutation	95	26	121	0.21487603305785125	2	1	1	0.632	1	0.632	0.632	False	0.68	1.99
5	140811312	C	T	PCDHGA12	Missense_Mutation	46	23	69	0.3333333333333333	2	1	1	0.9804	1	0.9804	0.9804	True	0.68	1.99
5	141035294	C	T	ARAP3	Missense_Mutation	108	14	122	0.11475409836065574	2	1	1	0.3375	1	0.3375	0.3375	False	0.68	1.99
5	147024552	C	T	JAKMIP2	Missense_Mutation	63	31	94	0.32978723404255317	2	1	1	0.97	1	0.97	0.97	True	0.68	1.99
5	148207662	C	G	ADRB2	3'UTR	29	9	38	0.23684210526315788	2	1	1	0.6966	1	0.6966	0.6966	False	0.68	1.99
5	149011829	C	T	ARHGEF37	3'UTR	16	8	24	0.3333333333333333	2	1	1	0.9804	1	0.9804	0.9804	True	0.68	1.99
5	149441366	C	T	CSF1R	Missense_Mutation	94	33	127	0.25984251968503935	2	1	1	0.7642	1	0.7642	0.7642	False	0.68	1.99
5	150097846	T	C	DCTN4	Missense_Mutation	63	17	80	0.2125	2	1	1	0.625	1	0.625	0.625	False	0.68	1.99
5	150411928	C	T	TNIP1	Missense_Mutation	59	34	93	0.3655913978494624	2	1	1	1.0753	1	1.0753	1.0	True	0.68	1.99
5	150527461	A	G	ANXA6	Translation_Start_Site	93	29	122	0.23770491803278687	2	1	1	0.6991	1	0.6991	0.6991	False	0.68	1.99
5	150632800	C	A	GM2A	Missense_Mutation	37	7	44	0.1590909090909091	2	1	1	0.4679	1	0.4679	0.4679	False	0.68	1.99
5	156381448	G	A	TIMD4	Silent	32	17	49	0.3469387755102041	2	1	1	1.0204	1	1.0204	1.0	True	0.68	1.99
5	156746853	C	T	CYFIP2	Silent	183	20	203	0.09852216748768473	2	1	1	0.2898	1	0.2898	0.2898	False	0.68	1.99
5	156908843	C	T	ADAM19	Missense_Mutation	88	45	133	0.3383458646616541	2	1	1	0.9951	1	0.9951	0.9951	True	0.68	1.99
5	158139211	G	A	EBF1	Silent	104	42	146	0.2876712328767123	2	1	1	0.8461	1	0.8461	0.8461	False	0.68	1.99
5	167868721	G	A	WWC1	Missense_Mutation	198	78	276	0.2826086956521739	2	1	1	0.8312	1	0.8312	0.8312	False	0.68	1.99
5	176022599	C	T	CDHR2	Missense_Mutation	58	31	89	0.34831460674157305	2	1	1	1.0245	1	1.0245	1.0	True	0.68	1.99
5	176935486	G	A	DOK3	Missense_Mutation	43	11	54	0.2037037037037037	2	1	1	0.5991	1	0.5991	0.5991	False	0.68	1.99
5	176939790	C	T	DDX41	Missense_Mutation	85	31	116	0.2672413793103448	2	1	1	0.786	1	0.786	0.786	False	0.68	1.99
5	177576686	G	A	NHP2	3'UTR	98	62	160	0.3875	2	1	1	1.1397	1	1.1397	1.0	True	0.68	1.99
5	179297261	C	A	TBC1D9B	Missense_Mutation	50	26	76	0.34210526315789475	2	1	1	1.0062	1	1.0062	1.0	True	0.68	1.99
5	179318551	C	T	TBC1D9B	Missense_Mutation	57	36	93	0.3870967741935484	2	1	1	1.1385	1	1.1385	1.0	True	0.68	1.99
5	180377036	C	T	BTNL8	Missense_Mutation	303	9	312	0.028846153846153848	2	1	1	0.0848	1	0.0848	0.0848	False	0.68	1.99
6	350824	G	T	DUSP22	Missense_Mutation	67	17	84	0.20238095238095238	2	1	1	0.5952	1	0.5952	0.5952	False	0.68	1.99
6	2685594	C	T	MYLK4	Missense_Mutation	84	9	93	0.0967741935483871	2	1	1	0.2846	1	0.2846	0.2846	False	0.68	1.99
6	6251042	A	C	F13A1	Splice_Site	28	8	36	0.2222222222222222	2	1	1	0.6536	1	0.6536	0.6536	False	0.68	1.99
6	7393536	G	T	RIOK1	Missense_Mutation	70	15	85	0.17647058823529413	2	1	1	0.519	1	0.519	0.519	False	0.68	1.99
6	10529982	G	T	GCNT2	Missense_Mutation	61	10	71	0.14084507042253522	2	1	1	0.4143	1	0.4143	0.4143	False	0.68	1.99
6	10704763	C	A	PAK1IP1	Missense_Mutation	44	15	59	0.2542372881355932	2	1	1	0.7478	1	0.7478	0.7478	False	0.68	1.99
6	10796496	G	A	MAK	Missense_Mutation	27	7	34	0.20588235294117646	2	1	1	0.6055	1	0.6055	0.6055	False	0.68	1.99
6	12121957	C	T	HIVEP1	Silent	104	33	137	0.24087591240875914	2	1	1	0.7085	1	0.7085	0.7085	False	0.68	1.99
6	13365380	C	T	GFOD1	Silent	55	44	99	0.4444444444444444	2	1	1	1.3072	1	1.3072	1.0	True	0.68	1.99
6	17765157	A	G	KIF13A	Silent	51	37	88	0.42045454545454547	2	1	1	1.2366	1	1.2366	1.0	True	0.68	1.99
6	17817284	G	A	KIF13A	Missense_Mutation	38	18	56	0.32142857142857145	2	1	1	0.9454	1	0.9454	0.9454	True	0.68	1.99
6	22570635	C	T	HDGFL1	3'UTR	46	24	70	0.34285714285714286	2	1	1	1.0084	1	1.0084	1.0	True	0.68	1.99
6	24429295	C	T	GPLD1	Missense_Mutation	61	35	96	0.3645833333333333	2	1	1	1.0723	1	1.0723	1.0	True	0.68	1.99
6	24523088	G	A	ALDH5A1	Missense_Mutation	45	30	75	0.4	2	1	1	1.1765	1	1.1765	1.0	True	0.68	1.99
6	24580109	G	A	KIAA0319	Missense_Mutation	59	19	78	0.24358974358974358	2	1	1	0.7164	1	0.7164	0.7164	False	0.68	1.99
6	24830866	G	A	FAM65B	Silent	65	33	98	0.336734693877551	2	1	1	0.9904	1	0.9904	0.9904	True	0.68	1.99
6	26428124	A	G	BTN2A3P	RNA	25	17	42	0.40476190476190477	2	1	1	1.1905	1	1.1905	1.0	True	0.68	1.99
6	28227314	G	A	NKAPL	Nonsense_Mutation	72	25	97	0.25773195876288657	2	1	1	0.758	1	0.758	0.758	False	0.68	1.99
6	29275018	A	C	OR14J1	Missense_Mutation	50	3	53	0.05660377358490566	2	1	1	0.1665	1	0.1665	0.1665	False	0.68	1.99
6	30658698	G	T	NRM	Silent	115	55	170	0.3235294117647059	2	1	1	0.9516	1	0.9516	0.9516	True	0.68	1.99
6	30671821	C	T	MDC1	Silent	86	55	141	0.3900709219858156	2	1	1	1.1473	1	1.1473	1.0	True	0.68	1.99
6	30856710	G	A	DDR1	Missense_Mutation	65	29	94	0.30851063829787234	2	1	1	0.9074	1	0.9074	0.9074	True	0.68	1.99
6	30867046	G	A	DDR1	Silent	50	38	88	0.4318181818181818	2	1	1	1.2701	1	1.2701	1.0	True	0.68	1.99
6	30919763	G	A	DPCR1	Silent	37	4	41	0.0975609756097561	2	1	1	0.2869	1	0.2869	0.2869	False	0.68	1.99
6	30951763	C	A	MUC21	Missense_Mutation	60	34	94	0.3617021276595745	2	1	1	1.0638	1	1.0638	1.0	True	0.68	1.99
6	31595591	A	G	PRRC2A	Missense_Mutation	64	9	73	0.1232876712328767	2	1	1	0.3626	1	0.3626	0.3626	False	0.68	1.99
6	31611902	G	T	BAG6	Missense_Mutation	58	20	78	0.2564102564102564	2	1	1	0.7541	1	0.7541	0.7541	False	0.68	1.99
6	31637105	A	G	CSNK2B-LY6G5B-1181	Missense_Mutation	80	8	88	0.09090909090909091	2	1	1	0.2674	1	0.2674	0.2674	False	0.68	1.99
6	31644633	G	A	LY6G5C	3'UTR	38	10	48	0.20833333333333334	2	1	1	0.6127	1	0.6127	0.6127	False	0.68	1.99
6	31749530	C	T	VARS	Missense_Mutation	43	35	78	0.44871794871794873	2	1	1	1.3198	1	1.3198	1.0	True	0.68	1.99
6	31779702	G	T	HSPA1L	Silent	218	42	260	0.16153846153846155	2	1	1	0.4751	1	0.4751	0.4751	False	0.68	1.99
6	32121394	G	A	PPT2	5'UTR	98	13	111	0.11711711711711711	2	1	1	0.3445	1	0.3445	0.3445	False	0.68	1.99
6	32134975	G	A	EGFL8	Missense_Mutation	41	31	72	0.4305555555555556	2	1	1	1.2663	1	1.2663	1.0	True	0.68	1.99
6	33423414	A	G	ZBTB9	Silent	25	21	46	0.45652173913043476	2	1	1	1.3427	1	1.3427	1.0	True	0.68	1.99
6	33740289	G	A	LEMD2	3'UTR	25	11	36	0.3055555555555556	2	1	1	0.8987	1	0.8987	0.8987	True	0.68	1.99
6	36922646	T	C	PI16	Missense_Mutation	73	13	86	0.1511627906976744	2	1	1	0.4446	1	0.4446	0.4446	False	0.68	1.99
6	37418091	A	C	CMTR1	Missense_Mutation	131	55	186	0.2956989247311828	2	1	1	0.8697	1	0.8697	0.8697	True	0.68	1.99
6	41129194	C	T	TREM2	Silent	86	31	117	0.26495726495726496	2	1	1	0.7793	1	0.7793	0.7793	False	0.68	1.99
6	41162347	C	A	TREML2	Nonsense_Mutation	129	73	202	0.3613861386138614	2	1	1	1.0629	1	1.0629	1.0	True	0.68	1.99
6	43266148	C	A	SLC22A7	Missense_Mutation	43	28	71	0.39436619718309857	2	1	1	1.1599	1	1.1599	1.0	True	0.68	1.99
6	43420768	G	A	DLK2	Silent	87	54	141	0.3829787234042553	2	1	1	1.1264	1	1.1264	1.0	True	0.68	1.99
6	43516059	C	T	XPO5	Missense_Mutation	66	25	91	0.27472527472527475	2	1	1	0.808	1	0.808	0.808	False	0.68	1.99
6	43589757	C	T	GTPBP2	Missense_Mutation	152	25	177	0.14124293785310735	2	1	1	0.4154	1	0.4154	0.4154	False	0.68	1.99
6	44217235	G	A	HSP90AB1	Missense_Mutation	62	33	95	0.3473684210526316	2	1	1	1.0217	1	1.0217	1.0	True	0.68	1.99
6	47847563	G	T	PTCHD4	Silent	91	36	127	0.28346456692913385	2	1	1	0.8337	1	0.8337	0.8337	False	0.68	1.99
6	51882267	G	T	PKHD1	Silent	191	30	221	0.13574660633484162	2	1	1	0.3993	1	0.3993	0.3993	False	0.68	1.99
6	52129524	G	T	MCM3	Silent	58	37	95	0.3894736842105263	2	1	1	1.1455	1	1.1455	1.0	True	0.68	1.99
6	54792330	G	T	FAM83B	Missense_Mutation	129	58	187	0.31016042780748665	2	1	1	0.9122	1	0.9122	0.9122	True	0.68	1.99
6	55638932	G	A	BMP5	Silent	70	40	110	0.36363636363636365	2	1	1	1.0695	1	1.0695	1.0	True	0.68	1.99
6	56323997	G	A	DST	Missense_Mutation	43	20	63	0.31746031746031744	2	1	1	0.9337	1	0.9337	0.9337	True	0.68	1.99
6	56374651	C	A	DST	Missense_Mutation	49	16	65	0.24615384615384617	2	1	1	0.724	1	0.724	0.724	False	0.68	1.99
6	56484485	T	C	DST	Intron	30	13	43	0.3023255813953488	2	1	1	0.8892	1	0.8892	0.8892	True	0.68	1.99
6	56883333	A	G	BEND6	Missense_Mutation	32	16	48	0.3333333333333333	2	1	1	0.9804	1	0.9804	0.9804	True	0.68	1.99
6	70875837	G	T	COL19A1	Missense_Mutation	39	13	52	0.25	2	1	1	0.7353	1	0.7353	0.7353	False	0.68	1.99
6	72889515	G	A	RIMS1	Missense_Mutation	51	39	90	0.43333333333333335	2	1	1	1.2745	1	1.2745	1.0	True	0.68	1.99
6	74176308	C	T	MTO1	Missense_Mutation	110	28	138	0.2028985507246377	2	1	1	0.5968	1	0.5968	0.5968	False	0.68	1.99
6	76744470	G	T	IMPG1	Silent	44	26	70	0.37142857142857144	2	1	1	1.0924	1	1.0924	1.0	True	0.68	1.99
6	83076165	T	C	TPBG	3'UTR	66	41	107	0.38317757009345793	2	1	1	1.127	1	1.127	1.0	True	0.68	1.99
6	83830503	T	C	DOPEY1	Silent	16	17	33	0.5151515151515151	2	1	1	1.5152	1	1.5152	1.0	True	0.68	1.99
6	90398343	C	A	MDN1	Missense_Mutation	128	21	149	0.14093959731543623	2	1	1	0.4145	1	0.4145	0.4145	False	0.68	1.99
6	90503607	G	T	MDN1	Silent	48	19	67	0.2835820895522388	2	1	1	0.8341	1	0.8341	0.8341	False	0.68	1.99
6	90661373	C	T	BACH2	Missense_Mutation	96	22	118	0.1864406779661017	2	1	1	0.5484	1	0.5484	0.5484	False	0.68	1.99
6	96651869	T	C	FUT9	Missense_Mutation	51	3	54	0.05555555555555555	2	1	1	0.1634	1	0.1634	0.1634	False	0.68	1.99
6	100062247	G	A	PRDM13	Missense_Mutation	69	11	80	0.1375	2	1	1	0.4044	1	0.4044	0.4044	False	0.68	1.99
6	100896034	C	T	SIM1	Missense_Mutation	42	17	59	0.288135593220339	2	1	1	0.8475	1	0.8475	0.8475	False	0.68	1.99
6	105606534	G	A	POPDC3	Silent	123	55	178	0.3089887640449438	2	1	1	0.9088	1	0.9088	0.9088	True	0.68	1.99
6	106989458	C	T	AIM1	Intron	23	14	37	0.3783783783783784	2	1	1	1.1129	1	1.1129	1.0	True	0.68	1.99
6	109764273	G	A	SMPD2	Missense_Mutation	67	30	97	0.30927835051546393	2	1	1	0.9096	1	0.9096	0.9096	True	0.68	1.99
6	112388199	C	A	WISP3	Intron	71	29	100	0.29	2	1	1	0.8529	1	0.8529	0.8529	True	0.68	1.99
6	112671473	C	T	RFPL4B	Missense_Mutation	54	27	81	0.3333333333333333	2	1	1	0.9804	1	0.9804	0.9804	True	0.68	1.99
6	117244285	G	A	RFX6	Missense_Mutation	69	35	104	0.33653846153846156	2	1	1	0.9898	1	0.9898	0.9898	True	0.68	1.99
6	117869517	C	T	DCBLD1	Intron	62	29	91	0.31868131868131866	2	1	1	0.9373	1	0.9373	0.9373	True	0.68	1.99
6	123892171	C	T	TRDN	Silent	100	5	105	0.047619047619047616	2	1	1	0.1401	1	0.1401	0.1401	False	0.68	1.99
6	127768831	A	G	KIAA0408	Silent	38	9	47	0.19148936170212766	2	1	1	0.5632	1	0.5632	0.5632	False	0.68	1.99
6	128291315	C	T	PTPRK	3'UTR	50	14	64	0.21875	2	1	1	0.6434	1	0.6434	0.6434	False	0.68	1.99
6	131199299	C	T	EPB41L2	Missense_Mutation	105	61	166	0.3674698795180723	2	1	1	1.0808	1	1.0808	1.0	True	0.68	1.99
6	135358427	G	T	HBS1L	Intron	65	40	105	0.38095238095238093	2	1	1	1.1204	1	1.1204	1.0	True	0.68	1.99
6	138576848	G	A	KIAA1244	Missense_Mutation	32	10	42	0.23809523809523808	2	1	1	0.7003	1	0.7003	0.7003	False	0.68	1.99
6	139487597	C	T	HECA	Missense_Mutation	129	75	204	0.36764705882352944	2	1	1	1.0813	1	1.0813	1.0	True	0.68	1.99
6	144869807	A	G	UTRN	Silent	63	20	83	0.24096385542168675	2	1	1	0.7087	1	0.7087	0.7087	False	0.68	1.99
6	146875716	C	T	RAB32	Missense_Mutation	71	20	91	0.21978021978021978	2	1	1	0.6464	1	0.6464	0.6464	False	0.68	1.99
6	147635041	C	T	STXBP5	Silent	41	22	63	0.3492063492063492	2	1	1	1.0271	1	1.0271	1.0	True	0.68	1.99
6	148795284	A	C	SASH1	Missense_Mutation	138	9	147	0.061224489795918366	2	1	1	0.1801	1	0.1801	0.1801	False	0.68	1.99
6	150322671	G	T	RAET1K	RNA	92	58	150	0.38666666666666666	2	1	1	1.1373	1	1.1373	1.0	True	0.68	1.99
6	152461127	G	A	SYNE1	Silent	57	24	81	0.2962962962962963	2	1	1	0.8715	1	0.8715	0.8715	True	0.68	1.99
6	152644801	C	T	SYNE1	Silent	56	20	76	0.2631578947368421	2	1	1	0.774	1	0.774	0.774	False	0.68	1.99
6	154567768	A	G	IPCEF1	Missense_Mutation	120	51	171	0.2982456140350877	2	1	1	0.8772	1	0.8772	0.8772	True	0.68	1.99
6	155123208	C	T	SCAF8	Missense_Mutation	55	39	94	0.4148936170212766	2	1	1	1.2203	1	1.2203	1.0	True	0.68	1.99
6	158349730	G	A	SNX9	Silent	33	27	60	0.45	2	1	1	1.3235	1	1.3235	1.0	True	0.68	1.99
6	158438708	A	G	SYNJ2	Intron	7	3	10	0.3	2	1	1	0.8824	1	0.8824	0.8824	True	0.68	1.99
6	159636016	G	A	FNDC1	Missense_Mutation	109	57	166	0.3433734939759036	2	1	1	1.0099	1	1.0099	1.0	True	0.68	1.99
6	160169553	G	T	WTAP	Intron	17	4	21	0.19047619047619047	2	1	1	0.5602	1	0.5602	0.5602	False	0.68	1.99
6	160481708	C	T	IGF2R	Missense_Mutation	104	50	154	0.3246753246753247	2	1	1	0.9549	1	0.9549	0.9549	True	0.68	1.99
6	160670399	G	A	SLC22A2	Missense_Mutation	113	48	161	0.2981366459627329	2	1	1	0.8769	1	0.8769	0.8769	True	0.68	1.99
6	161771122	C	T	PARK2	3'UTR	44	23	67	0.34328358208955223	2	1	1	1.0097	1	1.0097	1.0	True	0.68	1.99
6	167709743	A	G	UNC93A	Missense_Mutation	99	50	149	0.33557046979865773	2	1	1	0.987	1	0.987	0.987	True	0.68	1.99
6	168323562	C	T	MLLT4	Missense_Mutation	92	48	140	0.34285714285714286	2	1	1	1.0084	1	1.0084	1.0	True	0.68	1.99
6	168352328	C	T	MLLT4	Missense_Mutation	50	37	87	0.42528735632183906	2	1	1	1.2508	1	1.2508	1.0	True	0.68	1.99
6	170886633	G	A	PDCD2	3'UTR	30	15	45	0.3333333333333333	2	1	1	0.9804	1	0.9804	0.9804	True	0.68	1.99
6	170892725	C	T	PDCD2	Missense_Mutation	48	36	84	0.42857142857142855	2	1	1	1.2605	1	1.2605	1.0	True	0.68	1.99
7	624197	C	T	PRKAR1B	Silent	69	24	93	0.25806451612903225	2	1	1	0.759	1	0.759	0.759	False	0.68	1.99
7	899876	G	A	SUN1	Missense_Mutation	64	24	88	0.2727272727272727	2	1	1	0.8021	1	0.8021	0.8021	False	0.68	1.99
7	4189037	G	T	SDK1	Nonsense_Mutation	56	10	66	0.15151515151515152	2	1	1	0.4456	1	0.4456	0.4456	False	0.68	1.99
7	6196678	A	G	USP42	Missense_Mutation	14	5	19	0.2631578947368421	2	1	1	0.774	1	0.774	0.774	False	0.68	1.99
7	12414659	T	C	VWDE	Missense_Mutation	63	17	80	0.2125	2	1	1	0.625	1	0.625	0.625	False	0.68	1.99
7	20668329	C	T	ABCB5	Silent	68	33	101	0.32673267326732675	2	1	1	0.961	1	0.961	0.961	True	0.68	1.99
7	21956458	C	T	CDCA7L	Missense_Mutation	50	32	82	0.3902439024390244	2	1	1	1.1478	1	1.1478	1.0	True	0.68	1.99
7	30951802	G	A	AQP1	Missense_Mutation	49	21	70	0.3	2	1	1	0.8824	1	0.8824	0.8824	True	0.68	1.99
7	33014963	C	T	FKBP9	Silent	65	40	105	0.38095238095238093	2	1	1	1.1204	1	1.1204	1.0	True	0.68	1.99
7	42065887	G	T	GLI3	Missense_Mutation	121	19	140	0.1357142857142857	2	1	1	0.3992	1	0.3992	0.3992	False	0.68	1.99
7	43485107	A	G	HECW1	Missense_Mutation	109	7	116	0.0603448275862069	2	1	1	0.1775	1	0.1775	0.1775	False	0.68	1.99
7	44155494	T	C	POLD2	Splice_Site	75	30	105	0.2857142857142857	2	1	1	0.8403	1	0.8403	0.8403	False	0.68	1.99
7	44184869	G	A	GCK	Missense_Mutation	77	48	125	0.384	2	1	1	1.1294	1	1.1294	1.0	True	0.68	1.99
7	56128526	G	A	CCT6A	Missense_Mutation	33	11	44	0.25	2	1	1	0.7353	1	0.7353	0.7353	False	0.68	1.99
7	63796647	C	A	ZNF736	Missense_Mutation	21	4	25	0.16	2	1	1	0.4706	1	0.4706	0.4706	False	0.68	1.99
7	66703671	G	A	TYW1	3'UTR	15	7	22	0.3181818181818182	2	1	1	0.9358	1	0.9358	0.9358	True	0.68	1.99
7	72892381	A	G	BAZ1B	Silent	91	45	136	0.33088235294117646	2	1	1	0.9732	1	0.9732	0.9732	True	0.68	1.99
7	72992920	G	T	TBL2	5'UTR	21	10	31	0.3225806451612903	2	1	1	0.9488	1	0.9488	0.9488	True	0.68	1.99
7	73249104	T	C	WBSCR27	Missense_Mutation	68	18	86	0.20930232558139536	2	1	1	0.6156	1	0.6156	0.6156	False	0.68	1.99
7	73474486	T	C	ELN	Silent	28	9	37	0.24324324324324326	2	1	1	0.7154	1	0.7154	0.7154	False	0.68	1.99
7	74105346	T	C	GTF2I	Silent	272	34	306	0.1111111111111111	2	1	1	0.3268	1	0.3268	0.3268	False	0.68	1.99
7	75052242	C	T	POM121C	Silent	151	71	222	0.31981981981981983	2	1	1	0.9406	1	0.9406	0.9406	True	0.68	1.99
7	75053898	T	C	POM121C	Missense_Mutation	66	25	91	0.27472527472527475	2	1	1	0.808	1	0.808	0.808	False	0.68	1.99
7	75617095	C	T	POR	3'Flank	33	29	62	0.46774193548387094	2	1	1	1.3757	1	1.3757	1.0	True	0.68	1.99
7	76112232	G	A	DTX2	Missense_Mutation	410	45	455	0.0989010989010989	2	1	1	0.2909	1	0.2909	0.2909	False	0.68	1.99
7	78119106	A	C	MAGI2	Silent	91	18	109	0.1651376146788991	2	1	1	0.4857	1	0.4857	0.4857	False	0.68	1.99
7	82580680	T	C	PCLO	Missense_Mutation	64	48	112	0.42857142857142855	2	1	1	1.2605	1	1.2605	1.0	True	0.68	1.99
7	91631460	A	G	AKAP9	Silent	22	4	26	0.15384615384615385	2	1	1	0.4525	1	0.4525	0.4525	False	0.68	1.99
7	92136406	G	A	PEX1	Missense_Mutation	37	24	61	0.39344262295081966	2	1	1	1.1572	1	1.1572	1.0	True	0.68	1.99
7	97821169	C	T	LMTK2	Silent	61	11	72	0.1527777777777778	2	1	1	0.4493	1	0.4493	0.4493	False	0.68	1.99
7	98445715	C	T	TMEM130	Silent	86	31	117	0.26495726495726496	2	1	1	0.7793	1	0.7793	0.7793	False	0.68	1.99
7	98446241	G	T	TMEM130	Missense_Mutation	66	32	98	0.32653061224489793	2	1	1	0.9604	1	0.9604	0.9604	True	0.68	1.99
7	98957282	C	T	ARPC1A	Missense_Mutation	93	52	145	0.3586206896551724	2	1	1	1.0548	1	1.0548	1.0	True	0.68	1.99
7	99017750	A	G	ATP5J2-PTCD1	Missense_Mutation	43	14	57	0.24561403508771928	2	1	1	0.7224	1	0.7224	0.7224	False	0.68	1.99
7	99473974	C	T	OR2AE1	Missense_Mutation	98	19	117	0.1623931623931624	2	1	1	0.4776	1	0.4776	0.4776	False	0.68	1.99
7	99950478	C	T	PILRB	5'UTR	46	6	52	0.11538461538461539	2	1	1	0.3394	1	0.3394	0.3394	False	0.68	1.99
7	100064758	G	A	TSC22D4	Missense_Mutation	86	21	107	0.19626168224299065	2	1	1	0.5772	1	0.5772	0.5772	False	0.68	1.99
7	100283063	A	G	GIGYF1	Missense_Mutation	44	11	55	0.2	2	1	1	0.5882	1	0.5882	0.5882	False	0.68	1.99
7	100285710	C	T	GIGYF1	Missense_Mutation	69	27	96	0.28125	2	1	1	0.8272	1	0.8272	0.8272	False	0.68	1.99
7	100334609	G	C	ZAN	Missense_Mutation	5	17	22	0.7727272727272727	2	1	1	2.2727	1	2.2727	1.0	True	0.68	1.99
7	103138297	C	A	RELN	Missense_Mutation	67	25	92	0.2717391304347826	2	1	1	0.7992	1	0.7992	0.7992	False	0.68	1.99
7	107698368	T	G	LAMB4	Silent	52	5	57	0.08771929824561403	2	1	1	0.258	1	0.258	0.258	False	0.68	1.99
7	117864739	G	A	ANKRD7	5'UTR	17	7	24	0.2916666666666667	2	1	1	0.8578	1	0.8578	0.8578	True	0.68	1.99
7	128356894	G	A	FAM71F1	Missense_Mutation	50	29	79	0.3670886075949367	2	1	1	1.0797	1	1.0797	1.0	True	0.68	1.99
7	136700834	C	A	CHRM2	Missense_Mutation	76	38	114	0.3333333333333333	2	1	1	0.9804	1	0.9804	0.9804	True	0.68	1.99
7	139268720	G	A	HIPK2	Silent	209	46	255	0.1803921568627451	2	1	1	0.5306	1	0.5306	0.5306	False	0.68	1.99
7	140179156	C	T	MKRN1	5'UTR	22	9	31	0.2903225806451613	2	1	1	0.8539	1	0.8539	0.8539	True	0.68	1.99
7	140453136	A	T	BRAF	Missense_Mutation	47	11	58	0.1896551724137931	2	1	1	0.5578	1	0.5578	0.5578	False	0.68	1.99
7	143530939	C	T	RP11-61L23.2	RNA	16	7	23	0.30434782608695654	2	1	1	0.8951	1	0.8951	0.8951	True	0.68	1.99
7	148489817	G	T	CUL1	Splice_Site	24	23	47	0.48936170212765956	2	1	1	1.4393	1	1.4393	1.0	True	0.68	1.99
7	150695648	G	A	NOS3	Silent	69	34	103	0.3300970873786408	2	1	1	0.9709	1	0.9709	0.9709	True	0.68	1.99
7	151921239	C	A	KMT2C	Missense_Mutation	101	59	160	0.36875	2	1	1	1.0846	1	1.0846	1.0	True	0.68	1.99
7	151945128	C	T	KMT2C	Silent	990	24	1014	0.023668639053254437	2	1	1	0.0696	1	0.0696	0.0696	False	0.68	1.99
7	155599468	G	A	SHH	Intron	53	18	71	0.2535211267605634	2	1	1	0.7457	1	0.7457	0.7457	False	0.68	1.99
7	156752752	C	T	NOM1	Silent	98	48	146	0.3287671232876712	2	1	1	0.967	1	0.967	0.967	True	0.68	1.99
7	157449123	G	A	PTPRN2	Missense_Mutation	35	21	56	0.375	2	1	1	1.1029	1	1.1029	1.0	True	0.68	1.99
8	2910116	C	T	CSMD1	Missense_Mutation	48	39	87	0.4482758620689655	2	1	1	1.3185	1	1.3185	1.0	True	0.68	1.99
8	6360490	G	A	ANGPT2	3'UTR	29	19	48	0.3958333333333333	2	1	1	1.1642	1	1.1642	1.0	True	0.68	1.99
8	6420187	T	C	ANGPT2	Missense_Mutation	45	29	74	0.3918918918918919	2	1	1	1.1526	1	1.1526	1.0	True	0.68	1.99
8	10467016	A	G	RP1L1	Missense_Mutation	38	18	56	0.32142857142857145	2	1	1	0.9454	1	0.9454	0.9454	True	0.68	1.99
8	15977986	C	T	MSR1	Missense_Mutation	52	33	85	0.38823529411764707	2	1	1	1.1419	1	1.1419	1.0	True	0.68	1.99
8	20112409	C	A	LZTS1	Missense_Mutation	39	24	63	0.38095238095238093	2	1	1	1.1204	1	1.1204	1.0	True	0.68	1.99
8	22165564	G	A	PIWIL2	Missense_Mutation	258	106	364	0.29120879120879123	2	1	1	0.8565	1	0.8565	0.8565	True	0.68	1.99
8	22494456	C	A	BIN3	Missense_Mutation	102	23	125	0.184	2	1	1	0.5412	1	0.5412	0.5412	False	0.68	1.99
8	23058050	G	A	TNFRSF10A	Missense_Mutation	108	48	156	0.3076923076923077	2	1	1	0.905	1	0.905	0.905	True	0.68	1.99
8	25298100	T	C	KCTD9	Missense_Mutation	136	8	144	0.05555555555555555	2	1	1	0.1634	1	0.1634	0.1634	False	0.68	1.99
8	27094280	C	T	STMN4	3'UTR	14	5	19	0.2631578947368421	2	1	1	0.774	1	0.774	0.774	False	0.68	1.99
8	27297755	C	T	PTK2B	Silent	65	31	96	0.3229166666666667	2	1	1	0.9498	1	0.9498	0.9498	True	0.68	1.99
8	27634297	G	A	ESCO2	Missense_Mutation	33	17	50	0.34	2	1	1	1.0	1	1.0	1.0	True	0.68	1.99
8	27903075	G	A	NUGGC	Missense_Mutation	89	8	97	0.08247422680412371	2	1	1	0.2426	1	0.2426	0.2426	False	0.68	1.99
8	30541683	C	T	GSR	Missense_Mutation	102	41	143	0.2867132867132867	2	1	1	0.8433	1	0.8433	0.8433	False	0.68	1.99
8	30560643	T	C	GSR	Missense_Mutation	80	45	125	0.36	2	1	1	1.0588	1	1.0588	1.0	True	0.68	1.99
8	37687381	C	T	GPR124	Silent	35	18	53	0.33962264150943394	2	1	1	0.9989	1	0.9989	0.9989	True	0.68	1.99
8	38826155	G	A	PLEKHA2	Missense_Mutation	155	14	169	0.08284023668639054	2	1	1	0.2436	1	0.2436	0.2436	False	0.68	1.99
8	41551480	G	A	ANK1	Silent	141	77	218	0.3532110091743119	2	1	1	1.0389	1	1.0389	1.0	True	0.68	1.99
8	42038078	G	A	PLAT	Missense_Mutation	53	16	69	0.2318840579710145	2	1	1	0.682	1	0.682	0.682	False	0.68	1.99
8	43147783	C	T	POTEA	RNA	155	81	236	0.3432203389830508	2	1	1	1.0095	1	1.0095	1.0	True	0.68	1.99
8	70588896	A	G	SLCO5A1	Silent	110	13	123	0.10569105691056911	2	1	1	0.3109	1	0.3109	0.3109	False	0.68	1.99
8	70981447	C	T	PRDM14	Missense_Mutation	112	51	163	0.3128834355828221	2	1	1	0.9202	1	0.9202	0.9202	True	0.68	1.99
8	70981936	G	A	PRDM14	Missense_Mutation	51	13	64	0.203125	2	1	1	0.5974	1	0.5974	0.5974	False	0.68	1.99
8	86163119	G	A	CA13	Missense_Mutation	188	99	287	0.34494773519163763	2	1	1	1.0146	1	1.0146	1.0	True	0.68	1.99
8	88885187	G	A	DCAF4L2	Missense_Mutation	59	36	95	0.37894736842105264	2	1	1	1.1146	1	1.1146	1.0	True	0.68	1.99
8	95140516	A	G	CDH17	Silent	21	12	33	0.36363636363636365	2	1	1	1.0695	1	1.0695	1.0	True	0.68	1.99
8	97296346	C	G	PTDSS1	Missense_Mutation	37	12	49	0.24489795918367346	2	1	1	0.7203	1	0.7203	0.7203	False	0.68	1.99
8	98900320	G	A	MATN2	5'UTR	25	17	42	0.40476190476190477	2	1	1	1.1905	1	1.1905	1.0	True	0.68	1.99
8	98943420	C	T	MATN2	Missense_Mutation	101	36	137	0.26277372262773724	2	1	1	0.7729	1	0.7729	0.7729	False	0.68	1.99
8	116426253	A	G	TRPS1	Nonstop_Mutation	80	5	85	0.058823529411764705	2	1	1	0.173	1	0.173	0.173	False	0.68	1.99
8	116616566	G	A	TRPS1	Nonsense_Mutation	51	19	70	0.2714285714285714	2	1	1	0.7983	1	0.7983	0.7983	False	0.68	1.99
8	121467729	T	G	MTBP	Missense_Mutation	23	9	32	0.28125	2	1	1	0.8272	1	0.8272	0.8272	False	0.68	1.99
8	123965770	C	T	ZHX2	Missense_Mutation	60	27	87	0.3103448275862069	2	1	1	0.9128	1	0.9128	0.9128	True	0.68	1.99
8	124164227	C	T	TBC1D31	3'UTR	13	5	18	0.2777777777777778	2	1	1	0.817	1	0.817	0.817	False	0.68	1.99
8	124335302	A	G	ATAD2	Missense_Mutation	17	19	36	0.5277777777777778	2	1	1	1.5523	1	1.5523	1.0	True	0.68	1.99
8	125052193	A	G	FER1L6	Silent	110	53	163	0.32515337423312884	2	1	1	0.9563	1	0.9563	0.9563	True	0.68	1.99
8	128750684	C	T	MYC	Missense_Mutation	31	27	58	0.46551724137931033	2	1	1	1.3692	1	1.3692	1.0	True	0.68	1.99
8	132051909	A	G	ADCY8	Missense_Mutation	93	33	126	0.2619047619047619	2	1	1	0.7703	1	0.7703	0.7703	False	0.68	1.99
8	134478210	C	T	ST3GAL1	Missense_Mutation	74	39	113	0.34513274336283184	2	1	1	1.0151	1	1.0151	1.0	True	0.68	1.99
8	139160877	G	A	FAM135B	Silent	32	19	51	0.37254901960784315	2	1	1	1.0957	1	1.0957	1.0	True	0.68	1.99
8	141711058	G	A	PTK2	Missense_Mutation	73	35	108	0.32407407407407407	2	1	1	0.9532	1	0.9532	0.9532	True	0.68	1.99
8	143694590	A	C	ARC	Missense_Mutation	98	24	122	0.19672131147540983	2	1	1	0.5786	1	0.5786	0.5786	False	0.68	1.99
8	143784843	G	A	LY6K	3'UTR	12	7	19	0.3684210526315789	2	1	1	1.0836	1	1.0836	1.0	True	0.68	1.99
8	144403514	C	T	TOP1MT	Missense_Mutation	38	28	66	0.42424242424242425	2	1	1	1.2478	1	1.2478	1.0	True	0.68	1.99
8	144462897	C	T	RHPN1	Missense_Mutation	92	55	147	0.3741496598639456	2	1	1	1.1004	1	1.1004	1.0	True	0.68	1.99
8	144618527	G	T	ZC3H3	Missense_Mutation	55	22	77	0.2857142857142857	2	1	1	0.8403	1	0.8403	0.8403	False	0.68	1.99
8	144898901	A	G	PUF60	Missense_Mutation	55	34	89	0.38202247191011235	2	1	1	1.1236	1	1.1236	1.0	True	0.68	1.99
8	145158047	C	A	SHARPIN	Missense_Mutation	104	11	115	0.09565217391304348	2	1	1	0.2813	1	0.2813	0.2813	False	0.68	1.99
8	145278043	C	A	MROH1	Silent	159	48	207	0.2318840579710145	2	1	1	0.682	1	0.682	0.682	False	0.68	1.99
8	145830989	G	A	ARHGAP39	Missense_Mutation	41	19	60	0.31666666666666665	2	1	1	0.9314	1	0.9314	0.9314	True	0.68	1.99
9	2647572	G	T	VLDLR	Missense_Mutation	57	39	96	0.40625	2	1	1	1.1949	1	1.1949	1.0	True	0.68	1.99
9	5054721	T	C	JAK2	Missense_Mutation	48	24	72	0.3333333333333333	2	1	1	0.9804	1	0.9804	0.9804	True	0.68	1.99
9	8528682	A	G	PTPRD	Silent	42	29	71	0.4084507042253521	2	1	1	1.2013	1	1.2013	1.0	True	0.68	1.99
9	16435982	G	A	BNC2	Missense_Mutation	56	26	82	0.3170731707317073	2	1	1	0.9326	1	0.9326	0.9326	True	0.68	1.99
9	18680368	C	T	ADAMTSL1	Missense_Mutation	84	31	115	0.26956521739130435	2	1	1	0.7928	1	0.7928	0.7928	False	0.68	1.99
9	19058323	T	A	HAUS6	Missense_Mutation	69	33	102	0.3235294117647059	2	1	1	0.9516	1	0.9516	0.9516	True	0.68	1.99
9	20414361	G	A	MLLT3	Silent	17	4	21	0.19047619047619047	2	1	1	0.5602	1	0.5602	0.5602	False	0.68	1.99
9	21077633	G	A	IFNB1	Missense_Mutation	73	13	86	0.1511627906976744	2	1	1	0.4446	1	0.4446	0.4446	False	0.68	1.99
9	32544143	C	T	TOPORS	Missense_Mutation	33	23	56	0.4107142857142857	2	1	1	1.208	1	1.208	1.0	True	0.68	1.99
9	32544241	T	C	TOPORS	Silent	17	9	26	0.34615384615384615	2	1	1	1.0181	1	1.0181	1.0	True	0.68	1.99
9	33973227	G	A	UBAP2	Missense_Mutation	101	37	138	0.26811594202898553	2	1	1	0.7886	1	0.7886	0.7886	False	0.68	1.99
9	35846533	G	A	TMEM8B	Missense_Mutation	63	18	81	0.2222222222222222	2	1	1	0.6536	1	0.6536	0.6536	False	0.68	1.99
9	35957140	T	C	OR2S2	Missense_Mutation	21	7	28	0.25	2	1	1	0.7353	1	0.7353	0.7353	False	0.68	1.99
9	36211784	T	C	CLTA	3'UTR	31	13	44	0.29545454545454547	2	1	1	0.869	1	0.869	0.869	True	0.68	1.99
9	37518191	G	A	FBXO10	Silent	124	55	179	0.30726256983240224	2	1	1	0.9037	1	0.9037	0.9037	True	0.68	1.99
9	37888070	C	T	SLC25A51	Missense_Mutation	190	46	236	0.19491525423728814	2	1	1	0.5733	1	0.5733	0.5733	False	0.68	1.99
9	69256859	C	T	CBWD6	Missense_Mutation	658	24	682	0.03519061583577713	2	1	1	0.1035	1	0.1035	0.1035	False	0.68	1.99
9	70993145	A	G	PGM5	Missense_Mutation	175	11	186	0.05913978494623656	2	1	1	0.1739	1	0.1739	0.1739	False	0.68	1.99
9	71831375	C	A	TJP2	Missense_Mutation	29	5	34	0.14705882352941177	2	1	1	0.4325	1	0.4325	0.4325	False	0.68	1.99
9	73150478	C	T	TRPM3	3'UTR	9	10	19	0.5263157894736842	2	1	1	1.548	1	1.548	1.0	True	0.68	1.99
9	73167767	G	A	TRPM3	Silent	105	45	150	0.3	2	1	1	0.8824	1	0.8824	0.8824	True	0.68	1.99
9	79318927	T	G	PRUNE2	Missense_Mutation	50	9	59	0.15254237288135594	2	1	1	0.4487	1	0.4487	0.4487	False	0.68	1.99
9	79917830	G	T	VPS13A	Splice_Site	47	20	67	0.29850746268656714	2	1	1	0.878	1	0.878	0.878	True	0.68	1.99
9	79931118	A	T	VPS13A	Missense_Mutation	24	12	36	0.3333333333333333	2	1	1	0.9804	1	0.9804	0.9804	True	0.68	1.99
9	85905575	G	T	FRMD3	Missense_Mutation	62	6	68	0.08823529411764706	2	1	1	0.2595	1	0.2595	0.2595	False	0.68	1.99
9	86518428	G	T	KIF27	Silent	33	12	45	0.26666666666666666	2	1	1	0.7843	1	0.7843	0.7843	False	0.68	1.99
9	89763658	C	T	C9orf170	Missense_Mutation	72	19	91	0.2087912087912088	2	1	1	0.6141	1	0.6141	0.6141	False	0.68	1.99
9	90535986	G	T	SPATA31C1	RNA	74	38	112	0.3392857142857143	2	1	1	0.9979	1	0.9979	0.9979	True	0.68	1.99
9	90584835	C	A	CDK20	Splice_Site	58	9	67	0.13432835820895522	2	1	1	0.3951	1	0.3951	0.3951	False	0.68	1.99
9	91083363	G	T	SPIN1	Missense_Mutation	181	38	219	0.1735159817351598	2	1	1	0.5103	1	0.5103	0.5103	False	0.68	1.99
9	93606152	G	A	SYK	5'UTR	20	4	24	0.16666666666666666	2	1	1	0.4902	1	0.4902	0.4902	False	0.68	1.99
9	93983102	T	G	AUH	Missense_Mutation	9	8	17	0.47058823529411764	2	1	1	1.3841	1	1.3841	1.0	True	0.68	1.99
9	95076761	C	T	NOL8	Missense_Mutation	72	39	111	0.35135135135135137	2	1	1	1.0334	1	1.0334	1.0	True	0.68	1.99
9	99154713	G	A	ZNF367	Missense_Mutation	51	27	78	0.34615384615384615	2	1	1	1.0181	1	1.0181	1.0	True	0.68	1.99
9	99581000	T	C	ZNF782	Silent	73	8	81	0.09876543209876543	2	1	1	0.2905	1	0.2905	0.2905	False	0.68	1.99
9	112705314	G	T	PALM2	Missense_Mutation	33	20	53	0.37735849056603776	2	1	1	1.1099	1	1.1099	1.0	True	0.68	1.99
9	113191589	C	T	SVEP1	Missense_Mutation	22	20	42	0.47619047619047616	2	1	1	1.4006	1	1.4006	1.0	True	0.68	1.99
9	116060423	G	A	RNF183	Silent	148	46	194	0.23711340206185566	2	1	1	0.6974	1	0.6974	0.6974	False	0.68	1.99
9	117266505	C	T	DFNB31	Missense_Mutation	40	10	50	0.2	2	1	1	0.5882	1	0.5882	0.5882	False	0.68	1.99
9	117389271	G	A	C9orf91	Silent	59	24	83	0.2891566265060241	2	1	1	0.8505	1	0.8505	0.8505	True	0.68	1.99
9	121929650	G	A	BRINP1	Silent	103	70	173	0.4046242774566474	2	1	1	1.1901	1	1.1901	1.0	True	0.68	1.99
9	123550174	C	A	FBXW2	Missense_Mutation	95	47	142	0.33098591549295775	2	1	1	0.9735	1	0.9735	0.9735	True	0.68	1.99
9	125932275	A	G	STRBP	Silent	16	14	30	0.4666666666666667	2	1	1	1.3725	1	1.3725	1.0	True	0.68	1.99
9	127074825	C	T	NEK6	Missense_Mutation	64	29	93	0.3118279569892473	2	1	1	0.9171	1	0.9171	0.9171	True	0.68	1.99
9	127216353	C	T	GPR144	Missense_Mutation	59	24	83	0.2891566265060241	2	1	1	0.8505	1	0.8505	0.8505	True	0.68	1.99
9	128724417	A	G	PBX3	Missense_Mutation	46	4	50	0.08	2	1	1	0.2353	1	0.2353	0.2353	False	0.68	1.99
9	129642644	G	A	ZBTB34	Silent	57	27	84	0.32142857142857145	2	1	1	0.9454	1	0.9454	0.9454	True	0.68	1.99
9	129796755	G	T	RALGPS1	Missense_Mutation	82	33	115	0.28695652173913044	2	1	1	0.844	1	0.844	0.844	False	0.68	1.99
9	130198186	G	T	ZNF79	Splice_Site	28	12	40	0.3	2	1	1	0.8824	1	0.8824	0.8824	True	0.68	1.99
9	130444788	C	T	STXBP1	Missense_Mutation	90	22	112	0.19642857142857142	2	1	1	0.5777	1	0.5777	0.5777	False	0.68	1.99
9	131336962	G	A	SPTAN1	Silent	67	4	71	0.056338028169014086	2	1	1	0.1657	1	0.1657	0.1657	False	0.68	1.99
9	131370495	G	A	SPTAN1	Silent	99	22	121	0.18181818181818182	2	1	1	0.5348	1	0.5348	0.5348	False	0.68	1.99
9	132397613	G	T	NTMT1	Missense_Mutation	92	28	120	0.23333333333333334	2	1	1	0.6863	1	0.6863	0.6863	False	0.68	1.99
9	133759416	C	T	ABL1	Missense_Mutation	49	10	59	0.1694915254237288	2	1	1	0.4985	1	0.4985	0.4985	False	0.68	1.99
9	133932496	G	A	LAMC3	Missense_Mutation	29	17	46	0.3695652173913043	2	1	1	1.087	1	1.087	1.0	True	0.68	1.99
9	133954573	C	T	LAMC3	Missense_Mutation	174	29	203	0.14285714285714285	2	1	1	0.4202	1	0.4202	0.4202	False	0.68	1.99
9	134366812	C	T	PRRC2B	Silent	79	44	123	0.35772357723577236	2	1	1	1.0521	1	1.0521	1.0	True	0.68	1.99
9	135204309	A	G	SETX	Silent	25	11	36	0.3055555555555556	2	1	1	0.8987	1	0.8987	0.8987	True	0.68	1.99
9	135537661	A	C	DDX31	Missense_Mutation	49	9	58	0.15517241379310345	2	1	1	0.4564	1	0.4564	0.4564	False	0.68	1.99
9	136131559	G	A	RP11-430N14.4	5'Flank	42	14	56	0.25	2	1	1	0.7353	1	0.7353	0.7353	False	0.68	1.99
9	136200589	G	A	SURF6	Nonsense_Mutation	90	43	133	0.3233082706766917	2	1	1	0.9509	1	0.9509	0.9509	True	0.68	1.99
9	136516854	G	A	DBH	Silent	43	13	56	0.23214285714285715	2	1	1	0.6828	1	0.6828	0.6828	False	0.68	1.99
9	137023210	T	C	WDR5	3'UTR	21	7	28	0.25	2	1	1	0.7353	1	0.7353	0.7353	False	0.68	1.99
9	138664610	C	T	KCNT1	Silent	44	30	74	0.40540540540540543	2	1	1	1.1924	1	1.1924	1.0	True	0.68	1.99
9	139100689	A	G	QSOX2	Missense_Mutation	179	17	196	0.08673469387755102	2	1	1	0.2551	1	0.2551	0.2551	False	0.68	1.99
9	139879516	C	T	LCNL1	3'UTR	27	11	38	0.2894736842105263	2	1	1	0.8514	1	0.8514	0.8514	True	0.68	1.99
9	140034053	G	T	GRIN1	Nonsense_Mutation	59	22	81	0.2716049382716049	2	1	1	0.7988	1	0.7988	0.7988	False	0.68	1.99
9	140115175	G	A	RNF208	Missense_Mutation	134	77	211	0.36492890995260663	2	1	1	1.0733	1	1.0733	1.0	True	0.68	1.99
9	140246651	G	A	EXD3	Missense_Mutation	68	38	106	0.3584905660377358	2	1	1	1.0544	1	1.0544	1.0	True	0.68	1.99
9	140669652	G	A	EHMT1	Missense_Mutation	51	11	62	0.1774193548387097	2	1	1	0.5218	1	0.5218	0.5218	False	0.68	1.99
10	294522	C	T	ZMYND11	Missense_Mutation	29	8	37	0.21621621621621623	2	1	1	0.6359	1	0.6359	0.6359	False	0.68	1.99
10	410947	C	A	DIP2C	Intron	54	19	73	0.2602739726027397	2	1	1	0.7655	1	0.7655	0.7655	False	0.68	1.99
10	1313176	G	A	ADARB2	Missense_Mutation	39	22	61	0.36065573770491804	2	1	1	1.0608	1	1.0608	1.0	True	0.68	1.99
10	7242435	G	A	SFMBT2	Missense_Mutation	42	23	65	0.35384615384615387	2	1	1	1.0407	1	1.0407	1.0	True	0.68	1.99
10	13378340	G	A	SEPHS1	Missense_Mutation	73	4	77	0.05194805194805195	2	1	1	0.1528	1	0.1528	0.1528	False	0.68	1.99
10	16877106	A	G	CUBN	Silent	104	57	161	0.35403726708074534	2	1	1	1.0413	1	1.0413	1.0	True	0.68	1.99
10	21804267	G	A	SKIDA1	Missense_Mutation	68	36	104	0.34615384615384615	2	1	1	1.0181	1	1.0181	1.0	True	0.68	1.99
10	21875278	G	A	MLLT10	Splice_Site	71	5	76	0.06578947368421052	2	1	1	0.1935	1	0.1935	0.1935	False	0.68	1.99
10	23607673	A	G	C10orf67	3'UTR	6	5	11	0.45454545454545453	2	1	1	1.3369	1	1.3369	1.0	True	0.68	1.99
10	27318242	G	A	ANKRD26	Missense_Mutation	26	21	47	0.44680851063829785	2	1	1	1.3141	1	1.3141	1.0	True	0.68	1.99
10	27450020	C	T	MASTL	Intron	47	30	77	0.38961038961038963	2	1	1	1.1459	1	1.1459	1.0	True	0.68	1.99
10	27538056	T	C	RP11-85G18.6	Intron	104	56	160	0.35	2	1	1	1.0294	1	1.0294	1.0	True	0.68	1.99
10	27822871	C	T	RAB18	Silent	34	22	56	0.39285714285714285	2	1	1	1.1555	1	1.1555	1.0	True	0.68	1.99
10	28224177	G	A	ARMC4	Missense_Mutation	45	20	65	0.3076923076923077	2	1	1	0.905	1	0.905	0.905	True	0.68	1.99
10	28358776	C	T	MPP7	Missense_Mutation	96	64	160	0.4	2	1	1	1.1765	1	1.1765	1.0	True	0.68	1.99
10	29762877	C	T	SVIL	Missense_Mutation	22	25	47	0.5319148936170213	2	1	1	1.5645	1	1.5645	1.0	True	0.68	1.99
10	32143029	G	A	ARHGAP12	Missense_Mutation	34	7	41	0.17073170731707318	2	1	1	0.5022	1	0.5022	0.5022	False	0.68	1.99
10	45500019	T	C	ZNF22	3'UTR	16	17	33	0.5151515151515151	2	1	1	1.5152	1	1.5152	1.0	True	0.68	1.99
10	45959128	G	A	MARCH8	Intron	36	21	57	0.3684210526315789	2	1	1	1.0836	1	1.0836	1.0	True	0.68	1.99
10	48390567	G	A	RBP3	Missense_Mutation	42	37	79	0.46835443037974683	2	1	1	1.3775	1	1.3775	1.0	True	0.68	1.99
10	48413759	G	A	GDF2	Missense_Mutation	75	49	124	0.3951612903225806	2	1	1	1.1622	1	1.1622	1.0	True	0.68	1.99
10	49420069	C	T	FRMPD2	Silent	62	37	99	0.37373737373737376	2	1	1	1.0992	1	1.0992	1.0	True	0.68	1.99
10	49994855	G	A	WDFY4	Missense_Mutation	108	24	132	0.18181818181818182	2	1	1	0.5348	1	0.5348	0.5348	False	0.68	1.99
10	61574507	G	A	CCDC6	Missense_Mutation	70	12	82	0.14634146341463414	2	1	1	0.4304	1	0.4304	0.4304	False	0.68	1.99
10	61946588	G	A	ANK3	Missense_Mutation	115	64	179	0.3575418994413408	2	1	1	1.0516	1	1.0516	1.0	True	0.68	1.99
10	64573268	C	T	EGR2	Missense_Mutation	75	25	100	0.25	2	1	1	0.7353	1	0.7353	0.7353	False	0.68	1.99
10	71664696	C	A	COL13A1	Missense_Mutation	22	9	31	0.2903225806451613	2	1	1	0.8539	1	0.8539	0.8539	True	0.68	1.99
10	71966090	C	T	PPA1	Splice_Site	126	8	134	0.05970149253731343	2	1	1	0.1756	1	0.1756	0.1756	False	0.68	1.99
10	72531131	C	T	TBATA	3'UTR	79	35	114	0.30701754385964913	2	1	1	0.903	1	0.903	0.903	True	0.68	1.99
10	74928096	G	T	FAM149B1	5'UTR	97	42	139	0.302158273381295	2	1	1	0.8887	1	0.8887	0.8887	True	0.68	1.99
10	75276502	C	T	USP54	Missense_Mutation	42	19	61	0.3114754098360656	2	1	1	0.9161	1	0.9161	0.9161	True	0.68	1.99
10	75391589	T	C	MYOZ1	3'UTR	13	9	22	0.4090909090909091	2	1	1	1.2032	1	1.2032	1.0	True	0.68	1.99
10	77167501	G	A	RP11-399K21.14	5'Flank	27	4	31	0.12903225806451613	2	1	1	0.3795	1	0.3795	0.3795	False	0.68	1.99
10	79603395	C	T	DLG5	Missense_Mutation	150	8	158	0.05063291139240506	2	1	1	0.1489	1	0.1489	0.1489	False	0.68	1.99
10	79814423	C	T	RPS24	Silent	172	88	260	0.3384615384615385	2	1	1	0.9955	1	0.9955	0.9955	True	0.68	1.99
10	82348515	C	T	SH2D4B	Nonsense_Mutation	86	10	96	0.10416666666666667	2	1	1	0.3064	1	0.3064	0.3064	False	0.68	1.99
10	88220947	T	C	WAPAL	Missense_Mutation	20	7	27	0.25925925925925924	2	1	1	0.7625	1	0.7625	0.7625	False	0.68	1.99
10	88728416	A	G	ADIRF	Intron	93	16	109	0.14678899082568808	2	1	1	0.4317	1	0.4317	0.4317	False	0.68	1.99
10	88988123	G	A	NUTM2A	Silent	194	55	249	0.22088353413654618	2	1	1	0.6497	1	0.6497	0.6497	False	0.68	1.99
10	90354490	A	C	LIPJ	Missense_Mutation	40	34	74	0.4594594594594595	2	1	1	1.3514	1	1.3514	1.0	True	0.68	1.99
10	90661477	T	C	STAMBPL1	Silent	60	15	75	0.2	2	1	1	0.5882	1	0.5882	0.5882	False	0.68	1.99
10	92654533	C	T	RPP30	Missense_Mutation	55	28	83	0.3373493975903614	2	1	1	0.9922	1	0.9922	0.9922	True	0.68	1.99
10	94695643	G	A	EXOC6	Splice_Site	18	9	27	0.3333333333333333	2	1	1	0.9804	1	0.9804	0.9804	True	0.68	1.99
10	94822668	C	T	CYP26C1	Silent	43	9	52	0.17307692307692307	2	1	1	0.509	1	0.509	0.509	False	0.68	1.99
10	97920108	A	C	ZNF518A	RNA	51	6	57	0.10526315789473684	2	1	1	0.3096	1	0.3096	0.3096	False	0.68	1.99
10	100202989	G	A	HPS1	Silent	77	33	110	0.3	2	1	1	0.8824	1	0.8824	0.8824	True	0.68	1.99
10	102738188	G	A	MRPL43	3'Flank	89	6	95	0.06315789473684211	2	1	1	0.1858	1	0.1858	0.1858	False	0.68	1.99
10	102748918	C	T	C10orf2	Silent	94	53	147	0.36054421768707484	2	1	1	1.0604	1	1.0604	1.0	True	0.68	1.99
10	102824710	C	T	KAZALD1	3'UTR	48	24	72	0.3333333333333333	2	1	1	0.9804	1	0.9804	0.9804	True	0.68	1.99
10	103342715	C	T	POLL	Intron	66	33	99	0.3333333333333333	2	1	1	0.9804	1	0.9804	0.9804	True	0.68	1.99
10	104162031	G	A	NFKB2	Silent	78	33	111	0.2972972972972973	2	1	1	0.8744	1	0.8744	0.8744	True	0.68	1.99
10	104614146	C	T	C10orf32	Missense_Mutation	39	18	57	0.3157894736842105	2	1	1	0.9288	1	0.9288	0.9288	True	0.68	1.99
10	105349927	C	T	NEURL1	Missense_Mutation	46	32	78	0.41025641025641024	2	1	1	1.2066	1	1.2066	1.0	True	0.68	1.99
10	105812888	G	T	COL17A1	Missense_Mutation	29	11	40	0.275	2	1	1	0.8088	1	0.8088	0.8088	False	0.68	1.99
10	120790422	C	T	NANOS1	3'UTR	155	9	164	0.054878048780487805	2	1	1	0.1614	1	0.1614	0.1614	False	0.68	1.99
10	121429440	C	T	BAG3	Silent	39	23	62	0.3709677419354839	2	1	1	1.0911	1	1.0911	1.0	True	0.68	1.99
10	121556359	T	C	INPP5F	Missense_Mutation	84	18	102	0.17647058823529413	2	1	1	0.519	1	0.519	0.519	False	0.68	1.99
10	123846779	C	T	TACC2	Silent	72	12	84	0.14285714285714285	2	1	1	0.4202	1	0.4202	0.4202	False	0.68	1.99
10	126395368	G	T	FAM53B	5'UTR	15	10	25	0.4	2	1	1	1.1765	1	1.1765	1.0	True	0.68	1.99
10	126715849	G	A	CTBP2	Silent	62	5	67	0.07462686567164178	2	1	1	0.2195	1	0.2195	0.2195	False	0.68	1.99
10	127434276	T	C	EDRF1	Missense_Mutation	42	3	45	0.06666666666666667	2	1	1	0.1961	1	0.1961	0.1961	False	0.68	1.99
10	127697855	C	T	FANK1	Intron	25	14	39	0.358974358974359	2	1	1	1.0558	1	1.0558	1.0	True	0.68	1.99
10	127806630	G	A	ADAM12	Missense_Mutation	86	13	99	0.13131313131313133	2	1	1	0.3862	1	0.3862	0.3862	False	0.68	1.99
10	129905119	G	A	MKI67	Missense_Mutation	87	37	124	0.29838709677419356	2	1	1	0.8776	1	0.8776	0.8776	True	0.68	1.99
10	131671761	G	A	EBF3	Missense_Mutation	45	21	66	0.3181818181818182	2	1	1	0.9358	1	0.9358	0.9358	True	0.68	1.99
10	133107533	T	C	TCERG1L	Silent	50	21	71	0.29577464788732394	2	1	1	0.8699	1	0.8699	0.8699	True	0.68	1.99
10	133930598	C	T	JAKMIP3	Silent	134	7	141	0.04964539007092199	2	1	1	0.146	1	0.146	0.146	False	0.68	1.99
10	135076733	G	A	ADAM8	Missense_Mutation	34	19	53	0.3584905660377358	2	1	1	1.0544	1	1.0544	1.0	True	0.68	1.99
11	772511	G	A	PDDC1	Silent	45	21	66	0.3181818181818182	2	2	0	0.9358	1	0.9358	0.9358	True	0.68	1.99
11	1095682	C	A	MUC2	Missense_Mutation	60	22	82	0.2682926829268293	2	2	0	0.7891	1	0.7891	0.7891	False	0.68	1.99
11	1263882	C	T	MUC5B	Silent	324	75	399	0.18796992481203006	2	2	0	0.5529	1	0.5529	0.5529	False	0.68	1.99
11	1268097	G	A	MUC5B	Silent	85	39	124	0.31451612903225806	2	2	0	0.925	1	0.925	0.925	True	0.68	1.99
11	1309881	G	A	TOLLIP	Silent	77	9	86	0.10465116279069768	2	2	0	0.3078	1	0.3078	0.3078	False	0.68	1.99
11	2181019	G	T	INS	3'UTR	116	5	121	0.04132231404958678	2	2	0	0.1215	1	0.1215	0.1215	False	0.68	1.99
11	3392276	A	G	ZNF195	Missense_Mutation	36	10	46	0.21739130434782608	2	2	0	0.6394	1	0.6394	0.6394	False	0.68	1.99
11	5322863	G	A	OR51B4	Missense_Mutation	178	94	272	0.34558823529411764	2	1	1	1.0164	1	1.0164	1.0	True	0.68	1.99
11	5529933	C	T	UBQLN3	Missense_Mutation	46	12	58	0.20689655172413793	2	1	1	0.6085	1	0.6085	0.6085	False	0.68	1.99
11	5631649	C	T	TRIM6	Intron	17	10	27	0.37037037037037035	2	1	1	1.0893	1	1.0893	1.0	True	0.68	1.99
11	6243681	A	G	FAM160A2	Silent	234	10	244	0.040983606557377046	2	1	1	0.1205	1	0.1205	0.1205	False	0.68	1.99
11	6478192	G	A	TRIM3	Missense_Mutation	57	11	68	0.16176470588235295	2	1	1	0.4758	1	0.4758	0.4758	False	0.68	1.99
11	6554964	A	G	DNHD1	Silent	122	54	176	0.3068181818181818	2	1	1	0.9024	1	0.9024	0.9024	True	0.68	1.99
11	6637978	C	G	TPP1	Missense_Mutation	58	27	85	0.3176470588235294	2	1	1	0.9343	1	0.9343	0.9343	True	0.68	1.99
11	6643926	G	T	DCHS1	Missense_Mutation	46	32	78	0.41025641025641024	2	1	1	1.2066	1	1.2066	1.0	True	0.68	1.99
11	8123060	G	A	TUB	Missense_Mutation	105	68	173	0.3930635838150289	2	1	1	1.1561	1	1.1561	1.0	True	0.68	1.99
11	8640992	T	C	TRIM66	Missense_Mutation	83	8	91	0.08791208791208792	2	1	1	0.2586	1	0.2586	0.2586	False	0.68	1.99
11	10524411	C	T	AMPD3	Silent	103	38	141	0.2695035460992908	2	1	1	0.7927	1	0.7927	0.7927	False	0.68	1.99
11	12901294	G	A	TEAD1	Missense_Mutation	48	23	71	0.323943661971831	2	1	1	0.9528	1	0.9528	0.9528	True	0.68	1.99
11	16847919	G	A	PLEKHA7	Missense_Mutation	60	35	95	0.3684210526315789	2	1	1	1.0836	1	1.0836	1.0	True	0.68	1.99
11	17631824	C	A	OTOG	Silent	44	9	53	0.16981132075471697	2	1	1	0.4994	1	0.4994	0.4994	False	0.68	1.99
11	17803379	G	A	KCNC1	3'UTR	17	17	34	0.5	2	1	1	1.4706	1	1.4706	1.0	True	0.68	1.99
11	18266893	A	G	SAA2	3'UTR	112	20	132	0.15151515151515152	2	1	1	0.4456	1	0.4456	0.4456	False	0.68	1.99
11	19914121	G	A	NAV2	Silent	32	27	59	0.4576271186440678	2	1	1	1.346	1	1.346	1.0	True	0.68	1.99
11	20486091	C	T	PRMT3	Missense_Mutation	40	27	67	0.40298507462686567	2	1	1	1.1853	1	1.1853	1.0	True	0.68	1.99
11	31805171	C	T	ELP4	3'UTR	5	9	14	0.6428571428571429	2	1	1	1.8908	1	1.8908	1.0	True	0.68	1.99
11	32461333	A	G	WT1	5'Flank	40	24	64	0.375	2	1	1	1.1029	1	1.1029	1.0	True	0.68	1.99
11	32461418	G	T	WT1	5'Flank	83	11	94	0.11702127659574468	2	1	1	0.3442	1	0.3442	0.3442	False	0.68	1.99
11	40136703	G	A	LRRC4C	Silent	59	34	93	0.3655913978494624	2	1	1	1.0753	1	1.0753	1.0	True	0.68	1.99
11	47591388	A	G	PTPMT1	Missense_Mutation	93	10	103	0.0970873786407767	2	1	1	0.2856	1	0.2856	0.2856	False	0.68	1.99
11	47600654	C	T	NDUFS3	Missense_Mutation	9	4	13	0.3076923076923077	2	1	1	0.905	1	0.905	0.905	True	0.68	1.99
11	47640350	G	A	MTCH2	3'UTR	12	6	18	0.3333333333333333	2	1	1	0.9804	1	0.9804	0.9804	True	0.68	1.99
11	55111214	T	C	OR4A16	Missense_Mutation	116	48	164	0.2926829268292683	2	1	1	0.8608	1	0.8608	0.8608	True	0.68	1.99
11	56431737	C	A	OR5AR1	Silent	112	33	145	0.22758620689655173	2	1	1	0.6694	1	0.6694	0.6694	False	0.68	1.99
11	56467865	T	C	OR9G1	Translation_Start_Site	43	6	49	0.12244897959183673	2	1	1	0.3601	1	0.3601	0.3601	False	0.68	1.99
11	57075876	C	T	TNKS1BP1	Missense_Mutation	65	47	112	0.41964285714285715	2	1	1	1.2342	1	1.2342	1.0	True	0.68	1.99
11	59418247	T	G	PATL1	Missense_Mutation	25	7	32	0.21875	2	1	1	0.6434	1	0.6434	0.6434	False	0.68	1.99
11	60229781	C	T	MS4A1	5'UTR	15	11	26	0.4230769230769231	2	1	1	1.2443	1	1.2443	1.0	True	0.68	1.99
11	60885660	G	A	CD5	Silent	53	19	72	0.2638888888888889	2	1	1	0.7761	1	0.7761	0.7761	False	0.68	1.99
11	61018691	C	T	PGA5	Missense_Mutation	256	110	366	0.3005464480874317	2	1	1	0.884	1	0.884	0.884	True	0.68	1.99
11	61291959	A	G	SYT7	Missense_Mutation	99	50	149	0.33557046979865773	2	1	1	0.987	1	0.987	0.987	True	0.68	1.99
11	61646061	C	T	FADS3	Missense_Mutation	149	31	180	0.17222222222222222	2	1	1	0.5065	1	0.5065	0.5065	False	0.68	1.99
11	61912488	G	A	INCENP	Missense_Mutation	47	30	77	0.38961038961038963	2	1	1	1.1459	1	1.1459	1.0	True	0.68	1.99
11	62189810	C	T	SCGB1A1	Missense_Mutation	99	38	137	0.2773722627737226	2	1	1	0.8158	1	0.8158	0.8158	False	0.68	1.99
11	63320492	C	T	HRASLS2	Missense_Mutation	45	14	59	0.23728813559322035	2	1	1	0.6979	1	0.6979	0.6979	False	0.68	1.99
11	63676544	G	A	MARK2	Silent	83	20	103	0.1941747572815534	2	1	1	0.5711	1	0.5711	0.5711	False	0.68	1.99
11	64012138	C	T	PPP1R14B	3'UTR	68	19	87	0.21839080459770116	2	1	1	0.6423	1	0.6423	0.6423	False	0.68	1.99
11	64509577	G	A	RASGRP2	Silent	135	94	229	0.4104803493449782	2	1	1	1.2073	1	1.2073	1.0	True	0.68	1.99
11	64669762	G	A	ATG2A	Missense_Mutation	65	32	97	0.32989690721649484	2	1	1	0.9703	1	0.9703	0.9703	True	0.68	1.99
11	64679872	G	A	ATG2A	Silent	65	32	97	0.32989690721649484	2	1	1	0.9703	1	0.9703	0.9703	True	0.68	1.99
11	65350549	G	T	EHBP1L1	Silent	80	34	114	0.2982456140350877	2	1	1	0.8772	1	0.8772	0.8772	True	0.68	1.99
11	65824768	T	G	SF3B2	Silent	48	18	66	0.2727272727272727	2	1	1	0.8021	1	0.8021	0.8021	False	0.68	1.99
11	66034306	C	T	KLC2	Intron	60	18	78	0.23076923076923078	2	1	1	0.6787	1	0.6787	0.6787	False	0.68	1.99
11	66134944	G	T	SLC29A2	Missense_Mutation	123	14	137	0.10218978102189781	2	1	1	0.3006	1	0.3006	0.3006	False	0.68	1.99
11	66311212	A	G	ZDHHC24	Silent	90	35	125	0.28	2	1	1	0.8235	1	0.8235	0.8235	False	0.68	1.99
11	67196651	G	A	RPS6KB2	Silent	69	21	90	0.23333333333333334	2	1	1	0.6863	1	0.6863	0.6863	False	0.68	1.99
11	68030116	G	A	C11orf24	Missense_Mutation	129	29	158	0.18354430379746836	2	1	1	0.5398	1	0.5398	0.5398	False	0.68	1.99
11	68204387	C	T	LRP5	Missense_Mutation	24	21	45	0.4666666666666667	2	1	1	1.3725	1	1.3725	1.0	True	0.68	1.99
11	68701288	G	T	IGHMBP2	Nonsense_Mutation	50	18	68	0.2647058823529412	2	1	1	0.7785	1	0.7785	0.7785	False	0.68	1.99
11	71714512	G	A	NUMA1	3'UTR	69	14	83	0.1686746987951807	2	1	1	0.4961	1	0.4961	0.4961	False	0.68	1.99
11	74904425	T	C	SLCO2B1	Missense_Mutation	89	17	106	0.16037735849056603	2	1	1	0.4717	1	0.4717	0.4717	False	0.68	1.99
11	75279852	T	C	SERPINH1	Silent	77	48	125	0.384	2	1	1	1.1294	1	1.1294	1.0	True	0.68	1.99
11	75501741	G	A	DGAT2	Missense_Mutation	181	9	190	0.04736842105263158	2	1	1	0.1393	1	0.1393	0.1393	False	0.68	1.99
11	83962306	G	A	DLG2	Missense_Mutation	143	62	205	0.3024390243902439	2	1	1	0.8895	1	0.8895	0.8895	True	0.68	1.99
11	85365238	G	T	TMEM126A	Missense_Mutation	70	40	110	0.36363636363636365	2	1	1	1.0695	1	1.0695	1.0	True	0.68	1.99
11	86158135	G	A	ME3	Missense_Mutation	61	25	86	0.29069767441860467	2	1	1	0.855	1	0.855	0.855	True	0.68	1.99
11	89447443	C	G	TRIM77	Missense_Mutation	103	59	162	0.36419753086419754	2	1	1	1.0712	1	1.0712	1.0	True	0.68	1.99
11	93090126	C	T	CCDC67	Nonsense_Mutation	119	46	165	0.2787878787878788	2	1	1	0.82	1	0.82	0.82	False	0.68	1.99
11	93141578	A	G	CCDC67	Missense_Mutation	58	26	84	0.30952380952380953	2	1	1	0.9104	1	0.9104	0.9104	True	0.68	1.99
11	94602613	G	A	AMOTL1	Silent	43	34	77	0.44155844155844154	2	1	1	1.2987	1	1.2987	1.0	True	0.68	1.99
11	96124517	G	A	JRKL	Missense_Mutation	35	24	59	0.4067796610169492	2	1	1	1.1964	1	1.1964	1.0	True	0.68	1.99
11	107403112	G	A	ALKBH8	Silent	125	53	178	0.29775280898876405	2	1	1	0.8757	1	0.8757	0.8757	True	0.68	1.99
11	109296164	G	C	C11orf87	3'UTR	38	16	54	0.2962962962962963	2	1	1	0.8715	1	0.8715	0.8715	True	0.68	1.99
11	113270610	C	T	ANKK1	Missense_Mutation	77	41	118	0.3474576271186441	2	1	1	1.0219	1	1.0219	1.0	True	0.68	1.99
11	117097903	C	T	PCSK7	Missense_Mutation	50	28	78	0.358974358974359	2	1	1	1.0558	1	1.0558	1.0	True	0.68	1.99
11	117152961	C	A	RNF214	Missense_Mutation	39	25	64	0.390625	2	1	1	1.1489	1	1.1489	1.0	True	0.68	1.99
11	118772510	C	G	BCL9L	Missense_Mutation	73	35	108	0.32407407407407407	2	1	1	0.9532	1	0.9532	0.9532	True	0.68	1.99
11	119044363	G	A	NLRX1	Silent	55	23	78	0.2948717948717949	2	1	1	0.8673	1	0.8673	0.8673	True	0.68	1.99
11	123676690	G	A	OR6M1	Missense_Mutation	82	26	108	0.24074074074074073	2	1	1	0.7081	1	0.7081	0.7081	False	0.68	1.99
11	124747075	C	T	ROBO3	Missense_Mutation	71	8	79	0.10126582278481013	2	1	1	0.2978	1	0.2978	0.2978	False	0.68	1.99
11	124747173	G	A	ROBO3	Silent	44	29	73	0.3972602739726027	2	1	1	1.1684	1	1.1684	1.0	True	0.68	1.99
11	124789948	C	T	HEPACAM	3'UTR	40	6	46	0.13043478260869565	2	1	1	0.3836	1	0.3836	0.3836	False	0.68	1.99
11	124805857	G	A	HEPACAM	Missense_Mutation	36	17	53	0.32075471698113206	2	1	1	0.9434	1	0.9434	0.9434	True	0.68	1.99
11	124947134	G	A	SLC37A2	Silent	41	23	64	0.359375	2	1	1	1.057	1	1.057	1.0	True	0.68	1.99
11	125887269	A	G	CDON	Silent	70	8	78	0.10256410256410256	2	1	1	0.3017	1	0.3017	0.3017	False	0.68	1.99
11	126135710	C	T	SRPR	Missense_Mutation	90	50	140	0.35714285714285715	2	1	1	1.0504	1	1.0504	1.0	True	0.68	1.99
11	126139243	T	G	FOXRED1	Intron	86	15	101	0.1485148514851485	2	1	1	0.4368	1	0.4368	0.4368	False	0.68	1.99
11	131781469	C	T	NTM	Missense_Mutation	73	35	108	0.32407407407407407	2	1	1	0.9532	1	0.9532	0.9532	True	0.68	1.99
11	132812960	G	A	OPCML	Missense_Mutation	96	21	117	0.1794871794871795	2	1	1	0.5279	1	0.5279	0.5279	False	0.68	1.99
11	134131678	C	T	ACAD8	Missense_Mutation	71	10	81	0.12345679012345678	2	1	1	0.3631	1	0.3631	0.3631	False	0.68	1.99
12	305939	G	A	SLC6A12	Silent	57	26	83	0.3132530120481928	2	1	1	0.9213	1	0.9213	0.9213	True	0.68	1.99
12	351803	C	T	SLC6A13	Missense_Mutation	105	26	131	0.1984732824427481	2	1	1	0.5837	1	0.5837	0.5837	False	0.68	1.99
12	2017149	C	T	CACNA2D4	Missense_Mutation	75	39	114	0.34210526315789475	2	1	1	1.0062	1	1.0062	1.0	True	0.68	1.99
12	2622093	G	A	CACNA1C	Missense_Mutation	234	30	264	0.11363636363636363	2	1	1	0.3342	1	0.3342	0.3342	False	0.68	1.99
12	3747362	C	T	EFCAB4B	Silent	14	15	29	0.5172413793103449	2	1	1	1.5213	1	1.5213	1.0	True	0.68	1.99
12	6062718	A	G	VWF	Missense_Mutation	97	60	157	0.3821656050955414	2	1	1	1.124	1	1.124	1.0	True	0.68	1.99
12	6421479	C	A	PLEKHG6	Silent	65	4	69	0.057971014492753624	2	1	1	0.1705	1	0.1705	0.1705	False	0.68	1.99
12	6729143	G	T	LPAR5	3'UTR	19	8	27	0.2962962962962963	2	1	1	0.8715	1	0.8715	0.8715	True	0.68	1.99
12	6729407	G	A	LPAR5	Silent	37	21	58	0.3620689655172414	2	1	1	1.0649	1	1.0649	1.0	True	0.68	1.99
12	6933309	A	G	GPR162	Missense_Mutation	46	29	75	0.38666666666666666	2	1	1	1.1373	1	1.1373	1.0	True	0.68	1.99
12	6973264	A	C	USP5	Missense_Mutation	52	23	75	0.30666666666666664	2	1	1	0.902	1	0.902	0.902	True	0.68	1.99
12	7636189	A	C	CD163	Missense_Mutation	53	13	66	0.19696969696969696	2	1	1	0.5793	1	0.5793	0.5793	False	0.68	1.99
12	7639500	C	A	CD163	Silent	90	18	108	0.16666666666666666	2	1	1	0.4902	1	0.4902	0.4902	False	0.68	1.99
12	9086489	G	A	PHC1	Missense_Mutation	102	53	155	0.3419354838709677	2	1	1	1.0057	1	1.0057	1.0	True	0.68	1.99
12	9223092	C	T	A2M	Missense_Mutation	47	19	66	0.2878787878787879	2	1	1	0.8467	1	0.8467	0.8467	False	0.68	1.99
12	9905997	G	A	CD69	3'UTR	20	10	30	0.3333333333333333	2	1	1	0.9804	1	0.9804	0.9804	True	0.68	1.99
12	10206877	C	T	CLEC9A	Silent	66	21	87	0.2413793103448276	2	1	1	0.7099	1	0.7099	0.7099	False	0.68	1.99
12	10569304	A	G	KLRC3	Silent	121	23	144	0.1597222222222222	2	1	1	0.4698	1	0.4698	0.4698	False	0.68	1.99
12	10954990	G	A	TAS2R7	Silent	52	26	78	0.3333333333333333	2	1	1	0.9804	1	0.9804	0.9804	True	0.68	1.99
12	10962722	T	G	TAS2R9	5'UTR	103	9	112	0.08035714285714286	2	1	1	0.2363	1	0.2363	0.2363	False	0.68	1.99
12	13153100	G	A	HEBP1	5'UTR	20	16	36	0.4444444444444444	2	1	1	1.3072	1	1.3072	1.0	True	0.68	1.99
12	14650946	G	A	ATF7IP	Missense_Mutation	47	27	74	0.36486486486486486	2	1	1	1.0731	1	1.0731	1.0	True	0.68	1.99
12	14796622	A	G	GUCY2C	Missense_Mutation	56	24	80	0.3	2	1	1	0.8824	1	0.8824	0.8824	True	0.68	1.99
12	14946844	T	C	WBP11	Missense_Mutation	124	81	205	0.3951219512195122	2	1	1	1.1621	1	1.1621	1.0	True	0.68	1.99
12	15132137	G	A	PDE6H	Missense_Mutation	39	14	53	0.2641509433962264	2	1	1	0.7769	1	0.7769	0.7769	False	0.68	1.99
12	19475579	G	A	PLEKHA5	Missense_Mutation	64	17	81	0.20987654320987653	2	1	1	0.6173	1	0.6173	0.6173	False	0.68	1.99
12	19506935	C	T	PLEKHA5	Missense_Mutation	27	8	35	0.22857142857142856	2	1	1	0.6723	1	0.6723	0.6723	False	0.68	1.99
12	21623051	A	G	PYROXD1	3'UTR	26	13	39	0.3333333333333333	2	1	1	0.9804	1	0.9804	0.9804	True	0.68	1.99
12	21721878	G	A	GYS2	Silent	65	30	95	0.3157894736842105	2	1	1	0.9288	1	0.9288	0.9288	True	0.68	1.99
12	21791390	C	A	LDHB	Missense_Mutation	20	7	27	0.25925925925925924	2	1	1	0.7625	1	0.7625	0.7625	False	0.68	1.99
12	21998683	G	A	ABCC9	Missense_Mutation	51	21	72	0.2916666666666667	2	1	1	0.8578	1	0.8578	0.8578	True	0.68	1.99
12	22837437	A	T	ETNK1	Silent	21	8	29	0.27586206896551724	2	1	1	0.8114	1	0.8114	0.8114	False	0.68	1.99
12	26383798	G	T	SSPN	Missense_Mutation	35	22	57	0.38596491228070173	2	1	1	1.1352	1	1.1352	1.0	True	0.68	1.99
12	26774090	T	C	ITPR2	Missense_Mutation	115	26	141	0.18439716312056736	2	1	1	0.5423	1	0.5423	0.5423	False	0.68	1.99
12	27152592	G	T	TM7SF3	Silent	85	31	116	0.2672413793103448	2	1	1	0.786	1	0.786	0.786	False	0.68	1.99
12	27553583	C	A	ARNTL2	Missense_Mutation	68	37	105	0.3523809523809524	2	1	1	1.0364	1	1.0364	1.0	True	0.68	1.99
12	32945242	G	T	PKP2	3'UTR	25	9	34	0.2647058823529412	2	1	1	0.7785	1	0.7785	0.7785	False	0.68	1.99
12	33592459	G	A	SYT10	5'UTR	41	33	74	0.44594594594594594	2	1	1	1.3116	1	1.3116	1.0	True	0.68	1.99
12	39047733	G	A	CPNE8	Missense_Mutation	53	37	90	0.4111111111111111	2	1	1	1.2092	1	1.2092	1.0	True	0.68	1.99
12	40925451	T	G	MUC19	Intron	19	12	31	0.3870967741935484	2	1	1	1.1385	1	1.1385	1.0	True	0.68	1.99
12	46318686	C	T	SCAF11	Missense_Mutation	90	45	135	0.3333333333333333	2	1	1	0.9804	1	0.9804	0.9804	True	0.68	1.99
12	47170785	C	T	SLC38A4	Missense_Mutation	35	15	50	0.3	2	1	1	0.8824	1	0.8824	0.8824	True	0.68	1.99
12	47629075	C	T	PCED1B	Missense_Mutation	36	20	56	0.35714285714285715	2	1	1	1.0504	1	1.0504	1.0	True	0.68	1.99
12	47629507	G	A	PCED1B	Missense_Mutation	66	11	77	0.14285714285714285	2	1	1	0.4202	1	0.4202	0.4202	False	0.68	1.99
12	48393705	T	C	COL2A1	Missense_Mutation	98	7	105	0.06666666666666667	2	1	1	0.1961	1	0.1961	0.1961	False	0.68	1.99
12	49255823	C	T	RND1	Missense_Mutation	125	33	158	0.2088607594936709	2	1	1	0.6143	1	0.6143	0.6143	False	0.68	1.99
12	49424139	G	A	KMT2D	Silent	60	24	84	0.2857142857142857	2	1	1	0.8403	1	0.8403	0.8403	False	0.68	1.99
12	49445897	C	T	KMT2D	Silent	109	58	167	0.3473053892215569	2	1	1	1.0215	1	1.0215	1.0	True	0.68	1.99
12	49495298	A	G	LMBR1L	Missense_Mutation	129	35	164	0.21341463414634146	2	1	1	0.6277	1	0.6277	0.6277	False	0.68	1.99
12	49948128	G	A	KCNH3	Missense_Mutation	38	15	53	0.2830188679245283	2	1	1	0.8324	1	0.8324	0.8324	False	0.68	1.99
12	50452821	C	T	ASIC1	Missense_Mutation	71	34	105	0.3238095238095238	2	1	1	0.9524	1	0.9524	0.9524	True	0.68	1.99
12	51511531	C	T	TFCP2	Splice_Site	17	9	26	0.34615384615384615	2	1	1	1.0181	1	1.0181	1.0	True	0.68	1.99
12	52162722	G	A	SCN8A	Missense_Mutation	71	50	121	0.4132231404958678	2	1	1	1.2154	1	1.2154	1.0	True	0.68	1.99
12	52200775	A	G	SCN8A	Silent	97	33	130	0.25384615384615383	2	1	1	0.7466	1	0.7466	0.7466	False	0.68	1.99
12	52374855	G	T	ACVR1B	Missense_Mutation	50	26	76	0.34210526315789475	2	1	1	1.0062	1	1.0062	1.0	True	0.68	1.99
12	52886684	C	T	KRT6A	Missense_Mutation	100	56	156	0.358974358974359	2	1	1	1.0558	1	1.0558	1.0	True	0.68	1.99
12	52943836	G	A	KRT71	Silent	71	34	105	0.3238095238095238	2	1	1	0.9524	1	0.9524	0.9524	True	0.68	1.99
12	53069310	G	A	KRT1	Silent	23	21	44	0.4772727272727273	2	1	1	1.4037	1	1.4037	1.0	True	0.68	1.99
12	53170636	C	T	KRT76	Missense_Mutation	92	20	112	0.17857142857142858	2	1	1	0.5252	1	0.5252	0.5252	False	0.68	1.99
12	53232820	C	T	KRT78	3'UTR	12	8	20	0.4	2	1	1	1.1765	1	1.1765	1.0	True	0.68	1.99
12	53666626	G	T	ESPL1	Missense_Mutation	39	23	62	0.3709677419354839	2	1	1	1.0911	1	1.0911	1.0	True	0.68	1.99
12	53898978	G	A	TARBP2	Missense_Mutation	107	62	169	0.3668639053254438	2	1	1	1.079	1	1.079	1.0	True	0.68	1.99
12	54338915	C	T	HOXC13	Missense_Mutation	65	58	123	0.4715447154471545	2	1	1	1.3869	1	1.3869	1.0	True	0.68	1.99
12	56547745	C	A	MYL6B	Missense_Mutation	117	16	133	0.12030075187969924	2	1	1	0.3538	1	0.3538	0.3538	False	0.68	1.99
12	57113275	G	A	NACA	Intron	39	22	61	0.36065573770491804	2	1	1	1.0608	1	1.0608	1.0	True	0.68	1.99
12	57575039	G	A	LRP1	Missense_Mutation	56	14	70	0.2	2	1	1	0.5882	1	0.5882	0.5882	False	0.68	1.99
12	57866375	G	A	ARHGAP9	Silent	102	68	170	0.4	2	1	1	1.1765	1	1.1765	1.0	True	0.68	1.99
12	57920946	T	G	MBD6	Missense_Mutation	15	8	23	0.34782608695652173	2	1	1	1.023	1	1.023	1.0	True	0.68	1.99
12	58114782	G	T	OS9	3'UTR	25	12	37	0.32432432432432434	2	1	1	0.9539	1	0.9539	0.9539	True	0.68	1.99
12	64671499	C	T	C12orf56	Silent	34	8	42	0.19047619047619047	2	1	1	0.5602	1	0.5602	0.5602	False	0.68	1.99
12	65471603	C	T	WIF1	Missense_Mutation	83	20	103	0.1941747572815534	2	1	1	0.5711	1	0.5711	0.5711	False	0.68	1.99
12	65857151	A	T	MSRB3	3'UTR	13	3	16	0.1875	2	1	1	0.5515	1	0.5515	0.5515	False	0.68	1.99
12	69084382	G	A	NUP107	Intron	22	9	31	0.2903225806451613	2	1	1	0.8539	1	0.8539	0.8539	True	0.68	1.99
12	69982016	G	A	CCT2	Silent	61	19	80	0.2375	2	1	1	0.6985	1	0.6985	0.6985	False	0.68	1.99
12	70740047	C	A	CNOT2	Silent	52	32	84	0.38095238095238093	2	1	1	1.1204	1	1.1204	1.0	True	0.68	1.99
12	71946867	A	G	LGR5	Missense_Mutation	69	29	98	0.29591836734693877	2	1	1	0.8703	1	0.8703	0.8703	True	0.68	1.99
12	72666968	C	T	TRHDE	Missense_Mutation	26	9	35	0.2571428571428571	2	1	1	0.7563	1	0.7563	0.7563	False	0.68	1.99
12	76740040	T	C	BBS10	Silent	19	4	23	0.17391304347826086	2	1	1	0.5115	1	0.5115	0.5115	False	0.68	1.99
12	79679573	C	T	SYT1	Missense_Mutation	46	8	54	0.14814814814814814	2	1	1	0.4357	1	0.4357	0.4357	False	0.68	1.99
12	80761990	G	A	OTOGL	Silent	69	11	80	0.1375	2	1	1	0.4044	1	0.4044	0.4044	False	0.68	1.99
12	81537007	G	A	ACSS3	Missense_Mutation	37	18	55	0.32727272727272727	2	1	1	0.9626	1	0.9626	0.9626	True	0.68	1.99
12	86383326	C	A	MGAT4C	5'UTR	66	26	92	0.2826086956521739	2	1	1	0.8312	1	0.8312	0.8312	False	0.68	1.99
12	99043371	T	C	APAF1	Silent	52	45	97	0.4639175257731959	2	1	1	1.3645	1	1.3645	1.0	True	0.68	1.99
12	100463852	C	T	UHRF1BP1L	Intron	15	4	19	0.21052631578947367	2	1	1	0.6192	1	0.6192	0.6192	False	0.68	1.99
12	100550559	G	A	AC010203.1	3'Flank	11	4	15	0.26666666666666666	2	1	1	0.7843	1	0.7843	0.7843	False	0.68	1.99
12	100707248	C	T	SCYL2	Missense_Mutation	34	12	46	0.2608695652173913	2	1	1	0.7673	1	0.7673	0.7673	False	0.68	1.99
12	103234262	A	T	PAH	Missense_Mutation	145	55	200	0.275	2	1	1	0.8088	1	0.8088	0.8088	False	0.68	1.99
12	104151951	G	A	STAB2	Missense_Mutation	73	9	82	0.10975609756097561	2	1	1	0.3228	1	0.3228	0.3228	False	0.68	1.99
12	104336397	T	C	HSP90B1	Silent	237	51	288	0.17708333333333334	2	1	1	0.5208	1	0.5208	0.5208	False	0.68	1.99
12	105322353	A	G	SLC41A2	5'UTR	17	8	25	0.32	2	1	1	0.9412	1	0.9412	0.9412	True	0.68	1.99
12	108043022	C	T	BTBD11	Silent	159	30	189	0.15873015873015872	2	1	1	0.4669	1	0.4669	0.4669	False	0.68	1.99
12	108145468	C	A	PRDM4	Missense_Mutation	81	21	102	0.20588235294117646	2	1	1	0.6055	1	0.6055	0.6055	False	0.68	1.99
12	111066573	T	C	TCTN1	Silent	12	8	20	0.4	2	1	1	1.1765	1	1.1765	1.0	True	0.68	1.99
12	111772366	G	T	CUX2	Missense_Mutation	72	8	80	0.1	2	1	1	0.2941	1	0.2941	0.2941	False	0.68	1.99
12	111951255	T	C	ATXN2	Silent	75	36	111	0.32432432432432434	2	1	1	0.9539	1	0.9539	0.9539	True	0.68	1.99
12	112499173	C	T	NAA25	Missense_Mutation	44	26	70	0.37142857142857144	2	1	1	1.0924	1	1.0924	1.0	True	0.68	1.99
12	112589677	C	T	TRAFD1	Missense_Mutation	103	12	115	0.10434782608695652	2	1	1	0.3069	1	0.3069	0.3069	False	0.68	1.99
12	112677725	C	T	HECTD4	Missense_Mutation	114	7	121	0.05785123966942149	2	1	1	0.1702	1	0.1702	0.1702	False	0.68	1.99
12	113542005	G	A	RASAL1	Silent	159	68	227	0.29955947136563876	2	1	1	0.8811	1	0.8811	0.8811	True	0.68	1.99
12	113553542	A	G	RASAL1	Missense_Mutation	131	7	138	0.050724637681159424	2	1	1	0.1492	1	0.1492	0.1492	False	0.68	1.99
12	114793694	C	T	TBX5	Silent	42	11	53	0.20754716981132076	2	1	1	0.6104	1	0.6104	0.6104	False	0.68	1.99
12	116440828	G	A	MED13L	Missense_Mutation	69	15	84	0.17857142857142858	2	1	1	0.5252	1	0.5252	0.5252	False	0.68	1.99
12	117178869	G	T	RNFT2	Missense_Mutation	78	48	126	0.38095238095238093	2	1	1	1.1204	1	1.1204	1.0	True	0.68	1.99
12	117909045	G	A	KSR2	Missense_Mutation	117	20	137	0.145985401459854	2	1	1	0.4294	1	0.4294	0.4294	False	0.68	1.99
12	118511645	G	A	VSIG10	Missense_Mutation	67	56	123	0.45528455284552843	2	1	1	1.3391	1	1.3391	1.0	True	0.68	1.99
12	118520098	C	T	VSIG10	Nonsense_Mutation	103	50	153	0.32679738562091504	2	1	1	0.9612	1	0.9612	0.9612	True	0.68	1.99
12	120567150	A	G	GCN1L1	Missense_Mutation	90	49	139	0.35251798561151076	2	1	1	1.0368	1	1.0368	1.0	True	0.68	1.99
12	121431421	G	A	HNF1A	Missense_Mutation	84	42	126	0.3333333333333333	2	1	1	0.9804	1	0.9804	0.9804	True	0.68	1.99
12	122217382	C	T	TMEM120B	3'UTR	15	15	30	0.5	2	1	1	1.4706	1	1.4706	1.0	True	0.68	1.99
12	122992929	G	T	RSRC2	Missense_Mutation	65	18	83	0.21686746987951808	2	1	1	0.6378	1	0.6378	0.6378	False	0.68	1.99
12	123186647	C	T	HCAR2	3'UTR	94	43	137	0.31386861313868614	2	1	1	0.9231	1	0.9231	0.9231	True	0.68	1.99
12	123187050	A	C	HCAR2	Missense_Mutation	467	69	536	0.1287313432835821	2	1	1	0.3786	1	0.3786	0.3786	False	0.68	1.99
12	123419905	G	A	ABCB9	Missense_Mutation	64	24	88	0.2727272727272727	2	1	1	0.8021	1	0.8021	0.8021	False	0.68	1.99
12	123665710	C	A	MPHOSPH9	Missense_Mutation	50	4	54	0.07407407407407407	2	1	1	0.2179	1	0.2179	0.2179	False	0.68	1.99
12	123751766	C	T	CDK2AP1	Missense_Mutation	131	11	142	0.07746478873239436	2	1	1	0.2278	1	0.2278	0.2278	False	0.68	1.99
12	123879614	G	A	SETD8	Missense_Mutation	44	34	78	0.4358974358974359	2	1	1	1.2821	1	1.2821	1.0	True	0.68	1.99
12	124289545	G	T	DNAH10	Missense_Mutation	58	26	84	0.30952380952380953	2	1	1	0.9104	1	0.9104	0.9104	True	0.68	1.99
12	124421639	A	G	CCDC92	Missense_Mutation	11	6	17	0.35294117647058826	2	1	1	1.0381	1	1.0381	1.0	True	0.68	1.99
12	132445702	A	T	EP400	Missense_Mutation	457	93	550	0.1690909090909091	2	1	1	0.4973	1	0.4973	0.4973	False	0.68	1.99
12	133151083	C	T	FBRSL1	Missense_Mutation	49	28	77	0.36363636363636365	2	1	1	1.0695	1	1.0695	1.0	True	0.68	1.99
13	20224276	G	T	MPHOSPH8	Missense_Mutation	123	28	151	0.18543046357615894	2	1	1	0.5454	1	0.5454	0.5454	False	0.68	1.99
13	20426263	C	T	ZMYM5	Missense_Mutation	39	3	42	0.07142857142857142	2	1	1	0.2101	1	0.2101	0.2101	False	0.68	1.99
13	21417174	C	T	XPO4	Missense_Mutation	50	29	79	0.3670886075949367	2	1	1	1.0797	1	1.0797	1.0	True	0.68	1.99
13	22275368	G	A	FGF9	Missense_Mutation	149	71	220	0.32272727272727275	2	1	1	0.9492	1	0.9492	0.9492	True	0.68	1.99
13	23913690	C	A	SACS	Missense_Mutation	63	45	108	0.4166666666666667	2	1	1	1.2255	1	1.2255	1.0	True	0.68	1.99
13	28901607	G	T	FLT1	Missense_Mutation	36	13	49	0.2653061224489796	2	1	1	0.7803	1	0.7803	0.7803	False	0.68	1.99
13	28913379	G	T	FLT1	Missense_Mutation	71	5	76	0.06578947368421052	2	1	1	0.1935	1	0.1935	0.1935	False	0.68	1.99
13	31233314	C	T	USPL1	Missense_Mutation	94	32	126	0.25396825396825395	2	1	1	0.747	1	0.747	0.747	False	0.68	1.99
13	32783242	C	T	FRY	Missense_Mutation	62	15	77	0.19480519480519481	2	1	1	0.573	1	0.573	0.573	False	0.68	1.99
13	35685016	C	T	NBEA	Missense_Mutation	98	42	140	0.3	2	1	1	0.8824	1	0.8824	0.8824	True	0.68	1.99
13	36743067	G	T	SOHLH2	3'UTR	41	5	46	0.10869565217391304	2	1	1	0.3197	1	0.3197	0.3197	False	0.68	1.99
13	37453512	G	A	SMAD9	Silent	35	16	51	0.3137254901960784	2	1	1	0.9227	1	0.9227	0.9227	True	0.68	1.99
13	46923419	A	G	KIAA0226L	Splice_Site	86	22	108	0.2037037037037037	2	1	1	0.5991	1	0.5991	0.5991	False	0.68	1.99
13	46946498	G	T	KIAA0226L	Missense_Mutation	139	37	176	0.21022727272727273	2	1	1	0.6183	1	0.6183	0.6183	False	0.68	1.99
13	50489153	A	T	SPRYD7	3'UTR	64	19	83	0.2289156626506024	2	1	1	0.6733	1	0.6733	0.6733	False	0.68	1.99
13	51855338	A	G	FAM124A	Silent	17	3	20	0.15	2	1	1	0.4412	1	0.4412	0.4412	False	0.68	1.99
13	51935472	G	T	SERPINE3	Missense_Mutation	145	65	210	0.30952380952380953	2	1	1	0.9104	1	0.9104	0.9104	True	0.68	1.99
13	52693487	G	A	NEK5	Missense_Mutation	17	7	24	0.2916666666666667	2	1	1	0.8578	1	0.8578	0.8578	True	0.68	1.99
13	53010475	T	A	VPS36	Missense_Mutation	70	39	109	0.3577981651376147	2	1	1	1.0523	1	1.0523	1.0	True	0.68	1.99
13	58208231	C	T	PCDH17	Silent	88	33	121	0.2727272727272727	2	1	1	0.8021	1	0.8021	0.8021	False	0.68	1.99
13	60545025	A	G	DIAPH3	Silent	113	14	127	0.11023622047244094	2	1	1	0.3242	1	0.3242	0.3242	False	0.68	1.99
13	77672645	G	A	MYCBP2	Missense_Mutation	83	36	119	0.3025210084033613	2	1	1	0.8898	1	0.8898	0.8898	True	0.68	1.99
13	93518563	T	C	GPC5	Silent	115	16	131	0.12213740458015267	2	1	1	0.3592	1	0.3592	0.3592	False	0.68	1.99
13	96599320	T	C	UGGT2	Missense_Mutation	36	29	65	0.4461538461538462	2	1	1	1.3122	1	1.3122	1.0	True	0.68	1.99
13	99112684	A	G	STK24	Missense_Mutation	51	23	74	0.3108108108108108	2	1	1	0.9141	1	0.9141	0.9141	True	0.68	1.99
13	99532886	T	G	DOCK9	Missense_Mutation	133	34	167	0.20359281437125748	2	1	1	0.5988	1	0.5988	0.5988	False	0.68	1.99
13	99554694	T	C	DOCK9	Missense_Mutation	55	14	69	0.2028985507246377	2	1	1	0.5968	1	0.5968	0.5968	False	0.68	1.99
13	100617887	G	A	ZIC5	Missense_Mutation	120	53	173	0.3063583815028902	2	1	1	0.9011	1	0.9011	0.9011	True	0.68	1.99
13	101717783	C	T	NALCN	Missense_Mutation	30	19	49	0.3877551020408163	2	1	1	1.1405	1	1.1405	1.0	True	0.68	1.99
13	101717877	G	A	NALCN	Missense_Mutation	18	12	30	0.4	2	1	1	1.1765	1	1.1765	1.0	True	0.68	1.99
13	103514790	G	T	BIVM-ERCC5	Nonsense_Mutation	137	73	210	0.3476190476190476	2	1	1	1.0224	1	1.0224	1.0	True	0.68	1.99
13	111102134	G	A	COL4A2	Missense_Mutation	24	8	32	0.25	2	1	1	0.7353	1	0.7353	0.7353	False	0.68	1.99
13	111287619	C	A	CARKD	Intron	9	4	13	0.3076923076923077	2	1	1	0.905	1	0.905	0.905	True	0.68	1.99
13	113210483	G	A	TUBGCP3	Nonsense_Mutation	95	5	100	0.05	2	1	1	0.1471	1	0.1471	0.1471	False	0.68	1.99
13	113738380	G	A	MCF2L	Missense_Mutation	117	13	130	0.1	2	1	1	0.2941	1	0.2941	0.2941	False	0.68	1.99
13	113826114	C	A	PROZ	Missense_Mutation	40	33	73	0.4520547945205479	2	1	1	1.3296	1	1.3296	1.0	True	0.68	1.99
13	114290873	C	T	TFDP1	Silent	46	38	84	0.4523809523809524	2	1	1	1.3305	1	1.3305	1.0	True	0.68	1.99
14	20248897	G	A	OR4M1	Missense_Mutation	216	61	277	0.22021660649819494	2	1	1	0.6477	1	0.6477	0.6477	False	0.68	1.99
14	20404482	C	T	OR4K1	Silent	162	11	173	0.06358381502890173	2	1	1	0.187	1	0.187	0.187	False	0.68	1.99
14	20898204	G	A	KLHL33	Silent	92	19	111	0.17117117117117117	2	1	1	0.5034	1	0.5034	0.5034	False	0.68	1.99
14	20943241	C	T	PNP	Missense_Mutation	80	32	112	0.2857142857142857	2	1	1	0.8403	1	0.8403	0.8403	False	0.68	1.99
14	21681144	C	T	HNRNPC	Silent	92	16	108	0.14814814814814814	2	1	1	0.4357	1	0.4357	0.4357	False	0.68	1.99
14	21896151	C	T	CHD8	Missense_Mutation	76	35	111	0.3153153153153153	2	1	1	0.9274	1	0.9274	0.9274	True	0.68	1.99
14	23243595	A	G	SLC7A7	Missense_Mutation	102	24	126	0.19047619047619047	2	1	1	0.5602	1	0.5602	0.5602	False	0.68	1.99
14	23549722	C	A	ACIN1	Missense_Mutation	76	39	115	0.3391304347826087	2	1	1	0.9974	1	0.9974	0.9974	True	0.68	1.99
14	23828952	G	A	EFS	Silent	44	22	66	0.3333333333333333	2	1	1	0.9804	1	0.9804	0.9804	True	0.68	1.99
14	23891501	G	A	MYH7	Missense_Mutation	34	17	51	0.3333333333333333	2	1	1	0.9804	1	0.9804	0.9804	True	0.68	1.99
14	24529963	G	A	LRRC16B	Missense_Mutation	50	25	75	0.3333333333333333	2	1	1	0.9804	1	0.9804	0.9804	True	0.68	1.99
14	24635419	C	A	IRF9	3'UTR	21	11	32	0.34375	2	1	1	1.011	1	1.011	1.0	True	0.68	1.99
14	32560579	T	C	ARHGAP5	Missense_Mutation	219	58	277	0.20938628158844766	2	1	1	0.6158	1	0.6158	0.6158	False	0.68	1.99
14	32624038	C	T	ARHGAP5	Missense_Mutation	58	29	87	0.3333333333333333	2	1	1	0.9804	1	0.9804	0.9804	True	0.68	1.99
14	36103851	C	T	RALGAPA1	Missense_Mutation	69	21	90	0.23333333333333334	2	1	1	0.6863	1	0.6863	0.6863	False	0.68	1.99
14	36219760	C	T	RALGAPA1	Nonsense_Mutation	66	40	106	0.37735849056603776	2	1	1	1.1099	1	1.1099	1.0	True	0.68	1.99
14	45605505	G	A	FANCM	Missense_Mutation	104	54	158	0.34177215189873417	2	1	1	1.0052	1	1.0052	1.0	True	0.68	1.99
14	45605621	C	T	FANCM	Silent	131	70	201	0.3482587064676617	2	1	1	1.0243	1	1.0243	1.0	True	0.68	1.99
14	45645393	G	A	FANCM	Missense_Mutation	35	18	53	0.33962264150943394	2	1	1	0.9989	1	0.9989	0.9989	True	0.68	1.99
14	45679654	T	C	MIS18BP1	Silent	68	39	107	0.3644859813084112	2	1	1	1.072	1	1.072	1.0	True	0.68	1.99
14	50863892	C	T	CDKL1	5'Flank	38	11	49	0.22448979591836735	2	1	1	0.6603	1	0.6603	0.6603	False	0.68	1.99
14	51233102	C	T	NIN	Missense_Mutation	73	33	106	0.3113207547169811	2	1	1	0.9156	1	0.9156	0.9156	True	0.68	1.99
14	51464716	C	T	TRIM9	Intron	61	24	85	0.2823529411764706	2	1	1	0.8304	1	0.8304	0.8304	False	0.68	1.99
14	55203994	G	A	SAMD4A	Missense_Mutation	65	31	96	0.3229166666666667	2	1	1	0.9498	1	0.9498	0.9498	True	0.68	1.99
14	56078886	A	G	KTN1	Silent	32	4	36	0.1111111111111111	2	1	1	0.3268	1	0.3268	0.3268	False	0.68	1.99
14	56145162	G	A	KTN1	Silent	12	11	23	0.4782608695652174	2	1	1	1.4066	1	1.4066	1.0	True	0.68	1.99
14	64488143	C	T	SYNE2	Silent	80	50	130	0.38461538461538464	2	1	1	1.1312	1	1.1312	1.0	True	0.68	1.99
14	64488222	A	G	SYNE2	Missense_Mutation	50	34	84	0.40476190476190477	2	1	1	1.1905	1	1.1905	1.0	True	0.68	1.99
14	64727461	G	T	ESR2	Silent	17	11	28	0.39285714285714285	2	1	1	1.1555	1	1.1555	1.0	True	0.68	1.99
14	65406268	G	T	GPX2	Missense_Mutation	134	48	182	0.26373626373626374	2	1	1	0.7757	1	0.7757	0.7757	False	0.68	1.99
14	68050497	C	A	PLEKHH1	Missense_Mutation	49	29	78	0.3717948717948718	2	1	1	1.0935	1	1.0935	1.0	True	0.68	1.99
14	71543008	G	A	PCNX	Missense_Mutation	83	42	125	0.336	2	1	1	0.9882	1	0.9882	0.9882	True	0.68	1.99
14	72169049	A	G	SIPA1L1	Intron	67	23	90	0.25555555555555554	2	1	1	0.7516	1	0.7516	0.7516	False	0.68	1.99
14	73442355	C	T	ZFYVE1	Silent	100	57	157	0.3630573248407643	2	1	1	1.0678	1	1.0678	1.0	True	0.68	1.99
14	73718746	C	T	PAPLN	Silent	86	49	135	0.362962962962963	2	1	1	1.0675	1	1.0675	1.0	True	0.68	1.99
14	73958723	G	A	HEATR4	Intron	172	7	179	0.03910614525139665	2	1	1	0.115	1	0.115	0.115	False	0.68	1.99
14	74083828	G	A	ACOT6	5'UTR	53	24	77	0.3116883116883117	2	1	1	0.9167	1	0.9167	0.9167	True	0.68	1.99
14	74364814	T	C	ZNF410	Silent	49	27	76	0.35526315789473684	2	1	1	1.0449	1	1.0449	1.0	True	0.68	1.99
14	74763124	G	A	ABCD4	Nonsense_Mutation	71	6	77	0.07792207792207792	2	1	1	0.2292	1	0.2292	0.2292	False	0.68	1.99
14	75473355	G	A	EIF2B2	Missense_Mutation	50	24	74	0.32432432432432434	2	1	1	0.9539	1	0.9539	0.9539	True	0.68	1.99
14	77600035	C	A	ZDHHC22	Missense_Mutation	102	18	120	0.15	2	1	1	0.4412	1	0.4412	0.4412	False	0.68	1.99
14	77924609	A	G	AHSA1	Missense_Mutation	109	52	161	0.32298136645962733	2	1	1	0.9499	1	0.9499	0.9499	True	0.68	1.99
14	77984451	G	A	SPTLC2	Missense_Mutation	64	35	99	0.35353535353535354	2	1	1	1.0398	1	1.0398	1.0	True	0.68	1.99
14	80328136	C	T	NRXN3	Silent	127	29	156	0.1858974358974359	2	1	1	0.5468	1	0.5468	0.5468	False	0.68	1.99
14	90770634	C	T	NRDE2	Missense_Mutation	89	34	123	0.2764227642276423	2	1	1	0.813	1	0.813	0.813	False	0.68	1.99
14	93119367	G	T	RIN3	Missense_Mutation	31	13	44	0.29545454545454547	2	1	1	0.869	1	0.869	0.869	True	0.68	1.99
14	94594917	C	T	IFI27L2	Missense_Mutation	64	22	86	0.2558139534883721	2	1	1	0.7524	1	0.7524	0.7524	False	0.68	1.99
14	95234748	C	T	GSC	3'UTR	54	19	73	0.2602739726027397	2	1	1	0.7655	1	0.7655	0.7655	False	0.68	1.99
14	95234790	G	A	GSC	3'UTR	65	34	99	0.3434343434343434	2	1	1	1.0101	1	1.0101	1.0	True	0.68	1.99
14	102493032	T	C	DYNC1H1	Missense_Mutation	96	12	108	0.1111111111111111	2	1	1	0.3268	1	0.3268	0.3268	False	0.68	1.99
14	102549179	G	A	HSP90AA1	Intron	15	11	26	0.4230769230769231	2	1	1	1.2443	1	1.2443	1.0	True	0.68	1.99
14	103420582	C	T	CDC42BPB	Missense_Mutation	79	45	124	0.3629032258064516	2	1	1	1.0674	1	1.0674	1.0	True	0.68	1.99
14	105639449	G	A	NUDT14	Missense_Mutation	61	34	95	0.35789473684210527	2	1	1	1.0526	1	1.0526	1.0	True	0.68	1.99
14	105843103	A	G	PACS2	Splice_Site	61	40	101	0.39603960396039606	2	1	1	1.1648	1	1.1648	1.0	True	0.68	1.99
14	105843207	G	A	PACS2	Missense_Mutation	115	58	173	0.3352601156069364	2	1	1	0.9861	1	0.9861	0.9861	True	0.68	1.99
15	20644358	C	T	HERC2P3	RNA	65	31	96	0.3229166666666667	1	1	0	0.6268	1	0.6268	0.6268	False	0.68	1.99
15	21051254	A	G	POTEB2	Silent	253	67	320	0.209375	1	1	0	0.4064	1	0.4064	0.4064	False	0.68	1.99
15	22383015	C	A	OR4N4	Silent	81	40	121	0.3305785123966942	1	1	0	0.6417	1	0.6417	0.6417	False	0.68	1.99
15	23049280	G	A	NIPA1	Missense_Mutation	71	9	80	0.1125	2	1	1	0.3309	1	0.3309	0.3309	False	0.68	1.99
15	23891085	G	A	MAGEL2	5'UTR	36	15	51	0.29411764705882354	2	1	1	0.8651	1	0.8651	0.8651	True	0.68	1.99
15	24921564	G	T	NPAP1	Nonsense_Mutation	53	21	74	0.28378378378378377	2	1	1	0.8347	1	0.8347	0.8347	False	0.68	1.99
15	26026247	C	T	ATP10A	Silent	107	21	128	0.1640625	2	1	1	0.4825	1	0.4825	0.4825	False	0.68	1.99
15	28482260	C	A	HERC2	Splice_Site	97	39	136	0.2867647058823529	2	1	1	0.8434	1	0.8434	0.8434	False	0.68	1.99
15	31197375	T	C	FAN1	Missense_Mutation	31	21	52	0.40384615384615385	2	1	1	1.1878	1	1.1878	1.0	True	0.68	1.99
15	33360057	C	T	FMN1	Missense_Mutation	27	23	50	0.46	2	1	1	1.3529	1	1.3529	1.0	True	0.68	1.99
15	33938601	C	T	RYR3	Missense_Mutation	104	34	138	0.2463768115942029	2	1	1	0.7246	1	0.7246	0.7246	False	0.68	1.99
15	39880805	G	A	THBS1	Missense_Mutation	83	40	123	0.3252032520325203	2	1	1	0.9565	1	0.9565	0.9565	True	0.68	1.99
15	40865912	C	T	RPUSD2	Missense_Mutation	85	61	146	0.4178082191780822	2	1	1	1.2288	1	1.2288	1.0	True	0.68	1.99
15	41192406	C	A	VPS18	Silent	80	14	94	0.14893617021276595	2	1	1	0.438	1	0.438	0.438	False	0.68	1.99
15	41226862	C	T	DLL4	Silent	99	43	142	0.3028169014084507	2	1	1	0.8906	1	0.8906	0.8906	True	0.68	1.99
15	41297869	C	A	INO80	Missense_Mutation	71	13	84	0.15476190476190477	2	1	1	0.4552	1	0.4552	0.4552	False	0.68	1.99
15	41476730	C	A	EXD1	Missense_Mutation	55	21	76	0.27631578947368424	2	1	1	0.8127	1	0.8127	0.8127	False	0.68	1.99
15	41522849	G	A	EXD1	5'UTR	11	17	28	0.6071428571428571	2	1	1	1.7857	1	1.7857	1.0	True	0.68	1.99
15	41961717	G	A	MGA	Missense_Mutation	75	58	133	0.43609022556390975	2	1	1	1.2826	1	1.2826	1.0	True	0.68	1.99
15	42046766	G	A	MGA	Splice_Site	85	9	94	0.09574468085106383	2	1	1	0.2816	1	0.2816	0.2816	False	0.68	1.99
15	42054340	A	C	MGA	Missense_Mutation	109	51	160	0.31875	2	1	1	0.9375	1	0.9375	0.9375	True	0.68	1.99
15	42148630	C	T	SPTBN5	Missense_Mutation	47	19	66	0.2878787878787879	2	1	1	0.8467	1	0.8467	0.8467	False	0.68	1.99
15	42149679	C	T	SPTBN5	Missense_Mutation	51	32	83	0.3855421686746988	2	1	1	1.1339	1	1.1339	1.0	True	0.68	1.99
15	42483760	T	C	VPS39	Splice_Site	27	16	43	0.37209302325581395	2	1	1	1.0944	1	1.0944	1.0	True	0.68	1.99
15	43545075	G	A	TGM5	Silent	49	11	60	0.18333333333333332	2	1	1	0.5392	1	0.5392	0.5392	False	0.68	1.99
15	43569117	C	T	TGM7	Missense_Mutation	58	31	89	0.34831460674157305	2	1	1	1.0245	1	1.0245	1.0	True	0.68	1.99
15	44067736	G	A	ELL3	Nonsense_Mutation	65	22	87	0.25287356321839083	2	1	1	0.7437	1	0.7437	0.7437	False	0.68	1.99
15	45353388	G	A	SORD	Missense_Mutation	110	15	125	0.12	2	1	1	0.3529	1	0.3529	0.3529	False	0.68	1.99
15	45560408	G	C	SLC28A2	Silent	67	39	106	0.36792452830188677	2	1	1	1.0821	1	1.0821	1.0	True	0.68	1.99
15	49170369	G	A	EID1	5'UTR	70	39	109	0.3577981651376147	2	1	1	1.0523	1	1.0523	1.0	True	0.68	1.99
15	53907717	G	A	WDR72	Nonsense_Mutation	58	29	87	0.3333333333333333	2	1	1	0.9804	1	0.9804	0.9804	True	0.68	1.99
15	55497651	A	G	RAB27A	3'UTR	56	36	92	0.391304347826087	2	1	1	1.1509	1	1.1509	1.0	True	0.68	1.99
15	55972397	A	G	PRTG	Silent	62	34	96	0.3541666666666667	2	1	1	1.0417	1	1.0417	1.0	True	0.68	1.99
15	56387980	G	T	RFX7	Missense_Mutation	34	8	42	0.19047619047619047	2	1	1	0.5602	1	0.5602	0.5602	False	0.68	1.99
15	56388683	C	T	RFX7	Missense_Mutation	110	7	117	0.05982905982905983	2	1	1	0.176	1	0.176	0.176	False	0.68	1.99
15	58925401	T	C	ADAM10	Silent	57	10	67	0.14925373134328357	2	1	1	0.439	1	0.439	0.439	False	0.68	1.99
15	59350726	G	A	RNF111	Missense_Mutation	36	17	53	0.32075471698113206	2	1	1	0.9434	1	0.9434	0.9434	True	0.68	1.99
15	59934435	G	A	GTF2A2	Silent	125	47	172	0.27325581395348836	2	1	1	0.8037	1	0.8037	0.8037	False	0.68	1.99
15	59956188	C	A	BNIP2	3'UTR	16	7	23	0.30434782608695654	2	1	1	0.8951	1	0.8951	0.8951	True	0.68	1.99
15	63069082	G	T	TLN2	Silent	88	22	110	0.2	2	1	1	0.5882	1	0.5882	0.5882	False	0.68	1.99
15	63632966	G	A	CA12	Missense_Mutation	117	27	144	0.1875	2	1	1	0.5515	1	0.5515	0.5515	False	0.68	1.99
15	65054640	G	A	RBPMS2	Intron	70	13	83	0.1566265060240964	2	1	1	0.4607	1	0.4607	0.4607	False	0.68	1.99
15	65273297	A	G	SPG21	Missense_Mutation	48	30	78	0.38461538461538464	2	1	1	1.1312	1	1.1312	1.0	True	0.68	1.99
15	65347142	G	A	RASL12	3'UTR	24	10	34	0.29411764705882354	2	1	1	0.8651	1	0.8651	0.8651	True	0.68	1.99
15	65621392	G	A	IGDCC3	Missense_Mutation	78	5	83	0.060240963855421686	2	1	1	0.1772	1	0.1772	0.1772	False	0.68	1.99
15	65682628	G	A	IGDCC4	Missense_Mutation	121	51	172	0.29651162790697677	2	1	1	0.8721	1	0.8721	0.8721	True	0.68	1.99
15	66806331	T	C	ZWILCH	Silent	36	15	51	0.29411764705882354	2	1	1	0.8651	1	0.8651	0.8651	True	0.68	1.99
15	68582071	G	A	FEM1B	Silent	153	42	195	0.2153846153846154	2	1	1	0.6335	1	0.6335	0.6335	False	0.68	1.99
15	69548464	A	T	GLCE	Missense_Mutation	122	64	186	0.34408602150537637	2	1	1	1.012	1	1.012	1.0	True	0.68	1.99
15	72105912	C	T	CTD-2524L6.3	5'Flank	27	18	45	0.4	2	1	1	1.1765	1	1.1765	1.0	True	0.68	1.99
15	72691014	A	G	TMEM202	Silent	61	41	102	0.4019607843137255	2	1	1	1.1822	1	1.1822	1.0	True	0.68	1.99
15	73889643	G	A	NPTN	Silent	97	47	144	0.3263888888888889	2	1	1	0.96	1	0.96	0.96	True	0.68	1.99
15	74032581	G	A	C15orf59	Missense_Mutation	37	16	53	0.3018867924528302	2	1	1	0.8879	1	0.8879	0.8879	True	0.68	1.99
15	74653889	A	G	CYP11A1	Intron	16	6	22	0.2727272727272727	2	1	1	0.8021	1	0.8021	0.8021	False	0.68	1.99
15	75091204	G	A	CSK	Missense_Mutation	184	38	222	0.17117117117117117	2	1	1	0.5034	1	0.5034	0.5034	False	0.68	1.99
15	75798232	A	G	PTPN9	Missense_Mutation	205	21	226	0.09292035398230089	2	1	1	0.2733	1	0.2733	0.2733	False	0.68	1.99
15	79587853	T	C	ANKRD34C	3'UTR	86	17	103	0.1650485436893204	2	1	1	0.4854	1	0.4854	0.4854	False	0.68	1.99
15	80800574	C	T	ARNT2	Missense_Mutation	79	44	123	0.35772357723577236	2	1	1	1.0521	1	1.0521	1.0	True	0.68	1.99
15	83495560	C	T	WHAMM	Missense_Mutation	106	31	137	0.22627737226277372	2	1	1	0.6655	1	0.6655	0.6655	False	0.68	1.99
15	88678589	C	A	NTRK3	Missense_Mutation	34	19	53	0.3584905660377358	2	1	1	1.0544	1	1.0544	1.0	True	0.68	1.99
15	89424766	G	A	HAPLN3	Silent	68	12	80	0.15	2	1	1	0.4412	1	0.4412	0.4412	False	0.68	1.99
15	90142614	G	A	TICRR	Missense_Mutation	32	9	41	0.21951219512195122	2	1	1	0.6456	1	0.6456	0.6456	False	0.68	1.99
15	90340949	G	A	ANPEP	Missense_Mutation	57	30	87	0.3448275862068966	2	1	1	1.0142	1	1.0142	1.0	True	0.68	1.99
15	91433138	C	T	FES	Missense_Mutation	55	24	79	0.3037974683544304	2	1	1	0.8935	1	0.8935	0.8935	True	0.68	1.99
15	91549611	G	A	VPS33B	Silent	49	29	78	0.3717948717948718	2	1	1	1.0935	1	1.0935	1.0	True	0.68	1.99
15	91573131	C	T	AC068831.10	Intron	60	24	84	0.2857142857142857	2	1	1	0.8403	1	0.8403	0.8403	False	0.68	1.99
15	92705995	C	A	SLCO3A1	Missense_Mutation	101	30	131	0.22900763358778625	2	1	1	0.6736	1	0.6736	0.6736	False	0.68	1.99
15	101113934	G	T	LINS	Missense_Mutation	94	21	115	0.1826086956521739	2	1	1	0.5371	1	0.5371	0.5371	False	0.68	1.99
16	109449	A	G	RHBDF1	Missense_Mutation	93	11	104	0.10576923076923077	2	1	1	0.3111	1	0.3111	0.3111	False	0.68	1.99
16	823129	C	A	MSLNL	Missense_Mutation	97	43	140	0.30714285714285716	2	1	1	0.9034	1	0.9034	0.9034	True	0.68	1.99
16	1505797	C	A	CLCN7	Splice_Site	30	18	48	0.375	2	1	1	1.1029	1	1.1029	1.0	True	0.68	1.99
16	1706499	G	A	CRAMP1L	Missense_Mutation	30	10	40	0.25	2	1	1	0.7353	1	0.7353	0.7353	False	0.68	1.99
16	1717380	G	A	CRAMP1L	Silent	27	3	30	0.1	2	1	1	0.2941	1	0.2941	0.2941	False	0.68	1.99
16	1748941	G	A	HN1L	Missense_Mutation	38	26	64	0.40625	2	1	1	1.1949	1	1.1949	1.0	True	0.68	1.99
16	2028594	G	A	TBL3	Missense_Mutation	52	25	77	0.3246753246753247	2	1	1	0.9549	1	0.9549	0.9549	True	0.68	1.99
16	2348450	G	A	ABCA3	Silent	103	21	124	0.1693548387096774	2	1	1	0.4981	1	0.4981	0.4981	False	0.68	1.99
16	2546341	C	T	RP11-20I23.1	Silent	94	21	115	0.1826086956521739	2	1	1	0.5371	1	0.5371	0.5371	False	0.68	1.99
16	2809357	C	T	SRRM2	Missense_Mutation	34	24	58	0.41379310344827586	2	1	1	1.217	1	1.217	1.0	True	0.68	1.99
16	2813343	T	C	SRRM2	Silent	77	33	110	0.3	2	1	1	0.8824	1	0.8824	0.8824	True	0.68	1.99
16	3063354	G	C	CLDN9	5'UTR	56	13	69	0.18840579710144928	2	1	1	0.5541	1	0.5541	0.5541	False	0.68	1.99
16	3079338	G	A	CCDC64B	Silent	19	12	31	0.3870967741935484	2	1	1	1.1385	1	1.1385	1.0	True	0.68	1.99
16	3336043	C	T	ZNF263	Silent	110	63	173	0.36416184971098264	2	1	1	1.0711	1	1.0711	1.0	True	0.68	1.99
16	4242075	G	T	SRL	3'UTR	24	14	38	0.3684210526315789	2	1	1	1.0836	1	1.0836	1.0	True	0.68	1.99
16	4562466	G	A	CDIP1	3'UTR	17	9	26	0.34615384615384615	2	1	1	1.0181	1	1.0181	1.0	True	0.68	1.99
16	4606545	G	T	C16orf96	Missense_Mutation	64	21	85	0.24705882352941178	2	1	1	0.7266	1	0.7266	0.7266	False	0.68	1.99
16	4733894	C	G	MGRN1	Missense_Mutation	40	16	56	0.2857142857142857	2	1	1	0.8403	1	0.8403	0.8403	False	0.68	1.99
16	5080390	G	A	NAGPA	Missense_Mutation	52	22	74	0.2972972972972973	2	1	1	0.8744	1	0.8744	0.8744	True	0.68	1.99
16	7568372	C	G	RBFOX1	Missense_Mutation	42	16	58	0.27586206896551724	2	1	1	0.8114	1	0.8114	0.8114	False	0.68	1.99
16	11009471	G	A	CIITA	Missense_Mutation	45	25	70	0.35714285714285715	2	1	1	1.0504	1	1.0504	1.0	True	0.68	1.99
16	11785878	G	T	TXNDC11	Missense_Mutation	98	5	103	0.04854368932038835	2	1	1	0.1428	1	0.1428	0.1428	False	0.68	1.99
16	14758878	A	G	BFAR	Silent	89	47	136	0.34558823529411764	2	1	1	1.0164	1	1.0164	1.0	True	0.68	1.99
16	18845696	G	A	SMG1	Missense_Mutation	88	35	123	0.2845528455284553	2	1	1	0.8369	1	0.8369	0.8369	False	0.68	1.99
16	19058559	C	A	TMC7	Missense_Mutation	77	4	81	0.04938271604938271	2	1	1	0.1452	1	0.1452	0.1452	False	0.68	1.99
16	19548127	G	A	CCP110	Missense_Mutation	135	69	204	0.3382352941176471	2	1	1	0.9948	1	0.9948	0.9948	True	0.68	1.99
16	19552050	G	A	CCP110	Missense_Mutation	382	42	424	0.09905660377358491	2	1	1	0.2913	1	0.2913	0.2913	False	0.68	1.99
16	20448387	A	C	ACSM5	Missense_Mutation	68	41	109	0.3761467889908257	2	1	1	1.1063	1	1.1063	1.0	True	0.68	1.99
16	20976176	G	A	DNAH3	Silent	52	29	81	0.35802469135802467	2	1	1	1.053	1	1.053	1.0	True	0.68	1.99
16	20999308	A	G	DNAH3	Silent	96	46	142	0.323943661971831	2	1	1	0.9528	1	0.9528	0.9528	True	0.68	1.99
16	21726384	C	T	OTOA	Missense_Mutation	95	46	141	0.3262411347517731	2	1	1	0.9595	1	0.9595	0.9595	True	0.68	1.99
16	26147335	T	C	HS3ST4	Silent	145	9	154	0.05844155844155844	2	1	1	0.1719	1	0.1719	0.1719	False	0.68	1.99
16	28841228	C	T	ATXN2L	Missense_Mutation	107	46	153	0.3006535947712418	2	1	1	0.8843	1	0.8843	0.8843	True	0.68	1.99
16	28847821	G	A	ATXN2L	Intron	26	17	43	0.3953488372093023	2	1	1	1.1628	1	1.1628	1.0	True	0.68	1.99
16	28877711	C	T	SH2B1	Missense_Mutation	54	4	58	0.06896551724137931	2	1	1	0.2028	1	0.2028	0.2028	False	0.68	1.99
16	29872765	A	C	CDIPT	Intron	20	5	25	0.2	2	1	1	0.5882	1	0.5882	0.5882	False	0.68	1.99
16	29993210	C	A	TAOK2	Silent	33	19	52	0.36538461538461536	2	1	1	1.0747	1	1.0747	1.0	True	0.68	1.99
16	30016796	G	A	INO80E	3'UTR	83	42	125	0.336	2	1	1	0.9882	1	0.9882	0.9882	True	0.68	1.99
16	30679930	C	T	FBRS	Silent	68	11	79	0.13924050632911392	2	1	1	0.4095	1	0.4095	0.4095	False	0.68	1.99
16	30779680	G	A	RNF40	Missense_Mutation	24	9	33	0.2727272727272727	2	1	1	0.8021	1	0.8021	0.8021	False	0.68	1.99
16	31271374	C	A	ITGAM	5'UTR	19	8	27	0.2962962962962963	2	1	1	0.8715	1	0.8715	0.8715	True	0.68	1.99
16	31500564	G	A	SLC5A2	Missense_Mutation	26	17	43	0.3953488372093023	2	1	1	1.1628	1	1.1628	1.0	True	0.68	1.99
16	31504964	G	A	C16orf58	Silent	73	33	106	0.3113207547169811	2	1	1	0.9156	1	0.9156	0.9156	True	0.68	1.99
16	32890554	C	T	SLC6A10P	RNA	40	18	58	0.3103448275862069	2	1	1	0.9128	1	0.9128	0.9128	True	0.68	1.99
16	47621625	G	A	PHKB	Missense_Mutation	21	19	40	0.475	2	1	1	1.3971	1	1.3971	1.0	True	0.68	1.99
16	49671925	G	A	ZNF423	Missense_Mutation	90	17	107	0.1588785046728972	2	1	1	0.4673	1	0.4673	0.4673	False	0.68	1.99
16	50813856	C	T	CYLD	Silent	77	24	101	0.2376237623762376	2	1	1	0.6989	1	0.6989	0.6989	False	0.68	1.99
16	52497937	A	G	TOX3	Missense_Mutation	89	45	134	0.3358208955223881	2	1	1	0.9877	1	0.9877	0.9877	True	0.68	1.99
16	53340221	A	G	CHD9	Missense_Mutation	110	24	134	0.1791044776119403	2	1	1	0.5268	1	0.5268	0.5268	False	0.68	1.99
16	55600629	C	A	CAPNS2	5'UTR	49	20	69	0.2898550724637681	2	1	1	0.8525	1	0.8525	0.8525	True	0.68	1.99
16	57085532	C	T	NLRC5	Nonsense_Mutation	89	30	119	0.25210084033613445	2	1	1	0.7415	1	0.7415	0.7415	False	0.68	1.99
16	57104486	G	A	NLRC5	Silent	105	47	152	0.3092105263157895	2	1	1	0.9094	1	0.9094	0.9094	True	0.68	1.99
16	57116382	A	G	NLRC5	Missense_Mutation	75	28	103	0.27184466019417475	2	1	1	0.7995	1	0.7995	0.7995	False	0.68	1.99
16	57490504	G	A	COQ9	Missense_Mutation	83	37	120	0.30833333333333335	2	1	1	0.9069	1	0.9069	0.9069	True	0.68	1.99
16	57788844	G	A	KATNB1	Missense_Mutation	82	17	99	0.1717171717171717	2	1	1	0.5051	1	0.5051	0.5051	False	0.68	1.99
16	57951357	A	G	CNGB1	Missense_Mutation	153	75	228	0.32894736842105265	2	1	1	0.9675	1	0.9675	0.9675	True	0.68	1.99
16	58031608	C	T	ZNF319	Missense_Mutation	91	20	111	0.18018018018018017	2	1	1	0.5299	1	0.5299	0.5299	False	0.68	1.99
16	64984732	A	C	CDH11	Missense_Mutation	113	20	133	0.15037593984962405	2	1	1	0.4423	1	0.4423	0.4423	False	0.68	1.99
16	67213972	C	T	KIAA0895L	Missense_Mutation	150	36	186	0.1935483870967742	2	1	1	0.5693	1	0.5693	0.5693	False	0.68	1.99
16	67220553	T	A	EXOC3L1	Missense_Mutation	49	20	69	0.2898550724637681	2	1	1	0.8525	1	0.8525	0.8525	True	0.68	1.99
16	67765249	C	A	RANBP10	Intron	28	6	34	0.17647058823529413	2	1	1	0.519	1	0.519	0.519	False	0.68	1.99
16	68225399	C	T	NFATC3	Missense_Mutation	64	15	79	0.189873417721519	2	1	1	0.5585	1	0.5585	0.5585	False	0.68	1.99
16	68308874	T	A	SLC7A6	Missense_Mutation	123	72	195	0.36923076923076925	2	1	1	1.086	1	1.086	1.0	True	0.68	1.99
16	69988415	A	G	CLEC18A	Missense_Mutation	246	127	373	0.34048257372654156	2	1	1	1.0014	1	1.0014	1.0	True	0.68	1.99
16	70165297	G	A	PDPR	Silent	41	11	52	0.21153846153846154	2	1	1	0.6222	1	0.6222	0.6222	False	0.68	1.99
16	71674609	C	T	MARVELD3	Silent	79	41	120	0.3416666666666667	2	1	1	1.0049	1	1.0049	1.0	True	0.68	1.99
16	75269636	G	A	BCAR1	Silent	60	33	93	0.3548387096774194	2	1	1	1.0436	1	1.0436	1.0	True	0.68	1.99
16	75563939	C	T	CHST5	Missense_Mutation	176	51	227	0.22466960352422907	2	1	1	0.6608	1	0.6608	0.6608	False	0.68	1.99
16	77228997	T	C	MON1B	Missense_Mutation	9	6	15	0.4	2	1	1	1.1765	1	1.1765	1.0	True	0.68	1.99
16	81641207	C	T	CMIP	Silent	38	29	67	0.43283582089552236	2	1	1	1.273	1	1.273	1.0	True	0.68	1.99
16	84209600	T	C	DNAAF1	Missense_Mutation	64	8	72	0.1111111111111111	2	1	1	0.3268	1	0.3268	0.3268	False	0.68	1.99
16	84497395	C	A	ATP2C2	3'UTR	24	16	40	0.4	2	1	1	1.1765	1	1.1765	1.0	True	0.68	1.99
16	84600482	C	A	COTL1	Missense_Mutation	17	12	29	0.41379310344827586	2	1	1	1.217	1	1.217	1.0	True	0.68	1.99
16	85948094	C	T	IRF8	Missense_Mutation	61	35	96	0.3645833333333333	2	1	1	1.0723	1	1.0723	1.0	True	0.68	1.99
16	88873811	G	A	CDT1	Silent	65	45	110	0.4090909090909091	2	1	1	1.2032	1	1.2032	1.0	True	0.68	1.99
16	89337296	G	A	ANKRD11	Missense_Mutation	62	29	91	0.31868131868131866	2	1	1	0.9373	1	0.9373	0.9373	True	0.68	1.99
16	89763987	A	G	SPATA2L	Missense_Mutation	31	14	45	0.3111111111111111	2	1	1	0.915	1	0.915	0.915	True	0.68	1.99
16	89777022	G	A	VPS9D1	Silent	69	31	100	0.31	2	1	1	0.9118	1	0.9118	0.9118	True	0.68	1.99
17	726955	G	A	NXN	Missense_Mutation	44	23	67	0.34328358208955223	2	1	1	1.0097	1	1.0097	1.0	True	0.68	1.99
17	1577847	C	T	PRPF8	Missense_Mutation	127	28	155	0.18064516129032257	2	1	1	0.5313	1	0.5313	0.5313	False	0.68	1.99
17	2224875	G	T	SRR	Nonsense_Mutation	78	16	94	0.1702127659574468	2	1	1	0.5006	1	0.5006	0.5006	False	0.68	1.99
17	3629138	G	A	GSG2	Missense_Mutation	45	17	62	0.27419354838709675	2	1	1	0.8065	1	0.8065	0.8065	False	0.68	1.99
17	3981257	C	T	ZZEF1	Missense_Mutation	54	8	62	0.12903225806451613	2	1	1	0.3795	1	0.3795	0.3795	False	0.68	1.99
17	4838060	G	A	GP1BA	3'UTR	45	3	48	0.0625	2	1	1	0.1838	1	0.1838	0.1838	False	0.68	1.99
17	4857073	A	G	ENO3	Missense_Mutation	69	10	79	0.12658227848101267	2	1	1	0.3723	1	0.3723	0.3723	False	0.68	1.99
17	4937186	G	A	SLC52A1	Silent	82	27	109	0.24770642201834864	2	1	1	0.7285	1	0.7285	0.7285	False	0.68	1.99
17	5012249	A	G	ZNF232	Silent	67	21	88	0.23863636363636365	2	1	1	0.7019	1	0.7019	0.7019	False	0.68	1.99
17	5250132	T	C	RABEP1	Silent	42	6	48	0.125	2	1	1	0.3676	1	0.3676	0.3676	False	0.68	1.99
17	6371585	C	T	PITPNM3	Missense_Mutation	30	14	44	0.3181818181818182	2	1	1	0.9358	1	0.9358	0.9358	True	0.68	1.99
17	6661461	G	A	XAF1	Missense_Mutation	79	18	97	0.18556701030927836	2	1	1	0.5458	1	0.5458	0.5458	False	0.68	1.99
17	8380358	C	A	MYH10	Missense_Mutation	35	22	57	0.38596491228070173	2	1	1	1.1352	1	1.1352	1.0	True	0.68	1.99
17	8448867	G	A	MYH10	Missense_Mutation	27	9	36	0.25	2	1	1	0.7353	1	0.7353	0.7353	False	0.68	1.99
17	9580068	T	C	USP43	Missense_Mutation	88	45	133	0.3383458646616541	2	1	1	0.9951	1	0.9951	0.9951	True	0.68	1.99
17	10235454	C	T	MYH13	Missense_Mutation	150	64	214	0.29906542056074764	2	1	1	0.8796	1	0.8796	0.8796	True	0.68	1.99
17	10428116	A	G	MYH2	Silent	152	72	224	0.32142857142857145	2	1	1	0.9454	1	0.9454	0.9454	True	0.68	1.99
17	14248414	G	C	HS3ST3B1	Silent	182	53	235	0.225531914893617	2	1	1	0.6633	1	0.6633	0.6633	False	0.68	1.99
17	17697826	G	A	RAI1	Missense_Mutation	79	42	121	0.34710743801652894	2	1	1	1.0209	1	1.0209	1.0	True	0.68	1.99
17	17896116	T	A	LRRC48	Missense_Mutation	81	13	94	0.13829787234042554	2	1	1	0.4068	1	0.4068	0.4068	False	0.68	1.99
17	18647481	C	T	FBXW10	5'UTR	148	57	205	0.2780487804878049	2	1	1	0.8178	1	0.8178	0.8178	False	0.68	1.99
17	21731086	C	A	UBBP4	Missense_Mutation	108	49	157	0.31210191082802546	2	1	1	0.9179	1	0.9179	0.9179	True	0.68	1.99
17	25974364	C	T	LGALS9	Missense_Mutation	276	135	411	0.3284671532846715	2	1	1	0.9661	1	0.9661	0.9661	True	0.68	1.99
17	26096029	G	A	NOS2	Missense_Mutation	33	14	47	0.2978723404255319	2	1	1	0.8761	1	0.8761	0.8761	True	0.68	1.99
17	26883220	A	G	PIGS	Missense_Mutation	125	11	136	0.08088235294117647	2	1	1	0.2379	1	0.2379	0.2379	False	0.68	1.99
17	26906804	G	A	SPAG5	Missense_Mutation	69	38	107	0.35514018691588783	2	1	1	1.0445	1	1.0445	1.0	True	0.68	1.99
17	27402234	G	A	TIAF1	5'UTR	43	26	69	0.37681159420289856	2	1	1	1.1083	1	1.1083	1.0	True	0.68	1.99
17	27424288	C	T	MYO18A	Missense_Mutation	23	9	32	0.28125	2	1	1	0.8272	1	0.8272	0.8272	False	0.68	1.99
17	29686033	G	T	NF1	Missense_Mutation	31	4	35	0.11428571428571428	2	1	1	0.3361	1	0.3361	0.3361	False	0.68	1.99
17	31107610	A	G	MYO1D	Silent	83	28	111	0.25225225225225223	2	1	1	0.7419	1	0.7419	0.7419	False	0.68	1.99
17	33460499	G	A	NLE1	Silent	44	14	58	0.2413793103448276	2	1	1	0.7099	1	0.7099	0.7099	False	0.68	1.99
17	33884646	C	T	SLFN14	Missense_Mutation	40	17	57	0.2982456140350877	2	1	1	0.8772	1	0.8772	0.8772	True	0.68	1.99
17	35830558	G	A	TADA2A	Missense_Mutation	67	13	80	0.1625	2	1	1	0.4779	1	0.4779	0.4779	False	0.68	1.99
17	36896574	C	T	PCGF2	Missense_Mutation	130	36	166	0.21686746987951808	2	1	1	0.6378	1	0.6378	0.6378	False	0.68	1.99
17	37188094	C	A	CTD-2206N4.2	5'Flank	20	9	29	0.3103448275862069	2	1	1	0.9128	1	0.9128	0.9128	True	0.68	1.99
17	37900857	G	A	GRB7	Missense_Mutation	73	39	112	0.3482142857142857	2	1	1	1.0242	1	1.0242	1.0	True	0.68	1.99
17	38323817	G	A	CASC3	Missense_Mutation	41	13	54	0.24074074074074073	2	1	1	0.7081	1	0.7081	0.7081	False	0.68	1.99
17	38510584	G	A	RARA	Missense_Mutation	151	83	234	0.3547008547008547	2	1	1	1.0432	1	1.0432	1.0	True	0.68	1.99
17	39274446	C	T	KRTAP4-11	Missense_Mutation	43	26	69	0.37681159420289856	2	1	1	1.1083	1	1.1083	1.0	True	0.68	1.99
17	39340911	G	A	KRTAP4-1	Missense_Mutation	76	40	116	0.3448275862068966	2	1	1	1.0142	1	1.0142	1.0	True	0.68	1.99
17	39975906	G	A	FKBP10	Missense_Mutation	36	28	64	0.4375	2	1	1	1.2868	1	1.2868	1.0	True	0.68	1.99
17	39976559	G	A	FKBP10	Missense_Mutation	102	45	147	0.30612244897959184	2	1	1	0.9004	1	0.9004	0.9004	True	0.68	1.99
17	40467732	G	A	STAT3	3'UTR	38	9	47	0.19148936170212766	2	1	1	0.5632	1	0.5632	0.5632	False	0.68	1.99
17	40695083	C	A	NAGLU	Silent	26	7	33	0.21212121212121213	2	1	1	0.6239	1	0.6239	0.6239	False	0.68	1.99
17	40847564	C	T	CNTNAP1	Silent	71	20	91	0.21978021978021978	2	1	1	0.6464	1	0.6464	0.6464	False	0.68	1.99
17	42092401	A	C	TMEM101	5'UTR	56	27	83	0.3253012048192771	2	1	1	0.9568	1	0.9568	0.9568	True	0.68	1.99
17	42979783	G	A	CCDC103	Nonsense_Mutation	94	7	101	0.06930693069306931	2	1	1	0.2038	1	0.2038	0.2038	False	0.68	1.99
17	43175894	A	G	NMT1	Silent	72	32	104	0.3076923076923077	2	1	1	0.905	1	0.905	0.905	True	0.68	1.99
17	44115975	G	A	KANSL1	Nonsense_Mutation	91	56	147	0.38095238095238093	2	1	1	1.1204	1	1.1204	1.0	True	0.68	1.99
17	46005200	C	T	SP2	3'UTR	52	23	75	0.30666666666666664	2	1	1	0.902	1	0.902	0.902	True	0.68	1.99
17	46136921	G	A	NFE2L1	Missense_Mutation	58	40	98	0.40816326530612246	2	1	1	1.2005	1	1.2005	1.0	True	0.68	1.99
17	47375883	C	T	ZNF652	Silent	88	50	138	0.36231884057971014	2	1	1	1.0656	1	1.0656	1.0	True	0.68	1.99
17	48432874	G	A	XYLT2	Silent	42	16	58	0.27586206896551724	2	1	1	0.8114	1	0.8114	0.8114	False	0.68	1.99
17	48457845	C	T	EME1	Missense_Mutation	44	26	70	0.37142857142857144	2	1	1	1.0924	1	1.0924	1.0	True	0.68	1.99
17	48598683	G	A	MYCBPAP	Missense_Mutation	166	31	197	0.15736040609137056	2	1	1	0.4628	1	0.4628	0.4628	False	0.68	1.99
17	48605618	G	A	MYCBPAP	Silent	131	33	164	0.20121951219512196	2	1	1	0.5918	1	0.5918	0.5918	False	0.68	1.99
17	49233032	G	A	NME1	Missense_Mutation	79	39	118	0.3305084745762712	2	1	1	0.9721	1	0.9721	0.9721	True	0.68	1.99
17	54939546	C	A	DGKE	Missense_Mutation	81	41	122	0.3360655737704918	2	1	1	0.9884	1	0.9884	0.9884	True	0.68	1.99
17	54969288	T	C	TRIM25	Missense_Mutation	61	28	89	0.3146067415730337	2	1	1	0.9253	1	0.9253	0.9253	True	0.68	1.99
17	56435713	G	T	RNF43	Missense_Mutation	71	38	109	0.3486238532110092	2	1	1	1.0254	1	1.0254	1.0	True	0.68	1.99
17	60005254	G	T	INTS2	Intron	27	16	43	0.37209302325581395	2	1	1	1.0944	1	1.0944	1.0	True	0.68	1.99
17	61987062	C	T	CSHL1	3'Flank	87	51	138	0.3695652173913043	2	1	1	1.087	1	1.087	1.0	True	0.68	1.99
17	64225516	G	T	APOH	5'UTR	142	87	229	0.3799126637554585	2	1	1	1.1174	1	1.1174	1.0	True	0.68	1.99
17	64738737	C	T	PRKCA	Intron	84	50	134	0.373134328358209	2	1	1	1.0975	1	1.0975	1.0	True	0.68	1.99
17	67183876	A	C	ABCA10	Missense_Mutation	40	22	62	0.3548387096774194	2	1	1	1.0436	1	1.0436	1.0	True	0.68	1.99
17	72838476	C	A	GRIN2C	3'UTR	23	14	37	0.3783783783783784	2	1	1	1.1129	1	1.1129	1.0	True	0.68	1.99
17	73016650	G	A	ICT1	Missense_Mutation	92	68	160	0.425	2	1	1	1.25	1	1.25	1.0	True	0.68	1.99
17	73017169	C	T	ICT1	3'UTR	98	37	135	0.2740740740740741	2	1	1	0.8061	1	0.8061	0.8061	False	0.68	1.99
17	73222250	C	T	NUP85	Silent	27	28	55	0.509090909090909	2	1	1	1.4973	1	1.4973	1.0	True	0.68	1.99
17	73565079	G	T	LLGL2	Missense_Mutation	58	15	73	0.2054794520547945	2	1	1	0.6044	1	0.6044	0.6044	False	0.68	1.99
17	73814722	G	T	UNK	Splice_Site	32	15	47	0.3191489361702128	2	1	1	0.9387	1	0.9387	0.9387	True	0.68	1.99
17	73842727	G	A	WBP2	3'UTR	8	6	14	0.42857142857142855	2	1	1	1.2605	1	1.2605	1.0	True	0.68	1.99
17	74006428	C	A	EVPL	Missense_Mutation	65	29	94	0.30851063829787234	2	1	1	0.9074	1	0.9074	0.9074	True	0.68	1.99
17	74036992	G	A	SRP68	Missense_Mutation	25	14	39	0.358974358974359	2	1	1	1.0558	1	1.0558	1.0	True	0.68	1.99
17	74475014	C	G	RHBDF2	Silent	57	15	72	0.20833333333333334	2	1	1	0.6127	1	0.6127	0.6127	False	0.68	1.99
17	74625764	C	A	ST6GALNAC1	Missense_Mutation	59	12	71	0.16901408450704225	2	1	1	0.4971	1	0.4971	0.4971	False	0.68	1.99
17	74673610	G	A	MXRA7	3'UTR	18	4	22	0.18181818181818182	2	1	1	0.5348	1	0.5348	0.5348	False	0.68	1.99
17	74772591	G	A	MFSD11	Missense_Mutation	31	11	42	0.2619047619047619	2	1	1	0.7703	1	0.7703	0.7703	False	0.68	1.99
17	76116793	G	A	TMC6	Silent	124	29	153	0.1895424836601307	2	1	1	0.5575	1	0.5575	0.5575	False	0.68	1.99
17	77015668	C	A	C1QTNF1-AS1	Missense_Mutation	47	28	75	0.37333333333333335	2	1	1	1.098	1	1.098	1.0	True	0.68	1.99
17	77923616	G	A	TBC1D16	Missense_Mutation	74	9	83	0.10843373493975904	2	1	1	0.3189	1	0.3189	0.3189	False	0.68	1.99
17	78196528	C	G	SLC26A11	Silent	116	6	122	0.04918032786885246	2	1	1	0.1446	1	0.1446	0.1446	False	0.68	1.99
17	78272192	T	C	RNF213	Missense_Mutation	86	17	103	0.1650485436893204	2	1	1	0.4854	1	0.4854	0.4854	False	0.68	1.99
17	78681741	A	G	RPTOR	Missense_Mutation	87	17	104	0.16346153846153846	2	1	1	0.4808	1	0.4808	0.4808	False	0.68	1.99
17	78899231	C	T	RPTOR	Missense_Mutation	46	11	57	0.19298245614035087	2	1	1	0.5676	1	0.5676	0.5676	False	0.68	1.99
17	79409732	C	T	RP11-1055B8.7	Missense_Mutation	42	26	68	0.38235294117647056	2	1	1	1.1246	1	1.1246	1.0	True	0.68	1.99
17	79575789	G	A	NPLOC4	Silent	78	51	129	0.3953488372093023	2	1	1	1.1628	1	1.1628	1.0	True	0.68	1.99
17	79683846	G	A	SLC25A10	Missense_Mutation	52	23	75	0.30666666666666664	2	1	1	0.902	1	0.902	0.902	True	0.68	1.99
17	80398955	A	G	HEXDC	Silent	29	19	48	0.3958333333333333	2	1	1	1.1642	1	1.1642	1.0	True	0.68	1.99
17	80882840	T	C	TBCD	Silent	46	21	67	0.31343283582089554	2	1	1	0.9219	1	0.9219	0.9219	True	0.68	1.99
18	3131475	C	A	MYOM1	Missense_Mutation	34	7	41	0.17073170731707318	2	1	1	0.5022	1	0.5022	0.5022	False	0.68	1.99
18	11853119	C	T	CHMP1B	3'UTR	28	19	47	0.40425531914893614	2	1	1	1.189	1	1.189	1.0	True	0.68	1.99
18	28588429	T	C	DSC3	Silent	76	8	84	0.09523809523809523	2	1	1	0.2801	1	0.2801	0.2801	False	0.68	1.99
18	28991227	C	T	DSG4	Missense_Mutation	115	30	145	0.20689655172413793	2	1	1	0.6085	1	0.6085	0.6085	False	0.68	1.99
18	43247924	C	T	SLC14A2	Missense_Mutation	79	41	120	0.3416666666666667	2	1	1	1.0049	1	1.0049	1.0	True	0.68	1.99
18	43329814	T	A	SLC14A1	Missense_Mutation	71	30	101	0.297029702970297	2	1	1	0.8736	1	0.8736	0.8736	True	0.68	1.99
18	44408012	G	A	PIAS2	Missense_Mutation	49	9	58	0.15517241379310345	2	1	1	0.4564	1	0.4564	0.4564	False	0.68	1.99
18	47369662	C	A	MYO5B	Missense_Mutation	98	61	159	0.3836477987421384	2	1	1	1.1284	1	1.1284	1.0	True	0.68	1.99
18	51820023	T	C	POLI	Missense_Mutation	11	8	19	0.42105263157894735	2	1	1	1.2384	1	1.2384	1.0	True	0.68	1.99
18	55268966	C	T	NARS	Missense_Mutation	63	22	85	0.25882352941176473	2	1	1	0.7612	1	0.7612	0.7612	False	0.68	1.99
18	56001094	C	T	NEDD4L	Silent	71	38	109	0.3486238532110092	2	1	1	1.0254	1	1.0254	1.0	True	0.68	1.99
18	58039584	C	T	MC4R	5'UTR	100	36	136	0.2647058823529412	2	1	1	0.7785	1	0.7785	0.7785	False	0.68	1.99
18	60241838	G	A	ZCCHC2	Missense_Mutation	169	84	253	0.33201581027667987	2	1	1	0.9765	1	0.9765	0.9765	True	0.68	1.99
18	61602379	C	A	SERPINB10	Missense_Mutation	16	13	29	0.4482758620689655	2	1	1	1.3185	1	1.3185	1.0	True	0.68	1.99
18	70461454	G	A	NETO1	Silent	71	42	113	0.37168141592920356	2	1	1	1.0932	1	1.0932	1.0	True	0.68	1.99
18	70534514	G	A	NETO1	Missense_Mutation	55	29	84	0.34523809523809523	2	1	1	1.0154	1	1.0154	1.0	True	0.68	1.99
18	72344421	G	A	ZNF407	Silent	37	26	63	0.4126984126984127	2	1	1	1.2138	1	1.2138	1.0	True	0.68	1.99
18	74091445	G	A	ZNF516	Silent	74	39	113	0.34513274336283184	2	1	1	1.0151	1	1.0151	1.0	True	0.68	1.99
18	77489068	A	C	CTDP1	Missense_Mutation	51	9	60	0.15	2	1	1	0.4412	1	0.4412	0.4412	False	0.68	1.99
18	77926971	C	T	AC139100.2	3'UTR	44	8	52	0.15384615384615385	2	1	1	0.4525	1	0.4525	0.4525	False	0.68	1.99
19	1090916	C	T	POLR2E	Silent	15	15	30	0.5	2	1	1	1.4706	1	1.4706	1.0	True	0.68	1.99
19	1251849	A	G	MIDN	Silent	46	12	58	0.20689655172413793	2	1	1	0.6085	1	0.6085	0.6085	False	0.68	1.99
19	1800042	G	T	ATP8B3	Missense_Mutation	85	58	143	0.40559440559440557	2	1	1	1.1929	1	1.1929	1.0	True	0.68	1.99
19	1978991	A	C	CSNK1G2	Missense_Mutation	6	17	23	0.7391304347826086	2	1	1	2.1739	1	2.1739	1.0	True	0.68	1.99
19	2252522	G	A	JSRP1	Missense_Mutation	39	27	66	0.4090909090909091	2	1	1	1.2032	1	1.2032	1.0	True	0.68	1.99
19	2334673	C	T	AC004410.3	3'Flank	95	51	146	0.3493150684931507	2	1	1	1.0274	1	1.0274	1.0	True	0.68	1.99
19	2989135	G	A	TLE6	Missense_Mutation	92	40	132	0.30303030303030304	2	1	1	0.8913	1	0.8913	0.8913	True	0.68	1.99
19	4224541	G	A	ANKRD24	3'UTR	23	18	41	0.43902439024390244	2	1	1	1.2912	1	1.2912	1.0	True	0.68	1.99
19	5238994	C	T	PTPRS	Silent	42	13	55	0.23636363636363636	2	1	1	0.6952	1	0.6952	0.6952	False	0.68	1.99
19	5914613	G	A	CAPS	Silent	148	9	157	0.05732484076433121	2	1	1	0.1686	1	0.1686	0.1686	False	0.68	1.99
19	7615223	G	A	PNPLA6	Silent	55	15	70	0.21428571428571427	2	1	1	0.6303	1	0.6303	0.6303	False	0.68	1.99
19	7618840	G	A	PNPLA6	Silent	105	9	114	0.07894736842105263	2	1	1	0.2322	1	0.2322	0.2322	False	0.68	1.99
19	7677045	G	T	CAMSAP3	Missense_Mutation	42	26	68	0.38235294117647056	2	1	1	1.1246	1	1.1246	1.0	True	0.68	1.99
19	7830675	A	G	CLEC4M	Silent	31	4	35	0.11428571428571428	2	1	1	0.3361	1	0.3361	0.3361	False	0.68	1.99
19	8555084	G	T	PRAM1	Missense_Mutation	65	40	105	0.38095238095238093	2	1	1	1.1204	1	1.1204	1.0	True	0.68	1.99
19	9049520	T	C	MUC16	Missense_Mutation	109	59	168	0.35119047619047616	2	1	1	1.0329	1	1.0329	1.0	True	0.68	1.99
19	9066987	A	T	MUC16	Nonsense_Mutation	171	86	257	0.3346303501945525	2	1	1	0.9842	1	0.9842	0.9842	True	0.68	1.99
19	9492311	A	T	ZNF177	Missense_Mutation	80	32	112	0.2857142857142857	2	1	1	0.8403	1	0.8403	0.8403	False	0.68	1.99
19	9801646	G	T	ZNF812	Missense_Mutation	25	14	39	0.358974358974359	2	1	1	1.0558	1	1.0558	1.0	True	0.68	1.99
19	10270390	G	A	DNMT1	Silent	94	58	152	0.3815789473684211	2	1	1	1.1223	1	1.1223	1.0	True	0.68	1.99
19	10439719	G	A	RAVER1	Missense_Mutation	75	56	131	0.42748091603053434	2	1	1	1.2573	1	1.2573	1.0	True	0.68	1.99
19	10461542	C	A	TYK2	Missense_Mutation	34	20	54	0.37037037037037035	2	1	1	1.0893	1	1.0893	1.0	True	0.68	1.99
19	10468590	C	T	TYK2	Silent	68	5	73	0.0684931506849315	2	1	1	0.2015	1	0.2015	0.2015	False	0.68	1.99
19	10472580	G	A	TYK2	Nonsense_Mutation	58	28	86	0.32558139534883723	2	1	1	0.9576	1	0.9576	0.9576	True	0.68	1.99
19	10502122	A	G	CDC37	3'UTR	10	5	15	0.3333333333333333	2	1	1	0.9804	1	0.9804	0.9804	True	0.68	1.99
19	10794615	G	A	ILF3	Silent	47	22	69	0.3188405797101449	2	1	1	0.9378	1	0.9378	0.9378	True	0.68	1.99
19	11038331	C	A	YIPF2	Missense_Mutation	37	22	59	0.3728813559322034	2	1	1	1.0967	1	1.0967	1.0	True	0.68	1.99
19	11100101	G	A	SMARCA4	Silent	43	16	59	0.2711864406779661	2	1	1	0.7976	1	0.7976	0.7976	False	0.68	1.99
19	11280900	C	T	KANK2	Missense_Mutation	43	8	51	0.1568627450980392	2	1	1	0.4614	1	0.4614	0.4614	False	0.68	1.99
19	12296931	A	G	ZNF136	Missense_Mutation	70	32	102	0.3137254901960784	2	1	1	0.9227	1	0.9227	0.9227	True	0.68	1.99
19	12936802	C	T	RTBDN	Intron	54	22	76	0.2894736842105263	2	1	1	0.8514	1	0.8514	0.8514	True	0.68	1.99
19	12987090	T	G	DNASE2	Missense_Mutation	108	31	139	0.22302158273381295	2	1	1	0.6559	1	0.6559	0.6559	False	0.68	1.99
19	13008608	A	G	GCDH	Missense_Mutation	113	22	135	0.16296296296296298	2	1	1	0.4793	1	0.4793	0.4793	False	0.68	1.99
19	13063879	C	T	RAD23A	3'UTR	76	4	80	0.05	2	1	1	0.1471	1	0.1471	0.1471	False	0.68	1.99
19	13873959	C	T	CCDC130	3'UTR	22	10	32	0.3125	2	1	1	0.9191	1	0.9191	0.9191	True	0.68	1.99
19	14034390	C	A	CC2D1A	Silent	97	63	160	0.39375	2	1	1	1.1581	1	1.1581	1.0	True	0.68	1.99
19	14046633	G	A	PODNL1	Missense_Mutation	79	43	122	0.3524590163934426	2	1	1	1.0366	1	1.0366	1.0	True	0.68	1.99
19	14581662	G	T	PKN1	Missense_Mutation	56	8	64	0.125	2	1	1	0.3676	1	0.3676	0.3676	False	0.68	1.99
19	15662233	C	T	CYP4F22	Missense_Mutation	79	30	109	0.27522935779816515	2	1	1	0.8095	1	0.8095	0.8095	False	0.68	1.99
19	16000343	C	T	CYP4F2	Missense_Mutation	135	76	211	0.36018957345971564	2	1	1	1.0594	1	1.0594	1.0	True	0.68	1.99
19	16204531	C	T	TPM4	Missense_Mutation	115	22	137	0.16058394160583941	2	1	1	0.4723	1	0.4723	0.4723	False	0.68	1.99
19	16643879	G	A	CHERP	Silent	93	33	126	0.2619047619047619	2	1	1	0.7703	1	0.7703	0.7703	False	0.68	1.99
19	17441949	A	G	ANO8	Missense_Mutation	37	17	54	0.3148148148148148	2	1	1	0.9259	1	0.9259	0.9259	True	0.68	1.99
19	17476302	C	A	PLVAP	Missense_Mutation	28	14	42	0.3333333333333333	2	1	1	0.9804	1	0.9804	0.9804	True	0.68	1.99
19	17598272	G	A	SLC27A1	Missense_Mutation	19	6	25	0.24	2	1	1	0.7059	1	0.7059	0.7059	False	0.68	1.99
19	18256564	C	T	MAST3	Silent	75	9	84	0.10714285714285714	2	1	1	0.3151	1	0.3151	0.3151	False	0.68	1.99
19	18271752	C	T	PIK3R2	Missense_Mutation	104	54	158	0.34177215189873417	2	1	1	1.0052	1	1.0052	1.0	True	0.68	1.99
19	18327598	G	T	PDE4C	Missense_Mutation	52	29	81	0.35802469135802467	2	1	1	1.053	1	1.053	1.0	True	0.68	1.99
19	18724772	C	T	TMEM59L	Nonsense_Mutation	88	46	134	0.34328358208955223	2	1	1	1.0097	1	1.0097	1.0	True	0.68	1.99
19	18778679	G	A	KLHL26	Missense_Mutation	67	8	75	0.10666666666666667	2	1	1	0.3137	1	0.3137	0.3137	False	0.68	1.99
19	18901943	G	A	COMP	Intron	90	6	96	0.0625	2	1	1	0.1838	1	0.1838	0.1838	False	0.68	1.99
19	19039135	G	T	DDX49	3'UTR	34	20	54	0.37037037037037035	2	1	1	1.0893	1	1.0893	1.0	True	0.68	1.99
19	22170076	C	T	ZNF208	Silent	67	31	98	0.3163265306122449	2	1	1	0.9304	1	0.9304	0.9304	True	0.68	1.99
19	31768452	C	T	TSHZ3	Missense_Mutation	46	19	65	0.2923076923076923	2	1	1	0.8597	1	0.8597	0.8597	True	0.68	1.99
19	33133037	C	T	ANKRD27	Missense_Mutation	38	17	55	0.3090909090909091	2	1	1	0.9091	1	0.9091	0.9091	True	0.68	1.99
19	35625531	C	A	LGI4	Silent	38	25	63	0.3968253968253968	2	1	1	1.1671	1	1.1671	1.0	True	0.68	1.99
19	35850478	C	A	FFAR3	Missense_Mutation	473	82	555	0.14774774774774774	2	1	1	0.4346	1	0.4346	0.4346	False	0.68	1.99
19	35851125	G	A	FFAR3	3'UTR	485	96	581	0.16523235800344235	2	1	1	0.486	1	0.486	0.486	False	0.68	1.99
19	36258832	C	A	C19orf55	Missense_Mutation	34	15	49	0.30612244897959184	2	1	1	0.9004	1	0.9004	0.9004	True	0.68	1.99
19	36317405	T	C	NPHS1	3'UTR	72	38	110	0.34545454545454546	2	1	1	1.016	1	1.016	1.0	True	0.68	1.99
19	36339899	C	T	NPHS1	Missense_Mutation	29	11	40	0.275	2	1	1	0.8088	1	0.8088	0.8088	False	0.68	1.99
19	36365714	C	T	APLP1	Silent	33	32	65	0.49230769230769234	2	1	1	1.448	1	1.448	1.0	True	0.68	1.99
19	36577642	G	A	WDR62	Missense_Mutation	45	35	80	0.4375	2	1	1	1.2868	1	1.2868	1.0	True	0.68	1.99
19	38102988	A	C	ZNF540	Missense_Mutation	38	23	61	0.3770491803278688	2	1	1	1.109	1	1.109	1.0	True	0.68	1.99
19	39191761	G	T	ACTN4	Nonsense_Mutation	60	37	97	0.38144329896907214	2	1	1	1.1219	1	1.1219	1.0	True	0.68	1.99
19	39924333	C	T	RPS16	Silent	68	41	109	0.3761467889908257	2	1	1	1.1063	1	1.1063	1.0	True	0.68	1.99
19	40005964	C	A	SELV	Silent	61	43	104	0.41346153846153844	2	1	1	1.2161	1	1.2161	1.0	True	0.68	1.99
19	40903759	C	T	PRX	Missense_Mutation	38	28	66	0.42424242424242425	2	1	1	1.2478	1	1.2478	1.0	True	0.68	1.99
19	40996037	C	T	SPTBN4	Missense_Mutation	139	57	196	0.29081632653061223	2	1	1	0.8553	1	0.8553	0.8553	True	0.68	1.99
19	41009841	G	A	SPTBN4	Silent	83	51	134	0.3805970149253731	2	1	1	1.1194	1	1.1194	1.0	True	0.68	1.99
19	41916832	C	T	BCKDHA	Missense_Mutation	45	27	72	0.375	2	1	1	1.1029	1	1.1029	1.0	True	0.68	1.99
19	42729024	G	A	ZNF526	Missense_Mutation	51	36	87	0.41379310344827586	2	1	1	1.217	1	1.217	1.0	True	0.68	1.99
19	42729835	C	T	ZNF526	Missense_Mutation	43	24	67	0.3582089552238806	2	1	1	1.0536	1	1.0536	1.0	True	0.68	1.99
19	43430029	G	A	PSG7	Missense_Mutation	193	18	211	0.08530805687203792	2	1	1	0.2509	1	0.2509	0.2509	False	0.68	1.99
19	43430081	G	C	PSG7	Missense_Mutation	190	31	221	0.14027149321266968	2	1	1	0.4126	1	0.4126	0.4126	False	0.68	1.99
19	45202432	G	T	CEACAM16	5'UTR	44	25	69	0.36231884057971014	2	1	1	1.0656	1	1.0656	1.0	True	0.68	1.99
19	45296779	T	C	CBLC	Missense_Mutation	76	11	87	0.12643678160919541	2	1	1	0.3719	1	0.3719	0.3719	False	0.68	1.99
19	45540995	C	T	RELB	Missense_Mutation	34	17	51	0.3333333333333333	2	1	1	0.9804	1	0.9804	0.9804	True	0.68	1.99
19	45810799	T	C	CKM	Missense_Mutation	65	40	105	0.38095238095238093	2	1	1	1.1204	1	1.1204	1.0	True	0.68	1.99
19	45858934	C	T	ERCC2	Missense_Mutation	51	32	83	0.3855421686746988	2	1	1	1.1339	1	1.1339	1.0	True	0.68	1.99
19	45923631	C	T	ERCC1	Missense_Mutation	79	30	109	0.27522935779816515	2	1	1	0.8095	1	0.8095	0.8095	False	0.68	1.99
19	46388262	G	A	IRF2BP1	Silent	71	30	101	0.297029702970297	2	1	1	0.8736	1	0.8736	0.8736	True	0.68	1.99
19	47112418	C	T	CALM3	3'UTR	36	5	41	0.12195121951219512	2	1	1	0.3587	1	0.3587	0.3587	False	0.68	1.99
19	47424493	G	T	ARHGAP35	Missense_Mutation	91	58	149	0.38926174496644295	2	1	1	1.1449	1	1.1449	1.0	True	0.68	1.99
19	47880356	G	T	DHX34	Splice_Site	41	16	57	0.2807017543859649	2	1	1	0.8256	1	0.8256	0.8256	False	0.68	1.99
19	47978759	G	A	KPTN	Nonsense_Mutation	47	28	75	0.37333333333333335	2	1	1	1.098	1	1.098	1.0	True	0.68	1.99
19	49564915	G	A	NTF4	Missense_Mutation	77	30	107	0.2803738317757009	2	1	1	0.8246	1	0.8246	0.8246	False	0.68	1.99
19	50002830	C	T	RPS11	Missense_Mutation	170	33	203	0.1625615763546798	2	1	1	0.4781	1	0.4781	0.4781	False	0.68	1.99
19	51274830	G	C	GPR32	Missense_Mutation	72	7	79	0.08860759493670886	2	1	1	0.2606	1	0.2606	0.2606	False	0.68	1.99
19	51361309	G	A	KLK3	Silent	35	4	39	0.10256410256410256	2	1	1	0.3017	1	0.3017	0.3017	False	0.68	1.99
19	52273147	T	C	FPR2	3'UTR	45	26	71	0.36619718309859156	2	1	1	1.0771	1	1.0771	1.0	True	0.68	1.99
19	52448041	G	A	ZNF613	Missense_Mutation	91	12	103	0.11650485436893204	2	1	1	0.3427	1	0.3427	0.3427	False	0.68	1.99
19	52942595	C	A	ZNF534	Missense_Mutation	90	59	149	0.3959731543624161	2	1	1	1.1646	1	1.1646	1.0	True	0.68	1.99
19	53357540	C	A	ZNF468	5'UTR	39	6	45	0.13333333333333333	2	1	1	0.3922	1	0.3922	0.3922	False	0.68	1.99
19	53577451	G	A	ZNF160	Silent	45	26	71	0.36619718309859156	2	1	1	1.0771	1	1.0771	1.0	True	0.68	1.99
19	53854393	G	A	ZNF845	Silent	194	37	231	0.16017316017316016	2	1	1	0.4711	1	0.4711	0.4711	False	0.68	1.99
19	54379371	C	T	MYADM	3'UTR	55	31	86	0.36046511627906974	2	1	1	1.0602	1	1.0602	1.0	True	0.68	1.99
19	54697321	C	T	TSEN34	3'UTR	18	8	26	0.3076923076923077	2	1	1	0.905	1	0.905	0.905	True	0.68	1.99
19	54973314	T	C	LENG9	Missense_Mutation	46	4	50	0.08	2	1	1	0.2353	1	0.2353	0.2353	False	0.68	1.99
19	55247674	C	T	KIR3DL3	3'UTR	5	20	25	0.8	2	1	1	2.3529	1	2.3529	1.0	True	0.68	1.99
19	56190212	C	T	EPN1	Silent	77	36	113	0.3185840707964602	2	1	1	0.937	1	0.937	0.937	True	0.68	1.99
19	56490767	A	C	NLRP8	Missense_Mutation	100	29	129	0.2248062015503876	2	1	1	0.6612	1	0.6612	0.6612	False	0.68	1.99
19	56901741	T	C	ZNF582	Intron	81	41	122	0.3360655737704918	2	1	1	0.9884	1	0.9884	0.9884	True	0.68	1.99
19	57723920	C	T	ZNF264	Silent	84	9	93	0.0967741935483871	2	1	1	0.2846	1	0.2846	0.2846	False	0.68	1.99
19	57967105	C	T	AC004076.9	Missense_Mutation	92	41	133	0.3082706766917293	2	1	1	0.9067	1	0.9067	0.9067	True	0.68	1.99
19	57988936	C	T	ZNF772	5'UTR	15	7	22	0.3181818181818182	2	1	1	0.9358	1	0.9358	0.9358	True	0.68	1.99
19	58361288	T	G	ZNF587	5'UTR	43	7	50	0.14	2	1	1	0.4118	1	0.4118	0.4118	False	0.68	1.99
19	58385384	G	A	ZNF814	Silent	78	36	114	0.3157894736842105	2	1	1	0.9288	1	0.9288	0.9288	True	0.68	1.99
19	58452947	C	A	ZNF256	Missense_Mutation	41	20	61	0.32786885245901637	2	1	1	0.9643	1	0.9643	0.9643	True	0.68	1.99
20	309000	C	T	SOX12	3'UTR	42	11	53	0.20754716981132076	2	1	1	0.6104	1	0.6104	0.6104	False	0.68	1.99
20	1285893	G	A	SNPH	Missense_Mutation	38	22	60	0.36666666666666664	2	1	1	1.0784	1	1.0784	1.0	True	0.68	1.99
20	1617910	G	T	SIRPG	Intron	101	36	137	0.26277372262773724	2	1	1	0.7729	1	0.7729	0.7729	False	0.68	1.99
20	2688601	C	A	EBF4	Silent	64	31	95	0.3263157894736842	2	1	1	0.9598	1	0.9598	0.9598	True	0.68	1.99
20	4162990	C	T	SMOX	Silent	45	11	56	0.19642857142857142	2	1	1	0.5777	1	0.5777	0.5777	False	0.68	1.99
20	5157348	G	A	CDS2	Missense_Mutation	73	12	85	0.1411764705882353	2	1	1	0.4152	1	0.4152	0.4152	False	0.68	1.99
20	5170762	G	T	CDS2	Missense_Mutation	171	93	264	0.3522727272727273	2	1	1	1.0361	1	1.0361	1.0	True	0.68	1.99
20	21687680	C	A	PAX1	Silent	18	7	25	0.28	2	1	1	0.8235	1	0.8235	0.8235	False	0.68	1.99
20	32295627	C	T	PXMP4	Missense_Mutation	92	47	139	0.3381294964028777	2	1	1	0.9945	1	0.9945	0.9945	True	0.68	1.99
20	33508835	C	T	ACSS2	Silent	100	46	146	0.3150684931506849	2	1	1	0.9267	1	0.9267	0.9267	True	0.68	1.99
20	33734703	T	C	EDEM2	Missense_Mutation	95	38	133	0.2857142857142857	2	1	1	0.8403	1	0.8403	0.8403	False	0.68	1.99
20	33862153	G	A	MMP24	Missense_Mutation	53	21	74	0.28378378378378377	2	1	1	0.8347	1	0.8347	0.8347	False	0.68	1.99
20	34022103	A	C	GDF5	Nonsense_Mutation	120	6	126	0.047619047619047616	2	1	1	0.1401	1	0.1401	0.1401	False	0.68	1.99
20	34050180	A	G	CEP250	5'UTR	57	20	77	0.2597402597402597	2	1	1	0.7639	1	0.7639	0.7639	False	0.68	1.99
20	35742484	T	G	MROH8	Missense_Mutation	105	23	128	0.1796875	2	1	1	0.5285	1	0.5285	0.5285	False	0.68	1.99
20	36031660	C	A	SRC	Missense_Mutation	34	17	51	0.3333333333333333	2	1	1	0.9804	1	0.9804	0.9804	True	0.68	1.99
20	37150173	G	A	RALGAPB	Missense_Mutation	67	27	94	0.2872340425531915	2	1	1	0.8448	1	0.8448	0.8448	False	0.68	1.99
20	37357248	T	C	SLC32A1	Missense_Mutation	73	42	115	0.3652173913043478	2	1	1	1.0742	1	1.0742	1.0	True	0.68	1.99
20	37400339	C	A	ACTR5	Missense_Mutation	51	30	81	0.37037037037037035	2	1	1	1.0893	1	1.0893	1.0	True	0.68	1.99
20	40050362	T	C	CHD6	Missense_Mutation	56	32	88	0.36363636363636365	2	1	1	1.0695	1	1.0695	1.0	True	0.68	1.99
20	42089660	G	A	SRSF6	Missense_Mutation	50	15	65	0.23076923076923078	2	1	1	0.6787	1	0.6787	0.6787	False	0.68	1.99
20	43933304	G	A	MATN4	Silent	82	32	114	0.2807017543859649	2	1	1	0.8256	1	0.8256	0.8256	False	0.68	1.99
20	44002582	T	C	TP53TG5	Missense_Mutation	57	17	74	0.22972972972972974	2	1	1	0.6757	1	0.6757	0.6757	False	0.68	1.99
20	44314552	A	G	WFDC10B	Intron	139	36	175	0.2057142857142857	2	1	1	0.605	1	0.605	0.605	False	0.68	1.99
20	44527103	C	G	CTSA	3'UTR	22	6	28	0.21428571428571427	2	1	1	0.6303	1	0.6303	0.6303	False	0.68	1.99
20	44669254	G	A	SLC12A5	Splice_Site	87	37	124	0.29838709677419356	2	1	1	0.8776	1	0.8776	0.8776	True	0.68	1.99
20	44985273	A	G	SLC35C2	Missense_Mutation	168	17	185	0.0918918918918919	2	1	1	0.2703	1	0.2703	0.2703	False	0.68	1.99
20	45169921	G	A	OCSTAMP	Missense_Mutation	163	38	201	0.1890547263681592	2	1	1	0.556	1	0.556	0.556	False	0.68	1.99
20	47990229	T	C	KCNB1	Missense_Mutation	49	26	75	0.3466666666666667	2	1	1	1.0196	1	1.0196	1.0	True	0.68	1.99
20	49577578	C	T	MOCS3	3'UTR	49	17	66	0.25757575757575757	2	1	1	0.7576	1	0.7576	0.7576	False	0.68	1.99
20	49620597	C	T	KCNG1	Silent	92	11	103	0.10679611650485436	2	1	1	0.3141	1	0.3141	0.3141	False	0.68	1.99
20	50048960	C	T	NFATC2	Missense_Mutation	32	18	50	0.36	2	1	1	1.0588	1	1.0588	1.0	True	0.68	1.99
20	50346509	T	A	ATP9A	Missense_Mutation	40	7	47	0.14893617021276595	2	1	1	0.438	1	0.438	0.438	False	0.68	1.99
20	57767352	C	T	ZNF831	Silent	89	30	119	0.25210084033613445	2	1	1	0.7415	1	0.7415	0.7415	False	0.68	1.99
20	58567469	C	T	CDH26	Silent	20	8	28	0.2857142857142857	2	1	1	0.8403	1	0.8403	0.8403	False	0.68	1.99
20	60348061	G	A	CDH4	Silent	44	18	62	0.2903225806451613	2	1	1	0.8539	1	0.8539	0.8539	True	0.68	1.99
20	60734000	T	A	SS18L1	Intron	6	3	9	0.3333333333333333	2	1	1	0.9804	1	0.9804	0.9804	True	0.68	1.99
20	60883521	A	T	ADRM1	Missense_Mutation	171	18	189	0.09523809523809523	2	1	1	0.2801	1	0.2801	0.2801	False	0.68	1.99
20	61525233	T	C	DIDO1	Silent	23	15	38	0.39473684210526316	2	1	1	1.161	1	1.161	1.0	True	0.68	1.99
20	62190548	G	C	HELZ2	3'Flank	22	6	28	0.21428571428571427	2	1	1	0.6303	1	0.6303	0.6303	False	0.68	1.99
20	62200195	T	C	HELZ2	Missense_Mutation	30	20	50	0.4	2	1	1	1.1765	1	1.1765	1.0	True	0.68	1.99
20	62324609	C	T	RTEL1	Missense_Mutation	31	17	48	0.3541666666666667	2	1	1	1.0417	1	1.0417	1.0	True	0.68	1.99
21	15872908	C	A	SAMSN1	Missense_Mutation	22	21	43	0.4883720930232558	1	1	0	0.948	1	0.948	0.948	True	0.68	1.99
21	28214271	C	A	ADAMTS1	Missense_Mutation	67	5	72	0.06944444444444445	1	1	0	0.1348	1	0.1348	0.1348	False	0.68	1.99
21	31964994	A	T	KRTAP6-3	Missense_Mutation	95	8	103	0.07766990291262135	1	1	0	0.1508	1	0.1508	0.1508	False	0.68	1.99
21	32582481	G	A	TIAM1	Silent	23	23	46	0.5	1	1	0	0.9706	1	0.9706	0.9706	True	0.68	1.99
21	33044195	G	A	SCAF4	Silent	48	35	83	0.42168674698795183	1	1	0	0.8186	1	0.8186	0.8186	False	0.68	1.99
21	34165954	C	A	C21orf62	3'UTR	13	17	30	0.5666666666666667	1	1	0	1.1	1	1.1	1.0	True	0.68	1.99
21	34444365	G	A	OLIG1	3'UTR	12	17	29	0.5862068965517241	1	1	0	1.1379	1	1.1379	1.0	True	0.68	1.99
21	35247757	C	T	ITSN1	Missense_Mutation	26	29	55	0.5272727272727272	1	1	0	1.0235	1	1.0235	1.0	True	0.68	1.99
21	38610790	T	C	DSCR3	Missense_Mutation	21	19	40	0.475	1	1	0	0.9221	1	0.9221	0.9221	True	0.68	1.99
21	43732185	G	T	TFF3	3'UTR	33	6	39	0.15384615384615385	1	1	0	0.2986	1	0.2986	0.2986	False	0.68	1.99
21	47734643	A	G	C21orf58	Missense_Mutation	84	7	91	0.07692307692307693	1	1	0	0.1493	1	0.1493	0.1493	False	0.68	1.99
22	16449042	T	C	OR11H1	Missense_Mutation	199	112	311	0.36012861736334406	2	1	1	1.0592	1	1.0592	1.0	True	0.68	1.99
22	18324677	C	A	MICAL3	Missense_Mutation	38	4	42	0.09523809523809523	2	1	1	0.2801	1	0.2801	0.2801	False	0.68	1.99
22	19026248	G	A	DGCR2	3'UTR	26	17	43	0.3953488372093023	2	1	1	1.1628	1	1.1628	1.0	True	0.68	1.99
22	19118824	C	T	TSSK2	5'UTR	40	28	68	0.4117647058823529	2	1	1	1.2111	1	1.2111	1.0	True	0.68	1.99
22	22280023	G	A	PPM1F	Missense_Mutation	30	9	39	0.23076923076923078	2	1	1	0.6787	1	0.6787	0.6787	False	0.68	1.99
22	23101571	G	A	IGLV2-14	Silent	150	64	214	0.29906542056074764	2	1	1	0.8796	1	0.8796	0.8796	True	0.68	1.99
22	24219942	C	T	SLC2A11	Silent	75	24	99	0.24242424242424243	2	1	1	0.713	1	0.713	0.713	False	0.68	1.99
22	28379104	C	T	TTC28	Missense_Mutation	75	21	96	0.21875	2	1	1	0.6434	1	0.6434	0.6434	False	0.68	1.99
22	29439321	C	T	ZNRF3	Missense_Mutation	53	21	74	0.28378378378378377	2	1	1	0.8347	1	0.8347	0.8347	False	0.68	1.99
22	29708063	T	C	GAS2L1	3'UTR	73	20	93	0.21505376344086022	2	1	1	0.6325	1	0.6325	0.6325	False	0.68	1.99
22	30032838	A	G	NF2	Silent	71	36	107	0.3364485981308411	2	1	1	0.9896	1	0.9896	0.9896	True	0.68	1.99
22	30198069	G	A	ASCC2	Silent	68	45	113	0.39823008849557523	2	1	1	1.1713	1	1.1713	1.0	True	0.68	1.99
22	31838050	G	A	EIF4ENIF1	Missense_Mutation	157	17	174	0.09770114942528736	2	1	1	0.2874	1	0.2874	0.2874	False	0.68	1.99
22	31971228	C	T	SFI1	Nonsense_Mutation	53	24	77	0.3116883116883117	2	1	1	0.9167	1	0.9167	0.9167	True	0.68	1.99
22	32017125	G	A	PISD	Missense_Mutation	67	47	114	0.41228070175438597	2	1	1	1.2126	1	1.2126	1.0	True	0.68	1.99
22	32200841	G	A	DEPDC5	Missense_Mutation	44	31	75	0.41333333333333333	2	1	1	1.2157	1	1.2157	1.0	True	0.68	1.99
22	32853344	C	A	BPIFC	Missense_Mutation	77	50	127	0.3937007874015748	2	1	1	1.1579	1	1.1579	1.0	True	0.68	1.99
22	32894262	C	T	FBXO7	Silent	106	52	158	0.3291139240506329	2	1	1	0.968	1	0.968	0.968	True	0.68	1.99
22	33828156	A	G	LARGE	Missense_Mutation	56	29	85	0.3411764705882353	2	1	1	1.0035	1	1.0035	1.0	True	0.68	1.99
22	33960854	G	A	LARGE	Missense_Mutation	83	46	129	0.35658914728682173	2	1	1	1.0488	1	1.0488	1.0	True	0.68	1.99
22	36055607	G	A	APOL6	Silent	51	41	92	0.44565217391304346	2	1	1	1.3107	1	1.3107	1.0	True	0.68	1.99
22	36701091	C	T	MYH9	Silent	65	22	87	0.25287356321839083	2	1	1	0.7437	1	0.7437	0.7437	False	0.68	1.99
22	37425265	C	T	MPST	Missense_Mutation	62	25	87	0.28735632183908044	2	1	1	0.8452	1	0.8452	0.8452	False	0.68	1.99
22	38028845	C	T	GGA1	3'UTR	20	14	34	0.4117647058823529	2	1	1	1.2111	1	1.2111	1.0	True	0.68	1.99
22	38121460	G	T	TRIOBP	Missense_Mutation	41	8	49	0.16326530612244897	2	1	1	0.4802	1	0.4802	0.4802	False	0.68	1.99
22	38525547	T	G	PLA2G6	Missense_Mutation	133	60	193	0.31088082901554404	2	1	1	0.9144	1	0.9144	0.9144	True	0.68	1.99
22	39813797	G	T	TAB1	Missense_Mutation	92	33	125	0.264	2	1	1	0.7765	1	0.7765	0.7765	False	0.68	1.99
22	40719225	G	T	TNRC6B	Nonsense_Mutation	15	6	21	0.2857142857142857	2	1	1	0.8403	1	0.8403	0.8403	False	0.68	1.99
22	40798182	G	A	SGSM3	Missense_Mutation	156	8	164	0.04878048780487805	2	1	1	0.1435	1	0.1435	0.1435	False	0.68	1.99
22	42057350	C	T	XRCC6	Missense_Mutation	30	24	54	0.4444444444444444	2	1	1	1.3072	1	1.3072	1.0	True	0.68	1.99
22	42392902	G	A	SEPT3	Intron	32	15	47	0.3191489361702128	2	1	1	0.9387	1	0.9387	0.9387	True	0.68	1.99
22	46658009	G	A	PKDREJ	Missense_Mutation	78	19	97	0.1958762886597938	2	1	1	0.5761	1	0.5761	0.5761	False	0.68	1.99
22	50170744	C	T	BRD1	Missense_Mutation	90	46	136	0.3382352941176471	2	1	1	0.9948	1	0.9948	0.9948	True	0.68	1.99
22	50191477	G	A	BRD1	Missense_Mutation	25	7	32	0.21875	2	1	1	0.6434	1	0.6434	0.6434	False	0.68	1.99
22	50728947	G	T	PLXNB2	Missense_Mutation	85	15	100	0.15	2	1	1	0.4412	1	0.4412	0.4412	False	0.68	1.99
22	50897721	C	T	SBF1	Silent	150	73	223	0.3273542600896861	2	1	1	0.9628	1	0.9628	0.9628	True	0.68	1.99
22	51064042	C	T	ARSA	Missense_Mutation	94	44	138	0.3188405797101449	2	1	1	0.9378	1	0.9378	0.9378	True	0.68	1.99
22	51160785	G	A	SHANK3	Silent	127	61	188	0.324468085106383	2	1	1	0.9543	1	0.9543	0.9543	True	0.68	1.99
X	591733	C	T	SHOX	Missense_Mutation	270	146	416	0.35096153846153844	2	1	1	1.0322	1	1.0322	1.0	True	0.68	1.99
X	1317674	A	G	CRLF2	Intron	72	14	86	0.16279069767441862	2	1	1	0.4788	1	0.4788	0.4788	False	0.68	1.99
X	2408656	G	A	ZBED1	Silent	190	49	239	0.20502092050209206	2	1	1	0.603	1	0.603	0.603	False	0.68	1.99
X	2873545	G	A	ARSE	Silent	198	44	242	0.18181818181818182	2	1	1	0.5348	1	0.5348	0.5348	False	0.68	1.99
X	7177656	C	A	STS	Missense_Mutation	90	48	138	0.34782608695652173	2	1	1	1.023	1	1.023	1.0	True	0.68	1.99
X	8507758	C	T	KAL1	Missense_Mutation	275	171	446	0.3834080717488789	2	1	1	1.1277	1	1.1277	1.0	True	0.68	1.99
X	10181861	G	A	CLCN4	Missense_Mutation	131	63	194	0.3247422680412371	2	1	1	0.9551	1	0.9551	0.9551	True	0.68	1.99
X	15415641	G	A	PIR	Missense_Mutation	115	47	162	0.29012345679012347	2	1	1	0.8533	1	0.8533	0.8533	True	0.68	1.99
X	22051057	C	T	PHEX	5'UTR	51	29	80	0.3625	2	1	1	1.0662	1	1.0662	1.0	True	0.68	1.99
X	27765568	C	T	DCAF8L2	Missense_Mutation	240	30	270	0.1111111111111111	2	1	1	0.3268	1	0.3268	0.3268	False	0.68	1.99
X	34150286	C	T	FAM47A	Missense_Mutation	240	131	371	0.353099730458221	2	1	1	1.0385	1	1.0385	1.0	True	0.68	1.99
X	34961431	C	T	FAM47B	Silent	129	31	160	0.19375	2	1	1	0.5699	1	0.5699	0.5699	False	0.68	1.99
X	46884301	G	T	JADE3	Missense_Mutation	87	29	116	0.25	2	1	1	0.7353	1	0.7353	0.7353	False	0.68	1.99
X	47270086	C	T	ZNF157	Silent	237	104	341	0.30498533724340177	2	1	1	0.897	1	0.897	0.897	True	0.68	1.99
X	48419268	C	T	TBC1D25	Missense_Mutation	55	28	83	0.3373493975903614	2	1	1	0.9922	1	0.9922	0.9922	True	0.68	1.99
X	48665091	C	T	HDAC6	Missense_Mutation	25	7	32	0.21875	2	1	1	0.6434	1	0.6434	0.6434	False	0.68	1.99
X	48687893	C	T	ERAS	Silent	106	51	157	0.3248407643312102	2	1	1	0.9554	1	0.9554	0.9554	True	0.68	1.99
X	49107832	C	A	FOXP3	Missense_Mutation	108	12	120	0.1	2	1	1	0.2941	1	0.2941	0.2941	False	0.68	1.99
X	49110466	T	C	FOXP3	Silent	78	6	84	0.07142857142857142	2	1	1	0.2101	1	0.2101	0.2101	False	0.68	1.99
X	49142945	C	T	PPP1R3F	Missense_Mutation	67	27	94	0.2872340425531915	2	1	1	0.8448	1	0.8448	0.8448	False	0.68	1.99
X	49595680	G	A	PAGE4	Silent	91	48	139	0.34532374100719426	2	1	1	1.0157	1	1.0157	1.0	True	0.68	1.99
X	52679406	C	T	SSX7	Silent	463	211	674	0.31305637982195844	2	1	1	0.9208	1	0.9208	0.9208	True	0.68	1.99
X	53575207	G	A	HUWE1	Missense_Mutation	84	36	120	0.3	2	1	1	0.8824	1	0.8824	0.8824	True	0.68	1.99
X	54785156	G	A	ITIH6	Missense_Mutation	122	43	165	0.2606060606060606	2	1	1	0.7665	1	0.7665	0.7665	False	0.68	1.99
X	54817470	C	T	ITIH6	Missense_Mutation	164	22	186	0.11827956989247312	2	1	1	0.3479	1	0.3479	0.3479	False	0.68	1.99
X	54817486	T	C	ITIH6	Missense_Mutation	157	17	174	0.09770114942528736	2	1	1	0.2874	1	0.2874	0.2874	False	0.68	1.99
X	54954149	T	A	TRO	Missense_Mutation	82	52	134	0.3880597014925373	2	1	1	1.1414	1	1.1414	1.0	True	0.68	1.99
X	55041244	C	T	ALAS2	Missense_Mutation	66	33	99	0.3333333333333333	2	1	1	0.9804	1	0.9804	0.9804	True	0.68	1.99
X	55057399	C	T	ALAS2	5'UTR	54	34	88	0.38636363636363635	2	1	1	1.1364	1	1.1364	1.0	True	0.68	1.99
X	55651085	C	T	FOXR2	3'UTR	123	58	181	0.32044198895027626	2	1	1	0.9425	1	0.9425	0.9425	True	0.68	1.99
X	66765966	C	T	AR	Silent	104	15	119	0.12605042016806722	2	1	1	0.3707	1	0.3707	0.3707	False	0.68	1.99
X	69672602	C	T	DLG3	Intron	58	19	77	0.24675324675324675	2	1	1	0.7257	1	0.7257	0.7257	False	0.68	1.99
X	70145724	C	T	SLC7A3	Missense_Mutation	150	56	206	0.27184466019417475	2	1	1	0.7995	1	0.7995	0.7995	False	0.68	1.99
X	70367626	G	A	NLGN3	Silent	81	29	110	0.2636363636363636	2	1	1	0.7754	1	0.7754	0.7754	False	0.68	1.99
X	70514146	C	T	NONO	Missense_Mutation	101	52	153	0.33986928104575165	2	1	1	0.9996	1	0.9996	0.9996	True	0.68	1.99
X	70823742	C	T	ACRC	Silent	193	116	309	0.37540453074433655	2	1	1	1.1041	1	1.1041	1.0	True	0.68	1.99
X	73751203	G	A	SLC16A2	Missense_Mutation	83	35	118	0.2966101694915254	2	1	1	0.8724	1	0.8724	0.8724	True	0.68	1.99
X	78011061	G	A	LPAR4	Missense_Mutation	59	27	86	0.313953488372093	2	1	1	0.9234	1	0.9234	0.9234	True	0.68	1.99
X	79277847	C	A	TBX22	Missense_Mutation	146	9	155	0.05806451612903226	2	1	1	0.1708	1	0.1708	0.1708	False	0.68	1.99
X	79699087	A	G	FAM46D	Missense_Mutation	66	41	107	0.38317757009345793	2	1	1	1.127	1	1.127	1.0	True	0.68	1.99
X	91090570	G	A	PCDH11X	Missense_Mutation	498	15	513	0.029239766081871343	2	1	1	0.086	1	0.086	0.086	False	0.68	1.99
X	91642812	G	A	PCDH11X	Missense_Mutation	494	248	742	0.33423180592991913	2	1	1	0.983	1	0.983	0.983	True	0.68	1.99
X	92966933	C	A	FAM133A	3'UTR	84	60	144	0.4166666666666667	2	1	1	1.2255	1	1.2255	1.0	True	0.68	1.99
X	96139929	G	A	RPA4	Missense_Mutation	55	30	85	0.35294117647058826	2	1	1	1.0381	1	1.0381	1.0	True	0.68	1.99
X	100400126	G	A	CENPI	Missense_Mutation	92	24	116	0.20689655172413793	2	1	1	0.6085	1	0.6085	0.6085	False	0.68	1.99
X	101970890	A	G	GPRASP2	Missense_Mutation	153	8	161	0.049689440993788817	2	1	1	0.1461	1	0.1461	0.1461	False	0.68	1.99
X	102755379	G	A	RAB40A	Silent	226	112	338	0.33136094674556216	2	1	1	0.9746	1	0.9746	0.9746	True	0.68	1.99
X	103080278	C	A	RAB9B	Missense_Mutation	103	72	175	0.4114285714285714	2	1	1	1.2101	1	1.2101	1.0	True	0.68	1.99
X	106840785	G	T	FRMPD3	Missense_Mutation	83	38	121	0.3140495867768595	2	1	1	0.9237	1	0.9237	0.9237	True	0.68	1.99
X	107979506	C	T	IRS4	Silent	90	8	98	0.08163265306122448	2	1	1	0.2401	1	0.2401	0.2401	False	0.68	1.99
X	108867794	G	A	KCNE1L	3'UTR	23	7	30	0.23333333333333334	2	1	1	0.6863	1	0.6863	0.6863	False	0.68	1.99
X	108867968	C	T	KCNE1L	Silent	53	23	76	0.3026315789473684	2	1	1	0.8901	1	0.8901	0.8901	True	0.68	1.99
X	119496076	G	A	ATP1B4	Missense_Mutation	77	24	101	0.2376237623762376	2	1	1	0.6989	1	0.6989	0.6989	False	0.68	1.99
X	120181769	C	T	GLUD2	Silent	188	101	289	0.3494809688581315	2	1	1	1.0279	1	1.0279	1.0	True	0.68	1.99
X	122459909	G	A	GRIA3	Missense_Mutation	140	73	213	0.3427230046948357	2	1	1	1.008	1	1.008	1.0	True	0.68	1.99
X	122532510	C	T	GRIA3	Silent	108	33	141	0.23404255319148937	2	1	1	0.6884	1	0.6884	0.6884	False	0.68	1.99
X	123190006	G	T	STAG2	Missense_Mutation	40	15	55	0.2727272727272727	2	1	1	0.8021	1	0.8021	0.8021	False	0.68	1.99
X	125954644	T	A	CXorf64	Missense_Mutation	65	45	110	0.4090909090909091	2	1	1	1.2032	1	1.2032	1.0	True	0.68	1.99
X	128642026	G	A	SMARCA1	Silent	127	6	133	0.045112781954887216	2	1	1	0.1327	1	0.1327	0.1327	False	0.68	1.99
X	128927617	G	A	SASH3	Splice_Site	127	58	185	0.31351351351351353	2	1	1	0.9221	1	0.9221	0.9221	True	0.68	1.99
X	129147515	C	T	BCORL1	Missense_Mutation	94	34	128	0.265625	2	1	1	0.7812	1	0.7812	0.7812	False	0.68	1.99
X	129148636	C	T	BCORL1	Missense_Mutation	42	21	63	0.3333333333333333	2	1	1	0.9804	1	0.9804	0.9804	True	0.68	1.99
X	129200741	T	C	ELF4	Silent	55	32	87	0.367816091954023	2	1	1	1.0818	1	1.0818	1.0	True	0.68	1.99
X	129629281	C	T	RP1-274L7.1	Intron	209	45	254	0.17716535433070865	2	1	1	0.5211	1	0.5211	0.5211	False	0.68	1.99
X	134185842	G	A	FAM127B	Silent	196	76	272	0.27941176470588236	2	1	1	0.8218	1	0.8218	0.8218	False	0.68	1.99
X	134680346	C	A	DDX26B	Silent	135	35	170	0.20588235294117646	2	1	1	0.6055	1	0.6055	0.6055	False	0.68	1.99
X	135313913	C	T	MAP7D3	Silent	85	41	126	0.3253968253968254	2	1	1	0.957	1	0.957	0.957	True	0.68	1.99
X	135956336	G	A	RBMX	Nonsense_Mutation	372	112	484	0.23140495867768596	2	1	1	0.6806	1	0.6806	0.6806	False	0.68	1.99
X	139038480	G	A	CXorf66	Missense_Mutation	145	53	198	0.2676767676767677	2	1	1	0.7873	1	0.7873	0.7873	False	0.68	1.99
X	139865753	C	A	CDR1	Missense_Mutation	195	50	245	0.20408163265306123	2	1	1	0.6002	1	0.6002	0.6002	False	0.68	1.99
X	140992783	G	A	MAGEC1	5'UTR	79	36	115	0.3130434782608696	2	1	1	0.9207	1	0.9207	0.9207	True	0.68	1.99
X	142718949	T	C	SLITRK4	5'UTR	51	23	74	0.3108108108108108	2	1	1	0.9141	1	0.9141	0.9141	True	0.68	1.99
X	144905424	C	A	SLITRK2	Missense_Mutation	60	29	89	0.3258426966292135	2	1	1	0.9584	1	0.9584	0.9584	True	0.68	1.99
X	145075860	G	T	MIR890	RNA	88	28	116	0.2413793103448276	2	1	1	0.7099	1	0.7099	0.7099	False	0.68	1.99
X	147026456	G	A	FMR1	Nonsense_Mutation	160	29	189	0.15343915343915343	2	1	1	0.4513	1	0.4513	0.4513	False	0.68	1.99
X	147743718	C	A	AFF2	Missense_Mutation	101	55	156	0.3525641025641026	2	1	1	1.037	1	1.037	1.0	True	0.68	1.99
X	148035195	G	A	AFF2	Missense_Mutation	175	83	258	0.32170542635658916	2	1	1	0.9462	1	0.9462	0.9462	True	0.68	1.99
X	149106835	C	T	CXorf40B	5'UTR	23	6	29	0.20689655172413793	2	1	1	0.6085	1	0.6085	0.6085	False	0.68	1.99
X	149931175	C	T	MTMR1	Silent	114	7	121	0.05785123966942149	2	1	1	0.1702	1	0.1702	0.1702	False	0.68	1.99
X	151909300	C	T	CSAG1	3'UTR	174	91	265	0.3433962264150943	2	1	1	1.01	1	1.01	1.0	True	0.68	1.99
X	152770762	T	C	BGN	Missense_Mutation	102	45	147	0.30612244897959184	2	1	1	0.9004	1	0.9004	0.9004	True	0.68	1.99
X	152959380	G	A	SLC6A8	Missense_Mutation	63	25	88	0.2840909090909091	2	1	1	0.8356	1	0.8356	0.8356	False	0.68	1.99
X	153040503	G	A	PLXNB3	Missense_Mutation	93	55	148	0.3716216216216216	2	1	1	1.093	1	1.093	1.0	True	0.68	1.99
X	153043402	G	A	PLXNB3	Splice_Site	102	75	177	0.423728813559322	2	1	1	1.2463	1	1.2463	1.0	True	0.68	1.99
X	153055685	C	T	IDH3G	Silent	120	31	151	0.2052980132450331	2	1	1	0.6038	1	0.6038	0.6038	False	0.68	1.99
X	153224175	C	T	HCFC1	Missense_Mutation	119	61	180	0.3388888888888889	2	1	1	0.9967	1	0.9967	0.9967	True	0.68	1.99
X	153578524	T	C	FLNA	Missense_Mutation	107	47	154	0.3051948051948052	2	1	1	0.8976	1	0.8976	0.8976	True	0.68	1.99
X	153589789	G	A	FLNA	Missense_Mutation	142	21	163	0.12883435582822086	2	1	1	0.3789	1	0.3789	0.3789	False	0.68	1.99
X	153944388	G	A	GAB3	Silent	170	28	198	0.1414141414141414	2	1	1	0.4159	1	0.4159	0.4159	False	0.68	1.99
X	154013399	G	A	MPP1	Silent	56	9	65	0.13846153846153847	2	1	1	0.4072	1	0.4072	0.4072	False	0.68	1.99
