chr	start	end	WT.count	mut.count	subclonal.CN	nMaj1	nMin1	frac1	nMaj2	nMin2	frac2	phase	mutation.copy.number	subclonal.fraction	no.chrs.bearing.mut
1	1248218	1248219	39	12	2.52	2	2	0.26	1	1	0.74	unphased	1.1681045751634	1.1681045751634	1
1	1255873	1255874	148	32	2.52	2	2	0.26	1	1	0.74	unphased	0.882567901234568	0.882567901234568	1
1	1267221	1267222	60	8	2.52	2	2	0.26	1	1	0.74	unphased	0.584052287581699	0.584052287581699	1
1	1961532	1961533	43	15	2.52	2	2	0.26	1	1	0.74	unphased	1.28390804597701	1.28390804597701	1
1	2121095	2121096	12	6	2.52	2	2	0.26	1	1	0.74	unphased	1.65481481481481	1.65481481481481	1
1	2303978	2303979	55	5	2.52	2	2	0.26	1	1	0.74	unphased	0.413703703703704	0.413703703703704	1
1	2430188	2430189	21	13	2.52	2	2	0.26	1	1	0.74	unphased	1.89816993464052	1.50648407511153	1.26
1	2452730	2452731	140	36	2.52	2	2	0.26	1	1	0.74	unphased	1.01545454545455	1.01545454545455	1
1	2525343	2525344	36	16	2.52	2	2	0.26	1	1	0.74	unphased	1.52752136752137	1.21231854565188	1.26
1	3638722	3638723	40	20	2.52	2	2	0.26	1	1	0.74	unphased	1.65481481481481	1.31334509112287	1.26
1	3662276	3662277	22	4	2.52	2	2	0.26	1	1	0.74	unphased	0.763760683760684	0.763760683760684	1
1	3807189	3807190	55	18	2.52	2	2	0.26	1	1	0.74	unphased	1.2241095890411	1.2241095890411	1
1	6147534	6147535	66	32	2.52	2	2	0.26	1	1	0.74	unphased	1.62104308390023	1.28654213007954	1.26
1	6158654	6158655	16	6	2.52	2	2	0.26	1	1	0.74	unphased	1.35393939393939	1.35393939393939	1
1	6246781	6246782	26	8	2.52	2	2	0.26	1	1	0.74	unphased	1.1681045751634	1.1681045751634	1
1	6304609	6304610	17	17	2.52	2	2	0.26	1	1	0.74	unphased	2.48222222222222	1.9700176366843	1.26
1	6520298	6520299	14	4	2.52	2	2	0.26	1	1	0.74	unphased	1.10320987654321	1.10320987654321	1
1	7846895	7846896	66	14	5.25	4	2	0.85	0	1	0.15	unphased	1.34652777777778	1.34652777777778	1
1	8074321	8074322	157	33	2.46	2	2	0.23	1	1	0.77	unphased	0.851824561403509	0.851824561403509	1
1	8075742	8075743	23	13	2.46	2	2	0.23	1	1	0.77	unphased	1.77104938271605	1.43987754692362	1.23
1	11009695	11009696	14	3	2.46	2	2	0.23	1	1	0.77	unphased	0.865490196078431	0.865490196078431	1
1	11333495	11333496	15	4	2.46	2	2	0.23	1	1	0.77	unphased	1.03251461988304	1.03251461988304	1
1	11333969	11333970	51	21	2.46	2	2	0.23	1	1	0.77	unphased	1.43046296296296	1.16297801866908	1.23
1	11586707	11586708	248	98	2.46	2	2	0.23	1	1	0.77	unphased	1.38912010276172	1.12936593720465	1.23
1	11589657	11589658	71	29	2.46	2	2	0.23	1	1	0.77	unphased	1.42228888888889	1.15633242999097	1.23
1	11918482	11918483	33	20	2.46	2	2	0.23	1	1	0.77	unphased	1.85073375262055	1.50466158749638	1.23
1	12939820	12939821	103	17	2.46	2	2	0.23	1	1	0.77	unphased	0.694796296296296	0.694796296296296	1
1	16255018	16255019	79	30	2.46	2	2	0.23	1	1	0.77	unphased	1.34984709480122	1.09743666244002	1.23
1	16461535	16461536	304	34	2.46	2	2	0.23	1	1	0.77	unphased	0.493346482577252	0.493346482577252	1
1	17249171	17249172	279	46	2.46	2	2	0.23	1	1	0.77	unphased	0.694167521367521	0.694167521367521	1
1	17256925	17256926	95	20	2.46	2	2	0.23	1	1	0.77	unphased	0.852946859903382	0.852946859903382	1
1	17257834	17257835	161	28	2.46	2	2	0.23	1	1	0.77	unphased	0.726584362139918	0.726584362139918	1
1	17274884	17274885	14	5	2.46	2	2	0.23	1	1	0.77	unphased	1.2906432748538	1.2906432748538	1
1	17322922	17322923	72	10	2.46	2	2	0.23	1	1	0.77	unphased	0.59810298102981	0.59810298102981	1
1	17550869	17550870	15	10	2.46	2	2	0.23	1	1	0.77	unphased	1.96177777777778	1.59494128274616	1.23
1	17682573	17682574	38	14	2.46	2	2	0.23	1	1	0.77	unphased	1.32042735042735	1.32042735042735	1
1	19166998	19166999	31	17	2.46	2	2	0.23	1	1	0.77	unphased	1.73699074074074	1.41218759409816	1.23
1	19630865	19630866	141	25	2.46	2	2	0.23	1	1	0.77	unphased	0.738621151271754	0.738621151271754	1
1	20249183	20249184	82	28	2.46	2	2	0.23	1	1	0.77	unphased	1.24840404040404	1.24840404040404	1
1	20987920	20987921	9	5	2.46	2	2	0.23	1	1	0.77	unphased	1.7515873015873	1.7515873015873	1
1	22148685	22148686	33	20	2.46	2	2	0.23	1	1	0.77	unphased	1.85073375262055	1.50466158749638	1.23
1	22178155	22178156	107	36	2.46	2	2	0.23	1	1	0.77	unphased	1.23468531468531	1.23468531468531	1
1	22336324	22336325	69	20	2.46	2	2	0.23	1	1	0.77	unphased	1.10212234706617	1.10212234706617	1
1	22848955	22848956	101	28	2.46	2	2	0.23	1	1	0.77	unphased	1.06453057708872	1.06453057708872	1
1	23689526	23689527	121	46	2.46	2	2	0.23	1	1	0.77	unphased	1.3509248170326	1.0983128593761	1.23
1	23761030	23761031	50	9	2.46	2	2	0.23	1	1	0.77	unphased	0.748135593220339	0.748135593220339	1
1	24771673	24771674	35	13	2.46	2	2	0.23	1	1	0.77	unphased	1.32828703703704	1.32828703703704	1
1	26349468	26349469	70	11	2.46	2	2	0.23	1	1	0.77	unphased	0.666035665294924	0.666035665294924	1
1	27223871	27223872	192	89	2.46	2	2	0.23	1	1	0.77	unphased	1.55336496638988	1.26289834665844	1.23
1	27278350	27278351	72	24	2.46	2	2	0.23	1	1	0.77	unphased	1.22611111111111	1.22611111111111	1
1	27878267	27878268	241	106	2.46	2	2	0.23	1	1	0.77	unphased	1.49818764008966	1.21803873178021	1.23
1	28203186	28203187	64	31	2.46	2	2	0.23	1	1	0.77	unphased	1.60039766081871	1.30113630960871	1.23
1	28208807	28208808	27	5	2.46	2	2	0.23	1	1	0.77	unphased	0.766319444444444	0.766319444444444	1
1	29475145	29475146	281	118	2.46	2	2	0.23	1	1	0.77	unphased	1.45043720412141	1.1792172391231	1.23
1	29638196	29638197	125	49	2.46	2	2	0.23	1	1	0.77	unphased	1.38113665389527	1.12287532837014	1.23
1	32049134	32049135	30	6	2.46	2	2	0.23	1	1	0.77	unphased	0.817407407407407	0.817407407407407	1
1	33330182	33330183	29	6	2.46	2	2	0.23	1	1	0.77	unphased	0.840761904761905	0.840761904761905	1
1	33646643	33646644	12	10	2.46	2	2	0.23	1	1	0.77	unphased	2.22929292929293	1.81243327584791	1.23
1	38034691	38034692	63	25	2.42	2	2	0.21	1	1	0.79	unphased	1.38194444444444	1.1421028466483	1.21
1	38079495	38079496	76	17	2.42	2	2	0.21	1	1	0.79	unphased	0.889199522102748	0.889199522102748	1
1	39878132	39878133	51	22	2.42	2	2	0.21	1	1	0.79	unphased	1.46599695585997	1.21156773211568	1.21
1	40432550	40432551	139	20	2.42	2	2	0.21	1	1	0.79	unphased	0.611879804332634	0.611879804332634	1
1	40713881	40713882	85	30	2.42	2	2	0.21	1	1	0.79	unphased	1.26898550724638	1.26898550724638	1
1	41284299	41284300	21	6	2.42	2	2	0.21	1	1	0.79	unphased	1.08098765432099	1.08098765432099	1
1	43220834	43220835	42	14	2.42	2	2	0.21	1	1	0.79	unphased	1.21611111111111	1.21611111111111	1
1	43233247	43233248	23	12	2.42	2	2	0.21	1	1	0.79	unphased	1.66780952380952	1.37835497835498	1.21
1	44137427	44137428	99	53	2.28	2	2	0.14	1	1	0.86	unphased	1.64733918128655	1.44503436954961	1.14
1	44303887	44303888	300	26	2.28	2	2	0.14	1	1	0.86	unphased	0.376796182685753	0.376796182685753	1
1	44415551	44415552	16	7	2.28	2	2	0.14	1	1	0.86	unphased	1.43787439613527	1.43787439613527	1
1	44450676	44450677	32	3	2.28	2	2	0.14	1	1	0.86	unphased	0.404952380952381	0.404952380952381	1
1	45821110	45821111	51	18	2.28	2	2	0.14	1	1	0.86	unphased	1.23246376811594	1.23246376811594	1
1	47124382	47124383	56	7	4.95	4	2	0.79	0	1	0.21	unphased	0.821604938271605	0.821604938271605	1
1	53262031	53262032	35	8	4	2	2	1	NA	NA	NA	unphased	1.19896640826873	1.19896640826873	1
1	53544150	53544151	73	13	4	2	2	1	NA	NA	NA	unphased	0.974160206718346	0.974160206718346	1
1	54262696	54262697	55	24	4	2	2	1	NA	NA	NA	unphased	1.957805907173	0.978902953586498	2
1	54266522	54266523	43	8	4	2	2	1	NA	NA	NA	unphased	1.01089324618736	1.01089324618736	1
1	57481069	57481070	83	9	4	2	2	1	NA	NA	NA	unphased	0.630434782608696	0.630434782608696	1
1	62734031	62734032	45	9	4	2	2	1	NA	NA	NA	unphased	1.07407407407407	1.07407407407407	1
1	62941826	62941827	22	14	4	2	2	1	NA	NA	NA	unphased	2.50617283950617	1.25308641975309	2
1	63018569	63018570	34	10	4	2	2	1	NA	NA	NA	unphased	1.46464646464646	1.46464646464646	1
1	65278496	65278497	77	5	4	2	2	1	NA	NA	NA	unphased	0.392953929539295	0.392953929539295	1
1	66088637	66088638	30	13	4	2	2	1	NA	NA	NA	unphased	1.94832041343669	0.974160206718346	2
1	70509748	70509749	48	7	4	2	2	1	NA	NA	NA	unphased	0.82020202020202	0.82020202020202	1
1	74507408	74507409	60	15	4	2	2	1	NA	NA	NA	unphased	1.28888888888889	1.28888888888889	1
1	75609598	75609599	36	15	4	2	2	1	NA	NA	NA	unphased	1.89542483660131	0.947712418300654	2
1	75609600	75609601	36	15	4	2	2	1	NA	NA	NA	unphased	1.89542483660131	0.947712418300654	2
1	78193977	78193978	45	21	4	2	2	1	NA	NA	NA	unphased	2.05050505050505	1.02525252525253	2
1	78958404	78958405	28	5	4	2	2	1	NA	NA	NA	unphased	0.976430976430977	0.976430976430977	1
1	79107204	79107205	52	25	4	2	2	1	NA	NA	NA	unphased	2.09235209235209	1.04617604617605	2
1	84372017	84372018	87	32	4	2	2	1	NA	NA	NA	unphased	1.73295985060691	0.866479925303455	2
1	85403455	85403456	66	11	4	2	2	1	NA	NA	NA	unphased	0.920634920634921	0.920634920634921	1
1	86482851	86482852	15	5	4	2	2	1	NA	NA	NA	unphased	1.61111111111111	1.61111111111111	1
1	86818660	86818661	6	3	4	2	2	1	NA	NA	NA	unphased	2.14814814814815	2.14814814814815	1
1	86904632	86904633	59	21	4	2	2	1	NA	NA	NA	unphased	1.69166666666667	0.845833333333333	2
1	89845993	89845994	46	25	4	2	2	1	NA	NA	NA	unphased	2.26917057902973	1.13458528951487	2
1	90180270	90180271	43	18	4	2	2	1	NA	NA	NA	unphased	1.9016393442623	0.950819672131148	2
1	91782015	91782016	53	14	4	2	2	1	NA	NA	NA	unphased	1.34660033167496	1.34660033167496	1
1	99762378	99762379	74	26	4	2	2	1	NA	NA	NA	unphased	1.67555555555556	0.837777777777778	2
1	100340949	100340950	36	14	4	2	2	1	NA	NA	NA	unphased	1.80444444444444	0.902222222222222	2
1	101005565	101005566	12	5	4	2	2	1	NA	NA	NA	unphased	1.89542483660131	1.89542483660131	1
1	103400653	103400654	33	7	4	2	2	1	NA	NA	NA	unphased	1.12777777777778	1.12777777777778	1
1	108023381	108023382	15	4	4	2	2	1	NA	NA	NA	unphased	1.35672514619883	1.35672514619883	1
1	109869659	109869660	87	39	4	2	2	1	NA	NA	NA	unphased	1.99470899470899	0.997354497354497	2
1	110734624	110734625	73	17	4	2	2	1	NA	NA	NA	unphased	1.21728395061728	1.21728395061728	1
1	110740797	110740798	20	17	4	2	2	1	NA	NA	NA	unphased	2.96096096096096	1.48048048048048	2
1	111060309	111060310	87	28	4	2	2	1	NA	NA	NA	unphased	1.56908212560386	0.784541062801932	2
1	114193780	114193781	44	16	4	2	2	1	NA	NA	NA	unphased	1.71851851851852	0.859259259259259	2
1	114215272	114215273	148	52	4	2	2	1	NA	NA	NA	unphased	1.67555555555556	0.837777777777778	2
1	117146566	117146567	47	33	4	2	2	1	NA	NA	NA	unphased	2.65833333333333	1.32916666666667	2
1	120307035	120307036	85	45	4	2	2	1	NA	NA	NA	unphased	2.23076923076923	1.11538461538462	2
1	120502049	120502050	53	22	4	2	2	1	NA	NA	NA	unphased	1.89037037037037	0.945185185185185	2
1	145116040	145116041	19	4	4	2	2	1	NA	NA	NA	unphased	1.1207729468599	1.1207729468599	1
1	148932864	148932865	303	12	4	2	2	1	NA	NA	NA	unphased	0.245502645502646	0.245502645502646	1
1	149905760	149905761	181	54	1.33	2	2	0.11	0	1	0.89	unphased	0.86731914893617	0.86731914893617	1
1	150527963	150527964	34	15	1.33	2	2	0.11	0	1	0.89	unphased	1.15544217687075	1.15544217687075	1
1	150598101	150598102	39	8	1.33	2	2	0.11	0	1	0.89	unphased	0.642458628841608	0.642458628841608	1
1	150689666	150689667	108	15	1.33	2	2	0.11	0	1	0.89	unphased	0.46029810298103	0.46029810298103	1
1	151107297	151107298	79	7	1.33	2	2	0.11	0	1	0.89	unphased	0.307222222222222	0.307222222222222	1
1	151504913	151504914	94	26	1.33	2	2	0.11	0	1	0.89	unphased	0.817796296296296	0.817796296296296	1
1	152082759	152082760	238	62	1.33	2	2	0.11	0	1	0.89	unphased	0.780051851851852	0.780051851851852	1
1	152129368	152129369	97	56	1.33	2	2	0.11	0	1	0.89	unphased	1.38149600580973	1.24459099622498	1.11
1	152187485	152187486	963	38	1.33	2	2	0.11	0	1	0.89	unphased	0.143285603285603	1.30259639350548	0.11
1	152187487	152187488	954	36	1.33	2	2	0.11	0	1	0.89	unphased	0.137252525252525	1.24775022956841	0.11
1	152278259	152278260	346	40	1.33	2	2	0.11	0	1	0.89	unphased	0.391134139320668	0.391134139320668	1
1	152282657	152282658	284	127	1.33	2	2	0.11	0	1	0.89	unphased	1.16631251689646	1.05073199720402	1.11
1	152323006	152323007	12	7	1.33	2	2	0.11	0	1	0.89	unphased	1.39058479532164	1.39058479532164	1
1	152800157	152800158	61	26	4	2	2	1	NA	NA	NA	unphased	1.92592592592593	0.962962962962963	2
1	153788827	153788828	89	38	5.56	5	2	0.76	1	0	0.24	unphased	2.39503062117235	0.950408976655696	2.52
1	153934719	153934720	297	84	5.56	5	2	0.76	1	0	0.24	unphased	1.76475940507437	1.00270420742862	1.76
1	154303372	154303373	55	13	5.56	5	2	0.76	1	0	0.24	unphased	1.5302614379085	1.5302614379085	1
1	154543957	154543958	138	10	5.56	5	2	0.76	1	0	0.24	unphased	0.540840840840841	0.711632685316896	0.76
1	154936387	154936388	205	28	5.56	5	2	0.76	1	0	0.24	unphased	0.961907486886028	0.961907486886028	1
1	154942565	154942566	217	15	5.56	5	2	0.76	1	0	0.24	unphased	0.517528735632184	0.680958862673926	0.76
1	155020384	155020385	81	6	5.56	5	2	0.76	1	0	0.24	unphased	0.552030651340996	0.552030651340996	1
1	155171880	155171881	136	9	5.56	5	2	0.76	1	0	0.24	unphased	0.496827586206897	0.653720508166969	0.76
1	155252484	155252485	119	18	5.56	5	2	0.76	1	0	0.24	unphased	1.05167883211679	1.05167883211679	1
1	155265003	155265004	339	33	5.56	5	2	0.76	1	0	0.24	unphased	0.710071684587814	0.93430484814186	0.76
1	155317645	155317646	175	21	5.56	5	2	0.76	1	0	0.24	unphased	0.857619047619048	0.857619047619048	1
1	155450125	155450126	224	50	5.56	5	2	0.76	1	0	0.24	unphased	1.46066504460665	0.829923320799233	1.76
1	155722172	155722173	19	7	5.56	5	2	0.76	1	0	0.24	unphased	2.15504273504274	0.855175688509022	2.52
1	156012668	156012669	66	15	5.56	5	2	0.76	1	0	0.24	unphased	1.48230452674897	1.48230452674897	1
1	156256255	156256256	223	31	5.56	5	2	0.76	1	0	0.24	unphased	0.976920384951881	0.976920384951881	1
1	156261410	156261411	55	11	5.56	5	2	0.76	1	0	0.24	unphased	1.33407407407407	1.33407407407407	1
1	156351712	156351713	100	22	5.56	5	2	0.76	1	0	0.24	unphased	1.44342440801457	0.820127504553734	1.76
1	156713552	156713553	29	5	5.56	5	2	0.76	1	0	0.24	unphased	1.17712418300654	1.17712418300654	1
1	156811943	156811944	60	6	5.56	5	2	0.76	1	0	0.24	unphased	0.727676767676768	0.727676767676768	1
1	156823734	156823735	17	32	5.56	5	2	0.76	1	0	0.24	unphased	5.22739229024943	1.09819165761543	4.76
1	156841428	156841429	116	21	5.56	5	2	0.76	1	0	0.24	unphased	1.22695863746959	1.22695863746959	1
1	156911755	156911756	120	31	5.56	5	2	0.76	1	0	0.24	unphased	1.64329654157469	0.9336912168038	1.76
1	157665994	157665995	77	100	5.56	5	2	0.76	1	0	0.24	unphased	4.52228499686127	1.00050553027904	4.52
1	157771734	157771735	57	84	5.56	5	2	0.76	1	0	0.24	unphased	4.76860520094563	1.00180781532471	4.76
1	158059419	158059420	148	8	5.56	5	2	0.76	1	0	0.24	unphased	0.41048433048433	0.540110961163593	0.76
1	158369200	158369201	38	5	5.56	5	2	0.76	1	0	0.24	unphased	0.930749354005168	0.930749354005168	1
1	158517516	158517517	128	28	5.56	5	2	0.76	1	0	0.24	unphased	1.43669515669516	0.816304066304066	1.76
1	158549396	158549397	76	15	5.56	5	2	0.76	1	0	0.24	unphased	1.31941391941392	1.31941391941392	1
1	158549523	158549524	85	19	5.56	5	2	0.76	1	0	0.24	unphased	1.46235042735043	1.46235042735043	1
1	158585166	158585167	173	71	5.56	5	2	0.76	1	0	0.24	unphased	2.3291621129326	0.92427067973516	2.52
1	158596003	158596004	65	13	5.56	5	2	0.76	1	0	0.24	unphased	1.33407407407407	1.33407407407407	1
1	158613175	158613176	73	22	5.56	5	2	0.76	1	0	0.24	unphased	1.85366081871345	1.05321637426901	1.76
1	158614142	158614143	77	21	5.56	5	2	0.76	1	0	0.24	unphased	1.7152380952381	0.9745670995671	1.76
1	158653226	158653227	84	27	5.56	5	2	0.76	1	0	0.24	unphased	1.94702702702703	1.10626535626536	1.76
1	159035754	159035755	120	43	5.56	5	2	0.76	1	0	0.24	unphased	2.11160190865712	0.837937265340128	2.52
1	159174708	159174709	108	15	5.56	5	2	0.76	1	0	0.24	unphased	0.976151761517615	0.976151761517615	1
1	159272167	159272168	234	69	5.56	5	2	0.76	1	0	0.24	unphased	1.82279427942794	1.03567856785679	1.76
1	159683598	159683599	218	301	5.56	5	2	0.76	1	0	0.24	unphased	4.64226932134447	0.975266664147997	4.76
1	159922171	159922172	208	33	5.56	5	2	0.76	1	0	0.24	unphased	1.09604426002766	1.09604426002766	1
1	160097562	160097563	179	23	5.56	5	2	0.76	1	0	0.24	unphased	0.911397139713971	0.911397139713971	1
1	161166038	161166039	110	17	5.56	5	2	0.76	1	0	0.24	unphased	1.07146106736658	1.07146106736658	1
1	161723051	161723052	143	12	5.56	5	2	0.76	1	0	0.24	unphased	0.619698924731183	0.815393322014714	0.76
1	162381711	162381712	77	23	5.56	5	2	0.76	1	0	0.24	unphased	1.84102222222222	1.04603535353535	1.76
1	165324789	165324790	34	14	5.56	5	2	0.76	1	0	0.24	unphased	2.33462962962963	0.926440329218107	2.52
1	165324790	165324791	33	14	5.56	5	2	0.76	1	0	0.24	unphased	2.38430260047281	0.94615182558445	2.52
1	165513698	165513699	220	54	8	6	2	1	NA	NA	NA	unphased	2.05839416058394	1.02919708029197	2
1	166833073	166833074	75	7	6	4	2	1	NA	NA	NA	unphased	0.720867208672087	0.720867208672087	1
1	166904557	166904558	100	33	6	4	2	1	NA	NA	NA	unphased	2.0952380952381	1.04761904761905	2
1	166927337	166927338	97	20	6	4	2	1	NA	NA	NA	unphased	1.44349477682811	1.44349477682811	1
1	167083023	167083024	215	30	3.59	6	2	0.37	1	0	0.63	unphased	0.73891156462585	0.73891156462585	1
1	167096809	167096810	111	19	3.59	6	2	0.37	1	0	0.63	unphased	0.881957264957265	0.881957264957265	1
1	167368543	167368544	125	37	1.45	4	2	0.09	0	1	0.91	unphased	0.889471879286694	0.889471879286694	1
1	167370761	167370762	32	11	1.45	4	2	0.09	0	1	0.91	unphased	0.99625322997416	0.99625322997416	1
1	167863108	167863109	42	18	1.45	4	2	0.09	0	1	0.91	unphased	1.16833333333333	1.16833333333333	1
1	168065870	168065871	98	25	1.45	4	2	0.09	0	1	0.91	unphased	0.791553748870822	0.791553748870822	1
1	168683483	168683484	62	16	1.45	4	2	0.09	0	1	0.91	unphased	0.798860398860399	0.798860398860399	1
1	171227349	171227350	158	39	6	4	2	1	NA	NA	NA	unphased	1.67174280879865	0.835871404399323	2
1	171753567	171753568	19	25	6	4	2	1	NA	NA	NA	unphased	4.7979797979798	1.19949494949495	4
1	172520658	172520659	40	12	6	4	2	1	NA	NA	NA	unphased	1.94871794871795	0.974358974358975	2
1	175048540	175048541	21	9	6	4	2	1	NA	NA	NA	unphased	2.53333333333333	0.844444444444444	3
1	175067501	175067502	266	13	6	4	2	1	NA	NA	NA	unphased	0.393468737554759	0.393468737554759	1
1	175375630	175375631	111	29	6	4	2	1	NA	NA	NA	unphased	1.74920634920635	0.874603174603175	2
1	175375859	175375860	93	28	6	4	2	1	NA	NA	NA	unphased	1.95408631772268	0.977043158861341	2
1	175996758	175996759	72	16	8	4	4	1	NA	NA	NA	unphased	1.8989898989899	0.94949494949495	2
1	176012382	176012383	159	30	8	4	4	1	NA	NA	NA	unphased	1.65784832451499	0.828924162257496	2
1	176668536	176668537	205	43	8	4	4	1	NA	NA	NA	unphased	1.81093189964158	0.905465949820789	2
1	176708812	176708813	106	24	8	4	4	1	NA	NA	NA	unphased	1.92820512820513	0.964102564102564	2
1	176738905	176738906	175	37	8	4	4	1	NA	NA	NA	unphased	1.82285115303983	0.911425576519916	2
1	176762728	176762729	116	11	8	4	4	1	NA	NA	NA	unphased	0.904636920384952	0.904636920384952	1
1	176762729	176762730	115	11	8	4	4	1	NA	NA	NA	unphased	0.911816578483245	0.911816578483245	1
1	176998512	176998513	12	4	8	4	4	1	NA	NA	NA	unphased	2.61111111111111	0.87037037037037	3
1	177133771	177133772	32	17	8	4	4	1	NA	NA	NA	unphased	3.62358276643991	0.905895691609977	4
1	177199077	177199078	85	25	8	4	4	1	NA	NA	NA	unphased	2.37373737373737	1.18686868686869	2
1	179414138	179414139	123	36	6	4	2	1	NA	NA	NA	unphased	1.91194968553459	0.955974842767296	2
1	179659963	179659964	52	17	6	4	2	1	NA	NA	NA	unphased	2.0805152979066	1.0402576489533	2
1	179989821	179989822	171	49	6	4	2	1	NA	NA	NA	unphased	1.88080808080808	0.94040404040404	2
1	181687189	181687190	11	3	6	4	2	1	NA	NA	NA	unphased	1.80952380952381	1.80952380952381	1
1	181727099	181727100	150	16	6	4	2	1	NA	NA	NA	unphased	0.813922356091031	0.813922356091031	1
1	181754912	181754913	363	41	6	4	2	1	NA	NA	NA	unphased	0.856985698569857	0.856985698569857	1
1	182783955	182783956	47	25	6	4	2	1	NA	NA	NA	unphased	2.9320987654321	0.977366255144033	3
1	183559575	183559576	21	4	6	4	2	1	NA	NA	NA	unphased	1.35111111111111	1.35111111111111	1
1	183933229	183933230	33	8	6	4	2	1	NA	NA	NA	unphased	1.64769647696477	1.64769647696477	1
1	184446684	184446685	50	5	6	4	2	1	NA	NA	NA	unphased	0.767676767676768	0.767676767676768	1
1	184723648	184723649	67	11	6	4	2	1	NA	NA	NA	unphased	1.19088319088319	1.19088319088319	1
1	184764686	184764687	160	20	6	4	2	1	NA	NA	NA	unphased	0.938271604938272	0.938271604938272	1
1	186135398	186135399	43	16	6	4	2	1	NA	NA	NA	unphased	2.29001883239171	1.14500941619586	2
1	192129556	192129557	47	6	6	4	2	1	NA	NA	NA	unphased	0.955974842767296	0.955974842767296	1
1	196397356	196397357	76	12	6	4	2	1	NA	NA	NA	unphased	1.15151515151515	1.15151515151515	1
1	196438126	196438127	5	5	6	4	2	1	NA	NA	NA	unphased	4.22222222222222	1.05555555555556	4
1	196684896	196684897	115	27	6	4	2	1	NA	NA	NA	unphased	1.6056338028169	0.802816901408451	2
1	197396874	197396875	54	16	6	4	2	1	NA	NA	NA	unphased	1.93015873015873	0.965079365079365	2
1	200014582	200014583	53	8	6	4	2	1	NA	NA	NA	unphased	1.10746812386157	1.10746812386157	1
1	201195196	201195197	59	21	6	4	2	1	NA	NA	NA	unphased	2.21666666666667	1.10833333333333	2
1	201681991	201681992	237	19	6	4	2	1	NA	NA	NA	unphased	0.626736111111111	0.626736111111111	1
1	202097688	202097689	16	7	6	4	2	1	NA	NA	NA	unphased	2.57004830917874	0.856682769726248	3
1	203015019	203015020	174	19	6	4	2	1	NA	NA	NA	unphased	0.831318364997122	0.831318364997122	1
1	203134575	203134576	74	9	6	4	2	1	NA	NA	NA	unphased	0.91566265060241	0.91566265060241	1
1	203743257	203743258	60	7	6	4	2	1	NA	NA	NA	unphased	0.882255389718076	0.882255389718076	1
1	203743276	203743277	33	17	6	4	2	1	NA	NA	NA	unphased	2.87111111111111	0.957037037037037	3
1	203743668	203743669	110	38	6	4	2	1	NA	NA	NA	unphased	2.16816816816817	1.08408408408408	2
1	204198182	204198183	73	25	6	4	2	1	NA	NA	NA	unphased	2.15419501133787	1.07709750566893	2
1	204226815	204226816	15	8	6	4	2	1	NA	NA	NA	unphased	2.93719806763285	0.979066022544283	3
1	204234147	204234148	166	53	6	4	2	1	NA	NA	NA	unphased	2.04363267376966	1.02181633688483	2
1	204415186	204415187	112	45	6	4	2	1	NA	NA	NA	unphased	2.4203821656051	0.806794055201698	3
1	204587570	204587571	60	17	6	4	2	1	NA	NA	NA	unphased	1.86435786435786	0.932178932178932	2
1	204926839	204926840	78	28	6	4	2	1	NA	NA	NA	unphased	2.23060796645702	1.11530398322851	2
1	204939849	204939850	80	38	6	4	2	1	NA	NA	NA	unphased	2.71939736346516	0.90646578782172	3
1	205132892	205132893	27	10	6	4	2	1	NA	NA	NA	unphased	2.28228228228228	1.14114114114114	2
1	205495239	205495240	32	11	6	4	2	1	NA	NA	NA	unphased	2.16020671834625	1.08010335917313	2
1	205883896	205883897	19	4	6	4	2	1	NA	NA	NA	unphased	1.46859903381643	1.46859903381643	1
1	207195688	207195689	33	17	6	4	2	1	NA	NA	NA	unphased	2.87111111111111	0.957037037037037	3
1	207240991	207240992	193	27	6	4	2	1	NA	NA	NA	unphased	1.03636363636364	1.03636363636364	1
1	211452577	211452578	38	15	6	4	2	1	NA	NA	NA	unphased	2.38993710691824	1.19496855345912	2
1	212798306	212798307	68	7	6	4	2	1	NA	NA	NA	unphased	0.788148148148148	0.788148148148148	1
1	212860078	212860079	13	4	6	4	2	1	NA	NA	NA	unphased	1.98692810457516	1.98692810457516	1
1	214170681	214170682	75	6	6	4	2	1	NA	NA	NA	unphased	0.625514403292181	0.625514403292181	1
1	215256768	215256769	75	20	6	4	2	1	NA	NA	NA	unphased	1.77777777777778	0.888888888888889	2
1	215259846	215259847	55	15	6	4	2	1	NA	NA	NA	unphased	1.80952380952381	0.904761904761905	2
1	215848284	215848285	115	7	6	4	2	1	NA	NA	NA	unphased	0.484517304189435	0.484517304189435	1
1	217793633	217793634	70	11	6	4	2	1	NA	NA	NA	unphased	1.14677640603567	1.14677640603567	1
1	220253149	220253150	86	10	6	4	2	1	NA	NA	NA	unphased	0.87962962962963	0.87962962962963	1
1	222732097	222732098	42	10	6	4	2	1	NA	NA	NA	unphased	1.62393162393162	1.62393162393162	1
1	223156420	223156421	43	4	6	4	2	1	NA	NA	NA	unphased	0.718676122931442	0.718676122931442	1
1	226027004	226027005	99	42	6	4	2	1	NA	NA	NA	unphased	2.51536643026005	0.838455476753349	3
1	226075328	226075329	76	14	6	4	2	1	NA	NA	NA	unphased	1.31358024691358	1.31358024691358	1
1	227170665	227170666	10	4	6	4	2	1	NA	NA	NA	unphased	2.41269841269841	2.41269841269841	1
1	227921062	227921063	14	7	6	4	2	1	NA	NA	NA	unphased	2.81481481481481	0.938271604938272	3
1	228468280	228468281	69	9	6	4	2	1	NA	NA	NA	unphased	0.974358974358975	0.974358974358975	1
1	228474664	228474665	26	4	6	4	2	1	NA	NA	NA	unphased	1.12592592592593	1.12592592592593	1
1	228596423	228596424	115	7	6	4	2	1	NA	NA	NA	unphased	0.484517304189435	0.484517304189435	1
1	228612631	228612632	93	9	6	4	2	1	NA	NA	NA	unphased	0.745098039215686	0.745098039215686	1
1	230313995	230313996	39	22	6	4	2	1	NA	NA	NA	unphased	3.04553734061931	1.01517911353977	3
1	230381892	230381893	88	8	6	4	2	1	NA	NA	NA	unphased	0.703703703703704	0.703703703703704	1
1	230841870	230841871	83	9	6	4	2	1	NA	NA	NA	unphased	0.826086956521739	0.826086956521739	1
1	233507977	233507978	56	16	4.82	6	2	0.47	1	1	0.53	unphased	1.61432098765432	1.09817754262199	1.47
1	234565838	234565839	409	368	4.82	6	2	0.47	1	1	0.53	unphased	3.44056056056056	0.991516011688922	3.47
1	234744254	234744255	17	36	4.82	6	2	0.47	1	1	0.53	unphased	4.93433962264151	0.998854174623787	4.94
1	235617569	235617570	99	10	6	4	2	1	NA	NA	NA	unphased	0.774719673802243	0.774719673802243	1
1	235866046	235866047	94	28	6	4	2	1	NA	NA	NA	unphased	1.93806921675774	0.969034608378871	2
1	236145006	236145007	67	19	6	4	2	1	NA	NA	NA	unphased	1.8656330749354	0.9328165374677	2
1	236647404	236647405	223	63	6	4	2	1	NA	NA	NA	unphased	1.86013986013986	0.93006993006993	2
1	236850093	236850094	21	6	6	4	2	1	NA	NA	NA	unphased	1.87654320987654	1.87654320987654	1
1	236850096	236850097	20	6	6	4	2	1	NA	NA	NA	unphased	1.94871794871795	1.94871794871795	1
1	236902634	236902635	189	35	6	4	2	1	NA	NA	NA	unphased	1.31944444444444	1.31944444444444	1
1	236918377	236918378	187	59	6	4	2	1	NA	NA	NA	unphased	2.0252935862692	1.0126467931346	2
1	237586415	237586416	149	36	6	4	2	1	NA	NA	NA	unphased	1.64324324324324	0.821621621621622	2
1	237732592	237732593	37	10	6	4	2	1	NA	NA	NA	unphased	1.79669030732861	0.898345153664303	2
1	237780624	237780625	27	10	6	4	2	1	NA	NA	NA	unphased	2.28228228228228	1.14114114114114	2
1	237868517	237868518	12	7	6	4	2	1	NA	NA	NA	unphased	3.11111111111111	1.03703703703704	3
1	240071053	240071054	53	15	6	4	2	1	NA	NA	NA	unphased	1.86274509803922	0.931372549019608	2
1	240969626	240969627	109	38	6	4	2	1	NA	NA	NA	unphased	2.18291761148904	1.09145880574452	2
1	240975217	240975218	65	17	6	4	2	1	NA	NA	NA	unphased	1.75067750677507	0.875338753387534	2
1	240979663	240979664	185	43	6	4	2	1	NA	NA	NA	unphased	1.59259259259259	0.796296296296296	2
1	241920755	241920756	32	8	6	4	2	1	NA	NA	NA	unphased	1.68888888888889	1.68888888888889	1
1	242264056	242264057	51	11	6	4	2	1	NA	NA	NA	unphased	1.49820788530466	1.49820788530466	1
1	245025940	245025941	255	31	6	4	2	1	NA	NA	NA	unphased	0.915306915306915	0.915306915306915	1
1	246704448	246704449	34	12	6	4	2	1	NA	NA	NA	unphased	2.20289855072464	1.10144927536232	2
1	247151519	247151520	115	13	6	4	2	1	NA	NA	NA	unphased	0.857638888888889	0.857638888888889	1
1	247592995	247592996	81	21	6	4	2	1	NA	NA	NA	unphased	1.73856209150327	0.869281045751634	2
1	247654639	247654640	57	16	6	4	2	1	NA	NA	NA	unphased	1.85083713850837	0.925418569254186	2
1	247920906	247920907	94	24	6	4	2	1	NA	NA	NA	unphased	1.71751412429379	0.858757062146893	2
1	248343684	248343685	346	91	6	4	2	1	NA	NA	NA	unphased	1.75845410628019	0.879227053140097	2
1	248343685	248343686	350	92	6	4	2	1	NA	NA	NA	unphased	1.75766716943188	0.878833584715938	2
1	248343920	248343921	214	65	6	4	2	1	NA	NA	NA	unphased	1.9673436877738	0.983671843886898	2
1	248402867	248402868	50	26	6	4	2	1	NA	NA	NA	unphased	2.88888888888889	0.962962962962963	3
1	248437032	248437033	146	39	6	4	2	1	NA	NA	NA	unphased	1.78018018018018	0.89009009009009	2
1	248738018	248738019	106	16	6	4	2	1	NA	NA	NA	unphased	1.10746812386157	1.10746812386157	1
1	248738034	248738035	102	21	6	4	2	1	NA	NA	NA	unphased	1.44173441734417	0.720867208672087	2
1	248845497	248845498	78	5	6	4	2	1	NA	NA	NA	unphased	0.508701472556894	0.508701472556894	1
10	93909	93910	72	15	NA	NA	NA	NA	NA	NA	NA	unphased	NA	NA	1
10	93913	93914	71	13	NA	NA	NA	NA	NA	NA	NA	unphased	NA	NA	1
10	408510	408511	66	24	2.76	2	2	0.38	1	1	0.62	unphased	1.38785185185185	1.00568974771873	1.38
10	6528030	6528031	60	6	4	2	2	1	NA	NA	NA	unphased	0.585858585858586	0.585858585858586	1
10	8106085	8106086	84	23	4	2	2	1	NA	NA	NA	unphased	1.3852544132918	1.3852544132918	1
10	11505387	11505388	245	92	2.32	2	2	0.16	1	1	0.84	unphased	1.30067919551599	1.12127516854827	1.16
10	13702397	13702398	69	30	2.3	2	2	0.15	1	1	0.85	unphased	1.43771043771044	1.25018298931342	1.15
10	14996069	14996070	31	17	2.3	2	2	0.15	1	1	0.85	unphased	1.68032407407407	1.46115136876006	1.15
10	15256601	15256602	29	11	2.3	2	2	0.15	1	1	0.85	unphased	1.30472222222222	1.30472222222222	1
10	17363172	17363173	252	36	2.3	2	2	0.15	1	1	0.85	unphased	0.593055555555556	0.593055555555556	1
10	17922614	17922615	25	8	NA	NA	NA	NA	NA	NA	NA	unphased	NA	NA	1
10	20290768	20290769	53	20	4	2	2	1	NA	NA	NA	unphased	1.76560121765601	0.882800608828006	2
10	22031066	22031067	13	3	4	2	2	1	NA	NA	NA	unphased	1.20833333333333	1.20833333333333	1
10	24825713	24825714	126	39	4	2	2	1	NA	NA	NA	unphased	1.52323232323232	0.761616161616162	2
10	25887285	25887286	164	69	4	2	2	1	NA	NA	NA	unphased	1.90844062947067	0.954220314735336	2
10	27538752	27538753	122	64	4	2	2	1	NA	NA	NA	unphased	2.21744324970131	1.10872162485066	2
10	43015228	43015229	12	6	2.24	2	2	0.12	1	1	0.88	unphased	1.56148148148148	1.56148148148148	1
10	43971252	43971253	27	7	5.3	4	2	0.86	0	1	0.14	unphased	1.59444444444444	1.59444444444444	1
10	47088051	47088052	12	4	2.42	2	2	0.21	1	1	0.79	unphased	1.21611111111111	1.21611111111111	1
10	50530944	50530945	126	13	4	2	2	1	NA	NA	NA	unphased	0.602717825739409	0.602717825739409	1
10	50666957	50666958	82	43	4	2	2	1	NA	NA	NA	unphased	2.21688888888889	1.10844444444444	2
10	50678400	50678401	231	84	4	2	2	1	NA	NA	NA	unphased	1.71851851851852	0.859259259259259	2
10	51464712	51464713	131	20	4	2	2	1	NA	NA	NA	unphased	0.853568800588668	0.853568800588668	1
10	55780175	55780176	112	44	4	2	2	1	NA	NA	NA	unphased	1.81766381766382	0.908831908831909	2
10	60588634	60588635	53	29	4	2	2	1	NA	NA	NA	unphased	2.27913279132791	1.13956639566396	2
10	61028384	61028385	18	5	4	2	2	1	NA	NA	NA	unphased	1.40096618357488	1.40096618357488	1
10	61062614	61062615	56	26	4	2	2	1	NA	NA	NA	unphased	2.04336043360434	1.02168021680217	2
10	63212913	63212914	19	3	4	2	2	1	NA	NA	NA	unphased	0.878787878787879	0.878787878787879	1
10	64136036	64136037	71	20	4	2	2	1	NA	NA	NA	unphased	1.41636141636142	1.41636141636142	1
10	69682684	69682685	84	36	4	2	2	1	NA	NA	NA	unphased	1.93333333333333	0.966666666666667	2
10	69925567	69925568	71	17	4	2	2	1	NA	NA	NA	unphased	1.2449494949495	1.2449494949495	1
10	70231739	70231740	38	17	4	2	2	1	NA	NA	NA	unphased	1.99191919191919	0.995959595959596	2
10	72307197	72307198	40	9	4	2	2	1	NA	NA	NA	unphased	1.18367346938776	1.18367346938776	1
10	73046536	73046537	197	75	4	2	2	1	NA	NA	NA	unphased	1.77696078431373	0.888480392156863	2
10	73544653	73544654	45	10	4	2	2	1	NA	NA	NA	unphased	1.17171717171717	1.17171717171717	1
10	74034515	74034516	273	41	1.27	2	2	0.09	0	1	0.91	unphased	0.485007077140835	0.485007077140835	1
10	74658609	74658610	37	16	1.27	2	2	0.09	0	1	0.91	unphased	1.12134171907757	1.12134171907757	1
10	74912075	74912076	65	22	1.27	2	2	0.09	0	1	0.91	unphased	0.939284802043423	0.939284802043423	1
10	75410667	75410668	57	25	1.27	2	2	0.09	0	1	0.91	unphased	1.13245257452575	1.13245257452575	1
10	75865107	75865108	56	12	1.27	2	2	0.09	0	1	0.91	unphased	0.655490196078431	0.655490196078431	1
10	76789342	76789343	67	24	1.27	2	2	0.09	0	1	0.91	unphased	0.9796336996337	0.9796336996337	1
10	76797740	76797741	44	10	1.27	2	2	0.09	0	1	0.91	unphased	0.687860082304527	0.687860082304527	1
10	79571777	79571778	54	37	5.08	4	2	0.77	1	1	0.23	unphased	3.0593894993895	0.924286857821601	3.31
10	79584143	79584144	21	20	5.08	4	2	0.77	1	1	0.23	unphased	3.67046070460705	0.973597003874548	3.77
10	79785863	79785864	117	17	5.08	4	2	0.77	1	1	0.23	unphased	0.954593698175788	0.954593698175788	1
10	82363434	82363435	31	12	4	2	2	1	NA	NA	NA	unphased	1.7984496124031	0.89922480620155	2
10	84118500	84118501	99	13	4	2	2	1	NA	NA	NA	unphased	0.748015873015873	0.748015873015873	1
10	84745240	84745241	37	14	4	2	2	1	NA	NA	NA	unphased	1.76906318082789	0.884531590413944	2
10	85956356	85956357	121	20	4	2	2	1	NA	NA	NA	unphased	0.914105594956659	0.914105594956659	1
10	85993874	85993875	53	21	4	2	2	1	NA	NA	NA	unphased	1.82882882882883	0.914414414414415	2
10	86008672	86008673	87	17	4	2	2	1	NA	NA	NA	unphased	1.0534188034188	1.0534188034188	1
10	88477867	88477868	109	17	4	2	2	1	NA	NA	NA	unphased	0.869488536155203	0.869488536155203	1
10	92631696	92631697	126	54	4	2	2	1	NA	NA	NA	unphased	1.93333333333333	0.966666666666667	2
10	93593608	93593609	52	6	4	2	2	1	NA	NA	NA	unphased	0.666666666666667	0.666666666666667	1
10	94393440	94393441	49	12	NA	NA	NA	NA	NA	NA	NA	unphased	NA	NA	1
10	97915952	97915953	12	5	2.28	2	2	0.14	1	1	0.86	unphased	1.38954248366013	1.38954248366013	1
10	98118775	98118776	44	13	2.28	2	2	0.14	1	1	0.86	unphased	1.07750487329435	1.07750487329435	1
10	99150224	99150225	32	12	2.28	2	2	0.14	1	1	0.86	unphased	1.28848484848485	1.28848484848485	1
10	99504557	99504558	31	16	2.28	2	2	0.14	1	1	0.86	unphased	1.60832151300236	1.41080834473892	1.14
10	101514355	101514356	205	81	2.28	2	2	0.14	1	1	0.86	unphased	1.33804195804196	1.17372101582628	1.14
10	101591417	101591418	101	49	2.28	2	2	0.14	1	1	0.86	unphased	1.54331851851852	1.35378817413905	1.14
10	102056842	102056843	51	22	2.28	2	2	0.14	1	1	0.86	unphased	1.42380517503805	1.24895190792812	1.14
10	102283499	102283500	6	3	2.28	2	2	0.14	1	1	0.86	unphased	1.57481481481481	1.57481481481481	1
10	104139346	104139347	186	26	2.28	2	2	0.14	1	1	0.86	unphased	0.579412997903564	0.579412997903564	1
10	104173626	104173627	51	7	2.28	2	2	0.14	1	1	0.86	unphased	0.570191570881226	0.570191570881226	1
10	105048116	105048117	100	16	2.28	2	2	0.14	1	1	0.86	unphased	0.651647509578544	0.651647509578544	1
10	105200101	105200102	111	35	2.28	2	2	0.14	1	1	0.86	unphased	1.13257229832572	1.13257229832572	1
10	105215251	105215252	28	3	2.28	2	2	0.14	1	1	0.86	unphased	0.457204301075269	0.457204301075269	1
10	105218264	105218265	42	21	2.28	2	2	0.14	1	1	0.86	unphased	1.57481481481481	1.38141650422352	1.14
10	105762949	105762950	68	26	2.28	2	2	0.14	1	1	0.86	unphased	1.30676122931442	1.30676122931442	1
10	105799216	105799217	65	22	2.28	2	2	0.14	1	1	0.86	unphased	1.194687100894	1.194687100894	1
10	105971911	105971912	49	15	2.28	2	2	0.14	1	1	0.86	unphased	1.10729166666667	1.10729166666667	1
10	117045782	117045783	33	10	2.28	2	2	0.14	1	1	0.86	unphased	1.09870801033592	1.09870801033592	1
10	118307991	118307992	110	32	2.28	2	2	0.14	1	1	0.86	unphased	1.06466353677621	1.06466353677621	1
10	118458210	118458211	121	51	2.28	2	2	0.14	1	1	0.86	unphased	1.40085271317829	1.22881816945464	1.14
10	125426338	125426339	14	5	2.44	2	2	0.22	1	1	0.78	unphased	1.28538011695906	1.28538011695906	1
10	126185552	126185553	173	45	2.44	2	2	0.22	1	1	0.78	unphased	1.00825688073395	1.00825688073395	1
10	127524886	127524887	27	6	2.44	2	2	0.22	1	1	0.78	unphased	0.888080808080808	0.888080808080808	1
10	133930814	133930815	65	10	2.44	2	2	0.22	1	1	0.78	unphased	0.651259259259259	0.651259259259259	1
10	134008380	134008381	97	35	2.44	2	2	0.22	1	1	0.78	unphased	1.29511784511785	1.29511784511785	1
10	134884575	134884576	27	10	2.44	2	2	0.22	1	1	0.78	unphased	1.32012012012012	1.32012012012012	1
10	135126412	135126413	58	13	2.44	2	2	0.22	1	1	0.78	unphased	0.89433489827856	0.89433489827856	1
11	433391	433392	111	22	2.84	3	2	0.28	1	1	0.72	unphased	0.874118629908104	0.874118629908104	1
11	609111	609112	19	11	1.12	3	2	0.03	0	1	0.97	unphased	1.30696296296296	1.30696296296296	1
11	612588	612589	82	5	1.12	3	2	0.03	0	1	0.97	unphased	0.20485312899106	0.20485312899106	1
11	613337	613338	80	12	1.12	3	2	0.03	0	1	0.97	unphased	0.464927536231884	0.464927536231884	1
11	811599	811600	52	17	1.12	3	2	0.03	0	1	0.97	unphased	0.878196457326892	0.878196457326892	1
11	1086416	1086417	12	4	1.12	3	2	0.03	0	1	0.97	unphased	0.891111111111111	0.891111111111111	1
11	1269395	1269396	109	41	1.12	3	2	0.03	0	1	0.97	unphased	0.974281481481482	0.974281481481482	1
11	1619312	1619313	191	73	1.12	3	2	0.03	0	1	0.97	unphased	0.985622895622896	0.985622895622896	1
11	1862433	1862434	37	10	1.12	3	2	0.03	0	1	0.97	unphased	0.75839243498818	0.75839243498818	1
11	2435333	2435334	13	4	1.12	3	2	0.03	0	1	0.97	unphased	0.838692810457516	0.838692810457516	1
11	3026596	3026597	41	20	2.3	2	2	0.15	1	1	0.85	unphased	1.55555555555556	1.35265700483092	1.15
11	3392921	3392922	81	10	2.3	2	2	0.15	1	1	0.85	unphased	0.521367521367521	0.521367521367521	1
11	4903674	4903675	102	40	2.3	2	2	0.15	1	1	0.85	unphased	1.33646322378717	1.16214193372797	1.15
11	5275535	5275536	96	13	1.21	2	2	0.07	0	1	0.93	unphased	0.435851172273191	0.435851172273191	1
11	5443455	5443456	108	44	1.21	2	2	0.07	0	1	0.93	unphased	1.05786549707602	1.05786549707602	1
11	5529022	5529023	74	23	1.21	2	2	0.07	0	1	0.93	unphased	0.86651775486827	0.86651775486827	1
11	5536687	5536688	80	7	1.21	2	2	0.07	0	1	0.93	unphased	0.294035759897829	0.294035759897829	1
11	5537023	5537024	116	42	1.21	2	2	0.07	0	1	0.93	unphased	0.971434599156118	0.971434599156118	1
11	5757849	5757850	45	10	1.21	2	2	0.07	0	1	0.93	unphased	0.664444444444445	0.664444444444445	1
11	5862764	5862765	188	39	2.28	2	2	0.14	1	1	0.86	unphased	0.811688693098385	0.811688693098385	1
11	6292376	6292377	92	43	2.28	2	2	0.14	1	1	0.86	unphased	1.50482304526749	1.32002021514692	1.14
11	6651267	6651268	26	12	2.28	2	2	0.14	1	1	0.86	unphased	1.4919298245614	1.4919298245614	1
11	6789863	6789864	76	8	2.28	2	2	0.14	1	1	0.86	unphased	0.44994708994709	0.44994708994709	1
11	7723268	7723269	10	4	2.28	2	2	0.14	1	1	0.86	unphased	1.34984126984127	1.34984126984127	1
11	7847516	7847517	57	22	2.28	2	2	0.14	1	1	0.86	unphased	1.31566807313643	1.31566807313643	1
11	7981478	7981479	43	6	2.28	2	2	0.14	1	1	0.86	unphased	0.578503401360544	0.578503401360544	1
11	8159831	8159832	238	44	2.28	2	2	0.14	1	1	0.86	unphased	0.737147360126084	0.737147360126084	1
11	8948516	8948517	37	26	4.92	4	2	0.73	1	1	0.27	unphased	3.03929453262787	0.952756906779895	3.19
11	9165708	9165709	67	61	4.92	4	2	0.73	1	1	0.27	unphased	3.50961805555556	1.01434047848426	3.46
11	10647846	10647847	20	5	4.92	4	2	0.73	1	1	0.27	unphased	1.47288888888889	1.47288888888889	1
11	14991499	14991500	78	27	1.33	2	2	0.11	0	1	0.89	unphased	0.970571428571429	0.970571428571429	1
11	15197612	15197613	5	5	1.33	2	2	0.11	0	1	0.89	unphased	1.88722222222222	1.88722222222222	1
11	16208412	16208413	193	68	1.33	2	2	0.11	0	1	0.89	unphased	0.983380161770966	0.983380161770966	1
11	16424225	16424226	51	10	1.33	2	2	0.11	0	1	0.89	unphased	0.618761384335155	0.618761384335155	1
11	17552945	17552946	15	10	1.33	2	2	0.11	0	1	0.89	unphased	1.50977777777778	1.50977777777778	1
11	18028187	18028188	104	47	1.33	2	2	0.11	0	1	0.89	unphased	1.17482707873436	1.17482707873436	1
11	18735860	18735861	39	17	1.33	2	2	0.11	0	1	0.89	unphased	1.14581349206349	1.14581349206349	1
11	22301126	22301127	54	12	1.33	2	2	0.11	0	1	0.89	unphased	0.686262626262626	0.686262626262626	1
11	22380969	22380970	31	12	1.33	2	2	0.11	0	1	0.89	unphased	1.05333333333333	1.05333333333333	1
11	27016636	27016637	81	31	1.33	2	2	0.11	0	1	0.89	unphased	1.0447123015873	1.0447123015873	1
11	27114809	27114810	62	17	1.33	2	2	0.11	0	1	0.89	unphased	0.812222222222222	0.812222222222222	1
11	30516852	30516853	27	17	1.33	2	2	0.11	0	1	0.89	unphased	1.45830808080808	1.31379106379106	1.11
11	31815227	31815228	144	20	1.33	2	2	0.11	0	1	0.89	unphased	0.46029810298103	0.46029810298103	1
11	32456444	32456445	28	9	1.33	2	2	0.11	0	1	0.89	unphased	0.918108108108108	0.918108108108108	1
11	36511394	36511395	179	25	1.33	2	2	0.11	0	1	0.89	unphased	0.462554466230937	0.462554466230937	1
11	44099447	44099448	22	4	1.33	2	2	0.11	0	1	0.89	unphased	0.580683760683761	0.580683760683761	1
11	44129706	44129707	41	16	1.33	2	2	0.11	0	1	0.89	unphased	1.05949317738791	1.05949317738791	1
11	44129707	44129708	41	16	1.33	2	2	0.11	0	1	0.89	unphased	1.05949317738791	1.05949317738791	1
11	44286577	44286578	40	11	1.33	2	2	0.11	0	1	0.89	unphased	0.814095860566449	0.814095860566449	1
11	46724531	46724532	54	20	1.33	2	2	0.11	0	1	0.89	unphased	1.02012012012012	1.02012012012012	1
11	46748343	46748344	125	15	1.33	2	2	0.11	0	1	0.89	unphased	0.404404761904762	0.404404761904762	1
11	46893174	46893175	21	6	1.33	2	2	0.11	0	1	0.89	unphased	0.838765432098765	0.838765432098765	1
11	48186025	48186026	62	10	1.33	2	2	0.11	0	1	0.89	unphased	0.524228395061728	0.524228395061728	1
11	55321906	55321907	88	35	2.34	2	2	0.17	1	1	0.83	unphased	1.36142728093948	1.16361306063203	1.17
11	55890586	55890587	50	20	2.34	2	2	0.17	1	1	0.83	unphased	1.36698412698413	1.36698412698413	1
11	56043650	56043651	159	58	2.34	2	2	0.17	1	1	0.83	unphased	1.27879160266257	1.09298427577997	1.17
11	56086197	56086198	60	20	2.34	2	2	0.17	1	1	0.83	unphased	1.19611111111111	1.19611111111111	1
11	56113766	56113767	103	34	2.34	2	2	0.17	1	1	0.83	unphased	1.1873803730738	1.1873803730738	1
11	56409691	56409692	42	17	2.34	2	2	0.17	1	1	0.83	unphased	1.37856873822976	1.37856873822976	1
11	56955002	56955003	7	5	2.34	2	2	0.17	1	1	0.83	unphased	1.99351851851852	1.99351851851852	1
11	57076592	57076593	224	26	2.34	2	2	0.17	1	1	0.83	unphased	0.497582222222222	0.497582222222222	1
11	57509595	57509596	21	6	2.34	2	2	0.17	1	1	0.83	unphased	1.06320987654321	1.06320987654321	1
11	57886528	57886529	36	18	2.34	2	2	0.17	1	1	0.83	unphased	1.59481481481481	1.36308958531181	1.17
11	58170603	58170604	120	37	2.34	2	2	0.17	1	1	0.83	unphased	1.12754423213022	1.12754423213022	1
11	58390329	58390330	27	3	2.34	2	2	0.17	1	1	0.83	unphased	0.478444444444445	0.478444444444445	1
11	59347646	59347647	48	16	2.34	2	2	0.17	1	1	0.83	unphased	1.19611111111111	1.19611111111111	1
11	59361693	59361694	53	13	2.34	2	2	0.17	1	1	0.83	unphased	0.942390572390572	0.942390572390572	1
11	60285610	60285611	29	14	2.34	2	2	0.17	1	1	0.83	unphased	1.55772609819121	1.33138982751386	1.17
11	60610349	60610350	30	7	2.34	2	2	0.17	1	1	0.83	unphased	0.905165165165165	0.905165165165165	1
11	61079459	61079460	147	61	2.34	2	2	0.17	1	1	0.83	unphased	1.40313034188034	1.19925670246183	1.17
11	61725665	61725666	69	24	2.34	2	2	0.17	1	1	0.83	unphased	1.23469534050179	1.23469534050179	1
11	62292478	62292479	240	220	5.12	4	2	0.78	1	1	0.22	unphased	3.61777777777778	1.01622971285893	3.56
11	62339101	62339102	16	5	5.12	4	2	0.78	1	1	0.22	unphased	1.8010582010582	1.8010582010582	1
11	64109509	64109510	45	6	5.12	4	2	0.78	1	1	0.22	unphased	0.889934640522876	0.889934640522876	1
11	64514187	64514188	98	29	5.12	4	2	0.78	1	1	0.22	unphased	1.72731408573928	0.970401171763642	1.78
11	64564480	64564481	102	18	5.12	4	2	0.78	1	1	0.22	unphased	1.13466666666667	1.13466666666667	1
11	64825655	64825656	40	6	5.12	4	2	0.78	1	1	0.22	unphased	0.986666666666667	0.986666666666667	1
11	64938898	64938899	60	25	5.12	4	2	0.78	1	1	0.22	unphased	2.22483660130719	0.869076797385621	2.56
11	65108446	65108447	35	6	5.12	4	2	0.78	1	1	0.22	unphased	1.1069918699187	1.1069918699187	1
11	65124545	65124546	100	68	5.12	4	2	0.78	1	1	0.22	unphased	3.06179894179894	0.916706269999683	3.34
11	65268106	65268107	133	32	5.12	4	2	0.78	1	1	0.22	unphased	1.46704377104377	0.824181893844815	1.78
11	65380565	65380566	61	14	5.12	4	2	0.78	1	1	0.22	unphased	1.41202962962963	1.41202962962963	1
11	65387243	65387244	16	3	5.12	4	2	0.78	1	1	0.22	unphased	1.19438596491228	1.19438596491228	1
11	65482088	65482089	112	26	5.12	4	2	0.78	1	1	0.22	unphased	1.42518518518519	0.8006658343737	1.78
11	65810808	65810809	47	4	5.12	4	2	0.78	1	1	0.22	unphased	0.593289760348584	0.593289760348584	1
11	66262730	66262731	129	41	5.12	4	2	0.78	1	1	0.22	unphased	1.8243660130719	1.02492472644489	1.78
11	66392645	66392646	279	18	5.12	4	2	0.78	1	1	0.22	unphased	0.458451178451178	0.458451178451178	1
11	66616774	66616775	79	15	5.12	4	2	0.78	1	1	0.22	unphased	1.20709219858156	1.20709219858156	1
11	70333053	70333054	76	11	5.12	4	2	0.78	1	1	0.22	unphased	0.956424010217114	0.956424010217114	1
11	71277060	71277061	314	77	5.12	4	2	0.78	1	1	0.22	unphased	1.48967320261438	0.836895057648528	1.78
11	71293308	71293309	31	25	5.12	4	2	0.78	1	1	0.22	unphased	3.37698412698413	1.01107309191142	3.34
11	73120642	73120643	121	19	5.12	4	2	0.78	1	1	0.22	unphased	1.02660317460317	1.02660317460317	1
11	73997405	73997406	229	9	5.12	4	2	0.78	1	1	0.22	unphased	0.286050420168067	0.286050420168067	1
11	75188801	75188802	24	6	5.12	4	2	0.78	1	1	0.22	unphased	1.51288888888889	1.51288888888889	1
11	75277633	75277634	39	5	5.12	4	2	0.78	1	1	0.22	unphased	0.859595959595959	0.859595959595959	1
11	75902796	75902797	140	34	5.12	4	2	0.78	1	1	0.22	unphased	1.4781098339719	0.830398783130283	1.78
11	76169295	76169296	94	27	5.12	4	2	0.78	1	1	0.22	unphased	1.68793388429752	0.948277463088495	1.78
11	76183702	76183703	110	17	5.12	4	2	0.78	1	1	0.22	unphased	1.0125634295713	1.0125634295713	1
11	76239404	76239405	118	40	5.12	4	2	0.78	1	1	0.22	unphased	1.91504922644163	1.0758703519335	1.78
11	77909054	77909055	93	31	5.12	4	2	0.78	1	1	0.22	unphased	1.89111111111111	1.06242197253433	1.78
11	82880441	82880442	63	18	5.12	4	2	0.78	1	1	0.22	unphased	1.68098765432099	0.944375086697184	1.78
11	83641487	83641488	119	39	5.12	4	2	0.78	1	1	0.22	unphased	1.86717299578059	1.04897359313516	1.78
11	83676387	83676388	112	23	5.12	4	2	0.78	1	1	0.22	unphased	1.28875720164609	1.28875720164609	1
11	84028143	84028144	227	32	5.12	4	2	0.78	1	1	0.22	unphased	0.934603174603175	0.934603174603175	1
11	85374857	85374858	99	95	5.12	4	2	0.78	1	1	0.22	unphased	3.70423825887743	0.979957211343236	3.78
11	85420534	85420535	123	11	5.12	4	2	0.78	1	1	0.22	unphased	0.620961857379768	0.620961857379768	1
11	85445286	85445287	129	42	5.12	4	2	0.78	1	1	0.22	unphased	1.85793372319688	1.04378299056005	1.78
11	85584274	85584275	25	10	5.12	4	2	0.78	1	1	0.22	unphased	2.16126984126984	0.844246031746032	2.56
11	86270864	86270865	94	21	5.12	4	2	0.78	1	1	0.22	unphased	1.38133333333333	1.38133333333333	1
11	88911151	88911152	72	26	5.12	4	2	0.78	1	1	0.22	unphased	2.00689342403628	1.12746821575072	1.78
11	92715237	92715238	263	70	5.12	4	2	0.78	1	1	0.22	unphased	1.59012345679012	0.893327784713552	1.78
11	93754639	93754640	148	32	5.12	4	2	0.78	1	1	0.22	unphased	1.34479012345679	0.755500069357747	1.78
11	99932086	99932087	101	20	9	7	2	1	NA	NA	NA	unphased	1.89164370982553	0.945821854912764	2
11	100999562	100999563	83	19	9	7	2	1	NA	NA	NA	unphased	2.1318082788671	1.06590413943355	2
11	101343049	101343050	52	6	9	7	2	1	NA	NA	NA	unphased	1.18390804597701	1.18390804597701	1
11	102646041	102646042	100	19	9	7	2	1	NA	NA	NA	unphased	1.82726423902894	0.913632119514472	2
11	102667847	102667848	180	33	NA	NA	NA	NA	NA	NA	NA	unphased	NA	NA	1
11	102826373	102826374	82	15	5.05	4	2	0.81	1	0	0.19	unphased	1.15893470790378	1.15893470790378	1
11	103818453	103818454	60	15	5.05	4	2	0.81	1	0	0.19	unphased	1.49888888888889	1.49888888888889	1
11	103907432	103907433	31	5	5.05	4	2	0.81	1	0	0.19	unphased	1.0408950617284	1.0408950617284	1
11	103908163	103908164	127	49	5.05	4	2	0.81	1	0	0.19	unphased	2.08652146464646	1.15277428985993	1.81
11	104774271	104774272	18	9	5.05	4	2	0.81	1	0	0.19	unphased	2.49814814814815	0.95349165959853	2.62
11	107506438	107506439	71	13	5.05	4	2	0.81	1	0	0.19	unphased	1.1598544973545	1.1598544973545	1
11	108593862	108593863	41	15	5.05	4	2	0.81	1	0	0.19	unphased	2.00744047619048	1.10908313601684	1.81
11	111844944	111844945	48	9	5.05	4	2	0.81	1	0	0.19	unphased	1.18333333333333	1.18333333333333	1
11	111899573	111899574	179	11	5.05	4	2	0.81	1	0	0.19	unphased	0.433888888888889	0.433888888888889	1
11	113103000	113103001	52	19	5.05	4	2	0.81	1	0	0.19	unphased	2.00555555555556	1.10804174340086	1.81
11	116692267	116692268	113	36	5.05	4	2	0.81	1	0	0.19	unphased	1.81073825503356	1.00040787570915	1.81
11	117242023	117242024	226	15	3.41	3	2	0.47	1	1	0.53	unphased	0.364384508990318	0.775286189341102	0.47
11	118370027	118370028	201	25	3.41	3	2	0.47	1	1	0.53	unphased	0.647615535889872	0.647615535889872	1
11	119181507	119181508	196	55	7	6	1	1	NA	NA	NA	unphased	2.06949977866313	1.03474988933156	2
11	119217242	119217243	67	16	7	6	1	1	NA	NA	NA	unphased	1.82061579651941	0.910307898259705	2
11	119548514	119548515	73	15	4.84	4	2	0.71	1	1	0.29	unphased	1.24166666666667	1.24166666666667	1
11	120178190	120178191	133	47	4.84	4	2	0.71	1	1	0.29	unphased	1.90204938271605	1.1123095805357	1.71
11	121000388	121000389	171	69	4.84	4	2	0.71	1	1	0.29	unphased	2.09427777777778	0.86540404040404	2.42
11	121000389	121000390	170	71	4.84	4	2	0.71	1	1	0.29	unphased	2.14603964960811	0.886793243639717	2.42
11	122650347	122650348	142	34	4.84	4	2	0.71	1	1	0.29	unphased	1.40722222222222	0.822936972059779	1.71
11	122650348	122650349	142	34	4.84	4	2	0.71	1	1	0.29	unphased	1.40722222222222	0.822936972059779	1.71
11	122650362	122650363	126	29	4.84	4	2	0.71	1	1	0.29	unphased	1.36289605734767	0.797015238215012	1.71
11	122720919	122720920	78	19	4.84	4	2	0.71	1	1	0.29	unphased	1.42684994272623	1.42684994272623	1
11	122852303	122852304	12	6	4.84	4	2	0.71	1	1	0.29	unphased	2.42814814814815	1.003367003367	2.42
11	123847567	123847568	158	23	4.84	4	2	0.71	1	1	0.29	unphased	0.925647636586863	0.925647636586863	1
11	124005728	124005729	37	8	4.84	4	2	0.71	1	1	0.29	unphased	1.29501234567901	1.29501234567901	1
11	124189626	124189627	91	25	4.84	4	2	0.71	1	1	0.29	unphased	1.56992337164751	0.918083843068719	1.71
11	124412851	124412852	49	12	4.84	4	2	0.71	1	1	0.29	unphased	1.43300546448087	1.43300546448087	1
11	124413268	124413269	78	20	4.84	4	2	0.71	1	1	0.29	unphased	1.48662131519274	0.869369190171195	1.71
11	124481558	124481559	73	18	4.84	4	2	0.71	1	1	0.29	unphased	1.44087912087912	1.44087912087912	1
11	124624607	124624608	232	40	6	3	3	1	NA	NA	NA	unphased	1.24183006535948	1.24183006535948	1
11	124749230	124749231	22	6	4.92	4	2	0.73	1	1	0.27	unphased	1.57809523809524	1.57809523809524	1
11	124757054	124757055	100	34	4.92	4	2	0.73	1	1	0.27	unphased	1.8685903814262	1.08011004706717	1.73
11	124955547	124955548	94	18	4.92	4	2	0.73	1	1	0.27	unphased	1.18357142857143	1.18357142857143	1
11	125267916	125267917	111	7	4.92	4	2	0.73	1	1	0.27	unphased	0.436873822975518	0.598457291747285	0.73
11	125298921	125298922	54	6	4.92	4	2	0.73	1	1	0.27	unphased	0.736444444444444	0.736444444444444	1
11	125301264	125301265	56	7	4.92	4	2	0.73	1	1	0.27	unphased	0.818271604938272	0.818271604938272	1
11	125351439	125351440	200	64	4.92	4	2	0.73	1	1	0.27	unphased	1.78531986531987	1.03197680076293	1.73
11	125475595	125475596	114	35	4.92	4	2	0.73	1	1	0.27	unphased	1.72990305741984	0.999943963826495	1.73
11	126306758	126306759	43	12	4.92	4	2	0.73	1	1	0.27	unphased	1.60678787878788	1.60678787878788	1
11	129740009	129740010	119	40	4.92	4	2	0.73	1	1	0.27	unphased	1.85269042627533	1.07091932154643	1.73
11	130079566	130079567	41	11	4.92	4	2	0.73	1	1	0.27	unphased	1.55786324786325	1.55786324786325	1
11	132180118	132180119	144	98	4.92	4	2	0.73	1	1	0.27	unphased	2.98229568411387	0.9348889291893	3.19
11	134188563	134188564	18	3	3.47	3	2	0.49	1	1	0.51	unphased	0.844920634920635	0.844920634920635	1
12	247853	247854	6	3	2.38	2	2	0.19	1	1	0.81	unphased	1.60814814814815	1.60814814814815	1
12	335606	335607	46	15	2.38	2	2	0.19	1	1	0.81	unphased	1.18633879781421	1.18633879781421	1
12	2224479	2224480	8	5	2.34	2	2	0.17	1	1	0.83	unphased	1.84017094017094	1.84017094017094	1
12	2786201	2786202	9	4	2.34	2	2	0.17	1	1	0.83	unphased	1.47213675213675	1.47213675213675	1
12	5154516	5154517	51	14	2.34	2	2	0.17	1	1	0.83	unphased	1.03049572649573	1.03049572649573	1
12	6494498	6494499	44	23	2.34	2	2	0.17	1	1	0.83	unphased	1.64242122719735	1.4037788266644	1.17
12	6756074	6756075	59	22	2.34	2	2	0.17	1	1	0.83	unphased	1.29947873799726	1.29947873799726	1
12	7476110	7476111	37	19	4	2	2	1	NA	NA	NA	unphased	2.18650793650794	1.09325396825397	2
12	7639978	7639979	45	12	4	2	2	1	NA	NA	NA	unphased	1.35672514619883	1.35672514619883	1
12	7864236	7864237	24	13	4	2	2	1	NA	NA	NA	unphased	2.26426426426426	1.13213213213213	2
12	7864237	7864238	25	12	4	2	2	1	NA	NA	NA	unphased	2.09009009009009	1.04504504504505	2
12	8245514	8245515	120	37	4	2	2	1	NA	NA	NA	unphased	1.51875442321302	0.759377211606511	2
12	8906615	8906616	93	37	4	2	2	1	NA	NA	NA	unphased	1.83418803418803	0.917094017094017	2
12	9907143	9907144	58	21	1.33	2	2	0.11	1	0	0.89	unphased	1.00333333333333	1.00333333333333	1
12	10215688	10215689	86	29	1.33	2	2	0.11	1	0	0.89	unphased	0.951816425120773	0.951816425120773	1
12	10218315	10218316	26	3	1.33	2	2	0.11	1	0	0.89	unphased	0.390459770114943	0.390459770114943	1
12	10339076	10339077	56	30	1.33	2	2	0.11	1	0	0.89	unphased	1.31666666666667	1.31666666666667	1
12	10466071	10466072	91	13	1.33	2	2	0.11	1	0	0.89	unphased	0.471805555555556	0.471805555555556	1
12	11420915	11420916	240	68	4	3	2	0.75	0	1	0.25	unphased	1.42279942279942	0.948532948532948	1.5
12	14849222	14849223	41	19	4	2	2	1	NA	NA	NA	unphased	2.04074074074074	1.02037037037037	2
12	14996145	14996146	7	4	4	2	2	1	NA	NA	NA	unphased	2.34343434343434	2.34343434343434	1
12	14996147	14996148	6	3	4	2	2	1	NA	NA	NA	unphased	2.14814814814815	2.14814814814815	1
12	21331855	21331856	64	16	4	2	2	1	NA	NA	NA	unphased	1.28888888888889	1.28888888888889	1
12	21377715	21377716	61	38	4	2	2	1	NA	NA	NA	unphased	2.47362514029181	1.2368125701459	2
12	21422687	21422688	60	18	4	2	2	1	NA	NA	NA	unphased	1.48717948717949	0.743589743589744	2
12	22028584	22028585	43	15	4	2	2	1	NA	NA	NA	unphased	1.66666666666667	0.833333333333334	2
12	22609906	22609907	29	10	4	2	2	1	NA	NA	NA	unphased	1.65242165242165	1.65242165242165	1
12	27849994	27849995	39	23	4	2	2	1	NA	NA	NA	unphased	2.39068100358423	1.19534050179211	2
12	29650605	29650606	45	17	4	2	2	1	NA	NA	NA	unphased	1.76702508960573	0.883512544802867	2
12	29786206	29786207	95	8	4	2	2	1	NA	NA	NA	unphased	0.500539374325782	0.500539374325782	1
12	29904643	29904644	66	9	4	2	2	1	NA	NA	NA	unphased	0.773333333333333	0.773333333333333	1
12	32480434	32480435	61	23	4	2	2	1	NA	NA	NA	unphased	1.76455026455026	0.882275132275132	2
12	32481176	32481177	67	36	4	2	2	1	NA	NA	NA	unphased	2.25242718446602	1.12621359223301	2
12	41967123	41967124	155	59	4	2	2	1	NA	NA	NA	unphased	1.77673935617861	0.888369678089304	2
12	48240118	48240119	12	6	4	2	2	1	NA	NA	NA	unphased	2.14814814814815	1.07407407407407	2
12	48251337	48251338	96	10	4	2	2	1	NA	NA	NA	unphased	0.607966457023061	0.607966457023061	1
12	48386707	48386708	34	10	4	2	2	1	NA	NA	NA	unphased	1.46464646464646	1.46464646464646	1
12	49916601	49916602	44	10	2.4	2	2	0.2	1	1	0.8	unphased	0.897119341563786	0.897119341563786	1
12	49943403	49943404	29	8	2.4	2	2	0.2	1	1	0.8	unphased	1.04744744744745	1.04744744744745	1
12	50475360	50475361	37	15	2.4	2	2	0.2	1	1	0.8	unphased	1.3974358974359	1.3974358974359	1
12	51090958	51090959	30	12	2.4	2	2	0.2	1	1	0.8	unphased	1.38412698412698	1.38412698412698	1
12	52714927	52714928	56	30	2.4	2	2	0.2	1	1	0.8	unphased	1.68992248062016	1.40826873385013	1.2
12	55356388	55356389	138	49	4	2	2	1	NA	NA	NA	unphased	1.68865121806298	0.844325609031492	2
12	56030944	56030945	57	30	4	2	2	1	NA	NA	NA	unphased	2.22222222222222	1.11111111111111	2
12	56555329	56555330	22	3	4	2	2	1	NA	NA	NA	unphased	0.773333333333333	0.773333333333333	1
12	57591139	57591140	170	20	4	2	2	1	NA	NA	NA	unphased	0.678362573099415	0.678362573099415	1
12	57599186	57599187	25	4	4	2	2	1	NA	NA	NA	unphased	0.888888888888889	0.888888888888889	1
12	57962810	57962811	52	6	4	2	2	1	NA	NA	NA	unphased	0.666666666666667	0.666666666666667	1
12	63060985	63060986	22	7	4	2	2	1	NA	NA	NA	unphased	1.55555555555556	1.55555555555556	1
12	64491125	64491126	33	14	4	2	2	1	NA	NA	NA	unphased	1.91962174940898	0.959810874704492	2
12	64509624	64509625	13	12	4	2	2	1	NA	NA	NA	unphased	3.09333333333333	1.54666666666667	2
12	70946629	70946630	67	15	4	2	2	1	NA	NA	NA	unphased	1.17886178861789	1.17886178861789	1
12	71286550	71286551	105	41	4	2	2	1	NA	NA	NA	unphased	1.80974124809741	0.904870624048706	2
12	78400694	78400695	91	9	1.6	2	2	0.2	1	0	0.8	unphased	0.364	0.364	1
12	80746081	80746082	19	7	1.6	2	2	0.2	1	0	0.8	unphased	1.08888888888889	1.08888888888889	1
12	94580195	94580196	35	19	4	2	2	1	NA	NA	NA	unphased	2.26748971193416	1.13374485596708	2
12	94618091	94618092	60	24	4	2	2	1	NA	NA	NA	unphased	1.84126984126984	0.920634920634921	2
12	97051858	97051859	69	19	6	4	2	1	NA	NA	NA	unphased	1.82323232323232	0.911616161616162	2
12	100551471	100551472	41	15	4	2	2	1	NA	NA	NA	unphased	1.72619047619048	0.863095238095238	2
12	100904557	100904558	22	11	4	2	2	1	NA	NA	NA	unphased	2.14814814814815	1.07407407407407	2
12	101381336	101381337	326	164	4	2	2	1	NA	NA	NA	unphased	2.15691609977324	1.07845804988662	2
12	103352410	103352411	32	5	2.24	2	2	0.12	1	1	0.88	unphased	0.633033033033033	0.633033033033033	1
12	104396964	104396965	133	20	2.24	2	2	0.12	1	1	0.88	unphased	0.612345679012346	0.612345679012346	1
12	108620801	108620802	58	24	2.24	2	2	0.12	1	1	0.88	unphased	1.37105691056911	1.37105691056911	1
12	108941750	108941751	35	9	2.24	2	2	0.12	1	1	0.88	unphased	0.958181818181818	0.958181818181818	1
12	109877483	109877484	20	11	2.24	2	2	0.12	1	1	0.88	unphased	1.66222222222222	1.48412698412698	1.12
12	110252297	110252298	33	10	2.24	2	2	0.12	1	1	0.88	unphased	1.08940568475452	1.08940568475452	1
12	110370676	110370677	15	3	2.24	2	2	0.12	1	1	0.88	unphased	0.780740740740741	0.780740740740741	1
12	111779637	111779638	75	31	2.24	2	2	0.12	1	1	0.88	unphased	1.36997903563941	1.22319556753519	1.12
12	111779638	111779639	69	30	2.24	2	2	0.12	1	1	0.88	unphased	1.41952861952862	1.26743626743627	1.12
12	111954043	111954044	22	18	2.24	2	2	0.12	1	1	0.88	unphased	2.108	1.88214285714286	1.12
12	113612893	113612894	86	6	2.24	2	2	0.12	1	1	0.88	unphased	0.305507246376812	0.305507246376812	1
12	122277571	122277572	14	7	2.52	2	2	0.26	1	1	0.74	unphased	1.65481481481481	1.65481481481481	1
12	122691524	122691525	73	8	2.52	2	2	0.26	1	1	0.74	unphased	0.490315500685871	0.490315500685871	1
12	122862382	122862383	163	76	2.52	2	2	0.26	1	1	0.74	unphased	1.57865178986518	1.25289824592475	1.26
12	124428009	124428010	144	66	2.52	2	2	0.26	1	1	0.74	unphased	1.56025396825397	1.23829680020156	1.26
12	125509757	125509758	69	19	2.52	2	2	0.26	1	1	0.74	unphased	1.07186868686869	1.07186868686869	1
12	130941115	130941116	28	16	3	2	1	1	NA	NA	NA	unphased	1.97979797979798	0.98989898989899	2
12	131285767	131285768	44	4	3	2	1	1	NA	NA	NA	unphased	0.453703703703704	0.453703703703704	1
12	132466836	132466837	92	41	3	2	1	1	NA	NA	NA	unphased	1.67836257309942	0.839181286549708	2
12	132471095	132471096	99	18	3	2	1	1	NA	NA	NA	unphased	0.837606837606838	0.837606837606838	1
12	132547012	132547013	59	27	3	2	1	1	NA	NA	NA	unphased	1.7093023255814	0.854651162790698	2
13	19753491	19753492	65	8	3	2	1	1	NA	NA	NA	unphased	0.596651445966514	0.596651445966514	1
13	25262493	25262494	288	57	3	2	1	1	NA	NA	NA	unphased	0.89951690821256	0.89951690821256	1
13	25457508	25457509	50	12	3	2	1	1	NA	NA	NA	unphased	1.05376344086022	1.05376344086022	1
13	25743821	25743822	63	30	3	2	1	1	NA	NA	NA	unphased	1.75627240143369	0.878136200716846	2
13	26788286	26788287	72	15	3	2	1	1	NA	NA	NA	unphased	0.938697318007663	0.938697318007663	1
13	27333175	27333176	38	11	3	2	1	1	NA	NA	NA	unphased	1.22222222222222	1.22222222222222	1
13	28537262	28537263	48	4	3	2	1	1	NA	NA	NA	unphased	0.418803418803419	0.418803418803419	1
13	28623838	28623839	68	10	3	2	1	1	NA	NA	NA	unphased	0.698005698005698	0.698005698005698	1
13	29599123	29599124	41	6	3	2	1	1	NA	NA	NA	unphased	0.695035460992908	0.695035460992908	1
13	33344514	33344515	37	6	3	2	1	1	NA	NA	NA	unphased	0.75968992248062	0.75968992248062	1
13	37619399	37619400	28	7	3	2	1	1	NA	NA	NA	unphased	1.08888888888889	1.08888888888889	1
13	38160959	38160960	42	6	3	2	1	1	NA	NA	NA	unphased	0.680555555555556	0.680555555555556	1
13	38172934	38172935	16	17	3	2	1	1	NA	NA	NA	unphased	2.8047138047138	1.4023569023569	2
13	41341053	41341054	55	42	3	2	1	1	NA	NA	NA	unphased	2.3573883161512	1.1786941580756	2
13	41507914	41507915	66	48	3	2	1	1	NA	NA	NA	unphased	2.29239766081871	1.14619883040936	2
13	42769035	42769036	40	18	3	2	1	1	NA	NA	NA	unphased	1.68965517241379	0.844827586206897	2
13	43872483	43872484	27	25	3	2	1	1	NA	NA	NA	unphased	2.61752136752137	1.30876068376068	2
13	50050715	50050716	120	23	3	2	1	1	NA	NA	NA	unphased	0.875679875679876	0.875679875679876	1
13	50051128	50051129	49	12	3	2	1	1	NA	NA	NA	unphased	1.07103825136612	1.07103825136612	1
13	51825864	51825865	8	3	3	2	1	1	NA	NA	NA	unphased	1.48484848484848	1.48484848484848	1
13	53420690	53420691	12	3	5	4	1	1	NA	NA	NA	unphased	1.48888888888889	1.48888888888889	1
13	53421199	53421200	17	3	5	4	1	1	NA	NA	NA	unphased	1.11666666666667	1.11666666666667	1
13	53422296	53422297	84	22	5	4	1	1	NA	NA	NA	unphased	1.54507337526205	0.772536687631027	2
13	61986208	61986209	68	22	1.7	2	1	0.35	1	0	0.65	unphased	1.01308641975309	1.01308641975309	1
13	67802664	67802665	7	6	1.54	3	1	0.18	1	0	0.82	unphased	1.83897435897436	1.83897435897436	1
13	70314687	70314688	27	25	1.54	3	1	0.18	1	0	0.82	unphased	1.91559829059829	0.878714812201051	2.18
13	96599351	96599352	55	9	1.42	3	1	0.14	1	0	0.86	unphased	0.5434375	0.5434375	1
13	97639846	97639847	17	39	4.6	6	1	0.6	1	0	0.4	unphased	4.90595238095238	1.02207341269841	4.8
13	101277780	101277781	102	34	4.6	6	1	0.6	1	0	0.4	unphased	1.76111111111111	1.10069444444444	1.6
13	102235703	102235704	129	26	4	3	1	1	NA	NA	NA	unphased	1.08100358422939	1.08100358422939	1
13	102367913	102367914	110	64	4	3	1	1	NA	NA	NA	unphased	2.37037037037037	1.18518518518519	2
13	109793317	109793318	3	6	4	3	1	1	NA	NA	NA	unphased	4.2962962962963	1.4320987654321	3
13	111092172	111092173	49	7	4	3	1	1	NA	NA	NA	unphased	0.805555555555556	0.805555555555556	1
13	111130367	111130368	46	27	4	3	1	1	NA	NA	NA	unphased	2.38356164383562	1.19178082191781	2
13	111287010	111287011	35	5	4	3	1	1	NA	NA	NA	unphased	0.805555555555556	0.805555555555556	1
13	111368347	111368348	51	31	4	3	1	1	NA	NA	NA	unphased	2.43631436314363	0.812104787714544	3
13	113771896	113771897	251	25	3.3	5	1	0.46	1	0	0.54	unphased	0.520330112721417	1.1311524189596	0.46
13	113964174	113964175	181	13	3.3	5	1	0.46	1	0	0.54	unphased	0.384936998854525	0.836819562727227	0.46
14	20216171	20216172	59	13	NA	NA	NA	NA	NA	NA	NA	unphased	NA	NA	1
14	20528382	20528383	92	44	4	2	2	1	NA	NA	NA	unphased	2.08496732026144	1.04248366013072	2
14	20586341	20586342	105	34	4	2	2	1	NA	NA	NA	unphased	1.57633892885691	0.788169464428457	2
14	20849098	20849099	45	4	4	2	2	1	NA	NA	NA	unphased	0.526077097505669	0.526077097505669	1
14	20979088	20979089	49	15	4	2	2	1	NA	NA	NA	unphased	1.51041666666667	1.51041666666667	1
14	21560059	21560060	21	6	4	2	2	1	NA	NA	NA	unphased	1.4320987654321	1.4320987654321	1
14	21897349	21897350	50	16	4	2	2	1	NA	NA	NA	unphased	1.56228956228956	0.781144781144781	2
14	21899362	21899363	19	12	4	2	2	1	NA	NA	NA	unphased	2.49462365591398	1.24731182795699	2
14	23596403	23596404	66	24	4	2	2	1	NA	NA	NA	unphased	1.71851851851852	0.859259259259259	2
14	23944785	23944786	75	28	4	2	2	1	NA	NA	NA	unphased	1.75188781014024	0.875943905070119	2
14	24040606	24040607	38	26	4	2	2	1	NA	NA	NA	unphased	2.61805555555556	1.30902777777778	2
14	24728974	24728975	27	8	4	2	2	1	NA	NA	NA	unphased	1.47301587301587	1.47301587301587	1
14	24735663	24735664	87	33	4	2	2	1	NA	NA	NA	unphased	1.77222222222222	0.886111111111111	2
14	29237186	29237187	57	21	4	2	2	1	NA	NA	NA	unphased	1.73504273504274	0.867521367521368	2
14	33201883	33201884	31	4	4	2	2	1	NA	NA	NA	unphased	0.736507936507937	0.736507936507937	1
14	34145459	34145460	55	27	4	2	2	1	NA	NA	NA	unphased	2.1219512195122	1.0609756097561	2
14	35264946	35264947	73	12	7	5	2	1	NA	NA	NA	unphased	1.33333333333333	1.33333333333333	1
14	47504367	47504368	179	39	2.6	3	2	0.2	1	1	0.8	unphased	0.902446483180428	0.902446483180428	1
14	47504415	47504416	119	24	2.6	3	2	0.2	1	1	0.8	unphased	0.846620046620047	0.846620046620047	1
14	50550572	50550573	61	11	7.32	7	2	0.76	1	1	0.24	unphased	1.49179012345679	1.49179012345679	1
14	50583089	50583090	15	27	7.32	7	2	0.76	1	1	0.24	unphased	6.27714285714286	0.999545040946315	6.28
14	51489587	51489588	178	36	7.32	7	2	0.76	1	1	0.24	unphased	1.64261682242991	0.933305012744265	1.76
14	52520984	52520985	31	23	5	3	2	1	NA	NA	NA	unphased	3.17078189300412	1.05692729766804	3
14	52782048	52782049	25	15	5	3	2	1	NA	NA	NA	unphased	2.79166666666667	0.930555555555555	3
14	59113412	59113413	37	11	5	3	2	1	NA	NA	NA	unphased	1.70601851851852	0.853009259259259	2
14	59113433	59113434	58	21	5	3	2	1	NA	NA	NA	unphased	1.9789029535865	0.989451476793249	2
14	62547584	62547585	12	5	5	3	2	1	NA	NA	NA	unphased	2.18954248366013	2.18954248366013	1
14	63174947	63174948	51	15	5	3	2	1	NA	NA	NA	unphased	1.69191919191919	0.845959595959596	2
14	63447965	63447966	47	15	5	3	2	1	NA	NA	NA	unphased	1.8010752688172	0.900537634408602	2
14	64484400	64484401	136	9	5	3	2	1	NA	NA	NA	unphased	0.462068965517241	0.462068965517241	1
14	64988383	64988384	41	31	5	3	2	1	NA	NA	NA	unphased	3.20524691358025	1.06841563786008	3
14	65009160	65009161	127	34	5	3	2	1	NA	NA	NA	unphased	1.57211870255349	0.786059351276743	2
14	65019537	65019538	52	13	5	3	2	1	NA	NA	NA	unphased	1.48888888888889	1.48888888888889	1
14	65208207	65208208	58	22	5	3	2	1	NA	NA	NA	unphased	2.04722222222222	1.02361111111111	2
14	65242016	65242017	32	13	5	3	2	1	NA	NA	NA	unphased	2.15061728395062	1.07530864197531	2
14	67859553	67859554	11	12	5	3	2	1	NA	NA	NA	unphased	3.88405797101449	1.29468599033816	3
14	69341513	69341514	70	53	9	7	2	1	NA	NA	NA	unphased	4.93134598012647	0.986269196025294	5
14	71199498	71199499	109	22	6.26	6	2	0.71	1	1	0.29	unphased	1.46181509754029	0.85486263014052	1.71
14	74995223	74995224	99	11	5	3	2	1	NA	NA	NA	unphased	0.744444444444444	0.744444444444444	1
14	75329869	75329870	70	55	5	3	2	1	NA	NA	NA	unphased	3.27555555555556	1.09185185185185	3
14	76238129	76238130	194	23	5	3	2	1	NA	NA	NA	unphased	0.789042498719918	0.789042498719918	1
14	77255731	77255732	107	11	5	3	2	1	NA	NA	NA	unphased	0.693973634651601	0.693973634651601	1
14	80669290	80669291	48	32	5	3	2	1	NA	NA	NA	unphased	2.97777777777778	0.992592592592593	3
14	81380709	81380710	137	7	5	3	2	1	NA	NA	NA	unphased	0.361882716049383	0.361882716049383	1
14	81970635	81970636	71	23	5	3	2	1	NA	NA	NA	unphased	1.82151300236407	0.910756501182033	2
14	86088907	86088908	184	66	5	3	2	1	NA	NA	NA	unphased	1.96533333333333	0.982666666666667	2
14	88945515	88945516	36	32	5	3	2	1	NA	NA	NA	unphased	3.50326797385621	1.1677559912854	3
14	89061355	89061356	33	15	5	3	2	1	NA	NA	NA	unphased	2.32638888888889	1.16319444444444	2
14	89161766	89161767	29	6	5	3	2	1	NA	NA	NA	unphased	1.27619047619048	1.27619047619048	1
14	90744787	90744788	89	7	5	3	2	1	NA	NA	NA	unphased	0.542824074074074	0.542824074074074	1
14	91007789	91007790	37	4	5	3	2	1	NA	NA	NA	unphased	0.726287262872629	0.726287262872629	1
14	91196485	91196486	89	30	5	3	2	1	NA	NA	NA	unphased	1.87675070028011	0.938375350140056	2
14	93673412	93673413	67	23	5	3	2	1	NA	NA	NA	unphased	1.90246913580247	0.951234567901235	2
14	94404125	94404126	52	13	5	3	2	1	NA	NA	NA	unphased	1.48888888888889	1.48888888888889	1
14	94964721	94964722	72	62	5	3	2	1	NA	NA	NA	unphased	3.44444444444444	1.14814814814815	3
14	96782971	96782972	56	8	5	3	2	1	NA	NA	NA	unphased	0.930555555555556	0.930555555555556	1
14	101455529	101455530	139	60	4.16	3	2	0.72	1	1	0.28	unphased	1.99128978224456	1.15772661758404	1.72
14	101510611	101510612	23	5	4.16	3	2	0.72	1	1	0.28	unphased	1.17936507936508	1.17936507936508	1
14	104145827	104145828	135	7	3.95	3	2	0.65	1	1	0.35	unphased	0.315219092331768	0.484952449741182	0.65
14	104643534	104643535	18	12	3.95	3	2	0.65	1	1	0.35	unphased	2.55777777777778	0.965199161425577	2.65
14	105236628	105236629	5	7	3.95	3	2	0.65	1	1	0.35	unphased	3.73009259259259	1.4075821104123	2.65
14	105353559	105353560	36	28	3.95	3	2	0.65	1	1	0.35	unphased	2.79756944444444	1.05568658280922	2.65
14	105353663	105353664	24	5	3.95	3	2	0.65	1	1	0.35	unphased	1.10249042145594	1.10249042145594	1
14	105411419	105411420	270	168	3.95	3	2	0.65	1	1	0.35	unphased	2.45266362252664	1.06637548805506	2.3
14	105518049	105518050	157	29	3.95	3	2	0.65	1	1	0.35	unphased	0.996983273596177	0.996983273596177	1
14	105521799	105521800	76	40	3.95	3	2	0.65	1	1	0.35	unphased	2.20498084291188	0.958687323005164	2.3
14	106237682	106237683	33	53	3.95	3	2	0.65	1	1	0.35	unphased	3.94076227390181	1.48708010335917	2.65
14	106321706	106321707	29	16	3.95	3	2	0.65	1	1	0.35	unphased	2.27358024691358	0.988513150831991	2.3
14	106494552	106494553	52	22	NA	NA	NA	NA	NA	NA	NA	unphased	NA	NA	1
14	106621988	106621989	175	143	NA	NA	NA	NA	NA	NA	NA	unphased	NA	NA	1
14	107078536	107078537	100	21	5	3	2	1	NA	NA	NA	unphased	1.29201101928375	1.29201101928375	1
15	21071361	21071362	14	5	2	2	0	1	NA	NA	NA	unphased	1.16959064327485	1.16959064327485	1
15	25312991	25312992	67	30	2	2	0	1	NA	NA	NA	unphased	1.3745704467354	0.687285223367698	2
15	28389236	28389237	44	31	2	2	0	1	NA	NA	NA	unphased	1.83703703703704	0.918518518518519	2
15	28478470	28478471	9	9	2	2	0	1	NA	NA	NA	unphased	2.22222222222222	1.11111111111111	2
15	31664263	31664264	7	8	2	2	0	1	NA	NA	NA	unphased	2.37037037037037	1.18518518518519	2
15	34080452	34080453	70	58	2	2	0	1	NA	NA	NA	unphased	2.01388888888889	1.00694444444444	2
15	34528219	34528220	78	9	2	2	0	1	NA	NA	NA	unphased	0.459770114942529	0.459770114942529	1
15	41767985	41767986	25	6	2	2	0	1	NA	NA	NA	unphased	0.860215053763441	0.860215053763441	1
15	42113111	42113112	19	11	2	2	0	1	NA	NA	NA	unphased	1.62962962962963	1.62962962962963	1
15	48426733	48426734	38	7	2	2	0	1	NA	NA	NA	unphased	0.691358024691358	0.691358024691358	1
15	50904912	50904913	67	30	4	2	2	1	NA	NA	NA	unphased	1.99312714776632	0.996563573883162	2
15	58458997	58458998	92	21	4	2	2	1	NA	NA	NA	unphased	1.1976401179941	1.1976401179941	1
15	58834826	58834827	83	37	4	2	2	1	NA	NA	NA	unphased	1.98703703703704	0.993518518518519	2
15	59494581	59494582	65	31	4	2	2	1	NA	NA	NA	unphased	2.08101851851852	1.04050925925926	2
15	59501032	59501033	42	15	4	2	2	1	NA	NA	NA	unphased	1.69590643274854	0.847953216374269	2
15	60742004	60742005	69	27	4	2	2	1	NA	NA	NA	unphased	1.8125	0.90625	2
15	65678340	65678341	7	6	4	2	2	1	NA	NA	NA	unphased	2.97435897435897	1.48717948717949	2
15	65946269	65946270	104	18	4	2	2	1	NA	NA	NA	unphased	0.950819672131148	0.950819672131148	1
15	68612717	68612718	10	8	4	2	2	1	NA	NA	NA	unphased	2.8641975308642	1.4320987654321	2
15	72958692	72958693	11	12	4	2	2	1	NA	NA	NA	unphased	3.36231884057971	1.68115942028986	2
15	73617763	73617764	139	48	4	2	2	1	NA	NA	NA	unphased	1.6541889483066	0.827094474153298	2
15	74284504	74284505	28	10	4	2	2	1	NA	NA	NA	unphased	1.69590643274854	1.69590643274854	1
15	74468371	74468372	34	15	4	2	2	1	NA	NA	NA	unphased	1.97278911564626	0.986394557823129	2
15	74659770	74659771	92	24	4	2	2	1	NA	NA	NA	unphased	1.33333333333333	1.33333333333333	1
15	75308945	75308946	100	15	4	2	2	1	NA	NA	NA	unphased	0.840579710144928	0.840579710144928	1
15	75631426	75631427	109	50	4	2	2	1	NA	NA	NA	unphased	2.02655485674354	1.01327742837177	2
15	75979866	75979867	83	25	4	2	2	1	NA	NA	NA	unphased	1.4917695473251	0.745884773662552	2
15	75982101	75982102	84	7	4	2	2	1	NA	NA	NA	unphased	0.495726495726496	0.495726495726496	1
15	77310588	77310589	10	5	4	2	2	1	NA	NA	NA	unphased	2.14814814814815	2.14814814814815	1
15	78635880	78635881	29	11	4	2	2	1	NA	NA	NA	unphased	1.77222222222222	0.886111111111111	2
15	83240227	83240228	107	52	4	2	2	1	NA	NA	NA	unphased	2.10761705101328	1.05380852550664	2
15	83447539	83447540	12	10	4	2	2	1	NA	NA	NA	unphased	2.92929292929293	1.46464646464646	2
15	85411722	85411723	14	5	4	2	2	1	NA	NA	NA	unphased	1.69590643274854	1.69590643274854	1
15	86312335	86312336	25	7	4	2	2	1	NA	NA	NA	unphased	1.40972222222222	1.40972222222222	1
15	86814904	86814905	72	27	4	2	2	1	NA	NA	NA	unphased	1.75757575757576	0.878787878787879	2
15	88420314	88420315	39	10	4	2	2	1	NA	NA	NA	unphased	1.31519274376417	1.31519274376417	1
15	89056256	89056257	40	16	4	2	2	1	NA	NA	NA	unphased	1.84126984126984	0.920634920634921	2
15	89383358	89383359	18	4	4	2	2	1	NA	NA	NA	unphased	1.17171717171717	1.17171717171717	1
15	90162952	90162953	73	19	4	2	2	1	NA	NA	NA	unphased	1.33091787439614	1.33091787439614	1
15	91491408	91491409	130	20	4	2	2	1	NA	NA	NA	unphased	0.859259259259259	0.859259259259259	1
15	98509138	98509139	73	25	4	2	2	1	NA	NA	NA	unphased	1.64399092970522	0.821995464852608	2
15	100802628	100802629	98	32	4	2	2	1	NA	NA	NA	unphased	1.58632478632479	0.793162393162393	2
16	424346	424347	56	20	2.74	3	1	0.37	1	1	0.63	unphased	1.36432748538012	1.36432748538012	1
16	602997	602998	66	14	2.74	3	1	0.37	1	1	0.63	unphased	0.907277777777778	0.907277777777778	1
16	698149	698150	27	3	3.23	3	2	0.41	1	1	0.59	unphased	0.567444444444445	0.567444444444445	1
16	1306531	1306532	89	47	3.23	3	2	0.41	1	1	0.59	unphased	1.96102124183007	1.07748419880773	1.82
16	1370539	1370540	52	17	3.23	3	2	0.41	1	1	0.59	unphased	1.39805152979066	1.39805152979066	1
16	1498741	1498742	81	67	3.23	3	2	0.41	1	1	0.59	unphased	2.56883633633634	1.06590719350055	2.41
16	1996682	1996683	68	10	3.23	3	2	0.41	1	1	0.59	unphased	0.727492877492877	0.727492877492877	1
16	2025881	2025882	111	17	3.23	3	2	0.41	1	1	0.59	unphased	0.753637152777778	0.753637152777778	1
16	2155884	2155885	55	7	3.23	3	2	0.41	1	1	0.59	unphased	0.640663082437276	0.640663082437276	1
16	2578515	2578516	52	5	3.23	3	2	0.41	1	1	0.59	unphased	0.49775828460039	0.49775828460039	1
16	2815875	2815876	43	30	3.23	3	2	0.41	1	1	0.59	unphased	2.33196347031963	0.967619697228064	2.41
16	3070411	3070412	29	5	3.23	3	2	0.41	1	1	0.59	unphased	0.834477124183007	0.834477124183007	1
16	3071844	3071845	61	5	3.23	3	2	0.41	1	1	0.59	unphased	0.429882154882155	1.04849306068818	0.41
16	3543977	3543978	21	15	3.23	3	2	0.41	1	1	0.59	unphased	2.36435185185185	0.981058859689565	2.41
16	3740935	3740936	64	16	3.23	3	2	0.41	1	1	0.59	unphased	1.13488888888889	1.13488888888889	1
16	4292062	4292063	17	10	3.23	3	2	0.41	1	1	0.59	unphased	2.10164609053498	0.872052319724058	2.41
16	4385069	4385070	80	22	3.23	3	2	0.41	1	1	0.59	unphased	1.22389978213508	1.22389978213508	1
16	4455509	4455510	60	6	3.23	3	2	0.41	1	1	0.59	unphased	0.515858585858586	1.25819167282582	0.41
16	5075584	5075585	115	10	4.12	4	2	0.53	1	1	0.47	unphased	0.525155555555556	0.990859538784067	0.53
16	5077316	5077317	76	24	4.12	4	2	0.53	1	1	0.47	unphased	1.57546666666667	1.02971677559913	1.53
16	11114170	11114171	18	10	4.25	4	2	0.65	1	0	0.35	unphased	2.39087301587302	1.03951000690131	2.3
16	12798484	12798485	139	26	4.56	4	2	0.64	1	1	0.36	unphased	1.10373063973064	1.10373063973064	1
16	14989861	14989862	205	12	4	4	2	0.5	1	1	0.5	unphased	0.356374807987711	0.712749615975423	0.5
16	15222239	15222240	30	7	4	4	2	0.5	1	1	0.5	unphased	1.21921921921922	1.21921921921922	1
16	17232258	17232259	36	48	4	4	2	0.5	1	1	0.5	unphased	3.68253968253968	1.05215419501134	3.5
16	19477553	19477554	24	22	4.64	4	2	0.66	1	1	0.34	unphased	3.38821256038647	1.02054595192364	3.32
16	20043967	20043968	26	30	2.64	3	2	0.41	1	0	0.59	unphased	2.72380952380952	1.13021142066785	2.41
16	20996911	20996912	126	33	4.4	4	2	0.6	1	1	0.4	unphased	1.42054507337526	0.887840670859539	1.6
16	21045311	21045312	46	8	4.4	4	2	0.6	1	1	0.4	unphased	1.01399176954733	1.01399176954733	1
16	22587947	22587948	97	28	4.4	4	2	0.6	1	1	0.4	unphased	1.53315555555556	0.958222222222222	1.6
16	23366786	23366787	80	27	4.4	4	2	0.6	1	1	0.4	unphased	1.72710280373832	1.07943925233645	1.6
16	23635336	23635337	40	7	4.4	4	2	0.6	1	1	0.4	unphased	1.0193853427896	1.0193853427896	1
16	24166071	24166072	32	30	4.4	4	2	0.6	1	1	0.4	unphased	3.31182795698925	1.03494623655914	3.2
16	24231560	24231561	9	7	4.4	4	2	0.6	1	1	0.4	unphased	2.99444444444444	0.935763888888889	3.2
16	24931273	24931274	11	8	4.4	4	2	0.6	1	1	0.4	unphased	2.88187134502924	1.02923976608187	2.8
16	27460309	27460310	53	47	4.4	4	2	0.6	1	1	0.4	unphased	3.21688888888889	1.00527777777778	3.2
16	27689185	27689186	77	7	4.4	4	2	0.6	1	1	0.4	unphased	0.57037037037037	0.57037037037037	1
16	28878162	28878163	23	20	3.35	3	2	0.45	1	1	0.55	unphased	2.69509043927649	1.1000369139904	2.45
16	28898955	28898956	122	31	3.35	3	2	0.45	1	1	0.55	unphased	1.17403776325345	1.17403776325345	1
16	29896958	29896959	72	59	3.35	3	2	0.45	1	1	0.55	unphased	2.60971162001696	1.06518841633345	2.45
16	29937167	29937168	66	18	3.35	3	2	0.45	1	1	0.55	unphased	1.24166666666667	1.24166666666667	1
16	30409298	30409299	45	45	3.35	3	2	0.45	1	1	0.55	unphased	2.89722222222222	1.18253968253968	2.45
16	30748386	30748387	69	32	3.35	3	2	0.45	1	1	0.55	unphased	1.83586358635864	0.966243992820335	1.9
16	31004141	31004142	38	7	3.35	3	2	0.45	1	1	0.55	unphased	0.901358024691358	0.901358024691358	1
16	31332664	31332665	139	51	3.35	3	2	0.45	1	1	0.55	unphased	1.55535087719298	1.07265577737447	1.45
16	31435892	31435893	43	19	3.35	3	2	0.45	1	1	0.55	unphased	1.77571684587814	0.934587813620072	1.9
16	50349434	50349435	53	10	2	2	0	1	NA	NA	NA	unphased	0.705467372134039	0.705467372134039	1
16	50745495	50745496	12	7	2	2	0	1	NA	NA	NA	unphased	1.6374269005848	1.6374269005848	1
16	52480023	52480024	38	9	2	2	0	1	NA	NA	NA	unphased	0.851063829787234	0.851063829787234	1
16	55867054	55867055	6	5	2	2	0	1	NA	NA	NA	unphased	2.02020202020202	2.02020202020202	1
16	56396848	56396849	28	6	2	2	0	1	NA	NA	NA	unphased	0.784313725490196	0.784313725490196	1
16	58593827	58593828	34	13	2	2	0	1	NA	NA	NA	unphased	1.22931442080378	1.22931442080378	1
16	71318241	71318242	14	19	2	2	0	1	NA	NA	NA	unphased	2.55892255892256	1.27946127946128	2
16	72821647	72821648	26	7	2	2	0	1	NA	NA	NA	unphased	0.942760942760943	0.942760942760943	1
16	78005818	78005819	106	71	2	2	0	1	NA	NA	NA	unphased	1.78279974890144	0.891399874450722	2
16	78005819	78005820	103	70	2	2	0	1	NA	NA	NA	unphased	1.79833012202954	0.899165061014772	2
16	79633526	79633527	12	11	2	2	0	1	NA	NA	NA	unphased	2.1256038647343	1.06280193236715	2
16	81181854	81181855	42	12	2	2	0	1	NA	NA	NA	unphased	0.987654320987654	0.987654320987654	1
16	83065757	83065758	9	9	2	2	0	1	NA	NA	NA	unphased	2.22222222222222	1.11111111111111	2
16	84623741	84623742	39	12	2	2	0	1	NA	NA	NA	unphased	1.04575163398693	1.04575163398693	1
16	86601092	86601093	22	12	2	2	0	1	NA	NA	NA	unphased	1.56862745098039	1.56862745098039	1
16	86612676	86612677	61	48	2	2	0	1	NA	NA	NA	unphased	1.95718654434251	0.978593272171254	2
16	87743022	87743023	46	37	2	2	0	1	NA	NA	NA	unphased	1.98125836680054	0.990629183400268	2
16	89828357	89828358	46	6	2	2	0	1	NA	NA	NA	unphased	0.512820512820513	0.512820512820513	1
17	171084	171085	77	25	2	2	0	1	NA	NA	NA	unphased	1.08932461873638	1.08932461873638	1
17	1636084	1636085	15	11	2	2	0	1	NA	NA	NA	unphased	1.88034188034188	0.94017094017094	2
17	2278920	2278921	49	16	2	2	0	1	NA	NA	NA	unphased	1.09401709401709	1.09401709401709	1
17	2901669	2901670	19	25	2	2	0	1	NA	NA	NA	unphased	2.52525252525253	1.26262626262626	2
17	3436100	3436101	22	20	2	2	0	1	NA	NA	NA	unphased	2.11640211640212	1.05820105820106	2
17	3801386	3801387	61	11	2	2	0	1	NA	NA	NA	unphased	0.679012345679012	0.679012345679012	1
17	3807689	3807690	15	4	2	2	0	1	NA	NA	NA	unphased	0.935672514619883	0.935672514619883	1
17	4692554	4692555	7	4	2	2	0	1	NA	NA	NA	unphased	1.61616161616162	1.61616161616162	1
17	4805386	4805387	20	8	2	2	0	1	NA	NA	NA	unphased	1.26984126984127	1.26984126984127	1
17	4923971	4923972	13	15	2	2	0	1	NA	NA	NA	unphased	2.38095238095238	1.19047619047619	2
17	4923972	4923973	11	15	2	2	0	1	NA	NA	NA	unphased	2.56410256410256	1.28205128205128	2
17	4937817	4937818	68	21	2	2	0	1	NA	NA	NA	unphased	1.04868913857678	1.04868913857678	1
17	5041499	5041500	74	48	2	2	0	1	NA	NA	NA	unphased	1.74863387978142	0.87431693989071	2
17	5051862	5051863	38	26	2	2	0	1	NA	NA	NA	unphased	1.80555555555556	0.902777777777778	2
17	7126990	7126991	57	42	2	2	0	1	NA	NA	NA	unphased	1.88552188552189	0.942760942760943	2
17	7133646	7133647	73	17	2	2	0	1	NA	NA	NA	unphased	0.839506172839506	0.839506172839506	1
17	7137546	7137547	42	34	2	2	0	1	NA	NA	NA	unphased	1.98830409356725	0.994152046783626	2
17	7306507	7306508	41	23	2	2	0	1	NA	NA	NA	unphased	1.59722222222222	0.798611111111111	2
17	7578468	7578469	28	21	2	2	0	1	NA	NA	NA	unphased	1.9047619047619	0.952380952380952	2
17	8370438	8370439	16	17	2	2	0	1	NA	NA	NA	unphased	2.28956228956229	1.14478114478114	2
17	10348410	10348411	135	58	4	2	2	1	NA	NA	NA	unphased	1.93667242371906	0.968336211859528	2
17	10533166	10533167	119	42	4	2	2	1	NA	NA	NA	unphased	1.68115942028986	0.840579710144928	2
17	11648131	11648132	45	12	4	2	2	1	NA	NA	NA	unphased	1.35672514619883	1.35672514619883	1
17	16004910	16004911	98	45	4	2	2	1	NA	NA	NA	unphased	2.02797202797203	1.01398601398601	2
17	16029513	16029514	35	11	4	2	2	1	NA	NA	NA	unphased	1.54106280193237	1.54106280193237	1
17	16326846	16326847	33	9	4	2	2	1	NA	NA	NA	unphased	1.38095238095238	1.38095238095238	1
17	18061064	18061065	53	22	4	2	2	1	NA	NA	NA	unphased	1.89037037037037	0.945185185185185	2
17	18681911	18681912	42	7	2.54	2	2	0.27	1	1	0.73	unphased	0.712063492063492	0.712063492063492	1
17	18682536	18682537	42	20	2.54	2	2	0.27	1	1	0.73	unphased	1.6078853046595	1.26605142099173	1.27
17	19284395	19284396	41	18	2.54	2	2	0.27	1	1	0.73	unphased	1.5206779661017	1.19738422527693	1.27
17	20209365	20209366	58	25	4	2	2	1	NA	NA	NA	unphased	1.94109772423025	0.970548862115127	2
17	20353290	20353291	24	7	NA	NA	NA	NA	NA	NA	NA	unphased	NA	NA	1
17	26646169	26646170	6	3	2.52	2	2	0.26	1	1	0.74	unphased	1.65481481481481	1.65481481481481	1
17	27493545	27493546	36	8	2.52	2	2	0.26	1	1	0.74	unphased	0.902626262626263	0.902626262626263	1
17	30348927	30348928	159	57	2.32	2	2	0.16	1	1	0.84	unphased	1.25728395061728	1.08386547467007	1.16
17	30807769	30807770	5	4	2.32	2	2	0.16	1	1	0.84	unphased	2.11753086419753	2.11753086419753	1
17	32583784	32583785	28	16	2.32	2	2	0.16	1	1	0.84	unphased	1.73252525252525	1.49355625217694	1.16
17	32688863	32688864	134	68	2.32	2	2	0.16	1	1	0.84	unphased	1.60387238723872	1.38264860968856	1.16
17	32954024	32954025	87	19	2.32	2	2	0.16	1	1	0.84	unphased	0.854004192872117	0.854004192872117	1
17	32954025	32954026	86	20	2.32	2	2	0.16	1	1	0.84	unphased	0.89895178197065	0.89895178197065	1
17	33339090	33339091	38	20	2.32	2	2	0.16	1	1	0.84	unphased	1.64291187739464	1.41630334258158	1.16
17	34062245	34062246	49	24	2.32	2	2	0.16	1	1	0.84	unphased	1.56639269406393	1.35033852936545	1.16
17	34068118	34068119	69	9	2.32	2	2	0.16	1	1	0.84	unphased	0.54974358974359	0.54974358974359	1
17	37265551	37265552	20	10	2.32	2	2	0.16	1	1	0.84	unphased	1.58814814814815	1.58814814814815	1
17	37902406	37902407	137	71	2.32	2	2	0.16	1	1	0.84	unphased	1.62632478632479	1.40200412614206	1.16
17	38349914	38349915	60	14	2.32	2	2	0.16	1	1	0.84	unphased	0.901381381381381	0.901381381381381	1
17	38420957	38420958	89	14	2.32	2	2	0.16	1	1	0.84	unphased	0.647594390507012	0.647594390507012	1
17	38859559	38859560	235	22	2.32	2	2	0.16	1	1	0.84	unphased	0.407851275399914	0.407851275399914	1
17	38906726	38906727	214	12	2.32	2	2	0.16	1	1	0.84	unphased	0.252979351032448	1.5811209439528	0.16
17	38907524	38907525	47	26	2.32	2	2	0.16	1	1	0.84	unphased	1.69692541856925	1.46286674014591	1.16
17	39182991	39182992	47	17	2.32	2	2	0.16	1	1	0.84	unphased	1.26555555555556	1.26555555555556	1
17	39261989	39261990	29	11	2.32	2	2	0.16	1	1	0.84	unphased	1.31022222222222	1.31022222222222	1
17	39471687	39471688	17	11	1.24	2	2	0.08	0	1	0.92	unphased	1.44746031746032	1.44746031746032	1
17	39658985	39658986	173	89	1.24	2	2	0.08	0	1	0.92	unphased	1.2515860899067	1.15887600917287	1.08
17	40690459	40690460	125	25	1.24	2	2	0.08	0	1	0.92	unphased	0.614074074074074	0.614074074074074	1
17	40717804	40717805	54	27	1.24	2	2	0.08	0	1	0.92	unphased	1.22814814814815	1.22814814814815	1
17	40817825	40817826	185	68	1.24	2	2	0.08	0	1	0.92	unphased	0.990285463328942	0.990285463328942	1
17	40914376	40914377	146	55	1.24	2	2	0.08	0	1	0.92	unphased	1.008181315644	1.008181315644	1
17	40932967	40932968	67	11	1.24	2	2	0.08	0	1	0.92	unphased	0.51960113960114	0.51960113960114	1
17	41143702	41143703	86	8	1.24	2	2	0.08	0	1	0.92	unphased	0.313569739952719	0.313569739952719	1
17	41143800	41143801	28	16	1.24	2	2	0.08	0	1	0.92	unphased	1.33979797979798	1.33979797979798	1
17	41931256	41931257	63	29	1.24	2	2	0.08	0	1	0.92	unphased	1.16140096618357	1.16140096618357	1
17	41959866	41959867	46	9	1.24	2	2	0.08	0	1	0.92	unphased	0.602909090909091	0.602909090909091	1
17	42158176	42158177	72	8	1.24	2	2	0.08	0	1	0.92	unphased	0.368444444444445	0.368444444444445	1
17	42249668	42249669	38	14	1.24	2	2	0.08	0	1	0.92	unphased	0.991965811965812	0.991965811965812	1
17	42335533	42335534	67	28	1.24	2	2	0.08	0	1	0.92	unphased	1.08594152046784	1.08594152046784	1
17	46654074	46654075	20	9	1.26	2	1	0.13	0	1	0.87	unphased	1.14965517241379	1.14965517241379	1
17	48596043	48596044	172	14	3.92	4	1	0.64	1	1	0.36	unphased	0.479044205495818	0.748506571087216	0.64
17	49270274	49270275	154	15	3.25	5	1	0.45	1	0	0.55	unphased	0.505424063116371	1.12316458470305	0.45
17	50008354	50008355	208	70	5	4	1	1	NA	NA	NA	unphased	1.87450039968026	0.937250199840128	2
17	51900999	51901000	53	21	5	4	1	1	NA	NA	NA	unphased	2.11261261261261	1.05630630630631	2
17	53046030	53046031	97	29	5	4	1	1	NA	NA	NA	unphased	1.71340388007055	0.856701940035273	2
17	54517715	54517716	47	41	5	4	1	1	NA	NA	NA	unphased	3.46843434343434	0.867108585858586	4
17	56355398	56355399	91	28	5	4	1	1	NA	NA	NA	unphased	1.7516339869281	0.875816993464052	2
17	56389622	56389623	43	13	5	4	1	1	NA	NA	NA	unphased	1.7281746031746	0.864087301587302	2
17	58577831	58577832	35	14	5	4	1	1	NA	NA	NA	unphased	2.12698412698413	1.06349206349206	2
17	59544956	59544957	71	15	5	4	1	1	NA	NA	NA	unphased	1.2984496124031	1.2984496124031	1
17	59544957	59544958	72	15	5	4	1	1	NA	NA	NA	unphased	1.28352490421456	1.28352490421456	1
17	59560455	59560456	76	16	5	4	1	1	NA	NA	NA	unphased	1.29468599033816	1.29468599033816	1
17	60758179	60758180	31	8	5	4	1	1	NA	NA	NA	unphased	1.52706552706553	1.52706552706553	1
17	61987604	61987605	88	11	5	4	1	1	NA	NA	NA	unphased	0.827160493827161	0.827160493827161	1
17	62893372	62893373	206	10	5	4	1	1	NA	NA	NA	unphased	0.344650205761317	0.344650205761317	1
17	63221181	63221182	228	36	5	4	1	1	NA	NA	NA	unphased	1.01515151515151	1.01515151515151	1
17	65052192	65052193	83	9	5	4	1	1	NA	NA	NA	unphased	0.728260869565217	0.728260869565217	1
17	67247927	67247928	57	56	5	4	1	1	NA	NA	NA	unphased	3.68928220255654	0.922320550639135	4
17	72283193	72283194	36	8	3	3	1	0.5	1	1	0.5	unphased	0.98989898989899	0.98989898989899	1
17	72578395	72578396	102	11	3	3	1	0.5	1	1	0.5	unphased	0.529990167158309	1.05998033431662	0.5
17	73489805	73489806	148	16	3	3	1	0.5	1	1	0.5	unphased	0.531165311653117	1.06233062330623	0.5
17	73499757	73499758	57	8	3	3	1	0.5	1	1	0.5	unphased	0.67008547008547	0.67008547008547	1
17	73501573	73501574	74	14	3	3	1	0.5	1	1	0.5	unphased	0.866161616161616	0.866161616161616	1
17	73627631	73627632	95	11	3	3	1	0.5	1	1	0.5	unphased	0.564989517819707	1.12997903563941	0.5
17	73824986	73824987	20	6	3	3	1	0.5	1	1	0.5	unphased	1.25641025641026	1.25641025641026	1
17	74072916	74072917	58	6	3	3	1	0.5	1	1	0.5	unphased	0.510416666666667	1.02083333333333	0.5
17	74274101	74274102	80	26	3	3	1	0.5	1	1	0.5	unphased	1.33542976939203	1.33542976939203	1
17	76130052	76130053	71	18	3	3	1	0.5	1	1	0.5	unphased	1.10112359550562	1.10112359550562	1
17	76137154	76137155	30	9	3	3	1	0.5	1	1	0.5	unphased	1.25641025641026	1.25641025641026	1
17	76183436	76183437	95	33	3	3	1	0.5	1	1	0.5	unphased	1.40364583333333	0.935763888888889	1.5
17	76525650	76525651	155	19	3	3	1	0.5	1	1	0.5	unphased	0.594508301404853	1.18901660280971	0.5
17	76851806	76851807	79	14	3	3	1	0.5	1	1	0.5	unphased	0.819593787335723	0.819593787335723	1
17	77755611	77755612	92	7	3	3	1	0.5	1	1	0.5	unphased	0.384960718294052	0.769921436588103	0.5
17	78022508	78022509	31	6	3	3	1	0.5	1	1	0.5	unphased	0.882882882882883	0.882882882882883	1
17	78093090	78093091	122	19	3	3	1	0.5	1	1	0.5	unphased	0.733648542159181	0.733648542159181	1
17	78163617	78163618	81	13	3	3	1	0.5	1	1	0.5	unphased	0.752955082742317	0.752955082742317	1
17	79205579	79205580	35	17	3	3	1	0.5	1	1	0.5	unphased	1.77991452991453	0.889957264957265	2
17	79846181	79846182	35	10	3	3	1	0.5	1	1	0.5	unphased	1.20987654320988	1.20987654320988	1
17	80050628	80050629	15	3	3	3	1	0.5	1	1	0.5	unphased	0.907407407407407	0.907407407407407	1
17	80373316	80373317	138	19	3	3	1	0.5	1	1	0.5	unphased	0.658881811748054	1.31776362349611	0.5
17	80788196	80788197	63	68	3	3	1	0.5	1	1	0.5	unphased	2.82612383375742	1.13044953350297	2.5
18	331744	331745	24	34	4	3	1	1	NA	NA	NA	unphased	3.77777777777778	1.25925925925926	3
18	2572987	2572988	34	4	4	3	1	1	NA	NA	NA	unphased	0.678362573099415	0.678362573099415	1
18	3116339	3116340	17	4	4	3	1	1	NA	NA	NA	unphased	1.22751322751323	1.22751322751323	1
18	7231612	7231613	96	19	4	3	1	1	NA	NA	NA	unphased	1.06473429951691	1.06473429951691	1
18	8085780	8085781	75	10	4	3	1	1	NA	NA	NA	unphased	0.758169934640523	0.758169934640523	1
18	8824792	8824793	87	5	4	3	1	1	NA	NA	NA	unphased	0.35024154589372	0.35024154589372	1
18	10534470	10534471	28	21	4	3	1	1	NA	NA	NA	unphased	2.76190476190476	0.920634920634921	3
18	11868659	11868660	53	10	4	3	1	1	NA	NA	NA	unphased	1.02292768959436	1.02292768959436	1
18	21059324	21059325	52	5	4	3	1	1	NA	NA	NA	unphased	0.565302144249513	0.565302144249513	1
18	21115555	21115556	34	9	4	3	1	1	NA	NA	NA	unphased	1.34883720930233	1.34883720930233	1
18	23637671	23637672	107	20	4	3	1	1	NA	NA	NA	unphased	1.01487314085739	1.01487314085739	1
18	25593646	25593647	83	76	4	3	1	1	NA	NA	NA	unphased	3.08036338225017	1.02678779408339	3
18	28993183	28993184	79	91	4	3	1	1	NA	NA	NA	unphased	3.44967320261438	1.14989106753813	3
18	29054176	29054177	45	40	4	3	1	1	NA	NA	NA	unphased	3.03267973856209	1.01089324618736	3
18	29126543	29126544	100	16	4	3	1	1	NA	NA	NA	unphased	0.888888888888889	0.888888888888889	1
18	31323497	31323498	30	19	4	3	1	1	NA	NA	NA	unphased	2.49886621315193	0.832955404383976	3
18	32398186	32398187	55	29	4	3	1	1	NA	NA	NA	unphased	2.22486772486773	1.11243386243386	2
18	33935538	33935539	25	15	4	3	1	1	NA	NA	NA	unphased	2.41666666666667	0.805555555555556	3
18	33952675	33952676	13	12	4	3	1	1	NA	NA	NA	unphased	3.09333333333333	1.03111111111111	3
18	39567839	39567840	60	6	4	3	1	1	NA	NA	NA	unphased	0.585858585858586	0.585858585858586	1
18	43319536	43319537	77	10	4	3	1	1	NA	NA	NA	unphased	0.740740740740741	0.740740740740741	1
18	43329755	43329756	54	48	4	3	1	1	NA	NA	NA	unphased	3.03267973856209	1.01089324618736	3
18	43483968	43483969	30	26	4	3	1	1	NA	NA	NA	unphased	2.99206349206349	0.997354497354498	3
18	44435526	44435527	23	9	4	3	1	1	NA	NA	NA	unphased	1.8125	0.90625	2
18	45555912	45555913	16	3	4	3	1	1	NA	NA	NA	unphased	1.01754385964912	1.01754385964912	1
18	46889570	46889571	56	15	4	3	1	1	NA	NA	NA	unphased	1.36150234741784	1.36150234741784	1
18	47101830	47101831	69	12	4	3	1	1	NA	NA	NA	unphased	0.954732510288066	0.954732510288066	1
18	47107813	47107814	101	18	4	3	1	1	NA	NA	NA	unphased	0.974789915966387	0.974789915966387	1
18	55024673	55024674	72	68	4	3	1	1	NA	NA	NA	unphased	3.13015873015873	1.04338624338624	3
18	55998072	55998073	37	33	4	3	1	1	NA	NA	NA	unphased	3.03809523809524	1.01269841269841	3
18	56202927	56202928	40	20	4	3	1	1	NA	NA	NA	unphased	2.14814814814815	1.07407407407407	2
18	59157737	59157738	63	8	4	3	1	1	NA	NA	NA	unphased	0.726134585289515	0.726134585289515	1
18	61460402	61460403	14	8	4	3	1	1	NA	NA	NA	unphased	2.34343434343434	1.17171717171717	2
18	61471804	61471805	36	23	4	3	1	1	NA	NA	NA	unphased	2.51224105461394	0.837413684871312	3
18	66344266	66344267	95	15	4	3	1	1	NA	NA	NA	unphased	0.878787878787879	0.878787878787879	1
18	67759918	67759919	50	40	4	3	1	1	NA	NA	NA	unphased	2.8641975308642	0.954732510288066	3
18	71822591	71822592	58	8	4	3	1	1	NA	NA	NA	unphased	0.781144781144781	0.781144781144781	1
18	76754196	76754197	34	7	4	3	1	1	NA	NA	NA	unphased	1.10027100271003	1.10027100271003	1
18	77193702	77193703	96	58	4	3	1	1	NA	NA	NA	unphased	2.42712842712843	0.809042809042809	3
18	77246410	77246411	144	53	4	3	1	1	NA	NA	NA	unphased	1.73378454596729	0.866892272983643	2
18	77895495	77895496	133	21	4	3	1	1	NA	NA	NA	unphased	0.878787878787879	0.878787878787879	1
19	463926	463927	34	10	2.8	2	2	0.4	1	1	0.6	unphased	1.19191919191919	1.19191919191919	1
19	1052100	1052101	25	7	2.8	2	2	0.4	1	1	0.6	unphased	1.14722222222222	1.14722222222222	1
19	1784931	1784932	18	12	2.8	2	2	0.4	1	1	0.6	unphased	2.09777777777778	1.4984126984127	1.4
19	1827552	1827553	33	8	2.8	2	2	0.4	1	1	0.6	unphased	1.02330623306233	1.02330623306233	1
19	2039644	2039645	35	4	2.8	2	2	0.4	1	1	0.6	unphased	0.537891737891738	0.537891737891738	1
19	2246935	2246936	49	29	2.8	2	2	0.4	1	1	0.6	unphased	1.94985754985755	1.39275539275539	1.4
19	3179223	3179224	72	41	2.8	2	2	0.4	1	1	0.6	unphased	1.90285152409046	1.35917966006462	1.4
19	3750665	3750666	8	3	2.8	2	2	0.4	1	1	0.6	unphased	1.43030303030303	1.43030303030303	1
19	3959299	3959300	16	5	2.8	2	2	0.4	1	1	0.6	unphased	1.24867724867725	1.24867724867725	1
19	3960102	3960103	199	69	2.8	2	2	0.4	1	1	0.6	unphased	1.35024875621891	0.964463397299218	1.4
19	3983167	3983168	50	19	2.8	2	2	0.4	1	1	0.6	unphased	1.44412238325282	1.44412238325282	1
19	4258386	4258387	8	4	2.8	2	2	0.4	1	1	0.6	unphased	1.74814814814815	1.74814814814815	1
19	4544471	4544472	34	7	2.28	3	2	0.32	0	1	0.68	unphased	0.806612466124661	0.806612466124661	1
19	4839316	4839317	64	16	2.52	2	2	0.26	1	1	0.74	unphased	0.992888888888889	0.992888888888889	1
19	6307295	6307296	41	5	2.52	2	2	0.26	1	1	0.74	unphased	0.539613526570048	0.539613526570048	1
19	6478986	6478987	114	23	2.52	2	2	0.26	1	1	0.74	unphased	0.833446877534469	0.833446877534469	1
19	7143057	7143058	59	7	2.52	2	2	0.26	1	1	0.74	unphased	0.526531986531987	0.526531986531987	1
19	7267434	7267435	54	19	2.52	2	2	0.26	1	1	0.74	unphased	1.29211567732116	1.29211567732116	1
19	7670158	7670159	254	36	2.52	2	2	0.26	1	1	0.74	unphased	0.616275862068965	0.616275862068965	1
19	8190876	8190877	48	10	2.52	2	2	0.26	1	1	0.74	unphased	0.855938697318008	0.855938697318008	1
19	8954007	8954008	5	3	2.52	2	2	0.26	1	1	0.74	unphased	1.86166666666667	1.86166666666667	1
19	9014571	9014572	161	42	2.52	2	2	0.26	1	1	0.74	unphased	1.02712643678161	1.02712643678161	1
19	9017385	9017386	320	28	2.52	2	2	0.26	1	1	0.74	unphased	0.399438058748404	0.399438058748404	1
19	9019278	9019279	24	5	2.52	2	2	0.26	1	1	0.74	unphased	0.855938697318008	0.855938697318008	1
19	9047894	9047895	20	7	2.52	2	2	0.26	1	1	0.74	unphased	1.28707818930041	1.28707818930041	1
19	9056248	9056249	160	59	2.52	2	2	0.26	1	1	0.74	unphased	1.33745306950786	1.06147069008561	1.26
19	9062571	9062572	56	17	2.52	2	2	0.26	1	1	0.74	unphased	1.15610350076103	1.15610350076103	1
19	9066406	9066407	218	62	2.52	2	2	0.26	1	1	0.74	unphased	1.09926984126984	1.09926984126984	1
19	9082740	9082741	77	34	2.52	2	2	0.26	1	1	0.74	unphased	1.52064064064064	1.2068576513021	1.26
19	9089509	9089510	137	55	2.52	2	2	0.26	1	1	0.74	unphased	1.42210648148148	1.12865593768372	1.26
19	10088271	10088272	21	5	2.52	2	2	0.26	1	1	0.74	unphased	0.954700854700855	0.954700854700855	1
19	10403739	10403740	109	16	2.6	2	2	0.3	1	1	0.7	unphased	0.645688888888889	0.645688888888889	1
19	10415841	10415842	52	25	2.6	2	2	0.3	1	1	0.7	unphased	1.63780663780664	1.25985125985126	1.3
19	10528390	10528391	19	5	2.6	2	2	0.3	1	1	0.7	unphased	1.05092592592593	1.05092592592593	1
19	10597354	10597355	188	74	2.6	2	2	0.3	1	1	0.7	unphased	1.42476675148431	1.0959744242187	1.3
19	11097629	11097630	55	26	2.6	2	2	0.3	1	1	0.7	unphased	1.61920438957476	1.24554183813443	1.3
19	11470243	11470244	70	12	2.6	2	2	0.3	1	1	0.7	unphased	0.738211382113821	0.738211382113821	1
19	11598614	11598615	58	14	2.6	2	2	0.3	1	1	0.7	unphased	0.980864197530864	0.980864197530864	1
19	13059013	13059014	68	37	2.6	2	2	0.3	1	1	0.7	unphased	1.77756613756614	1.36735856735857	1.3
19	13563770	13563771	135	47	2.6	2	2	0.3	1	1	0.7	unphased	1.3026862026862	1.00206630975862	1.3
19	14030639	14030640	52	23	2.6	2	2	0.3	1	1	0.7	unphased	1.54696296296296	1.18997150997151	1.3
19	14073960	14073961	40	14	2.6	2	2	0.3	1	1	0.7	unphased	1.30781893004115	1.30781893004115	1
19	14707926	14707927	19	7	2.6	2	2	0.3	1	1	0.7	unphased	1.35811965811966	1.35811965811966	1
19	14707959	14707960	14	8	2.6	2	2	0.3	1	1	0.7	unphased	1.83434343434343	1.41103341103341	1.3
19	15535510	15535511	9	3	2.6	2	2	0.3	1	1	0.7	unphased	1.26111111111111	1.26111111111111	1
19	15728947	15728948	113	51	2.6	2	2	0.3	1	1	0.7	unphased	1.56869918699187	1.20669168230144	1.3
19	15852500	15852501	368	14	2.6	2	2	0.3	1	1	0.7	unphased	0.184874927283304	0.616249757611014	0.3
19	15852501	15852502	370	14	2.6	2	2	0.3	1	1	0.7	unphased	0.183912037037037	0.61304012345679	0.3
19	15904956	15904957	156	68	2.6	2	2	0.3	1	1	0.7	unphased	1.53134920634921	1.17796092796093	1.3
19	16238892	16238893	41	13	2.6	2	2	0.3	1	1	0.7	unphased	1.21440329218107	1.21440329218107	1
19	16643457	16643458	50	8	2.6	2	2	0.3	1	1	0.7	unphased	0.695785440613027	0.695785440613027	1
19	17598327	17598328	16	12	2.6	2	2	0.3	1	1	0.7	unphased	2.16190476190476	1.66300366300366	1.3
19	17660463	17660464	9	3	2.6	2	2	0.3	1	1	0.7	unphased	1.26111111111111	1.26111111111111	1
19	18092886	18092887	11	9	2.6	2	2	0.3	1	1	0.7	unphased	2.27	1.74615384615385	1.3
19	18576368	18576369	26	11	2.6	2	2	0.3	1	1	0.7	unphased	1.4996996996997	1.4996996996997	1
19	19655450	19655451	10	4	2.6	2	2	0.3	1	1	0.7	unphased	1.44126984126984	1.44126984126984	1
19	20215046	20215047	122	16	6	4	2	1	NA	NA	NA	unphased	0.979066022544283	0.979066022544283	1
19	22155793	22155794	65	24	1.2	4	2	0.04	0	1	0.96	unphased	0.982771535580524	0.982771535580524	1
19	22156964	22156965	50	6	1.2	4	2	0.04	0	1	0.96	unphased	0.39047619047619	0.39047619047619	1
19	22156966	22156967	49	6	1.2	4	2	0.04	0	1	0.96	unphased	0.397575757575758	0.397575757575758	1
19	22362814	22362815	58	20	1.2	4	2	0.04	0	1	0.96	unphased	0.934472934472934	0.934472934472934	1
19	22362843	22362844	69	19	1.2	4	2	0.04	0	1	0.96	unphased	0.786868686868687	0.786868686868687	1
19	22605066	22605067	94	34	2.4	2	2	0.2	1	1	0.8	unphased	1.28680555555556	1.28680555555556	1
19	30935394	30935395	156	52	2.4	2	2	0.2	1	1	0.8	unphased	1.21111111111111	1.21111111111111	1
19	30936590	30936591	34	15	2.4	2	2	0.2	1	1	0.8	unphased	1.48299319727891	1.48299319727891	1
19	31039220	31039221	131	53	2.4	2	2	0.2	1	1	0.8	unphased	1.39541062801932	1.1628421900161	1.2
19	31040233	31040234	30	13	2.4	2	2	0.2	1	1	0.8	unphased	1.46459948320413	1.46459948320413	1
19	31767986	31767987	30	14	2.4	2	2	0.2	1	1	0.8	unphased	1.54141414141414	1.28451178451178	1.2
19	31769604	31769605	184	70	2.4	2	2	0.2	1	1	0.8	unphased	1.33508311461067	1.11256926217556	1.2
19	32845252	32845253	55	23	2.4	2	2	0.2	1	1	0.8	unphased	1.42849002849003	1.19040835707502	1.2
19	33465101	33465102	41	17	2.4	2	2	0.2	1	1	0.8	unphased	1.41992337164751	1.41992337164751	1
19	33608751	33608752	61	7	2.4	2	2	0.2	1	1	0.8	unphased	0.498692810457516	0.498692810457516	1
19	33635775	33635776	23	5	2.4	2	2	0.2	1	1	0.8	unphased	0.865079365079365	0.865079365079365	1
19	33870106	33870107	18	4	2.4	2	2	0.2	1	1	0.8	unphased	0.880808080808081	0.880808080808081	1
19	34291368	34291369	19	4	2.4	2	2	0.2	1	1	0.8	unphased	0.842512077294686	0.842512077294686	1
19	35551310	35551311	97	46	2.4	2	2	0.2	1	1	0.8	unphased	1.55835275835276	1.2986272986273	1.2
19	35829150	35829151	96	28	2.4	2	2	0.2	1	1	0.8	unphased	1.09390681003584	1.09390681003584	1
19	35849880	35849881	212	16	2.4	2	2	0.2	1	1	0.8	unphased	0.339961013645224	0.339961013645224	1
19	35941405	35941406	122	62	2.4	2	2	0.2	1	1	0.8	unphased	1.63236714975845	1.36030595813205	1.2
19	36004428	36004429	18	12	2.4	2	2	0.2	1	1	0.8	unphased	1.93777777777778	1.61481481481482	1.2
19	36045905	36045906	44	22	2.4	2	2	0.2	1	1	0.8	unphased	1.61481481481482	1.34567901234568	1.2
19	36164162	36164163	115	51	2.4	2	2	0.2	1	1	0.8	unphased	1.48835341365462	1.24029451137885	1.2
19	36349429	36349430	98	14	2.4	2	2	0.2	1	1	0.8	unphased	0.605555555555556	0.605555555555556	1
19	36435503	36435504	18	4	2.4	2	2	0.2	1	1	0.8	unphased	0.880808080808081	0.880808080808081	1
19	36517092	36517093	63	15	2.4	2	2	0.2	1	1	0.8	unphased	0.931623931623932	0.931623931623932	1
19	38874038	38874039	37	13	2.4	2	2	0.2	1	1	0.8	unphased	1.25955555555556	1.25955555555556	1
19	38948883	38948884	141	37	2.4	2	2	0.2	1	1	0.8	unphased	1.00699126092385	1.00699126092385	1
19	39023340	39023341	47	15	2.4	2	2	0.2	1	1	0.8	unphased	1.17204301075269	1.17204301075269	1
19	39034011	39034012	126	46	2.4	2	2	0.2	1	1	0.8	unphased	1.29560723514212	1.07967269595177	1.2
19	39086639	39086640	155	9	2.4	2	2	0.2	1	1	0.8	unphased	0.265853658536585	1.32926829268293	0.2
19	39517530	39517531	122	46	2.4	2	2	0.2	1	1	0.8	unphased	1.32645502645503	1.10537918871252	1.2
19	39664004	39664005	23	4	2.4	2	2	0.2	1	1	0.8	unphased	0.717695473251029	0.717695473251029	1
19	39788686	39788687	65	26	2.4	2	2	0.2	1	1	0.8	unphased	1.38412698412698	1.15343915343915	1.2
19	39804985	39804986	14	3	2.4	2	2	0.2	1	1	0.8	unphased	0.854901960784314	0.854901960784314	1
19	39826654	39826655	21	6	2.4	2	2	0.2	1	1	0.8	unphased	1.07654320987654	1.07654320987654	1
19	39882061	39882062	27	10	2.4	2	2	0.2	1	1	0.8	unphased	1.30930930930931	1.30930930930931	1
19	39915326	39915327	194	21	2.4	2	2	0.2	1	1	0.8	unphased	0.473178294573644	0.473178294573644	1
19	39955568	39955569	97	47	2.4	2	2	0.2	1	1	0.8	unphased	1.58117283950617	1.31764403292181	1.2
19	40337031	40337032	12	3	2.4	2	2	0.2	1	1	0.8	unphased	0.968888888888889	0.968888888888889	1
19	40368343	40368344	280	14	2.4	2	2	0.2	1	1	0.8	unphased	0.230687830687831	1.15343915343915	0.2
19	41281459	41281460	269	45	2.4	2	2	0.2	1	1	0.8	unphased	0.694267515923567	0.694267515923567	1
19	41596035	41596036	68	13	2.4	2	2	0.2	1	1	0.8	unphased	0.777503429355281	0.777503429355281	1
19	41600927	41600928	125	54	2.4	2	2	0.2	1	1	0.8	unphased	1.46145251396648	1.21787709497207	1.2
19	42213708	42213709	114	37	2.4	2	2	0.2	1	1	0.8	unphased	1.18704930095659	1.18704930095659	1
19	42213709	42213710	116	37	2.4	2	2	0.2	1	1	0.8	unphased	1.17153231663036	1.17153231663036	1
19	42381318	42381319	57	14	2.4	2	2	0.2	1	1	0.8	unphased	0.955242566510172	0.955242566510172	1
19	43259145	43259146	161	51	NA	NA	NA	NA	NA	NA	NA	unphased	NA	NA	1
19	43262388	43262389	422	93	NA	NA	NA	NA	NA	NA	NA	unphased	NA	NA	1
19	43376147	43376148	185	73	1.99	2	2	0.33	1	0	0.67	unphased	1.25470714900947	0.94338883384171	1.33
19	43772239	43772240	145	69	2.36	2	2	0.18	1	1	0.82	unphased	1.54909657320872	1.31279370610909	1.18
19	44112127	44112128	11	3	2.36	2	2	0.18	1	1	0.82	unphased	1.02952380952381	1.02952380952381	1
19	44118416	44118417	68	7	2.36	2	2	0.18	1	1	0.82	unphased	0.448414814814815	0.448414814814815	1
19	44223090	44223091	12	8	2.36	2	2	0.18	1	1	0.82	unphased	1.92177777777778	1.6286252354049	1.18
19	44271810	44271811	95	25	2.36	2	2	0.18	1	1	0.82	unphased	1.00092592592593	1.00092592592593	1
19	44933672	44933673	47	14	2.36	2	2	0.18	1	1	0.82	unphased	1.10265938069217	1.10265938069217	1
19	45515438	45515439	22	21	2.36	2	2	0.18	1	1	0.82	unphased	2.34635658914729	1.98843778741295	1.18
19	45889085	45889086	24	6	2.36	2	2	0.18	1	1	0.82	unphased	0.960888888888889	0.960888888888889	1
19	45899516	45899517	25	13	2.36	2	2	0.18	1	1	0.82	unphased	1.64362573099415	1.39290316185945	1.18
19	46002351	46002352	15	7	2.36	2	2	0.18	1	1	0.82	unphased	1.52868686868687	1.52868686868687	1
19	46094349	46094350	72	8	2.36	2	2	0.18	1	1	0.82	unphased	0.480444444444445	0.480444444444445	1
19	46543643	46543644	51	21	2.36	2	2	0.18	1	1	0.82	unphased	1.4012962962963	1.4012962962963	1
19	46973325	46973326	203	36	2.36	2	2	0.18	1	1	0.82	unphased	0.723682008368201	0.723682008368201	1
19	46974153	46974154	35	13	2.36	2	2	0.18	1	1	0.82	unphased	1.3012037037037	1.3012037037037	1
19	48653361	48653362	67	13	2.36	2	2	0.18	1	1	0.82	unphased	0.780722222222222	0.780722222222222	1
19	49106850	49106851	7	7	2.36	2	2	0.18	1	1	0.82	unphased	2.40222222222222	2.03578154425612	1.18
19	49184012	49184013	14	4	2.36	2	2	0.18	1	1	0.82	unphased	1.06765432098765	1.06765432098765	1
19	49814297	49814298	48	18	2.36	2	2	0.18	1	1	0.82	unphased	1.31030303030303	1.31030303030303	1
19	49863428	49863429	4	5	2.36	2	2	0.18	1	1	0.82	unphased	2.66913580246914	2.26197949361791	1.18
19	50027790	50027791	68	30	2.36	2	2	0.18	1	1	0.82	unphased	1.47074829931973	1.24639686383028	1.18
19	50496115	50496116	101	41	2.36	2	2	0.18	1	1	0.82	unphased	1.38719874804382	1.17559215935917	1.18
19	50862276	50862277	58	12	2.36	2	2	0.18	1	1	0.82	unphased	0.823619047619048	0.823619047619048	1
19	50939885	50939886	76	17	2.36	2	2	0.18	1	1	0.82	unphased	0.878231780167264	0.878231780167264	1
19	51021619	51021620	70	23	2.36	2	2	0.18	1	1	0.82	unphased	1.18819593787336	1.18819593787336	1
19	51165380	51165381	62	27	2.36	2	2	0.18	1	1	0.82	unphased	1.45752808988764	1.23519329651495	1.18
19	51220083	51220084	18	4	2.36	2	2	0.18	1	1	0.82	unphased	0.873535353535354	0.873535353535354	1
19	51328956	51328957	7	8	2.36	2	2	0.18	1	1	0.82	unphased	2.56237037037037	2.1715003138732	1.18
19	51738912	51738913	23	6	2.36	2	2	0.18	1	1	0.82	unphased	0.994022988505747	0.994022988505747	1
19	51958852	51958853	74	8	2.36	2	2	0.18	1	1	0.82	unphased	0.468726287262873	0.468726287262873	1
19	52133248	52133249	118	23	2.36	2	2	0.18	1	1	0.82	unphased	0.783703703703704	0.783703703703704	1
19	52618818	52618819	61	34	2.36	2	2	0.18	1	1	0.82	unphased	1.71948538011696	1.45719100009912	1.18
19	52918958	52918959	100	21	2.36	2	2	0.18	1	1	0.82	unphased	0.833829201101928	0.833829201101928	1
19	53453534	53453535	89	10	2.36	2	2	0.18	1	1	0.82	unphased	0.485297418630752	0.485297418630752	1
19	53762773	53762774	83	39	2.36	2	2	0.18	1	1	0.82	unphased	1.53584699453552	1.30156524960637	1.18
19	53793437	53793438	60	25	2.36	2	2	0.18	1	1	0.82	unphased	1.41307189542484	1.19751855544478	1.18
19	54255667	54255668	104	58	2.36	2	2	0.18	1	1	0.82	unphased	1.720109739369	1.45772011810932	1.18
19	54304548	54304549	40	17	2.36	2	2	0.18	1	1	0.82	unphased	1.4329044834308	1.4329044834308	1
19	54304611	54304612	44	23	2.36	2	2	0.18	1	1	0.82	unphased	1.64928689883914	1.39770076172808	1.18
19	54406348	54406349	245	117	2.36	2	2	0.18	1	1	0.82	unphased	1.55281767955801	1.31594718606611	1.18
19	54406349	54406350	247	116	2.36	2	2	0.18	1	1	0.82	unphased	1.53530456075911	1.30110555996534	1.18
19	54445680	54445681	14	12	2.36	2	2	0.18	1	1	0.82	unphased	2.2174358974359	1.87918296392873	1.18
19	54652037	54652038	27	6	2.36	2	2	0.18	1	1	0.82	unphased	0.873535353535354	0.873535353535354	1
19	54673268	54673269	67	10	2.36	2	2	0.18	1	1	0.82	unphased	0.623953823953824	0.623953823953824	1
19	54744760	54744761	143	21	2.36	2	2	0.18	1	1	0.82	unphased	0.61520325203252	0.61520325203252	1
19	54782416	54782417	42	12	2.36	2	2	0.18	1	1	0.82	unphased	1.06765432098765	1.06765432098765	1
19	55174487	55174488	70	23	2.36	2	2	0.18	1	1	0.82	unphased	1.18819593787336	1.18819593787336	1
19	55221477	55221478	40	17	2.36	2	2	0.18	1	1	0.82	unphased	1.4329044834308	1.4329044834308	1
19	55365407	55365408	17	6	2.36	2	2	0.18	1	1	0.82	unphased	1.25333333333333	1.25333333333333	1
19	55396755	55396756	51	19	2.36	2	2	0.18	1	1	0.82	unphased	1.30406349206349	1.30406349206349	1
19	55750844	55750845	32	13	2.36	2	2	0.18	1	1	0.82	unphased	1.38795061728395	1.38795061728395	1
19	56160412	56160413	115	45	2.36	2	2	0.18	1	1	0.82	unphased	1.35125	1.14512711864407	1.18
19	56223290	56223291	48	15	2.36	2	2	0.18	1	1	0.82	unphased	1.14391534391534	1.14391534391534	1
19	56312963	56312964	91	34	2.36	2	2	0.18	1	1	0.82	unphased	1.30680888888889	1.10746516007533	1.18
19	56369432	56369433	69	27	2.36	2	2	0.18	1	1	0.82	unphased	1.35125	1.35125	1
19	56382274	56382275	61	22	2.36	2	2	0.18	1	1	0.82	unphased	1.2734672021419	1.2734672021419	1
19	56423476	56423477	105	44	2.36	2	2	0.18	1	1	0.82	unphased	1.41876211782252	1.2023407778157	1.18
19	56539622	56539623	102	26	2.36	2	2	0.18	1	1	0.82	unphased	0.975902777777778	0.975902777777778	1
19	56539846	56539847	162	63	2.36	2	2	0.18	1	1	0.82	unphased	1.34524444444444	1.14003766478343	1.18
19	56544039	56544040	58	12	2.36	2	2	0.18	1	1	0.82	unphased	0.823619047619048	0.823619047619048	1
19	56688561	56688562	30	7	2.36	2	2	0.18	1	1	0.82	unphased	0.908948948948949	0.908948948948949	1
19	56954082	56954083	70	15	2.36	2	2	0.18	1	1	0.82	unphased	0.847843137254902	0.847843137254902	1
19	57325359	57325360	139	55	2.36	2	2	0.18	1	1	0.82	unphased	1.36208476517755	1.15430912303182	1.18
19	57335045	57335046	72	18	2.36	2	2	0.18	1	1	0.82	unphased	0.960888888888889	0.960888888888889	1
19	57642759	57642760	71	22	2.36	2	2	0.18	1	1	0.82	unphased	1.13653524492234	1.13653524492234	1
19	57642760	57642761	70	22	2.36	2	2	0.18	1	1	0.82	unphased	1.14888888888889	1.14888888888889	1
19	58187713	58187714	76	33	2.36	2	2	0.18	1	1	0.82	unphased	1.45455657492355	1.23267506349453	1.18
19	58549478	58549479	26	3	2.36	2	2	0.18	1	1	0.82	unphased	0.497011494252874	0.497011494252874	1
19	58573026	58573027	94	49	2.36	2	2	0.18	1	1	0.82	unphased	1.64627816627817	1.39515098837133	1.18
19	58573027	58573028	93	47	2.36	2	2	0.18	1	1	0.82	unphased	1.61292063492064	1.36688189400054	1.18
19	58928346	58928347	46	18	2.36	2	2	0.18	1	1	0.82	unphased	1.35125	1.35125	1
19	59010871	59010872	44	22	2.36	2	2	0.18	1	1	0.82	unphased	1.60148148148148	1.35718769617075	1.18
2	45613	45614	28	7	4	2	2	1	NA	NA	NA	unphased	1.28888888888889	1.28888888888889	1
2	5833259	5833260	12	6	4	2	2	1	NA	NA	NA	unphased	2.14814814814815	1.07407407407407	2
2	10560059	10560060	70	8	4	2	2	1	NA	NA	NA	unphased	0.660968660968661	0.660968660968661	1
2	11054069	11054070	25	6	4	2	2	1	NA	NA	NA	unphased	1.24731182795699	1.24731182795699	1
2	15432863	15432864	29	17	4	2	2	1	NA	NA	NA	unphased	2.38164251207729	1.19082125603865	2
2	15506813	15506814	74	32	4	2	2	1	NA	NA	NA	unphased	1.94549266247379	0.972746331236897	2
2	15768799	15768800	25	7	4	2	2	1	NA	NA	NA	unphased	1.40972222222222	1.40972222222222	1
2	20200293	20200294	20	12	4	2	2	1	NA	NA	NA	unphased	2.41666666666667	1.20833333333333	2
2	21229236	21229237	57	18	4	2	2	1	NA	NA	NA	unphased	1.54666666666667	0.773333333333333	2
2	21233372	21233373	19	14	4	2	2	1	NA	NA	NA	unphased	2.73400673400673	1.36700336700337	2
2	25054602	25054603	27	7	4	2	2	1	NA	NA	NA	unphased	1.32679738562092	1.32679738562092	1
2	27356444	27356445	24	5	4	2	2	1	NA	NA	NA	unphased	1.11111111111111	1.11111111111111	1
2	27361087	27361088	28	20	4	2	2	1	NA	NA	NA	unphased	2.68518518518519	1.34259259259259	2
2	27427723	27427724	54	23	4	2	2	1	NA	NA	NA	unphased	1.92496392496392	0.962481962481962	2
2	27466161	27466162	26	15	4	2	2	1	NA	NA	NA	unphased	2.35772357723577	1.17886178861789	2
2	28248182	28248183	54	25	4	2	2	1	NA	NA	NA	unphased	2.0393811533052	1.0196905766526	2
2	31178518	31178519	58	25	4	2	2	1	NA	NA	NA	unphased	1.94109772423025	0.970548862115127	2
2	32093469	32093470	16	8	4	2	2	1	NA	NA	NA	unphased	2.14814814814815	1.07407407407407	2
2	37872876	37872877	42	23	4	2	2	1	NA	NA	NA	unphased	2.28034188034188	1.14017094017094	2
2	43927370	43927371	158	47	5.6	4	2	0.92	0	1	0.08	unphased	1.84433604336043	1.00235654530458	1.84
2	45233521	45233522	194	9	5.6	4	2	0.92	0	1	0.08	unphased	0.356650246305419	0.356650246305419	1
2	46574052	46574053	92	14	4	2	2	1	NA	NA	NA	unphased	0.851153039832285	0.851153039832285	1
2	46986014	46986015	48	21	4	2	2	1	NA	NA	NA	unphased	1.96135265700483	0.980676328502416	2
2	47300957	47300958	72	11	4	2	2	1	NA	NA	NA	unphased	0.854082998661312	0.854082998661312	1
2	51255065	51255066	48	8	4	2	2	1	NA	NA	NA	unphased	0.920634920634921	0.920634920634921	1
2	55826110	55826111	65	13	4	2	2	1	NA	NA	NA	unphased	1.07407407407407	1.07407407407407	1
2	68873023	68873024	128	28	4	2	2	1	NA	NA	NA	unphased	1.15669515669516	1.15669515669516	1
2	71039600	71039601	96	43	4	2	2	1	NA	NA	NA	unphased	1.99360511590727	0.996802557953637	2
2	71044162	71044163	64	27	4	2	2	1	NA	NA	NA	unphased	1.91208791208791	0.956043956043956	2
2	71044164	71044165	62	23	4	2	2	1	NA	NA	NA	unphased	1.7437908496732	0.871895424836601	2
2	73675106	73675107	63	27	4	2	2	1	NA	NA	NA	unphased	1.93333333333333	0.966666666666667	2
2	73677494	73677495	96	47	4	2	2	1	NA	NA	NA	unphased	2.11810411810412	1.05905205905206	2
2	74758069	74758070	232	110	4	2	2	1	NA	NA	NA	unphased	2.07277452891488	1.03638726445744	2
2	75113789	75113790	76	6	4	2	2	1	NA	NA	NA	unphased	0.471544715447155	0.471544715447155	1
2	77745817	77745818	46	20	4	2	2	1	NA	NA	NA	unphased	1.95286195286195	0.976430976430977	2
2	84670502	84670503	44	8	4	2	2	1	NA	NA	NA	unphased	0.991452991452992	0.991452991452992	1
2	84811316	84811317	76	5	4	2	2	1	NA	NA	NA	unphased	0.397805212620027	0.397805212620027	1
2	86094751	86094752	39	18	4	2	2	1	NA	NA	NA	unphased	2.03508771929825	1.01754385964912	2
2	86255820	86255821	28	11	4	2	2	1	NA	NA	NA	unphased	1.81766381766382	0.908831908831909	2
2	86992220	86992221	69	37	4	2	2	1	NA	NA	NA	unphased	2.24947589098532	1.12473794549266	2
2	89246965	89246966	109	56	1.45	2	2	0.15	0	1	0.85	unphased	1.32175084175084	1.14934855804421	1.15
2	89986981	89986982	56	28	1.45	2	2	0.15	0	1	0.85	unphased	1.29814814814815	1.29814814814815	1
2	95540640	95540641	22	7	1.45	2	2	0.15	0	1	0.85	unphased	0.940038314176245	0.940038314176245	1
2	95815740	95815741	111	24	1.45	2	2	0.15	0	1	0.85	unphased	0.692345679012346	0.692345679012346	1
2	95941727	95941728	24	12	1.45	2	2	0.15	0	1	0.85	unphased	1.29814814814815	1.29814814814815	1
2	97008911	97008912	55	17	5.35	4	2	0.87	0	1	0.13	unphased	1.8403549382716	0.984147025813692	1.87
2	97751934	97751935	17	7	5.35	4	2	0.87	0	1	0.13	unphased	2.27337962962963	0.871026678019015	2.61
2	99438348	99438349	27	12	5.35	4	2	0.87	0	1	0.13	unphased	2.3982905982906	0.918885286701379	2.61
2	99614672	99614673	42	14	5.35	4	2	0.87	0	1	0.13	unphased	1.94861111111111	1.04203802733214	1.87
2	100013305	100013306	96	7	5.35	4	2	0.87	0	1	0.13	unphased	0.529719525350593	0.60887301764436	0.87
2	103311541	103311542	117	34	4	2	2	1	NA	NA	NA	unphased	1.45106696100074	0.725533480500368	2
2	103324877	103324878	107	31	4	2	2	1	NA	NA	NA	unphased	1.44766505636071	0.723832528180354	2
2	107459800	107459801	26	15	4	2	2	1	NA	NA	NA	unphased	2.35772357723577	1.17886178861789	2
2	107460318	107460319	29	10	4	2	2	1	NA	NA	NA	unphased	1.65242165242165	1.65242165242165	1
2	112896308	112896309	28	6	4	2	2	1	NA	NA	NA	unphased	1.13725490196078	1.13725490196078	1
2	125627256	125627257	23	9	4	2	2	1	NA	NA	NA	unphased	1.8125	0.90625	2
2	127819725	127819726	11	6	4	2	2	1	NA	NA	NA	unphased	2.27450980392157	1.13725490196078	2
2	128262420	128262421	161	55	4	2	2	1	NA	NA	NA	unphased	1.64094650205761	0.820473251028807	2
2	128757333	128757334	88	22	2.48	2	2	0.24	1	1	0.76	unphased	0.984888888888889	0.984888888888889	1
2	128918774	128918775	83	39	2.48	2	2	0.24	1	1	0.76	unphased	1.57420765027322	1.26952229860744	1.24
2	130738213	130738214	56	10	2.26	2	2	0.13	1	1	0.87	unphased	0.712794612794613	0.712794612794613	1
2	141032054	141032055	66	24	4	2	2	1	NA	NA	NA	unphased	1.71851851851852	0.859259259259259	2
2	152361992	152361993	109	54	4	2	2	1	NA	NA	NA	unphased	2.13496932515337	1.06748466257669	2
2	158178033	158178034	70	31	4	2	2	1	NA	NA	NA	unphased	1.97799779977998	0.988998899889989	2
2	160005782	160005783	67	32	4	2	2	1	NA	NA	NA	unphased	2.08305274971942	1.04152637485971	2
2	160205776	160205777	46	24	4	2	2	1	NA	NA	NA	unphased	2.20952380952381	1.1047619047619	2
2	163693072	163693073	22	10	4	2	2	1	NA	NA	NA	unphased	2.01388888888889	1.00694444444444	2
2	165997284	165997285	56	25	4	2	2	1	NA	NA	NA	unphased	1.98902606310014	0.994513031550069	2
2	166245268	166245269	112	44	4	2	2	1	NA	NA	NA	unphased	1.81766381766382	0.908831908831909	2
2	166536038	166536039	30	18	4	2	2	1	NA	NA	NA	unphased	2.41666666666667	1.20833333333333	2
2	168105179	168105180	151	20	4	2	2	1	NA	NA	NA	unphased	0.753736192332684	0.753736192332684	1
2	168105800	168105801	74	35	4	2	2	1	NA	NA	NA	unphased	2.06931702344546	1.03465851172273	2
2	168725510	168725511	104	10	4	2	2	1	NA	NA	NA	unphased	0.565302144249513	0.565302144249513	1
2	170344493	170344494	147	28	6	4	2	1	NA	NA	NA	unphased	1.35111111111111	1.35111111111111	1
2	174081937	174081938	61	30	4	2	2	1	NA	NA	NA	unphased	2.12454212454212	1.06227106227106	2
2	176957904	176957905	45	7	4	2	2	1	NA	NA	NA	unphased	0.867521367521368	0.867521367521368	1
2	179446444	179446445	11	3	4	2	2	1	NA	NA	NA	unphased	1.38095238095238	1.38095238095238	1
2	179462478	179462479	49	16	4	2	2	1	NA	NA	NA	unphased	1.58632478632479	0.793162393162393	2
2	179479023	179479024	55	21	4	2	2	1	NA	NA	NA	unphased	1.78070175438597	0.890350877192983	2
2	179481641	179481642	102	53	4	2	2	1	NA	NA	NA	unphased	2.20358422939068	1.10179211469534	2
2	179542559	179542560	92	42	4	2	2	1	NA	NA	NA	unphased	2.01990049751244	1.00995024875622	2
2	179647601	179647602	49	20	4	2	2	1	NA	NA	NA	unphased	1.86795491143317	0.933977455716586	2
2	182392051	182392052	33	5	4	2	2	1	NA	NA	NA	unphased	0.847953216374269	0.847953216374269	1
2	182543083	182543084	96	15	4	2	2	1	NA	NA	NA	unphased	0.870870870870871	0.870870870870871	1
2	182543229	182543230	45	11	4	2	2	1	NA	NA	NA	unphased	1.26587301587302	1.26587301587302	1
2	182543230	182543231	46	11	4	2	2	1	NA	NA	NA	unphased	1.24366471734893	1.24366471734893	1
2	183800041	183800042	38	13	4	2	2	1	NA	NA	NA	unphased	1.64270152505447	0.821350762527233	2
2	183960191	183960192	118	17	4	2	2	1	NA	NA	NA	unphased	0.811522633744856	0.811522633744856	1
2	187528563	187528564	23	11	4	2	2	1	NA	NA	NA	unphased	2.08496732026144	1.04248366013072	2
2	187703803	187703804	146	54	4	2	2	1	NA	NA	NA	unphased	1.74	0.87	2
2	197171284	197171285	64	18	4	2	2	1	NA	NA	NA	unphased	1.41463414634146	1.41463414634146	1
2	197784850	197784851	42	13	4	2	2	1	NA	NA	NA	unphased	1.52323232323232	1.52323232323232	1
2	197990609	197990610	80	40	4	2	2	1	NA	NA	NA	unphased	2.14814814814815	1.07407407407407	2
2	198950567	198950568	91	30	4	2	2	1	NA	NA	NA	unphased	1.59779614325069	0.798898071625344	2
2	201501756	201501757	38	17	4	2	2	1	NA	NA	NA	unphased	1.99191919191919	0.995959595959596	2
2	206364663	206364664	130	23	4	2	2	1	NA	NA	NA	unphased	0.96877269426289	0.96877269426289	1
2	207176034	207176035	14	4	4	2	2	1	NA	NA	NA	unphased	1.4320987654321	1.4320987654321	1
2	207834174	207834175	27	6	4	2	2	1	NA	NA	NA	unphased	1.17171717171717	1.17171717171717	1
2	212248541	212248542	88	49	1.36	2	2	0.12	1	0	0.88	unphased	1.36071370640714	1.21492295214923	1.12
2	219247072	219247073	19	4	4	2	2	1	NA	NA	NA	unphased	1.1207729468599	1.1207729468599	1
2	219452362	219452363	23	3	4	2	2	1	NA	NA	NA	unphased	0.743589743589744	0.743589743589744	1
2	219544359	219544360	32	13	4	2	2	1	NA	NA	NA	unphased	1.86172839506173	0.930864197530864	2
2	219563912	219563913	73	5	4	2	2	1	NA	NA	NA	unphased	0.413105413105413	0.413105413105413	1
2	219897216	219897217	9	5	4	2	2	1	NA	NA	NA	unphased	2.3015873015873	1.15079365079365	2
2	220312927	220312928	26	12	4	2	2	1	NA	NA	NA	unphased	2.03508771929825	1.01754385964912	2
2	220413917	220413918	156	50	4	2	2	1	NA	NA	NA	unphased	1.56418554476807	0.782092772384035	2
2	220432114	220432115	15	3	4	2	2	1	NA	NA	NA	unphased	1.07407407407407	1.07407407407407	1
2	223553079	223553080	12	3	4	2	2	1	NA	NA	NA	unphased	1.28888888888889	1.28888888888889	1
2	223574453	223574454	156	72	4	2	2	1	NA	NA	NA	unphased	2.03508771929825	1.01754385964912	2
2	230911237	230911238	124	39	4	2	2	1	NA	NA	NA	unphased	1.54192229038855	0.770961145194274	2
2	231077603	231077604	111	51	4	2	2	1	NA	NA	NA	unphased	2.02880658436214	1.01440329218107	2
2	232263015	232263016	65	16	2.32	2	2	0.16	1	1	0.84	unphased	0.941124828532236	0.941124828532236	1
2	234621865	234621866	51	26	2.32	2	2	0.16	1	1	0.84	unphased	1.60877344877345	1.38687366273573	1.16
2	234622396	234622397	203	102	2.32	2	2	0.16	1	1	0.84	unphased	1.59335519125683	1.3735820614283	1.16
2	235950662	235950663	75	7	2.32	2	2	0.16	1	1	0.84	unphased	0.406720867208672	0.406720867208672	1
2	238726843	238726844	29	12	2.32	2	2	0.16	1	1	0.84	unphased	1.39447154471545	1.39447154471545	1
2	242610157	242610158	6	5	1.48	2	2	0.16	0	1	0.84	unphased	1.78383838383838	1.78383838383838	1
2	242644134	242644135	91	29	1.48	2	2	0.16	0	1	0.84	unphased	0.948407407407407	0.948407407407407	1
2	242756339	242756340	15	3	1.48	2	2	0.16	0	1	0.84	unphased	0.654074074074074	0.654074074074074	1
20	1424315	1424316	7	7	3	3	0	1	NA	NA	NA	unphased	2.72222222222222	0.907407407407407	3
20	1460537	1460538	89	10	3	3	0	1	NA	NA	NA	unphased	0.549943883277217	0.549943883277217	1
20	2375965	2375966	46	4	3	3	0	1	NA	NA	NA	unphased	0.435555555555556	0.435555555555556	1
20	3553467	3553468	75	17	3	3	0	1	NA	NA	NA	unphased	1.006038647343	1.006038647343	1
20	3653451	3653452	19	5	3	3	0	1	NA	NA	NA	unphased	1.13425925925926	1.13425925925926	1
20	4202305	4202306	47	13	3	3	0	1	NA	NA	NA	unphased	1.17962962962963	1.17962962962963	1
20	4680057	4680058	42	10	3	3	0	1	NA	NA	NA	unphased	1.04700854700855	1.04700854700855	1
20	5283043	5283044	29	28	3	3	0	1	NA	NA	NA	unphased	2.67446393762183	0.891487979207278	3
20	20030017	20030018	9	8	3	3	0	1	NA	NA	NA	unphased	2.56209150326797	0.854030501089325	3
20	20486179	20486180	7	3	3	3	0	1	NA	NA	NA	unphased	1.63333333333333	1.63333333333333	1
20	21492652	21492653	39	50	3	3	0	1	NA	NA	NA	unphased	3.05867665418227	1.01955888472742	3
20	21492968	21492969	31	5	3	3	0	1	NA	NA	NA	unphased	0.756172839506173	0.756172839506173	1
20	25491332	25491333	90	20	4.49	3	2	0.83	1	1	0.17	unphased	1.26080808080808	1.26080808080808	1
20	25656524	25656525	167	20	4.49	3	2	0.83	1	1	0.17	unphased	0.741651812240048	0.741651812240048	1
20	30365314	30365315	70	11	4.37	3	2	0.79	1	1	0.21	unphased	0.925418381344307	0.925418381344307	1
20	30538169	30538170	53	36	4.37	3	2	0.79	1	1	0.21	unphased	2.75640449438202	0.987958600136926	2.79
20	31649630	31649631	57	5	4.37	3	2	0.79	1	1	0.21	unphased	0.549551971326165	0.549551971326165	1
20	33437795	33437796	53	19	4.37	3	2	0.79	1	1	0.21	unphased	1.79825617283951	1.00461238706118	1.79
20	33439058	33439059	51	12	4.37	3	2	0.79	1	1	0.21	unphased	1.29798941798942	1.29798941798942	1
20	33590829	33590830	19	6	4.37	3	2	0.79	1	1	0.21	unphased	1.63546666666667	1.63546666666667	1
20	33591357	33591358	56	7	4.37	3	2	0.79	1	1	0.21	unphased	0.757160493827161	0.757160493827161	1
20	33665864	33665865	64	20	4.37	3	2	0.79	1	1	0.21	unphased	1.62248677248677	0.906417191333392	1.79
20	33934980	33934981	133	21	4.37	3	2	0.79	1	1	0.21	unphased	0.929242424242424	0.929242424242424	1
20	34022220	34022221	51	4	4.37	3	2	0.79	1	1	0.21	unphased	0.49559595959596	0.49559595959596	1
20	36936037	36936038	106	24	4.37	3	2	0.79	1	1	0.21	unphased	1.25805128205128	1.25805128205128	1
20	37153515	37153516	98	56	4.37	3	2	0.79	1	1	0.21	unphased	2.4779797979798	0.960457286038681	2.58
20	37400488	37400489	10	5	4.37	3	2	0.79	1	1	0.21	unphased	2.27148148148148	0.880419178868791	2.58
20	42697428	42697429	8	6	4.36	3	2	0.84	0	1	0.16	unphased	2.91619047619048	1.02682763246144	2.84
20	43058238	43058239	224	16	4.36	3	2	0.84	0	1	0.16	unphased	0.45362962962963	0.45362962962963	1
20	43723799	43723800	59	10	4.36	3	2	0.84	0	1	0.16	unphased	0.986151368760064	0.986151368760064	1
20	43739148	43739149	44	15	4.36	3	2	0.84	0	1	0.16	unphased	1.72994350282486	1.02972827549099	1.68
20	43803542	43803543	75	31	4.36	3	2	0.84	0	1	0.16	unphased	1.98997903563941	1.0815103454562	1.84
20	43944826	43944827	68	32	4.36	3	2	0.84	0	1	0.16	unphased	2.17742222222222	0.864056437389771	2.52
20	44237409	44237410	32	32	4.36	3	2	0.84	0	1	0.16	unphased	3.40222222222222	1.19796557120501	2.84
20	44523506	44523507	196	50	4.25	4	2	0.65	0	1	0.35	unphased	1.36065943992773	1.04666110763672	1.3
20	44538659	44538660	83	7	4.25	4	2	0.65	0	1	0.35	unphased	0.520679012345679	0.801044634377968	0.65
20	44682251	44682252	109	41	4.6	3	2	0.9	0	1	0.1	unphased	1.92548148148148	1.01341130604288	1.9
20	47268028	47268029	80	12	4.6	3	2	0.9	0	1	0.1	unphased	0.918840579710145	0.918840579710145	1
20	48808466	48808467	19	16	4.6	3	2	0.9	0	1	0.1	unphased	3.22031746031746	1.11045429666119	2.9
20	49225231	49225232	191	20	4.6	3	2	0.9	0	1	0.1	unphased	0.667719852553976	0.741910947282195	0.9
20	49621193	49621194	8	3	4.6	3	2	0.9	0	1	0.1	unphased	1.92121212121212	1.92121212121212	1
20	50273591	50273592	40	7	4.6	3	2	0.9	0	1	0.1	unphased	1.04917257683215	1.04917257683215	1
20	57429586	57429587	8	9	4.22	3	2	0.74	1	1	0.26	unphased	3.52823529411765	1.28767711464148	2.74
20	57766452	57766453	61	31	4.22	3	2	0.74	1	1	0.26	unphased	2.24562801932367	0.905495169082126	2.48
20	58416514	58416515	64	5	4.22	3	2	0.74	1	1	0.26	unphased	0.4829307568438	0.4829307568438	1
20	61288433	61288434	23	6	4.22	3	2	0.74	1	1	0.26	unphased	1.37885057471264	1.37885057471264	1
20	61391737	61391738	7	5	1	5	2	0	0	1	1	unphased	1.43518518518519	1.43518518518519	1
20	61512237	61512238	110	29	1	5	2	0	0	1	1	unphased	0.718625099920064	0.718625099920064	1
20	61637749	61637750	32	4	1	5	2	0	0	1	1	unphased	0.382716049382716	0.382716049382716	1
20	62038064	62038065	16	7	2.45	2	1	0.45	1	1	0.55	unphased	1.48961352657005	1.48961352657005	1
20	62193246	62193247	12	6	2.45	2	1	0.45	1	1	0.55	unphased	1.63148148148148	1.63148148148148	1
20	62737406	62737407	26	4	2.45	2	1	0.45	1	1	0.55	unphased	0.652592592592593	0.652592592592593	1
20	62737584	62737585	49	9	2.45	2	1	0.45	1	1	0.55	unphased	0.75948275862069	0.75948275862069	1
20	62871801	62871802	31	11	2.45	2	1	0.45	1	1	0.55	unphased	1.28187830687831	1.28187830687831	1
21	10934046	10934047	134	21	NA	NA	NA	NA	NA	NA	NA	unphased	NA	NA	1
21	11038940	11038941	384	23	2	2	0	1	NA	NA	NA	unphased	0.251160251160251	0.251160251160251	1
21	11039057	11039058	295	17	2	2	0	1	NA	NA	NA	unphased	0.242165242165242	0.242165242165242	1
21	11039114	11039115	257	12	2	2	0	1	NA	NA	NA	unphased	0.198265179677819	0.198265179677819	1
21	11047545	11047546	367	17	2	2	0	1	NA	NA	NA	unphased	0.196759259259259	0.196759259259259	1
21	15748034	15748035	46	40	2	2	0	1	NA	NA	NA	unphased	2.0671834625323	1.03359173126615	2
21	27852670	27852671	57	46	2	2	0	1	NA	NA	NA	unphased	1.9848975188781	0.992448759439051	2
21	28306883	28306884	28	15	2	2	0	1	NA	NA	NA	unphased	1.55038759689922	0.775193798449612	2
21	31709463	31709464	57	27	2	2	0	1	NA	NA	NA	unphased	1.42857142857143	0.714285714285714	2
21	31914062	31914063	77	68	2	2	0	1	NA	NA	NA	unphased	2.08429118773946	1.04214559386973	2
21	32253634	32253635	22	18	2	2	0	1	NA	NA	NA	unphased	2	1	2
21	34927403	34927404	12	5	4	2	2	1	NA	NA	NA	unphased	1.89542483660131	1.89542483660131	1
21	37744772	37744773	65	19	4	2	2	1	NA	NA	NA	unphased	1.45767195767196	0.728835978835979	2
21	38559405	38559406	31	12	4	2	2	1	NA	NA	NA	unphased	1.7984496124031	0.89922480620155	2
21	41385177	41385178	42	13	2.46	2	2	0.23	1	1	0.77	unphased	1.15923232323232	1.15923232323232	1
21	43162144	43162145	235	45	2.46	2	2	0.23	1	1	0.77	unphased	0.788214285714286	0.788214285714286	1
21	45798948	45798949	106	15	2.46	2	2	0.23	1	1	0.77	unphased	0.607988980716253	0.607988980716253	1
21	46031997	46031998	68	21	2.46	2	2	0.23	1	1	0.77	unphased	1.15722846441948	1.15722846441948	1
21	46047220	46047221	101	35	2.46	2	2	0.23	1	1	0.77	unphased	1.26217320261438	1.26217320261438	1
21	46117154	46117155	99	39	2.46	2	2	0.23	1	1	0.77	unphased	1.38603864734299	1.12686068889674	1.23
21	46117530	46117531	216	69	2.46	2	2	0.23	1	1	0.77	unphased	1.1873918128655	1.1873918128655	1
21	46117652	46117653	228	124	2.46	2	2	0.23	1	1	0.77	unphased	1.72770202020202	1.40463578878213	1.23
21	46226841	46226842	24	14	2.46	2	2	0.23	1	1	0.77	unphased	1.80690058479532	1.46902486568725	1.23
21	47655301	47655302	33	8	2.46	2	2	0.23	1	1	0.77	unphased	0.956964769647697	0.956964769647697	1
21	47821626	47821627	87	10	2.46	2	2	0.23	1	1	0.77	unphased	0.50561282932417	0.50561282932417	1
22	17444713	17444714	58	5	6	4	2	1	NA	NA	NA	unphased	0.670194003527337	0.670194003527337	1
22	18028663	18028664	83	14	4.2	4	2	0.55	1	1	0.45	unphased	0.958991981672394	0.958991981672394	1
22	18769222	18769223	40	9	3.47	3	2	0.49	1	1	0.51	unphased	1.08632653061224	1.08632653061224	1
22	19196444	19196445	8	9	3.47	3	2	0.49	1	1	0.51	unphased	3.13117647058824	1.25750059059768	2.49
22	19839605	19839606	129	15	3.47	3	2	0.49	1	1	0.51	unphased	0.616087962962963	1.2573223733938	0.49
22	20394534	20394535	94	17	3.47	3	2	0.49	1	1	0.51	unphased	0.905815815815816	0.905815815815816	1
22	20796598	20796599	76	6	3.47	3	2	0.49	1	1	0.51	unphased	0.432764227642276	0.883192301310768	0.49
22	20939287	20939288	222	23	3.47	3	2	0.49	1	1	0.51	unphased	0.555233560090703	1.13312971447082	0.49
22	21062202	21062203	48	5	3.47	3	2	0.49	1	1	0.51	unphased	0.557966457023061	0.557966457023061	1
22	21080825	21080826	25	17	3.47	3	2	0.49	1	1	0.51	unphased	2.3939417989418	0.961422409213574	2.49
22	21330811	21330812	62	14	3.47	3	2	0.49	1	1	0.51	unphased	1.08950292397661	1.08950292397661	1
22	22516908	22516909	47	12	4.6	4	2	0.65	1	1	0.35	unphased	1.43276836158192	1.43276836158192	1
22	22707615	22707616	36	70	4.6	4	2	0.65	1	1	0.35	unphased	4.65199161425577	1.27451825048103	3.65
22	22869651	22869652	169	12	4.6	4	2	0.65	1	1	0.35	unphased	0.467034990791897	0.718515370449072	0.65
22	22893464	22893465	211	61	4.6	4	2	0.65	1	1	0.35	unphased	1.57982026143791	0.957466825113884	1.65
22	23154501	23154502	113	90	4.6	4	2	0.65	1	1	0.35	unphased	3.12315270935961	0.946409911927154	3.3
22	23162081	23162082	51	39	4.6	4	2	0.65	1	1	0.35	unphased	3.05259259259259	1.03477715003139	2.95
22	24034689	24034690	65	5	4.6	4	2	0.65	1	1	0.35	unphased	0.503174603174603	0.503174603174603	1
22	24123391	24123392	222	17	4.6	4	2	0.65	1	1	0.35	unphased	0.501069270106927	0.770875800164503	0.65
22	24145516	24145517	217	28	4.6	4	2	0.65	1	1	0.35	unphased	0.805079365079365	0.805079365079365	1
22	24219965	24219966	11	4	4.6	4	2	0.65	1	1	0.35	unphased	1.87851851851852	1.87851851851852	1
22	24759258	24759259	89	20	4.6	4	2	0.65	1	1	0.35	unphased	1.29255861365953	1.29255861365953	1
22	26351271	26351272	47	33	4.6	4	2	0.65	1	1	0.35	unphased	2.90583333333333	0.985028248587571	2.95
22	30951612	30951613	144	20	4.6	4	2	0.65	1	1	0.35	unphased	0.859078590785908	0.859078590785908	1
22	31655954	31655955	88	6	4.6	4	2	0.65	1	1	0.35	unphased	0.449645390070922	0.691762138570649	0.65
22	31859760	31859761	116	13	4.6	4	2	0.65	1	1	0.35	unphased	0.709905254091301	0.709905254091301	1
22	32784072	32784073	17	10	4.6	4	2	0.65	1	1	0.35	unphased	2.60905349794239	0.98454848978958	2.65
22	32934034	32934035	104	11	4.6	4	2	0.65	1	1	0.35	unphased	0.673816425120773	0.673816425120773	1
22	34046549	34046550	102	31	4.6	4	2	0.65	1	1	0.35	unphased	1.64193817878028	0.995114047745627	1.65
22	35661296	35661297	60	16	4.96	4	2	0.74	1	1	0.26	unphased	1.55883040935672	0.895879545607313	1.74
22	37333554	37333555	38	26	3.29	3	2	0.43	1	1	0.57	unphased	2.32961805555556	0.958690557841792	2.43
22	37334227	37334228	113	29	3.29	3	2	0.43	1	1	0.57	unphased	1.17111893583725	1.17111893583725	1
22	38097325	38097326	12	6	3.29	3	2	0.43	1	1	0.57	unphased	1.91148148148148	1.91148148148148	1
22	38374018	38374019	17	23	3.29	3	2	0.43	1	1	0.57	unphased	3.29730555555556	1.35691586648377	2.43
22	39884148	39884149	207	29	4.76	4	2	0.69	1	1	0.31	unphased	0.885291902071563	0.885291902071563	1
22	39908301	39908302	79	8	4.76	4	2	0.69	1	1	0.31	unphased	0.662477650063857	0.662477650063857	1
22	41075342	41075343	21	9	7	5	2	1	NA	NA	NA	unphased	2.83333333333333	0.944444444444444	3
22	41752811	41752812	72	75	7	5	2	1	NA	NA	NA	unphased	4.81859410430839	0.963718820861678	5
22	42276883	42276884	38	28	2.27	2	1	0.27	1	1	0.73	unphased	2.00006734006734	1.57485617328137	1.27
22	42608027	42608028	58	16	2.27	2	1	0.27	1	1	0.73	unphased	1.01933933933934	1.01933933933934	1
22	42611185	42611186	29	7	2.27	2	1	0.27	1	1	0.73	unphased	0.916697530864198	0.916697530864198	1
22	43036165	43036166	22	8	2.27	2	1	0.27	1	1	0.73	unphased	1.25718518518519	1.25718518518519	1
22	43634902	43634903	22	6	2.27	2	1	0.27	1	1	0.73	unphased	1.0102380952381	1.0102380952381	1
22	46859749	46859750	14	4	2.27	2	1	0.27	1	1	0.73	unphased	1.04765432098765	1.04765432098765	1
22	50470330	50470331	27	22	2.27	2	1	0.27	1	1	0.73	unphased	2.11668934240363	1.66668452157766	1.27
22	51182633	51182634	53	18	2.27	2	1	0.27	1	1	0.73	unphased	1.19521126760563	1.19521126760563	1
3	15275389	15275390	57	24	4	4	0	1	NA	NA	NA	unphased	1.90946502057613	0.954732510288066	2
3	16312541	16312542	56	62	2	2	0	1	NA	NA	NA	unphased	2.33521657250471	1.16760828625235	2
3	27203887	27203888	38	4	2	2	0	1	NA	NA	NA	unphased	0.423280423280423	0.423280423280423	1
3	38420766	38420767	68	15	2	2	0	1	NA	NA	NA	unphased	0.803212851405622	0.803212851405622	1
3	45823591	45823592	13	4	2	2	0	1	NA	NA	NA	unphased	1.04575163398693	1.04575163398693	1
3	46245365	46245366	38	7	2	2	0	1	NA	NA	NA	unphased	0.691358024691358	0.691358024691358	1
3	48423485	48423486	50	33	2	2	0	1	NA	NA	NA	unphased	1.76706827309237	0.883534136546185	2
3	48454013	48454014	19	21	2	2	0	1	NA	NA	NA	unphased	2.33333333333333	1.16666666666667	2
3	48613830	48613831	25	4	2	2	0	1	NA	NA	NA	unphased	0.613026819923372	0.613026819923372	1
3	48696506	48696507	41	41	2	2	0	1	NA	NA	NA	unphased	2.22222222222222	1.11111111111111	2
3	49338075	49338076	32	10	2	2	0	1	NA	NA	NA	unphased	1.05820105820106	1.05820105820106	1
3	49897093	49897094	70	51	2	2	0	1	NA	NA	NA	unphased	1.8732782369146	0.9366391184573	2
3	52437151	52437152	34	7	2	2	0	1	NA	NA	NA	unphased	0.758807588075881	0.758807588075881	1
3	52521215	52521216	73	13	2	2	0	1	NA	NA	NA	unphased	0.671834625322997	0.671834625322997	1
3	53381434	53381435	30	8	2	2	0	1	NA	NA	NA	unphased	0.935672514619883	0.935672514619883	1
3	53531423	53531424	82	19	2	2	0	1	NA	NA	NA	unphased	0.836083608360836	0.836083608360836	1
3	57994536	57994537	100	66	2	2	0	1	NA	NA	NA	unphased	1.76706827309237	0.883534136546185	2
3	64132743	64132744	49	43	2	2	0	1	NA	NA	NA	unphased	2.07729468599034	1.03864734299517	2
3	64617585	64617586	22	7	2	2	0	1	NA	NA	NA	unphased	1.0727969348659	1.0727969348659	1
3	78766918	78766919	9	6	1.15	2	0	0.15	1	0	0.85	unphased	1.43777777777778	1.43777777777778	1
3	97852028	97852029	36	17	1.42	2	2	0.14	1	0	0.86	unphased	1.23953878406709	1.23953878406709	1
3	100364804	100364805	41	7	1.42	2	2	0.14	1	0	0.86	unphased	0.563564814814815	0.563564814814815	1
3	108396393	108396394	191	66	4	2	2	1	NA	NA	NA	unphased	1.65499351491569	0.827496757457847	2
3	111799896	111799897	106	9	4	2	2	1	NA	NA	NA	unphased	0.504347826086957	0.504347826086957	1
3	113115475	113115476	33	47	6	4	2	1	NA	NA	NA	unphased	4.96111111111111	1.24027777777778	4
3	113499940	113499941	27	31	6	4	2	1	NA	NA	NA	unphased	4.51340996168582	1.12835249042146	4
3	113513750	113513751	125	37	6	4	2	1	NA	NA	NA	unphased	1.92866941015089	0.964334705075446	2
3	119582445	119582446	28	13	4	2	2	1	NA	NA	NA	unphased	2.04336043360434	1.02168021680217	2
3	121305242	121305243	72	34	4	2	2	1	NA	NA	NA	unphased	2.06708595387841	1.0335429769392	2
3	121448803	121448804	39	20	4	2	2	1	NA	NA	NA	unphased	2.18455743879473	1.09227871939736	2
3	122102052	122102053	72	78	2.68	5	2	0.28	1	0	0.72	unphased	2.66471111111111	1.04090277777778	2.56
3	122645425	122645426	32	15	4	2	2	1	NA	NA	NA	unphased	2.05673758865248	1.02836879432624	2
3	123359145	123359146	69	24	4	2	2	1	NA	NA	NA	unphased	1.66308243727599	0.831541218637993	2
3	123419192	123419193	231	40	4	2	2	1	NA	NA	NA	unphased	0.951209512095121	0.951209512095121	1
3	123512630	123512631	53	15	4	2	2	1	NA	NA	NA	unphased	1.42156862745098	1.42156862745098	1
3	125828807	125828808	41	4	2.44	2	2	0.22	1	1	0.78	unphased	0.434172839506173	0.434172839506173	1
3	126207047	126207048	190	64	2.44	2	2	0.22	1	1	0.78	unphased	1.2307261592301	1.00879193379516	1.22
3	126260989	126260990	6	3	2.44	2	2	0.22	1	1	0.78	unphased	1.62814814814815	1.62814814814815	1
3	126707961	126707962	22	10	2.44	2	2	0.22	1	1	0.78	unphased	1.52638888888889	1.52638888888889	1
3	128711996	128711997	88	36	2.44	2	2	0.22	1	1	0.78	unphased	1.41806451612903	1.16234796404019	1.22
3	128849433	128849434	51	16	2.44	2	2	0.22	1	1	0.78	unphased	1.16643449419569	1.16643449419569	1
3	129267889	129267890	19	4	2.44	2	2	0.22	1	1	0.78	unphased	0.849468599033817	0.849468599033817	1
3	130743266	130743267	52	24	1.87	2	2	0.29	1	0	0.71	unphased	1.36245614035088	1.36245614035088	1
3	131271327	131271328	66	12	1.87	2	2	0.29	1	0	0.71	unphased	0.663760683760684	0.663760683760684	1
3	133485248	133485249	159	67	4	2	2	1	NA	NA	NA	unphased	1.91052114060964	0.955260570304818	2
3	133495984	133495985	44	17	4	2	2	1	NA	NA	NA	unphased	1.7959927140255	0.89799635701275	2
3	135806728	135806729	49	11	4	2	2	1	NA	NA	NA	unphased	1.18148148148148	1.18148148148148	1
3	140251314	140251315	72	22	4	2	2	1	NA	NA	NA	unphased	1.50827423167849	0.754137115839244	2
3	142238584	142238585	109	18	4	2	2	1	NA	NA	NA	unphased	0.913385826771654	0.913385826771654	1
3	142840270	142840271	151	23	4	2	2	1	NA	NA	NA	unphased	0.851851851851852	0.851851851851852	1
3	147130412	147130413	88	35	4	2	2	1	NA	NA	NA	unphased	1.83378500451671	0.916892502258356	2
3	150416634	150416635	113	38	4	2	2	1	NA	NA	NA	unphased	1.62178072111847	0.810890360559235	2
3	151161335	151161336	42	17	4	2	2	1	NA	NA	NA	unphased	1.85687382297552	0.928436911487759	2
3	154139016	154139017	123	56	4	2	2	1	NA	NA	NA	unphased	2.01613904407201	1.008069522036	2
3	154147338	154147339	42	21	4	2	2	1	NA	NA	NA	unphased	2.14814814814815	1.07407407407407	2
3	154855907	154855908	144	52	4	2	2	1	NA	NA	NA	unphased	1.70975056689342	0.854875283446712	2
3	155199897	155199898	95	22	4	2	2	1	NA	NA	NA	unphased	1.21177587844255	1.21177587844255	1
3	156763609	156763610	29	4	4	2	2	1	NA	NA	NA	unphased	0.781144781144781	0.781144781144781	1
3	164777733	164777734	182	61	2.38	2	2	0.19	1	1	0.81	unphased	1.21107453132145	1.21107453132145	1
3	164907406	164907407	71	22	2.38	2	2	0.19	1	1	0.81	unphased	1.14126642771804	1.14126642771804	1
3	165547574	165547575	76	27	2.38	2	2	0.19	1	1	0.81	unphased	1.26466019417476	1.26466019417476	1
3	169694772	169694773	51	17	4	2	2	1	NA	NA	NA	unphased	1.61111111111111	0.805555555555556	2
3	172165384	172165385	58	18	4	2	2	1	NA	NA	NA	unphased	1.52631578947368	0.763157894736842	2
3	172165995	172165996	80	10	4	2	2	1	NA	NA	NA	unphased	0.716049382716049	0.716049382716049	1
3	183059374	183059375	51	17	4	2	2	1	NA	NA	NA	unphased	1.61111111111111	0.805555555555556	2
3	183887822	183887823	113	31	4	2	2	1	NA	NA	NA	unphased	1.38734567901235	0.693672839506173	2
3	184910476	184910477	29	19	4	2	2	1	NA	NA	NA	unphased	2.55092592592593	1.27546296296296	2
3	185146648	185146649	80	16	6	4	2	1	NA	NA	NA	unphased	1.40740740740741	1.40740740740741	1
3	185766415	185766416	51	23	4	2	2	1	NA	NA	NA	unphased	2.003003003003	1.0015015015015	2
3	186038185	186038186	42	26	4	2	2	1	NA	NA	NA	unphased	2.4640522875817	1.23202614379085	2
3	186256677	186256678	26	14	4	2	2	1	NA	NA	NA	unphased	2.25555555555556	1.12777777777778	2
3	188326965	188326966	113	65	4	2	2	1	NA	NA	NA	unphased	2.35330836454432	1.17665418227216	2
3	189587168	189587169	29	13	4	2	2	1	NA	NA	NA	unphased	1.99470899470899	0.997354497354497	2
3	190026122	190026123	98	41	4	2	2	1	NA	NA	NA	unphased	1.90087929656275	0.950439648281375	2
3	194080795	194080796	50	10	4	2	2	1	NA	NA	NA	unphased	1.07407407407407	1.07407407407407	1
3	195594627	195594628	20	14	4	4	0	1	NA	NA	NA	unphased	2.65359477124183	0.884531590413943	3
3	196129879	196129880	134	62	4	2	2	1	NA	NA	NA	unphased	2.03854875283447	1.01927437641723	2
4	289821	289822	56	8	2.54	2	2	0.27	1	1	0.73	unphased	0.623055555555556	0.623055555555556	1
4	619636	619637	15	7	2.54	2	2	0.27	1	1	0.73	unphased	1.5859595959596	1.5859595959596	1
4	951685	951686	85	8	2.54	2	2	0.27	1	1	0.73	unphased	0.428769414575866	0.428769414575866	1
4	1244606	1244607	53	15	2.54	2	2	0.27	1	1	0.73	unphased	1.09950980392157	1.09950980392157	1
4	1388396	1388397	254	99	2.54	2	2	0.27	1	1	0.73	unphased	1.39790368271955	1.10071156119649	1.27
4	1388915	1388916	386	136	2.54	2	2	0.27	1	1	0.73	unphased	1.29862920391656	1.02254268024926	1.27
4	1643056	1643057	50	24	2.54	2	2	0.27	1	1	0.73	unphased	1.61657657657658	1.27289494218628	1.27
4	1657193	1657194	21	5	2.54	2	2	0.27	1	1	0.73	unphased	0.958547008547009	0.958547008547009	1
4	1985036	1985037	60	15	2.54	2	2	0.27	1	1	0.73	unphased	0.996888888888889	0.996888888888889	1
4	3419261	3419262	72	12	2.54	2	2	0.27	1	1	0.73	unphased	0.712063492063492	0.712063492063492	1
4	3422370	3422371	65	7	2.54	2	2	0.27	1	1	0.73	unphased	0.484598765432099	0.484598765432099	1
4	4199544	4199545	47	21	2.54	2	2	0.27	1	1	0.73	unphased	1.5393137254902	1.21205805156708	1.27
4	5624404	5624405	37	15	2.54	2	2	0.27	1	1	0.73	unphased	1.43782051282051	1.43782051282051	1
4	5827332	5827333	36	21	2.54	2	2	0.27	1	1	0.73	unphased	1.83637426900585	1.44596399134319	1.27
4	6718510	6718511	30	7	2.54	2	2	0.27	1	1	0.73	unphased	0.943003003003003	0.943003003003003	1
4	7787981	7787982	90	42	2.54	2	2	0.27	1	1	0.73	unphased	1.5859595959596	1.24878708343275	1.27
4	10515188	10515189	11	3	4	2	2	1	NA	NA	NA	unphased	1.38095238095238	1.38095238095238	1
4	16504337	16504338	170	72	4	2	2	1	NA	NA	NA	unphased	1.91735537190083	0.958677685950413	2
4	16587546	16587547	58	22	4	2	2	1	NA	NA	NA	unphased	1.77222222222222	0.886111111111111	2
4	25005233	25005234	94	16	4	2	2	1	NA	NA	NA	unphased	0.937373737373737	0.937373737373737	1
4	42065119	42065120	76	18	1.9	4	2	0.18	1	0	0.82	unphased	0.831914893617021	0.831914893617021	1
4	42145735	42145736	60	18	1.9	4	2	0.18	1	0	0.82	unphased	1.0025641025641	1.0025641025641	1
4	46930761	46930762	40	18	1.9	4	2	0.18	1	0	0.82	unphased	1.34827586206897	1.34827586206897	1
4	47560210	47560211	102	25	1.9	4	2	0.18	1	0	0.82	unphased	0.855205599300088	0.855205599300088	1
4	47892676	47892677	31	6	1.9	4	2	0.18	1	0	0.82	unphased	0.704504504504505	0.704504504504505	1
4	48555306	48555307	88	14	1.9	4	2	0.18	1	0	0.82	unphased	0.596296296296296	0.596296296296296	1
4	55133806	55133807	44	12	4	2	2	1	NA	NA	NA	unphased	1.38095238095238	1.38095238095238	1
4	55152031	55152032	89	42	4	2	2	1	NA	NA	NA	unphased	2.06615776081425	1.03307888040712	2
4	55152032	55152033	92	43	4	2	2	1	NA	NA	NA	unphased	2.05267489711934	1.02633744855967	2
4	57182505	57182506	36	8	4	2	2	1	NA	NA	NA	unphased	1.17171717171717	1.17171717171717	1
4	57204734	57204735	48	24	4	2	2	1	NA	NA	NA	unphased	2.14814814814815	1.07407407407407	2
4	57301962	57301963	13	4	4	2	2	1	NA	NA	NA	unphased	1.51633986928105	1.51633986928105	1
4	65147234	65147235	58	21	4	2	2	1	NA	NA	NA	unphased	1.71308016877637	0.856540084388186	2
4	65275092	65275093	46	20	4	2	2	1	NA	NA	NA	unphased	1.95286195286195	0.976430976430977	2
4	69536126	69536127	147	67	NA	NA	NA	NA	NA	NA	NA	unphased	NA	NA	1
4	70359460	70359461	118	48	4	2	2	1	NA	NA	NA	unphased	1.86345381526104	0.931726907630522	2
4	70359530	70359531	69	14	4	2	2	1	NA	NA	NA	unphased	1.08701472556894	1.08701472556894	1
4	70715238	70715239	38	20	4	2	2	1	NA	NA	NA	unphased	2.22222222222222	1.11111111111111	2
4	71200776	71200777	40	15	4	2	2	1	NA	NA	NA	unphased	1.75757575757576	0.878787878787879	2
4	78806482	78806483	57	13	4	2	2	1	NA	NA	NA	unphased	1.1968253968254	1.1968253968254	1
4	79440602	79440603	174	69	4	2	2	1	NA	NA	NA	unphased	1.82990397805213	0.914951989026063	2
4	79847760	79847761	130	58	4	2	2	1	NA	NA	NA	unphased	1.98817966903073	0.994089834515367	2
4	83582155	83582156	288	49	4	2	2	1	NA	NA	NA	unphased	0.937026046818332	0.937026046818332	1
4	88583630	88583631	38	6	4	2	2	1	NA	NA	NA	unphased	0.878787878787879	0.878787878787879	1
4	88731894	88731895	78	20	4	2	2	1	NA	NA	NA	unphased	1.31519274376417	1.31519274376417	1
4	88902735	88902736	235	35	4	2	2	1	NA	NA	NA	unphased	0.835390946502058	0.835390946502058	1
4	89380599	89380600	77	33	4	2	2	1	NA	NA	NA	unphased	1.93333333333333	0.966666666666667	2
4	95129563	95129564	125	35	4	2	2	1	NA	NA	NA	unphased	1.40972222222222	0.704861111111111	2
4	96761364	96761365	41	14	4	2	2	1	NA	NA	NA	unphased	1.64040404040404	0.82020202020202	2
4	98480249	98480250	75	19	4	2	2	1	NA	NA	NA	unphased	1.30260047281324	1.30260047281324	1
4	99325713	99325714	41	20	4	2	2	1	NA	NA	NA	unphased	2.11293260473588	1.05646630236794	2
4	101108733	101108734	11	3	4	2	2	1	NA	NA	NA	unphased	1.38095238095238	1.38095238095238	1
4	106601217	106601218	15	6	4	2	2	1	NA	NA	NA	unphased	1.84126984126984	1.84126984126984	1
4	107956659	107956660	126	37	4	2	2	1	NA	NA	NA	unphased	1.4628493524199	0.731424676209952	2
4	113353212	113353213	25	7	4	2	2	1	NA	NA	NA	unphased	1.40972222222222	1.40972222222222	1
4	115998248	115998249	6	4	4	2	2	1	NA	NA	NA	unphased	2.57777777777778	1.28888888888889	2
4	123748451	123748452	38	8	4	2	2	1	NA	NA	NA	unphased	1.1207729468599	1.1207729468599	1
4	126239638	126239639	69	23	4	2	2	1	NA	NA	NA	unphased	1.61111111111111	0.805555555555556	2
4	128870976	128870977	107	51	4	2	2	1	NA	NA	NA	unphased	2.08016877637131	1.04008438818565	2
4	129770170	129770171	79	27	4	2	2	1	NA	NA	NA	unphased	1.64150943396226	0.820754716981132	2
4	129867216	129867217	19	7	4	2	2	1	NA	NA	NA	unphased	1.73504273504274	1.73504273504274	1
4	154625706	154625707	100	12	4.3	4	2	0.66	0	1	0.34	unphased	0.722619047619048	0.722619047619048	1
4	156725879	156725880	26	13	4	2	2	1	NA	NA	NA	unphased	2.14814814814815	1.07407407407407	2
4	159627913	159627914	137	23	4	2	2	1	NA	NA	NA	unphased	0.926388888888889	0.926388888888889	1
4	169282356	169282357	16	7	4	2	2	1	NA	NA	NA	unphased	1.96135265700483	0.980676328502416	2
4	175439174	175439175	27	8	4	2	2	1	NA	NA	NA	unphased	1.47301587301587	1.47301587301587	1
4	177093568	177093569	46	10	4	2	2	1	NA	NA	NA	unphased	1.15079365079365	1.15079365079365	1
4	178272592	178272593	75	30	4	2	2	1	NA	NA	NA	unphased	1.84126984126984	0.920634920634921	2
4	183836691	183836692	97	25	4	2	2	1	NA	NA	NA	unphased	1.32058287795993	1.32058287795993	1
4	184931700	184931701	26	18	4	2	2	1	NA	NA	NA	unphased	2.63636363636364	1.31818181818182	2
4	187004484	187004485	76	37	4	2	2	1	NA	NA	NA	unphased	2.11012782694199	1.05506391347099	2
4	187073100	187073101	57	9	4	2	2	1	NA	NA	NA	unphased	0.878787878787879	0.878787878787879	1
4	187192885	187192886	72	34	4	2	2	1	NA	NA	NA	unphased	2.06708595387841	1.0335429769392	2
5	251127	251128	354	26	9	7	2	1	0	1	0	unphased	0.783040935672515	0.783040935672515	1
5	908487	908488	51	94	9	7	2	1	0	1	0	unphased	7.41915708812261	1.05987958401752	7
5	1294341	1294342	35	9	9	7	2	1	0	1	0	unphased	2.34090909090909	1.17045454545455	2
5	1318498	1318499	187	15	9	7	2	1	0	1	0	unphased	0.84983498349835	0.84983498349835	1
5	2749777	2749778	233	27	9	7	2	1	0	1	0	unphased	1.18846153846154	1.18846153846154	1
5	3599695	3599696	153	11	9	7	2	1	0	1	0	unphased	0.767615176151762	0.767615176151762	1
5	5190085	5190086	177	38	9	7	2	1	0	1	0	unphased	2.02273901808786	1.01136950904393	2
5	6746472	6746473	315	74	9	7	2	1	0	1	0	unphased	2.17709225935447	1.08854612967724	2
5	7717280	7717281	150	13	9	7	2	1	0	1	0	unphased	0.912747102931152	0.912747102931152	1
5	10426633	10426634	261	59	9	7	2	1	0	1	0	unphased	2.11006944444444	1.05503472222222	2
5	13916563	13916564	49	10	9	7	2	1	0	1	0	unphased	1.93973634651601	0.969868173258004	2
5	14601149	14601150	211	8	9	7	2	1	0	1	0	unphased	0.418061897513952	0.418061897513952	1
5	14609045	14609046	285	15	9	7	2	1	0	1	0	unphased	0.572222222222222	0.572222222222222	1
5	15936787	15936788	79	5	9	7	2	1	0	1	0	unphased	0.681216931216931	0.681216931216931	1
5	21752204	21752205	144	28	9	7	2	1	NA	NA	NA	unphased	1.86304909560724	0.931524547803618	2
5	22078721	22078722	362	26	9	7	2	1	NA	NA	NA	unphased	0.766895761741123	0.766895761741123	1
5	24509738	24509739	82	46	9	7	2	1	NA	NA	NA	unphased	4.11284722222222	1.02821180555556	4
5	31799247	31799248	10	4	9	7	2	1	NA	NA	NA	unphased	3.26984126984127	1.08994708994709	3
5	31799452	31799453	219	39	9	7	2	1	NA	NA	NA	unphased	1.72997416020672	0.864987080103359	2
5	31799652	31799653	225	15	9	7	2	1	NA	NA	NA	unphased	0.715277777777778	0.715277777777778	1
5	33549430	33549431	210	43	9	7	2	1	NA	NA	NA	unphased	1.94510320597277	0.972551602986386	2
5	33938098	33938099	59	16	9	7	2	1	NA	NA	NA	unphased	2.44148148148148	0.813827160493827	3
5	35763769	35763770	105	34	9	7	2	1	NA	NA	NA	unphased	2.79936051159073	0.933120170530243	3
5	35795803	35795804	124	30	9	7	2	1	NA	NA	NA	unphased	2.22943722943723	1.11471861471861	2
5	35921165	35921166	107	38	9	7	2	1	NA	NA	NA	unphased	2.9992337164751	0.999744572158365	3
5	35991345	35991346	133	31	9	7	2	1	NA	NA	NA	unphased	2.16327913279133	1.08163956639566	2
5	36152304	36152305	62	10	9	7	2	1	NA	NA	NA	unphased	1.58950617283951	1.58950617283951	1
5	37379411	37379412	426	42	9	7	2	1	NA	NA	NA	unphased	1.02706552706553	1.02706552706553	1
5	38885505	38885506	193	15	9	7	2	1	NA	NA	NA	unphased	0.825320512820513	0.825320512820513	1
5	40681529	40681530	301	23	9	7	2	1	NA	NA	NA	unphased	0.81241426611797	0.81241426611797	1
5	41195893	41195894	210	82	9	7	2	1	NA	NA	NA	unphased	3.21385083713851	1.0712836123795	3
5	42711436	42711437	239	33	9	7	2	1	NA	NA	NA	unphased	1.38848039215686	0.694240196078431	2
5	43292706	43292707	128	7	9	7	2	1	NA	NA	NA	unphased	0.593415637860082	0.593415637860082	1
5	54281294	54281295	21	22	2	2	0	1	NA	NA	NA	unphased	2.27390180878553	1.13695090439276	2
5	54721791	54721792	54	11	2	2	0	1	NA	NA	NA	unphased	0.752136752136752	0.752136752136752	1
5	55179016	55179017	19	16	2	2	0	1	NA	NA	NA	unphased	2.03174603174603	1.01587301587302	2
5	65073270	65073271	73	111	2	2	0	1	NA	NA	NA	unphased	2.68115942028985	1.34057971014493	2
5	68728789	68728790	51	42	2	2	0	1	NA	NA	NA	unphased	2.00716845878136	1.00358422939068	2
5	75913954	75913955	28	21	2	2	0	1	NA	NA	NA	unphased	1.9047619047619	0.952380952380952	2
5	75919061	75919062	42	33	2	2	0	1	NA	NA	NA	unphased	1.95555555555556	0.977777777777778	2
5	76788098	76788099	18	13	2	2	0	1	NA	NA	NA	unphased	1.86379928315412	0.931899641577061	2
5	78378653	78378654	45	43	2	2	0	1	NA	NA	NA	unphased	2.17171717171717	1.08585858585859	2
5	86685289	86685290	123	8	1.17	2	0	0.17	1	0	0.83	unphased	0.220729431721798	1.29840842189293	0.17
5	90667150	90667151	4	5	1.17	2	0	0.17	1	0	0.83	unphased	2.00802469135802	2.00802469135802	1
5	94024354	94024355	53	15	2	2	0	1	NA	NA	NA	unphased	0.980392156862745	0.980392156862745	1
5	96253358	96253359	5	4	2	2	0	1	NA	NA	NA	unphased	1.97530864197531	1.97530864197531	1
5	108380496	108380497	17	28	2	2	0	1	NA	NA	NA	unphased	2.76543209876543	1.38271604938272	2
5	112458518	112458519	24	22	2	2	0	1	NA	NA	NA	unphased	2.1256038647343	1.06280193236715	2
5	115298831	115298832	22	8	2	2	0	1	NA	NA	NA	unphased	1.18518518518519	1.18518518518519	1
5	126738284	126738285	33	9	2	2	0	1	NA	NA	NA	unphased	0.952380952380952	0.952380952380952	1
5	127674689	127674690	36	34	2	2	0	1	NA	NA	NA	unphased	2.15873015873016	1.07936507936508	2
5	127692977	127692978	24	9	2	2	0	1	NA	NA	NA	unphased	1.21212121212121	1.21212121212121	1
5	133308481	133308482	23	18	2	2	0	1	NA	NA	NA	unphased	1.95121951219512	0.975609756097561	2
5	134785061	134785062	19	4	4	4	0	1	NA	NA	NA	unphased	1.1207729468599	1.1207729468599	1
5	135693010	135693011	39	23	2	2	0	1	NA	NA	NA	unphased	1.64874551971326	0.824372759856631	2
5	137520330	137520331	68	18	2	2	0	1	NA	NA	NA	unphased	0.930232558139535	0.930232558139535	1
5	139947245	139947246	34	12	2	2	0	1	NA	NA	NA	unphased	1.15942028985507	1.15942028985507	1
5	140188389	140188390	46	47	2	2	0	1	NA	NA	NA	unphased	2.24611708482676	1.12305854241338	2
5	140554736	140554737	108	15	2	2	0	1	NA	NA	NA	unphased	0.5420054200542	0.5420054200542	1
5	140558147	140558148	101	22	2	2	0	1	NA	NA	NA	unphased	0.794941282746161	0.794941282746161	1
5	140594254	140594255	18	24	2	2	0	1	NA	NA	NA	unphased	2.53968253968254	1.26984126984127	2
5	140605020	140605021	61	12	2	2	0	1	NA	NA	NA	unphased	0.730593607305936	0.730593607305936	1
5	140782685	140782686	80	35	2	2	0	1	NA	NA	NA	unphased	1.35265700483092	0.676328502415459	2
5	140784027	140784028	22	14	2	2	0	1	NA	NA	NA	unphased	1.72839506172839	0.864197530864197	2
5	140812475	140812476	77	56	2	2	0	1	NA	NA	NA	unphased	1.87134502923977	0.935672514619883	2
5	141021279	141021280	17	3	2	2	0	1	NA	NA	NA	unphased	0.666666666666667	0.666666666666667	1
5	145719247	145719248	80	24	2	2	0	1	NA	NA	NA	unphased	1.02564102564103	1.02564102564103	1
5	147443587	147443588	71	14	4	4	0	1	NA	NA	NA	unphased	1.06143790849673	1.06143790849673	1
5	147549354	147549355	6	14	4	4	0	1	NA	NA	NA	unphased	4.51111111111111	1.12777777777778	4
5	149212400	149212401	38	21	2	2	0	1	NA	NA	NA	unphased	1.5819209039548	0.790960451977401	2
5	149449795	149449796	29	10	2	2	0	1	NA	NA	NA	unphased	1.13960113960114	1.13960113960114	1
5	149514547	149514548	29	21	2	2	0	1	NA	NA	NA	unphased	1.86666666666667	0.933333333333333	2
5	149681813	149681814	13	8	2	2	0	1	NA	NA	NA	unphased	1.69312169312169	1.69312169312169	1
5	150071204	150071205	36	3	2	2	0	1	NA	NA	NA	unphased	0.341880341880342	0.341880341880342	1
5	156514116	156514117	14	14	2	2	0	1	NA	NA	NA	unphased	2.22222222222222	1.11111111111111	2
5	156514117	156514118	13	14	2	2	0	1	NA	NA	NA	unphased	2.30452674897119	1.1522633744856	2
5	156589498	156589499	110	84	2	2	0	1	NA	NA	NA	unphased	1.92439862542955	0.962199312714777	2
5	156921726	156921727	38	19	2	2	0	1	NA	NA	NA	unphased	1.48148148148148	0.740740740740741	2
5	168098270	168098271	31	10	2	2	0	1	NA	NA	NA	unphased	1.0840108401084	1.0840108401084	1
5	169468087	169468088	31	22	2	2	0	1	NA	NA	NA	unphased	1.84486373165618	0.922431865828092	2
5	171765621	171765622	17	10	2	2	0	1	NA	NA	NA	unphased	1.64609053497942	1.64609053497942	1
5	172755200	172755201	47	37	2	2	0	1	NA	NA	NA	unphased	1.95767195767196	0.978835978835979	2
5	174869840	174869841	29	20	2	2	0	1	NA	NA	NA	unphased	1.8140589569161	0.90702947845805	2
5	176827187	176827188	36	6	2	2	0	1	NA	NA	NA	unphased	0.634920634920635	0.634920634920635	1
5	178413313	178413314	11	9	2	2	0	1	NA	NA	NA	unphased	2	1	2
5	178418431	178418432	74	52	2	2	0	1	NA	NA	NA	unphased	1.8342151675485	0.91710758377425	2
5	178489072	178489073	77	8	2	2	0	1	NA	NA	NA	unphased	0.418300653594771	0.418300653594771	1
5	178699971	178699972	32	34	2	2	0	1	NA	NA	NA	unphased	2.28956228956229	1.14478114478114	2
5	179150666	179150667	73	18	2	2	0	1	NA	NA	NA	unphased	0.879120879120879	0.879120879120879	1
5	179991504	179991505	47	28	2	2	0	1	NA	NA	NA	unphased	1.65925925925926	0.82962962962963	2
5	179991505	179991506	49	28	2	2	0	1	NA	NA	NA	unphased	1.61616161616162	0.808080808080808	2
6	3077023	3077024	18	14	3	2	1	1	NA	NA	NA	unphased	2.38194444444444	1.19097222222222	2
6	3284172	3284173	23	7	3	2	1	1	NA	NA	NA	unphased	1.27037037037037	1.27037037037037	1
6	6225018	6225019	88	28	3	2	1	1	NA	NA	NA	unphased	1.31417624521073	1.31417624521073	1
6	12933901	12933902	124	15	3	2	1	1	NA	NA	NA	unphased	0.587529976019185	0.587529976019185	1
6	25762170	25762171	23	10	3	2	1	1	NA	NA	NA	unphased	1.64983164983165	1.64983164983165	1
6	25983573	25983574	50	35	3	2	1	1	NA	NA	NA	unphased	2.24183006535948	1.12091503267974	2
6	27100251	27100252	85	37	3	2	1	1	NA	NA	NA	unphased	1.6511839708561	0.825591985428051	2
6	28971828	28971829	30	4	3	2	1	1	NA	NA	NA	unphased	0.640522875816994	0.640522875816994	1
6	30139657	30139658	8	3	1.38	2	1	0.19	1	0	0.81	unphased	1.0430303030303	1.0430303030303	1
6	30522380	30522381	57	10	1.38	2	1	0.19	1	0	0.81	unphased	0.570812603648425	0.570812603648425	1
6	30919714	30919715	22	20	1.38	2	1	0.19	1	0	0.81	unphased	1.82116402116402	1.53038993375128	1.19
6	31079508	31079509	15	20	1.38	2	1	0.19	1	0	0.81	unphased	2.18539682539683	1.83646792050153	1.19
6	31498830	31498831	52	4	5.05	4	2	0.81	0	1	0.19	unphased	0.53531746031746	0.53531746031746	1
6	31602528	31602529	138	15	5.05	4	2	0.81	0	1	0.19	unphased	0.734749455337691	0.734749455337691	1
6	31602684	31602685	58	41	5.05	4	2	0.81	0	1	0.19	unphased	3.10375982042649	0.957950561860027	3.24
6	32261733	32261734	56	18	1.3	2	1	0.15	1	0	0.85	unphased	0.910810810810811	0.910810810810811	1
6	33374259	33374260	51	6	1.22	2	1	0.11	0	1	0.89	unphased	0.385730994152047	0.385730994152047	1
6	33657960	33657961	19	10	1.22	2	1	0.11	0	1	0.89	unphased	1.26360153256705	1.26360153256705	1
6	35107831	35107832	50	6	3	2	1	1	NA	NA	NA	unphased	0.583333333333333	0.583333333333333	1
6	39282716	39282717	22	8	3	2	1	1	NA	NA	NA	unphased	1.45185185185185	1.45185185185185	1
6	41773702	41773703	39	14	3	2	1	1	NA	NA	NA	unphased	1.43815513626834	1.43815513626834	1
6	42797494	42797495	81	38	3	2	1	1	NA	NA	NA	unphased	1.73856209150327	0.869281045751634	2
6	43030854	43030855	43	17	3	2	1	1	NA	NA	NA	unphased	1.54259259259259	0.771296296296296	2
6	43230704	43230705	28	8	3	2	1	1	NA	NA	NA	unphased	1.20987654320988	1.20987654320988	1
6	43473213	43473214	61	12	3	2	1	1	NA	NA	NA	unphased	0.894977168949772	0.894977168949772	1
6	43646286	43646287	45	17	3	2	1	1	NA	NA	NA	unphased	1.49283154121864	0.746415770609319	2
6	47779440	47779441	43	12	3	2	1	1	NA	NA	NA	unphased	1.18787878787879	1.18787878787879	1
6	48036046	48036047	94	17	3	2	1	1	NA	NA	NA	unphased	0.833833833833834	0.833833833833834	1
6	50011433	50011434	48	23	3	2	1	1	NA	NA	NA	unphased	1.76369327073552	0.881846635367762	2
6	50686840	50686841	20	5	3	2	1	1	NA	NA	NA	unphased	1.08888888888889	1.08888888888889	1
6	52147592	52147593	36	6	3	2	1	1	NA	NA	NA	unphased	0.777777777777778	0.777777777777778	1
6	52368024	52368025	122	33	3	2	1	1	NA	NA	NA	unphased	1.15913978494624	1.15913978494624	1
6	52661067	52661068	96	68	3	2	1	1	NA	NA	NA	unphased	2.25745257452574	1.12872628726287	2
6	54214647	54214648	49	7	1.38	2	1	0.19	1	0	0.81	unphased	0.478055555555556	0.478055555555556	1
6	55935558	55935559	29	12	7	6	1	1	NA	NA	NA	unphased	2.76422764227642	0.921409214092141	3
6	56336885	56336886	179	30	7	6	1	1	NA	NA	NA	unphased	1.35566188197767	0.677830940988836	2
6	56347479	56347480	83	28	7	6	1	1	NA	NA	NA	unphased	2.38238238238238	1.19119119119119	2
6	56516010	56516011	21	4	7	6	1	1	NA	NA	NA	unphased	1.51111111111111	1.51111111111111	1
6	56880050	56880051	178	25	7	6	1	1	NA	NA	NA	unphased	1.16310892172961	1.16310892172961	1
6	64421915	64421916	62	17	1.48	2	1	0.24	1	0	0.76	unphased	0.84450070323488	0.84450070323488	1
6	76728497	76728498	41	26	1.14	2	0	0.14	1	0	0.86	unphased	1.3909784411277	1.220156527305	1.14
6	82950119	82950120	34	39	2	2	0	1	NA	NA	NA	unphased	2.37442922374429	1.18721461187215	2
6	84233348	84233349	35	21	2	2	0	1	NA	NA	NA	unphased	1.66666666666667	0.833333333333333	2
6	87725997	87725998	72	52	2	2	0	1	NA	NA	NA	unphased	1.86379928315412	0.931899641577061	2
6	90340610	90340611	16	3	2	2	0	1	NA	NA	NA	unphased	0.701754385964912	0.701754385964912	1
6	107232060	107232061	32	22	2	2	0	1	NA	NA	NA	unphased	1.81069958847737	0.905349794238683	2
6	107955763	107955764	15	9	2	2	0	1	NA	NA	NA	unphased	1.66666666666667	1.66666666666667	1
6	112671605	112671606	37	12	2	2	0	1	NA	NA	NA	unphased	1.08843537414966	1.08843537414966	1
6	118475640	118475641	47	38	2	2	0	1	NA	NA	NA	unphased	1.98692810457516	0.993464052287582	2
6	131921226	131921227	33	8	2	2	0	1	NA	NA	NA	unphased	0.867208672086721	0.867208672086721	1
6	134496011	134496012	23	20	2	2	0	1	NA	NA	NA	unphased	2.0671834625323	1.03359173126615	2
6	139229849	139229850	33	42	2	2	0	1	NA	NA	NA	unphased	2.48888888888889	1.24444444444444	2
6	142725012	142725013	42	10	2	2	0	1	NA	NA	NA	unphased	0.854700854700855	0.854700854700855	1
6	143092506	143092507	48	9	2	2	0	1	NA	NA	NA	unphased	0.701754385964912	0.701754385964912	1
6	147830240	147830241	8	8	2	2	0	1	NA	NA	NA	unphased	2.22222222222222	1.11111111111111	2
6	149854649	149854650	20	17	2	2	0	1	NA	NA	NA	unphased	2.04204204204204	1.02102102102102	2
6	150067623	150067624	65	49	2	2	0	1	NA	NA	NA	unphased	1.91033138401559	0.955165692007797	2
6	151277172	151277173	17	16	2	2	0	1	NA	NA	NA	unphased	2.15488215488215	1.07744107744108	2
6	152265350	152265351	51	33	2	2	0	1	NA	NA	NA	unphased	1.74603174603175	0.873015873015873	2
6	152623051	152623052	23	11	2	2	0	1	NA	NA	NA	unphased	1.43790849673203	1.43790849673203	1
6	153078256	153078257	10	23	2	2	0	1	NA	NA	NA	unphased	3.0976430976431	1.54882154882155	2
6	155764456	155764457	31	21	2	2	0	1	NA	NA	NA	unphased	1.79487179487179	0.897435897435897	2
6	158957858	158957859	25	12	2	2	0	1	NA	NA	NA	unphased	1.44144144144144	1.44144144144144	1
6	160666476	160666477	19	5	2	2	0	1	NA	NA	NA	unphased	0.925925925925926	0.925925925925926	1
6	161085244	161085245	29	20	2	2	0	1	NA	NA	NA	unphased	1.8140589569161	0.90702947845805	2
6	170599281	170599282	8	12	2	2	0	1	NA	NA	NA	unphased	2.66666666666667	1.33333333333333	2
7	881654	881655	25	28	3.91	3	1	0.97	0	1	0.03	unphased	3.35706498951782	1.13032491229556	2.97
7	6085728	6085729	13	4	3.91	3	1	0.97	0	1	0.03	unphased	1.49516339869281	1.49516339869281	1
7	7278081	7278082	80	11	3.91	3	1	0.97	0	1	0.03	unphased	0.768119658119658	0.768119658119658	1
7	8475355	8475356	72	59	2.26	3	1	0.42	1	0	0.58	unphased	2.11879558948261	0.875535367554798	2.42
7	11675918	11675919	157	26	1.75	3	1	0.25	1	0	0.75	unphased	0.595931997571342	0.595931997571342	1
7	20784878	20784879	53	29	1.75	3	1	0.25	1	0	0.75	unphased	1.48340108401084	0.988934056007227	1.5
7	21639597	21639598	39	6	1.75	3	1	0.25	1	0	0.75	unphased	0.559259259259259	0.559259259259259	1
7	21932144	21932145	60	62	1.75	3	1	0.25	1	0	0.75	unphased	2.1316029143898	0.947379073062133	2.25
7	23809338	23809339	83	67	1.75	3	1	0.25	1	0	0.75	unphased	1.87351851851852	0.832674897119342	2.25
7	27135329	27135330	27	45	1.75	3	1	0.25	1	0	0.75	unphased	2.62152777777778	1.16512345679012	2.25
7	27142064	27142065	154	17	1.75	3	1	0.25	1	0	0.75	unphased	0.416991552956465	0.416991552956465	1
7	27147826	27147827	10	9	1.75	3	1	0.25	1	0	0.75	unphased	1.98684210526316	0.883040935672515	2.25
7	27212968	27212969	37	4	1.75	3	1	0.25	1	0	0.75	unphased	0.409214092140921	0.409214092140921	1
7	27239029	27239030	35	36	1.75	3	1	0.25	1	0	0.75	unphased	2.12676056338028	0.945226917057903	2.25
7	27565902	27565903	25	22	1.75	3	1	0.25	1	0	0.75	unphased	1.96335697399527	0.872603099553454	2.25
7	30084791	30084792	133	22	1.75	3	1	0.25	1	0	0.75	unphased	0.595340501792115	0.595340501792115	1
7	31683097	31683098	99	9	3.34	6	1	0.39	1	0	0.61	unphased	0.482037037037037	1.23599240265907	0.39
7	31735132	31735133	166	11	3.34	6	1	0.39	1	0	0.61	unphased	0.359485247959824	0.921757046050831	0.39
7	31864567	31864568	55	96	3.34	6	1	0.39	1	0	0.61	unphased	3.67752759381898	0.97289089783571	3.78
7	38433713	38433714	189	79	3.94	6	1	0.49	1	0	0.51	unphased	1.88198175787728	0.950495837311758	1.98
7	38908747	38908748	161	13	3.94	6	1	0.49	1	0	0.51	unphased	0.476998722860792	0.973466781348555	0.49
7	39606092	39606093	62	22	3.94	6	1	0.49	1	0	0.51	unphased	1.6721164021164	1.12222577323248	1.49
7	44251863	44251864	257	50	1.63	3	1	0.21	1	0	0.79	unphased	0.663590300398118	0.663590300398118	1
7	45015168	45015169	23	16	1.63	3	1	0.21	1	0	0.79	unphased	1.67156695156695	1.17715982504715	1.42
7	48033934	48033935	72	49	1.63	3	1	0.21	1	0	0.79	unphased	1.64998163452709	1.16195889755429	1.42
7	48327584	48327585	98	77	1.63	3	1	0.21	1	0	0.79	unphased	1.79275555555556	0.811201608848668	2.21
7	50121397	50121398	34	3	1.63	3	1	0.21	1	0	0.79	unphased	0.33036036036036	1.57314457314457	0.21
7	53103484	53103485	78	12	1.63	3	1	0.21	1	0	0.79	unphased	0.543259259259259	0.543259259259259	1
7	54610493	54610494	67	47	4	3	1	1	NA	NA	NA	unphased	2.65692007797271	0.885640025990903	3
7	55259514	55259515	74	66	4	3	1	1	NA	NA	NA	unphased	3.03809523809524	1.01269841269841	3
7	57528665	57528666	9	7	4	3	1	1	NA	NA	NA	unphased	2.81944444444444	0.939814814814815	3
7	57528837	57528838	13	5	4	3	1	1	NA	NA	NA	unphased	1.79012345679012	1.79012345679012	1
7	57528884	57528885	17	8	4	3	1	1	NA	NA	NA	unphased	2.06222222222222	1.03111111111111	2
7	72430730	72430731	16	6	4	3	1	1	NA	NA	NA	unphased	1.75757575757576	1.75757575757576	1
7	72734168	72734169	122	90	4	3	1	1	NA	NA	NA	unphased	2.73584905660377	0.911949685534591	3
7	72738529	72738530	128	13	4	3	1	1	NA	NA	NA	unphased	0.594168636721828	0.594168636721828	1
7	72892217	72892218	116	18	4	3	1	1	NA	NA	NA	unphased	0.865671641791045	0.865671641791045	1
7	73008132	73008133	37	6	4	3	1	1	NA	NA	NA	unphased	0.89922480620155	0.89922480620155	1
7	73731995	73731996	110	99	4	3	1	1	NA	NA	NA	unphased	3.05263157894737	1.01754385964912	3
7	73790269	73790270	7	3	4	3	1	1	NA	NA	NA	unphased	1.93333333333333	1.93333333333333	1
7	75145080	75145081	62	34	2.11	3	1	0.37	1	0	0.63	unphased	1.61303240740741	0.92703011919966	1.74
7	75695675	75695676	57	11	2.11	3	1	0.37	1	0	0.63	unphased	0.736748366013072	0.736748366013072	1
7	79082335	79082336	65	42	2.11	3	1	0.37	1	0	0.63	unphased	1.78772585669782	1.02742865327461	1.74
7	80378224	80378225	109	19	2.11	3	1	0.37	1	0	0.63	unphased	0.676050347222222	0.676050347222222	1
7	80458048	80458049	82	12	2.11	3	1	0.37	1	0	0.63	unphased	0.581418439716312	0.581418439716312	1
7	81599238	81599239	35	23	2.11	3	1	0.37	1	0	0.63	unphased	1.80607279693487	1.03797287180165	1.74
7	81746399	81746400	104	16	2.11	3	1	0.37	1	0	0.63	unphased	0.607259259259259	0.607259259259259	1
7	82784327	82784328	346	66	2.11	3	1	0.37	1	0	0.63	unphased	0.729595469255664	0.729595469255664	1
7	86415816	86415817	43	41	2.11	3	1	0.37	1	0	0.63	unphased	2.22300264550265	0.937975799790146	2.37
7	86537765	86537766	23	19	2.11	3	1	0.37	1	0	0.63	unphased	2.06034391534392	0.869343424195745	2.37
7	86544069	86544070	43	12	2.11	3	1	0.37	1	0	0.63	unphased	0.99369696969697	0.99369696969697	1
7	91603031	91603032	26	4	4	3	1	1	NA	NA	NA	unphased	0.859259259259259	0.859259259259259	1
7	91709254	91709255	62	10	4	3	1	1	NA	NA	NA	unphased	0.895061728395062	0.895061728395062	1
7	95775911	95775912	151	89	4	3	1	1	NA	NA	NA	unphased	2.38981481481482	1.19490740740741	2
7	97614227	97614228	23	6	1.51	3	1	0.17	1	0	0.83	unphased	0.81816091954023	0.81816091954023	1
7	97617750	97617751	101	18	1.51	3	1	0.17	1	0	0.83	unphased	0.598151260504202	0.598151260504202	1
7	98257788	98257789	10	10	1.51	3	1	0.17	1	0	0.83	unphased	1.97722222222222	0.911162314388121	2.17
7	98449124	98449125	31	31	1.51	3	1	0.17	1	0	0.83	unphased	1.97722222222222	0.911162314388121	2.17
7	98574280	98574281	65	10	1.51	3	1	0.17	1	0	0.83	unphased	0.527259259259259	0.527259259259259	1
7	98574332	98574333	78	9	1.51	3	1	0.17	1	0	0.83	unphased	0.409080459770115	0.409080459770115	1
7	98576478	98576479	58	56	1.51	3	1	0.17	1	0	0.83	unphased	1.94253411306043	0.895177010626926	2.17
7	99017595	99017596	165	19	1.51	3	1	0.17	1	0	0.83	unphased	0.408339371980676	0.408339371980676	1
7	99032514	99032515	127	97	1.51	3	1	0.17	1	0	0.83	unphased	1.71241567460317	0.789131647282569	2.17
7	99361601	99361602	45	34	1.51	3	1	0.17	1	0	0.83	unphased	1.70191279887482	0.784291612384712	2.17
7	99698980	99698981	28	25	1.51	3	1	0.17	1	0	0.83	unphased	1.86530398322851	0.859587089045397	2.17
7	99818183	99818184	45	37	1.51	3	1	0.17	1	0	0.83	unphased	1.78432249322493	0.822268430057572	2.17
7	100282210	100282211	125	18	1.51	3	1	0.17	1	0	0.83	unphased	0.497762237762238	0.497762237762238	1
7	100363023	100363024	31	23	1.51	3	1	0.17	1	0	0.83	unphased	1.68430041152263	0.77617530484914	2.17
7	100371105	100371106	18	16	1.51	3	1	0.17	1	0	0.83	unphased	1.86091503267974	0.85756453118882	2.17
7	100674948	100674949	52	52	1.51	3	1	0.17	1	0	0.83	unphased	1.97722222222222	0.911162314388121	2.17
7	100683691	100683692	279	243	1.51	3	1	0.17	1	0	0.83	unphased	1.84086206896552	0.848323534085492	2.17
7	101952129	101952130	130	97	1.51	3	1	0.17	1	0	0.83	unphased	1.68978463044542	0.77870259467531	2.17
7	102040057	102040058	107	11	1.51	3	1	0.17	1	0	0.83	unphased	0.368634651600753	0.368634651600753	1
7	102079623	102079624	36	10	1.51	3	1	0.17	1	0	0.83	unphased	0.859661835748792	0.859661835748792	1
7	102604003	102604004	65	6	1.51	3	1	0.17	1	0	0.83	unphased	0.334178403755869	0.334178403755869	1
7	103230082	103230083	111	79	1.51	3	1	0.17	1	0	0.83	unphased	1.64421637426901	1.22702714497687	1.34
7	107262516	107262517	19	12	1.51	3	1	0.17	1	0	0.83	unphased	1.53075268817204	1.53075268817204	1
7	107323739	107323740	61	41	1.51	3	1	0.17	1	0	0.83	unphased	1.58953159041394	1.18621760478653	1.34
7	107431608	107431609	52	44	1.51	3	1	0.17	1	0	0.83	unphased	1.8124537037037	0.835232121522444	2.17
7	107556052	107556053	52	5	1.51	3	1	0.17	1	0	0.83	unphased	0.346881091617934	0.346881091617934	1
7	107748247	107748248	27	27	1.51	3	1	0.17	1	0	0.83	unphased	1.97722222222222	0.911162314388121	2.17
7	113519959	113519960	87	65	4	3	1	1	NA	NA	NA	unphased	2.75584795321637	0.918615984405458	3
7	120455808	120455809	21	7	4	3	1	1	NA	NA	NA	unphased	1.61111111111111	1.61111111111111	1
7	121671534	121671535	46	8	4	3	1	1	NA	NA	NA	unphased	0.954732510288066	0.954732510288066	1
7	122338379	122338380	74	21	4	3	1	1	NA	NA	NA	unphased	1.42456140350877	1.42456140350877	1
7	122338490	122338491	75	60	4	3	1	1	NA	NA	NA	unphased	2.8641975308642	0.954732510288066	3
7	126173565	126173566	26	28	4	3	1	1	NA	NA	NA	unphased	3.34156378600823	1.11385459533608	3
7	127222279	127222280	111	22	4	3	1	1	NA	NA	NA	unphased	1.06599832915622	1.06599832915622	1
7	128312491	128312492	8	8	4	3	1	1	NA	NA	NA	unphased	3.22222222222222	1.07407407407407	3
7	128484761	128484762	57	13	4	3	1	1	NA	NA	NA	unphased	1.1968253968254	1.1968253968254	1
7	128503115	128503116	64	38	4	3	1	1	NA	NA	NA	unphased	2.40087145969499	0.800290486564997	3
7	135078971	135078972	73	68	1.54	3	1	0.18	1	0	0.82	unphased	1.92157604412924	0.881456900976714	2.18
7	135322680	135322681	46	7	1.54	3	1	0.18	1	0	0.82	unphased	0.526247379454927	0.526247379454927	1
7	136587919	136587920	122	20	1.54	3	1	0.18	1	0	0.82	unphased	0.561189358372457	0.561189358372457	1
7	138333798	138333799	63	13	1.54	3	1	0.18	1	0	0.82	unphased	0.681549707602339	0.681549707602339	1
7	139724303	139724304	9	5	1.54	3	1	0.18	1	0	0.82	unphased	1.42301587301587	1.42301587301587	1
7	140549910	140549911	112	15	1.54	3	1	0.18	1	0	0.82	unphased	0.470603674540682	0.470603674540682	1
7	140549911	140549912	118	15	1.54	3	1	0.18	1	0	0.82	unphased	0.44937343358396	0.44937343358396	1
7	141645174	141645175	60	13	1.54	3	1	0.18	1	0	0.82	unphased	0.709558599695586	0.709558599695586	1
7	142563377	142563378	21	13	1.63	3	1	0.21	1	0	0.79	unphased	1.55787581699346	1.09709564577004	1.42
7	142573632	142573633	75	76	1.63	3	1	0.21	1	0	0.79	unphased	2.05071376011773	0.927924778333816	2.21
7	142622711	142622712	50	36	1.63	3	1	0.21	1	0	0.79	unphased	1.70558139534884	1.20111365869636	1.42
7	142724118	142724119	53	43	1.63	3	1	0.21	1	0	0.79	unphased	1.82501157407407	0.82579709234121	2.21
7	143044018	143044019	59	55	1.63	3	1	0.21	1	0	0.79	unphased	1.96574074074074	0.889475448298978	2.21
7	143054033	143054034	64	9	1.63	3	1	0.21	1	0	0.79	unphased	0.502328767123288	0.502328767123288	1
7	143175318	143175319	43	35	1.63	3	1	0.21	1	0	0.79	unphased	1.82827635327635	0.82727436799835	2.21
7	148801756	148801757	145	20	4	3	1	1	NA	NA	NA	unphased	0.781144781144781	0.781144781144781	1
7	149420019	149420020	17	15	4	3	1	1	NA	NA	NA	unphased	3.02083333333333	1.00694444444444	3
7	149426298	149426299	26	5	4	3	1	1	NA	NA	NA	unphased	1.03942652329749	1.03942652329749	1
7	149515066	149515067	46	10	4	3	1	1	NA	NA	NA	unphased	1.15079365079365	1.15079365079365	1
7	150033931	150033932	48	39	4	3	1	1	NA	NA	NA	unphased	2.88888888888889	0.962962962962963	3
7	150217558	150217559	54	9	4	3	1	1	NA	NA	NA	unphased	0.920634920634921	0.920634920634921	1
7	150325328	150325329	108	16	4	3	1	1	NA	NA	NA	unphased	0.831541218637993	0.831541218637993	1
7	150643982	150643983	98	14	4	3	1	1	NA	NA	NA	unphased	0.805555555555556	0.805555555555556	1
7	150945724	150945725	13	12	4	3	1	1	NA	NA	NA	unphased	3.09333333333333	1.03111111111111	3
7	154876291	154876292	9	8	4	3	1	1	NA	NA	NA	unphased	3.03267973856209	1.01089324618736	3
7	156974893	156974894	88	18	3.94	3	1	0.98	0	1	0.02	unphased	1.08415094339623	1.08415094339623	1
7	157926751	157926752	35	28	3.94	3	1	0.98	0	1	0.02	unphased	2.83753086419753	0.96514655244814	2.94
7	158580783	158580784	54	6	3.94	3	1	0.98	0	1	0.02	unphased	0.638444444444445	0.638444444444445	1
7	158580784	158580785	53	6	3.94	3	1	0.98	0	1	0.02	unphased	0.649265536723164	0.649265536723164	1
8	2832041	2832042	10	12	2	2	0	1	NA	NA	NA	unphased	2.42424242424242	1.21212121212121	2
8	3224723	3224724	9	5	2	2	0	1	NA	NA	NA	unphased	1.58730158730159	1.58730158730159	1
8	10555133	10555134	74	43	2	2	0	1	NA	NA	NA	unphased	1.63342830009497	0.816714150047483	2
8	13356712	13356713	77	70	2	2	0	1	NA	NA	NA	unphased	2.11640211640212	1.05820105820106	2
8	22481544	22481545	12	11	2	2	0	1	NA	NA	NA	unphased	2.1256038647343	1.06280193236715	2
8	27321354	27321355	57	32	2	2	0	1	NA	NA	NA	unphased	1.5980024968789	0.799001248439451	2
8	27516181	27516182	68	5	2	2	0	1	NA	NA	NA	unphased	0.30441400304414	0.30441400304414	1
8	36768596	36768597	21	16	3	2	1	1	NA	NA	NA	unphased	2.35435435435435	1.17717717717718	2
8	38107281	38107282	22	13	3	2	1	1	NA	NA	NA	unphased	2.02222222222222	1.01111111111111	2
8	38277188	38277189	30	19	3	2	1	1	NA	NA	NA	unphased	2.11111111111111	1.05555555555556	2
8	39792539	39792540	12	5	3	2	1	1	NA	NA	NA	unphased	1.60130718954248	1.60130718954248	1
8	39872814	39872815	42	4	3	2	1	1	NA	NA	NA	unphased	0.473429951690821	0.473429951690821	1
8	69046346	69046347	24	3	3	2	1	1	NA	NA	NA	unphased	0.604938271604938	0.604938271604938	1
8	71041054	71041055	40	3	3	2	1	1	NA	NA	NA	unphased	0.37984496124031	0.37984496124031	1
8	74868181	74868182	29	20	3	2	1	1	NA	NA	NA	unphased	2.22222222222222	1.11111111111111	2
8	75275218	75275219	34	26	3	2	1	1	NA	NA	NA	unphased	2.35925925925926	1.17962962962963	2
8	75757615	75757616	43	9	3	2	1	1	NA	NA	NA	unphased	0.942307692307692	0.942307692307692	1
8	76465273	76465274	23	5	3	2	1	1	NA	NA	NA	unphased	0.972222222222222	0.972222222222222	1
8	76471132	76471133	62	41	3	2	1	1	NA	NA	NA	unphased	2.16720604099245	1.08360302049622	2
8	77618581	77618582	28	3	3	2	1	1	NA	NA	NA	unphased	0.526881720430108	0.526881720430108	1
8	87242401	87242402	48	26	3	2	1	1	NA	NA	NA	unphased	1.91291291291291	0.956456456456457	2
8	87899798	87899799	8	3	3	2	1	1	NA	NA	NA	unphased	1.48484848484848	1.48484848484848	1
8	88885535	88885536	116	29	3	2	1	1	NA	NA	NA	unphased	1.08888888888889	1.08888888888889	1
8	88885951	88885952	69	36	3	2	1	1	NA	NA	NA	unphased	1.86666666666667	0.933333333333333	2
8	88885962	88885963	81	38	3	2	1	1	NA	NA	NA	unphased	1.73856209150327	0.869281045751634	2
8	93017291	93017292	52	25	3	2	1	1	NA	NA	NA	unphased	1.76767676767677	0.883838383838384	2
8	97245422	97245423	77	10	1.2	2	1	0.1	0	1	0.9	unphased	0.418901660280971	0.418901660280971	1
8	99560299	99560300	24	8	1.2	2	1	0.1	0	1	0.9	unphased	0.911111111111111	0.911111111111111	1
8	101937182	101937183	56	26	1.2	2	1	0.1	0	1	0.9	unphased	1.15555555555556	1.15555555555556	1
8	103354708	103354709	77	27	1.2	2	1	0.1	0	1	0.9	unphased	0.946153846153846	0.946153846153846	1
8	104452492	104452493	71	29	1.2	2	1	0.1	0	1	0.9	unphased	1.05688888888889	1.05688888888889	1
8	109796743	109796744	35	19	1.2	2	1	0.1	0	1	0.9	unphased	1.28230452674897	1.28230452674897	1
8	110452936	110452937	64	13	1.2	2	1	0.1	0	1	0.9	unphased	0.615295815295815	0.615295815295815	1
8	120859250	120859251	32	6	3	2	1	1	NA	NA	NA	unphased	0.859649122807018	0.859649122807018	1
8	121219203	121219204	16	10	3	2	1	1	NA	NA	NA	unphased	2.09401709401709	1.04700854700855	2
8	121344422	121344423	39	17	3	2	1	1	NA	NA	NA	unphased	1.65277777777778	0.826388888888889	2
8	123965244	123965245	54	5	3	2	1	1	NA	NA	NA	unphased	0.461393596986817	0.461393596986817	1
8	124799556	124799557	50	15	3	2	1	1	NA	NA	NA	unphased	1.25641025641026	1.25641025641026	1
8	124810415	124810416	88	48	3	2	1	1	NA	NA	NA	unphased	1.92156862745098	0.96078431372549	2
8	124989823	124989824	27	18	3	2	1	1	NA	NA	NA	unphased	2.17777777777778	1.08888888888889	2
8	125088522	125088523	129	63	3	2	1	1	NA	NA	NA	unphased	1.78645833333333	0.893229166666667	2
8	134225325	134225326	75	9	3	2	1	1	NA	NA	NA	unphased	0.583333333333333	0.583333333333333	1
8	134474237	134474238	83	22	3	2	1	1	NA	NA	NA	unphased	1.14074074074074	1.14074074074074	1
8	139164689	139164690	36	20	3	2	1	1	NA	NA	NA	unphased	1.94444444444444	0.972222222222222	2
8	139165054	139165055	63	14	3	2	1	1	NA	NA	NA	unphased	0.98989898989899	0.98989898989899	1
8	139611103	139611104	42	6	3	2	1	1	NA	NA	NA	unphased	0.680555555555556	0.680555555555556	1
8	139790632	139790633	32	11	3	2	1	1	NA	NA	NA	unphased	1.39276485788114	1.39276485788114	1
8	139833459	139833460	46	11	3	2	1	1	NA	NA	NA	unphased	1.05068226120858	1.05068226120858	1
8	142435182	142435183	41	8	2.32	2	1	0.32	1	1	0.68	unphased	0.777868480725624	0.777868480725624	1
8	143602245	143602246	43	22	2.32	2	1	0.32	1	1	0.68	unphased	1.6125811965812	1.22165242165242	1.32
8	143928000	143928001	57	38	2.32	2	1	0.32	1	1	0.68	unphased	1.90577777777778	1.44377104377104	1.32
8	144332048	144332049	27	4	2.32	2	1	0.32	1	1	0.68	unphased	0.614767025089606	0.614767025089606	1
8	144810153	144810154	10	3	2.32	2	1	0.32	1	1	0.68	unphased	1.09948717948718	1.09948717948718	1
8	144811423	144811424	62	21	2.32	2	1	0.32	1	1	0.68	unphased	1.20546184738956	1.20546184738956	1
8	144941851	144941852	68	30	2.32	2	1	0.32	1	1	0.68	unphased	1.45850340136054	1.10492681921253	1.32
8	144990540	144990541	29	20	2.32	2	1	0.32	1	1	0.68	unphased	1.94467120181406	1.47323575895004	1.32
8	145535023	145535024	88	9	2.32	2	1	0.32	1	1	0.68	unphased	0.442061855670103	1.38144329896907	0.32
8	145624248	145624249	95	20	2.32	2	1	0.32	1	1	0.68	unphased	0.828599033816425	0.828599033816425	1
9	2718609	2718610	33	10	1.36	2	1	0.18	1	0	0.82	unphased	0.884754521963824	0.884754521963824	1
9	5922725	5922726	97	16	1.36	2	1	0.18	1	0	0.82	unphased	0.538682399213373	0.538682399213373	1
9	18636002	18636003	42	22	1.36	2	1	0.18	1	0	0.82	unphased	1.30777777777778	1.30777777777778	1
9	18928801	18928802	68	10	1.36	2	1	0.18	1	0	0.82	unphased	0.487749287749288	0.487749287749288	1
9	19080621	19080622	12	4	1.36	2	1	0.18	1	0	0.82	unphased	0.951111111111111	0.951111111111111	1
9	20948341	20948342	33	15	1.36	2	1	0.18	1	0	0.82	unphased	1.18888888888889	1.18888888888889	1
9	32631747	32631748	67	41	3	2	1	1	NA	NA	NA	unphased	2.06687242798354	1.03343621399177	2
9	32784315	32784316	51	19	3	2	1	1	NA	NA	NA	unphased	1.47777777777778	0.738888888888889	2
9	34249828	34249829	75	19	3	2	1	1	NA	NA	NA	unphased	1.10047281323877	1.10047281323877	1
9	34372317	34372318	19	3	3	2	1	1	NA	NA	NA	unphased	0.742424242424242	0.742424242424242	1
9	35449712	35449713	19	3	3	2	1	1	NA	NA	NA	unphased	0.742424242424242	0.742424242424242	1
9	35547963	35547964	94	18	3	2	1	1	NA	NA	NA	unphased	0.875	0.875	1
9	35674170	35674171	26	5	3	2	1	1	NA	NA	NA	unphased	0.878136200716846	0.878136200716846	1
9	35853795	35853796	67	25	3	2	1	1	NA	NA	NA	unphased	1.47946859903382	0.739734299516908	2
9	38016079	38016080	112	13	1.28	2	1	0.14	1	0	0.86	unphased	0.387342222222222	0.387342222222222	1
9	40772500	40772501	172	27	NA	NA	NA	NA	NA	NA	NA	unphased	NA	NA	1
9	40775003	40775004	26	7	NA	NA	NA	NA	NA	NA	NA	unphased	NA	NA	1
9	43816742	43816743	76	12	NA	NA	NA	NA	NA	NA	NA	unphased	NA	NA	1
9	72067156	72067157	85	10	4	2	2	1	NA	NA	NA	unphased	0.678362573099415	0.678362573099415	1
9	77370381	77370382	88	33	4	2	2	1	NA	NA	NA	unphased	1.75757575757576	0.878787878787879	2
9	77502844	77502845	27	7	4	2	2	1	NA	NA	NA	unphased	1.32679738562092	1.32679738562092	1
9	78936448	78936449	79	26	4	2	2	1	NA	NA	NA	unphased	1.5957671957672	0.797883597883598	2
9	78973724	78973725	126	62	4	2	2	1	NA	NA	NA	unphased	2.12529550827423	1.06264775413712	2
9	79634931	79634932	41	14	4	2	2	1	NA	NA	NA	unphased	1.64040404040404	0.82020202020202	2
9	79635202	79635203	25	6	4	2	2	1	NA	NA	NA	unphased	1.24731182795699	1.24731182795699	1
9	80923410	80923411	54	33	4	2	2	1	NA	NA	NA	unphased	2.44444444444444	1.22222222222222	2
9	84610008	84610009	12	5	4	2	2	1	NA	NA	NA	unphased	1.89542483660131	1.89542483660131	1
9	90500684	90500685	126	66	4	2	2	1	NA	NA	NA	unphased	2.21527777777778	1.10763888888889	2
9	90535251	90535252	141	50	4	2	2	1	NA	NA	NA	unphased	1.6870273414776	0.843513670738802	2
9	91956280	91956281	39	7	4	2	2	1	NA	NA	NA	unphased	0.980676328502416	0.980676328502416	1
9	94499773	94499774	69	41	4	2	2	1	NA	NA	NA	unphased	2.4020202020202	1.2010101010101	2
9	95152233	95152234	40	16	4	2	2	1	NA	NA	NA	unphased	1.84126984126984	0.920634920634921	2
9	95397467	95397468	41	22	4	2	2	1	NA	NA	NA	unphased	2.25044091710758	1.12522045855379	2
9	95738723	95738724	22	10	4	2	2	1	NA	NA	NA	unphased	2.01388888888889	1.00694444444444	2
9	96398704	96398705	15	4	4	2	2	1	NA	NA	NA	unphased	1.35672514619883	1.35672514619883	1
9	97082561	97082562	109	20	4	2	2	1	NA	NA	NA	unphased	0.999138673557278	0.999138673557278	1
9	98678075	98678076	49	16	4	2	2	1	NA	NA	NA	unphased	1.58632478632479	0.793162393162393	2
9	100245508	100245509	97	13	4	2	2	1	NA	NA	NA	unphased	0.761616161616162	0.761616161616162	1
9	102590798	102590799	40	4	4	2	2	1	NA	NA	NA	unphased	0.585858585858586	0.585858585858586	1
9	102609888	102609889	47	23	4	2	2	1	NA	NA	NA	unphased	2.11746031746032	1.05873015873016	2
9	104499791	104499792	28	16	4	2	2	1	NA	NA	NA	unphased	2.34343434343434	1.17171717171717	2
9	105767981	105767982	44	19	4	2	2	1	NA	NA	NA	unphased	1.94356261022928	0.971781305114639	2
9	107298632	107298633	168	56	4	2	2	1	NA	NA	NA	unphased	1.61111111111111	0.805555555555556	2
9	107331770	107331771	84	34	4	2	2	1	NA	NA	NA	unphased	1.85687382297552	0.928436911487759	2
9	109686886	109686887	46	20	4	2	2	1	NA	NA	NA	unphased	1.95286195286195	0.976430976430977	2
9	109689142	109689143	76	30	4	2	2	1	NA	NA	NA	unphased	1.82389937106918	0.911949685534591	2
9	110248068	110248069	176	11	4	2	2	1	NA	NA	NA	unphased	0.379084967320261	0.379084967320261	1
9	111899655	111899656	15	3	4	2	2	1	NA	NA	NA	unphased	1.07407407407407	1.07407407407407	1
9	111936880	111936881	31	16	4	2	2	1	NA	NA	NA	unphased	2.19385342789598	1.09692671394799	2
9	112004013	112004014	115	35	4	2	2	1	NA	NA	NA	unphased	1.5037037037037	0.751851851851852	2
9	113149585	113149586	75	30	4	2	2	1	NA	NA	NA	unphased	1.84126984126984	0.920634920634921	2
9	115818902	115818903	167	35	4	2	2	1	NA	NA	NA	unphased	1.11661166116612	1.11661166116612	1
9	117103958	117103959	88	10	4	2	2	1	NA	NA	NA	unphased	0.657596371882086	0.657596371882086	1
9	117119165	117119166	97	42	4	2	2	1	NA	NA	NA	unphased	1.94724220623501	0.973621103117506	2
9	117848760	117848761	106	14	4	2	2	1	NA	NA	NA	unphased	0.751851851851852	0.751851851851852	1
9	120476339	120476340	27	17	4	2	2	1	NA	NA	NA	unphased	2.48989898989899	1.2449494949495	2
9	123914746	123914747	31	16	4	2	2	1	NA	NA	NA	unphased	2.19385342789598	1.09692671394799	2
9	124534909	124534910	136	18	4	2	2	1	NA	NA	NA	unphased	0.753246753246753	0.753246753246753	1
9	124801634	124801635	45	17	4	2	2	1	NA	NA	NA	unphased	1.76702508960573	0.883512544802867	2
9	125273652	125273653	61	38	4	2	2	1	NA	NA	NA	unphased	2.47362514029181	1.2368125701459	2
9	125315589	125315590	75	27	4	2	2	1	NA	NA	NA	unphased	1.70588235294118	0.852941176470588	2
9	127262439	127262440	36	27	4	2	2	1	NA	NA	NA	unphased	2.76190476190476	1.38095238095238	2
9	128092474	128092475	78	41	4	2	2	1	NA	NA	NA	unphased	2.2203548085901	1.11017740429505	2
9	130550659	130550660	19	9	4	2	2	1	NA	NA	NA	unphased	2.07142857142857	1.03571428571429	2
9	130829165	130829166	126	7	4	2	2	1	NA	NA	NA	unphased	0.339181286549708	0.339181286549708	1
9	131371398	131371399	80	11	4	2	2	1	NA	NA	NA	unphased	0.778998778998779	0.778998778998779	1
9	133753853	133753854	141	23	4	2	2	1	NA	NA	NA	unphased	0.90379403794038	0.90379403794038	1
9	134103668	134103669	68	8	4	2	2	1	NA	NA	NA	unphased	0.678362573099415	0.678362573099415	1
9	134360137	134360138	71	43	4	2	2	1	NA	NA	NA	unphased	2.4307992202729	1.21539961013645	2
9	134738473	134738474	44	5	4	2	2	1	NA	NA	NA	unphased	0.657596371882086	0.657596371882086	1
9	137804346	137804347	40	12	4	2	2	1	NA	NA	NA	unphased	1.48717948717949	1.48717948717949	1
9	139118701	139118702	148	6	4	4	0	1	NA	NA	NA	unphased	0.251082251082251	0.251082251082251	1
9	139262252	139262253	38	3	4	4	0	1	NA	NA	NA	unphased	0.471544715447155	0.471544715447155	1
9	139272677	139272678	8	18	4	4	0	1	NA	NA	NA	unphased	4.46153846153846	1.11538461538462	4
9	139333263	139333264	22	10	4	4	0	1	NA	NA	NA	unphased	2.01388888888889	1.00694444444444	2
9	139357392	139357393	66	16	4	4	0	1	NA	NA	NA	unphased	1.25745257452575	1.25745257452575	1
9	139794065	139794066	72	36	4	4	0	1	NA	NA	NA	unphased	2.14814814814815	1.07407407407407	2
9	139873465	139873466	44	12	4	4	0	1	NA	NA	NA	unphased	1.38095238095238	1.38095238095238	1
9	140062158	140062159	8	5	4	4	0	1	NA	NA	NA	unphased	2.47863247863248	0.826210826210826	3
9	140150829	140150830	45	82	4	4	0	1	NA	NA	NA	unphased	4.16097987751531	1.04024496937883	4
X	591754	591755	144	34	NA	NA	NA	NA	NA	NA	NA	unphased	NA	NA	1
X	5821335	5821336	60	12	NA	NA	NA	NA	NA	NA	NA	unphased	NA	NA	1
X	5821595	5821596	44	15	NA	NA	NA	NA	NA	NA	NA	unphased	NA	NA	1
X	10417701	10417702	34	9	NA	NA	NA	NA	NA	NA	NA	unphased	NA	NA	1
X	11781089	11781090	48	7	NA	NA	NA	NA	NA	NA	NA	unphased	NA	NA	1
X	14550435	14550436	74	36	NA	NA	NA	NA	NA	NA	NA	unphased	NA	NA	1
X	14748353	14748354	321	64	NA	NA	NA	NA	NA	NA	NA	unphased	NA	NA	1
X	15266946	15266947	58	27	NA	NA	NA	NA	NA	NA	NA	unphased	NA	NA	1
X	15349465	15349466	42	14	NA	NA	NA	NA	NA	NA	NA	unphased	NA	NA	1
X	15584481	15584482	193	33	NA	NA	NA	NA	NA	NA	NA	unphased	NA	NA	1
X	17819690	17819691	117	18	NA	NA	NA	NA	NA	NA	NA	unphased	NA	NA	1
X	19018033	19018034	136	34	NA	NA	NA	NA	NA	NA	NA	unphased	NA	NA	1
X	19554561	19554562	22	5	NA	NA	NA	NA	NA	NA	NA	unphased	NA	NA	1
X	19564043	19564044	42	13	NA	NA	NA	NA	NA	NA	NA	unphased	NA	NA	1
X	20033339	20033340	78	11	NA	NA	NA	NA	NA	NA	NA	unphased	NA	NA	1
X	21534653	21534654	75	22	NA	NA	NA	NA	NA	NA	NA	unphased	NA	NA	1
X	21874908	21874909	95	13	NA	NA	NA	NA	NA	NA	NA	unphased	NA	NA	1
X	21875263	21875264	248	42	NA	NA	NA	NA	NA	NA	NA	unphased	NA	NA	1
X	25028385	25028386	23	9	NA	NA	NA	NA	NA	NA	NA	unphased	NA	NA	1
X	29974010	29974011	10	5	NA	NA	NA	NA	NA	NA	NA	unphased	NA	NA	1
X	30236731	30236732	30	8	NA	NA	NA	NA	NA	NA	NA	unphased	NA	NA	1
X	30873433	30873434	39	18	NA	NA	NA	NA	NA	NA	NA	unphased	NA	NA	1
X	31747767	31747768	81	27	NA	NA	NA	NA	NA	NA	NA	unphased	NA	NA	1
X	34150177	34150178	88	23	NA	NA	NA	NA	NA	NA	NA	unphased	NA	NA	1
X	34150220	34150221	88	22	NA	NA	NA	NA	NA	NA	NA	unphased	NA	NA	1
X	34150221	34150222	85	21	NA	NA	NA	NA	NA	NA	NA	unphased	NA	NA	1
X	40534477	40534478	93	13	NA	NA	NA	NA	NA	NA	NA	unphased	NA	NA	1
X	41524662	41524663	21	3	NA	NA	NA	NA	NA	NA	NA	unphased	NA	NA	1
X	45059912	45059913	30	19	NA	NA	NA	NA	NA	NA	NA	unphased	NA	NA	1
X	46332309	46332310	48	16	NA	NA	NA	NA	NA	NA	NA	unphased	NA	NA	1
X	47497453	47497454	29	5	NA	NA	NA	NA	NA	NA	NA	unphased	NA	NA	1
X	48546813	48546814	31	9	NA	NA	NA	NA	NA	NA	NA	unphased	NA	NA	1
X	48924953	48924954	16	5	NA	NA	NA	NA	NA	NA	NA	unphased	NA	NA	1
X	48972242	48972243	31	4	NA	NA	NA	NA	NA	NA	NA	unphased	NA	NA	1
X	49047929	49047930	24	7	NA	NA	NA	NA	NA	NA	NA	unphased	NA	NA	1
X	49768184	49768185	11	3	NA	NA	NA	NA	NA	NA	NA	unphased	NA	NA	1
X	50213190	50213191	36	11	NA	NA	NA	NA	NA	NA	NA	unphased	NA	NA	1
X	51076182	51076183	91	13	NA	NA	NA	NA	NA	NA	NA	unphased	NA	NA	1
X	51487924	51487925	60	13	NA	NA	NA	NA	NA	NA	NA	unphased	NA	NA	1
X	51638352	51638353	29	3	NA	NA	NA	NA	NA	NA	NA	unphased	NA	NA	1
X	52681968	52681969	77	21	NA	NA	NA	NA	NA	NA	NA	unphased	NA	NA	1
X	53243951	53243952	31	7	NA	NA	NA	NA	NA	NA	NA	unphased	NA	NA	1
X	54783746	54783747	57	14	NA	NA	NA	NA	NA	NA	NA	unphased	NA	NA	1
X	54783889	54783890	47	33	NA	NA	NA	NA	NA	NA	NA	unphased	NA	NA	1
X	54839586	54839587	119	33	NA	NA	NA	NA	NA	NA	NA	unphased	NA	NA	1
X	55033386	55033387	28	15	NA	NA	NA	NA	NA	NA	NA	unphased	NA	NA	1
X	57162133	57162134	5	5	NA	NA	NA	NA	NA	NA	NA	unphased	NA	NA	1
X	63410467	63410468	49	8	NA	NA	NA	NA	NA	NA	NA	unphased	NA	NA	1
X	63411141	63411142	21	11	NA	NA	NA	NA	NA	NA	NA	unphased	NA	NA	1
X	64959653	64959654	95	21	NA	NA	NA	NA	NA	NA	NA	unphased	NA	NA	1
X	67939097	67939098	21	8	NA	NA	NA	NA	NA	NA	NA	unphased	NA	NA	1
X	69649519	69649520	33	6	NA	NA	NA	NA	NA	NA	NA	unphased	NA	NA	1
X	70320965	70320966	19	18	NA	NA	NA	NA	NA	NA	NA	unphased	NA	NA	1
X	70468354	70468355	29	6	NA	NA	NA	NA	NA	NA	NA	unphased	NA	NA	1
X	70586258	70586259	61	19	NA	NA	NA	NA	NA	NA	NA	unphased	NA	NA	1
X	71813029	71813030	93	16	NA	NA	NA	NA	NA	NA	NA	unphased	NA	NA	1
X	71864267	71864268	28	6	NA	NA	NA	NA	NA	NA	NA	unphased	NA	NA	1
X	72299170	72299171	49	13	NA	NA	NA	NA	NA	NA	NA	unphased	NA	NA	1
X	72299295	72299296	36	4	NA	NA	NA	NA	NA	NA	NA	unphased	NA	NA	1
X	75004433	75004434	21	3	NA	NA	NA	NA	NA	NA	NA	unphased	NA	NA	1
X	76938076	76938077	170	92	NA	NA	NA	NA	NA	NA	NA	unphased	NA	NA	1
X	77284777	77284778	148	24	NA	NA	NA	NA	NA	NA	NA	unphased	NA	NA	1
X	78011191	78011192	32	4	NA	NA	NA	NA	NA	NA	NA	unphased	NA	NA	1
X	78427450	78427451	37	23	NA	NA	NA	NA	NA	NA	NA	unphased	NA	NA	1
X	79978128	79978129	89	13	NA	NA	NA	NA	NA	NA	NA	unphased	NA	NA	1
X	83127970	83127971	24	5	NA	NA	NA	NA	NA	NA	NA	unphased	NA	NA	1
X	83361408	83361409	25	6	NA	NA	NA	NA	NA	NA	NA	unphased	NA	NA	1
X	99551397	99551398	106	42	NA	NA	NA	NA	NA	NA	NA	unphased	NA	NA	1
X	99551398	99551399	106	43	NA	NA	NA	NA	NA	NA	NA	unphased	NA	NA	1
X	99657784	99657785	28	14	NA	NA	NA	NA	NA	NA	NA	unphased	NA	NA	1
X	100103736	100103737	85	20	NA	NA	NA	NA	NA	NA	NA	unphased	NA	NA	1
X	100274346	100274347	62	14	NA	NA	NA	NA	NA	NA	NA	unphased	NA	NA	1
X	100291974	100291975	63	18	NA	NA	NA	NA	NA	NA	NA	unphased	NA	NA	1
X	100292969	100292970	300	165	NA	NA	NA	NA	NA	NA	NA	unphased	NA	NA	1
X	100333937	100333938	64	10	NA	NA	NA	NA	NA	NA	NA	unphased	NA	NA	1
X	101095562	101095563	40	14	NA	NA	NA	NA	NA	NA	NA	unphased	NA	NA	1
X	102004752	102004753	84	25	NA	NA	NA	NA	NA	NA	NA	unphased	NA	NA	1
X	102841901	102841902	31	6	NA	NA	NA	NA	NA	NA	NA	unphased	NA	NA	1
X	105153051	105153052	44	7	NA	NA	NA	NA	NA	NA	NA	unphased	NA	NA	1
X	105279109	105279110	258	62	NA	NA	NA	NA	NA	NA	NA	unphased	NA	NA	1
X	105449858	105449859	35	7	NA	NA	NA	NA	NA	NA	NA	unphased	NA	NA	1
X	105905388	105905389	83	8	NA	NA	NA	NA	NA	NA	NA	unphased	NA	NA	1
X	105905389	105905390	82	9	NA	NA	NA	NA	NA	NA	NA	unphased	NA	NA	1
X	106806402	106806403	49	36	NA	NA	NA	NA	NA	NA	NA	unphased	NA	NA	1
X	106844064	106844065	20	4	NA	NA	NA	NA	NA	NA	NA	unphased	NA	NA	1
X	107315990	107315991	96	48	NA	NA	NA	NA	NA	NA	NA	unphased	NA	NA	1
X	107319356	107319357	110	27	NA	NA	NA	NA	NA	NA	NA	unphased	NA	NA	1
X	107430467	107430468	123	27	NA	NA	NA	NA	NA	NA	NA	unphased	NA	NA	1
X	107869444	107869445	64	14	NA	NA	NA	NA	NA	NA	NA	unphased	NA	NA	1
X	107939560	107939561	58	37	NA	NA	NA	NA	NA	NA	NA	unphased	NA	NA	1
X	108868030	108868031	53	17	NA	NA	NA	NA	NA	NA	NA	unphased	NA	NA	1
X	109694721	109694722	121	17	NA	NA	NA	NA	NA	NA	NA	unphased	NA	NA	1
X	109963061	109963062	108	20	NA	NA	NA	NA	NA	NA	NA	unphased	NA	NA	1
X	114251747	114251748	71	24	NA	NA	NA	NA	NA	NA	NA	unphased	NA	NA	1
X	117538406	117538407	29	4	NA	NA	NA	NA	NA	NA	NA	unphased	NA	NA	1
X	118109307	118109308	31	10	NA	NA	NA	NA	NA	NA	NA	unphased	NA	NA	1
X	118223041	118223042	63	8	NA	NA	NA	NA	NA	NA	NA	unphased	NA	NA	1
X	119761027	119761028	37	8	NA	NA	NA	NA	NA	NA	NA	unphased	NA	NA	1
X	120008939	120008940	78	14	NA	NA	NA	NA	NA	NA	NA	unphased	NA	NA	1
X	122757066	122757067	132	31	NA	NA	NA	NA	NA	NA	NA	unphased	NA	NA	1
X	122799683	122799684	75	12	NA	NA	NA	NA	NA	NA	NA	unphased	NA	NA	1
X	123159689	123159690	134	16	NA	NA	NA	NA	NA	NA	NA	unphased	NA	NA	1
X	123654553	123654554	48	16	NA	NA	NA	NA	NA	NA	NA	unphased	NA	NA	1
X	124028169	124028170	58	14	NA	NA	NA	NA	NA	NA	NA	unphased	NA	NA	1
X	125299814	125299815	22	17	NA	NA	NA	NA	NA	NA	NA	unphased	NA	NA	1
X	128696581	128696582	62	19	NA	NA	NA	NA	NA	NA	NA	unphased	NA	NA	1
X	128901595	128901596	115	25	NA	NA	NA	NA	NA	NA	NA	unphased	NA	NA	1
X	128926648	128926649	71	29	NA	NA	NA	NA	NA	NA	NA	unphased	NA	NA	1
X	129149754	129149755	109	39	NA	NA	NA	NA	NA	NA	NA	unphased	NA	NA	1
X	129189898	129189899	189	24	NA	NA	NA	NA	NA	NA	NA	unphased	NA	NA	1
X	129263559	129263560	76	10	NA	NA	NA	NA	NA	NA	NA	unphased	NA	NA	1
X	129507027	129507028	28	20	NA	NA	NA	NA	NA	NA	NA	unphased	NA	NA	1
X	132436930	132436931	142	31	NA	NA	NA	NA	NA	NA	NA	unphased	NA	NA	1
X	134166389	134166390	34	7	NA	NA	NA	NA	NA	NA	NA	unphased	NA	NA	1
X	134166522	134166523	123	26	NA	NA	NA	NA	NA	NA	NA	unphased	NA	NA	1
X	134186139	134186140	74	14	NA	NA	NA	NA	NA	NA	NA	unphased	NA	NA	1
X	134680704	134680705	84	45	NA	NA	NA	NA	NA	NA	NA	unphased	NA	NA	1
X	135432216	135432217	62	24	NA	NA	NA	NA	NA	NA	NA	unphased	NA	NA	1
X	135633090	135633091	22	3	NA	NA	NA	NA	NA	NA	NA	unphased	NA	NA	1
X	135956384	135956385	104	21	NA	NA	NA	NA	NA	NA	NA	unphased	NA	NA	1
X	135957248	135957249	218	11	NA	NA	NA	NA	NA	NA	NA	unphased	NA	NA	1
X	140985548	140985549	60	26	NA	NA	NA	NA	NA	NA	NA	unphased	NA	NA	1
X	149638354	149638355	88	15	NA	NA	NA	NA	NA	NA	NA	unphased	NA	NA	1
X	150348991	150348992	171	28	NA	NA	NA	NA	NA	NA	NA	unphased	NA	NA	1
X	150868584	150868585	58	24	NA	NA	NA	NA	NA	NA	NA	unphased	NA	NA	1
X	151532985	151532986	105	48	NA	NA	NA	NA	NA	NA	NA	unphased	NA	NA	1
X	151815581	151815582	43	25	NA	NA	NA	NA	NA	NA	NA	unphased	NA	NA	1
X	153141221	153141222	27	13	NA	NA	NA	NA	NA	NA	NA	unphased	NA	NA	1
X	153218231	153218232	27	3	NA	NA	NA	NA	NA	NA	NA	unphased	NA	NA	1
X	153220003	153220004	146	23	NA	NA	NA	NA	NA	NA	NA	unphased	NA	NA	1
X	153581506	153581507	73	15	NA	NA	NA	NA	NA	NA	NA	unphased	NA	NA	1
X	153994511	153994512	77	18	NA	NA	NA	NA	NA	NA	NA	unphased	NA	NA	1
X	154493613	154493614	56	11	NA	NA	NA	NA	NA	NA	NA	unphased	NA	NA	1
