chr	pos	ref	alt	gene	classification	t_ref_count	t_alt_count	total_depth	vaf	local_cn	major_cn	minor_cn	mcn	multiplicity	ccf	ccf_capped	is_clonal	purity	ploidy
1	915565	G	A	C1orf170	Missense_Mutation	21	5	26	0.19230769230769232	1	1	1	1.2322	1	1.2322	1.0	True	0.27	2.12
1	1117146	G	T	TTLL10	Missense_Mutation	75	11	86	0.12790697674418605	1	1	1	0.8196	1	0.8196	0.8196	False	0.27	2.12
1	1309775	C	A	AURKAIP1	Missense_Mutation	18	11	29	0.3793103448275862	1	1	1	2.4304	1	2.4304	1.0	True	0.27	2.12
1	1326208	C	T	CCNL2	Missense_Mutation	48	6	54	0.1111111111111111	1	1	1	0.7119	1	0.7119	0.7119	False	0.27	2.12
1	1453125	G	A	ATAD3A	Silent	15	10	25	0.4	1	1	1	2.563	1	2.563	1.0	True	0.27	2.12
1	1687725	G	A	NADK	Missense_Mutation	35	6	41	0.14634146341463414	1	1	1	0.9377	1	0.9377	0.9377	True	0.27	2.12
1	2116391	G	A	PRKCZ	Silent	37	6	43	0.13953488372093023	1	1	1	0.8941	1	0.8941	0.8941	True	0.27	2.12
1	2238587	G	A	SKI	3'UTR	38	12	50	0.24	1	1	1	1.5378	1	1.5378	1.0	True	0.27	2.12
1	3742955	G	A	CEP104	Missense_Mutation	32	9	41	0.21951219512195122	1	1	1	1.4065	1	1.4065	1.0	True	0.27	2.12
1	6150469	C	T	KCNAB2	Nonsense_Mutation	53	8	61	0.13114754098360656	2	1	1	0.9715	1	0.9715	0.9715	True	0.27	2.12
1	6504567	G	A	ESPN	Silent	37	6	43	0.13953488372093023	2	1	1	1.0336	1	1.0336	1.0	True	0.27	2.12
1	6649032	G	A	ZBTB48	Silent	44	5	49	0.10204081632653061	2	1	1	0.7559	1	0.7559	0.7559	False	0.27	2.12
1	7887598	C	T	PER3	Missense_Mutation	46	19	65	0.2923076923076923	2	1	1	2.1652	1	2.1652	1.0	True	0.27	2.12
1	8555155	G	A	RERE	Missense_Mutation	30	6	36	0.16666666666666666	2	1	1	1.2346	1	1.2346	1.0	True	0.27	2.12
1	9165716	C	T	GPR157	Silent	25	5	30	0.16666666666666666	2	1	1	1.2346	1	1.2346	1.0	True	0.27	2.12
1	9780259	G	A	PIK3CD	Missense_Mutation	50	9	59	0.15254237288135594	2	1	1	1.1299	1	1.1299	1.0	True	0.27	2.12
1	11008750	G	A	C1orf127	Missense_Mutation	66	33	99	0.3333333333333333	2	1	1	2.4691	1	2.4691	1.0	True	0.27	2.12
1	11883833	G	A	CLCN6	Missense_Mutation	59	7	66	0.10606060606060606	2	1	1	0.7856	1	0.7856	0.7856	False	0.27	2.12
1	12062115	T	A	MFN2	Missense_Mutation	41	17	58	0.29310344827586204	2	1	1	2.1711	1	2.1711	1.0	True	0.27	2.12
1	12195644	G	T	TNFRSF8	Splice_Site	111	12	123	0.0975609756097561	2	1	1	0.7227	1	0.7227	0.7227	False	0.27	2.12
1	12460264	G	A	VPS13D	Silent	35	8	43	0.18604651162790697	2	1	1	1.3781	1	1.3781	1.0	True	0.27	2.12
1	15766805	G	A	CTRC	Missense_Mutation	45	23	68	0.3382352941176471	2	1	1	2.5054	1	2.5054	1.0	True	0.27	2.12
1	16260997	G	T	SPEN	Silent	21	11	32	0.34375	2	1	1	2.5463	1	2.5463	1.0	True	0.27	2.12
1	16451243	G	T	EPHA2	3'UTR	49	8	57	0.14035087719298245	2	1	1	1.0396	1	1.0396	1.0	True	0.27	2.12
1	17265554	C	T	CROCC	Nonsense_Mutation	89	13	102	0.12745098039215685	2	1	1	0.9441	1	0.9441	0.9441	True	0.27	2.12
1	17287269	G	A	CROCC	Missense_Mutation	28	8	36	0.2222222222222222	2	1	1	1.6461	1	1.6461	1.0	True	0.27	2.12
1	17296892	C	T	CROCC	Missense_Mutation	70	14	84	0.16666666666666666	2	1	1	1.2346	1	1.2346	1.0	True	0.27	2.12
1	17316221	C	A	ATP13A2	Missense_Mutation	64	12	76	0.15789473684210525	2	1	1	1.1696	1	1.1696	1.0	True	0.27	2.12
1	17749315	G	T	RCC2	Missense_Mutation	37	11	48	0.22916666666666666	2	1	1	1.6975	1	1.6975	1.0	True	0.27	2.12
1	18152879	C	A	ACTL8	Silent	64	17	81	0.20987654320987653	2	1	1	1.5546	1	1.5546	1.0	True	0.27	2.12
1	19585041	C	T	MRTO4	Silent	27	16	43	0.37209302325581395	2	1	1	2.7562	1	2.7562	1.0	True	0.27	2.12
1	19992533	G	A	HTR6	Missense_Mutation	41	5	46	0.10869565217391304	2	1	1	0.8052	1	0.8052	0.8052	False	0.27	2.12
1	21894731	G	A	ALPL	Silent	46	14	60	0.23333333333333334	2	1	1	1.7284	1	1.7284	1.0	True	0.27	2.12
1	22161279	C	T	HSPG2	Missense_Mutation	28	4	32	0.125	2	1	1	0.9259	1	0.9259	0.9259	True	0.27	2.12
1	22205107	C	T	HSPG2	Missense_Mutation	56	32	88	0.36363636363636365	2	1	1	2.6936	1	2.6936	1.0	True	0.27	2.12
1	22915633	G	A	EPHA8	Missense_Mutation	53	9	62	0.14516129032258066	2	1	1	1.0753	1	1.0753	1.0	True	0.27	2.12
1	22973962	G	A	C1QC	Missense_Mutation	44	11	55	0.2	2	1	1	1.4815	1	1.4815	1.0	True	0.27	2.12
1	23418182	G	A	LUZP1	Missense_Mutation	16	4	20	0.2	2	1	1	1.4815	1	1.4815	1.0	True	0.27	2.12
1	23845519	C	T	E2F2	Missense_Mutation	23	5	28	0.17857142857142858	2	1	1	1.3228	1	1.3228	1.0	True	0.27	2.12
1	24433677	C	A	MYOM3	Missense_Mutation	35	10	45	0.2222222222222222	2	1	1	1.6461	1	1.6461	1.0	True	0.27	2.12
1	25893406	G	A	LDLRAP1	Missense_Mutation	42	12	54	0.2222222222222222	2	1	1	1.6461	1	1.6461	1.0	True	0.27	2.12
1	26136236	A	G	SEPN1	Missense_Mutation	44	8	52	0.15384615384615385	2	1	1	1.1396	1	1.1396	1.0	True	0.27	2.12
1	27177050	C	T	ZDHHC18	Silent	23	17	40	0.425	2	1	1	3.1481	1	3.1481	1.0	True	0.27	2.12
1	27429000	C	T	SLC9A1	Missense_Mutation	33	11	44	0.25	2	1	1	1.8519	1	1.8519	1.0	True	0.27	2.12
1	29189683	C	A	OPRD1	Missense_Mutation	21	4	25	0.16	2	1	1	1.1852	1	1.1852	1.0	True	0.27	2.12
1	29447700	C	T	TMEM200B	Missense_Mutation	21	11	32	0.34375	2	1	1	2.5463	1	2.5463	1.0	True	0.27	2.12
1	31351475	G	A	SDC3	Missense_Mutation	25	10	35	0.2857142857142857	2	1	1	2.1164	1	2.1164	1.0	True	0.27	2.12
1	32052497	C	T	TINAGL1	Missense_Mutation	97	10	107	0.09345794392523364	2	1	1	0.6923	1	0.6923	0.6923	False	0.27	2.12
1	32207741	G	A	BAI2	Missense_Mutation	9	5	14	0.35714285714285715	2	1	1	2.6455	1	2.6455	1.0	True	0.27	2.12
1	32508606	G	T	KHDRBS1	3'UTR	37	7	44	0.1590909090909091	2	1	1	1.1785	1	1.1785	1.0	True	0.27	2.12
1	32509353	G	A	KHDRBS1	3'UTR	30	6	36	0.16666666666666666	2	1	1	1.2346	1	1.2346	1.0	True	0.27	2.12
1	32740999	C	T	LCK	Missense_Mutation	39	22	61	0.36065573770491804	2	1	1	2.6715	1	2.6715	1.0	True	0.27	2.12
1	33060715	C	T	ZBTB8A	Missense_Mutation	41	8	49	0.16326530612244897	2	1	1	1.2094	1	1.2094	1.0	True	0.27	2.12
1	33134598	C	T	RBBP4	Missense_Mutation	11	4	15	0.26666666666666666	2	1	1	1.9753	1	1.9753	1.0	True	0.27	2.12
1	33359509	C	A	HPCA	3'UTR	22	4	26	0.15384615384615385	2	1	1	1.1396	1	1.1396	1.0	True	0.27	2.12
1	33549639	C	T	ADC	Missense_Mutation	22	10	32	0.3125	2	1	1	2.3148	1	2.3148	1.0	True	0.27	2.12
1	33960901	C	T	ZSCAN20	Missense_Mutation	36	7	43	0.16279069767441862	2	1	1	1.2059	1	1.2059	1.0	True	0.27	2.12
1	36026864	C	T	NCDN	Missense_Mutation	21	6	27	0.2222222222222222	2	1	1	1.6461	1	1.6461	1.0	True	0.27	2.12
1	36805818	G	A	STK40	3'UTR	48	11	59	0.1864406779661017	2	1	1	1.381	1	1.381	1.0	True	0.27	2.12
1	39798688	C	T	MACF1	Intron	12	5	17	0.29411764705882354	2	1	1	2.1786	1	2.1786	1.0	True	0.27	2.12
1	40092236	C	T	HEYL	Silent	52	18	70	0.2571428571428571	2	1	1	1.9048	1	1.9048	1.0	True	0.27	2.12
1	42050840	C	T	HIVEP3	5'UTR	51	13	64	0.203125	2	1	1	1.5046	1	1.5046	1.0	True	0.27	2.12
1	43166567	A	G	YBX1	Missense_Mutation	98	13	111	0.11711711711711711	2	1	1	0.8675	1	0.8675	0.8675	True	0.27	2.12
1	43315260	T	C	ZNF691	5'UTR	36	5	41	0.12195121951219512	2	1	1	0.9033	1	0.9033	0.9033	True	0.27	2.12
1	43770797	C	T	TIE1	Missense_Mutation	83	11	94	0.11702127659574468	2	1	1	0.8668	1	0.8668	0.8668	True	0.27	2.12
1	43828847	A	G	CDC20	3'UTR	36	5	41	0.12195121951219512	2	1	1	0.9033	1	0.9033	0.9033	True	0.27	2.12
1	44468596	G	T	SLC6A9	Missense_Mutation	33	11	44	0.25	2	1	1	1.8519	1	1.8519	1.0	True	0.27	2.12
1	44877906	G	A	RNF220	Missense_Mutation	42	8	50	0.16	2	1	1	1.1852	1	1.1852	1.0	True	0.27	2.12
1	45797165	C	T	MUTYH	Missense_Mutation	28	13	41	0.3170731707317073	2	1	1	2.3487	1	2.3487	1.0	True	0.27	2.12
1	46093288	T	A	GPBP1L1	3'UTR	97	11	108	0.10185185185185185	2	1	1	0.7545	1	0.7545	0.7545	False	0.27	2.12
1	46808338	C	A	NSUN4	Intron	46	4	50	0.08	2	1	1	0.5926	1	0.5926	0.5926	False	0.27	2.12
1	52826167	G	A	CC2D1B	Nonsense_Mutation	66	5	71	0.07042253521126761	2	1	1	0.5216	1	0.5216	0.5216	False	0.27	2.12
1	52940535	A	G	ZCCHC11	Missense_Mutation	15	14	29	0.4827586206896552	2	1	1	3.576	1	3.576	1.0	True	0.27	2.12
1	53068089	C	T	GPX7	Missense_Mutation	27	6	33	0.18181818181818182	2	1	1	1.3468	1	1.3468	1.0	True	0.27	2.12
1	53073995	G	T	GPX7	Missense_Mutation	30	4	34	0.11764705882352941	2	1	1	0.8715	1	0.8715	0.8715	True	0.27	2.12
1	54670828	C	T	MRPL37	Missense_Mutation	23	8	31	0.25806451612903225	2	1	1	1.9116	1	1.9116	1.0	True	0.27	2.12
1	55136582	G	T	MROH7	Missense_Mutation	16	6	22	0.2727272727272727	2	1	1	2.0202	1	2.0202	1.0	True	0.27	2.12
1	55614173	C	T	USP24	Missense_Mutation	94	15	109	0.13761467889908258	2	1	1	1.0194	1	1.0194	1.0	True	0.27	2.12
1	56961278	C	T	PPAP2B	3'UTR	43	6	49	0.12244897959183673	2	1	1	0.907	1	0.907	0.907	True	0.27	2.12
1	57538024	G	A	DAB1	Missense_Mutation	50	14	64	0.21875	2	1	1	1.6204	1	1.6204	1.0	True	0.27	2.12
1	62739570	G	A	KANK4	Silent	43	5	48	0.10416666666666667	2	1	1	0.7716	1	0.7716	0.7716	False	0.27	2.12
1	66723336	C	T	PDE4B	Silent	54	17	71	0.23943661971830985	2	1	1	1.7736	1	1.7736	1.0	True	0.27	2.12
1	68896746	A	G	RPE65	Splice_Site	24	4	28	0.14285714285714285	2	1	1	1.0582	1	1.0582	1.0	True	0.27	2.12
1	68947781	T	G	DEPDC1	Missense_Mutation	58	12	70	0.17142857142857143	2	1	1	1.2698	1	1.2698	1.0	True	0.27	2.12
1	70225992	G	A	LRRC7	Silent	21	14	35	0.4	2	1	1	2.963	1	2.963	1.0	True	0.27	2.12
1	74670324	C	T	FPGT	Missense_Mutation	20	15	35	0.42857142857142855	2	1	1	3.1746	1	3.1746	1.0	True	0.27	2.12
1	78207076	A	G	USP33	Silent	52	24	76	0.3157894736842105	2	1	1	2.3392	1	2.3392	1.0	True	0.27	2.12
1	78354426	G	A	NEXN	5'UTR	120	26	146	0.1780821917808219	2	1	1	1.3191	1	1.3191	1.0	True	0.27	2.12
1	89301253	T	A	PKN2	3'UTR	56	7	63	0.1111111111111111	2	1	1	0.823	1	0.823	0.823	False	0.27	2.12
1	89449530	C	T	RBMXL1	5'UTR	29	5	34	0.14705882352941177	2	1	1	1.0893	1	1.0893	1.0	True	0.27	2.12
1	89630424	T	A	GBP7	Missense_Mutation	65	9	74	0.12162162162162163	2	1	1	0.9009	1	0.9009	0.9009	True	0.27	2.12
1	90400757	A	G	LRRC8D	Silent	29	4	33	0.12121212121212122	2	1	1	0.8979	1	0.8979	0.8979	True	0.27	2.12
1	90401214	A	T	LRRC8D	3'UTR	18	5	23	0.21739130434782608	2	1	1	1.6103	1	1.6103	1.0	True	0.27	2.12
1	90484280	C	T	ZNF326	Missense_Mutation	34	16	50	0.32	2	1	1	2.3704	1	2.3704	1.0	True	0.27	2.12
1	92442915	G	A	BRDT	Missense_Mutation	60	12	72	0.16666666666666666	2	1	1	1.2346	1	1.2346	1.0	True	0.27	2.12
1	92642744	C	T	KIAA1107	Missense_Mutation	26	5	31	0.16129032258064516	2	1	1	1.1947	1	1.1947	1.0	True	0.27	2.12
1	92977686	A	G	EVI5	3'UTR	33	8	41	0.1951219512195122	2	1	1	1.4453	1	1.4453	1.0	True	0.27	2.12
1	98060679	C	T	DPYD	Silent	43	6	49	0.12244897959183673	2	1	1	0.907	1	0.907	0.907	True	0.27	2.12
1	101706941	T	C	S1PR1	3'UTR	52	7	59	0.11864406779661017	2	1	1	0.8788	1	0.8788	0.8788	True	0.27	2.12
1	104297163	G	A	AMY1C	Silent	64	17	81	0.20987654320987653	2	1	1	1.5546	1	1.5546	1.0	True	0.27	2.12
1	108113843	A	G	VAV3	3'UTR	42	10	52	0.19230769230769232	2	1	1	1.4245	1	1.4245	1.0	True	0.27	2.12
1	109482717	A	G	CLCC1	Missense_Mutation	48	8	56	0.14285714285714285	2	1	1	1.0582	1	1.0582	1.0	True	0.27	2.12
1	110217522	G	T	GSTM2	3'UTR	42	5	47	0.10638297872340426	2	1	1	0.788	1	0.788	0.788	False	0.27	2.12
1	111958968	A	G	OVGP1	Missense_Mutation	35	9	44	0.20454545454545456	2	1	1	1.5152	1	1.5152	1.0	True	0.27	2.12
1	114319836	G	A	RSBN1	Nonsense_Mutation	50	7	57	0.12280701754385964	2	1	1	0.9097	1	0.9097	0.9097	True	0.27	2.12
1	114522093	G	A	OLFML3	5'UTR	19	10	29	0.3448275862068966	2	1	1	2.5543	1	2.5543	1.0	True	0.27	2.12
1	116236045	A	G	VANGL1	3'UTR	27	9	36	0.25	2	1	1	1.8519	1	1.8519	1.0	True	0.27	2.12
1	116380789	G	A	NHLH2	Missense_Mutation	23	10	33	0.30303030303030304	2	1	1	2.2447	1	2.2447	1.0	True	0.27	2.12
1	145075830	G	T	PDE4DIP	Silent	97	9	106	0.08490566037735849	2	1	1	0.6289	1	0.6289	0.6289	False	0.27	2.12
1	145585419	T	C	PIAS3	Missense_Mutation	27	4	31	0.12903225806451613	2	1	1	0.9558	1	0.9558	0.9558	True	0.27	2.12
1	149871915	C	T	BOLA1	Silent	38	11	49	0.22448979591836735	2	1	1	1.6629	1	1.6629	1.0	True	0.27	2.12
1	149949403	A	G	OTUD7B	Missense_Mutation	44	11	55	0.2	2	1	1	1.4815	1	1.4815	1.0	True	0.27	2.12
1	150049819	G	T	VPS45	Missense_Mutation	32	10	42	0.23809523809523808	2	1	1	1.7637	1	1.7637	1.0	True	0.27	2.12
1	150266688	C	T	MRPS21	5'UTR	29	5	34	0.14705882352941177	2	1	1	1.0893	1	1.0893	1.0	True	0.27	2.12
1	150523419	G	T	AL356356.1	Missense_Mutation	20	6	26	0.23076923076923078	2	1	1	1.7094	1	1.7094	1.0	True	0.27	2.12
1	150936218	G	A	SETDB1	Splice_Site	34	8	42	0.19047619047619047	2	1	1	1.4109	1	1.4109	1.0	True	0.27	2.12
1	151149461	T	A	VPS72	Missense_Mutation	30	6	36	0.16666666666666666	2	1	1	1.2346	1	1.2346	1.0	True	0.27	2.12
1	151261173	T	C	ZNF687	Missense_Mutation	33	13	46	0.2826086956521739	2	1	1	2.0934	1	2.0934	1.0	True	0.27	2.12
1	151318680	C	T	RFX5	Splice_Site	49	12	61	0.19672131147540983	2	1	1	1.4572	1	1.4572	1.0	True	0.27	2.12
1	152080543	C	T	TCHH	Missense_Mutation	46	4	50	0.08	2	1	1	0.5926	1	0.5926	0.5926	False	0.27	2.12
1	153274898	C	T	PGLYRP3	Missense_Mutation	50	8	58	0.13793103448275862	2	1	1	1.0217	1	1.0217	1.0	True	0.27	2.12
1	153954703	G	A	RAB13	Intron	52	4	56	0.07142857142857142	2	1	1	0.5291	1	0.5291	0.5291	False	0.27	2.12
1	154461600	G	A	SHE	Silent	72	17	89	0.19101123595505617	2	1	1	1.4149	1	1.4149	1.0	True	0.27	2.12
1	154744782	A	G	KCNN3	Missense_Mutation	9	3	12	0.25	2	1	1	1.8519	1	1.8519	1.0	True	0.27	2.12
1	155156330	G	A	TRIM46	Silent	28	8	36	0.2222222222222222	2	1	1	1.6461	1	1.6461	1.0	True	0.27	2.12
1	155167348	C	T	THBS3	Missense_Mutation	15	3	18	0.16666666666666666	2	1	1	1.2346	1	1.2346	1.0	True	0.27	2.12
1	155270775	C	A	PKLR	Intron	48	14	62	0.22580645161290322	2	1	1	1.6726	1	1.6726	1.0	True	0.27	2.12
1	155583470	C	T	MSTO1	Missense_Mutation	46	12	58	0.20689655172413793	2	1	1	1.5326	1	1.5326	1.0	True	0.27	2.12
1	156571204	C	A	GPATCH4	Missense_Mutation	52	6	58	0.10344827586206896	2	1	1	0.7663	1	0.7663	0.7663	False	0.27	2.12
1	156640743	G	T	NES	Silent	42	8	50	0.16	2	1	1	1.1852	1	1.1852	1.0	True	0.27	2.12
1	156641686	C	T	NES	Missense_Mutation	53	7	60	0.11666666666666667	2	1	1	0.8642	1	0.8642	0.8642	True	0.27	2.12
1	156814956	G	A	INSRR	Silent	48	22	70	0.3142857142857143	2	1	1	2.328	1	2.328	1.0	True	0.27	2.12
1	158152021	G	A	CD1D	Silent	34	9	43	0.20930232558139536	2	1	1	1.5504	1	1.5504	1.0	True	0.27	2.12
1	158632566	A	T	SPTA1	Missense_Mutation	37	4	41	0.0975609756097561	2	1	1	0.7227	1	0.7227	0.7227	False	0.27	2.12
1	160209942	T	C	DCAF8	Missense_Mutation	25	4	29	0.13793103448275862	2	1	1	1.0217	1	1.0217	1.0	True	0.27	2.12
1	160394994	C	T	VANGL2	Silent	43	14	57	0.24561403508771928	2	1	1	1.8194	1	1.8194	1.0	True	0.27	2.12
1	161091639	A	T	DEDD	3'UTR	18	4	22	0.18181818181818182	2	1	1	1.3468	1	1.3468	1.0	True	0.27	2.12
1	165550908	C	T	RP11-280O1.2	RNA	19	4	23	0.17391304347826086	2	1	1	1.2882	1	1.2882	1.0	True	0.27	2.12
1	167408611	C	T	CD247	Silent	52	16	68	0.23529411764705882	2	1	1	1.7429	1	1.7429	1.0	True	0.27	2.12
1	168034884	C	T	DCAF6	Silent	37	16	53	0.3018867924528302	2	1	1	2.2362	1	2.2362	1.0	True	0.27	2.12
1	169824995	C	T	SCYL3	Silent	53	8	61	0.13114754098360656	2	1	1	0.9715	1	0.9715	0.9715	True	0.27	2.12
1	171535520	G	A	PRRC2C	Missense_Mutation	32	8	40	0.2	2	1	1	1.4815	1	1.4815	1.0	True	0.27	2.12
1	171678847	T	A	VAMP4	Missense_Mutation	47	6	53	0.11320754716981132	2	1	1	0.8386	1	0.8386	0.8386	False	0.27	2.12
1	171810847	G	T	DNM3	Missense_Mutation	96	23	119	0.19327731092436976	2	1	1	1.4317	1	1.4317	1.0	True	0.27	2.12
1	174417673	G	A	GPR52	Missense_Mutation	18	5	23	0.21739130434782608	2	1	1	1.6103	1	1.6103	1.0	True	0.27	2.12
1	174517133	G	A	RABGAP1L	Intron	65	5	70	0.07142857142857142	2	1	1	0.5291	1	0.5291	0.5291	False	0.27	2.12
1	176833400	A	G	ASTN1	3'UTR	24	5	29	0.1724137931034483	2	1	1	1.2771	1	1.2771	1.0	True	0.27	2.12
1	178062370	C	T	RASAL2	5'Flank	36	4	40	0.1	2	1	1	0.7407	1	0.7407	0.7407	False	0.27	2.12
1	181765945	G	A	CACNA1E	Missense_Mutation	17	4	21	0.19047619047619047	2	1	1	1.4109	1	1.4109	1.0	True	0.27	2.12
1	182025992	G	A	ZNF648	Missense_Mutation	14	5	19	0.2631578947368421	2	1	1	1.9493	1	1.9493	1.0	True	0.27	2.12
1	182909500	T	A	SHCBP1L	Missense_Mutation	38	5	43	0.11627906976744186	2	1	1	0.8613	1	0.8613	0.8613	True	0.27	2.12
1	183261950	C	G	NMNAT2	Missense_Mutation	40	14	54	0.25925925925925924	2	1	1	1.9204	1	1.9204	1.0	True	0.27	2.12
1	184006822	T	A	COLGALT2	5'UTR	41	8	49	0.16326530612244897	2	1	1	1.2094	1	1.2094	1.0	True	0.27	2.12
1	185069848	C	T	RNF2	3'UTR	66	12	78	0.15384615384615385	2	1	1	1.1396	1	1.1396	1.0	True	0.27	2.12
1	185951461	C	A	HMCN1	Silent	67	12	79	0.1518987341772152	2	1	1	1.1252	1	1.1252	1.0	True	0.27	2.12
1	186159736	T	A	HMCN1	3'UTR	20	12	32	0.375	2	1	1	2.7778	1	2.7778	1.0	True	0.27	2.12
1	186276771	C	T	PRG4	Silent	42	18	60	0.3	2	1	1	2.2222	1	2.2222	1.0	True	0.27	2.12
1	186312523	C	A	TPR	Nonsense_Mutation	34	7	41	0.17073170731707318	2	1	1	1.2647	1	1.2647	1.0	True	0.27	2.12
1	197021828	T	C	F13B	Silent	36	5	41	0.12195121951219512	2	1	1	0.9033	1	0.9033	0.9033	True	0.27	2.12
1	197032137	A	G	F13B	Missense_Mutation	17	4	21	0.19047619047619047	2	1	1	1.4109	1	1.4109	1.0	True	0.27	2.12
1	197127564	A	G	ZBTB41	3'UTR	37	9	46	0.1956521739130435	2	1	1	1.4493	1	1.4493	1.0	True	0.27	2.12
1	198697519	T	C	PTPRC	Missense_Mutation	70	28	98	0.2857142857142857	2	1	1	2.1164	1	2.1164	1.0	True	0.27	2.12
1	200524515	G	A	KIF14	Missense_Mutation	61	22	83	0.26506024096385544	2	1	1	1.9634	1	1.9634	1.0	True	0.27	2.12
1	200829136	C	T	CAMSAP2	3'UTR	31	4	35	0.11428571428571428	2	1	1	0.8466	1	0.8466	0.8466	False	0.27	2.12
1	200942531	G	T	KIF21B	3'Flank	50	6	56	0.10714285714285714	2	1	1	0.7937	1	0.7937	0.7937	False	0.27	2.12
1	203134456	G	A	ADORA1	Missense_Mutation	50	20	70	0.2857142857142857	2	1	1	2.1164	1	2.1164	1.0	True	0.27	2.12
1	203137797	G	A	MYBPH	Missense_Mutation	125	21	146	0.14383561643835616	2	1	1	1.0654	1	1.0654	1.0	True	0.27	2.12
1	203141132	T	C	MYBPH	Missense_Mutation	55	5	60	0.08333333333333333	2	1	1	0.6173	1	0.6173	0.6173	False	0.27	2.12
1	203771566	G	A	ZC3H11A	5'UTR	30	13	43	0.3023255813953488	2	1	1	2.2394	1	2.2394	1.0	True	0.27	2.12
1	205211075	G	A	TMCC2	Missense_Mutation	9	9	18	0.5	2	1	1	3.7037	1	3.7037	1.0	True	0.27	2.12
1	207112680	G	A	PIGR	Nonsense_Mutation	25	16	41	0.3902439024390244	2	1	1	2.8907	1	2.8907	1.0	True	0.27	2.12
1	208062085	C	T	CD34	Missense_Mutation	37	6	43	0.13953488372093023	2	1	1	1.0336	1	1.0336	1.0	True	0.27	2.12
1	210016856	G	A	DIEXF	Silent	16	6	22	0.2727272727272727	2	1	1	2.0202	1	2.0202	1.0	True	0.27	2.12
1	216373117	C	A	USH2A	Missense_Mutation	29	6	35	0.17142857142857143	2	1	1	1.2698	1	1.2698	1.0	True	0.27	2.12
1	224574195	A	T	WDR26	3'UTR	37	7	44	0.1590909090909091	2	1	1	1.1785	1	1.1785	1.0	True	0.27	2.12
1	225267204	C	T	DNAH14	Missense_Mutation	47	10	57	0.17543859649122806	2	1	1	1.2995	1	1.2995	1.0	True	0.27	2.12
1	225685144	G	A	ENAH	3'UTR	22	5	27	0.18518518518518517	2	1	1	1.3717	1	1.3717	1.0	True	0.27	2.12
1	226040372	C	T	TMEM63A	Silent	37	4	41	0.0975609756097561	2	1	1	0.7227	1	0.7227	0.7227	False	0.27	2.12
1	227078994	C	T	PSEN2	Missense_Mutation	31	8	39	0.20512820512820512	2	1	1	1.5195	1	1.5195	1.0	True	0.27	2.12
1	228109316	A	G	WNT9A	Missense_Mutation	38	12	50	0.24	2	1	1	1.7778	1	1.7778	1.0	True	0.27	2.12
1	228465471	C	T	OBSCN	Silent	74	22	96	0.22916666666666666	2	1	1	1.6975	1	1.6975	1.0	True	0.27	2.12
1	232607232	C	T	SIPA1L2	Missense_Mutation	40	19	59	0.3220338983050847	2	1	1	2.3854	1	2.3854	1.0	True	0.27	2.12
1	236721822	C	T	HEATR1	Missense_Mutation	59	6	65	0.09230769230769231	2	1	1	0.6838	1	0.6838	0.6838	False	0.27	2.12
1	236972027	T	G	MTR	Silent	45	6	51	0.11764705882352941	2	1	1	0.8715	1	0.8715	0.8715	True	0.27	2.12
1	236972037	G	A	MTR	Missense_Mutation	42	6	48	0.125	2	1	1	0.9259	1	0.9259	0.9259	True	0.27	2.12
1	237058730	G	A	MTR	Missense_Mutation	14	4	18	0.2222222222222222	2	1	1	1.6461	1	1.6461	1.0	True	0.27	2.12
1	240256444	G	A	FMN2	Silent	11	4	15	0.26666666666666666	2	1	1	1.9753	1	1.9753	1.0	True	0.27	2.12
1	241920704	T	C	WDR64	Silent	63	10	73	0.136986301369863	2	1	1	1.0147	1	1.0147	1.0	True	0.27	2.12
1	243354507	G	T	CEP170	Missense_Mutation	60	11	71	0.15492957746478872	2	1	1	1.1476	1	1.1476	1.0	True	0.27	2.12
1	247002901	T	G	AHCTF1	3'UTR	22	4	26	0.15384615384615385	2	1	1	1.1396	1	1.1396	1.0	True	0.27	2.12
1	247163304	G	A	ZNF695	Missense_Mutation	55	15	70	0.21428571428571427	2	1	1	1.5873	1	1.5873	1.0	True	0.27	2.12
1	248263222	C	T	OR2L13	Missense_Mutation	21	5	26	0.19230769230769232	2	1	1	1.4245	1	1.4245	1.0	True	0.27	2.12
2	1312285	G	A	SNTG2	Missense_Mutation	38	5	43	0.11627906976744186	2	1	1	0.8613	1	0.8613	0.8613	True	0.27	2.12
2	1442587	G	T	TPO	Intron	47	11	58	0.1896551724137931	2	1	1	1.4049	1	1.4049	1.0	True	0.27	2.12
2	1652402	G	A	PXDN	Silent	14	3	17	0.17647058823529413	2	1	1	1.3072	1	1.3072	1.0	True	0.27	2.12
2	1677547	A	G	PXDN	Silent	26	11	37	0.2972972972972973	2	1	1	2.2022	1	2.2022	1.0	True	0.27	2.12
2	1680771	G	A	PXDN	Missense_Mutation	25	14	39	0.358974358974359	2	1	1	2.6591	1	2.6591	1.0	True	0.27	2.12
2	1893213	C	A	MYT1L	Missense_Mutation	20	12	32	0.375	2	1	1	2.7778	1	2.7778	1.0	True	0.27	2.12
2	5834279	A	G	SOX11	3'UTR	21	9	30	0.3	2	1	1	2.2222	1	2.2222	1.0	True	0.27	2.12
2	7179767	G	A	RNF144A	Missense_Mutation	66	7	73	0.0958904109589041	2	1	1	0.7103	1	0.7103	0.7103	False	0.27	2.12
2	10199034	G	A	CYS1	Silent	65	11	76	0.14473684210526316	2	1	1	1.0721	1	1.0721	1.0	True	0.27	2.12
2	11323100	G	A	ROCK2	3'UTR	33	14	47	0.2978723404255319	2	1	1	2.2065	1	2.2065	1.0	True	0.27	2.12
2	11960543	T	C	LPIN1	Missense_Mutation	36	13	49	0.2653061224489796	2	1	1	1.9652	1	1.9652	1.0	True	0.27	2.12
2	11964848	T	C	LPIN1	Silent	25	9	34	0.2647058823529412	2	1	1	1.9608	1	1.9608	1.0	True	0.27	2.12
2	15614272	C	T	NBAS	Silent	61	10	71	0.14084507042253522	2	1	1	1.0433	1	1.0433	1.0	True	0.27	2.12
2	25964831	C	T	ASXL2	3'UTR	55	9	64	0.140625	2	1	1	1.0417	1	1.0417	1.0	True	0.27	2.12
2	26405062	G	T	GAREML	Intron	9	4	13	0.3076923076923077	2	1	1	2.2792	1	2.2792	1.0	True	0.27	2.12
2	26700559	C	T	OTOF	Missense_Mutation	37	18	55	0.32727272727272727	2	1	1	2.4242	1	2.4242	1.0	True	0.27	2.12
2	26700658	G	A	OTOF	Intron	24	3	27	0.1111111111111111	2	1	1	0.823	1	0.823	0.823	False	0.27	2.12
2	26725267	T	C	OTOF	Missense_Mutation	26	15	41	0.36585365853658536	2	1	1	2.71	1	2.71	1.0	True	0.27	2.12
2	27455420	T	C	CAD	Missense_Mutation	34	5	39	0.1282051282051282	2	1	1	0.9497	1	0.9497	0.9497	True	0.27	2.12
2	27558466	T	C	GTF3C2	Silent	22	7	29	0.2413793103448276	2	1	1	1.788	1	1.788	1.0	True	0.27	2.12
2	27804744	C	T	C2orf16	Missense_Mutation	78	21	99	0.21212121212121213	2	1	1	1.5713	1	1.5713	1.0	True	0.27	2.12
2	28827531	C	T	PLB1	Missense_Mutation	28	6	34	0.17647058823529413	2	1	1	1.3072	1	1.3072	1.0	True	0.27	2.12
2	29240775	G	T	FAM179A	Missense_Mutation	24	5	29	0.1724137931034483	2	1	1	1.2771	1	1.2771	1.0	True	0.27	2.12
2	29445225	T	G	ALK	Missense_Mutation	30	9	39	0.23076923076923078	2	1	1	1.7094	1	1.7094	1.0	True	0.27	2.12
2	33745019	G	A	RASGRP3	Missense_Mutation	46	6	52	0.11538461538461539	2	1	1	0.8547	1	0.8547	0.8547	True	0.27	2.12
2	39089427	G	A	DHX57	Silent	34	8	42	0.19047619047619047	2	1	1	1.4109	1	1.4109	1.0	True	0.27	2.12
2	39164523	C	A	ARHGEF33	Missense_Mutation	19	5	24	0.20833333333333334	2	1	1	1.5432	1	1.5432	1.0	True	0.27	2.12
2	42280450	C	G	PKDCC	Silent	42	8	50	0.16	2	1	1	1.1852	1	1.1852	1.0	True	0.27	2.12
2	42511825	C	T	EML4	Silent	60	10	70	0.14285714285714285	2	1	1	1.0582	1	1.0582	1.0	True	0.27	2.12
2	42557031	C	T	EML4	Missense_Mutation	22	7	29	0.2413793103448276	2	1	1	1.788	1	1.788	1.0	True	0.27	2.12
2	42990002	C	T	OXER1	3'UTR	21	4	25	0.16	2	1	1	1.1852	1	1.1852	1.0	True	0.27	2.12
2	44101062	G	A	ABCG8	Missense_Mutation	30	7	37	0.1891891891891892	2	1	1	1.4014	1	1.4014	1.0	True	0.27	2.12
2	46608780	G	A	EPAS1	Silent	46	8	54	0.14814814814814814	2	1	1	1.0974	1	1.0974	1.0	True	0.27	2.12
2	48032796	G	A	MSH6	Missense_Mutation	121	26	147	0.17687074829931973	2	1	1	1.3102	1	1.3102	1.0	True	0.27	2.12
2	49190770	G	A	FSHR	Missense_Mutation	19	5	24	0.20833333333333334	2	1	1	1.5432	1	1.5432	1.0	True	0.27	2.12
2	55209688	C	T	RTN4	Missense_Mutation	41	8	49	0.16326530612244897	2	1	1	1.2094	1	1.2094	1.0	True	0.27	2.12
2	55476628	G	A	MTIF2	Missense_Mutation	58	18	76	0.23684210526315788	2	1	1	1.7544	1	1.7544	1.0	True	0.27	2.12
2	63631702	C	T	WDPCP	Missense_Mutation	31	6	37	0.16216216216216217	2	1	1	1.2012	1	1.2012	1.0	True	0.27	2.12
2	64323617	T	C	PELI1	Missense_Mutation	25	3	28	0.10714285714285714	2	1	1	0.7937	1	0.7937	0.7937	False	0.27	2.12
2	68882177	C	T	PROKR1	Silent	37	7	44	0.1590909090909091	2	1	1	1.1785	1	1.1785	1.0	True	0.27	2.12
2	70122235	G	A	SNRNP27	Missense_Mutation	29	7	36	0.19444444444444445	2	1	1	1.4403	1	1.4403	1.0	True	0.27	2.12
2	71304726	C	T	NAGK	Silent	48	7	55	0.12727272727272726	2	1	1	0.9428	1	0.9428	0.9428	True	0.27	2.12
2	71681137	G	A	DYSF	Silent	77	5	82	0.06097560975609756	2	1	1	0.4517	1	0.4517	0.4517	False	0.27	2.12
2	72358969	C	T	CYP26B1	3'UTR	19	16	35	0.45714285714285713	2	1	1	3.3862	1	3.3862	1.0	True	0.27	2.12
2	73143905	G	T	EMX1	5'Flank	22	9	31	0.2903225806451613	2	1	1	2.1505	1	2.1505	1.0	True	0.27	2.12
2	73481902	G	T	FBXO41	3'UTR	50	18	68	0.2647058823529412	2	1	1	1.9608	1	1.9608	1.0	True	0.27	2.12
2	73677340	C	T	ALMS1	Missense_Mutation	26	18	44	0.4090909090909091	2	1	1	3.0303	1	3.0303	1.0	True	0.27	2.12
2	74392409	A	G	MOB1A	Silent	28	14	42	0.3333333333333333	2	1	1	2.4691	1	2.4691	1.0	True	0.27	2.12
2	74757418	C	A	HTRA2	Silent	40	7	47	0.14893617021276595	2	1	1	1.1032	1	1.1032	1.0	True	0.27	2.12
2	75157506	G	A	AC104135.3	RNA	28	7	35	0.2	2	1	1	1.4815	1	1.4815	1.0	True	0.27	2.12
2	80529542	C	T	LRRTM1	Missense_Mutation	28	4	32	0.125	2	1	1	0.9259	1	0.9259	0.9259	True	0.27	2.12
2	86684136	G	A	KDM3A	Missense_Mutation	53	10	63	0.15873015873015872	2	1	1	1.1758	1	1.1758	1.0	True	0.27	2.12
2	88751468	T	C	FOXI3	RNA	117	15	132	0.11363636363636363	2	1	1	0.8418	1	0.8418	0.8418	False	0.27	2.12
2	88751645	C	T	FOXI3	RNA	37	4	41	0.0975609756097561	2	1	1	0.7227	1	0.7227	0.7227	False	0.27	2.12
2	96852544	T	C	STARD7	Missense_Mutation	43	10	53	0.18867924528301888	2	1	1	1.3976	1	1.3976	1.0	True	0.27	2.12
2	97504225	C	T	ANKRD23	3'UTR	10	4	14	0.2857142857142857	2	1	1	2.1164	1	2.1164	1.0	True	0.27	2.12
2	98543889	C	A	TMEM131	Missense_Mutation	42	6	48	0.125	2	1	1	0.9259	1	0.9259	0.9259	True	0.27	2.12
2	100209760	A	G	AFF3	Missense_Mutation	53	4	57	0.07017543859649122	2	1	1	0.5198	1	0.5198	0.5198	False	0.27	2.12
2	100623247	G	T	AFF3	Silent	34	8	42	0.19047619047619047	2	1	1	1.4109	1	1.4109	1.0	True	0.27	2.12
2	100720936	G	A	AFF3	5'UTR	13	5	18	0.2777777777777778	2	1	1	2.0576	1	2.0576	1.0	True	0.27	2.12
2	101667040	G	A	TBC1D8	Missense_Mutation	43	8	51	0.1568627450980392	2	1	1	1.1619	1	1.1619	1.0	True	0.27	2.12
2	102988513	T	A	IL18R1	Missense_Mutation	35	14	49	0.2857142857142857	2	1	1	2.1164	1	2.1164	1.0	True	0.27	2.12
2	105472906	A	G	POU3F3	Missense_Mutation	38	4	42	0.09523809523809523	2	1	1	0.7055	1	0.7055	0.7055	False	0.27	2.12
2	107040056	G	A	RGPD3	Missense_Mutation	37	9	46	0.1956521739130435	2	1	1	1.4493	1	1.4493	1.0	True	0.27	2.12
2	107423316	C	T	ST6GAL2	Missense_Mutation	11	5	16	0.3125	2	1	1	2.3148	1	2.3148	1.0	True	0.27	2.12
2	108626718	C	T	SLC5A7	Nonsense_Mutation	41	20	61	0.32786885245901637	2	1	1	2.4287	1	2.4287	1.0	True	0.27	2.12
2	108881297	T	A	SULT1C3	Missense_Mutation	33	9	42	0.21428571428571427	2	1	1	1.5873	1	1.5873	1.0	True	0.27	2.12
2	109400949	C	A	RANBP2	3'UTR	43	6	49	0.12244897959183673	2	1	1	0.907	1	0.907	0.907	True	0.27	2.12
2	113956432	C	A	PSD4	Missense_Mutation	11	3	14	0.21428571428571427	2	1	1	1.5873	1	1.5873	1.0	True	0.27	2.12
2	113956438	G	A	PSD4	Missense_Mutation	12	3	15	0.2	2	1	1	1.4815	1	1.4815	1.0	True	0.27	2.12
2	122486069	G	A	NIFK	Missense_Mutation	32	16	48	0.3333333333333333	2	1	1	2.4691	1	2.4691	1.0	True	0.27	2.12
2	125192203	G	A	CNTNAP5	Silent	20	4	24	0.16666666666666666	2	1	1	1.2346	1	1.2346	1.0	True	0.27	2.12
2	128396003	G	A	LIMS2	3'UTR	57	6	63	0.09523809523809523	2	1	1	0.7055	1	0.7055	0.7055	False	0.27	2.12
2	128620371	T	C	AMMECR1L	3'UTR	19	4	23	0.17391304347826086	2	1	1	1.2882	1	1.2882	1.0	True	0.27	2.12
2	133427592	C	T	LYPD1	5'UTR	17	6	23	0.2608695652173913	2	1	1	1.9324	1	1.9324	1.0	True	0.27	2.12
2	133429611	A	G	NCKAP5	3'UTR	65	11	76	0.14473684210526316	2	1	1	1.0721	1	1.0721	1.0	True	0.27	2.12
2	136103154	C	T	ZRANB3	Missense_Mutation	36	9	45	0.2	2	1	1	1.4815	1	1.4815	1.0	True	0.27	2.12
2	136396514	C	T	R3HDM1	Silent	12	4	16	0.25	2	1	1	1.8519	1	1.8519	1.0	True	0.27	2.12
2	141108458	T	C	LRP1B	Missense_Mutation	47	28	75	0.37333333333333335	2	1	1	2.7654	1	2.7654	1.0	True	0.27	2.12
2	141208184	T	C	LRP1B	Missense_Mutation	42	10	52	0.19230769230769232	2	1	1	1.4245	1	1.4245	1.0	True	0.27	2.12
2	151325286	C	A	RND3	3'UTR	16	8	24	0.3333333333333333	2	1	1	2.4691	1	2.4691	1.0	True	0.27	2.12
2	152363516	C	T	NEB	Silent	34	19	53	0.3584905660377358	2	1	1	2.6555	1	2.6555	1.0	True	0.27	2.12
2	155303149	C	T	GALNT13	Intron	27	14	41	0.34146341463414637	2	1	1	2.5294	1	2.5294	1.0	True	0.27	2.12
2	159517033	C	T	PKP4	Intron	37	6	43	0.13953488372093023	2	1	1	1.0336	1	1.0336	1.0	True	0.27	2.12
2	160885468	A	G	PLA2R1	Missense_Mutation	19	10	29	0.3448275862068966	2	1	1	2.5543	1	2.5543	1.0	True	0.27	2.12
2	165353548	C	T	GRB14	Missense_Mutation	24	12	36	0.3333333333333333	2	1	1	2.4691	1	2.4691	1.0	True	0.27	2.12
2	165944716	T	C	SCN3A	3'UTR	70	6	76	0.07894736842105263	2	1	1	0.5848	1	0.5848	0.5848	False	0.27	2.12
2	165948847	A	G	SCN3A	Missense_Mutation	66	7	73	0.0958904109589041	2	1	1	0.7103	1	0.7103	0.7103	False	0.27	2.12
2	165986559	C	T	SCN3A	Missense_Mutation	70	43	113	0.3805309734513274	2	1	1	2.8187	1	2.8187	1.0	True	0.27	2.12
2	166171983	G	A	SCN2A	Silent	29	7	36	0.19444444444444445	2	1	1	1.4403	1	1.4403	1.0	True	0.27	2.12
2	166351278	A	G	CSRNP3	5'UTR	35	9	44	0.20454545454545456	2	1	1	1.5152	1	1.5152	1.0	True	0.27	2.12
2	167055647	G	A	SCN9A	Silent	59	17	76	0.2236842105263158	2	1	1	1.6569	1	1.6569	1.0	True	0.27	2.12
2	167134703	C	T	SCN9A	Missense_Mutation	47	6	53	0.11320754716981132	2	1	1	0.8386	1	0.8386	0.8386	False	0.27	2.12
2	170115713	C	T	LRP2	Missense_Mutation	22	8	30	0.26666666666666666	2	1	1	1.9753	1	1.9753	1.0	True	0.27	2.12
2	170465183	G	A	PPIG	Missense_Mutation	34	4	38	0.10526315789473684	2	1	1	0.7797	1	0.7797	0.7797	False	0.27	2.12
2	171823114	G	A	GORASP2	3'UTR	24	13	37	0.35135135135135137	2	1	1	2.6026	1	2.6026	1.0	True	0.27	2.12
2	173885367	A	G	RAPGEF4	Missense_Mutation	36	15	51	0.29411764705882354	2	1	1	2.1786	1	2.1786	1.0	True	0.27	2.12
2	176996151	C	T	HOXD8	Silent	44	8	52	0.15384615384615385	2	1	1	1.1396	1	1.1396	1.0	True	0.27	2.12
2	179616234	T	C	TTN	Intron	39	6	45	0.13333333333333333	2	1	1	0.9877	1	0.9877	0.9877	True	0.27	2.12
2	191382316	G	A	TMEM194B	Missense_Mutation	42	6	48	0.125	2	1	1	0.9259	1	0.9259	0.9259	True	0.27	2.12
2	191873795	C	T	STAT1	Missense_Mutation	29	8	37	0.21621621621621623	2	1	1	1.6016	1	1.6016	1.0	True	0.27	2.12
2	193049181	C	T	TMEFF2	Missense_Mutation	30	4	34	0.11764705882352941	2	1	1	0.8715	1	0.8715	0.8715	True	0.27	2.12
2	197065048	A	T	HECW2	3'UTR	41	8	49	0.16326530612244897	2	1	1	1.2094	1	1.2094	1.0	True	0.27	2.12
2	197712754	G	A	PGAP1	Silent	34	5	39	0.1282051282051282	2	1	1	0.9497	1	0.9497	0.9497	True	0.27	2.12
2	200828573	C	T	C2orf47	3'UTR	21	10	31	0.3225806451612903	2	1	1	2.3895	1	2.3895	1.0	True	0.27	2.12
2	204309641	C	T	RAPH1	Missense_Mutation	37	19	56	0.3392857142857143	2	1	1	2.5132	1	2.5132	1.0	True	0.27	2.12
2	209184973	T	C	PIKFYVE	Intron	48	6	54	0.1111111111111111	2	1	1	0.823	1	0.823	0.823	False	0.27	2.12
2	210818993	A	C	UNC80	Silent	18	12	30	0.4	2	1	1	2.963	1	2.963	1.0	True	0.27	2.12
2	210885674	C	T	RPE	3'UTR	7	5	12	0.4166666666666667	2	1	1	3.0864	1	3.0864	1.0	True	0.27	2.12
2	213403245	C	T	ERBB4	Missense_Mutation	103	13	116	0.11206896551724138	2	1	1	0.8301	1	0.8301	0.8301	False	0.27	2.12
2	214160791	T	A	SPAG16	Missense_Mutation	67	12	79	0.1518987341772152	2	1	1	1.1252	1	1.1252	1.0	True	0.27	2.12
2	216256480	A	G	FN1	Missense_Mutation	46	10	56	0.17857142857142858	2	1	1	1.3228	1	1.3228	1.0	True	0.27	2.12
2	216300590	C	T	FN1	5'UTR	38	18	56	0.32142857142857145	2	1	1	2.381	1	2.381	1.0	True	0.27	2.12
2	216990677	G	A	XRCC5	Missense_Mutation	73	10	83	0.12048192771084337	2	1	1	0.8925	1	0.8925	0.8925	True	0.27	2.12
2	217142513	G	A	MARCH4	Silent	16	4	20	0.2	2	1	1	1.4815	1	1.4815	1.0	True	0.27	2.12
2	219923425	C	G	IHH	Intron	51	18	69	0.2608695652173913	2	1	1	1.9324	1	1.9324	1.0	True	0.27	2.12
2	220101209	G	T	ANKZF1	3'UTR	39	16	55	0.2909090909090909	2	1	1	2.1549	1	2.1549	1.0	True	0.27	2.12
2	220161986	T	C	PTPRN	Missense_Mutation	53	8	61	0.13114754098360656	2	1	1	0.9715	1	0.9715	0.9715	True	0.27	2.12
2	220349121	G	A	SPEG	Silent	39	6	45	0.13333333333333333	2	1	1	0.9877	1	0.9877	0.9877	True	0.27	2.12
2	222294769	C	T	EPHA4	Missense_Mutation	44	5	49	0.10204081632653061	2	1	1	0.7559	1	0.7559	0.7559	False	0.27	2.12
2	223507641	G	A	FARSB	Silent	54	16	70	0.22857142857142856	2	1	1	1.6931	1	1.6931	1.0	True	0.27	2.12
2	226446862	C	T	NYAP2	Silent	17	10	27	0.37037037037037035	2	1	1	2.7435	1	2.7435	1.0	True	0.27	2.12
2	227860175	C	T	RHBDD1	Silent	36	5	41	0.12195121951219512	2	1	1	0.9033	1	0.9033	0.9033	True	0.27	2.12
2	228128620	A	G	COL4A3	Silent	52	10	62	0.16129032258064516	2	1	1	1.1947	1	1.1947	1.0	True	0.27	2.12
2	230902154	G	A	SLC16A14	Missense_Mutation	26	6	32	0.1875	2	1	1	1.3889	1	1.3889	1.0	True	0.27	2.12
2	230910774	C	T	SLC16A14	Silent	23	4	27	0.14814814814814814	2	1	1	1.0974	1	1.0974	1.0	True	0.27	2.12
2	232790897	G	A	NPPC	Silent	13	8	21	0.38095238095238093	2	1	1	2.8219	1	2.8219	1.0	True	0.27	2.12
2	233349197	C	T	ECEL1	Missense_Mutation	29	10	39	0.2564102564102564	2	1	1	1.8993	1	1.8993	1.0	True	0.27	2.12
2	233735014	G	A	C2orf82	5'UTR	101	22	123	0.17886178861788618	2	1	1	1.3249	1	1.3249	1.0	True	0.27	2.12
2	234750242	G	A	HJURP	Missense_Mutation	30	6	36	0.16666666666666666	2	1	1	1.2346	1	1.2346	1.0	True	0.27	2.12
2	235950921	C	T	SH3BP4	Missense_Mutation	12	6	18	0.3333333333333333	2	1	1	2.4691	1	2.4691	1.0	True	0.27	2.12
2	238253585	G	A	COL6A3	Silent	13	8	21	0.38095238095238093	2	1	1	2.8219	1	2.8219	1.0	True	0.27	2.12
2	238991922	C	T	SCLY	Nonsense_Mutation	45	6	51	0.11764705882352941	2	1	1	0.8715	1	0.8715	0.8715	True	0.27	2.12
2	239054401	G	A	KLHL30	Missense_Mutation	45	25	70	0.35714285714285715	2	1	1	2.6455	1	2.6455	1.0	True	0.27	2.12
2	239059686	G	A	KLHL30	Missense_Mutation	39	12	51	0.23529411764705882	2	1	1	1.7429	1	1.7429	1.0	True	0.27	2.12
2	240923039	G	A	NDUFA10	Intron	21	7	28	0.25	2	1	1	1.8519	1	1.8519	1.0	True	0.27	2.12
2	241465733	G	A	ANKMY1	Silent	41	16	57	0.2807017543859649	2	1	1	2.0793	1	2.0793	1.0	True	0.27	2.12
2	241512531	C	A	RNPEPL1	5'UTR	66	18	84	0.21428571428571427	2	1	1	1.5873	1	1.5873	1.0	True	0.27	2.12
2	241817492	G	T	AGXT	Missense_Mutation	43	10	53	0.18867924528301888	2	1	1	1.3976	1	1.3976	1.0	True	0.27	2.12
2	242195709	G	A	HDLBP	Missense_Mutation	40	4	44	0.09090909090909091	2	1	1	0.6734	1	0.6734	0.6734	False	0.27	2.12
3	2613173	C	T	CNTN4	5'UTR	59	10	69	0.14492753623188406	2	1	1	1.0735	1	1.0735	1.0	True	0.27	2.12
3	4829647	G	A	ITPR1	Missense_Mutation	23	7	30	0.23333333333333334	2	1	1	1.7284	1	1.7284	1.0	True	0.27	2.12
3	8578939	G	A	LMCD1	Missense_Mutation	27	5	32	0.15625	2	1	1	1.1574	1	1.1574	1.0	True	0.27	2.12
3	9989596	G	A	PRRT3	Nonsense_Mutation	12	4	16	0.25	2	1	1	1.8519	1	1.8519	1.0	True	0.27	2.12
3	11468322	G	T	ATG7	Missense_Mutation	62	10	72	0.1388888888888889	2	1	1	1.0288	1	1.0288	1.0	True	0.27	2.12
3	11599883	C	T	VGLL4	3'Flank	41	9	50	0.18	2	1	1	1.3333	1	1.3333	1.0	True	0.27	2.12
3	13359206	C	T	NUP210	Nonsense_Mutation	42	6	48	0.125	2	1	1	0.9259	1	0.9259	0.9259	True	0.27	2.12
3	13417856	G	A	NUP210	Missense_Mutation	45	11	56	0.19642857142857142	2	1	1	1.455	1	1.455	1.0	True	0.27	2.12
3	13546120	T	C	HDAC11	Silent	41	5	46	0.10869565217391304	2	1	1	0.8052	1	0.8052	0.8052	False	0.27	2.12
3	14154262	A	C	CHCHD4	3'UTR	25	8	33	0.24242424242424243	2	1	1	1.7957	1	1.7957	1.0	True	0.27	2.12
3	17208335	T	C	TBC1D5	Missense_Mutation	61	4	65	0.06153846153846154	2	1	1	0.4558	1	0.4558	0.4558	False	0.27	2.12
3	19576133	A	G	KCNH8	3'UTR	59	9	68	0.1323529411764706	2	1	1	0.9804	1	0.9804	0.9804	True	0.27	2.12
3	27450945	G	T	SLC4A7	Missense_Mutation	41	5	46	0.10869565217391304	2	1	1	0.8052	1	0.8052	0.8052	False	0.27	2.12
3	32995849	G	A	CCR4	Missense_Mutation	26	7	33	0.21212121212121213	2	1	1	1.5713	1	1.5713	1.0	True	0.27	2.12
3	33161920	G	A	CRTAP	Missense_Mutation	59	12	71	0.16901408450704225	2	1	1	1.252	1	1.252	1.0	True	0.27	2.12
3	37368076	C	A	GOLGA4	Missense_Mutation	43	6	49	0.12244897959183673	2	1	1	0.907	1	0.907	0.907	True	0.27	2.12
3	37368806	T	C	GOLGA4	Missense_Mutation	26	8	34	0.23529411764705882	2	1	1	1.7429	1	1.7429	1.0	True	0.27	2.12
3	38182018	C	T	MYD88	Silent	45	17	62	0.27419354838709675	2	1	1	2.0311	1	2.0311	1.0	True	0.27	2.12
3	38591764	G	T	SCN5A	3'UTR	12	3	15	0.2	2	1	1	1.4815	1	1.4815	1.0	True	0.27	2.12
3	38591903	T	C	SCN5A	Missense_Mutation	42	6	48	0.125	2	1	1	0.9259	1	0.9259	0.9259	True	0.27	2.12
3	38622707	G	A	SCN5A	Silent	22	6	28	0.21428571428571427	2	1	1	1.5873	1	1.5873	1.0	True	0.27	2.12
3	39179044	C	T	TTC21A	Missense_Mutation	61	4	65	0.06153846153846154	2	1	1	0.4558	1	0.4558	0.4558	False	0.27	2.12
3	41275790	T	C	CTNNB1	Splice_Site	30	8	38	0.21052631578947367	2	1	1	1.5595	1	1.5595	1.0	True	0.27	2.12
3	42908758	C	T	ACKR2	3'UTR	25	12	37	0.32432432432432434	2	1	1	2.4024	1	2.4024	1.0	True	0.27	2.12
3	44283479	C	T	TOPAZ1	5'UTR	85	11	96	0.11458333333333333	2	1	1	0.8488	1	0.8488	0.8488	False	0.27	2.12
3	45637755	G	A	LIMD1	Missense_Mutation	28	15	43	0.3488372093023256	2	1	1	2.584	1	2.584	1.0	True	0.27	2.12
3	45718451	G	A	LIMD1	Missense_Mutation	12	7	19	0.3684210526315789	2	1	1	2.729	1	2.729	1.0	True	0.27	2.12
3	46417500	C	T	CCR5	3'UTR	62	10	72	0.1388888888888889	2	1	1	1.0288	1	1.0288	1.0	True	0.27	2.12
3	46875570	C	T	PRSS42	Missense_Mutation	20	10	30	0.3333333333333333	2	1	1	2.4691	1	2.4691	1.0	True	0.27	2.12
3	47040003	C	T	NBEAL2	Missense_Mutation	28	7	35	0.2	2	1	1	1.4815	1	1.4815	1.0	True	0.27	2.12
3	47460943	C	A	SCAP	Missense_Mutation	29	4	33	0.12121212121212122	2	1	1	0.8979	1	0.8979	0.8979	True	0.27	2.12
3	49736506	C	T	RNF123	Silent	29	8	37	0.21621621621621623	2	1	1	1.6016	1	1.6016	1.0	True	0.27	2.12
3	49739823	C	T	RNF123	Silent	19	4	23	0.17391304347826086	2	1	1	1.2882	1	1.2882	1.0	True	0.27	2.12
3	49763190	G	T	IP6K1	3'UTR	26	4	30	0.13333333333333333	2	1	1	0.9877	1	0.9877	0.9877	True	0.27	2.12
3	49898889	C	T	CAMKV	Missense_Mutation	30	5	35	0.14285714285714285	2	1	1	1.0582	1	1.0582	1.0	True	0.27	2.12
3	49935496	C	T	MST1R	Missense_Mutation	28	3	31	0.0967741935483871	2	1	1	0.7168	1	0.7168	0.7168	False	0.27	2.12
3	50324872	G	A	LSMEM2	3'UTR	46	11	57	0.19298245614035087	2	1	1	1.4295	1	1.4295	1.0	True	0.27	2.12
3	51452148	T	C	VPRBP	Missense_Mutation	30	9	39	0.23076923076923078	2	1	1	1.7094	1	1.7094	1.0	True	0.27	2.12
3	51680478	G	A	RAD54L2	Missense_Mutation	11	8	19	0.42105263157894735	2	1	1	3.1189	1	3.1189	1.0	True	0.27	2.12
3	51749122	C	T	GRM2	Missense_Mutation	41	5	46	0.10869565217391304	2	1	1	0.8052	1	0.8052	0.8052	False	0.27	2.12
3	52022810	C	T	ACY1	Missense_Mutation	26	4	30	0.13333333333333333	2	1	1	0.9877	1	0.9877	0.9877	True	0.27	2.12
3	52514214	C	T	NISCH	Silent	36	9	45	0.2	2	1	1	1.4815	1	1.4815	1.0	True	0.27	2.12
3	54958936	A	G	LRTM1	Missense_Mutation	20	3	23	0.13043478260869565	2	1	1	0.9662	1	0.9662	0.9662	True	0.27	2.12
3	58117681	G	A	FLNB	Missense_Mutation	32	6	38	0.15789473684210525	2	1	1	1.1696	1	1.1696	1.0	True	0.27	2.12
3	64526866	C	T	ADAMTS9	Missense_Mutation	45	5	50	0.1	2	1	1	0.7407	1	0.7407	0.7407	False	0.27	2.12
3	64582642	G	T	ADAMTS9	Missense_Mutation	31	6	37	0.16216216216216217	2	1	1	1.2012	1	1.2012	1.0	True	0.27	2.12
3	71005681	T	C	FOXP1	3'Flank	38	4	42	0.09523809523809523	2	1	1	0.7055	1	0.7055	0.7055	False	0.27	2.12
3	73440193	G	A	PDZRN3	Silent	46	15	61	0.2459016393442623	2	1	1	1.8215	1	1.8215	1.0	True	0.27	2.12
3	73673854	G	A	PDZRN3	Silent	26	5	31	0.16129032258064516	2	1	1	1.1947	1	1.1947	1.0	True	0.27	2.12
3	78647116	A	G	ROBO1	3'UTR	74	27	101	0.26732673267326734	2	1	1	1.9802	1	1.9802	1.0	True	0.27	2.12
3	78685185	A	C	ROBO1	Silent	67	17	84	0.20238095238095238	2	1	1	1.4991	1	1.4991	1.0	True	0.27	2.12
3	78685252	C	T	ROBO1	Missense_Mutation	36	13	49	0.2653061224489796	2	1	1	1.9652	1	1.9652	1.0	True	0.27	2.12
3	93768343	C	T	ARL13B	Missense_Mutation	34	14	48	0.2916666666666667	2	1	1	2.1605	1	2.1605	1.0	True	0.27	2.12
3	93780332	G	A	DHFRL1	Silent	52	10	62	0.16129032258064516	2	1	1	1.1947	1	1.1947	1.0	True	0.27	2.12
3	101312139	G	A	PCNP	3'UTR	36	12	48	0.25	2	1	1	1.8519	1	1.8519	1.0	True	0.27	2.12
3	101371366	T	A	ZBTB11	Missense_Mutation	46	12	58	0.20689655172413793	2	1	1	1.5326	1	1.5326	1.0	True	0.27	2.12
3	101540493	C	T	NXPE3	Missense_Mutation	32	10	42	0.23809523809523808	2	1	1	1.7637	1	1.7637	1.0	True	0.27	2.12
3	105377882	C	T	CBLB	Missense_Mutation	37	18	55	0.32727272727272727	2	1	1	2.4242	1	2.4242	1.0	True	0.27	2.12
3	108773580	C	T	MORC1	Missense_Mutation	37	8	45	0.17777777777777778	2	1	1	1.3169	1	1.3169	1.0	True	0.27	2.12
3	108812346	C	A	MORC1	Missense_Mutation	27	9	36	0.25	2	1	1	1.8519	1	1.8519	1.0	True	0.27	2.12
3	111764731	G	A	TMPRSS7	Missense_Mutation	96	32	128	0.25	2	1	1	1.8519	1	1.8519	1.0	True	0.27	2.12
3	113322843	C	T	SIDT1	Missense_Mutation	43	12	55	0.21818181818181817	2	1	1	1.6162	1	1.6162	1.0	True	0.27	2.12
3	114069876	C	T	ZBTB20	Missense_Mutation	30	20	50	0.4	2	1	1	2.963	1	2.963	1.0	True	0.27	2.12
3	115342449	G	A	GAP43	5'UTR	21	7	28	0.25	2	1	1	1.8519	1	1.8519	1.0	True	0.27	2.12
3	120050241	A	T	LRRC58	Missense_Mutation	22	4	26	0.15384615384615385	2	1	1	1.1396	1	1.1396	1.0	True	0.27	2.12
3	123419012	C	T	MYLK	Silent	26	6	32	0.1875	2	1	1	1.3889	1	1.3889	1.0	True	0.27	2.12
3	123453042	G	A	MYLK	Silent	12	3	15	0.2	2	1	1	1.4815	1	1.4815	1.0	True	0.27	2.12
3	124117635	C	T	KALRN	Nonsense_Mutation	41	7	48	0.14583333333333334	2	1	1	1.0802	1	1.0802	1.0	True	0.27	2.12
3	124952427	C	T	ZNF148	Silent	35	17	52	0.3269230769230769	2	1	1	2.4217	1	2.4217	1.0	True	0.27	2.12
3	126185160	C	T	ZXDC	Missense_Mutation	23	10	33	0.30303030303030304	2	1	1	2.2447	1	2.2447	1.0	True	0.27	2.12
3	126708216	G	A	PLXNA1	Silent	18	13	31	0.41935483870967744	2	1	1	3.1063	1	3.1063	1.0	True	0.27	2.12
3	127774388	C	T	SEC61A1	Silent	70	8	78	0.10256410256410256	2	1	1	0.7597	1	0.7597	0.7597	False	0.27	2.12
3	128348877	G	T	RPN1	Missense_Mutation	46	8	54	0.14814814814814814	2	1	1	1.0974	1	1.0974	1.0	True	0.27	2.12
3	128628943	C	T	ACAD9	Missense_Mutation	37	9	46	0.1956521739130435	2	1	1	1.4493	1	1.4493	1.0	True	0.27	2.12
3	128889077	G	T	CNBP	3'UTR	57	11	68	0.16176470588235295	2	1	1	1.1983	1	1.1983	1.0	True	0.27	2.12
3	133331322	C	T	TOPBP1	Missense_Mutation	14	5	19	0.2631578947368421	2	1	1	1.9493	1	1.9493	1.0	True	0.27	2.12
3	134670233	C	T	EPHB1	Silent	32	12	44	0.2727272727272727	2	1	1	2.0202	1	2.0202	1.0	True	0.27	2.12
3	134670376	G	A	EPHB1	Missense_Mutation	36	8	44	0.18181818181818182	2	1	1	1.3468	1	1.3468	1.0	True	0.27	2.12
3	137483819	C	T	SOX14	Missense_Mutation	61	7	68	0.10294117647058823	2	1	1	0.7625	1	0.7625	0.7625	False	0.27	2.12
3	141166171	C	A	ZBTB38	3'UTR	65	8	73	0.1095890410958904	2	1	1	0.8118	1	0.8118	0.8118	False	0.27	2.12
3	141697454	C	T	TFDP2	Missense_Mutation	51	7	58	0.1206896551724138	2	1	1	0.894	1	0.894	0.894	True	0.27	2.12
3	142025643	A	G	XRN1	3'UTR	42	16	58	0.27586206896551724	2	1	1	2.0434	1	2.0434	1.0	True	0.27	2.12
3	142168168	C	T	ATR	3'UTR	8	5	13	0.38461538461538464	2	1	1	2.849	1	2.849	1.0	True	0.27	2.12
3	142280140	G	A	ATR	Missense_Mutation	64	18	82	0.21951219512195122	2	1	1	1.626	1	1.626	1.0	True	0.27	2.12
3	142681484	C	T	PAQR9	Missense_Mutation	24	5	29	0.1724137931034483	2	1	1	1.2771	1	1.2771	1.0	True	0.27	2.12
3	143513850	C	T	SLC9A9	Missense_Mutation	38	11	49	0.22448979591836735	2	1	1	1.6629	1	1.6629	1.0	True	0.27	2.12
3	143709142	T	C	C3orf58	3'UTR	37	19	56	0.3392857142857143	2	1	1	2.5132	1	2.5132	1.0	True	0.27	2.12
3	147120535	C	T	ZIC4	Missense_Mutation	55	5	60	0.08333333333333333	2	1	1	0.6173	1	0.6173	0.6173	False	0.27	2.12
3	150301832	C	A	EIF2A	3'UTR	8	4	12	0.3333333333333333	2	1	1	2.4691	1	2.4691	1.0	True	0.27	2.12
3	151095801	T	A	MED12L	Missense_Mutation	31	5	36	0.1388888888888889	2	1	1	1.0288	1	1.0288	1.0	True	0.27	2.12
3	153840548	C	T	ARHGEF26	Missense_Mutation	58	20	78	0.2564102564102564	2	1	1	1.8993	1	1.8993	1.0	True	0.27	2.12
3	153935686	G	A	ARHGEF26	Missense_Mutation	93	15	108	0.1388888888888889	2	1	1	1.0288	1	1.0288	1.0	True	0.27	2.12
3	155655421	T	C	GMPS	Silent	37	4	41	0.0975609756097561	2	1	1	0.7227	1	0.7227	0.7227	False	0.27	2.12
3	157261261	T	G	C3orf55	5'UTR	26	4	30	0.13333333333333333	2	1	1	0.9877	1	0.9877	0.9877	True	0.27	2.12
3	160219829	C	T	KPNA4	3'UTR	26	16	42	0.38095238095238093	2	1	1	2.8219	1	2.8219	1.0	True	0.27	2.12
3	167437900	A	T	PDCD10	Missense_Mutation	41	15	56	0.26785714285714285	2	1	1	1.9841	1	1.9841	1.0	True	0.27	2.12
3	169381319	C	T	MECOM	5'Flank	17	8	25	0.32	2	1	1	2.3704	1	2.3704	1.0	True	0.27	2.12
3	176743311	A	C	TBL1XR1	Missense_Mutation	36	5	41	0.12195121951219512	2	1	1	0.9033	1	0.9033	0.9033	True	0.27	2.12
3	179519743	G	A	PEX5L	Missense_Mutation	44	5	49	0.10204081632653061	2	1	1	0.7559	1	0.7559	0.7559	False	0.27	2.12
3	180334382	T	G	CCDC39	Missense_Mutation	49	5	54	0.09259259259259259	2	1	1	0.6859	1	0.6859	0.6859	False	0.27	2.12
3	180694861	T	C	FXR1	3'UTR	25	6	31	0.1935483870967742	2	1	1	1.4337	1	1.4337	1.0	True	0.27	2.12
3	182804530	T	C	MCCC1	Missense_Mutation	70	5	75	0.06666666666666667	2	1	1	0.4938	1	0.4938	0.4938	False	0.27	2.12
3	183245687	C	T	KLHL6	Silent	31	15	46	0.32608695652173914	2	1	1	2.4155	1	2.4155	1.0	True	0.27	2.12
3	183454555	A	G	YEATS2	Missense_Mutation	46	6	52	0.11538461538461539	2	1	1	0.8547	1	0.8547	0.8547	True	0.27	2.12
3	184075198	A	C	CLCN2	Missense_Mutation	46	9	55	0.16363636363636364	2	1	1	1.2121	1	1.2121	1.0	True	0.27	2.12
3	184675241	T	C	VPS8	Missense_Mutation	41	5	46	0.10869565217391304	2	1	1	0.8052	1	0.8052	0.8052	False	0.27	2.12
3	184870595	G	A	C3orf70	Missense_Mutation	21	7	28	0.25	2	1	1	1.8519	1	1.8519	1.0	True	0.27	2.12
3	185184613	G	A	MAP3K13	Splice_Site	30	7	37	0.1891891891891892	2	1	1	1.4014	1	1.4014	1.0	True	0.27	2.12
3	185970893	C	T	DGKG	Missense_Mutation	38	9	47	0.19148936170212766	2	1	1	1.4184	1	1.4184	1.0	True	0.27	2.12
3	185993359	C	T	DGKG	Missense_Mutation	34	6	40	0.15	2	1	1	1.1111	1	1.1111	1.0	True	0.27	2.12
3	186838923	G	A	RPL39L	3'UTR	24	6	30	0.2	2	1	1	1.4815	1	1.4815	1.0	True	0.27	2.12
3	194174452	A	T	ATP13A3	Missense_Mutation	32	13	45	0.28888888888888886	2	1	1	2.1399	1	2.1399	1.0	True	0.27	2.12
3	194877218	C	T	XXYLT1	Missense_Mutation	40	5	45	0.1111111111111111	2	1	1	0.823	1	0.823	0.823	False	0.27	2.12
3	195509046	G	A	MUC4	Silent	108	21	129	0.16279069767441862	2	1	1	1.2059	1	1.2059	1.0	True	0.27	2.12
3	195605917	C	A	TNK2	Intron	42	5	47	0.10638297872340426	2	1	1	0.788	1	0.788	0.788	False	0.27	2.12
3	195974305	C	T	PCYT1A	Missense_Mutation	40	10	50	0.2	2	1	1	1.4815	1	1.4815	1.0	True	0.27	2.12
3	196386809	G	A	NRROS	Missense_Mutation	54	5	59	0.0847457627118644	2	1	1	0.6277	1	0.6277	0.6277	False	0.27	2.12
3	196386875	T	C	NRROS	Missense_Mutation	39	15	54	0.2777777777777778	2	1	1	2.0576	1	2.0576	1.0	True	0.27	2.12
3	196737650	C	T	MFI2	Missense_Mutation	115	19	134	0.1417910447761194	2	1	1	1.0503	1	1.0503	1.0	True	0.27	2.12
3	197687103	C	A	LMLN	Missense_Mutation	19	4	23	0.17391304347826086	2	1	1	1.2882	1	1.2882	1.0	True	0.27	2.12
4	419621	C	T	ABCA11P	RNA	59	9	68	0.1323529411764706	2	1	1	0.9804	1	0.9804	0.9804	True	0.27	2.12
4	985263	G	A	SLC26A1	Silent	28	5	33	0.15151515151515152	2	1	1	1.1223	1	1.1223	1.0	True	0.27	2.12
4	1719363	G	T	TMEM129	Silent	22	5	27	0.18518518518518517	2	1	1	1.3717	1	1.3717	1.0	True	0.27	2.12
4	1809112	G	C	FGFR3	3'UTR	20	15	35	0.42857142857142855	2	1	1	3.1746	1	3.1746	1.0	True	0.27	2.12
4	1984589	C	A	NELFA	3'UTR	29	5	34	0.14705882352941177	2	1	1	1.0893	1	1.0893	1.0	True	0.27	2.12
4	2066735	C	T	NAT8L	3'UTR	51	4	55	0.07272727272727272	2	1	1	0.5387	1	0.5387	0.5387	False	0.27	2.12
4	2306375	G	A	ZFYVE28	Silent	23	9	32	0.28125	2	1	1	2.0833	1	2.0833	1.0	True	0.27	2.12
4	3344181	C	G	RGS12	Intron	36	5	41	0.12195121951219512	2	1	1	0.9033	1	0.9033	0.9033	True	0.27	2.12
4	5809991	C	T	EVC	Silent	18	7	25	0.28	2	1	1	2.0741	1	2.0741	1.0	True	0.27	2.12
4	6883590	T	G	KIAA0232	3'UTR	59	9	68	0.1323529411764706	2	1	1	0.9804	1	0.9804	0.9804	True	0.27	2.12
4	7056451	G	A	TADA2B	Silent	17	5	22	0.22727272727272727	2	1	1	1.6835	1	1.6835	1.0	True	0.27	2.12
4	7725564	G	T	SORCS2	Missense_Mutation	23	11	34	0.3235294117647059	2	1	1	2.3965	1	2.3965	1.0	True	0.27	2.12
4	7776485	C	T	AFAP1	Silent	59	5	64	0.078125	2	1	1	0.5787	1	0.5787	0.5787	False	0.27	2.12
4	8480090	T	C	TRMT44	3'Flank	20	6	26	0.23076923076923078	2	1	1	1.7094	1	1.7094	1.0	True	0.27	2.12
4	9785349	G	C	DRD5	3'UTR	25	12	37	0.32432432432432434	2	1	1	2.4024	1	2.4024	1.0	True	0.27	2.12
4	9785421	G	T	DRD5	3'UTR	68	13	81	0.16049382716049382	2	1	1	1.1888	1	1.1888	1.0	True	0.27	2.12
4	9922179	C	T	SLC2A9	Missense_Mutation	13	5	18	0.2777777777777778	2	1	1	2.0576	1	2.0576	1.0	True	0.27	2.12
4	10446803	G	A	ZNF518B	Missense_Mutation	40	13	53	0.24528301886792453	2	1	1	1.8169	1	1.8169	1.0	True	0.27	2.12
4	13601800	G	A	BOD1L1	Nonsense_Mutation	42	8	50	0.16	2	1	1	1.1852	1	1.1852	1.0	True	0.27	2.12
4	18023330	A	G	LCORL	Silent	8	5	13	0.38461538461538464	2	1	1	2.849	1	2.849	1.0	True	0.27	2.12
4	20255565	G	A	SLIT2	Missense_Mutation	45	10	55	0.18181818181818182	2	1	1	1.3468	1	1.3468	1.0	True	0.27	2.12
4	23797449	C	T	PPARGC1A	Missense_Mutation	29	9	38	0.23684210526315788	2	1	1	1.7544	1	1.7544	1.0	True	0.27	2.12
4	25335610	G	T	ZCCHC4	Missense_Mutation	44	14	58	0.2413793103448276	2	1	1	1.788	1	1.788	1.0	True	0.27	2.12
4	26490891	C	T	CCKAR	Missense_Mutation	20	6	26	0.23076923076923078	2	1	1	1.7094	1	1.7094	1.0	True	0.27	2.12
4	36345167	C	A	DTHD1	Silent	31	5	36	0.1388888888888889	2	1	1	1.0288	1	1.0288	1.0	True	0.27	2.12
4	37592205	A	G	C4orf19	Silent	22	5	27	0.18518518518518517	2	1	1	1.3717	1	1.3717	1.0	True	0.27	2.12
4	38020002	A	G	TBC1D1	Missense_Mutation	43	7	50	0.14	2	1	1	1.037	1	1.037	1.0	True	0.27	2.12
4	40045118	C	T	RP11-333E13.4	RNA	36	11	47	0.23404255319148937	2	1	1	1.7336	1	1.7336	1.0	True	0.27	2.12
4	44449818	G	A	KCTD8	Silent	14	4	18	0.2222222222222222	2	1	1	1.6461	1	1.6461	1.0	True	0.27	2.12
4	44450294	C	T	KCTD8	Missense_Mutation	9	6	15	0.4	2	1	1	2.963	1	2.963	1.0	True	0.27	2.12
4	46314639	A	G	GABRA2	Missense_Mutation	49	25	74	0.33783783783783783	2	1	1	2.5025	1	2.5025	1.0	True	0.27	2.12
4	46967130	A	G	GABRA4	Missense_Mutation	42	7	49	0.14285714285714285	2	1	1	1.0582	1	1.0582	1.0	True	0.27	2.12
4	48851983	C	T	OCIAD1	Silent	48	19	67	0.2835820895522388	2	1	1	2.1006	1	2.1006	1.0	True	0.27	2.12
4	49063827	A	T	CWH43	Splice_Site	52	32	84	0.38095238095238093	2	1	1	2.8219	1	2.8219	1.0	True	0.27	2.12
4	53462508	A	G	USP46	3'UTR	19	4	23	0.17391304347826086	2	1	1	1.2882	1	1.2882	1.0	True	0.27	2.12
4	54966885	C	T	GSX2	Missense_Mutation	21	7	28	0.25	2	1	1	1.8519	1	1.8519	1.0	True	0.27	2.12
4	57181235	C	T	KIAA1211	Missense_Mutation	26	20	46	0.43478260869565216	2	1	1	3.2206	1	3.2206	1.0	True	0.27	2.12
4	57877007	T	C	POLR2B	Missense_Mutation	35	10	45	0.2222222222222222	2	1	1	1.6461	1	1.6461	1.0	True	0.27	2.12
4	62067038	C	T	LPHN3	5'Flank	12	3	15	0.2	2	1	1	1.4815	1	1.4815	1.0	True	0.27	2.12
4	65155449	A	G	TECRL	Silent	35	9	44	0.20454545454545456	2	1	1	1.5152	1	1.5152	1.0	True	0.27	2.12
4	65275089	G	A	TECRL	5'UTR	43	7	50	0.14	2	1	1	1.037	1	1.037	1.0	True	0.27	2.12
4	68780360	T	C	TMPRSS11A	Missense_Mutation	42	15	57	0.2631578947368421	2	1	1	1.9493	1	1.9493	1.0	True	0.27	2.12
4	73957694	G	A	ANKRD17	Missense_Mutation	54	5	59	0.0847457627118644	2	1	1	0.6277	1	0.6277	0.6277	False	0.27	2.12
4	74862440	G	A	CXCL5	3'UTR	50	11	61	0.18032786885245902	2	1	1	1.3358	1	1.3358	1.0	True	0.27	2.12
4	76407852	G	A	RCHY1	Nonsense_Mutation	27	13	40	0.325	2	1	1	2.4074	1	2.4074	1.0	True	0.27	2.12
4	76555329	G	T	CDKL2	5'UTR	27	6	33	0.18181818181818182	2	1	1	1.3468	1	1.3468	1.0	True	0.27	2.12
4	82061765	A	G	PRKG2	Missense_Mutation	22	4	26	0.15384615384615385	2	1	1	1.1396	1	1.1396	1.0	True	0.27	2.12
4	83582061	G	T	SCD5	Intron	39	18	57	0.3157894736842105	2	1	1	2.3392	1	2.3392	1.0	True	0.27	2.12
4	83847492	A	G	LIN54	3'UTR	51	11	62	0.1774193548387097	2	1	1	1.3142	1	1.3142	1.0	True	0.27	2.12
4	84374915	T	C	HELQ	Missense_Mutation	74	10	84	0.11904761904761904	2	1	1	0.8818	1	0.8818	0.8818	True	0.27	2.12
4	90034766	G	A	TIGD2	Missense_Mutation	25	4	29	0.13793103448275862	2	1	1	1.0217	1	1.0217	1.0	True	0.27	2.12
4	99363154	G	A	RAP1GDS1	Silent	37	8	45	0.17777777777777778	2	1	1	1.3169	1	1.3169	1.0	True	0.27	2.12
4	99850471	A	T	EIF4E	5'Flank	23	10	33	0.30303030303030304	2	1	1	2.2447	1	2.2447	1.0	True	0.27	2.12
4	100268202	C	T	ADH1C	Missense_Mutation	68	16	84	0.19047619047619047	2	1	1	1.4109	1	1.4109	1.0	True	0.27	2.12
4	100543977	C	T	MTTP	Missense_Mutation	32	13	45	0.28888888888888886	2	1	1	2.1399	1	2.1399	1.0	True	0.27	2.12
4	106164884	C	T	TET2	Missense_Mutation	25	10	35	0.2857142857142857	2	1	1	2.1164	1	2.1164	1.0	True	0.27	2.12
4	106196910	A	G	TET2	Missense_Mutation	15	4	19	0.21052631578947367	2	1	1	1.5595	1	1.5595	1.0	True	0.27	2.12
4	111397885	C	T	ENPEP	Silent	22	5	27	0.18518518518518517	2	1	1	1.3717	1	1.3717	1.0	True	0.27	2.12
4	111543527	G	T	PITX2	Silent	78	7	85	0.08235294117647059	2	1	1	0.61	1	0.61	0.61	False	0.27	2.12
4	113540483	C	T	C4orf21	Missense_Mutation	27	14	41	0.34146341463414637	2	1	1	2.5294	1	2.5294	1.0	True	0.27	2.12
4	114294594	G	A	ANK2	Missense_Mutation	36	11	47	0.23404255319148937	2	1	1	1.7336	1	1.7336	1.0	True	0.27	2.12
4	119626837	T	C	METTL14	Silent	41	5	46	0.10869565217391304	2	1	1	0.8052	1	0.8052	0.8052	False	0.27	2.12
4	119810127	C	A	SYNPO2	5'UTR	14	8	22	0.36363636363636365	2	1	1	2.6936	1	2.6936	1.0	True	0.27	2.12
4	120107300	T	C	MYOZ2	Missense_Mutation	31	6	37	0.16216216216216217	2	1	1	1.2012	1	1.2012	1.0	True	0.27	2.12
4	120528330	C	T	PDE5A	Missense_Mutation	54	5	59	0.0847457627118644	2	1	1	0.6277	1	0.6277	0.6277	False	0.27	2.12
4	122854046	C	T	TRPC3	Missense_Mutation	39	10	49	0.20408163265306123	2	1	1	1.5117	1	1.5117	1.0	True	0.27	2.12
4	122854153	C	T	TRPC3	Missense_Mutation	29	4	33	0.12121212121212122	2	1	1	0.8979	1	0.8979	0.8979	True	0.27	2.12
4	123178534	C	A	KIAA1109	Missense_Mutation	46	8	54	0.14814814814814814	2	1	1	1.0974	1	1.0974	1.0	True	0.27	2.12
4	134071446	C	T	PCDH10	Missense_Mutation	34	8	42	0.19047619047619047	2	1	1	1.4109	1	1.4109	1.0	True	0.27	2.12
4	134112145	C	T	PCDH10	3'UTR	35	7	42	0.16666666666666666	2	1	1	1.2346	1	1.2346	1.0	True	0.27	2.12
4	135248589	C	T	RP11-400D2.2	RNA	22	4	26	0.15384615384615385	2	1	1	1.1396	1	1.1396	1.0	True	0.27	2.12
4	141317358	C	A	CLGN	Missense_Mutation	64	9	73	0.1232876712328767	2	1	1	0.9132	1	0.9132	0.9132	True	0.27	2.12
4	143067033	C	A	INPP4B	Missense_Mutation	70	10	80	0.125	2	1	1	0.9259	1	0.9259	0.9259	True	0.27	2.12
4	146029243	C	T	ABCE1	Missense_Mutation	45	25	70	0.35714285714285715	2	1	1	2.6455	1	2.6455	1.0	True	0.27	2.12
4	154257285	T	C	TRIM2	3'UTR	41	7	48	0.14583333333333334	2	1	1	1.0802	1	1.0802	1.0	True	0.27	2.12
4	155412142	G	A	DCHS2	Silent	18	3	21	0.14285714285714285	2	1	1	1.0582	1	1.0582	1.0	True	0.27	2.12
4	159814724	G	A	C4orf45	3'UTR	45	10	55	0.18181818181818182	2	1	1	1.3468	1	1.3468	1.0	True	0.27	2.12
4	160225603	G	A	RAPGEF2	Missense_Mutation	60	6	66	0.09090909090909091	2	1	1	0.6734	1	0.6734	0.6734	False	0.27	2.12
4	160274855	G	A	RAPGEF2	Silent	13	7	20	0.35	2	1	1	2.5926	1	2.5926	1.0	True	0.27	2.12
4	162463686	T	C	FSTL5	Missense_Mutation	56	13	69	0.18840579710144928	2	1	1	1.3956	1	1.3956	1.0	True	0.27	2.12
4	164449249	A	T	MARCH1	3'UTR	53	5	58	0.08620689655172414	2	1	1	0.6386	1	0.6386	0.6386	False	0.27	2.12
4	169167687	T	C	DDX60	Missense_Mutation	40	6	46	0.13043478260869565	2	1	1	0.9662	1	0.9662	0.9662	True	0.27	2.12
4	169611845	G	A	PALLD	Missense_Mutation	55	9	64	0.140625	2	1	1	1.0417	1	1.0417	1.0	True	0.27	2.12
4	169812208	G	T	PALLD	Silent	27	3	30	0.1	2	1	1	0.7407	1	0.7407	0.7407	False	0.27	2.12
4	170669950	C	A	C4orf27	Missense_Mutation	52	21	73	0.2876712328767123	2	1	1	2.1309	1	2.1309	1.0	True	0.27	2.12
4	176554951	T	C	GPM6A	3'UTR	49	5	54	0.09259259259259259	2	1	1	0.6859	1	0.6859	0.6859	False	0.27	2.12
4	178355571	A	G	AGA	Silent	44	14	58	0.2413793103448276	2	1	1	1.788	1	1.788	1.0	True	0.27	2.12
4	183714347	C	T	TENM3	Silent	18	7	25	0.28	2	1	1	2.0741	1	2.0741	1.0	True	0.27	2.12
4	184203860	G	T	WWC2	Splice_Site	33	4	37	0.10810810810810811	2	1	1	0.8008	1	0.8008	0.8008	False	0.27	2.12
4	184605469	G	T	TRAPPC11	Nonsense_Mutation	36	5	41	0.12195121951219512	2	1	1	0.9033	1	0.9033	0.9033	True	0.27	2.12
4	184931827	G	A	STOX2	Silent	33	13	46	0.2826086956521739	2	1	1	2.0934	1	2.0934	1.0	True	0.27	2.12
4	186545131	G	A	SORBS2	Silent	26	5	31	0.16129032258064516	2	1	1	1.1947	1	1.1947	1.0	True	0.27	2.12
5	1878502	C	T	IRX4	Missense_Mutation	19	5	24	0.20833333333333334	2	1	1	1.5432	1	1.5432	1.0	True	0.27	2.12
5	5486837	G	A	KIAA0947	Missense_Mutation	56	20	76	0.2631578947368421	2	1	1	1.9493	1	1.9493	1.0	True	0.27	2.12
5	9042866	G	A	SEMA5A	3'UTR	54	13	67	0.19402985074626866	2	1	1	1.4373	1	1.4373	1.0	True	0.27	2.12
5	10402530	G	A	MARCH6	Missense_Mutation	54	7	61	0.11475409836065574	2	1	1	0.85	1	0.85	0.85	True	0.27	2.12
5	14368970	G	A	TRIO	Missense_Mutation	42	7	49	0.14285714285714285	4	3	1	1.3439	1	1.3439	1.0	True	0.27	2.12
5	26880965	A	G	CDH9	3'UTR	46	13	59	0.22033898305084745	2	1	1	1.6321	1	1.6321	1.0	True	0.27	2.12
5	31983543	C	T	PDZD2	Silent	44	11	55	0.2	2	1	1	1.4815	1	1.4815	1.0	True	0.27	2.12
5	33448779	A	G	TARS	Missense_Mutation	17	6	23	0.2608695652173913	2	1	1	1.9324	1	1.9324	1.0	True	0.27	2.12
5	35779244	C	T	SPEF2	Missense_Mutation	29	18	47	0.3829787234042553	2	1	1	2.8369	1	2.8369	1.0	True	0.27	2.12
5	37224365	G	T	C5orf42	Silent	45	10	55	0.18181818181818182	2	1	1	1.3468	1	1.3468	1.0	True	0.27	2.12
5	38418270	G	T	EGFLAM	Missense_Mutation	90	17	107	0.1588785046728972	2	1	1	1.1769	1	1.1769	1.0	True	0.27	2.12
5	38464038	G	A	EGFLAM	Missense_Mutation	30	7	37	0.1891891891891892	2	1	1	1.4014	1	1.4014	1.0	True	0.27	2.12
5	38938201	A	G	RICTOR	3'UTR	47	14	61	0.22950819672131148	2	1	1	1.7001	1	1.7001	1.0	True	0.27	2.12
5	39153687	C	T	FYB	Silent	80	13	93	0.13978494623655913	2	1	1	1.0354	1	1.0354	1.0	True	0.27	2.12
5	39364641	G	T	C9	5'UTR	43	7	50	0.14	2	1	1	1.037	1	1.037	1.0	True	0.27	2.12
5	52097435	G	A	PELO	Missense_Mutation	38	10	48	0.20833333333333334	2	1	1	1.5432	1	1.5432	1.0	True	0.27	2.12
5	54274524	G	A	ESM1	3'UTR	41	11	52	0.21153846153846154	2	1	1	1.567	1	1.567	1.0	True	0.27	2.12
5	55008154	G	A	SLC38A9	5'UTR	53	9	62	0.14516129032258066	2	1	1	1.0753	1	1.0753	1.0	True	0.27	2.12
5	56177702	A	G	MAP3K1	Missense_Mutation	21	6	27	0.2222222222222222	2	1	1	1.6461	1	1.6461	1.0	True	0.27	2.12
5	65475195	C	T	SREK1	3'UTR	51	19	70	0.2714285714285714	2	1	1	2.0106	1	2.0106	1.0	True	0.27	2.12
5	66445362	G	A	MAST4	Silent	25	4	29	0.13793103448275862	2	1	1	1.0217	1	1.0217	1.0	True	0.27	2.12
5	75967685	G	A	IQGAP2	Missense_Mutation	34	12	46	0.2608695652173913	2	1	1	1.9324	1	1.9324	1.0	True	0.27	2.12
5	76934382	C	T	OTP	5'UTR	82	24	106	0.22641509433962265	2	1	1	1.6771	1	1.6771	1.0	True	0.27	2.12
5	78426942	T	C	BHMT	3'UTR	13	5	18	0.2777777777777778	2	1	1	2.0576	1	2.0576	1.0	True	0.27	2.12
5	78532529	A	G	JMY	Missense_Mutation	61	11	72	0.1527777777777778	2	1	1	1.1317	1	1.1317	1.0	True	0.27	2.12
5	79855769	G	A	ANKRD34B	Missense_Mutation	22	12	34	0.35294117647058826	2	1	1	2.6144	1	2.6144	1.0	True	0.27	2.12
5	86669996	T	C	RASA1	Missense_Mutation	34	5	39	0.1282051282051282	2	1	1	0.9497	1	0.9497	0.9497	True	0.27	2.12
5	86675607	T	C	RASA1	Missense_Mutation	29	5	34	0.14705882352941177	2	1	1	1.0893	1	1.0893	1.0	True	0.27	2.12
5	89939702	C	T	GPR98	Missense_Mutation	34	13	47	0.2765957446808511	2	1	1	2.0489	1	2.0489	1.0	True	0.27	2.12
5	90119242	G	A	GPR98	Silent	39	12	51	0.23529411764705882	2	1	1	1.7429	1	1.7429	1.0	True	0.27	2.12
5	94859450	C	T	TTC37	Missense_Mutation	57	25	82	0.3048780487804878	2	1	1	2.2584	1	2.2584	1.0	True	0.27	2.12
5	95129228	T	A	RHOBTB3	3'UTR	27	5	32	0.15625	2	1	1	1.1574	1	1.1574	1.0	True	0.27	2.12
5	98194002	G	A	CHD1	Missense_Mutation	50	15	65	0.23076923076923078	2	1	1	1.7094	1	1.7094	1.0	True	0.27	2.12
5	98210788	C	T	CHD1	Missense_Mutation	42	21	63	0.3333333333333333	2	1	1	2.4691	1	2.4691	1.0	True	0.27	2.12
5	102611913	C	T	C5orf30	Missense_Mutation	19	6	25	0.24	2	1	1	1.7778	1	1.7778	1.0	True	0.27	2.12
5	112478960	G	A	MCC	Missense_Mutation	27	5	32	0.15625	2	1	1	1.1574	1	1.1574	1.0	True	0.27	2.12
5	112889315	T	G	YTHDC2	Nonsense_Mutation	45	4	49	0.08163265306122448	2	1	1	0.6047	1	0.6047	0.6047	False	0.27	2.12
5	114607065	G	A	CCDC112	Missense_Mutation	29	13	42	0.30952380952380953	2	1	1	2.2928	1	2.2928	1.0	True	0.27	2.12
5	115152083	G	A	CDO1	Silent	21	3	24	0.125	2	1	1	0.9259	1	0.9259	0.9259	True	0.27	2.12
5	115831945	A	G	SEMA6A	Splice_Site	54	7	61	0.11475409836065574	2	1	1	0.85	1	0.85	0.85	True	0.27	2.12
5	122950261	T	C	CSNK1G3	3'UTR	23	3	26	0.11538461538461539	2	1	1	0.8547	1	0.8547	0.8547	True	0.27	2.12
5	127873181	C	T	FBN2	Missense_Mutation	18	3	21	0.14285714285714285	2	1	1	1.0582	1	1.0582	1.0	True	0.27	2.12
5	131321105	G	A	ACSL6	Missense_Mutation	31	10	41	0.24390243902439024	2	1	1	1.8067	1	1.8067	1.0	True	0.27	2.12
5	132151715	A	G	SOWAHA	3'UTR	24	5	29	0.1724137931034483	2	1	1	1.2771	1	1.2771	1.0	True	0.27	2.12
5	133726776	G	T	UBE2B	3'UTR	30	3	33	0.09090909090909091	2	1	1	0.6734	1	0.6734	0.6734	False	0.27	2.12
5	133916116	C	T	JADE2	3'UTR	26	13	39	0.3333333333333333	2	1	1	2.4691	1	2.4691	1.0	True	0.27	2.12
5	134050782	C	T	SEC24A	Silent	52	8	60	0.13333333333333333	2	1	1	0.9877	1	0.9877	0.9877	True	0.27	2.12
5	134347238	G	A	CATSPER3	Silent	33	6	39	0.15384615384615385	2	1	1	1.1396	1	1.1396	1.0	True	0.27	2.12
5	134782253	A	T	C5orf20	Missense_Mutation	41	5	46	0.10869565217391304	2	1	1	0.8052	1	0.8052	0.8052	False	0.27	2.12
5	134870770	G	A	NEUROG1	Missense_Mutation	81	10	91	0.10989010989010989	2	1	1	0.814	1	0.814	0.814	False	0.27	2.12
5	134871227	C	T	NEUROG1	Missense_Mutation	15	3	18	0.16666666666666666	2	1	1	1.2346	1	1.2346	1.0	True	0.27	2.12
5	137495862	G	A	BRD8	Nonsense_Mutation	39	5	44	0.11363636363636363	2	1	1	0.8418	1	0.8418	0.8418	False	0.27	2.12
5	137673882	C	T	FAM53C	5'UTR	49	10	59	0.1694915254237288	2	1	1	1.2555	1	1.2555	1.0	True	0.27	2.12
5	138266343	G	A	CTNNA1	Missense_Mutation	7	5	12	0.4166666666666667	2	1	1	3.0864	1	3.0864	1.0	True	0.27	2.12
5	138728473	C	A	PROB1	Missense_Mutation	26	11	37	0.2972972972972973	2	1	1	2.2022	1	2.2022	1.0	True	0.27	2.12
5	139060907	G	A	CXXC5	Missense_Mutation	34	7	41	0.17073170731707318	2	1	1	1.2647	1	1.2647	1.0	True	0.27	2.12
5	140175608	G	A	PCDHA2	Silent	41	22	63	0.3492063492063492	2	1	1	2.5867	1	2.5867	1.0	True	0.27	2.12
5	140209126	G	A	PCDHA6	Missense_Mutation	138	19	157	0.12101910828025478	2	1	1	0.8964	1	0.8964	0.8964	True	0.27	2.12
5	140215581	G	A	PCDHA7	Missense_Mutation	104	44	148	0.2972972972972973	2	1	1	2.2022	1	2.2022	1.0	True	0.27	2.12
5	140229589	G	A	PCDHA9	Silent	143	22	165	0.13333333333333333	2	1	1	0.9877	1	0.9877	0.9877	True	0.27	2.12
5	140242596	C	T	AC005609.1	Missense_Mutation	36	15	51	0.29411764705882354	2	1	1	2.1786	1	2.1786	1.0	True	0.27	2.12
5	140256353	G	A	PCDHA12	Silent	76	27	103	0.2621359223300971	2	1	1	1.9417	1	1.9417	1.0	True	0.27	2.12
5	140256977	G	A	PCDHA12	Silent	74	36	110	0.32727272727272727	2	1	1	2.4242	1	2.4242	1.0	True	0.27	2.12
5	140347009	G	A	PCDHAC2	Missense_Mutation	22	5	27	0.18518518518518517	2	1	1	1.3717	1	1.3717	1.0	True	0.27	2.12
5	140537224	G	A	PCDHB17	Missense_Mutation	195	22	217	0.10138248847926268	2	1	1	0.751	1	0.751	0.751	False	0.27	2.12
5	140537455	G	A	PCDHB17	3'UTR	28	17	45	0.37777777777777777	2	1	1	2.7984	1	2.7984	1.0	True	0.27	2.12
5	140554465	G	A	PCDHB7	Silent	362	18	380	0.04736842105263158	2	1	1	0.3509	1	0.3509	0.3509	False	0.27	2.12
5	140559488	G	A	PCDHB8	Missense_Mutation	151	16	167	0.09580838323353294	2	1	1	0.7097	1	0.7097	0.7097	False	0.27	2.12
5	140579984	T	A	PCDHB11	Missense_Mutation	28	7	35	0.2	2	1	1	1.4815	1	1.4815	1.0	True	0.27	2.12
5	140579998	T	C	PCDHB11	Silent	25	6	31	0.1935483870967742	2	1	1	1.4337	1	1.4337	1.0	True	0.27	2.12
5	140580070	A	G	PCDHB11	Silent	40	8	48	0.16666666666666666	2	1	1	1.2346	1	1.2346	1.0	True	0.27	2.12
5	140595476	G	A	PCDHB13	Missense_Mutation	112	12	124	0.0967741935483871	2	1	1	0.7168	1	0.7168	0.7168	False	0.27	2.12
5	140603942	C	T	PCDHB14	Missense_Mutation	46	15	61	0.2459016393442623	2	1	1	1.8215	1	1.8215	1.0	True	0.27	2.12
5	140604226	C	T	PCDHB14	Silent	46	8	54	0.14814814814814814	2	1	1	1.0974	1	1.0974	1.0	True	0.27	2.12
5	140626524	G	A	PCDHB15	Missense_Mutation	156	39	195	0.2	2	1	1	1.4815	1	1.4815	1.0	True	0.27	2.12
5	140724854	T	A	PCDHGA3	Nonsense_Mutation	25	7	32	0.21875	2	1	1	1.6204	1	1.6204	1.0	True	0.27	2.12
5	140725964	C	T	PCDHGA3	Silent	72	22	94	0.23404255319148937	2	1	1	1.7336	1	1.7336	1.0	True	0.27	2.12
5	140731905	C	T	PCDHGB1	Missense_Mutation	25	10	35	0.2857142857142857	2	1	1	2.1164	1	2.1164	1.0	True	0.27	2.12
5	140735562	A	G	PCDHGA4	Silent	18	8	26	0.3076923076923077	2	1	1	2.2792	1	2.2792	1.0	True	0.27	2.12
5	140751606	C	T	PCDHGB3	Missense_Mutation	77	26	103	0.2524271844660194	2	1	1	1.8698	1	1.8698	1.0	True	0.27	2.12
5	140855581	T	A	PCDHGC3	5'UTR	35	8	43	0.18604651162790697	2	1	1	1.3781	1	1.3781	1.0	True	0.27	2.12
5	140856435	C	T	PCDHGC3	Missense_Mutation	33	6	39	0.15384615384615385	2	1	1	1.1396	1	1.1396	1.0	True	0.27	2.12
5	140870295	T	A	PCDHGC5	Missense_Mutation	30	8	38	0.21052631578947367	2	1	1	1.5595	1	1.5595	1.0	True	0.27	2.12
5	140894714	C	T	DIAPH1	3'UTR	20	11	31	0.3548387096774194	2	1	1	2.6284	1	2.6284	1.0	True	0.27	2.12
5	141005623	C	T	HDAC3	Silent	25	5	30	0.16666666666666666	2	1	1	1.2346	1	1.2346	1.0	True	0.27	2.12
5	141028581	G	A	FCHSD1	Silent	39	7	46	0.15217391304347827	2	1	1	1.1272	1	1.1272	1.0	True	0.27	2.12
5	145719506	C	T	POU4F3	Silent	28	4	32	0.125	2	1	1	0.9259	1	0.9259	0.9259	True	0.27	2.12
5	147023707	G	A	JAKMIP2	Missense_Mutation	52	11	63	0.1746031746031746	2	1	1	1.2934	1	1.2934	1.0	True	0.27	2.12
5	147649640	C	A	SPINK13	Missense_Mutation	49	9	58	0.15517241379310345	2	1	1	1.1494	1	1.1494	1.0	True	0.27	2.12
5	148427444	T	C	SH3TC2	Missense_Mutation	19	4	23	0.17391304347826086	2	1	1	1.2882	1	1.2882	1.0	True	0.27	2.12
5	148712387	C	T	AFAP1L1	Missense_Mutation	31	8	39	0.20512820512820512	2	1	1	1.5195	1	1.5195	1.0	True	0.27	2.12
5	148754055	G	A	IL17B	Silent	22	8	30	0.26666666666666666	2	1	1	1.9753	1	1.9753	1.0	True	0.27	2.12
5	148875718	T	C	CSNK1A1	3'Flank	31	4	35	0.11428571428571428	2	1	1	0.8466	1	0.8466	0.8466	False	0.27	2.12
5	149624735	C	T	CAMK2A	Missense_Mutation	40	16	56	0.2857142857142857	2	1	1	2.1164	1	2.1164	1.0	True	0.27	2.12
5	150028878	C	T	SYNPO	Silent	32	11	43	0.2558139534883721	2	1	1	1.8949	1	1.8949	1.0	True	0.27	2.12
5	150407813	G	T	GPX3	3'UTR	20	4	24	0.16666666666666666	2	1	1	1.2346	1	1.2346	1.0	True	0.27	2.12
5	150885626	T	C	FAT2	Missense_Mutation	49	7	56	0.125	2	1	1	0.9259	1	0.9259	0.9259	True	0.27	2.12
5	150923671	A	G	FAT2	Silent	35	6	41	0.14634146341463414	2	1	1	1.084	1	1.084	1.0	True	0.27	2.12
5	153796475	G	A	GALNT10	Silent	62	4	66	0.06060606060606061	2	1	1	0.4489	1	0.4489	0.4489	False	0.27	2.12
5	157236721	G	T	CLINT1	Missense_Mutation	55	7	62	0.11290322580645161	2	1	1	0.8363	1	0.8363	0.8363	False	0.27	2.12
5	158204526	G	A	EBF1	Missense_Mutation	27	16	43	0.37209302325581395	2	1	1	2.7562	1	2.7562	1.0	True	0.27	2.12
5	160717933	C	T	GABRB2	3'UTR	34	7	41	0.17073170731707318	2	1	1	1.2647	1	1.2647	1.0	True	0.27	2.12
5	167957293	G	A	FBLL1	Missense_Mutation	26	8	34	0.23529411764705882	2	1	1	1.7429	1	1.7429	1.0	True	0.27	2.12
5	169484630	C	T	DOCK2	Missense_Mutation	36	7	43	0.16279069767441862	2	1	1	1.2059	1	1.2059	1.0	True	0.27	2.12
5	169533184	T	C	FOXI1	Missense_Mutation	39	4	43	0.09302325581395349	2	1	1	0.6891	1	0.6891	0.6891	False	0.27	2.12
5	169697818	G	T	LCP2	Missense_Mutation	62	12	74	0.16216216216216217	2	1	1	1.2012	1	1.2012	1.0	True	0.27	2.12
5	170736463	G	T	TLX3	Missense_Mutation	11	4	15	0.26666666666666666	2	1	1	1.9753	1	1.9753	1.0	True	0.27	2.12
5	171295620	C	T	FBXW11	3'UTR	26	16	42	0.38095238095238093	2	1	1	2.8219	1	2.8219	1.0	True	0.27	2.12
5	173383454	A	C	CPEB4	3'UTR	18	8	26	0.3076923076923077	2	1	1	2.2792	1	2.2792	1.0	True	0.27	2.12
5	174869161	G	A	DRD1	Silent	13	9	22	0.4090909090909091	2	1	1	3.0303	1	3.0303	1.0	True	0.27	2.12
5	175306035	C	T	CPLX2	Silent	22	10	32	0.3125	2	1	1	2.3148	1	2.3148	1.0	True	0.27	2.12
5	175308160	G	T	CPLX2	3'UTR	40	12	52	0.23076923076923078	2	1	1	1.7094	1	1.7094	1.0	True	0.27	2.12
5	175795902	C	T	ARL10	Missense_Mutation	83	18	101	0.1782178217821782	2	1	1	1.3201	1	1.3201	1.0	True	0.27	2.12
5	175959157	G	A	RNF44	Missense_Mutation	17	7	24	0.2916666666666667	2	1	1	2.1605	1	2.1605	1.0	True	0.27	2.12
5	176918059	G	A	PDLIM7	Nonsense_Mutation	40	10	50	0.2	2	1	1	1.4815	1	1.4815	1.0	True	0.27	2.12
5	177099156	C	T	RP11-1277A3.2	5'Flank	9	4	13	0.3076923076923077	2	1	1	2.2792	1	2.2792	1.0	True	0.27	2.12
5	178580515	G	T	ADAMTS2	Missense_Mutation	76	19	95	0.2	2	1	1	1.4815	1	1.4815	1.0	True	0.27	2.12
5	179071902	G	A	C5orf60	Silent	97	10	107	0.09345794392523364	2	1	1	0.6923	1	0.6923	0.6923	False	0.27	2.12
5	179203166	C	T	MAML1	3'UTR	35	7	42	0.16666666666666666	2	1	1	1.2346	1	1.2346	1.0	True	0.27	2.12
5	179225976	G	A	MGAT4B	Missense_Mutation	26	10	36	0.2777777777777778	2	1	1	2.0576	1	2.0576	1.0	True	0.27	2.12
5	179264366	C	T	SQSTM1	3'UTR	36	15	51	0.29411764705882354	2	1	1	2.1786	1	2.1786	1.0	True	0.27	2.12
5	180035242	A	G	FLT4	Intron	11	7	18	0.3888888888888889	2	1	1	2.8807	1	2.8807	1.0	True	0.27	2.12
5	180038335	C	T	FLT4	Missense_Mutation	57	7	64	0.109375	2	1	1	0.8102	1	0.8102	0.8102	False	0.27	2.12
5	180050970	C	T	FLT4	Missense_Mutation	74	11	85	0.12941176470588237	2	1	1	0.9586	1	0.9586	0.9586	True	0.27	2.12
5	180630477	C	T	TRIM7	Intron	18	5	23	0.21739130434782608	2	1	1	1.6103	1	1.6103	1.0	True	0.27	2.12
5	180652113	T	C	TRIM41	Intron	37	13	50	0.26	2	1	1	1.9259	1	1.9259	1.0	True	0.27	2.12
6	401645	G	A	IRF4	Missense_Mutation	35	4	39	0.10256410256410256	2	1	1	0.7597	1	0.7597	0.7597	False	0.27	2.12
6	7398932	T	A	RIOK1	Missense_Mutation	57	7	64	0.109375	2	1	1	0.8102	1	0.8102	0.8102	False	0.27	2.12
6	7574376	C	A	DSP	Missense_Mutation	26	14	40	0.35	2	1	1	2.5926	1	2.5926	1.0	True	0.27	2.12
6	10412496	G	A	TFAP2A	Intron	51	5	56	0.08928571428571429	2	1	1	0.6614	1	0.6614	0.6614	False	0.27	2.12
6	10557097	C	T	GCNT2	Intron	26	6	32	0.1875	2	1	1	1.3889	1	1.3889	1.0	True	0.27	2.12
6	11191156	C	T	NEDD9	Missense_Mutation	31	3	34	0.08823529411764706	2	1	1	0.6536	1	0.6536	0.6536	False	0.27	2.12
6	11538571	C	A	TMEM170B	Missense_Mutation	114	15	129	0.11627906976744186	2	1	1	0.8613	1	0.8613	0.8613	True	0.27	2.12
6	11778984	C	A	ADTRP	Missense_Mutation	26	13	39	0.3333333333333333	2	1	1	2.4691	1	2.4691	1.0	True	0.27	2.12
6	13185122	A	C	PHACTR1	Missense_Mutation	48	6	54	0.1111111111111111	2	1	1	0.823	1	0.823	0.823	False	0.27	2.12
6	15513159	G	A	JARID2	Missense_Mutation	43	9	52	0.17307692307692307	2	1	1	1.2821	1	1.2821	1.0	True	0.27	2.12
6	18223467	T	C	KDM1B	3'UTR	47	5	52	0.09615384615384616	2	1	1	0.7123	1	0.7123	0.7123	False	0.27	2.12
6	28268581	G	A	PGBD1	Missense_Mutation	19	9	28	0.32142857142857145	2	1	1	2.381	1	2.381	1.0	True	0.27	2.12
6	29942912	C	T	HCG9	RNA	21	9	30	0.3	2	1	1	2.2222	1	2.2222	1.0	True	0.27	2.12
6	30128469	G	A	TRIM10	Missense_Mutation	33	16	49	0.32653061224489793	2	1	1	2.4187	1	2.4187	1.0	True	0.27	2.12
6	30917619	C	T	DPCR1	Missense_Mutation	64	10	74	0.13513513513513514	2	1	1	1.001	1	1.001	1.0	True	0.27	2.12
6	31084700	G	T	CDSN	Missense_Mutation	46	7	53	0.1320754716981132	2	1	1	0.9783	1	0.9783	0.9783	True	0.27	2.12
6	31132949	G	A	POU5F1	Nonsense_Mutation	39	9	48	0.1875	2	1	1	1.3889	1	1.3889	1.0	True	0.27	2.12
6	31239045	A	G	HLA-C	Missense_Mutation	41	9	50	0.18	2	1	1	1.3333	1	1.3333	1.0	True	0.27	2.12
6	31239628	A	G	HLA-C	Missense_Mutation	78	12	90	0.13333333333333333	2	1	1	0.9877	1	0.9877	0.9877	True	0.27	2.12
6	31515510	C	A	NFKBIL1	Silent	123	17	140	0.12142857142857143	2	1	1	0.8995	1	0.8995	0.8995	True	0.27	2.12
6	31743902	G	A	VWA7	Missense_Mutation	41	10	51	0.19607843137254902	2	1	1	1.4524	1	1.4524	1.0	True	0.27	2.12
6	31749717	G	A	VARS	Missense_Mutation	37	4	41	0.0975609756097561	2	1	1	0.7227	1	0.7227	0.7227	False	0.27	2.12
6	32010327	C	T	TNXB	Missense_Mutation	43	15	58	0.25862068965517243	2	1	1	1.9157	1	1.9157	1.0	True	0.27	2.12
6	33263886	G	A	RGL2	Silent	33	15	48	0.3125	2	1	1	2.3148	1	2.3148	1.0	True	0.27	2.12
6	33272310	C	T	TAPBP	Missense_Mutation	65	10	75	0.13333333333333333	2	1	1	0.9877	1	0.9877	0.9877	True	0.27	2.12
6	33374231	C	T	KIFC1	Silent	41	14	55	0.2545454545454545	2	1	1	1.8855	1	1.8855	1.0	True	0.27	2.12
6	33651920	T	C	ITPR3	Missense_Mutation	42	4	46	0.08695652173913043	2	1	1	0.6441	1	0.6441	0.6441	False	0.27	2.12
6	34059793	C	T	GRM4	Silent	26	9	35	0.2571428571428571	2	1	1	1.9048	1	1.9048	1.0	True	0.27	2.12
6	34831896	A	G	UHRF1BP1	Silent	46	10	56	0.17857142857142858	2	1	1	1.3228	1	1.3228	1.0	True	0.27	2.12
6	35205687	G	A	SCUBE3	Missense_Mutation	60	9	69	0.13043478260869565	2	1	1	0.9662	1	0.9662	0.9662	True	0.27	2.12
6	35213121	C	T	SCUBE3	Missense_Mutation	50	28	78	0.358974358974359	2	1	1	2.6591	1	2.6591	1.0	True	0.27	2.12
6	35259168	C	T	ZNF76	Missense_Mutation	17	9	26	0.34615384615384615	2	1	1	2.5641	1	2.5641	1.0	True	0.27	2.12
6	35287364	C	T	DEF6	Missense_Mutation	55	11	66	0.16666666666666666	2	1	1	1.2346	1	1.2346	1.0	True	0.27	2.12
6	35754851	C	T	CLPSL1	Missense_Mutation	115	12	127	0.09448818897637795	2	1	1	0.6999	1	0.6999	0.6999	False	0.27	2.12
6	38652183	G	A	GLO1	Missense_Mutation	36	17	53	0.32075471698113206	2	1	1	2.376	1	2.376	1.0	True	0.27	2.12
6	43221342	C	T	TTBK1	Nonsense_Mutation	34	6	40	0.15	2	1	1	1.1111	1	1.1111	1.0	True	0.27	2.12
6	43250473	C	T	TTBK1	Silent	18	9	27	0.3333333333333333	2	1	1	2.4691	1	2.4691	1.0	True	0.27	2.12
6	43251751	G	A	TTBK1	Silent	8	6	14	0.42857142857142855	2	1	1	3.1746	1	3.1746	1.0	True	0.27	2.12
6	43419705	C	T	DLK2	Missense_Mutation	20	16	36	0.4444444444444444	2	1	1	3.2922	1	3.2922	1.0	True	0.27	2.12
6	43538375	T	G	XPO5	Missense_Mutation	42	13	55	0.23636363636363636	2	1	1	1.7508	1	1.7508	1.0	True	0.27	2.12
6	44279178	T	G	AARS2	Missense_Mutation	55	12	67	0.1791044776119403	2	1	1	1.3267	1	1.3267	1.0	True	0.27	2.12
6	46657580	G	A	TDRD6	Missense_Mutation	63	17	80	0.2125	2	1	1	1.5741	1	1.5741	1.0	True	0.27	2.12
6	50016318	T	C	DEFB112	Missense_Mutation	76	8	84	0.09523809523809523	2	1	1	0.7055	1	0.7055	0.7055	False	0.27	2.12
6	52658946	G	A	GSTA1	Missense_Mutation	63	11	74	0.14864864864864866	2	1	1	1.1011	1	1.1011	1.0	True	0.27	2.12
6	55145211	T	C	HCRTR2	Silent	62	11	73	0.1506849315068493	2	1	1	1.1162	1	1.1162	1.0	True	0.27	2.12
6	64394560	A	T	PHF3	Missense_Mutation	30	4	34	0.11764705882352941	2	1	1	0.8715	1	0.8715	0.8715	True	0.27	2.12
6	64430615	A	G	EYS	Silent	39	17	56	0.30357142857142855	2	1	1	2.2487	1	2.2487	1.0	True	0.27	2.12
6	65336092	C	T	EYS	Missense_Mutation	35	6	41	0.14634146341463414	2	1	1	1.084	1	1.084	1.0	True	0.27	2.12
6	70992786	G	A	COL9A1	Intron	12	5	17	0.29411764705882354	2	1	1	2.1786	1	2.1786	1.0	True	0.27	2.12
6	72596814	G	A	RIMS1	Missense_Mutation	105	14	119	0.11764705882352941	2	1	1	0.8715	1	0.8715	0.8715	True	0.27	2.12
6	72892166	C	T	RIMS1	Missense_Mutation	41	5	46	0.10869565217391304	2	1	1	0.8052	1	0.8052	0.8052	False	0.27	2.12
6	76018573	C	T	FILIP1	Missense_Mutation	53	13	66	0.19696969696969696	2	1	1	1.459	1	1.459	1.0	True	0.27	2.12
6	79912054	T	C	HMGN3	Missense_Mutation	35	5	40	0.125	2	1	1	0.9259	1	0.9259	0.9259	True	0.27	2.12
6	82935221	C	A	IBTK	Silent	56	13	69	0.18840579710144928	2	1	1	1.3956	1	1.3956	1.0	True	0.27	2.12
6	83074669	G	A	TPBG	5'UTR	8	5	13	0.38461538461538464	2	1	1	2.849	1	2.849	1.0	True	0.27	2.12
6	88411208	C	A	AKIRIN2	Missense_Mutation	9	5	14	0.35714285714285715	2	1	1	2.6455	1	2.6455	1.0	True	0.27	2.12
6	90121614	G	A	RRAGD	Silent	12	6	18	0.3333333333333333	2	1	1	2.4691	1	2.4691	1.0	True	0.27	2.12
6	93964433	A	G	EPHA7	Missense_Mutation	42	3	45	0.06666666666666667	2	1	1	0.4938	1	0.4938	0.4938	False	0.27	2.12
6	97676826	T	A	MMS22L	Silent	38	7	45	0.15555555555555556	2	1	1	1.1523	1	1.1523	1.0	True	0.27	2.12
6	100062377	G	A	PRDM13	Silent	35	12	47	0.2553191489361702	2	1	1	1.8913	1	1.8913	1.0	True	0.27	2.12
6	105526529	G	T	LIN28B	Missense_Mutation	30	11	41	0.2682926829268293	2	1	1	1.9874	1	1.9874	1.0	True	0.27	2.12
6	108478898	A	G	OSTM1-AS1	RNA	85	8	93	0.08602150537634409	2	1	1	0.6372	1	0.6372	0.6372	False	0.27	2.12
6	108882886	A	C	FOXO3	Missense_Mutation	37	14	51	0.27450980392156865	2	1	1	2.0334	1	2.0334	1.0	True	0.27	2.12
6	109767434	G	T	MICAL1	Missense_Mutation	119	39	158	0.2468354430379747	2	1	1	1.8284	1	1.8284	1.0	True	0.27	2.12
6	110426610	C	T	WASF1	Missense_Mutation	27	7	34	0.20588235294117646	2	1	1	1.5251	1	1.5251	1.0	True	0.27	2.12
6	111587126	C	T	KIAA1919	Missense_Mutation	19	8	27	0.2962962962962963	2	1	1	2.1948	1	2.1948	1.0	True	0.27	2.12
6	117253235	C	T	RFX6	3'UTR	36	13	49	0.2653061224489796	2	1	1	1.9652	1	1.9652	1.0	True	0.27	2.12
6	118637736	C	T	SLC35F1	3'UTR	17	9	26	0.34615384615384615	2	1	1	2.5641	1	2.5641	1.0	True	0.27	2.12
6	121563364	A	G	TBC1D32	Missense_Mutation	34	8	42	0.19047619047619047	2	1	1	1.4109	1	1.4109	1.0	True	0.27	2.12
6	126070818	G	A	HEY2	5'UTR	12	3	15	0.2	2	1	1	1.4815	1	1.4815	1.0	True	0.27	2.12
6	127609124	G	A	RNF146	3'UTR	54	25	79	0.31645569620253167	2	1	1	2.3441	1	2.3441	1.0	True	0.27	2.12
6	134308784	G	A	TBPL1	3'UTR	18	5	23	0.21739130434782608	2	1	1	1.6103	1	1.6103	1.0	True	0.27	2.12
6	134327992	C	T	SLC2A12	Missense_Mutation	42	9	51	0.17647058823529413	2	1	1	1.3072	1	1.3072	1.0	True	0.27	2.12
6	136513673	C	T	PDE7B	3'UTR	17	5	22	0.22727272727272727	2	1	1	1.6835	1	1.6835	1.0	True	0.27	2.12
6	137814989	G	A	OLIG3	Missense_Mutation	24	8	32	0.25	2	1	1	1.8519	1	1.8519	1.0	True	0.27	2.12
6	139094843	G	T	CCDC28A	Missense_Mutation	127	17	144	0.11805555555555555	2	1	1	0.8745	1	0.8745	0.8745	True	0.27	2.12
6	144806531	C	A	UTRN	Missense_Mutation	53	12	65	0.18461538461538463	2	1	1	1.3675	1	1.3675	1.0	True	0.27	2.12
6	145149930	G	A	UTRN	Missense_Mutation	45	4	49	0.08163265306122448	2	1	1	0.6047	1	0.6047	0.6047	False	0.27	2.12
6	146720324	C	A	GRM1	Missense_Mutation	23	16	39	0.41025641025641024	2	1	1	3.0389	1	3.0389	1.0	True	0.27	2.12
6	148711274	G	A	SASH1	Missense_Mutation	46	7	53	0.1320754716981132	2	1	1	0.9783	1	0.9783	0.9783	True	0.27	2.12
6	150141774	G	A	LRP11	Nonsense_Mutation	26	6	32	0.1875	2	1	1	1.3889	1	1.3889	1.0	True	0.27	2.12
6	152826487	G	A	SYNE1	Silent	16	11	27	0.4074074074074074	2	1	1	3.0178	1	3.0178	1.0	True	0.27	2.12
6	154411172	T	C	OPRM1	Missense_Mutation	56	6	62	0.0967741935483871	2	1	1	0.7168	1	0.7168	0.7168	False	0.27	2.12
6	157527517	G	A	ARID1B	Missense_Mutation	22	7	29	0.2413793103448276	2	1	1	1.788	1	1.788	1.0	True	0.27	2.12
6	159653589	G	A	FNDC1	Missense_Mutation	26	3	29	0.10344827586206896	2	1	1	0.7663	1	0.7663	0.7663	False	0.27	2.12
6	160113437	C	T	SOD2	Intron	20	8	28	0.2857142857142857	2	1	1	2.1164	1	2.1164	1.0	True	0.27	2.12
6	160202059	T	A	TCP1	Missense_Mutation	48	6	54	0.1111111111111111	2	1	1	0.823	1	0.823	0.823	False	0.27	2.12
6	163149330	C	A	PACRG	Silent	30	5	35	0.14285714285714285	2	1	1	1.0582	1	1.0582	1.0	True	0.27	2.12
6	166889308	G	A	RPS6KA2	Intron	46	10	56	0.17857142857142858	2	1	1	1.3228	1	1.3228	1.0	True	0.27	2.12
6	168347574	C	T	MLLT4	Silent	57	5	62	0.08064516129032258	2	1	1	0.5974	1	0.5974	0.5974	False	0.27	2.12
6	169634947	G	A	THBS2	Silent	61	10	71	0.14084507042253522	2	1	1	1.0433	1	1.0433	1.0	True	0.27	2.12
6	169639773	G	A	THBS2	Silent	22	3	25	0.12	2	1	1	0.8889	1	0.8889	0.8889	True	0.27	2.12
7	1133014	G	A	GPER1	3'UTR	27	7	34	0.20588235294117646	2	1	1	1.5251	1	1.5251	1.0	True	0.27	2.12
7	1533447	C	T	INTS1	Missense_Mutation	63	10	73	0.136986301369863	2	1	1	1.0147	1	1.0147	1.0	True	0.27	2.12
7	5922245	A	G	OCM	Silent	85	13	98	0.1326530612244898	2	1	1	0.9826	1	0.9826	0.9826	True	0.27	2.12
7	6831535	C	A	RSPH10B2	Missense_Mutation	24	8	32	0.25	2	1	1	1.8519	1	1.8519	1.0	True	0.27	2.12
7	22767197	C	T	IL6	Nonsense_Mutation	38	17	55	0.3090909090909091	2	1	1	2.2896	1	2.2896	1.0	True	0.27	2.12
7	23300127	C	T	GPNMB	Silent	29	5	34	0.14705882352941177	2	1	1	1.0893	1	1.0893	1.0	True	0.27	2.12
7	24718836	G	T	MPP6	Missense_Mutation	72	8	80	0.1	2	1	1	0.7407	1	0.7407	0.7407	False	0.27	2.12
7	24932011	C	T	OSBPL3	Silent	40	4	44	0.09090909090909091	2	1	1	0.6734	1	0.6734	0.6734	False	0.27	2.12
7	27204776	C	G	HOXA9	Missense_Mutation	28	4	32	0.125	2	1	1	0.9259	1	0.9259	0.9259	True	0.27	2.12
7	31682910	T	C	CCDC129	Silent	17	8	25	0.32	2	1	1	2.3704	1	2.3704	1.0	True	0.27	2.12
7	36445892	G	A	ANLN	Missense_Mutation	30	10	40	0.25	2	1	1	1.8519	1	1.8519	1.0	True	0.27	2.12
7	37251076	G	A	ELMO1	Missense_Mutation	45	6	51	0.11764705882352941	2	1	1	0.8715	1	0.8715	0.8715	True	0.27	2.12
7	43484922	G	A	HECW1	Silent	22	10	32	0.3125	2	1	1	2.3148	1	2.3148	1.0	True	0.27	2.12
7	43846773	G	A	BLVRA	Missense_Mutation	31	7	38	0.18421052631578946	2	1	1	1.3645	1	1.3645	1.0	True	0.27	2.12
7	47408140	C	T	TNS3	Silent	56	7	63	0.1111111111111111	2	1	1	0.823	1	0.823	0.823	False	0.27	2.12
7	48392078	G	A	ABCA13	Missense_Mutation	34	6	40	0.15	2	1	1	1.1111	1	1.1111	1.0	True	0.27	2.12
7	48427525	G	A	ABCA13	Silent	38	8	46	0.17391304347826086	2	1	1	1.2882	1	1.2882	1.0	True	0.27	2.12
7	50344448	G	A	IKZF1	5'Flank	90	18	108	0.16666666666666666	2	1	1	1.2346	1	1.2346	1.0	True	0.27	2.12
7	50455091	G	A	IKZF1	Intron	28	8	36	0.2222222222222222	2	1	1	1.6461	1	1.6461	1.0	True	0.27	2.12
7	50513032	G	A	FIGNL1	Nonsense_Mutation	63	5	68	0.07352941176470588	2	1	1	0.5447	1	0.5447	0.5447	False	0.27	2.12
7	53103840	G	A	POM121L12	Missense_Mutation	22	6	28	0.21428571428571427	2	1	1	1.5873	1	1.5873	1.0	True	0.27	2.12
7	55224336	C	T	EGFR	Missense_Mutation	39	16	55	0.2909090909090909	2	1	1	2.1549	1	2.1549	1.0	True	0.27	2.12
7	62809703	C	T	AC006455.1	5'UTR	79	20	99	0.20202020202020202	2	1	1	1.4964	1	1.4964	1.0	True	0.27	2.12
7	64169141	C	T	ZNF107	3'UTR	15	6	21	0.2857142857142857	2	1	1	2.1164	1	2.1164	1.0	True	0.27	2.12
7	65171357	G	A	INTS4L2	RNA	30	19	49	0.3877551020408163	2	1	1	2.8723	1	2.8723	1.0	True	0.27	2.12
7	65439350	G	A	GUSB	Silent	28	8	36	0.2222222222222222	2	1	1	1.6461	1	1.6461	1.0	True	0.27	2.12
7	70239044	C	T	AUTS2	Missense_Mutation	24	4	28	0.14285714285714285	2	1	1	1.0582	1	1.0582	1.0	True	0.27	2.12
7	70257206	C	T	AUTS2	3'UTR	13	6	19	0.3157894736842105	2	1	1	2.3392	1	2.3392	1.0	True	0.27	2.12
7	71135007	A	G	WBSCR17	Silent	39	4	43	0.09302325581395349	2	1	1	0.6891	1	0.6891	0.6891	False	0.27	2.12
7	72418968	C	T	POM121	Missense_Mutation	74	15	89	0.16853932584269662	2	1	1	1.2484	1	1.2484	1.0	True	0.27	2.12
7	72657225	G	A	GTF2IRD2P1	RNA	63	5	68	0.07352941176470588	2	1	1	0.5447	1	0.5447	0.5447	False	0.27	2.12
7	73107706	C	T	WBSCR22	Silent	34	5	39	0.1282051282051282	2	1	1	0.9497	1	0.9497	0.9497	True	0.27	2.12
7	75894705	G	A	SRRM3	Missense_Mutation	45	9	54	0.16666666666666666	2	1	1	1.2346	1	1.2346	1.0	True	0.27	2.12
7	77814972	C	A	MAGI2	Missense_Mutation	39	15	54	0.2777777777777778	2	1	1	2.0576	1	2.0576	1.0	True	0.27	2.12
7	81637040	C	T	CACNA2D1	Silent	62	26	88	0.29545454545454547	2	1	1	2.1886	1	2.1886	1.0	True	0.27	2.12
7	82578944	G	A	PCLO	Nonsense_Mutation	51	20	71	0.28169014084507044	2	1	1	2.0866	1	2.0866	1.0	True	0.27	2.12
7	86493969	A	C	GRM3	3'UTR	42	9	51	0.17647058823529413	2	1	1	1.3072	1	1.3072	1.0	True	0.27	2.12
7	86571386	G	A	KIAA1324L	Missense_Mutation	32	6	38	0.15789473684210525	2	1	1	1.1696	1	1.1696	1.0	True	0.27	2.12
7	89748933	T	C	RP5-1121E10.2	Intron	32	13	45	0.28888888888888886	2	1	1	2.1399	1	2.1399	1.0	True	0.27	2.12
7	89748935	C	T	RP5-1121E10.2	Intron	31	12	43	0.27906976744186046	2	1	1	2.0672	1	2.0672	1.0	True	0.27	2.12
7	94791228	G	A	PPP1R9A	Missense_Mutation	45	5	50	0.1	2	1	1	0.7407	1	0.7407	0.7407	False	0.27	2.12
7	97937012	G	A	BAIAP2L1	Silent	19	11	30	0.36666666666666664	2	1	1	2.716	1	2.716	1.0	True	0.27	2.12
7	98490094	C	T	TRRAP	Silent	39	13	52	0.25	2	1	1	1.8519	1	1.8519	1.0	True	0.27	2.12
7	98508848	C	T	TRRAP	Missense_Mutation	61	17	78	0.21794871794871795	2	1	1	1.6144	1	1.6144	1.0	True	0.27	2.12
7	99457552	C	T	CYP3A43	Missense_Mutation	56	21	77	0.2727272727272727	2	1	1	2.0202	1	2.0202	1.0	True	0.27	2.12
7	99474005	C	T	OR2AE1	Missense_Mutation	25	5	30	0.16666666666666666	2	1	1	1.2346	1	1.2346	1.0	True	0.27	2.12
7	99701292	G	A	AP4M1	Missense_Mutation	16	9	25	0.36	2	1	1	2.6667	1	2.6667	1.0	True	0.27	2.12
7	99720418	G	T	CNPY4	Missense_Mutation	23	10	33	0.30303030303030304	2	1	1	2.2447	1	2.2447	1.0	True	0.27	2.12
7	100016812	C	A	ZCWPW1	Nonsense_Mutation	41	11	52	0.21153846153846154	2	1	1	1.567	1	1.567	1.0	True	0.27	2.12
7	100205580	G	T	PCOLCE	Missense_Mutation	48	15	63	0.23809523809523808	2	1	1	1.7637	1	1.7637	1.0	True	0.27	2.12
7	101187370	G	A	COL26A1	Silent	143	23	166	0.13855421686746988	2	1	1	1.0263	1	1.0263	1.0	True	0.27	2.12
7	101194404	C	T	COL26A1	Nonsense_Mutation	105	17	122	0.13934426229508196	2	1	1	1.0322	1	1.0322	1.0	True	0.27	2.12
7	103137131	G	A	RELN	Missense_Mutation	28	4	32	0.125	2	1	1	0.9259	1	0.9259	0.9259	True	0.27	2.12
7	103629675	G	A	RELN	Silent	78	15	93	0.16129032258064516	2	1	1	1.1947	1	1.1947	1.0	True	0.27	2.12
7	111967771	G	T	ZNF277	Splice_Site	38	7	45	0.15555555555555556	2	1	1	1.1523	1	1.1523	1.0	True	0.27	2.12
7	120606729	T	C	ING3	Silent	63	6	69	0.08695652173913043	2	1	1	0.6441	1	0.6441	0.6441	False	0.27	2.12
7	122001047	G	A	CADPS2	Silent	20	8	28	0.2857142857142857	2	1	1	2.1164	1	2.1164	1.0	True	0.27	2.12
7	129395150	A	T	NRF1	3'UTR	18	6	24	0.25	2	1	1	1.8519	1	1.8519	1.0	True	0.27	2.12
7	131912284	C	A	PLXNA4	Missense_Mutation	21	15	36	0.4166666666666667	2	1	1	3.0864	1	3.0864	1.0	True	0.27	2.12
7	137559890	C	T	CREB3L2	3'UTR	95	16	111	0.14414414414414414	2	1	1	1.0677	1	1.0677	1.0	True	0.27	2.12
7	137564004	G	T	CREB3L2	3'UTR	25	15	40	0.375	2	1	1	2.7778	1	2.7778	1.0	True	0.27	2.12
7	138356801	C	A	SVOPL	Missense_Mutation	59	17	76	0.2236842105263158	2	1	1	1.6569	1	1.6569	1.0	True	0.27	2.12
7	138665892	G	A	KIAA1549	Missense_Mutation	5	4	9	0.4444444444444444	2	1	1	3.2922	1	3.2922	1.0	True	0.27	2.12
7	141899767	T	C	RP11-1220K2.2	Silent	72	9	81	0.1111111111111111	2	1	1	0.823	1	0.823	0.823	False	0.27	2.12
7	142250821	T	C	TRBV6-4	Missense_Mutation	22	9	31	0.2903225806451613	2	1	1	2.1505	1	2.1505	1.0	True	0.27	2.12
7	142583308	C	A	TRPV6	5'UTR	39	19	58	0.3275862068965517	2	1	1	2.4266	1	2.4266	1.0	True	0.27	2.12
7	143826931	C	T	OR2A14	Silent	80	28	108	0.25925925925925924	2	3	0	1.9204	2	0.9602	0.9602	True	0.27	2.12
7	148702314	C	T	PDIA4	Missense_Mutation	42	6	48	0.125	2	1	1	0.9259	1	0.9259	0.9259	True	0.27	2.12
7	148895518	C	T	ZNF282	Nonsense_Mutation	32	10	42	0.23809523809523808	2	1	1	1.7637	1	1.7637	1.0	True	0.27	2.12
7	149171653	C	T	ZNF746	Missense_Mutation	35	7	42	0.16666666666666666	2	1	1	1.2346	1	1.2346	1.0	True	0.27	2.12
7	149462116	C	T	ZNF467	Missense_Mutation	11	5	16	0.3125	2	1	1	2.3148	1	2.3148	1.0	True	0.27	2.12
7	149484529	G	A	SSPO	RNA	36	4	40	0.1	2	1	1	0.7407	1	0.7407	0.7407	False	0.27	2.12
7	149572717	C	T	ATP6V0E2	Silent	36	4	40	0.1	2	1	1	0.7407	1	0.7407	0.7407	False	0.27	2.12
7	150417407	C	T	GIMAP1	Silent	49	4	53	0.07547169811320754	2	1	1	0.559	1	0.559	0.559	False	0.27	2.12
7	150693865	C	T	NOS3	Missense_Mutation	18	4	22	0.18181818181818182	2	1	1	1.3468	1	1.3468	1.0	True	0.27	2.12
7	150772273	C	T	SLC4A2	Intron	21	5	26	0.19230769230769232	2	1	1	1.4245	1	1.4245	1.0	True	0.27	2.12
7	150820483	G	A	AGAP3	Intron	21	5	26	0.19230769230769232	2	1	1	1.4245	1	1.4245	1.0	True	0.27	2.12
7	150936201	C	T	SMARCD3	Silent	25	5	30	0.16666666666666666	2	1	1	1.2346	1	1.2346	1.0	True	0.27	2.12
7	151680108	G	A	GALNTL5	Missense_Mutation	40	7	47	0.14893617021276595	2	1	1	1.1032	1	1.1032	1.0	True	0.27	2.12
7	151882652	T	C	KMT2C	Silent	46	22	68	0.3235294117647059	2	1	1	2.3965	1	2.3965	1.0	True	0.27	2.12
7	152549324	C	T	ACTR3B	Silent	36	8	44	0.18181818181818182	2	1	1	1.3468	1	1.3468	1.0	True	0.27	2.12
7	152550626	C	T	ACTR3B	Silent	17	6	23	0.2608695652173913	2	1	1	1.9324	1	1.9324	1.0	True	0.27	2.12
7	156994495	T	C	UBE3C	Missense_Mutation	34	8	42	0.19047619047619047	2	1	1	1.4109	1	1.4109	1.0	True	0.27	2.12
8	1626719	C	T	DLGAP2	Silent	43	6	49	0.12244897959183673	4	2	2	1.1519	1	1.1519	1.0	True	0.27	2.12
8	2975937	A	G	CSMD1	Silent	89	9	98	0.09183673469387756	4	2	2	0.8639	1	0.8639	0.8639	True	0.27	2.12
8	3265533	A	G	CSMD1	Silent	34	16	50	0.32	4	2	2	3.0104	2	1.5052	1.0	True	0.27	2.12
8	6289044	T	C	MCPH1	Silent	27	9	36	0.25	4	2	2	2.3519	2	1.1759	1.0	True	0.27	2.12
8	10356254	C	T	PRSS51	RNA	40	5	45	0.1111111111111111	4	2	2	1.0453	1	1.0453	1.0	True	0.27	2.12
8	10470049	C	T	RP1L1	Missense_Mutation	37	4	41	0.0975609756097561	4	2	2	0.9178	1	0.9178	0.9178	True	0.27	2.12
8	12879975	C	T	KIAA1456	3'UTR	31	27	58	0.46551724137931033	4	2	2	4.3793	2	2.1897	1.0	True	0.27	2.12
8	13072282	C	T	DLC1	Intron	55	7	62	0.11290322580645161	4	2	2	1.0621	1	1.0621	1.0	True	0.27	2.12
8	15508230	A	G	TUSC3	Missense_Mutation	58	5	63	0.07936507936507936	4	2	2	0.7466	1	0.7466	0.7466	False	0.27	2.12
8	15978079	C	T	MSR1	Missense_Mutation	44	5	49	0.10204081632653061	4	2	2	0.9599	1	0.9599	0.9599	True	0.27	2.12
8	16948074	A	G	MICU3	Missense_Mutation	70	13	83	0.1566265060240964	4	2	2	1.4734	1	1.4734	1.0	True	0.27	2.12
8	21563491	G	T	GFRA2	Missense_Mutation	44	6	50	0.12	4	2	2	1.1289	1	1.1289	1.0	True	0.27	2.12
8	21984704	G	A	HR	Silent	48	8	56	0.14285714285714285	4	2	2	1.3439	1	1.3439	1.0	True	0.27	2.12
8	22105405	G	A	POLR3D	Missense_Mutation	38	7	45	0.15555555555555556	4	2	2	1.4634	1	1.4634	1.0	True	0.27	2.12
8	22470553	G	A	CCAR2	Missense_Mutation	62	8	70	0.11428571428571428	4	2	2	1.0751	1	1.0751	1.0	True	0.27	2.12
8	22545191	T	A	EGR3	3'UTR	25	4	29	0.13793103448275862	4	2	2	1.2976	1	1.2976	1.0	True	0.27	2.12
8	22862121	A	G	RHOBTB2	Silent	26	4	30	0.13333333333333333	4	2	2	1.2543	1	1.2543	1.0	True	0.27	2.12
8	22960403	T	C	TNFRSF10C	5'UTR	24	3	27	0.1111111111111111	4	2	2	1.0453	1	1.0453	1.0	True	0.27	2.12
8	22995107	C	A	TNFRSF10D	3'UTR	7	4	11	0.36363636363636365	4	2	2	3.4209	2	1.7104	1.0	True	0.27	2.12
8	23700335	C	T	STC1	3'UTR	57	4	61	0.06557377049180328	4	2	2	0.6169	1	0.6169	0.6169	False	0.27	2.12
8	26365709	G	A	PNMA2	Missense_Mutation	38	10	48	0.20833333333333334	4	2	2	1.9599	2	0.9799	0.9799	True	0.27	2.12
8	27324753	A	G	CHRNA2	Missense_Mutation	50	6	56	0.10714285714285714	4	2	2	1.0079	1	1.0079	1.0	True	0.27	2.12
8	27903090	C	T	NUGGC	Missense_Mutation	79	10	89	0.11235955056179775	4	2	2	1.057	1	1.057	1.0	True	0.27	2.12
8	28206053	T	A	ZNF395	3'UTR	28	8	36	0.2222222222222222	4	2	2	2.0905	2	1.0453	1.0	True	0.27	2.12
8	28420373	C	T	FZD3	Nonsense_Mutation	39	16	55	0.2909090909090909	4	2	2	2.7367	2	1.3684	1.0	True	0.27	2.12
8	28628531	G	A	INTS9	Silent	41	8	49	0.16326530612244897	4	2	2	1.5359	2	0.768	0.768	False	0.27	2.12
8	30701437	T	C	TEX15	Silent	52	4	56	0.07142857142857142	4	2	2	0.672	1	0.672	0.672	False	0.27	2.12
8	30946428	T	C	WRN	Silent	61	19	80	0.2375	4	2	2	2.2343	2	1.1171	1.0	True	0.27	2.12
8	30977866	T	C	WRN	Silent	60	7	67	0.1044776119402985	4	2	2	0.9829	1	0.9829	0.9829	True	0.27	2.12
8	32579412	C	T	NRG1	Intron	30	4	34	0.11764705882352941	4	2	2	1.1068	1	1.1068	1.0	True	0.27	2.12
8	37554830	C	T	ZNF703	Silent	13	6	19	0.3157894736842105	4	2	2	2.9708	2	1.4854	1.0	True	0.27	2.12
8	37996541	C	T	ASH2L	Silent	37	18	55	0.32727272727272727	4	2	2	3.0788	2	1.5394	1.0	True	0.27	2.12
8	38103301	G	T	DDHD2	Missense_Mutation	60	9	69	0.13043478260869565	4	2	2	1.2271	1	1.2271	1.0	True	0.27	2.12
8	38175370	A	G	WHSC1L1	Intron	26	8	34	0.23529411764705882	4	2	2	2.2135	2	1.1068	1.0	True	0.27	2.12
8	38809686	C	T	PLEKHA2	Silent	29	6	35	0.17142857142857143	4	2	2	1.6127	2	0.8063	0.8063	False	0.27	2.12
8	39603995	C	T	ADAM2	Missense_Mutation	88	15	103	0.14563106796116504	4	2	2	1.37	1	1.37	1.0	True	0.27	2.12
8	41553959	G	A	ANK1	Missense_Mutation	96	27	123	0.21951219512195122	4	2	2	2.065	2	1.0325	1.0	True	0.27	2.12
8	41791588	C	T	KAT6A	Missense_Mutation	30	5	35	0.14285714285714285	4	2	2	1.3439	1	1.3439	1.0	True	0.27	2.12
8	42611064	C	T	CHRNA6	Silent	64	7	71	0.09859154929577464	4	2	2	0.9275	1	0.9275	0.9275	True	0.27	2.12
8	48776098	A	G	PRKDC	Missense_Mutation	57	14	71	0.19718309859154928	4	2	2	1.855	2	0.9275	0.9275	True	0.27	2.12
8	53071577	A	G	ST18	Missense_Mutation	50	4	54	0.07407407407407407	4	2	2	0.6968	1	0.6968	0.6968	False	0.27	2.12
8	53554985	T	C	RB1CC1	Silent	41	6	47	0.1276595744680851	4	2	2	1.2009	1	1.2009	1.0	True	0.27	2.12
8	53574183	A	T	RB1CC1	Missense_Mutation	55	8	63	0.12698412698412698	4	2	2	1.1946	1	1.1946	1.0	True	0.27	2.12
8	53852507	G	A	NPBWR1	Missense_Mutation	26	13	39	0.3333333333333333	4	2	2	3.1358	2	1.5679	1.0	True	0.27	2.12
8	55370816	G	A	SOX17	Missense_Mutation	9	7	16	0.4375	4	2	2	4.1157	2	2.0579	1.0	True	0.27	2.12
8	56435983	G	A	XKR4	Missense_Mutation	65	34	99	0.3434343434343434	4	2	2	3.2308	2	1.6154	1.0	True	0.27	2.12
8	57076234	A	G	PLAG1	3'UTR	29	8	37	0.21621621621621623	4	2	2	2.034	2	1.017	1.0	True	0.27	2.12
8	70674105	T	C	SLCO5A1	Missense_Mutation	31	19	50	0.38	4	2	2	3.5748	2	1.7874	1.0	True	0.27	2.12
8	70970931	G	A	PRDM14	Missense_Mutation	41	5	46	0.10869565217391304	4	2	2	1.0225	1	1.0225	1.0	True	0.27	2.12
8	72754719	C	T	MSC	3'UTR	4	4	8	0.5	4	2	2	4.7037	2	2.3519	1.0	True	0.27	2.12
8	92090607	G	T	OTUD6B	Missense_Mutation	26	14	40	0.35	4	2	2	3.2926	2	1.6463	1.0	True	0.27	2.12
8	95952411	T	C	TP53INP1	Silent	23	20	43	0.46511627906976744	4	2	2	4.3755	2	2.1878	1.0	True	0.27	2.12
8	97156742	G	A	GDF6	3'UTR	27	4	31	0.12903225806451613	4	2	2	1.2139	1	1.2139	1.0	True	0.27	2.12
8	98737105	A	G	MTDH	3'UTR	48	6	54	0.1111111111111111	4	2	2	1.0453	1	1.0453	1.0	True	0.27	2.12
8	98900320	G	A	MATN2	5'UTR	40	7	47	0.14893617021276595	4	2	2	1.4011	1	1.4011	1.0	True	0.27	2.12
8	103236304	G	A	RRM2B	Nonsense_Mutation	48	9	57	0.15789473684210525	4	2	2	1.4854	1	1.4854	1.0	True	0.27	2.12
8	103271268	G	A	UBR5	Silent	58	5	63	0.07936507936507936	4	2	2	0.7466	1	0.7466	0.7466	False	0.27	2.12
8	103662433	A	G	KLF10	Missense_Mutation	54	5	59	0.0847457627118644	4	2	2	0.7972	1	0.7972	0.7972	False	0.27	2.12
8	104081149	A	T	ATP6V1C1	3'UTR	12	7	19	0.3684210526315789	4	2	2	3.4659	2	1.7329	1.0	True	0.27	2.12
8	104225196	C	A	BAALC	Silent	44	35	79	0.4430379746835443	4	2	2	4.1678	2	2.0839	1.0	True	0.27	2.12
8	104427646	C	A	DCAF13	Nonsense_Mutation	19	7	26	0.2692307692307692	4	2	2	2.5328	2	1.2664	1.0	True	0.27	2.12
8	105502332	T	C	LRP12	3'UTR	35	3	38	0.07894736842105263	4	2	2	0.7427	1	0.7427	0.7427	False	0.27	2.12
8	105502342	G	A	LRP12	3'UTR	32	4	36	0.1111111111111111	4	2	2	1.0453	1	1.0453	1.0	True	0.27	2.12
8	105502353	A	C	LRP12	3'UTR	22	12	34	0.35294117647058826	4	2	2	3.3203	2	1.6601	1.0	True	0.27	2.12
8	105510178	G	T	LRP12	Missense_Mutation	49	19	68	0.27941176470588236	4	2	2	2.6285	2	1.3143	1.0	True	0.27	2.12
8	110703686	C	T	SYBU	5'UTR	15	4	19	0.21052631578947367	4	2	2	1.9805	2	0.9903	0.9903	True	0.27	2.12
8	116617171	T	C	TRPS1	Missense_Mutation	52	7	59	0.11864406779661017	4	2	2	1.1161	1	1.1161	1.0	True	0.27	2.12
8	116631988	A	C	TRPS1	Missense_Mutation	38	6	44	0.13636363636363635	4	2	2	1.2828	1	1.2828	1.0	True	0.27	2.12
8	120744196	T	G	TAF2	Silent	33	18	51	0.35294117647058826	4	2	2	3.3203	2	1.6601	1.0	True	0.27	2.12
8	121550709	G	A	SNTB1	3'UTR	31	15	46	0.32608695652173914	4	2	2	3.0676	2	1.5338	1.0	True	0.27	2.12
8	123963925	G	A	ZHX2	Missense_Mutation	32	11	43	0.2558139534883721	4	2	2	2.4065	2	1.2033	1.0	True	0.27	2.12
8	129162390	G	A	MIR1208	RNA	15	7	22	0.3181818181818182	4	2	2	2.9933	2	1.4966	1.0	True	0.27	2.12
8	132051742	C	T	ADCY8	Missense_Mutation	41	4	45	0.08888888888888889	4	2	2	0.8362	1	0.8362	0.8362	False	0.27	2.12
8	132052482	G	A	ADCY8	Missense_Mutation	13	4	17	0.23529411764705882	4	2	2	2.2135	2	1.1068	1.0	True	0.27	2.12
8	139209858	G	A	FAM135B	Nonsense_Mutation	19	12	31	0.3870967741935484	4	2	2	3.6416	2	1.8208	1.0	True	0.27	2.12
8	139706798	G	A	COL22A1	Nonsense_Mutation	43	5	48	0.10416666666666667	4	2	2	0.9799	1	0.9799	0.9799	True	0.27	2.12
8	141774470	C	T	PTK2	Intron	26	7	33	0.21212121212121213	4	2	2	1.9955	2	0.9978	0.9978	True	0.27	2.12
8	142367933	C	T	GPR20	Missense_Mutation	86	10	96	0.10416666666666667	4	2	2	0.9799	1	0.9799	0.9799	True	0.27	2.12
8	142517267	G	A	MROH5	5'UTR	52	7	59	0.11864406779661017	4	2	2	1.1161	1	1.1161	1.0	True	0.27	2.12
8	143853341	C	T	LYNX1	Intron	128	14	142	0.09859154929577464	4	2	2	0.9275	1	0.9275	0.9275	True	0.27	2.12
8	143994125	G	T	CYP11B2	Missense_Mutation	100	10	110	0.09090909090909091	4	2	2	0.8552	1	0.8552	0.8552	True	0.27	2.12
8	144621273	G	A	ZC3H3	Silent	83	9	92	0.09782608695652174	4	2	2	0.9203	1	0.9203	0.9203	True	0.27	2.12
8	144789882	C	T	CCDC166	Missense_Mutation	8	3	11	0.2727272727272727	4	2	2	2.5657	2	1.2828	1.0	True	0.27	2.12
8	144809053	G	A	FAM83H	Missense_Mutation	61	6	67	0.08955223880597014	4	2	2	0.8425	1	0.8425	0.8425	False	0.27	2.12
8	144873383	G	T	SCRIB	Missense_Mutation	25	8	33	0.24242424242424243	4	2	2	2.2806	2	1.1403	1.0	True	0.27	2.12
8	144994758	G	A	PLEC	Silent	56	23	79	0.2911392405063291	4	2	2	2.7389	2	1.3694	1.0	True	0.27	2.12
8	145616338	A	G	ADCK5	Missense_Mutation	43	5	48	0.10416666666666667	4	2	2	0.9799	1	0.9799	0.9799	True	0.27	2.12
8	145701036	G	A	FOXH1	Missense_Mutation	124	50	174	0.28735632183908044	4	2	2	2.7033	2	1.3516	1.0	True	0.27	2.12
8	145745261	T	C	LRRC14	Missense_Mutation	86	12	98	0.12244897959183673	4	2	2	1.1519	1	1.1519	1.0	True	0.27	2.12
8	145747975	A	G	LRRC24	Missense_Mutation	27	5	32	0.15625	4	2	2	1.4699	1	1.4699	1.0	True	0.27	2.12
8	145947906	T	A	ZNF251	Missense_Mutation	29	24	53	0.4528301886792453	4	2	2	4.26	2	2.13	1.0	True	0.27	2.12
8	146033645	C	T	ZNF517	Silent	15	6	21	0.2857142857142857	4	2	2	2.6878	2	1.3439	1.0	True	0.27	2.12
8	146076355	G	A	COMMD5	Silent	102	8	110	0.07272727272727272	4	2	2	0.6842	1	0.6842	0.6842	False	0.27	2.12
9	289570	C	T	DOCK8	Silent	68	9	77	0.11688311688311688	2	1	1	0.8658	1	0.8658	0.8658	True	0.27	2.12
9	328099	C	T	DOCK8	Silent	45	8	53	0.1509433962264151	2	1	1	1.1181	1	1.1181	1.0	True	0.27	2.12
9	2834090	A	G	KIAA0020	Silent	52	11	63	0.1746031746031746	2	1	1	1.2934	1	1.2934	1.0	True	0.27	2.12
9	4792968	G	A	RCL1	5'UTR	19	11	30	0.36666666666666664	2	1	1	2.716	1	2.716	1.0	True	0.27	2.12
9	14113047	C	T	NFIB	Missense_Mutation	43	5	48	0.10416666666666667	2	1	1	0.7716	1	0.7716	0.7716	False	0.27	2.12
9	16436056	A	T	BNC2	Silent	46	17	63	0.2698412698412698	2	1	1	1.9988	1	1.9988	1.0	True	0.27	2.12
9	17457611	A	G	CNTLN	Silent	95	30	125	0.24	2	1	1	1.7778	1	1.7778	1.0	True	0.27	2.12
9	17484318	A	G	CNTLN	Missense_Mutation	48	7	55	0.12727272727272726	2	1	1	0.9428	1	0.9428	0.9428	True	0.27	2.12
9	21971023	C	T	CDKN2A	Missense_Mutation	38	6	44	0.13636363636363635	2	1	1	1.0101	1	1.0101	1.0	True	0.27	2.12
9	23692164	G	A	ELAVL2	3'UTR	34	4	38	0.10526315789473684	2	1	1	0.7797	1	0.7797	0.7797	False	0.27	2.12
9	34521524	G	T	ENHO	Missense_Mutation	35	10	45	0.2222222222222222	2	1	1	1.6461	1	1.6461	1.0	True	0.27	2.12
9	34557906	G	T	CNTFR	Silent	53	9	62	0.14516129032258066	2	1	1	1.0753	1	1.0753	1.0	True	0.27	2.12
9	35062276	T	C	VCP	Missense_Mutation	18	10	28	0.35714285714285715	2	1	1	2.6455	1	2.6455	1.0	True	0.27	2.12
9	35067909	A	G	VCP	Missense_Mutation	56	7	63	0.1111111111111111	2	1	1	0.823	1	0.823	0.823	False	0.27	2.12
9	35106613	C	T	FAM214B	Silent	64	11	75	0.14666666666666667	2	1	1	1.0864	1	1.0864	1.0	True	0.27	2.12
9	35107838	C	T	FAM214B	Missense_Mutation	56	6	62	0.0967741935483871	2	1	1	0.7168	1	0.7168	0.7168	False	0.27	2.12
9	35563286	G	T	FAM166B	Missense_Mutation	47	4	51	0.0784313725490196	2	1	1	0.581	1	0.581	0.581	False	0.27	2.12
9	37541711	G	A	FBXO10	Missense_Mutation	33	11	44	0.25	2	1	1	1.8519	1	1.8519	1.0	True	0.27	2.12
9	37737192	C	A	FRMPD1	Missense_Mutation	40	5	45	0.1111111111111111	2	1	1	0.823	1	0.823	0.823	False	0.27	2.12
9	38396185	G	A	ALDH1B1	Missense_Mutation	11	7	18	0.3888888888888889	2	1	1	2.8807	1	2.8807	1.0	True	0.27	2.12
9	70993145	A	G	PGM5	Missense_Mutation	96	8	104	0.07692307692307693	2	1	1	0.5698	1	0.5698	0.5698	False	0.27	2.12
9	72131557	G	A	APBA1	Silent	34	9	43	0.20930232558139536	2	1	1	1.5504	1	1.5504	1.0	True	0.27	2.12
9	72435881	G	A	C9orf135	Missense_Mutation	31	10	41	0.24390243902439024	2	1	1	1.8067	1	1.8067	1.0	True	0.27	2.12
9	77415259	G	A	TRPM6	Nonsense_Mutation	49	16	65	0.24615384615384617	2	1	1	1.8234	1	1.8234	1.0	True	0.27	2.12
9	77502166	G	A	TRPM6	Intron	20	6	26	0.23076923076923078	2	1	1	1.7094	1	1.7094	1.0	True	0.27	2.12
9	84564459	T	C	RP11-383M4.6	Intron	40	3	43	0.06976744186046512	2	1	1	0.5168	1	0.5168	0.5168	False	0.27	2.12
9	85637251	G	A	RASEF	Silent	41	15	56	0.26785714285714285	2	1	1	1.9841	1	1.9841	1.0	True	0.27	2.12
9	88932151	A	G	ZCCHC6	Missense_Mutation	54	11	65	0.16923076923076924	2	1	1	1.2536	1	1.2536	1.0	True	0.27	2.12
9	90321327	G	A	DAPK1	Missense_Mutation	32	7	39	0.1794871794871795	2	1	1	1.3295	1	1.3295	1.0	True	0.27	2.12
9	90535546	C	T	SPATA31C1	RNA	131	37	168	0.22023809523809523	2	1	1	1.6314	1	1.6314	1.0	True	0.27	2.12
9	91994102	C	T	SEMA4D	Silent	40	9	49	0.1836734693877551	2	1	1	1.3605	1	1.3605	1.0	True	0.27	2.12
9	94484809	G	A	ROR2	3'Flank	16	6	22	0.2727272727272727	2	1	1	2.0202	1	2.0202	1.0	True	0.27	2.12
9	94538048	C	A	ROR2	Missense_Mutation	29	3	32	0.09375	2	1	1	0.6944	1	0.6944	0.6944	False	0.27	2.12
9	95009783	G	T	IARS	Silent	42	8	50	0.16	2	1	1	1.1852	1	1.1852	1.0	True	0.27	2.12
9	95077338	G	A	NOL8	Silent	40	17	57	0.2982456140350877	2	1	1	2.2092	1	2.2092	1.0	True	0.27	2.12
9	95646881	C	T	RP11-526D8.7	RNA	196	39	235	0.16595744680851063	2	1	1	1.2293	1	1.2293	1.0	True	0.27	2.12
9	95838183	G	T	SUSD3	Missense_Mutation	32	10	42	0.23809523809523808	2	1	1	1.7637	1	1.7637	1.0	True	0.27	2.12
9	96070769	C	T	WNK2	Missense_Mutation	56	6	62	0.0967741935483871	2	1	1	0.7168	1	0.7168	0.7168	False	0.27	2.12
9	96079878	C	T	WNK2	Missense_Mutation	45	6	51	0.11764705882352941	2	1	1	0.8715	1	0.8715	0.8715	True	0.27	2.12
9	97203357	C	T	HIATL1	Silent	38	17	55	0.3090909090909091	2	1	1	2.2896	1	2.2896	1.0	True	0.27	2.12
9	99403967	C	T	AAED1	3'UTR	26	8	34	0.23529411764705882	2	1	1	1.7429	1	1.7429	1.0	True	0.27	2.12
9	99694528	G	T	NUTM2G	Missense_Mutation	271	59	330	0.1787878787878788	2	1	1	1.3244	1	1.3244	1.0	True	0.27	2.12
9	101552504	G	A	ANKS6	Silent	14	4	18	0.2222222222222222	2	1	1	1.6461	1	1.6461	1.0	True	0.27	2.12
9	101706453	C	T	COL15A1	Silent	55	25	80	0.3125	2	1	1	2.3148	1	2.3148	1.0	True	0.27	2.12
9	102627429	T	C	NR4A3	3'UTR	41	4	45	0.08888888888888889	2	1	1	0.6584	1	0.6584	0.6584	False	0.27	2.12
9	102992043	G	T	INVS	Missense_Mutation	28	5	33	0.15151515151515152	2	1	1	1.1223	1	1.1223	1.0	True	0.27	2.12
9	104238840	G	A	TMEM246	Missense_Mutation	31	4	35	0.11428571428571428	2	1	1	0.8466	1	0.8466	0.8466	False	0.27	2.12
9	104309733	G	A	RNF20	Missense_Mutation	20	10	30	0.3333333333333333	2	1	1	2.4691	1	2.4691	1.0	True	0.27	2.12
9	104390676	T	C	GRIN3A	Missense_Mutation	44	7	51	0.13725490196078433	2	1	1	1.0167	1	1.0167	1.0	True	0.27	2.12
9	110249642	C	T	KLF4	Missense_Mutation	4	4	8	0.5	2	1	1	3.7037	1	3.7037	1.0	True	0.27	2.12
9	111800355	T	A	TMEM245	Silent	60	9	69	0.13043478260869565	2	1	1	0.9662	1	0.9662	0.9662	True	0.27	2.12
9	112706283	A	G	PALM2	3'Flank	34	7	41	0.17073170731707318	2	1	1	1.2647	1	1.2647	1.0	True	0.27	2.12
9	114131441	T	C	KIAA0368	Missense_Mutation	51	7	58	0.1206896551724138	2	1	1	0.894	1	0.894	0.894	True	0.27	2.12
9	117389249	T	G	C9orf91	Missense_Mutation	46	5	51	0.09803921568627451	2	1	1	0.7262	1	0.7262	0.7262	False	0.27	2.12
9	119159351	C	A	PAPPA	3'UTR	16	5	21	0.23809523809523808	2	1	1	1.7637	1	1.7637	1.0	True	0.27	2.12
9	119462928	T	A	TRIM32	3'UTR	21	6	27	0.2222222222222222	2	1	1	1.6461	1	1.6461	1.0	True	0.27	2.12
9	123290093	C	T	CDK5RAP2	Silent	70	13	83	0.1566265060240964	2	1	1	1.1602	1	1.1602	1.0	True	0.27	2.12
9	124632949	G	A	TTLL11	Silent	18	15	33	0.45454545454545453	2	1	1	3.367	1	3.367	1.0	True	0.27	2.12
9	124967006	C	T	LHX6	3'UTR	47	16	63	0.25396825396825395	2	1	1	1.8812	1	1.8812	1.0	True	0.27	2.12
9	125273680	C	A	OR1J2	Missense_Mutation	42	9	51	0.17647058823529413	2	1	1	1.3072	1	1.3072	1.0	True	0.27	2.12
9	125670910	C	A	ZBTB6	3'UTR	22	4	26	0.15384615384615385	2	1	1	1.1396	1	1.1396	1.0	True	0.27	2.12
9	127549374	G	A	OLFML2A	Missense_Mutation	50	8	58	0.13793103448275862	2	1	1	1.0217	1	1.0217	1.0	True	0.27	2.12
9	129643256	T	C	ZBTB34	3'UTR	54	25	79	0.31645569620253167	2	1	1	2.3441	1	2.3441	1.0	True	0.27	2.12
9	129870796	T	C	ANGPTL2	Missense_Mutation	18	4	22	0.18181818181818182	2	1	1	1.3468	1	1.3468	1.0	True	0.27	2.12
9	130207079	G	T	ZNF79	Missense_Mutation	41	16	57	0.2807017543859649	2	1	1	2.0793	1	2.0793	1.0	True	0.27	2.12
9	130269287	G	A	FAM129B	Missense_Mutation	16	3	19	0.15789473684210525	2	1	1	1.1696	1	1.1696	1.0	True	0.27	2.12
9	130854349	C	A	SLC25A25	Intron	36	12	48	0.25	2	1	1	1.8519	1	1.8519	1.0	True	0.27	2.12
9	130928677	C	A	CIZ1	Missense_Mutation	108	21	129	0.16279069767441862	2	1	1	1.2059	1	1.2059	1.0	True	0.27	2.12
9	132720823	C	T	FNBP1	Missense_Mutation	48	7	55	0.12727272727272726	2	1	1	0.9428	1	0.9428	0.9428	True	0.27	2.12
9	133278211	G	A	AL354898.1	Missense_Mutation	37	15	52	0.28846153846153844	2	1	1	2.1368	1	2.1368	1.0	True	0.27	2.12
9	134183419	C	T	PPAPDC3	Silent	49	7	56	0.125	2	1	1	0.9259	1	0.9259	0.9259	True	0.27	2.12
9	134319642	G	A	PRRC2B	Silent	36	13	49	0.2653061224489796	2	1	1	1.9652	1	1.9652	1.0	True	0.27	2.12
9	134501680	C	T	RAPGEF1	Missense_Mutation	43	20	63	0.31746031746031744	2	1	1	2.3516	1	2.3516	1.0	True	0.27	2.12
9	135779172	G	A	TSC1	Nonsense_Mutation	32	4	36	0.1111111111111111	2	1	1	0.823	1	0.823	0.823	False	0.27	2.12
9	136270872	G	A	C9orf96	3'UTR	24	4	28	0.14285714285714285	2	1	1	1.0582	1	1.0582	1.0	True	0.27	2.12
9	138710463	C	A	CAMSAP1	Splice_Site	22	6	28	0.21428571428571427	2	1	1	1.5873	1	1.5873	1.0	True	0.27	2.12
9	139636343	C	T	LCN10	Missense_Mutation	53	6	59	0.1016949152542373	2	1	1	0.7533	1	0.7533	0.7533	False	0.27	2.12
9	139701355	G	A	CCDC183	Intron	22	5	27	0.18518518518518517	2	1	1	1.3717	1	1.3717	1.0	True	0.27	2.12
9	139913644	G	A	ABCA2	Missense_Mutation	25	7	32	0.21875	2	1	1	1.6204	1	1.6204	1.0	True	0.27	2.12
9	139924998	C	A	FUT7	3'UTR	39	11	50	0.22	2	1	1	1.6296	1	1.6296	1.0	True	0.27	2.12
9	140147122	G	A	C9orf173	Silent	8	4	12	0.3333333333333333	2	1	1	2.4691	1	2.4691	1.0	True	0.27	2.12
9	140166584	C	T	NELFB	Missense_Mutation	45	8	53	0.1509433962264151	2	1	1	1.1181	1	1.1181	1.0	True	0.27	2.12
9	140196214	T	C	NRARP	Missense_Mutation	40	7	47	0.14893617021276595	2	1	1	1.1032	1	1.1032	1.0	True	0.27	2.12
9	140707552	G	A	EHMT1	Missense_Mutation	57	16	73	0.2191780821917808	2	1	1	1.6235	1	1.6235	1.0	True	0.27	2.12
10	875405	G	T	LARP4B	Missense_Mutation	25	7	32	0.21875	2	1	1	1.6204	1	1.6204	1.0	True	0.27	2.12
10	1070564	C	T	IDI2	Missense_Mutation	33	5	38	0.13157894736842105	2	1	1	0.9747	1	0.9747	0.9747	True	0.27	2.12
10	7763614	G	A	ITIH2	Silent	32	8	40	0.2	2	1	1	1.4815	1	1.4815	1.0	True	0.27	2.12
10	8097653	G	A	GATA3	Missense_Mutation	25	11	36	0.3055555555555556	2	1	1	2.2634	1	2.2634	1.0	True	0.27	2.12
10	8097679	G	A	GATA3	Missense_Mutation	52	6	58	0.10344827586206896	2	1	1	0.7663	1	0.7663	0.7663	False	0.27	2.12
10	16563599	C	T	C1QL3	5'UTR	23	6	29	0.20689655172413793	2	1	1	1.5326	1	1.5326	1.0	True	0.27	2.12
10	16563832	C	T	C1QL3	5'UTR	52	17	69	0.2463768115942029	2	1	1	1.825	1	1.825	1.0	True	0.27	2.12
10	16878296	A	G	CUBN	Missense_Mutation	28	7	35	0.2	2	1	1	1.4815	1	1.4815	1.0	True	0.27	2.12
10	23481496	C	A	PTF1A	Missense_Mutation	30	7	37	0.1891891891891892	2	1	1	1.4014	1	1.4014	1.0	True	0.27	2.12
10	24889717	T	A	ARHGAP21	Missense_Mutation	59	16	75	0.21333333333333335	2	1	1	1.5802	1	1.5802	1.0	True	0.27	2.12
10	25464743	G	A	GPR158	Missense_Mutation	42	8	50	0.16	2	1	1	1.1852	1	1.1852	1.0	True	0.27	2.12
10	26455081	G	A	MYO3A	Missense_Mutation	51	26	77	0.33766233766233766	2	1	1	2.5012	1	2.5012	1.0	True	0.27	2.12
10	32636112	T	C	EPC1	5'UTR	15	5	20	0.25	2	1	1	1.8519	1	1.8519	1.0	True	0.27	2.12
10	35415940	G	A	CREM	5'Flank	15	6	21	0.2857142857142857	2	1	1	2.1164	1	2.1164	1.0	True	0.27	2.12
10	44111987	G	A	ZNF485	Missense_Mutation	36	5	41	0.12195121951219512	2	1	1	0.9033	1	0.9033	0.9033	True	0.27	2.12
10	45498719	T	C	ZNF22	Intron	8	8	16	0.5	2	1	1	3.7037	1	3.7037	1.0	True	0.27	2.12
10	46143826	C	T	ZFAND4	Missense_Mutation	35	11	46	0.2391304347826087	2	1	1	1.7713	1	1.7713	1.0	True	0.27	2.12
10	49440276	G	A	FRMPD2	Silent	21	8	29	0.27586206896551724	2	1	1	2.0434	1	2.0434	1.0	True	0.27	2.12
10	50185013	G	A	WDFY4	Missense_Mutation	14	10	24	0.4166666666666667	2	1	1	3.0864	1	3.0864	1.0	True	0.27	2.12
10	50594790	T	A	DRGX	Missense_Mutation	42	21	63	0.3333333333333333	2	1	1	2.4691	1	2.4691	1.0	True	0.27	2.12
10	50819743	G	A	SLC18A3	Silent	21	5	26	0.19230769230769232	2	1	1	1.4245	1	1.4245	1.0	True	0.27	2.12
10	54531373	G	T	MBL2	Missense_Mutation	30	4	34	0.11764705882352941	2	1	1	0.8715	1	0.8715	0.8715	True	0.27	2.12
10	61819734	G	A	ANK3	Intron	31	7	38	0.18421052631578946	2	1	1	1.3645	1	1.3645	1.0	True	0.27	2.12
10	61835822	G	A	ANK3	Missense_Mutation	39	4	43	0.09302325581395349	2	1	1	0.6891	1	0.6891	0.6891	False	0.27	2.12
10	64966919	G	A	JMJD1C	Missense_Mutation	49	15	64	0.234375	2	1	1	1.7361	1	1.7361	1.0	True	0.27	2.12
10	69991281	G	A	ATOH7	Missense_Mutation	30	6	36	0.16666666666666666	2	1	1	1.2346	1	1.2346	1.0	True	0.27	2.12
10	70209862	A	G	DNA2	Missense_Mutation	73	10	83	0.12048192771084337	2	1	1	0.8925	1	0.8925	0.8925	True	0.27	2.12
10	70246947	G	A	SLC25A16	Missense_Mutation	32	14	46	0.30434782608695654	2	1	1	2.2544	1	2.2544	1.0	True	0.27	2.12
10	71332488	G	A	NEUROG3	Silent	35	5	40	0.125	2	1	1	0.9259	1	0.9259	0.9259	True	0.27	2.12
10	71880273	G	A	AIFM2	Missense_Mutation	41	4	45	0.08888888888888889	2	1	1	0.6584	1	0.6584	0.6584	False	0.27	2.12
10	71921648	G	T	SAR1A	Silent	26	8	34	0.23529411764705882	2	1	1	1.7429	1	1.7429	1.0	True	0.27	2.12
10	72357681	C	T	PRF1	3'UTR	10	6	16	0.375	2	1	1	2.7778	1	2.7778	1.0	True	0.27	2.12
10	73562688	C	A	CDH23	Silent	21	3	24	0.125	2	1	1	0.9259	1	0.9259	0.9259	True	0.27	2.12
10	74767014	T	C	P4HA1	3'UTR	29	5	34	0.14705882352941177	2	1	1	1.0893	1	1.0893	1.0	True	0.27	2.12
10	79761979	T	C	POLR3A	Missense_Mutation	28	7	35	0.2	2	1	1	1.4815	1	1.4815	1.0	True	0.27	2.12
10	79782027	C	T	POLR3A	Missense_Mutation	25	7	32	0.21875	2	1	1	1.6204	1	1.6204	1.0	True	0.27	2.12
10	79785947	G	A	POLR3A	Missense_Mutation	31	5	36	0.1388888888888889	2	1	1	1.0288	1	1.0288	1.0	True	0.27	2.12
10	80968093	C	T	ZMIZ1	Missense_Mutation	24	4	28	0.14285714285714285	2	1	1	1.0582	1	1.0582	1.0	True	0.27	2.12
10	81317336	T	C	SFTPA2	Missense_Mutation	28	6	34	0.17647058823529413	2	1	1	1.3072	1	1.3072	1.0	True	0.27	2.12
10	81923157	T	G	ANXA11	Missense_Mutation	35	14	49	0.2857142857142857	2	1	1	2.1164	1	2.1164	1.0	True	0.27	2.12
10	88428444	C	T	LDB3	5'UTR	94	29	123	0.23577235772357724	2	1	1	1.7465	1	1.7465	1.0	True	0.27	2.12
10	89720738	G	A	PTEN	Missense_Mutation	41	10	51	0.19607843137254902	2	1	1	1.4524	1	1.4524	1.0	True	0.27	2.12
10	91353582	G	A	PANK1	Missense_Mutation	70	9	79	0.11392405063291139	2	1	1	0.8439	1	0.8439	0.8439	False	0.27	2.12
10	95662246	A	G	SLC35G1	3'UTR	68	9	77	0.11688311688311688	2	1	1	0.8658	1	0.8658	0.8658	True	0.27	2.12
10	97174480	G	A	SORBS1	Missense_Mutation	55	5	60	0.08333333333333333	2	1	1	0.6173	1	0.6173	0.6173	False	0.27	2.12
10	98715758	T	C	LCOR	3'UTR	39	5	44	0.11363636363636363	2	1	1	0.8418	1	0.8418	0.8418	False	0.27	2.12
10	100019168	C	A	LOXL4	Missense_Mutation	26	4	30	0.13333333333333333	2	1	1	0.9877	1	0.9877	0.9877	True	0.27	2.12
10	101117391	C	A	CNNM1	Missense_Mutation	61	14	75	0.18666666666666668	2	1	1	1.3827	1	1.3827	1.0	True	0.27	2.12
10	101458440	G	A	ENTPD7	Missense_Mutation	32	10	42	0.23809523809523808	2	1	1	1.7637	1	1.7637	1.0	True	0.27	2.12
10	101464581	G	A	ENTPD7	3'UTR	19	10	29	0.3448275862068966	2	1	1	2.5543	1	2.5543	1.0	True	0.27	2.12
10	102256019	G	A	SEC31B	Missense_Mutation	43	6	49	0.12244897959183673	2	1	1	0.907	1	0.907	0.907	True	0.27	2.12
10	104590640	C	T	CYP17A1	Missense_Mutation	33	9	42	0.21428571428571427	2	1	1	1.5873	1	1.5873	1.0	True	0.27	2.12
10	105063383	A	C	PCGF6	3'UTR	45	5	50	0.1	2	1	1	0.7407	1	0.7407	0.7407	False	0.27	2.12
10	105200521	G	A	PDCD11	Missense_Mutation	36	11	47	0.23404255319148937	2	1	1	1.7336	1	1.7336	1.0	True	0.27	2.12
10	105209411	G	A	CALHM2	Silent	39	4	43	0.09302325581395349	2	1	1	0.6891	1	0.6891	0.6891	False	0.27	2.12
10	105215241	G	A	CALHM1	Silent	38	12	50	0.24	2	1	1	1.7778	1	1.7778	1.0	True	0.27	2.12
10	105218338	C	T	CALHM1	Silent	68	9	77	0.11688311688311688	2	1	1	0.8658	1	0.8658	0.8658	True	0.27	2.12
10	108923780	C	T	SORCS1	Missense_Mutation	24	12	36	0.3333333333333333	2	1	1	2.4691	1	2.4691	1.0	True	0.27	2.12
10	111884031	C	T	ADD3	Missense_Mutation	30	5	35	0.14285714285714285	2	1	1	1.0582	1	1.0582	1.0	True	0.27	2.12
10	116013454	A	G	VWA2	Missense_Mutation	38	11	49	0.22448979591836735	2	1	1	1.6629	1	1.6629	1.0	True	0.27	2.12
10	118896029	C	T	VAX1	Missense_Mutation	51	30	81	0.37037037037037035	2	1	1	2.7435	1	2.7435	1.0	True	0.27	2.12
10	119308258	T	C	EMX2	3'UTR	38	19	57	0.3333333333333333	2	1	1	2.4691	1	2.4691	1.0	True	0.27	2.12
10	119768615	T	C	RAB11FIP2	Missense_Mutation	39	4	43	0.09302325581395349	2	1	1	0.6891	1	0.6891	0.6891	False	0.27	2.12
10	123279622	G	A	FGFR2	Silent	32	5	37	0.13513513513513514	2	1	1	1.001	1	1.001	1.0	True	0.27	2.12
10	125804220	C	T	CHST15	Silent	24	6	30	0.2	2	1	1	1.4815	1	1.4815	1.0	True	0.27	2.12
10	126370628	C	T	FAM53B	Missense_Mutation	28	4	32	0.125	2	1	1	0.9259	1	0.9259	0.9259	True	0.27	2.12
10	128193531	G	A	C10orf90	Missense_Mutation	31	6	37	0.16216216216216217	2	1	1	1.2012	1	1.2012	1.0	True	0.27	2.12
10	129242496	C	T	DOCK1	Missense_Mutation	36	5	41	0.12195121951219512	2	1	1	0.9033	1	0.9033	0.9033	True	0.27	2.12
10	133787443	G	T	BNIP3	Silent	31	22	53	0.41509433962264153	2	1	1	3.0748	1	3.0748	1.0	True	0.27	2.12
10	134912169	C	T	GPR123	Missense_Mutation	46	27	73	0.3698630136986301	2	1	1	2.7397	1	2.7397	1.0	True	0.27	2.12
10	135165862	G	T	PRAP1	Missense_Mutation	21	6	27	0.2222222222222222	2	1	1	1.6461	1	1.6461	1.0	True	0.27	2.12
10	135278386	C	T	SPRN	Intron	31	11	42	0.2619047619047619	2	1	1	1.94	1	1.94	1.0	True	0.27	2.12
10	135352525	G	T	CYP2E1	3'UTR	23	12	35	0.34285714285714286	2	1	1	2.5397	1	2.5397	1.0	True	0.27	2.12
10	135379060	C	T	SYCE1	5'UTR	103	30	133	0.22556390977443608	2	1	1	1.6708	1	1.6708	1.0	True	0.27	2.12
11	285298	C	A	NLRP6	Silent	35	3	38	0.07894736842105263	2	1	1	0.5848	1	0.5848	0.5848	False	0.27	2.12
11	1162271	G	A	MUC5AC	Missense_Mutation	29	5	34	0.14705882352941177	2	1	1	1.0893	1	1.0893	1.0	True	0.27	2.12
11	1273604	C	T	MUC5B	Silent	39	10	49	0.20408163265306123	2	1	1	1.5117	1	1.5117	1.0	True	0.27	2.12
11	1890205	G	A	LSP1	Intron	94	34	128	0.265625	2	1	1	1.9676	1	1.9676	1.0	True	0.27	2.12
11	2189810	C	T	TH	Missense_Mutation	24	11	35	0.3142857142857143	2	1	1	2.328	1	2.328	1.0	True	0.27	2.12
11	2338585	G	A	TSPAN32	Missense_Mutation	32	5	37	0.13513513513513514	2	1	1	1.001	1	1.001	1.0	True	0.27	2.12
11	2610023	G	A	KCNQ1	Silent	61	6	67	0.08955223880597014	2	1	1	0.6633	1	0.6633	0.6633	False	0.27	2.12
11	2683129	C	T	KCNQ1	Intron	24	7	31	0.22580645161290322	2	1	1	1.6726	1	1.6726	1.0	True	0.27	2.12
11	3423923	C	T	TSSC2	RNA	75	39	114	0.34210526315789475	2	1	1	2.5341	1	2.5341	1.0	True	0.27	2.12
11	3661353	T	C	ART5	Silent	54	5	59	0.0847457627118644	2	1	1	0.6277	1	0.6277	0.6277	False	0.27	2.12
11	3774622	G	A	NUP98	Silent	53	7	60	0.11666666666666667	2	1	1	0.8642	1	0.8642	0.8642	True	0.27	2.12
11	4674493	A	G	OR51E1	Missense_Mutation	33	19	52	0.36538461538461536	2	1	1	2.7066	1	2.7066	1.0	True	0.27	2.12
11	4870355	T	C	OR51S1	Silent	31	6	37	0.16216216216216217	2	1	1	1.2012	1	1.2012	1.0	True	0.27	2.12
11	5603090	A	G	OR52B6	Silent	38	7	45	0.15555555555555556	2	1	1	1.1523	1	1.1523	1.0	True	0.27	2.12
11	5776885	T	C	OR52N4	Silent	38	5	43	0.11627906976744186	2	1	1	0.8613	1	0.8613	0.8613	True	0.27	2.12
11	6245433	C	A	FAM160A2	Missense_Mutation	21	7	28	0.25	2	1	1	1.8519	1	1.8519	1.0	True	0.27	2.12
11	6452975	G	A	HPX	Missense_Mutation	24	7	31	0.22580645161290322	2	1	1	1.6726	1	1.6726	1.0	True	0.27	2.12
11	6470122	A	T	TRIM3	3'UTR	21	5	26	0.19230769230769232	2	1	1	1.4245	1	1.4245	1.0	True	0.27	2.12
11	14515826	A	T	COPB1	Missense_Mutation	56	7	63	0.1111111111111111	2	1	1	0.823	1	0.823	0.823	False	0.27	2.12
11	17623888	C	A	OTOG	Missense_Mutation	16	6	22	0.2727272727272727	2	1	1	2.0202	1	2.0202	1.0	True	0.27	2.12
11	17794026	G	A	KCNC1	Missense_Mutation	30	7	37	0.1891891891891892	2	1	1	1.4014	1	1.4014	1.0	True	0.27	2.12
11	18159395	G	A	MRGPRX3	Missense_Mutation	47	11	58	0.1896551724137931	2	1	1	1.4049	1	1.4049	1.0	True	0.27	2.12
11	18631412	C	T	SPTY2D1	Missense_Mutation	41	4	45	0.08888888888888889	2	1	1	0.6584	1	0.6584	0.6584	False	0.27	2.12
11	18956334	T	C	MRGPRX1	5'UTR	72	30	102	0.29411764705882354	2	1	1	2.1786	1	2.1786	1.0	True	0.27	2.12
11	27679158	T	G	BDNF	3'UTR	20	6	26	0.23076923076923078	2	1	1	1.7094	1	1.7094	1.0	True	0.27	2.12
11	32675522	A	G	CCDC73	Splice_Site	62	15	77	0.19480519480519481	2	1	1	1.443	1	1.443	1.0	True	0.27	2.12
11	33308839	C	A	HIPK3	Silent	20	4	24	0.16666666666666666	2	1	1	1.2346	1	1.2346	1.0	True	0.27	2.12
11	33763231	G	A	FBXO3	3'UTR	15	4	19	0.21052631578947367	2	1	1	1.5595	1	1.5595	1.0	True	0.27	2.12
11	35441523	C	T	SLC1A2	5'Flank	136	24	160	0.15	2	1	1	1.1111	1	1.1111	1.0	True	0.27	2.12
11	36511256	G	A	TRAF6	3'UTR	15	4	19	0.21052631578947367	2	1	1	1.5595	1	1.5595	1.0	True	0.27	2.12
11	43876336	G	A	HSD17B12	Silent	67	7	74	0.0945945945945946	2	1	1	0.7007	1	0.7007	0.7007	False	0.27	2.12
11	44331253	C	T	ALX4	Silent	35	8	43	0.18604651162790697	2	1	1	1.3781	1	1.3781	1.0	True	0.27	2.12
11	46564329	C	A	AMBRA1	Missense_Mutation	16	9	25	0.36	2	1	1	2.6667	1	2.6667	1.0	True	0.27	2.12
11	46751031	T	C	F2	Missense_Mutation	28	19	47	0.40425531914893614	2	1	1	2.9945	1	2.9945	1.0	True	0.27	2.12
11	47348351	G	T	MADD	Missense_Mutation	41	7	48	0.14583333333333334	2	1	1	1.0802	1	1.0802	1.0	True	0.27	2.12
11	48238936	T	A	OR4B1	Missense_Mutation	44	22	66	0.3333333333333333	2	1	1	2.4691	1	2.4691	1.0	True	0.27	2.12
11	48267012	C	T	OR4X2	Silent	50	15	65	0.23076923076923078	2	1	1	1.7094	1	1.7094	1.0	True	0.27	2.12
11	49175878	C	T	FOLH1	Missense_Mutation	42	15	57	0.2631578947368421	2	1	1	1.9493	1	1.9493	1.0	True	0.27	2.12
11	49831722	C	A	RP11-707M1.1	RNA	144	51	195	0.26153846153846155	2	1	1	1.9373	1	1.9373	1.0	True	0.27	2.12
11	55563075	C	T	OR5D14	Missense_Mutation	50	10	60	0.16666666666666666	2	1	1	1.2346	1	1.2346	1.0	True	0.27	2.12
11	56949426	C	T	LRRC55	Missense_Mutation	57	10	67	0.14925373134328357	2	1	1	1.1056	1	1.1056	1.0	True	0.27	2.12
11	57254668	G	A	SLC43A1	Missense_Mutation	62	10	72	0.1388888888888889	2	1	1	1.0288	1	1.0288	1.0	True	0.27	2.12
11	57958566	T	G	OR9Q2	Missense_Mutation	26	3	29	0.10344827586206896	2	1	1	0.7663	1	0.7663	0.7663	False	0.27	2.12
11	60310131	G	A	MS4A13	3'UTR	53	8	61	0.13114754098360656	2	1	1	0.9715	1	0.9715	0.9715	True	0.27	2.12
11	60658441	G	A	PRPF19	3'UTR	57	10	67	0.14925373134328357	2	1	1	1.1056	1	1.1056	1.0	True	0.27	2.12
11	60689732	C	A	TMEM109	3'UTR	39	8	47	0.1702127659574468	2	1	1	1.2608	1	1.2608	1.0	True	0.27	2.12
11	60898198	C	T	VPS37C	3'UTR	12	4	16	0.25	2	1	1	1.8519	1	1.8519	1.0	True	0.27	2.12
11	61071386	C	T	DDB1	Missense_Mutation	58	10	68	0.14705882352941177	2	1	1	1.0893	1	1.0893	1.0	True	0.27	2.12
11	61109365	C	T	DAK	Silent	37	10	47	0.2127659574468085	2	1	1	1.576	1	1.576	1.0	True	0.27	2.12
11	61183898	A	G	CPSF7	Missense_Mutation	42	14	56	0.25	2	1	1	1.8519	1	1.8519	1.0	True	0.27	2.12
11	61543873	C	T	MYRF	Missense_Mutation	35	4	39	0.10256410256410256	2	1	1	0.7597	1	0.7597	0.7597	False	0.27	2.12
11	61897580	G	A	INCENP	Missense_Mutation	23	8	31	0.25806451612903225	2	1	1	1.9116	1	1.9116	1.0	True	0.27	2.12
11	64060487	C	T	KCNK4	5'UTR	58	15	73	0.2054794520547945	2	1	1	1.5221	1	1.5221	1.0	True	0.27	2.12
11	64599932	C	A	CDC42BPG	Missense_Mutation	51	6	57	0.10526315789473684	2	1	1	0.7797	1	0.7797	0.7797	False	0.27	2.12
11	64606221	G	A	CDC42BPG	Missense_Mutation	12	7	19	0.3684210526315789	2	1	1	2.729	1	2.729	1.0	True	0.27	2.12
11	64677266	C	A	ATG2A	Missense_Mutation	42	11	53	0.20754716981132076	2	1	1	1.5374	1	1.5374	1.0	True	0.27	2.12
11	64697795	T	C	PPP2R5B	Missense_Mutation	31	6	37	0.16216216216216217	2	1	1	1.2012	1	1.2012	1.0	True	0.27	2.12
11	64953723	T	C	CAPN1	Missense_Mutation	34	16	50	0.32	2	1	1	2.3704	1	2.3704	1.0	True	0.27	2.12
11	65320669	C	T	LTBP3	Silent	50	6	56	0.10714285714285714	2	1	1	0.7937	1	0.7937	0.7937	False	0.27	2.12
11	65792817	C	T	CATSPER1	Missense_Mutation	41	19	60	0.31666666666666665	2	1	1	2.3457	1	2.3457	1.0	True	0.27	2.12
11	65827281	T	C	SF3B2	Missense_Mutation	32	6	38	0.15789473684210525	2	1	1	1.1696	1	1.1696	1.0	True	0.27	2.12
11	66010998	G	A	PACS1	3'UTR	17	4	21	0.19047619047619047	2	1	1	1.4109	1	1.4109	1.0	True	0.27	2.12
11	66100117	G	A	RIN1	Missense_Mutation	37	21	58	0.3620689655172414	2	1	1	2.682	1	2.682	1.0	True	0.27	2.12
11	66239923	C	T	PELI3	Silent	27	5	32	0.15625	2	1	1	1.1574	1	1.1574	1.0	True	0.27	2.12
11	66314452	G	A	ZDHHC24	5'Flank	82	14	96	0.14583333333333334	2	1	1	1.0802	1	1.0802	1.0	True	0.27	2.12
11	66359522	G	A	CCDC87	Missense_Mutation	16	8	24	0.3333333333333333	2	1	1	2.4691	1	2.4691	1.0	True	0.27	2.12
11	66618621	A	G	PC	Missense_Mutation	116	17	133	0.12781954887218044	2	1	1	0.9468	1	0.9468	0.9468	True	0.27	2.12
11	67053845	G	A	ADRBK1	3'UTR	29	14	43	0.32558139534883723	2	1	1	2.4117	1	2.4117	1.0	True	0.27	2.12
11	67132695	C	T	CLCF1	Missense_Mutation	30	7	37	0.1891891891891892	2	1	1	1.4014	1	1.4014	1.0	True	0.27	2.12
11	67190856	T	C	CARNS1	Missense_Mutation	38	5	43	0.11627906976744186	2	1	1	0.8613	1	0.8613	0.8613	True	0.27	2.12
11	68131293	G	A	LRP5	Nonsense_Mutation	56	5	61	0.08196721311475409	2	1	1	0.6072	1	0.6072	0.6072	False	0.27	2.12
11	72492334	T	C	STARD10	5'UTR	18	3	21	0.14285714285714285	2	1	1	1.0582	1	1.0582	1.0	True	0.27	2.12
11	72946284	G	A	P2RY2	Silent	14	4	18	0.2222222222222222	2	1	1	1.6461	1	1.6461	1.0	True	0.27	2.12
11	74203345	C	T	LIPT2	Silent	49	8	57	0.14035087719298245	2	1	1	1.0396	1	1.0396	1.0	True	0.27	2.12
11	76061815	G	T	PRKRIR	3'UTR	19	4	23	0.17391304347826086	2	1	1	1.2882	1	1.2882	1.0	True	0.27	2.12
11	76508803	C	T	TSKU	3'UTR	25	10	35	0.2857142857142857	2	1	1	2.1164	1	2.1164	1.0	True	0.27	2.12
11	76890120	C	T	MYO7A	Missense_Mutation	15	3	18	0.16666666666666666	2	1	1	1.2346	1	1.2346	1.0	True	0.27	2.12
11	82896654	A	T	PCF11	3'UTR	49	4	53	0.07547169811320754	2	1	1	0.559	1	0.559	0.559	False	0.27	2.12
11	83770506	C	T	DLG2	Silent	36	9	45	0.2	2	1	1	1.4815	1	1.4815	1.0	True	0.27	2.12
11	89447424	G	A	TRIM77	Missense_Mutation	28	6	34	0.17647058823529413	2	1	1	1.3072	1	1.3072	1.0	True	0.27	2.12
11	92570878	C	T	FAT3	Missense_Mutation	46	9	55	0.16363636363636364	2	1	1	1.2121	1	1.2121	1.0	True	0.27	2.12
11	92616433	C	T	FAT3	Missense_Mutation	37	9	46	0.1956521739130435	2	1	1	1.4493	1	1.4493	1.0	True	0.27	2.12
11	94528221	C	A	AMOTL1	Missense_Mutation	35	8	43	0.18604651162790697	2	1	1	1.3781	1	1.3781	1.0	True	0.27	2.12
11	94865489	A	G	ENDOD1	3'UTR	9	5	14	0.35714285714285715	2	1	1	2.6455	1	2.6455	1.0	True	0.27	2.12
11	95712103	C	A	MAML2	3'UTR	30	9	39	0.23076923076923078	2	1	1	1.7094	1	1.7094	1.0	True	0.27	2.12
11	99690293	C	A	CNTN5	Missense_Mutation	69	6	75	0.08	2	1	1	0.5926	1	0.5926	0.5926	False	0.27	2.12
11	102102495	A	G	YAP1	3'UTR	22	3	25	0.12	2	1	1	0.8889	1	0.8889	0.8889	True	0.27	2.12
11	102220968	C	T	BIRC2	Missense_Mutation	45	7	52	0.1346153846153846	2	1	1	0.9972	1	0.9972	0.9972	True	0.27	2.12
11	102666262	A	G	MMP1	Silent	31	12	43	0.27906976744186046	2	1	1	2.0672	1	2.0672	1.0	True	0.27	2.12
11	107462517	C	T	AP000889.3	Nonsense_Mutation	61	8	69	0.11594202898550725	2	1	1	0.8588	1	0.8588	0.8588	True	0.27	2.12
11	111945093	G	A	C11orf57	5'UTR	27	3	30	0.1	2	1	1	0.7407	1	0.7407	0.7407	False	0.27	2.12
11	113146392	G	A	NCAM1	3'Flank	17	4	21	0.19047619047619047	2	1	1	1.4109	1	1.4109	1.0	True	0.27	2.12
11	116706756	C	T	APOA1	Missense_Mutation	34	6	40	0.15	2	1	1	1.1111	1	1.1111	1.0	True	0.27	2.12
11	117066901	G	A	SIDT2	3'UTR	11	7	18	0.3888888888888889	2	1	1	2.8807	1	2.8807	1.0	True	0.27	2.12
11	118528628	C	A	TREH	3'Flank	20	6	26	0.23076923076923078	2	1	1	1.7094	1	1.7094	1.0	True	0.27	2.12
11	118768513	G	A	BCL9L	3'UTR	31	9	40	0.225	2	1	1	1.6667	1	1.6667	1.0	True	0.27	2.12
11	118973004	G	T	DPAGT1	5'UTR	41	8	49	0.16326530612244897	2	1	1	1.2094	1	1.2094	1.0	True	0.27	2.12
11	118987016	C	A	C2CD2L	3'UTR	35	6	41	0.14634146341463414	2	1	1	1.084	1	1.084	1.0	True	0.27	2.12
11	120190075	G	A	POU2F3	3'UTR	27	5	32	0.15625	2	1	1	1.1574	1	1.1574	1.0	True	0.27	2.12
11	120330012	A	T	AP000758.1	Nonsense_Mutation	53	15	68	0.22058823529411764	2	1	1	1.634	1	1.634	1.0	True	0.27	2.12
11	121489505	C	T	SORL1	Missense_Mutation	56	17	73	0.2328767123287671	2	1	1	1.725	1	1.725	1.0	True	0.27	2.12
11	123516402	C	A	SCN3B	Missense_Mutation	20	6	26	0.23076923076923078	2	1	1	1.7094	1	1.7094	1.0	True	0.27	2.12
11	123994433	C	T	VWA5A	Silent	48	9	57	0.15789473684210525	2	1	1	1.1696	1	1.1696	1.0	True	0.27	2.12
11	124765468	G	A	ROBO4	Silent	10	3	13	0.23076923076923078	2	1	1	1.7094	1	1.7094	1.0	True	0.27	2.12
11	128359270	G	A	ETS1	Silent	55	20	75	0.26666666666666666	2	1	1	1.9753	1	1.9753	1.0	True	0.27	2.12
11	128781288	G	A	KCNJ5	Silent	34	7	41	0.17073170731707318	2	1	1	1.2647	1	1.2647	1.0	True	0.27	2.12
11	129827675	G	A	PRDM10	Missense_Mutation	23	9	32	0.28125	2	1	1	2.0833	1	2.0833	1.0	True	0.27	2.12
11	129991646	G	T	APLP2	Missense_Mutation	54	12	66	0.18181818181818182	2	1	1	1.3468	1	1.3468	1.0	True	0.27	2.12
11	132288522	C	T	OPCML	3'UTR	16	5	21	0.23809523809523808	2	1	1	1.7637	1	1.7637	1.0	True	0.27	2.12
11	133790828	C	T	IGSF9B	Missense_Mutation	49	11	60	0.18333333333333332	2	1	1	1.358	1	1.358	1.0	True	0.27	2.12
11	133802093	A	G	IGSF9B	Missense_Mutation	17	3	20	0.15	2	1	1	1.1111	1	1.1111	1.0	True	0.27	2.12
11	134109963	C	T	VPS26B	Silent	42	5	47	0.10638297872340426	2	1	1	0.788	1	0.788	0.788	False	0.27	2.12
11	134253746	C	T	B3GAT1	Missense_Mutation	51	21	72	0.2916666666666667	2	1	1	2.1605	1	2.1605	1.0	True	0.27	2.12
12	2061979	G	T	DCP1B	Missense_Mutation	36	6	42	0.14285714285714285	2	1	1	1.0582	1	1.0582	1.0	True	0.27	2.12
12	3600863	C	A	PRMT8	Silent	19	4	23	0.17391304347826086	2	1	1	1.2882	1	1.2882	1.0	True	0.27	2.12
12	4848347	T	C	GALNT8	Silent	44	12	56	0.21428571428571427	2	1	1	1.5873	1	1.5873	1.0	True	0.27	2.12
12	4848418	C	G	GALNT8	Missense_Mutation	44	14	58	0.2413793103448276	2	1	1	1.788	1	1.788	1.0	True	0.27	2.12
12	6458386	C	T	SCNN1A	Missense_Mutation	29	4	33	0.12121212121212122	2	1	1	0.8979	1	0.8979	0.8979	True	0.27	2.12
12	6623452	C	T	NCAPD2	Silent	49	7	56	0.125	2	1	1	0.9259	1	0.9259	0.9259	True	0.27	2.12
12	6700898	G	T	CHD4	Missense_Mutation	41	4	45	0.08888888888888889	2	1	1	0.6584	1	0.6584	0.6584	False	0.27	2.12
12	6806743	C	T	PIANP	Missense_Mutation	53	20	73	0.273972602739726	2	1	1	2.0294	1	2.0294	1.0	True	0.27	2.12
12	6858069	C	T	MLF2	Silent	43	15	58	0.25862068965517243	2	1	1	1.9157	1	1.9157	1.0	True	0.27	2.12
12	6886966	G	A	LAG3	Missense_Mutation	27	5	32	0.15625	2	1	1	1.1574	1	1.1574	1.0	True	0.27	2.12
12	7309000	G	A	CLSTN3	Intron	23	6	29	0.20689655172413793	2	1	1	1.5326	1	1.5326	1.0	True	0.27	2.12
12	8327007	G	A	ZNF705A	Missense_Mutation	74	9	83	0.10843373493975904	2	1	1	0.8032	1	0.8032	0.8032	False	0.27	2.12
12	8756903	C	T	AICDA	Missense_Mutation	23	5	28	0.17857142857142858	2	1	1	1.3228	1	1.3228	1.0	True	0.27	2.12
12	8757882	C	T	AICDA	Missense_Mutation	31	10	41	0.24390243902439024	2	1	1	1.8067	1	1.8067	1.0	True	0.27	2.12
12	9089508	G	A	PHC1	Missense_Mutation	40	4	44	0.09090909090909091	2	1	1	0.6734	1	0.6734	0.6734	False	0.27	2.12
12	10342726	A	G	TMEM52B	Missense_Mutation	41	13	54	0.24074074074074073	2	1	1	1.7833	1	1.7833	1.0	True	0.27	2.12
12	11506732	G	T	PRB1	Missense_Mutation	116	13	129	0.10077519379844961	2	1	1	0.7465	1	0.7465	0.7465	False	0.27	2.12
12	11546379	T	C	PRB2	Silent	112	9	121	0.0743801652892562	2	1	1	0.551	1	0.551	0.551	False	0.27	2.12
12	12279725	T	C	LRP6	Silent	67	22	89	0.24719101123595505	2	1	1	1.831	1	1.831	1.0	True	0.27	2.12
12	12483849	G	A	MANSC1	Silent	58	4	62	0.06451612903225806	2	1	1	0.4779	1	0.4779	0.4779	False	0.27	2.12
12	13764669	A	G	GRIN2B	Silent	26	6	32	0.1875	2	1	1	1.3889	1	1.3889	1.0	True	0.27	2.12
12	21608074	T	A	PYROXD1	Missense_Mutation	26	7	33	0.21212121212121213	2	1	1	1.5713	1	1.5713	1.0	True	0.27	2.12
12	25308344	A	T	CASC1	Missense_Mutation	23	3	26	0.11538461538461539	2	1	1	0.8547	1	0.8547	0.8547	True	0.27	2.12
12	28412316	G	A	CCDC91	Missense_Mutation	71	7	78	0.08974358974358974	2	1	1	0.6648	1	0.6648	0.6648	False	0.27	2.12
12	29670503	C	T	TMTC1	Missense_Mutation	20	5	25	0.2	2	1	1	1.4815	1	1.4815	1.0	True	0.27	2.12
12	32480649	C	T	BICD1	Silent	25	12	37	0.32432432432432434	2	1	1	2.4024	1	2.4024	1.0	True	0.27	2.12
12	39046322	A	T	CPNE8	3'UTR	37	10	47	0.2127659574468085	2	1	1	1.576	1	1.576	1.0	True	0.27	2.12
12	39726115	A	G	KIF21A	Silent	30	16	46	0.34782608695652173	2	1	1	2.5765	1	2.5765	1.0	True	0.27	2.12
12	40345040	G	A	SLC2A13	Intron	62	12	74	0.16216216216216217	2	1	1	1.2012	1	1.2012	1.0	True	0.27	2.12
12	40740637	T	C	LRRK2	Silent	57	6	63	0.09523809523809523	2	1	1	0.7055	1	0.7055	0.7055	False	0.27	2.12
12	44180243	T	A	IRAK4	Silent	27	6	33	0.18181818181818182	2	1	1	1.3468	1	1.3468	1.0	True	0.27	2.12
12	48378778	G	A	COL2A1	Silent	25	3	28	0.10714285714285714	2	1	1	0.7937	1	0.7937	0.7937	False	0.27	2.12
12	48528050	G	A	PFKM	Missense_Mutation	47	6	53	0.11320754716981132	2	1	1	0.8386	1	0.8386	0.8386	False	0.27	2.12
12	49222007	C	A	CACNB3	3'UTR	18	4	22	0.18181818181818182	2	1	1	1.3468	1	1.3468	1.0	True	0.27	2.12
12	49391444	C	A	DDN	Missense_Mutation	164	29	193	0.15025906735751296	2	1	1	1.113	1	1.113	1.0	True	0.27	2.12
12	49391699	C	A	DDN	Silent	47	8	55	0.14545454545454545	2	1	1	1.0774	1	1.0774	1.0	True	0.27	2.12
12	49425056	G	A	KMT2D	Missense_Mutation	22	5	27	0.18518518518518517	2	1	1	1.3717	1	1.3717	1.0	True	0.27	2.12
12	49943287	G	A	KCNH3	Missense_Mutation	31	14	45	0.3111111111111111	2	1	1	2.3045	1	2.3045	1.0	True	0.27	2.12
12	50026386	C	T	PRPF40B	Missense_Mutation	53	4	57	0.07017543859649122	2	1	1	0.5198	1	0.5198	0.5198	False	0.27	2.12
12	50594561	T	C	LIMA1	Missense_Mutation	53	10	63	0.15873015873015872	2	1	1	1.1758	1	1.1758	1.0	True	0.27	2.12
12	51634238	A	G	DAZAP2	Missense_Mutation	49	10	59	0.1694915254237288	2	1	1	1.2555	1	1.2555	1.0	True	0.27	2.12
12	51868866	C	T	SLC4A8	Missense_Mutation	45	5	50	0.1	2	1	1	0.7407	1	0.7407	0.7407	False	0.27	2.12
12	52631312	C	T	KRT7	Missense_Mutation	76	11	87	0.12643678160919541	2	1	1	0.9366	1	0.9366	0.9366	True	0.27	2.12
12	52885367	G	A	KRT6A	Missense_Mutation	64	20	84	0.23809523809523808	2	1	1	1.7637	1	1.7637	1.0	True	0.27	2.12
12	52985384	C	T	KRT72	Missense_Mutation	63	9	72	0.125	2	1	1	0.9259	1	0.9259	0.9259	True	0.27	2.12
12	54107679	G	A	CALCOCO1	Missense_Mutation	14	14	28	0.5	2	1	1	3.7037	1	3.7037	1.0	True	0.27	2.12
12	54394172	C	T	HOXC9	Missense_Mutation	34	6	40	0.15	2	1	1	1.1111	1	1.1111	1.0	True	0.27	2.12
12	54910702	C	T	NCKAP1L	Missense_Mutation	59	31	90	0.34444444444444444	2	1	1	2.5514	1	2.5514	1.0	True	0.27	2.12
12	57110462	C	T	NACA	Intron	63	16	79	0.20253164556962025	2	1	1	1.5002	1	1.5002	1.0	True	0.27	2.12
12	57485734	C	T	NAB2	Missense_Mutation	27	9	36	0.25	2	1	1	1.8519	1	1.8519	1.0	True	0.27	2.12
12	57602955	C	T	LRP1	Missense_Mutation	43	14	57	0.24561403508771928	2	1	1	1.8194	1	1.8194	1.0	True	0.27	2.12
12	63195670	G	A	PPM1H	Missense_Mutation	21	11	32	0.34375	2	1	1	2.5463	1	2.5463	1.0	True	0.27	2.12
12	63541258	T	G	AVPR1A	Missense_Mutation	42	6	48	0.125	2	1	1	0.9259	1	0.9259	0.9259	True	0.27	2.12
12	68553363	C	A	IFNG	Missense_Mutation	30	20	50	0.4	2	1	1	2.963	1	2.963	1.0	True	0.27	2.12
12	69633399	C	T	CPSF6	5'UTR	33	11	44	0.25	2	1	1	1.8519	1	1.8519	1.0	True	0.27	2.12
12	71977667	G	A	LGR5	Missense_Mutation	61	11	72	0.1527777777777778	2	1	1	1.1317	1	1.1317	1.0	True	0.27	2.12
12	77416217	C	T	E2F7	3'UTR	107	36	143	0.2517482517482518	2	1	1	1.8648	1	1.8648	1.0	True	0.27	2.12
12	78513542	C	T	NAV3	Missense_Mutation	37	14	51	0.27450980392156865	2	1	1	2.0334	1	2.0334	1.0	True	0.27	2.12
12	85450889	G	A	LRRIQ1	Missense_Mutation	46	9	55	0.16363636363636364	2	1	1	1.2121	1	1.2121	1.0	True	0.27	2.12
12	88890764	T	A	KITLG	3'UTR	40	7	47	0.14893617021276595	2	1	1	1.1032	1	1.1032	1.0	True	0.27	2.12
12	94243848	T	C	CRADD	Missense_Mutation	37	17	54	0.3148148148148148	2	1	1	2.332	1	2.332	1.0	True	0.27	2.12
12	95501371	G	T	FGD6	Silent	25	4	29	0.13793103448275862	2	1	1	1.0217	1	1.0217	1.0	True	0.27	2.12
12	95603382	G	A	FGD6	Missense_Mutation	19	5	24	0.20833333333333334	2	1	1	1.5432	1	1.5432	1.0	True	0.27	2.12
12	101488063	G	A	ANO4	Silent	40	24	64	0.375	2	1	1	2.7778	1	2.7778	1.0	True	0.27	2.12
12	104474575	G	A	HCFC2	Missense_Mutation	56	14	70	0.2	2	1	1	1.4815	1	1.4815	1.0	True	0.27	2.12
12	104495909	C	A	HCFC2	Missense_Mutation	38	7	45	0.15555555555555556	2	1	1	1.1523	1	1.1523	1.0	True	0.27	2.12
12	104512950	A	T	NFYB	3'UTR	11	7	18	0.3888888888888889	2	1	1	2.8807	1	2.8807	1.0	True	0.27	2.12
12	108128295	G	A	PRDM4	Missense_Mutation	23	8	31	0.25806451612903225	2	1	1	1.9116	1	1.9116	1.0	True	0.27	2.12
12	109634881	C	T	ACACB	Silent	39	6	45	0.13333333333333333	2	1	1	0.9877	1	0.9877	0.9877	True	0.27	2.12
12	111085086	C	A	TCTN1	Missense_Mutation	37	20	57	0.3508771929824561	2	1	1	2.5991	1	2.5991	1.0	True	0.27	2.12
12	112304016	G	A	MAPKAPK5	Missense_Mutation	24	15	39	0.38461538461538464	2	1	1	2.849	1	2.849	1.0	True	0.27	2.12
12	113537619	C	T	RASAL1	3'UTR	21	4	25	0.16	2	1	1	1.1852	1	1.1852	1.0	True	0.27	2.12
12	113830675	G	A	SDS	3'UTR	10	3	13	0.23076923076923078	2	1	1	1.7094	1	1.7094	1.0	True	0.27	2.12
12	117013665	G	A	MAP1LC3B2	5'UTR	16	7	23	0.30434782608695654	2	1	1	2.2544	1	2.2544	1.0	True	0.27	2.12
12	117923482	C	T	KSR2	Missense_Mutation	17	5	22	0.22727272727272727	2	1	1	1.6835	1	1.6835	1.0	True	0.27	2.12
12	120534289	G	A	RAB35	3'UTR	22	3	25	0.12	2	1	1	0.8889	1	0.8889	0.8889	True	0.27	2.12
12	120795666	C	T	MSI1	Missense_Mutation	18	8	26	0.3076923076923077	2	1	1	2.2792	1	2.2792	1.0	True	0.27	2.12
12	121202176	C	T	SPPL3	3'UTR	11	8	19	0.42105263157894735	2	1	1	3.1189	1	3.1189	1.0	True	0.27	2.12
12	121683003	T	C	CAMKK2	Missense_Mutation	22	5	27	0.18518518518518517	2	1	1	1.3717	1	1.3717	1.0	True	0.27	2.12
12	122252481	C	T	SETD1B	Missense_Mutation	7	4	11	0.36363636363636365	2	1	1	2.6936	1	2.6936	1.0	True	0.27	2.12
12	122252612	G	A	SETD1B	Missense_Mutation	37	11	48	0.22916666666666666	2	1	1	1.6975	1	1.6975	1.0	True	0.27	2.12
12	122492854	A	C	BCL7A	Silent	40	6	46	0.13043478260869565	2	1	1	0.9662	1	0.9662	0.9662	True	0.27	2.12
12	123082350	C	T	KNTC1	Silent	42	6	48	0.125	2	1	1	0.9259	1	0.9259	0.9259	True	0.27	2.12
12	124272528	G	T	DNAH10	Missense_Mutation	45	4	49	0.08163265306122448	2	1	1	0.6047	1	0.6047	0.6047	False	0.27	2.12
12	124325934	G	A	DNAH10	Silent	34	10	44	0.22727272727272727	2	1	1	1.6835	1	1.6835	1.0	True	0.27	2.12
12	124821385	G	A	NCOR2	Missense_Mutation	26	7	33	0.21212121212121213	2	1	1	1.5713	1	1.5713	1.0	True	0.27	2.12
12	124829303	C	T	NCOR2	Silent	19	12	31	0.3870967741935484	2	1	1	2.8674	1	2.8674	1.0	True	0.27	2.12
12	126128809	C	T	TMEM132B	Missense_Mutation	53	18	71	0.2535211267605634	2	1	1	1.8779	1	1.8779	1.0	True	0.27	2.12
12	127229758	C	A	LINC00943	RNA	23	11	34	0.3235294117647059	2	1	1	2.3965	1	2.3965	1.0	True	0.27	2.12
12	129181916	A	C	TMEM132C	Missense_Mutation	20	9	29	0.3103448275862069	2	1	1	2.2989	1	2.2989	1.0	True	0.27	2.12
12	129189895	C	T	TMEM132C	Silent	37	12	49	0.24489795918367346	2	1	1	1.8141	1	1.8141	1.0	True	0.27	2.12
12	130184428	C	T	TMEM132D	Missense_Mutation	36	6	42	0.14285714285714285	2	1	1	1.0582	1	1.0582	1.0	True	0.27	2.12
12	130520718	G	A	RP11-474D1.3	RNA	11	6	17	0.35294117647058826	2	1	1	2.6144	1	2.6144	1.0	True	0.27	2.12
12	130926638	G	A	RIMBP2	Missense_Mutation	23	9	32	0.28125	2	1	1	2.0833	1	2.0833	1.0	True	0.27	2.12
12	131360212	T	G	RAN	Missense_Mutation	51	19	70	0.2714285714285714	2	1	1	2.0106	1	2.0106	1.0	True	0.27	2.12
12	132497561	C	G	EP400	Missense_Mutation	47	6	53	0.11320754716981132	2	1	1	0.8386	1	0.8386	0.8386	False	0.27	2.12
12	132636910	G	A	NOC4L	Silent	51	16	67	0.23880597014925373	2	1	1	1.7689	1	1.7689	1.0	True	0.27	2.12
12	133241907	C	A	POLE	Missense_Mutation	34	10	44	0.22727272727272727	2	1	1	1.6835	1	1.6835	1.0	True	0.27	2.12
13	20797451	G	A	GJB6	Nonsense_Mutation	36	5	41	0.12195121951219512	2	1	1	0.9033	1	0.9033	0.9033	True	0.27	2.12
13	23909409	C	G	SACS	Missense_Mutation	21	7	28	0.25	2	1	1	1.8519	1	1.8519	1.0	True	0.27	2.12
13	24895248	G	A	C1QTNF9	Missense_Mutation	36	7	43	0.16279069767441862	2	1	1	1.2059	1	1.2059	1.0	True	0.27	2.12
13	25915371	A	G	NUPL1	3'UTR	9	7	16	0.4375	2	1	1	3.2407	1	3.2407	1.0	True	0.27	2.12
13	28608066	T	C	FLT3	Missense_Mutation	39	8	47	0.1702127659574468	2	1	1	1.2608	1	1.2608	1.0	True	0.27	2.12
13	30340401	C	T	UBL3	3'UTR	34	5	39	0.1282051282051282	2	1	1	0.9497	1	0.9497	0.9497	True	0.27	2.12
13	32376432	A	C	RXFP2	Missense_Mutation	32	12	44	0.2727272727272727	2	1	1	2.0202	1	2.0202	1.0	True	0.27	2.12
13	33703975	C	A	STARD13	Missense_Mutation	27	6	33	0.18181818181818182	2	1	1	1.3468	1	1.3468	1.0	True	0.27	2.12
13	35644864	A	C	NBEA	Missense_Mutation	114	45	159	0.2830188679245283	2	1	1	2.0964	1	2.0964	1.0	True	0.27	2.12
13	36158057	A	G	NBEA	Missense_Mutation	38	14	52	0.2692307692307692	2	1	1	1.9943	1	1.9943	1.0	True	0.27	2.12
13	36699950	A	G	DCLK1	Missense_Mutation	26	13	39	0.3333333333333333	2	1	1	2.4691	1	2.4691	1.0	True	0.27	2.12
13	37583870	T	G	SUPT20H	Missense_Mutation	27	8	35	0.22857142857142856	2	1	1	1.6931	1	1.6931	1.0	True	0.27	2.12
13	38154786	T	C	POSTN	Missense_Mutation	76	30	106	0.2830188679245283	2	1	1	2.0964	1	2.0964	1.0	True	0.27	2.12
13	38156600	T	G	POSTN	Missense_Mutation	40	25	65	0.38461538461538464	2	1	1	2.849	1	2.849	1.0	True	0.27	2.12
13	39262085	G	A	FREM2	Missense_Mutation	54	6	60	0.1	2	1	1	0.7407	1	0.7407	0.7407	False	0.27	2.12
13	50502184	G	C	SPRYD7	Missense_Mutation	54	10	64	0.15625	2	1	1	1.1574	1	1.1574	1.0	True	0.27	2.12
13	50589421	T	A	TRIM13	3'Flank	50	5	55	0.09090909090909091	2	1	1	0.6734	1	0.6734	0.6734	False	0.27	2.12
13	52348164	C	T	DHRS12	Missense_Mutation	19	5	24	0.20833333333333334	2	1	1	1.5432	1	1.5432	1.0	True	0.27	2.12
13	52532637	A	C	ATP7B	Missense_Mutation	45	8	53	0.1509433962264151	2	1	1	1.1181	1	1.1181	1.0	True	0.27	2.12
13	60565348	T	A	DIAPH3	Silent	28	8	36	0.2222222222222222	2	1	1	1.6461	1	1.6461	1.0	True	0.27	2.12
13	61103042	T	C	TDRD3	Silent	59	6	65	0.09230769230769231	2	1	1	0.6838	1	0.6838	0.6838	False	0.27	2.12
13	74267776	C	T	KLF12	3'UTR	17	11	28	0.39285714285714285	2	1	1	2.9101	1	2.9101	1.0	True	0.27	2.12
13	76414552	C	T	LMO7	Missense_Mutation	50	6	56	0.10714285714285714	2	1	1	0.7937	1	0.7937	0.7937	False	0.27	2.12
13	77764414	G	A	MYCBP2	Missense_Mutation	17	4	21	0.19047619047619047	2	1	1	1.4109	1	1.4109	1.0	True	0.27	2.12
13	77842008	G	A	MYCBP2	Missense_Mutation	47	5	52	0.09615384615384616	2	1	1	0.7123	1	0.7123	0.7123	False	0.27	2.12
13	88327706	G	A	SLITRK5	Nonsense_Mutation	26	8	34	0.23529411764705882	2	1	1	1.7429	1	1.7429	1.0	True	0.27	2.12
13	95696013	G	A	ABCC4	Missense_Mutation	35	21	56	0.375	2	1	1	2.7778	1	2.7778	1.0	True	0.27	2.12
13	100638004	C	T	ZIC2	3'UTR	78	9	87	0.10344827586206896	2	1	1	0.7663	1	0.7663	0.7663	False	0.27	2.12
13	101833385	C	T	NALCN	Intron	7	3	10	0.3	2	1	1	2.2222	1	2.2222	1.0	True	0.27	2.12
13	102220154	C	T	ITGBL1	Nonsense_Mutation	43	9	52	0.17307692307692307	2	1	1	1.2821	1	1.2821	1.0	True	0.27	2.12
13	102568949	G	A	FGF14	Intron	30	8	38	0.21052631578947367	2	1	1	1.5595	1	1.5595	1.0	True	0.27	2.12
13	103330657	C	T	TPP2	Silent	40	13	53	0.24528301886792453	2	1	1	1.8169	1	1.8169	1.0	True	0.27	2.12
13	107143933	G	T	EFNB2	3'UTR	43	7	50	0.14	2	1	1	1.037	1	1.037	1.0	True	0.27	2.12
13	109496836	G	A	MYO16	Missense_Mutation	29	5	34	0.14705882352941177	2	1	1	1.0893	1	1.0893	1.0	True	0.27	2.12
13	109792756	C	T	MYO16	Missense_Mutation	41	9	50	0.18	2	1	1	1.3333	1	1.3333	1.0	True	0.27	2.12
13	111176254	C	T	RAB20	Missense_Mutation	28	11	39	0.28205128205128205	2	1	1	2.0893	1	2.0893	1.0	True	0.27	2.12
14	19563232	T	C	POTEG	Intron	24	23	47	0.48936170212765956	2	1	1	3.6249	1	3.6249	1.0	True	0.27	2.12
14	20770016	G	T	TTC5	Missense_Mutation	66	9	75	0.12	2	1	1	0.8889	1	0.8889	0.8889	True	0.27	2.12
14	22476190	C	A	TRAV19	Silent	38	4	42	0.09523809523809523	2	1	1	0.7055	1	0.7055	0.7055	False	0.27	2.12
14	23746069	C	T	HOMEZ	Missense_Mutation	34	14	48	0.2916666666666667	2	1	1	2.1605	1	2.1605	1.0	True	0.27	2.12
14	23859522	G	A	MYH6	Missense_Mutation	45	10	55	0.18181818181818182	2	1	1	1.3468	1	1.3468	1.0	True	0.27	2.12
14	23862717	A	G	MYH6	Missense_Mutation	45	6	51	0.11764705882352941	2	1	1	0.8715	1	0.8715	0.8715	True	0.27	2.12
14	23891440	C	A	MYH7	Missense_Mutation	62	12	74	0.16216216216216217	2	1	1	1.2012	1	1.2012	1.0	True	0.27	2.12
14	24004094	C	T	ZFHX2	Silent	24	3	27	0.1111111111111111	2	1	1	0.823	1	0.823	0.823	False	0.27	2.12
14	24435541	A	C	DHRS4	Missense_Mutation	61	36	97	0.3711340206185567	2	1	1	2.7491	1	2.7491	1.0	True	0.27	2.12
14	24724024	C	T	TGM1	Missense_Mutation	22	10	32	0.3125	2	1	1	2.3148	1	2.3148	1.0	True	0.27	2.12
14	24766024	G	A	DHRS1	Nonsense_Mutation	19	7	26	0.2692307692307692	2	1	1	1.9943	1	1.9943	1.0	True	0.27	2.12
14	24774255	C	T	NOP9	Missense_Mutation	55	10	65	0.15384615384615385	2	1	1	1.1396	1	1.1396	1.0	True	0.27	2.12
14	24780972	C	A	LTB4R2	3'UTR	64	10	74	0.13513513513513514	2	1	1	1.001	1	1.001	1.0	True	0.27	2.12
14	24786953	C	T	LTB4R	3'UTR	29	7	36	0.19444444444444445	2	1	1	1.4403	1	1.4403	1.0	True	0.27	2.12
14	24975364	G	A	CMA1	Missense_Mutation	20	7	27	0.25925925925925924	2	1	1	1.9204	1	1.9204	1.0	True	0.27	2.12
14	29237758	T	C	FOXG1	Missense_Mutation	47	5	52	0.09615384615384616	2	1	1	0.7123	1	0.7123	0.7123	False	0.27	2.12
14	30046584	G	T	PRKD1	Missense_Mutation	29	13	42	0.30952380952380953	2	1	1	2.2928	1	2.2928	1.0	True	0.27	2.12
14	31091582	C	T	SCFD1	Missense_Mutation	74	10	84	0.11904761904761904	2	1	1	0.8818	1	0.8818	0.8818	True	0.27	2.12
14	31107414	T	C	SCFD1	Silent	34	11	45	0.24444444444444444	2	1	1	1.8107	1	1.8107	1.0	True	0.27	2.12
14	33293133	T	C	AKAP6	Silent	20	4	24	0.16666666666666666	2	1	1	1.2346	1	1.2346	1.0	True	0.27	2.12
14	34269189	G	A	NPAS3	Missense_Mutation	23	10	33	0.30303030303030304	2	1	1	2.2447	1	2.2447	1.0	True	0.27	2.12
14	36986274	A	T	NKX2-1	3'UTR	100	40	140	0.2857142857142857	2	1	1	2.1164	1	2.1164	1.0	True	0.27	2.12
14	36986283	A	C	NKX2-1	3'UTR	125	19	144	0.13194444444444445	2	1	1	0.9774	1	0.9774	0.9774	True	0.27	2.12
14	36986897	G	A	NKX2-1	Silent	34	8	42	0.19047619047619047	2	1	1	1.4109	1	1.4109	1.0	True	0.27	2.12
14	45644288	T	C	FANCM	Silent	27	9	36	0.25	2	1	1	1.8519	1	1.8519	1.0	True	0.27	2.12
14	50901268	T	A	MAP4K5	Missense_Mutation	18	4	22	0.18181818181818182	2	1	1	1.3468	1	1.3468	1.0	True	0.27	2.12
14	51026987	G	A	ATL1	Missense_Mutation	32	8	40	0.2	2	1	1	1.4815	1	1.4815	1.0	True	0.27	2.12
14	53527857	G	A	DDHD1	Missense_Mutation	52	7	59	0.11864406779661017	2	1	1	0.8788	1	0.8788	0.8788	True	0.27	2.12
14	55310393	C	A	GCH1	3'UTR	16	15	31	0.4838709677419355	2	1	1	3.5842	1	3.5842	1.0	True	0.27	2.12
14	60474815	A	G	LRRC9	Silent	57	8	65	0.12307692307692308	2	1	1	0.9117	1	0.9117	0.9117	True	0.27	2.12
14	64443352	G	T	SYNE2	Missense_Mutation	174	31	205	0.15121951219512195	2	1	1	1.1201	1	1.1201	1.0	True	0.27	2.12
14	64465666	C	A	SYNE2	Missense_Mutation	22	3	25	0.12	2	1	1	0.8889	1	0.8889	0.8889	True	0.27	2.12
14	64723982	G	A	ESR2	Silent	29	11	40	0.275	2	1	1	2.037	1	2.037	1.0	True	0.27	2.12
14	65054868	C	T	PPP1R36	Missense_Mutation	24	9	33	0.2727272727272727	2	1	1	2.0202	1	2.0202	1.0	True	0.27	2.12
14	67787969	G	A	MPP5	Missense_Mutation	51	13	64	0.203125	2	1	1	1.5046	1	1.5046	1.0	True	0.27	2.12
14	67940219	C	T	TMEM229B	Missense_Mutation	43	12	55	0.21818181818181817	2	1	1	1.6162	1	1.6162	1.0	True	0.27	2.12
14	73159862	G	T	DPF3	Missense_Mutation	86	19	105	0.18095238095238095	2	1	1	1.3404	1	1.3404	1.0	True	0.27	2.12
14	73442396	C	T	ZFYVE1	Missense_Mutation	31	4	35	0.11428571428571428	2	1	1	0.8466	1	0.8466	0.8466	False	0.27	2.12
14	73570072	G	A	RBM25	Missense_Mutation	14	11	25	0.44	2	1	1	3.2593	1	3.2593	1.0	True	0.27	2.12
14	75302513	C	T	YLPM1	3'UTR	35	9	44	0.20454545454545456	2	1	1	1.5152	1	1.5152	1.0	True	0.27	2.12
14	76259374	G	A	TTLL5	Silent	32	7	39	0.1794871794871795	2	1	1	1.3295	1	1.3295	1.0	True	0.27	2.12
14	85996121	G	A	FLRT2	5'Flank	65	6	71	0.08450704225352113	2	1	1	0.626	1	0.626	0.626	False	0.27	2.12
14	89016861	A	G	PTPN21	5'UTR	55	10	65	0.15384615384615385	2	1	1	1.1396	1	1.1396	1.0	True	0.27	2.12
14	89163272	T	C	EML5	Missense_Mutation	58	9	67	0.13432835820895522	2	1	1	0.995	1	0.995	0.995	True	0.27	2.12
14	90485719	T	A	TDP1	Missense_Mutation	42	6	48	0.125	2	1	1	0.9259	1	0.9259	0.9259	True	0.27	2.12
14	90874518	T	C	CALM1	3'UTR	60	11	71	0.15492957746478872	2	1	1	1.1476	1	1.1476	1.0	True	0.27	2.12
14	93429193	G	A	ITPK1	Silent	27	4	31	0.12903225806451613	2	1	1	0.9558	1	0.9558	0.9558	True	0.27	2.12
14	94956095	G	A	SERPINA12	Silent	32	15	47	0.3191489361702128	2	1	1	2.3641	1	2.3641	1.0	True	0.27	2.12
14	95570269	G	A	DICER1	Missense_Mutation	37	16	53	0.3018867924528302	2	1	1	2.2362	1	2.2362	1.0	True	0.27	2.12
14	96752247	C	T	ATG2B	Missense_Mutation	24	14	38	0.3684210526315789	2	1	1	2.729	1	2.729	1.0	True	0.27	2.12
14	100118894	G	A	HHIPL1	Missense_Mutation	21	11	32	0.34375	2	1	1	2.5463	1	2.5463	1.0	True	0.27	2.12
14	100706003	G	A	YY1	Missense_Mutation	15	4	19	0.21052631578947367	2	1	1	1.5595	1	1.5595	1.0	True	0.27	2.12
14	100706005	G	A	YY1	Missense_Mutation	14	5	19	0.2631578947368421	2	1	1	1.9493	1	1.9493	1.0	True	0.27	2.12
14	100800874	C	A	WARS	3'UTR	41	13	54	0.24074074074074073	2	1	1	1.7833	1	1.7833	1.0	True	0.27	2.12
14	101489709	A	G	MIR411	RNA	37	12	49	0.24489795918367346	2	1	1	1.8141	1	1.8141	1.0	True	0.27	2.12
14	105354207	A	G	CEP170B	Missense_Mutation	83	13	96	0.13541666666666666	2	1	1	1.0031	1	1.0031	1.0	True	0.27	2.12
14	105396394	G	A	PLD4	Silent	19	4	23	0.17391304347826086	2	1	1	1.2882	1	1.2882	1.0	True	0.27	2.12
14	105398428	G	A	PLD4	Missense_Mutation	32	14	46	0.30434782608695654	2	1	1	2.2544	1	2.2544	1.0	True	0.27	2.12
14	105420232	G	A	AHNAK2	Missense_Mutation	45	5	50	0.1	2	1	1	0.7407	1	0.7407	0.7407	False	0.27	2.12
14	105929561	A	G	MTA1	Missense_Mutation	29	16	45	0.35555555555555557	2	1	1	2.6337	1	2.6337	1.0	True	0.27	2.12
14	105995579	C	T	TMEM121	Silent	46	5	51	0.09803921568627451	2	1	1	0.7262	1	0.7262	0.7262	False	0.27	2.12
14	106110186	G	A	IGHG2	Silent	79	34	113	0.3008849557522124	2	1	1	2.2288	1	2.2288	1.0	True	0.27	2.12
14	106237469	G	A	IGHG3	Missense_Mutation	74	14	88	0.1590909090909091	2	1	1	1.1785	1	1.1785	1.0	True	0.27	2.12
14	106386929	A	G	KIAA0125	5'UTR	71	13	84	0.15476190476190477	2	1	1	1.1464	1	1.1464	1.0	True	0.27	2.12
15	23198619	T	C	WHAMMP3	RNA	122	19	141	0.1347517730496454	2	1	1	0.9982	1	0.9982	0.9982	True	0.27	2.12
15	23330372	A	G	HERC2P2	Intron	156	35	191	0.18324607329842932	2	1	1	1.3574	1	1.3574	1.0	True	0.27	2.12
15	23689141	G	A	GOLGA6L2	Missense_Mutation	91	58	149	0.38926174496644295	2	1	1	2.8834	1	2.8834	1.0	True	0.27	2.12
15	25221489	C	T	SNRPN	Missense_Mutation	42	5	47	0.10638297872340426	2	1	1	0.788	1	0.788	0.788	False	0.27	2.12
15	25456847	G	T	SNORD115-22	3'Flank	24	5	29	0.1724137931034483	2	1	1	1.2771	1	1.2771	1.0	True	0.27	2.12
15	27018130	C	T	GABRB3	5'UTR	6	4	10	0.4	2	1	1	2.963	1	2.963	1.0	True	0.27	2.12
15	27128522	A	C	GABRA5	Missense_Mutation	45	17	62	0.27419354838709675	2	1	1	2.0311	1	2.0311	1.0	True	0.27	2.12
15	31776544	C	A	OTUD7A	Silent	24	6	30	0.2	2	1	1	1.4815	1	1.4815	1.0	True	0.27	2.12
15	34077887	A	G	RYR3	Missense_Mutation	22	14	36	0.3888888888888889	2	1	1	2.8807	1	2.8807	1.0	True	0.27	2.12
15	34158806	T	C	AVEN	3'UTR	58	22	80	0.275	2	1	1	2.037	1	2.037	1.0	True	0.27	2.12
15	36984338	C	T	C15orf41	Silent	47	8	55	0.14545454545454545	2	1	1	1.0774	1	1.0774	1.0	True	0.27	2.12
15	38786678	G	A	RASGRP1	Missense_Mutation	24	13	37	0.35135135135135137	2	1	1	2.6026	1	2.6026	1.0	True	0.27	2.12
15	40318214	C	T	EIF2AK4	Missense_Mutation	23	19	42	0.4523809523809524	2	1	1	3.351	1	3.351	1.0	True	0.27	2.12
15	40596215	G	A	PLCB2	Missense_Mutation	34	7	41	0.17073170731707318	2	1	1	1.2647	1	1.2647	1.0	True	0.27	2.12
15	42147436	G	T	SPTBN5	Missense_Mutation	43	16	59	0.2711864406779661	2	1	1	2.0088	1	2.0088	1.0	True	0.27	2.12
15	42437801	C	T	PLA2G4F	Silent	49	14	63	0.2222222222222222	2	1	1	1.6461	1	1.6461	1.0	True	0.27	2.12
15	42982290	T	C	STARD9	Silent	15	4	19	0.21052631578947367	2	1	1	1.5595	1	1.5595	1.0	True	0.27	2.12
15	43512976	C	T	EPB42	Silent	87	9	96	0.09375	2	1	1	0.6944	1	0.6944	0.6944	False	0.27	2.12
15	43748969	C	A	TP53BP1	Nonsense_Mutation	44	12	56	0.21428571428571427	2	1	1	1.5873	1	1.5873	1.0	True	0.27	2.12
15	43931160	C	T	CATSPER2	Missense_Mutation	48	8	56	0.14285714285714285	2	1	1	1.0582	1	1.0582	1.0	True	0.27	2.12
15	44028271	G	A	RNU6-354P	5'Flank	20	6	26	0.23076923076923078	2	1	1	1.7094	1	1.7094	1.0	True	0.27	2.12
15	45777062	G	A	SLC30A4	3'UTR	27	5	32	0.15625	2	1	1	1.1574	1	1.1574	1.0	True	0.27	2.12
15	48719918	G	A	FBN1	Silent	17	3	20	0.15	2	1	1	1.1111	1	1.1111	1.0	True	0.27	2.12
15	49935658	A	G	DTWD1	Silent	37	3	40	0.075	2	1	1	0.5556	1	0.5556	0.5556	False	0.27	2.12
15	50978954	A	G	TRPM7	5'UTR	12	4	16	0.25	2	1	1	1.8519	1	1.8519	1.0	True	0.27	2.12
15	53081028	T	C	ONECUT1	Missense_Mutation	40	12	52	0.23076923076923078	2	1	1	1.7094	1	1.7094	1.0	True	0.27	2.12
15	56122187	G	T	NEDD4	Missense_Mutation	68	8	76	0.10526315789473684	2	1	1	0.7797	1	0.7797	0.7797	False	0.27	2.12
15	57565313	C	T	TCF12	Missense_Mutation	23	6	29	0.20689655172413793	2	1	1	1.5326	1	1.5326	1.0	True	0.27	2.12
15	64430012	G	T	SNX1	Intron	26	8	34	0.23529411764705882	2	1	1	1.7429	1	1.7429	1.0	True	0.27	2.12
15	66187802	A	T	MEGF11	3'UTR	50	8	58	0.13793103448275862	2	1	1	1.0217	1	1.0217	1.0	True	0.27	2.12
15	68695277	G	A	ITGA11	Silent	37	6	43	0.13953488372093023	2	1	1	1.0336	1	1.0336	1.0	True	0.27	2.12
15	69548596	C	T	GLCE	Missense_Mutation	40	17	57	0.2982456140350877	2	1	1	2.2092	1	2.2092	1.0	True	0.27	2.12
15	70349819	C	T	TLE3	Silent	102	21	123	0.17073170731707318	2	1	1	1.2647	1	1.2647	1.0	True	0.27	2.12
15	72073077	C	T	THSD4	3'UTR	37	8	45	0.17777777777777778	2	1	1	1.3169	1	1.3169	1.0	True	0.27	2.12
15	72559896	C	T	PARP6	5'UTR	31	5	36	0.1388888888888889	2	1	1	1.0288	1	1.0288	1.0	True	0.27	2.12
15	74174063	C	T	TBC1D21	Missense_Mutation	35	10	45	0.2222222222222222	2	1	1	1.6461	1	1.6461	1.0	True	0.27	2.12
15	74427610	G	A	ISLR2	3'UTR	55	15	70	0.21428571428571427	2	1	1	1.5873	1	1.5873	1.0	True	0.27	2.12
15	74883534	C	T	ARID3B	Silent	40	14	54	0.25925925925925924	2	1	1	1.9204	1	1.9204	1.0	True	0.27	2.12
15	75593356	C	T	DNM1P34	RNA	22	6	28	0.21428571428571427	2	1	1	1.5873	1	1.5873	1.0	True	0.27	2.12
15	75641538	C	T	NEIL1	Missense_Mutation	41	23	64	0.359375	2	1	1	2.662	1	2.662	1.0	True	0.27	2.12
15	75902272	C	T	SNUPN	Missense_Mutation	22	14	36	0.3888888888888889	2	1	1	2.8807	1	2.8807	1.0	True	0.27	2.12
15	75941407	C	A	SNX33	5'UTR	17	6	23	0.2608695652173913	2	1	1	1.9324	1	1.9324	1.0	True	0.27	2.12
15	77472838	G	A	PEAK1	Silent	44	11	55	0.2	2	1	1	1.4815	1	1.4815	1.0	True	0.27	2.12
15	77906417	G	A	LINGO1	Missense_Mutation	13	3	16	0.1875	2	1	1	1.3889	1	1.3889	1.0	True	0.27	2.12
15	78762887	T	C	IREB2	Silent	68	6	74	0.08108108108108109	2	1	1	0.6006	1	0.6006	0.6006	False	0.27	2.12
15	81593817	C	T	IL16	Silent	32	6	38	0.15789473684210525	2	1	1	1.1696	1	1.1696	1.0	True	0.27	2.12
15	83699022	A	G	BTBD1	Silent	32	4	36	0.1111111111111111	2	1	1	0.823	1	0.823	0.823	False	0.27	2.12
15	84708157	A	G	ADAMTSL3	3'UTR	46	5	51	0.09803921568627451	2	1	1	0.7262	1	0.7262	0.7262	False	0.27	2.12
15	85198627	A	G	NMB	Silent	33	10	43	0.23255813953488372	2	1	1	1.7227	1	1.7227	1.0	True	0.27	2.12
15	86122542	C	A	AKAP13	Missense_Mutation	31	9	40	0.225	2	1	1	1.6667	1	1.6667	1.0	True	0.27	2.12
15	86278265	C	T	AKAP13	Missense_Mutation	32	4	36	0.1111111111111111	2	1	1	0.823	1	0.823	0.823	False	0.27	2.12
15	86284337	G	A	AKAP13	Missense_Mutation	42	5	47	0.10638297872340426	2	1	1	0.788	1	0.788	0.788	False	0.27	2.12
15	90163024	G	A	TICRR	Silent	39	6	45	0.13333333333333333	2	1	1	0.9877	1	0.9877	0.9877	True	0.27	2.12
15	90320197	G	A	MESP2	Silent	5	6	11	0.5454545454545454	2	1	1	4.0404	1	4.0404	1.0	True	0.27	2.12
15	91448834	C	T	MAN2A2	Missense_Mutation	42	10	52	0.19230769230769232	2	1	1	1.4245	1	1.4245	1.0	True	0.27	2.12
15	94364263	C	T	CTD-3049M7.1	RNA	28	11	39	0.28205128205128205	2	1	1	2.0893	1	2.0893	1.0	True	0.27	2.12
16	449018	C	T	NME4	Silent	103	20	123	0.16260162601626016	2	1	1	1.2045	1	1.2045	1.0	True	0.27	2.12
16	780264	G	A	NARFL	3'UTR	25	11	36	0.3055555555555556	2	1	1	2.2634	1	2.2634	1.0	True	0.27	2.12
16	830602	C	T	MSLNL	Silent	61	13	74	0.17567567567567569	2	1	1	1.3013	1	1.3013	1.0	True	0.27	2.12
16	1254304	G	A	CACNA1H	Missense_Mutation	39	6	45	0.13333333333333333	2	1	1	0.9877	1	0.9877	0.9877	True	0.27	2.12
16	1259364	C	T	CACNA1H	Silent	39	11	50	0.22	2	1	1	1.6296	1	1.6296	1.0	True	0.27	2.12
16	1260418	C	T	CACNA1H	Silent	26	5	31	0.16129032258064516	2	1	1	1.1947	1	1.1947	1.0	True	0.27	2.12
16	1306980	C	T	TPSD1	Missense_Mutation	55	17	72	0.2361111111111111	2	1	1	1.749	1	1.749	1.0	True	0.27	2.12
16	1797089	C	T	MAPK8IP3	Silent	111	10	121	0.08264462809917356	2	1	1	0.6122	1	0.6122	0.6122	False	0.27	2.12
16	1840901	C	G	IGFALS	Silent	99	20	119	0.16806722689075632	2	1	1	1.2449	1	1.2449	1.0	True	0.27	2.12
16	2069670	C	T	NPW	5'UTR	67	6	73	0.0821917808219178	2	1	1	0.6088	1	0.6088	0.6088	False	0.27	2.12
16	2070538	T	C	NPW	Missense_Mutation	18	9	27	0.3333333333333333	2	1	1	2.4691	1	2.4691	1.0	True	0.27	2.12
16	2139829	G	A	PKD1	Missense_Mutation	22	3	25	0.12	2	1	1	0.8889	1	0.8889	0.8889	True	0.27	2.12
16	2153688	C	T	PKD1	Silent	156	70	226	0.30973451327433627	2	1	1	2.2943	1	2.2943	1.0	True	0.27	2.12
16	2374411	C	T	ABCA3	Silent	15	4	19	0.21052631578947367	2	1	1	1.5595	1	1.5595	1.0	True	0.27	2.12
16	2487250	C	T	CCNF	Missense_Mutation	25	6	31	0.1935483870967742	2	1	1	1.4337	1	1.4337	1.0	True	0.27	2.12
16	3071775	C	T	TNFRSF12A	Missense_Mutation	43	7	50	0.14	2	1	1	1.037	1	1.037	1.0	True	0.27	2.12
16	3304660	C	T	MEFV	Silent	23	6	29	0.20689655172413793	2	1	1	1.5326	1	1.5326	1.0	True	0.27	2.12
16	3713375	G	A	TRAP1	Intron	17	5	22	0.22727272727272727	2	1	1	1.6835	1	1.6835	1.0	True	0.27	2.12
16	3843431	A	G	CREBBP	Missense_Mutation	26	3	29	0.10344827586206896	2	1	1	0.7663	1	0.7663	0.7663	False	0.27	2.12
16	4812297	G	A	ZNF500	Missense_Mutation	33	14	47	0.2978723404255319	2	1	1	2.2065	1	2.2065	1.0	True	0.27	2.12
16	8729076	C	A	METTL22	Missense_Mutation	28	7	35	0.2	2	1	1	1.4815	1	1.4815	1.0	True	0.27	2.12
16	8889941	C	T	TMEM186	Silent	75	17	92	0.18478260869565216	2	1	1	1.3688	1	1.3688	1.0	True	0.27	2.12
16	11272339	C	A	CLEC16A	Missense_Mutation	41	9	50	0.18	2	1	1	1.3333	1	1.3333	1.0	True	0.27	2.12
16	11554935	G	A	CTD-3088G3.8	Silent	39	8	47	0.1702127659574468	2	1	1	1.2608	1	1.2608	1.0	True	0.27	2.12
16	11773555	G	A	TXNDC11	Silent	26	7	33	0.21212121212121213	2	1	1	1.5713	1	1.5713	1.0	True	0.27	2.12
16	11824630	A	T	TXNDC11	Missense_Mutation	88	8	96	0.08333333333333333	2	1	1	0.6173	1	0.6173	0.6173	False	0.27	2.12
16	15815323	C	T	MYH11	Missense_Mutation	44	15	59	0.2542372881355932	2	1	1	1.8832	1	1.8832	1.0	True	0.27	2.12
16	18817102	C	T	SMG1	3'UTR	19	4	23	0.17391304347826086	2	1	1	1.2882	1	1.2882	1.0	True	0.27	2.12
16	21136676	G	A	DNAH3	Silent	28	8	36	0.2222222222222222	2	1	1	1.6461	1	1.6461	1.0	True	0.27	2.12
16	22448870	C	G	RRN3P3	RNA	18	10	28	0.35714285714285715	2	1	1	2.6455	1	2.6455	1.0	True	0.27	2.12
16	23695251	C	T	PLK1	Missense_Mutation	56	14	70	0.2	2	1	1	1.4815	1	1.4815	1.0	True	0.27	2.12
16	24105543	T	C	PRKCB	Missense_Mutation	55	13	68	0.19117647058823528	2	1	1	1.4161	1	1.4161	1.0	True	0.27	2.12
16	24226980	A	G	PRKCB	3'UTR	17	5	22	0.22727272727272727	2	1	1	1.6835	1	1.6835	1.0	True	0.27	2.12
16	24583221	G	A	RBBP6	Missense_Mutation	33	6	39	0.15384615384615385	2	1	1	1.1396	1	1.1396	1.0	True	0.27	2.12
16	24583890	G	A	RBBP6	3'UTR	47	6	53	0.11320754716981132	2	1	1	0.8386	1	0.8386	0.8386	False	0.27	2.12
16	24919407	G	A	SLC5A11	Silent	38	8	46	0.17391304347826086	2	1	1	1.2882	1	1.2882	1.0	True	0.27	2.12
16	24960750	G	A	ARHGAP17	Missense_Mutation	36	4	40	0.1	2	1	1	0.7407	1	0.7407	0.7407	False	0.27	2.12
16	25143764	G	A	LCMT1	Missense_Mutation	61	5	66	0.07575757575757576	2	1	1	0.5612	1	0.5612	0.5612	False	0.27	2.12
16	28909403	C	T	ATP2A1	Missense_Mutation	48	7	55	0.12727272727272726	2	1	1	0.9428	1	0.9428	0.9428	True	0.27	2.12
16	28912091	G	A	ATP2A1	Missense_Mutation	42	5	47	0.10638297872340426	2	1	1	0.788	1	0.788	0.788	False	0.27	2.12
16	28995600	G	A	SPNS1	Missense_Mutation	16	3	19	0.15789473684210525	2	1	1	1.1696	1	1.1696	1.0	True	0.27	2.12
16	29825277	C	A	PRRT2	Intron	21	6	27	0.2222222222222222	2	1	1	1.6461	1	1.6461	1.0	True	0.27	2.12
16	29912622	C	T	ASPHD1	Silent	18	9	27	0.3333333333333333	2	1	1	2.4691	1	2.4691	1.0	True	0.27	2.12
16	30012361	G	A	INO80E	Silent	55	7	62	0.11290322580645161	2	1	1	0.8363	1	0.8363	0.8363	False	0.27	2.12
16	30018407	G	A	DOC2A	Missense_Mutation	48	22	70	0.3142857142857143	2	1	1	2.328	1	2.328	1.0	True	0.27	2.12
16	30615890	G	T	ZNF689	Missense_Mutation	32	8	40	0.2	2	1	1	1.4815	1	1.4815	1.0	True	0.27	2.12
16	30846161	C	T	BCL7C	3'UTR	38	19	57	0.3333333333333333	2	1	1	2.4691	1	2.4691	1.0	True	0.27	2.12
16	30975958	C	T	SETD1A	Missense_Mutation	33	17	50	0.34	2	1	1	2.5185	1	2.5185	1.0	True	0.27	2.12
16	31044421	C	T	STX4	5'Flank	25	4	29	0.13793103448275862	2	1	1	1.0217	1	1.0217	1.0	True	0.27	2.12
16	31072399	C	A	ZNF668	Missense_Mutation	78	11	89	0.12359550561797752	2	1	1	0.9155	1	0.9155	0.9155	True	0.27	2.12
16	31090803	G	A	ZNF646	Missense_Mutation	29	10	39	0.2564102564102564	2	1	1	1.8993	1	1.8993	1.0	True	0.27	2.12
16	31120725	G	A	BCKDK	Missense_Mutation	50	6	56	0.10714285714285714	2	1	1	0.7937	1	0.7937	0.7937	False	0.27	2.12
16	31196405	C	T	FUS	Silent	120	36	156	0.23076923076923078	2	1	1	1.7094	1	1.7094	1.0	True	0.27	2.12
16	31473498	G	A	ARMC5	Silent	30	8	38	0.21052631578947367	2	1	1	1.5595	1	1.5595	1.0	True	0.27	2.12
16	48264360	C	T	ABCC11	Missense_Mutation	43	19	62	0.3064516129032258	2	1	1	2.27	1	2.27	1.0	True	0.27	2.12
16	49315200	G	A	CBLN1	Silent	57	10	67	0.14925373134328357	2	1	1	1.1056	1	1.1056	1.0	True	0.27	2.12
16	49669799	G	T	ZNF423	Silent	63	7	70	0.1	2	1	1	0.7407	1	0.7407	0.7407	False	0.27	2.12
16	50583337	C	T	NKD1	Silent	77	7	84	0.08333333333333333	2	1	1	0.6173	1	0.6173	0.6173	False	0.27	2.12
16	50707477	C	T	SNX20	Missense_Mutation	51	4	55	0.07272727272727272	2	1	1	0.5387	1	0.5387	0.5387	False	0.27	2.12
16	50707923	C	T	SNX20	Silent	14	6	20	0.3	2	1	1	2.2222	1	2.2222	1.0	True	0.27	2.12
16	50733562	G	T	NOD2	Missense_Mutation	105	32	137	0.23357664233576642	2	1	1	1.7302	1	1.7302	1.0	True	0.27	2.12
16	53488648	C	T	RBL2	Missense_Mutation	74	6	80	0.075	2	1	1	0.5556	1	0.5556	0.5556	False	0.27	2.12
16	56704942	C	T	MT1H	3'UTR	35	15	50	0.3	2	1	1	2.2222	1	2.2222	1.0	True	0.27	2.12
16	56865798	G	T	NUP93	Missense_Mutation	29	7	36	0.19444444444444445	2	1	1	1.4403	1	1.4403	1.0	True	0.27	2.12
16	56996989	C	T	CETP	Silent	38	6	44	0.13636363636363635	2	1	1	1.0101	1	1.0101	1.0	True	0.27	2.12
16	57917946	C	A	CNGB1	3'UTR	9	4	13	0.3076923076923077	2	1	1	2.2792	1	2.2792	1.0	True	0.27	2.12
16	58010398	G	A	TEPP	Missense_Mutation	36	6	42	0.14285714285714285	2	1	1	1.0582	1	1.0582	1.0	True	0.27	2.12
16	58559970	A	G	CNOT1	Missense_Mutation	37	6	43	0.13953488372093023	2	1	1	1.0336	1	1.0336	1.0	True	0.27	2.12
16	65038589	C	T	CDH11	Missense_Mutation	53	6	59	0.1016949152542373	2	1	1	0.7533	1	0.7533	0.7533	False	0.27	2.12
16	66612868	C	T	CMTM1	Silent	30	7	37	0.1891891891891892	2	1	1	1.4014	1	1.4014	1.0	True	0.27	2.12
16	66957796	C	T	RRAD	Missense_Mutation	23	17	40	0.425	2	1	1	3.1481	1	3.1481	1.0	True	0.27	2.12
16	66977773	C	T	CES2	Missense_Mutation	86	10	96	0.10416666666666667	2	1	1	0.7716	1	0.7716	0.7716	False	0.27	2.12
16	67244705	C	T	AC040160.1	Missense_Mutation	57	9	66	0.13636363636363635	2	1	1	1.0101	1	1.0101	1.0	True	0.27	2.12
16	67679113	G	A	RLTPR	5'UTR	24	14	38	0.3684210526315789	2	1	1	2.729	1	2.729	1.0	True	0.27	2.12
16	67688485	C	A	RLTPR	Missense_Mutation	49	6	55	0.10909090909090909	2	1	1	0.8081	1	0.8081	0.8081	False	0.27	2.12
16	67757957	A	G	RANBP10	3'UTR	22	4	26	0.15384615384615385	2	1	1	1.1396	1	1.1396	1.0	True	0.27	2.12
16	67965003	G	A	CTRL	Nonsense_Mutation	45	15	60	0.25	2	1	1	1.8519	1	1.8519	1.0	True	0.27	2.12
16	68842356	G	A	CDH1	Silent	44	6	50	0.12	2	1	1	0.8889	1	0.8889	0.8889	True	0.27	2.12
16	68894134	G	A	TANGO6	Missense_Mutation	51	7	58	0.1206896551724138	2	1	1	0.894	1	0.894	0.894	True	0.27	2.12
16	69152342	C	T	HAS3	3'Flank	39	14	53	0.2641509433962264	2	1	1	1.9567	1	1.9567	1.0	True	0.27	2.12
16	69905829	G	A	WWP2	Missense_Mutation	37	17	54	0.3148148148148148	2	1	1	2.332	1	2.332	1.0	True	0.27	2.12
16	70415756	A	G	ST3GAL2	Missense_Mutation	38	9	47	0.19148936170212766	2	1	1	1.4184	1	1.4184	1.0	True	0.27	2.12
16	71482629	G	A	ZNF23	Silent	47	24	71	0.3380281690140845	2	1	1	2.5039	1	2.5039	1.0	True	0.27	2.12
16	71679287	A	G	PHLPP2	3'UTR	36	6	42	0.14285714285714285	2	1	1	1.0582	1	1.0582	1.0	True	0.27	2.12
16	72057492	G	A	DHODH	Missense_Mutation	39	16	55	0.2909090909090909	2	1	1	2.1549	1	2.1549	1.0	True	0.27	2.12
16	72133686	C	T	DHX38	Missense_Mutation	37	5	42	0.11904761904761904	2	1	1	0.8818	1	0.8818	0.8818	True	0.27	2.12
16	74447571	C	T	CLEC18B	Missense_Mutation	109	9	118	0.07627118644067797	2	1	1	0.565	1	0.565	0.565	False	0.27	2.12
16	74752984	C	T	FA2H	Missense_Mutation	29	5	34	0.14705882352941177	2	1	1	1.0893	1	1.0893	1.0	True	0.27	2.12
16	75512843	A	T	CHST6	Missense_Mutation	27	12	39	0.3076923076923077	2	1	1	2.2792	1	2.2792	1.0	True	0.27	2.12
16	78011528	G	A	VAT1L	Missense_Mutation	51	7	58	0.1206896551724138	2	1	1	0.894	1	0.894	0.894	True	0.27	2.12
16	84228780	C	T	ADAD2	Missense_Mutation	105	8	113	0.07079646017699115	2	1	1	0.5244	1	0.5244	0.5244	False	0.27	2.12
16	85009892	G	C	ZDHHC7	3'UTR	16	13	29	0.4482758620689655	2	1	1	3.3206	1	3.3206	1.0	True	0.27	2.12
16	86602228	C	T	FOXC2	Silent	9	3	12	0.25	2	1	1	1.8519	1	1.8519	1.0	True	0.27	2.12
16	87364978	G	T	FBXO31	Silent	39	13	52	0.25	2	1	1	1.8519	1	1.8519	1.0	True	0.27	2.12
16	87369001	G	T	FBXO31	Missense_Mutation	150	15	165	0.09090909090909091	2	1	1	0.6734	1	0.6734	0.6734	False	0.27	2.12
16	87730402	C	T	JPH3	3'UTR	42	8	50	0.16	2	1	1	1.1852	1	1.1852	1.0	True	0.27	2.12
16	88498417	C	T	ZNF469	Silent	18	7	25	0.28	2	1	1	2.0741	1	2.0741	1.0	True	0.27	2.12
16	88709879	G	A	CYBA	Missense_Mutation	8	5	13	0.38461538461538464	2	1	1	2.849	1	2.849	1.0	True	0.27	2.12
16	88872230	C	T	CDT1	Missense_Mutation	37	6	43	0.13953488372093023	2	1	1	1.0336	1	1.0336	1.0	True	0.27	2.12
16	88958316	G	A	CBFA2T3	Missense_Mutation	23	9	32	0.28125	2	1	1	2.0833	1	2.0833	1.0	True	0.27	2.12
16	89657608	G	A	CPNE7	Silent	67	11	78	0.14102564102564102	2	1	1	1.0446	1	1.0446	1.0	True	0.27	2.12
16	89758878	G	A	CDK10	Missense_Mutation	37	7	44	0.1590909090909091	2	1	1	1.1785	1	1.1785	1.0	True	0.27	2.12
16	90001340	G	A	TUBB3	Missense_Mutation	61	8	69	0.11594202898550725	2	1	1	0.8588	1	0.8588	0.8588	True	0.27	2.12
17	2268625	G	A	SGSM2	Silent	44	5	49	0.10204081632653061	2	1	1	0.7559	1	0.7559	0.7559	False	0.27	2.12
17	2287676	G	T	MNT	3'UTR	66	19	85	0.2235294117647059	2	1	1	1.6558	1	1.6558	1.0	True	0.27	2.12
17	3513905	G	A	SHPK	Silent	6	6	12	0.5	2	1	1	3.7037	1	3.7037	1.0	True	0.27	2.12
17	3808604	G	A	P2RX1	Silent	62	6	68	0.08823529411764706	2	1	1	0.6536	1	0.6536	0.6536	False	0.27	2.12
17	4514128	G	T	SMTNL2	3'Flank	26	6	32	0.1875	2	1	1	1.3889	1	1.3889	1.0	True	0.27	2.12
17	4578192	G	A	PELP1	Missense_Mutation	56	6	62	0.0967741935483871	2	1	1	0.7168	1	0.7168	0.7168	False	0.27	2.12
17	4804100	G	T	CHRNE	Missense_Mutation	79	9	88	0.10227272727272728	2	1	1	0.7576	1	0.7576	0.7576	False	0.27	2.12
17	4805288	C	T	CHRNE	Missense_Mutation	39	14	53	0.2641509433962264	2	1	1	1.9567	1	1.9567	1.0	True	0.27	2.12
17	4849207	A	G	PFN1	Silent	83	16	99	0.16161616161616163	2	1	1	1.1972	1	1.1972	1.0	True	0.27	2.12
17	6921298	A	G	RNASEK	3'Flank	19	8	27	0.2962962962962963	2	1	1	2.1948	1	2.1948	1.0	True	0.27	2.12
17	7080615	C	T	ASGR1	Missense_Mutation	49	11	60	0.18333333333333332	2	1	1	1.358	1	1.358	1.0	True	0.27	2.12
17	7165359	C	A	CLDN7	Missense_Mutation	62	10	72	0.1388888888888889	2	1	1	1.0288	1	1.0288	1.0	True	0.27	2.12
17	7221133	G	T	NEURL4	Silent	19	4	23	0.17391304347826086	2	1	1	1.2882	1	1.2882	1.0	True	0.27	2.12
17	7329696	G	A	C17orf74	Missense_Mutation	30	10	40	0.25	2	1	1	1.8519	1	1.8519	1.0	True	0.27	2.12
17	7460641	T	C	TNFSF12	Intron	10	4	14	0.2857142857142857	2	1	1	2.1164	1	2.1164	1.0	True	0.27	2.12
17	7801849	G	A	CHD3	Missense_Mutation	24	11	35	0.3142857142857143	2	1	1	2.328	1	2.328	1.0	True	0.27	2.12
17	7839717	C	T	CNTROB	Nonsense_Mutation	34	9	43	0.20930232558139536	2	1	1	1.5504	1	1.5504	1.0	True	0.27	2.12
17	8135521	A	G	CTC1	Silent	20	11	31	0.3548387096774194	2	1	1	2.6284	1	2.6284	1.0	True	0.27	2.12
17	10309410	C	T	MYH8	Missense_Mutation	39	9	48	0.1875	2	1	1	1.3889	1	1.3889	1.0	True	0.27	2.12
17	10348449	A	G	MYH4	Silent	85	30	115	0.2608695652173913	2	1	1	1.9324	1	1.9324	1.0	True	0.27	2.12
17	10543993	G	T	MYH3	Missense_Mutation	22	3	25	0.12	2	1	1	0.8889	1	0.8889	0.8889	True	0.27	2.12
17	10546239	G	A	MYH3	Silent	136	51	187	0.2727272727272727	2	1	1	2.0202	1	2.0202	1.0	True	0.27	2.12
17	10546312	T	A	MYH3	Missense_Mutation	109	12	121	0.09917355371900827	2	1	1	0.7346	1	0.7346	0.7346	False	0.27	2.12
17	12493915	T	C	LINC00670	RNA	28	8	36	0.2222222222222222	2	1	1	1.6461	1	1.6461	1.0	True	0.27	2.12
17	17250123	C	T	NT5M	Silent	51	6	57	0.10526315789473684	2	1	1	0.7797	1	0.7797	0.7797	False	0.27	2.12
17	18058717	C	T	MYO15A	Silent	42	16	58	0.27586206896551724	2	1	1	2.0434	1	2.0434	1.0	True	0.27	2.12
17	18138543	G	A	LLGL1	Missense_Mutation	31	6	37	0.16216216216216217	2	1	1	1.2012	1	1.2012	1.0	True	0.27	2.12
17	18647920	C	T	FBXW10	Silent	103	17	120	0.14166666666666666	2	1	1	1.0494	1	1.0494	1.0	True	0.27	2.12
17	20914527	C	T	USP22	Missense_Mutation	38	12	50	0.24	2	1	1	1.7778	1	1.7778	1.0	True	0.27	2.12
17	21094406	G	A	DHRS7B	Silent	38	12	50	0.24	2	1	1	1.7778	1	1.7778	1.0	True	0.27	2.12
17	25915549	C	T	KSR1	Missense_Mutation	51	6	57	0.10526315789473684	2	1	1	0.7797	1	0.7797	0.7797	False	0.27	2.12
17	27002426	C	T	SUPT6H	Silent	22	7	29	0.2413793103448276	2	1	1	1.788	1	1.788	1.0	True	0.27	2.12
17	27028124	C	T	SUPT6H	Missense_Mutation	26	18	44	0.4090909090909091	2	1	1	3.0303	1	3.0303	1.0	True	0.27	2.12
17	27958431	G	A	SSH2	Missense_Mutation	39	16	55	0.2909090909090909	2	1	1	2.1549	1	2.1549	1.0	True	0.27	2.12
17	28400762	C	T	EFCAB5	Intron	36	11	47	0.23404255319148937	2	1	1	1.7336	1	1.7336	1.0	True	0.27	2.12
17	32908115	G	A	TMEM132E	Missense_Mutation	51	8	59	0.13559322033898305	2	1	1	1.0044	1	1.0044	1.0	True	0.27	2.12
17	33285609	T	C	CCT6B	Silent	37	14	51	0.27450980392156865	2	1	1	2.0334	1	2.0334	1.0	True	0.27	2.12
17	33462280	C	A	NLE1	Missense_Mutation	53	6	59	0.1016949152542373	2	1	1	0.7533	1	0.7533	0.7533	False	0.27	2.12
17	33586775	C	T	SLFN5	Intron	5	5	10	0.5	2	1	1	3.7037	1	3.7037	1.0	True	0.27	2.12
17	36622835	G	T	ARHGAP23	Missense_Mutation	12	4	16	0.25	2	1	1	1.8519	1	1.8519	1.0	True	0.27	2.12
17	36634129	G	A	ARHGAP23	Missense_Mutation	49	8	57	0.14035087719298245	2	1	1	1.0396	1	1.0396	1.0	True	0.27	2.12
17	37309306	C	T	PLXDC1	5'Flank	29	7	36	0.19444444444444445	2	1	1	1.4403	1	1.4403	1.0	True	0.27	2.12
17	37881000	G	A	ERBB2	Missense_Mutation	43	17	60	0.2833333333333333	2	1	1	2.0988	1	2.0988	1.0	True	0.27	2.12
17	38061045	G	T	GSDMB	3'UTR	57	6	63	0.09523809523809523	2	1	1	0.7055	1	0.7055	0.7055	False	0.27	2.12
17	38077409	C	T	ORMDL3	3'Flank	17	8	25	0.32	2	1	1	2.3704	1	2.3704	1.0	True	0.27	2.12
17	38244561	G	A	THRA	Missense_Mutation	42	7	49	0.14285714285714285	2	1	1	1.0582	1	1.0582	1.0	True	0.27	2.12
17	38711212	C	T	CCR7	Missense_Mutation	28	3	31	0.0967741935483871	2	1	1	0.7168	1	0.7168	0.7168	False	0.27	2.12
17	39092612	G	A	KRT23	Missense_Mutation	84	5	89	0.056179775280898875	2	1	1	0.4161	1	0.4161	0.4161	False	0.27	2.12
17	39135256	G	A	KRT40	Silent	23	6	29	0.20689655172413793	2	1	1	1.5326	1	1.5326	1.0	True	0.27	2.12
17	39216157	C	T	KRTAP2-3	Missense_Mutation	31	20	51	0.39215686274509803	2	1	1	2.9049	1	2.9049	1.0	True	0.27	2.12
17	39684217	G	T	KRT19	Missense_Mutation	149	61	210	0.2904761904761905	2	1	1	2.1517	1	2.1517	1.0	True	0.27	2.12
17	39925671	G	A	JUP	Missense_Mutation	57	14	71	0.19718309859154928	2	1	1	1.4606	1	1.4606	1.0	True	0.27	2.12
17	40823464	C	T	PLEKHH3	Missense_Mutation	55	10	65	0.15384615384615385	2	1	1	1.1396	1	1.1396	1.0	True	0.27	2.12
17	42275066	G	A	ATXN7L3	Silent	30	7	37	0.1891891891891892	2	1	1	1.4014	1	1.4014	1.0	True	0.27	2.12
17	42635889	G	A	FZD2	Missense_Mutation	27	3	30	0.1	2	1	1	0.7407	1	0.7407	0.7407	False	0.27	2.12
17	43183339	A	T	NMT1	3'UTR	38	5	43	0.11627906976744186	2	1	1	0.8613	1	0.8613	0.8613	True	0.27	2.12
17	43183340	T	A	NMT1	3'UTR	38	5	43	0.11627906976744186	2	1	1	0.8613	1	0.8613	0.8613	True	0.27	2.12
17	44076968	A	G	STH	Missense_Mutation	27	5	32	0.15625	2	1	1	1.1574	1	1.1574	1.0	True	0.27	2.12
17	45473323	T	C	EFCAB13	Missense_Mutation	33	8	41	0.1951219512195122	2	3	0	1.4453	1	1.4453	1.0	True	0.27	2.12
17	45915667	T	C	SCRN2	Missense_Mutation	41	5	46	0.10869565217391304	2	3	0	0.8052	1	0.8052	0.8052	False	0.27	2.12
17	47293972	G	A	ABI3	Missense_Mutation	18	5	23	0.21739130434782608	2	3	0	1.6103	2	0.8052	0.8052	False	0.27	2.12
17	47788822	A	G	FAM117A	Missense_Mutation	49	12	61	0.19672131147540983	2	3	0	1.4572	1	1.4572	1.0	True	0.27	2.12
17	47797720	G	T	FAM117A	Missense_Mutation	34	9	43	0.20930232558139536	2	3	0	1.5504	2	0.7752	0.7752	False	0.27	2.12
17	48069105	C	T	DLX3	Missense_Mutation	14	17	31	0.5483870967741935	2	3	0	4.0621	3	1.354	1.0	True	0.27	2.12
17	48432899	C	T	XYLT2	Missense_Mutation	7	16	23	0.6956521739130435	2	3	0	5.153	3	1.7177	1.0	True	0.27	2.12
17	53342662	T	A	HLF	5'UTR	4	10	14	0.7142857142857143	2	3	0	5.291	3	1.7637	1.0	True	0.27	2.12
17	57474689	G	A	YPEL2	3'UTR	32	7	39	0.1794871794871795	2	3	0	1.3295	1	1.3295	1.0	True	0.27	2.12
17	57663593	A	G	DHX40	Missense_Mutation	15	13	28	0.4642857142857143	2	3	0	3.4392	3	1.1464	1.0	True	0.27	2.12
17	57886165	C	A	VMP1	Silent	59	6	65	0.09230769230769231	2	3	0	0.6838	1	0.6838	0.6838	False	0.27	2.12
17	58040251	G	A	RNFT1	Silent	15	24	39	0.6153846153846154	2	3	0	4.5584	3	1.5195	1.0	True	0.27	2.12
17	60690852	G	A	TLK2	3'Flank	23	3	26	0.11538461538461539	2	3	0	0.8547	1	0.8547	0.8547	True	0.27	2.12
17	60755885	G	A	MRC2	Silent	23	23	46	0.5	2	3	0	3.7037	3	1.2346	1.0	True	0.27	2.12
17	61909547	C	A	SMARCD2	3'UTR	30	8	38	0.21052631578947367	2	3	0	1.5595	2	0.7797	0.7797	False	0.27	2.12
17	61911039	C	T	SMARCD2	Missense_Mutation	38	6	44	0.13636363636363635	2	3	0	1.0101	1	1.0101	1.0	True	0.27	2.12
17	61958422	T	C	GH2	Silent	60	5	65	0.07692307692307693	2	3	0	0.5698	1	0.5698	0.5698	False	0.27	2.12
17	62018159	C	T	SCN4A	Missense_Mutation	29	5	34	0.14705882352941177	2	3	0	1.0893	1	1.0893	1.0	True	0.27	2.12
17	63531800	C	T	AXIN2	Silent	20	8	28	0.2857142857142857	2	3	0	2.1164	2	1.0582	1.0	True	0.27	2.12
17	66425048	G	A	WIPI1	Missense_Mutation	8	17	25	0.68	2	3	0	5.037	3	1.679	1.0	True	0.27	2.12
17	71334569	G	A	SDK2	3'UTR	43	22	65	0.3384615384615385	2	3	0	2.5071	3	0.8357	0.8357	False	0.27	2.12
17	71344794	T	C	SDK2	Missense_Mutation	32	7	39	0.1794871794871795	2	3	0	1.3295	1	1.3295	1.0	True	0.27	2.12
17	72758236	G	C	SLC9A3R1	Missense_Mutation	25	5	30	0.16666666666666666	2	3	0	1.2346	1	1.2346	1.0	True	0.27	2.12
17	73621202	G	T	RECQL5	3'Flank	27	5	32	0.15625	2	3	0	1.1574	1	1.1574	1.0	True	0.27	2.12
17	76135299	G	T	TMC8	Missense_Mutation	19	15	34	0.4411764705882353	2	3	0	3.268	3	1.0893	1.0	True	0.27	2.12
17	77093503	G	A	RBFOX3	Missense_Mutation	12	5	17	0.29411764705882354	2	3	0	2.1786	2	1.0893	1.0	True	0.27	2.12
17	78086479	C	A	GAA	Missense_Mutation	57	14	71	0.19718309859154928	2	3	0	1.4606	1	1.4606	1.0	True	0.27	2.12
17	78163639	C	T	CARD14	Missense_Mutation	60	15	75	0.2	2	3	0	1.4815	1	1.4815	1.0	True	0.27	2.12
17	78176100	C	T	CARD14	Silent	42	7	49	0.14285714285714285	2	3	0	1.0582	1	1.0582	1.0	True	0.27	2.12
17	78367233	C	A	RNF213	Missense_Mutation	47	16	63	0.25396825396825395	2	3	0	1.8812	2	0.9406	0.9406	True	0.27	2.12
17	79204524	C	T	ENTHD2	Intron	60	10	70	0.14285714285714285	2	3	0	1.0582	1	1.0582	1.0	True	0.27	2.12
17	79430642	G	A	RP11-1055B8.7	Silent	23	36	59	0.6101694915254238	2	3	0	4.5198	3	1.5066	1.0	True	0.27	2.12
17	79615000	C	T	TSPAN10	Silent	46	4	50	0.08	2	3	0	0.5926	1	0.5926	0.5926	False	0.27	2.12
17	79845989	G	A	ALYREF	3'UTR	64	10	74	0.13513513513513514	2	3	0	1.001	1	1.001	1.0	True	0.27	2.12
17	79892835	G	A	PYCR1	Silent	47	7	54	0.12962962962962962	2	3	0	0.9602	1	0.9602	0.9602	True	0.27	2.12
17	80373456	C	A	OGFOD3	Missense_Mutation	82	15	97	0.15463917525773196	2	3	0	1.1455	1	1.1455	1.0	True	0.27	2.12
17	80401904	G	A	C17orf62	Silent	81	14	95	0.14736842105263157	2	3	0	1.0916	1	1.0916	1.0	True	0.27	2.12
18	743079	G	A	YES1	Missense_Mutation	47	9	56	0.16071428571428573	2	1	1	1.1905	1	1.1905	1.0	True	0.27	2.12
18	905349	T	C	ADCYAP1	5'UTR	25	3	28	0.10714285714285714	2	1	1	0.7937	1	0.7937	0.7937	False	0.27	2.12
18	5406823	C	T	EPB41L3	Missense_Mutation	52	7	59	0.11864406779661017	2	1	1	0.8788	1	0.8788	0.8788	True	0.27	2.12
18	6873435	G	T	ARHGAP28	Missense_Mutation	42	10	52	0.19230769230769232	2	1	1	1.4245	1	1.4245	1.0	True	0.27	2.12
18	6995375	G	A	LAMA1	Missense_Mutation	61	24	85	0.2823529411764706	2	1	1	2.0915	1	2.0915	1.0	True	0.27	2.12
18	7955190	G	A	PTPRM	Missense_Mutation	20	9	29	0.3103448275862069	2	1	1	2.2989	1	2.2989	1.0	True	0.27	2.12
18	8378288	C	T	PTPRM	Missense_Mutation	44	15	59	0.2542372881355932	2	1	1	1.8832	1	1.8832	1.0	True	0.27	2.12
18	8818982	C	T	SOGA2	Missense_Mutation	15	4	19	0.21052631578947367	2	1	1	1.5595	1	1.5595	1.0	True	0.27	2.12
18	8825003	G	A	SOGA2	Silent	40	13	53	0.24528301886792453	2	1	1	1.8169	1	1.8169	1.0	True	0.27	2.12
18	9536346	C	T	RALBP1	3'UTR	34	8	42	0.19047619047619047	2	1	1	1.4109	1	1.4109	1.0	True	0.27	2.12
18	9547802	C	T	PPP4R1	Silent	16	6	22	0.2727272727272727	2	1	1	2.0202	1	2.0202	1.0	True	0.27	2.12
18	12329672	G	A	AFG3L2	Silent	49	5	54	0.09259259259259259	2	1	1	0.6859	1	0.6859	0.6859	False	0.27	2.12
18	12699055	C	T	CEP76	Missense_Mutation	58	8	66	0.12121212121212122	2	1	1	0.8979	1	0.8979	0.8979	True	0.27	2.12
18	14339551	C	A	CYP4F35P	RNA	22	10	32	0.3125	2	1	1	2.3148	1	2.3148	1.0	True	0.27	2.12
18	14478405	C	T	CXADRP3	RNA	20	8	28	0.2857142857142857	2	1	1	2.1164	1	2.1164	1.0	True	0.27	2.12
18	18622641	A	G	ROCK1	Silent	57	12	69	0.17391304347826086	2	1	1	1.2882	1	1.2882	1.0	True	0.27	2.12
18	20606158	T	C	RBBP8	Silent	34	5	39	0.1282051282051282	2	1	1	0.9497	1	0.9497	0.9497	True	0.27	2.12
18	21218906	A	G	ANKRD29	Silent	55	8	63	0.12698412698412698	2	1	1	0.9406	1	0.9406	0.9406	True	0.27	2.12
18	28605749	G	A	DSC3	Missense_Mutation	46	6	52	0.11538461538461539	2	1	1	0.8547	1	0.8547	0.8547	True	0.27	2.12
18	29867973	G	A	GAREM	Missense_Mutation	37	9	46	0.1956521739130435	2	1	1	1.4493	1	1.4493	1.0	True	0.27	2.12
18	44040614	G	A	RNF165	3'UTR	45	10	55	0.18181818181818182	2	1	1	1.3468	1	1.3468	1.0	True	0.27	2.12
18	45367775	A	G	SMAD2	3'UTR	52	4	56	0.07142857142857142	2	1	1	0.5291	1	0.5291	0.5291	False	0.27	2.12
18	48450472	G	A	ME2	Missense_Mutation	31	6	37	0.16216216216216217	2	1	1	1.2012	1	1.2012	1.0	True	0.27	2.12
18	53302976	C	A	TCF4	Missense_Mutation	21	9	30	0.3	2	1	1	2.2222	1	2.2222	1.0	True	0.27	2.12
18	57026329	A	T	LMAN1	Missense_Mutation	85	6	91	0.06593406593406594	2	1	1	0.4884	1	0.4884	0.4884	False	0.27	2.12
18	60985684	C	T	BCL2	Silent	8	6	14	0.42857142857142855	2	1	1	3.1746	1	3.1746	1.0	True	0.27	2.12
18	67759942	G	T	RTTN	Silent	41	7	48	0.14583333333333334	2	1	1	1.0802	1	1.0802	1.0	True	0.27	2.12
18	72589289	G	A	ZNF407	Missense_Mutation	22	15	37	0.40540540540540543	2	1	1	3.003	1	3.003	1.0	True	0.27	2.12
18	72632566	C	A	ZNF407	Silent	25	4	29	0.13793103448275862	2	1	1	1.0217	1	1.0217	1.0	True	0.27	2.12
18	77927006	C	T	AC139100.2	3'UTR	27	3	30	0.1	2	1	1	0.7407	1	0.7407	0.7407	False	0.27	2.12
19	308584	C	T	MIER2	Missense_Mutation	74	11	85	0.12941176470588237	2	1	1	0.9586	1	0.9586	0.9586	True	0.27	2.12
19	308916	G	A	MIER2	Missense_Mutation	55	22	77	0.2857142857142857	2	1	1	2.1164	1	2.1164	1.0	True	0.27	2.12
19	621241	G	A	POLRMT	Silent	52	6	58	0.10344827586206896	2	1	1	0.7663	1	0.7663	0.7663	False	0.27	2.12
19	1073742	C	T	HMHA1	Silent	56	24	80	0.3	2	1	1	2.2222	1	2.2222	1.0	True	0.27	2.12
19	1268346	G	A	CIRBP	Intron	89	15	104	0.14423076923076922	2	1	1	1.0684	1	1.0684	1.0	True	0.27	2.12
19	1918987	G	A	SCAMP4	Silent	44	15	59	0.2542372881355932	2	1	1	1.8832	1	1.8832	1.0	True	0.27	2.12
19	2353292	G	A	LLfos-48D6.1	Intron	6	3	9	0.3333333333333333	2	1	1	2.4691	1	2.4691	1.0	True	0.27	2.12
19	2405411	T	C	TMPRSS9	Missense_Mutation	36	10	46	0.21739130434782608	2	1	1	1.6103	1	1.6103	1.0	True	0.27	2.12
19	2737237	C	T	SLC39A3	Missense_Mutation	58	9	67	0.13432835820895522	2	1	1	0.995	1	0.995	0.995	True	0.27	2.12
19	2834366	A	G	ZNF554	Missense_Mutation	27	9	36	0.25	2	1	1	1.8519	1	1.8519	1.0	True	0.27	2.12
19	3544900	G	T	MFSD12	Missense_Mutation	23	11	34	0.3235294117647059	2	1	1	2.3965	1	2.3965	1.0	True	0.27	2.12
19	4047531	C	T	ZBTB7A	3'UTR	125	27	152	0.17763157894736842	2	1	1	1.3158	1	1.3158	1.0	True	0.27	2.12
19	4433174	G	A	CHAF1A	Missense_Mutation	122	14	136	0.10294117647058823	2	1	1	0.7625	1	0.7625	0.7625	False	0.27	2.12
19	4516633	T	C	PLIN4	Missense_Mutation	43	14	57	0.24561403508771928	2	1	1	1.8194	1	1.8194	1.0	True	0.27	2.12
19	4792689	T	C	FEM1A	Missense_Mutation	38	5	43	0.11627906976744186	2	1	1	0.8613	1	0.8613	0.8613	True	0.27	2.12
19	7920932	A	G	EVI5L	Missense_Mutation	75	20	95	0.21052631578947367	2	1	1	1.5595	1	1.5595	1.0	True	0.27	2.12
19	7964449	C	T	LRRC8E	Missense_Mutation	21	3	24	0.125	2	1	1	0.9259	1	0.9259	0.9259	True	0.27	2.12
19	8145954	G	A	FBN3	Silent	76	8	84	0.09523809523809523	2	1	1	0.7055	1	0.7055	0.7055	False	0.27	2.12
19	8386227	G	A	NDUFA7	Missense_Mutation	30	12	42	0.2857142857142857	2	1	1	2.1164	1	2.1164	1.0	True	0.27	2.12
19	8431167	C	T	ANGPTL4	Missense_Mutation	20	8	28	0.2857142857142857	2	1	1	2.1164	1	2.1164	1.0	True	0.27	2.12
19	8503622	T	G	MARCH2	3'UTR	14	6	20	0.3	2	1	1	2.2222	1	2.2222	1.0	True	0.27	2.12
19	9297112	T	G	OR7D2	Missense_Mutation	37	12	49	0.24489795918367346	2	1	1	1.8141	1	1.8141	1.0	True	0.27	2.12
19	10217080	T	A	PPAN-P2RY11	Missense_Mutation	16	3	19	0.15789473684210525	2	1	1	1.1696	1	1.1696	1.0	True	0.27	2.12
19	10224313	C	T	PPAN-P2RY11	Silent	55	4	59	0.06779661016949153	2	1	1	0.5022	1	0.5022	0.5022	False	0.27	2.12
19	10254537	G	A	DNMT1	Silent	43	6	49	0.12244897959183673	2	1	1	0.907	1	0.907	0.907	True	0.27	2.12
19	10369991	G	A	MRPL4	Intron	30	10	40	0.25	2	1	1	1.8519	1	1.8519	1.0	True	0.27	2.12
19	10610255	A	G	KEAP1	Missense_Mutation	14	3	17	0.17647058823529413	2	1	1	1.3072	1	1.3072	1.0	True	0.27	2.12
19	10625120	C	T	S1PR5	Missense_Mutation	49	10	59	0.1694915254237288	2	1	1	1.2555	1	1.2555	1.0	True	0.27	2.12
19	10697913	C	T	AP1M2	5'UTR	84	10	94	0.10638297872340426	2	1	1	0.788	1	0.788	0.788	False	0.27	2.12
19	10789292	C	T	ILF3	Missense_Mutation	18	14	32	0.4375	2	1	1	3.2407	1	3.2407	1.0	True	0.27	2.12
19	10941695	G	A	DNM2	Missense_Mutation	44	8	52	0.15384615384615385	2	1	1	1.1396	1	1.1396	1.0	True	0.27	2.12
19	11319375	C	T	DOCK6	Missense_Mutation	17	5	22	0.22727272727272727	2	1	1	1.6835	1	1.6835	1.0	True	0.27	2.12
19	11565666	G	A	ELAVL3	Missense_Mutation	47	8	55	0.14545454545454545	2	1	1	1.0774	1	1.0774	1.0	True	0.27	2.12
19	12494418	G	A	CTD-3105H18.14	Silent	90	12	102	0.11764705882352941	2	1	1	0.8715	1	0.8715	0.8715	True	0.27	2.12
19	13211729	G	A	LYL1	Missense_Mutation	47	6	53	0.11320754716981132	2	1	1	0.8386	1	0.8386	0.8386	False	0.27	2.12
19	13246434	C	T	NACC1	Missense_Mutation	34	7	41	0.17073170731707318	2	1	1	1.2647	1	1.2647	1.0	True	0.27	2.12
19	13879210	A	G	MRI1	Intron	43	9	52	0.17307692307692307	2	1	1	1.2821	1	1.2821	1.0	True	0.27	2.12
19	14104410	G	A	RFX1	Silent	68	22	90	0.24444444444444444	2	1	1	1.8107	1	1.8107	1.0	True	0.27	2.12
19	14288527	G	A	LPHN1	Silent	14	4	18	0.2222222222222222	2	1	1	1.6461	1	1.6461	1.0	True	0.27	2.12
19	14591506	C	T	GIPC1	Missense_Mutation	39	10	49	0.20408163265306123	2	1	1	1.5117	1	1.5117	1.0	True	0.27	2.12
19	14593518	G	A	GIPC1	Missense_Mutation	17	6	23	0.2608695652173913	2	1	1	1.9324	1	1.9324	1.0	True	0.27	2.12
19	14991541	A	G	OR7A17	Silent	30	15	45	0.3333333333333333	2	1	1	2.4691	1	2.4691	1.0	True	0.27	2.12
19	15067364	C	T	SLC1A6	Missense_Mutation	37	18	55	0.32727272727272727	2	1	1	2.4242	1	2.4242	1.0	True	0.27	2.12
19	15218306	G	A	SYDE1	Missense_Mutation	9	5	14	0.35714285714285715	2	1	1	2.6455	1	2.6455	1.0	True	0.27	2.12
19	15224472	C	T	SYDE1	Missense_Mutation	28	7	35	0.2	2	1	1	1.4815	1	1.4815	1.0	True	0.27	2.12
19	15587229	G	A	PGLYRP2	Silent	33	6	39	0.15384615384615385	2	1	1	1.1396	1	1.1396	1.0	True	0.27	2.12
19	15852911	C	T	OR10H3	Missense_Mutation	51	8	59	0.13559322033898305	2	1	1	1.0044	1	1.0044	1.0	True	0.27	2.12
19	16910773	G	A	NWD1	Missense_Mutation	17	10	27	0.37037037037037035	2	1	1	2.7435	1	2.7435	1.0	True	0.27	2.12
19	17062998	A	G	CPAMD8	Silent	14	12	26	0.46153846153846156	2	1	1	3.4188	1	3.4188	1.0	True	0.27	2.12
19	17312772	G	A	MYO9B	Missense_Mutation	19	3	22	0.13636363636363635	2	1	1	1.0101	1	1.0101	1.0	True	0.27	2.12
19	17323436	A	G	MYO9B	3'UTR	89	11	100	0.11	2	1	1	0.8148	1	0.8148	0.8148	False	0.27	2.12
19	18271903	C	T	PIK3R2	Missense_Mutation	42	11	53	0.20754716981132076	2	1	1	1.5374	1	1.5374	1.0	True	0.27	2.12
19	18703011	G	A	C19orf60	3'UTR	16	10	26	0.38461538461538464	2	1	1	2.849	1	2.849	1.0	True	0.27	2.12
19	19456168	C	T	MAU2	Missense_Mutation	56	18	74	0.24324324324324326	2	1	1	1.8018	1	1.8018	1.0	True	0.27	2.12
19	21131730	G	A	ZNF85	Missense_Mutation	33	9	42	0.21428571428571427	2	1	1	1.5873	1	1.5873	1.0	True	0.27	2.12
19	21300892	T	C	ZNF714	Silent	20	16	36	0.4444444444444444	2	1	1	3.2922	1	3.2922	1.0	True	0.27	2.12
19	22156673	T	C	ZNF208	Missense_Mutation	42	9	51	0.17647058823529413	2	1	1	1.3072	1	1.3072	1.0	True	0.27	2.12
19	22271877	G	A	ZNF257	Missense_Mutation	39	7	46	0.15217391304347827	2	1	1	1.1272	1	1.1272	1.0	True	0.27	2.12
19	22784760	A	G	AC011467.1	5'Flank	14	5	19	0.2631578947368421	2	1	1	1.9493	1	1.9493	1.0	True	0.27	2.12
19	23316942	G	A	ZNF730	Missense_Mutation	80	21	101	0.2079207920792079	2	1	1	1.5402	1	1.5402	1.0	True	0.27	2.12
19	32844630	G	A	ZNF507	Silent	24	5	29	0.1724137931034483	2	1	1	1.2771	1	1.2771	1.0	True	0.27	2.12
19	33168301	G	A	RGS9BP	3'UTR	23	7	30	0.23333333333333334	2	1	1	1.7284	1	1.7284	1.0	True	0.27	2.12
19	33168355	A	G	RGS9BP	3'UTR	21	8	29	0.27586206896551724	2	1	1	2.0434	1	2.0434	1.0	True	0.27	2.12
19	33623177	C	A	WDR88	Silent	95	13	108	0.12037037037037036	2	1	1	0.8916	1	0.8916	0.8916	True	0.27	2.12
19	33878909	C	T	PEPD	Missense_Mutation	18	8	26	0.3076923076923077	2	1	1	2.2792	1	2.2792	1.0	True	0.27	2.12
19	34263896	G	A	CHST8	Silent	21	3	24	0.125	2	1	1	0.9259	1	0.9259	0.9259	True	0.27	2.12
19	34843710	C	T	KIAA0355	Silent	46	10	56	0.17857142857142858	2	1	1	1.3228	1	1.3228	1.0	True	0.27	2.12
19	35084404	C	T	SCGB2B2	3'UTR	7	3	10	0.3	2	1	1	2.2222	1	2.2222	1.0	True	0.27	2.12
19	35823799	G	A	CD22	Nonsense_Mutation	24	8	32	0.25	0	1	0	1.3519	1	1.3519	1.0	True	0.27	2.12
19	36047856	C	T	ATP4A	Missense_Mutation	24	5	29	0.1724137931034483	0	1	0	0.9323	1	0.9323	0.9323	True	0.27	2.12
19	36212475	G	T	KMT2B	Missense_Mutation	66	14	80	0.175	0	1	0	0.9463	1	0.9463	0.9463	True	0.27	2.12
19	36227710	G	T	KMT2B	Nonsense_Mutation	9	14	23	0.6086956521739131	0	1	0	3.2915	1	3.2915	1.0	True	0.27	2.12
19	36227817	G	A	KMT2B	Silent	18	4	22	0.18181818181818182	0	1	0	0.9832	1	0.9832	0.9832	True	0.27	2.12
19	36278975	G	A	ARHGAP33	Missense_Mutation	13	5	18	0.2777777777777778	2	1	1	2.0576	1	2.0576	1.0	True	0.27	2.12
19	36431206	C	T	LRFN3	Silent	10	8	18	0.4444444444444444	2	1	1	3.2922	1	3.2922	1.0	True	0.27	2.12
19	36633868	C	T	CAPNS1	Missense_Mutation	14	7	21	0.3333333333333333	2	1	1	2.4691	1	2.4691	1.0	True	0.27	2.12
19	36642594	G	A	COX7A1	Missense_Mutation	57	15	72	0.20833333333333334	2	1	1	1.5432	1	1.5432	1.0	True	0.27	2.12
19	38189877	A	G	ZNF607	Silent	43	7	50	0.14	2	1	1	1.037	1	1.037	1.0	True	0.27	2.12
19	38375481	A	G	WDR87	3'Flank	8	4	12	0.3333333333333333	2	1	1	2.4691	1	2.4691	1.0	True	0.27	2.12
19	38573645	G	T	SIPA1L3	Missense_Mutation	36	7	43	0.16279069767441862	2	1	1	1.2059	1	1.2059	1.0	True	0.27	2.12
19	38795990	G	A	YIF1B	3'UTR	16	8	24	0.3333333333333333	2	1	1	2.4691	1	2.4691	1.0	True	0.27	2.12
19	39038962	G	A	RYR1	Missense_Mutation	45	13	58	0.22413793103448276	2	1	1	1.6603	1	1.6603	1.0	True	0.27	2.12
19	39127545	G	T	EIF3K	Missense_Mutation	69	20	89	0.2247191011235955	2	1	1	1.6646	1	1.6646	1.0	True	0.27	2.12
19	39208640	G	A	ACTN4	Missense_Mutation	35	7	42	0.16666666666666666	2	1	1	1.2346	1	1.2346	1.0	True	0.27	2.12
19	39663724	C	T	PAK4	Missense_Mutation	17	3	20	0.15	2	1	1	1.1111	1	1.1111	1.0	True	0.27	2.12
19	41633836	C	T	CYP2F1	Missense_Mutation	51	9	60	0.15	2	1	1	1.1111	1	1.1111	1.0	True	0.27	2.12
19	41829625	G	A	CCDC97	3'UTR	75	23	98	0.23469387755102042	2	1	1	1.7385	1	1.7385	1.0	True	0.27	2.12
19	41860681	G	A	B9D2	Missense_Mutation	59	15	74	0.20270270270270271	2	1	1	1.5015	1	1.5015	1.0	True	0.27	2.12
19	42509894	G	A	GRIK5	Silent	31	4	35	0.11428571428571428	2	1	1	0.8466	1	0.8466	0.8466	False	0.27	2.12
19	43257204	C	A	PSG8	3'Flank	14	4	18	0.2222222222222222	2	1	1	1.6461	1	1.6461	1.0	True	0.27	2.12
19	45537526	G	A	RELB	Missense_Mutation	98	32	130	0.24615384615384617	2	1	1	1.8234	1	1.8234	1.0	True	0.27	2.12
19	45899677	G	T	PPP1R13L	Silent	53	11	64	0.171875	2	1	1	1.2731	1	1.2731	1.0	True	0.27	2.12
19	46025800	C	T	VASP	Silent	16	14	30	0.4666666666666667	2	1	1	3.4568	1	3.4568	1.0	True	0.27	2.12
19	46404933	G	A	MYPOP	Silent	49	28	77	0.36363636363636365	2	1	1	2.6936	1	2.6936	1.0	True	0.27	2.12
19	47124440	C	G	PTGIR	3'UTR	26	10	36	0.2777777777777778	2	1	1	2.0576	1	2.0576	1.0	True	0.27	2.12
19	47424426	C	T	ARHGAP35	Missense_Mutation	48	21	69	0.30434782608695654	2	1	1	2.2544	1	2.2544	1.0	True	0.27	2.12
19	48184449	G	A	GLTSCR1	Silent	33	8	41	0.1951219512195122	2	1	1	1.4453	1	1.4453	1.0	True	0.27	2.12
19	48206181	C	T	GLTSCR1	3'UTR	19	4	23	0.17391304347826086	2	1	1	1.2882	1	1.2882	1.0	True	0.27	2.12
19	48219925	G	A	EHD2	Missense_Mutation	66	8	74	0.10810810810810811	2	1	1	0.8008	1	0.8008	0.8008	False	0.27	2.12
19	48578049	C	T	PLA2G4C	Silent	48	19	67	0.2835820895522388	2	1	1	2.1006	1	2.1006	1.0	True	0.27	2.12
19	49003054	G	T	LMTK3	Silent	29	8	37	0.21621621621621623	2	1	1	1.6016	1	1.6016	1.0	True	0.27	2.12
19	49129476	G	C	SPHK2	Missense_Mutation	4	5	9	0.5555555555555556	2	1	1	4.1152	1	4.1152	1.0	True	0.27	2.12
19	49344468	G	A	PLEKHA4	Missense_Mutation	94	30	124	0.24193548387096775	2	1	1	1.7921	1	1.7921	1.0	True	0.27	2.12
19	49344558	C	T	PLEKHA4	Missense_Mutation	55	14	69	0.2028985507246377	2	1	1	1.503	1	1.503	1.0	True	0.27	2.12
19	49459465	G	A	BAX	Missense_Mutation	32	6	38	0.15789473684210525	2	1	1	1.1696	1	1.1696	1.0	True	0.27	2.12
19	49558688	C	T	CGB7	5'UTR	59	15	74	0.20270270270270271	2	1	1	1.5015	1	1.5015	1.0	True	0.27	2.12
19	49657665	C	A	HRC	Missense_Mutation	37	18	55	0.32727272727272727	2	1	1	2.4242	1	2.4242	1.0	True	0.27	2.12
19	49964929	G	A	ALDH16A1	Missense_Mutation	64	6	70	0.08571428571428572	2	1	1	0.6349	1	0.6349	0.6349	False	0.27	2.12
19	50059641	C	T	NOSIP	Missense_Mutation	27	12	39	0.3076923076923077	2	1	1	2.2792	1	2.2792	1.0	True	0.27	2.12
19	50097858	C	A	PRR12	Missense_Mutation	39	4	43	0.09302325581395349	2	1	1	0.6891	1	0.6891	0.6891	False	0.27	2.12
19	51015803	C	T	ASPDH	Missense_Mutation	57	6	63	0.09523809523809523	2	1	1	0.7055	1	0.7055	0.7055	False	0.27	2.12
19	51020821	C	A	LRRC4B	3'UTR	36	19	55	0.34545454545454546	2	1	1	2.5589	1	2.5589	1.0	True	0.27	2.12
19	52097515	C	A	AC018755.1	Silent	35	4	39	0.10256410256410256	2	1	1	0.7597	1	0.7597	0.7597	False	0.27	2.12
19	52327515	G	T	FPR3	Missense_Mutation	51	7	58	0.1206896551724138	2	1	1	0.894	1	0.894	0.894	True	0.27	2.12
19	52505112	T	G	ZNF615	Missense_Mutation	64	9	73	0.1232876712328767	2	1	1	0.9132	1	0.9132	0.9132	True	0.27	2.12
19	53391430	G	A	ZNF320	Missense_Mutation	63	16	79	0.20253164556962025	2	1	1	1.5002	1	1.5002	1.0	True	0.27	2.12
19	53418494	A	T	ZNF888	RNA	147	24	171	0.14035087719298245	2	1	1	1.0396	1	1.0396	1.0	True	0.27	2.12
19	53994005	A	G	ZNF813	Silent	78	14	92	0.15217391304347827	2	1	1	1.1272	1	1.1272	1.0	True	0.27	2.12
19	54502908	G	A	CACNG6	Missense_Mutation	20	9	29	0.3103448275862069	2	1	1	2.2989	1	2.2989	1.0	True	0.27	2.12
19	54668189	C	T	TMC4	Silent	56	27	83	0.3253012048192771	2	1	1	2.4096	1	2.4096	1.0	True	0.27	2.12
19	54778658	T	A	LILRB2	Missense_Mutation	90	9	99	0.09090909090909091	2	1	1	0.6734	1	0.6734	0.6734	False	0.27	2.12
19	54930394	G	C	TTYH1	Silent	46	10	56	0.17857142857142858	2	1	1	1.3228	1	1.3228	1.0	True	0.27	2.12
19	55179121	G	A	LILRB4	Silent	75	40	115	0.34782608695652173	2	1	1	2.5765	1	2.5765	1.0	True	0.27	2.12
19	55447775	G	A	NLRP7	Silent	12	5	17	0.29411764705882354	2	1	1	2.1786	1	2.1786	1.0	True	0.27	2.12
19	55494830	C	T	NLRP2	Silent	33	16	49	0.32653061224489793	2	1	1	2.4187	1	2.4187	1.0	True	0.27	2.12
19	55697597	C	T	PTPRH	Missense_Mutation	46	11	57	0.19298245614035087	2	1	1	1.4295	1	1.4295	1.0	True	0.27	2.12
19	56132245	G	A	ZNF784	3'UTR	17	4	21	0.19047619047619047	2	1	1	1.4109	1	1.4109	1.0	True	0.27	2.12
19	56163825	T	C	CCDC106	Missense_Mutation	53	7	60	0.11666666666666667	2	1	1	0.8642	1	0.8642	0.8642	True	0.27	2.12
19	56538313	C	T	NLRP5	Silent	29	11	40	0.275	2	1	1	2.037	1	2.037	1.0	True	0.27	2.12
19	57035710	G	A	ZNF471	Missense_Mutation	49	26	75	0.3466666666666667	2	1	1	2.5679	1	2.5679	1.0	True	0.27	2.12
19	57328136	G	A	PEG3	Silent	49	9	58	0.15517241379310345	2	1	1	1.1494	1	1.1494	1.0	True	0.27	2.12
19	58018683	G	T	ZNF773	Missense_Mutation	83	8	91	0.08791208791208792	2	1	1	0.6512	1	0.6512	0.6512	False	0.27	2.12
19	58083744	C	T	ZNF416	Missense_Mutation	47	19	66	0.2878787878787879	2	1	1	2.1324	1	2.1324	1.0	True	0.27	2.12
19	58117515	C	T	ZNF530	Nonsense_Mutation	36	7	43	0.16279069767441862	2	1	1	1.2059	1	1.2059	1.0	True	0.27	2.12
19	58238904	G	A	ZNF671	5'UTR	68	11	79	0.13924050632911392	2	1	1	1.0314	1	1.0314	1.0	True	0.27	2.12
19	58291095	A	G	ZNF586	Silent	41	8	49	0.16326530612244897	2	1	1	1.2094	1	1.2094	1.0	True	0.27	2.12
19	58867645	G	A	ZNF497	Missense_Mutation	13	5	18	0.2777777777777778	2	1	1	2.0576	1	2.0576	1.0	True	0.27	2.12
19	58966635	C	T	ZNF324B	Silent	55	10	65	0.15384615384615385	2	1	1	1.1396	1	1.1396	1.0	True	0.27	2.12
20	416262	C	T	TBC1D20	3'UTR	13	3	16	0.1875	2	1	1	1.3889	1	1.3889	1.0	True	0.27	2.12
20	629214	G	A	RP5-850E9.3	3'UTR	8	5	13	0.38461538461538464	2	1	1	2.849	1	2.849	1.0	True	0.27	2.12
20	2125464	G	A	STK35	3'UTR	21	5	26	0.19230769230769232	2	1	1	1.4245	1	1.4245	1.0	True	0.27	2.12
20	2312875	G	A	TGM3	Missense_Mutation	28	6	34	0.17647058823529413	2	1	1	1.3072	1	1.3072	1.0	True	0.27	2.12
20	2621828	C	T	TMC2	Missense_Mutation	55	6	61	0.09836065573770492	2	1	1	0.7286	1	0.7286	0.7286	False	0.27	2.12
20	2637737	C	T	NOP56	Missense_Mutation	24	6	30	0.2	2	1	1	1.4815	1	1.4815	1.0	True	0.27	2.12
20	3001962	G	A	PTPRA	Missense_Mutation	48	6	54	0.1111111111111111	2	1	1	0.823	1	0.823	0.823	False	0.27	2.12
20	3102854	G	A	UBOX5	Missense_Mutation	27	8	35	0.22857142857142856	2	1	1	1.6931	1	1.6931	1.0	True	0.27	2.12
20	3557636	C	T	ATRN	Missense_Mutation	41	9	50	0.18	2	1	1	1.3333	1	1.3333	1.0	True	0.27	2.12
20	3734433	C	A	C20orf27	3'UTR	33	17	50	0.34	2	1	1	2.5185	1	2.5185	1.0	True	0.27	2.12
20	5953318	A	C	MCM8	Intron	8	4	12	0.3333333333333333	2	1	1	2.4691	1	2.4691	1.0	True	0.27	2.12
20	10287898	A	G	SNAP25	3'UTR	34	11	45	0.24444444444444444	2	1	1	1.8107	1	1.8107	1.0	True	0.27	2.12
20	10619648	A	G	JAG1	3'UTR	48	8	56	0.14285714285714285	2	1	1	1.0582	1	1.0582	1.0	True	0.27	2.12
20	17434447	G	T	PCSK2	Missense_Mutation	68	7	75	0.09333333333333334	2	1	1	0.6914	1	0.6914	0.6914	False	0.27	2.12
20	17641107	C	A	RRBP1	Nonsense_Mutation	44	4	48	0.08333333333333333	2	1	1	0.6173	1	0.6173	0.6173	False	0.27	2.12
20	17705764	G	A	BANF2	Missense_Mutation	41	7	48	0.14583333333333334	2	1	1	1.0802	1	1.0802	1.0	True	0.27	2.12
20	19702500	C	T	SLC24A3	3'UTR	21	5	26	0.19230769230769232	2	1	1	1.4245	1	1.4245	1.0	True	0.27	2.12
20	21687474	G	A	PAX1	Missense_Mutation	66	13	79	0.16455696202531644	2	1	1	1.2189	1	1.2189	1.0	True	0.27	2.12
20	23064944	G	A	CD93	Missense_Mutation	31	14	45	0.3111111111111111	2	1	1	2.3045	1	2.3045	1.0	True	0.27	2.12
20	30072036	G	A	REM1	Missense_Mutation	8	6	14	0.42857142857142855	2	1	1	3.1746	1	3.1746	1.0	True	0.27	2.12
20	30784466	G	A	PLAGL2	Missense_Mutation	53	8	61	0.13114754098360656	2	1	1	0.9715	1	0.9715	0.9715	True	0.27	2.12
20	31424518	G	A	MAPRE1	Missense_Mutation	38	10	48	0.20833333333333334	2	1	1	1.5432	1	1.5432	1.0	True	0.27	2.12
20	33096168	C	T	ITCH	3'Flank	18	6	24	0.25	2	1	1	1.8519	1	1.8519	1.0	True	0.27	2.12
20	33879905	C	T	FAM83C	Missense_Mutation	60	7	67	0.1044776119402985	2	1	1	0.7739	1	0.7739	0.7739	False	0.27	2.12
20	34041840	G	A	GDF5	Intron	37	5	42	0.11904761904761904	2	1	1	0.8818	1	0.8818	0.8818	True	0.27	2.12
20	35176560	C	T	MYL9	Missense_Mutation	45	4	49	0.08163265306122448	2	1	1	0.6047	1	0.6047	0.6047	False	0.27	2.12
20	35689630	A	G	RBL1	Missense_Mutation	47	8	55	0.14545454545454545	2	1	1	1.0774	1	1.0774	1.0	True	0.27	2.12
20	37647465	G	A	DHX35	Missense_Mutation	26	10	36	0.2777777777777778	2	1	1	2.0576	1	2.0576	1.0	True	0.27	2.12
20	39981291	A	C	LPIN3	Missense_Mutation	45	13	58	0.22413793103448276	2	1	1	1.6603	1	1.6603	1.0	True	0.27	2.12
20	39986087	T	C	LPIN3	Missense_Mutation	12	5	17	0.29411764705882354	2	1	1	2.1786	1	2.1786	1.0	True	0.27	2.12
20	39989255	C	T	EMILIN3	3'UTR	27	3	30	0.1	2	1	1	0.7407	1	0.7407	0.7407	False	0.27	2.12
20	40052243	G	A	CHD6	Missense_Mutation	29	10	39	0.2564102564102564	2	1	1	1.8993	1	1.8993	1.0	True	0.27	2.12
20	42788584	G	A	JPH2	Silent	30	11	41	0.2682926829268293	2	1	1	1.9874	1	1.9874	1.0	True	0.27	2.12
20	43723597	T	C	KCNS1	Missense_Mutation	27	7	34	0.20588235294117646	2	1	1	1.5251	1	1.5251	1.0	True	0.27	2.12
20	43926824	C	T	MATN4	Missense_Mutation	12	9	21	0.42857142857142855	2	1	1	3.1746	1	3.1746	1.0	True	0.27	2.12
20	43940969	C	A	RBPJL	Missense_Mutation	51	9	60	0.15	2	1	1	1.1111	1	1.1111	1.0	True	0.27	2.12
20	44588005	G	A	ZNF335	Silent	26	12	38	0.3157894736842105	2	1	1	2.3392	1	2.3392	1.0	True	0.27	2.12
20	44640819	C	T	MMP9	Silent	24	9	33	0.2727272727272727	2	1	1	2.0202	1	2.0202	1.0	True	0.27	2.12
20	44688285	C	A	SLC12A5	3'Flank	49	9	58	0.15517241379310345	2	1	1	1.1494	1	1.1494	1.0	True	0.27	2.12
20	48604987	C	A	SNAI1	3'UTR	53	25	78	0.32051282051282054	2	1	1	2.3742	1	2.3742	1.0	True	0.27	2.12
20	49127042	C	T	PTPN1	5'UTR	54	7	61	0.11475409836065574	2	1	1	0.85	1	0.85	0.85	True	0.27	2.12
20	50139933	C	T	NFATC2	Missense_Mutation	42	7	49	0.14285714285714285	2	1	1	1.0582	1	1.0582	1.0	True	0.27	2.12
20	50287773	C	T	ATP9A	Missense_Mutation	39	6	45	0.13333333333333333	2	1	1	0.9877	1	0.9877	0.9877	True	0.27	2.12
20	56090790	C	T	CTCFL	Missense_Mutation	37	14	51	0.27450980392156865	2	1	1	2.0334	1	2.0334	1.0	True	0.27	2.12
20	58482417	A	G	SYCP2	Splice_Site	29	9	38	0.23684210526315788	2	1	1	1.7544	1	1.7544	1.0	True	0.27	2.12
20	58533754	G	A	CDH26	5'UTR	49	10	59	0.1694915254237288	2	1	1	1.2555	1	1.2555	1.0	True	0.27	2.12
20	60892021	C	T	LAMA5	Missense_Mutation	59	12	71	0.16901408450704225	2	1	1	1.252	1	1.252	1.0	True	0.27	2.12
20	60911396	G	A	LAMA5	Missense_Mutation	45	21	66	0.3181818181818182	2	1	1	2.3569	1	2.3569	1.0	True	0.27	2.12
20	61468612	C	A	COL9A3	Missense_Mutation	94	39	133	0.2932330827067669	2	1	1	2.1721	1	2.1721	1.0	True	0.27	2.12
20	61538508	G	A	DIDO1	Silent	31	6	37	0.16216216216216217	2	1	1	1.2012	1	1.2012	1.0	True	0.27	2.12
20	62194213	G	A	HELZ2	Missense_Mutation	29	6	35	0.17142857142857143	2	1	1	1.2698	1	1.2698	1.0	True	0.27	2.12
20	62271454	T	C	STMN3	3'UTR	235	37	272	0.13602941176470587	2	1	1	1.0076	1	1.0076	1.0	True	0.27	2.12
20	62871697	G	A	MYT1	Missense_Mutation	27	4	31	0.12903225806451613	2	1	1	0.9558	1	0.9558	0.9558	True	0.27	2.12
21	19638458	A	G	CHODL	3'UTR	41	15	56	0.26785714285714285	2	1	1	1.9841	1	1.9841	1.0	True	0.27	2.12
21	22370772	C	T	NCAM2	5'UTR	16	9	25	0.36	2	1	1	2.6667	1	2.6667	1.0	True	0.27	2.12
21	27264106	C	T	APP	Silent	40	17	57	0.2982456140350877	2	1	1	2.2092	1	2.2092	1.0	True	0.27	2.12
21	28295864	C	T	ADAMTS5	3'UTR	62	18	80	0.225	2	1	1	1.6667	1	1.6667	1.0	True	0.27	2.12
21	30338185	A	G	LTN1	Splice_Site	169	13	182	0.07142857142857142	2	1	1	0.5291	1	0.5291	0.5291	False	0.27	2.12
21	30357050	G	T	LTN1	Missense_Mutation	20	5	25	0.2	2	1	1	1.4815	1	1.4815	1.0	True	0.27	2.12
21	33040846	C	T	SOD1	Silent	20	7	27	0.25925925925925924	2	1	1	1.9204	1	1.9204	1.0	True	0.27	2.12
21	37618129	G	A	DOPEY2	Missense_Mutation	26	4	30	0.13333333333333333	2	1	1	0.9877	1	0.9877	0.9877	True	0.27	2.12
21	37661367	G	A	DOPEY2	Silent	33	9	42	0.21428571428571427	2	1	1	1.5873	1	1.5873	1.0	True	0.27	2.12
21	38439662	T	C	PIGP	Silent	50	8	58	0.13793103448275862	2	1	1	1.0217	1	1.0217	1.0	True	0.27	2.12
21	40619643	G	A	BRWD1	Missense_Mutation	53	17	70	0.24285714285714285	2	1	1	1.7989	1	1.7989	1.0	True	0.27	2.12
21	40762674	G	A	WRB	Silent	31	14	45	0.3111111111111111	2	1	1	2.3045	1	2.3045	1.0	True	0.27	2.12
21	40871812	G	T	SH3BGR	Missense_Mutation	62	10	72	0.1388888888888889	2	1	1	1.0288	1	1.0288	1.0	True	0.27	2.12
21	42749721	C	T	MX2	Silent	25	6	31	0.1935483870967742	2	1	1	1.4337	1	1.4337	1.0	True	0.27	2.12
21	44190872	C	T	PDE9A	Silent	12	6	18	0.3333333333333333	2	1	1	2.4691	1	2.4691	1.0	True	0.27	2.12
21	44275838	C	T	WDR4	Missense_Mutation	65	9	74	0.12162162162162163	2	1	1	0.9009	1	0.9009	0.9009	True	0.27	2.12
21	44837638	C	T	SIK1	Silent	64	5	69	0.07246376811594203	2	1	1	0.5368	1	0.5368	0.5368	False	0.27	2.12
21	45502962	G	A	TRAPPC10	Missense_Mutation	15	7	22	0.3181818181818182	2	1	1	2.3569	1	2.3569	1.0	True	0.27	2.12
21	46117509	C	T	KRTAP10-12	Silent	100	19	119	0.15966386554621848	2	1	1	1.1827	1	1.1827	1.0	True	0.27	2.12
21	46354062	G	A	C21orf67	3'Flank	55	8	63	0.12698412698412698	2	1	1	0.9406	1	0.9406	0.9406	True	0.27	2.12
21	46918280	A	G	COL18A1	Intron	35	7	42	0.16666666666666666	2	1	1	1.2346	1	1.2346	1.0	True	0.27	2.12
21	46930024	G	A	COL18A1	Missense_Mutation	7	3	10	0.3	2	1	1	2.2222	1	2.2222	1.0	True	0.27	2.12
21	47418819	G	T	COL6A1	Missense_Mutation	98	22	120	0.18333333333333332	2	1	1	1.358	1	1.358	1.0	True	0.27	2.12
21	47423639	C	T	COL6A1	Silent	29	14	43	0.32558139534883723	2	1	1	2.4117	1	2.4117	1.0	True	0.27	2.12
22	17662461	C	T	CECR1	Missense_Mutation	21	9	30	0.3	2	1	1	2.2222	1	2.2222	1.0	True	0.27	2.12
22	18222896	C	T	BID	Intron	23	15	38	0.39473684210526316	2	1	1	2.924	1	2.924	1.0	True	0.27	2.12
22	18613631	C	A	TUBA8	Missense_Mutation	47	11	58	0.1896551724137931	2	1	1	1.4049	1	1.4049	1.0	True	0.27	2.12
22	20074724	G	T	DGCR8	Missense_Mutation	29	4	33	0.12121212121212122	2	1	1	0.8979	1	0.8979	0.8979	True	0.27	2.12
22	20099880	C	T	TRMT2A	3'UTR	16	3	19	0.15789473684210525	2	1	1	1.1696	1	1.1696	1.0	True	0.27	2.12
22	20342668	T	C	XXbac-B33L19.6	5'Flank	5	8	13	0.6153846153846154	2	1	1	4.5584	1	4.5584	1.0	True	0.27	2.12
22	21058315	C	T	PI4KA	3'Flank	98	9	107	0.08411214953271028	2	1	1	0.6231	1	0.6231	0.6231	False	0.27	2.12
22	21161675	C	T	PI4KA	Silent	22	6	28	0.21428571428571427	2	1	1	1.5873	1	1.5873	1.0	True	0.27	2.12
22	21348525	C	A	LZTR1	Missense_Mutation	54	19	73	0.2602739726027397	2	1	1	1.928	1	1.928	1.0	True	0.27	2.12
22	21355663	G	A	THAP7	Silent	44	22	66	0.3333333333333333	2	1	1	2.4691	1	2.4691	1.0	True	0.27	2.12
22	21989794	G	A	CCDC116	Intron	18	4	22	0.18181818181818182	2	1	1	1.3468	1	1.3468	1.0	True	0.27	2.12
22	22287874	G	A	PPM1F	Silent	22	5	27	0.18518518518518517	2	1	1	1.3717	1	1.3717	1.0	True	0.27	2.12
22	22318305	C	A	TOP3B	Missense_Mutation	10	7	17	0.4117647058823529	2	1	1	3.0501	1	3.0501	1.0	True	0.27	2.12
22	22842653	C	T	ZNF280B	Silent	65	10	75	0.13333333333333333	2	1	1	0.9877	1	0.9877	0.9877	True	0.27	2.12
22	23264995	G	A	IGLC7	Silent	68	26	94	0.2765957446808511	2	1	1	2.0489	1	2.0489	1.0	True	0.27	2.12
22	24106534	G	A	C22orf15	Missense_Mutation	12	4	16	0.25	2	1	1	1.8519	1	1.8519	1.0	True	0.27	2.12
22	24659492	G	T	POM121L9P	RNA	96	34	130	0.26153846153846155	2	1	1	1.9373	1	1.9373	1.0	True	0.27	2.12
22	26830127	C	T	ASPHD2	Silent	42	8	50	0.16	2	1	1	1.1852	1	1.1852	1.0	True	0.27	2.12
22	27068613	C	T	MIAT	RNA	20	8	28	0.2857142857142857	2	1	1	2.1164	1	2.1164	1.0	True	0.27	2.12
22	29450950	T	C	ZNRF3	3'UTR	49	7	56	0.125	2	1	1	0.9259	1	0.9259	0.9259	True	0.27	2.12
22	29490351	A	G	KREMEN1	Missense_Mutation	51	9	60	0.15	2	1	1	1.1111	1	1.1111	1.0	True	0.27	2.12
22	29737580	G	A	AP1B1	Missense_Mutation	36	22	58	0.3793103448275862	2	1	1	2.8097	1	2.8097	1.0	True	0.27	2.12
22	30221678	C	T	ASCC2	Missense_Mutation	56	6	62	0.0967741935483871	2	1	1	0.7168	1	0.7168	0.7168	False	0.27	2.12
22	30775768	T	C	RNF215	Missense_Mutation	26	5	31	0.16129032258064516	2	1	1	1.1947	1	1.1947	1.0	True	0.27	2.12
22	30977620	G	A	PES1	Silent	11	4	15	0.26666666666666666	2	1	1	1.9753	1	1.9753	1.0	True	0.27	2.12
22	31006966	T	C	TCN2	Missense_Mutation	60	24	84	0.2857142857142857	2	1	1	2.1164	1	2.1164	1.0	True	0.27	2.12
22	31658156	C	T	LIMK2	Silent	33	9	42	0.21428571428571427	2	1	1	1.5873	1	1.5873	1.0	True	0.27	2.12
22	31658176	G	A	LIMK2	Missense_Mutation	29	14	43	0.32558139534883723	2	1	1	2.4117	1	2.4117	1.0	True	0.27	2.12
22	31737641	G	A	PATZ1	Intron	24	4	28	0.14285714285714285	2	1	1	1.0582	1	1.0582	1.0	True	0.27	2.12
22	31740467	C	T	PATZ1	Silent	31	5	36	0.1388888888888889	2	1	1	1.0288	1	1.0288	1.0	True	0.27	2.12
22	32111916	A	G	PRR14L	Missense_Mutation	49	6	55	0.10909090909090909	2	1	1	0.8081	1	0.8081	0.8081	False	0.27	2.12
22	32783907	C	T	RTCB	3'UTR	24	7	31	0.22580645161290322	2	1	1	1.6726	1	1.6726	1.0	True	0.27	2.12
22	32881117	G	A	FBXO7	Silent	47	8	55	0.14545454545454545	2	1	1	1.0774	1	1.0774	1.0	True	0.27	2.12
22	36897401	C	T	FOXRED2	Missense_Mutation	34	7	41	0.17073170731707318	2	1	1	1.2647	1	1.2647	1.0	True	0.27	2.12
22	38019411	G	A	GGA1	Silent	31	11	42	0.2619047619047619	2	1	1	1.94	1	1.94	1.0	True	0.27	2.12
22	38122337	C	T	TRIOBP	Silent	59	12	71	0.16901408450704225	2	1	1	1.252	1	1.252	1.0	True	0.27	2.12
22	38129304	G	T	TRIOBP	Splice_Site	62	13	75	0.17333333333333334	2	1	1	1.284	1	1.284	1.0	True	0.27	2.12
22	38612001	C	T	MAFF	3'UTR	49	26	75	0.3466666666666667	2	1	1	2.5679	1	2.5679	1.0	True	0.27	2.12
22	39218069	G	C	NPTXR	3'UTR	54	12	66	0.18181818181818182	2	1	1	1.3468	1	1.3468	1.0	True	0.27	2.12
22	39262968	C	T	CBX6	Missense_Mutation	28	9	37	0.24324324324324326	2	1	1	1.8018	1	1.8018	1.0	True	0.27	2.12
22	40060801	G	A	CACNA1I	Missense_Mutation	41	10	51	0.19607843137254902	2	1	1	1.4524	1	1.4524	1.0	True	0.27	2.12
22	40657941	C	T	TNRC6B	Missense_Mutation	140	17	157	0.10828025477707007	2	1	1	0.8021	1	0.8021	0.8021	False	0.27	2.12
22	40704591	G	T	TNRC6B	Missense_Mutation	30	11	41	0.2682926829268293	2	1	1	1.9874	1	1.9874	1.0	True	0.27	2.12
22	41513396	A	G	EP300	Silent	32	8	40	0.2	2	1	1	1.4815	1	1.4815	1.0	True	0.27	2.12
22	42093433	G	A	C22orf46	3'UTR	28	4	32	0.125	2	1	1	0.9259	1	0.9259	0.9259	True	0.27	2.12
22	43870648	G	A	MPPED1	Missense_Mutation	14	9	23	0.391304347826087	2	1	1	2.8986	1	2.8986	1.0	True	0.27	2.12
22	44692715	G	A	KIAA1644	Missense_Mutation	36	7	43	0.16279069767441862	2	1	1	1.2059	1	1.2059	1.0	True	0.27	2.12
22	45593025	C	T	KIAA0930	3'UTR	41	7	48	0.14583333333333334	2	1	1	1.0802	1	1.0802	1.0	True	0.27	2.12
22	46658462	C	T	PKDREJ	Missense_Mutation	26	7	33	0.21212121212121213	2	1	1	1.5713	1	1.5713	1.0	True	0.27	2.12
22	47569647	C	T	TBC1D22A	3'UTR	58	7	65	0.1076923076923077	2	1	1	0.7977	1	0.7977	0.7977	False	0.27	2.12
22	49147173	C	T	FAM19A5	3'Flank	27	5	32	0.15625	2	1	1	1.1574	1	1.1574	1.0	True	0.27	2.12
22	50885153	G	T	SBF1	3'UTR	49	14	63	0.2222222222222222	2	1	1	1.6461	1	1.6461	1.0	True	0.27	2.12
22	51183225	G	A	ACR	Missense_Mutation	63	8	71	0.11267605633802817	2	1	1	0.8346	1	0.8346	0.8346	False	0.27	2.12
X	1424391	C	T	CSF2RA	Silent	81	15	96	0.15625	2	1	1	1.1574	1	1.1574	1.0	True	0.27	2.12
X	1584894	G	A	P2RY8	Silent	19	8	27	0.2962962962962963	2	1	1	2.1948	1	2.1948	1.0	True	0.27	2.12
X	1761874	A	G	ASMT	Silent	91	7	98	0.07142857142857142	2	1	1	0.5291	1	0.5291	0.5291	False	0.27	2.12
X	2670327	G	C	XG	Missense_Mutation	81	66	147	0.4489795918367347	2	1	1	3.3258	1	3.3258	1.0	True	0.27	2.12
X	10085597	C	T	WWC3	Missense_Mutation	11	10	21	0.47619047619047616	2	1	1	3.5273	1	3.5273	1.0	True	0.27	2.12
X	11783863	G	A	MSL3	Intron	30	4	34	0.11764705882352941	2	1	1	0.8715	1	0.8715	0.8715	True	0.27	2.12
X	24735597	C	A	POLA1	Silent	17	7	24	0.2916666666666667	2	1	1	2.1605	1	2.1605	1.0	True	0.27	2.12
X	41202035	C	T	DDX3X	Silent	35	11	46	0.2391304347826087	2	1	1	1.7713	1	1.7713	1.0	True	0.27	2.12
X	44401202	G	A	FUNDC1	Silent	27	6	33	0.18181818181818182	2	1	1	1.3468	1	1.3468	1.0	True	0.27	2.12
X	44703372	C	T	DUSP21	5'UTR	41	9	50	0.18	2	1	1	1.3333	1	1.3333	1.0	True	0.27	2.12
X	47422426	C	T	ARAF	Silent	41	7	48	0.14583333333333334	2	1	1	1.0802	1	1.0802	1.0	True	0.27	2.12
X	48687785	G	A	ERAS	Silent	27	6	33	0.18181818181818182	2	1	1	1.3468	1	1.3468	1.0	True	0.27	2.12
X	53115001	T	C	TSPYL2	Missense_Mutation	18	6	24	0.25	2	1	1	1.8519	1	1.8519	1.0	True	0.27	2.12
X	53570860	G	A	HUWE1	Missense_Mutation	17	4	21	0.19047619047619047	2	1	1	1.4109	1	1.4109	1.0	True	0.27	2.12
X	57146545	T	C	SPIN2B	Missense_Mutation	26	4	30	0.13333333333333333	2	1	1	0.9877	1	0.9877	0.9877	True	0.27	2.12
X	68751821	C	A	FAM155B	3'UTR	13	7	20	0.35	2	1	1	2.5926	1	2.5926	1.0	True	0.27	2.12
X	72783226	T	C	CHIC1	Missense_Mutation	15	7	22	0.3181818181818182	2	1	1	2.3569	1	2.3569	1.0	True	0.27	2.12
X	73958397	G	A	KIAA2022	3'UTR	66	14	80	0.175	2	1	1	1.2963	1	1.2963	1.0	True	0.27	2.12
X	75650001	C	A	MAGEE1	Missense_Mutation	16	10	26	0.38461538461538464	2	1	1	2.849	1	2.849	1.0	True	0.27	2.12
X	83616578	G	T	HDX	Missense_Mutation	31	11	42	0.2619047619047619	2	1	1	1.94	1	1.94	1.0	True	0.27	2.12
X	86772933	C	T	KLHL4	Nonsense_Mutation	23	8	31	0.25806451612903225	2	1	1	1.9116	1	1.9116	1.0	True	0.27	2.12
X	92927880	G	T	NAP1L3	Missense_Mutation	26	4	30	0.13333333333333333	2	1	1	0.9877	1	0.9877	0.9877	True	0.27	2.12
X	96173528	C	A	DIAPH2	Missense_Mutation	51	11	62	0.1774193548387097	2	1	1	1.3142	1	1.3142	1.0	True	0.27	2.12
X	100364892	C	T	CENPI	Missense_Mutation	25	9	34	0.2647058823529412	2	1	1	1.9608	1	1.9608	1.0	True	0.27	2.12
X	101381878	C	A	TCEAL2	Missense_Mutation	12	12	24	0.5	2	1	1	3.7037	1	3.7037	1.0	True	0.27	2.12
X	101572262	G	A	NXF2	Intron	183	33	216	0.1527777777777778	2	1	1	1.1317	1	1.1317	1.0	True	0.27	2.12
X	105201278	T	A	NRK	3'UTR	54	28	82	0.34146341463414637	2	1	1	2.5294	1	2.5294	1.0	True	0.27	2.12
X	106171568	G	A	CLDN2	Missense_Mutation	24	3	27	0.1111111111111111	2	1	1	0.823	1	0.823	0.823	False	0.27	2.12
X	106846471	A	G	FRMPD3	Silent	26	22	48	0.4583333333333333	2	1	1	3.3951	1	3.3951	1.0	True	0.27	2.12
X	107898611	T	C	COL4A5	Silent	33	5	38	0.13157894736842105	2	1	1	0.9747	1	0.9747	0.9747	True	0.27	2.12
X	118893451	C	T	SOWAHD	Missense_Mutation	8	5	13	0.38461538461538464	2	1	1	2.849	1	2.849	1.0	True	0.27	2.12
X	120182541	G	A	GLUD2	Missense_Mutation	31	12	43	0.27906976744186046	2	1	1	2.0672	1	2.0672	1.0	True	0.27	2.12
X	125684272	C	T	DCAF12L1	3'UTR	31	18	49	0.3673469387755102	2	1	1	2.7211	1	2.7211	1.0	True	0.27	2.12
X	125954833	A	G	CXorf64	Missense_Mutation	31	4	35	0.11428571428571428	2	1	1	0.8466	1	0.8466	0.8466	False	0.27	2.12
X	130217937	G	A	ARHGAP36	Silent	32	10	42	0.23809523809523808	2	1	1	1.7637	1	1.7637	1.0	True	0.27	2.12
X	130678939	C	T	OR13H1	Missense_Mutation	14	5	19	0.2631578947368421	2	1	1	1.9493	1	1.9493	1.0	True	0.27	2.12
X	131762903	C	T	HS6ST2	Missense_Mutation	36	11	47	0.23404255319148937	2	1	1	1.7336	1	1.7336	1.0	True	0.27	2.12
X	132092616	C	T	HS6ST2	Silent	14	4	18	0.2222222222222222	2	1	1	1.6461	1	1.6461	1.0	True	0.27	2.12
X	144904398	G	T	SLITRK2	Missense_Mutation	11	4	15	0.26666666666666666	2	1	1	1.9753	1	1.9753	1.0	True	0.27	2.12
X	148069012	G	A	AFF2	Missense_Mutation	15	6	21	0.2857142857142857	2	1	1	2.1164	1	2.1164	1.0	True	0.27	2.12
X	150155677	G	A	HMGB3	Missense_Mutation	16	20	36	0.5555555555555556	2	1	1	4.1152	1	4.1152	1.0	True	0.27	2.12
X	151283730	G	A	RP11-1007I13.4	RNA	38	8	46	0.17391304347826086	2	1	1	1.2882	1	1.2882	1.0	True	0.27	2.12
X	153009046	C	T	ABCD1	Silent	49	4	53	0.07547169811320754	2	1	1	0.559	1	0.559	0.559	False	0.27	2.12
X	153289458	G	A	IRAK1	5'Flank	87	21	108	0.19444444444444445	2	1	1	1.4403	1	1.4403	1.0	True	0.27	2.12
