chr	start	end	WT.count	mut.count	subclonal.CN	nMaj1	nMin1	frac1	nMaj2	nMin2	frac2	phase	mutation.copy.number	subclonal.fraction	no.chrs.bearing.mut
1	982775	982776	53	8	2.77	2	1	0.77	1	1	0.23	unphased	0.417001777602212	0.541560750132743	0.77
1	2938608	2938609	18	35	2.77	2	1	0.77	1	1	0.23	unphased	2.0997613093885	1.18630582451328	1.77
1	3511930	3511931	39	7	2.77	2	1	0.77	1	1	0.23	unphased	0.483858040859089	0.628387066050764	0.77
1	6214886	6214887	21	18	2.77	2	1	0.77	1	1	0.23	unphased	1.46752548656163	0.829110444385102	1.77
1	6680122	6680123	25	28	2.77	2	1	0.77	1	1	0.23	unphased	1.6798090475108	0.94904465961062	1.77
1	7907686	7907687	17	3	2.77	2	1	0.77	1	1	0.23	unphased	0.47694578313253	0.47694578313253	1
1	8075325	8075326	27	8	2.77	2	1	0.77	1	1	0.23	unphased	0.726774526678141	0.726774526678141	1
1	8425927	8425928	51	8	2.77	2	1	0.77	1	1	0.23	unphased	0.431137431080253	0.559918741662667	0.77
1	10386319	10386320	57	57	3	2	1	1	NA	NA	NA	unphased	1.70481927710843	0.852409638554217	2
1	10523245	10523246	29	3	3	2	1	1	NA	NA	NA	unphased	0.319653614457831	0.319653614457831	1
1	11575542	11575543	43	19	2.75	2	1	0.75	1	1	0.25	unphased	0.968276331130975	0.968276331130975	1
1	12020777	12020778	14	18	2.75	2	1	0.75	1	1	0.25	unphased	1.77729668674699	1.01559810671256	1.75
1	12726107	12726108	55	6	2.75	2	1	0.75	1	1	0.25	unphased	0.310784120086905	0.310784120086905	1
1	12785276	12785277	49	43	2.75	2	1	0.75	1	1	0.25	unphased	1.4767875851231	0.843878620070343	1.75
1	12837667	12837668	49	50	2.75	2	1	0.75	1	1	0.25	unphased	1.59577704758428	0.911872598619587	1.75
1	12887675	12887676	108	102	NA	NA	NA	NA	NA	NA	NA	unphased	NA	NA	1
1	17552348	17552349	80	13	2.86	2	1	0.93	0	1	0.07	unphased	0.457046249514186	0.457046249514186	1
1	18149601	18149602	55	28	2.86	2	1	0.93	0	1	0.07	unphased	1.10301059660328	1.10301059660328	1
1	19501514	19501515	81	26	2.86	2	1	0.93	0	1	0.07	unphased	0.794491611305033	0.794491611305033	1
1	21036159	21036160	66	11	2.86	2	1	0.93	0	1	0.07	unphased	0.467091222030981	0.467091222030981	1
1	21050176	21050177	9	21	2.86	2	1	0.93	0	1	0.07	unphased	2.28874698795181	1.18587926836881	1.93
1	22172734	22172735	10	9	2.86	2	1	0.93	0	1	0.07	unphased	1.54877615726062	1.54877615726062	1
1	22178283	22178284	36	11	2.86	2	1	0.93	0	1	0.07	unphased	0.765234555242246	0.765234555242246	1
1	26349796	26349797	6	5	2.86	2	1	0.93	0	1	0.07	unphased	1.48619934282585	1.48619934282585	1
1	27216405	27216406	9	13	2.86	2	1	0.93	0	1	0.07	unphased	1.9320591456736	1.00106691485679	1.93
1	33354586	33354587	31	15	2.86	2	1	0.93	0	1	0.07	unphased	1.06618648507072	1.06618648507072	1
1	34090695	34090696	25	24	2.86	2	1	0.93	0	1	0.07	unphased	1.60145561839194	0.860997644296739	1.86
1	34330070	34330071	47	6	2.86	2	1	0.93	0	1	0.07	unphased	0.37014776085474	0.37014776085474	1
1	36226408	36226409	81	33	2.86	2	1	0.93	0	1	0.07	unphased	0.946474318325935	0.946474318325935	1
1	36367127	36367128	45	52	2.86	2	1	0.93	0	1	0.07	unphased	1.75279592597193	0.942363401060177	1.86
1	36820826	36820827	31	27	2.86	2	1	0.93	0	1	0.07	unphased	1.52207312006647	0.818318881756168	1.86
1	39798056	39798057	53	5	2.86	2	1	0.93	0	1	0.07	unphased	0.281865392604902	0.281865392604902	1
1	39826508	39826509	21	26	2.86	2	1	0.93	0	1	0.07	unphased	1.80873622148167	0.972438828753587	1.86
1	39927572	39927573	64	80	2.86	2	1	0.93	0	1	0.07	unphased	1.81646586345382	0.976594550243987	1.86
1	40928196	40928197	79	70	2.86	2	1	0.93	0	1	0.07	unphased	1.5360718039945	0.825845055911022	1.86
1	42880747	42880748	12	4	2.86	2	1	0.93	0	1	0.07	unphased	0.817409638554217	0.817409638554217	1
1	44461644	44461645	90	22	2.86	2	1	0.93	0	1	0.07	unphased	0.642250430292599	0.690591860529676	0.93
1	45809305	45809306	35	28	2.86	2	1	0.93	0	1	0.07	unphased	1.45317269076305	0.781275640195189	1.86
1	47407032	47407033	87	12	2.86	2	1	0.93	0	1	0.07	unphased	0.39631982475356	0.39631982475356	1
1	52275986	52275987	22	9	2.86	2	1	0.93	0	1	0.07	unphased	0.949249902837155	0.949249902837155	1
1	52956473	52956474	23	14	2.86	2	1	0.93	0	1	0.07	unphased	1.237160534028	1.237160534028	1
1	53164007	53164008	28	6	2.86	2	1	0.93	0	1	0.07	unphased	0.576995038979447	0.576995038979447	1
1	55319265	55319266	7	4	2.86	2	1	0.93	0	1	0.07	unphased	1.18895947426068	1.18895947426068	1
1	57383439	57383440	2	7	2.86	2	1	0.93	0	1	0.07	unphased	2.54305220883534	1.3176436315209	1.93
1	58992940	58992941	48	25	2.86	2	1	0.93	0	1	0.07	unphased	1.11973923089619	1.11973923089619	1
1	58996334	58996335	39	7	2.86	2	1	0.93	0	1	0.07	unphased	0.497553693033002	0.535003971003228	0.93
1	63999868	63999869	35	29	2.86	2	1	0.93	0	1	0.07	unphased	1.48155496987952	0.796534930042752	1.86
1	65656500	65656501	28	12	2.86	2	1	0.93	0	1	0.07	unphased	0.98089156626506	0.98089156626506	1
1	67299788	67299789	37	15	2.86	2	1	0.93	0	1	0.07	unphased	0.943164967562558	0.943164967562558	1
1	68905286	68905287	105	18	2.86	2	1	0.93	0	1	0.07	unphased	0.478483690861005	0.478483690861005	1
1	70503932	70503933	174	18	2.86	2	1	0.93	0	1	0.07	unphased	0.306528614457831	0.306528614457831	1
1	70710426	70710427	58	12	2.86	2	1	0.93	0	1	0.07	unphased	0.560509466437177	0.560509466437177	1
1	74507162	74507163	84	26	2.1	2	1	0.1	1	1	0.9	unphased	0.593187294633078	0.593187294633078	1
1	76190373	76190374	6	7	2.1	2	1	0.1	1	1	0.9	unphased	1.35134383688601	1.35134383688601	1
1	76388008	76388009	24	18	2.1	2	1	0.1	1	1	0.9	unphased	1.07555938037866	1.07555938037866	1
1	77806142	77806143	51	47	2.1	2	1	0.1	1	1	0.9	unphased	1.20360216375707	1.20360216375707	1
1	78324706	78324707	72	34	2.1	2	1	0.1	1	1	0.9	unphased	0.804978404182769	0.804978404182769	1
1	79002460	79002461	10	4	2.1	2	1	0.1	1	1	0.9	unphased	0.717039586919105	0.717039586919105	1
1	79106709	79106710	29	36	2.1	2	1	0.1	1	1	0.9	unphased	1.38995366079703	1.26359423708821	1.1
1	79107562	79107563	93	26	2.1	2	1	0.1	1	1	0.9	unphased	0.548324389996963	0.548324389996963	1
1	79411965	79411966	37	12	2.1	2	1	0.1	1	1	0.9	unphased	0.614605360216376	0.614605360216376	1
1	82402451	82402452	105	33	2.1	2	1	0.1	1	1	0.9	unphased	0.600130958617077	0.600130958617077	1
1	82409159	82409160	46	24	2.1	2	1	0.1	1	1	0.9	unphased	0.860447504302926	0.860447504302926	1
1	82456771	82456772	16	17	2.1	2	1	0.1	1	1	0.9	unphased	1.29284410368748	1.29284410368748	1
1	84383357	84383358	26	13	1.1	2	1	0.05	0	1	0.95	unphased	0.503212851405623	0.503212851405623	1
1	84415627	84415628	32	54	1.1	2	1	0.05	0	1	0.95	unphased	0.947912580554777	0.947912580554777	1
1	85121611	85121612	64	15	1.1	2	1	0.05	0	1	0.95	unphased	0.286640231813329	0.286640231813329	1
1	85331112	85331113	32	9	1.1	2	1	0.05	0	1	0.95	unphased	0.331384072876873	0.331384072876873	1
1	86524820	86524821	40	4	2.18	2	1	0.18	1	1	0.82	unphased	0.235421686746988	1.30789825970549	0.18
1	89520552	89520553	279	49	1.08	2	1	0.04	0	1	0.96	unphased	0.222537466940934	0.222537466940934	1
1	92613326	92613327	28	31	1.08	2	1	0.04	0	1	0.96	unphased	0.782691443741066	0.782691443741066	1
1	95710165	95710166	72	19	1.08	2	1	0.04	0	1	0.96	unphased	0.311023434396928	0.311023434396928	1
1	103354314	103354315	46	18	2.13	2	1	0.13	1	1	0.87	unphased	0.714273343373494	0.714273343373494	1
1	103385912	103385913	103	31	2.13	2	1	0.13	1	1	0.87	unphased	0.587528322244201	0.587528322244201	1
1	103468347	103468348	61	22	2.13	2	1	0.13	1	1	0.87	unphased	0.67315720714182	0.67315720714182	1
1	103484399	103484400	43	37	2.13	2	1	0.13	1	1	0.87	unphased	1.1745828313253	1.1745828313253	1
1	103548360	103548361	65	14	2.13	2	1	0.13	1	1	0.87	unphased	0.450062528595394	0.450062528595394	1
1	107866938	107866939	201	93	3	2	1	1	0	1	0	unphased	1.07855913449717	1.07855913449717	1
1	110031484	110031485	30	40	3	2	1	1	0	1	0	unphased	1.94836488812392	0.974182444061962	2
1	111146420	111146421	51	17	3	2	1	1	0	1	0	unphased	0.852409638554217	0.852409638554217	1
1	113459735	113459736	9	7	3	2	1	1	0	1	0	unphased	1.49171686746988	1.49171686746988	1
1	115238126	115238127	108	20	3	2	1	1	0	1	0	unphased	0.532756024096386	0.532756024096386	1
1	115260735	115260736	16	16	3	2	1	1	0	1	0	unphased	1.70481927710843	0.852409638554217	2
1	117695729	117695730	158	22	3	2	1	1	0	1	0	unphased	0.41673360107095	0.41673360107095	1
1	118644399	118644400	67	46	3	2	1	1	0	1	0	unphased	1.3879944556989	0.693997227849451	2
1	119427515	119427516	44	6	3	2	1	1	0	1	0	unphased	0.409156626506024	0.409156626506024	1
1	119584947	119584948	63	67	3	2	1	1	0	1	0	unphased	1.75727525486562	0.878637627432808	2
1	120168551	120168552	43	6	3	2	1	1	0	1	0	unphased	0.417506761740841	0.417506761740841	1
1	144994929	144994930	31	9	3	2	1	1	NA	NA	NA	unphased	0.767168674698795	0.767168674698795	1
1	145474709	145474710	14	31	6.53	6	2	0.79	1	0	0.21	unphased	4.78063989290495	0.998045906660742	4.79
1	149783915	149783916	107	7	8	6	2	1	NA	NA	NA	unphased	0.516381314732615	0.516381314732615	1
1	152081259	152081260	589	110	9	7	2	1	0	1	0	unphased	1.48077287691539	0.740386438457693	2
1	152278801	152278802	4083	125	9	7	2	1	0	1	0	unphased	0.279516354390948	0.279516354390948	1
1	152282750	152282751	467	960	9	7	2	1	0	1	0	unphased	6.33024037284386	1.05504006214064	6
1	152282751	152282752	468	966	9	7	2	1	0	1	0	unphased	6.33871049049756	1.05645174841626	6
1	152538281	152538282	55	13	9	7	2	1	0	1	0	unphased	1.79890148830617	0.899450744153083	2
1	152595360	152595361	255	39	9	7	2	1	NA	NA	NA	unphased	1.24821735923285	1.24821735923285	1
1	152733486	152733487	250	56	9	7	2	1	NA	NA	NA	unphased	1.72202535632727	0.861012678163635	2
1	152800122	152800123	69	207	9	7	2	1	NA	NA	NA	unphased	7.05722891566265	1.00817555938038	7
1	153430305	153430306	46	233	9	7	2	1	NA	NA	NA	unphased	7.85822861337824	1.12260408762546	7
1	153614863	153614864	31	118	9	7	2	1	NA	NA	NA	unphased	7.45192851944691	1.06456121706384	7
1	153660216	153660217	193	29	9	7	2	1	NA	NA	NA	unphased	1.22918701834364	1.22918701834364	1
1	153727150	153727151	598	35	9	7	2	1	NA	NA	NA	unphased	0.520280172823997	0.520280172823997	1
1	155106545	155106546	34	5	3.58	5	2	0.43	1	0	0.57	unphased	0.511492122335496	0.511492122335496	1
1	155209425	155209426	79	31	3.58	5	2	0.43	1	0	0.57	unphased	1.12435268346112	1.12435268346112	1
1	155254415	155254416	77	17	3.58	5	2	0.43	1	0	0.57	unphased	0.721530376826455	0.721530376826455	1
1	155884137	155884138	51	14	3.58	5	2	0.43	1	0	0.57	unphased	0.859306765523633	0.859306765523633	1
1	156376736	156376737	126	33	3.58	5	2	0.43	1	0	0.57	unphased	0.82803819049784	0.82803819049784	1
1	156556349	156556350	48	9	3.58	5	2	0.43	1	0	0.57	unphased	0.62994292961319	0.62994292961319	1
1	157737390	157737391	234	29	9	7	2	1	NA	NA	NA	unphased	1.0375647074992	1.0375647074992	1
1	157789880	157789881	16	42	9	7	2	1	NA	NA	NA	unphased	6.8138761944329	0.973410884918986	7
1	158227565	158227566	77	7	9	7	2	1	NA	NA	NA	unphased	0.784136546184739	0.784136546184739	1
1	158435833	158435834	439	30	9	7	2	1	NA	NA	NA	unphased	0.601895856346495	0.601895856346495	1
1	158609376	158609377	57	214	9	7	2	1	0	1	0	unphased	7.43048948561775	1.06149849794539	7
1	158654942	158654943	179	29	9	7	2	1	0	1	0	unphased	1.31192075996293	1.31192075996293	1
1	158686962	158686963	399	63	9	7	2	1	0	1	0	unphased	1.28313253012048	1.28313253012048	1
1	158736373	158736374	126	13	9	7	2	1	0	1	0	unphased	0.880038138164167	0.880038138164167	1
1	158911924	158911925	181	19	9	7	2	1	0	1	0	unphased	0.893915662650602	0.893915662650602	1
1	159035709	159035710	457	22	9	7	2	1	0	1	0	unphased	0.432175465955681	0.432175465955681	1
1	159175631	159175632	52	20	5.78	6	2	0.63	1	1	0.37	unphased	1.71934404283802	1.05481229621964	1.63
1	159803052	159803053	227	28	5.78	6	2	0.63	1	1	0.37	unphased	0.679646586345382	1.07880410531013	0.63
1	159825839	159825840	28	6	5.78	6	2	0.63	1	1	0.37	unphased	1.09228915662651	1.09228915662651	1
1	159922076	159922077	129	28	5.78	6	2	0.63	1	1	0.37	unphased	1.10388458291766	1.10388458291766	1
1	160011946	160011947	59	91	5.78	6	2	0.63	1	1	0.37	unphased	3.75504738955823	1.03444831668271	3.63
1	160275291	160275292	172	35	5.78	6	2	0.63	1	1	0.37	unphased	1.04655724346662	1.04655724346662	1
1	161141685	161141686	113	16	5.78	6	2	0.63	1	1	0.37	unphased	0.767707107499766	0.767707107499766	1
1	161519597	161519598	31	54	5.78	6	2	0.63	1	1	0.37	unphased	3.93224096385542	1.01085885960294	3.89
1	161561030	161561031	72	7	5.78	6	2	0.63	1	1	0.37	unphased	0.548448985816684	0.548448985816684	1
1	161681213	161681214	18	89	9	7	2	1	0	1	0	unphased	7.82670870397478	1.11810124342497	7
1	161681215	161681216	18	88	9	7	2	1	0	1	0	unphased	7.8117754035008	1.11596791478583	7
1	162335208	162335209	41	115	9	7	2	1	0	1	0	unphased	6.93659252394192	0.99094178913456	7
1	166039666	166039667	347	12	9	7	2	1	0	1	0	unphased	0.314528308218948	0.314528308218948	1
1	166826942	166826943	74	25	1.04	2	1	0.02	0	1	0.98	unphased	0.366070341973956	0.366070341973956	1
1	167059571	167059572	7	6	1.04	2	1	0.02	0	1	0.98	unphased	0.669063948100093	0.669063948100093	1
1	167400978	167400979	56	13	1.04	2	1	0.02	0	1	0.98	unphased	0.273120307316221	0.273120307316221	1
1	167666551	167666552	12	26	1.04	2	1	0.02	0	1	0.98	unphased	0.991857958148383	0.991857958148383	1
1	167830255	167830256	19	26	1.04	2	1	0.02	0	1	0.98	unphased	0.837568942436412	0.837568942436412	1
1	168054682	168054683	15	4	1.04	2	1	0.02	0	1	0.98	unphased	0.305187064045656	0.305187064045656	1
1	168511295	168511296	31	46	1.04	2	1	0.02	0	1	0.98	unphased	0.866017837584103	0.866017837584103	1
1	169953797	169953798	32	18	1.04	2	1	0.02	0	1	0.98	unphased	0.521869879518072	0.521869879518072	1
1	171621516	171621517	47	10	1.04	2	1	0.02	0	1	0.98	unphased	0.25432255337138	0.25432255337138	1
1	171890901	171890902	15	3	1.04	2	1	0.02	0	1	0.98	unphased	0.241606425702811	0.241606425702811	1
1	172389948	172389949	13	7	1.04	2	1	0.02	0	1	0.98	unphased	0.507373493975904	0.507373493975904	1
1	172411498	172411499	38	5	1.04	2	1	0.02	0	1	0.98	unphased	0.168562622583357	0.168562622583357	1
1	172634904	172634905	64	10	1.04	2	1	0.02	0	1	0.98	unphased	0.195897101921198	0.195897101921198	1
1	173836854	173836855	13	34	1.04	2	1	0.02	0	1	0.98	unphased	1.04867469879518	1.04867469879518	1
1	175335184	175335185	54	15	3.73	3	1	0.91	0	1	0.09	unphased	0.899921424829754	0.899921424829754	1
1	175372487	175372488	28	29	3.73	3	1	0.91	0	1	0.09	unphased	2.10613189600507	1.10268685654716	1.91
1	176563726	176563727	10	40	3.73	3	1	0.91	0	1	0.09	unphased	3.31171084337349	1.13804496335859	2.91
1	176668351	176668352	97	42	3.73	3	1	0.91	0	1	0.09	unphased	1.25082603796481	1.25082603796481	1
1	181767622	181767623	16	49	2.34	3	1	0.17	1	1	0.83	unphased	2.07280444856348	0.955209423301145	2.17
1	181767903	181767904	19	4	2.34	3	1	0.17	1	1	0.83	unphased	0.47819800942902	0.47819800942902	1
1	182368849	182368850	55	23	2.34	3	1	0.17	1	1	0.83	unphased	0.810790855730615	0.810790855730615	1
1	182847263	182847264	21	43	2.34	3	1	0.17	1	1	0.83	unphased	1.84741340361446	0.85134258231081	2.17
1	183196753	183196754	82	17	2.34	3	1	0.17	1	1	0.83	unphased	0.472160155774614	0.472160155774614	1
1	183891425	183891426	10	15	2.34	3	1	0.17	1	1	0.83	unphased	1.64978313253012	1.23118144218666	1.34
1	184663427	184663428	17	50	2.34	3	1	0.17	1	1	0.83	unphased	2.05196907031109	0.945607866502809	2.17
1	184787879	184787880	182	52	2.34	3	1	0.17	1	1	0.83	unphased	0.61103078982597	0.61103078982597	1
1	186034393	186034394	39	7	2.34	3	1	0.17	1	1	0.83	unphased	0.418423258250393	0.418423258250393	1
1	192153740	192153741	10	5	2.34	3	1	0.17	1	1	0.83	unphased	0.916546184738956	0.916546184738956	1
1	196311294	196311295	35	91	2.34	3	1	0.17	1	1	0.83	unphased	1.9858500669344	0.915138279693274	2.17
1	196458986	196458987	115	17	2.34	3	1	0.17	1	1	0.83	unphased	0.35412011683096	0.35412011683096	1
1	196977671	196977672	14	33	2.54	3	1	0.27	1	1	0.73	unphased	2.07102281466291	0.912344852274408	2.27
1	197313440	197313441	184	61	2.54	3	1	0.27	1	1	0.73	unphased	0.734399803294812	0.734399803294812	1
1	200017390	200017391	94	33	3.76	3	1	0.88	1	1	0.12	unphased	1.0834493881036	1.0834493881036	1
1	200972893	200972894	41	6	3.76	3	1	0.88	1	1	0.12	unphased	0.532294283517047	0.532294283517047	1
1	202544244	202544245	21	42	3.76	3	1	0.88	1	1	0.12	unphased	2.77975903614458	1.00715907106688	2.76
1	202544245	202544246	22	40	3.76	3	1	0.88	1	1	0.12	unphased	2.69008938981733	0.974670068774396	2.76
1	203316687	203316688	86	30	3.76	3	1	0.88	1	1	0.12	unphased	1.07835479850436	1.07835479850436	1
1	206649675	206649676	49	9	3.76	3	1	0.88	1	1	0.12	unphased	0.647012879102617	0.647012879102617	1
1	206905406	206905407	53	53	3.76	3	1	0.88	1	1	0.12	unphased	2.08481927710843	1.10894642399385	1.88
1	207782972	207782973	13	6	3.76	3	1	0.88	1	1	0.12	unphased	1.31672796448954	1.31672796448954	1
1	209956352	209956353	48	39	3.76	3	1	0.88	1	1	0.12	unphased	1.86914831740756	0.994227828408277	1.88
1	210014387	210014388	42	4	3.76	3	1	0.88	1	1	0.12	unphased	0.362577265584075	0.412019619981904	0.88
1	210856845	210856846	20	19	3.76	3	1	0.88	1	1	0.12	unphased	2.03136237256719	1.0805119003017	1.88
1	211093221	211093222	30	71	3.76	3	1	0.88	1	1	0.12	unphased	2.93113205296433	1.01775418505706	2.88
1	211487172	211487173	8	3	3.76	3	1	0.88	1	1	0.12	unphased	1.13717415115005	1.13717415115005	1
1	212798306	212798307	50	5	3.76	3	1	0.88	1	1	0.12	unphased	0.379058050383352	0.379058050383352	1
1	213174127	213174128	91	16	3.76	3	1	0.88	1	1	0.12	unphased	0.623497353901588	0.708519720342713	0.88
1	215179261	215179262	67	10	3.97	3	1	0.99	0	1	0.01	unphased	0.568784227820372	0.574529523050881	0.99
1	215368386	215368387	71	137	3.97	3	1	0.99	0	1	0.01	unphased	2.88466577849861	0.971267938888421	2.97
1	215747158	215747159	173	21	3.97	3	1	0.99	0	1	0.01	unphased	0.474084585765743	0.474084585765743	1
1	215848764	215848765	66	16	3.97	3	1	0.99	0	1	0.01	unphased	0.854563620334998	0.854563620334998	1
1	216019277	216019278	59	19	3.97	3	1	0.99	0	1	0.01	unphased	1.06683503243744	1.06683503243744	1
1	216219838	216219839	20	50	3.97	3	1	0.99	0	1	0.01	unphased	3.12831325301205	1.04625861304751	2.99
1	216405462	216405463	79	18	3.97	3	1	0.99	0	1	0.01	unphased	0.812716432741274	0.812716432741274	1
1	218610753	218610754	86	14	3.97	3	1	0.99	0	1	0.01	unphased	0.613149397590361	0.61934282584885	0.99
1	220826638	220826639	29	82	3.97	3	1	0.99	0	1	0.01	unphased	3.23540866167372	1.08207647547616	2.99
1	220870125	220870126	21	9	3.97	3	1	0.99	0	1	0.01	unphased	1.31389156626506	1.31389156626506	1
1	222715432	222715433	38	14	3.97	3	1	0.99	0	1	0.01	unphased	1.17913345690454	1.17913345690454	1
1	224804928	224804929	229	62	3.97	3	1	0.99	0	1	0.01	unphased	0.933118867221463	0.933118867221463	1
1	226128695	226128696	34	11	3.97	3	1	0.99	0	1	0.01	unphased	1.07057831325301	1.07057831325301	1
1	227198702	227198703	9	4	3.97	3	1	0.99	0	1	0.01	unphased	1.34758109360519	1.34758109360519	1
1	227843181	227843182	44	11	3.97	3	1	0.99	0	1	0.01	unphased	0.875927710843374	0.875927710843374	1
1	228005023	228005024	71	9	3.97	3	1	0.99	0	1	0.01	unphased	0.492709337349398	0.492709337349398	1
1	228452087	228452088	12	26	3.97	3	1	0.99	0	1	0.01	unphased	2.99659480025365	1.00220561881393	2.99
1	229625823	229625824	55	10	3.97	3	1	0.99	0	1	0.01	unphased	0.673790546802595	0.673790546802595	1
1	230492951	230492952	11	31	3.88	3	1	0.96	0	1	0.04	unphased	3.16616179001721	1.06964925338419	2.96
1	231376903	231376904	29	33	3.88	3	1	0.96	0	1	0.04	unphased	2.28319471434124	1.164895262419	1.96
1	235715259	235715260	33	18	3.88	3	1	0.96	0	1	0.04	unphased	1.51399007795889	0.788536498936924	1.92
1	236371486	236371487	40	8	3.88	3	1	0.96	0	1	0.04	unphased	0.714939759036144	0.714939759036144	1
1	236647157	236647158	40	9	3.88	3	1	0.96	0	1	0.04	unphased	0.787892795672486	0.787892795672486	1
1	236647390	236647391	131	102	3.88	3	1	0.96	0	1	0.04	unphased	1.8778675215885	0.978056000827344	1.92
1	236759189	236759190	107	27	3.88	3	1	0.96	0	1	0.04	unphased	0.864330156446682	0.864330156446682	1
1	236920787	236920788	79	14	3.88	3	1	0.96	0	1	0.04	unphased	0.645752040419744	0.672658375437233	0.96
1	236973869	236973870	33	69	3.88	3	1	0.96	0	1	0.04	unphased	2.90181431608788	0.993772026057494	2.92
1	237586400	237586401	92	21	3.88	3	1	0.96	0	1	0.04	unphased	0.797189465827913	0.797189465827913	1
1	237586509	237586510	35	14	3.88	3	1	0.96	0	1	0.04	unphased	1.22561101549053	1.22561101549053	1
1	237586532	237586533	23	10	3.88	3	1	0.96	0	1	0.04	unphased	1.29989047097481	1.29989047097481	1
1	237868545	237868546	20	7	3.88	3	1	0.96	0	1	0.04	unphased	1.11212851405622	1.11212851405622	1
1	237895351	237895352	35	8	3.88	3	1	0.96	0	1	0.04	unphased	0.798072289156626	0.798072289156626	1
1	237982484	237982485	59	39	3.88	3	1	0.96	0	1	0.04	unphased	1.70710105729039	0.889115134005409	1.92
1	238051674	238051675	70	8	3.88	3	1	0.96	0	1	0.04	unphased	0.439962928637627	0.439962928637627	1
1	238051771	238051772	81	11	3.88	3	1	0.96	0	1	0.04	unphased	0.51289156626506	0.51289156626506	1
1	240497425	240497426	159	31	1.09	3	1	0.03	0	1	0.97	unphased	0.244677869372226	0.244677869372226	1
1	244756845	244756846	60	5	1.09	3	1	0.03	0	1	0.97	unphased	0.115356811862836	0.115356811862836	1
1	247615226	247615227	69	8	1.09	3	1	0.03	0	1	0.97	unphased	0.155806603035519	0.155806603035519	1
1	247654951	247654952	62	17	1.09	3	1	0.03	0	1	0.97	unphased	0.322707030654263	0.322707030654263	1
1	247655010	247655011	56	51	1.09	3	1	0.03	0	1	0.97	unphased	0.714780993131404	0.714780993131404	1
1	247695583	247695584	22	32	1.09	3	1	0.03	0	1	0.97	unphased	0.888674698795181	0.888674698795181	1
1	247769735	247769736	62	7	1.09	3	1	0.03	0	1	0.97	unphased	0.152137244630697	0.152137244630697	1
1	247875785	247875786	67	15	1.18	3	1	0.06	0	1	0.94	unphased	0.290787540405525	0.290787540405525	1
1	247902366	247902367	62	13	1.18	3	1	0.06	0	1	0.94	unphased	0.27553734939759	0.27553734939759	1
1	248059118	248059119	28	78	1.18	3	1	0.06	0	1	0.94	unphased	1.16973403046147	1.0444053843406	1.12
1	248262960	248262961	177	49	1.18	3	1	0.06	0	1	0.94	unphased	0.344656146710737	0.344656146710737	1
1	248366913	248366914	225	47	1.18	3	1	0.06	0	1	0.94	unphased	0.27468019135365	0.27468019135365	1
1	248367149	248367150	214	43	1.18	3	1	0.06	0	1	0.94	unphased	0.265970653040176	0.265970653040176	1
1	248458451	248458452	32	33	1.18	3	1	0.06	0	1	0.94	unphased	0.807047265987025	0.807047265987025	1
1	248512928	248512929	87	26	1.18	3	1	0.06	0	1	0.94	unphased	0.365757543448129	0.365757543448129	1
1	248569803	248569804	135	22	1.18	3	1	0.06	0	1	0.94	unphased	0.222751899317013	0.222751899317013	1
1	248685329	248685330	53	13	NA	NA	NA	NA	NA	NA	NA	unphased	NA	NA	1
1	248844762	248844763	70	12	3.4	3	1	0.8	0	1	0.2	unphased	0.557508081104907	0.696885101381134	0.8
10	93462	93463	95	58	NA	NA	NA	NA	NA	NA	NA	unphased	NA	NA	1
10	882422	882423	92	21	4	2	2	1	NA	NA	NA	unphased	0.819490350783666	0.819490350783666	1
10	5037948	5037949	61	11	4	2	2	1	NA	NA	NA	unphased	0.673694779116466	0.673694779116466	1
10	5203730	5203731	65	41	4	2	2	1	NA	NA	NA	unphased	1.70561491248011	0.852807456240055	2
10	5498958	5498959	31	29	4	2	2	1	NA	NA	NA	unphased	2.13132530120482	1.06566265060241	2
10	5567431	5567432	23	19	4	2	2	1	NA	NA	NA	unphased	1.99483648881239	0.997418244406196	2
10	11207590	11207591	20	22	4	2	2	1	NA	NA	NA	unphased	2.30981067125645	1.15490533562823	2
10	13234567	13234568	20	5	4	2	2	1	NA	NA	NA	unphased	0.881927710843374	0.881927710843374	1
10	13538798	13538799	60	55	4	2	2	1	NA	NA	NA	unphased	2.10895756940807	1.05447878470403	2
10	17126297	17126298	87	62	4	2	2	1	NA	NA	NA	unphased	1.83488315678823	0.917441578394113	2
10	17362957	17362958	183	32	4	2	2	1	NA	NA	NA	unphased	0.65631829644158	0.65631829644158	1
10	17641327	17641328	55	18	4	2	2	1	NA	NA	NA	unphased	1.08730813665621	1.08730813665621	1
10	18122770	18122771	101	73	NA	NA	NA	NA	NA	NA	NA	unphased	NA	NA	1
10	18242188	18242189	75	17	4	2	2	1	NA	NA	NA	unphased	0.814824515453117	0.814824515453117	1
10	18242294	18242295	43	14	4	2	2	1	NA	NA	NA	unphased	1.08306911857958	1.08306911857958	1
10	18250567	18250568	57	39	4	2	2	1	NA	NA	NA	unphased	1.7914156626506	0.895707831325301	2
10	18787354	18787355	52	49	4	2	2	1	NA	NA	NA	unphased	2.13932959561016	1.06966479780508	2
10	22048428	22048429	20	28	4	2	2	1	NA	NA	NA	unphased	2.57228915662651	1.28614457831325	2
10	22607066	22607067	107	14	4	2	2	1	NA	NA	NA	unphased	0.510206113711043	0.510206113711043	1
10	23482653	23482654	191	40	4	2	2	1	NA	NA	NA	unphased	0.763573775621968	0.763573775621968	1
10	24834065	24834066	20	15	4	2	2	1	NA	NA	NA	unphased	1.88984509466437	0.944922547332186	2
10	26414394	26414395	61	61	4	2	2	1	NA	NA	NA	unphased	2.20481927710843	1.10240963855422	2
10	26414416	26414417	120	26	4	2	2	1	NA	NA	NA	unphased	0.785278098696155	0.785278098696155	1
10	27448598	27448599	117	38	4	2	2	1	NA	NA	NA	unphased	1.08107267780801	1.08107267780801	1
10	27702358	27702359	36	27	4	2	2	1	NA	NA	NA	unphased	1.88984509466437	0.944922547332186	2
10	27702585	27702586	68	40	4	2	2	1	NA	NA	NA	unphased	1.63319946452477	0.816599732262383	2
10	28225746	28225747	132	35	4	2	2	1	NA	NA	NA	unphased	0.924175744895751	0.924175744895751	1
10	28233216	28233217	40	14	4	2	2	1	NA	NA	NA	unphased	1.14323962516734	1.14323962516734	1
10	30318388	30318389	79	52	4	2	2	1	NA	NA	NA	unphased	1.75039087648303	0.875195438241516	2
10	32304517	32304518	42	40	4	2	2	1	NA	NA	NA	unphased	2.15104319717896	1.07552159858948	2
10	43127868	43127869	138	21	5.56	4	3	0.76	0	1	0.24	unphased	0.788442827915435	0.788442827915435	1
10	43701401	43701402	25	8	4.88	4	2	0.72	1	1	0.28	unphased	1.28233661920409	1.28233661920409	1
10	43870974	43870975	150	18	4.88	4	2	0.72	1	1	0.28	unphased	0.566746987951807	0.78714859437751	0.72
10	45430366	45430367	209	28	4.88	4	2	0.72	1	1	0.28	unphased	0.624936200498195	0.867966945136383	0.72
10	45495806	45495807	25	3	4.88	4	2	0.72	1	1	0.28	unphased	0.566746987951807	0.566746987951807	1
10	45644233	45644234	53	12	4.88	4	2	0.72	1	1	0.28	unphased	0.976548656163114	0.976548656163114	1
10	45941108	45941109	168	20	4.88	4	2	0.72	1	1	0.28	unphased	0.562727505767752	0.781565980232989	0.72
10	46967569	46967570	104	9	4.88	4	2	0.72	1	1	0.28	unphased	0.421298645911078	0.585137008209831	0.72
10	46999733	46999734	104	10	4.88	4	2	0.72	1	1	0.28	unphased	0.464003381948848	0.644449141595622	0.72
10	48371236	48371237	103	15	2.5	4	3	0.1	1	1	0.9	unphased	0.369869307739432	0.369869307739432	1
10	48389508	48389509	62	8	2.5	4	3	0.1	1	1	0.9	unphased	0.332530120481928	0.332530120481928	1
10	48426468	48426469	22	5	2.5	4	3	0.1	1	1	0.9	unphased	0.538821954484605	0.538821954484605	1
10	50666902	50666903	278	40	2.5	4	3	0.1	1	1	0.9	unphased	0.365992270970675	0.365992270970675	1
10	50723378	50723379	137	79	2.5	4	3	0.1	1	1	0.9	unphased	1.0641733601071	1.0641733601071	1
10	50819212	50819213	220	41	2.5	4	3	0.1	1	1	0.9	unphased	0.457069657942113	0.457069657942113	1
10	50819831	50819832	140	22	2.5	4	3	0.1	1	1	0.9	unphased	0.395136099955377	0.395136099955377	1
10	51580610	51580611	96	136	2.5	4	3	0.1	1	1	0.9	unphased	1.70565018695472	0.812214374740341	2.1
10	51853054	51853055	68	26	2.5	4	3	0.1	1	1	0.9	unphased	0.804793642655729	0.804793642655729	1
10	52610471	52610472	263	37	2.5	4	3	0.1	1	1	0.9	unphased	0.358855421686747	0.358855421686747	1
10	54040669	54040670	149	38	2.5	4	3	0.1	1	1	0.9	unphased	0.591263449520005	0.591263449520005	1
10	54042065	54042066	93	26	2.5	4	3	0.1	1	1	0.9	unphased	0.635719347980156	0.635719347980156	1
10	54074384	54074385	94	29	2.5	4	3	0.1	1	1	0.9	unphased	0.686012342051131	0.686012342051131	1
10	54530473	54530474	145	29	2.5	4	3	0.1	1	1	0.9	unphased	0.484939759036145	0.484939759036145	1
10	55568575	55568576	25	3	2.5	4	3	0.1	1	1	0.9	unphased	0.311746987951807	0.311746987951807	1
10	55700690	55700691	81	13	2.5	4	3	0.1	1	1	0.9	unphased	0.402396821327865	0.402396821327865	1
10	61011383	61011384	180	46	2.5	4	3	0.1	1	1	0.9	unphased	0.592227316345026	0.592227316345026	1
10	61830816	61830817	145	153	2.9	4	3	0.18	1	1	0.82	unphased	1.69924395568853	1.10340516603151	1.54
10	61832576	61832577	198	27	2.9	4	3	0.18	1	1	0.82	unphased	0.397156626506024	0.397156626506024	1
10	61834116	61834117	216	41	2.9	4	3	0.18	1	1	0.82	unphased	0.527996812151329	0.527996812151329	1
10	63212807	63212808	115	68	2.9	4	3	0.18	1	1	0.82	unphased	1.22981104746856	1.042212752092	1.18
10	63212899	63212900	22	21	2.9	4	3	0.18	1	1	0.82	unphased	1.61633510787335	1.04956825186581	1.54
10	64136570	64136571	213	34	2.9	4	3	0.18	1	1	0.82	unphased	0.45557777669382	0.45557777669382	1
10	64913386	64913387	93	9	2.9	4	3	0.18	1	1	0.82	unphased	0.292026931254429	1.62237184030239	0.18
10	68526155	68526156	132	39	2.9	4	3	0.18	1	1	0.82	unphased	0.754829845698584	0.754829845698584	1
10	68686343	68686344	250	22	2.9	4	3	0.18	1	1	0.82	unphased	0.267691353649894	1.48717418694385	0.18
10	69565386	69565387	413	204	2.9	4	3	0.18	1	1	0.82	unphased	1.09427271484642	1.09427271484642	1
10	70202735	70202736	26	24	2.9	4	3	0.18	1	1	0.82	unphased	1.5886265060241	1.0315756532624	1.54
10	70231738	70231739	48	7	2.9	4	3	0.18	1	1	0.82	unphased	0.421226725082147	0.421226725082147	1
10	70644732	70644733	137	38	2.9	4	3	0.18	1	1	0.82	unphased	0.718664371772806	0.718664371772806	1
10	72326433	72326434	8	16	2.9	4	3	0.18	1	1	0.82	unphased	2.20642570281125	1.01212188202351	2.18
10	73376972	73376973	65	8	2.9	4	3	0.18	1	1	0.82	unphased	0.362700115530616	0.362700115530616	1
10	73472320	73472321	13	3	2.9	4	3	0.18	1	1	0.82	unphased	0.620557228915663	0.620557228915663	1
10	73492047	73492048	38	5	2.9	4	3	0.18	1	1	0.82	unphased	0.384841692350799	0.384841692350799	1
10	75519502	75519503	72	12	2.9	4	3	0.18	1	1	0.82	unphased	0.472805507745267	0.472805507745267	1
10	75608781	75608782	213	36	2.9	4	3	0.18	1	1	0.82	unphased	0.478501959645812	0.478501959645812	1
10	78647174	78647175	37	34	4	2	2	1	NA	NA	NA	unphased	2.11165789920244	1.05582894960122	2
10	78844457	78844458	38	31	4	2	2	1	NA	NA	NA	unphased	1.98114195914091	0.990570979570456	2
10	81053504	81053505	14	10	4	2	2	1	NA	NA	NA	unphased	1.83734939759036	0.918674698795181	2
10	82040017	82040018	29	34	3.86	3	2	0.62	1	1	0.38	unphased	2.30424937846625	1.02868275824386	2.24
10	82112219	82112220	50	26	3.86	3	2	0.62	1	1	0.38	unphased	1.46066582117945	0.901645568629293	1.62
10	85933639	85933640	197	28	3.86	3	2	0.62	1	1	0.38	unphased	0.531332797858099	0.856988383642095	0.62
10	85971945	85971946	48	31	3.86	3	2	0.62	1	1	0.38	unphased	1.67542778709776	1.03421468339368	1.62
10	94669367	94669368	15	17	2.59	3	1	0.53	1	0	0.47	unphased	1.59355798192771	1.04154116465863	1.53
10	94818075	94818076	49	14	2.59	3	1	0.53	1	0	0.47	unphased	0.666586345381526	1.25771008562552	0.53
10	95129401	95129402	62	14	2.59	3	1	0.53	1	0	0.47	unphased	0.552564996829423	1.04257546571589	0.53
10	95848994	95848995	129	50	2.59	3	1	0.53	1	0	0.47	unphased	0.837887864306388	0.837887864306388	1
10	95892011	95892012	63	24	2.59	3	1	0.53	1	0	0.47	unphased	0.827486497714998	0.827486497714998	1
10	96005875	96005876	54	7	2.59	3	1	0.53	1	0	0.47	unphased	0.344220817697018	0.649473240937769	0.53
10	98741279	98741280	55	15	2.59	3	1	0.53	1	0	0.47	unphased	0.642779690189329	1.21279186828175	0.53
10	99349612	99349613	22	26	2.59	3	1	0.53	1	0	0.47	unphased	1.62480421686747	1.06196354043625	1.53
10	100904081	100904082	55	75	2.59	3	1	0.53	1	0	0.47	unphased	1.73056070435588	1.13108542768358	1.53
10	101595952	101595953	98	31	2.59	3	1	0.53	1	0	0.47	unphased	0.720843373493976	0.720843373493976	1
10	101835758	101835759	45	26	2.59	3	1	0.53	1	0	0.47	unphased	1.09845918886815	1.09845918886815	1
10	103799805	103799806	125	76	2.59	3	1	0.53	1	0	0.47	unphased	1.1341916921417	1.1341916921417	1
10	106130691	106130692	39	19	2.59	3	1	0.53	1	0	0.47	unphased	0.98264021603656	0.98264021603656	1
10	106207515	106207516	37	25	2.59	3	1	0.53	1	0	0.47	unphased	1.20953167508745	1.20953167508745	1
10	106976743	106976744	47	23	2.59	3	1	0.53	1	0	0.47	unphased	0.985595524956971	0.985595524956971	1
10	108337046	108337047	46	12	2.77	3	1	0.59	1	0	0.41	unphased	0.657856252596593	0.657856252596593	1
10	108412221	108412222	27	59	2.77	3	1	0.59	1	0	0.41	unphased	2.18137993835808	1.00063299924683	2.18
10	112838846	112838847	5	4	2	2	1	0.5	1	0	0.5	unphased	1.07095046854083	1.07095046854083	1
10	117154182	117154183	28	4	2	2	1	0.5	1	0	0.5	unphased	0.301204819277108	0.602409638554217	0.5
10	118386412	118386413	15	5	2	2	1	0.5	1	0	0.5	unphased	0.602409638554217	0.602409638554217	1
10	118386413	118386414	15	5	2	2	1	0.5	1	0	0.5	unphased	0.602409638554217	0.602409638554217	1
10	120353575	120353576	13	9	2	2	1	0.5	1	0	0.5	unphased	0.985761226725082	0.985761226725082	1
10	120789939	120789940	12	4	2	2	1	0.5	1	0	0.5	unphased	0.602409638554217	0.602409638554217	1
10	124189151	124189152	21	9	2	2	1	0.5	1	0	0.5	unphased	0.72289156626506	0.72289156626506	1
10	124345871	124345872	188	77	NA	NA	NA	NA	NA	NA	NA	unphased	NA	NA	1
10	124608843	124608844	62	16	1.7	2	1	0.35	1	0	0.65	unphased	0.432746370095768	1.23641820027362	0.35
10	125639815	125639816	64	33	1.7	2	1	0.35	1	0	0.65	unphased	0.717712085455223	0.717712085455223	1
10	127686048	127686049	52	12	1.7	2	1	0.35	1	0	0.65	unphased	0.395557228915663	1.13016351118761	0.35
10	128147628	128147629	32	8	1.7	2	1	0.35	1	0	0.65	unphased	0.421927710843373	1.20550774526678	0.35
10	128192582	128192583	60	7	1.7	2	1	0.35	1	0	0.65	unphased	0.220409998201762	0.629742852005035	0.35
10	134014345	134014346	22	10	1.38	2	1	0.19	1	0	0.81	unphased	0.559262048192771	0.559262048192771	1
10	134941917	134941918	12	6	1.38	2	1	0.19	1	0	0.81	unphased	0.596546184738956	0.596546184738956	1
10	134942975	134942976	18	4	1.38	2	1	0.19	1	0	0.81	unphased	0.32538882803943	0.32538882803943	1
10	135195131	135195132	44	11	1.38	2	1	0.19	1	0	0.81	unphased	0.357927710843374	0.357927710843374	1
11	607163	607164	9	7	2	2	0	1	NA	NA	NA	unphased	1.05421686746988	1.05421686746988	1
11	804131	804132	5	8	2	2	0	1	NA	NA	NA	unphased	1.48285449490269	1.48285449490269	1
11	1955012	1955013	18	14	2	2	0	1	NA	NA	NA	unphased	1.05421686746988	1.05421686746988	1
11	3141723	3141724	6	29	2	2	0	1	NA	NA	NA	unphased	1.99655765920826	0.998278829604131	2
11	4824707	4824708	15	41	2	2	0	1	NA	NA	NA	unphased	1.76419965576592	0.88209982788296	2
11	4928923	4928924	48	25	2	2	0	1	NA	NA	NA	unphased	0.825218682950982	0.825218682950982	1
11	5020964	5020965	19	15	2	2	0	1	NA	NA	NA	unphased	1.06307583274274	1.06307583274274	1
11	5221657	5221658	19	14	2	2	0	1	NA	NA	NA	unphased	1.02227090178897	1.02227090178897	1
11	5410653	5410654	41	25	2	2	0	1	NA	NA	NA	unphased	0.912741876597298	0.912741876597298	1
11	5968760	5968761	13	45	2	2	0	1	NA	NA	NA	unphased	1.86954715413378	0.934773577066888	2
11	6789945	6789946	25	25	2	2	0	1	NA	NA	NA	unphased	1.20481927710843	1.20481927710843	1
11	6816597	6816598	5	19	2	2	0	1	NA	NA	NA	unphased	1.90763052208835	0.953815261044177	2
11	7324535	7324536	6	18	2	2	0	1	NA	NA	NA	unphased	1.80722891566265	0.903614457831325	2
11	7982195	7982196	15	50	2	2	0	1	NA	NA	NA	unphased	1.85356811862836	0.92678405931418	2
11	10800223	10800224	4	6	2	2	0	1	NA	NA	NA	unphased	1.44578313253012	1.44578313253012	1
11	14991588	14991589	3	15	2	2	0	1	NA	NA	NA	unphased	2.00803212851406	1.00401606425703	2
11	18054827	18054828	86	43	2	2	0	1	NA	NA	NA	unphased	0.803212851405622	0.803212851405622	1
11	27528292	27528293	28	8	2	2	0	1	NA	NA	NA	unphased	0.535475234270415	0.535475234270415	1
11	28311856	28311857	8	34	2	2	0	1	NA	NA	NA	unphased	1.95065978198508	0.975329890992542	2
11	33121205	33121206	27	17	2	2	0	1	NA	NA	NA	unphased	0.930996714129244	0.930996714129244	1
11	33667338	33667339	8	35	2	2	0	1	NA	NA	NA	unphased	1.96133370692071	0.980666853460353	2
11	35211484	35211485	3	16	2	2	0	1	NA	NA	NA	unphased	2.0291693088142	1.0145846544071	2
11	45245848	45245849	52	40	2	2	0	1	NA	NA	NA	unphased	1.04766893661603	1.04766893661603	1
11	45245849	45245850	50	39	2	2	0	1	NA	NA	NA	unphased	1.05590902937593	1.05590902937593	1
11	47861650	47861651	11	10	2	2	0	1	NA	NA	NA	unphased	1.14744693057946	1.14744693057946	1
11	48185159	48185160	15	10	2	2	0	1	NA	NA	NA	unphased	0.963855421686747	0.963855421686747	1
11	48266914	48266915	17	53	2	2	0	1	NA	NA	NA	unphased	1.82444061962134	0.912220309810671	2
11	51412175	51412176	41	14	4	2	2	1	NA	NA	NA	unphased	1.12245345016429	1.12245345016429	1
11	51515787	51515788	66	41	4	2	2	1	NA	NA	NA	unphased	1.68967458619525	0.844837293097624	2
11	55110972	55110973	62	92	3	2	1	1	NA	NA	NA	unphased	2.03692692849319	1.0184634642466	2
11	55339641	55339642	42	46	3	2	1	1	NA	NA	NA	unphased	1.78231106243154	0.891155531215772	2
11	55418433	55418434	77	30	NA	NA	NA	NA	NA	NA	NA	unphased	NA	NA	1
11	55579072	55579073	183	50	3	2	1	1	NA	NA	NA	unphased	0.731682093179585	0.731682093179585	1
11	55579289	55579290	132	38	3	2	1	1	NA	NA	NA	unphased	0.762154500354359	0.762154500354359	1
11	55595168	55595169	52	85	3	2	1	1	NA	NA	NA	unphased	2.11546917597397	1.05773458798698	2
11	55606680	55606681	71	22	3	2	1	1	NA	NA	NA	unphased	0.80658116336313	0.80658116336313	1
11	55657433	55657434	29	29	3	2	1	1	NA	NA	NA	unphased	1.70481927710843	0.852409638554217	2
11	55761284	55761285	38	19	3	2	1	1	NA	NA	NA	unphased	1.13654618473896	1.13654618473896	1
11	55873141	55873142	113	45	3	2	1	1	NA	NA	NA	unphased	0.971099588226323	0.971099588226323	1
11	55890404	55890405	119	102	3	2	1	1	NA	NA	NA	unphased	1.57367933271548	0.786839666357739	2
11	55999734	55999735	118	40	3	2	1	1	NA	NA	NA	unphased	0.863199633978954	0.863199633978954	1
11	56019988	56019989	71	26	3	2	1	1	NA	NA	NA	unphased	0.913923736181841	0.913923736181841	1
11	56043279	56043280	45	37	3	2	1	1	NA	NA	NA	unphased	1.53849544519542	0.769247722597708	2
11	56043280	56043281	47	37	3	2	1	1	NA	NA	NA	unphased	1.50186460126219	0.750932300631096	2
11	56057815	56057816	37	50	3	2	1	1	NA	NA	NA	unphased	1.95956238748096	0.979781193740479	2
11	56114332	56114333	75	29	3	2	1	1	NA	NA	NA	unphased	0.950764596848934	0.950764596848934	1
11	56184819	56184820	42	54	3	2	1	1	NA	NA	NA	unphased	1.91792168674699	0.958960843373494	2
11	56230589	56230590	24	36	3	2	1	1	NA	NA	NA	unphased	2.04578313253012	1.02289156626506	2
11	56258286	56258287	65	19	3	2	1	1	NA	NA	NA	unphased	0.77122776821572	0.77122776821572	1
11	56258306	56258307	60	23	3	2	1	1	NA	NA	NA	unphased	0.944839599361301	0.944839599361301	1
11	56344465	56344466	57	40	3	2	1	1	NA	NA	NA	unphased	1.40603651720283	0.703018258601416	2
11	56409321	56409322	61	76	3	2	1	1	NA	NA	NA	unphased	1.89147832204731	0.945739161023657	2
11	57982281	57982282	86	36	3	2	1	1	NA	NA	NA	unphased	1.00612285206399	1.00612285206399	1
11	58491958	58491959	72	56	3	2	1	1	NA	NA	NA	unphased	1.49171686746988	0.74585843373494	2
11	58920915	58920916	73	23	3	2	1	1	NA	NA	NA	unphased	0.816892570281125	0.816892570281125	1
11	59189993	59189994	34	9	3	2	1	1	NA	NA	NA	unphased	0.713645278789577	0.713645278789577	1
11	60165410	60165411	81	21	3	2	1	1	NA	NA	NA	unphased	0.70198440822112	0.70198440822112	1
11	60285674	60285675	32	9	3	2	1	1	NA	NA	NA	unphased	0.748457243608581	0.748457243608581	1
11	60777205	60777206	30	13	3	2	1	1	NA	NA	NA	unphased	1.03082095825161	1.03082095825161	1
11	61404801	61404802	35	6	3	2	1	1	NA	NA	NA	unphased	0.498971495739054	0.498971495739054	1
11	61570286	61570287	52	13	3	2	1	1	NA	NA	NA	unphased	0.681927710843374	0.681927710843374	1
11	61897383	61897384	47	21	3	2	1	1	NA	NA	NA	unphased	1.05297661233168	1.05297661233168	1
11	62571283	62571284	77	25	2.7	2	1	0.85	1	0	0.15	unphased	0.762166312308056	0.762166312308056	1
11	63065179	63065180	27	38	2.7	2	1	0.85	1	0	0.15	unphased	1.81794253938832	0.982671642912607	1.85
11	63918709	63918710	28	9	2.7	2	1	0.85	1	0	0.15	unphased	0.756398567241941	0.756398567241941	1
11	63918710	63918711	28	9	2.7	2	1	0.85	1	0	0.15	unphased	0.756398567241941	0.756398567241941	1
11	64361203	64361204	28	8	2.7	2	1	0.85	1	0	0.15	unphased	0.69103078982597	0.69103078982597	1
11	64367914	64367915	7	4	2.7	2	1	0.85	1	0	0.15	unphased	1.13077765607886	1.13077765607886	1
11	64397917	64397918	57	7	2.7	2	1	0.85	1	0	0.15	unphased	0.34011671686747	0.34011671686747	1
11	64678582	64678583	16	20	2.7	2	1	0.85	1	0	0.15	unphased	1.72757697456493	0.933825391656717	1.85
11	65124534	65124535	37	31	2.7	2	1	0.85	1	0	0.15	unphased	1.41762934089298	0.766286130212423	1.85
11	65267707	65267708	15	4	3.19	3	1	0.73	1	0	0.27	unphased	0.757818642993025	0.757818642993025	1
11	66189682	66189683	74	18	3.19	3	1	0.73	1	0	0.27	unphased	0.704277108433735	0.704277108433735	1
11	66191766	66191767	155	108	3.19	3	1	0.73	1	0	0.27	unphased	1.47817856979248	0.854438479648831	1.73
11	66637855	66637856	52	11	3.19	3	1	0.73	1	0	0.27	unphased	0.628508318990247	0.86097029998664	0.73
11	67218880	67218881	24	12	3.19	3	1	0.73	1	0	0.27	unphased	1.19987951807229	1.19987951807229	1
11	69062906	69062907	19	35	3.19	3	1	0.73	1	0	0.27	unphased	2.33309906291834	0.948414253218837	2.46
11	69933920	69933921	10	19	3.19	3	1	0.73	1	0	0.27	unphased	2.35838388034898	0.958692634288204	2.46
11	71939251	71939252	63	18	3.19	3	1	0.73	1	0	0.27	unphased	0.799919678714859	0.799919678714859	1
11	74000172	74000173	14	3	3.19	3	1	0.73	1	0	0.27	unphased	0.635230333097094	0.635230333097094	1
11	75599947	75599948	26	28	3.67	3	1	0.89	1	0	0.11	unphased	2.11536813922356	1.11924240170559	1.89
11	76370888	76370889	16	23	3.67	3	1	0.89	1	0	0.11	unphased	2.4059406858202	0.865446289863383	2.78
11	76372189	76372190	31	9	3.67	3	1	0.89	1	0	0.11	unphased	0.917918674698795	0.917918674698795	1
11	76376962	76376963	81	41	3.67	3	1	0.89	1	0	0.11	unphased	1.37102607149911	0.725410619840799	1.89
11	76751321	76751322	4	6	3.67	3	1	0.89	1	0	0.11	unphased	2.44778313253012	0.880497529687094	2.78
11	77775284	77775285	25	4	3.67	3	1	0.89	1	0	0.11	unphased	0.562708766098878	0.562708766098878	1
11	82564308	82564309	43	5	2.2	3	1	0.1	1	1	0.9	unphased	0.27183734939759	0.27183734939759	1
11	89537249	89537250	81	36	2.3	3	1	0.15	1	1	0.85	unphased	0.833734939759036	0.833734939759036	1
11	89935522	89935523	57	28	2.3	3	1	0.15	1	1	0.85	unphased	0.892586817859674	0.892586817859674	1
11	92714880	92714881	41	10	2.3	3	1	0.15	1	1	0.85	unphased	0.531301677297425	0.531301677297425	1
11	99715641	99715642	30	9	1.46	3	0	0.23	1	0	0.77	unphased	0.431455050973123	0.431455050973123	1
11	102650369	102650370	4	43	1.28	3	0	0.14	1	0	0.86	unphased	1.54583952832607	1.20768713150474	1.28
11	102825296	102825297	8	64	1.28	3	0	0.14	1	0	0.86	unphased	1.50190093708166	1.17336010709505	1.28
11	102991422	102991423	8	27	1.28	3	0	0.14	1	0	0.86	unphased	1.30343545611016	1.01830895008606	1.28
11	105732784	105732785	7	88	1.28	3	0	0.14	1	0	0.86	unphased	1.56513887127457	1.22276474318326	1.28
11	105924824	105924825	11	36	1.28	3	0	0.14	1	0	0.86	unphased	1.29419123301718	1.01108690079467	1.28
11	114401387	114401388	23	43	2.72	3	0	0.86	1	0	0.14	unphased	2.03900693683826	1.09624028862272	1.86
11	117870084	117870085	5	38	2.72	3	0	0.86	1	0	0.14	unphased	2.76572709442421	1.01681143177361	2.72
11	118770631	118770632	2	8	2.72	3	0	0.86	1	0	0.14	unphased	2.50371084337349	0.920481927710843	2.72
11	119243864	119243865	13	90	2.72	3	0	0.86	1	0	0.14	unphased	2.73463562989823	1.00538074628612	2.72
11	120776145	120776146	15	73	2.72	3	0	0.86	1	0	0.14	unphased	2.59617743702081	0.95447699890471	2.72
11	123676585	123676586	30	7	2.72	3	0	0.86	1	0	0.14	unphased	0.592093780527515	0.592093780527515	1
11	123908922	123908923	10	64	2.72	3	0	0.86	1	0	0.14	unphased	2.70671442526864	0.995115597525236	2.72
11	124180136	124180137	18	14	2.72	3	0	0.86	1	0	0.14	unphased	1.36921686746988	1.36921686746988	1
11	124413436	124413437	30	25	2.72	3	0	0.86	1	0	0.14	unphased	1.42256297918949	0.764818806015852	1.86
11	124805876	124805877	13	8	2.72	3	0	0.86	1	0	0.14	unphased	1.19224325874928	1.19224325874928	1
11	128638126	128638127	19	16	2.76	3	0	0.88	1	0	0.12	unphased	1.44897762478485	1.44897762478485	1
11	128710153	128710154	32	25	2.76	3	0	0.88	1	0	0.12	unphased	1.39019234834073	0.739464015074857	1.88
11	133816101	133816102	5	3	1	1	0	1	NA	NA	NA	unphased	0.528614457831325	0.528614457831325	1
12	4714128	4714129	8	11	1	1	0	1	NA	NA	NA	unphased	0.816106531388713	0.816106531388713	1
12	5153868	5153869	10	13	1	1	0	1	NA	NA	NA	unphased	0.79675222629649	0.79675222629649	1
12	5153928	5153929	11	12	1	1	0	1	NA	NA	NA	unphased	0.735463593504453	0.735463593504453	1
12	5154299	5154300	10	22	1	1	0	1	NA	NA	NA	unphased	0.969126506024096	0.969126506024096	1
12	8987265	8987266	15	21	1	1	0	1	NA	NA	NA	unphased	0.822289156626506	0.822289156626506	1
12	9027067	9027068	8	12	1	1	0	1	NA	NA	NA	unphased	0.84578313253012	0.84578313253012	1
12	11421061	11421062	6	19	1	1	0	1	NA	NA	NA	unphased	1.07132530120482	1.07132530120482	1
12	33031864	33031865	7	12	1	1	0	1	NA	NA	NA	unphased	0.890298034242232	0.890298034242232	1
12	41419021	41419022	139	64	3	2	1	1	NA	NA	NA	unphased	1.07495993827527	1.07495993827527	1
12	41422963	41422964	83	78	3	2	1	1	NA	NA	NA	unphased	1.65187457906159	0.825937289530794	2
12	43769195	43769196	26	8	3	2	1	1	NA	NA	NA	unphased	0.802267895109851	0.802267895109851	1
12	43769198	43769199	29	8	3	2	1	1	NA	NA	NA	unphased	0.737219146857701	0.737219146857701	1
12	45567350	45567351	77	16	3	2	1	1	NA	NA	NA	unphased	0.586604482445913	0.586604482445913	1
12	46322571	46322572	90	41	3	2	1	1	NA	NA	NA	unphased	1.06713878414421	1.06713878414421	1
12	48723369	48723370	7	7	3	2	1	1	NA	NA	NA	unphased	1.70481927710843	1.70481927710843	1
12	49176706	49176707	19	5	3	2	1	1	NA	NA	NA	unphased	0.710341365461847	0.710341365461847	1
12	49230440	49230441	77	29	3	2	1	1	NA	NA	NA	unphased	0.932825642191407	0.932825642191407	1
12	49729970	49729971	5	3	3	2	1	1	NA	NA	NA	unphased	1.27861445783133	1.27861445783133	1
12	50152535	50152536	67	24	3	2	1	1	NA	NA	NA	unphased	0.899245332980273	0.899245332980273	1
12	51064994	51064995	47	18	3	2	1	1	NA	NA	NA	unphased	0.944207599629286	0.944207599629286	1
12	51585515	51585516	58	80	3	2	1	1	NA	NA	NA	unphased	1.97660206041558	0.988301030207788	2
12	51865277	51865278	73	19	3	2	1	1	NA	NA	NA	unphased	0.704164484023049	0.704164484023049	1
12	52139811	52139812	50	26	3	2	1	1	NA	NA	NA	unphased	1.16645529486367	1.16645529486367	1
12	52281883	52281884	22	7	3	2	1	1	NA	NA	NA	unphased	0.823016202742003	0.823016202742003	1
12	52448995	52448996	22	7	3	2	1	1	NA	NA	NA	unphased	0.823016202742003	0.823016202742003	1
12	53188048	53188049	50	69	3	2	1	1	NA	NA	NA	unphased	1.97701731294928	0.988508656474638	2
12	57464624	57464625	42	15	3	2	1	1	NA	NA	NA	unphased	0.897273303741281	0.897273303741281	1
12	57843415	57843416	27	26	3	2	1	1	NA	NA	NA	unphased	1.67265287565356	0.836326437826779	2
12	57969497	57969498	136	47	3	2	1	1	NA	NA	NA	unphased	0.875699519389032	0.875699519389032	1
12	58016674	58016675	21	19	3	2	1	1	NA	NA	NA	unphased	1.61957831325301	0.809789156626506	2
12	62261133	62261134	89	9	3	2	1	1	NA	NA	NA	unphased	0.313130071305631	0.313130071305631	1
12	70953101	70953102	75	31	3	2	1	1	NA	NA	NA	unphased	0.997158445101159	0.997158445101159	1
12	72021557	72021558	45	23	3	2	1	1	NA	NA	NA	unphased	1.15326009922041	1.15326009922041	1
12	72038762	72038763	47	13	3	2	1	1	NA	NA	NA	unphased	0.738755020080321	0.738755020080321	1
12	72372793	72372794	103	29	3	2	1	1	NA	NA	NA	unphased	0.749087258123403	0.749087258123403	1
12	72666947	72666948	11	4	3	2	1	1	NA	NA	NA	unphased	0.909236947791165	0.909236947791165	1
12	76783506	76783507	100	34	3	2	1	1	NA	NA	NA	unphased	0.865132170472937	0.865132170472937	1
12	76783507	76783508	100	33	3	2	1	1	NA	NA	NA	unphased	0.846000543527493	0.846000543527493	1
12	78400252	78400253	44	11	3	2	1	1	NA	NA	NA	unphased	0.681927710843374	0.681927710843374	1
12	78401074	78401075	77	27	3	2	1	1	NA	NA	NA	unphased	0.885194624652456	0.885194624652456	1
12	80626779	80626780	32	7	3	2	1	1	NA	NA	NA	unphased	0.61198640716713	0.61198640716713	1
12	80730202	80730203	2	15	3	2	1	1	NA	NA	NA	unphased	3.00850460666194	1.50425230333097	2
12	80730313	80730314	33	7	3	2	1	1	NA	NA	NA	unphased	0.596686746987952	0.596686746987952	1
12	81112768	81112769	49	19	3	2	1	1	NA	NA	NA	unphased	0.952693125442948	0.952693125442948	1
12	81751890	81751891	3	8	3	2	1	1	NA	NA	NA	unphased	2.47973713033954	1.23986856516977	2
12	88530450	88530451	72	14	3	2	1	1	NA	NA	NA	unphased	0.55505743905856	0.55505743905856	1
12	96077289	96077290	40	20	3	2	1	1	NA	NA	NA	unphased	1.13654618473896	1.13654618473896	1
12	96300230	96300231	48	10	3	2	1	1	NA	NA	NA	unphased	0.587868716244288	0.587868716244288	1
12	97043811	97043812	39	35	3	2	1	1	NA	NA	NA	unphased	1.61266688375122	0.806333441875611	2
12	97306445	97306446	8	7	3	2	1	1	NA	NA	NA	unphased	1.59116465863454	1.59116465863454	1
12	98849546	98849547	25	15	3	2	1	1	NA	NA	NA	unphased	1.27861445783133	1.27861445783133	1
12	99007548	99007549	81	27	3	2	1	1	NA	NA	NA	unphased	0.852409638554217	0.852409638554217	1
12	99640475	99640476	44	13	3	2	1	1	NA	NA	NA	unphased	0.777636863242444	0.777636863242444	1
12	100887137	100887138	22	9	1.12	2	1	0.06	0	1	0.94	unphased	0.444088612514575	0.444088612514575	1
12	101581233	101581234	18	52	1.12	2	1	0.06	0	1	0.94	unphased	1.13630292598967	1.13630292598967	1
12	103234265	103234266	62	26	1.12	2	1	0.06	0	1	0.94	unphased	0.451938663745893	0.451938663745893	1
12	104054151	104054152	206	44	3.74	4	1	0.58	1	1	0.42	unphased	0.730336385542169	1.25920066472788	0.58
12	104056713	104056714	99	27	3.74	4	1	0.58	1	1	0.42	unphased	0.8892082616179	0.8892082616179	1
12	104084225	104084226	70	15	3.74	4	1	0.58	1	1	0.42	unphased	0.732289156626506	0.732289156626506	1
12	104390518	104390519	47	13	2.76	2	1	0.88	1	0	0.12	unphased	0.686755020080321	0.686755020080321	1
12	107090071	107090072	69	26	2.76	2	1	0.88	1	0	0.12	unphased	0.867480025364616	0.867480025364616	1
12	108985486	108985487	41	13	2.76	2	1	0.88	1	0	0.12	unphased	0.763061133422579	0.763061133422579	1
12	108986010	108986011	10	7	2.76	2	1	0.88	1	0	0.12	unphased	1.30514528703047	1.30514528703047	1
12	111785977	111785978	43	54	2.76	2	1	0.88	1	0	0.12	unphased	1.76454105080114	0.938585665319757	1.88
12	112892386	112892387	28	19	2.76	2	1	0.88	1	0	0.12	unphased	1.28134324532171	1.28134324532171	1
12	112924407	112924408	20	8	2.76	2	1	0.88	1	0	0.12	unphased	0.905611015490533	0.905611015490533	1
12	113334573	113334574	27	13	2.76	2	1	0.88	1	0	0.12	unphased	1.03013253012048	1.03013253012048	1
12	117705887	117705888	44	24	2.76	2	1	0.88	1	0	0.12	unphased	1.11869596031184	1.11869596031184	1
12	118298187	118298188	7	7	2.76	2	1	0.88	1	0	0.12	unphased	1.58481927710843	1.58481927710843	1
12	118533536	118533537	18	5	2.76	2	1	0.88	1	0	0.12	unphased	0.689051859612362	0.689051859612362	1
12	118827730	118827731	22	6	2.76	2	1	0.88	1	0	0.12	unphased	0.6792082616179	0.6792082616179	1
12	120594408	120594409	11	10	2.76	2	1	0.88	1	0	0.12	unphased	1.50935169248422	1.50935169248422	1
12	120597820	120597821	35	13	2.76	2	1	0.88	1	0	0.12	unphased	0.858443775100402	0.858443775100402	1
12	121125322	121125323	23	10	2.76	2	1	0.88	1	0	0.12	unphased	0.960496531580869	0.960496531580869	1
12	122716677	122716678	8	8	2.76	2	1	0.88	1	0	0.12	unphased	1.58481927710843	1.58481927710843	1
12	123187578	123187579	32	11	2.76	2	1	0.88	1	0	0.12	unphased	0.810837769683385	0.810837769683385	1
12	123646733	123646734	90	16	2.76	2	1	0.88	1	0	0.12	unphased	0.478436008183678	0.478436008183678	1
12	128899757	128899758	10	4	2.76	2	1	0.88	1	0	0.12	unphased	0.905611015490533	0.905611015490533	1
12	130648100	130648101	4	6	2.74	2	1	0.74	1	1	0.26	unphased	1.88978313253012	1.88978313253012	1
13	25009222	25009223	6	34	2	2	0	1	NA	NA	NA	unphased	2.04819277108434	1.02409638554217	2
13	28009299	28009300	30	23	2	2	0	1	NA	NA	NA	unphased	1.04569220277336	1.04569220277336	1
13	29599823	29599824	13	9	2	2	0	1	NA	NA	NA	unphased	0.985761226725082	0.985761226725082	1
13	31480610	31480611	12	12	2	2	0	1	NA	NA	NA	unphased	1.20481927710843	1.20481927710843	1
13	36049776	36049777	20	15	2	2	0	1	NA	NA	NA	unphased	1.03270223752151	1.03270223752151	1
13	36396927	36396928	42	25	2	2	0	1	NA	NA	NA	unphased	0.899118863513757	0.899118863513757	1
13	52586563	52586564	7	34	2	2	0	1	NA	NA	NA	unphased	1.99823684983838	0.999118424919189	2
13	52604172	52604173	27	16	2	2	0	1	NA	NA	NA	unphased	0.896609694592323	0.896609694592323	1
13	52604647	52604648	33	16	2	2	0	1	NA	NA	NA	unphased	0.786820752397345	0.786820752397345	1
13	52971670	52971671	24	14	2	2	0	1	NA	NA	NA	unphased	0.887761572606214	0.887761572606214	1
13	58207324	58207325	24	9	2	2	0	1	NA	NA	NA	unphased	0.657174151150055	0.657174151150055	1
13	58208174	58208175	6	27	2	2	0	1	NA	NA	NA	unphased	1.97152245345016	0.985761226725082	2
13	72049294	72049295	4	10	1	1	0	1	NA	NA	NA	unphased	1.00688468158348	1.00688468158348	1
13	72440218	72440219	15	16	1	1	0	1	NA	NA	NA	unphased	0.727555382821609	0.727555382821609	1
13	77817237	77817238	14	38	1	1	0	1	NA	NA	NA	unphased	1.03012048192771	1.03012048192771	1
13	84453622	84453623	5	6	1	1	0	1	NA	NA	NA	unphased	0.768893756845564	0.768893756845564	1
14	21250132	21250133	84	22	3	2	1	1	NA	NA	NA	unphased	0.707660832007274	0.707660832007274	1
14	21624049	21624050	55	22	3	2	1	1	NA	NA	NA	unphased	0.974182444061962	0.974182444061962	1
14	21838631	21838632	90	32	3	2	1	1	NA	NA	NA	unphased	0.894331424056883	0.894331424056883	1
14	22090592	22090593	142	12	3	2	1	1	NA	NA	NA	unphased	0.265686121107808	0.265686121107808	1
14	23523503	23523504	145	29	5	4	1	1	NA	NA	NA	unphased	0.901606425702811	0.901606425702811	1
14	24108145	24108146	51	20	3	2	1	1	NA	NA	NA	unphased	0.960461564568132	0.960461564568132	1
14	24768326	24768327	20	3	3.7	2	2	0.9	0	1	0.1	unphased	0.536039811419591	0.536039811419591	1
14	25043616	25043617	49	39	3.7	2	2	0.9	0	1	0.1	unphased	1.82131708652793	1.01184282584885	1.8
14	25043647	25043648	49	29	3.7	2	2	0.9	0	1	0.1	unphased	1.52794253938832	0.848856966326846	1.8
14	33005002	33005003	58	22	3	2	1	1	NA	NA	NA	unphased	0.937650602409639	0.937650602409639	1
14	34243736	34243737	97	40	3	2	1	1	NA	NA	NA	unphased	0.995514906340691	0.995514906340691	1
14	34419943	34419944	79	24	3	2	1	1	NA	NA	NA	unphased	0.794478886419464	0.794478886419464	1
14	39788492	39788493	33	26	3	2	1	1	NA	NA	NA	unphased	1.50255258321421	0.751276291607107	2
14	47120364	47120365	62	25	3	2	1	1	NA	NA	NA	unphased	0.979781193740479	0.979781193740479	1
14	47504274	47504275	84	25	3	2	1	1	NA	NA	NA	unphased	0.782027191334144	0.782027191334144	1
14	52194553	52194554	59	30	3	2	1	1	NA	NA	NA	unphased	1.14931636658996	1.14931636658996	1
14	52520448	52520449	39	13	3	2	1	1	NA	NA	NA	unphased	0.852409638554217	0.852409638554217	1
14	52781679	52781680	54	19	3	2	1	1	NA	NA	NA	unphased	0.887440171645486	0.887440171645486	1
14	52781701	52781702	56	17	3	2	1	1	NA	NA	NA	unphased	0.794025416735435	0.794025416735435	1
14	55004872	55004873	56	20	3	2	1	1	NA	NA	NA	unphased	0.897273303741281	0.897273303741281	1
14	57268683	57268684	40	5	3	2	1	1	NA	NA	NA	unphased	0.378848728246319	0.378848728246319	1
14	60213089	60213090	23	12	3	2	1	1	NA	NA	NA	unphased	1.16901893287435	1.16901893287435	1
14	61113087	61113088	40	15	3	2	1	1	NA	NA	NA	unphased	0.929901423877327	0.929901423877327	1
14	61180279	61180280	50	24	3	2	1	1	NA	NA	NA	unphased	1.10582872028655	1.10582872028655	1
14	61510220	61510221	50	10	3	2	1	1	NA	NA	NA	unphased	0.568273092369478	0.568273092369478	1
14	61917651	61917652	46	23	3	2	1	1	NA	NA	NA	unphased	1.13654618473896	1.13654618473896	1
14	62242898	62242899	38	7	3	2	1	1	NA	NA	NA	unphased	0.530388219544846	0.530388219544846	1
14	68192857	68192858	81	37	3	2	1	1	NA	NA	NA	unphased	1.06912395344088	1.06912395344088	1
14	69704366	69704367	23	15	3	2	1	1	NA	NA	NA	unphased	1.34590995561192	1.34590995561192	1
14	70461184	70461185	47	71	3	2	1	1	NA	NA	NA	unphased	2.0515621809271	1.02578109046355	2
14	70515478	70515479	13	5	3	2	1	1	NA	NA	NA	unphased	0.947121820615797	0.947121820615797	1
14	70712769	70712770	147	25	3	2	1	1	NA	NA	NA	unphased	0.495586999159428	0.495586999159428	1
14	71197425	71197426	41	16	3	2	1	1	NA	NA	NA	unphased	0.9570915239907	0.9570915239907	1
14	72171986	72171987	55	44	3	2	1	1	NA	NA	NA	unphased	1.51539491298527	0.757697456492637	2
14	73464764	73464765	30	29	3	2	1	1	NA	NA	NA	unphased	1.67592403512355	0.837962017561773	2
14	74358848	74358849	37	55	3	2	1	1	NA	NA	NA	unphased	2.03837087480356	1.01918543740178	2
14	74976011	74976012	23	39	3	2	1	1	NA	NA	NA	unphased	2.14477263894287	1.07238631947143	2
14	75248352	75248353	95	31	3	2	1	1	NA	NA	NA	unphased	0.838879326831134	0.838879326831134	1
14	75265060	75265061	31	23	3	2	1	1	NA	NA	NA	unphased	1.45225345827755	0.726126729138777	2
14	76238084	76238085	133	48	3	2	1	1	NA	NA	NA	unphased	0.904213539239832	0.904213539239832	1
14	77270247	77270248	67	27	3	2	1	1	NA	NA	NA	unphased	0.97936426557293	0.97936426557293	1
14	81952029	81952030	120	51	3	2	1	1	NA	NA	NA	unphased	1.01690974424012	1.01690974424012	1
14	88792800	88792801	14	13	2	2	0	1	NA	NA	NA	unphased	1.16019634091923	1.16019634091923	1
14	90650922	90650923	28	15	2	2	0	1	NA	NA	NA	unphased	0.840571588680303	0.840571588680303	1
14	92900285	92900286	39	25	2	2	0	1	NA	NA	NA	unphased	0.941265060240964	0.941265060240964	1
14	93199080	93199081	59	25	2	2	0	1	NA	NA	NA	unphased	0.717154331612163	0.717154331612163	1
14	93199084	93199085	58	25	2	2	0	1	NA	NA	NA	unphased	0.725794745246044	0.725794745246044	1
14	93408208	93408209	2	12	2	2	0	1	NA	NA	NA	unphased	2.06540447504303	1.03270223752151	2
14	94107550	94107551	7	26	2	2	0	1	NA	NA	NA	unphased	1.89850310332238	0.94925155166119	2
14	94847421	94847422	6	5	2	2	0	1	NA	NA	NA	unphased	1.09529025191676	1.09529025191676	1
14	96134628	96134629	26	21	2	2	0	1	NA	NA	NA	unphased	1.07664701358626	1.07664701358626	1
14	96730897	96730898	25	41	2	2	0	1	NA	NA	NA	unphased	1.49689667761957	0.748448338809785	2
14	99724080	99724081	4	29	2	2	0	1	NA	NA	NA	unphased	2.11756115370573	1.05878057685287	2
14	101004365	101004366	6	3	2	2	0	1	NA	NA	NA	unphased	0.803212851405622	0.803212851405622	1
14	105353025	105353026	9	8	2	2	0	1	NA	NA	NA	unphased	1.13394755492558	1.13394755492558	1
14	105419371	105419372	149	85	2	2	0	1	NA	NA	NA	unphased	0.875296056018948	0.875296056018948	1
14	105521816	105521817	36	28	2	2	0	1	NA	NA	NA	unphased	1.05421686746988	1.05421686746988	1
14	106967320	106967321	17	58	NA	NA	NA	NA	NA	NA	NA	unphased	NA	NA	1
14	107048804	107048805	274	72	2	2	0	1	NA	NA	NA	unphased	0.501427676022007	0.501427676022007	1
14	107218926	107218927	74	36	2	2	0	1	NA	NA	NA	unphased	0.788608981380066	0.788608981380066	1
15	20657770	20657771	1	7	2	1	1	1	NA	NA	NA	unphased	2.10843373493976	2.10843373493976	1
15	23261858	23261859	16	12	2	1	1	1	NA	NA	NA	unphased	1.03270223752151	1.03270223752151	1
15	25417841	25417842	111	43	2	1	1	1	NA	NA	NA	unphased	0.672821154748866	0.672821154748866	1
15	28000583	28000584	25	23	2.76	2	1	0.88	1	0	0.12	unphased	1.51878514056225	0.807864436469281	1.88
15	32976824	32976825	5	9	1	1	0	1	NA	NA	NA	unphased	0.906196213425129	0.906196213425129	1
15	35044984	35044985	5	10	1	1	0	1	NA	NA	NA	unphased	0.939759036144578	0.939759036144578	1
15	44053653	44053654	14	18	1	1	0	1	NA	NA	NA	unphased	0.792921686746988	0.792921686746988	1
15	48499911	48499912	8	3	2	1	1	1	NA	NA	NA	unphased	0.657174151150055	0.657174151150055	1
15	49089880	49089881	57	12	2	1	1	1	NA	NA	NA	unphased	0.419067574646412	0.419067574646412	1
15	49170553	49170554	7	10	2	1	1	1	NA	NA	NA	unphased	1.41743444365698	1.41743444365698	1
15	50534806	50534807	23	18	2	1	1	1	NA	NA	NA	unphased	1.05789009697326	1.05789009697326	1
15	62214908	62214909	34	18	2	1	1	1	NA	NA	NA	unphased	0.834105653382762	0.834105653382762	1
15	63555847	63555848	21	3	2	1	1	1	NA	NA	NA	unphased	0.301204819277108	0.301204819277108	1
15	63845954	63845955	34	24	2	1	1	1	NA	NA	NA	unphased	0.997091815538014	0.997091815538014	1
15	63930697	63930698	18	19	2	1	1	1	NA	NA	NA	unphased	1.23738196027353	1.23738196027353	1
15	64968322	64968323	16	13	2	1	1	1	NA	NA	NA	unphased	1.08018280016618	1.08018280016618	1
15	65502107	65502108	15	5	2	1	1	1	NA	NA	NA	unphased	0.602409638554217	0.602409638554217	1
15	70346918	70346919	11	8	2	1	1	1	NA	NA	NA	unphased	1.0145846544071	1.0145846544071	1
15	71952966	71952967	56	31	2	1	1	1	NA	NA	NA	unphased	0.858606841157734	0.858606841157734	1
15	72030069	72030070	7	7	2	1	1	1	NA	NA	NA	unphased	1.20481927710843	1.20481927710843	1
15	73009139	73009140	34	28	2	1	1	1	NA	NA	NA	unphased	1.08822386319471	1.08822386319471	1
15	75979869	75979870	31	21	2	1	1	1	NA	NA	NA	unphased	0.973123262279889	0.973123262279889	1
15	77771573	77771574	41	26	2	1	1	1	NA	NA	NA	unphased	0.935083618054307	0.935083618054307	1
15	78471969	78471970	18	15	2	1	1	1	NA	NA	NA	unphased	1.09529025191676	1.09529025191676	1
15	79067002	79067003	19	11	2	1	1	1	NA	NA	NA	unphased	0.883534136546185	0.883534136546185	1
15	81181064	81181065	48	26	2	1	1	1	NA	NA	NA	unphased	0.846629762292413	0.846629762292413	1
15	81592701	81592702	34	22	2	1	1	1	NA	NA	NA	unphased	0.946643717728055	0.946643717728055	1
15	83932314	83932315	68	42	2	1	1	1	NA	NA	NA	unphased	0.920043811610077	0.920043811610077	1
15	84257452	84257453	15	7	2	1	1	1	NA	NA	NA	unphased	0.766703176341731	0.766703176341731	1
15	86064803	86064804	26	15	2	1	1	1	NA	NA	NA	unphased	0.881575080811049	0.881575080811049	1
15	86807655	86807656	11	9	2	1	1	1	NA	NA	NA	unphased	1.08433734939759	1.08433734939759	1
15	91832810	91832811	47	25	2	1	1	1	NA	NA	NA	unphased	0.836680053547523	0.836680053547523	1
15	100636614	100636615	53	42	2	1	1	1	NA	NA	NA	unphased	1.06531388712746	1.06531388712746	1
15	100801720	100801721	21	6	2	1	1	1	NA	NA	NA	unphased	0.535475234270415	0.535475234270415	1
15	101933557	101933558	26	15	2	1	1	1	NA	NA	NA	unphased	0.881575080811049	0.881575080811049	1
15	102346671	102346672	46	29	2	1	1	1	NA	NA	NA	unphased	0.931726907630522	0.931726907630522	1
16	1510476	1510477	22	6	2	1	1	0.22	1	1	0.78	unphased	0.516351118760757	0.661988613795843	0.78
16	3306443	3306444	35	14	2	1	1	0.22	1	1	0.78	unphased	0.688468158347676	0.882651485061124	0.78
16	3458577	3458578	38	11	2	1	1	0.22	1	1	0.78	unphased	0.540939267273174	0.693511881119454	0.78
16	3554823	3554824	45	18	2	1	1	0.22	1	1	0.78	unphased	0.688468158347676	0.882651485061124	0.78
16	3831212	3831213	14	37	2	1	1	0.22	1	1	0.78	unphased	1.74816914717694	1.74816914717694	1
16	9857649	9857650	28	20	2	1	1	0.22	1	1	0.78	unphased	1.00401606425703	1.00401606425703	1
16	11647390	11647391	13	8	2	1	1	0.22	1	1	0.78	unphased	0.917957544463569	0.917957544463569	1
16	11770024	11770025	20	10	2	1	1	0.22	1	1	0.78	unphased	0.803212851405622	0.803212851405622	1
16	11794331	11794332	27	16	2	1	1	0.22	1	1	0.78	unphased	0.896609694592323	0.896609694592323	1
16	15797862	15797863	120	37	2.46	2	1	0.73	1	0	0.27	unphased	0.6762842452613	0.926416774330548	0.73
16	16173233	16173234	38	18	2.46	2	1	0.73	1	0	0.27	unphased	0.922383820998279	0.922383820998279	1
16	17211673	17211674	59	20	2.46	2	1	0.73	1	0	0.27	unphased	0.72649077321946	0.995192840026658	0.73
16	18847470	18847471	8	4	3	2	1	1	NA	NA	NA	unphased	1.13654618473896	1.13654618473896	1
16	19548613	19548614	53	20	3	2	1	1	NA	NA	NA	unphased	0.934147549100512	0.934147549100512	1
16	20327294	20327295	53	11	3	2	1	1	NA	NA	NA	unphased	0.586031626506024	0.586031626506024	1
16	20556577	20556578	36	6	3	2	1	1	NA	NA	NA	unphased	0.487091222030981	0.487091222030981	1
16	20556579	20556580	35	6	3	2	1	1	NA	NA	NA	unphased	0.498971495739054	0.498971495739054	1
16	20648499	20648500	62	45	3	2	1	1	NA	NA	NA	unphased	1.43396013962392	0.716980069811958	2
16	20702475	20702476	76	43	3	2	1	1	NA	NA	NA	unphased	1.23205426749013	1.23205426749013	1
16	21011681	21011682	19	31	3	2	1	1	NA	NA	NA	unphased	2.11397590361446	1.05698795180723	2
16	23702319	23702320	37	10	3	2	1	1	NA	NA	NA	unphased	0.725455011535504	0.725455011535504	1
16	23768935	23768936	65	32	3	2	1	1	NA	NA	NA	unphased	1.12482921376227	1.12482921376227	1
16	24881220	24881221	8	16	3	2	1	1	NA	NA	NA	unphased	2.27309236947791	1.13654618473896	2
16	26147086	26147087	55	75	3	2	1	1	NA	NA	NA	unphased	1.96709916589435	0.983549582947173	2
16	27373959	27373960	28	8	3	2	1	1	NA	NA	NA	unphased	0.757697456492637	0.757697456492637	1
16	27460221	27460222	22	26	3	2	1	1	NA	NA	NA	unphased	1.8468875502008	0.923443775100402	2
16	27499884	27499885	59	24	3	2	1	1	NA	NA	NA	unphased	0.985919581942227	0.985919581942227	1
16	27517432	27517433	16	15	3	2	1	1	NA	NA	NA	unphased	1.64982510687913	0.824912553439565	2
16	27772739	27772740	23	31	3	2	1	1	NA	NA	NA	unphased	1.95738509593931	0.978692547969656	2
16	29113445	29113446	37	13	3	2	1	1	NA	NA	NA	unphased	0.886506024096386	0.886506024096386	1
16	30490774	30490775	17	14	3	2	1	1	NA	NA	NA	unphased	1.53983676642052	0.76991838321026	2
16	30750049	30750050	28	9	3	2	1	1	NA	NA	NA	unphased	0.829371540214914	0.829371540214914	1
16	31051065	31051066	96	37	3	2	1	1	NA	NA	NA	unphased	0.948546063955068	0.948546063955068	1
16	31154991	31154992	39	18	3	2	1	1	NA	NA	NA	unphased	1.07672796448954	1.07672796448954	1
16	31194081	31194082	17	3	3	2	1	1	NA	NA	NA	unphased	0.51144578313253	0.51144578313253	1
16	31286937	31286938	27	8	3	2	1	1	NA	NA	NA	unphased	0.77934595524957	0.77934595524957	1
16	31374529	31374530	61	28	3	2	1	1	NA	NA	NA	unphased	1.07269527548396	1.07269527548396	1
16	31471197	31471198	5	10	3	2	1	1	NA	NA	NA	unphased	2.27309236947791	1.13654618473896	2
16	31477399	31477400	19	29	3	2	1	1	NA	NA	NA	unphased	2.05998995983936	1.02999497991968	2
16	48180403	48180404	6	4	2	2	0	1	NA	NA	NA	unphased	0.963855421686747	0.963855421686747	1
16	49430415	49430416	24	13	2	2	0	1	NA	NA	NA	unphased	0.846629762292413	0.846629762292413	1
16	51173380	51173381	14	19	2	2	0	1	NA	NA	NA	unphased	1.38736765242789	0.693683826213947	2
16	51174701	51174702	9	51	2	2	0	1	NA	NA	NA	unphased	2.04819277108434	1.02409638554217	2
16	53692702	53692703	12	8	2	2	0	1	NA	NA	NA	unphased	0.963855421686747	0.963855421686747	1
16	55690776	55690777	37	12	2	2	0	1	NA	NA	NA	unphased	0.590115564298008	0.590115564298008	1
16	56436898	56436899	68	35	2	2	0	1	NA	NA	NA	unphased	0.818809217452334	0.818809217452334	1
16	56903715	56903716	12	7	2	2	0	1	NA	NA	NA	unphased	0.887761572606214	0.887761572606214	1
16	57181439	57181440	8	23	2	2	0	1	NA	NA	NA	unphased	1.78779634667703	0.893898173338515	2
16	57714213	57714214	13	7	2	2	0	1	NA	NA	NA	unphased	0.843373493975904	0.843373493975904	1
16	67679958	67679959	40	25	2	2	0	1	NA	NA	NA	unphased	0.92678405931418	0.92678405931418	1
16	68363043	68363044	23	19	2	2	0	1	NA	NA	NA	unphased	1.09007458405049	1.09007458405049	1
16	71317629	71317630	4	16	2	2	0	1	NA	NA	NA	unphased	1.92771084337349	0.963855421686747	2
16	71610154	71610155	15	11	2	2	0	1	NA	NA	NA	unphased	1.0194624652456	1.0194624652456	1
16	71823278	71823279	27	12	2	2	0	1	NA	NA	NA	unphased	0.741427247451344	0.741427247451344	1
16	72158740	72158741	25	79	2	2	0	1	NA	NA	NA	unphased	1.83039851714551	0.915199258572753	2
16	73127044	73127045	4	16	2	2	0	1	NA	NA	NA	unphased	1.92771084337349	0.963855421686747	2
16	74394529	74394530	46	22	2	2	0	1	NA	NA	NA	unphased	0.77958894401134	0.77958894401134	1
16	75513267	75513268	35	22	2	2	0	1	NA	NA	NA	unphased	0.93003593320651	0.93003593320651	1
16	76389317	76389318	20	49	2	2	0	1	NA	NA	NA	unphased	1.71119259647285	0.855596298236424	2
16	76389318	76389319	20	49	2	2	0	1	NA	NA	NA	unphased	1.71119259647285	0.855596298236424	2
16	77232109	77232110	54	30	2	2	0	1	NA	NA	NA	unphased	0.860585197934596	0.860585197934596	1
16	81095103	81095104	45	27	2	2	0	1	NA	NA	NA	unphased	0.903614457831325	0.903614457831325	1
16	81388106	81388107	12	48	2	2	0	1	NA	NA	NA	unphased	1.92771084337349	0.963855421686747	2
16	87677995	87677996	5	24	2	2	0	1	NA	NA	NA	unphased	1.99418363107603	0.997091815538014	2
16	87677996	87677997	5	24	2	2	0	1	NA	NA	NA	unphased	1.99418363107603	0.997091815538014	2
16	87742981	87742982	25	20	2	2	0	1	NA	NA	NA	unphased	1.07095046854083	1.07095046854083	1
16	89764323	89764324	13	7	2	2	0	1	NA	NA	NA	unphased	0.843373493975904	0.843373493975904	1
17	1542117	1542118	13	7	2.78	2	1	0.89	1	0	0.11	unphased	1.1163734939759	1.1163734939759	1
17	1543288	1543289	38	15	2.78	2	1	0.89	1	0	0.11	unphased	0.902727892702887	0.902727892702887	1
17	1840247	1840248	11	6	2.78	2	1	0.89	1	0	0.11	unphased	1.12575478384125	1.12575478384125	1
17	2239812	2239813	22	13	2.78	2	1	0.89	1	0	0.11	unphased	1.18472289156627	1.18472289156627	1
17	3100955	3100956	93	39	2.78	2	1	0.89	1	0	0.11	unphased	0.942393209200438	0.942393209200438	1
17	3717614	3717615	74	25	2.78	2	1	0.89	1	0	0.11	unphased	0.805464281367896	0.805464281367896	1
17	3846693	3846694	70	34	2.78	2	1	0.89	1	0	0.11	unphased	1.04276645041705	1.04276645041705	1
17	4536466	4536467	12	20	2.78	2	1	0.89	1	0	0.11	unphased	1.99352409638554	1.05477465417224	1.89
17	5076184	5076185	67	61	2.78	2	1	0.89	1	0	0.11	unphased	1.52006212349398	0.804265673806336	1.89
17	7577119	7577120	17	9	2.78	2	1	0.89	1	0	0.11	unphased	1.10410565338276	1.10410565338276	1
17	7578265	7578266	17	18	2.78	2	1	0.89	1	0	0.11	unphased	1.64038554216867	0.867928858290304	1.89
17	7623101	7623102	22	6	2.78	2	1	0.89	1	0	0.11	unphased	0.683493975903614	0.683493975903614	1
17	7750426	7750427	45	12	2.78	2	1	0.89	1	0	0.11	unphased	0.67150285351934	0.67150285351934	1
17	7917984	7917985	52	24	2.78	2	1	0.89	1	0	0.11	unphased	1.00725428027901	1.00725428027901	1
17	8108704	8108705	43	17	2.78	2	1	0.89	1	0	0.11	unphased	0.903730923694779	0.903730923694779	1
17	8159827	8159828	26	12	2.78	2	1	0.89	1	0	0.11	unphased	1.00725428027901	1.00725428027901	1
17	8701481	8701482	9	21	2.78	2	1	0.89	1	0	0.11	unphased	2.23274698795181	1.18134761267291	1.89
17	9631345	9631346	26	8	2.78	2	1	0.89	1	0	0.11	unphased	0.750503189227498	0.750503189227498	1
17	9820583	9820584	60	4	2.78	2	1	0.89	1	0	0.11	unphased	0.199352409638554	0.199352409638554	1
17	10359033	10359034	53	20	2.78	2	1	0.89	1	0	0.11	unphased	0.873873576497772	0.873873576497772	1
17	10447330	10447331	78	31	2.78	2	1	0.89	1	0	0.11	unphased	0.907144909914889	0.907144909914889	1
17	10535844	10535845	72	104	2.78	2	1	0.89	1	0	0.11	unphased	1.88478641840088	0.997241491217395	1.89
17	11583158	11583159	77	31	2.78	2	1	0.89	1	0	0.11	unphased	0.915544399821508	0.915544399821508	1
17	11790161	11790162	60	17	2.78	2	1	0.89	1	0	0.11	unphased	0.70420591456736	0.70420591456736	1
17	15341217	15341218	46	10	3	2	1	1	NA	NA	NA	unphased	0.608864027538726	0.608864027538726	1
17	17699149	17699150	22	5	2.64	2	1	0.82	1	0	0.18	unphased	0.564747880410531	0.564747880410531	1
17	18062660	18062661	23	6	2.64	2	1	0.82	1	0	0.18	unphased	0.630959700872455	0.630959700872455	1
17	18422876	18422877	1	25	2.64	2	1	0.82	1	0	0.18	unphased	2.93234476367007	1.61117844157696	1.82
17	25752516	25752517	82	74	5	3	2	1	NA	NA	NA	unphased	2.56611059623108	0.855370198743692	3
17	26370161	26370162	24	3	5	3	2	1	NA	NA	NA	unphased	0.601070950468541	0.601070950468541	1
17	27434198	27434199	39	45	5	3	2	1	NA	NA	NA	unphased	2.89802065404475	0.966006884681583	3
17	27857541	27857542	102	18	5	3	2	1	NA	NA	NA	unphased	0.81144578313253	0.81144578313253	1
17	31348262	31348263	62	9	5	3	2	1	NA	NA	NA	unphased	0.685728830816223	0.685728830816223	1
17	32953890	32953891	13	8	5	3	2	1	NA	NA	NA	unphased	2.06081468732071	1.03040734366036	2
17	33463515	33463516	83	17	5	3	2	1	NA	NA	NA	unphased	0.919638554216867	0.919638554216867	1
17	33585886	33585887	78	50	5	3	2	1	NA	NA	NA	unphased	2.11314006024096	1.05657003012048	2
17	33769071	33769072	136	44	5	3	2	1	NA	NA	NA	unphased	1.32235609103079	1.32235609103079	1
17	34499220	34499221	1353	147	NA	NA	NA	NA	NA	NA	NA	unphased	NA	NA	1
17	35913783	35913784	98	35	5	3	2	1	NA	NA	NA	unphased	1.42358909321497	0.711794546607483	2
17	36104662	36104663	73	14	5	3	2	1	NA	NA	NA	unphased	0.870516548954438	0.870516548954438	1
17	36358960	36358961	583	28	5	3	2	1	NA	NA	NA	unphased	0.247904876461657	0.247904876461657	1
17	38140680	38140681	85	47	5	3	2	1	NA	NA	NA	unphased	1.92615918218328	0.963079591091639	2
17	38487463	38487464	52	36	5	3	2	1	NA	NA	NA	unphased	2.21303395399781	1.1065169769989	2
17	38911444	38911445	41	17	5	3	2	1	NA	NA	NA	unphased	1.58558371416701	0.792791857083506	2
17	38911445	38911446	41	16	5	3	2	1	NA	NA	NA	unphased	1.51849503276263	0.759247516381315	2
17	38975400	38975401	29	29	5	3	2	1	NA	NA	NA	unphased	2.70481927710843	0.901606425702811	3
17	39388890	39388891	94	18	5	3	2	1	NA	NA	NA	unphased	0.869406196213425	0.869406196213425	1
17	39580206	39580207	42	12	4.12	3	2	0.78	1	0	0.22	unphased	1.00658634538153	1.00658634538153	1
17	39623519	39623520	42	12	4.12	3	2	0.78	1	0	0.22	unphased	1.00658634538153	1.00658634538153	1
17	39644580	39644581	46	59	4.12	3	2	0.78	1	0	0.22	unphased	2.54522547332186	0.994228700516351	2.56
17	39646083	39646084	18	16	4.12	3	2	0.78	1	0	0.22	unphased	2.13159461374911	0.832654145995748	2.56
17	40837377	40837378	41	13	4.12	3	2	0.78	1	0	0.22	unphased	1.09046854082999	1.09046854082999	1
17	40932813	40932814	22	14	4.12	3	2	0.78	1	0	0.22	unphased	1.76152610441767	0.98962140697622	1.78
17	43013508	43013509	20	22	4.12	3	2	0.78	1	0	0.22	unphased	2.3726678141136	0.926823364888124	2.56
17	43481691	43481692	39	8	4.12	3	2	0.78	1	0	0.22	unphased	0.771002307100743	0.771002307100743	1
17	43884428	43884429	12	15	4.12	3	2	0.78	1	0	0.22	unphased	2.51646586345382	0.982994477911647	2.56
17	45362040	45362041	117	119	5	3	2	1	NA	NA	NA	unphased	2.72774147437206	0.909247158124021	3
17	45362041	45362042	117	120	5	3	2	1	NA	NA	NA	unphased	2.73905749580601	0.91301916526867	3
17	47656622	47656623	58	18	5	3	2	1	NA	NA	NA	unphased	1.28123018389347	1.28123018389347	1
17	48603364	48603365	76	16	5	3	2	1	NA	NA	NA	unphased	0.940806705081194	0.940806705081194	1
17	48745039	48745040	20	32	5	3	2	1	NA	NA	NA	unphased	3.32900834105653	1.10966944701884	3
17	48917813	48917814	67	13	5	3	2	1	NA	NA	NA	unphased	0.879066265060241	0.879066265060241	1
17	51901200	51901201	37	30	5	3	2	1	0	1	0	unphased	2.42222621830606	0.807408739435353	3
17	51902454	51902455	29	9	5	3	2	1	0	1	0	unphased	1.28123018389347	1.28123018389347	1
17	56327909	56327910	29	17	5	3	2	1	0	1	0	unphased	1.99921424829754	0.999607124148769	2
17	56435462	56435463	134	36	5	3	2	1	0	1	0	unphased	1.14557051736357	1.14557051736357	1
17	56437582	56437583	103	14	5	3	2	1	0	1	0	unphased	0.647307177427659	0.647307177427659	1
17	56440640	56440641	41	15	5	3	2	1	0	1	0	unphased	1.44901032702238	1.44901032702238	1
17	58711231	58711232	95	55	1.54	4	3	0.09	0	1	0.91	unphased	0.714867469879518	0.714867469879518	1
17	59544999	59545000	86	11	1.54	4	3	0.09	0	1	0.91	unphased	0.2210930319215	0.2210930319215	1
17	59560787	59560788	67	12	1.54	4	3	0.09	0	1	0.91	unphased	0.296147628488638	0.296147628488638	1
17	60112935	60112936	74	25	1.54	4	3	0.09	0	1	0.91	unphased	0.492332968236583	0.492332968236583	1
17	60505176	60505177	111	16	1.54	4	3	0.09	0	1	0.91	unphased	0.245623754861968	0.245623754861968	1
17	60742102	60742103	108	12	1.54	4	3	0.09	0	1	0.91	unphased	0.194963855421687	0.194963855421687	1
17	60743928	60743929	10	10	1.54	4	3	0.09	0	1	0.91	unphased	0.974819277108434	0.974819277108434	1
17	60744858	60744859	100	12	1.54	4	3	0.09	0	1	0.91	unphased	0.208889845094664	0.208889845094664	1
17	61561214	61561215	176	73	1.54	4	3	0.09	0	1	0.91	unphased	0.571580780955146	0.571580780955146	1
17	61613094	61613095	75	30	1.54	4	3	0.09	0	1	0.91	unphased	0.557039586919105	0.557039586919105	1
17	61619746	61619747	112	22	1.54	4	3	0.09	0	1	0.91	unphased	0.320089911886351	0.320089911886351	1
17	61660934	61660935	62	9	1.54	4	3	0.09	0	1	0.91	unphased	0.247137281520448	0.247137281520448	1
17	61666369	61666370	49	5	1.54	4	3	0.09	0	1	0.91	unphased	0.180522088353414	0.180522088353414	1
17	61949724	61949725	127	74	1.54	4	3	0.09	0	1	0.91	unphased	0.717777378169394	0.717777378169394	1
17	63739207	63739208	49	9	1.9	4	3	0.15	1	0	0.85	unphased	0.358392189447445	0.358392189447445	1
17	64880761	64880762	190	18	1.9	4	3	0.15	1	0	0.85	unphased	0.199872567191844	1.33248378127896	0.15
17	65026903	65026904	68	30	1.9	4	3	0.15	1	0	0.85	unphased	0.707032210474551	0.707032210474551	1
17	66898974	66898975	141	26	1.9	4	3	0.15	1	0	0.85	unphased	0.359584445566698	0.359584445566698	1
17	66915482	66915483	162	23	1.9	4	3	0.15	1	0	0.85	unphased	0.287144252686421	0.287144252686421	1
17	67008176	67008177	128	21	1.9	4	3	0.15	1	0	0.85	unphased	0.325519527775532	0.325519527775532	1
17	67197792	67197793	97	17	1.9	4	3	0.15	1	0	0.85	unphased	0.344419784400761	0.344419784400761	1
17	67290820	67290821	195	21	1.9	4	3	0.15	1	0	0.85	unphased	0.224548192771084	1.49698795180723	0.15
17	71027756	71027757	50	33	1.9	4	3	0.15	1	0	0.85	unphased	0.9182900275802	0.9182900275802	1
17	72310350	72310351	108	14	1.9	4	3	0.15	1	0	0.85	unphased	0.265040489828165	0.265040489828165	1
17	72537801	72537802	69	23	1.9	4	3	0.15	1	0	0.85	unphased	0.577409638554217	0.577409638554217	1
17	72588200	72588201	207	23	1.9	4	3	0.15	1	0	0.85	unphased	0.230963855421687	0.230963855421687	1
17	72739308	72739309	84	104	1.9	4	3	0.15	1	0	0.85	unphased	1.27767239169444	0.982824916688029	1.3
17	73094156	73094157	140	22	1.9	4	3	0.15	1	0	0.85	unphased	0.313654618473896	0.313654618473896	1
17	73814217	73814218	57	9	1.9	4	3	0.15	1	0	0.85	unphased	0.314950711938664	0.314950711938664	1
17	74018522	74018523	11	11	1.9	4	3	0.15	1	0	0.85	unphased	1.15481927710843	1.15481927710843	1
17	74527191	74527192	61	17	1.9	4	3	0.15	1	0	0.85	unphased	0.503382761816497	0.503382761816497	1
17	74717950	74717951	143	20	1.9	4	3	0.15	1	0	0.85	unphased	0.283391233646241	0.283391233646241	1
17	74717951	74717952	144	20	1.9	4	3	0.15	1	0	0.85	unphased	0.28166323831913	0.28166323831913	1
17	76120117	76120118	77	12	1.9	4	3	0.15	1	0	0.85	unphased	0.311411939894409	0.311411939894409	1
17	76167987	76167988	173	23	1.9	4	3	0.15	1	0	0.85	unphased	0.271029014015245	0.271029014015245	1
17	76482486	76482487	89	83	1.9	4	3	0.15	1	0	0.85	unphased	1.11453488372093	1.11453488372093	1
17	78069154	78069155	78	43	1.9	4	3	0.15	1	0	0.85	unphased	0.820780643234093	0.820780643234093	1
17	78188528	78188529	101	8	1.9	4	3	0.15	1	0	0.85	unphased	0.169514756272798	1.13009837515198	0.15
17	78210786	78210787	163	17	1.9	4	3	0.15	1	0	0.85	unphased	0.218132530120482	1.45421686746988	0.15
17	78237452	78237453	90	13	1.9	4	3	0.15	1	0	0.85	unphased	0.291507778687566	0.291507778687566	1
17	80037413	80037414	85	13	1.9	4	3	0.15	1	0	0.85	unphased	0.306380624538972	0.306380624538972	1
17	80274569	80274570	107	128	1.9	4	3	0.15	1	0	0.85	unphased	1.25801589336068	0.967704533354367	1.3
17	80332525	80332526	52	8	1.9	4	3	0.15	1	0	0.85	unphased	0.307951807228916	0.307951807228916	1
17	80606281	80606282	27	4	1.9	4	3	0.15	1	0	0.85	unphased	0.298017877963467	0.298017877963467	1
18	580651	580652	7	10	2	2	0	1	NA	NA	NA	unphased	1.41743444365698	1.41743444365698	1
18	756777	756778	34	19	2	2	0	1	NA	NA	NA	unphased	0.863832689247556	0.863832689247556	1
18	2847888	2847889	2	25	2	2	0	1	NA	NA	NA	unphased	2.23114680946006	1.11557340473003	2
18	7012065	7012066	3	19	2	2	0	1	NA	NA	NA	unphased	2.08105147864184	1.04052573932092	2
18	7013867	7013868	6	5	2	2	0	1	NA	NA	NA	unphased	1.09529025191676	1.09529025191676	1
18	9254777	9254778	10	29	2	2	0	1	NA	NA	NA	unphased	1.79178251467408	0.895891257337041	2
18	14533187	14533188	37	50	2	2	0	1	NA	NA	NA	unphased	1.3848497438028	0.692424871901399	2
18	22805252	22805253	94	27	4	2	2	1	NA	NA	NA	unphased	0.983968933585582	0.983968933585582	1
18	22806186	22806187	65	45	4	2	2	1	NA	NA	NA	unphased	1.8039430449069	0.90197152245345	2
18	23724556	23724557	63	48	4	2	2	1	NA	NA	NA	unphased	1.90687072614784	0.953435363073918	2
18	28588044	28588045	35	11	3	2	1	1	NA	NA	NA	unphased	0.815348349921425	0.815348349921425	1
18	28991325	28991326	50	10	4	2	2	1	NA	NA	NA	unphased	0.734939759036145	0.734939759036145	1
18	29437746	29437747	142	40	4	2	2	1	NA	NA	NA	unphased	0.969151330597114	0.969151330597114	1
18	29867320	29867321	88	23	4	2	2	1	NA	NA	NA	unphased	0.913708889612504	0.913708889612504	1
18	29867505	29867506	83	30	4	2	2	1	NA	NA	NA	unphased	1.17070050111952	1.17070050111952	1
18	30093681	30093682	22	18	4	2	2	1	NA	NA	NA	unphased	1.98433734939759	0.992168674698795	2
18	31323338	31323339	37	11	4	2	2	1	NA	NA	NA	unphased	1.0105421686747	1.0105421686747	1
18	31324348	31324349	27	10	4	2	2	1	NA	NA	NA	unphased	1.1917942038424	1.1917942038424	1
18	31324349	31324350	26	11	4	2	2	1	NA	NA	NA	unphased	1.31097362422664	1.31097362422664	1
18	32374141	32374142	48	22	4	2	2	1	NA	NA	NA	unphased	1.38588640275387	1.38588640275387	1
18	32455223	32455224	36	23	4	2	2	1	NA	NA	NA	unphased	1.71901163977946	0.859505819889729	2
18	33724898	33724899	57	16	4	2	2	1	NA	NA	NA	unphased	0.96649612147219	0.96649612147219	1
18	39570440	39570441	14	9	3.72	2	2	0.86	1	1	0.14	unphased	1.6159455212153	1.6159455212153	1
18	40695525	40695526	20	4	3.72	2	2	0.86	1	1	0.14	unphased	0.688273092369478	0.688273092369478	1
18	42531968	42531969	27	4	3.72	2	2	0.86	1	1	0.14	unphased	0.532856587640886	0.532856587640886	1
18	43247831	43247832	115	34	3.72	2	2	0.86	1	1	0.14	unphased	0.942333629821299	0.942333629821299	1
18	48593393	48593394	75	19	3.72	2	2	0.86	1	1	0.14	unphased	0.834714175852346	0.834714175852346	1
18	50683780	50683781	124	27	3.72	2	2	0.86	1	1	0.14	unphased	0.738412191813612	0.858618827690247	0.86
18	54398815	54398816	48	38	3.76	2	2	0.88	1	1	0.12	unphased	1.84239843093303	0.979999165389912	1.88
18	56205282	56205283	48	49	3.76	2	2	0.88	1	1	0.12	unphased	2.10631225934666	1.12037886135461	1.88
18	56247684	56247685	115	90	3.76	2	2	0.88	1	1	0.12	unphased	1.83057302380253	0.97370905521411	1.88
18	56414647	56414648	102	6	3.76	2	2	0.88	1	1	0.12	unphased	0.231646586345382	0.231646586345382	1
18	57133998	57133999	161	44	3.76	2	2	0.88	1	1	0.12	unphased	0.894946811636791	0.894946811636791	1
18	59166487	59166488	17	16	4	2	2	1	NA	NA	NA	unphased	2.13800657174151	1.06900328587076	2
18	63547940	63547941	116	35	4	2	2	1	NA	NA	NA	unphased	1.02210165163967	1.02210165163967	1
18	65181829	65181830	70	12	4	2	2	1	NA	NA	NA	unphased	0.645312959153688	0.645312959153688	1
18	67781802	67781803	88	22	4	2	2	1	NA	NA	NA	unphased	0.881927710843374	0.881927710843374	1
18	67991885	67991886	68	16	3	2	1	1	NA	NA	NA	unphased	0.649454962707975	0.649454962707975	1
18	72343286	72343287	81	18	3.58	2	2	0.79	1	1	0.21	unphased	0.72538882803943	0.72538882803943	1
18	72632683	72632684	11	8	3.58	2	2	0.79	1	1	0.21	unphased	1.67984781230184	1.67984781230184	1
18	74622757	74622758	33	8	3.58	2	2	0.79	1	1	0.21	unphased	0.778466059359389	0.778466059359389	1
18	76753505	76753506	12	5	3.58	2	2	0.79	1	1	0.21	unphased	1.17342310418143	1.17342310418143	1
18	76967002	76967003	30	19	3.58	2	2	0.79	1	1	0.21	unphased	1.54700270469634	0.864247321059406	1.79
19	1257317	1257318	11	9	2	2	0	1	NA	NA	NA	unphased	1.08433734939759	1.08433734939759	1
19	1784941	1784942	4	12	2	2	0	1	NA	NA	NA	unphased	1.80722891566265	0.903614457831325	2
19	2438388	2438389	4	11	2	2	0	1	NA	NA	NA	unphased	1.76706827309237	0.883534136546185	2
19	2877547	2877548	9	40	2	2	0	1	NA	NA	NA	unphased	1.96705188099336	0.983525940496681	2
19	4157246	4157247	7	28	2	2	0	1	NA	NA	NA	unphased	1.92771084337349	0.963855421686747	2
19	4168352	4168353	7	23	2	2	0	1	NA	NA	NA	unphased	1.84738955823293	0.923694779116466	2
19	4310479	4310480	7	42	2	2	0	1	NA	NA	NA	unphased	2.06540447504303	1.03270223752151	2
19	6686769	6686770	18	86	2	2	0	1	NA	NA	NA	unphased	1.99258572752549	0.996292863762743	2
19	6702506	6702507	2	33	2	2	0	1	NA	NA	NA	unphased	2.27194492254733	1.13597246127367	2
19	6828894	6828895	11	5	2	2	0	1	NA	NA	NA	unphased	0.753012048192771	0.753012048192771	1
19	6937652	6937653	8	32	2	2	0	1	NA	NA	NA	unphased	1.92771084337349	0.963855421686747	2
19	7618765	7618766	22	13	2	2	0	1	NA	NA	NA	unphased	0.895008605851979	0.895008605851979	1
19	9046902	9046903	9	11	2	2	0	1	NA	NA	NA	unphased	1.32530120481928	1.32530120481928	1
19	9056510	9056511	9	30	2	2	0	1	NA	NA	NA	unphased	1.85356811862836	0.92678405931418	2
19	9059347	9059348	33	22	2	2	0	1	NA	NA	NA	unphased	0.963855421686747	0.963855421686747	1
19	9082950	9082951	10	44	2	2	0	1	NA	NA	NA	unphased	1.96340919232485	0.981704596162427	2
19	9090083	9090084	4	24	2	2	0	1	NA	NA	NA	unphased	2.06540447504303	1.03270223752151	2
19	9677549	9677550	47	27	2	2	0	1	NA	NA	NA	unphased	0.879192445457506	0.879192445457506	1
19	10084596	10084597	17	47	2	2	0	1	NA	NA	NA	unphased	1.76957831325301	0.884789156626506	2
19	12090646	12090647	53	23	2	2	0	1	NA	NA	NA	unphased	0.729232720355105	0.729232720355105	1
19	12981741	12981742	6	21	2	2	0	1	NA	NA	NA	unphased	1.87416331994645	0.937081659973226	2
19	13470473	13470474	3	12	2	2	0	1	NA	NA	NA	unphased	1.92771084337349	0.963855421686747	2
19	16974495	16974496	62	42	2	2	0	1	NA	NA	NA	unphased	0.973123262279889	0.973123262279889	1
19	17088284	17088285	2	20	2	2	0	1	NA	NA	NA	unphased	2.19058050383352	1.09529025191676	2
19	17750651	17750652	3	28	2	2	0	1	NA	NA	NA	unphased	2.17644772638943	1.08822386319471	2
19	19141869	19141870	68	39	2	2	0	1	NA	NA	NA	unphased	0.878279473032316	0.878279473032316	1
19	22156710	22156711	32	17	2	2	0	1	NA	NA	NA	unphased	0.835997049422179	0.835997049422179	1
19	23543792	23543793	48	22	2	2	0	1	NA	NA	NA	unphased	0.757314974182444	0.757314974182444	1
19	24010426	24010427	8	7	2	2	0	1	NA	NA	NA	unphased	1.12449799196787	1.12449799196787	1
19	30934604	30934605	58	14	2.66	2	1	0.83	1	0	0.17	unphased	0.596874163319946	0.719125497975839	0.83
19	31040069	31040070	38	8	2.66	2	1	0.83	1	0	0.17	unphased	0.533850183342064	0.64319299197839	0.83
19	34263646	34263647	12	14	2.66	2	1	0.83	1	0	0.17	unphased	1.65288229842447	0.903214370723752	1.83
19	35251389	35251390	62	25	2.66	2	1	0.83	1	0	0.17	unphased	0.882080044315192	0.882080044315192	1
19	35251390	35251391	62	25	2.66	2	1	0.83	1	0	0.17	unphased	0.882080044315192	0.882080044315192	1
19	35657215	35657216	88	28	2.66	2	1	0.83	1	0	0.17	unphased	0.740947237224761	0.892707514728628	0.83
19	35775991	35775992	15	8	2.66	2	1	0.83	1	0	0.17	unphased	1.06770036668413	1.06770036668413	1
19	35786656	35786657	72	23	2.66	2	1	0.83	1	0	0.17	unphased	0.743175649968294	0.743175649968294	1
19	35800817	35800818	69	18	2.66	2	1	0.83	1	0	0.17	unphased	0.635097631906938	0.765177869767395	0.83
19	36340148	36340149	51	7	2.66	2	1	0.83	1	0	0.17	unphased	0.370473618612381	0.370473618612381	1
19	38572623	38572624	55	27	2.66	2	1	0.83	1	0	0.17	unphased	1.01073464590068	1.01073464590068	1
19	38954468	38954469	35	53	2.66	2	1	0.83	1	0	0.17	unphased	1.8487595837897	1.0102511386829	1.83
19	38976257	38976258	30	31	2.66	2	1	0.83	1	0	0.17	unphased	1.55998024886431	0.85244822342312	1.83
19	39078457	39078458	25	7	2.66	2	1	0.83	1	0	0.17	unphased	0.67148343373494	0.67148343373494	1
19	39575897	39575898	112	29	2.66	2	1	0.83	1	0	0.17	unphased	0.631344099803469	0.760655541931891	0.83
19	39798455	39798456	15	21	2.66	2	1	0.83	1	0	0.17	unphased	1.79062248995984	0.978482234950732	1.83
19	39924261	39924262	23	25	2.66	2	1	0.83	1	0	0.17	unphased	1.59877008032128	0.873644852634582	1.83
19	41497362	41497363	125	38	3	2	1	1	NA	NA	NA	unphased	0.79488506171927	0.79488506171927	1
19	41518199	41518200	26	9	3	2	1	1	NA	NA	NA	unphased	0.876764199655766	0.876764199655766	1
19	42091798	42091799	40	30	3	2	1	1	NA	NA	NA	unphased	1.46127366609294	0.730636833046472	2
19	42133323	42133324	23	6	3	2	1	1	NA	NA	NA	unphased	0.705442459493145	0.705442459493145	1
19	42311282	42311283	95	33	3	2	1	1	NA	NA	NA	unphased	0.879047439759036	0.879047439759036	1
19	42473733	42473734	57	24	3	2	1	1	NA	NA	NA	unphased	1.01026327532352	1.01026327532352	1
19	42584511	42584512	29	12	3	2	1	1	NA	NA	NA	unphased	0.997942991478108	0.997942991478108	1
19	42793439	42793440	24	14	3	2	1	1	NA	NA	NA	unphased	1.25618262523779	1.25618262523779	1
19	43382157	43382158	136	172	3	2	1	1	NA	NA	NA	unphased	1.90408386793929	0.952041933969645	2
19	43990951	43990952	8	13	3	2	1	1	NA	NA	NA	unphased	2.11072862880092	1.05536431440046	2
19	44590659	44590660	35	29	3	2	1	1	NA	NA	NA	unphased	1.54499246987952	0.772496234939759	2
19	45448527	45448528	60	75	3	2	1	1	NA	NA	NA	unphased	1.89424364123159	0.947121820615797	2
19	45476403	45476404	30	51	3	2	1	1	NA	NA	NA	unphased	2.14680946006247	1.07340473003124	2
19	45655239	45655240	34	7	3	2	1	1	NA	NA	NA	unphased	0.582133411695563	0.582133411695563	1
19	46280644	46280645	18	17	3	2	1	1	NA	NA	NA	unphased	1.65611015490534	0.828055077452668	2
19	47127073	47127074	30	8	3	2	1	1	NA	NA	NA	unphased	0.717818642993025	0.717818642993025	1
19	48523033	48523034	56	13	3	2	1	1	NA	NA	NA	unphased	0.642395669635062	0.642395669635062	1
19	49391428	49391429	49	26	3	2	1	1	NA	NA	NA	unphased	1.18200803212851	1.18200803212851	1
19	49526177	49526178	18	23	3	2	1	1	NA	NA	NA	unphased	1.91272406699971	0.956362033499853	2
19	49526178	49526179	18	23	3	2	1	1	NA	NA	NA	unphased	1.91272406699971	0.956362033499853	2
19	49540074	49540075	13	10	3	2	1	1	NA	NA	NA	unphased	1.48245154531168	1.48245154531168	1
19	50550059	50550060	41	18	2.78	2	1	0.89	1	0	0.11	unphased	0.973110067388197	0.973110067388197	1
19	50951569	50951570	65	21	2.78	2	1	0.89	1	0	0.11	unphased	0.778865228355282	0.778865228355282	1
19	51136053	51136054	17	21	2.78	2	1	0.89	1	0	0.11	unphased	1.76269499048827	0.932642852110195	1.89
19	51470520	51470521	18	23	2.78	2	1	0.89	1	0	0.11	unphased	1.78930943285336	0.946724567647283	1.89
19	51856394	51856395	74	32	2.78	2	1	0.89	1	0	0.11	unphased	0.962909752216413	0.962909752216413	1
19	52658935	52658936	53	73	2.78	2	1	0.89	1	0	0.11	unphased	1.84796519410977	0.977759361962843	1.89
19	52941844	52941845	5	6	2.78	2	1	0.89	1	0	0.11	unphased	1.73980284775465	1.73980284775465	1
19	53391458	53391459	81	16	2.76	2	1	0.88	1	0	0.12	unphased	0.522826978015153	0.522826978015153	1
19	53770710	53770711	12	21	2.76	2	1	0.88	1	0	0.12	unphased	2.01704271631982	1.07289506187225	1.88
19	53856659	53856660	27	8	2.76	2	1	0.88	1	0	0.12	unphased	0.724488812392427	0.724488812392427	1
19	53911831	53911832	120	41	2.76	2	1	0.88	1	0	0.12	unphased	0.80717503554591	0.80717503554591	1
19	54754562	54754563	9	7	2.76	2	1	0.88	1	0	0.12	unphased	1.38671686746988	1.38671686746988	1
19	54760525	54760526	53	74	2.76	2	1	0.88	1	0	0.12	unphased	1.84687600796888	0.982380855302597	1.88
19	54782198	54782199	95	26	2.76	2	1	0.88	1	0	0.12	unphased	0.681079358757343	0.773953816769708	0.88
19	54802085	54802086	77	25	2.76	2	1	0.88	1	0	0.12	unphased	0.776872194660997	0.776872194660997	1
19	54803140	54803141	49	25	2.76	2	1	0.88	1	0	0.12	unphased	1.07082383588408	1.07082383588408	1
19	54818587	54818588	11	7	2.76	2	1	0.88	1	0	0.12	unphased	1.23263721552878	1.23263721552878	1
19	54822757	54822758	34	44	2.76	2	1	0.88	1	0	0.12	unphased	1.78800123571208	0.951064487080893	1.88
19	55014133	55014134	29	40	2.76	2	1	0.88	1	0	0.12	unphased	1.83747162563297	0.977378524272855	1.88
19	55044259	55044260	46	15	2.76	2	1	0.88	1	0	0.12	unphased	0.779419316610705	0.779419316610705	1
19	55143546	55143547	83	32	2.76	2	1	0.88	1	0	0.12	unphased	0.881986380303824	0.881986380303824	1
19	55329800	55329801	6	22	2.76	2	1	0.88	1	0	0.12	unphased	2.49043029259897	1.32469696414839	1.88
19	55350960	55350961	29	9	2.76	2	1	0.88	1	0	0.12	unphased	0.750703868103995	0.750703868103995	1
19	55401160	55401161	88	77	2.76	2	1	0.88	1	0	0.12	unphased	1.47916465863454	0.786789712039648	1.88
19	55417562	55417563	41	11	2.76	2	1	0.88	1	0	0.12	unphased	0.67050046339203	0.67050046339203	1
19	55451493	55451494	42	41	2.76	2	1	0.88	1	0	0.12	unphased	1.5657250689505	0.832832483484309	1.88
19	55816205	55816206	2	9	2.76	2	1	0.88	1	0	0.12	unphased	2.59334063526835	1.37943650812146	1.88
19	56047542	56047543	20	3	2.76	2	1	0.88	1	0	0.12	unphased	0.413431115767417	0.469808086099338	0.88
19	56423524	56423525	39	62	2.76	2	1	0.88	1	0	0.12	unphased	1.94571871644996	1.03495676406913	1.88
19	56473519	56473520	41	61	2.76	2	1	0.88	1	0	0.12	unphased	1.89556815497283	1.00828093349619	1.88
19	56538693	56538694	13	23	2.76	2	1	0.88	1	0	0.12	unphased	2.025046854083	1.07715258195904	1.88
19	56561833	56561834	22	10	2.76	2	1	0.88	1	0	0.12	unphased	0.990512048192771	0.990512048192771	1
19	56953356	56953357	39	48	2.76	2	1	0.88	1	0	0.12	unphased	1.74876609887827	0.930194733445889	1.88
19	57176325	57176326	8	16	2.76	2	1	0.88	1	0	0.12	unphased	2.11309236947791	1.12398530291378	1.88
19	57286767	57286768	89	29	2.76	2	1	0.88	1	0	0.12	unphased	0.778978966714315	0.778978966714315	1
19	57335017	57335018	33	36	2.76	2	1	0.88	1	0	0.12	unphased	1.65372446306967	0.879640671845569	1.88
19	57862924	57862925	9	7	2.76	2	1	0.88	1	0	0.12	unphased	1.38671686746988	1.38671686746988	1
19	58455328	58455329	37	42	2.76	2	1	0.88	1	0	0.12	unphased	1.68512429464694	0.896342709918586	1.88
19	58864215	58864216	36	18	2.76	2	1	0.88	1	0	0.12	unphased	1.05654618473896	1.05654618473896	1
2	1457594	1457595	9	9	2	1	1	0.12	1	1	0.88	unphased	1.20481927710843	1.20481927710843	1
2	1500383	1500384	12	17	2	1	1	0.12	1	1	0.88	unphased	1.41254673867885	1.41254673867885	1
2	1915833	1915834	5	12	2	1	1	0.12	1	1	0.88	unphased	1.70092133238838	1.70092133238838	1
2	1915838	1915839	16	4	2	1	1	0.12	1	1	0.88	unphased	0.481927710843374	0.547645125958379	0.88
2	7033834	7033835	28	17	2	1	1	1	NA	NA	NA	unphased	0.910307898259705	0.910307898259705	1
2	14774234	14774235	12	7	2	1	1	1	NA	NA	NA	unphased	0.887761572606214	0.887761572606214	1
2	17699541	17699542	178	19	5.8	5	1	0.96	0	1	0.04	unphased	0.598899149899089	0.598899149899089	1
2	17773479	17773480	222	41	5.8	5	1	0.96	0	1	0.04	unphased	0.968042512254341	0.968042512254341	1
2	21225462	21225463	199	31	5.65	5	1	0.93	0	1	0.07	unphased	0.8167338920901	0.8167338920901	1
2	21228559	21228560	153	28	5.65	5	1	0.93	0	1	0.07	unphased	0.937402649271118	0.937402649271118	1
2	21231401	21231402	60	129	5.65	5	1	0.93	0	1	0.07	unphased	4.1359437751004	1.05240299620875	3.93
2	21247911	21247912	138	28	5.65	5	1	0.93	0	1	0.07	unphased	1.02210770794019	1.02210770794019	1
2	25469573	25469574	211	23	6	5	1	1	NA	NA	NA	unphased	0.630007208320461	0.630007208320461	1
2	27505598	27505599	205	22	8	7	1	1	0	1	0	unphased	0.815031049307362	0.815031049307362	1
2	27535590	27535591	77	12	8	7	1	1	0	1	0	unphased	1.13388385000677	1.13388385000677	1
2	27600891	27600892	54	269	8	7	1	1	0	1	0	unphased	7.00369278973479	1.00052754139068	7
2	27682360	27682361	109	17	8	7	1	1	0	1	0	unphased	1.13463377318799	1.13463377318799	1
2	29135491	29135492	57	138	8	7	1	1	0	1	0	unphased	5.95143651529194	0.99190608588199	6
2	29293618	29293619	92	7	8	7	1	1	0	1	0	unphased	0.59462090787392	0.59462090787392	1
2	29295750	29295751	26	141	8	7	1	1	0	1	0	unphased	7.10035350984777	1.01433621569254	7
2	31467208	31467209	82	5	8	7	1	1	0	1	0	unphased	0.483312560587176	0.483312560587176	1
2	32958930	32958931	215	29	8	7	1	1	0	1	0	unphased	0.999506221607742	0.999506221607742	1
2	37292896	37292897	120	19	8	7	1	1	0	1	0	unphased	1.14951893906562	1.14951893906562	1
2	44436458	44436459	51	19	3	2	1	1	NA	NA	NA	unphased	0.925473321858864	0.925473321858864	1
2	44503039	44503040	37	13	3	2	1	1	NA	NA	NA	unphased	0.886506024096386	0.886506024096386	1
2	45704153	45704154	40	14	3	2	1	1	NA	NA	NA	unphased	0.883980365908077	0.883980365908077	1
2	54128640	54128641	147	38	3	2	1	1	NA	NA	NA	unphased	0.700358189514816	0.700358189514816	1
2	61753539	61753540	10	7	3	2	1	1	NA	NA	NA	unphased	1.40396881644224	1.40396881644224	1
2	62099299	62099300	112	29	3	2	1	1	NA	NA	NA	unphased	0.701273177817654	0.701273177817654	1
2	63053375	63053376	84	37	3	2	1	1	NA	NA	NA	unphased	1.04261674798367	1.04261674798367	1
2	66664947	66664948	13	4	3	2	1	1	NA	NA	NA	unphased	0.802267895109851	0.802267895109851	1
2	66666988	66666989	24	16	3	2	1	1	NA	NA	NA	unphased	1.36385542168675	1.36385542168675	1
2	68873053	68873054	74	23	3	2	1	1	NA	NA	NA	unphased	0.808470997391628	0.808470997391628	1
2	71892360	71892361	57	20	3	2	1	1	NA	NA	NA	unphased	0.885620403692693	0.885620403692693	1
2	72802620	72802621	23	14	3	2	1	1	NA	NA	NA	unphased	1.29013350700098	1.29013350700098	1
2	73677390	73677391	75	27	3	2	1	1	NA	NA	NA	unphased	0.902551381998583	0.902551381998583	1
2	74273447	74273448	24	26	3	2	1	1	NA	NA	NA	unphased	1.77301204819277	0.886506024096386	2
2	77746349	77746350	34	13	3	2	1	1	NA	NA	NA	unphased	0.943091514996155	0.943091514996155	1
2	79365159	79365160	14	13	3	2	1	1	NA	NA	NA	unphased	1.64167782240071	0.820838911200357	2
2	80101244	80101245	35	11	3	2	1	1	NA	NA	NA	unphased	0.815348349921425	0.815348349921425	1
2	80530450	80530451	27	12	3	2	1	1	NA	NA	NA	unphased	1.04911955514365	1.04911955514365	1
2	80530544	80530545	56	21	3	2	1	1	NA	NA	NA	unphased	0.929901423877327	0.929901423877327	1
2	84517870	84517871	9	4	3	2	1	1	NA	NA	NA	unphased	1.04911955514365	1.04911955514365	1
2	86067488	86067489	39	16	3	2	1	1	NA	NA	NA	unphased	0.991894852135816	0.991894852135816	1
2	86968138	86968139	69	12	3	2	1	1	NA	NA	NA	unphased	0.505131637661758	0.505131637661758	1
2	88082286	88082287	37	10	3	2	1	1	NA	NA	NA	unphased	0.725455011535504	0.725455011535504	1
2	88407898	88407899	29	26	3	2	1	1	NA	NA	NA	unphased	1.6118291347207	0.805914567360351	2
2	89309633	89309634	149	39	3	2	1	1	NA	NA	NA	unphased	0.707318636247116	0.707318636247116	1
2	89339727	89339728	308	36	3	2	1	1	NA	NA	NA	unphased	0.356822639394788	0.356822639394788	1
2	89339864	89339865	147	44	3	2	1	1	NA	NA	NA	unphased	0.785466473222734	0.785466473222734	1
2	89399796	89399797	66	23	3	2	1	1	NA	NA	NA	unphased	0.881142547718966	0.881142547718966	1
2	89986886	89986887	16	5	3	2	1	1	NA	NA	NA	unphased	0.811818703384969	0.811818703384969	1
2	90139134	90139135	230	20	3	2	1	1	NA	NA	NA	unphased	0.272771084337349	0.272771084337349	1
2	90249172	90249173	193	11	3	2	1	1	NA	NA	NA	unphased	0.183853059296008	0.183853059296008	1
2	91843516	91843517	63	6	4	2	2	1	NA	NA	NA	unphased	0.383446830801467	0.383446830801467	1
2	97271171	97271172	61	23	4	2	2	1	NA	NA	NA	unphased	1.20740103270224	1.20740103270224	1
2	99909014	99909015	53	21	3	2	1	1	NA	NA	NA	unphased	0.967600130250733	0.967600130250733	1
2	100623685	100623686	58	15	3	2	1	1	NA	NA	NA	unphased	0.700610661825384	0.700610661825384	1
2	102965564	102965565	74	27	3	2	1	1	NA	NA	NA	unphased	0.911487534295598	0.911487534295598	1
2	105472205	105472206	11	6	3	2	1	1	NA	NA	NA	unphased	1.20340184266478	1.20340184266478	1
2	105889414	105889415	36	13	3	2	1	1	NA	NA	NA	unphased	0.904597983771822	0.904597983771822	1
2	105896991	105896992	52	14	3	2	1	1	NA	NA	NA	unphased	0.723256663015699	0.723256663015699	1
2	107459971	107459972	109	51	3	2	1	1	NA	NA	NA	unphased	1.08682228915663	1.08682228915663	1
2	107459972	107459973	109	51	3	2	1	1	NA	NA	NA	unphased	1.08682228915663	1.08682228915663	1
2	108476252	108476253	143	43	3	2	1	1	NA	NA	NA	unphased	0.788249773286695	0.788249773286695	1
2	108998284	108998285	45	23	3	2	1	1	NA	NA	NA	unphased	1.15326009922041	1.15326009922041	1
2	109398837	109398838	120	25	3	2	1	1	NA	NA	NA	unphased	0.587868716244288	0.587868716244288	1
2	109398838	109398839	121	25	3	2	1	1	NA	NA	NA	unphased	0.58384221818782	0.58384221818782	1
2	113308537	113308538	65	10	3	2	1	1	NA	NA	NA	unphased	0.454618473895582	0.454618473895582	1
2	113308548	113308549	75	8	3	2	1	1	NA	NA	NA	unphased	0.328639860647409	0.328639860647409	1
2	113588948	113588949	39	15	3	2	1	1	NA	NA	NA	unphased	0.947121820615797	0.947121820615797	1
2	120194721	120194722	58	15	3	2	1	1	NA	NA	NA	unphased	0.700610661825384	0.700610661825384	1
2	121728010	121728011	25	24	3	2	1	1	NA	NA	NA	unphased	1.67002704696336	0.835013523481682	2
2	125405485	125405486	10	3	3	2	1	1	NA	NA	NA	unphased	0.786839666357739	0.786839666357739	1
2	128186196	128186197	60	67	3	2	1	1	NA	NA	NA	unphased	1.79878569395693	0.899392846978465	2
2	128342366	128342367	58	15	3	2	1	1	NA	NA	NA	unphased	0.700610661825384	0.700610661825384	1
2	128384884	128384885	17	3	3	2	1	1	NA	NA	NA	unphased	0.51144578313253	0.51144578313253	1
2	128388368	128388369	20	5	3	2	1	1	NA	NA	NA	unphased	0.681927710843374	0.681927710843374	1
2	130897803	130897804	30	25	2.72	2	1	0.86	1	0	0.14	unphased	1.42256297918949	0.764818806015852	1.86
2	131487480	131487481	66	22	2.72	2	1	0.86	1	0	0.14	unphased	0.782409638554217	0.782409638554217	1
2	131521005	131521006	33	12	2.72	2	1	0.86	1	0	0.14	unphased	0.834570281124498	0.834570281124498	1
2	131521328	131521329	12	8	2.72	2	1	0.86	1	0	0.14	unphased	1.25185542168675	1.25185542168675	1
2	131521335	131521336	15	12	2.72	2	1	0.86	1	0	0.14	unphased	1.39095046854083	1.39095046854083	1
2	131829450	131829451	22	22	2.72	2	1	0.86	1	0	0.14	unphased	1.56481927710843	0.841300686617438	1.86
2	131897823	131897824	9	7	2.72	2	1	0.86	1	0	0.14	unphased	1.36921686746988	1.36921686746988	1
2	132021659	132021660	89	19	2.72	2	1	0.86	1	0	0.14	unphased	0.550584560464079	0.550584560464079	1
2	133403721	133403722	24	7	3	2	1	1	NA	NA	NA	unphased	0.76991838321026	0.76991838321026	1
2	136393496	136393497	79	30	3	2	1	1	NA	NA	NA	unphased	0.938432629600973	0.938432629600973	1
2	136566472	136566473	53	19	3	2	1	1	NA	NA	NA	unphased	0.899765729585007	0.899765729585007	1
2	136575453	136575454	60	23	3	2	1	1	NA	NA	NA	unphased	0.944839599361301	0.944839599361301	1
2	136594419	136594420	13	35	3	2	1	1	NA	NA	NA	unphased	2.48619477911647	1.24309738955823	2
2	141113986	141113987	44	14	3	2	1	1	NA	NA	NA	unphased	0.823016202742003	0.823016202742003	1
2	141214171	141214172	46	23	3	2	1	1	NA	NA	NA	unphased	1.13654618473896	1.13654618473896	1
2	141819672	141819673	68	25	3	2	1	1	NA	NA	NA	unphased	0.916569503821739	0.916569503821739	1
2	152490459	152490460	94	28	3	2	1	1	NA	NA	NA	unphased	0.782539996049773	0.782539996049773	1
2	152553210	152553211	21	7	3	2	1	1	NA	NA	NA	unphased	0.852409638554217	0.852409638554217	1
2	157185912	157185913	12	4	3	2	1	1	NA	NA	NA	unphased	0.852409638554217	0.852409638554217	1
2	158177916	158177917	85	34	3	2	1	1	NA	NA	NA	unphased	0.974182444061962	0.974182444061962	1
2	158182065	158182066	34	48	3	2	1	1	NA	NA	NA	unphased	1.99588598295622	0.997942991478108	2
2	159170377	159170378	29	15	3	2	1	1	NA	NA	NA	unphased	1.16237677984666	1.16237677984666	1
2	159481926	159481927	21	17	3	2	1	1	NA	NA	NA	unphased	1.52536461636018	0.762682308180089	2
2	160335085	160335086	59	60	3	2	1	1	NA	NA	NA	unphased	1.71914548952111	0.859572744760555	2
2	160994584	160994585	125	61	3	2	1	1	NA	NA	NA	unphased	1.11821479466252	1.11821479466252	1
2	162813563	162813564	4	12	3	2	1	1	NA	NA	NA	unphased	2.55722891566265	1.27861445783133	2
2	165542456	165542457	34	16	3	2	1	1	NA	NA	NA	unphased	1.0910843373494	1.0910843373494	1
2	166026974	166026975	40	24	3	2	1	1	NA	NA	NA	unphased	1.27861445783133	1.27861445783133	1
2	166032698	166032699	75	37	3	2	1	1	NA	NA	NA	unphased	1.12639845094664	1.12639845094664	1
2	166183468	166183469	67	36	3	2	1	1	NA	NA	NA	unphased	1.1917183296292	1.1917183296292	1
2	166221769	166221770	55	16	3	2	1	1	NA	NA	NA	unphased	0.768369251654505	0.768369251654505	1
2	166626777	166626778	29	45	3	2	1	1	NA	NA	NA	unphased	2.07342885053728	1.03671442526864	2
2	166847996	166847997	84	31	3	2	1	1	NA	NA	NA	unphased	0.919119958093243	0.919119958093243	1
2	166868765	166868766	22	14	3	2	1	1	NA	NA	NA	unphased	1.32597054886212	1.32597054886212	1
2	166892829	166892830	35	14	3	2	1	1	NA	NA	NA	unphased	0.974182444061962	0.974182444061962	1
2	168101089	168101090	25	9	3	2	1	1	NA	NA	NA	unphased	0.902551381998583	0.902551381998583	1
2	168104386	168104387	41	24	3	2	1	1	NA	NA	NA	unphased	1.25894346617238	1.25894346617238	1
2	170042415	170042416	52	15	3	2	1	1	NA	NA	NA	unphased	0.763351915123179	0.763351915123179	1
2	170062634	170062635	48	26	3	2	1	1	NA	NA	NA	unphased	1.19798111364376	1.19798111364376	1
2	170129454	170129455	208	59	3	2	1	1	NA	NA	NA	unphased	0.753440729208971	0.753440729208971	1
2	170462569	170462570	61	16	3	2	1	1	NA	NA	NA	unphased	0.708496322954154	0.708496322954154	1
2	170493149	170493150	6	18	3	2	1	1	NA	NA	NA	unphased	2.55722891566265	1.27861445783133	2
2	174230213	174230214	30	25	3	2	1	1	NA	NA	NA	unphased	1.54983570646221	0.774917853231106	2
2	179528620	179528621	112	28	3	2	1	1	NA	NA	NA	unphased	0.681927710843374	0.681927710843374	1
2	179546435	179546436	61	17	3	2	1	1	NA	NA	NA	unphased	0.743126351560087	0.743126351560087	1
2	179578828	179578829	21	5	3	2	1	1	NA	NA	NA	unphased	0.655699721964782	0.655699721964782	1
2	179579948	179579949	57	20	3	2	1	1	NA	NA	NA	unphased	0.885620403692693	0.885620403692693	1
2	179584079	179584080	77	38	3	2	1	1	NA	NA	NA	unphased	1.12666317443688	1.12666317443688	1
2	179584401	179584402	79	26	3	2	1	1	NA	NA	NA	unphased	0.844291451520367	0.844291451520367	1
2	179584954	179584955	27	8	3	2	1	1	NA	NA	NA	unphased	0.77934595524957	0.77934595524957	1
2	179605148	179605149	25	12	3	2	1	1	NA	NA	NA	unphased	1.10582872028655	1.10582872028655	1
2	179611761	179611762	64	36	3	2	1	1	NA	NA	NA	unphased	1.22746987951807	1.22746987951807	1
2	179616721	179616722	164	48	3	2	1	1	NA	NA	NA	unphased	0.771993634917027	0.771993634917027	1
2	183070740	183070741	37	12	3	2	1	1	NA	NA	NA	unphased	0.835013523481682	0.835013523481682	1
2	185800923	185800924	59	18	3	2	1	1	NA	NA	NA	unphased	0.797058363323424	0.797058363323424	1
2	185801032	185801033	31	15	3	2	1	1	NA	NA	NA	unphased	1.11183865898376	1.11183865898376	1
2	185801033	185801034	29	14	3	2	1	1	NA	NA	NA	unphased	1.11011487811712	1.11011487811712	1
2	186672664	186672665	24	20	3	2	1	1	NA	NA	NA	unphased	1.54983570646221	0.774917853231106	2
2	187495541	187495542	134	51	3	2	1	1	NA	NA	NA	unphased	0.939954412243569	0.939954412243569	1
2	187618727	187618728	84	38	3	2	1	1	NA	NA	NA	unphased	1.06201856606755	1.06201856606755	1
2	189929737	189929738	20	8	3	2	1	1	NA	NA	NA	unphased	0.974182444061962	0.974182444061962	1
2	190656598	190656599	35	7	3	2	1	1	NA	NA	NA	unphased	0.568273092369478	0.568273092369478	1
2	191301923	191301924	24	11	3	2	1	1	NA	NA	NA	unphased	1.07160068846816	1.07160068846816	1
2	202002345	202002346	7	4	3	2	1	1	NA	NA	NA	unphased	1.23986856516977	1.23986856516977	1
2	202195242	202195243	12	21	3	2	1	1	NA	NA	NA	unphased	2.1697699890471	1.08488499452355	2
2	206166216	206166217	49	52	3	2	1	1	NA	NA	NA	unphased	1.75545747345819	0.877728736729095	2
2	207041848	207041849	142	46	3	2	1	1	NA	NA	NA	unphased	0.834273263265829	0.834273263265829	1
2	207459462	207459463	60	23	3	2	1	1	NA	NA	NA	unphased	0.944839599361301	0.944839599361301	1
2	207564914	207564915	23	26	3	2	1	1	NA	NA	NA	unphased	1.80919596754364	0.904597983771822	2
2	209165711	209165712	61	8	3	2	1	1	NA	NA	NA	unphased	0.395320412083115	0.395320412083115	1
2	211454871	211454872	146	52	3	2	1	1	NA	NA	NA	unphased	0.89546063040039	0.89546063040039	1
2	212488697	212488698	43	18	3	2	1	1	NA	NA	NA	unphased	1.00612285206399	1.00612285206399	1
2	215862491	215862492	62	24	3	2	1	1	NA	NA	NA	unphased	0.951527038386103	0.951527038386103	1
2	216248758	216248759	50	12	3	2	1	1	NA	NA	NA	unphased	0.659930042751652	0.659930042751652	1
2	217543704	217543705	41	17	3	2	1	1	NA	NA	NA	unphased	0.999376817615289	0.999376817615289	1
2	218713232	218713233	9	16	3	2	1	1	NA	NA	NA	unphased	2.1821686746988	1.0910843373494	2
2	219000488	219000489	69	25	3	2	1	1	NA	NA	NA	unphased	0.90681876441938	0.90681876441938	1
2	219247096	219247097	15	11	3	2	1	1	NA	NA	NA	unphased	1.44253938832252	1.44253938832252	1
2	219248999	219249000	78	25	3	2	1	1	NA	NA	NA	unphased	0.827582173353609	0.827582173353609	1
2	219538627	219538628	36	12	3	2	1	1	NA	NA	NA	unphased	0.852409638554217	0.852409638554217	1
2	219757805	219757806	22	5	3	2	1	1	NA	NA	NA	unphased	0.631414547077198	0.631414547077198	1
2	219875571	219875572	16	3	3	2	1	1	NA	NA	NA	unphased	0.538363982244769	0.538363982244769	1
2	220405175	220405176	13	24	3	2	1	1	NA	NA	NA	unphased	2.2116574405731	1.10582872028655	2
2	220439844	220439845	11	14	3	2	1	1	NA	NA	NA	unphased	1.90939759036145	0.954698795180723	2
2	220494378	220494379	6	7	3	2	1	1	NA	NA	NA	unphased	1.83595922150139	1.83595922150139	1
2	220499312	220499313	37	3	3	2	1	1	NA	NA	NA	unphased	0.255722891566265	0.255722891566265	1
2	222307685	222307686	38	24	3	2	1	1	NA	NA	NA	unphased	1.3198600855033	1.3198600855033	1
2	224862986	224862987	71	13	3	2	1	1	NA	NA	NA	unphased	0.52768215720023	0.52768215720023	1
2	230231587	230231588	48	9	3	2	1	1	NA	NA	NA	unphased	0.538363982244769	0.538363982244769	1
2	230231588	230231589	46	10	3	2	1	1	NA	NA	NA	unphased	0.608864027538726	0.608864027538726	1
2	231110635	231110636	26	22	3	2	1	1	NA	NA	NA	unphased	1.56275100401606	0.781375502008032	2
2	231624799	231624800	30	41	3	2	1	1	NA	NA	NA	unphased	1.96894620736467	0.984473103682335	2
2	234590889	234590890	105	37	3	2	1	1	NA	NA	NA	unphased	0.888426947225522	0.888426947225522	1
2	234602231	234602232	129	54	3	2	1	1	NA	NA	NA	unphased	1.00612285206399	1.00612285206399	1
2	234668950	234668951	26	10	3	2	1	1	NA	NA	NA	unphased	0.947121820615797	0.947121820615797	1
2	237032574	237032575	22	16	3	2	1	1	NA	NA	NA	unphased	1.43563728598605	1.43563728598605	1
2	238277489	238277490	46	20	3	2	1	1	NA	NA	NA	unphased	1.03322380430814	1.03322380430814	1
2	238283645	238283646	24	14	3	2	1	1	NA	NA	NA	unphased	1.25618262523779	1.25618262523779	1
2	238285556	238285557	92	40	3	2	1	1	NA	NA	NA	unphased	1.03322380430814	1.03322380430814	1
2	239234554	239234555	26	32	3	2	1	1	NA	NA	NA	unphased	1.88117989198172	0.94058994599086	2
2	240921554	240921555	31	8	3	2	1	1	NA	NA	NA	unphased	0.699413036762434	0.699413036762434	1
2	241622132	241622133	18	4	3	2	1	1	NA	NA	NA	unphased	0.619934282584885	0.619934282584885	1
2	241682369	241682370	6	4	3	2	1	1	NA	NA	NA	unphased	1.36385542168675	1.36385542168675	1
2	241826529	241826530	55	12	3	2	1	1	NA	NA	NA	unphased	0.610681532098543	0.610681532098543	1
20	3240631	3240632	43	11	3	2	1	1	NA	NA	NA	unphased	0.694556001784917	0.694556001784917	1
20	3778395	3778396	80	29	3	2	1	1	NA	NA	NA	unphased	0.907151541947607	0.907151541947607	1
20	4764823	4764824	9	6	3	2	1	1	NA	NA	NA	unphased	1.36385542168675	1.36385542168675	1
20	4764862	4764863	26	11	3	2	1	1	NA	NA	NA	unphased	1.01367632692934	1.01367632692934	1
20	5294712	5294713	45	27	3	2	1	1	NA	NA	NA	unphased	1.27861445783133	1.27861445783133	1
20	5903605	5903606	11	3	3	2	1	1	NA	NA	NA	unphased	0.730636833046472	0.730636833046472	1
20	5903606	5903607	11	3	3	2	1	1	NA	NA	NA	unphased	0.730636833046472	0.730636833046472	1
20	6100113	6100114	37	15	3	2	1	1	NA	NA	NA	unphased	0.983549582947173	0.983549582947173	1
20	9364956	9364957	60	26	3	2	1	1	NA	NA	NA	unphased	1.03082095825161	1.03082095825161	1
20	9510434	9510435	50	13	3	2	1	1	NA	NA	NA	unphased	0.703576209600306	0.703576209600306	1
20	9561439	9561440	115	26	3	2	1	1	NA	NA	NA	unphased	0.628727676664103	0.628727676664103	1
20	10603456	10603457	29	33	3	2	1	1	NA	NA	NA	unphased	1.81480761756704	0.907403808783521	2
20	11904127	11904128	37	11	3	2	1	1	NA	NA	NA	unphased	0.781375502008032	0.781375502008032	1
20	18295823	18295824	140	32	1.32	4	1	0.08	0	1	0.92	unphased	0.321793219389185	0.321793219389185	1
20	20258022	20258023	70	25	3	2	1	1	NA	NA	NA	unphased	0.897273303741281	0.897273303741281	1
20	21494250	21494251	75	21	3	2	1	1	NA	NA	NA	unphased	0.74585843373494	0.74585843373494	1
20	21689208	21689209	87	33	3	2	1	1	NA	NA	NA	unphased	0.937650602409639	0.937650602409639	1
20	23017255	23017256	64	22	2.58	2	1	0.79	1	0	0.21	unphased	0.764791258055478	0.764791258055478	1
20	23856844	23856845	25	36	2.68	2	1	0.84	1	0	0.16	unphased	1.82339324511159	0.990974589734562	1.84
20	24524089	24524090	61	29	2.68	2	1	0.84	1	0	0.16	unphased	0.995550200803213	0.995550200803213	1
20	25472134	25472135	42	24	2.98	3	1	0.66	1	0	0.34	unphased	1.23259583789704	1.23259583789704	1
20	26084153	26084154	23	6	2.98	3	1	0.66	1	0	0.34	unphased	0.701304528458662	0.701304528458662	1
20	31606480	31606481	54	43	2	1	1	1	NA	NA	NA	unphased	1.06819028692088	1.06819028692088	1
20	33297209	33297210	31	5	2.89	2	1	0.89	1	1	0.11	unphased	0.45828313253012	0.514924868011371	0.89
20	33442347	33442348	24	4	2.89	2	1	0.89	1	1	0.11	unphased	0.471376936316695	0.471376936316695	1
20	33874922	33874923	8	6	2.89	2	1	0.89	1	1	0.11	unphased	1.41413080895009	1.41413080895009	1
20	33875319	33875320	31	3	2.89	2	1	0.89	1	1	0.11	unphased	0.291144578313253	0.291144578313253	1
20	33891699	33891700	62	6	2.89	2	1	0.89	1	1	0.11	unphased	0.291144578313253	0.291144578313253	1
20	34487347	34487348	19	39	2.89	2	1	0.89	1	1	0.11	unphased	2.21872247611134	1.17392723603775	1.89
20	35075310	35075311	24	4	2.89	2	1	0.89	1	1	0.11	unphased	0.471376936316695	0.471376936316695	1
20	35293456	35293457	37	75	2.89	2	1	0.89	1	1	0.11	unphased	2.20957938898451	1.16908962380133	1.89
20	35731113	35731114	162	68	2.89	2	1	0.89	1	1	0.11	unphased	0.975545311681509	0.975545311681509	1
20	35827525	35827526	27	58	2.89	2	1	0.89	1	1	0.11	unphased	2.25151807228916	1.1912794033276	1.89
20	36869142	36869143	15	28	2.89	2	1	0.89	1	1	0.11	unphased	2.1486018492575	1.13682637526852	1.89
20	37356748	37356749	13	7	1.08	1	1	0.08	0	1	0.92	unphased	0.521373493975904	0.521373493975904	1
20	42965887	42965888	48	7	3.36	3	1	0.68	1	1	0.32	unphased	0.479772179627601	0.705547322981766	0.68
20	43139945	43139946	38	9	3.36	3	1	0.68	1	1	0.32	unphased	0.721845680594719	0.721845680594719	1
20	43836174	43836175	55	56	2.34	2	1	0.34	1	1	0.66	unphased	1.38720503636166	1.03522763907587	1.34
20	44404081	44404082	172	65	2.34	2	1	0.34	1	1	0.66	unphased	0.754120278582685	0.754120278582685	1
20	44505371	44505372	63	21	2.34	2	1	0.34	1	1	0.66	unphased	0.687409638554217	0.687409638554217	1
20	44670145	44670146	50	45	2.34	2	1	0.34	1	1	0.66	unphased	1.30246036778694	0.971985349094729	1.34
20	44869838	44869839	40	14	2.34	2	1	0.34	1	1	0.66	unphased	0.712869254796966	0.712869254796966	1
20	46266435	46266436	125	15	2.34	2	1	0.34	1	1	0.66	unphased	0.29460413080895	0.866482737673382	0.34
20	47267489	47267490	40	20	2.34	2	1	0.34	1	1	0.66	unphased	0.916546184738956	0.916546184738956	1
20	48140702	48140703	75	20	2.34	2	1	0.34	1	1	0.66	unphased	0.578871274571972	0.578871274571972	1
20	50235291	50235292	40	10	2.34	2	1	0.34	1	1	0.66	unphased	0.549927710843373	0.549927710843373	1
20	52835701	52835702	28	4	1.9	4	2	0.18	1	0	0.82	unphased	0.288704819277108	1.6039156626506	0.18
20	55093200	55093201	33	41	3.7	2	2	0.85	1	1	0.15	unphased	2.2769619016607	1.23079021711389	1.85
20	55206884	55206885	66	23	3.7	2	2	0.85	1	1	0.15	unphased	1.06204142412346	1.06204142412346	1
20	56094303	56094304	86	19	3.54	2	2	0.77	1	1	0.23	unphased	0.714696500286862	0.714696500286862	1
20	56138639	56138640	49	18	3.54	2	2	0.77	1	1	0.23	unphased	1.06109692501349	1.06109692501349	1
20	56185310	56185311	194	27	3.54	2	2	0.77	1	1	0.23	unphased	0.482535026985771	0.482535026985771	1
20	57767331	57767332	13	3	3.54	2	2	0.77	1	1	0.23	unphased	0.740557228915663	0.740557228915663	1
20	57769696	57769697	23	4	3.54	2	2	0.77	1	1	0.23	unphased	0.585131637661758	0.585131637661758	1
20	58448980	58448981	55	42	3.54	2	2	0.77	1	1	0.23	unphased	1.71015277605266	0.966188009069302	1.77
20	60887365	60887366	19	3	5	3	2	1	NA	NA	NA	unphased	0.737677984665936	0.737677984665936	1
20	61303115	61303116	147	50	3.23	3	2	0.41	1	1	0.59	unphased	0.923766130511895	0.923766130511895	1
20	61512497	61512498	24	5	3.23	3	2	0.41	1	1	0.59	unphased	0.627523888658081	0.627523888658081	1
20	61574441	61574442	64	34	3.23	3	2	0.41	1	1	0.59	unphased	1.26273174329973	1.26273174329973	1
20	61939958	61939959	9	7	4	2	2	1	NA	NA	NA	unphased	1.92921686746988	0.96460843373494	2
20	62364586	62364587	93	14	6	4	2	1	NA	NA	NA	unphased	0.838644296813422	0.838644296813422	1
20	62714760	62714761	35	5	1.57	2	2	0.19	0	1	0.81	unphased	0.247454819277108	1.30239378566899	0.19
20	62737221	62737222	47	9	1.57	2	2	0.19	0	1	0.81	unphased	0.318156196213425	1.67450629586013	0.19
21	10862653	10862654	142	25	NA	NA	NA	NA	NA	NA	NA	unphased	NA	NA	1
21	10906892	10906893	20	5	NA	NA	NA	NA	NA	NA	NA	unphased	NA	NA	1
21	27945227	27945228	37	13	2	1	1	1	NA	NA	NA	unphased	0.626506024096386	0.626506024096386	1
21	28212275	28212276	48	29	2	1	1	1	NA	NA	NA	unphased	0.907526208731028	0.907526208731028	1
21	28214932	28214933	47	27	2	1	1	1	NA	NA	NA	unphased	0.879192445457506	0.879192445457506	1
21	28315747	28315748	20	10	2	1	1	1	NA	NA	NA	unphased	0.803212851405622	0.803212851405622	1
21	31588001	31588002	37	18	3	2	1	1	NA	NA	NA	unphased	1.11588170865279	1.11588170865279	1
21	31655007	31655008	38	16	3	2	1	1	NA	NA	NA	unphased	1.01026327532352	1.01026327532352	1
21	31797945	31797946	14	17	3	2	1	1	NA	NA	NA	unphased	1.86980178779635	0.934900893898173	2
21	31797949	31797950	21	11	3	2	1	1	NA	NA	NA	unphased	1.17206325301205	1.17206325301205	1
21	31852538	31852539	180	62	3	2	1	1	NA	NA	NA	unphased	0.873543761824156	0.873543761824156	1
21	31852539	31852540	181	61	3	2	1	1	NA	NA	NA	unphased	0.859454346310863	0.859454346310863	1
21	31986140	31986141	75	27	3	2	1	1	NA	NA	NA	unphased	0.902551381998583	0.902551381998583	1
21	32253498	32253499	16	26	3	2	1	1	NA	NA	NA	unphased	2.11072862880092	1.05536431440046	2
21	32496865	32496866	35	10	3	2	1	1	NA	NA	NA	unphased	0.757697456492637	0.757697456492637	1
21	32526610	32526611	38	10	3	2	1	1	NA	NA	NA	unphased	0.710341365461847	0.710341365461847	1
21	34056418	34056419	46	14	3	2	1	1	NA	NA	NA	unphased	0.795582329317269	0.795582329317269	1
21	34727817	34727818	46	17	3	2	1	1	NA	NA	NA	unphased	0.920061197169631	0.920061197169631	1
21	37442686	37442687	10	13	3	2	1	1	NA	NA	NA	unphased	1.92718700890519	0.963593504452593	2
21	38558006	38558007	40	13	3	2	1	1	NA	NA	NA	unphased	0.836326437826779	0.836326437826779	1
21	41385183	41385184	15	24	3	2	1	1	NA	NA	NA	unphased	2.0982391102873	1.04911955514365	2
21	41684219	41684220	14	21	3	2	1	1	NA	NA	NA	unphased	2.04578313253012	1.02289156626506	2
21	42080450	42080451	39	60	3	2	1	1	NA	NA	NA	unphased	2.06644760861628	1.03322380430814	2
21	43771058	43771059	27	13	3	2	1	1	NA	NA	NA	unphased	1.10813253012048	1.10813253012048	1
21	43800228	43800229	16	6	3	2	1	1	NA	NA	NA	unphased	0.929901423877327	0.929901423877327	1
21	44270340	44270341	29	10	3	2	1	1	NA	NA	NA	unphased	0.874266295953043	0.874266295953043	1
21	45798996	45798997	50	20	2.58	2	1	0.79	1	0	0.21	unphased	0.854182444061962	0.854182444061962	1
21	45860764	45860765	57	15	2.58	2	1	0.79	1	0	0.21	unphased	0.622841365461847	0.788406791723858	0.79
21	47423613	47423614	20	11	2.58	2	1	0.79	1	0	0.21	unphased	1.06083948698018	1.06083948698018	1
21	47570095	47570096	12	4	2.58	2	1	0.79	1	0	0.21	unphased	0.747409638554217	0.747409638554217	1
21	47648482	47648483	11	6	2.58	2	1	0.79	1	0	0.21	unphased	1.05516654854713	1.05516654854713	1
21	47737199	47737200	12	3	2.58	2	1	0.79	1	0	0.21	unphased	0.597927710843373	0.597927710843373	1
21	47953465	47953466	20	8	2.58	2	1	0.79	1	0	0.21	unphased	0.854182444061962	0.854182444061962	1
22	17443619	17443620	5	33	2.76	3	0	0.88	1	0	0.12	unphased	2.75258084971465	0.997311902070525	2.76
22	21340138	21340139	5	23	2.32	3	0	0.66	1	0	0.34	unphased	2.24220309810671	0.966466852632204	2.32
22	23165343	23165344	2	10	2.32	3	0	0.66	1	0	0.34	unphased	2.27469879518072	0.980473618612381	2.32
22	23256460	23256461	31	31	2.32	3	0	0.66	1	0	0.34	unphased	1.36481927710843	0.822180287414719	1.66
22	25771909	25771910	8	4	2.52	3	0	0.76	1	0	0.24	unphased	0.976546184738956	0.976546184738956	1
22	26861506	26861507	6	45	2.52	3	0	0.76	1	0	0.24	unphased	2.58497519489724	1.0257838074989	2.52
22	29913330	29913331	11	15	2.52	3	0	0.76	1	0	0.24	unphased	1.69017608897127	0.960327323279131	1.76
22	30738253	30738254	33	15	2.52	3	0	0.76	1	0	0.24	unphased	0.915512048192771	0.915512048192771	1
22	31946319	31946320	5	22	2.52	3	0	0.76	1	0	0.24	unphased	2.38711289602856	0.947267022233555	2.52
22	36334909	36334910	26	39	2.52	3	0	0.76	1	0	0.24	unphased	1.75778313253012	0.998740416210296	1.76
22	36537075	36537076	2	9	2.52	3	0	0.76	1	0	0.24	unphased	2.39697699890471	0.95118134877171	2.52
22	37209744	37209745	38	190	2.52	3	0	0.76	1	0	0.24	unphased	2.44136546184739	0.968795818193409	2.52
22	37261002	37261003	5	46	2.52	3	0	0.76	1	0	0.24	unphased	2.64241908811718	0.95739822033231	2.76
22	37464717	37464718	5	24	2.52	3	0	0.76	1	0	0.24	unphased	2.42452845866224	0.962114467723109	2.52
22	37485701	37485702	11	4	2.52	3	0	0.76	1	0	0.24	unphased	0.781236947791165	0.781236947791165	1
22	37499307	37499308	25	19	2.52	3	0	0.76	1	0	0.24	unphased	1.26507119386638	1.26507119386638	1
22	37769342	37769343	14	23	2.52	3	0	0.76	1	0	0.24	unphased	1.82112666883751	1.0347310618395	1.76
22	40415324	40415325	10	62	2.3	3	0	0.65	1	0	0.35	unphased	2.33329986613119	1.01447820266574	2.3
22	42607277	42607278	13	59	2.3	3	0	0.65	1	0	0.35	unphased	2.22039825970549	0.965390547698039	2.3
22	46594392	46594393	14	125	2.3	3	0	0.65	1	0	0.35	unphased	2.43672531854035	1.05944579066972	2.3
22	50277612	50277613	48	28	2.3	3	0	0.65	1	0	0.35	unphased	0.998287888395688	0.998287888395688	1
22	50279413	50279414	10	75	2.3	3	0	0.65	1	0	0.35	unphased	2.39085754783841	1.03950328166887	2.3
22	51160634	51160635	3	6	2.3	3	0	0.65	1	0	0.35	unphased	1.80642570281125	1.80642570281125	1
3	424332	424333	16	7	2	1	1	1	NA	NA	NA	unphased	0.733368255631221	0.733368255631221	1
3	440018	440019	37	20	2	1	1	1	NA	NA	NA	unphased	0.845487212005918	0.845487212005918	1
3	1371508	1371509	49	9	2	1	1	1	NA	NA	NA	unphased	0.373909430826755	0.373909430826755	1
3	1371510	1371511	49	9	2	1	1	1	NA	NA	NA	unphased	0.373909430826755	0.373909430826755	1
3	1371515	1371516	46	10	2	1	1	1	NA	NA	NA	unphased	0.430292598967298	0.430292598967298	1
3	3072622	3072623	51	26	2	1	1	1	NA	NA	NA	unphased	0.813644187138163	0.813644187138163	1
3	3085314	3085315	28	32	2	1	1	1	NA	NA	NA	unphased	1.285140562249	1.285140562249	1
3	7340472	7340473	16	14	2	1	1	1	NA	NA	NA	unphased	1.12449799196787	1.12449799196787	1
3	12195061	12195062	34	19	2	1	1	1	NA	NA	NA	unphased	0.863832689247556	0.863832689247556	1
3	12475625	12475626	18	10	2	1	1	1	NA	NA	NA	unphased	0.860585197934596	0.860585197934596	1
3	13679115	13679116	16	7	2	1	1	1	NA	NA	NA	unphased	0.733368255631221	0.733368255631221	1
3	14708433	14708434	33	24	2	1	1	1	NA	NA	NA	unphased	1.0145846544071	1.0145846544071	1
3	15070153	15070154	16	13	2	1	1	1	NA	NA	NA	unphased	1.08018280016618	1.08018280016618	1
3	16254172	16254173	36	24	2	1	1	1	NA	NA	NA	unphased	0.963855421686747	0.963855421686747	1
3	16261509	16261510	47	45	2	1	1	1	NA	NA	NA	unphased	1.17862755369303	1.17862755369303	1
3	17279812	17279813	15	11	2	1	1	1	NA	NA	NA	unphased	1.0194624652456	1.0194624652456	1
3	19559559	19559560	15	9	2	1	1	1	NA	NA	NA	unphased	0.903614457831325	0.903614457831325	1
3	20212685	20212686	29	23	2	1	1	1	NA	NA	NA	unphased	1.06580166821131	1.06580166821131	1
3	21606150	21606151	24	6	2	1	1	1	NA	NA	NA	unphased	0.481927710843374	0.481927710843374	1
3	30842390	30842391	20	8	2	1	1	1	NA	NA	NA	unphased	0.688468158347676	0.688468158347676	1
3	31641867	31641868	33	17	2	1	1	1	NA	NA	NA	unphased	0.819277108433735	0.819277108433735	1
3	33249408	33249409	22	26	2	1	1	1	NA	NA	NA	unphased	1.30522088353414	1.30522088353414	1
3	33883430	33883431	77	36	2	1	1	1	NA	NA	NA	unphased	0.767672459750506	0.767672459750506	1
3	36779007	36779008	18	19	2	1	1	1	NA	NA	NA	unphased	1.23738196027353	1.23738196027353	1
3	36873103	36873104	21	10	2	1	1	1	NA	NA	NA	unphased	0.777302759424796	0.777302759424796	1
3	38793794	38793795	21	17	2	1	1	1	NA	NA	NA	unphased	1.07799619530755	1.07799619530755	1
3	39229527	39229528	57	46	2	1	1	1	NA	NA	NA	unphased	1.07614925722307	1.07614925722307	1
3	42727307	42727308	10	9	2	1	1	1	NA	NA	NA	unphased	1.14140773620799	1.14140773620799	1
3	45436076	45436077	41	20	2	1	1	1	NA	NA	NA	unphased	0.790045427612088	0.790045427612088	1
3	46542161	46542162	18	21	2	1	1	1	NA	NA	NA	unphased	1.29749768303985	1.29749768303985	1
3	47543283	47543284	17	8	2	1	1	1	NA	NA	NA	unphased	0.771084337349398	0.771084337349398	1
3	48266818	48266819	80	44	2	1	1	1	NA	NA	NA	unphased	0.855033035367276	0.855033035367276	1
3	49135661	49135662	22	16	2	1	1	1	NA	NA	NA	unphased	1.0145846544071	1.0145846544071	1
3	49691210	49691211	50	32	2	1	1	1	NA	NA	NA	unphased	0.940346752865119	0.940346752865119	1
3	49693145	49693146	34	11	2	1	1	1	NA	NA	NA	unphased	0.589022757697456	0.589022757697456	1
3	51664400	51664401	28	11	2	1	1	1	NA	NA	NA	unphased	0.679641643497065	0.679641643497065	1
3	51751733	51751734	26	12	2	1	1	1	NA	NA	NA	unphased	0.760938490805327	0.760938490805327	1
3	52400769	52400770	23	15	2	1	1	1	NA	NA	NA	unphased	0.951173113506658	0.951173113506658	1
3	52842663	52842664	15	14	2	1	1	1	NA	NA	NA	unphased	1.16327378479435	1.16327378479435	1
3	52842731	52842732	23	13	2	1	1	1	NA	NA	NA	unphased	0.870147255689424	0.870147255689424	1
3	56468625	56468626	59	42	2	1	1	1	NA	NA	NA	unphased	1.00202791363474	1.00202791363474	1
3	56651220	56651221	30	18	2	1	1	1	NA	NA	NA	unphased	0.903614457831325	0.903614457831325	1
3	57132554	57132555	56	37	2	1	1	1	NA	NA	NA	unphased	0.958673403290582	0.958673403290582	1
3	57743438	57743439	12	12	2	1	1	1	NA	NA	NA	unphased	1.20481927710843	1.20481927710843	1
3	58111306	58111307	29	13	2	1	1	1	NA	NA	NA	unphased	0.74584050487665	0.74584050487665	1
3	65415288	65415289	47	34	2	1	1	1	NA	NA	NA	unphased	1.01145322028856	1.01145322028856	1
3	74420438	74420439	24	13	2	1	1	1	NA	NA	NA	unphased	0.846629762292413	0.846629762292413	1
3	85775663	85775664	54	75	1.22	2	1	0.11	1	0	0.89	unphased	0.947464275707481	0.947464275707481	1
3	87017959	87017960	32	14	1.22	2	1	0.11	1	0	0.89	unphased	0.495976951283395	0.495976951283395	1
3	89456518	89456519	25	10	1.22	2	1	0.11	1	0	0.89	unphased	0.465611015490534	0.465611015490534	1
3	93803025	93803026	88	29	1.22	2	1	0.11	1	0	0.89	unphased	0.40392750489136	0.40392750489136	1
3	96706624	96706625	122	51	1.22	2	1	0.11	1	0	0.89	unphased	0.480413677832718	0.480413677832718	1
3	100948253	100948254	60	28	3	2	1	1	NA	NA	NA	unphased	1.08488499452355	1.08488499452355	1
3	108366865	108366866	38	49	3	2	1	1	NA	NA	NA	unphased	1.92037113973134	0.96018556986567	2
3	111264078	111264079	46	12	3	2	1	1	NA	NA	NA	unphased	0.705442459493145	0.705442459493145	1
3	111394112	111394113	33	7	3	2	1	1	NA	NA	NA	unphased	0.596686746987952	0.596686746987952	1
3	111632350	111632351	69	18	3	2	1	1	NA	NA	NA	unphased	0.705442459493145	0.705442459493145	1
3	111769518	111769519	198	42	3	2	1	1	NA	NA	NA	unphased	0.596686746987952	0.596686746987952	1
3	111775868	111775869	59	17	3	2	1	1	NA	NA	NA	unphased	0.762682308180089	0.762682308180089	1
3	112992176	112992177	5	6	3	2	1	1	NA	NA	NA	unphased	1.85980284775465	1.85980284775465	1
3	112998108	112998109	30	10	3	2	1	1	NA	NA	NA	unphased	0.852409638554217	0.852409638554217	1
3	114014584	114014585	37	12	3	2	1	1	NA	NA	NA	unphased	0.835013523481682	0.835013523481682	1
3	114014619	114014620	21	32	3	2	1	1	NA	NA	NA	unphased	2.05864969311207	1.02932484655604	2
3	119378825	119378826	28	44	3	2	1	1	NA	NA	NA	unphased	2.08366800535475	1.04183400267738	2
3	119451176	119451177	81	23	3	2	1	1	NA	NA	NA	unphased	0.7540546802595	0.7540546802595	1
3	119451178	119451179	81	23	3	2	1	1	NA	NA	NA	unphased	0.7540546802595	0.7540546802595	1
3	119451289	119451290	50	25	3	2	1	1	NA	NA	NA	unphased	1.13654618473896	1.13654618473896	1
3	120871405	120871406	26	5	3	2	1	1	NA	NA	NA	unphased	0.549941702293043	0.549941702293043	1
3	121345699	121345700	25	36	3	2	1	1	NA	NA	NA	unphased	2.01224570412799	1.00612285206399	2
3	121345827	121345828	7	3	3	2	1	1	NA	NA	NA	unphased	1.02289156626506	1.02289156626506	1
3	121388058	121388059	51	43	3	2	1	1	NA	NA	NA	unphased	1.55972827480133	0.779864137400667	2
3	121641140	121641141	52	10	3	2	1	1	NA	NA	NA	unphased	0.549941702293043	0.549941702293043	1
3	121641141	121641142	52	10	3	2	1	1	NA	NA	NA	unphased	0.549941702293043	0.549941702293043	1
3	122631792	122631793	10	7	3	2	1	1	NA	NA	NA	unphased	1.40396881644224	1.40396881644224	1
3	123221441	123221442	22	9	3	2	1	1	NA	NA	NA	unphased	0.989895064127478	0.989895064127478	1
3	123426762	123426763	22	7	3	2	1	1	NA	NA	NA	unphased	0.823016202742003	0.823016202742003	1
3	123427609	123427610	66	32	3	2	1	1	NA	NA	NA	unphased	1.11335136464224	1.11335136464224	1
3	123688965	123688966	80	25	3	2	1	1	NA	NA	NA	unphased	0.811818703384969	0.811818703384969	1
3	125877268	125877269	12	4	3	2	1	1	NA	NA	NA	unphased	0.852409638554217	0.852409638554217	1
3	129824434	129824435	16	18	3	2	1	1	NA	NA	NA	unphased	1.80510276399717	0.902551381998583	2
3	130380673	130380674	27	9	3	2	1	1	NA	NA	NA	unphased	0.852409638554217	0.852409638554217	1
3	132185170	132185171	48	19	3	2	1	1	NA	NA	NA	unphased	0.966912425822694	0.966912425822694	1
3	132201158	132201159	32	9	3	2	1	1	NA	NA	NA	unphased	0.748457243608581	0.748457243608581	1
3	132224253	132224254	30	18	3	2	1	1	NA	NA	NA	unphased	1.27861445783133	1.27861445783133	1
3	133476698	133476699	55	14	3	2	1	1	NA	NA	NA	unphased	0.691810721145452	0.691810721145452	1
3	134369721	134369722	24	10	3	2	1	1	NA	NA	NA	unphased	1.00283486888731	1.00283486888731	1
3	134670867	134670868	99	34	3	2	1	1	NA	NA	NA	unphased	0.871636923634387	0.871636923634387	1
3	134884853	134884854	68	18	3	2	1	1	NA	NA	NA	unphased	0.713645278789577	0.713645278789577	1
3	135721515	135721516	29	9	3	2	1	1	NA	NA	NA	unphased	0.807545973367153	0.807545973367153	1
3	136573784	136573785	167	57	3	2	1	1	NA	NA	NA	unphased	0.867631239242685	0.867631239242685	1
3	137786446	137786447	26	12	3	2	1	1	NA	NA	NA	unphased	1.07672796448954	1.07672796448954	1
3	137843591	137843592	68	31	3	2	1	1	NA	NA	NA	unphased	1.06766459778508	1.06766459778508	1
3	140281735	140281736	22	10	3	2	1	1	NA	NA	NA	unphased	1.06551204819277	1.06551204819277	1
3	142606601	142606602	35	9	3	2	1	1	NA	NA	NA	unphased	0.697426067907996	0.697426067907996	1
3	142681419	142681420	60	16	3	2	1	1	NA	NA	NA	unphased	0.717818642993025	0.717818642993025	1
3	151012736	151012737	39	13	3	2	1	1	NA	NA	NA	unphased	0.852409638554217	0.852409638554217	1
3	151093941	151093942	50	21	3	2	1	1	NA	NA	NA	unphased	1.00848464279654	1.00848464279654	1
3	160129707	160129708	28	7	3	2	1	1	NA	NA	NA	unphased	0.681927710843374	0.681927710843374	1
3	160786848	160786849	37	16	3	2	1	1	NA	NA	NA	unphased	1.02932484655604	1.02932484655604	1
3	164733017	164733018	20	10	3	2	1	1	NA	NA	NA	unphased	1.13654618473896	1.13654618473896	1
3	165503945	165503946	58	33	3	2	1	1	NA	NA	NA	unphased	1.23646233284788	1.23646233284788	1
3	167543128	167543129	60	18	3	2	1	1	NA	NA	NA	unphased	0.786839666357739	0.786839666357739	1
3	169985726	169985727	16	28	3	2	1	1	NA	NA	NA	unphased	2.1697699890471	1.08488499452355	2
3	172166053	172166054	14	24	3	2	1	1	NA	NA	NA	unphased	2.15345592897907	1.07672796448954	2
3	172478013	172478014	17	22	3	2	1	1	NA	NA	NA	unphased	1.92338585109669	0.961692925548347	2
3	172607455	172607456	34	40	3	2	1	1	NA	NA	NA	unphased	1.84304786714425	0.921523933572127	2
3	173998980	173998981	33	18	3	2	1	1	NA	NA	NA	unphased	1.20340184266478	1.20340184266478	1
3	179066665	179066666	97	35	3	2	1	1	NA	NA	NA	unphased	0.904070828769624	0.904070828769624	1
3	179322426	179322427	64	28	3	2	1	1	NA	NA	NA	unphased	1.03771608171818	1.03771608171818	1
3	179597730	179597731	31	14	3	2	1	1	NA	NA	NA	unphased	1.06077643908969	1.06077643908969	1
3	182683426	182683427	26	24	3	2	1	1	NA	NA	NA	unphased	1.6366265060241	0.818313253012048	2
3	183491479	183491480	33	38	3	2	1	1	NA	NA	NA	unphased	1.82487697267945	0.912438486339725	2
3	183777709	183777710	11	20	3	2	1	1	NA	NA	NA	unphased	2.19976680917217	1.09988340458609	2
3	184104714	184104715	23	6	3	2	1	1	NA	NA	NA	unphased	0.705442459493145	0.705442459493145	1
3	185375098	185375099	15	19	3	2	1	1	NA	NA	NA	unphased	1.9053862508859	0.952693125442948	2
3	186331065	186331066	8	23	3	2	1	1	NA	NA	NA	unphased	2.529731830548	1.264865915274	2
3	186917356	186917357	65	31	3	2	1	1	NA	NA	NA	unphased	1.10102911646586	1.10102911646586	1
3	188590509	188590510	49	34	3	2	1	1	NA	NA	NA	unphased	1.39671940775149	0.698359703875744	2
3	194344326	194344327	23	6	2.74	2	1	0.87	1	0	0.13	unphased	0.651649356044869	0.651649356044869	1
3	196387546	196387547	46	13	3	2	1	1	NA	NA	NA	unphased	0.751276291607107	0.751276291607107	1
4	3432177	3432178	32	20	2	1	1	0.1	1	1	0.9	unphased	0.92678405931418	0.92678405931418	1
4	3449250	3449251	60	39	2	1	1	0.1	1	1	0.9	unphased	0.94925155166119	0.94925155166119	1
4	3478222	3478223	23	9	2	1	1	0.1	1	1	0.9	unphased	0.677710843373494	0.677710843373494	1
4	23816227	23816228	15	9	2	1	1	1	NA	NA	NA	unphased	0.903614457831325	0.903614457831325	1
4	25398362	25398363	26	14	2	1	1	1	NA	NA	NA	unphased	0.843373493975904	0.843373493975904	1
4	26483741	26483742	41	21	2	1	1	1	NA	NA	NA	unphased	0.816167897396036	0.816167897396036	1
4	38879884	38879885	17	24	2	1	1	1	NA	NA	NA	unphased	1.41052012929768	1.41052012929768	1
4	40245017	40245018	18	14	2	1	1	1	NA	NA	NA	unphased	1.05421686746988	1.05421686746988	1
4	41984725	41984726	35	29	2	1	1	1	NA	NA	NA	unphased	1.09186746987952	1.09186746987952	1
4	42003635	42003636	43	15	2	1	1	1	NA	NA	NA	unphased	0.623182384711259	0.623182384711259	1
4	47548684	47548685	43	22	2	1	1	1	NA	NA	NA	unphased	0.815569972196478	0.815569972196478	1
4	47850233	47850234	16	17	2	1	1	1	NA	NA	NA	unphased	1.24132895217233	1.24132895217233	1
4	52936068	52936069	21	12	2	1	1	1	NA	NA	NA	unphased	0.876232201533406	0.876232201533406	1
4	55143627	55143628	23	13	2	1	1	0.12	1	1	0.88	unphased	0.870147255689424	0.870147255689424	1
4	56336919	56336920	60	19	2	1	1	0.12	1	1	0.88	unphased	0.579533323166082	0.579533323166082	1
4	57182743	57182744	6	5	2	1	1	0.12	1	1	0.88	unphased	1.09529025191676	1.09529025191676	1
4	57193816	57193817	32	26	2	1	1	0.12	1	1	0.88	unphased	1.08018280016618	1.08018280016618	1
4	65155466	65155467	13	6	2	1	1	1	NA	NA	NA	unphased	0.760938490805327	0.760938490805327	1
4	68490715	68490716	40	15	2	1	1	1	NA	NA	NA	unphased	0.657174151150055	0.657174151150055	1
4	69195727	69195728	72	36	2	1	1	1	NA	NA	NA	unphased	0.803212851405622	0.803212851405622	1
4	69816862	69816863	19	11	2	1	1	1	NA	NA	NA	unphased	0.883534136546185	0.883534136546185	1
4	70066303	70066304	84	50	2	1	1	1	NA	NA	NA	unphased	0.899118863513757	0.899118863513757	1
4	70361498	70361499	84	32	2	1	1	1	NA	NA	NA	unphased	0.664727877025343	0.664727877025343	1
4	70513386	70513387	9	10	2	1	1	1	NA	NA	NA	unphased	1.26823081800888	1.26823081800888	1
4	70599964	70599965	6	10	2	1	1	1	NA	NA	NA	unphased	1.50602409638554	1.50602409638554	1
4	70920138	70920139	44	34	2	1	1	1	NA	NA	NA	unphased	1.05035526722274	1.05035526722274	1
4	71024561	71024562	25	11	2	1	1	1	NA	NA	NA	unphased	0.736278447121821	0.736278447121821	1
4	71465271	71465272	16	3	2	1	1	1	NA	NA	NA	unphased	0.380469245402663	0.380469245402663	1
4	72338511	72338512	72	43	2	1	1	1	NA	NA	NA	unphased	0.900995285489785	0.900995285489785	1
4	74285309	74285310	61	38	2	1	1	1	NA	NA	NA	unphased	0.924911768285262	0.924911768285262	1
4	74352726	74352727	41	22	2	1	1	1	NA	NA	NA	unphased	0.841461082424938	0.841461082424938	1
4	74352728	74352729	40	20	2	1	1	1	NA	NA	NA	unphased	0.803212851405622	0.803212851405622	1
4	76943930	76943931	34	32	2	1	1	1	NA	NA	NA	unphased	1.16830960204454	1.16830960204454	1
4	77936098	77936099	40	14	2	1	1	1	NA	NA	NA	unphased	0.624721106648818	0.624721106648818	1
4	79387579	79387580	8	5	2	1	1	1	NA	NA	NA	unphased	0.92678405931418	0.92678405931418	1
4	80247001	80247002	24	9	2	1	1	1	NA	NA	NA	unphased	0.657174151150055	0.657174151150055	1
4	83277725	83277726	28	15	2	1	1	1	NA	NA	NA	unphased	0.840571588680303	0.840571588680303	1
4	85639610	85639611	72	37	2	1	1	1	NA	NA	NA	unphased	0.817950701890129	0.817950701890129	1
4	88106551	88106552	90	31	2.13	2	1	0.13	1	1	0.87	unphased	0.650651199840685	0.650651199840685	1
4	90034829	90034830	48	17	2.13	2	1	0.13	1	1	0.87	unphased	0.664213160333642	0.664213160333642	1
4	90168907	90168908	47	16	2.13	2	1	0.13	1	1	0.87	unphased	0.644987569324919	0.644987569324919	1
4	95497015	95497016	48	19	2.13	2	1	0.13	1	1	0.87	unphased	0.720196007912246	0.720196007912246	1
4	103553173	103553174	12	15	2.13	2	1	0.13	1	1	0.87	unphased	1.41091030789826	1.41091030789826	1
4	103964474	103964475	35	9	2.13	2	1	0.13	1	1	0.87	unphased	0.51947152245345	0.51947152245345	1
4	106746932	106746933	40	52	2.13	2	1	0.13	1	1	0.87	unphased	1.4354478784704	1.27030785705345	1.13
4	107258087	107258088	118	40	2.13	2	1	0.13	1	1	0.87	unphased	0.642946469421992	0.642946469421992	1
4	107268721	107268722	36	17	2.13	2	1	0.13	1	1	0.87	unphased	0.814601045692203	0.814601045692203	1
4	109571909	109571910	56	14	2.13	2	1	0.13	1	1	0.87	unphased	0.507927710843374	0.507927710843374	1
4	109745198	109745199	28	8	2.13	2	1	0.13	1	1	0.87	unphased	0.564364123159304	0.564364123159304	1
4	110786421	110786422	6	9	2.13	2	1	0.13	1	1	0.87	unphased	1.52378313253012	1.52378313253012	1
4	111539410	111539411	36	11	2.13	2	1	0.13	1	1	0.87	unphased	0.594383491412458	0.594383491412458	1
4	113461018	113461019	58	21	2.13	2	1	0.13	1	1	0.87	unphased	0.675093792893091	0.675093792893091	1
4	113540782	113540783	64	17	2.13	2	1	0.13	1	1	0.87	unphased	0.533010560761565	0.533010560761565	1
4	113540783	113540784	64	17	2.13	2	1	0.13	1	1	0.87	unphased	0.533010560761565	0.533010560761565	1
4	114199067	114199068	36	17	2.13	2	1	0.13	1	1	0.87	unphased	0.814601045692203	0.814601045692203	1
4	114251411	114251412	29	10	2.13	2	1	0.13	1	1	0.87	unphased	0.65118937287612	0.65118937287612	1
4	114277142	114277143	78	36	2.13	2	1	0.13	1	1	0.87	unphased	0.801991122384274	0.801991122384274	1
4	115792014	115792015	27	12	2	1	1	1	NA	NA	NA	unphased	0.741427247451344	0.741427247451344	1
4	122681359	122681360	18	16	2	1	1	1	NA	NA	NA	unphased	1.13394755492558	1.13394755492558	1
4	122775936	122775937	33	19	2	1	1	1	NA	NA	NA	unphased	0.880444856348471	0.880444856348471	1
4	122800979	122800980	37	31	2	1	1	1	NA	NA	NA	unphased	1.09851169383416	1.09851169383416	1
4	128625425	128625426	46	29	2	1	1	1	NA	NA	NA	unphased	0.931726907630522	0.931726907630522	1
4	134073193	134073194	30	14	2	1	1	1	NA	NA	NA	unphased	0.766703176341731	0.766703176341731	1
4	138449649	138449650	74	43	2	1	1	1	NA	NA	NA	unphased	0.885593656677994	0.885593656677994	1
4	138452461	138452462	52	24	2	1	1	1	NA	NA	NA	unphased	0.760938490805327	0.760938490805327	1
4	148867813	148867814	41	16	2	1	1	1	NA	NA	NA	unphased	0.676389769604735	0.676389769604735	1
4	154318465	154318466	9	4	2	1	1	1	NA	NA	NA	unphased	0.741427247451344	0.741427247451344	1
4	154501975	154501976	11	11	2	1	1	1	NA	NA	NA	unphased	1.20481927710843	1.20481927710843	1
4	155219731	155219732	30	26	2	1	1	1	NA	NA	NA	unphased	1.11876075731497	1.11876075731497	1
4	162508630	162508631	61	32	2	1	1	1	NA	NA	NA	unphased	0.829122943386449	0.829122943386449	1
4	165962563	165962564	30	23	2	1	1	1	NA	NA	NA	unphased	1.04569220277336	1.04569220277336	1
4	166795125	166795126	60	41	2	1	1	1	NA	NA	NA	unphased	0.978170106167243	0.978170106167243	1
4	166935703	166935704	57	35	2	1	1	1	NA	NA	NA	unphased	0.916710319539026	0.916710319539026	1
4	173873198	173873199	16	7	2	1	1	1	NA	NA	NA	unphased	0.733368255631221	0.733368255631221	1
4	174448471	174448472	50	15	2	1	1	1	NA	NA	NA	unphased	0.556070435588508	0.556070435588508	1
4	177648956	177648957	21	14	2	1	1	1	NA	NA	NA	unphased	0.963855421686747	0.963855421686747	1
4	183694626	183694627	20	15	2	1	1	1	NA	NA	NA	unphased	1.03270223752151	1.03270223752151	1
4	185940084	185940085	26	16	2	1	1	1	NA	NA	NA	unphased	0.917957544463569	0.917957544463569	1
4	185941927	185941928	15	13	2	1	1	1	NA	NA	NA	unphased	1.11876075731497	1.11876075731497	1
4	187206792	187206793	31	10	2	1	1	1	NA	NA	NA	unphased	0.587716720540699	0.587716720540699	1
4	187455344	187455345	35	24	2	1	1	1	NA	NA	NA	unphased	0.980191954257709	0.980191954257709	1
4	188924476	188924477	73	32	2	1	1	1	NA	NA	NA	unphased	0.734366035570855	0.734366035570855	1
4	189022337	189022338	37	17	2	1	1	1	NA	NA	NA	unphased	0.758589915216421	0.758589915216421	1
4	189064811	189064812	7	11	2	1	1	1	NA	NA	NA	unphased	1.47255689424364	1.47255689424364	1
5	163413	163414	113	16	6	4	2	1	NA	NA	NA	unphased	0.794993929205193	0.794993929205193	1
5	465251	465252	19	4	6	4	2	1	NA	NA	NA	unphased	1.11471974855946	1.11471974855946	1
5	1246011	1246012	49	14	2.56	5	2	0.26	1	0	0.74	unphased	0.65991967871486	0.65991967871486	1
5	2748995	2748996	35	4	2.56	5	2	0.26	1	0	0.74	unphased	0.304578313253012	1.17145505097312	0.26
5	3599612	3599613	179	14	2.56	5	2	0.26	1	0	0.74	unphased	0.215414195642674	0.828516137087209	0.26
5	7706855	7706856	259	54	7.4	7	2	0.8	1	0	0.2	unphased	1.34734978251665	0.748527656953693	1.8
5	7706865	7706866	279	64	7.4	7	2	0.8	1	0	0.2	unphased	1.45719203343988	0.809551129688823	1.8
5	7831871	7831872	7	27	7.4	7	2	0.8	1	0	0.2	unphased	6.20177179305457	1.00028577307332	6.2
5	7875449	7875450	277	31	7.4	7	2	0.8	1	0	0.2	unphased	0.786035049288061	0.786035049288061	1
5	9054362	9054363	123	15	7.4	7	2	0.8	1	0	0.2	unphased	0.848873755893138	0.848873755893138	1
5	9154694	9154695	254	10	7.4	7	2	0.8	1	0	0.2	unphased	0.295819642205184	0.295819642205184	1
5	9190423	9190424	106	12	7.4	7	2	0.8	1	0	0.2	unphased	0.794200530937309	0.794200530937309	1
5	10450223	10450224	239	38	7.4	7	2	0.8	1	0	0.2	unphased	1.0713583576182	1.0713583576182	1
5	13794168	13794169	118	9	9	7	2	1	0	1	0	unphased	0.666824779432691	0.666824779432691	1
5	13871827	13871828	140	37	9	7	2	1	0	1	0	unphased	1.96698659042951	0.983493295214757	2
5	13901538	13901539	74	19	9	7	2	1	0	1	0	unphased	1.92239927451742	0.961199637258712	2
5	14330942	14330943	266	69	9	7	2	1	0	1	0	unphased	1.93810465743571	0.969052328717857	2
5	14330943	14330944	271	68	9	7	2	1	0	1	0	unphased	1.8874791200199	0.943739560009951	2
5	14369526	14369527	176	13	9	7	2	1	0	1	0	unphased	0.647223815898515	0.647223815898515	1
5	15928386	15928387	47	9	9	7	2	1	NA	NA	NA	unphased	1.51226333907057	1.51226333907057	1
5	21783526	21783527	79	255	9	7	2	1	NA	NA	NA	unphased	7.18400548300988	1.02628649757284	7
5	24535335	24535336	192	8	9	7	2	1	NA	NA	NA	unphased	0.376385542168675	0.376385542168675	1
5	31799313	31799314	24	5	9	7	2	1	0	1	0	unphased	1.62235147486498	1.62235147486498	1
5	32780846	32780847	326	79	9	7	2	1	0	1	0	unphased	1.83546035995835	0.917730179979176	2
5	33624435	33624436	127	9	9	7	2	1	0	1	0	unphased	0.622696669029057	0.622696669029057	1
5	33641913	33641914	60	140	9	7	2	1	0	1	0	unphased	6.58674698795181	0.940963855421687	7
5	33684124	33684125	166	36	9	7	2	1	0	1	0	unphased	1.67696528689013	0.838482643445067	2
5	33937012	33937013	187	33	9	7	2	1	0	1	0	unphased	1.41144578313253	0.705722891566265	2
5	33937019	33937020	184	9	9	7	2	1	0	1	0	unphased	0.438791435170735	0.438791435170735	1
5	33947432	33947433	162	32	9	7	2	1	0	1	0	unphased	1.55210532853062	0.776052664265309	2
5	33989449	33989450	209	28	9	7	2	1	0	1	0	unphased	1.11168725535052	1.11168725535052	1
5	34954685	34954686	108	304	9	7	2	1	0	1	0	unphased	6.94303427301439	0.991862039002055	7
5	35641770	35641771	108	31	9	7	2	1	0	1	0	unphased	2.09855248331455	1.04927624165728	2
5	35873712	35873713	176	24	9	7	2	1	0	1	0	unphased	1.12915662650602	1.12915662650602	1
5	35876102	35876103	54	134	9	7	2	1	0	1	0	unphased	6.70687003332479	0.95812429047497	7
5	35954309	35954310	81	16	9	7	2	1	0	1	0	unphased	1.55210532853062	0.776052664265309	2
5	35957361	35957362	107	15	9	7	2	1	0	1	0	unphased	1.15692277305945	1.15692277305945	1
5	36986209	36986210	270	29	9	7	2	1	0	1	0	unphased	0.912640528669863	0.912640528669863	1
5	37167263	37167264	128	23	9	7	2	1	0	1	0	unphased	1.43325620362244	0.716628101811218	2
5	39315902	39315903	82	8	9	7	2	1	0	1	0	unphased	0.836412315930388	0.836412315930388	1
5	39377259	39377260	119	23	9	7	2	1	0	1	0	unphased	1.52409638554217	0.762048192771084	2
5	40728503	40728504	242	24	9	7	2	1	0	1	0	unphased	0.848989944741371	0.848989944741371	1
5	43245942	43245943	53	207	9	7	2	1	0	1	0	unphased	7.49151992585727	1.07021713226532	7
5	44388666	44388667	94	5	9	7	2	1	0	1	0	unphased	0.475234270414993	0.475234270414993	1
5	45261935	45261936	15	61	9	7	2	1	0	1	0	unphased	7.55247305009512	1.07892472144216	7
5	45303934	45303935	227	25	9	7	2	1	0	1	0	unphased	0.933495888315165	0.933495888315165	1
5	45695839	45695840	193	22	9	7	2	1	0	1	0	unphased	0.962846735780331	0.962846735780331	1
5	56170923	56170924	45	39	2	2	0	1	NA	NA	NA	unphased	1.11876075731497	1.11876075731497	1
5	71495895	71495896	14	61	2	2	0	1	NA	NA	NA	unphased	1.95983935742972	0.97991967871486	2
5	78326773	78326774	59	21	2.9	2	2	0.45	1	1	0.55	unphased	0.868780120481928	0.868780120481928	1
5	94814140	94814141	12	36	2	2	0	1	NA	NA	NA	unphased	1.80722891566265	0.903614457831325	2
5	94834080	94834081	43	22	2	2	0	1	NA	NA	NA	unphased	0.815569972196478	0.815569972196478	1
5	96460237	96460238	9	42	2	2	0	1	NA	NA	NA	unphased	1.98440822111977	0.992204110559887	2
5	108207841	108207842	5	29	2	2	0	1	NA	NA	NA	unphased	2.05527994330262	1.02763997165131	2
5	108281911	108281912	51	17	2	2	0	1	NA	NA	NA	unphased	0.602409638554217	0.602409638554217	1
5	108516531	108516532	39	19	2	2	0	1	NA	NA	NA	unphased	0.789364353967595	0.789364353967595	1
5	108516532	108516533	39	20	2	2	0	1	NA	NA	NA	unphased	0.816826628548091	0.816826628548091	1
5	108714434	108714435	57	9	2	2	0	1	NA	NA	NA	unphased	0.328587075575027	0.328587075575027	1
5	112175433	112175434	11	45	2	2	0	1	NA	NA	NA	unphased	1.93631669535284	0.96815834767642	2
5	118529582	118529583	8	37	2	2	0	1	NA	NA	NA	unphased	1.98125836680054	0.990629183400268	2
5	126746205	126746206	12	10	2	2	0	1	NA	NA	NA	unphased	1.09529025191676	1.09529025191676	1
5	126769062	126769063	12	34	2	2	0	1	NA	NA	NA	unphased	1.78103719224725	0.890518596123625	2
5	127614520	127614521	27	20	2	2	0	1	NA	NA	NA	unphased	1.02537810817739	1.02537810817739	1
5	131007716	131007717	103	18	2	2	0	1	NA	NA	NA	unphased	0.35845862790003	0.35845862790003	1
5	132403185	132403186	11	43	NA	NA	NA	NA	NA	NA	NA	unphased	NA	NA	1
5	135587352	135587353	5	5	2	2	0	1	NA	NA	NA	unphased	1.20481927710843	1.20481927710843	1
5	135692504	135692505	38	27	2	2	0	1	NA	NA	NA	unphased	1.00092678405931	1.00092678405931	1
5	140166684	140166685	18	56	2	2	0	1	NA	NA	NA	unphased	1.8235102572452	0.911755128622599	2
5	140182401	140182402	20	92	2	2	0	1	NA	NA	NA	unphased	1.97934595524957	0.989672977624785	2
5	140221026	140221027	32	26	2	2	0	1	NA	NA	NA	unphased	1.08018280016618	1.08018280016618	1
5	140431926	140431927	26	18	2	2	0	1	NA	NA	NA	unphased	0.985761226725082	0.985761226725082	1
5	140476416	140476417	38	22	2	2	0	1	NA	NA	NA	unphased	0.883534136546185	0.883534136546185	1
5	140482269	140482270	69	28	2	2	0	1	NA	NA	NA	unphased	0.695565768227549	0.695565768227549	1
5	140590416	140590417	23	29	2	2	0	1	NA	NA	NA	unphased	1.34383688600556	0.67191844300278	2
5	140605206	140605207	86	52	2	2	0	1	NA	NA	NA	unphased	0.907979745067225	0.907979745067225	1
5	140682783	140682784	41	12	2	2	0	1	NA	NA	NA	unphased	0.545578540577404	0.545578540577404	1
5	140740013	140740014	49	30	2	2	0	1	NA	NA	NA	unphased	0.915052615525393	0.915052615525393	1
5	140744172	140744173	48	19	2	2	0	1	NA	NA	NA	unphased	0.683330336270455	0.683330336270455	1
5	140794797	140794798	30	82	2	2	0	1	NA	NA	NA	unphased	1.76419965576592	0.88209982788296	2
5	141023812	141023813	3	8	2	2	0	1	NA	NA	NA	unphased	1.75246440306681	0.876232201533406	2
5	142780185	142780186	27	89	2	2	0	1	NA	NA	NA	unphased	1.84877440797673	0.924387203988367	2
5	148627393	148627394	11	18	2	2	0	1	NA	NA	NA	unphased	1.49563772330702	0.747818861653511	2
5	149006821	149006822	25	13	2	2	0	1	NA	NA	NA	unphased	0.82435003170577	0.82435003170577	1
5	150090694	150090695	15	20	2	2	0	1	NA	NA	NA	unphased	1.37693631669535	0.688468158347676	2
5	150416375	150416376	29	12	2	2	0	1	NA	NA	NA	unphased	0.705260064648839	0.705260064648839	1
5	154315456	154315457	8	26	2	2	0	1	NA	NA	NA	unphased	1.84266477675408	0.921332388377038	2
5	154393355	154393356	2	21	2	2	0	1	NA	NA	NA	unphased	2.20010476689366	1.10005238344683	2
5	154393356	154393357	2	21	2	2	0	1	NA	NA	NA	unphased	2.20010476689366	1.10005238344683	2
5	156381552	156381553	6	33	2	2	0	1	NA	NA	NA	unphased	2.0389249304912	1.0194624652456	2
5	156592628	156592629	45	166	2	2	0	1	NA	NA	NA	unphased	1.8957345971564	0.947867298578199	2
5	158223432	158223433	7	32	2	2	0	1	NA	NA	NA	unphased	1.97713932653692	0.988569663268458	2
5	159707700	159707701	8	8	2	2	0	1	NA	NA	NA	unphased	1.20481927710843	1.20481927710843	1
5	161324347	161324348	71	14	2	2	0	1	NA	NA	NA	unphased	0.396881644223955	0.396881644223955	1
5	161578752	161578753	8	28	2	2	0	1	NA	NA	NA	unphased	1.87416331994645	0.937081659973226	2
5	161580246	161580247	15	53	2	2	0	1	NA	NA	NA	unphased	1.8781006378455	0.93905031892275	2
5	168127681	168127682	8	6	2	2	0	1	NA	NA	NA	unphased	1.03270223752151	1.03270223752151	1
5	169111284	169111285	42	34	2	2	0	1	NA	NA	NA	unphased	1.07799619530755	1.07799619530755	1
5	169230063	169230064	7	21	2	2	0	1	NA	NA	NA	unphased	1.80722891566265	0.903614457831325	2
5	175763816	175763817	8	40	2	2	0	1	NA	NA	NA	unphased	2.00803212851406	1.00401606425703	2
5	177669351	177669352	10	4	2	2	0	1	NA	NA	NA	unphased	0.688468158347676	0.688468158347676	1
5	178556977	178556978	6	16	2	2	0	1	NA	NA	NA	unphased	1.75246440306681	0.876232201533406	2
5	178559230	178559231	10	11	2	2	0	1	NA	NA	NA	unphased	1.26219162363741	1.26219162363741	1
5	179565019	179565020	1	26	2	2	0	1	NA	NA	NA	unphased	2.32039268183846	1.16019634091923	2
5	180622434	180622435	5	3	2	2	0	1	NA	NA	NA	unphased	0.903614457831325	0.903614457831325	1
6	1395117	1395118	17	45	2.32	4	0	0.16	1	1	0.84	unphased	1.98118927322192	0.917217256121259	2.16
6	2948611	2948612	1	46	2.3	4	0	0.15	1	1	0.85	unphased	2.65198667008459	1.15303768264548	2.3
6	3106105	3106106	26	42	2.3	4	0	0.15	1	1	0.85	unphased	1.67360028348689	1.15420709205992	1.45
6	5545479	5545480	229	54	2.3	4	0	0.15	1	1	0.85	unphased	0.517033505044915	0.517033505044915	1
6	7585693	7585694	9	131	2.3	4	0	0.15	1	1	0.85	unphased	2.53544750430293	1.10236848013171	2.3
6	10995403	10995404	9	102	2.4	4	0	0.2	1	1	0.8	unphased	2.58183002279388	1.07576250949745	2.4
6	25420374	25420375	111	35	1.8	3	0	0.4	1	0	0.6	unphased	0.529707872586235	1.32426968146559	0.4
6	26377177	26377178	10	56	1.54	3	0	0.27	1	0	0.73	unphased	1.65423877327492	1.07418102160709	1.54
6	26392871	26392872	6	42	1.54	3	0	0.27	1	0	0.73	unphased	1.70593373493976	1.10774917853231	1.54
6	28501857	28501858	33	48	1.54	3	0	0.27	1	0	0.73	unphased	1.15534136546185	1.15534136546185	1
6	29408243	29408244	31	53	1.54	3	0	0.27	1	0	0.73	unphased	1.23012908777969	0.96860558092889	1.27
6	31541417	31541418	95	31	1.34	3	0	0.17	1	0	0.83	unphased	0.430466628418436	0.430466628418436	1
6	31550098	31550099	23	34	1.34	3	0	0.17	1	0	0.83	unphased	1.04364404988375	1.04364404988375	1
6	31855574	31855575	66	72	1.34	3	0	0.17	1	0	0.83	unphased	0.912854897852279	0.912854897852279	1
6	31996279	31996280	14	21	1.34	3	0	0.17	1	0	0.83	unphased	1.04978313253012	1.04978313253012	1
6	32726625	32726626	3	24	1.8	3	0	0.4	1	0	0.6	unphased	1.96412315930388	1.0911795329466	1.8
6	34730419	34730420	7	53	1.3	3	0	0.15	1	0	0.85	unphased	1.51018072289157	1.16167747914736	1.3
6	38858509	38858510	6	66	1.3	3	0	0.15	1	0	0.85	unphased	1.56716867469879	1.20551436515292	1.3
6	39046729	39046730	104	37	1.3	3	0	0.15	1	0	0.85	unphased	0.448628556780313	0.448628556780313	1
6	39843194	39843195	66	26	2.36	3	2	0.34	1	0	0.66	unphased	0.782723939235202	0.782723939235202	1
6	41117407	41117408	59	19	2.36	3	2	0.34	1	0	0.66	unphased	0.674655545257955	0.674655545257955	1
6	42823598	42823599	95	95	2.36	3	2	0.34	1	0	0.66	unphased	1.38481927710843	1.03344722172271	1.34
6	43109949	43109950	40	27	2.36	3	2	0.34	1	0	0.66	unphased	1.11612299946053	1.11612299946053	1
6	43230652	43230653	22	14	2.36	3	2	0.34	1	0	0.66	unphased	1.07708165997323	1.07708165997323	1
6	43320125	43320126	35	38	2.36	3	2	0.34	1	0	0.66	unphased	1.44172965835947	1.07591765549214	1.34
6	44150908	44150909	83	65	2.36	3	2	0.34	1	0	0.66	unphased	1.21639531097362	0.907757694756436	1.34
6	46656536	46656537	33	21	2.36	3	2	0.34	1	0	0.66	unphased	1.07708165997323	1.07708165997323	1
6	46656998	46656999	113	61	2.36	3	2	0.34	1	0	0.66	unphased	0.970965240271431	0.970965240271431	1
6	46977086	46977087	27	39	2.36	3	2	0.34	1	0	0.66	unphased	1.63660460021906	0.974169404892297	1.68
6	46977087	46977088	27	39	2.36	3	2	0.34	1	0	0.66	unphased	1.63660460021906	0.974169404892297	1.68
6	47680331	47680332	45	23	2.36	3	2	0.34	1	0	0.66	unphased	0.936789510985117	0.936789510985117	1
6	49665575	49665576	96	51	2.36	3	2	0.34	1	0	0.66	unphased	0.960895008605852	0.960895008605852	1
6	49665576	49665577	97	52	2.36	3	2	0.34	1	0	0.66	unphased	0.966585267243471	0.966585267243471	1
6	50683293	50683294	107	55	2.36	3	2	0.34	1	0	0.66	unphased	0.940309385690912	0.940309385690912	1
6	51524747	51524748	27	16	2.36	3	2	0.34	1	0	0.66	unphased	1.03056318296442	1.03056318296442	1
6	52761603	52761604	113	64	2.36	3	2	0.34	1	0	0.66	unphased	1.00145122864339	1.00145122864339	1
6	52995635	52995636	91	14	2.36	3	2	0.34	1	0	0.66	unphased	0.369285140562249	1.08613276635956	0.34
6	56470429	56470430	107	149	4.96	4	2	0.74	1	1	0.26	unphased	3.12529743975904	0.970589267005912	3.22
6	56472701	56472702	118	14	4.96	4	2	0.74	1	1	0.26	unphased	0.569507119386637	0.769604215387348	0.74
6	70071181	70071182	21	22	2	1	1	1	NA	NA	NA	unphased	1.23283833006444	1.23283833006444	1
6	70992730	70992731	8	12	2	1	1	1	NA	NA	NA	unphased	1.44578313253012	1.44578313253012	1
6	76728472	76728473	35	28	2	1	1	1	NA	NA	NA	unphased	1.07095046854083	1.07095046854083	1
6	84270618	84270619	8	6	2	1	1	1	NA	NA	NA	unphased	1.03270223752151	1.03270223752151	1
6	85446495	85446496	14	15	2	1	1	1	NA	NA	NA	unphased	1.24636476942252	1.24636476942252	1
6	90089933	90089934	65	43	2	1	1	1	NA	NA	NA	unphased	0.959393128067827	0.959393128067827	1
6	90424396	90424397	26	13	2	1	1	1	NA	NA	NA	unphased	0.803212851405622	0.803212851405622	1
6	90718369	90718370	32	12	2	1	1	1	NA	NA	NA	unphased	0.657174151150055	0.657174151150055	1
6	97247453	97247454	14	9	2	1	1	1	NA	NA	NA	unphased	0.942902042954426	0.942902042954426	1
6	100841690	100841691	30	17	2	1	1	1	NA	NA	NA	unphased	0.871571391950782	0.871571391950782	1
6	102134110	102134111	20	5	2	1	1	1	NA	NA	NA	unphased	0.481927710843374	0.481927710843374	1
6	108489341	108489342	7	9	2	1	1	1	NA	NA	NA	unphased	1.35542168674699	1.35542168674699	1
6	108843626	108843627	24	15	2	1	1	1	NA	NA	NA	unphased	0.92678405931418	0.92678405931418	1
6	109850182	109850183	13	11	2	1	1	1	NA	NA	NA	unphased	1.10441767068273	1.10441767068273	1
6	110550147	110550148	31	12	2	1	1	1	NA	NA	NA	unphased	0.672457270944242	0.672457270944242	1
6	111346623	111346624	24	7	2	1	1	1	NA	NA	NA	unphased	0.544111931597357	0.544111931597357	1
6	112462088	112462089	33	30	2	1	1	1	NA	NA	NA	unphased	1.14744693057946	1.14744693057946	1
6	117127727	117127728	33	16	2	1	1	1	NA	NA	NA	unphased	0.786820752397345	0.786820752397345	1
6	117244363	117244364	40	20	2	1	1	1	NA	NA	NA	unphased	0.803212851405622	0.803212851405622	1
6	126319440	126319441	26	14	2	1	1	1	NA	NA	NA	unphased	0.843373493975904	0.843373493975904	1
6	131190812	131190813	99	46	2	1	1	1	NA	NA	NA	unphased	0.764437058579144	0.764437058579144	1
6	132207811	132207812	54	21	2	1	1	1	NA	NA	NA	unphased	0.674698795180723	0.674698795180723	1
6	133849866	133849867	73	31	2	1	1	1	NA	NA	NA	unphased	0.718257645968489	0.718257645968489	1
6	135250278	135250279	19	20	2	1	1	1	NA	NA	NA	unphased	1.23571207908557	1.23571207908557	1
6	139609680	139609681	59	52	2	1	1	1	NA	NA	NA	unphased	1.12883968305655	1.12883968305655	1
6	142721658	142721659	4	6	2	1	1	1	NA	NA	NA	unphased	1.44578313253012	1.44578313253012	1
6	146256139	146256140	35	20	2	1	1	1	NA	NA	NA	unphased	0.876232201533406	0.876232201533406	1
6	151671258	151671259	12	8	2	1	1	1	NA	NA	NA	unphased	0.963855421686747	0.963855421686747	1
6	151790041	151790042	54	32	2	1	1	1	NA	NA	NA	unphased	0.896609694592323	0.896609694592323	1
6	154439841	154439842	57	42	2	1	1	1	NA	NA	NA	unphased	1.02227090178897	1.02227090178897	1
6	154743737	154743738	66	44	2	1	1	1	NA	NA	NA	unphased	0.963855421686747	0.963855421686747	1
6	159653438	159653439	40	17	2	1	1	1	NA	NA	NA	unphased	0.718664130205031	0.718664130205031	1
6	160241521	160241522	20	25	2	1	1	1	NA	NA	NA	unphased	1.33868808567604	1.33868808567604	1
6	160899702	160899703	24	9	2	1	1	1	NA	NA	NA	unphased	0.657174151150055	0.657174151150055	1
6	160968839	160968840	38	31	2	1	1	1	NA	NA	NA	unphased	1.08259123450323	1.08259123450323	1
6	161152822	161152823	41	19	2	1	1	1	NA	NA	NA	unphased	0.763052208835341	0.763052208835341	1
6	163483257	163483258	50	40	2	1	1	1	NA	NA	NA	unphased	1.07095046854083	1.07095046854083	1
6	165809931	165809932	47	28	2	1	1	1	NA	NA	NA	unphased	0.899598393574297	0.899598393574297	1
6	165829743	165829744	55	19	2	1	1	1	NA	NA	NA	unphased	0.618690980136763	0.618690980136763	1
6	166580295	166580296	29	16	2	1	1	1	NA	NA	NA	unphased	0.856760374832664	0.856760374832664	1
6	167787857	167787858	27	9	2	1	1	1	NA	NA	NA	unphased	0.602409638554217	0.602409638554217	1
6	169064759	169064760	28	10	2	1	1	1	NA	NA	NA	unphased	0.634115409004439	0.634115409004439	1
7	1275530	1275531	12	5	2.26	3	1	0.13	1	1	0.87	unphased	0.785187810063785	0.785187810063785	1
7	4014095	4014096	43	28	2.26	3	1	0.13	1	1	0.87	unphased	1.05281520447989	1.05281520447989	1
7	5540808	5540809	4	23	2.26	3	1	0.13	1	1	0.87	unphased	2.27413654618474	1.06766973999284	2.13
7	5920535	5920536	69	15	2.26	3	1	0.13	1	1	0.87	unphased	0.476721170395869	0.476721170395869	1
7	11445960	11445961	90	31	2.26	3	1	0.13	1	1	0.87	unphased	0.683956984964652	0.683956984964652	1
7	14517845	14517846	4	10	2.26	3	1	0.13	1	1	0.87	unphased	1.90688468158348	0.895251024217595	2.13
7	18788671	18788672	22	4	2.26	3	1	0.13	1	1	0.87	unphased	0.410713623725672	0.410713623725672	1
7	20199720	20199721	35	53	2.26	3	1	0.13	1	1	0.87	unphased	1.60785049288061	0.754859386328927	2.13
7	20795048	20795049	43	11	2.26	3	1	0.13	1	1	0.87	unphased	0.543815261044177	0.543815261044177	1
7	21698432	21698433	9	9	2.26	3	1	0.13	1	1	0.87	unphased	1.33481927710843	1.33481927710843	1
7	22852682	22852683	29	7	2.26	3	1	0.13	1	1	0.87	unphased	0.519096385542169	0.519096385542169	1
7	23313750	23313751	74	26	2.26	3	1	0.13	1	1	0.87	unphased	0.694106024096385	0.694106024096385	1
7	25175563	25175564	16	35	2.26	3	1	0.13	1	1	0.87	unphased	1.83210489014883	0.860143140914944	2.13
7	27832787	27832788	31	73	4	3	1	1	NA	NA	NA	unphased	3.09522706209453	1.03174235403151	3
7	30118247	30118248	20	29	4	3	1	1	NA	NA	NA	unphased	2.60978608310794	0.869928694369314	3
7	30915271	30915272	64	23	4	3	1	1	NA	NA	NA	unphased	1.1657665143332	1.1657665143332	1
7	31732067	31732068	33	25	4	3	1	1	NA	NA	NA	unphased	1.90070627336934	0.95035313668467	2
7	32110102	32110103	13	5	4	3	1	1	NA	NA	NA	unphased	1.22489959839357	1.22489959839357	1
7	36571788	36571789	56	15	3.97	3	1	0.99	0	1	0.01	unphased	0.925275750890887	0.925275750890887	1
7	42004024	42004025	34	41	4	3	1	1	NA	NA	NA	unphased	2.41060240963855	0.803534136546185	3
7	42018226	42018227	89	29	4	3	1	1	NA	NA	NA	unphased	1.08372472942618	1.08372472942618	1
7	42187902	42187903	47	16	4	3	1	1	NA	NA	NA	unphased	1.11990820424555	1.11990820424555	1
7	43916855	43916856	42	12	4	3	1	1	NA	NA	NA	unphased	0.97991967871486	0.97991967871486	1
7	44147282	44147283	9	29	4	3	1	1	NA	NA	NA	unphased	3.36525047558656	1.12175015852885	3
7	45726211	45726212	20	47	4	3	1	1	NA	NA	NA	unphased	3.09332853803273	1.03110951267758	3
7	47342695	47342696	30	8	4	3	1	1	NA	NA	NA	unphased	0.928344958782498	0.928344958782498	1
7	48684323	48684324	42	77	4	3	1	1	NA	NA	NA	unphased	2.8532955350815	0.951098511693834	3
7	50097704	50097705	59	36	4	3	1	1	NA	NA	NA	unphased	1.6710209258085	0.835510462904249	2
7	53103572	53103573	41	6	1.36	3	2	0.09	0	1	0.91	unphased	0.225911304793643	0.225911304793643	1
7	57193745	57193746	103	81	4.32	3	2	0.83	1	0	0.17	unphased	2.08206914614982	1.13774270281411	1.83
7	57528976	57528977	20	21	4.32	3	2	0.83	1	0	0.17	unphased	2.4224977960623	0.910713457166277	2.66
7	57528978	57528979	20	21	4.32	3	2	0.83	1	0	0.17	unphased	2.4224977960623	0.910713457166277	2.66
7	64292557	64292558	14	18	3	2	1	1	NA	NA	NA	unphased	1.91792168674699	0.958960843373494	2
7	65557917	65557918	8	3	3	2	1	1	NA	NA	NA	unphased	0.929901423877327	0.929901423877327	1
7	71175862	71175863	27	6	3	2	1	1	NA	NA	NA	unphased	0.619934282584885	0.619934282584885	1
7	72413710	72413711	31	24	NA	NA	NA	NA	NA	NA	NA	unphased	NA	NA	1
7	80301302	80301303	74	26	1.22	2	1	0.11	1	0	0.89	unphased	0.423706024096386	0.423706024096386	1
7	81588657	81588658	67	22	1.22	2	1	0.11	1	0	0.89	unphased	0.402832002165967	0.402832002165967	1
7	81624238	81624239	43	8	1.22	2	1	0.11	1	0	0.89	unphased	0.255629577132058	0.255629577132058	1
7	82390748	82390749	13	11	1.22	2	1	0.11	1	0	0.89	unphased	0.746917670682731	0.746917670682731	1
7	82390749	82390750	14	11	1.22	2	1	0.11	1	0	0.89	unphased	0.717040963855422	0.717040963855422	1
7	82578955	82578956	101	44	1.22	2	1	0.11	1	0	0.89	unphased	0.494511009555463	0.494511009555463	1
7	82580114	82580115	95	35	1.22	2	1	0.11	1	0	0.89	unphased	0.438748841519926	0.438748841519926	1
7	87175274	87175275	34	35	1.22	2	1	0.11	1	0	0.89	unphased	0.826628252138991	0.826628252138991	1
7	87774733	87774734	79	24	1.22	2	1	0.11	1	0	0.89	unphased	0.379721604866066	0.379721604866066	1
7	90741906	90741907	54	34	1.2	2	1	0.1	1	0	0.9	unphased	0.621905805038335	0.621905805038335	1
7	90895111	90895112	40	24	1.2	2	1	0.1	1	0	0.9	unphased	0.603614457831326	0.603614457831326	1
7	92027876	92027877	68	22	1.2	2	1	0.1	1	0	0.9	unphased	0.393467202141901	0.393467202141901	1
7	92734878	92734879	102	18	1.2	2	1	0.1	1	0	0.9	unphased	0.24144578313253	0.24144578313253	1
7	92761674	92761675	103	38	1.2	2	1	0.1	1	0	0.9	unphased	0.433803298299581	0.433803298299581	1
7	93108739	93108740	98	27	1.2	2	1	0.1	1	0	0.9	unphased	0.347681927710843	0.347681927710843	1
7	94989373	94989374	65	30	1.2	2	1	0.1	1	0	0.9	unphased	0.508306911857958	0.508306911857958	1
7	95221882	95221883	93	42	1.2	2	1	0.1	1	0	0.9	unphased	0.500776439089692	0.500776439089692	1
7	95662083	95662084	73	26	1.2	2	1	0.1	1	0	0.9	unphased	0.422733357673117	0.422733357673117	1
7	96637089	96637090	18	5	1.2	2	1	0.1	1	0	0.9	unphased	0.349921424829754	0.349921424829754	1
7	97823413	97823414	26	4	1.2	2	1	0.1	1	0	0.9	unphased	0.214618473895582	0.214618473895582	1
7	98592370	98592371	78	96	1.2	2	1	0.1	1	0	0.9	unphased	0.888076443705858	0.888076443705858	1
7	99627562	99627563	44	19	1.2	2	1	0.1	1	0	0.9	unphased	0.485446548097151	0.485446548097151	1
7	99758433	99758434	32	14	1.2	2	1	0.1	1	0	0.9	unphased	0.489889994761656	0.489889994761656	1
7	100187503	100187504	12	3	1.2	2	1	0.1	1	0	0.9	unphased	0.321927710843374	0.321927710843374	1
7	100421285	100421286	30	29	4	2	2	1	NA	NA	NA	unphased	2.16744945885236	1.08372472942618	2
7	100490809	100490810	21	14	4	2	2	1	NA	NA	NA	unphased	1.76385542168675	0.881927710843374	2
7	100683306	100683307	267	171	4	2	2	1	NA	NA	NA	unphased	1.72157121637234	0.860785608186169	2
7	100816638	100816639	34	21	4	2	2	1	NA	NA	NA	unphased	1.68368017524644	0.84184008762322	2
7	103243832	103243833	72	44	4	2	2	1	NA	NA	NA	unphased	1.67262152056502	0.836310760282509	2
7	103281026	103281027	38	18	4	2	2	1	NA	NA	NA	unphased	1.41738382099828	1.41738382099828	1
7	103338306	103338307	51	31	4	2	2	1	NA	NA	NA	unphased	1.66705847781369	0.833529238906847	2
7	104377157	104377158	18	6	4	2	2	1	NA	NA	NA	unphased	1.10240963855422	1.10240963855422	1
7	105903962	105903963	78	56	4	2	2	1	NA	NA	NA	unphased	1.8428340226578	0.921417011328898	2
7	105903963	105903964	77	56	4	2	2	1	NA	NA	NA	unphased	1.856689917565	0.928344958782498	2
7	106545559	106545560	109	65	4	2	2	1	NA	NA	NA	unphased	1.64727877025343	0.823639385126714	2
7	107330584	107330585	162	33	4	2	2	1	NA	NA	NA	unphased	0.746246524559778	0.746246524559778	1
7	107580555	107580556	123	37	4	2	2	1	NA	NA	NA	unphased	1.01972891566265	1.01972891566265	1
7	107596004	107596005	27	10	4	2	2	1	NA	NA	NA	unphased	1.1917942038424	1.1917942038424	1
7	107704270	107704271	102	72	4	2	2	1	NA	NA	NA	unphased	1.82467802243457	0.912339011217283	2
7	107720049	107720050	29	8	4	2	2	1	NA	NA	NA	unphased	0.953435363073918	0.953435363073918	1
7	107752331	107752332	88	57	4	2	2	1	NA	NA	NA	unphased	1.73344412131284	0.866722060656419	2
7	107824870	107824871	32	34	4	2	2	1	NA	NA	NA	unphased	2.27163198247536	1.13581599123768	2
7	107834475	107834476	28	30	4	2	2	1	NA	NA	NA	unphased	2.28084752804321	1.1404237640216	2
7	110764720	110764721	63	22	2.36	2	2	0.18	1	1	0.82	unphased	0.716847625797307	0.716847625797307	1
7	112462223	112462224	48	29	2.36	2	2	0.18	1	1	0.82	unphased	1.04311062431544	1.04311062431544	1
7	112723656	112723657	94	20	2.36	2	2	0.18	1	1	0.82	unphased	0.485901500739801	0.485901500739801	1
7	113522185	113522186	34	14	2.36	2	2	0.18	1	1	0.82	unphased	0.80781124497992	0.80781124497992	1
7	117351759	117351760	75	15	2.36	2	2	0.18	1	1	0.82	unphased	0.461606425702811	0.461606425702811	1
7	119915465	119915466	37	27	2.36	2	2	0.18	1	1	0.82	unphased	1.16844126506024	1.16844126506024	1
7	120381648	120381649	23	8	2.36	2	2	0.18	1	1	0.82	unphased	0.714745433346288	0.714745433346288	1
7	121941900	121941901	16	8	2.36	2	2	0.18	1	1	0.82	unphased	0.923212851405622	0.923212851405622	1
7	122338885	122338886	59	42	2.36	2	2	0.18	1	1	0.82	unphased	1.15173088393177	1.15173088393177	1
7	123269187	123269188	53	29	2.36	2	2	0.18	1	1	0.82	unphased	0.979506317954746	0.979506317954746	1
7	126079097	126079098	37	19	4	2	2	1	NA	NA	NA	unphased	1.49612736660929	0.748063683304647	2
7	127222899	127222900	58	20	4	2	2	1	NA	NA	NA	unphased	1.1306765523633	1.1306765523633	1
7	128320123	128320124	9	4	4	2	2	1	NA	NA	NA	unphased	1.35681186283596	1.35681186283596	1
7	129915023	129915024	36	13	4	2	2	1	NA	NA	NA	unphased	1.1699041062208	1.1699041062208	1
7	131172489	131172490	47	23	4	2	2	1	NA	NA	NA	unphased	1.44888123924269	0.724440619621343	2
7	131883311	131883312	49	39	4	2	2	1	NA	NA	NA	unphased	1.95427163198248	0.977135815991238	2
7	133812137	133812138	108	75	4	2	2	1	NA	NA	NA	unphased	1.80722891566265	0.903614457831325	2
7	134260624	134260625	50	29	4	2	2	1	NA	NA	NA	unphased	1.61872807686442	0.80936403843221	2
7	134889118	134889119	40	10	4	2	2	1	NA	NA	NA	unphased	0.881927710843374	0.881927710843374	1
7	134896281	134896282	40	23	4	2	2	1	NA	NA	NA	unphased	1.60986804360298	0.804934021801492	2
7	135368919	135368920	35	18	4	2	2	1	NA	NA	NA	unphased	1.49761309388497	0.748806546942487	2
7	136588038	136588039	50	38	2.22	2	2	0.11	1	1	0.89	unphased	1.13552573932092	1.13552573932092	1
7	136699602	136699603	26	18	2.22	2	2	0.11	1	1	0.89	unphased	1.07576122672508	1.07576122672508	1
7	136700062	136700063	100	31	2.22	2	2	0.11	1	1	0.89	unphased	0.622280879242159	0.622280879242159	1
7	138862970	138862971	30	10	2.22	2	2	0.11	1	1	0.89	unphased	0.657409638554217	0.657409638554217	1
7	138862980	138862981	26	9	2.22	2	2	0.11	1	1	0.89	unphased	0.676192771084337	0.676192771084337	1
7	138968512	138968513	63	30	2.22	2	2	0.11	1	1	0.89	unphased	0.84827050136028	0.84827050136028	1
7	139662032	139662033	13	12	2.22	2	2	0.11	1	1	0.89	unphased	1.2622265060241	1.2622265060241	1
7	141490166	141490167	55	20	2.22	2	2	0.11	1	1	0.89	unphased	0.701236947791165	0.701236947791165	1
7	141705440	141705441	6	8	2.22	2	2	0.11	1	1	0.89	unphased	1.50265060240964	1.50265060240964	1
7	141721472	141721473	59	39	2.22	2	2	0.11	1	1	0.89	unphased	1.04648881239243	1.04648881239243	1
7	142001006	142001007	15	4	4	2	2	1	NA	NA	NA	unphased	0.928344958782498	0.928344958782498	1
7	142111563	142111564	70	25	4	2	2	1	NA	NA	NA	unphased	1.16043119847812	1.16043119847812	1
7	142119871	142119872	112	30	4	2	2	1	NA	NA	NA	unphased	0.931613779059902	0.931613779059902	1
7	142131873	142131874	54	22	4	2	2	1	NA	NA	NA	unphased	1.27647431832594	1.27647431832594	1
7	142162143	142162144	120	31	4	2	2	1	NA	NA	NA	unphased	0.905290034309423	0.905290034309423	1
7	142423393	142423394	35	27	4	2	2	1	NA	NA	NA	unphased	1.92032646715896	0.960163233579479	2
7	142448727	142448728	13	11	4	2	2	1	NA	NA	NA	unphased	2.0210843373494	1.0105421686747	2
7	142564020	142564021	25	15	4	2	2	1	NA	NA	NA	unphased	1.65361445783133	0.826807228915663	2
7	143701310	143701311	80	52	4	2	2	1	NA	NA	NA	unphased	1.73713033953998	0.868565169769989	2
7	144098653	144098654	30	22	4	2	2	1	NA	NA	NA	unphased	1.86561631139944	0.932808155699722	2
7	146536992	146536993	10	5	4	2	2	1	NA	NA	NA	unphased	1.46987951807229	1.46987951807229	1
7	148112617	148112618	69	17	4	2	2	1	NA	NA	NA	unphased	0.871672737461474	0.871672737461474	1
7	149493778	149493779	14	6	4	2	2	1	NA	NA	NA	unphased	1.32289156626506	1.32289156626506	1
7	150557536	150557537	24	19	4	2	2	1	NA	NA	NA	unphased	1.94844494256094	0.974222471280471	2
7	150647420	150647421	62	15	4	2	2	1	NA	NA	NA	unphased	0.859020497574715	0.859020497574715	1
7	150695471	150695472	11	4	4	2	2	1	NA	NA	NA	unphased	1.17590361445783	1.17590361445783	1
7	154876221	154876222	27	19	3.72	2	2	0.86	1	1	0.14	unphased	1.70572027239392	0.917053909889206	1.86
7	154876247	154876248	14	12	3.72	2	2	0.86	1	1	0.14	unphased	1.90598702502317	1.0247242070017	1.86
7	155473475	155473476	31	6	3.72	2	2	0.86	1	1	0.14	unphased	0.669671116900033	0.669671116900033	1
7	157369416	157369417	5	8	3.72	2	2	0.86	1	1	0.14	unphased	2.54131603336423	1.36629894266894	1.86
7	157387953	157387954	38	29	3.72	2	2	0.86	1	1	0.14	unphased	1.78745549361626	0.960997577213041	1.86
7	157959840	157959841	23	13	3.72	2	2	0.86	1	1	0.14	unphased	1.49125836680054	1.49125836680054	1
7	158557500	158557501	92	27	3.72	2	2	0.86	1	1	0.14	unphased	0.936976814822314	0.936976814822314	1
8	1497029	1497030	3	6	2	2	0	1	NA	NA	NA	unphased	1.60642570281124	1.60642570281124	1
8	2967853	2967854	0	8	2	2	0	1	NA	NA	NA	unphased	2.40963855421687	1.20481927710843	2
8	3063085	3063086	4	11	2	2	0	1	NA	NA	NA	unphased	1.76706827309237	0.883534136546185	2
8	6794321	6794322	11	23	2	2	0	1	NA	NA	NA	unphased	1.63004961020553	0.815024805102764	2
8	10469674	10469675	5	23	2	2	0	1	NA	NA	NA	unphased	1.97934595524957	0.989672977624785	2
8	10480322	10480323	2	26	2	2	0	1	NA	NA	NA	unphased	2.23752151462995	1.11876075731497	2
8	10623172	10623173	11	45	2	2	0	1	NA	NA	NA	unphased	1.93631669535284	0.96815834767642	2
8	17133937	17133938	6	10	2	2	0	1	NA	NA	NA	unphased	1.50602409638554	1.50602409638554	1
8	21964962	21964963	17	35	2	2	0	1	NA	NA	NA	unphased	1.62187210379981	0.810936051899907	2
8	24365047	24365048	16	43	2	2	0	1	NA	NA	NA	unphased	1.75617725137839	0.878088625689197	2
8	27312092	27312093	0	16	2	2	0	1	NA	NA	NA	unphased	2.40963855421687	1.20481927710843	2
8	27362536	27362537	1	17	2	2	0	1	NA	NA	NA	unphased	2.27576974564926	1.13788487282463	2
8	33319023	33319024	3	20	2	2	0	1	NA	NA	NA	unphased	2.09533787323206	1.04766893661603	2
8	38934809	38934810	52	27	3	3	0	1	NA	NA	NA	unphased	1.16531950587159	1.16531950587159	1
8	42038060	42038061	54	14	2.76	3	0	0.88	1	0	0.12	unphased	0.652572643515237	0.741559822176406	0.88
8	48743263	48743264	8	48	2.76	3	0	0.88	1	0	0.12	unphased	2.7168330464716	0.984359799446232	2.76
8	51314879	51314880	62	57	3	3	0	1	NA	NA	NA	unphased	1.63318821504505	0.816594107522527	2
8	54708362	54708363	54	20	3	3	0	1	NA	NA	NA	unphased	0.921523933572127	0.921523933572127	1
8	57025848	57025849	28	14	3	3	0	1	NA	NA	NA	unphased	1.13654618473896	1.13654618473896	1
8	67089254	67089255	4	39	3	3	0	1	NA	NA	NA	unphased	3.09246287475483	1.03082095825161	3
8	67925332	67925333	7	48	3	3	0	1	NA	NA	NA	unphased	2.97568455640745	0.991894852135816	3
8	68074066	68074067	42	63	3	3	0	1	NA	NA	NA	unphased	2.04578313253012	1.02289156626506	2
8	74005090	74005091	10	15	3	3	0	1	NA	NA	NA	unphased	2.04578313253012	1.02289156626506	2
8	85774567	85774568	20	5	4	3	1	1	NA	NA	NA	unphased	0.881927710843374	0.881927710843374	1
8	87076514	87076515	64	7	4	3	1	1	NA	NA	NA	unphased	0.434753096894621	0.434753096894621	1
8	88365940	88365941	54	8	4	3	1	1	NA	NA	NA	unphased	0.568985619898951	0.568985619898951	1
8	88885061	88885062	47	11	4	3	1	1	NA	NA	NA	unphased	0.836310760282509	0.836310760282509	1
8	89053683	89053684	69	25	4	3	1	1	NA	NA	NA	unphased	1.17277621122789	1.17277621122789	1
8	92008958	92008959	8	12	4	3	1	1	NA	NA	NA	unphased	2.64578313253012	0.881927710843374	3
8	92999143	92999144	129	31	4	3	1	1	NA	NA	NA	unphased	0.854367469879518	0.854367469879518	1
8	95531474	95531475	70	11	4	3	1	1	NA	NA	NA	unphased	0.598839803659081	0.598839803659081	1
8	96166797	96166798	82	25	4	3	1	1	NA	NA	NA	unphased	1.03028938182637	1.03028938182637	1
8	97797116	97797117	29	46	4	3	1	1	NA	NA	NA	unphased	2.70457831325301	0.901526104417671	3
8	97797455	97797456	35	10	4	3	1	1	NA	NA	NA	unphased	0.97991967871486	0.97991967871486	1
8	99170562	99170563	17	13	4	3	1	1	NA	NA	NA	unphased	1.91084337349398	0.955421686746988	2
8	100168908	100168909	131	45	4	3	1	1	NA	NA	NA	unphased	1.12746440306681	1.12746440306681	1
8	101059720	101059721	83	15	4	3	1	1	NA	NA	NA	unphased	0.674944676665847	0.674944676665847	1
8	101075825	101075826	76	21	4	3	1	1	NA	NA	NA	unphased	0.954664016892312	0.954664016892312	1
8	104831714	104831715	50	30	4	3	1	1	NA	NA	NA	unphased	1.65361445783133	0.826807228915663	2
8	105503424	105503425	35	32	4	3	1	1	NA	NA	NA	unphased	2.10609602589462	1.05304801294731	2
8	106813285	106813286	114	21	1.12	3	1	0.04	0	1	0.96	unphased	0.237943775100402	0.237943775100402	1
8	106814630	106814631	30	23	1.12	3	1	0.04	0	1	0.96	unphased	0.663805410320528	0.663805410320528	1
8	106814941	106814942	27	6	1.12	3	1	0.04	0	1	0.96	unphased	0.278116100766703	0.278116100766703	1
8	106814942	106814943	27	6	1.12	3	1	0.04	0	1	0.96	unphased	0.278116100766703	0.278116100766703	1
8	109094836	109094837	32	15	1.12	3	1	0.04	0	1	0.96	unphased	0.488182517303256	0.488182517303256	1
8	110355659	110355660	55	101	1.12	3	1	0.04	0	1	0.96	unphased	0.990342910101946	0.990342910101946	1
8	110432847	110432848	63	18	1.12	3	1	0.04	0	1	0.96	unphased	0.339919678714859	0.339919678714859	1
8	110509422	110509423	79	21	1.12	3	1	0.04	0	1	0.96	unphased	0.321224096385542	0.321224096385542	1
8	113277718	113277719	95	60	4	3	1	1	NA	NA	NA	unphased	1.70695685969685	0.853478429848426	2
8	113299342	113299343	36	61	4	3	1	1	NA	NA	NA	unphased	2.77307166811576	0.924357222705254	3
8	113421195	113421196	79	14	4	3	1	1	NA	NA	NA	unphased	0.663816556548776	0.663816556548776	1
8	113649082	113649083	38	24	4	3	1	1	NA	NA	NA	unphased	1.70695685969685	0.853478429848426	2
8	114186065	114186066	62	19	4	3	1	1	NA	NA	NA	unphased	1.03435966086569	1.03435966086569	1
8	116632120	116632121	73	10	1.84	2	1	0.42	1	0	0.58	unphased	0.271040789664683	0.64533521348734	0.42
8	120430297	120430298	119	11	1.84	2	1	0.42	1	0	0.58	unphased	0.190354031510658	0.190354031510658	1
8	121267590	121267591	82	34	1.84	2	1	0.42	1	0	0.58	unphased	0.659376817615289	0.659376817615289	1
8	121322277	121322278	25	35	1.84	2	1	0.42	1	0	0.58	unphased	1.31228915662651	0.924147293398948	1.42
8	121379456	121379457	30	6	1.84	2	1	0.42	1	0	0.58	unphased	0.374939759036145	0.89271371199082	0.42
8	121522220	121522221	30	44	1.84	2	1	0.42	1	0	0.58	unphased	1.33762292412895	0.941987974738696	1.42
8	122626967	122626968	88	14	1.84	2	1	0.42	1	0	0.58	unphased	0.308773919206237	0.735175998110087	0.42
8	124553287	124553288	18	6	1.84	2	1	0.42	1	0	0.58	unphased	0.562409638554217	1.33907056798623	0.42
8	124810340	124810341	389	74	1.84	2	1	0.42	1	0	0.58	unphased	0.359553462229046	0.856079671973919	0.42
8	127568981	127568982	11	12	1.84	2	1	0.42	1	0	0.58	unphased	1.17372446306967	1.17372446306967	1
8	131193081	131193082	106	122	1.84	2	1	0.42	1	0	0.58	unphased	1.20375396322131	0.847714058606554	1.42
8	133196584	133196585	81	29	1.84	2	1	0.42	1	0	0.58	unphased	0.593086527929901	0.593086527929901	1
8	134262741	134262742	83	30	1.84	2	1	0.42	1	0	0.58	unphased	0.597249173685894	0.597249173685894	1
8	139323082	139323083	37	39	1.84	2	1	0.42	1	0	0.58	unphased	1.15441978440076	1.15441978440076	1
8	139323118	139323119	54	28	1.84	2	1	0.42	1	0	0.58	unphased	0.768169262415516	0.768169262415516	1
8	139767452	139767453	14	20	1.84	2	1	0.42	1	0	0.58	unphased	1.32331679659816	1.32331679659816	1
8	143425728	143425729	5	6	1.84	2	1	0.42	1	0	0.58	unphased	1.22707557502738	1.22707557502738	1
8	144994339	144994340	40	4	1.36	2	1	0.18	1	0	0.82	unphased	0.160876232201533	0.893756845564075	0.18
8	145095280	145095281	12	35	1.36	2	1	0.18	1	0	0.82	unphased	1.31781594462958	1.1167931734149	1.18
8	145106706	145106707	7	3	1.36	2	1	0.18	1	0	0.82	unphased	0.53089156626506	0.53089156626506	1
8	145661148	145661149	65	19	1.36	2	1	0.18	1	0	0.82	unphased	0.400275387263339	0.400275387263339	1
9	215375	215376	25	14	2	1	1	1	NA	NA	NA	unphased	0.864998455359901	0.864998455359901	1
9	990260	990261	22	13	2	1	1	1	NA	NA	NA	unphased	0.895008605851979	0.895008605851979	1
9	3257185	3257186	20	13	2	1	1	1	NA	NA	NA	unphased	0.94925155166119	0.94925155166119	1
9	6981061	6981062	16	8	2	1	1	1	NA	NA	NA	unphased	0.803212851405622	0.803212851405622	1
9	8465627	8465628	9	21	1	1	0	1	NA	NA	NA	unphased	0.986746987951807	0.986746987951807	1
9	15744330	15744331	43	25	2	1	1	1	NA	NA	NA	unphased	0.885896527285613	0.885896527285613	1
9	19102591	19102592	17	6	2	1	1	1	NA	NA	NA	unphased	0.628601361969618	0.628601361969618	1
9	20778688	20778689	21	7	2	1	1	1	NA	NA	NA	unphased	0.602409638554217	0.602409638554217	1
9	21334474	21334475	25	24	2	1	1	1	NA	NA	NA	unphased	1.18023112859602	1.18023112859602	1
9	21367445	21367446	141	23	2	1	1	1	NA	NA	NA	unphased	0.337937114310902	0.337937114310902	1
9	21367446	21367447	140	24	2	1	1	1	NA	NA	NA	unphased	0.35263003232442	0.35263003232442	1
9	21409359	21409360	56	40	2	1	1	1	NA	NA	NA	unphased	1.00401606425703	1.00401606425703	1
9	21441065	21441066	75	19	2	1	1	1	NA	NA	NA	unphased	0.48705460138426	0.48705460138426	1
9	21441066	21441067	75	19	2	1	1	1	NA	NA	NA	unphased	0.48705460138426	0.48705460138426	1
9	21481347	21481348	56	32	2	1	1	1	NA	NA	NA	unphased	0.876232201533406	0.876232201533406	1
9	22823355	22823356	17	8	2	1	1	1	NA	NA	NA	unphased	0.771084337349398	0.771084337349398	1
9	26935112	26935113	34	24	2	1	1	1	NA	NA	NA	unphased	0.997091815538014	0.997091815538014	1
9	27169484	27169485	87	60	2	1	1	1	NA	NA	NA	unphased	0.983525940496681	0.983525940496681	1
9	27949487	27949488	42	29	2	1	1	1	NA	NA	NA	unphased	0.984218564398439	0.984218564398439	1
9	32784600	32784601	8	6	2	1	1	1	NA	NA	NA	unphased	1.03270223752151	1.03270223752151	1
9	34513162	34513163	69	40	2	1	1	1	NA	NA	NA	unphased	0.88427102907041	0.88427102907041	1
9	34557670	34557671	17	11	2	1	1	1	NA	NA	NA	unphased	0.946643717728055	0.946643717728055	1
9	34614101	34614102	30	18	2	1	1	1	NA	NA	NA	unphased	0.903614457831325	0.903614457831325	1
9	35677843	35677844	38	21	2	1	1	1	NA	NA	NA	unphased	0.857667959975495	0.857667959975495	1
9	35750662	35750663	21	10	2	1	1	1	NA	NA	NA	unphased	0.777302759424796	0.777302759424796	1
9	39361217	39361218	17	12	1.37	1	1	0.37	1	0	0.63	unphased	0.7364021603656	0.7364021603656	1
9	43627402	43627403	115	62	1.37	1	1	0.37	1	0	0.63	unphased	0.623376216731332	0.623376216731332	1
9	43627620	43627621	170	22	1.37	1	1	0.37	1	0	0.63	unphased	0.203916917670683	0.203916917670683	1
9	70177167	70177168	30	4	1.37	1	1	0.37	1	0	0.63	unphased	0.209369241672573	0.565862815331277	0.37
9	70177168	70177169	29	4	1.37	1	1	0.37	1	0	0.63	unphased	0.215713764147499	0.583010173371619	0.37
9	74975668	74975669	92	38	3	2	1	1	NA	NA	NA	unphased	0.996663577386469	0.996663577386469	1
9	75357411	75357412	35	11	3	2	1	1	NA	NA	NA	unphased	0.815348349921425	0.815348349921425	1
9	75407168	75407169	237	62	3	2	1	1	NA	NA	NA	unphased	0.707015352379417	0.707015352379417	1
9	78794551	78794552	32	10	3	2	1	1	NA	NA	NA	unphased	0.811818703384969	0.811818703384969	1
9	79007413	79007414	76	36	3	2	1	1	NA	NA	NA	unphased	1.09595524956971	1.09595524956971	1
9	79252445	79252446	52	16	3	2	1	1	NA	NA	NA	unphased	0.802267895109851	0.802267895109851	1
9	79270341	79270342	14	8	3	2	1	1	NA	NA	NA	unphased	1.23986856516977	1.23986856516977	1
9	79325447	79325448	30	12	3	2	1	1	NA	NA	NA	unphased	0.974182444061962	0.974182444061962	1
9	79973270	79973271	34	9	3	2	1	1	NA	NA	NA	unphased	0.713645278789577	0.713645278789577	1
9	82333807	82333808	21	24	2	1	1	1	NA	NA	NA	unphased	1.285140562249	1.285140562249	1
9	84532089	84532090	31	8	3	2	1	1	NA	NA	NA	unphased	0.699413036762434	0.699413036762434	1
9	84562538	84562539	22	13	3	2	1	1	NA	NA	NA	unphased	1.26643717728055	1.26643717728055	1
9	86895753	86895754	20	22	3	2	1	1	NA	NA	NA	unphased	1.78600114744693	0.893000573723465	2
9	88590066	88590067	53	12	3	2	1	1	NA	NA	NA	unphased	0.629471733086191	0.629471733086191	1
9	94486417	94486418	48	20	3	2	1	1	NA	NA	NA	unphased	1.00283486888731	1.00283486888731	1
9	95086475	95086476	91	43	3	2	1	1	NA	NA	NA	unphased	1.09413774500989	1.09413774500989	1
9	96024976	96024977	6	22	3	2	1	1	NA	NA	NA	unphased	2.6790017211704	1.3395008605852	2
9	97087906	97087907	22	5	3	2	1	1	NA	NA	NA	unphased	0.631414547077198	0.631414547077198	1
9	99694188	99694189	17	8	3	2	1	1	NA	NA	NA	unphased	1.0910843373494	1.0910843373494	1
9	100693264	100693265	49	23	3	2	1	1	NA	NA	NA	unphased	1.08919009370817	1.08919009370817	1
9	101817619	101817620	34	7	3	2	1	1	NA	NA	NA	unphased	0.582133411695563	0.582133411695563	1
9	103338943	103338944	34	59	3	2	1	1	NA	NA	NA	unphased	2.1631040290193	1.08155201450965	2
9	104357284	104357285	17	9	3	2	1	1	NA	NA	NA	unphased	1.18025949953661	1.18025949953661	1
9	104375758	104375759	31	5	3	2	1	1	NA	NA	NA	unphased	0.473560910307898	0.473560910307898	1
9	105765489	105765490	65	24	3	2	1	1	NA	NA	NA	unphased	0.919453093271964	0.919453093271964	1
9	107289254	107289255	78	25	3	2	1	1	NA	NA	NA	unphased	0.827582173353609	0.827582173353609	1
9	111679911	111679912	91	26	3	2	1	1	NA	NA	NA	unphased	0.757697456492637	0.757697456492637	1
9	111849478	111849479	118	45	3	2	1	1	NA	NA	NA	unphased	0.941311257299135	0.941311257299135	1
9	116269719	116269720	11	10	3	2	1	1	NA	NA	NA	unphased	1.62363740676994	1.62363740676994	1
9	119976807	119976808	31	7	3	2	1	1	NA	NA	NA	unphased	0.628091312618897	0.628091312618897	1
9	119976851	119976852	22	20	3	2	1	1	NA	NA	NA	unphased	1.62363740676994	0.811818703384969	2
9	120476500	120476501	36	32	3	2	1	1	NA	NA	NA	unphased	1.6045357902197	0.802267895109851	2
9	123202028	123202029	47	16	3	2	1	1	NA	NA	NA	unphased	0.8659399502773	0.8659399502773	1
9	123249604	123249605	94	34	3	2	1	1	NA	NA	NA	unphased	0.905685240963855	0.905685240963855	1
9	123676547	123676548	23	4	3	2	1	1	NA	NA	NA	unphased	0.505131637661758	0.505131637661758	1
9	125239833	125239834	25	13	3	2	1	1	NA	NA	NA	unphased	1.16645529486367	1.16645529486367	1
9	125438218	125438219	41	10	3	2	1	1	NA	NA	NA	unphased	0.668556579258209	0.668556579258209	1
9	125562561	125562562	19	27	3	2	1	1	NA	NA	NA	unphased	2.00130958617077	1.00065479308539	2
9	125582313	125582314	9	10	3	2	1	1	NA	NA	NA	unphased	1.79454660748256	0.897273303741281	2
9	125616468	125616469	52	70	3	2	1	1	NA	NA	NA	unphased	1.95634999012443	0.978174995062216	2
9	127781159	127781160	48	14	3	2	1	1	NA	NA	NA	unphased	0.76991838321026	0.76991838321026	1
9	130473637	130473638	26	17	3	2	1	1	NA	NA	NA	unphased	1.34799663771365	1.34799663771365	1
9	130980564	130980565	145	65	3	2	1	1	NA	NA	NA	unphased	1.05536431440046	1.05536431440046	1
9	131008769	131008770	19	11	3	2	1	1	NA	NA	NA	unphased	1.25020080321285	1.25020080321285	1
9	131403160	131403161	23	9	3	2	1	1	NA	NA	NA	unphased	0.958960843373494	0.958960843373494	1
9	132381835	132381836	46	57	3	2	1	1	NA	NA	NA	unphased	1.88688735524623	0.943443677623114	2
9	132662335	132662336	40	17	2.48	2	1	0.74	1	0	0.26	unphased	0.861822024941873	0.861822024941873	1
9	133507638	133507639	28	8	2.48	2	1	0.74	1	0	0.26	unphased	0.642141900937082	0.642141900937082	1
9	133577569	133577570	41	13	2.48	2	1	0.74	1	0	0.26	unphased	0.695653726015172	0.695653726015172	1
9	135102235	135102236	11	4	2.48	2	1	0.74	1	0	0.26	unphased	0.770570281124498	0.770570281124498	1
9	137772728	137772729	4	5	2.48	2	1	0.74	1	0	0.26	unphased	1.6053547523427	1.6053547523427	1
9	139281989	139281990	50	49	2.48	2	1	0.74	1	0	0.26	unphased	1.43022514299623	0.821968472986337	1.74
9	139342098	139342099	12	8	2.48	2	1	0.74	1	0	0.26	unphased	1.15585542168675	1.15585542168675	1
9	139744521	139744522	45	25	2.48	2	1	0.74	1	0	0.26	unphased	1.03201376936317	1.03201376936317	1
9	140438209	140438210	56	17	2.48	2	1	0.74	1	0	0.26	unphased	0.672929526324476	0.909364224762805	0.74
9	140611391	140611392	68	22	2.48	2	1	0.74	1	0	0.26	unphased	0.70635609103079	0.954535258149716	0.74
X	3240137	3240138	5	16	NA	NA	NA	NA	NA	NA	NA	unphased	NA	NA	1
X	5821197	5821198	2	26	NA	NA	NA	NA	NA	NA	NA	unphased	NA	NA	1
X	7268023	7268024	5	32	NA	NA	NA	NA	NA	NA	NA	unphased	NA	NA	1
X	12938302	12938303	16	32	NA	NA	NA	NA	NA	NA	NA	unphased	NA	NA	1
X	19935377	19935378	20	60	NA	NA	NA	NA	NA	NA	NA	unphased	NA	NA	1
X	26212496	26212497	33	32	NA	NA	NA	NA	NA	NA	NA	unphased	NA	NA	1
X	30872361	30872362	7	56	NA	NA	NA	NA	NA	NA	NA	unphased	NA	NA	1
X	34150105	34150106	87	34	NA	NA	NA	NA	NA	NA	NA	unphased	NA	NA	1
X	34961532	34961533	4	43	NA	NA	NA	NA	NA	NA	NA	unphased	NA	NA	1
X	34962670	34962671	102	56	NA	NA	NA	NA	NA	NA	NA	unphased	NA	NA	1
X	37027153	37027154	47	35	NA	NA	NA	NA	NA	NA	NA	unphased	NA	NA	1
X	37641366	37641367	39	28	NA	NA	NA	NA	NA	NA	NA	unphased	NA	NA	1
X	37665660	37665661	11	46	NA	NA	NA	NA	NA	NA	NA	unphased	NA	NA	1
X	38129072	38129073	9	20	NA	NA	NA	NA	NA	NA	NA	unphased	NA	NA	1
X	39931815	39931816	19	18	NA	NA	NA	NA	NA	NA	NA	unphased	NA	NA	1
X	46332328	46332329	24	40	NA	NA	NA	NA	NA	NA	NA	unphased	NA	NA	1
X	47315754	47315755	52	16	NA	NA	NA	NA	NA	NA	NA	unphased	NA	NA	1
X	49084721	49084722	26	14	NA	NA	NA	NA	NA	NA	NA	unphased	NA	NA	1
X	49355817	49355818	405	132	NA	NA	NA	NA	NA	NA	NA	unphased	NA	NA	1
X	49961637	49961638	7	61	NA	NA	NA	NA	NA	NA	NA	unphased	NA	NA	1
X	51150877	51150878	34	8	NA	NA	NA	NA	NA	NA	NA	unphased	NA	NA	1
X	53574962	53574963	7	10	NA	NA	NA	NA	NA	NA	NA	unphased	NA	NA	1
X	57619591	57619592	28	16	NA	NA	NA	NA	NA	NA	NA	unphased	NA	NA	1
X	70340945	70340946	28	20	NA	NA	NA	NA	NA	NA	NA	unphased	NA	NA	1
X	72433138	72433139	20	10	NA	NA	NA	NA	NA	NA	NA	unphased	NA	NA	1
X	73063568	73063569	15	12	NA	NA	NA	NA	NA	NA	NA	unphased	NA	NA	1
X	73524514	73524515	18	25	NA	NA	NA	NA	NA	NA	NA	unphased	NA	NA	1
X	75650648	75650649	4	26	NA	NA	NA	NA	NA	NA	NA	unphased	NA	NA	1
X	78618467	78618468	4	28	NA	NA	NA	NA	NA	NA	NA	unphased	NA	NA	1
X	86888815	86888816	2	24	NA	NA	NA	NA	NA	NA	NA	unphased	NA	NA	1
X	90690752	90690753	2	8	NA	NA	NA	NA	NA	NA	NA	unphased	NA	NA	1
X	91131977	91131978	8	39	NA	NA	NA	NA	NA	NA	NA	unphased	NA	NA	1
X	106186414	106186415	42	28	NA	NA	NA	NA	NA	NA	NA	unphased	NA	NA	1
X	107434763	107434764	3	40	NA	NA	NA	NA	NA	NA	NA	unphased	NA	NA	1
X	107976415	107976416	26	21	NA	NA	NA	NA	NA	NA	NA	unphased	NA	NA	1
X	109696472	109696473	65	44	NA	NA	NA	NA	NA	NA	NA	unphased	NA	NA	1
X	109696760	109696761	82	47	NA	NA	NA	NA	NA	NA	NA	unphased	NA	NA	1
X	109697236	109697237	58	47	NA	NA	NA	NA	NA	NA	NA	unphased	NA	NA	1
X	110496427	110496428	21	17	NA	NA	NA	NA	NA	NA	NA	unphased	NA	NA	1
X	111090379	111090380	39	48	NA	NA	NA	NA	NA	NA	NA	unphased	NA	NA	1
X	111874534	111874535	5	3	NA	NA	NA	NA	NA	NA	NA	unphased	NA	NA	1
X	120008926	120008927	31	17	NA	NA	NA	NA	NA	NA	NA	unphased	NA	NA	1
X	120182417	120182418	52	31	NA	NA	NA	NA	NA	NA	NA	unphased	NA	NA	1
X	125299264	125299265	4	16	NA	NA	NA	NA	NA	NA	NA	unphased	NA	NA	1
X	125686503	125686504	3	22	NA	NA	NA	NA	NA	NA	NA	unphased	NA	NA	1
X	130415306	130415307	30	47	NA	NA	NA	NA	NA	NA	NA	unphased	NA	NA	1
X	132160017	132160018	13	58	NA	NA	NA	NA	NA	NA	NA	unphased	NA	NA	1
X	133551319	133551320	21	5	NA	NA	NA	NA	NA	NA	NA	unphased	NA	NA	1
X	135738577	135738578	4	61	NA	NA	NA	NA	NA	NA	NA	unphased	NA	NA	1
X	135956204	135956205	13	6	NA	NA	NA	NA	NA	NA	NA	unphased	NA	NA	1
X	140993686	140993687	111	19	NA	NA	NA	NA	NA	NA	NA	unphased	NA	NA	1
X	144906013	144906014	30	14	NA	NA	NA	NA	NA	NA	NA	unphased	NA	NA	1
X	147062980	147062981	23	17	NA	NA	NA	NA	NA	NA	NA	unphased	NA	NA	1
X	148664771	148664772	26	4	NA	NA	NA	NA	NA	NA	NA	unphased	NA	NA	1
X	148796145	148796146	14	9	NA	NA	NA	NA	NA	NA	NA	unphased	NA	NA	1
X	148797869	148797870	64	43	NA	NA	NA	NA	NA	NA	NA	unphased	NA	NA	1
X	149013885	149013886	79	73	NA	NA	NA	NA	NA	NA	NA	unphased	NA	NA	1
X	149809819	149809820	39	36	NA	NA	NA	NA	NA	NA	NA	unphased	NA	NA	1
X	150912769	150912770	48	32	NA	NA	NA	NA	NA	NA	NA	unphased	NA	NA	1
X	151900751	151900752	6	59	NA	NA	NA	NA	NA	NA	NA	unphased	NA	NA	1
