chr	start	end	WT.count	mut.count	subclonal.CN	nMaj1	nMin1	frac1	nMaj2	nMin2	frac2	phase	mutation.copy.number	subclonal.fraction	no.chrs.bearing.mut
1	880945	880946	80	5	2.64	2	1	0.64	1	1	0.36	unphased	0.383667820069204	0.599480968858131	0.64
1	2938121	2938122	17	3	2.64	2	1	0.64	1	1	0.36	unphased	0.97835294117647	0.97835294117647	1
1	3424436	3424437	67	11	2.64	2	1	0.64	1	1	0.36	unphased	0.919819004524887	0.919819004524887	1
1	3548039	3548040	9	5	2.64	2	1	0.64	1	1	0.36	unphased	2.32941176470588	1.42037302725968	1.64
1	4772156	4772157	14	6	2.64	2	1	0.64	1	1	0.36	unphased	1.95670588235294	1.95670588235294	1
1	8000020	8000021	59	5	2.64	2	1	0.64	1	1	0.36	unphased	0.509558823529412	0.509558823529412	1
1	10132238	10132239	69	12	2.64	2	1	0.64	1	1	0.36	unphased	0.966274509803921	0.966274509803921	1
1	11181320	11181321	44	6	2.64	2	1	0.64	1	1	0.36	unphased	0.782682352941176	0.782682352941176	1
1	11217212	11217213	174	59	2.64	2	1	0.64	1	1	0.36	unphased	1.65158293360263	1.00706276439184	1.64
1	11898488	11898489	39	13	2.64	2	1	0.64	1	1	0.36	unphased	1.63058823529412	0.994261119081779	1.64
1	12059060	12059061	131	22	2.64	2	1	0.64	1	1	0.36	unphased	0.937854671280277	0.937854671280277	1
1	12322097	12322098	61	9	2.64	2	1	0.64	1	1	0.36	unphased	0.838588235294118	0.838588235294118	1
1	12382767	12382768	46	6	2.64	2	1	0.64	1	1	0.36	unphased	0.752579185520362	0.752579185520362	1
1	12721819	12721820	82	34	2.64	2	1	0.64	1	1	0.36	unphased	1.91172413793103	1.16568544995795	1.64
1	16559422	16559423	112	9	2.75	2	1	0.75	1	1	0.25	unphased	0.49331550802139	0.657754010695187	0.75
1	17349132	17349133	94	17	2.61	2	1	0.61	1	1	0.39	unphased	0.994324324324324	0.994324324324324	1
1	19510628	19510629	73	6	2.61	2	1	0.61	1	1	0.39	unphased	0.493090096798213	0.808344420980677	0.61
1	19565329	19565330	87	33	2.61	2	1	0.61	1	1	0.39	unphased	1.78539705882353	1.1089422725612	1.61
1	22924643	22924644	95	12	2.61	2	1	0.61	1	1	0.39	unphased	0.728114348543155	0.728114348543155	1
1	22924650	22924651	96	12	2.61	2	1	0.61	1	1	0.39	unphased	0.721372549019608	0.721372549019608	1
1	27094351	27094352	74	22	2.61	2	1	0.61	1	1	0.39	unphased	1.48783088235294	0.924118560467665	1.61
1	27677344	27677345	62	6	2.61	2	1	0.61	1	1	0.39	unphased	0.572854671280277	0.572854671280277	1
1	27875291	27875292	64	30	2.61	2	1	0.61	1	1	0.39	unphased	2.07202753441802	1.28697362386213	1.61
1	29447847	29447848	5	3	2.61	2	1	0.61	1	1	0.39	unphased	2.43463235294118	2.43463235294118	1
1	29647336	29647337	52	8	2.61	2	1	0.61	1	1	0.39	unphased	0.865647058823529	0.865647058823529	1
1	31212777	31212778	23	10	2.61	2	1	0.61	1	1	0.39	unphased	1.96737967914438	1.2219749559903	1.61
1	31230510	31230511	23	4	2.61	2	1	0.61	1	1	0.39	unphased	0.961830065359477	0.961830065359477	1
1	31406156	31406157	143	29	2.61	2	1	0.61	1	1	0.39	unphased	1.09464090287278	1.09464090287278	1
1	32687572	32687573	50	7	2.61	2	1	0.61	1	1	0.39	unphased	0.797306501547987	0.797306501547987	1
1	32740483	32740484	29	6	2.61	2	1	0.61	1	1	0.39	unphased	1.11297478991597	1.11297478991597	1
1	34033421	34033422	15	6	2.61	2	1	0.61	1	1	0.39	unphased	1.85495798319328	1.85495798319328	1
1	34037154	34037155	48	13	2.61	2	1	0.61	1	1	0.39	unphased	1.38361620057859	1.38361620057859	1
1	34663021	34663022	49	11	2.53	2	1	0.53	1	1	0.47	unphased	1.17559803921569	1.17559803921569	1
1	36307052	36307053	60	12	2.53	2	1	0.53	1	1	0.47	unphased	1.06872549019608	1.06872549019608	1
1	37324786	37324787	85	35	2.53	2	1	0.53	1	1	0.47	unphased	1.87026960784314	1.22239843649878	1.53
1	38171194	38171195	95	11	2.53	2	1	0.53	1	1	0.47	unphased	0.665432852386238	0.665432852386238	1
1	38323247	38323248	82	17	2.53	2	1	0.53	1	1	0.47	unphased	1.10111111111111	1.10111111111111	1
1	39765950	39765951	102	12	2.53	2	1	0.53	1	1	0.47	unphased	0.674984520123839	0.674984520123839	1
1	40034598	40034599	127	7	2.53	2	1	0.53	1	1	0.47	unphased	0.334973661106234	0.632025775672139	0.53
1	40432831	40432832	48	15	2.53	2	1	0.53	1	1	0.47	unphased	1.52675070028011	1.52675070028011	1
1	40734154	40734155	59	33	2.53	2	1	0.53	1	1	0.47	unphased	2.3000831202046	1.50332230078732	1.53
1	40737571	40737572	40	13	2.53	2	1	0.53	1	1	0.47	unphased	1.57284128745838	1.57284128745838	1
1	42047783	42047784	65	32	2.53	2	1	0.53	1	1	0.47	unphased	2.11541540327471	1.38262444658478	1.53
1	43021937	43021938	41	8	2.53	2	1	0.53	1	1	0.47	unphased	1.04691476590636	1.04691476590636	1
1	43241035	43241036	31	3	2.53	2	1	0.53	1	1	0.47	unphased	0.565795847750865	0.565795847750865	1
1	44437937	44437938	72	9	2.53	2	1	0.53	1	1	0.47	unphased	0.712483660130719	0.712483660130719	1
1	44474151	44474152	94	5	2.53	2	1	0.53	1	1	0.47	unphased	0.323856209150327	0.611049451227032	0.53
1	44713610	44713611	40	7	2.53	2	1	0.53	1	1	0.47	unphased	0.955031289111389	0.955031289111389	1
1	46489459	46489460	29	4	2.53	2	1	0.53	1	1	0.47	unphased	0.777254901960784	0.777254901960784	1
1	46500361	46500362	100	40	2.53	2	1	0.53	1	1	0.47	unphased	1.83210084033613	1.19745152963146	1.53
1	54233522	54233523	9	3	2.53	2	1	0.53	1	1	0.47	unphased	1.60308823529412	1.60308823529412	1
1	55521811	55521812	3	6	2.53	2	1	0.53	1	1	0.47	unphased	4.27490196078431	2.79405356914007	1.53
1	62979213	62979214	65	4	2.53	2	1	0.53	1	1	0.47	unphased	0.371730605285593	0.701378500538854	0.53
1	66085627	66085628	57	5	2.53	2	1	0.53	1	1	0.47	unphased	0.517125237191651	0.517125237191651	1
1	66834570	66834571	61	5	2.53	2	1	0.53	1	1	0.47	unphased	0.48578431372549	0.48578431372549	1
1	67147721	67147722	127	18	2.53	2	1	0.53	1	1	0.47	unphased	0.796016227180527	0.796016227180527	1
1	67560949	67560950	36	12	2.53	2	1	0.53	1	1	0.47	unphased	1.60308823529412	1.60308823529412	1
1	67881015	67881016	101	17	2.53	2	1	0.53	1	1	0.47	unphased	0.923813559322034	0.923813559322034	1
1	75037809	75037810	115	62	2.54	3	1	0.27	1	1	0.73	unphased	2.24963775340645	0.991029847315615	2.27
1	76262740	76262741	46	4	2.54	3	1	0.27	1	1	0.73	unphased	0.513788235294118	0.513788235294118	1
1	89846020	89846021	67	5	1.18	3	1	0.06	0	1	0.94	unphased	0.351552287581699	0.351552287581699	1
1	97700424	97700425	30	5	1.18	3	1	0.06	0	1	0.94	unphased	0.723193277310924	0.723193277310924	1
1	98058885	98058886	88	22	1.18	3	1	0.06	0	1	0.94	unphased	1.01247058823529	1.01247058823529	1
1	98144649	98144650	4	6	1.18	3	1	0.06	0	1	0.94	unphased	3.03741176470588	1.47447173043975	2.06
1	99753633	99753634	99	20	1.18	3	1	0.06	0	1	0.94	unphased	0.850815620365793	0.850815620365793	1
1	99771308	99771309	70	46	1.18	3	1	0.06	0	1	0.94	unphased	2.00748478701826	0.974507178164202	2.06
1	100152285	100152286	87	13	1.18	3	1	0.06	0	1	0.94	unphased	0.658105882352941	0.658105882352941	1
1	103427814	103427815	44	20	1.18	3	1	0.06	0	1	0.94	unphased	1.58198529411765	0.767954026270702	2.06
1	104160110	104160111	219	37	1.18	3	1	0.06	0	1	0.94	unphased	0.731668198529412	0.731668198529412	1
1	108766258	108766259	22	4	1.27	3	1	0.09	0	1	0.91	unphased	0.792669683257918	0.792669683257918	1
1	110018285	110018286	56	12	1.39	3	1	0.13	0	1	0.87	unphased	0.930415224913495	0.930415224913495	1
1	110033557	110033558	129	19	1.39	3	1	0.13	0	1	0.87	unphased	0.676856120826709	0.676856120826709	1
1	110086733	110086734	67	24	1.39	3	1	0.13	0	1	0.87	unphased	1.39051066580478	1.10357989349586	1.26
1	110148665	110148666	78	6	1.39	3	1	0.13	0	1	0.87	unphased	0.376596638655462	0.376596638655462	1
1	110217458	110217459	87	16	1.39	3	1	0.13	0	1	0.87	unphased	0.8190062821245	0.8190062821245	1
1	110709579	110709580	31	3	2.5	3	1	0.25	1	1	0.75	unphased	0.563148788927336	0.563148788927336	1
1	111964209	111964210	89	6	1.39	3	1	0.13	0	1	0.87	unphased	0.332990712074303	0.332990712074303	1
1	115128098	115128099	5	5	1.15	3	1	0.05	0	1	0.95	unphased	2.51617647058823	1.2274031563845	2.05
1	115168482	115168483	178	37	1.15	3	1	0.05	0	1	0.95	unphased	0.866032831737346	0.866032831737346	1
1	115829159	115829160	40	5	1.15	3	1	0.05	0	1	0.95	unphased	0.559150326797386	0.559150326797386	1
1	118461336	118461337	60	5	1.15	3	1	0.05	0	1	0.95	unphased	0.38710407239819	0.38710407239819	1
1	120279816	120279817	48	8	1.15	3	1	0.05	0	1	0.95	unphased	0.71890756302521	0.71890756302521	1
1	120462956	120462957	53	25	1.15	3	1	0.05	0	1	0.95	unphased	1.61293363499246	0.786796895118272	2.05
1	149858692	149858693	131	9	3.92	3	3	0.48	1	1	0.52	unphased	0.501579831932773	1.04495798319328	0.48
1	149884825	149884826	126	42	3.92	3	3	0.48	1	1	0.52	unphased	1.95058823529412	0.995198079231693	1.96
1	150483607	150483608	182	82	3.92	3	3	0.48	1	1	0.52	unphased	2.42345811051693	0.977200851014893	2.48
1	150933356	150933357	141	16	3.92	3	3	0.48	1	1	0.52	unphased	0.795144248782315	0.795144248782315	1
1	151491570	151491571	271	13	3.92	3	3	0.48	1	1	0.52	unphased	0.357149958574979	0.744062413697874	0.48
1	151491571	151491572	272	13	3.92	3	3	0.48	1	1	0.52	unphased	0.355896800825593	0.741451668386653	0.48
1	152082680	152082681	171	15	3.92	3	3	0.48	1	1	0.52	unphased	0.629222011385199	1.31087919038583	0.48
1	152083054	152083055	236	11	3.92	3	3	0.48	1	1	0.52	unphased	0.347473207906644	0.723902516472176	0.48
1	152128243	152128244	1460	62	3.92	3	3	0.48	1	1	0.52	unphased	0.317835665146479	0.317835665146479	1
1	152193101	152193102	173	53	3.92	3	3	0.48	1	1	0.52	unphased	1.82975533576262	0.933548640695216	1.96
1	152279618	152279619	441	17	3.92	3	3	0.48	1	1	0.52	unphased	0.289606986899563	0.289606986899563	1
1	152323302	152323303	328	95	3.92	3	3	0.48	1	1	0.52	unphased	1.75230148797107	0.894031371413814	1.96
1	152327994	152327995	567	187	3.92	3	3	0.48	1	1	0.52	unphased	1.93506631299735	0.987278731121095	1.96
1	152328504	152328505	623	87	3.92	3	3	0.48	1	1	0.52	unphased	0.956062966031483	0.956062966031483	1
1	152648473	152648474	106	38	3.92	3	3	0.48	1	1	0.52	unphased	2.05895424836601	1.05048686141123	1.96
1	152759946	152759947	145	25	NA	NA	NA	NA	NA	NA	NA	unphased	NA	NA	1
1	153785902	153785903	80	13	1.12	4	3	0.02	0	1	0.98	unphased	0.699253636938646	0.699253636938646	1
1	154558265	154558266	44	8	1.12	4	3	0.02	0	1	0.98	unphased	0.769592760180995	0.769592760180995	1
1	154558266	154558267	46	8	1.12	4	3	0.02	0	1	0.98	unphased	0.741089324618736	0.741089324618736	1
1	154841867	154841868	112	6	1.12	4	3	0.02	0	1	0.98	unphased	0.254356929212363	0.254356929212363	1
1	155170352	155170353	187	10	1.12	4	3	0.02	0	1	0.98	unphased	0.253926545237384	0.253926545237384	1
1	155491342	155491343	115	16	1.12	4	3	0.02	0	1	0.98	unphased	0.610974405029187	0.610974405029187	1
1	155735563	155735564	127	19	1.12	4	3	0.02	0	1	0.98	unphased	0.6509911361805	0.6509911361805	1
1	156498299	156498300	39	17	1.12	4	3	0.02	0	1	0.98	unphased	1.51857142857143	0.751768033946252	2.02
1	156698855	156698856	13	3	1.12	4	3	0.02	0	1	0.98	unphased	0.937941176470588	0.937941176470588	1
1	156880115	156880116	185	91	1.12	4	3	0.02	0	1	0.98	unphased	1.64932651321398	0.816498273868308	2.02
1	157668287	157668288	123	35	1.12	4	3	0.02	0	1	0.98	unphased	1.10811615785555	1.10811615785555	1
1	158058183	158058184	120	41	1.12	4	3	0.02	0	1	0.98	unphased	1.27389112166606	1.27389112166606	1
1	158259786	158259787	28	20	1.12	4	3	0.02	0	1	0.98	unphased	2.0843137254902	1.02172241445598	2.04
1	158369193	158369194	68	15	1.12	4	3	0.02	0	1	0.98	unphased	0.904039688164422	0.904039688164422	1
1	158390157	158390158	126	41	1.12	4	3	0.02	0	1	0.98	unphased	1.22812257837267	1.22812257837267	1
1	158390613	158390614	74	22	1.12	4	3	0.02	0	1	0.98	unphased	1.14637254901961	1.14637254901961	1
1	158609779	158609780	98	50	1.12	4	3	0.02	0	1	0.98	unphased	1.68998410174881	0.836625792944954	2.02
1	158623153	158623154	115	19	1.12	4	3	0.02	0	1	0.98	unphased	0.709288849868305	0.709288849868305	1
1	158906880	158906881	74	26	1.12	4	3	0.02	0	1	0.98	unphased	1.30061176470588	1.30061176470588	1
1	159283845	159283846	137	26	1.12	4	3	0.02	0	1	0.98	unphased	0.797921328040418	0.797921328040418	1
1	160097451	160097452	183	8	1.12	4	3	0.02	0	1	0.98	unphased	0.209522636279643	0.209522636279643	1
1	160493016	160493017	54	4	1.12	4	3	0.02	0	1	0.98	unphased	0.34498985801217	0.34498985801217	1
1	161165368	161165369	148	31	1.12	4	3	0.02	0	1	0.98	unphased	0.866329280315478	0.866329280315478	1
1	161495210	161495211	8	7	1.12	4	3	0.02	0	1	0.98	unphased	2.33443137254902	1.1443291041907	2.04
1	161697506	161697507	13	4	1.12	4	3	0.02	0	1	0.98	unphased	1.17702422145329	1.17702422145329	1
1	161967989	161967990	117	70	1.12	4	3	0.02	0	1	0.98	unphased	1.87253853413023	0.926999274321896	2.02
1	162346642	162346643	14	5	1.12	4	3	0.02	0	1	0.98	unphased	1.31640866873065	1.31640866873065	1
1	162825106	162825107	266	80	1.12	4	3	0.02	0	1	0.98	unphased	1.15661339680381	1.15661339680381	1
1	163043366	163043367	67	15	1.12	4	3	0.02	0	1	0.98	unphased	0.91506456241033	0.91506456241033	1
1	163117084	163117085	36	7	1.12	4	3	0.02	0	1	0.98	unphased	0.814336525307798	0.814336525307798	1
1	166904631	166904632	97	9	1.12	4	3	0.02	0	1	0.98	unphased	0.42472807991121	0.42472807991121	1
1	166974572	166974573	69	8	1.12	4	3	0.02	0	1	0.98	unphased	0.519724980901451	0.519724980901451	1
1	167096824	167096825	101	31	1.12	4	3	0.02	0	1	0.98	unphased	1.17479500891266	1.17479500891266	1
1	167097667	167097668	65	6	1.12	4	3	0.02	0	1	0.98	unphased	0.422734051367026	0.422734051367026	1
1	167805753	167805754	98	7	1.12	4	3	0.02	0	1	0.98	unphased	0.333490196078431	0.333490196078431	1
1	169351407	169351408	116	38	1.12	4	3	0.02	0	1	0.98	unphased	1.23434682964095	1.23434682964095	1
1	169562911	169562912	59	10	1.12	4	3	0.02	0	1	0.98	unphased	0.724978687127025	0.724978687127025	1
1	169562912	169562913	61	9	1.12	4	3	0.02	0	1	0.98	unphased	0.643159663865546	0.643159663865546	1
1	169890761	169890762	15	9	1.12	4	3	0.02	0	1	0.98	unphased	1.87588235294118	0.928654630168899	2.02
1	170043690	170043691	15	8	1.12	4	3	0.02	0	1	0.98	unphased	1.73994884910486	1.73994884910486	1
1	171514750	171514751	14	9	1.12	4	3	0.02	0	1	0.98	unphased	1.95744245524297	0.969030918437112	2.02
1	175046765	175046766	67	5	1.12	4	3	0.02	0	1	0.98	unphased	0.347385620915033	0.347385620915033	1
1	175048756	175048757	9	9	1.12	4	3	0.02	0	1	0.98	unphased	2.50117647058824	0.828204129333853	3.02
1	175087825	175087826	122	10	1.12	4	3	0.02	0	1	0.98	unphased	0.378966131907308	0.378966131907308	1
1	176525491	176525492	111	45	2.6	3	2	0.2	1	1	0.8	unphased	1.86990950226244	0.849958864664747	2.2
1	176525939	176525940	103	30	2.6	3	2	0.2	1	1	0.8	unphased	1.46218487394958	1.04441776710684	1.4
1	176668356	176668357	143	60	2.6	3	2	0.2	1	1	0.8	unphased	1.91596638655462	0.870893812070282	2.2
1	176760503	176760504	49	12	2.6	3	2	0.2	1	1	0.8	unphased	1.27521697203472	1.27521697203472	1
1	176863700	176863701	62	7	2.6	3	2	0.2	1	1	0.8	unphased	0.657630008525149	0.657630008525149	1
1	176915099	176915100	170	8	2.6	3	2	0.2	1	1	0.8	unphased	0.291341705221414	1.45670852610707	0.2
1	177936884	177936885	67	15	2.6	3	2	0.2	1	1	0.8	unphased	1.1857962697274	1.1857962697274	1
1	178063795	178063796	25	15	2.6	3	2	0.2	1	1	0.8	unphased	2.43088235294118	1.10494652406417	2.2
1	179603635	179603636	116	29	2.6	3	2	0.2	1	1	0.8	unphased	1.29647058823529	1.29647058823529	1
1	179603636	179603637	118	29	2.6	3	2	0.2	1	1	0.8	unphased	1.27883153261305	1.27883153261305	1
1	181680129	181680130	82	24	2.6	3	2	0.2	1	1	0.8	unphased	1.4677025527192	1.048358966228	1.4
1	181690896	181690897	90	30	2.6	3	2	0.2	1	1	0.8	unphased	1.62058823529412	1.15756302521008	1.4
1	182836115	182836116	125	16	2.6	3	2	0.2	1	1	0.8	unphased	0.735586149353358	0.735586149353358	1
1	182873531	182873532	85	19	2.6	3	2	0.2	1	1	0.8	unphased	1.18427601809955	1.18427601809955	1
1	190067753	190067754	123	32	2.6	3	2	0.2	1	1	0.8	unphased	1.33829222011385	0.955923014367037	1.4
1	190067815	190067816	90	18	2.6	3	2	0.2	1	1	0.8	unphased	1.08039215686274	1.08039215686274	1
1	190068078	190068079	103	6	2.6	3	2	0.2	1	1	0.8	unphased	0.356826767404209	0.356826767404209	1
1	197091639	197091640	33	11	1.48	3	2	0.12	0	1	0.88	unphased	1.34058823529412	1.34058823529412	1
1	197115470	197115471	83	13	1.48	3	2	0.12	0	1	0.88	unphased	0.726151960784314	0.726151960784314	1
1	197390484	197390485	80	19	1.48	3	2	0.12	0	1	0.88	unphased	1.02913844325609	1.02913844325609	1
1	197643272	197643273	27	3	1.48	3	2	0.12	0	1	0.88	unphased	0.536235294117647	0.536235294117647	1
1	198222168	198222169	54	16	1.48	3	2	0.12	0	1	0.88	unphased	1.22568067226891	1.22568067226891	1
1	198828239	198828240	131	12	1.48	3	2	0.12	0	1	0.88	unphased	0.449987659399424	0.449987659399424	1
1	200013007	200013008	34	10	1.48	3	2	0.12	0	1	0.88	unphased	1.21871657754011	1.21871657754011	1
1	201081541	201081542	25	14	1.48	3	2	0.12	0	1	0.88	unphased	1.92494720965309	0.907993966817496	2.12
1	202698302	202698303	42	13	1.48	3	2	0.12	0	1	0.88	unphased	1.26746524064171	1.26746524064171	1
1	202702697	202702698	85	9	1.48	3	2	0.12	0	1	0.88	unphased	0.513416770963705	0.513416770963705	1
1	203134331	203134332	14	7	1.48	3	2	0.12	0	1	0.88	unphased	1.78745098039216	1.78745098039216	1
1	203455888	203455889	61	19	1.48	3	2	0.12	0	1	0.88	unphased	1.27355882352941	1.27355882352941	1
1	204418312	204418313	15	3	1.48	3	2	0.12	0	1	0.88	unphased	0.893725490196078	0.893725490196078	1
1	205238835	205238836	61	30	1.48	3	2	0.12	0	1	0.88	unphased	1.76780866192631	0.833872010342598	2.12
1	206224746	206224747	71	33	1.48	3	2	0.12	0	1	0.88	unphased	1.70151583710407	0.802601809954751	2.12
1	208201401	208201402	91	18	1.48	3	2	0.12	0	1	0.88	unphased	0.885526173772261	0.885526173772261	1
1	209948948	209948949	67	7	1.48	3	2	0.12	0	1	0.88	unphased	0.50724960254372	0.50724960254372	1
1	210948690	210948691	28	12	1.48	3	2	0.12	0	1	0.88	unphased	1.60870588235294	1.60870588235294	1
1	212798940	212798941	135	28	1.48	3	2	0.12	0	1	0.88	unphased	0.921140382533381	0.921140382533381	1
1	213134651	213134652	77	19	1.48	3	2	0.12	0	1	0.88	unphased	1.06129901960784	1.06129901960784	1
1	214209277	214209278	9	6	1.48	3	2	0.12	0	1	0.88	unphased	2.14494117647059	1.01176470588235	2.12
1	214557042	214557043	56	16	1.48	3	2	0.12	0	1	0.88	unphased	1.1916339869281	1.1916339869281	1
1	214811234	214811235	65	5	1.48	3	2	0.12	0	1	0.88	unphased	0.383025210084034	0.383025210084034	1
1	216166451	216166452	169	23	1.48	3	2	0.12	0	1	0.88	unphased	0.642365196078431	0.642365196078431	1
1	216420405	216420406	124	21	1.48	3	2	0.12	0	1	0.88	unphased	0.776616632860041	0.776616632860041	1
1	216497614	216497615	30	3	1.48	3	2	0.12	0	1	0.88	unphased	0.487486631016043	0.487486631016043	1
1	220091814	220091815	101	52	1.48	3	2	0.12	0	1	0.88	unphased	1.82249903883122	0.859669357939254	2.12
1	220142278	220142279	43	26	1.48	3	2	0.12	0	1	0.88	unphased	2.02059676044331	0.95311167945439	2.12
1	220287686	220287687	79	37	1.48	3	2	0.12	0	1	0.88	unphased	1.71040567951318	0.806795131845842	2.12
1	220986873	220986874	21	4	1.48	3	2	0.12	0	1	0.88	unphased	0.857976470588235	0.857976470588235	1
1	222717341	222717342	98	16	1.48	3	2	0.12	0	1	0.88	unphased	0.752610939112487	0.752610939112487	1
1	224544694	224544695	10	3	1.48	3	2	0.12	0	1	0.88	unphased	1.23746606334842	1.23746606334842	1
1	226128915	226128916	8	7	1.48	3	2	0.12	0	1	0.88	unphased	2.50243137254902	1.18039215686275	2.12
1	226438583	226438584	30	3	1.48	3	2	0.12	0	1	0.88	unphased	0.487486631016043	0.487486631016043	1
1	226923662	226923663	42	35	1.48	3	2	0.12	0	1	0.88	unphased	2.43743315508021	1.14973262032086	2.12
1	228487149	228487150	73	47	1.48	3	2	0.12	0	1	0.88	unphased	2.10025490196078	0.990686274509804	2.12
1	229631692	229631693	65	18	1.48	3	2	0.12	0	1	0.88	unphased	1.16291991495393	1.16291991495393	1
1	229794873	229794874	187	10	1.48	3	2	0.12	0	1	0.88	unphased	0.272200656912511	0.272200656912511	1
1	231401503	231401504	30	13	1.48	3	2	0.12	0	1	0.88	unphased	1.62117647058823	0.764705882352941	2.12
1	235292195	235292196	15	3	1.48	3	2	0.12	0	1	0.88	unphased	0.893725490196078	0.893725490196078	1
1	236205434	236205435	123	59	1.48	3	2	0.12	0	1	0.88	unphased	1.73834518422754	0.819974143503555	2.12
1	236912552	236912553	67	6	1.48	3	2	0.12	0	1	0.88	unphased	0.440741337630943	0.440741337630943	1
1	237604646	237604647	62	31	1.48	3	2	0.12	0	1	0.88	unphased	1.78745098039216	0.843137254901961	2.12
1	237620025	237620026	100	11	1.48	3	2	0.12	0	1	0.88	unphased	0.531404345521993	0.531404345521993	1
1	237729922	237729923	85	38	1.48	3	2	0.12	0	1	0.88	unphased	1.6566618842659	0.781444285031086	2.12
1	237777429	237777430	49	5	1.48	3	2	0.12	0	1	0.88	unphased	0.496514161220043	0.496514161220043	1
1	237777522	237777523	27	22	1.48	3	2	0.12	0	1	0.88	unphased	2.40758703481393	1.13565426170468	2.12
1	237778121	237778122	32	24	1.48	3	2	0.12	0	1	0.88	unphased	2.2981512605042	1.08403361344538	2.12
1	237801690	237801691	161	10	1.48	3	2	0.12	0	1	0.88	unphased	0.31358789129687	0.31358789129687	1
1	237868593	237868594	16	3	1.48	3	2	0.12	0	1	0.88	unphased	0.846687306501548	0.846687306501548	1
1	237936850	237936851	35	4	1.48	3	2	0.12	0	1	0.88	unphased	0.549984917043741	0.549984917043741	1
1	237957255	237957256	28	8	1.48	3	2	0.12	0	1	0.88	unphased	1.1916339869281	1.1916339869281	1
1	237957256	237957257	27	8	1.48	3	2	0.12	0	1	0.88	unphased	1.22568067226891	1.22568067226891	1
1	238053768	238053769	59	15	1.48	3	2	0.12	0	1	0.88	unphased	1.08696343402226	1.08696343402226	1
1	241850793	241850794	106	10	7.58	5	3	0.94	0	1	0.0600000000000001	unphased	0.988133874239351	0.988133874239351	1
1	245027437	245027438	18	7	7.58	5	3	0.94	0	1	0.0600000000000001	unphased	3.20945882352941	1.09165266106443	2.94
1	247264354	247264355	191	27	7.58	5	3	0.94	0	1	0.0600000000000001	unphased	1.41964921748516	0.755132562492106	1.88
1	247614709	247614710	66	17	7.58	5	3	0.94	0	1	0.0600000000000001	unphased	2.34771084337349	0.83252157566436	2.82
1	247752011	247752012	170	86	7.58	5	3	0.94	0	1	0.0600000000000001	unphased	3.85063419117647	0.992431492571255	3.88
1	247752173	247752174	194	15	7.58	5	3	0.94	0	1	0.0600000000000001	unphased	0.822656909653814	0.822656909653814	1
1	247835950	247835951	79	11	7.58	5	3	0.94	0	1	0.0600000000000001	unphased	1.40095424836601	1.40095424836601	1
1	247901925	247901926	85	7	7.58	5	3	0.94	0	1	0.0600000000000001	unphased	0.872135549872123	0.872135549872123	1
1	248059311	248059312	59	34	7.58	5	3	0.94	0	1	0.0600000000000001	unphased	4.1905376344086	1.0635882320834	3.94
1	248059896	248059897	14	7	7.58	5	3	0.94	0	1	0.0600000000000001	unphased	3.82078431372549	1.00020531772919	3.82
1	248059897	248059898	13	7	7.58	5	3	0.94	0	1	0.0600000000000001	unphased	4.01182352941176	1.01822932218573	3.94
1	248112719	248112720	61	32	7.58	5	3	0.94	0	1	0.0600000000000001	unphased	3.94403542061986	1.00102421843144	3.94
1	248113008	248113009	102	42	7.58	5	3	0.94	0	1	0.0600000000000001	unphased	3.3431862745098	0.889145285773884	3.76
1	248128822	248128823	250	22	7.58	5	3	0.94	0	1	0.0600000000000001	unphased	0.927102076124568	0.927102076124568	1
1	248201635	248201636	287	27	7.58	5	3	0.94	0	1	0.0600000000000001	unphased	0.985616335706257	0.985616335706257	1
1	248224543	248224544	258	25	7.58	5	3	0.94	0	1	0.0600000000000001	unphased	1.01257534816047	1.01257534816047	1
1	248458093	248458094	170	63	7.58	5	3	0.94	0	1	0.0600000000000001	unphased	3.09926281242111	1.05417102463303	2.94
1	249108733	249108734	38	6	7.58	5	3	0.94	0	1	0.0600000000000001	unphased	1.56304812834225	1.56304812834225	1
1	249210882	249210883	77	29	NA	NA	NA	NA	NA	NA	NA	unphased	NA	NA	1
10	94601	94602	95	10	NA	NA	NA	NA	NA	NA	NA	unphased	NA	NA	1
10	5808093	5808094	128	8	1.04	3	2	0.01	0	1	0.99	unphased	0.289550173010381	0.289550173010381	1
10	6525493	6525494	122	7	1.04	3	2	0.01	0	1	0.99	unphased	0.267104423164615	0.267104423164615	1
10	7290521	7290522	47	16	1.04	3	2	0.01	0	1	0.99	unphased	1.25012138188609	1.25012138188609	1
10	7771948	7771949	36	26	1.04	3	2	0.01	0	1	0.99	unphased	2.06421252371916	1.02697140483541	2.01
10	7805720	7805721	40	8	1.04	3	2	0.01	0	1	0.99	unphased	0.820392156862745	0.820392156862745	1
10	7805721	7805722	40	8	1.04	3	2	0.01	0	1	0.99	unphased	0.820392156862745	0.820392156862745	1
10	7830105	7830106	16	5	1.04	3	2	0.01	0	1	0.99	unphased	1.17198879551821	1.17198879551821	1
10	15120432	15120433	42	7	1.84	3	2	0.21	1	0	0.79	unphased	0.817478991596639	0.817478991596639	1
10	16873388	16873389	100	37	1.84	3	2	0.21	1	0	0.79	unphased	1.54545298411335	1.08834717191081	1.42
10	21804606	21804607	282	60	1.88	3	2	0.22	1	0	0.78	unphased	1.0109391124871	1.0109391124871	1
10	25887239	25887240	167	36	1.88	3	2	0.22	1	0	0.78	unphased	1.02189510286873	1.02189510286873	1
10	26581443	26581444	78	34	1.88	3	2	0.22	1	0	0.78	unphased	1.74928571428571	0.787966537966538	2.22
10	29769595	29769596	167	10	1.88	3	2	0.22	1	0	0.78	unphased	0.325556663343303	1.47980301519683	0.22
10	31810090	31810091	105	13	1.88	3	2	0.22	1	0	0.78	unphased	0.634835493519442	0.634835493519442	1
10	35500306	35500307	69	8	1.88	3	2	0.22	1	0	0.78	unphased	0.59868601986249	0.59868601986249	1
10	38404183	38404184	25	9	3.32	3	2	0.44	1	1	0.56	unphased	1.90650519031142	1.0140985054848	1.88
10	44140021	44140022	82	19	3.32	3	2	0.44	1	1	0.56	unphased	1.3548980780431	1.3548980780431	1
10	44874045	44874046	64	14	3.32	3	2	0.44	1	1	0.56	unphased	1.29273001508296	1.29273001508296	1
10	46222875	46222876	18	4	3.32	3	2	0.44	1	1	0.56	unphased	1.30951871657754	1.30951871657754	1
10	48382045	48382046	59	17	3.32	3	2	0.44	1	1	0.56	unphased	1.61105263157895	1.1187865497076	1.44
10	48388042	48388043	72	9	3.32	3	2	0.44	1	1	0.56	unphased	0.800261437908497	0.800261437908497	1
10	50686482	50686483	160	63	3.18	2	2	0.59	1	1	0.41	unphased	1.99519388024268	1.25483891839162	1.59
10	55570373	55570374	137	17	3.18	2	2	0.59	1	1	0.41	unphased	0.779610389610389	0.779610389610389	1
10	55663009	55663010	60	8	3.18	2	2	0.59	1	1	0.41	unphased	0.830865051903114	0.830865051903114	1
10	56077073	56077074	97	8	3.18	2	2	0.59	1	1	0.41	unphased	0.538084033613445	0.912006836632958	0.59
10	56287589	56287590	59	7	3.18	2	2	0.59	1	1	0.41	unphased	0.74903743315508	0.74903743315508	1
10	64415370	64415371	60	19	3.18	2	2	0.59	1	1	0.41	unphased	1.69854058078928	1.06826451621967	1.59
10	68687429	68687430	136	8	1.96	3	2	0.24	1	0	0.76	unphased	0.324575163398693	1.35239651416122	0.24
10	68979559	68979560	93	12	1.96	3	2	0.24	1	0	0.76	unphased	0.667697478991596	0.667697478991596	1
10	69793922	69793923	71	13	1.96	3	2	0.24	1	0	0.76	unphased	0.904173669467787	0.904173669467787	1
10	69921505	69921506	46	13	1.96	3	2	0.24	1	0	0.76	unphased	1.28729810568295	1.28729810568295	1
10	70043976	70043977	72	41	1.96	3	2	0.24	1	0	0.76	unphased	2.11979177511713	0.946335613891574	2.24
10	73122268	73122269	71	13	1.96	3	2	0.24	1	0	0.76	unphased	0.904173669467787	0.904173669467787	1
10	73579245	73579246	66	12	1.96	3	2	0.24	1	0	0.76	unphased	0.898823529411765	0.898823529411765	1
10	74658754	74658755	58	21	1.96	3	2	0.24	1	0	0.76	unphased	1.55303052866716	1.04934495180214	1.48
10	74660144	74660145	28	4	1.96	3	2	0.24	1	0	0.76	unphased	0.730294117647059	0.730294117647059	1
10	79628974	79628975	41	11	1.96	3	2	0.24	1	0	0.76	unphased	1.23588235294118	1.23588235294118	1
10	85984318	85984319	58	23	1.96	3	2	0.24	1	0	0.76	unphased	1.65893972403776	1.12090521894443	1.48
10	87362019	87362020	7	3	1.96	3	2	0.24	1	0	0.76	unphased	1.75270588235294	1.75270588235294	1
10	87407173	87407174	130	45	1.96	3	2	0.24	1	0	0.76	unphased	1.50231932773109	1.01508062684533	1.48
10	88425497	88425498	73	14	1.96	3	2	0.24	1	0	0.76	unphased	0.940148749154834	0.940148749154834	1
10	89501119	89501120	77	7	1.96	3	2	0.24	1	0	0.76	unphased	0.486862745098039	0.486862745098039	1
10	89624030	89624031	8	4	1.96	3	2	0.24	1	0	0.76	unphased	1.94745098039216	1.94745098039216	1
10	91497635	91497636	95	16	1.96	3	2	0.24	1	0	0.76	unphased	0.842140964493905	0.842140964493905	1
10	92680883	92680884	19	4	1.96	3	2	0.24	1	0	0.76	unphased	1.01606138107417	1.01606138107417	1
10	93778678	93778679	110	6	1.96	3	2	0.24	1	0	0.76	unphased	0.302190669371197	1.25912778904665	0.24
10	96162367	96162368	17	9	1.96	3	2	0.24	1	0	0.76	unphased	2.02235294117647	0.902836134453781	2.24
10	96466634	96466635	49	9	1.96	3	2	0.24	1	0	0.76	unphased	0.90657200811359	0.90657200811359	1
10	96740944	96740945	91	43	1.96	3	2	0.24	1	0	0.76	unphased	1.87478489903424	0.836957544211714	2.24
10	99967952	99967953	44	13	1.96	3	2	0.24	1	0	0.76	unphased	1.33246646026832	1.33246646026832	1
10	100904083	100904084	84	33	1.96	3	2	0.24	1	0	0.76	unphased	1.6478431372549	1.11340752517223	1.48
10	101606719	101606720	360	73	1.96	3	2	0.24	1	0	0.76	unphased	0.984969433500883	0.984969433500883	1
10	102003469	102003470	272	12	1.96	3	2	0.24	1	0	0.76	unphased	0.246859983429992	1.02858326429163	0.24
10	102706858	102706859	98	28	1.96	3	2	0.24	1	0	0.76	unphased	1.29830065359477	1.29830065359477	1
10	102896722	102896723	21	10	1.96	3	2	0.24	1	0	0.76	unphased	1.88462998102467	0.841352670100298	2.24
10	104122310	104122311	87	17	1.96	3	2	0.24	1	0	0.76	unphased	0.955	0.955	1
10	105209647	105209648	115	10	1.96	3	2	0.24	1	0	0.76	unphased	0.467388235294118	0.467388235294118	1
10	106849539	106849540	35	9	1.96	3	2	0.24	1	0	0.76	unphased	1.19502673796791	1.19502673796791	1
10	108439089	108439090	60	16	1.96	3	2	0.24	1	0	0.76	unphased	1.22996904024768	1.22996904024768	1
10	115385833	115385834	3	5	1.96	3	2	0.24	1	0	0.76	unphased	3.65147058823529	1.63012079831933	2.24
10	115805006	115805007	27	6	1.96	3	2	0.24	1	0	0.76	unphased	1.06224598930481	1.06224598930481	1
10	120353941	120353942	33	8	1.96	3	2	0.24	1	0	0.76	unphased	1.13997130559541	1.13997130559541	1
10	122280570	122280571	64	8	1.96	3	2	0.24	1	0	0.76	unphased	0.649150326797385	0.649150326797385	1
10	122610917	122610918	7	6	1.96	3	2	0.24	1	0	0.76	unphased	2.69647058823529	1.20378151260504	2.24
10	123846413	123846414	53	4	1.96	3	2	0.24	1	0	0.76	unphased	0.409989680082559	0.409989680082559	1
10	124249000	124249001	105	16	1.96	3	2	0.24	1	0	0.76	unphased	0.772542537676227	0.772542537676227	1
10	129875931	129875932	43	6	1.96	3	2	0.24	1	0	0.76	unphased	0.715390156062425	0.715390156062425	1
10	132944915	132944916	70	11	1.96	3	2	0.24	1	0	0.76	unphased	0.793405954974582	0.793405954974582	1
10	134660742	134660743	84	21	1.18	3	1	0.06	0	1	0.94	unphased	1.01247058823529	1.01247058823529	1
10	135126284	135126285	216	45	1.18	3	1	0.06	0	1	0.94	unphased	0.872819472616633	0.872819472616633	1
10	135233684	135233685	48	15	1.18	3	1	0.06	0	1	0.94	unphased	1.20532212885154	1.20532212885154	1
11	1015907	1015908	57	4	2.96	2	1	0.98	0	1	0.02	unphased	0.448678881388621	0.448678881388621	1
11	1276737	1276738	4	4	2.96	2	1	0.98	0	1	0.02	unphased	3.42117647058823	1.72786690433749	1.98
11	1858526	1858527	11	3	2.96	2	1	0.98	0	1	0.02	unphased	1.46621848739496	1.46621848739496	1
11	4471054	4471055	83	27	2.96	2	1	0.98	0	1	0.02	unphased	1.67948663101604	0.856880934191859	1.96
11	4608817	4608818	152	12	2.96	2	1	0.98	0	1	0.02	unphased	0.500659971305595	0.500659971305595	1
11	4703574	4703575	60	7	2.96	2	1	0.98	0	1	0.02	unphased	0.714872695346795	0.714872695346795	1
11	4903942	4903943	61	7	2.96	2	1	0.98	0	1	0.02	unphased	0.704359861591695	0.704359861591695	1
11	5221795	5221796	93	6	2.96	2	1	0.98	0	1	0.02	unphased	0.414688057040998	0.414688057040998	1
11	5345027	5345028	80	5	2.96	2	1	0.98	0	1	0.02	unphased	0.402491349480969	0.402491349480969	1
11	5536897	5536898	74	28	2.96	2	1	0.98	0	1	0.02	unphased	1.87829296424452	0.95831273685945	1.96
11	5602110	5602111	33	15	2.96	2	1	0.98	0	1	0.02	unphased	2.13823529411765	1.07991681521093	1.98
11	5758677	5758678	194	18	2.96	2	1	0.98	0	1	0.02	unphased	0.580954495005549	0.580954495005549	1
11	5776476	5776477	84	33	2.96	2	1	0.98	0	1	0.02	unphased	1.92989441930618	0.984640009850094	1.96
11	5799284	5799285	97	12	2.96	2	1	0.98	0	1	0.02	unphased	0.753286562331354	0.753286562331354	1
11	6661948	6661949	65	32	2.96	2	1	0.98	0	1	0.02	unphased	2.2572710733778	1.14003589564536	1.98
11	6912996	6912997	37	13	2.96	2	1	0.98	0	1	0.02	unphased	1.77901176470588	0.90765906362545	1.96
11	7021000	7021001	9	4	2.96	2	1	0.98	0	1	0.02	unphased	2.10533936651584	2.10533936651584	1
11	7981801	7981802	116	8	2.96	2	1	0.98	0	1	0.02	unphased	0.441442125237192	0.441442125237192	1
11	16847833	16847834	60	32	2.96	2	1	0.98	0	1	0.02	unphased	2.37994884910486	1.20199436823478	1.98
11	16877391	16877392	159	19	2.96	2	1	0.98	0	1	0.02	unphased	0.730363516192994	0.730363516192994	1
11	17191090	17191091	212	23	2.96	2	1	0.98	0	1	0.02	unphased	0.669677096370463	0.683343975888227	0.98
11	17553051	17553052	25	12	2.96	2	1	0.98	0	1	0.02	unphased	2.21914149443561	1.12077853254324	1.98
11	22382441	22382442	22	14	1.33	3	1	0.11	0	1	0.89	unphased	2.02702614379085	0.960675897531208	2.11
11	22396321	22396322	196	11	1.33	3	1	0.11	0	1	0.89	unphased	0.276984938903097	0.276984938903097	1
11	25100230	25100231	23	15	1.33	3	1	0.11	0	1	0.89	unphased	2.05750773993808	0.975122151629422	2.11
11	26695067	26695068	128	16	1.33	3	1	0.11	0	1	0.89	unphased	0.579150326797385	0.579150326797385	1
11	30900212	30900213	31	22	1.33	3	1	0.11	0	1	0.89	unphased	2.16361820199778	1.02541147014113	2.11
11	33049338	33049339	21	8	1.33	3	1	0.11	0	1	0.89	unphased	1.43789046653144	1.43789046653144	1
11	33596252	33596253	90	11	1.33	3	1	0.11	0	1	0.89	unphased	0.567682003494467	0.567682003494467	1
11	33604986	33604987	9	6	1.33	3	1	0.11	0	1	0.89	unphased	2.08494117647059	0.988123780317814	2.11
11	35828091	35828092	22	3	1.33	3	1	0.11	0	1	0.89	unphased	0.625482352941176	0.625482352941176	1
11	40136268	40136269	68	12	1.88	3	2	0.22	1	0	0.78	unphased	0.86435294117647	0.86435294117647	1
11	44080197	44080198	96	19	1.21	3	1	0.07	0	1	0.93	unphased	0.841345268542199	0.841345268542199	1
11	46744802	46744803	101	45	1.21	3	1	0.07	0	1	0.93	unphased	1.56956083803384	0.758241950740987	2.07
11	46774956	46774957	90	20	1.21	3	1	0.07	0	1	0.93	unphased	0.925882352941176	0.925882352941176	1
11	46774957	46774958	91	20	1.21	3	1	0.07	0	1	0.93	unphased	0.917541070482247	0.917541070482247	1
11	46890544	46890545	77	18	1.21	3	1	0.07	0	1	0.93	unphased	0.964866873065015	0.964866873065015	1
11	49831331	49831332	20	4	1.21	3	1	0.07	0	1	0.93	unphased	0.848725490196078	0.848725490196078	1
11	49974450	49974451	121	45	1.21	3	1	0.07	0	1	0.93	unphased	1.38045712260808	1.2109273005334	1.14
11	51412280	51412281	36	17	1.21	3	1	0.07	0	1	0.93	unphased	1.63339622641509	0.789080302615987	2.07
11	51515377	51515378	144	43	1.21	3	1	0.07	0	1	0.93	unphased	1.17096885813149	1.17096885813149	1
11	55321918	55321919	126	11	1.21	3	1	0.07	0	1	0.93	unphased	0.408875053671103	0.408875053671103	1
11	55418542	55418543	150	35	1.21	3	1	0.07	0	1	0.93	unphased	0.963418124006359	0.963418124006359	1
11	55541187	55541188	150	37	1.21	3	1	0.07	0	1	0.93	unphased	1.00757785467128	1.00757785467128	1
11	55563453	55563454	82	25	1.21	3	1	0.07	0	1	0.93	unphased	1.18980208905992	1.18980208905992	1
11	55595339	55595340	158	32	1.21	3	1	0.07	0	1	0.93	unphased	0.857659442724458	0.857659442724458	1
11	55681660	55681661	73	8	1.21	3	1	0.07	0	1	0.93	unphased	0.502948438634713	0.502948438634713	1
11	55890632	55890633	86	28	1.21	3	1	0.07	0	1	0.93	unphased	1.25075335397317	1.25075335397317	1
11	56058384	56058385	254	61	1.21	3	1	0.07	0	1	0.93	unphased	0.986138188608777	0.986138188608777	1
11	56114281	56114282	74	23	1.21	3	1	0.07	0	1	0.93	unphased	1.20746513038205	1.20746513038205	1
11	56127850	56127851	111	36	1.21	3	1	0.07	0	1	0.93	unphased	1.24710684273709	1.24710684273709	1
11	56143963	56143964	130	22	1.21	3	1	0.07	0	1	0.93	unphased	0.737051083591331	0.737051083591331	1
11	56230115	56230116	51	14	1.21	3	1	0.07	0	1	0.93	unphased	1.09681447963801	1.09681447963801	1
11	56237921	56237922	66	11	1.21	3	1	0.07	0	1	0.93	unphased	0.727478991596639	0.727478991596639	1
11	56409039	56409040	49	10	1.21	3	1	0.07	0	1	0.93	unphased	0.863110667996012	0.863110667996012	1
11	56409607	56409608	47	20	1.21	3	1	0.07	0	1	0.93	unphased	1.52010535557507	0.734350413321288	2.07
11	57070188	57070189	6	3	1.21	3	1	0.07	0	1	0.93	unphased	1.69745098039216	1.69745098039216	1
11	57798757	57798758	101	27	1.21	3	1	0.07	0	1	0.93	unphased	1.07416819852941	1.07416819852941	1
11	57799109	57799110	95	28	1.21	3	1	0.07	0	1	0.93	unphased	1.15923481587757	1.15923481587757	1
11	58190266	58190267	78	5	1.21	3	1	0.07	0	1	0.93	unphased	0.306768249468462	0.306768249468462	1
11	58207472	58207473	69	16	1.21	3	1	0.07	0	1	0.93	unphased	0.958560553633218	0.958560553633218	1
11	59245667	59245668	180	30	1.21	3	1	0.07	0	1	0.93	unphased	0.727478991596639	0.727478991596639	1
11	59630137	59630138	109	15	1.21	3	1	0.07	0	1	0.93	unphased	0.616010436432638	0.616010436432638	1
11	59942900	59942901	26	13	1.21	3	1	0.07	0	1	0.93	unphased	1.69745098039216	0.820024628208771	2.07
11	61067670	61067671	45	4	1.21	3	1	0.07	0	1	0.93	unphased	0.415702280912365	0.415702280912365	1
11	61179383	61179384	33	20	1.21	3	1	0.07	0	1	0.93	unphased	1.92164261931188	0.928329767783515	2.07
11	61323635	61323636	19	3	1.21	3	1	0.07	0	1	0.93	unphased	0.694411764705882	0.694411764705882	1
11	62302541	62302542	27	15	1.21	3	1	0.07	0	1	0.93	unphased	1.8186974789916	0.878597815937969	2.07
11	62375728	62375729	213	26	1.21	3	1	0.07	0	1	0.93	unphased	0.55397981786857	0.55397981786857	1
11	62744704	62744705	89	33	1.21	3	1	0.07	0	1	0.93	unphased	1.37743972999036	1.20828046490382	1.14
11	64514709	64514710	54	17	1.21	3	1	0.07	0	1	0.93	unphased	1.21929577464789	1.21929577464789	1
11	65271248	65271249	37	5	1.21	3	1	0.07	0	1	0.93	unphased	0.606232492997199	0.606232492997199	1
11	65620875	65620876	45	6	1.21	3	1	0.07	0	1	0.93	unphased	0.599100346020761	0.599100346020761	1
11	65638661	65638662	58	8	1.21	3	1	0.07	0	1	0.93	unphased	0.617254901960784	0.617254901960784	1
11	65688365	65688366	40	5	1.21	3	1	0.07	0	1	0.93	unphased	0.565816993464052	0.565816993464052	1
11	65734947	65734948	61	26	1.21	3	1	0.07	0	1	0.93	unphased	1.52185260311021	0.73519449425614	2.07
11	66055591	66055592	171	79	1.21	3	1	0.07	0	1	0.93	unphased	1.60918352941176	0.777383347541915	2.07
11	66472378	66472379	51	20	1.21	3	1	0.07	0	1	0.93	unphased	1.43446561723281	1.25830317301124	1.14
11	68154172	68154173	26	8	1.21	3	1	0.07	0	1	0.93	unphased	1.19820069204152	1.19820069204152	1
11	68193605	68193606	69	15	1.21	3	1	0.07	0	1	0.93	unphased	0.909348739495798	0.909348739495798	1
11	71146663	71146664	19	13	1.21	3	1	0.07	0	1	0.93	unphased	2.06876838235294	0.99940501562944	2.07
11	71932568	71932569	137	23	1.21	3	1	0.07	0	1	0.93	unphased	0.732025735294118	0.732025735294118	1
11	73881871	73881872	22	14	1.21	3	1	0.07	0	1	0.93	unphased	1.98035947712418	0.9566953995769	2.07
11	73988124	73988125	82	8	1.21	3	1	0.07	0	1	0.93	unphased	0.452653594771242	0.452653594771242	1
11	73988125	73988126	81	8	1.21	3	1	0.07	0	1	0.93	unphased	0.45773959021811	0.45773959021811	1
11	74546606	74546607	77	7	1.21	3	1	0.07	0	1	0.93	unphased	0.424362745098039	0.424362745098039	1
11	85435130	85435131	59	48	1.21	3	1	0.07	0	1	0.93	unphased	2.28442001099505	1.10358454637442	2.07
11	85956225	85956226	10	10	1.21	3	1	0.07	0	1	0.93	unphased	2.54617647058824	1.23003694231316	2.07
11	92715249	92715250	253	32	1.21	3	1	0.07	0	1	0.93	unphased	0.571772961816305	0.571772961816305	1
11	93127794	93127795	25	3	1.21	3	1	0.07	0	1	0.93	unphased	0.545609243697479	0.545609243697479	1
11	93796684	93796685	14	9	1.21	3	1	0.07	0	1	0.93	unphased	1.99265984654731	0.962637607027688	2.07
11	94038895	94038896	59	21	1.21	3	1	0.07	0	1	0.93	unphased	1.33674264705882	1.33674264705882	1
11	102641487	102641488	19	13	1.21	3	1	0.07	0	1	0.93	unphased	2.06876838235294	0.99940501562944	2.07
11	102663431	102663432	109	15	1.21	3	1	0.07	0	1	0.93	unphased	0.616010436432638	0.616010436432638	1
11	102742604	102742605	28	5	1.21	3	1	0.07	0	1	0.93	unphased	0.77156862745098	0.77156862745098	1
11	103814308	103814309	24	10	1.21	3	1	0.07	0	1	0.93	unphased	1.4977508650519	1.4977508650519	1
11	108115617	108115618	97	5	1.21	3	1	0.07	0	1	0.93	unphased	0.249625144175317	0.249625144175317	1
11	108124588	108124589	57	35	1.21	3	1	0.07	0	1	0.93	unphased	1.93730818414322	0.935897673499141	2.07
11	108141818	108141819	63	6	1.21	3	1	0.07	0	1	0.93	unphased	0.442813299232736	0.442813299232736	1
11	108381884	108381885	69	10	1.21	3	1	0.07	0	1	0.93	unphased	0.644601638123604	0.644601638123604	1
11	113266927	113266928	97	14	1.21	3	1	0.07	0	1	0.93	unphased	0.642278749337573	0.642278749337573	1
11	113934448	113934449	24	14	1.21	3	1	0.07	0	1	0.93	unphased	1.87613003095975	0.906343010125484	2.07
11	114392896	114392897	121	7	1.21	3	1	0.07	0	1	0.93	unphased	0.278488051470588	0.278488051470588	1
11	114393721	114393722	37	20	1.21	3	1	0.07	0	1	0.93	unphased	1.78679050567595	0.863183819167128	2.07
11	114401563	114401564	123	35	1.21	3	1	0.07	0	1	0.93	unphased	1.12805286671631	1.12805286671631	1
11	114401564	114401565	123	35	1.21	3	1	0.07	0	1	0.93	unphased	1.12805286671631	1.12805286671631	1
11	116654244	116654245	60	22	1.21	3	1	0.07	0	1	0.93	unphased	1.36624103299857	1.36624103299857	1
11	120198010	120198011	33	6	1.21	3	1	0.07	0	1	0.93	unphased	0.783438914027149	0.783438914027149	1
11	120322432	120322433	22	4	1.21	3	1	0.07	0	1	0.93	unphased	0.783438914027149	0.783438914027149	1
11	120989108	120989109	65	6	1.21	3	1	0.07	0	1	0.93	unphased	0.430339685169843	0.430339685169843	1
11	122775026	122775027	134	73	1.21	3	1	0.07	0	1	0.93	unphased	1.79585393577721	0.867562287815077	2.07
11	123777748	123777749	182	51	1.21	3	1	0.07	0	1	0.93	unphased	1.11463519313305	1.11463519313305	1
11	123893777	123893778	193	41	1.21	3	1	0.07	0	1	0.93	unphased	0.892249874308698	0.892249874308698	1
11	124180647	124180648	92	16	1.21	3	1	0.07	0	1	0.93	unphased	0.75442265795207	0.75442265795207	1
11	124189320	124189321	133	20	1.21	3	1	0.07	0	1	0.93	unphased	0.665667051134179	0.665667051134179	1
11	124189391	124189392	117	24	1.21	3	1	0.07	0	1	0.93	unphased	0.866783479349186	0.866783479349186	1
11	124267014	124267015	93	11	1.21	3	1	0.07	0	1	0.93	unphased	0.538614253393665	0.538614253393665	1
11	124440204	124440205	152	7	1.21	3	1	0.07	0	1	0.93	unphased	0.224191638919719	0.224191638919719	1
11	124481556	124481557	35	13	1.21	3	1	0.07	0	1	0.93	unphased	1.37917892156863	1.37917892156863	1
11	124765722	124765723	63	18	1.21	3	1	0.07	0	1	0.93	unphased	1.1316339869281	1.1316339869281	1
11	124792655	124792656	81	38	1.21	3	1	0.07	0	1	0.93	unphased	1.62612951062778	0.785569811897478	2.07
11	125853845	125853846	39	23	1.21	3	1	0.07	0	1	0.93	unphased	1.88909867172676	0.912608053974278	2.07
11	128628041	128628042	10	4	1.21	3	1	0.07	0	1	0.93	unphased	1.45495798319328	1.45495798319328	1
11	128709378	128709379	118	14	1.21	3	1	0.07	0	1	0.93	unphased	0.540098039215686	0.540098039215686	1
11	128709851	128709852	108	8	1.21	3	1	0.07	0	1	0.93	unphased	0.351196754563894	0.351196754563894	1
11	129991661	129991662	127	6	1.21	3	1	0.07	0	1	0.93	unphased	0.229730207872623	0.229730207872623	1
11	130773247	130773248	41	6	1.21	3	1	0.07	0	1	0.93	unphased	0.65008760951189	0.65008760951189	1
11	130785618	130785619	48	9	1.21	3	1	0.07	0	1	0.93	unphased	0.804055727554179	0.804055727554179	1
11	130785627	130785628	49	6	1.21	3	1	0.07	0	1	0.93	unphased	0.555529411764706	0.555529411764706	1
11	134029824	134029825	28	8	2.46	3	1	0.23	1	1	0.77	unphased	1.40941176470588	1.40941176470588	1
12	310984	310985	45	34	4.32	5	1	0.58	1	1	0.42	unphased	3.53012658227848	0.986068877731419	3.58
12	310985	310986	44	33	4.32	5	1	0.58	1	1	0.42	unphased	3.51529411764706	0.981925731186329	3.58
12	1993989	1993990	29	13	4.32	5	1	0.58	1	1	0.42	unphased	2.53882352941176	0.984040127678978	2.58
12	2705116	2705117	34	29	4.32	5	1	0.58	1	1	0.42	unphased	3.7756862745098	1.00954178462829	3.74
12	2757646	2757647	80	5	4.32	5	1	0.58	1	1	0.42	unphased	0.482491349480969	0.482491349480969	1
12	4554565	4554566	135	9	4.32	5	1	0.58	1	1	0.42	unphased	0.512647058823529	0.883874239350913	0.58
12	4554570	4554571	129	10	4.32	5	1	0.58	1	1	0.42	unphased	0.590097333897588	1.01740919637515	0.58
12	4919407	4919408	74	8	4.32	5	1	0.58	1	1	0.42	unphased	0.800229555236729	0.800229555236729	1
12	5860067	5860068	16	10	4.32	5	1	0.58	1	1	0.42	unphased	3.15475113122172	0.998338965576493	3.16
12	5860068	5860069	16	10	4.32	5	1	0.58	1	1	0.42	unphased	3.15475113122172	0.998338965576493	3.16
12	6080791	6080792	110	12	4.32	5	1	0.58	1	1	0.42	unphased	0.80678881388621	0.80678881388621	1
12	6173537	6173538	31	18	4.32	5	1	0.58	1	1	0.42	unphased	3.01310924369748	0.953515583448569	3.16
12	6707252	6707253	136	55	4.32	5	1	0.58	1	1	0.42	unphased	2.36193409300893	0.915478330623617	2.58
12	6971650	6971651	183	13	4.32	5	1	0.58	1	1	0.42	unphased	0.544033613445378	0.937988988698928	0.58
12	7064628	7064629	108	16	4.32	5	1	0.58	1	1	0.42	unphased	1.05836812144212	1.05836812144212	1
12	7947054	7947055	22	4	4.32	5	1	0.58	1	1	0.42	unphased	1.26190045248869	1.26190045248869	1
12	8756902	8756903	38	31	4.32	5	1	0.58	1	1	0.42	unphased	3.68511508951407	0.985324890244403	3.74
12	9009818	9009819	73	65	4.32	5	1	0.58	1	1	0.42	unphased	3.86342710997442	1.03300190106268	3.74
12	9242574	9242575	80	55	4.32	5	1	0.58	1	1	0.42	unphased	3.34169934640523	1.00653594771242	3.32
12	9355244	9355245	72	45	4.32	5	1	0.58	1	1	0.42	unphased	3.15475113122172	0.998338965576493	3.16
12	9754097	9754098	25	18	4.32	5	1	0.58	1	1	0.42	unphased	3.43354309165527	1.03419972640219	3.32
12	9995032	9995033	58	13	4.32	5	1	0.58	1	1	0.42	unphased	1.50183927091964	1.50183927091964	1
12	10601971	10601972	155	142	4.32	5	1	0.58	1	1	0.42	unphased	3.92166369578134	1.0485731806902	3.74
12	13243745	13243746	72	15	5.28	5	1	0.82	1	1	0.18	unphased	1.57971602434077	0.867975837549874	1.82
12	13716970	13716971	68	7	5.28	5	1	0.82	1	1	0.18	unphased	0.85515294117647	0.85515294117647	1
12	13717030	13717031	41	20	5.28	5	1	0.82	1	1	0.18	unphased	3.00405014464802	1.06526600874043	2.82
12	13764765	13764766	142	15	5.28	5	1	0.82	1	1	0.18	unphased	0.875384038965905	0.875384038965905	1
12	14619497	14619498	79	11	5.28	5	1	0.82	1	1	0.18	unphased	1.1198431372549	1.1198431372549	1
12	14993576	14993577	83	8	5.28	5	1	0.82	1	1	0.18	unphased	0.805481577246283	0.805481577246283	1
12	15677802	15677803	78	5	5.28	5	1	0.82	1	1	0.18	unphased	0.551948972360028	0.551948972360028	1
12	16035649	16035650	25	4	5.28	5	1	0.82	1	1	0.18	unphased	1.26377281947262	1.26377281947262	1
12	21665282	21665283	164	23	5.28	5	1	0.82	1	1	0.18	unphased	1.12692041522491	1.12692041522491	1
12	22063860	22063861	62	40	5.28	5	1	0.82	1	1	0.18	unphased	3.59307958477509	0.987109776037111	3.64
12	25149231	25149232	52	43	5.28	5	1	0.82	1	1	0.18	unphased	4.14717027863777	0.968965018373311	4.28
12	27553546	27553547	96	9	5.28	5	1	0.82	1	1	0.18	unphased	0.785344537815126	0.785344537815126	1
12	31256873	31256874	40	4	6	5	1	1	NA	NA	NA	unphased	0.898395721925134	0.898395721925134	1
12	32137258	32137259	157	7	5.71	7	2	0.53	1	1	0.47	unphased	0.409429698708752	0.772508865488211	0.53
12	40076659	40076660	66	91	9	7	2	1	0	1	0	unphased	7.46684151367553	1.06669164481079	7
12	41463806	41463807	110	7	9	7	2	1	0	1	0	unphased	0.770739064856712	0.770739064856712	1
12	41966350	41966351	47	49	9	7	2	1	0	1	0	unphased	6.57536764705882	0.939338235294118	7
12	41966837	41966838	213	14	9	7	2	1	0	1	0	unphased	0.794506348795025	0.794506348795025	1
12	43846345	43846346	68	7	9	7	2	1	0	1	0	unphased	1.20235294117647	1.20235294117647	1
12	43858415	43858416	152	11	9	7	2	1	0	1	0	unphased	0.869361241429087	0.869361241429087	1
12	43860495	43860496	103	11	9	7	2	1	0	1	0	unphased	1.24303405572755	1.24303405572755	1
12	45269076	45269077	31	8	2.4	2	2	0.2	1	1	0.8	unphased	1.28868778280543	1.28868778280543	1
12	46245177	46245178	90	13	2.48	2	2	0.24	1	1	0.76	unphased	0.803015419760137	0.803015419760137	1
12	50036083	50036084	69	18	2.48	2	2	0.24	1	1	0.76	unphased	1.31634888438134	1.31634888438134	1
12	51590670	51590671	35	8	2.48	2	2	0.24	1	1	0.76	unphased	1.18369357045144	1.18369357045144	1
12	51891030	51891031	18	4	2.48	2	2	0.24	1	1	0.76	unphased	1.15679144385027	1.15679144385027	1
12	52845510	52845511	65	10	2.48	2	2	0.24	1	1	0.76	unphased	0.848313725490196	0.848313725490196	1
12	52943884	52943885	150	32	2.48	2	2	0.24	1	1	0.76	unphased	1.11865546218487	1.11865546218487	1
12	52979951	52979952	27	6	2.48	2	2	0.24	1	1	0.76	unphased	1.15679144385027	1.15679144385027	1
12	53096951	53096952	19	5	2.48	2	2	0.24	1	1	0.76	unphased	1.32549019607843	1.32549019607843	1
12	54385555	54385556	20	8	2.48	2	2	0.24	1	1	0.76	unphased	1.81781512605042	1.81781512605042	1
12	56088669	56088670	38	11	2.48	2	2	0.24	1	1	0.76	unphased	1.42828331332533	1.42828331332533	1
12	56482536	56482537	111	31	2.48	2	2	0.24	1	1	0.76	unphased	1.38896437448219	1.12013256006628	1.24
12	57548024	57548025	126	15	2.48	2	2	0.24	1	1	0.76	unphased	0.676846057571965	0.676846057571965	1
12	57570822	57570823	92	10	2.48	2	2	0.24	1	1	0.76	unphased	0.623760092272203	0.623760092272203	1
12	58112075	58112076	103	6	8.6	7	2	0.95	0	1	0.05	unphased	0.687101996762007	0.687101996762007	1
12	58135930	58135931	26	30	8.6	7	2	0.95	0	1	0.05	unphased	6.68697478991596	0.998055938793428	6.7
12	62778049	62778050	73	16	8	7	1	1	0	1	0	unphased	2.13615333773959	1.06807666886979	2
12	67706665	67706666	34	8	2.7	2	2	0.35	1	1	0.65	unphased	1.25378151260504	1.25378151260504	1
12	69983323	69983324	41	11	2.7	2	2	0.35	1	1	0.65	unphased	1.39242081447964	1.39242081447964	1
12	71029449	71029450	33	6	2.7	2	2	0.35	1	1	0.65	unphased	1.01266968325792	1.01266968325792	1
12	75698573	75698574	22	6	2.7	2	2	0.35	1	1	0.65	unphased	1.41050420168067	1.41050420168067	1
12	81111286	81111287	139	43	2.7	2	2	0.35	1	1	0.65	unphased	1.55517129928895	1.15197874021403	1.35
12	81111333	81111334	149	27	2.7	2	2	0.35	1	1	0.65	unphased	1.00979278074866	1.00979278074866	1
12	81627214	81627215	91	40	2.7	2	2	0.35	1	1	0.65	unphased	2.00987876066457	1.48879908197376	1.35
12	81688774	81688775	23	3	2.7	2	2	0.35	1	1	0.65	unphased	0.759502262443439	0.759502262443439	1
12	81839475	81839476	19	4	2.7	2	2	0.35	1	1	0.65	unphased	1.14475703324808	1.14475703324808	1
12	85449776	85449777	76	20	2.7	2	2	0.35	1	1	0.65	unphased	1.37132352941176	1.37132352941176	1
12	85450528	85450529	47	9	2.7	2	2	0.35	1	1	0.65	unphased	1.0578781512605	1.0578781512605	1
12	90028880	90028881	88	26	2.7	2	2	0.35	1	1	0.65	unphased	1.50123839009288	1.11202843710584	1.35
12	95603413	95603414	95	26	2.7	2	2	0.35	1	1	0.65	unphased	1.41438988818668	1.04769621347161	1.35
12	97078806	97078807	21	5	2.7	2	2	0.35	1	1	0.65	unphased	1.2658371040724	1.2658371040724	1
12	100774637	100774638	102	27	1.3	2	2	0.1	0	1	0.9	unphased	1.08467852257182	1.08467852257182	1
12	101740331	101740332	69	24	1.3	2	2	0.1	0	1	0.9	unphased	1.33738140417457	1.33738140417457	1
12	107048034	107048035	52	11	1.3	2	2	0.1	0	1	0.9	unphased	0.904855275443511	0.904855275443511	1
12	107114571	107114572	61	17	1.3	2	2	0.1	0	1	0.9	unphased	1.12948717948718	1.12948717948718	1
12	108145599	108145600	53	9	1.3	2	2	0.1	0	1	0.9	unphased	0.752277039848197	0.752277039848197	1
12	108589604	108589605	43	10	1.3	2	2	0.1	0	1	0.9	unphased	0.97780244173141	0.97780244173141	1
12	108600105	108600106	46	12	1.3	2	2	0.1	0	1	0.9	unphased	1.07221095334686	1.07221095334686	1
12	108685799	108685800	61	13	1.3	2	2	0.1	0	1	0.9	unphased	0.910413354531002	0.910413354531002	1
12	108685960	108685961	43	12	1.3	2	2	0.1	0	1	0.9	unphased	1.13069518716578	1.13069518716578	1
12	109016955	109016956	18	5	1.3	2	2	0.1	0	1	0.9	unphased	1.12659846547315	1.12659846547315	1
12	109889505	109889506	25	7	1.3	2	2	0.1	0	1	0.9	unphased	1.13363970588235	1.13363970588235	1
12	113706663	113706664	30	4	1.3	2	2	0.1	0	1	0.9	unphased	0.609688581314879	0.609688581314879	1
12	114793416	114793417	45	6	1.3	2	2	0.1	0	1	0.9	unphased	0.609688581314879	0.609688581314879	1
12	120589171	120589172	27	16	1.3	2	2	0.1	0	1	0.9	unphased	1.92831737346101	1.75301579405547	1.1
12	120600724	120600725	78	25	1.3	2	2	0.1	0	1	0.9	unphased	1.25785265562536	1.25785265562536	1
12	120649933	120649934	18	3	1.3	2	2	0.1	0	1	0.9	unphased	0.740336134453781	0.740336134453781	1
12	123214303	123214304	66	18	1.3	2	2	0.1	0	1	0.9	unphased	1.11050420168067	1.11050420168067	1
12	123950128	123950129	56	27	1.3	2	2	0.1	0	1	0.9	unphased	1.68582565556343	1.53256877778494	1.1
12	123950941	123950942	24	13	1.3	2	2	0.1	0	1	0.9	unphased	1.820826709062	1.65529700823818	1.1
12	124409699	124409700	61	18	1.3	2	2	0.1	0	1	0.9	unphased	1.18078927773641	1.18078927773641	1
12	126135371	126135372	43	20	1.3	2	2	0.1	0	1	0.9	unphased	1.64519140989729	1.49562855445208	1.1
12	126138379	126138380	71	17	1.3	2	2	0.1	0	1	0.9	unphased	1.00113636363636	1.00113636363636	1
12	130827547	130827548	29	13	1.3	2	2	0.1	0	1	0.9	unphased	1.60406162464986	1.45823784059078	1.1
12	133218934	133218935	40	5	4	2	2	1	NA	NA	NA	unphased	0.875816993464052	0.875816993464052	1
13	21751065	21751066	47	13	2.76	2	2	0.38	1	1	0.62	unphased	1.43917647058824	1.43917647058824	1
13	25875925	25875926	13	7	2.76	2	2	0.38	1	1	0.62	unphased	2.32482352941176	1.6846547314578	1.38
13	27259980	27259981	30	7	2.76	2	2	0.38	1	1	0.62	unphased	1.2566613672496	1.2566613672496	1
13	28903805	28903806	24	6	2.76	2	2	0.38	1	1	0.62	unphased	1.32847058823529	1.32847058823529	1
13	29005429	29005430	47	14	2.76	2	2	0.38	1	1	0.62	unphased	1.52447444551591	1.52447444551591	1
13	29600748	29600749	31	15	2.76	2	2	0.38	1	1	0.62	unphased	2.16598465473146	1.56955409763149	1.38
13	31037771	31037772	149	10	2.76	2	2	0.38	1	1	0.62	unphased	0.417758046614872	1.09936328056545	0.38
13	38158942	38158943	49	13	3.02	2	2	0.51	1	1	0.49	unphased	1.44726755218216	1.44726755218216	1
13	39262315	39262316	86	5	3.02	2	2	0.51	1	1	0.49	unphased	0.379250161603103	0.743627767849221	0.51
13	39450187	39450188	97	35	3.02	2	2	0.51	1	1	0.49	unphased	1.83016934046346	1.21203267580361	1.51
13	39544408	39544409	108	18	3.02	2	2	0.51	1	1	0.49	unphased	0.986050420168067	0.986050420168067	1
13	44433832	44433833	49	15	3.02	2	2	0.51	1	1	0.49	unphased	1.61773897058824	1.07135031164784	1.51
13	46542135	46542136	130	31	3.02	2	2	0.51	1	1	0.49	unphased	1.32902447935696	1.32902447935696	1
13	46544581	46544582	120	18	3.02	2	2	0.51	1	1	0.49	unphased	0.900306905370844	0.900306905370844	1
13	46559470	46559471	63	23	3.02	2	2	0.51	1	1	0.49	unphased	1.8459781121751	1.22250206104311	1.51
13	46718620	46718621	94	9	3.02	2	2	0.51	1	1	0.49	unphased	0.603118218161051	0.603118218161051	1
13	49281665	49281666	86	26	3.02	2	2	0.51	1	1	0.49	unphased	1.60233193277311	1.06114697534643	1.51
13	58207295	58207296	37	7	2.48	3	1	0.24	1	1	0.76	unphased	1.01219251336898	1.01219251336898	1
13	61068700	61068701	68	4	2.48	3	1	0.24	1	1	0.76	unphased	0.353464052287582	1.47276688453159	0.24
13	61985689	61985690	83	9	2.48	3	1	0.24	1	1	0.76	unphased	0.622404092071611	0.622404092071611	1
13	61987481	61987482	107	25	2.48	3	1	0.24	1	1	0.76	unphased	1.20499108734403	1.20499108734403	1
13	64321141	64321142	35	23	NA	NA	NA	NA	NA	NA	NA	unphased	NA	NA	1
13	70370986	70370987	108	42	2.74	3	1	0.37	1	1	0.63	unphased	1.85425882352941	1.06566599053414	1.74
13	70681814	70681815	27	6	2.74	3	1	0.37	1	1	0.63	unphased	1.20406417112299	1.20406417112299	1
13	77566204	77566205	33	5	7.68	7	3	0.71	1	1	0.29	unphased	1.52136222910217	1.52136222910217	1
13	78133956	78133957	191	48	7.68	7	3	0.71	1	1	0.29	unphased	2.32214619739109	0.959564544376484	2.42
13	86369916	86369917	82	86	7.68	7	3	0.71	1	1	0.29	unphased	5.91882352941176	1.0134971796938	5.84
13	88328099	88328100	194	8	7.68	7	3	0.71	1	1	0.29	unphased	0.457914967967385	0.644950659108993	0.71
13	88328595	88328596	205	13	7.68	7	3	0.71	1	1	0.29	unphased	0.689498111171074	0.689498111171074	1
13	94680114	94680115	177	21	7.68	7	3	0.71	1	1	0.29	unphased	1.22631016042781	1.22631016042781	1
13	95121297	95121298	205	17	7.68	7	3	0.71	1	1	0.29	unphased	0.885405405405405	0.885405405405405	1
13	95271475	95271476	166	24	7.68	7	3	0.71	1	1	0.29	unphased	1.46050773993808	0.854098093531041	1.71
13	97639958	97639959	68	50	7.68	7	3	0.71	1	1	0.29	unphased	4.89930209371884	1.01225249870224	4.84
13	101833211	101833212	11	4	7.68	7	3	0.71	1	1	0.29	unphased	3.08329411764706	0.985077992858485	3.13
13	101890160	101890161	198	94	7.68	7	3	0.71	1	1	0.29	unphased	3.7221273166801	1.00326881851216	3.71
13	103053848	103053849	150	17	7.68	7	3	0.71	1	1	0.29	unphased	1.17700598802395	1.17700598802395	1
13	103446051	103446052	206	38	7.68	7	3	0.71	1	1	0.29	unphased	1.80069431051109	1.05303760848602	1.71
14	19553441	19553442	50	6	NA	NA	NA	NA	NA	NA	NA	unphased	NA	NA	1
14	20345097	20345098	271	18	2.12	3	2	0.28	1	0	0.72	unphased	0.373848972114797	1.33517490040999	0.28
14	20482659	20482660	50	6	2.12	3	2	0.28	1	0	0.72	unphased	0.643109243697479	0.643109243697479	1
14	20528260	20528261	154	34	2.12	3	2	0.28	1	0	0.72	unphased	1.08553191489362	1.08553191489362	1
14	20711192	20711193	128	36	2.12	3	2	0.28	1	0	0.72	unphased	1.31758967001435	1.02936692969871	1.28
14	21216279	21216280	17	7	2.12	3	2	0.28	1	0	0.72	unphased	1.7506862745098	1.7506862745098	1
14	21542219	21542220	105	8	2.12	3	2	0.28	1	0	0.72	unphased	0.424945340968246	1.51766193202945	0.28
14	22337430	22337431	153	49	2.12	3	2	0.28	1	0	0.72	unphased	1.4560163075131	0.933343786867374	1.56
14	23243651	23243652	188	41	2.12	3	2	0.28	1	0	0.72	unphased	1.07465707680452	1.07465707680452	1
14	23355421	23355422	24	4	2.12	3	2	0.28	1	0	0.72	unphased	0.857478991596639	0.857478991596639	1
14	23586925	23586926	97	7	2.12	3	2	0.28	1	0	0.72	unphased	0.404004524886878	1.44287330316742	0.28
14	23857877	23857878	28	9	2.12	3	2	0.28	1	0	0.72	unphased	1.46003179650238	1.46003179650238	1
14	24911970	24911971	195	12	2.12	3	2	0.28	1	0	0.72	unphased	0.347962489343563	1.24272317622701	0.28
14	26917985	26917986	114	39	2.12	3	2	0.28	1	0	0.72	unphased	1.53001153402537	0.98077662437524	1.56
14	30066963	30066964	47	14	2.12	3	2	0.28	1	0	0.72	unphased	1.37758919961427	1.37758919961427	1
14	31917456	31917457	162	83	2.12	3	2	0.28	1	0	0.72	unphased	2.03345018007203	0.891864114066679	2.28
14	33046324	33046325	56	32	2.12	3	2	0.28	1	0	0.72	unphased	2.18267379679144	0.957313068768177	2.28
14	34266711	34266712	95	38	2.12	3	2	0.28	1	0	0.72	unphased	1.71495798319328	1.09933204050851	1.56
14	35872910	35872911	14	7	2.12	3	2	0.28	1	0	0.72	unphased	2.00078431372549	0.877536979704162	2.28
14	38679166	38679167	53	14	2.12	3	2	0.28	1	0	0.72	unphased	1.25422300263389	1.25422300263389	1
14	39510008	39510009	103	30	2.12	3	2	0.28	1	0	0.72	unphased	1.35391419725785	1.0577454666077	1.28
14	39510009	39510010	104	30	2.12	3	2	0.28	1	0	0.72	unphased	1.34381035996488	1.04985184372256	1.28
14	42355818	42355819	22	9	2.12	3	2	0.28	1	0	0.72	unphased	1.74261859582543	1.74261859582543	1
14	42373449	42373450	17	11	2.12	3	2	0.28	1	0	0.72	unphased	2.35806722689076	1.03424001179419	2.28
14	45431825	45431826	50	10	2.12	3	2	0.28	1	0	0.72	unphased	1.00039215686274	1.00039215686274	1
14	45542539	45542540	38	13	2.12	3	2	0.28	1	0	0.72	unphased	1.53001153402537	1.53001153402537	1
14	47120342	47120343	65	25	2.12	3	2	0.28	1	0	0.72	unphased	1.66732026143791	1.06879503938327	1.56
14	47121000	47121001	57	17	2.12	3	2	0.28	1	0	0.72	unphased	1.37891891891892	1.37891891891892	1
14	50069181	50069182	49	19	2.12	3	2	0.28	1	0	0.72	unphased	1.67712802768166	1.07508206902671	1.56
14	51446128	51446129	130	51	2.12	3	2	0.28	1	0	0.72	unphased	1.69127071823204	1.08414789630259	1.56
14	52433429	52433430	77	23	2.12	3	2	0.28	1	0	0.72	unphased	1.38054117647059	1.38054117647059	1
14	54976642	54976643	40	16	2.12	3	2	0.28	1	0	0.72	unphased	1.71495798319328	1.09933204050851	1.56
14	57114062	57114063	61	14	2.12	3	2	0.28	1	0	0.72	unphased	1.12043921568627	1.12043921568627	1
14	58681921	58681922	13	5	2.12	3	2	0.28	1	0	0.72	unphased	1.66732026143791	1.66732026143791	1
14	58690363	58690364	21	8	2.12	3	2	0.28	1	0	0.72	unphased	1.6558215010142	1.6558215010142	1
14	63174459	63174460	108	43	2.56	2	1	0.56	1	1	0.44	unphased	1.83457732761979	1.17601110744858	1.56
14	64194139	64194140	62	6	2.56	2	1	0.56	1	1	0.44	unphased	0.568442906574394	0.568442906574394	1
14	64463802	64463803	39	6	2.56	2	1	0.56	1	1	0.44	unphased	0.858980392156863	0.858980392156863	1
14	64464044	64464045	19	11	2.56	2	1	0.56	1	1	0.44	unphased	2.36219607843137	1.51422825540473	1.56
14	64727422	64727423	52	13	2.56	2	1	0.56	1	1	0.44	unphased	1.28847058823529	1.28847058823529	1
14	64935577	64935578	157	10	2.56	2	1	0.56	1	1	0.44	unphased	0.385769637196196	0.688874352136064	0.56
14	68257293	68257294	44	21	2.56	2	1	0.56	1	1	0.44	unphased	2.08137556561086	1.33421510616081	1.56
14	74179619	74179620	123	9	2.56	2	1	0.56	1	1	0.44	unphased	0.439251336898396	0.784377387318564	0.56
14	74360538	74360539	66	18	2.56	2	1	0.56	1	1	0.44	unphased	1.38050420168067	1.38050420168067	1
14	74413268	74413269	155	8	2.56	2	1	0.56	1	1	0.44	unphased	0.316189101407434	0.564623395370418	0.56
14	75276400	75276401	33	12	2.56	2	1	0.56	1	1	0.44	unphased	1.71796078431373	1.10125691302162	1.56
14	79181240	79181241	65	35	2.56	2	1	0.56	1	1	0.44	unphased	2.25482352941176	1.44539969834087	1.56
14	86089222	86089223	98	7	2.56	2	1	0.56	1	1	0.44	unphased	0.429490196078431	0.766946778711484	0.56
14	90651205	90651206	55	8	2.56	2	1	0.56	1	1	0.44	unphased	0.818076563958917	0.818076563958917	1
14	91252634	91252635	69	13	2.56	2	1	0.56	1	1	0.44	unphased	1.02134863701578	1.02134863701578	1
14	91739122	91739123	22	6	2.56	2	1	0.56	1	1	0.44	unphased	1.38050420168067	1.38050420168067	1
14	93273275	93273276	70	9	2.56	2	1	0.56	1	1	0.44	unphased	0.733938942665674	0.733938942665674	1
14	93714901	93714902	28	9	2.56	2	1	0.56	1	1	0.44	unphased	1.56705882352941	1.56705882352941	1
14	93760475	93760476	48	10	2.56	2	1	0.56	1	1	0.44	unphased	1.11075050709939	1.11075050709939	1
14	94052997	94052998	52	5	2.56	2	1	0.56	1	1	0.44	unphased	0.565118679050567	0.565118679050567	1
14	94776179	94776180	62	21	2.56	2	1	0.56	1	1	0.44	unphased	1.62999291282778	1.04486725181268	1.56
14	94936105	94936106	65	24	2.56	2	1	0.56	1	1	0.44	unphased	1.73726371447455	1.11363058620164	1.56
14	95557421	95557422	41	16	2.56	2	1	0.56	1	1	0.44	unphased	1.80837977296182	1.15921780318065	1.56
14	100795943	100795944	123	24	2.56	2	1	0.56	1	1	0.44	unphased	1.05181272509004	1.05181272509004	1
14	101451119	101451120	88	17	2.56	2	1	0.56	1	1	0.44	unphased	1.04304761904762	1.04304761904762	1
14	101453433	101453434	84	31	2.56	2	1	0.56	1	1	0.44	unphased	1.73663427109974	1.11322709685881	1.56
14	102449534	102449535	44	13	2.56	2	1	0.56	1	1	0.44	unphased	1.46930856553148	1.46930856553148	1
14	102912200	102912201	77	7	2.56	2	1	0.56	1	1	0.44	unphased	0.536862745098039	0.958683473389355	0.56
14	105181142	105181143	16	5	2.56	2	1	0.56	1	1	0.44	unphased	1.53389355742297	1.53389355742297	1
14	105419213	105419214	293	63	2.56	2	1	0.56	1	1	0.44	unphased	1.14007931262393	1.14007931262393	1
14	106110217	106110218	107	14	2.56	2	1	0.56	1	1	0.44	unphased	0.745396208070005	0.745396208070005	1
14	106494400	106494401	27	22	NA	NA	NA	NA	NA	NA	NA	unphased	NA	NA	1
14	106539344	106539345	136	8	NA	NA	NA	NA	NA	NA	NA	unphased	NA	NA	1
14	106691701	106691702	159	21	NA	NA	NA	NA	NA	NA	NA	unphased	NA	NA	1
14	106691830	106691831	171	20	NA	NA	NA	NA	NA	NA	NA	unphased	NA	NA	1
14	106780764	106780765	106	7	3.38	2	2	0.69	1	1	0.31	unphased	0.449880270692348	0.65200039230775	0.69
14	107034930	107034931	29	4	3.38	2	2	0.69	1	1	0.31	unphased	0.880285204991087	0.880285204991087	1
14	107083495	107083496	40	8	3.38	2	2	0.69	1	1	0.31	unphased	1.21039215686274	1.21039215686274	1
15	20496658	20496659	38	4	2	1	1	0.53	1	1	0.47	unphased	0.560224089635854	0.560224089635854	1
15	22369409	22369410	100	23	2	1	1	0.53	1	1	0.47	unphased	1.09995217599235	1.09995217599235	1
15	22383203	22383204	167	8	2	1	1	0.53	1	1	0.47	unphased	0.26890756302521	0.572143751117468	0.47
15	23811917	23811918	82	12	2	1	1	0.53	1	1	0.47	unphased	0.750938673341677	0.750938673341677	1
15	24922302	24922303	75	19	2	1	1	0.53	1	1	0.47	unphased	1.18898623279099	1.18898623279099	1
15	25417699	25417700	54	16	2	1	1	0.53	1	1	0.47	unphased	1.34453781512605	1.34453781512605	1
15	25474050	25474051	103	41	2	1	1	0.53	1	1	0.47	unphased	1.67483660130719	1.67483660130719	1
15	25483202	25483203	90	12	2	1	1	0.53	1	1	0.47	unphased	0.692041522491349	0.692041522491349	1
15	26793244	26793245	121	13	2	1	1	0.53	1	1	0.47	unphased	0.570676031606672	1.21420432256739	0.47
15	31218080	31218081	155	34	2	1	1	0.53	1	1	0.47	unphased	1.05820105820106	1.05820105820106	1
15	31822942	31822943	50	16	2	1	1	0.53	1	1	0.47	unphased	1.42602495543672	1.42602495543672	1
15	34078112	34078113	139	50	2	1	1	0.53	1	1	0.47	unphased	1.55617802676626	1.55617802676626	1
15	34123254	34123255	25	3	2	1	1	0.53	1	1	0.47	unphased	0.630252100840336	0.630252100840336	1
15	34140573	34140574	67	4	2	1	1	0.53	1	1	0.47	unphased	0.331400165700083	0.705106735532091	0.47
15	34355841	34355842	81	11	2	1	1	0.53	1	1	0.47	unphased	0.703324808184143	0.703324808184143	1
15	34634190	34634191	21	10	2	1	1	0.53	1	1	0.47	unphased	1.89753320683112	1.89753320683112	1
15	37100529	37100530	47	14	2	1	1	0.53	1	1	0.47	unphased	1.35004821600771	1.35004821600771	1
15	37390310	37390311	33	5	2	1	1	0.53	1	1	0.47	unphased	0.773993808049536	0.773993808049536	1
15	41066553	41066554	152	45	2	1	1	0.53	1	1	0.47	unphased	1.34368468199463	1.34368468199463	1
15	43476675	43476676	172	43	2	1	1	0.53	1	1	0.47	unphased	1.17647058823529	1.17647058823529	1
15	45389483	45389484	69	13	2	1	1	0.53	1	1	0.47	unphased	0.932568149210904	0.932568149210904	1
15	48063768	48063769	118	19	2	1	1	0.53	1	1	0.47	unphased	0.81580077286389	0.81580077286389	1
15	48787757	48787758	164	25	2	1	1	0.53	1	1	0.47	unphased	0.778089013383131	0.778089013383131	1
15	50866542	50866543	68	14	2	1	1	0.53	1	1	0.47	unphased	1.00430416068867	1.00430416068867	1
15	51017459	51017460	112	24	2	1	1	0.53	1	1	0.47	unphased	1.03806228373702	1.03806228373702	1
15	55677869	55677870	24	5	2	1	1	0.53	1	1	0.47	unphased	1.01419878296146	1.01419878296146	1
15	58004325	58004326	43	7	2	1	1	0.53	1	1	0.47	unphased	0.823529411764706	0.823529411764706	1
15	59515349	59515350	67	12	2	1	1	0.53	1	1	0.47	unphased	0.893521965748325	0.893521965748325	1
15	60747596	60747597	70	19	2	1	1	0.53	1	1	0.47	unphased	1.25578321216127	1.25578321216127	1
15	60795016	60795017	177	53	2	1	1	0.53	1	1	0.47	unphased	1.35549872122762	1.35549872122762	1
15	64008545	64008546	105	6	2	1	1	0.53	1	1	0.47	unphased	0.317965023847377	0.676521327334844	0.47
15	65621335	65621336	31	7	2	1	1	0.53	1	1	0.47	unphased	1.08359133126935	1.08359133126935	1
15	66797703	66797704	103	6	2	1	1	0.53	1	1	0.47	unphased	0.32379924446843	0.688934562698786	0.47
15	72954852	72954853	166	18	2	1	1	0.53	1	1	0.47	unphased	0.575447570332481	1.2243565326223	0.47
15	73552638	73552639	68	16	2	1	1	0.53	1	1	0.47	unphased	1.12044817927171	1.12044817927171	1
15	74178932	74178933	38	10	2	1	1	0.53	1	1	0.47	unphased	1.22549019607843	1.22549019607843	1
15	74476206	74476207	85	10	2	1	1	0.53	1	1	0.47	unphased	0.619195046439628	0.619195046439628	1
15	74919955	74919956	166	36	2	1	1	0.53	1	1	0.47	unphased	1.04834012813046	1.04834012813046	1
15	75673048	75673049	43	12	2	1	1	0.53	1	1	0.47	unphased	1.28342245989305	1.28342245989305	1
15	76430163	76430164	71	12	2	1	1	0.53	1	1	0.47	unphased	0.850460666194188	0.850460666194188	1
15	77241467	77241468	120	30	2	1	1	0.54	1	1	0.46	unphased	1.17647058823529	1.17647058823529	1
15	78789627	78789628	44	4	2	1	1	0.54	1	1	0.46	unphased	0.490196078431372	0.490196078431372	1
15	79183908	79183909	34	18	2	1	1	0.54	1	1	0.46	unphased	2.03619909502262	2.03619909502262	1
15	80181465	80181466	32	7	2	1	1	0.54	1	1	0.46	unphased	1.05580693815988	1.05580693815988	1
15	81572083	81572084	35	7	2	1	1	0.54	1	1	0.46	unphased	0.980392156862745	0.980392156862745	1
15	83328638	83328639	103	17	2	1	1	0.54	1	1	0.46	unphased	0.833333333333333	0.833333333333333	1
15	84581899	84581900	76	15	2	1	1	0.54	1	1	0.46	unphased	0.96961861667744	0.96961861667744	1
15	90799511	90799512	61	9	2	1	1	0.54	1	1	0.46	unphased	0.756302521008403	0.756302521008403	1
15	93489272	93489273	42	10	2	1	1	0.54	1	1	0.46	unphased	1.13122171945701	1.13122171945701	1
15	97328412	97328413	44	13	2	1	1	0.54	1	1	0.46	unphased	1.34158926728586	1.34158926728586	1
15	99459973	99459974	38	18	2	1	1	0.54	1	1	0.46	unphased	1.89075630252101	1.89075630252101	1
15	102261471	102261472	65	26	2	1	1	0.54	1	1	0.46	unphased	1.68067226890756	1.68067226890756	1
16	633390	633391	104	6	2.75	3	2	0.25	1	1	0.75	unphased	0.361764705882353	1.44705882352941	0.25
16	716960	716961	17	7	2.75	3	2	0.25	1	1	0.75	unphased	1.9344362745098	1.9344362745098	1
16	726419	726420	23	3	2.75	3	2	0.25	1	1	0.75	unphased	0.76527149321267	0.76527149321267	1
16	1254176	1254177	35	4	2.75	3	2	0.25	1	1	0.75	unphased	0.680241327300151	0.680241327300151	1
16	1272687	1272688	103	24	2.75	3	2	0.25	1	1	0.75	unphased	1.25335803612784	1.25335803612784	1
16	1399302	1399303	69	12	2.75	3	2	0.25	1	1	0.75	unphased	0.982570806100218	0.982570806100218	1
16	1573580	1573581	47	12	2.75	3	2	0.25	1	1	0.75	unphased	1.34895314057827	1.34895314057827	1
16	2024385	2024386	234	47	2.75	3	2	0.25	1	1	0.75	unphased	1.10932593678041	1.10932593678041	1
16	2203149	2203150	70	5	2.75	3	2	0.25	1	1	0.75	unphased	0.442156862745098	0.442156862745098	1
16	2809354	2809355	74	7	2.75	3	2	0.25	1	1	0.75	unphased	0.57316630355846	0.57316630355846	1
16	2816509	2816510	79	25	2.75	3	2	0.25	1	1	0.75	unphased	1.59431561085973	1.06287707390649	1.5
16	3142749	3142750	8	5	2.75	3	2	0.25	1	1	0.75	unphased	2.55090497737557	1.13373554550025	2.25
16	3349788	3349789	129	19	2.75	3	2	0.25	1	1	0.75	unphased	0.851450715421304	0.851450715421304	1
16	3367317	3367318	101	6	2.75	3	2	0.25	1	1	0.75	unphased	0.371907641561297	1.48763056624519	0.25
16	3406429	3406430	131	7	2.75	3	2	0.25	1	1	0.75	unphased	0.336423699914749	1.34569479965899	0.25
16	3487173	3487174	231	12	2.75	3	2	0.25	1	1	0.75	unphased	0.327523602033406	1.31009440813362	0.25
16	3487300	3487301	189	9	2.75	3	2	0.25	1	1	0.75	unphased	0.301470588235294	1.20588235294118	0.25
16	3778144	3778145	92	9	2.75	3	2	0.25	1	1	0.75	unphased	0.591001747233547	0.591001747233547	1
16	4242844	4242845	65	28	2.75	3	2	0.25	1	1	0.75	unphased	1.99683744465528	0.887483308735681	2.25
16	5145515	5145516	141	7	2.75	3	2	0.25	1	1	0.75	unphased	0.313692368839428	1.25476947535771	0.25
16	8738438	8738439	303	36	2.75	3	2	0.25	1	1	0.75	unphased	0.704320666319625	0.704320666319625	1
16	11071250	11071251	29	8	2.75	3	2	0.25	1	1	0.75	unphased	1.43402225755167	1.43402225755167	1
16	11868105	11868106	43	17	2.75	3	2	0.25	1	1	0.75	unphased	1.87916666666667	0.835185185185185	2.25
16	14397883	14397884	127	13	2.75	3	2	0.25	1	1	0.75	unphased	0.615861344537815	0.615861344537815	1
16	17211545	17211546	69	5	2.75	3	2	0.25	1	1	0.75	unphased	0.448131955484897	0.448131955484897	1
16	17232304	17232305	68	17	2.75	3	2	0.25	1	1	0.75	unphased	1.32647058823529	1.32647058823529	1
16	18794287	18794288	31	4	2.75	3	2	0.25	1	1	0.75	unphased	0.757983193277311	0.757983193277311	1
16	20337721	20337722	53	18	2.6	3	2	0.2	1	1	0.8	unphased	1.64341342170671	1.17386672979051	1.4
16	20432578	20432579	51	19	2.6	3	2	0.2	1	1	0.8	unphased	1.75949579831933	0.799770817417876	2.2
16	20432687	20432688	41	5	2.6	3	2	0.2	1	1	0.8	unphased	0.70460358056266	0.70460358056266	1
16	20448450	20448451	161	31	2.6	3	2	0.2	1	1	0.8	unphased	1.04662990196078	1.04662990196078	1
16	20975808	20975809	229	14	2.6	3	2	0.2	1	1	0.8	unphased	0.373468893730332	0.373468893730332	1
16	21696564	21696565	58	24	2.6	3	2	0.2	1	1	0.8	unphased	1.89727403156384	0.862397287074475	2.2
16	23646429	23646430	160	8	2.6	3	2	0.2	1	1	0.8	unphased	0.308683473389356	1.54341736694678	0.2
16	27480737	27480738	33	21	2.6	3	2	0.2	1	1	0.8	unphased	2.52091503267974	1.14587046939988	2.2
16	28617117	28617118	71	6	2.6	3	2	0.2	1	1	0.8	unphased	0.505118411000764	0.505118411000764	1
16	28617478	28617479	211	14	2.6	3	2	0.2	1	1	0.8	unphased	0.403346405228758	0.403346405228758	1
16	28997868	28997869	44	23	2.6	3	2	0.2	1	1	0.8	unphased	2.2252853380158	1.01149333546173	2.2
16	29934566	29934567	38	8	2.6	3	2	0.2	1	1	0.8	unphased	1.12736572890026	1.12736572890026	1
16	30005441	30005442	103	36	2.6	3	2	0.2	1	1	0.8	unphased	1.67888277613204	1.19920198295145	1.4
16	30035053	30035054	47	6	2.6	3	2	0.2	1	1	0.8	unphased	0.7338512763596	0.7338512763596	1
16	30747678	30747679	36	19	2.6	3	2	0.2	1	1	0.8	unphased	2.23935828877005	1.01789013125911	2.2
16	30747679	30747680	36	19	2.6	3	2	0.2	1	1	0.8	unphased	2.23935828877005	1.01789013125911	2.2
16	31090370	31090371	71	7	2.6	3	2	0.2	1	1	0.8	unphased	0.581749622926093	0.581749622926093	1
16	31371782	31371783	64	31	2.6	3	2	0.2	1	1	0.8	unphased	2.11529411764706	0.961497326203208	2.2
16	31424183	31424184	101	20	2.6	3	2	0.2	1	1	0.8	unphased	1.07146329606223	1.07146329606223	1
16	31471184	31471185	16	10	2.6	3	2	0.2	1	1	0.8	unphased	2.49321266968326	1.13327848621966	2.2
16	31895845	31895846	96	27	2.6	3	2	0.2	1	1	0.8	unphased	1.42295552367288	1.01639680262349	1.4
16	32892093	32892094	12	4	NA	NA	NA	NA	NA	NA	NA	unphased	NA	NA	1
16	34624174	34624175	16	3	7	7	0	1	NA	NA	NA	unphased	1.71826625386997	1.71826625386997	1
16	47630429	47630430	245	44	2.88	3	3	0.22	1	1	0.78	unphased	1.02956238550784	1.02956238550784	1
16	48596270	48596271	47	4	2.88	3	3	0.22	1	1	0.78	unphased	0.53038062283737	0.53038062283737	1
16	49669701	49669702	77	34	2.88	3	3	0.22	1	1	0.78	unphased	2.07135135135135	0.933041149257365	2.22
16	50744742	50744743	37	15	2.88	3	3	0.22	1	1	0.78	unphased	1.95067873303167	0.878684113978231	2.22
16	50783813	50783814	160	12	2.88	3	3	0.22	1	1	0.78	unphased	0.471792065663475	0.471792065663475	1
16	53404636	53404637	46	7	2.88	3	3	0.22	1	1	0.78	unphased	0.893140954495006	0.893140954495006	1
16	53698860	53698861	72	14	2.63	3	2	0.21	1	1	0.79	unphased	1.06015047879617	1.06015047879617	1
16	54318963	54318964	51	5	2.63	3	2	0.21	1	1	0.79	unphased	0.581460084033613	0.581460084033613	1
16	56370736	56370737	24	7	2.63	3	2	0.21	1	1	0.79	unphased	1.47053130929791	1.47053130929791	1
16	56659723	56659724	70	38	2.63	3	2	0.21	1	1	0.79	unphased	2.2913834422658	1.0368250869981	2.21
16	56906694	56906695	81	28	2.63	3	2	0.21	1	1	0.79	unphased	1.67289800323799	1.17809718537887	1.42
16	65026920	65026921	72	20	2.63	3	2	0.21	1	1	0.79	unphased	1.41572890025575	1.41572890025575	1
16	67281373	67281374	16	3	2.63	3	2	0.21	1	1	0.79	unphased	1.02826625386997	1.02826625386997	1
16	67315482	67315483	22	9	2.63	3	2	0.21	1	1	0.79	unphased	1.89068311195446	0.855512720341384	2.21
16	67681431	67681432	11	4	2.63	3	2	0.21	1	1	0.79	unphased	1.73662745098039	1.73662745098039	1
16	68279359	68279360	25	4	2.63	3	2	0.21	1	1	0.79	unphased	0.898255578093306	0.898255578093306	1
16	70363366	70363367	69	6	2.63	3	2	0.21	1	1	0.79	unphased	0.520988235294118	0.520988235294118	1
16	70975589	70975590	152	18	2.63	3	2	0.21	1	1	0.79	unphased	0.689543252595156	0.689543252595156	1
16	74908271	74908272	62	9	2.63	3	2	0.21	1	1	0.79	unphased	0.825509527754764	0.825509527754764	1
16	75574073	75574074	11	12	2.63	3	2	0.21	1	1	0.79	unphased	3.39774936061381	1.53744314959901	2.21
16	76461374	76461375	160	41	2.63	3	2	0.21	1	1	0.79	unphased	1.32839040093649	0.935486197842601	1.42
16	84101949	84101950	122	15	2.63	3	2	0.21	1	1	0.79	unphased	0.713031343924431	0.713031343924431	1
16	86601482	86601483	52	9	2.63	3	2	0.21	1	1	0.79	unphased	0.960838958534233	0.960838958534233	1
16	89657606	89657607	10	5	2.63	3	2	0.21	1	1	0.79	unphased	2.17078431372549	2.17078431372549	1
16	89696854	89696855	67	12	2.63	3	2	0.21	1	1	0.79	unphased	0.98921816827997	0.98921816827997	1
16	89712978	89712979	15	3	2.63	3	2	0.21	1	1	0.79	unphased	1.08539215686274	1.08539215686274	1
16	90162652	90162653	165	40	2.63	3	2	0.21	1	1	0.79	unphased	1.27070301291248	1.27070301291248	1
17	530464	530465	39	9	3	3	0	1	NA	NA	NA	unphased	1.29044117647059	1.29044117647059	1
17	1377913	1377914	85	38	3	3	0	1	NA	NA	NA	unphased	2.12625538020086	1.06312769010043	2
17	2883647	2883648	32	3	3	3	0	1	NA	NA	NA	unphased	0.589915966386555	0.589915966386555	1
17	3962560	3962561	33	15	3	3	0	1	NA	NA	NA	unphased	2.15073529411765	1.07536764705882	2
17	6716157	6716158	86	5	3	3	0	1	NA	NA	NA	unphased	0.378151260504202	0.378151260504202	1
17	6716209	6716210	114	6	3	3	0	1	NA	NA	NA	unphased	0.344117647058824	0.344117647058824	1
17	6716244	6716245	103	6	3	3	0	1	NA	NA	NA	unphased	0.378845116028063	0.378845116028063	1
17	6718508	6718509	111	17	3	3	0	1	NA	NA	NA	unphased	0.9140625	0.9140625	1
17	7339898	7339899	92	6	3	3	0	1	NA	NA	NA	unphased	0.421368547418968	0.421368547418968	1
17	7577116	7577117	10	10	3	3	0	1	NA	NA	NA	unphased	3.44117647058823	1.14705882352941	3
17	7750310	7750311	50	8	3	3	0	1	NA	NA	NA	unphased	0.949290060851927	0.949290060851927	1
17	7830693	7830694	111	53	3	3	0	1	NA	NA	NA	unphased	2.22417503586801	1.112087517934	2
17	8638826	8638827	39	22	3	3	0	1	NA	NA	NA	unphased	2.48216007714561	0.827386692381871	3
17	10258268	10258269	15	8	3	3	0	1	NA	NA	NA	unphased	2.39386189258312	1.19693094629156	2
17	10309365	10309366	61	37	3	3	0	1	NA	NA	NA	unphased	2.5984393757503	0.866146458583433	3
17	10317570	10317571	189	36	3	3	0	1	NA	NA	NA	unphased	1.10117647058824	1.10117647058824	1
17	10404774	10404775	44	19	3	3	0	1	NA	NA	NA	unphased	2.07563025210084	1.03781512605042	2
17	10417169	10417170	66	5	3	3	0	1	NA	NA	NA	unphased	0.484672742336371	0.484672742336371	1
17	10539065	10539066	166	15	3	3	0	1	NA	NA	NA	unphased	0.570360740981475	0.570360740981475	1
17	11572722	11572723	50	4	3	3	0	1	NA	NA	NA	unphased	0.509803921568627	0.509803921568627	1
17	11603083	11603084	31	17	3	3	0	1	NA	NA	NA	unphased	2.4375	0.8125	3
17	15231317	15231318	42	31	3	3	0	1	NA	NA	NA	unphased	2.92264302981467	0.974214343271555	3
17	17697996	17697997	103	7	3	3	0	1	NA	NA	NA	unphased	0.437967914438503	0.437967914438503	1
17	18390984	18390985	32	5	NA	NA	NA	NA	NA	NA	NA	unphased	NA	NA	1
17	19186860	19186861	36	19	3	3	0	1	NA	NA	NA	unphased	2.37754010695187	1.18877005347594	2
17	21730781	21730782	18	8	3.38	2	2	0.69	1	1	0.31	unphased	2.23457013574661	1.3222308495542	1.69
17	26657478	26657479	105	6	3.38	2	2	0.69	1	1	0.31	unphased	0.392559618441971	0.568926983249234	0.69
17	26857767	26857768	72	17	3.38	2	2	0.69	1	1	0.31	unphased	1.38719101123595	1.38719101123595	1
17	27401206	27401207	45	4	3.38	2	2	0.69	1	1	0.31	unphased	0.592845138055222	0.592845138055222	1
17	30376181	30376182	129	12	3.38	2	2	0.69	1	1	0.31	unphased	0.618072590738423	0.895757377881772	0.69
17	30377080	30377081	61	12	3.38	2	2	0.69	1	1	0.31	unphased	1.19381144238517	1.19381144238517	1
17	31618903	31618904	19	12	3.38	2	2	0.69	1	1	0.31	unphased	2.81123339658444	1.66345171395529	1.69
17	32954001	32954002	84	8	3.38	2	2	0.69	1	1	0.31	unphased	0.63150895140665	0.63150895140665	1
17	32955578	32955579	15	11	3.38	2	2	0.69	1	1	0.31	unphased	3.07253393665158	1.81806741813703	1.69
17	33585967	33585968	136	41	3.38	2	2	0.69	1	1	0.31	unphased	1.68223994682619	0.995408252559875	1.69
17	34072739	34072740	100	42	3.38	2	2	0.69	1	1	0.31	unphased	2.14801988400994	1.27101768284612	1.69
17	34077162	34077163	81	10	3.38	2	2	0.69	1	1	0.31	unphased	0.798060762766645	0.798060762766645	1
17	34261662	34261663	11	4	3.38	2	2	0.69	1	1	0.31	unphased	1.93662745098039	1.93662745098039	1
17	34956173	34956174	59	13	3.52	2	2	0.76	1	1	0.24	unphased	1.33653594771242	1.33653594771242	1
17	35300369	35300370	16	5	3.52	2	2	0.76	1	1	0.24	unphased	1.7624649859944	1.7624649859944	1
17	35913972	35913973	212	23	3.52	2	2	0.76	1	1	0.24	unphased	0.724485607008761	0.724485607008761	1
17	37331622	37331623	244	15	3.52	2	2	0.76	1	1	0.24	unphased	0.428707699295935	0.428707699295935	1
17	39139319	39139320	103	40	3.52	2	2	0.76	1	1	0.24	unphased	2.07058823529412	1.17647058823529	1.76
17	39406070	39406071	124	9	3.52	2	2	0.76	1	1	0.24	unphased	0.500911101282618	0.659093554319235	0.76
17	39522853	39522854	67	23	3.6	2	2	0.8	1	1	0.2	unphased	1.9121568627451	1.06230936819172	1.8
17	39578640	39578641	155	60	3.6	2	2	0.8	1	1	0.2	unphased	2.08809849521204	1.16005471956224	1.8
17	39680733	39680734	139	13	3.6	2	2	0.8	1	1	0.2	unphased	0.639938080495356	0.639938080495356	1
17	40344281	40344282	192	15	3.6	2	2	0.8	1	1	0.2	unphased	0.542199488491049	0.677749360613811	0.8
17	40376832	40376833	58	7	3.6	2	2	0.8	1	1	0.2	unphased	0.80579185520362	0.80579185520362	1
17	41020374	41020375	19	6	3.6	2	2	0.8	1	1	0.2	unphased	1.79576470588235	1.79576470588235	1
17	41573547	41573548	43	11	3.6	2	2	0.8	1	1	0.2	unphased	1.52418300653595	1.52418300653595	1
17	42477413	42477414	151	25	3.6	2	2	0.8	1	1	0.2	unphased	1.06283422459893	1.06283422459893	1
17	42850447	42850448	39	14	3.6	2	2	0.8	1	1	0.2	unphased	1.97647058823529	1.09803921568627	1.8
17	44051794	44051795	14	3	3.6	2	2	0.8	1	1	0.2	unphased	1.32041522491349	1.32041522491349	1
17	46669526	46669527	42	11	3.66	2	2	0.83	1	1	0.17	unphased	1.56539400665927	1.56539400665927	1
17	47486767	47486768	85	5	3.66	2	2	0.83	1	1	0.17	unphased	0.419019607843137	0.504842901015828	0.83
17	49098706	49098707	112	11	3.66	2	2	0.83	1	1	0.17	unphased	0.674519368723099	0.674519368723099	1
17	51901070	51901071	49	17	3.66	2	2	0.83	1	1	0.17	unphased	1.94272727272727	1.06159960258321	1.83
17	55193572	55193573	88	28	3.66	2	2	0.83	1	1	0.17	unphased	1.82056795131846	0.994845875037409	1.83
17	56332322	56332323	70	22	3.66	2	2	0.83	1	1	0.17	unphased	1.80360613810742	0.985577124648862	1.83
17	56358092	56358093	44	5	3.66	2	2	0.83	1	1	0.17	unphased	0.769627851140456	0.769627851140456	1
17	57288643	57288644	72	22	3.66	2	2	0.83	1	1	0.17	unphased	1.76523153942428	0.964607398592503	1.83
17	57682540	57682541	50	5	3.66	2	2	0.83	1	1	0.17	unphased	0.685668449197861	0.685668449197861	1
17	60526013	60526014	168	9	3.66	2	2	0.83	1	1	0.17	unphased	0.383509471585244	0.383509471585244	1
17	60679465	60679466	59	5	3.66	2	2	0.83	1	1	0.17	unphased	0.589246323529412	0.589246323529412	1
17	61905500	61905501	32	6	3.66	2	2	0.83	1	1	0.17	unphased	1.19089783281734	1.19089783281734	1
17	61949760	61949761	97	43	3.66	2	2	0.83	1	1	0.17	unphased	2.31657983193277	1.2658906185425	1.83
17	61972387	61972388	95	24	3.66	2	2	0.83	1	1	0.17	unphased	1.52114681166584	0.831227765937619	1.83
17	61988156	61988157	166	20	3.66	2	2	0.83	1	1	0.17	unphased	0.81100569259962	0.81100569259962	1
17	61988160	61988161	162	22	3.66	2	2	0.83	1	1	0.17	unphased	0.901803069053708	0.901803069053708	1
17	61988402	61988403	28	3	3.66	2	2	0.83	1	1	0.17	unphased	0.729905123339658	0.729905123339658	1
17	65909150	65909151	103	7	3.66	2	2	0.83	1	1	0.17	unphased	0.479967914438503	0.578274595709039	0.83
17	65989127	65989128	55	27	3.66	2	2	0.83	1	1	0.17	unphased	2.48345767575323	1.35708069713291	1.83
17	66339806	66339807	52	12	3.66	2	2	0.83	1	1	0.17	unphased	1.41419117647059	1.41419117647059	1
17	66887653	66887654	46	5	3.66	2	2	0.83	1	1	0.17	unphased	0.739446366782007	0.739446366782007	1
17	66887654	66887655	46	5	3.66	2	2	0.83	1	1	0.17	unphased	0.739446366782007	0.739446366782007	1
17	67031799	67031800	54	7	3.66	2	2	0.83	1	1	0.17	unphased	0.865515911282546	0.865515911282546	1
17	70119946	70119947	39	10	3.66	2	2	0.83	1	1	0.17	unphased	1.53925570228091	1.53925570228091	1
17	72851106	72851107	28	9	3.66	2	2	0.83	1	1	0.17	unphased	1.83462639109698	1.00252808256666	1.83
17	74625197	74625198	64	17	3.66	2	2	0.83	1	1	0.17	unphased	1.58296296296296	0.865007083586319	1.83
17	75471616	75471617	31	8	3.66	2	2	0.83	1	1	0.17	unphased	1.54714932126697	1.54714932126697	1
17	77081772	77081773	34	7	3.66	2	2	0.83	1	1	0.17	unphased	1.28771879483501	1.28771879483501	1
17	78112899	78112900	63	5	3.58	2	2	0.86	0	1	0.14	unphased	0.548702422145329	0.548702422145329	1
17	78727893	78727894	183	45	3.58	2	2	0.86	0	1	0.14	unphased	1.47283281733746	0.856298149614803	1.72
17	79095609	79095610	5	3	3.58	2	2	0.86	0	1	0.14	unphased	2.79838235294118	2.79838235294118	1
17	79495632	79495633	15	5	3.58	2	2	0.86	0	1	0.14	unphased	1.86558823529412	1.86558823529412	1
17	79817161	79817162	139	11	3.58	2	2	0.86	0	1	0.14	unphased	0.547239215686274	0.636324669402645	0.86
17	79975205	79975206	43	4	3.58	2	2	0.86	0	1	0.14	unphased	0.635093867334168	0.635093867334168	1
17	80195566	80195567	78	13	3.58	2	2	0.86	0	1	0.14	unphased	1.06605042016807	1.06605042016807	1
18	331762	331763	50	11	6.38	4	4	0.73	1	1	0.27	unphased	1.85058823529412	1.06970418225093	1.73
18	2885090	2885091	95	32	6.38	4	4	0.73	1	1	0.27	unphased	2.58578971746179	1.05113403148853	2.46
18	5291624	5291625	198	95	6.38	4	4	0.73	1	1	0.27	unphased	3.32738405942582	0.96167169347567	3.46
18	6859895	6859896	118	54	6.38	4	4	0.73	1	1	0.27	unphased	3.22190150478796	1.01000047172036	3.19
18	6942085	6942086	134	46	6.38	4	4	0.73	1	1	0.27	unphased	2.62260130718954	0.960659819483349	2.73
18	7080338	7080339	104	29	6.38	4	4	0.73	1	1	0.27	unphased	2.23765590446705	0.909616221328069	2.46
18	14184183	14184184	57	26	6.38	4	4	0.73	1	1	0.27	unphased	3.21471296952516	1.00774701239033	3.19
18	14763735	14763736	27	16	6.38	4	4	0.73	1	1	0.27	unphased	3.81854993160055	1.02373992804304	3.73
18	15316740	15316741	21	3	NA	NA	NA	NA	NA	NA	NA	unphased	NA	NA	1
18	19444610	19444611	59	30	1.27	3	1	0.09	0	1	0.91	unphased	1.73674818241903	0.830979991588055	2.09
18	19997176	19997177	99	10	1.27	3	1	0.09	0	1	0.91	unphased	0.472692930383162	0.472692930383162	1
18	21422449	21422450	101	7	1.27	3	1	0.09	0	1	0.91	unphased	0.333948801742919	0.333948801742919	1
18	22804947	22804948	91	10	1.27	3	1	0.09	0	1	0.91	unphased	0.510133954571928	0.510133954571928	1
18	28918413	28918414	34	5	1	1	0	1	NA	NA	NA	unphased	0.625942684766214	0.625942684766214	1
18	29340019	29340020	77	8	1	1	0	1	NA	NA	NA	unphased	0.459515570934256	0.459515570934256	1
18	31319213	31319214	15	5	1	1	0	1	NA	NA	NA	unphased	1.22058823529412	1.22058823529412	1
18	34833895	34833896	38	8	1	1	0	1	NA	NA	NA	unphased	0.849104859335038	0.849104859335038	1
18	40851686	40851687	57	10	2	2	0	1	NA	NA	NA	unphased	0.877963125548727	0.877963125548727	1
18	48450485	48450486	67	10	2	2	0	1	NA	NA	NA	unphased	0.763941940412528	0.763941940412528	1
18	61306545	61306546	37	20	2	2	0	1	NA	NA	NA	unphased	2.06398348813209	1.03199174406605	2
18	61582863	61582864	39	13	2	2	0	1	NA	NA	NA	unphased	1.47058823529412	1.47058823529412	1
18	63530152	63530153	15	6	2	2	0	1	NA	NA	NA	unphased	1.68067226890756	1.68067226890756	1
18	70417452	70417453	23	10	2	2	0	1	NA	NA	NA	unphased	1.7825311942959	0.89126559714795	2
18	74620366	74620367	117	7	2	2	0	1	NA	NA	NA	unphased	0.332068311195446	0.332068311195446	1
18	77703444	77703445	80	23	2	2	0	1	NA	NA	NA	unphased	1.31353512278698	1.31353512278698	1
19	629549	629550	139	36	2	1	1	0.51	1	1	0.49	unphased	1.21008403361345	1.21008403361345	1
19	1272338	1272339	42	11	2	1	1	0.51	1	1	0.49	unphased	1.22086570477247	1.22086570477247	1
19	1820267	1820268	83	19	2	1	1	0.51	1	1	0.49	unphased	1.0957324106113	1.0957324106113	1
19	3452589	3452590	196	22	2	1	1	0.51	1	1	0.49	unphased	0.593631948192121	1.21149377182065	0.49
19	3822105	3822106	11	3	2	1	1	0.51	1	1	0.49	unphased	1.26050420168067	1.26050420168067	1
19	4861346	4861347	104	16	2	1	1	0.51	1	1	0.49	unphased	0.784313725490196	0.784313725490196	1
19	5832020	5832021	55	9	2	1	1	0.51	1	1	0.49	unphased	0.827205882352941	0.827205882352941	1
19	6928185	6928186	128	9	2	1	1	0.51	1	1	0.49	unphased	0.38643194504079	0.788636622532225	0.49
19	7150531	7150532	26	5	2	1	1	0.51	1	1	0.49	unphased	0.94876660341556	0.94876660341556	1
19	7830135	7830136	88	7	2	1	1	0.51	1	1	0.49	unphased	0.43343653250774	0.884564352056612	0.49
19	8180430	8180431	23	16	2	1	1	0.51	1	1	0.49	unphased	2.4132730015083	2.4132730015083	1
19	8670135	8670136	11	4	2	1	1	0.51	1	1	0.49	unphased	1.56862745098039	1.56862745098039	1
19	8976392	8976393	19	10	2	1	1	0.51	1	1	0.49	unphased	2.02839756592292	2.02839756592292	1
19	9072527	9072528	94	13	2	1	1	0.51	1	1	0.49	unphased	0.714678394722375	0.714678394722375	1
19	9073206	9073207	101	40	2	1	1	0.51	1	1	0.49	unphased	1.66875260742595	1.66875260742595	1
19	9074638	9074639	56	17	2	1	1	0.51	1	1	0.49	unphased	1.36986301369863	1.36986301369863	1
19	9084071	9084072	63	34	2	1	1	0.51	1	1	0.49	unphased	2.06185567010309	2.06185567010309	1
19	9213202	9213203	79	18	2	1	1	0.51	1	1	0.49	unphased	1.09157064887811	1.09157064887811	1
19	9676985	9676986	107	7	2	1	1	0.51	1	1	0.49	unphased	0.361197110423117	0.737136960047177	0.49
19	10169669	10169670	89	15	2	1	1	0.51	1	1	0.49	unphased	0.84841628959276	0.84841628959276	1
19	10946724	10946725	7	4	2	1	1	0.51	1	1	0.49	unphased	2.13903743315508	2.13903743315508	1
19	11411785	11411786	18	4	2	1	1	0.51	1	1	0.49	unphased	1.06951871657754	1.06951871657754	1
19	12186395	12186396	58	7	2	1	1	0.51	1	1	0.49	unphased	0.633484162895928	0.633484162895928	1
19	12298900	12298901	18	8	2	1	1	0.51	1	1	0.49	unphased	1.80995475113122	1.80995475113122	1
19	12874184	12874185	64	38	2	1	1	0.51	1	1	0.49	unphased	2.19146482122261	2.19146482122261	1
19	12874185	12874186	63	39	2	1	1	0.51	1	1	0.49	unphased	2.24913494809689	2.24913494809689	1
19	13186465	13186466	21	10	2	1	1	0.51	1	1	0.49	unphased	1.89753320683112	1.89753320683112	1
19	14000996	14000997	93	5	2	1	1	0.51	1	1	0.49	unphased	0.300120048019208	0.61248989391675	0.49
19	14031677	14031678	86	6	2	1	1	0.51	1	1	0.49	unphased	0.383631713554987	0.782921864397933	0.49
19	14208577	14208578	82	11	4.1	4	1	0.7	1	1	0.3	unphased	0.944149272612271	0.944149272612271	1
19	17337904	17337905	169	11	4.1	4	1	0.7	1	1	0.3	unphased	0.48781045751634	0.6968720821662	0.7
19	17533168	17533169	56	40	4.1	4	1	0.7	1	1	0.3	unphased	3.32598039215686	0.978229527104959	3.4
19	17615393	17615394	81	5	4.1	4	1	0.7	1	1	0.3	unphased	0.464090287277702	0.662986124682431	0.7
19	17837987	17837988	5	7	4.1	4	1	0.7	1	1	0.3	unphased	4.65637254901961	1.2584790673026	3.7
19	19906312	19906313	89	5	4.1	4	1	0.7	1	1	0.3	unphased	0.42459324155194	0.606561773645628	0.7
19	21606006	21606007	120	11	4.1	4	1	0.7	1	1	0.3	unphased	0.670273911091154	0.670273911091154	1
19	22157530	22157531	55	35	4.1	4	1	0.7	1	1	0.3	unphased	3.10424836601307	1.00137044064938	3.1
19	22255609	22255610	62	36	4.1	4	1	0.7	1	1	0.3	unphased	2.93229291716687	0.94590094102157	3.1
19	22575663	22575664	24	7	4.1	4	1	0.7	1	1	0.3	unphased	1.80246679316888	1.80246679316888	1
19	22836766	22836767	103	41	4.1	4	1	0.7	1	1	0.3	unphased	2.27275326797386	0.94698052832244	2.4
19	22939425	22939426	33	17	4.1	4	1	0.7	1	1	0.3	unphased	2.714	1.00518518518519	2.7
19	24010602	24010603	20	4	4.1	4	1	0.7	1	1	0.3	unphased	1.33039215686274	1.33039215686274	1
19	30935750	30935751	74	5	4.1	4	1	0.7	1	1	0.3	unphased	0.505212211466865	0.505212211466865	1
19	31040348	31040349	38	39	4.1	4	1	0.7	1	1	0.3	unphased	4.04300993124522	1.09270538682303	3.7
19	35512752	35512753	41	4	4.1	4	1	0.7	1	1	0.3	unphased	0.709542483660131	0.709542483660131	1
19	35514223	35514224	266	58	4.1	4	1	0.7	1	1	0.3	unphased	1.42893972403776	0.840552778845743	1.7
19	37676092	37676093	72	12	4.72	4	1	0.93	0	1	0.07	unphased	1.22890756302521	1.22890756302521	1
19	38692559	38692560	57	6	4.72	4	1	0.93	0	1	0.07	unphased	0.819271708683473	0.819271708683473	1
19	38964150	38964151	30	6	4.72	4	1	0.93	0	1	0.07	unphased	1.43372549019608	1.43372549019608	1
19	38993164	38993165	15	6	4.72	4	1	0.93	0	1	0.07	unphased	2.45781512605042	0.880937321165025	2.79
19	39109820	39109821	4	8	4.72	4	1	0.93	0	1	0.07	unphased	5.73490196078431	1.4592625854413	3.93
19	39328074	39328075	74	5	4.72	4	1	0.93	0	1	0.07	unphased	0.544452717795979	0.544452717795979	1
19	39591684	39591685	52	37	4.72	4	1	0.93	0	1	0.07	unphased	3.57625908790482	0.961359969866888	3.72
19	39798580	39798581	11	4	4.72	4	1	0.93	0	1	0.07	unphased	2.29396078431373	2.29396078431373	1
19	39899333	39899334	43	4	4.72	4	1	0.93	0	1	0.07	unphased	0.732115143929912	0.732115143929912	1
19	40222002	40222003	238	30	4.72	4	1	0.93	0	1	0.07	unphased	0.962949956101844	0.962949956101844	1
19	40739786	40739787	56	6	4.72	4	1	0.93	0	1	0.07	unphased	0.832485768500949	0.832485768500949	1
19	40741975	40741976	79	8	4.72	4	1	0.93	0	1	0.07	unphased	0.791020960108181	0.791020960108181	1
19	40904366	40904367	9	10	4.72	4	1	0.93	0	1	0.07	unphased	4.52755417956656	1.15204940955892	3.93
19	41245389	41245390	29	26	4.72	4	1	0.93	0	1	0.07	unphased	4.06656684491979	1.03474983331292	3.93
19	43242964	43242965	390	272	NA	NA	NA	NA	NA	NA	NA	unphased	NA	NA	1
19	43243157	43243158	212	140	NA	NA	NA	NA	NA	NA	NA	unphased	NA	NA	1
19	43268157	43268158	722	84	NA	NA	NA	NA	NA	NA	NA	unphased	NA	NA	1
19	43373065	43373066	252	109	3.1	6	1	0.22	1	1	0.78	unphased	2.10824507088154	1.0039262242293	2.1
19	43519470	43519471	138	94	2.54	3	1	0.27	1	1	0.73	unphased	2.60216024340771	1.14632609841749	2.27
19	44160727	44160728	96	6	2.54	3	1	0.27	1	1	0.73	unphased	0.377785467128028	1.39920543380751	0.27
19	44604976	44604977	165	20	2.54	3	1	0.27	1	1	0.73	unphased	0.694308426073132	0.694308426073132	1
19	44661976	44661977	93	40	2.54	3	1	0.27	1	1	0.73	unphased	1.93153471915082	0.850896352048818	2.27
19	44933268	44933269	95	5	2.54	3	1	0.27	1	1	0.73	unphased	0.321117647058824	1.18932461873638	0.27
19	45565453	45565454	105	11	2.54	3	1	0.27	1	1	0.73	unphased	0.609016227180527	0.609016227180527	1
19	45805711	45805712	120	62	2.54	3	1	0.27	1	1	0.73	unphased	2.18783451842275	0.963803752609143	2.27
19	46351008	46351009	39	8	2.54	3	1	0.27	1	1	0.73	unphased	1.09316645807259	1.09316645807259	1
19	46543593	46543594	61	7	2.54	3	1	0.27	1	1	0.73	unphased	0.661124567474048	0.661124567474048	1
19	46733604	46733605	142	20	2.54	3	1	0.27	1	1	0.73	unphased	0.792883079157589	0.792883079157589	1
19	47127175	47127176	17	3	2.54	3	1	0.27	1	1	0.73	unphased	0.96335294117647	0.96335294117647	1
19	47231988	47231989	100	8	2.54	3	1	0.27	1	1	0.73	unphased	0.475729847494553	0.475729847494553	1
19	47589723	47589724	42	38	2.54	3	1	0.27	1	1	0.73	unphased	3.05061764705882	1.3438844260171	2.27
19	47941171	47941172	94	54	2.54	3	1	0.27	1	1	0.73	unphased	2.34329093799682	1.03228675682679	2.27
19	48807279	48807280	131	19	2.54	3	1	0.27	1	1	0.73	unphased	0.813498039215686	0.813498039215686	1
19	49225212	49225213	64	11	2.54	3	1	0.27	1	1	0.73	unphased	0.941945098039216	0.941945098039216	1
19	49447758	49447759	91	7	2.54	3	1	0.27	1	1	0.73	unphased	0.458739495798319	0.458739495798319	1
19	50031869	50031870	137	10	2.54	3	1	0.27	1	1	0.73	unphased	0.436894757903161	0.436894757903161	1
19	50386135	50386136	59	9	2.54	3	1	0.27	1	1	0.73	unphased	0.850017301038062	0.850017301038062	1
19	50863007	50863008	102	10	2.54	3	1	0.27	1	1	0.73	unphased	0.573424369747899	0.573424369747899	1
19	50967735	50967736	16	5	2.54	3	1	0.27	1	1	0.73	unphased	1.52913165266106	1.52913165266106	1
19	51021447	51021448	26	4	2.54	3	1	0.27	1	1	0.73	unphased	0.856313725490196	0.856313725490196	1
19	51381678	51381679	179	11	2.54	3	1	0.27	1	1	0.73	unphased	0.371820433436532	1.3771127164316	0.27
19	51480876	51480877	53	47	2.54	3	1	0.27	1	1	0.73	unphased	3.01850588235294	1.32973827416429	2.27
19	52272704	52272705	86	6	2.54	3	1	0.27	1	1	0.73	unphased	0.418849104859335	1.5512929809605	0.27
19	52942207	52942208	14	3	2.54	3	1	0.27	1	1	0.73	unphased	1.13335640138408	1.13335640138408	1
19	53015466	53015467	63	8	2.54	3	1	0.27	1	1	0.73	unphased	0.723645401822701	0.723645401822701	1
19	53343652	53343653	18	7	2.54	3	1	0.27	1	1	0.73	unphased	1.79825882352941	1.79825882352941	1
19	53573326	53573327	112	60	2.54	3	1	0.27	1	1	0.73	unphased	2.24035567715458	0.986940826940345	2.27
19	53644970	53644971	164	7	2.54	3	1	0.27	1	1	0.73	unphased	0.262903336773306	0.973716062123354	0.27
19	54545591	54545592	34	4	2.54	3	1	0.27	1	1	0.73	unphased	0.676037151702786	0.676037151702786	1
19	54621766	54621767	219	11	2.54	3	1	0.27	1	1	0.73	unphased	0.307156010230179	1.13761485270437	0.27
19	55086396	55086397	138	48	2.54	3	1	0.27	1	1	0.73	unphased	1.65738140417457	1.07622169102245	1.54
19	55377998	55377999	288	148	2.54	3	1	0.27	1	1	0.73	unphased	2.18006475984889	0.960380951475283	2.27
19	55445023	55445024	91	11	2.54	3	1	0.27	1	1	0.73	unphased	0.692606689734717	0.692606689734717	1
19	56133064	56133065	7	6	2.54	3	1	0.27	1	1	0.73	unphased	2.9641628959276	1.30579863256723	2.27
19	56370572	56370573	83	6	2.66	3	1	0.33	1	1	0.67	unphased	0.441057501652346	1.33653788379499	0.33
19	56424578	56424579	137	15	2.66	3	1	0.33	1	1	0.67	unphased	0.64562693498452	0.64562693498452	1
19	56539555	56539556	73	6	2.66	3	1	0.33	1	1	0.67	unphased	0.496887565152643	0.496887565152643	1
19	56539785	56539786	172	34	2.66	3	1	0.33	1	1	0.67	unphased	1.07980582524272	1.07980582524272	1
19	58213189	58213190	90	20	2.66	3	1	0.33	1	1	0.67	unphased	1.18951871657754	1.18951871657754	1
19	58806301	58806302	80	13	2.66	3	1	0.33	1	1	0.67	unphased	0.914522454142947	0.914522454142947	1
19	59022777	59022778	14	6	2.66	3	1	0.33	1	1	0.67	unphased	1.96270588235294	1.96270588235294	1
2	1893050	1893051	51	10	2.98	2	1	0.99	0	1	0.01	unphased	1.12497589199614	1.12497589199614	1
2	3405631	3405632	162	55	2.98	2	1	0.99	0	1	0.01	unphased	1.73930604499864	0.878437396463962	1.98
2	6991687	6991688	52	20	2.56	3	1	0.28	1	1	0.72	unphased	1.78954248366013	1.14714261773085	1.56
2	7160678	7160679	72	20	2.56	3	1	0.28	1	1	0.72	unphased	1.40051150895141	1.40051150895141	1
2	8870892	8870893	52	5	2.56	3	1	0.28	1	1	0.72	unphased	0.565118679050567	0.565118679050567	1
2	8931285	8931286	70	6	2.56	3	1	0.28	1	1	0.72	unphased	0.508606811145511	0.508606811145511	1
2	11922624	11922625	65	13	2.56	3	1	0.28	1	1	0.72	unphased	1.07372549019608	1.07372549019608	1
2	11922625	11922626	64	13	2.56	3	1	0.28	1	1	0.72	unphased	1.08766997708174	1.08766997708174	1
2	16082394	16082395	16	3	2.56	3	1	0.28	1	1	0.72	unphased	1.01721362229102	1.01721362229102	1
2	17697399	17697400	54	12	2.56	3	1	0.28	1	1	0.72	unphased	1.17133689839572	1.17133689839572	1
2	24952478	24952479	107	19	2.88	3	1	0.44	1	1	0.56	unphased	1.01971988795518	1.01971988795518	1
2	26531874	26531875	51	23	2.88	3	1	0.44	1	1	0.56	unphased	2.10181240063593	1.1179853194872	1.88
2	26950581	26950582	128	26	2.88	3	1	0.44	1	1	0.56	unphased	1.14169595110772	1.14169595110772	1
2	26950926	26950927	27	5	2.88	3	1	0.44	1	1	0.56	unphased	1.05661764705882	1.05661764705882	1
2	27360805	27360806	19	11	2.88	3	1	0.44	1	1	0.56	unphased	2.47952941176471	1.01620057859209	2.44
2	27373036	27373037	80	18	2.88	3	1	0.44	1	1	0.56	unphased	1.24206482593037	1.24206482593037	1
2	27604591	27604592	81	11	2.88	3	1	0.44	1	1	0.56	unphased	0.808542199488491	0.808542199488491	1
2	27664484	27664485	121	19	2.88	3	1	0.44	1	1	0.56	unphased	0.917747899159664	0.917747899159664	1
2	27746341	27746342	22	10	2.88	3	1	0.44	1	1	0.56	unphased	2.11323529411765	1.12406132665832	1.88
2	27802027	27802028	77	5	2.88	3	1	0.44	1	1	0.56	unphased	0.412338593974175	0.937133168123125	0.44
2	29135523	29135524	76	5	2.88	3	1	0.44	1	1	0.56	unphased	0.417429193899782	0.948702713408596	0.44
2	32678888	32678889	140	10	2.88	3	1	0.44	1	1	0.56	unphased	0.450823529411765	1.02459893048128	0.44
2	40656338	40656339	89	31	4	2	2	1	NA	NA	NA	unphased	2.03627450980392	1.01813725490196	2
2	49190563	49190564	28	18	4	2	2	1	NA	NA	NA	unphased	3.0843989769821	1.54219948849105	2
2	50765563	50765564	228	98	4	2	2	1	NA	NA	NA	unphased	2.36954168170336	1.18477084085168	2
2	50850584	50850585	111	38	4	2	2	1	NA	NA	NA	unphased	2.01026450848796	1.00513225424398	2
2	53941578	53941579	95	23	4	2	2	1	NA	NA	NA	unphased	1.53639082751745	0.768195413758724	2
2	55253341	55253342	50	6	4	2	2	1	NA	NA	NA	unphased	0.84453781512605	0.84453781512605	1
2	61719826	61719827	54	6	4	2	2	1	NA	NA	NA	unphased	0.788235294117647	0.788235294117647	1
2	67631356	67631357	39	8	4	2	2	1	NA	NA	NA	unphased	1.34167709637046	1.34167709637046	1
2	70904013	70904014	52	12	4	2	2	1	NA	NA	NA	unphased	1.47794117647059	1.47794117647059	1
2	71360630	71360631	61	20	4	2	2	1	NA	NA	NA	unphased	1.94625998547567	0.973129992737836	2
2	72360189	72360190	61	10	4	2	2	1	NA	NA	NA	unphased	1.11019055509528	1.11019055509528	1
2	72360243	72360244	51	10	4	2	2	1	NA	NA	NA	unphased	1.29218900675024	1.29218900675024	1
2	74328470	74328471	23	9	4	2	2	1	NA	NA	NA	unphased	2.21691176470588	1.10845588235294	2
2	74708962	74708963	62	4	4	2	2	1	NA	NA	NA	unphased	0.477718360071301	0.477718360071301	1
2	74763993	74763994	58	4	4	2	2	1	NA	NA	NA	unphased	0.50853889943074	0.50853889943074	1
2	74883722	74883723	70	23	4	2	2	1	NA	NA	NA	unphased	1.9493991144845	0.974699557242252	2
2	74907118	74907119	86	13	4	2	2	1	NA	NA	NA	unphased	1.03505644682115	1.03505644682115	1
2	77746370	77746371	67	8	4	2	2	1	NA	NA	NA	unphased	0.84078431372549	0.84078431372549	1
2	79386499	79386500	57	13	4	2	2	1	NA	NA	NA	unphased	1.46386554621849	1.46386554621849	1
2	80136877	80136878	47	9	4	2	2	1	NA	NA	NA	unphased	1.26680672268908	1.26680672268908	1
2	86305392	86305393	71	8	4	2	2	1	NA	NA	NA	unphased	0.798212956068503	0.798212956068503	1
2	88422739	88422740	14	4	4	2	2	1	NA	NA	NA	unphased	1.7516339869281	1.7516339869281	1
2	89309476	89309477	108	48	4	2	2	1	NA	NA	NA	unphased	2.42533936651584	1.21266968325792	2
2	89339990	89339991	229	31	4	2	2	1	NA	NA	NA	unphased	0.939819004524887	0.939819004524887	1
2	89568175	89568176	84	12	4	2	2	1	NA	NA	NA	unphased	0.985294117647059	0.985294117647059	1
2	89568176	89568177	83	12	4	2	2	1	NA	NA	NA	unphased	0.995665634674922	0.995665634674922	1
2	89976453	89976454	105	16	4	2	2	1	NA	NA	NA	unphased	1.04229460379193	1.04229460379193	1
2	95484574	95484575	67	26	4	2	2	1	NA	NA	NA	unphased	2.20366856419987	1.10183428209994	2
2	95847463	95847464	79	7	4	2	2	1	NA	NA	NA	unphased	0.641586867305062	0.641586867305062	1
2	95940351	95940352	69	6	4	2	2	1	NA	NA	NA	unphased	0.630588235294118	0.630588235294118	1
2	96040953	96040954	51	9	4	2	2	1	NA	NA	NA	unphased	1.18235294117647	1.18235294117647	1
2	96953653	96953654	98	23	4	2	2	1	NA	NA	NA	unphased	1.4982984929509	0.74914924647545	2
2	99944031	99944032	70	17	4	2	2	1	NA	NA	NA	unphased	1.54022988505747	0.770114942528735	2
2	100035308	100035309	49	11	4	2	2	1	NA	NA	NA	unphased	1.44509803921569	1.44509803921569	1
2	101911638	101911639	41	7	4	2	2	1	NA	NA	NA	unphased	1.14950980392157	1.14950980392157	1
2	102501654	102501655	11	3	4	2	2	1	NA	NA	NA	unphased	1.6890756302521	1.6890756302521	1
2	102959915	102959916	67	6	4	2	2	1	NA	NA	NA	unphased	0.647864625302175	0.647864625302175	1
2	107073497	107073498	138	38	4	2	2	1	NA	NA	NA	unphased	1.70187165775401	0.850935828877005	2
2	108476255	108476256	121	13	4	2	2	1	NA	NA	NA	unphased	0.764705882352941	0.764705882352941	1
2	108868890	108868891	32	19	4	2	2	1	NA	NA	NA	unphased	2.93656286043829	1.46828143021915	2
2	109087235	109087236	57	17	4	2	2	1	NA	NA	NA	unphased	1.81081081081081	0.905405405405405	2
2	109379947	109379948	97	9	4	2	2	1	NA	NA	NA	unphased	0.669256381798002	0.669256381798002	1
2	110927504	110927505	53	4	4	2	2	1	NA	NA	NA	unphased	0.553147574819401	0.553147574819401	1
2	111907682	111907683	30	6	4	2	2	1	NA	NA	NA	unphased	1.31372549019608	1.31372549019608	1
2	116599809	116599810	38	10	4	2	2	1	NA	NA	NA	unphased	1.6421568627451	1.6421568627451	1
2	131099248	131099249	33	7	4	2	2	1	NA	NA	NA	unphased	1.37941176470588	1.37941176470588	1
2	131126741	131126742	164	19	4	2	2	1	NA	NA	NA	unphased	0.818386370941819	0.818386370941819	1
2	131976174	131976175	282	13	4	2	2	1	NA	NA	NA	unphased	0.347357926221336	0.347357926221336	1
2	132021601	132021602	196	9	4	2	2	1	NA	NA	NA	unphased	0.346054519368723	0.346054519368723	1
2	132558496	132558497	111	22	4	2	2	1	NA	NA	NA	unphased	1.30384785493145	1.30384785493145	1
2	133174714	133174715	64	13	4	2	2	1	NA	NA	NA	unphased	1.33078686019862	1.33078686019862	1
2	135741289	135741290	66	10	4	2	2	1	NA	NA	NA	unphased	1.03715170278638	1.03715170278638	1
2	135744027	135744028	106	10	4	2	2	1	NA	NA	NA	unphased	0.679513184584178	0.679513184584178	1
2	137852611	137852612	44	13	4	2	2	1	NA	NA	NA	unphased	1.79772961816305	0.898864809081527	2
2	137990530	137990531	55	12	4	2	2	1	NA	NA	NA	unphased	1.41176470588235	1.41176470588235	1
2	139429190	139429191	71	24	4	2	2	1	NA	NA	NA	unphased	1.99133126934984	0.995665634674922	2
2	140995770	140995771	71	16	4	2	2	1	NA	NA	NA	unphased	1.44962812711291	1.44962812711291	1
2	143986236	143986237	34	10	4	2	2	1	NA	NA	NA	unphased	1.79144385026738	0.89572192513369	2
2	149241146	149241147	8	3	4	2	2	1	NA	NA	NA	unphased	2.14973262032085	2.14973262032085	1
2	152518728	152518729	60	18	4	2	2	1	NA	NA	NA	unphased	1.81900452488688	0.909502262443439	2
2	155711264	155711265	70	9	4	2	2	1	NA	NA	NA	unphased	0.897989575577066	0.897989575577066	1
2	159519884	159519885	49	13	4	2	2	1	NA	NA	NA	unphased	1.6527514231499	0.826375711574952	2
2	160240154	160240155	29	3	4	2	2	1	NA	NA	NA	unphased	0.738970588235294	0.738970588235294	1
2	165404203	165404204	58	11	4	2	2	1	NA	NA	NA	unphased	1.25660699062234	1.25660699062234	1
2	165771772	165771773	52	11	4	2	2	1	NA	NA	NA	unphased	1.37628384687208	1.37628384687208	1
2	166616012	166616013	39	9	4	2	2	1	NA	NA	NA	unphased	1.47794117647059	1.47794117647059	1
2	166616014	166616015	40	9	4	2	2	1	NA	NA	NA	unphased	1.44777911164466	1.44777911164466	1
2	167055455	167055456	98	30	4	2	2	1	NA	NA	NA	unphased	1.84742647058824	0.923713235294118	2
2	168107706	168107707	85	16	4	2	2	1	NA	NA	NA	unphased	1.24868957483984	1.24868957483984	1
2	169791845	169791846	141	9	4	2	2	1	NA	NA	NA	unphased	0.472941176470588	0.472941176470588	1
2	170072849	170072850	79	5	4	2	2	1	NA	NA	NA	unphased	0.469187675070028	0.469187675070028	1
2	170112702	170112703	59	15	4	2	2	1	NA	NA	NA	unphased	1.59777424483307	0.798887122416534	2
2	170592213	170592214	82	21	4	2	2	1	NA	NA	NA	unphased	1.6070816676185	0.803540833809252	2
2	172195975	172195976	90	13	4	2	2	1	NA	NA	NA	unphased	0.994860079954312	0.994860079954312	1
2	176983898	176983899	95	5	4	2	2	1	NA	NA	NA	unphased	0.394117647058824	0.394117647058824	1
2	178936366	178936367	73	24	4	2	2	1	NA	NA	NA	unphased	1.95027289266222	0.97513644633111	2
2	179436360	179436361	44	8	4	2	2	1	NA	NA	NA	unphased	1.21266968325792	1.21266968325792	1
2	179505286	179505287	91	6	4	2	2	1	NA	NA	NA	unphased	0.487568223165555	0.487568223165555	1
2	179546398	179546399	58	12	4	2	2	1	NA	NA	NA	unphased	1.35126050420168	1.35126050420168	1
2	179567268	179567269	122	47	4	2	2	1	NA	NA	NA	unphased	2.19213365819701	1.0960668290985	2
2	179586700	179586701	201	11	4	2	2	1	NA	NA	NA	unphased	0.408990011098779	0.408990011098779	1
2	179592840	179592841	16	9	4	2	2	1	NA	NA	NA	unphased	2.83764705882353	1.41882352941176	2
2	179649029	179649030	56	15	4	2	2	1	NA	NA	NA	unphased	1.66528583264292	0.832642916321458	2
2	181922477	181922478	116	6	4	2	2	1	NA	NA	NA	unphased	0.387656702025072	0.387656702025072	1
2	183011796	183011797	51	8	4	2	2	1	NA	NA	NA	unphased	1.06879361914257	1.06879361914257	1
2	183291441	183291442	19	7	4	2	2	1	NA	NA	NA	unphased	2.12217194570136	1.06108597285068	2
2	185800740	185800741	66	21	2.28	2	2	0.14	1	1	0.86	unphased	1.4874645030426	1.30479342372158	1.14
2	187541996	187541997	23	5	2.28	2	2	0.14	1	1	0.86	unphased	1.10042016806723	1.10042016806723	1
2	189931461	189931462	76	27	2.28	2	2	0.14	1	1	0.86	unphased	1.61537407195888	1.41699479996393	1.14
2	190585480	190585481	189	17	2.28	2	2	0.14	1	1	0.86	unphased	0.508543689320388	0.508543689320388	1
2	197873727	197873728	84	19	2.28	2	2	0.14	1	1	0.86	unphased	1.1367447173044	1.1367447173044	1
2	198540292	198540293	16	3	2.28	2	2	0.14	1	1	0.86	unphased	0.973003095975232	0.973003095975232	1
2	201438677	201438678	41	4	2.28	2	2	0.14	1	1	0.86	unphased	0.547764705882353	0.547764705882353	1
2	202588164	202588165	75	17	2.28	2	2	0.14	1	1	0.86	unphased	1.13869565217391	1.13869565217391	1
2	204013743	204013744	45	8	2.28	2	2	0.14	1	1	0.86	unphased	0.930166481687014	0.930166481687014	1
2	204066415	204066416	70	5	2.28	2	2	0.14	1	1	0.86	unphased	0.410823529411765	0.410823529411765	1
2	204591406	204591407	65	6	2.28	2	2	0.14	1	1	0.86	unphased	0.52076222038111	0.52076222038111	1
2	206592624	206592625	25	3	2.28	2	2	0.14	1	1	0.86	unphased	0.660252100840336	0.660252100840336	1
2	206641190	206641191	102	45	2.28	2	2	0.14	1	1	0.86	unphased	1.88643457382953	1.65476717002591	1.14
2	208994247	208994248	154	8	2.28	2	2	0.14	1	1	0.86	unphased	0.304313725490196	0.304313725490196	1
2	209010869	209010870	42	4	2.28	2	2	0.14	1	1	0.86	unphased	0.535856777493606	0.535856777493606	1
2	211464233	211464234	80	21	2.28	2	2	0.14	1	1	0.86	unphased	1.28128130460105	1.28128130460105	1
2	211540452	211540453	36	4	2.28	2	2	0.14	1	1	0.86	unphased	0.616235294117647	0.616235294117647	1
2	211541814	211541815	107	30	2.28	2	2	0.14	1	1	0.86	unphased	1.34942035208244	1.18370206323021	1.14
2	218925281	218925282	43	11	2.28	2	2	0.14	1	1	0.86	unphased	1.25529411764706	1.25529411764706	1
2	219563773	219563774	51	9	2.28	2	2	0.14	1	1	0.86	unphased	0.92435294117647	0.92435294117647	1
2	219679355	219679356	56	22	2.28	2	2	0.14	1	1	0.86	unphased	1.73809954751131	1.52464872588712	1.14
2	220404193	220404194	26	8	2.28	2	2	0.14	1	1	0.86	unphased	1.44996539792388	1.44996539792388	1
2	226516203	226516204	202	10	2.28	2	2	0.14	1	1	0.86	unphased	0.290677025527192	0.290677025527192	1
2	228881837	228881838	73	21	2.28	2	2	0.14	1	1	0.86	unphased	1.3766958698373	1.3766958698373	1
2	228882063	228882064	64	5	2.28	2	2	0.14	1	1	0.86	unphased	0.446547314578005	0.446547314578005	1
2	228884207	228884208	79	20	2.28	2	2	0.14	1	1	0.86	unphased	1.24491978609626	1.24491978609626	1
2	231113673	231113674	60	17	2.28	2	2	0.14	1	1	0.86	unphased	1.36051948051948	1.36051948051948	1
2	232879676	232879677	38	5	2.28	2	2	0.14	1	1	0.86	unphased	0.716552667578659	0.716552667578659	1
2	234106824	234106825	29	8	2.28	2	2	0.14	1	1	0.86	unphased	1.33240063593005	1.33240063593005	1
2	234581325	234581326	398	17	2.28	2	2	0.14	1	1	0.86	unphased	0.252433734939759	0.252433734939759	1
2	234678200	234678201	25	10	2.28	2	2	0.14	1	1	0.86	unphased	1.76067226890756	1.54444935869084	1.14
2	237074613	237074614	77	10	2.28	2	2	0.14	1	1	0.86	unphased	0.708316430020284	0.708316430020284	1
2	240985269	240985270	88	14	2.28	2	2	0.14	1	1	0.86	unphased	0.845813148788927	0.845813148788927	1
2	242572658	242572659	59	30	2.28	2	2	0.14	1	1	0.86	unphased	2.07719762062128	1.82210317598358	1.14
20	2290850	2290851	158	17	1.48	3	1	0.16	1	0	0.84	unphased	0.520914285714286	0.520914285714286	1
20	2572997	2572998	82	38	1.48	3	1	0.16	1	0	0.84	unphased	1.69807843137255	0.786147421931735	2.16
20	5904164	5904165	82	37	1.48	3	1	0.16	1	0	0.84	unphased	1.66728620860109	0.771891763241244	2.16
20	5905682	5905683	35	7	1.48	3	1	0.16	1	0	0.84	unphased	0.893725490196078	0.893725490196078	1
20	9543576	9543577	127	20	1.48	3	1	0.16	1	0	0.84	unphased	0.729571828731493	0.729571828731493	1
20	10630188	10630189	27	7	1.48	3	1	0.16	1	0	0.84	unphased	1.10401384083045	1.10401384083045	1
20	17475313	17475314	84	17	1.48	3	1	0.16	1	0	0.84	unphased	0.902574257425742	0.902574257425742	1
20	20180535	20180536	143	9	1.48	3	1	0.16	1	0	0.84	unphased	0.31750773993808	0.31750773993808	1
20	20232386	20232387	87	20	1.48	3	1	0.16	1	0	0.84	unphased	1.00230896096756	1.00230896096756	1
20	20493371	20493372	111	17	1.48	3	1	0.16	1	0	0.84	unphased	0.7121875	0.7121875	1
20	21494162	21494163	25	11	1.48	3	1	0.16	1	0	0.84	unphased	1.63849673202614	1.63849673202614	1
20	21687486	21687487	75	15	1.48	3	1	0.16	1	0	0.84	unphased	0.893725490196078	0.893725490196078	1
20	23028911	23028912	83	23	1.48	3	1	0.16	1	0	0.84	unphased	1.16352941176471	1.16352941176471	1
20	23804579	23804580	17	3	1.48	3	1	0.16	1	0	0.84	unphased	0.80435294117647	0.80435294117647	1
20	25056988	25056989	62	15	1.48	3	1	0.16	1	0	0.84	unphased	1.04461420932009	1.04461420932009	1
20	30556527	30556528	10	4	2.04	3	2	0.26	1	0	0.74	unphased	1.69210084033613	1.69210084033613	1
20	30584663	30584664	45	13	2.04	3	2	0.26	1	0	0.74	unphased	1.32742393509128	1.32742393509128	1
20	30585220	30585221	49	25	2.04	3	2	0.26	1	0	0.74	unphased	2.00079491255962	0.885307483433459	2.26
20	31601729	31601730	40	8	2.04	3	2	0.26	1	0	0.74	unphased	0.987058823529412	0.987058823529412	1
20	32295630	32295631	183	11	2.04	3	2	0.26	1	0	0.74	unphased	0.335803517283202	1.29155198955078	0.26
20	33364107	33364108	80	19	2.04	3	2	0.26	1	0	0.74	unphased	1.13661319073084	1.13661319073084	1
20	33969785	33969786	125	65	2.04	3	2	0.26	1	0	0.74	unphased	2.02606811145511	0.896490314803145	2.26
20	34302264	34302265	55	7	2.04	3	2	0.26	1	0	0.74	unphased	0.66865275142315	0.66865275142315	1
20	36965638	36965639	54	22	2.04	3	2	0.26	1	0	0.74	unphased	1.7143653250774	1.12787192439303	1.52
20	37531418	37531419	90	9	2.04	3	2	0.26	1	0	0.74	unphased	0.538395721925134	0.538395721925134	1
20	37647445	37647446	144	80	2.04	3	2	0.26	1	0	0.74	unphased	2.11512605042017	0.9358964824868	2.26
20	39791088	39791089	66	7	2.04	3	2	0.26	1	0	0.74	unphased	0.567896857373086	0.567896857373086	1
20	40045905	40045906	103	12	2.04	3	2	0.26	1	0	0.74	unphased	0.617984654731458	0.617984654731458	1
20	40743856	40743857	71	35	2.04	3	2	0.26	1	0	0.74	unphased	1.95549389567148	0.865262785695343	2.26
20	40944617	40944618	79	33	2.04	3	2	0.26	1	0	0.74	unphased	1.74497899159664	1.14801249447147	1.52
20	43029994	43029995	69	11	2.04	3	2	0.26	1	0	0.74	unphased	0.814323529411765	0.814323529411765	1
20	43723421	43723422	58	5	2.04	3	2	0.26	1	0	0.74	unphased	0.470028011204482	0.470028011204482	1
20	44477210	44477211	137	34	2.04	3	2	0.26	1	0	0.74	unphased	1.17754385964912	1.17754385964912	1
20	46264784	46264785	105	8	2.04	3	2	0.26	1	0	0.74	unphased	0.419281624154086	0.419281624154086	1
20	46305860	46305861	98	13	2.04	3	2	0.26	1	0	0.74	unphased	0.693608903020668	0.693608903020668	1
20	47587800	47587801	72	41	2.04	3	2	0.26	1	0	0.74	unphased	2.14881832378969	0.950804568048537	2.26
20	50139924	50139925	23	14	2.04	3	2	0.26	1	0	0.74	unphased	2.24089030206677	0.991544381445475	2.26
20	55020993	55020994	42	13	1.92	3	2	0.23	1	0	0.77	unphased	1.37146524064171	1.37146524064171	1
20	55026873	55026874	63	13	1.92	3	2	0.23	1	0	0.77	unphased	0.99250773993808	0.99250773993808	1
20	55026918	55026919	66	19	1.92	3	2	0.23	1	0	0.77	unphased	1.29699653979239	1.29699653979239	1
20	56093758	56093759	127	31	1.92	3	2	0.23	1	0	0.77	unphased	1.13843633655994	1.13843633655994	1
20	56188267	56188268	114	6	1.92	3	2	0.23	1	0	0.77	unphased	0.290117647058824	1.2613810741688	0.23
20	57484271	57484272	172	102	1.92	3	2	0.23	1	0	0.77	unphased	2.16	0.968609865470852	2.23
20	57766529	57766530	147	14	1.92	3	2	0.23	1	0	0.77	unphased	0.504552429667519	0.504552429667519	1
20	57766530	57766531	149	14	1.92	3	2	0.23	1	0	0.77	unphased	0.498361602309635	0.498361602309635	1
20	57829580	57829581	103	35	1.92	3	2	0.23	1	0	0.77	unphased	1.47161125319693	1.00795291314858	1.46
20	58571808	58571809	167	32	1.92	3	2	0.23	1	0	0.77	unphased	0.933041678983151	0.933041678983151	1
20	61525341	61525342	92	6	1.92	3	2	0.23	1	0	0.77	unphased	0.355246098439376	1.54454825408424	0.23
20	61538497	61538498	140	64	1.92	3	2	0.23	1	0	0.77	unphased	1.82034602076125	0.816298664018496	2.23
20	62331891	62331892	39	22	1.92	3	2	0.23	1	0	0.77	unphased	2.0926518804243	0.938408914988476	2.23
21	11020852	11020853	188	57	NA	NA	NA	NA	NA	NA	NA	unphased	NA	NA	1
21	11039209	11039210	225	14	NA	NA	NA	NA	NA	NA	NA	unphased	NA	NA	1
21	15746218	15746219	160	8	3	3	0	1	NA	NA	NA	unphased	0.327731092436975	0.327731092436975	1
21	27284127	27284128	56	8	3	3	0	1	NA	NA	NA	unphased	0.860294117647059	0.860294117647059	1
21	30357071	30357072	43	38	3	3	0	1	NA	NA	NA	unphased	3.22875816993464	1.07625272331155	3
21	30547128	30547129	34	27	3	3	0	1	NA	NA	NA	unphased	3.04628736740598	1.01542912246866	3
21	31023562	31023563	32	14	3	3	0	1	NA	NA	NA	unphased	2.09462915601023	1.04731457800511	2
21	32598100	32598101	77	42	3	3	0	1	NA	NA	NA	unphased	2.42906574394464	0.809688581314879	3
21	34633009	34633010	87	5	3	3	0	1	NA	NA	NA	unphased	0.374040920716112	0.374040920716112	1
21	37785245	37785246	58	6	3	3	0	1	NA	NA	NA	unphased	0.645220588235294	0.645220588235294	1
22	19776299	19776300	45	5	1.57	3	1	0.19	1	0	0.81	unphased	0.545235294117647	0.545235294117647	1
22	22730724	22730725	96	10	1.51	3	1	0.17	1	0	0.83	unphased	0.508712541620422	0.508712541620422	1
22	23011177	23011178	63	4	1.51	3	1	0.17	1	0	0.83	unphased	0.321931518876207	0.321931518876207	1
22	23165294	23165295	11	6	1.51	3	1	0.17	1	0	0.83	unphased	1.90318339100346	1.90318339100346	1
22	26343749	26343750	35	16	4	3	1	1	NA	NA	NA	unphased	2.47289504036909	0.824298346789696	3
22	28193886	28193887	39	5	4	3	1	1	NA	NA	NA	unphased	0.89572192513369	0.89572192513369	1
22	30067926	30067927	50	25	4	3	1	1	NA	NA	NA	unphased	2.62745098039216	0.875816993464052	3
22	30951976	30951977	71	12	4	3	1	1	NA	NA	NA	unphased	1.13961729270021	1.13961729270021	1
22	31487244	31487245	23	3	4	3	1	1	NA	NA	NA	unphased	0.909502262443439	0.909502262443439	1
22	31487344	31487345	12	9	4	3	1	1	NA	NA	NA	unphased	3.3781512605042	1.12605042016807	3
22	32044213	32044214	16	7	4	3	1	1	NA	NA	NA	unphased	2.39897698209719	1.19948849104859	2
22	32179911	32179912	264	11	4	3	1	1	NA	NA	NA	unphased	0.315294117647059	0.315294117647059	1
22	34157500	34157501	36	16	4	3	1	1	NA	NA	NA	unphased	2.42533936651584	0.808446455505279	3
22	35729395	35729396	31	15	4	3	1	1	NA	NA	NA	unphased	2.57033248081841	0.856777493606138	3
22	36122425	36122426	71	10	4	3	1	1	NA	NA	NA	unphased	0.973129992737836	0.973129992737836	1
22	37602994	37602995	81	14	4	3	1	1	NA	NA	NA	unphased	1.16160990712074	1.16160990712074	1
22	38016322	38016323	147	10	4	3	1	1	NA	NA	NA	unphased	0.502060696890221	0.502060696890221	1
22	39884591	39884592	43	5	4	3	1	1	NA	NA	NA	unphased	0.821078431372549	0.821078431372549	1
22	40669591	40669592	7	5	4	3	1	1	NA	NA	NA	unphased	3.2843137254902	1.09477124183007	3
22	43614455	43614456	86	5	4	3	1	1	NA	NA	NA	unphased	0.433096315449257	0.433096315449257	1
22	46657912	46657913	113	7	4	3	1	1	NA	NA	NA	unphased	0.459803921568627	0.459803921568627	1
3	4459699	4459700	75	37	3	3	0	1	NA	NA	NA	unphased	2.27363445378151	1.13681722689076	2
3	7348274	7348275	44	36	3	3	0	1	NA	NA	NA	unphased	3.09705882352941	1.03235294117647	3
3	7620616	7620617	75	6	3	3	0	1	NA	NA	NA	unphased	0.509803921568627	0.509803921568627	1
3	9512403	9512404	45	27	3	3	0	1	NA	NA	NA	unphased	2.58088235294118	0.860294117647059	3
3	10188228	10188229	76	40	3	3	0	1	NA	NA	NA	unphased	2.37322515212982	1.18661257606491	2
3	10251325	10251326	126	81	3	3	0	1	NA	NA	NA	unphased	2.69309462915601	0.89769820971867	3
3	10379996	10379997	55	31	3	3	0	1	NA	NA	NA	unphased	2.48084815321477	0.826949384404925	3
3	11058894	11058895	28	15	3	3	0	1	NA	NA	NA	unphased	2.40082079343365	0.800273597811217	3
3	12458241	12458242	28	22	3	3	0	1	NA	NA	NA	unphased	3.02823529411765	1.00941176470588	3
3	14220349	14220350	37	10	3	3	0	1	NA	NA	NA	unphased	1.46433041301627	1.46433041301627	1
3	19491707	19491708	67	39	3	3	0	1	NA	NA	NA	unphased	2.53218645948946	0.844062153163152	3
3	36897942	36897943	35	17	3	3	0	1	NA	NA	NA	unphased	2.25	1.125	2
3	38596037	38596038	51	29	3	3	0	1	NA	NA	NA	unphased	2.49485294117647	0.831617647058823	3
3	38743501	38743502	47	40	3	3	0	1	NA	NA	NA	unphased	3.16430020283976	1.05476673427992	3
3	39230501	39230502	59	6	3	3	0	1	NA	NA	NA	unphased	0.635294117647059	0.635294117647059	1
3	40352405	40352406	25	23	3	3	0	1	NA	NA	NA	unphased	3.29779411764706	1.09926470588235	3
3	41291038	41291039	22	9	3	3	0	1	NA	NA	NA	unphased	1.99810246679317	0.999051233396584	2
3	44488060	44488061	51	26	3	3	0	1	NA	NA	NA	unphased	2.32391138273491	1.16195569136746	2
3	45972588	45972589	29	5	3	3	0	1	NA	NA	NA	unphased	1.0121107266436	1.0121107266436	1
3	46009325	46009326	114	10	3	3	0	1	NA	NA	NA	unphased	0.555028462998102	0.555028462998102	1
3	47454075	47454076	44	4	3	3	0	1	NA	NA	NA	unphased	0.573529411764706	0.573529411764706	1
3	48697066	48697067	58	9	3	3	0	1	NA	NA	NA	unphased	0.924495171202809	0.924495171202809	1
3	49162827	49162828	95	8	3	3	0	1	NA	NA	NA	unphased	0.53455168475157	0.53455168475157	1
3	49755624	49755625	76	17	3	3	0	1	NA	NA	NA	unphased	1.25806451612903	1.25806451612903	1
3	51930854	51930855	72	12	3	3	0	1	NA	NA	NA	unphased	0.983193277310924	0.983193277310924	1
3	56779426	56779427	152	20	3	3	0	1	NA	NA	NA	unphased	0.800273597811217	0.800273597811217	1
3	93646102	93646103	69	31	3	3	0	1	NA	NA	NA	unphased	2.13352941176471	1.06676470588235	2
3	98189142	98189143	86	7	3	3	0	1	NA	NA	NA	unphased	0.518026565464896	0.518026565464896	1
3	99568587	99568588	148	27	1.24	3	1	0.08	0	1	0.92	unphased	0.790305882352941	0.790305882352941	1
3	101540716	101540717	76	38	1.24	3	1	0.08	0	1	0.92	unphased	1.70745098039216	0.820889894419306	2.08
3	108300982	108300983	134	8	1.24	3	1	0.08	0	1	0.92	unphased	0.288583264291632	0.288583264291632	1
3	108746722	108746723	67	10	1.24	3	1	0.08	0	1	0.92	unphased	0.66524064171123	0.66524064171123	1
3	109046867	109046868	194	29	1.24	3	1	0.08	0	1	0.92	unphased	0.666135584278554	0.666135584278554	1
3	111312501	111312502	92	12	1.24	3	1	0.08	0	1	0.92	unphased	0.5910407239819	0.5910407239819	1
3	111426974	111426975	101	12	1.24	3	1	0.08	0	1	0.92	unphased	0.54396668401874	0.54396668401874	1
3	111427068	111427069	132	22	1.24	3	1	0.08	0	1	0.92	unphased	0.731764705882353	0.731764705882353	1
3	112647775	112647776	24	20	1.24	3	1	0.08	0	1	0.92	unphased	2.3283422459893	1.11939531057178	2.08
3	112648337	112648338	59	39	1.24	3	1	0.08	0	1	0.92	unphased	2.03848739495798	0.980042016806722	2.08
3	113866355	113866356	60	28	1.24	3	1	0.08	0	1	0.92	unphased	1.62983957219251	0.783576717400247	2.08
3	113866356	113866357	58	27	1.24	3	1	0.08	0	1	0.92	unphased	1.62710034602076	0.78225978174075	2.08
3	114018504	114018505	24	16	1.24	3	1	0.08	0	1	0.92	unphased	2.04894117647059	0.985067873303167	2.08
3	115805196	115805197	34	19	1.24	3	1	0.08	0	1	0.92	unphased	1.83631520532741	0.882843848715103	2.08
3	118865577	118865578	54	33	1.24	3	1	0.08	0	1	0.92	unphased	1.94296146044625	0.934116086753004	2.08
3	118865679	118865680	103	42	1.24	3	1	0.08	0	1	0.92	unphased	1.48371602434077	1.2790655382248	1.16
3	119134186	119134187	68	8	1.24	3	1	0.08	0	1	0.92	unphased	0.539195046439628	0.539195046439628	1
3	119134523	119134524	31	7	1.24	3	1	0.08	0	1	0.92	unphased	0.94359133126935	0.94359133126935	1
3	119367345	119367346	51	26	1.24	3	1	0.08	0	1	0.92	unphased	1.7296256684492	0.831550802139037	2.08
3	121340540	121340541	61	26	1.24	3	1	0.08	0	1	0.92	unphased	1.53081812035159	0.735970250169033	2.08
3	121416858	121416859	123	59	1.24	3	1	0.08	0	1	0.92	unphased	1.66054298642534	0.798337974242951	2.08
3	124437804	124437805	52	27	1.24	3	1	0.08	0	1	0.92	unphased	1.75067758749069	0.841671917062833	2.08
3	124996587	124996588	50	9	1.24	3	1	0.08	0	1	0.92	unphased	0.781375872382851	0.781375872382851	1
3	126201220	126201221	29	7	1.24	3	1	0.08	0	1	0.92	unphased	0.996013071895425	0.996013071895425	1
3	127339569	127339570	126	14	1.24	3	1	0.08	0	1	0.92	unphased	0.512235294117647	0.512235294117647	1
3	127981044	127981045	109	17	1.24	3	1	0.08	0	1	0.92	unphased	0.691111111111111	0.691111111111111	1
3	131206584	131206585	49	9	1.15	3	1	0.05	0	1	0.95	unphased	0.780882352941176	0.780882352941176	1
3	132413786	132413787	111	6	1.15	3	1	0.05	0	1	0.95	unphased	0.258069381598793	0.258069381598793	1
3	133473449	133473450	172	73	1.15	3	1	0.05	0	1	0.95	unphased	1.49943577430972	0.731432085029134	2.05
3	137880799	137880800	118	17	1.21	3	1	0.07	0	1	0.93	unphased	0.641259259259259	0.641259259259259	1
3	138291754	138291755	99	12	1.21	3	1	0.07	0	1	0.93	unphased	0.550524642289348	0.550524642289348	1
3	138724539	138724540	15	5	1.21	3	1	0.07	0	1	0.93	unphased	1.27308823529412	1.27308823529412	1
3	141697399	141697400	64	31	1.21	3	1	0.07	0	1	0.93	unphased	1.66171517027864	0.802760951825429	2.07
3	142745999	142746000	46	4	1.21	3	1	0.07	0	1	0.93	unphased	0.407388235294118	0.407388235294118	1
3	142840701	142840702	14	6	1.21	3	1	0.07	0	1	0.93	unphased	1.52770588235294	1.52770588235294	1
3	143412139	143412140	39	16	1.21	3	1	0.07	0	1	0.93	unphased	1.48141176470588	1.48141176470588	1
3	145828165	145828166	43	21	1.21	3	1	0.07	0	1	0.93	unphased	1.67092830882353	0.807211743393009	2.07
3	148558709	148558710	73	44	1.21	3	1	0.07	0	1	0.93	unphased	1.91507290095525	0.925155990799639	2.07
3	148928103	148928104	95	30	1.21	3	1	0.07	0	1	0.93	unphased	1.22216470588235	1.22216470588235	1
3	149205512	149205513	65	6	1.21	3	1	0.07	0	1	0.93	unphased	0.430339685169843	0.430339685169843	1
3	158262011	158262012	82	14	1.21	3	1	0.07	0	1	0.93	unphased	0.742634803921569	0.742634803921569	1
3	159976352	159976353	83	9	1.21	3	1	0.07	0	1	0.93	unphased	0.498164961636829	0.498164961636829	1
3	161220138	161220139	16	7	1.21	3	1	0.07	0	1	0.93	unphased	1.54984654731458	1.54984654731458	1
3	170184719	170184720	26	9	1.24	3	1	0.08	0	1	0.92	unphased	1.31717647058823	1.31717647058823	1
3	170198682	170198683	88	39	1.24	3	1	0.08	0	1	0.92	unphased	1.57300602130616	0.756252894858731	2.08
3	174814684	174814685	26	6	1.24	3	1	0.08	0	1	0.92	unphased	0.960441176470588	0.960441176470588	1
3	179426583	179426584	100	34	1.24	3	1	0.08	0	1	0.92	unphased	1.29970149253731	1.29970149253731	1
3	179439257	179439258	44	30	1.24	3	1	0.08	0	1	0.92	unphased	2.07662957074722	0.998379601320778	2.08
3	182871590	182871591	110	16	1.24	3	1	0.08	0	1	0.92	unphased	0.650457516339869	0.650457516339869	1
3	182871591	182871592	112	16	1.24	3	1	0.08	0	1	0.92	unphased	0.640294117647059	0.640294117647059	1
3	183699583	183699584	86	5	1.24	3	1	0.08	0	1	0.92	unphased	0.281447963800905	0.281447963800905	1
3	186299787	186299788	30	6	1.24	3	1	0.08	0	1	0.92	unphased	0.853725490196078	0.853725490196078	1
3	186335034	186335035	77	18	1.24	3	1	0.08	0	1	0.92	unphased	0.970551083591331	0.970551083591331	1
3	186502263	186502264	118	35	1.24	3	1	0.08	0	1	0.92	unphased	1.17178008458285	1.17178008458285	1
3	187444585	187444586	70	39	1.24	3	1	0.08	0	1	0.92	unphased	1.8327684835402	0.881138694009714	2.08
3	189713231	189713232	37	5	1.06	3	1	0.02	0	1	0.98	unphased	0.588375350140056	0.588375350140056	1
3	193132428	193132429	35	15	1.06	3	1	0.02	0	1	0.98	unphased	1.48270588235294	1.48270588235294	1
3	196387596	196387597	85	19	1.06	3	1	0.02	0	1	0.98	unphased	0.902929864253394	0.902929864253394	1
4	2242560	2242561	92	14	1.72	3	1	0.24	1	0	0.76	unphased	0.739933407325194	0.739933407325194	1
4	4190633	4190634	109	7	2.24	3	0	0.24	1	1	0.76	unphased	0.369452332657201	1.539384719405	0.24
4	8583183	8583184	3	6	2.24	3	0	0.24	1	1	0.76	unphased	4.08156862745098	1.82212885154062	2.24
4	10446035	10446036	139	23	4	4	0	1	NA	NA	NA	unphased	1.11909949164851	1.11909949164851	1
4	13597516	13597517	158	18	4	4	0	1	NA	NA	NA	unphased	0.806149732620321	0.806149732620321	1
4	15717418	15717419	49	4	4	4	0	1	NA	NA	NA	unphased	0.594894561598224	0.594894561598224	1
4	17816488	17816489	51	4	4	4	0	1	NA	NA	NA	unphased	0.573262032085561	0.573262032085561	1
4	17841768	17841769	32	15	4	4	0	1	NA	NA	NA	unphased	2.51564455569462	0.838548185231539	3
4	20619214	20619215	32	4	4	4	0	1	NA	NA	NA	unphased	0.875816993464052	0.875816993464052	1
4	25677835	25677836	47	56	4	4	0	1	NA	NA	NA	unphased	4.28555111364934	1.07138777841234	4
4	39449013	39449014	90	11	3	3	0	1	NA	NA	NA	unphased	0.749563191613279	0.749563191613279	1
4	44177088	44177089	107	21	3	3	0	1	NA	NA	NA	unphased	1.12913602941176	1.12913602941176	1
4	47408868	47408869	78	10	1.16	3	2	0.04	0	1	0.96	unphased	0.572994652406417	0.572994652406417	1
4	47628523	47628524	122	22	1.16	3	2	0.04	0	1	0.96	unphased	0.770359477124183	0.770359477124183	1
4	48491056	48491057	20	7	1.16	3	2	0.04	0	1	0.96	unphased	1.30727668845316	1.30727668845316	1
4	48993517	48993518	161	59	2.36	3	1	0.18	1	1	0.82	unphased	1.67408556149733	1.23094526580686	1.36
4	55151572	55151573	39	24	2.36	3	1	0.18	1	1	0.82	unphased	2.37803921568627	1.09084367692031	2.18
4	55151574	55151575	40	23	2.36	3	1	0.18	1	1	0.82	unphased	2.27895424836601	1.04539185704863	2.18
4	57181270	57181271	8	4	2.36	3	1	0.18	1	1	0.82	unphased	2.08078431372549	2.08078431372549	1
4	62775325	62775326	15	6	2.36	3	1	0.18	1	1	0.82	unphased	1.78352941176471	1.78352941176471	1
4	62903553	62903554	54	7	2.36	3	1	0.18	1	1	0.82	unphased	0.716335583413693	0.716335583413693	1
4	66467418	66467419	56	32	1.2	3	0	0.1	0	1	0.9	unphased	1.84812834224599	0.880061115355233	2.1
4	69337199	69337200	171	98	NA	NA	NA	NA	NA	NA	NA	unphased	NA	NA	1
4	70713501	70713502	67	6	2.9	3	1	0.45	1	1	0.55	unphased	0.557453666398066	0.557453666398066	1
4	70822063	70822064	36	5	2.9	3	1	0.45	1	1	0.55	unphased	0.827116212338594	0.827116212338594	1
4	71396793	71396794	24	12	2.9	3	1	0.45	1	1	0.55	unphased	2.26078431372549	0.922769107643057	2.45
4	73957439	73957440	121	72	2.9	3	1	0.45	1	1	0.55	unphased	2.53020420603475	1.03273641062643	2.45
4	75066998	75066999	33	15	2.9	3	1	0.45	1	1	0.55	unphased	2.11948529411765	1.11551857585139	1.9
4	76442140	76442141	38	10	2.9	3	1	0.45	1	1	0.55	unphased	1.41299019607843	1.41299019607843	1
4	80328713	80328714	105	10	2.9	3	1	0.45	1	1	0.55	unphased	0.589769820971867	1.3105996021597	0.45
4	81967472	81967473	51	12	2.9	3	1	0.45	1	1	0.55	unphased	1.29187675070028	1.29187675070028	1
4	88048268	88048269	41	28	2.9	3	1	0.45	1	1	0.55	unphased	2.75225916453538	1.12337108756546	2.45
4	88583879	88583880	85	5	2.9	3	1	0.45	1	1	0.55	unphased	0.376797385620915	0.837327523602033	0.45
4	89442931	89442932	23	7	2.9	3	1	0.45	1	1	0.55	unphased	1.58254901960784	1.58254901960784	1
4	90874331	90874332	85	6	2.9	3	1	0.45	1	1	0.55	unphased	0.447188106011635	0.993751346692523	0.45
4	91230735	91230736	32	7	2.9	3	1	0.45	1	1	0.55	unphased	1.21734539969834	1.21734539969834	1
4	94032009	94032010	63	23	2.9	3	1	0.45	1	1	0.55	unphased	1.81388508891929	0.954676362589099	1.9
4	94032020	94032021	64	22	2.9	3	1	0.45	1	1	0.55	unphased	1.73502051983584	0.913168694650443	1.9
4	94693400	94693401	56	28	2.9	3	1	0.45	1	1	0.55	unphased	2.26078431372549	0.922769107643057	2.45
4	100867608	100867609	14	5	2.9	3	1	0.45	1	1	0.55	unphased	1.78482972136223	1.78482972136223	1
4	104032028	104032029	41	4	2.9	3	1	0.45	1	1	0.55	unphased	0.602875816993464	0.602875816993464	1
4	106621077	106621078	132	7	2.9	3	1	0.45	1	1	0.55	unphased	0.341557342361405	0.759016316358678	0.45
4	107169462	107169463	26	8	2.9	3	1	0.45	1	1	0.55	unphased	1.59584775086505	1.59584775086505	1
4	107169464	107169465	26	9	2.9	3	1	0.45	1	1	0.55	unphased	1.74403361344538	1.74403361344538	1
4	107216291	107216292	72	34	2.9	3	1	0.45	1	1	0.55	unphased	2.17547169811321	0.887947631882942	2.45
4	113359730	113359731	114	8	2.73	2	1	0.73	1	1	0.27	unphased	0.433596914175506	0.593968375582885	0.73
4	114279714	114279715	127	9	2.73	2	1	0.73	1	1	0.27	unphased	0.437582179930796	0.599427643740816	0.73
4	114288813	114288814	70	7	2.73	2	1	0.73	1	1	0.27	unphased	0.601122994652406	0.601122994652406	1
4	115856463	115856464	36	19	2.76	2	1	0.76	1	1	0.24	unphased	2.29463101604278	1.30376762275158	1.76
4	118005284	118005285	13	3	2.76	2	1	0.76	1	1	0.24	unphased	1.24544117647059	1.24544117647059	1
4	118005285	118005286	13	3	2.76	2	1	0.76	1	1	0.24	unphased	1.24544117647059	1.24544117647059	1
4	119059325	119059326	54	14	2.76	2	1	0.76	1	1	0.24	unphased	1.36754325259516	1.36754325259516	1
4	119202976	119202977	9	5	2.76	2	1	0.76	1	1	0.24	unphased	2.37226890756303	1.34788006111536	1.76
4	119951359	119951360	22	9	2.76	2	1	0.76	1	1	0.24	unphased	1.92842504743833	1.09569604968087	1.76
4	122749567	122749568	83	6	2.76	2	1	0.76	1	1	0.24	unphased	0.447799074686054	0.58920930879744	0.76
4	141313776	141313777	42	13	2.76	2	1	0.76	1	1	0.24	unphased	1.57001069518717	1.57001069518717	1
4	144918703	144918704	31	14	2.76	2	1	0.76	1	1	0.24	unphased	2.06650980392157	1.17415329768271	1.76
4	145040913	145040914	56	7	2.76	2	1	0.76	1	1	0.24	unphased	0.738039215686274	0.738039215686274	1
4	155665925	155665926	71	8	2.75	2	1	0.75	1	1	0.25	unphased	0.671630677587491	0.671630677587491	1
4	164272317	164272318	94	6	2.75	2	1	0.75	1	1	0.25	unphased	0.397941176470588	0.530588235294118	0.75
4	166924547	166924548	47	16	2.75	2	1	0.75	1	1	0.25	unphased	1.6844070961718	0.962518340669601	1.75
4	169146819	169146820	41	5	2.75	2	1	0.75	1	1	0.25	unphased	0.720907928388747	0.720907928388747	1
4	175896664	175896665	62	7	2.77	2	1	0.77	1	1	0.23	unphased	0.674876385336743	0.674876385336743	1
4	183635316	183635317	43	6	2.77	2	1	0.77	1	1	0.23	unphased	0.814573829531813	0.814573829531813	1
4	186427699	186427700	56	7	2.77	2	1	0.77	1	1	0.23	unphased	0.739150326797386	0.739150326797386	1
4	187088163	187088164	31	22	2.77	2	1	0.77	1	1	0.23	unphased	2.76135405105438	1.560087034494	1.77
5	224542	224543	242	11	5.1	5	1	0.82	0	1	0.18	unphased	0.390537084398977	0.390537084398977	1
5	840640	840641	218	17	5.85	5	1	0.97	0	1	0.03	unphased	0.704042553191489	0.704042553191489	1
5	5146424	5146425	134	15	5.85	5	1	0.97	0	1	0.03	unphased	0.979767074615081	0.979767074615081	1
5	9054272	9054273	55	30	6	5	1	1	NA	NA	NA	unphased	3.4878892733564	0.8719723183391	4
5	9119231	9119232	16	11	6	5	1	1	NA	NA	NA	unphased	4.02614379084967	1.00653594771242	4
5	9136721	9136722	81	6	6	5	1	1	NA	NA	NA	unphased	0.681541582150101	0.681541582150101	1
5	9197322	9197323	84	32	6	5	1	1	NA	NA	NA	unphased	2.72616632860041	0.908722109533468	3
5	10290833	10290834	131	15	8	7	1	1	NA	NA	NA	unphased	1.22078968573731	1.22078968573731	1
5	10988343	10988344	98	7	8	7	1	1	NA	NA	NA	unphased	0.792156862745098	0.792156862745098	1
5	13867921	13867922	163	15	8	7	1	1	NA	NA	NA	unphased	1.00132187706543	1.00132187706543	1
5	13923409	13923410	194	220	8	7	1	1	NA	NA	NA	unphased	6.31429383347542	1.05238230557924	6
5	14399011	14399012	183	10	8	7	1	1	NA	NA	NA	unphased	0.615665955501371	0.615665955501371	1
5	14462949	14462950	172	14	8	7	1	1	NA	NA	NA	unphased	0.894370651486401	0.894370651486401	1
5	14472746	14472747	57	93	8	7	1	1	NA	NA	NA	unphased	7.36705882352941	1.05243697478992	7
5	17354062	17354063	38	87	8	7	1	1	NA	NA	NA	unphased	8.27011764705882	1.18144537815126	7
5	17354392	17354393	93	67	8	7	1	1	NA	NA	NA	unphased	4.97573529411765	0.995147058823529	5
5	21752243	21752244	154	13	8	7	1	1	NA	NA	NA	unphased	0.92497358224727	0.92497358224727	1
5	23509619	23509620	290	16	8	7	1	1	NA	NA	NA	unphased	0.621299500192234	0.621299500192234	1
5	24509905	24509906	58	48	8	7	1	1	NA	NA	NA	unphased	5.38068812430633	1.07613762486127	5
5	31302239	31302240	24	52	8	7	1	1	NA	NA	NA	unphased	8.13003095975232	1.16143299425033	7
5	33937000	33937001	173	7	8	7	1	1	NA	NA	NA	unphased	0.462091503267974	0.462091503267974	1
5	33937001	33937002	174	7	8	7	1	1	NA	NA	NA	unphased	0.459538511537212	0.459538511537212	1
5	34823249	34823250	199	8	8	7	1	1	NA	NA	NA	unphased	0.459221369707303	0.459221369707303	1
5	35670353	35670354	39	84	8	7	1	1	NA	NA	NA	unphased	8.11477761836442	1.15925394548063	7
5	36037941	36037942	327	12	8	7	1	1	NA	NA	NA	unphased	0.420614263404477	0.420614263404477	1
5	36262116	36262117	237	24	8	7	1	1	NA	NA	NA	unphased	1.09263015551048	1.09263015551048	1
5	36608541	36608542	208	15	8	7	1	1	NA	NA	NA	unphased	0.799261408599314	0.799261408599314	1
5	37348641	37348642	132	10	8	7	1	1	NA	NA	NA	unphased	0.836785418392709	0.836785418392709	1
5	38407175	38407176	40	95	8	7	1	1	NA	NA	NA	unphased	8.36165577342048	1.19452225334578	7
5	38451529	38451530	94	205	8	7	1	1	NA	NA	NA	unphased	8.14676372221129	1.16382338888733	7
5	38510811	38510812	32	55	8	7	1	1	NA	NA	NA	unphased	7.51183231913455	1.07311890273351	7
5	38953161	38953162	220	15	8	7	1	1	NA	NA	NA	unphased	0.758448060075094	0.758448060075094	1
5	42801361	42801362	80	156	8	7	1	1	NA	NA	NA	unphased	7.85443668993021	1.12206238427574	7
5	44388737	44388738	37	53	8	7	1	1	NA	NA	NA	unphased	6.99738562091503	0.999626517273576	7
5	55212885	55212886	72	6	1.32	2	1	0.16	1	0	0.84	unphased	0.400180995475113	0.400180995475113	1
5	57913635	57913636	29	15	1.32	2	1	0.16	1	0	0.84	unphased	1.77352941176471	1.5289046653144	1.16
5	68524190	68524191	134	6	1.32	2	1	0.16	1	0	0.84	unphased	0.222957983193277	1.39348739495798	0.16
5	68677880	68677881	64	12	1.32	2	1	0.16	1	0	0.84	unphased	0.821424148606811	0.821424148606811	1
5	68903025	68903026	77	9	1.32	2	1	0.16	1	0	0.84	unphased	0.544432284541724	0.544432284541724	1
5	71493643	71493644	66	20	1.32	2	1	0.16	1	0	0.84	unphased	1.20984952120383	1.20984952120383	1
5	74988262	74988263	60	27	1.32	2	1	0.16	1	0	0.84	unphased	1.61452332657201	1.39183045394139	1.16
5	75923289	75923290	58	17	1.32	2	1	0.16	1	0	0.84	unphased	1.1792	1.1792	1
5	76029170	76029171	99	25	1.32	2	1	0.16	1	0	0.84	unphased	1.0488614800759	1.0488614800759	1
5	80553611	80553612	37	7	1.32	2	1	0.16	1	0	0.84	unphased	0.827647058823529	0.827647058823529	1
5	80643700	80643701	222	41	1.32	2	1	0.16	1	0	0.84	unphased	0.811013196152986	0.811013196152986	1
5	82818059	82818060	64	15	1.32	2	1	0.16	1	0	0.84	unphased	0.987788533134773	0.987788533134773	1
5	83360582	83360583	40	11	1.32	2	1	0.16	1	0	0.84	unphased	1.12207612456747	1.12207612456747	1
5	85578558	85578559	44	17	1.32	2	1	0.16	1	0	0.84	unphased	1.44983606557377	1.44983606557377	1
5	90055328	90055329	20	4	1.32	2	1	0.16	1	0	0.84	unphased	0.867058823529411	0.867058823529411	1
5	96086362	96086363	24	9	1.32	2	1	0.16	1	0	0.84	unphased	1.41882352941176	1.41882352941176	1
5	99871247	99871248	52	13	1.32	2	1	0.16	1	0	0.84	unphased	1.04047058823529	1.04047058823529	1
5	108516523	108516524	76	5	1.32	2	1	0.16	1	0	0.84	unphased	0.321132897603486	0.321132897603486	1
5	114499326	114499327	65	6	1.32	2	1	0.16	1	0	0.84	unphased	0.43963545981773	0.43963545981773	1
5	115336129	115336130	69	23	1.32	2	1	0.16	1	0	0.84	unphased	1.30058823529412	1.30058823529412	1
5	115351342	115351343	33	10	1.32	2	1	0.16	1	0	0.84	unphased	1.20984952120383	1.20984952120383	1
5	115783243	115783244	159	15	1.32	2	1	0.16	1	0	0.84	unphased	0.448478701825558	0.448478701825558	1
5	118469617	118469618	71	5	1.32	2	1	0.16	1	0	0.84	unphased	0.342260061919505	0.342260061919505	1
5	121188123	121188124	86	25	1.32	2	1	0.16	1	0	0.84	unphased	1.17170111287758	1.17170111287758	1
5	121297700	121297701	118	13	1.32	2	1	0.16	1	0	0.84	unphased	0.516264032330489	0.516264032330489	1
5	127624175	127624176	54	6	1.32	2	1	0.16	1	0	0.84	unphased	0.520235294117647	0.520235294117647	1
5	128441060	128441061	30	4	1.32	2	1	0.16	1	0	0.84	unphased	0.612041522491349	0.612041522491349	1
5	131539825	131539826	73	17	1.32	2	1	0.16	1	0	0.84	unphased	0.982666666666666	0.982666666666666	1
5	137626361	137626362	62	5	1.32	2	1	0.16	1	0	0.84	unphased	0.388235294117647	0.388235294117647	1
5	137727579	137727580	171	30	1.32	2	1	0.16	1	0	0.84	unphased	0.776470588235294	0.776470588235294	1
5	139744081	139744082	11	5	1.32	2	1	0.16	1	0	0.84	unphased	1.62573529411765	1.62573529411765	1
5	140168034	140168035	58	12	1.32	2	1	0.16	1	0	0.84	unphased	0.891831932773109	0.891831932773109	1
5	140189127	140189128	81	34	1.32	2	1	0.16	1	0	0.84	unphased	1.53808695652174	1.32593703148426	1.16
5	140222195	140222196	135	39	1.32	2	1	0.16	1	0	0.84	unphased	1.16604462474645	1.16604462474645	1
5	140229931	140229932	82	26	1.32	2	1	0.16	1	0	0.84	unphased	1.25241830065359	1.25241830065359	1
5	140230363	140230364	90	7	1.32	2	1	0.16	1	0	0.84	unphased	0.375427531837477	0.375427531837477	1
5	140256599	140256600	93	31	1.32	2	1	0.16	1	0	0.84	unphased	1.30058823529412	1.30058823529412	1
5	140346879	140346880	20	7	1.32	2	1	0.16	1	0	0.84	unphased	1.34875816993464	1.34875816993464	1
5	140476693	140476694	86	20	1.32	2	1	0.16	1	0	0.84	unphased	0.98157602663707	0.98157602663707	1
5	140503498	140503499	57	15	1.32	2	1	0.16	1	0	0.84	unphased	1.08382352941176	1.08382352941176	1
5	140580976	140580977	95	11	1.32	2	1	0.16	1	0	0.84	unphased	0.539866814650388	0.539866814650388	1
5	140581087	140581088	80	5	1.32	2	1	0.16	1	0	0.84	unphased	0.306020761245675	0.306020761245675	1
5	140627113	140627114	108	12	1.32	2	1	0.16	1	0	0.84	unphased	0.520235294117647	0.520235294117647	1
5	140710925	140710926	53	12	1.32	2	1	0.16	1	0	0.84	unphased	0.960434389140271	0.960434389140271	1
5	140720632	140720633	133	23	1.32	2	1	0.16	1	0	0.84	unphased	0.767013574660633	0.767013574660633	1
5	140720866	140720867	139	11	1.32	2	1	0.16	1	0	0.84	unphased	0.381505882352941	0.381505882352941	1
5	140774429	140774430	53	7	1.32	2	1	0.16	1	0	0.84	unphased	0.606941176470588	0.606941176470588	1
5	140783006	140783007	84	17	1.32	2	1	0.16	1	0	0.84	unphased	0.875643564356436	0.875643564356436	1
5	140869578	140869579	161	32	1.32	2	1	0.16	1	0	0.84	unphased	0.862566290765011	0.862566290765011	1
5	141242792	141242793	33	7	1.32	2	1	0.16	1	0	0.84	unphased	0.910411764705882	0.910411764705882	1
5	141358144	141358145	40	4	1.32	2	1	0.16	1	0	0.84	unphased	0.472941176470588	0.472941176470588	1
5	146778739	146778740	125	9	1.32	2	1	0.16	1	0	0.84	unphased	0.349411764705882	0.349411764705882	1
5	147021328	147021329	35	7	1.32	2	1	0.16	1	0	0.84	unphased	0.867058823529411	0.867058823529411	1
5	147051346	147051347	39	5	1.32	2	1	0.16	1	0	0.84	unphased	0.591176470588235	0.591176470588235	1
5	147902825	147902826	41	4	1.32	2	1	0.16	1	0	0.84	unphased	0.46243137254902	0.46243137254902	1
5	149460401	149460402	21	4	1.32	2	1	0.16	1	0	0.84	unphased	0.832376470588235	0.832376470588235	1
5	153065883	153065884	32	9	1.32	2	1	0.16	1	0	0.84	unphased	1.14197991391679	1.14197991391679	1
5	157164910	157164911	48	7	1.32	2	1	0.16	1	0	0.84	unphased	0.662117647058823	0.662117647058823	1
5	167625978	167625979	33	12	1.32	2	1	0.16	1	0	0.84	unphased	1.38729411764706	1.38729411764706	1
5	168098327	168098328	41	5	1.32	2	1	0.16	1	0	0.84	unphased	0.565473145780051	0.565473145780051	1
5	168671727	168671728	39	9	1.32	2	1	0.16	1	0	0.84	unphased	0.975441176470588	0.975441176470588	1
5	169472896	169472897	65	5	1.32	2	1	0.16	1	0	0.84	unphased	0.371596638655462	0.371596638655462	1
5	169535260	169535261	61	19	1.32	2	1	0.16	1	0	0.84	unphased	1.23555882352941	1.23555882352941	1
5	172396538	172396539	67	7	1.32	2	1	0.16	1	0	0.84	unphased	0.492114467408585	0.492114467408585	1
5	174869707	174869708	67	25	1.32	2	1	0.16	1	0	0.84	unphased	1.41368286445013	1.21869212452597	1.16
5	175110325	175110326	176	27	1.32	2	1	0.16	1	0	0.84	unphased	0.69193856853086	0.69193856853086	1
5	175923619	175923620	95	6	1.32	2	1	0.16	1	0	0.84	unphased	0.30905066977286	0.30905066977286	1
5	176522651	176522652	11	3	1.32	2	1	0.16	1	0	0.84	unphased	1.11478991596639	1.11478991596639	1
5	176710859	176710860	129	8	1.32	2	1	0.16	1	0	0.84	unphased	0.3037870330614	0.3037870330614	1
5	176919547	176919548	25	7	1.32	2	1	0.16	1	0	0.84	unphased	1.13801470588235	1.13801470588235	1
5	176951476	176951477	10	4	1.32	2	1	0.16	1	0	0.84	unphased	1.48638655462185	1.48638655462185	1
5	179227539	179227540	20	3	1.32	2	1	0.16	1	0	0.84	unphased	0.678567774936061	0.678567774936061	1
5	179252157	179252158	63	9	1.32	2	1	0.16	1	0	0.84	unphased	0.650294117647059	0.650294117647059	1
5	180377515	180377516	87	8	1.32	2	1	0.16	1	0	0.84	unphased	0.438092879256966	0.438092879256966	1
6	1390607	1390608	55	32	2.92	3	3	0.23	1	1	0.77	unphased	2.50201487491548	1.12197976453609	2.23
6	4068872	4068873	47	5	2.92	3	3	0.23	1	1	0.77	unphased	0.654072398190045	0.654072398190045	1
6	7230731	7230732	19	4	2.92	3	3	0.23	1	1	0.77	unphased	1.1830179028133	1.1830179028133	1
6	7231429	7231430	52	8	2.92	3	3	0.23	1	1	0.77	unphased	0.906980392156863	0.906980392156863	1
6	7574354	7574355	90	6	2.92	3	3	0.23	1	1	0.77	unphased	0.425147058823529	0.425147058823529	1
6	8419812	8419813	60	32	2.92	3	3	0.23	1	1	0.77	unphased	2.3660358056266	1.06100260342	2.23
6	10404900	10404901	57	27	2.92	3	3	0.23	1	1	0.77	unphased	2.18647058823529	0.980480084410446	2.23
6	22294784	22294785	21	10	2.92	3	3	0.23	1	1	0.77	unphased	2.19430740037951	0.983994349945967	2.23
6	24134572	24134573	48	10	2.92	3	3	0.23	1	1	0.77	unphased	1.17281947261663	1.17281947261663	1
6	24871098	24871099	11	5	2.92	3	3	0.23	1	1	0.77	unphased	2.12573529411765	2.12573529411765	1
6	25488757	25488758	151	13	2.92	3	3	0.23	1	1	0.77	unphased	0.539210903873744	0.539210903873744	1
6	25779517	25779518	24	10	2.92	3	3	0.23	1	1	0.77	unphased	2.00069204152249	0.897171319068382	2.23
6	25850333	25850334	54	19	2.92	3	3	0.23	1	1	0.77	unphased	1.77047542304593	0.793935167285171	2.23
6	26123963	26123964	184	75	2.92	3	3	0.23	1	1	0.77	unphased	1.9697933227345	0.883315391360762	2.23
6	26184176	26184177	202	18	2.92	3	3	0.23	1	1	0.77	unphased	0.55655614973262	0.55655614973262	1
6	26216719	26216720	163	41	2.92	3	3	0.23	1	1	0.77	unphased	1.36713956170704	0.936396960073312	1.46
6	26234734	26234735	64	34	2.92	3	3	0.23	1	1	0.77	unphased	2.36	1.05829596412556	2.23
6	26247200	26247201	42	7	2.92	3	3	0.23	1	1	0.77	unphased	0.971764705882353	0.971764705882353	1
6	26410253	26410254	165	9	2.92	3	3	0.23	1	1	0.77	unphased	0.35184584178499	1.52976452949996	0.23
6	27101144	27101145	121	27	3.32	3	3	0.33	1	1	0.67	unphased	1.31394276629571	1.31394276629571	1
6	27421012	27421013	73	16	3.32	3	3	0.33	1	1	0.67	unphased	1.29480502313285	1.29480502313285	1
6	27782879	27782880	188	13	3.32	3	3	0.33	1	1	0.67	unphased	0.46582382206614	1.41158733959436	0.33
6	27799281	27799282	118	14	3.32	3	3	0.33	1	1	0.67	unphased	0.763885918003565	0.763885918003565	1
6	27839716	27839717	208	34	3.32	3	3	0.33	1	1	0.67	unphased	1.01190082644628	1.01190082644628	1
6	27858294	27858295	74	11	3.32	3	3	0.33	1	1	0.67	unphased	0.932069204152249	0.932069204152249	1
6	28056780	28056781	70	5	3.32	3	3	0.33	1	1	0.67	unphased	0.480156862745098	0.480156862745098	1
6	29274913	29274914	150	33	3.32	3	3	0.33	1	1	0.67	unphased	1.29878495660559	1.29878495660559	1
6	29627219	29627220	128	51	3.32	3	3	0.33	1	1	0.67	unphased	2.05206703910615	0.88071546742753	2.33
6	30310097	30310098	48	8	2.54	3	2	0.18	1	1	0.82	unphased	0.917478991596638	0.917478991596638	1
6	30867117	30867118	38	18	2.54	3	2	0.18	1	1	0.82	unphased	2.06432773109244	0.946939326189191	2.18
6	31508134	31508135	60	18	1.24	3	2	0.06	0	1	0.94	unphased	1.1820814479638	1.1820814479638	1
6	32010098	32010099	25	12	1.24	3	2	0.06	0	1	0.94	unphased	1.66130365659777	0.806458085727075	2.06
6	32021387	32021388	48	22	1.24	3	2	0.06	0	1	0.94	unphased	1.60988235294118	0.781496287835522	2.06
6	32088574	32088575	166	7	1.24	3	2	0.06	0	1	0.94	unphased	0.207262835770146	0.207262835770146	1
6	32134871	32134872	190	43	1.24	3	2	0.06	0	1	0.94	unphased	0.945326937642009	0.945326937642009	1
6	32147881	32147882	227	14	1.24	3	2	0.06	0	1	0.94	unphased	0.297564071271662	0.297564071271662	1
6	33541967	33541968	24	13	2.96	3	3	0.24	1	1	0.76	unphased	2.40406995230525	1.07324551442198	2.24
6	34385289	34385290	34	20	2.96	3	3	0.24	1	1	0.76	unphased	2.53420479302832	1.13134142545907	2.24
6	34389535	34389536	360	19	2.96	3	3	0.24	1	1	0.76	unphased	0.343020332143411	1.42925138393088	0.24
6	35261525	35261526	48	43	2.96	3	3	0.24	1	1	0.76	unphased	3.23319974143503	1.44339274171207	2.24
6	35278300	35278301	134	18	2.96	3	3	0.24	1	1	0.76	unphased	0.810278637770898	0.810278637770898	1
6	38754655	38754656	66	6	2.96	3	3	0.24	1	1	0.76	unphased	0.570196078431372	0.570196078431372	1
6	41743254	41743255	36	10	2.96	3	3	0.24	1	1	0.76	unphased	1.48746803069054	1.48746803069054	1
6	42656059	42656060	257	12	2.96	3	3	0.24	1	1	0.76	unphased	0.305235075442816	1.27181281434507	0.24
6	42902229	42902230	60	18	2.96	3	3	0.24	1	1	0.76	unphased	1.57900452488688	1.06689494924789	1.48
6	43322793	43322794	86	26	2.96	3	3	0.24	1	1	0.76	unphased	1.58840336134454	1.07324551442198	1.48
6	43399992	43399993	101	39	2.96	3	3	0.24	1	1	0.76	unphased	1.90608403361345	0.850930372148859	2.24
6	44148731	44148732	204	73	2.96	3	3	0.24	1	1	0.76	unphased	1.80321936716925	0.805008646057701	2.24
6	45870992	45870993	40	10	2.96	3	3	0.24	1	1	0.76	unphased	1.36847058823529	1.36847058823529	1
6	46659555	46659556	83	13	2.96	3	3	0.24	1	1	0.76	unphased	0.92656862745098	0.92656862745098	1
6	47591974	47591975	46	9	2.96	3	3	0.24	1	1	0.76	unphased	1.11965775401069	1.11965775401069	1
6	47682215	47682216	125	11	2.96	3	3	0.24	1	1	0.76	unphased	0.553425605536332	0.553425605536332	1
6	49802825	49802826	12	8	2.96	3	3	0.24	1	1	0.76	unphased	2.73694117647059	1.2218487394958	2.24
6	49986717	49986718	76	7	2.96	3	3	0.24	1	1	0.76	unphased	0.57706591070163	0.57706591070163	1
6	51824729	51824730	149	37	2.96	3	3	0.24	1	1	0.76	unphased	1.36111321948134	0.919671094244149	1.48
6	51890117	51890118	75	26	2.96	3	3	0.24	1	1	0.76	unphased	1.76139778683751	1.19013363975507	1.48
6	51890802	51890803	57	8	2.96	3	3	0.24	1	1	0.76	unphased	0.842135746606335	0.842135746606335	1
6	51935860	51935861	53	15	2.96	3	3	0.24	1	1	0.76	unphased	1.50934256055363	1.50934256055363	1
6	52101939	52101940	32	10	2.96	3	3	0.24	1	1	0.76	unphased	1.62913165266106	1.62913165266106	1
6	54791226	54791227	90	15	2.96	3	3	0.24	1	1	0.76	unphased	0.977478991596638	0.977478991596638	1
6	54804696	54804697	99	14	2.96	3	3	0.24	1	1	0.76	unphased	0.847725143154607	0.847725143154607	1
6	54805280	54805281	119	11	2.96	3	3	0.24	1	1	0.76	unphased	0.578968325791855	0.578968325791855	1
6	55300296	55300297	7	3	2.96	3	3	0.24	1	1	0.76	unphased	2.05270588235294	2.05270588235294	1
6	56483218	56483219	73	22	2.96	3	3	0.24	1	1	0.76	unphased	1.58454489164087	1.07063844029788	1.48
6	64421810	64421811	60	34	3	3	0	1	NA	NA	NA	unphased	2.48936170212766	0.829787234042553	3
6	70071375	70071376	71	14	3	3	0	1	NA	NA	NA	unphased	1.13356401384083	1.13356401384083	1
6	70639430	70639431	41	27	3	3	0	1	NA	NA	NA	unphased	2.73269896193772	0.910899653979239	3
6	75855920	75855921	30	10	3	3	0	1	NA	NA	NA	unphased	1.72058823529412	0.860294117647059	2
6	76425175	76425176	63	6	3	3	0	1	NA	NA	NA	unphased	0.59846547314578	0.59846547314578	1
6	76751661	76751662	39	15	3	3	0	1	NA	NA	NA	unphased	1.91176470588235	0.955882352941176	2
6	86176987	86176988	35	10	3	3	0	1	NA	NA	NA	unphased	1.52941176470588	1.52941176470588	1
6	88140770	88140771	24	14	3	3	0	1	NA	NA	NA	unphased	2.53560371517028	0.845201238390093	3
6	93967190	93967191	22	9	3	3	0	1	NA	NA	NA	unphased	1.99810246679317	0.999051233396584	2
6	94120375	94120376	48	31	3	3	0	1	NA	NA	NA	unphased	2.70067014147431	0.900223380491437	3
6	97246933	97246934	92	8	3	3	0	1	NA	NA	NA	unphased	0.550588235294118	0.550588235294118	1
6	97679329	97679330	22	6	3	3	0	1	NA	NA	NA	unphased	1.47478991596639	1.47478991596639	1
6	100369119	100369120	73	14	3	3	0	1	NA	NA	NA	unphased	1.10750507099391	1.10750507099391	1
6	107955604	107955605	8	6	3	3	0	1	NA	NA	NA	unphased	2.94957983193277	0.983193277310924	3
6	112454579	112454580	69	37	3	3	0	1	NA	NA	NA	unphased	2.4023307436182	0.8007769145394	3
6	129674472	129674473	39	28	3	3	0	1	NA	NA	NA	unphased	2.87620719929763	0.95873573309921	3
6	130497016	130497017	85	8	3	3	0	1	NA	NA	NA	unphased	0.592030360531309	0.592030360531309	1
6	131190898	131190899	180	45	3	3	0	1	NA	NA	NA	unphased	1.37647058823529	0.688235294117647	2
6	132618312	132618313	42	31	3	3	0	1	NA	NA	NA	unphased	2.92264302981467	0.974214343271555	3
6	136599709	136599710	188	43	3	3	0	1	NA	NA	NA	unphased	1.28113063407181	1.28113063407181	1
6	149916238	149916239	67	5	3	3	0	1	NA	NA	NA	unphased	0.477941176470588	0.477941176470588	1
6	160455533	160455534	45	18	3	3	0	1	NA	NA	NA	unphased	1.96638655462185	0.983193277310924	2
6	160978565	160978566	76	14	3	3	0	1	NA	NA	NA	unphased	1.07058823529412	1.07058823529412	1
6	167550838	167550839	33	19	3	3	0	1	NA	NA	NA	unphased	2.51470588235294	0.838235294117647	3
6	167570984	167570985	28	4	3	3	0	1	NA	NA	NA	unphased	0.860294117647059	0.860294117647059	1
6	168227252	168227253	51	4	3	3	0	1	NA	NA	NA	unphased	0.500534759358289	0.500534759358289	1
7	751134	751135	69	6	6	3	3	1	NA	NA	NA	unphased	0.790588235294118	0.790588235294118	1
7	1586708	1586709	23	14	6	3	3	1	NA	NA	NA	unphased	3.73926868044515	1.24642289348172	3
7	15601443	15601444	81	39	1.7	3	3	0.14	1	0	0.86	unphased	1.81426470588235	0.847787245739417	2.14
7	15601561	15601562	24	12	1.7	3	3	0.14	1	0	0.86	unphased	1.86078431372549	0.869525380245556	2.14
7	15601598	15601599	16	5	1.7	3	3	0.14	1	0	0.86	unphased	1.32913165266106	1.32913165266106	1
7	16341046	16341047	18	5	1.7	3	3	0.14	1	0	0.86	unphased	1.21355498721228	1.21355498721228	1
7	16649290	16649291	62	15	1.7	3	3	0.14	1	0	0.86	unphased	1.08747135217723	1.08747135217723	1
7	20180729	20180730	95	46	1.7	3	3	0.14	1	0	0.86	unphased	1.82119315811431	0.851024840240332	2.14
7	21813506	21813507	10	5	1.7	3	3	0.14	1	0	0.86	unphased	1.86078431372549	1.86078431372549	1
7	21940665	21940666	163	60	1.7	3	3	0.14	1	0	0.86	unphased	1.50197836982327	1.17342060142443	1.28
7	23749999	23750000	12	11	1.7	3	3	0.14	1	0	0.86	unphased	2.66982097186701	1.2475798933958	2.14
7	27135346	27135347	77	29	1.7	3	3	0.14	1	0	0.86	unphased	1.52724750277469	1.19316211154273	1.28
7	27150355	27150356	27	8	1.7	3	3	0.14	1	0	0.86	unphased	1.27596638655462	1.27596638655462	1
7	27832702	27832703	51	14	1.7	3	3	0.14	1	0	0.86	unphased	1.20235294117647	1.20235294117647	1
7	30890105	30890106	21	3	1.7	3	3	0.14	1	0	0.86	unphased	0.697794117647059	0.697794117647059	1
7	30951861	30951862	169	10	1.7	3	3	0.14	1	0	0.86	unphased	0.311863292803155	0.311863292803155	1
7	34977695	34977696	48	9	1.7	3	3	0.14	1	0	0.86	unphased	0.881424148606811	0.881424148606811	1
7	37780353	37780354	146	10	1.7	3	3	0.14	1	0	0.86	unphased	0.357843137254902	0.357843137254902	1
7	37890306	37890307	87	24	1.7	3	3	0.14	1	0	0.86	unphased	1.20699523052464	1.20699523052464	1
7	37949245	37949246	129	7	1.7	3	3	0.14	1	0	0.86	unphased	0.287326989619377	0.287326989619377	1
7	43590132	43590133	37	4	1.7	3	3	0.14	1	0	0.86	unphased	0.544619799139168	0.544619799139168	1
7	44148722	44148723	34	14	1.7	3	3	0.14	1	0	0.86	unphased	1.6281862745098	0.760834707714862	2.14
7	44280316	44280317	28	10	1.7	3	3	0.14	1	0	0.86	unphased	1.46904024767802	1.46904024767802	1
7	47947760	47947761	45	13	1.7	3	3	0.14	1	0	0.86	unphased	1.25121703853955	1.25121703853955	1
7	49815504	49815505	9	3	1.7	3	3	0.14	1	0	0.86	unphased	1.39558823529412	1.39558823529412	1
7	49951727	49951728	73	9	1.7	3	3	0.14	1	0	0.86	unphased	0.612697274031564	0.612697274031564	1
7	53104148	53104149	78	17	1.7	3	3	0.14	1	0	0.86	unphased	0.998947368421053	0.998947368421053	1
7	55750189	55750190	9	5	5.15	4	3	0.63	1	1	0.37	unphased	3.22584033613445	0.989521575501366	3.26
7	57188311	57188312	58	18	5.15	4	3	0.63	1	1	0.37	unphased	2.13924148606811	0.946567029233677	2.26
7	69064860	69064861	23	4	2	1	1	0.79	1	1	0.21	unphased	0.871459694989107	0.871459694989107	1
7	71571149	71571150	15	9	2	1	1	1	NA	NA	NA	unphased	2.20588235294118	2.20588235294118	1
7	71571191	71571192	25	7	2	1	1	1	NA	NA	NA	unphased	1.28676470588235	1.28676470588235	1
7	73459564	73459565	36	6	2	1	1	1	NA	NA	NA	unphased	0.840336134453781	0.840336134453781	1
7	73954273	73954274	46	15	2	1	1	1	NA	NA	NA	unphased	1.44648023143684	1.44648023143684	1
7	75174062	75174063	39	6	2	1	1	1	NA	NA	NA	unphased	0.784313725490196	0.784313725490196	1
7	75174064	75174065	36	5	2	1	1	1	NA	NA	NA	unphased	0.717360114777618	0.717360114777618	1
7	75174400	75174401	73	17	2	1	1	1	NA	NA	NA	unphased	1.11111111111111	1.11111111111111	1
7	82584491	82584492	32	5	1.93	3	1	0.31	1	0	0.69	unphased	0.785453100158983	0.785453100158983	1
7	82784735	82784736	109	24	1.93	3	1	0.31	1	0	0.69	unphased	1.04884564352057	1.04884564352057	1
7	82785154	82785155	57	5	1.93	3	1	0.31	1	0	0.69	unphased	0.468738140417457	1.51205851747567	0.31
7	83031960	83031961	48	13	1.93	3	1	0.31	1	0	0.69	unphased	1.23869816779171	1.23869816779171	1
7	84628775	84628776	54	4	1.93	3	1	0.31	1	0	0.69	unphased	0.400851926977688	1.29307073218609	0.31
7	91732066	91732067	160	25	1.93	3	1	0.31	1	0	0.69	unphased	0.785453100158983	0.785453100158983	1
7	92764427	92764428	151	28	1.93	3	1	0.31	1	0	0.69	unphased	0.909194873480118	0.909194873480118	1
7	94041938	94041939	18	6	1.93	3	1	0.31	1	0	0.69	unphased	1.45308823529412	1.45308823529412	1
7	94043575	94043576	27	10	1.93	3	1	0.31	1	0	0.69	unphased	1.57090620031797	1.57090620031797	1
7	95457404	95457405	174	97	1.93	3	1	0.31	1	0	0.69	unphased	2.08043629259822	0.900621771687541	2.31
7	96747070	96747071	59	23	1.93	3	1	0.31	1	0	0.69	unphased	1.63029411764706	1.0063543936093	1.62
7	99258207	99258208	70	6	2.44	3	1	0.22	1	1	0.78	unphased	0.499133126934984	0.499133126934984	1
7	99621108	99621109	71	27	2.44	3	1	0.22	1	1	0.78	unphased	1.74187274909964	1.20963385354142	1.44
7	100421852	100421853	123	19	2.44	3	1	0.22	1	1	0.78	unphased	0.845948632974316	0.845948632974316	1
7	100676817	100676818	731	36	2.44	3	1	0.22	1	1	0.78	unphased	0.29674668302784	1.34884855921745	0.22
7	100681736	100681737	316	174	2.44	3	1	0.22	1	1	0.78	unphased	2.24508043217287	1.01129749196976	2.22
7	100839310	100839311	33	7	2.44	3	1	0.22	1	1	0.78	unphased	1.10641176470588	1.10641176470588	1
7	100849617	100849618	65	9	2.44	3	1	0.22	1	1	0.78	unphased	0.768934817170111	0.768934817170111	1
7	100860065	100860066	13	5	2.44	3	1	0.22	1	1	0.78	unphased	1.7562091503268	1.7562091503268	1
7	102912240	102912241	56	6	2.44	3	1	0.22	1	1	0.78	unphased	0.611840607210626	0.611840607210626	1
7	103180697	103180698	62	38	2.44	3	1	0.22	1	1	0.78	unphased	2.40249411764706	1.08220455749867	2.22
7	107559469	107559470	53	24	1.72	3	1	0.24	1	0	0.76	unphased	1.74618792971734	1.17985670926847	1.48
7	107692541	107692542	137	17	1.72	3	1	0.24	1	0	0.76	unphased	0.618441558441558	0.618441558441558	1
7	111927112	111927113	93	55	2.9	3	2	0.3	1	1	0.7	unphased	2.52046899841017	1.09585608626529	2.3
7	112724773	112724774	27	8	2.9	3	2	0.3	1	1	0.7	unphased	1.55025210084034	1.55025210084034	1
7	115892430	115892431	105	9	2.9	3	2	0.3	1	1	0.7	unphased	0.535448916408669	0.535448916408669	1
7	121608081	121608082	64	18	2.9	3	2	0.3	1	1	0.7	unphased	1.48880918220947	0.930505738880918	1.6
7	123105038	123105039	112	15	2.9	3	2	0.3	1	1	0.7	unphased	0.801065308012969	0.801065308012969	1
7	123508817	123508818	132	11	2.9	3	2	0.3	1	1	0.7	unphased	0.521719457013575	0.521719457013575	1
7	123594063	123594064	129	15	2.9	3	2	0.3	1	1	0.7	unphased	0.706495098039216	0.706495098039216	1
7	126086156	126086157	109	40	2.69	3	2	0.23	1	1	0.77	unphased	1.76439005132254	1.20848633652229	1.46
7	126542594	126542595	51	9	2.69	3	2	0.23	1	1	0.77	unphased	0.98585294117647	0.98585294117647	1
7	128494891	128494892	87	15	2.69	3	2	0.23	1	1	0.77	unphased	0.966522491349481	0.966522491349481	1
7	128494958	128494959	92	10	2.69	3	2	0.23	1	1	0.77	unphased	0.644348327566321	0.644348327566321	1
7	128843242	128843243	3	5	2.69	3	2	0.23	1	1	0.77	unphased	4.10772058823529	1.84202716961224	2.23
7	129658510	129658511	81	13	2.69	3	2	0.23	1	1	0.77	unphased	0.908942428035044	0.908942428035044	1
7	130027673	130027674	473	108	2.69	3	2	0.23	1	1	0.77	unphased	1.22171104586413	0.993261012897666	1.23
7	135047449	135047450	17	11	2.63	3	2	0.21	1	1	0.79	unphased	2.5584243697479	1.15765808585878	2.21
7	135099130	135099131	199	10	2.63	3	2	0.21	1	1	0.79	unphased	0.311595834506051	1.48378968812405	0.21
7	136700010	136700011	128	24	2.63	3	2	0.21	1	1	0.79	unphased	1.02826625386997	1.02826625386997	1
7	137773392	137773393	37	9	2.63	3	2	0.21	1	1	0.79	unphased	1.27415601023018	1.27415601023018	1
7	138833075	138833076	155	22	2.63	3	2	0.21	1	1	0.79	unphased	0.809444998338318	0.809444998338318	1
7	141708480	141708481	40	18	2.63	3	2	0.21	1	1	0.79	unphased	2.02107505070994	0.914513597606307	2.21
7	142131833	142131834	71	12	1.56	3	2	0.14	0	1	0.86	unphased	0.786846208362863	0.786846208362863	1
7	142131834	142131835	73	12	1.56	3	2	0.14	0	1	0.86	unphased	0.768332179930796	0.768332179930796	1
7	142168637	142168638	68	16	1.56	3	2	0.14	0	1	0.86	unphased	1.03663865546218	1.03663865546218	1
7	142168649	142168650	62	26	1.56	3	2	0.14	0	1	0.86	unphased	1.6079679144385	0.751386875905842	2.14
7	142176553	142176554	66	10	1.56	3	2	0.14	0	1	0.86	unphased	0.71609907120743	0.71609907120743	1
7	142458451	142458452	189	35	1.56	3	2	0.14	0	1	0.86	unphased	0.850367647058824	0.850367647058824	1
7	142459848	142459849	115	20	1.56	3	2	0.14	0	1	0.86	unphased	0.806274509803922	0.806274509803922	1
7	142561076	142561077	50	11	1.56	3	2	0.14	0	1	0.86	unphased	0.981407907425265	0.981407907425265	1
7	142561805	142561806	219	25	1.56	3	2	0.14	0	1	0.86	unphased	0.557618129218901	0.557618129218901	1
7	142562356	142562357	74	38	1.56	3	2	0.14	0	1	0.86	unphased	1.84651260504202	0.86285635749627	2.14
7	142575446	142575447	90	43	1.56	3	2	0.14	0	1	0.86	unphased	1.75955771782397	0.822223232628024	2.14
7	142983284	142983285	83	44	1.56	3	2	0.14	0	1	0.86	unphased	1.88553960166744	0.881093271807214	2.14
7	143421522	143421523	30	9	1.56	3	2	0.14	0	1	0.86	unphased	1.25592760180995	1.25592760180995	1
7	143807591	143807592	105	49	1.56	3	2	0.14	0	1	0.86	unphased	1.7316577540107	0.809185866360138	2.14
7	148544311	148544312	182	40	2.72	3	2	0.24	1	1	0.76	unphased	1.18961314255432	1.18961314255432	1
7	148702341	148702342	144	26	2.72	3	2	0.24	1	1	0.76	unphased	1.00977162629758	1.00977162629758	1
7	148947853	148947854	84	30	2.72	3	2	0.24	1	1	0.76	unphased	1.7374613003096	1.17396033804703	1.48
7	149174745	149174746	38	13	2.72	3	2	0.24	1	1	0.76	unphased	1.68295271049596	1.13713020979457	1.48
7	149486407	149486408	26	6	2.72	3	2	0.24	1	1	0.76	unphased	1.23794117647059	1.23794117647059	1
7	149517828	149517829	14	3	2.72	3	2	0.24	1	1	0.76	unphased	1.16512110726644	1.16512110726644	1
7	150698951	150698952	49	22	2.72	3	2	0.24	1	1	0.76	unphased	2.04579950289975	0.913303349508817	2.24
7	150768923	150768924	75	41	2.72	3	2	0.24	1	1	0.76	unphased	2.33359026369168	1.0417813677195	2.24
7	151873491	151873492	77	10	2.72	3	2	0.24	1	1	0.76	unphased	0.758891142663962	0.758891142663962	1
7	151878314	151878315	58	16	2.72	3	2	0.24	1	1	0.76	unphased	1.42753577106518	1.42753577106518	1
7	158456928	158456929	99	20	2.72	3	2	0.24	1	1	0.76	unphased	1.10963914977756	1.10963914977756	1
8	2886901	2886902	19	4	2	2	0	1	NA	NA	NA	unphased	1.0230179028133	1.0230179028133	1
8	10470500	10470501	43	23	2	2	0	1	NA	NA	NA	unphased	2.04991087344029	1.02495543672014	2
8	10470501	10470502	42	23	2	2	0	1	NA	NA	NA	unphased	2.08144796380091	1.04072398190045	2
8	10755643	10755644	26	10	2	2	0	1	NA	NA	NA	unphased	1.63398692810458	1.63398692810458	1
8	11157543	11157544	73	27	2	2	0	1	NA	NA	NA	unphased	1.58823529411765	0.794117647058823	2
8	13947981	13947982	104	7	2	2	0	1	NA	NA	NA	unphased	0.370959194488606	0.370959194488606	1
8	16921682	16921683	53	29	2	2	0	1	NA	NA	NA	unphased	2.08034433285509	1.04017216642755	2
8	20004791	20004792	18	15	2	2	0	1	NA	NA	NA	unphased	2.67379679144385	1.33689839572192	2
8	22426699	22426700	45	4	2	2	0	1	NA	NA	NA	unphased	0.480192076830732	0.480192076830732	1
8	23302000	23302001	44	19	2	2	0	1	NA	NA	NA	unphased	1.77404295051354	0.887021475256769	2
8	24357725	24357726	23	3	2	2	0	1	NA	NA	NA	unphased	0.678733031674208	0.678733031674208	1
8	25280739	25280740	86	9	2	2	0	1	NA	NA	NA	unphased	0.557275541795666	0.557275541795666	1
8	28976416	28976417	69	23	2	2	0	1	NA	NA	NA	unphased	1.47058823529412	0.735294117647059	2
8	35544181	35544182	23	13	2	2	0	1	NA	NA	NA	unphased	2.12418300653595	1.06209150326797	2
8	35606107	35606108	67	24	2	2	0	1	NA	NA	NA	unphased	1.5513897866839	0.775694893341952	2
8	42012421	42012422	52	7	2	2	0	1	NA	NA	NA	unphased	0.69790628115653	0.69790628115653	1
8	42040259	42040260	113	6	2	2	0	1	NA	NA	NA	unphased	0.296589223924864	0.296589223924864	1
8	42206593	42206594	49	7	2	2	0	1	NA	NA	NA	unphased	0.735294117647059	0.735294117647059	1
8	51617299	51617300	47	22	1.2	3	2	0.05	0	1	0.95	unphased	1.62046035805627	0.79046846734452	2.05
8	52322096	52322097	47	5	1.2	3	2	0.05	0	1	0.95	unphased	0.48868778280543	0.48868778280543	1
8	67488255	67488256	32	16	1.2	3	2	0.05	0	1	0.95	unphased	1.69411764705882	0.826398852223816	2.05
8	67579088	67579089	25	3	1.2	3	2	0.05	0	1	0.95	unphased	0.54453781512605	0.54453781512605	1
8	68102922	68102923	65	19	1.2	3	2	0.05	0	1	0.95	unphased	1.14957983193277	1.14957983193277	1
8	68170320	68170321	38	13	1.2	3	2	0.05	0	1	0.95	unphased	1.29550173010381	1.29550173010381	1
8	68956722	68956723	67	20	1.2	3	2	0.05	0	1	0.95	unphased	1.1683569979716	1.1683569979716	1
8	68956723	68956724	68	21	1.2	3	2	0.05	0	1	0.95	unphased	1.19920687376074	1.19920687376074	1
8	69017512	69017513	105	30	1.2	3	2	0.05	0	1	0.95	unphased	1.12941176470588	1.12941176470588	1
8	70536259	70536260	59	26	1.2	3	2	0.05	0	1	0.95	unphased	1.55460207612457	0.758342476158326	2.05
8	72128977	72128978	86	26	1.2	3	2	0.05	0	1	0.95	unphased	1.17983193277311	1.17983193277311	1
8	72754696	72754697	52	18	1.2	3	2	0.05	0	1	0.95	unphased	1.30689075630252	1.30689075630252	1
8	72754697	72754698	52	19	1.2	3	2	0.05	0	1	0.95	unphased	1.36006628003314	1.36006628003314	1
8	72935283	72935284	49	16	1.2	3	2	0.05	0	1	0.95	unphased	1.2510407239819	1.2510407239819	1
8	72973925	72973926	72	29	1.2	3	2	0.05	0	1	0.95	unphased	1.4592894583576	0.711848516272	2.05
8	73849187	73849188	109	30	1.2	3	2	0.05	0	1	0.95	unphased	1.09691070672873	1.09691070672873	1
8	77616857	77616858	38	17	1.2	3	2	0.05	0	1	0.95	unphased	1.57090909090909	0.76629711751663	2.05
8	77618303	77618304	48	20	1.2	3	2	0.05	0	1	0.95	unphased	1.49480968858131	0.729175457844544	2.05
8	77618492	77618493	36	17	1.2	3	2	0.05	0	1	0.95	unphased	1.63018867924528	0.795213989875748	2.05
8	77767248	77767249	43	22	1.2	3	2	0.05	0	1	0.95	unphased	1.72018099547511	0.839112680719567	2.05
8	77767249	77767250	43	22	1.2	3	2	0.05	0	1	0.95	unphased	1.72018099547511	0.839112680719567	2.05
8	80553641	80553642	51	30	1.2	3	2	0.05	0	1	0.95	unphased	1.88235294117647	0.918220946915351	2.05
8	82627318	82627319	97	6	1.2	3	2	0.05	0	1	0.95	unphased	0.296059394631639	0.296059394631639	1
8	87638249	87638250	51	5	1.2	3	2	0.05	0	1	0.95	unphased	0.453781512605042	0.453781512605042	1
8	95690553	95690554	58	16	1.2	3	2	0.05	0	1	0.95	unphased	1.09888712241653	1.09888712241653	1
8	99168551	99168552	154	31	1.2	3	2	0.05	0	1	0.95	unphased	0.851637519872814	0.851637519872814	1
8	100974951	100974952	51	32	1.2	3	2	0.05	0	1	0.95	unphased	1.95946137491141	0.955834817029956	2.05
8	103358520	103358521	165	11	3.14	2	2	0.57	1	1	0.43	unphased	0.438897058823529	0.76999484004128	0.57
8	104922380	104922381	87	30	3.14	2	2	0.57	1	1	0.43	unphased	1.80060331825038	1.14688109442699	1.57
8	106814289	106814290	35	20	3.14	2	2	0.57	1	1	0.43	unphased	2.55358288770053	1.62648591573282	1.57
8	110100133	110100134	97	7	3.14	2	2	0.57	1	1	0.43	unphased	0.472658371040724	0.829225212352147	0.57
8	110457384	110457385	63	19	3.14	2	2	0.57	1	1	0.43	unphased	1.62713055954089	1.03638889142732	1.57
8	110488846	110488847	8	3	3.14	2	2	0.57	1	1	0.43	unphased	1.9151871657754	1.9151871657754	1
8	113259299	113259300	43	13	3.18	2	2	0.59	1	1	0.41	unphased	1.63947478991597	1.03111622007293	1.59
8	113308101	113308102	28	15	3.18	2	2	0.59	1	1	0.41	unphased	2.46361149110807	1.54944118937615	1.59
8	114031349	114031350	98	27	3.18	2	2	0.59	1	1	0.41	unphased	1.52546823529412	0.959413984461709	1.59
8	118147562	118147563	142	25	3.18	2	2	0.59	1	1	0.41	unphased	1.05723846424797	1.05723846424797	1
8	122629385	122629386	47	9	3.18	2	2	0.59	1	1	0.41	unphased	1.13502100840336	1.13502100840336	1
8	125565641	125565642	46	15	3.18	2	2	0.59	1	1	0.41	unphased	1.73664416586307	1.092229035134	1.59
8	131138200	131138201	77	20	3.18	2	2	0.59	1	1	0.41	unphased	1.4561552456034	0.915820909184526	1.59
8	131916259	131916260	166	26	3.18	2	2	0.59	1	1	0.41	unphased	0.956360294117647	0.956360294117647	1
8	139144988	139144989	306	17	3.18	2	2	0.59	1	1	0.41	unphased	0.371702786377709	0.630004722674083	0.59
8	139164561	139164562	64	5	3.18	2	2	0.59	1	1	0.41	unphased	0.511764705882353	0.511764705882353	1
8	139601503	139601504	28	10	3.18	2	2	0.59	1	1	0.41	unphased	1.85851393188854	1.16887668672236	1.59
8	139820031	139820032	142	38	3.18	2	2	0.59	1	1	0.41	unphased	1.49094117647059	0.937698853126156	1.59
8	142506507	142506508	50	10	3.18	2	2	0.59	1	1	0.41	unphased	1.17705882352941	1.17705882352941	1
8	143998476	143998477	33	14	3.25	2	2	0.75	1	0	0.25	unphased	2.12453066332916	1.21401752190238	1.75
8	144811492	144811493	49	10	3.25	2	2	0.75	1	0	0.25	unphased	1.20887337986042	1.20887337986042	1
8	145101531	145101532	48	6	3.25	2	2	0.75	1	0	0.25	unphased	0.792483660130719	0.792483660130719	1
9	172138	172139	256	10	3	3	0	1	NA	NA	NA	unphased	0.258735072976559	0.258735072976559	1
9	5923223	5923224	89	5	3	3	0	1	NA	NA	NA	unphased	0.366082603254068	0.366082603254068	1
9	6605202	6605203	24	19	3	3	0	1	NA	NA	NA	unphased	3.04103967168263	1.01367989056088	3
9	8471057	8471058	78	7	3	3	0	1	NA	NA	NA	unphased	0.566782006920415	0.566782006920415	1
9	14842358	14842359	78	37	3	3	0	1	NA	NA	NA	unphased	2.21432225063939	1.10716112531969	2
9	18770770	18770771	19	12	3	3	0	1	NA	NA	NA	unphased	2.66413662239089	0.888045540796964	3
9	20414141	20414142	184	51	3	3	0	1	NA	NA	NA	unphased	1.4936170212766	0.746808510638298	2
9	20948276	20948277	23	14	3	3	0	1	NA	NA	NA	unphased	2.60413354531002	0.868044515103338	3
9	32632131	32632132	58	53	3	3	0	1	NA	NA	NA	unphased	3.28616852146264	1.09538950715421	3
9	33166814	33166815	14	6	3	3	0	1	NA	NA	NA	unphased	2.06470588235294	1.03235294117647	2
9	34256132	34256133	42	16	3	3	0	1	NA	NA	NA	unphased	1.89858012170385	0.949290060851927	2
9	35068308	35068309	232	43	3	3	0	1	NA	NA	NA	unphased	1.07614973262032	1.07614973262032	1
9	35403856	35403857	51	12	3	3	0	1	NA	NA	NA	unphased	1.3109243697479	1.3109243697479	1
9	35869978	35869979	58	20	3	3	0	1	NA	NA	NA	unphased	1.76470588235294	0.88235294117647	2
9	36147843	36147844	201	86	3	3	0	1	NA	NA	NA	unphased	2.06230784996926	1.03115392498463	2
9	72746454	72746455	112	10	2.52	3	1	0.26	1	1	0.74	unphased	0.524783027965284	0.524783027965284	1
9	73151528	73151529	67	12	2.52	3	1	0.26	1	1	0.74	unphased	0.972509307520477	0.972509307520477	1
9	77415179	77415180	26	14	2.52	3	1	0.26	1	1	0.74	unphased	2.24082352941176	0.991514836022905	2.26
9	77418750	77418751	112	42	2.52	3	1	0.26	1	1	0.74	unphased	1.74609625668449	1.14874753729243	1.52
9	78722223	78722224	46	12	2.52	3	1	0.26	1	1	0.74	unphased	1.3246247464503	1.3246247464503	1
9	79118155	79118156	76	30	2.52	3	1	0.26	1	1	0.74	unphased	1.81198668146504	1.19209650096384	1.52
9	79320106	79320107	100	53	2.52	3	1	0.26	1	1	0.74	unphased	2.21780853517878	0.981331210256096	2.26
9	82187668	82187669	32	13	2.52	3	1	0.26	1	1	0.74	unphased	1.84956862745098	0.818393197987159	2.26
9	84606239	84606240	230	88	2.52	3	1	0.26	1	1	0.74	unphased	1.77172031076582	1.16560546760909	1.52
9	84606650	84606651	23	22	2.52	3	1	0.26	1	1	0.74	unphased	3.13003921568627	1.38497310428596	2.26
9	84609636	84609637	32	3	2.52	3	1	0.26	1	1	0.74	unphased	0.548773109243697	0.548773109243697	1
9	86617751	86617752	44	17	2.52	3	1	0.26	1	1	0.74	unphased	1.78426229508197	1.17385677308024	1.52
9	87563492	87563493	42	12	2.52	3	1	0.26	1	1	0.74	unphased	1.42274509803922	1.42274509803922	1
9	91616384	91616385	95	16	4	3	1	1	NA	NA	NA	unphased	1.13619501854796	1.13619501854796	1
9	95298263	95298264	19	5	4	3	1	1	NA	NA	NA	unphased	1.6421568627451	1.6421568627451	1
9	95778048	95778049	81	5	4	3	1	1	NA	NA	NA	unphased	0.45827633378933	0.45827633378933	1
9	98270445	98270446	19	4	1.09	3	1	0.03	0	1	0.97	unphased	0.864757033248082	0.864757033248082	1
9	101824376	101824377	162	8	1.09	3	1	0.03	0	1	0.97	unphased	0.233993079584775	0.233993079584775	1
9	104071592	104071593	95	18	1.09	3	1	0.03	0	1	0.97	unphased	0.792056220718376	0.792056220718376	1
9	107266816	107266817	53	28	2	2	0	0.74	1	1	0.26	unphased	2.03340595497458	1.16862411205436	1.74
9	107331786	107331787	67	35	2	2	0	0.74	1	1	0.26	unphased	2.01845444059977	1.16003128770102	1.74
9	107591245	107591246	53	7	2	2	0	0.74	1	1	0.26	unphased	0.686274509803922	0.686274509803922	1
9	109687313	109687314	60	15	2	2	0	0.74	1	1	0.26	unphased	1.17647058823529	1.17647058823529	1
9	109688840	109688841	107	42	2	2	0	0.74	1	1	0.26	unphased	1.65811290959337	0.952938453789292	1.74
9	113170809	113170810	37	7	2	2	0	0.74	1	1	0.26	unphased	0.935828877005348	0.935828877005348	1
9	115422297	115422298	79	8	2	2	0	0.74	1	1	0.26	unphased	0.540906017579446	0.540906017579446	1
9	117002737	117002738	79	40	2	2	0	0.74	1	1	0.26	unphased	1.97726149283243	1.13635717978875	1.74
9	123202071	123202072	75	18	2	2	0	0.74	1	1	0.26	unphased	1.13851992409867	1.13851992409867	1
9	124936800	124936801	30	24	2	2	0	0.74	1	1	0.26	unphased	2.61437908496732	1.50251671549846	1.74
9	125140251	125140252	52	20	2	2	0	0.74	1	1	0.26	unphased	1.63398692810458	0.939072947186537	1.74
9	125512886	125512887	72	9	2	2	0	0.74	1	1	0.26	unphased	0.65359477124183	0.65359477124183	1
9	126129536	126129537	36	8	2	2	0	0.74	1	1	0.26	unphased	1.06951871657754	1.06951871657754	1
9	130206495	130206496	58	33	2	2	0	0.74	1	1	0.26	unphased	2.13316095669037	1.22595457281056	1.74
9	135276914	135276915	76	17	2	2	0	0.74	1	1	0.26	unphased	1.0752688172043	1.0752688172043	1
9	135942501	135942502	26	13	2	2	0	0.74	1	1	0.26	unphased	1.96078431372549	1.12688753662384	1.74
9	137005058	137005059	37	8	2	2	0	0.74	1	1	0.26	unphased	1.04575163398693	1.04575163398693	1
9	137622105	137622106	76	36	2	2	0	0.74	1	1	0.26	unphased	1.89075630252101	1.08664155317299	1.74
9	138590926	138590927	23	9	2	2	0	0.74	1	1	0.26	unphased	1.65441176470588	1.65441176470588	1
9	139090630	139090631	22	9	2	2	0	0.74	1	1	0.26	unphased	1.70777988614801	1.70777988614801	1
9	139313652	139313653	16	3	2	2	0	0.74	1	1	0.26	unphased	0.928792569659443	0.928792569659443	1
9	139887514	139887515	49	10	2	2	0	0.74	1	1	0.26	unphased	0.997008973080758	0.997008973080758	1
9	140442060	140442061	46	26	2	2	0	0.74	1	1	0.26	unphased	2.12418300653595	1.2207948313425	1.74
9	140509143	140509144	58	4	2	2	0	0.74	1	1	0.26	unphased	0.379506641366224	1.45964092833163	0.26
9	140777442	140777443	82	10	2	2	0	0.74	1	1	0.26	unphased	0.639386189258312	0.639386189258312	1
9	140777443	140777444	82	10	2	2	0	0.74	1	1	0.26	unphased	0.639386189258312	0.639386189258312	1
X	1413303	1413304	123	75	NA	NA	NA	NA	NA	NA	NA	unphased	NA	NA	1
X	1501550	1501551	8	7	NA	NA	NA	NA	NA	NA	NA	unphased	NA	NA	1
X	3241048	3241049	66	8	NA	NA	NA	NA	NA	NA	NA	unphased	NA	NA	1
X	7811597	7811598	21	5	NA	NA	NA	NA	NA	NA	NA	unphased	NA	NA	1
X	9900700	9900701	23	6	NA	NA	NA	NA	NA	NA	NA	unphased	NA	NA	1
X	11174648	11174649	8	7	NA	NA	NA	NA	NA	NA	NA	unphased	NA	NA	1
X	11204420	11204421	55	50	NA	NA	NA	NA	NA	NA	NA	unphased	NA	NA	1
X	12734827	12734828	45	40	NA	NA	NA	NA	NA	NA	NA	unphased	NA	NA	1
X	14592453	14592454	24	15	NA	NA	NA	NA	NA	NA	NA	unphased	NA	NA	1
X	14625350	14625351	42	14	NA	NA	NA	NA	NA	NA	NA	unphased	NA	NA	1
X	18189170	18189171	77	11	NA	NA	NA	NA	NA	NA	NA	unphased	NA	NA	1
X	19025388	19025389	31	22	NA	NA	NA	NA	NA	NA	NA	unphased	NA	NA	1
X	19555847	19555848	32	27	NA	NA	NA	NA	NA	NA	NA	unphased	NA	NA	1
X	31496434	31496435	38	5	NA	NA	NA	NA	NA	NA	NA	unphased	NA	NA	1
X	32841471	32841472	44	10	NA	NA	NA	NA	NA	NA	NA	unphased	NA	NA	1
X	32841503	32841504	35	8	NA	NA	NA	NA	NA	NA	NA	unphased	NA	NA	1
X	34149101	34149102	20	18	NA	NA	NA	NA	NA	NA	NA	unphased	NA	NA	1
X	34961123	34961124	25	20	NA	NA	NA	NA	NA	NA	NA	unphased	NA	NA	1
X	34962664	34962665	99	18	NA	NA	NA	NA	NA	NA	NA	unphased	NA	NA	1
X	34962885	34962886	55	26	NA	NA	NA	NA	NA	NA	NA	unphased	NA	NA	1
X	37642837	37642838	12	4	NA	NA	NA	NA	NA	NA	NA	unphased	NA	NA	1
X	39933591	39933592	10	3	NA	NA	NA	NA	NA	NA	NA	unphased	NA	NA	1
X	41091775	41091776	32	3	NA	NA	NA	NA	NA	NA	NA	unphased	NA	NA	1
X	44929404	44929405	20	6	NA	NA	NA	NA	NA	NA	NA	unphased	NA	NA	1
X	47101480	47101481	6	3	NA	NA	NA	NA	NA	NA	NA	unphased	NA	NA	1
X	48629411	48629412	4	6	NA	NA	NA	NA	NA	NA	NA	unphased	NA	NA	1
X	48631912	48631913	13	3	NA	NA	NA	NA	NA	NA	NA	unphased	NA	NA	1
X	49063316	49063317	9	8	NA	NA	NA	NA	NA	NA	NA	unphased	NA	NA	1
X	49965624	49965625	27	5	NA	NA	NA	NA	NA	NA	NA	unphased	NA	NA	1
X	50118031	50118032	11	10	NA	NA	NA	NA	NA	NA	NA	unphased	NA	NA	1
X	53641507	53641508	48	13	NA	NA	NA	NA	NA	NA	NA	unphased	NA	NA	1
X	54028635	54028636	23	4	NA	NA	NA	NA	NA	NA	NA	unphased	NA	NA	1
X	55052418	55052419	10	6	NA	NA	NA	NA	NA	NA	NA	unphased	NA	NA	1
X	66931263	66931264	9	3	NA	NA	NA	NA	NA	NA	NA	unphased	NA	NA	1
X	70598298	70598299	38	6	NA	NA	NA	NA	NA	NA	NA	unphased	NA	NA	1
X	73749080	73749081	11	21	NA	NA	NA	NA	NA	NA	NA	unphased	NA	NA	1
X	74742844	74742845	32	3	NA	NA	NA	NA	NA	NA	NA	unphased	NA	NA	1
X	77245368	77245369	43	28	NA	NA	NA	NA	NA	NA	NA	unphased	NA	NA	1
X	78010783	78010784	37	28	NA	NA	NA	NA	NA	NA	NA	unphased	NA	NA	1
X	84559353	84559354	39	15	NA	NA	NA	NA	NA	NA	NA	unphased	NA	NA	1
X	85994857	85994858	8	3	NA	NA	NA	NA	NA	NA	NA	unphased	NA	NA	1
X	91132950	91132951	38	26	NA	NA	NA	NA	NA	NA	NA	unphased	NA	NA	1
X	91133213	91133214	66	30	NA	NA	NA	NA	NA	NA	NA	unphased	NA	NA	1
X	91642908	91642909	18	6	NA	NA	NA	NA	NA	NA	NA	unphased	NA	NA	1
X	92927878	92927879	34	5	NA	NA	NA	NA	NA	NA	NA	unphased	NA	NA	1
X	92927989	92927990	25	4	NA	NA	NA	NA	NA	NA	NA	unphased	NA	NA	1
X	92965224	92965225	37	5	NA	NA	NA	NA	NA	NA	NA	unphased	NA	NA	1
X	100276297	100276298	34	5	NA	NA	NA	NA	NA	NA	NA	unphased	NA	NA	1
X	100381765	100381766	125	72	NA	NA	NA	NA	NA	NA	NA	unphased	NA	NA	1
X	101382206	101382207	57	10	NA	NA	NA	NA	NA	NA	NA	unphased	NA	NA	1
X	101770088	101770089	27	20	NA	NA	NA	NA	NA	NA	NA	unphased	NA	NA	1
X	108619335	108619336	132	16	NA	NA	NA	NA	NA	NA	NA	unphased	NA	NA	1
X	111155607	111155608	61	54	NA	NA	NA	NA	NA	NA	NA	unphased	NA	NA	1
X	112024004	112024005	8	3	NA	NA	NA	NA	NA	NA	NA	unphased	NA	NA	1
X	112024005	112024006	8	3	NA	NA	NA	NA	NA	NA	NA	unphased	NA	NA	1
X	119565034	119565035	29	6	NA	NA	NA	NA	NA	NA	NA	unphased	NA	NA	1
X	123514555	123514556	73	65	NA	NA	NA	NA	NA	NA	NA	unphased	NA	NA	1
X	129361675	129361676	30	13	NA	NA	NA	NA	NA	NA	NA	unphased	NA	NA	1
X	134680695	134680696	51	24	NA	NA	NA	NA	NA	NA	NA	unphased	NA	NA	1
X	135404983	135404984	25	33	NA	NA	NA	NA	NA	NA	NA	unphased	NA	NA	1
X	137821453	137821454	12	8	NA	NA	NA	NA	NA	NA	NA	unphased	NA	NA	1
X	140336565	140336566	84	18	NA	NA	NA	NA	NA	NA	NA	unphased	NA	NA	1
X	140985303	140985304	58	15	NA	NA	NA	NA	NA	NA	NA	unphased	NA	NA	1
X	142718374	142718375	45	28	NA	NA	NA	NA	NA	NA	NA	unphased	NA	NA	1
X	144904207	144904208	36	17	NA	NA	NA	NA	NA	NA	NA	unphased	NA	NA	1
X	148037901	148037902	30	34	NA	NA	NA	NA	NA	NA	NA	unphased	NA	NA	1
X	149100785	149100786	87	44	NA	NA	NA	NA	NA	NA	NA	unphased	NA	NA	1
X	149887135	149887136	13	7	NA	NA	NA	NA	NA	NA	NA	unphased	NA	NA	1
X	150773179	150773180	13	7	NA	NA	NA	NA	NA	NA	NA	unphased	NA	NA	1
X	151896315	151896316	29	21	NA	NA	NA	NA	NA	NA	NA	unphased	NA	NA	1
X	151935696	151935697	104	16	NA	NA	NA	NA	NA	NA	NA	unphased	NA	NA	1
X	152225359	152225360	31	14	NA	NA	NA	NA	NA	NA	NA	unphased	NA	NA	1
Y	16942333	16942334	127	8	NA	NA	NA	NA	NA	NA	NA	unphased	NA	NA	1
