chr	pos	ref	alt	gene	classification	t_ref_count	t_alt_count	total_depth	vaf	local_cn	major_cn	minor_cn	mcn	multiplicity	ccf	ccf_capped	is_clonal	purity	ploidy
1	1290109	C	T	MXRA8	Missense_Mutation	23	7	30	0.23333333333333334	2	1	1	1.3333	1	1.3333	1.0	True	0.35	2.09
1	1562227	G	A	MIB2	Missense_Mutation	29	5	34	0.14705882352941177	2	1	1	0.8403	1	0.8403	0.8403	False	0.35	2.09
1	2066734	G	T	PRKCZ	Missense_Mutation	61	5	66	0.07575757575757576	2	1	1	0.4329	1	0.4329	0.4329	False	0.35	2.09
1	5924015	G	A	NPHP4	Missense_Mutation	46	10	56	0.17857142857142858	2	1	1	1.0204	1	1.0204	1.0	True	0.35	2.09
1	6209393	G	A	CHD5	Silent	55	9	64	0.140625	2	1	1	0.8036	1	0.8036	0.8036	False	0.35	2.09
1	6648463	C	T	ZBTB48	Missense_Mutation	20	3	23	0.13043478260869565	2	1	1	0.7453	1	0.7453	0.7453	False	0.35	2.09
1	6662470	G	A	KLHL21	Silent	14	4	18	0.2222222222222222	2	1	1	1.2698	1	1.2698	1.0	True	0.35	2.09
1	7805020	A	G	CAMTA1	Silent	126	27	153	0.17647058823529413	2	1	1	1.0084	1	1.0084	1.0	True	0.35	2.09
1	9804579	C	T	CLSTN1	Missense_Mutation	70	16	86	0.18604651162790697	2	1	1	1.0631	1	1.0631	1.0	True	0.35	2.09
1	11008529	T	C	C1orf127	Missense_Mutation	64	15	79	0.189873417721519	2	1	1	1.085	1	1.085	1.0	True	0.35	2.09
1	11137673	C	T	EXOSC10	Silent	88	24	112	0.21428571428571427	2	1	1	1.2245	1	1.2245	1.0	True	0.35	2.09
1	11181356	T	C	MTOR	Missense_Mutation	88	13	101	0.12871287128712872	2	1	1	0.7355	1	0.7355	0.7355	False	0.35	2.09
1	11579431	C	T	PTCHD2	Missense_Mutation	264	44	308	0.14285714285714285	2	1	1	0.8163	1	0.8163	0.8163	False	0.35	2.09
1	15808798	A	G	CELA2B	Missense_Mutation	124	24	148	0.16216216216216217	2	1	1	0.9266	1	0.9266	0.9266	True	0.35	2.09
1	16258881	G	A	SPEN	Missense_Mutation	88	17	105	0.1619047619047619	2	1	1	0.9252	1	0.9252	0.9252	True	0.35	2.09
1	16261125	C	T	SPEN	Missense_Mutation	68	8	76	0.10526315789473684	2	1	1	0.6015	1	0.6015	0.6015	False	0.35	2.09
1	18809260	C	T	KLHDC7A	Silent	23	4	27	0.14814814814814814	2	1	1	0.8466	1	0.8466	0.8466	False	0.35	2.09
1	19565789	A	G	EMC1	Missense_Mutation	99	14	113	0.12389380530973451	2	1	1	0.708	1	0.708	0.708	False	0.35	2.09
1	23189542	G	A	EPHB2	Missense_Mutation	175	37	212	0.17452830188679244	2	1	1	0.9973	1	0.9973	0.9973	True	0.35	2.09
1	24124675	C	A	GALE	Missense_Mutation	95	16	111	0.14414414414414414	2	1	1	0.8237	1	0.8237	0.8237	False	0.35	2.09
1	26349763	G	A	EXTL1	Missense_Mutation	34	11	45	0.24444444444444444	2	1	1	1.3968	1	1.3968	1.0	True	0.35	2.09
1	29447764	G	T	TMEM200B	Missense_Mutation	29	6	35	0.17142857142857143	2	1	1	0.9796	1	0.9796	0.9796	True	0.35	2.09
1	33402512	G	T	RNF19B	Silent	180	42	222	0.1891891891891892	2	1	1	1.0811	1	1.0811	1.0	True	0.35	2.09
1	33612805	C	T	TRIM62	Silent	120	16	136	0.11764705882352941	2	1	1	0.6723	1	0.6723	0.6723	False	0.35	2.09
1	33957049	T	C	ZSCAN20	Silent	127	32	159	0.20125786163522014	2	1	1	1.15	1	1.15	1.0	True	0.35	2.09
1	34164385	C	T	CSMD2	Missense_Mutation	142	33	175	0.18857142857142858	2	1	1	1.0776	1	1.0776	1.0	True	0.35	2.09
1	35369944	G	A	DLGAP3	Silent	114	29	143	0.20279720279720279	2	1	1	1.1588	1	1.1588	1.0	True	0.35	2.09
1	35658417	C	T	SFPQ	Silent	8	3	11	0.2727272727272727	2	1	1	1.5584	1	1.5584	1.0	True	0.35	2.09
1	36915996	G	A	OSCP1	5'UTR	45	6	51	0.11764705882352941	2	1	1	0.6723	1	0.6723	0.6723	False	0.35	2.09
1	39876236	A	G	KIAA0754	5'UTR	240	50	290	0.1724137931034483	2	1	1	0.9852	1	0.9852	0.9852	True	0.35	2.09
1	39910383	T	C	MACF1	Missense_Mutation	72	11	83	0.13253012048192772	2	1	1	0.7573	1	0.7573	0.7573	False	0.35	2.09
1	40030385	G	A	PABPC4	Missense_Mutation	132	30	162	0.18518518518518517	2	1	1	1.0582	1	1.0582	1.0	True	0.35	2.09
1	40149648	G	A	HPCAL4	Silent	72	17	89	0.19101123595505617	2	1	1	1.0915	1	1.0915	1.0	True	0.35	2.09
1	40236206	G	A	OXCT2	Missense_Mutation	157	22	179	0.12290502793296089	2	1	1	0.7023	1	0.7023	0.7023	False	0.35	2.09
1	44468043	C	T	SLC6A9	Missense_Mutation	129	19	148	0.12837837837837837	2	1	1	0.7336	1	0.7336	0.7336	False	0.35	2.09
1	44468551	T	C	SLC6A9	Missense_Mutation	278	63	341	0.18475073313782991	2	1	1	1.0557	1	1.0557	1.0	True	0.35	2.09
1	52226377	G	A	OSBPL9	Missense_Mutation	97	16	113	0.1415929203539823	2	1	1	0.8091	1	0.8091	0.8091	False	0.35	2.09
1	55562631	T	C	USP24	Missense_Mutation	24	4	28	0.14285714285714285	2	1	1	0.8163	1	0.8163	0.8163	False	0.35	2.09
1	63789108	G	A	FOXD3	Missense_Mutation	42	14	56	0.25	2	1	1	1.4286	1	1.4286	1.0	True	0.35	2.09
1	70698020	C	A	SRSF11	Missense_Mutation	114	18	132	0.13636363636363635	2	1	1	0.7792	1	0.7792	0.7792	False	0.35	2.09
1	87040313	C	T	CLCA4	Missense_Mutation	93	27	120	0.225	2	1	1	1.2857	1	1.2857	1.0	True	0.35	2.09
1	91180162	C	T	BARHL2	Silent	197	32	229	0.13973799126637554	2	1	1	0.7985	1	0.7985	0.7985	False	0.35	2.09
1	109795285	G	A	CELSR2	Missense_Mutation	105	29	134	0.21641791044776118	2	1	1	1.2367	1	1.2367	1.0	True	0.35	2.09
1	110050335	G	T	AMIGO1	Nonsense_Mutation	75	18	93	0.1935483870967742	2	1	1	1.106	1	1.106	1.0	True	0.35	2.09
1	110754491	C	T	KCNC4	Missense_Mutation	80	7	87	0.08045977011494253	2	1	1	0.4598	1	0.4598	0.4598	False	0.35	2.09
1	111216088	G	A	KCNA3	Silent	94	14	108	0.12962962962962962	2	1	1	0.7407	1	0.7407	0.7407	False	0.35	2.09
1	111216663	G	A	KCNA3	Missense_Mutation	100	25	125	0.2	2	1	1	1.1429	1	1.1429	1.0	True	0.35	2.09
1	111217063	G	A	KCNA3	Silent	159	29	188	0.15425531914893617	2	1	1	0.8815	1	0.8815	0.8815	True	0.35	2.09
1	113265709	C	T	FAM19A3	Missense_Mutation	45	9	54	0.16666666666666666	2	1	1	0.9524	1	0.9524	0.9524	True	0.35	2.09
1	114226109	A	C	MAGI3	Missense_Mutation	135	39	174	0.22413793103448276	2	1	1	1.2808	1	1.2808	1.0	True	0.35	2.09
1	115488986	C	T	SYCP1	Missense_Mutation	66	16	82	0.1951219512195122	2	1	1	1.115	1	1.115	1.0	True	0.35	2.09
1	118035834	T	A	MAN1A2	Missense_Mutation	90	20	110	0.18181818181818182	2	1	1	1.039	1	1.039	1.0	True	0.35	2.09
1	119619170	T	C	WARS2	Missense_Mutation	318	54	372	0.14516129032258066	2	1	1	0.8295	1	0.8295	0.8295	False	0.35	2.09
1	120263849	C	T	PHGDH	Silent	218	39	257	0.1517509727626459	2	1	1	0.8671	1	0.8671	0.8671	True	0.35	2.09
1	145457969	T	C	POLR3GL	Silent	99	22	121	0.18181818181818182	2	1	1	1.039	1	1.039	1.0	True	0.35	2.09
1	145578465	G	A	PIAS3	Missense_Mutation	138	34	172	0.19767441860465115	2	1	1	1.1296	1	1.1296	1.0	True	0.35	2.09
1	149760090	A	G	FCGR1A	Missense_Mutation	168	25	193	0.12953367875647667	2	1	1	0.7402	1	0.7402	0.7402	False	0.35	2.09
1	151260126	C	T	ZNF687	Silent	92	20	112	0.17857142857142858	2	1	1	1.0204	1	1.0204	1.0	True	0.35	2.09
1	151503053	G	A	CGN	Missense_Mutation	38	13	51	0.2549019607843137	2	1	1	1.4566	1	1.4566	1.0	True	0.35	2.09
1	152083414	T	C	TCHH	Missense_Mutation	222	50	272	0.18382352941176472	2	1	1	1.0504	1	1.0504	1.0	True	0.35	2.09
1	152276300	G	A	FLG	Missense_Mutation	342	63	405	0.15555555555555556	2	1	1	0.8889	1	0.8889	0.8889	True	0.35	2.09
1	152760047	A	G	LCE1E	Missense_Mutation	109	14	123	0.11382113821138211	2	1	1	0.6504	1	0.6504	0.6504	False	0.35	2.09
1	152770530	A	G	LCE1D	Missense_Mutation	82	10	92	0.10869565217391304	2	1	1	0.6211	1	0.6211	0.6211	False	0.35	2.09
1	153234308	G	A	LOR	Missense_Mutation	30	8	38	0.21052631578947367	2	1	1	1.203	1	1.203	1.0	True	0.35	2.09
1	153591342	C	T	S100A13	3'UTR	160	37	197	0.18781725888324874	2	1	1	1.0732	1	1.0732	1.0	True	0.35	2.09
1	153906294	C	T	DENND4B	Missense_Mutation	35	4	39	0.10256410256410256	2	1	1	0.5861	1	0.5861	0.5861	False	0.35	2.09
1	155532146	G	A	ASH1L	5'UTR	17	3	20	0.15	2	1	1	0.8571	1	0.8571	0.8571	True	0.35	2.09
1	156228860	A	G	SMG5	Missense_Mutation	75	18	93	0.1935483870967742	2	1	1	1.106	1	1.106	1.0	True	0.35	2.09
1	156594421	C	T	HAPLN2	Silent	50	11	61	0.18032786885245902	2	1	1	1.0304	1	1.0304	1.0	True	0.35	2.09
1	156595252	G	A	HAPLN2	3'UTR	5	3	8	0.375	2	1	1	2.1429	1	2.1429	1.0	True	0.35	2.09
1	156641212	A	G	NES	Missense_Mutation	196	30	226	0.13274336283185842	2	1	1	0.7585	1	0.7585	0.7585	False	0.35	2.09
1	156836706	C	A	NTRK1	Missense_Mutation	136	15	151	0.09933774834437085	2	1	1	0.5676	1	0.5676	0.5676	False	0.35	2.09
1	156909362	T	C	ARHGEF11	Silent	169	38	207	0.18357487922705315	2	1	1	1.049	1	1.049	1.0	True	0.35	2.09
1	158225973	C	T	CD1A	Nonsense_Mutation	117	18	135	0.13333333333333333	2	1	1	0.7619	1	0.7619	0.7619	False	0.35	2.09
1	158609667	A	G	SPTA1	Missense_Mutation	173	33	206	0.16019417475728157	2	1	1	0.9154	1	0.9154	0.9154	True	0.35	2.09
1	158641957	G	A	SPTA1	Silent	66	9	75	0.12	2	1	1	0.6857	1	0.6857	0.6857	False	0.35	2.09
1	159019381	T	G	IFI16	Intron	207	30	237	0.12658227848101267	2	1	1	0.7233	1	0.7233	0.7233	False	0.35	2.09
1	159505639	A	G	OR10J5	Silent	202	40	242	0.1652892561983471	2	1	1	0.9445	1	0.9445	0.9445	True	0.35	2.09
1	160312970	C	A	COPA	5'UTR	238	53	291	0.18213058419243985	2	1	1	1.0407	1	1.0407	1.0	True	0.35	2.09
1	160385899	G	A	VANGL2	Missense_Mutation	118	19	137	0.1386861313868613	2	1	1	0.7925	1	0.7925	0.7925	False	0.35	2.09
1	166039513	G	A	FAM78B	Missense_Mutation	195	37	232	0.15948275862068967	2	1	1	0.9113	1	0.9113	0.9113	True	0.35	2.09
1	174652732	C	T	RABGAP1L	Missense_Mutation	95	13	108	0.12037037037037036	2	1	1	0.6878	1	0.6878	0.6878	False	0.35	2.09
1	175306814	T	C	TNR	Silent	33	8	41	0.1951219512195122	2	1	1	1.115	1	1.115	1.0	True	0.35	2.09
1	177245458	C	T	BRINP2	Silent	53	12	65	0.18461538461538463	2	1	1	1.0549	1	1.0549	1.0	True	0.35	2.09
1	178854298	G	A	RALGPS2	Missense_Mutation	93	13	106	0.12264150943396226	2	1	1	0.7008	1	0.7008	0.7008	False	0.35	2.09
1	180897619	C	T	KIAA1614	Missense_Mutation	198	34	232	0.14655172413793102	2	1	1	0.8374	1	0.8374	0.8374	False	0.35	2.09
1	183086469	C	T	LAMC1	Missense_Mutation	72	11	83	0.13253012048192772	2	1	1	0.7573	1	0.7573	0.7573	False	0.35	2.09
1	186022123	T	G	HMCN1	Missense_Mutation	94	22	116	0.1896551724137931	2	1	1	1.0837	1	1.0837	1.0	True	0.35	2.09
1	190129952	A	G	BRINP3	Silent	166	42	208	0.20192307692307693	2	1	1	1.1538	1	1.1538	1.0	True	0.35	2.09
1	197890647	G	A	LHX9	Silent	74	7	81	0.08641975308641975	2	1	1	0.4938	1	0.4938	0.4938	False	0.35	2.09
1	201489303	G	A	RPS10P7	RNA	38	4	42	0.09523809523809523	2	1	1	0.5442	1	0.5442	0.5442	False	0.35	2.09
1	202532034	A	G	PPP1R12B	Missense_Mutation	187	36	223	0.16143497757847533	2	1	1	0.9225	1	0.9225	0.9225	True	0.35	2.09
1	203668687	T	A	ATP2B4	Nonsense_Mutation	202	33	235	0.14042553191489363	2	1	1	0.8024	1	0.8024	0.8024	False	0.35	2.09
1	206858688	G	C	MAPKAPK2	Silent	36	6	42	0.14285714285714285	2	1	1	0.8163	1	0.8163	0.8163	False	0.35	2.09
1	207851614	T	A	CR1L	Missense_Mutation	122	14	136	0.10294117647058823	2	1	1	0.5882	1	0.5882	0.5882	False	0.35	2.09
1	210273768	T	C	SYT14	Missense_Mutation	68	16	84	0.19047619047619047	2	1	1	1.0884	1	1.0884	1.0	True	0.35	2.09
1	220205738	T	G	EPRS	Missense_Mutation	82	19	101	0.18811881188118812	2	1	1	1.075	1	1.075	1.0	True	0.35	2.09
1	220253146	C	T	BPNT1	Missense_Mutation	95	15	110	0.13636363636363635	2	1	1	0.7792	1	0.7792	0.7792	False	0.35	2.09
1	221912436	G	T	DUSP10	Silent	89	17	106	0.16037735849056603	2	1	1	0.9164	1	0.9164	0.9164	True	0.35	2.09
1	222732052	G	A	TAF1A	Missense_Mutation	84	15	99	0.15151515151515152	2	1	1	0.8658	1	0.8658	0.8658	True	0.35	2.09
1	223568232	G	A	C1orf65	Missense_Mutation	61	14	75	0.18666666666666668	2	1	1	1.0667	1	1.0667	1.0	True	0.35	2.09
1	228194794	G	A	WNT3A	5'UTR	13	4	17	0.23529411764705882	2	1	1	1.3445	1	1.3445	1.0	True	0.35	2.09
1	228334618	C	T	GUK1	Missense_Mutation	132	17	149	0.11409395973154363	2	1	1	0.652	1	0.652	0.652	False	0.35	2.09
1	228528510	G	A	OBSCN	Missense_Mutation	19	3	22	0.13636363636363635	2	1	1	0.7792	1	0.7792	0.7792	False	0.35	2.09
1	229772442	A	G	URB2	Silent	352	50	402	0.12437810945273632	2	1	1	0.7107	1	0.7107	0.7107	False	0.35	2.09
1	231954090	C	T	DISC1	Missense_Mutation	142	32	174	0.1839080459770115	2	1	1	1.0509	1	1.0509	1.0	True	0.35	2.09
1	235292061	C	T	TOMM20	5'UTR	183	29	212	0.13679245283018868	2	1	1	0.7817	1	0.7817	0.7817	False	0.35	2.09
1	235884191	T	C	LYST	Silent	136	28	164	0.17073170731707318	2	1	1	0.9756	1	0.9756	0.9756	True	0.35	2.09
1	237026853	C	T	MTR	Nonsense_Mutation	49	8	57	0.14035087719298245	2	1	1	0.802	1	0.802	0.802	False	0.35	2.09
1	237540729	G	A	RYR2	Silent	53	12	65	0.18461538461538463	2	1	1	1.0549	1	1.0549	1.0	True	0.35	2.09
1	237957207	G	A	RYR2	Missense_Mutation	52	14	66	0.21212121212121213	2	1	1	1.2121	1	1.2121	1.0	True	0.35	2.09
1	240370469	C	A	FMN2	Missense_Mutation	110	19	129	0.14728682170542637	2	1	1	0.8416	1	0.8416	0.8416	False	0.35	2.09
1	240371913	G	A	FMN2	Silent	66	17	83	0.20481927710843373	2	1	1	1.1704	1	1.1704	1.0	True	0.35	2.09
1	241667467	A	G	FH	Missense_Mutation	93	15	108	0.1388888888888889	2	1	1	0.7937	1	0.7937	0.7937	False	0.35	2.09
1	243327673	A	T	CEP170	Missense_Mutation	37	7	44	0.1590909090909091	2	1	1	0.9091	1	0.9091	0.9091	True	0.35	2.09
1	243542116	A	C	SDCCAG8	Silent	106	17	123	0.13821138211382114	2	1	1	0.7898	1	0.7898	0.7898	False	0.35	2.09
1	246811064	A	G	CNST	Missense_Mutation	161	35	196	0.17857142857142858	2	1	1	1.0204	1	1.0204	1.0	True	0.35	2.09
1	247062790	C	T	AHCTF1	Missense_Mutation	90	15	105	0.14285714285714285	2	1	1	0.8163	1	0.8163	0.8163	False	0.35	2.09
1	247751729	A	G	OR2G2	Missense_Mutation	135	29	164	0.17682926829268292	2	1	1	1.0105	1	1.0105	1.0	True	0.35	2.09
1	247752185	G	A	OR2G2	Missense_Mutation	140	31	171	0.18128654970760233	2	1	1	1.0359	1	1.0359	1.0	True	0.35	2.09
1	247978944	A	G	OR14A16	Silent	95	19	114	0.16666666666666666	2	1	1	0.9524	1	0.9524	0.9524	True	0.35	2.09
1	248202164	T	G	OR2L2	Missense_Mutation	291	56	347	0.16138328530259366	2	1	1	0.9222	1	0.9222	0.9222	True	0.35	2.09
1	248525492	C	T	OR2T4	Missense_Mutation	263	47	310	0.15161290322580645	2	1	1	0.8664	1	0.8664	0.8664	True	0.35	2.09
1	248569368	C	T	OR2T1	Missense_Mutation	128	23	151	0.152317880794702	2	1	1	0.8704	1	0.8704	0.8704	True	0.35	2.09
2	1652323	C	A	PXDN	Missense_Mutation	55	7	62	0.11290322580645161	2	1	1	0.6452	1	0.6452	0.6452	False	0.35	2.09
2	11052611	G	A	KCNF1	Missense_Mutation	16	4	20	0.2	2	1	1	1.1429	1	1.1429	1.0	True	0.35	2.09
2	11053197	C	T	KCNF1	Silent	68	16	84	0.19047619047619047	2	1	1	1.0884	1	1.0884	1.0	True	0.35	2.09
2	16085828	C	T	MYCN	Missense_Mutation	46	19	65	0.2923076923076923	2	1	1	1.6703	1	1.6703	1.0	True	0.35	2.09
2	21238054	T	G	APOB	Missense_Mutation	117	31	148	0.20945945945945946	2	1	1	1.1969	1	1.1969	1.0	True	0.35	2.09
2	24962359	G	A	NCOA1	Missense_Mutation	117	20	137	0.145985401459854	2	1	1	0.8342	1	0.8342	0.8342	False	0.35	2.09
2	27530383	G	A	UCN	3'UTR	84	19	103	0.18446601941747573	2	1	1	1.0541	1	1.0541	1.0	True	0.35	2.09
2	30998797	C	T	CAPN13	Missense_Mutation	63	16	79	0.20253164556962025	2	1	1	1.1573	1	1.1573	1.0	True	0.35	2.09
2	32688342	G	A	BIRC6	Missense_Mutation	37	11	48	0.22916666666666666	2	1	1	1.3095	1	1.3095	1.0	True	0.35	2.09
2	33568029	G	C	LTBP1	Silent	42	9	51	0.17647058823529413	2	1	1	1.0084	1	1.0084	1.0	True	0.35	2.09
2	36775895	C	T	CRIM1	3'UTR	57	12	69	0.17391304347826086	2	1	1	0.9938	1	0.9938	0.9938	True	0.35	2.09
2	38908522	C	T	GALM	Missense_Mutation	218	39	257	0.1517509727626459	2	1	1	0.8671	1	0.8671	0.8671	True	0.35	2.09
2	48602420	A	G	FOXN2	Silent	66	11	77	0.14285714285714285	2	1	1	0.8163	1	0.8163	0.8163	False	0.35	2.09
2	49210274	G	A	FSHR	Missense_Mutation	58	10	68	0.14705882352941177	2	1	1	0.8403	1	0.8403	0.8403	False	0.35	2.09
2	54856337	G	A	SPTBN1	Missense_Mutation	106	27	133	0.20300751879699247	2	1	1	1.16	1	1.16	1.0	True	0.35	2.09
2	54895586	C	T	SPTBN1	Silent	128	15	143	0.1048951048951049	2	1	1	0.5994	1	0.5994	0.5994	False	0.35	2.09
2	60688902	C	T	BCL11A	Missense_Mutation	179	28	207	0.13526570048309178	2	1	1	0.7729	1	0.7729	0.7729	False	0.35	2.09
2	65305048	T	C	CEP68	Missense_Mutation	71	17	88	0.19318181818181818	2	1	1	1.1039	1	1.1039	1.0	True	0.35	2.09
2	69034514	C	A	ARHGAP25	Silent	95	16	111	0.14414414414414414	2	1	1	0.8237	1	0.8237	0.8237	False	0.35	2.09
2	69748102	G	A	AAK1	Silent	98	23	121	0.19008264462809918	2	1	1	1.0862	1	1.0862	1.0	True	0.35	2.09
2	70922922	G	A	ADD2	Silent	50	16	66	0.24242424242424243	2	1	1	1.3853	1	1.3853	1.0	True	0.35	2.09
2	71708055	C	A	DYSF	Missense_Mutation	65	11	76	0.14473684210526316	2	1	1	0.8271	1	0.8271	0.8271	False	0.35	2.09
2	74513011	T	G	SLC4A5	Missense_Mutation	19	3	22	0.13636363636363635	2	1	1	0.7792	1	0.7792	0.7792	False	0.35	2.09
2	75116469	G	A	HK2	Missense_Mutation	70	14	84	0.16666666666666666	2	1	1	0.9524	1	0.9524	0.9524	True	0.35	2.09
2	79386462	C	A	REG3A	Missense_Mutation	104	18	122	0.14754098360655737	2	1	1	0.8431	1	0.8431	0.8431	False	0.35	2.09
2	96950779	C	T	SNRNP200	Intron	9	3	12	0.25	2	1	1	1.4286	1	1.4286	1.0	True	0.35	2.09
2	97368931	C	T	LMAN2L	3'Flank	66	19	85	0.2235294117647059	2	1	1	1.2773	1	1.2773	1.0	True	0.35	2.09
2	97751467	G	A	FAHD2B	Silent	109	21	130	0.16153846153846155	2	1	1	0.9231	1	0.9231	0.9231	True	0.35	2.09
2	105979823	G	A	FHL2	Missense_Mutation	47	6	53	0.11320754716981132	2	1	1	0.6469	1	0.6469	0.6469	False	0.35	2.09
2	110015388	G	T	SH3RF3	Missense_Mutation	33	5	38	0.13157894736842105	2	1	1	0.7519	1	0.7519	0.7519	False	0.35	2.09
2	112621367	A	G	ANAPC1	Missense_Mutation	97	18	115	0.1565217391304348	2	1	1	0.8944	1	0.8944	0.8944	True	0.35	2.09
2	113820192	C	A	IL36RN	Missense_Mutation	78	20	98	0.20408163265306123	2	1	1	1.1662	1	1.1662	1.0	True	0.35	2.09
2	125192241	G	T	CNTNAP5	Missense_Mutation	28	6	34	0.17647058823529413	2	1	1	1.0084	1	1.0084	1.0	True	0.35	2.09
2	128345990	G	A	MYO7B	Missense_Mutation	39	13	52	0.25	2	1	1	1.4286	1	1.4286	1.0	True	0.35	2.09
2	131704276	C	A	ARHGEF4	Intron	51	12	63	0.19047619047619047	2	1	1	1.0884	1	1.0884	1.0	True	0.35	2.09
2	133540748	A	T	NCKAP5	Missense_Mutation	84	21	105	0.2	2	1	1	1.1429	1	1.1429	1.0	True	0.35	2.09
2	135738531	C	A	MAP3K19	Missense_Mutation	91	9	100	0.09	2	1	1	0.5143	1	0.5143	0.5143	False	0.35	2.09
2	136719000	G	T	DARS	Missense_Mutation	64	16	80	0.2	2	1	1	1.1429	1	1.1429	1.0	True	0.35	2.09
2	145156721	G	A	ZEB2	Missense_Mutation	163	43	206	0.2087378640776699	2	1	1	1.1928	1	1.1928	1.0	True	0.35	2.09
2	152107949	C	T	RBM43	Missense_Mutation	159	32	191	0.16753926701570682	2	1	1	0.9574	1	0.9574	0.9574	True	0.35	2.09
2	164467312	T	C	FIGN	Missense_Mutation	175	23	198	0.11616161616161616	2	1	1	0.6638	1	0.6638	0.6638	False	0.35	2.09
2	166164371	C	G	SCN2A	Missense_Mutation	271	40	311	0.12861736334405144	2	1	1	0.735	1	0.735	0.735	False	0.35	2.09
2	166535566	G	A	CSRNP3	Missense_Mutation	178	37	215	0.17209302325581396	2	1	1	0.9834	1	0.9834	0.9834	True	0.35	2.09
2	170034507	T	C	LRP2	Missense_Mutation	56	15	71	0.2112676056338028	2	1	1	1.2072	1	1.2072	1.0	True	0.35	2.09
2	170592513	C	T	KLHL23	Missense_Mutation	265	54	319	0.16927899686520376	2	1	1	0.9673	1	0.9673	0.9673	True	0.35	2.09
2	172841220	G	T	HAT1	Missense_Mutation	57	9	66	0.13636363636363635	2	1	1	0.7792	1	0.7792	0.7792	False	0.35	2.09
2	173337581	T	C	ITGA6	Intron	178	26	204	0.12745098039215685	2	1	1	0.7283	1	0.7283	0.7283	False	0.35	2.09
2	178977345	C	T	RBM45	Silent	87	25	112	0.22321428571428573	2	1	1	1.2755	1	1.2755	1.0	True	0.35	2.09
2	179400220	A	C	TTN	Missense_Mutation	89	16	105	0.1523809523809524	2	1	1	0.8707	1	0.8707	0.8707	True	0.35	2.09
2	179437337	T	C	TTN	Missense_Mutation	105	28	133	0.21052631578947367	2	1	1	1.203	1	1.203	1.0	True	0.35	2.09
2	179446674	G	C	TTN	Missense_Mutation	99	19	118	0.16101694915254236	2	1	1	0.9201	1	0.9201	0.9201	True	0.35	2.09
2	179454780	C	T	TTN	Missense_Mutation	71	17	88	0.19318181818181818	2	1	1	1.1039	1	1.1039	1.0	True	0.35	2.09
2	179498051	G	A	TTN	Nonsense_Mutation	168	30	198	0.15151515151515152	2	1	1	0.8658	1	0.8658	0.8658	True	0.35	2.09
2	182784165	G	A	SSFA2	Missense_Mutation	202	39	241	0.16182572614107885	2	1	1	0.9247	1	0.9247	0.9247	True	0.35	2.09
2	204309513	A	G	RAPH1	Intron	28	8	36	0.2222222222222222	2	1	1	1.2698	1	1.2698	1.0	True	0.35	2.09
2	206110504	C	T	PARD3B	Missense_Mutation	114	23	137	0.1678832116788321	2	1	1	0.9593	1	0.9593	0.9593	True	0.35	2.09
2	211473216	G	A	CPS1	Missense_Mutation	142	20	162	0.12345679012345678	2	1	1	0.7055	1	0.7055	0.7055	False	0.35	2.09
2	212426794	C	T	ERBB4	Missense_Mutation	92	11	103	0.10679611650485436	2	1	1	0.6103	1	0.6103	0.6103	False	0.35	2.09
2	215835098	T	C	ABCA12	Silent	89	14	103	0.13592233009708737	2	1	1	0.7767	1	0.7767	0.7767	False	0.35	2.09
2	218757703	C	T	TNS1	Silent	78	9	87	0.10344827586206896	2	1	1	0.5911	1	0.5911	0.5911	False	0.35	2.09
2	220136510	T	C	TUBA4B	RNA	114	24	138	0.17391304347826086	2	1	1	0.9938	1	0.9938	0.9938	True	0.35	2.09
2	220329302	G	A	SPEG	Silent	85	9	94	0.09574468085106383	2	1	1	0.5471	1	0.5471	0.5471	False	0.35	2.09
2	220342493	C	A	SPEG	Missense_Mutation	75	12	87	0.13793103448275862	2	1	1	0.7882	1	0.7882	0.7882	False	0.35	2.09
2	220439918	T	C	INHA	Silent	109	27	136	0.19852941176470587	2	1	1	1.1345	1	1.1345	1.0	True	0.35	2.09
2	227662289	G	A	IRS1	Missense_Mutation	107	29	136	0.21323529411764705	2	1	1	1.2185	1	1.2185	1.0	True	0.35	2.09
2	232011035	A	G	PSMD1	Missense_Mutation	152	28	180	0.15555555555555556	2	1	1	0.8889	1	0.8889	0.8889	True	0.35	2.09
2	232390057	C	A	NMUR1	Missense_Mutation	87	21	108	0.19444444444444445	2	1	1	1.1111	1	1.1111	1.0	True	0.35	2.09
2	233321171	C	T	ALPI	Silent	133	24	157	0.15286624203821655	2	1	1	0.8735	1	0.8735	0.8735	True	0.35	2.09
2	233626135	G	A	GIGYF2	Missense_Mutation	59	18	77	0.23376623376623376	2	1	1	1.3358	1	1.3358	1.0	True	0.35	2.09
2	237028961	C	T	AGAP1	Missense_Mutation	116	24	140	0.17142857142857143	2	1	1	0.9796	1	0.9796	0.9796	True	0.35	2.09
2	239344627	G	A	ASB1	Missense_Mutation	39	6	45	0.13333333333333333	2	1	1	0.7619	1	0.7619	0.7619	False	0.35	2.09
3	1424988	G	C	CNTN6	Missense_Mutation	295	63	358	0.17597765363128492	2	1	1	1.0056	1	1.0056	1.0	True	0.35	2.09
3	3195744	A	G	CRBN	Missense_Mutation	71	6	77	0.07792207792207792	2	1	1	0.4453	1	0.4453	0.4453	False	0.35	2.09
3	4747965	G	A	ITPR1	Missense_Mutation	63	13	76	0.17105263157894737	2	1	1	0.9774	1	0.9774	0.9774	True	0.35	2.09
3	6903381	C	T	GRM7	Silent	48	10	58	0.1724137931034483	2	1	1	0.9852	1	0.9852	0.9852	True	0.35	2.09
3	7620324	G	A	GRM7	Silent	169	24	193	0.12435233160621761	2	1	1	0.7106	1	0.7106	0.7106	False	0.35	2.09
3	8809146	G	A	OXTR	Missense_Mutation	27	4	31	0.12903225806451613	2	1	1	0.7373	1	0.7373	0.7373	False	0.35	2.09
3	9883494	A	G	RPUSD3	Intron	10	4	14	0.2857142857142857	2	1	1	1.6327	1	1.6327	1.0	True	0.35	2.09
3	12626102	C	T	RAF1	Missense_Mutation	128	19	147	0.1292517006802721	2	1	1	0.7386	1	0.7386	0.7386	False	0.35	2.09
3	12977365	C	T	IQSEC1	Missense_Mutation	68	10	78	0.1282051282051282	2	1	1	0.7326	1	0.7326	0.7326	False	0.35	2.09
3	12977560	C	T	IQSEC1	Missense_Mutation	96	21	117	0.1794871794871795	2	1	1	1.0256	1	1.0256	1.0	True	0.35	2.09
3	12978120	G	A	IQSEC1	Silent	29	10	39	0.2564102564102564	2	1	1	1.4652	1	1.4652	1.0	True	0.35	2.09
3	16261500	C	T	GALNT15	Silent	226	41	267	0.15355805243445692	2	1	1	0.8775	1	0.8775	0.8775	True	0.35	2.09
3	19575103	C	G	KCNH8	Missense_Mutation	94	18	112	0.16071428571428573	2	1	1	0.9184	1	0.9184	0.9184	True	0.35	2.09
3	19575113	T	G	KCNH8	Missense_Mutation	108	18	126	0.14285714285714285	2	1	1	0.8163	1	0.8163	0.8163	False	0.35	2.09
3	38035424	C	T	VILL	Silent	167	44	211	0.20853080568720378	2	1	1	1.1916	1	1.1916	1.0	True	0.35	2.09
3	38149177	C	T	DLEC1	Silent	66	10	76	0.13157894736842105	2	1	1	0.7519	1	0.7519	0.7519	False	0.35	2.09
3	38173437	T	C	ACAA1	Missense_Mutation	77	11	88	0.125	2	1	1	0.7143	1	0.7143	0.7143	False	0.35	2.09
3	38181390	C	G	MYD88	Missense_Mutation	90	10	100	0.1	2	1	1	0.5714	1	0.5714	0.5714	False	0.35	2.09
3	38739984	C	T	SCN10A	Missense_Mutation	165	29	194	0.14948453608247422	2	1	1	0.8542	1	0.8542	0.8542	True	0.35	2.09
3	39230627	C	T	XIRP1	Missense_Mutation	105	15	120	0.125	2	1	1	0.7143	1	0.7143	0.7143	False	0.35	2.09
3	40557736	T	A	ZNF620	Nonsense_Mutation	115	24	139	0.17266187050359713	2	1	1	0.9866	1	0.9866	0.9866	True	0.35	2.09
3	42701038	G	A	ZBTB47	Silent	29	10	39	0.2564102564102564	2	1	1	1.4652	1	1.4652	1.0	True	0.35	2.09
3	43389492	G	A	SNRK	Missense_Mutation	98	29	127	0.2283464566929134	2	1	1	1.3048	1	1.3048	1.0	True	0.35	2.09
3	44893381	G	T	KIF15	Missense_Mutation	139	34	173	0.19653179190751446	2	1	1	1.123	1	1.123	1.0	True	0.35	2.09
3	45637055	T	C	LIMD1	Silent	90	16	106	0.1509433962264151	2	1	1	0.8625	1	0.8625	0.8625	True	0.35	2.09
3	46415362	C	T	CCR5	Silent	157	38	195	0.19487179487179487	2	1	1	1.1136	1	1.1136	1.0	True	0.35	2.09
3	46754421	C	T	PRSS50	Silent	224	40	264	0.15151515151515152	2	1	1	0.8658	1	0.8658	0.8658	True	0.35	2.09
3	46871956	C	T	PRSS42	Missense_Mutation	26	10	36	0.2777777777777778	2	1	1	1.5873	1	1.5873	1.0	True	0.35	2.09
3	46901099	G	T	MYL3	Missense_Mutation	197	38	235	0.16170212765957448	2	1	1	0.924	1	0.924	0.924	True	0.35	2.09
3	47537654	C	T	ELP6	Missense_Mutation	87	13	100	0.13	2	1	1	0.7429	1	0.7429	0.7429	False	0.35	2.09
3	48699463	G	A	CELSR3	Missense_Mutation	244	50	294	0.17006802721088435	2	1	1	0.9718	1	0.9718	0.9718	True	0.35	2.09
3	49459831	A	G	AMT	Missense_Mutation	63	10	73	0.136986301369863	2	1	1	0.7828	1	0.7828	0.7828	False	0.35	2.09
3	49947673	G	A	MON1A	Missense_Mutation	70	12	82	0.14634146341463414	2	1	1	0.8362	1	0.8362	0.8362	False	0.35	2.09
3	52740186	T	G	SPCS1	Missense_Mutation	5	12	17	0.7058823529411765	2	1	1	4.0336	1	4.0336	1.0	True	0.35	2.09
3	52741730	C	T	SPCS1	Missense_Mutation	195	41	236	0.17372881355932204	2	1	1	0.9927	1	0.9927	0.9927	True	0.35	2.09
3	52962274	G	A	SFMBT1	Silent	143	34	177	0.192090395480226	2	1	1	1.0977	1	1.0977	1.0	True	0.35	2.09
3	55922464	G	A	ERC2	Silent	214	36	250	0.144	2	1	1	0.8229	1	0.8229	0.8229	False	0.35	2.09
3	58817526	T	G	C3orf67	Missense_Mutation	91	16	107	0.14953271028037382	2	1	1	0.8545	1	0.8545	0.8545	True	0.35	2.09
3	68802150	T	G	FAM19A4	Missense_Mutation	56	8	64	0.125	2	1	1	0.7143	1	0.7143	0.7143	False	0.35	2.09
3	69077434	T	A	TMF1	Missense_Mutation	59	6	65	0.09230769230769231	2	1	1	0.5275	1	0.5275	0.5275	False	0.35	2.09
3	69168250	A	G	LMOD3	Missense_Mutation	98	27	125	0.216	2	1	1	1.2343	1	1.2343	1.0	True	0.35	2.09
3	71804103	C	T	GPR27	Silent	49	11	60	0.18333333333333332	2	1	1	1.0476	1	1.0476	1.0	True	0.35	2.09
3	72428231	T	C	RYBP	Missense_Mutation	116	23	139	0.16546762589928057	2	1	1	0.9455	1	0.9455	0.9455	True	0.35	2.09
3	77147246	C	T	ROBO2	Missense_Mutation	48	8	56	0.14285714285714285	2	1	1	0.8163	1	0.8163	0.8163	False	0.35	2.09
3	95374406	T	C	MTHFD2P1	RNA	117	16	133	0.12030075187969924	2	1	1	0.6874	1	0.6874	0.6874	False	0.35	2.09
3	97686125	A	G	MINA	Missense_Mutation	528	76	604	0.12582781456953643	2	1	1	0.719	1	0.719	0.719	False	0.35	2.09
3	97852335	C	T	OR5H1	Missense_Mutation	134	25	159	0.15723270440251572	2	1	1	0.8985	1	0.8985	0.8985	True	0.35	2.09
3	99569707	A	G	FILIP1L	Silent	333	64	397	0.16120906801007556	2	1	1	0.9212	1	0.9212	0.9212	True	0.35	2.09
3	107491837	C	T	BBX	Silent	188	28	216	0.12962962962962962	2	1	1	0.7407	1	0.7407	0.7407	False	0.35	2.09
3	108124288	G	A	MYH15	Missense_Mutation	45	10	55	0.18181818181818182	2	1	1	1.039	1	1.039	1.0	True	0.35	2.09
3	108129761	T	A	MYH15	Missense_Mutation	34	3	37	0.08108108108108109	2	1	1	0.4633	1	0.4633	0.4633	False	0.35	2.09
3	113723471	G	A	KIAA1407	Intron	199	42	241	0.17427385892116182	2	1	1	0.9959	1	0.9959	0.9959	True	0.35	2.09
3	115561349	C	T	LSAMP	Silent	49	9	58	0.15517241379310345	2	1	1	0.8867	1	0.8867	0.8867	True	0.35	2.09
3	118943093	C	A	B4GALT4	Splice_Site	44	10	54	0.18518518518518517	2	1	1	1.0582	1	1.0582	1.0	True	0.35	2.09
3	119133473	G	A	ARHGAP31	Silent	177	9	186	0.04838709677419355	2	1	1	0.2765	1	0.2765	0.2765	False	0.35	2.09
3	119187814	G	T	POGLUT1	5'UTR	6	5	11	0.45454545454545453	2	1	1	2.5974	1	2.5974	1.0	True	0.35	2.09
3	119466108	C	T	MAATS1	Silent	116	13	129	0.10077519379844961	2	1	1	0.5759	1	0.5759	0.5759	False	0.35	2.09
3	119887170	C	A	GPR156	Missense_Mutation	106	17	123	0.13821138211382114	2	1	1	0.7898	1	0.7898	0.7898	False	0.35	2.09
3	122471515	A	G	HSPBAP1	Missense_Mutation	49	7	56	0.125	2	1	1	0.7143	1	0.7143	0.7143	False	0.35	2.09
3	124811006	A	G	SLC12A8	Missense_Mutation	112	7	119	0.058823529411764705	2	1	1	0.3361	1	0.3361	0.3361	False	0.35	2.09
3	125266321	G	A	OSBPL11	Silent	140	34	174	0.19540229885057472	2	1	1	1.1166	1	1.1166	1.0	True	0.35	2.09
3	125691012	G	A	ROPN1B	Missense_Mutation	70	18	88	0.20454545454545456	2	1	1	1.1688	1	1.1688	1.0	True	0.35	2.09
3	126707946	G	A	PLXNA1	Silent	51	9	60	0.15	2	1	1	0.8571	1	0.8571	0.8571	True	0.35	2.09
3	126735448	C	A	PLXNA1	Missense_Mutation	112	24	136	0.17647058823529413	2	1	1	1.0084	1	1.0084	1.0	True	0.35	2.09
3	128809965	C	T	RAB43	Missense_Mutation	51	7	58	0.1206896551724138	2	1	1	0.6897	1	0.6897	0.6897	False	0.35	2.09
3	129251458	C	T	RHO	Missense_Mutation	73	18	91	0.1978021978021978	2	1	1	1.1303	1	1.1303	1.0	True	0.35	2.09
3	131082241	G	C	NUDT16P1	RNA	38	6	44	0.13636363636363635	2	1	1	0.7792	1	0.7792	0.7792	False	0.35	2.09
3	136287655	C	T	STAG1	Missense_Mutation	45	5	50	0.1	3	2	1	0.6714	1	0.6714	0.6714	False	0.35	2.09
3	138193142	C	T	ESYT3	Missense_Mutation	118	40	158	0.25316455696202533	3	2	1	1.6998	2	0.8499	0.8499	False	0.35	2.09
3	139279984	C	A	NMNAT3	Missense_Mutation	148	17	165	0.10303030303030303	3	2	1	0.6918	1	0.6918	0.6918	False	0.35	2.09
3	140409957	A	C	TRIM42	Missense_Mutation	192	25	217	0.1152073732718894	3	2	1	0.7735	1	0.7735	0.7735	False	0.35	2.09
3	141162696	C	A	ZBTB38	Missense_Mutation	144	20	164	0.12195121951219512	3	2	1	0.8188	1	0.8188	0.8188	False	0.35	2.09
3	141497087	C	A	GRK7	5'UTR	113	16	129	0.12403100775193798	3	2	1	0.8328	1	0.8328	0.8328	False	0.35	2.09
3	141497111	C	T	GRK7	5'UTR	153	20	173	0.11560693641618497	3	2	1	0.7762	1	0.7762	0.7762	False	0.35	2.09
3	142539750	C	T	PCOLCE2	Missense_Mutation	82	28	110	0.2545454545454545	3	2	1	1.7091	2	0.8545	0.8545	True	0.35	2.09
3	142773855	C	T	U2SURP	Missense_Mutation	33	7	40	0.175	3	2	1	1.175	1	1.175	1.0	True	0.35	2.09
3	143691683	G	A	C3orf58	Missense_Mutation	7	6	13	0.46153846153846156	3	2	1	3.0989	2	1.5495	1.0	True	0.35	2.09
3	147130423	C	T	ZIC1	Silent	190	26	216	0.12037037037037036	3	2	1	0.8082	1	0.8082	0.8082	False	0.35	2.09
3	148459562	T	C	AGTR1	Missense_Mutation	108	15	123	0.12195121951219512	3	2	1	0.8188	1	0.8188	0.8188	False	0.35	2.09
3	148741865	C	T	GYG1	Missense_Mutation	92	13	105	0.12380952380952381	3	2	1	0.8313	1	0.8313	0.8313	False	0.35	2.09
3	150128715	T	C	TSC22D2	Silent	87	21	108	0.19444444444444445	3	2	1	1.3056	1	1.3056	1.0	True	0.35	2.09
3	150176387	G	A	TSC22D2	Silent	207	10	217	0.04608294930875576	3	2	1	0.3094	1	0.3094	0.3094	False	0.35	2.09
3	151105776	G	A	MED12L	Missense_Mutation	86	13	99	0.13131313131313133	3	2	1	0.8817	1	0.8817	0.8817	True	0.35	2.09
3	152163087	A	G	MBNL1	Missense_Mutation	92	14	106	0.1320754716981132	3	2	1	0.8868	1	0.8868	0.8868	True	0.35	2.09
3	152553529	C	T	P2RY1	5'UTR	30	8	38	0.21052631578947367	3	2	1	1.4135	1	1.4135	1.0	True	0.35	2.09
3	153220306	G	A	C3orf79	3'UTR	124	11	135	0.08148148148148149	3	2	1	0.5471	1	0.5471	0.5471	False	0.35	2.09
3	155652816	T	C	GMPS	Silent	339	45	384	0.1171875	3	2	1	0.7868	1	0.7868	0.7868	False	0.35	2.09
3	156009716	G	A	KCNAB1	Intron	124	18	142	0.1267605633802817	3	2	1	0.8511	1	0.8511	0.8511	True	0.35	2.09
3	156009905	G	A	KCNAB1	Intron	60	7	67	0.1044776119402985	3	2	1	0.7015	1	0.7015	0.7015	False	0.35	2.09
3	156232930	G	A	KCNAB1	Silent	123	28	151	0.18543046357615894	3	2	1	1.245	1	1.245	1.0	True	0.35	2.09
3	157081510	C	T	VEPH1	Missense_Mutation	132	31	163	0.1901840490797546	3	2	1	1.277	1	1.277	1.0	True	0.35	2.09
3	164905717	C	T	SLITRK3	Missense_Mutation	258	35	293	0.11945392491467577	3	2	1	0.802	1	0.802	0.802	False	0.35	2.09
3	169486125	G	A	ACTRT3	Missense_Mutation	77	14	91	0.15384615384615385	3	2	1	1.033	1	1.033	1.0	True	0.35	2.09
3	169710494	G	A	SEC62	Silent	162	28	190	0.14736842105263157	3	2	1	0.9895	1	0.9895	0.9895	True	0.35	2.09
3	169710750	A	G	SEC62	Missense_Mutation	60	10	70	0.14285714285714285	3	2	1	0.9592	1	0.9592	0.9592	True	0.35	2.09
3	172525679	C	T	ECT2	Nonsense_Mutation	86	22	108	0.2037037037037037	3	2	1	1.3677	1	1.3677	1.0	True	0.35	2.09
3	183858392	C	T	EIF2B5	Nonsense_Mutation	158	30	188	0.1595744680851064	2	1	1	0.9119	1	0.9119	0.9119	True	0.35	2.09
3	186362568	C	T	FETUB	Silent	212	23	235	0.09787234042553192	2	1	1	0.5593	1	0.5593	0.5593	False	0.35	2.09
3	187088874	G	T	RTP4	Missense_Mutation	73	15	88	0.17045454545454544	2	1	1	0.974	1	0.974	0.974	True	0.35	2.09
3	187447070	A	G	BCL6	Missense_Mutation	509	95	604	0.15728476821192053	2	1	1	0.8988	1	0.8988	0.8988	True	0.35	2.09
3	189608582	T	A	TP63	Missense_Mutation	50	7	57	0.12280701754385964	2	1	1	0.7018	1	0.7018	0.7018	False	0.35	2.09
3	194366918	C	T	LSG1	Missense_Mutation	214	41	255	0.1607843137254902	2	1	1	0.9188	1	0.9188	0.9188	True	0.35	2.09
3	197408014	G	T	KIAA0226	Missense_Mutation	91	19	110	0.17272727272727273	2	1	1	0.987	1	0.987	0.987	True	0.35	2.09
4	509785	G	A	PIGG	Missense_Mutation	177	7	184	0.03804347826086957	2	1	1	0.2174	1	0.2174	0.2174	False	0.35	2.09
4	887712	T	C	GAK	Missense_Mutation	65	6	71	0.08450704225352113	2	1	1	0.4829	1	0.4829	0.4829	False	0.35	2.09
4	946218	A	G	TMEM175	Missense_Mutation	224	51	275	0.18545454545454546	2	1	1	1.0597	1	1.0597	1.0	True	0.35	2.09
4	2172859	C	T	POLN	Missense_Mutation	138	22	160	0.1375	2	1	1	0.7857	1	0.7857	0.7857	False	0.35	2.09
4	4389450	G	A	NSG1	Missense_Mutation	132	13	145	0.0896551724137931	2	1	1	0.5123	1	0.5123	0.5123	False	0.35	2.09
4	6596373	C	T	MAN2B2	Missense_Mutation	50	10	60	0.16666666666666666	2	1	1	0.9524	1	0.9524	0.9524	True	0.35	2.09
4	8229061	G	A	SH3TC1	Missense_Mutation	26	8	34	0.23529411764705882	2	1	1	1.3445	1	1.3445	1.0	True	0.35	2.09
4	26491091	A	G	CCKAR	Missense_Mutation	118	25	143	0.17482517482517482	2	1	1	0.999	1	0.999	0.999	True	0.35	2.09
4	47559905	C	T	ATP10D	Silent	106	21	127	0.16535433070866143	2	1	1	0.9449	1	0.9449	0.9449	True	0.35	2.09
4	54424173	T	C	LNX1	Intron	25	6	31	0.1935483870967742	2	1	1	1.106	1	1.106	1.0	True	0.35	2.09
4	55981455	A	C	KDR	Missense_Mutation	70	11	81	0.13580246913580246	2	1	1	0.776	1	0.776	0.776	False	0.35	2.09
4	56336882	A	G	CLOCK	Splice_Site	87	14	101	0.13861386138613863	2	1	1	0.7921	1	0.7921	0.7921	False	0.35	2.09
4	57522176	G	A	HOPX	Silent	22	5	27	0.18518518518518517	2	1	1	1.0582	1	1.0582	1.0	True	0.35	2.09
4	68699069	A	G	TMPRSS11D	Missense_Mutation	273	47	320	0.146875	2	1	1	0.8393	1	0.8393	0.8393	False	0.35	2.09
4	71467311	A	G	AMBN	Silent	150	29	179	0.16201117318435754	2	1	1	0.9258	1	0.9258	0.9258	True	0.35	2.09
4	71532173	G	A	IGJ	Missense_Mutation	100	13	113	0.11504424778761062	2	1	1	0.6574	1	0.6574	0.6574	False	0.35	2.09
4	77292635	G	A	CCDC158	Missense_Mutation	63	16	79	0.20253164556962025	2	1	1	1.1573	1	1.1573	1.0	True	0.35	2.09
4	77692019	G	A	SHROOM3	Missense_Mutation	162	34	196	0.17346938775510204	2	1	1	0.9913	1	0.9913	0.9913	True	0.35	2.09
4	81124621	C	A	PRDM8	Missense_Mutation	40	5	45	0.1111111111111111	2	1	1	0.6349	1	0.6349	0.6349	False	0.35	2.09
4	83996609	G	T	COPS4	3'UTR	98	18	116	0.15517241379310345	2	1	1	0.8867	1	0.8867	0.8867	True	0.35	2.09
4	87968052	C	A	AFF1	Missense_Mutation	118	26	144	0.18055555555555555	2	1	1	1.0317	1	1.0317	1.0	True	0.35	2.09
4	89020553	C	T	ABCG2	Missense_Mutation	103	23	126	0.18253968253968253	2	1	1	1.0431	1	1.0431	1.0	True	0.35	2.09
4	110223091	G	A	COL25A1	Missense_Mutation	111	19	130	0.14615384615384616	2	1	1	0.8352	1	0.8352	0.8352	False	0.35	2.09
4	110608797	C	T	CCDC109B	3'UTR	31	5	36	0.1388888888888889	2	1	1	0.7937	1	0.7937	0.7937	False	0.35	2.09
4	114161659	C	A	ANK2	Missense_Mutation	124	19	143	0.13286713286713286	2	1	1	0.7592	1	0.7592	0.7592	False	0.35	2.09
4	114274836	C	T	ANK2	Nonsense_Mutation	119	13	132	0.09848484848484848	2	1	1	0.5628	1	0.5628	0.5628	False	0.35	2.09
4	121958509	T	C	NDNF	Missense_Mutation	203	44	247	0.17813765182186234	2	1	1	1.0179	1	1.0179	1.0	True	0.35	2.09
4	122254150	G	T	QRFPR	Missense_Mutation	141	26	167	0.15568862275449102	2	1	1	0.8896	1	0.8896	0.8896	True	0.35	2.09
4	134072535	A	C	PCDH10	Missense_Mutation	302	43	345	0.1246376811594203	2	1	1	0.7122	1	0.7122	0.7122	False	0.35	2.09
4	134072536	C	A	PCDH10	Missense_Mutation	304	44	348	0.12643678160919541	2	1	1	0.7225	1	0.7225	0.7225	False	0.35	2.09
4	146563587	G	A	MMAA	Missense_Mutation	317	48	365	0.13150684931506848	2	1	1	0.7515	1	0.7515	0.7515	False	0.35	2.09
4	154702668	G	A	SFRP2	Missense_Mutation	86	15	101	0.1485148514851485	2	1	1	0.8487	1	0.8487	0.8487	False	0.35	2.09
4	156135999	A	G	NPY2R	Missense_Mutation	59	11	70	0.15714285714285714	2	1	1	0.898	1	0.898	0.898	True	0.35	2.09
4	166910643	G	T	TLL1	Missense_Mutation	96	27	123	0.21951219512195122	2	1	1	1.2544	1	1.2544	1.0	True	0.35	2.09
4	170618478	T	C	CLCN3	Missense_Mutation	184	55	239	0.2301255230125523	2	1	1	1.315	1	1.315	1.0	True	0.35	2.09
5	205288	G	A	CCDC127	3'UTR	8	4	12	0.3333333333333333	3	2	1	2.2381	2	1.119	1.0	True	0.35	2.09
5	482225	G	A	SLC9A3	Silent	48	7	55	0.12727272727272726	3	2	1	0.8545	1	0.8545	0.8545	True	0.35	2.09
5	850499	G	A	ZDHHC11	Silent	50	28	78	0.358974358974359	3	2	1	2.4103	2	1.2051	1.0	True	0.35	2.09
5	1076887	G	A	SLC12A7	Missense_Mutation	125	23	148	0.1554054054054054	3	3	1	1.0434	1	1.0434	1.0	True	0.35	2.09
5	1294623	C	T	TERT	Silent	26	4	30	0.13333333333333333	3	3	1	0.8952	1	0.8952	0.8952	True	0.35	2.09
5	3599882	G	A	IRX1	Missense_Mutation	23	3	26	0.11538461538461539	3	3	1	0.7747	1	0.7747	0.7747	False	0.35	2.09
5	5239385	A	G	ADAMTS16	Missense_Mutation	184	21	205	0.1024390243902439	3	3	1	0.6878	1	0.6878	0.6878	False	0.35	2.09
5	9066627	G	T	SEMA5A	Silent	244	30	274	0.10948905109489052	3	3	1	0.7351	1	0.7351	0.7351	False	0.35	2.09
5	13754314	A	G	DNAH5	Missense_Mutation	265	28	293	0.09556313993174062	4	3	1	0.7372	1	0.7372	0.7372	False	0.35	2.09
5	14507244	C	T	TRIO	Missense_Mutation	56	32	88	0.36363636363636365	4	3	1	2.8052	3	0.9351	0.9351	True	0.35	2.09
5	21802471	T	C	CDH12	Missense_Mutation	118	21	139	0.1510791366906475	4	3	1	1.1655	1	1.1655	1.0	True	0.35	2.09
5	23521189	G	A	PRDM9	Missense_Mutation	99	46	145	0.31724137931034485	4	3	1	2.4473	2	1.2236	1.0	True	0.35	2.09
5	33459936	C	T	TARS	Missense_Mutation	110	69	179	0.3854748603351955	4	3	1	2.9737	3	0.9912	0.9912	True	0.35	2.09
5	34867166	T	G	TTC23L	Missense_Mutation	29	7	36	0.19444444444444445	4	3	1	1.5	2	0.75	0.75	False	0.35	2.09
5	36143484	A	G	LMBRD2	5'UTR	53	33	86	0.38372093023255816	4	3	1	2.9601	3	0.9867	0.9867	True	0.35	2.09
5	37294516	A	G	NUP155	Missense_Mutation	77	7	84	0.08333333333333333	4	3	1	0.6429	1	0.6429	0.6429	False	0.35	2.09
5	38502900	C	T	LIFR	Missense_Mutation	22	7	29	0.2413793103448276	4	3	1	1.8621	2	0.931	0.931	True	0.35	2.09
5	41807470	C	T	OXCT1	Missense_Mutation	95	8	103	0.07766990291262135	4	3	1	0.5992	1	0.5992	0.5992	False	0.35	2.09
5	43161649	G	T	ZNF131	Missense_Mutation	114	18	132	0.13636363636363635	4	3	1	1.0519	1	1.0519	1.0	True	0.35	2.09
5	53814787	G	A	SNX18	Silent	60	9	69	0.13043478260869565	2	1	1	0.7453	1	0.7453	0.7453	False	0.35	2.09
5	65350485	G	A	ERBB2IP	Silent	90	13	103	0.1262135922330097	2	1	1	0.7212	1	0.7212	0.7212	False	0.35	2.09
5	66461169	G	A	MAST4	Silent	83	11	94	0.11702127659574468	2	1	1	0.6687	1	0.6687	0.6687	False	0.35	2.09
5	79025878	T	G	CMYA5	Silent	85	20	105	0.19047619047619047	2	1	1	1.0884	1	1.0884	1.0	True	0.35	2.09
5	79027433	T	C	CMYA5	Missense_Mutation	112	24	136	0.17647058823529413	2	1	1	1.0084	1	1.0084	1.0	True	0.35	2.09
5	79029547	T	C	CMYA5	Silent	104	17	121	0.14049586776859505	2	1	1	0.8028	1	0.8028	0.8028	False	0.35	2.09
5	83239319	T	C	EDIL3	Silent	101	19	120	0.15833333333333333	2	1	1	0.9048	1	0.9048	0.9048	True	0.35	2.09
5	96232522	C	T	ERAP2	Silent	127	17	144	0.11805555555555555	2	1	1	0.6746	1	0.6746	0.6746	False	0.35	2.09
5	108523207	A	G	FER	Silent	84	9	93	0.0967741935483871	2	1	1	0.553	1	0.553	0.553	False	0.35	2.09
5	112178211	C	T	APC	Missense_Mutation	109	22	131	0.16793893129770993	2	1	1	0.9597	1	0.9597	0.9597	True	0.35	2.09
5	118556667	A	G	DMXL1	Missense_Mutation	80	14	94	0.14893617021276595	2	1	1	0.8511	1	0.8511	0.8511	True	0.35	2.09
5	130939000	C	A	RAPGEF6	Missense_Mutation	139	19	158	0.12025316455696203	2	1	1	0.6872	1	0.6872	0.6872	False	0.35	2.09
5	131607542	C	T	PDLIM4	Silent	44	14	58	0.2413793103448276	2	1	1	1.3793	1	1.3793	1.0	True	0.35	2.09
5	133304225	C	T	C5orf15	Silent	22	4	26	0.15384615384615385	2	1	1	0.8791	1	0.8791	0.8791	True	0.35	2.09
5	138650379	A	G	MATR3	Missense_Mutation	98	21	119	0.17647058823529413	2	1	1	1.0084	1	1.0084	1.0	True	0.35	2.09
5	139231224	G	A	NRG2	Silent	128	26	154	0.16883116883116883	2	1	1	0.9647	1	0.9647	0.9647	True	0.35	2.09
5	139942072	G	A	APBB3	Missense_Mutation	326	49	375	0.13066666666666665	2	1	1	0.7467	1	0.7467	0.7467	False	0.35	2.09
5	140056256	C	T	HARS	Missense_Mutation	280	41	321	0.1277258566978193	2	1	1	0.7299	1	0.7299	0.7299	False	0.35	2.09
5	140229932	G	A	PCDHA9	Missense_Mutation	171	38	209	0.18181818181818182	2	1	1	1.039	1	1.039	1.0	True	0.35	2.09
5	140348878	C	A	PCDHAC2	Missense_Mutation	61	14	75	0.18666666666666668	2	1	1	1.0667	1	1.0667	1.0	True	0.35	2.09
5	140553092	G	A	PCDHB7	Missense_Mutation	96	19	115	0.16521739130434782	2	1	1	0.9441	1	0.9441	0.9441	True	0.35	2.09
5	140581696	T	C	PCDHB11	Silent	79	19	98	0.19387755102040816	2	1	1	1.1079	1	1.1079	1.0	True	0.35	2.09
5	140605247	C	T	PCDHB14	Missense_Mutation	325	51	376	0.1356382978723404	2	1	1	0.7751	1	0.7751	0.7751	False	0.35	2.09
5	140616129	A	G	PCDHB18	RNA	106	21	127	0.16535433070866143	2	1	1	0.9449	1	0.9449	0.9449	True	0.35	2.09
5	140720764	C	T	PCDHGA2	Silent	184	44	228	0.19298245614035087	2	1	1	1.1028	1	1.1028	1.0	True	0.35	2.09
5	140794641	G	A	PCDHGA10	Silent	172	29	201	0.14427860696517414	2	1	1	0.8244	1	0.8244	0.8244	False	0.35	2.09
5	148619447	C	T	ABLIM3	Silent	158	19	177	0.10734463276836158	2	1	1	0.6134	1	0.6134	0.6134	False	0.35	2.09
5	149681757	G	A	ARSI	Silent	69	16	85	0.18823529411764706	2	1	1	1.0756	1	1.0756	1.0	True	0.35	2.09
5	150276528	C	T	ZNF300	Silent	47	6	53	0.11320754716981132	2	1	1	0.6469	1	0.6469	0.6469	False	0.35	2.09
5	156479604	G	T	HAVCR1	Missense_Mutation	576	95	671	0.14157973174366617	2	1	1	0.809	1	0.809	0.809	False	0.35	2.09
5	156721849	T	G	CYFIP2	Intron	60	8	68	0.11764705882352941	2	1	1	0.6723	1	0.6723	0.6723	False	0.35	2.09
5	158749469	G	A	IL12B	Missense_Mutation	75	14	89	0.15730337078651685	2	1	1	0.8989	1	0.8989	0.8989	True	0.35	2.09
5	161495078	G	A	GABRG2	Missense_Mutation	109	6	115	0.05217391304347826	2	1	1	0.2981	1	0.2981	0.2981	False	0.35	2.09
5	176721436	C	T	NSD1	Missense_Mutation	80	10	90	0.1111111111111111	2	1	1	0.6349	1	0.6349	0.6349	False	0.35	2.09
5	176721771	C	T	NSD1	Missense_Mutation	84	11	95	0.11578947368421053	2	1	1	0.6617	1	0.6617	0.6617	False	0.35	2.09
5	176827207	G	A	PFN3	Missense_Mutation	75	15	90	0.16666666666666666	2	1	1	0.9524	1	0.9524	0.9524	True	0.35	2.09
5	176868759	G	A	GRK6	Silent	136	22	158	0.13924050632911392	2	1	1	0.7957	1	0.7957	0.7957	False	0.35	2.09
5	179545688	G	A	RASGEF1C	Missense_Mutation	115	22	137	0.16058394160583941	2	1	1	0.9176	1	0.9176	0.9176	True	0.35	2.09
5	179563481	T	C	RASGEF1C	Missense_Mutation	13	3	16	0.1875	2	1	1	1.0714	1	1.0714	1.0	True	0.35	2.09
5	180048230	C	T	FLT4	Silent	98	11	109	0.10091743119266056	2	1	1	0.5767	1	0.5767	0.5767	False	0.35	2.09
5	180661840	G	A	TRIM41	3'UTR	81	18	99	0.18181818181818182	2	1	1	1.039	1	1.039	1.0	True	0.35	2.09
6	656447	C	T	HUS1B	Silent	271	60	331	0.18126888217522658	2	1	1	1.0358	1	1.0358	1.0	True	0.35	2.09
6	6007086	C	T	NRN1	5'UTR	21	7	28	0.25	2	1	1	1.4286	1	1.4286	1.0	True	0.35	2.09
6	7559542	G	A	DSP	Missense_Mutation	225	30	255	0.11764705882352941	2	1	1	0.6723	1	0.6723	0.6723	False	0.35	2.09
6	10882042	G	A	GCM2	5'UTR	74	14	88	0.1590909090909091	2	1	1	0.9091	1	0.9091	0.9091	True	0.35	2.09
6	10990652	T	C	ELOVL2	Missense_Mutation	103	9	112	0.08035714285714286	2	1	1	0.4592	1	0.4592	0.4592	False	0.35	2.09
6	24437410	T	G	GPLD1	Missense_Mutation	138	21	159	0.1320754716981132	2	1	0	0.7547	1	0.7547	0.7547	False	0.35	2.09
6	24445781	A	G	GPLD1	Silent	74	17	91	0.18681318681318682	2	1	0	1.0675	1	1.0675	1.0	True	0.35	2.09
6	26370798	G	A	BTN3A2	Missense_Mutation	164	46	210	0.21904761904761905	2	1	0	1.2517	1	1.2517	1.0	True	0.35	2.09
6	30883933	T	C	VARS2	Missense_Mutation	114	18	132	0.13636363636363635	2	1	0	0.7792	1	0.7792	0.7792	False	0.35	2.09
6	31922410	G	A	NELFE	Missense_Mutation	34	7	41	0.17073170731707318	2	1	1	0.9756	1	0.9756	0.9756	True	0.35	2.09
6	32157508	G	A	PBX2	Missense_Mutation	85	22	107	0.205607476635514	2	1	1	1.1749	1	1.1749	1.0	True	0.35	2.09
6	33245588	A	G	B3GALT4	Missense_Mutation	192	32	224	0.14285714285714285	2	1	1	0.8163	1	0.8163	0.8163	False	0.35	2.09
6	33409508	C	T	SYNGAP1	Nonsense_Mutation	73	15	88	0.17045454545454544	2	1	1	0.974	1	0.974	0.974	True	0.35	2.09
6	35392429	G	A	PPARD	Silent	56	10	66	0.15151515151515152	2	1	1	0.8658	1	0.8658	0.8658	True	0.35	2.09
6	36651917	C	T	CDKN1A	Silent	52	8	60	0.13333333333333333	2	1	1	0.7619	1	0.7619	0.7619	False	0.35	2.09
6	39158873	G	A	KCNK5	Silent	52	11	63	0.1746031746031746	2	1	1	0.9977	1	0.9977	0.9977	True	0.35	2.09
6	41774562	C	T	USP49	Missense_Mutation	241	43	284	0.15140845070422534	2	1	1	0.8652	1	0.8652	0.8652	True	0.35	2.09
6	43017368	G	A	CUL7	Silent	120	23	143	0.16083916083916083	2	1	1	0.9191	1	0.9191	0.9191	True	0.35	2.09
6	43194124	G	A	DNPH1	Missense_Mutation	35	10	45	0.2222222222222222	2	1	1	1.2698	1	1.2698	1.0	True	0.35	2.09
6	43418891	T	A	DLK2	Missense_Mutation	58	12	70	0.17142857142857143	2	1	1	0.9796	1	0.9796	0.9796	True	0.35	2.09
6	44224191	C	T	SLC35B2	Missense_Mutation	105	24	129	0.18604651162790697	2	1	1	1.0631	1	1.0631	1.0	True	0.35	2.09
6	46797161	C	T	MEP1A	Missense_Mutation	229	42	271	0.15498154981549817	2	1	1	0.8856	1	0.8856	0.8856	True	0.35	2.09
6	49425419	A	T	MUT	Missense_Mutation	43	8	51	0.1568627450980392	2	1	1	0.8964	1	0.8964	0.8964	True	0.35	2.09
6	49928136	C	T	DEFB114	Missense_Mutation	82	13	95	0.1368421052631579	2	1	1	0.782	1	0.782	0.782	False	0.35	2.09
6	51612919	C	T	PKHD1	Silent	317	35	352	0.09943181818181818	2	1	1	0.5682	1	0.5682	0.5682	False	0.35	2.09
6	52268246	G	A	PAQR8	Missense_Mutation	174	11	185	0.05945945945945946	2	1	1	0.3398	1	0.3398	0.3398	False	0.35	2.09
6	55638912	C	T	BMP5	Missense_Mutation	151	21	172	0.12209302325581395	2	1	1	0.6977	1	0.6977	0.6977	False	0.35	2.09
6	62687976	C	T	KHDRBS2	Missense_Mutation	120	12	132	0.09090909090909091	2	1	1	0.5195	1	0.5195	0.5195	False	0.35	2.09
6	66204602	A	G	EYS	Silent	15	7	22	0.3181818181818182	2	1	1	1.8182	1	1.8182	1.0	True	0.35	2.09
6	71009815	A	G	COL9A1	Missense_Mutation	70	9	79	0.11392405063291139	2	1	1	0.651	1	0.651	0.651	False	0.35	2.09
6	71998699	C	T	OGFRL1	Silent	25	3	28	0.10714285714285714	2	1	1	0.6122	1	0.6122	0.6122	False	0.35	2.09
6	76744488	T	C	IMPG1	Silent	89	8	97	0.08247422680412371	2	1	1	0.4713	1	0.4713	0.4713	False	0.35	2.09
6	83074849	G	A	TPBG	Silent	21	7	28	0.25	2	1	1	1.4286	1	1.4286	1.0	True	0.35	2.09
6	83847420	C	T	DOPEY1	Missense_Mutation	152	19	171	0.1111111111111111	2	1	1	0.6349	1	0.6349	0.6349	False	0.35	2.09
6	90442374	A	G	MDN1	Missense_Mutation	194	22	216	0.10185185185185185	2	1	1	0.582	1	0.582	0.582	False	0.35	2.09
6	90575882	G	A	CASP8AP2	RNA	29	8	37	0.21621621621621623	2	1	1	1.2355	1	1.2355	1.0	True	0.35	2.09
6	90575909	A	C	CASP8AP2	RNA	26	3	29	0.10344827586206896	2	1	1	0.5911	1	0.5911	0.5911	False	0.35	2.09
6	90577011	T	C	CASP8AP2	RNA	50	13	63	0.20634920634920634	2	1	1	1.1791	1	1.1791	1.0	True	0.35	2.09
6	97247002	A	G	GPR63	Silent	102	21	123	0.17073170731707318	2	1	1	0.9756	1	0.9756	0.9756	True	0.35	2.09
6	99283474	C	T	POU3F2	Missense_Mutation	77	11	88	0.125	2	1	1	0.7143	1	0.7143	0.7143	False	0.35	2.09
6	99797031	G	T	FAXC	Missense_Mutation	117	22	139	0.15827338129496402	2	1	1	0.9044	1	0.9044	0.9044	True	0.35	2.09
6	110301082	C	T	GPR6	Missense_Mutation	73	10	83	0.12048192771084337	2	1	1	0.6885	1	0.6885	0.6885	False	0.35	2.09
6	111672877	A	G	REV3L	Splice_Site	51	5	56	0.08928571428571429	2	1	1	0.5102	1	0.5102	0.5102	False	0.35	2.09
6	116442885	C	T	COL10A1	Missense_Mutation	54	8	62	0.12903225806451613	2	1	1	0.7373	1	0.7373	0.7373	False	0.35	2.09
6	116968721	G	A	ZUFSP	Missense_Mutation	65	15	80	0.1875	2	1	1	1.0714	1	1.0714	1.0	True	0.35	2.09
6	134495987	C	A	SGK1	Intron	91	20	111	0.18018018018018017	2	1	1	1.0296	1	1.0296	1.0	True	0.35	2.09
6	136599103	C	T	BCLAF1	Missense_Mutation	121	12	133	0.09022556390977443	2	1	1	0.5156	1	0.5156	0.5156	False	0.35	2.09
6	142409697	C	T	NMBR	Silent	48	8	56	0.14285714285714285	2	1	1	0.8163	1	0.8163	0.8163	False	0.35	2.09
6	151116993	G	A	PLEKHG1	Missense_Mutation	153	26	179	0.1452513966480447	2	1	1	0.83	1	0.83	0.83	False	0.35	2.09
6	151939223	A	G	CCDC170	Missense_Mutation	86	26	112	0.23214285714285715	2	1	1	1.3265	1	1.3265	1.0	True	0.35	2.09
6	152655285	A	C	SYNE1	Missense_Mutation	271	49	320	0.153125	2	1	1	0.875	1	0.875	0.875	True	0.35	2.09
6	153311082	T	C	MTRF1L	Missense_Mutation	127	12	139	0.08633093525179857	2	1	1	0.4933	1	0.4933	0.4933	False	0.35	2.09
6	158487477	G	A	SYNJ2	Silent	92	13	105	0.12380952380952381	2	1	1	0.7075	1	0.7075	0.7075	False	0.35	2.09
6	158925097	G	T	TULP4	Missense_Mutation	12	5	17	0.29411764705882354	2	1	1	1.6807	1	1.6807	1.0	True	0.35	2.09
6	159028323	C	T	TMEM181	Silent	93	15	108	0.1388888888888889	2	1	1	0.7937	1	0.7937	0.7937	False	0.35	2.09
6	160831880	T	C	SLC22A3	Splice_Site	36	7	43	0.16279069767441862	2	1	1	0.9302	1	0.9302	0.9302	True	0.35	2.09
6	161470750	C	T	MAP3K4	Silent	123	22	145	0.15172413793103448	4	3	1	1.1704	1	1.1704	1.0	True	0.35	2.09
7	801405	C	T	HEATR2	Missense_Mutation	20	3	23	0.13043478260869565	2	1	1	0.7453	1	0.7453	0.7453	False	0.35	2.09
7	4855941	C	T	RADIL	Silent	39	7	46	0.15217391304347827	2	1	1	0.8696	1	0.8696	0.8696	True	0.35	2.09
7	4917581	C	T	RADIL	Missense_Mutation	37	7	44	0.1590909090909091	2	1	1	0.9091	1	0.9091	0.9091	True	0.35	2.09
7	5966162	A	G	RSPH10B	Missense_Mutation	80	23	103	0.22330097087378642	2	1	1	1.276	1	1.276	1.0	True	0.35	2.09
7	15725539	G	T	MEOX2	Missense_Mutation	307	66	373	0.1769436997319035	2	1	1	1.0111	1	1.0111	1.0	True	0.35	2.09
7	16817465	C	T	TSPAN13	Nonsense_Mutation	119	21	140	0.15	2	1	1	0.8571	1	0.8571	0.8571	True	0.35	2.09
7	20199428	G	A	MACC1	Missense_Mutation	86	11	97	0.1134020618556701	2	1	1	0.648	1	0.648	0.648	False	0.35	2.09
7	20782555	G	A	ABCB5	Missense_Mutation	70	20	90	0.2222222222222222	2	1	1	1.2698	1	1.2698	1.0	True	0.35	2.09
7	23017933	A	G	FAM126A	Silent	112	23	135	0.17037037037037037	2	1	1	0.9735	1	0.9735	0.9735	True	0.35	2.09
7	26224439	A	G	NFE2L3	Missense_Mutation	144	36	180	0.2	2	1	1	1.1429	1	1.1429	1.0	True	0.35	2.09
7	27141760	T	G	HOXA2	Silent	20	5	25	0.2	2	1	1	1.1429	1	1.1429	1.0	True	0.35	2.09
7	27187001	A	G	HOXA6	Missense_Mutation	154	22	176	0.125	2	1	1	0.7143	1	0.7143	0.7143	False	0.35	2.09
7	27880399	G	A	JAZF1	Missense_Mutation	205	35	240	0.14583333333333334	2	1	1	0.8333	1	0.8333	0.8333	False	0.35	2.09
7	30651771	T	G	GARS	Missense_Mutation	154	23	177	0.12994350282485875	2	1	1	0.7425	1	0.7425	0.7425	False	0.35	2.09
7	31876897	G	A	PDE1C	Missense_Mutation	59	5	64	0.078125	2	1	1	0.4464	1	0.4464	0.4464	False	0.35	2.09
7	33136917	A	G	RP9	Missense_Mutation	73	11	84	0.13095238095238096	2	1	1	0.7483	1	0.7483	0.7483	False	0.35	2.09
7	38247159	C	T	STARD3NL	Silent	94	16	110	0.14545454545454545	2	1	1	0.8312	1	0.8312	0.8312	False	0.35	2.09
7	44806229	T	C	ZMIZ2	Silent	102	28	130	0.2153846153846154	2	1	1	1.2308	1	1.2308	1.0	True	0.35	2.09
7	45928308	G	T	IGFBP1	Missense_Mutation	38	13	51	0.2549019607843137	2	1	1	1.4566	1	1.4566	1.0	True	0.35	2.09
7	48318404	C	A	ABCA13	Missense_Mutation	274	49	323	0.15170278637770898	2	1	1	0.8669	1	0.8669	0.8669	True	0.35	2.09
7	51096673	G	A	COBL	Missense_Mutation	76	17	93	0.1827956989247312	2	1	1	1.0445	1	1.0445	1.0	True	0.35	2.09
7	53103605	C	T	POM121L12	Missense_Mutation	46	6	52	0.11538461538461539	2	1	1	0.6593	1	0.6593	0.6593	False	0.35	2.09
7	62753101	C	A	ZNF733P	RNA	110	19	129	0.14728682170542637	2	1	1	0.8416	1	0.8416	0.8416	False	0.35	2.09
7	63726625	T	C	ZNF679	Missense_Mutation	13	3	16	0.1875	2	1	1	1.0714	1	1.0714	1.0	True	0.35	2.09
7	73961459	G	A	GTF2IRD1	Missense_Mutation	194	44	238	0.18487394957983194	2	1	1	1.0564	1	1.0564	1.0	True	0.35	2.09
7	76633587	G	A	UPK3B	Intron	71	11	82	0.13414634146341464	2	1	1	0.7666	1	0.7666	0.7666	False	0.35	2.09
7	76922503	G	A	CCDC146	Missense_Mutation	189	35	224	0.15625	2	1	1	0.8929	1	0.8929	0.8929	True	0.35	2.09
7	77824201	A	C	MAGI2	Nonsense_Mutation	143	38	181	0.20994475138121546	2	1	1	1.1997	1	1.1997	1.0	True	0.35	2.09
7	83689835	C	T	SEMA3A	Missense_Mutation	191	31	222	0.13963963963963963	2	1	1	0.7979	1	0.7979	0.7979	False	0.35	2.09
7	94041396	C	T	COL1A2	Missense_Mutation	29	3	32	0.09375	2	1	1	0.5357	1	0.5357	0.5357	False	0.35	2.09
7	98497363	T	C	TRRAP	Missense_Mutation	78	20	98	0.20408163265306123	2	1	1	1.1662	1	1.1662	1.0	True	0.35	2.09
7	98547362	G	T	TRRAP	Missense_Mutation	104	21	125	0.168	2	1	1	0.96	1	0.96	0.96	True	0.35	2.09
7	99754169	C	A	C7orf43	Silent	37	5	42	0.11904761904761904	2	1	1	0.6803	1	0.6803	0.6803	False	0.35	2.09
7	99971837	C	T	PILRA	Nonsense_Mutation	161	30	191	0.15706806282722513	2	1	1	0.8975	1	0.8975	0.8975	True	0.35	2.09
7	100198185	C	A	FBXO24	Missense_Mutation	194	25	219	0.1141552511415525	2	1	1	0.6523	1	0.6523	0.6523	False	0.35	2.09
7	103004631	C	T	PSMC2	Silent	123	20	143	0.13986013986013987	2	1	1	0.7992	1	0.7992	0.7992	False	0.35	2.09
7	103290771	C	T	RELN	Missense_Mutation	133	33	166	0.19879518072289157	2	1	1	1.136	1	1.136	1.0	True	0.35	2.09
7	107838532	C	T	NRCAM	Missense_Mutation	55	9	64	0.140625	2	1	1	0.8036	1	0.8036	0.8036	False	0.35	2.09
7	117182086	A	G	CFTR	Missense_Mutation	36	5	41	0.12195121951219512	2	1	1	0.6969	1	0.6969	0.6969	False	0.35	2.09
7	126086333	T	A	GRM8	Missense_Mutation	106	18	124	0.14516129032258066	2	1	1	0.8295	1	0.8295	0.8295	False	0.35	2.09
7	127669905	G	A	LRRC4	Silent	98	15	113	0.13274336283185842	2	1	1	0.7585	1	0.7585	0.7585	False	0.35	2.09
7	134851435	G	T	C7orf49	Silent	151	33	184	0.1793478260869565	2	1	1	1.0248	1	1.0248	1.0	True	0.35	2.09
7	138601984	C	T	KIAA1549	Silent	63	14	77	0.18181818181818182	2	1	1	1.039	1	1.039	1.0	True	0.35	2.09
7	138758758	A	G	ZC3HAV1	Silent	107	23	130	0.17692307692307693	2	1	1	1.011	1	1.011	1.0	True	0.35	2.09
7	140534520	T	C	BRAF	Silent	126	35	161	0.21739130434782608	2	1	1	1.2422	1	1.2422	1.0	True	0.35	2.09
7	142569632	A	C	TRPV6	Missense_Mutation	96	10	106	0.09433962264150944	2	1	1	0.5391	1	0.5391	0.5391	False	0.35	2.09
7	142583274	C	T	TRPV6	5'UTR	123	20	143	0.13986013986013987	2	1	1	0.7992	1	0.7992	0.7992	False	0.35	2.09
7	143094660	C	T	EPHA1	Missense_Mutation	119	12	131	0.0916030534351145	2	1	1	0.5234	1	0.5234	0.5234	False	0.35	2.09
7	143956655	G	A	OR2A7	Nonsense_Mutation	271	19	290	0.06551724137931035	2	1	1	0.3744	1	0.3744	0.3744	False	0.35	2.09
7	144063504	C	T	ARHGEF5	Missense_Mutation	28	8	36	0.2222222222222222	2	1	1	1.2698	1	1.2698	1.0	True	0.35	2.09
7	146741142	T	C	CNTNAP2	Silent	174	53	227	0.23348017621145375	2	1	1	1.3342	1	1.3342	1.0	True	0.35	2.09
7	148700825	G	A	PDIA4	3'UTR	43	6	49	0.12244897959183673	2	1	1	0.6997	1	0.6997	0.6997	False	0.35	2.09
7	148975608	G	A	ZNF783	Silent	45	5	50	0.1	2	1	1	0.5714	1	0.5714	0.5714	False	0.35	2.09
7	149171850	C	T	ZNF746	Silent	16	3	19	0.15789473684210525	2	1	1	0.9023	1	0.9023	0.9023	True	0.35	2.09
7	151082222	T	C	WDR86	Missense_Mutation	53	13	66	0.19696969696969696	2	1	1	1.1255	1	1.1255	1.0	True	0.35	2.09
7	151791543	C	T	GALNT11	Silent	161	18	179	0.1005586592178771	2	1	1	0.5746	1	0.5746	0.5746	False	0.35	2.09
7	152008901	C	A	KMT2C	Missense_Mutation	107	21	128	0.1640625	2	1	1	0.9375	1	0.9375	0.9375	True	0.35	2.09
7	155499646	C	T	RBM33	Missense_Mutation	29	3	32	0.09375	2	1	1	0.5357	1	0.5357	0.5357	False	0.35	2.09
7	155534589	G	A	RBM33	Missense_Mutation	209	42	251	0.16733067729083664	2	1	1	0.9562	1	0.9562	0.9562	True	0.35	2.09
7	156798351	C	T	MNX1	Missense_Mutation	57	17	74	0.22972972972972974	2	1	1	1.3127	1	1.3127	1.0	True	0.35	2.09
7	158443607	G	A	NCAPG2	Missense_Mutation	141	28	169	0.16568047337278108	2	1	1	0.9467	1	0.9467	0.9467	True	0.35	2.09
7	158447310	C	T	NCAPG2	Missense_Mutation	199	51	250	0.204	2	1	1	1.1657	1	1.1657	1.0	True	0.35	2.09
8	195439	C	T	ZNF596	Missense_Mutation	99	14	113	0.12389380530973451	2	1	1	0.708	1	0.708	0.708	False	0.35	2.09
8	195650	G	A	ZNF596	Missense_Mutation	117	19	136	0.13970588235294118	2	1	1	0.7983	1	0.7983	0.7983	False	0.35	2.09
8	623991	T	C	ERICH1	Missense_Mutation	65	17	82	0.2073170731707317	2	1	1	1.1847	1	1.1847	1.0	True	0.35	2.09
8	3253876	G	T	CSMD1	Silent	25	4	29	0.13793103448275862	2	1	1	0.7882	1	0.7882	0.7882	False	0.35	2.09
8	8235193	G	A	SGK223	Silent	78	16	94	0.1702127659574468	2	1	1	0.9726	1	0.9726	0.9726	True	0.35	2.09
8	10464345	A	G	RP1L1	3'UTR	43	6	49	0.12244897959183673	2	1	1	0.6997	1	0.6997	0.6997	False	0.35	2.09
8	10623283	C	T	PINX1	Silent	400	69	469	0.14712153518123666	2	1	1	0.8407	1	0.8407	0.8407	False	0.35	2.09
8	10755762	C	T	XKR6	Silent	54	14	68	0.20588235294117646	2	1	1	1.1765	1	1.1765	1.0	True	0.35	2.09
8	11616052	C	A	GATA4	3'UTR	27	8	35	0.22857142857142856	2	1	1	1.3061	1	1.3061	1.0	True	0.35	2.09
8	11710150	T	C	CTSB	Missense_Mutation	61	7	68	0.10294117647058823	2	1	1	0.5882	1	0.5882	0.5882	False	0.35	2.09
8	16035397	G	A	MSR1	Missense_Mutation	43	10	53	0.18867924528301888	2	1	1	1.0782	1	1.0782	1.0	True	0.35	2.09
8	19252128	C	A	SH2D4A	Missense_Mutation	88	14	102	0.13725490196078433	2	1	1	0.7843	1	0.7843	0.7843	False	0.35	2.09
8	22865085	C	T	RHOBTB2	Missense_Mutation	146	29	175	0.1657142857142857	2	1	1	0.9469	1	0.9469	0.9469	True	0.35	2.09
8	23159645	G	A	LOXL2	Silent	52	10	62	0.16129032258064516	2	1	1	0.9217	1	0.9217	0.9217	True	0.35	2.09
8	23307461	A	G	ENTPD4	5'UTR	66	12	78	0.15384615384615385	2	1	1	0.8791	1	0.8791	0.8791	True	0.35	2.09
8	24813072	C	T	CTD-2168K21.2	5'Flank	71	19	90	0.2111111111111111	2	1	1	1.2063	1	1.2063	1.0	True	0.35	2.09
8	26238015	G	A	BNIP3L	5'Flank	87	13	100	0.13	2	1	1	0.7429	1	0.7429	0.7429	False	0.35	2.09
8	27320707	T	A	CHRNA2	Missense_Mutation	121	22	143	0.15384615384615385	2	1	1	0.8791	1	0.8791	0.8791	True	0.35	2.09
8	27657064	C	T	ESCO2	Missense_Mutation	142	32	174	0.1839080459770115	2	1	1	1.0509	1	1.0509	1.0	True	0.35	2.09
8	32600278	C	G	NRG1	Intron	347	48	395	0.12151898734177215	2	1	1	0.6944	1	0.6944	0.6944	False	0.35	2.09
8	35583730	G	A	UNC5D	Missense_Mutation	89	17	106	0.16037735849056603	2	1	1	0.9164	1	0.9164	0.9164	True	0.35	2.09
8	41504832	C	T	NKX6-3	Missense_Mutation	22	3	25	0.12	2	1	1	0.6857	1	0.6857	0.6857	False	0.35	2.09
8	41791029	T	A	KAT6A	Missense_Mutation	101	19	120	0.15833333333333333	2	1	1	0.9048	1	0.9048	0.9048	True	0.35	2.09
8	51617256	G	A	SNTG1	Missense_Mutation	99	16	115	0.1391304347826087	2	1	1	0.795	1	0.795	0.795	False	0.35	2.09
8	52321999	C	T	PXDNL	Missense_Mutation	56	8	64	0.125	2	1	1	0.7143	1	0.7143	0.7143	False	0.35	2.09
8	54147653	T	G	OPRK1	Silent	143	14	157	0.08917197452229299	2	1	1	0.5096	1	0.5096	0.5096	False	0.35	2.09
8	54900718	C	T	TCEA1	Missense_Mutation	27	7	34	0.20588235294117646	2	1	1	1.1765	1	1.1765	1.0	True	0.35	2.09
8	62371044	A	G	CLVS1	Missense_Mutation	71	15	86	0.1744186046511628	2	1	1	0.9967	1	0.9967	0.9967	True	0.35	2.09
8	65494426	C	T	BHLHE22	Missense_Mutation	31	4	35	0.11428571428571428	2	1	1	0.6531	1	0.6531	0.6531	False	0.35	2.09
8	65509147	T	C	CYP7B1	3'UTR	7	3	10	0.3	2	1	1	1.7143	1	1.7143	1.0	True	0.35	2.09
8	68140340	A	G	ARFGEF1	Missense_Mutation	103	24	127	0.1889763779527559	2	1	1	1.0799	1	1.0799	1.0	True	0.35	2.09
8	73480260	T	C	KCNB2	Silent	108	12	120	0.1	2	1	1	0.5714	1	0.5714	0.5714	False	0.35	2.09
8	86019623	A	C	LRRCC1	Missense_Mutation	111	23	134	0.17164179104477612	2	1	1	0.9808	1	0.9808	0.9808	True	0.35	2.09
8	89053686	A	G	MMP16	3'UTR	156	36	192	0.1875	2	1	1	1.0714	1	1.0714	1.0	True	0.35	2.09
8	95658510	T	C	ESRP1	Missense_Mutation	128	18	146	0.1232876712328767	2	1	1	0.7045	1	0.7045	0.7045	False	0.35	2.09
8	100791069	A	G	VPS13B	Missense_Mutation	132	29	161	0.18012422360248448	2	1	1	1.0293	1	1.0293	1.0	True	0.35	2.09
8	103662532	G	A	KLF10	Missense_Mutation	154	31	185	0.16756756756756758	2	1	1	0.9575	1	0.9575	0.9575	True	0.35	2.09
8	104427576	A	C	DCAF13	Missense_Mutation	108	16	124	0.12903225806451613	2	1	1	0.7373	1	0.7373	0.7373	False	0.35	2.09
8	110456122	G	T	PKHD1L1	Missense_Mutation	108	22	130	0.16923076923076924	2	1	1	0.967	1	0.967	0.967	True	0.35	2.09
8	133673853	G	A	LRRC6	Missense_Mutation	54	8	62	0.12903225806451613	2	1	1	0.7373	1	0.7373	0.7373	False	0.35	2.09
8	136561083	T	C	KHDRBS3	Silent	26	6	32	0.1875	2	1	1	1.0714	1	1.0714	1.0	True	0.35	2.09
8	139606405	C	T	COL22A1	Silent	120	15	135	0.1111111111111111	2	1	1	0.6349	1	0.6349	0.6349	False	0.35	2.09
8	142190927	C	T	DENND3	Missense_Mutation	92	15	107	0.14018691588785046	2	1	1	0.8011	1	0.8011	0.8011	False	0.35	2.09
8	144378753	G	A	ZNF696	Missense_Mutation	22	6	28	0.21428571428571427	2	1	1	1.2245	1	1.2245	1.0	True	0.35	2.09
8	144458725	G	T	RHPN1	Silent	37	7	44	0.1590909090909091	2	1	1	0.9091	1	0.9091	0.9091	True	0.35	2.09
8	144991783	C	T	PLEC	Missense_Mutation	92	16	108	0.14814814814814814	2	1	1	0.8466	1	0.8466	0.8466	False	0.35	2.09
8	144991811	G	A	PLEC	Missense_Mutation	83	14	97	0.14432989690721648	2	1	1	0.8247	1	0.8247	0.8247	False	0.35	2.09
8	145095791	T	C	SPATC1	Silent	71	16	87	0.1839080459770115	2	1	1	1.0509	1	1.0509	1.0	True	0.35	2.09
8	145108142	G	A	OPLAH	Silent	48	12	60	0.2	2	1	1	1.1429	1	1.1429	1.0	True	0.35	2.09
8	145135325	C	A	EXOSC4	Missense_Mutation	122	17	139	0.1223021582733813	2	1	1	0.6989	1	0.6989	0.6989	False	0.35	2.09
8	145641416	C	T	SLC39A4	Silent	17	4	21	0.19047619047619047	2	1	1	1.0884	1	1.0884	1.0	True	0.35	2.09
8	145730035	G	A	GPT	Missense_Mutation	158	24	182	0.13186813186813187	2	1	1	0.7535	1	0.7535	0.7535	False	0.35	2.09
8	146033645	C	T	ZNF517	Silent	13	6	19	0.3157894736842105	2	1	1	1.8045	1	1.8045	1.0	True	0.35	2.09
9	6007371	C	T	KIAA2026	Silent	33	5	38	0.13157894736842105	2	1	1	0.7519	1	0.7519	0.7519	False	0.35	2.09
9	6014724	G	T	RANBP6	Missense_Mutation	68	12	80	0.15	2	1	1	0.8571	1	0.8571	0.8571	True	0.35	2.09
9	19063702	G	T	HAUS6	Intron	126	23	149	0.15436241610738255	2	1	1	0.8821	1	0.8821	0.8821	True	0.35	2.09
9	20414370	G	A	MLLT3	Silent	64	5	69	0.07246376811594203	2	1	1	0.4141	1	0.4141	0.4141	False	0.35	2.09
9	27950348	G	A	LINGO2	Missense_Mutation	165	27	192	0.140625	2	1	1	0.8036	1	0.8036	0.8036	False	0.35	2.09
9	33466680	C	T	NOL6	Missense_Mutation	98	7	105	0.06666666666666667	2	1	1	0.381	1	0.381	0.381	False	0.35	2.09
9	33927924	C	T	UBAP2	Missense_Mutation	145	10	155	0.06451612903225806	2	1	1	0.3687	1	0.3687	0.3687	False	0.35	2.09
9	35066769	C	T	VCP	Silent	127	25	152	0.16447368421052633	2	1	1	0.9398	1	0.9398	0.9398	True	0.35	2.09
9	35810631	T	C	SPAG8	Intron	87	12	99	0.12121212121212122	2	1	1	0.6926	1	0.6926	0.6926	False	0.35	2.09
9	35811581	G	A	SPAG8	Silent	57	14	71	0.19718309859154928	2	1	1	1.1268	1	1.1268	1.0	True	0.35	2.09
9	36122901	T	C	RECK	Silent	223	43	266	0.16165413533834586	2	1	1	0.9237	1	0.9237	0.9237	True	0.35	2.09
9	67968525	T	C	ANKRD20A1	Missense_Mutation	69	7	76	0.09210526315789473	2	1	1	0.5263	1	0.5263	0.5263	False	0.35	2.09
9	70993145	A	G	PGM5	Missense_Mutation	135	9	144	0.0625	2	1	1	0.3571	1	0.3571	0.3571	False	0.35	2.09
9	72933542	C	T	SMC5	Missense_Mutation	160	24	184	0.13043478260869565	2	1	1	0.7453	1	0.7453	0.7453	False	0.35	2.09
9	74526555	A	T	C9orf85	5'UTR	80	14	94	0.14893617021276595	2	1	1	0.8511	1	0.8511	0.8511	True	0.35	2.09
9	77614759	T	C	C9orf41	Silent	115	31	146	0.21232876712328766	2	1	1	1.2133	1	1.2133	1.0	True	0.35	2.09
9	79635218	G	A	FOXB2	Silent	18	4	22	0.18181818181818182	2	1	1	1.039	1	1.039	1.0	True	0.35	2.09
9	82322068	C	T	TLE4	Intron	188	34	222	0.15315315315315314	2	1	1	0.8752	1	0.8752	0.8752	True	0.35	2.09
9	86616917	T	G	RMI1	Missense_Mutation	70	11	81	0.13580246913580246	2	1	1	0.776	1	0.776	0.776	False	0.35	2.09
9	89560907	T	C	GAS1	Missense_Mutation	21	4	25	0.16	2	1	1	0.9143	1	0.9143	0.9143	True	0.35	2.09
9	91150404	G	T	NXNL2	Nonsense_Mutation	66	20	86	0.23255813953488372	2	1	1	1.3289	1	1.3289	1.0	True	0.35	2.09
9	95420958	G	A	IPPK	Silent	122	25	147	0.17006802721088435	2	1	1	0.9718	1	0.9718	0.9718	True	0.35	2.09
9	95992120	C	T	WNK2	Missense_Mutation	59	8	67	0.11940298507462686	2	1	1	0.6823	1	0.6823	0.6823	False	0.35	2.09
9	97082005	C	T	NUTM2F	Missense_Mutation	226	40	266	0.15037593984962405	2	1	1	0.8593	1	0.8593	0.8593	True	0.35	2.09
9	99700174	C	T	NUTM2G	Missense_Mutation	288	31	319	0.09717868338557993	2	1	1	0.5553	1	0.5553	0.5553	False	0.35	2.09
9	102590786	G	A	NR4A3	Silent	57	14	71	0.19718309859154928	2	1	1	1.1268	1	1.1268	1.0	True	0.35	2.09
9	107548643	T	C	ABCA1	Missense_Mutation	195	36	231	0.15584415584415584	2	1	1	0.8905	1	0.8905	0.8905	True	0.35	2.09
9	108397398	T	C	FKTN	Silent	189	33	222	0.14864864864864866	2	1	1	0.8494	1	0.8494	0.8494	False	0.35	2.09
9	111625915	C	T	ACTL7A	3'UTR	44	10	54	0.18518518518518517	2	1	1	1.0582	1	1.0582	1.0	True	0.35	2.09
9	112918719	T	G	PALM2-AKAP2	Missense_Mutation	119	18	137	0.13138686131386862	2	1	1	0.7508	1	0.7508	0.7508	False	0.35	2.09
9	117379467	C	T	C9orf91	5'UTR	80	20	100	0.2	2	1	1	1.1429	1	1.1429	1.0	True	0.35	2.09
9	117848521	G	A	TNC	Missense_Mutation	217	33	250	0.132	2	1	1	0.7543	1	0.7543	0.7543	False	0.35	2.09
9	123234112	C	T	CDK5RAP2	Missense_Mutation	93	18	111	0.16216216216216217	2	1	1	0.9266	1	0.9266	0.9266	True	0.35	2.09
9	123620198	A	G	PHF19	3'UTR	24	3	27	0.1111111111111111	2	1	1	0.6349	1	0.6349	0.6349	False	0.35	2.09
9	125154645	C	T	PTGS1	Missense_Mutation	201	28	229	0.1222707423580786	2	1	1	0.6987	1	0.6987	0.6987	False	0.35	2.09
9	125391778	C	A	OR1B1	Missense_Mutation	78	9	87	0.10344827586206896	2	1	1	0.5911	1	0.5911	0.5911	False	0.35	2.09
9	127316774	C	A	NR6A1	Missense_Mutation	124	22	146	0.1506849315068493	2	1	1	0.8611	1	0.8611	0.8611	True	0.35	2.09
9	129377676	C	T	LMX1B	Missense_Mutation	39	9	48	0.1875	2	1	1	1.0714	1	1.0714	1.0	True	0.35	2.09
9	129377811	C	T	LMX1B	Missense_Mutation	44	9	53	0.16981132075471697	2	1	1	0.9704	1	0.9704	0.9704	True	0.35	2.09
9	129851253	T	C	ANGPTL2	Missense_Mutation	192	29	221	0.13122171945701358	2	1	1	0.7498	1	0.7498	0.7498	False	0.35	2.09
9	131020362	G	A	GOLGA2	Missense_Mutation	35	8	43	0.18604651162790697	2	1	1	1.0631	1	1.0631	1.0	True	0.35	2.09
9	131477648	G	A	PKN3	Missense_Mutation	64	17	81	0.20987654320987653	2	1	1	1.1993	1	1.1993	1.0	True	0.35	2.09
9	131708405	G	A	DOLK	Missense_Mutation	113	22	135	0.16296296296296298	2	1	1	0.9312	1	0.9312	0.9312	True	0.35	2.09
9	131939119	A	T	IER5L	Nonstop_Mutation	25	7	32	0.21875	2	1	1	1.25	1	1.25	1.0	True	0.35	2.09
9	132484621	C	T	PRRX2	Missense_Mutation	54	16	70	0.22857142857142856	2	1	1	1.3061	1	1.3061	1.0	True	0.35	2.09
9	133769184	C	T	QRFP	Silent	134	21	155	0.13548387096774195	2	1	1	0.7742	1	0.7742	0.7742	False	0.35	2.09
9	134386850	A	G	POMT1	Missense_Mutation	96	15	111	0.13513513513513514	2	1	1	0.7722	1	0.7722	0.7722	False	0.35	2.09
9	136268936	G	T	C9orf96	Missense_Mutation	65	16	81	0.19753086419753085	2	1	1	1.1287	1	1.1287	1.0	True	0.35	2.09
9	136321236	T	C	ADAMTS13	Missense_Mutation	130	31	161	0.19254658385093168	2	1	1	1.1003	1	1.1003	1.0	True	0.35	2.09
9	138657549	A	G	KCNT1	Missense_Mutation	31	6	37	0.16216216216216217	2	1	1	0.9266	1	0.9266	0.9266	True	0.35	2.09
9	139354227	T	C	SEC16A	Missense_Mutation	26	3	29	0.10344827586206896	2	1	1	0.5911	1	0.5911	0.5911	False	0.35	2.09
9	139361486	G	T	SEC16A	Silent	77	14	91	0.15384615384615385	2	1	1	0.8791	1	0.8791	0.8791	True	0.35	2.09
9	140108803	C	T	NDOR1	Silent	144	29	173	0.1676300578034682	2	1	1	0.9579	1	0.9579	0.9579	True	0.35	2.09
9	140196000	C	T	NRARP	3'UTR	14	4	18	0.2222222222222222	2	1	1	1.2698	1	1.2698	1.0	True	0.35	2.09
9	140379084	G	T	PNPLA7	Missense_Mutation	30	7	37	0.1891891891891892	2	1	1	1.0811	1	1.0811	1.0	True	0.35	2.09
10	323168	T	G	DIP2C	3'UTR	34	3	37	0.08108108108108109	2	1	1	0.4633	1	0.4633	0.4633	False	0.35	2.09
10	6270174	G	T	PFKFB3	Intron	103	24	127	0.1889763779527559	2	1	1	1.0799	1	1.0799	1.0	True	0.35	2.09
10	7327741	A	C	SFMBT2	Intron	107	19	126	0.15079365079365079	2	1	1	0.8617	1	0.8617	0.8617	True	0.35	2.09
10	13276240	C	T	UCMA	Missense_Mutation	63	15	78	0.19230769230769232	2	1	1	1.0989	1	1.0989	1.0	True	0.35	2.09
10	15120960	C	T	ACBD7	Missense_Mutation	193	42	235	0.17872340425531916	2	1	1	1.0213	1	1.0213	1.0	True	0.35	2.09
10	24833185	C	A	KIAA1217	Silent	112	19	131	0.1450381679389313	2	1	1	0.8288	1	0.8288	0.8288	False	0.35	2.09
10	30900913	C	T	LYZL2	Missense_Mutation	506	81	587	0.13798977853492334	2	1	1	0.7885	1	0.7885	0.7885	False	0.35	2.09
10	31610365	C	T	ZEB1	Intron	69	15	84	0.17857142857142858	2	1	1	1.0204	1	1.0204	1.0	True	0.35	2.09
10	32150382	G	A	ARHGAP12	Missense_Mutation	95	15	110	0.13636363636363635	2	1	1	0.7792	1	0.7792	0.7792	False	0.35	2.09
10	32329381	T	C	KIF5B	Silent	45	12	57	0.21052631578947367	2	1	1	1.203	1	1.203	1.0	True	0.35	2.09
10	33094009	A	G	C10ORF68	Missense_Mutation	185	35	220	0.1590909090909091	2	1	1	0.9091	1	0.9091	0.9091	True	0.35	2.09
10	33208930	G	A	ITGB1	Missense_Mutation	230	41	271	0.15129151291512916	2	1	1	0.8645	1	0.8645	0.8645	True	0.35	2.09
10	43088290	C	T	ZNF33B	Missense_Mutation	148	25	173	0.14450867052023122	2	1	1	0.8258	1	0.8258	0.8258	False	0.35	2.09
10	43089580	C	T	ZNF33B	Missense_Mutation	119	28	147	0.19047619047619047	2	1	1	1.0884	1	1.0884	1.0	True	0.35	2.09
10	45472929	C	T	C10orf10	Missense_Mutation	107	20	127	0.15748031496062992	2	1	1	0.8999	1	0.8999	0.8999	True	0.35	2.09
10	46961993	G	A	SYT15	Missense_Mutation	487	20	507	0.03944773175542406	2	1	1	0.2254	1	0.2254	0.2254	False	0.35	2.09
10	48414152	G	A	GDF2	Missense_Mutation	87	20	107	0.18691588785046728	2	4	0	1.0681	1	1.0681	1.0	True	0.35	2.09
10	55996585	A	T	PCDH15	Missense_Mutation	151	29	180	0.16111111111111112	2	1	1	0.9206	1	0.9206	0.9206	True	0.35	2.09
10	58118436	A	T	ZWINT	Missense_Mutation	80	14	94	0.14893617021276595	2	1	1	0.8511	1	0.8511	0.8511	True	0.35	2.09
10	58118660	G	A	ZWINT	Missense_Mutation	163	16	179	0.0893854748603352	2	1	1	0.5108	1	0.5108	0.5108	False	0.35	2.09
10	61846455	C	T	ANK3	Missense_Mutation	110	19	129	0.14728682170542637	2	1	1	0.8416	1	0.8416	0.8416	False	0.35	2.09
10	64573145	T	G	EGR2	Missense_Mutation	122	26	148	0.17567567567567569	2	1	1	1.0039	1	1.0039	1.0	True	0.35	2.09
10	69785320	A	G	HERC4	Silent	210	38	248	0.1532258064516129	2	1	1	0.8756	1	0.8756	0.8756	True	0.35	2.09
10	72298102	C	T	PALD1	Missense_Mutation	63	11	74	0.14864864864864866	2	1	1	0.8494	1	0.8494	0.8494	False	0.35	2.09
10	74684343	C	T	OIT3	Silent	79	8	87	0.09195402298850575	2	1	1	0.5255	1	0.5255	0.5255	False	0.35	2.09
10	75051761	A	G	TTC18	Silent	146	44	190	0.23157894736842105	2	1	1	1.3233	1	1.3233	1.0	True	0.35	2.09
10	75394400	C	T	MYOZ1	Missense_Mutation	90	15	105	0.14285714285714285	2	1	1	0.8163	1	0.8163	0.8163	False	0.35	2.09
10	78651329	C	T	KCNMA1	Missense_Mutation	62	12	74	0.16216216216216217	2	1	1	0.9266	1	0.9266	0.9266	True	0.35	2.09
10	78846314	G	A	KCNMA1	Nonsense_Mutation	65	10	75	0.13333333333333333	2	1	1	0.7619	1	0.7619	0.7619	False	0.35	2.09
10	81056357	C	T	ZMIZ1	Missense_Mutation	163	10	173	0.057803468208092484	2	1	1	0.3303	1	0.3303	0.3303	False	0.35	2.09
10	84745405	G	A	NRG3	3'Flank	123	23	146	0.15753424657534246	2	1	1	0.9002	1	0.9002	0.9002	True	0.35	2.09
10	88260130	T	C	WAPAL	Silent	206	36	242	0.1487603305785124	2	1	1	0.8501	1	0.8501	0.8501	True	0.35	2.09
10	91477457	T	C	KIF20B	Silent	169	27	196	0.1377551020408163	2	1	1	0.7872	1	0.7872	0.7872	False	0.35	2.09
10	93608141	C	T	TNKS2	Missense_Mutation	123	20	143	0.13986013986013987	2	1	1	0.7992	1	0.7992	0.7992	False	0.35	2.09
10	93773501	T	C	BTAF1	Silent	134	20	154	0.12987012987012986	2	1	1	0.7421	1	0.7421	0.7421	False	0.35	2.09
10	96066371	G	A	PLCE1	Missense_Mutation	92	21	113	0.18584070796460178	2	1	1	1.0619	1	1.0619	1.0	True	0.35	2.09
10	97174285	G	A	SORBS1	Missense_Mutation	92	28	120	0.23333333333333334	2	1	1	1.3333	1	1.3333	1.0	True	0.35	2.09
10	101950684	A	C	CHUK	Missense_Mutation	221	37	258	0.1434108527131783	2	1	1	0.8195	1	0.8195	0.8195	False	0.35	2.09
10	103899446	T	C	PPRC1	Missense_Mutation	269	55	324	0.1697530864197531	2	1	1	0.97	1	0.97	0.97	True	0.35	2.09
10	104170668	C	T	PSD	Missense_Mutation	164	28	192	0.14583333333333334	2	1	1	0.8333	1	0.8333	0.8333	False	0.35	2.09
10	112039826	G	A	MXI1	Missense_Mutation	93	17	110	0.15454545454545454	2	1	1	0.8831	1	0.8831	0.8831	True	0.35	2.09
10	112356237	T	C	SMC3	Missense_Mutation	144	36	180	0.2	2	1	1	1.1429	1	1.1429	1.0	True	0.35	2.09
10	114428721	G	A	VTI1A	Missense_Mutation	223	35	258	0.13565891472868216	2	1	1	0.7752	1	0.7752	0.7752	False	0.35	2.09
10	115489196	C	T	CASP7	Missense_Mutation	142	13	155	0.08387096774193549	2	1	1	0.4793	1	0.4793	0.4793	False	0.35	2.09
10	120810113	C	T	EIF3A	Missense_Mutation	323	79	402	0.19651741293532338	2	1	1	1.123	1	1.123	1.0	True	0.35	2.09
10	121551118	G	A	INPP5F	Silent	142	14	156	0.08974358974358974	2	1	1	0.5128	1	0.5128	0.5128	False	0.35	2.09
10	123845448	C	T	TACC2	Nonsense_Mutation	60	10	70	0.14285714285714285	2	1	1	0.8163	1	0.8163	0.8163	False	0.35	2.09
10	124159891	G	A	PLEKHA1	Silent	189	33	222	0.14864864864864866	2	1	1	0.8494	1	0.8494	0.8494	False	0.35	2.09
10	125539757	A	G	CPXM2	Missense_Mutation	127	28	155	0.18064516129032257	2	1	1	1.0323	1	1.0323	1.0	True	0.35	2.09
10	126185528	A	G	LHPP	Splice_Site	327	10	337	0.02967359050445104	2	1	1	0.1696	1	0.1696	0.1696	False	0.35	2.09
10	129676547	G	A	CLRN3	Missense_Mutation	251	40	291	0.13745704467353953	2	1	1	0.7855	1	0.7855	0.7855	False	0.35	2.09
10	135015099	A	G	KNDC1	Silent	134	18	152	0.11842105263157894	2	1	1	0.6767	1	0.6767	0.6767	False	0.35	2.09
11	2424091	G	A	TSSC4	Silent	18	9	27	0.3333333333333333	2	1	1	1.9048	1	1.9048	1.0	True	0.35	2.09
11	3423918	G	A	TSSC2	RNA	50	8	58	0.13793103448275862	2	1	1	0.7882	1	0.7882	0.7882	False	0.35	2.09
11	3697439	G	A	NUP98	Missense_Mutation	100	16	116	0.13793103448275862	2	1	1	0.7882	1	0.7882	0.7882	False	0.35	2.09
11	4566596	A	C	OR52M1	Missense_Mutation	95	24	119	0.20168067226890757	2	1	1	1.1525	1	1.1525	1.0	True	0.35	2.09
11	4825712	C	T	OR52R1	5'Flank	146	21	167	0.12574850299401197	2	1	1	0.7186	1	0.7186	0.7186	False	0.35	2.09
11	4945416	A	G	OR51G1	Missense_Mutation	78	7	85	0.08235294117647059	2	1	1	0.4706	1	0.4706	0.4706	False	0.35	2.09
11	5011865	G	C	MMP26	Missense_Mutation	109	19	128	0.1484375	2	1	1	0.8482	1	0.8482	0.8482	False	0.35	2.09
11	5510494	C	T	OR52D1	Silent	268	60	328	0.18292682926829268	2	1	1	1.0453	1	1.0453	1.0	True	0.35	2.09
11	5878343	C	T	OR52E8	Missense_Mutation	108	12	120	0.1	2	1	1	0.5714	1	0.5714	0.5714	False	0.35	2.09
11	6244441	A	G	FAM160A2	Missense_Mutation	230	45	275	0.16363636363636364	2	1	1	0.9351	1	0.9351	0.9351	True	0.35	2.09
11	6638276	C	T	TPP1	Missense_Mutation	68	12	80	0.15	2	1	1	0.8571	1	0.8571	0.8571	True	0.35	2.09
11	8715517	G	A	ST5	3'UTR	19	3	22	0.13636363636363635	2	1	1	0.7792	1	0.7792	0.7792	False	0.35	2.09
11	9430059	A	G	IPO7	Missense_Mutation	44	6	50	0.12	2	1	1	0.6857	1	0.6857	0.6857	False	0.35	2.09
11	12281433	G	A	MICAL2	Missense_Mutation	54	10	64	0.15625	2	1	1	0.8929	1	0.8929	0.8929	True	0.35	2.09
11	19955107	C	T	NAV2	Silent	121	24	145	0.16551724137931034	2	1	1	0.9458	1	0.9458	0.9458	True	0.35	2.09
11	27114773	A	G	BBOX1	Silent	117	17	134	0.12686567164179105	2	1	1	0.7249	1	0.7249	0.7249	False	0.35	2.09
11	32953671	G	A	QSER1	Silent	187	38	225	0.1688888888888889	2	1	1	0.9651	1	0.9651	0.9651	True	0.35	2.09
11	34093453	C	T	CAPRIN1	Silent	83	10	93	0.10752688172043011	2	1	1	0.6144	1	0.6144	0.6144	False	0.35	2.09
11	34478308	T	G	CAT	Missense_Mutation	81	21	102	0.20588235294117646	2	1	1	1.1765	1	1.1765	1.0	True	0.35	2.09
11	35336618	T	C	SLC1A2	Missense_Mutation	122	15	137	0.10948905109489052	2	1	1	0.6257	1	0.6257	0.6257	False	0.35	2.09
11	46637860	G	A	HARBI1	5'UTR	28	7	35	0.2	2	1	1	1.1429	1	1.1429	1.0	True	0.35	2.09
11	46741326	C	T	F2	Missense_Mutation	16	7	23	0.30434782608695654	2	1	1	1.7391	1	1.7391	1.0	True	0.35	2.09
11	55681486	A	G	OR5W2	Silent	121	21	142	0.14788732394366197	2	1	1	0.8451	1	0.8451	0.8451	False	0.35	2.09
11	55761559	A	G	OR5F1	Silent	118	27	145	0.18620689655172415	2	1	1	1.064	1	1.064	1.0	True	0.35	2.09
11	56949628	C	T	LRRC55	Silent	94	16	110	0.14545454545454545	2	1	1	0.8312	1	0.8312	0.8312	False	0.35	2.09
11	57182520	G	A	SLC43A3	Missense_Mutation	172	19	191	0.09947643979057591	2	1	1	0.5684	1	0.5684	0.5684	False	0.35	2.09
11	57563079	C	A	CTNND1	Missense_Mutation	39	9	48	0.1875	2	1	1	1.0714	1	1.0714	1.0	True	0.35	2.09
11	58206945	C	T	OR5B12	Missense_Mutation	90	14	104	0.1346153846153846	2	1	1	0.7692	1	0.7692	0.7692	False	0.35	2.09
11	58891683	C	T	FAM111B	Missense_Mutation	137	15	152	0.09868421052631579	2	1	1	0.5639	1	0.5639	0.5639	False	0.35	2.09
11	59190023	A	T	OR5A2	Missense_Mutation	79	19	98	0.19387755102040816	2	1	1	1.1079	1	1.1079	1.0	True	0.35	2.09
11	59481150	T	C	OR10V1	Missense_Mutation	58	13	71	0.18309859154929578	2	1	1	1.0463	1	1.0463	1.0	True	0.35	2.09
11	60670301	C	T	PRPF19	Missense_Mutation	47	4	51	0.0784313725490196	2	1	1	0.4482	1	0.4482	0.4482	False	0.35	2.09
11	61081893	C	T	DDB1	Silent	321	52	373	0.13941018766756033	2	1	1	0.7966	1	0.7966	0.7966	False	0.35	2.09
11	61111667	C	T	DAK	Silent	50	10	60	0.16666666666666666	2	1	1	0.9524	1	0.9524	0.9524	True	0.35	2.09
11	61533551	C	T	MYRF	Missense_Mutation	32	5	37	0.13513513513513514	2	1	1	0.7722	1	0.7722	0.7722	False	0.35	2.09
11	62401842	G	A	GANAB	Missense_Mutation	171	8	179	0.0446927374301676	2	1	1	0.2554	1	0.2554	0.2554	False	0.35	2.09
11	62416784	A	G	INTS5	Silent	148	20	168	0.11904761904761904	2	1	1	0.6803	1	0.6803	0.6803	False	0.35	2.09
11	62458891	T	C	BSCL2	Missense_Mutation	88	15	103	0.14563106796116504	2	1	1	0.8322	1	0.8322	0.8322	False	0.35	2.09
11	62751957	C	T	SLC22A6	Missense_Mutation	86	22	108	0.2037037037037037	2	1	1	1.164	1	1.164	1.0	True	0.35	2.09
11	64126901	T	C	RPS6KA4	Missense_Mutation	53	12	65	0.18461538461538463	2	1	1	1.0549	1	1.0549	1.0	True	0.35	2.09
11	64360339	G	A	SLC22A12	Missense_Mutation	119	12	131	0.0916030534351145	2	1	1	0.5234	1	0.5234	0.5234	False	0.35	2.09
11	64523002	G	T	PYGM	Missense_Mutation	70	14	84	0.16666666666666666	2	1	1	0.9524	1	0.9524	0.9524	True	0.35	2.09
11	64601436	T	A	CDC42BPG	Silent	317	81	398	0.20351758793969849	2	1	1	1.163	1	1.163	1.0	True	0.35	2.09
11	64940437	G	A	SPDYC	Missense_Mutation	136	25	161	0.15527950310559005	2	1	1	0.8873	1	0.8873	0.8873	True	0.35	2.09
11	65167304	G	A	FRMD8	Missense_Mutation	189	30	219	0.136986301369863	2	1	1	0.7828	1	0.7828	0.7828	False	0.35	2.09
11	65271041	A	G	MALAT1	RNA	129	27	156	0.17307692307692307	2	1	1	0.989	1	0.989	0.989	True	0.35	2.09
11	65375801	G	A	MAP3K11	Silent	84	15	99	0.15151515151515152	2	1	1	0.8658	1	0.8658	0.8658	True	0.35	2.09
11	65392940	G	A	PCNXL3	Missense_Mutation	118	26	144	0.18055555555555555	2	1	1	1.0317	1	1.0317	1.0	True	0.35	2.09
11	65487870	C	T	RNASEH2C	Missense_Mutation	110	21	131	0.16030534351145037	2	1	1	0.916	1	0.916	0.916	True	0.35	2.09
11	65767776	T	C	EIF1AD	Missense_Mutation	25	8	33	0.24242424242424243	2	1	1	1.3853	1	1.3853	1.0	True	0.35	2.09
11	66099764	G	A	RIN1	Missense_Mutation	289	11	300	0.03666666666666667	2	1	1	0.2095	1	0.2095	0.2095	False	0.35	2.09
11	66136983	G	T	SLC29A2	Silent	354	79	433	0.18244803695150116	2	1	1	1.0426	1	1.0426	1.0	True	0.35	2.09
11	66436507	C	T	RBM4B	Missense_Mutation	72	14	86	0.16279069767441862	2	1	1	0.9302	1	0.9302	0.9302	True	0.35	2.09
11	66616805	C	T	PC	Missense_Mutation	101	23	124	0.18548387096774194	2	1	1	1.0599	1	1.0599	1.0	True	0.35	2.09
11	67051736	C	T	ADRBK1	Missense_Mutation	144	30	174	0.1724137931034483	2	1	1	0.9852	1	0.9852	0.9852	True	0.35	2.09
11	67163272	C	T	RAD9A	Missense_Mutation	55	8	63	0.12698412698412698	2	1	1	0.7256	1	0.7256	0.7256	False	0.35	2.09
11	68201164	C	T	LRP5	Silent	265	35	300	0.11666666666666667	2	1	1	0.6667	1	0.6667	0.6667	False	0.35	2.09
11	70033855	G	A	ANO1	Missense_Mutation	32	4	36	0.1111111111111111	2	1	1	0.6349	1	0.6349	0.6349	False	0.35	2.09
11	73076913	C	T	ARHGEF17	Silent	82	14	96	0.14583333333333334	2	1	1	0.8333	1	0.8333	0.8333	False	0.35	2.09
11	76751257	G	A	B3GNT6	Missense_Mutation	102	21	123	0.17073170731707318	2	1	1	0.9756	1	0.9756	0.9756	True	0.35	2.09
11	78412903	C	T	TENM4	Silent	172	43	215	0.2	2	1	1	1.1429	1	1.1429	1.0	True	0.35	2.09
11	85411568	C	T	SYTL2	Silent	113	21	134	0.15671641791044777	2	1	1	0.8955	1	0.8955	0.8955	True	0.35	2.09
11	85437014	T	G	SYTL2	Missense_Mutation	163	32	195	0.1641025641025641	2	1	1	0.9377	1	0.9377	0.9377	True	0.35	2.09
11	85975274	T	C	EED	Missense_Mutation	188	42	230	0.1826086956521739	2	1	1	1.0435	1	1.0435	1.0	True	0.35	2.09
11	86662374	G	A	FZD4	Missense_Mutation	174	30	204	0.14705882352941177	2	1	1	0.8403	1	0.8403	0.8403	False	0.35	2.09
11	88781072	G	A	GRM5	5'UTR	38	5	43	0.11627906976744186	2	1	1	0.6645	1	0.6645	0.6645	False	0.35	2.09
11	89177323	C	T	NOX4	Missense_Mutation	200	27	227	0.11894273127753303	2	1	1	0.6797	1	0.6797	0.6797	False	0.35	2.09
11	92533963	A	G	FAT3	Missense_Mutation	51	8	59	0.13559322033898305	2	1	1	0.7748	1	0.7748	0.7748	False	0.35	2.09
11	93471428	T	A	TAF1D	Silent	231	39	270	0.14444444444444443	2	1	1	0.8254	1	0.8254	0.8254	False	0.35	2.09
11	94197320	A	G	MRE11A	Missense_Mutation	118	15	133	0.11278195488721804	2	1	1	0.6445	1	0.6445	0.6445	False	0.35	2.09
11	95580894	C	T	MTMR2	Nonsense_Mutation	126	19	145	0.1310344827586207	2	1	1	0.7488	1	0.7488	0.7488	False	0.35	2.09
11	99944909	A	C	CNTN5	Missense_Mutation	33	4	37	0.10810810810810811	2	1	1	0.6178	1	0.6178	0.6178	False	0.35	2.09
11	102593283	G	A	MMP8	Missense_Mutation	185	33	218	0.15137614678899083	2	1	1	0.865	1	0.865	0.865	True	0.35	2.09
11	102988484	C	T	DYNC2H1	Silent	107	23	130	0.17692307692307693	2	1	1	1.011	1	1.011	1.0	True	0.35	2.09
11	103194690	G	A	DYNC2H1	Missense_Mutation	54	15	69	0.21739130434782608	2	1	1	1.2422	1	1.2422	1.0	True	0.35	2.09
11	103270461	T	C	DYNC2H1	Missense_Mutation	49	16	65	0.24615384615384617	2	1	1	1.4066	1	1.4066	1.0	True	0.35	2.09
11	103797725	C	T	PDGFD	Missense_Mutation	62	10	72	0.1388888888888889	2	1	1	0.7937	1	0.7937	0.7937	False	0.35	2.09
11	114400914	T	A	NXPE1	Missense_Mutation	95	22	117	0.18803418803418803	2	1	1	1.0745	1	1.0745	1.0	True	0.35	2.09
11	115088664	T	G	CADM1	Missense_Mutation	78	13	91	0.14285714285714285	2	1	1	0.8163	1	0.8163	0.8163	False	0.35	2.09
11	118047107	G	T	SCN2B	Missense_Mutation	172	22	194	0.1134020618556701	2	1	1	0.648	1	0.648	0.648	False	0.35	2.09
11	123909037	G	A	OR10G7	Silent	144	28	172	0.16279069767441862	2	1	1	0.9302	1	0.9302	0.9302	True	0.35	2.09
11	124007944	T	C	VWA5A	Silent	106	18	124	0.14516129032258066	2	1	1	0.8295	1	0.8295	0.8295	False	0.35	2.09
11	124765380	C	T	ROBO4	Missense_Mutation	147	29	176	0.16477272727272727	2	1	1	0.9416	1	0.9416	0.9416	True	0.35	2.09
11	124908371	G	A	CCDC15	Missense_Mutation	12	3	15	0.2	2	1	1	1.1429	1	1.1429	1.0	True	0.35	2.09
11	125359542	G	A	FEZ1	Silent	120	18	138	0.13043478260869565	2	1	1	0.7453	1	0.7453	0.7453	False	0.35	2.09
11	125889551	G	A	CDON	Silent	276	62	338	0.1834319526627219	2	1	1	1.0482	1	1.0482	1.0	True	0.35	2.09
11	126133915	A	G	SRPR	Missense_Mutation	104	21	125	0.168	2	1	1	0.96	1	0.96	0.96	True	0.35	2.09
11	132184590	G	C	NTM	Missense_Mutation	77	16	93	0.17204301075268819	2	1	1	0.9831	1	0.9831	0.9831	True	0.35	2.09
11	133714492	A	G	SPATA19	Missense_Mutation	103	11	114	0.09649122807017543	2	1	1	0.5514	1	0.5514	0.5514	False	0.35	2.09
11	134126459	G	A	ACAD8	Missense_Mutation	70	11	81	0.13580246913580246	2	1	1	0.776	1	0.776	0.776	False	0.35	2.09
12	443491	G	T	KDM5A	Missense_Mutation	335	34	369	0.0921409214092141	3	2	1	0.6187	1	0.6187	0.6187	False	0.35	2.09
12	1702997	C	T	FBXL14	Missense_Mutation	88	39	127	0.30708661417322836	3	2	1	2.0619	2	1.0309	1.0	True	0.35	2.09
12	2706448	C	T	CACNA1C	Missense_Mutation	315	46	361	0.12742382271468145	3	2	1	0.8556	1	0.8556	0.8556	True	0.35	2.09
12	2714915	A	C	CACNA1C	Missense_Mutation	96	21	117	0.1794871794871795	3	2	1	1.2051	1	1.2051	1.0	True	0.35	2.09
12	4919254	G	A	KCNA6	Missense_Mutation	124	18	142	0.1267605633802817	3	2	1	0.8511	1	0.8511	0.8511	True	0.35	2.09
12	7046302	G	A	ATN1	Silent	150	71	221	0.3212669683257919	3	2	1	2.1571	2	1.0785	1.0	True	0.35	2.09
12	7177639	C	T	C1S	Missense_Mutation	116	16	132	0.12121212121212122	3	2	1	0.8139	1	0.8139	0.8139	False	0.35	2.09
12	7249434	G	A	C1RL	Silent	76	26	102	0.2549019607843137	3	2	1	1.7115	2	0.8557	0.8557	True	0.35	2.09
12	7527479	T	C	CD163L1	Silent	126	33	159	0.20754716981132076	3	2	1	1.3935	1	1.3935	1.0	True	0.35	2.09
12	8387020	G	A	RP11-266K4.9	5'Flank	59	17	76	0.2236842105263158	3	2	1	1.5019	2	0.7509	0.7509	False	0.35	2.09
12	9907713	T	C	CD69	Missense_Mutation	146	23	169	0.13609467455621302	3	2	1	0.9138	1	0.9138	0.9138	True	0.35	2.09
12	11338670	G	A	TAS2R42	Nonsense_Mutation	95	16	111	0.14414414414414414	3	2	1	0.9678	1	0.9678	0.9678	True	0.35	2.09
12	13214536	T	C	KIAA1467	Missense_Mutation	50	11	61	0.18032786885245902	3	2	1	1.2108	1	1.2108	1.0	True	0.35	2.09
12	13715771	G	A	GRIN2B	Silent	304	54	358	0.15083798882681565	3	2	1	1.0128	1	1.0128	1.0	True	0.35	2.09
12	14577701	C	A	ATF7IP	Silent	189	22	211	0.10426540284360189	3	2	1	0.7001	1	0.7001	0.7001	False	0.35	2.09
12	15669846	A	G	PTPRO	Missense_Mutation	300	18	318	0.05660377358490566	3	2	1	0.3801	1	0.3801	0.3801	False	0.35	2.09
12	22354742	C	T	ST8SIA1	Missense_Mutation	115	21	136	0.15441176470588236	3	2	1	1.0368	1	1.0368	1.0	True	0.35	2.09
12	24736364	C	T	LINC00477	RNA	36	9	45	0.2	3	2	1	1.3429	1	1.3429	1.0	True	0.35	2.09
12	29604296	T	G	OVCH1	Missense_Mutation	33	10	43	0.23255813953488372	3	2	1	1.5615	2	0.7807	0.7807	False	0.35	2.09
12	30827606	G	A	IPO8	Missense_Mutation	340	58	398	0.1457286432160804	3	2	1	0.9785	1	0.9785	0.9785	True	0.35	2.09
12	39727030	C	T	KIF21A	Missense_Mutation	325	82	407	0.20147420147420148	3	2	1	1.3528	1	1.3528	1.0	True	0.35	2.09
12	51584325	A	G	POU6F1	Missense_Mutation	361	47	408	0.11519607843137254	3	2	1	0.7735	1	0.7735	0.7735	False	0.35	2.09
12	52284676	G	A	ANKRD33	Missense_Mutation	76	13	89	0.14606741573033707	3	2	1	0.9807	1	0.9807	0.9807	True	0.35	2.09
12	52681817	T	C	KRT81	Missense_Mutation	158	21	179	0.11731843575418995	3	2	1	0.7877	1	0.7877	0.7877	False	0.35	2.09
12	52881539	T	A	KRT6A	Missense_Mutation	120	47	167	0.281437125748503	3	2	1	1.8896	2	0.9448	0.9448	True	0.35	2.09
12	52914162	C	T	KRT5	5'UTR	24	9	33	0.2727272727272727	3	2	1	1.8312	2	0.9156	0.9156	True	0.35	2.09
12	53207679	A	G	KRT4	Missense_Mutation	443	48	491	0.09775967413441955	3	2	1	0.6564	1	0.6564	0.6564	False	0.35	2.09
12	53470932	A	C	SPRYD3	Missense_Mutation	162	55	217	0.2534562211981567	3	2	1	1.7018	2	0.8509	0.8509	True	0.35	2.09
12	54903701	C	T	NCKAP1L	Missense_Mutation	252	38	290	0.1310344827586207	3	2	1	0.8798	1	0.8798	0.8798	True	0.35	2.09
12	56094815	C	T	ITGA7	Missense_Mutation	131	19	150	0.12666666666666668	3	2	1	0.8505	1	0.8505	0.8505	True	0.35	2.09
12	56221131	G	C	DNAJC14	Missense_Mutation	247	81	328	0.24695121951219512	3	2	1	1.6581	2	0.8291	0.8291	False	0.35	2.09
12	56495050	G	A	ERBB3	Missense_Mutation	89	35	124	0.28225806451612906	3	2	1	1.8952	2	0.9476	0.9476	True	0.35	2.09
12	56566249	C	T	SMARCC2	Missense_Mutation	117	9	126	0.07142857142857142	3	2	1	0.4796	1	0.4796	0.4796	False	0.35	2.09
12	56639297	C	T	ANKRD52	Silent	87	34	121	0.2809917355371901	3	2	1	1.8867	2	0.9433	0.9433	True	0.35	2.09
12	57432416	A	G	MYO1A	Missense_Mutation	119	19	138	0.13768115942028986	3	2	1	0.9244	1	0.9244	0.9244	True	0.35	2.09
12	57577934	G	A	LRP1	Missense_Mutation	87	31	118	0.2627118644067797	3	2	1	1.7639	2	0.882	0.882	True	0.35	2.09
12	57597035	G	A	LRP1	Missense_Mutation	34	4	38	0.10526315789473684	3	2	1	0.7068	1	0.7068	0.7068	False	0.35	2.09
12	58021483	G	A	B4GALNT1	Silent	31	8	39	0.20512820512820512	3	2	1	1.3773	1	1.3773	1.0	True	0.35	2.09
12	64615892	C	A	C12orf66	Missense_Mutation	37	16	53	0.3018867924528302	3	2	1	2.027	2	1.0135	1.0	True	0.35	2.09
12	65634842	A	G	LEMD3	Missense_Mutation	101	12	113	0.10619469026548672	3	2	1	0.713	1	0.713	0.713	False	0.35	2.09
12	65639551	T	C	LEMD3	Silent	138	24	162	0.14814814814814814	3	2	1	0.9947	1	0.9947	0.9947	True	0.35	2.09
12	68050891	C	T	DYRK2	Silent	83	27	110	0.24545454545454545	3	2	1	1.6481	2	0.824	0.824	False	0.35	2.09
12	69140182	C	T	SLC35E3	Missense_Mutation	70	13	83	0.1566265060240964	3	2	1	1.0516	1	1.0516	1.0	True	0.35	2.09
12	70004012	G	A	LRRC10	Missense_Mutation	108	16	124	0.12903225806451613	3	2	1	0.8664	1	0.8664	0.8664	True	0.35	2.09
12	72070679	C	T	THAP2	Missense_Mutation	115	16	131	0.12213740458015267	3	2	1	0.8201	1	0.8201	0.8201	False	0.35	2.09
12	72355427	G	A	TPH2	Intron	79	14	93	0.15053763440860216	3	2	1	1.0108	1	1.0108	1.0	True	0.35	2.09
12	80722859	A	G	OTOGL	Silent	31	7	38	0.18421052631578946	3	2	1	1.2368	1	1.2368	1.0	True	0.35	2.09
12	81532965	A	G	ACSS3	Missense_Mutation	123	8	131	0.061068702290076333	3	2	1	0.41	1	0.41	0.41	False	0.35	2.09
12	85260861	A	G	SLC6A15	Missense_Mutation	96	11	107	0.102803738317757	3	2	1	0.6903	1	0.6903	0.6903	False	0.35	2.09
12	86373639	A	G	MGAT4C	Silent	127	57	184	0.30978260869565216	3	2	1	2.08	2	1.04	1.0	True	0.35	2.09
12	96371742	A	G	HAL	Missense_Mutation	91	21	112	0.1875	3	2	1	1.2589	1	1.2589	1.0	True	0.35	2.09
12	100042149	C	T	FAM71C	Missense_Mutation	129	52	181	0.287292817679558	3	2	1	1.929	2	0.9645	0.9645	True	0.35	2.09
12	101493484	A	G	ANO4	Missense_Mutation	112	14	126	0.1111111111111111	3	2	1	0.746	1	0.746	0.746	False	0.35	2.09
12	102301990	C	T	DRAM1	Silent	241	10	251	0.0398406374501992	3	2	1	0.2675	1	0.2675	0.2675	False	0.35	2.09
12	102468114	T	C	NUP37	3'UTR	26	19	45	0.4222222222222222	3	2	1	2.8349	2	1.4175	1.0	True	0.35	2.09
12	103352344	T	G	ASCL1	Missense_Mutation	39	9	48	0.1875	3	2	1	1.2589	1	1.2589	1.0	True	0.35	2.09
12	105151303	A	C	CHST11	Missense_Mutation	63	18	81	0.2222222222222222	3	2	1	1.4921	1	1.4921	1.0	True	0.35	2.09
12	106770229	G	A	POLR3B	Splice_Site	117	15	132	0.11363636363636363	3	2	1	0.763	1	0.763	0.763	False	0.35	2.09
12	106995084	G	A	RFX4	Silent	17	3	20	0.15	3	2	1	1.0071	1	1.0071	1.0	True	0.35	2.09
12	108169429	G	A	ASCL4	Missense_Mutation	25	11	36	0.3055555555555556	3	2	1	2.0516	2	1.0258	1.0	True	0.35	2.09
12	108929213	C	T	SART3	Missense_Mutation	298	43	341	0.12609970674486803	3	2	1	0.8467	1	0.8467	0.8467	False	0.35	2.09
12	109605836	G	A	ACACB	Missense_Mutation	94	10	104	0.09615384615384616	3	2	1	0.6456	1	0.6456	0.6456	False	0.35	2.09
12	109685505	C	T	ACACB	Missense_Mutation	158	32	190	0.16842105263157894	3	2	1	1.1308	1	1.1308	1.0	True	0.35	2.09
12	109936110	C	T	UBE3B	Missense_Mutation	247	46	293	0.15699658703071673	3	2	1	1.0541	1	1.0541	1.0	True	0.35	2.09
12	110293513	G	T	GLTP	Missense_Mutation	92	36	128	0.28125	3	2	1	1.8884	2	0.9442	0.9442	True	0.35	2.09
12	112120995	G	A	BRAP	Nonsense_Mutation	167	71	238	0.29831932773109243	3	2	1	2.003	2	1.0015	1.0	True	0.35	2.09
12	112150444	T	A	ACAD10	Missense_Mutation	295	51	346	0.14739884393063585	3	2	1	0.9897	1	0.9897	0.9897	True	0.35	2.09
12	112280504	T	G	MAPKAPK5	5'UTR	15	5	20	0.25	3	2	1	1.6786	2	0.8393	0.8393	False	0.35	2.09
12	112498103	T	C	NAA25	Missense_Mutation	110	44	154	0.2857142857142857	3	2	1	1.9184	2	0.9592	0.9592	True	0.35	2.09
12	113603672	G	A	DDX54	Missense_Mutation	83	28	111	0.25225225225225223	3	2	1	1.6937	2	0.8468	0.8468	False	0.35	2.09
12	118636898	G	A	TAOK3	Silent	137	50	187	0.26737967914438504	3	2	1	1.7953	2	0.8976	0.8976	True	0.35	2.09
12	118637023	T	C	TAOK3	Missense_Mutation	78	23	101	0.22772277227722773	3	2	1	1.529	2	0.7645	0.7645	False	0.35	2.09
12	119592100	C	T	SRRM4	Nonsense_Mutation	39	12	51	0.23529411764705882	3	2	1	1.5798	2	0.7899	0.7899	False	0.35	2.09
12	119773056	G	A	CCDC60	Silent	132	60	192	0.3125	3	2	1	2.0982	2	1.0491	1.0	True	0.35	2.09
12	121088393	C	T	CABP1	Intron	145	22	167	0.1317365269461078	3	2	1	0.8845	1	0.8845	0.8845	True	0.35	2.09
12	121206174	G	A	SPPL3	Missense_Mutation	283	51	334	0.15269461077844312	3	2	1	1.0252	1	1.0252	1.0	True	0.35	2.09
12	122750936	T	C	VPS33A	Missense_Mutation	101	14	115	0.12173913043478261	3	2	1	0.8174	1	0.8174	0.8174	False	0.35	2.09
12	123200107	C	T	HCAR3	3'UTR	221	32	253	0.12648221343873517	3	2	1	0.8492	1	0.8492	0.8492	False	0.35	2.09
12	123480010	T	C	PITPNM2	Silent	157	28	185	0.15135135135135136	3	2	1	1.0162	1	1.0162	1.0	True	0.35	2.09
12	123889559	C	T	SETD8	Silent	64	25	89	0.2808988764044944	3	2	1	1.886	2	0.943	0.943	True	0.35	2.09
12	124267714	C	T	DNAH10	Missense_Mutation	117	26	143	0.18181818181818182	3	2	1	1.2208	1	1.2208	1.0	True	0.35	2.09
12	124330559	G	A	DNAH10	Missense_Mutation	202	77	279	0.27598566308243727	3	2	1	1.853	2	0.9265	0.9265	True	0.35	2.09
12	126138173	C	T	TMEM132B	Silent	171	53	224	0.23660714285714285	3	2	1	1.5886	2	0.7943	0.7943	False	0.35	2.09
12	130648605	G	A	FZD10	Missense_Mutation	87	14	101	0.13861386138613863	3	2	1	0.9307	1	0.9307	0.9307	True	0.35	2.09
12	130929742	G	A	RIMBP2	Silent	126	39	165	0.23636363636363636	3	2	1	1.587	2	0.7935	0.7935	False	0.35	2.09
12	133435665	G	A	CHFR	Silent	51	22	73	0.3013698630136986	3	2	1	2.0235	2	1.0117	1.0	True	0.35	2.09
13	21562745	C	T	LATS2	Missense_Mutation	32	13	45	0.28888888888888886	2	1	1	1.6508	1	1.6508	1.0	True	0.35	2.09
13	24892987	G	T	C1QTNF9	Missense_Mutation	328	24	352	0.06818181818181818	2	1	1	0.3896	1	0.3896	0.3896	False	0.35	2.09
13	25848300	C	T	MTMR6	Missense_Mutation	69	9	78	0.11538461538461539	2	1	1	0.6593	1	0.6593	0.6593	False	0.35	2.09
13	28197194	A	G	POLR1D	Missense_Mutation	156	27	183	0.14754098360655737	2	1	1	0.8431	1	0.8431	0.8431	False	0.35	2.09
13	31711655	T	C	HSPH1	Missense_Mutation	58	8	66	0.12121212121212122	2	1	1	0.6926	1	0.6926	0.6926	False	0.35	2.09
13	32841309	T	C	FRY	Missense_Mutation	161	27	188	0.14361702127659576	2	1	1	0.8207	1	0.8207	0.8207	False	0.35	2.09
13	33686968	G	A	STARD13	Silent	171	28	199	0.1407035175879397	2	1	1	0.804	1	0.804	0.804	False	0.35	2.09
13	34409330	T	C	RFC3	Silent	75	13	88	0.14772727272727273	2	1	1	0.8442	1	0.8442	0.8442	False	0.35	2.09
13	39586878	G	A	PROSER1	Silent	118	19	137	0.1386861313868613	2	1	1	0.7925	1	0.7925	0.7925	False	0.35	2.09
13	45602033	T	C	GPALPP1	Silent	136	25	161	0.15527950310559005	2	1	1	0.8873	1	0.8873	0.8873	True	0.35	2.09
13	48955538	C	T	RB1	Nonsense_Mutation	71	12	83	0.14457831325301204	2	1	1	0.8262	1	0.8262	0.8262	False	0.35	2.09
13	52604660	G	A	UTP14C	Missense_Mutation	142	21	163	0.12883435582822086	2	1	1	0.7362	1	0.7362	0.7362	False	0.35	2.09
13	52952340	A	T	THSD1	Missense_Mutation	156	34	190	0.17894736842105263	2	1	1	1.0226	1	1.0226	1.0	True	0.35	2.09
13	58208417	C	T	PCDH17	Silent	100	10	110	0.09090909090909091	2	1	1	0.5195	1	0.5195	0.5195	False	0.35	2.09
13	58299089	C	T	PCDH17	Silent	113	15	128	0.1171875	2	1	1	0.6696	1	0.6696	0.6696	False	0.35	2.09
13	84453562	A	T	SLITRK1	Missense_Mutation	51	17	68	0.25	2	1	1	1.4286	1	1.4286	1.0	True	0.35	2.09
13	103703715	C	A	SLC10A2	Missense_Mutation	102	13	115	0.11304347826086956	2	1	1	0.646	1	0.646	0.646	False	0.35	2.09
13	107220225	T	C	ARGLU1	Missense_Mutation	70	17	87	0.19540229885057472	2	1	1	1.1166	1	1.1166	1.0	True	0.35	2.09
13	109793685	C	T	MYO16	Missense_Mutation	17	4	21	0.19047619047619047	2	1	1	1.0884	1	1.0884	1.0	True	0.35	2.09
13	110829295	C	A	COL4A1	Missense_Mutation	121	25	146	0.17123287671232876	2	1	1	0.9785	1	0.9785	0.9785	True	0.35	2.09
13	113748925	C	T	MCF2L	Silent	39	6	45	0.13333333333333333	2	1	1	0.7619	1	0.7619	0.7619	False	0.35	2.09
13	113826335	G	A	PROZ	Silent	58	16	74	0.21621621621621623	2	1	1	1.2355	1	1.2355	1.0	True	0.35	2.09
14	20846923	C	A	TEP1	Missense_Mutation	168	25	193	0.12953367875647667	2	1	1	0.7402	1	0.7402	0.7402	False	0.35	2.09
14	20978775	T	G	RNASE10	Missense_Mutation	196	38	234	0.1623931623931624	2	1	1	0.928	1	0.928	0.928	True	0.35	2.09
14	21861975	A	C	CHD8	Silent	65	10	75	0.13333333333333333	2	1	1	0.7619	1	0.7619	0.7619	False	0.35	2.09
14	21944703	G	A	RAB2B	Silent	134	24	158	0.1518987341772152	2	1	1	0.868	1	0.868	0.868	True	0.35	2.09
14	22090048	C	A	TRAV1-1	5'UTR	102	19	121	0.15702479338842976	2	1	1	0.8973	1	0.8973	0.8973	True	0.35	2.09
14	22789011	A	C	TRAV41	Missense_Mutation	34	12	46	0.2608695652173913	2	1	1	1.4907	1	1.4907	1.0	True	0.35	2.09
14	24610160	T	G	EMC9	Silent	157	18	175	0.10285714285714286	2	1	1	0.5878	1	0.5878	0.5878	False	0.35	2.09
14	24839415	T	C	NFATC4	Missense_Mutation	39	8	47	0.1702127659574468	2	1	1	0.9726	1	0.9726	0.9726	True	0.35	2.09
14	31177207	G	A	SCFD1	Missense_Mutation	140	15	155	0.0967741935483871	2	1	1	0.553	1	0.553	0.553	False	0.35	2.09
14	36003563	G	A	INSM2	Silent	66	9	75	0.12	2	1	1	0.6857	1	0.6857	0.6857	False	0.35	2.09
14	37135670	G	A	PAX9	Missense_Mutation	25	5	30	0.16666666666666666	2	1	1	0.9524	1	0.9524	0.9524	True	0.35	2.09
14	38679010	T	G	SSTR1	Missense_Mutation	282	64	346	0.18497109826589594	2	1	1	1.057	1	1.057	1.0	True	0.35	2.09
14	39716566	A	G	MIA2	Missense_Mutation	109	19	128	0.1484375	2	1	1	0.8482	1	0.8482	0.8482	False	0.35	2.09
14	45414260	T	C	KLHL28	Missense_Mutation	189	29	218	0.13302752293577982	2	1	1	0.7602	1	0.7602	0.7602	False	0.35	2.09
14	53177863	T	C	PSMC6	Silent	64	19	83	0.2289156626506024	2	1	1	1.3081	1	1.3081	1.0	True	0.35	2.09
14	59819321	G	T	DAAM1	Missense_Mutation	48	6	54	0.1111111111111111	2	1	1	0.6349	1	0.6349	0.6349	False	0.35	2.09
14	65009256	C	T	HSPA2	Silent	168	35	203	0.1724137931034483	2	1	1	0.9852	1	0.9852	0.9852	True	0.35	2.09
14	65055877	A	G	PPP1R36	Missense_Mutation	66	6	72	0.08333333333333333	2	1	1	0.4762	1	0.4762	0.4762	False	0.35	2.09
14	65507524	G	T	FNTB	Missense_Mutation	126	24	150	0.16	2	1	1	0.9143	1	0.9143	0.9143	True	0.35	2.09
14	74551092	C	T	ALDH6A1	Silent	54	9	63	0.14285714285714285	2	1	1	0.8163	1	0.8163	0.8163	False	0.35	2.09
14	74968213	C	T	LTBP2	Missense_Mutation	167	39	206	0.18932038834951456	2	1	1	1.0818	1	1.0818	1.0	True	0.35	2.09
14	76156621	T	C	TTLL5	Missense_Mutation	140	24	164	0.14634146341463414	2	1	1	0.8362	1	0.8362	0.8362	False	0.35	2.09
14	77239634	G	T	VASH1	Intron	16	3	19	0.15789473684210525	2	1	1	0.9023	1	0.9023	0.9023	True	0.35	2.09
14	80669474	T	G	DIO2	Missense_Mutation	37	4	41	0.0975609756097561	2	1	1	0.5575	1	0.5575	0.5575	False	0.35	2.09
14	80963868	A	G	CEP128	Missense_Mutation	45	11	56	0.19642857142857142	2	1	1	1.1224	1	1.1224	1.0	True	0.35	2.09
14	81952771	G	A	SEL1L	Missense_Mutation	223	36	259	0.138996138996139	2	1	1	0.7943	1	0.7943	0.7943	False	0.35	2.09
14	105207519	C	T	ADSSL1	Silent	51	12	63	0.19047619047619047	2	1	1	1.0884	1	1.0884	1.0	True	0.35	2.09
14	105834470	G	A	PACS2	Missense_Mutation	45	17	62	0.27419354838709675	2	1	1	1.5668	1	1.5668	1.0	True	0.35	2.09
14	106209359	C	G	IGHG1	Missense_Mutation	37	10	47	0.2127659574468085	2	1	1	1.2158	1	1.2158	1.0	True	0.35	2.09
15	25425489	C	T	SNORD115-6	5'Flank	9	8	17	0.47058823529411764	2	1	1	2.6891	1	2.6891	1.0	True	0.35	2.09
15	25961952	G	A	ATP10A	Silent	198	27	225	0.12	2	1	1	0.6857	1	0.6857	0.6857	False	0.35	2.09
15	28413654	C	T	HERC2	Missense_Mutation	140	23	163	0.1411042944785276	2	1	1	0.8063	1	0.8063	0.8063	False	0.35	2.09
15	31217442	T	C	FAN1	Missense_Mutation	95	17	112	0.15178571428571427	2	1	1	0.8673	1	0.8673	0.8673	True	0.35	2.09
15	34130198	C	A	RYR3	Missense_Mutation	209	43	252	0.17063492063492064	2	1	1	0.9751	1	0.9751	0.9751	True	0.35	2.09
15	34150100	C	T	RYR3	Silent	72	9	81	0.1111111111111111	2	1	1	0.6349	1	0.6349	0.6349	False	0.35	2.09
15	39910003	A	G	FSIP1	Silent	94	12	106	0.11320754716981132	2	1	1	0.6469	1	0.6469	0.6469	False	0.35	2.09
15	40544718	C	A	C15orf56	Missense_Mutation	49	8	57	0.14035087719298245	2	1	1	0.802	1	0.802	0.802	False	0.35	2.09
15	40659529	A	G	DISP2	Missense_Mutation	389	94	483	0.19461697722567287	2	1	1	1.1121	1	1.1121	1.0	True	0.35	2.09
15	40659761	A	G	DISP2	Missense_Mutation	200	8	208	0.038461538461538464	2	1	1	0.2198	1	0.2198	0.2198	False	0.35	2.09
15	40756744	G	A	BAHD1	Missense_Mutation	18	5	23	0.21739130434782608	2	1	1	1.2422	1	1.2422	1.0	True	0.35	2.09
15	41812706	G	T	RPAP1	Missense_Mutation	42	7	49	0.14285714285714285	2	1	1	0.8163	1	0.8163	0.8163	False	0.35	2.09
15	42148637	G	A	SPTBN5	Missense_Mutation	22	4	26	0.15384615384615385	2	1	1	0.8791	1	0.8791	0.8791	True	0.35	2.09
15	42439390	G	A	PLA2G4F	Missense_Mutation	79	17	96	0.17708333333333334	2	1	1	1.0119	1	1.0119	1.0	True	0.35	2.09
15	45392018	G	A	DUOX2	Missense_Mutation	97	20	117	0.17094017094017094	2	1	1	0.9768	1	0.9768	0.9768	True	0.35	2.09
15	48812973	G	A	FBN1	Missense_Mutation	72	18	90	0.2	2	1	1	1.1429	1	1.1429	1.0	True	0.35	2.09
15	51837811	C	T	DMXL2	Missense_Mutation	194	46	240	0.19166666666666668	2	1	1	1.0952	1	1.0952	1.0	True	0.35	2.09
15	54025236	T	G	WDR72	Missense_Mutation	142	19	161	0.11801242236024845	2	1	1	0.6744	1	0.6744	0.6744	False	0.35	2.09
15	54306737	T	G	UNC13C	Missense_Mutation	65	10	75	0.13333333333333333	2	1	1	0.7619	1	0.7619	0.7619	False	0.35	2.09
15	65454965	C	T	CLPX	Missense_Mutation	17	3	20	0.15	2	1	1	0.8571	1	0.8571	0.8571	True	0.35	2.09
15	78390803	C	A	SH2D7	Silent	75	14	89	0.15730337078651685	2	1	1	0.8989	1	0.8989	0.8989	True	0.35	2.09
15	79178522	C	T	MORF4L1	Silent	114	28	142	0.19718309859154928	2	1	1	1.1268	1	1.1268	1.0	True	0.35	2.09
15	79750312	G	A	KIAA1024	Missense_Mutation	143	19	162	0.11728395061728394	2	1	1	0.6702	1	0.6702	0.6702	False	0.35	2.09
15	81575034	T	C	IL16	Missense_Mutation	315	63	378	0.16666666666666666	2	1	1	0.9524	1	0.9524	0.9524	True	0.35	2.09
15	87531239	G	T	AGBL1	Silent	252	41	293	0.13993174061433447	2	1	1	0.7996	1	0.7996	0.7996	False	0.35	2.09
15	90171558	G	A	KIF7	3'UTR	118	28	146	0.1917808219178082	2	1	1	1.0959	1	1.0959	1.0	True	0.35	2.09
15	90213365	G	A	PLIN1	Silent	56	12	68	0.17647058823529413	2	1	1	1.0084	1	1.0084	1.0	True	0.35	2.09
15	99434645	C	T	IGF1R	Silent	30	6	36	0.16666666666666666	2	1	1	0.9524	1	0.9524	0.9524	True	0.35	2.09
15	99670901	G	A	SYNM	Missense_Mutation	63	12	75	0.16	2	1	1	0.9143	1	0.9143	0.9143	True	0.35	2.09
16	461435	G	A	DECR2	Missense_Mutation	80	19	99	0.1919191919191919	2	1	1	1.0967	1	1.0967	1.0	True	0.35	2.09
16	839642	T	C	CHTF18	Missense_Mutation	80	16	96	0.16666666666666666	2	1	1	0.9524	1	0.9524	0.9524	True	0.35	2.09
16	1391358	G	A	BAIAP3	Missense_Mutation	100	16	116	0.13793103448275862	2	1	1	0.7882	1	0.7882	0.7882	False	0.35	2.09
16	1989086	C	T	MSRB1	3'UTR	33	9	42	0.21428571428571427	2	1	1	1.2245	1	1.2245	1.0	True	0.35	2.09
16	2256519	A	G	MLST8	Missense_Mutation	243	62	305	0.20327868852459016	2	1	1	1.1616	1	1.1616	1.0	True	0.35	2.09
16	2334407	C	A	ABCA3	Silent	180	21	201	0.1044776119402985	2	1	1	0.597	1	0.597	0.597	False	0.35	2.09
16	3724368	A	T	TRAP1	Missense_Mutation	80	10	90	0.1111111111111111	2	1	1	0.6349	1	0.6349	0.6349	False	0.35	2.09
16	3789647	G	A	CREBBP	Silent	87	29	116	0.25	2	1	1	1.4286	1	1.4286	1.0	True	0.35	2.09
16	4408008	G	A	CORO7	Missense_Mutation	80	14	94	0.14893617021276595	2	1	1	0.8511	1	0.8511	0.8511	True	0.35	2.09
16	4935287	G	A	PPL	Silent	62	11	73	0.1506849315068493	2	1	1	0.8611	1	0.8611	0.8611	True	0.35	2.09
16	15711343	C	T	KIAA0430	Missense_Mutation	89	22	111	0.1981981981981982	2	1	1	1.1326	1	1.1326	1.0	True	0.35	2.09
16	18853743	G	A	SMG1	Missense_Mutation	52	12	64	0.1875	2	1	1	1.0714	1	1.0714	1.0	True	0.35	2.09
16	20838394	C	T	AC004381.6	Missense_Mutation	118	21	139	0.1510791366906475	2	1	1	0.8633	1	0.8633	0.8633	True	0.35	2.09
16	20981161	A	T	DNAH3	Missense_Mutation	200	40	240	0.16666666666666666	2	1	1	0.9524	1	0.9524	0.9524	True	0.35	2.09
16	21008636	C	G	DNAH3	Silent	114	16	130	0.12307692307692308	2	1	1	0.7033	1	0.7033	0.7033	False	0.35	2.09
16	21221008	G	T	ZP2	Missense_Mutation	102	17	119	0.14285714285714285	2	1	1	0.8163	1	0.8163	0.8163	False	0.35	2.09
16	23847653	T	G	PRKCB	Missense_Mutation	221	32	253	0.12648221343873517	2	1	1	0.7228	1	0.7228	0.7228	False	0.35	2.09
16	30410067	G	A	ZNF48	Missense_Mutation	214	38	252	0.15079365079365079	2	1	1	0.8617	1	0.8617	0.8617	True	0.35	2.09
16	30795220	C	T	ZNF629	Silent	35	8	43	0.18604651162790697	2	1	1	1.0631	1	1.0631	1.0	True	0.35	2.09
16	31088406	T	G	ZNF646	Missense_Mutation	84	14	98	0.14285714285714285	2	1	1	0.8163	1	0.8163	0.8163	False	0.35	2.09
16	31427908	A	G	ITGAD	Missense_Mutation	181	22	203	0.10837438423645321	2	1	1	0.6193	1	0.6193	0.6193	False	0.35	2.09
16	53404767	C	A	RP11-44F14.1	RNA	68	10	78	0.1282051282051282	2	1	1	0.7326	1	0.7326	0.7326	False	0.35	2.09
16	54966770	C	T	IRX5	Missense_Mutation	280	51	331	0.1540785498489426	2	1	1	0.8804	1	0.8804	0.8804	True	0.35	2.09
16	56362621	A	G	GNAO1	Missense_Mutation	84	18	102	0.17647058823529413	2	1	1	1.0084	1	1.0084	1.0	True	0.35	2.09
16	57953025	G	A	CNGB1	Silent	82	10	92	0.10869565217391304	2	1	1	0.6211	1	0.6211	0.6211	False	0.35	2.09
16	58071453	C	A	MMP15	Silent	162	30	192	0.15625	2	1	1	0.8929	1	0.8929	0.8929	True	0.35	2.09
16	66612849	C	T	CMTM1	Missense_Mutation	197	25	222	0.11261261261261261	2	1	1	0.6435	1	0.6435	0.6435	False	0.35	2.09
16	67199724	A	G	HSF4	Missense_Mutation	64	11	75	0.14666666666666667	2	1	1	0.8381	1	0.8381	0.8381	False	0.35	2.09
16	67210807	C	T	KIAA0895L	Missense_Mutation	180	27	207	0.13043478260869565	2	1	1	0.7453	1	0.7453	0.7453	False	0.35	2.09
16	67404993	C	T	LRRC36	Missense_Mutation	120	31	151	0.2052980132450331	2	1	1	1.1731	1	1.1731	1.0	True	0.35	2.09
16	67861894	T	C	TSNAXIP1	Nonstop_Mutation	220	41	261	0.15708812260536398	2	1	1	0.8976	1	0.8976	0.8976	True	0.35	2.09
16	68248233	C	G	NFATC3	Intron	53	6	59	0.1016949152542373	2	1	1	0.5811	1	0.5811	0.5811	False	0.35	2.09
16	68248270	T	A	NFATC3	Intron	78	19	97	0.1958762886597938	2	1	1	1.1193	1	1.1193	1.0	True	0.35	2.09
16	68335178	T	C	SLC7A6OS	Nonstop_Mutation	169	14	183	0.07650273224043716	2	1	1	0.4372	1	0.4372	0.4372	False	0.35	2.09
16	68893886	C	A	TANGO6	Missense_Mutation	48	7	55	0.12727272727272726	2	1	1	0.7273	1	0.7273	0.7273	False	0.35	2.09
16	69148719	C	T	HAS3	Silent	174	43	217	0.19815668202764977	2	1	1	1.1323	1	1.1323	1.0	True	0.35	2.09
16	69352755	C	T	VPS4A	Missense_Mutation	361	14	375	0.037333333333333336	2	1	1	0.2133	1	0.2133	0.2133	False	0.35	2.09
16	77323191	T	C	ADAMTS18	Missense_Mutation	338	43	381	0.11286089238845144	2	1	1	0.6449	1	0.6449	0.6449	False	0.35	2.09
16	77353803	G	T	ADAMTS18	Missense_Mutation	99	23	122	0.1885245901639344	2	1	1	1.0773	1	1.0773	1.0	True	0.35	2.09
16	80577247	A	C	DYNLRB2	Missense_Mutation	107	26	133	0.19548872180451127	2	1	1	1.1171	1	1.1171	1.0	True	0.35	2.09
16	84690644	C	T	KLHL36	Silent	87	17	104	0.16346153846153846	2	1	1	0.9341	1	0.9341	0.9341	True	0.35	2.09
16	86601350	G	A	FOXC2	Missense_Mutation	192	40	232	0.1724137931034483	2	1	1	0.9852	1	0.9852	0.9852	True	0.35	2.09
16	87369022	C	T	FBXO31	Missense_Mutation	41	11	52	0.21153846153846154	2	1	1	1.2088	1	1.2088	1.0	True	0.35	2.09
16	88695188	A	G	ZC3H18	Missense_Mutation	236	30	266	0.11278195488721804	2	1	1	0.6445	1	0.6445	0.6445	False	0.35	2.09
16	88958316	G	A	CBFA2T3	Missense_Mutation	57	4	61	0.06557377049180328	2	1	1	0.3747	1	0.3747	0.3747	False	0.35	2.09
16	89245905	C	T	CDH15	Missense_Mutation	149	24	173	0.13872832369942195	2	1	1	0.7927	1	0.7927	0.7927	False	0.35	2.09
16	90030654	G	A	DEF8	Missense_Mutation	39	10	49	0.20408163265306123	2	1	1	1.1662	1	1.1662	1.0	True	0.35	2.09
16	90124855	T	C	PRDM7	Missense_Mutation	192	36	228	0.15789473684210525	2	1	1	0.9023	1	0.9023	0.9023	True	0.35	2.09
16	90162498	C	T	TUBB8P7	RNA	168	52	220	0.23636363636363636	2	1	1	1.3506	1	1.3506	1.0	True	0.35	2.09
17	2228714	G	A	TSR1	Missense_Mutation	84	16	100	0.16	2	1	1	0.9143	1	0.9143	0.9143	True	0.35	2.09
17	2601706	G	A	CLUH	Missense_Mutation	53	5	58	0.08620689655172414	2	1	1	0.4926	1	0.4926	0.4926	False	0.35	2.09
17	3919631	T	G	ZZEF1	Missense_Mutation	156	19	175	0.10857142857142857	2	1	1	0.6204	1	0.6204	0.6204	False	0.35	2.09
17	5086549	G	A	ZNF594	Missense_Mutation	255	58	313	0.1853035143769968	2	1	1	1.0589	1	1.0589	1.0	True	0.35	2.09
17	6943212	C	A	SLC16A13	Silent	323	58	381	0.15223097112860892	2	1	1	0.8699	1	0.8699	0.8699	True	0.35	2.09
17	7684072	G	A	DNAH2	Missense_Mutation	120	20	140	0.14285714285714285	2	1	1	0.8163	1	0.8163	0.8163	False	0.35	2.09
17	7748726	C	T	KDM6B	5'UTR	20	3	23	0.13043478260869565	2	1	1	0.7453	1	0.7453	0.7453	False	0.35	2.09
17	8219405	C	T	ARHGEF15	Missense_Mutation	28	5	33	0.15151515151515152	2	1	1	0.8658	1	0.8658	0.8658	True	0.35	2.09
17	10428240	G	A	MYH2	Missense_Mutation	212	52	264	0.19696969696969696	2	1	1	1.1255	1	1.1255	1.0	True	0.35	2.09
17	11648217	G	A	DNAH9	Missense_Mutation	46	9	55	0.16363636363636364	2	1	1	0.9351	1	0.9351	0.9351	True	0.35	2.09
17	11833202	A	C	DNAH9	Missense_Mutation	32	4	36	0.1111111111111111	2	1	1	0.6349	1	0.6349	0.6349	False	0.35	2.09
17	12887995	A	G	ARHGAP44	Missense_Mutation	41	4	45	0.08888888888888889	2	1	1	0.5079	1	0.5079	0.5079	False	0.35	2.09
17	16612530	G	C	CCDC144A	Missense_Mutation	149	28	177	0.15819209039548024	2	1	1	0.904	1	0.904	0.904	True	0.35	2.09
17	17722984	C	T	SREBF1	Silent	40	11	51	0.21568627450980393	2	1	1	1.2325	1	1.2325	1.0	True	0.35	2.09
17	17957481	T	A	GID4	Missense_Mutation	131	17	148	0.11486486486486487	2	1	1	0.6564	1	0.6564	0.6564	False	0.35	2.09
17	18088243	G	A	ALKBH5	Missense_Mutation	111	41	152	0.26973684210526316	2	1	1	1.5414	1	1.5414	1.0	True	0.35	2.09
17	26554430	C	T	PYY2	RNA	6	3	9	0.3333333333333333	2	1	1	1.9048	1	1.9048	1.0	True	0.35	2.09
17	26691899	G	T	VTN	3'Flank	45	11	56	0.19642857142857142	2	1	1	1.1224	1	1.1224	1.0	True	0.35	2.09
17	26901545	G	A	ALDOC	Silent	286	50	336	0.1488095238095238	2	1	1	0.8503	1	0.8503	0.8503	True	0.35	2.09
17	26901984	T	C	ALDOC	Missense_Mutation	108	18	126	0.14285714285714285	2	1	1	0.8163	1	0.8163	0.8163	False	0.35	2.09
17	27031862	C	A	PROCA1	Splice_Site	87	15	102	0.14705882352941177	2	1	1	0.8403	1	0.8403	0.8403	False	0.35	2.09
17	27448161	G	A	MYO18A	Silent	21	5	26	0.19230769230769232	2	1	1	1.0989	1	1.0989	1.0	True	0.35	2.09
17	29556373	C	T	NF1	Missense_Mutation	203	40	243	0.1646090534979424	2	1	1	0.9406	1	0.9406	0.9406	True	0.35	2.09
17	30814868	A	G	CDK5R1	Missense_Mutation	301	44	345	0.12753623188405797	2	1	1	0.7288	1	0.7288	0.7288	False	0.35	2.09
17	31322545	C	T	SPACA3	Silent	101	26	127	0.2047244094488189	2	1	1	1.1699	1	1.1699	1.0	True	0.35	2.09
17	33504125	G	A	UNC45B	Silent	94	17	111	0.15315315315315314	2	1	1	0.8752	1	0.8752	0.8752	True	0.35	2.09
17	35900495	G	A	SYNRG	Missense_Mutation	170	42	212	0.19811320754716982	2	1	1	1.1321	1	1.1321	1.0	True	0.35	2.09
17	37564730	C	T	MED1	Silent	124	22	146	0.1506849315068493	2	1	1	0.8611	1	0.8611	0.8611	True	0.35	2.09
17	38153770	G	A	PSMD3	Missense_Mutation	142	34	176	0.19318181818181818	2	1	1	1.1039	1	1.1039	1.0	True	0.35	2.09
17	38643661	T	G	TNS4	Missense_Mutation	98	15	113	0.13274336283185842	2	1	1	0.7585	1	0.7585	0.7585	False	0.35	2.09
17	40120342	A	G	CNP	Missense_Mutation	36	9	45	0.2	2	1	1	1.1429	1	1.1429	1.0	True	0.35	2.09
17	40575027	T	C	PTRF	Missense_Mutation	40	9	49	0.1836734693877551	2	1	1	1.0496	1	1.0496	1.0	True	0.35	2.09
17	40715058	T	G	COASY	Missense_Mutation	287	50	337	0.14836795252225518	2	1	1	0.8478	1	0.8478	0.8478	False	0.35	2.09
17	40835908	T	G	CNTNAP1	Missense_Mutation	50	8	58	0.13793103448275862	2	1	1	0.7882	1	0.7882	0.7882	False	0.35	2.09
17	40998188	G	A	AOC2	Silent	88	15	103	0.14563106796116504	2	1	1	0.8322	1	0.8322	0.8322	False	0.35	2.09
17	41151963	G	A	RPL27	Missense_Mutation	124	22	146	0.1506849315068493	2	1	1	0.8611	1	0.8611	0.8611	True	0.35	2.09
17	41343441	C	T	NBR1	Nonsense_Mutation	46	7	53	0.1320754716981132	2	1	1	0.7547	1	0.7547	0.7547	False	0.35	2.09
17	42457460	C	T	ITGA2B	Silent	40	9	49	0.1836734693877551	2	1	1	1.0496	1	1.0496	1.0	True	0.35	2.09
17	42476786	G	A	GPATCH8	Missense_Mutation	107	18	125	0.144	2	1	1	0.8229	1	0.8229	0.8229	False	0.35	2.09
17	45235659	G	A	CDC27	Missense_Mutation	51	12	63	0.19047619047619047	2	1	1	1.0884	1	1.0884	1.0	True	0.35	2.09
17	48157693	C	T	ITGA3	Missense_Mutation	43	14	57	0.24561403508771928	2	1	1	1.4035	1	1.4035	1.0	True	0.35	2.09
17	56389047	G	A	BZRAP1	Missense_Mutation	42	6	48	0.125	2	1	1	0.7143	1	0.7143	0.7143	False	0.35	2.09
17	56620397	T	C	C17orf47	Missense_Mutation	83	11	94	0.11702127659574468	2	1	1	0.6687	1	0.6687	0.6687	False	0.35	2.09
17	56833469	C	T	PPM1E	Silent	37	4	41	0.0975609756097561	2	1	1	0.5575	1	0.5575	0.5575	False	0.35	2.09
17	57058285	C	T	PPM1E	Missense_Mutation	123	24	147	0.16326530612244897	2	1	1	0.9329	1	0.9329	0.9329	True	0.35	2.09
17	57126658	G	A	TRIM37	Nonsense_Mutation	91	15	106	0.14150943396226415	2	1	1	0.8086	1	0.8086	0.8086	False	0.35	2.09
17	58525054	C	T	APPBP2	Missense_Mutation	306	65	371	0.1752021563342318	2	1	1	1.0012	1	1.0012	1.0	True	0.35	2.09
17	60042538	A	G	MED13	Missense_Mutation	190	32	222	0.14414414414414414	2	1	1	0.8237	1	0.8237	0.8237	False	0.35	2.09
17	60766976	C	T	MRC2	Missense_Mutation	12	3	15	0.2	2	1	1	1.1429	1	1.1429	1.0	True	0.35	2.09
17	62582238	A	G	SMURF2	Missense_Mutation	206	39	245	0.15918367346938775	2	1	1	0.9096	1	0.9096	0.9096	True	0.35	2.09
17	64873455	G	A	CACNG5	Missense_Mutation	89	19	108	0.17592592592592593	2	1	1	1.0053	1	1.0053	1.0	True	0.35	2.09
17	65909216	A	G	BPTF	Missense_Mutation	256	18	274	0.06569343065693431	2	1	1	0.3754	1	0.3754	0.3754	False	0.35	2.09
17	70120419	G	A	SOX9	Missense_Mutation	158	22	180	0.12222222222222222	2	1	1	0.6984	1	0.6984	0.6984	False	0.35	2.09
17	72947725	A	G	HID1	Silent	16	4	20	0.2	2	1	1	1.1429	1	1.1429	1.0	True	0.35	2.09
17	73164431	T	C	SUMO2	3'UTR	36	4	40	0.1	2	1	1	0.5714	1	0.5714	0.5714	False	0.35	2.09
17	73566223	C	T	LLGL2	Silent	8	3	11	0.2727272727272727	2	1	1	1.5584	1	1.5584	1.0	True	0.35	2.09
17	74042211	G	A	SRP68	Nonsense_Mutation	337	66	403	0.16377171215880892	2	1	1	0.9358	1	0.9358	0.9358	True	0.35	2.09
17	74078041	G	A	ZACN	Missense_Mutation	63	10	73	0.136986301369863	2	1	1	0.7828	1	0.7828	0.7828	False	0.35	2.09
17	76486923	T	C	DNAH17	Missense_Mutation	14	5	19	0.2631578947368421	2	1	1	1.5038	1	1.5038	1.0	True	0.35	2.09
17	78180824	T	C	CARD14	Missense_Mutation	102	17	119	0.14285714285714285	2	1	1	0.8163	1	0.8163	0.8163	False	0.35	2.09
17	78286811	G	T	RNF213	Splice_Site	81	13	94	0.13829787234042554	2	1	1	0.7903	1	0.7903	0.7903	False	0.35	2.09
17	78343450	C	T	RNF213	Missense_Mutation	91	19	110	0.17272727272727273	2	1	1	0.987	1	0.987	0.987	True	0.35	2.09
17	78367414	C	T	RNF213	3'UTR	11	4	15	0.26666666666666666	2	1	1	1.5238	1	1.5238	1.0	True	0.35	2.09
17	79511073	G	A	C17orf70	Missense_Mutation	62	20	82	0.24390243902439024	2	1	1	1.3937	1	1.3937	1.0	True	0.35	2.09
17	79517723	C	T	C17orf70	Missense_Mutation	90	13	103	0.1262135922330097	2	1	1	0.7212	1	0.7212	0.7212	False	0.35	2.09
17	79827069	G	A	ARHGDIA	Missense_Mutation	89	17	106	0.16037735849056603	2	1	1	0.9164	1	0.9164	0.9164	True	0.35	2.09
17	79982976	C	T	LRRC45	Missense_Mutation	22	12	34	0.35294117647058826	2	1	1	2.0168	1	2.0168	1.0	True	0.35	2.09
17	80048926	G	A	FASN	Silent	76	29	105	0.2761904761904762	2	1	1	1.5782	1	1.5782	1.0	True	0.35	2.09
17	80858557	G	A	TBCD	Silent	117	16	133	0.12030075187969924	2	1	1	0.6874	1	0.6874	0.6874	False	0.35	2.09
18	2567059	C	T	METTL4	Missense_Mutation	76	8	84	0.09523809523809523	2	1	1	0.5442	1	0.5442	0.5442	False	0.35	2.09
18	5394733	T	A	EPB41L3	Missense_Mutation	134	25	159	0.15723270440251572	2	1	1	0.8985	1	0.8985	0.8985	True	0.35	2.09
18	6215765	G	A	L3MBTL4	Missense_Mutation	37	3	40	0.075	2	1	1	0.4286	1	0.4286	0.4286	False	0.35	2.09
18	7013871	G	A	LAMA1	Silent	23	3	26	0.11538461538461539	2	1	1	0.6593	1	0.6593	0.6593	False	0.35	2.09
18	8635547	C	T	RAB12	Missense_Mutation	45	5	50	0.1	2	1	1	0.5714	1	0.5714	0.5714	False	0.35	2.09
18	8784549	A	G	SOGA2	Missense_Mutation	240	43	283	0.1519434628975265	2	1	1	0.8682	1	0.8682	0.8682	True	0.35	2.09
18	10487675	C	A	APCDD1	Silent	123	29	152	0.19078947368421054	2	1	1	1.0902	1	1.0902	1.0	True	0.35	2.09
18	12028895	C	T	IMPA2	Silent	199	33	232	0.14224137931034483	2	1	1	0.8128	1	0.8128	0.8128	False	0.35	2.09
18	12264361	A	G	CIDEA	Missense_Mutation	111	18	129	0.13953488372093023	2	1	1	0.7973	1	0.7973	0.7973	False	0.35	2.09
18	21110257	T	C	C18orf8	Missense_Mutation	169	35	204	0.1715686274509804	2	1	1	0.9804	1	0.9804	0.9804	True	0.35	2.09
18	21736075	G	A	CABYR	Intron	144	27	171	0.15789473684210525	2	1	1	0.9023	1	0.9023	0.9023	True	0.35	2.09
18	32953924	C	A	ZNF396	Missense_Mutation	180	44	224	0.19642857142857142	2	1	1	1.1224	1	1.1224	1.0	True	0.35	2.09
18	34297930	G	T	FHOD3	Missense_Mutation	74	19	93	0.20430107526881722	2	1	1	1.1674	1	1.1674	1.0	True	0.35	2.09
18	42531797	C	A	SETBP1	Missense_Mutation	99	9	108	0.08333333333333333	2	1	1	0.4762	1	0.4762	0.4762	False	0.35	2.09
18	43217142	C	T	SLC14A2	Missense_Mutation	85	15	100	0.15	2	1	1	0.8571	1	0.8571	0.8571	True	0.35	2.09
18	47101749	T	G	LIPG	Silent	42	18	60	0.3	2	1	1	1.7143	1	1.7143	1.0	True	0.35	2.09
18	51013277	C	A	DCC	Missense_Mutation	164	24	188	0.1276595744680851	2	1	1	0.7295	1	0.7295	0.7295	False	0.35	2.09
18	56587380	T	C	ZNF532	Missense_Mutation	65	21	86	0.2441860465116279	2	1	1	1.3953	1	1.3953	1.0	True	0.35	2.09
18	59166590	C	T	CDH20	Missense_Mutation	45	6	51	0.11764705882352941	2	1	1	0.6723	1	0.6723	0.6723	False	0.35	2.09
18	71796797	A	G	FBXO15	Missense_Mutation	49	8	57	0.14035087719298245	2	1	1	0.802	1	0.802	0.802	False	0.35	2.09
18	72234643	G	A	CNDP1	Missense_Mutation	94	12	106	0.11320754716981132	2	1	1	0.6469	1	0.6469	0.6469	False	0.35	2.09
18	72775630	G	A	ZNF407	Missense_Mutation	26	7	33	0.21212121212121213	2	1	1	1.2121	1	1.2121	1.0	True	0.35	2.09
18	74729102	G	T	MBP	Missense_Mutation	107	24	131	0.183206106870229	2	1	1	1.0469	1	1.0469	1.0	True	0.35	2.09
18	74963088	G	A	GALR1	Missense_Mutation	187	34	221	0.15384615384615385	2	1	1	0.8791	1	0.8791	0.8791	True	0.35	2.09
18	77918110	G	A	PARD6G	Silent	82	14	96	0.14583333333333334	2	1	1	0.8333	1	0.8333	0.8333	False	0.35	2.09
19	899642	G	A	R3HDM4	Silent	34	10	44	0.22727272727272727	2	1	1	1.2987	1	1.2987	1.0	True	0.35	2.09
19	920352	C	T	KISS1R	Silent	11	5	16	0.3125	2	1	1	1.7857	1	1.7857	1.0	True	0.35	2.09
19	991989	C	T	WDR18	Silent	31	9	40	0.225	2	1	1	1.2857	1	1.2857	1.0	True	0.35	2.09
19	1004918	G	A	GRIN3B	Missense_Mutation	150	34	184	0.18478260869565216	2	1	1	1.0559	1	1.0559	1.0	True	0.35	2.09
19	1269881	T	C	CIRBP	Intron	43	8	51	0.1568627450980392	2	1	1	0.8964	1	0.8964	0.8964	True	0.35	2.09
19	1802642	T	C	ATP8B3	Missense_Mutation	30	6	36	0.16666666666666666	2	1	1	0.9524	1	0.9524	0.9524	True	0.35	2.09
19	1978697	T	G	CSNK1G2	Missense_Mutation	32	4	36	0.1111111111111111	2	1	1	0.6349	1	0.6349	0.6349	False	0.35	2.09
19	1990129	G	A	BTBD2	Missense_Mutation	39	11	50	0.22	2	1	1	1.2571	1	1.2571	1.0	True	0.35	2.09
19	2191077	C	A	DOT1L	Missense_Mutation	38	4	42	0.09523809523809523	2	1	1	0.5442	1	0.5442	0.5442	False	0.35	2.09
19	2433843	A	G	LMNB2	Missense_Mutation	142	33	175	0.18857142857142858	2	1	1	1.0776	1	1.0776	1.0	True	0.35	2.09
19	2807510	G	A	THOP1	Silent	36	13	49	0.2653061224489796	2	1	1	1.516	1	1.516	1.0	True	0.35	2.09
19	3977228	C	T	EEF2	Missense_Mutation	43	8	51	0.1568627450980392	2	1	1	0.8964	1	0.8964	0.8964	True	0.35	2.09
19	3978014	C	T	EEF2	Missense_Mutation	26	8	34	0.23529411764705882	2	1	1	1.3445	1	1.3445	1.0	True	0.35	2.09
19	4361523	C	T	SH3GL1	3'UTR	9	4	13	0.3076923076923077	2	1	1	1.7582	1	1.7582	1.0	True	0.35	2.09
19	5587293	A	G	SAFB2	Silent	34	5	39	0.1282051282051282	2	1	1	0.7326	1	0.7326	0.7326	False	0.35	2.09
19	5778543	C	T	CATSPERD	Silent	97	31	128	0.2421875	2	1	1	1.3839	1	1.3839	1.0	True	0.35	2.09
19	6141552	G	A	ACSBG2	5'UTR	65	16	81	0.19753086419753085	2	1	1	1.1287	1	1.1287	1.0	True	0.35	2.09
19	6712378	C	T	C3	Missense_Mutation	61	12	73	0.1643835616438356	2	1	1	0.9393	1	0.9393	0.9393	True	0.35	2.09
19	6719344	C	T	C3	Missense_Mutation	171	23	194	0.11855670103092783	2	1	1	0.6775	1	0.6775	0.6775	False	0.35	2.09
19	7117116	C	T	INSR	Missense_Mutation	250	46	296	0.1554054054054054	2	1	1	0.888	1	0.888	0.888	True	0.35	2.09
19	9489757	C	A	ZNF177	Silent	82	20	102	0.19607843137254902	2	1	1	1.1204	1	1.1204	1.0	True	0.35	2.09
19	9529198	T	G	ZNF266	Missense_Mutation	156	31	187	0.1657754010695187	2	1	1	0.9473	1	0.9473	0.9473	True	0.35	2.09
19	9958825	G	T	PIN1	Intron	33	13	46	0.2826086956521739	2	1	1	1.6149	1	1.6149	1.0	True	0.35	2.09
19	10664802	G	T	KRI1	Missense_Mutation	231	40	271	0.14760147601476015	2	1	1	0.8434	1	0.8434	0.8434	False	0.35	2.09
19	10782043	G	A	ILF3	Silent	307	46	353	0.13031161473087818	2	1	1	0.7446	1	0.7446	0.7446	False	0.35	2.09
19	11121099	G	T	SMARCA4	Missense_Mutation	190	36	226	0.1592920353982301	2	1	1	0.9102	1	0.9102	0.9102	True	0.35	2.09
19	11123693	G	T	SMARCA4	Missense_Mutation	101	13	114	0.11403508771929824	2	1	1	0.6516	1	0.6516	0.6516	False	0.35	2.09
19	12817467	G	A	TNPO2	Silent	64	6	70	0.08571428571428572	2	1	1	0.4898	1	0.4898	0.4898	False	0.35	2.09
19	13419248	C	T	CACNA1A	Missense_Mutation	46	8	54	0.14814814814814814	2	1	1	0.8466	1	0.8466	0.8466	False	0.35	2.09
19	14034594	G	A	CC2D1A	Missense_Mutation	143	18	161	0.11180124223602485	2	1	1	0.6389	1	0.6389	0.6389	False	0.35	2.09
19	14046600	G	A	PODNL1	Missense_Mutation	36	6	42	0.14285714285714285	2	1	1	0.8163	1	0.8163	0.8163	False	0.35	2.09
19	15760019	T	C	CYP4F3	Missense_Mutation	203	15	218	0.06880733944954129	2	1	1	0.3932	1	0.3932	0.3932	False	0.35	2.09
19	16040318	G	T	CYP4F11	Missense_Mutation	346	48	394	0.1218274111675127	2	1	1	0.6962	1	0.6962	0.6962	False	0.35	2.09
19	16986971	C	T	SIN3B	Missense_Mutation	51	6	57	0.10526315789473684	2	1	1	0.6015	1	0.6015	0.6015	False	0.35	2.09
19	17394149	C	A	ANKLE1	Missense_Mutation	178	38	216	0.17592592592592593	2	1	1	1.0053	1	1.0053	1.0	True	0.35	2.09
19	17838610	C	T	MAP1S	Missense_Mutation	29	7	36	0.19444444444444445	2	1	1	1.1111	1	1.1111	1.0	True	0.35	2.09
19	18499232	A	C	GDF15	Silent	38	3	41	0.07317073170731707	2	1	1	0.4181	1	0.4181	0.4181	False	0.35	2.09
19	18900795	C	T	COMP	Missense_Mutation	28	3	31	0.0967741935483871	2	1	1	0.553	1	0.553	0.553	False	0.35	2.09
19	19312451	A	G	RFXANK	Intron	234	52	286	0.18181818181818182	2	1	1	1.039	1	1.039	1.0	True	0.35	2.09
19	19638863	C	T	NDUFA13	Silent	38	9	47	0.19148936170212766	2	1	1	1.0942	1	1.0942	1.0	True	0.35	2.09
19	20045515	A	C	ZNF93	Missense_Mutation	73	18	91	0.1978021978021978	2	1	1	1.1303	1	1.1303	1.0	True	0.35	2.09
19	21216290	T	A	ZNF430	Missense_Mutation	234	34	268	0.12686567164179105	2	1	1	0.7249	1	0.7249	0.7249	False	0.35	2.09
19	22362819	C	T	ZNF676	Missense_Mutation	112	19	131	0.1450381679389313	2	1	1	0.8288	1	0.8288	0.8288	False	0.35	2.09
19	22605092	G	T	ZNF98	5'UTR	99	11	110	0.1	2	1	1	0.5714	1	0.5714	0.5714	False	0.35	2.09
19	33370222	C	T	CEP89	Missense_Mutation	275	49	324	0.15123456790123457	2	1	1	0.8642	1	0.8642	0.8642	True	0.35	2.09
19	34302406	G	A	KCTD15	Silent	63	8	71	0.11267605633802817	2	1	1	0.6439	1	0.6439	0.6439	False	0.35	2.09
19	35791193	G	A	MAG	Missense_Mutation	23	10	33	0.30303030303030304	2	1	1	1.7316	1	1.7316	1.0	True	0.35	2.09
19	36134636	C	T	ETV2	Silent	144	17	161	0.10559006211180125	2	1	1	0.6034	1	0.6034	0.6034	False	0.35	2.09
19	36233448	G	A	U2AF1L4	3'UTR	29	6	35	0.17142857142857143	2	1	1	0.9796	1	0.9796	0.9796	True	0.35	2.09
19	37644345	A	G	ZNF585A	Silent	194	31	225	0.13777777777777778	2	1	1	0.7873	1	0.7873	0.7873	False	0.35	2.09
19	39398282	G	A	NFKBIB	Missense_Mutation	19	4	23	0.17391304347826086	2	1	1	0.9938	1	0.9938	0.9938	True	0.35	2.09
19	39860427	C	T	SAMD4B	Missense_Mutation	85	21	106	0.19811320754716982	2	1	1	1.1321	1	1.1321	1.0	True	0.35	2.09
19	39961097	C	T	SUPT5H	Silent	255	45	300	0.15	2	1	1	0.8571	1	0.8571	0.8571	True	0.35	2.09
19	40363285	C	T	FCGBP	Missense_Mutation	26	3	29	0.10344827586206896	2	1	1	0.5911	1	0.5911	0.5911	False	0.35	2.09
19	40929414	C	T	SERTAD1	Missense_Mutation	126	8	134	0.05970149253731343	2	1	1	0.3412	1	0.3412	0.3412	False	0.35	2.09
19	41349733	G	A	CYP2A6	Nonsense_Mutation	259	18	277	0.06498194945848375	2	1	1	0.3713	1	0.3713	0.3713	False	0.35	2.09
19	42301697	G	T	CEACAM3	Nonsense_Mutation	293	58	351	0.16524216524216523	2	1	1	0.9442	1	0.9442	0.9442	True	0.35	2.09
19	44174241	A	G	PLAUR	Missense_Mutation	147	32	179	0.1787709497206704	2	1	1	1.0215	1	1.0215	1.0	True	0.35	2.09
19	44791754	A	G	ZNF235	Missense_Mutation	276	50	326	0.15337423312883436	2	1	1	0.8764	1	0.8764	0.8764	True	0.35	2.09
19	45805809	C	T	MARK4	Silent	37	7	44	0.1590909090909091	2	1	1	0.9091	1	0.9091	0.9091	True	0.35	2.09
19	46832597	G	A	HIF3A	Missense_Mutation	80	20	100	0.2	2	1	1	1.1429	1	1.1429	1.0	True	0.35	2.09
19	46915732	G	T	CCDC8	Silent	181	29	210	0.1380952380952381	2	1	1	0.7891	1	0.7891	0.7891	False	0.35	2.09
19	48733886	C	G	CARD8	Missense_Mutation	228	60	288	0.20833333333333334	2	1	1	1.1905	1	1.1905	1.0	True	0.35	2.09
19	48908191	G	A	GRIN2D	Silent	165	35	200	0.175	2	1	1	1.0	1	1.0	1.0	True	0.35	2.09
19	49238628	C	T	RASIP1	Missense_Mutation	34	7	41	0.17073170731707318	2	1	1	0.9756	1	0.9756	0.9756	True	0.35	2.09
19	49793594	A	G	SLC6A16	Missense_Mutation	93	24	117	0.20512820512820512	2	1	1	1.1722	1	1.1722	1.0	True	0.35	2.09
19	50166672	C	T	IRF3	Missense_Mutation	80	16	96	0.16666666666666666	2	1	1	0.9524	1	0.9524	0.9524	True	0.35	2.09
19	50195521	G	A	CPT1C	Silent	106	20	126	0.15873015873015872	2	1	1	0.907	1	0.907	0.907	True	0.35	2.09
19	50752310	C	T	MYH14	Missense_Mutation	32	6	38	0.15789473684210525	2	1	1	0.9023	1	0.9023	0.9023	True	0.35	2.09
19	50847954	T	C	NAPSB	RNA	11	3	14	0.21428571428571427	2	1	1	1.2245	1	1.2245	1.0	True	0.35	2.09
19	50882014	G	A	NR1H2	Silent	118	19	137	0.1386861313868613	2	1	1	0.7925	1	0.7925	0.7925	False	0.35	2.09
19	50979543	G	A	FAM71E1	Missense_Mutation	57	14	71	0.19718309859154928	2	1	1	1.1268	1	1.1268	1.0	True	0.35	2.09
19	51021472	C	T	LRRC4B	Missense_Mutation	29	4	33	0.12121212121212122	2	1	1	0.6926	1	0.6926	0.6926	False	0.35	2.09
19	51527542	C	A	KLK11	Missense_Mutation	165	23	188	0.12234042553191489	2	1	1	0.6991	1	0.6991	0.6991	False	0.35	2.09
19	52819102	A	G	ZNF480	Missense_Mutation	81	13	94	0.13829787234042554	2	1	1	0.7903	1	0.7903	0.7903	False	0.35	2.09
19	53085749	C	T	ZNF701	Missense_Mutation	259	51	310	0.16451612903225807	2	1	1	0.9401	1	0.9401	0.9401	True	0.35	2.09
19	53912301	A	G	ZNF765	Missense_Mutation	98	13	111	0.11711711711711711	2	1	1	0.6692	1	0.6692	0.6692	False	0.35	2.09
19	55098813	A	G	LILRA2	Nonstop_Mutation	62	14	76	0.18421052631578946	2	1	1	1.0526	1	1.0526	1.0	True	0.35	2.09
19	55687229	G	C	SYT5	Missense_Mutation	157	38	195	0.19487179487179487	2	1	1	1.1136	1	1.1136	1.0	True	0.35	2.09
19	55790814	C	T	HSPBP1	Missense_Mutation	116	18	134	0.13432835820895522	2	1	1	0.7676	1	0.7676	0.7676	False	0.35	2.09
19	57175267	C	T	ZNF835	Missense_Mutation	87	16	103	0.1553398058252427	2	1	1	0.8877	1	0.8877	0.8877	True	0.35	2.09
19	57335816	G	T	PEG3	Missense_Mutation	145	26	171	0.15204678362573099	2	1	1	0.8688	1	0.8688	0.8688	True	0.35	2.09
19	57765984	T	C	ZNF805	Silent	51	8	59	0.13559322033898305	2	1	1	0.7748	1	0.7748	0.7748	False	0.35	2.09
19	58153457	A	G	ZNF211	Missense_Mutation	195	47	242	0.19421487603305784	2	1	1	1.1098	1	1.1098	1.0	True	0.35	2.09
19	58288015	C	T	ZNF586	Silent	384	65	449	0.1447661469933185	2	1	1	0.8272	1	0.8272	0.8272	False	0.35	2.09
19	58490178	A	T	ZNF606	Missense_Mutation	141	24	165	0.14545454545454545	2	1	1	0.8312	1	0.8312	0.8312	False	0.35	2.09
19	58640644	C	T	ZNF329	Missense_Mutation	140	20	160	0.125	2	1	1	0.7143	1	0.7143	0.7143	False	0.35	2.09
19	58904820	C	T	RPS5	Missense_Mutation	141	20	161	0.12422360248447205	2	1	1	0.7098	1	0.7098	0.7098	False	0.35	2.09
20	259839	G	T	C20orf96	Missense_Mutation	46	11	57	0.19298245614035087	2	1	1	1.1028	1	1.1028	1.0	True	0.35	2.09
20	3299036	G	A	C20orf194	Silent	125	25	150	0.16666666666666666	2	1	1	0.9524	1	0.9524	0.9524	True	0.35	2.09
20	3732766	A	G	HSPA12B	Missense_Mutation	49	7	56	0.125	2	1	1	0.7143	1	0.7143	0.7143	False	0.35	2.09
20	3766572	C	T	CENPB	Missense_Mutation	68	10	78	0.1282051282051282	2	1	1	0.7326	1	0.7326	0.7326	False	0.35	2.09
20	5283318	C	T	PROKR2	Missense_Mutation	247	22	269	0.08178438661710037	2	1	1	0.4673	1	0.4673	0.4673	False	0.35	2.09
20	5564949	G	A	GPCPD1	Silent	83	16	99	0.16161616161616163	2	1	1	0.9235	1	0.9235	0.9235	True	0.35	2.09
20	10026338	T	G	ANKEF1	Silent	62	14	76	0.18421052631578946	2	1	1	1.0526	1	1.0526	1.0	True	0.35	2.09
20	10036204	C	T	ANKEF1	Nonsense_Mutation	68	11	79	0.13924050632911392	2	1	1	0.7957	1	0.7957	0.7957	False	0.35	2.09
20	19701764	C	T	SLC24A3	Missense_Mutation	144	28	172	0.16279069767441862	2	1	1	0.9302	1	0.9302	0.9302	True	0.35	2.09
20	19972890	C	T	RIN2	Missense_Mutation	25	5	30	0.16666666666666666	2	1	1	0.9524	1	0.9524	0.9524	True	0.35	2.09
20	20349795	A	G	INSM1	Missense_Mutation	34	5	39	0.1282051282051282	2	1	1	0.7326	1	0.7326	0.7326	False	0.35	2.09
20	21493107	G	A	NKX2-2	Silent	13	7	20	0.35	2	1	1	2.0	1	2.0	1.0	True	0.35	2.09
20	25257947	G	A	PYGB	Silent	90	18	108	0.16666666666666666	2	1	1	0.9524	1	0.9524	0.9524	True	0.35	2.09
20	25456869	C	A	NINL	Missense_Mutation	151	35	186	0.1881720430107527	2	1	1	1.0753	1	1.0753	1.0	True	0.35	2.09
20	25457248	G	A	NINL	Silent	22	5	27	0.18518518518518517	2	1	1	1.0582	1	1.0582	1.0	True	0.35	2.09
20	30064348	A	C	REM1	Missense_Mutation	153	34	187	0.18181818181818182	2	1	1	1.039	1	1.039	1.0	True	0.35	2.09
20	31023219	C	T	ASXL1	Missense_Mutation	153	29	182	0.15934065934065933	2	1	1	0.9105	1	0.9105	0.9105	True	0.35	2.09
20	31040055	T	C	C20orf112	Silent	69	16	85	0.18823529411764706	2	1	1	1.0756	1	1.0756	1.0	True	0.35	2.09
20	31315724	T	A	COMMD7	Nonsense_Mutation	102	23	125	0.184	2	1	1	1.0514	1	1.0514	1.0	True	0.35	2.09
20	31389173	T	C	DNMT3B	Missense_Mutation	82	29	111	0.26126126126126126	2	1	1	1.4929	1	1.4929	1.0	True	0.35	2.09
20	36779433	C	A	TGM2	Nonsense_Mutation	189	38	227	0.16740088105726872	2	1	1	0.9566	1	0.9566	0.9566	True	0.35	2.09
20	36779450	A	C	TGM2	Missense_Mutation	171	37	208	0.1778846153846154	2	1	1	1.0165	1	1.0165	1.0	True	0.35	2.09
20	44505691	G	A	ZSWIM3	Missense_Mutation	99	20	119	0.16806722689075632	2	1	1	0.9604	1	0.9604	0.9604	True	0.35	2.09
20	48524813	C	T	SPATA2	Missense_Mutation	146	35	181	0.19337016574585636	2	1	1	1.105	1	1.105	1.0	True	0.35	2.09
20	49211196	T	C	FAM65C	Silent	157	35	192	0.18229166666666666	2	1	1	1.0417	1	1.0417	1.0	True	0.35	2.09
20	57769284	T	C	ZNF831	Silent	55	8	63	0.12698412698412698	2	1	1	0.7256	1	0.7256	0.7256	False	0.35	2.09
20	60714763	T	A	PSMA7	Intron	41	9	50	0.18	2	1	1	1.0286	1	1.0286	1.0	True	0.35	2.09
20	61512442	G	A	DIDO1	Silent	36	8	44	0.18181818181818182	2	1	1	1.039	1	1.039	1.0	True	0.35	2.09
20	62076690	C	T	KCNQ2	Missense_Mutation	122	19	141	0.1347517730496454	2	1	1	0.77	1	0.77	0.77	False	0.35	2.09
20	62576024	G	A	UCKL1	Missense_Mutation	42	7	49	0.14285714285714285	2	1	1	0.8163	1	0.8163	0.8163	False	0.35	2.09
20	62837074	T	C	MYT1	Silent	40	10	50	0.2	2	1	1	1.1429	1	1.1429	1.0	True	0.35	2.09
21	16338052	C	T	NRIP1	Missense_Mutation	104	14	118	0.11864406779661017	2	1	1	0.678	1	0.678	0.678	False	0.35	2.09
21	17443679	G	A	LINC00478	RNA	64	13	77	0.16883116883116883	2	1	1	0.9647	1	0.9647	0.9647	True	0.35	2.09
21	26979747	C	T	MRPL39	Nonsense_Mutation	99	16	115	0.1391304347826087	2	1	1	0.795	1	0.795	0.795	False	0.35	2.09
21	30714967	G	A	BACH1	Missense_Mutation	107	24	131	0.183206106870229	2	1	1	1.0469	1	1.0469	1.0	True	0.35	2.09
21	31691902	T	G	KRTAP26-1	Missense_Mutation	397	65	462	0.1406926406926407	2	1	1	0.804	1	0.804	0.804	False	0.35	2.09
21	31914183	C	T	KRTAP19-6	5'UTR	80	20	100	0.2	2	1	1	1.1429	1	1.1429	1.0	True	0.35	2.09
21	32410527	G	T	KRTAP19-8	3'UTR	102	13	115	0.11304347826086956	2	1	1	0.646	1	0.646	0.646	False	0.35	2.09
21	33318443	G	A	HUNK	Missense_Mutation	90	13	103	0.1262135922330097	2	1	1	0.7212	1	0.7212	0.7212	False	0.35	2.09
21	34721569	G	T	IFNAR1	Nonsense_Mutation	130	25	155	0.16129032258064516	2	1	1	0.9217	1	0.9217	0.9217	True	0.35	2.09
21	38308845	G	T	HLCS	Silent	149	38	187	0.20320855614973263	2	1	1	1.1612	1	1.1612	1.0	True	0.35	2.09
21	38525304	T	C	TTC3	Missense_Mutation	66	11	77	0.14285714285714285	2	1	1	0.8163	1	0.8163	0.8163	False	0.35	2.09
21	39493330	G	A	DSCR4	Missense_Mutation	93	13	106	0.12264150943396226	2	1	1	0.7008	1	0.7008	0.7008	False	0.35	2.09
21	39671647	T	C	KCNJ15	Missense_Mutation	90	21	111	0.1891891891891892	2	1	1	1.0811	1	1.0811	1.0	True	0.35	2.09
21	40181960	T	C	ETS2	Translation_Start_Site	26	5	31	0.16129032258064516	2	1	1	0.9217	1	0.9217	0.9217	True	0.35	2.09
21	43411690	C	T	ZBTB21	Missense_Mutation	147	28	175	0.16	2	1	1	0.9143	1	0.9143	0.9143	True	0.35	2.09
21	43863456	G	A	UBASH3A	Missense_Mutation	36	5	41	0.12195121951219512	2	1	1	0.6969	1	0.6969	0.6969	False	0.35	2.09
21	44448975	A	G	PKNOX1	Missense_Mutation	105	18	123	0.14634146341463414	2	1	1	0.8362	1	0.8362	0.8362	False	0.35	2.09
21	45563112	G	A	C21orf33	Missense_Mutation	80	18	98	0.1836734693877551	2	1	1	1.0496	1	1.0496	1.0	True	0.35	2.09
21	46702346	T	C	POFUT2	Missense_Mutation	71	8	79	0.10126582278481013	2	1	1	0.5787	1	0.5787	0.5787	False	0.35	2.09
21	48019327	G	T	S100B	Silent	151	31	182	0.17032967032967034	2	1	1	0.9733	1	0.9733	0.9733	True	0.35	2.09
22	18064145	G	A	SLC25A18	Silent	182	32	214	0.14953271028037382	2	1	1	0.8545	1	0.8545	0.8545	True	0.35	2.09
22	18389447	C	A	MICAL3	Missense_Mutation	221	40	261	0.1532567049808429	2	1	1	0.8758	1	0.8758	0.8758	True	0.35	2.09
22	19965081	C	T	ARVCF	Missense_Mutation	115	27	142	0.19014084507042253	2	1	1	1.0865	1	1.0865	1.0	True	0.35	2.09
22	20130875	C	T	ZDHHC8	Silent	13	4	17	0.23529411764705882	2	1	1	1.3445	1	1.3445	1.0	True	0.35	2.09
22	20786261	G	A	SCARF2	Missense_Mutation	42	11	53	0.20754716981132076	2	1	1	1.186	1	1.186	1.0	True	0.35	2.09
22	21322261	C	T	AIFM3	Missense_Mutation	89	12	101	0.1188118811881188	2	1	1	0.6789	1	0.6789	0.6789	False	0.35	2.09
22	21384146	C	A	SLC7A4	Missense_Mutation	40	8	48	0.16666666666666666	2	1	1	0.9524	1	0.9524	0.9524	True	0.35	2.09
22	23503094	C	T	RAB36	Silent	105	16	121	0.1322314049586777	2	1	1	0.7556	1	0.7556	0.7556	False	0.35	2.09
22	24086127	G	A	ZNF70	Missense_Mutation	239	53	292	0.1815068493150685	2	1	1	1.0372	1	1.0372	1.0	True	0.35	2.09
22	24629866	A	T	GGT5	Missense_Mutation	112	22	134	0.16417910447761194	2	1	1	0.9382	1	0.9382	0.9382	True	0.35	2.09
22	24982323	C	T	FAM211B	Missense_Mutation	399	72	471	0.15286624203821655	2	1	1	0.8735	1	0.8735	0.8735	True	0.35	2.09
22	29750678	T	C	AP1B1	Missense_Mutation	118	17	135	0.1259259259259259	2	1	1	0.7196	1	0.7196	0.7196	False	0.35	2.09
22	31487726	A	G	SMTN	Missense_Mutation	37	4	41	0.0975609756097561	2	1	1	0.5575	1	0.5575	0.5575	False	0.35	2.09
22	32241050	C	A	DEPDC5	Missense_Mutation	132	21	153	0.13725490196078433	2	1	1	0.7843	1	0.7843	0.7843	False	0.35	2.09
22	34157419	C	T	LARGE	Silent	181	26	207	0.12560386473429952	2	1	1	0.7177	1	0.7177	0.7177	False	0.35	2.09
22	35689659	G	T	HMGXB4	3'UTR	110	16	126	0.12698412698412698	2	1	1	0.7256	1	0.7256	0.7256	False	0.35	2.09
22	36745257	A	G	MYH9	Missense_Mutation	50	14	64	0.21875	2	1	1	1.25	1	1.25	1.0	True	0.35	2.09
22	36916708	G	A	EIF3D	Missense_Mutation	36	12	48	0.25	2	1	1	1.4286	1	1.4286	1.0	True	0.35	2.09
22	38948670	C	T	DMC1	Splice_Site	55	7	62	0.11290322580645161	2	1	1	0.6452	1	0.6452	0.6452	False	0.35	2.09
22	40657998	C	T	TNRC6B	Missense_Mutation	22	5	27	0.18518518518518517	2	1	1	1.0582	1	1.0582	1.0	True	0.35	2.09
22	41613326	A	G	L3MBTL2	Intron	8	3	11	0.2727272727272727	2	1	1	1.5584	1	1.5584	1.0	True	0.35	2.09
22	43569788	C	T	TTLL12	Missense_Mutation	79	17	96	0.17708333333333334	2	1	1	1.0119	1	1.0119	1.0	True	0.35	2.09
22	44547380	G	A	PARVB	Silent	110	16	126	0.12698412698412698	2	1	1	0.7256	1	0.7256	0.7256	False	0.35	2.09
22	47188435	T	C	TBC1D22A	Silent	195	37	232	0.15948275862068967	2	1	1	0.9113	1	0.9113	0.9113	True	0.35	2.09
22	48885456	A	G	FAM19A5	Missense_Mutation	19	3	22	0.13636363636363635	2	1	1	0.7792	1	0.7792	0.7792	False	0.35	2.09
22	50882688	C	A	PPP6R2	3'UTR	62	10	72	0.1388888888888889	2	1	1	0.7937	1	0.7937	0.7937	False	0.35	2.09
22	50905867	C	T	SBF1	Missense_Mutation	160	30	190	0.15789473684210525	2	1	1	0.9023	1	0.9023	0.9023	True	0.35	2.09
22	50967711	G	C	TYMP	Missense_Mutation	52	8	60	0.13333333333333333	2	1	1	0.7619	1	0.7619	0.7619	False	0.35	2.09
X	2659001	C	T	CD99	3'UTR	16	4	20	0.2	2	1	1	1.1429	1	1.1429	1.0	True	0.35	2.09
X	3229371	C	T	MXRA5	Silent	126	29	155	0.1870967741935484	2	1	1	1.0691	1	1.0691	1.0	True	0.35	2.09
X	3235196	G	T	MXRA5	Missense_Mutation	25	6	31	0.1935483870967742	2	1	1	1.106	1	1.106	1.0	True	0.35	2.09
X	3235707	G	A	MXRA5	Silent	67	7	74	0.0945945945945946	2	1	1	0.5405	1	0.5405	0.5405	False	0.35	2.09
X	7870101	G	A	PNPLA4	Nonsense_Mutation	156	17	173	0.09826589595375723	2	1	1	0.5615	1	0.5615	0.5615	False	0.35	2.09
X	9660159	A	G	TBL1X	Silent	258	59	317	0.1861198738170347	2	1	1	1.0635	1	1.0635	1.0	True	0.35	2.09
X	10427835	G	A	MID1	Missense_Mutation	192	27	219	0.1232876712328767	2	1	1	0.7045	1	0.7045	0.7045	False	0.35	2.09
X	12809648	C	T	PRPS2	Missense_Mutation	55	7	62	0.11290322580645161	2	1	1	0.6452	1	0.6452	0.6452	False	0.35	2.09
X	12938574	G	A	TLR8	Missense_Mutation	128	23	151	0.152317880794702	2	1	1	0.8704	1	0.8704	0.8704	True	0.35	2.09
X	14038456	C	T	GEMIN8	Silent	214	29	243	0.11934156378600823	2	1	1	0.682	1	0.682	0.682	False	0.35	2.09
X	15841310	G	A	ZRSR2	Missense_Mutation	60	10	70	0.14285714285714285	2	1	1	0.8163	1	0.8163	0.8163	False	0.35	2.09
X	16672634	G	T	S100G	3'UTR	90	13	103	0.1262135922330097	2	1	1	0.7212	1	0.7212	0.7212	False	0.35	2.09
X	19045371	T	C	GPR64	Missense_Mutation	260	41	301	0.1362126245847176	2	1	1	0.7784	1	0.7784	0.7784	False	0.35	2.09
X	21675009	C	T	KLHL34	Missense_Mutation	32	4	36	0.1111111111111111	2	1	1	0.6349	1	0.6349	0.6349	False	0.35	2.09
X	22051188	C	T	PHEX	Missense_Mutation	166	24	190	0.12631578947368421	2	1	1	0.7218	1	0.7218	0.7218	False	0.35	2.09
X	23411550	G	A	PTCHD1	Missense_Mutation	126	23	149	0.15436241610738255	2	1	1	0.8821	1	0.8821	0.8821	True	0.35	2.09
X	23721968	G	A	ACOT9	3'UTR	35	5	40	0.125	2	1	1	0.7143	1	0.7143	0.7143	False	0.35	2.09
X	23722911	C	T	ACOT9	Silent	367	24	391	0.061381074168797956	2	1	1	0.3507	1	0.3507	0.3507	False	0.35	2.09
X	32490402	C	T	DMD	Missense_Mutation	144	15	159	0.09433962264150944	2	1	1	0.5391	1	0.5391	0.5391	False	0.35	2.09
X	34149740	G	A	FAM47A	Missense_Mutation	138	12	150	0.08	2	1	1	0.4571	1	0.4571	0.4571	False	0.35	2.09
X	37027561	G	T	FAM47C	Nonsense_Mutation	187	34	221	0.15384615384615385	2	1	1	0.8791	1	0.8791	0.8791	True	0.35	2.09
X	37028339	G	A	FAM47C	Missense_Mutation	188	31	219	0.1415525114155251	2	1	1	0.8089	1	0.8089	0.8089	False	0.35	2.09
X	37545386	G	A	XK	Missense_Mutation	32	7	39	0.1794871794871795	2	1	1	1.0256	1	1.0256	1.0	True	0.35	2.09
X	41413004	T	C	CASK	Silent	41	6	47	0.1276595744680851	2	1	1	0.7295	1	0.7295	0.7295	False	0.35	2.09
X	43603382	C	T	MAOA	Silent	72	23	95	0.24210526315789474	2	1	1	1.3835	1	1.3835	1.0	True	0.35	2.09
X	47424262	G	A	ARAF	Silent	33	9	42	0.21428571428571427	2	1	1	1.2245	1	1.2245	1.0	True	0.35	2.09
X	47464744	G	A	SYN1	Missense_Mutation	41	9	50	0.18	2	1	1	1.0286	1	1.0286	1.0	True	0.35	2.09
X	48458953	A	G	WDR13	Missense_Mutation	46	9	55	0.16363636363636364	2	1	1	0.9351	1	0.9351	0.9351	True	0.35	2.09
X	48923103	A	G	CCDC120	Silent	48	13	61	0.21311475409836064	2	1	1	1.2178	1	1.2178	1.0	True	0.35	2.09
X	48925339	G	A	CCDC120	Silent	25	3	28	0.10714285714285714	2	1	1	0.6122	1	0.6122	0.6122	False	0.35	2.09
X	49127199	C	T	PPP1R3F	Silent	27	5	32	0.15625	2	1	1	0.8929	1	0.8929	0.8929	True	0.35	2.09
X	50125581	A	G	DGKK	RNA	68	16	84	0.19047619047619047	2	1	1	1.0884	1	1.0884	1.0	True	0.35	2.09
X	51487354	A	C	GSPT2	Missense_Mutation	30	15	45	0.3333333333333333	2	1	1	1.9048	1	1.9048	1.0	True	0.35	2.09
X	51637865	C	T	MAGED1	Missense_Mutation	190	33	223	0.14798206278026907	2	1	1	0.8456	1	0.8456	0.8456	False	0.35	2.09
X	52896166	T	G	XAGE3	5'UTR	214	34	248	0.13709677419354838	2	1	1	0.7834	1	0.7834	0.7834	False	0.35	2.09
X	53112184	G	A	TSPYL2	Silent	37	7	44	0.1590909090909091	2	1	1	0.9091	1	0.9091	0.9091	True	0.35	2.09
X	53222406	C	T	KDM5C	Missense_Mutation	114	16	130	0.12307692307692308	2	1	1	0.7033	1	0.7033	0.7033	False	0.35	2.09
X	53284024	C	T	IQSEC2	Missense_Mutation	22	5	27	0.18518518518518517	2	1	1	1.0582	1	1.0582	1.0	True	0.35	2.09
X	54209086	C	T	FAM120C	Silent	36	4	40	0.1	2	1	1	0.5714	1	0.5714	0.5714	False	0.35	2.09
X	54209092	C	T	FAM120C	Silent	35	4	39	0.10256410256410256	2	1	1	0.5861	1	0.5861	0.5861	False	0.35	2.09
X	55513677	C	T	USP51	Missense_Mutation	62	11	73	0.1506849315068493	2	1	1	0.8611	1	0.8611	0.8611	True	0.35	2.09
X	63555964	G	T	MTMR8	Silent	106	19	125	0.152	2	1	1	0.8686	1	0.8686	0.8686	True	0.35	2.09
X	66766584	C	T	AR	Silent	33	7	40	0.175	2	1	1	1.0	1	1.0	1.0	True	0.35	2.09
X	67412807	A	C	OPHN1	Silent	111	16	127	0.12598425196850394	2	1	1	0.7199	1	0.7199	0.7199	False	0.35	2.09
X	69503872	A	G	RAB41	Silent	78	7	85	0.08235294117647059	2	1	1	0.4706	1	0.4706	0.4706	False	0.35	2.09
X	69669629	C	A	DLG3	Missense_Mutation	26	10	36	0.2777777777777778	2	1	1	1.5873	1	1.5873	1.0	True	0.35	2.09
X	69719839	C	A	DLG3	Silent	63	12	75	0.16	2	1	1	0.9143	1	0.9143	0.9143	True	0.35	2.09
X	70517705	C	T	NONO	Missense_Mutation	72	7	79	0.08860759493670886	2	1	1	0.5063	1	0.5063	0.5063	False	0.35	2.09
X	70836598	G	A	CXCR3	Silent	27	6	33	0.18181818181818182	2	1	1	1.039	1	1.039	1.0	True	0.35	2.09
X	74494453	C	A	UPRT	Missense_Mutation	27	4	31	0.12903225806451613	2	1	1	0.7373	1	0.7373	0.7373	False	0.35	2.09
X	75004644	C	T	MAGEE2	Silent	84	13	97	0.13402061855670103	2	1	1	0.7658	1	0.7658	0.7658	False	0.35	2.09
X	75649353	G	A	MAGEE1	Missense_Mutation	84	7	91	0.07692307692307693	2	1	1	0.4396	1	0.4396	0.4396	False	0.35	2.09
X	76225846	G	T	MIR325	RNA	82	22	104	0.21153846153846154	2	1	1	1.2088	1	1.2088	1.0	True	0.35	2.09
X	76920196	T	C	ATRX	Missense_Mutation	121	17	138	0.12318840579710146	2	1	1	0.7039	1	0.7039	0.7039	False	0.35	2.09
X	77224362	C	T	PGAM4	3'UTR	69	20	89	0.2247191011235955	2	1	1	1.2841	1	1.2841	1.0	True	0.35	2.09
X	83724232	G	T	HDX	Missense_Mutation	131	28	159	0.1761006289308176	2	1	1	1.0063	1	1.0063	1.0	True	0.35	2.09
X	84310876	G	A	APOOL	Silent	51	10	61	0.16393442622950818	2	1	1	0.9368	1	0.9368	0.9368	True	0.35	2.09
X	90690622	C	T	PABPC5	Missense_Mutation	64	16	80	0.2	2	1	1	1.1429	1	1.1429	1.0	True	0.35	2.09
X	99891682	G	T	TSPAN6	Missense_Mutation	34	3	37	0.08108108108108109	2	1	1	0.4633	1	0.4633	0.4633	False	0.35	2.09
X	100265551	C	T	TRMT2B	3'UTR	221	33	254	0.12992125984251968	2	1	1	0.7424	1	0.7424	0.7424	False	0.35	2.09
X	101818313	A	C	NXF4	RNA	64	15	79	0.189873417721519	2	1	1	1.085	1	1.085	1.0	True	0.35	2.09
X	102004814	T	G	BHLHB9	Silent	131	21	152	0.13815789473684212	2	1	1	0.7895	1	0.7895	0.7895	False	0.35	2.09
X	103041611	C	T	PLP1	Missense_Mutation	339	59	398	0.14824120603015076	2	1	1	0.8471	1	0.8471	0.8471	False	0.35	2.09
X	103267881	C	T	H2BFWT	Missense_Mutation	79	13	92	0.14130434782608695	2	1	1	0.8075	1	0.8075	0.8075	False	0.35	2.09
X	105152838	A	C	NRK	Missense_Mutation	115	17	132	0.12878787878787878	2	1	1	0.7359	1	0.7359	0.7359	False	0.35	2.09
X	106841349	A	C	FRMPD3	Missense_Mutation	89	10	99	0.10101010101010101	2	1	1	0.5772	1	0.5772	0.5772	False	0.35	2.09
X	108636252	A	G	GUCY2F	Silent	224	39	263	0.1482889733840304	2	1	1	0.8474	1	0.8474	0.8474	False	0.35	2.09
X	109441848	T	C	AMMECR1	Missense_Mutation	76	19	95	0.2	2	1	1	1.1429	1	1.1429	1.0	True	0.35	2.09
X	120181650	G	A	GLUD2	Missense_Mutation	43	5	48	0.10416666666666667	2	1	1	0.5952	1	0.5952	0.5952	False	0.35	2.09
X	129201411	G	A	ELF4	Missense_Mutation	183	31	214	0.14485981308411214	2	1	1	0.8278	1	0.8278	0.8278	False	0.35	2.09
X	129338851	G	A	ZNF280C	3'UTR	64	13	77	0.16883116883116883	2	1	1	0.9647	1	0.9647	0.9647	True	0.35	2.09
X	134025602	G	T	MOSPD1	Missense_Mutation	175	27	202	0.13366336633663367	2	1	1	0.7638	1	0.7638	0.7638	False	0.35	2.09
X	134709114	T	C	DDX26B	Missense_Mutation	260	44	304	0.14473684210526316	2	1	1	0.8271	1	0.8271	0.8271	False	0.35	2.09
X	135314371	C	T	MAP7D3	Missense_Mutation	135	15	150	0.1	2	1	1	0.5714	1	0.5714	0.5714	False	0.35	2.09
X	135405372	G	A	GPR112	Missense_Mutation	244	49	293	0.16723549488054607	2	1	1	0.9556	1	0.9556	0.9556	True	0.35	2.09
X	135428617	A	C	GPR112	Missense_Mutation	207	50	257	0.19455252918287938	2	1	1	1.1117	1	1.1117	1.0	True	0.35	2.09
X	135431470	A	G	GPR112	Missense_Mutation	156	36	192	0.1875	2	1	1	1.0714	1	1.0714	1.0	True	0.35	2.09
X	136112734	A	G	GPR101	Missense_Mutation	214	47	261	0.18007662835249041	2	1	1	1.029	1	1.029	1.0	True	0.35	2.09
X	136649262	G	A	ZIC3	Missense_Mutation	20	5	25	0.2	2	1	1	1.1429	1	1.1429	1.0	True	0.35	2.09
X	140995432	T	A	MAGEC1	Missense_Mutation	448	77	525	0.14666666666666667	2	1	1	0.8381	1	0.8381	0.8381	False	0.35	2.09
X	142718929	T	G	SLITRK4	5'UTR	59	9	68	0.1323529411764706	2	1	1	0.7563	1	0.7563	0.7563	False	0.35	2.09
X	147743680	G	A	AFF2	Silent	503	77	580	0.13275862068965516	2	1	1	0.7586	1	0.7586	0.7586	False	0.35	2.09
X	149809853	C	T	MTM1	Missense_Mutation	219	35	254	0.1377952755905512	2	1	1	0.7874	1	0.7874	0.7874	False	0.35	2.09
X	150156290	C	T	HMGB3	Missense_Mutation	90	23	113	0.20353982300884957	2	1	1	1.1631	1	1.1631	1.0	True	0.35	2.09
X	150348782	T	G	GPR50	Missense_Mutation	156	24	180	0.13333333333333333	2	1	1	0.7619	1	0.7619	0.7619	False	0.35	2.09
X	150911720	C	T	CNGA2	Missense_Mutation	182	35	217	0.16129032258064516	2	1	1	0.9217	1	0.9217	0.9217	True	0.35	2.09
X	151899916	T	C	MAGEA12	Silent	336	54	390	0.13846153846153847	2	1	1	0.7912	1	0.7912	0.7912	False	0.35	2.09
X	152158876	C	T	PNMA5	Missense_Mutation	151	29	180	0.16111111111111112	2	1	1	0.9206	1	0.9206	0.9206	True	0.35	2.09
X	152721222	G	A	HAUS7	Silent	92	12	104	0.11538461538461539	2	1	1	0.6593	1	0.6593	0.6593	False	0.35	2.09
X	152822455	A	G	ATP2B3	Missense_Mutation	13	3	16	0.1875	2	1	1	1.0714	1	1.0714	1.0	True	0.35	2.09
X	153171758	G	T	AVPR2	Silent	133	15	148	0.10135135135135136	2	1	1	0.5792	1	0.5792	0.5792	False	0.35	2.09
X	155127786	G	A	VAMP7	Missense_Mutation	128	13	141	0.09219858156028368	2	1	1	0.5268	1	0.5268	0.5268	False	0.35	2.09
