chr	start	end	WT.count	mut.count	subclonal.CN	nMaj1	nMin1	frac1	nMaj2	nMin2	frac2	phase	mutation.copy.number	subclonal.fraction	no.chrs.bearing.mut
1	1190768	1190769	196	54	NA	NA	NA	NA	NA	NA	NA	unphased	NA	NA	1
1	1262353	1262354	93	11	NA	NA	NA	NA	NA	NA	NA	unphased	NA	NA	1
1	1920389	1920390	61	10	NA	NA	NA	NA	NA	NA	NA	unphased	NA	NA	1
1	2939409	2939410	226	17	NA	NA	NA	NA	NA	NA	NA	unphased	NA	NA	1
1	3669281	3669282	111	30	2.22	2	1	0.22	1	1	0.78	unphased	2.07315096251267	1.69930406763333	1.22
1	3807395	3807396	89	9	2.22	2	1	0.22	1	1	0.78	unphased	0.894839650145773	0.894839650145773	1
1	6147561	6147562	145	41	2.22	2	1	0.22	1	1	0.78	unphased	2.14782898105479	1.76051555824163	1.22
1	6196656	6196657	149	25	2.22	2	1	0.22	1	1	0.78	unphased	1.39997263273125	1.14751855141906	1.22
1	8425870	8425871	142	14	2.22	2	1	0.22	1	1	0.78	unphased	0.874444444444445	0.874444444444445	1
1	11918460	11918461	77	5	2.22	2	1	0.22	1	1	0.78	unphased	0.594134727061556	0.594134727061556	1
1	12785390	12785391	298	51	2.22	2	1	0.22	1	1	0.78	unphased	1.42388047482603	1.16711514330003	1.22
1	12837327	12837328	173	62	2.22	2	1	0.22	1	1	0.78	unphased	2.5707071935157	2.10713704386533	1.22
1	13718455	13718456	108	13	2.22	2	1	0.22	1	1	0.78	unphased	1.04685556867375	1.04685556867375	1
1	15831139	15831140	90	22	2.22	2	1	0.22	1	1	0.78	unphased	1.91396258503401	1.56882179101149	1.22
1	17257064	17257065	75	8	2.22	2	1	0.22	1	1	0.78	unphased	0.939162363740677	0.939162363740677	1
1	17257065	17257066	72	8	2.22	2	1	0.22	1	1	0.78	unphased	0.974380952380953	0.974380952380953	1
1	17593245	17593246	205	19	2.22	2	1	0.22	1	1	0.78	unphased	0.826483843537415	0.826483843537415	1
1	19166908	19166909	146	15	2.22	2	1	0.22	1	1	0.78	unphased	0.907808340727595	0.907808340727595	1
1	20246810	20246811	60	18	2.22	2	1	0.22	1	1	0.78	unphased	2.24857142857143	1.84309133489461	1.22
1	22310311	22310312	250	18	2.22	2	1	0.22	1	1	0.78	unphased	0.654434968017058	0.654434968017058	1
1	24700269	24700270	453	72	2.22	2	1	0.22	1	1	0.78	unphased	1.33629387755102	1.09532285045166	1.22
1	26370835	26370836	63	10	2.22	2	1	0.22	1	1	0.78	unphased	1.33476842791911	1.33476842791911	1
1	26526437	26526438	51	8	2.22	2	1	0.22	1	1	0.78	unphased	1.32119451170299	1.32119451170299	1
1	27105666	27105667	141	34	2.22	2	1	0.22	1	1	0.78	unphased	1.89308299319728	1.55170737147318	1.22
1	27121067	27121068	121	9	2.22	2	1	0.22	1	1	0.78	unphased	0.674571428571429	0.674571428571429	1
1	27332970	27332971	80	9	2.22	2	1	0.22	1	1	0.78	unphased	0.985329052969503	0.985329052969503	1
1	27333052	27333053	80	15	2.22	2	1	0.22	1	1	0.78	unphased	1.5384962406015	1.5384962406015	1
1	32626213	32626214	93	18	2.22	2	1	0.22	1	1	0.78	unphased	1.58007722007722	1.29514526235838	1.22
1	33480186	33480187	320	92	2.22	2	1	0.22	1	1	0.78	unphased	2.17580212667591	1.7834443661278	1.22
1	34667732	34667733	113	9	2.22	2	1	0.22	1	1	0.78	unphased	0.718805620608899	0.718805620608899	1
1	35226985	35226986	86	6	2.22	2	1	0.22	1	1	0.78	unphased	0.635465838509317	0.635465838509317	1
1	35250727	35250728	214	12	2.22	2	1	0.22	1	1	0.78	unphased	0.517370417193426	0.517370417193426	1
1	35370073	35370074	175	16	2.22	2	1	0.22	1	1	0.78	unphased	0.816235352779856	0.816235352779856	1
1	36026316	36026317	119	17	2.22	2	1	0.22	1	1	0.78	unphased	1.21797619047619	1.21797619047619	1
1	36646029	36646030	19	7	2.22	2	1	0.22	1	1	0.78	unphased	2.62333333333333	2.15027322404372	1.22
1	37267484	37267485	137	32	2.22	2	1	0.22	1	1	0.78	unphased	1.84498168498169	1.51228006965712	1.22
1	37291208	37291209	41	9	2.22	2	1	0.22	1	1	0.78	unphased	1.75388571428571	1.75388571428571	1
1	38034453	38034454	376	39	2.22	2	1	0.22	1	1	0.78	unphased	0.91568330464716	0.91568330464716	1
1	39340851	39340852	224	12	2.22	2	1	0.22	1	1	0.78	unphased	0.49544794188862	0.49544794188862	1
1	39340852	39340853	223	14	2.22	2	1	0.22	1	1	0.78	unphased	0.575583684950774	0.575583684950774	1
1	39888556	39888557	71	9	2.22	2	1	0.22	1	1	0.78	unphased	1.09617857142857	1.09617857142857	1
1	40747026	40747027	292	15	2.22	2	1	0.22	1	1	0.78	unphased	0.476081898557469	0.476081898557469	1
1	43111811	43111812	69	15	2.22	2	1	0.22	1	1	0.78	unphased	1.73996598639456	1.42620162819226	1.22
1	43637202	43637203	333	77	2.22	2	1	0.22	1	1	0.78	unphased	1.82993495934959	1.49994668799147	1.22
1	43803814	43803815	142	13	2.22	2	1	0.22	1	1	0.78	unphased	0.817222734254993	0.817222734254993	1
1	44429989	44429990	171	28	2.22	2	1	0.22	1	1	0.78	unphased	1.37098827470687	1.12376088090727	1.22
1	46972666	46972667	223	15	2.22	2	1	0.22	1	1	0.78	unphased	0.614105642256903	0.614105642256903	1
1	53925145	53925146	92	26	2.22	2	1	0.22	1	1	0.78	unphased	2.14694108151735	1.75978777173554	1.22
1	53932272	53932273	616	156	2.22	2	1	0.22	1	1	0.78	unphased	1.96895632864545	1.61389863003725	1.22
1	54610302	54610303	79	6	2.22	2	1	0.22	1	1	0.78	unphased	0.687798319327731	0.687798319327731	1
1	55464865	55464866	172	19	2.22	2	1	0.22	1	1	0.78	unphased	0.969279481426078	0.969279481426078	1
1	57333352	57333353	74	8	2.22	2	1	0.22	1	1	0.78	unphased	0.95061556329849	0.95061556329849	1
1	57411561	57411562	105	13	2.22	2	1	0.22	1	1	0.78	unphased	1.07347054075868	1.07347054075868	1
1	60328549	60328550	116	11	2.22	2	1	0.22	1	1	0.78	unphased	0.84395200599925	0.84395200599925	1
1	62582841	62582842	92	10	2.22	2	1	0.22	1	1	0.78	unphased	0.955275443510738	0.955275443510738	1
1	67816659	67816660	189	12	2.22	2	1	0.22	1	1	0.78	unphased	0.581719971570718	0.581719971570718	1
1	70339152	70339153	333	18	2.22	2	1	0.22	1	1	0.78	unphased	0.49968253968254	0.49968253968254	1
1	70505072	70505073	195	14	2.22	2	1	0.22	1	1	0.78	unphased	0.652695374800638	0.652695374800638	1
1	70505073	70505074	192	14	2.22	2	1	0.22	1	1	0.78	unphased	0.662200647249191	0.662200647249191	1
1	72748122	72748123	111	8	2.22	2	1	0.22	1	1	0.78	unphased	0.655046018407363	0.655046018407363	1
1	74957894	74957895	261	24	2.22	2	1	0.22	1	1	0.78	unphased	0.820531328320802	0.820531328320802	1
1	75114988	75114989	127	9	2.22	2	1	0.22	1	1	0.78	unphased	0.644810924369748	0.644810924369748	1
1	76205758	76205759	89	23	2.22	2	1	0.22	1	1	0.78	unphased	2.00096088435374	1.6401318724211	1.22
1	76254897	76254898	143	32	2.22	2	1	0.22	1	1	0.78	unphased	1.78172517006803	1.46043046726888	1.22
1	82436172	82436173	93	21	2.22	2	1	0.22	1	1	0.78	unphased	1.79491228070175	1.4712395743457	1.22
1	82456309	82456310	190	11	2.22	2	1	0.22	1	1	0.78	unphased	0.533243307273158	0.533243307273158	1
1	82456511	82456512	149	16	2.22	2	1	0.22	1	1	0.78	unphased	0.944854256854257	0.944854256854257	1
1	85656357	85656358	276	66	2.22	2	1	0.22	1	1	0.78	unphased	1.8803842940685	1.5412986016955	1.22
1	87101775	87101776	142	13	2.22	2	1	0.22	1	1	0.78	unphased	0.817222734254993	0.817222734254993	1
1	87101776	87101777	142	13	2.22	2	1	0.22	1	1	0.78	unphased	0.817222734254993	0.817222734254993	1
1	89654457	89654458	313	23	2.22	2	1	0.22	1	1	0.78	unphased	0.666986961451247	0.666986961451247	1
1	89849269	89849270	111	38	2.22	2	1	0.22	1	1	0.78	unphased	2.48499840204538	2.03688393610277	1.22
1	91818089	91818090	89	31	2.22	2	1	0.22	1	1	0.78	unphased	2.51715079365079	2.06323835545147	1.22
1	92479899	92479900	12	5	2.22	2	1	0.22	1	1	0.78	unphased	2.86582633053221	2.34903797584608	1.22
1	93691945	93691946	102	17	2.22	2	1	0.22	1	1	0.78	unphased	1.39197278911565	1.39197278911565	1
1	99772060	99772061	150	9	2.22	2	1	0.22	1	1	0.78	unphased	0.551536388140162	0.551536388140162	1
1	99772269	99772270	54	6	2.22	2	1	0.22	1	1	0.78	unphased	0.974380952380953	0.974380952380953	1
1	100183081	100183082	125	14	2.22	2	1	0.22	1	1	0.78	unphased	0.981390887290168	0.981390887290168	1
1	103453204	103453205	77	31	2.22	2	1	0.22	1	1	0.78	unphased	2.79683421516755	2.29248706161275	1.22
1	104115873	104115874	520	29	2.22	2	1	0.22	1	1	0.78	unphased	0.514700320929829	0.514700320929829	1
1	108299899	108299900	93	10	1.88	2	1	0.44	1	0	0.56	unphased	0.912991215903837	0.912991215903837	1
1	109270512	109270513	199	13	1.88	2	1	0.44	1	0	0.56	unphased	0.576648697214735	1.31056522094258	0.44
1	109953730	109953731	36	8	1.88	2	1	0.44	1	0	0.56	unphased	1.70978354978355	1.70978354978355	1
1	110996661	110996662	83	10	1.88	2	1	0.44	1	0	0.56	unphased	1.01116231438812	1.01116231438812	1
1	111060305	111060306	197	18	1.88	2	1	0.44	1	0	0.56	unphased	0.787295681063123	0.787295681063123	1
1	113265778	113265779	38	6	1.88	2	1	0.44	1	0	0.56	unphased	1.28233766233766	1.28233766233766	1
1	114254367	114254368	102	6	1.88	2	1	0.44	1	0	0.56	unphased	0.522433862433862	0.522433862433862	1
1	114522081	114522082	37	4	1.88	2	1	0.44	1	0	0.56	unphased	0.917444831591173	0.917444831591173	1
1	114680352	114680353	145	21	1.88	2	1	0.44	1	0	0.56	unphased	1.18963855421687	1.18963855421687	1
1	115220006	115220007	156	14	1.88	2	1	0.44	1	0	0.56	unphased	0.77443137254902	0.77443137254902	1
1	115523984	115523985	154	41	1.88	2	1	0.44	1	0	0.56	unphased	1.97721123321123	1.37306335639669	1.44
1	117131681	117131682	162	14	1.88	2	1	0.44	1	0	0.56	unphased	0.748030303030303	0.748030303030303	1
1	117527321	117527322	127	18	1.88	2	1	0.44	1	0	0.56	unphased	1.16736945812808	1.16736945812808	1
1	120050034	120050035	40	6	1.88	2	1	0.44	1	0	0.56	unphased	1.22658385093168	1.22658385093168	1
1	120478158	120478159	219	58	1.88	2	1	0.44	1	0	0.56	unphased	1.96902870895651	1.36738104788646	1.44
1	145439779	145439780	265	17	NA	NA	NA	NA	NA	NA	NA	unphased	NA	NA	1
1	145539089	145539090	147	30	NA	NA	NA	NA	NA	NA	NA	unphased	NA	NA	1
1	145563068	145563069	177	21	NA	NA	NA	NA	NA	NA	NA	unphased	NA	NA	1
1	149916311	149916312	335	30	8	7	1	1	NA	NA	NA	unphased	1.27592954990215	1.27592954990215	1
1	150040771	150040772	251	17	8	7	1	1	NA	NA	NA	unphased	0.984719260838664	0.984719260838664	1
1	151149507	151149508	111	7	8	7	1	1	NA	NA	NA	unphased	0.92090395480226	0.92090395480226	1
1	151239024	151239025	76	80	8	7	1	1	NA	NA	NA	unphased	7.96092796092796	1.13727542298971	7
1	151867516	151867517	328	22	8	7	1	1	NA	NA	NA	unphased	0.97578231292517	0.97578231292517	1
1	152192276	152192277	955	84	3.88	5	1	0.47	1	1	0.53	unphased	0.921963426371511	0.921963426371511	1
1	152276775	152276776	569	335	3.88	5	1	0.47	1	1	0.53	unphased	4.22596923725242	0.945406988199647	4.47
1	152279054	152279055	1756	415	3.88	5	1	0.47	1	1	0.53	unphased	2.17990831523766	0.904526271882845	2.41
1	152282353	152282354	844	622	3.88	5	1	0.47	1	1	0.53	unphased	4.83845124407198	1.08242757138076	4.47
1	152283676	152283677	1026	93	3.88	5	1	0.47	1	1	0.53	unphased	0.947769692327333	0.947769692327333	1
1	152326452	152326453	600	63	3.88	5	1	0.47	1	1	0.53	unphased	1.08361990950226	1.08361990950226	1
1	152659625	152659626	198	91	3.88	5	1	0.47	1	1	0.53	unphased	3.59081891580162	1.03481813135493	3.47
1	152732302	152732303	435	23	3.88	5	1	0.47	1	1	0.53	unphased	0.572680390933666	1.21846891688014	0.47
1	152759970	152759971	272	39	3.88	5	1	0.47	1	1	0.53	unphased	1.43005971520441	0.972829738234292	1.47
1	152777760	152777761	189	77	3.88	5	1	0.47	1	1	0.53	unphased	3.30110275689223	0.968065324601827	3.41
1	154110712	154110713	131	14	3.88	5	1	0.47	1	1	0.53	unphased	1.10105747126437	1.10105747126437	1
1	154919270	154919271	156	10	3.88	5	1	0.47	1	1	0.53	unphased	0.686976477337923	0.686976477337923	1
1	155145211	155145212	130	33	3.88	5	1	0.47	1	1	0.53	unphased	2.30874671340929	0.957986188136635	2.41
1	155228630	155228631	421	144	3.88	5	1	0.47	1	1	0.53	unphased	2.90645764854614	1.00918668352297	2.88
1	156533419	156533420	54	7	3.58	3	1	0.86	0	1	0.14	unphased	1.27420765027322	1.27420765027322	1
1	156622599	156622600	84	27	3.58	3	1	0.86	0	1	0.14	unphased	2.70092664092664	0.992987735634795	2.72
1	156714927	156714928	93	32	3.58	3	1	0.86	0	1	0.14	unphased	2.84257523809524	0.993907425907426	2.86
1	157062579	157062580	128	40	3.58	3	1	0.86	0	1	0.14	unphased	2.6437641723356	1.02471479547892	2.58
1	157508920	157508921	109	12	3.58	3	1	0.86	0	1	0.14	unphased	1.10120425029516	1.10120425029516	1
1	157555976	157555977	180	43	3.58	3	1	0.86	0	1	0.14	unphased	2.14109331625027	1.15112543884423	1.86
1	157737467	157737468	78	26	3.58	3	1	0.86	0	1	0.14	unphased	2.77595238095238	1.02057072829132	2.72
1	157803247	157803248	295	42	3.58	3	1	0.86	0	1	0.14	unphased	1.38385756676558	0.804568352770686	1.72
1	158262613	158262614	84	14	3.58	3	1	0.86	0	1	0.14	unphased	1.58625850340136	0.922243315931024	1.72
1	158517592	158517593	196	22	3.58	3	1	0.86	0	1	0.14	unphased	1.12056793359546	1.12056793359546	1
1	158576966	158576967	334	95	3.58	3	1	0.86	0	1	0.14	unphased	2.45888555888556	0.953056418172697	2.58
1	158644205	158644206	371	46	3.58	3	1	0.86	0	1	0.14	unphased	1.22488066689506	1.22488066689506	1
1	158644206	158644207	372	45	3.58	3	1	0.86	0	1	0.14	unphased	1.19825282631038	1.19825282631038	1
1	158669884	158669885	166	52	3.58	3	1	0.86	0	1	0.14	unphased	2.64861511577108	0.973755557268779	2.72
1	159283597	159283598	190	14	3.58	3	1	0.86	0	1	0.14	unphased	0.76202614379085	0.76202614379085	1
1	160389246	160389247	333	13	3.04	6	1	0.34	1	0	0.66	unphased	0.396906138177815	1.16737099464063	0.34
1	160719713	160719714	286	32	3.04	6	1	0.34	1	0	0.66	unphased	1.06302485774184	1.06302485774184	1
1	160849174	160849175	277	13	3.04	6	1	0.34	1	0	0.66	unphased	0.473550082101806	1.39279435912296	0.34
1	160968655	160968656	118	10	3.04	6	1	0.34	1	0	0.66	unphased	0.825297619047619	0.825297619047619	1
1	161987226	161987227	295	30	3.04	6	1	0.34	1	0	0.66	unphased	0.975120879120879	0.975120879120879	1
1	162724442	162724443	162	58	1	3	1	0	0	1	1	unphased	2.24718614718615	1.12359307359307	2
1	163122408	163122409	431	183	1	3	1	0	0	1	1	unphased	2.54048394602141	1.2702419730107	2
1	165324855	165324856	16	4	1	3	1	0	0	1	1	unphased	1.7047619047619	1.7047619047619	1
1	165380316	165380317	107	12	1	3	1	0	0	1	1	unphased	0.859543817527011	0.859543817527011	1
1	165414137	165414138	83	22	1	3	1	0	0	1	1	unphased	1.7859410430839	0.89297052154195	2
1	165532901	165532902	108	11	1	3	1	0	0	1	1	unphased	0.787915166066427	0.787915166066427	1
1	167974026	167974027	89	14	1	3	1	0	0	1	1	unphased	1.15857605177994	1.15857605177994	1
1	169526045	169526046	83	15	1	3	1	0	0	1	1	unphased	1.30466472303207	1.30466472303207	1
1	171621554	171621555	163	18	1	3	1	0	0	1	1	unphased	0.847671665351223	0.847671665351223	1
1	173702930	173702931	169	44	1	3	1	0	0	1	1	unphased	1.76078694388554	0.880393471942768	2
1	173883689	173883690	100	14	1	3	1	0	0	1	1	unphased	1.04678362573099	1.04678362573099	1
1	176526097	176526098	207	66	1	3	1	0	0	1	1	unphased	2.06070120355835	1.03035060177917	2
1	176526098	176526099	211	64	1	3	1	0	0	1	1	unphased	1.98372294372294	0.991861471861472	2
1	176992706	176992707	65	16	1	3	1	0	0	1	1	unphased	1.68371546149324	0.84185773074662	2
1	177001825	177001826	162	62	1	3	1	0	0	1	1	unphased	2.35926870748299	1.1796343537415	2
1	177247803	177247804	523	39	1	3	1	0	0	1	1	unphased	0.591509913573971	0.591509913573971	1
1	178846683	178846684	94	25	1	3	1	0	0	1	1	unphased	1.79071628651461	0.895358143257303	2
1	179078177	179078178	34	24	1	3	1	0	0	1	1	unphased	3.52709359605911	1.76354679802956	2
1	179338106	179338107	74	39	1	3	1	0	0	1	1	unphased	2.94184576485461	1.47092288242731	2
1	179533829	179533830	125	9	1	3	1	0	0	1	1	unphased	0.572494669509595	0.572494669509595	1
1	179631267	179631268	226	21	1	3	1	0	0	1	1	unphased	0.724696356275304	0.724696356275304	1
1	179659900	179659901	96	51	1	3	1	0	0	1	1	unphased	2.95724003887269	1.47862001943635	2
1	179660006	179660007	115	19	1	3	1	0	0	1	1	unphased	1.20859985785359	1.20859985785359	1
1	180885303	180885304	83	6	1	3	1	0	0	1	1	unphased	0.574638844301766	0.574638844301766	1
1	181705561	181705562	39	10	1	3	1	0	0	1	1	unphased	1.73955296404276	0.86977648202138	2
1	185069341	185069342	65	20	1	3	1	0	0	1	1	unphased	2.00560224089636	1.00280112044818	2
1	185704049	185704050	244	25	1	3	1	0	0	1	1	unphased	0.792175606302	0.792175606302	1
1	186266033	186266034	109	10	1	3	1	0	0	1	1	unphased	0.716286514605842	0.716286514605842	1
1	192150454	192150455	114	10	1	3	1	0	0	1	1	unphased	0.687403993855607	0.687403993855607	1
1	196398798	196398799	96	26	1	3	1	0	0	1	1	unphased	1.81654957064793	0.908274785323966	2
1	196654311	196654312	205	52	1	3	1	0	0	1	1	unphased	1.72466184917547	0.862330924587734	2
1	196977661	196977662	47	14	1	3	1	0	0	1	1	unphased	1.95628415300546	0.978142076502732	2
1	197072367	197072368	190	52	1	3	1	0	0	1	1	unphased	1.83156237701692	0.915781188508461	2
1	197094180	197094181	102	21	1	3	1	0	0	1	1	unphased	1.45528455284553	0.727642276422764	2
1	197115616	197115617	42	4	1	3	1	0	0	1	1	unphased	0.74120082815735	0.74120082815735	1
1	197396582	197396583	76	10	1	3	1	0	0	1	1	unphased	0.991140642303433	0.991140642303433	1
1	198701653	198701654	52	6	1	3	1	0	0	1	1	unphased	0.881773399014778	0.881773399014778	1
1	201297977	201297978	189	19	1	3	1	0	0	1	1	unphased	0.778617216117216	0.778617216117216	1
1	202715448	202715449	110	30	1	3	1	0	0	1	1	unphased	1.8265306122449	0.913265306122449	2
1	204587228	204587229	54	19	1	3	1	0	0	1	1	unphased	2.21852576647097	1.10926288323549	2
1	204951080	204951081	59	16	1	3	1	0	0	1	1	unphased	1.8184126984127	0.909206349206349	2
1	205031439	205031440	24	6	1	3	1	0	0	1	1	unphased	1.7047619047619	1.7047619047619	1
1	206821657	206821658	200	32	1	3	1	0	0	1	1	unphased	1.17569786535304	1.17569786535304	1
1	207111096	207111097	33	13	1	3	1	0	0	1	1	unphased	2.40890269151139	1.20445134575569	2
1	207782847	207782848	55	7	1	3	1	0	0	1	1	unphased	0.962365591397849	0.962365591397849	1
1	208212307	208212308	134	34	1	3	1	0	0	1	1	unphased	1.7250566893424	0.862528344671202	2
1	208390213	208390214	100	28	1	3	1	0	0	1	1	unphased	1.86458333333333	0.932291666666667	2
1	210273452	210273453	115	21	1	3	1	0	0	1	1	unphased	1.31617647058824	1.31617647058824	1
1	215259912	215259913	168	19	1	3	1	0	0	1	1	unphased	0.866055513114337	0.866055513114337	1
1	216370013	216370014	79	9	2	1	1	0.25	1	1	0.75	unphased	0.974025974025974	0.974025974025974	1
1	217784287	217784288	125	14	2	1	1	0.25	1	1	0.75	unphased	0.959232613908873	0.959232613908873	1
1	220198514	220198515	89	6	2	1	1	0.25	1	1	0.75	unphased	0.601503759398496	0.601503759398496	1
1	220791839	220791840	102	21	2	1	1	0.25	1	1	0.75	unphased	1.6260162601626	1.6260162601626	1
1	222757544	222757545	318	34	8	7	1	1	NA	NA	NA	unphased	1.49945887445887	0.749729437229437	2
1	226566928	226566929	314	46	1.79	2	0	0.79	0	1	0.21	unphased	1.19009788359788	1.19009788359788	1
1	228547769	228547770	17	4	1.79	2	0	0.79	0	1	0.21	unphased	1.7740589569161	1.7740589569161	1
1	229588381	229588382	82	15	1.79	2	0	0.79	0	1	0.21	unphased	1.44027982326951	1.44027982326951	1
1	229730410	229730411	277	32	1.79	2	0	0.79	0	1	0.21	unphased	0.964536908614579	0.964536908614579	1
1	232596805	232596806	423	19	1.79	2	0	0.79	0	1	0.21	unphased	0.400367377720319	0.400367377720319	1
1	232943627	232943628	124	9	1.79	2	0	0.79	0	1	0.21	unphased	0.630257787325457	0.630257787325457	1
1	236341795	236341796	136	15	1.79	2	0	0.79	0	1	0.21	unphased	0.925212866603595	0.925212866603595	1
1	237774139	237774140	25	13	1.79	2	0	0.79	0	1	0.21	unphased	3.18630325814536	1.78005768611473	1.79
1	237798223	237798224	25	12	1.79	2	0	0.79	0	1	0.21	unphased	3.02069498069498	1.68753909536032	1.79
1	237802370	237802371	45	15	1.79	2	0	0.79	0	1	0.21	unphased	2.32845238095238	1.30081138600692	1.79
1	237906911	237906912	74	8	1.79	2	0	0.79	0	1	0.21	unphased	0.908664343786295	0.908664343786295	1
1	238050726	238050727	175	41	1.79	2	0	0.79	0	1	0.21	unphased	1.76789902998236	0.987653089375622	1.79
1	240497462	240497463	561	23	6	4	2	1	NA	NA	NA	unphased	0.532615786040444	0.532615786040444	1
1	240969464	240969465	154	32	6	4	2	1	NA	NA	NA	unphased	2.32667690732207	1.16333845366103	2
1	241752097	241752098	143	22	6	4	2	1	NA	NA	NA	unphased	1.8031746031746	0.901587301587301	2
1	242016739	242016740	195	42	6	4	2	1	NA	NA	NA	unphased	2.39662447257384	1.19831223628692	2
1	244218403	244218404	282	20	6	4	2	1	NA	NA	NA	unphased	0.895616524755598	0.895616524755598	1
1	245530531	245530532	40	12	6	4	2	1	NA	NA	NA	unphased	3.12087912087912	1.04029304029304	3
1	246811283	246811284	251	25	6	4	2	1	NA	NA	NA	unphased	1.22498274672188	1.22498274672188	1
1	247057966	247057967	91	11	6	4	2	1	NA	NA	NA	unphased	1.45845004668534	1.45845004668534	1
1	247464361	247464362	157	41	6	4	2	1	NA	NA	NA	unphased	2.8003848003848	0.933461600128267	3
1	247588038	247588039	177	48	6	4	2	1	NA	NA	NA	unphased	2.88507936507937	0.961693121693122	3
1	247597507	247597508	215	23	6	4	2	1	NA	NA	NA	unphased	1.30692276910764	1.30692276910764	1
1	247751879	247751880	307	35	6	4	2	1	NA	NA	NA	unphased	1.38401559454191	0.692007797270955	2
1	247835748	247835749	178	11	NA	NA	NA	NA	NA	NA	NA	unphased	NA	NA	1
1	247836019	247836020	107	11	NA	NA	NA	NA	NA	NA	NA	unphased	NA	NA	1
1	247836099	247836100	76	21	NA	NA	NA	NA	NA	NA	NA	unphased	NA	NA	1
1	247836100	247836101	76	21	NA	NA	NA	NA	NA	NA	NA	unphased	NA	NA	1
1	247836344	247836345	111	29	NA	NA	NA	NA	NA	NA	NA	unphased	NA	NA	1
1	247875376	247875377	362	40	NA	NA	NA	NA	NA	NA	NA	unphased	NA	NA	1
1	247902364	247902365	203	21	NA	NA	NA	NA	NA	NA	NA	unphased	NA	NA	1
1	247921037	247921038	87	8	NA	NA	NA	NA	NA	NA	NA	unphased	NA	NA	1
1	248112309	248112310	796	74	NA	NA	NA	NA	NA	NA	NA	unphased	NA	NA	1
1	248129342	248129343	116	7	NA	NA	NA	NA	NA	NA	NA	unphased	NA	NA	1
1	248224092	248224093	582	176	NA	NA	NA	NA	NA	NA	NA	unphased	NA	NA	1
1	248224536	248224537	340	34	NA	NA	NA	NA	NA	NA	NA	unphased	NA	NA	1
1	248343732	248343733	589	180	NA	NA	NA	NA	NA	NA	NA	unphased	NA	NA	1
1	248366485	248366486	607	63	NA	NA	NA	NA	NA	NA	NA	unphased	NA	NA	1
1	248436450	248436451	119	22	NA	NA	NA	NA	NA	NA	NA	unphased	NA	NA	1
1	248458330	248458331	169	48	NA	NA	NA	NA	NA	NA	NA	unphased	NA	NA	1
1	248458839	248458840	286	19	NA	NA	NA	NA	NA	NA	NA	unphased	NA	NA	1
1	248525335	248525336	357	132	NA	NA	NA	NA	NA	NA	NA	unphased	NA	NA	1
1	248569884	248569885	157	42	NA	NA	NA	NA	NA	NA	NA	unphased	NA	NA	1
1	248756306	248756307	113	18	NA	NA	NA	NA	NA	NA	NA	unphased	NA	NA	1
1	248845056	248845057	98	23	NA	NA	NA	NA	NA	NA	NA	unphased	NA	NA	1
1	248845195	248845196	86	10	NA	NA	NA	NA	NA	NA	NA	unphased	NA	NA	1
1	248845196	248845197	85	10	NA	NA	NA	NA	NA	NA	NA	unphased	NA	NA	1
10	1170221	1170222	143	31	4	2	2	1	NA	NA	NA	unphased	2.05309250136836	1.02654625068418	2
10	7786919	7786920	154	30	4	2	2	1	NA	NA	NA	unphased	1.87888198757764	0.93944099378882	2
10	16859144	16859145	66	6	2.39	2	1	0.39	1	1	0.61	unphased	0.826150793650794	0.826150793650794	1
10	18250692	18250693	131	37	2.39	2	1	0.39	1	1	0.61	unphased	2.1833985260771	1.57079030653029	1.39
10	20432249	20432250	306	22	2.39	2	1	0.39	1	1	0.61	unphased	0.664950638792102	0.664950638792102	1
10	21884351	21884352	101	7	2.39	2	1	0.39	1	1	0.61	unphased	0.642561728395062	0.642561728395062	1
10	23399199	23399200	125	18	2.39	2	1	0.39	1	1	0.61	unphased	1.24789210789211	1.24789210789211	1
10	24959288	24959289	86	17	2.39	2	1	0.39	1	1	0.61	unphased	1.63625982431808	1.17716534123603	1.39
10	25840009	25840010	222	24	2.39	2	1	0.39	1	1	0.61	unphased	0.967200929152149	0.967200929152149	1
10	26939488	26939489	228	36	2.39	2	1	0.39	1	1	0.61	unphased	1.35188311688312	0.9725777819303	1.39
10	27538023	27538024	279	44	2.39	2	1	0.39	1	1	0.61	unphased	1.35048798466755	0.971574089688886	1.39
10	29710240	29710241	17	4	2.39	2	1	0.39	1	1	0.61	unphased	1.88834467120181	1.88834467120181	1
10	29775093	29775094	143	22	2.39	2	1	0.39	1	1	0.61	unphased	1.32184126984127	1.32184126984127	1
10	29812653	29812654	222	42	2.39	2	1	0.39	1	1	0.61	unphased	1.57719696969697	1.13467407891868	1.39
10	30602882	30602883	106	14	2.39	2	1	0.39	1	1	0.61	unphased	1.15661111111111	1.15661111111111	1
10	30658257	30658258	110	21	2.39	2	1	0.39	1	1	0.61	unphased	1.58923664122137	1.1433357131089	1.39
10	34690797	34690798	298	71	2.39	2	1	0.39	1	1	0.61	unphased	1.90753516582785	1.37232745743011	1.39
10	37508093	37508094	361	48	2.39	2	1	0.39	1	1	0.61	unphased	1.16347886831994	1.16347886831994	1
10	38345075	38345076	168	21	2.39	2	1	0.39	1	1	0.61	unphased	1.10153439153439	1.10153439153439	1
10	38403743	38403744	201	26	2.39	2	1	0.39	1	1	0.61	unphased	1.13550241241871	1.13550241241871	1
10	38647417	38647418	78	13	2.39	2	1	0.39	1	1	0.61	unphased	1.41625850340136	1.41625850340136	1
10	43288496	43288497	225	13	2.39	2	1	0.39	1	1	0.61	unphased	0.541510604241697	1.38848872882486	0.39
10	45430238	45430239	426	27	2.39	2	1	0.39	1	1	0.61	unphased	0.590889309366131	0.590889309366131	1
10	47000058	47000059	160	16	2.39	2	1	0.39	1	1	0.61	unphased	0.901255411255411	0.901255411255411	1
10	50532406	50532407	64	12	2.39	2	1	0.39	1	1	0.61	unphased	1.56533834586466	1.56533834586466	1
10	50594757	50594758	92	6	2.39	2	1	0.39	1	1	0.61	unphased	0.606967930029155	0.606967930029155	1
10	50594758	50594759	94	6	2.39	2	1	0.39	1	1	0.61	unphased	0.594828571428571	0.594828571428571	1
10	50732740	50732741	256	15	2.39	2	1	0.39	1	1	0.61	unphased	0.548734844491302	1.40701242177257	0.39
10	50736570	50736571	42	18	2.39	2	1	0.39	1	1	0.61	unphased	2.97414285714286	2.13967112024666	1.39
10	50818977	50818978	38	9	2.39	2	1	0.39	1	1	0.61	unphased	1.89838905775076	1.3657475235617	1.39
10	52566491	52566492	88	31	2.39	2	1	0.39	1	1	0.61	unphased	2.58258903561425	1.85797772346349	1.39
10	55600112	55600113	216	14	2.39	2	1	0.39	1	1	0.61	unphased	0.603449275362319	0.603449275362319	1
10	55626409	55626410	84	18	2.39	2	1	0.39	1	1	0.61	unphased	1.74949579831933	1.25863007073333	1.39
10	58117793	58117794	34	4	2.39	2	1	0.39	1	1	0.61	unphased	1.04355889724311	1.04355889724311	1
10	72285876	72285877	85	22	2.39	2	1	0.39	1	1	0.61	unphased	2.0383533600356	1.46644126621266	1.39
10	72285877	72285878	85	22	2.39	2	1	0.39	1	1	0.61	unphased	2.0383533600356	1.46644126621266	1.39
10	73051451	73051452	119	25	2.39	2	1	0.39	1	1	0.61	unphased	1.72114748677249	1.23823560199459	1.39
10	78850212	78850213	145	39	2.39	2	1	0.39	1	1	0.61	unphased	2.10129658385093	1.51172416104384	1.39
10	78850213	78850214	143	39	2.39	2	1	0.39	1	1	0.61	unphased	2.12438775510204	1.5283365144619	1.39
10	84733611	84733612	69	33	2.39	2	1	0.39	1	1	0.61	unphased	3.20740896358543	2.3074884630111	1.39
10	85985201	85985202	59	19	2.39	2	1	0.39	1	1	0.61	unphased	2.41490231990232	1.73733979849088	1.39
10	86007431	86007432	342	26	2.39	2	1	0.39	1	1	0.61	unphased	0.700432194616977	0.700432194616977	1
10	87628917	87628918	178	45	2.39	2	1	0.39	1	1	0.61	unphased	2.00054452274183	1.43924066384304	1.39
10	88705183	88705184	12	6	2.39	2	1	0.39	1	1	0.61	unphased	3.30460317460317	2.37741235582962	1.39
10	91144106	91144107	110	34	2.39	2	1	0.39	1	1	0.61	unphased	2.34076058201058	1.68400041871265	1.39
10	93716297	93716298	46	21	2.39	2	1	0.39	1	1	0.61	unphased	3.10731343283582	2.23547728980994	1.39
10	96081747	96081748	76	17	2.39	2	1	0.39	1	1	0.61	unphased	1.81220174091142	1.3037422596485	1.39
10	96828971	96828972	101	8	2.39	2	1	0.39	1	1	0.61	unphased	0.727619047619048	0.727619047619048	1
10	98165036	98165037	287	22	2.39	2	1	0.39	1	1	0.61	unphased	0.705837571274465	0.705837571274465	1
10	98819863	98819864	252	12	2.39	2	1	0.39	1	1	0.61	unphased	0.450627705627706	1.15545565545566	0.39
10	98820416	98820417	119	36	2.39	2	1	0.39	1	1	0.61	unphased	2.30256221198157	1.65651957696516	1.39
10	99968100	99968101	143	49	2.39	2	1	0.39	1	1	0.61	unphased	2.53008680555556	1.82020633493205	1.39
10	100182213	100182214	269	61	2.39	2	1	0.39	1	1	0.61	unphased	1.83255266955267	1.31838321550552	1.39
10	102541089	102541090	186	41	2.39	2	1	0.39	1	1	0.61	unphased	1.79059995804489	1.28820140866539	1.39
10	103899653	103899654	119	33	2.39	2	1	0.39	1	1	0.61	unphased	2.15234022556391	1.54844620544166	1.39
10	104160160	104160161	101	25	2.39	2	1	0.39	1	1	0.61	unphased	1.96702569916856	1.41512640227954	1.39
10	104488199	104488200	288	14	2.39	2	1	0.39	1	1	0.61	unphased	0.459580573951435	1.1784117280806	0.39
10	105162907	105162908	275	81	2.39	2	1	0.39	1	1	0.61	unphased	2.25567014446228	1.62278427659157	1.39
10	106118309	106118310	101	38	2.39	2	1	0.39	1	1	0.61	unphased	2.71025008564577	1.94982020550055	1.39
10	108447958	108447959	149	54	2.39	2	1	0.39	1	1	0.61	unphased	2.63717100633357	1.89724532829753	1.39
10	112058481	112058482	93	7	2.39	2	1	0.39	1	1	0.61	unphased	0.693966666666667	0.693966666666667	1
10	115526213	115526214	174	10	2.39	2	1	0.39	1	1	0.61	unphased	0.538793995859213	1.38152306630568	0.39
10	118196347	118196348	167	19	2.39	2	1	0.39	1	1	0.61	unphased	1.01270097286226	1.01270097286226	1
10	118719681	118719682	105	8	2.39	2	1	0.39	1	1	0.61	unphased	0.701862621154657	0.701862621154657	1
10	119043129	119043130	178	54	2.39	2	1	0.39	1	1	0.61	unphased	2.30752463054187	1.66008966226034	1.39
10	124457440	124457441	265	14	2	2	0	0.29	1	1	0.71	unphased	0.477897252090801	0.673094721254649	0.71
10	126091574	126091575	458	21	2	2	0	0.29	1	1	0.71	unphased	0.417536534446764	0.417536534446764	1
10	129537067	129537068	17	13	2	2	0	0.29	1	1	0.71	unphased	4.12698412698413	3.19921250153808	1.29
10	131755542	131755543	189	42	2	2	0	0.29	1	1	0.71	unphased	1.73160173160173	1.34232692372227	1.29
10	134664757	134664758	84	19	2	2	0	0.29	1	1	0.71	unphased	1.75681923254739	1.36187537406774	1.29
10	134664758	134664759	79	20	2	2	0	0.29	1	1	0.71	unphased	1.92400192400192	1.49147435969141	1.29
10	134664759	134664760	82	19	2	2	0	0.29	1	1	0.71	unphased	1.79160773220179	1.3888432032572	1.29
10	135080911	135080912	33	3	2	2	0	0.29	1	1	0.71	unphased	0.793650793650794	0.793650793650794	1
11	197627	197628	85	16	NA	NA	NA	NA	NA	NA	NA	unphased	NA	NA	1
11	557580	557581	99	7	2	1	1	0.22	1	1	0.78	unphased	0.628930817610063	0.628930817610063	1
11	607912	607913	231	32	2	1	1	0.22	1	1	0.78	unphased	1.15879051240268	1.15879051240268	1
11	608851	608852	64	16	2	1	1	0.22	1	1	0.78	unphased	1.9047619047619	1.9047619047619	1
11	702963	702964	123	26	2	1	1	0.22	1	1	0.78	unphased	1.6618728028124	1.6618728028124	1
11	799385	799386	225	20	2	1	1	0.22	1	1	0.78	unphased	0.777453838678328	0.777453838678328	1
11	1017908	1017909	1297	31	2	1	1	0.22	1	1	0.78	unphased	0.222317842799771	0.222317842799771	1
11	3682644	3682645	100	10	2	1	1	0.22	1	1	0.78	unphased	0.865800865800866	0.865800865800866	1
11	4510986	4510987	254	31	2	1	1	0.22	1	1	0.78	unphased	1.0359231411863	1.0359231411863	1
11	4869789	4869790	182	30	2	1	1	0.22	1	1	0.78	unphased	1.34770889487871	1.34770889487871	1
11	4903866	4903867	80	9	2	1	1	0.22	1	1	0.78	unphased	0.963081861958267	0.963081861958267	1
11	4928834	4928835	152	25	2	1	1	0.22	1	1	0.78	unphased	1.34517083669626	1.34517083669626	1
11	5013213	5013214	57	6	2	1	1	0.22	1	1	0.78	unphased	0.90702947845805	0.90702947845805	1
11	5021019	5021020	80	15	2	1	1	0.22	1	1	0.78	unphased	1.50375939849624	1.50375939849624	1
11	5290848	5290849	113	8	2	1	1	0.22	1	1	0.78	unphased	0.629673356946084	0.629673356946084	1
11	5653696	5653697	126	18	2	1	1	0.22	1	1	0.78	unphased	1.19047619047619	1.19047619047619	1
11	5799383	5799384	69	13	2	1	1	0.22	1	1	0.78	unphased	1.50987224157956	1.50987224157956	1
11	5906023	5906024	173	23	2	1	1	0.22	1	1	0.78	unphased	1.1175898931001	1.1175898931001	1
11	6023679	6023680	81	14	2	1	1	0.22	1	1	0.78	unphased	1.40350877192982	1.40350877192982	1
11	6292386	6292387	118	23	2	1	1	0.22	1	1	0.78	unphased	1.55352921310368	1.55352921310368	1
11	6662547	6662548	109	10	2	1	1	0.22	1	1	0.78	unphased	0.800320128051221	0.800320128051221	1
11	6816981	6816982	53	7	2	1	1	0.22	1	1	0.78	unphased	1.11111111111111	1.11111111111111	1
11	6942257	6942258	86	15	2	1	1	0.22	1	1	0.78	unphased	1.41442715700141	1.41442715700141	1
11	7064400	7064401	190	26	2	1	1	0.22	1	1	0.78	unphased	1.14638447971781	1.14638447971781	1
11	7847495	7847496	96	13	2	1	1	0.22	1	1	0.78	unphased	1.13586719091306	1.13586719091306	1
11	7982363	7982364	162	22	2	1	1	0.22	1	1	0.78	unphased	1.13871635610766	1.13871635610766	1
11	7982525	7982526	74	8	2	1	1	0.22	1	1	0.78	unphased	0.929152148664344	0.929152148664344	1
11	8959434	8959435	137	21	2	1	1	0.22	1	1	0.78	unphased	1.26582278481013	1.26582278481013	1
11	11314628	11314629	132	17	2	1	1	0.22	1	1	0.78	unphased	1.08660914030042	1.08660914030042	1
11	11957903	11957904	89	14	2	1	1	0.22	1	1	0.78	unphased	1.29449838187702	1.29449838187702	1
11	14504597	14504598	65	9	2	1	1	0.22	1	1	0.78	unphased	1.15830115830116	1.15830115830116	1
11	16340124	16340125	247	38	2	1	1	0.22	1	1	0.78	unphased	1.26984126984127	1.26984126984127	1
11	17172115	17172116	179	18	2	1	1	0.22	1	1	0.78	unphased	0.870195794053662	0.870195794053662	1
11	17428935	17428936	165	23	2	1	1	0.22	1	1	0.78	unphased	1.16514690982776	1.16514690982776	1
11	18048060	18048061	125	12	2	1	1	0.22	1	1	0.78	unphased	0.834202294056309	0.834202294056309	1
11	18369249	18369250	105	7	2	1	1	0.22	1	1	0.78	unphased	0.595238095238095	0.595238095238095	1
11	18436750	18436751	93	13	2	1	1	0.22	1	1	0.78	unphased	1.16801437556155	1.16801437556155	1
11	20429515	20429516	118	24	2	1	1	0.22	1	1	0.78	unphased	1.60965794768612	1.60965794768612	1
11	20673894	20673895	175	31	2	1	1	0.22	1	1	0.78	unphased	1.43319463707813	1.43319463707813	1
11	20673895	20673896	174	32	2	1	1	0.22	1	1	0.78	unphased	1.47942672214517	1.47942672214517	1
11	22363283	22363284	148	16	2	1	1	0.22	1	1	0.78	unphased	0.929152148664344	0.929152148664344	1
11	22397613	22397614	161	21	2	1	1	0.22	1	1	0.78	unphased	1.0989010989011	1.0989010989011	1
11	26463538	26463539	312	74	2	1	1	0.22	1	1	0.78	unphased	1.82580804342462	1.82580804342462	1
11	26552825	26552826	217	18	2	1	1	0.22	1	1	0.78	unphased	0.729483282674772	0.729483282674772	1
11	28058002	28058003	132	21	2	1	1	0.22	1	1	0.78	unphased	1.30718954248366	1.30718954248366	1
11	30433112	30433113	95	10	2	1	1	0.22	1	1	0.78	unphased	0.90702947845805	0.90702947845805	1
11	31327815	31327816	75	7	2	1	1	0.22	1	1	0.78	unphased	0.813008130081301	0.813008130081301	1
11	31812321	31812322	113	14	2	1	1	0.22	1	1	0.78	unphased	1.0498687664042	1.0498687664042	1
11	31822340	31822341	129	16	2	1	1	0.22	1	1	0.78	unphased	1.05090311986864	1.05090311986864	1
11	32413567	32413568	380	45	2	1	1	0.22	1	1	0.78	unphased	1.00840336134454	1.00840336134454	1
11	33566866	33566867	56	7	2	1	1	0.22	1	1	0.78	unphased	1.05820105820106	1.05820105820106	1
11	33792332	33792333	516	65	2	1	1	0.22	1	1	0.78	unphased	1.06548643553807	1.06548643553807	1
11	33881002	33881003	93	7	2	1	1	0.22	1	1	0.78	unphased	0.666666666666667	0.666666666666667	1
11	36614950	36614951	117	17	2	1	1	0.22	1	1	0.78	unphased	1.20824449182658	1.20824449182658	1
11	43380492	43380493	27	7	2	1	1	0.22	1	1	0.78	unphased	1.96078431372549	1.96078431372549	1
11	44286356	44286357	41	8	2	1	1	0.22	1	1	0.78	unphased	1.55490767735666	1.55490767735666	1
11	45671847	45671848	119	15	2	1	1	0.22	1	1	0.78	unphased	1.06609808102345	1.06609808102345	1
11	46393117	46393118	55	7	2	1	1	0.22	1	1	0.78	unphased	1.0752688172043	1.0752688172043	1
11	48285914	48285915	81	14	2	1	1	0.22	1	1	0.78	unphased	1.40350877192982	1.40350877192982	1
11	48510573	48510574	155	20	2	1	1	0.22	1	1	0.78	unphased	1.08843537414966	1.08843537414966	1
11	51515979	51515980	188	10	2	1	1	0.22	1	1	0.78	unphased	0.481000481000481	0.61666728333395	0.78
11	55110915	55110916	278	71	2	1	1	0.22	1	1	0.78	unphased	1.93750852776641	1.93750852776641	1
11	55136381	55136382	171	30	2	1	1	0.22	1	1	0.78	unphased	1.42146410803127	1.42146410803127	1
11	55339918	55339919	299	79	2	1	1	0.22	1	1	0.78	unphased	1.99042579994961	1.99042579994961	1
11	55405849	55405850	298	23	2	1	1	0.22	1	1	0.78	unphased	0.682391336596944	0.8748606879448	0.78
11	55406187	55406188	149	36	2	1	1	0.22	1	1	0.78	unphased	1.85328185328185	1.85328185328185	1
11	55406301	55406302	131	19	2	1	1	0.22	1	1	0.78	unphased	1.20634920634921	1.20634920634921	1
11	55433200	55433201	205	52	2	1	1	0.22	1	1	0.78	unphased	1.92699647952566	1.92699647952566	1
11	55433201	55433202	205	50	2	1	1	0.22	1	1	0.78	unphased	1.86741363211951	1.86741363211951	1
11	55541278	55541279	336	26	2	1	1	0.22	1	1	0.78	unphased	0.684030518284662	0.876962202929054	0.78
11	55563542	55563543	282	72	2	1	1	0.22	1	1	0.78	unphased	1.93704600484262	1.93704600484262	1
11	55606960	55606961	200	16	2	1	1	0.22	1	1	0.78	unphased	0.705467372134039	0.705467372134039	1
11	55653029	55653030	84	16	2	1	1	0.22	1	1	0.78	unphased	1.52380952380952	1.52380952380952	1
11	55659224	55659225	30	5	2	1	1	0.22	1	1	0.78	unphased	1.36054421768707	1.36054421768707	1
11	55681904	55681905	94	28	2	1	1	0.22	1	1	0.78	unphased	2.18579234972678	2.18579234972678	1
11	55761451	55761452	94	10	2	1	1	0.22	1	1	0.78	unphased	0.915750915750916	0.915750915750916	1
11	55861564	55861565	220	15	2	1	1	0.22	1	1	0.78	unphased	0.60790273556231	0.779362481490141	0.78
11	55904793	55904794	217	17	2	1	1	0.22	1	1	0.78	unphased	0.691900691900692	0.691900691900692	1
11	55926934	55926935	103	15	2	1	1	0.22	1	1	0.78	unphased	1.21065375302663	1.21065375302663	1
11	55944329	55944330	287	36	2	1	1	0.22	1	1	0.78	unphased	1.06147722246793	1.06147722246793	1
11	55944911	55944912	147	32	2	1	1	0.22	1	1	0.78	unphased	1.70258047353019	1.70258047353019	1
11	56185506	56185507	80	14	2	1	1	0.22	1	1	0.78	unphased	1.41843971631206	1.41843971631206	1
11	57886813	57886814	95	17	2	1	1	0.22	1	1	0.78	unphased	1.44557823129252	1.44557823129252	1
11	57970963	57970964	106	18	2	1	1	0.22	1	1	0.78	unphased	1.38248847926267	1.38248847926267	1
11	57970964	57970965	105	19	2	1	1	0.22	1	1	0.78	unphased	1.45929339477727	1.45929339477727	1
11	57970993	57970994	102	35	2	1	1	0.22	1	1	0.78	unphased	2.4330900243309	2.4330900243309	1
11	57971379	57971380	245	68	2	1	1	0.22	1	1	0.78	unphased	2.06907043967747	2.06907043967747	1
11	58207339	58207340	82	22	2	1	1	0.22	1	1	0.78	unphased	2.01465201465201	2.01465201465201	1
11	60885945	60885946	170	55	2	1	1	0.22	1	1	0.78	unphased	2.32804232804233	2.32804232804233	1
11	62572874	62572875	48	17	2	1	1	0.22	1	1	0.78	unphased	2.49084249084249	2.49084249084249	1
11	64698955	64698956	44	9	2	1	1	0.22	1	1	0.78	unphased	1.61725067385445	1.61725067385445	1
11	64789246	64789247	58	9	2	1	1	0.22	1	1	0.78	unphased	1.27931769722815	1.27931769722815	1
11	65270533	65270534	18	10	2	1	1	0.22	1	1	0.78	unphased	3.40136054421769	3.40136054421769	1
11	65358064	65358065	46	12	2	1	1	0.22	1	1	0.78	unphased	1.97044334975369	1.97044334975369	1
11	65554910	65554911	19	7	2	1	1	0.22	1	1	0.78	unphased	2.56410256410256	2.56410256410256	1
11	65793260	65793261	76	16	2	1	1	0.22	1	1	0.78	unphased	1.65631469979296	1.65631469979296	1
11	66190661	66190662	33	4	2	1	1	0.22	1	1	0.78	unphased	1.02960102960103	1.02960102960103	1
11	67226160	67226161	68	30	2	1	1	0.22	1	1	0.78	unphased	2.91545189504373	2.91545189504373	1
11	67402362	67402363	117	22	2	1	1	0.22	1	1	0.78	unphased	1.50736553614251	1.50736553614251	1
11	71150016	71150017	134	15	2	1	1	0.22	1	1	0.78	unphased	0.958772770853308	0.958772770853308	1
11	73814208	73814209	245	59	2	1	1	0.22	1	1	0.78	unphased	1.8483709273183	1.8483709273183	1
11	74799862	74799863	148	48	2	1	1	0.22	1	1	0.78	unphased	2.33236151603499	2.33236151603499	1
11	77671417	77671418	185	21	2	1	1	0.22	1	1	0.78	unphased	0.970873786407767	0.970873786407767	1
11	77671418	77671419	183	22	2	1	1	0.22	1	1	0.78	unphased	1.02206736353078	1.02206736353078	1
11	78413440	78413441	283	43	2	1	1	0.22	1	1	0.78	unphased	1.25620800467426	1.25620800467426	1
11	78437146	78437147	564	143	2	1	1	0.22	1	1	0.78	unphased	1.92631508048764	1.92631508048764	1
11	86802402	86802403	47	21	1.86	2	1	0.43	1	0	0.57	unphased	2.89794117647059	2.02653229123817	1.43
11	88330420	88330421	113	31	1.86	2	1	0.43	1	0	0.57	unphased	2.02012566137566	1.41267528767529	1.43
11	89403611	89403612	123	11	1.86	2	1	0.43	1	0	0.57	unphased	0.770312722103767	0.770312722103767	1
11	89424066	89424067	106	22	1.86	2	1	0.43	1	0	0.57	unphased	1.61284226190476	1.12786172161172	1.43
11	89882209	89882210	327	25	1.86	2	1	0.43	1	0	0.57	unphased	0.666463744588745	0.666463744588745	1
11	89907011	89907012	159	46	1.86	2	1	0.43	1	0	0.57	unphased	2.10563530778165	1.47247224320395	1.43
11	92258013	92258014	75	7	1.86	2	1	0.43	1	0	0.57	unphased	0.801056910569106	0.801056910569106	1
11	93844213	93844214	15	9	1.86	2	1	0.43	1	0	0.57	unphased	3.51892857142857	2.46078921078921	1.43
11	94129654	94129655	123	33	1.86	2	1	0.43	1	0	0.57	unphased	1.98503663003663	1.38813750352212	1.43
11	94731345	94731346	174	11	1.86	2	1	0.43	1	0	0.57	unphased	0.557956241956242	1.29757265571219	0.43
11	94731481	94731482	140	16	1.86	2	1	0.43	1	0	0.57	unphased	0.962442002442003	0.962442002442003	1
11	99715817	99715818	68	17	1.86	2	1	0.43	1	0	0.57	unphased	1.87676190476191	1.31242091242091	1.43
11	101353887	101353888	79	8	1.86	2	1	0.43	1	0	0.57	unphased	0.86287903667214	0.86287903667214	1
11	101374852	101374853	300	92	1.86	2	1	0.43	1	0	0.57	unphased	2.20232264334305	1.54008576457556	1.43
11	102743796	102743797	47	5	1.86	2	1	0.43	1	0	0.57	unphased	0.902289377289377	0.902289377289377	1
11	102992158	102992159	75	12	1.86	2	1	0.43	1	0	0.57	unphased	1.29431855500821	1.29431855500821	1
11	102992198	102992199	99	13	1.86	2	1	0.43	1	0	0.57	unphased	1.08919217687075	1.08919217687075	1
11	103270429	103270430	58	20	1.86	2	1	0.43	1	0	0.57	unphased	2.40610500610501	1.68259091336014	1.43
11	103908037	103908038	185	42	1.86	2	1	0.43	1	0	0.57	unphased	1.73621145374449	1.21413388373741	1.43
11	104821731	104821732	147	35	1.86	2	1	0.43	1	0	0.57	unphased	1.80457875457875	1.26194318502011	1.43
11	108153532	108153533	104	14	1.86	2	1	0.43	1	0	0.57	unphased	1.11333333333333	1.11333333333333	1
11	108383972	108383973	189	61	1.86	2	1	0.43	1	0	0.57	unphased	2.28964952380952	1.60115351315351	1.43
11	110128496	110128497	186	26	1.86	2	1	0.43	1	0	0.57	unphased	1.15084456424079	1.15084456424079	1
11	113287584	113287585	37	13	1.86	2	1	0.43	1	0	0.57	unphased	2.43979047619048	1.70614718614719	1.43
11	113860403	113860404	180	25	1.86	2	1	0.43	1	0	0.57	unphased	1.14436701509872	1.14436701509872	1
11	117261500	117261501	277	58	1.86	2	1	0.43	1	0	0.57	unphased	1.62465955934613	1.13612556597631	1.43
11	117309679	117309680	75	9	1.86	2	1	0.43	1	0	0.57	unphased	1.00540816326531	1.00540816326531	1
11	119063891	119063892	181	22	1.86	2	1	0.43	1	0	0.57	unphased	1.01696457893502	1.01696457893502	1
11	120097703	120097704	54	8	1.86	2	1	0.43	1	0	0.57	unphased	1.21081413210445	1.21081413210445	1
11	121986440	121986441	296	64	1.86	2	1	0.43	1	0	0.57	unphased	1.6682328042328	1.16659636659637	1.43
11	123625060	123625061	159	28	1.86	2	1	0.43	1	0	0.57	unphased	1.4050623885918	0.982561110903357	1.43
11	123886908	123886909	246	33	1.86	2	1	0.43	1	0	0.57	unphased	1.10991295442908	1.10991295442908	1
11	123901161	123901162	175	60	1.86	2	1	0.43	1	0	0.57	unphased	2.39586626139818	1.6754309520267	1.43
11	124120464	124120465	114	15	1.86	2	1	0.43	1	0	0.57	unphased	1.09114064230343	1.09114064230343	1
11	124180113	124180114	70	6	1.86	2	1	0.43	1	0	0.57	unphased	0.740827067669173	0.740827067669173	1
11	124756386	124756387	144	11	1.86	2	1	0.43	1	0	0.57	unphased	0.66594777265745	0.66594777265745	1
11	125873990	125873991	36	8	1.86	2	1	0.43	1	0	0.57	unphased	1.70614718614719	1.70614718614719	1
11	128708957	128708958	29	15	1.86	2	1	0.43	1	0	0.57	unphased	3.19902597402597	2.23708110071746	1.43
11	128709557	128709558	215	25	1.86	2	1	0.43	1	0	0.57	unphased	0.977480158730159	0.977480158730159	1
11	128839670	128839671	181	39	1.86	2	1	0.43	1	0	0.57	unphased	1.66349350649351	1.16328217237308	1.43
11	132184659	132184660	34	5	1.86	2	1	0.43	1	0	0.57	unphased	1.2030525030525	1.2030525030525	1
12	247570	247571	50	8	NA	NA	NA	NA	NA	NA	NA	unphased	NA	NA	1
12	247770	247771	33	7	NA	NA	NA	NA	NA	NA	NA	unphased	NA	NA	1
12	333246	333247	111	11	NA	NA	NA	NA	NA	NA	NA	unphased	NA	NA	1
12	994340	994341	244	32	3.56	3	1	0.78	1	1	0.22	unphased	1.28507936507937	1.28507936507937	1
12	5021977	5021978	347	36	3.56	3	1	0.78	1	1	0.22	unphased	1.04182021633719	1.04182021633719	1
12	5022021	5022022	213	58	3.56	3	1	0.78	1	1	0.22	unphased	2.37218063609207	0.926633060973467	2.56
12	5153694	5153695	110	8	3.56	3	1	0.78	1	1	0.22	unphased	0.751444713478612	0.751444713478612	1
12	5724380	5724381	50	11	3.56	3	1	0.78	1	1	0.22	unphased	1.99871975019516	1.12287626415458	1.78
12	6125811	6125812	131	18	3.56	3	1	0.78	1	1	0.22	unphased	1.3389837008629	1.3389837008629	1
12	6710532	6710533	342	42	3.56	3	1	0.78	1	1	0.22	unphased	1.21229166666667	1.21229166666667	1
12	6952807	6952808	103	28	3.56	3	1	0.78	1	1	0.22	unphased	2.36905852417303	0.925413486005089	2.56
12	6969608	6969609	214	14	3.56	3	1	0.78	1	1	0.22	unphased	0.680584795321637	0.680584795321637	1
12	7649499	7649500	91	23	3.56	3	1	0.78	1	1	0.22	unphased	2.23620718462824	0.873518431495405	2.56
12	10226011	10226012	156	25	3.56	3	1	0.78	1	1	0.22	unphased	1.53091291765325	0.860063436883848	1.78
12	10321771	10321772	89	16	3.56	3	1	0.78	1	1	0.22	unphased	1.68896145124717	0.948854747891666	1.78
12	10342589	10342590	85	22	3.56	3	1	0.78	1	1	0.22	unphased	2.27891410769915	0.890200823319982	2.56
12	13243461	13243462	155	32	3.56	3	1	0.78	1	1	0.22	unphased	1.89669467787115	1.06555880779278	1.78
12	13719973	13719974	140	14	3.56	3	1	0.78	1	1	0.22	unphased	1.00761904761905	1.00761904761905	1
12	14778849	14778850	69	14	3.56	3	1	0.78	1	1	0.22	unphased	1.86955823293173	1.05031361400659	1.78
12	16189279	16189280	116	9	3.56	3	1	0.78	1	1	0.22	unphased	0.798034285714286	0.798034285714286	1
12	18891976	18891977	113	18	3.56	3	1	0.78	1	1	0.22	unphased	1.52296619411123	0.855598985455748	1.78
12	20766630	20766631	90	21	3.56	3	1	0.78	1	1	0.22	unphased	2.09693693693694	1.17805445895334	1.78
12	21391983	21391984	54	17	3.56	3	1	0.78	1	1	0.22	unphased	2.65386988598256	1.03666792421194	2.56
12	22624353	22624354	95	21	3.56	3	1	0.78	1	1	0.22	unphased	2.00655172413793	1.12727624951569	1.78
12	24736570	24736571	186	24	3.56	3	1	0.78	1	1	0.22	unphased	1.26672108843537	1.26672108843537	1
12	25347894	25347895	78	30	3.56	3	1	0.78	1	1	0.22	unphased	3.07883597883598	1.10749495641582	2.78
12	27234182	27234183	134	39	3.56	3	1	0.78	1	1	0.22	unphased	2.4986622625929	0.976039946325351	2.56
12	29624838	29624839	49	20	3.56	3	1	0.78	1	1	0.22	unphased	3.21269841269841	1.15564691104259	2.78
12	29626010	29626011	27	5	3.56	3	1	0.78	1	1	0.22	unphased	1.73184523809524	1.73184523809524	1
12	29629148	29629149	264	16	3.56	3	1	0.78	1	1	0.22	unphased	0.633360544217687	0.812000697714983	0.78
12	29640732	29640733	23	10	3.56	3	1	0.78	1	1	0.22	unphased	3.35873015873016	1.20817631608999	2.78
12	31566470	31566471	76	14	3.56	3	1	0.78	1	1	0.22	unphased	1.72414814814815	0.968622555139409	1.78
12	33030953	33030954	122	10	3.56	3	1	0.78	1	1	0.22	unphased	0.83968253968254	0.83968253968254	1
12	39751054	39751055	137	32	3.56	3	1	0.78	1	1	0.22	unphased	2.09870949563257	1.17905027844527	1.78
12	41316137	41316138	131	31	3.56	3	1	0.78	1	1	0.22	unphased	2.12097589653145	0.828506209582599	2.56
12	42860071	42860072	182	13	3.56	3	1	0.78	1	1	0.22	unphased	0.738920634920635	0.738920634920635	1
12	44124505	44124506	54	12	3.56	3	1	0.78	1	1	0.22	unphased	2.0152380952381	1.13215623327983	1.78
12	45771877	45771878	161	26	3.56	3	1	0.78	1	1	0.22	unphased	1.54106442577031	0.865766531331634	1.78
12	45771892	45771893	131	22	3.56	3	1	0.78	1	1	0.22	unphased	1.59375038904451	0.895365387103655	1.78
12	48134465	48134466	97	23	4	2	2	1	NA	NA	NA	unphased	2.20873015873016	1.10436507936508	2
12	49110579	49110580	78	8	4	2	2	1	NA	NA	NA	unphased	1.07198228128461	1.07198228128461	1
12	49239370	49239371	221	44	4	2	2	1	NA	NA	NA	unphased	1.91338724168913	0.956693620844564	2
12	49491725	49491726	298	46	4	2	2	1	NA	NA	NA	unphased	1.54097452934662	0.770487264673311	2
12	49521754	49521755	271	41	4	2	2	1	NA	NA	NA	unphased	1.51434676434676	0.757173382173382	2
12	49951179	49951180	85	18	4	2	2	1	NA	NA	NA	unphased	2.01386962552011	1.00693481276006	2
12	49951280	49951281	68	19	4	2	2	1	NA	NA	NA	unphased	2.51669403393541	1.25834701696771	2
12	50529759	50529760	241	16	4	2	2	1	NA	NA	NA	unphased	0.717435612377247	0.717435612377247	1
12	51385986	51385987	229	12	4	2	2	1	NA	NA	NA	unphased	0.573799644339063	0.573799644339063	1
12	51390649	51390650	95	24	4	2	2	1	NA	NA	NA	unphased	2.32412965186074	1.16206482593037	2
12	52168052	52168053	180	12	4	2	2	1	NA	NA	NA	unphased	0.720238095238095	0.720238095238095	1
12	52647091	52647092	101	19	4	2	2	1	NA	NA	NA	unphased	1.82460317460317	0.912301587301587	2
12	52840890	52840891	39	9	4	2	2	1	NA	NA	NA	unphased	2.16071428571429	1.08035714285714	2
12	52845378	52845379	492	40	4	2	2	1	NA	NA	NA	unphased	0.866451843895453	0.866451843895453	1
12	52911460	52911461	194	40	4	2	2	1	NA	NA	NA	unphased	1.96988196988197	0.984940984940985	2
12	52943890	52943891	352	39	4	2	2	1	NA	NA	NA	unphased	1.14943368651809	1.14943368651809	1
12	52960870	52960871	90	9	4	2	2	1	NA	NA	NA	unphased	1.04761904761905	1.04761904761905	1
12	52992866	52992867	115	18	4	2	2	1	NA	NA	NA	unphased	1.55961331901182	0.779806659505908	2
12	54963068	54963069	134	18	4	2	2	1	NA	NA	NA	unphased	1.36466165413534	1.36466165413534	1
12	54963069	54963070	135	18	4	2	2	1	NA	NA	NA	unphased	1.35574229691877	1.35574229691877	1
12	55945597	55945598	151	12	4	2	2	1	NA	NA	NA	unphased	0.848378615249781	0.848378615249781	1
12	56711295	56711296	33	8	4	2	2	1	NA	NA	NA	unphased	2.24854819976771	1.12427409988386	2
12	57106634	57106635	239	15	4	2	2	1	NA	NA	NA	unphased	0.680539932508436	0.680539932508436	1
12	57317742	57317743	103	22	4	2	2	1	NA	NA	NA	unphased	2.02819047619048	1.01409523809524	2
12	57431661	57431662	68	11	4	2	2	1	NA	NA	NA	unphased	1.6045810729355	1.6045810729355	1
12	57496081	57496082	305	69	4	2	2	1	NA	NA	NA	unphased	2.12605042016807	1.06302521008403	2
12	57559897	57559898	125	19	4	2	2	1	NA	NA	NA	unphased	1.52050264550265	0.760251322751323	2
12	57861911	57861912	81	14	4	2	2	1	NA	NA	NA	unphased	1.69824561403509	0.849122807017544	2
12	57881834	57881835	248	50	4	2	2	1	NA	NA	NA	unphased	1.9335250878875	0.966762543943752	2
12	57965897	57965898	69	15	4	2	2	1	NA	NA	NA	unphased	2.0578231292517	1.02891156462585	2
12	57987869	57987870	71	8	4	2	2	1	NA	NA	NA	unphased	1.166968053044	1.166968053044	1
12	58000746	58000747	648	35	4	2	2	1	NA	NA	NA	unphased	0.59053196681308	0.59053196681308	1
12	63543864	63543865	363	48	4	2	2	1	NA	NA	NA	unphased	1.34584636774418	0.672923183872089	2
12	69656270	69656271	139	12	3.84	4	2	0.46	1	1	0.54	unphased	0.903084200567644	0.903084200567644	1
12	70713102	70713103	136	11	2	1	1	0.38	1	1	0.62	unphased	0.712666018788468	0.712666018788468	1
12	70713109	70713110	141	17	2	1	1	0.38	1	1	0.62	unphased	1.02471368294153	1.02471368294153	1
12	70953022	70953023	43	5	2	1	1	0.38	1	1	0.62	unphased	0.992063492063492	0.992063492063492	1
12	71531811	71531812	213	31	2	1	1	0.38	1	1	0.62	unphased	1.20999219359875	1.20999219359875	1
12	72094843	72094844	80	14	2	1	1	0.38	1	1	0.62	unphased	1.41843971631206	1.41843971631206	1
12	72680633	72680634	211	29	2	1	1	0.38	1	1	0.62	unphased	1.15079365079365	1.15079365079365	1
12	76742008	76742009	111	11	2	1	1	0.38	1	1	0.62	unphased	0.858704137392662	0.858704137392662	1
12	78400264	78400265	125	28	2	1	1	0.38	1	1	0.62	unphased	1.74291938997821	1.74291938997821	1
12	78510670	78510671	207	28	2	1	1	0.38	1	1	0.62	unphased	1.13475177304965	1.13475177304965	1
12	78511846	78511847	412	23	2	1	1	0.38	1	1	0.62	unphased	0.503557744937055	0.812189911188799	0.62
12	78513203	78513204	128	24	2	1	1	0.38	1	1	0.62	unphased	1.50375939849624	1.50375939849624	1
12	78542636	78542637	57	7	2	1	1	0.38	1	1	0.62	unphased	1.04166666666667	1.04166666666667	1
12	80771645	80771646	39	5	2	1	1	0.38	1	1	0.62	unphased	1.08225108225108	1.08225108225108	1
12	81747007	81747008	119	30	2	1	1	0.38	1	1	0.62	unphased	1.91754554170662	1.91754554170662	1
12	85285974	85285975	37	5	2	1	1	0.38	1	1	0.62	unphased	1.13378684807256	1.13378684807256	1
12	85421777	85421778	45	6	2	1	1	0.38	1	1	0.62	unphased	1.12044817927171	1.12044817927171	1
12	85677429	85677430	143	15	2	1	1	0.38	1	1	0.62	unphased	0.904159132007233	0.904159132007233	1
12	94618081	94618082	160	28	2	1	1	0.38	1	1	0.62	unphased	1.41843971631206	1.41843971631206	1
12	94654448	94654449	90	18	2	1	1	0.38	1	1	0.62	unphased	1.58730158730159	1.58730158730159	1
12	95397410	95397411	308	36	2	1	1	0.38	1	1	0.62	unphased	0.996677740863787	0.996677740863787	1
12	100444089	100444090	75	14	2	1	1	0.38	1	1	0.62	unphased	1.49812734082397	1.49812734082397	1
12	100897266	100897267	40	6	2	1	1	0.38	1	1	0.62	unphased	1.24223602484472	1.24223602484472	1
12	101336245	101336246	247	17	2	1	1	0.38	1	1	0.62	unphased	0.613275613275613	0.989154214960667	0.62
12	103271253	103271254	205	16	2	1	1	0.38	1	1	0.62	unphased	0.689506571859513	0.689506571859513	1
12	105151597	105151598	116	23	2	1	1	0.38	1	1	0.62	unphased	1.57588215142172	1.57588215142172	1
12	105467713	105467714	164	29	2	1	1	0.38	1	1	0.62	unphased	1.43103873673822	1.43103873673822	1
12	106480518	106480519	74	20	2	1	1	0.38	1	1	0.62	unphased	2.02634245187437	2.02634245187437	1
12	106763068	106763069	274	35	2	1	1	0.38	1	1	0.62	unphased	1.07874865156419	1.07874865156419	1
12	106773887	106773888	77	5	2	1	1	0.38	1	1	0.62	unphased	0.580720092915215	0.580720092915215	1
12	107113821	107113822	100	10	2	1	1	0.38	1	1	0.62	unphased	0.865800865800866	0.865800865800866	1
12	108589793	108589794	415	51	2	1	1	0.38	1	1	0.62	unphased	1.04230533415083	1.04230533415083	1
12	108641839	108641840	143	23	2	1	1	0.38	1	1	0.62	unphased	1.31956397016638	1.31956397016638	1
12	108985492	108985493	180	10	2	1	1	0.38	1	1	0.62	unphased	0.50125313283208	0.808472794890452	0.62
12	109306215	109306216	102	9	2	1	1	0.38	1	1	0.62	unphased	0.772200772200772	0.772200772200772	1
12	109539804	109539805	61	9	2	1	1	0.38	1	1	0.62	unphased	1.22448979591837	1.22448979591837	1
12	110976019	110976020	89	11	2	1	1	0.38	1	1	0.62	unphased	1.04761904761905	1.04761904761905	1
12	111748165	111748166	37	6	2	1	1	0.38	1	1	0.62	unphased	1.32890365448505	1.32890365448505	1
12	111748241	111748242	93	23	2	1	1	0.38	1	1	0.62	unphased	1.88834154351396	1.88834154351396	1
12	113384679	113384680	68	6	2	1	1	0.38	1	1	0.62	unphased	0.772200772200772	0.772200772200772	1
12	116428864	116428865	101	15	2	1	1	0.38	1	1	0.62	unphased	1.23152709359606	1.23152709359606	1
12	117593704	117593705	135	16	2	1	1	0.38	1	1	0.62	unphased	1.00914538000631	1.00914538000631	1
12	120146112	120146113	84	20	2	1	1	0.38	1	1	0.62	unphased	1.83150183150183	1.83150183150183	1
12	120221782	120221783	463	59	2	1	1	0.38	1	1	0.62	unphased	1.07644590403211	1.07644590403211	1
12	121004690	121004691	214	45	2	1	1	0.38	1	1	0.62	unphased	1.65471594043023	1.65471594043023	1
12	122217460	122217461	198	25	2	1	1	0.38	1	1	0.62	unphased	1.06769165065129	1.06769165065129	1
12	123105089	123105090	45	9	2	1	1	0.38	1	1	0.62	unphased	1.58730158730159	1.58730158730159	1
12	123694638	123694639	138	12	2	1	1	0.38	1	1	0.62	unphased	0.761904761904762	0.761904761904762	1
12	123815809	123815810	165	19	2	1	1	0.38	1	1	0.62	unphased	0.98343685300207	0.98343685300207	1
12	124497155	124497156	280	20	2	1	1	0.38	1	1	0.62	unphased	0.634920634920635	1.02406554019457	0.62
12	125834245	125834246	180	41	2	1	1	0.38	1	1	0.62	unphased	1.76686059039	1.76686059039	1
12	126135349	126135350	102	7	2	1	1	0.38	1	1	0.62	unphased	0.611620795107034	0.611620795107034	1
12	126139131	126139132	120	13	2	1	1	0.38	1	1	0.62	unphased	0.930898675259577	0.930898675259577	1
13	19753701	19753702	101	15	2	1	1	1	NA	NA	NA	unphased	1.23152709359606	1.23152709359606	1
13	20039415	20039416	304	29	2	1	1	1	NA	NA	NA	unphased	0.829400829400829	0.829400829400829	1
13	20605469	20605470	48	10	2	1	1	1	NA	NA	NA	unphased	1.64203612479475	1.64203612479475	1
13	23915734	23915735	137	11	1.96	3	1	0.32	1	0	0.68	unphased	0.704877734877735	0.704877734877735	1
13	24380110	24380111	190	34	1.96	3	1	0.32	1	0	0.68	unphased	1.43950680272109	1.09053545660689	1.32
13	24380111	24380112	189	33	1.96	3	1	0.32	1	0	0.68	unphased	1.40975546975547	1.06799656799657	1.32
13	25266990	25266991	433	78	1.96	3	1	0.32	1	0	0.68	unphased	1.44762650265586	1.09668674443626	1.32
13	27847368	27847369	71	12	1.96	3	1	0.32	1	0	0.68	unphased	1.37115318416523	1.37115318416523	1
13	28959103	28959104	180	72	1.96	3	1	0.32	1	0	0.68	unphased	2.70965986394558	1.16795683790758	2.32
13	30110069	30110070	84	29	1.96	3	1	0.32	1	0	0.68	unphased	2.43389801938475	1.04909397387273	2.32
13	31495226	31495227	65	8	1.96	3	1	0.32	1	0	0.68	unphased	1.03932159165036	1.03932159165036	1
13	31903673	31903674	140	44	1.96	3	1	0.32	1	0	0.68	unphased	2.26786749482402	0.977529092596559	2.32
13	32360554	32360555	101	35	1.96	3	1	0.32	1	0	0.68	unphased	2.4406862745098	1.0520199459094	2.32
13	32783212	32783213	202	17	1.96	3	1	0.32	1	0	0.68	unphased	0.736186127419004	0.736186127419004	1
13	32805372	32805373	100	44	1.96	3	1	0.32	1	0	0.68	unphased	2.89783068783069	1.24906495165116	2.32
13	32913802	32913803	116	12	1.96	3	1	0.32	1	0	0.68	unphased	0.889107142857143	0.889107142857143	1
13	36888509	36888510	201	26	1.96	3	1	0.32	1	0	0.68	unphased	1.08625131109713	1.08625131109713	1
13	39435605	39435606	113	24	1.96	3	1	0.32	1	0	0.68	unphased	1.66139728884254	1.01304712734302	1.64
13	42876960	42876961	127	36	1.96	3	1	0.32	1	0	0.68	unphased	2.09458369851008	0.902837801081931	2.32
13	43462493	43462494	111	30	1.96	3	1	0.32	1	0	0.68	unphased	2.01783181357649	0.869755092058834	2.32
13	43930240	43930241	97	30	1.96	3	1	0.32	1	0	0.68	unphased	2.24026996625422	0.96563360614406	2.32
13	44464304	44464305	191	14	1.96	3	1	0.32	1	0	0.68	unphased	0.647674796747968	0.647674796747968	1
13	49086997	49086998	92	35	1.96	3	1	0.32	1	0	0.68	unphased	2.61364829396325	1.1265725405014	2.32
13	52598370	52598371	233	28	1.96	3	1	0.32	1	0	0.68	unphased	1.01742017879949	1.01742017879949	1
13	52863977	52863978	29	6	1.96	3	1	0.32	1	0	0.68	unphased	1.62579591836735	1.62579591836735	1
13	53030733	53030734	82	29	1.96	3	1	0.32	1	0	0.68	unphased	2.47775203775204	1.06799656799657	2.32
13	61985497	61985498	72	21	1.96	3	1	0.32	1	0	0.68	unphased	2.14150537634409	0.923062662217279	2.32
13	61985942	61985943	143	38	1.96	3	1	0.32	1	0	0.68	unphased	1.99107603262299	0.858222427854739	2.32
13	67801879	67801880	169	41	1.96	3	1	0.32	1	0	0.68	unphased	1.85160090702948	1.12902494331066	1.64
13	72049908	72049909	284	117	1.96	3	1	0.32	1	0	0.68	unphased	2.7670965443534	1.19271402773854	2.32
13	77632488	77632489	184	14	1.96	3	1	0.32	1	0	0.68	unphased	0.670572390572391	0.670572390572391	1
13	77669710	77669711	120	40	1.96	3	1	0.32	1	0	0.68	unphased	2.37095238095238	1.02196223316913	2.32
13	78493459	78493460	18	17	1.96	3	1	0.32	1	0	0.68	unphased	4.60642176870748	1.98552662444288	2.32
13	84453895	84453896	54	18	1.96	3	1	0.32	1	0	0.68	unphased	2.37095238095238	1.02196223316913	2.32
13	95121215	95121216	539	41	1.96	3	1	0.32	1	0	0.68	unphased	0.670407224958949	0.670407224958949	1
13	95364146	95364147	210	19	1.96	3	1	0.32	1	0	0.68	unphased	0.786866292368476	0.786866292368476	1
13	99520502	99520503	91	11	1.96	3	1	0.32	1	0	0.68	unphased	1.02276377217554	1.02276377217554	1
13	100543589	100543590	153	31	1.96	3	1	0.32	1	0	0.68	unphased	1.59781573498965	0.97427788718881	1.64
13	101717914	101717915	156	12	1.96	3	1	0.32	1	0	0.68	unphased	0.677414965986395	0.677414965986395	1
13	101736133	101736134	74	7	1.96	3	1	0.32	1	0	0.68	unphased	0.819588477366255	0.819588477366255	1
13	101763039	101763040	129	43	1.96	3	1	0.32	1	0	0.68	unphased	2.37095238095238	1.02196223316913	2.32
13	102029340	102029341	107	9	1.96	3	1	0.32	1	0	0.68	unphased	0.735812807881774	0.735812807881774	1
13	102250613	102250614	89	11	1.96	3	1	0.32	1	0	0.68	unphased	1.04321904761905	1.04321904761905	1
13	102344975	102344976	165	60	1.96	3	1	0.32	1	0	0.68	unphased	2.52901587301587	1.09009304871374	2.32
13	102375184	102375185	76	23	1.96	3	1	0.32	1	0	0.68	unphased	2.20330928330928	0.949702277288484	2.32
13	103280199	103280200	82	8	1.96	3	1	0.32	1	0	0.68	unphased	0.843005291005291	0.843005291005291	1
13	103338685	103338686	106	48	1.96	3	1	0.32	1	0	0.68	unphased	2.95599257884972	1.27413473226281	2.32
13	103514735	103514736	105	62	1.96	3	1	0.32	1	0	0.68	unphased	3.52093527231252	1.51764451392781	2.32
13	108863342	108863343	222	45	1.96	3	1	0.32	1	0	0.68	unphased	1.5983948635634	0.974631014367929	1.64
13	111121562	111121563	7	3	1.96	3	1	0.32	1	0	0.68	unphased	2.84514285714286	2.84514285714286	1
13	115089270	115089271	85	33	NA	NA	NA	NA	NA	NA	NA	unphased	NA	NA	1
14	19377633	19377634	246	14	NA	NA	NA	NA	NA	NA	NA	unphased	NA	NA	1
14	20216345	20216346	280	19	NA	NA	NA	NA	NA	NA	NA	unphased	NA	NA	1
14	20248993	20248994	494	44	NA	NA	NA	NA	NA	NA	NA	unphased	NA	NA	1
14	20344995	20344996	610	64	NA	NA	NA	NA	NA	NA	NA	unphased	NA	NA	1
14	20404274	20404275	264	29	NA	NA	NA	NA	NA	NA	NA	unphased	NA	NA	1
14	20666363	20666364	232	38	2.88	3	0	0.94	0	1	0.0600000000000001	unphased	1.46423985890653	0.778850988780067	1.88
14	21109499	21109500	113	17	2.88	3	0	0.94	0	1	0.0600000000000001	unphased	1.36049816849817	1.36049816849817	1
14	22363196	22363197	108	17	2.88	3	0	0.94	0	1	0.0600000000000001	unphased	1.4149180952381	1.4149180952381	1
14	23512072	23512073	100	12	2.88	3	0	0.94	0	1	0.0600000000000001	unphased	1.11469387755102	1.11469387755102	1
14	23587908	23587909	55	10	2.88	3	0	0.94	0	1	0.0600000000000001	unphased	1.60058608058608	1.60058608058608	1
14	23887539	23887540	147	21	2.88	3	0	0.94	0	1	0.0600000000000001	unphased	1.30047619047619	1.30047619047619	1
14	24551746	24551747	114	21	2.88	3	0	0.94	0	1	0.0600000000000001	unphased	1.61837037037037	0.860835303388495	1.88
14	25101089	25101090	182	29	2.88	3	0	0.94	0	1	0.0600000000000001	unphased	1.42990747009704	0.760589079838853	1.88
14	34263126	34263127	138	18	2.88	3	0	0.94	0	1	0.0600000000000001	unphased	1.20043956043956	1.20043956043956	1
14	35522514	35522515	106	19	2.88	3	0	0.94	0	1	0.0600000000000001	unphased	1.58137904761905	0.841159067882472	1.88
14	44975580	44975581	278	17	2.88	3	0	0.94	0	1	0.0600000000000001	unphased	0.599541565778854	0.637810176360483	0.94
14	45495056	45495057	89	13	2.88	3	0	0.94	0	1	0.0600000000000001	unphased	1.32597572362278	1.32597572362278	1
14	45644868	45644869	107	9	2.88	3	0	0.94	0	1	0.0600000000000001	unphased	0.807192118226601	0.807192118226601	1
14	50319517	50319518	46	13	2.88	3	0	0.94	0	1	0.0600000000000001	unphased	2.29236481033091	1.1816313455314	1.94
14	50550443	50550444	150	37	2.88	3	0	0.94	0	1	0.0600000000000001	unphased	2.05850776674306	1.06108647770261	1.94
14	52781256	52781257	80	8	2.88	3	0	0.94	0	1	0.0600000000000001	unphased	0.945800865800866	0.945800865800866	1
14	53529765	53529766	213	66	2.88	3	0	0.94	0	1	0.0600000000000001	unphased	2.46111623143881	0.872736252283267	2.82
14	53619575	53619576	58	9	2.88	3	0	0.94	0	1	0.0600000000000001	unphased	1.39752665245203	1.39752665245203	1
14	54418874	54418875	121	42	2.88	3	0	0.94	0	1	0.0600000000000001	unphased	2.68073619631902	0.950615672453553	2.82
14	59114014	59114015	6	3	2.88	3	0	0.94	0	1	0.0600000000000001	unphased	3.46793650793651	1.17957024079473	2.94
14	60213003	60213004	109	7	2.88	3	0	0.94	0	1	0.0600000000000001	unphased	0.627816091954023	0.627816091954023	1
14	60591257	60591258	204	84	2.88	3	0	0.94	0	1	0.0600000000000001	unphased	3.03444444444444	1.03212396069539	2.94
14	62233742	62233743	68	9	2.88	3	0	0.94	0	1	0.0600000000000001	unphased	1.21602968460111	1.21602968460111	1
14	64408829	64408830	95	33	2.88	3	0	0.94	0	1	0.0600000000000001	unphased	2.68223214285714	0.951146149949342	2.82
14	64635687	64635688	86	55	2.88	3	0	0.94	0	1	0.0600000000000001	unphased	4.05822357311719	1.38034815412149	2.94
14	64746746	64746747	450	222	2.88	3	0	0.94	0	1	0.0600000000000001	unphased	3.43697278911565	1.16903836364478	2.94
14	65209850	65209851	295	154	2.88	3	0	0.94	0	1	0.0600000000000001	unphased	3.56834446919079	1.2137226085683	2.94
14	70714429	70714430	287	39	2.88	3	0	0.94	0	1	0.0600000000000001	unphased	1.24462751971954	1.24462751971954	1
14	73219971	73219972	49	11	2.88	3	0	0.94	0	1	0.0600000000000001	unphased	1.90736507936508	1.0145558932793	1.88
14	74086094	74086095	122	68	2.88	3	0	0.94	0	1	0.0600000000000001	unphased	3.7234686716792	1.26648594274803	2.94
14	74086095	74086096	122	70	2.88	3	0	0.94	0	1	0.0600000000000001	unphased	3.79305555555556	1.29015495086924	2.94
14	75330423	75330424	76	44	2.88	3	0	0.94	0	1	0.0600000000000001	unphased	3.81473015873016	1.2975272648742	2.94
14	79270161	79270162	45	24	2.88	3	0	0.94	0	1	0.0600000000000001	unphased	3.61871635610766	1.23085590343798	2.94
14	80677675	80677676	57	32	2.88	3	0	0.94	0	1	0.0600000000000001	unphased	3.74069555912253	1.27234542827297	2.94
14	90263536	90263537	35	16	2.88	3	0	0.94	0	1	0.0600000000000001	unphased	3.26394024276377	1.1101837560421	2.94
14	92251688	92251689	384	18	2.88	3	0	0.94	0	1	0.0600000000000001	unphased	0.465842217484009	0.465842217484009	1
14	92480595	92480596	97	25	2.88	3	0	0.94	0	1	0.0600000000000001	unphased	2.13192818110851	1.09893205211779	1.94
14	94772488	94772489	117	7	2.88	3	0	0.94	0	1	0.0600000000000001	unphased	0.587311827956989	0.587311827956989	1
14	94915070	94915071	199	21	2.88	3	0	0.94	0	1	0.0600000000000001	unphased	0.993090909090909	0.993090909090909	1
14	96180470	96180471	28	6	1	1	0	1	NA	NA	NA	unphased	1.50420168067227	1.50420168067227	1
14	96781495	96781496	61	7	1	1	0	1	NA	NA	NA	unphased	0.877450980392157	0.877450980392157	1
14	99183588	99183589	89	13	1	1	0	1	NA	NA	NA	unphased	1.08636788048553	1.08636788048553	1
14	101419736	101419737	164	10	1	1	0	1	NA	NA	NA	unphased	0.489874110563766	0.489874110563766	1
14	102446175	102446176	168	37	1	1	0	1	NA	NA	NA	unphased	1.53844367015099	1.53844367015099	1
14	106452699	106452700	399	101	NA	NA	NA	NA	NA	NA	NA	unphased	NA	NA	1
14	106452757	106452758	340	106	NA	NA	NA	NA	NA	NA	NA	unphased	NA	NA	1
14	106733398	106733399	244	71	NA	NA	NA	NA	NA	NA	NA	unphased	NA	NA	1
14	107078777	107078778	177	39	NA	NA	NA	NA	NA	NA	NA	unphased	NA	NA	1
15	23890546	23890547	90	21	1.6	1	0	0.4	1	1	0.6	unphased	1.72612612612613	1.72612612612613	1
15	25307560	25307561	268	26	1.6	1	0	0.4	1	1	0.6	unphased	0.806867508908325	0.806867508908325	1
15	25324098	25324099	35	8	1.6	1	0	0.4	1	1	0.6	unphased	1.69745293466224	1.69745293466224	1
15	25429477	25429478	516	56	1.6	1	0	0.4	1	1	0.6	unphased	0.893240093240093	0.893240093240093	1
15	25438362	25438363	90	22	1.6	1	0	0.4	1	1	0.6	unphased	1.7921768707483	1.7921768707483	1
15	25463557	25463558	14	5	1.6	1	0	0.4	1	1	0.6	unphased	2.40100250626566	2.40100250626566	1
15	25585361	25585362	85	17	1.6	1	0	0.4	1	1	0.6	unphased	1.52063492063492	1.52063492063492	1
15	25940271	25940272	174	21	1.6	1	0	0.4	1	1	0.6	unphased	0.982564102564103	0.982564102564103	1
15	26806282	26806283	121	28	1.6	1	0	0.4	1	1	0.6	unphased	1.71454138702461	1.71454138702461	1
15	30659661	30659662	223	15	1.6	1	0	0.4	1	1	0.6	unphased	0.575030012004802	0.958383353341337	0.6
15	31320593	31320594	129	15	1.6	1	0	0.4	1	1	0.6	unphased	0.950396825396825	0.950396825396825	1
15	31355408	31355409	124	51	1.6	1	0	0.4	1	1	0.6	unphased	2.6589387755102	2.6589387755102	1
15	31779706	31779707	67	7	1.6	1	0	0.4	1	1	0.6	unphased	0.863063063063063	0.863063063063063	1
15	33941312	33941313	209	50	1.6	1	0	0.4	1	1	0.6	unphased	1.76135318992462	1.76135318992462	1
15	34376540	34376541	96	10	1.6	1	0	0.4	1	1	0.6	unphased	0.8607367475292	0.8607367475292	1
15	38229099	38229100	39	21	1.6	1	0	0.4	1	1	0.6	unphased	3.19333333333333	3.19333333333333	1
15	40659861	40659862	129	32	1.6	1	0	0.4	1	1	0.6	unphased	1.81342797988761	1.81342797988761	1
15	40751730	40751731	206	40	1.6	1	0	0.4	1	1	0.6	unphased	1.48354626403407	1.48354626403407	1
15	41377596	41377597	221	16	1.6	1	0	0.4	1	1	0.6	unphased	0.615953385573639	1.02658897595606	0.6
15	41377597	41377598	217	16	1.6	1	0	0.4	1	1	0.6	unphased	0.626527692622113	1.04421282103686	0.6
15	41377613	41377614	198	17	1.6	1	0	0.4	1	1	0.6	unphased	0.721417497231451	0.721417497231451	1
15	42529729	42529730	99	10	1.6	1	0	0.4	1	1	0.6	unphased	0.837046745303626	0.837046745303626	1
15	45386462	45386463	82	14	1.6	1	0	0.4	1	1	0.6	unphased	1.33055555555556	1.33055555555556	1
15	45387702	45387703	151	19	1.6	1	0	0.4	1	1	0.6	unphased	1.01971988795518	1.01971988795518	1
15	45400284	45400285	170	23	1.6	1	0	0.4	1	1	0.6	unphased	1.08729336294103	1.08729336294103	1
15	48056061	48056062	306	37	1.6	1	0	0.4	1	1	0.6	unphased	0.984201027349715	0.984201027349715	1
15	50546734	50546735	103	9	1.6	1	0	0.4	1	1	0.6	unphased	0.733163265306123	0.733163265306123	1
15	51031985	51031986	71	10	1.6	1	0	0.4	1	1	0.6	unphased	1.12639623750735	1.12639623750735	1
15	54306041	54306042	168	42	1.6	1	0	0.4	1	1	0.6	unphased	1.82476190476191	1.82476190476191	1
15	54914547	54914548	162	18	1.6	1	0	0.4	1	1	0.6	unphased	0.912380952380953	0.912380952380953	1
15	56032677	56032678	318	98	1.6	1	0	0.4	1	1	0.6	unphased	2.14935897435897	2.14935897435897	1
15	58257928	58257929	143	12	1.6	1	0	0.4	1	1	0.6	unphased	0.706359447004608	0.706359447004608	1
15	59470689	59470690	72	9	1.6	1	0	0.4	1	1	0.6	unphased	1.01375661375661	1.01375661375661	1
15	59494606	59494607	122	13	1.6	1	0	0.4	1	1	0.6	unphased	0.878589065255732	0.878589065255732	1
15	62320618	62320619	96	18	1.6	1	0	0.4	1	1	0.6	unphased	1.4406015037594	1.4406015037594	1
15	62320619	62320620	93	17	1.6	1	0	0.4	1	1	0.6	unphased	1.41004329004329	1.41004329004329	1
15	65041693	65041694	168	29	1.6	1	0	0.4	1	1	0.6	unphased	1.34309886391105	1.34309886391105	1
15	65351718	65351719	79	12	1.6	1	0	0.4	1	1	0.6	unphased	1.20313971742543	1.20313971742543	1
15	65688241	65688242	37	4	1.6	1	0	0.4	1	1	0.6	unphased	0.890127758420441	0.890127758420441	1
15	65983384	65983385	43	5	1.6	1	0	0.4	1	1	0.6	unphased	0.950396825396825	0.950396825396825	1
15	65993514	65993515	33	4	1.6	1	0	0.4	1	1	0.6	unphased	0.986357786357786	0.986357786357786	1
15	68643000	68643001	129	14	1.6	1	0	0.4	1	1	0.6	unphased	0.893240093240093	0.893240093240093	1
15	75116015	75116016	97	15	1.6	1	0	0.4	1	1	0.6	unphased	1.2219387755102	1.2219387755102	1
15	75648218	75648219	53	6	1.6	1	0	0.4	1	1	0.6	unphased	0.927845036319613	0.927845036319613	1
15	76254244	76254245	213	29	1.6	1	0	0.4	1	1	0.6	unphased	1.09334907516726	1.09334907516726	1
15	77907380	77907381	83	13	1.6	1	0	0.4	1	1	0.6	unphased	1.23551587301587	1.23551587301587	1
15	78461454	78461455	32	5	1.6	1	0	0.4	1	1	0.6	unphased	1.23294723294723	1.23294723294723	1
15	78584956	78584957	90	12	1.6	1	0	0.4	1	1	0.6	unphased	1.0733893557423	1.0733893557423	1
15	78764259	78764260	74	9	1.6	1	0	0.4	1	1	0.6	unphased	0.989328743545611	0.989328743545611	1
15	78917434	78917435	156	20	1.6	1	0	0.4	1	1	0.6	unphased	1.03679653679654	1.03679653679654	1
15	79067001	79067002	143	13	1.6	1	0	0.4	1	1	0.6	unphased	0.76031746031746	0.76031746031746	1
15	83931750	83931751	60	13	1.6	1	0	0.4	1	1	0.6	unphased	1.62478799739074	1.62478799739074	1
15	86940754	86940755	226	28	1.6	1	0	0.4	1	1	0.6	unphased	1.00577427821522	1.00577427821522	1
15	87531246	87531247	292	56	1.6	1	0	0.4	1	1	0.6	unphased	1.46819923371648	1.46819923371648	1
15	90347592	90347593	122	20	1.6	1	0	0.4	1	1	0.6	unphased	1.28504359490275	1.28504359490275	1
15	90349242	90349243	181	21	1.6	1	0	0.4	1	1	0.6	unphased	0.948514851485149	0.948514851485149	1
15	91423003	91423004	150	34	1.6	1	0	0.4	1	1	0.6	unphased	1.68592132505176	1.68592132505176	1
15	92981650	92981651	346	38	1.6	1	0	0.4	1	1	0.6	unphased	0.902876984126984	0.902876984126984	1
15	100332248	100332249	64	14	1.6	1	0	0.4	1	1	0.6	unphased	1.63760683760684	1.63760683760684	1
15	102358679	102358680	194	46	NA	NA	NA	NA	NA	NA	NA	unphased	NA	NA	1
16	511443	511444	236	18	NA	NA	NA	NA	NA	NA	NA	unphased	NA	NA	1
16	1748975	1748976	185	72	2	2	0	0.36	1	1	0.64	unphased	2.66814897165092	1.96187424386097	1.36
16	2122924	2122925	151	18	2	2	0	0.36	1	1	0.64	unphased	1.01437024513948	1.01437024513948	1
16	2812972	2812973	721	47	2	2	0	0.36	1	1	0.64	unphased	0.582837301587302	0.910683283730159	0.64
16	4165291	4165292	62	6	2	2	0	0.36	1	1	0.64	unphased	0.840336134453782	0.840336134453782	1
16	4933739	4933740	110	22	2	2	0	0.36	1	1	0.64	unphased	1.58730158730159	1.1671335200747	1.36
16	7382880	7382881	34	11	2	2	0	0.36	1	1	0.64	unphased	2.32804232804233	1.71179582944289	1.36
16	9004655	9004656	103	22	2	2	0	0.36	1	1	0.64	unphased	1.67619047619048	1.23249299719888	1.36
16	9857737	9857738	443	20	2	2	0	0.36	1	1	0.64	unphased	0.411395659775789	0.411395659775789	1
16	9857800	9857801	674	150	2	2	0	0.36	1	1	0.64	unphased	1.73370319001387	1.27478175736314	1.36
16	10574811	10574812	118	23	3.8	5	0	0.6	1	1	0.4	unphased	1.84714623438028	1.15446639648767	1.6
16	17221696	17221697	374	19	3.8	5	0	0.6	1	1	0.4	unphased	0.547461529140919	0.912435881901531	0.6
16	20043323	20043324	129	64	3.8	5	0	0.6	1	1	0.4	unphased	3.75504564520109	0.988169906631865	3.8
16	20352560	20352561	79	41	3.8	5	0	0.6	1	1	0.4	unphased	3.86896825396825	1.01814954051796	3.8
16	20362002	20362003	91	35	3.8	5	0	0.6	1	1	0.4	unphased	3.14550264550265	0.982969576719577	3.2
16	20386219	20386220	211	11	3.8	5	0	0.6	1	1	0.4	unphased	0.561089661089661	0.935149435149435	0.6
16	20471597	20471598	60	12	3.8	5	0	0.6	1	1	0.4	unphased	1.88730158730159	0.857864357864358	2.2
16	20498057	20498058	132	63	3.8	5	0	0.6	1	1	0.4	unphased	3.65846153846154	1.01623931623932	3.6
16	20559427	20559428	393	165	3.8	5	0	0.6	1	1	0.4	unphased	3.3484383000512	0.984834794132707	3.4
16	20682924	20682925	150	18	3.8	5	0	0.6	1	1	0.4	unphased	1.21326530612245	1.21326530612245	1
16	20833144	20833145	118	49	3.8	5	0	0.6	1	1	0.4	unphased	3.32255489021956	0.977222026535165	3.4
16	21038382	21038383	86	16	3.8	5	0	0.6	1	1	0.4	unphased	1.77628384687208	1.11017740429505	1.6
16	21217082	21217083	71	15	3.8	5	0	0.6	1	1	0.4	unphased	1.97508305647841	0.897765025672003	2.2
16	21726421	21726422	628	36	3.8	5	0	0.6	1	1	0.4	unphased	0.61394148020654	1.02323580034423	0.6
16	23197832	23197833	138	12	1.1	3	0	0.05	0	1	0.95	unphased	0.689904761904762	0.689904761904762	1
16	24373043	24373044	193	46	1.1	3	0	0.05	0	1	0.95	unphased	1.65981271169556	0.809664737412467	2.05
16	24801618	24801619	165	14	1.1	3	0	0.05	0	1	0.95	unphased	0.674487895716946	0.674487895716946	1
16	24888675	24888676	377	18	1.1	3	0	0.05	0	1	0.95	unphased	0.392983725135624	0.392983725135624	1
16	27373905	27373906	115	15	1.1	3	0	0.05	0	1	0.95	unphased	0.995054945054945	0.995054945054945	1
16	27460381	27460382	84	42	1.1	3	0	0.05	0	1	0.95	unphased	2.87460317460317	1.40224545102594	2.05
16	27476637	27476638	162	24	1.1	3	0	0.05	0	1	0.95	unphased	1.11274961597542	1.11274961597542	1
16	28603401	28603402	54	16	1.1	3	0	0.05	0	1	0.95	unphased	1.97115646258503	0.961539737846358	2.05
16	29675183	29675184	236	62	1.1	3	0	0.05	0	1	0.95	unphased	1.79421540428252	0.875227026479278	2.05
16	29690493	29690494	174	10	1.1	3	0	0.05	0	1	0.95	unphased	0.468685300207039	0.468685300207039	1
16	29884745	29884746	185	73	1.1	3	0	0.05	0	1	0.95	unphased	2.44007013658176	1.19027811540574	2.05
16	29998854	29998855	124	45	1.1	3	0	0.05	0	1	0.95	unphased	2.29628064243449	1.12013689874853	2.05
16	30021411	30021412	75	22	1.1	3	0	0.05	0	1	0.95	unphased	1.95591556210113	0.954105152244453	2.05
16	30507517	30507518	282	101	1.1	3	0	0.05	0	1	0.95	unphased	2.27416386920303	1.10934822887953	2.05
16	30510524	30510525	158	52	1.1	3	0	0.05	0	1	0.95	unphased	2.13541950113379	1.04166804933355	2.05
16	30724539	30724540	194	57	1.1	3	0	0.05	0	1	0.95	unphased	1.95839499146272	0.955314629981815	2.05
16	31157192	31157193	105	37	1.1	3	0	0.05	0	1	0.95	unphased	2.24704896042924	1.09612144411183	2.05
16	31374569	31374570	323	78	1.1	3	0	0.05	0	1	0.95	unphased	1.67744923405771	0.818267919052543	2.05
16	32077426	32077427	606	94	2	1	1	0.23	1	1	0.77	unphased	1.27891156462585	1.27891156462585	1
16	48130771	48130772	185	18	2	1	1	0.23	1	1	0.77	unphased	0.844475721323012	0.844475721323012	1
16	48162379	48162380	261	51	2	1	1	0.23	1	1	0.77	unphased	1.55677655677656	1.55677655677656	1
16	48162468	48162469	159	16	2	1	1	0.23	1	1	0.77	unphased	0.870748299319728	0.870748299319728	1
16	49433191	49433192	92	13	2	1	1	0.23	1	1	0.77	unphased	1.17913832199546	1.17913832199546	1
16	49670419	49670420	187	16	2	1	1	0.23	1	1	0.77	unphased	0.750645085620455	0.750645085620455	1
16	53331001	53331002	193	17	2	1	1	0.23	1	1	0.77	unphased	0.770975056689343	0.770975056689343	1
16	55525858	55525859	64	7	2	1	1	0.23	1	1	0.77	unphased	0.938967136150235	0.938967136150235	1
16	55530858	55530859	117	18	2	1	1	0.23	1	1	0.77	unphased	1.26984126984127	1.26984126984127	1
16	55562355	55562356	107	18	2	1	1	0.23	1	1	0.77	unphased	1.37142857142857	1.37142857142857	1
16	56388844	56388845	101	14	2	1	1	0.23	1	1	0.77	unphased	1.15942028985507	1.15942028985507	1
16	57695811	57695812	147	13	2	1	1	0.23	1	1	0.77	unphased	0.773809523809524	0.773809523809524	1
16	57697455	57697456	173	29	2	1	1	0.23	1	1	0.77	unphased	1.36727958510137	1.36727958510137	1
16	58148823	58148824	61	9	2	1	1	0.23	1	1	0.77	unphased	1.22448979591837	1.22448979591837	1
16	58541756	58541757	149	19	2	1	1	0.23	1	1	0.77	unphased	1.07709750566893	1.07709750566893	1
16	58572799	58572800	101	14	2	1	1	0.23	1	1	0.77	unphased	1.15942028985507	1.15942028985507	1
16	61851500	61851501	119	15	2	1	1	0.23	1	1	0.77	unphased	1.06609808102345	1.06609808102345	1
16	62055383	62055384	55	9	2	1	1	0.23	1	1	0.77	unphased	1.33928571428571	1.33928571428571	1
16	65005523	65005524	113	12	2	1	1	0.23	1	1	0.77	unphased	0.914285714285714	0.914285714285714	1
16	67861259	67861260	216	25	2	1	1	0.23	1	1	0.77	unphased	0.987947046038332	0.987947046038332	1
16	68248275	68248276	77	9	2	1	1	0.23	1	1	0.77	unphased	0.996677740863787	0.996677740863787	1
16	70154617	70154618	92	12	2	1	1	0.23	1	1	0.77	unphased	1.0989010989011	1.0989010989011	1
16	70900087	70900088	101	18	2	1	1	0.23	1	1	0.77	unphased	1.4405762304922	1.4405762304922	1
16	71015469	71015470	196	34	2	1	1	0.23	1	1	0.77	unphased	1.40786749482402	1.40786749482402	1
16	71697943	71697944	113	21	2	1	1	0.23	1	1	0.77	unphased	1.49253731343284	1.49253731343284	1
16	74662536	74662537	348	31	2	1	1	0.23	1	1	0.77	unphased	0.778992335720568	0.778992335720568	1
16	74976634	74976635	55	18	2	1	1	0.23	1	1	0.77	unphased	2.34833659491194	2.34833659491194	1
16	75576503	75576504	130	23	2	1	1	0.23	1	1	0.77	unphased	1.43168378462496	1.43168378462496	1
16	77359869	77359870	92	11	2	1	1	0.23	1	1	0.77	unphased	1.0171058714748	1.0171058714748	1
16	77896677	77896678	171	24	2	1	1	0.23	1	1	0.77	unphased	1.17216117216117	1.17216117216117	1
16	80638383	80638384	280	27	2	1	1	0.23	1	1	0.77	unphased	0.837598883201489	0.837598883201489	1
16	83992863	83992864	156	13	2	1	1	0.23	1	1	0.77	unphased	0.732600732600733	0.732600732600733	1
16	84189345	84189346	84	25	2	1	1	0.23	1	1	0.77	unphased	2.18435998252512	2.18435998252512	1
16	85112584	85112585	184	33	2	1	1	0.23	1	1	0.77	unphased	1.44832126398947	1.44832126398947	1
16	85133803	85133804	35	5	2	1	1	0.23	1	1	0.77	unphased	1.19047619047619	1.19047619047619	1
16	85839262	85839263	35	5	2	1	1	0.23	1	1	0.77	unphased	1.19047619047619	1.19047619047619	1
16	87677996	87677997	178	30	2	1	1	0.23	1	1	0.77	unphased	1.37362637362637	1.37362637362637	1
16	87678561	87678562	85	14	2	1	1	0.23	1	1	0.77	unphased	1.34680134680135	1.34680134680135	1
16	89246674	89246675	30	5	2	1	1	0.23	1	1	0.77	unphased	1.36054421768707	1.36054421768707	1
17	263128	263129	150	28	NA	NA	NA	NA	NA	NA	NA	unphased	NA	NA	1
17	2604049	2604050	82	42	3	3	0	1	NA	NA	NA	unphased	3.56451612903226	1.18817204301075	3
17	4443106	4443107	208	93	3	3	0	1	NA	NA	NA	unphased	3.2515424774561	1.08384749248537	3
17	6554903	6554904	51	9	3	3	0	1	NA	NA	NA	unphased	1.57857142857143	1.57857142857143	1
17	6929780	6929781	178	57	3	3	0	1	NA	NA	NA	unphased	2.55258358662614	0.850861195542047	3
17	7158124	7158125	56	9	3	3	0	1	NA	NA	NA	unphased	1.45714285714286	1.45714285714286	1
17	7348808	7348809	13	3	3	3	0	1	NA	NA	NA	unphased	1.97321428571429	1.97321428571429	1
17	7577122	7577123	33	9	3	3	0	1	NA	NA	NA	unphased	2.25510204081633	1.12755102040816	2
17	7722376	7722377	28	8	3	3	0	1	NA	NA	NA	unphased	2.33862433862434	1.16931216931217	2
17	9604946	9604947	26	3	3	3	0	1	NA	NA	NA	unphased	1.08866995073892	1.08866995073892	1
17	9830017	9830018	120	29	3	3	0	1	NA	NA	NA	unphased	2.04825822946628	1.02412911473314	2
17	10209867	10209868	201	63	3	3	0	1	NA	NA	NA	unphased	2.51136363636364	0.837121212121212	3
17	10409386	10409387	186	57	3	3	0	1	NA	NA	NA	unphased	2.46854791299236	0.822849304330786	3
17	10411223	10411224	153	11	3	3	0	1	NA	NA	NA	unphased	0.705865272938444	0.705865272938444	1
17	10547772	10547773	115	38	3	3	0	1	NA	NA	NA	unphased	2.61375661375661	0.871252204585538	3
17	11593082	11593083	73	21	3	3	0	1	NA	NA	NA	unphased	2.35106382978723	1.17553191489362	2
17	12846932	12846933	191	58	3	3	0	1	NA	NA	NA	unphased	2.45132912602792	0.817109708675974	3
17	12915088	12915089	114	10	3	3	0	1	NA	NA	NA	unphased	0.848694316436252	0.848694316436252	1
17	15989744	15989745	54	47	7	7	0	1	NA	NA	NA	unphased	6.75860443187176	0.965514918838823	7
17	16330852	16330853	75	80	7	7	0	1	NA	NA	NA	unphased	7.49615975422427	1.07087996488918	7
17	18675738	18675739	217	87	4	4	0	1	NA	NA	NA	unphased	3.29793233082707	1.09931077694236	3
17	21319453	21319454	180	18	4	4	0	1	NA	NA	NA	unphased	1.04761904761905	1.04761904761905	1
17	21477602	21477603	35	16	4	4	0	1	NA	NA	NA	unphased	3.61531279178338	0.903828197945845	4
17	28435015	28435016	155	66	4	4	0	1	NA	NA	NA	unphased	3.44149967679379	0.860374919198449	4
17	30806345	30806346	231	26	2.86	4	0	0.43	1	1	0.57	unphased	1.05050213081342	1.05050213081342	1
17	31415951	31415952	93	47	2.86	4	0	0.43	1	1	0.57	unphased	3.48599319727891	1.01632454731164	3.43
17	32964378	32964379	180	45	2.86	4	0	0.43	1	1	0.57	unphased	2.0767619047619	0.906882927843627	2.29
17	33289496	33289497	160	11	2.86	4	0	0.43	1	1	0.57	unphased	0.667964355332776	0.667964355332776	1
17	33428229	33428230	270	63	2.86	4	0	0.43	1	1	0.57	unphased	1.9645045045045	1.05618521747554	1.86
17	34263781	34263782	178	126	2.86	4	0	0.43	1	1	0.57	unphased	4.30381578947368	1.25475678993402	3.43
17	34266290	34266291	136	91	2.86	4	0	0.43	1	1	0.57	unphased	4.16267254038179	1.21360715463026	3.43
17	38953455	38953456	171	58	2.86	4	0	0.43	1	1	0.57	unphased	2.62996049074652	0.919566605156125	2.86
17	39316799	39316800	166	98	2.86	4	0	0.43	1	1	0.57	unphased	3.85459595959596	1.1237889095032	3.43
17	39775828	39775829	217	11	2.86	4	0	0.43	1	1	0.57	unphased	0.500973266499582	1.16505410813856	0.43
17	40766530	40766531	101	42	2.86	4	0	0.43	1	1	0.57	unphased	3.04979020979021	1.06636021321336	2.86
17	40997102	40997103	115	60	2.86	4	0	0.43	1	1	0.57	unphased	3.56016326530612	1.03794847385018	3.43
17	41246313	41246314	243	12	2.86	4	0	0.43	1	1	0.57	unphased	0.488649859943978	1.13639502312553	0.43
17	41345411	41345412	94	31	2.86	4	0	0.43	1	1	0.57	unphased	2.57518476190476	1.05974681559867	2.43
17	42837202	42837203	62	26	2.86	4	0	0.43	1	1	0.57	unphased	3.06794372294372	1.07270759543487	2.86
17	42882702	42882703	333	15	2.86	4	0	0.43	1	1	0.57	unphased	0.447577996715928	1.04087906213006	0.43
17	43910879	43910880	179	61	2.86	4	0	0.43	1	1	0.57	unphased	2.63921825396825	0.922803585303585	2.86
17	44950056	44950057	65	23	2.86	4	0	0.43	1	1	0.57	unphased	2.71395021645022	0.94893364211546	2.86
17	45206823	45206824	77	41	2.86	4	0	0.43	1	1	0.57	unphased	3.60793381759484	1.05187574856992	3.43
17	45993626	45993627	602	21	2.86	4	0	0.43	1	1	0.57	unphased	0.350016051364366	0.813990817126433	0.43
17	56357345	56357346	87	46	2.86	4	0	0.43	1	1	0.57	unphased	3.59139276763337	1.04705328502431	3.43
17	56729333	56729334	54	42	2.86	4	0	0.43	1	1	0.57	unphased	4.54291666666667	1.32446550048591	3.43
17	59820496	59820497	108	46	2.86	4	0	0.43	1	1	0.57	unphased	3.10165739022882	1.0844955909891	2.86
17	60342470	60342471	367	50	2.86	4	0	0.43	1	1	0.57	unphased	1.24506109398196	1.24506109398196	1
17	61558507	61558508	212	21	2.86	4	0	0.43	1	1	0.57	unphased	0.93587982832618	0.93587982832618	1
17	61568642	61568643	165	16	2.86	4	0	0.43	1	1	0.57	unphased	0.917905814259405	0.917905814259405	1
17	61621388	61621389	19	5	2.86	4	0	0.43	1	1	0.57	unphased	2.16329365079365	2.16329365079365	1
17	61972371	61972372	169	12	2.86	4	0	0.43	1	1	0.57	unphased	0.688429360694554	0.688429360694554	1
17	61994594	61994595	37	20	2.86	4	0	0.43	1	1	0.57	unphased	3.64344193817878	1.06222797031451	3.43
17	62025294	62025295	60	31	2.86	4	0	0.43	1	1	0.57	unphased	3.53734170591313	1.03129495799217	3.43
17	65940368	65940369	226	126	2.86	4	0	0.43	1	1	0.57	unphased	3.71693181818182	1.08365359130665	3.43
17	66267478	66267479	150	8	2.86	4	0	0.43	1	1	0.57	unphased	0.525762507534659	1.22270350589456	0.43
17	66980198	66980199	164	76	2.86	4	0	0.43	1	1	0.57	unphased	3.28820634920635	0.958660743208848	3.43
17	70119858	70119859	190	10	2.86	4	0	0.43	1	1	0.57	unphased	0.519190476190476	1.20741971207087	0.43
17	71281532	71281533	171	20	2.86	4	0	0.43	1	1	0.57	unphased	1.0873098977811	1.0873098977811	1
17	72608711	72608712	134	58	2.86	4	0	0.43	1	1	0.57	unphased	3.13677579365079	0.914511893192651	3.43
17	73571095	73571096	42	23	2.86	4	0	0.43	1	1	0.57	unphased	3.67427106227106	1.07121605314025	3.43
17	76202118	76202119	65	23	2.86	4	0	0.43	1	1	0.57	unphased	2.71395021645022	0.94893364211546	2.86
17	76506557	76506558	277	17	2.86	4	0	0.43	1	1	0.57	unphased	0.600424360220279	1.39633572144251	0.43
17	77768753	77768754	29	9	2.86	4	0	0.43	1	1	0.57	unphased	2.45932330827068	1.01206720504966	2.43
17	78328161	78328162	61	42	2.86	4	0	0.43	1	1	0.57	unphased	4.23417475728155	1.23445328200628	3.43
17	79166535	79166536	51	6	2.86	4	0	0.43	1	1	0.57	unphased	1.09303258145363	1.09303258145363	1
17	79177293	79177294	15	7	2.86	4	0	0.43	1	1	0.57	unphased	3.30393939393939	0.963247636717025	3.43
18	2885107	2885108	200	13	3.18	2	2	0.59	1	1	0.41	unphased	0.653284149340487	0.653284149340487	1
18	6961755	6961756	62	9	3.18	2	2	0.59	1	1	0.41	unphased	1.35682092555332	1.35682092555332	1
18	6966159	6966160	64	8	3.18	2	2	0.59	1	1	0.41	unphased	1.18931216931217	1.18931216931217	1
18	7079971	7079972	50	17	3.18	2	2	0.59	1	1	0.41	unphased	2.71589196872779	1.70810815643257	1.59
18	8824924	8824925	173	37	3.18	2	2	0.59	1	1	0.41	unphased	1.88590929705215	1.18610647613343	1.59
18	10548348	10548349	257	39	3.18	2	2	0.59	1	1	0.41	unphased	1.41029922779923	0.886980646414609	1.59
18	14784344	14784345	60	7	3.18	2	2	0.59	1	1	0.41	unphased	1.11830845771144	1.11830845771144	1
18	22806832	22806833	105	20	3.18	2	2	0.59	1	1	0.41	unphased	1.71260952380952	1.0771129080563	1.59
18	22807007	22807008	133	15	3.18	2	2	0.59	1	1	0.41	unphased	1.08484555984556	1.08484555984556	1
18	22807247	22807248	74	11	3.18	2	2	0.59	1	1	0.41	unphased	1.38519887955182	1.38519887955182	1
18	25532248	25532249	131	15	3.18	2	2	0.59	1	1	0.41	unphased	1.09970645792564	1.09970645792564	1
18	28662235	28662236	155	36	3.18	2	2	0.59	1	1	0.41	unphased	2.01747195213164	1.26885028435952	1.59
18	28916563	28916564	75	21	3.18	2	2	0.59	1	1	0.41	unphased	2.34145833333333	1.47261530398323	1.59
18	28918285	28918286	77	14	3.18	2	2	0.59	1	1	0.41	unphased	1.64673992673993	1.03568548851568	1.59
18	29055791	29055792	107	14	3.18	2	2	0.59	1	1	0.41	unphased	1.23845730027548	1.23845730027548	1
18	29125887	29125888	141	26	3.18	2	2	0.59	1	1	0.41	unphased	1.66646136298831	1.04808890753982	1.59
18	29125985	29125986	153	31	3.18	2	2	0.59	1	1	0.41	unphased	1.80335921325052	1.13418818443429	1.59
18	30926192	30926193	108	12	3.18	2	2	0.59	1	1	0.41	unphased	1.07038095238095	1.07038095238095	1
18	30928889	30928890	62	13	3.18	2	2	0.59	1	1	0.41	unphased	1.85532698412698	1.166872317061	1.59
18	31318498	31318499	50	6	3.18	2	2	0.59	1	1	0.41	unphased	1.14683673469388	1.14683673469388	1
18	31325262	31325263	381	51	3.18	2	2	0.59	1	1	0.41	unphased	1.26364417989418	0.794744767229044	1.59
18	32459514	32459515	96	17	3.18	2	2	0.59	1	1	0.41	unphased	1.61030762747577	1.01277209275206	1.59
18	33724960	33724961	205	34	3.18	2	2	0.59	1	1	0.41	unphased	1.5227176728432	0.957684070970563	1.59
18	40853819	40853820	131	15	3.18	2	2	0.59	1	1	0.41	unphased	1.09970645792564	1.09970645792564	1
18	42643084	42643085	130	27	3.18	2	2	0.59	1	1	0.41	unphased	1.84078252957234	1.15772486136625	1.59
18	42643651	42643652	20	5	3.18	2	2	0.59	1	1	0.41	unphased	2.1407619047619	2.1407619047619	1
18	43249356	43249357	375	34	3.18	2	2	0.59	1	1	0.41	unphased	0.889803236698102	0.889803236698102	1
18	43698209	43698210	201	23	3.18	2	2	0.59	1	1	0.41	unphased	1.0990518707483	1.0990518707483	1
18	44260274	44260275	113	28	3.18	2	2	0.59	1	1	0.41	unphased	2.12557919621749	1.33684226177201	1.59
18	45368311	45368312	87	7	3.18	2	2	0.59	1	1	0.41	unphased	0.79709219858156	0.79709219858156	1
18	51904650	51904651	38	11	3.18	2	2	0.59	1	1	0.41	unphased	2.40289601554908	1.51125535569124	1.59
18	54385313	54385314	189	27	3.18	2	2	0.59	1	1	0.41	unphased	1.33797619047619	1.33797619047619	1
18	59203751	59203752	259	28	2	1	1	0.45	1	1	0.55	unphased	0.929152148664344	0.929152148664344	1
18	59206353	59206354	231	37	2	1	1	0.45	1	1	0.55	unphased	1.31485429992893	1.31485429992893	1
18	59483404	59483405	82	24	2	1	1	0.45	1	1	0.55	unphased	2.15633423180593	2.15633423180593	1
18	60241758	60241759	174	22	2	1	1	0.45	1	1	0.55	unphased	1.0689990281827	1.0689990281827	1
18	60506076	60506077	128	31	2	1	1	0.45	1	1	0.55	unphased	1.85684336627733	1.85684336627733	1
18	61234146	61234147	157	23	2	1	1	0.45	1	1	0.55	unphased	1.21693121693122	1.21693121693122	1
18	61471508	61471509	95	10	2	1	1	0.45	1	1	0.55	unphased	0.90702947845805	0.90702947845805	1
18	74778253	74778254	119	22	1.66	2	1	0.33	1	0	0.67	unphased	1.4329348193178	1.07739460099083	1.33
18	76753278	76753279	64	5	1.66	2	1	0.33	1	0	0.67	unphased	0.665493443754313	0.665493443754313	1
18	76757282	76757283	493	40	1.66	2	1	0.33	1	0	0.67	unphased	0.689216474582328	0.689216474582328	1
19	1599496	1599497	159	26	1	1	0	1	NA	NA	NA	unphased	1.1979407979408	1.1979407979408	1
19	4433495	4433496	111	24	1	1	0	1	NA	NA	NA	unphased	1.51534391534392	1.51534391534392	1
19	8127167	8127168	52	14	1	1	0	1	NA	NA	NA	unphased	1.80808080808081	1.80808080808081	1
19	8196579	8196580	73	10	1	1	0	1	NA	NA	NA	unphased	1.02696500286862	1.02696500286862	1
19	8807929	8807930	74	11	1	1	0	1	NA	NA	NA	unphased	1.103081232493	1.103081232493	1
19	9018137	9018138	164	38	1	1	0	1	NA	NA	NA	unphased	1.6034889203206	1.6034889203206	1
19	9056876	9056877	65	13	1	1	0	1	NA	NA	NA	unphased	1.42063492063492	1.42063492063492	1
19	9065902	9065903	176	23	1	1	0	1	NA	NA	NA	unphased	0.985163914812156	0.985163914812156	1
19	9269575	9269576	81	12	1	1	0	1	NA	NA	NA	unphased	1.09984639016897	1.09984639016897	1
19	9362497	9362498	37	7	1	1	0	1	NA	NA	NA	unphased	1.35606060606061	1.35606060606061	1
19	9643517	9643518	102	22	1	1	0	1	NA	NA	NA	unphased	1.51228878648233	1.51228878648233	1
19	10197713	10197714	30	5	1	1	0	1	NA	NA	NA	unphased	1.21768707482993	1.21768707482993	1
19	12060813	12060814	73	9	1	1	0	1	NA	NA	NA	unphased	0.935540069686411	0.935540069686411	1
19	12087963	12087964	195	36	1	1	0	1	NA	NA	NA	unphased	1.32838589981447	1.32838589981447	1
19	14508600	14508601	117	11	1	1	0	1	NA	NA	NA	unphased	0.732514880952381	0.732514880952381	1
19	14765949	14765950	120	8	1	1	0	1	NA	NA	NA	unphased	0.532738095238095	0.532738095238095	1
19	15651461	15651462	134	10	2	1	1	1	NA	NA	NA	unphased	0.661375661375661	0.661375661375661	1
19	15651462	15651463	132	10	2	1	1	1	NA	NA	NA	unphased	0.670690811535882	0.670690811535882	1
19	16338501	16338502	424	59	2	1	1	1	NA	NA	NA	unphased	1.16336389628315	1.16336389628315	1
19	17003876	17003877	37	6	2	1	1	1	NA	NA	NA	unphased	1.32890365448505	1.32890365448505	1
19	17339817	17339818	42	7	2	1	1	1	NA	NA	NA	unphased	1.36054421768707	1.36054421768707	1
19	17756802	17756803	37	6	2	1	1	1	NA	NA	NA	unphased	1.32890365448505	1.32890365448505	1
19	17922690	17922691	347	18	2.98	3	1	0.66	1	0	0.34	unphased	0.517996086105675	0.784842554705568	0.66
19	17937596	17937597	276	42	2.98	3	1	0.66	1	0	0.34	unphased	1.38729559748428	0.835720239448359	1.66
19	17973500	17973501	268	25	2.98	3	1	0.66	1	0	0.34	unphased	0.896229481553714	0.896229481553714	1
19	18329182	18329183	291	77	2.98	3	1	0.66	1	0	0.34	unphased	2.19780797101449	0.947331021989006	2.32
19	18329183	18329184	294	78	2.98	3	1	0.66	1	0	0.34	unphased	2.20241167434716	0.949315376873775	2.32
19	18731226	18731227	140	32	2.98	3	1	0.66	1	0	0.34	unphased	1.95419712070875	0.842326345133081	2.32
19	19655943	19655944	148	42	2.98	3	1	0.66	1	0	0.34	unphased	2.32189473684211	1.0008166969147	2.32
19	19656805	19656806	21	5	2.98	3	1	0.66	1	0	0.34	unphased	2.01996336996337	2.01996336996337	1
19	20308559	20308560	104	13	2.98	3	1	0.66	1	0	0.34	unphased	1.16708994708995	1.16708994708995	1
19	21366001	21366002	139	16	2.98	3	1	0.66	1	0	0.34	unphased	1.08426420890937	1.08426420890937	1
19	22363679	22363680	180	18	2.98	3	1	0.66	1	0	0.34	unphased	0.954891774891775	0.954891774891775	1
19	22939969	22939970	102	23	2.98	3	1	0.66	1	0	0.34	unphased	1.93270095238095	1.1642776821572	1.66
19	22940129	22940130	108	11	2.98	3	1	0.66	1	0	0.34	unphased	0.97094037615046	0.97094037615046	1
19	30099607	30099608	169	18	2.98	3	1	0.66	1	0	0.34	unphased	1.01106187929717	1.01106187929717	1
19	30935447	30935448	364	76	2.98	3	1	0.66	1	0	0.34	unphased	1.81429437229437	1.0929484170448	1.66
19	31039573	31039574	135	12	2.98	3	1	0.66	1	0	0.34	unphased	0.857453838678328	0.857453838678328	1
19	31039762	31039763	139	18	2.98	3	1	0.66	1	0	0.34	unphased	1.20425841674249	1.20425841674249	1
19	31769067	31769068	226	26	2.98	3	1	0.66	1	0	0.34	unphased	1.08372637944067	1.08372637944067	1
19	33098605	33098606	44	10	2.98	3	1	0.66	1	0	0.34	unphased	1.94514991181658	0.838426686127836	2.32
19	34884874	34884875	258	114	2.98	3	1	0.66	1	0	0.34	unphased	3.21890937019969	1.21011630458635	2.66
19	34951383	34951384	16	9	2.98	3	1	0.66	1	0	0.34	unphased	3.78137142857143	1.42156820622986	2.66
19	34957911	34957912	79	7	2.98	3	1	0.66	1	0	0.34	unphased	0.854961240310078	0.854961240310078	1
19	35451810	35451811	197	51	2.98	3	1	0.66	1	0	0.34	unphased	2.16005760368664	0.931059311933895	2.32
19	35451811	35451812	198	49	2.98	3	1	0.66	1	0	0.34	unphased	2.08375168690958	0.898168830564475	2.32
19	36027809	36027810	320	36	2.98	3	1	0.66	1	0	0.34	unphased	1.06218298555377	1.06218298555377	1
19	36027810	36027811	315	38	2.98	3	1	0.66	1	0	0.34	unphased	1.13072170511264	1.13072170511264	1
19	36050769	36050770	134	18	2.98	3	1	0.66	1	0	0.34	unphased	1.24387218045113	1.24387218045113	1
19	36350478	36350479	145	52	2.98	3	1	0.66	1	0	0.34	unphased	2.77257916364515	1.04232299385156	2.66
19	36352121	36352122	48	5	2.98	3	1	0.66	1	0	0.34	unphased	0.990925426774483	0.990925426774483	1
19	36394805	36394806	46	8	2.98	3	1	0.66	1	0	0.34	unphased	1.55611992945326	1.55611992945326	1
19	36517910	36517911	106	19	2.98	3	1	0.66	1	0	0.34	unphased	1.59657904761905	0.961794606999426	1.66
19	38899415	38899416	135	44	3	3	0	1	NA	NA	NA	unphased	2.58685820696994	0.86228606898998	3
19	42221644	42221645	303	56	3	3	0	1	NA	NA	NA	unphased	1.64159702878366	0.820798514391829	2
19	43268409	43268410	416	83	3	3	0	1	NA	NA	NA	unphased	1.75045328752744	0.875226643763718	2
19	43269795	43269796	140	16	3	3	0	1	NA	NA	NA	unphased	1.07936507936508	1.07936507936508	1
19	43349342	43349343	865	152	3	3	0	1	NA	NA	NA	unphased	1.57288008615442	0.786440043077211	2
19	43757745	43757746	134	13	3	3	0	1	NA	NA	NA	unphased	0.930677032717849	0.930677032717849	1
19	44058903	44058904	394	38	3	3	0	1	NA	NA	NA	unphased	0.925705467372134	0.925705467372134	1
19	44222872	44222873	129	45	3	3	0	1	NA	NA	NA	unphased	2.72167487684729	0.907224958949097	3
19	44377025	44377026	16	7	3	3	0	1	NA	NA	NA	unphased	3.20289855072464	1.06763285024155	3
19	44500731	44500732	230	56	3	3	0	1	NA	NA	NA	unphased	2.06060606060606	1.03030303030303	2
19	44661725	44661726	144	41	3	3	0	1	NA	NA	NA	unphased	2.33230373230373	1.16615186615187	2
19	44936497	44936498	260	41	5	5	0	1	NA	NA	NA	unphased	1.70590096503718	0.852950482518589	2
19	49376907	49376908	264	29	3	3	0	1	NA	NA	NA	unphased	1.04160572078661	1.04160572078661	1
19	49535343	49535344	150	26	3	3	0	1	NA	NA	NA	unphased	1.55465367965368	0.77732683982684	2
19	49964949	49964950	19	5	3	3	0	1	NA	NA	NA	unphased	2.19246031746032	2.19246031746032	1
19	50412419	50412420	198	68	3	3	0	1	NA	NA	NA	unphased	2.69029717150018	0.896765723833393	3
19	51274315	51274316	175	58	3	3	0	1	NA	NA	NA	unphased	2.61966073983241	0.873220246610805	3
19	51274423	51274424	87	9	3	3	0	1	NA	NA	NA	unphased	0.986607142857143	0.986607142857143	1
19	52272028	52272029	145	59	3	3	0	1	NA	NA	NA	unphased	3.04365079365079	1.01455026455026	3
19	52272798	52272799	139	47	3	3	0	1	NA	NA	NA	unphased	2.65924219150026	0.886414063833419	3
19	52394292	52394293	79	44	3	3	0	1	NA	NA	NA	unphased	3.76461478900503	1.25487159633501	3
19	52537916	52537917	201	45	3	3	0	1	NA	NA	NA	unphased	1.92508710801394	0.962543554006969	2
19	52825629	52825630	92	42	3	3	0	1	NA	NA	NA	unphased	3.29850746268657	1.09950248756219	3
19	53770646	53770647	42	7	3	3	0	1	NA	NA	NA	unphased	1.50340136054422	1.50340136054422	1
19	54875902	54875903	134	7	3	3	0	1	NA	NA	NA	unphased	0.522458628841608	0.522458628841608	1
19	55175708	55175709	174	24	3	3	0	1	NA	NA	NA	unphased	1.27561327561328	1.27561327561328	1
19	55697268	55697269	196	56	3	3	0	1	NA	NA	NA	unphased	2.33862433862434	1.16931216931217	2
19	55718274	55718275	123	14	3	3	0	1	NA	NA	NA	unphased	1.07542579075426	1.07542579075426	1
19	56369119	56369120	122	43	3	3	0	1	NA	NA	NA	unphased	2.74256854256854	0.914189514189514	3
19	56369304	56369305	177	52	3	3	0	1	NA	NA	NA	unphased	2.38968600540653	1.19484300270326	2
19	56443577	56443578	154	35	3	3	0	1	NA	NA	NA	unphased	1.94885361552028	0.974426807760141	2
19	56473434	56473435	188	59	3	3	0	1	NA	NA	NA	unphased	2.51378446115288	0.837928153717627	3
19	56701250	56701251	52	29	3	3	0	1	NA	NA	NA	unphased	3.76778365667255	1.25592788555752	3
19	56701292	56701293	81	8	3	3	0	1	NA	NA	NA	unphased	0.945960406634564	0.945960406634564	1
19	56953438	56953439	123	70	3	3	0	1	NA	NA	NA	unphased	3.81692573402418	1.27230857800806	3
19	57328675	57328676	160	63	3	3	0	1	NA	NA	NA	unphased	2.97309417040359	0.991031390134529	3
19	57333090	57333091	378	32	3	3	0	1	NA	NA	NA	unphased	0.82137049941928	0.82137049941928	1
19	57802136	57802137	96	28	3	3	0	1	NA	NA	NA	unphased	2.37634408602151	1.18817204301075	2
19	58549270	58549271	24	10	3	3	0	1	NA	NA	NA	unphased	3.0952380952381	1.03174603174603	3
19	58579103	58579104	78	23	3	3	0	1	NA	NA	NA	unphased	2.3965110796794	1.1982555398397	2
19	58718366	58718367	24	17	3	3	0	1	NA	NA	NA	unphased	4.36353077816492	1.45451025938831	3
2	1926488	1926489	66	11	4	2	2	1	NA	NA	NA	unphased	1.64625850340136	1.64625850340136	1
2	1926756	1926757	258	29	4	2	2	1	NA	NA	NA	unphased	1.16442674630828	1.16442674630828	1
2	3691446	3691447	93	13	4	2	2	1	NA	NA	NA	unphased	1.41329739442947	1.41329739442947	1
2	9676904	9676905	70	9	4	2	2	1	NA	NA	NA	unphased	1.3128390596745	1.3128390596745	1
2	10912015	10912016	270	48	4	2	2	1	NA	NA	NA	unphased	1.73944294699012	0.869721473495058	2
2	10929941	10929942	173	26	4	2	2	1	NA	NA	NA	unphased	1.50562335486959	0.752811677434793	2
2	11053200	11053201	84	14	4	2	2	1	NA	NA	NA	unphased	1.64625850340136	0.82312925170068	2
2	17998055	17998056	107	22	4	2	2	1	NA	NA	NA	unphased	1.96530084902178	0.98265042451089	2
2	18745190	18745191	192	38	4	2	2	1	NA	NA	NA	unphased	1.90393374741201	0.951966873706004	2
2	21231856	21231857	189	38	4	2	2	1	NA	NA	NA	unphased	1.92909586742186	0.964547933710929	2
2	21234087	21234088	160	29	4	2	2	1	NA	NA	NA	unphased	1.76820357772739	0.884101788863694	2
2	21235297	21235298	102	33	4	2	2	1	NA	NA	NA	unphased	2.81693121693122	1.40846560846561	2
2	21238275	21238276	89	22	4	2	2	1	NA	NA	NA	unphased	2.28399828399828	1.14199914199914	2
2	24406433	24406434	72	19	4	2	2	1	NA	NA	NA	unphased	2.40607012035583	1.20303506017792	2
2	26502893	26502894	120	34	4	2	2	1	NA	NA	NA	unphased	2.54421768707483	1.27210884353741	2
2	26680811	26680812	65	14	4	2	2	1	NA	NA	NA	unphased	2.042194092827	1.0210970464135	2
2	27001137	27001138	204	44	4	2	2	1	NA	NA	NA	unphased	2.04454685099846	1.02227342549923	2
2	27016113	27016114	445	58	4	2	2	1	NA	NA	NA	unphased	1.32878916974344	1.32878916974344	1
2	27322122	27322123	216	37	4	2	2	1	NA	NA	NA	unphased	1.68530020703934	0.842650103519669	2
2	27360382	27360383	95	7	4	2	2	1	NA	NA	NA	unphased	0.790849673202614	0.790849673202614	1
2	27462298	27462299	94	11	4	2	2	1	NA	NA	NA	unphased	1.20725623582766	1.20725623582766	1
2	27560390	27560391	97	12	4	2	2	1	NA	NA	NA	unphased	1.26867627785059	1.26867627785059	1
2	28761237	28761238	56	5	4	2	2	1	NA	NA	NA	unphased	0.944574551131928	0.944574551131928	1
2	29293580	29293581	106	28	4	2	2	1	NA	NA	NA	unphased	2.40796019900498	1.20398009950249	2
2	29416584	29416585	280	32	4	2	2	1	NA	NA	NA	unphased	1.18192918192918	1.18192918192918	1
2	29754889	29754890	186	12	4	2	2	1	NA	NA	NA	unphased	0.698412698412698	0.698412698412698	1
2	30975917	30975918	436	65	4	2	2	1	NA	NA	NA	unphased	1.49510502803916	0.74755251401958	2
2	31168703	31168704	108	14	4	2	2	1	NA	NA	NA	unphased	1.3224043715847	1.3224043715847	1
2	31168709	31168710	87	26	4	2	2	1	NA	NA	NA	unphased	2.65149599662874	1.32574799831437	2
2	32640812	32640813	80	16	4	2	2	1	NA	NA	NA	unphased	1.92063492063492	0.96031746031746	2
2	32740257	32740258	84	12	4	2	2	1	NA	NA	NA	unphased	1.44047619047619	1.44047619047619	1
2	37599509	37599510	269	69	4	2	2	1	NA	NA	NA	unphased	2.35249366018597	1.17624683009298	2
2	40656896	40656897	84	10	4	2	2	1	NA	NA	NA	unphased	1.22593718338399	1.22593718338399	1
2	42671099	42671100	148	22	4	2	2	1	NA	NA	NA	unphased	1.49131652661064	0.745658263305322	2
2	44527216	44527217	147	13	4	2	2	1	NA	NA	NA	unphased	0.936309523809524	0.936309523809524	1
2	48059589	48059590	74	8	4	2	2	1	NA	NA	NA	unphased	1.12427409988386	1.12427409988386	1
2	48896864	48896865	196	11	4	2	2	1	NA	NA	NA	unphased	0.612376351506786	0.612376351506786	1
2	49190599	49190600	90	10	4	2	2	1	NA	NA	NA	unphased	1.15238095238095	1.15238095238095	1
2	50149358	50149359	58	5	4	2	2	1	NA	NA	NA	unphased	0.9145880574452	0.9145880574452	1
2	50847254	50847255	62	12	4	2	2	1	NA	NA	NA	unphased	1.86872586872587	0.934362934362934	2
2	54125015	54125016	186	60	4	2	2	1	NA	NA	NA	unphased	2.81068524970964	1.40534262485482	2
2	63401862	63401863	133	13	4	2	2	1	NA	NA	NA	unphased	1.02609262883235	1.02609262883235	1
2	66670111	66670112	243	77	4	2	2	1	NA	NA	NA	unphased	2.77291666666667	1.38645833333333	2
2	68415747	68415748	101	11	4	2	2	1	NA	NA	NA	unphased	1.13180272108844	1.13180272108844	1
2	69706163	69706164	215	14	4	2	2	1	NA	NA	NA	unphased	0.704512372634643	0.704512372634643	1
2	70315922	70315923	87	11	4	2	2	1	NA	NA	NA	unphased	1.29348882410107	1.29348882410107	1
2	71190321	71190322	177	34	4	2	2	1	NA	NA	NA	unphased	1.85691717445272	0.92845858722636	2
2	71839868	71839869	110	18	4	2	2	1	NA	NA	NA	unphased	1.62053571428571	0.810267857142857	2
2	72359459	72359460	24	7	4	2	2	1	NA	NA	NA	unphased	2.60215053763441	1.3010752688172	2
2	73799561	73799562	96	26	4	2	2	1	NA	NA	NA	unphased	2.45589383294301	1.22794691647151	2
2	73800050	73800051	208	30	4	2	2	1	NA	NA	NA	unphased	1.45258103241297	0.726290516206483	2
2	74140715	74140716	168	16	4	2	2	1	NA	NA	NA	unphased	1.00207039337474	1.00207039337474	1
2	74328906	74328907	179	17	4	2	2	1	NA	NA	NA	unphased	0.999514091350826	0.999514091350826	1
2	75928378	75928379	86	14	4	2	2	1	NA	NA	NA	unphased	1.61333333333333	0.806666666666667	2
2	77746568	77746569	92	27	4	2	2	1	NA	NA	NA	unphased	2.61464585834334	1.30732292917167	2
2	79363231	79363232	54	12	4	2	2	1	NA	NA	NA	unphased	2.0952380952381	1.04761904761905	2
2	79364467	79364468	24	8	4	2	2	1	NA	NA	NA	unphased	2.88095238095238	1.44047619047619	2
2	84784941	84784942	232	25	4	2	2	1	NA	NA	NA	unphased	1.12099314433945	1.12099314433945	1
2	84784944	84784945	229	26	4	2	2	1	NA	NA	NA	unphased	1.1749766573296	1.1749766573296	1
2	85590288	85590289	40	14	4	2	2	1	NA	NA	NA	unphased	2.98765432098765	1.49382716049383	2
2	85590289	85590290	39	14	4	2	2	1	NA	NA	NA	unphased	3.0440251572327	1.52201257861635	2
2	87085310	87085311	185	25	4	2	2	1	NA	NA	NA	unphased	1.3718820861678	1.3718820861678	1
2	88409925	88409926	48	5	4	2	2	1	NA	NA	NA	unphased	1.08715184186882	1.08715184186882	1
2	89513366	89513367	154	34	4	2	2	1	NA	NA	NA	unphased	2.08409321175279	1.04204660587639	2
2	89975730	89975731	98	22	4	2	2	1	NA	NA	NA	unphased	2.11269841269841	1.05634920634921	2
2	90121687	90121688	248	23	4	2	2	1	NA	NA	NA	unphased	0.978035494640661	0.978035494640661	1
2	95774149	95774150	112	28	4	2	2	1	NA	NA	NA	unphased	2.30476190476191	1.15238095238095	2
2	96781415	96781416	94	20	4	2	2	1	NA	NA	NA	unphased	2.02172096908939	1.01086048454469	2
2	97166206	97166207	48	13	4	2	2	1	NA	NA	NA	unphased	2.45589383294301	1.22794691647151	2
2	98996641	98996642	107	25	4	2	2	1	NA	NA	NA	unphased	2.18253968253968	1.09126984126984	2
2	99169338	99169339	44	4	4	2	2	1	NA	NA	NA	unphased	0.96031746031746	0.96031746031746	1
2	99413909	99413910	190	43	4	2	2	1	NA	NA	NA	unphased	2.12671162885755	1.06335581442878	2
2	101655069	101655070	297	61	4	2	2	1	NA	NA	NA	unphased	1.96355413673849	0.981777068369247	2
2	103013213	103013214	172	28	4	2	2	1	NA	NA	NA	unphased	1.61333333333333	0.806666666666667	2
2	103353314	103353315	33	8	4	2	2	1	NA	NA	NA	unphased	2.24854819976771	1.12427409988386	2
2	107422991	107422992	17	7	4	2	2	1	NA	NA	NA	unphased	3.36111111111111	1.68055555555556	2
2	107450569	107450570	242	23	4	2	2	1	NA	NA	NA	unphased	1.00017969451932	1.00017969451932	1
2	108608566	108608567	143	9	4	2	2	1	NA	NA	NA	unphased	0.682330827067669	0.682330827067669	1
2	108618377	108618378	153	36	4	2	2	1	NA	NA	NA	unphased	2.19501133786848	1.09750566893424	2
2	109352660	109352661	378	87	4	2	2	1	NA	NA	NA	unphased	2.15606758832565	1.07803379416283	2
2	110373543	110373544	115	27	4	2	2	1	NA	NA	NA	unphased	2.19114688128773	1.09557344064386	2
2	110881444	110881445	125	36	4	2	2	1	NA	NA	NA	unphased	2.57675244010648	1.28837622005324	2
2	112832510	112832511	55	21	4	2	2	1	NA	NA	NA	unphased	3.18421052631579	1.59210526315789	2
2	119731984	119731985	46	5	4	2	2	1	NA	NA	NA	unphased	1.12978524743231	1.12978524743231	1
2	119750716	119750717	209	35	4	2	2	1	NA	NA	NA	unphased	1.65300546448087	0.826502732240437	2
2	121744023	121744024	86	13	4	2	2	1	NA	NA	NA	unphased	1.51322751322751	1.51322751322751	1
2	125504944	125504945	306	32	4	2	2	1	NA	NA	NA	unphased	1.09101155255001	1.09101155255001	1
2	128387321	128387322	92	15	4	2	2	1	NA	NA	NA	unphased	1.6154873164219	0.807743658210948	2
2	128873836	128873837	114	12	4	2	2	1	NA	NA	NA	unphased	1.09750566893424	1.09750566893424	1
2	128880771	128880772	60	7	4	2	2	1	NA	NA	NA	unphased	1.20398009950249	1.20398009950249	1
2	131520420	131520421	167	41	4	2	2	1	NA	NA	NA	unphased	2.27152014652015	1.13576007326007	2
2	132021399	132021400	310	61	4	2	2	1	NA	NA	NA	unphased	1.89475035297138	0.947375176485689	2
2	132021882	132021883	312	30	4	2	2	1	NA	NA	NA	unphased	1.01086048454469	1.01086048454469	1
2	132287374	132287375	26	14	4	2	2	1	NA	NA	NA	unphased	4.03333333333333	2.01666666666667	2
2	135119872	135119873	359	101	4	2	2	1	NA	NA	NA	unphased	2.53022774327122	1.26511387163561	2
2	135628550	135628551	94	11	4	2	2	1	NA	NA	NA	unphased	1.20725623582766	1.20725623582766	1
2	141032109	141032110	107	19	4	2	2	1	NA	NA	NA	unphased	1.73771730914588	0.86885865457294	2
2	141283456	141283457	134	9	4	2	2	1	NA	NA	NA	unphased	0.725274725274725	0.725274725274725	1
2	141299534	141299535	49	19	4	2	2	1	NA	NA	NA	unphased	3.21988795518207	1.60994397759104	2
2	141597617	141597618	55	16	4	2	2	1	NA	NA	NA	unphased	2.59691482226693	1.29845741113347	2
2	141660593	141660594	141	22	4	2	2	1	NA	NA	NA	unphased	1.5553607946246	0.777680397312299	2
2	141812790	141812791	114	13	4	2	2	1	NA	NA	NA	unphased	1.17960254968129	1.17960254968129	1
2	143959747	143959748	136	24	4	2	2	1	NA	NA	NA	unphased	1.72857142857143	0.864285714285714	2
2	152311423	152311424	61	10	4	2	2	1	NA	NA	NA	unphased	1.62307176391683	1.62307176391683	1
2	155115636	155115637	167	12	4	2	2	1	NA	NA	NA	unphased	0.772545889864326	0.772545889864326	1
2	166226696	166226697	223	64	4	2	2	1	NA	NA	NA	unphased	2.5697693711631	1.28488468558155	2
2	166536109	166536110	161	15	4	2	2	1	NA	NA	NA	unphased	0.982142857142857	0.982142857142857	1
2	166737204	166737205	123	21	4	2	2	1	NA	NA	NA	unphased	1.68055555555556	0.840277777777778	2
2	166786228	166786229	97	10	4	2	2	1	NA	NA	NA	unphased	1.07699154428126	1.07699154428126	1
2	166788365	166788366	63	19	4	2	2	1	NA	NA	NA	unphased	2.67015098722416	1.33507549361208	2
2	167168061	167168062	154	27	4	2	2	1	NA	NA	NA	unphased	1.71902131018153	0.859510655090766	2
2	167760235	167760236	93	13	4	2	2	1	NA	NA	NA	unphased	1.41329739442947	1.41329739442947	1
2	168100459	168100460	250	32	4	2	2	1	NA	NA	NA	unphased	1.30766632894292	1.30766632894292	1
2	168101336	168101337	115	23	4	2	2	1	NA	NA	NA	unphased	1.92063492063492	0.96031746031746	2
2	168107011	168107012	237	44	4	2	2	1	NA	NA	NA	unphased	1.80443992543637	0.902219962718183	2
2	168114870	168114871	194	22	4	2	2	1	NA	NA	NA	unphased	1.17372134038801	1.17372134038801	1
2	170356089	170356090	163	23	4	2	2	1	NA	NA	NA	unphased	1.42498719918075	0.712493599590374	2
2	173916399	173916400	104	11	4	2	2	1	NA	NA	NA	unphased	1.10227743271222	1.10227743271222	1
2	175986269	175986270	64	13	4	2	2	1	NA	NA	NA	unphased	1.94557823129252	0.972789115646258	2
2	176945441	176945442	47	5	4	2	2	1	NA	NA	NA	unphased	1.10805860805861	1.10805860805861	1
2	176972315	176972316	23	4	4	2	2	1	NA	NA	NA	unphased	1.70723104056437	1.70723104056437	1
2	177036981	177036982	101	9	4	2	2	1	NA	NA	NA	unphased	0.942857142857143	0.942857142857143	1
2	178305761	178305762	93	16	4	2	2	1	NA	NA	NA	unphased	1.69156837046745	0.845784185233727	2
2	179403315	179403316	177	32	4	2	2	1	NA	NA	NA	unphased	1.76441102756892	0.882205513784461	2
2	179435495	179435496	298	24	4	2	2	1	NA	NA	NA	unphased	0.858917480035492	0.858917480035492	1
2	179438583	179438584	144	10	4	2	2	1	NA	NA	NA	unphased	0.748299319727891	0.748299319727891	1
2	179468757	179468758	653	60	4	2	2	1	NA	NA	NA	unphased	0.969745541975556	0.969745541975556	1
2	179477886	179477887	62	5	4	2	2	1	NA	NA	NA	unphased	0.85998578535892	0.85998578535892	1
2	179479055	179479056	125	22	4	2	2	1	NA	NA	NA	unphased	1.72465176546809	0.862325882734046	2
2	179590275	179590276	109	13	4	2	2	1	NA	NA	NA	unphased	1.22794691647151	1.22794691647151	1
2	179596303	179596304	70	14	4	2	2	1	NA	NA	NA	unphased	1.92063492063492	0.96031746031746	2
2	179598426	179598427	277	50	4	2	2	1	NA	NA	NA	unphased	1.7620503859036	0.881025192951798	2
2	179605625	179605626	193	36	4	2	2	1	NA	NA	NA	unphased	1.81160324391765	0.905801621958827	2
2	179615421	179615422	86	16	4	2	2	1	NA	NA	NA	unphased	1.80765639589169	0.903828197945845	2
2	179633571	179633572	97	18	4	2	2	1	NA	NA	NA	unphased	1.80372670807453	0.901863354037267	2
2	179648928	179648929	207	40	4	2	2	1	NA	NA	NA	unphased	1.86620397146713	0.933101985733565	2
2	180835544	180835545	136	8	4	2	2	1	NA	NA	NA	unphased	0.64021164021164	0.64021164021164	1
2	182389953	182389954	75	17	4	2	2	1	NA	NA	NA	unphased	2.12939958592133	1.06469979296066	2
2	185800874	185800875	191	48	4	2	2	1	NA	NA	NA	unphased	2.31440526001195	1.15720263000598	2
2	185803358	185803359	172	14	4	2	2	1	NA	NA	NA	unphased	0.867383512544803	0.867383512544803	1
2	186672757	186672758	95	19	4	2	2	1	NA	NA	NA	unphased	1.92063492063492	0.96031746031746	2
2	186673633	186673634	78	20	4	2	2	1	NA	NA	NA	unphased	2.35179786200194	1.17589893100097	2
2	187608277	187608278	122	12	4	2	2	1	NA	NA	NA	unphased	1.0319829424307	1.0319829424307	1
2	187702134	187702135	146	12	4	2	2	1	NA	NA	NA	unphased	0.875226039783002	0.875226039783002	1
2	190323580	190323581	220	43	4	2	2	1	NA	NA	NA	unphased	1.88412094875973	0.942060474379866	2
2	190323581	190323582	219	43	4	2	2	1	NA	NA	NA	unphased	1.89131225009088	0.945656125045438	2
2	190554278	190554279	155	33	4	2	2	1	NA	NA	NA	unphased	2.02279635258359	1.01139817629179	2
2	190660674	190660675	122	22	4	2	2	1	NA	NA	NA	unphased	1.76058201058201	0.880291005291005	2
2	191941028	191941029	155	15	4	2	2	1	NA	NA	NA	unphased	1.01680672268908	1.01680672268908	1
2	192194696	192194697	501	44	4	2	2	1	NA	NA	NA	unphased	0.930362603757099	0.930362603757099	1
2	197541344	197541345	72	16	4	2	2	1	NA	NA	NA	unphased	2.0952380952381	1.04761904761905	2
2	198950910	198950911	97	10	4	2	2	1	NA	NA	NA	unphased	1.07699154428126	1.07699154428126	1
2	198950911	198950912	98	10	4	2	2	1	NA	NA	NA	unphased	1.06701940035273	1.06701940035273	1
2	201448174	201448175	118	22	4	2	2	1	NA	NA	NA	unphased	1.8108843537415	0.905442176870748	2
2	207008740	207008741	103	17	4	2	2	1	NA	NA	NA	unphased	1.63253968253968	0.816269841269841	2
2	207008741	207008742	106	19	4	2	2	1	NA	NA	NA	unphased	1.75161904761905	0.875809523809524	2
2	207176119	207176120	34	4	4	2	2	1	NA	NA	NA	unphased	1.21303258145363	1.21303258145363	1
2	207176150	207176151	55	5	4	2	2	1	NA	NA	NA	unphased	0.96031746031746	0.96031746031746	1
2	209010556	209010557	148	9	4	2	2	1	NA	NA	NA	unphased	0.660600545950864	0.660600545950864	1
2	211464251	211464252	139	32	4	2	2	1	NA	NA	NA	unphased	2.15650236702868	1.07825118351434	2
2	212288979	212288980	90	12	4	2	2	1	NA	NA	NA	unphased	1.35574229691877	1.35574229691877	1
2	215645934	215645935	154	14	4	2	2	1	NA	NA	NA	unphased	0.96031746031746	0.96031746031746	1
2	216914081	216914082	153	16	4	2	2	1	NA	NA	NA	unphased	1.09101155255001	1.09101155255001	1
2	217124199	217124200	88	10	4	2	2	1	NA	NA	NA	unphased	1.17589893100097	1.17589893100097	1
2	219875348	219875349	50	15	4	2	2	1	NA	NA	NA	unphased	2.65934065934066	1.32967032967033	2
2	219893020	219893021	142	30	4	2	2	1	NA	NA	NA	unphased	2.00996677740864	1.00498338870432	2
2	219894145	219894146	70	10	4	2	2	1	NA	NA	NA	unphased	1.44047619047619	1.44047619047619	1
2	220046856	220046857	390	78	4	2	2	1	NA	NA	NA	unphased	1.92063492063492	0.96031746031746	2
2	220046970	220046971	482	47	4	2	2	1	NA	NA	NA	unphased	1.02385453236115	1.02385453236115	1
2	220238937	220238938	67	17	4	2	2	1	NA	NA	NA	unphased	2.33219954648526	1.16609977324263	2
2	220352933	220352934	208	40	4	2	2	1	NA	NA	NA	unphased	1.85867895545315	0.929339477726574	2
2	220399951	220399952	68	7	4	2	2	1	NA	NA	NA	unphased	1.07555555555556	1.07555555555556	1
2	220413974	220413975	194	39	4	2	2	1	NA	NA	NA	unphased	1.92887798896383	0.964438994481913	2
2	220418376	220418377	63	7	4	2	2	1	NA	NA	NA	unphased	1.15238095238095	1.15238095238095	1
2	223096855	223096856	198	41	4	2	2	1	NA	NA	NA	unphased	1.97688782626021	0.988443913130106	2
2	227663166	227663167	264	73	4	2	2	1	NA	NA	NA	unphased	2.49625547548396	1.24812773774198	2
2	228883019	228883020	227	10	4	2	2	1	NA	NA	NA	unphased	0.486236688768334	0.486236688768334	1
2	228973592	228973593	193	25	4	2	2	1	NA	NA	NA	unphased	1.3215377894277	1.3215377894277	1
2	230456377	230456378	101	25	4	2	2	1	NA	NA	NA	unphased	2.286470143613	1.1432350718065	2
2	231193545	231193546	66	14	4	2	2	1	NA	NA	NA	unphased	2.01666666666667	1.00833333333333	2
2	232390049	232390050	156	40	4	2	2	1	NA	NA	NA	unphased	2.35179786200194	1.17589893100097	2
2	232577907	232577908	37	6	4	2	2	1	NA	NA	NA	unphased	1.60797342192691	1.60797342192691	1
2	233321724	233321725	63	18	4	2	2	1	NA	NA	NA	unphased	2.56084656084656	1.28042328042328	2
2	233898902	233898903	197	39	4	2	2	1	NA	NA	NA	unphased	1.9043583535109	0.952179176755448	2
2	234394425	234394426	42	5	4	2	2	1	NA	NA	NA	unphased	1.22593718338399	1.22593718338399	1
2	234835271	234835272	73	18	4	2	2	1	NA	NA	NA	unphased	2.27943485086342	1.13971742543171	2
2	235950022	235950023	236	49	4	2	2	1	NA	NA	NA	unphased	1.9812865497076	0.990643274853801	2
2	238249367	238249368	164	43	4	2	2	1	NA	NA	NA	unphased	2.39383482861744	1.19691741430872	2
2	238303367	238303368	206	22	4	2	2	1	NA	NA	NA	unphased	1.11194653299916	1.11194653299916	1
2	238484047	238484048	45	5	4	2	2	1	NA	NA	NA	unphased	1.15238095238095	1.15238095238095	1
2	240009281	240009282	59	6	4	2	2	1	NA	NA	NA	unphased	1.06373626373626	1.06373626373626	1
2	240056262	240056263	106	8	4	2	2	1	NA	NA	NA	unphased	0.808688387635756	0.808688387635756	1
2	241631299	241631300	231	53	4	2	2	1	NA	NA	NA	unphased	2.15057008718981	1.0752850435949	2
2	242195623	242195624	89	11	4	2	2	1	NA	NA	NA	unphased	1.26761904761905	1.26761904761905	1
2	242707189	242707190	125	26	NA	NA	NA	NA	NA	NA	NA	unphased	NA	NA	1
2	242757868	242757869	51	13	NA	NA	NA	NA	NA	NA	NA	unphased	NA	NA	1
20	2843378	2843379	56	29	3	3	0	1	NA	NA	NA	unphased	3.59047619047619	1.1968253968254	3
20	5294853	5294854	168	26	3	3	0	1	NA	NA	NA	unphased	1.41040746195385	0.705203730976927	2
20	13260325	13260326	62	10	2.96	3	0	0.98	0	1	0.02	unphased	1.45608465608466	1.45608465608466	1
20	13260370	13260371	92	10	2.96	3	0	0.98	0	1	0.02	unphased	1.02782446311858	1.02782446311858	1
20	23066262	23066263	126	38	2.96	3	0	0.98	0	1	0.02	unphased	2.42917537746806	0.826250128390497	2.94
20	23066265	23066266	127	37	2.96	3	0	0.98	0	1	0.02	unphased	2.36524970963995	1.19457056042422	1.98
20	23549097	23549098	29	12	2.96	3	0	0.98	0	1	0.02	unphased	3.06843205574913	1.029675186493	2.98
20	29847347	29847348	97	28	2.96	3	0	0.98	0	1	0.02	unphased	2.34837333333333	1.18604713804714	1.98
20	30065697	30065698	41	12	2.96	3	0	0.98	0	1	0.02	unphased	2.37369272237197	0.807378476997268	2.94
20	30070103	30070104	116	15	2.96	3	0	0.98	0	1	0.02	unphased	1.20043620501636	1.20043620501636	1
20	30584557	30584558	90	20	2.96	3	0	0.98	0	1	0.02	unphased	1.90614718614719	0.972524074564891	1.96
20	30659584	30659585	87	19	2.96	3	0	0.98	0	1	0.02	unphased	1.87917340521114	0.958761941434256	1.96
20	31021301	31021302	230	68	2.96	3	0	0.98	0	1	0.02	unphased	2.39227868328539	0.813700232409998	2.94
20	31611277	31611278	39	7	2.96	3	0	0.98	0	1	0.02	unphased	1.59536231884058	1.59536231884058	1
20	33337363	33337364	164	20	2.96	3	0	0.98	0	1	0.02	unphased	1.13954451345756	1.13954451345756	1
20	33867798	33867799	379	108	2.96	3	0	0.98	0	1	0.02	unphased	2.3249515987093	1.17421797914611	1.98
20	34092528	34092529	231	78	2.96	3	0	0.98	0	1	0.02	unphased	2.64639852057328	0.900135551215401	2.94
20	35075216	35075217	42	4	2.96	3	0	0.98	0	1	0.02	unphased	0.911635610766046	0.911635610766046	1
20	36560129	36560130	177	80	2.96	3	0	0.98	0	1	0.02	unphased	3.26344265332592	1.09511498433756	2.98
20	36841716	36841717	43	13	2.96	3	0	0.98	0	1	0.02	unphased	2.43374149659864	0.827803230135592	2.94
20	39990773	39990774	206	13	2.96	3	0	0.98	0	1	0.02	unphased	0.622326592737552	0.635027135446481	0.98
20	40730834	40730835	179	10	2.96	3	0	0.98	0	1	0.02	unphased	0.554698916603679	0.566019302656815	0.98
20	40757457	40757458	121	34	2.96	3	0	0.98	0	1	0.02	unphased	2.29967434715822	1.16145169048395	1.98
20	40790176	40790177	116	32	2.96	3	0	0.98	0	1	0.02	unphased	2.26676962676963	1.14483314483314	1.98
20	40790177	40790178	111	32	2.96	3	0	0.98	0	1	0.02	unphased	2.34602730602731	1.18486227577137	1.98
20	43386738	43386739	121	14	2.96	3	0	0.98	0	1	0.02	unphased	1.08720987654321	1.08720987654321	1
20	43629813	43629814	54	12	2.96	3	0	0.98	0	1	0.02	unphased	1.90614718614719	0.972524074564891	1.96
20	43941002	43941003	87	13	2.96	3	0	0.98	0	1	0.02	unphased	1.36289523809524	1.36289523809524	1
20	44512222	44512223	240	21	2.96	3	0	0.98	0	1	0.02	unphased	0.843524904214559	0.843524904214559	1
20	44588901	44588902	90	9	2.96	3	0	0.98	0	1	0.02	unphased	0.953073593073593	0.953073593073593	1
20	44642320	44642321	52	14	2.96	3	0	0.98	0	1	0.02	unphased	2.22383838383838	1.12315069890827	1.98
20	44879818	44879819	13	9	2.96	3	0	0.98	0	1	0.02	unphased	4.28883116883117	1.4392050902118	2.98
20	47268093	47268094	129	17	2.96	3	0	0.98	0	1	0.02	unphased	1.22071754729289	1.22071754729289	1
20	49366766	49366767	260	22	2.96	3	0	0.98	0	1	0.02	unphased	0.817885849375211	0.817885849375211	1
20	49626464	49626465	127	14	2.96	3	0	0.98	0	1	0.02	unphased	1.04094562647754	1.04094562647754	1
20	51870275	51870276	99	39	2.96	3	0	0.98	0	1	0.02	unphased	2.96281573498965	1.00095126182083	2.96
20	51871405	51871406	324	21	2.96	3	0	0.98	0	1	0.02	unphased	0.638144927536232	0.638144927536232	1
20	54823860	54823861	440	144	2.96	3	0	0.98	0	1	0.02	unphased	2.58504892367906	0.879268341387435	2.94
20	57430251	57430252	37	9	2.96	3	0	0.98	0	1	0.02	unphased	2.0511801242236	1.03594955768869	1.98
20	57769380	57769381	131	34	2.96	3	0	0.98	0	1	0.02	unphased	2.16030014430014	1.09106067893947	1.98
20	60892795	60892796	30	8	2.96	3	0	0.98	0	1	0.02	unphased	2.20711779448622	1.11470595681122	1.98
20	61943874	61943875	110	13	2.96	3	0	0.98	0	1	0.02	unphased	1.10804490902052	1.10804490902052	1
20	61951686	61951687	170	37	2.96	3	0	0.98	0	1	0.02	unphased	1.87391764435243	0.956080430792055	1.96
20	62194002	62194003	15	6	2.96	3	0	0.98	0	1	0.02	unphased	2.99537414965986	1.00515911062412	2.98
20	62596020	62596021	71	24	NA	NA	NA	NA	NA	NA	NA	unphased	NA	NA	1
21	11098883	11098884	51	5	NA	NA	NA	NA	NA	NA	NA	unphased	NA	NA	1
21	15013662	15013663	33	7	NA	NA	NA	NA	NA	NA	NA	unphased	NA	NA	1
21	17197313	17197314	69	11	2	1	1	1	NA	NA	NA	unphased	1.30952380952381	1.30952380952381	1
21	22370901	22370902	62	11	2	1	1	1	NA	NA	NA	unphased	1.43509458577952	1.43509458577952	1
21	28216548	28216549	53	5	2	1	1	1	NA	NA	NA	unphased	0.821018062397373	0.821018062397373	1
21	30303582	30303583	110	15	2	1	1	1	NA	NA	NA	unphased	1.14285714285714	1.14285714285714	1
21	30353439	30353440	63	13	2	1	1	1	NA	NA	NA	unphased	1.62907268170426	1.62907268170426	1
21	31538372	31538373	107	7	2	1	1	1	NA	NA	NA	unphased	0.584795321637427	0.584795321637427	1
21	31798006	31798007	89	13	2	1	1	1	NA	NA	NA	unphased	1.21381886087768	1.21381886087768	1
21	31971072	31971073	135	19	2	1	1	1	NA	NA	NA	unphased	1.17501546072975	1.17501546072975	1
21	31988930	31988931	195	29	2	1	1	1	NA	NA	NA	unphased	1.23299319727891	1.23299319727891	1
21	32119363	32119364	146	23	2	1	1	1	NA	NA	NA	unphased	1.29613975767822	1.29613975767822	1
21	32589887	32589888	181	20	2	1	1	1	NA	NA	NA	unphased	0.947642738687515	0.947642738687515	1
21	34922654	34922655	195	19	2	1	1	1	NA	NA	NA	unphased	0.845571873609257	0.845571873609257	1
21	35183305	35183306	242	31	2	1	1	1	NA	NA	NA	unphased	1.08145822431537	1.08145822431537	1
21	37747655	37747656	26	5	2	1	1	1	NA	NA	NA	unphased	1.53609831029186	1.53609831029186	1
21	43299464	43299465	22	3	2	1	1	1	NA	NA	NA	unphased	1.14285714285714	1.14285714285714	1
21	45402210	45402211	378	52	2	1	1	1	NA	NA	NA	unphased	1.15171650055371	1.15171650055371	1
21	45960050	45960051	257	34	2	1	1	1	NA	NA	NA	unphased	1.11274750450008	1.11274750450008	1
21	46057503	46057504	199	34	2	1	1	1	NA	NA	NA	unphased	1.38974044553444	1.38974044553444	1
21	46888411	46888412	220	24	2	1	1	1	NA	NA	NA	unphased	0.936768149882904	0.936768149882904	1
21	47532431	47532432	65	11	2	1	1	1	NA	NA	NA	unphased	1.37844611528822	1.37844611528822	1
21	47754561	47754562	143	13	NA	NA	NA	NA	NA	NA	NA	unphased	NA	NA	1
21	47851462	47851463	121	21	NA	NA	NA	NA	NA	NA	NA	unphased	NA	NA	1
21	47987385	47987386	77	17	NA	NA	NA	NA	NA	NA	NA	unphased	NA	NA	1
22	18846050	18846051	95	7	2	1	1	0.29	1	1	0.71	unphased	0.65359477124183	0.65359477124183	1
22	20100125	20100126	79	24	2	1	1	0.29	1	1	0.71	unphased	2.21914008321775	2.21914008321775	1
22	21157609	21157610	184	22	2	1	1	0.29	1	1	0.71	unphased	1.0171058714748	1.0171058714748	1
22	22890545	22890546	376	43	2	1	1	0.29	1	1	0.71	unphased	0.977383793612911	0.977383793612911	1
22	22892503	22892504	195	34	2	1	1	0.29	1	1	0.71	unphased	1.41401538781451	1.41401538781451	1
22	22899245	22899246	280	50	2	1	1	0.29	1	1	0.71	unphased	1.44300144300144	1.44300144300144	1
22	23213915	23213916	165	28	2	1	1	0.29	1	1	0.71	unphased	1.38169257340242	1.38169257340242	1
22	23264905	23264906	110	16	2	1	1	0.29	1	1	0.71	unphased	1.20937263794407	1.20937263794407	1
22	24036525	24036526	102	13	2	1	1	0.29	1	1	0.71	unphased	1.07660455486542	1.07660455486542	1
22	26688678	26688679	61	11	2	1	1	0.29	1	1	0.71	unphased	1.45502645502646	1.45502645502646	1
22	26995454	26995455	164	19	2	1	1	0.29	1	1	0.71	unphased	0.988810824876399	0.988810824876399	1
22	27008145	27008146	114	8	2	1	1	0.29	1	1	0.71	unphased	0.624512099921936	0.624512099921936	1
22	29886345	29886346	59	5	2	1	1	0.29	1	1	0.71	unphased	0.744047619047619	0.744047619047619	1
22	30857303	30857304	241	40	2	1	1	0.29	1	1	0.71	unphased	1.35570242331808	1.35570242331808	1
22	30951364	30951365	152	30	2	1	1	0.29	1	1	0.71	unphased	1.56985871271586	1.56985871271586	1
22	31533821	31533822	318	45	2	1	1	0.29	1	1	0.71	unphased	1.18063754427391	1.18063754427391	1
22	32546304	32546305	191	35	2	1	1	0.29	1	1	0.71	unphased	1.47492625368732	1.47492625368732	1
22	32909545	32909546	42	5	2	1	1	0.29	1	1	0.71	unphased	1.01317122593718	1.01317122593718	1
22	35481641	35481642	188	31	2	1	1	0.29	1	1	0.71	unphased	1.34811915633833	1.34811915633833	1
22	35679973	35679974	120	16	2	1	1	0.29	1	1	0.71	unphased	1.12044817927171	1.12044817927171	1
22	37578326	37578327	67	16	2	1	1	0.29	1	1	0.71	unphased	1.83591508892714	1.83591508892714	1
22	39112748	39112749	96	23	2	1	1	0.29	1	1	0.71	unphased	1.84073629451781	1.84073629451781	1
22	39813766	39813767	138	23	2	1	1	0.29	1	1	0.71	unphased	1.36054421768707	1.36054421768707	1
22	40037035	40037036	173	18	2	1	1	0.29	1	1	0.71	unphased	0.897531787584144	0.897531787584144	1
22	41982109	41982110	220	39	2	1	1	0.29	1	1	0.71	unphased	1.43408714837286	1.43408714837286	1
22	42393003	42393004	133	33	2	1	1	0.29	1	1	0.71	unphased	1.89328743545611	1.89328743545611	1
22	42609765	42609766	493	50	2	1	1	0.29	1	1	0.71	unphased	0.876962202929054	0.876962202929054	1
22	44285402	44285403	217	34	2	1	1	0.29	1	1	0.71	unphased	1.29007778410169	1.29007778410169	1
22	45943049	45943050	145	19	2	1	1	0.29	1	1	0.71	unphased	1.10336817653891	1.10336817653891	1
22	50278435	50278436	163	17	NA	NA	NA	NA	NA	NA	NA	unphased	NA	NA	1
3	7456832	7456833	110	31	2	2	0	1	NA	NA	NA	unphased	2.09388720027018	1.04694360013509	2
3	10391821	10391822	76	23	2	2	0	1	NA	NA	NA	unphased	2.21260221260221	1.10630110630111	2
3	12545146	12545147	53	17	2	2	0	1	NA	NA	NA	unphased	2.31292517006803	1.15646258503401	2
3	12854498	12854499	14	4	2	2	0	1	NA	NA	NA	unphased	2.11640211640212	2.11640211640212	1
3	13679549	13679550	14	3	2	2	0	1	NA	NA	NA	unphased	1.68067226890756	1.68067226890756	1
3	13896297	13896298	101	21	2	2	0	1	NA	NA	NA	unphased	1.63934426229508	0.819672131147541	2
3	14547154	14547155	24	7	2	2	0	1	NA	NA	NA	unphased	2.1505376344086	1.0752688172043	2
3	17447953	17447954	217	38	2	2	0	1	NA	NA	NA	unphased	1.41923436041083	0.709617180205416	2
3	26751993	26751994	15	12	2	2	0	1	NA	NA	NA	unphased	4.23280423280423	2.11640211640212	2
3	35723371	35723372	91	13	2	2	0	1	NA	NA	NA	unphased	1.19047619047619	1.19047619047619	1
3	35731612	35731613	75	9	2	2	0	1	NA	NA	NA	unphased	1.02040816326531	1.02040816326531	1
3	36779326	36779327	185	51	2	2	0	1	NA	NA	NA	unphased	2.05811138014528	1.02905569007264	2
3	38519452	38519453	247	35	2	2	0	1	NA	NA	NA	unphased	1.18203309692671	1.18203309692671	1
3	38627389	38627390	235	35	2	2	0	1	NA	NA	NA	unphased	1.23456790123457	1.23456790123457	1
3	39228544	39228545	137	20	2	2	0	1	NA	NA	NA	unphased	1.21322414316045	1.21322414316045	1
3	45637309	45637310	147	10	2	2	0	1	NA	NA	NA	unphased	0.606612071580224	0.606612071580224	1
3	45707200	45707201	216	28	2	2	0	1	NA	NA	NA	unphased	1.09289617486339	1.09289617486339	1
3	46062475	46062476	28	8	2	2	0	1	NA	NA	NA	unphased	2.11640211640212	1.05820105820106	2
3	47543342	47543343	29	7	2	2	0	1	NA	NA	NA	unphased	1.85185185185185	1.85185185185185	1
3	48677940	48677941	55	19	2	2	0	1	NA	NA	NA	unphased	2.44530244530245	1.22265122265122	2
3	49049549	49049550	159	17	2	2	0	1	NA	NA	NA	unphased	0.91991341991342	0.91991341991342	1
3	49725032	49725033	108	18	2	2	0	1	NA	NA	NA	unphased	1.36054421768707	1.36054421768707	1
3	50685559	50685560	32	11	2	2	0	1	NA	NA	NA	unphased	2.43632336655592	1.21816168327796	2
3	51994298	51994299	67	15	2	2	0	1	NA	NA	NA	unphased	1.74216027874564	0.871080139372822	2
3	52643679	52643680	194	71	2	2	0	1	NA	NA	NA	unphased	2.55166217430368	1.27583108715184	2
3	52816057	52816058	148	18	2	2	0	1	NA	NA	NA	unphased	1.03270223752151	1.03270223752151	1
3	53137993	53137994	71	27	2	2	0	1	NA	NA	NA	unphased	2.62390670553936	1.31195335276968	2
3	56779327	56779328	252	82	2	2	0	1	NA	NA	NA	unphased	2.33818078129455	1.16909039064728	2
3	62751547	62751548	112	19	2	2	0	1	NA	NA	NA	unphased	1.38131588513268	1.38131588513268	1
3	64004979	64004980	108	11	2	2	0	1	NA	NA	NA	unphased	0.880352140856343	0.880352140856343	1
3	64526877	64526878	189	17	2	2	0	1	NA	NA	NA	unphased	0.785945446139621	0.785945446139621	1
3	64601142	64601143	77	28	2	2	0	1	NA	NA	NA	unphased	2.53968253968254	1.26984126984127	2
3	97167556	97167557	129	43	2.66	2	2	0.33	1	1	0.67	unphased	2.54595238095238	1.91424991049051	1.33
3	97887788	97887789	353	41	2.66	2	2	0.33	1	1	0.67	unphased	1.05973652405125	1.05973652405125	1
3	97984065	97984066	119	36	2.66	2	2	0.33	1	1	0.67	unphased	2.36527188940092	1.7783999168428	1.33
3	105264031	105264032	57	9	2.66	2	2	0.33	1	1	0.67	unphased	1.3887012987013	1.3887012987013	1
3	111312387	111312388	72	19	2.66	2	2	0.33	1	1	0.67	unphased	2.12628990057562	1.59871421095911	1.33
3	111780675	111780676	192	23	2.66	2	2	0.33	1	1	0.67	unphased	1.089430786268	1.089430786268	1
3	112064004	112064005	131	17	2.66	2	2	0.33	1	1	0.67	unphased	1.16976190476191	1.16976190476191	1
3	112643988	112643989	90	13	2.66	2	2	0.33	1	1	0.67	unphased	1.28533518261674	1.28533518261674	1
3	112989745	112989746	365	42	2.66	2	2	0.33	1	1	0.67	unphased	1.05090909090909	1.05090909090909	1
3	112991431	112991432	255	28	2.66	2	2	0.33	1	1	0.67	unphased	1.00758539458186	1.00758539458186	1
3	113955659	113955660	48	6	2.66	2	2	0.33	1	1	0.67	unphased	1.13153439153439	1.13153439153439	1
3	115342538	115342539	171	25	2.66	2	2	0.33	1	1	0.67	unphased	1.29895529640428	1.29895529640428	1
3	118865607	118865608	240	45	2.66	2	2	0.33	1	1	0.67	unphased	1.60796992481203	1.20899994346769	1.33
3	118909900	118909901	501	80	2.66	2	2	0.33	1	1	0.67	unphased	1.40224571756413	1.05432008839409	1.33
3	122340332	122340333	133	13	2.66	2	2	0.33	1	1	0.67	unphased	0.906777560339204	0.906777560339204	1
3	123452993	123452994	117	33	2.66	2	2	0.33	1	1	0.67	unphased	2.2404380952381	1.68453992123165	1.33
3	123456332	123456333	308	44	2.66	2	2	0.33	1	1	0.67	unphased	1.27297619047619	1.27297619047619	1
3	124237356	124237357	86	14	2.66	2	2	0.33	1	1	0.67	unphased	1.42573333333333	1.42573333333333	1
3	124492669	124492670	162	28	2.66	2	2	0.33	1	1	0.67	unphased	1.50077192982456	1.12839994723651	1.33
3	125877312	125877313	33	11	2.66	2	2	0.33	1	1	0.67	unphased	2.54595238095238	1.91424991049051	1.33
3	126735382	126735383	187	22	2.66	2	2	0.33	1	1	0.67	unphased	1.07197994987469	1.07197994987469	1
3	127336222	127336223	64	8	2.66	2	2	0.33	1	1	0.67	unphased	1.13153439153439	1.13153439153439	1
3	128598520	128598521	467	40	2.66	2	2	0.33	1	1	0.67	unphased	0.803456372687142	0.803456372687142	1
3	128813855	128813856	164	18	2.66	2	2	0.33	1	1	0.67	unphased	1.00718995290424	1.00718995290424	1
3	128813856	128813857	162	15	2.66	2	2	0.33	1	1	0.67	unphased	0.863034705407587	0.863034705407587	1
3	130282041	130282042	196	24	2.66	2	2	0.33	1	1	0.67	unphased	1.11096103896104	1.11096103896104	1
3	132360961	132360962	139	17	2.66	2	2	0.33	1	1	0.67	unphased	1.10977411477411	1.10977411477411	1
3	134898708	134898709	363	51	2.66	2	2	0.33	1	1	0.67	unphased	1.25452726017943	1.25452726017943	1
3	134920488	134920489	157	17	2.66	2	2	0.33	1	1	0.67	unphased	0.994969896004379	0.994969896004379	1
3	138762811	138762812	43	6	2.66	2	2	0.33	1	1	0.67	unphased	1.24699708454811	1.24699708454811	1
3	140284951	140284952	63	14	2.66	2	2	0.33	1	1	0.67	unphased	1.85160173160173	1.39218175308401	1.33
3	140397270	140397271	178	29	2.66	2	2	0.33	1	1	0.67	unphased	1.42671727628249	1.07271975660338	1.33
3	140419873	140419874	21	5	2.66	2	2	0.33	1	1	0.67	unphased	1.95842490842491	1.95842490842491	1
3	148759309	148759310	158	26	2.66	2	2	0.33	1	1	0.67	unphased	1.439016563147	1.08196734071203	1.33
3	148791088	148791089	89	6	2.66	2	2	0.33	1	1	0.67	unphased	0.643187969924812	0.643187969924812	1
3	151134201	151134202	128	18	2.66	2	2	0.33	1	1	0.67	unphased	1.25553816046967	1.25553816046967	1
3	151163171	151163172	273	32	2.66	2	2	0.33	1	1	0.67	unphased	1.06846526151444	1.06846526151444	1
3	164730801	164730802	191	52	2.66	2	2	0.33	1	1	0.67	unphased	2.1792514207329	1.63853490280669	1.33
3	164739040	164739041	178	48	2.66	2	2	0.33	1	1	0.67	unphased	2.16293299620733	1.62626541068221	1.33
3	164792403	164792404	85	9	2.66	2	2	0.33	1	1	0.67	unphased	0.975045592705167	0.975045592705167	1
3	167045789	167045790	265	39	2.66	2	2	0.33	1	1	0.67	unphased	1.30647556390977	0.9823124540675	1.33
3	170140989	170140990	490	56	2.66	2	2	0.33	1	1	0.67	unphased	1.04449328449328	1.04449328449328	1
3	170198100	170198101	211	38	2.66	2	2	0.33	1	1	0.67	unphased	1.55415567030025	1.16853809797011	1.33
3	170716030	170716031	144	21	2.66	2	2	0.33	1	1	0.67	unphased	1.29612121212121	1.29612121212121	1
3	173997439	173997440	128	17	2.66	2	2	0.33	1	1	0.67	unphased	1.19396387520525	1.19396387520525	1
3	180366129	180366130	170	43	2.66	2	2	0.33	1	1	0.67	unphased	2.05588642968925	1.54577927044304	1.33
3	182605387	182605388	158	18	2.66	2	2	0.33	1	1	0.67	unphased	1.04152597402597	1.04152597402597	1
3	183960708	183960709	68	9	2.66	2	2	0.33	1	1	0.67	unphased	1.19031539888683	1.19031539888683	1
3	185798878	185798879	457	64	2.66	2	2	0.33	1	1	0.67	unphased	1.25098619870213	0.940591126843707	1.33
3	186338718	186338719	55	10	2.66	2	2	0.33	1	1	0.67	unphased	1.56673992673993	1.56673992673993	1
3	186461658	186461659	18	3	2.66	2	2	0.33	1	1	0.67	unphased	1.45482993197279	1.45482993197279	1
3	192516719	192516720	126	15	2.66	2	2	0.33	1	1	0.67	unphased	1.08338399189463	1.08338399189463	1
4	945482	945483	262	18	NA	NA	NA	NA	NA	NA	NA	unphased	NA	NA	1
4	2010530	2010531	63	7	3	2	1	1	NA	NA	NA	unphased	1.05238095238095	1.05238095238095	1
4	2883687	2883688	147	16	3	2	1	1	NA	NA	NA	unphased	1.03301197779725	1.03301197779725	1
4	2883688	2883689	150	17	3	2	1	1	NA	NA	NA	unphased	1.07128599942971	1.07128599942971	1
4	4304251	4304252	150	20	3	2	1	1	NA	NA	NA	unphased	1.23809523809524	1.23809523809524	1
4	5332983	5332984	139	26	3	2	1	1	NA	NA	NA	unphased	1.65829725829726	0.829148629148629	2
4	8307700	8307701	206	22	3	2	1	1	NA	NA	NA	unphased	1.01545530492899	1.01545530492899	1
4	8418140	8418141	209	48	3	2	1	1	NA	NA	NA	unphased	1.96553640911618	0.982768204558088	2
4	8584300	8584301	178	45	3	2	1	1	NA	NA	NA	unphased	2.12363869314542	1.06181934657271	2
4	13603175	13603176	522	41	3	2	1	1	NA	NA	NA	unphased	0.76638754969128	0.76638754969128	1
4	13603371	13603372	215	50	3	2	1	1	NA	NA	NA	unphased	1.98562443845463	0.992812219227314	2
4	13606629	13606630	72	24	3	2	1	1	NA	NA	NA	unphased	2.63095238095238	1.31547619047619	2
4	16590405	16590406	144	35	3	2	1	1	NA	NA	NA	unphased	2.05772811918063	1.02886405959032	2
4	17805187	17805188	203	40	3	2	1	1	NA	NA	NA	unphased	1.73231432490692	0.866157162453459	2
4	20552451	20552452	90	8	3	2	1	1	NA	NA	NA	unphased	0.859086491739553	0.859086491739553	1
4	22436932	22436933	116	18	3	2	1	1	NA	NA	NA	unphased	1.4136460554371	1.4136460554371	1
4	23886327	23886328	72	5	3	2	1	1	NA	NA	NA	unphased	0.683364254792826	0.683364254792826	1
4	46314637	46314638	136	9	2	1	1	1	NA	NA	NA	unphased	0.591133004926108	0.591133004926108	1
4	47033586	47033587	42	11	2	1	1	1	NA	NA	NA	unphased	1.97663971248877	1.97663971248877	1
4	47570973	47570974	168	10	2	1	1	1	NA	NA	NA	unphased	0.535045478865704	0.535045478865704	1
4	47667121	47667122	115	18	2	1	1	1	NA	NA	NA	unphased	1.28893662728249	1.28893662728249	1
4	48621361	48621362	94	13	2	1	1	1	NA	NA	NA	unphased	1.15709835336004	1.15709835336004	1
4	49032884	49032885	146	20	2	1	1	1	NA	NA	NA	unphased	1.14744693057946	1.14744693057946	1
4	52860888	52860889	135	10	2	1	1	1	NA	NA	NA	unphased	0.656814449917898	0.656814449917898	1
4	52861974	52861975	145	10	2	1	1	1	NA	NA	NA	unphased	0.614439324116744	0.614439324116744	1
4	55139721	55139722	126	18	2	1	1	1	NA	NA	NA	unphased	1.19047619047619	1.19047619047619	1
4	55140698	55140699	141	24	2	1	1	1	NA	NA	NA	unphased	1.38528138528139	1.38528138528139	1
4	55155036	55155037	120	16	2	1	1	1	NA	NA	NA	unphased	1.12044817927171	1.12044817927171	1
4	55968156	55968157	158	17	2	1	1	1	NA	NA	NA	unphased	0.925170068027211	0.925170068027211	1
4	56865739	56865740	100	12	2	1	1	1	NA	NA	NA	unphased	1.02040816326531	1.02040816326531	1
4	57181606	57181607	75	8	2	1	1	1	NA	NA	NA	unphased	0.917957544463569	0.917957544463569	1
4	57181607	57181608	78	8	2	1	1	1	NA	NA	NA	unphased	0.8859357696567	0.8859357696567	1
4	57182642	57182643	61	10	2	1	1	1	NA	NA	NA	unphased	1.34138162307176	1.34138162307176	1
4	57194320	57194321	18	3	2	1	1	1	NA	NA	NA	unphased	1.36054421768707	1.36054421768707	1
4	57390052	57390053	70	7	2	1	1	1	NA	NA	NA	unphased	0.865800865800866	0.865800865800866	1
4	62812744	62812745	223	20	2	1	1	1	NA	NA	NA	unphased	0.783852635704488	0.783852635704488	1
4	66280038	66280039	165	16	2	1	1	1	NA	NA	NA	unphased	0.841883714811892	0.841883714811892	1
4	68504785	68504786	54	5	2	1	1	1	NA	NA	NA	unphased	0.807102502017756	0.807102502017756	1
4	68934425	68934426	94	18	2	1	1	1	NA	NA	NA	unphased	1.53061224489796	1.53061224489796	1
4	69693258	69693259	215	22	2	1	1	1	NA	NA	NA	unphased	0.884066706851517	0.884066706851517	1
4	69962823	69962824	171	19	2	1	1	1	NA	NA	NA	unphased	0.952380952380952	0.952380952380952	1
4	70513223	70513224	91	16	2	1	1	1	NA	NA	NA	unphased	1.42412105028927	1.42412105028927	1
4	70513224	70513225	93	16	2	1	1	1	NA	NA	NA	unphased	1.39799038881608	1.39799038881608	1
4	70810634	70810635	411	59	2	1	1	1	NA	NA	NA	unphased	1.19554204660588	1.19554204660588	1
4	71027332	71027333	63	5	2	1	1	1	NA	NA	NA	unphased	0.700280112044818	0.700280112044818	1
4	71346840	71346841	164	23	2	1	1	1	NA	NA	NA	unphased	1.17137764196588	1.17137764196588	1
4	71347515	71347516	134	17	2	1	1	1	NA	NA	NA	unphased	1.0722169662567	1.0722169662567	1
4	71384524	71384525	144	21	2	1	1	1	NA	NA	NA	unphased	1.21212121212121	1.21212121212121	1
4	71497576	71497577	250	24	2	1	1	1	NA	NA	NA	unphased	0.834202294056309	0.834202294056309	1
4	73149154	73149155	141	17	2	1	1	1	NA	NA	NA	unphased	1.02471368294153	1.02471368294153	1
4	74007527	74007528	55	13	2	1	1	1	NA	NA	NA	unphased	1.82072829131653	1.82072829131653	1
4	74447532	74447533	101	12	2	1	1	1	NA	NA	NA	unphased	1.01137800252845	1.01137800252845	1
4	76532501	76532502	97	16	2	1	1	1	NA	NA	NA	unphased	1.34850400337126	1.34850400337126	1
4	76787427	76787428	134	22	2	1	1	1	NA	NA	NA	unphased	1.34310134310134	1.34310134310134	1
4	76793253	76793254	100	17	2	1	1	1	NA	NA	NA	unphased	1.38380138380138	1.38380138380138	1
4	76857249	76857250	127	12	2	1	1	1	NA	NA	NA	unphased	0.822199383350463	0.822199383350463	1
4	77817797	77817798	236	33	2	1	1	1	NA	NA	NA	unphased	1.16834838024429	1.16834838024429	1
4	79522676	79522677	116	14	2	1	1	1	NA	NA	NA	unphased	1.02564102564103	1.02564102564103	1
4	80246688	80246689	80	9	2	1	1	1	NA	NA	NA	unphased	0.963081861958267	0.963081861958267	1
4	82090871	82090872	121	15	2	1	1	1	NA	NA	NA	unphased	1.05042016806723	1.05042016806723	1
4	85609393	85609394	64	6	2	1	1	1	NA	NA	NA	unphased	0.816326530612245	0.816326530612245	1
4	87679885	87679886	176	26	2	1	1	1	NA	NA	NA	unphased	1.22583686940123	1.22583686940123	1
4	87770120	87770121	63	9	2	1	1	1	NA	NA	NA	unphased	1.19047619047619	1.19047619047619	1
4	88363023	88363024	23	8	2	1	1	1	NA	NA	NA	unphased	2.45775729646697	2.45775729646697	1
4	88767461	88767462	201	26	2	1	1	1	NA	NA	NA	unphased	1.09083280889448	1.09083280889448	1
4	89679942	89679943	116	20	2	1	1	1	NA	NA	NA	unphased	1.40056022408964	1.40056022408964	1
4	90743476	90743477	92	10	2	1	1	1	NA	NA	NA	unphased	0.933706816059757	0.933706816059757	1
4	90844381	90844382	475	36	2	1	1	1	NA	NA	NA	unphased	0.670953312831982	0.670953312831982	1
4	90856976	90856977	87	9	2	1	1	1	NA	NA	NA	unphased	0.892857142857143	0.892857142857143	1
4	90857617	90857618	89	11	2	1	1	1	NA	NA	NA	unphased	1.04761904761905	1.04761904761905	1
4	95162121	95162122	33	5	1	1	0	1	NA	NA	NA	unphased	1.12155388471178	1.12155388471178	1
4	96051083	96051084	86	11	1	1	0	1	NA	NA	NA	unphased	0.966617574864998	0.966617574864998	1
4	100458875	100458876	93	9	2	1	1	1	NA	NA	NA	unphased	0.840336134453782	0.840336134453782	1
4	104061452	104061453	60	7	2	1	1	1	NA	NA	NA	unphased	0.995024875621891	0.995024875621891	1
4	108985505	108985506	82	7	2	1	1	1	NA	NA	NA	unphased	0.749063670411985	0.749063670411985	1
4	109672095	109672096	266	30	2	1	1	1	NA	NA	NA	unphased	0.965250965250965	0.965250965250965	1
4	110791321	110791322	80	8	2	1	1	1	NA	NA	NA	unphased	0.865800865800866	0.865800865800866	1
4	113356452	113356453	237	22	2	1	1	1	NA	NA	NA	unphased	0.808972237543666	0.808972237543666	1
4	114244916	114244917	45	12	2	1	1	1	NA	NA	NA	unphased	2.00501253132832	2.00501253132832	1
4	114278433	114278434	234	34	2	1	1	1	NA	NA	NA	unphased	1.20824449182658	1.20824449182658	1
4	114279549	114279550	166	20	2	1	1	1	NA	NA	NA	unphased	1.02406554019457	1.02406554019457	1
4	114279550	114279551	168	21	2	1	1	1	NA	NA	NA	unphased	1.05820105820106	1.05820105820106	1
4	126240585	126240586	189	28	2	1	1	1	NA	NA	NA	unphased	1.22887864823349	1.22887864823349	1
4	126411166	126411167	611	77	2	1	1	1	NA	NA	NA	unphased	1.06589147286822	1.06589147286822	1
4	134071189	134071190	32	6	2	1	1	1	NA	NA	NA	unphased	1.50375939849624	1.50375939849624	1
4	134072235	134072236	146	21	2	1	1	1	NA	NA	NA	unphased	1.19760479041916	1.19760479041916	1
4	134072869	134072870	172	27	2	1	1	1	NA	NA	NA	unphased	1.2921751615219	1.2921751615219	1
4	143003331	143003332	127	14	2	1	1	1	NA	NA	NA	unphased	0.945626477541371	0.945626477541371	1
4	143003332	143003333	128	14	2	1	1	1	NA	NA	NA	unphased	0.938967136150235	0.938967136150235	1
4	143235914	143235915	151	14	2	1	1	1	NA	NA	NA	unphased	0.808080808080808	0.808080808080808	1
4	145627700	145627701	40	9	2	1	1	1	NA	NA	NA	unphased	1.74927113702624	1.74927113702624	1
4	147561246	147561247	63	8	2	1	1	1	NA	NA	NA	unphased	1.07310529845741	1.07310529845741	1
4	147830184	147830185	193	24	2	1	1	1	NA	NA	NA	unphased	1.0533245556287	1.0533245556287	1
4	152629136	152629137	47	6	2	1	1	1	NA	NA	NA	unphased	1.07816711590297	1.07816711590297	1
4	155256114	155256115	115	17	2	1	1	1	NA	NA	NA	unphased	1.22655122655123	1.22655122655123	1
4	155487753	155487754	125	13	2	1	1	1	NA	NA	NA	unphased	0.897170462387854	0.897170462387854	1
4	156634570	156634571	114	13	2	1	1	1	NA	NA	NA	unphased	0.974878140232471	0.974878140232471	1
4	156711062	156711063	125	22	2	1	1	1	NA	NA	NA	unphased	1.42533203757694	1.42533203757694	1
4	156751141	156751142	21	3	2	1	1	1	NA	NA	NA	unphased	1.19047619047619	1.19047619047619	1
4	159566094	159566095	57	7	2	1	1	1	NA	NA	NA	unphased	1.04166666666667	1.04166666666667	1
4	160251585	160251586	161	30	2	1	1	1	NA	NA	NA	unphased	1.49588631264024	1.49588631264024	1
4	162307026	162307027	245	32	2	1	1	1	NA	NA	NA	unphased	1.10022348289496	1.10022348289496	1
4	166976234	166976235	143	18	2	1	1	1	NA	NA	NA	unphased	1.06477373558119	1.06477373558119	1
4	166999114	166999115	91	11	2	1	1	1	NA	NA	NA	unphased	1.02707749766573	1.02707749766573	1
4	167833808	167833809	79	11	2	1	1	1	NA	NA	NA	unphased	1.16402116402116	1.16402116402116	1
4	169432820	169432821	88	16	2	1	1	1	NA	NA	NA	unphased	1.46520146520147	1.46520146520147	1
4	172735779	172735780	103	24	2	1	1	1	NA	NA	NA	unphased	1.79977502812148	1.79977502812148	1
4	177067215	177067216	130	20	2	1	1	1	NA	NA	NA	unphased	1.26984126984127	1.26984126984127	1
4	177142613	177142614	201	25	2	1	1	1	NA	NA	NA	unphased	1.0535187526338	1.0535187526338	1
4	183714263	183714264	161	20	2	1	1	1	NA	NA	NA	unphased	1.05235464351486	1.05235464351486	1
5	344052	344053	57	7	NA	NA	NA	NA	NA	NA	NA	unphased	NA	NA	1
5	1242870	1242871	194	21	5	3	2	1	NA	NA	NA	unphased	1.22325581395349	1.22325581395349	1
5	3601188	3601189	53	22	5	3	2	1	NA	NA	NA	unphased	3.67365079365079	1.22455026455026	3
5	10423936	10423937	68	9	3	2	1	1	NA	NA	NA	unphased	1.23005565862709	1.23005565862709	1
5	15936788	15936789	60	13	3	2	1	1	NA	NA	NA	unphased	1.87410306588389	0.937051532941944	2
5	15936817	15936818	58	5	3	2	1	1	NA	NA	NA	unphased	0.835222978080121	0.835222978080121	1
5	21765192	21765193	87	11	2	2	0	1	NA	NA	NA	unphased	1.0689990281827	1.0689990281827	1
5	21854813	21854814	111	25	2	2	0	1	NA	NA	NA	unphased	1.75070028011205	0.875350140056023	2
5	23521226	23521227	189	12	2	2	0	1	NA	NA	NA	unphased	0.568585643212509	0.568585643212509	1
5	24491829	24491830	85	14	2	2	0	1	NA	NA	NA	unphased	1.34680134680135	1.34680134680135	1
5	26906169	26906170	198	23	2	2	0	1	NA	NA	NA	unphased	0.99116569704805	0.99116569704805	1
5	32089568	32089569	387	38	2	2	0	1	NA	NA	NA	unphased	0.851540616246499	0.851540616246499	1
5	32355982	32355983	241	19	2	2	0	1	NA	NA	NA	unphased	0.695970695970696	0.695970695970696	1
5	32789342	32789343	18	3	2	2	0	1	NA	NA	NA	unphased	1.36054421768707	1.36054421768707	1
5	33453499	33453500	221	46	2	2	0	1	NA	NA	NA	unphased	1.64080613518816	0.820403067594079	2
5	33576990	33576991	104	22	2	2	0	1	NA	NA	NA	unphased	1.66288737717309	0.831443688586546	2
5	33937207	33937208	191	34	2	2	0	1	NA	NA	NA	unphased	1.43915343915344	0.71957671957672	2
5	40775030	40775031	130	15	2	2	0	1	NA	NA	NA	unphased	0.985221674876847	0.985221674876847	1
5	40979845	40979846	85	8	2	2	0	1	NA	NA	NA	unphased	0.819252432155658	0.819252432155658	1
5	41038866	41038867	91	22	2	2	0	1	NA	NA	NA	unphased	1.85419300463548	0.927096502317741	2
5	41181562	41181563	124	22	2	2	0	1	NA	NA	NA	unphased	1.43509458577952	0.717547292889759	2
5	43174845	43174846	63	25	2	2	0	1	NA	NA	NA	unphased	2.70562770562771	1.35281385281385	2
5	52097597	52097598	47	7	2	2	0	1	NA	NA	NA	unphased	1.23456790123457	1.23456790123457	1
5	52367777	52367778	39	4	2	2	0	1	NA	NA	NA	unphased	0.8859357696567	0.8859357696567	1
5	64976514	64976515	186	18	2	2	0	1	NA	NA	NA	unphased	0.840336134453782	0.840336134453782	1
5	75954353	75954354	111	22	2	2	0	1	NA	NA	NA	unphased	1.57536698890082	0.787683494450412	2
5	76259264	76259265	221	44	2	2	0	1	NA	NA	NA	unphased	1.58131176999102	0.790655884995508	2
5	78324470	78324471	327	20	2	2	0	1	NA	NA	NA	unphased	0.548922739124468	0.548922739124468	1
5	78328592	78328593	374	22	2	2	0	1	NA	NA	NA	unphased	0.529100529100529	0.529100529100529	1
5	78347267	78347268	161	10	2	2	0	1	NA	NA	NA	unphased	0.556947925368978	0.556947925368978	1
5	78350087	78350088	85	24	2	2	0	1	NA	NA	NA	unphased	2.09698558322412	1.04849279161206	2
5	78573765	78573766	109	24	2	2	0	1	NA	NA	NA	unphased	1.71858216970999	0.859291084854995	2
5	79454737	79454738	182	11	2	2	0	1	NA	NA	NA	unphased	0.542807796693807	0.542807796693807	1
5	80655831	80655832	87	20	2	2	0	1	NA	NA	NA	unphased	1.78015131286159	0.890075656430797	2
5	82816052	82816053	199	14	2	2	0	1	NA	NA	NA	unphased	0.625978090766823	0.625978090766823	1
5	82832965	82832966	78	18	2	2	0	1	NA	NA	NA	unphased	1.78571428571429	0.892857142857143	2
5	82835849	82835850	125	9	2	2	0	1	NA	NA	NA	unphased	0.639658848614073	0.639658848614073	1
5	82837426	82837427	149	16	2	2	0	1	NA	NA	NA	unphased	0.923520923520924	0.923520923520924	1
5	82937397	82937398	228	63	2	2	0	1	NA	NA	NA	unphased	2.06185567010309	1.03092783505155	2
5	82948411	82948412	198	23	2	2	0	1	NA	NA	NA	unphased	0.99116569704805	0.99116569704805	1
5	90012411	90012412	63	12	2	2	0	1	NA	NA	NA	unphased	1.52380952380952	1.52380952380952	1
5	94248657	94248658	292	30	2	2	0	1	NA	NA	NA	unphased	0.887311446317657	0.887311446317657	1
5	95748018	95748019	194	23	2	2	0	1	NA	NA	NA	unphased	1.00943603247751	1.00943603247751	1
5	96430679	96430680	116	12	2	2	0	1	NA	NA	NA	unphased	0.892857142857143	0.892857142857143	1
5	102361024	102361025	137	20	2	2	0	1	NA	NA	NA	unphased	1.21322414316045	1.21322414316045	1
5	102364679	102364680	97	9	2	2	0	1	NA	NA	NA	unphased	0.808625336927224	0.808625336927224	1
5	112175974	112175975	143	15	2	2	0	1	NA	NA	NA	unphased	0.904159132007233	0.904159132007233	1
5	122734966	122734967	92	28	2	2	0	1	NA	NA	NA	unphased	2.22222222222222	1.11111111111111	2
5	126674905	126674906	90	35	2	2	0	1	NA	NA	NA	unphased	2.66666666666667	1.33333333333333	2
5	127522367	127522368	76	16	2	2	0	1	NA	NA	NA	unphased	1.65631469979296	0.82815734989648	2
5	128302063	128302064	97	14	2	2	0	1	NA	NA	NA	unphased	1.2012012012012	1.2012012012012	1
5	131398034	131398035	584	47	2	2	0	1	NA	NA	NA	unphased	0.709380424118935	0.709380424118935	1
5	133509664	133509665	76	7	2	2	0	1	NA	NA	NA	unphased	0.803212851405622	0.803212851405622	1
5	134366997	134366998	69	23	2	2	0	1	NA	NA	NA	unphased	2.38095238095238	1.19047619047619	2
5	139889655	139889656	126	26	2	2	0	1	NA	NA	NA	unphased	1.62907268170426	0.81453634085213	2
5	140175320	140175321	196	18	2	2	0	1	NA	NA	NA	unphased	0.801068090787717	0.801068090787717	1
5	140177023	140177024	51	14	2	2	0	1	NA	NA	NA	unphased	2.05128205128205	1.02564102564103	2
5	140182120	140182121	262	58	2	2	0	1	NA	NA	NA	unphased	1.72619047619048	0.863095238095238	2
5	140222066	140222067	368	90	2	2	0	1	NA	NA	NA	unphased	1.87149095446039	0.935745477230193	2
5	140235753	140235754	169	47	2	2	0	1	NA	NA	NA	unphased	2.07231040564374	1.03615520282187	2
5	140237563	140237564	71	21	2	2	0	1	NA	NA	NA	unphased	2.17391304347826	1.08695652173913	2
5	140242420	140242421	62	9	2	2	0	1	NA	NA	NA	unphased	1.20724346076459	1.20724346076459	1
5	140347670	140347671	192	45	2	2	0	1	NA	NA	NA	unphased	1.80831826401447	0.904159132007233	2
5	140590169	140590170	186	38	2	2	0	1	NA	NA	NA	unphased	1.6156462585034	0.807823129251701	2
5	140627194	140627195	303	56	2	2	0	1	NA	NA	NA	unphased	1.48560817084494	0.74280408542247	2
5	140720199	140720200	415	41	2	2	0	1	NA	NA	NA	unphased	0.856307435254804	0.856307435254804	1
5	140737048	140737049	174	38	2	2	0	1	NA	NA	NA	unphased	1.70709793351303	0.853548966756514	2
5	140740130	140740131	78	26	2	2	0	1	NA	NA	NA	unphased	2.38095238095238	1.19047619047619	2
5	140753938	140753939	128	28	2	2	0	1	NA	NA	NA	unphased	1.70940170940171	0.854700854700855	2
5	141041470	141041471	21	4	2	2	0	1	NA	NA	NA	unphased	1.52380952380952	1.52380952380952	1
5	141059631	141059632	445	36	2	2	0	1	NA	NA	NA	unphased	0.712800712800713	0.712800712800713	1
5	142273823	142273824	51	4	2	2	0	1	NA	NA	NA	unphased	0.692640692640693	0.692640692640693	1
5	145499984	145499985	183	48	2	2	0	1	NA	NA	NA	unphased	1.97897340754484	0.989486703772418	2
5	146257615	146257616	96	12	2	2	0	1	NA	NA	NA	unphased	1.05820105820106	1.05820105820106	1
5	148406409	148406410	252	32	2	2	0	1	NA	NA	NA	unphased	1.07310529845741	1.07310529845741	1
5	148685934	148685935	31	4	2	2	0	1	NA	NA	NA	unphased	1.08843537414966	1.08843537414966	1
5	149264108	149264109	78	16	2	2	0	1	NA	NA	NA	unphased	1.62107396149949	0.810536980749747	2
5	150310649	150310650	34	7	2	2	0	1	NA	NA	NA	unphased	1.6260162601626	1.6260162601626	1
5	151055720	151055721	38	5	2	2	0	1	NA	NA	NA	unphased	1.10741971207087	1.10741971207087	1
5	152870272	152870273	44	10	2	2	0	1	NA	NA	NA	unphased	1.7636684303351	0.881834215167548	2
5	153182037	153182038	439	35	2	2	0	1	NA	NA	NA	unphased	0.70323488045007	0.70323488045007	1
5	156991420	156991421	100	22	2	2	0	1	NA	NA	NA	unphased	1.71740827478532	0.858704137392662	2
5	157214822	157214823	104	38	2	2	0	1	NA	NA	NA	unphased	2.54862508383635	1.27431254191818	2
5	157233055	157233056	57	13	2	2	0	1	NA	NA	NA	unphased	1.7687074829932	0.884353741496599	2
5	160763690	160763691	108	27	2	2	0	1	NA	NA	NA	unphased	1.9047619047619	0.952380952380952	2
5	169015426	169015427	47	9	2	2	0	1	NA	NA	NA	unphased	1.53061224489796	1.53061224489796	1
5	169535123	169535124	124	9	2	2	0	1	NA	NA	NA	unphased	0.644468313641246	0.644468313641246	1
5	170145846	170145847	116	27	2	2	0	1	NA	NA	NA	unphased	1.7982017982018	0.899100899100899	2
5	171509465	171509466	149	36	2	2	0	1	NA	NA	NA	unphased	1.85328185328185	0.926640926640927	2
5	175716847	175716848	106	28	2	2	0	1	NA	NA	NA	unphased	1.99004975124378	0.995024875621891	2
5	176024931	176024932	67	9	2	2	0	1	NA	NA	NA	unphased	1.12781954887218	1.12781954887218	1
5	176026852	176026853	25	6	2	2	0	1	NA	NA	NA	unphased	1.84331797235023	1.84331797235023	1
5	176315747	176315748	119	12	2	2	0	1	NA	NA	NA	unphased	0.872410032715376	0.872410032715376	1
5	177421182	177421183	191	38	2	2	0	1	NA	NA	NA	unphased	1.5803701393221	0.790185069661052	2
5	178634574	178634575	301	47	2	2	0	1	NA	NA	NA	unphased	1.28626163108922	1.28626163108922	1
5	179696295	179696296	95	22	2	2	0	1	NA	NA	NA	unphased	1.79080179080179	0.895400895400895	2
5	180219358	180219359	138	30	2	2	0	1	NA	NA	NA	unphased	1.70068027210884	0.850340136054422	2
6	2749381	2749382	271	22	2.68	3	1	0.56	1	0	0.44	unphased	0.766156346497644	0.766156346497644	1
6	7727593	7727594	43	4	2.68	3	1	0.56	1	0	0.44	unphased	0.868409321175279	0.868409321175279	1
6	7899819	7899820	126	16	2.68	3	1	0.56	1	0	0.44	unphased	1.14972501676727	1.14972501676727	1
6	10586722	10586723	287	88	2.68	3	1	0.56	1	0	0.44	unphased	2.39449396825397	0.935349206349206	2.56
6	17799599	17799600	43	4	2.68	3	1	0.56	1	0	0.44	unphased	0.868409321175279	0.868409321175279	1
6	18148126	18148127	135	25	2.68	3	1	0.56	1	0	0.44	unphased	1.59434523809524	1.02201617826618	1.56
6	25777117	25777118	174	65	2.68	3	1	0.56	1	0	0.44	unphased	2.77509464036661	1.08402134389321	2.56
6	25819931	25819932	114	19	2.68	3	1	0.56	1	0	0.44	unphased	1.45768707482993	1.45768707482993	1
6	26021047	26021048	123	15	2.68	3	1	0.56	1	0	0.44	unphased	1.10910973084886	1.10910973084886	1
6	26032068	26032069	265	54	2.68	3	1	0.56	1	0	0.44	unphased	1.72729064039409	1.10723758999621	1.56
6	26124778	26124779	206	63	2.68	3	1	0.56	1	0	0.44	unphased	2.38973977695167	0.933492100371747	2.56
6	26157290	26157291	132	8	2.68	3	1	0.56	1	0	0.44	unphased	0.583074829931973	0.583074829931973	1
6	26199825	26199826	242	30	2.68	3	1	0.56	1	0	0.44	unphased	1.12542016806723	1.12542016806723	1
6	26271482	26271483	239	24	2.68	3	1	0.56	1	0	0.44	unphased	0.931146116241173	0.931146116241173	1
6	26388251	26388252	94	20	2.68	3	1	0.56	1	0	0.44	unphased	1.79014202172097	1.14752693700062	1.56
6	26388252	26388253	94	21	2.68	3	1	0.56	1	0	0.44	unphased	1.86330434782609	0.878917145200985	2.12
6	26431800	26431801	213	33	2.68	3	1	0.56	1	0	0.44	unphased	1.36880371660859	0.877438279877304	1.56
6	26431801	26431802	214	31	2.68	3	1	0.56	1	0	0.44	unphased	1.29109426627794	1.29109426627794	1
6	29079940	29079941	299	46	2.68	3	1	0.56	1	0	0.44	unphased	1.36050793650794	0.872120472120472	1.56
6	29364689	29364690	136	39	2.68	3	1	0.56	1	0	0.44	unphased	2.27399183673469	1.07263765883712	2.12
6	29599289	29599290	412	21	2.68	3	1	0.56	1	0	0.44	unphased	0.494872979214781	0.883701748597823	0.56
6	29633941	29633942	300	59	2.68	3	1	0.56	1	0	0.44	unphased	1.6769491975063	1.07496743429891	1.56
6	29633942	29633943	305	59	2.68	3	1	0.56	1	0	0.44	unphased	1.65391418105704	1.06020139811349	1.56
6	29637971	29637972	117	13	2.68	3	1	0.56	1	0	0.44	unphased	1.02038095238095	1.02038095238095	1
6	30131748	30131749	112	11	2.68	3	1	0.56	1	0	0.44	unphased	0.912535811072397	0.912535811072397	1
6	30138347	30138348	107	36	2.68	3	1	0.56	1	0	0.44	unphased	2.56879120879121	1.00343406593407	2.56
6	31599435	31599436	46	7	2.68	3	1	0.56	1	0	0.44	unphased	1.34767295597484	1.34767295597484	1
6	31657480	31657481	70	8	2.68	3	1	0.56	1	0	0.44	unphased	1.04654456654457	1.04654456654457	1
6	31657481	31657482	70	8	2.68	3	1	0.56	1	0	0.44	unphased	1.04654456654457	1.04654456654457	1
6	31675820	31675821	341	35	2.68	3	1	0.56	1	0	0.44	unphased	0.949822695035461	0.949822695035461	1
6	31777851	31777852	144	19	2.68	3	1	0.56	1	0	0.44	unphased	1.18940111013731	1.18940111013731	1
6	32135777	32135778	135	15	2.68	3	1	0.56	1	0	0.44	unphased	1.02038095238095	1.02038095238095	1
6	32811805	32811806	67	15	2.68	3	1	0.56	1	0	0.44	unphased	1.86655052264808	0.880448359739662	2.12
6	32811806	32811807	65	15	2.68	3	1	0.56	1	0	0.44	unphased	1.91321428571429	0.902459568733154	2.12
6	32942345	32942346	164	18	2.68	3	1	0.56	1	0	0.44	unphased	1.00916797488226	1.00916797488226	1
6	33646532	33646533	56	19	2.68	3	1	0.56	1	0	0.44	unphased	2.58496507936508	1.00975198412698	2.56
6	33648391	33648392	147	52	2.68	3	1	0.56	1	0	0.44	unphased	2.66632208662359	1.04153206508734	2.56
6	33996101	33996102	433	28	2.68	3	1	0.56	1	0	0.44	unphased	0.619754157628344	1.10670385290776	0.56
6	34392514	34392515	55	5	2.68	3	1	0.56	1	0	0.44	unphased	0.85031746031746	0.85031746031746	1
6	35090036	35090037	175	19	2.68	3	1	0.56	1	0	0.44	unphased	0.999342169857634	0.999342169857634	1
6	36339227	36339228	26	3	2.68	3	1	0.56	1	0	0.44	unphased	1.05556650246305	1.05556650246305	1
6	36442577	36442578	164	41	2.68	3	1	0.56	1	0	0.44	unphased	2.04076190476191	0.962623539982031	2.12
6	36712914	36712915	91	12	2.68	3	1	0.56	1	0	0.44	unphased	1.18879334257975	1.18879334257975	1
6	37612387	37612388	62	5	2.68	3	1	0.56	1	0	0.44	unphased	0.761478322672353	0.761478322672353	1
6	37620024	37620025	109	25	2.68	3	1	0.56	1	0	0.44	unphased	1.90369580668088	0.897969720132491	2.12
6	38885137	38885138	184	13	2.68	3	1	0.56	1	0	0.44	unphased	0.673347836596568	0.673347836596568	1
6	38980321	38980322	330	28	2.68	3	1	0.56	1	0	0.44	unphased	0.798063314711359	0.798063314711359	1
6	39271731	39271732	268	18	2.68	3	1	0.56	1	0	0.44	unphased	0.642197802197802	1.14678178963893	0.56
6	41184895	41184896	171	25	2.68	3	1	0.56	1	0	0.44	unphased	1.30150631681244	1.30150631681244	1
6	41533579	41533580	312	23	2.68	3	1	0.56	1	0	0.44	unphased	0.700560056858564	1.25100010153315	0.56
6	41652410	41652411	212	18	2.68	3	1	0.56	1	0	0.44	unphased	0.79855900621118	0.79855900621118	1
6	42582898	42582899	119	15	2.68	3	1	0.56	1	0	0.44	unphased	1.14221748400853	1.14221748400853	1
6	43266098	43266099	50	11	2.68	3	1	0.56	1	0	0.44	unphased	1.840031225605	0.867939257360847	2.12
6	44081781	44081782	538	56	2.68	3	1	0.56	1	0	0.44	unphased	0.961975308641975	0.961975308641975	1
6	45870808	45870809	144	13	2.68	3	1	0.56	1	0	0.44	unphased	0.844901425538368	0.844901425538368	1
6	49415405	49415406	125	7	2.68	3	1	0.56	1	0	0.44	unphased	0.541111111111111	0.541111111111111	1
6	51497479	51497480	129	11	2.68	3	1	0.56	1	0	0.44	unphased	0.801727891156463	0.801727891156463	1
6	51915059	51915060	100	17	2.68	3	1	0.56	1	0	0.44	unphased	1.4826048026048	1.4826048026048	1
6	54791331	54791332	114	14	2.68	3	1	0.56	1	0	0.44	unphased	1.11604166666667	1.11604166666667	1
6	55113564	55113565	426	29	2.68	3	1	0.56	1	0	0.44	unphased	0.650352694924124	1.16134409807879	0.56
6	55145211	55145212	215	11	2.68	3	1	0.56	1	0	0.44	unphased	0.496645596291614	0.886867136235025	0.56
6	55924960	55924961	53	15	2.68	3	1	0.56	1	0	0.44	unphased	2.25084033613445	1.06171713968606	2.12
6	56468773	56468774	51	5	2.68	3	1	0.56	1	0	0.44	unphased	0.911054421768708	0.911054421768708	1
6	56504069	56504070	81	6	2.68	3	1	0.56	1	0	0.44	unphased	0.703711001642036	0.703711001642036	1
6	57246879	57246880	101	11	2.68	3	1	0.56	1	0	0.44	unphased	1.00215986394558	1.00215986394558	1
6	57512669	57512670	822	56	2.68	3	1	0.56	1	0	0.44	unphased	0.65081245254366	1.16216509382796	0.56
6	66063493	66063494	103	7	2.68	3	1	0.56	1	0	0.44	unphased	0.649333333333333	0.649333333333333	1
6	70049342	70049343	275	22	2.68	3	1	0.56	1	0	0.44	unphased	0.755837742504409	0.755837742504409	1
6	70948969	70948970	100	22	2.68	3	1	0.56	1	0	0.44	unphased	1.840031225605	0.867939257360847	2.12
6	74116136	74116137	85	8	2	2	0	0.64	1	1	0.36	unphased	0.819252432155658	0.819252432155658	1
6	74520798	74520799	103	8	2	2	0	0.64	1	1	0.36	unphased	0.686400686400686	0.686400686400686	1
6	75892888	75892889	132	8	2	2	0	0.64	1	1	0.36	unphased	0.54421768707483	0.54421768707483	1
6	76018596	76018597	124	10	2	2	0	0.64	1	1	0.36	unphased	0.710732054015636	0.710732054015636	1
6	80197276	80197277	248	15	2	2	0	0.64	1	1	0.36	unphased	0.543183052688756	0.543183052688756	1
6	87725345	87725346	174	17	2	2	0	0.64	1	1	0.36	unphased	0.847668910496136	0.847668910496136	1
6	87796105	87796106	199	46	2	2	0	0.64	1	1	0.36	unphased	1.78814382896016	1.09033160302449	1.64
6	87969755	87969756	134	9	2	2	0	0.64	1	1	0.36	unphased	0.5994005994006	0.5994005994006	1
6	90661410	90661411	108	12	2	2	0	0.64	1	1	0.36	unphased	0.952380952380952	0.952380952380952	1
6	100911440	100911441	49	5	2	2	0	0.64	1	1	0.36	unphased	0.881834215167548	0.881834215167548	1
6	102483356	102483357	474	47	2	2	0	0.64	1	1	0.36	unphased	0.859153642263047	0.859153642263047	1
6	107391137	107391138	128	14	2	2	0	0.64	1	1	0.36	unphased	0.938967136150235	0.938967136150235	1
6	112476087	112476088	156	38	2	2	0	0.64	1	1	0.36	unphased	1.86548846342661	1.13749296550403	1.64
6	117704586	117704587	290	17	2	2	0	0.64	1	1	0.36	unphased	0.527377074608345	1.46493631835651	0.36
6	118228985	118228986	21	13	2	2	0	0.64	1	1	0.36	unphased	3.64145658263305	2.22040035526406	1.64
6	119301337	119301338	154	9	2	2	0	0.64	1	1	0.36	unphased	0.525854513584575	1.46070698217937	0.36
6	126203631	126203632	50	6	2	2	0	0.64	1	1	0.36	unphased	1.02040816326531	1.02040816326531	1
6	127611310	127611311	177	14	2	2	0	0.64	1	1	0.36	unphased	0.698080279232112	0.698080279232112	1
6	127898539	127898540	150	43	2	2	0	0.64	1	1	0.36	unphased	2.12188502343943	1.2938323313655	1.64
6	130761605	130761606	241	57	2	2	0	0.64	1	1	0.36	unphased	1.82166826462128	1.11077333208615	1.64
6	130762698	130762699	92	12	2	2	0	0.64	1	1	0.36	unphased	1.0989010989011	1.0989010989011	1
6	131201330	131201331	52	6	2	2	0	0.64	1	1	0.36	unphased	0.985221674876847	0.985221674876847	1
6	131917826	131917827	65	14	2	2	0	0.64	1	1	0.36	unphased	1.68776371308017	1.02912421529279	1.64
6	132874333	132874334	328	28	2	2	0	0.64	1	1	0.36	unphased	0.749063670411985	0.749063670411985	1
6	143759804	143759805	116	12	2	2	0	0.64	1	1	0.36	unphased	0.892857142857143	0.892857142857143	1
6	144758882	144758883	112	9	2	2	0	0.64	1	1	0.36	unphased	0.708382526564345	0.708382526564345	1
6	150289778	150289779	202	37	2	2	0	0.64	1	1	0.36	unphased	1.47439729029687	0.899022737985897	1.64
6	151265678	151265679	38	14	2	2	0	0.64	1	1	0.36	unphased	2.56410256410256	1.56347717323327	1.64
6	151694768	151694769	69	5	2	2	0	0.64	1	1	0.36	unphased	0.643500643500644	0.643500643500644	1
6	155129837	155129838	80	6	2	2	0	0.64	1	1	0.36	unphased	0.664451827242525	0.664451827242525	1
6	155129838	155129839	79	6	2	2	0	0.64	1	1	0.36	unphased	0.672268907563025	0.672268907563025	1
6	155761164	155761165	133	17	2	2	0	0.64	1	1	0.36	unphased	1.07936507936508	1.07936507936508	1
6	160968855	160968856	145	9	2	2	0	0.64	1	1	0.36	unphased	0.556586270871985	0.556586270871985	1
6	160998185	160998186	376	26	2	2	0	0.64	1	1	0.36	unphased	0.615967780146885	0.615967780146885	1
6	161469310	161469311	276	38	2	2	0	0.64	1	1	0.36	unphased	1.15256293600243	1.15256293600243	1
6	165711482	165711483	183	28	2	2	0	0.64	1	1	0.36	unphased	1.26382306477093	1.26382306477093	1
6	165801828	165801829	184	24	2	2	0	0.64	1	1	0.36	unphased	1.0989010989011	1.0989010989011	1
6	166733690	166733691	38	7	2	2	0	0.64	1	1	0.36	unphased	1.48148148148148	1.48148148148148	1
6	167711555	167711556	126	34	2	2	0	0.64	1	1	0.36	unphased	2.02380952380952	1.23403019744483	1.64
6	168999529	168999530	239	13	2	2	0	0.64	1	1	0.36	unphased	0.491307634164777	1.36474342823549	0.36
7	591042	591043	17	5	NA	NA	NA	NA	NA	NA	NA	unphased	NA	NA	1
7	1608770	1608771	261	60	1.65	4	2	0.13	0	1	0.87	unphased	1.71473075211393	0.805037911790577	2.13
7	2472658	2472659	205	35	1.65	4	2	0.13	0	1	0.87	unphased	1.33784722222222	0.96248001598721	1.39
7	4026892	4026893	266	128	1.65	4	2	0.13	0	1	0.87	unphased	2.98032390621223	0.952180161729147	3.13
7	4116808	4116809	78	12	1.65	4	2	0.13	0	1	0.87	unphased	1.2231746031746	1.2231746031746	1
7	4116809	4116810	78	12	1.65	4	2	0.13	0	1	0.87	unphased	1.2231746031746	1.2231746031746	1
7	4824629	4824630	95	26	1.65	4	2	0.13	0	1	0.87	unphased	1.97123179850453	0.925460938265036	2.13
7	4839070	4839071	231	26	1.65	4	2	0.13	0	1	0.87	unphased	0.928089679451547	0.928089679451547	1
7	4874577	4874578	31	5	1.65	4	2	0.13	0	1	0.87	unphased	1.27414021164021	1.27414021164021	1
7	5239261	5239262	257	73	1.65	4	2	0.13	0	1	0.87	unphased	2.02935786435786	0.952750171060031	2.13
7	6006565	6006566	264	28	1.65	4	2	0.13	0	1	0.87	unphased	0.879680365296804	0.879680365296804	1
7	6836426	6836427	289	86	1.65	4	2	0.13	0	1	0.87	unphased	2.10386031746032	0.987727848572919	2.13
7	7413033	7413034	180	54	1.65	4	2	0.13	0	1	0.87	unphased	2.11703296703297	0.99391219109529	2.13
7	11468709	11468710	301	121	1.65	4	2	0.13	0	1	0.87	unphased	2.6304051004288	0.840385016111437	3.13
7	15425103	15425104	155	26	1.65	4	2	0.13	0	1	0.87	unphased	1.3177847934754	1.3177847934754	1
7	16502316	16502317	334	104	1.65	4	2	0.13	0	1	0.87	unphased	2.1782561426397	1.02265546602803	2.13
7	16666730	16666731	111	10	1.65	4	2	0.13	0	1	0.87	unphased	0.758166076347895	0.758166076347895	1
7	19761704	19761705	107	17	4	2	2	1	NA	NA	NA	unphased	1.57987711213518	0.789938556067588	2
7	20784904	20784905	145	43	4	2	2	1	NA	NA	NA	unphased	2.63576494427558	1.31788247213779	2
7	20784905	20784906	149	43	4	2	2	1	NA	NA	NA	unphased	2.58085317460317	1.29042658730159	2
7	21603921	21603922	117	7	4	2	2	1	NA	NA	NA	unphased	0.650537634408602	0.650537634408602	1
7	21628229	21628230	150	18	4	2	2	1	NA	NA	NA	unphased	1.23469387755102	1.23469387755102	1
7	21726800	21726801	41	9	4	2	2	1	NA	NA	NA	unphased	2.07428571428571	1.03714285714286	2
7	23180420	23180421	109	17	4	2	2	1	NA	NA	NA	unphased	1.55479969765684	0.77739984882842	2
7	23180431	23180432	113	19	4	2	2	1	NA	NA	NA	unphased	1.65873015873016	0.829365079365079	2
7	23205440	23205441	77	18	4	2	2	1	NA	NA	NA	unphased	2.18345864661654	1.09172932330827	2
7	24324909	24324910	164	30	4	2	2	1	NA	NA	NA	unphased	1.7820324005891	0.891016200294551	2
7	24738645	24738646	48	7	4	2	2	1	NA	NA	NA	unphased	1.46666666666667	1.46666666666667	1
7	24870409	24870410	519	40	4	2	2	1	NA	NA	NA	unphased	0.824601754834313	0.824601754834313	1
7	27134252	27134253	185	17	4	2	2	1	NA	NA	NA	unphased	0.96982555398397	0.96982555398397	1
7	27187266	27187267	133	7	4	2	2	1	NA	NA	NA	unphased	0.576190476190476	0.576190476190476	1
7	27827144	27827145	106	20	4	2	2	1	NA	NA	NA	unphased	1.8291761148904	0.9145880574452	2
7	30092444	30092445	45	4	4	2	2	1	NA	NA	NA	unphased	0.940719144800777	0.940719144800777	1
7	30795469	30795470	139	26	4	2	2	1	NA	NA	NA	unphased	1.81587301587302	0.907936507936508	2
7	31014633	31014634	202	37	4	2	2	1	NA	NA	NA	unphased	1.78402072125921	0.892010360629607	2
7	31146223	31146224	106	19	4	2	2	1	NA	NA	NA	unphased	1.75161904761905	0.875809523809524	2
7	31592659	31592660	31	4	4	2	2	1	NA	NA	NA	unphased	1.31700680272109	1.31700680272109	1
7	31617852	31617853	85	18	4	2	2	1	NA	NA	NA	unphased	2.01386962552011	1.00693481276006	2
7	31792856	31792857	81	9	4	2	2	1	NA	NA	NA	unphased	1.15238095238095	1.15238095238095	1
7	33945246	33945247	69	24	4	2	2	1	NA	NA	NA	unphased	2.97388632872504	1.48694316436252	2
7	34125410	34125411	84	12	4	2	2	1	NA	NA	NA	unphased	1.44047619047619	1.44047619047619	1
7	34125411	34125412	85	12	4	2	2	1	NA	NA	NA	unphased	1.42562592047128	1.42562592047128	1
7	34182961	34182962	120	10	4	2	2	1	NA	NA	NA	unphased	0.886446886446887	0.886446886446887	1
7	38500950	38500951	293	41	4	2	2	1	NA	NA	NA	unphased	1.41459937268321	0.707299686341603	2
7	39610207	39610208	148	24	4	2	2	1	NA	NA	NA	unphased	1.60797342192691	0.803986710963455	2
7	43436461	43436462	143	23	4	2	2	1	NA	NA	NA	unphased	1.59667240390132	0.79833620195066	2
7	43484003	43484004	92	10	4	2	2	1	NA	NA	NA	unphased	1.12978524743231	1.12978524743231	1
7	43547715	43547716	89	10	4	2	2	1	NA	NA	NA	unphased	1.16402116402116	1.16402116402116	1
7	44150428	44150429	185	21	4	2	2	1	NA	NA	NA	unphased	1.1747572815534	1.1747572815534	1
7	45930210	45930211	215	13	4	2	2	1	NA	NA	NA	unphased	0.657059314954052	0.657059314954052	1
7	45930211	45930212	213	13	4	2	2	1	NA	NA	NA	unphased	0.662873999157185	0.662873999157185	1
7	47342931	47342932	45	12	4	2	2	1	NA	NA	NA	unphased	2.42606516290727	1.21303258145363	2
7	47942093	47942094	105	23	4	2	2	1	NA	NA	NA	unphased	2.07068452380952	1.03534226190476	2
7	50444305	50444306	147	20	4	2	2	1	NA	NA	NA	unphased	1.38009694895922	1.38009694895922	1
7	50514190	50514191	115	18	4	2	2	1	NA	NA	NA	unphased	1.55961331901182	0.779806659505908	2
7	53103525	53103526	157	28	4	2	2	1	NA	NA	NA	unphased	1.74414414414414	0.872072072072072	2
7	55220274	55220275	418	86	4	2	2	1	NA	NA	NA	unphased	1.96636432350718	0.98318216175359	2
7	55231426	55231427	196	17	4	2	2	1	NA	NA	NA	unphased	0.919740666219539	0.919740666219539	1
7	65157787	65157788	214	18	4	2	2	1	NA	NA	NA	unphased	0.894088669950739	0.894088669950739	1
7	65552345	65552346	136	30	4	2	2	1	NA	NA	NA	unphased	2.08261617900172	1.04130808950086	2
7	72286020	72286021	130	22	1.28	2	1	0.14	0	1	0.86	unphased	1.27423558897243	1.27423558897243	1
7	72744204	72744205	114	16	1.28	2	1	0.14	0	1	0.86	unphased	1.08354578754579	1.08354578754579	1
7	73245363	73245364	29	8	1.28	2	1	0.14	0	1	0.86	unphased	1.90352638352638	1.66975998554946	1.14
7	75203139	75203140	111	26	1.28	2	1	0.14	0	1	0.86	unphased	1.67079596802225	1.46561049826513	1.14
7	75517555	75517556	369	43	1.28	2	1	0.14	0	1	0.86	unphased	0.918844197873324	0.918844197873324	1
7	76058690	76058691	26	8	1.28	2	1	0.14	0	1	0.86	unphased	2.07148459383754	1.81709174898029	1.14
7	76254965	76254966	426	31	1.28	2	1	0.14	0	1	0.86	unphased	0.59719495675732	0.59719495675732	1
7	77402526	77402527	159	9	1.28	2	1	0.14	0	1	0.86	unphased	0.471632653061224	0.471632653061224	1
7	77756538	77756539	253	67	1.28	2	1	0.14	0	1	0.86	unphased	1.84329761904762	1.61692773600668	1.14
7	81335049	81335050	108	8	1.28	2	1	0.14	0	1	0.86	unphased	0.607159277504105	0.607159277504105	1
7	81355332	81355333	106	18	1.28	2	1	0.14	0	1	0.86	unphased	1.27797235023041	1.27797235023041	1
7	82474641	82474642	66	10	1.28	2	1	0.14	0	1	0.86	unphased	1.15839598997494	1.15839598997494	1
7	82476481	82476482	46	5	1.28	2	1	0.14	0	1	0.86	unphased	0.86311858076564	0.86311858076564	1
7	82579982	82579983	200	55	1.28	2	1	0.14	0	1	0.86	unphased	1.89886087768441	1.66566743656527	1.14
7	83689789	83689790	315	49	1.28	2	1	0.14	0	1	0.86	unphased	1.18512820512821	1.18512820512821	1
7	88424344	88424345	21	3	1.28	2	1	0.14	0	1	0.86	unphased	1.10047619047619	1.10047619047619	1
7	92027977	92027978	135	10	1.28	2	1	0.14	0	1	0.86	unphased	0.607159277504105	0.607159277504105	1
7	92083957	92083958	199	25	1.28	2	1	0.14	0	1	0.86	unphased	0.982568027210884	0.982568027210884	1
7	93067560	93067561	95	10	1.28	2	1	0.14	0	1	0.86	unphased	0.838458049886621	0.838458049886621	1
7	94058581	94058582	77	12	1.28	2	1	0.14	0	1	0.86	unphased	1.1870304975923	1.1870304975923	1
7	96637037	96637038	40	11	1.28	2	1	0.14	0	1	0.86	unphased	1.89886087768441	1.66566743656527	1.14
7	97488584	97488585	167	10	1.28	2	1	0.14	0	1	0.86	unphased	0.497390368576809	0.497390368576809	1
7	98589831	98589832	487	56	1.28	2	1	0.14	0	1	0.86	unphased	0.907943523634131	0.907943523634131	1
7	99764640	99764641	19	4	1.28	2	1	0.14	0	1	0.86	unphased	1.53109730848861	1.53109730848861	1
7	100075601	100075602	13	5	1.28	2	1	0.14	0	1	0.86	unphased	2.44550264550265	2.14517775921285	1.14
7	100190546	100190547	110	10	1.28	2	1	0.14	0	1	0.86	unphased	0.733650793650794	0.733650793650794	1
7	100349994	100349995	150	31	1.28	2	1	0.14	0	1	0.86	unphased	1.50783478032097	1.32266208800085	1.14
7	100675862	100675863	527	66	1.28	2	1	0.14	0	1	0.86	unphased	0.979850638400386	0.979850638400386	1
7	100807817	100807818	23	4	1.28	2	1	0.14	0	1	0.86	unphased	1.30426807760141	1.30426807760141	1
7	101256814	101256815	178	19	1.28	2	1	0.14	0	1	0.86	unphased	0.849098380468939	0.849098380468939	1
7	103004616	103004617	120	11	1.28	2	1	0.14	0	1	0.86	unphased	0.739251181388586	0.739251181388586	1
7	103138648	103138649	135	32	1.28	2	1	0.14	0	1	0.86	unphased	1.68695751354434	1.47978729258275	1.14
7	103162508	103162509	187	20	1.28	2	1	0.14	0	1	0.86	unphased	0.850609615827007	0.850609615827007	1
7	103252226	103252227	77	7	1.28	2	1	0.14	0	1	0.86	unphased	0.733650793650794	0.733650793650794	1
7	103474105	103474106	53	5	1.28	2	1	0.14	0	1	0.86	unphased	0.758949096880131	0.758949096880131	1
7	103969267	103969268	55	6	1.28	2	1	0.14	0	1	0.86	unphased	0.865948477751756	0.865948477751756	1
7	105098095	105098096	28	4	1.28	2	1	0.14	0	1	0.86	unphased	1.10047619047619	1.10047619047619	1
7	106522622	106522623	103	14	1.28	2	1	0.14	0	1	0.86	unphased	1.05344729344729	1.05344729344729	1
7	107114720	107114721	226	30	1.28	2	1	0.14	0	1	0.86	unphased	1.03169642857143	1.03169642857143	1
7	107224399	107224400	106	16	1.28	2	1	0.14	0	1	0.86	unphased	1.15459797033568	1.15459797033568	1
7	107671271	107671272	242	34	1.28	2	1	0.14	0	1	0.86	unphased	1.08452726017943	1.08452726017943	1
7	107880433	107880434	239	10	1.28	2	1	0.14	0	1	0.86	unphased	0.353566647542551	0.353566647542551	1
7	110526730	110526731	85	19	1.28	2	1	0.14	0	1	0.86	unphased	1.60838827838828	1.41086691086691	1.14
7	110764015	110764016	104	15	1.28	2	1	0.14	0	1	0.86	unphased	1.10972388955582	1.10972388955582	1
7	112723878	112723879	124	24	1.28	2	1	0.14	0	1	0.86	unphased	1.42764478764479	1.25231998916209	1.14
7	115614260	115614261	85	12	1.28	2	1	0.14	0	1	0.86	unphased	1.08913107511046	1.08913107511046	1
7	121650957	121650958	91	13	1.28	2	1	0.14	0	1	0.86	unphased	1.10047619047619	1.10047619047619	1
7	121651805	121651806	84	18	1.28	2	1	0.14	0	1	0.86	unphased	1.55361344537815	1.36281881173522	1.14
7	121942190	121942191	167	11	1.28	2	1	0.14	0	1	0.86	unphased	0.544055644729802	0.544055644729802	1
7	122338604	122338605	217	49	1.28	2	1	0.14	0	1	0.86	unphased	1.62175438596491	1.42259156663589	1.14
7	122635592	122635593	106	10	1.28	2	1	0.14	0	1	0.86	unphased	0.758949096880131	0.758949096880131	1
7	123150080	123150081	183	25	1.28	2	1	0.14	0	1	0.86	unphased	1.05815018315018	1.05815018315018	1
7	123302839	123302840	94	8	1.28	2	1	0.14	0	1	0.86	unphased	0.690494864612512	0.690494864612512	1
7	123302840	123302841	91	9	1.28	2	1	0.14	0	1	0.86	unphased	0.792342857142857	0.792342857142857	1
7	124467350	124467351	43	6	1.28	2	1	0.14	0	1	0.86	unphased	1.07801749271137	1.07801749271137	1
7	124532323	124532324	315	26	1.28	2	1	0.14	0	1	0.86	unphased	0.67125820416143	0.67125820416143	1
7	128470852	128470853	78	10	1.28	2	1	0.14	0	1	0.86	unphased	1.0004329004329	1.0004329004329	1
7	129855822	129855823	118	19	1.28	2	1	0.14	0	1	0.86	unphased	1.22096628432395	1.22096628432395	1
7	130418205	130418206	50	22	1.28	2	1	0.14	0	1	0.86	unphased	2.69005291005291	2.35969553513413	1.14
7	131849036	131849037	77	10	1.28	2	1	0.14	0	1	0.86	unphased	1.01193212917351	1.01193212917351	1
7	131866286	131866287	150	34	1.28	2	1	0.14	0	1	0.86	unphased	1.62679089026915	1.42700955286768	1.14
7	131866287	131866288	148	34	1.28	2	1	0.14	0	1	0.86	unphased	1.64466771323914	1.44269097652556	1.14
7	131913152	131913153	106	11	1.28	2	1	0.14	0	1	0.86	unphased	0.827708587708588	0.827708587708588	1
7	134928141	134928142	88	12	1.28	2	1	0.14	0	1	0.86	unphased	1.05645714285714	1.05645714285714	1
7	137293719	137293720	72	8	1.28	2	1	0.14	0	1	0.86	unphased	0.880380952380952	0.880380952380952	1
7	138536985	138536986	53	7	1.28	2	1	0.14	0	1	0.86	unphased	1.02711111111111	1.02711111111111	1
7	139416275	139416276	198	28	1.28	2	1	0.14	0	1	0.86	unphased	1.09073746312684	1.09073746312684	1
7	140453095	140453096	144	12	1.28	2	1	0.14	0	1	0.86	unphased	0.677216117216117	0.677216117216117	1
7	141955041	141955042	172	15	1.28	2	1	0.14	0	1	0.86	unphased	0.706187929717342	0.706187929717342	1
7	142045309	142045310	152	15	1.28	2	1	0.14	0	1	0.86	unphased	0.790761334473909	0.790761334473909	1
7	142231586	142231587	178	32	1.28	2	1	0.14	0	1	0.86	unphased	1.34153287981859	1.17678322791105	1.14
7	142749797	142749798	201	35	1.28	2	1	0.14	0	1	0.86	unphased	1.30564971751412	1.30564971751412	1
7	142836647	142836648	289	56	1.28	2	1	0.14	0	1	0.86	unphased	1.42902415458937	1.25352996016612	1.14
7	142983813	142983814	149	13	1.28	2	1	0.14	0	1	0.86	unphased	0.706478542034098	0.706478542034098	1
7	143092461	143092462	764	46	1.28	2	1	0.14	0	1	0.86	unphased	0.499969429747208	0.499969429747208	1
7	143748014	143748015	499	48	1.28	2	1	0.14	0	1	0.86	unphased	0.77254635675111	0.77254635675111	1
7	143771323	143771324	169	38	1.28	2	1	0.14	0	1	0.86	unphased	1.61615827007131	1.41768269304501	1.14
7	143806778	143806779	216	31	1.28	2	1	0.14	0	1	0.86	unphased	1.1049315596684	1.1049315596684	1
7	144097360	144097361	138	20	1.28	2	1	0.14	0	1	0.86	unphased	1.11440626883665	1.11440626883665	1
7	149557753	149557754	171	20	3	2	1	1	NA	NA	NA	unphased	1.10196958364498	1.10196958364498	1
7	150416162	150416163	126	12	3	2	1	1	NA	NA	NA	unphased	0.915113871635611	0.915113871635611	1
7	150647498	150647499	123	9	3	2	1	1	NA	NA	NA	unphased	0.717532467532467	0.717532467532467	1
7	150779565	150779566	202	26	3	2	1	1	NA	NA	NA	unphased	1.20008354218881	1.20008354218881	1
7	154379754	154379755	244	44	3	2	1	1	NA	NA	NA	unphased	1.60780423280423	0.803902116402116	2
7	154379773	154379774	217	28	3	2	1	1	NA	NA	NA	unphased	1.20272108843537	1.20272108843537	1
7	154679410	154679411	440	91	3	2	1	1	NA	NA	NA	unphased	1.80351537978657	0.901757689893283	2
7	155596252	155596253	31	6	3	2	1	1	NA	NA	NA	unphased	1.70656370656371	1.70656370656371	1
7	156518500	156518501	146	8	3	2	1	1	NA	NA	NA	unphased	0.546691403834261	0.546691403834261	1
7	158482645	158482646	43	11	NA	NA	NA	NA	NA	NA	NA	unphased	NA	NA	1
7	158669352	158669353	26	3	NA	NA	NA	NA	NA	NA	NA	unphased	NA	NA	1
8	10465407	10465408	312	145	3	3	0	1	NA	NA	NA	unphased	3.33906429092425	1.11302143030808	3
8	10465813	10465814	388	192	3	3	0	1	NA	NA	NA	unphased	3.48374384236453	1.16124794745484	3
8	11058273	11058274	67	21	3	3	0	1	NA	NA	NA	unphased	2.51136363636364	0.837121212121212	3
8	15967520	15967521	42	9	3	3	0	1	NA	NA	NA	unphased	1.85714285714286	0.928571428571429	2
8	18257575	18257576	172	94	3	3	0	1	NA	NA	NA	unphased	3.71894020766201	1.23964673588734	3
8	21986488	21986489	121	20	3	3	0	1	NA	NA	NA	unphased	1.49273893954745	0.746369469773725	2
8	22210597	22210598	261	11	3	3	0	1	NA	NA	NA	unphased	0.425595238095238	0.425595238095238	1
8	26721658	26721659	66	24	3	3	0	1	NA	NA	NA	unphased	2.80634920634921	0.935449735449735	3
8	36793115	36793116	169	42	3	3	0	1	NA	NA	NA	unphased	2.09478672985782	1.04739336492891	2
8	39550196	39550197	57	6	3	3	0	1	NA	NA	NA	unphased	1.00226757369615	1.00226757369615	1
8	41456633	41456634	458	41	3	3	0	1	NA	NA	NA	unphased	0.864681744441263	0.864681744441263	1
8	41543691	41543692	157	29	3	3	0	1	NA	NA	NA	unphased	1.64080901177675	0.820404505888377	2
8	42038085	42038086	208	23	3	3	0	1	NA	NA	NA	unphased	1.04782519068233	1.04782519068233	1
8	42038086	42038087	209	22	3	3	0	1	NA	NA	NA	unphased	1.00226757369615	1.00226757369615	1
8	43037330	43037331	550	182	3	3	0	1	NA	NA	NA	unphased	2.61657559198543	0.872191863995143	3
8	48711842	48711843	207	15	3	3	0	1	NA	NA	NA	unphased	0.711068211068211	0.711068211068211	1
8	52321212	52321213	30	12	3	3	0	1	NA	NA	NA	unphased	3.00680272108844	1.00226757369615	3
8	52387658	52387659	109	15	3	3	0	1	NA	NA	NA	unphased	1.27304147465438	1.27304147465438	1
8	53030986	53030987	98	17	3	3	0	1	NA	NA	NA	unphased	1.55569358178054	0.777846790890269	2
8	54163342	54163343	73	13	2	1	1	1	NA	NA	NA	unphased	1.43964562569214	1.43964562569214	1
8	56723471	56723472	289	41	2	1	1	1	NA	NA	NA	unphased	1.18326118326118	1.18326118326118	1
8	56866542	56866543	158	21	2	1	1	1	NA	NA	NA	unphased	1.11731843575419	1.11731843575419	1
8	59404215	59404216	216	18	2	1	1	1	NA	NA	NA	unphased	0.732600732600733	0.732600732600733	1
8	65537044	65537045	257	35	2	1	1	1	NA	NA	NA	unphased	1.14155251141553	1.14155251141553	1
8	67592148	67592149	39	9	2	1	1	1	NA	NA	NA	unphased	1.78571428571429	1.78571428571429	1
8	70585464	70585465	364	53	2	1	1	1	NA	NA	NA	unphased	1.21046020326596	1.21046020326596	1
8	72184100	72184101	400	45	2	1	1	1	NA	NA	NA	unphased	0.963081861958267	0.963081861958267	1
8	72958753	72958754	135	16	2	1	1	1	NA	NA	NA	unphased	1.00914538000631	1.00914538000631	1
8	77619977	77619978	46	8	2	1	1	1	NA	NA	NA	unphased	1.41093474426808	1.41093474426808	1
8	77763586	77763587	68	8	2	1	1	1	NA	NA	NA	unphased	1.00250626566416	1.00250626566416	1
8	77764095	77764096	107	16	2	1	1	1	NA	NA	NA	unphased	1.23886953155246	1.23886953155246	1
8	77768511	77768512	79	14	2	1	1	1	NA	NA	NA	unphased	1.4336917562724	1.4336917562724	1
8	85441700	85441701	67	10	2	1	1	1	NA	NA	NA	unphased	1.23685837971552	1.23685837971552	1
8	85799895	85799896	200	20	2	1	1	1	NA	NA	NA	unphased	0.865800865800866	0.865800865800866	1
8	87076622	87076623	106	14	2	1	1	1	NA	NA	NA	unphased	1.11111111111111	1.11111111111111	1
8	87638258	87638259	84	7	2	1	1	1	NA	NA	NA	unphased	0.732600732600733	0.732600732600733	1
8	89180009	89180010	81	17	2	1	1	1	NA	NA	NA	unphased	1.65208940719145	1.65208940719145	1
8	91094978	91094979	73	10	2	1	1	1	NA	NA	NA	unphased	1.14744693057946	1.14744693057946	1
8	92008964	92008965	22	5	2	1	1	1	NA	NA	NA	unphased	1.7636684303351	1.7636684303351	1
8	95508629	95508630	90	19	2	1	1	1	NA	NA	NA	unphased	1.66011358671909	1.66011358671909	1
8	97156799	97156800	45	12	3.88	3	1	0.96	0	1	0.04	unphased	2.40080200501253	0.833611807296018	2.88
8	99019734	99019735	112	89	8	7	1	1	0	1	0	unphased	6.87372660506989	0.981960943581413	7
8	101075758	101075759	253	23	8	7	1	1	0	1	0	unphased	1.29365079365079	1.29365079365079	1
8	103301721	103301722	158	191	8	7	1	1	NA	NA	NA	unphased	8.49583844999318	1.21369120714188	7
8	103317409	103317410	284	306	8	7	1	1	NA	NA	NA	unphased	8.05133171912833	1.15019024558976	7
8	103327007	103327008	54	80	8	7	1	1	NA	NA	NA	unphased	9.26794598436389	1.32399228348056	7
8	104390388	104390389	283	20	8	7	1	1	NA	NA	NA	unphased	1.02467389596102	1.02467389596102	1
8	104513163	104513164	102	7	8	7	1	1	NA	NA	NA	unphased	0.996941896024465	0.996941896024465	1
8	104513164	104513165	103	7	8	7	1	1	NA	NA	NA	unphased	0.987878787878788	0.987878787878788	1
8	105441799	105441800	134	16	3.22	3	1	0.74	1	0	0.26	unphased	1.14600634920635	1.14600634920635	1
8	105503352	105503353	123	8	3.22	3	1	0.74	1	0	0.26	unphased	0.65611050527081	0.65611050527081	1
8	105510276	105510277	104	10	3.22	3	1	0.74	1	0	0.26	unphased	0.942439431913116	0.942439431913116	1
8	110394762	110394763	197	28	3.22	3	1	0.74	1	0	0.26	unphased	1.33700740740741	1.33700740740741	1
8	113304929	113304930	96	10	2	1	1	1	NA	NA	NA	unphased	0.898472596585804	0.898472596585804	1
8	113308146	113308147	69	11	2	1	1	1	NA	NA	NA	unphased	1.30952380952381	1.30952380952381	1
8	113317036	113317037	90	9	2	1	1	1	NA	NA	NA	unphased	0.865800865800866	0.865800865800866	1
8	113326689	113326690	111	11	2	1	1	1	NA	NA	NA	unphased	0.858704137392662	0.858704137392662	1
8	113933968	113933969	107	10	2	1	1	1	NA	NA	NA	unphased	0.814000814000814	0.814000814000814	1
8	121262963	121262964	87	13	2	1	1	1	NA	NA	NA	unphased	1.23809523809524	1.23809523809524	1
8	121344965	121344966	43	5	2	1	1	1	NA	NA	NA	unphased	0.992063492063492	0.992063492063492	1
8	124232295	124232296	30	5	2	1	1	1	NA	NA	NA	unphased	1.36054421768707	1.36054421768707	1
8	124449468	124449469	68	15	2	1	1	1	NA	NA	NA	unphased	1.72117039586919	1.72117039586919	1
8	125113557	125113558	88	11	2	1	1	1	NA	NA	NA	unphased	1.05820105820106	1.05820105820106	1
8	125555396	125555397	109	15	2	1	1	1	NA	NA	NA	unphased	1.15207373271889	1.15207373271889	1
8	131949373	131949374	146	17	2	1	1	1	NA	NA	NA	unphased	0.993280747881975	0.993280747881975	1
8	133644984	133644985	205	30	2	1	1	1	NA	NA	NA	unphased	1.21580547112462	1.21580547112462	1
8	133826880	133826881	69	10	2	1	1	1	NA	NA	NA	unphased	1.20554550934298	1.20554550934298	1
8	134232922	134232923	235	24	2	1	1	1	NA	NA	NA	unphased	0.882515168229454	0.882515168229454	1
8	139163906	139163907	160	18	2	1	1	1	NA	NA	NA	unphased	0.963081861958267	0.963081861958267	1
8	139768046	139768047	152	17	2	1	1	1	NA	NA	NA	unphased	0.958016342631727	0.958016342631727	1
8	144947334	144947335	50	8	2	1	1	1	NA	NA	NA	unphased	1.3136288998358	1.3136288998358	1
8	145012822	145012823	164	15	2	1	1	1	NA	NA	NA	unphased	0.798084596967279	0.798084596967279	1
8	145095277	145095278	115	10	2	1	1	1	NA	NA	NA	unphased	0.761904761904762	0.761904761904762	1
8	145218703	145218704	78	7	2	1	1	1	NA	NA	NA	unphased	0.784313725490196	0.784313725490196	1
8	145218704	145218705	78	9	2	1	1	1	NA	NA	NA	unphased	0.985221674876847	0.985221674876847	1
8	145649194	145649195	88	13	NA	NA	NA	NA	NA	NA	NA	unphased	NA	NA	1
9	847034	847035	112	14	2	2	0	1	NA	NA	NA	unphased	1.05820105820106	1.05820105820106	1
9	8376608	8376609	57	49	4	4	0	1	NA	NA	NA	unphased	5.32704402515723	1.33176100628931	4
9	8460522	8460523	123	65	4	4	0	1	NA	NA	NA	unphased	3.98429584599797	0.996073961499493	4
9	8524976	8524977	484	34	4	4	0	1	NA	NA	NA	unphased	0.756389042103328	0.756389042103328	1
9	14851591	14851592	158	60	4	4	0	1	NA	NA	NA	unphased	3.17169069462647	1.05723023154216	3
9	19058166	19058167	229	121	4	4	0	1	NA	NA	NA	unphased	3.98394557823129	0.995986394557823	4
9	19516284	19516285	181	38	4	4	0	1	NA	NA	NA	unphased	1.99956512285279	0.999782561426397	2
9	21367819	21367820	146	13	1	1	0	1	NA	NA	NA	unphased	0.696915244085055	0.696915244085055	1
9	21971198	21971199	28	3	1	1	0	1	NA	NA	NA	unphased	0.824884792626728	0.824884792626728	1
9	27185501	27185502	233	89	4	4	0	1	NA	NA	NA	unphased	3.18515232179828	1.06171744059943	3
9	35092198	35092199	169	11	4	4	0	1	NA	NA	NA	unphased	0.704232804232804	0.704232804232804	1
9	35738835	35738836	78	9	4	4	0	1	NA	NA	NA	unphased	1.19211822660099	1.19211822660099	1
9	40772947	40772948	29	15	1	1	0	1	NA	NA	NA	unphased	2.90584415584416	2.90584415584416	1
9	43627456	43627457	229	210	1	1	0	1	NA	NA	NA	unphased	4.07744874715262	4.07744874715262	1
9	74865577	74865578	29	7	2	1	1	1	NA	NA	NA	unphased	1.85185185185185	1.85185185185185	1
9	84562688	84562689	25	6	2	1	1	1	NA	NA	NA	unphased	1.84331797235023	1.84331797235023	1
9	85622419	85622420	147	10	2	1	1	1	NA	NA	NA	unphased	0.606612071580224	0.606612071580224	1
9	91943594	91943595	95	17	2	1	1	1	NA	NA	NA	unphased	1.44557823129252	1.44557823129252	1
9	92006262	92006263	167	25	2	1	1	1	NA	NA	NA	unphased	1.24007936507937	1.24007936507937	1
9	92006263	92006264	165	25	2	1	1	1	NA	NA	NA	unphased	1.2531328320802	1.2531328320802	1
9	94487029	94487030	86	9	2	1	1	1	NA	NA	NA	unphased	0.902255639097744	0.902255639097744	1
9	95004447	95004448	158	27	2	1	1	1	NA	NA	NA	unphased	1.38996138996139	1.38996138996139	1
9	95599566	95599567	91	13	2	1	1	1	NA	NA	NA	unphased	1.19047619047619	1.19047619047619	1
9	96055353	96055354	53	8	2	1	1	1	NA	NA	NA	unphased	1.24902419984387	1.24902419984387	1
9	98220409	98220410	131	12	2	1	1	1	NA	NA	NA	unphased	0.799200799200799	0.799200799200799	1
9	98775121	98775122	56	8	2	1	1	1	NA	NA	NA	unphased	1.19047619047619	1.19047619047619	1
9	100090326	100090327	300	33	2	1	1	1	NA	NA	NA	unphased	0.943800943800944	0.943800943800944	1
9	101552506	101552507	136	20	2	1	1	1	NA	NA	NA	unphased	1.22100122100122	1.22100122100122	1
9	101832184	101832185	47	7	2	1	1	1	NA	NA	NA	unphased	1.23456790123457	1.23456790123457	1
9	101980871	101980872	110	8	2	1	1	1	NA	NA	NA	unphased	0.645682001614205	0.645682001614205	1
9	103092304	103092305	158	28	2	1	1	1	NA	NA	NA	unphased	1.4336917562724	1.4336917562724	1
9	104238431	104238432	232	24	2	1	1	1	NA	NA	NA	unphased	0.892857142857143	0.892857142857143	1
9	104357037	104357038	157	26	2	1	1	1	NA	NA	NA	unphased	1.35310954983086	1.35310954983086	1
9	106889739	106889740	131	14	2	1	1	1	NA	NA	NA	unphased	0.919540229885057	0.919540229885057	1
9	107288830	107288831	179	28	2	1	1	1	NA	NA	NA	unphased	1.28824476650564	1.28824476650564	1
9	107360883	107360884	122	18	2	1	1	1	NA	NA	NA	unphased	1.22448979591837	1.22448979591837	1
9	107367472	107367473	125	18	2	1	1	1	NA	NA	NA	unphased	1.1988011988012	1.1988011988012	1
9	107591339	107591340	94	20	2	1	1	1	NA	NA	NA	unphased	1.67084377610693	1.67084377610693	1
9	113148237	113148238	97	12	2	1	1	1	NA	NA	NA	unphased	1.04849279161206	1.04849279161206	1
9	113234498	113234499	287	51	2	1	1	1	NA	NA	NA	unphased	1.43702451394759	1.43702451394759	1
9	113562996	113562997	133	13	2	1	1	1	NA	NA	NA	unphased	0.848010437051533	0.848010437051533	1
9	116191476	116191477	338	50	2	1	1	1	NA	NA	NA	unphased	1.22729504172803	1.22729504172803	1
9	116299125	116299126	207	26	2	1	1	1	NA	NA	NA	unphased	1.06274269364398	1.06274269364398	1
9	116931015	116931016	353	31	2	1	1	1	NA	NA	NA	unphased	0.768849206349206	0.768849206349206	1
9	117138908	117138909	104	17	2	1	1	1	NA	NA	NA	unphased	1.33805588351043	1.33805588351043	1
9	119460462	119460463	160	23	2	1	1	1	NA	NA	NA	unphased	1.19698152485038	1.19698152485038	1
9	119770458	119770459	98	16	2	1	1	1	NA	NA	NA	unphased	1.33667502088555	1.33667502088555	1
9	120474736	120474737	63	9	2	1	1	1	NA	NA	NA	unphased	1.19047619047619	1.19047619047619	1
9	120476442	120476443	114	14	2	1	1	1	NA	NA	NA	unphased	1.04166666666667	1.04166666666667	1
9	123526796	123526797	144	13	2	1	1	1	NA	NA	NA	unphased	0.788595693054292	0.788595693054292	1
9	125273138	125273139	309	33	2	1	1	1	NA	NA	NA	unphased	0.918964076858814	0.918964076858814	1
9	125377563	125377564	180	22	2	1	1	1	NA	NA	NA	unphased	1.03724658180104	1.03724658180104	1
9	125617620	125617621	117	11	2	1	1	1	NA	NA	NA	unphased	0.818452380952381	0.818452380952381	1
9	126146037	126146038	183	25	2	1	1	1	NA	NA	NA	unphased	1.14468864468864	1.14468864468864	1
9	127660852	127660853	146	25	2	1	1	1	NA	NA	NA	unphased	1.39236981342244	1.39236981342244	1
9	128061358	128061359	117	13	2	1	1	1	NA	NA	NA	unphased	0.952380952380952	0.952380952380952	1
9	130478319	130478320	120	11	2	1	1	1	NA	NA	NA	unphased	0.799709196655762	0.799709196655762	1
9	130478321	130478322	125	13	2	1	1	1	NA	NA	NA	unphased	0.897170462387854	0.897170462387854	1
9	130648809	130648810	34	4	2	1	1	1	NA	NA	NA	unphased	1.00250626566416	1.00250626566416	1
9	130941552	130941553	227	24	2	1	1	1	NA	NA	NA	unphased	0.910643141718839	0.910643141718839	1
9	131744889	131744890	134	20	2	1	1	1	NA	NA	NA	unphased	1.23685837971552	1.23685837971552	1
9	132400146	132400147	131	15	2	1	1	1	NA	NA	NA	unphased	0.978473581213307	0.978473581213307	1
9	133342121	133342122	91	13	2	1	1	1	NA	NA	NA	unphased	1.19047619047619	1.19047619047619	1
9	133928035	133928036	73	10	2	1	1	1	NA	NA	NA	unphased	1.14744693057946	1.14744693057946	1
9	134353266	134353267	64	12	2	1	1	1	NA	NA	NA	unphased	1.50375939849624	1.50375939849624	1
9	134394318	134394319	143	11	2	1	1	1	NA	NA	NA	unphased	0.680272108843537	0.680272108843537	1
9	134889751	134889752	152	17	2	1	1	1	NA	NA	NA	unphased	0.958016342631727	0.958016342631727	1
9	135102293	135102294	78	6	2	1	1	1	NA	NA	NA	unphased	0.680272108843537	0.680272108843537	1
9	135763713	135763714	148	11	2	1	1	1	NA	NA	NA	unphased	0.658879904162923	0.658879904162923	1
9	136260789	136260790	103	17	2	1	1	1	NA	NA	NA	unphased	1.34920634920635	1.34920634920635	1
9	136501726	136501727	63	8	2	1	1	1	NA	NA	NA	unphased	1.07310529845741	1.07310529845741	1
9	136523587	136523588	57	6	2	1	1	1	NA	NA	NA	unphased	0.90702947845805	0.90702947845805	1
9	137619237	137619238	68	6	2	1	1	1	NA	NA	NA	unphased	0.772200772200772	0.772200772200772	1
9	137664634	137664635	185	36	2	1	1	1	NA	NA	NA	unphased	1.5513897866839	1.5513897866839	1
9	137708880	137708881	148	18	2	1	1	1	NA	NA	NA	unphased	1.03270223752151	1.03270223752151	1
9	137708881	137708882	149	18	2	1	1	1	NA	NA	NA	unphased	1.02651839178785	1.02651839178785	1
9	137801874	137801875	330	40	2	1	1	1	NA	NA	NA	unphased	1.02960102960103	1.02960102960103	1
9	137804875	137804876	40	5	2	1	1	1	NA	NA	NA	unphased	1.05820105820106	1.05820105820106	1
9	137809690	137809691	134	12	2	1	1	1	NA	NA	NA	unphased	0.782778864970646	0.782778864970646	1
9	137967558	137967559	42	5	2	1	1	1	NA	NA	NA	unphased	1.01317122593718	1.01317122593718	1
9	138439722	138439723	60	6	2	1	1	1	NA	NA	NA	unphased	0.865800865800866	0.865800865800866	1
9	138439793	138439794	95	10	2	1	1	1	NA	NA	NA	unphased	0.90702947845805	0.90702947845805	1
9	138669204	138669205	190	21	2	1	1	1	NA	NA	NA	unphased	0.947867298578199	0.947867298578199	1
9	139694872	139694873	40	5	2	1	1	1	NA	NA	NA	unphased	1.05820105820106	1.05820105820106	1
9	139873715	139873716	266	27	2	1	1	1	NA	NA	NA	unphased	0.877620672842516	0.877620672842516	1
9	139906937	139906938	113	11	2	1	1	1	NA	NA	NA	unphased	0.844854070660522	0.844854070660522	1
9	139908808	139908809	27	4	2	1	1	1	NA	NA	NA	unphased	1.22887864823349	1.22887864823349	1
9	140811692	140811693	106	13	2	1	1	1	NA	NA	NA	unphased	1.04041616646659	1.04041616646659	1
X	1471273	1471274	449	26	NA	NA	NA	NA	NA	NA	NA	unphased	NA	NA	1
X	2871198	2871199	83	12	NA	NA	NA	NA	NA	NA	NA	unphased	NA	NA	1
X	3228222	3228223	100	12	NA	NA	NA	NA	NA	NA	NA	unphased	NA	NA	1
X	3238800	3238801	150	21	NA	NA	NA	NA	NA	NA	NA	unphased	NA	NA	1
X	6995375	6995376	24	3	NA	NA	NA	NA	NA	NA	NA	unphased	NA	NA	1
X	12939283	12939284	157	13	NA	NA	NA	NA	NA	NA	NA	unphased	NA	NA	1
X	13785313	13785314	146	23	NA	NA	NA	NA	NA	NA	NA	unphased	NA	NA	1
X	15376213	15376214	203	72	NA	NA	NA	NA	NA	NA	NA	unphased	NA	NA	1
X	17744754	17744755	123	52	NA	NA	NA	NA	NA	NA	NA	unphased	NA	NA	1
X	17745106	17745107	147	19	NA	NA	NA	NA	NA	NA	NA	unphased	NA	NA	1
X	19389160	19389161	25	12	NA	NA	NA	NA	NA	NA	NA	unphased	NA	NA	1
X	20062498	20062499	97	61	NA	NA	NA	NA	NA	NA	NA	unphased	NA	NA	1
X	22237201	22237202	72	25	NA	NA	NA	NA	NA	NA	NA	unphased	NA	NA	1
X	26213126	26213127	111	68	NA	NA	NA	NA	NA	NA	NA	unphased	NA	NA	1
X	32398632	32398633	114	29	NA	NA	NA	NA	NA	NA	NA	unphased	NA	NA	1
X	36122804	36122805	28	14	NA	NA	NA	NA	NA	NA	NA	unphased	NA	NA	1
X	37027143	37027144	89	35	NA	NA	NA	NA	NA	NA	NA	unphased	NA	NA	1
X	37028189	37028190	125	27	NA	NA	NA	NA	NA	NA	NA	unphased	NA	NA	1
X	41586497	41586498	75	14	NA	NA	NA	NA	NA	NA	NA	unphased	NA	NA	1
X	44703496	44703497	71	53	NA	NA	NA	NA	NA	NA	NA	unphased	NA	NA	1
X	45013395	45013396	38	17	NA	NA	NA	NA	NA	NA	NA	unphased	NA	NA	1
X	45013396	45013397	38	17	NA	NA	NA	NA	NA	NA	NA	unphased	NA	NA	1
X	45051244	45051245	17	10	NA	NA	NA	NA	NA	NA	NA	unphased	NA	NA	1
X	47103905	47103906	54	10	NA	NA	NA	NA	NA	NA	NA	unphased	NA	NA	1
X	48046183	48046184	22	9	NA	NA	NA	NA	NA	NA	NA	unphased	NA	NA	1
X	53111966	53111967	14	5	NA	NA	NA	NA	NA	NA	NA	unphased	NA	NA	1
X	53574723	53574724	9	6	NA	NA	NA	NA	NA	NA	NA	unphased	NA	NA	1
X	53644082	53644083	23	10	NA	NA	NA	NA	NA	NA	NA	unphased	NA	NA	1
X	55479418	55479419	51	19	NA	NA	NA	NA	NA	NA	NA	unphased	NA	NA	1
X	63445160	63445161	31	15	NA	NA	NA	NA	NA	NA	NA	unphased	NA	NA	1
X	71359878	71359879	19	5	NA	NA	NA	NA	NA	NA	NA	unphased	NA	NA	1
X	73066045	73066046	90	27	NA	NA	NA	NA	NA	NA	NA	unphased	NA	NA	1
X	79286473	79286474	58	23	NA	NA	NA	NA	NA	NA	NA	unphased	NA	NA	1
X	79698552	79698553	56	26	NA	NA	NA	NA	NA	NA	NA	unphased	NA	NA	1
X	84526808	84526809	52	7	NA	NA	NA	NA	NA	NA	NA	unphased	NA	NA	1
X	91134267	91134268	104	33	NA	NA	NA	NA	NA	NA	NA	unphased	NA	NA	1
X	92927734	92927735	92	45	NA	NA	NA	NA	NA	NA	NA	unphased	NA	NA	1
X	99921830	99921831	60	25	NA	NA	NA	NA	NA	NA	NA	unphased	NA	NA	1
X	100417902	100417903	95	18	NA	NA	NA	NA	NA	NA	NA	unphased	NA	NA	1
X	100503542	100503543	329	92	NA	NA	NA	NA	NA	NA	NA	unphased	NA	NA	1
X	100515650	100515651	116	34	NA	NA	NA	NA	NA	NA	NA	unphased	NA	NA	1
X	100515651	100515652	112	33	NA	NA	NA	NA	NA	NA	NA	unphased	NA	NA	1
X	100613309	100613310	175	24	NA	NA	NA	NA	NA	NA	NA	unphased	NA	NA	1
X	103267881	103267882	45	4	NA	NA	NA	NA	NA	NA	NA	unphased	NA	NA	1
X	107977663	107977664	220	44	NA	NA	NA	NA	NA	NA	NA	unphased	NA	NA	1
X	109507779	109507780	119	15	NA	NA	NA	NA	NA	NA	NA	unphased	NA	NA	1
X	118151595	118151596	83	18	NA	NA	NA	NA	NA	NA	NA	unphased	NA	NA	1
X	124028143	124028144	53	5	NA	NA	NA	NA	NA	NA	NA	unphased	NA	NA	1
X	125685885	125685886	77	16	NA	NA	NA	NA	NA	NA	NA	unphased	NA	NA	1
X	127185555	127185556	189	40	NA	NA	NA	NA	NA	NA	NA	unphased	NA	NA	1
X	130218248	130218249	32	20	NA	NA	NA	NA	NA	NA	NA	unphased	NA	NA	1
X	134703356	134703357	43	204	NA	NA	NA	NA	NA	NA	NA	unphased	NA	NA	1
X	135112294	135112295	59	111	NA	NA	NA	NA	NA	NA	NA	unphased	NA	NA	1
X	135112300	135112301	160	10	NA	NA	NA	NA	NA	NA	NA	unphased	NA	NA	1
X	135427822	135427823	166	25	NA	NA	NA	NA	NA	NA	NA	unphased	NA	NA	1
X	135455193	135455194	384	256	NA	NA	NA	NA	NA	NA	NA	unphased	NA	NA	1
X	137715147	137715148	52	27	NA	NA	NA	NA	NA	NA	NA	unphased	NA	NA	1
X	140995492	140995493	320	43	NA	NA	NA	NA	NA	NA	NA	unphased	NA	NA	1
X	142717695	142717696	127	30	NA	NA	NA	NA	NA	NA	NA	unphased	NA	NA	1
X	142718101	142718102	78	21	NA	NA	NA	NA	NA	NA	NA	unphased	NA	NA	1
X	144904793	144904794	176	12	NA	NA	NA	NA	NA	NA	NA	unphased	NA	NA	1
X	148627287	148627288	85	8	NA	NA	NA	NA	NA	NA	NA	unphased	NA	NA	1
X	152083040	152083041	8	4	NA	NA	NA	NA	NA	NA	NA	unphased	NA	NA	1
X	153062963	153062964	101	11	NA	NA	NA	NA	NA	NA	NA	unphased	NA	NA	1
X	153130871	153130872	244	46	NA	NA	NA	NA	NA	NA	NA	unphased	NA	NA	1
X	153297885	153297886	264	28	NA	NA	NA	NA	NA	NA	NA	unphased	NA	NA	1
X	153880721	153880722	188	42	NA	NA	NA	NA	NA	NA	NA	unphased	NA	NA	1
X	155004395	155004396	190	17	NA	NA	NA	NA	NA	NA	NA	unphased	NA	NA	1
X	155231118	155231119	692	61	NA	NA	NA	NA	NA	NA	NA	unphased	NA	NA	1
