chr	start	end	WT.count	mut.count	subclonal.CN	nMaj1	nMin1	frac1	nMaj2	nMin2	frac2	phase	mutation.copy.number	subclonal.fraction	no.chrs.bearing.mut
1	897095	897096	20	5	NA	NA	NA	NA	NA	NA	NA	unphased	NA	NA	1
1	1961079	1961080	45	6	NA	NA	NA	NA	NA	NA	NA	unphased	NA	NA	1
1	2529709	2529710	71	7	NA	NA	NA	NA	NA	NA	NA	unphased	NA	NA	1
1	2938633	2938634	36	22	NA	NA	NA	NA	NA	NA	NA	unphased	NA	NA	1
1	6170000	6170001	29	5	3.71	3	2	0.57	1	1	0.43	unphased	0.877252816020025	0.877252816020025	1
1	10328301	10328302	11	14	5	5	0	1	NA	NA	NA	unphased	4.06297872340426	1.01574468085106	4
1	12567002	12567003	83	14	5	5	0	1	NA	NA	NA	unphased	1.04715946479491	1.04715946479491	1
1	12979851	12979852	69	24	5	5	0	1	NA	NA	NA	unphased	1.87234042553191	0.936170212765957	2
1	13001085	13001086	251	10	5	5	0	1	NA	NA	NA	unphased	0.277981576587593	0.277981576587593	1
1	16727235	16727236	65	86	4	4	0	1	NA	NA	NA	unphased	3.56263209806961	0.890658024517402	4
1	17552640	17552641	36	17	4	4	0	1	NA	NA	NA	unphased	2.00642312324368	1.00321156162184	2
1	17555288	17555289	34	55	4	4	0	1	NA	NA	NA	unphased	3.86564666507291	0.966411666268228	4
1	17690304	17690305	12	3	4	4	0	1	NA	NA	NA	unphased	1.25106382978723	1.25106382978723	1
1	24078940	24078941	8	13	4	4	0	1	NA	NA	NA	unphased	3.87234042553192	0.968085106382979	4
1	24706236	24706237	42	35	4	4	0	1	NA	NA	NA	unphased	2.84332688588008	0.947775628626693	3
1	28477000	28477001	27	11	4	4	0	1	NA	NA	NA	unphased	1.81075027995521	0.905375139977604	2
1	29070236	29070237	45	23	4	4	0	1	NA	NA	NA	unphased	2.11576971214018	1.05788485607009	2
1	33820148	33820149	16	3	4	4	0	1	NA	NA	NA	unphased	0.987681970884658	0.987681970884658	1
1	34102087	34102088	9	15	4	4	0	1	NA	NA	NA	unphased	3.90957446808511	0.977393617021277	4
1	34191096	34191097	36	21	4	4	0	1	NA	NA	NA	unphased	2.30459126539754	1.15229563269877	2
1	35365737	35365738	55	11	4	4	0	1	NA	NA	NA	unphased	1.04255319148936	1.04255319148936	1
1	35921738	35921739	46	70	4	4	0	1	NA	NA	NA	unphased	3.77476155539252	0.943690388848129	4
1	37325586	37325587	38	39	4	4	0	1	NA	NA	NA	unphased	3.16827852998066	1.05609284332689	3
1	38397442	38397443	6	12	4	4	0	1	NA	NA	NA	unphased	4.17021276595745	1.04255319148936	4
1	39715745	39715746	45	79	4	4	0	1	NA	NA	NA	unphased	3.98524365133837	0.996310912834592	4
1	39876939	39876940	56	11	4	4	0	1	NA	NA	NA	unphased	1.026992696094	1.026992696094	1
1	39945558	39945559	42	11	4	4	0	1	NA	NA	NA	unphased	1.29827378562826	1.29827378562826	1
1	41474385	41474386	42	27	4	4	0	1	NA	NA	NA	unphased	2.4477335800185	0.815911193339501	3
1	43204185	43204186	29	4	4	4	0	1	NA	NA	NA	unphased	0.758220502901354	0.758220502901354	1
1	43777782	43777783	9	19	4	4	0	1	NA	NA	NA	unphased	4.24468085106383	1.06117021276596	4
1	45223801	45223802	65	20	4	4	0	1	NA	NA	NA	unphased	1.47183979974969	0.735919899874844	2
1	45469373	45469374	20	21	4	4	0	1	NA	NA	NA	unphased	3.20394395433316	1.06798131811105	3
1	47283848	47283849	32	46	4	4	0	1	NA	NA	NA	unphased	3.68903436988543	0.922258592471359	4
1	50642798	50642799	51	11	4	4	0	1	NA	NA	NA	unphased	1.10981468771448	1.10981468771448	1
1	57216841	57216842	33	6	4	4	0	1	NA	NA	NA	unphased	0.962356792144026	0.962356792144026	1
1	64034181	64034182	17	10	4	4	0	1	NA	NA	NA	unphased	2.31678486997636	1.15839243498818	2
1	67205145	67205146	38	25	3.43	4	0	0.81	1	0	0.19	unphased	2.25607902735562	0.86109886540291	2.62
1	67390476	67390477	54	43	3.43	4	0	0.81	1	0	0.19	unphased	2.52029611756964	0.961945083041848	2.62
1	70477574	70477575	16	18	3.43	4	0	0.81	1	0	0.19	unphased	3.00987484355444	1.07112983756386	2.81
1	72241933	72241934	20	18	3.43	4	0	0.81	1	0	0.19	unphased	2.69304591265398	1.02788011933358	2.62
1	74507258	74507259	87	19	3.43	4	0	0.81	1	0	0.19	unphased	1.01906663990365	1.01906663990365	1
1	74671167	74671168	48	4	3.43	4	0	0.81	1	0	0.19	unphased	0.437332242225859	0.539916348426987	0.81
1	85486930	85486931	47	33	3.43	4	0	0.81	1	0	0.19	unphased	2.34519414893617	0.895112270586324	2.62
1	86590592	86590593	19	23	3.43	4	0	0.81	1	0	0.19	unphased	3.11338905775076	0.907693602842787	3.43
1	89654376	89654377	202	95	4.12	5	2	0.52	1	0	0.48	unphased	2.03924349881797	0.999629166087239	2.04
1	94502703	94502704	90	74	4.12	5	2	0.52	1	0	0.48	unphased	2.8766683964712	0.94627249883921	3.04
1	99771401	99771402	108	8	4.12	5	2	0.52	1	0	0.48	unphased	0.439677182685253	0.845533043625487	0.52
1	102270176	102270177	30	27	5	3	2	1	NA	NA	NA	unphased	3.43673012318029	1.14557670772676	3
1	103352542	103352543	88	15	5	3	2	1	NA	NA	NA	unphased	1.05659987605867	1.05659987605867	1
1	103428219	103428220	31	8	5	3	2	1	NA	NA	NA	unphased	1.48827059465357	1.48827059465357	1
1	103453220	103453221	53	14	5	3	2	1	NA	NA	NA	unphased	1.51603683709114	1.51603683709114	1
1	109637159	109637160	32	15	4	2	2	1	NA	NA	NA	unphased	1.99637845178814	0.99818922589407	2
1	109803811	109803812	56	14	4	2	2	1	NA	NA	NA	unphased	1.25106382978723	1.25106382978723	1
1	110293278	110293279	33	15	4	2	2	1	NA	NA	NA	unphased	1.95478723404255	0.977393617021277	2
1	111216167	111216168	43	24	4	2	2	1	NA	NA	NA	unphased	2.24071133693236	1.12035566846618	2
1	114308796	114308797	60	25	4	2	2	1	NA	NA	NA	unphased	1.83979974968711	0.919899874843554	2
1	114310947	114310948	81	13	4	2	2	1	NA	NA	NA	unphased	0.865097329108194	0.865097329108194	1
1	114970444	114970445	26	20	4	2	2	1	NA	NA	NA	unphased	2.71970397779833	1.35985198889917	2
1	120509090	120509091	65	29	4	2	2	1	NA	NA	NA	unphased	1.9298325033952	0.964916251697601	2
1	144892438	144892439	57	7	4	2	2	1	NA	NA	NA	unphased	0.684175531914894	0.684175531914894	1
1	145302743	145302744	50	37	4	2	2	1	NA	NA	NA	unphased	2.66030814380044	1.33015407190022	2
1	145415319	145415320	76	7	4	2	2	1	NA	NA	NA	unphased	0.527557036657267	0.527557036657267	1
1	145581400	145581401	37	19	4	2	2	1	NA	NA	NA	unphased	2.12234042553192	1.06117021276596	2
1	146398507	146398508	109	12	4	2	2	1	NA	NA	NA	unphased	0.620362229646562	0.620362229646562	1
1	147084986	147084987	37	11	4	2	2	1	NA	NA	NA	unphased	1.43351063829787	1.43351063829787	1
1	150325482	150325483	81	11	4	2	2	1	NA	NA	NA	unphased	0.747918593894542	0.747918593894542	1
1	152058372	152058373	81	31	4	2	2	1	NA	NA	NA	unphased	1.7313829787234	0.865691489361702	2
1	152129160	152129161	182	71	4	2	2	1	NA	NA	NA	unphased	1.75544529476074	0.877722647380372	2
1	152659715	152659716	16	7	4	2	2	1	NA	NA	NA	unphased	1.90379278445883	1.90379278445883	1
1	154515263	154515264	50	14	4	2	2	1	NA	NA	NA	unphased	1.36835106382979	1.36835106382979	1
1	155838212	155838213	80	14	4	2	2	1	NA	NA	NA	unphased	0.931643277501132	0.931643277501132	1
1	157665334	157665335	52	19	4	2	2	1	NA	NA	NA	unphased	1.67395864548996	0.83697932274498	2
1	157801671	157801672	17	6	4	2	2	1	NA	NA	NA	unphased	1.631822386679	1.631822386679	1
1	158576521	158576522	91	30	4	2	2	1	NA	NA	NA	unphased	1.55090557411641	0.775452787058203	2
1	158576522	158576523	89	30	4	2	2	1	NA	NA	NA	unphased	1.57697121401752	0.788485607008761	2
1	158592825	158592826	163	43	4	2	2	1	NA	NA	NA	unphased	1.30572195827308	1.30572195827308	1
1	158615328	158615329	122	17	4	2	2	1	NA	NA	NA	unphased	0.765039032603704	0.765039032603704	1
1	158624459	158624460	31	10	4	2	2	1	NA	NA	NA	unphased	1.5256875973015	1.5256875973015	1
1	158648258	158648259	52	28	4	2	2	1	NA	NA	NA	unphased	2.18936170212766	1.09468085106383	2
1	158747069	158747070	87	17	4	2	2	1	NA	NA	NA	unphased	1.02250409165303	1.02250409165303	1
1	160580486	160580487	30	9	4	2	2	1	NA	NA	NA	unphased	1.44353518821604	1.44353518821604	1
1	160920952	160920953	53	36	4	2	2	1	NA	NA	NA	unphased	2.53024145350227	1.26512072675114	2
1	161967802	161967803	40	17	4	2	2	1	NA	NA	NA	unphased	1.86562150055991	0.932810750279955	2
1	164776877	164776878	158	25	4	2	2	1	NA	NA	NA	unphased	0.854551796302756	0.854551796302756	1
1	166891993	166891994	108	36	4	2	2	1	NA	NA	NA	unphased	1.56382978723404	0.781914893617021	2
1	172520689	172520690	31	11	4	2	2	1	NA	NA	NA	unphased	1.63829787234043	1.63829787234043	1
1	173503743	173503744	11	6	4	2	2	1	NA	NA	NA	unphased	2.20775969962453	1.10387984981227	2
1	173881101	173881102	58	27	4	2	2	1	NA	NA	NA	unphased	1.98698372966208	0.993491864831039	2
1	175053045	175053046	35	6	4	2	2	1	NA	NA	NA	unphased	0.915412558380903	0.915412558380903	1
1	175372674	175372675	98	15	4	2	2	1	NA	NA	NA	unphased	0.830352099416306	0.830352099416306	1
1	175375661	175375662	79	17	4	2	2	1	NA	NA	NA	unphased	1.10771276595745	1.10771276595745	1
1	176760589	176760590	55	20	4	2	2	1	NA	NA	NA	unphased	1.66808510638298	0.834042553191489	2
1	180062649	180062650	25	9	4	2	2	1	NA	NA	NA	unphased	1.6558197747184	1.6558197747184	1
1	180163489	180163490	23	10	4	2	2	1	NA	NA	NA	unphased	1.89555125725339	0.947775628626693	2
1	181549845	181549846	64	13	4	2	2	1	NA	NA	NA	unphased	1.05609284332689	1.05609284332689	1
1	183907945	183907946	46	20	4	2	2	1	NA	NA	NA	unphased	1.89555125725339	0.947775628626693	2
1	184764779	184764780	40	10	4	2	2	1	NA	NA	NA	unphased	1.25106382978723	1.25106382978723	1
1	186010269	186010270	61	12	4	2	2	1	NA	NA	NA	unphased	1.02827164092101	1.02827164092101	1
1	186099656	186099657	59	28	4	2	2	1	NA	NA	NA	unphased	2.01320616287601	1.006603081438	2
1	186326587	186326588	30	14	4	2	2	1	NA	NA	NA	unphased	1.99032882011605	0.995164410058027	2
1	193038213	193038214	34	8	3	3	0	1	NA	NA	NA	unphased	1.00101317122594	1.00101317122594	1
1	197112697	197112698	56	20	4	2	2	1	NA	NA	NA	unphased	1.6461366181411	0.823068309070549	2
1	203798580	203798581	64	13	4	2	2	1	NA	NA	NA	unphased	1.05609284332689	1.05609284332689	1
1	204380248	204380249	73	33	4	2	2	1	NA	NA	NA	unphased	1.94741067844239	0.973705339221196	2
1	211952258	211952259	84	11	4	2	2	1	NA	NA	NA	unphased	0.724300111982083	0.724300111982083	1
1	214706295	214706296	19	7	4	2	2	1	NA	NA	NA	unphased	1.68412438625205	1.68412438625205	1
1	214805945	214805946	20	9	4	2	2	1	NA	NA	NA	unphased	1.94130594277329	0.970652971386647	2
1	214816280	214816281	54	8	4	2	2	1	NA	NA	NA	unphased	0.807137954701441	0.807137954701441	1
1	215823955	215823956	85	9	4	2	2	1	NA	NA	NA	unphased	0.598913535536442	0.598913535536442	1
1	215901538	215901539	38	18	4	2	2	1	NA	NA	NA	unphased	2.01063829787234	1.00531914893617	2
1	215990447	215990448	44	26	4	2	2	1	NA	NA	NA	unphased	2.32340425531915	1.16170212765957	2
1	216052199	216052200	72	28	4	2	2	1	NA	NA	NA	unphased	1.75148936170213	0.875744680851064	2
1	216052282	216052283	129	25	4	2	2	1	NA	NA	NA	unphased	1.01547388781431	1.01547388781431	1
1	216363667	216363668	46	14	4	2	2	1	NA	NA	NA	unphased	1.45957446808511	1.45957446808511	1
1	216595350	216595351	41	10	4	2	2	1	NA	NA	NA	unphased	1.22653316645807	1.22653316645807	1
1	218458683	218458684	28	4	4	2	2	1	NA	NA	NA	unphased	0.781914893617021	0.781914893617021	1
1	220152880	220152881	67	11	4	2	2	1	NA	NA	NA	unphased	0.882160392798691	0.882160392798691	1
1	221912898	221912899	60	9	4	2	2	1	NA	NA	NA	unphased	0.815911193339501	0.815911193339501	1
1	221912899	221912900	59	10	4	2	2	1	NA	NA	NA	unphased	0.906567992599445	0.906567992599445	1
1	229568799	229568800	37	6	4	2	2	1	NA	NA	NA	unphased	0.872835230084117	0.872835230084117	1
1	231885717	231885718	60	33	4	2	2	1	NA	NA	NA	unphased	2.21962937542896	1.10981468771448	2
1	234041324	234041325	31	23	4	2	2	1	NA	NA	NA	unphased	2.66430260047281	1.33215130023641	2
1	234565934	234565935	102	22	4	2	2	1	NA	NA	NA	unphased	1.10981468771448	1.10981468771448	1
1	235715325	235715326	128	20	4	2	2	1	NA	NA	NA	unphased	0.845313398504888	0.845313398504888	1
1	236702236	236702237	36	14	4	2	2	1	NA	NA	NA	unphased	1.75148936170213	0.875744680851064	2
1	236711371	236711372	53	24	4	2	2	1	NA	NA	NA	unphased	1.94970986460348	0.974854932301741	2
1	236751299	236751300	42	8	4	2	2	1	NA	NA	NA	unphased	1.00085106382979	1.00085106382979	1
1	236751300	236751301	43	9	4	2	2	1	NA	NA	NA	unphased	1.08265139116203	1.08265139116203	1
1	236911048	236911049	35	14	6.36	7	2	0.67	1	0	0.33	unphased	2.46151975683891	1.05193152001663	2.34
1	237617763	237617764	142	11	6.36	7	2	0.67	1	0	0.33	unphased	0.619402030315672	0.619402030315672	1
1	237619940	237619941	119	67	6.36	7	2	0.67	1	0	0.33	unphased	3.10336765042324	1.03101915296453	3.01
1	237632436	237632437	82	11	6.36	7	2	0.67	1	0	0.33	unphased	1.01901624342256	1.01901624342256	1
1	237730075	237730076	202	53	6.36	7	2	0.67	1	0	0.33	unphased	1.79063496036713	1.07223650321385	1.67
1	237778137	237778138	47	10	6.36	7	2	0.67	1	0	0.33	unphased	1.51145949981336	1.51145949981336	1
1	237947620	237947621	147	11	6.36	7	2	0.67	1	0	0.33	unphased	0.599800700242392	0.895224925734913	0.67
1	237948231	237948232	36	7	6.36	7	2	0.67	1	0	0.33	unphased	1.4024938149431	1.4024938149431	1
1	237982460	237982461	150	29	6.36	7	2	0.67	1	0	0.33	unphased	1.39577796267681	0.835795187231623	1.67
1	238050773	238050774	160	40	6.36	7	2	0.67	1	0	0.33	unphased	1.72306382978723	1.03177474837559	1.67
1	238090519	238090520	47	65	6.36	7	2	0.67	1	0	0.33	unphased	4.99996200607903	0.997996408399007	5.01
1	243349565	243349566	188	32	6.36	7	2	0.67	1	0	0.33	unphased	1.25313733075435	1.25313733075435	1
1	243480190	243480191	35	37	6.36	7	2	0.67	1	0	0.33	unphased	4.42731678486998	1.01777397353333	4.35
1	247582272	247582273	35	12	6.36	7	2	0.67	1	0	0.33	unphased	2.19965595291987	0.940023911504219	2.34
1	247588943	247588944	24	6	6.36	7	2	0.67	1	0	0.33	unphased	1.72306382978723	1.72306382978723	1
1	247875360	247875361	135	33	NA	NA	NA	NA	NA	NA	NA	unphased	NA	NA	1
1	247920864	247920865	126	25	NA	NA	NA	NA	NA	NA	NA	unphased	NA	NA	1
1	248263519	248263520	86	15	NA	NA	NA	NA	NA	NA	NA	unphased	NA	NA	1
1	248525734	248525735	87	115	NA	NA	NA	NA	NA	NA	NA	unphased	NA	NA	1
1	248616134	248616135	149	14	NA	NA	NA	NA	NA	NA	NA	unphased	NA	NA	1
1	248637585	248637586	330	38	NA	NA	NA	NA	NA	NA	NA	unphased	NA	NA	1
1	248685105	248685106	76	7	NA	NA	NA	NA	NA	NA	NA	unphased	NA	NA	1
1	248685109	248685110	38	44	NA	NA	NA	NA	NA	NA	NA	unphased	NA	NA	1
1	248756221	248756222	46	7	NA	NA	NA	NA	NA	NA	NA	unphased	NA	NA	1
1	248756588	248756589	156	14	NA	NA	NA	NA	NA	NA	NA	unphased	NA	NA	1
1	248790287	248790288	90	19	NA	NA	NA	NA	NA	NA	NA	unphased	NA	NA	1
10	16981038	16981039	26	12	2	2	0	1	NA	NA	NA	unphased	1.3437849944009	1.3437849944009	1
10	17373463	17373464	24	16	2	2	0	1	NA	NA	NA	unphased	1.70212765957447	0.851063829787234	2
10	18242258	18242259	47	28	2	2	0	1	NA	NA	NA	unphased	1.5886524822695	0.794326241134752	2
10	23003204	23003205	15	8	2	2	0	1	NA	NA	NA	unphased	1.48011100832562	1.48011100832562	1
10	24874830	24874831	47	28	2	2	0	1	NA	NA	NA	unphased	1.5886524822695	0.794326241134752	2
10	25888313	25888314	7	4	2	2	0	1	NA	NA	NA	unphased	1.54738878143133	1.54738878143133	1
10	34573172	34573173	79	10	2.88	2	2	0.44	1	1	0.56	unphased	0.577002151565862	1.31136852628605	0.44
10	35467821	35467822	22	6	2.88	2	2	0.44	1	1	0.56	unphased	1.10042553191489	1.10042553191489	1
10	38246037	38246038	39	6	2.88	2	2	0.44	1	1	0.56	unphased	0.684709219858156	0.684709219858156	1
10	38343516	38343517	59	14	2.88	2	2	0.44	1	1	0.56	unphased	0.984855727193238	0.984855727193238	1
10	43088980	43088981	40	16	3	2	1	1	NA	NA	NA	unphased	1.50151975683891	0.750759878419453	2
10	45486417	45486418	68	10	4	2	2	1	NA	NA	NA	unphased	0.801963993453355	0.801963993453355	1
10	45799209	45799210	60	8	4	2	2	1	NA	NA	NA	unphased	0.735919899874844	0.735919899874844	1
10	48389446	48389447	10	4	4	2	2	1	NA	NA	NA	unphased	1.78723404255319	1.78723404255319	1
10	48389620	48389621	30	4	4	2	2	1	NA	NA	NA	unphased	0.735919899874844	0.735919899874844	1
10	50531520	50531521	54	8	4	2	2	1	NA	NA	NA	unphased	0.807137954701441	0.807137954701441	1
10	50574365	50574366	24	13	4	2	2	1	NA	NA	NA	unphased	2.19781483611271	1.09890741805635	2
10	50916765	50916766	8	7	4	2	2	1	NA	NA	NA	unphased	2.91914893617021	1.45957446808511	2
10	52566513	52566514	41	10	4	2	2	1	NA	NA	NA	unphased	1.22653316645807	1.22653316645807	1
10	55839173	55839174	123	26	4	2	2	1	NA	NA	NA	unphased	1.09153220048551	1.09153220048551	1
10	55973757	55973758	74	22	6	4	2	1	NA	NA	NA	unphased	1.89184397163121	0.945921985815603	2
10	56106232	56106233	102	34	6	4	2	1	NA	NA	NA	unphased	2.06382978723404	1.03191489361702	2
10	60146076	60146077	69	13	6	4	2	1	NA	NA	NA	unphased	1.30877010897769	1.30877010897769	1
10	64943276	64943277	74	28	6	4	2	1	NA	NA	NA	unphased	2.26616604088444	1.13308302044222	2
10	69961672	69961673	131	14	6	4	2	1	NA	NA	NA	unphased	0.797065297138665	0.797065297138665	1
10	70719869	70719870	57	16	6	4	2	1	NA	NA	NA	unphased	1.80938501894491	0.904692509472457	2
10	70863694	70863695	55	8	6	4	2	1	NA	NA	NA	unphased	1.04829449510301	1.04829449510301	1
10	71899757	71899758	67	11	6	4	2	1	NA	NA	NA	unphased	1.16421167484997	1.16421167484997	1
10	71917542	71917543	52	31	6	4	2	1	NA	NA	NA	unphased	3.08331197128941	1.02777065709647	3
10	72503415	72503416	18	10	6	4	2	1	NA	NA	NA	unphased	2.9483282674772	0.982776089159068	3
10	72531031	72531032	44	6	6	4	2	1	NA	NA	NA	unphased	0.99063829787234	0.99063829787234	1
10	73046576	73046577	168	50	6	4	2	1	NA	NA	NA	unphased	1.8934218231505	0.946710911575249	2
10	73501523	73501524	27	14	6.14	4	4	0.69	1	1	0.31	unphased	2.86669434353918	1.06568562956847	2.69
10	75550014	75550015	196	10	6.14	4	4	0.69	1	1	0.31	unphased	0.407539764511465	0.590637339871688	0.69
10	79777380	79777381	115	14	8	4	4	1	NA	NA	NA	unphased	1.11298037275276	1.11298037275276	1
10	81373496	81373497	205	72	8	4	4	1	NA	NA	NA	unphased	2.66564252246716	0.888547507489055	3
10	85968558	85968559	30	7	5	5	0	1	NA	NA	NA	unphased	1.37262794709603	1.37262794709603	1
10	95347065	95347066	35	25	2	2	0	1	NA	NA	NA	unphased	1.77304964539007	0.886524822695036	2
10	99003888	99003889	38	12	2	2	0	1	NA	NA	NA	unphased	1.02127659574468	1.02127659574468	1
10	101656025	101656026	9	10	2	2	0	1	NA	NA	NA	unphased	2.23964165733483	1.11982082866741	2
10	108336979	108336980	40	8	2	2	0	1	NA	NA	NA	unphased	0.709219858156028	0.709219858156028	1
10	115986957	115986958	35	15	2	2	0	1	NA	NA	NA	unphased	1.27659574468085	1.27659574468085	1
10	116919864	116919865	60	21	2	2	0	1	NA	NA	NA	unphased	1.10323089046493	1.10323089046493	1
10	118101702	118101703	32	6	NA	NA	NA	NA	NA	NA	NA	unphased	NA	NA	1
10	118220750	118220751	14	31	3	3	0	1	NA	NA	NA	unphased	3.62033096926714	1.20677698975571	3
10	122273499	122273500	49	31	3	3	0	1	NA	NA	NA	unphased	2.03643617021277	1.01821808510638	2
10	123846007	123846008	32	6	3	3	0	1	NA	NA	NA	unphased	0.829787234042553	0.829787234042553	1
10	125447670	125447671	9	14	3	3	0	1	NA	NA	NA	unphased	3.19888991674376	1.06629663891459	3
10	129201357	129201358	15	5	3	3	0	1	NA	NA	NA	unphased	1.31382978723404	1.31382978723404	1
11	1261424	1261425	14	12	2	2	0	1	NA	NA	NA	unphased	1.96399345335516	0.981996726677578	2
11	2604669	2604670	30	6	2	2	0	1	NA	NA	NA	unphased	0.709219858156028	0.709219858156028	1
11	4608327	4608328	142	24	2	2	0	1	NA	NA	NA	unphased	0.615226864906434	0.615226864906434	1
11	4869825	4869826	40	18	2	2	0	1	NA	NA	NA	unphased	1.32061628760088	1.32061628760088	1
11	4869962	4869963	55	8	2	2	0	1	NA	NA	NA	unphased	0.540357987166498	0.540357987166498	1
11	5153426	5153427	38	10	2	2	0	1	NA	NA	NA	unphased	0.886524822695036	0.886524822695036	1
11	6261501	6261502	68	17	2	2	0	1	NA	NA	NA	unphased	0.851063829787234	0.851063829787234	1
11	6942861	6942862	15	11	2	2	0	1	NA	NA	NA	unphased	1.80032733224223	0.900163666121113	2
11	6977731	6977732	29	13	2	2	0	1	NA	NA	NA	unphased	1.31712259371834	1.31712259371834	1
11	6977738	6977739	25	15	2	2	0	1	NA	NA	NA	unphased	1.59574468085106	0.797872340425532	2
11	7059930	7059931	47	12	2	2	0	1	NA	NA	NA	unphased	0.865488640461594	0.865488640461594	1
11	7059931	7059932	48	12	2	2	0	1	NA	NA	NA	unphased	0.851063829787234	0.851063829787234	1
11	7817697	7817698	56	10	2	2	0	1	NA	NA	NA	unphased	0.64474532559639	0.64474532559639	1
11	8737281	8737282	36	8	2	2	0	1	NA	NA	NA	unphased	0.773694390715667	0.773694390715667	1
11	9861113	9861114	68	27	2	2	0	1	NA	NA	NA	unphased	1.20940649496081	1.20940649496081	1
11	18158751	18158752	67	46	2	2	0	1	NA	NA	NA	unphased	1.73225381284127	0.866126906420636	2
11	27371727	27371728	13	6	4	2	2	1	NA	NA	NA	unphased	1.97536394176932	1.97536394176932	1
11	27680063	27680064	93	32	4	2	2	1	NA	NA	NA	unphased	1.60136170212766	0.80068085106383	2
11	30032316	30032317	48	20	4	2	2	1	NA	NA	NA	unphased	1.83979974968711	0.919899874843554	2
11	31113053	31113054	11	9	4	2	2	1	NA	NA	NA	unphased	2.81489361702128	1.40744680851064	2
11	31327850	31327851	43	12	4	2	2	1	NA	NA	NA	unphased	1.36479690522244	1.36479690522244	1
11	31815648	31815649	117	16	4	2	2	1	NA	NA	NA	unphased	0.752519596864502	0.752519596864502	1
11	32417923	32417924	30	15	4	2	2	1	NA	NA	NA	unphased	2.08510638297872	1.04255319148936	2
11	32450096	32450097	21	8	4	2	2	1	NA	NA	NA	unphased	1.72560528246515	1.72560528246515	1
11	32635971	32635972	19	9	4	2	2	1	NA	NA	NA	unphased	2.01063829787234	1.00531914893617	2
11	32956357	32956358	72	13	4	2	2	1	NA	NA	NA	unphased	0.956695869837297	0.956695869837297	1
11	33572686	33572687	95	61	4	2	2	1	NA	NA	NA	unphased	2.44599018003273	1.22299509001637	2
11	36511714	36511715	28	12	4	2	2	1	NA	NA	NA	unphased	1.87659574468085	0.938297872340426	2
11	36595603	36595604	54	9	4	2	2	1	NA	NA	NA	unphased	0.893617021276596	0.893617021276596	1
11	40137548	40137549	42	6	4	2	2	1	NA	NA	NA	unphased	0.781914893617021	0.781914893617021	1
11	47238435	47238436	14	6	4	2	2	1	NA	NA	NA	unphased	1.87659574468085	1.87659574468085	1
11	47312321	47312322	43	14	4	2	2	1	NA	NA	NA	unphased	1.53639417693169	1.53639417693169	1
11	48239092	48239093	69	5	4	2	2	1	NA	NA	NA	unphased	0.422656699252444	0.422656699252444	1
11	49175983	49175984	30	9	4	2	2	1	NA	NA	NA	unphased	1.44353518821604	1.44353518821604	1
11	55065357	55065358	31	20	4	2	2	1	NA	NA	NA	unphased	2.45306633291615	1.22653316645807	2
11	55433255	55433256	59	13	4	2	2	1	NA	NA	NA	unphased	1.12943262411348	1.12943262411348	1
11	55540948	55540949	76	20	4	2	2	1	NA	NA	NA	unphased	1.3031914893617	1.3031914893617	1
11	55587260	55587261	105	15	4	2	2	1	NA	NA	NA	unphased	0.781914893617021	0.781914893617021	1
11	55595416	55595417	57	31	4	2	2	1	NA	NA	NA	unphased	2.20357833655706	1.10178916827853	2
11	55653082	55653083	21	8	4	2	2	1	NA	NA	NA	unphased	1.72560528246515	1.72560528246515	1
11	55861080	55861081	103	16	4	2	2	1	NA	NA	NA	unphased	0.841051314142678	0.841051314142678	1
11	55944716	55944717	63	15	4	2	2	1	NA	NA	NA	unphased	1.20294599018003	1.20294599018003	1
11	56230189	56230190	9	12	4	2	2	1	NA	NA	NA	unphased	3.57446808510638	1.78723404255319	2
11	56431330	56431331	121	33	4	2	2	1	NA	NA	NA	unphased	1.34042553191489	0.670212765957447	2
11	56468214	56468215	55	4	4	2	2	1	NA	NA	NA	unphased	0.424089433826181	0.424089433826181	1
11	56949612	56949613	28	7	4	2	2	1	NA	NA	NA	unphased	1.25106382978723	1.25106382978723	1
11	58207464	58207465	41	16	4	2	2	1	NA	NA	NA	unphased	1.7558790593505	0.877939529675252	2
11	59211285	59211286	100	48	4	2	2	1	NA	NA	NA	unphased	2.02875215641173	1.01437607820587	2
11	59282637	59282638	60	20	4	2	2	1	NA	NA	NA	unphased	1.56382978723404	0.781914893617021	2
11	59574003	59574004	89	15	4	2	2	1	NA	NA	NA	unphased	0.902209492635024	0.902209492635024	1
11	60105242	60105243	71	9	4	2	2	1	NA	NA	NA	unphased	0.703723404255319	0.703723404255319	1
11	60687195	60687196	42	25	4	2	2	1	NA	NA	NA	unphased	2.33407430930454	1.16703715465227	2
11	60785238	60785239	88	16	4	2	2	1	NA	NA	NA	unphased	0.962356792144026	0.962356792144026	1
11	60971057	60971058	16	9	4	2	2	1	NA	NA	NA	unphased	2.25191489361702	1.12595744680851	2
11	61919411	61919412	18	5	4	2	2	1	NA	NA	NA	unphased	1.35985198889917	1.35985198889917	1
11	63230887	63230888	36	10	4	2	2	1	NA	NA	NA	unphased	1.35985198889917	1.35985198889917	1
11	65267904	65267905	43	23	4	2	2	1	NA	NA	NA	unphased	2.17988394584139	1.0899419729207	2
11	65267999	65268000	64	20	4	2	2	1	NA	NA	NA	unphased	1.48936170212766	0.74468085106383	2
11	67413198	67413199	35	47	5.1	5	2	0.62	1	1	0.38	unphased	4.21585365853659	0.994305108145421	4.24
11	70200403	70200404	45	39	5.1	5	2	0.62	1	1	0.38	unphased	3.41496960486322	0.981313104845754	3.48
11	71293513	71293514	89	10	5.1	5	2	0.62	1	1	0.38	unphased	0.742961530195573	0.742961530195573	1
11	71511619	71511620	32	16	5.1	5	2	0.62	1	1	0.38	unphased	2.45177304964539	0.935791240322668	2.62
11	73020283	73020284	18	15	5.1	5	2	0.62	1	1	0.38	unphased	3.34332688588008	1.03189101416052	3.24
11	76162993	76162994	33	3	5.1	5	2	0.62	1	1	0.38	unphased	0.612943262411348	0.612943262411348	1
11	78285424	78285425	77	119	5.1	5	2	0.62	1	1	0.38	unphased	4.46572948328267	0.966608113264648	4.62
11	82924096	82924097	32	19	5	3	2	1	NA	NA	NA	unphased	2.70296203587818	0.900987345292727	3
11	82924429	82924430	38	6	5	3	2	1	NA	NA	NA	unphased	0.989361702127659	0.989361702127659	1
11	85447558	85447559	26	11	5	3	2	1	NA	NA	NA	unphased	2.15698677400805	1.07849338700403	2
11	92533734	92533735	29	11	5	3	2	1	NA	NA	NA	unphased	1.99521276595745	0.997606382978724	2
11	92600000	92600001	14	12	5	3	2	1	NA	NA	NA	unphased	3.34860883797054	1.11620294599018	3
11	92881848	92881849	50	16	5	3	2	1	NA	NA	NA	unphased	1.75886524822695	0.879432624113475	2
11	94861786	94861787	33	15	5	3	2	1	NA	NA	NA	unphased	2.26728723404255	1.13364361702128	2
11	101834215	101834216	31	19	3	2	1	1	NA	NA	NA	unphased	1.99702127659574	0.998510638297872	2
11	108198392	108198393	34	3	3	2	1	1	NA	NA	NA	unphased	0.426106958021852	0.426106958021852	1
11	108382261	108382262	18	13	3	2	1	1	NA	NA	NA	unphased	2.20384351407001	1.101921757035	2
11	110128827	110128828	26	19	3	2	1	1	NA	NA	NA	unphased	2.21891252955083	1.10945626477541	2
11	110456943	110456944	29	5	3	2	1	1	NA	NA	NA	unphased	0.772841051314143	0.772841051314143	1
11	113075050	113075051	12	7	3	2	1	1	NA	NA	NA	unphased	1.93617021276596	0.968085106382979	2
11	114401496	114401497	84	47	3	2	1	1	NA	NA	NA	unphased	1.88549618320611	0.942748091603053	2
11	116693477	116693478	33	21	3	2	1	1	NA	NA	NA	unphased	2.04373522458629	1.02186761229314	2
11	118967641	118967642	18	7	3	2	1	1	NA	NA	NA	unphased	1.47148936170213	1.47148936170213	1
11	121476145	121476146	91	44	3	2	1	1	NA	NA	NA	unphased	1.71284475965327	0.856422379826635	2
11	121485650	121485651	43	19	3	2	1	1	NA	NA	NA	unphased	1.6105010295127	0.805250514756349	2
11	123676885	123676886	82	13	3	2	1	1	NA	NA	NA	unphased	0.719148936170213	0.719148936170213	1
11	123814315	123814316	58	42	3	2	1	1	NA	NA	NA	unphased	2.20723404255319	1.1036170212766	2
11	123893819	123893820	79	14	3	2	1	1	NA	NA	NA	unphased	0.791123312743079	0.791123312743079	1
11	124135436	124135437	53	37	3	2	1	1	NA	NA	NA	unphased	2.16052009456265	1.08026004728132	2
11	124135726	124135727	41	16	3	2	1	1	NA	NA	NA	unphased	1.47517730496454	1.47517730496454	1
11	124135727	124135728	41	16	3	2	1	1	NA	NA	NA	unphased	1.47517730496454	1.47517730496454	1
11	124189301	124189302	107	17	3	2	1	1	NA	NA	NA	unphased	0.720487302676733	0.720487302676733	1
11	124756550	124756551	16	5	3	2	1	1	NA	NA	NA	unphased	1.25126646403242	1.25126646403242	1
11	124793657	124793658	27	8	3	2	1	1	NA	NA	NA	unphased	1.20121580547112	1.20121580547112	1
11	128710132	128710133	52	13	3	2	1	1	NA	NA	NA	unphased	1.05106382978723	1.05106382978723	1
12	427393	427394	42	61	NA	NA	NA	NA	NA	NA	NA	unphased	NA	NA	1
12	2659801	2659802	16	22	5	5	0	1	NA	NA	NA	unphased	4.20044792833147	1.05011198208287	4
12	2693756	2693757	48	19	5	5	0	1	NA	NA	NA	unphased	2.05747856462369	1.02873928231185	2
12	2702440	2702441	33	5	5	5	0	1	NA	NA	NA	unphased	0.95464725643897	0.95464725643897	1
12	2906970	2906971	117	14	5	5	0	1	NA	NA	NA	unphased	0.775377618970278	0.775377618970278	1
12	6138552	6138553	55	108	5	5	0	1	NA	NA	NA	unphased	4.8072053256755	0.9614410651351	5
12	6138584	6138585	46	88	5	5	0	1	NA	NA	NA	unphased	4.76468720228644	0.952937440457288	5
12	6575180	6575181	53	20	5	5	0	1	NA	NA	NA	unphased	1.98775867094142	0.993879335470708	2
12	6692674	6692675	7	12	5	5	0	1	NA	NA	NA	unphased	4.58230683090706	0.916461366181411	5
12	6925469	6925470	23	51	5	5	0	1	NA	NA	NA	unphased	5.00028752156412	1.00005750431282	5
12	7090190	7090191	184	37	5	5	0	1	NA	NA	NA	unphased	1.21469144122461	1.21469144122461	1
12	8212270	8212271	91	27	5	5	0	1	NA	NA	NA	unphased	1.66011539848539	0.830057699242697	2
12	11061944	11061945	21	6	8	5	3	1	NA	NA	NA	unphased	2.2789598108747	1.13947990543735	2
12	11081920	11081921	81	37	8	5	3	1	NA	NA	NA	unphased	3.21565091958168	1.07188363986056	3
12	12303969	12303970	36	7	5	5	0	1	NA	NA	NA	unphased	1.18109846610589	1.18109846610589	1
12	13769431	13769432	43	17	5	5	0	1	NA	NA	NA	unphased	2.05567375886525	1.02783687943262	2
12	14577230	14577231	23	33	5	5	0	1	NA	NA	NA	unphased	4.27545592705167	1.06886398176292	4
12	21069267	21069268	13	8	5	5	0	1	NA	NA	NA	unphased	2.76393110435664	0.921310368118879	3
12	21958143	21958144	85	6	5	5	0	1	NA	NA	NA	unphased	0.478372691138649	0.478372691138649	1
12	27553475	27553476	88	11	8	5	3	1	NA	NA	NA	unphased	1.13947990543735	1.13947990543735	1
12	27849720	27849721	41	51	5	5	0	1	NA	NA	NA	unphased	4.02197039777983	1.00549259944496	4
12	28116593	28116594	99	91	5	5	0	1	NA	NA	NA	unphased	3.47491601343785	0.868729003359462	4
12	29639210	29639211	130	27	8	5	3	1	NA	NA	NA	unphased	1.76365361160049	0.881826805800244	2
12	32137136	32137137	132	10	8	5	3	1	NA	NA	NA	unphased	0.722205573868745	0.722205573868745	1
12	32974419	32974420	57	11	8	5	3	1	NA	NA	NA	unphased	1.65894868585732	1.65894868585732	1
12	41327313	41327314	37	34	2	2	0	1	NA	NA	NA	unphased	2.03775846568774	1.01887923284387	2
12	46591813	46591814	35	10	2	1	1	1	NA	NA	NA	unphased	0.945626477541371	0.945626477541371	1
12	49176823	49176824	40	24	2.45	4	2	0.29	1	0	0.71	unphased	1.76449468085106	0.943580043235863	1.87
12	49230474	49230475	99	48	2.45	4	2	0.29	1	0	0.71	unphased	1.53643074250977	0.972424520575804	1.58
12	50149492	50149493	91	66	2.45	4	2	0.29	1	0	0.71	unphased	1.97803225369291	1.05777125865931	1.87
12	50186284	50186285	15	11	2.45	4	2	0.29	1	0	0.71	unphased	1.99071194762684	1.06455184365072	1.87
12	50498415	50498416	78	79	2.45	4	2	0.29	1	0	0.71	unphased	2.36764466729909	1.03390596825288	2.29
12	51851226	51851227	78	31	2.45	4	2	0.29	1	0	0.71	unphased	1.33821003318368	1.03737211874704	1.29
12	51851227	51851228	80	31	2.45	4	2	0.29	1	0	0.71	unphased	1.31409814069389	1.31409814069389	1
12	52758918	52758919	27	29	2.45	4	2	0.29	1	0	0.71	unphased	2.43668313069909	0.94445082585236	2.58
12	53096843	53096844	79	12	2.45	4	2	0.29	1	0	0.71	unphased	0.620481646013561	0.620481646013561	1
12	54106840	54106841	59	27	3.45	4	4	0.35	1	0	0.65	unphased	1.79120484908461	1.05364991122624	1.7
12	55794479	55794480	28	8	2.65	4	2	0.33	1	0	0.67	unphased	1.09007092198582	1.09007092198582	1
12	57910228	57910229	66	19	2.65	4	2	0.33	1	0	0.67	unphased	1.09648310387985	1.09648310387985	1
12	64854057	64854058	45	10	2.65	4	2	0.33	1	0	0.67	unphased	0.891876208897486	0.891876208897486	1
12	71092077	71092078	32	5	3	2	1	1	NA	NA	NA	unphased	0.710178263369753	0.710178263369753	1
12	85432045	85432046	33	23	3	2	1	1	NA	NA	NA	unphased	2.15843465045593	1.07921732522796	2
12	93100522	93100523	23	6	3	2	1	1	NA	NA	NA	unphased	1.08730741012472	1.08730741012472	1
12	101870685	101870686	11	7	3	2	1	1	NA	NA	NA	unphased	2.04373522458629	1.02186761229314	2
12	102315100	102315101	22	16	3	2	1	1	NA	NA	NA	unphased	2.21276595744681	1.1063829787234	2
12	104190719	104190720	56	26	3	2	1	1	NA	NA	NA	unphased	1.66632070576025	0.833160352880124	2
12	105600900	105600901	32	14	3	2	1	1	NA	NA	NA	unphased	1.59944495837188	0.799722479185939	2
12	106460587	106460588	97	9	3	2	1	1	NA	NA	NA	unphased	0.446206342834203	0.446206342834203	1
12	106824223	106824224	46	29	3	2	1	1	NA	NA	NA	unphased	2.03205673758865	1.01602836879433	2
12	108685782	108685783	33	25	3	2	1	1	NA	NA	NA	unphased	2.26522377109318	1.13261188554659	2
12	109843824	109843825	24	17	3	2	1	1	NA	NA	NA	unphased	2.17903476907109	1.08951738453555	2
12	110495091	110495092	11	4	3	2	1	1	NA	NA	NA	unphased	1.40141843971631	1.40141843971631	1
12	112654879	112654880	17	9	3	2	1	1	NA	NA	NA	unphased	1.81914893617021	0.909574468085106	2
12	115114169	115114170	50	16	3	2	1	1	NA	NA	NA	unphased	1.27401676337847	1.27401676337847	1
12	115120646	115120647	33	13	3	2	1	1	NA	NA	NA	unphased	1.48519888991674	1.48519888991674	1
12	119624880	119624881	36	31	3	2	1	1	NA	NA	NA	unphased	2.43156557637345	1.21578278818673	2
12	124303770	124303771	4	13	3	2	1	1	NA	NA	NA	unphased	4.01877346683354	2.00938673341677	2
12	125397816	125397817	147	68	3	2	1	1	NA	NA	NA	unphased	1.66214745175656	0.831073725878278	2
12	126138694	126138695	50	15	3	2	1	1	NA	NA	NA	unphased	1.21276595744681	1.21276595744681	1
13	21189973	21189974	23	7	2	1	1	1	NA	NA	NA	unphased	0.99290780141844	0.99290780141844	1
13	21219050	21219051	42	10	2	1	1	1	NA	NA	NA	unphased	0.818330605564648	0.818330605564648	1
13	21562335	21562336	14	10	2	1	1	1	NA	NA	NA	unphased	1.77304964539007	1.77304964539007	1
13	25480239	25480240	36	6	2	1	1	1	NA	NA	NA	unphased	0.60790273556231	0.60790273556231	1
13	29001923	29001924	45	12	2	1	1	1	NA	NA	NA	unphased	0.895856662933931	0.895856662933931	1
13	38213199	38213200	90	17	2	1	1	1	NA	NA	NA	unphased	0.676078743288924	0.676078743288924	1
13	38229235	38229236	22	3	2	1	1	1	NA	NA	NA	unphased	0.51063829787234	0.51063829787234	1
13	39264955	39264956	64	10	2	1	1	1	NA	NA	NA	unphased	0.575043128234618	0.575043128234618	1
13	39266605	39266606	84	20	2	1	1	1	NA	NA	NA	unphased	0.818330605564648	0.818330605564648	1
13	41379368	41379369	33	6	2	1	1	1	NA	NA	NA	unphased	0.654664484451719	0.654664484451719	1
13	66879050	66879051	45	15	2	1	1	1	NA	NA	NA	unphased	1.06382978723404	1.06382978723404	1
13	77739408	77739409	31	12	2	1	1	1	NA	NA	NA	unphased	1.18753092528451	1.18753092528451	1
13	96086269	96086270	35	11	2	1	1	1	NA	NA	NA	unphased	1.01757631822387	1.01757631822387	1
13	100181718	100181719	19	3	2	1	1	1	NA	NA	NA	unphased	0.58027079303675	0.58027079303675	1
13	100925584	100925585	9	6	2	1	1	1	NA	NA	NA	unphased	1.70212765957447	1.70212765957447	1
13	113814407	113814408	79	34	2	1	1	0.13	1	1	0.87	unphased	1.2803615138392	1.2803615138392	1
13	113893743	113893744	47	10	2	1	1	0.13	1	1	0.87	unphased	0.746547219111609	0.746547219111609	1
14	19563530	19563531	196	17	NA	NA	NA	NA	NA	NA	NA	unphased	NA	NA	1
14	20249221	20249222	121	10	NA	NA	NA	NA	NA	NA	NA	unphased	NA	NA	1
14	20296239	20296240	67	9	NA	NA	NA	NA	NA	NA	NA	unphased	NA	NA	1
14	20444458	20444459	40	15	NA	NA	NA	NA	NA	NA	NA	unphased	NA	NA	1
14	22938209	22938210	22	37	3	2	1	1	NA	NA	NA	unphased	3.29570861882438	1.64785430941219	2
14	23874502	23874503	39	33	3	2	1	1	NA	NA	NA	unphased	2.40868794326241	1.20434397163121	2
14	23874943	23874944	93	18	3	2	1	1	NA	NA	NA	unphased	0.852213916043703	0.852213916043703	1
14	24735654	24735655	73	8	5	4	1	1	NA	NA	NA	unphased	0.716574730759128	0.716574730759128	1
14	29237354	29237355	40	7	4	3	1	1	NA	NA	NA	unphased	0.931643277501132	0.931643277501132	1
14	30100055	30100056	56	53	4	3	1	1	NA	NA	NA	unphased	3.04157720085887	1.01385906695296	3
14	31354782	31354783	43	10	4	3	1	1	NA	NA	NA	unphased	1.18024889602569	1.18024889602569	1
14	34419655	34419656	31	12	4	3	1	1	NA	NA	NA	unphased	1.74567046016823	0.872835230084117	2
14	34419656	34419657	31	13	4	3	1	1	NA	NA	NA	unphased	1.84816247582205	0.924081237911025	2
14	35182473	35182474	43	10	4	3	1	1	NA	NA	NA	unphased	1.18024889602569	1.18024889602569	1
14	50201308	50201309	21	9	3	2	1	1	NA	NA	NA	unphased	1.57659574468085	1.57659574468085	1
14	50626481	50626482	47	27	3	2	1	1	NA	NA	NA	unphased	1.91748131109833	0.958740655549166	2
14	50671112	50671113	64	23	3	2	1	1	NA	NA	NA	unphased	1.38933724627048	1.38933724627048	1
14	51219372	51219373	109	20	3	2	1	1	NA	NA	NA	unphased	0.814778162625763	0.814778162625763	1
14	53513566	53513567	45	15	3	2	1	1	NA	NA	NA	unphased	1.31382978723404	1.31382978723404	1
14	60069929	60069930	19	8	3	2	1	1	NA	NA	NA	unphased	1.55713159968479	1.55713159968479	1
14	64606672	64606673	49	5	3	2	1	1	NA	NA	NA	unphased	0.486603624901497	0.486603624901497	1
14	71568773	71568774	61	29	3	2	1	1	NA	NA	NA	unphased	1.69338061465721	0.846690307328605	2
14	74971751	74971752	28	23	3	2	1	1	NA	NA	NA	unphased	2.3700458906967	1.18502294534835	2
14	75366626	75366627	49	6	3	2	1	1	NA	NA	NA	unphased	0.573307543520309	0.573307543520309	1
14	76286426	76286427	24	24	3	2	1	1	NA	NA	NA	unphased	2.62765957446808	1.31382978723404	2
14	77255656	77255657	86	31	3	2	1	1	NA	NA	NA	unphased	1.39243498817967	0.696217494089835	2
14	78397911	78397912	32	6	3	2	1	1	NA	NA	NA	unphased	0.829787234042553	0.829787234042553	1
14	81670360	81670361	6	14	3	2	1	1	NA	NA	NA	unphased	3.67872340425532	1.83936170212766	2
14	94046631	94046632	56	18	3	2	1	1	NA	NA	NA	unphased	1.27832087406555	1.27832087406555	1
14	95030030	95030031	45	8	3	2	1	1	NA	NA	NA	unphased	0.793255720594139	0.793255720594139	1
14	95033401	95033402	25	12	3	2	1	1	NA	NA	NA	unphased	1.70442783208741	0.852213916043703	2
14	95109886	95109887	25	14	3	2	1	1	NA	NA	NA	unphased	1.88652482269504	0.943262411347518	2
14	95109887	95109888	27	13	3	2	1	1	NA	NA	NA	unphased	1.70797872340426	0.853989361702128	2
14	96807900	96807901	52	15	3	2	1	1	NA	NA	NA	unphased	1.1765639885678	1.1765639885678	1
14	100808746	100808747	44	20	3	2	1	1	NA	NA	NA	unphased	1.64228723404255	0.821143617021276	2
14	100808789	100808790	46	42	3	2	1	1	NA	NA	NA	unphased	2.50822050290135	1.25411025145068	2
14	101010248	101010249	13	8	3	2	1	1	NA	NA	NA	unphased	2.00202634245187	1.00101317122594	2
14	101347448	101347449	14	3	3	2	1	1	NA	NA	NA	unphased	0.927409261576971	0.927409261576971	1
14	103406188	103406189	79	45	3	2	1	1	NA	NA	NA	unphased	1.90717227179135	0.953586135895676	2
14	103406191	103406192	80	46	3	2	1	1	NA	NA	NA	unphased	1.91860857818305	0.959304289091523	2
14	104470663	104470664	12	4	3	2	1	1	NA	NA	NA	unphased	1.31382978723404	1.31382978723404	1
14	105410406	105410407	189	107	3	2	1	1	NA	NA	NA	unphased	1.89972685451409	0.949863427257044	2
14	105414567	105414568	174	36	3	2	1	1	NA	NA	NA	unphased	0.900911854103344	0.900911854103344	1
14	106552557	106552558	39	23	NA	NA	NA	NA	NA	NA	NA	unphased	NA	NA	1
14	106586426	106586427	113	30	NA	NA	NA	NA	NA	NA	NA	unphased	NA	NA	1
14	106622164	106622165	104	17	NA	NA	NA	NA	NA	NA	NA	unphased	NA	NA	1
14	106725422	106725423	118	23	NA	NA	NA	NA	NA	NA	NA	unphased	NA	NA	1
14	106815778	106815779	131	26	NA	NA	NA	NA	NA	NA	NA	unphased	NA	NA	1
14	106926232	106926233	144	17	NA	NA	NA	NA	NA	NA	NA	unphased	NA	NA	1
15	20488783	20488784	130	10	NA	NA	NA	NA	NA	NA	NA	unphased	NA	NA	1
15	25432754	25432755	99	70	2	2	0	1	NA	NA	NA	unphased	1.76255822737001	0.881279113685006	2
15	32929101	32929102	11	14	2	2	0	1	NA	NA	NA	unphased	2.38297872340426	1.19148936170213	2
15	33991933	33991934	17	8	2	2	0	1	NA	NA	NA	unphased	1.36170212765957	1.36170212765957	1
15	34065782	34065783	20	9	2	2	0	1	NA	NA	NA	unphased	1.32061628760088	1.32061628760088	1
15	34131111	34131112	34	16	2	2	0	1	NA	NA	NA	unphased	1.36170212765957	1.36170212765957	1
15	37187377	37187378	42	31	2	2	0	1	NA	NA	NA	unphased	1.80705333721947	0.903526668609735	2
15	37390190	37390191	16	7	2	2	0	1	NA	NA	NA	unphased	1.29509713228492	1.29509713228492	1
15	41680694	41680695	27	15	2	2	0	1	NA	NA	NA	unphased	1.51975683890578	0.759878419452888	2
15	42442309	42442310	11	14	2	2	0	1	NA	NA	NA	unphased	2.38297872340426	1.19148936170213	2
15	43641145	43641146	29	26	2	2	0	1	NA	NA	NA	unphased	2.01160541586074	1.00580270793037	2
15	50475060	50475061	48	44	2	2	0	1	NA	NA	NA	unphased	2.03515263644773	1.01757631822387	2
15	51973990	51973991	13	17	2	2	0	1	NA	NA	NA	unphased	2.4113475177305	1.20567375886525	2
15	54307001	54307002	61	39	2	2	0	1	NA	NA	NA	unphased	1.65957446808511	0.829787234042553	2
15	59910814	59910815	32	22	2	2	0	1	NA	NA	NA	unphased	1.73364854215918	0.86682427107959	2
15	63446167	63446168	30	4	3	3	0	1	NA	NA	NA	unphased	0.618272841051314	0.618272841051314	1
15	66161913	66161914	38	32	3	3	0	1	NA	NA	NA	unphased	2.40243161094225	0.80081053698075	3
15	72582473	72582474	22	4	3	3	0	1	NA	NA	NA	unphased	0.808510638297872	0.808510638297872	1
15	74574142	74574143	41	43	3	3	0	1	NA	NA	NA	unphased	2.69022289766971	0.896740965889902	3
15	78635881	78635882	28	12	3	3	0	1	NA	NA	NA	unphased	1.57659574468085	1.57659574468085	1
15	79290511	79290512	38	13	3	3	0	1	NA	NA	NA	unphased	1.33959115561118	1.33959115561118	1
15	79750589	79750590	83	49	3	3	0	1	NA	NA	NA	unphased	1.95083816892328	0.975419084461638	2
15	81578085	81578086	28	41	3	3	0	1	NA	NA	NA	unphased	3.122725871107	1.04090862370233	3
15	81625277	81625278	27	15	3	3	0	1	NA	NA	NA	unphased	1.87689969604863	0.938449848024316	2
15	81637255	81637256	29	7	3	3	0	1	NA	NA	NA	unphased	1.02186761229314	1.02186761229314	1
15	86697677	86697678	33	5	3	3	0	1	NA	NA	NA	unphased	0.691489361702128	0.691489361702128	1
16	818699	818700	13	23	3	3	0	1	NA	NA	NA	unphased	3.35756501182033	1.11918833727344	3
16	2373533	2373534	116	120	3	3	0	1	NA	NA	NA	unphased	2.67219617742517	0.890732059141724	3
16	5058477	5058478	7	16	3	3	0	1	NA	NA	NA	unphased	3.65587419056429	1.2186247301881	3
16	14989461	14989462	203	74	3	3	0	1	NA	NA	NA	unphased	1.40394807588909	0.701974037944543	2
16	17202697	17202698	14	10	3	3	0	1	NA	NA	NA	unphased	2.18971631205674	1.09485815602837	2
16	20329728	20329729	168	32	3	3	0	1	NA	NA	NA	unphased	0.840851063829787	0.840851063829787	1
16	21093015	21093016	112	15	3	3	0	1	NA	NA	NA	unphased	0.620706986094823	0.620706986094823	1
16	22260120	22260121	24	18	3	3	0	1	NA	NA	NA	unphased	2.25227963525836	1.12613981762918	2
16	24802559	24802560	20	19	3	3	0	1	NA	NA	NA	unphased	2.56028368794326	0.853427895981087	3
16	24953355	24953356	35	55	3	3	0	1	NA	NA	NA	unphased	3.21158392434988	1.07052797478329	3
16	29675657	29675658	58	95	3	3	0	1	NA	NA	NA	unphased	3.26310666110416	1.08770222036805	3
16	30409368	30409369	12	6	2	2	0	1	NA	NA	NA	unphased	1.41843971631206	1.41843971631206	1
16	31435469	31435470	34	7	2	2	0	1	NA	NA	NA	unphased	0.726517903476907	0.726517903476907	1
16	31435805	31435806	23	11	2	2	0	1	NA	NA	NA	unphased	1.37672090112641	1.37672090112641	1
16	32893912	32893913	227	30	4	2	2	1	NA	NA	NA	unphased	0.730192896762977	0.730192896762977	1
16	33647499	33647500	87	28	4	2	2	1	NA	NA	NA	unphased	1.52303422756707	0.761517113783534	2
16	47117418	47117419	39	19	4	2	2	1	NA	NA	NA	unphased	2.04915627292737	1.02457813646368	2
16	56678668	56678669	54	12	4	2	2	1	NA	NA	NA	unphased	1.13733075435203	1.13733075435203	1
16	58559116	58559117	70	30	4	2	2	1	NA	NA	NA	unphased	1.87659574468085	0.938297872340426	2
16	61687816	61687817	77	20	NA	NA	NA	NA	NA	NA	NA	unphased	NA	NA	1
16	72153939	72153940	59	26	4	2	2	1	NA	NA	NA	unphased	1.91339173967459	0.956695869837297	2
16	77769813	77769814	74	25	6	4	2	1	NA	NA	NA	unphased	2.08467655276166	1.04233827638083	2
16	77913096	77913097	93	28	6	4	2	1	NA	NA	NA	unphased	1.91032178653068	0.955160893265342	2
16	79245629	79245630	41	9	2.26	2	2	0.13	1	1	0.87	unphased	0.812757446808511	0.812757446808511	1
16	84271025	84271026	30	11	2.26	2	2	0.13	1	1	0.87	unphased	1.21142708873897	1.21142708873897	1
16	88061217	88061218	44	18	2.52	2	2	0.26	1	1	0.74	unphased	1.3863829787234	1.3863829787234	1
16	88691008	88691009	9	6	2.52	2	2	0.26	1	1	0.74	unphased	1.91012765957447	1.91012765957447	1
16	88722557	88722558	38	14	2.52	2	2	0.26	1	1	0.74	unphased	1.28566284779051	1.28566284779051	1
16	90244242	90244243	7	19	NA	NA	NA	NA	NA	NA	NA	unphased	NA	NA	1
17	3323929	3323930	24	10	3	3	0	1	NA	NA	NA	unphased	1.54568210262829	1.54568210262829	1
17	6946294	6946295	7	6	3	3	0	1	NA	NA	NA	unphased	2.42553191489362	0.808510638297872	3
17	7339852	7339853	42	26	3	3	0	1	NA	NA	NA	unphased	2.00938673341677	1.00469336670839	2
17	8243549	8243550	22	12	3	3	0	1	NA	NA	NA	unphased	1.85481852315394	0.927409261576971	2
17	8784232	8784233	20	23	3	3	0	1	NA	NA	NA	unphased	2.81098466105888	0.936994887019627	3
17	10298520	10298521	73	33	3	3	0	1	NA	NA	NA	unphased	1.63608992372541	0.818044961862706	2
17	10302971	10302972	33	7	3	3	0	1	NA	NA	NA	unphased	0.91968085106383	0.91968085106383	1
17	10356529	10356530	130	28	3	3	0	1	NA	NA	NA	unphased	0.931322380824131	0.931322380824131	1
17	10398575	10398576	59	30	3	3	0	1	NA	NA	NA	unphased	1.77145589289983	0.885727946449916	2
17	10404775	10404776	9	19	3	3	0	1	NA	NA	NA	unphased	3.5661094224924	1.1887031408308	3
17	10432231	10432232	79	7	3	3	0	1	NA	NA	NA	unphased	0.427758535378525	0.427758535378525	1
17	10628380	10628381	40	9	3	3	0	1	NA	NA	NA	unphased	0.965262700825011	0.965262700825011	1
17	16323462	16323463	61	33	3	3	0	1	NA	NA	NA	unphased	1.84495246717972	0.92247623358986	2
17	21203905	21203906	12	4	4	4	0	1	NA	NA	NA	unphased	1.56382978723404	1.56382978723404	1
17	27306728	27306729	16	31	4	4	0	1	NA	NA	NA	unphased	4.12584880036215	1.03146220009054	4
17	27869856	27869857	31	5	4	4	0	1	NA	NA	NA	unphased	0.868794326241135	0.868794326241135	1
17	27959885	27959886	40	11	4	4	0	1	NA	NA	NA	unphased	1.34918648310388	1.34918648310388	1
17	29684053	29684054	89	18	4	4	0	1	NA	NA	NA	unphased	1.05229667926029	1.05229667926029	1
17	33738499	33738500	24	31	4	4	0	1	NA	NA	NA	unphased	3.5257253384913	0.881431334622824	4
17	34072204	34072205	104	37	4	4	0	1	NA	NA	NA	unphased	1.6414667270258	0.820733363512902	2
17	34072205	34072206	102	37	4	4	0	1	NA	NA	NA	unphased	1.66508495331394	0.832542476656972	2
17	39116540	39116541	57	15	4	4	0	1	NA	NA	NA	unphased	1.3031914893617	1.3031914893617	1
17	39140112	39140113	51	91	4	4	0	1	NA	NA	NA	unphased	4.00869044051543	1.00217261012886	4
17	39261703	39261704	42	9	4	4	0	1	NA	NA	NA	unphased	1.10387984981227	1.10387984981227	1
17	39642716	39642717	26	10	4	4	0	1	NA	NA	NA	unphased	1.73758865248227	0.868794326241135	2
17	40556971	40556972	57	13	4	4	0	1	NA	NA	NA	unphased	1.16170212765957	1.16170212765957	1
17	41020841	41020842	9	4	4	4	0	1	NA	NA	NA	unphased	1.92471358428805	1.92471358428805	1
17	41244069	41244070	83	10	4	4	0	1	NA	NA	NA	unphased	0.672614962251201	0.672614962251201	1
17	41341073	41341074	67	5	4	4	0	1	NA	NA	NA	unphased	0.434397163120567	0.434397163120567	1
17	46628421	46628422	41	11	4	4	0	1	NA	NA	NA	unphased	1.32324058919804	1.32324058919804	1
17	46673922	46673923	32	56	4	4	0	1	NA	NA	NA	unphased	3.98065764023211	0.995164410058027	4
17	48245003	48245004	35	8	4	4	0	1	NA	NA	NA	unphased	1.16378030677882	1.16378030677882	1
17	51900868	51900869	32	13	2	2	0	1	NA	NA	NA	unphased	1.22931442080378	1.22931442080378	1
17	51901185	51901186	21	15	2	2	0	1	NA	NA	NA	unphased	1.77304964539007	0.886524822695036	2
17	55693341	55693342	21	23	2	2	0	1	NA	NA	NA	unphased	2.22437137330754	1.11218568665377	2
17	56293531	56293532	27	23	2	2	0	1	NA	NA	NA	unphased	1.95744680851064	0.978723404255319	2
17	56384157	56384158	7	10	2	2	0	1	NA	NA	NA	unphased	2.50312891113892	1.25156445556946	2
17	59147415	59147416	39	24	2	2	0	1	NA	NA	NA	unphased	1.62107396149949	0.810536980749747	2
17	60814364	60814365	100	80	2	2	0	1	NA	NA	NA	unphased	1.89125295508274	0.945626477541371	2
17	62049738	62049739	10	13	2	2	0	1	NA	NA	NA	unphased	2.40518038852914	1.20259019426457	2
17	62968991	62968992	6	9	2	2	0	1	NA	NA	NA	unphased	2.5531914893617	1.27659574468085	2
17	66878018	66878019	33	25	2	2	0	1	NA	NA	NA	unphased	1.83418928833456	0.917094644167278	2
17	66982357	66982358	29	18	2	2	0	1	NA	NA	NA	unphased	1.62969669533726	0.814848347668628	2
17	67029934	67029935	30	23	2	2	0	1	NA	NA	NA	unphased	1.84664793255721	0.923323966278603	2
17	72368180	72368181	9	6	2	2	0	1	NA	NA	NA	unphased	1.70212765957447	1.70212765957447	1
17	77704930	77704931	10	7	2	2	0	1	NA	NA	NA	unphased	1.75219023779725	1.75219023779725	1
17	77711787	77711788	39	22	2	2	0	1	NA	NA	NA	unphased	1.53470526682944	0.767352633414719	2
17	78323666	78323667	22	18	2	2	0	1	NA	NA	NA	unphased	1.91489361702128	0.957446808510638	2
17	79686895	79686896	55	48	2	2	0	1	NA	NA	NA	unphased	1.98306135096055	0.991530675480273	2
18	8819110	8819111	14	20	3	3	0	1	NA	NA	NA	unphased	3.09136420525657	1.03045473508552	3
18	21957470	21957471	18	39	7	7	0	1	NA	NA	NA	unphased	6.33258678611422	1.05543113101904	6
18	29055841	29055842	164	20	7	7	0	1	NA	NA	NA	unphased	1.00601295097132	1.00601295097132	1
18	29099863	29099864	56	71	7	7	0	1	NA	NA	NA	unphased	5.17423353995644	1.03484670799129	5
18	33725954	33725955	311	46	9	7	2	1	NA	NA	NA	unphased	1.45026521246797	0.725132606233983	2
18	40503724	40503725	74	312	7	7	0	1	NA	NA	NA	unphased	7.48098335354426	1.06871190764918	7
18	55247366	55247367	19	5	1	1	0	1	NA	NA	NA	unphased	0.678191489361702	0.678191489361702	1
18	61226896	61226897	34	7	1	1	0	1	NA	NA	NA	unphased	0.555786196159834	0.555786196159834	1
18	61305082	61305083	21	13	1	1	0	1	NA	NA	NA	unphased	1.24468085106383	1.24468085106383	1
18	61305083	61305084	21	12	1	1	0	1	NA	NA	NA	unphased	1.18375241779497	1.18375241779497	1
18	61306499	61306500	23	10	1	1	0	1	NA	NA	NA	unphased	0.986460348162476	0.986460348162476	1
18	61459628	61459629	26	8	1	1	0	1	NA	NA	NA	unphased	0.765957446808511	0.765957446808511	1
18	70532106	70532107	31	8	3	2	1	1	NA	NA	NA	unphased	1.07801418439716	1.07801418439716	1
18	72998836	72998837	41	8	3	2	1	1	NA	NA	NA	unphased	0.858011289622232	0.858011289622232	1
18	74622040	74622041	66	14	3	2	1	1	NA	NA	NA	unphased	0.91968085106383	0.91968085106383	1
18	74622041	74622042	65	14	3	2	1	1	NA	NA	NA	unphased	0.931322380824131	0.931322380824131	1
18	74631814	74631815	70	11	3	2	1	1	NA	NA	NA	unphased	0.713685316522196	0.713685316522196	1
19	110836	110837	93	12	NA	NA	NA	NA	NA	NA	NA	unphased	NA	NA	1
19	313640	313641	40	11	3	3	0	1	NA	NA	NA	unphased	1.13350020859408	1.13350020859408	1
19	1043052	1043053	21	5	3	3	0	1	NA	NA	NA	unphased	1.01063829787234	1.01063829787234	1
19	1056366	1056367	22	6	3	3	0	1	NA	NA	NA	unphased	1.12613981762918	1.12613981762918	1
19	4902855	4902856	44	8	3	3	0	1	NA	NA	NA	unphased	0.808510638297872	0.808510638297872	1
19	5456133	5456134	48	11	3	3	0	1	NA	NA	NA	unphased	0.979805265055896	0.979805265055896	1
19	5622568	5622569	8	5	3	3	0	1	NA	NA	NA	unphased	2.02127659574468	2.02127659574468	1
19	8175983	8175984	18	6	3	3	0	1	NA	NA	NA	unphased	1.31382978723404	1.31382978723404	1
19	9010657	9010658	10	16	3	3	0	1	NA	NA	NA	unphased	3.23404255319149	1.07801418439716	3
19	9069469	9069470	93	20	3	3	0	1	NA	NA	NA	unphased	0.930144982112596	0.930144982112596	1
19	9083473	9083474	22	23	3	3	0	1	NA	NA	NA	unphased	2.68605200945626	0.895350669818755	3
19	10076995	10076996	17	34	3	3	0	1	NA	NA	NA	unphased	3.50354609929078	1.16784869976359	3
19	11795882	11795883	9	9	3	3	0	1	NA	NA	NA	unphased	2.62765957446808	0.875886524822695	3
19	15072907	15072908	39	39	3	3	0	1	NA	NA	NA	unphased	2.62765957446808	0.875886524822695	3
19	15133833	15133834	14	6	3	3	0	1	NA	NA	NA	unphased	1.57659574468085	1.57659574468085	1
19	15905715	15905716	40	9	3	3	0	1	NA	NA	NA	unphased	0.965262700825011	0.965262700825011	1
19	16024461	16024462	5	7	3	3	0	1	NA	NA	NA	unphased	3.06560283687943	1.02186761229314	3
19	17212908	17212909	29	6	3	3	0	1	NA	NA	NA	unphased	0.900911854103344	0.900911854103344	1
19	17899219	17899220	4	5	3	3	0	1	NA	NA	NA	unphased	2.91962174940898	0.973207249802995	3
19	17922652	17922653	27	32	3	3	0	1	NA	NA	NA	unphased	2.85034258925352	0.950114196417839	3
19	22156134	22156135	15	15	3	3	0	1	NA	NA	NA	unphased	2.62765957446808	0.875886524822695	3
19	31040207	31040208	16	6	2	2	0	1	NA	NA	NA	unphased	1.1605415860735	1.1605415860735	1
19	31767964	31767965	17	6	2	2	0	1	NA	NA	NA	unphased	1.11008325624422	1.11008325624422	1
19	33792244	33792245	7	7	2	2	0	1	NA	NA	NA	unphased	2.12765957446809	1.06382978723404	2
19	36110359	36110360	16	6	2	2	0	1	NA	NA	NA	unphased	1.1605415860735	1.1605415860735	1
19	39421116	39421117	12	4	2	2	0	1	NA	NA	NA	unphased	1.06382978723404	1.06382978723404	1
19	41083300	41083301	16	5	2	2	0	1	NA	NA	NA	unphased	1.01317122593718	1.01317122593718	1
19	41220007	41220008	24	10	2	2	0	1	NA	NA	NA	unphased	1.25156445556946	1.25156445556946	1
19	44159725	44159726	21	7	2	2	0	1	NA	NA	NA	unphased	1.06382978723404	1.06382978723404	1
19	44223322	44223323	9	8	2	2	0	1	NA	NA	NA	unphased	2.00250312891114	1.00125156445557	2
19	44537159	44537160	18	9	2	2	0	1	NA	NA	NA	unphased	1.41843971631206	1.41843971631206	1
19	49468746	49468747	14	13	2	2	0	1	NA	NA	NA	unphased	2.0488573680063	1.02442868400315	2
19	49671627	49671628	31	14	2	2	0	1	NA	NA	NA	unphased	1.32387706855792	1.32387706855792	1
19	52941773	52941774	11	5	2	2	0	1	NA	NA	NA	unphased	1.32978723404255	1.32978723404255	1
19	54377401	54377402	33	22	2	2	0	1	NA	NA	NA	unphased	1.70212765957447	0.851063829787234	2
19	54782787	54782788	20	6	2	2	0	1	NA	NA	NA	unphased	0.981996726677578	0.981996726677578	1
19	54803512	54803513	31	6	2	2	0	1	NA	NA	NA	unphased	0.690051753881541	0.690051753881541	1
19	54848833	54848834	15	4	2	2	0	1	NA	NA	NA	unphased	0.895856662933931	0.895856662933931	1
19	55086443	55086444	37	32	2	2	0	1	NA	NA	NA	unphased	1.97348134443417	0.986740672217083	2
19	55087394	55087395	40	5	2	2	0	1	NA	NA	NA	unphased	0.472813238770686	0.472813238770686	1
19	55669032	55669033	11	10	2	2	0	1	NA	NA	NA	unphased	2.02634245187437	1.01317122593718	2
19	56701751	56701752	53	12	2	2	0	1	NA	NA	NA	unphased	0.785597381342062	0.785597381342062	1
19	57285993	57285994	27	8	2	2	0	1	NA	NA	NA	unphased	0.972644376899696	0.972644376899696	1
19	57327350	57327351	49	26	2	2	0	1	NA	NA	NA	unphased	1.47517730496454	0.73758865248227	2
19	57328093	57328094	33	6	2	2	0	1	NA	NA	NA	unphased	0.654664484451719	0.654664484451719	1
19	57955211	57955212	25	21	2	2	0	1	NA	NA	NA	unphased	1.94264569842738	0.971322849213691	2
19	58118381	58118382	27	21	2	2	0	1	NA	NA	NA	unphased	1.86170212765957	0.930851063829787	2
2	1926493	1926494	35	8	1.39	3	1	0.13	1	0	0.87	unphased	0.678198911429985	0.678198911429985	1
2	1927026	1927027	12	4	1.39	3	1	0.13	1	0	0.87	unphased	0.911329787234043	0.911329787234043	1
2	12881012	12881013	8	5	1.39	3	1	0.13	1	0	0.87	unphased	1.40204582651391	1.40204582651391	1
2	18113461	18113462	51	7	1.39	3	1	0.13	1	0	0.87	unphased	0.439952311078503	0.439952311078503	1
2	18765907	18765908	9	4	1.39	3	1	0.13	1	0	0.87	unphased	1.12163666121113	1.12163666121113	1
2	21234329	21234330	115	18	1.39	3	1	0.13	1	0	0.87	unphased	0.493351463765798	0.493351463765798	1
2	25061455	25061456	119	21	1.39	3	1	0.13	1	0	0.87	unphased	0.546797872340426	0.546797872340426	1
2	26424189	26424190	34	9	1.39	3	1	0.13	1	0	0.87	unphased	0.762973775358733	0.762973775358733	1
2	27167685	27167686	32	10	1.39	3	1	0.13	1	0	0.87	unphased	0.867933130699088	0.867933130699088	1
2	27293105	27293106	52	6	1.39	3	1	0.13	1	0	0.87	unphased	0.377101980924431	0.377101980924431	1
2	27552332	27552333	156	31	1.39	3	1	0.13	1	0	0.87	unphased	0.60430424394129	0.60430424394129	1
2	27684179	27684180	66	26	1.39	3	1	0.13	1	0	0.87	unphased	1.03019888991674	1.03019888991674	1
2	30998811	30998812	65	11	1.39	3	1	0.13	1	0	0.87	unphased	0.527611982082867	0.527611982082867	1
2	33500941	33500942	73	10	1.39	3	1	0.13	1	0	0.87	unphased	0.439195078185081	0.439195078185081	1
2	37002154	37002155	45	5	1.39	3	1	0.13	1	0	0.87	unphased	0.364531914893617	0.364531914893617	1
2	37374957	37374958	49	11	1.39	3	1	0.13	1	0	0.87	unphased	0.668308510638298	0.668308510638298	1
2	39089398	39089399	41	6	1.39	3	1	0.13	1	0	0.87	unphased	0.465359891353554	0.465359891353554	1
2	42996924	42996925	48	7	1.39	3	1	0.13	1	0	0.87	unphased	0.463949709864603	0.463949709864603	1
2	45832511	45832512	69	12	1.39	3	1	0.13	1	0	0.87	unphased	0.540047281323877	0.540047281323877	1
2	49190183	49190184	32	8	1.39	3	1	0.13	1	0	0.87	unphased	0.729063829787234	0.729063829787234	1
2	50699458	50699459	36	9	1.39	3	1	0.13	1	0	0.87	unphased	0.729063829787234	0.729063829787234	1
2	54080607	54080608	61	44	1.39	3	1	0.13	1	0	0.87	unphased	1.5275623100304	1.21235103970666	1.26
2	61002257	61002258	22	6	1.39	3	1	0.13	1	0	0.87	unphased	0.781139817629179	0.781139817629179	1
2	63176203	63176204	44	13	1.39	3	1	0.13	1	0	0.87	unphased	0.831388577827548	0.831388577827548	1
2	69002149	69002150	8	7	1.45	3	1	0.15	1	0	0.85	unphased	1.72914893617021	1.72914893617021	1
2	69046399	69046400	103	16	1.45	3	1	0.15	1	0	0.85	unphased	0.498194171285536	0.498194171285536	1
2	69409642	69409643	47	29	1.45	3	1	0.15	1	0	0.85	unphased	1.41387178051512	1.08759367731932	1.3
2	70187819	70187820	103	17	1.45	3	1	0.15	1	0	0.85	unphased	0.524920212765957	0.524920212765957	1
2	71351515	71351516	125	17	1.45	3	1	0.15	1	0	0.85	unphased	0.443594545999401	0.443594545999401	1
2	71838379	71838380	27	7	1.45	3	1	0.15	1	0	0.85	unphased	0.762859824780976	0.762859824780976	1
2	73476156	73476157	38	20	1.45	3	1	0.15	1	0	0.85	unphased	1.27769625825385	1.27769625825385	1
2	77745791	77745792	34	27	3	3	0	1	NA	NA	NA	unphased	2.32612486920126	1.16306243460063	2
2	79347992	79347993	26	8	3	3	0	1	NA	NA	NA	unphased	1.23654568210263	1.23654568210263	1
2	89161396	89161397	42	47	NA	NA	NA	NA	NA	NA	NA	unphased	NA	NA	1
2	89544458	89544459	68	8	NA	NA	NA	NA	NA	NA	NA	unphased	NA	NA	1
2	90060796	90060797	24	9	NA	NA	NA	NA	NA	NA	NA	unphased	NA	NA	1
2	90121910	90121911	170	60	NA	NA	NA	NA	NA	NA	NA	unphased	NA	NA	1
2	90249213	90249214	198	24	NA	NA	NA	NA	NA	NA	NA	unphased	NA	NA	1
2	95488793	95488794	141	19	4.65	5	1	0.73	1	0	0.27	unphased	0.82000664893617	0.82000664893617	1
2	96458250	96458251	48	14	4.65	5	1	0.73	1	0	0.27	unphased	1.55926561427591	1.55926561427591	1
2	98351740	98351741	63	7	3.16	3	1	0.72	1	0	0.28	unphased	0.541531914893617	0.752127659574468	0.72
2	99012652	99012653	58	14	3.16	3	1	0.72	1	0	0.28	unphased	1.05297872340426	1.05297872340426	1
2	99812038	99812039	150	86	3.66	3	1	0.83	1	1	0.17	unphased	2.15558240173098	1.17791388072731	1.83
2	101592002	101592003	43	19	3.66	3	1	0.83	1	1	0.17	unphased	1.81275909402883	0.990578739906462	1.83
2	108618455	108618456	44	19	3.66	3	1	0.83	1	1	0.17	unphased	1.78398514015535	0.974855267844455	1.83
2	108626751	108626752	37	17	3.66	3	1	0.83	1	1	0.17	unphased	1.86223010244287	1.01761207783763	1.83
2	110049061	110049062	20	10	3.66	3	1	0.83	1	1	0.17	unphased	1.97177304964539	1.07747161182808	1.83
2	124999951	124999952	34	19	3.66	3	1	0.83	1	1	0.17	unphased	2.12058610999599	1.15879022404152	1.83
2	125281885	125281886	25	24	3.66	3	1	0.83	1	1	0.17	unphased	2.89729917498914	1.02378062720464	2.83
2	125530502	125530503	37	34	3.66	3	1	0.83	1	1	0.17	unphased	2.83268804315253	1.0009498385698	2.83
2	125669110	125669111	7	5	3.66	3	1	0.83	1	1	0.17	unphased	2.46471631205674	0.926585079720578	2.66
2	131487660	131487661	24	36	3.66	3	1	0.83	1	1	0.17	unphased	3.5491914893617	1.25413126832569	2.83
2	132276852	132276853	5	10	3.66	3	1	0.83	1	1	0.17	unphased	3.94354609929078	1.39347918702854	2.83
2	135625269	135625270	18	19	3.66	3	1	0.83	1	1	0.17	unphased	3.03759631972398	1.07335559000847	2.83
2	142004851	142004852	35	36	2.72	3	0	0.86	0	1	0.14	unphased	2.52269703326341	0.977789547776516	2.58
2	149539296	149539297	133	8	4.46	5	0	0.82	1	1	0.18	unphased	0.381011015542478	0.381011015542478	1
2	152374922	152374923	131	8	1.06	3	1	0.02	0	1	0.98	unphased	0.190809735190571	0.190809735190571	1
2	160076236	160076237	18	28	1.06	3	1	0.02	0	1	0.98	unphased	2.01802035152636	0.999019976003151	2.02
2	168101797	168101798	62	15	1.06	3	1	0.02	0	1	0.98	unphased	0.645841392649903	0.645841392649903	1
2	168106534	168106535	110	8	1.06	3	1	0.02	0	1	0.98	unphased	0.224767399927876	0.224767399927876	1
2	169814625	169814626	36	31	1.06	3	1	0.02	0	1	0.98	unphased	1.53395363607494	0.759382988155913	2.02
2	170062924	170062925	44	6	1.06	3	1	0.02	0	1	0.98	unphased	0.39783829787234	0.39783829787234	1
2	170062925	170062926	45	6	1.06	3	1	0.02	0	1	0.98	unphased	0.390037546933667	0.390037546933667	1
2	171709292	171709293	40	21	1.06	3	1	0.02	0	1	0.98	unphased	1.14133937914196	1.14133937914196	1
2	172712450	172712451	109	26	1.06	3	1	0.02	0	1	0.98	unphased	0.638505910165485	0.638505910165485	1
2	176982279	176982280	36	8	4.84	3	2	0.96	0	1	0.04	unphased	1.2900580270793	1.2900580270793	1
2	177034271	177034272	72	31	4.84	3	2	0.96	0	1	0.04	unphased	2.13548440404875	1.08953285920855	1.96
2	177202251	177202252	101	40	4.84	3	2	0.96	0	1	0.04	unphased	2.0128564961521	1.0269676000776	1.96
2	178482256	178482257	121	81	4.84	3	2	0.96	0	1	0.04	unphased	2.84515272803876	0.987900252791237	2.88
2	179412918	179412919	160	51	4.84	3	2	0.96	0	1	0.04	unphased	1.71498235353434	0.893219975799133	1.92
2	179443891	179443892	88	39	4.84	3	2	0.96	0	1	0.04	unphased	2.17887753392528	1.11167221118637	1.96
2	179452853	179452854	32	17	4.84	3	2	0.96	0	1	0.04	unphased	2.46164133738602	0.854736575481256	2.88
2	179455491	179455492	99	29	4.84	3	2	0.96	0	1	0.04	unphased	1.60753324468085	0.837256898271277	1.92
2	179460332	179460333	9	7	4.84	3	2	0.96	0	1	0.04	unphased	3.10420212765957	1.04871693502013	2.96
2	179475958	179475959	38	15	4.84	3	2	0.96	0	1	0.04	unphased	2.00810919309514	1.0245455066812	1.96
2	179534372	179534373	145	61	4.84	3	2	0.96	0	1	0.04	unphased	2.10104110720925	1.07195974857615	1.96
2	179575618	179575619	78	33	4.84	3	2	0.96	0	1	0.04	unphased	2.10941920644048	1.07623428900025	1.96
2	179610929	179610930	39	35	4.84	3	2	0.96	0	1	0.04	unphased	3.35589419206441	1.1337480378596	2.96
2	185803013	185803014	63	20	4.84	3	2	0.96	0	1	0.04	unphased	1.70971545757498	0.890476800820303	1.92
2	190331240	190331241	60	21	4.84	3	2	0.96	0	1	0.04	unphased	1.83952718676123	0.95808707643814	1.92
2	190924988	190924989	102	17	4.84	3	2	0.96	0	1	0.04	unphased	1.0136170212766	1.0136170212766	1
2	202899354	202899355	13	9	2.9	3	0	0.95	0	1	0.05	unphased	2.10899419729207	1.08153548579081	1.95
2	209190081	209190082	18	22	2.9	3	0	0.95	0	1	0.05	unphased	2.83542553191489	0.994886151549086	2.85
2	219602601	219602602	33	39	2.9	3	0	0.95	0	1	0.05	unphased	2.79246453900709	0.979812118949857	2.85
2	220506519	220506520	7	9	2.9	3	0	0.95	0	1	0.05	unphased	2.8998670212766	0.999954145267792	2.9
2	222290644	222290645	32	4	2.9	3	0	0.95	0	1	0.05	unphased	0.572813238770686	0.572813238770686	1
2	232577902	232577903	12	11	2.72	3	0	0.72	1	1	0.28	unphased	2.37950046253469	0.975205107596184	2.44
2	233527617	233527618	23	16	2.72	3	0	0.72	1	1	0.28	unphased	2.04115657392253	0.836539579476447	2.44
2	233986826	233986827	45	38	2.72	3	0	0.72	1	1	0.28	unphased	2.27785695975391	0.933547934325372	2.44
2	234591120	234591121	69	75	2.72	3	0	0.72	1	1	0.28	unphased	2.59131205673759	0.952688256153525	2.72
2	240016747	240016748	22	27	2.72	3	0	0.72	1	1	0.28	unphased	2.74150238818932	1.00790528977548	2.72
2	241658611	241658612	43	34	2.72	3	0	0.72	1	1	0.28	unphased	2.19689416966013	0.900366462975462	2.44
2	242192393	242192394	48	41	2.72	3	0	0.72	1	1	0.28	unphased	2.29200095625149	0.939344654201432	2.44
20	1961249	1961250	36	41	3	3	0	1	NA	NA	NA	unphased	2.79828681956341	0.932762273187805	3
20	9401950	9401951	13	17	3	3	0	1	NA	NA	NA	unphased	2.97801418439716	0.992671394799054	3
20	18448233	18448234	8	5	3	3	0	1	NA	NA	NA	unphased	2.02127659574468	2.02127659574468	1
20	20171994	20171995	19	12	3	3	0	1	NA	NA	NA	unphased	2.03431708991078	1.01715854495539	2
20	20621384	20621385	34	20	2	2	0	1	NA	NA	NA	unphased	1.57604412923562	0.788022064617809	2
20	25456756	25456757	57	7	1.39	2	2	0.13	1	0	0.87	unphased	0.398706781914894	0.398706781914894	1
20	30602788	30602789	63	18	5.62	5	2	0.77	1	0	0.23	unphased	1.75007092198582	0.988740633890291	1.77
20	31436639	31436640	17	4	5.62	5	2	0.77	1	0	0.23	unphased	1.50006079027356	1.50006079027356	1
20	31590676	31590677	32	5	5.62	5	2	0.77	1	0	0.23	unphased	1.06423231742381	1.06423231742381	1
20	31607501	31607502	11	15	5.62	5	2	0.77	1	0	0.23	unphased	4.54345335515548	1.0007606509153	4.54
20	31671496	31671497	28	14	5.62	5	2	0.77	1	0	0.23	unphased	2.62510638297872	1.03350644999162	2.54
20	31811648	31811649	88	9	5.62	5	2	0.77	1	0	0.23	unphased	0.730699714849748	0.730699714849748	1
20	31873901	31873902	71	30	5.62	5	2	0.77	1	0	0.23	unphased	2.3392037076048	0.920946341576694	2.54
20	34242933	34242934	91	78	6	4	2	1	NA	NA	NA	unphased	3.810147299509	0.952536824877251	4
20	35128703	35128704	23	4	2	2	0	1	NA	NA	NA	unphased	0.630417651694247	0.630417651694247	1
20	41306546	41306547	102	22	4.5	4	2	0.7	1	0	0.3	unphased	1.19852436513384	1.19852436513384	1
20	42315649	42315650	28	11	4.5	4	2	0.7	1	0	0.3	unphased	1.90534642662302	1.1207920156606	1.7
20	44483869	44483870	78	15	4.5	4	2	0.7	1	0	0.3	unphased	1.08956760466712	1.08956760466712	1
20	44527173	44527174	5	8	4.5	4	2	0.7	1	0	0.3	unphased	4.15711947626841	1.12354580439687	3.7
20	45016066	45016067	24	20	4.5	4	2	0.7	1	0	0.3	unphased	3.0705996131528	0.99051600424284	3.1
20	47990133	47990134	59	17	4.5	4	2	0.7	1	0	0.3	unphased	1.51105823068309	0.888857782754759	1.7
20	50776751	50776752	69	72	4.5	4	2	0.7	1	0	0.3	unphased	3.44952467179719	1.01456607994035	3.4
20	55027042	55027043	30	27	2	2	0	1	NA	NA	NA	unphased	2.01567749160134	1.00783874580067	2
20	56099116	56099117	127	82	2.68	3	2	0.42	1	0	0.58	unphased	1.9363453120228	1.05236158262109	1.84
20	57242622	57242623	36	11	2	2	0	1	NA	NA	NA	unphased	0.995925758261657	0.995925758261657	1
20	60503461	60503462	21	17	2	2	0	1	NA	NA	NA	unphased	1.9036954087346	0.951847704367301	2
20	62842682	62842683	58	38	NA	NA	NA	NA	NA	NA	NA	unphased	NA	NA	1
21	10910395	10910396	89	12	NA	NA	NA	NA	NA	NA	NA	unphased	NA	NA	1
21	15554097	15554098	19	3	2	2	0	1	NA	NA	NA	unphased	0.58027079303675	0.58027079303675	1
21	27066163	27066164	53	13	2	2	0	1	NA	NA	NA	unphased	0.838168923275306	0.838168923275306	1
21	27141329	27141330	61	15	2	2	0	1	NA	NA	NA	unphased	0.83986562150056	0.83986562150056	1
21	27372438	27372439	17	4	2	2	0	1	NA	NA	NA	unphased	0.810536980749747	0.810536980749747	1
21	34924259	34924260	17	7	2	2	0	1	NA	NA	NA	unphased	1.24113475177305	1.24113475177305	1
21	45994746	45994747	75	18	2	2	0	1	NA	NA	NA	unphased	0.823610157858614	0.823610157858614	1
21	46925828	46925829	28	6	2	2	0	1	NA	NA	NA	unphased	0.750938673341677	0.750938673341677	1
21	47836081	47836082	20	6	NA	NA	NA	NA	NA	NA	NA	unphased	NA	NA	1
21	47918561	47918562	80	17	NA	NA	NA	NA	NA	NA	NA	unphased	NA	NA	1
22	17447153	17447154	14	14	3	3	0	1	NA	NA	NA	unphased	2.62765957446808	0.875886524822695	3
22	19511546	19511547	9	10	5	5	0	1	NA	NA	NA	unphased	3.81858902575588	0.95464725643897	4
22	21096602	21096603	98	38	5	5	0	1	NA	NA	NA	unphased	2.02722152690864	1.01361076345432	2
22	21288525	21288526	43	16	5	5	0	1	NA	NA	NA	unphased	1.96754417598269	0.983772087991345	2
22	22931055	22931056	209	74	5	5	0	1	NA	NA	NA	unphased	1.89715059018119	0.948575295090595	2
22	23401852	23401853	32	61	5	5	0	1	NA	NA	NA	unphased	4.75886524822695	0.95177304964539	5
22	26224835	26224836	38	12	5	5	0	1	NA	NA	NA	unphased	1.74127659574468	0.87063829787234	2
22	29707966	29707967	34	17	5	5	0	1	NA	NA	NA	unphased	2.41843971631206	0.806146572104019	3
22	30035097	30035098	17	36	5	5	0	1	NA	NA	NA	unphased	4.92814130871136	0.985628261742272	5
22	36691010	36691011	50	103	5	5	0	1	NA	NA	NA	unphased	4.88429981921847	0.976859963843694	5
22	36692950	36692951	35	12	5	5	0	1	NA	NA	NA	unphased	1.85242191036668	0.926210955183341	2
22	38130843	38130844	22	28	5	5	0	1	NA	NA	NA	unphased	4.06297872340426	1.01574468085106	4
22	38130996	38130997	22	26	5	5	0	1	NA	NA	NA	unphased	3.92996453900709	0.982491134751773	4
22	38131245	38131246	15	35	5	5	0	1	NA	NA	NA	unphased	5.07872340425532	1.01574468085106	5
22	39629505	39629506	21	18	3	3	0	1	NA	NA	NA	unphased	2.42553191489362	0.808510638297872	3
22	50750579	50750580	13	5	NA	NA	NA	NA	NA	NA	NA	unphased	NA	NA	1
3	3139614	3139615	34	10	3	3	0	1	NA	NA	NA	unphased	1.19439071566731	1.19439071566731	1
3	9782561	9782562	30	16	3	3	0	1	NA	NA	NA	unphased	1.82793709528215	0.913968547641073	2
3	10861481	10861482	42	13	3	3	0	1	NA	NA	NA	unphased	1.242166344294	1.242166344294	1
3	11383695	11383696	62	39	3	3	0	1	NA	NA	NA	unphased	2.02928165156941	1.01464082578471	2
3	16254179	16254180	30	53	3	3	0	1	NA	NA	NA	unphased	3.35580620353755	1.11860206784585	3
3	27244047	27244048	15	17	3	3	0	1	NA	NA	NA	unphased	2.79188829787234	0.930629432624114	3
3	32495814	32495815	15	4	3	3	0	1	NA	NA	NA	unphased	1.1063829787234	1.1063829787234	1
3	36422171	36422172	5	6	3	3	0	1	NA	NA	NA	unphased	2.86653771760155	0.955512572533849	3
3	38770298	38770299	75	14	3	3	0	1	NA	NA	NA	unphased	0.826679416686589	0.826679416686589	1
3	38781047	38781048	14	28	3	3	0	1	NA	NA	NA	unphased	3.50354609929078	1.16784869976359	3
3	38968410	38968411	46	23	3	3	0	1	NA	NA	NA	unphased	1.75177304964539	0.875886524822695	2
3	39307071	39307072	98	25	3	3	0	1	NA	NA	NA	unphased	1.06815429856426	1.06815429856426	1
3	40571727	40571728	31	23	3	3	0	1	NA	NA	NA	unphased	2.23837667454689	1.11918833727344	2
3	46541959	46541960	121	24	3	3	0	1	NA	NA	NA	unphased	0.86984592809978	0.86984592809978	1
3	46945047	46945048	47	18	3	3	0	1	NA	NA	NA	unphased	1.45531914893617	1.45531914893617	1
3	48473986	48473987	33	7	3	3	0	1	NA	NA	NA	unphased	0.91968085106383	0.91968085106383	1
3	49692794	49692795	18	10	3	3	0	1	NA	NA	NA	unphased	1.87689969604863	0.938449848024316	2
3	64547255	64547256	46	24	3	3	0	1	NA	NA	NA	unphased	1.80182370820669	0.900911854103344	2
3	66502050	66502051	62	29	3	3	0	1	NA	NA	NA	unphased	1.67477203647416	0.837386018237082	2
3	97983217	97983218	124	39	4	2	2	1	NA	NA	NA	unphased	1.49667145281295	0.748335726406474	2
3	97983943	97983944	54	18	4	2	2	1	NA	NA	NA	unphased	1.56382978723404	0.781914893617021	2
3	100287757	100287758	102	53	4	2	2	1	NA	NA	NA	unphased	2.13891557995882	1.06945778997941	2
3	101283907	101283908	69	23	4	2	2	1	NA	NA	NA	unphased	1.56382978723404	0.781914893617021	2
3	105252516	105252517	66	21	4	2	2	1	NA	NA	NA	unphased	1.50990462215701	0.754952311078503	2
3	108474548	108474549	29	10	4	2	2	1	NA	NA	NA	unphased	1.60392798690671	1.60392798690671	1
3	113329853	113329854	72	35	4	2	2	1	NA	NA	NA	unphased	2.04613243189501	1.0230662159475	2
3	115571359	115571360	38	5	4	2	2	1	NA	NA	NA	unphased	0.727362691736764	0.727362691736764	1
3	120977892	120977893	46	25	4	2	2	1	NA	NA	NA	unphased	2.20257716511837	1.10128858255918	2
3	121100297	121100298	86	24	4	2	2	1	NA	NA	NA	unphased	1.36479690522244	1.36479690522244	1
3	121230773	121230774	75	14	4	2	2	1	NA	NA	NA	unphased	0.983982787473105	0.983982787473105	1
3	121340751	121340752	28	8	4	2	2	1	NA	NA	NA	unphased	1.39007092198582	1.39007092198582	1
3	121445852	121445853	37	14	4	2	2	1	NA	NA	NA	unphased	1.7171464330413	0.858573216520651	2
3	123687972	123687973	22	10	4	2	2	1	NA	NA	NA	unphased	1.95478723404255	0.977393617021277	2
3	124114074	124114075	15	9	4	2	2	1	NA	NA	NA	unphased	2.34574468085106	1.17287234042553	2
3	124431862	124431863	41	4	4	2	2	1	NA	NA	NA	unphased	0.556028368794326	0.556028368794326	1
3	126268733	126268734	21	8	4	2	2	1	NA	NA	NA	unphased	1.72560528246515	1.72560528246515	1
3	126749202	126749203	64	24	4	2	2	1	NA	NA	NA	unphased	1.70599613152805	0.852998065764023	2
3	128204865	128204866	22	4	4	2	2	1	NA	NA	NA	unphased	0.962356792144026	0.962356792144026	1
3	130188023	130188024	66	9	4	2	2	1	NA	NA	NA	unphased	0.75063829787234	0.75063829787234	1
3	132203455	132203456	87	10	4	2	2	1	NA	NA	NA	unphased	0.644878262776925	0.644878262776925	1
3	133098819	133098820	66	12	4	2	2	1	NA	NA	NA	unphased	0.962356792144026	0.962356792144026	1
3	133099217	133099218	40	12	4	2	2	1	NA	NA	NA	unphased	1.44353518821604	1.44353518821604	1
3	133526598	133526599	42	18	4	2	2	1	NA	NA	NA	unphased	1.87659574468085	0.938297872340426	2
3	134269058	134269059	87	32	4	2	2	1	NA	NA	NA	unphased	1.68210262828536	0.841051314142678	2
3	138738742	138738743	17	12	4	2	2	1	NA	NA	NA	unphased	2.58840792369773	1.29420396184886	2
3	140140018	140140019	103	18	4	2	2	1	NA	NA	NA	unphased	0.930543344469844	0.930543344469844	1
3	141526696	141526697	43	11	4	2	2	1	NA	NA	NA	unphased	1.274231678487	1.274231678487	1
3	141595612	141595613	16	5	4	2	2	1	NA	NA	NA	unphased	1.48936170212766	1.48936170212766	1
3	142455267	142455268	52	19	4	2	2	1	NA	NA	NA	unphased	1.67395864548996	0.83697932274498	2
3	151171200	151171201	73	17	4	2	2	1	NA	NA	NA	unphased	1.18156028368794	1.18156028368794	1
3	154147143	154147144	90	14	4	2	2	1	NA	NA	NA	unphased	0.842062193126023	0.842062193126023	1
3	158317861	158317862	65	23	4	2	2	1	NA	NA	NA	unphased	1.63491295938104	0.817456479690522	2
3	164712056	164712057	41	7	4	2	2	1	NA	NA	NA	unphased	0.912234042553192	0.912234042553192	1
3	169485439	169485440	145	31	4	2	2	1	NA	NA	NA	unphased	1.10178916827853	1.10178916827853	1
3	176769496	176769497	47	7	4	2	2	1	NA	NA	NA	unphased	0.810874704491726	0.810874704491726	1
3	179131505	179131506	46	9	4	2	2	1	NA	NA	NA	unphased	1.02359767891683	1.02359767891683	1
3	180377512	180377513	46	11	4	2	2	1	NA	NA	NA	unphased	1.20716685330347	1.20716685330347	1
3	180685921	180685922	59	7	4	2	2	1	NA	NA	NA	unphased	0.663442940038685	0.663442940038685	1
3	183907719	183907720	36	13	4	2	2	1	NA	NA	NA	unphased	1.65957446808511	0.829787234042553	2
3	184040982	184040983	95	18	4	2	2	1	NA	NA	NA	unphased	0.996422519299567	0.996422519299567	1
3	184042713	184042714	66	13	4	2	2	1	NA	NA	NA	unphased	1.02935631564772	1.02935631564772	1
3	184294688	184294689	83	13	4	2	2	1	NA	NA	NA	unphased	0.847074468085106	0.847074468085106	1
3	186940979	186940980	32	17	4	2	2	1	NA	NA	NA	unphased	2.17021276595745	1.08510638297872	2
3	187386957	187386958	217	83	4	2	2	1	NA	NA	NA	unphased	1.73063829787234	0.86531914893617	2
3	194062501	194062502	36	11	4	2	2	1	NA	NA	NA	unphased	1.46401086464464	1.46401086464464	1
3	194081182	194081183	179	55	4	2	2	1	NA	NA	NA	unphased	1.47026732133115	0.735133660665576	2
3	194373676	194373677	70	24	4	2	2	1	NA	NA	NA	unphased	1.59710276143051	0.798551380715256	2
3	197239158	197239159	23	16	4	2	2	1	NA	NA	NA	unphased	2.56628477905074	1.28314238952537	2
3	197707241	197707242	77	28	NA	NA	NA	NA	NA	NA	NA	unphased	NA	NA	1
4	1207351	1207352	21	13	2.4	2	1	0.4	1	1	0.6	unphased	1.77997496871089	1.27141069193635	1.4
4	4199532	4199533	35	16	3.19	3	1	0.73	1	0	0.27	unphased	1.70833541927409	0.987477120967684	1.73
4	6862820	6862821	95	30	3.38	3	1	0.69	1	1	0.31	unphased	1.35247659574468	0.800282009316379	1.69
4	7044214	7044215	33	9	3.38	3	1	0.69	1	1	0.31	unphased	1.20756838905775	1.20756838905775	1
4	8609034	8609035	49	24	4.36	3	2	0.84	0	1	0.16	unphased	2.17489944622559	0.863055335803806	2.52
4	13602545	13602546	67	8	1.09	3	1	0.03	0	1	0.97	unphased	0.356834042553191	0.356834042553191	1
4	27000892	27000893	26	22	1.09	3	1	0.03	0	1	0.97	unphased	1.53327127659574	0.755306047584111	2.03
4	36296595	36296596	16	3	1.09	3	1	0.03	0	1	0.97	unphased	0.528208286674132	0.528208286674132	1
4	44713027	44713028	78	14	1.09	3	1	0.03	0	1	0.97	unphased	0.509070305272896	0.509070305272896	1
4	46305528	46305529	61	39	1.09	3	1	0.03	0	1	0.97	unphased	1.30467446808511	1.23082496989161	1.06
4	46390738	46390739	94	45	1.09	3	1	0.03	0	1	0.97	unphased	1.08301699066279	1.08301699066279	1
4	46995465	46995466	24	15	1.09	3	1	0.03	0	1	0.97	unphased	1.2866612111293	1.2866612111293	1
4	47033569	47033570	21	5	1.09	3	1	0.03	0	1	0.97	unphased	0.643330605564648	0.643330605564648	1
4	47939826	47939827	72	17	1.09	3	1	0.03	0	1	0.97	unphased	0.638993545302414	0.638993545302414	1
4	48115300	48115301	84	14	NA	NA	NA	NA	NA	NA	NA	unphased	NA	NA	1
4	54440230	54440231	41	15	10	7	3	1	NA	NA	NA	unphased	3.28267477203647	1.09422492401216	3
4	54930366	54930367	6	5	10	7	3	1	NA	NA	NA	unphased	5.5705996131528	0.928433268858801	6
4	55156542	55156543	278	26	10	7	3	1	NA	NA	NA	unphased	1.0481522956327	1.0481522956327	1
4	55592145	55592146	49	188	10	7	3	1	NA	NA	NA	unphased	9.72151898734177	1.38878842676311	7
4	55599351	55599352	397	25	10	7	3	1	NA	NA	NA	unphased	0.726026015932238	0.726026015932238	1
4	57798238	57798239	32	55	3	3	0	1	NA	NA	NA	unphased	3.32232819760333	1.10744273253444	3
4	70066418	70066419	51	35	3	3	0	1	NA	NA	NA	unphased	2.13879267689263	1.06939633844631	2
4	70146510	70146511	88	20	3	3	0	1	NA	NA	NA	unphased	0.973207249802994	0.973207249802994	1
4	73434419	73434420	20	21	3	3	0	1	NA	NA	NA	unphased	2.69174883238194	0.89724961079398	3
4	74275096	74275097	58	10	3	3	0	1	NA	NA	NA	unphased	0.772841051314143	0.772841051314143	1
4	76570809	76570810	28	36	3	3	0	1	NA	NA	NA	unphased	2.9561170212766	0.985372340425532	3
4	77230772	77230773	17	17	3	3	0	1	NA	NA	NA	unphased	2.62765957446808	0.875886524822695	3
4	79353584	79353585	7	13	3	3	0	1	NA	NA	NA	unphased	3.41595744680851	1.1386524822695	3
4	88766731	88766732	38	21	3	3	0	1	NA	NA	NA	unphased	1.87053732419762	0.93526866209881	2
4	88989209	88989210	42	29	3	3	0	1	NA	NA	NA	unphased	2.14653880731196	1.07326940365598	2
4	98893522	98893523	27	36	3	3	0	1	NA	NA	NA	unphased	3.00303951367781	1.00101317122594	3
4	100515904	100515905	34	27	3	3	0	1	NA	NA	NA	unphased	2.32612486920126	1.16306243460063	2
4	113348772	113348773	11	5	3	3	0	1	NA	NA	NA	unphased	1.64228723404255	1.64228723404255	1
4	113568584	113568585	166	28	3	3	0	1	NA	NA	NA	unphased	0.758499670980478	0.758499670980478	1
4	114282010	114282011	2	5	3	3	0	1	NA	NA	NA	unphased	3.75379939209726	1.25126646403242	3
4	115891699	115891700	29	12	3	3	0	1	NA	NA	NA	unphased	1.53814218993254	1.53814218993254	1
4	123207784	123207785	54	21	3	3	0	1	NA	NA	NA	unphased	1.47148936170213	0.735744680851064	2
4	123333782	123333783	31	51	3	3	0	1	NA	NA	NA	unphased	3.26855215360664	1.08951738453555	3
4	125599907	125599908	97	57	3	3	0	1	NA	NA	NA	unphased	1.94515059408676	0.972575297043382	2
4	126412467	126412468	44	9	3	3	0	1	NA	NA	NA	unphased	0.892412685668406	0.892412685668406	1
4	144390294	144390295	28	22	3	3	0	1	NA	NA	NA	unphased	2.31234042553191	1.15617021276596	2
4	155254548	155254549	22	15	3	3	0	1	NA	NA	NA	unphased	2.13053479010926	1.06526739505463	2
4	155459239	155459240	23	4	3	3	0	1	NA	NA	NA	unphased	0.778565799842395	0.778565799842395	1
4	167020662	167020663	49	51	3	3	0	1	NA	NA	NA	unphased	2.68021276595745	0.893404255319149	3
4	169337863	169337864	44	22	3	3	0	1	NA	NA	NA	unphased	1.75177304964539	0.875886524822695	2
4	173150830	173150831	22	16	3	3	0	1	NA	NA	NA	unphased	2.21276595744681	1.1063829787234	2
4	178897010	178897011	79	8	3	3	0	1	NA	NA	NA	unphased	0.483247737833211	0.483247737833211	1
4	184431871	184431872	12	18	3	3	0	1	NA	NA	NA	unphased	3.1531914893617	1.05106382978723	3
4	187549469	187549470	13	11	3	3	0	1	NA	NA	NA	unphased	2.40868794326241	0.80289598108747	3
4	188924663	188924664	45	5	NA	NA	NA	NA	NA	NA	NA	unphased	NA	NA	1
5	5182169	5182170	118	57	6	6	0	1	NA	NA	NA	unphased	2.68887537993921	0.89629179331307	3
5	5489490	5489491	5	9	6	6	0	1	NA	NA	NA	unphased	5.30699088145897	1.06139817629179	5
5	6651983	6651984	75	32	6	6	0	1	NA	NA	NA	unphased	2.46888049313979	0.82296016437993	3
5	6668312	6668313	47	20	6	6	0	1	NA	NA	NA	unphased	2.46427437281677	0.821424790938922	3
5	7709422	7709423	27	13	6	6	0	1	NA	NA	NA	unphased	2.68297872340426	0.894326241134752	3
5	7826895	7826896	111	38	6	6	0	1	NA	NA	NA	unphased	2.10538340711124	1.05269170355562	2
5	7869242	7869243	30	45	6	6	0	1	NA	NA	NA	unphased	4.9531914893617	0.99063829787234	5
5	9629795	9629796	32	16	6	6	0	1	NA	NA	NA	unphased	2.75177304964539	0.91725768321513	3
5	16689975	16689976	80	34	1.9	6	0	0.18	1	0	0.82	unphased	1.23930571108623	1.23930571108623	1
5	21975226	21975227	106	40	1.9	6	0	0.18	1	0	0.82	unphased	1.13844360244827	1.13844360244827	1
5	35867467	35867468	73	35	1.9	6	0	0.18	1	0	0.82	unphased	1.34663120567376	0.990170004171881	1.36
5	37000523	37000524	18	67	1.9	6	0	0.18	1	0	0.82	unphased	3.27536921151439	0.974812265331665	3.36
5	41057272	41057273	17	32	1.9	6	0	0.18	1	0	0.82	unphased	2.71367781155015	0.997675666011085	2.72
5	41934477	41934478	7	11	1.9	6	0	0.18	1	0	0.82	unphased	2.53936170212766	0.999748701625063	2.54
5	45303822	45303823	71	41	1.9	6	0	0.18	1	0	0.82	unphased	1.52114361702128	0.987755595468361	1.54
5	45303823	45303824	72	41	1.9	6	0	0.18	1	0	0.82	unphased	1.50768216908304	0.979014395508464	1.54
5	45462082	45462083	44	16	1.9	6	0	0.18	1	0	0.82	unphased	1.10808510638298	1.10808510638298	1
5	52780902	52780903	39	24	2	2	0	1	NA	NA	NA	unphased	1.62107396149949	0.810536980749747	2
5	60188318	60188319	13	14	2	2	0	1	NA	NA	NA	unphased	2.20646178092987	1.10323089046493	2
5	70837291	70837292	37	9	3	3	0	1	NA	NA	NA	unphased	1.02821461609621	1.02821461609621	1
5	71493546	71493547	31	18	3	3	0	1	NA	NA	NA	unphased	1.93052540165002	0.965262700825011	2
5	71756483	71756484	68	14	3	3	0	1	NA	NA	NA	unphased	0.89724961079398	0.89724961079398	1
5	79026606	79026607	26	5	3	3	0	1	NA	NA	NA	unphased	0.847632120796156	0.847632120796156	1
5	89924617	89924618	21	23	2	2	0	1	NA	NA	NA	unphased	2.22437137330754	1.11218568665377	2
5	94050557	94050558	86	20	2	2	0	1	NA	NA	NA	unphased	0.802890405459655	0.802890405459655	1
5	102363901	102363902	26	27	2	2	0	1	NA	NA	NA	unphased	2.16780409474107	1.08390204737053	2
5	118728654	118728655	12	21	2	2	0	1	NA	NA	NA	unphased	2.70793036750484	1.35396518375242	2
5	127681161	127681162	13	14	2	2	0	1	NA	NA	NA	unphased	2.20646178092987	1.10323089046493	2
5	138661000	138661001	5	3	2	2	0	1	NA	NA	NA	unphased	1.59574468085106	1.59574468085106	1
5	140215672	140215673	45	40	2	2	0	1	NA	NA	NA	unphased	2.00250312891114	1.00125156445557	2
5	140552866	140552867	23	29	2	2	0	1	NA	NA	NA	unphased	2.37315875613748	1.18657937806874	2
5	140731746	140731747	15	12	2	2	0	1	NA	NA	NA	unphased	1.89125295508274	0.945626477541371	2
5	141236852	141236853	10	13	2	2	0	1	NA	NA	NA	unphased	2.40518038852914	1.20259019426457	2
5	141324904	141324905	10	15	2	2	0	1	NA	NA	NA	unphased	2.5531914893617	1.27659574468085	2
5	148627473	148627474	12	16	2	2	0	1	NA	NA	NA	unphased	2.43161094224924	1.21580547112462	2
5	161116111	161116112	15	17	2	2	0	1	NA	NA	NA	unphased	2.26063829787234	1.13031914893617	2
5	161324408	161324409	59	38	2	2	0	1	NA	NA	NA	unphased	1.66703224391314	0.833516121956569	2
5	167643783	167643784	52	5	2	2	0	1	NA	NA	NA	unphased	0.373273609555804	0.373273609555804	1
5	168216617	168216618	16	8	2	2	0	1	NA	NA	NA	unphased	1.41843971631206	1.41843971631206	1
5	169116284	169116285	18	21	2	2	0	1	NA	NA	NA	unphased	2.29132569558101	1.14566284779051	2
5	169506092	169506093	38	19	2	2	0	1	NA	NA	NA	unphased	1.41843971631206	1.41843971631206	1
5	180419833	180419834	16	12	NA	NA	NA	NA	NA	NA	NA	unphased	NA	NA	1
5	180622556	180622557	23	10	NA	NA	NA	NA	NA	NA	NA	unphased	NA	NA	1
6	6182371	6182372	15	8	2	2	0	1	NA	NA	NA	unphased	1.48011100832562	1.48011100832562	1
6	7232079	7232080	15	10	2	2	0	1	NA	NA	NA	unphased	1.70212765957447	0.851063829787234	2
6	10419690	10419691	28	10	2	2	0	1	NA	NA	NA	unphased	1.11982082866741	1.11982082866741	1
6	10725207	10725208	79	47	2	2	0	1	NA	NA	NA	unphased	1.58730158730159	0.793650793650794	2
6	12161766	12161767	23	19	2	2	0	1	NA	NA	NA	unphased	1.92502532928065	0.962512664640324	2
6	17637455	17637456	80	57	7.95	5	4	0.85	1	1	0.15	unphased	4.24600869700264	0.965001976591509	4.4
6	21201498	21201499	61	45	7.95	5	4	0.85	1	1	0.15	unphased	4.33244680851064	0.984647001934236	4.4
6	25554285	25554286	19	11	7.95	5	4	0.85	1	1	0.15	unphased	3.74195035460993	1.01133793367836	3.7
6	26197083	26197084	91	27	7.95	5	4	0.85	1	1	0.15	unphased	2.33511539848539	0.864857554994591	2.7
6	26234617	26234618	59	42	7.95	5	4	0.85	1	1	0.15	unphased	4.24379608173583	0.964499109485417	4.4
6	26393165	26393166	51	57	7.95	5	4	0.85	1	1	0.15	unphased	5.38614066193854	1.11054446637908	4.85
6	26444513	26444514	128	23	7.95	5	4	0.85	1	1	0.15	unphased	1.55445258559955	0.840244640864621	1.85
6	26445990	26445991	85	8	7.95	5	4	0.85	1	1	0.15	unphased	0.87787691603752	0.87787691603752	1
6	27834801	27834802	41	58	5	5	0	1	NA	NA	NA	unphased	4.25059101654846	1.06264775413712	4
6	27841264	27841265	52	8	5	5	0	1	NA	NA	NA	unphased	0.967375886524823	0.967375886524823	1
6	28053317	28053318	175	57	5	5	0	1	NA	NA	NA	unphased	1.78255685986794	0.891278429933969	2
6	28971815	28971816	39	5	5	5	0	1	NA	NA	NA	unphased	0.824468085106383	0.824468085106383	1
6	29054911	29054912	67	16	5	5	0	1	NA	NA	NA	unphased	1.39861573955396	1.39861573955396	1
6	29323494	29323495	96	44	5	5	0	1	NA	NA	NA	unphased	2.28024316109422	1.14012158054711	2
6	29395012	29395013	14	54	5	5	0	1	NA	NA	NA	unphased	5.76157697121402	1.1523153942428	5
6	29524034	29524035	26	25	5	5	0	1	NA	NA	NA	unphased	3.55652899457655	0.889132248644138	4
6	29577153	29577154	19	37	5	5	0	1	NA	NA	NA	unphased	4.79369300911854	0.958738601823708	5
6	29627134	29627135	184	58	5	5	0	1	NA	NA	NA	unphased	1.73887814313346	0.869439071566731	2
6	33246500	33246501	5	7	2	4	2	0.2	1	0	0.8	unphased	2.4822695035461	1.03427895981087	2.4
6	33284034	33284035	59	9	2	4	2	0.2	1	0	0.8	unphased	0.563204005006258	0.563204005006258	1
6	33641417	33641418	81	91	2	4	2	0.2	1	0	0.8	unphased	2.25136071251856	1.02334577841753	2.2
6	35911650	35911651	35	5	3	3	0	1	NA	NA	NA	unphased	0.656914893617021	0.656914893617021	1
6	43403588	43403589	75	14	4.44	3	2	0.86	1	0	0.14	unphased	1.05319627061917	1.05319627061917	1
6	43480032	43480033	39	42	4.44	3	2	0.86	1	0	0.14	unphased	3.47164696611505	1.2138625755647	2.86
6	47846519	47846520	134	13	6.04	6	3	0.63	1	0	0.37	unphased	0.733599652627008	0.733599652627008	1
6	47847510	47847511	46	30	6.04	6	3	0.63	1	0	0.37	unphased	3.27446808510638	1.00443806291607	3.26
6	49986760	49986761	64	39	6.04	6	3	0.63	1	0	0.37	unphased	3.14094608551952	0.963480394331141	3.26
6	50682870	50682871	100	11	6.04	6	3	0.63	1	0	0.37	unphased	0.82205865439908	0.82205865439908	1
6	51799117	51799118	75	6	6.04	6	3	0.63	1	0	0.37	unphased	0.614468085106383	0.614468085106383	1
6	53135397	53135398	58	5	6.04	6	3	0.63	1	0	0.37	unphased	0.658358662613982	0.658358662613982	1
6	53160465	53160466	43	6	6.04	6	3	0.63	1	0	0.37	unphased	1.01575336517586	1.01575336517586	1
6	55196524	55196525	52	39	6.28	6	3	0.66	1	0	0.34	unphased	3.65799392097264	0.999451890976132	3.66
6	55264068	55264069	12	10	6.28	6	3	0.66	1	0	0.34	unphased	3.87969052224371	0.974796613629074	3.98
6	55623909	55623910	65	6	6.28	6	3	0.66	1	0	0.34	unphased	0.721294575966437	0.721294575966437	1
6	56484525	56484526	140	19	6.28	6	3	0.66	1	0	0.34	unphased	1.01994379767162	1.01994379767162	1
6	56879308	56879309	9	9	6.28	6	3	0.66	1	0	0.34	unphased	4.26765957446808	0.992478970806531	4.3
6	56918884	56918885	49	21	6.28	6	3	0.66	1	0	0.34	unphased	2.56059574468085	0.962629979203327	2.66
6	70778344	70778345	28	21	2	3	2	0.25	1	0	0.75	unphased	1.82370820668693	0.810536980749747	2.25
6	75857501	75857502	55	45	5	3	2	1	NA	NA	NA	unphased	3.26489361702128	1.08829787234043	3
6	85448295	85448296	123	45	5	3	2	1	NA	NA	NA	unphased	1.94338905775076	0.97169452887538	2
6	88144697	88144698	42	11	5	3	2	1	NA	NA	NA	unphased	1.50582095543958	1.50582095543958	1
6	90472116	90472117	86	33	5	3	2	1	NA	NA	NA	unphased	2.01197925978902	1.00598962989451	2
6	90482320	90482321	79	38	5	3	2	1	NA	NA	NA	unphased	2.35642844153482	1.17821422076741	2
6	90482390	90482391	99	44	5	3	2	1	NA	NA	NA	unphased	2.23240589198036	1.11620294599018	2
6	90605459	90605460	57	14	5	3	2	1	NA	NA	NA	unphased	1.43062631105784	1.43062631105784	1
6	93964366	93964367	20	12	6	4	2	1	NA	NA	NA	unphased	3.09574468085106	1.03191489361702	3
6	97345749	97345750	19	10	2.12	2	1	0.12	1	1	0.88	unphased	1.50873074101247	1.50873074101247	1
6	97489366	97489367	49	15	2.12	2	1	0.12	1	1	0.88	unphased	1.02546542553191	1.02546542553191	1
6	100838630	100838631	116	45	2.12	2	1	0.12	1	1	0.88	unphased	1.22291529007533	1.22291529007533	1
6	105526585	105526586	51	10	2.12	2	1	0.12	1	1	0.88	unphased	0.717265434251831	0.717265434251831	1
6	106989162	106989163	8	3	2.12	2	1	0.12	1	1	0.88	unphased	1.19326885880077	1.19326885880077	1
6	112451157	112451158	22	4	2.12	2	1	0.12	1	1	0.88	unphased	0.673126022913257	0.673126022913257	1
6	116948887	116948888	71	31	2.12	2	1	0.12	1	1	0.88	unphased	1.3297538589904	1.18728023124143	1.12
6	123892184	123892185	46	21	2.12	2	1	0.12	1	1	0.88	unphased	1.37136868847253	1.37136868847253	1
6	129674307	129674308	20	7	4	2	2	1	NA	NA	NA	unphased	1.62174940898345	1.62174940898345	1
6	132938837	132938838	53	13	4	2	2	1	NA	NA	NA	unphased	1.2321083172147	1.2321083172147	1
6	134350674	134350675	47	34	4	2	2	1	NA	NA	NA	unphased	2.62568951930654	1.31284475965327	2
6	136888769	136888770	26	18	4	2	2	1	NA	NA	NA	unphased	2.55899419729207	1.27949709864604	2
6	138198378	138198379	47	21	4	2	2	1	NA	NA	NA	unphased	1.93178973717146	0.965894868585732	2
6	144820426	144820427	48	14	4	2	2	1	NA	NA	NA	unphased	1.41249142072752	1.41249142072752	1
6	149912012	149912013	9	10	4	2	2	1	NA	NA	NA	unphased	3.29227323628219	1.6461366181411	2
6	150240486	150240487	55	30	4	2	2	1	NA	NA	NA	unphased	2.20775969962453	1.10387984981227	2
6	151107544	151107545	33	19	4	2	2	1	NA	NA	NA	unphased	2.28559738134206	1.14279869067103	2
6	159687194	159687195	96	35	4	2	2	1	NA	NA	NA	unphased	1.67126847490661	0.835634237453305	2
6	161087344	161087345	18	8	4	2	2	1	NA	NA	NA	unphased	1.92471358428805	0.962356792144026	2
6	163483208	163483209	43	16	4	2	2	1	NA	NA	NA	unphased	1.69635773530472	0.848178867652362	2
6	167585691	167585692	8	6	4	2	2	1	NA	NA	NA	unphased	2.68085106382979	1.34042553191489	2
6	167753789	167753790	26	12	4	2	2	1	NA	NA	NA	unphased	1.97536394176932	0.987681970884658	2
6	169646361	169646362	56	11	4	2	2	1	NA	NA	NA	unphased	1.026992696094	1.026992696094	1
6	169649010	169649011	28	6	4	2	2	1	NA	NA	NA	unphased	1.10387984981227	1.10387984981227	1
7	2284213	2284214	66	8	7	5	2	1	NA	NA	NA	unphased	1.00057504312823	1.00057504312823	1
7	3991403	3991404	55	11	7	5	2	1	NA	NA	NA	unphased	1.54255319148936	1.54255319148936	1
7	4218192	4218193	111	17	7	5	2	1	NA	NA	NA	unphased	1.22922207446809	1.22922207446809	1
7	6027049	6027050	67	25	7	5	2	1	NA	NA	NA	unphased	2.51503237742831	0.838344125809436	3
7	6048642	6048643	50	20	7	5	2	1	NA	NA	NA	unphased	2.64437689969605	0.881458966565349	3
7	8167698	8167699	198	49	7	5	2	1	NA	NA	NA	unphased	1.83607545869584	0.91803772934792	2
7	11022090	11022091	26	24	7	5	2	1	NA	NA	NA	unphased	4.44255319148936	1.11063829787234	4
7	11078409	11078410	32	9	7	5	2	1	NA	NA	NA	unphased	2.03165542293721	1.0158277114686	2
7	17930042	17930043	62	25	7	5	2	1	NA	NA	NA	unphased	2.65957446808511	0.886524822695035	3
7	18066587	18066588	156	40	7	5	2	1	NA	NA	NA	unphased	1.88884064264003	0.944420321320017	2
7	18705918	18705919	114	31	7	5	2	1	NA	NA	NA	unphased	1.97872340425532	0.98936170212766	2
7	20784958	20784959	94	20	7	5	2	1	NA	NA	NA	unphased	1.62374020156775	0.811870100783875	2
7	21468912	21468913	29	19	9	7	2	1	NA	NA	NA	unphased	4.4552304964539	0.89104609929078	5
7	21639593	21639594	80	10	9	7	2	1	NA	NA	NA	unphased	1.25059101654846	1.25059101654846	1
7	22533343	22533344	134	20	9	7	2	1	NA	NA	NA	unphased	1.4617297596021	0.73086487980105	2
7	23561451	23561452	59	45	9	7	2	1	NA	NA	NA	unphased	4.87009001636661	0.974018003273322	5
7	27148263	27148264	57	10	5	3	2	1	NA	NA	NA	unphased	1.0828834550651	1.0828834550651	1
7	27209157	27209158	26	9	5	3	2	1	NA	NA	NA	unphased	1.86565349544073	0.932826747720365	2
7	31864491	31864492	111	34	5	3	2	1	NA	NA	NA	unphased	1.70124724871607	0.850623624358034	2
7	34097705	34097706	45	13	5	3	2	1	NA	NA	NA	unphased	1.62619222303742	0.813096111518709	2
7	34182964	34182965	42	11	5	3	2	1	NA	NA	NA	unphased	1.50582095543958	1.50582095543958	1
7	38516550	38516551	50	16	4.88	3	2	0.97	0	1	0.03	unphased	1.72977433913604	0.891636257286619	1.94
7	39243866	39243867	40	15	4.88	3	2	0.97	0	1	0.03	unphased	1.94599613152805	1.00309078944745	1.94
7	42004164	42004165	41	11	4.88	3	2	0.97	0	1	0.03	unphased	1.50939443535188	1.50939443535188	1
7	42063098	42063099	43	8	4.88	3	2	0.97	0	1	0.03	unphased	1.11926574885273	1.11926574885273	1
7	42950097	42950098	53	26	4.88	3	2	0.97	0	1	0.03	unphased	2.34833288446001	1.19204714947208	1.97
7	42976961	42976962	77	18	4.88	3	2	0.97	0	1	0.03	unphased	1.35195520716685	1.35195520716685	1
7	48314471	48314472	66	19	4.88	3	2	0.97	0	1	0.03	unphased	1.59495369211514	0.822141078409868	1.94
7	55233015	55233016	242	21	10	7	3	1	NA	NA	NA	unphased	0.978561605048135	0.978561605048135	1
7	70800690	70800691	24	20	4	4	0	1	NA	NA	NA	unphased	2.84332688588008	0.947775628626693	3
7	79846648	79846649	51	5	4	4	0	1	NA	NA	NA	unphased	0.558510638297872	0.558510638297872	1
7	82784243	82784244	151	185	4	4	0	1	NA	NA	NA	unphased	3.44414893617021	0.861037234042553	4
7	82784704	82784705	130	12	4	4	0	1	NA	NA	NA	unphased	0.528618519628409	0.528618519628409	1
7	87104756	87104757	32	5	4	4	0	1	NA	NA	NA	unphased	0.845313398504888	0.845313398504888	1
7	94917903	94917904	40	42	4	4	0	1	NA	NA	NA	unphased	3.20394395433316	1.06798131811105	3
7	99129344	99129345	45	42	4	4	0	1	NA	NA	NA	unphased	3.01980924431401	1.006603081438	3
7	100210857	100210858	137	93	4	4	0	1	NA	NA	NA	unphased	2.52932469935245	0.843108233117484	3
7	103808924	103808925	24	36	4	4	0	1	NA	NA	NA	unphased	3.7531914893617	0.938297872340426	4
7	106509911	106509912	64	9	4	4	0	1	NA	NA	NA	unphased	0.771203730690761	0.771203730690761	1
7	106524665	106524666	66	30	4	4	0	1	NA	NA	NA	unphased	1.95478723404255	0.977393617021277	2
7	106524666	106524667	69	29	4	4	0	1	NA	NA	NA	unphased	1.85106382978723	0.925531914893617	2
7	121726154	121726155	36	23	4	4	0	1	NA	NA	NA	unphased	2.43851424450054	0.81283808150018	3
7	122111610	122111611	11	10	4	4	0	1	NA	NA	NA	unphased	2.97872340425532	0.99290780141844	3
7	122339058	122339059	4	6	4	4	0	1	NA	NA	NA	unphased	3.7531914893617	0.938297872340426	4
7	123594271	123594272	47	25	4	4	0	1	NA	NA	NA	unphased	2.17198581560284	1.08599290780142	2
7	127970946	127970947	61	8	4	4	0	1	NA	NA	NA	unphased	0.725254394079556	0.725254394079556	1
7	128038583	128038584	42	41	4	4	0	1	NA	NA	NA	unphased	3.08997692899257	1.02999230966419	3
7	128041088	128041089	17	19	4	4	0	1	NA	NA	NA	unphased	3.30141843971631	1.10047281323877	3
7	131872352	131872353	65	88	4	4	0	1	NA	NA	NA	unphased	3.59783062161035	0.899457655402586	4
7	135048769	135048770	140	12	4	4	0	1	NA	NA	NA	unphased	0.493840985442329	0.493840985442329	1
7	141429328	141429329	84	16	4	4	0	1	NA	NA	NA	unphased	1.00085106382979	1.00085106382979	1
7	142008650	142008651	46	33	4	4	0	1	NA	NA	NA	unphased	2.61298141664422	0.870993805548074	3
7	142223973	142223974	78	27	4	4	0	1	NA	NA	NA	unphased	1.60851063829787	0.804255319148936	2
7	142495158	142495159	23	9	4	4	0	1	NA	NA	NA	unphased	1.7593085106383	1.7593085106383	1
7	142750135	142750136	43	68	4	4	0	1	NA	NA	NA	unphased	3.83208740655549	0.958021851638873	4
7	143175871	143175872	10	16	4	4	0	1	NA	NA	NA	unphased	3.84942716857611	0.962356792144026	4
7	150417174	150417175	108	91	4	4	0	1	NA	NA	NA	unphased	2.86047257564418	0.953490858548059	3
7	150921164	150921165	27	41	4	4	0	1	NA	NA	NA	unphased	3.77158948685857	0.942897371714643	4
7	154564581	154564582	29	18	4	4	0	1	NA	NA	NA	unphased	2.39565414214577	1.19782707107288	2
7	154564582	154564583	29	18	4	4	0	1	NA	NA	NA	unphased	2.39565414214577	1.19782707107288	2
7	155598996	155598997	32	7	4	4	0	1	NA	NA	NA	unphased	1.1227495908347	1.1227495908347	1
7	157396692	157396693	34	12	4	4	0	1	NA	NA	NA	unphased	1.631822386679	0.815911193339501	2
8	6914137	6914138	23	22	NA	NA	NA	NA	NA	NA	NA	unphased	NA	NA	1
8	13947843	13947844	27	29	2	2	0	1	NA	NA	NA	unphased	2.20364741641337	1.10182370820669	2
8	22421833	22421834	9	7	2	2	0	1	NA	NA	NA	unphased	1.86170212765957	1.86170212765957	1
8	28384824	28384825	39	28	2	2	0	1	NA	NA	NA	unphased	1.7783423308987	0.889171165449349	2
8	28385266	28385267	31	32	2	2	0	1	NA	NA	NA	unphased	2.16143194866599	1.080715974333	2
8	56436702	56436703	16	31	3	3	0	1	NA	NA	NA	unphased	3.46627433227705	1.15542477742568	3
8	56699596	56699597	21	24	3	3	0	1	NA	NA	NA	unphased	2.80283687943262	0.934278959810875	3
8	59409572	59409573	43	44	3	3	0	1	NA	NA	NA	unphased	2.65786255808266	0.885954186027554	3
8	67726103	67726104	33	25	3	3	0	1	NA	NA	NA	unphased	2.26522377109318	1.13261188554659	2
8	68113905	68113906	32	6	3	3	0	1	NA	NA	NA	unphased	0.829787234042553	0.829787234042553	1
8	68423881	68423882	46	60	3	3	0	1	NA	NA	NA	unphased	2.97470895222802	0.991569650742674	3
8	70501233	70501234	16	15	3	3	0	1	NA	NA	NA	unphased	2.54289636238847	0.847632120796157	3
8	70541836	70541837	37	37	3	3	0	1	NA	NA	NA	unphased	2.62765957446808	0.875886524822695	3
8	72754690	72754691	14	11	3	3	0	1	NA	NA	NA	unphased	2.31234042553191	1.15617021276596	2
8	77616922	77616923	64	8	6	3	3	1	NA	NA	NA	unphased	0.91725768321513	0.91725768321513	1
8	77766954	77766955	70	34	6	3	3	1	NA	NA	NA	unphased	2.69885433715221	0.89961811238407	3
8	87060997	87060998	22	13	6	3	3	1	NA	NA	NA	unphased	3.06626139817629	1.02208713272543	3
8	91072418	91072419	108	53	6	3	3	1	NA	NA	NA	unphased	2.71758953350073	0.905863177833576	3
8	94730979	94730980	15	6	6	3	3	1	NA	NA	NA	unphased	2.35866261398176	1.17933130699088	2
8	95538841	95538842	163	15	6	3	3	1	NA	NA	NA	unphased	0.695672961989003	0.695672961989003	1
8	95848774	95848775	60	42	6	3	3	1	NA	NA	NA	unphased	3.39924906132666	1.13308302044222	3
8	96167093	96167094	19	13	6	3	3	1	NA	NA	NA	unphased	3.35372340425532	1.11790780141844	3
8	99440425	99440426	64	23	6	3	3	1	NA	NA	NA	unphased	2.18244069454634	1.09122034727317	2
8	100133615	100133616	87	13	6	3	3	1	NA	NA	NA	unphased	1.0731914893617	1.0731914893617	1
8	110523030	110523031	48	62	3	3	0	1	NA	NA	NA	unphased	2.96208897485493	0.987362991618311	3
8	113317124	113317125	7	13	3	3	0	1	NA	NA	NA	unphased	3.41595744680851	1.1386524822695	3
8	113599331	113599332	28	27	3	3	0	1	NA	NA	NA	unphased	2.57988394584139	0.859961315280464	3
8	113657386	113657387	41	4	3	3	0	1	NA	NA	NA	unphased	0.467139479905437	0.467139479905437	1
8	117954954	117954955	55	12	3.76	3	2	0.69	1	0	0.31	unphased	1.07737059383931	1.07737059383931	1
8	122641426	122641427	63	50	3.76	3	2	0.69	1	0	0.31	unphased	2.6616456411222	0.989459346142082	2.69
8	125058104	125058105	165	24	3.76	3	2	0.69	1	0	0.31	unphased	0.763850050658561	0.763850050658561	1
8	133740109	133740110	72	35	3.76	3	2	0.69	1	0	0.31	unphased	1.96762775899781	1.16427678047208	1.69
8	133900480	133900481	27	9	3.76	3	2	0.69	1	0	0.31	unphased	1.50382978723404	1.50382978723404	1
8	133905936	133905937	47	7	3.76	3	2	0.69	1	0	0.31	unphased	0.779763593380615	0.779763593380615	1
8	134125846	134125847	20	7	3.76	3	2	0.69	1	0	0.31	unphased	1.55952718676123	1.55952718676123	1
8	139696706	139696707	34	25	2	2	0	1	NA	NA	NA	unphased	1.80310133429499	0.901550667147494	2
8	143570400	143570401	16	12	3.8	3	2	0.6	1	1	0.4	unphased	2.5951367781155	0.998129530044424	2.6
8	144358653	144358654	48	20	3.8	3	2	0.6	1	1	0.4	unphased	1.78097622027534	1.11311013767209	1.6
8	144892669	144892670	41	5	3.8	3	2	0.6	1	1	0.4	unphased	0.658186864014801	0.658186864014801	1
9	4663257	4663258	56	35	2	2	0	1	NA	NA	NA	unphased	1.6366612111293	0.818330605564648	2
9	14842505	14842506	61	43	2	2	0	1	NA	NA	NA	unphased	1.75941080196399	0.879705400981997	2
9	18928831	18928832	33	26	2	2	0	1	NA	NA	NA	unphased	1.87522538766679	0.937612693833394	2
9	34996699	34996700	41	15	5	3	2	1	NA	NA	NA	unphased	1.94338905775076	0.97169452887538	2
9	35108044	35108045	38	6	5	3	2	1	NA	NA	NA	unphased	0.989361702127659	0.989361702127659	1
9	77455095	77455096	17	20	3	3	0	1	NA	NA	NA	unphased	2.84071305347901	0.94690435115967	3
9	78686748	78686749	108	22	3	3	0	1	NA	NA	NA	unphased	0.88936170212766	0.88936170212766	1
9	78808269	78808270	15	14	3	3	0	1	NA	NA	NA	unphased	2.53705062362436	0.845683541208119	3
9	79322997	79322998	23	16	3	3	0	1	NA	NA	NA	unphased	2.15602836879433	1.07801418439716	2
9	84530387	84530388	13	18	3	3	0	1	NA	NA	NA	unphased	3.05147563486616	1.01715854495539	3
9	84532830	84532831	13	8	3	3	0	1	NA	NA	NA	unphased	2.00202634245187	1.00101317122594	2
9	84533165	84533166	12	11	3	3	0	1	NA	NA	NA	unphased	2.51341350601295	0.837804502004317	3
9	84607341	84607342	43	21	3	3	0	1	NA	NA	NA	unphased	1.72440159574468	0.86220079787234	2
9	88203361	88203362	26	16	3	3	0	1	NA	NA	NA	unphased	2.00202634245187	1.00101317122594	2
9	95219629	95219630	38	13	3	3	0	1	NA	NA	NA	unphased	1.33959115561118	1.33959115561118	1
9	95847044	95847045	24	8	3	3	0	1	NA	NA	NA	unphased	1.31382978723404	1.31382978723404	1
9	96212823	96212824	38	10	3	3	0	1	NA	NA	NA	unphased	1.09485815602837	1.09485815602837	1
9	99228024	99228025	19	4	3	3	0	1	NA	NA	NA	unphased	0.913968547641073	0.913968547641073	1
9	104356945	104356946	77	18	3	3	0	1	NA	NA	NA	unphased	0.995744680851064	0.995744680851064	1
9	105767519	105767520	71	26	3	3	0	1	NA	NA	NA	unphased	1.4086422461066	0.704321123053301	2
9	107457199	107457200	55	15	3	3	0	1	NA	NA	NA	unphased	1.12613981762918	1.12613981762918	1
9	107576732	107576733	21	4	3	3	0	1	NA	NA	NA	unphased	0.840851063829787	0.840851063829787	1
9	111625098	111625099	28	10	3	3	0	1	NA	NA	NA	unphased	1.38297872340426	1.38297872340426	1
9	130279210	130279211	119	30	3	3	0	1	NA	NA	NA	unphased	1.05811794945024	1.05811794945024	1
9	130279213	130279214	120	31	3	3	0	1	NA	NA	NA	unphased	1.07890658024517	1.07890658024517	1
9	130473729	130473730	31	51	3	3	0	1	NA	NA	NA	unphased	3.26855215360664	1.08951738453555	3
9	132623875	132623876	22	23	3	3	0	1	NA	NA	NA	unphased	2.68605200945626	0.895350669818755	3
9	134049560	134049561	55	13	3	3	0	1	NA	NA	NA	unphased	1.00469336670839	1.00469336670839	1
9	136216886	136216887	20	24	3	3	0	1	NA	NA	NA	unphased	2.86653771760155	0.955512572533849	3
9	139288771	139288772	39	25	3	3	0	1	NA	NA	NA	unphased	2.05285904255319	1.0264295212766	2
9	140139970	140139971	31	41	3	3	0	1	NA	NA	NA	unphased	2.99261229314421	0.997537431048069	3
9	140146504	140146505	10	9	3	3	0	1	NA	NA	NA	unphased	2.48936170212766	0.829787234042553	3
9	140777378	140777379	89	15	3	3	0	1	NA	NA	NA	unphased	0.757978723404255	0.757978723404255	1
X	591647	591648	65	17	NA	NA	NA	NA	NA	NA	NA	unphased	NA	NA	1
X	1314964	1314965	33	13	NA	NA	NA	NA	NA	NA	NA	unphased	NA	NA	1
X	3241308	3241309	21	39	NA	NA	NA	NA	NA	NA	NA	unphased	NA	NA	1
X	18259478	18259479	22	25	NA	NA	NA	NA	NA	NA	NA	unphased	NA	NA	1
X	19024150	19024151	22	9	NA	NA	NA	NA	NA	NA	NA	unphased	NA	NA	1
X	29938135	29938136	14	25	NA	NA	NA	NA	NA	NA	NA	unphased	NA	NA	1
X	30236722	30236723	5	15	NA	NA	NA	NA	NA	NA	NA	unphased	NA	NA	1
X	36117868	36117869	14	23	NA	NA	NA	NA	NA	NA	NA	unphased	NA	NA	1
X	37028282	37028283	12	18	NA	NA	NA	NA	NA	NA	NA	unphased	NA	NA	1
X	41437648	41437649	8	12	NA	NA	NA	NA	NA	NA	NA	unphased	NA	NA	1
X	47307672	47307673	8	29	NA	NA	NA	NA	NA	NA	NA	unphased	NA	NA	1
X	52673643	52673644	8	12	NA	NA	NA	NA	NA	NA	NA	unphased	NA	NA	1
X	53661238	53661239	14	13	NA	NA	NA	NA	NA	NA	NA	unphased	NA	NA	1
X	54823399	54823400	29	32	NA	NA	NA	NA	NA	NA	NA	unphased	NA	NA	1
X	64141825	64141826	9	16	NA	NA	NA	NA	NA	NA	NA	unphased	NA	NA	1
X	68059885	68059886	6	6	NA	NA	NA	NA	NA	NA	NA	unphased	NA	NA	1
X	69282923	69282924	6	17	NA	NA	NA	NA	NA	NA	NA	unphased	NA	NA	1
X	69424173	69424174	2	8	NA	NA	NA	NA	NA	NA	NA	unphased	NA	NA	1
X	70321013	70321014	7	14	NA	NA	NA	NA	NA	NA	NA	unphased	NA	NA	1
X	73047461	73047462	16	13	NA	NA	NA	NA	NA	NA	NA	unphased	NA	NA	1
X	76938925	76938926	82	76	NA	NA	NA	NA	NA	NA	NA	unphased	NA	NA	1
X	78616675	78616676	8	6	NA	NA	NA	NA	NA	NA	NA	unphased	NA	NA	1
X	86924367	86924368	11	19	NA	NA	NA	NA	NA	NA	NA	unphased	NA	NA	1
X	104440225	104440226	17	30	NA	NA	NA	NA	NA	NA	NA	unphased	NA	NA	1
X	106840840	106840841	34	62	NA	NA	NA	NA	NA	NA	NA	unphased	NA	NA	1
X	108636212	108636213	38	91	NA	NA	NA	NA	NA	NA	NA	unphased	NA	NA	1
X	132887888	132887889	24	62	NA	NA	NA	NA	NA	NA	NA	unphased	NA	NA	1
X	134156095	134156096	3	9	NA	NA	NA	NA	NA	NA	NA	unphased	NA	NA	1
X	134166697	134166698	33	3	NA	NA	NA	NA	NA	NA	NA	unphased	NA	NA	1
X	140983081	140983082	23	59	NA	NA	NA	NA	NA	NA	NA	unphased	NA	NA	1
X	140995432	140995433	126	31	NA	NA	NA	NA	NA	NA	NA	unphased	NA	NA	1
X	142795488	142795489	34	69	NA	NA	NA	NA	NA	NA	NA	unphased	NA	NA	1
X	146360836	146360837	7	14	NA	NA	NA	NA	NA	NA	NA	unphased	NA	NA	1
X	150349888	150349889	42	64	NA	NA	NA	NA	NA	NA	NA	unphased	NA	NA	1
X	150842409	150842410	13	37	NA	NA	NA	NA	NA	NA	NA	unphased	NA	NA	1
X	150908072	150908073	5	28	NA	NA	NA	NA	NA	NA	NA	unphased	NA	NA	1
X	151821601	151821602	9	36	NA	NA	NA	NA	NA	NA	NA	unphased	NA	NA	1
X	152225748	152225749	19	35	NA	NA	NA	NA	NA	NA	NA	unphased	NA	NA	1
X	153581666	153581667	20	31	NA	NA	NA	NA	NA	NA	NA	unphased	NA	NA	1
Y	9305959	9305960	180	34	NA	NA	NA	NA	NA	NA	NA	unphased	NA	NA	1
