chr	pos	ref	alt	gene	classification	t_ref_count	t_alt_count	total_depth	vaf	local_cn	major_cn	minor_cn	mcn	multiplicity	ccf	ccf_capped	is_clonal	purity	ploidy
1	880946	C	T	NOC2L	Missense_Mutation	80	5	85	0.058823529411764705	4	2	1	0.4637	1	0.4637	0.4637	False	0.34	4.12
1	2938122	C	A	ACTRT2	5'UTR	17	3	20	0.15	4	2	1	1.1824	1	1.1824	1.0	True	0.34	4.12
1	3424437	G	A	MEGF6	Nonsense_Mutation	67	11	78	0.14102564102564102	4	2	1	1.1116	1	1.1116	1.0	True	0.34	4.12
1	3548040	C	T	WRAP73	Silent	9	5	14	0.35714285714285715	4	2	1	2.8151	2	1.4076	1.0	True	0.34	4.12
1	4772157	C	A	AJAP1	Missense_Mutation	14	6	20	0.3	4	2	1	2.3647	2	1.1824	1.0	True	0.34	4.12
1	8000021	G	C	TNFRSF9	Missense_Mutation	59	5	64	0.078125	4	2	1	0.6158	1	0.6158	0.6158	False	0.34	4.12
1	10132239	A	G	UBE4B	Missense_Mutation	69	12	81	0.14814814814814814	4	2	1	1.1678	1	1.1678	1.0	True	0.34	4.12
1	11181321	C	T	MTOR	Silent	44	6	50	0.12	4	2	1	0.9459	1	0.9459	0.9459	True	0.34	4.12
1	11217213	C	A	MTOR	Nonsense_Mutation	174	59	233	0.2532188841201717	4	2	1	1.996	2	0.998	0.998	True	0.34	4.12
1	11898489	G	T	CLCN6	Missense_Mutation	39	13	52	0.25	4	2	1	1.9706	2	0.9853	0.9853	True	0.34	4.12
1	12059061	A	T	MFN2	Missense_Mutation	131	22	153	0.1437908496732026	4	2	1	1.1334	1	1.1334	1.0	True	0.34	4.12
1	12322098	C	G	VPS13D	Missense_Mutation	61	9	70	0.12857142857142856	4	2	1	1.0134	1	1.0134	1.0	True	0.34	4.12
1	12382768	G	C	VPS13D	Missense_Mutation	46	6	52	0.11538461538461539	4	2	1	0.9095	1	0.9095	0.9095	True	0.34	4.12
1	12721820	G	T	AADACL4	Missense_Mutation	82	34	116	0.29310344827586204	4	2	1	2.3103	2	1.1552	1.0	True	0.34	4.12
1	16559423	C	G	RSG1	Missense_Mutation	112	9	121	0.0743801652892562	4	2	1	0.5863	1	0.5863	0.5863	False	0.34	4.12
1	17349133	G	A	SDHB	Silent	94	17	111	0.15315315315315314	4	2	1	1.2072	1	1.2072	1.0	True	0.34	4.12
1	19510629	G	A	UBR4	Missense_Mutation	73	6	79	0.0759493670886076	4	2	1	0.5987	1	0.5987	0.5987	False	0.34	4.12
1	19565330	C	T	EMC1	Missense_Mutation	87	33	120	0.275	4	2	1	2.1676	2	1.0838	1.0	True	0.34	4.12
1	22924644	G	T	EPHA8	Missense_Mutation	95	12	107	0.11214953271028037	4	2	1	0.884	1	0.884	0.884	True	0.34	4.12
1	22924651	G	T	EPHA8	Silent	96	12	108	0.1111111111111111	4	2	1	0.8758	1	0.8758	0.8758	True	0.34	4.12
1	27094352	G	T	ARID1A	Missense_Mutation	74	22	96	0.22916666666666666	4	2	1	1.8064	2	0.9032	0.9032	True	0.34	4.12
1	27677345	G	A	SYTL1	Missense_Mutation	62	6	68	0.08823529411764706	4	2	1	0.6955	1	0.6955	0.6955	False	0.34	4.12
1	27875292	T	A	AHDC1	Missense_Mutation	64	30	94	0.3191489361702128	4	2	1	2.5156	2	1.2578	1.0	True	0.34	4.12
1	29447848	A	T	TMEM200B	Missense_Mutation	5	3	8	0.375	4	2	1	2.9559	2	1.4779	1.0	True	0.34	4.12
1	29647337	G	T	PTPRU	Missense_Mutation	52	8	60	0.13333333333333333	4	2	1	1.051	1	1.051	1.0	True	0.34	4.12
1	31212778	C	T	LAPTM5	Missense_Mutation	23	10	33	0.30303030303030304	4	2	1	2.3886	2	1.1943	1.0	True	0.34	4.12
1	31230511	G	C	LAPTM5	Missense_Mutation	23	4	27	0.14814814814814814	4	2	1	1.1678	1	1.1678	1.0	True	0.34	4.12
1	31406157	G	A	PUM1	Silent	143	29	172	0.1686046511627907	4	2	1	1.329	1	1.329	1.0	True	0.34	4.12
1	32687573	C	A	TMEM234	Silent	50	7	57	0.12280701754385964	4	2	1	0.968	1	0.968	0.968	True	0.34	4.12
1	32740484	C	G	LCK	Intron	29	6	35	0.17142857142857143	4	2	1	1.3513	1	1.3513	1.0	True	0.34	4.12
1	34033422	G	T	CSMD2	Intron	15	6	21	0.2857142857142857	4	2	1	2.2521	2	1.1261	1.0	True	0.34	4.12
1	34037155	C	A	CSMD2	Missense_Mutation	48	13	61	0.21311475409836064	4	2	1	1.6798	2	0.8399	0.8399	False	0.34	4.12
1	34663022	C	G	C1orf94	Missense_Mutation	49	11	60	0.18333333333333332	4	2	1	1.4451	1	1.4451	1.0	True	0.34	4.12
1	36307053	G	T	AGO4	Missense_Mutation	60	12	72	0.16666666666666666	4	2	1	1.3137	1	1.3137	1.0	True	0.34	4.12
1	37324787	C	G	GRIK3	Missense_Mutation	85	35	120	0.2916666666666667	4	2	1	2.299	2	1.1495	1.0	True	0.34	4.12
1	38171195	G	A	CDCA8	Missense_Mutation	95	11	106	0.10377358490566038	4	2	1	0.818	1	0.818	0.818	False	0.34	4.12
1	38323248	C	T	MTF1	Missense_Mutation	82	17	99	0.1717171717171717	4	2	1	1.3535	1	1.3535	1.0	True	0.34	4.12
1	39765951	G	A	MACF1	Missense_Mutation	102	12	114	0.10526315789473684	4	2	1	0.8297	1	0.8297	0.8297	False	0.34	4.12
1	40034599	T	C	PABPC4	Missense_Mutation	127	7	134	0.05223880597014925	4	2	1	0.4118	1	0.4118	0.4118	False	0.34	4.12
1	40432832	G	T	MFSD2A	Silent	48	15	63	0.23809523809523808	4	2	1	1.8768	2	0.9384	0.9384	True	0.34	4.12
1	40734155	G	A	ZMPSTE24	Nonsense_Mutation	59	33	92	0.358695652173913	4	2	1	2.8274	2	1.4137	1.0	True	0.34	4.12
1	40737572	G	C	ZMPSTE24	Missense_Mutation	40	13	53	0.24528301886792453	4	2	1	1.9334	2	0.9667	0.9667	True	0.34	4.12
1	42047784	C	A	HIVEP3	Missense_Mutation	65	32	97	0.32989690721649484	4	2	1	2.6004	2	1.3002	1.0	True	0.34	4.12
1	43021938	G	T	CCDC30	Missense_Mutation	41	8	49	0.16326530612244897	4	2	1	1.2869	1	1.2869	1.0	True	0.34	4.12
1	43241036	G	A	C1orf50	Missense_Mutation	31	3	34	0.08823529411764706	4	2	1	0.6955	1	0.6955	0.6955	False	0.34	4.12
1	44437938	C	G	DPH2	Nonsense_Mutation	72	9	81	0.1111111111111111	4	2	1	0.8758	1	0.8758	0.8758	True	0.34	4.12
1	44474152	C	T	SLC6A9	Missense_Mutation	94	5	99	0.050505050505050504	4	2	1	0.3981	1	0.3981	0.3981	False	0.34	4.12
1	44713611	C	A	ERI3	Missense_Mutation	40	7	47	0.14893617021276595	4	2	1	1.174	1	1.174	1.0	True	0.34	4.12
1	46489460	C	T	MAST2	Missense_Mutation	29	4	33	0.12121212121212122	4	2	1	0.9554	1	0.9554	0.9554	True	0.34	4.12
1	46500362	A	T	MAST2	Missense_Mutation	100	40	140	0.2857142857142857	4	2	1	2.2521	2	1.1261	1.0	True	0.34	4.12
1	54233523	C	A	NDC1	3'UTR	9	3	12	0.25	4	2	1	1.9706	2	0.9853	0.9853	True	0.34	4.12
1	55521812	G	T	PCSK9	Missense_Mutation	3	6	9	0.6666666666666666	4	2	1	5.2549	2	2.6275	1.0	True	0.34	4.12
1	62979214	T	C	DOCK7	Missense_Mutation	65	4	69	0.057971014492753624	4	2	1	0.4569	1	0.4569	0.4569	False	0.34	4.12
1	66085628	G	T	LEPR	Nonsense_Mutation	57	5	62	0.08064516129032258	4	2	1	0.6357	1	0.6357	0.6357	False	0.34	4.12
1	66834571	G	C	PDE4B	Missense_Mutation	61	5	66	0.07575757575757576	4	2	1	0.5971	1	0.5971	0.5971	False	0.34	4.12
1	67147722	C	A	SGIP1	Missense_Mutation	127	18	145	0.12413793103448276	4	2	1	0.9785	1	0.9785	0.9785	True	0.34	4.12
1	67560950	C	A	C1orf141	Missense_Mutation	36	12	48	0.25	4	2	1	1.9706	2	0.9853	0.9853	True	0.34	4.12
1	67881016	C	A	SERBP1	Missense_Mutation	101	17	118	0.1440677966101695	4	2	1	1.1356	1	1.1356	1.0	True	0.34	4.12
1	75037810	T	C	C1orf173	Missense_Mutation	115	62	177	0.3502824858757062	4	3	1	2.7611	3	0.9204	0.9204	True	0.34	4.12
1	76262741	G	T	MSH4	Missense_Mutation	46	4	50	0.08	4	3	1	0.6306	1	0.6306	0.6306	False	0.34	4.12
1	89846021	C	T	GBP6	Silent	67	5	72	0.06944444444444445	4	3	1	0.5474	1	0.5474	0.5474	False	0.34	4.12
1	97700425	C	A	DPYD	Missense_Mutation	30	5	35	0.14285714285714285	4	3	1	1.1261	1	1.1261	1.0	True	0.34	4.12
1	98058886	C	A	DPYD	Missense_Mutation	88	22	110	0.2	4	3	1	1.5765	2	0.7882	0.7882	False	0.34	4.12
1	98144650	C	A	DPYD	Splice_Site	4	6	10	0.6	4	3	1	4.7294	3	1.5765	1.0	True	0.34	4.12
1	99753634	C	A	LPPR4	Nonsense_Mutation	99	20	119	0.16806722689075632	4	3	1	1.3248	1	1.3248	1.0	True	0.34	4.12
1	99771309	G	T	LPPR4	Missense_Mutation	70	46	116	0.39655172413793105	4	3	1	3.1258	3	1.0419	1.0	True	0.34	4.12
1	100152286	G	A	PALMD	Silent	87	13	100	0.13	4	3	1	1.0247	1	1.0247	1.0	True	0.34	4.12
1	103427815	G	T	COL11A1	Missense_Mutation	44	20	64	0.3125	4	3	1	2.4632	2	1.2316	1.0	True	0.34	4.12
1	104160111	T	C	AMY2A	Missense_Mutation	219	37	256	0.14453125	4	3	1	1.1392	1	1.1392	1.0	True	0.34	4.12
1	108766259	G	T	NBPF4	3'UTR	22	4	26	0.15384615384615385	4	3	1	1.2127	1	1.2127	1.0	True	0.34	4.12
1	110018286	G	A	SYPL2	Silent	56	12	68	0.17647058823529413	4	3	1	1.391	1	1.391	1.0	True	0.34	4.12
1	110033558	C	A	ATXN7L2	Missense_Mutation	129	19	148	0.12837837837837837	4	3	1	1.0119	1	1.0119	1.0	True	0.34	4.12
1	110086734	C	A	GPR61	Missense_Mutation	67	24	91	0.26373626373626374	4	3	1	2.0789	2	1.0394	1.0	True	0.34	4.12
1	110148666	C	T	GNAT2	Missense_Mutation	78	6	84	0.07142857142857142	4	3	1	0.563	1	0.563	0.563	False	0.34	4.12
1	110217459	G	T	GSTM2	3'UTR	87	16	103	0.1553398058252427	4	3	1	1.2244	1	1.2244	1.0	True	0.34	4.12
1	110709580	G	T	SLC6A17	Missense_Mutation	31	3	34	0.08823529411764706	4	3	1	0.6955	1	0.6955	0.6955	False	0.34	4.12
1	111964210	G	C	OVGP1	Missense_Mutation	89	6	95	0.06315789473684211	4	3	1	0.4978	1	0.4978	0.4978	False	0.34	4.12
1	115128099	C	A	DENND2C	3'UTR	5	5	10	0.5	4	3	1	3.9412	3	1.3137	1.0	True	0.34	4.12
1	115168483	C	A	DENND2C	Missense_Mutation	178	37	215	0.17209302325581396	4	3	1	1.3565	1	1.3565	1.0	True	0.34	4.12
1	115829160	C	A	NGF	Missense_Mutation	40	5	45	0.1111111111111111	4	3	1	0.8758	1	0.8758	0.8758	True	0.34	4.12
1	118461337	C	T	GDAP2	Silent	60	5	65	0.07692307692307693	4	3	1	0.6063	1	0.6063	0.6063	False	0.34	4.12
1	120279817	T	A	PHGDH	Silent	48	8	56	0.14285714285714285	4	3	1	1.1261	1	1.1261	1.0	True	0.34	4.12
1	120462957	G	A	NOTCH2	Nonsense_Mutation	53	25	78	0.32051282051282054	4	3	1	2.5264	3	0.8421	0.8421	False	0.34	4.12
1	149858693	G	C	HIST2H2AC	Missense_Mutation	131	9	140	0.06428571428571428	7	3	3	0.6996	1	0.6996	0.6996	False	0.34	4.12
1	149884826	C	A	SV2A	Silent	126	42	168	0.25	7	3	3	2.7206	3	0.9069	0.9069	True	0.34	4.12
1	150483608	G	T	ECM1	Missense_Mutation	182	82	264	0.3106060606060606	7	3	3	3.3801	3	1.1267	1.0	True	0.34	4.12
1	150933357	C	T	SETDB1	Missense_Mutation	141	16	157	0.10191082802547771	7	3	3	1.109	1	1.109	1.0	True	0.34	4.12
1	151491571	G	T	CGN	Missense_Mutation	271	13	284	0.045774647887323945	7	3	3	0.4981	1	0.4981	0.4981	False	0.34	4.12
1	151491572	G	T	CGN	Missense_Mutation	272	13	285	0.0456140350877193	7	3	3	0.4964	1	0.4964	0.4964	False	0.34	4.12
1	152082681	C	T	TCHH	Silent	171	15	186	0.08064516129032258	7	3	3	0.8776	1	0.8776	0.8776	True	0.34	4.12
1	152083055	C	T	TCHH	Missense_Mutation	236	11	247	0.044534412955465584	7	3	3	0.4846	1	0.4846	0.4846	False	0.34	4.12
1	152128244	C	G	RPTN	Missense_Mutation	1460	62	1522	0.040735873850197106	7	3	3	0.4433	1	0.4433	0.4433	False	0.34	4.12
1	152193102	G	T	HRNR	Missense_Mutation	173	53	226	0.2345132743362832	7	3	3	2.5521	3	0.8507	0.8507	True	0.34	4.12
1	152279619	C	G	FLG	Missense_Mutation	441	17	458	0.03711790393013101	7	3	3	0.4039	1	0.4039	0.4039	False	0.34	4.12
1	152323303	G	T	FLG2	Missense_Mutation	328	95	423	0.22458628841607564	7	3	3	2.444	2	1.222	1.0	True	0.34	4.12
1	152327995	G	C	FLG2	Missense_Mutation	567	187	754	0.2480106100795756	7	3	3	2.6989	3	0.8996	0.8996	True	0.34	4.12
1	152328505	C	G	FLG2	Missense_Mutation	623	87	710	0.12253521126760564	7	3	3	1.3335	1	1.3335	1.0	True	0.34	4.12
1	152648474	G	T	LCE2C	5'UTR	106	38	144	0.2638888888888889	7	3	3	2.8717	3	0.9572	0.9572	True	0.34	4.12
1	152759947	G	T	LCE1E	Missense_Mutation	145	25	170	0.14705882352941177	2	1	1	0.8651	1	0.8651	0.8651	True	0.34	4.12
1	153785903	C	A	GATAD2B	Silent	80	13	93	0.13978494623655913	7	4	3	1.5212	2	0.7606	0.7606	False	0.34	4.12
1	154558266	T	A	ADAR	Missense_Mutation	44	8	52	0.15384615384615385	7	4	3	1.6742	2	0.8371	0.8371	False	0.34	4.12
1	154558267	C	T	ADAR	Missense_Mutation	46	8	54	0.14814814814814814	7	4	3	1.6122	2	0.8061	0.8061	False	0.34	4.12
1	154841868	G	A	KCNN3	Silent	112	6	118	0.05084745762711865	7	4	3	0.5533	1	0.5533	0.5533	False	0.34	4.12
1	155170353	C	G	THBS3	Missense_Mutation	187	10	197	0.050761421319796954	7	4	3	0.5524	1	0.5524	0.5524	False	0.34	4.12
1	155491343	G	A	ASH1L	5'UTR	115	16	131	0.12213740458015267	7	4	3	1.3291	1	1.3291	1.0	True	0.34	4.12
1	155735564	C	T	GON4L	Missense_Mutation	127	19	146	0.13013698630136986	7	4	3	1.4162	1	1.4162	1.0	True	0.34	4.12
1	156498300	C	A	IQGAP3	Splice_Site	39	17	56	0.30357142857142855	7	4	3	3.3036	3	1.1012	1.0	True	0.34	4.12
1	156698856	C	T	RRNAD1	5'UTR	13	3	16	0.1875	7	4	3	2.0404	2	1.0202	1.0	True	0.34	4.12
1	156880116	C	T	PEAR1	Missense_Mutation	185	91	276	0.32971014492753625	7	4	3	3.588	4	0.897	0.897	True	0.34	4.12
1	157668288	C	A	FCRL3	Nonsense_Mutation	123	35	158	0.22151898734177214	7	4	3	2.4106	2	1.2053	1.0	True	0.34	4.12
1	158058184	C	T	KIRREL	Silent	120	41	161	0.2546583850931677	7	4	3	2.7713	3	0.9238	0.9238	True	0.34	4.12
1	158259787	G	T	CD1C	5'UTR	28	20	48	0.4166666666666667	7	4	3	4.5343	4	1.1336	1.0	True	0.34	4.12
1	158369194	C	G	OR10T2	Silent	68	15	83	0.18072289156626506	7	4	3	1.9667	2	0.9833	0.9833	True	0.34	4.12
1	158390158	G	T	OR10K2	Missense_Mutation	126	41	167	0.24550898203592814	7	4	3	2.6717	3	0.8906	0.8906	True	0.34	4.12
1	158390614	G	T	OR10K2	Missense_Mutation	74	22	96	0.22916666666666666	7	4	3	2.4939	2	1.2469	1.0	True	0.34	4.12
1	158609780	C	G	SPTA1	Silent	98	50	148	0.33783783783783783	7	4	3	3.6765	4	0.9191	0.9191	True	0.34	4.12
1	158623154	C	T	SPTA1	Missense_Mutation	115	19	134	0.1417910447761194	7	4	3	1.543	2	0.7715	0.7715	False	0.34	4.12
1	158906881	G	T	PYHIN1	Missense_Mutation	74	26	100	0.26	7	4	3	2.8294	3	0.9431	0.9431	True	0.34	4.12
1	159283846	C	A	OR10J3	Missense_Mutation	137	26	163	0.15950920245398773	7	4	3	1.7358	2	0.8679	0.8679	True	0.34	4.12
1	160097452	G	A	ATP1A2	Missense_Mutation	183	8	191	0.041884816753926704	7	4	3	0.4558	1	0.4558	0.4558	False	0.34	4.12
1	160493017	G	C	SLAMF6	5'UTR	54	4	58	0.06896551724137931	7	4	3	0.7505	1	0.7505	0.7505	False	0.34	4.12
1	161165369	G	T	ADAMTS4	Missense_Mutation	148	31	179	0.17318435754189945	7	4	3	1.8847	2	0.9423	0.9423	True	0.34	4.12
1	161495211	C	A	HSPA6	Missense_Mutation	8	7	15	0.4666666666666667	7	4	3	5.0784	4	1.2696	1.0	True	0.34	4.12
1	161697507	C	A	FCRLB	3'UTR	13	4	17	0.23529411764705882	7	4	3	2.5606	3	0.8535	0.8535	True	0.34	4.12
1	161967990	G	T	OLFML2B	Silent	117	70	187	0.37433155080213903	7	4	3	4.0736	4	1.0184	1.0	True	0.34	4.12
1	162346643	C	A	C1orf111	5'UTR	14	5	19	0.2631578947368421	7	4	3	2.8638	3	0.9546	0.9546	True	0.34	4.12
1	162825107	C	G	C1orf110	Missense_Mutation	266	80	346	0.23121387283236994	7	4	3	2.5162	3	0.8387	0.8387	False	0.34	4.12
1	163043367	C	A	RGS4	Silent	67	15	82	0.18292682926829268	7	4	3	1.9907	2	0.9953	0.9953	True	0.34	4.12
1	163117085	T	A	RGS5	3'UTR	36	7	43	0.16279069767441862	7	4	3	1.7715	2	0.8858	0.8858	True	0.34	4.12
1	166904632	G	C	ILDR2	Silent	97	9	106	0.08490566037735849	7	4	3	0.924	1	0.924	0.924	True	0.34	4.12
1	166974573	T	C	MAEL	Missense_Mutation	69	8	77	0.1038961038961039	7	4	3	1.1306	1	1.1306	1.0	True	0.34	4.12
1	167096825	C	A	DUSP27	Silent	101	31	132	0.23484848484848486	7	4	3	2.5557	3	0.8519	0.8519	True	0.34	4.12
1	167097668	G	T	DUSP27	Missense_Mutation	65	6	71	0.08450704225352113	7	4	3	0.9196	1	0.9196	0.9196	True	0.34	4.12
1	167805754	G	A	ADCY10	Silent	98	7	105	0.06666666666666667	7	4	3	0.7255	1	0.7255	0.7255	False	0.34	4.12
1	169351408	G	T	BLZF1	Missense_Mutation	116	38	154	0.24675324675324675	7	4	3	2.6853	3	0.8951	0.8951	True	0.34	4.12
1	169562912	C	A	SELP	Missense_Mutation	59	10	69	0.14492753623188406	7	4	3	1.5772	2	0.7886	0.7886	False	0.34	4.12
1	169562913	C	A	SELP	Silent	61	9	70	0.12857142857142856	7	4	3	1.3992	1	1.3992	1.0	True	0.34	4.12
1	169890762	C	A	KIFAP3	3'UTR	15	9	24	0.375	7	4	3	4.0809	4	1.0202	1.0	True	0.34	4.12
1	170043691	C	A	KIFAP3	5'UTR	15	8	23	0.34782608695652173	7	4	3	3.7852	4	0.9463	0.9463	True	0.34	4.12
1	171514751	G	T	PRRC2C	Missense_Mutation	14	9	23	0.391304347826087	7	4	3	4.2583	4	1.0646	1.0	True	0.34	4.12
1	175046766	C	G	TNN	Missense_Mutation	67	5	72	0.06944444444444445	7	4	3	0.7557	1	0.7557	0.7557	False	0.34	4.12
1	175048757	G	C	TNN	Missense_Mutation	9	9	18	0.5	7	4	3	5.4412	4	1.3603	1.0	True	0.34	4.12
1	175087826	G	T	TNN	Missense_Mutation	122	10	132	0.07575757575757576	7	4	3	0.8244	1	0.8244	0.8244	False	0.34	4.12
1	176525492	G	A	PAPPA2	Missense_Mutation	111	45	156	0.28846153846153844	5	3	2	2.5622	3	0.8541	0.8541	True	0.34	4.12
1	176525940	G	T	PAPPA2	Missense_Mutation	103	30	133	0.22556390977443608	5	3	2	2.0035	2	1.0018	1.0	True	0.34	4.12
1	176668357	C	A	PAPPA2	Silent	143	60	203	0.2955665024630542	5	3	2	2.6253	3	0.8751	0.8751	True	0.34	4.12
1	176760504	G	T	PAPPA2	Nonsense_Mutation	49	12	61	0.19672131147540983	5	3	2	1.7473	2	0.8737	0.8737	True	0.34	4.12
1	176863701	C	G	ASTN1	Missense_Mutation	62	7	69	0.10144927536231885	5	3	2	0.9011	1	0.9011	0.9011	True	0.34	4.12
1	176915100	C	G	ASTN1	Missense_Mutation	170	8	178	0.0449438202247191	5	3	2	0.3992	1	0.3992	0.3992	False	0.34	4.12
1	177936885	C	T	SEC16B	Missense_Mutation	67	15	82	0.18292682926829268	5	3	2	1.6248	2	0.8124	0.8124	False	0.34	4.12
1	178063796	G	T	RASAL2	Missense_Mutation	25	15	40	0.375	5	3	2	3.3309	3	1.1103	1.0	True	0.34	4.12
1	179603636	C	A	TDRD5	Missense_Mutation	116	29	145	0.2	5	3	2	1.7765	2	0.8882	0.8882	True	0.34	4.12
1	179603637	C	A	TDRD5	Missense_Mutation	118	29	147	0.19727891156462585	5	3	2	1.7523	2	0.8762	0.8762	True	0.34	4.12
1	181680130	G	T	CACNA1E	Missense_Mutation	82	24	106	0.22641509433962265	5	3	2	2.0111	2	1.0055	1.0	True	0.34	4.12
1	181690897	C	A	CACNA1E	Missense_Mutation	90	30	120	0.25	5	3	2	2.2206	2	1.1103	1.0	True	0.34	4.12
1	182836116	G	T	DHX9	Nonsense_Mutation	125	16	141	0.11347517730496454	5	3	2	1.0079	1	1.0079	1.0	True	0.34	4.12
1	182873532	G	C	SHCBP1L	Missense_Mutation	85	19	104	0.18269230769230768	5	3	2	1.6227	2	0.8114	0.8114	False	0.34	4.12
1	190067754	C	A	BRINP3	Missense_Mutation	123	32	155	0.2064516129032258	5	3	2	1.8338	2	0.9169	0.9169	True	0.34	4.12
1	190067816	T	G	BRINP3	Missense_Mutation	90	18	108	0.16666666666666666	5	3	2	1.4804	1	1.4804	1.0	True	0.34	4.12
1	190068079	C	A	BRINP3	Missense_Mutation	103	6	109	0.05504587155963303	5	3	2	0.4889	1	0.4889	0.4889	False	0.34	4.12
1	197091640	T	A	ASPM	Missense_Mutation	33	11	44	0.25	5	3	2	2.2206	2	1.1103	1.0	True	0.34	4.12
1	197115471	C	A	ASPM	Missense_Mutation	83	13	96	0.13541666666666666	5	3	2	1.2028	1	1.2028	1.0	True	0.34	4.12
1	197390485	C	A	CRB1	Missense_Mutation	80	19	99	0.1919191919191919	5	3	2	1.7047	2	0.8523	0.8523	True	0.34	4.12
1	197643273	G	A	DENND1B	Silent	27	3	30	0.1	5	3	2	0.8882	1	0.8882	0.8882	True	0.34	4.12
1	198222169	G	T	NEK7	Splice_Site	54	16	70	0.22857142857142856	5	3	2	2.0303	2	1.0151	1.0	True	0.34	4.12
1	198828240	C	G	MIR181A1	RNA	131	12	143	0.08391608391608392	5	3	2	0.7454	1	0.7454	0.7454	False	0.34	4.12
1	200013008	T	G	NR5A2	Missense_Mutation	34	10	44	0.22727272727272727	5	3	2	2.0187	2	1.0094	1.0	True	0.34	4.12
1	201081542	C	A	CACNA1S	5'UTR	25	14	39	0.358974358974359	5	3	2	3.1885	3	1.0628	1.0	True	0.34	4.12
1	202698303	T	A	KDM5B	Splice_Site	42	13	55	0.23636363636363636	5	3	2	2.0995	2	1.0497	1.0	True	0.34	4.12
1	202702698	G	C	KDM5B	Missense_Mutation	85	9	94	0.09574468085106383	5	3	2	0.8504	1	0.8504	0.8504	True	0.34	4.12
1	203134332	G	T	ADORA1	Intron	14	7	21	0.3333333333333333	5	3	2	2.9608	3	0.9869	0.9869	True	0.34	4.12
1	203455889	C	A	PRELP	Silent	61	19	80	0.2375	5	3	2	2.1096	2	1.0548	1.0	True	0.34	4.12
1	204418313	C	A	PIK3C2B	Missense_Mutation	15	3	18	0.16666666666666666	5	3	2	1.4804	1	1.4804	1.0	True	0.34	4.12
1	205238836	G	T	TMCC2	Silent	61	30	91	0.32967032967032966	5	3	2	2.9282	3	0.9761	0.9761	True	0.34	4.12
1	206224747	C	A	AVPR1B	Missense_Mutation	71	33	104	0.3173076923076923	5	3	2	2.8184	3	0.9395	0.9395	True	0.34	4.12
1	208201402	C	G	PLXNA2	Silent	91	18	109	0.1651376146788991	5	3	2	1.4668	1	1.4668	1.0	True	0.34	4.12
1	209948949	C	A	TRAF3IP3	Silent	67	7	74	0.0945945945945946	5	3	2	0.8402	1	0.8402	0.8402	False	0.34	4.12
1	210948691	C	A	KCNH1	Missense_Mutation	28	12	40	0.3	5	3	2	2.6647	3	0.8882	0.8882	True	0.34	4.12
1	212798941	G	C	FAM71A	Missense_Mutation	135	28	163	0.17177914110429449	5	3	2	1.5258	2	0.7629	0.7629	False	0.34	4.12
1	213134652	G	T	VASH2	Intron	77	19	96	0.19791666666666666	5	3	2	1.758	2	0.879	0.879	True	0.34	4.12
1	214209278	G	T	PROX1	3'UTR	9	6	15	0.4	5	3	2	3.5529	3	1.1843	1.0	True	0.34	4.12
1	214557043	C	A	PTPN14	Nonsense_Mutation	56	16	72	0.2222222222222222	5	3	2	1.9739	2	0.9869	0.9869	True	0.34	4.12
1	214811235	T	C	CENPF	Silent	65	5	70	0.07142857142857142	5	3	2	0.6345	1	0.6345	0.6345	False	0.34	4.12
1	216166452	C	A	USH2A	Missense_Mutation	169	23	192	0.11979166666666667	5	3	2	1.064	1	1.064	1.0	True	0.34	4.12
1	216420406	C	G	USH2A	Missense_Mutation	124	21	145	0.14482758620689656	5	3	2	1.2864	1	1.2864	1.0	True	0.34	4.12
1	216497615	T	A	USH2A	Missense_Mutation	30	3	33	0.09090909090909091	5	3	2	0.8075	1	0.8075	0.8075	False	0.34	4.12
1	220091815	C	A	SLC30A10	Missense_Mutation	101	52	153	0.33986928104575165	5	3	2	3.0188	3	1.0063	1.0	True	0.34	4.12
1	220142279	C	G	EPRS	Missense_Mutation	43	26	69	0.37681159420289856	5	3	2	3.347	3	1.1157	1.0	True	0.34	4.12
1	220287687	G	T	IARS2	Missense_Mutation	79	37	116	0.31896551724137934	5	3	2	2.8332	3	0.9444	0.9444	True	0.34	4.12
1	220986874	G	C	MARC1	3'UTR	21	4	25	0.16	5	3	2	1.4212	1	1.4212	1.0	True	0.34	4.12
1	222717342	G	T	HHIPL2	Missense_Mutation	98	16	114	0.14035087719298245	5	3	2	1.2466	1	1.2466	1.0	True	0.34	4.12
1	224544695	C	T	CNIH4	Silent	10	3	13	0.23076923076923078	5	3	2	2.0498	2	1.0249	1.0	True	0.34	4.12
1	226128916	G	T	LEFTY2	5'UTR	8	7	15	0.4666666666666667	5	3	2	4.1451	3	1.3817	1.0	True	0.34	4.12
1	226438584	G	A	LIN9	Missense_Mutation	30	3	33	0.09090909090909091	5	3	2	0.8075	1	0.8075	0.8075	False	0.34	4.12
1	226923663	C	G	ITPKB	Silent	42	35	77	0.45454545454545453	5	3	2	4.0374	3	1.3458	1.0	True	0.34	4.12
1	228487150	G	T	OBSCN	Silent	73	47	120	0.39166666666666666	5	3	2	3.4789	3	1.1596	1.0	True	0.34	4.12
1	229631693	T	C	NUP133	Silent	65	18	83	0.21686746987951808	5	3	2	1.9263	2	0.9631	0.9631	True	0.34	4.12
1	229794874	C	G	URB2	Missense_Mutation	187	10	197	0.050761421319796954	5	3	2	0.4509	1	0.4509	0.4509	False	0.34	4.12
1	231401504	G	C	GNPAT	Missense_Mutation	30	13	43	0.3023255813953488	5	3	2	2.6854	3	0.8951	0.8951	True	0.34	4.12
1	235292196	G	C	TOMM20	5'UTR	15	3	18	0.16666666666666666	5	3	2	1.4804	1	1.4804	1.0	True	0.34	4.12
1	236205435	C	A	NID1	Missense_Mutation	123	59	182	0.3241758241758242	5	3	2	2.8794	3	0.9598	0.9598	True	0.34	4.12
1	236912553	G	C	ACTN2	Missense_Mutation	67	6	73	0.0821917808219178	5	3	2	0.7301	1	0.7301	0.7301	False	0.34	4.12
1	237604647	A	T	RYR2	Missense_Mutation	62	31	93	0.3333333333333333	5	3	2	2.9608	3	0.9869	0.9869	True	0.34	4.12
1	237620026	G	T	RYR2	Nonsense_Mutation	100	11	111	0.0990990990990991	5	3	2	0.8802	1	0.8802	0.8802	True	0.34	4.12
1	237729923	G	T	RYR2	Nonsense_Mutation	85	38	123	0.3089430894308943	5	3	2	2.7441	3	0.9147	0.9147	True	0.34	4.12
1	237777430	G	T	RYR2	Missense_Mutation	49	5	54	0.09259259259259259	5	3	2	0.8224	1	0.8224	0.8224	False	0.34	4.12
1	237777523	C	A	RYR2	Missense_Mutation	27	22	49	0.4489795918367347	5	3	2	3.988	3	1.3293	1.0	True	0.34	4.12
1	237778122	G	T	RYR2	Silent	32	24	56	0.42857142857142855	5	3	2	3.8067	3	1.2689	1.0	True	0.34	4.12
1	237801691	G	A	RYR2	Missense_Mutation	161	10	171	0.05847953216374269	5	3	2	0.5194	1	0.5194	0.5194	False	0.34	4.12
1	237868594	A	C	RYR2	Missense_Mutation	16	3	19	0.15789473684210525	5	3	2	1.4025	1	1.4025	1.0	True	0.34	4.12
1	237936851	C	A	RYR2	Missense_Mutation	35	4	39	0.10256410256410256	5	3	2	0.911	1	0.911	0.911	True	0.34	4.12
1	237957256	T	A	RYR2	Missense_Mutation	28	8	36	0.2222222222222222	5	3	2	1.9739	2	0.9869	0.9869	True	0.34	4.12
1	237957257	G	T	RYR2	Missense_Mutation	27	8	35	0.22857142857142856	5	3	2	2.0303	2	1.0151	1.0	True	0.34	4.12
1	238053769	A	G	ZP4	Missense_Mutation	59	15	74	0.20270270270270271	5	3	2	1.8005	2	0.9002	0.9002	True	0.34	4.12
1	241850794	A	G	WDR64	Missense_Mutation	106	10	116	0.08620689655172414	7	5	3	0.9381	1	0.9381	0.9381	True	0.34	4.12
1	245027438	C	A	HNRNPU	Missense_Mutation	18	7	25	0.28	7	5	3	3.0471	3	1.0157	1.0	True	0.34	4.12
1	247264355	C	G	ZNF669	Missense_Mutation	191	27	218	0.12385321100917432	7	5	3	1.3478	1	1.3478	1.0	True	0.34	4.12
1	247614710	G	C	OR2B11	Missense_Mutation	66	17	83	0.20481927710843373	7	5	3	2.2289	2	1.1145	1.0	True	0.34	4.12
1	247752012	C	A	OR2G2	Silent	170	86	256	0.3359375	7	5	3	3.6558	4	0.9139	0.9139	True	0.34	4.12
1	247752174	C	T	OR2G2	Silent	194	15	209	0.07177033492822966	7	5	3	0.781	1	0.781	0.781	False	0.34	4.12
1	247835951	A	G	OR13G1	Silent	79	11	90	0.12222222222222222	7	5	3	1.3301	1	1.3301	1.0	True	0.34	4.12
1	247901926	C	G	OR14K1	Missense_Mutation	85	7	92	0.07608695652173914	7	5	3	0.828	1	0.828	0.828	False	0.34	4.12
1	248059312	C	A	OR2W3	Silent	59	34	93	0.3655913978494624	7	5	3	3.9785	4	0.9946	0.9946	True	0.34	4.12
1	248059897	C	A	OR2W3	3'UTR	14	7	21	0.3333333333333333	7	5	3	3.6275	4	0.9069	0.9069	True	0.34	4.12
1	248059898	C	A	OR2W3	3'UTR	13	7	20	0.35	7	5	3	3.8088	4	0.9522	0.9522	True	0.34	4.12
1	248112720	C	A	OR2L8	Silent	61	32	93	0.34408602150537637	7	5	3	3.7445	4	0.9361	0.9361	True	0.34	4.12
1	248113009	C	A	OR2L8	Missense_Mutation	102	42	144	0.2916666666666667	7	5	3	3.174	3	1.058	1.0	True	0.34	4.12
1	248128823	A	G	OR2AK2	Missense_Mutation	250	22	272	0.08088235294117647	7	5	3	0.8802	1	0.8802	0.8802	True	0.34	4.12
1	248201636	G	T	OR2L2	Missense_Mutation	287	27	314	0.08598726114649681	7	5	3	0.9357	1	0.9357	0.9357	True	0.34	4.12
1	248224544	C	A	OR2L3	Silent	258	25	283	0.08833922261484099	7	5	3	0.9613	1	0.9613	0.9613	True	0.34	4.12
1	248458094	G	A	OR2T12	Missense_Mutation	170	63	233	0.2703862660944206	7	5	3	2.9424	3	0.9808	0.9808	True	0.34	4.12
1	249108734	C	A	SH3BP5L	Missense_Mutation	38	6	44	0.13636363636363635	7	5	3	1.484	1	1.484	1.0	True	0.34	4.12
1	249210883	G	T	PGBD2	Nonsense_Mutation	77	29	106	0.27358490566037735	2	1	1	1.6093	1	1.6093	1.0	True	0.34	4.12
2	1893051	G	T	MYT1L	Missense_Mutation	51	10	61	0.16393442622950818	3	2	1	1.1283	1	1.1283	1.0	True	0.34	4.12
2	3405632	G	T	TRAPPC12	Nonsense_Mutation	162	55	217	0.2534562211981567	3	2	1	1.7444	2	0.8722	0.8722	True	0.34	4.12
2	6991688	C	A	CMPK2	Silent	52	20	72	0.2777777777777778	4	3	1	2.1895	2	1.0948	1.0	True	0.34	4.12
2	7160679	G	T	RNF144A	Missense_Mutation	72	20	92	0.21739130434782608	4	3	1	1.7136	2	0.8568	0.8568	True	0.34	4.12
2	8870893	G	C	KIDINS220	Missense_Mutation	52	5	57	0.08771929824561403	4	3	1	0.6914	1	0.6914	0.6914	False	0.34	4.12
2	8931286	C	A	KIDINS220	Missense_Mutation	70	6	76	0.07894736842105263	4	3	1	0.6223	1	0.6223	0.6223	False	0.34	4.12
2	11922625	G	T	LPIN1	Missense_Mutation	65	13	78	0.16666666666666666	4	3	1	1.3137	1	1.3137	1.0	True	0.34	4.12
2	11922626	G	T	LPIN1	Missense_Mutation	64	13	77	0.16883116883116883	4	3	1	1.3308	1	1.3308	1.0	True	0.34	4.12
2	16082395	A	T	MYCN	Missense_Mutation	16	3	19	0.15789473684210525	4	3	1	1.2446	1	1.2446	1.0	True	0.34	4.12
2	17697400	T	A	RAD51AP2	Missense_Mutation	54	12	66	0.18181818181818182	4	3	1	1.4332	1	1.4332	1.0	True	0.34	4.12
2	24952479	C	T	NCOA1	Missense_Mutation	107	19	126	0.15079365079365079	4	3	1	1.1886	1	1.1886	1.0	True	0.34	4.12
2	26531875	A	T	GPR113	3'Flank	51	23	74	0.3108108108108108	4	3	1	2.4499	2	1.225	1.0	True	0.34	4.12
2	26950582	A	T	KCNK3	Missense_Mutation	128	26	154	0.16883116883116883	4	3	1	1.3308	1	1.3308	1.0	True	0.34	4.12
2	26950927	G	T	KCNK3	Missense_Mutation	27	5	32	0.15625	4	3	1	1.2316	1	1.2316	1.0	True	0.34	4.12
2	27360806	G	T	C2orf53	Missense_Mutation	19	11	30	0.36666666666666664	4	3	1	2.8902	3	0.9634	0.9634	True	0.34	4.12
2	27373037	G	T	TCF23	Missense_Mutation	80	18	98	0.1836734693877551	4	3	1	1.4478	1	1.4478	1.0	True	0.34	4.12
2	27604592	G	C	PPM1G	Missense_Mutation	81	11	92	0.11956521739130435	4	3	1	0.9425	1	0.9425	0.9425	True	0.34	4.12
2	27664485	G	T	NRBP1	Missense_Mutation	121	19	140	0.1357142857142857	4	3	1	1.0697	1	1.0697	1.0	True	0.34	4.12
2	27746342	C	G	GCKR	3'UTR	22	10	32	0.3125	4	3	1	2.4632	2	1.2316	1.0	True	0.34	4.12
2	27802028	C	T	C2orf16	Silent	77	5	82	0.06097560975609756	4	3	1	0.4806	1	0.4806	0.4806	False	0.34	4.12
2	29135524	C	T	WDR43	Missense_Mutation	76	5	81	0.06172839506172839	4	3	1	0.4866	1	0.4866	0.4866	False	0.34	4.12
2	32678889	C	T	BIRC6	Silent	140	10	150	0.06666666666666667	4	3	1	0.5255	1	0.5255	0.5255	False	0.34	4.12
2	40656339	C	A	SLC8A1	Missense_Mutation	89	31	120	0.25833333333333336	4	2	2	2.0363	2	1.0181	1.0	True	0.34	4.12
2	49190564	C	A	FSHR	Nonsense_Mutation	28	18	46	0.391304347826087	4	2	2	3.0844	2	1.5422	1.0	True	0.34	4.12
2	50765564	C	T	NRXN1	Missense_Mutation	228	98	326	0.3006134969325153	4	2	2	2.3695	2	1.1848	1.0	True	0.34	4.12
2	50850585	G	T	NRXN1	Missense_Mutation	111	38	149	0.2550335570469799	4	2	2	2.0103	2	1.0051	1.0	True	0.34	4.12
2	53941579	C	A	ASB3	Missense_Mutation	95	23	118	0.19491525423728814	4	2	2	1.5364	2	0.7682	0.7682	False	0.34	4.12
2	55253342	C	T	RTN4	Silent	50	6	56	0.10714285714285714	4	2	2	0.8445	1	0.8445	0.8445	False	0.34	4.12
2	61719827	G	A	XPO1	Missense_Mutation	54	6	60	0.1	4	2	2	0.7882	1	0.7882	0.7882	False	0.34	4.12
2	67631357	A	G	ETAA1	Missense_Mutation	39	8	47	0.1702127659574468	4	2	2	1.3417	1	1.3417	1.0	True	0.34	4.12
2	70904014	G	T	ADD2	Silent	52	12	64	0.1875	4	2	2	1.4779	1	1.4779	1.0	True	0.34	4.12
2	71360631	G	T	MPHOSPH10	Missense_Mutation	61	20	81	0.24691358024691357	4	2	2	1.9463	2	0.9731	0.9731	True	0.34	4.12
2	72360190	C	A	CYP26B1	Missense_Mutation	61	10	71	0.14084507042253522	4	2	2	1.1102	1	1.1102	1.0	True	0.34	4.12
2	72360244	G	T	CYP26B1	Missense_Mutation	51	10	61	0.16393442622950818	4	2	2	1.2922	1	1.2922	1.0	True	0.34	4.12
2	74328471	G	T	TET3	Missense_Mutation	23	9	32	0.28125	4	2	2	2.2169	2	1.1085	1.0	True	0.34	4.12
2	74708963	C	G	CCDC142	Silent	62	4	66	0.06060606060606061	4	2	2	0.4777	1	0.4777	0.4777	False	0.34	4.12
2	74763994	C	T	LOXL3	Missense_Mutation	58	4	62	0.06451612903225806	4	2	2	0.5085	1	0.5085	0.5085	False	0.34	4.12
2	74883723	G	A	SEMA4F	Missense_Mutation	70	23	93	0.24731182795698925	4	2	2	1.9494	2	0.9747	0.9747	True	0.34	4.12
2	74907119	G	T	SEMA4F	Missense_Mutation	86	13	99	0.13131313131313133	4	2	2	1.0351	1	1.0351	1.0	True	0.34	4.12
2	77746371	C	T	LRRTM4	Silent	67	8	75	0.10666666666666667	4	2	2	0.8408	1	0.8408	0.8408	False	0.34	4.12
2	79386500	G	T	REG3A	Missense_Mutation	57	13	70	0.18571428571428572	4	2	2	1.4639	1	1.4639	1.0	True	0.34	4.12
2	80136878	C	T	CTNNA2	Silent	47	9	56	0.16071428571428573	4	2	2	1.2668	1	1.2668	1.0	True	0.34	4.12
2	86305393	C	G	POLR1A	Missense_Mutation	71	8	79	0.10126582278481013	4	2	2	0.7982	1	0.7982	0.7982	False	0.34	4.12
2	88422740	G	T	FABP1	Intron	14	4	18	0.2222222222222222	4	2	2	1.7516	2	0.8758	0.8758	True	0.34	4.12
2	89309477	G	T	IGKV1-9	3'Flank	108	48	156	0.3076923076923077	4	2	2	2.4253	2	1.2127	1.0	True	0.34	4.12
2	89339991	G	A	IGKV1-12	Silent	229	31	260	0.11923076923076924	4	2	2	0.9398	1	0.9398	0.9398	True	0.34	4.12
2	89568176	A	T	IGKV1-33	Splice_Site	84	12	96	0.125	4	2	2	0.9853	1	0.9853	0.9853	True	0.34	4.12
2	89568177	C	A	IGKV1-33	Splice_Site	83	12	95	0.12631578947368421	4	2	2	0.9957	1	0.9957	0.9957	True	0.34	4.12
2	89976454	G	T	IGKV2D-30	Missense_Mutation	105	16	121	0.1322314049586777	4	2	2	1.0423	1	1.0423	1.0	True	0.34	4.12
2	95484575	G	T	ANKRD20A8P	RNA	67	26	93	0.27956989247311825	4	2	2	2.2037	2	1.1018	1.0	True	0.34	4.12
2	95847464	G	A	ZNF2	Silent	79	7	86	0.08139534883720931	4	2	2	0.6416	1	0.6416	0.6416	False	0.34	4.12
2	95940352	C	T	PROM2	Silent	69	6	75	0.08	4	2	2	0.6306	1	0.6306	0.6306	False	0.34	4.12
2	96040954	G	A	KCNIP3	Missense_Mutation	51	9	60	0.15	4	2	2	1.1824	1	1.1824	1.0	True	0.34	4.12
2	96953654	C	A	SNRNP200	Missense_Mutation	98	23	121	0.19008264462809918	4	2	2	1.4983	1	1.4983	1.0	True	0.34	4.12
2	99944032	C	T	TXNDC9	Missense_Mutation	70	17	87	0.19540229885057472	4	2	2	1.5402	2	0.7701	0.7701	False	0.34	4.12
2	100035309	C	G	REV1	Missense_Mutation	49	11	60	0.18333333333333332	4	2	2	1.4451	1	1.4451	1.0	True	0.34	4.12
2	101911639	T	A	RNF149	Silent	41	7	48	0.14583333333333334	4	2	2	1.1495	1	1.1495	1.0	True	0.34	4.12
2	102501655	A	G	MAP4K4	Missense_Mutation	11	3	14	0.21428571428571427	4	2	2	1.6891	2	0.8445	0.8445	False	0.34	4.12
2	102959916	C	G	IL1RL1	Intron	67	6	73	0.0821917808219178	4	2	2	0.6479	1	0.6479	0.6479	False	0.34	4.12
2	107073498	C	A	RGPD3	Nonsense_Mutation	138	38	176	0.2159090909090909	4	2	2	1.7019	2	0.8509	0.8509	True	0.34	4.12
2	108476256	T	G	RGPD4	Silent	121	13	134	0.09701492537313433	4	2	2	0.7647	1	0.7647	0.7647	False	0.34	4.12
2	108868891	C	A	SULT1C3	Silent	32	19	51	0.37254901960784315	4	2	2	2.9366	2	1.4683	1.0	True	0.34	4.12
2	109087236	G	T	GCC2	Missense_Mutation	57	17	74	0.22972972972972974	4	2	2	1.8108	2	0.9054	0.9054	True	0.34	4.12
2	109379948	C	G	RANBP2	Missense_Mutation	97	9	106	0.08490566037735849	4	2	2	0.6693	1	0.6693	0.6693	False	0.34	4.12
2	110927505	C	T	NPHP1	Missense_Mutation	53	4	57	0.07017543859649122	4	2	2	0.5531	1	0.5531	0.5531	False	0.34	4.12
2	111907683	C	A	BCL2L11	Silent	30	6	36	0.16666666666666666	4	2	2	1.3137	1	1.3137	1.0	True	0.34	4.12
2	116599810	C	A	DPP10	Missense_Mutation	38	10	48	0.20833333333333334	4	2	2	1.6422	2	0.8211	0.8211	False	0.34	4.12
2	131099249	G	T	CCDC115	Missense_Mutation	33	7	40	0.175	4	2	2	1.3794	1	1.3794	1.0	True	0.34	4.12
2	131126742	C	G	PTPN18	Missense_Mutation	164	19	183	0.10382513661202186	4	2	2	0.8184	1	0.8184	0.8184	False	0.34	4.12
2	131976175	A	G	POTEE	Missense_Mutation	282	13	295	0.04406779661016949	4	2	2	0.3474	1	0.3474	0.3474	False	0.34	4.12
2	132021602	G	T	POTEE	Silent	196	9	205	0.04390243902439024	4	2	2	0.3461	1	0.3461	0.3461	False	0.34	4.12
2	132558497	G	T	C2orf27B	Missense_Mutation	111	22	133	0.16541353383458646	4	2	2	1.3038	1	1.3038	1.0	True	0.34	4.12
2	133174715	A	T	GPR39	Missense_Mutation	64	13	77	0.16883116883116883	4	2	2	1.3308	1	1.3308	1.0	True	0.34	4.12
2	135741290	G	T	MAP3K19	Missense_Mutation	66	10	76	0.13157894736842105	4	2	2	1.0372	1	1.0372	1.0	True	0.34	4.12
2	135744028	G	A	MAP3K19	Missense_Mutation	106	10	116	0.08620689655172414	4	2	2	0.6795	1	0.6795	0.6795	False	0.34	4.12
2	137852612	G	T	THSD7B	Nonsense_Mutation	44	13	57	0.22807017543859648	4	2	2	1.7977	2	0.8989	0.8989	True	0.34	4.12
2	137990531	T	G	THSD7B	Missense_Mutation	55	12	67	0.1791044776119403	4	2	2	1.4118	1	1.4118	1.0	True	0.34	4.12
2	139429191	C	A	NXPH2	Silent	71	24	95	0.25263157894736843	4	2	2	1.9913	2	0.9957	0.9957	True	0.34	4.12
2	140995771	G	T	LRP1B	Missense_Mutation	71	16	87	0.1839080459770115	4	2	2	1.4496	1	1.4496	1.0	True	0.34	4.12
2	143986237	G	T	ARHGAP15	Missense_Mutation	34	10	44	0.22727272727272727	4	2	2	1.7914	2	0.8957	0.8957	True	0.34	4.12
2	149241147	A	T	MBD5	Intron	8	3	11	0.2727272727272727	4	2	2	2.1497	2	1.0749	1.0	True	0.34	4.12
2	152518729	G	T	NEB	Missense_Mutation	60	18	78	0.23076923076923078	4	2	2	1.819	2	0.9095	0.9095	True	0.34	4.12
2	155711265	T	A	KCNJ3	Missense_Mutation	70	9	79	0.11392405063291139	4	2	2	0.898	1	0.898	0.898	True	0.34	4.12
2	159519885	A	T	PKP4	Silent	49	13	62	0.20967741935483872	4	2	2	1.6528	2	0.8264	0.8264	False	0.34	4.12
2	160240155	C	G	BAZ2B	Missense_Mutation	29	3	32	0.09375	4	2	2	0.739	1	0.739	0.739	False	0.34	4.12
2	165404204	C	A	GRB14	Missense_Mutation	58	11	69	0.15942028985507245	4	2	2	1.2566	1	1.2566	1.0	True	0.34	4.12
2	165771773	G	T	SLC38A11	Nonsense_Mutation	52	11	63	0.1746031746031746	4	2	2	1.3763	1	1.3763	1.0	True	0.34	4.12
2	166616013	T	A	GALNT3	Silent	39	9	48	0.1875	4	2	2	1.4779	1	1.4779	1.0	True	0.34	4.12
2	166616015	C	G	GALNT3	Missense_Mutation	40	9	49	0.1836734693877551	4	2	2	1.4478	1	1.4478	1.0	True	0.34	4.12
2	167055456	C	A	SCN9A	Missense_Mutation	98	30	128	0.234375	4	2	2	1.8474	2	0.9237	0.9237	True	0.34	4.12
2	168107707	G	T	XIRP2	Missense_Mutation	85	16	101	0.15841584158415842	4	2	2	1.2487	1	1.2487	1.0	True	0.34	4.12
2	169791846	C	G	ABCB11	Missense_Mutation	141	9	150	0.06	4	2	2	0.4729	1	0.4729	0.4729	False	0.34	4.12
2	170072850	G	C	LRP2	Silent	79	5	84	0.05952380952380952	4	2	2	0.4692	1	0.4692	0.4692	False	0.34	4.12
2	170112703	C	A	LRP2	Nonsense_Mutation	59	15	74	0.20270270270270271	4	2	2	1.5978	2	0.7989	0.7989	False	0.34	4.12
2	170592214	A	G	KLHL23	Missense_Mutation	82	21	103	0.20388349514563106	4	2	2	1.6071	2	0.8035	0.8035	False	0.34	4.12
2	172195976	C	T	METTL8	Silent	90	13	103	0.1262135922330097	4	2	2	0.9949	1	0.9949	0.9949	True	0.34	4.12
2	176983899	C	A	HOXD10	Silent	95	5	100	0.05	4	2	2	0.3941	1	0.3941	0.3941	False	0.34	4.12
2	178936367	C	G	PDE11A	Silent	73	24	97	0.24742268041237114	4	2	2	1.9503	2	0.9751	0.9751	True	0.34	4.12
2	179436361	G	T	TTN	Missense_Mutation	44	8	52	0.15384615384615385	4	2	2	1.2127	1	1.2127	1.0	True	0.34	4.12
2	179505287	C	A	TTN	Missense_Mutation	91	6	97	0.061855670103092786	4	2	2	0.4876	1	0.4876	0.4876	False	0.34	4.12
2	179546399	G	T	TTN	Missense_Mutation	58	12	70	0.17142857142857143	4	2	2	1.3513	1	1.3513	1.0	True	0.34	4.12
2	179567269	T	G	TTN	Silent	122	47	169	0.2781065088757396	4	2	2	2.1921	2	1.0961	1.0	True	0.34	4.12
2	179586701	G	A	TTN	Silent	201	11	212	0.05188679245283019	4	2	2	0.409	1	0.409	0.409	False	0.34	4.12
2	179592841	C	G	TTN	Silent	16	9	25	0.36	4	2	2	2.8376	2	1.4188	1.0	True	0.34	4.12
2	179649030	C	T	TTN	Missense_Mutation	56	15	71	0.2112676056338028	4	2	2	1.6653	2	0.8326	0.8326	False	0.34	4.12
2	181922478	G	T	UBE2E3	Missense_Mutation	116	6	122	0.04918032786885246	4	2	2	0.3877	1	0.3877	0.3877	False	0.34	4.12
2	183011797	G	T	PDE1A	3'UTR	51	8	59	0.13559322033898305	4	2	2	1.0688	1	1.0688	1.0	True	0.34	4.12
2	183291442	G	T	PDE1A	Intron	19	7	26	0.2692307692307692	4	2	2	2.1222	2	1.0611	1.0	True	0.34	4.12
2	185800741	G	T	ZNF804A	Silent	66	21	87	0.2413793103448276	4	2	2	1.9026	2	0.9513	0.9513	True	0.34	4.12
2	187541997	G	A	ITGAV	Missense_Mutation	23	5	28	0.17857142857142858	4	2	2	1.4076	1	1.4076	1.0	True	0.34	4.12
2	189931462	C	A	COL5A2	Missense_Mutation	76	27	103	0.2621359223300971	4	2	2	2.0662	2	1.0331	1.0	True	0.34	4.12
2	190585481	C	T	ANKAR	Missense_Mutation	189	17	206	0.0825242718446602	4	2	2	0.6505	1	0.6505	0.6505	False	0.34	4.12
2	197873728	C	A	ANKRD44	Missense_Mutation	84	19	103	0.18446601941747573	4	2	2	1.454	1	1.454	1.0	True	0.34	4.12
2	198540293	C	A	RFTN2	5'UTR	16	3	19	0.15789473684210525	4	2	2	1.2446	1	1.2446	1.0	True	0.34	4.12
2	201438678	G	T	SGOL2	Silent	41	4	45	0.08888888888888889	4	2	2	0.7007	1	0.7007	0.7007	False	0.34	4.12
2	202588165	C	A	ALS2	Splice_Site	75	17	92	0.18478260869565216	4	2	2	1.4565	1	1.4565	1.0	True	0.34	4.12
2	204013744	G	A	NBEAL1	Missense_Mutation	45	8	53	0.1509433962264151	4	2	2	1.1898	1	1.1898	1.0	True	0.34	4.12
2	204066416	C	G	NBEAL1	Missense_Mutation	70	5	75	0.06666666666666667	4	2	2	0.5255	1	0.5255	0.5255	False	0.34	4.12
2	204591407	C	T	CD28	Missense_Mutation	65	6	71	0.08450704225352113	4	2	2	0.6661	1	0.6661	0.6661	False	0.34	4.12
2	206592625	G	T	NRP2	Missense_Mutation	25	3	28	0.10714285714285714	4	2	2	0.8445	1	0.8445	0.8445	False	0.34	4.12
2	206641191	C	A	NRP2	Intron	102	45	147	0.30612244897959184	4	2	2	2.413	2	1.2065	1.0	True	0.34	4.12
2	208994248	A	G	CRYGC	Silent	154	8	162	0.04938271604938271	4	2	2	0.3893	1	0.3893	0.3893	False	0.34	4.12
2	209010870	C	T	CRYGB	5'UTR	42	4	46	0.08695652173913043	4	2	2	0.6854	1	0.6854	0.6854	False	0.34	4.12
2	211464234	C	A	CPS1	Missense_Mutation	80	21	101	0.2079207920792079	4	2	2	1.6389	2	0.8195	0.8195	False	0.34	4.12
2	211540453	T	A	CPS1	Missense_Mutation	36	4	40	0.1	4	2	2	0.7882	1	0.7882	0.7882	False	0.34	4.12
2	211541815	G	T	CPS1	Silent	107	30	137	0.21897810218978103	4	2	2	1.7261	2	0.863	0.863	True	0.34	4.12
2	218925282	C	A	CXCR2P1	RNA	43	11	54	0.2037037037037037	4	2	2	1.6057	2	0.8028	0.8028	False	0.34	4.12
2	219563774	G	T	STK36	Silent	51	9	60	0.15	4	2	2	1.1824	1	1.1824	1.0	True	0.34	4.12
2	219679356	G	A	CYP27A1	Missense_Mutation	56	22	78	0.28205128205128205	4	2	2	2.2232	2	1.1116	1.0	True	0.34	4.12
2	220404194	G	A	CHPF	Missense_Mutation	26	8	34	0.23529411764705882	4	2	2	1.8547	2	0.9273	0.9273	True	0.34	4.12
2	226516204	C	T	NYAP2	Missense_Mutation	202	10	212	0.04716981132075472	4	2	2	0.3718	1	0.3718	0.3718	False	0.34	4.12
2	228881838	G	T	SPHKAP	Silent	73	21	94	0.22340425531914893	4	2	2	1.761	2	0.8805	0.8805	True	0.34	4.12
2	228882064	C	G	SPHKAP	Missense_Mutation	64	5	69	0.07246376811594203	4	2	2	0.5712	1	0.5712	0.5712	False	0.34	4.12
2	228884208	C	A	SPHKAP	Missense_Mutation	79	20	99	0.20202020202020202	4	2	2	1.5924	2	0.7962	0.7962	False	0.34	4.12
2	231113674	G	A	SP140	Missense_Mutation	60	17	77	0.22077922077922077	4	2	2	1.7403	2	0.8701	0.8701	True	0.34	4.12
2	232879677	G	T	DIS3L2	Missense_Mutation	38	5	43	0.11627906976744186	4	2	2	0.9166	1	0.9166	0.9166	True	0.34	4.12
2	234106825	C	A	INPP5D	Silent	29	8	37	0.21621621621621623	4	2	2	1.7043	2	0.8521	0.8521	True	0.34	4.12
2	234581326	C	G	UGT1A9	Nonsense_Mutation	398	17	415	0.04096385542168675	4	2	2	0.3229	1	0.3229	0.3229	False	0.34	4.12
2	234678201	G	C	UGT1A10	Intron	25	10	35	0.2857142857142857	4	2	2	2.2521	2	1.1261	1.0	True	0.34	4.12
2	237074614	G	A	GBX2	Silent	77	10	87	0.11494252873563218	4	2	2	0.906	1	0.906	0.906	True	0.34	4.12
2	240985270	C	T	OR6B3	Missense_Mutation	88	14	102	0.13725490196078433	4	2	2	1.0819	1	1.0819	1.0	True	0.34	4.12
2	242572659	C	G	THAP4	Missense_Mutation	59	30	89	0.33707865168539325	4	2	2	2.657	2	1.3285	1.0	True	0.34	4.12
3	4459700	T	C	SUMF1	Missense_Mutation	75	37	112	0.33035714285714285	3	3	0	2.2736	2	1.1368	1.0	True	0.34	4.12
3	7348275	G	C	GRM7	Silent	44	36	80	0.45	3	3	0	3.0971	3	1.0324	1.0	True	0.34	4.12
3	7620617	C	T	GRM7	Missense_Mutation	75	6	81	0.07407407407407407	3	3	0	0.5098	1	0.5098	0.5098	False	0.34	4.12
3	9512404	G	A	SETD5	Missense_Mutation	45	27	72	0.375	3	3	0	2.5809	3	0.8603	0.8603	True	0.34	4.12
3	10188229	A	C	VHL	Silent	76	40	116	0.3448275862068966	3	3	0	2.3732	2	1.1866	1.0	True	0.34	4.12
3	10251326	G	C	IRAK2	Missense_Mutation	126	81	207	0.391304347826087	3	3	0	2.6931	3	0.8977	0.8977	True	0.34	4.12
3	10379997	C	T	ATP2B2	Missense_Mutation	55	31	86	0.36046511627906974	3	3	0	2.4808	2	1.2404	1.0	True	0.34	4.12
3	11058895	G	T	SLC6A1	5'UTR	28	15	43	0.3488372093023256	3	3	0	2.4008	2	1.2004	1.0	True	0.34	4.12
3	12458242	G	T	PPARG	Nonsense_Mutation	28	22	50	0.44	3	3	0	3.0282	3	1.0094	1.0	True	0.34	4.12
3	14220350	G	T	LSM3	5'UTR	37	10	47	0.2127659574468085	3	3	0	1.4643	1	1.4643	1.0	True	0.34	4.12
3	19491708	G	T	KCNH8	Missense_Mutation	67	39	106	0.36792452830188677	3	3	0	2.5322	3	0.8441	0.8441	False	0.34	4.12
3	36897943	C	A	TRANK1	Missense_Mutation	35	17	52	0.3269230769230769	3	3	0	2.25	2	1.125	1.0	True	0.34	4.12
3	38596038	G	T	SCN5A	Missense_Mutation	51	29	80	0.3625	3	3	0	2.4949	2	1.2474	1.0	True	0.34	4.12
3	38743502	C	T	SCN10A	Silent	47	40	87	0.45977011494252873	3	3	0	3.1643	3	1.0548	1.0	True	0.34	4.12
3	39230502	C	A	XIRP1	Missense_Mutation	59	6	65	0.09230769230769231	3	3	0	0.6353	1	0.6353	0.6353	False	0.34	4.12
3	40352406	G	C	EIF1B	Missense_Mutation	25	23	48	0.4791666666666667	3	3	0	3.2978	3	1.0993	1.0	True	0.34	4.12
3	41291039	C	T	ULK4	Silent	22	9	31	0.2903225806451613	3	3	0	1.9981	2	0.9991	0.9991	True	0.34	4.12
3	44488061	C	T	ZNF445	3'UTR	51	26	77	0.33766233766233766	3	3	0	2.3239	2	1.162	1.0	True	0.34	4.12
3	45972589	C	T	FYCO1	Missense_Mutation	29	5	34	0.14705882352941177	3	3	0	1.0121	1	1.0121	1.0	True	0.34	4.12
3	46009326	C	G	FYCO1	Missense_Mutation	114	10	124	0.08064516129032258	3	3	0	0.555	1	0.555	0.555	False	0.34	4.12
3	47454076	C	A	PTPN23	Missense_Mutation	44	4	48	0.08333333333333333	3	3	0	0.5735	1	0.5735	0.5735	False	0.34	4.12
3	48697067	G	A	CELSR3	Nonsense_Mutation	58	9	67	0.13432835820895522	3	3	0	0.9245	1	0.9245	0.9245	True	0.34	4.12
3	49162828	G	A	LAMB2	Missense_Mutation	95	8	103	0.07766990291262135	3	3	0	0.5346	1	0.5346	0.5346	False	0.34	4.12
3	49755625	G	C	AMIGO3	Missense_Mutation	76	17	93	0.1827956989247312	3	3	0	1.2581	1	1.2581	1.0	True	0.34	4.12
3	51930855	G	A	IQCF1	Missense_Mutation	72	12	84	0.14285714285714285	3	3	0	0.9832	1	0.9832	0.9832	True	0.34	4.12
3	56779427	C	G	ARHGEF3	Missense_Mutation	152	20	172	0.11627906976744186	3	3	0	0.8003	1	0.8003	0.8003	False	0.34	4.12
3	93646103	G	T	PROS1	Missense_Mutation	69	31	100	0.31	3	3	0	2.1335	2	1.0668	1.0	True	0.34	4.12
3	98189143	T	A	OR5K1	Nonsense_Mutation	86	7	93	0.07526881720430108	3	3	0	0.518	1	0.518	0.518	False	0.34	4.12
3	99568588	G	T	FILIP1L	Silent	148	27	175	0.15428571428571428	4	3	1	1.2161	1	1.2161	1.0	True	0.34	4.12
3	101540717	G	T	NXPE3	Silent	76	38	114	0.3333333333333333	4	3	1	2.6275	3	0.8758	0.8758	True	0.34	4.12
3	108300983	C	T	KIAA1524	Missense_Mutation	134	8	142	0.056338028169014086	4	3	1	0.4441	1	0.4441	0.4441	False	0.34	4.12
3	108746723	C	A	MORC1	Nonsense_Mutation	67	10	77	0.12987012987012986	4	3	1	1.0237	1	1.0237	1.0	True	0.34	4.12
3	109046868	G	T	DPPA4	Missense_Mutation	194	29	223	0.13004484304932734	4	3	1	1.0251	1	1.0251	1.0	True	0.34	4.12
3	111312502	C	A	ZBED2	Nonsense_Mutation	92	12	104	0.11538461538461539	4	3	1	0.9095	1	0.9095	0.9095	True	0.34	4.12
3	111426975	G	T	PLCXD2	Silent	101	12	113	0.10619469026548672	4	3	1	0.8371	1	0.8371	0.8371	False	0.34	4.12
3	111427069	C	T	PLCXD2	Missense_Mutation	132	22	154	0.14285714285714285	4	3	1	1.1261	1	1.1261	1.0	True	0.34	4.12
3	112647776	C	G	CD200R1	Missense_Mutation	24	20	44	0.45454545454545453	4	3	1	3.5829	3	1.1943	1.0	True	0.34	4.12
3	112648338	A	T	CD200R1	Silent	59	39	98	0.3979591836734694	4	3	1	3.1369	3	1.0456	1.0	True	0.34	4.12
3	113866356	C	A	DRD3	Missense_Mutation	60	28	88	0.3181818181818182	4	3	1	2.508	3	0.836	0.836	False	0.34	4.12
3	113866357	T	A	DRD3	Missense_Mutation	58	27	85	0.3176470588235294	4	3	1	2.5038	3	0.8346	0.8346	False	0.34	4.12
3	114018505	G	T	TIGIT	Silent	24	16	40	0.4	4	3	1	3.1529	3	1.051	1.0	True	0.34	4.12
3	115805197	G	T	LSAMP	Missense_Mutation	34	19	53	0.3584905660377358	4	3	1	2.8257	3	0.9419	0.9419	True	0.34	4.12
3	118865578	G	C	C3orf30	Missense_Mutation	54	33	87	0.3793103448275862	4	3	1	2.9899	3	0.9966	0.9966	True	0.34	4.12
3	118865680	C	A	C3orf30	Missense_Mutation	103	42	145	0.2896551724137931	4	3	1	2.2832	2	1.1416	1.0	True	0.34	4.12
3	119134187	A	C	ARHGAP31	Silent	68	8	76	0.10526315789473684	4	3	1	0.8297	1	0.8297	0.8297	False	0.34	4.12
3	119134524	G	T	ARHGAP31	Missense_Mutation	31	7	38	0.18421052631578946	4	3	1	1.452	1	1.452	1.0	True	0.34	4.12
3	119367346	C	A	POPDC2	Missense_Mutation	51	26	77	0.33766233766233766	4	3	1	2.6616	3	0.8872	0.8872	True	0.34	4.12
3	121340541	C	A	FBXO40	Missense_Mutation	61	26	87	0.2988505747126437	4	3	1	2.3556	2	1.1778	1.0	True	0.34	4.12
3	121416859	C	A	GOLGB1	Silent	123	59	182	0.3241758241758242	4	3	1	2.5553	3	0.8518	0.8518	True	0.34	4.12
3	124437805	G	T	RP11-71H17.7	5'Flank	52	27	79	0.34177215189873417	4	3	1	2.694	3	0.898	0.898	True	0.34	4.12
3	124996588	G	A	ZNF148	Missense_Mutation	50	9	59	0.15254237288135594	4	3	1	1.2024	1	1.2024	1.0	True	0.34	4.12
3	126201221	G	T	UROC1	Missense_Mutation	29	7	36	0.19444444444444445	4	3	1	1.5327	2	0.7663	0.7663	False	0.34	4.12
3	127339570	G	T	MCM2	Silent	126	14	140	0.1	4	3	1	0.7882	1	0.7882	0.7882	False	0.34	4.12
3	127981045	A	T	EEFSEC	Missense_Mutation	109	17	126	0.1349206349206349	4	3	1	1.0635	1	1.0635	1.0	True	0.34	4.12
3	131206585	C	T	MRPL3	Splice_Site	49	9	58	0.15517241379310345	4	3	1	1.2231	1	1.2231	1.0	True	0.34	4.12
3	132413787	C	G	NPHP3	Missense_Mutation	111	6	117	0.05128205128205128	4	3	1	0.4042	1	0.4042	0.4042	False	0.34	4.12
3	133473450	G	T	TF	Missense_Mutation	172	73	245	0.2979591836734694	4	3	1	2.3486	2	1.1743	1.0	True	0.34	4.12
3	137880800	T	C	DBR1	Silent	118	17	135	0.1259259259259259	4	3	1	0.9926	1	0.9926	0.9926	True	0.34	4.12
3	138291755	G	A	CEP70	Silent	99	12	111	0.10810810810810811	4	3	1	0.8521	1	0.8521	0.8521	True	0.34	4.12
3	138724540	G	T	PRR23A	Silent	15	5	20	0.25	4	3	1	1.9706	2	0.9853	0.9853	True	0.34	4.12
3	141697400	C	A	TFDP2	Nonsense_Mutation	64	31	95	0.3263157894736842	4	3	1	2.5721	3	0.8574	0.8574	True	0.34	4.12
3	142746000	C	T	U2SURP	Silent	46	4	50	0.08	4	3	1	0.6306	1	0.6306	0.6306	False	0.34	4.12
3	142840702	C	T	CHST2	Silent	14	6	20	0.3	4	3	1	2.3647	2	1.1824	1.0	True	0.34	4.12
3	143412140	C	G	SLC9A9	Missense_Mutation	39	16	55	0.2909090909090909	4	3	1	2.293	2	1.1465	1.0	True	0.34	4.12
3	145828166	C	A	PLOD2	Silent	43	21	64	0.328125	4	3	1	2.5864	3	0.8621	0.8621	True	0.34	4.12
3	148558710	C	A	CPB1	Missense_Mutation	73	44	117	0.37606837606837606	4	3	1	2.9643	3	0.9881	0.9881	True	0.34	4.12
3	148928104	C	A	CP	Nonsense_Mutation	95	30	125	0.24	4	3	1	1.8918	2	0.9459	0.9459	True	0.34	4.12
3	149205513	T	C	TM4SF4	Silent	65	6	71	0.08450704225352113	4	3	1	0.6661	1	0.6661	0.6661	False	0.34	4.12
3	158262012	A	T	RSRC1	Missense_Mutation	82	14	96	0.14583333333333334	4	3	1	1.1495	1	1.1495	1.0	True	0.34	4.12
3	159976353	G	C	IFT80	Nonsense_Mutation	83	9	92	0.09782608695652174	4	3	1	0.7711	1	0.7711	0.7711	False	0.34	4.12
3	161220139	G	T	OTOL1	Nonsense_Mutation	16	7	23	0.30434782608695654	4	3	1	2.399	2	1.1995	1.0	True	0.34	4.12
3	170184720	G	T	SLC7A14	3'UTR	26	9	35	0.2571428571428571	4	3	1	2.0269	2	1.0134	1.0	True	0.34	4.12
3	170198683	G	T	SLC7A14	Missense_Mutation	88	39	127	0.30708661417322836	4	3	1	2.4206	2	1.2103	1.0	True	0.34	4.12
3	174814685	G	A	NAALADL2	Nonsense_Mutation	26	6	32	0.1875	4	3	1	1.4779	1	1.4779	1.0	True	0.34	4.12
3	179426584	A	T	USP13	Missense_Mutation	100	34	134	0.2537313432835821	4	3	1	2.0	2	1.0	1.0	True	0.34	4.12
3	179439258	G	T	USP13	Silent	44	30	74	0.40540540540540543	4	3	1	3.1955	3	1.0652	1.0	True	0.34	4.12
3	182871591	C	A	LAMP3	Missense_Mutation	110	16	126	0.12698412698412698	4	3	1	1.0009	1	1.0009	1.0	True	0.34	4.12
3	182871592	C	A	LAMP3	Missense_Mutation	112	16	128	0.125	4	3	1	0.9853	1	0.9853	0.9853	True	0.34	4.12
3	183699584	C	T	ABCC5	Missense_Mutation	86	5	91	0.054945054945054944	4	3	1	0.4331	1	0.4331	0.4331	False	0.34	4.12
3	186299788	G	T	DNAJB11	Missense_Mutation	30	6	36	0.16666666666666666	4	3	1	1.3137	1	1.3137	1.0	True	0.34	4.12
3	186335035	G	T	AHSG	Missense_Mutation	77	18	95	0.18947368421052632	4	3	1	1.4935	1	1.4935	1.0	True	0.34	4.12
3	186502264	G	C	EIF4A2	Missense_Mutation	118	35	153	0.22875816993464052	4	3	1	1.8032	2	0.9016	0.9016	True	0.34	4.12
3	187444586	C	A	BCL6	Missense_Mutation	70	39	109	0.3577981651376147	4	3	1	2.8203	3	0.9401	0.9401	True	0.34	4.12
3	189713232	C	G	LEPREL1	Splice_Site	37	5	42	0.11904761904761904	4	3	1	0.9384	1	0.9384	0.9384	True	0.34	4.12
3	193132429	T	A	ATP13A4	Missense_Mutation	35	15	50	0.3	4	3	1	2.3647	2	1.1824	1.0	True	0.34	4.12
3	196387597	G	T	NRROS	Missense_Mutation	85	19	104	0.18269230769230768	4	3	1	1.44	1	1.44	1.0	True	0.34	4.12
4	2242561	G	A	HAUS3	Missense_Mutation	92	14	106	0.1320754716981132	4	3	1	1.0411	1	1.0411	1.0	True	0.34	4.12
4	4190634	C	A	OTOP1	Missense_Mutation	109	7	116	0.0603448275862069	4	3	0	0.4757	1	0.4757	0.4757	False	0.34	4.12
4	8583184	C	A	GPR78	Missense_Mutation	3	6	9	0.6666666666666666	4	3	0	5.2549	3	1.7516	1.0	True	0.34	4.12
4	10446036	C	A	ZNF518B	Silent	139	23	162	0.1419753086419753	4	4	0	1.1191	1	1.1191	1.0	True	0.34	4.12
4	13597517	C	T	BOD1L1	Missense_Mutation	158	18	176	0.10227272727272728	4	4	0	0.8061	1	0.8061	0.8061	False	0.34	4.12
4	15717419	A	G	BST1	Missense_Mutation	49	4	53	0.07547169811320754	4	4	0	0.5949	1	0.5949	0.5949	False	0.34	4.12
4	17816489	G	C	NCAPG	Missense_Mutation	51	4	55	0.07272727272727272	4	4	0	0.5733	1	0.5733	0.5733	False	0.34	4.12
4	17841769	G	C	NCAPG	Missense_Mutation	32	15	47	0.3191489361702128	4	4	0	2.5156	3	0.8385	0.8385	False	0.34	4.12
4	20619215	T	G	SLIT2	Silent	32	4	36	0.1111111111111111	4	4	0	0.8758	1	0.8758	0.8758	True	0.34	4.12
4	25677836	G	T	SLC34A2	Missense_Mutation	47	56	103	0.5436893203883495	4	4	0	4.2856	4	1.0714	1.0	True	0.34	4.12
4	39449014	A	G	KLB	Missense_Mutation	90	11	101	0.10891089108910891	3	3	0	0.7496	1	0.7496	0.7496	False	0.34	4.12
4	44177089	T	A	KCTD8	Silent	107	21	128	0.1640625	3	3	0	1.1291	1	1.1291	1.0	True	0.34	4.12
4	47408869	C	A	GABRB1	Missense_Mutation	78	10	88	0.11363636363636363	5	3	2	1.0094	1	1.0094	1.0	True	0.34	4.12
4	47628524	G	A	CORIN	Missense_Mutation	122	22	144	0.1527777777777778	5	3	2	1.357	1	1.357	1.0	True	0.34	4.12
4	48491057	C	A	SLC10A4	3'UTR	20	7	27	0.25925925925925924	5	3	2	2.3028	2	1.1514	1.0	True	0.34	4.12
4	48993518	G	T	CWH43	Missense_Mutation	161	59	220	0.2681818181818182	4	3	1	2.1139	2	1.057	1.0	True	0.34	4.12
4	55151573	T	A	PDGFRA	Missense_Mutation	39	24	63	0.38095238095238093	3	3	1	2.6218	3	0.8739	0.8739	True	0.34	4.12
4	55151575	A	T	PDGFRA	Silent	40	23	63	0.36507936507936506	3	3	1	2.5126	3	0.8375	0.8375	False	0.34	4.12
4	57181271	C	A	KIAA1211	Silent	8	4	12	0.3333333333333333	3	3	1	2.2941	2	1.1471	1.0	True	0.34	4.12
4	62775326	C	A	LPHN3	Missense_Mutation	15	6	21	0.2857142857142857	3	3	1	1.9664	2	0.9832	0.9832	True	0.34	4.12
4	62903554	C	A	LPHN3	Missense_Mutation	54	7	61	0.11475409836065574	3	3	1	0.7898	1	0.7898	0.7898	False	0.34	4.12
4	66467419	C	A	EPHA5	Missense_Mutation	56	32	88	0.36363636363636365	4	3	0	2.8663	3	0.9554	0.9554	True	0.34	4.12
4	69337200	G	T	TMPRSS11E	Missense_Mutation	171	98	269	0.3643122676579926	2	1	1	2.143	1	2.143	1.0	True	0.34	4.12
4	70713502	C	T	SULT1E1	Missense_Mutation	67	6	73	0.0821917808219178	3	3	1	0.5657	1	0.5657	0.5657	False	0.34	4.12
4	70822064	C	T	CSN2	3'UTR	36	5	41	0.12195121951219512	3	3	1	0.8393	1	0.8393	0.8393	False	0.34	4.12
4	71396794	C	A	AMTN	Missense_Mutation	24	12	36	0.3333333333333333	3	3	1	2.2941	2	1.1471	1.0	True	0.34	4.12
4	73957440	G	A	ANKRD17	Missense_Mutation	121	72	193	0.37305699481865284	3	3	1	2.5675	3	0.8558	0.8558	True	0.34	4.12
4	75066999	A	G	MTHFD2L	Silent	33	15	48	0.3125	3	3	1	2.1507	2	1.0754	1.0	True	0.34	4.12
4	76442141	G	A	THAP6	Silent	38	10	48	0.20833333333333334	3	3	1	1.4338	1	1.4338	1.0	True	0.34	4.12
4	80328714	T	A	GK2	Missense_Mutation	105	10	115	0.08695652173913043	3	3	1	0.5985	1	0.5985	0.5985	False	0.34	4.12
4	81967473	A	T	BMP3	Missense_Mutation	51	12	63	0.19047619047619047	3	3	1	1.3109	1	1.3109	1.0	True	0.34	4.12
4	88048269	A	T	AFF1	Missense_Mutation	41	28	69	0.4057971014492754	3	3	1	2.7928	3	0.9309	0.9309	True	0.34	4.12
4	88583880	C	T	DMP1	Missense_Mutation	85	5	90	0.05555555555555555	3	3	1	0.3824	1	0.3824	0.3824	False	0.34	4.12
4	89442932	C	A	PIGY	Silent	23	7	30	0.23333333333333334	3	3	1	1.6059	2	0.8029	0.8029	False	0.34	4.12
4	90874332	C	T	MMRN1	Silent	85	6	91	0.06593406593406594	3	3	1	0.4538	1	0.4538	0.4538	False	0.34	4.12
4	91230736	G	C	CCSER1	Missense_Mutation	32	7	39	0.1794871794871795	3	3	1	1.2353	1	1.2353	1.0	True	0.34	4.12
4	94032010	C	A	GRID2	Missense_Mutation	63	23	86	0.26744186046511625	3	3	1	1.8406	2	0.9203	0.9203	True	0.34	4.12
4	94032021	G	C	GRID2	Missense_Mutation	64	22	86	0.2558139534883721	3	3	1	1.7606	2	0.8803	0.8803	True	0.34	4.12
4	94693401	C	A	GRID2	Missense_Mutation	56	28	84	0.3333333333333333	3	3	1	2.2941	2	1.1471	1.0	True	0.34	4.12
4	100867609	C	A	DNAJB14	Silent	14	5	19	0.2631578947368421	3	3	1	1.8111	2	0.9056	0.9056	True	0.34	4.12
4	104032029	C	A	CENPE	Missense_Mutation	41	4	45	0.08888888888888889	3	3	1	0.6118	1	0.6118	0.6118	False	0.34	4.12
4	106621078	C	T	INTS12	Missense_Mutation	132	7	139	0.050359712230215826	3	3	1	0.3466	1	0.3466	0.3466	False	0.34	4.12
4	107169463	C	G	TBCK	Missense_Mutation	26	8	34	0.23529411764705882	3	3	1	1.6194	2	0.8097	0.8097	False	0.34	4.12
4	107169465	T	A	TBCK	Splice_Site	26	9	35	0.2571428571428571	3	3	1	1.7697	2	0.8849	0.8849	True	0.34	4.12
4	107216292	T	C	TBCK	Silent	72	34	106	0.32075471698113206	3	3	1	2.2075	2	1.1038	1.0	True	0.34	4.12
4	113359731	G	T	ALPK1	Nonsense_Mutation	114	8	122	0.06557377049180328	3	2	1	0.4513	1	0.4513	0.4513	False	0.34	4.12
4	114279715	C	A	ANK2	Missense_Mutation	127	9	136	0.0661764705882353	3	2	1	0.4554	1	0.4554	0.4554	False	0.34	4.12
4	114288814	C	A	ANK2	Missense_Mutation	70	7	77	0.09090909090909091	3	2	1	0.6257	1	0.6257	0.6257	False	0.34	4.12
4	115856464	C	G	NDST4	Missense_Mutation	36	19	55	0.34545454545454546	3	2	1	2.3775	2	1.1888	1.0	True	0.34	4.12
4	118005285	C	A	TRAM1L1	3'UTR	13	3	16	0.1875	3	2	1	1.2904	1	1.2904	1.0	True	0.34	4.12
4	118005286	C	G	TRAM1L1	3'UTR	13	3	16	0.1875	3	2	1	1.2904	1	1.2904	1.0	True	0.34	4.12
4	119059326	A	T	NDST3	Missense_Mutation	54	14	68	0.20588235294117646	3	2	1	1.417	1	1.417	1.0	True	0.34	4.12
4	119202977	C	G	PRSS12	3'UTR	9	5	14	0.35714285714285715	3	2	1	2.458	2	1.229	1.0	True	0.34	4.12
4	119951360	G	T	SYNPO2	Missense_Mutation	22	9	31	0.2903225806451613	3	2	1	1.9981	2	0.9991	0.9991	True	0.34	4.12
4	122749568	C	T	BBS7	Missense_Mutation	83	6	89	0.06741573033707865	3	2	1	0.464	1	0.464	0.464	False	0.34	4.12
4	141313777	G	T	CLGN	Missense_Mutation	42	13	55	0.23636363636363636	3	2	1	1.6267	2	0.8134	0.8134	False	0.34	4.12
4	144918704	G	T	GYPB	Silent	31	14	45	0.3111111111111111	3	2	1	2.1412	2	1.0706	1.0	True	0.34	4.12
4	145040914	A	G	GYPA	Missense_Mutation	56	7	63	0.1111111111111111	3	2	1	0.7647	1	0.7647	0.7647	False	0.34	4.12
4	155665926	G	T	LRAT	Missense_Mutation	71	8	79	0.10126582278481013	3	2	1	0.6969	1	0.6969	0.6969	False	0.34	4.12
4	164272318	C	G	NPY5R	Missense_Mutation	94	6	100	0.06	3	2	1	0.4129	1	0.4129	0.4129	False	0.34	4.12
4	166924548	G	T	TLL1	Missense_Mutation	47	16	63	0.25396825396825395	3	2	1	1.7479	2	0.8739	0.8739	True	0.34	4.12
4	169146820	A	C	DDX60	Missense_Mutation	41	5	46	0.10869565217391304	3	2	1	0.7481	1	0.7481	0.7481	False	0.34	4.12
4	175896665	G	T	ADAM29	5'UTR	62	7	69	0.10144927536231885	3	2	1	0.6982	1	0.6982	0.6982	False	0.34	4.12
4	183635317	G	T	TENM3	Nonsense_Mutation	43	6	49	0.12244897959183673	3	2	1	0.8427	1	0.8427	0.8427	False	0.34	4.12
4	186427700	G	A	PDLIM3	Nonsense_Mutation	56	7	63	0.1111111111111111	3	2	1	0.7647	1	0.7647	0.7647	False	0.34	4.12
4	187088164	C	A	FAM149A	Missense_Mutation	31	22	53	0.41509433962264153	3	2	1	2.8568	2	1.4284	1.0	True	0.34	4.12
5	224543	C	T	SDHA	Silent	242	11	253	0.043478260869565216	6	5	1	0.4297	1	0.4297	0.4297	False	0.34	4.12
5	840641	C	A	ZDHHC11	Silent	218	17	235	0.07234042553191489	6	5	1	0.7149	1	0.7149	0.7149	False	0.34	4.12
5	5146425	G	A	ADAMTS16	Missense_Mutation	134	15	149	0.10067114093959731	6	5	1	0.9949	1	0.9949	0.9949	True	0.34	4.12
5	9054273	G	T	SEMA5A	Missense_Mutation	55	30	85	0.35294117647058826	6	5	1	3.4879	3	1.1626	1.0	True	0.34	4.12
5	9119232	C	T	SEMA5A	Nonsense_Mutation	16	11	27	0.4074074074074074	6	5	1	4.0261	4	1.0065	1.0	True	0.34	4.12
5	9136722	C	A	SEMA5A	Missense_Mutation	81	6	87	0.06896551724137931	6	5	1	0.6815	1	0.6815	0.6815	False	0.34	4.12
5	9197323	C	G	SEMA5A	Missense_Mutation	84	32	116	0.27586206896551724	6	5	1	2.7262	3	0.9087	0.9087	True	0.34	4.12
5	10290834	T	C	CMBL	Missense_Mutation	131	15	146	0.10273972602739725	7	7	1	1.118	1	1.118	1.0	True	0.34	4.12
5	10988344	T	A	CTNND2	Silent	98	7	105	0.06666666666666667	7	7	1	0.7255	1	0.7255	0.7255	False	0.34	4.12
5	13867922	G	A	DNAH5	Silent	163	15	178	0.08426966292134831	7	7	1	0.9171	1	0.9171	0.9171	True	0.34	4.12
5	13923410	G	C	DNAH5	Missense_Mutation	194	220	414	0.5314009661835749	7	7	1	5.7829	6	0.9638	0.9638	True	0.34	4.12
5	14399012	C	G	TRIO	Missense_Mutation	183	10	193	0.05181347150259067	7	7	1	0.5639	1	0.5639	0.5639	False	0.34	4.12
5	14462950	G	T	TRIO	Missense_Mutation	172	14	186	0.07526881720430108	7	7	1	0.8191	1	0.8191	0.8191	False	0.34	4.12
5	14472747	G	T	TRIO	Missense_Mutation	57	93	150	0.62	7	7	1	6.7471	7	0.9639	0.9639	True	0.34	4.12
5	17354063	G	T	CTD-2139B15.2	RNA	38	87	125	0.696	7	7	1	7.5741	7	1.082	1.0	True	0.34	4.12
5	17354393	C	A	CTD-2139B15.2	RNA	93	67	160	0.41875	7	7	1	4.557	5	0.9114	0.9114	True	0.34	4.12
5	21752244	C	T	CDH12	Missense_Mutation	154	13	167	0.07784431137724551	7	7	1	0.8471	1	0.8471	0.8471	False	0.34	4.12
5	23509620	G	T	PRDM9	Missense_Mutation	290	16	306	0.05228758169934641	7	7	1	0.569	1	0.569	0.569	False	0.34	4.12
5	24509906	C	G	CDH10	Missense_Mutation	58	48	106	0.4528301886792453	7	7	1	4.9279	5	0.9856	0.9856	True	0.34	4.12
5	31302240	T	A	CDH6	Silent	24	52	76	0.6842105263157895	7	7	1	7.4458	7	1.0637	1.0	True	0.34	4.12
5	33937001	G	T	RXFP3	Silent	173	7	180	0.03888888888888889	7	7	1	0.4232	1	0.4232	0.4232	False	0.34	4.12
5	33937002	G	T	RXFP3	Missense_Mutation	174	7	181	0.03867403314917127	7	7	1	0.4209	1	0.4209	0.4209	False	0.34	4.12
5	34823250	C	G	RAI14	Missense_Mutation	199	8	207	0.03864734299516908	7	7	1	0.4206	1	0.4206	0.4206	False	0.34	4.12
5	35670354	G	A	SPEF2	Intron	39	84	123	0.6829268292682927	7	7	1	7.4319	7	1.0617	1.0	True	0.34	4.12
5	36037942	C	T	UGT3A2	Missense_Mutation	327	12	339	0.035398230088495575	7	7	1	0.3852	1	0.3852	0.3852	False	0.34	4.12
5	36262117	T	C	RANBP3L	Missense_Mutation	237	24	261	0.09195402298850575	7	7	1	1.0007	1	1.0007	1.0	True	0.34	4.12
5	36608542	G	A	SLC1A3	Missense_Mutation	208	15	223	0.06726457399103139	7	7	1	0.732	1	0.732	0.732	False	0.34	4.12
5	37348642	C	G	NUP155	Missense_Mutation	132	10	142	0.07042253521126761	7	7	1	0.7664	1	0.7664	0.7664	False	0.34	4.12
5	38407176	G	T	EGFLAM	Missense_Mutation	40	95	135	0.7037037037037037	7	7	1	7.658	7	1.094	1.0	True	0.34	4.12
5	38451530	T	C	EGFLAM	Missense_Mutation	94	205	299	0.68561872909699	7	7	1	7.4611	7	1.0659	1.0	True	0.34	4.12
5	38510812	C	G	LIFR	Missense_Mutation	32	55	87	0.632183908045977	7	7	1	6.8796	7	0.9828	0.9828	True	0.34	4.12
5	38953162	T	C	RICTOR	Missense_Mutation	220	15	235	0.06382978723404255	7	7	1	0.6946	1	0.6946	0.6946	False	0.34	4.12
5	42801362	C	A	SEPP1	Silent	80	156	236	0.6610169491525424	7	7	1	7.1934	7	1.0276	1.0	True	0.34	4.12
5	44388738	A	T	FGF10	Missense_Mutation	37	53	90	0.5888888888888889	7	7	1	6.4085	6	1.0681	1.0	True	0.34	4.12
5	55212886	G	C	IL31RA	Missense_Mutation	72	6	78	0.07692307692307693	3	2	1	0.5294	1	0.5294	0.5294	False	0.34	4.12
5	57913636	G	T	RAB3C	Missense_Mutation	29	15	44	0.3409090909090909	3	2	1	2.3463	2	1.1731	1.0	True	0.34	4.12
5	68524191	C	G	MRPS36	Missense_Mutation	134	6	140	0.04285714285714286	3	2	1	0.295	1	0.295	0.295	False	0.34	4.12
5	68677881	A	T	RAD17	Missense_Mutation	64	12	76	0.15789473684210525	3	2	1	1.0867	1	1.0867	1.0	True	0.34	4.12
5	68903026	T	A	RP11-848G14.2	RNA	77	9	86	0.10465116279069768	3	2	1	0.7202	1	0.7202	0.7202	False	0.34	4.12
5	71493644	C	T	MAP1B	Missense_Mutation	66	20	86	0.23255813953488372	3	2	1	1.6005	2	0.8003	0.8003	False	0.34	4.12
5	74988263	T	A	POC5	Silent	60	27	87	0.3103448275862069	3	2	1	2.1359	2	1.068	1.0	True	0.34	4.12
5	75923290	A	T	IQGAP2	Missense_Mutation	58	17	75	0.22666666666666666	3	2	1	1.56	2	0.78	0.78	False	0.34	4.12
5	76029171	C	A	F2R	Missense_Mutation	99	25	124	0.20161290322580644	3	2	1	1.3876	1	1.3876	1.0	True	0.34	4.12
5	80553612	C	A	CKMT2	Silent	37	7	44	0.1590909090909091	3	2	1	1.0949	1	1.0949	1.0	True	0.34	4.12
5	80643701	G	T	ACOT12	Missense_Mutation	222	41	263	0.155893536121673	3	2	1	1.0729	1	1.0729	1.0	True	0.34	4.12
5	82818060	C	T	VCAN	Missense_Mutation	64	15	79	0.189873417721519	3	2	1	1.3068	1	1.3068	1.0	True	0.34	4.12
5	83360583	G	A	EDIL3	Silent	40	11	51	0.21568627450980393	3	2	1	1.4844	1	1.4844	1.0	True	0.34	4.12
5	85578559	T	C	NBPF22P	RNA	44	17	61	0.2786885245901639	3	2	1	1.918	2	0.959	0.959	True	0.34	4.12
5	90055329	G	C	GPR98	Missense_Mutation	20	4	24	0.16666666666666666	3	2	1	1.1471	1	1.1471	1.0	True	0.34	4.12
5	96086363	G	C	CAST	Missense_Mutation	24	9	33	0.2727272727272727	3	2	1	1.877	2	0.9385	0.9385	True	0.34	4.12
5	99871248	A	C	FAM174A	Missense_Mutation	52	13	65	0.2	3	2	1	1.3765	1	1.3765	1.0	True	0.34	4.12
5	108516524	G	T	FER	Nonsense_Mutation	76	5	81	0.06172839506172839	3	2	1	0.4248	1	0.4248	0.4248	False	0.34	4.12
5	114499327	C	A	TRIM36	Silent	65	6	71	0.08450704225352113	3	2	1	0.5816	1	0.5816	0.5816	False	0.34	4.12
5	115336130	G	A	AQPEP	Missense_Mutation	69	23	92	0.25	3	2	1	1.7206	2	0.8603	0.8603	True	0.34	4.12
5	115351343	C	A	AQPEP	Silent	33	10	43	0.23255813953488372	3	2	1	1.6005	2	0.8003	0.8003	False	0.34	4.12
5	115783244	C	G	SEMA6A	Missense_Mutation	159	15	174	0.08620689655172414	3	2	1	0.5933	1	0.5933	0.5933	False	0.34	4.12
5	118469618	G	A	DMXL1	Missense_Mutation	71	5	76	0.06578947368421052	3	2	1	0.4528	1	0.4528	0.4528	False	0.34	4.12
5	121188124	G	T	FTMT	Missense_Mutation	86	25	111	0.22522522522522523	3	2	1	1.5501	2	0.775	0.775	False	0.34	4.12
5	121297701	G	T	SRFBP1	5'UTR	118	13	131	0.09923664122137404	3	2	1	0.683	1	0.683	0.683	False	0.34	4.12
5	127624176	G	C	FBN2	Missense_Mutation	54	6	60	0.1	3	2	1	0.6882	1	0.6882	0.6882	False	0.34	4.12
5	128441061	G	A	ISOC1	Missense_Mutation	30	4	34	0.11764705882352941	3	2	1	0.8097	1	0.8097	0.8097	False	0.34	4.12
5	131539826	C	A	P4HA2	Missense_Mutation	73	17	90	0.18888888888888888	3	2	1	1.3	1	1.3	1.0	True	0.34	4.12
5	137626362	G	C	CDC25C	Missense_Mutation	62	5	67	0.07462686567164178	3	2	1	0.5136	1	0.5136	0.5136	False	0.34	4.12
5	137727580	G	T	KDM3B	Silent	171	30	201	0.14925373134328357	3	2	1	1.0272	1	1.0272	1.0	True	0.34	4.12
5	139744082	G	T	SLC4A9	Missense_Mutation	11	5	16	0.3125	3	2	1	2.1507	2	1.0754	1.0	True	0.34	4.12
5	140168035	G	C	PCDHA1	Silent	58	12	70	0.17142857142857143	3	2	1	1.1798	1	1.1798	1.0	True	0.34	4.12
5	140189128	C	A	PCDHA4	Missense_Mutation	81	34	115	0.2956521739130435	3	2	1	2.0348	2	1.0174	1.0	True	0.34	4.12
5	140222196	G	T	PCDHA8	Silent	135	39	174	0.22413793103448276	3	2	1	1.5426	2	0.7713	0.7713	False	0.34	4.12
5	140229932	G	T	PCDHA9	Missense_Mutation	82	26	108	0.24074074074074073	3	2	1	1.6569	2	0.8284	0.8284	False	0.34	4.12
5	140230364	G	A	PCDHA9	Missense_Mutation	90	7	97	0.07216494845360824	3	2	1	0.4967	1	0.4967	0.4967	False	0.34	4.12
5	140256600	G	T	PCDHA12	Missense_Mutation	93	31	124	0.25	3	2	1	1.7206	2	0.8603	0.8603	True	0.34	4.12
5	140346880	G	T	PCDHAC2	Missense_Mutation	20	7	27	0.25925925925925924	3	2	1	1.7843	2	0.8922	0.8922	True	0.34	4.12
5	140476694	C	T	PCDHB2	Missense_Mutation	86	20	106	0.18867924528301888	3	2	1	1.2986	1	1.2986	1.0	True	0.34	4.12
5	140503499	T	C	PCDHB4	Missense_Mutation	57	15	72	0.20833333333333334	3	2	1	1.4338	1	1.4338	1.0	True	0.34	4.12
5	140580977	G	A	PCDHB11	Missense_Mutation	95	11	106	0.10377358490566038	3	2	1	0.7142	1	0.7142	0.7142	False	0.34	4.12
5	140581088	G	C	PCDHB11	Missense_Mutation	80	5	85	0.058823529411764705	3	2	1	0.4048	1	0.4048	0.4048	False	0.34	4.12
5	140627114	C	A	PCDHB15	Silent	108	12	120	0.1	3	2	1	0.6882	1	0.6882	0.6882	False	0.34	4.12
5	140710926	C	A	PCDHGA1	Silent	53	12	65	0.18461538461538463	3	2	1	1.2706	1	1.2706	1.0	True	0.34	4.12
5	140720633	G	T	PCDHGA2	Missense_Mutation	133	23	156	0.14743589743589744	3	2	1	1.0147	1	1.0147	1.0	True	0.34	4.12
5	140720867	G	T	PCDHGA2	Missense_Mutation	139	11	150	0.07333333333333333	3	2	1	0.5047	1	0.5047	0.5047	False	0.34	4.12
5	140774430	C	A	PCDHGA8	Missense_Mutation	53	7	60	0.11666666666666667	3	2	1	0.8029	1	0.8029	0.8029	False	0.34	4.12
5	140783007	G	T	PCDHGA9	Missense_Mutation	84	17	101	0.16831683168316833	3	2	1	1.1584	1	1.1584	1.0	True	0.34	4.12
5	140869579	G	C	PCDHGC5	Missense_Mutation	161	32	193	0.16580310880829016	3	2	1	1.1411	1	1.1411	1.0	True	0.34	4.12
5	141242793	C	T	PCDH1	Intron	33	7	40	0.175	3	2	1	1.2044	1	1.2044	1.0	True	0.34	4.12
5	141358145	C	T	RNF14	Missense_Mutation	40	4	44	0.09090909090909091	3	2	1	0.6257	1	0.6257	0.6257	False	0.34	4.12
5	146778740	G	A	DPYSL3	Missense_Mutation	125	9	134	0.06716417910447761	3	2	1	0.4622	1	0.4622	0.4622	False	0.34	4.12
5	147021329	T	A	JAKMIP2	Splice_Site	35	7	42	0.16666666666666666	3	2	1	1.1471	1	1.1471	1.0	True	0.34	4.12
5	147051347	T	A	JAKMIP2	Missense_Mutation	39	5	44	0.11363636363636363	3	2	1	0.7821	1	0.7821	0.7821	False	0.34	4.12
5	147902826	C	T	HTR4	Nonsense_Mutation	41	4	45	0.08888888888888889	3	2	1	0.6118	1	0.6118	0.6118	False	0.34	4.12
5	149460402	T	G	CSF1R	Missense_Mutation	21	4	25	0.16	3	2	1	1.1012	1	1.1012	1.0	True	0.34	4.12
5	153065884	C	T	GRIA1	Nonsense_Mutation	32	9	41	0.21951219512195122	3	2	1	1.5108	2	0.7554	0.7554	False	0.34	4.12
5	157164911	A	G	THG1L	Missense_Mutation	48	7	55	0.12727272727272726	3	2	1	0.8759	1	0.8759	0.8759	True	0.34	4.12
5	167625979	G	A	TENM2	Missense_Mutation	33	12	45	0.26666666666666666	3	2	1	1.8353	2	0.9176	0.9176	True	0.34	4.12
5	168098328	G	T	SLIT3	Silent	41	5	46	0.10869565217391304	3	2	1	0.7481	1	0.7481	0.7481	False	0.34	4.12
5	168671728	G	T	SLIT3	Missense_Mutation	39	9	48	0.1875	3	2	1	1.2904	1	1.2904	1.0	True	0.34	4.12
5	169472897	C	T	DOCK2	Silent	65	5	70	0.07142857142857142	3	2	1	0.4916	1	0.4916	0.4916	False	0.34	4.12
5	169535261	C	A	FOXI1	Silent	61	19	80	0.2375	3	2	1	1.6346	2	0.8173	0.8173	False	0.34	4.12
5	172396539	G	A	RPL26L1	Missense_Mutation	67	7	74	0.0945945945945946	3	2	1	0.651	1	0.651	0.651	False	0.34	4.12
5	174869708	T	A	DRD1	Missense_Mutation	67	25	92	0.2717391304347826	3	2	1	1.8702	2	0.9351	0.9351	True	0.34	4.12
5	175110326	C	A	HRH2	Silent	176	27	203	0.1330049261083744	3	2	1	0.9154	1	0.9154	0.9154	True	0.34	4.12
5	175923620	C	A	FAF2	Silent	95	6	101	0.0594059405940594	3	2	1	0.4089	1	0.4089	0.4089	False	0.34	4.12
5	176522652	G	T	FGFR4	Silent	11	3	14	0.21428571428571427	3	2	1	1.4748	1	1.4748	1.0	True	0.34	4.12
5	176710860	G	A	NSD1	Missense_Mutation	129	8	137	0.058394160583941604	3	2	1	0.4019	1	0.4019	0.4019	False	0.34	4.12
5	176919548	C	A	PDLIM7	Missense_Mutation	25	7	32	0.21875	3	2	1	1.5055	2	0.7528	0.7528	False	0.34	4.12
5	176951477	C	A	FAM193B	Missense_Mutation	10	4	14	0.2857142857142857	3	2	1	1.9664	2	0.9832	0.9832	True	0.34	4.12
5	179227540	G	C	MGAT4B	Missense_Mutation	20	3	23	0.13043478260869565	3	2	1	0.8977	1	0.8977	0.8977	True	0.34	4.12
5	179252158	C	T	SQSTM1	Missense_Mutation	63	9	72	0.125	3	2	1	0.8603	1	0.8603	0.8603	True	0.34	4.12
5	180377516	C	A	BTNL8	Missense_Mutation	87	8	95	0.08421052631578947	3	2	1	0.5796	1	0.5796	0.5796	False	0.34	4.12
6	1390608	G	T	FOXF2	Missense_Mutation	55	32	87	0.367816091954023	5	3	3	3.2671	3	1.089	1.0	True	0.34	4.12
6	4068873	C	T	FAM217A	3'UTR	47	5	52	0.09615384615384616	5	3	3	0.8541	1	0.8541	0.8541	True	0.34	4.12
6	7230732	G	T	RREB1	Silent	19	4	23	0.17391304347826086	5	3	3	1.5448	2	0.7724	0.7724	False	0.34	4.12
6	7231430	C	T	RREB1	Missense_Mutation	52	8	60	0.13333333333333333	5	3	3	1.1843	1	1.1843	1.0	True	0.34	4.12
6	7574355	C	T	DSP	Missense_Mutation	90	6	96	0.0625	5	3	3	0.5551	1	0.5551	0.5551	False	0.34	4.12
6	8419813	C	A	SLC35B3	Missense_Mutation	60	32	92	0.34782608695652173	5	3	3	3.0895	3	1.0298	1.0	True	0.34	4.12
6	10404901	C	T	TFAP2A	Missense_Mutation	57	27	84	0.32142857142857145	5	3	3	2.855	3	0.9517	0.9517	True	0.34	4.12
6	22294785	G	T	PRL	Missense_Mutation	21	10	31	0.3225806451612903	5	3	3	2.8653	3	0.9551	0.9551	True	0.34	4.12
6	24134573	C	G	NRSN1	Missense_Mutation	48	10	58	0.1724137931034483	5	3	3	1.5314	2	0.7657	0.7657	False	0.34	4.12
6	24871099	C	A	FAM65B	Missense_Mutation	11	5	16	0.3125	5	3	3	2.7757	3	0.9252	0.9252	True	0.34	4.12
6	25488758	C	G	LRRC16A	Missense_Mutation	151	13	164	0.07926829268292683	5	3	3	0.7041	1	0.7041	0.7041	False	0.34	4.12
6	25779518	G	C	SLC17A4	3'UTR	24	10	34	0.29411764705882354	5	3	3	2.6125	3	0.8708	0.8708	True	0.34	4.12
6	25850334	A	T	SLC17A3	Missense_Mutation	54	19	73	0.2602739726027397	5	3	3	2.3118	2	1.1559	1.0	True	0.34	4.12
6	26123964	A	T	HIST1H2BC	Missense_Mutation	184	75	259	0.28957528957528955	5	3	3	2.5721	3	0.8574	0.8574	True	0.34	4.12
6	26184177	G	T	HIST1H2BE	Missense_Mutation	202	18	220	0.08181818181818182	5	3	3	0.7267	1	0.7267	0.7267	False	0.34	4.12
6	26216720	G	C	HIST1H2BG	Missense_Mutation	163	41	204	0.20098039215686275	5	3	3	1.7852	2	0.8926	0.8926	True	0.34	4.12
6	26234735	C	A	HIST1H1D	Missense_Mutation	64	34	98	0.3469387755102041	5	3	3	3.0816	3	1.0272	1.0	True	0.34	4.12
6	26247201	G	A	HIST1H4G	Missense_Mutation	42	7	49	0.14285714285714285	5	3	3	1.2689	1	1.2689	1.0	True	0.34	4.12
6	26410254	G	A	BTN3A1	Missense_Mutation	165	9	174	0.05172413793103448	5	3	3	0.4594	1	0.4594	0.4594	False	0.34	4.12
6	27101145	G	T	HIST1H2AG	Missense_Mutation	121	27	148	0.18243243243243243	5	3	3	1.6204	2	0.8102	0.8102	False	0.34	4.12
6	27421013	C	A	ZNF184	Missense_Mutation	73	16	89	0.1797752808988764	5	3	3	1.5968	2	0.7984	0.7984	False	0.34	4.12
6	27782880	A	G	HIST1H2BM	Missense_Mutation	188	13	201	0.06467661691542288	5	3	3	0.5745	1	0.5745	0.5745	False	0.34	4.12
6	27799282	C	A	HIST1H4K	Silent	118	14	132	0.10606060606060606	5	3	3	0.9421	1	0.9421	0.9421	True	0.34	4.12
6	27839717	T	A	HIST1H3I	Missense_Mutation	208	34	242	0.14049586776859505	5	3	3	1.2479	1	1.2479	1.0	True	0.34	4.12
6	27858295	C	G	HIST1H3J	Silent	74	11	85	0.12941176470588237	5	3	3	1.1495	1	1.1495	1.0	True	0.34	4.12
6	28056781	C	G	ZNF165	Missense_Mutation	70	5	75	0.06666666666666667	5	3	3	0.5922	1	0.5922	0.5922	False	0.34	4.12
6	29274914	G	T	OR14J1	Missense_Mutation	150	33	183	0.18032786885245902	5	3	3	1.6017	2	0.8009	0.8009	False	0.34	4.12
6	29627220	C	A	MOG	Silent	128	51	179	0.2849162011173184	5	3	3	2.5307	3	0.8436	0.8436	False	0.34	4.12
6	30310098	G	A	TRIM39	3'UTR	48	8	56	0.14285714285714285	5	3	2	1.2689	1	1.2689	1.0	True	0.34	4.12
6	30867118	A	T	DDR1	3'UTR	38	18	56	0.32142857142857145	5	3	2	2.855	3	0.9517	0.9517	True	0.34	4.12
6	31508135	C	A	DDX39B	Missense_Mutation	60	18	78	0.23076923076923078	5	3	2	2.0498	2	1.0249	1.0	True	0.34	4.12
6	32010099	C	G	TNXB	Missense_Mutation	25	12	37	0.32432432432432434	5	3	2	2.8808	3	0.9603	0.9603	True	0.34	4.12
6	32021388	G	T	TNXB	Silent	48	22	70	0.3142857142857143	5	3	2	2.7916	3	0.9305	0.9305	True	0.34	4.12
6	32088575	G	T	ATF6B	Missense_Mutation	166	7	173	0.04046242774566474	5	3	2	0.3594	1	0.3594	0.3594	False	0.34	4.12
6	32134872	G	T	EGFL8	Nonsense_Mutation	190	43	233	0.18454935622317598	5	3	2	1.6392	2	0.8196	0.8196	False	0.34	4.12
6	32147882	G	A	RNF5	Missense_Mutation	227	14	241	0.058091286307053944	5	3	2	0.516	1	0.516	0.516	False	0.34	4.12
6	33541968	C	A	BAK1	Missense_Mutation	24	13	37	0.35135135135135137	5	3	3	3.1208	3	1.0403	1.0	True	0.34	4.12
6	34385290	G	T	RPS10	Missense_Mutation	34	20	54	0.37037037037037035	5	3	3	3.2898	3	1.0966	1.0	True	0.34	4.12
6	34389536	C	G	RPS10	Missense_Mutation	360	19	379	0.05013192612137203	5	3	3	0.4453	1	0.4453	0.4453	False	0.34	4.12
6	35261526	A	T	ZNF76	Splice_Site	48	43	91	0.4725274725274725	5	3	3	4.1972	3	1.3991	1.0	True	0.34	4.12
6	35278301	G	A	DEF6	Silent	134	18	152	0.11842105263157894	5	3	3	1.0519	1	1.0519	1.0	True	0.34	4.12
6	38754656	G	T	DNAH8	Missense_Mutation	66	6	72	0.08333333333333333	5	3	3	0.7402	1	0.7402	0.7402	False	0.34	4.12
6	41743255	C	G	FRS3	Missense_Mutation	36	10	46	0.21739130434782608	5	3	3	1.9309	2	0.9655	0.9655	True	0.34	4.12
6	42656060	G	A	UBR2	Missense_Mutation	257	12	269	0.04460966542750929	5	3	3	0.3962	1	0.3962	0.3962	False	0.34	4.12
6	42902230	G	T	CNPY3	Missense_Mutation	60	18	78	0.23076923076923078	5	3	3	2.0498	2	1.0249	1.0	True	0.34	4.12
6	43322794	G	C	ZNF318	Missense_Mutation	86	26	112	0.23214285714285715	5	3	3	2.062	2	1.031	1.0	True	0.34	4.12
6	43399993	G	T	ABCC10	Missense_Mutation	101	39	140	0.2785714285714286	5	3	3	2.4744	2	1.2372	1.0	True	0.34	4.12
6	44148732	G	A	CAPN11	Missense_Mutation	204	73	277	0.26353790613718414	5	3	3	2.3408	2	1.1704	1.0	True	0.34	4.12
6	45870993	C	G	CLIC5	Splice_Site	40	10	50	0.2	5	3	3	1.7765	2	0.8882	0.8882	True	0.34	4.12
6	46659556	A	T	TDRD6	Missense_Mutation	83	13	96	0.13541666666666666	5	3	3	1.2028	1	1.2028	1.0	True	0.34	4.12
6	47591975	C	A	CD2AP	3'UTR	46	9	55	0.16363636363636364	5	3	3	1.4535	1	1.4535	1.0	True	0.34	4.12
6	47682216	C	G	GPR115	Nonsense_Mutation	125	11	136	0.08088235294117647	5	3	3	0.7184	1	0.7184	0.7184	False	0.34	4.12
6	49802826	G	T	CRISP1	3'UTR	12	8	20	0.4	5	3	3	3.5529	3	1.1843	1.0	True	0.34	4.12
6	49986718	G	C	DEFB110	Missense_Mutation	76	7	83	0.08433734939759036	5	3	3	0.7491	1	0.7491	0.7491	False	0.34	4.12
6	51824730	T	C	PKHD1	Missense_Mutation	149	37	186	0.1989247311827957	5	3	3	1.7669	2	0.8835	0.8835	True	0.34	4.12
6	51890118	C	T	PKHD1	Missense_Mutation	75	26	101	0.25742574257425743	5	3	3	2.2865	2	1.1433	1.0	True	0.34	4.12
6	51890803	C	G	PKHD1	Missense_Mutation	57	8	65	0.12307692307692308	5	3	3	1.0932	1	1.0932	1.0	True	0.34	4.12
6	51935861	T	A	PKHD1	Missense_Mutation	53	15	68	0.22058823529411764	5	3	3	1.9593	2	0.9797	0.9797	True	0.34	4.12
6	52101940	G	T	IL17F	Missense_Mutation	32	10	42	0.23809523809523808	5	3	3	2.1148	2	1.0574	1.0	True	0.34	4.12
6	54791227	A	T	FAM83B	Missense_Mutation	90	15	105	0.14285714285714285	5	3	3	1.2689	1	1.2689	1.0	True	0.34	4.12
6	54804697	G	T	FAM83B	Missense_Mutation	99	14	113	0.12389380530973451	5	3	3	1.1005	1	1.1005	1.0	True	0.34	4.12
6	54805281	T	C	FAM83B	Silent	119	11	130	0.08461538461538462	5	3	3	0.7516	1	0.7516	0.7516	False	0.34	4.12
6	55300297	T	G	HMGCLL1	3'UTR	7	3	10	0.3	5	3	3	2.6647	3	0.8882	0.8882	True	0.34	4.12
6	56483219	G	T	DST	Intron	73	22	95	0.23157894736842105	5	3	3	2.057	2	1.0285	1.0	True	0.34	4.12
6	64421811	C	T	PHF3	Missense_Mutation	60	34	94	0.3617021276595745	3	3	0	2.4894	2	1.2447	1.0	True	0.34	4.12
6	70071376	G	T	BAI3	Missense_Mutation	71	14	85	0.16470588235294117	3	3	0	1.1336	1	1.1336	1.0	True	0.34	4.12
6	70639431	C	G	COL19A1	Missense_Mutation	41	27	68	0.39705882352941174	3	3	0	2.7327	3	0.9109	0.9109	True	0.34	4.12
6	75855921	C	A	COL12A1	Missense_Mutation	30	10	40	0.25	3	3	0	1.7206	2	0.8603	0.8603	True	0.34	4.12
6	76425176	G	A	SENP6	Missense_Mutation	63	6	69	0.08695652173913043	3	3	0	0.5985	1	0.5985	0.5985	False	0.34	4.12
6	76751662	C	T	IMPG1	Silent	39	15	54	0.2777777777777778	3	3	0	1.9118	2	0.9559	0.9559	True	0.34	4.12
6	86176988	C	T	NT5E	Missense_Mutation	35	10	45	0.2222222222222222	3	3	0	1.5294	2	0.7647	0.7647	False	0.34	4.12
6	88140771	G	A	C6ORF165	Missense_Mutation	24	14	38	0.3684210526315789	3	3	0	2.5356	3	0.8452	0.8452	False	0.34	4.12
6	93967191	C	A	EPHA7	Missense_Mutation	22	9	31	0.2903225806451613	3	3	0	1.9981	2	0.9991	0.9991	True	0.34	4.12
6	94120376	G	T	EPHA7	Silent	48	31	79	0.3924050632911392	3	3	0	2.7007	3	0.9002	0.9002	True	0.34	4.12
6	97246934	C	A	GPR63	Missense_Mutation	92	8	100	0.08	3	3	0	0.5506	1	0.5506	0.5506	False	0.34	4.12
6	97679330	G	A	MMS22L	Missense_Mutation	22	6	28	0.21428571428571427	3	3	0	1.4748	1	1.4748	1.0	True	0.34	4.12
6	100369120	C	A	MCHR2	Missense_Mutation	73	14	87	0.16091954022988506	3	3	0	1.1075	1	1.1075	1.0	True	0.34	4.12
6	107955605	G	T	SOBP	Silent	8	6	14	0.42857142857142855	3	3	0	2.9496	3	0.9832	0.9832	True	0.34	4.12
6	112454580	C	A	LAMA4	Missense_Mutation	69	37	106	0.3490566037735849	3	3	0	2.4023	2	1.2012	1.0	True	0.34	4.12
6	129674473	G	T	LAMA2	Missense_Mutation	39	28	67	0.417910447761194	3	3	0	2.8762	3	0.9587	0.9587	True	0.34	4.12
6	130497017	C	A	SAMD3	Missense_Mutation	85	8	93	0.08602150537634409	3	3	0	0.592	1	0.592	0.592	False	0.34	4.12
6	131190899	C	A	EPB41L2	Missense_Mutation	180	45	225	0.2	3	3	0	1.3765	1	1.3765	1.0	True	0.34	4.12
6	132618313	C	A	MOXD1	Silent	42	31	73	0.4246575342465753	3	3	0	2.9226	3	0.9742	0.9742	True	0.34	4.12
6	136599710	C	A	BCLAF1	Missense_Mutation	188	43	231	0.18614718614718614	3	3	0	1.2811	1	1.2811	1.0	True	0.34	4.12
6	149916239	G	C	KATNA1	Missense_Mutation	67	5	72	0.06944444444444445	3	3	0	0.4779	1	0.4779	0.4779	False	0.34	4.12
6	160455534	T	G	IGF2R	Missense_Mutation	45	18	63	0.2857142857142857	3	3	0	1.9664	2	0.9832	0.9832	True	0.34	4.12
6	160978566	C	A	LPA	Missense_Mutation	76	14	90	0.15555555555555556	3	3	0	1.0706	1	1.0706	1.0	True	0.34	4.12
6	167550839	T	C	CCR6	Missense_Mutation	33	19	52	0.36538461538461536	3	3	0	2.5147	3	0.8382	0.8382	False	0.34	4.12
6	167570985	C	A	GPR31	Missense_Mutation	28	4	32	0.125	3	3	0	0.8603	1	0.8603	0.8603	True	0.34	4.12
6	168227253	C	T	MLLT4	5'Flank	51	4	55	0.07272727272727272	3	3	0	0.5005	1	0.5005	0.5005	False	0.34	4.12
7	751135	G	A	PRKAR1B	Missense_Mutation	69	6	75	0.08	6	3	3	0.7906	1	0.7906	0.7906	False	0.34	4.12
7	1586709	T	A	TMEM184A	Missense_Mutation	23	14	37	0.3783783783783784	6	3	3	3.7393	3	1.2464	1.0	True	0.34	4.12
7	15601444	A	T	AGMO	Missense_Mutation	81	39	120	0.325	6	3	3	3.2118	3	1.0706	1.0	True	0.34	4.12
7	15601562	G	T	AGMO	5'UTR	24	12	36	0.3333333333333333	6	3	3	3.2941	3	1.098	1.0	True	0.34	4.12
7	15601599	C	A	AGMO	5'UTR	16	5	21	0.23809523809523808	6	3	3	2.3529	2	1.1765	1.0	True	0.34	4.12
7	16341047	C	A	ISPD	Missense_Mutation	18	5	23	0.21739130434782608	6	3	3	2.1483	2	1.0742	1.0	True	0.34	4.12
7	16649291	G	A	ANKMY2	Silent	62	15	77	0.19480519480519481	6	3	3	1.9251	2	0.9626	0.9626	True	0.34	4.12
7	20180730	C	A	MACC1	Nonsense_Mutation	95	46	141	0.3262411347517731	6	3	3	3.224	3	1.0747	1.0	True	0.34	4.12
7	21813507	G	A	DNAH11	Missense_Mutation	10	5	15	0.3333333333333333	6	3	3	3.2941	3	1.098	1.0	True	0.34	4.12
7	21940666	C	G	DNAH11	Missense_Mutation	163	60	223	0.26905829596412556	6	3	3	2.6589	3	0.8863	0.8863	True	0.34	4.12
7	23750000	G	T	STK31	Intron	12	11	23	0.4782608695652174	6	3	3	4.7263	3	1.5754	1.0	True	0.34	4.12
7	27135347	C	A	HOXA1	Missense_Mutation	77	29	106	0.27358490566037735	6	3	3	2.7037	3	0.9012	0.9012	True	0.34	4.12
7	27150356	C	G	HOXA3	5'UTR	27	8	35	0.22857142857142856	6	3	3	2.2588	2	1.1294	1.0	True	0.34	4.12
7	27832703	G	T	TAX1BP1	Nonsense_Mutation	51	14	65	0.2153846153846154	6	3	3	2.1285	2	1.0643	1.0	True	0.34	4.12
7	30890106	C	T	FAM188B	Silent	21	3	24	0.125	6	3	3	1.2353	1	1.2353	1.0	True	0.34	4.12
7	30951862	C	G	AQP1	Nonsense_Mutation	169	10	179	0.055865921787709494	6	3	3	0.5521	1	0.5521	0.5521	False	0.34	4.12
7	34977696	C	T	DPY19L1	Missense_Mutation	48	9	57	0.15789473684210525	6	3	3	1.5604	2	0.7802	0.7802	False	0.34	4.12
7	37780354	G	T	GPR141	Missense_Mutation	146	10	156	0.0641025641025641	6	3	3	0.6335	1	0.6335	0.6335	False	0.34	4.12
7	37890307	G	T	NME8	Silent	87	24	111	0.21621621621621623	6	3	3	2.1367	2	1.0684	1.0	True	0.34	4.12
7	37949246	C	T	SFRP4	Nonsense_Mutation	129	7	136	0.051470588235294115	6	3	3	0.5087	1	0.5087	0.5087	False	0.34	4.12
7	43590133	G	A	HECW1	Nonsense_Mutation	37	4	41	0.0975609756097561	6	3	3	0.9641	1	0.9641	0.9641	True	0.34	4.12
7	44148723	G	T	AEBP1	Missense_Mutation	34	14	48	0.2916666666666667	6	3	3	2.8824	3	0.9608	0.9608	True	0.34	4.12
7	44280317	C	A	CAMK2B	Missense_Mutation	28	10	38	0.2631578947368421	6	3	3	2.6006	3	0.8669	0.8669	True	0.34	4.12
7	47947761	G	T	PKD1L1	Missense_Mutation	45	13	58	0.22413793103448276	6	3	3	2.215	2	1.1075	1.0	True	0.34	4.12
7	49815505	G	T	VWC2	Missense_Mutation	9	3	12	0.25	6	3	3	2.4706	2	1.2353	1.0	True	0.34	4.12
7	49951728	T	G	VWC2	Missense_Mutation	73	9	82	0.10975609756097561	6	3	3	1.0846	1	1.0846	1.0	True	0.34	4.12
7	53104149	C	T	POM121L12	Missense_Mutation	78	17	95	0.17894736842105263	6	3	3	1.7684	2	0.8842	0.8842	True	0.34	4.12
7	55750190	C	A	RNU6-389P	5'Flank	9	5	14	0.35714285714285715	6	4	3	3.5294	4	0.8824	0.8824	True	0.34	4.12
7	57188312	C	G	ZNF479	Silent	58	18	76	0.23684210526315788	6	4	3	2.3406	2	1.1703	1.0	True	0.34	4.12
7	69064861	G	A	AUTS2	Silent	23	4	27	0.14814814814814814	2	1	1	0.8715	1	0.8715	0.8715	True	0.34	4.12
7	71571150	C	G	CALN1	Missense_Mutation	15	9	24	0.375	2	1	1	2.2059	1	2.2059	1.0	True	0.34	4.12
7	71571192	C	A	CALN1	Missense_Mutation	25	7	32	0.21875	2	1	1	1.2868	1	1.2868	1.0	True	0.34	4.12
7	73459565	C	T	ELN	Silent	36	6	42	0.14285714285714285	2	1	1	0.8403	1	0.8403	0.8403	False	0.34	4.12
7	73954274	G	T	GTF2IRD1	Missense_Mutation	46	15	61	0.2459016393442623	2	1	1	1.4465	1	1.4465	1.0	True	0.34	4.12
7	75174063	T	A	HIP1	Missense_Mutation	39	6	45	0.13333333333333333	2	1	1	0.7843	1	0.7843	0.7843	False	0.34	4.12
7	75174065	C	A	HIP1	Silent	36	5	41	0.12195121951219512	2	1	1	0.7174	1	0.7174	0.7174	False	0.34	4.12
7	75174401	C	A	HIP1	Missense_Mutation	73	17	90	0.18888888888888888	2	1	1	1.1111	1	1.1111	1.0	True	0.34	4.12
7	82584492	T	C	PCLO	Missense_Mutation	32	5	37	0.13513513513513514	4	3	1	1.0652	1	1.0652	1.0	True	0.34	4.12
7	82784736	T	C	PCLO	Silent	109	24	133	0.18045112781954886	4	3	1	1.4224	1	1.4224	1.0	True	0.34	4.12
7	82785155	C	A	PCLO	Missense_Mutation	57	5	62	0.08064516129032258	4	3	1	0.6357	1	0.6357	0.6357	False	0.34	4.12
7	83031961	G	T	SEMA3E	Missense_Mutation	48	13	61	0.21311475409836064	4	3	1	1.6798	2	0.8399	0.8399	False	0.34	4.12
7	84628776	G	A	SEMA3D	Missense_Mutation	54	4	58	0.06896551724137931	4	3	1	0.5436	1	0.5436	0.5436	False	0.34	4.12
7	91732067	G	C	AKAP9	Missense_Mutation	160	25	185	0.13513513513513514	4	3	1	1.0652	1	1.0652	1.0	True	0.34	4.12
7	92764428	T	A	SAMD9L	Missense_Mutation	151	28	179	0.1564245810055866	4	3	1	1.233	1	1.233	1.0	True	0.34	4.12
7	94041939	C	A	COL1A2	Missense_Mutation	18	6	24	0.25	4	3	1	1.9706	2	0.9853	0.9853	True	0.34	4.12
7	94043576	C	T	COL1A2	Missense_Mutation	27	10	37	0.2702702702702703	4	3	1	2.1304	2	1.0652	1.0	True	0.34	4.12
7	95457405	G	T	DYNC1I1	Missense_Mutation	174	97	271	0.35793357933579334	4	3	1	2.8214	3	0.9405	0.9405	True	0.34	4.12
7	96747071	G	T	ACN9	Missense_Mutation	59	23	82	0.2804878048780488	4	3	1	2.2109	2	1.1055	1.0	True	0.34	4.12
7	99258208	G	T	CYP3A5	Missense_Mutation	70	6	76	0.07894736842105263	4	3	1	0.6223	1	0.6223	0.6223	False	0.34	4.12
7	99621109	A	T	ZKSCAN1	5'UTR	71	27	98	0.2755102040816326	4	3	1	2.1717	2	1.0858	1.0	True	0.34	4.12
7	100421853	C	A	EPHB4	Missense_Mutation	123	19	142	0.13380281690140844	4	3	1	1.0547	1	1.0547	1.0	True	0.34	4.12
7	100676818	C	A	MUC17	Silent	731	36	767	0.0469361147327249	4	3	1	0.37	1	0.37	0.37	False	0.34	4.12
7	100681737	C	T	MUC17	Missense_Mutation	316	174	490	0.3551020408163265	4	3	1	2.799	3	0.933	0.933	True	0.34	4.12
7	100839311	G	T	MOGAT3	Silent	33	7	40	0.175	4	3	1	1.3794	1	1.3794	1.0	True	0.34	4.12
7	100849618	C	A	PLOD3	Missense_Mutation	65	9	74	0.12162162162162163	4	3	1	0.9587	1	0.9587	0.9587	True	0.34	4.12
7	100860066	C	T	PLOD3	Silent	13	5	18	0.2777777777777778	4	3	1	2.1895	2	1.0948	1.0	True	0.34	4.12
7	102912241	C	A	DPY19L2P2	RNA	56	6	62	0.0967741935483871	4	3	1	0.7628	1	0.7628	0.7628	False	0.34	4.12
7	103180698	G	A	RELN	Silent	62	38	100	0.38	4	3	1	2.9953	3	0.9984	0.9984	True	0.34	4.12
7	107559470	G	T	DLD	Missense_Mutation	53	24	77	0.3116883116883117	4	3	1	2.4568	2	1.2284	1.0	True	0.34	4.12
7	107692542	C	A	LAMB4	Missense_Mutation	137	17	154	0.11038961038961038	4	3	1	0.8701	1	0.8701	0.8701	True	0.34	4.12
7	111927113	G	T	ZNF277	Missense_Mutation	93	55	148	0.3716216216216216	5	3	2	3.3009	3	1.1003	1.0	True	0.34	4.12
7	112724774	C	A	GPR85	Translation_Start_Site	27	8	35	0.22857142857142856	5	3	2	2.0303	2	1.0151	1.0	True	0.34	4.12
7	115892431	C	T	TES	Silent	105	9	114	0.07894736842105263	5	3	2	0.7012	1	0.7012	0.7012	False	0.34	4.12
7	121608082	G	A	PTPRZ1	Missense_Mutation	64	18	82	0.21951219512195122	5	3	2	1.9498	2	0.9749	0.9749	True	0.34	4.12
7	123105039	C	A	IQUB	Nonsense_Mutation	112	15	127	0.11811023622047244	5	3	2	1.0491	1	1.0491	1.0	True	0.34	4.12
7	123508818	G	T	HYAL4	Missense_Mutation	132	11	143	0.07692307692307693	5	3	2	0.6833	1	0.6833	0.6833	False	0.34	4.12
7	123594064	G	A	SPAM1	Nonsense_Mutation	129	15	144	0.10416666666666667	5	3	2	0.9252	1	0.9252	0.9252	True	0.34	4.12
7	126086157	C	A	GRM8	Intron	109	40	149	0.2684563758389262	5	3	2	2.3845	2	1.1923	1.0	True	0.34	4.12
7	126542595	C	A	GRM8	Splice_Site	51	9	60	0.15	5	3	2	1.3324	1	1.3324	1.0	True	0.34	4.12
7	128494892	C	A	FLNC	Missense_Mutation	87	15	102	0.14705882352941177	5	3	2	1.3062	1	1.3062	1.0	True	0.34	4.12
7	128494959	G	A	FLNC	Silent	92	10	102	0.09803921568627451	5	3	2	0.8708	1	0.8708	0.8708	True	0.34	4.12
7	128843243	G	T	SMO	Missense_Mutation	3	5	8	0.625	5	3	2	5.5515	3	1.8505	1.0	True	0.34	4.12
7	129658511	G	A	ZC3HC1	Missense_Mutation	81	13	94	0.13829787234042554	5	3	2	1.2284	1	1.2284	1.0	True	0.34	4.12
7	130027674	G	T	CPA1	Missense_Mutation	473	108	581	0.18588640275387264	5	3	2	1.6511	2	0.8256	0.8256	False	0.34	4.12
7	135047450	A	G	CNOT4	3'UTR	17	11	28	0.39285714285714285	5	3	2	3.4895	3	1.1632	1.0	True	0.34	4.12
7	135099131	G	C	CNOT4	Silent	199	10	209	0.04784688995215311	5	3	2	0.425	1	0.425	0.425	False	0.34	4.12
7	136700011	C	A	CHRM2	Silent	128	24	152	0.15789473684210525	5	3	2	1.4025	1	1.4025	1.0	True	0.34	4.12
7	137773393	C	A	AKR1D1	Missense_Mutation	37	9	46	0.1956521739130435	5	3	2	1.7379	2	0.8689	0.8689	True	0.34	4.12
7	138833076	C	T	TTC26	Missense_Mutation	155	22	177	0.12429378531073447	5	3	2	1.104	1	1.104	1.0	True	0.34	4.12
7	141708481	C	A	MGAM	Nonsense_Mutation	40	18	58	0.3103448275862069	5	3	2	2.7566	3	0.9189	0.9189	True	0.34	4.12
7	142131834	C	A	TRBV5-6	Missense_Mutation	71	12	83	0.14457831325301204	5	3	2	1.2842	1	1.2842	1.0	True	0.34	4.12
7	142131835	C	A	TRBV5-6	Nonsense_Mutation	73	12	85	0.1411764705882353	5	3	2	1.254	1	1.254	1.0	True	0.34	4.12
7	142168638	G	T	TRBV5-4	Missense_Mutation	68	16	84	0.19047619047619047	5	3	2	1.6919	2	0.8459	0.8459	False	0.34	4.12
7	142168650	G	T	TRBV5-4	Missense_Mutation	62	26	88	0.29545454545454547	5	3	2	2.6243	3	0.8748	0.8748	True	0.34	4.12
7	142176554	C	A	TRBV7-4	Missense_Mutation	66	10	76	0.13157894736842105	5	3	2	1.1687	1	1.1687	1.0	True	0.34	4.12
7	142458452	C	T	PRSS1	Silent	189	35	224	0.15625	5	3	2	1.3879	1	1.3879	1.0	True	0.34	4.12
7	142459849	C	A	PRSS1	Missense_Mutation	115	20	135	0.14814814814814814	5	3	2	1.3159	1	1.3159	1.0	True	0.34	4.12
7	142561077	C	T	EPHB6	Missense_Mutation	50	11	61	0.18032786885245902	5	3	2	1.6017	2	0.8009	0.8009	False	0.34	4.12
7	142561806	G	A	EPHB6	Missense_Mutation	219	25	244	0.10245901639344263	5	3	2	0.9101	1	0.9101	0.9101	True	0.34	4.12
7	142562357	G	A	EPHB6	Missense_Mutation	74	38	112	0.3392857142857143	5	3	2	3.0137	3	1.0046	1.0	True	0.34	4.12
7	142575447	G	A	TRPV6	Silent	90	43	133	0.3233082706766917	5	3	2	2.8717	3	0.9572	0.9572	True	0.34	4.12
7	142983285	G	A	TMEM139	Missense_Mutation	83	44	127	0.3464566929133858	5	3	2	3.0774	3	1.0258	1.0	True	0.34	4.12
7	143421523	C	A	FAM115C	Missense_Mutation	30	9	39	0.23076923076923078	5	3	2	2.0498	2	1.0249	1.0	True	0.34	4.12
7	143807592	G	A	OR2A2	Missense_Mutation	105	49	154	0.3181818181818182	5	3	2	2.8262	3	0.9421	0.9421	True	0.34	4.12
7	148544312	T	A	EZH2	Nonsense_Mutation	182	40	222	0.18018018018018017	5	3	2	1.6004	2	0.8002	0.8002	False	0.34	4.12
7	148702342	C	A	PDIA4	Silent	144	26	170	0.15294117647058825	5	3	2	1.3585	1	1.3585	1.0	True	0.34	4.12
7	148947854	A	C	ZNF212	Missense_Mutation	84	30	114	0.2631578947368421	5	3	2	2.3375	2	1.1687	1.0	True	0.34	4.12
7	149174746	C	A	ZNF746	Missense_Mutation	38	13	51	0.2549019607843137	5	3	2	2.2641	2	1.1321	1.0	True	0.34	4.12
7	149486408	G	T	SSPO	RNA	26	6	32	0.1875	5	3	2	1.6654	2	0.8327	0.8327	False	0.34	4.12
7	149517829	A	T	SSPO	RNA	14	3	17	0.17647058823529413	5	3	2	1.5675	2	0.7837	0.7837	False	0.34	4.12
7	150698952	A	T	NOS3	Nonsense_Mutation	49	22	71	0.30985915492957744	5	3	2	2.7523	3	0.9174	0.9174	True	0.34	4.12
7	150768924	G	A	SLC4A2	Silent	75	41	116	0.35344827586206895	5	3	2	3.1395	3	1.0465	1.0	True	0.34	4.12
7	151873492	G	A	KMT2C	Nonsense_Mutation	77	10	87	0.11494252873563218	5	3	2	1.021	1	1.021	1.0	True	0.34	4.12
7	151878315	T	C	KMT2C	Silent	58	16	74	0.21621621621621623	5	3	2	1.9205	2	0.9603	0.9603	True	0.34	4.12
7	158456929	C	G	NCAPG2	Missense_Mutation	99	20	119	0.16806722689075632	5	3	2	1.4928	1	1.4928	1.0	True	0.34	4.12
8	2886902	C	G	CSMD1	Missense_Mutation	19	4	23	0.17391304347826086	2	2	0	1.023	1	1.023	1.0	True	0.34	4.12
8	10470501	C	G	RP1L1	Missense_Mutation	43	23	66	0.3484848484848485	2	2	0	2.0499	2	1.025	1.0	True	0.34	4.12
8	10470502	C	A	RP1L1	Missense_Mutation	42	23	65	0.35384615384615387	2	2	0	2.0814	2	1.0407	1.0	True	0.34	4.12
8	10755644	C	A	XKR6	Missense_Mutation	26	10	36	0.2777777777777778	2	2	0	1.634	2	0.817	0.817	False	0.34	4.12
8	11157544	C	G	MTMR9	Missense_Mutation	73	27	100	0.27	2	2	0	1.5882	2	0.7941	0.7941	False	0.34	4.12
8	13947982	C	G	SGCZ	Missense_Mutation	104	7	111	0.06306306306306306	2	2	0	0.371	1	0.371	0.371	False	0.34	4.12
8	16921683	G	C	MICU3	Missense_Mutation	53	29	82	0.35365853658536583	2	2	0	2.0803	2	1.0402	1.0	True	0.34	4.12
8	20004792	G	T	SLC18A1	Missense_Mutation	18	15	33	0.45454545454545453	2	2	0	2.6738	2	1.3369	1.0	True	0.34	4.12
8	22426700	C	A	SORBS3	Missense_Mutation	45	4	49	0.08163265306122448	2	2	0	0.4802	1	0.4802	0.4802	False	0.34	4.12
8	23302001	G	A	ENTPD4	Silent	44	19	63	0.30158730158730157	2	2	0	1.774	2	0.887	0.887	True	0.34	4.12
8	24357726	A	T	ADAM7	Missense_Mutation	23	3	26	0.11538461538461539	2	2	0	0.6787	1	0.6787	0.6787	False	0.34	4.12
8	25280740	C	G	GNRH1	Missense_Mutation	86	9	95	0.09473684210526316	2	2	0	0.5573	1	0.5573	0.5573	False	0.34	4.12
8	28976417	C	A	KIF13B	Nonsense_Mutation	69	23	92	0.25	2	2	0	1.4706	1	1.4706	1.0	True	0.34	4.12
8	35544182	C	G	UNC5D	Missense_Mutation	23	13	36	0.3611111111111111	2	2	0	2.1242	2	1.0621	1.0	True	0.34	4.12
8	35606108	G	T	UNC5D	Missense_Mutation	67	24	91	0.26373626373626374	2	2	0	1.5514	2	0.7757	0.7757	False	0.34	4.12
8	42012422	G	A	AP3M2	Missense_Mutation	52	7	59	0.11864406779661017	2	2	0	0.6979	1	0.6979	0.6979	False	0.34	4.12
8	42040260	G	A	PLAT	Silent	113	6	119	0.05042016806722689	2	2	0	0.2966	1	0.2966	0.2966	False	0.34	4.12
8	42206594	C	T	POLB	Missense_Mutation	49	7	56	0.125	2	2	0	0.7353	1	0.7353	0.7353	False	0.34	4.12
8	51617300	A	G	SNTG1	Silent	47	22	69	0.3188405797101449	5	3	2	2.8321	3	0.944	0.944	True	0.34	4.12
8	52322097	G	T	PXDNL	Missense_Mutation	47	5	52	0.09615384615384616	5	3	2	0.8541	1	0.8541	0.8541	True	0.34	4.12
8	67488256	A	G	MYBL1	Missense_Mutation	32	16	48	0.3333333333333333	5	3	2	2.9608	3	0.9869	0.9869	True	0.34	4.12
8	67579089	C	A	VCPIP1	Silent	25	3	28	0.10714285714285714	5	3	2	0.9517	1	0.9517	0.9517	True	0.34	4.12
8	68102923	G	T	CSPP1	Missense_Mutation	65	19	84	0.2261904761904762	5	3	2	2.0091	2	1.0046	1.0	True	0.34	4.12
8	68170321	C	A	ARFGEF1	Nonsense_Mutation	38	13	51	0.2549019607843137	5	3	2	2.2641	2	1.1321	1.0	True	0.34	4.12
8	68956723	C	T	PREX2	Missense_Mutation	67	20	87	0.22988505747126436	5	3	2	2.0419	2	1.021	1.0	True	0.34	4.12
8	68956724	G	A	PREX2	Missense_Mutation	68	21	89	0.23595505617977527	5	3	2	2.0958	2	1.0479	1.0	True	0.34	4.12
8	69017513	A	T	PREX2	Intron	105	30	135	0.2222222222222222	5	3	2	1.9739	2	0.9869	0.9869	True	0.34	4.12
8	70536260	G	C	SULF1	Missense_Mutation	59	26	85	0.3058823529411765	5	3	2	2.717	3	0.9057	0.9057	True	0.34	4.12
8	72128978	G	T	EYA1	Missense_Mutation	86	26	112	0.23214285714285715	5	3	2	2.062	2	1.031	1.0	True	0.34	4.12
8	72754697	C	A	MSC	3'UTR	52	18	70	0.2571428571428571	5	3	2	2.284	2	1.142	1.0	True	0.34	4.12
8	72754698	C	A	MSC	3'UTR	52	19	71	0.2676056338028169	5	3	2	2.377	2	1.1885	1.0	True	0.34	4.12
8	72935284	C	A	TRPA1	Nonsense_Mutation	49	16	65	0.24615384615384617	5	3	2	2.1864	2	1.0932	1.0	True	0.34	4.12
8	72973926	G	C	TRPA1	Missense_Mutation	72	29	101	0.2871287128712871	5	3	2	2.5504	3	0.8501	0.8501	True	0.34	4.12
8	73849188	A	T	KCNB2	Missense_Mutation	109	30	139	0.2158273381294964	5	3	2	1.9171	2	0.9585	0.9585	True	0.34	4.12
8	77616858	C	T	ZFHX4	Nonsense_Mutation	38	17	55	0.3090909090909091	5	3	2	2.7455	3	0.9152	0.9152	True	0.34	4.12
8	77618304	G	T	ZFHX4	Missense_Mutation	48	20	68	0.29411764705882354	5	3	2	2.6125	3	0.8708	0.8708	True	0.34	4.12
8	77618493	C	T	ZFHX4	Silent	36	17	53	0.32075471698113206	5	3	2	2.8491	3	0.9497	0.9497	True	0.34	4.12
8	77767249	C	A	ZFHX4	Missense_Mutation	43	22	65	0.3384615384615385	5	3	2	3.0063	3	1.0021	1.0	True	0.34	4.12
8	77767250	A	C	ZFHX4	Missense_Mutation	43	22	65	0.3384615384615385	5	3	2	3.0063	3	1.0021	1.0	True	0.34	4.12
8	80553642	G	T	STMN2	Missense_Mutation	51	30	81	0.37037037037037035	5	3	2	3.2898	3	1.0966	1.0	True	0.34	4.12
8	82627319	C	A	ZFAND1	Missense_Mutation	97	6	103	0.05825242718446602	5	3	2	0.5174	1	0.5174	0.5174	False	0.34	4.12
8	87638250	A	G	CNGB3	Silent	51	5	56	0.08928571428571429	5	3	2	0.7931	1	0.7931	0.7931	False	0.34	4.12
8	95690554	C	T	ESRP1	Missense_Mutation	58	16	74	0.21621621621621623	5	3	2	1.9205	2	0.9603	0.9603	True	0.34	4.12
8	99168552	C	T	POP1	Nonsense_Mutation	154	31	185	0.16756756756756758	5	3	2	1.4884	1	1.4884	1.0	True	0.34	4.12
8	100974952	C	A	RGS22	Missense_Mutation	51	32	83	0.3855421686746988	5	3	2	3.4245	3	1.1415	1.0	True	0.34	4.12
8	103358521	C	T	UBR5	Missense_Mutation	165	11	176	0.0625	5	2	2	0.5551	1	0.5551	0.5551	False	0.34	4.12
8	104922381	G	A	RIMS2	Nonsense_Mutation	87	30	117	0.2564102564102564	5	2	2	2.2775	2	1.1388	1.0	True	0.34	4.12
8	106814290	T	A	ZFPM2	Missense_Mutation	35	20	55	0.36363636363636365	5	2	2	3.2299	2	1.615	1.0	True	0.34	4.12
8	110100134	C	G	TRHR	Missense_Mutation	97	7	104	0.0673076923076923	5	2	2	0.5979	1	0.5979	0.5979	False	0.34	4.12
8	110457385	G	T	PKHD1L1	Missense_Mutation	63	19	82	0.23170731707317074	5	2	2	2.0581	2	1.0291	1.0	True	0.34	4.12
8	110488847	G	T	PKHD1L1	Missense_Mutation	8	3	11	0.2727272727272727	5	2	2	2.4225	2	1.2112	1.0	True	0.34	4.12
8	113259300	G	A	CSMD3	Missense_Mutation	43	13	56	0.23214285714285715	5	2	2	2.062	2	1.031	1.0	True	0.34	4.12
8	113308102	T	A	CSMD3	Missense_Mutation	28	15	43	0.3488372093023256	5	2	2	3.0985	2	1.5492	1.0	True	0.34	4.12
8	114031350	G	A	CSMD3	Missense_Mutation	98	27	125	0.216	5	2	2	1.9186	2	0.9593	0.9593	True	0.34	4.12
8	118147563	C	G	SLC30A8	5'Flank	142	25	167	0.1497005988023952	5	2	2	1.3297	1	1.3297	1.0	True	0.34	4.12
8	122629386	C	G	HAS2	Missense_Mutation	47	9	56	0.16071428571428573	5	2	2	1.4275	1	1.4275	1.0	True	0.34	4.12
8	125565642	G	T	MTSS1	Missense_Mutation	46	15	61	0.2459016393442623	5	2	2	2.1842	2	1.0921	1.0	True	0.34	4.12
8	131138201	C	A	ASAP1	Splice_Site	77	20	97	0.20618556701030927	5	2	2	1.8314	2	0.9157	0.9157	True	0.34	4.12
8	131916260	C	G	ADCY8	Missense_Mutation	166	26	192	0.13541666666666666	5	2	2	1.2028	1	1.2028	1.0	True	0.34	4.12
8	139144989	G	A	FAM135B	Silent	306	17	323	0.05263157894736842	5	2	2	0.4675	1	0.4675	0.4675	False	0.34	4.12
8	139164562	C	T	FAM135B	Missense_Mutation	64	5	69	0.07246376811594203	5	2	2	0.6436	1	0.6436	0.6436	False	0.34	4.12
8	139601504	C	A	COL22A1	Missense_Mutation	28	10	38	0.2631578947368421	5	2	2	2.3375	2	1.1687	1.0	True	0.34	4.12
8	139820032	G	T	COL22A1	Silent	142	38	180	0.2111111111111111	5	2	2	1.8752	2	0.9376	0.9376	True	0.34	4.12
8	142506508	G	T	MROH5	Silent	50	10	60	0.16666666666666666	5	2	2	1.4804	1	1.4804	1.0	True	0.34	4.12
8	143998477	C	T	CYP11B2	Silent	33	14	47	0.2978723404255319	4	2	2	2.3479	2	1.174	1.0	True	0.34	4.12
8	144811493	C	A	FAM83H	Missense_Mutation	49	10	59	0.1694915254237288	4	2	2	1.336	1	1.336	1.0	True	0.34	4.12
8	145101532	C	T	SPATC1	Missense_Mutation	48	6	54	0.1111111111111111	4	2	2	0.8758	1	0.8758	0.8758	True	0.34	4.12
9	172139	C	A	CBWD1	Missense_Mutation	256	10	266	0.03759398496240601	3	3	0	0.2587	1	0.2587	0.2587	False	0.34	4.12
9	5923224	C	T	KIAA2026	Silent	89	5	94	0.05319148936170213	3	3	0	0.3661	1	0.3661	0.3661	False	0.34	4.12
9	6605203	C	G	GLDC	Missense_Mutation	24	19	43	0.4418604651162791	3	3	0	3.041	3	1.0137	1.0	True	0.34	4.12
9	8471058	C	T	PTPRD	Silent	78	7	85	0.08235294117647059	3	3	0	0.5668	1	0.5668	0.5668	False	0.34	4.12
9	14842359	G	A	FREM1	Missense_Mutation	78	37	115	0.3217391304347826	3	3	0	2.2143	2	1.1072	1.0	True	0.34	4.12
9	18770771	T	A	ADAMTSL1	Missense_Mutation	19	12	31	0.3870967741935484	3	3	0	2.6641	3	0.888	0.888	True	0.34	4.12
9	20414142	C	T	MLLT3	Silent	184	51	235	0.2170212765957447	3	3	0	1.4936	1	1.4936	1.0	True	0.34	4.12
9	20948277	G	A	FOCAD	Missense_Mutation	23	14	37	0.3783783783783784	3	3	0	2.6041	3	0.868	0.868	True	0.34	4.12
9	32632132	C	T	TAF1L	Missense_Mutation	58	53	111	0.4774774774774775	3	3	0	3.2862	3	1.0954	1.0	True	0.34	4.12
9	33166815	G	A	B4GALT1	Missense_Mutation	14	6	20	0.3	3	3	0	2.0647	2	1.0324	1.0	True	0.34	4.12
9	34256133	C	T	KIF24	Missense_Mutation	42	16	58	0.27586206896551724	3	3	0	1.8986	2	0.9493	0.9493	True	0.34	4.12
9	35068309	G	A	VCP	Missense_Mutation	232	43	275	0.15636363636363637	3	3	0	1.0761	1	1.0761	1.0	True	0.34	4.12
9	35403857	G	T	UNC13B	Missense_Mutation	51	12	63	0.19047619047619047	3	3	0	1.3109	1	1.3109	1.0	True	0.34	4.12
9	35869979	G	A	OR13J1	Silent	58	20	78	0.2564102564102564	3	3	0	1.7647	2	0.8824	0.8824	True	0.34	4.12
9	36147844	C	A	GLIPR2	Silent	201	86	287	0.29965156794425085	3	3	0	2.0623	2	1.0312	1.0	True	0.34	4.12
9	72746455	C	G	MAMDC2	Missense_Mutation	112	10	122	0.08196721311475409	4	3	1	0.6461	1	0.6461	0.6461	False	0.34	4.12
9	73151529	T	G	TRPM3	Silent	67	12	79	0.1518987341772152	4	3	1	1.1973	1	1.1973	1.0	True	0.34	4.12
9	77415180	G	T	TRPM6	Missense_Mutation	26	14	40	0.35	4	3	1	2.7588	3	0.9196	0.9196	True	0.34	4.12
9	77418751	G	C	TRPM6	Missense_Mutation	112	42	154	0.2727272727272727	4	3	1	2.1497	2	1.0749	1.0	True	0.34	4.12
9	78722224	G	C	PCSK5	Missense_Mutation	46	12	58	0.20689655172413793	4	3	1	1.6308	2	0.8154	0.8154	False	0.34	4.12
9	79118156	G	T	GCNT1	Missense_Mutation	76	30	106	0.2830188679245283	4	3	1	2.2309	2	1.1154	1.0	True	0.34	4.12
9	79320107	G	T	PRUNE2	Silent	100	53	153	0.3464052287581699	4	3	1	2.7305	3	0.9102	0.9102	True	0.34	4.12
9	82187669	G	T	TLE4	5'UTR	32	13	45	0.28888888888888886	4	3	1	2.2771	2	1.1386	1.0	True	0.34	4.12
9	84606240	C	T	SPATA31D1	Silent	230	88	318	0.27672955974842767	4	3	1	2.1813	2	1.0906	1.0	True	0.34	4.12
9	84606651	G	T	SPATA31D1	Missense_Mutation	23	22	45	0.4888888888888889	4	3	1	3.8536	3	1.2845	1.0	True	0.34	4.12
9	84609637	G	C	SPATA31D1	Missense_Mutation	32	3	35	0.08571428571428572	4	3	1	0.6756	1	0.6756	0.6756	False	0.34	4.12
9	86617752	G	A	RMI1	Silent	44	17	61	0.2786885245901639	4	3	1	2.1967	2	1.0984	1.0	True	0.34	4.12
9	87563493	C	A	NTRK2	Missense_Mutation	42	12	54	0.2222222222222222	4	3	1	1.7516	2	0.8758	0.8758	True	0.34	4.12
9	91616385	C	G	S1PR3	Missense_Mutation	95	16	111	0.14414414414414414	4	3	1	1.1362	1	1.1362	1.0	True	0.34	4.12
9	95298264	G	C	ECM2	5'UTR	19	5	24	0.20833333333333334	4	3	1	1.6422	2	0.8211	0.8211	False	0.34	4.12
9	95778049	A	C	FGD3	Missense_Mutation	81	5	86	0.05813953488372093	4	3	1	0.4583	1	0.4583	0.4583	False	0.34	4.12
9	98270446	G	T	PTCH1	Silent	19	4	23	0.17391304347826086	4	3	1	1.3708	1	1.3708	1.0	True	0.34	4.12
9	101824377	T	A	COL15A1	Nonsense_Mutation	162	8	170	0.047058823529411764	4	3	1	0.3709	1	0.3709	0.3709	False	0.34	4.12
9	104071593	A	T	LPPR1	Silent	95	18	113	0.1592920353982301	4	3	1	1.2556	1	1.2556	1.0	True	0.34	4.12
9	107266817	A	G	OR13F1	Missense_Mutation	53	28	81	0.345679012345679	3	2	0	2.3791	2	1.1895	1.0	True	0.34	4.12
9	107331787	G	C	OR13C8	Missense_Mutation	67	35	102	0.3431372549019608	3	2	0	2.3616	2	1.1808	1.0	True	0.34	4.12
9	107591246	C	G	ABCA1	Missense_Mutation	53	7	60	0.11666666666666667	3	2	0	0.8029	1	0.8029	0.8029	False	0.34	4.12
9	109687314	C	T	ZNF462	Missense_Mutation	60	15	75	0.2	3	2	0	1.3765	1	1.3765	1.0	True	0.34	4.12
9	109688841	G	T	ZNF462	Missense_Mutation	107	42	149	0.28187919463087246	3	2	0	1.94	2	0.97	0.97	True	0.34	4.12
9	113170810	C	A	SVEP1	Missense_Mutation	37	7	44	0.1590909090909091	3	2	0	1.0949	1	1.0949	1.0	True	0.34	4.12
9	115422298	C	T	KIAA1958	Silent	79	8	87	0.09195402298850575	3	2	0	0.6329	1	0.6329	0.6329	False	0.34	4.12
9	117002738	C	T	COL27A1	Missense_Mutation	79	40	119	0.33613445378151263	3	2	0	2.3134	2	1.1567	1.0	True	0.34	4.12
9	123202072	T	C	CDK5RAP2	Silent	75	18	93	0.1935483870967742	3	2	0	1.3321	1	1.3321	1.0	True	0.34	4.12
9	124936801	C	A	MORN5	Missense_Mutation	30	24	54	0.4444444444444444	3	2	0	3.0588	2	1.5294	1.0	True	0.34	4.12
9	125140252	G	T	PTGS1	Missense_Mutation	52	20	72	0.2777777777777778	3	2	0	1.9118	2	0.9559	0.9559	True	0.34	4.12
9	125512887	G	T	OR1L6	Missense_Mutation	72	9	81	0.1111111111111111	3	2	0	0.7647	1	0.7647	0.7647	False	0.34	4.12
9	126129537	G	C	CRB2	Missense_Mutation	36	8	44	0.18181818181818182	3	2	0	1.2513	1	1.2513	1.0	True	0.34	4.12
9	130206496	G	C	ZNF79	Missense_Mutation	58	33	91	0.3626373626373626	3	2	0	2.4958	2	1.2479	1.0	True	0.34	4.12
9	135276915	C	A	TTF1	Missense_Mutation	76	17	93	0.1827956989247312	3	2	0	1.2581	1	1.2581	1.0	True	0.34	4.12
9	135942502	G	T	CEL	Missense_Mutation	26	13	39	0.3333333333333333	3	2	0	2.2941	2	1.1471	1.0	True	0.34	4.12
9	137005059	G	T	WDR5	Silent	37	8	45	0.17777777777777778	3	2	0	1.2235	1	1.2235	1.0	True	0.34	4.12
9	137622106	G	T	COL5A1	Missense_Mutation	76	36	112	0.32142857142857145	3	2	0	2.2122	2	1.1061	1.0	True	0.34	4.12
9	138590927	C	A	SOHLH1	Silent	23	9	32	0.28125	3	2	0	1.9357	2	0.9678	0.9678	True	0.34	4.12
9	139090631	C	A	LHX3	Missense_Mutation	22	9	31	0.2903225806451613	3	2	0	1.9981	2	0.9991	0.9991	True	0.34	4.12
9	139313653	G	A	PMPCA	Intron	16	3	19	0.15789473684210525	3	2	0	1.0867	1	1.0867	1.0	True	0.34	4.12
9	139887515	G	A	C9orf142	Missense_Mutation	49	10	59	0.1694915254237288	3	2	0	1.1665	1	1.1665	1.0	True	0.34	4.12
9	140442061	C	A	PNPLA7	Silent	46	26	72	0.3611111111111111	3	2	0	2.4853	2	1.2426	1.0	True	0.34	4.12
9	140509144	C	T	ARRDC1	Missense_Mutation	58	4	62	0.06451612903225806	3	2	0	0.444	1	0.444	0.444	False	0.34	4.12
9	140777443	C	G	CACNA1B	Intron	82	10	92	0.10869565217391304	3	2	0	0.7481	1	0.7481	0.7481	False	0.34	4.12
9	140777444	C	A	CACNA1B	Intron	82	10	92	0.10869565217391304	3	2	0	0.7481	1	0.7481	0.7481	False	0.34	4.12
10	94602	C	T	TUBB8	Missense_Mutation	95	10	105	0.09523809523809523	2	1	1	0.5602	1	0.5602	0.5602	False	0.34	4.12
10	5808094	C	A	GDI2	Missense_Mutation	128	8	136	0.058823529411764705	5	3	2	0.5225	1	0.5225	0.5225	False	0.34	4.12
10	6525494	C	G	PRKCQ	Missense_Mutation	122	7	129	0.05426356589147287	5	3	2	0.482	1	0.482	0.482	False	0.34	4.12
10	7290522	C	A	SFMBT2	Silent	47	16	63	0.25396825396825395	5	3	2	2.2558	2	1.1279	1.0	True	0.34	4.12
10	7771949	T	A	ITIH2	Silent	36	26	62	0.41935483870967744	5	3	2	3.7249	3	1.2416	1.0	True	0.34	4.12
10	7805721	C	A	KIN	Nonsense_Mutation	40	8	48	0.16666666666666666	5	3	2	1.4804	1	1.4804	1.0	True	0.34	4.12
10	7805722	C	A	KIN	Silent	40	8	48	0.16666666666666666	5	3	2	1.4804	1	1.4804	1.0	True	0.34	4.12
10	7830106	T	A	ATP5C1	5'UTR	16	5	21	0.23809523809523808	5	3	2	2.1148	2	1.0574	1.0	True	0.34	4.12
10	15120433	G	A	ACBD7	3'UTR	42	7	49	0.14285714285714285	5	3	2	1.2689	1	1.2689	1.0	True	0.34	4.12
10	16873389	G	C	CUBN	Missense_Mutation	100	37	137	0.27007299270072993	5	3	2	2.3989	2	1.1994	1.0	True	0.34	4.12
10	21804607	C	A	SKIDA1	Missense_Mutation	282	60	342	0.17543859649122806	5	3	2	1.5583	2	0.7792	0.7792	False	0.34	4.12
10	25887240	A	T	GPR158	Silent	167	36	203	0.17733990147783252	5	3	2	1.5752	2	0.7876	0.7876	False	0.34	4.12
10	26581444	G	T	GAD2	Missense_Mutation	78	34	112	0.30357142857142855	5	3	2	2.6964	3	0.8988	0.8988	True	0.34	4.12
10	29769596	G	A	SVIL	Silent	167	10	177	0.05649717514124294	5	3	2	0.5018	1	0.5018	0.5018	False	0.34	4.12
10	31810091	G	A	ZEB1	Missense_Mutation	105	13	118	0.11016949152542373	5	3	2	0.9786	1	0.9786	0.9786	True	0.34	4.12
10	35500307	A	T	CREM	Intron	69	8	77	0.1038961038961039	5	3	2	0.9228	1	0.9228	0.9228	True	0.34	4.12
10	38404184	A	T	ZNF37A	Silent	25	9	34	0.2647058823529412	5	3	2	2.3512	2	1.1756	1.0	True	0.34	4.12
10	44140022	T	A	ZNF32	Missense_Mutation	82	19	101	0.18811881188118812	5	3	2	1.6709	2	0.8355	0.8355	False	0.34	4.12
10	44874046	T	A	CXCL12	Intron	64	14	78	0.1794871794871795	5	3	2	1.5943	2	0.7971	0.7971	False	0.34	4.12
10	46222876	G	T	FAM21C	Silent	18	4	22	0.18181818181818182	5	3	2	1.615	2	0.8075	0.8075	False	0.34	4.12
10	48382046	C	A	RBP3	Silent	59	17	76	0.2236842105263158	5	3	2	1.9868	2	0.9934	0.9934	True	0.34	4.12
10	48388043	C	T	RBP3	Silent	72	9	81	0.1111111111111111	5	3	2	0.9869	1	0.9869	0.9869	True	0.34	4.12
10	50686483	G	A	ERCC6	Nonsense_Mutation	160	63	223	0.2825112107623318	5	2	2	2.5094	2	1.2547	1.0	True	0.34	4.12
10	55570374	C	A	PCDH15	Missense_Mutation	137	17	154	0.11038961038961038	5	2	2	0.9805	1	0.9805	0.9805	True	0.34	4.12
10	55663010	C	T	PCDH15	Missense_Mutation	60	8	68	0.11764705882352941	5	2	2	1.045	1	1.045	1.0	True	0.34	4.12
10	56077074	C	A	PCDH15	Missense_Mutation	97	8	105	0.0761904761904762	5	2	2	0.6768	1	0.6768	0.6768	False	0.34	4.12
10	56287590	C	T	PCDH15	Missense_Mutation	59	7	66	0.10606060606060606	5	2	2	0.9421	1	0.9421	0.9421	True	0.34	4.12
10	64415371	A	G	ZNF365	Intron	60	19	79	0.24050632911392406	5	2	2	2.1363	2	1.0681	1.0	True	0.34	4.12
10	68687430	G	A	LRRTM3	Nonsense_Mutation	136	8	144	0.05555555555555555	5	3	2	0.4935	1	0.4935	0.4935	False	0.34	4.12
10	68979560	G	T	CTNNA3	Silent	93	12	105	0.11428571428571428	5	3	2	1.0151	1	1.0151	1.0	True	0.34	4.12
10	69793923	C	A	HERC4	Nonsense_Mutation	71	13	84	0.15476190476190477	5	3	2	1.3746	1	1.3746	1.0	True	0.34	4.12
10	69921506	C	A	MYPN	Missense_Mutation	46	13	59	0.22033898305084745	5	3	2	1.9571	2	0.9786	0.9786	True	0.34	4.12
10	70043977	C	T	PBLD	Missense_Mutation	72	41	113	0.36283185840707965	5	3	2	3.2228	3	1.0743	1.0	True	0.34	4.12
10	73122269	G	T	SLC29A3	Missense_Mutation	71	13	84	0.15476190476190477	5	3	2	1.3746	1	1.3746	1.0	True	0.34	4.12
10	73579246	G	A	PSAP	Silent	66	12	78	0.15384615384615385	5	3	2	1.3665	1	1.3665	1.0	True	0.34	4.12
10	74658755	G	A	OIT3	Missense_Mutation	58	21	79	0.26582278481012656	5	3	2	2.3611	2	1.1806	1.0	True	0.34	4.12
10	74660145	C	T	OIT3	Silent	28	4	32	0.125	5	3	2	1.1103	1	1.1103	1.0	True	0.34	4.12
10	79628975	C	A	AL391421.1	3'UTR	41	11	52	0.21153846153846154	5	3	2	1.879	2	0.9395	0.9395	True	0.34	4.12
10	85984319	G	T	LRIT2	Missense_Mutation	58	23	81	0.2839506172839506	5	3	2	2.5221	3	0.8407	0.8407	False	0.34	4.12
10	87362020	G	T	GRID1	3'UTR	7	3	10	0.3	5	3	2	2.6647	3	0.8882	0.8882	True	0.34	4.12
10	87407174	C	A	GRID1	Intron	130	45	175	0.2571428571428571	5	3	2	2.284	2	1.142	1.0	True	0.34	4.12
10	88425498	C	A	OPN4	Missense_Mutation	73	14	87	0.16091954022988506	5	3	2	1.4293	1	1.4293	1.0	True	0.34	4.12
10	89501120	G	A	PAPSS2	Missense_Mutation	77	7	84	0.08333333333333333	5	3	2	0.7402	1	0.7402	0.7402	False	0.34	4.12
10	89624031	G	T	PTEN	5'UTR	8	4	12	0.3333333333333333	5	3	2	2.9608	3	0.9869	0.9869	True	0.34	4.12
10	91497636	C	G	KIF20B	Nonsense_Mutation	95	16	111	0.14414414414414414	5	3	2	1.2803	1	1.2803	1.0	True	0.34	4.12
10	92680884	C	A	ANKRD1	5'UTR	19	4	23	0.17391304347826086	5	3	2	1.5448	2	0.7724	0.7724	False	0.34	4.12
10	93778679	C	T	BTAF1	Missense_Mutation	110	6	116	0.05172413793103448	5	3	2	0.4594	1	0.4594	0.4594	False	0.34	4.12
10	96162368	C	T	TBC1D12	5'UTR	17	9	26	0.34615384615384615	5	3	2	3.0747	3	1.0249	1.0	True	0.34	4.12
10	96466635	A	T	CYP2C18	Missense_Mutation	49	9	58	0.15517241379310345	5	3	2	1.3783	1	1.3783	1.0	True	0.34	4.12
10	96740945	G	T	CYP2C9	Missense_Mutation	91	43	134	0.3208955223880597	5	3	2	2.8503	3	0.9501	0.9501	True	0.34	4.12
10	99967953	G	T	R3HCC1L	Missense_Mutation	44	13	57	0.22807017543859648	5	3	2	2.0258	2	1.0129	1.0	True	0.34	4.12
10	100904084	A	G	HPSE2	Missense_Mutation	84	33	117	0.28205128205128205	5	3	2	2.5053	3	0.8351	0.8351	False	0.34	4.12
10	101606720	C	A	ABCC2	Missense_Mutation	360	73	433	0.16859122401847576	5	3	2	1.4975	1	1.4975	1.0	True	0.34	4.12
10	102003470	G	A	CWF19L1	Silent	272	12	284	0.04225352112676056	5	3	2	0.3753	1	0.3753	0.3753	False	0.34	4.12
10	102706859	G	T	FAM178A	Missense_Mutation	98	28	126	0.2222222222222222	5	3	2	1.9739	2	0.9869	0.9869	True	0.34	4.12
10	102896723	C	A	TLX1	3'UTR	21	10	31	0.3225806451612903	5	3	2	2.8653	3	0.9551	0.9551	True	0.34	4.12
10	104122311	C	A	GBF1	Missense_Mutation	87	17	104	0.16346153846153846	5	3	2	1.4519	1	1.4519	1.0	True	0.34	4.12
10	105209648	C	G	CALHM2	Missense_Mutation	115	10	125	0.08	5	3	2	0.7106	1	0.7106	0.7106	False	0.34	4.12
10	106849540	G	T	SORCS3	Missense_Mutation	35	9	44	0.20454545454545456	5	3	2	1.8168	2	0.9084	0.9084	True	0.34	4.12
10	108439090	C	G	SORCS1	Missense_Mutation	60	16	76	0.21052631578947367	5	3	2	1.87	2	0.935	0.935	True	0.34	4.12
10	115385834	G	C	NRAP	Missense_Mutation	3	5	8	0.625	5	3	2	5.5515	3	1.8505	1.0	True	0.34	4.12
10	115805007	C	T	ADRB1	Silent	27	6	33	0.18181818181818182	5	3	2	1.615	2	0.8075	0.8075	False	0.34	4.12
10	120353942	C	A	PRLHR	Missense_Mutation	33	8	41	0.1951219512195122	5	3	2	1.7331	2	0.8666	0.8666	True	0.34	4.12
10	122280571	G	A	PPAPDC1A	Missense_Mutation	64	8	72	0.1111111111111111	5	3	2	0.9869	1	0.9869	0.9869	True	0.34	4.12
10	122610918	G	T	WDR11	5'UTR	7	6	13	0.46153846153846156	5	3	2	4.0995	3	1.3665	1.0	True	0.34	4.12
10	123846414	C	T	TACC2	Missense_Mutation	53	4	57	0.07017543859649122	5	3	2	0.6233	1	0.6233	0.6233	False	0.34	4.12
10	124249001	T	A	HTRA1	Missense_Mutation	105	16	121	0.1322314049586777	5	3	2	1.1745	1	1.1745	1.0	True	0.34	4.12
10	129875932	C	T	PTPRE	Missense_Mutation	43	6	49	0.12244897959183673	5	3	2	1.0876	1	1.0876	1.0	True	0.34	4.12
10	132944916	C	A	TCERG1L	Missense_Mutation	70	11	81	0.13580246913580246	5	3	2	1.2062	1	1.2062	1.0	True	0.34	4.12
10	134660743	G	T	TTC40	Missense_Mutation	84	21	105	0.2	4	3	1	1.5765	2	0.7882	0.7882	False	0.34	4.12
10	135126285	A	G	ZNF511	Intron	216	45	261	0.1724137931034483	4	3	1	1.359	1	1.359	1.0	True	0.34	4.12
10	135233685	G	A	MTG1	3'UTR	48	15	63	0.23809523809523808	4	3	1	1.8768	2	0.9384	0.9384	True	0.34	4.12
11	1015908	G	C	MUC6	Missense_Mutation	57	4	61	0.06557377049180328	3	2	1	0.4513	1	0.4513	0.4513	False	0.34	4.12
11	1276738	G	T	MUC5B	Missense_Mutation	4	4	8	0.5	3	2	1	3.4412	2	1.7206	1.0	True	0.34	4.12
11	1858527	C	T	SYT8	Missense_Mutation	11	3	14	0.21428571428571427	3	2	1	1.4748	1	1.4748	1.0	True	0.34	4.12
11	4471055	C	T	OR52K2	Silent	83	27	110	0.24545454545454545	3	2	1	1.6893	2	0.8447	0.8447	False	0.34	4.12
11	4608818	C	A	OR52I2	Missense_Mutation	152	12	164	0.07317073170731707	3	2	1	0.5036	1	0.5036	0.5036	False	0.34	4.12
11	4703575	C	A	OR51E2	Missense_Mutation	60	7	67	0.1044776119402985	3	2	1	0.7191	1	0.7191	0.7191	False	0.34	4.12
11	4903943	A	G	OR51T1	Missense_Mutation	61	7	68	0.10294117647058823	3	2	1	0.7085	1	0.7085	0.7085	False	0.34	4.12
11	5221796	G	T	OR51V1	Silent	93	6	99	0.06060606060606061	3	2	1	0.4171	1	0.4171	0.4171	False	0.34	4.12
11	5345028	C	A	OR51B2	Missense_Mutation	80	5	85	0.058823529411764705	3	2	1	0.4048	1	0.4048	0.4048	False	0.34	4.12
11	5536898	C	A	UBQLNL	Silent	74	28	102	0.27450980392156865	3	2	1	1.8893	2	0.9446	0.9446	True	0.34	4.12
11	5602111	C	A	OR52B6	Missense_Mutation	33	15	48	0.3125	3	2	1	2.1507	2	1.0754	1.0	True	0.34	4.12
11	5758678	T	A	OR56B1	Missense_Mutation	194	18	212	0.08490566037735849	3	2	1	0.5844	1	0.5844	0.5844	False	0.34	4.12
11	5776477	C	T	OR52N4	Silent	84	33	117	0.28205128205128205	3	2	1	1.9412	2	0.9706	0.9706	True	0.34	4.12
11	5799285	C	T	OR52N5	Missense_Mutation	97	12	109	0.11009174311926606	3	2	1	0.7577	1	0.7577	0.7577	False	0.34	4.12
11	6661949	C	A	DCHS1	Missense_Mutation	65	32	97	0.32989690721649484	3	2	1	2.2705	2	1.1352	1.0	True	0.34	4.12
11	6912997	G	A	OR2D2	Silent	37	13	50	0.26	3	2	1	1.7894	2	0.8947	0.8947	True	0.34	4.12
11	7021001	G	A	ZNF214	3'UTR	9	4	13	0.3076923076923077	3	2	1	2.1176	2	1.0588	1.0	True	0.34	4.12
11	7981802	G	A	NLRP10	Nonsense_Mutation	116	8	124	0.06451612903225806	3	2	1	0.444	1	0.444	0.444	False	0.34	4.12
11	16847834	C	T	PLEKHA7	Silent	60	32	92	0.34782608695652173	3	2	1	2.3939	2	1.1969	1.0	True	0.34	4.12
11	16877392	C	A	PLEKHA7	Silent	159	19	178	0.10674157303370786	3	2	1	0.7346	1	0.7346	0.7346	False	0.34	4.12
11	17191091	C	T	PIK3C2A	Silent	212	23	235	0.09787234042553192	3	2	1	0.6736	1	0.6736	0.6736	False	0.34	4.12
11	17553052	G	T	USH1C	Missense_Mutation	25	12	37	0.32432432432432434	3	2	1	2.2321	2	1.1161	1.0	True	0.34	4.12
11	22382442	G	A	SLC17A6	Splice_Site	22	14	36	0.3888888888888889	4	3	1	3.0654	3	1.0218	1.0	True	0.34	4.12
11	22396322	C	T	SLC17A6	Missense_Mutation	196	11	207	0.05314009661835749	4	3	1	0.4189	1	0.4189	0.4189	False	0.34	4.12
11	25100231	C	A	LUZP2	3'UTR	23	15	38	0.39473684210526316	4	3	1	3.1115	3	1.0372	1.0	True	0.34	4.12
11	26695068	T	C	SLC5A12	Missense_Mutation	128	16	144	0.1111111111111111	4	3	1	0.8758	1	0.8758	0.8758	True	0.34	4.12
11	30900213	C	A	DCDC1	Missense_Mutation	31	22	53	0.41509433962264153	4	3	1	3.2719	3	1.0906	1.0	True	0.34	4.12
11	33049339	C	T	DEPDC7	Missense_Mutation	21	8	29	0.27586206896551724	4	3	1	2.1744	2	1.0872	1.0	True	0.34	4.12
11	33596253	G	T	KIAA1549L	Silent	90	11	101	0.10891089108910891	4	3	1	0.8585	1	0.8585	0.8585	True	0.34	4.12
11	33604987	C	T	KIAA1549L	Silent	9	6	15	0.4	4	3	1	3.1529	3	1.051	1.0	True	0.34	4.12
11	35828092	G	T	TRIM44	3'UTR	22	3	25	0.12	4	3	1	0.9459	1	0.9459	0.9459	True	0.34	4.12
11	40136269	G	A	LRRC4C	Missense_Mutation	68	12	80	0.15	5	3	2	1.3324	1	1.3324	1.0	True	0.34	4.12
11	44080198	C	A	ACCSL	Missense_Mutation	96	19	115	0.16521739130434782	4	3	1	1.3023	1	1.3023	1.0	True	0.34	4.12
11	46744803	G	T	F2	Missense_Mutation	101	45	146	0.3082191780821918	4	3	1	2.4295	2	1.2147	1.0	True	0.34	4.12
11	46774957	G	A	CKAP5	Missense_Mutation	90	20	110	0.18181818181818182	4	3	1	1.4332	1	1.4332	1.0	True	0.34	4.12
11	46774958	A	G	CKAP5	Silent	91	20	111	0.18018018018018017	4	3	1	1.4202	1	1.4202	1.0	True	0.34	4.12
11	46890545	G	T	LRP4	Missense_Mutation	77	18	95	0.18947368421052632	4	3	1	1.4935	1	1.4935	1.0	True	0.34	4.12
11	49831332	A	T	RP11-707M1.1	RNA	20	4	24	0.16666666666666666	4	3	1	1.3137	1	1.3137	1.0	True	0.34	4.12
11	49974451	C	T	OR4C13	Silent	121	45	166	0.2710843373493976	4	3	1	2.1368	2	1.0684	1.0	True	0.34	4.12
11	51412281	C	T	OR4A5	Missense_Mutation	36	17	53	0.32075471698113206	4	3	1	2.5283	3	0.8428	0.8428	False	0.34	4.12
11	51515378	T	A	OR4C46	Missense_Mutation	144	43	187	0.22994652406417113	4	3	1	1.8125	2	0.9063	0.9063	True	0.34	4.12
11	55321919	G	C	OR4C15	Missense_Mutation	126	11	137	0.08029197080291971	4	3	1	0.6329	1	0.6329	0.6329	False	0.34	4.12
11	55418543	C	A	OR4S2	Nonsense_Mutation	150	35	185	0.1891891891891892	4	3	1	1.4913	1	1.4913	1.0	True	0.34	4.12
11	55541188	G	A	OR5D13	Missense_Mutation	150	37	187	0.19786096256684493	4	3	1	1.5596	2	0.7798	0.7798	False	0.34	4.12
11	55563454	G	T	OR5D14	Missense_Mutation	82	25	107	0.2336448598130841	4	3	1	1.8417	2	0.9208	0.9208	True	0.34	4.12
11	55595340	A	C	OR5L2	Missense_Mutation	158	32	190	0.16842105263157894	4	3	1	1.3276	1	1.3276	1.0	True	0.34	4.12
11	55681661	G	A	OR5W2	Missense_Mutation	73	8	81	0.09876543209876543	4	3	1	0.7785	1	0.7785	0.7785	False	0.34	4.12
11	55890633	C	G	OR8H3	Missense_Mutation	86	28	114	0.24561403508771928	4	3	1	1.936	2	0.968	0.968	True	0.34	4.12
11	56058385	C	A	OR8H1	Missense_Mutation	254	61	315	0.19365079365079366	4	3	1	1.5264	2	0.7632	0.7632	False	0.34	4.12
11	56114282	G	T	OR8K1	Missense_Mutation	74	23	97	0.23711340206185566	4	3	1	1.869	2	0.9345	0.9345	True	0.34	4.12
11	56127851	G	T	OR8J1	Silent	111	36	147	0.24489795918367346	4	3	1	1.9304	2	0.9652	0.9652	True	0.34	4.12
11	56143964	A	T	OR8U1	Missense_Mutation	130	22	152	0.14473684210526316	4	3	1	1.1409	1	1.1409	1.0	True	0.34	4.12
11	56230116	G	A	OR5M9	Silent	51	14	65	0.2153846153846154	4	3	1	1.6977	2	0.8489	0.8489	False	0.34	4.12
11	56237922	G	T	OR5M3	Missense_Mutation	66	11	77	0.14285714285714285	4	3	1	1.1261	1	1.1261	1.0	True	0.34	4.12
11	56409040	A	T	OR5AP2	Missense_Mutation	49	10	59	0.1694915254237288	4	3	1	1.336	1	1.336	1.0	True	0.34	4.12
11	56409608	C	A	OR5AP2	Missense_Mutation	47	20	67	0.29850746268656714	4	3	1	2.3529	2	1.1765	1.0	True	0.34	4.12
11	57070189	G	A	TNKS1BP1	Missense_Mutation	6	3	9	0.3333333333333333	4	3	1	2.6275	3	0.8758	0.8758	True	0.34	4.12
11	57798758	G	C	OR6Q1	Missense_Mutation	101	27	128	0.2109375	4	3	1	1.6627	2	0.8313	0.8313	False	0.34	4.12
11	57799110	T	C	OR6Q1	Missense_Mutation	95	28	123	0.22764227642276422	4	3	1	1.7944	2	0.8972	0.8972	True	0.34	4.12
11	58190267	G	A	OR5B2	Silent	78	5	83	0.060240963855421686	4	3	1	0.4748	1	0.4748	0.4748	False	0.34	4.12
11	58207473	G	T	OR5B12	Missense_Mutation	69	16	85	0.18823529411764706	4	3	1	1.4837	1	1.4837	1.0	True	0.34	4.12
11	59245668	T	C	OR4D10	Missense_Mutation	180	30	210	0.14285714285714285	4	3	1	1.1261	1	1.1261	1.0	True	0.34	4.12
11	59630138	C	T	TCN1	Missense_Mutation	109	15	124	0.12096774193548387	4	3	1	0.9535	1	0.9535	0.9535	True	0.34	4.12
11	59942901	A	T	MS4A6A	Missense_Mutation	26	13	39	0.3333333333333333	4	3	1	2.6275	3	0.8758	0.8758	True	0.34	4.12
11	61067671	C	A	DDB1	Missense_Mutation	45	4	49	0.08163265306122448	4	3	1	0.6435	1	0.6435	0.6435	False	0.34	4.12
11	61179384	C	A	CPSF7	Silent	33	20	53	0.37735849056603776	4	3	1	2.9745	3	0.9915	0.9915	True	0.34	4.12
11	61323636	G	A	SYT7	Silent	19	3	22	0.13636363636363635	4	3	1	1.0749	1	1.0749	1.0	True	0.34	4.12
11	62302542	C	A	AHNAK	Missense_Mutation	27	15	42	0.35714285714285715	4	3	1	2.8151	3	0.9384	0.9384	True	0.34	4.12
11	62375729	C	T	EML3	Missense_Mutation	213	26	239	0.1087866108786611	4	3	1	0.8575	1	0.8575	0.8575	True	0.34	4.12
11	62744705	C	A	SLC22A6	Nonsense_Mutation	89	33	122	0.27049180327868855	4	3	1	2.1321	2	1.0661	1.0	True	0.34	4.12
11	64514710	G	T	PYGM	Silent	54	17	71	0.23943661971830985	4	3	1	1.8873	2	0.9437	0.9437	True	0.34	4.12
11	65271249	G	T	MALAT1	RNA	37	5	42	0.11904761904761904	4	3	1	0.9384	1	0.9384	0.9384	True	0.34	4.12
11	65620876	C	T	SNX32	3'UTR	45	6	51	0.11764705882352941	4	3	1	0.9273	1	0.9273	0.9273	True	0.34	4.12
11	65638662	T	A	EFEMP2	Silent	58	8	66	0.12121212121212122	4	3	1	0.9554	1	0.9554	0.9554	True	0.34	4.12
11	65688366	G	T	DRAP1	Missense_Mutation	40	5	45	0.1111111111111111	4	3	1	0.8758	1	0.8758	0.8758	True	0.34	4.12
11	65734948	G	T	SART1	Silent	61	26	87	0.2988505747126437	4	3	1	2.3556	2	1.1778	1.0	True	0.34	4.12
11	66055592	C	T	YIF1A	Missense_Mutation	171	79	250	0.316	4	3	1	2.4908	2	1.2454	1.0	True	0.34	4.12
11	66472379	G	A	SPTBN2	Missense_Mutation	51	20	71	0.28169014084507044	4	3	1	2.2204	2	1.1102	1.0	True	0.34	4.12
11	68154173	G	T	LRP5	Missense_Mutation	26	8	34	0.23529411764705882	4	3	1	1.8547	2	0.9273	0.9273	True	0.34	4.12
11	68193606	C	T	LRP5	Silent	69	15	84	0.17857142857142858	4	3	1	1.4076	1	1.4076	1.0	True	0.34	4.12
11	71146664	C	A	DHCR7	Silent	19	13	32	0.40625	4	3	1	3.2022	3	1.0674	1.0	True	0.34	4.12
11	71932569	C	A	FOLR2	Silent	137	23	160	0.14375	4	3	1	1.1331	1	1.1331	1.0	True	0.34	4.12
11	73881872	C	A	C2CD3	5'UTR	22	14	36	0.3888888888888889	4	3	1	3.0654	3	1.0218	1.0	True	0.34	4.12
11	73988125	T	A	P4HA3	Missense_Mutation	82	8	90	0.08888888888888889	4	3	1	0.7007	1	0.7007	0.7007	False	0.34	4.12
11	73988126	G	A	P4HA3	Silent	81	8	89	0.0898876404494382	4	3	1	0.7085	1	0.7085	0.7085	False	0.34	4.12
11	74546607	C	T	RNF169	Missense_Mutation	77	7	84	0.08333333333333333	4	3	1	0.6569	1	0.6569	0.6569	False	0.34	4.12
11	85435131	G	A	SYTL2	Missense_Mutation	59	48	107	0.4485981308411215	4	3	1	3.536	3	1.1787	1.0	True	0.34	4.12
11	85956226	G	T	EED	5'UTR	10	10	20	0.5	4	3	1	3.9412	3	1.3137	1.0	True	0.34	4.12
11	92715250	G	T	MTNR1B	Missense_Mutation	253	32	285	0.11228070175438597	4	3	1	0.885	1	0.885	0.885	True	0.34	4.12
11	93127795	A	G	CCDC67	Missense_Mutation	25	3	28	0.10714285714285714	4	3	1	0.8445	1	0.8445	0.8445	False	0.34	4.12
11	93796685	C	G	HEPHL1	Missense_Mutation	14	9	23	0.391304347826087	4	3	1	3.0844	3	1.0281	1.0	True	0.34	4.12
11	94038896	C	A	FOLR4	Missense_Mutation	59	21	80	0.2625	4	3	1	2.0691	2	1.0346	1.0	True	0.34	4.12
11	102641488	T	C	MMP10	3'UTR	19	13	32	0.40625	4	3	1	3.2022	3	1.0674	1.0	True	0.34	4.12
11	102663432	C	T	MMP1	Missense_Mutation	109	15	124	0.12096774193548387	4	3	1	0.9535	1	0.9535	0.9535	True	0.34	4.12
11	102742605	T	G	MMP12	RNA	28	5	33	0.15151515151515152	4	3	1	1.1943	1	1.1943	1.0	True	0.34	4.12
11	103814309	C	T	PDGFD	Missense_Mutation	24	10	34	0.29411764705882354	4	3	1	2.3183	2	1.1592	1.0	True	0.34	4.12
11	108115618	G	C	ATM	Missense_Mutation	97	5	102	0.049019607843137254	4	3	1	0.3864	1	0.3864	0.3864	False	0.34	4.12
11	108124589	A	T	ATM	Missense_Mutation	57	35	92	0.3804347826086957	4	3	1	2.9987	3	0.9996	0.9996	True	0.34	4.12
11	108141819	G	A	ATM	Missense_Mutation	63	6	69	0.08695652173913043	4	3	1	0.6854	1	0.6854	0.6854	False	0.34	4.12
11	108381885	C	T	EXPH5	Missense_Mutation	69	10	79	0.12658227848101267	4	3	1	0.9978	1	0.9978	0.9978	True	0.34	4.12
11	113266928	G	A	ANKK1	Silent	97	14	111	0.12612612612612611	4	3	1	0.9942	1	0.9942	0.9942	True	0.34	4.12
11	113934449	G	T	ZBTB16	Nonsense_Mutation	24	14	38	0.3684210526315789	4	3	1	2.904	3	0.968	0.968	True	0.34	4.12
11	114392897	G	A	NXPE1	Silent	121	7	128	0.0546875	4	3	1	0.4311	1	0.4311	0.4311	False	0.34	4.12
11	114393722	A	G	NXPE1	Silent	37	20	57	0.3508771929824561	4	3	1	2.7657	3	0.9219	0.9219	True	0.34	4.12
11	114401564	G	T	NXPE1	5'UTR	123	35	158	0.22151898734177214	4	3	1	1.7461	2	0.873	0.873	True	0.34	4.12
11	114401565	G	T	NXPE1	5'UTR	123	35	158	0.22151898734177214	4	3	1	1.7461	2	0.873	0.873	True	0.34	4.12
11	116654245	C	A	ZNF259	Splice_Site	60	22	82	0.2682926829268293	4	3	1	2.1148	2	1.0574	1.0	True	0.34	4.12
11	120198011	G	C	TMEM136	5'UTR	33	6	39	0.15384615384615385	4	3	1	1.2127	1	1.2127	1.0	True	0.34	4.12
11	120322433	G	C	ARHGEF12	Missense_Mutation	22	4	26	0.15384615384615385	4	3	1	1.2127	1	1.2127	1.0	True	0.34	4.12
11	120989109	G	C	TECTA	Missense_Mutation	65	6	71	0.08450704225352113	4	3	1	0.6661	1	0.6661	0.6661	False	0.34	4.12
11	122775027	C	T	C11orf63	Missense_Mutation	134	73	207	0.3526570048309179	4	3	1	2.7798	3	0.9266	0.9266	True	0.34	4.12
11	123777749	G	T	OR8D4	Missense_Mutation	182	51	233	0.21888412017167383	4	3	1	1.7253	2	0.8627	0.8627	True	0.34	4.12
11	123893778	G	T	OR10G9	Missense_Mutation	193	41	234	0.1752136752136752	4	3	1	1.3811	1	1.3811	1.0	True	0.34	4.12
11	124180648	A	C	OR8D1	Missense_Mutation	92	16	108	0.14814814814814814	4	3	1	1.1678	1	1.1678	1.0	True	0.34	4.12
11	124189321	A	G	OR8D2	Missense_Mutation	133	20	153	0.13071895424836602	4	3	1	1.0304	1	1.0304	1.0	True	0.34	4.12
11	124189392	T	A	OR8D2	Missense_Mutation	117	24	141	0.1702127659574468	4	3	1	1.3417	1	1.3417	1.0	True	0.34	4.12
11	124267015	G	T	OR8B3	Missense_Mutation	93	11	104	0.10576923076923077	4	3	1	0.8337	1	0.8337	0.8337	False	0.34	4.12
11	124440205	A	T	OR8A1	Missense_Mutation	152	7	159	0.0440251572327044	4	3	1	0.347	1	0.347	0.347	False	0.34	4.12
11	124481557	C	A	PANX3	Missense_Mutation	35	13	48	0.2708333333333333	4	3	1	2.1348	2	1.0674	1.0	True	0.34	4.12
11	124765723	T	A	ROBO4	Silent	63	18	81	0.2222222222222222	4	3	1	1.7516	2	0.8758	0.8758	True	0.34	4.12
11	124792656	G	T	HEPACAM	Missense_Mutation	81	38	119	0.31932773109243695	4	3	1	2.5171	3	0.839	0.839	False	0.34	4.12
11	125853846	C	A	CDON	Silent	39	23	62	0.3709677419354839	4	3	1	2.9241	3	0.9747	0.9747	True	0.34	4.12
11	128628042	C	A	FLI1	Silent	10	4	14	0.2857142857142857	4	3	1	2.2521	2	1.1261	1.0	True	0.34	4.12
11	128709379	C	T	KCNJ1	Missense_Mutation	118	14	132	0.10606060606060606	4	3	1	0.836	1	0.836	0.836	False	0.34	4.12
11	128709852	G	A	KCNJ1	Missense_Mutation	108	8	116	0.06896551724137931	4	3	1	0.5436	1	0.5436	0.5436	False	0.34	4.12
11	129991662	G	C	APLP2	Missense_Mutation	127	6	133	0.045112781954887216	4	3	1	0.3556	1	0.3556	0.3556	False	0.34	4.12
11	130773248	C	A	SNX19	Silent	41	6	47	0.1276595744680851	4	3	1	1.0063	1	1.0063	1.0	True	0.34	4.12
11	130785619	C	A	SNX19	Silent	48	9	57	0.15789473684210525	4	3	1	1.2446	1	1.2446	1.0	True	0.34	4.12
11	130785628	G	T	SNX19	Silent	49	6	55	0.10909090909090909	4	3	1	0.8599	1	0.8599	0.8599	True	0.34	4.12
11	134029825	C	A	NCAPD3	Missense_Mutation	28	8	36	0.2222222222222222	4	3	1	1.7516	2	0.8758	0.8758	True	0.34	4.12
12	310985	C	A	SLC6A12	Missense_Mutation	45	34	79	0.43037974683544306	6	5	1	4.2532	4	1.0633	1.0	True	0.34	4.12
12	310986	C	A	SLC6A12	Nonsense_Mutation	44	33	77	0.42857142857142855	6	5	1	4.2353	4	1.0588	1.0	True	0.34	4.12
12	1993990	C	A	CACNA2D4	Missense_Mutation	29	13	42	0.30952380952380953	6	5	1	3.0588	3	1.0196	1.0	True	0.34	4.12
12	2705117	G	T	CACNA1C	Missense_Mutation	34	29	63	0.4603174603174603	6	5	1	4.549	5	0.9098	0.9098	True	0.34	4.12
12	2757647	G	A	CACNA1C	Missense_Mutation	80	5	85	0.058823529411764705	6	5	1	0.5813	1	0.5813	0.5813	False	0.34	4.12
12	4554566	C	A	FGF6	Silent	135	9	144	0.0625	6	5	1	0.6176	1	0.6176	0.6176	False	0.34	4.12
12	4554571	T	G	FGF6	Missense_Mutation	129	10	139	0.07194244604316546	6	5	1	0.711	1	0.711	0.711	False	0.34	4.12
12	4919408	C	A	KCNA6	Silent	74	8	82	0.0975609756097561	6	5	1	0.9641	1	0.9641	0.9641	True	0.34	4.12
12	5860068	G	T	ANO2	Missense_Mutation	16	10	26	0.38461538461538464	6	5	1	3.8009	4	0.9502	0.9502	True	0.34	4.12
12	5860069	G	T	ANO2	Missense_Mutation	16	10	26	0.38461538461538464	6	5	1	3.8009	4	0.9502	0.9502	True	0.34	4.12
12	6080792	C	A	VWF	Silent	110	12	122	0.09836065573770492	6	5	1	0.972	1	0.972	0.972	True	0.34	4.12
12	6173538	G	T	VWF	Missense_Mutation	31	18	49	0.3673469387755102	6	5	1	3.6303	4	0.9076	0.9076	True	0.34	4.12
12	6707253	A	G	CHD4	Missense_Mutation	136	55	191	0.2879581151832461	6	5	1	2.8457	3	0.9486	0.9486	True	0.34	4.12
12	6971651	C	T	USP5	Missense_Mutation	183	13	196	0.0663265306122449	6	5	1	0.6555	1	0.6555	0.6555	False	0.34	4.12
12	7064629	G	T	PTPN6	Missense_Mutation	108	16	124	0.12903225806451613	6	5	1	1.2751	1	1.2751	1.0	True	0.34	4.12
12	7947055	G	A	NANOG	Silent	22	4	26	0.15384615384615385	6	5	1	1.5204	2	0.7602	0.7602	False	0.34	4.12
12	8756903	C	A	AICDA	Missense_Mutation	38	31	69	0.4492753623188406	6	5	1	4.4399	4	1.11	1.0	True	0.34	4.12
12	9009819	T	A	A2ML1	Missense_Mutation	73	65	138	0.47101449275362317	6	5	1	4.6547	5	0.9309	0.9309	True	0.34	4.12
12	9242575	C	A	A2M	Nonsense_Mutation	80	55	135	0.4074074074074074	6	5	1	4.0261	4	1.0065	1.0	True	0.34	4.12
12	9355245	G	C	PZP	Missense_Mutation	72	45	117	0.38461538461538464	6	5	1	3.8009	4	0.9502	0.9502	True	0.34	4.12
12	9754098	T	A	KLRB1	Silent	25	18	43	0.4186046511627907	6	5	1	4.1368	4	1.0342	1.0	True	0.34	4.12
12	9995033	G	A	KLRF1	Splice_Site	58	13	71	0.18309859154929578	6	5	1	1.8094	2	0.9047	0.9047	True	0.34	4.12
12	10601972	T	A	KLRC1	Missense_Mutation	155	142	297	0.4781144781144781	6	5	1	4.7249	5	0.945	0.945	True	0.34	4.12
12	13243746	G	T	GSG1	Missense_Mutation	72	15	87	0.1724137931034483	6	5	1	1.7039	2	0.8519	0.8519	True	0.34	4.12
12	13716971	G	C	GRIN2B	Silent	68	7	75	0.09333333333333334	6	5	1	0.9224	1	0.9224	0.9224	True	0.34	4.12
12	13717031	G	A	GRIN2B	Silent	41	20	61	0.32786885245901637	6	5	1	3.2401	3	1.08	1.0	True	0.34	4.12
12	13764766	A	T	GRIN2B	Missense_Mutation	142	15	157	0.09554140127388536	6	5	1	0.9442	1	0.9442	0.9442	True	0.34	4.12
12	14619498	A	T	ATF7IP	Nonsense_Mutation	79	11	90	0.12222222222222222	6	5	1	1.2078	1	1.2078	1.0	True	0.34	4.12
12	14993577	C	G	ART4	Missense_Mutation	83	8	91	0.08791208791208792	6	5	1	0.8688	1	0.8688	0.8688	True	0.34	4.12
12	15677803	C	T	PTPRO	Silent	78	5	83	0.060240963855421686	6	5	1	0.5953	1	0.5953	0.5953	False	0.34	4.12
12	16035650	G	T	STRAP	Missense_Mutation	25	4	29	0.13793103448275862	6	5	1	1.3631	1	1.3631	1.0	True	0.34	4.12
12	21665283	C	A	GOLT1B	Silent	164	23	187	0.12299465240641712	6	5	1	1.2155	1	1.2155	1.0	True	0.34	4.12
12	22063861	C	G	ABCC9	Missense_Mutation	62	40	102	0.39215686274509803	6	5	1	3.8754	4	0.9689	0.9689	True	0.34	4.12
12	25149232	G	T	C12orf77	Silent	52	43	95	0.45263157894736844	6	5	1	4.4731	4	1.1183	1.0	True	0.34	4.12
12	27553547	A	T	ARNTL2	Missense_Mutation	96	9	105	0.08571428571428572	6	5	1	0.8471	1	0.8471	0.8471	False	0.34	4.12
12	31256874	G	A	DDX11	Silent	40	4	44	0.09090909090909091	6	5	1	0.8984	1	0.8984	0.8984	True	0.34	4.12
12	32137259	C	T	KIAA1551	Nonsense_Mutation	157	7	164	0.042682926829268296	7	7	2	0.4645	1	0.4645	0.4645	False	0.34	4.12
12	40076660	G	T	C12orf40	Nonsense_Mutation	66	91	157	0.5796178343949044	7	7	2	6.3076	6	1.0513	1.0	True	0.34	4.12
12	41463807	C	T	CNTN1	Silent	110	7	117	0.05982905982905983	7	7	2	0.6511	1	0.6511	0.6511	False	0.34	4.12
12	41966351	G	A	PDZRN4	Silent	47	49	96	0.5104166666666666	7	7	2	5.5545	6	0.9258	0.9258	True	0.34	4.12
12	41966838	G	C	PDZRN4	Missense_Mutation	213	14	227	0.06167400881057269	7	7	2	0.6712	1	0.6712	0.6712	False	0.34	4.12
12	43846346	T	A	ADAMTS20	Missense_Mutation	68	7	75	0.09333333333333334	7	7	2	1.0157	1	1.0157	1.0	True	0.34	4.12
12	43858416	C	G	ADAMTS20	Missense_Mutation	152	11	163	0.06748466257668712	7	7	2	0.7344	1	0.7344	0.7344	False	0.34	4.12
12	43860496	G	T	ADAMTS20	Missense_Mutation	103	11	114	0.09649122807017543	7	7	2	1.0501	1	1.0501	1.0	True	0.34	4.12
12	45269077	C	G	NELL2	Missense_Mutation	31	8	39	0.20512820512820512	3	2	2	1.4118	1	1.4118	1.0	True	0.34	4.12
12	46245178	G	C	ARID2	Missense_Mutation	90	13	103	0.1262135922330097	3	2	2	0.8686	1	0.8686	0.8686	True	0.34	4.12
12	50036084	A	T	PRPF40B	Missense_Mutation	69	18	87	0.20689655172413793	3	2	2	1.4239	1	1.4239	1.0	True	0.34	4.12
12	51590671	C	T	POU6F1	5'UTR	35	8	43	0.18604651162790697	3	2	2	1.2804	1	1.2804	1.0	True	0.34	4.12
12	51891031	C	T	SLC4A8	Intron	18	4	22	0.18181818181818182	3	2	2	1.2513	1	1.2513	1.0	True	0.34	4.12
12	52845511	G	T	KRT6B	Missense_Mutation	65	10	75	0.13333333333333333	3	2	2	0.9176	1	0.9176	0.9176	True	0.34	4.12
12	52943885	A	T	KRT71	Missense_Mutation	150	32	182	0.17582417582417584	3	2	2	1.2101	1	1.2101	1.0	True	0.34	4.12
12	52979952	G	A	KRT72	Silent	27	6	33	0.18181818181818182	3	2	2	1.2513	1	1.2513	1.0	True	0.34	4.12
12	53096952	C	T	KRT77	Silent	19	5	24	0.20833333333333334	3	2	2	1.4338	1	1.4338	1.0	True	0.34	4.12
12	54385556	C	A	RP11-834C11.12	Intron	20	8	28	0.2857142857142857	3	2	2	1.9664	2	0.9832	0.9832	True	0.34	4.12
12	56088670	C	A	ITGA7	Silent	38	11	49	0.22448979591836735	3	2	2	1.545	2	0.7725	0.7725	False	0.34	4.12
12	56482537	G	A	ERBB3	Missense_Mutation	111	31	142	0.21830985915492956	3	2	2	1.5025	2	0.7512	0.7512	False	0.34	4.12
12	57548025	C	T	LRP1	Silent	126	15	141	0.10638297872340426	3	2	2	0.7322	1	0.7322	0.7322	False	0.34	4.12
12	57570823	G	T	LRP1	Splice_Site	92	10	102	0.09803921568627451	3	2	2	0.6747	1	0.6747	0.6747	False	0.34	4.12
12	58112076	G	A	OS9	Missense_Mutation	103	6	109	0.05504587155963303	7	7	2	0.599	1	0.599	0.599	False	0.34	4.12
12	58135931	A	T	AGAP2	5'Flank	26	30	56	0.5357142857142857	7	7	2	5.8298	6	0.9716	0.9716	True	0.34	4.12
12	62778050	A	G	USP15	Silent	73	16	89	0.1797752808988764	7	7	1	1.9564	2	0.9782	0.9782	True	0.34	4.12
12	67706666	A	T	CAND1	3'UTR	34	8	42	0.19047619047619047	3	2	2	1.3109	1	1.3109	1.0	True	0.34	4.12
12	69983324	C	G	CCT2	Nonsense_Mutation	41	11	52	0.21153846153846154	3	2	2	1.4559	1	1.4559	1.0	True	0.34	4.12
12	71029450	C	A	PTPRB	Splice_Site	33	6	39	0.15384615384615385	3	2	2	1.0588	1	1.0588	1.0	True	0.34	4.12
12	75698574	G	T	CAPS2	Missense_Mutation	22	6	28	0.21428571428571427	3	2	2	1.4748	1	1.4748	1.0	True	0.34	4.12
12	81111287	C	A	MYF5	Missense_Mutation	139	43	182	0.23626373626373626	3	2	2	1.6261	2	0.813	0.813	False	0.34	4.12
12	81111334	T	A	MYF5	Silent	149	27	176	0.1534090909090909	3	2	2	1.0558	1	1.0558	1.0	True	0.34	4.12
12	81627215	G	A	ACSS3	Missense_Mutation	91	40	131	0.3053435114503817	3	2	2	2.1015	2	1.0507	1.0	True	0.34	4.12
12	81688775	G	T	PPFIA2	Silent	23	3	26	0.11538461538461539	3	2	2	0.7941	1	0.7941	0.7941	False	0.34	4.12
12	81839476	G	A	PPFIA2	Silent	19	4	23	0.17391304347826086	3	2	2	1.1969	1	1.1969	1.0	True	0.34	4.12
12	85449777	G	C	LRRIQ1	Missense_Mutation	76	20	96	0.20833333333333334	3	2	2	1.4338	1	1.4338	1.0	True	0.34	4.12
12	85450529	G	A	LRRIQ1	Missense_Mutation	47	9	56	0.16071428571428573	3	2	2	1.1061	1	1.1061	1.0	True	0.34	4.12
12	90028881	T	C	ATP2B1	Missense_Mutation	88	26	114	0.22807017543859648	3	2	2	1.5697	2	0.7848	0.7848	False	0.34	4.12
12	95603414	C	T	FGD6	Missense_Mutation	95	26	121	0.21487603305785125	3	2	2	1.4789	1	1.4789	1.0	True	0.34	4.12
12	97078807	G	T	C12orf55	Missense_Mutation	21	5	26	0.19230769230769232	3	2	2	1.3235	1	1.3235	1.0	True	0.34	4.12
12	100774638	C	G	SLC17A8	Missense_Mutation	102	27	129	0.20930232558139536	4	2	2	1.6498	2	0.8249	0.8249	False	0.34	4.12
12	101740332	C	T	UTP20	Missense_Mutation	69	24	93	0.25806451612903225	4	2	2	2.0342	2	1.0171	1.0	True	0.34	4.12
12	107048035	G	T	RFX4	Missense_Mutation	52	11	63	0.1746031746031746	4	2	2	1.3763	1	1.3763	1.0	True	0.34	4.12
12	107114572	G	T	RFX4	Silent	61	17	78	0.21794871794871795	4	2	2	1.7179	2	0.859	0.859	True	0.34	4.12
12	108145600	C	T	PRDM4	Missense_Mutation	53	9	62	0.14516129032258066	4	2	2	1.1442	1	1.1442	1.0	True	0.34	4.12
12	108589605	C	A	WSCD2	5'UTR	43	10	53	0.18867924528301888	4	2	2	1.4872	1	1.4872	1.0	True	0.34	4.12
12	108600106	G	A	WSCD2	Silent	46	12	58	0.20689655172413793	4	2	2	1.6308	2	0.8154	0.8154	False	0.34	4.12
12	108685800	T	A	CMKLR1	Missense_Mutation	61	13	74	0.17567567567567569	4	2	2	1.3847	1	1.3847	1.0	True	0.34	4.12
12	108685961	T	C	CMKLR1	Missense_Mutation	43	12	55	0.21818181818181817	4	2	2	1.7198	2	0.8599	0.8599	True	0.34	4.12
12	109016956	G	T	SELPLG	Silent	18	5	23	0.21739130434782608	4	2	2	1.7136	2	0.8568	0.8568	True	0.34	4.12
12	109889506	G	T	KCTD10	Missense_Mutation	25	7	32	0.21875	4	2	2	1.7243	2	0.8621	0.8621	True	0.34	4.12
12	113706664	G	A	TPCN1	Missense_Mutation	30	4	34	0.11764705882352941	4	2	2	0.9273	1	0.9273	0.9273	True	0.34	4.12
12	114793417	C	A	TBX5	Missense_Mutation	45	6	51	0.11764705882352941	4	2	2	0.9273	1	0.9273	0.9273	True	0.34	4.12
12	120589172	G	A	GCN1L1	Silent	27	16	43	0.37209302325581395	4	2	2	2.933	2	1.4665	1.0	True	0.34	4.12
12	120600725	C	G	GCN1L1	Missense_Mutation	78	25	103	0.24271844660194175	4	2	2	1.9132	2	0.9566	0.9566	True	0.34	4.12
12	120649934	T	A	PXN	3'UTR	18	3	21	0.14285714285714285	4	2	2	1.1261	1	1.1261	1.0	True	0.34	4.12
12	123214304	A	T	HCAR1	Missense_Mutation	66	18	84	0.21428571428571427	4	2	2	1.6891	2	0.8445	0.8445	False	0.34	4.12
12	123950129	C	G	SNRNP35	Silent	56	27	83	0.3253012048192771	4	2	2	2.5641	2	1.2821	1.0	True	0.34	4.12
12	123950942	G	A	SNRNP35	3'Flank	24	13	37	0.35135135135135137	4	2	2	2.7695	2	1.3847	1.0	True	0.34	4.12
12	124409700	A	T	DNAH10	Missense_Mutation	61	18	79	0.22784810126582278	4	2	2	1.796	2	0.898	0.898	True	0.34	4.12
12	126135372	G	T	TMEM132B	Missense_Mutation	43	20	63	0.31746031746031744	4	2	2	2.5023	2	1.2512	1.0	True	0.34	4.12
12	126138380	C	G	TMEM132B	Silent	71	17	88	0.19318181818181818	4	2	2	1.5227	2	0.7614	0.7614	False	0.34	4.12
12	130827548	G	T	PIWIL1	Missense_Mutation	29	13	42	0.30952380952380953	4	2	2	2.4398	2	1.2199	1.0	True	0.34	4.12
12	133218935	G	A	POLE	Silent	40	5	45	0.1111111111111111	4	2	2	0.8758	1	0.8758	0.8758	True	0.34	4.12
13	21751066	C	T	MRP63	Missense_Mutation	47	13	60	0.21666666666666667	3	2	2	1.4912	1	1.4912	1.0	True	0.34	4.12
13	25875926	C	G	NUPL1	Missense_Mutation	13	7	20	0.35	3	2	2	2.4088	2	1.2044	1.0	True	0.34	4.12
13	27259981	G	T	WASF3	Nonstop_Mutation	30	7	37	0.1891891891891892	3	2	2	1.3021	1	1.3021	1.0	True	0.34	4.12
13	28903806	T	C	FLT1	Missense_Mutation	24	6	30	0.2	3	2	2	1.3765	1	1.3765	1.0	True	0.34	4.12
13	29005430	G	A	FLT1	Silent	47	14	61	0.22950819672131148	3	2	2	1.5796	2	0.7898	0.7898	False	0.34	4.12
13	29600749	G	A	MTUS2	Silent	31	15	46	0.32608695652173914	3	2	2	2.2442	2	1.1221	1.0	True	0.34	4.12
13	31037772	A	T	HMGB1	Missense_Mutation	149	10	159	0.06289308176100629	3	2	2	0.4329	1	0.4329	0.4329	False	0.34	4.12
13	38158943	C	A	POSTN	Missense_Mutation	49	13	62	0.20967741935483872	4	2	2	1.6528	2	0.8264	0.8264	False	0.34	4.12
13	39262316	T	A	FREM2	Missense_Mutation	86	5	91	0.054945054945054944	4	2	2	0.4331	1	0.4331	0.4331	False	0.34	4.12
13	39450188	G	T	FREM2	Missense_Mutation	97	35	132	0.26515151515151514	4	2	2	2.09	2	1.045	1.0	True	0.34	4.12
13	39544409	C	A	STOML3	Silent	108	18	126	0.14285714285714285	4	2	2	1.1261	1	1.1261	1.0	True	0.34	4.12
13	44433833	C	A	CCDC122	Missense_Mutation	49	15	64	0.234375	4	2	2	1.8474	2	0.9237	0.9237	True	0.34	4.12
13	46542136	G	A	ZC3H13	Missense_Mutation	130	31	161	0.19254658385093168	4	2	2	1.5177	2	0.7589	0.7589	False	0.34	4.12
13	46544582	T	A	ZC3H13	Missense_Mutation	120	18	138	0.13043478260869565	4	2	2	1.0281	1	1.0281	1.0	True	0.34	4.12
13	46559471	C	A	ZC3H13	Missense_Mutation	63	23	86	0.26744186046511625	4	2	2	2.1081	2	1.054	1.0	True	0.34	4.12
13	46718621	C	A	LCP1	Missense_Mutation	94	9	103	0.08737864077669903	4	2	2	0.6887	1	0.6887	0.6887	False	0.34	4.12
13	49281666	T	A	CYSLTR2	Missense_Mutation	86	26	112	0.23214285714285715	4	2	2	1.8298	2	0.9149	0.9149	True	0.34	4.12
13	58207296	C	G	PCDH17	Missense_Mutation	37	7	44	0.1590909090909091	4	3	1	1.254	1	1.254	1.0	True	0.34	4.12
13	61068701	A	G	TDRD3	Missense_Mutation	68	4	72	0.05555555555555555	4	3	1	0.4379	1	0.4379	0.4379	False	0.34	4.12
13	61985690	T	A	PCDH20	Missense_Mutation	83	9	92	0.09782608695652174	4	3	1	0.7711	1	0.7711	0.7711	False	0.34	4.12
13	61987482	C	A	PCDH20	Silent	107	25	132	0.1893939393939394	4	3	1	1.4929	1	1.4929	1.0	True	0.34	4.12
13	64321142	G	T	AL445989.1	Missense_Mutation	35	23	58	0.39655172413793105	2	1	1	2.3327	1	2.3327	1.0	True	0.34	4.12
13	70370987	G	C	KLHL1	Missense_Mutation	108	42	150	0.28	4	3	1	2.2071	2	1.1035	1.0	True	0.34	4.12
13	70681815	C	T	KLHL1	Missense_Mutation	27	6	33	0.18181818181818182	4	3	1	1.4332	1	1.4332	1.0	True	0.34	4.12
13	77566205	G	T	CLN5	Missense_Mutation	33	5	38	0.13157894736842105	7	7	3	1.4319	1	1.4319	1.0	True	0.34	4.12
13	78133957	G	T	SCEL	Missense_Mutation	191	48	239	0.200836820083682	7	7	3	2.1856	2	1.0928	1.0	True	0.34	4.12
13	86369917	C	A	SLITRK6	Missense_Mutation	82	86	168	0.5119047619047619	7	7	3	5.5707	6	0.9285	0.9285	True	0.34	4.12
13	88328100	G	T	SLITRK5	Nonsense_Mutation	194	8	202	0.039603960396039604	7	7	3	0.431	1	0.431	0.431	False	0.34	4.12
13	88328596	C	G	SLITRK5	Missense_Mutation	205	13	218	0.05963302752293578	7	7	3	0.6489	1	0.6489	0.6489	False	0.34	4.12
13	94680115	G	T	GPC6	Missense_Mutation	177	21	198	0.10606060606060606	7	7	3	1.1542	1	1.1542	1.0	True	0.34	4.12
13	95121298	T	C	DCT	Silent	205	17	222	0.07657657657657657	7	7	3	0.8333	1	0.8333	0.8333	False	0.34	4.12
13	95271476	G	T	GPR180	Missense_Mutation	166	24	190	0.12631578947368421	7	7	3	1.3746	1	1.3746	1.0	True	0.34	4.12
13	97639959	C	A	OXGR1	Missense_Mutation	68	50	118	0.423728813559322	7	7	3	4.6112	5	0.9222	0.9222	True	0.34	4.12
13	101833212	C	T	NALCN	Intron	11	4	15	0.26666666666666666	7	7	3	2.902	3	0.9673	0.9673	True	0.34	4.12
13	101890161	C	A	NALCN	Missense_Mutation	198	94	292	0.3219178082191781	7	7	3	3.5032	4	0.8758	0.8758	True	0.34	4.12
13	103053849	C	A	FGF14	Missense_Mutation	150	17	167	0.10179640718562874	7	7	3	1.1078	1	1.1078	1.0	True	0.34	4.12
13	103446052	C	A	KDELC1	Missense_Mutation	206	38	244	0.1557377049180328	7	7	3	1.6948	2	0.8474	0.8474	False	0.34	4.12
14	19553442	C	A	POTEG	Missense_Mutation	50	6	56	0.10714285714285714	2	1	1	0.6303	1	0.6303	0.6303	False	0.34	4.12
14	20345098	T	C	OR4K2	Silent	271	18	289	0.06228373702422145	5	3	2	0.5532	1	0.5532	0.5532	False	0.34	4.12
14	20482660	G	T	OR4K14	Silent	50	6	56	0.10714285714285714	5	3	2	0.9517	1	0.9517	0.9517	True	0.34	4.12
14	20528261	C	A	OR4L1	Silent	154	34	188	0.18085106382978725	5	3	2	1.6064	2	0.8032	0.8032	False	0.34	4.12
14	20711193	C	A	OR11H4	Silent	128	36	164	0.21951219512195122	5	3	2	1.9498	2	0.9749	0.9749	True	0.34	4.12
14	21216280	C	A	EDDM3A	3'UTR	17	7	24	0.2916666666666667	5	3	2	2.5907	3	0.8636	0.8636	True	0.34	4.12
14	21542220	C	T	ARHGEF40	Missense_Mutation	105	8	113	0.07079646017699115	5	3	2	0.6288	1	0.6288	0.6288	False	0.34	4.12
14	22337431	C	G	TRAV13-1	Silent	153	49	202	0.24257425742574257	5	3	2	2.1546	2	1.0773	1.0	True	0.34	4.12
14	23243652	T	A	SLC7A7	Missense_Mutation	188	41	229	0.17903930131004367	5	3	2	1.5903	2	0.7951	0.7951	False	0.34	4.12
14	23355422	C	A	REM2	Silent	24	4	28	0.14285714285714285	5	3	2	1.2689	1	1.2689	1.0	True	0.34	4.12
14	23586926	C	G	CEBPE	Missense_Mutation	97	7	104	0.0673076923076923	5	3	2	0.5979	1	0.5979	0.5979	False	0.34	4.12
14	23857878	G	T	MYH6	Intron	28	9	37	0.24324324324324326	5	3	2	2.1606	2	1.0803	1.0	True	0.34	4.12
14	24911971	C	G	SDR39U1	Missense_Mutation	195	12	207	0.057971014492753624	5	3	2	0.5149	1	0.5149	0.5149	False	0.34	4.12
14	26917986	C	A	NOVA1	Nonsense_Mutation	114	39	153	0.2549019607843137	5	3	2	2.2641	2	1.1321	1.0	True	0.34	4.12
14	30066964	C	A	PRKD1	Missense_Mutation	47	14	61	0.22950819672131148	5	3	2	2.0386	2	1.0193	1.0	True	0.34	4.12
14	31917457	C	G	DTD2	Missense_Mutation	162	83	245	0.33877551020408164	5	3	2	3.0091	3	1.003	1.0	True	0.34	4.12
14	33046325	G	T	AKAP6	Splice_Site	56	32	88	0.36363636363636365	5	3	2	3.2299	3	1.0766	1.0	True	0.34	4.12
14	34266712	C	A	NPAS3	Missense_Mutation	95	38	133	0.2857142857142857	5	3	2	2.5378	3	0.8459	0.8459	False	0.34	4.12
14	35872911	C	A	NFKBIA	Missense_Mutation	14	7	21	0.3333333333333333	5	3	2	2.9608	3	0.9869	0.9869	True	0.34	4.12
14	38679167	C	G	SSTR1	Silent	53	14	67	0.208955223880597	5	3	2	1.856	2	0.928	0.928	True	0.34	4.12
14	39510009	T	A	SEC23A	Missense_Mutation	103	30	133	0.22556390977443608	5	3	2	2.0035	2	1.0018	1.0	True	0.34	4.12
14	39510010	C	A	SEC23A	Missense_Mutation	104	30	134	0.22388059701492538	5	3	2	1.9886	2	0.9943	0.9943	True	0.34	4.12
14	42355819	C	A	LRFN5	5'UTR	22	9	31	0.2903225806451613	5	3	2	2.5787	3	0.8596	0.8596	True	0.34	4.12
14	42373450	G	T	LRFN5	3'UTR	17	11	28	0.39285714285714285	5	3	2	3.4895	3	1.1632	1.0	True	0.34	4.12
14	45431826	G	C	FAM179B	Missense_Mutation	50	10	60	0.16666666666666666	5	3	2	1.4804	1	1.4804	1.0	True	0.34	4.12
14	45542540	G	A	FAM179B	Missense_Mutation	38	13	51	0.2549019607843137	5	3	2	2.2641	2	1.1321	1.0	True	0.34	4.12
14	47120343	G	C	RPL10L	Nonsense_Mutation	65	25	90	0.2777777777777778	5	3	2	2.4673	2	1.2337	1.0	True	0.34	4.12
14	47121001	G	T	RPL10L	5'UTR	57	17	74	0.22972972972972974	5	3	2	2.0405	2	1.0203	1.0	True	0.34	4.12
14	50069182	G	A	LRR1	Missense_Mutation	49	19	68	0.27941176470588236	5	3	2	2.4818	2	1.2409	1.0	True	0.34	4.12
14	51446129	C	G	TRIM9	Silent	130	51	181	0.281767955801105	5	3	2	2.5028	3	0.8343	0.8343	False	0.34	4.12
14	52433430	C	A	GNG2	3'UTR	77	23	100	0.23	5	3	2	2.0429	2	1.0215	1.0	True	0.34	4.12
14	54976643	G	T	CGRRF1	5'UTR	40	16	56	0.2857142857142857	5	3	2	2.5378	3	0.8459	0.8459	False	0.34	4.12
14	57114063	G	T	TMEM260	Missense_Mutation	61	14	75	0.18666666666666668	5	3	2	1.658	2	0.829	0.829	False	0.34	4.12
14	58681922	G	A	ACTR10	Splice_Site	13	5	18	0.2777777777777778	5	3	2	2.4673	2	1.2337	1.0	True	0.34	4.12
14	58690364	T	G	ACTR10	Missense_Mutation	21	8	29	0.27586206896551724	5	3	2	2.4503	2	1.2252	1.0	True	0.34	4.12
14	63174460	C	A	KCNH5	Missense_Mutation	108	43	151	0.2847682119205298	4	2	1	2.2446	2	1.1223	1.0	True	0.34	4.12
14	64194140	G	A	SGPP1	Nonsense_Mutation	62	6	68	0.08823529411764706	4	2	1	0.6955	1	0.6955	0.6955	False	0.34	4.12
14	64463803	G	C	SYNE2	Missense_Mutation	39	6	45	0.13333333333333333	4	2	1	1.051	1	1.051	1.0	True	0.34	4.12
14	64464045	G	T	SYNE2	Missense_Mutation	19	11	30	0.36666666666666664	4	2	1	2.8902	2	1.4451	1.0	True	0.34	4.12
14	64727423	C	T	ESR2	Silent	52	13	65	0.2	4	2	1	1.5765	2	0.7882	0.7882	False	0.34	4.12
14	64935578	G	T	AKAP5	Nonsense_Mutation	157	10	167	0.059880239520958084	4	2	1	0.472	1	0.472	0.472	False	0.34	4.12
14	68257294	G	A	ZFYVE26	Missense_Mutation	44	21	65	0.3230769230769231	4	2	1	2.5466	2	1.2733	1.0	True	0.34	4.12
14	74179620	C	G	PNMA1	Missense_Mutation	123	9	132	0.06818181818181818	4	2	1	0.5374	1	0.5374	0.5374	False	0.34	4.12
14	74360539	G	T	ZNF410	Nonsense_Mutation	66	18	84	0.21428571428571427	4	2	1	1.6891	2	0.8445	0.8445	False	0.34	4.12
14	74413269	C	G	FAM161B	Missense_Mutation	155	8	163	0.049079754601226995	4	2	1	0.3869	1	0.3869	0.3869	False	0.34	4.12
14	75276401	C	T	YLPM1	Missense_Mutation	33	12	45	0.26666666666666666	4	2	1	2.102	2	1.051	1.0	True	0.34	4.12
14	79181241	C	G	NRXN3	Silent	65	35	100	0.35	4	2	1	2.7588	2	1.3794	1.0	True	0.34	4.12
14	86089223	G	A	FLRT2	Silent	98	7	105	0.06666666666666667	4	2	1	0.5255	1	0.5255	0.5255	False	0.34	4.12
14	90651206	C	T	KCNK13	Silent	55	8	63	0.12698412698412698	4	2	1	1.0009	1	1.0009	1.0	True	0.34	4.12
14	91252635	C	A	TTC7B	Silent	69	13	82	0.15853658536585366	4	2	1	1.2496	1	1.2496	1.0	True	0.34	4.12
14	91739123	G	A	CCDC88C	Missense_Mutation	22	6	28	0.21428571428571427	4	2	1	1.6891	2	0.8445	0.8445	False	0.34	4.12
14	93273276	C	T	GOLGA5	Missense_Mutation	70	9	79	0.11392405063291139	4	2	1	0.898	1	0.898	0.898	True	0.34	4.12
14	93714902	C	A	BTBD7	Missense_Mutation	28	9	37	0.24324324324324326	4	2	1	1.9173	2	0.9587	0.9587	True	0.34	4.12
14	93760476	C	A	BTBD7	Missense_Mutation	48	10	58	0.1724137931034483	4	2	1	1.359	1	1.359	1.0	True	0.34	4.12
14	94052998	A	G	UNC79	Missense_Mutation	52	5	57	0.08771929824561403	4	2	1	0.6914	1	0.6914	0.6914	False	0.34	4.12
14	94776180	G	T	SERPINA6	Silent	62	21	83	0.25301204819277107	4	2	1	1.9943	2	0.9972	0.9972	True	0.34	4.12
14	94936106	G	T	SERPINA9	Silent	65	24	89	0.2696629213483146	4	2	1	2.1256	2	1.0628	1.0	True	0.34	4.12
14	95557422	C	A	DICER1	Missense_Mutation	41	16	57	0.2807017543859649	4	2	1	2.2126	2	1.1063	1.0	True	0.34	4.12
14	100795944	G	A	SLC25A47	Missense_Mutation	123	24	147	0.16326530612244897	4	2	1	1.2869	1	1.2869	1.0	True	0.34	4.12
14	101451120	G	A	SNORD114-24	RNA	88	17	105	0.1619047619047619	4	2	1	1.2762	1	1.2762	1.0	True	0.34	4.12
14	101453434	G	T	SNORD114-26	RNA	84	31	115	0.26956521739130435	4	2	1	2.1248	2	1.0624	1.0	True	0.34	4.12
14	102449535	G	T	DYNC1H1	Missense_Mutation	44	13	57	0.22807017543859648	4	2	1	1.7977	2	0.8989	0.8989	True	0.34	4.12
14	102912201	G	T	TECPR2	Missense_Mutation	77	7	84	0.08333333333333333	4	2	1	0.6569	1	0.6569	0.6569	False	0.34	4.12
14	105181143	C	T	INF2	Missense_Mutation	16	5	21	0.23809523809523808	4	2	1	1.8768	2	0.9384	0.9384	True	0.34	4.12
14	105419214	C	G	AHNAK2	Silent	293	63	356	0.17696629213483145	4	2	1	1.3949	1	1.3949	1.0	True	0.34	4.12
14	106110218	G	T	IGHG2	Silent	107	14	121	0.11570247933884298	4	2	1	0.912	1	0.912	0.912	True	0.34	4.12
14	106494401	C	A	IGHV2-5	Missense_Mutation	27	22	49	0.4489795918367347	2	1	1	2.6411	1	2.6411	1.0	True	0.34	4.12
14	106539345	C	G	IGHV1-8	Missense_Mutation	136	8	144	0.05555555555555555	2	1	1	0.3268	1	0.3268	0.3268	False	0.34	4.12
14	106691702	C	T	IGHV3-21	Missense_Mutation	159	21	180	0.11666666666666667	2	1	1	0.6863	1	0.6863	0.6863	False	0.34	4.12
14	106691831	C	G	IGHV3-21	Missense_Mutation	171	20	191	0.10471204188481675	2	1	1	0.616	1	0.616	0.616	False	0.34	4.12
14	106780765	A	T	IGHV4-28	Silent	106	7	113	0.061946902654867256	4	2	2	0.4883	1	0.4883	0.4883	False	0.34	4.12
14	107034931	C	A	IGHV5-51	Missense_Mutation	29	4	33	0.12121212121212122	4	2	2	0.9554	1	0.9554	0.9554	True	0.34	4.12
14	107083496	G	T	IGHV4-59	Silent	40	8	48	0.16666666666666666	4	2	2	1.3137	1	1.3137	1.0	True	0.34	4.12
15	20496659	C	G	CHEK2P2	RNA	38	4	42	0.09523809523809523	3	1	1	0.6555	1	0.6555	0.6555	False	0.34	4.12
15	22369410	T	A	OR4M2	Missense_Mutation	100	23	123	0.18699186991869918	3	1	1	1.2869	1	1.2869	1.0	True	0.34	4.12
15	22383204	C	T	OR4N4	Silent	167	8	175	0.045714285714285714	3	1	1	0.3146	1	0.3146	0.3146	False	0.34	4.12
15	23811918	G	C	MKRN3	Missense_Mutation	82	12	94	0.1276595744680851	3	1	1	0.8786	1	0.8786	0.8786	True	0.34	4.12
15	24922303	C	A	NPAP1	Missense_Mutation	75	19	94	0.20212765957446807	3	1	1	1.3911	1	1.3911	1.0	True	0.34	4.12
15	25417700	A	T	SNORD115-3	5'Flank	54	16	70	0.22857142857142856	3	1	1	1.5731	1	1.5731	1.0	True	0.34	4.12
15	25474051	G	T	SNORD115-33	5'Flank	103	41	144	0.2847222222222222	3	1	1	1.9596	1	1.9596	1.0	True	0.34	4.12
15	25483203	A	G	SNORD115-37	RNA	90	12	102	0.11764705882352941	3	1	1	0.8097	1	0.8097	0.8097	False	0.34	4.12
15	26793245	C	A	GABRB3	Nonsense_Mutation	121	13	134	0.09701492537313433	3	1	1	0.6677	1	0.6677	0.6677	False	0.34	4.12
15	31218081	G	T	FAN1	Silent	155	34	189	0.17989417989417988	3	1	1	1.2381	1	1.2381	1.0	True	0.34	4.12
15	31822943	C	A	OTUD7A	Missense_Mutation	50	16	66	0.24242424242424243	3	1	1	1.6684	1	1.6684	1.0	True	0.34	4.12
15	34078113	G	A	RYR3	Silent	139	50	189	0.26455026455026454	3	1	1	1.8207	1	1.8207	1.0	True	0.34	4.12
15	34123255	C	A	RYR3	Missense_Mutation	25	3	28	0.10714285714285714	3	1	1	0.7374	1	0.7374	0.7374	False	0.34	4.12
15	34140574	C	G	RYR3	Missense_Mutation	67	4	71	0.056338028169014086	3	1	1	0.3877	1	0.3877	0.3877	False	0.34	4.12
15	34355842	C	A	CHRM5	Silent	81	11	92	0.11956521739130435	3	1	1	0.8229	1	0.8229	0.8229	False	0.34	4.12
15	34634191	T	A	NOP10	Missense_Mutation	21	10	31	0.3225806451612903	3	1	1	2.2201	1	2.2201	1.0	True	0.34	4.12
15	37100530	G	T	C15orf41	Missense_Mutation	47	14	61	0.22950819672131148	3	1	1	1.5796	1	1.5796	1.0	True	0.34	4.12
15	37390311	G	A	MEIS2	Silent	33	5	38	0.13157894736842105	3	1	1	0.9056	1	0.9056	0.9056	True	0.34	4.12
15	41066554	C	A	DNAJC17	Silent	152	45	197	0.22842639593908629	3	1	1	1.5721	1	1.5721	1.0	True	0.34	4.12
15	43476676	G	T	TMEM62	Silent	172	43	215	0.2	3	1	1	1.3765	1	1.3765	1.0	True	0.34	4.12
15	45389484	G	T	DUOX2	Silent	69	13	82	0.15853658536585366	3	1	1	1.0911	1	1.0911	1.0	True	0.34	4.12
15	48063769	C	A	SEMA6D	Silent	118	19	137	0.1386861313868613	3	1	1	0.9545	1	0.9545	0.9545	True	0.34	4.12
15	48787758	C	A	FBN1	Missense_Mutation	164	25	189	0.13227513227513227	3	1	1	0.9104	1	0.9104	0.9104	True	0.34	4.12
15	50866543	C	G	TRPM7	Missense_Mutation	68	14	82	0.17073170731707318	3	1	1	1.175	1	1.175	1.0	True	0.34	4.12
15	51017460	T	A	SPPL2A	Missense_Mutation	112	24	136	0.17647058823529413	3	1	1	1.2145	1	1.2145	1.0	True	0.34	4.12
15	55677870	T	A	CCPG1	Missense_Mutation	24	5	29	0.1724137931034483	3	1	1	1.1866	1	1.1866	1.0	True	0.34	4.12
15	58004326	G	C	POLR2M	Silent	43	7	50	0.14	3	1	1	0.9635	1	0.9635	0.9635	True	0.34	4.12
15	59515350	G	A	MYO1E	Missense_Mutation	67	12	79	0.1518987341772152	3	1	1	1.0454	1	1.0454	1.0	True	0.34	4.12
15	60747597	T	C	NARG2	Missense_Mutation	70	19	89	0.21348314606741572	3	1	1	1.4693	1	1.4693	1.0	True	0.34	4.12
15	60795017	C	G	RORA	Missense_Mutation	177	53	230	0.23043478260869565	3	1	1	1.5859	1	1.5859	1.0	True	0.34	4.12
15	64008546	C	T	HERC1	Missense_Mutation	105	6	111	0.05405405405405406	3	1	1	0.372	1	0.372	0.372	False	0.34	4.12
15	65621336	G	T	IGDCC3	Missense_Mutation	31	7	38	0.18421052631578946	3	1	1	1.2678	1	1.2678	1.0	True	0.34	4.12
15	66797704	G	C	ZWILCH	Missense_Mutation	103	6	109	0.05504587155963303	3	1	1	0.3788	1	0.3788	0.3788	False	0.34	4.12
15	72954853	C	A	GOLGA6B	Missense_Mutation	166	18	184	0.09782608695652174	3	1	1	0.6733	1	0.6733	0.6733	False	0.34	4.12
15	73552639	C	G	NEO1	Missense_Mutation	68	16	84	0.19047619047619047	3	1	1	1.3109	1	1.3109	1.0	True	0.34	4.12
15	74178933	G	A	TBC1D21	Missense_Mutation	38	10	48	0.20833333333333334	3	1	1	1.4338	1	1.4338	1.0	True	0.34	4.12
15	74476207	A	G	STRA6	Silent	85	10	95	0.10526315789473684	3	1	1	0.7245	1	0.7245	0.7245	False	0.34	4.12
15	74919956	A	T	CLK3	Missense_Mutation	166	36	202	0.1782178217821782	3	1	1	1.2266	1	1.2266	1.0	True	0.34	4.12
15	75673049	C	T	SIN3A	Missense_Mutation	43	12	55	0.21818181818181817	3	1	1	1.5016	1	1.5016	1.0	True	0.34	4.12
15	76430164	T	A	C15orf27	Missense_Mutation	71	12	83	0.14457831325301204	3	1	1	0.995	1	0.995	0.995	True	0.34	4.12
15	77241468	G	A	RCN2	Missense_Mutation	120	30	150	0.2	3	1	1	1.3765	1	1.3765	1.0	True	0.34	4.12
15	78789628	C	T	IREB2	Missense_Mutation	44	4	48	0.08333333333333333	3	1	1	0.5735	1	0.5735	0.5735	False	0.34	4.12
15	79183909	G	T	MORF4L1	Nonsense_Mutation	34	18	52	0.34615384615384615	3	1	1	2.3824	1	2.3824	1.0	True	0.34	4.12
15	80181466	C	A	ST20-MTHFS	Missense_Mutation	32	7	39	0.1794871794871795	3	1	1	1.2353	1	1.2353	1.0	True	0.34	4.12
15	81572084	C	T	IL16	Silent	35	7	42	0.16666666666666666	3	1	1	1.1471	1	1.1471	1.0	True	0.34	4.12
15	83328639	G	T	AP3B2	Missense_Mutation	103	17	120	0.14166666666666666	3	1	1	0.975	1	0.975	0.975	True	0.34	4.12
15	84581900	T	G	ADAMTSL3	Missense_Mutation	76	15	91	0.16483516483516483	3	1	1	1.1345	1	1.1345	1.0	True	0.34	4.12
15	90799512	C	G	TTLL13	Missense_Mutation	61	9	70	0.12857142857142856	3	1	1	0.8849	1	0.8849	0.8849	True	0.34	4.12
15	93489273	A	T	CHD2	Missense_Mutation	42	10	52	0.19230769230769232	3	1	1	1.3235	1	1.3235	1.0	True	0.34	4.12
15	97328413	G	T	SPATA8	3'UTR	44	13	57	0.22807017543859648	3	1	1	1.5697	1	1.5697	1.0	True	0.34	4.12
15	99459974	G	A	IGF1R	Silent	38	18	56	0.32142857142857145	3	1	1	2.2122	1	2.2122	1.0	True	0.34	4.12
15	102261472	C	T	TARSL2	Silent	65	26	91	0.2857142857142857	3	1	1	1.9664	1	1.9664	1.0	True	0.34	4.12
16	633391	C	T	PIGQ	Silent	104	6	110	0.05454545454545454	6	3	2	0.539	1	0.539	0.539	False	0.34	4.12
16	716961	G	T	WDR90	Silent	17	7	24	0.2916666666666667	6	3	2	2.8824	3	0.9608	0.9608	True	0.34	4.12
16	726420	G	A	RHBDL1	Missense_Mutation	23	3	26	0.11538461538461539	6	3	2	1.1403	1	1.1403	1.0	True	0.34	4.12
16	1254177	G	C	CACNA1H	Missense_Mutation	35	4	39	0.10256410256410256	6	3	2	1.0136	1	1.0136	1.0	True	0.34	4.12
16	1272688	A	T	TPSG1	Missense_Mutation	103	24	127	0.1889763779527559	6	3	2	1.8675	2	0.9338	0.9338	True	0.34	4.12
16	1399303	G	T	TSR3	3'UTR	69	12	81	0.14814814814814814	6	3	2	1.4641	1	1.4641	1.0	True	0.34	4.12
16	1573581	C	A	IFT140	Missense_Mutation	47	12	59	0.2033898305084746	6	3	2	2.01	2	1.005	1.0	True	0.34	4.12
16	2024386	G	T	TBL3	Nonsense_Mutation	234	47	281	0.16725978647686832	6	3	2	1.6529	2	0.8265	0.8265	False	0.34	4.12
16	2203150	T	C	RAB26	Missense_Mutation	70	5	75	0.06666666666666667	6	3	2	0.6588	1	0.6588	0.6588	False	0.34	4.12
16	2809355	C	T	SRRM2	Missense_Mutation	74	7	81	0.08641975308641975	6	3	2	0.854	1	0.854	0.854	True	0.34	4.12
16	2816510	C	G	SRRM2	Missense_Mutation	79	25	104	0.2403846153846154	6	3	2	2.3756	2	1.1878	1.0	True	0.34	4.12
16	3142750	G	T	ZSCAN10	Missense_Mutation	8	5	13	0.38461538461538464	6	3	2	3.8009	3	1.267	1.0	True	0.34	4.12
16	3349789	G	C	TIGD7	Missense_Mutation	129	19	148	0.12837837837837837	6	3	2	1.2687	1	1.2687	1.0	True	0.34	4.12
16	3367318	G	C	ZNF75A	Missense_Mutation	101	6	107	0.056074766355140186	6	3	2	0.5542	1	0.5542	0.5542	False	0.34	4.12
16	3406430	C	G	OR2C1	Missense_Mutation	131	7	138	0.050724637681159424	6	3	2	0.5013	1	0.5013	0.5013	False	0.34	4.12
16	3487174	C	G	ZNF597	Missense_Mutation	231	12	243	0.04938271604938271	6	3	2	0.488	1	0.488	0.488	False	0.34	4.12
16	3487301	G	C	ZNF597	Missense_Mutation	189	9	198	0.045454545454545456	6	3	2	0.4492	1	0.4492	0.4492	False	0.34	4.12
16	3778145	C	T	CREBBP	Missense_Mutation	92	9	101	0.0891089108910891	6	3	2	0.8806	1	0.8806	0.8806	True	0.34	4.12
16	4242845	T	A	SRL	Missense_Mutation	65	28	93	0.3010752688172043	6	3	2	2.9753	3	0.9918	0.9918	True	0.34	4.12
16	5145516	C	G	FAM86A	Splice_Site	141	7	148	0.0472972972972973	6	3	2	0.4674	1	0.4674	0.4674	False	0.34	4.12
16	8738439	G	A	METTL22	Missense_Mutation	303	36	339	0.10619469026548672	6	3	2	1.0495	1	1.0495	1.0	True	0.34	4.12
16	11071251	G	T	CLEC16A	Missense_Mutation	29	8	37	0.21621621621621623	6	3	2	2.1367	2	1.0684	1.0	True	0.34	4.12
16	11868106	T	C	ZC3H7A	Missense_Mutation	43	17	60	0.2833333333333333	6	3	2	2.8	3	0.9333	0.9333	True	0.34	4.12
16	14397884	C	T	MIR193B	RNA	127	13	140	0.09285714285714286	6	3	2	0.9176	1	0.9176	0.9176	True	0.34	4.12
16	17211546	G	A	XYLT1	Silent	69	5	74	0.06756756756756757	6	3	2	0.6677	1	0.6677	0.6677	False	0.34	4.12
16	17232305	G	C	XYLT1	Silent	68	17	85	0.2	6	3	2	1.9765	2	0.9882	0.9882	True	0.34	4.12
16	18794288	G	A	RPS15A	3'UTR	31	4	35	0.11428571428571428	6	3	2	1.1294	1	1.1294	1.0	True	0.34	4.12
16	20337722	G	T	GP2	Missense_Mutation	53	18	71	0.2535211267605634	5	3	2	2.2519	2	1.1259	1.0	True	0.34	4.12
16	20432579	G	A	ACSM5	Splice_Site	51	19	70	0.2714285714285714	5	3	2	2.4109	2	1.2055	1.0	True	0.34	4.12
16	20432688	G	T	ACSM5	Missense_Mutation	41	5	46	0.10869565217391304	5	3	2	0.9655	1	0.9655	0.9655	True	0.34	4.12
16	20448451	T	A	ACSM5	Missense_Mutation	161	31	192	0.16145833333333334	5	3	2	1.4341	1	1.4341	1.0	True	0.34	4.12
16	20975809	C	G	DNAH3	Missense_Mutation	229	14	243	0.05761316872427984	5	3	2	0.5117	1	0.5117	0.5117	False	0.34	4.12
16	21696565	C	A	OTOA	Missense_Mutation	58	24	82	0.2926829268292683	5	3	2	2.5997	3	0.8666	0.8666	True	0.34	4.12
16	23646430	C	T	PALB2	Silent	160	8	168	0.047619047619047616	5	3	2	0.423	1	0.423	0.423	False	0.34	4.12
16	27480738	C	A	GTF3C1	Missense_Mutation	33	21	54	0.3888888888888889	5	3	2	3.4542	3	1.1514	1.0	True	0.34	4.12
16	28617118	C	G	SULT1A1	3'UTR	71	6	77	0.07792207792207792	5	3	2	0.6921	1	0.6921	0.6921	False	0.34	4.12
16	28617479	G	A	SULT1A1	Nonsense_Mutation	211	14	225	0.06222222222222222	5	3	2	0.5527	1	0.5527	0.5527	False	0.34	4.12
16	28997869	G	T	LAT	Missense_Mutation	44	23	67	0.34328358208955223	5	3	2	3.0492	3	1.0164	1.0	True	0.34	4.12
16	29934567	C	T	KCTD13	Missense_Mutation	38	8	46	0.17391304347826086	5	3	2	1.5448	2	0.7724	0.7724	False	0.34	4.12
16	30005442	C	T	HIRIP3	Missense_Mutation	103	36	139	0.2589928057553957	5	3	2	2.3005	2	1.1502	1.0	True	0.34	4.12
16	30035054	G	A	C16orf92	Missense_Mutation	47	6	53	0.11320754716981132	5	3	2	1.0055	1	1.0055	1.0	True	0.34	4.12
16	30747679	C	T	SRCAP	Silent	36	19	55	0.34545454545454546	5	3	2	3.0684	3	1.0228	1.0	True	0.34	4.12
16	30747680	C	T	SRCAP	Missense_Mutation	36	19	55	0.34545454545454546	5	3	2	3.0684	3	1.0228	1.0	True	0.34	4.12
16	31090371	T	C	ZNF646	Missense_Mutation	71	7	78	0.08974358974358974	5	3	2	0.7971	1	0.7971	0.7971	False	0.34	4.12
16	31371783	G	T	ITGAX	Missense_Mutation	64	31	95	0.3263157894736842	5	3	2	2.8985	3	0.9662	0.9662	True	0.34	4.12
16	31424184	C	A	ITGAD	Missense_Mutation	101	20	121	0.1652892561983471	5	3	2	1.4682	1	1.4682	1.0	True	0.34	4.12
16	31471185	G	T	ARMC5	Missense_Mutation	16	10	26	0.38461538461538464	5	3	2	3.4163	3	1.1388	1.0	True	0.34	4.12
16	31895846	G	T	ZNF267	Missense_Mutation	96	27	123	0.21951219512195122	5	3	2	1.9498	2	0.9749	0.9749	True	0.34	4.12
16	32892094	C	G	SLC6A10P	RNA	12	4	16	0.25	2	1	1	1.4706	1	1.4706	1.0	True	0.34	4.12
16	34624175	G	A	RP11-488I20.3	RNA	16	3	19	0.15789473684210525	7	7	0	1.7183	2	0.8591	0.8591	True	0.34	4.12
16	47630430	G	T	PHKB	Missense_Mutation	245	44	289	0.1522491349480969	6	3	3	1.5046	2	0.7523	0.7523	False	0.34	4.12
16	48596271	C	G	N4BP1	Missense_Mutation	47	4	51	0.0784313725490196	6	3	3	0.7751	1	0.7751	0.7751	False	0.34	4.12
16	49669702	G	T	ZNF423	Missense_Mutation	77	34	111	0.3063063063063063	6	3	3	3.027	3	1.009	1.0	True	0.34	4.12
16	50744743	G	A	NOD2	Silent	37	15	52	0.28846153846153844	6	3	3	2.8507	3	0.9502	0.9502	True	0.34	4.12
16	50783814	C	T	CYLD	Nonsense_Mutation	160	12	172	0.06976744186046512	6	3	3	0.6895	1	0.6895	0.6895	False	0.34	4.12
16	53404637	C	A	RP11-44F14.1	RNA	46	7	53	0.1320754716981132	6	3	3	1.3052	1	1.3052	1.0	True	0.34	4.12
16	53698861	C	G	RPGRIP1L	Missense_Mutation	72	14	86	0.16279069767441862	6	3	2	1.6088	2	0.8044	0.8044	False	0.34	4.12
16	54318964	C	T	IRX3	Missense_Mutation	51	5	56	0.08928571428571429	6	3	2	0.8824	1	0.8824	0.8824	True	0.34	4.12
16	56370737	G	A	GNAO1	Missense_Mutation	24	7	31	0.22580645161290322	6	3	2	2.2315	2	1.1157	1.0	True	0.34	4.12
16	56659724	C	T	MT1E	5'UTR	70	38	108	0.35185185185185186	6	3	2	3.4771	3	1.159	1.0	True	0.34	4.12
16	56906695	C	A	SLC12A3	Silent	81	28	109	0.25688073394495414	6	3	2	2.5386	3	0.8462	0.8462	False	0.34	4.12
16	65026921	C	A	CDH11	Missense_Mutation	72	20	92	0.21739130434782608	6	3	2	2.1483	2	1.0742	1.0	True	0.34	4.12
16	67281374	C	T	FHOD1	5'UTR	16	3	19	0.15789473684210525	6	3	2	1.5604	2	0.7802	0.7802	False	0.34	4.12
16	67315483	G	T	PLEKHG4	Missense_Mutation	22	9	31	0.2903225806451613	6	3	2	2.8691	3	0.9564	0.9564	True	0.34	4.12
16	67681432	C	A	RLTPR	Silent	11	4	15	0.26666666666666666	6	3	2	2.6353	3	0.8784	0.8784	True	0.34	4.12
16	68279360	G	T	PLA2G15	Missense_Mutation	25	4	29	0.13793103448275862	6	3	2	1.3631	1	1.3631	1.0	True	0.34	4.12
16	70363367	C	A	DDX19B	Silent	69	6	75	0.08	6	3	2	0.7906	1	0.7906	0.7906	False	0.34	4.12
16	70975590	G	T	HYDIN	Missense_Mutation	152	18	170	0.10588235294117647	6	3	2	1.0464	1	1.0464	1.0	True	0.34	4.12
16	74908272	G	A	WDR59	Silent	62	9	71	0.1267605633802817	6	3	2	1.2527	1	1.2527	1.0	True	0.34	4.12
16	75574074	T	C	TMEM231	Splice_Site	11	12	23	0.5217391304347826	6	3	2	5.156	3	1.7187	1.0	True	0.34	4.12
16	76461375	C	G	CNTNAP4	Missense_Mutation	160	41	201	0.20398009950248755	6	3	2	2.0158	2	1.0079	1.0	True	0.34	4.12
16	84101950	G	C	MBTPS1	Missense_Mutation	122	15	137	0.10948905109489052	6	3	2	1.082	1	1.082	1.0	True	0.34	4.12
16	86601483	C	G	FOXC2	Missense_Mutation	52	9	61	0.14754098360655737	6	3	2	1.4581	1	1.4581	1.0	True	0.34	4.12
16	89657607	C	G	CPNE7	Missense_Mutation	10	5	15	0.3333333333333333	6	3	2	3.2941	3	1.098	1.0	True	0.34	4.12
16	89696855	G	T	DPEP1	Missense_Mutation	67	12	79	0.1518987341772152	6	3	2	1.5011	2	0.7506	0.7506	False	0.34	4.12
16	89712979	C	A	CHMP1A	Silent	15	3	18	0.16666666666666666	6	3	2	1.6471	2	0.8235	0.8235	False	0.34	4.12
16	90162653	G	C	TUBB8P7	RNA	165	40	205	0.1951219512195122	6	3	2	1.9283	2	0.9641	0.9641	True	0.34	4.12
17	530465	C	A	VPS53	Missense_Mutation	39	9	48	0.1875	3	3	0	1.2904	1	1.2904	1.0	True	0.34	4.12
17	1377914	C	A	MYO1C	Missense_Mutation	85	38	123	0.3089430894308943	3	3	0	2.1263	2	1.0631	1.0	True	0.34	4.12
17	2883648	C	G	RAP1GAP2	Missense_Mutation	32	3	35	0.08571428571428572	3	3	0	0.5899	1	0.5899	0.5899	False	0.34	4.12
17	3962561	C	G	ZZEF1	Missense_Mutation	33	15	48	0.3125	3	3	0	2.1507	2	1.0754	1.0	True	0.34	4.12
17	6716158	G	C	TEKT1	Missense_Mutation	86	5	91	0.054945054945054944	3	3	0	0.3782	1	0.3782	0.3782	False	0.34	4.12
17	6716210	G	C	TEKT1	Missense_Mutation	114	6	120	0.05	3	3	0	0.3441	1	0.3441	0.3441	False	0.34	4.12
17	6716245	G	A	TEKT1	Silent	103	6	109	0.05504587155963303	3	3	0	0.3788	1	0.3788	0.3788	False	0.34	4.12
17	6718509	G	A	TEKT1	Missense_Mutation	111	17	128	0.1328125	3	3	0	0.9141	1	0.9141	0.9141	True	0.34	4.12
17	7339899	G	C	TMEM102	Missense_Mutation	92	6	98	0.061224489795918366	3	3	0	0.4214	1	0.4214	0.4214	False	0.34	4.12
17	7577117	A	T	TP53	Missense_Mutation	10	10	20	0.5	3	3	0	3.4412	3	1.1471	1.0	True	0.34	4.12
17	7750311	G	T	KDM6B	Missense_Mutation	50	8	58	0.13793103448275862	3	3	0	0.9493	1	0.9493	0.9493	True	0.34	4.12
17	7830694	C	T	KCNAB3	Silent	111	53	164	0.3231707317073171	3	3	0	2.2242	2	1.1121	1.0	True	0.34	4.12
17	8638827	C	G	CCDC42	Missense_Mutation	39	22	61	0.36065573770491804	3	3	0	2.4822	2	1.2411	1.0	True	0.34	4.12
17	10258269	C	A	MYH13	Nonsense_Mutation	15	8	23	0.34782608695652173	3	3	0	2.3939	2	1.1969	1.0	True	0.34	4.12
17	10309366	C	A	MYH8	Missense_Mutation	61	37	98	0.37755102040816324	3	3	0	2.5984	3	0.8661	0.8661	True	0.34	4.12
17	10317571	C	A	MYH8	Missense_Mutation	189	36	225	0.16	3	3	0	1.1012	1	1.1012	1.0	True	0.34	4.12
17	10404775	C	A	MYH1	Silent	44	19	63	0.30158730158730157	3	3	0	2.0756	2	1.0378	1.0	True	0.34	4.12
17	10417170	T	C	MYH1	Missense_Mutation	66	5	71	0.07042253521126761	3	3	0	0.4847	1	0.4847	0.4847	False	0.34	4.12
17	10539066	C	T	MYH3	Missense_Mutation	166	15	181	0.08287292817679558	3	3	0	0.5704	1	0.5704	0.5704	False	0.34	4.12
17	11572723	C	T	DNAH9	Missense_Mutation	50	4	54	0.07407407407407407	3	3	0	0.5098	1	0.5098	0.5098	False	0.34	4.12
17	11603084	G	T	DNAH9	Missense_Mutation	31	17	48	0.3541666666666667	3	3	0	2.4375	2	1.2188	1.0	True	0.34	4.12
17	15231318	T	A	TEKT3	Missense_Mutation	42	31	73	0.4246575342465753	3	3	0	2.9226	3	0.9742	0.9742	True	0.34	4.12
17	17697997	C	G	RAI1	Missense_Mutation	103	7	110	0.06363636363636363	3	3	0	0.438	1	0.438	0.438	False	0.34	4.12
17	18390985	G	T	LGALS9C	Missense_Mutation	32	5	37	0.13513513513513514	2	1	1	0.7949	1	0.7949	0.7949	False	0.34	4.12
17	19186861	G	T	EPN2	Missense_Mutation	36	19	55	0.34545454545454546	2	3	0	2.0321	2	1.016	1.0	True	0.34	4.12
17	21730782	C	A	UBBP4	Silent	18	8	26	0.3076923076923077	5	2	2	2.733	2	1.3665	1.0	True	0.34	4.12
17	26657479	T	C	IFT20	Missense_Mutation	105	6	111	0.05405405405405406	5	2	2	0.4801	1	0.4801	0.4801	False	0.34	4.12
17	26857768	A	G	FOXN1	Missense_Mutation	72	17	89	0.19101123595505617	5	2	2	1.6966	2	0.8483	0.8483	False	0.34	4.12
17	27401207	G	A	TIAF1	Missense_Mutation	45	4	49	0.08163265306122448	5	2	2	0.7251	1	0.7251	0.7251	False	0.34	4.12
17	30376182	G	C	LRRC37B	Silent	129	12	141	0.0851063829787234	5	2	2	0.7559	1	0.7559	0.7559	False	0.34	4.12
17	30377081	G	T	LRRC37B	Silent	61	12	73	0.1643835616438356	5	2	2	1.4601	1	1.4601	1.0	True	0.34	4.12
17	31618904	G	T	ASIC2	Missense_Mutation	19	12	31	0.3870967741935484	5	2	2	3.4383	2	1.7192	1.0	True	0.34	4.12
17	32954002	G	T	TMEM132E	Silent	84	8	92	0.08695652173913043	5	2	2	0.7724	1	0.7724	0.7724	False	0.34	4.12
17	32955579	C	A	TMEM132E	Intron	15	11	26	0.4230769230769231	5	2	2	3.7579	2	1.879	1.0	True	0.34	4.12
17	33585968	G	T	SLFN5	Missense_Mutation	136	41	177	0.23163841807909605	5	2	2	2.0575	2	1.0287	1.0	True	0.34	4.12
17	34072740	C	A	GAS2L2	Missense_Mutation	100	42	142	0.29577464788732394	5	2	2	2.6272	2	1.3136	1.0	True	0.34	4.12
17	34077163	G	T	GAS2L2	Missense_Mutation	81	10	91	0.10989010989010989	5	2	2	0.9761	1	0.9761	0.9761	True	0.34	4.12
17	34261663	G	T	LYZL6	3'UTR	11	4	15	0.26666666666666666	5	2	2	2.3686	2	1.1843	1.0	True	0.34	4.12
17	34956174	C	G	DHRS11	Silent	59	13	72	0.18055555555555555	4	2	2	1.4232	1	1.4232	1.0	True	0.34	4.12
17	35300370	C	A	LHX1	Missense_Mutation	16	5	21	0.23809523809523808	4	2	2	1.8768	2	0.9384	0.9384	True	0.34	4.12
17	35913973	C	G	SYNRG	Missense_Mutation	212	23	235	0.09787234042553192	4	2	2	0.7715	1	0.7715	0.7715	False	0.34	4.12
17	37331623	C	T	CACNB1	Silent	244	15	259	0.05791505791505792	4	2	2	0.4565	1	0.4565	0.4565	False	0.34	4.12
17	39139320	C	A	KRT40	Missense_Mutation	103	40	143	0.27972027972027974	4	2	2	2.2049	2	1.1024	1.0	True	0.34	4.12
17	39406071	C	T	KRTAP9-4	Silent	124	9	133	0.06766917293233082	4	2	2	0.5334	1	0.5334	0.5334	False	0.34	4.12
17	39522854	C	A	KRT33B	Silent	67	23	90	0.25555555555555554	4	2	2	2.0144	2	1.0072	1.0	True	0.34	4.12
17	39578641	C	A	KRT37	Nonsense_Mutation	155	60	215	0.27906976744186046	4	2	2	2.1997	2	1.0999	1.0	True	0.34	4.12
17	39680734	G	A	KRT19	Missense_Mutation	139	13	152	0.08552631578947369	4	2	2	0.6741	1	0.6741	0.6741	False	0.34	4.12
17	40344282	G	C	GHDC	Missense_Mutation	192	15	207	0.07246376811594203	4	2	2	0.5712	1	0.5712	0.5712	False	0.34	4.12
17	40376833	C	T	STAT5B	Silent	58	7	65	0.1076923076923077	4	2	2	0.8489	1	0.8489	0.8489	False	0.34	4.12
17	41020375	T	C	AOC4P	RNA	19	6	25	0.24	4	2	2	1.8918	2	0.9459	0.9459	True	0.34	4.12
17	41573548	G	T	DHX8	Splice_Site	43	11	54	0.2037037037037037	4	2	2	1.6057	2	0.8028	0.8028	False	0.34	4.12
17	42477414	C	G	GPATCH8	Missense_Mutation	151	25	176	0.14204545454545456	4	2	2	1.1197	1	1.1197	1.0	True	0.34	4.12
17	42850448	G	A	ADAM11	Missense_Mutation	39	14	53	0.2641509433962264	4	2	2	2.0821	2	1.0411	1.0	True	0.34	4.12
17	44051795	G	T	MAPT	Missense_Mutation	14	3	17	0.17647058823529413	4	2	2	1.391	1	1.391	1.0	True	0.34	4.12
17	46669527	G	T	HOXB5	3'UTR	42	11	53	0.20754716981132076	4	2	2	1.636	2	0.818	0.818	False	0.34	4.12
17	47486768	G	A	PHB	Silent	85	5	90	0.05555555555555555	4	2	2	0.4379	1	0.4379	0.4379	False	0.34	4.12
17	49098707	C	A	SPAG9	Missense_Mutation	112	11	123	0.08943089430894309	4	2	2	0.7049	1	0.7049	0.7049	False	0.34	4.12
17	51901071	G	A	KIF2B	Missense_Mutation	49	17	66	0.25757575757575757	4	2	2	2.0303	2	1.0152	1.0	True	0.34	4.12
17	55193573	G	T	AKAP1	Missense_Mutation	88	28	116	0.2413793103448276	4	2	2	1.9026	2	0.9513	0.9513	True	0.34	4.12
17	56332323	C	A	LPO	Silent	70	22	92	0.2391304347826087	4	2	2	1.8849	2	0.9425	0.9425	True	0.34	4.12
17	56358093	G	A	MPO	Silent	44	5	49	0.10204081632653061	4	2	2	0.8043	1	0.8043	0.8043	False	0.34	4.12
17	57288644	G	T	SMG8	Missense_Mutation	72	22	94	0.23404255319148937	4	2	2	1.8448	2	0.9224	0.9224	True	0.34	4.12
17	57682541	C	G	DHX40	Nonsense_Mutation	50	5	55	0.09090909090909091	4	2	2	0.7166	1	0.7166	0.7166	False	0.34	4.12
17	60526014	G	A	METTL2A	Missense_Mutation	168	9	177	0.05084745762711865	4	2	2	0.4008	1	0.4008	0.4008	False	0.34	4.12
17	60679466	C	T	TLK2	Missense_Mutation	59	5	64	0.078125	4	2	2	0.6158	1	0.6158	0.6158	False	0.34	4.12
17	61905501	G	A	PSMC5	Missense_Mutation	32	6	38	0.15789473684210525	4	2	2	1.2446	1	1.2446	1.0	True	0.34	4.12
17	61949761	C	A	CSH2	Intron	97	43	140	0.30714285714285716	4	2	2	2.421	2	1.2105	1.0	True	0.34	4.12
17	61972388	G	A	CSH1	Silent	95	24	119	0.20168067226890757	4	2	2	1.5897	2	0.7949	0.7949	False	0.34	4.12
17	61988157	T	A	CSHL1	Silent	166	20	186	0.10752688172043011	4	2	2	0.8476	1	0.8476	0.8476	False	0.34	4.12
17	61988161	C	A	CSHL1	Missense_Mutation	162	22	184	0.11956521739130435	4	2	2	0.9425	1	0.9425	0.9425	True	0.34	4.12
17	61988403	G	C	CSHL1	Intron	28	3	31	0.0967741935483871	4	2	2	0.7628	1	0.7628	0.7628	False	0.34	4.12
17	65909151	G	A	BPTF	Silent	103	7	110	0.06363636363636363	4	2	2	0.5016	1	0.5016	0.5016	False	0.34	4.12
17	65989128	A	T	C17orf58	Intron	55	27	82	0.32926829268292684	4	2	2	2.5954	2	1.2977	1.0	True	0.34	4.12
17	66339807	G	T	ARSG	Missense_Mutation	52	12	64	0.1875	4	2	2	1.4779	1	1.4779	1.0	True	0.34	4.12
17	66887654	G	A	ABCA8	Silent	46	5	51	0.09803921568627451	4	2	2	0.7728	1	0.7728	0.7728	False	0.34	4.12
17	66887655	G	T	ABCA8	Missense_Mutation	46	5	51	0.09803921568627451	4	2	2	0.7728	1	0.7728	0.7728	False	0.34	4.12
17	67031800	C	G	ABCA9	Splice_Site	54	7	61	0.11475409836065574	4	2	2	0.9045	1	0.9045	0.9045	True	0.34	4.12
17	70119947	G	T	SOX9	Missense_Mutation	39	10	49	0.20408163265306123	4	2	2	1.6086	2	0.8043	0.8043	False	0.34	4.12
17	72851107	G	T	GRIN2C	Missense_Mutation	28	9	37	0.24324324324324326	4	2	2	1.9173	2	0.9587	0.9587	True	0.34	4.12
17	74625198	G	A	ST6GALNAC1	Missense_Mutation	64	17	81	0.20987654320987653	4	2	2	1.6543	2	0.8272	0.8272	False	0.34	4.12
17	75471617	G	T	SEPT9	Intron	31	8	39	0.20512820512820512	4	2	2	1.6169	2	0.8084	0.8084	False	0.34	4.12
17	77081773	G	C	ENGASE	Missense_Mutation	34	7	41	0.17073170731707318	4	2	2	1.3458	1	1.3458	1.0	True	0.34	4.12
17	78112900	G	A	EIF4A3	Silent	63	5	68	0.07352941176470588	4	2	2	0.5796	1	0.5796	0.5796	False	0.34	4.12
17	78727894	G	A	RPTOR	Missense_Mutation	183	45	228	0.19736842105263158	4	2	2	1.5557	2	0.7779	0.7779	False	0.34	4.12
17	79095610	G	T	AATK	Missense_Mutation	5	3	8	0.375	4	2	2	2.9559	2	1.4779	1.0	True	0.34	4.12
17	79495633	G	C	FSCN2	Missense_Mutation	15	5	20	0.25	4	2	2	1.9706	2	0.9853	0.9853	True	0.34	4.12
17	79817162	C	G	P4HB	Missense_Mutation	139	11	150	0.07333333333333333	4	2	2	0.578	1	0.578	0.578	False	0.34	4.12
17	79975206	C	A	ASPSCR1	3'UTR	43	4	47	0.0851063829787234	4	2	2	0.6708	1	0.6708	0.6708	False	0.34	4.12
17	80195567	C	T	SLC16A3	Silent	78	13	91	0.14285714285714285	4	2	2	1.1261	1	1.1261	1.0	True	0.34	4.12
18	331763	T	C	COLEC12	Silent	50	11	61	0.18032786885245902	7	4	4	1.9624	2	0.9812	0.9812	True	0.34	4.12
18	2885091	C	A	EMILIN2	Silent	95	32	127	0.25196850393700787	7	4	4	2.742	3	0.914	0.914	True	0.34	4.12
18	5291625	C	G	ZBTB14	Silent	198	95	293	0.3242320819112628	7	4	4	3.5284	4	0.8821	0.8821	True	0.34	4.12
18	6859896	G	T	ARHGAP28	Silent	118	54	172	0.313953488372093	7	4	4	3.4166	3	1.1389	1.0	True	0.34	4.12
18	6942086	C	A	LAMA1	Nonsense_Mutation	134	46	180	0.25555555555555554	7	4	4	2.781	3	0.927	0.927	True	0.34	4.12
18	7080339	G	T	LAMA1	Missense_Mutation	104	29	133	0.21804511278195488	7	4	4	2.3728	2	1.1864	1.0	True	0.34	4.12
18	14184184	C	T	ANKRD20A5P	Intron	57	26	83	0.3132530120481928	7	4	4	3.4089	3	1.1363	1.0	True	0.34	4.12
18	14763736	C	G	ANKRD30B	Missense_Mutation	27	16	43	0.37209302325581395	7	4	4	4.0492	4	1.0123	1.0	True	0.34	4.12
18	15316741	C	T	RNU6-721P	3'Flank	21	3	24	0.125	2	1	1	0.7353	1	0.7353	0.7353	False	0.34	4.12
18	19444611	G	T	MIB1	Missense_Mutation	59	30	89	0.33707865168539325	4	3	1	2.657	3	0.8857	0.8857	True	0.34	4.12
18	19997177	C	T	CTAGE1	Missense_Mutation	99	10	109	0.09174311926605505	4	3	1	0.7232	1	0.7232	0.7232	False	0.34	4.12
18	21422450	C	T	LAMA3	Missense_Mutation	101	7	108	0.06481481481481481	4	3	1	0.5109	1	0.5109	0.5109	False	0.34	4.12
18	22804948	T	G	ZNF521	Missense_Mutation	91	10	101	0.09900990099009901	4	3	1	0.7804	1	0.7804	0.7804	False	0.34	4.12
18	28918414	G	C	DSG1	Missense_Mutation	34	5	39	0.1282051282051282	1	1	0	0.6259	1	0.6259	0.6259	False	0.34	4.12
18	29340020	G	C	SLC25A52	Missense_Mutation	77	8	85	0.09411764705882353	1	1	0	0.4595	1	0.4595	0.4595	False	0.34	4.12
18	31319214	G	C	ASXL3	Missense_Mutation	15	5	20	0.25	1	1	0	1.2206	1	1.2206	1.0	True	0.34	4.12
18	34833896	C	A	CELF4	Missense_Mutation	38	8	46	0.17391304347826086	1	1	0	0.8491	1	0.8491	0.8491	False	0.34	4.12
18	40851687	G	T	SYT4	Silent	57	10	67	0.14925373134328357	2	2	0	0.878	1	0.878	0.878	True	0.34	4.12
18	48450486	G	C	ME2	Missense_Mutation	67	10	77	0.12987012987012986	2	2	0	0.7639	1	0.7639	0.7639	False	0.34	4.12
18	61306546	C	A	SERPINB4	Missense_Mutation	37	20	57	0.3508771929824561	2	2	0	2.064	2	1.032	1.0	True	0.34	4.12
18	61582864	C	A	SERPINB10	Silent	39	13	52	0.25	2	2	0	1.4706	1	1.4706	1.0	True	0.34	4.12
18	63530153	G	T	CDH7	Missense_Mutation	15	6	21	0.2857142857142857	2	2	0	1.6807	2	0.8403	0.8403	False	0.34	4.12
18	70417453	G	A	NETO1	Missense_Mutation	23	10	33	0.30303030303030304	2	2	0	1.7825	2	0.8913	0.8913	True	0.34	4.12
18	74620367	C	G	ZNF236	Missense_Mutation	117	7	124	0.056451612903225805	2	2	0	0.3321	1	0.3321	0.3321	False	0.34	4.12
18	77703445	T	A	PQLC1	Missense_Mutation	80	23	103	0.22330097087378642	2	2	0	1.3135	1	1.3135	1.0	True	0.34	4.12
19	629550	C	G	POLRMT	Missense_Mutation	139	36	175	0.2057142857142857	3	1	1	1.4158	1	1.4158	1.0	True	0.34	4.12
19	1272339	G	T	CIRBP	Intron	42	11	53	0.20754716981132076	3	1	1	1.4284	1	1.4284	1.0	True	0.34	4.12
19	1820268	C	T	REXO1	Missense_Mutation	83	19	102	0.18627450980392157	3	1	1	1.282	1	1.282	1.0	True	0.34	4.12
19	3452590	C	T	NFIC	Missense_Mutation	196	22	218	0.10091743119266056	3	1	1	0.6945	1	0.6945	0.6945	False	0.34	4.12
19	3822106	C	T	ZFR2	Silent	11	3	14	0.21428571428571427	3	1	1	1.4748	1	1.4748	1.0	True	0.34	4.12
19	4861347	T	A	PLIN3	Silent	104	16	120	0.13333333333333333	3	1	1	0.9176	1	0.9176	0.9176	True	0.34	4.12
19	5832021	C	A	FUT6	Silent	55	9	64	0.140625	3	1	1	0.9678	1	0.9678	0.9678	True	0.34	4.12
19	6928186	C	G	EMR1	Missense_Mutation	128	9	137	0.06569343065693431	3	1	1	0.4521	1	0.4521	0.4521	False	0.34	4.12
19	7150532	G	C	INSR	Nonsense_Mutation	26	5	31	0.16129032258064516	3	1	1	1.1101	1	1.1101	1.0	True	0.34	4.12
19	7830136	G	A	CLEC4M	Missense_Mutation	88	7	95	0.07368421052631578	3	1	1	0.5071	1	0.5071	0.5071	False	0.34	4.12
19	8180431	T	C	FBN3	Missense_Mutation	23	16	39	0.41025641025641024	3	1	1	2.8235	1	2.8235	1.0	True	0.34	4.12
19	8670136	G	T	ADAMTS10	Missense_Mutation	11	4	15	0.26666666666666666	3	1	1	1.8353	1	1.8353	1.0	True	0.34	4.12
19	8976393	G	T	MUC16	Silent	19	10	29	0.3448275862068966	3	1	1	2.3732	1	2.3732	1.0	True	0.34	4.12
19	9072528	G	A	MUC16	Missense_Mutation	94	13	107	0.12149532710280374	3	1	1	0.8362	1	0.8362	0.8362	False	0.34	4.12
19	9073207	A	T	MUC16	Missense_Mutation	101	40	141	0.28368794326241137	3	1	1	1.9524	1	1.9524	1.0	True	0.34	4.12
19	9074639	G	T	MUC16	Silent	56	17	73	0.2328767123287671	3	1	1	1.6027	1	1.6027	1.0	True	0.34	4.12
19	9084072	G	T	MUC16	Silent	63	34	97	0.35051546391752575	3	1	1	2.4124	1	2.4124	1.0	True	0.34	4.12
19	9213203	G	T	OR7G2	Silent	79	18	97	0.18556701030927836	3	1	1	1.2771	1	1.2771	1.0	True	0.34	4.12
19	9676986	G	A	ZNF121	Missense_Mutation	107	7	114	0.06140350877192982	3	1	1	0.4226	1	0.4226	0.4226	False	0.34	4.12
19	10169670	A	C	C3P1	RNA	89	15	104	0.14423076923076922	3	1	1	0.9926	1	0.9926	0.9926	True	0.34	4.12
19	10946725	T	A	TMED1	Missense_Mutation	7	4	11	0.36363636363636365	3	1	1	2.5027	1	2.5027	1.0	True	0.34	4.12
19	11411786	C	G	TSPAN16	Intron	18	4	22	0.18181818181818182	3	1	1	1.2513	1	1.2513	1.0	True	0.34	4.12
19	12186396	C	T	ZNF844	Missense_Mutation	58	7	65	0.1076923076923077	3	1	1	0.7412	1	0.7412	0.7412	False	0.34	4.12
19	12298901	C	T	ZNF136	3'UTR	18	8	26	0.3076923076923077	3	1	1	2.1176	1	2.1176	1.0	True	0.34	4.12
19	12874185	G	A	HOOK2	Silent	64	38	102	0.37254901960784315	3	1	1	2.564	1	2.564	1.0	True	0.34	4.12
19	12874186	G	A	HOOK2	Silent	63	39	102	0.38235294117647056	3	1	1	2.6315	1	2.6315	1.0	True	0.34	4.12
19	13186466	G	T	NFIX	Missense_Mutation	21	10	31	0.3225806451612903	3	1	1	2.2201	1	2.2201	1.0	True	0.34	4.12
19	14000997	T	A	C19orf57	Silent	93	5	98	0.05102040816326531	3	1	1	0.3511	1	0.3511	0.3511	False	0.34	4.12
19	14031678	G	A	CC2D1A	Silent	86	6	92	0.06521739130434782	3	1	1	0.4488	1	0.4488	0.4488	False	0.34	4.12
19	14208578	G	C	PRKACA	Missense_Mutation	82	11	93	0.11827956989247312	5	4	1	1.0506	1	1.0506	1.0	True	0.34	4.12
19	17337905	G	C	OCEL1	Missense_Mutation	169	11	180	0.06111111111111111	5	4	1	0.5428	1	0.5428	0.5428	False	0.34	4.12
19	17533169	G	T	MVB12A	Missense_Mutation	56	40	96	0.4166666666666667	5	4	1	3.701	4	0.9252	0.9252	True	0.34	4.12
19	17615394	C	A	SLC27A1	Silent	81	5	86	0.05813953488372093	5	4	1	0.5164	1	0.5164	0.5164	False	0.34	4.12
19	17837988	G	T	MAP1S	Missense_Mutation	5	7	12	0.5833333333333334	5	4	1	5.1814	4	1.2953	1.0	True	0.34	4.12
19	19906313	C	G	ZNF506	Missense_Mutation	89	5	94	0.05319148936170213	5	4	1	0.4725	1	0.4725	0.4725	False	0.34	4.12
19	21606007	C	G	ZNF493	Missense_Mutation	120	11	131	0.08396946564885496	5	4	1	0.7458	1	0.7458	0.7458	False	0.34	4.12
19	22157531	C	A	ZNF208	Missense_Mutation	55	35	90	0.3888888888888889	5	4	1	3.4542	3	1.1514	1.0	True	0.34	4.12
19	22255610	G	C	ZNF257	Splice_Site	62	36	98	0.3673469387755102	5	4	1	3.2629	3	1.0876	1.0	True	0.34	4.12
19	22575664	A	G	ZNF98	Missense_Mutation	24	7	31	0.22580645161290322	5	4	1	2.0057	2	1.0028	1.0	True	0.34	4.12
19	22836767	G	T	ZNF492	Missense_Mutation	103	41	144	0.2847222222222222	5	4	1	2.529	3	0.843	0.843	False	0.34	4.12
19	22939426	C	A	ZNF99	3'Flank	33	17	50	0.34	5	4	1	3.02	3	1.0067	1.0	True	0.34	4.12
19	24010603	G	T	RPSAP58	Nonsense_Mutation	20	4	24	0.16666666666666666	5	4	1	1.4804	1	1.4804	1.0	True	0.34	4.12
19	30935751	T	A	ZNF536	Missense_Mutation	74	5	79	0.06329113924050633	5	4	1	0.5622	1	0.5622	0.5622	False	0.34	4.12
19	31040349	G	T	ZNF536	Missense_Mutation	38	39	77	0.5064935064935064	5	4	1	4.4989	4	1.1247	1.0	True	0.34	4.12
19	35512753	G	T	GRAMD1A	Missense_Mutation	41	4	45	0.08888888888888889	5	4	1	0.7895	1	0.7895	0.7895	False	0.34	4.12
19	35514224	G	T	GRAMD1A	Missense_Mutation	266	58	324	0.17901234567901234	5	4	1	1.5901	2	0.795	0.795	False	0.34	4.12
19	37676093	C	A	ZNF585B	3'UTR	72	12	84	0.14285714285714285	5	4	1	1.2689	1	1.2689	1.0	True	0.34	4.12
19	38692560	G	T	SIPA1L3	Silent	57	6	63	0.09523809523809523	5	4	1	0.8459	1	0.8459	0.8459	False	0.34	4.12
19	38964151	C	A	RYR1	Missense_Mutation	30	6	36	0.16666666666666666	5	4	1	1.4804	1	1.4804	1.0	True	0.34	4.12
19	38993165	G	T	RYR1	Nonsense_Mutation	15	6	21	0.2857142857142857	5	4	1	2.5378	3	0.8459	0.8459	False	0.34	4.12
19	39109821	C	T	EIF3K	5'UTR	4	8	12	0.6666666666666666	5	4	1	5.9216	4	1.4804	1.0	True	0.34	4.12
19	39328075	C	T	AC104534.3	Missense_Mutation	74	5	79	0.06329113924050633	5	4	1	0.5622	1	0.5622	0.5622	False	0.34	4.12
19	39591685	C	A	PAPL	Missense_Mutation	52	37	89	0.4157303370786517	5	4	1	3.6927	4	0.9232	0.9232	True	0.34	4.12
19	39798581	G	T	LRFN1	Silent	11	4	15	0.26666666666666666	5	4	1	2.3686	2	1.1843	1.0	True	0.34	4.12
19	39899334	G	T	ZFP36	Nonsense_Mutation	43	4	47	0.0851063829787234	5	4	1	0.7559	1	0.7559	0.7559	False	0.34	4.12
19	40222003	G	T	CLC	3'UTR	238	30	268	0.11194029850746269	5	4	1	0.9943	1	0.9943	0.9943	True	0.34	4.12
19	40739787	G	A	AKT2	Missense_Mutation	56	6	62	0.0967741935483871	5	4	1	0.8596	1	0.8596	0.8596	True	0.34	4.12
19	40741976	G	T	AKT2	Missense_Mutation	79	8	87	0.09195402298850575	5	4	1	0.8168	1	0.8168	0.8168	False	0.34	4.12
19	40904367	G	C	PRX	Intron	9	10	19	0.5263157894736842	5	4	1	4.6749	4	1.1687	1.0	True	0.34	4.12
19	41245390	G	T	ITPKC	Missense_Mutation	29	26	55	0.4727272727272727	5	4	1	4.1989	4	1.0497	1.0	True	0.34	4.12
19	43242965	C	A	PSG3	Missense_Mutation	390	272	662	0.4108761329305136	2	1	1	2.4169	1	2.4169	1.0	True	0.34	4.12
19	43243158	C	A	PSG3	Missense_Mutation	212	140	352	0.3977272727272727	2	1	1	2.3396	1	2.3396	1.0	True	0.34	4.12
19	43268158	G	T	PSG8	Missense_Mutation	722	84	806	0.10421836228287841	2	1	1	0.613	1	0.613	0.613	False	0.34	4.12
19	43373066	C	A	PSG1	Missense_Mutation	252	109	361	0.30193905817174516	7	6	1	3.2858	3	1.0953	1.0	True	0.34	4.12
19	43519471	C	A	PSG11	Missense_Mutation	138	94	232	0.4051724137931034	4	3	1	3.1937	3	1.0646	1.0	True	0.34	4.12
19	44160728	C	G	PLAUR	Missense_Mutation	96	6	102	0.058823529411764705	4	3	1	0.4637	1	0.4637	0.4637	False	0.34	4.12
19	44604977	G	T	ZNF224	Silent	165	20	185	0.10810810810810811	4	3	1	0.8521	1	0.8521	0.8521	True	0.34	4.12
19	44661977	A	T	ZNF234	Missense_Mutation	93	40	133	0.3007518796992481	4	3	1	2.3706	2	1.1853	1.0	True	0.34	4.12
19	44933269	G	C	ZNF229	Missense_Mutation	95	5	100	0.05	4	3	1	0.3941	1	0.3941	0.3941	False	0.34	4.12
19	45565454	G	C	CLASRP	Splice_Site	105	11	116	0.09482758620689655	4	3	1	0.7475	1	0.7475	0.7475	False	0.34	4.12
19	45805712	G	T	MARK4	Missense_Mutation	120	62	182	0.34065934065934067	4	3	1	2.6852	3	0.8951	0.8951	True	0.34	4.12
19	46351009	C	A	SYMPK	Splice_Site	39	8	47	0.1702127659574468	4	3	1	1.3417	1	1.3417	1.0	True	0.34	4.12
19	46543594	C	T	IGFL4	Missense_Mutation	61	7	68	0.10294117647058823	4	3	1	0.8114	1	0.8114	0.8114	False	0.34	4.12
19	46733605	C	A	IGFL1	Missense_Mutation	142	20	162	0.12345679012345678	4	3	1	0.9731	1	0.9731	0.9731	True	0.34	4.12
19	47127176	C	T	PTGIR	Missense_Mutation	17	3	20	0.15	4	3	1	1.1824	1	1.1824	1.0	True	0.34	4.12
19	47231989	C	T	STRN4	Missense_Mutation	100	8	108	0.07407407407407407	4	3	1	0.5839	1	0.5839	0.5839	False	0.34	4.12
19	47589724	T	A	ZC3H4	Missense_Mutation	42	38	80	0.475	4	3	1	3.7441	3	1.248	1.0	True	0.34	4.12
19	47941172	C	T	SLC8A2	Missense_Mutation	94	54	148	0.36486486486486486	4	3	1	2.876	3	0.9587	0.9587	True	0.34	4.12
19	48807280	G	C	CCDC114	Missense_Mutation	131	19	150	0.12666666666666668	4	3	1	0.9984	1	0.9984	0.9984	True	0.34	4.12
19	49225213	C	A	RASIP1	Missense_Mutation	64	11	75	0.14666666666666667	4	3	1	1.1561	1	1.1561	1.0	True	0.34	4.12
19	49447759	G	A	DHDH	Missense_Mutation	91	7	98	0.07142857142857142	4	3	1	0.563	1	0.563	0.563	False	0.34	4.12
19	50031870	C	A	RCN3	Missense_Mutation	137	10	147	0.06802721088435375	4	3	1	0.5362	1	0.5362	0.5362	False	0.34	4.12
19	50386136	G	A	TBC1D17	Missense_Mutation	59	9	68	0.1323529411764706	4	3	1	1.0433	1	1.0433	1.0	True	0.34	4.12
19	50863008	G	C	NAPSA	Missense_Mutation	102	10	112	0.08928571428571429	4	3	1	0.7038	1	0.7038	0.7038	False	0.34	4.12
19	50967736	G	A	MYBPC2	Missense_Mutation	16	5	21	0.23809523809523808	4	3	1	1.8768	2	0.9384	0.9384	True	0.34	4.12
19	51021448	C	A	LRRC4B	Missense_Mutation	26	4	30	0.13333333333333333	4	3	1	1.051	1	1.051	1.0	True	0.34	4.12
19	51381679	T	G	KLK2	Missense_Mutation	179	11	190	0.05789473684210526	4	3	1	0.4563	1	0.4563	0.4563	False	0.34	4.12
19	51480877	C	T	KLK7	Missense_Mutation	53	47	100	0.47	4	3	1	3.7047	3	1.2349	1.0	True	0.34	4.12
19	52272705	C	T	FPR2	Missense_Mutation	86	6	92	0.06521739130434782	4	3	1	0.5141	1	0.5141	0.5141	False	0.34	4.12
19	52942208	T	A	ZNF534	Missense_Mutation	14	3	17	0.17647058823529413	4	3	1	1.391	1	1.391	1.0	True	0.34	4.12
19	53015467	G	T	ZNF578	3'Flank	63	8	71	0.11267605633802817	4	3	1	0.8882	1	0.8882	0.8882	True	0.34	4.12
19	53343653	C	A	ZNF468	3'UTR	18	7	25	0.28	4	3	1	2.2071	2	1.1035	1.0	True	0.34	4.12
19	53573327	C	A	ZNF160	Nonsense_Mutation	112	60	172	0.3488372093023256	4	3	1	2.7497	3	0.9166	0.9166	True	0.34	4.12
19	53644971	C	T	ZNF347	Silent	164	7	171	0.04093567251461988	4	3	1	0.3227	1	0.3227	0.3227	False	0.34	4.12
19	54545592	G	A	VSTM1	Silent	34	4	38	0.10526315789473684	4	3	1	0.8297	1	0.8297	0.8297	False	0.34	4.12
19	54621767	G	A	PRPF31	Missense_Mutation	219	11	230	0.04782608695652174	4	3	1	0.377	1	0.377	0.377	False	0.34	4.12
19	55086397	C	A	LILRA2	Silent	138	48	186	0.25806451612903225	4	3	1	2.0342	2	1.0171	1.0	True	0.34	4.12
19	55377999	A	T	KIR3DL2	Missense_Mutation	288	148	436	0.3394495412844037	4	3	1	2.6757	3	0.8919	0.8919	True	0.34	4.12
19	55445024	C	G	NLRP7	Missense_Mutation	91	11	102	0.10784313725490197	4	3	1	0.8501	1	0.8501	0.8501	True	0.34	4.12
19	56133065	C	T	ZNF784	3'UTR	7	6	13	0.46153846153846156	4	3	1	3.638	3	1.2127	1.0	True	0.34	4.12
19	56370573	C	T	NLRP4	Missense_Mutation	83	6	89	0.06741573033707865	5	3	1	0.5988	1	0.5988	0.5988	False	0.34	4.12
19	56424579	C	A	NLRP13	Missense_Mutation	137	15	152	0.09868421052631579	5	3	1	0.8765	1	0.8765	0.8765	True	0.34	4.12
19	56539556	C	G	NLRP5	Missense_Mutation	73	6	79	0.0759493670886076	5	3	1	0.6746	1	0.6746	0.6746	False	0.34	4.12
19	56539786	C	A	NLRP5	Missense_Mutation	172	34	206	0.1650485436893204	5	3	1	1.466	1	1.466	1.0	True	0.34	4.12
19	58213190	T	C	ZNF154	Missense_Mutation	90	20	110	0.18181818181818182	5	3	1	1.615	2	0.8075	0.8075	False	0.34	4.12
19	58806302	A	G	ZNF8	Silent	80	13	93	0.13978494623655913	5	3	1	1.2416	1	1.2416	1.0	True	0.34	4.12
19	59022778	G	A	SLC27A5	Missense_Mutation	14	6	20	0.3	5	3	1	2.6647	3	0.8882	0.8882	True	0.34	4.12
20	2290851	C	G	TGM3	Missense_Mutation	158	17	175	0.09714285714285714	4	3	1	0.7657	1	0.7657	0.7657	False	0.34	4.12
20	2572998	G	T	TMC2	Missense_Mutation	82	38	120	0.31666666666666665	4	3	1	2.4961	2	1.248	1.0	True	0.34	4.12
20	5904165	C	A	CHGB	Missense_Mutation	82	37	119	0.31092436974789917	4	3	1	2.4508	2	1.2254	1.0	True	0.34	4.12
20	5905683	C	T	CHGB	Silent	35	7	42	0.16666666666666666	4	3	1	1.3137	1	1.3137	1.0	True	0.34	4.12
20	9543577	A	G	PAK7	Missense_Mutation	127	20	147	0.1360544217687075	4	3	1	1.0724	1	1.0724	1.0	True	0.34	4.12
20	10630189	C	A	JAG1	Missense_Mutation	27	7	34	0.20588235294117646	4	3	1	1.6228	2	0.8114	0.8114	False	0.34	4.12
20	17475314	T	C	BFSP1	Missense_Mutation	84	17	101	0.16831683168316833	4	3	1	1.3267	1	1.3267	1.0	True	0.34	4.12
20	20180536	C	G	C20orf26	Missense_Mutation	143	9	152	0.05921052631578947	4	3	1	0.4667	1	0.4667	0.4667	False	0.34	4.12
20	20232387	T	C	C20orf26	Missense_Mutation	87	20	107	0.18691588785046728	4	3	1	1.4733	1	1.4733	1.0	True	0.34	4.12
20	20493372	T	A	RALGAPA2	Silent	111	17	128	0.1328125	4	3	1	1.0469	1	1.0469	1.0	True	0.34	4.12
20	21494163	C	A	NKX2-2	Missense_Mutation	25	11	36	0.3055555555555556	4	3	1	2.4085	2	1.2042	1.0	True	0.34	4.12
20	21687487	C	A	PAX1	Missense_Mutation	75	15	90	0.16666666666666666	4	3	1	1.3137	1	1.3137	1.0	True	0.34	4.12
20	23028912	C	A	THBD	Missense_Mutation	83	23	106	0.2169811320754717	4	3	1	1.7103	2	0.8552	0.8552	True	0.34	4.12
20	23804580	G	T	CST2	3'UTR	17	3	20	0.15	4	3	1	1.1824	1	1.1824	1.0	True	0.34	4.12
20	25056989	T	C	VSX1	Missense_Mutation	62	15	77	0.19480519480519481	4	3	1	1.5355	2	0.7678	0.7678	False	0.34	4.12
20	30556528	C	A	XKR7	Missense_Mutation	10	4	14	0.2857142857142857	5	3	2	2.5378	3	0.8459	0.8459	False	0.34	4.12
20	30584664	C	A	XKR7	Missense_Mutation	45	13	58	0.22413793103448276	5	3	2	1.9909	2	0.9954	0.9954	True	0.34	4.12
20	30585221	G	T	XKR7	Silent	49	25	74	0.33783783783783783	5	3	2	3.0008	3	1.0003	1.0	True	0.34	4.12
20	31601730	G	T	BPIFB2	Silent	40	8	48	0.16666666666666666	5	3	2	1.4804	1	1.4804	1.0	True	0.34	4.12
20	32295631	G	A	PXMP4	Missense_Mutation	183	11	194	0.05670103092783505	5	3	2	0.5036	1	0.5036	0.5036	False	0.34	4.12
20	33364108	C	A	NCOA6	Missense_Mutation	80	19	99	0.1919191919191919	5	3	2	1.7047	2	0.8523	0.8523	True	0.34	4.12
20	33969786	C	A	UQCC1	Missense_Mutation	125	65	190	0.34210526315789475	5	3	2	3.0387	3	1.0129	1.0	True	0.34	4.12
20	34302265	C	A	RBM39	Missense_Mutation	55	7	62	0.11290322580645161	5	3	2	1.0028	1	1.0028	1.0	True	0.34	4.12
20	36965639	G	T	BPI	3'UTR	54	22	76	0.2894736842105263	5	3	2	2.5712	3	0.8571	0.8571	True	0.34	4.12
20	37531419	C	T	PPP1R16B	Missense_Mutation	90	9	99	0.09090909090909091	5	3	2	0.8075	1	0.8075	0.8075	False	0.34	4.12
20	37647446	G	T	DHX35	Splice_Site	144	80	224	0.35714285714285715	5	3	2	3.1723	3	1.0574	1.0	True	0.34	4.12
20	39791089	C	T	PLCG1	Intron	66	7	73	0.0958904109589041	5	3	2	0.8517	1	0.8517	0.8517	True	0.34	4.12
20	40045906	C	A	CHD6	Missense_Mutation	103	12	115	0.10434782608695652	5	3	2	0.9269	1	0.9269	0.9269	True	0.34	4.12
20	40743857	G	A	PTPRT	Silent	71	35	106	0.330188679245283	5	3	2	2.9329	3	0.9776	0.9776	True	0.34	4.12
20	40944618	G	C	PTPRT	Silent	79	33	112	0.29464285714285715	5	3	2	2.6171	3	0.8724	0.8724	True	0.34	4.12
20	43029995	G	T	HNF4A	5'UTR	69	11	80	0.1375	5	3	2	1.2213	1	1.2213	1.0	True	0.34	4.12
20	43723422	G	A	KCNS1	3'UTR	58	5	63	0.07936507936507936	5	3	2	0.7049	1	0.7049	0.7049	False	0.34	4.12
20	44477211	G	A	ACOT8	Silent	137	34	171	0.19883040935672514	5	3	2	1.7661	2	0.883	0.883	True	0.34	4.12
20	46264785	C	T	NCOA3	Missense_Mutation	105	8	113	0.07079646017699115	5	3	2	0.6288	1	0.6288	0.6288	False	0.34	4.12
20	46305861	T	C	SULF2	Missense_Mutation	98	13	111	0.11711711711711711	5	3	2	1.0403	1	1.0403	1.0	True	0.34	4.12
20	47587801	C	T	ARFGEF2	Silent	72	41	113	0.36283185840707965	5	3	2	3.2228	3	1.0743	1.0	True	0.34	4.12
20	50139925	G	A	NFATC2	Silent	23	14	37	0.3783783783783784	5	3	2	3.3609	3	1.1203	1.0	True	0.34	4.12
20	55020994	G	A	CASS4	Silent	42	13	55	0.23636363636363636	5	3	2	2.0995	2	1.0497	1.0	True	0.34	4.12
20	55026874	G	T	CASS4	Splice_Site	63	13	76	0.17105263157894737	5	3	2	1.5193	2	0.7597	0.7597	False	0.34	4.12
20	55026919	C	T	CASS4	Silent	66	19	85	0.2235294117647059	5	3	2	1.9855	2	0.9927	0.9927	True	0.34	4.12
20	56093759	G	T	CTCFL	Intron	127	31	158	0.1962025316455696	5	3	2	1.7427	2	0.8714	0.8714	True	0.34	4.12
20	56188268	C	G	ZBP1	Missense_Mutation	114	6	120	0.05	5	3	2	0.4441	1	0.4441	0.4441	False	0.34	4.12
20	57484272	G	T	GNAS	Splice_Site	172	102	274	0.3722627737226277	5	3	2	3.3066	3	1.1022	1.0	True	0.34	4.12
20	57766530	C	T	ZNF831	Silent	147	14	161	0.08695652173913043	5	3	2	0.7724	1	0.7724	0.7724	False	0.34	4.12
20	57766531	T	G	ZNF831	Missense_Mutation	149	14	163	0.08588957055214724	5	3	2	0.7629	1	0.7629	0.7629	False	0.34	4.12
20	57829581	C	A	ZNF831	Missense_Mutation	103	35	138	0.2536231884057971	5	3	2	2.2528	2	1.1264	1.0	True	0.34	4.12
20	58571809	C	T	CDH26	Missense_Mutation	167	32	199	0.16080402010050251	5	3	2	1.4283	1	1.4283	1.0	True	0.34	4.12
20	61525342	C	T	DIDO1	Missense_Mutation	92	6	98	0.061224489795918366	5	3	2	0.5438	1	0.5438	0.5438	False	0.34	4.12
20	61538498	C	A	DIDO1	Splice_Site	140	64	204	0.3137254901960784	5	3	2	2.7866	3	0.9289	0.9289	True	0.34	4.12
20	62331892	C	A	ARFRP1	Intron	39	22	61	0.36065573770491804	5	3	2	3.2035	3	1.0678	1.0	True	0.34	4.12
21	11020853	T	A	BAGE2	RNA	188	57	245	0.23265306122448978	2	1	1	1.3685	1	1.3685	1.0	True	0.34	4.12
21	11039210	G	A	BAGE2	RNA	225	14	239	0.058577405857740586	2	1	1	0.3446	1	0.3446	0.3446	False	0.34	4.12
21	15746219	G	A	HSPA13	Nonsense_Mutation	160	8	168	0.047619047619047616	4	3	0	0.3754	1	0.3754	0.3754	False	0.34	4.12
21	27284128	C	G	APP	Missense_Mutation	56	8	64	0.125	3	3	0	0.8603	1	0.8603	0.8603	True	0.34	4.12
21	30357072	C	T	LTN1	Missense_Mutation	43	38	81	0.4691358024691358	3	3	0	3.2288	3	1.0763	1.0	True	0.34	4.12
21	30547129	G	T	MAP3K7CL	Silent	34	27	61	0.4426229508196721	3	3	0	3.0463	3	1.0154	1.0	True	0.34	4.12
21	31023563	T	G	GRIK1	Missense_Mutation	32	14	46	0.30434782608695654	3	3	0	2.0946	2	1.0473	1.0	True	0.34	4.12
21	32598101	C	A	TIAM1	Missense_Mutation	77	42	119	0.35294117647058826	3	3	0	2.4291	2	1.2145	1.0	True	0.34	4.12
21	34633010	G	C	IFNAR2	Missense_Mutation	87	5	92	0.05434782608695652	3	3	0	0.374	1	0.374	0.374	False	0.34	4.12
21	37785246	G	C	CHAF1B	Missense_Mutation	58	6	64	0.09375	3	3	0	0.6452	1	0.6452	0.6452	False	0.34	4.12
22	19776300	C	T	GNB1L	Missense_Mutation	45	5	50	0.1	4	3	1	0.7882	1	0.7882	0.7882	False	0.34	4.12
22	22730725	G	T	IGLV5-45	Missense_Mutation	96	10	106	0.09433962264150944	4	3	1	0.7436	1	0.7436	0.7436	False	0.34	4.12
22	23011178	T	G	IGLV3-27	Missense_Mutation	63	4	67	0.05970149253731343	4	3	1	0.4706	1	0.4706	0.4706	False	0.34	4.12
22	23165295	G	C	IGLV2-8	5'UTR	11	6	17	0.35294117647058826	4	3	1	2.782	3	0.9273	0.9273	True	0.34	4.12
22	26343750	G	A	MYO18B	Missense_Mutation	35	16	51	0.3137254901960784	4	3	1	2.4729	2	1.2364	1.0	True	0.34	4.12
22	28193887	C	A	MN1	Missense_Mutation	39	5	44	0.11363636363636363	4	3	1	0.8957	1	0.8957	0.8957	True	0.34	4.12
22	30067927	A	T	NF2	Missense_Mutation	50	25	75	0.3333333333333333	4	3	1	2.6275	3	0.8758	0.8758	True	0.34	4.12
22	30951977	C	A	GAL3ST1	Missense_Mutation	71	12	83	0.14457831325301204	4	3	1	1.1396	1	1.1396	1.0	True	0.34	4.12
22	31487245	G	A	SMTN	Silent	23	3	26	0.11538461538461539	4	3	1	0.9095	1	0.9095	0.9095	True	0.34	4.12
22	31487345	G	T	SMTN	Missense_Mutation	12	9	21	0.42857142857142855	4	3	1	3.3782	3	1.1261	1.0	True	0.34	4.12
22	32044214	C	G	PISD	Missense_Mutation	16	7	23	0.30434782608695654	4	3	1	2.399	2	1.1995	1.0	True	0.34	4.12
22	32179912	C	T	DEPDC5	Missense_Mutation	264	11	275	0.04	4	3	1	0.3153	1	0.3153	0.3153	False	0.34	4.12
22	34157501	T	C	LARGE	5'UTR	36	16	52	0.3076923076923077	4	3	1	2.4253	2	1.2127	1.0	True	0.34	4.12
22	35729396	G	T	TOM1	Splice_Site	31	15	46	0.32608695652173914	4	3	1	2.5703	3	0.8568	0.8568	True	0.34	4.12
22	36122426	C	A	APOL5	Nonsense_Mutation	71	10	81	0.12345679012345678	4	3	1	0.9731	1	0.9731	0.9731	True	0.34	4.12
22	37602995	C	A	SSTR3	Missense_Mutation	81	14	95	0.14736842105263157	4	3	1	1.1616	1	1.1616	1.0	True	0.34	4.12
22	38016323	G	A	GGA1	Missense_Mutation	147	10	157	0.06369426751592357	4	3	1	0.5021	1	0.5021	0.5021	False	0.34	4.12
22	39884592	T	G	MGAT3	Missense_Mutation	43	5	48	0.10416666666666667	4	3	1	0.8211	1	0.8211	0.8211	False	0.34	4.12
22	40669592	G	T	TNRC6B	Missense_Mutation	7	5	12	0.4166666666666667	4	3	1	3.2843	3	1.0948	1.0	True	0.34	4.12
22	43614456	C	T	SCUBE1	Missense_Mutation	86	5	91	0.054945054945054944	4	3	1	0.4331	1	0.4331	0.4331	False	0.34	4.12
22	46657913	C	A	PKDREJ	Missense_Mutation	113	7	120	0.058333333333333334	4	3	1	0.4598	1	0.4598	0.4598	False	0.34	4.12
X	1413304	C	T	CSF2RA	Nonsense_Mutation	123	75	198	0.3787878787878788	2	1	1	2.2282	1	2.2282	1.0	True	0.34	4.12
X	1501551	C	T	IL3RA	3'UTR	8	7	15	0.4666666666666667	2	1	1	2.7451	1	2.7451	1.0	True	0.34	4.12
X	3241049	C	T	MXRA5	Missense_Mutation	66	8	74	0.10810810810810811	2	1	1	0.6359	1	0.6359	0.6359	False	0.34	4.12
X	7811598	G	A	VCX	Silent	21	5	26	0.19230769230769232	2	1	1	1.1312	1	1.1312	1.0	True	0.34	4.12
X	9900701	C	T	SHROOM2	Silent	23	6	29	0.20689655172413793	2	1	1	1.217	1	1.217	1.0	True	0.34	4.12
X	11174649	G	T	ARHGAP6	Nonsense_Mutation	8	7	15	0.4666666666666667	2	1	1	2.7451	1	2.7451	1.0	True	0.34	4.12
X	11204421	A	T	ARHGAP6	Missense_Mutation	55	50	105	0.47619047619047616	2	1	1	2.8011	1	2.8011	1.0	True	0.34	4.12
X	12734828	C	A	FRMPD4	Missense_Mutation	45	40	85	0.47058823529411764	2	1	1	2.7682	1	2.7682	1.0	True	0.34	4.12
X	14592454	G	T	GLRA2	Splice_Site	24	15	39	0.38461538461538464	2	1	1	2.2624	1	2.2624	1.0	True	0.34	4.12
X	14625351	G	A	GLRA2	Missense_Mutation	42	14	56	0.25	2	1	1	1.4706	1	1.4706	1.0	True	0.34	4.12
X	18189171	A	T	BEND2	Missense_Mutation	77	11	88	0.125	2	1	1	0.7353	1	0.7353	0.7353	False	0.34	4.12
X	19025389	G	T	GPR64	Missense_Mutation	31	22	53	0.41509433962264153	2	1	1	2.4417	1	2.4417	1.0	True	0.34	4.12
X	19555848	C	A	SH3KBP1	Missense_Mutation	32	27	59	0.4576271186440678	2	1	1	2.6919	1	2.6919	1.0	True	0.34	4.12
X	31496435	C	A	DMD	Nonsense_Mutation	38	5	43	0.11627906976744186	2	1	1	0.684	1	0.684	0.684	False	0.34	4.12
X	32841472	G	A	DMD	Silent	44	10	54	0.18518518518518517	2	1	1	1.0893	1	1.0893	1.0	True	0.34	4.12
X	32841504	C	A	DMD	Missense_Mutation	35	8	43	0.18604651162790697	2	1	1	1.0944	1	1.0944	1.0	True	0.34	4.12
X	34149102	G	A	FAM47A	Silent	20	18	38	0.47368421052631576	2	1	1	2.7864	1	2.7864	1.0	True	0.34	4.12
X	34961124	G	T	FAM47B	Missense_Mutation	25	20	45	0.4444444444444444	2	1	1	2.6144	1	2.6144	1.0	True	0.34	4.12
X	34962665	G	A	FAM47B	Missense_Mutation	99	18	117	0.15384615384615385	2	1	1	0.905	1	0.905	0.905	True	0.34	4.12
X	34962886	G	A	FAM47B	Silent	55	26	81	0.32098765432098764	2	1	1	1.8882	1	1.8882	1.0	True	0.34	4.12
X	37642838	C	T	CYBB	Silent	12	4	16	0.25	2	1	1	1.4706	1	1.4706	1.0	True	0.34	4.12
X	39933592	G	T	BCOR	Nonsense_Mutation	10	3	13	0.23076923076923078	2	1	1	1.3575	1	1.3575	1.0	True	0.34	4.12
X	41091776	G	A	USP9X	Silent	32	3	35	0.08571428571428572	2	1	1	0.5042	1	0.5042	0.5042	False	0.34	4.12
X	44929405	G	A	KDM6A	Silent	20	6	26	0.23076923076923078	2	1	1	1.3575	1	1.3575	1.0	True	0.34	4.12
X	47101481	G	T	USP11	Nonsense_Mutation	6	3	9	0.3333333333333333	2	1	1	1.9608	1	1.9608	1.0	True	0.34	4.12
X	48629412	C	A	GLOD5	Missense_Mutation	4	6	10	0.6	2	1	1	3.5294	1	3.5294	1.0	True	0.34	4.12
X	48631913	A	T	GLOD5	3'UTR	13	3	16	0.1875	2	1	1	1.1029	1	1.1029	1.0	True	0.34	4.12
X	49063317	C	A	CACNA1F	Splice_Site	9	8	17	0.47058823529411764	2	1	1	2.7682	1	2.7682	1.0	True	0.34	4.12
X	49965625	C	A	AKAP4	5'UTR	27	5	32	0.15625	2	1	1	0.9191	1	0.9191	0.9191	True	0.34	4.12
X	50118032	C	T	DGKK	RNA	11	10	21	0.47619047619047616	2	1	1	2.8011	1	2.8011	1.0	True	0.34	4.12
X	53641508	C	G	HUWE1	Missense_Mutation	48	13	61	0.21311475409836064	2	1	1	1.2536	1	1.2536	1.0	True	0.34	4.12
X	54028636	C	G	PHF8	Missense_Mutation	23	4	27	0.14814814814814814	2	1	1	0.8715	1	0.8715	0.8715	True	0.34	4.12
X	55052419	G	T	ALAS2	Silent	10	6	16	0.375	2	1	1	2.2059	1	2.2059	1.0	True	0.34	4.12
X	66931264	G	T	AR	Missense_Mutation	9	3	12	0.25	2	1	1	1.4706	1	1.4706	1.0	True	0.34	4.12
X	70598299	T	A	TAF1	Missense_Mutation	38	6	44	0.13636363636363635	2	1	1	0.8021	1	0.8021	0.8021	False	0.34	4.12
X	73749081	A	G	SLC16A2	Missense_Mutation	11	21	32	0.65625	2	1	1	3.8603	1	3.8603	1.0	True	0.34	4.12
X	74742845	C	A	ZDHHC15	Missense_Mutation	32	3	35	0.08571428571428572	2	1	1	0.5042	1	0.5042	0.5042	False	0.34	4.12
X	77245369	G	T	ATP7A	Silent	43	28	71	0.39436619718309857	2	1	1	2.3198	1	2.3198	1.0	True	0.34	4.12
X	78010784	A	T	LPAR4	Missense_Mutation	37	28	65	0.4307692307692308	2	1	1	2.5339	1	2.5339	1.0	True	0.34	4.12
X	84559354	A	G	POF1B	Missense_Mutation	39	15	54	0.2777777777777778	2	1	1	1.634	1	1.634	1.0	True	0.34	4.12
X	85994858	C	G	DACH2	Missense_Mutation	8	3	11	0.2727272727272727	2	1	1	1.6043	1	1.6043	1.0	True	0.34	4.12
X	91132951	C	A	PCDH11X	Missense_Mutation	38	26	64	0.40625	2	1	1	2.3897	1	2.3897	1.0	True	0.34	4.12
X	91133214	G	A	PCDH11X	Missense_Mutation	66	30	96	0.3125	2	1	1	1.8382	1	1.8382	1.0	True	0.34	4.12
X	91642909	A	T	PCDH11X	Missense_Mutation	18	6	24	0.25	2	1	1	1.4706	1	1.4706	1.0	True	0.34	4.12
X	92927879	G	C	NAP1L3	Missense_Mutation	34	5	39	0.1282051282051282	2	1	1	0.7541	1	0.7541	0.7541	False	0.34	4.12
X	92927990	C	G	NAP1L3	Missense_Mutation	25	4	29	0.13793103448275862	2	1	1	0.8114	1	0.8114	0.8114	False	0.34	4.12
X	92965225	C	A	FAM133A	3'UTR	37	5	42	0.11904761904761904	2	1	1	0.7003	1	0.7003	0.7003	False	0.34	4.12
X	100276298	C	G	TRMT2B	Missense_Mutation	34	5	39	0.1282051282051282	2	1	1	0.7541	1	0.7541	0.7541	False	0.34	4.12
X	100381766	A	G	CENPI	Silent	125	72	197	0.36548223350253806	2	1	1	2.1499	1	2.1499	1.0	True	0.34	4.12
X	101382207	C	A	TCEAL2	Silent	57	10	67	0.14925373134328357	2	1	1	0.878	1	0.878	0.878	True	0.34	4.12
X	101770089	C	A	TMSB15A	Translation_Start_Site	27	20	47	0.425531914893617	2	1	1	2.5031	1	2.5031	1.0	True	0.34	4.12
X	108619336	G	T	GUCY2F	Missense_Mutation	132	16	148	0.10810810810810811	2	1	1	0.6359	1	0.6359	0.6359	False	0.34	4.12
X	111155608	G	C	TRPC5	Missense_Mutation	61	54	115	0.46956521739130436	2	1	1	2.7621	1	2.7621	1.0	True	0.34	4.12
X	112024005	C	A	AMOT	Intron	8	3	11	0.2727272727272727	2	1	1	1.6043	1	1.6043	1.0	True	0.34	4.12
X	112024006	C	A	AMOT	Intron	8	3	11	0.2727272727272727	2	1	1	1.6043	1	1.6043	1.0	True	0.34	4.12
X	119565035	G	C	LAMP2	Intron	29	6	35	0.17142857142857143	2	1	1	1.0084	1	1.0084	1.0	True	0.34	4.12
X	123514556	C	A	TENM1	Nonsense_Mutation	73	65	138	0.47101449275362317	2	1	1	2.7707	1	2.7707	1.0	True	0.34	4.12
X	129361676	C	T	ZNF280C	Missense_Mutation	30	13	43	0.3023255813953488	2	1	1	1.7784	1	1.7784	1.0	True	0.34	4.12
X	134680696	A	T	DDX26B	Missense_Mutation	51	24	75	0.32	2	1	1	1.8824	1	1.8824	1.0	True	0.34	4.12
X	135404984	G	C	GPR112	Missense_Mutation	25	33	58	0.5689655172413793	2	1	1	3.3469	1	3.3469	1.0	True	0.34	4.12
X	137821454	C	A	FGF13	Intron	12	8	20	0.4	2	1	1	2.3529	1	2.3529	1.0	True	0.34	4.12
X	140336566	C	A	SPANXC	Missense_Mutation	84	18	102	0.17647058823529413	2	1	1	1.0381	1	1.0381	1.0	True	0.34	4.12
X	140985304	G	A	MAGEC3	Intron	58	15	73	0.2054794520547945	2	1	1	1.2087	1	1.2087	1.0	True	0.34	4.12
X	142718375	C	T	SLITRK4	Missense_Mutation	45	28	73	0.3835616438356164	2	1	1	2.2562	1	2.2562	1.0	True	0.34	4.12
X	144904208	G	T	SLITRK2	Missense_Mutation	36	17	53	0.32075471698113206	2	1	1	1.8868	1	1.8868	1.0	True	0.34	4.12
X	148037902	C	A	AFF2	Missense_Mutation	30	34	64	0.53125	2	1	1	3.125	1	3.125	1.0	True	0.34	4.12
X	149100786	C	T	CXorf40B	Silent	87	44	131	0.33587786259541985	2	1	1	1.9758	1	1.9758	1.0	True	0.34	4.12
X	149887136	G	T	MTMR1	Missense_Mutation	13	7	20	0.35	2	1	1	2.0588	1	2.0588	1.0	True	0.34	4.12
X	150773180	G	C	PASD1	Missense_Mutation	13	7	20	0.35	2	1	1	2.0588	1	2.0588	1.0	True	0.34	4.12
X	151896316	G	C	MAGEA12	3'Flank	29	21	50	0.42	2	1	1	2.4706	1	2.4706	1.0	True	0.34	4.12
X	151935697	G	A	MAGEA3	Missense_Mutation	104	16	120	0.13333333333333333	2	1	1	0.7843	1	0.7843	0.7843	False	0.34	4.12
X	152225360	G	T	PNMA3	5'UTR	31	14	45	0.3111111111111111	2	1	1	1.8301	1	1.8301	1.0	True	0.34	4.12
Y	16942334	C	G	NLGN4Y	Missense_Mutation	127	8	135	0.05925925925925926	2	1	1	0.3486	1	0.3486	0.3486	False	0.34	4.12
