chr	pos	ref	alt	gene	classification	t_ref_count	t_alt_count	total_depth	vaf	local_cn	major_cn	minor_cn	mcn	multiplicity	ccf	ccf_capped	is_clonal	purity	ploidy
1	877627	C	A	SAMD11	Silent	12	4	16	0.25	2	1	1	0.9091	1	0.9091	0.9091	True	0.55	3.76
1	1290476	C	T	MXRA8	Missense_Mutation	4	8	12	0.6666666666666666	2	1	1	2.4242	1	2.4242	1.0	True	0.55	3.76
1	1325635	C	T	CCNL2	Silent	107	33	140	0.2357142857142857	2	1	1	0.8571	1	0.8571	0.8571	True	0.55	3.76
1	3701738	C	A	LRRC47	Missense_Mutation	75	44	119	0.3697478991596639	4	3	1	2.084	2	1.042	1.0	True	0.55	3.76
1	6527588	C	G	PLEKHG5	3'UTR	183	33	216	0.1527777777777778	4	3	1	0.8611	1	0.8611	0.8611	True	0.55	3.76
1	7724846	G	A	CAMTA1	Missense_Mutation	111	20	131	0.15267175572519084	4	3	1	0.8605	1	0.8605	0.8605	True	0.55	3.76
1	10197236	G	C	UBE4B	Missense_Mutation	187	33	220	0.15	4	3	1	0.8455	1	0.8455	0.8455	False	0.55	3.76
1	10363875	G	T	KIF1B	Intron	40	11	51	0.21568627450980393	4	3	1	1.2157	1	1.2157	1.0	True	0.55	3.76
1	10713921	C	A	CASZ1	Silent	69	41	110	0.37272727272727274	4	3	1	2.1008	2	1.0504	1.0	True	0.55	3.76
1	11298459	C	A	MTOR	Missense_Mutation	92	47	139	0.3381294964028777	4	3	1	1.9058	2	0.9529	0.9529	True	0.55	3.76
1	11300539	T	G	MTOR	Missense_Mutation	98	46	144	0.3194444444444444	4	3	1	1.8005	2	0.9003	0.9003	True	0.55	3.76
1	12336868	G	A	VPS13D	Missense_Mutation	179	25	204	0.12254901960784313	4	3	1	0.6907	1	0.6907	0.6907	False	0.55	3.76
1	12677211	C	T	DHRS3	Missense_Mutation	83	18	101	0.1782178217821782	4	3	1	1.0045	1	1.0045	1.0	True	0.55	3.76
1	13001282	G	T	PRAMEF6	Missense_Mutation	751	61	812	0.07512315270935961	4	3	1	0.4234	1	0.4234	0.4234	False	0.55	3.76
1	13001283	G	T	PRAMEF6	Missense_Mutation	756	60	816	0.07352941176470588	4	3	1	0.4144	1	0.4144	0.4144	False	0.55	3.76
1	16355221	G	A	CLCNKA	Intron	136	22	158	0.13924050632911392	4	3	1	0.7848	1	0.7848	0.7848	False	0.55	3.76
1	16902836	T	A	NBPF1	Missense_Mutation	1557	37	1594	0.023212045169385194	4	3	1	0.1308	1	0.1308	0.1308	False	0.55	3.76
1	17272060	C	A	CROCC	Missense_Mutation	42	5	47	0.10638297872340426	4	3	1	0.5996	1	0.5996	0.5996	False	0.55	3.76
1	22965874	G	A	C1QA	Missense_Mutation	44	4	48	0.08333333333333333	4	3	1	0.4697	1	0.4697	0.4697	False	0.55	3.76
1	22965875	G	T	C1QA	Missense_Mutation	44	4	48	0.08333333333333333	4	3	1	0.4697	1	0.4697	0.4697	False	0.55	3.76
1	23845603	G	A	E2F2	Nonsense_Mutation	118	20	138	0.14492753623188406	4	3	1	0.8169	1	0.8169	0.8169	False	0.55	3.76
1	24077613	A	C	TCEB3	Missense_Mutation	153	60	213	0.28169014084507044	4	3	1	1.5877	2	0.7939	0.7939	False	0.55	3.76
1	26139212	G	A	SEPN1	Missense_Mutation	39	10	49	0.20408163265306123	4	3	1	1.1503	1	1.1503	1.0	True	0.55	3.76
1	27695848	C	A	FCN3	Missense_Mutation	143	22	165	0.13333333333333333	4	3	1	0.7515	1	0.7515	0.7515	False	0.55	3.76
1	32560511	G	T	TMEM39B	Missense_Mutation	56	4	60	0.06666666666666667	4	3	1	0.3758	1	0.3758	0.3758	False	0.55	3.76
1	33236708	C	G	KIAA1522	Nonsense_Mutation	194	23	217	0.10599078341013825	4	3	1	0.5974	1	0.5974	0.5974	False	0.55	3.76
1	33361010	G	A	TMEM54	Silent	60	5	65	0.07692307692307693	4	3	1	0.4336	1	0.4336	0.4336	False	0.55	3.76
1	34037242	G	T	CSMD2	Missense_Mutation	86	83	169	0.4911242603550296	4	3	1	2.7682	3	0.9227	0.9227	True	0.55	3.76
1	35854605	A	G	ZMYM4	Silent	155	6	161	0.037267080745341616	4	3	1	0.2101	1	0.2101	0.2101	False	0.55	3.76
1	38334220	C	G	INPP5B	Missense_Mutation	112	16	128	0.125	4	3	1	0.7045	1	0.7045	0.7045	False	0.55	3.76
1	40124910	C	A	NT5C1A	Missense_Mutation	56	10	66	0.15151515151515152	4	3	1	0.854	1	0.854	0.854	True	0.55	3.76
1	44878028	G	T	RNF220	Missense_Mutation	395	93	488	0.19057377049180327	4	3	1	1.0741	1	1.0741	1.0	True	0.55	3.76
1	45977049	G	C	PRDX1	Missense_Mutation	261	64	325	0.19692307692307692	4	3	1	1.1099	1	1.1099	1.0	True	0.55	3.76
1	46655023	C	A	POMGNT1	Nonsense_Mutation	64	24	88	0.2727272727272727	4	3	1	1.5372	2	0.7686	0.7686	False	0.55	3.76
1	46714216	G	C	RAD54L	Missense_Mutation	39	7	46	0.15217391304347827	4	3	1	0.8577	1	0.8577	0.8577	True	0.55	3.76
1	54427715	G	A	LRRC42	Missense_Mutation	79	11	90	0.12222222222222222	4	3	1	0.6889	1	0.6889	0.6889	False	0.55	3.76
1	54722799	C	A	SSBP3	Splice_Site	15	12	27	0.4444444444444444	4	3	1	2.5051	3	0.835	0.835	False	0.55	3.76
1	57602315	C	A	DAB1	Splice_Site	22	5	27	0.18518518518518517	4	3	1	1.0438	1	1.0438	1.0	True	0.55	3.76
1	70339210	C	A	LRRC7	Intron	53	69	122	0.5655737704918032	2	2	0	2.0566	2	1.0283	1.0	True	0.55	3.76
1	71478037	G	A	PTGER3	Missense_Mutation	12	17	29	0.5862068965517241	2	2	0	2.1317	2	1.0658	1.0	True	0.55	3.76
1	75699726	T	G	SLC44A5	Silent	56	19	75	0.25333333333333335	2	2	0	0.9212	1	0.9212	0.9212	True	0.55	3.76
1	94041662	C	G	BCAR3	Missense_Mutation	85	4	89	0.0449438202247191	2	2	0	0.1634	1	0.1634	0.1634	False	0.55	3.76
1	94512642	G	T	ABCA4	Missense_Mutation	71	32	103	0.3106796116504854	2	2	0	1.1297	1	1.1297	1.0	True	0.55	3.76
1	102290757	C	A	OLFM3	Silent	30	11	41	0.2682926829268293	3	2	1	1.2439	1	1.2439	1.0	True	0.55	3.76
1	107599563	C	T	PRMT6	Missense_Mutation	52	16	68	0.23529411764705882	3	2	1	1.0909	1	1.0909	1.0	True	0.55	3.76
1	110302000	C	G	EPS8L3	Missense_Mutation	95	21	116	0.1810344827586207	3	2	1	0.8393	1	0.8393	0.8393	False	0.55	3.76
1	118574335	G	T	SPAG17	Missense_Mutation	36	11	47	0.23404255319148937	3	2	1	1.0851	1	1.0851	1.0	True	0.55	3.76
1	120284452	G	C	PHGDH	Missense_Mutation	50	14	64	0.21875	3	2	1	1.0142	1	1.0142	1.0	True	0.55	3.76
1	120458346	C	A	NOTCH2	Silent	82	48	130	0.36923076923076925	3	2	1	1.7119	2	0.8559	0.8559	True	0.55	3.76
1	145580549	A	G	PIAS3	Silent	90	19	109	0.1743119266055046	5	3	2	1.1568	1	1.1568	1.0	True	0.55	3.76
1	145826927	C	G	GPR89A	Translation_Start_Site	65	10	75	0.13333333333333333	5	3	2	0.8848	1	0.8848	0.8848	True	0.55	3.76
1	151992726	C	T	NBPF18P	RNA	63	6	69	0.08695652173913043	5	3	2	0.5771	1	0.5771	0.5771	False	0.55	3.76
1	153122394	G	T	SPRR2G	Missense_Mutation	86	27	113	0.23893805309734514	5	3	2	1.5857	2	0.7928	0.7928	False	0.55	3.76
1	153924717	C	A	CRTC2	Missense_Mutation	60	48	108	0.4444444444444444	5	3	2	2.9495	3	0.9832	0.9832	True	0.55	3.76
1	154247910	G	T	HAX1	Silent	159	55	214	0.2570093457943925	5	3	2	1.7056	2	0.8528	0.8528	True	0.55	3.76
1	156316642	C	G	TSACC	Missense_Mutation	227	13	240	0.05416666666666667	5	3	2	0.3595	1	0.3595	0.3595	False	0.55	3.76
1	156386590	G	T	C1orf61	Missense_Mutation	109	69	178	0.38764044943820225	5	3	2	2.5725	3	0.8575	0.8575	True	0.55	3.76
1	156507059	C	G	IQGAP3	Missense_Mutation	72	9	81	0.1111111111111111	5	3	2	0.7374	1	0.7374	0.7374	False	0.55	3.76
1	156815791	C	A	INSRR	Missense_Mutation	34	26	60	0.43333333333333335	5	3	2	2.8758	3	0.9586	0.9586	True	0.55	3.76
1	156914953	C	A	ARHGEF11	Missense_Mutation	93	52	145	0.3586206896551724	5	3	2	2.3799	2	1.19	1.0	True	0.55	3.76
1	157494040	T	A	FCRL5	Intron	32	16	48	0.3333333333333333	5	3	2	2.2121	2	1.1061	1.0	True	0.55	3.76
1	158045998	A	T	KIRREL	Missense_Mutation	110	38	148	0.25675675675675674	5	3	2	1.7039	2	0.852	0.852	True	0.55	3.76
1	158817648	A	C	MNDA	Missense_Mutation	164	6	170	0.03529411764705882	5	3	2	0.2342	1	0.2342	0.2342	False	0.55	3.76
1	160324062	C	T	NCSTN	Missense_Mutation	134	21	155	0.13548387096774195	5	3	2	0.8991	1	0.8991	0.8991	True	0.55	3.76
1	161168182	G	T	ADAMTS4	Missense_Mutation	8	10	18	0.5555555555555556	5	3	2	3.6869	3	1.229	1.0	True	0.55	3.76
1	161953460	G	T	OLFML2B	3'UTR	94	40	134	0.29850746268656714	5	3	2	1.981	2	0.9905	0.9905	True	0.55	3.76
1	162470701	A	T	UHMK1	Splice_Site	30	24	54	0.4444444444444444	5	3	2	2.9495	3	0.9832	0.9832	True	0.55	3.76
1	162740159	T	A	DDR2	Missense_Mutation	124	100	224	0.44642857142857145	5	3	2	2.9627	3	0.9876	0.9876	True	0.55	3.76
1	162741853	C	A	DDR2	Missense_Mutation	7	11	18	0.6111111111111112	5	3	2	4.0556	3	1.3519	1.0	True	0.55	3.76
1	162825131	C	A	C1orf110	Missense_Mutation	147	87	234	0.3717948717948718	5	3	2	2.4674	2	1.2337	1.0	True	0.55	3.76
1	166839042	C	T	TADA1	Missense_Mutation	167	41	208	0.1971153846153846	7	5	2	1.7024	2	0.8512	0.8512	True	0.55	3.76
1	167865910	G	T	ADCY10	Missense_Mutation	105	111	216	0.5138888888888888	7	5	2	4.4381	4	1.1095	1.0	True	0.55	3.76
1	176905466	C	A	ASTN1	Silent	71	37	108	0.3425925925925926	5	3	2	2.2736	2	1.1368	1.0	True	0.55	3.76
1	178414696	G	T	RASAL2	Missense_Mutation	133	50	183	0.273224043715847	5	3	2	1.8132	2	0.9066	0.9066	True	0.55	3.76
1	178834850	C	A	ANGPTL1	Missense_Mutation	110	11	121	0.09090909090909091	5	3	2	0.6033	1	0.6033	0.6033	False	0.55	3.76
1	179460858	C	A	AXDND1	Silent	156	53	209	0.2535885167464115	5	3	2	1.6829	2	0.8415	0.8415	False	0.55	3.76
1	181767606	C	G	CACNA1E	Missense_Mutation	67	11	78	0.14102564102564102	5	3	2	0.9359	1	0.9359	0.9359	True	0.55	3.76
1	182353781	A	G	GLUL	Missense_Mutation	84	36	120	0.3	5	3	2	1.9909	2	0.9955	0.9955	True	0.55	3.76
1	183525197	C	G	NCF2	3'UTR	17	3	20	0.15	5	3	2	0.9955	1	0.9955	0.9955	True	0.55	3.76
1	183529285	G	C	NCF2	Missense_Mutation	155	18	173	0.10404624277456648	5	3	2	0.6905	1	0.6905	0.6905	False	0.55	3.76
1	183913414	T	A	COLGALT2	Missense_Mutation	46	30	76	0.39473684210526316	5	3	2	2.6196	3	0.8732	0.8732	True	0.55	3.76
1	186908349	C	A	PLA2G4A	Missense_Mutation	30	18	48	0.375	5	3	2	2.4886	2	1.2443	1.0	True	0.55	3.76
1	192127878	C	A	RGS18	Silent	46	24	70	0.34285714285714286	5	3	2	2.2753	2	1.1377	1.0	True	0.55	3.76
1	192780233	A	G	RGS2	Missense_Mutation	94	35	129	0.2713178294573643	5	3	2	1.8006	2	0.9003	0.9003	True	0.55	3.76
1	196716404	G	T	CFH	Missense_Mutation	79	55	134	0.41044776119402987	5	3	2	2.7239	3	0.908	0.908	True	0.55	3.76
1	201038597	C	T	CACNA1S	Intron	25	5	30	0.16666666666666666	5	3	2	1.1061	1	1.1061	1.0	True	0.55	3.76
1	201981192	G	A	ELF3	Missense_Mutation	93	27	120	0.225	5	3	2	1.4932	1	1.4932	1.0	True	0.55	3.76
1	202571541	G	T	SYT2	Missense_Mutation	127	57	184	0.30978260869565216	5	3	2	2.0558	2	1.0279	1.0	True	0.55	3.76
1	203669355	G	A	ATP2B4	Missense_Mutation	172	7	179	0.03910614525139665	5	3	2	0.2595	1	0.2595	0.2595	False	0.55	3.76
1	203830731	A	T	SNRPE	5'Flank	12	6	18	0.3333333333333333	5	3	2	2.2121	2	1.1061	1.0	True	0.55	3.76
1	205042860	G	A	CNTN2	Silent	63	12	75	0.16	5	3	2	1.0618	1	1.0618	1.0	True	0.55	3.76
1	205197741	G	A	TMCC2	Missense_Mutation	60	29	89	0.3258426966292135	5	3	2	2.1624	2	1.0812	1.0	True	0.55	3.76
1	205779211	A	G	SLC41A1	Missense_Mutation	58	13	71	0.18309859154929578	5	3	2	1.2151	1	1.2151	1.0	True	0.55	3.76
1	206317609	C	T	CTSE	Silent	64	18	82	0.21951219512195122	5	3	2	1.4568	1	1.4568	1.0	True	0.55	3.76
1	206317610	C	T	CTSE	Silent	65	18	83	0.21686746987951808	5	3	2	1.4392	1	1.4392	1.0	True	0.55	3.76
1	213277908	C	T	RPS6KC1	Silent	70	11	81	0.13580246913580246	5	3	2	0.9012	1	0.9012	0.9012	True	0.55	3.76
1	216173749	T	C	USH2A	Missense_Mutation	92	9	101	0.0891089108910891	5	3	2	0.5914	1	0.5914	0.5914	False	0.55	3.76
1	220440958	A	T	RAB3GAP2	Intron	26	15	41	0.36585365853658536	5	3	2	2.4279	2	1.214	1.0	True	0.55	3.76
1	222717462	C	A	HHIPL2	Missense_Mutation	221	91	312	0.2916666666666667	5	3	2	1.9356	2	0.9678	0.9678	True	0.55	3.76
1	223283956	G	A	TLR5	Silent	31	26	57	0.45614035087719296	5	3	2	3.0271	3	1.009	1.0	True	0.55	3.76
1	228346354	C	A	GJC2	Missense_Mutation	4	9	13	0.6923076923076923	2	2	0	2.5175	2	1.2587	1.0	True	0.55	3.76
1	237777705	A	T	RYR2	Silent	32	15	47	0.3191489361702128	4	2	2	1.7988	2	0.8994	0.8994	True	0.55	3.76
1	237817625	G	C	RYR2	Missense_Mutation	48	28	76	0.3684210526315789	4	2	2	2.0766	2	1.0383	1.0	True	0.55	3.76
1	238046086	G	T	ZP4	Missense_Mutation	67	25	92	0.2717391304347826	4	2	2	1.5316	2	0.7658	0.7658	False	0.55	3.76
1	238048129	C	A	ZP4	Missense_Mutation	33	17	50	0.34	4	2	2	1.9164	2	0.9582	0.9582	True	0.55	3.76
1	248458101	G	T	OR2T12	Silent	69	39	108	0.3611111111111111	2	1	1	1.3131	1	1.3131	1.0	True	0.55	3.76
1	248458102	G	T	OR2T12	Missense_Mutation	68	40	108	0.37037037037037035	2	1	1	1.3468	1	1.3468	1.0	True	0.55	3.76
1	248487103	C	A	OR2M7	Missense_Mutation	110	17	127	0.13385826771653545	2	1	1	0.4868	1	0.4868	0.4868	False	0.55	3.76
1	248756939	G	T	OR2T10	Missense_Mutation	72	21	93	0.22580645161290322	2	1	1	0.8211	1	0.8211	0.8211	False	0.55	3.76
2	9676042	T	A	ADAM17	Missense_Mutation	40	4	44	0.09090909090909091	5	4	1	0.6033	1	0.6033	0.6033	False	0.55	3.76
2	15519904	C	A	NBAS	Missense_Mutation	66	94	160	0.5875	5	4	1	3.8989	4	0.9747	0.9747	True	0.55	3.76
2	16086175	C	G	MYCN	Missense_Mutation	179	28	207	0.13526570048309178	5	4	1	0.8977	1	0.8977	0.8977	True	0.55	3.76
2	20175335	C	A	WDR35	Missense_Mutation	11	21	32	0.65625	5	4	1	4.3551	4	1.0888	1.0	True	0.55	3.76
2	26689665	C	A	OTOF	Missense_Mutation	119	49	168	0.2916666666666667	5	4	1	1.9356	2	0.9678	0.9678	True	0.55	3.76
2	29274845	G	C	FAM179A	Silent	17	4	21	0.19047619047619047	5	4	1	1.2641	1	1.2641	1.0	True	0.55	3.76
2	37283652	C	T	HEATR5B	Missense_Mutation	111	40	151	0.26490066225165565	5	4	1	1.758	2	0.879	0.879	True	0.55	3.76
2	38179227	C	T	RMDN2	Missense_Mutation	122	14	136	0.10294117647058823	5	4	1	0.6832	1	0.6832	0.6832	False	0.55	3.76
2	39431680	C	G	CDKL4	Missense_Mutation	81	13	94	0.13829787234042554	5	4	1	0.9178	1	0.9178	0.9178	True	0.55	3.76
2	48807757	C	T	STON1-GTF2A1L	5'UTR	143	34	177	0.192090395480226	5	4	1	1.2748	1	1.2748	1.0	True	0.55	3.76
2	61144153	G	T	REL	Splice_Site	48	37	85	0.43529411764705883	5	4	1	2.8888	3	0.9629	0.9629	True	0.55	3.76
2	68882544	C	G	PROKR1	Missense_Mutation	62	23	85	0.27058823529411763	5	4	1	1.7957	2	0.8979	0.8979	True	0.55	3.76
2	69472717	C	A	ANTXR1	3'UTR	44	15	59	0.2542372881355932	5	4	1	1.6872	2	0.8436	0.8436	False	0.55	3.76
2	71892384	G	C	DYSF	Missense_Mutation	116	38	154	0.24675324675324675	5	4	1	1.6375	2	0.8188	0.8188	False	0.55	3.76
2	74725136	G	A	LBX2	Missense_Mutation	67	19	86	0.22093023255813954	5	4	1	1.4662	1	1.4662	1.0	True	0.55	3.76
2	77745498	C	A	LRRTM4	Silent	13	10	23	0.43478260869565216	5	4	1	2.8854	3	0.9618	0.9618	True	0.55	3.76
2	79350055	G	T	REG1A	Missense_Mutation	49	30	79	0.379746835443038	5	4	1	2.5201	3	0.84	0.84	False	0.55	3.76
2	87017616	C	A	CD8A	Missense_Mutation	125	36	161	0.2236024844720497	5	4	1	1.4839	1	1.4839	1.0	True	0.55	3.76
2	87017617	C	T	CD8A	Silent	123	36	159	0.22641509433962265	5	4	1	1.5026	2	0.7513	0.7513	False	0.55	3.76
2	90458623	C	A	CH17-132F21.1	Missense_Mutation	1168	48	1216	0.039473684210526314	5	4	1	0.262	1	0.262	0.262	False	0.55	3.76
2	98340655	C	G	ZAP70	Missense_Mutation	21	4	25	0.16	5	4	1	1.0618	1	1.0618	1.0	True	0.55	3.76
2	98852870	G	T	VWA3B	Missense_Mutation	133	33	166	0.19879518072289157	5	4	1	1.3193	1	1.3193	1.0	True	0.55	3.76
2	99234748	A	G	UNC50	Missense_Mutation	52	10	62	0.16129032258064516	5	4	1	1.0704	1	1.0704	1.0	True	0.55	3.76
2	105858897	C	G	GPR45	Silent	17	20	37	0.5405405405405406	5	4	1	3.5872	4	0.8968	0.8968	True	0.55	3.76
2	107423223	C	G	ST6GAL2	Missense_Mutation	42	47	89	0.5280898876404494	5	4	1	3.5046	4	0.8761	0.8761	True	0.55	3.76
2	108626829	C	A	SLC5A7	Missense_Mutation	66	31	97	0.31958762886597936	5	4	1	2.1209	2	1.0604	1.0	True	0.55	3.76
2	109085530	A	T	GCC2	Missense_Mutation	62	23	85	0.27058823529411763	5	4	1	1.7957	2	0.8979	0.8979	True	0.55	3.76
2	112751865	G	T	MERTK	Missense_Mutation	146	66	212	0.3113207547169811	5	4	1	2.066	2	1.033	1.0	True	0.55	3.76
2	118575196	C	A	DDX18	Missense_Mutation	111	9	120	0.075	5	4	1	0.4977	1	0.4977	0.4977	False	0.55	3.76
2	131356263	C	T	CFC1	Missense_Mutation	63	23	86	0.26744186046511625	5	4	1	1.7748	2	0.8874	0.8874	True	0.55	3.76
2	131521517	A	T	AMER3	Silent	40	19	59	0.3220338983050847	5	4	1	2.1371	2	1.0686	1.0	True	0.55	3.76
2	131796570	G	A	ARHGEF4	Missense_Mutation	39	5	44	0.11363636363636363	5	4	1	0.7541	1	0.7541	0.7541	False	0.55	3.76
2	132240245	C	G	TUBA3D	Missense_Mutation	187	26	213	0.12206572769953052	5	4	1	0.8101	1	0.8101	0.8101	False	0.55	3.76
2	136389479	A	G	R3HDM1	Silent	168	29	197	0.14720812182741116	5	4	1	0.9769	1	0.9769	0.9769	True	0.55	3.76
2	136609035	C	A	MCM6	Silent	19	31	50	0.62	5	4	1	4.1145	4	1.0286	1.0	True	0.55	3.76
2	141762928	C	A	LRP1B	Missense_Mutation	49	7	56	0.125	5	4	1	0.8295	1	0.8295	0.8295	False	0.55	3.76
2	143742741	G	T	KYNU	Missense_Mutation	107	14	121	0.11570247933884298	5	4	1	0.7678	1	0.7678	0.7678	False	0.55	3.76
2	143913201	G	T	ARHGAP15	Missense_Mutation	74	25	99	0.25252525252525254	5	4	1	1.6758	2	0.8379	0.8379	False	0.55	3.76
2	152319895	A	C	RIF1	Silent	85	7	92	0.07608695652173914	5	4	1	0.5049	1	0.5049	0.5049	False	0.55	3.76
2	152487259	C	A	NEB	Missense_Mutation	11	3	14	0.21428571428571427	5	4	1	1.4221	1	1.4221	1.0	True	0.55	3.76
2	152506830	C	G	NEB	Missense_Mutation	88	22	110	0.2	5	4	1	1.3273	1	1.3273	1.0	True	0.55	3.76
2	160007013	G	A	TANC1	Missense_Mutation	97	11	108	0.10185185185185185	5	4	1	0.6759	1	0.6759	0.6759	False	0.55	3.76
2	162894883	G	A	DPP4	Missense_Mutation	48	5	53	0.09433962264150944	5	4	1	0.6261	1	0.6261	0.6261	False	0.55	3.76
2	163003990	C	A	GCG	Missense_Mutation	297	55	352	0.15625	5	4	1	1.0369	1	1.0369	1.0	True	0.55	3.76
2	163360955	G	A	KCNH7	Nonsense_Mutation	135	26	161	0.16149068322981366	5	4	1	1.0717	1	1.0717	1.0	True	0.55	3.76
2	166769059	C	A	TTC21B	Missense_Mutation	230	16	246	0.06504065040650407	5	4	1	0.4316	1	0.4316	0.4316	False	0.55	3.76
2	168921829	C	A	STK39	Missense_Mutation	94	106	200	0.53	5	4	1	3.5173	4	0.8793	0.8793	True	0.55	3.76
2	170657490	A	T	SSB	Missense_Mutation	89	35	124	0.28225806451612906	5	4	1	1.8732	2	0.9366	0.9366	True	0.55	3.76
2	171812965	A	T	GORASP2	Missense_Mutation	79	10	89	0.11235955056179775	5	4	1	0.7457	1	0.7457	0.7457	False	0.55	3.76
2	174820238	G	C	SP3	Silent	164	28	192	0.14583333333333334	5	4	1	0.9678	1	0.9678	0.9678	True	0.55	3.76
2	175614771	A	G	CHRNA1	Missense_Mutation	139	20	159	0.12578616352201258	5	4	1	0.8348	1	0.8348	0.8348	False	0.55	3.76
2	177134358	A	G	MTX2	Translation_Start_Site	3	7	10	0.7	5	4	1	4.6455	4	1.1614	1.0	True	0.55	3.76
2	179315099	C	T	PRKRA	Silent	389	35	424	0.08254716981132075	5	4	1	0.5478	1	0.5478	0.5478	False	0.55	3.76
2	179414326	G	A	TTN	Missense_Mutation	186	22	208	0.10576923076923077	5	4	1	0.7019	1	0.7019	0.7019	False	0.55	3.76
2	179434805	T	C	TTN	Missense_Mutation	60	12	72	0.16666666666666666	5	4	1	1.1061	1	1.1061	1.0	True	0.55	3.76
2	179434807	C	T	TTN	Nonsense_Mutation	64	12	76	0.15789473684210525	5	4	1	1.0478	1	1.0478	1.0	True	0.55	3.76
2	179437740	G	T	TTN	Silent	34	10	44	0.22727272727272727	5	4	1	1.5083	2	0.7541	0.7541	False	0.55	3.76
2	179600657	G	T	TTN	Missense_Mutation	80	29	109	0.26605504587155965	5	4	1	1.7656	2	0.8828	0.8828	True	0.55	3.76
2	179638309	G	C	TTN	Missense_Mutation	110	14	124	0.11290322580645161	5	4	1	0.7493	1	0.7493	0.7493	False	0.55	3.76
2	180818938	T	C	CWC22	Silent	51	16	67	0.23880597014925373	5	4	1	1.5848	2	0.7924	0.7924	False	0.55	3.76
2	182542546	C	A	NEUROD1	Missense_Mutation	135	64	199	0.32160804020100503	5	4	1	2.1343	2	1.0672	1.0	True	0.55	3.76
2	185802271	A	C	ZNF804A	Missense_Mutation	33	4	37	0.10810810810810811	5	4	1	0.7174	1	0.7174	0.7174	False	0.55	3.76
2	189876385	T	C	COL3A1	Missense_Mutation	95	25	120	0.20833333333333334	4	3	1	1.1742	1	1.1742	1.0	True	0.55	3.76
2	189909940	C	G	COL5A2	Missense_Mutation	21	16	37	0.43243243243243246	4	3	1	2.4373	2	1.2187	1.0	True	0.55	3.76
2	196865601	C	T	DNAH7	Missense_Mutation	46	19	65	0.2923076923076923	4	3	1	1.6476	2	0.8238	0.8238	False	0.55	3.76
2	197143300	C	A	HECW2	Silent	82	29	111	0.26126126126126126	4	3	1	1.4726	1	1.4726	1.0	True	0.55	3.76
2	198436724	C	G	RFTN2	3'UTR	40	22	62	0.3548387096774194	4	3	1	2.0	2	1.0	1.0	True	0.55	3.76
2	203424452	C	T	BMPR2	Missense_Mutation	28	13	41	0.3170731707317073	4	3	1	1.7871	2	0.8936	0.8936	True	0.55	3.76
2	203424547	G	T	BMPR2	Nonsense_Mutation	63	19	82	0.23170731707317074	4	3	1	1.306	1	1.306	1.0	True	0.55	3.76
2	209046029	C	A	C2orf80	Silent	77	14	91	0.15384615384615385	4	3	1	0.8671	1	0.8671	0.8671	True	0.55	3.76
2	210642157	A	T	UNC80	Silent	27	32	59	0.5423728813559322	4	3	1	3.057	3	1.019	1.0	True	0.55	3.76
2	211454856	C	T	CPS1	Silent	190	45	235	0.19148936170212766	4	3	1	1.0793	1	1.0793	1.0	True	0.55	3.76
2	211504764	C	A	CPS1	Silent	80	33	113	0.2920353982300885	4	3	1	1.646	2	0.823	0.823	False	0.55	3.76
2	212295709	C	G	ERBB4	Missense_Mutation	108	18	126	0.14285714285714285	4	3	1	0.8052	1	0.8052	0.8052	False	0.55	3.76
2	212568860	G	T	ERBB4	Missense_Mutation	104	11	115	0.09565217391304348	4	3	1	0.5391	1	0.5391	0.5391	False	0.55	3.76
2	219855051	C	G	CRYBA2	Missense_Mutation	88	13	101	0.12871287128712872	4	3	1	0.7255	1	0.7255	0.7255	False	0.55	3.76
2	220162135	C	A	PTPRN	Missense_Mutation	46	56	102	0.5490196078431373	4	3	1	3.0945	3	1.0315	1.0	True	0.55	3.76
2	220397746	C	A	ASIC4	Intron	10	7	17	0.4117647058823529	4	3	1	2.3209	2	1.1604	1.0	True	0.55	3.76
2	220473406	G	A	STK11IP	Missense_Mutation	30	7	37	0.1891891891891892	4	3	1	1.0663	1	1.0663	1.0	True	0.55	3.76
2	220505639	G	T	SLC4A3	Missense_Mutation	72	18	90	0.2	4	3	1	1.1273	1	1.1273	1.0	True	0.55	3.76
2	224866523	G	T	SERPINE2	Missense_Mutation	153	24	177	0.13559322033898305	4	3	1	0.7643	1	0.7643	0.7643	False	0.55	3.76
2	225635044	G	T	DOCK10	Missense_Mutation	13	10	23	0.43478260869565216	4	3	1	2.4506	2	1.2253	1.0	True	0.55	3.76
2	226447034	G	T	NYAP2	Missense_Mutation	73	15	88	0.17045454545454544	4	3	1	0.9607	1	0.9607	0.9607	True	0.55	3.76
2	227663346	C	T	IRS1	Missense_Mutation	89	13	102	0.12745098039215685	4	3	1	0.7184	1	0.7184	0.7184	False	0.55	3.76
2	227953497	T	C	COL4A4	Missense_Mutation	75	15	90	0.16666666666666666	4	3	1	0.9394	1	0.9394	0.9394	True	0.55	3.76
2	230633405	G	A	TRIP12	Silent	36	6	42	0.14285714285714285	4	3	1	0.8052	1	0.8052	0.8052	False	0.55	3.76
2	233245181	C	A	ALPP	Missense_Mutation	115	26	141	0.18439716312056736	3	2	1	0.8549	1	0.8549	0.8549	True	0.55	3.76
2	233349546	C	A	ECEL1	Missense_Mutation	133	27	160	0.16875	3	2	1	0.7824	1	0.7824	0.7824	False	0.55	3.76
2	233409292	T	G	CHRNG	Splice_Site	31	8	39	0.20512820512820512	3	2	1	0.951	1	0.951	0.951	True	0.55	3.76
2	233655812	A	G	GIGYF2	Missense_Mutation	23	14	37	0.3783783783783784	3	2	1	1.7543	2	0.8771	0.8771	True	0.55	3.76
2	234442344	C	A	USP40	Missense_Mutation	29	5	34	0.14705882352941177	3	2	1	0.6818	1	0.6818	0.6818	False	0.55	3.76
2	234637790	G	T	UGT1A3	Missense_Mutation	99	12	111	0.10810810810810811	3	2	1	0.5012	1	0.5012	0.5012	False	0.55	3.76
2	234652454	C	A	UGT1A10	Intron	140	28	168	0.16666666666666666	3	2	1	0.7727	1	0.7727	0.7727	False	0.55	3.76
2	238270446	C	A	COL6A3	Missense_Mutation	59	35	94	0.3723404255319149	3	2	1	1.7263	2	0.8632	0.8632	True	0.55	3.76
2	238275874	C	A	COL6A3	Missense_Mutation	22	15	37	0.40540540540540543	3	2	1	1.8796	2	0.9398	0.9398	True	0.55	3.76
2	239057733	C	T	KLHL30	Silent	33	6	39	0.15384615384615385	2	1	1	0.5594	1	0.5594	0.5594	False	0.55	3.76
3	2924894	G	A	CNTN4	Missense_Mutation	13	19	32	0.59375	3	2	1	2.7528	2	1.3764	1.0	True	0.55	3.76
3	3886635	C	A	LRRN1	Missense_Mutation	29	12	41	0.2926829268292683	3	2	1	1.357	1	1.357	1.0	True	0.55	3.76
3	3887802	G	A	LRRN1	Missense_Mutation	62	12	74	0.16216216216216217	3	2	1	0.7518	1	0.7518	0.7518	False	0.55	3.76
3	9991120	C	A	PRRT3	Missense_Mutation	28	27	55	0.4909090909090909	3	2	1	2.276	2	1.138	1.0	True	0.55	3.76
3	10400455	C	A	ATP2B2	Missense_Mutation	66	22	88	0.25	3	2	1	1.1591	1	1.1591	1.0	True	0.55	3.76
3	10401723	G	T	ATP2B2	Missense_Mutation	42	37	79	0.46835443037974683	3	2	1	2.1715	2	1.0857	1.0	True	0.55	3.76
3	13441297	G	A	NUP210	Nonsense_Mutation	60	50	110	0.45454545454545453	3	2	1	2.1074	2	1.0537	1.0	True	0.55	3.76
3	15123931	C	T	ZFYVE20	Silent	60	12	72	0.16666666666666666	3	2	1	0.7727	1	0.7727	0.7727	False	0.55	3.76
3	20161127	C	A	KAT2B	Nonsense_Mutation	60	9	69	0.13043478260869565	3	2	1	0.6047	1	0.6047	0.6047	False	0.55	3.76
3	30733001	C	T	TGFBR2	Silent	97	11	108	0.10185185185185185	3	2	1	0.4722	1	0.4722	0.4722	False	0.55	3.76
3	33174160	G	T	CRTAP	Missense_Mutation	102	24	126	0.19047619047619047	3	2	1	0.8831	1	0.8831	0.8831	True	0.55	3.76
3	36876324	C	A	TRANK1	Missense_Mutation	17	11	28	0.39285714285714285	3	2	1	1.8214	2	0.9107	0.9107	True	0.55	3.76
3	38835286	T	A	SCN10A	Silent	76	74	150	0.49333333333333335	3	2	1	2.2873	2	1.1436	1.0	True	0.55	3.76
3	42133018	C	G	TRAK1	Silent	37	7	44	0.1590909090909091	3	2	1	0.7376	1	0.7376	0.7376	False	0.55	3.76
3	42727389	G	C	KLHL40	Missense_Mutation	53	3	56	0.05357142857142857	3	2	1	0.2484	1	0.2484	0.2484	False	0.55	3.76
3	46943287	G	A	PTH1R	Missense_Mutation	63	37	100	0.37	3	2	1	1.7155	2	0.8577	0.8577	True	0.55	3.76
3	47371576	G	T	KLHL18	Silent	38	30	68	0.4411764705882353	3	2	1	2.0455	2	1.0227	1.0	True	0.55	3.76
3	47371577	C	G	KLHL18	Missense_Mutation	38	29	67	0.43283582089552236	3	2	1	2.0068	2	1.0034	1.0	True	0.55	3.76
3	48693266	C	G	CELSR3	Missense_Mutation	35	9	44	0.20454545454545456	3	2	1	0.9483	1	0.9483	0.9483	True	0.55	3.76
3	49138787	C	T	QARS	Splice_Site	41	31	72	0.4305555555555556	3	2	1	1.9962	2	0.9981	0.9981	True	0.55	3.76
3	49758500	C	T	RNF123	Silent	101	21	122	0.1721311475409836	3	2	1	0.7981	1	0.7981	0.7981	False	0.55	3.76
3	50255703	C	G	SLC38A3	Intron	65	29	94	0.30851063829787234	3	2	1	1.4304	1	1.4304	1.0	True	0.55	3.76
3	52818319	G	T	ITIH1	Silent	15	7	22	0.3181818181818182	3	2	1	1.4752	1	1.4752	1.0	True	0.55	3.76
3	73440201	C	G	PDZRN3	Missense_Mutation	183	35	218	0.16055045871559634	3	2	1	0.7444	1	0.7444	0.7444	False	0.55	3.76
3	78719311	C	A	ROBO1	Missense_Mutation	16	8	24	0.3333333333333333	3	2	1	1.5455	2	0.7727	0.7727	False	0.55	3.76
3	87027684	A	T	VGLL3	Missense_Mutation	90	65	155	0.41935483870967744	3	2	1	1.9443	2	0.9721	0.9721	True	0.55	3.76
3	97852446	C	G	OR5H1	Missense_Mutation	53	3	56	0.05357142857142857	5	5	0	0.3555	1	0.3555	0.3555	False	0.55	3.76
3	98251467	T	C	GPR15	Missense_Mutation	111	7	118	0.059322033898305086	5	5	0	0.3937	1	0.3937	0.3937	False	0.55	3.76
3	99891180	G	A	CMSS1	Silent	63	6	69	0.08695652173913043	5	5	0	0.5771	1	0.5771	0.5771	False	0.55	3.76
3	101023064	C	T	IMPG2	Missense_Mutation	44	88	132	0.6666666666666666	5	5	0	4.4242	4	1.1061	1.0	True	0.55	3.76
3	108572674	C	G	TRAT1	Missense_Mutation	140	46	186	0.24731182795698925	5	5	0	1.6413	2	0.8206	0.8206	False	0.55	3.76
3	109028078	T	A	DPPA2	Missense_Mutation	175	123	298	0.412751677852349	5	5	0	2.7392	3	0.9131	0.9131	True	0.55	3.76
3	111312970	C	G	ZBED2	Missense_Mutation	62	57	119	0.4789915966386555	5	5	0	3.1788	3	1.0596	1.0	True	0.55	3.76
3	111432915	C	A	PLCXD2	Missense_Mutation	75	31	106	0.29245283018867924	5	5	0	1.9408	2	0.9704	0.9704	True	0.55	3.76
3	120393758	T	C	HGD	Missense_Mutation	227	9	236	0.038135593220338986	5	5	0	0.2531	1	0.2531	0.2531	False	0.55	3.76
3	128204775	C	T	GATA2	Silent	83	16	99	0.16161616161616163	5	5	0	1.0725	1	1.0725	1.0	True	0.55	3.76
3	128758633	C	A	EFCC1	Missense_Mutation	39	76	115	0.6608695652173913	5	5	0	4.3858	4	1.0964	1.0	True	0.55	3.76
3	133666128	G	A	SLCO2A1	Missense_Mutation	83	19	102	0.18627450980392157	5	5	0	1.2362	1	1.2362	1.0	True	0.55	3.76
3	140178588	T	A	CLSTN2	Missense_Mutation	106	12	118	0.1016949152542373	5	5	0	0.6749	1	0.6749	0.6749	False	0.55	3.76
3	140281710	G	T	CLSTN2	Missense_Mutation	52	14	66	0.21212121212121213	5	5	0	1.4077	1	1.4077	1.0	True	0.55	3.76
3	140281711	G	T	CLSTN2	Missense_Mutation	52	14	66	0.21212121212121213	5	5	0	1.4077	1	1.4077	1.0	True	0.55	3.76
3	141328870	T	C	RASA2	Silent	17	58	75	0.7733333333333333	5	5	0	5.1321	5	1.0264	1.0	True	0.55	3.76
3	146239458	C	A	PLSCR1	Missense_Mutation	35	20	55	0.36363636363636365	5	5	0	2.4132	2	1.2066	1.0	True	0.55	3.76
3	158072675	A	G	RSRC1	Silent	11	9	20	0.45	5	5	0	2.9864	3	0.9955	0.9955	True	0.55	3.76
3	160150941	G	A	SMC4	Missense_Mutation	153	25	178	0.1404494382022472	5	5	0	0.9321	1	0.9321	0.9321	True	0.55	3.76
3	172365893	G	T	NCEH1	Silent	73	15	88	0.17045454545454544	5	5	0	1.1312	1	1.1312	1.0	True	0.55	3.76
3	179051405	A	C	ZNF639	Missense_Mutation	19	63	82	0.7682926829268293	5	5	0	5.0987	5	1.0197	1.0	True	0.55	3.76
3	186969535	C	T	MASP1	Missense_Mutation	72	9	81	0.1111111111111111	5	5	0	0.7374	1	0.7374	0.7374	False	0.55	3.76
3	196386878	G	T	NRROS	Nonsense_Mutation	23	12	35	0.34285714285714286	5	5	0	2.2753	2	1.1377	1.0	True	0.55	3.76
4	1161317	C	T	SPON2	Silent	146	13	159	0.08176100628930817	6	3	3	0.6244	1	0.6244	0.6244	False	0.55	3.76
4	3447974	G	A	HGFAC	Silent	17	4	21	0.19047619047619047	3	3	0	0.8831	1	0.8831	0.8831	True	0.55	3.76
4	3447975	G	T	HGFAC	Missense_Mutation	18	4	22	0.18181818181818182	3	3	0	0.843	1	0.843	0.843	False	0.55	3.76
4	6610904	G	A	MAN2B2	Missense_Mutation	64	13	77	0.16883116883116883	6	3	3	1.2893	1	1.2893	1.0	True	0.55	3.76
4	7002883	G	C	TBC1D14	Missense_Mutation	72	5	77	0.06493506493506493	6	3	3	0.4959	1	0.4959	0.4959	False	0.55	3.76
4	8417721	G	A	ACOX3	Silent	34	24	58	0.41379310344827586	6	3	3	3.1599	3	1.0533	1.0	True	0.55	3.76
4	26490882	C	T	CCKAR	Missense_Mutation	126	42	168	0.25	5	3	2	1.6591	2	0.8295	0.8295	False	0.55	3.76
4	38016288	G	T	TBC1D1	Silent	116	64	180	0.35555555555555557	6	3	3	2.7152	3	0.9051	0.9051	True	0.55	3.76
4	44624424	A	T	YIPF7	3'UTR	23	7	30	0.23333333333333334	7	6	3	2.0152	2	1.0076	1.0	True	0.55	3.76
4	46060534	C	T	GABRG1	Missense_Mutation	104	39	143	0.2727272727272727	7	6	3	2.3554	2	1.1777	1.0	True	0.55	3.76
4	47628443	A	G	CORIN	Missense_Mutation	403	21	424	0.049528301886792456	7	6	3	0.4277	1	0.4277	0.4277	False	0.55	3.76
4	48038107	A	T	NIPAL1	Missense_Mutation	115	36	151	0.23841059602649006	7	6	3	2.059	2	1.0295	1.0	True	0.55	3.76
4	53730701	C	G	RASL11B	Missense_Mutation	196	34	230	0.14782608695652175	5	5	0	0.981	1	0.981	0.981	True	0.55	3.76
4	55133802	G	T	PDGFRA	Missense_Mutation	66	31	97	0.31958762886597936	5	5	0	2.1209	2	1.0604	1.0	True	0.55	3.76
4	55161442	G	T	PDGFRA	3'UTR	38	106	144	0.7361111111111112	5	5	0	4.8851	5	0.977	0.977	True	0.55	3.76
4	66218759	C	T	EPHA5	Splice_Site	26	60	86	0.6976744186046512	5	5	0	4.63	5	0.926	0.926	True	0.55	3.76
4	69337249	C	A	TMPRSS11E	Missense_Mutation	223	73	296	0.24662162162162163	5	5	0	1.6367	2	0.8183	0.8183	False	0.55	3.76
4	70720024	G	T	SULT1E1	Missense_Mutation	36	12	48	0.25	5	5	0	1.6591	2	0.8295	0.8295	False	0.55	3.76
4	71063851	C	T	ODAM	Nonsense_Mutation	138	18	156	0.11538461538461539	5	5	0	0.7657	1	0.7657	0.7657	False	0.55	3.76
4	73149349	C	A	ADAMTS3	Missense_Mutation	166	14	180	0.07777777777777778	5	5	0	0.5162	1	0.5162	0.5162	False	0.55	3.76
4	77357309	G	A	SHROOM3	Missense_Mutation	306	38	344	0.11046511627906977	5	5	0	0.7331	1	0.7331	0.7331	False	0.55	3.76
4	78830457	A	G	MRPL1	Silent	117	45	162	0.2777777777777778	5	5	0	1.8434	2	0.9217	0.9217	True	0.55	3.76
4	83748590	T	C	SEC31A	Missense_Mutation	30	99	129	0.7674418604651163	5	5	0	5.093	5	1.0186	1.0	True	0.55	3.76
4	88580622	G	C	DMP1	Missense_Mutation	101	9	110	0.08181818181818182	5	5	0	0.543	1	0.543	0.543	False	0.55	3.76
4	88902898	T	C	SPP1	Missense_Mutation	99	17	116	0.14655172413793102	5	5	0	0.9726	1	0.9726	0.9726	True	0.55	3.76
4	90856810	G	T	MMRN1	Missense_Mutation	19	51	70	0.7285714285714285	5	5	0	4.8351	5	0.967	0.967	True	0.55	3.76
4	115997976	T	G	NDST4	Missense_Mutation	30	59	89	0.6629213483146067	4	4	0	3.7365	4	0.9341	0.9341	True	0.55	3.76
4	123164214	C	G	KIAA1109	Nonsense_Mutation	161	8	169	0.047337278106508875	4	4	0	0.2668	1	0.2668	0.2668	False	0.55	3.76
4	126241663	G	T	FAT4	Missense_Mutation	126	71	197	0.3604060913705584	4	4	0	2.0314	2	1.0157	1.0	True	0.55	3.76
4	147824710	A	G	TTC29	Missense_Mutation	23	8	31	0.25806451612903225	4	4	0	1.4545	1	1.4545	1.0	True	0.55	3.76
4	155720326	G	T	RBM46	Nonsense_Mutation	57	8	65	0.12307692307692308	4	4	0	0.6937	1	0.6937	0.6937	False	0.55	3.76
4	159644357	T	A	PPID	Silent	9	34	43	0.7906976744186046	4	4	0	4.4567	4	1.1142	1.0	True	0.55	3.76
4	162402214	G	T	FSTL5	Missense_Mutation	101	43	144	0.2986111111111111	4	4	0	1.6831	2	0.8415	0.8415	False	0.55	3.76
4	169146827	C	A	DDX60	Missense_Mutation	18	36	54	0.6666666666666666	4	4	0	3.7576	4	0.9394	0.9394	True	0.55	3.76
4	169146828	C	T	DDX60	Splice_Site	18	36	54	0.6666666666666666	4	4	0	3.7576	4	0.9394	0.9394	True	0.55	3.76
4	171010897	C	A	AADAT	5'UTR	33	10	43	0.23255813953488372	4	4	0	1.3108	1	1.3108	1.0	True	0.55	3.76
4	174449985	C	A	HAND2	Missense_Mutation	80	36	116	0.3103448275862069	4	4	0	1.7492	2	0.8746	0.8746	True	0.55	3.76
4	177071727	C	A	WDR17	Missense_Mutation	63	11	74	0.14864864864864866	4	4	0	0.8378	1	0.8378	0.8378	False	0.55	3.76
4	177190244	C	T	ASB5	Missense_Mutation	92	11	103	0.10679611650485436	4	4	0	0.6019	1	0.6019	0.6019	False	0.55	3.76
4	183959301	C	A	FAM92A1P2	RNA	7	5	12	0.4166666666666667	4	4	0	2.3485	2	1.1742	1.0	True	0.55	3.76
4	185018460	C	A	ENPP6	Missense_Mutation	87	48	135	0.35555555555555557	4	4	0	2.004	2	1.002	1.0	True	0.55	3.76
4	185941818	C	T	HELT	Silent	44	18	62	0.2903225806451613	4	4	0	1.6364	2	0.8182	0.8182	False	0.55	3.76
4	187078867	G	T	FAM149A	Silent	24	68	92	0.7391304347826086	4	4	0	4.166	4	1.0415	1.0	True	0.55	3.76
4	189063430	G	A	TRIML1	Missense_Mutation	15	38	53	0.7169811320754716	2	1	1	2.6072	1	2.6072	1.0	True	0.55	3.76
5	163505	C	T	PLEKHG4B	Silent	105	91	196	0.4642857142857143	2	1	1	1.6883	1	1.6883	1.0	True	0.55	3.76
5	850634	G	A	ZDHHC11	Silent	139	17	156	0.10897435897435898	2	1	1	0.3963	1	0.3963	0.3963	False	0.55	3.76
5	3599344	G	C	IRX1	Silent	19	24	43	0.5581395348837209	3	3	0	2.5877	3	0.8626	0.8626	True	0.55	3.76
5	13901490	C	A	DNAH5	Missense_Mutation	37	14	51	0.27450980392156865	4	3	1	1.5472	2	0.7736	0.7736	False	0.55	3.76
5	14769115	C	T	ANKH	Silent	78	14	92	0.15217391304347827	2	1	1	0.5534	1	0.5534	0.5534	False	0.55	3.76
5	14769157	C	G	ANKH	Missense_Mutation	58	12	70	0.17142857142857143	2	1	1	0.6234	1	0.6234	0.6234	False	0.55	3.76
5	14769166	C	G	ANKH	Silent	53	9	62	0.14516129032258066	2	1	1	0.5279	1	0.5279	0.5279	False	0.55	3.76
5	14769270	C	G	ANKH	Missense_Mutation	31	7	38	0.18421052631578946	2	1	1	0.6699	1	0.6699	0.6699	False	0.55	3.76
5	19544062	T	A	CDH18	Missense_Mutation	17	17	34	0.5	3	3	0	2.3182	2	1.1591	1.0	True	0.55	3.76
5	26885762	C	G	CDH9	Missense_Mutation	32	10	42	0.23809523809523808	3	3	0	1.1039	1	1.1039	1.0	True	0.55	3.76
5	31495439	C	A	DROSHA	Missense_Mutation	17	33	50	0.66	3	3	0	3.06	3	1.02	1.0	True	0.55	3.76
5	33891862	G	T	ADAMTS12	Missense_Mutation	61	87	148	0.5878378378378378	3	3	0	2.7254	3	0.9085	0.9085	True	0.55	3.76
5	72873801	A	G	UTP15	Missense_Mutation	27	31	58	0.5344827586206896	2	2	0	1.9436	2	0.9718	0.9718	True	0.55	3.76
5	76926342	G	T	OTP	Missense_Mutation	5	10	15	0.6666666666666666	3	3	0	3.0909	3	1.0303	1.0	True	0.55	3.76
5	79030362	G	T	CMYA5	Missense_Mutation	12	13	25	0.52	3	3	0	2.4109	2	1.2055	1.0	True	0.55	3.76
5	79616016	C	G	SPZ1	5'UTR	79	19	98	0.19387755102040816	3	3	0	0.8989	1	0.8989	0.8989	True	0.55	3.76
5	79855544	C	G	ANKRD34B	Missense_Mutation	115	20	135	0.14814814814814814	3	3	0	0.6869	1	0.6869	0.6869	False	0.55	3.76
5	82833991	G	C	VCAN	Missense_Mutation	69	21	90	0.23333333333333334	3	3	0	1.0818	1	1.0818	1.0	True	0.55	3.76
5	94731844	C	A	FAM81B	Silent	38	42	80	0.525	3	3	0	2.4341	2	1.217	1.0	True	0.55	3.76
5	94849318	T	A	TTC37	Missense_Mutation	25	35	60	0.5833333333333334	3	3	0	2.7045	3	0.9015	0.9015	True	0.55	3.76
5	112889304	C	G	YTHDC2	Missense_Mutation	73	18	91	0.1978021978021978	3	3	0	0.9171	1	0.9171	0.9171	True	0.55	3.76
5	122720712	C	A	CEP120	Missense_Mutation	55	8	63	0.12698412698412698	3	3	0	0.5887	1	0.5887	0.5887	False	0.55	3.76
5	127469953	G	T	SLC12A2	Nonsense_Mutation	88	38	126	0.30158730158730157	3	3	0	1.3983	1	1.3983	1.0	True	0.55	3.76
5	127483319	G	T	SLC12A2	Missense_Mutation	75	10	85	0.11764705882352941	3	3	0	0.5455	1	0.5455	0.5455	False	0.55	3.76
5	130834300	C	A	RAPGEF6	Missense_Mutation	18	29	47	0.6170212765957447	3	3	0	2.8607	3	0.9536	0.9536	True	0.55	3.76
5	134077174	T	C	CAMLG	Silent	97	19	116	0.16379310344827586	3	3	0	0.7594	1	0.7594	0.7594	False	0.55	3.76
5	134364727	C	T	PITX1	Missense_Mutation	22	47	69	0.6811594202898551	3	3	0	3.1581	3	1.0527	1.0	True	0.55	3.76
5	137681183	C	T	FAM53C	Missense_Mutation	67	21	88	0.23863636363636365	3	3	0	1.1064	1	1.1064	1.0	True	0.55	3.76
5	137727918	C	A	KDM3B	Missense_Mutation	36	20	56	0.35714285714285715	3	3	0	1.6558	2	0.8279	0.8279	False	0.55	3.76
5	138269493	G	A	CTNNA1	Silent	28	9	37	0.24324324324324326	3	3	0	1.1278	1	1.1278	1.0	True	0.55	3.76
5	140389313	G	T	PCDHA5	Missense_Mutation	66	13	79	0.16455696202531644	3	3	0	0.7629	1	0.7629	0.7629	False	0.55	3.76
5	140501695	G	C	PCDHB4	Missense_Mutation	53	12	65	0.18461538461538463	3	3	0	0.8559	1	0.8559	0.8559	True	0.55	3.76
5	140729927	A	T	PCDHGB1	Missense_Mutation	6	12	18	0.6666666666666666	3	3	0	3.0909	3	1.0303	1.0	True	0.55	3.76
5	140744112	C	T	PCDHGA5	Missense_Mutation	31	46	77	0.5974025974025974	3	3	0	2.7698	3	0.9233	0.9233	True	0.55	3.76
5	150632804	C	T	GM2A	Silent	78	13	91	0.14285714285714285	3	3	0	0.6623	1	0.6623	0.6623	False	0.55	3.76
5	151049324	T	C	SPARC	Missense_Mutation	51	69	120	0.575	3	3	0	2.6659	3	0.8886	0.8886	True	0.55	3.76
5	154346360	G	T	MRPL22	Missense_Mutation	35	10	45	0.2222222222222222	3	3	0	1.0303	1	1.0303	1.0	True	0.55	3.76
5	157073778	T	C	SOX30	Silent	70	46	116	0.39655172413793105	3	3	0	1.8386	2	0.9193	0.9193	True	0.55	3.76
5	161116337	G	T	GABRA6	Missense_Mutation	69	27	96	0.28125	3	3	0	1.304	1	1.304	1.0	True	0.55	3.76
5	172571589	A	C	BNIP1	Missense_Mutation	43	7	50	0.14	3	3	0	0.6491	1	0.6491	0.6491	False	0.55	3.76
5	172659825	T	A	NKX2-5	Missense_Mutation	5	7	12	0.5833333333333334	3	3	0	2.7045	3	0.9015	0.9015	True	0.55	3.76
5	176314064	C	A	HK3	Missense_Mutation	30	7	37	0.1891891891891892	3	3	0	0.8771	1	0.8771	0.8771	True	0.55	3.76
5	176795724	C	T	RGS14	Missense_Mutation	28	6	34	0.17647058823529413	3	3	0	0.8182	1	0.8182	0.8182	False	0.55	3.76
6	348818	C	A	DUSP22	Missense_Mutation	111	9	120	0.075	2	1	1	0.2727	1	0.2727	0.2727	False	0.55	3.76
6	6251148	G	T	F13A1	Missense_Mutation	198	43	241	0.17842323651452283	4	3	1	1.0057	1	1.0057	1.0	True	0.55	3.76
6	10404842	G	T	TFAP2A	Silent	72	16	88	0.18181818181818182	5	4	1	1.2066	1	1.2066	1.0	True	0.55	3.76
6	10529606	C	T	GCNT2	Silent	65	6	71	0.08450704225352113	5	4	1	0.5608	1	0.5608	0.5608	False	0.55	3.76
6	12163672	C	G	HIVEP1	Missense_Mutation	88	19	107	0.17757009345794392	4	4	0	1.0008	1	1.0008	1.0	True	0.55	3.76
6	26124824	G	C	HIST1H2AC	Missense_Mutation	55	17	72	0.2361111111111111	4	4	0	1.3308	1	1.3308	1.0	True	0.55	3.76
6	26502076	G	A	BTN1A1	Missense_Mutation	63	17	80	0.2125	4	4	0	1.1977	1	1.1977	1.0	True	0.55	3.76
6	26598252	G	T	ABT1	Missense_Mutation	40	9	49	0.1836734693877551	4	4	0	1.0353	1	1.0353	1.0	True	0.55	3.76
6	28967725	C	G	ZNF311	Intron	15	3	18	0.16666666666666666	5	4	0	1.1061	1	1.1061	1.0	True	0.55	3.76
6	29408157	A	G	OR10C1	Missense_Mutation	43	13	56	0.23214285714285715	5	4	0	1.5406	2	0.7703	0.7703	False	0.55	3.76
6	29691174	T	C	HLA-F	5'Flank	23	6	29	0.20689655172413793	5	4	0	1.373	1	1.373	1.0	True	0.55	3.76
6	30071355	C	T	TRIM31	Silent	111	17	128	0.1328125	5	4	0	0.8814	1	0.8814	0.8814	True	0.55	3.76
6	31625865	G	A	APOM	Silent	146	20	166	0.12048192771084337	5	4	0	0.7996	1	0.7996	0.7996	False	0.55	3.76
6	35209366	C	G	SCUBE3	Silent	130	11	141	0.07801418439716312	5	4	0	0.5177	1	0.5177	0.5177	False	0.55	3.76
6	36294441	C	G	C6orf222	Missense_Mutation	294	33	327	0.10091743119266056	7	7	1	0.8716	1	0.8716	0.8716	True	0.55	3.76
6	38705690	C	T	DNAH8	Missense_Mutation	356	21	377	0.05570291777188329	7	7	1	0.4811	1	0.4811	0.4811	False	0.55	3.76
6	43308097	T	C	ZNF318	Silent	116	23	139	0.16546762589928057	4	3	2	0.9326	1	0.9326	0.9326	True	0.55	3.76
6	44336233	C	A	SPATS1	Nonsense_Mutation	75	6	81	0.07407407407407407	4	3	2	0.4175	1	0.4175	0.4175	False	0.55	3.76
6	46690628	T	A	PLA2G7	Translation_Start_Site	18	28	46	0.6086956521739131	4	3	2	3.4308	3	1.1436	1.0	True	0.55	3.76
6	47682876	C	A	GPR115	Missense_Mutation	108	40	148	0.2702702702702703	4	3	2	1.5233	2	0.7617	0.7617	False	0.55	3.76
6	49698888	C	T	CRISP3	Missense_Mutation	57	36	93	0.3870967741935484	4	3	2	2.1818	2	1.0909	1.0	True	0.55	3.76
6	49936541	C	A	DEFB113	Missense_Mutation	35	5	40	0.125	4	3	2	0.7045	1	0.7045	0.7045	False	0.55	3.76
6	51712598	G	T	PKHD1	Missense_Mutation	79	42	121	0.34710743801652894	4	3	2	1.9564	2	0.9782	0.9782	True	0.55	3.76
6	51889474	C	A	PKHD1	Missense_Mutation	49	21	70	0.3	4	3	2	1.6909	2	0.8455	0.8455	False	0.55	3.76
6	54219322	G	T	TINAG	Missense_Mutation	48	13	61	0.21311475409836064	4	3	2	1.2012	1	1.2012	1.0	True	0.55	3.76
6	55266671	C	A	GFRAL	3'UTR	22	8	30	0.26666666666666666	4	3	2	1.503	2	0.7515	0.7515	False	0.55	3.76
6	56483848	C	G	DST	Intron	58	10	68	0.14705882352941177	4	3	2	0.8289	1	0.8289	0.8289	False	0.55	3.76
6	62995788	C	A	KHDRBS2	Silent	23	18	41	0.43902439024390244	4	3	2	2.4745	2	1.2373	1.0	True	0.55	3.76
6	69666619	C	A	BAI3	Silent	99	53	152	0.34868421052631576	4	3	2	1.9653	2	0.9827	0.9827	True	0.55	3.76
6	69785913	G	C	BAI3	Missense_Mutation	64	24	88	0.2727272727272727	4	3	2	1.5372	2	0.7686	0.7686	False	0.55	3.76
6	70646688	G	T	COL19A1	Missense_Mutation	88	24	112	0.21428571428571427	4	3	2	1.2078	1	1.2078	1.0	True	0.55	3.76
6	70646689	G	T	COL19A1	Missense_Mutation	90	23	113	0.20353982300884957	4	3	2	1.1472	1	1.1472	1.0	True	0.55	3.76
6	70897948	C	T	COL19A1	Missense_Mutation	16	11	27	0.4074074074074074	4	3	2	2.2963	2	1.1481	1.0	True	0.55	3.76
6	71234590	G	C	FAM135A	Missense_Mutation	21	3	24	0.125	4	3	2	0.7045	1	0.7045	0.7045	False	0.55	3.76
6	76124490	G	A	FILIP1	Nonsense_Mutation	191	24	215	0.11162790697674418	5	3	2	0.7408	1	0.7408	0.7408	False	0.55	3.76
6	84563413	G	T	RIPPLY2	Splice_Site	4	11	15	0.7333333333333333	2	2	0	2.6667	2	1.3333	1.0	True	0.55	3.76
6	101053536	G	A	ASCC3	Silent	57	12	69	0.17391304347826086	3	2	1	0.8063	1	0.8063	0.8063	False	0.55	3.76
6	108066223	G	T	SCML4	Missense_Mutation	60	10	70	0.14285714285714285	3	2	1	0.6623	1	0.6623	0.6623	False	0.55	3.76
6	114378531	G	T	HS3ST5	Missense_Mutation	57	29	86	0.3372093023255814	3	2	1	1.5634	2	0.7817	0.7817	False	0.55	3.76
6	116747753	C	T	DSE	Missense_Mutation	51	37	88	0.42045454545454547	3	2	1	1.9494	2	0.9747	0.9747	True	0.55	3.76
6	117237179	G	T	RFX6	Silent	50	8	58	0.13793103448275862	3	2	1	0.6395	1	0.6395	0.6395	False	0.55	3.76
6	123591004	G	T	TRDN	Silent	29	8	37	0.21621621621621623	3	2	1	1.0025	1	1.0025	1.0	True	0.55	3.76
6	129468115	G	T	LAMA2	Silent	111	20	131	0.15267175572519084	3	2	1	0.7078	1	0.7078	0.7078	False	0.55	3.76
6	129513894	G	A	LAMA2	Missense_Mutation	39	35	74	0.47297297297297297	3	2	1	2.1929	2	1.0964	1.0	True	0.55	3.76
6	129826417	A	T	LAMA2	Nonsense_Mutation	35	23	58	0.39655172413793105	3	2	1	1.8386	2	0.9193	0.9193	True	0.55	3.76
6	130166922	C	T	TMEM244	Missense_Mutation	49	33	82	0.4024390243902439	3	2	1	1.8659	2	0.9329	0.9329	True	0.55	3.76
6	146266723	C	A	SHPRH	Nonsense_Mutation	10	8	18	0.4444444444444444	2	2	0	1.6162	2	0.8081	0.8081	False	0.55	3.76
6	151672917	G	C	AKAP12	Missense_Mutation	24	8	32	0.25	2	2	0	0.9091	1	0.9091	0.9091	True	0.55	3.76
6	157522225	G	C	ARID1B	Missense_Mutation	59	20	79	0.25316455696202533	2	2	0	0.9206	1	0.9206	0.9206	True	0.55	3.76
6	158902115	G	C	TULP4	Missense_Mutation	59	27	86	0.313953488372093	2	2	0	1.1416	1	1.1416	1.0	True	0.55	3.76
6	159654537	C	A	FNDC1	Missense_Mutation	9	9	18	0.5	2	2	0	1.8182	2	0.9091	0.9091	True	0.55	3.76
6	161016500	G	T	LPA	Missense_Mutation	58	45	103	0.4368932038834951	3	2	1	2.0256	2	1.0128	1.0	True	0.55	3.76
7	6487448	C	A	DAGLB	Missense_Mutation	22	4	26	0.15384615384615385	5	3	2	1.021	1	1.021	1.0	True	0.55	3.76
7	20198817	T	C	MACC1	Silent	41	7	48	0.14583333333333334	4	2	2	0.822	1	0.822	0.822	False	0.55	3.76
7	20725427	G	C	ABCB5	Missense_Mutation	43	26	69	0.37681159420289856	4	2	2	2.1238	2	1.0619	1.0	True	0.55	3.76
7	21985487	C	A	CDCA7L	5'UTR	5	6	11	0.5454545454545454	4	2	2	3.0744	2	1.5372	1.0	True	0.55	3.76
7	24846453	C	G	OSBPL3	Missense_Mutation	80	15	95	0.15789473684210525	4	2	2	0.89	1	0.89	0.89	True	0.55	3.76
7	29234691	A	T	CPVL	Splice_Site	27	8	35	0.22857142857142856	3	2	1	1.0597	1	1.0597	1.0	True	0.55	3.76
7	37890266	A	G	NME8	Missense_Mutation	90	16	106	0.1509433962264151	3	2	1	0.6998	1	0.6998	0.6998	False	0.55	3.76
7	37956065	C	T	SFRP4	Silent	37	13	50	0.26	3	2	1	1.2055	1	1.2055	1.0	True	0.55	3.76
7	41729708	C	A	INHBA	Missense_Mutation	22	4	26	0.15384615384615385	3	2	1	0.7133	1	0.7133	0.7133	False	0.55	3.76
7	42005202	C	T	GLI3	Missense_Mutation	124	34	158	0.21518987341772153	3	2	1	0.9977	1	0.9977	0.9977	True	0.55	3.76
7	43508550	G	T	HECW1	Missense_Mutation	43	43	86	0.5	4	3	1	2.8182	3	0.9394	0.9394	True	0.55	3.76
7	44281927	C	T	CAMK2B	Missense_Mutation	107	9	116	0.07758620689655173	4	3	1	0.4373	1	0.4373	0.4373	False	0.55	3.76
7	44747304	C	T	OGDH	Missense_Mutation	76	9	85	0.10588235294117647	4	3	1	0.5968	1	0.5968	0.5968	False	0.55	3.76
7	44801331	G	A	ZMIZ2	Missense_Mutation	26	17	43	0.3953488372093023	4	3	1	2.2283	2	1.1142	1.0	True	0.55	3.76
7	57529323	G	T	ZNF716	Missense_Mutation	38	3	41	0.07317073170731707	4	3	1	0.4124	1	0.4124	0.4124	False	0.55	3.76
7	82584891	C	A	PCLO	Missense_Mutation	19	22	41	0.5365853658536586	3	3	0	2.4878	2	1.2439	1.0	True	0.55	3.76
7	82584893	C	A	PCLO	Missense_Mutation	20	20	40	0.5	3	3	0	2.3182	2	1.1591	1.0	True	0.55	3.76
7	83022004	C	A	SEMA3E	Missense_Mutation	25	46	71	0.647887323943662	3	3	0	3.0038	3	1.0013	1.0	True	0.55	3.76
7	90042003	G	A	CLDN12	Missense_Mutation	48	38	86	0.4418604651162791	3	3	0	2.0486	2	1.0243	1.0	True	0.55	3.76
7	97862844	C	A	TECPR1	Missense_Mutation	6	4	10	0.4	3	3	0	1.8545	2	0.9273	0.9273	True	0.55	3.76
7	100075039	C	G	TSC22D4	Missense_Mutation	8	9	17	0.5294117647058824	3	3	0	2.4545	2	1.2273	1.0	True	0.55	3.76
7	100551536	C	T	MUC3A	Missense_Mutation	143	13	156	0.08333333333333333	3	3	0	0.3864	1	0.3864	0.3864	False	0.55	3.76
7	100693917	G	T	MUC17	Splice_Site	12	11	23	0.4782608695652174	3	3	0	2.2174	2	1.1087	1.0	True	0.55	3.76
7	103163886	C	T	RELN	Missense_Mutation	86	26	112	0.23214285714285715	3	3	0	1.0763	1	1.0763	1.0	True	0.55	3.76
7	107642018	G	T	LAMB1	Silent	12	5	17	0.29411764705882354	3	3	0	1.3636	1	1.3636	1.0	True	0.55	3.76
7	111846768	G	T	ZNF277	5'UTR	9	11	20	0.55	3	3	0	2.55	3	0.85	0.85	True	0.55	3.76
7	127255358	C	T	PAX4	Intron	8	5	13	0.38461538461538464	3	3	0	1.7832	2	0.8916	0.8916	True	0.55	3.76
7	128505563	A	T	ATP6V1F	Silent	15	22	37	0.5945945945945946	3	3	0	2.7568	3	0.9189	0.9189	True	0.55	3.76
7	129120676	C	G	STRIP2	Missense_Mutation	93	21	114	0.18421052631578946	3	3	0	0.8541	1	0.8541	0.8541	True	0.55	3.76
7	131844347	G	T	PLXNA4	Silent	92	176	268	0.6567164179104478	3	3	0	3.0448	3	1.0149	1.0	True	0.55	3.76
7	135322691	G	T	NUP205	Nonsense_Mutation	34	6	40	0.15	3	3	0	0.6955	1	0.6955	0.6955	False	0.55	3.76
7	135376299	C	G	SLC13A4	Missense_Mutation	29	7	36	0.19444444444444445	3	3	0	0.9015	1	0.9015	0.9015	True	0.55	3.76
7	136699780	C	A	CHRM2	Silent	40	63	103	0.6116504854368932	3	3	0	2.8358	3	0.9453	0.9453	True	0.55	3.76
7	136700015	C	A	CHRM2	Silent	41	23	64	0.359375	3	3	0	1.6662	2	0.8331	0.8331	False	0.55	3.76
7	136700016	G	A	CHRM2	Missense_Mutation	39	23	62	0.3709677419354839	3	3	0	1.7199	2	0.86	0.86	True	0.55	3.76
7	136700405	G	T	CHRM2	Missense_Mutation	19	18	37	0.4864864864864865	3	3	0	2.2555	2	1.1278	1.0	True	0.55	3.76
7	137293787	A	T	DGKI	Missense_Mutation	43	28	71	0.39436619718309857	3	3	0	1.8284	2	0.9142	0.9142	True	0.55	3.76
7	142510430	C	A	TRBV30	Missense_Mutation	11	4	15	0.26666666666666666	3	3	0	1.2364	1	1.2364	1.0	True	0.55	3.76
7	143701627	G	T	OR6B1	Missense_Mutation	47	15	62	0.24193548387096775	3	3	0	1.1217	1	1.1217	1.0	True	0.55	3.76
7	150174177	C	T	GIMAP8	Intron	41	43	84	0.5119047619047619	3	3	0	2.3734	2	1.1867	1.0	True	0.55	3.76
7	150840846	G	T	AGAP3	Missense_Mutation	23	46	69	0.6666666666666666	3	3	0	3.0909	3	1.0303	1.0	True	0.55	3.76
7	158455020	T	C	NCAPG2	Missense_Mutation	53	7	60	0.11666666666666667	2	1	1	0.4242	1	0.4242	0.4242	False	0.55	3.76
8	3045446	G	T	CSMD1	Silent	38	14	52	0.2692307692307692	3	1	1	1.2483	1	1.2483	1.0	True	0.55	3.76
8	10466103	T	C	RP1L1	Missense_Mutation	147	65	212	0.30660377358490565	3	1	1	1.4215	1	1.4215	1.0	True	0.55	3.76
8	10623297	C	T	PINX1	Missense_Mutation	141	48	189	0.25396825396825395	3	1	1	1.1775	1	1.1775	1.0	True	0.55	3.76
8	13356917	C	T	DLC1	Missense_Mutation	117	30	147	0.20408163265306123	3	1	1	0.9462	1	0.9462	0.9462	True	0.55	3.76
8	19362965	C	A	CSGALNACT1	Missense_Mutation	63	29	92	0.31521739130434784	3	1	1	1.4615	1	1.4615	1.0	True	0.55	3.76
8	22974613	G	T	TNFRSF10C	3'UTR	19	8	27	0.2962962962962963	3	1	1	1.3737	1	1.3737	1.0	True	0.55	3.76
8	28378250	C	G	FZD3	Silent	145	51	196	0.2602040816326531	3	1	1	1.2064	1	1.2064	1.0	True	0.55	3.76
8	30703622	T	C	TEX15	Missense_Mutation	47	29	76	0.3815789473684211	3	1	1	1.7691	1	1.7691	1.0	True	0.55	3.76
8	30705432	C	T	TEX15	Missense_Mutation	18	5	23	0.21739130434782608	3	1	1	1.0079	1	1.0079	1.0	True	0.55	3.76
8	42179970	G	T	IKBKB	Missense_Mutation	107	28	135	0.2074074074074074	3	1	1	0.9616	1	0.9616	0.9616	True	0.55	3.76
8	51705360	A	G	SNTG1	Missense_Mutation	64	29	93	0.3118279569892473	3	1	1	1.4457	1	1.4457	1.0	True	0.55	3.76
8	67422362	G	A	C8orf46	Silent	80	17	97	0.17525773195876287	3	1	1	0.8126	1	0.8126	0.8126	False	0.55	3.76
8	67791074	C	G	MCMDC2	Missense_Mutation	30	14	44	0.3181818181818182	3	1	1	1.4752	1	1.4752	1.0	True	0.55	3.76
8	70978496	C	A	PRDM14	Missense_Mutation	47	22	69	0.3188405797101449	3	1	1	1.4783	1	1.4783	1.0	True	0.55	3.76
8	75927069	C	T	CRISPLD1	Missense_Mutation	24	6	30	0.2	3	1	1	0.9273	1	0.9273	0.9273	True	0.55	3.76
8	77619980	C	A	ZFHX4	Silent	17	8	25	0.32	3	1	1	1.4836	1	1.4836	1.0	True	0.55	3.76
8	80976712	C	A	TPD52	Splice_Site	51	17	68	0.25	3	1	1	1.1591	1	1.1591	1.0	True	0.55	3.76
8	85441665	G	A	RALYL	Missense_Mutation	15	6	21	0.2857142857142857	3	1	1	1.3247	1	1.3247	1.0	True	0.55	3.76
8	88885761	C	A	DCAF4L2	Missense_Mutation	51	23	74	0.3108108108108108	3	1	1	1.441	1	1.441	1.0	True	0.55	3.76
8	92346636	A	T	SLC26A7	Missense_Mutation	19	5	24	0.20833333333333334	3	1	1	0.9659	1	0.9659	0.9659	True	0.55	3.76
8	95264412	C	A	GEM	Missense_Mutation	65	26	91	0.2857142857142857	3	1	1	1.3247	1	1.3247	1.0	True	0.55	3.76
8	95690505	T	C	ESRP1	Missense_Mutation	30	17	47	0.3617021276595745	3	1	1	1.677	1	1.677	1.0	True	0.55	3.76
8	105001560	G	T	RIMS2	Silent	108	38	146	0.2602739726027397	3	1	1	1.2067	1	1.2067	1.0	True	0.55	3.76
8	106811019	G	T	ZFPM2	Missense_Mutation	29	10	39	0.2564102564102564	3	1	1	1.1888	1	1.1888	1.0	True	0.55	3.76
8	108306254	A	T	ANGPT1	Missense_Mutation	75	33	108	0.3055555555555556	3	1	1	1.4167	1	1.4167	1.0	True	0.55	3.76
8	114031388	G	C	CSMD3	Missense_Mutation	68	24	92	0.2608695652173913	3	1	1	1.2095	1	1.2095	1.0	True	0.55	3.76
8	116616280	A	C	TRPS1	Missense_Mutation	26	11	37	0.2972972972972973	3	1	1	1.3784	1	1.3784	1.0	True	0.55	3.76
8	124349935	C	A	ATAD2	Missense_Mutation	42	13	55	0.23636363636363636	3	1	1	1.0959	1	1.0959	1.0	True	0.55	3.76
8	133734362	C	T	TMEM71	Splice_Site	62	23	85	0.27058823529411763	3	1	1	1.2545	1	1.2545	1.0	True	0.55	3.76
8	136554930	G	C	KHDRBS3	Missense_Mutation	52	25	77	0.3246753246753247	3	1	1	1.5053	1	1.5053	1.0	True	0.55	3.76
8	139144932	G	C	FAM135B	Missense_Mutation	183	56	239	0.23430962343096234	3	1	1	1.0863	1	1.0863	1.0	True	0.55	3.76
8	141549469	C	T	AGO2	Missense_Mutation	43	13	56	0.23214285714285715	3	1	1	1.0763	1	1.0763	1.0	True	0.55	3.76
8	143763484	G	T	PSCA	Silent	35	17	52	0.3269230769230769	3	1	1	1.5157	1	1.5157	1.0	True	0.55	3.76
8	144895510	C	G	SCRIB	Missense_Mutation	68	23	91	0.25274725274725274	3	1	1	1.1718	1	1.1718	1.0	True	0.55	3.76
9	968083	C	A	DMRT1	Missense_Mutation	63	30	93	0.3225806451612903	2	1	1	1.173	1	1.173	1.0	True	0.55	3.76
9	990658	C	G	DMRT3	Missense_Mutation	28	32	60	0.5333333333333333	2	1	1	1.9394	1	1.9394	1.0	True	0.55	3.76
9	4844632	A	C	RCL1	Missense_Mutation	170	55	225	0.24444444444444444	5	3	2	1.6222	2	0.8111	0.8111	False	0.55	3.76
9	5029897	A	G	JAK2	Missense_Mutation	186	28	214	0.1308411214953271	5	3	2	0.8683	1	0.8683	0.8683	True	0.55	3.76
9	6888033	A	G	KDM4C	Silent	62	114	176	0.6477272727272727	2	1	1	2.3554	1	2.3554	1.0	True	0.55	3.76
9	32480281	G	A	DDX58	Silent	125	14	139	0.10071942446043165	6	6	0	0.7691	1	0.7691	0.7691	False	0.55	3.76
9	32630650	G	C	TAF1L	Missense_Mutation	41	128	169	0.757396449704142	6	6	0	5.7838	6	0.964	0.964	True	0.55	3.76
9	33465774	C	G	NOL6	Missense_Mutation	31	3	34	0.08823529411764706	6	6	0	0.6738	1	0.6738	0.6738	False	0.55	3.76
9	36170694	C	G	CCIN	Missense_Mutation	32	81	113	0.7168141592920354	4	4	0	4.0402	4	1.0101	1.0	True	0.55	3.76
9	37745949	C	A	FRMPD1	Missense_Mutation	36	6	42	0.14285714285714285	2	2	0	0.5195	1	0.5195	0.5195	False	0.55	3.76
9	77354675	G	C	TRPM6	Missense_Mutation	120	17	137	0.12408759124087591	3	3	0	0.5753	1	0.5753	0.5753	False	0.55	3.76
9	91661855	G	T	SHC3	Missense_Mutation	19	50	69	0.7246376811594203	3	3	0	3.3597	3	1.1199	1.0	True	0.55	3.76
9	100692953	G	A	HEMGN	Missense_Mutation	99	118	217	0.543778801843318	3	3	0	2.5212	3	0.8404	0.8404	False	0.55	3.76
9	104238469	C	G	TMEM246	Missense_Mutation	51	64	115	0.5565217391304348	3	3	0	2.5802	3	0.8601	0.8601	True	0.55	3.76
9	116930095	G	T	COL27A1	Missense_Mutation	38	73	111	0.6576576576576577	3	3	0	3.0491	3	1.0164	1.0	True	0.55	3.76
9	117405509	G	T	C9orf91	Silent	33	65	98	0.6632653061224489	3	3	0	3.0751	3	1.025	1.0	True	0.55	3.76
9	119203026	C	G	ASTN2	Missense_Mutation	103	9	112	0.08035714285714286	3	3	0	0.3726	1	0.3726	0.3726	False	0.55	3.76
9	124979357	G	T	LHX6	Silent	39	52	91	0.5714285714285714	3	3	0	2.6494	3	0.8831	0.8831	True	0.55	3.76
9	125681796	C	T	ZBTB26	Missense_Mutation	53	17	70	0.24285714285714285	3	3	0	1.126	1	1.126	1.0	True	0.55	3.76
9	134471693	T	C	RAPGEF1	Missense_Mutation	61	13	74	0.17567567567567569	3	3	0	0.8145	1	0.8145	0.8145	False	0.55	3.76
9	135114648	C	T	NTNG2	Silent	52	6	58	0.10344827586206896	3	3	0	0.4796	1	0.4796	0.4796	False	0.55	3.76
9	136521726	G	T	DBH	Missense_Mutation	39	4	43	0.09302325581395349	3	3	0	0.4313	1	0.4313	0.4313	False	0.55	3.76
9	138669354	C	T	KCNT1	Silent	14	22	36	0.6111111111111112	3	3	0	2.8333	3	0.9444	0.9444	True	0.55	3.76
9	140772602	C	A	CACNA1B	Missense_Mutation	27	9	36	0.25	3	3	0	1.1591	1	1.1591	1.0	True	0.55	3.76
10	860887	C	A	LARP4B	Missense_Mutation	51	21	72	0.2916666666666667	3	3	0	1.3523	1	1.3523	1.0	True	0.55	3.76
10	4877928	G	T	AKR1E2	Missense_Mutation	37	37	74	0.5	3	3	0	2.3182	2	1.1591	1.0	True	0.55	3.76
10	5969492	G	A	FBXO18	Silent	68	20	88	0.22727272727272727	3	3	0	1.0537	1	1.0537	1.0	True	0.55	3.76
10	16563060	A	G	C1QL3	Missense_Mutation	8	9	17	0.5294117647058824	3	3	0	2.4545	2	1.2273	1.0	True	0.55	3.76
10	18803262	C	A	CACNB2	Silent	44	16	60	0.26666666666666666	3	3	0	1.2364	1	1.2364	1.0	True	0.55	3.76
10	18803263	C	T	CACNB2	Missense_Mutation	45	16	61	0.26229508196721313	3	3	0	1.2161	1	1.2161	1.0	True	0.55	3.76
10	26465695	G	T	MYO3A	Missense_Mutation	29	28	57	0.49122807017543857	3	3	0	2.2775	2	1.1388	1.0	True	0.55	3.76
10	30658088	C	A	AL161651.1	5'Flank	25	30	55	0.5454545454545454	3	3	0	2.5289	3	0.843	0.843	False	0.55	3.76
10	52005175	G	T	ASAH2	Missense_Mutation	14	5	19	0.2631578947368421	3	3	0	1.2201	1	1.2201	1.0	True	0.55	3.76
10	59956230	T	A	IPMK	Silent	22	12	34	0.35294117647058826	3	3	0	1.6364	2	0.8182	0.8182	False	0.55	3.76
10	70405772	G	C	TET1	Missense_Mutation	52	6	58	0.10344827586206896	3	3	0	0.4796	1	0.4796	0.4796	False	0.55	3.76
10	75204447	C	G	PPP3CB	Intron	19	5	24	0.20833333333333334	3	3	0	0.9659	1	0.9659	0.9659	True	0.55	3.76
10	76780503	G	C	KAT6B	Silent	59	13	72	0.18055555555555555	3	3	0	0.8371	1	0.8371	0.8371	False	0.55	3.76
10	76861663	C	A	DUSP13	Intron	82	68	150	0.4533333333333333	3	3	0	2.1018	2	1.0509	1.0	True	0.55	3.76
10	78674762	G	T	KCNMA1	Missense_Mutation	78	140	218	0.6422018348623854	3	3	0	2.9775	3	0.9925	0.9925	True	0.55	3.76
10	86259650	C	G	CCSER2	Missense_Mutation	99	12	111	0.10810810810810811	3	3	0	0.5012	1	0.5012	0.5012	False	0.55	3.76
10	93619378	A	G	TNKS2	Missense_Mutation	27	38	65	0.5846153846153846	3	3	0	2.7105	3	0.9035	0.9035	True	0.55	3.76
10	98064330	T	A	DNTT	Missense_Mutation	32	13	45	0.28888888888888886	3	3	0	1.3394	1	1.3394	1.0	True	0.55	3.76
10	99338071	C	A	ANKRD2	Silent	23	15	38	0.39473684210526316	3	3	0	1.8301	2	0.9151	0.9151	True	0.55	3.76
10	101157226	T	G	GOT1	3'UTR	87	6	93	0.06451612903225806	3	3	0	0.2991	1	0.2991	0.2991	False	0.55	3.76
10	102222936	C	T	WNT8B	Missense_Mutation	65	12	77	0.15584415584415584	3	3	0	0.7226	1	0.7226	0.7226	False	0.55	3.76
10	102587431	C	G	PAX2	3'UTR	23	7	30	0.23333333333333334	3	3	0	1.0818	1	1.0818	1.0	True	0.55	3.76
10	105182844	G	T	PDCD11	Missense_Mutation	45	24	69	0.34782608695652173	3	3	0	1.6126	2	0.8063	0.8063	False	0.55	3.76
10	105779539	G	C	SLK	Missense_Mutation	106	16	122	0.13114754098360656	3	3	0	0.608	1	0.608	0.608	False	0.55	3.76
10	117607386	A	T	ATRNL1	Splice_Site	24	6	30	0.2	3	3	0	0.9273	1	0.9273	0.9273	True	0.55	3.76
10	118236601	G	A	PNLIPRP3	Splice_Site	32	9	41	0.21951219512195122	3	3	0	1.0177	1	1.0177	1.0	True	0.55	3.76
10	127724787	G	T	ADAM12	Silent	71	53	124	0.4274193548387097	3	3	0	1.9817	2	0.9908	0.9908	True	0.55	3.76
10	127730660	C	T	ADAM12	Intron	13	5	18	0.2777777777777778	3	3	0	1.2879	1	1.2879	1.0	True	0.55	3.76
10	127731628	G	A	ADAM12	Silent	45	3	48	0.0625	3	3	0	0.2898	1	0.2898	0.2898	False	0.55	3.76
10	131639150	G	A	EBF3	Missense_Mutation	101	12	113	0.10619469026548672	3	3	0	0.4924	1	0.4924	0.4924	False	0.55	3.76
10	131973129	A	T	GLRX3	Splice_Site	28	43	71	0.6056338028169014	3	3	0	2.8079	3	0.936	0.936	True	0.55	3.76
11	724778	C	T	EPS8L2	Silent	93	17	110	0.15454545454545454	4	4	0	0.8711	1	0.8711	0.8711	True	0.55	3.76
11	3794932	A	C	NUP98	Missense_Mutation	27	51	78	0.6538461538461539	4	4	0	3.6853	4	0.9213	0.9213	True	0.55	3.76
11	4904000	C	A	OR51T1	Missense_Mutation	80	48	128	0.375	4	4	0	2.1136	2	1.0568	1.0	True	0.55	3.76
11	5372961	C	T	OR51B6	Missense_Mutation	66	28	94	0.2978723404255319	4	4	0	1.6789	2	0.8395	0.8395	False	0.55	3.76
11	5537381	G	C	UBQLNL	Nonsense_Mutation	27	70	97	0.7216494845360825	4	4	0	4.0675	4	1.0169	1.0	True	0.55	3.76
11	5906244	C	A	OR52E4	Missense_Mutation	83	52	135	0.3851851851851852	4	4	0	2.171	2	1.0855	1.0	True	0.55	3.76
11	6260485	C	A	CNGA4	Missense_Mutation	43	16	59	0.2711864406779661	4	4	0	1.5285	2	0.7643	0.7643	False	0.55	3.76
11	6640682	A	G	TPP1	5'UTR	99	41	140	0.29285714285714287	4	4	0	1.6506	2	0.8253	0.8253	False	0.55	3.76
11	7334683	G	A	SYT9	Silent	62	9	71	0.1267605633802817	4	4	0	0.7145	1	0.7145	0.7145	False	0.55	3.76
11	11373856	C	T	CSNK2A3	Missense_Mutation	106	11	117	0.09401709401709402	4	4	0	0.5299	1	0.5299	0.5299	False	0.55	3.76
11	18231236	C	T	RP11-113D6.10	Nonsense_Mutation	5	4	9	0.4444444444444444	3	3	0	2.0606	2	1.0303	1.0	True	0.55	3.76
11	18427047	C	G	LDHA	Silent	97	4	101	0.039603960396039604	3	3	0	0.1836	1	0.1836	0.1836	False	0.55	3.76
11	18637123	G	C	SPTY2D1	Missense_Mutation	134	27	161	0.16770186335403728	3	3	0	0.7775	1	0.7775	0.7775	False	0.55	3.76
11	30032313	G	C	KCNA4	Missense_Mutation	84	36	120	0.3	3	3	0	1.3909	1	1.3909	1.0	True	0.55	3.76
11	31824340	C	A	PAX6	Missense_Mutation	26	20	46	0.43478260869565216	3	3	0	2.0158	2	1.0079	1.0	True	0.55	3.76
11	36511633	C	A	TRAF6	Missense_Mutation	25	22	47	0.46808510638297873	3	3	0	2.1702	2	1.0851	1.0	True	0.55	3.76
11	36597395	A	G	RAG1	Silent	47	9	56	0.16071428571428573	3	3	0	0.7451	1	0.7451	0.7451	False	0.55	3.76
11	45274040	G	C	SYT13	Missense_Mutation	70	19	89	0.21348314606741572	3	3	0	0.9898	1	0.9898	0.9898	True	0.55	3.76
11	55595525	C	G	OR5L2	Missense_Mutation	52	7	59	0.11864406779661017	3	3	0	0.5501	1	0.5501	0.5501	False	0.55	3.76
11	55735431	C	A	OR10AG1	Missense_Mutation	46	11	57	0.19298245614035087	3	3	0	0.8947	1	0.8947	0.8947	True	0.55	3.76
11	55761839	T	C	OR5F1	Missense_Mutation	65	17	82	0.2073170731707317	3	3	0	0.9612	1	0.9612	0.9612	True	0.55	3.76
11	55860955	C	A	OR8I2	Missense_Mutation	138	78	216	0.3611111111111111	3	3	0	1.6742	2	0.8371	0.8371	False	0.55	3.76
11	55861147	C	A	OR8I2	Missense_Mutation	34	68	102	0.6666666666666666	3	3	0	3.0909	3	1.0303	1.0	True	0.55	3.76
11	56000397	T	A	OR5T2	Missense_Mutation	37	10	47	0.2127659574468085	3	3	0	0.9865	1	0.9865	0.9865	True	0.55	3.76
11	60777208	A	T	CD6	Nonsense_Mutation	63	15	78	0.19230769230769232	3	3	0	0.8916	1	0.8916	0.8916	True	0.55	3.76
11	60777209	A	G	CD6	Missense_Mutation	64	14	78	0.1794871794871795	3	3	0	0.8322	1	0.8322	0.8322	False	0.55	3.76
11	61917542	C	G	INCENP	Missense_Mutation	87	14	101	0.13861386138613863	3	3	0	0.6427	1	0.6427	0.6427	False	0.55	3.76
11	62472928	G	A	BSCL2	Silent	41	12	53	0.22641509433962265	3	3	0	1.0497	1	1.0497	1.0	True	0.55	3.76
11	62598658	G	C	STX5	Missense_Mutation	9	2	11	0.18181818181818182	3	3	0	0.843	1	0.843	0.843	False	0.55	3.76
11	64136986	G	A	RPS6KA4	Silent	25	4	29	0.13793103448275862	3	3	0	0.6395	1	0.6395	0.6395	False	0.55	3.76
11	74915622	G	A	SLCO2B1	Silent	35	10	45	0.2222222222222222	3	3	0	1.0303	1	1.0303	1.0	True	0.55	3.76
11	92543184	T	C	FAT3	Silent	47	27	74	0.36486486486486486	3	3	0	1.6916	2	0.8458	0.8458	False	0.55	3.76
11	92714731	G	T	MTNR1B	Missense_Mutation	87	15	102	0.14705882352941177	3	3	0	0.6818	1	0.6818	0.6818	False	0.55	3.76
11	92714732	G	T	MTNR1B	Missense_Mutation	86	14	100	0.14	3	3	0	0.6491	1	0.6491	0.6491	False	0.55	3.76
11	102487653	G	T	MMP20	Missense_Mutation	25	21	46	0.45652173913043476	3	3	0	2.1166	2	1.0583	1.0	True	0.55	3.76
11	105781191	G	T	GRIA4	Missense_Mutation	75	10	85	0.11764705882352941	3	3	0	0.5455	1	0.5455	0.5455	False	0.55	3.76
11	108562632	G	A	DDX10	Silent	43	55	98	0.5612244897959183	3	3	0	2.602	3	0.8673	0.8673	True	0.55	3.76
11	111943723	A	T	PIH1D2	Missense_Mutation	29	35	64	0.546875	3	3	0	2.5355	3	0.8452	0.8452	False	0.55	3.76
11	111957457	C	G	TIMM8B	Silent	10	2	12	0.16666666666666666	3	3	0	0.7727	1	0.7727	0.7727	False	0.55	3.76
11	113281511	T	C	DRD2	Missense_Mutation	107	33	140	0.2357142857142857	3	3	0	1.0929	1	1.0929	1.0	True	0.55	3.76
11	113283453	G	T	DRD2	Missense_Mutation	55	27	82	0.32926829268292684	3	3	0	1.5266	2	0.7633	0.7633	False	0.55	3.76
11	113283469	T	G	DRD2	Missense_Mutation	64	32	96	0.3333333333333333	3	3	0	1.5455	2	0.7727	0.7727	False	0.55	3.76
11	118971834	C	T	DPAGT1	Missense_Mutation	42	7	49	0.14285714285714285	3	3	0	0.6623	1	0.6623	0.6623	False	0.55	3.76
11	122738263	G	C	CRTAM	Missense_Mutation	42	6	48	0.125	3	3	0	0.5795	1	0.5795	0.5795	False	0.55	3.76
11	123065631	G	T	CLMP	Silent	34	5	39	0.1282051282051282	3	3	0	0.5944	1	0.5944	0.5944	False	0.55	3.76
11	123813849	C	A	OR6T1	Nonsense_Mutation	17	33	50	0.66	3	3	0	3.06	3	1.02	1.0	True	0.55	3.76
11	124135472	C	G	OR8G5	Silent	108	16	124	0.12903225806451613	3	3	0	0.5982	1	0.5982	0.5982	False	0.55	3.76
11	124743218	G	T	ROBO3	Missense_Mutation	12	5	17	0.29411764705882354	3	3	0	1.3636	1	1.3636	1.0	True	0.55	3.76
11	129762741	C	T	NFRKB	Missense_Mutation	110	13	123	0.10569105691056911	3	3	0	0.49	1	0.49	0.49	False	0.55	3.76
12	977998	G	T	WNK1	Intron	20	64	84	0.7619047619047619	5	5	0	5.0563	5	1.0113	1.0	True	0.55	3.76
12	1481101	G	A	ERC1	Silent	44	13	57	0.22807017543859648	5	5	0	1.5136	2	0.7568	0.7568	False	0.55	3.76
12	4920437	G	A	KCNA6	Silent	100	61	161	0.37888198757763975	5	5	0	2.5144	3	0.8381	0.8381	False	0.55	3.76
12	9224999	A	C	A2M	Missense_Mutation	39	4	43	0.09302325581395349	5	5	0	0.6173	1	0.6173	0.6173	False	0.55	3.76
12	14649278	G	A	ATF7IP	Splice_Site	19	39	58	0.6724137931034483	5	5	0	4.4624	4	1.1156	1.0	True	0.55	3.76
12	14927396	G	C	H2AFJ	5'UTR	55	6	61	0.09836065573770492	5	5	0	0.6528	1	0.6528	0.6528	False	0.55	3.76
12	21028237	G	T	SLCO1B3	Nonsense_Mutation	26	112	138	0.8115942028985508	5	5	0	5.386	5	1.0772	1.0	True	0.55	3.76
12	25398284	C	G	KRAS	Missense_Mutation	7	28	35	0.8	5	5	0	5.3091	5	1.0618	1.0	True	0.55	3.76
12	26868721	C	G	ITPR2	Missense_Mutation	137	5	142	0.035211267605633804	5	5	0	0.2337	1	0.2337	0.2337	False	0.55	3.76
12	41966616	G	C	PDZRN4	Missense_Mutation	86	17	103	0.1650485436893204	5	5	0	1.0953	1	1.0953	1.0	True	0.55	3.76
12	45803234	G	T	ANO6	Missense_Mutation	41	110	151	0.7284768211920529	5	5	0	4.8344	5	0.9669	0.9669	True	0.55	3.76
12	48141561	G	A	RAPGEF3	Silent	36	6	42	0.14285714285714285	5	5	0	0.9481	1	0.9481	0.9481	True	0.55	3.76
12	49439942	G	T	KMT2D	Silent	15	4	19	0.21052631578947367	5	5	0	1.3971	1	1.3971	1.0	True	0.55	3.76
12	52281848	C	A	ANKRD33	5'UTR	8	5	13	0.38461538461538464	5	5	0	2.5524	3	0.8508	0.8508	True	0.55	3.76
12	53849708	G	C	PCBP2	Missense_Mutation	272	21	293	0.07167235494880546	7	5	3	0.619	1	0.619	0.619	False	0.55	3.76
12	55846495	C	G	OR6C2	Missense_Mutation	254	22	276	0.07971014492753623	7	5	3	0.6884	1	0.6884	0.6884	False	0.55	3.76
12	56222305	A	C	DNAJC14	Silent	106	95	201	0.472636815920398	7	5	3	4.0819	4	1.0205	1.0	True	0.55	3.76
12	56712162	G	A	PAN2	Nonsense_Mutation	171	23	194	0.11855670103092783	7	5	3	1.0239	1	1.0239	1.0	True	0.55	3.76
12	57605102	G	A	LRP1	Missense_Mutation	112	55	167	0.32934131736526945	7	5	3	2.8443	3	0.9481	0.9481	True	0.55	3.76
12	64437254	C	A	SRGAP1	Missense_Mutation	17	38	55	0.6909090909090909	5	5	0	4.5851	5	0.917	0.917	True	0.55	3.76
12	72009061	G	A	ZFC3H1	Missense_Mutation	100	11	111	0.0990990990990991	5	5	0	0.6577	1	0.6577	0.6577	False	0.55	3.76
12	72667195	C	A	TRHDE	Missense_Mutation	125	13	138	0.09420289855072464	5	5	0	0.6252	1	0.6252	0.6252	False	0.55	3.76
12	76786453	C	T	OSBPL8	Silent	75	10	85	0.11764705882352941	5	5	0	0.7807	1	0.7807	0.7807	False	0.55	3.76
12	88584229	G	C	TMTC3	Splice_Site	66	12	78	0.15384615384615385	5	5	0	1.021	1	1.021	1.0	True	0.55	3.76
12	96354210	A	G	AMDHD1	Missense_Mutation	54	9	63	0.14285714285714285	4	4	0	0.8052	1	0.8052	0.8052	False	0.55	3.76
12	97158910	T	G	C12orf55	Missense_Mutation	82	82	164	0.5	4	4	0	2.8182	3	0.9394	0.9394	True	0.55	3.76
12	100166819	G	C	ANKS1B	Missense_Mutation	21	28	49	0.5714285714285714	4	4	0	3.2208	3	1.0736	1.0	True	0.55	3.76
12	100811895	G	T	SLC17A8	Missense_Mutation	67	55	122	0.45081967213114754	4	4	0	2.541	3	0.847	0.847	False	0.55	3.76
12	104025458	C	T	STAB2	Silent	137	21	158	0.13291139240506328	4	4	0	0.7491	1	0.7491	0.7491	False	0.55	3.76
12	104049082	A	G	STAB2	Silent	58	62	120	0.5166666666666667	4	4	0	2.9121	3	0.9707	0.9707	True	0.55	3.76
12	104152923	C	A	STAB2	Silent	71	124	195	0.6358974358974359	4	4	0	3.5841	4	0.896	0.896	True	0.55	3.76
12	109994891	C	A	MMAB	Missense_Mutation	32	51	83	0.6144578313253012	4	4	0	3.4633	3	1.1544	1.0	True	0.55	3.76
12	111749936	A	G	CUX2	Missense_Mutation	31	8	39	0.20512820512820512	4	4	0	1.1562	1	1.1562	1.0	True	0.55	3.76
12	111956120	T	G	ATXN2	Silent	153	36	189	0.19047619047619047	4	4	0	1.0736	1	1.0736	1.0	True	0.55	3.76
12	112130648	G	C	ACAD10	Silent	140	28	168	0.16666666666666666	4	4	0	0.9394	1	0.9394	0.9394	True	0.55	3.76
12	112717042	T	C	HECTD4	Silent	19	48	67	0.7164179104477612	4	4	0	4.038	4	1.0095	1.0	True	0.55	3.76
13	26402301	G	C	ATP8A2	Missense_Mutation	69	27	96	0.28125	1	1	0	0.7415	1	0.7415	0.7415	False	0.55	3.76
13	31480812	C	A	MEDAG	Missense_Mutation	6	3	9	0.3333333333333333	3	2	1	1.5455	2	0.7727	0.7727	False	0.55	3.76
13	36046592	G	T	NBEA	Missense_Mutation	29	24	53	0.4528301886792453	3	2	1	2.0995	2	1.0497	1.0	True	0.55	3.76
13	38320089	C	A	TRPC4	Missense_Mutation	217	56	273	0.20512820512820512	3	2	1	0.951	1	0.951	0.951	True	0.55	3.76
13	50204835	C	A	ARL11	Silent	62	32	94	0.3404255319148936	3	2	1	1.5783	2	0.7892	0.7892	False	0.55	3.76
13	53029722	C	A	CKAP2	Missense_Mutation	53	10	63	0.15873015873015872	3	2	1	0.7359	1	0.7359	0.7359	False	0.55	3.76
13	86369289	G	T	SLITRK6	Missense_Mutation	42	5	47	0.10638297872340426	3	2	1	0.4932	1	0.4932	0.4932	False	0.55	3.76
13	88328530	C	T	SLITRK5	Missense_Mutation	48	37	85	0.43529411764705883	3	2	1	2.0182	2	1.0091	1.0	True	0.55	3.76
13	102250501	A	T	ITGBL1	Splice_Site	86	45	131	0.3435114503816794	4	2	2	1.9362	2	0.9681	0.9681	True	0.55	3.76
14	20528637	C	T	OR4L1	Missense_Mutation	54	33	87	0.3793103448275862	3	2	1	1.7586	2	0.8793	0.8793	True	0.55	3.76
14	20979113	C	G	RNASE10	Silent	47	14	61	0.22950819672131148	3	2	1	1.0641	1	1.0641	1.0	True	0.55	3.76
14	21991583	T	C	SALL2	Missense_Mutation	24	23	47	0.48936170212765956	3	2	1	2.2689	2	1.1344	1.0	True	0.55	3.76
14	24588398	C	G	DCAF11	Nonsense_Mutation	137	28	165	0.1696969696969697	3	2	1	0.7868	1	0.7868	0.7868	False	0.55	3.76
14	33015208	C	T	AKAP6	Missense_Mutation	242	44	286	0.15384615384615385	3	2	1	0.7133	1	0.7133	0.7133	False	0.55	3.76
14	39512034	G	C	SEC23A	Missense_Mutation	129	5	134	0.03731343283582089	3	2	1	0.173	1	0.173	0.173	False	0.55	3.76
14	42360560	C	A	LRFN5	Missense_Mutation	201	53	254	0.20866141732283464	3	2	1	0.9674	1	0.9674	0.9674	True	0.55	3.76
14	42360851	G	C	LRFN5	Missense_Mutation	40	26	66	0.3939393939393939	3	2	1	1.8264	2	0.9132	0.9132	True	0.55	3.76
14	44975043	T	C	FSCB	Missense_Mutation	82	45	127	0.3543307086614173	3	2	1	1.6428	2	0.8214	0.8214	False	0.55	3.76
14	52508850	C	A	NID2	Missense_Mutation	67	20	87	0.22988505747126436	3	2	1	1.0658	1	1.0658	1.0	True	0.55	3.76
14	53385933	C	A	FERMT2	Missense_Mutation	104	40	144	0.2777777777777778	3	2	1	1.2879	1	1.2879	1.0	True	0.55	3.76
14	68029586	C	A	PLEKHH1	Missense_Mutation	35	11	46	0.2391304347826087	3	2	1	1.1087	1	1.1087	1.0	True	0.55	3.76
14	69445737	T	C	ACTN1	Missense_Mutation	57	35	92	0.3804347826086957	3	2	1	1.7638	2	0.8819	0.8819	True	0.55	3.76
14	70634159	G	C	SLC8A3	Missense_Mutation	47	27	74	0.36486486486486486	3	2	1	1.6916	2	0.8458	0.8458	False	0.55	3.76
14	70989767	C	A	ADAM20	Nonsense_Mutation	46	19	65	0.2923076923076923	3	2	1	1.3552	1	1.3552	1.0	True	0.55	3.76
14	76107373	C	A	FLVCR2	Silent	63	21	84	0.25	2	2	0	0.9091	1	0.9091	0.9091	True	0.55	3.76
14	92471799	T	A	TRIP11	Missense_Mutation	20	11	31	0.3548387096774194	4	2	2	2.0	2	1.0	1.0	True	0.55	3.76
14	99640725	C	A	BCL11B	Silent	22	24	46	0.5217391304347826	4	3	1	2.9407	3	0.9802	0.9802	True	0.55	3.76
14	100801274	C	T	WARS	Missense_Mutation	92	10	102	0.09803921568627451	4	3	1	0.5526	1	0.5526	0.5526	False	0.55	3.76
14	101200499	C	A	DLK1	Missense_Mutation	42	10	52	0.19230769230769232	4	3	1	1.0839	1	1.0839	1.0	True	0.55	3.76
14	101201212	G	A	DLK1	Silent	133	17	150	0.11333333333333333	4	3	1	0.6388	1	0.6388	0.6388	False	0.55	3.76
14	101490172	G	T	MIR299	RNA	45	42	87	0.4827586206896552	4	3	1	2.721	3	0.907	0.907	True	0.55	3.76
14	101530842	A	G	MIR541	RNA	55	9	64	0.140625	4	3	1	0.7926	1	0.7926	0.7926	False	0.55	3.76
14	105054091	C	G	C14orf180	Missense_Mutation	18	3	21	0.14285714285714285	2	1	1	0.5195	1	0.5195	0.5195	False	0.55	3.76
15	22963800	G	T	CYFIP1	Missense_Mutation	34	48	82	0.5853658536585366	2	1	1	2.1286	1	2.1286	1.0	True	0.55	3.76
15	26806080	C	A	GABRB3	Missense_Mutation	90	54	144	0.375	2	2	0	1.3636	1	1.3636	1.0	True	0.55	3.76
15	31319284	C	A	TRPM1	Missense_Mutation	38	23	61	0.3770491803278688	2	2	0	1.3711	1	1.3711	1.0	True	0.55	3.76
15	31354895	C	A	TRPM1	Nonsense_Mutation	15	19	34	0.5588235294117647	2	2	0	2.0321	2	1.016	1.0	True	0.55	3.76
15	35085482	C	A	ACTC1	Missense_Mutation	87	15	102	0.14705882352941177	2	2	0	0.5348	1	0.5348	0.5348	False	0.55	3.76
15	40582792	C	A	PLCB2	Missense_Mutation	112	148	260	0.5692307692307692	2	2	0	2.0699	2	1.035	1.0	True	0.55	3.76
15	44175919	G	C	FRMD5	Missense_Mutation	86	33	119	0.2773109243697479	2	2	0	1.0084	1	1.0084	1.0	True	0.55	3.76
15	48056403	T	A	SEMA6D	Missense_Mutation	59	14	73	0.1917808219178082	2	2	0	0.6974	1	0.6974	0.6974	False	0.55	3.76
15	50168682	G	T	ATP8B4	Silent	88	32	120	0.26666666666666666	5	3	2	1.7697	2	0.8848	0.8848	True	0.55	3.76
15	51285706	G	T	AP4E1	Missense_Mutation	36	4	40	0.1	5	3	2	0.6636	1	0.6636	0.6636	False	0.55	3.76
15	51289560	G	T	AP4E1	Missense_Mutation	21	10	31	0.3225806451612903	5	3	2	2.1408	2	1.0704	1.0	True	0.55	3.76
15	51750903	T	C	DMXL2	Intron	86	18	104	0.17307692307692307	5	3	2	1.1486	1	1.1486	1.0	True	0.55	3.76
15	55516109	T	C	RAB27A	Missense_Mutation	232	84	316	0.26582278481012656	5	3	2	1.7641	2	0.882	0.882	True	0.55	3.76
15	55839204	G	A	PYGO1	Missense_Mutation	140	29	169	0.17159763313609466	5	3	2	1.1388	1	1.1388	1.0	True	0.55	3.76
15	56140574	C	A	NEDD4	Missense_Mutation	216	85	301	0.2823920265780731	5	3	2	1.8741	2	0.937	0.937	True	0.55	3.76
15	58840561	C	T	LIPC	Nonsense_Mutation	154	15	169	0.08875739644970414	5	3	2	0.589	1	0.589	0.589	False	0.55	3.76
15	60795032	A	C	RORA	Silent	282	89	371	0.2398921832884097	5	3	2	1.592	2	0.796	0.796	False	0.55	3.76
15	65450964	C	A	CLPX	Missense_Mutation	135	19	154	0.12337662337662338	5	3	2	0.8188	1	0.8188	0.8188	False	0.55	3.76
15	65684477	T	A	IGDCC4	Missense_Mutation	137	19	156	0.12179487179487179	5	3	2	0.8083	1	0.8083	0.8083	False	0.55	3.76
15	69072434	C	G	ANP32A	Missense_Mutation	69	8	77	0.1038961038961039	5	3	2	0.6895	1	0.6895	0.6895	False	0.55	3.76
15	74702885	C	A	SEMA7A	3'UTR	68	7	75	0.09333333333333334	5	3	2	0.6194	1	0.6194	0.6194	False	0.55	3.76
15	76075454	C	A	RN7SL319P	5'Flank	207	23	230	0.1	5	3	2	0.6636	1	0.6636	0.6636	False	0.55	3.76
15	78888978	G	C	CHRNA3	Missense_Mutation	84	38	122	0.3114754098360656	5	3	2	2.0671	2	1.0335	1.0	True	0.55	3.76
15	81635632	G	T	TMC3	Missense_Mutation	80	21	101	0.2079207920792079	5	3	2	1.3798	1	1.3798	1.0	True	0.55	3.76
15	81635633	G	T	TMC3	Missense_Mutation	81	21	102	0.20588235294117646	5	3	2	1.3663	1	1.3663	1.0	True	0.55	3.76
15	83226530	C	A	CPEB1	Missense_Mutation	108	25	133	0.18796992481203006	5	3	2	1.2474	1	1.2474	1.0	True	0.55	3.76
15	85399757	G	A	ALPK3	Silent	68	12	80	0.15	5	3	2	0.9955	1	0.9955	0.9955	True	0.55	3.76
15	87572091	G	A	AGBL1	3'UTR	47	4	51	0.0784313725490196	5	3	2	0.5205	1	0.5205	0.5205	False	0.55	3.76
15	89383370	C	G	ACAN	Missense_Mutation	23	3	26	0.11538461538461539	5	3	2	0.7657	1	0.7657	0.7657	False	0.55	3.76
15	89398664	G	A	ACAN	Missense_Mutation	41	31	72	0.4305555555555556	5	3	2	2.8573	3	0.9524	0.9524	True	0.55	3.76
15	90255262	T	C	WDR93	Silent	64	11	75	0.14666666666666667	5	3	2	0.9733	1	0.9733	0.9733	True	0.55	3.76
15	91801761	G	C	SV2B	Missense_Mutation	137	9	146	0.06164383561643835	5	3	2	0.4091	1	0.4091	0.4091	False	0.55	3.76
15	102346129	C	G	OR4F6	Missense_Mutation	381	11	392	0.02806122448979592	2	1	1	0.102	1	0.102	0.102	False	0.55	3.76
16	321090	G	T	RGS11	Missense_Mutation	22	5	27	0.18518518518518517	2	1	1	0.6734	1	0.6734	0.6734	False	0.55	3.76
16	814656	C	G	MSLN	Missense_Mutation	301	29	330	0.08787878787878788	5	4	1	0.5832	1	0.5832	0.5832	False	0.55	3.76
16	1035263	C	A	SOX8	Silent	38	33	71	0.4647887323943662	5	4	1	3.0845	3	1.0282	1.0	True	0.55	3.76
16	2369608	C	G	ABCA3	Missense_Mutation	106	10	116	0.08620689655172414	5	4	1	0.5721	1	0.5721	0.5721	False	0.55	3.76
16	2647754	G	C	PDPK1	Missense_Mutation	41	9	50	0.18	5	4	1	1.1945	1	1.1945	1.0	True	0.55	3.76
16	4511851	C	G	NMRAL1	Missense_Mutation	192	28	220	0.12727272727272726	5	4	1	0.8446	1	0.8446	0.8446	False	0.55	3.76
16	4511958	C	T	NMRAL1	Missense_Mutation	116	18	134	0.13432835820895522	5	4	1	0.8915	1	0.8915	0.8915	True	0.55	3.76
16	4882010	C	T	GLYR1	Silent	53	9	62	0.14516129032258066	5	4	1	0.9633	1	0.9633	0.9633	True	0.55	3.76
16	5078018	G	A	NAGPA	Silent	90	9	99	0.09090909090909091	5	4	1	0.6033	1	0.6033	0.6033	False	0.55	3.76
16	8993541	C	T	USP7	Missense_Mutation	103	14	117	0.11965811965811966	5	4	1	0.7941	1	0.7941	0.7941	False	0.55	3.76
16	9928037	C	A	GRIN2A	Missense_Mutation	112	17	129	0.13178294573643412	5	4	1	0.8746	1	0.8746	0.8746	True	0.55	3.76
16	15095657	C	G	PDXDC1	Silent	39	4	43	0.09302325581395349	2	1	1	0.3383	1	0.3383	0.3383	False	0.55	3.76
16	15829353	C	A	MYH11	Missense_Mutation	173	18	191	0.09424083769633508	2	1	1	0.3427	1	0.3427	0.3427	False	0.55	3.76
16	20322604	C	A	GP2	Splice_Site	23	43	66	0.6515151515151515	3	3	0	3.0207	3	1.0069	1.0	True	0.55	3.76
16	21080738	C	T	DNAH3	Missense_Mutation	62	42	104	0.40384615384615385	3	3	0	1.8724	2	0.9362	0.9362	True	0.55	3.76
16	22926860	G	T	HS3ST2	Missense_Mutation	36	54	90	0.6	3	3	0	2.7818	3	0.9273	0.9273	True	0.55	3.76
16	23713983	C	T	ERN2	Missense_Mutation	63	25	88	0.2840909090909091	3	3	0	1.3171	1	1.3171	1.0	True	0.55	3.76
16	25175934	G	C	LCMT1	Silent	30	9	39	0.23076923076923078	3	3	0	1.0699	1	1.0699	1.0	True	0.55	3.76
16	27454428	C	A	IL21R	Silent	36	14	50	0.28	4	2	2	1.5782	2	0.7891	0.7891	False	0.55	3.76
16	28515207	G	T	IL27	Missense_Mutation	67	26	93	0.27956989247311825	4	2	2	1.5758	2	0.7879	0.7879	False	0.55	3.76
16	31090321	G	C	ZNF646	Silent	59	21	80	0.2625	4	2	2	1.4795	1	1.4795	1.0	True	0.55	3.76
16	31276762	G	T	ITGAM	Missense_Mutation	25	3	28	0.10714285714285714	4	2	2	0.6039	1	0.6039	0.6039	False	0.55	3.76
16	31434720	G	T	ITGAD	Missense_Mutation	83	50	133	0.37593984962406013	4	2	2	2.1189	2	1.0595	1.0	True	0.55	3.76
16	48134857	G	A	ABCC12	Silent	53	8	61	0.13114754098360656	4	2	2	0.7392	1	0.7392	0.7392	False	0.55	3.76
16	49313338	C	G	CBLN1	Missense_Mutation	111	11	122	0.09016393442622951	4	2	2	0.5082	1	0.5082	0.5082	False	0.55	3.76
16	50813605	G	T	CYLD	Nonsense_Mutation	181	22	203	0.10837438423645321	4	2	2	0.6108	1	0.6108	0.6108	False	0.55	3.76
16	50813606	A	T	CYLD	Missense_Mutation	183	22	205	0.1073170731707317	4	2	2	0.6049	1	0.6049	0.6049	False	0.55	3.76
16	55519646	C	A	MMP2	Nonsense_Mutation	157	18	175	0.10285714285714286	4	2	2	0.5797	1	0.5797	0.5797	False	0.55	3.76
16	56226490	T	A	GNAO1	Silent	162	25	187	0.13368983957219252	4	2	2	0.7535	1	0.7535	0.7535	False	0.55	3.76
16	56396115	C	A	AMFR	3'UTR	30	10	40	0.25	4	2	2	1.4091	1	1.4091	1.0	True	0.55	3.76
16	56906650	C	T	SLC12A3	Silent	77	14	91	0.15384615384615385	4	2	2	0.8671	1	0.8671	0.8671	True	0.55	3.76
16	57597831	G	T	GPR114	Missense_Mutation	88	8	96	0.08333333333333333	4	2	2	0.4697	1	0.4697	0.4697	False	0.55	3.76
16	58559111	C	G	CNOT1	Missense_Mutation	160	20	180	0.1111111111111111	4	2	2	0.6263	1	0.6263	0.6263	False	0.55	3.76
16	58564242	T	C	CNOT1	Missense_Mutation	64	11	75	0.14666666666666667	4	2	2	0.8267	1	0.8267	0.8267	False	0.55	3.76
16	67401279	G	A	LRRC36	Missense_Mutation	202	35	237	0.14767932489451477	4	2	2	0.8324	1	0.8324	0.8324	False	0.55	3.76
16	67576587	C	A	FAM65A	Missense_Mutation	136	75	211	0.35545023696682465	4	2	2	2.0034	2	1.0017	1.0	True	0.55	3.76
16	71423712	G	T	CALB2	Missense_Mutation	129	18	147	0.12244897959183673	4	2	2	0.6902	1	0.6902	0.6902	False	0.55	3.76
16	81185474	T	C	PKD1L2	RNA	36	3	39	0.07692307692307693	4	2	2	0.4336	1	0.4336	0.4336	False	0.55	3.76
16	81194295	C	T	PKD1L2	RNA	23	6	29	0.20689655172413793	4	2	2	1.1661	1	1.1661	1.0	True	0.55	3.76
16	84270421	G	C	KCNG4	Missense_Mutation	75	18	93	0.1935483870967742	4	2	2	1.0909	1	1.0909	1.0	True	0.55	3.76
16	85838698	G	T	COX4I1	Nonsense_Mutation	33	4	37	0.10810810810810811	4	2	2	0.6093	1	0.6093	0.6093	False	0.55	3.76
16	85936643	C	A	IRF8	Silent	199	72	271	0.2656826568265683	4	2	2	1.4975	1	1.4975	1.0	True	0.55	3.76
16	89352509	G	A	ANKRD11	Missense_Mutation	139	54	193	0.27979274611398963	4	2	2	1.577	2	0.7885	0.7885	False	0.55	3.76
16	89977702	G	T	TCF25	3'UTR	14	7	21	0.3333333333333333	2	1	1	1.2121	1	1.2121	1.0	True	0.55	3.76
16	90162225	C	A	TUBB8P7	RNA	101	41	142	0.2887323943661972	2	1	1	1.0499	1	1.0499	1.0	True	0.55	3.76
17	725687	C	A	NXN	Missense_Mutation	8	79	87	0.9080459770114943	2	1	1	3.302	1	3.302	1.0	True	0.55	3.76
17	2239706	G	A	TSR1	Missense_Mutation	227	17	244	0.06967213114754098	6	6	0	0.532	1	0.532	0.532	False	0.55	3.76
17	5462625	T	G	NLRP1	Missense_Mutation	8	13	21	0.6190476190476191	3	3	0	2.8701	3	0.9567	0.9567	True	0.55	3.76
17	6930310	G	A	BCL6B	Silent	65	29	94	0.30851063829787234	3	3	0	1.4304	1	1.4304	1.0	True	0.55	3.76
17	7139465	C	T	PHF23	Missense_Mutation	67	14	81	0.1728395061728395	3	3	0	0.8013	1	0.8013	0.8013	False	0.55	3.76
17	7385378	C	A	SLC35G6	Silent	79	14	93	0.15053763440860216	3	3	0	0.6979	1	0.6979	0.6979	False	0.55	3.76
17	7578448	G	A	TP53	Missense_Mutation	42	43	85	0.5058823529411764	3	3	0	2.3455	2	1.1727	1.0	True	0.55	3.76
17	7579312	C	A	TP53	Silent	41	51	92	0.5543478260869565	3	3	0	2.5702	3	0.8567	0.8567	True	0.55	3.76
17	7831100	C	G	KCNAB3	Splice_Site	174	26	200	0.13	3	3	0	0.6027	1	0.6027	0.6027	False	0.55	3.76
17	10298475	T	C	MYH8	Missense_Mutation	125	7	132	0.05303030303030303	1	1	0	0.1398	1	0.1398	0.1398	False	0.55	3.76
17	16220021	C	T	PIGL	Missense_Mutation	64	32	96	0.3333333333333333	6	6	0	2.5455	3	0.8485	0.8485	False	0.55	3.76
17	18286156	G	C	EVPLL	Silent	39	9	48	0.1875	6	6	0	1.4318	1	1.4318	1.0	True	0.55	3.76
17	18286157	G	T	EVPLL	Nonsense_Mutation	40	9	49	0.1836734693877551	6	6	0	1.4026	1	1.4026	1.0	True	0.55	3.76
17	18882139	C	A	FAM83G	Silent	99	17	116	0.14655172413793102	4	3	1	0.826	1	0.826	0.826	False	0.55	3.76
17	21201792	G	C	MAP2K3	Splice_Site	358	13	371	0.03504043126684636	4	3	1	0.1975	1	0.1975	0.1975	False	0.55	3.76
17	21730858	C	T	UBBP4	Missense_Mutation	59	6	65	0.09230769230769231	4	3	1	0.5203	1	0.5203	0.5203	False	0.55	3.76
17	26125764	G	A	NOS2	Silent	76	10	86	0.11627906976744186	4	3	1	0.6554	1	0.6554	0.6554	False	0.55	3.76
17	27061141	T	C	NEK8	Missense_Mutation	91	81	172	0.47093023255813954	4	3	1	2.6543	3	0.8848	0.8848	True	0.55	3.76
17	29632234	G	T	EVI2B	Missense_Mutation	302	58	360	0.16111111111111112	4	3	1	0.9081	1	0.9081	0.9081	True	0.55	3.76
17	30648077	C	A	RHBDL3	Silent	56	52	108	0.48148148148148145	4	3	1	2.7138	3	0.9046	0.9046	True	0.55	3.76
17	32614165	C	G	CCL11	Missense_Mutation	101	22	123	0.17886178861788618	4	3	1	1.0081	1	1.0081	1.0	True	0.55	3.76
17	33259506	A	T	CCT6B	Silent	172	35	207	0.16908212560386474	4	3	1	0.953	1	0.953	0.953	True	0.55	3.76
17	33266313	T	A	CCT6B	Missense_Mutation	88	16	104	0.15384615384615385	4	3	1	0.8671	1	0.8671	0.8671	True	0.55	3.76
17	33504092	C	A	UNC45B	Missense_Mutation	77	72	149	0.48322147651006714	4	3	1	2.7236	3	0.9079	0.9079	True	0.55	3.76
17	34264792	A	G	LYZL6	Missense_Mutation	109	5	114	0.043859649122807015	4	3	1	0.2472	1	0.2472	0.2472	False	0.55	3.76
17	34935751	G	A	GGNBP2	Missense_Mutation	161	29	190	0.15263157894736842	4	3	1	0.8603	1	0.8603	0.8603	True	0.55	3.76
17	36288223	C	G	TBC1D3F	Silent	890	87	977	0.08904810644831115	4	3	1	0.5019	1	0.5019	0.5019	False	0.55	3.76
17	37186487	G	A	CTD-2206N4.2	5'Flank	61	7	68	0.10294117647058823	4	3	1	0.5802	1	0.5802	0.5802	False	0.55	3.76
17	37340312	A	T	CACNB1	Silent	75	22	97	0.2268041237113402	4	3	1	1.2784	1	1.2784	1.0	True	0.55	3.76
17	38140601	G	A	PSMD3	Missense_Mutation	68	10	78	0.1282051282051282	4	3	1	0.7226	1	0.7226	0.7226	False	0.55	3.76
17	38785088	T	G	SMARCE1	Silent	93	57	150	0.38	4	3	1	2.1418	2	1.0709	1.0	True	0.55	3.76
17	38907322	G	T	KRT25	Missense_Mutation	68	14	82	0.17073170731707318	4	3	1	0.9623	1	0.9623	0.9623	True	0.55	3.76
17	39642635	G	T	KRT36	Missense_Mutation	57	7	64	0.109375	4	3	1	0.6165	1	0.6165	0.6165	False	0.55	3.76
17	39645719	A	G	KRT36	Missense_Mutation	126	125	251	0.49800796812749004	4	3	1	2.807	3	0.9357	0.9357	True	0.55	3.76
17	40914903	C	A	RAMP2	3'UTR	39	5	44	0.11363636363636363	4	3	1	0.6405	1	0.6405	0.6405	False	0.55	3.76
17	43322352	G	C	FMNL1	Missense_Mutation	89	17	106	0.16037735849056603	4	3	1	0.9039	1	0.9039	0.9039	True	0.55	3.76
17	45822276	T	C	TBX21	Silent	115	17	132	0.12878787878787878	4	3	1	0.7259	1	0.7259	0.7259	False	0.55	3.76
17	46700309	G	T	HOXB9	Silent	88	11	99	0.1111111111111111	4	3	1	0.6263	1	0.6263	0.6263	False	0.55	3.76
17	50235144	C	T	CA10	Translation_Start_Site	116	23	139	0.16546762589928057	4	3	1	0.9326	1	0.9326	0.9326	True	0.55	3.76
17	51901177	C	A	KIF2B	Missense_Mutation	56	24	80	0.3	4	3	1	1.6909	2	0.8455	0.8455	False	0.55	3.76
17	56679300	C	T	TEX14	Silent	71	8	79	0.10126582278481013	4	3	1	0.5708	1	0.5708	0.5708	False	0.55	3.76
17	58125668	C	G	HEATR6	Missense_Mutation	67	9	76	0.11842105263157894	4	3	1	0.6675	1	0.6675	0.6675	False	0.55	3.76
17	58303470	C	T	USP32	Silent	115	23	138	0.16666666666666666	4	3	1	0.9394	1	0.9394	0.9394	True	0.55	3.76
17	67023491	C	T	ABCA9	Missense_Mutation	13	9	22	0.4090909090909091	4	3	1	2.3058	2	1.1529	1.0	True	0.55	3.76
17	67114099	T	A	ABCA6	Splice_Site	32	18	50	0.36	4	3	1	2.0291	2	1.0145	1.0	True	0.55	3.76
17	72613365	G	C	CD300E	Missense_Mutation	102	57	159	0.3584905660377358	4	3	1	2.0206	2	1.0103	1.0	True	0.55	3.76
17	72694570	A	T	CD300LF	Nonsense_Mutation	40	4	44	0.09090909090909091	4	3	1	0.5124	1	0.5124	0.5124	False	0.55	3.76
17	72919127	C	A	USH1G	Silent	2	6	8	0.75	4	3	1	4.2273	3	1.4091	1.0	True	0.55	3.76
17	72926928	G	A	OTOP2	Missense_Mutation	80	22	102	0.21568627450980393	4	3	1	1.2157	1	1.2157	1.0	True	0.55	3.76
17	73317755	T	C	GRB2	Missense_Mutation	92	23	115	0.2	4	3	1	1.1273	1	1.1273	1.0	True	0.55	3.76
17	74271963	T	C	QRICH2	Missense_Mutation	56	28	84	0.3333333333333333	4	3	1	1.8788	2	0.9394	0.9394	True	0.55	3.76
17	74922712	G	A	MGAT5B	Silent	52	16	68	0.23529411764705882	4	3	1	1.3262	1	1.3262	1.0	True	0.55	3.76
17	78093195	C	T	GAA	3'UTR	24	3	27	0.1111111111111111	4	3	1	0.6263	1	0.6263	0.6263	False	0.55	3.76
17	79662894	G	A	HGS	Missense_Mutation	58	16	74	0.21621621621621623	4	3	1	1.2187	1	1.2187	1.0	True	0.55	3.76
18	580575	C	A	CETN1	Missense_Mutation	55	64	119	0.5378151260504201	7	7	3	4.6448	5	0.929	0.929	True	0.55	3.76
18	633426	C	T	CLUL1	Silent	64	15	79	0.189873417721519	7	7	3	1.6398	2	0.8199	0.8199	False	0.55	3.76
18	2577750	G	A	NDC80	Missense_Mutation	134	24	158	0.1518987341772152	7	7	3	1.3119	1	1.3119	1.0	True	0.55	3.76
18	2891450	C	T	EMILIN2	Missense_Mutation	116	46	162	0.2839506172839506	7	7	3	2.4523	2	1.2262	1.0	True	0.55	3.76
18	5394744	A	T	EPB41L3	Missense_Mutation	327	23	350	0.06571428571428571	7	7	3	0.5675	1	0.5675	0.5675	False	0.55	3.76
18	7011460	G	T	LAMA1	Missense_Mutation	24	9	33	0.2727272727272727	7	7	3	2.3554	2	1.1777	1.0	True	0.55	3.76
18	9255108	G	C	ANKRD12	Missense_Mutation	190	9	199	0.04522613065326633	7	7	3	0.3906	1	0.3906	0.3906	False	0.55	3.76
18	13621256	G	T	LDLRAD4	Missense_Mutation	137	31	168	0.18452380952380953	7	7	3	1.5936	2	0.7968	0.7968	False	0.55	3.76
18	14513693	T	G	POTEC	Missense_Mutation	149	17	166	0.10240963855421686	7	7	3	0.8844	1	0.8844	0.8844	True	0.55	3.76
18	21343483	G	C	LAMA3	Missense_Mutation	178	24	202	0.1188118811881188	4	3	1	0.6697	1	0.6697	0.6697	False	0.55	3.76
18	29795168	T	A	MEP1B	Missense_Mutation	20	11	31	0.3548387096774194	4	3	1	2.0	2	1.0	1.0	True	0.55	3.76
18	31314300	C	A	ASXL3	Silent	29	4	33	0.12121212121212122	4	3	1	0.6832	1	0.6832	0.6832	False	0.55	3.76
18	32405235	A	G	DTNA	Intron	186	24	210	0.11428571428571428	4	3	1	0.6442	1	0.6442	0.6442	False	0.55	3.76
18	42530331	G	C	SETBP1	Silent	78	19	97	0.1958762886597938	4	3	1	1.104	1	1.104	1.0	True	0.55	3.76
18	43420203	C	A	SIGLEC15	Missense_Mutation	153	11	164	0.06707317073170732	4	3	1	0.378	1	0.378	0.378	False	0.55	3.76
18	47017713	T	A	RPL17	Intron	133	18	151	0.11920529801324503	4	3	1	0.6719	1	0.6719	0.6719	False	0.55	3.76
18	55027519	C	A	ST8SIA3	3'UTR	31	4	35	0.11428571428571428	4	3	1	0.6442	1	0.6442	0.6442	False	0.55	3.76
18	56203946	G	A	ALPK2	Missense_Mutation	77	21	98	0.21428571428571427	4	3	1	1.2078	1	1.2078	1.0	True	0.55	3.76
18	56247148	T	C	ALPK2	Missense_Mutation	43	12	55	0.21818181818181817	4	3	1	1.2298	1	1.2298	1.0	True	0.55	3.76
18	61449703	C	A	SERPINB7	Missense_Mutation	49	35	84	0.4166666666666667	4	3	1	2.3485	2	1.1742	1.0	True	0.55	3.76
18	63481777	A	G	CDH7	Missense_Mutation	88	47	135	0.34814814814814815	4	3	1	1.9623	2	0.9811	0.9811	True	0.55	3.76
18	63548025	C	G	CDH7	Missense_Mutation	103	9	112	0.08035714285714286	4	3	1	0.4529	1	0.4529	0.4529	False	0.55	3.76
18	67563206	T	A	CD226	Missense_Mutation	31	34	65	0.5230769230769231	4	3	1	2.9483	3	0.9828	0.9828	True	0.55	3.76
18	71796717	T	C	FBXO15	Silent	35	11	46	0.2391304347826087	4	3	1	1.3478	1	1.3478	1.0	True	0.55	3.76
18	72999519	C	T	TSHZ1	Silent	36	7	43	0.16279069767441862	4	3	1	0.9175	1	0.9175	0.9175	True	0.55	3.76
18	77455237	G	C	CTDP1	Silent	71	14	85	0.16470588235294117	2	1	1	0.5989	1	0.5989	0.5989	False	0.55	3.76
18	77477965	C	T	CTDP1	Missense_Mutation	71	5	76	0.06578947368421052	2	1	1	0.2392	1	0.2392	0.2392	False	0.55	3.76
19	694890	C	A	PRSS57	Missense_Mutation	1	9	10	0.9	3	2	1	4.1727	2	2.0864	1.0	True	0.55	3.76
19	1043466	G	C	ABCA7	Missense_Mutation	113	39	152	0.2565789473684211	3	2	1	1.1896	1	1.1896	1.0	True	0.55	3.76
19	1428883	G	T	DAZAP1	Missense_Mutation	58	11	69	0.15942028985507245	3	2	1	0.7391	1	0.7391	0.7391	False	0.55	3.76
19	1980211	G	T	CSNK1G2	3'UTR	33	14	47	0.2978723404255319	3	2	1	1.381	1	1.381	1.0	True	0.55	3.76
19	4170148	G	T	CREB3L3	Missense_Mutation	95	27	122	0.22131147540983606	3	2	1	1.0261	1	1.0261	1.0	True	0.55	3.76
19	5218454	C	G	PTPRS	Missense_Mutation	282	15	297	0.050505050505050504	3	2	1	0.2342	1	0.2342	0.2342	False	0.55	3.76
19	5456536	G	A	ZNRF4	Missense_Mutation	123	21	144	0.14583333333333334	3	2	1	0.6761	1	0.6761	0.6761	False	0.55	3.76
19	6495474	G	T	TUBB4A	Missense_Mutation	142	102	244	0.4180327868852459	3	2	1	1.9382	2	0.9691	0.9691	True	0.55	3.76
19	6590933	G	T	CD70	Silent	80	14	94	0.14893617021276595	3	2	1	0.6905	1	0.6905	0.6905	False	0.55	3.76
19	6890521	C	A	EMR1	Missense_Mutation	30	5	35	0.14285714285714285	3	2	1	0.6623	1	0.6623	0.6623	False	0.55	3.76
19	7584121	C	T	CTD-2207O23.12	Missense_Mutation	89	14	103	0.13592233009708737	3	2	1	0.6302	1	0.6302	0.6302	False	0.55	3.76
19	7585782	G	T	ZNF358	Nonsense_Mutation	88	18	106	0.16981132075471697	3	2	1	0.7873	1	0.7873	0.7873	False	0.55	3.76
19	7794745	C	G	CLEC4G	Missense_Mutation	91	12	103	0.11650485436893204	3	2	1	0.5402	1	0.5402	0.5402	False	0.55	3.76
19	9056231	A	C	MUC16	Silent	76	30	106	0.2830188679245283	1	1	0	0.7461	1	0.7461	0.7461	False	0.55	3.76
19	9056232	A	T	MUC16	Missense_Mutation	75	31	106	0.29245283018867924	1	1	0	0.771	1	0.771	0.771	False	0.55	3.76
19	11136108	G	T	SMARCA4	Missense_Mutation	74	9	83	0.10843373493975904	3	2	1	0.5027	1	0.5027	0.5027	False	0.55	3.76
19	11892146	C	T	ZNF441	Missense_Mutation	60	37	97	0.38144329896907214	3	2	1	1.7685	2	0.8843	0.8843	True	0.55	3.76
19	11943217	C	G	ZNF440	Nonsense_Mutation	94	23	117	0.19658119658119658	3	2	1	0.9114	1	0.9114	0.9114	True	0.55	3.76
19	12805682	C	T	FBXW9	Silent	25	4	29	0.13793103448275862	3	2	1	0.6395	1	0.6395	0.6395	False	0.55	3.76
19	12805683	C	A	FBXW9	Missense_Mutation	27	4	31	0.12903225806451613	3	2	1	0.5982	1	0.5982	0.5982	False	0.55	3.76
19	14037366	C	A	CC2D1A	Silent	46	5	51	0.09803921568627451	3	2	1	0.4545	1	0.4545	0.4545	False	0.55	3.76
19	18273784	G	A	PIK3R2	Missense_Mutation	107	13	120	0.10833333333333334	7	6	1	0.9356	1	0.9356	0.9356	True	0.55	3.76
19	18368153	A	C	KIAA1683	Missense_Mutation	113	14	127	0.11023622047244094	7	6	1	0.952	1	0.952	0.952	True	0.55	3.76
19	18649221	C	A	FKBP8	Missense_Mutation	57	10	67	0.14925373134328357	7	6	1	1.289	1	1.289	1.0	True	0.55	3.76
19	18710436	G	T	CRLF1	Missense_Mutation	62	11	73	0.1506849315068493	7	6	1	1.3014	1	1.3014	1.0	True	0.55	3.76
19	18710443	G	T	CRLF1	Nonsense_Mutation	51	11	62	0.1774193548387097	7	6	1	1.5323	2	0.7661	0.7661	False	0.55	3.76
19	19349079	C	T	NCAN	Missense_Mutation	104	77	181	0.425414364640884	7	6	1	3.674	4	0.9185	0.9185	True	0.55	3.76
19	22156743	C	A	ZNF208	Nonsense_Mutation	75	13	88	0.14772727272727273	5	4	1	0.9804	1	0.9804	0.9804	True	0.55	3.76
19	22271347	C	A	ZNF257	Silent	19	28	47	0.5957446808510638	5	4	1	3.9536	4	0.9884	0.9884	True	0.55	3.76
19	23542980	C	T	ZNF91	Missense_Mutation	132	14	146	0.0958904109589041	5	4	1	0.6364	1	0.6364	0.6364	False	0.55	3.76
19	30935569	A	G	ZNF536	Missense_Mutation	168	38	206	0.18446601941747573	5	4	1	1.2242	1	1.2242	1.0	True	0.55	3.76
19	35823583	C	T	CD22	Silent	148	20	168	0.11904761904761904	5	4	1	0.79	1	0.79	0.79	False	0.55	3.76
19	36220984	G	C	KMT2B	Missense_Mutation	17	4	21	0.19047619047619047	5	4	1	1.2641	1	1.2641	1.0	True	0.55	3.76
19	38817411	G	T	KCNK6	Silent	72	19	91	0.2087912087912088	5	4	1	1.3856	1	1.3856	1.0	True	0.55	3.76
19	38937331	C	T	RYR1	Intron	63	68	131	0.5190839694656488	5	4	1	3.4448	3	1.1483	1.0	True	0.55	3.76
19	39517606	G	A	FBXO27	Silent	92	135	227	0.5947136563876652	5	4	1	3.9467	4	0.9867	0.9867	True	0.55	3.76
19	39798904	T	C	LRFN1	Missense_Mutation	40	5	45	0.1111111111111111	5	4	1	0.7374	1	0.7374	0.7374	False	0.55	3.76
19	40430340	C	A	FCGBP	Missense_Mutation	56	10	66	0.15151515151515152	5	4	1	1.0055	1	1.0055	1.0	True	0.55	3.76
19	42583941	C	T	ZNF574	Missense_Mutation	86	24	110	0.21818181818181817	5	4	1	1.4479	1	1.4479	1.0	True	0.55	3.76
19	42599776	C	A	POU2F2	Missense_Mutation	22	35	57	0.6140350877192983	5	4	1	4.075	4	1.0187	1.0	True	0.55	3.76
19	42600287	C	A	POU2F2	Nonsense_Mutation	33	24	57	0.42105263157894735	5	4	1	2.7943	3	0.9314	0.9314	True	0.55	3.76
19	42791820	G	T	CIC	Nonsense_Mutation	49	60	109	0.5504587155963303	5	4	1	3.653	4	0.9133	0.9133	True	0.55	3.76
19	43257524	C	A	PSG8	3'Flank	77	15	92	0.16304347826086957	5	4	1	1.082	1	1.082	1.0	True	0.55	3.76
19	43698701	C	T	PSG4	Missense_Mutation	257	33	290	0.11379310344827587	5	4	1	0.7552	1	0.7552	0.7552	False	0.55	3.76
19	43762346	C	A	PSG9	Intron	144	154	298	0.5167785234899329	5	4	1	3.4295	3	1.1432	1.0	True	0.55	3.76
19	43773566	G	T	PSG9	Silent	198	35	233	0.15021459227467812	5	4	1	0.9969	1	0.9969	0.9969	True	0.55	3.76
19	44001348	C	A	PHLDB3	Missense_Mutation	100	20	120	0.16666666666666666	5	4	1	1.1061	1	1.1061	1.0	True	0.55	3.76
19	45593559	C	T	GEMIN7	Missense_Mutation	43	4	47	0.0851063829787234	5	4	1	0.5648	1	0.5648	0.5648	False	0.55	3.76
19	45851263	G	A	KLC3	Silent	27	6	33	0.18181818181818182	5	4	1	1.2066	1	1.2066	1.0	True	0.55	3.76
19	49110431	C	A	SPACA4	Missense_Mutation	45	4	49	0.08163265306122448	5	4	1	0.5417	1	0.5417	0.5417	False	0.55	3.76
19	49601690	C	G	SNRNP70	Missense_Mutation	198	29	227	0.1277533039647577	5	4	1	0.8478	1	0.8478	0.8478	False	0.55	3.76
19	49934685	G	C	SLC17A7	Missense_Mutation	62	10	72	0.1388888888888889	5	4	1	0.9217	1	0.9217	0.9217	True	0.55	3.76
19	49993733	G	A	RPL13A	Silent	60	7	67	0.1044776119402985	5	4	1	0.6934	1	0.6934	0.6934	False	0.55	3.76
19	50195610	C	G	CPT1C	Missense_Mutation	68	14	82	0.17073170731707318	5	4	1	1.133	1	1.133	1.0	True	0.55	3.76
19	50548106	G	C	ZNF473	Missense_Mutation	68	11	79	0.13924050632911392	5	4	1	0.9241	1	0.9241	0.9241	True	0.55	3.76
19	51381863	G	T	KLK2	3'UTR	70	11	81	0.13580246913580246	5	4	1	0.9012	1	0.9012	0.9012	True	0.55	3.76
19	52001316	G	T	SIGLEC12	Missense_Mutation	71	33	104	0.3173076923076923	5	4	1	2.1058	2	1.0529	1.0	True	0.55	3.76
19	52954876	C	A	ZNF578	5'Flank	15	15	30	0.5	5	4	1	3.3182	3	1.1061	1.0	True	0.55	3.76
19	55377322	C	A	KIR3DL2	Missense_Mutation	31	22	53	0.41509433962264153	5	4	1	2.7547	3	0.9182	0.9182	True	0.55	3.76
19	55897779	C	G	RPL28	Missense_Mutation	56	8	64	0.125	5	4	1	0.8295	1	0.8295	0.8295	False	0.55	3.76
19	57290750	C	A	ZIM2	Missense_Mutation	136	24	160	0.15	5	4	1	0.9955	1	0.9955	0.9955	True	0.55	3.76
19	58132794	C	T	ZNF134	3'UTR	342	47	389	0.12082262210796915	5	4	1	0.8018	1	0.8018	0.8018	False	0.55	3.76
19	58213694	C	T	ZNF154	Missense_Mutation	112	17	129	0.13178294573643412	5	4	1	0.8746	1	0.8746	0.8746	True	0.55	3.76
20	307448	G	A	SOX12	Missense_Mutation	65	12	77	0.15584415584415584	2	1	1	0.5667	1	0.5667	0.5667	False	0.55	3.76
20	2463909	G	A	ZNF343	Silent	84	6	90	0.06666666666666667	6	6	0	0.5091	1	0.5091	0.5091	False	0.55	3.76
20	3129718	C	A	FASTKD5	5'UTR	106	11	117	0.09401709401709402	6	6	0	0.7179	1	0.7179	0.7179	False	0.55	3.76
20	3653514	T	C	ADAM33	Missense_Mutation	10	23	33	0.696969696969697	6	6	0	5.3223	5	1.0645	1.0	True	0.55	3.76
20	3653515	G	T	ADAM33	Nonsense_Mutation	9	24	33	0.7272727272727273	6	6	0	5.5537	6	0.9256	0.9256	True	0.55	3.76
20	5167438	C	T	CDS2	Silent	52	154	206	0.7475728155339806	6	6	0	5.7087	6	0.9515	0.9515	True	0.55	3.76
20	8609011	T	A	PLCB1	Missense_Mutation	124	15	139	0.1079136690647482	6	6	0	0.8241	1	0.8241	0.8241	False	0.55	3.76
20	11903963	C	T	BTBD3	Silent	74	11	85	0.12941176470588237	6	6	0	0.9882	1	0.9882	0.9882	True	0.55	3.76
20	20037345	C	A	C20orf26	Nonsense_Mutation	23	73	96	0.7604166666666666	6	6	0	5.8068	6	0.9678	0.9678	True	0.55	3.76
20	20279030	G	C	C20orf26	Missense_Mutation	11	40	51	0.7843137254901961	6	6	0	5.9893	6	0.9982	0.9982	True	0.55	3.76
20	23016324	C	G	SSTR4	Silent	217	35	252	0.1388888888888889	6	6	0	1.0606	1	1.0606	1.0	True	0.55	3.76
20	23545482	C	T	CST9L	3'UTR	33	5	38	0.13157894736842105	6	6	0	1.0048	1	1.0048	1.0	True	0.55	3.76
20	32328721	G	T	ZNF341	Missense_Mutation	94	10	104	0.09615384615384616	4	4	0	0.542	1	0.542	0.542	False	0.55	3.76
20	35386512	C	A	DSN1	Nonsense_Mutation	30	15	45	0.3333333333333333	4	4	0	1.8788	2	0.9394	0.9394	True	0.55	3.76
20	36841992	G	A	KIAA1755	Silent	30	7	37	0.1891891891891892	4	4	0	1.0663	1	1.0663	1.0	True	0.55	3.76
20	42969876	C	A	R3HDML	Missense_Mutation	37	31	68	0.45588235294117646	4	4	0	2.5695	3	0.8565	0.8565	True	0.55	3.76
20	42969877	C	A	R3HDML	Silent	40	31	71	0.43661971830985913	4	4	0	2.4609	2	1.2305	1.0	True	0.55	3.76
20	44592118	C	A	ZNF335	Silent	16	49	65	0.7538461538461538	4	4	0	4.249	4	1.0622	1.0	True	0.55	3.76
20	44596595	C	G	ZNF335	Missense_Mutation	56	8	64	0.125	4	4	0	0.7045	1	0.7045	0.7045	False	0.55	3.76
20	46365657	G	T	SULF2	Missense_Mutation	72	35	107	0.32710280373831774	4	4	0	1.8437	2	0.9218	0.9218	True	0.55	3.76
20	47569250	G	T	ARFGEF2	Silent	85	10	95	0.10526315789473684	4	4	0	0.5933	1	0.5933	0.5933	False	0.55	3.76
20	50140440	C	A	NFATC2	Nonsense_Mutation	63	20	83	0.24096385542168675	4	4	0	1.3582	1	1.3582	1.0	True	0.55	3.76
20	55108525	G	T	FAM209B	Missense_Mutation	115	15	130	0.11538461538461539	4	4	0	0.6503	1	0.6503	0.6503	False	0.55	3.76
21	10906845	A	T	TPTE	3'UTR	32	12	44	0.2727272727272727	2	1	1	0.9917	1	0.9917	0.9917	True	0.55	3.76
21	11039010	C	T	BAGE2	RNA	235	17	252	0.06746031746031746	2	1	1	0.2453	1	0.2453	0.2453	False	0.55	3.76
21	45678524	T	A	DNMT3L	Missense_Mutation	23	17	40	0.425	2	2	0	1.5455	2	0.7727	0.7727	False	0.55	3.76
21	45929228	C	G	TSPEAR	Missense_Mutation	18	9	27	0.3333333333333333	2	2	0	1.2121	1	1.2121	1.0	True	0.55	3.76
21	45970596	G	C	KRTAP10-2	Nonsense_Mutation	85	16	101	0.15841584158415842	2	2	0	0.5761	1	0.5761	0.5761	False	0.55	3.76
21	47987424	G	T	DIP2A	Silent	18	15	33	0.45454545454545453	2	1	1	1.6529	1	1.6529	1.0	True	0.55	3.76
22	16449149	G	T	OR11H1	Nonsense_Mutation	58	28	86	0.32558139534883723	2	1	1	1.1839	1	1.1839	1.0	True	0.55	3.76
22	18178955	T	A	BCL2L13	Silent	63	12	75	0.16	3	3	0	0.7418	1	0.7418	0.7418	False	0.55	3.76
22	19455527	C	T	UFD1L	Splice_Site	37	4	41	0.0975609756097561	3	3	0	0.4523	1	0.4523	0.4523	False	0.55	3.76
22	21385387	C	A	SLC7A4	Missense_Mutation	19	8	27	0.2962962962962963	3	3	0	1.3737	1	1.3737	1.0	True	0.55	3.76
22	21385388	C	T	SLC7A4	Missense_Mutation	19	8	27	0.2962962962962963	3	3	0	1.3737	1	1.3737	1.0	True	0.55	3.76
22	21991024	G	C	CCDC116	Missense_Mutation	61	10	71	0.14084507042253522	3	3	0	0.653	1	0.653	0.653	False	0.55	3.76
22	22453554	C	A	IGLV8-61	Silent	25	70	95	0.7368421052631579	3	3	0	3.4163	3	1.1388	1.0	True	0.55	3.76
22	22516916	G	T	IGLV4-60	Missense_Mutation	18	9	27	0.3333333333333333	3	3	0	1.5455	2	0.7727	0.7727	False	0.55	3.76
22	26239702	G	T	MYO18B	Missense_Mutation	57	99	156	0.6346153846153846	3	3	0	2.9423	3	0.9808	0.9808	True	0.55	3.76
22	28195093	C	A	MN1	Missense_Mutation	21	4	25	0.16	3	3	0	0.7418	1	0.7418	0.7418	False	0.55	3.76
22	29726681	C	T	AP1B1	Missense_Mutation	30	11	41	0.2682926829268293	3	3	0	1.2439	1	1.2439	1.0	True	0.55	3.76
22	33402572	G	C	SYN3	Missense_Mutation	106	60	166	0.3614457831325301	3	3	0	1.6758	2	0.8379	0.8379	False	0.55	3.76
22	38111839	A	T	TRIOBP	Missense_Mutation	25	7	32	0.21875	3	3	0	1.0142	1	1.0142	1.0	True	0.55	3.76
22	42464492	G	A	NAGA	Missense_Mutation	114	10	124	0.08064516129032258	3	3	0	0.3739	1	0.3739	0.3739	False	0.55	3.76
22	46345799	C	A	WNT7B	Splice_Site	5	14	19	0.7368421052631579	3	3	0	3.4163	3	1.1388	1.0	True	0.55	3.76
22	50439231	C	A	IL17REL	Missense_Mutation	23	3	26	0.11538461538461539	2	1	1	0.4196	1	0.4196	0.4196	False	0.55	3.76
X	1584597	G	T	P2RY8	Missense_Mutation	64	44	108	0.4074074074074074	2	1	1	1.4815	1	1.4815	1.0	True	0.55	3.76
X	3238246	C	A	MXRA5	Missense_Mutation	32	9	41	0.21951219512195122	2	1	1	0.7982	1	0.7982	0.7982	False	0.55	3.76
X	5827152	C	A	NLGN4X	Missense_Mutation	55	6	61	0.09836065573770492	2	1	1	0.3577	1	0.3577	0.3577	False	0.55	3.76
X	10423046	C	G	MID1	Missense_Mutation	61	33	94	0.35106382978723405	2	1	1	1.2766	1	1.2766	1.0	True	0.55	3.76
X	10442753	G	T	MID1	Missense_Mutation	86	22	108	0.2037037037037037	2	1	1	0.7407	1	0.7407	0.7407	False	0.55	3.76
X	14599452	G	T	GLRA2	Missense_Mutation	66	58	124	0.46774193548387094	2	1	1	1.7009	1	1.7009	1.0	True	0.55	3.76
X	15599456	G	A	ACE2	Missense_Mutation	111	31	142	0.21830985915492956	2	1	1	0.7939	1	0.7939	0.7939	False	0.55	3.76
X	23398254	G	T	PTCHD1	Missense_Mutation	100	27	127	0.2125984251968504	2	1	1	0.7731	1	0.7731	0.7731	False	0.55	3.76
X	23704502	G	T	PRDX4	3'UTR	14	5	19	0.2631578947368421	2	1	1	0.9569	1	0.9569	0.9569	True	0.55	3.76
X	24735405	A	T	POLA1	Splice_Site	55	13	68	0.19117647058823528	2	1	1	0.6952	1	0.6952	0.6952	False	0.55	3.76
X	29938085	G	A	IL1RAPL1	Missense_Mutation	86	18	104	0.17307692307692307	2	1	1	0.6294	1	0.6294	0.6294	False	0.55	3.76
X	31196064	C	A	DMD	Missense_Mutation	33	7	40	0.175	2	1	1	0.6364	1	0.6364	0.6364	False	0.55	3.76
X	31496470	G	T	DMD	Missense_Mutation	68	16	84	0.19047619047619047	2	1	1	0.6926	1	0.6926	0.6926	False	0.55	3.76
X	32490297	C	A	DMD	Missense_Mutation	137	26	163	0.15950920245398773	2	1	1	0.58	1	0.58	0.58	False	0.55	3.76
X	32591661	G	T	DMD	Missense_Mutation	40	27	67	0.40298507462686567	2	1	1	1.4654	1	1.4654	1.0	True	0.55	3.76
X	36117908	A	C	CHDC2	Missense_Mutation	62	8	70	0.11428571428571428	2	1	1	0.4156	1	0.4156	0.4156	False	0.55	3.76
X	37028281	G	T	FAM47C	Nonsense_Mutation	45	31	76	0.40789473684210525	2	1	1	1.4833	1	1.4833	1.0	True	0.55	3.76
X	37587552	G	T	XK	Missense_Mutation	25	26	51	0.5098039215686274	2	1	1	1.8538	1	1.8538	1.0	True	0.55	3.76
X	37961679	C	A	SYTL5	Missense_Mutation	68	6	74	0.08108108108108109	2	1	1	0.2948	1	0.2948	0.2948	False	0.55	3.76
X	37961680	T	A	SYTL5	Missense_Mutation	67	6	73	0.0821917808219178	2	1	1	0.2989	1	0.2989	0.2989	False	0.55	3.76
X	38262994	G	T	OTC	Splice_Site	64	18	82	0.21951219512195122	2	1	1	0.7982	1	0.7982	0.7982	False	0.55	3.76
X	43626797	G	C	MAOB	Silent	47	29	76	0.3815789473684211	2	1	1	1.3876	1	1.3876	1.0	True	0.55	3.76
X	48678626	G	T	HDAC6	Missense_Mutation	48	12	60	0.2	2	1	1	0.7273	1	0.7273	0.7273	False	0.55	3.76
X	49032082	G	C	PRICKLE3	Silent	57	9	66	0.13636363636363635	2	1	1	0.4959	1	0.4959	0.4959	False	0.55	3.76
X	49127076	C	A	PPP1R3F	Silent	13	3	16	0.1875	2	1	1	0.6818	1	0.6818	0.6818	False	0.55	3.76
X	49454072	C	T	PAGE1	Missense_Mutation	170	37	207	0.178743961352657	2	1	1	0.65	1	0.65	0.65	False	0.55	3.76
X	53617988	G	T	HUWE1	Missense_Mutation	75	17	92	0.18478260869565216	2	1	1	0.6719	1	0.6719	0.6719	False	0.55	3.76
X	53672342	C	G	HUWE1	Missense_Mutation	75	8	83	0.0963855421686747	2	1	1	0.3505	1	0.3505	0.3505	False	0.55	3.76
X	55033271	G	C	APEX2	Missense_Mutation	46	6	52	0.11538461538461539	2	1	1	0.4196	1	0.4196	0.4196	False	0.55	3.76
X	55047622	A	T	ALAS2	Silent	92	37	129	0.2868217054263566	2	1	1	1.043	1	1.043	1.0	True	0.55	3.76
X	55185586	G	T	FAM104B	Silent	55	28	83	0.3373493975903614	2	1	1	1.2267	1	1.2267	1.0	True	0.55	3.76
X	55784772	G	C	RRAGB	Missense_Mutation	39	7	46	0.15217391304347827	2	1	1	0.5534	1	0.5534	0.5534	False	0.55	3.76
X	64722499	A	T	ZC3H12B	Missense_Mutation	16	4	20	0.2	2	1	1	0.7273	1	0.7273	0.7273	False	0.55	3.76
X	65418786	A	T	HEPH	Missense_Mutation	66	15	81	0.18518518518518517	2	1	1	0.6734	1	0.6734	0.6734	False	0.55	3.76
X	68836455	C	A	EDA	Silent	42	21	63	0.3333333333333333	2	1	1	1.2121	1	1.2121	1.0	True	0.55	3.76
X	69623835	C	A	KIF4A	Missense_Mutation	64	13	77	0.16883116883116883	2	1	1	0.6139	1	0.6139	0.6139	False	0.55	3.76
X	70147815	C	G	SLC7A3	Silent	59	13	72	0.18055555555555555	2	1	1	0.6566	1	0.6566	0.6566	False	0.55	3.76
X	70347744	G	A	MED12	Missense_Mutation	22	15	37	0.40540540540540543	2	1	1	1.4742	1	1.4742	1.0	True	0.55	3.76
X	70824337	G	C	ACRC	Missense_Mutation	5	5	10	0.5	2	1	1	1.8182	1	1.8182	1.0	True	0.55	3.76
X	71351063	C	A	RGAG4	Missense_Mutation	9	9	18	0.5	2	1	1	1.8182	1	1.8182	1.0	True	0.55	3.76
X	71351064	C	A	RGAG4	Missense_Mutation	9	9	18	0.5	2	1	1	1.8182	1	1.8182	1.0	True	0.55	3.76
X	73040752	T	A	XIST	RNA	55	30	85	0.35294117647058826	2	1	1	1.2834	1	1.2834	1.0	True	0.55	3.76
X	73046033	A	T	XIST	RNA	79	10	89	0.11235955056179775	2	1	1	0.4086	1	0.4086	0.4086	False	0.55	3.76
X	99901370	A	G	SRPX2	Silent	111	5	116	0.04310344827586207	2	1	1	0.1567	1	0.1567	0.1567	False	0.55	3.76
X	100667366	C	G	HNRNPH2	Missense_Mutation	75	22	97	0.2268041237113402	2	1	1	0.8247	1	0.8247	0.8247	False	0.55	3.76
X	103494976	C	G	ESX1	Missense_Mutation	20	13	33	0.3939393939393939	2	1	1	1.4325	1	1.4325	1.0	True	0.55	3.76
X	107169377	A	T	MID2	Missense_Mutation	37	47	84	0.5595238095238095	2	1	1	2.0346	1	2.0346	1.0	True	0.55	3.76
X	107328312	C	A	PSMD10	Silent	145	8	153	0.05228758169934641	2	1	1	0.1901	1	0.1901	0.1901	False	0.55	3.76
X	107978597	C	T	IRS4	Silent	136	30	166	0.18072289156626506	2	1	1	0.6572	1	0.6572	0.6572	False	0.55	3.76
X	117733145	A	T	DOCK11	Missense_Mutation	37	26	63	0.4126984126984127	2	1	1	1.5007	1	1.5007	1.0	True	0.55	3.76
X	123556172	G	T	TENM1	Missense_Mutation	47	62	109	0.5688073394495413	2	1	1	2.0684	1	2.0684	1.0	True	0.55	3.76
X	135428925	T	C	GPR112	Silent	174	12	186	0.06451612903225806	2	1	1	0.2346	1	0.2346	0.2346	False	0.55	3.76
X	135429137	C	T	GPR112	Missense_Mutation	78	89	167	0.5329341317365269	2	1	1	1.9379	1	1.9379	1.0	True	0.55	3.76
X	136649620	A	G	ZIC3	Missense_Mutation	63	11	74	0.14864864864864866	2	1	1	0.5405	1	0.5405	0.5405	False	0.55	3.76
X	138672050	C	A	MCF2	Missense_Mutation	44	31	75	0.41333333333333333	2	1	1	1.503	1	1.503	1.0	True	0.55	3.76
X	140984910	C	A	MAGEC3	Missense_Mutation	44	4	48	0.08333333333333333	2	1	1	0.303	1	0.303	0.303	False	0.55	3.76
X	141291758	C	A	MAGEC2	Missense_Mutation	95	6	101	0.0594059405940594	2	1	1	0.216	1	0.216	0.216	False	0.55	3.76
X	148037617	G	A	AFF2	Missense_Mutation	31	49	80	0.6125	2	1	1	2.2273	1	2.2273	1.0	True	0.55	3.76
X	151935687	C	A	MAGEA3	Silent	52	35	87	0.40229885057471265	2	1	1	1.4629	1	1.4629	1.0	True	0.55	3.76
X	152159695	G	A	PNMA5	Missense_Mutation	177	8	185	0.043243243243243246	2	1	1	0.1572	1	0.1572	0.1572	False	0.55	3.76
X	153692505	C	T	PLXNA3	Silent	7	11	18	0.6111111111111112	2	1	1	2.2222	1	2.2222	1.0	True	0.55	3.76
X	154736707	G	T	TMLHE	Missense_Mutation	108	5	113	0.04424778761061947	2	1	1	0.1609	1	0.1609	0.1609	False	0.55	3.76
