chr	start	end	WT.count	mut.count	subclonal.CN	nMaj1	nMin1	frac1	nMaj2	nMin2	frac2	phase	mutation.copy.number	subclonal.fraction	no.chrs.bearing.mut
1	1696809	1696810	67	16	NA	NA	NA	NA	NA	NA	NA	unphased	NA	NA	1
1	2415981	2415982	43	8	NA	NA	NA	NA	NA	NA	NA	unphased	NA	NA	1
1	2421252	2421253	93	23	NA	NA	NA	NA	NA	NA	NA	unphased	NA	NA	1
1	7812543	7812544	58	9	2	1	1	1	NA	NA	NA	unphased	0.671641791044776	0.671641791044776	1
1	12343539	12343540	133	29	2	1	1	1	NA	NA	NA	unphased	0.895061728395062	0.895061728395062	1
1	17250857	17250858	24	5	2	1	1	1	NA	NA	NA	unphased	0.862068965517241	0.862068965517241	1
1	17279891	17279892	21	3	2	1	1	1	NA	NA	NA	unphased	0.625	0.625	1
1	17552529	17552530	91	18	2	1	1	1	NA	NA	NA	unphased	0.825688073394495	0.825688073394495	1
1	17588661	17588662	38	11	2	1	1	1	NA	NA	NA	unphased	1.12244897959184	1.12244897959184	1
1	18152599	18152600	73	20	2	1	1	1	NA	NA	NA	unphased	1.0752688172043	1.0752688172043	1
1	22214544	22214545	48	8	2	1	1	1	NA	NA	NA	unphased	0.714285714285714	0.714285714285714	1
1	22413035	22413036	101	25	2	1	1	1	NA	NA	NA	unphased	0.992063492063492	0.992063492063492	1
1	24795599	24795600	92	23	2	1	1	1	NA	NA	NA	unphased	1	1	1
1	26085167	26085168	121	15	2	1	1	1	NA	NA	NA	unphased	0.551470588235294	0.551470588235294	1
1	27682179	27682180	127	15	2	1	1	1	NA	NA	NA	unphased	0.528169014084507	0.528169014084507	1
1	29638002	29638003	55	17	2	1	1	1	NA	NA	NA	unphased	1.18055555555556	1.18055555555556	1
1	32192997	32192998	33	4	2	1	1	1	NA	NA	NA	unphased	0.540540540540541	0.540540540540541	1
1	35250800	35250801	114	33	2	1	1	1	NA	NA	NA	unphased	1.12244897959184	1.12244897959184	1
1	36026775	36026776	10	5	2	1	1	1	NA	NA	NA	unphased	1.66666666666667	1.66666666666667	1
1	36935299	36935300	201	29	2	1	1	1	NA	NA	NA	unphased	0.630434782608696	0.630434782608696	1
1	39903535	39903536	486	55	8	7	1	1	NA	NA	NA	unphased	1.11829944547135	1.11829944547135	1
1	39914333	39914334	287	20	8	7	1	1	NA	NA	NA	unphased	0.716612377850163	0.716612377850163	1
1	40777371	40777372	315	30	8	7	1	1	NA	NA	NA	unphased	0.956521739130435	0.956521739130435	1
1	44422279	44422280	251	32	5	4	1	1	NA	NA	NA	unphased	0.904593639575972	0.904593639575972	1
1	44443544	44443545	183	25	5	4	1	1	NA	NA	NA	unphased	0.961538461538462	0.961538461538462	1
1	45792709	45792710	13	5	5	4	1	1	NA	NA	NA	unphased	2.22222222222222	2.22222222222222	1
1	46073006	46073007	84	8	5	4	1	1	NA	NA	NA	unphased	0.695652173913043	0.695652173913043	1
1	46489558	46489559	94	32	5	4	1	1	NA	NA	NA	unphased	2.03174603174603	1.01587301587302	2
1	51822468	51822469	190	27	5	4	1	1	NA	NA	NA	unphased	0.995391705069124	0.995391705069124	1
1	53554632	53554633	107	8	5	4	1	1	NA	NA	NA	unphased	0.556521739130435	0.556521739130435	1
1	55194062	55194063	60	16	5	4	1	1	NA	NA	NA	unphased	1.68421052631579	0.842105263157895	2
1	57284972	57284973	76	8	5	4	1	1	NA	NA	NA	unphased	0.761904761904762	0.761904761904762	1
1	57480784	57480785	164	22	5	4	1	1	NA	NA	NA	unphased	0.946236559139785	0.946236559139785	1
1	62739548	62739549	362	55	5	4	1	1	NA	NA	NA	unphased	1.05515587529976	1.05515587529976	1
1	62960017	62960018	87	57	5	4	1	1	NA	NA	NA	unphased	3.16666666666667	1.05555555555556	3
1	65130342	65130343	304	39	5	4	1	1	NA	NA	NA	unphased	0.909620991253644	0.909620991253644	1
1	67109380	67109381	404	43	5	4	1	1	NA	NA	NA	unphased	0.769574944071588	0.769574944071588	1
1	67279718	67279719	30	4	5	4	1	1	NA	NA	NA	unphased	0.941176470588235	0.941176470588235	1
1	70482163	70482164	179	25	5	4	1	1	NA	NA	NA	unphased	0.980392156862745	0.980392156862745	1
1	74834917	74834918	146	8	7	6	1	1	NA	NA	NA	unphased	0.519480519480519	0.519480519480519	1
1	75005942	75005943	106	124	7	6	1	1	NA	NA	NA	unphased	5.39130434782609	1.07826086956522	5
1	75036850	75036851	307	354	7	6	1	1	NA	NA	NA	unphased	5.35552193645991	1.07110438729198	5
1	75097466	75097467	300	35	7	6	1	1	NA	NA	NA	unphased	1.04477611940298	1.04477611940298	1
1	75185053	75185054	97	12	7	6	1	1	NA	NA	NA	unphased	1.10091743119266	1.10091743119266	1
1	75602793	75602794	106	9	7	6	1	1	NA	NA	NA	unphased	0.782608695652174	0.782608695652174	1
1	77510164	77510165	167	25	3	2	1	1	NA	NA	NA	unphased	0.78125	0.78125	1
1	84700928	84700929	165	19	3	2	1	1	NA	NA	NA	unphased	0.619565217391304	0.619565217391304	1
1	84874055	84874056	17	3	3	2	1	1	NA	NA	NA	unphased	0.9	0.9	1
1	85624808	85624809	353	11	3	2	1	1	NA	NA	NA	unphased	0.181318681318681	0.181318681318681	1
1	86374305	86374306	33	3	3	2	1	1	NA	NA	NA	unphased	0.5	0.5	1
1	86907181	86907182	98	7	3	2	1	1	NA	NA	NA	unphased	0.4	0.4	1
1	89448246	89448247	33	12	3	2	1	1	NA	NA	NA	unphased	1.6	1.6	1
1	89652146	89652147	87	16	3	2	1	1	NA	NA	NA	unphased	0.932038834951456	0.932038834951456	1
1	89729532	89729533	418	81	3	2	1	1	NA	NA	NA	unphased	0.973947895791583	0.973947895791583	1
1	89886680	89886681	84	12	3	2	1	1	NA	NA	NA	unphased	0.75	0.75	1
1	99772716	99772717	29	5	3	2	1	1	NA	NA	NA	unphased	0.882352941176471	0.882352941176471	1
1	100671852	100671853	57	16	3	2	1	1	NA	NA	NA	unphased	1.31506849315069	1.31506849315069	1
1	100818465	100818466	38	9	3	2	1	1	NA	NA	NA	unphased	1.14893617021277	1.14893617021277	1
1	109197374	109197375	74	22	3	2	1	1	NA	NA	NA	unphased	1.375	1.375	1
1	109391601	109391602	233	13	3	2	1	1	NA	NA	NA	unphased	0.317073170731707	0.317073170731707	1
1	110050901	110050902	179	35	3	2	1	1	NA	NA	NA	unphased	0.981308411214953	0.981308411214953	1
1	110201675	110201676	802	148	3	2	1	1	NA	NA	NA	unphased	0.934736842105263	0.934736842105263	1
1	110925518	110925519	132	29	3	2	1	1	NA	NA	NA	unphased	1.08074534161491	1.08074534161491	1
1	114483935	114483936	178	30	3	2	1	1	NA	NA	NA	unphased	0.865384615384615	0.865384615384615	1
1	116666818	116666819	104	17	3	2	1	1	NA	NA	NA	unphased	0.84297520661157	0.84297520661157	1
1	117297466	117297467	89	10	3	2	1	1	NA	NA	NA	unphased	0.606060606060606	0.606060606060606	1
1	117297542	117297543	75	12	3	2	1	1	NA	NA	NA	unphased	0.827586206896552	0.827586206896552	1
1	142803569	142803570	259	10	NA	NA	NA	NA	NA	NA	NA	unphased	NA	NA	1
1	145578462	145578463	198	12	NA	NA	NA	NA	NA	NA	NA	unphased	NA	NA	1
1	149885484	149885485	38	18	5	3	2	1	NA	NA	NA	unphased	2.57142857142857	0.857142857142857	3
1	149885485	149885486	36	16	5	3	2	1	NA	NA	NA	unphased	2.46153846153846	0.820512820512821	3
1	150082656	150082657	158	15	5	3	2	1	NA	NA	NA	unphased	0.69364161849711	0.69364161849711	1
1	150236220	150236221	759	114	5	3	2	1	NA	NA	NA	unphased	1.0446735395189	1.0446735395189	1
1	150526436	150526437	40	5	5	3	2	1	NA	NA	NA	unphased	0.888888888888889	0.888888888888889	1
1	150724427	150724428	162	19	5	3	2	1	NA	NA	NA	unphased	0.839779005524862	0.839779005524862	1
1	151131682	151131683	87	9	5	3	2	1	NA	NA	NA	unphased	0.75	0.75	1
1	151955450	151955451	38	4	5	3	2	1	NA	NA	NA	unphased	0.761904761904762	0.761904761904762	1
1	152277253	152277254	796	88	5	3	2	1	NA	NA	NA	unphased	0.796380090497738	0.796380090497738	1
1	153346291	153346292	113	14	5	3	2	1	NA	NA	NA	unphased	0.881889763779527	0.881889763779527	1
1	153617730	153617731	68	12	5	3	2	1	NA	NA	NA	unphased	1.2	1.2	1
1	153945265	153945266	63	25	5	3	2	1	NA	NA	NA	unphased	2.27272727272727	1.13636363636364	2
1	153949463	153949464	261	38	5	3	2	1	NA	NA	NA	unphased	1.01672240802676	1.01672240802676	1
1	153954959	153954960	229	27	5	3	2	1	NA	NA	NA	unphased	0.84375	0.84375	1
1	155175102	155175103	83	33	5	3	2	1	NA	NA	NA	unphased	2.27586206896552	1.13793103448276	2
1	155307286	155307287	27	9	5	3	2	1	NA	NA	NA	unphased	2	1	2
1	155646347	155646348	508	77	5	3	2	1	NA	NA	NA	unphased	1.05299145299145	1.05299145299145	1
1	155838162	155838163	226	76	5	3	2	1	NA	NA	NA	unphased	2.01324503311258	1.00662251655629	2
1	155921270	155921271	333	36	5	3	2	1	NA	NA	NA	unphased	0.780487804878049	0.780487804878049	1
1	156280935	156280936	145	24	5	3	2	1	NA	NA	NA	unphased	1.13609467455621	1.13609467455621	1
1	156509191	156509192	73	18	5	3	2	1	NA	NA	NA	unphased	1.58241758241758	0.791208791208791	2
1	156622786	156622787	111	13	5	3	2	1	NA	NA	NA	unphased	0.838709677419355	0.838709677419355	1
1	156703851	156703852	167	27	5	3	2	1	NA	NA	NA	unphased	1.11340206185567	1.11340206185567	1
1	156707138	156707139	326	14	5	3	2	1	NA	NA	NA	unphased	0.329411764705882	0.329411764705882	1
1	157509063	157509064	82	10	5	3	2	1	NA	NA	NA	unphased	0.869565217391304	0.869565217391304	1
1	158389819	158389820	165	34	5	3	2	1	NA	NA	NA	unphased	1.36683417085427	0.683417085427136	2
1	158581091	158581092	115	12	5	3	2	1	NA	NA	NA	unphased	0.755905511811024	0.755905511811024	1
1	158612260	158612261	192	25	5	3	2	1	NA	NA	NA	unphased	0.921658986175115	0.921658986175115	1
1	158641933	158641934	139	15	5	3	2	1	NA	NA	NA	unphased	0.779220779220779	0.779220779220779	1
1	158687703	158687704	434	58	5	3	2	1	NA	NA	NA	unphased	0.943089430894309	0.943089430894309	1
1	160104396	160104397	156	14	5	3	2	1	NA	NA	NA	unphased	0.658823529411765	0.658823529411765	1
1	160765980	160765981	237	25	5	3	2	1	NA	NA	NA	unphased	0.763358778625954	0.763358778625954	1
1	160784310	160784311	199	20	5	3	2	1	NA	NA	NA	unphased	0.730593607305936	0.730593607305936	1
1	160788106	160788107	178	22	5	3	2	1	NA	NA	NA	unphased	0.88	0.88	1
1	161128307	161128308	77	6	5	3	2	1	NA	NA	NA	unphased	0.578313253012048	0.578313253012048	1
1	161518422	161518423	409	23	5	3	2	1	NA	NA	NA	unphased	0.425925925925926	0.425925925925926	1
1	161647457	161647458	36	6	5	3	2	1	NA	NA	NA	unphased	1.14285714285714	1.14285714285714	1
1	167097042	167097043	88	25	5	3	2	1	NA	NA	NA	unphased	1.76991150442478	0.884955752212389	2
1	167962586	167962587	127	46	5	3	2	1	NA	NA	NA	unphased	2.1271676300578	1.0635838150289	2
1	169580800	169580801	192	22	5	3	2	1	NA	NA	NA	unphased	0.822429906542056	0.822429906542056	1
1	169953796	169953797	170	19	5	3	2	1	NA	NA	NA	unphased	0.804232804232804	0.804232804232804	1
1	170024509	170024510	148	18	5	3	2	1	NA	NA	NA	unphased	0.867469879518072	0.867469879518072	1
1	171486903	171486904	78	15	5	3	2	1	NA	NA	NA	unphased	1.29032258064516	1.29032258064516	1
1	172417619	172417620	218	82	5	3	2	1	NA	NA	NA	unphased	2.18666666666667	1.09333333333333	2
1	173020012	173020013	93	15	5	3	2	1	NA	NA	NA	unphased	1.11111111111111	1.11111111111111	1
1	173735423	173735424	365	42	5	3	2	1	NA	NA	NA	unphased	0.825552825552825	0.825552825552825	1
1	175375562	175375563	196	20	5	3	2	1	NA	NA	NA	unphased	0.740740740740741	0.740740740740741	1
1	176915138	176915139	305	29	5	3	2	1	NA	NA	NA	unphased	0.694610778443114	0.694610778443114	1
1	179033587	179033588	97	14	5	3	2	1	NA	NA	NA	unphased	1.00900900900901	1.00900900900901	1
1	179503871	179503872	213	23	5	3	2	1	NA	NA	NA	unphased	0.779661016949153	0.779661016949153	1
1	179815464	179815465	119	41	5	3	2	1	NA	NA	NA	unphased	2.05	1.025	2
1	184853878	184853879	99	17	5	3	2	1	NA	NA	NA	unphased	1.17241379310345	1.17241379310345	1
1	185267260	185267261	625	65	5	3	2	1	NA	NA	NA	unphased	0.753623188405797	0.753623188405797	1
1	185270567	185270568	336	35	5	3	2	1	NA	NA	NA	unphased	0.754716981132076	0.754716981132076	1
1	186099717	186099718	198	28	5	3	2	1	NA	NA	NA	unphased	0.991150442477876	0.991150442477876	1
1	192627365	192627366	141	27	5	3	2	1	NA	NA	NA	unphased	1.28571428571429	1.28571428571429	1
1	198700750	198700751	180	14	5	3	2	1	NA	NA	NA	unphased	0.577319587628866	0.577319587628866	1
1	198725407	198725408	12	7	5	3	2	1	NA	NA	NA	unphased	2.94736842105263	0.982456140350877	3
1	200801402	200801403	241	18	5	3	2	1	NA	NA	NA	unphased	0.555984555984556	0.555984555984556	1
1	200801403	200801404	241	18	5	3	2	1	NA	NA	NA	unphased	0.555984555984556	0.555984555984556	1
1	200825141	200825142	427	54	5	3	2	1	NA	NA	NA	unphased	0.898128898128898	0.898128898128898	1
1	201047026	201047027	96	11	5	3	2	1	NA	NA	NA	unphased	0.822429906542056	0.822429906542056	1
1	201060807	201060808	242	22	5	3	2	1	NA	NA	NA	unphased	0.666666666666667	0.666666666666667	1
1	203819064	203819065	129	19	5	3	2	1	NA	NA	NA	unphased	1.02702702702703	1.02702702702703	1
1	204131206	204131207	57	16	5	3	2	1	NA	NA	NA	unphased	1.75342465753425	0.876712328767123	2
1	204167512	204167513	91	7	5	3	2	1	NA	NA	NA	unphased	0.571428571428571	0.571428571428571	1
1	204379146	204379147	340	219	5	3	2	1	NA	NA	NA	unphased	3.13416815742397	1.04472271914132	3
1	204587925	204587926	129	20	5	3	2	1	NA	NA	NA	unphased	1.0738255033557	1.0738255033557	1
1	204953166	204953167	59	5	5	3	2	1	NA	NA	NA	unphased	0.625	0.625	1
1	205744180	205744181	19	5	5	3	2	1	NA	NA	NA	unphased	1.66666666666667	1.66666666666667	1
1	206331251	206331252	74	21	5	3	2	1	NA	NA	NA	unphased	1.76842105263158	0.884210526315789	2
1	207085124	207085125	154	14	5	3	2	1	NA	NA	NA	unphased	0.666666666666667	0.666666666666667	1
1	207244529	207244530	230	32	5	3	2	1	NA	NA	NA	unphased	0.977099236641221	0.977099236641221	1
1	210273456	210273457	129	12	5	3	2	1	NA	NA	NA	unphased	0.680851063829787	0.680851063829787	1
1	210761405	210761406	33	8	5	3	2	1	NA	NA	NA	unphased	1.5609756097561	1.5609756097561	1
1	212502658	212502659	102	9	5	3	2	1	NA	NA	NA	unphased	0.648648648648649	0.648648648648649	1
1	214818500	214818501	106	5	5	3	2	1	NA	NA	NA	unphased	0.36036036036036	0.36036036036036	1
1	215824087	215824088	228	116	5	3	2	1	NA	NA	NA	unphased	2.69767441860465	0.89922480620155	3
1	215916525	215916526	223	53	5	3	2	1	NA	NA	NA	unphased	1.53623188405797	0.768115942028985	2
1	216017713	216017714	149	42	5	3	2	1	NA	NA	NA	unphased	1.75916230366492	0.879581151832461	2
1	216251511	216251512	328	40	5	3	2	1	NA	NA	NA	unphased	0.869565217391304	0.869565217391304	1
1	216500960	216500961	143	92	5	3	2	1	NA	NA	NA	unphased	3.13191489361702	1.04397163120567	3
1	220835152	220835153	46	11	5	3	2	1	NA	NA	NA	unphased	1.54385964912281	1.54385964912281	1
1	220955135	220955136	381	13	5	3	2	1	NA	NA	NA	unphased	0.263959390862944	0.263959390862944	1
1	221053613	221053614	48	5	5	3	2	1	NA	NA	NA	unphased	0.754716981132076	0.754716981132076	1
1	222732061	222732062	156	21	5	3	2	1	NA	NA	NA	unphased	0.949152542372881	0.949152542372881	1
1	222876524	222876525	145	13	5	3	2	1	NA	NA	NA	unphased	0.658227848101266	0.658227848101266	1
1	228109219	228109220	143	14	5	3	2	1	NA	NA	NA	unphased	0.713375796178344	0.713375796178344	1
1	228285671	228285672	86	14	5	3	2	1	NA	NA	NA	unphased	1.12	1.12	1
1	228495997	228495998	32	8	5	3	2	1	NA	NA	NA	unphased	1.6	1.6	1
1	228594286	228594287	21	8	5	3	2	1	NA	NA	NA	unphased	2.20689655172414	1.10344827586207	2
1	228645301	228645302	85	17	5	3	2	1	NA	NA	NA	unphased	1.33333333333333	1.33333333333333	1
1	228879379	228879380	195	14	5	3	2	1	NA	NA	NA	unphased	0.535885167464115	0.535885167464115	1
1	229783476	229783477	180	6	5	3	2	1	NA	NA	NA	unphased	0.258064516129032	0.258064516129032	1
1	229795040	229795041	123	74	5	3	2	1	NA	NA	NA	unphased	3.00507614213198	1.00169204737733	3
1	234458778	234458779	116	25	5	3	2	1	NA	NA	NA	unphased	1.41843971631206	0.709219858156028	2
1	235827886	235827887	114	7	5	3	2	1	NA	NA	NA	unphased	0.462809917355372	0.462809917355372	1
1	235929510	235929511	501	65	5	3	2	1	NA	NA	NA	unphased	0.918727915194346	0.918727915194346	1
1	235955019	235955020	279	29	5	3	2	1	NA	NA	NA	unphased	0.753246753246753	0.753246753246753	1
1	237550643	237550644	143	32	5	3	2	1	NA	NA	NA	unphased	1.46285714285714	0.731428571428571	2
1	237580370	237580371	111	13	5	3	2	1	NA	NA	NA	unphased	0.838709677419355	0.838709677419355	1
1	237794798	237794799	74	18	5	3	2	1	NA	NA	NA	unphased	1.56521739130435	0.782608695652174	2
1	237868517	237868518	43	10	5	3	2	1	NA	NA	NA	unphased	1.50943396226415	1.50943396226415	1
1	237949312	237949313	18	3	5	3	2	1	NA	NA	NA	unphased	1.14285714285714	1.14285714285714	1
1	240374395	240374396	190	19	5	3	2	1	NA	NA	NA	unphased	0.727272727272727	0.727272727272727	1
1	243289776	243289777	46	4	5	3	2	1	NA	NA	NA	unphased	0.64	0.64	1
1	247150664	247150665	107	18	5	3	2	1	NA	NA	NA	unphased	1.152	1.152	1
1	247150969	247150970	64	10	5	3	2	1	NA	NA	NA	unphased	1.08108108108108	1.08108108108108	1
1	247581972	247581973	12	6	5	3	2	1	NA	NA	NA	unphased	2.66666666666667	0.888888888888889	3
1	247768945	247768946	308	41	5	3	2	1	NA	NA	NA	unphased	0.939828080229226	0.939828080229226	1
1	247875803	247875804	170	21	NA	NA	NA	NA	NA	NA	NA	unphased	NA	NA	1
1	248004612	248004613	201	19	NA	NA	NA	NA	NA	NA	NA	unphased	NA	NA	1
1	248262677	248262678	214	64	NA	NA	NA	NA	NA	NA	NA	unphased	NA	NA	1
1	248525697	248525698	266	88	NA	NA	NA	NA	NA	NA	NA	unphased	NA	NA	1
1	248756957	248756958	123	16	NA	NA	NA	NA	NA	NA	NA	unphased	NA	NA	1
10	468775	468776	121	22	3	2	1	1	NA	NA	NA	unphased	0.923076923076923	0.923076923076923	1
10	5040914	5040915	115	55	5	5	0	1	NA	NA	NA	unphased	2.58823529411765	0.862745098039216	3
10	6533698	6533699	161	29	3	2	1	1	NA	NA	NA	unphased	0.915789473684211	0.915789473684211	1
10	12150011	12150012	99	16	3	2	1	1	NA	NA	NA	unphased	0.834782608695652	0.834782608695652	1
10	12279227	12279228	146	8	3	2	1	1	NA	NA	NA	unphased	0.311688311688312	0.311688311688312	1
10	16866914	16866915	15	5	3	2	1	1	NA	NA	NA	unphased	1.5	1.5	1
10	16911749	16911750	231	41	3	2	1	1	NA	NA	NA	unphased	0.904411764705882	0.904411764705882	1
10	18331792	18331793	75	7	3	2	1	1	NA	NA	NA	unphased	0.51219512195122	0.51219512195122	1
10	25231335	25231336	200	35	3	2	1	1	NA	NA	NA	unphased	0.893617021276596	0.893617021276596	1
10	27306663	27306664	117	42	3	2	1	1	NA	NA	NA	unphased	1.58490566037736	0.792452830188679	2
10	34620180	34620181	115	22	3	2	1	1	NA	NA	NA	unphased	0.963503649635037	0.963503649635037	1
10	38345148	38345149	182	24	3	2	1	1	NA	NA	NA	unphased	0.699029126213592	0.699029126213592	1
10	43088959	43088960	256	29	4	2	2	1	NA	NA	NA	unphased	0.712280701754386	0.712280701754386	1
10	43615123	43615124	79	23	4	2	2	1	NA	NA	NA	unphased	1.57843137254902	0.78921568627451	2
10	46028701	46028702	45	7	4	2	2	1	NA	NA	NA	unphased	0.942307692307692	0.942307692307692	1
10	47086922	47086923	332	16	NA	NA	NA	NA	NA	NA	NA	unphased	NA	NA	1
10	48389545	48389546	69	14	NA	NA	NA	NA	NA	NA	NA	unphased	NA	NA	1
10	50374822	50374823	48	14	3	2	1	1	NA	NA	NA	unphased	1.35483870967742	1.35483870967742	1
10	51826453	51826454	61	9	2.32	3	2	0.33	1	0	0.67	unphased	0.684	0.684	1
10	53458458	53458459	163	23	2.32	3	2	0.33	1	0	0.67	unphased	0.657849462365591	0.657849462365591	1
10	64573643	64573644	67	27	2	2	0	1	NA	NA	NA	unphased	1.43617021276596	0.718085106382979	2
10	69934113	69934114	195	41	2	2	0	1	NA	NA	NA	unphased	0.86864406779661	0.86864406779661	1
10	69961665	69961666	167	36	2	2	0	1	NA	NA	NA	unphased	0.886699507389163	0.886699507389163	1
10	70045000	70045001	16	19	2	2	0	1	NA	NA	NA	unphased	2.71428571428571	1.35714285714286	2
10	70525821	70525822	116	13	2	2	0	1	NA	NA	NA	unphased	0.503875968992248	0.503875968992248	1
10	75407378	75407379	138	29	2	2	0	1	NA	NA	NA	unphased	0.868263473053892	0.868263473053892	1
10	81373853	81373854	106	32	2	2	0	1	NA	NA	NA	unphased	1.15942028985507	1.15942028985507	1
10	82126742	82126743	175	10	2	2	0	1	NA	NA	NA	unphased	0.27027027027027	0.27027027027027	1
10	85904677	85904678	128	70	2	2	0	1	NA	NA	NA	unphased	1.76767676767677	0.883838383838384	2
10	93741416	93741417	183	33	2	2	0	1	NA	NA	NA	unphased	0.763888888888889	0.763888888888889	1
10	93749177	93749178	90	15	2	2	0	1	NA	NA	NA	unphased	0.714285714285714	0.714285714285714	1
10	95557190	95557191	101	19	2	2	0	1	NA	NA	NA	unphased	0.791666666666667	0.791666666666667	1
10	95658371	95658372	142	28	2	2	0	1	NA	NA	NA	unphased	0.823529411764706	0.823529411764706	1
10	97392718	97392719	90	6	2	2	0	1	NA	NA	NA	unphased	0.3125	0.3125	1
10	98273362	98273363	21	4	2	2	0	1	NA	NA	NA	unphased	0.8	0.8	1
10	101802190	101802191	82	54	2	2	0	1	NA	NA	NA	unphased	1.98529411764706	0.992647058823529	2
10	105110819	105110820	26	4	2	2	0	1	NA	NA	NA	unphased	0.666666666666667	0.666666666666667	1
10	105912412	105912413	188	30	2	2	0	1	NA	NA	NA	unphased	0.688073394495413	0.688073394495413	1
10	106075281	106075282	95	9	2	2	0	1	NA	NA	NA	unphased	0.432692307692308	0.432692307692308	1
10	108430993	108430994	75	35	2	2	0	1	NA	NA	NA	unphased	1.59090909090909	0.795454545454545	2
10	114059306	114059307	83	18	2	2	0	1	NA	NA	NA	unphased	0.891089108910891	0.891089108910891	1
10	115980378	115980379	123	29	2	2	0	1	NA	NA	NA	unphased	0.953947368421053	0.953947368421053	1
10	120095917	120095918	67	13	2	2	0	1	NA	NA	NA	unphased	0.8125	0.8125	1
10	127434417	127434418	149	33	2	2	0	1	NA	NA	NA	unphased	0.906593406593406	0.906593406593406	1
10	127569454	127569455	72	40	2	2	0	1	NA	NA	NA	unphased	1.78571428571429	0.892857142857143	2
10	127693454	127693455	86	54	2	2	0	1	NA	NA	NA	unphased	1.92857142857143	0.964285714285714	2
11	562243	562244	62	13	2	2	0	1	NA	NA	NA	unphased	0.866666666666667	0.866666666666667	1
11	601621	601622	39	12	2	2	0	1	NA	NA	NA	unphased	1.17647058823529	1.17647058823529	1
11	639798	639799	21	6	2	2	0	1	NA	NA	NA	unphased	1.11111111111111	1.11111111111111	1
11	4790207	4790208	63	22	2	2	0	1	NA	NA	NA	unphased	1.29411764705882	1.29411764705882	1
11	4967871	4967872	195	135	2	2	0	1	NA	NA	NA	unphased	2.04545454545455	1.02272727272727	2
11	5344951	5344952	71	7	2	2	0	1	NA	NA	NA	unphased	0.448717948717949	0.448717948717949	1
11	5776199	5776200	137	7	2	2	0	1	NA	NA	NA	unphased	0.243055555555556	0.243055555555556	1
11	6413201	6413202	85	55	2	2	0	1	NA	NA	NA	unphased	1.96428571428571	0.982142857142857	2
11	8934077	8934078	62	12	2	2	0	1	NA	NA	NA	unphased	0.810810810810811	0.810810810810811	1
11	14277307	14277308	117	15	4	2	2	1	NA	NA	NA	unphased	0.795454545454545	0.795454545454545	1
11	14889101	14889102	132	28	4	2	2	1	NA	NA	NA	unphased	1.225	1.225	1
11	15247259	15247260	62	13	4	2	2	1	NA	NA	NA	unphased	1.21333333333333	1.21333333333333	1
11	16068080	16068081	187	34	4	2	2	1	NA	NA	NA	unphased	1.07692307692308	1.07692307692308	1
11	18631240	18631241	11	2	4	2	2	1	NA	NA	NA	unphased	1.07692307692308	1.07692307692308	1
11	18631610	18631611	32	5	4	2	2	1	NA	NA	NA	unphased	0.945945945945946	0.945945945945946	1
11	18755111	18755112	117	42	4	2	2	1	NA	NA	NA	unphased	1.84905660377358	0.924528301886792	2
11	20483557	20483558	244	91	4	2	2	1	NA	NA	NA	unphased	1.90149253731343	0.950746268656716	2
11	20515482	20515483	156	20	4	2	2	1	NA	NA	NA	unphased	0.795454545454545	0.795454545454545	1
11	30033663	30033664	103	19	4	2	2	1	NA	NA	NA	unphased	1.09016393442623	1.09016393442623	1
11	30255158	30255159	113	7	4	2	2	1	NA	NA	NA	unphased	0.408333333333333	0.408333333333333	1
11	40136589	40136590	380	52	4	2	2	1	NA	NA	NA	unphased	0.842592592592592	0.842592592592592	1
11	43436244	43436245	257	45	4	2	2	1	NA	NA	NA	unphased	1.04304635761589	1.04304635761589	1
11	44129244	44129245	95	8	4	2	2	1	NA	NA	NA	unphased	0.543689320388349	0.543689320388349	1
11	46690090	46690091	156	44	4	2	2	1	NA	NA	NA	unphased	1.54	0.77	2
11	47188356	47188357	395	65	4	2	2	1	NA	NA	NA	unphased	0.989130434782609	0.989130434782609	1
11	47397208	47397209	139	64	4	2	2	1	NA	NA	NA	unphased	2.20689655172414	1.10344827586207	2
11	47776135	47776136	192	27	4	2	2	1	NA	NA	NA	unphased	0.863013698630137	0.863013698630137	1
11	48266730	48266731	329	48	4	2	2	1	NA	NA	NA	unphased	0.891246684350133	0.891246684350133	1
11	55406326	55406327	243	34	4	2	2	1	NA	NA	NA	unphased	0.859205776173285	0.859205776173285	1
11	55418432	55418433	215	77	4	2	2	1	NA	NA	NA	unphased	1.8458904109589	0.922945205479452	2
11	55873188	55873189	219	71	4	2	2	1	NA	NA	NA	unphased	1.71379310344828	0.856896551724138	2
11	55873189	55873190	219	69	4	2	2	1	NA	NA	NA	unphased	1.67708333333333	0.838541666666667	2
11	56020665	56020666	66	20	4	2	2	1	NA	NA	NA	unphased	1.62790697674419	0.813953488372093	2
11	56057801	56057802	176	31	4	2	2	1	NA	NA	NA	unphased	1.04830917874396	1.04830917874396	1
11	57310458	57310459	16	4	4	2	2	1	NA	NA	NA	unphased	1.4	1.4	1
11	57428586	57428587	378	60	4	2	2	1	NA	NA	NA	unphased	0.958904109589041	0.958904109589041	1
11	57799088	57799089	153	81	4	2	2	1	NA	NA	NA	unphased	2.42307692307692	1.21153846153846	2
11	58034691	58034692	65	13	4	2	2	1	NA	NA	NA	unphased	1.16666666666667	1.16666666666667	1
11	58715438	58715439	71	22	4	2	2	1	NA	NA	NA	unphased	1.65591397849462	0.827956989247312	2
11	58978604	58978605	198	76	4	2	2	1	NA	NA	NA	unphased	1.94160583941606	0.970802919708029	2
11	59131933	59131934	153	18	4	2	2	1	NA	NA	NA	unphased	0.736842105263158	0.736842105263158	1
11	59368768	59368769	128	21	4	2	2	1	NA	NA	NA	unphased	0.986577181208053	0.986577181208053	1
11	59368813	59368814	150	24	4	2	2	1	NA	NA	NA	unphased	0.96551724137931	0.96551724137931	1
11	60470903	60470904	222	41	4	2	2	1	NA	NA	NA	unphased	1.09125475285171	1.09125475285171	1
11	60714116	60714117	170	26	4	2	2	1	NA	NA	NA	unphased	0.928571428571428	0.928571428571428	1
11	61732577	61732578	515	51	4	2	2	1	NA	NA	NA	unphased	0.630742049469965	0.630742049469965	1
11	62288669	62288670	430	68	4	2	2	1	NA	NA	NA	unphased	0.955823293172691	0.955823293172691	1
11	62496296	62496297	32	19	4	2	2	1	NA	NA	NA	unphased	2.6078431372549	1.30392156862745	2
11	62519629	62519630	154	38	4	2	2	1	NA	NA	NA	unphased	1.38541666666667	0.692708333333333	2
11	62554030	62554031	21	6	4	2	2	1	NA	NA	NA	unphased	1.55555555555556	1.55555555555556	1
11	62650435	62650436	151	56	4	2	2	1	NA	NA	NA	unphased	1.89371980676328	0.946859903381642	2
11	62933654	62933655	86	26	4	2	2	1	NA	NA	NA	unphased	1.625	0.8125	2
11	63276043	63276044	83	18	4	2	2	1	NA	NA	NA	unphased	1.24752475247525	1.24752475247525	1
11	63963169	63963170	58	9	3	2	1	1	NA	NA	NA	unphased	0.805970149253731	0.805970149253731	1
11	64990980	64990981	62	7	3	2	1	1	NA	NA	NA	unphased	0.608695652173913	0.608695652173913	1
11	65161797	65161798	8	3	3	2	1	1	NA	NA	NA	unphased	1.63636363636364	1.63636363636364	1
11	65308029	65308030	121	22	3	2	1	1	NA	NA	NA	unphased	0.923076923076923	0.923076923076923	1
11	66357887	66357888	93	9	3	2	1	1	NA	NA	NA	unphased	0.529411764705882	0.529411764705882	1
11	67074335	67074336	44	8	3	2	1	1	NA	NA	NA	unphased	0.923076923076923	0.923076923076923	1
11	67934502	67934503	142	13	3	2	1	1	NA	NA	NA	unphased	0.503225806451613	0.503225806451613	1
11	67953374	67953375	135	25	3	2	1	1	NA	NA	NA	unphased	0.9375	0.9375	1
11	68855387	68855388	21	4	3	2	1	1	NA	NA	NA	unphased	0.96	0.96	1
11	70049750	70049751	55	14	3	2	1	1	NA	NA	NA	unphased	1.21739130434783	1.21739130434783	1
11	70333441	70333442	270	30	3	2	1	1	NA	NA	NA	unphased	0.6	0.6	1
11	71175150	71175151	26	11	3	2	1	1	NA	NA	NA	unphased	1.78378378378378	0.891891891891892	2
11	71724237	71724238	151	27	3	2	1	1	NA	NA	NA	unphased	0.910112359550562	0.910112359550562	1
11	71940528	71940529	175	30	3	2	1	1	NA	NA	NA	unphased	0.878048780487805	0.878048780487805	1
11	73584240	73584241	99	16	3	2	1	1	NA	NA	NA	unphased	0.834782608695652	0.834782608695652	1
11	74862427	74862428	29	9	3	2	1	1	NA	NA	NA	unphased	1.42105263157895	1.42105263157895	1
11	82642926	82642927	313	43	3	2	1	1	NA	NA	NA	unphased	0.724719101123596	0.724719101123596	1
11	82643304	82643305	147	28	3	2	1	1	NA	NA	NA	unphased	0.96	0.96	1
11	83170884	83170885	92	26	3	2	1	1	NA	NA	NA	unphased	1.32203389830508	1.32203389830508	1
11	88911271	88911272	72	7	3	2	1	1	NA	NA	NA	unphased	0.531645569620253	0.531645569620253	1
11	89073285	89073286	202	31	3	2	1	1	NA	NA	NA	unphased	0.798283261802575	0.798283261802575	1
11	89135641	89135642	280	40	3	2	1	1	NA	NA	NA	unphased	0.75	0.75	1
11	89531283	89531284	156	11	3	2	1	1	NA	NA	NA	unphased	0.395209580838323	0.395209580838323	1
11	89867911	89867912	73	37	3	2	1	1	NA	NA	NA	unphased	2.01818181818182	1.00909090909091	2
11	89882194	89882195	294	33	3	2	1	1	NA	NA	NA	unphased	0.605504587155963	0.605504587155963	1
11	100999137	100999138	33	4	3	2	1	1	NA	NA	NA	unphased	0.648648648648649	0.648648648648649	1
11	101834522	101834523	269	41	3	2	1	1	NA	NA	NA	unphased	0.793548387096774	0.793548387096774	1
11	105797514	105797515	228	33	3	2	1	1	NA	NA	NA	unphased	0.758620689655172	0.758620689655172	1
11	106888686	106888687	28	4	3	2	1	1	NA	NA	NA	unphased	0.75	0.75	1
11	107263539	107263540	97	14	3	2	1	1	NA	NA	NA	unphased	0.756756756756757	0.756756756756757	1
11	108383145	108383146	148	12	3	2	1	1	NA	NA	NA	unphased	0.45	0.45	1
11	111957602	111957603	78	11	3	2	1	1	NA	NA	NA	unphased	0.741573033707865	0.741573033707865	1
11	113265685	113265686	27	7	3	2	1	1	NA	NA	NA	unphased	1.23529411764706	1.23529411764706	1
11	113281383	113281384	58	11	3	2	1	1	NA	NA	NA	unphased	0.956521739130435	0.956521739130435	1
11	113934590	113934591	106	6	3	2	1	1	NA	NA	NA	unphased	0.321428571428571	0.321428571428571	1
11	117351982	117351983	82	10	3	2	1	1	NA	NA	NA	unphased	0.652173913043478	0.652173913043478	1
11	117389207	117389208	190	7	3	2	1	1	NA	NA	NA	unphased	0.213197969543147	0.213197969543147	1
11	118247310	118247311	191	86	3	2	1	1	NA	NA	NA	unphased	1.86281588447653	0.931407942238267	2
11	118521217	118521218	112	22	3	2	1	1	NA	NA	NA	unphased	0.985074626865672	0.985074626865672	1
11	118919195	118919196	171	22	3	2	1	1	NA	NA	NA	unphased	0.683937823834197	0.683937823834197	1
11	118919542	118919543	92	7	3	2	1	1	NA	NA	NA	unphased	0.424242424242424	0.424242424242424	1
11	118984641	118984642	75	17	3	2	1	1	NA	NA	NA	unphased	1.10869565217391	1.10869565217391	1
11	119029032	119029033	370	68	3	2	1	1	NA	NA	NA	unphased	0.931506849315069	0.931506849315069	1
11	119210416	119210417	50	8	3	2	1	1	NA	NA	NA	unphased	0.827586206896552	0.827586206896552	1
11	120178197	120178198	168	27	3	2	1	1	NA	NA	NA	unphased	0.830769230769231	0.830769230769231	1
11	120346149	120346150	222	33	3	2	1	1	NA	NA	NA	unphased	0.776470588235294	0.776470588235294	1
11	122850018	122850019	129	20	3	2	1	1	NA	NA	NA	unphased	0.805369127516779	0.805369127516779	1
11	123894541	123894542	176	34	3	2	1	1	NA	NA	NA	unphased	0.971428571428572	0.971428571428572	1
11	124766923	124766924	40	9	3	2	1	1	NA	NA	NA	unphased	1.10204081632653	1.10204081632653	1
11	125483012	125483013	291	53	3	2	1	1	NA	NA	NA	unphased	0.924418604651163	0.924418604651163	1
11	125792815	125792816	16	12	3	2	1	1	NA	NA	NA	unphased	2.57142857142857	1.28571428571429	2
11	130064531	130064532	71	11	3	2	1	1	NA	NA	NA	unphased	0.804878048780488	0.804878048780488	1
11	134086932	134086933	112	17	3	2	1	1	NA	NA	NA	unphased	0.790697674418605	0.790697674418605	1
11	134118799	134118800	225	46	3	2	1	1	NA	NA	NA	unphased	1.01845018450184	1.01845018450184	1
12	247612	247613	32	7	NA	NA	NA	NA	NA	NA	NA	unphased	NA	NA	1
12	1889745	1889746	710	167	6.8	5	3	0.8	1	1	0.2	unphased	1.86613454960091	1.03674141644495	1.8
12	2994676	2994677	160	7	6.8	5	3	0.8	1	1	0.2	unphased	0.410778443113773	0.513473053892216	0.8
12	3701393	3701394	845	53	6.8	5	3	0.8	1	1	0.2	unphased	0.578396436525613	0.578396436525613	1
12	5756891	5756892	41	4	6.8	5	3	0.8	1	1	0.2	unphased	0.871111111111111	0.871111111111111	1
12	5756892	5756893	41	4	6.8	5	3	0.8	1	1	0.2	unphased	0.871111111111111	0.871111111111111	1
12	6657949	6657950	74	5	6.8	5	3	0.8	1	1	0.2	unphased	0.620253164556962	0.620253164556962	1
12	6886552	6886553	369	39	6.8	5	3	0.8	1	1	0.2	unphased	0.936764705882353	0.936764705882353	1
12	6976807	6976808	76	5	6.8	5	3	0.8	1	1	0.2	unphased	0.604938271604938	0.604938271604938	1
12	7249727	7249728	106	11	6.8	5	3	0.8	1	1	0.2	unphased	0.921367521367522	0.921367521367522	1
12	7651769	7651770	749	48	6.8	5	3	0.8	1	1	0.2	unphased	0.59021329987453	0.59021329987453	1
12	7803717	7803718	274	14	6.8	5	3	0.8	1	1	0.2	unphased	0.476388888888889	0.595486111111111	0.8
12	8051571	8051572	160	56	6.8	5	3	0.8	1	1	0.2	unphased	2.54074074074074	0.977207977207977	2.6
12	8248225	8248226	343	16	6.8	5	3	0.8	1	1	0.2	unphased	0.436768802228412	0.436768802228412	1
12	9747873	9747874	334	31	6.8	5	3	0.8	1	1	0.2	unphased	0.832328767123288	0.832328767123288	1
12	10194125	10194126	85	11	6.8	5	3	0.8	1	1	0.2	unphased	1.12291666666667	1.12291666666667	1
12	10603637	10603638	483	50	6.8	5	3	0.8	1	1	0.2	unphased	0.919324577861163	0.919324577861163	1
12	10961879	10961880	313	27	6.8	5	3	0.8	1	1	0.2	unphased	0.778235294117647	0.778235294117647	1
12	11174299	11174300	281	36	6.8	5	3	0.8	1	1	0.2	unphased	1.11293375394322	1.11293375394322	1
12	11174552	11174553	585	18	6.8	5	3	0.8	1	1	0.2	unphased	0.292537313432836	0.292537313432836	1
12	11461170	11461171	516	48	6.8	5	3	0.8	1	1	0.2	unphased	0.834042553191489	0.834042553191489	1
12	12006362	12006363	457	35	6.8	5	3	0.8	1	1	0.2	unphased	0.697154471544716	0.871443089430894	0.8
12	12251996	12251997	70	5	6.8	5	3	0.8	1	1	0.2	unphased	0.653333333333333	0.653333333333333	1
12	13906544	13906545	205	60	4	2	2	1	NA	NA	NA	unphased	1.58490566037736	0.792452830188679	2
12	14796592	14796593	392	66	4	2	2	1	NA	NA	NA	unphased	1.00873362445415	1.00873362445415	1
12	15262293	15262294	376	58	4	2	2	1	NA	NA	NA	unphased	0.935483870967742	0.935483870967742	1
12	18889228	18889229	69	22	4	2	2	1	NA	NA	NA	unphased	1.69230769230769	0.846153846153846	2
12	21757566	21757567	118	16	4	2	2	1	NA	NA	NA	unphased	0.835820895522388	0.835820895522388	1
12	26217996	26217997	151	18	4	2	2	1	NA	NA	NA	unphased	0.745562130177515	0.745562130177515	1
12	27135730	27135731	45	7	4	2	2	1	NA	NA	NA	unphased	0.942307692307692	0.942307692307692	1
12	29639177	29639178	136	18	4	2	2	1	NA	NA	NA	unphased	0.818181818181818	0.818181818181818	1
12	32945393	32945394	134	46	4	2	2	1	NA	NA	NA	unphased	1.78888888888889	0.894444444444444	2
12	40158638	40158639	92	9	4	2	2	1	NA	NA	NA	unphased	0.623762376237624	0.623762376237624	1
12	40637413	40637414	227	41	3	2	1	1	NA	NA	NA	unphased	0.917910447761194	0.917910447761194	1
12	44148330	44148331	194	32	3	2	1	1	NA	NA	NA	unphased	0.849557522123894	0.849557522123894	1
12	44913928	44913929	53	6	3	2	1	1	NA	NA	NA	unphased	0.610169491525424	0.610169491525424	1
12	45744460	45744461	52	9	3	2	1	1	NA	NA	NA	unphased	0.885245901639344	0.885245901639344	1
12	46231198	46231199	137	63	3	2	1	1	NA	NA	NA	unphased	1.89	0.945	2
12	49315296	49315297	40	11	3	2	1	1	NA	NA	NA	unphased	1.29411764705882	1.29411764705882	1
12	50368168	50368169	75	9	3	2	1	1	NA	NA	NA	unphased	0.642857142857143	0.642857142857143	1
12	50369452	50369453	26	3	3	2	1	1	NA	NA	NA	unphased	0.620689655172414	0.620689655172414	1
12	51319289	51319290	48	10	3	2	1	1	NA	NA	NA	unphased	1.03448275862069	1.03448275862069	1
12	51495741	51495742	159	19	3	2	1	1	NA	NA	NA	unphased	0.640449438202247	0.640449438202247	1
12	52282469	52282470	94	56	3	2	1	1	NA	NA	NA	unphased	2.24	1.12	2
12	52845895	52845896	26	10	3	2	1	1	NA	NA	NA	unphased	1.66666666666667	1.66666666666667	1
12	53086360	53086361	63	27	3	2	1	1	NA	NA	NA	unphased	1.8	0.9	2
12	54379176	54379177	100	15	3	2	1	1	NA	NA	NA	unphased	0.782608695652174	0.782608695652174	1
12	56498398	56498399	33	6	3	2	1	1	NA	NA	NA	unphased	0.923076923076923	0.923076923076923	1
12	56637077	56637078	35	10	3	2	1	1	NA	NA	NA	unphased	1.33333333333333	1.33333333333333	1
12	57490444	57490445	89	13	3	2	1	1	NA	NA	NA	unphased	0.764705882352941	0.764705882352941	1
12	57857803	57857804	316	46	3	2	1	1	NA	NA	NA	unphased	0.762430939226519	0.762430939226519	1
12	58127951	58127952	61	9	3	2	1	1	NA	NA	NA	unphased	0.771428571428571	0.771428571428571	1
12	62790073	62790074	96	39	3	2	1	1	NA	NA	NA	unphased	1.73333333333333	0.866666666666667	2
12	62931380	62931381	134	47	3	2	1	1	NA	NA	NA	unphased	1.55801104972376	0.779005524861878	2
12	64587968	64587969	198	42	3	2	1	1	NA	NA	NA	unphased	1.05	1.05	1
12	65113895	65113896	492	75	3	2	1	1	NA	NA	NA	unphased	0.793650793650794	0.793650793650794	1
12	66849291	66849292	144	29	3	2	1	1	NA	NA	NA	unphased	1.00578034682081	1.00578034682081	1
12	68051553	68051554	304	44	3	2	1	1	NA	NA	NA	unphased	0.758620689655172	0.758620689655172	1
12	72025648	72025649	159	23	3	2	1	1	NA	NA	NA	unphased	0.758241758241758	0.758241758241758	1
12	72332647	72332648	21	8	3	2	1	1	NA	NA	NA	unphased	1.6551724137931	1.6551724137931	1
12	78598823	78598824	48	20	3	2	1	1	NA	NA	NA	unphased	1.76470588235294	0.882352941176471	2
12	81675036	81675037	33	15	3	2	1	1	NA	NA	NA	unphased	1.875	0.9375	2
12	85441103	85441104	120	18	3	2	1	1	NA	NA	NA	unphased	0.782608695652174	0.782608695652174	1
12	89861416	89861417	77	4	3	2	1	1	NA	NA	NA	unphased	0.296296296296296	0.296296296296296	1
12	91498029	91498030	130	22	3	2	1	1	NA	NA	NA	unphased	0.868421052631579	0.868421052631579	1
12	93863108	93863109	89	18	3	2	1	1	NA	NA	NA	unphased	1.00934579439252	1.00934579439252	1
12	94976027	94976028	173	33	3	2	1	1	NA	NA	NA	unphased	0.961165048543689	0.961165048543689	1
12	95676298	95676299	246	99	3	2	1	1	NA	NA	NA	unphased	1.72173913043478	0.860869565217391	2
12	101721005	101721006	233	85	3	2	1	1	NA	NA	NA	unphased	1.60377358490566	0.80188679245283	2
12	102120262	102120263	43	15	3	2	1	1	NA	NA	NA	unphased	1.55172413793103	0.775862068965517	2
12	104134504	104134505	170	36	3	2	1	1	NA	NA	NA	unphased	1.04854368932039	1.04854368932039	1
12	104331550	104331551	45	5	3	2	1	1	NA	NA	NA	unphased	0.6	0.6	1
12	105583853	105583854	153	29	3	2	1	1	NA	NA	NA	unphased	0.956043956043956	0.956043956043956	1
12	107208965	107208966	178	38	3	2	1	1	NA	NA	NA	unphased	1.05555555555556	1.05555555555556	1
12	109510128	109510129	110	17	3	2	1	1	NA	NA	NA	unphased	0.803149606299213	0.803149606299213	1
12	110252355	110252356	78	5	3	2	1	1	NA	NA	NA	unphased	0.36144578313253	0.36144578313253	1
12	110643429	110643430	292	45	3	2	1	1	NA	NA	NA	unphased	0.801186943620178	0.801186943620178	1
12	112143634	112143635	145	7	3	2	1	1	NA	NA	NA	unphased	0.276315789473684	0.276315789473684	1
12	113629660	113629661	53	22	3	2	1	1	NA	NA	NA	unphased	1.76	0.88	2
12	114793392	114793393	56	21	3	2	1	1	NA	NA	NA	unphased	1.63636363636364	0.818181818181818	2
12	120502494	120502495	83	18	3	2	1	1	NA	NA	NA	unphased	1.06930693069307	1.06930693069307	1
12	120649812	120649813	39	16	3	2	1	1	NA	NA	NA	unphased	1.74545454545455	0.872727272727273	2
12	120652666	120652667	70	13	3	2	1	1	NA	NA	NA	unphased	0.939759036144578	0.939759036144578	1
12	120652717	120652718	58	5	3	2	1	1	NA	NA	NA	unphased	0.476190476190476	0.476190476190476	1
12	121465578	121465579	67	17	3	2	1	1	NA	NA	NA	unphased	1.21428571428571	1.21428571428571	1
12	121746229	121746230	38	10	3	2	1	1	NA	NA	NA	unphased	1.25	1.25	1
12	122803816	122803817	113	49	3	2	1	1	NA	NA	NA	unphased	1.81481481481482	0.907407407407408	2
12	122991434	122991435	156	18	3	2	1	1	NA	NA	NA	unphased	0.620689655172414	0.620689655172414	1
12	123805124	123805125	294	40	3	2	1	1	NA	NA	NA	unphased	0.718562874251497	0.718562874251497	1
12	124103975	124103976	126	66	3	2	1	1	NA	NA	NA	unphased	2.0625	1.03125	2
12	124297755	124297756	79	20	3	2	1	1	NA	NA	NA	unphased	1.21212121212121	1.21212121212121	1
12	124311322	124311323	184	24	3	2	1	1	NA	NA	NA	unphased	0.692307692307692	0.692307692307692	1
12	130884262	130884263	153	35	3	2	1	1	NA	NA	NA	unphased	1.11702127659574	1.11702127659574	1
12	130926706	130926707	60	19	3	2	1	1	NA	NA	NA	unphased	1.44303797468354	1.44303797468354	1
12	130935769	130935770	62	22	3	2	1	1	NA	NA	NA	unphased	1.57142857142857	0.785714285714286	2
12	133294610	133294611	89	12	NA	NA	NA	NA	NA	NA	NA	unphased	NA	NA	1
12	133373126	133373127	131	27	NA	NA	NA	NA	NA	NA	NA	unphased	NA	NA	1
13	19751249	19751250	133	24	2	2	0	1	NA	NA	NA	unphased	0.764331210191083	0.764331210191083	1
13	23912024	23912025	87	20	2	2	0	1	NA	NA	NA	unphased	0.934579439252336	0.934579439252336	1
13	27333803	27333804	103	30	2	2	0	1	NA	NA	NA	unphased	1.12781954887218	1.12781954887218	1
13	28964032	28964033	218	66	2	2	0	1	NA	NA	NA	unphased	1.16197183098592	1.16197183098592	1
13	29599655	29599656	24	4	2	2	0	1	NA	NA	NA	unphased	0.714285714285714	0.714285714285714	1
13	31711277	31711278	32	4	2	2	0	1	NA	NA	NA	unphased	0.555555555555555	0.555555555555555	1
13	35644897	35644898	77	58	2	2	0	1	NA	NA	NA	unphased	2.14814814814815	1.07407407407407	2
13	39433450	39433451	173	43	2	2	0	1	NA	NA	NA	unphased	0.99537037037037	0.99537037037037	1
13	42873498	42873499	59	22	2	2	0	1	NA	NA	NA	unphased	1.35802469135802	1.35802469135802	1
13	52742255	52742256	46	22	2	2	0	1	NA	NA	NA	unphased	1.61764705882353	0.808823529411765	2
13	73649904	73649905	73	11	2	2	0	1	NA	NA	NA	unphased	0.654761904761905	0.654761904761905	1
13	77695531	77695532	180	9	2	2	0	1	NA	NA	NA	unphased	0.238095238095238	0.238095238095238	1
13	88329934	88329935	80	16	2	2	0	1	NA	NA	NA	unphased	0.833333333333333	0.833333333333333	1
13	103296992	103296993	109	22	2	2	0	1	NA	NA	NA	unphased	0.83969465648855	0.83969465648855	1
13	103309402	103309403	93	47	2	2	0	1	NA	NA	NA	unphased	1.67857142857143	0.839285714285714	2
13	113730390	113730391	37	11	2	2	0	1	NA	NA	NA	unphased	1.14583333333333	1.14583333333333	1
13	115009417	115009418	105	23	NA	NA	NA	NA	NA	NA	NA	unphased	NA	NA	1
14	21058429	21058430	88	10	3	2	1	1	NA	NA	NA	unphased	0.612244897959184	0.612244897959184	1
14	21109423	21109424	58	8	3	2	1	1	NA	NA	NA	unphased	0.727272727272727	0.727272727272727	1
14	21359977	21359978	186	35	3	2	1	1	NA	NA	NA	unphased	0.950226244343891	0.950226244343891	1
14	21500245	21500246	94	11	3	2	1	1	NA	NA	NA	unphased	0.628571428571429	0.628571428571429	1
14	21552085	21552086	71	12	3	2	1	1	NA	NA	NA	unphased	0.867469879518072	0.867469879518072	1
14	22265789	22265790	238	42	3	2	1	1	NA	NA	NA	unphased	0.9	0.9	1
14	22694872	22694873	123	19	3	2	1	1	NA	NA	NA	unphased	0.802816901408451	0.802816901408451	1
14	22968718	22968719	142	27	3	2	1	1	NA	NA	NA	unphased	0.958579881656805	0.958579881656805	1
14	23393851	23393852	116	10	3	2	1	1	NA	NA	NA	unphased	0.476190476190476	0.476190476190476	1
14	24030803	24030804	83	5	3	2	1	1	NA	NA	NA	unphased	0.340909090909091	0.340909090909091	1
14	24614466	24614467	138	21	3	2	1	1	NA	NA	NA	unphased	0.792452830188679	0.792452830188679	1
14	24723419	24723420	51	13	3	2	1	1	NA	NA	NA	unphased	1.21875	1.21875	1
14	31354660	31354661	191	23	3	2	1	1	NA	NA	NA	unphased	0.644859813084112	0.644859813084112	1
14	31355339	31355340	222	29	3	2	1	1	NA	NA	NA	unphased	0.693227091633466	0.693227091633466	1
14	32559802	32559803	77	14	3	2	1	1	NA	NA	NA	unphased	0.923076923076923	0.923076923076923	1
14	33201843	33201844	167	21	3	2	1	1	NA	NA	NA	unphased	0.670212765957447	0.670212765957447	1
14	35263990	35263991	166	15	3	2	1	1	NA	NA	NA	unphased	0.497237569060773	0.497237569060773	1
14	35295248	35295249	21	5	3	2	1	1	NA	NA	NA	unphased	1.15384615384615	1.15384615384615	1
14	36986503	36986504	13	3	3	2	1	1	NA	NA	NA	unphased	1.125	1.125	1
14	36989341	36989342	34	6	3	2	1	1	NA	NA	NA	unphased	0.9	0.9	1
14	39649714	39649715	77	9	3	2	1	1	NA	NA	NA	unphased	0.627906976744186	0.627906976744186	1
14	39722272	39722273	53	23	3	2	1	1	NA	NA	NA	unphased	1.81578947368421	0.907894736842105	2
14	44975996	44975997	338	51	3	2	1	1	NA	NA	NA	unphased	0.786632390745501	0.786632390745501	1
14	50053094	50053095	70	8	3	2	1	1	NA	NA	NA	unphased	0.615384615384615	0.615384615384615	1
14	50176426	50176427	93	23	3	2	1	1	NA	NA	NA	unphased	1.18965517241379	1.18965517241379	1
14	51223633	51223634	12	3	3	2	1	1	NA	NA	NA	unphased	1.2	1.2	1
14	51224084	51224085	322	60	3	2	1	1	NA	NA	NA	unphased	0.942408376963351	0.942408376963351	1
14	53521242	53521243	149	23	3	2	1	1	NA	NA	NA	unphased	0.802325581395349	0.802325581395349	1
14	55475033	55475034	75	14	3	2	1	1	NA	NA	NA	unphased	0.943820224719101	0.943820224719101	1
14	55510377	55510378	218	37	3	2	1	1	NA	NA	NA	unphased	0.870588235294118	0.870588235294118	1
14	55510515	55510516	108	25	3	2	1	1	NA	NA	NA	unphased	1.12781954887218	1.12781954887218	1
14	58701236	58701237	162	30	3	2	1	1	NA	NA	NA	unphased	0.9375	0.9375	1
14	59835620	59835621	33	5	3	2	1	1	NA	NA	NA	unphased	0.789473684210526	0.789473684210526	1
14	59951016	59951017	51	11	3	2	1	1	NA	NA	NA	unphased	1.06451612903226	1.06451612903226	1
14	61180301	61180302	113	20	3	2	1	1	NA	NA	NA	unphased	0.902255639097744	0.902255639097744	1
14	64644157	64644158	112	24	3	2	1	1	NA	NA	NA	unphased	1.05882352941176	1.05882352941176	1
14	69263019	69263020	121	17	3	2	1	1	NA	NA	NA	unphased	0.739130434782609	0.739130434782609	1
14	71444957	71444958	153	26	3	2	1	1	NA	NA	NA	unphased	0.871508379888268	0.871508379888268	1
14	73190342	73190343	246	51	3	2	1	1	NA	NA	NA	unphased	1.03030303030303	1.03030303030303	1
14	74340876	74340877	167	16	3	2	1	1	NA	NA	NA	unphased	0.524590163934426	0.524590163934426	1
14	74516730	74516731	80	11	3	2	1	1	NA	NA	NA	unphased	0.725274725274725	0.725274725274725	1
14	75151329	75151330	58	9	3	2	1	1	NA	NA	NA	unphased	0.805970149253731	0.805970149253731	1
14	75574084	75574085	101	21	3	2	1	1	NA	NA	NA	unphased	1.0327868852459	1.0327868852459	1
14	77732897	77732898	86	10	3	2	1	1	NA	NA	NA	unphased	0.625	0.625	1
14	77808182	77808183	84	13	3	2	1	1	NA	NA	NA	unphased	0.804123711340206	0.804123711340206	1
14	77948772	77948773	70	19	3	2	1	1	NA	NA	NA	unphased	1.28089887640449	1.28089887640449	1
14	91110545	91110546	125	25	3	2	1	1	NA	NA	NA	unphased	1	1	1
14	91779948	91779949	108	52	3	2	1	1	NA	NA	NA	unphased	1.95	0.975	2
14	94084611	94084612	101	14	3	2	1	1	NA	NA	NA	unphased	0.730434782608696	0.730434782608696	1
14	94158225	94158226	119	19	3	2	1	1	NA	NA	NA	unphased	0.826086956521739	0.826086956521739	1
14	94578050	94578051	65	16	3	2	1	1	NA	NA	NA	unphased	1.18518518518519	1.18518518518519	1
14	95669504	95669505	67	24	3	2	1	1	NA	NA	NA	unphased	1.58241758241758	0.791208791208791	2
14	95670394	95670395	175	24	3	2	1	1	NA	NA	NA	unphased	0.723618090452261	0.723618090452261	1
14	96937901	96937902	113	6	3	2	1	1	NA	NA	NA	unphased	0.302521008403361	0.302521008403361	1
14	99865288	99865289	396	82	3	2	1	1	NA	NA	NA	unphased	1.02928870292887	1.02928870292887	1
14	101526955	101526956	25	6	3	2	1	1	NA	NA	NA	unphased	1.16129032258065	1.16129032258065	1
14	102481629	102481630	33	3	3	2	1	1	NA	NA	NA	unphased	0.5	0.5	1
14	104472824	104472825	93	20	3	2	1	1	NA	NA	NA	unphased	1.06194690265487	1.06194690265487	1
14	105415936	105415937	293	53	3	2	1	1	NA	NA	NA	unphased	0.919075144508671	0.919075144508671	1
14	105420833	105420834	24	5	3	2	1	1	NA	NA	NA	unphased	1.03448275862069	1.03448275862069	1
14	105905015	105905016	251	48	3	2	1	1	NA	NA	NA	unphased	0.963210702341137	0.963210702341137	1
14	106109563	106109564	81	22	NA	NA	NA	NA	NA	NA	NA	unphased	NA	NA	1
14	106207833	106207834	93	13	NA	NA	NA	NA	NA	NA	NA	unphased	NA	NA	1
15	20489436	20489437	181	15	NA	NA	NA	NA	NA	NA	NA	unphased	NA	NA	1
15	22962536	22962537	58	8	NA	NA	NA	NA	NA	NA	NA	unphased	NA	NA	1
15	23890132	23890133	95	18	3	2	1	1	NA	NA	NA	unphased	0.955752212389381	0.955752212389381	1
15	23931633	23931634	53	21	3	2	1	1	NA	NA	NA	unphased	1.7027027027027	0.851351351351351	2
15	23931907	23931908	55	15	3	2	1	1	NA	NA	NA	unphased	1.28571428571429	1.28571428571429	1
15	25432747	25432748	382	76	3	2	1	1	NA	NA	NA	unphased	0.995633187772926	0.995633187772926	1
15	28228541	28228542	129	17	3	2	1	1	NA	NA	NA	unphased	0.698630136986301	0.698630136986301	1
15	30918903	30918904	15	4	3	2	1	1	NA	NA	NA	unphased	1.26315789473684	1.26315789473684	1
15	33359864	33359865	135	23	3	2	1	1	NA	NA	NA	unphased	0.873417721518987	0.873417721518987	1
15	35529663	35529664	183	29	3	2	1	1	NA	NA	NA	unphased	0.820754716981132	0.820754716981132	1
15	40902466	40902467	173	39	3	2	1	1	NA	NA	NA	unphased	1.10377358490566	1.10377358490566	1
15	40912984	40912985	132	19	3	2	1	1	NA	NA	NA	unphased	0.754966887417219	0.754966887417219	1
15	41146844	41146845	159	37	3	2	1	1	NA	NA	NA	unphased	1.13265306122449	1.13265306122449	1
15	41799458	41799459	26	8	3	2	1	1	NA	NA	NA	unphased	1.41176470588235	1.41176470588235	1
15	42192958	42192959	49	25	3	2	1	1	NA	NA	NA	unphased	2.02702702702703	1.01351351351351	2
15	43044760	43044761	150	40	3	2	1	1	NA	NA	NA	unphased	1.26315789473684	1.26315789473684	1
15	43661910	43661911	167	29	3	2	1	1	NA	NA	NA	unphased	0.887755102040816	0.887755102040816	1
15	43821417	43821418	56	10	3	2	1	1	NA	NA	NA	unphased	0.909090909090909	0.909090909090909	1
15	44090667	44090668	106	15	3	2	1	1	NA	NA	NA	unphased	0.743801652892562	0.743801652892562	1
15	44855182	44855183	13	2	3	2	1	1	NA	NA	NA	unphased	0.8	0.8	1
15	44943813	44943814	295	40	3	2	1	1	NA	NA	NA	unphased	0.716417910447761	0.716417910447761	1
15	51828678	51828679	162	33	3	2	1	1	NA	NA	NA	unphased	1.01538461538462	1.01538461538462	1
15	54847656	54847657	54	8	3	2	1	1	NA	NA	NA	unphased	0.774193548387097	0.774193548387097	1
15	55611484	55611485	13	3	3	2	1	1	NA	NA	NA	unphased	1.125	1.125	1
15	63356323	63356324	43	5	3	2	1	1	NA	NA	NA	unphased	0.625	0.625	1
15	64967612	64967613	127	24	3	2	1	1	NA	NA	NA	unphased	0.95364238410596	0.95364238410596	1
15	65235751	65235752	401	75	3	2	1	1	NA	NA	NA	unphased	0.945378151260504	0.945378151260504	1
15	65793002	65793003	296	64	3	2	1	1	NA	NA	NA	unphased	1.06666666666667	1.06666666666667	1
15	66793359	66793360	139	23	3	2	1	1	NA	NA	NA	unphased	0.851851851851852	0.851851851851852	1
15	68583628	68583629	37	9	3	2	1	1	NA	NA	NA	unphased	1.17391304347826	1.17391304347826	1
15	74573100	74573101	117	23	3	2	1	1	NA	NA	NA	unphased	0.985714285714286	0.985714285714286	1
15	74627442	74627443	160	82	3	2	1	1	NA	NA	NA	unphased	2.03305785123967	1.01652892561983	2
15	75652297	75652298	38	8	3	2	1	1	NA	NA	NA	unphased	1.04347826086957	1.04347826086957	1
15	78922231	78922232	55	17	3	2	1	1	NA	NA	NA	unphased	1.41666666666667	1.41666666666667	1
15	83933053	83933054	143	66	3	2	1	1	NA	NA	NA	unphased	1.89473684210526	0.947368421052632	2
15	85326209	85326210	91	38	3	2	1	1	NA	NA	NA	unphased	1.76744186046512	0.883720930232558	2
15	85478749	85478750	96	58	3	2	1	1	NA	NA	NA	unphased	2.25974025974026	1.12987012987013	2
15	86807963	86807964	153	73	3	2	1	1	NA	NA	NA	unphased	1.93805309734513	0.969026548672566	2
15	89074043	89074044	74	12	3	2	1	1	NA	NA	NA	unphased	0.837209302325581	0.837209302325581	1
15	89744982	89744983	98	17	3	2	1	1	NA	NA	NA	unphased	0.886956521739131	0.886956521739131	1
15	90149998	90149999	82	8	3	2	1	1	NA	NA	NA	unphased	0.533333333333333	0.533333333333333	1
15	90996131	90996132	75	6	3	2	1	1	NA	NA	NA	unphased	0.444444444444444	0.444444444444444	1
15	91827443	91827444	141	28	3	2	1	1	NA	NA	NA	unphased	0.994082840236687	0.994082840236687	1
15	100996211	100996212	66	19	3	2	1	1	NA	NA	NA	unphased	1.34117647058824	1.34117647058824	1
15	101464720	101464721	12	4	3	2	1	1	NA	NA	NA	unphased	1.5	1.5	1
15	101905240	101905241	54	13	NA	NA	NA	NA	NA	NA	NA	unphased	NA	NA	1
15	102190534	102190535	11	3	NA	NA	NA	NA	NA	NA	NA	unphased	NA	NA	1
16	553071	553072	121	22	NA	NA	NA	NA	NA	NA	NA	unphased	NA	NA	1
16	723720	723721	7	7	4	3	1	1	NA	NA	NA	unphased	3.5	1.16666666666667	3
16	815721	815722	55	8	4	3	1	1	NA	NA	NA	unphased	0.888888888888889	0.888888888888889	1
16	837160	837161	31	3	4	3	1	1	NA	NA	NA	unphased	0.617647058823529	0.617647058823529	1
16	1257398	1257399	24	4	4	3	1	1	NA	NA	NA	unphased	1	1	1
16	2223817	2223818	42	3	4	3	1	1	NA	NA	NA	unphased	0.466666666666667	0.466666666666667	1
16	2257037	2257038	130	40	4	3	1	1	NA	NA	NA	unphased	1.64705882352941	0.823529411764706	2
16	2260556	2260557	53	11	4	3	1	1	NA	NA	NA	unphased	1.203125	1.203125	1
16	2260648	2260649	32	21	4	3	1	1	NA	NA	NA	unphased	2.77358490566038	0.924528301886792	3
16	2814713	2814714	417	304	4	3	1	1	NA	NA	NA	unphased	2.95145631067961	0.983818770226537	3
16	2818168	2818169	44	8	4	3	1	1	NA	NA	NA	unphased	1.07692307692308	1.07692307692308	1
16	3115775	3115776	370	50	4	3	1	1	NA	NA	NA	unphased	0.833333333333333	0.833333333333333	1
16	3304484	3304485	19	3	4	3	1	1	NA	NA	NA	unphased	0.954545454545454	0.954545454545454	1
16	3367378	3367379	96	17	4	3	1	1	NA	NA	NA	unphased	1.05309734513274	1.05309734513274	1
16	3367398	3367399	112	13	4	3	1	1	NA	NA	NA	unphased	0.728	0.728	1
16	3433223	3433224	138	21	4	3	1	1	NA	NA	NA	unphased	0.924528301886792	0.924528301886792	1
16	4163999	4164000	194	46	2	1	1	1	NA	NA	NA	unphased	0.958333333333333	0.958333333333333	1
16	14026041	14026042	201	35	2	1	1	1	NA	NA	NA	unphased	0.741525423728813	0.741525423728813	1
16	15702351	15702352	62	13	2	1	1	1	NA	NA	NA	unphased	0.866666666666667	0.866666666666667	1
16	16205278	16205279	181	38	2	1	1	1	NA	NA	NA	unphased	0.867579908675799	0.867579908675799	1
16	20636812	20636813	41	8	2	1	1	1	NA	NA	NA	unphased	0.816326530612245	0.816326530612245	1
16	24788258	24788259	83	13	2	1	1	1	NA	NA	NA	unphased	0.677083333333333	0.677083333333333	1
16	24902290	24902291	178	44	2	1	1	1	NA	NA	NA	unphased	0.990990990990991	0.990990990990991	1
16	27221542	27221543	73	11	2	1	1	1	NA	NA	NA	unphased	0.654761904761905	0.654761904761905	1
16	27363886	27363887	96	31	2	1	1	1	NA	NA	NA	unphased	1.22047244094488	1.22047244094488	1
16	28914160	28914161	24	7	2	1	1	1	NA	NA	NA	unphased	1.12903225806452	1.12903225806452	1
16	30409554	30409555	70	13	2	1	1	1	NA	NA	NA	unphased	0.783132530120482	0.783132530120482	1
16	31091513	31091514	31	6	2	1	1	1	NA	NA	NA	unphased	0.810810810810811	0.810810810810811	1
16	31091694	31091695	78	11	2	1	1	1	NA	NA	NA	unphased	0.617977528089888	0.617977528089888	1
16	31098056	31098057	52	11	2	1	1	1	NA	NA	NA	unphased	0.873015873015873	0.873015873015873	1
16	31150510	31150511	81	16	2	1	1	1	NA	NA	NA	unphased	0.824742268041237	0.824742268041237	1
16	46931633	46931634	60	52	3	3	0	1	NA	NA	NA	unphased	2.78571428571429	0.928571428571429	3
16	49315306	49315307	17	7	3	3	0	1	NA	NA	NA	unphased	1.75	1.75	1
16	50348316	50348317	16	14	3	3	0	1	NA	NA	NA	unphased	2.8	0.933333333333333	3
16	50655580	50655581	48	7	3	3	0	1	NA	NA	NA	unphased	0.763636363636364	0.763636363636364	1
16	50821698	50821699	33	18	3	3	0	1	NA	NA	NA	unphased	2.11764705882353	1.05882352941176	2
16	51175746	51175747	59	55	3	3	0	1	NA	NA	NA	unphased	2.89473684210526	0.964912280701754	3
16	67214479	67214480	39	9	3	3	0	1	NA	NA	NA	unphased	1.125	1.125	1
16	67264020	67264021	215	38	3	3	0	1	NA	NA	NA	unphased	0.901185770750988	0.901185770750988	1
16	67314195	67314196	54	6	3	3	0	1	NA	NA	NA	unphased	0.6	0.6	1
16	67409288	67409289	302	83	3	3	0	1	NA	NA	NA	unphased	1.29350649350649	1.29350649350649	1
16	67980941	67980942	34	5	3	3	0	1	NA	NA	NA	unphased	0.769230769230769	0.769230769230769	1
16	69199279	69199280	95	16	3	3	0	1	NA	NA	NA	unphased	0.864864864864865	0.864864864864865	1
16	69704135	69704136	51	15	3	3	0	1	NA	NA	NA	unphased	1.36363636363636	1.36363636363636	1
16	75512623	75512624	56	56	3	3	0	1	NA	NA	NA	unphased	3	1	3
16	75642804	75642805	100	22	3	3	0	1	NA	NA	NA	unphased	1.08196721311475	1.08196721311475	1
16	75642879	75642880	100	24	3	3	0	1	NA	NA	NA	unphased	1.16129032258065	1.16129032258065	1
16	84514297	84514298	57	26	3	3	0	1	NA	NA	NA	unphased	1.87951807228916	0.939759036144578	2
16	88945802	88945803	53	7	3	3	0	1	NA	NA	NA	unphased	0.7	0.7	1
16	89293454	89293455	231	39	3	3	0	1	NA	NA	NA	unphased	0.866666666666667	0.866666666666667	1
16	89783080	89783081	91	21	NA	NA	NA	NA	NA	NA	NA	unphased	NA	NA	1
17	2604711	2604712	10	6	2	2	0	1	NA	NA	NA	unphased	1.875	1.875	1
17	3665220	3665221	40	17	2	2	0	1	NA	NA	NA	unphased	1.49122807017544	0.745614035087719	2
17	4085543	4085544	228	53	2	2	0	1	NA	NA	NA	unphased	0.943060498220641	0.943060498220641	1
17	4689560	4689561	61	8	2	2	0	1	NA	NA	NA	unphased	0.579710144927536	0.579710144927536	1
17	7324337	7324338	67	14	2	2	0	1	NA	NA	NA	unphased	0.864197530864197	0.864197530864197	1
17	7498075	7498076	84	14	2	2	0	1	NA	NA	NA	unphased	0.714285714285714	0.714285714285714	1
17	7695335	7695336	162	32	2	2	0	1	NA	NA	NA	unphased	0.824742268041237	0.824742268041237	1
17	7751799	7751800	81	26	2	2	0	1	NA	NA	NA	unphased	1.21495327102804	1.21495327102804	1
17	7760008	7760009	102	18	2	2	0	1	NA	NA	NA	unphased	0.75	0.75	1
17	9830002	9830003	83	13	2	2	0	1	NA	NA	NA	unphased	0.677083333333333	0.677083333333333	1
17	10231374	10231375	62	29	2	2	0	1	NA	NA	NA	unphased	1.59340659340659	0.796703296703297	2
17	10417366	10417367	81	51	2	2	0	1	NA	NA	NA	unphased	1.93181818181818	0.965909090909091	2
17	12666888	12666889	64	34	2	2	0	1	NA	NA	NA	unphased	1.73469387755102	0.86734693877551	2
17	15517211	15517212	191	34	2	2	0	1	NA	NA	NA	unphased	0.755555555555556	0.755555555555556	1
17	18775919	18775920	305	61	2	2	0	1	NA	NA	NA	unphased	0.833333333333333	0.833333333333333	1
17	33323663	33323664	226	50	2	2	0	1	NA	NA	NA	unphased	0.905797101449275	0.905797101449275	1
17	40825295	40825296	157	34	2	2	0	1	NA	NA	NA	unphased	0.890052356020942	0.890052356020942	1
17	42513911	42513912	77	51	2	2	0	1	NA	NA	NA	unphased	1.9921875	0.99609375	2
17	42743861	42743862	16	4	2	2	0	1	NA	NA	NA	unphased	1	1	1
17	43339396	43339397	34	4	3	3	0	1	NA	NA	NA	unphased	0.631578947368421	0.631578947368421	1
17	43531170	43531171	127	23	3	3	0	1	NA	NA	NA	unphased	0.92	0.92	1
17	46700470	46700471	167	35	3	3	0	1	NA	NA	NA	unphased	1.03960396039604	1.03960396039604	1
17	48263142	48263143	71	16	3	3	0	1	NA	NA	NA	unphased	1.10344827586207	1.10344827586207	1
17	48616631	48616632	86	15	3	3	0	1	NA	NA	NA	unphased	0.891089108910891	0.891089108910891	1
17	54428249	54428250	96	20	3	3	0	1	NA	NA	NA	unphased	1.03448275862069	1.03448275862069	1
17	55027747	55027748	294	56	3	3	0	1	NA	NA	NA	unphased	0.96	0.96	1
17	57208655	57208656	15	3	3	3	0	1	NA	NA	NA	unphased	1	1	1
17	60023814	60023815	96	11	4	4	0	1	NA	NA	NA	unphased	0.719626168224299	0.719626168224299	1
17	62081217	62081218	80	16	3	3	0	1	NA	NA	NA	unphased	1	1	1
17	63221469	63221470	238	27	3	3	0	1	NA	NA	NA	unphased	0.611320754716981	0.611320754716981	1
17	63898433	63898434	103	16	3	3	0	1	NA	NA	NA	unphased	0.80672268907563	0.80672268907563	1
17	65467625	65467626	19	4	4	4	0	1	NA	NA	NA	unphased	1.21739130434783	1.21739130434783	1
17	66992105	66992106	92	17	2	2	0	1	NA	NA	NA	unphased	0.779816513761468	0.779816513761468	1
17	72285828	72285829	66	13	2	2	0	1	NA	NA	NA	unphased	0.822784810126582	0.822784810126582	1
17	73499762	73499763	53	19	2	2	0	1	NA	NA	NA	unphased	1.31944444444444	1.31944444444444	1
17	73702642	73702643	60	21	2	2	0	1	NA	NA	NA	unphased	1.2962962962963	1.2962962962963	1
17	74011345	74011346	19	3	2	2	0	1	NA	NA	NA	unphased	0.681818181818182	0.681818181818182	1
17	74148492	74148493	140	23	2	2	0	1	NA	NA	NA	unphased	0.705521472392638	0.705521472392638	1
17	74570504	74570505	30	4	2	2	0	1	NA	NA	NA	unphased	0.588235294117647	0.588235294117647	1
17	76433778	76433779	33	12	2	2	0	1	NA	NA	NA	unphased	1.33333333333333	1.33333333333333	1
17	76869933	76869934	103	32	2	2	0	1	NA	NA	NA	unphased	1.18518518518519	1.18518518518519	1
17	78021136	78021137	42	7	2	2	0	1	NA	NA	NA	unphased	0.714285714285714	0.714285714285714	1
17	78272247	78272248	58	17	2	2	0	1	NA	NA	NA	unphased	1.13333333333333	1.13333333333333	1
17	79077805	79077806	92	27	2	2	0	1	NA	NA	NA	unphased	1.13445378151261	1.13445378151261	1
17	79477707	79477708	94	26	2	2	0	1	NA	NA	NA	unphased	1.08333333333333	1.08333333333333	1
17	79994268	79994269	56	12	2	2	0	1	NA	NA	NA	unphased	0.882352941176471	0.882352941176471	1
17	80430436	80430437	76	50	2	2	0	1	NA	NA	NA	unphased	1.98412698412698	0.992063492063492	2
17	80897337	80897338	17	3	2	2	0	1	NA	NA	NA	unphased	0.75	0.75	1
18	14479196	14479197	24	18	2	2	0	1	NA	NA	NA	unphased	2.14285714285714	1.07142857142857	2
18	19780784	19780785	26	6	2	2	0	1	NA	NA	NA	unphased	0.9375	0.9375	1
18	21913047	21913048	81	18	2	2	0	1	NA	NA	NA	unphased	0.909090909090909	0.909090909090909	1
18	22805568	22805569	95	9	2	2	0	1	NA	NA	NA	unphased	0.432692307692308	0.432692307692308	1
18	23619390	23619391	165	24	2	2	0	1	NA	NA	NA	unphased	0.634920634920635	0.634920634920635	1
18	44627344	44627345	56	13	2	2	0	1	NA	NA	NA	unphased	0.942028985507246	0.942028985507246	1
18	48450550	48450551	136	31	2	2	0	1	NA	NA	NA	unphased	0.92814371257485	0.92814371257485	1
18	56205343	56205344	108	32	2	2	0	1	NA	NA	NA	unphased	1.14285714285714	1.14285714285714	1
18	74091238	74091239	44	11	2	2	0	1	NA	NA	NA	unphased	1	1	1
19	855617	855618	45	21	2	2	0	1	NA	NA	NA	unphased	1.59090909090909	0.795454545454545	2
19	1036485	1036486	108	14	2	2	0	1	NA	NA	NA	unphased	0.573770491803279	0.573770491803279	1
19	1255490	1255491	16	5	2	2	0	1	NA	NA	NA	unphased	1.19047619047619	1.19047619047619	1
19	6670146	6670147	11	7	2	2	0	1	NA	NA	NA	unphased	1.94444444444444	0.972222222222222	2
19	6754982	6754983	345	92	2	2	0	1	NA	NA	NA	unphased	1.05263157894737	1.05263157894737	1
19	7141795	7141796	65	13	2	2	0	1	NA	NA	NA	unphased	0.833333333333333	0.833333333333333	1
19	8530376	8530377	360	20	9	7	2	1	NA	NA	NA	unphased	0.631578947368421	0.631578947368421	1
19	8651079	8651080	79	7	9	7	2	1	NA	NA	NA	unphased	0.976744186046512	0.976744186046512	1
19	8922162	8922163	447	27	9	7	2	1	NA	NA	NA	unphased	0.683544303797468	0.683544303797468	1
19	9009661	9009662	394	33	9	7	2	1	NA	NA	NA	unphased	0.927400468384075	0.927400468384075	1
19	9048214	9048215	244	15	9	7	2	1	NA	NA	NA	unphased	0.694980694980695	0.694980694980695	1
19	9048821	9048822	456	33	9	7	2	1	NA	NA	NA	unphased	0.809815950920245	0.809815950920245	1
19	9064725	9064726	478	27	9	7	2	1	NA	NA	NA	unphased	0.641584158415841	0.641584158415841	1
19	9072072	9072073	483	42	9	7	2	1	NA	NA	NA	unphased	0.96	0.96	1
19	9085378	9085379	275	39	9	7	2	1	NA	NA	NA	unphased	1.49044585987261	0.745222929936306	2
19	9086273	9086274	205	34	9	7	2	1	NA	NA	NA	unphased	1.7071129707113	0.853556485355648	2
19	9087315	9087316	862	131	9	7	2	1	NA	NA	NA	unphased	1.58308157099698	0.791540785498489	2
19	9087417	9087418	450	71	9	7	2	1	NA	NA	NA	unphased	1.63531669865643	0.817658349328215	2
19	9087898	9087899	394	31	9	7	2	1	NA	NA	NA	unphased	0.875294117647059	0.875294117647059	1
19	9087903	9087904	379	51	9	7	2	1	NA	NA	NA	unphased	1.42325581395349	0.711627906976744	2
19	9088080	9088081	1620	249	9	7	2	1	NA	NA	NA	unphased	1.59871589085072	0.799357945425361	2
19	9089022	9089023	248	49	9	7	2	1	NA	NA	NA	unphased	1.97979797979798	0.98989898989899	2
19	9089300	9089301	489	92	9	7	2	1	NA	NA	NA	unphased	1.90017211703959	0.950086058519793	2
19	9090193	9090194	258	25	9	7	2	1	NA	NA	NA	unphased	1.06007067137809	1.06007067137809	1
19	9091308	9091309	342	17	9	7	2	1	NA	NA	NA	unphased	0.568245125348189	0.568245125348189	1
19	9763788	9763789	710	27	9	7	2	1	NA	NA	NA	unphased	0.439620081411126	0.439620081411126	1
19	10203564	10203565	10	3	9	7	2	1	NA	NA	NA	unphased	2.76923076923077	2.76923076923077	1
19	10224735	10224736	113	19	9	7	2	1	NA	NA	NA	unphased	1.72727272727273	0.863636363636364	2
19	10395131	10395132	343	23	9	7	2	1	NA	NA	NA	unphased	0.754098360655738	0.754098360655738	1
19	10403471	10403472	200	20	9	7	2	1	NA	NA	NA	unphased	1.09090909090909	1.09090909090909	1
19	10657528	10657529	209	13	9	7	2	1	NA	NA	NA	unphased	0.702702702702703	0.702702702702703	1
19	11034585	11034586	61	4	9	7	2	1	NA	NA	NA	unphased	0.738461538461539	0.738461538461539	1
19	11215972	11215973	782	107	9	7	2	1	NA	NA	NA	unphased	1.44431946006749	0.722159730033746	2
19	11280561	11280562	180	11	NA	NA	NA	NA	NA	NA	NA	unphased	NA	NA	1
19	11517429	11517430	61	4	3	2	1	1	NA	NA	NA	unphased	0.369230769230769	0.369230769230769	1
19	11917203	11917204	117	27	3	2	1	1	NA	NA	NA	unphased	1.125	1.125	1
19	14703134	14703135	28	6	3	2	1	1	NA	NA	NA	unphased	1.05882352941176	1.05882352941176	1
19	15465940	15465941	79	14	3	2	1	1	NA	NA	NA	unphased	0.903225806451613	0.903225806451613	1
19	15575155	15575156	7	4	3	2	1	1	NA	NA	NA	unphased	2.18181818181818	2.18181818181818	1
19	15839698	15839699	116	20	3	2	1	1	NA	NA	NA	unphased	0.882352941176471	0.882352941176471	1
19	16641588	16641589	35	19	3	2	1	1	NA	NA	NA	unphased	2.11111111111111	1.05555555555556	2
19	16910738	16910739	69	8	3	2	1	1	NA	NA	NA	unphased	0.623376623376623	0.623376623376623	1
19	17312970	17312971	40	8	3	2	1	1	NA	NA	NA	unphased	1	1	1
19	17743636	17743637	118	50	3	2	1	1	NA	NA	NA	unphased	1.78571428571429	0.892857142857143	2
19	18313412	18313413	214	28	3	2	1	1	NA	NA	NA	unphased	0.694214876033058	0.694214876033058	1
19	18423447	18423448	131	61	3	2	1	1	NA	NA	NA	unphased	1.90625	0.953125	2
19	19655001	19655002	161	20	3	2	1	1	NA	NA	NA	unphased	0.662983425414365	0.662983425414365	1
19	19655136	19655137	168	24	3	2	1	1	NA	NA	NA	unphased	0.75	0.75	1
19	21719719	21719720	97	11	3	2	1	1	NA	NA	NA	unphased	0.611111111111111	0.611111111111111	1
19	21910187	21910188	120	55	3	2	1	1	NA	NA	NA	unphased	1.88571428571429	0.942857142857143	2
19	22154212	22154213	80	17	3	2	1	1	NA	NA	NA	unphased	1.05154639175258	1.05154639175258	1
19	22157405	22157406	180	28	3	2	1	1	NA	NA	NA	unphased	0.807692307692308	0.807692307692308	1
19	22846699	22846700	26	8	3	2	1	1	NA	NA	NA	unphased	1.41176470588235	1.41176470588235	1
19	23836980	23836981	143	6	3	2	1	1	NA	NA	NA	unphased	0.241610738255034	0.241610738255034	1
19	31770266	31770267	26	11	2.5	3	1	0.5	1	0	0.5	unphased	1.63513513513514	1.63513513513514	1
19	32844813	32844814	178	27	2.5	3	1	0.5	1	0	0.5	unphased	0.724390243902439	0.724390243902439	1
19	33078015	33078016	18	3	2.5	3	1	0.5	1	0	0.5	unphased	0.785714285714286	0.785714285714286	1
19	33117719	33117720	32	8	2.5	3	1	0.5	1	0	0.5	unphased	1.1	1.1	1
19	36054160	36054161	405	13	2.5	3	1	0.5	1	0	0.5	unphased	0.171052631578947	0.171052631578947	1
19	36227819	36227820	75	10	2.5	3	1	0.5	1	0	0.5	unphased	0.647058823529412	0.647058823529412	1
19	37383108	37383109	91	57	2.5	3	1	0.5	1	0	0.5	unphased	2.11824324324324	1.05912162162162	2
19	38229664	38229665	224	31	2.5	3	1	0.5	1	0	0.5	unphased	0.668627450980392	0.668627450980392	1
19	38853194	38853195	96	13	2.5	3	1	0.5	1	0	0.5	unphased	0.655963302752294	0.655963302752294	1
19	38934254	38934255	62	8	2.5	3	1	0.5	1	0	0.5	unphased	0.628571428571429	0.628571428571429	1
19	38991552	38991553	81	14	2.5	3	1	0.5	1	0	0.5	unphased	0.810526315789474	0.810526315789474	1
19	40362765	40362766	111	11	2.5	3	1	0.5	1	0	0.5	unphased	0.495901639344262	0.991803278688525	0.5
19	40580840	40580841	275	9	2.5	3	1	0.5	1	0	0.5	unphased	0.174295774647887	0.174295774647887	1
19	41063158	41063159	59	23	2.5	3	1	0.5	1	0	0.5	unphased	1.54268292682927	1.02845528455285	1.5
19	41285939	41285940	200	10	2.5	3	1	0.5	1	0	0.5	unphased	0.261904761904762	0.261904761904762	1
19	41707207	41707208	253	46	2.5	3	1	0.5	1	0	0.5	unphased	0.846153846153846	0.846153846153846	1
19	42213742	42213743	178	36	2.5	3	1	0.5	1	0	0.5	unphased	0.925233644859813	0.925233644859813	1
19	42910325	42910326	88	14	2.5	3	1	0.5	1	0	0.5	unphased	0.754901960784314	0.754901960784314	1
19	43697433	43697434	102	80	2.5	3	1	0.5	1	0	0.5	unphased	2.41758241758242	0.967032967032967	2.5
19	45452057	45452058	89	89	2.5	3	1	0.5	1	0	0.5	unphased	2.75	1.1	2.5
19	45803084	45803085	40	11	2.5	3	1	0.5	1	0	0.5	unphased	1.18627450980392	1.18627450980392	1
19	46971705	46971706	102	17	2.5	3	1	0.5	1	0	0.5	unphased	0.785714285714286	0.785714285714286	1
19	47548654	47548655	19	31	2.5	3	1	0.5	1	0	0.5	unphased	3.41	1.364	2.5
19	49143372	49143373	97	10	2	1	1	1	NA	NA	NA	unphased	0.467289719626168	0.467289719626168	1
19	49675294	49675295	79	18	2	1	1	1	NA	NA	NA	unphased	0.927835051546392	0.927835051546392	1
19	49675295	49675296	81	18	2	1	1	1	NA	NA	NA	unphased	0.909090909090909	0.909090909090909	1
19	51955866	51955867	56	13	2	1	1	1	NA	NA	NA	unphased	0.942028985507246	0.942028985507246	1
19	52725423	52725424	41	7	2	1	1	1	NA	NA	NA	unphased	0.729166666666667	0.729166666666667	1
19	52920062	52920063	11	4	2	1	1	1	NA	NA	NA	unphased	1.33333333333333	1.33333333333333	1
19	53667917	53667918	148	37	2	1	1	1	NA	NA	NA	unphased	1	1	1
19	54659156	54659157	9	3	2	1	1	1	NA	NA	NA	unphased	1.25	1.25	1
19	55147044	55147045	144	39	2	1	1	1	NA	NA	NA	unphased	1.0655737704918	1.0655737704918	1
19	55220847	55220848	32	10	2	1	1	1	NA	NA	NA	unphased	1.19047619047619	1.19047619047619	1
19	55396758	55396759	75	13	2	1	1	1	NA	NA	NA	unphased	0.738636363636364	0.738636363636364	1
19	55666172	55666173	35	11	2	1	1	1	NA	NA	NA	unphased	1.19565217391304	1.19565217391304	1
19	55671357	55671358	55	6	2	1	1	1	NA	NA	NA	unphased	0.491803278688525	0.491803278688525	1
19	55671358	55671359	55	6	2	1	1	1	NA	NA	NA	unphased	0.491803278688525	0.491803278688525	1
19	57133270	57133271	39	11	2	1	1	1	NA	NA	NA	unphased	1.1	1.1	1
19	57325347	57325348	247	13	2	1	1	1	NA	NA	NA	unphased	0.25	0.25	1
19	58101643	58101644	82	18	2	1	1	1	NA	NA	NA	unphased	0.9	0.9	1
19	58265641	58265642	122	36	2	1	1	1	NA	NA	NA	unphased	1.13924050632911	1.13924050632911	1
2	8822188	8822189	8	3	3	2	1	1	NA	NA	NA	unphased	1.63636363636364	1.63636363636364	1
2	8930168	8930169	167	18	3	2	1	1	NA	NA	NA	unphased	0.583783783783784	0.583783783783784	1
2	12864906	12864907	285	60	3	2	1	1	NA	NA	NA	unphased	1.04347826086957	1.04347826086957	1
2	15417011	15417012	106	15	3	2	1	1	NA	NA	NA	unphased	0.743801652892562	0.743801652892562	1
2	17898105	17898106	123	25	3	2	1	1	NA	NA	NA	unphased	1.01351351351351	1.01351351351351	1
2	18770718	18770719	213	22	3	2	1	1	NA	NA	NA	unphased	0.561702127659575	0.561702127659575	1
2	25016062	25016063	53	11	3	2	1	1	NA	NA	NA	unphased	1.03125	1.03125	1
2	27320447	27320448	131	8	3	2	1	1	NA	NA	NA	unphased	0.345323741007194	0.345323741007194	1
2	27659660	27659661	69	38	3	2	1	1	NA	NA	NA	unphased	2.13084112149533	1.06542056074766	2
2	27800537	27800538	82	14	3	2	1	1	NA	NA	NA	unphased	0.875	0.875	1
2	27802035	27802036	95	19	3	2	1	1	NA	NA	NA	unphased	1	1	1
2	29158395	29158396	111	20	3	2	1	1	NA	NA	NA	unphased	0.916030534351145	0.916030534351145	1
2	29296851	29296852	284	42	3	2	1	1	NA	NA	NA	unphased	0.773006134969325	0.773006134969325	1
2	31590861	31590862	270	109	3	2	1	1	NA	NA	NA	unphased	1.72559366754617	0.862796833773087	2
2	32476251	32476252	136	26	3	2	1	1	NA	NA	NA	unphased	0.962962962962963	0.962962962962963	1
2	37229650	37229651	151	22	3	2	1	1	NA	NA	NA	unphased	0.763005780346821	0.763005780346821	1
2	37276910	37276911	74	20	3	2	1	1	NA	NA	NA	unphased	1.27659574468085	1.27659574468085	1
2	38975245	38975246	125	21	3	2	1	1	NA	NA	NA	unphased	0.863013698630137	0.863013698630137	1
2	44115752	44115753	86	9	3	2	1	1	NA	NA	NA	unphased	0.568421052631579	0.568421052631579	1
2	44139578	44139579	129	26	3	2	1	1	NA	NA	NA	unphased	1.00645161290323	1.00645161290323	1
2	44566302	44566303	122	22	3	2	1	1	NA	NA	NA	unphased	0.916666666666667	0.916666666666667	1
2	55549771	55549772	181	84	3	2	1	1	NA	NA	NA	unphased	1.90188679245283	0.950943396226415	2
2	56603002	56603003	95	17	3	2	1	1	NA	NA	NA	unphased	0.910714285714286	0.910714285714286	1
2	60689005	60689006	166	10	3	2	1	1	NA	NA	NA	unphased	0.340909090909091	0.340909090909091	1
2	61275899	61275900	134	24	3	2	1	1	NA	NA	NA	unphased	0.911392405063291	0.911392405063291	1
2	62729923	62729924	168	25	3	2	1	1	NA	NA	NA	unphased	0.77720207253886	0.77720207253886	1
2	63092064	63092065	182	27	3	2	1	1	NA	NA	NA	unphased	0.775119617224881	0.775119617224881	1
2	63175913	63175914	104	28	3	2	1	1	NA	NA	NA	unphased	1.27272727272727	1.27272727272727	1
2	65299332	65299333	186	33	3	2	1	1	NA	NA	NA	unphased	0.904109589041096	0.904109589041096	1
2	68872937	68872938	129	59	3	2	1	1	NA	NA	NA	unphased	1.88297872340426	0.941489361702128	2
2	74438936	74438937	59	26	3	2	1	1	NA	NA	NA	unphased	1.83529411764706	0.91764705882353	2
2	74598705	74598706	12	3	3	2	1	1	NA	NA	NA	unphased	1.2	1.2	1
2	74758160	74758161	372	59	3	2	1	1	NA	NA	NA	unphased	0.821345707656613	0.821345707656613	1
2	80801372	80801373	196	30	3	2	1	1	NA	NA	NA	unphased	0.796460176991151	0.796460176991151	1
2	86090576	86090577	127	31	3	2	1	1	NA	NA	NA	unphased	1.17721518987342	1.17721518987342	1
2	89521863	89521864	24	4	3	2	1	1	NA	NA	NA	unphased	0.857142857142857	0.857142857142857	1
2	90121686	90121687	234	24	3	2	1	1	NA	NA	NA	unphased	0.558139534883721	0.558139534883721	1
2	96646477	96646478	49	5	4	3	1	1	NA	NA	NA	unphased	0.648148148148148	0.648148148148148	1
2	97492601	97492602	335	55	4	3	1	1	NA	NA	NA	unphased	0.987179487179487	0.987179487179487	1
2	97492628	97492629	284	34	4	3	1	1	NA	NA	NA	unphased	0.748427672955975	0.748427672955975	1
2	99012791	99012792	111	76	4	3	1	1	NA	NA	NA	unphased	2.84491978609626	0.948306595365419	3
2	100167899	100167900	42	3	4	3	1	1	NA	NA	NA	unphased	0.466666666666667	0.466666666666667	1
2	100168000	100168001	65	4	4	3	1	1	NA	NA	NA	unphased	0.405797101449275	0.405797101449275	1
2	108488632	108488633	623	75	4	3	1	1	NA	NA	NA	unphased	0.75214899713467	0.75214899713467	1
2	108488913	108488914	658	24	4	3	1	1	NA	NA	NA	unphased	0.24633431085044	0.24633431085044	1
2	112615952	112615953	131	7	4	3	1	1	NA	NA	NA	unphased	0.355072463768116	0.355072463768116	1
2	113999694	113999695	51	7	4	3	1	1	NA	NA	NA	unphased	0.844827586206896	0.844827586206896	1
2	114340560	114340561	133	9	4	3	1	1	NA	NA	NA	unphased	0.443661971830986	0.443661971830986	1
2	116520160	116520161	256	26	4	3	1	1	NA	NA	NA	unphased	0.645390070921986	0.645390070921986	1
2	125175062	125175063	45	11	4	3	1	1	NA	NA	NA	unphased	1.375	1.375	1
2	130725919	130725920	69	59	4	3	1	1	NA	NA	NA	unphased	3.2265625	1.07552083333333	3
2	130832886	130832887	87	47	4	3	1	1	NA	NA	NA	unphased	2.45522388059702	0.818407960199005	3
2	139316675	139316676	169	66	4	3	1	1	NA	NA	NA	unphased	1.96595744680851	0.982978723404255	2
2	141055415	141055416	353	207	4	3	1	1	NA	NA	NA	unphased	2.5875	0.8625	3
2	141665460	141665461	403	50	4	3	1	1	NA	NA	NA	unphased	0.772626931567329	0.772626931567329	1
2	148653895	148653896	225	32	4	3	1	1	NA	NA	NA	unphased	0.8715953307393	0.8715953307393	1
2	152496965	152496966	472	77	4	3	1	1	NA	NA	NA	unphased	0.981785063752277	0.981785063752277	1
2	153537843	153537844	324	54	4	3	1	1	NA	NA	NA	unphased	1	1	1
2	155102385	155102386	225	24	4	3	1	1	NA	NA	NA	unphased	0.674698795180723	0.674698795180723	1
2	155102386	155102387	223	22	4	3	1	1	NA	NA	NA	unphased	0.628571428571428	0.628571428571428	1
2	155566135	155566136	135	8	4	3	1	1	NA	NA	NA	unphased	0.391608391608392	0.391608391608392	1
2	158162285	158162286	144	13	4	3	1	1	NA	NA	NA	unphased	0.579617834394904	0.579617834394904	1
2	159477907	159477908	90	7	4	3	1	1	NA	NA	NA	unphased	0.505154639175258	0.505154639175258	1
2	159499114	159499115	209	20	4	3	1	1	NA	NA	NA	unphased	0.611353711790393	0.611353711790393	1
2	159536974	159536975	259	41	4	3	1	1	NA	NA	NA	unphased	0.956666666666666	0.956666666666666	1
2	160205324	160205325	166	8	4	3	1	1	NA	NA	NA	unphased	0.32183908045977	0.32183908045977	1
2	160836386	160836387	114	22	4	3	1	1	NA	NA	NA	unphased	1.13235294117647	1.13235294117647	1
2	162088004	162088005	161	12	4	3	1	1	NA	NA	NA	unphased	0.485549132947977	0.485549132947977	1
2	162088021	162088022	145	11	4	3	1	1	NA	NA	NA	unphased	0.493589743589744	0.493589743589744	1
2	162175348	162175349	87	10	4	3	1	1	NA	NA	NA	unphased	0.721649484536082	0.721649484536082	1
2	163302602	163302603	124	18	4	3	1	1	NA	NA	NA	unphased	0.887323943661972	0.887323943661972	1
2	166605266	166605267	25	30	4	3	1	1	NA	NA	NA	unphased	3.81818181818182	1.27272727272727	3
2	166771903	166771904	606	78	4	3	1	1	NA	NA	NA	unphased	0.798245614035088	0.798245614035088	1
2	167279876	167279877	49	30	4	3	1	1	NA	NA	NA	unphased	2.65822784810127	0.886075949367089	3
2	168099483	168099484	77	9	4	3	1	1	NA	NA	NA	unphased	0.732558139534884	0.732558139534884	1
2	168106530	168106531	187	28	4	3	1	1	NA	NA	NA	unphased	0.911627906976744	0.911627906976744	1
2	170090055	170090056	114	12	4	3	1	1	NA	NA	NA	unphased	0.666666666666667	0.666666666666667	1
2	171264305	171264306	368	65	4	3	1	1	NA	NA	NA	unphased	1.05080831408776	1.05080831408776	1
2	173352698	173352699	286	24	4	3	1	1	NA	NA	NA	unphased	0.541935483870968	0.541935483870968	1
2	176812410	176812411	159	31	4	3	1	1	NA	NA	NA	unphased	1.14210526315789	1.14210526315789	1
2	179319147	179319148	200	8	4	3	1	1	NA	NA	NA	unphased	0.269230769230769	0.269230769230769	1
2	179407872	179407873	565	88	4	3	1	1	NA	NA	NA	unphased	0.94333843797856	0.94333843797856	1
2	179408932	179408933	136	34	4	3	1	1	NA	NA	NA	unphased	1.4	0.7	2
2	179412488	179412489	81	59	4	3	1	1	NA	NA	NA	unphased	2.95	0.983333333333333	3
2	179426189	179426190	236	35	4	3	1	1	NA	NA	NA	unphased	0.904059040590406	0.904059040590406	1
2	179447698	179447699	58	7	4	3	1	1	NA	NA	NA	unphased	0.753846153846154	0.753846153846154	1
2	179471883	179471884	400	65	4	3	1	1	NA	NA	NA	unphased	0.978494623655914	0.978494623655914	1
2	179516855	179516856	227	27	4	3	1	1	NA	NA	NA	unphased	0.744094488188976	0.744094488188976	1
2	179638666	179638667	239	21	4	3	1	1	NA	NA	NA	unphased	0.565384615384615	0.565384615384615	1
2	179640826	179640827	466	64	4	3	1	1	NA	NA	NA	unphased	0.845283018867924	0.845283018867924	1
2	179642691	179642692	69	8	4	3	1	1	NA	NA	NA	unphased	0.727272727272727	0.727272727272727	1
2	179659745	179659746	156	21	4	3	1	1	NA	NA	NA	unphased	0.830508474576271	0.830508474576271	1
2	179718258	179718259	203	32	4	3	1	1	NA	NA	NA	unphased	0.953191489361702	0.953191489361702	1
2	182403948	182403949	196	32	4	3	1	1	NA	NA	NA	unphased	0.982456140350877	0.982456140350877	1
2	182763808	182763809	94	38	4	3	1	1	NA	NA	NA	unphased	2.01515151515152	1.00757575757576	2
2	186671908	186671909	240	31	4	3	1	1	NA	NA	NA	unphased	0.800738007380074	0.800738007380074	1
2	187627188	187627189	100	14	4	3	1	1	NA	NA	NA	unphased	0.859649122807017	0.859649122807017	1
2	189968993	189968994	239	12	4	3	1	1	NA	NA	NA	unphased	0.334661354581673	0.334661354581673	1
2	190531683	190531684	437	22	4	3	1	1	NA	NA	NA	unphased	0.335511982570806	0.335511982570806	1
2	191233947	191233948	303	54	4	3	1	1	NA	NA	NA	unphased	1.05882352941176	1.05882352941176	1
2	192700674	192700675	80	58	4	3	1	1	NA	NA	NA	unphased	2.94202898550725	0.980676328502415	3
2	198646461	198646462	315	44	4	3	1	1	NA	NA	NA	unphased	0.857938718662953	0.857938718662953	1
2	200193474	200193475	181	29	4	3	1	1	NA	NA	NA	unphased	0.966666666666667	0.966666666666667	1
2	202545688	202545689	80	10	4	3	1	1	NA	NA	NA	unphased	0.777777777777778	0.777777777777778	1
2	207814363	207814364	141	35	3	2	1	1	NA	NA	NA	unphased	1.19318181818182	1.19318181818182	1
2	209201605	209201606	104	18	3	2	1	1	NA	NA	NA	unphased	0.885245901639344	0.885245901639344	1
2	211502430	211502431	135	29	3	2	1	1	NA	NA	NA	unphased	1.0609756097561	1.0609756097561	1
2	212566790	212566791	266	63	3	2	1	1	NA	NA	NA	unphased	1.14893617021277	1.14893617021277	1
2	216285489	216285490	123	19	3	2	1	1	NA	NA	NA	unphased	0.802816901408451	0.802816901408451	1
2	216289012	216289013	174	34	3	2	1	1	NA	NA	NA	unphased	0.980769230769231	0.980769230769231	1
2	217123846	217123847	25	5	3	2	1	1	NA	NA	NA	unphased	1	1	1
2	220111440	220111441	66	12	3	2	1	1	NA	NA	NA	unphased	0.923076923076923	0.923076923076923	1
2	225339016	225339017	156	10	3	2	1	1	NA	NA	NA	unphased	0.36144578313253	0.36144578313253	1
2	226446957	226446958	109	43	3	2	1	1	NA	NA	NA	unphased	1.69736842105263	0.848684210526316	2
2	228882973	228882974	1700	313	3	2	1	1	NA	NA	NA	unphased	0.932935916542474	0.932935916542474	1
2	232322395	232322396	253	25	3	2	1	1	NA	NA	NA	unphased	0.539568345323741	0.539568345323741	1
2	233393324	233393325	128	50	3	2	1	1	NA	NA	NA	unphased	1.68539325842697	0.842696629213483	2
2	239990201	239990202	68	8	3	2	1	1	NA	NA	NA	unphased	0.631578947368421	0.631578947368421	1
2	241976763	241976764	16	5	3	2	1	1	NA	NA	NA	unphased	1.42857142857143	1.42857142857143	1
2	242814880	242814881	53	9	NA	NA	NA	NA	NA	NA	NA	unphased	NA	NA	1
20	1903161	1903162	85	11	3	2	1	1	NA	NA	NA	unphased	0.6875	0.6875	1
20	7886890	7886891	206	40	3	2	1	1	NA	NA	NA	unphased	0.975609756097561	0.975609756097561	1
20	13029864	13029865	19	8	3	2	1	1	NA	NA	NA	unphased	1.77777777777778	1.77777777777778	1
20	16362392	16362393	50	6	3	2	1	1	NA	NA	NA	unphased	0.642857142857143	0.642857142857143	1
20	23966000	23966001	125	21	2	1	1	1	NA	NA	NA	unphased	0.719178082191781	0.719178082191781	1
20	25011461	25011462	31	14	2	1	1	1	NA	NA	NA	unphased	1.55555555555556	1.55555555555556	1
20	31695566	31695567	80	65	4.84	3	2	0.96	0	1	0.04	unphased	3.51448275862069	1.18732525629077	2.96
20	32266051	32266052	44	27	4.84	3	2	0.96	0	1	0.04	unphased	2.98140845070423	1.00723258469737	2.96
20	33345596	33345597	127	15	4.84	3	2	0.96	0	1	0.04	unphased	0.828169014084507	0.828169014084507	1
20	33839710	33839711	136	25	4.84	3	2	0.96	0	1	0.04	unphased	1.21739130434783	1.21739130434783	1
20	34240636	34240637	167	28	4.84	3	2	0.96	0	1	0.04	unphased	1.12574358974359	1.12574358974359	1
20	34302154	34302155	216	24	4.84	3	2	0.96	0	1	0.04	unphased	0.784	0.784	1
20	35661183	35661184	451	70	4.84	3	2	0.96	0	1	0.04	unphased	1.05335892514395	1.05335892514395	1
20	40944532	40944533	182	34	4.84	3	2	0.96	0	1	0.04	unphased	1.23407407407407	1.23407407407407	1
20	43566778	43566779	51	23	4.84	3	2	0.96	0	1	0.04	unphased	2.43675675675676	0.846096096096096	2.88
20	44517425	44517426	105	9	4.84	3	2	0.96	0	1	0.04	unphased	0.618947368421053	0.618947368421053	1
20	44640943	44640944	128	10	4.84	3	2	0.96	0	1	0.04	unphased	0.568115942028986	0.591787439613527	0.96
20	45131353	45131354	272	35	4.84	3	2	0.96	0	1	0.04	unphased	0.893811074918567	0.893811074918567	1
20	46365468	46365469	80	7	4.84	3	2	0.96	0	1	0.04	unphased	0.630804597701149	0.630804597701149	1
20	50048902	50048903	119	43	4.84	3	2	0.96	0	1	0.04	unphased	2.08098765432099	1.06172839506173	1.96
20	52774665	52774666	167	20	4.84	3	2	0.96	0	1	0.04	unphased	0.838502673796791	0.838502673796791	1
20	57829869	57829870	46	9	4.84	3	2	0.96	0	1	0.04	unphased	1.28290909090909	1.28290909090909	1
20	60509209	60509210	56	16	4.84	3	2	0.96	0	1	0.04	unphased	1.74222222222222	0.907407407407407	1.92
20	60886510	60886511	10	4	4.84	3	2	0.96	0	1	0.04	unphased	2.24	2.24	1
20	60893995	60893996	6	8	4.84	3	2	0.96	0	1	0.04	unphased	4.48	1.51351351351351	2.96
20	61143690	61143691	89	64	4.84	3	2	0.96	0	1	0.04	unphased	3.27947712418301	1.10793146087264	2.96
20	61512755	61512756	250	29	4.84	3	2	0.96	0	1	0.04	unphased	0.814910394265233	0.814910394265233	1
20	62331907	62331908	41	20	NA	NA	NA	NA	NA	NA	NA	unphased	NA	NA	1
21	10862810	10862811	376	15	NA	NA	NA	NA	NA	NA	NA	unphased	NA	NA	1
21	11039376	11039377	521	28	NA	NA	NA	NA	NA	NA	NA	unphased	NA	NA	1
21	19647651	19647652	104	17	3	2	1	1	NA	NA	NA	unphased	0.84297520661157	0.84297520661157	1
21	28306990	28306991	82	15	3	2	1	1	NA	NA	NA	unphased	0.927835051546392	0.927835051546392	1
21	33346871	33346872	204	34	3	2	1	1	NA	NA	NA	unphased	0.857142857142857	0.857142857142857	1
21	34721846	34721847	31	7	2	1	1	1	NA	NA	NA	unphased	0.921052631578947	0.921052631578947	1
21	41173287	41173288	46	13	2	1	1	1	NA	NA	NA	unphased	1.10169491525424	1.10169491525424	1
21	43541193	43541194	150	33	2	1	1	1	NA	NA	NA	unphased	0.901639344262295	0.901639344262295	1
21	45971180	45971181	56	15	2	1	1	1	NA	NA	NA	unphased	1.05633802816901	1.05633802816901	1
21	46021107	46021108	77	6	2	1	1	1	NA	NA	NA	unphased	0.36144578313253	0.36144578313253	1
21	46191302	46191303	112	31	2	1	1	1	NA	NA	NA	unphased	1.08391608391608	1.08391608391608	1
22	18022048	18022049	31	12	2	2	0	1	NA	NA	NA	unphased	1.3953488372093	1.3953488372093	1
22	22065148	22065149	48	8	2	2	0	1	NA	NA	NA	unphased	0.714285714285714	0.714285714285714	1
22	22842928	22842929	97	31	NA	NA	NA	NA	NA	NA	NA	unphased	NA	NA	1
22	24086610	24086611	153	8	4	2	2	1	NA	NA	NA	unphased	0.347826086956522	0.347826086956522	1
22	24432569	24432570	443	137	4	2	2	1	NA	NA	NA	unphased	1.65344827586207	0.826724137931034	2
22	24718053	24718054	101	14	4	2	2	1	NA	NA	NA	unphased	0.852173913043478	0.852173913043478	1
22	25115857	25115858	111	18	4	2	2	1	NA	NA	NA	unphased	0.976744186046511	0.976744186046511	1
22	29656761	29656762	10	4	4	2	2	1	NA	NA	NA	unphased	2	2	1
22	29754885	29754886	34	4	4	2	2	1	NA	NA	NA	unphased	0.736842105263158	0.736842105263158	1
22	30416604	30416605	104	17	4	2	2	1	NA	NA	NA	unphased	0.983471074380165	0.983471074380165	1
22	31091220	31091221	70	15	4	2	2	1	NA	NA	NA	unphased	1.23529411764706	1.23529411764706	1
22	31600550	31600551	184	70	4	2	2	1	NA	NA	NA	unphased	1.92913385826772	0.964566929133858	2
22	31829894	31829895	116	24	4	2	2	1	NA	NA	NA	unphased	1.2	1.2	1
22	32289686	32289687	118	7	4	2	2	1	NA	NA	NA	unphased	0.392	0.392	1
22	32810245	32810246	152	10	4	2	2	1	NA	NA	NA	unphased	0.432098765432099	0.432098765432099	1
22	32813091	32813092	423	16	4	2	2	1	NA	NA	NA	unphased	0.255125284738041	0.255125284738041	1
22	32929780	32929781	57	8	4	2	2	1	NA	NA	NA	unphased	0.861538461538462	0.861538461538462	1
22	38245671	38245672	13	3	4	2	2	1	NA	NA	NA	unphased	1.3125	1.3125	1
22	38823707	38823708	112	12	4	2	2	1	NA	NA	NA	unphased	0.67741935483871	0.67741935483871	1
22	39440183	39440184	25	3	4	2	2	1	NA	NA	NA	unphased	0.75	0.75	1
22	42423025	42423026	447	73	4	2	2	1	NA	NA	NA	unphased	0.982692307692308	0.982692307692308	1
22	42956237	42956238	140	12	4	2	2	1	NA	NA	NA	unphased	0.552631578947368	0.552631578947368	1
22	45133202	45133203	28	4	4	2	2	1	NA	NA	NA	unphased	0.875	0.875	1
22	45598925	45598926	170	57	4	2	2	1	NA	NA	NA	unphased	1.75770925110132	0.878854625550661	2
22	45601128	45601129	137	30	4	2	2	1	NA	NA	NA	unphased	1.25748502994012	1.25748502994012	1
22	50279760	50279761	29	6	NA	NA	NA	NA	NA	NA	NA	unphased	NA	NA	1
22	50845187	50845188	416	65	NA	NA	NA	NA	NA	NA	NA	unphased	NA	NA	1
3	407691	407692	139	18	NA	NA	NA	NA	NA	NA	NA	unphased	NA	NA	1
3	3084768	3084769	107	16	5	3	2	1	NA	NA	NA	unphased	1.04065040650407	1.04065040650407	1
3	4716892	4716893	103	10	5	3	2	1	NA	NA	NA	unphased	0.707964601769911	0.707964601769911	1
3	8940592	8940593	142	11	5	3	2	1	NA	NA	NA	unphased	0.57516339869281	0.57516339869281	1
3	9784740	9784741	107	36	5	3	2	1	NA	NA	NA	unphased	2.01398601398601	1.00699300699301	2
3	9868871	9868872	151	16	5	3	2	1	NA	NA	NA	unphased	0.766467065868264	0.766467065868264	1
3	9956228	9956229	218	33	2	2	0	1	NA	NA	NA	unphased	0.657370517928287	0.657370517928287	1
3	9991145	9991146	84	5	2	2	0	1	NA	NA	NA	unphased	0.280898876404494	0.280898876404494	1
3	10318075	10318076	114	43	2	2	0	1	NA	NA	NA	unphased	1.36942675159236	0.684713375796178	2
3	11399905	11399906	286	65	2	2	0	1	NA	NA	NA	unphased	0.925925925925926	0.925925925925926	1
3	18390709	18390710	232	42	2	2	0	1	NA	NA	NA	unphased	0.766423357664234	0.766423357664234	1
3	19554618	19554619	109	20	2	2	0	1	NA	NA	NA	unphased	0.775193798449612	0.775193798449612	1
3	25657067	25657068	9	5	2	2	0	1	NA	NA	NA	unphased	1.78571428571429	1.78571428571429	1
3	27477967	27477968	90	13	2	2	0	1	NA	NA	NA	unphased	0.631067961165048	0.631067961165048	1
3	27498161	27498162	98	27	2	2	0	1	NA	NA	NA	unphased	1.08	1.08	1
3	31703501	31703502	102	28	2	2	0	1	NA	NA	NA	unphased	1.07692307692308	1.07692307692308	1
3	38158764	38158765	48	4	2	2	0	1	NA	NA	NA	unphased	0.384615384615385	0.384615384615385	1
3	38359764	38359765	135	19	2	2	0	1	NA	NA	NA	unphased	0.616883116883117	0.616883116883117	1
3	42799623	42799624	74	10	2	2	0	1	NA	NA	NA	unphased	0.595238095238095	0.595238095238095	1
3	44685565	44685566	104	12	2	2	0	1	NA	NA	NA	unphased	0.517241379310345	0.517241379310345	1
3	45637321	45637322	70	47	2	2	0	1	NA	NA	NA	unphased	2.00854700854701	1.0042735042735	2
3	46062518	46062519	23	3	2	2	0	1	NA	NA	NA	unphased	0.576923076923077	0.576923076923077	1
3	48266923	48266924	119	25	2	2	0	1	NA	NA	NA	unphased	0.868055555555555	0.868055555555555	1
3	49724665	49724666	52	8	2	2	0	1	NA	NA	NA	unphased	0.666666666666667	0.666666666666667	1
3	52085121	52085122	53	13	2	2	0	1	NA	NA	NA	unphased	0.984848484848485	0.984848484848485	1
3	52085138	52085139	43	12	2	2	0	1	NA	NA	NA	unphased	1.09090909090909	1.09090909090909	1
3	52088271	52088272	49	28	2	2	0	1	NA	NA	NA	unphased	1.81818181818182	0.909090909090909	2
3	52821622	52821623	98	16	2	2	0	1	NA	NA	NA	unphased	0.701754385964912	0.701754385964912	1
3	53766063	53766064	74	15	2	2	0	1	NA	NA	NA	unphased	0.842696629213483	0.842696629213483	1
3	56469060	56469061	35	6	2	2	0	1	NA	NA	NA	unphased	0.731707317073171	0.731707317073171	1
3	57545192	57545193	105	23	2	2	0	1	NA	NA	NA	unphased	0.8984375	0.8984375	1
3	58112436	58112437	97	20	2	2	0	1	NA	NA	NA	unphased	0.854700854700855	0.854700854700855	1
3	58368399	58368400	126	15	2	2	0	1	NA	NA	NA	unphased	0.531914893617021	0.531914893617021	1
3	58555428	58555429	126	23	2	2	0	1	NA	NA	NA	unphased	0.771812080536913	0.771812080536913	1
3	62860794	62860795	7	4	2	2	0	1	NA	NA	NA	unphased	1.81818181818182	1.81818181818182	1
3	77542410	77542411	144	18	2	2	0	1	NA	NA	NA	unphased	0.555555555555555	0.555555555555555	1
3	88040883	88040884	78	19	3	2	1	1	NA	NA	NA	unphased	1.17525773195876	1.17525773195876	1
3	93781903	93781904	101	16	3	2	1	1	NA	NA	NA	unphased	0.820512820512821	0.820512820512821	1
3	97806129	97806130	423	83	3	2	1	1	NA	NA	NA	unphased	0.984189723320158	0.984189723320158	1
3	99514503	99514504	96	13	3	2	1	1	NA	NA	NA	unphased	0.715596330275229	0.715596330275229	1
3	100087935	100087936	122	67	3	2	1	1	NA	NA	NA	unphased	2.12698412698413	1.06349206349206	2
3	100471740	100471741	125	26	3	2	1	1	NA	NA	NA	unphased	1.03311258278146	1.03311258278146	1
3	100569557	100569558	135	16	3	2	1	1	NA	NA	NA	unphased	0.635761589403974	0.635761589403974	1
3	100992586	100992587	79	17	3	2	1	1	NA	NA	NA	unphased	1.0625	1.0625	1
3	101283964	101283965	151	27	3	2	1	1	NA	NA	NA	unphased	0.910112359550562	0.910112359550562	1
3	108572673	108572674	221	39	3	2	1	1	NA	NA	NA	unphased	0.9	0.9	1
3	108672422	108672423	211	45	3	2	1	1	NA	NA	NA	unphased	1.0546875	1.0546875	1
3	108776333	108776334	101	45	3	2	1	1	NA	NA	NA	unphased	1.84931506849315	0.924657534246575	2
3	113222067	113222068	69	8	3	2	1	1	NA	NA	NA	unphased	0.623376623376623	0.623376623376623	1
3	118865007	118865008	13	5	3	2	1	1	NA	NA	NA	unphased	1.66666666666667	1.66666666666667	1
3	119134124	119134125	186	42	3	2	1	1	NA	NA	NA	unphased	1.10526315789474	1.10526315789474	1
3	121416257	121416258	267	11	3	2	1	1	NA	NA	NA	unphased	0.237410071942446	0.237410071942446	1
3	125166590	125166591	96	14	3	2	1	1	NA	NA	NA	unphased	0.763636363636364	0.763636363636364	1
3	127294891	127294892	42	5	3	2	1	1	NA	NA	NA	unphased	0.638297872340426	0.638297872340426	1
3	130735087	130735088	187	24	3	2	1	1	NA	NA	NA	unphased	0.682464454976303	0.682464454976303	1
3	133547651	133547652	390	63	3	2	1	1	NA	NA	NA	unphased	0.834437086092715	0.834437086092715	1
3	134960003	134960004	178	25	3	2	1	1	NA	NA	NA	unphased	0.738916256157636	0.738916256157636	1
3	135721223	135721224	148	40	3	2	1	1	NA	NA	NA	unphased	1.27659574468085	1.27659574468085	1
3	138189848	138189849	200	41	4	3	1	1	NA	NA	NA	unphased	1.19087136929461	1.19087136929461	1
3	138407816	138407817	54	13	4	3	1	1	NA	NA	NA	unphased	1.35820895522388	1.35820895522388	1
3	142166719	142166720	261	27	4	3	1	1	NA	NA	NA	unphased	0.65625	0.65625	1
3	142178162	142178163	160	11	4	3	1	1	NA	NA	NA	unphased	0.450292397660819	0.450292397660819	1
3	142215322	142215323	137	28	4	3	1	1	NA	NA	NA	unphased	1.18787878787879	1.18787878787879	1
3	142224117	142224118	425	164	4	3	1	1	NA	NA	NA	unphased	1.9490662139219	0.974533106960951	2
3	145912101	145912102	71	6	4	3	1	1	NA	NA	NA	unphased	0.545454545454545	0.545454545454545	1
3	158980416	158980417	210	10	4	3	1	1	NA	NA	NA	unphased	0.318181818181818	0.318181818181818	1
3	160132221	160132222	117	15	4	3	1	1	NA	NA	NA	unphased	0.795454545454545	0.795454545454545	1
3	167413427	167413428	282	79	4	3	1	1	NA	NA	NA	unphased	1.53185595567867	0.765927977839335	2
3	170219053	170219054	63	9	4	3	1	1	NA	NA	NA	unphased	0.875	0.875	1
3	170219054	170219055	64	8	4	3	1	1	NA	NA	NA	unphased	0.777777777777778	0.777777777777778	1
3	172165394	172165395	139	10	4	3	1	1	NA	NA	NA	unphased	0.469798657718121	0.469798657718121	1
3	175520972	175520973	67	14	4	3	1	1	NA	NA	NA	unphased	1.20987654320988	1.20987654320988	1
3	178936090	178936091	105	12	4	3	1	1	NA	NA	NA	unphased	0.717948717948718	0.717948717948718	1
3	179597730	179597731	123	21	4	3	1	1	NA	NA	NA	unphased	1.02083333333333	1.02083333333333	1
3	182925607	182925608	73	10	3	2	1	1	NA	NA	NA	unphased	0.72289156626506	0.72289156626506	1
3	186038360	186038361	34	4	3	2	1	1	NA	NA	NA	unphased	0.631578947368421	0.631578947368421	1
3	192516719	192516720	93	7	3	2	1	1	NA	NA	NA	unphased	0.42	0.42	1
3	194790284	194790285	20	7	3	2	1	1	NA	NA	NA	unphased	1.55555555555556	1.55555555555556	1
3	196386966	196386967	38	7	3	2	1	1	NA	NA	NA	unphased	0.933333333333333	0.933333333333333	1
4	1341945	1341946	204	37	3	3	0	1	NA	NA	NA	unphased	0.921161825726141	0.921161825726141	1
4	1941611	1941612	26	10	2	2	0	1	NA	NA	NA	unphased	1.38888888888889	1.38888888888889	1
4	9828002	9828003	113	68	2	2	0	1	NA	NA	NA	unphased	1.87845303867403	0.939226519337017	2
4	39904021	39904022	60	7	2	2	0	1	NA	NA	NA	unphased	0.522388059701492	0.522388059701492	1
4	40438645	40438646	218	45	2	2	0	1	NA	NA	NA	unphased	0.855513307984791	0.855513307984791	1
4	41648661	41648662	340	93	2	2	0	1	NA	NA	NA	unphased	1.07390300230947	1.07390300230947	1
4	41956197	41956198	167	47	2	2	0	1	NA	NA	NA	unphased	1.0981308411215	1.0981308411215	1
4	44450334	44450335	17	8	2	2	0	1	NA	NA	NA	unphased	1.6	1.6	1
4	47938784	47938785	151	96	2	2	0	1	NA	NA	NA	unphased	1.94331983805668	0.97165991902834	2
4	47939042	47939043	281	49	2	2	0	1	NA	NA	NA	unphased	0.742424242424242	0.742424242424242	1
4	52860519	52860520	45	21	2	2	0	1	NA	NA	NA	unphased	1.59090909090909	0.795454545454545	2
4	53579443	53579444	149	32	2	2	0	1	NA	NA	NA	unphased	0.883977900552486	0.883977900552486	1
4	57181914	57181915	43	27	2	2	0	1	NA	NA	NA	unphased	1.92857142857143	0.964285714285714	2
4	57797314	57797315	403	242	2	2	0	1	NA	NA	NA	unphased	1.87596899224806	0.937984496124031	2
4	69100193	69100194	106	52	2	2	0	1	NA	NA	NA	unphased	1.64556962025316	0.822784810126582	2
4	69100194	69100195	105	51	2	2	0	1	NA	NA	NA	unphased	1.63461538461538	0.817307692307692	2
4	73178019	73178020	151	32	2	2	0	1	NA	NA	NA	unphased	0.87431693989071	0.87431693989071	1
4	74318153	74318154	101	27	2	2	0	1	NA	NA	NA	unphased	1.0546875	1.0546875	1
4	83978196	83978197	95	70	2	2	0	1	NA	NA	NA	unphased	2.12121212121212	1.06060606060606	2
4	85611770	85611771	61	25	2	2	0	1	NA	NA	NA	unphased	1.45348837209302	0.726744186046512	2
4	89352392	89352393	241	49	2	2	0	1	NA	NA	NA	unphased	0.844827586206897	0.844827586206897	1
4	89668849	89668850	244	52	2	2	0	1	NA	NA	NA	unphased	0.878378378378378	0.878378378378378	1
4	96762178	96762179	69	32	2	2	0	1	NA	NA	NA	unphased	1.58415841584158	0.792079207920792	2
4	104512828	104512829	46	12	2	2	0	1	NA	NA	NA	unphased	1.03448275862069	1.03448275862069	1
4	115597236	115597237	172	44	2	2	0	1	NA	NA	NA	unphased	1.01851851851852	1.01851851851852	1
4	122082297	122082298	25	4	2	2	0	1	NA	NA	NA	unphased	0.689655172413793	0.689655172413793	1
4	123179938	123179939	111	29	2	2	0	1	NA	NA	NA	unphased	1.03571428571429	1.03571428571429	1
4	123270401	123270402	112	5	2	2	0	1	NA	NA	NA	unphased	0.213675213675214	0.213675213675214	1
4	126241506	126241507	184	42	2	2	0	1	NA	NA	NA	unphased	0.929203539823009	0.929203539823009	1
4	129131301	129131302	28	21	2	2	0	1	NA	NA	NA	unphased	2.14285714285714	1.07142857142857	2
4	134073055	134073056	56	8	2	2	0	1	NA	NA	NA	unphased	0.625	0.625	1
4	134073058	134073059	54	7	2	2	0	1	NA	NA	NA	unphased	0.573770491803279	0.573770491803279	1
4	146080656	146080657	191	86	2	2	0	1	NA	NA	NA	unphased	1.55234657039711	0.776173285198556	2
4	148453688	148453689	250	70	2	2	0	1	NA	NA	NA	unphased	1.09375	1.09375	1
4	151000153	151000154	18	7	2	2	0	1	NA	NA	NA	unphased	1.4	1.4	1
4	155249246	155249247	125	24	2	2	0	1	NA	NA	NA	unphased	0.805369127516778	0.805369127516778	1
4	155490728	155490729	75	53	2	2	0	1	NA	NA	NA	unphased	2.0703125	1.03515625	2
4	159956199	159956200	25	22	2	2	0	1	NA	NA	NA	unphased	2.34042553191489	1.17021276595745	2
4	176622909	176622910	125	24	2	2	0	1	NA	NA	NA	unphased	0.805369127516778	0.805369127516778	1
4	177070987	177070988	326	13	2	2	0	1	NA	NA	NA	unphased	0.191740412979351	0.191740412979351	1
4	184175069	184175070	34	5	2	2	0	1	NA	NA	NA	unphased	0.641025641025641	0.641025641025641	1
4	184240569	184240570	67	13	2	2	0	1	NA	NA	NA	unphased	0.8125	0.8125	1
4	184932481	184932482	37	9	2	2	0	1	NA	NA	NA	unphased	0.978260869565217	0.978260869565217	1
4	187173215	187173216	123	19	2	2	0	1	NA	NA	NA	unphased	0.669014084507042	0.669014084507042	1
4	188924949	188924950	9	3	NA	NA	NA	NA	NA	NA	NA	unphased	NA	NA	1
4	189020232	189020233	139	20	NA	NA	NA	NA	NA	NA	NA	unphased	NA	NA	1
5	5200277	5200278	63	7	4	2	2	1	NA	NA	NA	unphased	0.7	0.7	1
5	6337259	6337260	197	36	4	2	2	1	NA	NA	NA	unphased	1.08154506437768	1.08154506437768	1
5	7727362	7727363	145	30	4	2	2	1	NA	NA	NA	unphased	1.2	1.2	1
5	7727363	7727364	146	30	4	2	2	1	NA	NA	NA	unphased	1.19318181818182	1.19318181818182	1
5	7835507	7835508	268	63	4	2	2	1	NA	NA	NA	unphased	1.33232628398792	1.33232628398792	1
5	7900155	7900156	125	43	4	2	2	1	NA	NA	NA	unphased	1.79166666666667	0.895833333333333	2
5	10236623	10236624	164	17	4	2	2	1	NA	NA	NA	unphased	0.657458563535911	0.657458563535911	1
5	11117663	11117664	112	42	4	2	2	1	NA	NA	NA	unphased	1.90909090909091	0.954545454545454	2
5	21765087	21765088	268	86	4	2	2	1	NA	NA	NA	unphased	1.70056497175141	0.850282485875706	2
5	22078561	22078562	123	46	4	2	2	1	NA	NA	NA	unphased	1.90532544378698	0.952662721893491	2
5	22078566	22078567	133	51	4	2	2	1	NA	NA	NA	unphased	1.94021739130435	0.970108695652174	2
5	31468103	31468104	35	10	4	2	2	1	NA	NA	NA	unphased	1.55555555555556	1.55555555555556	1
5	33684140	33684141	97	8	4	2	2	1	NA	NA	NA	unphased	0.533333333333333	0.533333333333333	1
5	34020464	34020465	20	5	4	2	2	1	NA	NA	NA	unphased	1.4	1.4	1
5	36037941	36037942	386	50	4	2	2	1	NA	NA	NA	unphased	0.802752293577982	0.802752293577982	1
5	36168475	36168476	357	160	4	2	2	1	NA	NA	NA	unphased	2.16634429400387	1.08317214700193	2
5	37048603	37048604	150	41	4	2	2	1	NA	NA	NA	unphased	1.50261780104712	0.75130890052356	2
5	37183311	37183312	90	12	4	2	2	1	NA	NA	NA	unphased	0.823529411764706	0.823529411764706	1
5	37183336	37183337	106	13	4	2	2	1	NA	NA	NA	unphased	0.764705882352941	0.764705882352941	1
5	37816080	37816081	177	29	4	2	2	1	NA	NA	NA	unphased	0.985436893203883	0.985436893203883	1
5	38921867	38921868	101	56	4	2	2	1	NA	NA	NA	unphased	2.4968152866242	1.2484076433121	2
5	41051134	41051135	61	6	4	2	2	1	NA	NA	NA	unphased	0.626865671641791	0.626865671641791	1
5	43547889	43547890	168	67	4	2	2	1	NA	NA	NA	unphased	1.99574468085106	0.997872340425532	2
5	44809297	44809298	22	4	4	2	2	1	NA	NA	NA	unphased	1.07692307692308	1.07692307692308	1
5	44813254	44813255	183	20	4	2	2	1	NA	NA	NA	unphased	0.689655172413793	0.689655172413793	1
5	56778367	56778368	26	5	1	1	0	1	NA	NA	NA	unphased	0.645161290322581	0.645161290322581	1
5	65449395	65449396	294	67	1	1	0	1	NA	NA	NA	unphased	0.742382271468144	0.742382271468144	1
5	67592063	67592064	102	21	1	1	0	1	NA	NA	NA	unphased	0.682926829268293	0.682926829268293	1
5	74134872	74134873	181	52	1	1	0	1	NA	NA	NA	unphased	0.892703862660944	0.892703862660944	1
5	80408536	80408537	273	75	1	1	0	1	NA	NA	NA	unphased	0.862068965517241	0.862068965517241	1
5	82554406	82554407	124	27	1	1	0	1	NA	NA	NA	unphased	0.71523178807947	0.71523178807947	1
5	82833253	82833254	78	28	1	1	0	1	NA	NA	NA	unphased	1.05660377358491	1.05660377358491	1
5	93076967	93076968	43	11	2	1	1	1	NA	NA	NA	unphased	1.01851851851852	1.01851851851852	1
5	94903633	94903634	74	18	2	1	1	1	NA	NA	NA	unphased	0.978260869565217	0.978260869565217	1
5	95224603	95224604	111	13	2	1	1	1	NA	NA	NA	unphased	0.524193548387097	0.524193548387097	1
5	95224672	95224673	52	11	2	1	1	1	NA	NA	NA	unphased	0.873015873015873	0.873015873015873	1
5	98262089	98262090	53	19	2	1	1	1	NA	NA	NA	unphased	1.31944444444444	1.31944444444444	1
5	101572468	101572469	31	10	2	1	1	1	NA	NA	NA	unphased	1.21951219512195	1.21951219512195	1
5	112487111	112487112	44	19	2	1	1	1	NA	NA	NA	unphased	1.50793650793651	1.50793650793651	1
5	113831613	113831614	211	62	2	1	1	1	NA	NA	NA	unphased	1.13553113553114	1.13553113553114	1
5	121487776	121487777	213	57	2	1	1	1	NA	NA	NA	unphased	1.05555555555556	1.05555555555556	1
5	127671679	127671680	38	13	2	1	1	1	NA	NA	NA	unphased	1.27450980392157	1.27450980392157	1
5	134086448	134086449	64	14	2	1	1	1	NA	NA	NA	unphased	0.897435897435897	0.897435897435897	1
5	134131737	134131738	124	6	2	1	1	1	NA	NA	NA	unphased	0.230769230769231	0.230769230769231	1
5	134223871	134223872	70	8	2	1	1	1	NA	NA	NA	unphased	0.512820512820513	0.512820512820513	1
5	137276118	137276119	26	4	2	1	1	1	NA	NA	NA	unphased	0.666666666666667	0.666666666666667	1
5	140080050	140080051	80	18	2	1	1	1	NA	NA	NA	unphased	0.918367346938776	0.918367346938776	1
5	140180823	140180824	126	22	2	1	1	1	NA	NA	NA	unphased	0.743243243243243	0.743243243243243	1
5	140229713	140229714	117	20	2	1	1	1	NA	NA	NA	unphased	0.72992700729927	0.72992700729927	1
5	140530987	140530988	178	22	2	1	1	1	NA	NA	NA	unphased	0.55	0.55	1
5	140553280	140553281	146	32	2	1	1	1	NA	NA	NA	unphased	0.898876404494382	0.898876404494382	1
5	140588646	140588647	133	22	2	1	1	1	NA	NA	NA	unphased	0.709677419354839	0.709677419354839	1
5	140811774	140811775	71	5	2	1	1	1	NA	NA	NA	unphased	0.328947368421053	0.328947368421053	1
5	140866044	140866045	132	29	2	1	1	1	NA	NA	NA	unphased	0.900621118012422	0.900621118012422	1
5	148695756	148695757	83	26	2	1	1	1	NA	NA	NA	unphased	1.19266055045872	1.19266055045872	1
5	150028852	150028853	128	31	2	1	1	1	NA	NA	NA	unphased	0.974842767295597	0.974842767295597	1
5	150275762	150275763	154	39	2	1	1	1	NA	NA	NA	unphased	1.01036269430052	1.01036269430052	1
5	150310844	150310845	34	12	2	1	1	1	NA	NA	NA	unphased	1.30434782608696	1.30434782608696	1
5	150436436	150436437	63	11	2	1	1	1	NA	NA	NA	unphased	0.743243243243243	0.743243243243243	1
5	156593240	156593241	41	7	2	1	1	1	NA	NA	NA	unphased	0.729166666666667	0.729166666666667	1
5	156787315	156787316	161	35	2	1	1	1	NA	NA	NA	unphased	0.892857142857143	0.892857142857143	1
5	158223455	158223456	50	17	2	1	1	1	NA	NA	NA	unphased	1.26865671641791	1.26865671641791	1
5	171520426	171520427	71	21	2	1	1	1	NA	NA	NA	unphased	1.14130434782609	1.14130434782609	1
5	171765616	171765617	31	5	2	1	1	1	NA	NA	NA	unphased	0.694444444444444	0.694444444444444	1
5	176001164	176001165	33	6	2	1	1	1	NA	NA	NA	unphased	0.769230769230769	0.769230769230769	1
5	176520455	176520456	124	40	2	1	1	1	NA	NA	NA	unphased	1.21951219512195	1.21951219512195	1
5	179016622	179016623	92	16	2	1	1	1	NA	NA	NA	unphased	0.740740740740741	0.740740740740741	1
5	179045210	179045211	183	29	2	1	1	1	NA	NA	NA	unphased	0.683962264150943	0.683962264150943	1
5	179201469	179201470	45	15	2	1	1	1	NA	NA	NA	unphased	1.25	1.25	1
6	1390814	1390815	63	7	4	4	0	1	NA	NA	NA	unphased	0.7	0.7	1
6	2890509	2890510	110	24	4	4	0	1	NA	NA	NA	unphased	1.25373134328358	1.25373134328358	1
6	5431348	5431349	299	58	4	4	0	1	NA	NA	NA	unphased	1.13725490196078	1.13725490196078	1
6	7584133	7584134	134	13	4	4	0	1	NA	NA	NA	unphased	0.619047619047619	0.619047619047619	1
6	10877568	10877569	103	9	4	4	0	1	NA	NA	NA	unphased	0.5625	0.5625	1
6	21595967	21595968	12	24	4	4	0	1	NA	NA	NA	unphased	4.66666666666667	1.16666666666667	4
6	24848349	24848350	43	5	4	4	0	1	NA	NA	NA	unphased	0.729166666666667	0.729166666666667	1
6	26156616	26156617	114	16	4	4	0	1	NA	NA	NA	unphased	0.861538461538462	0.861538461538462	1
6	26157145	26157146	27	5	4	4	0	1	NA	NA	NA	unphased	1.09375	1.09375	1
6	26197162	26197163	66	53	4	4	0	1	NA	NA	NA	unphased	3.11764705882353	1.03921568627451	3
6	26197471	26197472	103	11	4	4	0	1	NA	NA	NA	unphased	0.675438596491228	0.675438596491228	1
6	26377345	26377346	70	23	4	4	0	1	NA	NA	NA	unphased	1.73118279569892	0.865591397849462	2
6	26465624	26465625	131	13	4	4	0	1	NA	NA	NA	unphased	0.631944444444444	0.631944444444444	1
6	26637465	26637466	8	12	4	4	0	1	NA	NA	NA	unphased	4.2	1.05	4
6	27216713	27216714	139	37	4	4	0	1	NA	NA	NA	unphased	1.47159090909091	0.735795454545454	2
6	27420472	27420473	177	39	4	4	0	1	NA	NA	NA	unphased	1.26388888888889	1.26388888888889	1
6	29054829	29054830	202	23	4	4	0	1	NA	NA	NA	unphased	0.715555555555556	0.715555555555556	1
6	29275384	29275385	144	53	4	4	0	1	NA	NA	NA	unphased	1.88324873096447	0.941624365482233	2
6	29394417	29394418	39	9	4	4	0	1	NA	NA	NA	unphased	1.3125	1.3125	1
6	30104955	30104956	96	14	4	4	0	1	NA	NA	NA	unphased	0.890909090909091	0.890909090909091	1
6	30105077	30105078	240	35	4	4	0	1	NA	NA	NA	unphased	0.890909090909091	0.890909090909091	1
6	30523491	30523492	74	10	4	4	0	1	NA	NA	NA	unphased	0.833333333333333	0.833333333333333	1
6	30624725	30624726	190	17	4	4	0	1	NA	NA	NA	unphased	0.57487922705314	0.57487922705314	1
6	31129584	31129585	42	5	4	4	0	1	NA	NA	NA	unphased	0.74468085106383	0.74468085106383	1
6	31599684	31599685	35	6	4	4	0	1	NA	NA	NA	unphased	1.02439024390244	1.02439024390244	1
6	31829146	31829147	130	8	4	4	0	1	NA	NA	NA	unphased	0.405797101449275	0.405797101449275	1
6	31996956	31996957	289	38	4	4	0	1	NA	NA	NA	unphased	0.813455657492355	0.813455657492355	1
6	36041849	36041850	134	72	5	3	2	1	NA	NA	NA	unphased	2.79611650485437	0.932038834951456	3
6	36870106	36870107	270	11	5	3	2	1	NA	NA	NA	unphased	0.313167259786477	0.313167259786477	1
6	36922626	36922627	98	7	5	3	2	1	NA	NA	NA	unphased	0.533333333333333	0.533333333333333	1
6	37344704	37344705	112	12	5	3	2	1	NA	NA	NA	unphased	0.774193548387097	0.774193548387097	1
6	38850813	38850814	269	80	5	3	2	1	NA	NA	NA	unphased	1.83381088825215	0.916905444126074	2
6	38866090	38866091	337	45	5	3	2	1	NA	NA	NA	unphased	0.942408376963351	0.942408376963351	1
6	38883046	38883047	57	39	5	3	2	1	NA	NA	NA	unphased	3.25	1.08333333333333	3
6	40399928	40399929	104	18	5	3	2	1	NA	NA	NA	unphased	1.18032786885246	1.18032786885246	1
6	41704735	41704736	54	3	5	3	2	1	NA	NA	NA	unphased	0.421052631578947	0.421052631578947	1
6	42237279	42237280	144	14	5	3	2	1	NA	NA	NA	unphased	0.708860759493671	0.708860759493671	1
6	43143549	43143550	205	37	5	3	2	1	NA	NA	NA	unphased	1.22314049586777	1.22314049586777	1
6	43153204	43153205	93	14	5	3	2	1	NA	NA	NA	unphased	1.04672897196262	1.04672897196262	1
6	43153812	43153813	139	35	5	3	2	1	NA	NA	NA	unphased	1.60919540229885	0.804597701149425	2
6	43400777	43400778	194	8	5	3	2	1	NA	NA	NA	unphased	0.316831683168317	0.316831683168317	1
6	43417158	43417159	149	10	5	3	2	1	NA	NA	NA	unphased	0.50314465408805	0.50314465408805	1
6	43473278	43473279	264	16	5	3	2	1	NA	NA	NA	unphased	0.457142857142857	0.457142857142857	1
6	44116029	44116030	184	21	5	3	2	1	NA	NA	NA	unphased	0.819512195121951	0.819512195121951	1
6	44217142	44217143	167	17	5	3	2	1	NA	NA	NA	unphased	0.739130434782609	0.739130434782609	1
6	46620353	46620354	206	57	5	3	2	1	NA	NA	NA	unphased	1.73384030418251	0.866920152091255	2
6	46669615	46669616	374	44	5	3	2	1	NA	NA	NA	unphased	0.842105263157895	0.842105263157895	1
6	47762983	47762984	61	13	5	3	2	1	NA	NA	NA	unphased	1.40540540540541	1.40540540540541	1
6	49660377	49660378	87	9	5	3	2	1	NA	NA	NA	unphased	0.75	0.75	1
6	49660473	49660474	203	107	5	3	2	1	NA	NA	NA	unphased	2.76129032258065	0.920430107526882	3
6	52874337	52874338	148	84	5	3	2	1	NA	NA	NA	unphased	2.89655172413793	0.96551724137931	3
6	54254726	54254727	202	57	5	3	2	1	NA	NA	NA	unphased	1.76061776061776	0.88030888030888	2
6	56470022	56470023	60	28	5	3	2	1	NA	NA	NA	unphased	2.54545454545455	0.848484848484849	3
6	56482884	56482885	282	38	5	3	2	1	NA	NA	NA	unphased	0.95	0.95	1
6	56504284	56504285	358	48	5	3	2	1	NA	NA	NA	unphased	0.945812807881773	0.945812807881773	1
6	64421997	64421998	144	26	5	3	2	1	NA	NA	NA	unphased	1.22352941176471	1.22352941176471	1
6	69703687	69703688	560	63	5	3	2	1	NA	NA	NA	unphased	0.808988764044944	0.808988764044944	1
6	70386397	70386398	107	15	5	3	2	1	NA	NA	NA	unphased	0.983606557377049	0.983606557377049	1
6	70859599	70859600	85	47	5	3	2	1	NA	NA	NA	unphased	2.84848484848485	0.94949494949495	3
6	71236200	71236201	407	47	5	3	2	1	NA	NA	NA	unphased	0.828193832599119	0.828193832599119	1
6	73815018	73815019	499	138	5	3	2	1	NA	NA	NA	unphased	1.7331240188383	0.866562009419152	2
6	74466380	74466381	308	36	5	3	2	1	NA	NA	NA	unphased	0.837209302325582	0.837209302325582	1
6	79650829	79650830	564	18	5	3	2	1	NA	NA	NA	unphased	0.247422680412371	0.247422680412371	1
6	83748180	83748181	221	68	5	3	2	1	NA	NA	NA	unphased	1.88235294117647	0.941176470588235	2
6	90333769	90333770	26	11	5	3	2	1	NA	NA	NA	unphased	2.37837837837838	1.18918918918919	2
6	90440531	90440532	191	24	5	3	2	1	NA	NA	NA	unphased	0.893023255813953	0.893023255813953	1
6	90574047	90574048	29	3	5	3	2	1	NA	NA	NA	unphased	0.75	0.75	1
6	90576205	90576206	22	10	5	3	2	1	NA	NA	NA	unphased	2.5	0.833333333333333	3
6	90578412	90578413	55	37	5	3	2	1	NA	NA	NA	unphased	3.21739130434783	1.07246376811594	3
6	93956687	93956688	117	10	5	3	2	1	NA	NA	NA	unphased	0.62992125984252	0.62992125984252	1
6	97246283	97246284	44	8	5	3	2	1	NA	NA	NA	unphased	1.23076923076923	1.23076923076923	1
6	99283481	99283482	71	20	5	3	2	1	NA	NA	NA	unphased	1.75824175824176	0.879120879120879	2
6	100062548	100062549	80	32	5	3	2	1	NA	NA	NA	unphased	2.28571428571429	1.14285714285714	2
6	100838120	100838121	29	26	5	3	2	1	NA	NA	NA	unphased	3.78181818181818	1.26060606060606	3
6	101095198	101095199	196	21	5	3	2	1	NA	NA	NA	unphased	0.774193548387097	0.774193548387097	1
6	102516481	102516482	16	4	5	3	2	1	NA	NA	NA	unphased	1.6	1.6	1
6	109867069	109867070	237	28	5	3	2	1	NA	NA	NA	unphased	0.845283018867925	0.845283018867925	1
6	111634599	111634600	211	28	5	3	2	1	NA	NA	NA	unphased	0.937238493723849	0.937238493723849	1
6	111737631	111737632	76	22	5	3	2	1	NA	NA	NA	unphased	1.79591836734694	0.897959183673469	2
6	112439048	112439049	114	44	5	3	2	1	NA	NA	NA	unphased	2.22784810126582	1.11392405063291	2
6	116747818	116747819	177	29	3	2	1	1	NA	NA	NA	unphased	0.844660194174757	0.844660194174757	1
6	118635324	118635325	192	42	3	2	1	1	NA	NA	NA	unphased	1.07692307692308	1.07692307692308	1
6	126176271	126176272	307	29	3	2	1	1	NA	NA	NA	unphased	0.517857142857143	0.517857142857143	1
6	128304105	128304106	116	54	3	2	1	1	NA	NA	NA	unphased	1.90588235294118	0.952941176470588	2
6	132211699	132211700	55	11	3	2	1	1	NA	NA	NA	unphased	1	1	1
6	132967046	132967047	378	72	3	2	1	1	NA	NA	NA	unphased	0.96	0.96	1
6	134495196	134495197	161	32	3	2	1	1	NA	NA	NA	unphased	0.994818652849741	0.994818652849741	1
6	136512786	136512787	39	5	3	2	1	1	NA	NA	NA	unphased	0.681818181818182	0.681818181818182	1
6	136904833	136904834	195	29	3	2	1	1	NA	NA	NA	unphased	0.776785714285714	0.776785714285714	1
6	142409669	142409670	60	11	3	2	1	1	NA	NA	NA	unphased	0.929577464788732	0.929577464788732	1
6	144878289	144878290	92	17	3	2	1	1	NA	NA	NA	unphased	0.935779816513762	0.935779816513762	1
6	149899971	149899972	55	5	3	2	1	1	NA	NA	NA	unphased	0.5	0.5	1
6	151917550	151917551	92	12	3	2	1	1	NA	NA	NA	unphased	0.692307692307692	0.692307692307692	1
6	152532703	152532704	111	24	3	2	1	1	NA	NA	NA	unphased	1.06666666666667	1.06666666666667	1
6	152629662	152629663	221	104	3	2	1	1	NA	NA	NA	unphased	1.92	0.96	2
6	152697610	152697611	120	23	3	2	1	1	NA	NA	NA	unphased	0.965034965034965	0.965034965034965	1
6	153078285	153078286	47	11	3	2	1	1	NA	NA	NA	unphased	1.13793103448276	1.13793103448276	1
6	159670161	159670162	23	5	3	2	1	1	NA	NA	NA	unphased	1.07142857142857	1.07142857142857	1
6	160176216	160176217	54	15	3	2	1	1	NA	NA	NA	unphased	1.30434782608696	1.30434782608696	1
6	160198421	160198422	90	30	3	2	1	1	NA	NA	NA	unphased	1.5	0.75	2
6	160468357	160468358	69	7	3	2	1	1	NA	NA	NA	unphased	0.552631578947368	0.552631578947368	1
6	161470171	161470172	153	26	3	2	1	1	NA	NA	NA	unphased	0.871508379888268	0.871508379888268	1
6	163985800	163985801	72	44	3	2	1	1	NA	NA	NA	unphased	2.27586206896552	1.13793103448276	2
6	168226278	168226279	22	5	3	2	1	1	NA	NA	NA	unphased	1.11111111111111	1.11111111111111	1
6	170639565	170639566	106	9	3	2	1	1	NA	NA	NA	unphased	0.469565217391304	0.469565217391304	1
7	2473606	2473607	28	4	4	2	2	1	NA	NA	NA	unphased	0.875	0.875	1
7	6771526	6771527	110	17	4	2	2	1	NA	NA	NA	unphased	0.937007874015748	0.937007874015748	1
7	6774963	6774964	44	17	4	2	2	1	NA	NA	NA	unphased	1.95081967213115	0.975409836065574	2
7	7546790	7546791	276	47	4	2	2	1	NA	NA	NA	unphased	1.01857585139319	1.01857585139319	1
7	12728312	12728313	159	58	4	2	2	1	NA	NA	NA	unphased	1.87096774193548	0.935483870967742	2
7	14724924	14724925	100	9	4	2	2	1	NA	NA	NA	unphased	0.577981651376147	0.577981651376147	1
7	14880939	14880940	25	6	4	2	2	1	NA	NA	NA	unphased	1.35483870967742	1.35483870967742	1
7	15725927	15725928	26	4	4	2	2	1	NA	NA	NA	unphased	0.933333333333333	0.933333333333333	1
7	17833856	17833857	57	15	4	2	2	1	NA	NA	NA	unphased	1.45833333333333	1.45833333333333	1
7	20782507	20782508	77	31	4	2	2	1	NA	NA	NA	unphased	2.00925925925926	1.00462962962963	2
7	20825393	20825394	79	6	4	2	2	1	NA	NA	NA	unphased	0.494117647058823	0.494117647058823	1
7	22852754	22852755	206	37	4	2	2	1	NA	NA	NA	unphased	1.06584362139918	1.06584362139918	1
7	27224325	27224326	77	7	4	2	2	1	NA	NA	NA	unphased	0.583333333333333	0.583333333333333	1
7	30402002	30402003	131	19	4	2	2	1	NA	NA	NA	unphased	0.886666666666667	0.886666666666667	1
7	33014870	33014871	189	31	4	2	2	1	NA	NA	NA	unphased	0.986363636363636	0.986363636363636	1
7	44102385	44102386	61	18	4	2	2	1	NA	NA	NA	unphased	1.59493670886076	0.79746835443038	2
7	44186116	44186117	109	10	4	2	2	1	NA	NA	NA	unphased	0.588235294117647	0.588235294117647	1
7	57188777	57188778	192	53	4	2	2	1	NA	NA	NA	unphased	1.51428571428571	0.757142857142857	2
7	66416109	66416110	136	25	4	2	2	1	NA	NA	NA	unphased	1.08695652173913	1.08695652173913	1
7	70885908	70885909	329	135	4	2	2	1	NA	NA	NA	unphased	2.03663793103448	1.01831896551724	2
7	73097248	73097249	88	14	4	2	2	1	NA	NA	NA	unphased	0.96078431372549	0.96078431372549	1
7	74167502	74167503	97	16	4	2	2	1	NA	NA	NA	unphased	0.991150442477876	0.991150442477876	1
7	77423414	77423415	253	30	4	2	2	1	NA	NA	NA	unphased	0.742049469964664	0.742049469964664	1
7	77423645	77423646	123	5	4	2	2	1	NA	NA	NA	unphased	0.2734375	0.2734375	1
7	78636447	78636448	224	23	4	2	2	1	NA	NA	NA	unphased	0.651821862348178	0.651821862348178	1
7	80378222	80378223	160	51	4	2	2	1	NA	NA	NA	unphased	1.69194312796209	0.845971563981043	2
7	80378223	80378224	152	47	4	2	2	1	NA	NA	NA	unphased	1.65326633165829	0.826633165829146	2
7	86394594	86394595	152	68	4	2	2	1	NA	NA	NA	unphased	2.16363636363636	1.08181818181818	2
7	87035753	87035754	224	11	4	2	2	1	NA	NA	NA	unphased	0.327659574468085	0.327659574468085	1
7	87135325	87135326	166	19	4	2	2	1	NA	NA	NA	unphased	0.718918918918919	0.718918918918919	1
7	87178834	87178835	172	21	4	2	2	1	NA	NA	NA	unphased	0.761658031088083	0.761658031088083	1
7	87778316	87778317	60	9	4	2	2	1	NA	NA	NA	unphased	0.913043478260869	0.913043478260869	1
7	87912106	87912107	103	10	4	2	2	1	NA	NA	NA	unphased	0.619469026548673	0.619469026548673	1
7	88965542	88965543	109	52	4	2	2	1	NA	NA	NA	unphased	2.26086956521739	1.1304347826087	2
7	88965728	88965729	170	24	4	2	2	1	NA	NA	NA	unphased	0.865979381443299	0.865979381443299	1
7	92120592	92120593	169	20	4	2	2	1	NA	NA	NA	unphased	0.740740740740741	0.740740740740741	1
7	92760987	92760988	313	103	4	2	2	1	NA	NA	NA	unphased	1.73317307692308	0.866586538461538	2
7	92760988	92760989	315	102	4	2	2	1	NA	NA	NA	unphased	1.71223021582734	0.856115107913669	2
7	92761650	92761651	319	126	4	2	2	1	NA	NA	NA	unphased	1.98202247191011	0.991011235955056	2
7	92762172	92762173	217	71	4	2	2	1	NA	NA	NA	unphased	1.72569444444444	0.862847222222222	2
7	93055566	93055567	49	7	4	2	2	1	NA	NA	NA	unphased	0.875	0.875	1
7	98508015	98508016	286	46	4	2	2	1	NA	NA	NA	unphased	0.969879518072289	0.969879518072289	1
7	99022722	99022723	111	23	4	2	2	1	NA	NA	NA	unphased	1.20149253731343	1.20149253731343	1
7	99091385	99091386	256	11	4	2	2	1	NA	NA	NA	unphased	0.288389513108614	0.288389513108614	1
7	99306721	99306722	222	30	4	2	2	1	NA	NA	NA	unphased	0.833333333333333	0.833333333333333	1
7	99445848	99445849	68	6	4	2	2	1	NA	NA	NA	unphased	0.567567567567568	0.567567567567568	1
7	100211220	100211221	129	14	4	2	2	1	NA	NA	NA	unphased	0.685314685314685	0.685314685314685	1
7	100421298	100421299	96	10	4	2	2	1	NA	NA	NA	unphased	0.660377358490566	0.660377358490566	1
7	100459085	100459086	238	26	4	2	2	1	NA	NA	NA	unphased	0.689393939393939	0.689393939393939	1
7	100684351	100684352	521	73	4	2	2	1	NA	NA	NA	unphased	0.86026936026936	0.86026936026936	1
7	100852174	100852175	115	12	4	2	2	1	NA	NA	NA	unphased	0.661417322834646	0.661417322834646	1
7	100884107	100884108	179	23	4	2	2	1	NA	NA	NA	unphased	0.797029702970297	0.797029702970297	1
7	102953584	102953585	163	32	4	2	2	1	NA	NA	NA	unphased	1.14871794871795	1.14871794871795	1
7	105913031	105913032	164	27	4	2	2	1	NA	NA	NA	unphased	0.989528795811518	0.989528795811518	1
7	106508158	106508159	75	27	4	2	2	1	NA	NA	NA	unphased	1.85294117647059	0.926470588235294	2
7	107240934	107240935	63	30	4	2	2	1	NA	NA	NA	unphased	2.25806451612903	1.12903225806452	2
7	107314717	107314718	197	8	4	2	2	1	NA	NA	NA	unphased	0.273170731707317	0.273170731707317	1
7	107849975	107849976	247	16	4	2	2	1	NA	NA	NA	unphased	0.425855513307985	0.425855513307985	1
7	108524188	108524189	261	28	4	2	2	1	NA	NA	NA	unphased	0.678200692041522	0.678200692041522	1
7	112130093	112130094	121	8	4	2	2	1	NA	NA	NA	unphased	0.434108527131783	0.434108527131783	1
7	112415350	112415351	81	11	4	2	2	1	NA	NA	NA	unphased	0.83695652173913	0.83695652173913	1
7	112461887	112461888	167	31	4	2	2	1	NA	NA	NA	unphased	1.0959595959596	1.0959595959596	1
7	116397817	116397818	186	56	4	2	2	1	NA	NA	NA	unphased	1.6198347107438	0.809917355371901	2
7	117864917	117864918	119	11	4	2	2	1	NA	NA	NA	unphased	0.592307692307692	0.592307692307692	1
7	117880048	117880049	51	8	4	2	2	1	NA	NA	NA	unphased	0.949152542372881	0.949152542372881	1
7	119915140	119915141	125	49	4	2	2	1	NA	NA	NA	unphased	1.97126436781609	0.985632183908046	2
7	121653532	121653533	118	19	4	2	2	1	NA	NA	NA	unphased	0.970802919708029	0.970802919708029	1
7	122261610	122261611	243	27	4	2	2	1	NA	NA	NA	unphased	0.7	0.7	1
7	122261628	122261629	217	17	4	2	2	1	NA	NA	NA	unphased	0.508547008547009	0.508547008547009	1
7	126410081	126410082	66	27	4	2	2	1	NA	NA	NA	unphased	2.03225806451613	1.01612903225806	2
7	127222842	127222843	200	29	4	2	2	1	NA	NA	NA	unphased	0.88646288209607	0.88646288209607	1
7	128807757	128807758	21	7	4	2	2	1	NA	NA	NA	unphased	1.75	1.75	1
7	129474753	129474754	123	10	4	2	2	1	NA	NA	NA	unphased	0.526315789473684	0.526315789473684	1
7	134643008	134643009	263	47	4	2	2	1	NA	NA	NA	unphased	1.06129032258065	1.06129032258065	1
7	135291575	135291576	266	39	4	2	2	1	NA	NA	NA	unphased	0.895081967213115	0.895081967213115	1
7	135304535	135304536	706	112	4	2	2	1	NA	NA	NA	unphased	0.958435207823961	0.958435207823961	1
7	138764634	138764635	209	29	4	2	2	1	NA	NA	NA	unphased	0.852941176470588	0.852941176470588	1
7	138968150	138968151	161	24	4	2	2	1	NA	NA	NA	unphased	0.908108108108108	0.908108108108108	1
7	142364527	142364528	67	13	4	2	2	1	NA	NA	NA	unphased	1.1375	1.1375	1
7	142606707	142606708	99	25	4	2	2	1	NA	NA	NA	unphased	1.41129032258064	0.705645161290322	2
7	144380013	144380014	392	54	4	2	2	1	NA	NA	NA	unphased	0.847533632286995	0.847533632286995	1
7	148769426	148769427	20	8	4	2	2	1	NA	NA	NA	unphased	2	1	2
7	149572731	149572732	244	9	4	2	2	1	NA	NA	NA	unphased	0.24901185770751	0.24901185770751	1
7	150767388	150767389	108	19	4	2	2	1	NA	NA	NA	unphased	1.04724409448819	1.04724409448819	1
7	150846113	150846114	674	104	4	2	2	1	NA	NA	NA	unphased	0.93573264781491	0.93573264781491	1
7	151269751	151269752	133	19	4	2	2	1	NA	NA	NA	unphased	0.875	0.875	1
7	151292540	151292541	95	22	4	2	2	1	NA	NA	NA	unphased	1.31623931623932	1.31623931623932	1
7	151946969	151946970	120	35	4	2	2	1	NA	NA	NA	unphased	1.58064516129032	0.790322580645161	2
7	152345751	152345752	108	25	4	2	2	1	NA	NA	NA	unphased	1.31578947368421	1.31578947368421	1
8	6302243	6302244	43	11	2	1	1	1	NA	NA	NA	unphased	1.01851851851852	1.01851851851852	1
8	12583330	12583331	102	24	2	1	1	1	NA	NA	NA	unphased	0.952380952380952	0.952380952380952	1
8	15531303	15531304	150	33	2	1	1	1	NA	NA	NA	unphased	0.901639344262295	0.901639344262295	1
8	18662065	18662066	90	24	2	1	1	1	NA	NA	NA	unphased	1.05263157894737	1.05263157894737	1
8	22006031	22006032	15	5	2	1	1	1	NA	NA	NA	unphased	1.25	1.25	1
8	22105710	22105711	128	24	2	1	1	1	NA	NA	NA	unphased	0.789473684210526	0.789473684210526	1
8	22272335	22272336	249	18	2	1	1	1	NA	NA	NA	unphased	0.337078651685393	0.337078651685393	1
8	25899691	25899692	82	25	2	1	1	1	NA	NA	NA	unphased	1.16822429906542	1.16822429906542	1
8	33246662	33246663	100	28	2	1	1	1	NA	NA	NA	unphased	1.09375	1.09375	1
8	38187167	38187168	177	18	2	1	1	1	NA	NA	NA	unphased	0.461538461538462	0.461538461538462	1
8	41591514	41591515	203	10	2	1	1	1	NA	NA	NA	unphased	0.234741784037559	0.234741784037559	1
8	41834548	41834549	119	19	2	1	1	1	NA	NA	NA	unphased	0.688405797101449	0.688405797101449	1
8	41834801	41834802	115	28	2	1	1	1	NA	NA	NA	unphased	0.979020979020979	0.979020979020979	1
8	41838387	41838388	250	58	2	1	1	1	NA	NA	NA	unphased	0.941558441558442	0.941558441558442	1
8	49832465	49832466	119	25	2	1	1	1	NA	NA	NA	unphased	0.868055555555555	0.868055555555555	1
8	55541286	55541287	134	28	2	1	1	1	NA	NA	NA	unphased	0.864197530864197	0.864197530864197	1
8	56663693	56663694	124	15	2	1	1	1	NA	NA	NA	unphased	0.539568345323741	0.539568345323741	1
8	57025859	57025860	76	21	2	1	1	1	NA	NA	NA	unphased	1.08247422680412	1.08247422680412	1
8	57025871	57025872	80	12	2	1	1	1	NA	NA	NA	unphased	0.652173913043478	0.652173913043478	1
8	57213975	57213976	157	10	2	1	1	1	NA	NA	NA	unphased	0.29940119760479	0.29940119760479	1
8	68151047	68151048	101	23	2	1	1	1	NA	NA	NA	unphased	0.92741935483871	0.92741935483871	1
8	70591616	70591617	187	40	2	1	1	1	NA	NA	NA	unphased	0.881057268722467	0.881057268722467	1
8	70744041	70744042	144	34	2	1	1	1	NA	NA	NA	unphased	0.955056179775281	0.955056179775281	1
8	72754890	72754891	733	115	3	2	1	1	NA	NA	NA	unphased	0.813679245283019	0.813679245283019	1
8	73979609	73979610	108	52	3	2	1	1	NA	NA	NA	unphased	1.95	0.975	2
8	87616375	87616376	105	28	3	2	1	1	NA	NA	NA	unphased	1.26315789473684	1.26315789473684	1
8	87656907	87656908	99	20	3	2	1	1	NA	NA	NA	unphased	1.00840336134454	1.00840336134454	1
8	92982953	92982954	44	23	3	2	1	1	NA	NA	NA	unphased	2.05970149253731	1.02985074626866	2
8	93074941	93074942	18	4	3	2	1	1	NA	NA	NA	unphased	1.09090909090909	1.09090909090909	1
8	95503955	95503956	215	36	3	2	1	1	NA	NA	NA	unphased	0.860557768924303	0.860557768924303	1
8	96275973	96275974	107	17	3	2	1	1	NA	NA	NA	unphased	0.82258064516129	0.82258064516129	1
8	97172860	97172861	70	39	3	2	1	1	NA	NA	NA	unphased	2.14678899082569	1.07339449541284	2
8	97316270	97316271	287	42	3	2	1	1	NA	NA	NA	unphased	0.765957446808511	0.765957446808511	1
8	98290038	98290039	12	4	3	2	1	1	NA	NA	NA	unphased	1.5	1.5	1
8	99129393	99129394	12	13	3	2	1	1	NA	NA	NA	unphased	3.12	1.56	2
8	100568705	100568706	72	14	3	2	1	1	NA	NA	NA	unphased	0.976744186046512	0.976744186046512	1
8	100865862	100865863	97	19	3	2	1	1	NA	NA	NA	unphased	0.982758620689655	0.982758620689655	1
8	106431475	106431476	126	24	3	2	1	1	NA	NA	NA	unphased	0.96	0.96	1
8	110413771	110413772	65	25	3	2	1	1	NA	NA	NA	unphased	1.66666666666667	0.833333333333333	2
8	113314137	113314138	117	27	3	2	1	1	NA	NA	NA	unphased	1.125	1.125	1
8	113668385	113668386	103	14	3	2	1	1	NA	NA	NA	unphased	0.717948717948718	0.717948717948718	1
8	120594818	120594819	387	46	5	3	2	1	NA	NA	NA	unphased	0.849884526558891	0.849884526558891	1
8	124206349	124206350	145	15	5	3	2	1	NA	NA	NA	unphased	0.75	0.75	1
8	124253534	124253535	30	4	5	3	2	1	NA	NA	NA	unphased	0.941176470588235	0.941176470588235	1
8	124349908	124349909	189	14	5	3	2	1	NA	NA	NA	unphased	0.551724137931034	0.551724137931034	1
8	124707797	124707798	478	53	5	3	2	1	NA	NA	NA	unphased	0.7984934086629	0.7984934086629	1
8	125551348	125551349	35	8	5	3	2	1	NA	NA	NA	unphased	1.48837209302326	1.48837209302326	1
8	128752799	128752800	73	8	5	3	2	1	NA	NA	NA	unphased	0.790123456790123	0.790123456790123	1
8	133806668	133806669	167	17	5	3	2	1	NA	NA	NA	unphased	0.739130434782609	0.739130434782609	1
8	136619261	136619262	332	41	5	3	2	1	NA	NA	NA	unphased	0.879356568364611	0.879356568364611	1
8	139601673	139601674	26	6	5	3	2	1	NA	NA	NA	unphased	1.5	1.5	1
8	141745437	141745438	130	35	5	3	2	1	NA	NA	NA	unphased	1.6969696969697	0.848484848484849	2
8	143823763	143823764	51	14	5	3	2	1	NA	NA	NA	unphased	1.72307692307692	0.861538461538462	2
8	143960578	143960579	142	34	5	3	2	1	NA	NA	NA	unphased	1.54545454545455	0.772727272727273	2
8	143996190	143996191	46	7	5	3	2	1	NA	NA	NA	unphased	1.05660377358491	1.05660377358491	1
8	144776411	144776412	10	9	5	3	2	1	NA	NA	NA	unphased	3.78947368421053	1.26315789473684	3
8	144992858	144992859	123	12	5	3	2	1	NA	NA	NA	unphased	0.711111111111111	0.711111111111111	1
8	144998186	144998187	22	5	5	3	2	1	NA	NA	NA	unphased	1.48148148148148	1.48148148148148	1
8	145138623	145138624	73	11	5	3	2	1	NA	NA	NA	unphased	1.04761904761905	1.04761904761905	1
8	145999640	145999641	80	9	NA	NA	NA	NA	NA	NA	NA	unphased	NA	NA	1
9	35853185	35853186	251	42	2	2	0	1	NA	NA	NA	unphased	0.716723549488055	0.716723549488055	1
9	35957494	35957495	139	21	2	2	0	1	NA	NA	NA	unphased	0.65625	0.65625	1
9	35957888	35957889	37	19	2	2	0	1	NA	NA	NA	unphased	1.69642857142857	0.848214285714286	2
9	73398873	73398874	2	9	2	2	0	1	NA	NA	NA	unphased	4.09090909090909	2.04545454545455	2
9	86584253	86584254	147	25	2	2	0	1	NA	NA	NA	unphased	0.726744186046512	0.726744186046512	1
9	90312078	90312079	96	18	2	2	0	1	NA	NA	NA	unphased	0.789473684210526	0.789473684210526	1
9	99694156	99694157	33	4	2	2	0	1	NA	NA	NA	unphased	0.540540540540541	0.540540540540541	1
9	104238937	104238938	84	23	2	2	0	1	NA	NA	NA	unphased	1.07476635514019	1.07476635514019	1
9	107560722	107560723	73	34	2	2	0	1	NA	NA	NA	unphased	1.58878504672897	0.794392523364486	2
9	113265482	113265483	88	62	2	2	0	1	NA	NA	NA	unphased	2.06666666666667	1.03333333333333	2
9	115818838	115818839	207	124	2	2	0	1	NA	NA	NA	unphased	1.87311178247734	0.936555891238671	2
9	117552715	117552716	154	36	2	2	0	1	NA	NA	NA	unphased	0.947368421052632	0.947368421052632	1
9	125782648	125782649	117	20	2	2	0	1	NA	NA	NA	unphased	0.72992700729927	0.72992700729927	1
9	130911798	130911799	203	10	2	2	0	1	NA	NA	NA	unphased	0.234741784037559	0.234741784037559	1
9	130984794	130984795	104	17	2	2	0	1	NA	NA	NA	unphased	0.702479338842975	0.702479338842975	1
9	131568140	131568141	31	6	2	2	0	1	NA	NA	NA	unphased	0.810810810810811	0.810810810810811	1
9	134348895	134348896	13	3	2	2	0	1	NA	NA	NA	unphased	0.9375	0.9375	1
9	135702385	135702386	309	57	2	2	0	1	NA	NA	NA	unphased	0.778688524590164	0.778688524590164	1
9	135804212	135804213	132	28	2	2	0	1	NA	NA	NA	unphased	0.875	0.875	1
9	136917501	136917502	101	24	2	2	0	1	NA	NA	NA	unphased	0.96	0.96	1
9	138440537	138440538	37	20	2	2	0	1	NA	NA	NA	unphased	1.75438596491228	0.87719298245614	2
9	139272374	139272375	27	10	2	2	0	1	NA	NA	NA	unphased	1.35135135135135	1.35135135135135	1
9	139734661	139734662	37	10	2	2	0	1	NA	NA	NA	unphased	1.06382978723404	1.06382978723404	1
9	140115306	140115307	22	17	2	2	0	1	NA	NA	NA	unphased	2.17948717948718	1.08974358974359	2
9	140140244	140140245	52	16	2	2	0	1	NA	NA	NA	unphased	1.17647058823529	1.17647058823529	1
9	140449840	140449841	85	23	2	2	0	1	NA	NA	NA	unphased	1.06481481481481	1.06481481481481	1
X	3021943	3021944	46	58	NA	NA	NA	NA	NA	NA	NA	unphased	NA	NA	1
X	19369417	19369418	107	33	NA	NA	NA	NA	NA	NA	NA	unphased	NA	NA	1
X	22292312	22292313	104	43	NA	NA	NA	NA	NA	NA	NA	unphased	NA	NA	1
X	24078261	24078262	60	12	NA	NA	NA	NA	NA	NA	NA	unphased	NA	NA	1
X	31496326	31496327	14	17	NA	NA	NA	NA	NA	NA	NA	unphased	NA	NA	1
X	32305647	32305648	61	50	NA	NA	NA	NA	NA	NA	NA	unphased	NA	NA	1
X	37027711	37027712	34	41	NA	NA	NA	NA	NA	NA	NA	unphased	NA	NA	1
X	38163976	38163977	22	29	NA	NA	NA	NA	NA	NA	NA	unphased	NA	NA	1
X	46332324	46332325	76	31	NA	NA	NA	NA	NA	NA	NA	unphased	NA	NA	1
X	48688085	48688086	6	12	NA	NA	NA	NA	NA	NA	NA	unphased	NA	NA	1
X	48858605	48858606	30	7	NA	NA	NA	NA	NA	NA	NA	unphased	NA	NA	1
X	49237442	49237443	248	9	NA	NA	NA	NA	NA	NA	NA	unphased	NA	NA	1
X	50052095	50052096	124	34	NA	NA	NA	NA	NA	NA	NA	unphased	NA	NA	1
X	50054315	50054316	136	40	NA	NA	NA	NA	NA	NA	NA	unphased	NA	NA	1
X	54275802	54275803	51	38	NA	NA	NA	NA	NA	NA	NA	unphased	NA	NA	1
X	54955415	54955416	28	11	NA	NA	NA	NA	NA	NA	NA	unphased	NA	NA	1
X	63615251	63615252	50	12	NA	NA	NA	NA	NA	NA	NA	unphased	NA	NA	1
X	70601651	70601652	197	7	NA	NA	NA	NA	NA	NA	NA	unphased	NA	NA	1
X	73071857	73071858	16	5	NA	NA	NA	NA	NA	NA	NA	unphased	NA	NA	1
X	74284973	74284974	61	12	NA	NA	NA	NA	NA	NA	NA	unphased	NA	NA	1
X	75650538	75650539	61	21	NA	NA	NA	NA	NA	NA	NA	unphased	NA	NA	1
X	76890177	76890178	162	49	NA	NA	NA	NA	NA	NA	NA	unphased	NA	NA	1
X	77301850	77301851	156	166	NA	NA	NA	NA	NA	NA	NA	unphased	NA	NA	1
X	78010546	78010547	277	103	NA	NA	NA	NA	NA	NA	NA	unphased	NA	NA	1
X	79279606	79279607	44	31	NA	NA	NA	NA	NA	NA	NA	unphased	NA	NA	1
X	102338426	102338427	109	7	NA	NA	NA	NA	NA	NA	NA	unphased	NA	NA	1
X	106228350	106228351	123	44	NA	NA	NA	NA	NA	NA	NA	unphased	NA	NA	1
X	106466059	106466060	97	39	NA	NA	NA	NA	NA	NA	NA	unphased	NA	NA	1
X	107403858	107403859	124	6	NA	NA	NA	NA	NA	NA	NA	unphased	NA	NA	1
X	110925356	110925357	234	26	NA	NA	NA	NA	NA	NA	NA	unphased	NA	NA	1
X	111195370	111195371	101	86	NA	NA	NA	NA	NA	NA	NA	unphased	NA	NA	1
X	118143098	118143099	89	26	NA	NA	NA	NA	NA	NA	NA	unphased	NA	NA	1
X	124029948	124029949	264	83	NA	NA	NA	NA	NA	NA	NA	unphased	NA	NA	1
X	128692882	128692883	126	11	NA	NA	NA	NA	NA	NA	NA	unphased	NA	NA	1
X	129843295	129843296	80	28	NA	NA	NA	NA	NA	NA	NA	unphased	NA	NA	1
X	130217694	130217695	181	52	NA	NA	NA	NA	NA	NA	NA	unphased	NA	NA	1
X	137821495	137821496	24	28	NA	NA	NA	NA	NA	NA	NA	unphased	NA	NA	1
X	141291552	141291553	25	50	NA	NA	NA	NA	NA	NA	NA	unphased	NA	NA	1
X	153128078	153128079	10	14	NA	NA	NA	NA	NA	NA	NA	unphased	NA	NA	1
X	153416361	153416362	116	35	NA	NA	NA	NA	NA	NA	NA	unphased	NA	NA	1
X	153416371	153416372	114	29	NA	NA	NA	NA	NA	NA	NA	unphased	NA	NA	1
X	154159453	154159454	81	36	NA	NA	NA	NA	NA	NA	NA	unphased	NA	NA	1
X	154294058	154294059	48	65	NA	NA	NA	NA	NA	NA	NA	unphased	NA	NA	1
