chr	start	end	WT.count	mut.count	subclonal.CN	nMaj1	nMin1	frac1	nMaj2	nMin2	frac2	phase	mutation.copy.number	subclonal.fraction	no.chrs.bearing.mut
1	1222974	1222975	33	11	NA	NA	NA	NA	NA	NA	NA	unphased	NA	NA	1
1	3328729	3328730	22	12	3	2	1	1	NA	NA	NA	unphased	2.16289592760181	1.0814479638009	2
1	3775364	3775365	44	4	3	2	1	1	NA	NA	NA	unphased	0.510683760683761	0.510683760683761	1
1	6341240	6341241	38	11	3	2	1	1	NA	NA	NA	unphased	1.37571951857666	1.37571951857666	1
1	6631249	6631250	48	19	3	2	1	1	NA	NA	NA	unphased	1.73784921546116	0.868924607730578	2
1	6704655	6704656	27	9	3	2	1	1	NA	NA	NA	unphased	1.53205128205128	1.53205128205128	1
1	11141174	11141175	27	3	3	2	1	1	NA	NA	NA	unphased	0.612820512820513	0.612820512820513	1
1	11736106	11736107	40	19	3	2	1	1	NA	NA	NA	unphased	1.97348978704911	0.986744893524554	2
1	16255537	16255538	112	21	3	2	1	1	NA	NA	NA	unphased	0.967611336032388	0.967611336032388	1
1	16360212	16360213	9	4	3	2	1	1	NA	NA	NA	unphased	1.88560157790927	1.88560157790927	1
1	16578014	16578015	11	4	3	2	1	1	NA	NA	NA	unphased	1.63418803418803	1.63418803418803	1
1	17017715	17017716	32	5	3	2	1	1	NA	NA	NA	unphased	0.828135828135828	0.828135828135828	1
1	18149613	18149614	50	19	3	2	1	1	NA	NA	NA	unphased	1.6874767744333	0.843738387216648	2
1	21220016	21220017	40	12	3	2	1	1	NA	NA	NA	unphased	1.41420118343195	1.41420118343195	1
1	22172955	22172956	87	16	3	2	1	1	NA	NA	NA	unphased	0.951954194672641	0.951954194672641	1
1	22850840	22850841	37	12	3	2	1	1	NA	NA	NA	unphased	1.50078492935636	1.50078492935636	1
1	22927453	22927454	59	27	3	2	1	1	NA	NA	NA	unphased	1.92397137745975	0.961985688729875	2
1	22927966	22927967	23	11	3	2	1	1	NA	NA	NA	unphased	1.98265460030166	0.991327300150829	2
1	22987522	22987523	100	15	3	2	1	1	NA	NA	NA	unphased	0.79933110367893	0.79933110367893	1
1	22987872	22987873	52	18	3	2	1	1	NA	NA	NA	unphased	1.57582417582418	0.787912087912088	2
1	23965671	23965672	6	6	3	2	1	1	NA	NA	NA	unphased	3.06410256410256	1.53205128205128	2
1	26664134	26664135	18	4	3	2	1	1	NA	NA	NA	unphased	1.11421911421911	1.11421911421911	1
1	28223633	28223634	16	4	3	2	1	1	NA	NA	NA	unphased	1.22564102564103	1.22564102564103	1
1	28275670	28275671	23	12	3	2	1	1	NA	NA	NA	unphased	2.1010989010989	1.05054945054945	2
1	32133191	32133192	8	4	3	2	1	1	NA	NA	NA	unphased	2.04273504273504	2.04273504273504	1
1	32680428	32680429	41	9	3	2	1	1	NA	NA	NA	unphased	1.10307692307692	1.10307692307692	1
1	32688009	32688010	30	21	3	2	1	1	NA	NA	NA	unphased	2.52337858220211	1.26168929110106	2
1	32740529	32740530	28	9	3	2	1	1	NA	NA	NA	unphased	1.49064449064449	1.49064449064449	1
1	34498243	34498244	7	5	3	2	1	1	NA	NA	NA	unphased	2.5534188034188	1.2767094017094	2
1	38305732	38305733	59	28	3	2	1	1	NA	NA	NA	unphased	1.97229590333039	0.986147951665193	2
1	39781278	39781279	35	29	3	2	1	1	NA	NA	NA	unphased	2.77684294871795	1.38842147435897	2
1	40236124	40236125	92	5	3	2	1	1	NA	NA	NA	unphased	0.315886862278615	0.315886862278615	1
1	40882505	40882506	50	8	3	2	1	1	NA	NA	NA	unphased	0.84526967285588	0.84526967285588	1
1	40882506	40882507	48	8	3	2	1	1	NA	NA	NA	unphased	0.875457875457875	0.875457875457875	1
1	41283858	41283859	90	22	3	2	1	1	NA	NA	NA	unphased	1.20375457875458	1.20375457875458	1
1	42047383	42047384	35	11	3	2	1	1	NA	NA	NA	unphased	1.4654403567447	1.4654403567447	1
1	43111804	43111805	16	5	3	2	1	1	NA	NA	NA	unphased	1.45909645909646	1.45909645909646	1
1	44386212	44386213	40	17	3	2	1	1	NA	NA	NA	unphased	1.82771030139451	0.913855150697256	2
1	44476515	44476516	48	25	3	2	1	1	NA	NA	NA	unphased	2.09870038637162	1.04935019318581	2
1	47840956	47840957	48	7	3	2	1	1	NA	NA	NA	unphased	0.77995337995338	0.77995337995338	1
1	51171476	51171477	28	5	3	2	1	1	NA	NA	NA	unphased	0.928515928515928	0.928515928515928	1
1	51171477	51171478	30	5	3	2	1	1	NA	NA	NA	unphased	0.875457875457875	0.875457875457875	1
1	52811938	52811939	13	4	3	2	1	1	NA	NA	NA	unphased	1.44193061840121	1.44193061840121	1
1	53164009	53164010	29	9	3	2	1	1	NA	NA	NA	unphased	1.45141700404858	1.45141700404858	1
1	55066960	55066961	50	3	3	2	1	1	NA	NA	NA	unphased	0.346879535558781	0.346879535558781	1
1	57349307	57349308	29	22	3	2	1	1	NA	NA	NA	unphased	2.64353946706888	1.32176973353444	2
1	57476915	57476916	75	12	3	2	1	1	NA	NA	NA	unphased	0.84526967285588	0.84526967285588	1
1	67105492	67105493	49	8	3	2	1	1	NA	NA	NA	unphased	0.860098965362123	0.860098965362123	1
1	67145357	67145358	118	17	3	2	1	1	NA	NA	NA	unphased	0.771699905033238	0.771699905033238	1
1	70504867	70504868	37	17	3	2	1	1	NA	NA	NA	unphased	1.9292497625831	0.964624881291548	2
1	77510191	77510192	107	18	3	2	1	1	NA	NA	NA	unphased	0.882461538461538	0.882461538461538	1
1	91447910	91447911	33	13	3	2	1	1	NA	NA	NA	unphased	1.73188405797101	0.865942028985507	2
1	97658646	97658647	52	13	3	2	1	1	NA	NA	NA	unphased	1.22564102564103	1.22564102564103	1
1	99771547	99771548	20	5	1	1	0	1	NA	NA	NA	unphased	0.825641025641026	0.825641025641026	1
1	100368265	100368266	43	12	1	1	0	1	NA	NA	NA	unphased	0.9006993006993	0.9006993006993	1
1	103385897	103385898	84	29	1	1	0	1	NA	NA	NA	unphased	1.05945087361017	1.05945087361017	1
1	111060632	111060633	82	35	3	2	1	1	NA	NA	NA	unphased	1.83322375630068	0.91661187815034	2
1	111146815	111146816	60	15	3	2	1	1	NA	NA	NA	unphased	1.22564102564103	1.22564102564103	1
1	119927404	119927405	23	8	1	1	0	0.75	1	0	0.25	unphased	1.06534325889165	1.06534325889165	1
1	148017503	148017504	58	22	1	1	0	0.75	1	0	0.25	unphased	1.13525641025641	1.13525641025641	1
1	149858794	149858795	75	13	1	1	0	0.75	1	0	0.25	unphased	0.609848484848485	0.609848484848485	1
1	149885079	149885080	224	63	NA	NA	NA	NA	NA	NA	NA	unphased	NA	NA	1
1	152081941	152081942	21	39	4	4	0	1	NA	NA	NA	unphased	4.63333333333333	1.15833333333333	4
1	152187241	152187242	21	5	4	4	0	1	NA	NA	NA	unphased	1.37080867850099	1.37080867850099	1
1	152191720	152191721	19	29	4	4	0	1	NA	NA	NA	unphased	4.30662393162393	1.07665598290598	4
1	152324459	152324460	123	111	4	4	0	1	NA	NA	NA	unphased	3.38132807363577	1.12710935787859	3
1	153012775	153012776	78	71	4	4	0	1	NA	NA	NA	unphased	3.39666150404405	1.13222050134802	3
1	154180094	154180095	79	14	4	4	0	1	NA	NA	NA	unphased	1.07306313757927	1.07306313757927	1
1	155851151	155851152	148	216	4	4	0	1	NA	NA	NA	unphased	4.22992392223161	1.0574809805579	4
1	155851169	155851170	184	77	4	4	0	1	NA	NA	NA	unphased	2.10295706847431	1.05147853423715	2
1	156838012	156838013	14	11	4	4	0	1	NA	NA	NA	unphased	3.13641025641026	1.04547008547009	3
1	156914840	156914841	80	105	4	4	0	1	NA	NA	NA	unphased	4.04573804573805	1.01143451143451	4
1	156918260	156918261	51	17	4	4	0	1	NA	NA	NA	unphased	1.78205128205128	0.891025641025641	2
1	158609403	158609404	70	70	4	4	0	1	NA	NA	NA	unphased	3.56410256410256	0.891025641025641	4
1	158646019	158646020	85	104	4	4	0	1	NA	NA	NA	unphased	3.92239858906526	0.980599647266314	4
1	158687186	158687187	17	16	4	4	0	1	NA	NA	NA	unphased	3.45609945609946	0.864024864024864	4
1	159170762	159170763	10	7	4	4	0	1	NA	NA	NA	unphased	2.93514328808446	0.978381096028155	3
1	159505132	159505133	25	31	4	4	0	1	NA	NA	NA	unphased	3.9459706959707	0.986492673992674	4
1	160461039	160461040	78	39	4	4	0	1	NA	NA	NA	unphased	2.37606837606838	1.18803418803419	2
1	161654755	161654756	11	16	4	4	0	1	NA	NA	NA	unphased	4.22412155745489	1.05603038936372	4
1	161967955	161967956	145	58	4	4	0	1	NA	NA	NA	unphased	2.03663003663004	1.01831501831502	2
1	165175157	165175158	66	10	4	4	0	1	NA	NA	NA	unphased	0.937921727395412	0.937921727395412	1
1	169292367	169292368	27	30	4	4	0	1	NA	NA	NA	unphased	3.75168690958165	0.937921727395412	4
1	169529938	169529939	118	39	4	4	0	1	NA	NA	NA	unphased	1.77070063694268	0.885350318471338	2
1	170914671	170914672	31	9	4	4	0	1	NA	NA	NA	unphased	1.60384615384615	1.60384615384615	1
1	170964580	170964581	36	52	4	4	0	1	NA	NA	NA	unphased	4.21212121212121	1.0530303030303	4
1	173455479	173455480	89	105	4	4	0	1	NA	NA	NA	unphased	3.85804916732752	0.964512291831879	4
1	174190249	174190250	76	66	4	4	0	1	NA	NA	NA	unphased	3.31310942578548	1.10436980859516	3
1	176175711	176175712	69	13	4	4	0	1	NA	NA	NA	unphased	1.13008130081301	1.13008130081301	1
1	176934320	176934321	40	44	4	4	0	1	NA	NA	NA	unphased	3.73382173382173	0.933455433455434	4
1	177001625	177001626	62	103	4	4	0	1	NA	NA	NA	unphased	4.44972804972805	1.11243201243201	4
1	177249867	177249868	17	19	4	4	0	1	NA	NA	NA	unphased	3.76210826210826	0.940527065527066	4
1	179084055	179084056	39	56	4	4	0	1	NA	NA	NA	unphased	4.20188933873144	1.05047233468286	4
1	182026680	182026681	29	19	4	4	0	1	NA	NA	NA	unphased	2.8215811965812	0.940527065527066	3
1	185984363	185984364	25	38	4	4	0	1	NA	NA	NA	unphased	4.2995522995523	1.07488807488807	4
1	193149689	193149690	12	19	4	4	0	1	NA	NA	NA	unphased	4.36889991728701	1.09222497932175	4
1	196706717	196706718	76	8	8	4	4	1	NA	NA	NA	unphased	1.05982905982906	1.05982905982906	1
1	196879572	196879573	100	53	8	4	4	1	NA	NA	NA	unphased	3.85486844310374	0.963717110775934	4
1	197071203	197071204	179	95	8	4	4	1	NA	NA	NA	unphased	3.8583192962755	0.964579824068875	4
1	197237504	197237505	108	39	8	4	4	1	NA	NA	NA	unphased	2.95238095238095	0.984126984126984	3
1	200534315	200534316	171	84	8	4	4	1	NA	NA	NA	unphased	3.6657616892911	0.916440422322775	4
1	200842744	200842745	13	2	8	4	4	1	NA	NA	NA	unphased	1.48376068376068	1.48376068376068	1
1	200842865	200842866	80	26	8	4	4	1	NA	NA	NA	unphased	2.72955974842767	0.909853249475891	3
1	200842881	200842882	75	27	8	4	4	1	NA	NA	NA	unphased	2.94570135746606	0.981900452488688	3
1	201185762	201185763	44	32	8	4	4	1	NA	NA	NA	unphased	4.68556005398111	1.17139001349528	4
1	203054630	203054631	13	7	1.65	4	2	0.13	1	0	0.87	unphased	1.67237179487179	1.67237179487179	1
1	203134489	203134490	38	15	1.65	4	2	0.13	1	0	0.87	unphased	1.35232220609579	1.35232220609579	1
1	204379824	204379825	82	35	1.65	4	2	0.13	1	0	0.87	unphased	1.42937760245453	1.02832921039894	1.39
1	204938071	204938072	55	30	1.65	4	2	0.13	1	0	0.87	unphased	1.68642533936652	0.791748985618083	2.13
1	204938072	204938073	55	31	1.65	4	2	0.13	1	0	0.87	unphased	1.72237626714371	0.80862735546653	2.13
1	205030522	205030523	11	16	1.65	4	2	0.13	1	0	0.87	unphased	2.8315289648623	0.904641841809041	3.13
1	205272823	205272824	35	14	1.65	4	2	0.13	1	0	0.87	unphased	1.36520146520147	1.36520146520147	1
1	207252461	207252462	10	10	1.65	4	2	0.13	1	0	0.87	unphased	2.38910256410256	1.05712502836397	2.26
1	207700187	207700188	198	47	1.65	4	2	0.13	1	0	0.87	unphased	0.916635269492412	0.916635269492412	1
1	208072463	208072464	211	50	1.65	4	2	0.13	1	0	0.87	unphased	0.915364967089105	0.915364967089105	1
1	208391010	208391011	40	44	1.65	4	2	0.13	1	0	0.87	unphased	2.50286935286935	1.10746431542892	2.26
1	209791291	209791292	112	30	1.65	4	2	0.13	1	0	0.87	unphased	1.00947995666306	1.00947995666306	1
1	214557589	214557590	163	24	1.65	4	2	0.13	1	0	0.87	unphased	0.61324557795146	0.61324557795146	1
1	215793783	215793784	85	20	1.65	4	2	0.13	1	0	0.87	unphased	0.91013431013431	0.91013431013431	1
1	215847862	215847863	110	38	1.65	4	2	0.13	1	0	0.87	unphased	1.22683645183645	1.22683645183645	1
1	216243461	216243462	75	25	1.65	4	2	0.13	1	0	0.87	unphased	1.19455128205128	1.19455128205128	1
1	216258066	216258067	96	14	1.65	4	2	0.13	1	0	0.87	unphased	0.608135198135198	0.608135198135198	1
1	216595373	216595374	56	6	1.65	4	2	0.13	1	0	0.87	unphased	0.462406947890819	0.462406947890819	1
1	216595578	216595579	74	19	1.65	4	2	0.13	1	0	0.87	unphased	0.976192445547284	0.976192445547284	1
1	217822222	217822223	68	13	1.65	4	2	0.13	1	0	0.87	unphased	0.766872427983539	0.766872427983539	1
1	220379257	220379258	17	22	4	4	0	1	NA	NA	NA	unphased	4.02103879026956	1.00525969756739	4
1	220835439	220835440	37	36	4	4	0	1	NA	NA	NA	unphased	3.51527924130664	0.87881981032666	4
1	221057823	221057824	12	5	4	4	0	1	NA	NA	NA	unphased	2.09653092006033	2.09653092006033	1
1	228346780	228346781	39	11	4	4	0	1	NA	NA	NA	unphased	1.56820512820513	1.56820512820513	1
1	236205318	236205319	27	33	4	4	0	1	NA	NA	NA	unphased	3.92051282051282	0.980128205128205	4
1	236907947	236907948	16	20	4	4	0	1	NA	NA	NA	unphased	3.96011396011396	0.99002849002849	4
1	237756789	237756790	20	30	4	4	0	1	NA	NA	NA	unphased	4.27692307692308	1.06923076923077	4
1	240255892	240255893	15	24	4	4	0	1	NA	NA	NA	unphased	4.38658777120316	1.09664694280079	4
1	246093202	246093203	70	47	4	4	0	1	NA	NA	NA	unphased	2.86346701731317	0.954489005771057	3
1	247835509	247835510	41	54	NA	NA	NA	NA	NA	NA	NA	unphased	NA	NA	1
1	248224660	248224661	117	44	NA	NA	NA	NA	NA	NA	NA	unphased	NA	NA	1
1	248343894	248343895	117	181	NA	NA	NA	NA	NA	NA	NA	unphased	NA	NA	1
1	248366542	248366543	175	221	NA	NA	NA	NA	NA	NA	NA	unphased	NA	NA	1
1	248487648	248487649	155	195	NA	NA	NA	NA	NA	NA	NA	unphased	NA	NA	1
10	94619	94620	61	22	NA	NA	NA	NA	NA	NA	NA	unphased	NA	NA	1
10	8006746	8006747	56	36	3	2	1	1	NA	NA	NA	unphased	2.39799331103679	1.19899665551839	2
10	13735909	13735910	21	12	3	2	1	1	NA	NA	NA	unphased	2.22843822843823	1.11421911421911	2
10	14996055	14996056	8	6	3	2	1	1	NA	NA	NA	unphased	2.62637362637363	1.31318681318681	2
10	15317909	15317910	48	10	3	2	1	1	NA	NA	NA	unphased	1.05658709106985	1.05658709106985	1
10	15760769	15760770	108	20	3	2	1	1	NA	NA	NA	unphased	0.957532051282051	0.957532051282051	1
10	25883265	25883266	68	31	3	2	1	1	NA	NA	NA	unphased	1.91893291893292	0.959466459466459	2
10	26417318	26417319	51	7	3	2	1	1	NA	NA	NA	unphased	0.739610963748895	0.739610963748895	1
10	26880245	26880246	32	4	3	2	1	1	NA	NA	NA	unphased	0.680911680911681	0.680911680911681	1
10	29812816	29812817	50	9	3	2	1	1	NA	NA	NA	unphased	0.934810951760104	0.934810951760104	1
10	32150431	32150432	26	5	3	2	1	1	NA	NA	NA	unphased	0.988420181968569	0.988420181968569	1
10	33486616	33486617	33	8	3	2	1	1	NA	NA	NA	unphased	1.19574734208881	1.19574734208881	1
10	50121978	50121979	40	4	3	2	1	1	NA	NA	NA	unphased	0.557109557109557	0.557109557109557	1
10	50574415	50574416	28	7	3	2	1	1	NA	NA	NA	unphased	1.22564102564103	1.22564102564103	1
10	50827923	50827924	13	4	3	2	1	1	NA	NA	NA	unphased	1.44193061840121	1.44193061840121	1
10	54053612	54053613	51	23	3	2	1	1	NA	NA	NA	unphased	1.9047124047124	0.952356202356202	2
10	54531324	54531325	15	13	3	2	1	1	NA	NA	NA	unphased	2.84523809523809	1.42261904761905	2
10	55566679	55566680	55	29	3	2	1	1	NA	NA	NA	unphased	2.11568986568987	1.05784493284493	2
10	60573601	60573602	84	34	3	2	1	1	NA	NA	NA	unphased	1.76575401999131	0.882877009995654	2
10	61007307	61007308	49	31	3	2	1	1	NA	NA	NA	unphased	2.37467948717949	1.18733974358974	2
10	64382905	64382906	49	24	3	2	1	1	NA	NA	NA	unphased	2.01475237091675	1.00737618545838	2
10	64382908	64382909	54	23	3	2	1	1	NA	NA	NA	unphased	1.83050283050283	0.915251415251415	2
10	71020920	71020921	42	10	3	2	1	1	NA	NA	NA	unphased	1.17850098619329	1.17850098619329	1
10	74890528	74890529	28	3	3	2	1	1	NA	NA	NA	unphased	0.593052109181141	0.593052109181141	1
10	78868307	78868308	40	22	4	2	2	1	NA	NA	NA	unphased	2.52936311000827	1.26468155500414	2
10	79576326	79576327	98	31	4	2	2	1	NA	NA	NA	unphased	1.71297952693302	0.856489763466508	2
10	79613232	79613233	22	7	4	2	2	1	NA	NA	NA	unphased	1.72060123784262	1.72060123784262	1
10	81930596	81930597	68	24	4	2	2	1	NA	NA	NA	unphased	1.85953177257525	0.929765886287625	2
10	88696876	88696877	25	5	4	2	2	1	NA	NA	NA	unphased	1.18803418803419	1.18803418803419	1
10	90974577	90974578	12	3	4	2	2	1	NA	NA	NA	unphased	1.42564102564103	1.42564102564103	1
10	91222193	91222194	109	37	4	2	2	1	NA	NA	NA	unphased	1.80646294344925	0.903231471724623	2
10	91497934	91497935	26	11	4	2	2	1	NA	NA	NA	unphased	2.11919611919612	1.05959805959806	2
10	92508792	92508793	87	26	4	2	2	1	NA	NA	NA	unphased	1.6401179941003	0.820058997050148	2
10	94837100	94837101	9	3	4	2	2	1	NA	NA	NA	unphased	1.78205128205128	1.78205128205128	1
10	96058413	96058414	153	42	4	2	2	1	NA	NA	NA	unphased	1.5353057199211	0.767652859960552	2
10	97373522	97373523	66	27	4	2	2	1	NA	NA	NA	unphased	2.06947890818859	1.03473945409429	2
10	101089339	101089340	21	6	4	2	2	1	NA	NA	NA	unphased	1.58404558404558	1.58404558404558	1
10	101559008	101559009	117	46	4	2	2	1	NA	NA	NA	unphased	2.01164071102721	1.00582035551361	2
10	102822841	102822842	14	7	4	2	2	1	NA	NA	NA	unphased	2.37606837606838	1.18803418803419	2
10	103534630	103534631	29	17	4	2	2	1	NA	NA	NA	unphased	2.63433667781494	1.31716833890747	2
10	103869186	103869187	42	10	4	2	2	1	NA	NA	NA	unphased	1.37080867850099	1.37080867850099	1
10	103901571	103901572	8	3	4	2	2	1	NA	NA	NA	unphased	1.94405594405594	1.94405594405594	1
10	104019845	104019846	91	36	4	2	2	1	NA	NA	NA	unphased	2.0205935796487	1.01029678982435	2
10	105046871	105046872	33	9	4	2	2	1	NA	NA	NA	unphased	1.52747252747253	1.52747252747253	1
10	105883605	105883606	45	21	4	2	2	1	NA	NA	NA	unphased	2.26806526806527	1.13403263403263	2
10	106937920	106937921	28	14	4	2	2	1	NA	NA	NA	unphased	2.37606837606838	1.18803418803419	2
10	106974318	106974319	33	12	4	2	2	1	NA	NA	NA	unphased	1.9008547008547	0.95042735042735	2
10	111648352	111648353	13	3	4	2	2	1	NA	NA	NA	unphased	1.33653846153846	1.33653846153846	1
10	112258061	112258062	16	3	4	2	2	1	NA	NA	NA	unphased	1.12550607287449	1.12550607287449	1
10	116697999	116698000	33	6	4	2	2	1	NA	NA	NA	unphased	1.09664694280079	1.09664694280079	1
10	116698000	116698001	33	6	4	2	2	1	NA	NA	NA	unphased	1.09664694280079	1.09664694280079	1
10	117061392	117061393	29	17	4	2	2	1	NA	NA	NA	unphased	2.63433667781494	1.31716833890747	2
10	118310738	118310739	23	6	4	2	2	1	NA	NA	NA	unphased	1.47480106100796	1.47480106100796	1
10	118404543	118404544	12	5	4	2	2	1	NA	NA	NA	unphased	2.09653092006033	2.09653092006033	1
10	121674266	121674267	149	83	4	2	2	1	NA	NA	NA	unphased	2.55017683465959	1.2750884173298	2
10	123263307	123263308	30	10	4	2	2	1	NA	NA	NA	unphased	1.78205128205128	0.891025641025641	2
10	129846041	129846042	52	14	4	2	2	1	NA	NA	NA	unphased	1.51204351204351	1.51204351204351	1
10	134230695	134230696	15	9	4	2	2	1	NA	NA	NA	unphased	2.67307692307692	1.33653846153846	2
10	134664625	134664626	65	27	4	2	2	1	NA	NA	NA	unphased	2.09197324414716	1.04598662207358	2
10	135440113	135440114	41	13	NA	NA	NA	NA	NA	NA	NA	unphased	NA	NA	1
11	281084	281085	31	14	NA	NA	NA	NA	NA	NA	NA	unphased	NA	NA	1
11	309044	309045	33	4	NA	NA	NA	NA	NA	NA	NA	unphased	NA	NA	1
11	788605	788606	42	28	3	2	1	1	NA	NA	NA	unphased	2.45128205128205	1.22564102564103	2
11	1316941	1316942	9	6	3	2	1	1	NA	NA	NA	unphased	2.45128205128205	1.22564102564103	2
11	2441586	2441587	35	18	3	2	1	1	NA	NA	NA	unphased	2.08127721335268	1.04063860667634	2
11	3430123	3430124	13	5	3	2	1	1	NA	NA	NA	unphased	1.7022792022792	1.7022792022792	1
11	4470616	4470617	39	18	3	2	1	1	NA	NA	NA	unphased	1.93522267206478	0.967611336032388	2
11	4825365	4825366	47	17	3	2	1	1	NA	NA	NA	unphased	1.62780448717949	0.813902243589744	2
11	4944843	4944844	87	18	3	2	1	1	NA	NA	NA	unphased	1.05054945054945	1.05054945054945	1
11	5012611	5012612	190	96	3	2	1	1	NA	NA	NA	unphased	2.05701990317375	1.02850995158687	2
11	5254092	5254093	7	3	3	2	1	1	NA	NA	NA	unphased	1.83846153846154	1.83846153846154	1
11	5364142	5364143	57	36	3	2	1	1	NA	NA	NA	unphased	2.37220843672457	1.18610421836228	2
11	5443646	5443647	89	19	3	2	1	1	NA	NA	NA	unphased	1.07811016144349	1.07811016144349	1
11	5474793	5474794	44	13	3	2	1	1	NA	NA	NA	unphased	1.39766081871345	1.39766081871345	1
11	5474803	5474804	42	13	3	2	1	1	NA	NA	NA	unphased	1.44848484848485	1.44848484848485	1
11	5776461	5776462	56	32	3	2	1	1	NA	NA	NA	unphased	2.22843822843823	1.11421911421911	2
11	6048548	6048549	41	9	3	2	1	1	NA	NA	NA	unphased	1.10307692307692	1.10307692307692	1
11	6261362	6261363	107	18	3	2	1	1	NA	NA	NA	unphased	0.882461538461538	0.882461538461538	1
11	6262678	6262679	64	11	3	2	1	1	NA	NA	NA	unphased	0.898803418803419	0.898803418803419	1
11	6891000	6891001	170	31	3	2	1	1	NA	NA	NA	unphased	0.945146064549049	0.945146064549049	1
11	6891502	6891503	105	5	3	2	1	1	NA	NA	NA	unphased	0.278554778554779	0.278554778554779	1
11	6898038	6898039	122	31	3	2	1	1	NA	NA	NA	unphased	1.24166247695659	1.24166247695659	1
11	7021486	7021487	50	11	3	2	1	1	NA	NA	NA	unphased	1.10508617065994	1.10508617065994	1
11	10827456	10827457	151	59	3	2	1	1	NA	NA	NA	unphased	1.72173382173382	0.860866910866911	2
11	17553015	17553016	20	15	3	2	1	1	NA	NA	NA	unphased	2.62637362637363	1.31318681318681	2
11	18194993	18194994	46	8	3	2	1	1	NA	NA	NA	unphased	0.907882241215574	0.907882241215574	1
11	18739578	18739579	75	17	3	2	1	1	NA	NA	NA	unphased	1.13238573021182	1.13238573021182	1
11	18754792	18754793	82	36	3	2	1	1	NA	NA	NA	unphased	1.86962190352021	0.934810951760104	2
11	20113750	20113751	49	19	3	2	1	1	NA	NA	NA	unphased	1.71229260935143	0.856146304675716	2
11	26582745	26582746	32	3	3	2	1	1	NA	NA	NA	unphased	0.525274725274725	0.525274725274725	1
11	27016025	27016026	22	7	3	2	1	1	NA	NA	NA	unphased	1.47922192749779	1.47922192749779	1
11	30033751	30033752	64	7	3	2	1	1	NA	NA	NA	unphased	0.604189237992055	0.604189237992055	1
11	31086067	31086068	77	41	3	2	1	1	NA	NA	NA	unphased	2.12929161234246	1.06464580617123	2
11	31128350	31128351	60	6	3	2	1	1	NA	NA	NA	unphased	0.557109557109557	0.557109557109557	1
11	31671689	31671690	41	5	3	2	1	1	NA	NA	NA	unphased	0.666109253065775	0.666109253065775	1
11	33667547	33667548	13	3	3	2	1	1	NA	NA	NA	unphased	1.14903846153846	1.14903846153846	1
11	33777463	33777464	53	4	3	2	1	1	NA	NA	NA	unphased	0.430049482681062	0.430049482681062	1
11	34129825	34129826	103	37	3	2	1	1	NA	NA	NA	unphased	1.61959706959707	0.809798534798535	2
11	35496270	35496271	45	15	3	2	1	1	NA	NA	NA	unphased	1.53205128205128	0.766025641025641	2
11	36594960	36594961	36	11	3	2	1	1	NA	NA	NA	unphased	1.43426077468631	1.43426077468631	1
11	43423013	43423014	26	6	3	2	1	1	NA	NA	NA	unphased	1.14903846153846	1.14903846153846	1
11	47282959	47282960	52	14	3	2	1	1	NA	NA	NA	unphased	1.2999222999223	1.2999222999223	1
11	47312231	47312232	38	7	3	2	1	1	NA	NA	NA	unphased	0.953276353276353	0.953276353276353	1
11	55135424	55135425	35	6	3	2	1	1	NA	NA	NA	unphased	0.896810506566604	0.896810506566604	1
11	55136163	55136164	62	29	3	2	1	1	NA	NA	NA	unphased	1.95294449140603	0.976472245703015	2
11	55321885	55321886	74	8	3	2	1	1	NA	NA	NA	unphased	0.597873671044403	0.597873671044403	1
11	55433502	55433503	36	17	3	2	1	1	NA	NA	NA	unphased	1.96565070149976	0.982825350749879	2
11	55540929	55540930	83	13	3	2	1	1	NA	NA	NA	unphased	0.829861111111111	0.829861111111111	1
11	55653629	55653630	31	4	3	2	1	1	NA	NA	NA	unphased	0.7003663003663	0.7003663003663	1
11	55653630	55653631	31	4	3	2	1	1	NA	NA	NA	unphased	0.7003663003663	0.7003663003663	1
11	55798345	55798346	123	10	3	2	1	1	NA	NA	NA	unphased	0.460767302872566	0.460767302872566	1
11	55798391	55798392	176	16	3	2	1	1	NA	NA	NA	unphased	0.510683760683761	0.510683760683761	1
11	55798566	55798567	79	42	3	2	1	1	NA	NA	NA	unphased	2.12714558169104	1.06357279084552	2
11	56020057	56020058	97	13	3	2	1	1	NA	NA	NA	unphased	0.724242424242424	0.724242424242424	1
11	56127744	56127745	28	12	3	2	1	1	NA	NA	NA	unphased	1.83846153846154	0.919230769230769	2
11	56237278	56237279	34	7	3	2	1	1	NA	NA	NA	unphased	1.0462789243277	1.0462789243277	1
11	57114086	57114087	37	11	3	2	1	1	NA	NA	NA	unphased	1.40438034188034	1.40438034188034	1
11	58034485	58034486	69	33	3	2	1	1	NA	NA	NA	unphased	1.98265460030166	0.991327300150829	2
11	58190536	58190537	48	31	3	2	1	1	NA	NA	NA	unphased	2.40473872119442	1.20236936059721	2
11	59811110	59811111	50	6	3	2	1	1	NA	NA	NA	unphased	0.656593406593406	0.656593406593406	1
11	59828658	59828659	33	21	3	2	1	1	NA	NA	NA	unphased	2.38319088319088	1.19159544159544	2
11	60886853	60886854	52	5	3	2	1	1	NA	NA	NA	unphased	0.537561853351327	0.537561853351327	1
11	61026291	61026292	41	19	3	2	1	1	NA	NA	NA	unphased	1.94059829059829	0.970299145299145	2
11	61026292	61026293	41	19	3	2	1	1	NA	NA	NA	unphased	1.94059829059829	0.970299145299145	2
11	61026360	61026361	11	3	3	2	1	1	NA	NA	NA	unphased	1.31318681318681	1.31318681318681	1
11	61725786	61725787	19	4	3	2	1	1	NA	NA	NA	unphased	1.06577480490524	1.06577480490524	1
11	63988069	63988070	6	6	3	2	1	1	NA	NA	NA	unphased	3.06410256410256	1.53205128205128	2
11	66191338	66191339	52	26	3	2	1	1	NA	NA	NA	unphased	2.04273504273504	1.02136752136752	2
11	66358318	66358319	94	13	3	2	1	1	NA	NA	NA	unphased	0.744548286604361	0.744548286604361	1
11	68777349	68777350	44	15	3	2	1	1	NA	NA	NA	unphased	1.55801825293351	0.779009126466753	2
11	72290345	72290346	94	18	3	2	1	1	NA	NA	NA	unphased	0.98489010989011	0.98489010989011	1
11	73759292	73759293	16	9	3	2	1	1	NA	NA	NA	unphased	2.20615384615385	1.10307692307692	2
11	76248852	76248853	32	7	3	2	1	1	NA	NA	NA	unphased	1.09993425378041	1.09993425378041	1
11	76915167	76915168	9	3	3	2	1	1	NA	NA	NA	unphased	1.53205128205128	1.53205128205128	1
11	76922952	76922953	26	7	3	2	1	1	NA	NA	NA	unphased	1.2999222999223	1.2999222999223	1
11	77690142	77690143	51	17	3	2	1	1	NA	NA	NA	unphased	1.53205128205128	0.766025641025641	2
11	82644524	82644525	67	12	3	2	1	1	NA	NA	NA	unphased	0.930866601752678	0.930866601752678	1
11	82644894	82644895	23	3	3	2	1	1	NA	NA	NA	unphased	0.707100591715976	0.707100591715976	1
11	82698583	82698584	26	18	3	2	1	1	NA	NA	NA	unphased	2.50699300699301	1.2534965034965	2
11	85375701	85375702	41	11	3	2	1	1	NA	NA	NA	unphased	1.29635108481262	1.29635108481262	1
11	85396235	85396236	36	21	3	2	1	1	NA	NA	NA	unphased	2.25775978407557	1.12887989203779	2
11	88330450	88330451	20	9	3	2	1	1	NA	NA	NA	unphased	1.90185676392573	0.950928381962865	2
11	89177377	89177378	67	11	3	2	1	1	NA	NA	NA	unphased	0.864234056541749	0.864234056541749	1
11	92533857	92533858	22	5	3	2	1	1	NA	NA	NA	unphased	1.13485280151947	1.13485280151947	1
11	92590414	92590415	34	21	3	2	1	1	NA	NA	NA	unphased	2.33986013986014	1.16993006993007	2
11	92715502	92715503	9	3	3	2	1	1	NA	NA	NA	unphased	1.53205128205128	1.53205128205128	1
11	95555059	95555060	15	10	3	2	1	1	NA	NA	NA	unphased	2.45128205128205	1.22564102564103	2
11	102562574	102562575	26	15	3	2	1	1	NA	NA	NA	unphased	2.24202626641651	1.12101313320825	2
11	102575397	102575398	27	4	3	2	1	1	NA	NA	NA	unphased	0.790736145574855	0.790736145574855	1
11	102709891	102709892	54	16	3	2	1	1	NA	NA	NA	unphased	1.4007326007326	1.4007326007326	1
11	102712963	102712964	32	14	3	2	1	1	NA	NA	NA	unphased	1.86510590858417	0.932552954292085	2
11	105850453	105850454	16	5	3	2	1	1	NA	NA	NA	unphased	1.45909645909646	1.45909645909646	1
11	108382213	108382214	17	15	3	2	1	1	NA	NA	NA	unphased	2.87259615384615	1.43629807692308	2
11	113111554	113111555	146	24	3	2	1	1	NA	NA	NA	unphased	0.865158371040724	0.865158371040724	1
11	113644333	113644334	68	11	3	2	1	1	NA	NA	NA	unphased	0.853294384939954	0.853294384939954	1
11	114401459	114401460	117	60	3	2	1	1	NA	NA	NA	unphased	2.07735767057801	1.038678835289	2
11	116628651	116628652	28	17	3	2	1	1	NA	NA	NA	unphased	2.31509971509971	1.15754985754986	2
11	117389214	117389215	99	18	3	2	1	1	NA	NA	NA	unphased	0.942800788954635	0.942800788954635	1
11	118083144	118083145	73	26	3	2	1	1	NA	NA	NA	unphased	1.60942760942761	0.804713804713805	2
11	120008147	120008148	17	10	3	2	1	1	NA	NA	NA	unphased	2.26970560303894	1.13485280151947	2
11	120097703	120097704	12	10	3	2	1	1	NA	NA	NA	unphased	2.78554778554778	1.39277389277389	2
11	120827646	120827647	16	5	3	2	1	1	NA	NA	NA	unphased	1.45909645909646	1.45909645909646	1
11	120852871	120852872	79	34	3	2	1	1	NA	NA	NA	unphased	1.84388472884048	0.92194236442024	2
11	123508910	123508911	21	6	3	2	1	1	NA	NA	NA	unphased	1.36182336182336	1.36182336182336	1
11	123900509	123900510	126	19	3	2	1	1	NA	NA	NA	unphased	0.803006189213086	0.803006189213086	1
11	124847486	124847487	10	5	3	2	1	1	NA	NA	NA	unphased	2.04273504273504	2.04273504273504	1
11	129754772	129754773	13	9	3	2	1	1	NA	NA	NA	unphased	2.50699300699301	1.2534965034965	2
11	133714490	133714491	59	5	3	2	1	1	NA	NA	NA	unphased	0.478766025641026	0.478766025641026	1
11	133790144	133790145	44	12	3	2	1	1	NA	NA	NA	unphased	1.31318681318681	1.31318681318681	1
12	2800281	2800282	11	17	4	3	1	1	NA	NA	NA	unphased	4.32783882783883	1.44261294261294	3
12	4385190	4385191	80	10	4	3	1	1	NA	NA	NA	unphased	0.792022792022792	0.792022792022792	1
12	4598989	4598990	79	58	4	3	1	1	NA	NA	NA	unphased	3.01778027325473	1.00592675775158	3
12	5604065	5604066	45	9	4	3	1	1	NA	NA	NA	unphased	1.18803418803419	1.18803418803419	1
12	6344464	6344465	46	33	4	3	1	1	NA	NA	NA	unphased	2.97760467380721	0.992534891269069	3
12	6925296	6925297	97	16	4	3	1	1	NA	NA	NA	unphased	1.0093033809848	1.0093033809848	1
12	7972167	7972168	19	17	4	3	1	1	NA	NA	NA	unphased	3.36609686609687	1.12203228869896	3
12	8075438	8075439	46	31	4	3	1	1	NA	NA	NA	unphased	2.86979686979687	0.956598956598957	3
12	9312561	9312562	93	51	4	3	1	1	NA	NA	NA	unphased	2.52457264957265	0.841524216524217	3
12	10271055	10271056	66	15	4	3	1	1	NA	NA	NA	unphased	1.32003798670465	1.32003798670465	1
12	10319352	10319353	68	32	4	3	1	1	NA	NA	NA	unphased	2.28102564102564	1.14051282051282	2
12	10955156	10955157	154	13	4	3	1	1	NA	NA	NA	unphased	0.554890219560878	0.554890219560878	1
12	11546698	11546699	615	94	4	3	1	1	NA	NA	NA	unphased	0.945065277928466	0.945065277928466	1
12	13061882	13061883	49	33	4	3	1	1	NA	NA	NA	unphased	2.86866791744841	0.956222639149468	3
12	18446838	18446839	8	7	4	3	1	1	NA	NA	NA	unphased	3.32649572649573	1.10883190883191	3
12	20868120	20868121	103	55	4	3	1	1	NA	NA	NA	unphased	2.48133722817267	0.82711240939089	3
12	21355453	21355454	25	6	4	3	1	1	NA	NA	NA	unphased	1.37965260545906	1.37965260545906	1
12	21355454	21355455	25	8	4	3	1	1	NA	NA	NA	unphased	1.72804972804973	1.72804972804973	1
12	25398284	25398285	22	10	2.48	3	2	0.16	1	1	0.84	unphased	1.7525641025641	0.811372269705603	2.16
12	32369270	32369271	35	28	4	3	1	1	NA	NA	NA	unphased	3.16809116809117	1.05603038936372	3
12	40076932	40076933	27	16	2	2	0	1	NA	NA	NA	unphased	1.90816935002982	0.954084675014908	2
12	43771273	43771274	11	4	2	2	0	1	NA	NA	NA	unphased	1.36752136752137	1.36752136752137	1
12	43925970	43925971	40	20	2	2	0	1	NA	NA	NA	unphased	1.70940170940171	0.854700854700855	2
12	45751132	45751133	64	22	3	2	1	1	NA	NA	NA	unphased	1.56768038163387	0.783840190816935	2
12	48381439	48381440	11	8	3	2	1	1	NA	NA	NA	unphased	2.58029689608637	1.29014844804318	2
12	49088074	49088075	54	15	4	2	2	1	NA	NA	NA	unphased	1.54960981047938	0.774804905239688	2
12	49438016	49438017	19	9	4	2	2	1	NA	NA	NA	unphased	2.29120879120879	1.1456043956044	2
12	49742870	49742871	54	26	3	2	1	1	NA	NA	NA	unphased	1.99166666666667	0.995833333333333	2
12	49951518	49951519	24	6	3	2	1	1	NA	NA	NA	unphased	1.22564102564103	1.22564102564103	1
12	51492609	51492610	37	7	3	2	1	1	NA	NA	NA	unphased	0.974941724941725	0.974941724941725	1
12	51590706	51590707	16	6	3	2	1	1	NA	NA	NA	unphased	1.67132867132867	1.67132867132867	1
12	52912778	52912779	142	23	3	2	1	1	NA	NA	NA	unphased	0.854234654234654	0.854234654234654	1
12	53225305	53225306	68	7	3	2	1	1	NA	NA	NA	unphased	0.571965811965812	0.571965811965812	1
12	53911045	53911046	52	10	3	2	1	1	NA	NA	NA	unphased	0.988420181968569	0.988420181968569	1
12	54369070	54369071	67	7	3	2	1	1	NA	NA	NA	unphased	0.57969507969508	0.57969507969508	1
12	54894399	54894400	89	18	3	2	1	1	NA	NA	NA	unphased	1.03091301222142	1.03091301222142	1
12	54968997	54968998	61	20	3	2	1	1	NA	NA	NA	unphased	1.51313706869262	0.756568534346312	2
12	56075847	56075848	18	14	3	2	1	1	NA	NA	NA	unphased	2.68108974358974	1.34054487179487	2
12	56642587	56642588	22	13	6	4	2	1	NA	NA	NA	unphased	3.39047619047619	1.13015873015873	3
12	56737840	56737841	4	7	6	4	2	1	NA	NA	NA	unphased	5.80885780885781	1.45221445221445	4
12	56815549	56815550	129	26	3	2	1	1	NA	NA	NA	unphased	1.02795698924731	1.02795698924731	1
12	57435269	57435270	66	9	3	2	1	1	NA	NA	NA	unphased	0.735384615384615	0.735384615384615	1
12	57971846	57971847	63	23	3	2	1	1	NA	NA	NA	unphased	1.63893858079905	0.819469290399523	2
12	62715333	62715334	30	10	3	2	1	1	NA	NA	NA	unphased	1.53205128205128	1.53205128205128	1
12	66703860	66703861	127	29	3	2	1	1	NA	NA	NA	unphased	1.13921761998685	1.13921761998685	1
12	66786518	66786519	78	13	3	2	1	1	NA	NA	NA	unphased	0.875457875457875	0.875457875457875	1
12	68549097	68549098	6	4	3	2	1	1	NA	NA	NA	unphased	2.45128205128205	2.45128205128205	1
12	69090596	69090597	12	11	3	2	1	1	NA	NA	NA	unphased	2.93088071348941	1.4654403567447	2
12	71003084	71003085	36	13	3	2	1	1	NA	NA	NA	unphased	1.62585034013605	0.812925170068027	2
12	72094748	72094749	138	66	4	2	2	1	NA	NA	NA	unphased	2.30618401206637	1.15309200603318	2
12	76444423	76444424	13	13	3	2	1	1	NA	NA	NA	unphased	3.06410256410256	1.53205128205128	2
12	78400473	78400474	41	6	3	2	1	1	NA	NA	NA	unphased	0.782324058919803	0.782324058919803	1
12	78401053	78401054	38	11	3	2	1	1	NA	NA	NA	unphased	1.37571951857666	1.37571951857666	1
12	80214887	80214888	89	24	4	2	2	1	NA	NA	NA	unphased	1.5139550714772	0.756977535738598	2
12	81111176	81111177	36	19	3	2	1	1	NA	NA	NA	unphased	2.11701631701632	1.05850815850816	2
12	81472084	81472085	22	10	3	2	1	1	NA	NA	NA	unphased	1.9150641025641	0.957532051282051	2
12	95535257	95535258	40	9	3	2	1	1	NA	NA	NA	unphased	1.12558869701727	1.12558869701727	1
12	100926247	100926248	43	7	3	2	1	1	NA	NA	NA	unphased	0.857948717948718	0.857948717948718	1
12	100926299	100926300	75	10	3	2	1	1	NA	NA	NA	unphased	0.720965309200603	0.720965309200603	1
12	108604033	108604034	9	5	3	2	1	1	NA	NA	NA	unphased	2.18864468864469	2.18864468864469	1
12	109547802	109547803	17	7	3	2	1	1	NA	NA	NA	unphased	1.78739316239316	1.78739316239316	1
12	109847358	109847359	57	22	3	2	1	1	NA	NA	NA	unphased	1.70658876987991	0.853294384939954	2
12	111748218	111748219	27	5	3	2	1	1	NA	NA	NA	unphased	0.957532051282051	0.957532051282051	1
12	113448194	113448195	190	90	3	2	1	1	NA	NA	NA	unphased	1.96978021978022	0.98489010989011	2
12	123794253	123794254	43	13	3	2	1	1	NA	NA	NA	unphased	1.42261904761905	1.42261904761905	1
12	124172602	124172603	71	15	3	2	1	1	NA	NA	NA	unphased	1.06887298747764	1.06887298747764	1
12	124403314	124403315	19	10	3	2	1	1	NA	NA	NA	unphased	2.1131741821397	1.05658709106985	2
12	130648478	130648479	34	8	1.12	2	2	0.04	0	1	0.96	unphased	0.809181929181929	0.809181929181929	1
12	131593297	131593298	175	74	3	2	1	1	NA	NA	NA	unphased	1.82123365255895	0.910616826279477	2
12	132262652	132262653	33	5	3	2	1	1	NA	NA	NA	unphased	0.80634278002699	0.80634278002699	1
12	133212491	133212492	33	17	NA	NA	NA	NA	NA	NA	NA	unphased	NA	NA	1
12	133225972	133225973	27	10	NA	NA	NA	NA	NA	NA	NA	unphased	NA	NA	1
12	133306432	133306433	30	8	NA	NA	NA	NA	NA	NA	NA	unphased	NA	NA	1
13	23913626	23913627	58	18	4	2	2	1	NA	NA	NA	unphased	1.68825910931174	0.84412955465587	2
13	23914775	23914776	98	29	4	2	2	1	NA	NA	NA	unphased	1.6277003836059	0.813850191802948	2
13	25406055	25406056	28	14	4	2	2	1	NA	NA	NA	unphased	2.37606837606838	1.18803418803419	2
13	25419097	25419098	36	11	4	2	2	1	NA	NA	NA	unphased	1.6683033278778	1.6683033278778	1
13	25453426	25453427	20	9	4	2	2	1	NA	NA	NA	unphased	2.21220159151194	1.10610079575597	2
13	26957007	26957008	42	17	4	2	2	1	NA	NA	NA	unphased	2.05388961321165	1.02694480660582	2
13	29608057	29608058	14	4	4	2	2	1	NA	NA	NA	unphased	1.58404558404558	1.58404558404558	1
13	32972856	32972857	36	12	4	2	2	1	NA	NA	NA	unphased	1.78205128205128	0.891025641025641	2
13	38211603	38211604	53	10	4	2	2	1	NA	NA	NA	unphased	1.13146113146113	1.13146113146113	1
13	40175065	40175066	80	29	4	2	2	1	NA	NA	NA	unphased	1.8964949423665	0.948247471183251	2
13	41134032	41134033	104	38	4	2	2	1	NA	NA	NA	unphased	1.90754785120982	0.953773925604911	2
13	46946336	46946337	60	18	4	2	2	1	NA	NA	NA	unphased	1.64497041420118	0.822485207100592	2
13	47408939	47408940	10	4	4	2	2	1	NA	NA	NA	unphased	2.03663003663004	2.03663003663004	1
13	49712911	49712912	24	13	4	2	2	1	NA	NA	NA	unphased	2.5045045045045	1.25225225225225	2
13	58207403	58207404	46	19	4	2	2	1	NA	NA	NA	unphased	2.0836291913215	1.04181459566075	2
13	58209019	58209020	32	12	4	2	2	1	NA	NA	NA	unphased	1.94405594405594	0.972027972027972	2
13	60240872	60240873	68	32	4	2	2	1	NA	NA	NA	unphased	2.28102564102564	1.14051282051282	2
13	61985469	61985470	40	5	4	2	2	1	NA	NA	NA	unphased	0.792022792022792	0.792022792022792	1
13	70535442	70535443	48	26	4	2	2	1	NA	NA	NA	unphased	2.5045045045045	1.25225225225225	2
13	77817200	77817201	65	19	4	2	2	1	NA	NA	NA	unphased	1.61233211233211	0.806166056166056	2
13	78335214	78335215	38	5	4	2	2	1	NA	NA	NA	unphased	0.828861061419201	0.828861061419201	1
13	84454629	84454630	74	18	4	2	2	1	NA	NA	NA	unphased	1.39464882943144	1.39464882943144	1
13	92345606	92345607	127	25	4	2	2	1	NA	NA	NA	unphased	1.17240215924426	1.17240215924426	1
13	96293772	96293773	72	16	4	2	2	1	NA	NA	NA	unphased	1.2960372960373	1.2960372960373	1
13	97485368	97485369	27	13	4	2	2	1	NA	NA	NA	unphased	2.31666666666667	1.15833333333333	2
13	97640045	97640046	24	9	4	2	2	1	NA	NA	NA	unphased	1.94405594405594	0.972027972027972	2
13	98043774	98043775	39	19	4	2	2	1	NA	NA	NA	unphased	2.33510167992927	1.16755083996463	2
13	99092922	99092923	44	6	4	2	2	1	NA	NA	NA	unphased	0.855384615384615	0.855384615384615	1
13	102235681	102235682	148	38	4	2	2	1	NA	NA	NA	unphased	1.456299972429	0.728149986214502	2
13	102366808	102366809	124	38	4	2	2	1	NA	NA	NA	unphased	1.67204811649256	0.83602405824628	2
13	110814613	110814614	230	78	4	2	2	1	NA	NA	NA	unphased	1.80519480519481	0.902597402597403	2
13	111111201	111111202	22	12	4	2	2	1	NA	NA	NA	unphased	2.5158371040724	1.2579185520362	2
13	113741726	113741727	9	8	4	2	2	1	NA	NA	NA	unphased	3.35444947209653	1.67722473604827	2
14	20249336	20249337	90	7	NA	NA	NA	NA	NA	NA	NA	unphased	NA	NA	1
14	20295890	20295891	284	28	NA	NA	NA	NA	NA	NA	NA	unphased	NA	NA	1
14	20444344	20444345	117	39	NA	NA	NA	NA	NA	NA	NA	unphased	NA	NA	1
14	20612058	20612059	212	60	4	2	2	1	NA	NA	NA	unphased	1.57239819004525	0.786199095022625	2
14	20849738	20849739	124	41	4	2	2	1	NA	NA	NA	unphased	1.77125097125097	0.885625485625486	2
14	20872850	20872851	56	28	4	2	2	1	NA	NA	NA	unphased	2.37606837606838	1.18803418803419	2
14	21058503	21058504	54	22	4	2	2	1	NA	NA	NA	unphased	2.06342780026991	1.03171390013495	2
14	21779996	21779997	14	5	4	2	2	1	NA	NA	NA	unphased	1.87584345479082	1.87584345479082	1
14	21852071	21852072	53	23	4	2	2	1	NA	NA	NA	unphased	2.15721997300945	1.07860998650472	2
14	21960675	21960676	138	46	4	2	2	1	NA	NA	NA	unphased	1.78205128205128	0.891025641025641	2
14	22636676	22636677	25	11	4	2	2	1	NA	NA	NA	unphased	2.17806267806268	1.08903133903134	2
14	22690134	22690135	26	6	4	2	2	1	NA	NA	NA	unphased	1.33653846153846	1.33653846153846	1
14	23538784	23538785	36	14	4	2	2	1	NA	NA	NA	unphased	1.99589743589744	0.997948717948718	2
14	23547447	23547448	89	41	4	2	2	1	NA	NA	NA	unphased	2.24812623274162	1.12406311637081	2
14	23562725	23562726	57	20	4	2	2	1	NA	NA	NA	unphased	1.85148185148185	0.925740925740926	2
14	23794440	23794441	93	29	4	2	2	1	NA	NA	NA	unphased	1.69440941572089	0.847204707860446	2
14	23894031	23894032	29	15	4	2	2	1	NA	NA	NA	unphased	2.43006993006993	1.21503496503496	2
14	24535819	24535820	56	12	4	2	2	1	NA	NA	NA	unphased	1.2579185520362	1.2579185520362	1
14	24619986	24619987	64	19	4	2	2	1	NA	NA	NA	unphased	1.6317578004325	0.81587890021625	2
14	24798650	24798651	37	17	4	2	2	1	NA	NA	NA	unphased	2.24406457739791	1.12203228869896	2
14	25042961	25042962	96	32	4	2	2	1	NA	NA	NA	unphased	1.78205128205128	0.891025641025641	2
14	30105688	30105689	48	20	4	2	2	1	NA	NA	NA	unphased	2.09653092006033	1.04826546003017	2
14	31066644	31066645	128	38	4	2	2	1	NA	NA	NA	unphased	1.6317578004325	0.81587890021625	2
14	31813205	31813206	30	9	4	2	2	1	NA	NA	NA	unphased	1.64497041420118	1.64497041420118	1
14	35780013	35780014	38	28	4	2	2	1	NA	NA	NA	unphased	3.02408702408702	1.51204351204351	2
14	39762579	39762580	20	10	4	2	2	1	NA	NA	NA	unphased	2.37606837606838	1.18803418803419	2
14	39900942	39900943	36	22	4	2	2	1	NA	NA	NA	unphased	2.70380194518126	1.35190097259063	2
14	50301083	50301084	35	15	4	2	2	1	NA	NA	NA	unphased	2.13846153846154	1.06923076923077	2
14	52495532	52495533	44	10	4	2	2	1	NA	NA	NA	unphased	1.32003798670465	1.32003798670465	1
14	52734662	52734663	14	6	4	2	2	1	NA	NA	NA	unphased	2.13846153846154	1.06923076923077	2
14	55903621	55903622	56	17	4	2	2	1	NA	NA	NA	unphased	1.65999297506147	0.829996487530734	2
14	59112633	59112634	40	12	4	2	2	1	NA	NA	NA	unphased	1.64497041420118	0.822485207100592	2
14	60611704	60611705	69	5	4	2	2	1	NA	NA	NA	unphased	0.481635481635482	0.481635481635482	1
14	63174516	63174517	75	27	4	2	2	1	NA	NA	NA	unphased	1.8868778280543	0.943438914027149	2
14	64520072	64520073	18	5	4	2	2	1	NA	NA	NA	unphased	1.54960981047938	1.54960981047938	1
14	65252653	65252654	69	32	4	2	2	1	NA	NA	NA	unphased	2.25844122873826	1.12922061436913	2
14	68234552	68234553	78	26	4	2	2	1	NA	NA	NA	unphased	1.78205128205128	0.891025641025641	2
14	70713355	70713356	241	27	4	2	2	1	NA	NA	NA	unphased	0.718140068886338	0.718140068886338	1
14	70925237	70925238	45	18	4	2	2	1	NA	NA	NA	unphased	2.03663003663004	1.01831501831502	2
14	73718735	73718736	33	16	4	2	2	1	NA	NA	NA	unphased	2.32757718472004	1.16378859236002	2
14	74061797	74061798	55	22	4	2	2	1	NA	NA	NA	unphased	2.03663003663004	1.01831501831502	2
14	74763131	74763132	61	21	4	2	2	1	NA	NA	NA	unphased	1.82551594746717	0.912757973733584	2
14	74995240	74995241	62	9	4	2	2	1	NA	NA	NA	unphased	0.903575297941495	0.903575297941495	1
14	75283737	75283738	11	7	4	2	2	1	NA	NA	NA	unphased	2.77207977207977	1.38603988603989	2
14	75748077	75748078	43	14	4	2	2	1	NA	NA	NA	unphased	1.75078722447144	0.875393612235718	2
14	77710723	77710724	148	73	4	2	2	1	NA	NA	NA	unphased	2.35456549483699	1.17728274741849	2
14	81609992	81609993	20	7	4	2	2	1	NA	NA	NA	unphased	1.84805318138651	1.84805318138651	1
14	81743599	81743600	111	36	4	2	2	1	NA	NA	NA	unphased	1.74568288854003	0.872841444270016	2
14	81864699	81864700	31	11	4	2	2	1	NA	NA	NA	unphased	1.86691086691087	0.933455433455434	2
14	90489399	90489400	16	4	4	2	2	1	NA	NA	NA	unphased	1.42564102564103	1.42564102564103	1
14	90870245	90870246	29	6	4	2	2	1	NA	NA	NA	unphased	1.22197802197802	1.22197802197802	1
14	93962773	93962774	70	7	4	2	2	1	NA	NA	NA	unphased	0.648018648018648	0.648018648018648	1
14	99641032	99641033	24	6	4	2	2	1	NA	NA	NA	unphased	1.42564102564103	1.42564102564103	1
14	99641357	99641358	62	12	4	2	2	1	NA	NA	NA	unphased	1.15592515592516	1.15592515592516	1
14	101404569	101404570	127	52	4	2	2	1	NA	NA	NA	unphased	2.0707635009311	1.03538175046555	2
14	101507762	101507763	64	34	4	2	2	1	NA	NA	NA	unphased	2.47305075876504	1.23652537938252	2
14	101526924	101526925	12	5	4	2	2	1	NA	NA	NA	unphased	2.09653092006033	2.09653092006033	1
14	102548770	102548771	7	7	4	2	2	1	NA	NA	NA	unphased	3.56410256410256	1.78205128205128	2
14	106331435	106331436	12	4	NA	NA	NA	NA	NA	NA	NA	unphased	NA	NA	1
14	106552329	106552330	247	75	NA	NA	NA	NA	NA	NA	NA	unphased	NA	NA	1
14	106877813	106877814	37	17	NA	NA	NA	NA	NA	NA	NA	unphased	NA	NA	1
14	107012964	107012965	144	51	NA	NA	NA	NA	NA	NA	NA	unphased	NA	NA	1
14	107169996	107169997	213	88	NA	NA	NA	NA	NA	NA	NA	unphased	NA	NA	1
15	20193370	20193371	105	38	NA	NA	NA	NA	NA	NA	NA	unphased	NA	NA	1
15	22933575	22933576	19	10	NA	NA	NA	NA	NA	NA	NA	unphased	NA	NA	1
15	24921405	24921406	68	4	3	2	1	1	NA	NA	NA	unphased	0.34045584045584	0.34045584045584	1
15	24923499	24923500	81	15	3	2	1	1	NA	NA	NA	unphased	0.957532051282051	0.957532051282051	1
15	25432759	25432760	195	91	3	2	1	1	NA	NA	NA	unphased	1.94988344988345	0.974941724941725	2
15	26825484	26825485	74	15	3	2	1	1	NA	NA	NA	unphased	1.03284356093345	1.03284356093345	1
15	27185198	27185199	17	6	3	2	1	1	NA	NA	NA	unphased	1.59866220735786	1.59866220735786	1
15	27222261	27222262	88	14	3	2	1	1	NA	NA	NA	unphased	0.84112619406737	0.84112619406737	1
15	27772702	27772703	7	4	3	2	1	1	NA	NA	NA	unphased	2.22843822843823	2.22843822843823	1
15	28358795	28358796	24	14	3	2	1	1	NA	NA	NA	unphased	2.25775978407557	1.12887989203779	2
15	28632776	28632777	44	7	3	2	1	1	NA	NA	NA	unphased	0.84112619406737	0.84112619406737	1
15	31294740	31294741	54	20	3	2	1	1	NA	NA	NA	unphased	1.65627165627166	0.828135828135828	2
15	33023328	33023329	49	23	3	2	1	1	NA	NA	NA	unphased	1.95762108262108	0.978810541310541	2
15	33951979	33951980	31	8	3	2	1	1	NA	NA	NA	unphased	1.25706771860618	1.25706771860618	1
15	34110876	34110877	15	10	3	2	1	1	NA	NA	NA	unphased	2.45128205128205	1.22564102564103	2
15	34646723	34646724	35	21	3	2	1	1	NA	NA	NA	unphased	2.29807692307692	1.14903846153846	2
15	34647218	34647219	42	26	3	2	1	1	NA	NA	NA	unphased	2.34313725490196	1.17156862745098	2
15	35044700	35044701	20	4	3	2	1	1	NA	NA	NA	unphased	1.02136752136752	1.02136752136752	1
15	38243441	38243442	42	6	3	2	1	1	NA	NA	NA	unphased	0.766025641025641	0.766025641025641	1
15	39882764	39882765	48	24	3	2	1	1	NA	NA	NA	unphased	2.04273504273504	1.02136752136752	2
15	39882765	39882766	48	24	3	2	1	1	NA	NA	NA	unphased	2.04273504273504	1.02136752136752	2
15	40750888	40750889	41	8	3	2	1	1	NA	NA	NA	unphased	1.00052328623757	1.00052328623757	1
15	41387984	41387985	51	10	3	2	1	1	NA	NA	NA	unphased	1.00462379150904	1.00462379150904	1
15	42000360	42000361	6	3	3	2	1	1	NA	NA	NA	unphased	2.04273504273504	2.04273504273504	1
15	42436756	42436757	42	7	3	2	1	1	NA	NA	NA	unphased	0.875457875457875	0.875457875457875	1
15	48718035	48718036	73	9	3	2	1	1	NA	NA	NA	unphased	0.672607879924953	0.672607879924953	1
15	49284861	49284862	63	10	3	2	1	1	NA	NA	NA	unphased	0.839480154548648	0.839480154548648	1
15	49531416	49531417	31	13	3	2	1	1	NA	NA	NA	unphased	1.81060606060606	0.90530303030303	2
15	51855591	51855592	22	6	3	2	1	1	NA	NA	NA	unphased	1.31318681318681	1.31318681318681	1
15	53908066	53908067	116	23	3	2	1	1	NA	NA	NA	unphased	1.0140195535879	1.0140195535879	1
15	65494367	65494368	45	6	3	2	1	1	NA	NA	NA	unphased	0.720965309200603	0.720965309200603	1
15	65676738	65676739	79	22	3	2	1	1	NA	NA	NA	unphased	1.33485656257933	1.33485656257933	1
15	67073687	67073688	15	4	3	2	1	1	NA	NA	NA	unphased	1.29014844804318	1.29014844804318	1
15	73545746	73545747	22	9	3	2	1	1	NA	NA	NA	unphased	1.77915632754342	0.889578163771712	2
15	75114168	75114169	68	11	3	2	1	1	NA	NA	NA	unphased	0.853294384939954	0.853294384939954	1
15	75499771	75499772	35	17	3	2	1	1	NA	NA	NA	unphased	2.0034516765286	1.0017258382643	2
15	75981129	75981130	20	7	3	2	1	1	NA	NA	NA	unphased	1.58879392212726	1.58879392212726	1
15	78487042	78487043	64	16	3	2	1	1	NA	NA	NA	unphased	1.22564102564103	1.22564102564103	1
15	78882900	78882901	26	15	3	2	1	1	NA	NA	NA	unphased	2.24202626641651	1.12101313320825	2
15	81592568	81592569	24	4	3	2	1	1	NA	NA	NA	unphased	0.875457875457875	0.875457875457875	1
15	84561558	84561559	22	9	3	2	1	1	NA	NA	NA	unphased	1.77915632754342	0.889578163771712	2
15	90335754	90335755	58	5	3	2	1	1	NA	NA	NA	unphased	0.486365486365486	0.486365486365486	1
15	91769717	91769718	18	7	3	2	1	1	NA	NA	NA	unphased	1.71589743589744	1.71589743589744	1
15	91769718	91769719	18	7	3	2	1	1	NA	NA	NA	unphased	1.71589743589744	1.71589743589744	1
15	100514587	100514588	37	10	3	2	1	1	NA	NA	NA	unphased	1.30387343153301	1.30387343153301	1
16	1306590	1306591	64	26	4	2	2	1	NA	NA	NA	unphased	2.05925925925926	1.02962962962963	2
16	1872978	1872979	113	39	4	2	2	1	NA	NA	NA	unphased	1.82894736842105	0.914473684210526	2
16	1995918	1995919	70	21	4	2	2	1	NA	NA	NA	unphased	1.64497041420118	0.822485207100592	2
16	2115636	2115637	60	21	4	2	2	1	NA	NA	NA	unphased	1.84805318138651	0.924026590693257	2
16	3299629	3299630	11	3	4	2	2	1	NA	NA	NA	unphased	1.52747252747253	1.52747252747253	1
16	3544668	3544669	13	7	4	2	2	1	NA	NA	NA	unphased	2.49487179487179	1.2474358974359	2
16	4924687	4924688	40	17	4	2	2	1	NA	NA	NA	unphased	2.1259559154296	1.0629779577148	2
16	15677093	15677094	73	23	4	2	2	1	NA	NA	NA	unphased	1.70779914529915	0.853899572649573	2
16	15851830	15851831	85	31	4	2	2	1	NA	NA	NA	unphased	1.90495137046861	0.952475685234306	2
16	19485484	19485485	160	63	4	2	2	1	NA	NA	NA	unphased	2.01379786133149	1.00689893066575	2
16	20335337	20335338	63	25	4	2	2	1	NA	NA	NA	unphased	2.02505827505828	1.01252913752914	2
16	20373838	20373839	41	17	4	2	2	1	NA	NA	NA	unphased	2.08930150309461	1.0446507515473	2
16	20448426	20448427	75	20	4	2	2	1	NA	NA	NA	unphased	1.50067476383266	0.750337381916329	2
16	20476922	20476923	59	12	4	2	2	1	NA	NA	NA	unphased	1.20476706392199	1.20476706392199	1
16	20477016	20477017	43	11	4	2	2	1	NA	NA	NA	unphased	1.45204178537512	1.45204178537512	1
16	25143814	25143815	27	7	4	2	2	1	NA	NA	NA	unphased	1.46757164404223	1.46757164404223	1
16	27455867	27455868	24	13	4	2	2	1	NA	NA	NA	unphased	2.5045045045045	1.25225225225225	2
16	27840136	27840137	46	30	4	2	2	1	NA	NA	NA	unphased	2.81376518218624	1.40688259109312	2
16	28734787	28734788	252	69	4	2	2	1	NA	NA	NA	unphased	1.53223100886652	0.766115504433261	2
16	30505628	30505629	30	13	4	2	2	1	NA	NA	NA	unphased	2.15503875968992	1.07751937984496	2
16	30982945	30982946	69	15	4	2	2	1	NA	NA	NA	unphased	1.27289377289377	1.27289377289377	1
16	30991033	30991034	15	11	4	2	2	1	NA	NA	NA	unphased	3.01577909270217	1.50788954635108	2
16	31309100	31309101	52	20	4	2	2	1	NA	NA	NA	unphased	1.98005698005698	0.99002849002849	2
16	31734647	31734648	14	11	4	2	2	1	NA	NA	NA	unphased	3.13641025641026	1.56820512820513	2
16	33647290	33647291	200	49	3	2	1	1	NA	NA	NA	unphased	1.20595201318093	1.20595201318093	1
16	48212507	48212508	103	16	3	2	1	1	NA	NA	NA	unphased	0.823960353372118	0.823960353372118	1
16	50830246	50830247	51	5	3	2	1	1	NA	NA	NA	unphased	0.547161172161172	0.547161172161172	1
16	55857461	55857462	50	15	3	2	1	1	NA	NA	NA	unphased	1.41420118343195	1.41420118343195	1
16	56669681	56669682	30	8	3	2	1	1	NA	NA	NA	unphased	1.29014844804318	1.29014844804318	1
16	57110787	57110788	53	8	3	2	1	1	NA	NA	NA	unphased	0.80369903320723	0.80369903320723	1
16	66613614	66613615	67	7	3	2	1	1	NA	NA	NA	unphased	0.57969507969508	0.57969507969508	1
16	70977763	70977764	25	11	3	2	1	1	NA	NA	NA	unphased	1.87250712250712	0.936253561253561	2
16	71748718	71748719	13	4	3	2	1	1	NA	NA	NA	unphased	1.44193061840121	1.44193061840121	1
16	71823290	71823291	58	23	3	2	1	1	NA	NA	NA	unphased	1.74010762899652	0.870053814498259	2
16	72141432	72141433	26	10	3	2	1	1	NA	NA	NA	unphased	1.7022792022792	1.7022792022792	1
16	72991599	72991600	122	32	3	2	1	1	NA	NA	NA	unphased	1.27339327339327	1.27339327339327	1
16	74537628	74537629	59	11	3	2	1	1	NA	NA	NA	unphased	0.963003663003663	0.963003663003663	1
16	77401559	77401560	65	20	3	2	1	1	NA	NA	NA	unphased	1.44193061840121	0.720965309200603	2
16	81730227	81730228	38	12	3	2	1	1	NA	NA	NA	unphased	1.47076923076923	1.47076923076923	1
16	84229856	84229857	80	14	3	2	1	1	NA	NA	NA	unphased	0.912711402073104	0.912711402073104	1
16	84690790	84690791	51	8	3	2	1	1	NA	NA	NA	unphased	0.830943068231204	0.830943068231204	1
16	89245931	89245932	42	11	3	2	1	1	NA	NA	NA	unphased	1.2718916303822	1.2718916303822	1
17	263304	263305	23	37	NA	NA	NA	NA	NA	NA	NA	unphased	NA	NA	1
17	649542	649543	23	29	NA	NA	NA	NA	NA	NA	NA	unphased	NA	NA	1
17	3417886	3417887	15	27	5	5	0	1	NA	NA	NA	unphased	5.22527472527473	1.04505494505495	5
17	4576946	4576947	36	57	5	5	0	1	NA	NA	NA	unphased	4.98180314309347	0.996360628618693	5
17	6329033	6329034	27	25	5	5	0	1	NA	NA	NA	unphased	3.9077909270217	0.976947731755424	4
17	6610443	6610444	32	48	5	5	0	1	NA	NA	NA	unphased	4.87692307692308	0.975384615384615	5
17	6683461	6683462	62	116	5	5	0	1	NA	NA	NA	unphased	5.29703255545952	1.0594065110919	5
17	7321167	7321168	4	8	5	5	0	1	NA	NA	NA	unphased	5.41880341880342	1.08376068376068	5
17	7578456	7578457	36	61	5	5	0	1	NA	NA	NA	unphased	5.11155167856199	1.0223103357124	5
17	8140693	8140694	42	63	5	5	0	1	NA	NA	NA	unphased	4.87692307692308	0.975384615384615	5
17	8222369	8222370	33	62	5	5	0	1	NA	NA	NA	unphased	5.30472334682861	1.06094466936572	5
17	8448781	8448782	74	24	5	5	0	1	NA	NA	NA	unphased	1.9905808477237	0.995290423861852	2
17	10233705	10233706	14	30	6	5	1	1	NA	NA	NA	unphased	6.22377622377622	1.24475524475524	5
17	10302882	10302883	152	13	6	5	1	1	NA	NA	NA	unphased	0.719191919191919	0.719191919191919	1
17	10357002	10357003	308	41	6	5	1	1	NA	NA	NA	unphased	1.07236793769745	1.07236793769745	1
17	10409237	10409238	34	4	6	5	1	1	NA	NA	NA	unphased	0.960863697705803	0.960863697705803	1
17	10429959	10429960	245	19	6	5	1	1	NA	NA	NA	unphased	0.656954156954157	0.656954156954157	1
17	16455681	16455682	51	40	2.76	4	2	0.19	1	1	0.81	unphased	2.58822203437588	1.08748824973776	2.38
17	16466475	16466476	24	35	2.76	4	2	0.19	1	1	0.81	unphased	3.49300304215558	1.0949852796726	3.19
17	16725440	16725441	190	10	2.76	4	2	0.19	1	1	0.81	unphased	0.294410256410256	1.54952766531714	0.19
17	18220321	18220322	42	14	2.76	4	2	0.19	1	1	0.81	unphased	1.47205128205128	1.47205128205128	1
17	18392293	18392294	102	4	2.76	4	2	0.19	1	1	0.81	unphased	0.222196419932269	1.16945484174878	0.19
17	18922752	18922753	40	8	2.76	4	2	0.19	1	1	0.81	unphased	0.981367521367521	0.981367521367521	1
17	19679656	19679657	30	3	2.76	4	2	0.19	1	1	0.81	unphased	0.535291375291375	0.535291375291375	1
17	21207772	21207773	108	27	2.76	4	2	0.19	1	1	0.81	unphased	1.17764102564103	1.17764102564103	1
17	21318893	21318894	85	16	2.76	4	2	0.19	1	1	0.81	unphased	0.932784970804773	0.932784970804773	1
17	27401990	27401991	23	6	2.76	4	2	0.19	1	1	0.81	unphased	1.21824933687003	1.21824933687003	1
17	27958223	27958224	65	16	2.76	4	2	0.19	1	1	0.81	unphased	1.16310224754669	1.16310224754669	1
17	27958224	27958225	65	17	2.76	4	2	0.19	1	1	0.81	unphased	1.22072545340838	1.22072545340838	1
17	28506290	28506291	16	13	2.76	4	2	0.19	1	1	0.81	unphased	2.63954022988506	1.10905051675843	2.38
17	29171878	29171879	70	26	2.76	4	2	0.19	1	1	0.81	unphased	1.59472222222222	1.0157466383581	1.57
17	29677322	29677323	68	15	2.76	4	2	0.19	1	1	0.81	unphased	1.06413345690454	1.06413345690454	1
17	31322423	31322424	55	44	2.76	4	2	0.19	1	1	0.81	unphased	2.61698005698006	1.09957145251263	2.38
17	32964651	32964652	43	6	2.76	4	2	0.19	1	1	0.81	unphased	0.721004709576138	0.721004709576138	1
17	33348687	33348688	46	39	2.76	4	2	0.19	1	1	0.81	unphased	2.70164705882353	1.1351458230351	2.38
17	33454164	33454165	139	76	2.76	4	2	0.19	1	1	0.81	unphased	2.08141204531902	0.950416459049782	2.19
17	34311468	34311469	46	21	2.76	4	2	0.19	1	1	0.81	unphased	1.84555683122847	0.842720014259577	2.19
17	37234202	37234203	111	23	2.76	4	2	0.19	1	1	0.81	unphased	1.01066207424416	1.01066207424416	1
17	38556817	38556818	12	9	2.76	4	2	0.19	1	1	0.81	unphased	2.52351648351648	1.06030104349432	2.38
17	39092892	39092893	21	15	2.76	4	2	0.19	1	1	0.81	unphased	2.4534188034188	1.03084823673059	2.38
17	39551869	39551870	52	6	2.76	4	2	0.19	1	1	0.81	unphased	0.609124668435013	0.609124668435013	1
17	39595034	39595035	229	42	2.76	4	2	0.19	1	1	0.81	unphased	0.912563156400795	0.912563156400795	1
17	39646023	39646024	70	13	2.76	4	2	0.19	1	1	0.81	unphased	0.922248995983936	0.922248995983936	1
17	39780330	39780331	166	41	2.76	4	2	0.19	1	1	0.81	unphased	1.16626285148024	1.16626285148024	1
17	39975576	39975577	87	35	2.76	4	2	0.19	1	1	0.81	unphased	1.68923917612442	1.07594851982447	1.57
17	40344962	40344963	124	40	2.76	4	2	0.19	1	1	0.81	unphased	1.43614759224515	1.04068666104721	1.38
17	40823470	40823471	21	12	2.76	4	2	0.19	1	1	0.81	unphased	2.1411655011655	0.977701142084703	2.19
17	40914378	40914379	145	92	2.76	4	2	0.19	1	1	0.81	unphased	2.28571675862815	0.960385192700904	2.38
17	41958883	41958884	69	55	2.76	4	2	0.19	1	1	0.81	unphased	2.61170388751034	1.09735457458418	2.38
17	42429544	42429545	130	27	2.76	4	2	0.19	1	1	0.81	unphased	1.01262126408623	1.01262126408623	1
17	42475030	42475031	46	6	2.76	4	2	0.19	1	1	0.81	unphased	0.679408284023669	0.679408284023669	1
17	46669575	46669576	54	15	2.76	4	2	0.19	1	1	0.81	unphased	1.28004459308807	1.28004459308807	1
17	46868949	46868950	45	28	2.76	4	2	0.19	1	1	0.81	unphased	2.25848963821567	1.03127380740441	2.19
17	48275558	48275559	59	52	2.76	4	2	0.19	1	1	0.81	unphased	2.75843843843844	0.864714244024589	3.19
17	48655861	48655862	60	38	2.76	4	2	0.19	1	1	0.81	unphased	2.28318158032444	0.959319991732957	2.38
17	48746709	48746710	32	27	2.76	4	2	0.19	1	1	0.81	unphased	2.69460234680574	1.13218586000241	2.38
17	51902426	51902427	36	4	2.76	4	2	0.19	1	1	0.81	unphased	0.588820512820513	0.588820512820513	1
17	55193518	55193519	49	15	2.76	4	2	0.19	1	1	0.81	unphased	1.38004807692308	1.38004807692308	1
17	56355234	56355235	66	44	2.76	4	2	0.19	1	1	0.81	unphased	2.35528205128205	0.989614307261366	2.38
17	56599365	56599366	64	44	2.76	4	2	0.19	1	1	0.81	unphased	2.39889838556505	1.00794049813658	2.38
17	57157190	57157191	110	31	4.96	5	2	0.66	1	0	0.34	unphased	1.77825786506638	1.07123967775083	1.66
17	60348784	60348785	182	37	4.96	5	2	0.66	1	0	0.34	unphased	1.36650040978808	0.823193017944627	1.66
17	60472490	60472491	105	22	4.96	5	2	0.66	1	0	0.34	unphased	1.40110640016152	1.40110640016152	1
17	61417548	61417549	43	52	4.96	5	2	0.66	1	0	0.34	unphased	4.42722807017544	1.02482131254061	4.32
17	61607485	61607486	111	18	4.96	5	2	0.66	1	0	0.34	unphased	1.12858676207513	1.12858676207513	1
17	61994764	61994765	147	31	4.96	5	2	0.66	1	0	0.34	unphased	1.40861999423797	0.848566261589139	1.66
17	62553733	62553734	100	12	4.96	5	2	0.66	1	0	0.34	unphased	0.866593406593406	0.866593406593406	1
17	62893427	62893428	30	4	4.96	5	2	0.66	1	0	0.34	unphased	0.951553544494721	0.951553544494721	1
17	63149632	63149633	99	7	4.96	5	2	0.66	1	0	0.34	unphased	0.534126753749395	0.809282960226356	0.66
17	63822348	63822349	164	136	4.96	5	2	0.66	1	0	0.34	unphased	3.66665299145299	1.00181775722759	3.66
17	64880888	64880889	69	37	4.96	5	2	0.66	1	0	0.34	unphased	2.82324141267537	0.947396447206502	2.98
17	64881146	64881147	48	30	4.96	5	2	0.66	1	0	0.34	unphased	3.11084812623274	1.0439087671922	2.98
17	65739937	65739938	45	7	6	4	2	1	NA	NA	NA	unphased	1.22879684418146	1.22879684418146	1
17	65871745	65871746	46	16	6	4	2	1	NA	NA	NA	unphased	2.35566583953681	1.1778329197684	2
17	65871763	65871764	41	11	6	4	2	1	NA	NA	NA	unphased	1.93096646942801	0.965483234714004	2
17	65871849	65871850	22	6	6	4	2	1	NA	NA	NA	unphased	1.95604395604396	1.95604395604396	1
17	67023202	67023203	48	44	6	4	2	1	NA	NA	NA	unphased	4.36566332218506	1.09141583054627	4
17	68171231	68171232	38	22	6	4	2	1	NA	NA	NA	unphased	3.34700854700855	1.11566951566952	3
17	71387660	71387661	9	10	6	4	2	1	NA	NA	NA	unphased	4.80431848852901	1.20107962213225	4
17	71389875	71389876	25	22	6	4	2	1	NA	NA	NA	unphased	4.27277686852155	1.06819421713039	4
17	72277987	72277988	100	17	6	4	2	1	NA	NA	NA	unphased	1.32632040324348	1.32632040324348	1
17	72435894	72435895	64	10	6	4	2	1	NA	NA	NA	unphased	1.23354123354123	1.23354123354123	1
17	72521973	72521974	163	53	6	4	2	1	NA	NA	NA	unphased	2.23979107312441	1.1198955365622	2
17	72578358	72578359	52	15	6	4	2	1	NA	NA	NA	unphased	2.04362801377727	1.02181400688863	2
17	72613289	72613290	130	35	6	4	2	1	NA	NA	NA	unphased	1.93628593628594	0.968142968142968	2
17	73259659	73259660	22	20	6	4	2	1	NA	NA	NA	unphased	4.34676434676435	1.08669108669109	4
17	74003289	74003290	70	63	6	4	2	1	NA	NA	NA	unphased	4.32388663967611	1.08097165991903	4
17	74901413	74901414	13	5	6	4	2	1	NA	NA	NA	unphased	2.53561253561254	0.845204178537512	3
17	78169366	78169367	20	4	6	4	2	1	NA	NA	NA	unphased	1.52136752136752	1.52136752136752	1
17	78350163	78350164	175	20	6	4	2	1	NA	NA	NA	unphased	0.936226166995398	0.936226166995398	1
17	79080633	79080634	42	6	6	4	2	1	NA	NA	NA	unphased	1.14102564102564	1.14102564102564	1
17	80231248	80231249	24	4	6	4	2	1	NA	NA	NA	unphased	1.3040293040293	1.3040293040293	1
17	80231253	80231254	25	4	6	4	2	1	NA	NA	NA	unphased	1.25906277630416	1.25906277630416	1
18	905485	905486	41	13	4	2	2	1	NA	NA	NA	unphased	1.71604938271605	0.858024691358025	2
18	2891682	2891683	53	17	4	2	2	1	NA	NA	NA	unphased	1.73113553113553	0.865567765567766	2
18	6965402	6965403	68	14	4	2	2	1	NA	NA	NA	unphased	1.21701063164478	1.21701063164478	1
18	8798276	8798277	28	8	4	2	2	1	NA	NA	NA	unphased	1.58404558404558	1.58404558404558	1
18	13826378	13826379	471	143	4	2	2	1	NA	NA	NA	unphased	1.66015200868621	0.830076004343105	2
18	14543178	14543179	28	5	4	2	2	1	NA	NA	NA	unphased	1.08003108003108	1.08003108003108	1
18	14543224	14543225	6	6	4	2	2	1	NA	NA	NA	unphased	3.56410256410256	1.78205128205128	2
18	14752571	14752572	28	4	4	2	2	1	NA	NA	NA	unphased	0.891025641025641	0.891025641025641	1
18	14752927	14752928	6	2	4	2	2	1	NA	NA	NA	unphased	1.78205128205128	1.78205128205128	1
18	14799127	14799128	42	4	4	2	2	1	NA	NA	NA	unphased	0.61984392419175	0.61984392419175	1
18	19751151	19751152	19	10	4	2	2	1	NA	NA	NA	unphased	2.4580017683466	1.2290008841733	2
18	29111196	29111197	68	26	4	2	2	1	NA	NA	NA	unphased	1.97163120567376	0.98581560283688	2
18	30791938	30791939	13	7	2	2	0	1	NA	NA	NA	unphased	1.79487179487179	1.79487179487179	1
18	42281593	42281594	43	28	2	2	0	1	NA	NA	NA	unphased	2.02239075478512	1.01119537739256	2
18	43204626	43204627	28	22	2	2	0	1	NA	NA	NA	unphased	2.25641025641026	1.12820512820513	2
18	46812948	46812949	18	7	2	2	0	1	NA	NA	NA	unphased	1.43589743589744	1.43589743589744	1
18	52896168	52896169	29	26	2	2	0	1	NA	NA	NA	unphased	2.42424242424242	1.21212121212121	2
18	57106908	57106909	71	22	2	2	0	1	NA	NA	NA	unphased	1.21312379376896	1.21312379376896	1
18	65178662	65178663	18	9	3	3	0	1	NA	NA	NA	unphased	2.04273504273504	1.02136752136752	2
18	74610972	74610973	16	15	3	3	0	1	NA	NA	NA	unphased	2.96526054590571	0.988420181968569	3
19	2733251	2733252	6	6	2	2	0	1	NA	NA	NA	unphased	2.56410256410256	1.28205128205128	2
19	3527757	3527758	19	11	2	2	0	1	NA	NA	NA	unphased	1.88034188034188	0.94017094017094	2
19	3642904	3642905	50	23	2	2	0	1	NA	NA	NA	unphased	1.6157358623112	0.807867931155602	2
19	5455760	5455761	43	17	2	2	0	1	NA	NA	NA	unphased	1.45299145299145	1.45299145299145	1
19	7916417	7916418	88	11	2	2	0	1	NA	NA	NA	unphased	0.56980056980057	0.56980056980057	1
19	8982315	8982316	34	20	2	2	0	1	NA	NA	NA	unphased	1.89933523266857	0.949667616334283	2
19	9060334	9060335	22	15	2	2	0	1	NA	NA	NA	unphased	2.07900207900208	1.03950103950104	2
19	9076224	9076225	48	27	2	2	0	1	NA	NA	NA	unphased	1.84615384615385	0.923076923076923	2
19	9325227	9325228	24	14	2	2	0	1	NA	NA	NA	unphased	1.88933873144399	0.944669365721997	2
19	11616984	11616985	63	21	2	2	0	1	NA	NA	NA	unphased	1.28205128205128	1.28205128205128	1
19	11762829	11762830	41	22	2	2	0	1	NA	NA	NA	unphased	1.79080179080179	0.895400895400895	2
19	12432131	12432132	19	7	2	2	0	1	NA	NA	NA	unphased	1.38067061143984	1.38067061143984	1
19	12691788	12691789	27	20	2	2	0	1	NA	NA	NA	unphased	2.18221494817239	1.0911074740862	2
19	14938233	14938234	33	33	3	3	0	1	NA	NA	NA	unphased	3.06410256410256	1.02136752136752	3
19	17720883	17720884	81	64	3	3	0	1	NA	NA	NA	unphased	2.70486295313881	0.901620984379605	3
19	18896307	18896308	71	54	3	3	0	1	NA	NA	NA	unphased	2.64738461538461	0.882461538461538	3
19	19378886	19378887	7	17	3	3	0	1	NA	NA	NA	unphased	4.34081196581197	1.44693732193732	3
19	19414189	19414190	57	32	3	3	0	1	NA	NA	NA	unphased	2.20339959665802	1.10169979832901	2
19	19989305	19989306	71	49	3	3	0	1	NA	NA	NA	unphased	2.50235042735043	0.834116809116809	3
19	21950325	21950326	10	10	3	3	0	1	NA	NA	NA	unphased	3.06410256410256	1.02136752136752	3
19	22574544	22574545	146	30	3	3	0	1	NA	NA	NA	unphased	1.04458041958042	1.04458041958042	1
19	22575686	22575687	19	3	3	3	0	1	NA	NA	NA	unphased	0.835664335664336	0.835664335664336	1
19	22847455	22847456	9	8	3	3	0	1	NA	NA	NA	unphased	2.88386123680241	0.961287078934138	3
19	30505917	30505918	51	26	1.16	3	2	0.04	0	1	0.96	unphased	1.44796536796537	0.709786945081063	2.04
19	30935372	30935373	98	24	1.16	3	2	0.04	0	1	0.96	unphased	0.843581336696091	0.843581336696091	1
19	31768674	31768675	40	27	2.66	3	1	0.33	1	1	0.67	unphased	2.33256027554535	1.00109883070616	2.33
19	35434348	35434349	20	20	2.66	3	1	0.33	1	1	0.67	unphased	2.89410256410256	1.24210410476505	2.33
19	35832309	35832310	36	28	2.66	3	1	0.33	1	1	0.67	unphased	2.53233974358974	1.08684109166942	2.33
19	36231334	36231335	27	6	2.66	3	1	0.33	1	1	0.67	unphased	1.05240093240093	1.05240093240093	1
19	37903386	37903387	8	7	5.12	5	3	0.52	1	1	0.48	unphased	3.84916239316239	0.952762968604553	4.04
19	37975291	37975292	113	32	5.12	5	3	0.52	1	1	0.48	unphased	1.82029354553492	0.892300757615159	2.04
19	38572906	38572907	57	52	5.12	5	3	0.52	1	1	0.48	unphased	3.93492354740061	0.973990977079359	4.04
19	38969097	38969098	50	16	5.12	5	3	0.52	1	1	0.48	unphased	1.99956487956488	0.980178862531804	2.04
19	39104561	39104562	22	3	5.12	5	3	0.52	1	1	0.48	unphased	0.989784615384615	0.989784615384615	1
19	41009847	41009848	44	21	5.12	5	3	0.52	1	1	0.48	unphased	2.66480473372781	1.04093934911243	2.56
19	42270095	42270096	114	23	2.14	4	3	0.19	0	1	0.81	unphased	0.88444319670597	0.88444319670597	1
19	42341303	42341304	124	31	2.14	4	3	0.19	0	1	0.81	unphased	1.05364102564103	1.05364102564103	1
19	42410729	42410730	18	5	2.14	4	3	0.19	0	1	0.81	unphased	1.14526198439242	1.14526198439242	1
19	43519459	43519460	145	42	2.08	4	3	0.18	1	0	0.82	unphased	1.16975730152201	1.16975730152201	1
19	43519522	43519523	150	40	2.08	4	3	0.18	1	0	0.82	unphased	1.09646423751687	1.09646423751687	1
19	43708259	43708260	125	117	2.08	4	3	0.18	1	0	0.82	unphased	2.51801652892562	1.06695615632441	2.36
19	44514465	44514466	64	18	2.08	4	3	0.18	1	0	0.82	unphased	1.14326454033771	1.14326454033771	1
19	44570391	44570392	74	22	2.08	4	3	0.18	1	0	0.82	unphased	1.19354700854701	1.19354700854701	1
19	44833073	44833074	69	22	2.08	4	3	0.18	1	0	0.82	unphased	1.25912651451113	1.25912651451113	1
19	44980969	44980970	81	54	2.08	4	3	0.18	1	0	0.82	unphased	2.08328205128205	0.955633968478005	2.18
19	45419581	45419582	76	21	2.08	4	3	0.18	1	0	0.82	unphased	1.12754956383822	1.12754956383822	1
19	45419582	45419583	73	20	2.08	4	3	0.18	1	0	0.82	unphased	1.1200441135925	1.1200441135925	1
19	45885898	45885899	55	22	2.08	4	3	0.18	1	0	0.82	unphased	1.48805860805861	0.966271823414681	1.54
19	45885899	45885900	56	22	2.08	4	3	0.18	1	0	0.82	unphased	1.46898093359632	0.953883723114492	1.54
19	46094934	46094935	111	21	2.08	4	3	0.18	1	0	0.82	unphased	0.828578088578089	0.828578088578089	1
19	46832478	46832479	106	33	2.08	4	3	0.18	1	0	0.82	unphased	1.2364803541782	1.2364803541782	1
19	47112164	47112165	34	21	2.08	4	3	0.18	1	0	0.82	unphased	1.98858741258741	0.912196060819914	2.18
19	47127214	47127215	12	3	2.08	4	3	0.18	1	0	0.82	unphased	1.04164102564103	1.04164102564103	1
19	49005744	49005745	70	8	2.08	4	3	0.18	1	0	0.82	unphased	0.534174884944116	0.534174884944116	1
19	49253551	49253552	8	18	1.48	4	0	0.16	1	0	0.84	unphased	3.19029585798817	1.0095872968317	3.16
19	50391573	50391574	7	6	1.48	4	0	0.16	1	0	0.84	unphased	2.12686390532544	0.984659215428446	2.16
19	50542425	50542426	61	96	1.48	4	0	0.16	1	0	0.84	unphased	2.81775600195982	0.891694937329058	3.16
19	50868853	50868854	8	11	1.48	4	0	0.16	1	0	0.84	unphased	2.66790823211876	1.14996044487878	2.32
19	51140623	51140624	29	29	1.48	4	0	0.16	1	0	0.84	unphased	2.30410256410256	0.99314765694076	2.32
19	51328978	51328979	6	12	1.48	4	0	0.16	1	0	0.84	unphased	3.07213675213675	0.97219517472682	3.16
19	51412615	51412616	137	224	1.48	4	0	0.16	1	0	0.84	unphased	2.8593848994957	0.904868639080919	3.16
19	51771856	51771857	13	27	1.48	4	0	0.16	1	0	0.84	unphased	3.11053846153846	0.984347614410906	3.16
19	51986391	51986392	55	89	1.48	4	0	0.16	1	0	0.84	unphased	2.84812678062678	0.901305943236323	3.16
19	52000635	52000636	67	37	1.48	4	0	0.16	1	0	0.84	unphased	1.63945759368836	1.107741617357	1.48
19	52130767	52130768	51	62	1.48	4	0	0.16	1	0	0.84	unphased	2.52839573405945	1.08982574743942	2.32
19	53473809	53473810	51	61	1.48	4	0	0.16	1	0	0.84	unphased	2.50982600732601	1.0818215548819	2.32
19	53668495	53668496	25	40	1.48	4	0	0.16	1	0	0.84	unphased	2.83581854043393	0.897410930517065	3.16
19	53793855	53793856	4	11	1.48	4	0	0.16	1	0	0.84	unphased	3.37935042735043	1.0694146921995	3.16
19	53793856	53793857	4	11	1.48	4	0	0.16	1	0	0.84	unphased	3.37935042735043	1.0694146921995	3.16
19	54290960	54290961	23	29	1.48	4	0	0.16	1	0	0.84	unphased	2.56996055226824	1.107741617357	2.32
19	54445556	54445557	102	109	1.48	4	0	0.16	1	0	0.84	unphased	2.38054198566047	1.02609568347434	2.32
19	54705018	54705019	12	27	1.48	4	0	0.16	1	0	0.84	unphased	3.19029585798817	1.0095872968317	3.16
19	55401292	55401293	8	10	1.48	4	0	0.16	1	0	0.84	unphased	2.56011396011396	1.10349739660085	2.32
19	55686583	55686584	7	13	1.48	4	0	0.16	1	0	0.84	unphased	2.99533333333333	0.94789029535865	3.16
19	55693136	55693137	55	80	1.48	4	0	0.16	1	0	0.84	unphased	2.73078822412156	0.864173488646062	3.16
19	55899328	55899329	70	85	1.48	4	0	0.16	1	0	0.84	unphased	2.52708023159636	1.08925872051567	2.32
19	56320388	56320389	61	82	1.48	4	0	0.16	1	0	0.84	unphased	2.64246727631343	1.13899451565234	2.32
19	56467462	56467463	36	40	1.48	4	0	0.16	1	0	0.84	unphased	2.42537112010796	1.04541858625343	2.32
19	56538656	56538657	14	5	1.48	4	0	0.16	1	0	0.84	unphased	1.21268556005398	1.21268556005398	1
19	56704300	56704301	7	14	1.48	4	0	0.16	1	0	0.84	unphased	3.07213675213675	0.97219517472682	3.16
19	56935117	56935118	34	50	1.48	4	0	0.16	1	0	0.84	unphased	2.74297924297924	0.86803140600609	3.16
19	57327158	57327159	27	37	1.48	4	0	0.16	1	0	0.84	unphased	2.66411858974359	1.14832697833775	2.32
19	57865132	57865133	52	45	1.48	4	0	0.16	1	0	0.84	unphased	2.13782712133228	0.989734778394572	2.16
2	675579	675580	39	28	5	3	2	1	NA	NA	NA	unphased	3.39686184462304	1.13228728154101	3
2	1426895	1426896	23	8	5	3	2	1	NA	NA	NA	unphased	2.09760132340777	1.04880066170389	2
2	8870854	8870855	33	10	5	3	2	1	NA	NA	NA	unphased	1.89028026237329	0.945140131186643	2
2	11053233	11053234	50	20	5	3	2	1	NA	NA	NA	unphased	2.32234432234432	1.16117216117216	2
2	12880752	12880753	24	24	5	3	2	1	NA	NA	NA	unphased	4.06410256410256	1.35470085470085	3
2	15644304	15644305	67	20	5	3	2	1	NA	NA	NA	unphased	1.86855290303566	0.934276451517831	2
2	21233627	21233628	81	41	5	3	2	1	NA	NA	NA	unphased	2.73160992013451	0.910536640044837	3
2	24222691	24222692	44	31	5	3	2	1	NA	NA	NA	unphased	3.35965811965812	1.11988603988604	3
2	24239822	24239823	39	31	5	3	2	1	NA	NA	NA	unphased	3.5996336996337	1.1998778998779	3
2	24516555	24516556	36	5	5	3	2	1	NA	NA	NA	unphased	0.991244527829893	0.991244527829893	1
2	24933854	24933855	69	20	5	3	2	1	NA	NA	NA	unphased	1.82656295015846	0.913281475079228	2
2	25061490	25061491	81	46	5	3	2	1	NA	NA	NA	unphased	2.94407429840501	0.981358099468336	3
2	26426982	26426983	305	180	5	3	2	1	NA	NA	NA	unphased	3.01665344964314	1.00555114988105	3
2	26915938	26915939	16	12	5	3	2	1	NA	NA	NA	unphased	3.48351648351648	1.16117216117216	3
2	26997190	26997191	48	11	5	3	2	1	NA	NA	NA	unphased	1.51542807475011	1.51542807475011	1
2	28812884	28812885	83	38	5	3	2	1	NA	NA	NA	unphased	2.55265946175037	0.850886487250124	3
2	29443643	29443644	41	8	5	3	2	1	NA	NA	NA	unphased	1.32705389848247	1.32705389848247	1
2	37208829	37208830	68	19	5	3	2	1	NA	NA	NA	unphased	1.77512525788388	0.887562628941939	2
2	39411788	39411789	22	5	5	3	2	1	NA	NA	NA	unphased	1.50522317188984	1.50522317188984	1
2	42522519	42522520	69	33	5	3	2	1	NA	NA	NA	unphased	2.62971342383107	0.876571141277024	3
2	44079785	44079786	70	34	5	3	2	1	NA	NA	NA	unphased	2.65729783037475	0.885765943458251	3
2	46986073	46986074	30	16	5	3	2	1	NA	NA	NA	unphased	2.82720178372352	0.942400594574508	3
2	48050494	48050495	4	5	5	3	2	1	NA	NA	NA	unphased	4.51566951566952	1.50522317188984	3
2	50850558	50850559	83	39	5	3	2	1	NA	NA	NA	unphased	2.59836065573771	0.866120218579235	3
2	50850559	50850560	85	40	5	3	2	1	NA	NA	NA	unphased	2.60102564102564	0.867008547008547	3
2	54873409	54873410	75	18	5	3	2	1	NA	NA	NA	unphased	1.57320099255583	0.786600496277916	2
2	56104956	56104957	149	61	5	3	2	1	NA	NA	NA	unphased	2.36105006105006	1.18052503052503	2
2	69015025	69015026	83	48	5	3	2	1	NA	NA	NA	unphased	2.97827363476218	0.992757878254061	3
2	69302788	69302789	126	58	5	3	2	1	NA	NA	NA	unphased	2.56215161649944	0.854050538833148	3
2	69734642	69734643	10	8	5	3	2	1	NA	NA	NA	unphased	3.61253561253561	1.20417853751187	3
2	71741042	71741043	41	13	5	3	2	1	NA	NA	NA	unphased	1.95679012345679	0.978395061728395	2
2	71883329	71883330	208	129	5	3	2	1	NA	NA	NA	unphased	3.11139009358594	1.03713003119531	3
2	74274554	74274555	12	7	5	3	2	1	NA	NA	NA	unphased	2.99460188933873	0.998200629779577	3
2	75278479	75278480	96	35	5	3	2	1	NA	NA	NA	unphased	2.17165785868076	1.08582892934038	2
2	79255451	79255452	21	7	4	2	2	1	NA	NA	NA	unphased	1.78205128205128	1.78205128205128	1
2	79350404	79350405	6	3	4	2	2	1	NA	NA	NA	unphased	2.37606837606838	2.37606837606838	1
2	86371620	86371621	25	8	4	2	2	1	NA	NA	NA	unphased	1.72804972804973	1.72804972804973	1
2	87042595	87042596	17	5	4	2	2	1	NA	NA	NA	unphased	1.62004662004662	1.62004662004662	1
2	89399509	89399510	122	30	4	2	2	1	NA	NA	NA	unphased	1.40688259109312	0.703441295546559	2
2	89475893	89475894	122	39	4	2	2	1	NA	NA	NA	unphased	1.72670807453416	0.863354037267081	2
2	89986974	89986975	54	21	4	2	2	1	NA	NA	NA	unphased	1.99589743589744	0.997948717948718	2
2	90229324	90229325	38	20	4	2	2	1	NA	NA	NA	unphased	2.4580017683466	1.2290008841733	2
2	95514961	95514962	94	23	3	2	1	1	NA	NA	NA	unphased	1.20468989699759	1.20468989699759	1
2	96798448	96798449	56	10	3	2	1	1	NA	NA	NA	unphased	0.928515928515928	0.928515928515928	1
2	98872620	98872621	56	6	4.85	6	2	0.55	1	0	0.45	unphased	0.772084367245658	0.772084367245658	1
2	99012507	99012508	23	25	4.85	6	2	0.55	1	0	0.45	unphased	4.15531517094017	0.989360754985755	4.2
2	101967337	101967338	47	14	3	2	1	1	NA	NA	NA	unphased	1.40647330811265	1.40647330811265	1
2	103053769	103053770	76	12	3	2	1	1	NA	NA	NA	unphased	0.835664335664336	0.835664335664336	1
2	103090195	103090196	32	4	3	2	1	1	NA	NA	NA	unphased	0.680911680911681	0.680911680911681	1
2	107459529	107459530	6	3	3	2	1	1	NA	NA	NA	unphased	2.04273504273504	2.04273504273504	1
2	112615882	112615883	31	8	3	2	1	1	NA	NA	NA	unphased	1.25706771860618	1.25706771860618	1
2	125504839	125504840	24	19	5	4	1	1	NA	NA	NA	unphased	3.59153249850924	0.897883124627311	4
2	128408737	128408738	116	20	5	4	1	1	NA	NA	NA	unphased	1.19532428355958	1.19532428355958	1
2	130949493	130949494	245	38	5	4	1	1	NA	NA	NA	unphased	1.091419769865	1.091419769865	1
2	131126738	131126739	221	51	5	4	1	1	NA	NA	NA	unphased	1.52403846153846	0.762019230769231	2
2	132021825	132021826	214	63	5	4	1	1	NA	NA	NA	unphased	1.84865315190225	0.924326575951125	2
2	136437835	136437836	66	53	5	4	1	1	NA	NA	NA	unphased	3.62012497306615	0.905031243266537	4
2	139322382	139322383	139	44	5	4	1	1	NA	NA	NA	unphased	1.95432254448648	0.977161272243239	2
2	141110583	141110584	79	33	5	4	1	1	NA	NA	NA	unphased	2.39491758241758	1.19745879120879	2
2	141202232	141202233	80	13	5	4	1	1	NA	NA	NA	unphased	1.13620071684588	1.13620071684588	1
2	141260666	141260667	55	5	5	4	1	1	NA	NA	NA	unphased	0.677350427350427	0.677350427350427	1
2	141680655	141680656	62	10	5	4	1	1	NA	NA	NA	unphased	1.12891737891738	1.12891737891738	1
2	145161501	145161502	103	115	5	4	1	1	NA	NA	NA	unphased	4.28781463185133	1.07195365796283	4
2	152420220	152420221	175	71	5	4	1	1	NA	NA	NA	unphased	2.34594538253075	1.17297269126537	2
2	152500418	152500419	247	65	5	4	1	1	NA	NA	NA	unphased	1.69337606837607	0.846688034188034	2
2	152989689	152989690	65	10	5	4	1	1	NA	NA	NA	unphased	1.08376068376068	1.08376068376068	1
2	155295237	155295238	71	9	5	4	1	1	NA	NA	NA	unphased	0.914423076923077	0.914423076923077	1
2	159477907	159477908	22	15	5	4	1	1	NA	NA	NA	unphased	3.2952182952183	1.0984060984061	3
2	160035566	160035567	97	34	5	4	1	1	NA	NA	NA	unphased	2.10961049128988	1.05480524564494	2
2	162279952	162279953	25	43	5	4	1	1	NA	NA	NA	unphased	5.13989441930618	1.28497360482655	4
2	165559623	165559624	170	146	5	4	1	1	NA	NA	NA	unphased	3.75543654657579	0.938859136643947	4
2	166747378	166747379	44	6	5	4	1	1	NA	NA	NA	unphased	0.975384615384615	0.975384615384615	1
2	167992469	167992470	63	23	5	4	1	1	NA	NA	NA	unphased	2.17382230172928	1.08691115086464	2
2	169571582	169571583	47	46	5	4	1	1	NA	NA	NA	unphased	4.02040253653157	1.00510063413289	4
2	172309637	172309638	76	5	5	4	1	1	NA	NA	NA	unphased	0.501741057296613	0.501741057296613	1
2	173855631	173855632	34	16	5	4	1	1	NA	NA	NA	unphased	2.60102564102564	0.867008547008547	3
2	178483320	178483321	7	4	5	4	1	1	NA	NA	NA	unphased	2.95571095571096	0.985236985236985	3
2	179428685	179428686	55	9	5	4	1	1	NA	NA	NA	unphased	1.14302884615385	1.14302884615385	1
2	179430745	179430746	106	25	5	4	1	1	NA	NA	NA	unphased	1.55118418477197	0.775592092385986	2
2	179432828	179432829	50	8	5	4	1	1	NA	NA	NA	unphased	1.1211317418214	1.1211317418214	1
2	179436811	179436812	32	9	5	4	1	1	NA	NA	NA	unphased	1.78424015009381	1.78424015009381	1
2	179436944	179436945	32	11	5	4	1	1	NA	NA	NA	unphased	2.07930828861061	1.03965414430531	2
2	179465645	179465646	153	33	5	4	1	1	NA	NA	NA	unphased	1.44210090984285	0.721050454921423	2
2	179480036	179480037	47	5	5	4	1	1	NA	NA	NA	unphased	0.781558185404339	0.781558185404339	1
2	179588353	179588354	20	5	5	4	1	1	NA	NA	NA	unphased	1.62564102564103	1.62564102564103	1
2	179615828	179615829	52	40	5	4	1	1	NA	NA	NA	unphased	3.5340022296544	0.883500557413601	4
2	179638601	179638602	116	14	5	4	1	1	NA	NA	NA	unphased	0.87534516765286	0.87534516765286	1
2	179645894	179645895	26	29	5	4	1	1	NA	NA	NA	unphased	4.28578088578089	1.07144522144522	4
2	182413480	182413481	56	8	5	4	1	1	NA	NA	NA	unphased	1.01602564102564	1.01602564102564	1
2	182783598	182783599	51	19	5	4	1	1	NA	NA	NA	unphased	2.20622710622711	1.10311355311355	2
2	189857655	189857656	74	5	5	4	1	1	NA	NA	NA	unphased	0.514443362544628	0.514443362544628	1
2	192543850	192543851	78	19	5	4	1	1	NA	NA	NA	unphased	1.59212265397832	0.796061326989162	2
2	201438345	201438346	75	14	5	4	1	1	NA	NA	NA	unphased	1.27859406511092	1.27859406511092	1
2	202603420	202603421	54	10	5	4	1	1	NA	NA	NA	unphased	1.27003205128205	1.27003205128205	1
2	202901056	202901057	43	35	5	4	1	1	NA	NA	NA	unphased	3.64727153188692	0.911817882971729	4
2	207026631	207026632	72	8	5	4	1	1	NA	NA	NA	unphased	0.812820512820513	0.812820512820513	1
2	210574908	210574909	5	5	5	4	1	1	NA	NA	NA	unphased	4.06410256410256	1.01602564102564	4
2	210642115	210642116	40	7	5	4	1	1	NA	NA	NA	unphased	1.21058374249864	1.21058374249864	1
2	211527879	211527880	101	14	5	4	1	1	NA	NA	NA	unphased	0.989520624303233	0.989520624303233	1
2	212426701	212426702	167	18	5	4	1	1	NA	NA	NA	unphased	0.790852390852391	0.790852390852391	1
2	212537982	212537983	42	3	5	4	1	1	NA	NA	NA	unphased	0.541880341880342	0.541880341880342	1
2	213921619	213921620	65	21	5	4	1	1	NA	NA	NA	unphased	1.98479427549195	0.992397137745975	2
2	219509211	219509212	39	26	5	4	1	1	NA	NA	NA	unphased	3.25128205128205	1.08376068376068	3
2	219888886	219888887	57	9	5	4	1	1	NA	NA	NA	unphased	1.10839160839161	1.10839160839161	1
2	219920416	219920417	13	30	5	4	1	1	NA	NA	NA	unphased	5.67084078711986	1.41771019677996	4
2	220136172	220136173	72	17	5	4	1	1	NA	NA	NA	unphased	1.55257850763469	0.776289253817344	2
2	220329176	220329177	59	23	5	4	1	1	NA	NA	NA	unphased	2.27986241400876	1.13993120700438	2
2	224822339	224822340	13	4	5	4	1	1	NA	NA	NA	unphased	1.91251885369532	1.91251885369532	1
2	224862912	224862913	32	10	5	4	1	1	NA	NA	NA	unphased	1.93528693528694	0.967643467643468	2
2	227886842	227886843	183	48	5	4	1	1	NA	NA	NA	unphased	1.68897768897769	0.844488844488845	2
2	230456417	230456418	55	8	5	4	1	1	NA	NA	NA	unphased	1.03215303215303	1.03215303215303	1
2	231033738	231033739	18	8	5	4	1	1	NA	NA	NA	unphased	2.50098619329389	0.833662064431295	3
2	232156094	232156095	184	29	5	4	1	1	NA	NA	NA	unphased	1.1066570362345	1.1066570362345	1
2	233321706	233321707	50	6	5	4	1	1	NA	NA	NA	unphased	0.870879120879121	0.870879120879121	1
2	233393273	233393274	117	103	5	4	1	1	NA	NA	NA	unphased	3.80547785547786	0.951369463869464	4
2	233393334	233393335	118	20	5	4	1	1	NA	NA	NA	unphased	1.17800074321813	1.17800074321813	1
2	233791855	233791856	55	11	5	4	1	1	NA	NA	NA	unphased	1.35470085470085	1.35470085470085	1
2	233791856	233791857	56	11	5	4	1	1	NA	NA	NA	unphased	1.33448143895905	1.33448143895905	1
2	233839473	233839474	92	21	5	4	1	1	NA	NA	NA	unphased	1.51055139550715	0.755275697753574	2
2	233839631	233839632	23	7	5	4	1	1	NA	NA	NA	unphased	1.8965811965812	1.8965811965812	1
2	234191391	234191392	33	44	5	4	1	1	NA	NA	NA	unphased	4.64468864468864	1.16117216117216	4
2	234526797	234526798	113	21	5	4	1	1	NA	NA	NA	unphased	1.27382319173364	1.27382319173364	1
2	234526798	234526799	111	21	5	4	1	1	NA	NA	NA	unphased	1.29312354312354	1.29312354312354	1
2	234878933	234878934	164	151	5	4	1	1	NA	NA	NA	unphased	3.8963776963777	0.974094424094424	4
2	237172850	237172851	38	7	5	4	1	1	NA	NA	NA	unphased	1.26438746438746	1.26438746438746	1
2	238244934	238244935	44	37	5	4	1	1	NA	NA	NA	unphased	3.71288382399493	0.928220955998734	4
2	241715307	241715308	55	3	5	4	1	1	NA	NA	NA	unphased	0.420424403183024	0.420424403183024	1
2	242066661	242066662	198	24	5	4	1	1	NA	NA	NA	unphased	0.878724878724879	0.878724878724879	1
2	242155593	242155594	15	3	5	4	1	1	NA	NA	NA	unphased	1.35470085470085	1.35470085470085	1
2	242573056	242573057	28	8	NA	NA	NA	NA	NA	NA	NA	unphased	NA	NA	1
2	242573057	242573058	29	8	NA	NA	NA	NA	NA	NA	NA	unphased	NA	NA	1
20	1457983	1457984	67	52	2	2	0	1	NA	NA	NA	unphased	2.24089635854342	1.12044817927171	2
20	3052343	3052344	3	5	2	2	0	1	NA	NA	NA	unphased	3.2051282051282	1.6025641025641	2
20	3672220	3672221	12	14	2	2	0	1	NA	NA	NA	unphased	2.76134122287968	1.38067061143984	2
20	8637873	8637874	47	26	2	2	0	1	NA	NA	NA	unphased	1.82648401826484	0.91324200913242	2
20	9560827	9560828	88	71	2	2	0	1	NA	NA	NA	unphased	2.28995323334946	1.14497661667473	2
20	13894499	13894500	17	19	2	2	0	1	NA	NA	NA	unphased	2.70655270655271	1.35327635327635	2
20	20349228	20349229	4	6	2	2	0	1	NA	NA	NA	unphased	3.07692307692308	1.53846153846154	2
20	30064328	30064329	57	20	4	2	2	1	NA	NA	NA	unphased	1.85148185148185	0.925740925740926	2
20	31390253	31390254	95	45	4	2	2	1	NA	NA	NA	unphased	2.29120879120879	1.1456043956044	2
20	31685483	31685484	101	38	4	2	2	1	NA	NA	NA	unphased	1.94871794871795	0.974358974358974	2
20	31825641	31825642	90	30	4	2	2	1	NA	NA	NA	unphased	1.78205128205128	0.891025641025641	2
20	31887733	31887734	84	31	4	2	2	1	NA	NA	NA	unphased	1.92151616499443	0.960758082497213	2
20	34519295	34519296	61	16	4	2	2	1	NA	NA	NA	unphased	1.48118548118548	1.48118548118548	1
20	35060774	35060775	52	8	4	2	2	1	NA	NA	NA	unphased	0.95042735042735	0.95042735042735	1
20	35434279	35434280	22	6	4	2	2	1	NA	NA	NA	unphased	1.52747252747253	1.52747252747253	1
20	37146501	37146502	62	12	4	2	2	1	NA	NA	NA	unphased	1.15592515592516	1.15592515592516	1
20	42157976	42157977	20	9	4	2	2	1	NA	NA	NA	unphased	2.21220159151194	1.10610079575597	2
20	43681759	43681760	54	17	4	2	2	1	NA	NA	NA	unphased	1.70675334055616	0.853376670278079	2
20	43723682	43723683	121	31	4	2	2	1	NA	NA	NA	unphased	1.45377867746289	0.726889338731444	2
20	44673654	44673655	158	76	4	2	2	1	NA	NA	NA	unphased	2.31514354591278	1.15757177295639	2
20	46365578	46365579	50	25	4	2	2	1	NA	NA	NA	unphased	2.37606837606838	1.18803418803419	2
20	47990534	47990535	190	64	4	2	2	1	NA	NA	NA	unphased	1.79608318190995	0.898041590954977	2
20	48140724	48140725	96	37	4	2	2	1	NA	NA	NA	unphased	1.9830345093503	0.991517254675149	2
20	54579044	54579045	46	25	4	2	2	1	NA	NA	NA	unphased	2.50993138317082	1.25496569158541	2
20	54824377	54824378	94	35	4	2	2	1	NA	NA	NA	unphased	1.93400914331147	0.967004571655734	2
20	57566479	57566480	69	12	4	2	2	1	NA	NA	NA	unphased	1.05603038936372	1.05603038936372	1
20	57769445	57769446	37	12	4	2	2	1	NA	NA	NA	unphased	1.74568288854003	0.872841444270016	2
20	60508125	60508126	69	35	4	2	2	1	NA	NA	NA	unphased	2.39891518737673	1.19945759368836	2
20	61598069	61598070	76	31	4	2	2	1	NA	NA	NA	unphased	2.06518092499401	1.032590462497	2
20	62223415	62223416	56	28	NA	NA	NA	NA	NA	NA	NA	unphased	NA	NA	1
20	62321783	62321784	34	15	NA	NA	NA	NA	NA	NA	NA	unphased	NA	NA	1
20	62593622	62593623	53	15	NA	NA	NA	NA	NA	NA	NA	unphased	NA	NA	1
21	10969099	10969100	149	28	NA	NA	NA	NA	NA	NA	NA	unphased	NA	NA	1
21	11021200	11021201	61	5	NA	NA	NA	NA	NA	NA	NA	unphased	NA	NA	1
21	32253273	32253274	25	19	3	3	0	1	NA	NA	NA	unphased	2.6462703962704	0.882090132090132	3
21	32598230	32598231	24	13	3	3	0	1	NA	NA	NA	unphased	2.15315315315315	1.07657657657658	2
21	37713754	37713755	26	13	3	3	0	1	NA	NA	NA	unphased	2.04273504273504	1.02136752136752	2
21	43833559	43833560	16	16	3	3	0	1	NA	NA	NA	unphased	3.06410256410256	1.02136752136752	3
22	16287777	16287778	63	65	NA	NA	NA	NA	NA	NA	NA	unphased	NA	NA	1
22	16449020	16449021	140	31	NA	NA	NA	NA	NA	NA	NA	unphased	NA	NA	1
22	17072822	17072823	78	17	NA	NA	NA	NA	NA	NA	NA	unphased	NA	NA	1
22	17308431	17308432	9	7	NA	NA	NA	NA	NA	NA	NA	unphased	NA	NA	1
22	19121733	19121734	29	8	2.38	2	2	0.19	1	1	0.81	unphased	1.19096327096327	1.19096327096327	1
22	19379648	19379649	40	15	2.38	2	2	0.19	1	1	0.81	unphased	1.50223776223776	1.50223776223776	1
22	23237855	23237856	58	13	2.38	2	2	0.19	1	1	0.81	unphased	1.00854460093897	1.00854460093897	1
22	23247197	23247198	89	15	2.38	2	2	0.19	1	1	0.81	unphased	0.794452662721893	0.794452662721893	1
22	24124583	24124584	33	7	2.38	2	2	0.19	1	1	0.81	unphased	0.963935897435897	0.963935897435897	1
22	26224871	26224872	21	14	2.38	2	2	0.19	1	1	0.81	unphased	2.20328205128205	1.85149752208576	1.19
22	26351285	26351286	34	15	2.38	2	2	0.19	1	1	0.81	unphased	1.6861852433281	1.41696238935134	1.19
22	26701953	26701954	73	20	2.38	2	2	0.19	1	1	0.81	unphased	1.18456024262476	1.18456024262476	1
22	32756381	32756382	77	37	2.38	2	2	0.19	1	1	0.81	unphased	1.78775078722447	1.50231158590292	1.19
22	33733748	33733749	49	12	2.38	2	2	0.19	1	1	0.81	unphased	1.08358133669609	1.08358133669609	1
22	37622725	37622726	22	8	2.38	2	2	0.19	1	1	0.81	unphased	1.4688547008547	1.4688547008547	1
22	38109230	38109231	10	5	2.38	2	2	0.19	1	1	0.81	unphased	1.83606837606838	1.83606837606838	1
22	38111768	38111769	24	9	2.38	2	2	0.19	1	1	0.81	unphased	1.50223776223776	1.50223776223776	1
22	38823369	38823370	39	26	2.38	2	2	0.19	1	1	0.81	unphased	2.20328205128205	1.85149752208576	1.19
22	39883550	39883551	61	31	2.38	2	2	0.19	1	1	0.81	unphased	1.85602564102564	1.55968541262659	1.19
22	41783640	41783641	24	8	2.38	2	2	0.19	1	1	0.81	unphased	1.37705128205128	1.37705128205128	1
22	43203163	43203164	15	4	2.38	2	2	0.19	1	1	0.81	unphased	1.15962213225371	1.15962213225371	1
22	43687138	43687139	34	19	2.38	2	2	0.19	1	1	0.81	unphased	1.97463957426222	1.65936098677497	1.19
22	45683164	45683165	49	14	2.38	2	2	0.19	1	1	0.81	unphased	1.22404558404558	1.22404558404558	1
22	46652573	46652574	45	14	2.38	2	2	0.19	1	1	0.81	unphased	1.30703172533681	1.30703172533681	1
3	4718356	4718357	26	3	2	2	0	1	NA	NA	NA	unphased	0.530503978779841	0.530503978779841	1
3	24174821	24174822	29	10	2	2	0	1	NA	NA	NA	unphased	1.31492439184747	1.31492439184747	1
3	27760973	27760974	22	19	2	2	0	1	NA	NA	NA	unphased	2.37648530331457	1.18824265165729	2
3	38414142	38414143	30	18	2	2	0	1	NA	NA	NA	unphased	1.92307692307692	0.961538461538461	2
3	38524705	38524706	62	24	2	2	0	1	NA	NA	NA	unphased	1.43112701252236	0.715563506261181	2
3	39307286	39307287	25	9	2	2	0	1	NA	NA	NA	unphased	1.35746606334842	1.35746606334842	1
3	51993907	51993908	30	24	2	2	0	1	NA	NA	NA	unphased	2.27920227920228	1.13960113960114	2
3	52326348	52326349	19	16	2	2	0	1	NA	NA	NA	unphased	2.34432234432234	1.17216117216117	2
3	52623228	52623229	51	34	2	2	0	1	NA	NA	NA	unphased	2.05128205128205	1.02564102564103	2
3	53217200	53217201	32	10	2	2	0	1	NA	NA	NA	unphased	1.22100122100122	1.22100122100122	1
3	58083618	58083619	30	11	2	2	0	1	NA	NA	NA	unphased	1.37585991244528	1.37585991244528	1
3	61989073	61989074	47	19	2	2	0	1	NA	NA	NA	unphased	1.47630147630148	0.738150738150738	2
3	62267339	62267340	52	32	2	2	0	1	NA	NA	NA	unphased	1.95360195360195	0.976800976800977	2
3	75679963	75679964	71	4	2	2	0	1	NA	NA	NA	unphased	0.273504273504274	0.273504273504274	1
3	98110436	98110437	56	26	4	2	2	1	NA	NA	NA	unphased	2.26016260162602	1.13008130081301	2
3	98251506	98251507	74	21	4	2	2	1	NA	NA	NA	unphased	1.57570850202429	0.787854251012146	2
3	107097330	107097331	33	15	4	2	2	1	NA	NA	NA	unphased	2.2275641025641	1.11378205128205	2
3	108174687	108174688	34	17	4	2	2	1	NA	NA	NA	unphased	2.37606837606838	1.18803418803419	2
3	108394643	108394644	25	8	4	2	2	1	NA	NA	NA	unphased	1.72804972804973	1.72804972804973	1
3	111981884	111981885	57	17	4	2	2	1	NA	NA	NA	unphased	1.63756063756064	0.818780318780319	2
3	112650003	112650004	49	7	4	2	2	1	NA	NA	NA	unphased	0.891025641025641	0.891025641025641	1
3	113524371	113524372	35	7	4	2	2	1	NA	NA	NA	unphased	1.18803418803419	1.18803418803419	1
3	113524372	113524373	35	6	4	2	2	1	NA	NA	NA	unphased	1.04315196998124	1.04315196998124	1
3	115529205	115529206	28	6	4	2	2	1	NA	NA	NA	unphased	1.2579185520362	1.2579185520362	1
3	119905591	119905592	132	48	4	2	2	1	NA	NA	NA	unphased	1.9008547008547	0.95042735042735	2
3	121206970	121206971	202	61	4	2	2	1	NA	NA	NA	unphased	1.65330993467876	0.826654967339378	2
3	122354908	122354909	36	10	4	2	2	1	NA	NA	NA	unphased	1.54960981047938	1.54960981047938	1
3	122446802	122446803	21	9	4	2	2	1	NA	NA	NA	unphased	2.13846153846154	1.06923076923077	2
3	125877421	125877422	87	36	4	2	2	1	NA	NA	NA	unphased	2.08630393996248	1.04315196998124	2
3	125877422	125877423	85	36	4	2	2	1	NA	NA	NA	unphased	2.12078830260648	1.06039415130324	2
3	128181663	128181664	17	6	4	2	2	1	NA	NA	NA	unphased	1.85953177257525	1.85953177257525	1
3	129140220	129140221	16	6	4	2	2	1	NA	NA	NA	unphased	1.94405594405594	1.94405594405594	1
3	129547251	129547252	23	14	4	2	2	1	NA	NA	NA	unphased	2.6971586971587	1.34857934857935	2
3	130285952	130285953	120	37	4	2	2	1	NA	NA	NA	unphased	1.67989547607382	0.83994773803691	2
3	130293196	130293197	33	22	4	2	2	1	NA	NA	NA	unphased	2.85128205128205	1.42564102564103	2
3	130380836	130380837	30	4	4	2	2	1	NA	NA	NA	unphased	0.838612368024133	0.838612368024133	1
3	130398209	130398210	25	12	4	2	2	1	NA	NA	NA	unphased	2.31185031185031	1.15592515592516	2
3	132403528	132403529	23	13	4	2	2	1	NA	NA	NA	unphased	2.57407407407407	1.28703703703704	2
3	140178427	140178428	53	25	4	2	2	1	NA	NA	NA	unphased	2.28468113083498	1.14234056541749	2
3	140282873	140282874	93	32	4	2	2	1	NA	NA	NA	unphased	1.82482051282051	0.912410256410257	2
3	140406625	140406626	20	9	4	2	2	1	NA	NA	NA	unphased	2.21220159151194	1.10610079575597	2
3	146251270	146251271	114	35	4	2	2	1	NA	NA	NA	unphased	1.6744106005851	0.837205300292549	2
3	151166318	151166319	147	39	4	2	2	1	NA	NA	NA	unphased	1.49462365591398	0.747311827956989	2
3	160232744	160232745	165	47	4	2	2	1	NA	NA	NA	unphased	1.58030962747944	0.79015481373972	2
3	164785163	164785164	56	15	4	2	2	1	NA	NA	NA	unphased	1.50595882990249	1.50595882990249	1
3	167164223	167164224	98	30	4	2	2	1	NA	NA	NA	unphased	1.67067307692308	0.835336538461539	2
3	167240271	167240272	21	8	4	2	2	1	NA	NA	NA	unphased	1.96640141467728	0.983200707338638	2
3	173996666	173996667	21	14	4	2	2	1	NA	NA	NA	unphased	2.85128205128205	1.42564102564103	2
3	173997228	173997229	33	14	4	2	2	1	NA	NA	NA	unphased	2.12329514457174	1.06164757228587	2
3	175184793	175184794	177	69	4	2	2	1	NA	NA	NA	unphased	1.99937460913071	0.999687304565353	2
3	178525155	178525156	21	5	4	2	2	1	NA	NA	NA	unphased	1.37080867850099	1.37080867850099	1
3	178919300	178919301	41	14	4	2	2	1	NA	NA	NA	unphased	1.81445221445221	0.907226107226107	2
3	183273216	183273217	87	40	4	2	2	1	NA	NA	NA	unphased	2.24510397738744	1.12255198869372	2
3	183602623	183602624	21	10	4	2	2	1	NA	NA	NA	unphased	2.29942100909843	1.14971050454921	2
3	184025762	184025763	49	13	4	2	2	1	NA	NA	NA	unphased	1.49462365591398	1.49462365591398	1
3	185191262	185191263	56	26	4	2	2	1	NA	NA	NA	unphased	2.26016260162602	1.13008130081301	2
3	186954341	186954342	124	37	4	2	2	1	NA	NA	NA	unphased	1.63815894250677	0.819079471253384	2
3	187419765	187419766	92	29	4	2	2	1	NA	NA	NA	unphased	1.70841279932189	0.854206399660945	2
3	193080197	193080198	72	33	4	2	2	1	NA	NA	NA	unphased	2.24029304029304	1.12014652014652	2
3	195516488	195516489	85	29	4	2	2	1	NA	NA	NA	unphased	1.81331533963113	0.906657669815565	2
3	196229810	196229811	28	23	4	2	2	1	NA	NA	NA	unphased	3.21468074409251	1.60734037204625	2
3	197238926	197238927	113	37	4	2	2	1	NA	NA	NA	unphased	1.7582905982906	0.879145299145299	2
4	59448	59449	256	10	NA	NA	NA	NA	NA	NA	NA	unphased	NA	NA	1
4	420314	420315	39	16	NA	NA	NA	NA	NA	NA	NA	unphased	NA	NA	1
4	1976408	1976409	59	10	3	2	1	1	NA	NA	NA	unphased	0.888145670754366	0.888145670754366	1
4	2826360	2826361	40	25	3	2	1	1	NA	NA	NA	unphased	2.35700197238659	1.17850098619329	2
4	4393281	4393282	34	7	1.08	2	1	0.04	0	1	0.96	unphased	0.718474046278924	0.718474046278924	1
4	5624386	5624387	43	11	1.08	2	1	0.04	0	1	0.96	unphased	0.857226970560304	0.857226970560304	1
4	5961090	5961091	59	35	1.08	2	1	0.04	0	1	0.96	unphased	1.56688488816148	1.50662008477066	1.04
4	6082015	6082016	30	9	1.08	2	1	0.04	0	1	0.96	unphased	0.97112426035503	0.97112426035503	1
4	8007082	8007083	91	19	1.08	2	1	0.04	0	1	0.96	unphased	0.726871794871795	0.726871794871795	1
4	10566321	10566322	34	13	1.08	2	1	0.04	0	1	0.96	unphased	1.16397163120567	1.16397163120567	1
4	13603351	13603352	55	12	1.08	2	1	0.04	0	1	0.96	unphased	0.753708381171068	0.753708381171068	1
4	17516968	17516969	43	9	4.24	3	2	0.81	1	0	0.19	unphased	1.27526627218935	1.27526627218935	1
4	17524521	17524522	151	44	4.24	3	2	0.81	1	0	0.19	unphased	1.66256936226167	0.918546608984348	1.81
4	17524643	17524644	21	11	4.24	3	2	0.81	1	0	0.19	unphased	2.53282051282051	0.966725386572715	2.62
4	22749106	22749107	45	6	1.08	2	1	0.04	0	1	0.96	unphased	0.495082956259427	0.495082956259427	1
4	22749242	22749243	84	27	1.08	2	1	0.04	0	1	0.96	unphased	1.02361746361746	1.02361746361746	1
4	25391838	25391839	53	3	1.08	2	1	0.04	0	1	0.96	unphased	0.22543956043956	0.22543956043956	1
4	25835117	25835118	39	5	1.08	2	1	0.04	0	1	0.96	unphased	0.478205128205128	0.478205128205128	1
4	36160402	36160403	27	4	2	1	1	1	NA	NA	NA	unphased	0.661703887510339	0.661703887510339	1
4	38799405	38799406	30	12	2	1	1	1	NA	NA	NA	unphased	1.46520146520147	1.46520146520147	1
4	39436333	39436334	23	4	2	1	1	1	NA	NA	NA	unphased	0.759734093067426	0.759734093067426	1
4	41984290	41984291	55	16	2	1	1	1	NA	NA	NA	unphased	1.15565185987721	1.15565185987721	1
4	46043193	46043194	43	15	2	1	1	1	NA	NA	NA	unphased	1.3262599469496	1.3262599469496	1
4	46252293	46252294	37	6	2	1	1	1	NA	NA	NA	unphased	0.715563506261181	0.715563506261181	1
4	46930628	46930629	52	14	2	1	1	1	NA	NA	NA	unphased	1.08780108780109	1.08780108780109	1
4	46976355	46976356	39	8	2	1	1	1	NA	NA	NA	unphased	0.872885979268958	0.872885979268958	1
4	47589210	47589211	52	17	2	1	1	1	NA	NA	NA	unphased	1.26347082868822	1.26347082868822	1
4	48147114	48147115	102	15	NA	NA	NA	NA	NA	NA	NA	unphased	NA	NA	1
4	48503686	48503687	146	29	NA	NA	NA	NA	NA	NA	NA	unphased	NA	NA	1
4	52863991	52863992	136	53	3	2	1	1	NA	NA	NA	unphased	1.71849138515805	0.859245692579026	2
4	55156607	55156608	75	37	3	2	1	1	NA	NA	NA	unphased	2.02449633699634	1.01224816849817	2
4	56428760	56428761	14	4	3	2	1	1	NA	NA	NA	unphased	1.36182336182336	1.36182336182336	1
4	57182567	57182568	19	8	3	2	1	1	NA	NA	NA	unphased	1.81576448243115	1.81576448243115	1
4	57340324	57340325	30	6	3	2	1	1	NA	NA	NA	unphased	1.02136752136752	1.02136752136752	1
4	62758596	62758597	9	4	3	2	1	1	NA	NA	NA	unphased	1.88560157790927	1.88560157790927	1
4	65147210	65147211	42	7	3	2	1	1	NA	NA	NA	unphased	0.875457875457875	0.875457875457875	1
4	69203026	69203027	18	5	3	2	1	1	NA	NA	NA	unphased	1.33221850613155	1.33221850613155	1
4	69337319	69337320	71	37	3	2	1	1	NA	NA	NA	unphased	2.09947768281102	1.04973884140551	2
4	76489341	76489342	28	10	3	2	1	1	NA	NA	NA	unphased	1.61268556005398	1.61268556005398	1
4	85416969	85416970	57	12	3	2	1	1	NA	NA	NA	unphased	1.06577480490524	1.06577480490524	1
4	90874218	90874219	51	22	3	2	1	1	NA	NA	NA	unphased	1.84685634000702	0.923428170003512	2
4	94006320	94006321	102	16	3	2	1	1	NA	NA	NA	unphased	0.830943068231204	0.830943068231204	1
4	94547482	94547483	70	31	3	2	1	1	NA	NA	NA	unphased	1.88093424727088	0.94046712363544	2
4	95198254	95198255	89	28	3	2	1	1	NA	NA	NA	unphased	1.46657900504054	0.733289502520272	2
4	95206136	95206137	48	11	3	2	1	1	NA	NA	NA	unphased	1.14254671881791	1.14254671881791	1
4	100349331	100349332	36	20	3	2	1	1	NA	NA	NA	unphased	2.18864468864469	1.09432234432234	2
4	106155434	106155435	25	4	3	2	1	1	NA	NA	NA	unphased	0.84526967285588	0.84526967285588	1
4	107956672	107956673	125	14	3	2	1	1	NA	NA	NA	unphased	0.617229293488286	0.617229293488286	1
4	109931530	109931531	8	9	3	2	1	1	NA	NA	NA	unphased	3.24434389140271	1.62217194570136	2
4	113351649	113351650	63	26	3	2	1	1	NA	NA	NA	unphased	1.79026217228464	0.895131086142322	2
4	114179282	114179283	33	19	3	2	1	1	NA	NA	NA	unphased	2.23915187376726	1.11957593688363	2
4	115751021	115751022	37	7	3	2	1	1	NA	NA	NA	unphased	0.974941724941725	0.974941724941725	1
4	115773936	115773937	25	10	3	2	1	1	NA	NA	NA	unphased	1.75091575091575	0.875457875457875	2
4	122784421	122784422	180	38	3	2	1	1	NA	NA	NA	unphased	1.06821924253117	1.06821924253117	1
4	122800866	122800867	34	4	3	2	1	1	NA	NA	NA	unphased	0.645074224021592	0.645074224021592	1
4	123107221	123107222	42	11	3	2	1	1	NA	NA	NA	unphased	1.2718916303822	1.2718916303822	1
4	126238360	126238361	16	10	3	2	1	1	NA	NA	NA	unphased	2.35700197238659	1.17850098619329	2
4	126411119	126411120	207	40	3	2	1	1	NA	NA	NA	unphased	0.992421883110142	0.992421883110142	1
4	138451858	138451859	123	25	3	2	1	1	NA	NA	NA	unphased	1.03516978516978	1.03516978516978	1
4	141543528	141543529	12	6	3	2	1	1	NA	NA	NA	unphased	2.04273504273504	2.04273504273504	1
4	141847209	141847210	30	7	3	2	1	1	NA	NA	NA	unphased	1.15939015939016	1.15939015939016	1
4	147561520	147561521	24	5	3	2	1	1	NA	NA	NA	unphased	1.05658709106985	1.05658709106985	1
4	148463698	148463699	55	28	3	2	1	1	NA	NA	NA	unphased	2.06734630831016	1.03367315415508	2
4	154644585	154644586	10	8	3	2	1	1	NA	NA	NA	unphased	2.72364672364672	1.36182336182336	2
4	155219642	155219643	97	24	3	2	1	1	NA	NA	NA	unphased	1.21551176096631	1.21551176096631	1
4	158281202	158281203	37	17	3	2	1	1	NA	NA	NA	unphased	1.9292497625831	0.964624881291548	2
4	162307402	162307403	29	19	3	2	1	1	NA	NA	NA	unphased	2.42574786324786	1.21287393162393	2
4	162577521	162577522	30	4	3	2	1	1	NA	NA	NA	unphased	0.720965309200603	0.720965309200603	1
4	162680599	162680600	33	13	3	2	1	1	NA	NA	NA	unphased	1.73188405797101	0.865942028985507	2
4	164246675	164246676	49	4	3	2	1	1	NA	NA	NA	unphased	0.462506047411708	0.462506047411708	1
4	177608568	177608569	71	10	3	2	1	1	NA	NA	NA	unphased	0.756568534346312	0.756568534346312	1
4	184567666	184567667	65	41	3	2	1	1	NA	NA	NA	unphased	2.370343492985	1.1851717464925	2
4	187084031	187084032	33	23	3	2	1	1	NA	NA	NA	unphased	2.51694139194139	1.2584706959707	2
5	6378600	6378601	37	13	3	2	1	1	NA	NA	NA	unphased	1.59333333333333	0.796666666666667	2
5	7626283	7626284	121	21	3	2	1	1	NA	NA	NA	unphased	0.906283856988082	0.906283856988082	1
5	9629928	9629929	16	5	3	2	1	1	NA	NA	NA	unphased	1.45909645909646	1.45909645909646	1
5	11199586	11199587	147	21	3	2	1	1	NA	NA	NA	unphased	0.766025641025641	0.766025641025641	1
5	15936591	15936592	26	11	3	2	1	1	NA	NA	NA	unphased	1.82189882189882	0.910949410949411	2
5	16701709	16701710	10	4	3	2	1	1	NA	NA	NA	unphased	1.75091575091575	1.75091575091575	1
5	19838915	19838916	27	14	3	2	1	1	NA	NA	NA	unphased	2.09255784865541	1.0462789243277	2
5	21751938	21751939	61	32	3	2	1	1	NA	NA	NA	unphased	2.10862972153295	1.05431486076647	2
5	23526720	23526721	51	16	3	2	1	1	NA	NA	NA	unphased	1.46345197091466	1.46345197091466	1
5	31317492	31317493	49	23	3	2	1	1	NA	NA	NA	unphased	1.95762108262108	0.978810541310541	2
5	35876368	35876369	40	5	3	2	1	1	NA	NA	NA	unphased	0.680911680911681	0.680911680911681	1
5	35955803	35955804	81	34	3	2	1	1	NA	NA	NA	unphased	1.81181716833891	0.905908584169454	2
5	39342282	39342283	32	10	3	2	1	1	NA	NA	NA	unphased	1.45909645909646	1.45909645909646	1
5	39390545	39390546	58	15	3	2	1	1	NA	NA	NA	unphased	1.25922023182297	1.25922023182297	1
5	42719571	42719572	32	14	3	2	1	1	NA	NA	NA	unphased	1.86510590858417	0.932552954292085	2
5	42719572	42719573	32	13	3	2	1	1	NA	NA	NA	unphased	1.77037037037037	0.885185185185185	2
5	54420662	54420663	42	5	3	2	1	1	NA	NA	NA	unphased	0.651936715766503	0.651936715766503	1
5	57755549	57755550	12	3	3	2	1	1	NA	NA	NA	unphased	1.22564102564103	1.22564102564103	1
5	63256718	63256719	65	14	3	2	1	1	NA	NA	NA	unphased	1.08601103537812	1.08601103537812	1
5	70308509	70308510	46	9	3	2	1	1	NA	NA	NA	unphased	1.0027972027972	1.0027972027972	1
5	73153601	73153602	13	6	2	2	0	1	NA	NA	NA	unphased	1.61943319838057	1.61943319838057	1
5	75427637	75427638	32	21	2	2	0	1	NA	NA	NA	unphased	2.03193033381713	1.01596516690856	2
5	81608633	81608634	23	19	2	2	0	1	NA	NA	NA	unphased	2.31990231990232	1.15995115995116	2
5	121355029	121355030	47	20	2	2	0	1	NA	NA	NA	unphased	1.53080750095675	0.765403750478377	2
5	128797434	128797435	36	18	2	2	0	1	NA	NA	NA	unphased	1.70940170940171	0.854700854700855	2
5	136314450	136314451	44	23	2	2	0	1	NA	NA	NA	unphased	1.76042862610027	0.880214313050134	2
5	139219656	139219657	38	16	2	2	0	1	NA	NA	NA	unphased	1.51946818613485	0.759734093067426	2
5	140181069	140181070	111	65	2	2	0	1	NA	NA	NA	unphased	1.89393939393939	0.946969696969697	2
5	140181945	140181946	51	42	2	2	0	1	NA	NA	NA	unphased	2.31596360628619	1.15798180314309	2
5	140228218	140228219	50	24	2	2	0	1	NA	NA	NA	unphased	1.66320166320166	0.831600831600832	2
5	140229016	140229017	20	10	2	2	0	1	NA	NA	NA	unphased	1.70940170940171	0.854700854700855	2
5	140262680	140262681	40	18	2	2	0	1	NA	NA	NA	unphased	1.59151193633952	0.795755968169761	2
5	140517282	140517283	85	55	2	2	0	1	NA	NA	NA	unphased	2.01465201465201	1.00732600732601	2
5	140559294	140559295	10	6	2	2	0	1	NA	NA	NA	unphased	1.92307692307692	1.92307692307692	1
5	140563897	140563898	15	15	2	2	0	1	NA	NA	NA	unphased	2.56410256410256	1.28205128205128	2
5	140802987	140802988	23	8	2	2	0	1	NA	NA	NA	unphased	1.32340777502068	1.32340777502068	1
5	148712334	148712335	25	5	2	2	0	1	NA	NA	NA	unphased	0.854700854700855	0.854700854700855	1
5	149754930	149754931	35	28	2	2	0	1	NA	NA	NA	unphased	2.27920227920228	1.13960113960114	2
5	150682910	150682911	39	39	2	2	0	1	NA	NA	NA	unphased	2.56410256410256	1.28205128205128	2
5	156565704	156565705	15	11	2	2	0	1	NA	NA	NA	unphased	2.16962524654832	1.08481262327416	2
5	156946856	156946857	34	30	2	2	0	1	NA	NA	NA	unphased	2.40384615384615	1.20192307692308	2
5	167379614	167379615	2	8	2	2	0	1	NA	NA	NA	unphased	4.1025641025641	2.05128205128205	2
5	167991058	167991059	36	32	2	2	0	1	NA	NA	NA	unphased	2.4132730015083	1.20663650075415	2
5	176056602	176056603	11	7	2	2	0	1	NA	NA	NA	unphased	1.99430199430199	0.997150997150997	2
5	178392081	178392082	47	25	2	2	0	1	NA	NA	NA	unphased	1.78062678062678	0.89031339031339	2
6	397158	397159	126	24	NA	NA	NA	NA	NA	NA	NA	unphased	NA	NA	1
6	398856	398857	23	8	NA	NA	NA	NA	NA	NA	NA	unphased	NA	NA	1
6	6266976	6266977	64	13	3	2	1	1	NA	NA	NA	unphased	1.03463203463203	1.03463203463203	1
6	7327019	7327020	12	3	3	2	1	1	NA	NA	NA	unphased	1.22564102564103	1.22564102564103	1
6	7570790	7570791	67	21	3	2	1	1	NA	NA	NA	unphased	1.46241258741259	0.731206293706294	2
6	10398805	10398806	138	63	3	2	1	1	NA	NA	NA	unphased	1.92078071182549	0.960390355912744	2
6	10984072	10984073	44	9	3	2	1	1	NA	NA	NA	unphased	1.04063860667634	1.04063860667634	1
6	24445963	24445964	83	52	3	2	1	1	NA	NA	NA	unphased	2.36049382716049	1.18024691358025	2
6	24698140	24698141	36	5	3	2	1	1	NA	NA	NA	unphased	0.747342088805503	0.747342088805503	1
6	26156881	26156882	46	3	3	2	1	1	NA	NA	NA	unphased	0.375196232339089	0.375196232339089	1
6	26157277	26157278	24	6	3	2	1	1	NA	NA	NA	unphased	1.22564102564103	1.22564102564103	1
6	26252106	26252107	91	38	3	2	1	1	NA	NA	NA	unphased	1.80520771218446	0.902603856092228	2
6	28541250	28541251	42	13	3	2	1	1	NA	NA	NA	unphased	1.44848484848485	1.44848484848485	1
6	29430377	29430378	35	14	3	2	1	1	NA	NA	NA	unphased	1.75091575091575	0.875457875457875	2
6	29627400	29627401	32	7	3	2	1	1	NA	NA	NA	unphased	1.09993425378041	1.09993425378041	1
6	30521207	30521208	85	37	3	2	1	1	NA	NA	NA	unphased	1.85855401429172	0.929277007145859	2
6	31725978	31725979	57	6	3	2	1	1	NA	NA	NA	unphased	0.583638583638583	0.583638583638583	1
6	32178619	32178620	29	20	3	2	1	1	NA	NA	NA	unphased	2.50130821559393	1.25065410779696	2
6	32190415	32190416	45	18	3	2	1	1	NA	NA	NA	unphased	1.75091575091575	0.875457875457875	2
6	32362548	32362549	43	8	3	2	1	1	NA	NA	NA	unphased	0.961287078934138	0.961287078934138	1
6	35477639	35477640	88	43	3	2	1	1	NA	NA	NA	unphased	2.01154824818947	1.00577412409473	2
6	36938180	36938181	97	41	3	2	1	1	NA	NA	NA	unphased	1.82069862504645	0.910349312523225	2
6	37467681	37467682	15	4	3	2	1	1	NA	NA	NA	unphased	1.29014844804318	1.29014844804318	1
6	38813460	38813461	48	23	3	2	1	1	NA	NA	NA	unphased	1.98519321054532	0.992596605272661	2
6	38942253	38942254	48	24	3	2	1	1	NA	NA	NA	unphased	2.04273504273504	1.02136752136752	2
6	39162476	39162477	95	37	3	2	1	1	NA	NA	NA	unphased	1.71775446775447	0.858877233877234	2
6	39285715	39285716	25	17	3	2	1	1	NA	NA	NA	unphased	2.48046398046398	1.24023199023199	2
6	39682525	39682526	30	8	3	2	1	1	NA	NA	NA	unphased	1.29014844804318	1.29014844804318	1
6	41001698	41001699	19	9	3	2	1	1	NA	NA	NA	unphased	1.96978021978022	0.98489010989011	2
6	41060811	41060812	30	6	3	2	1	1	NA	NA	NA	unphased	1.02136752136752	1.02136752136752	1
6	41704679	41704680	20	17	3	2	1	1	NA	NA	NA	unphased	2.81566181566182	1.40783090783091	2
6	41710071	41710072	80	26	3	2	1	1	NA	NA	NA	unphased	1.50314465408805	0.751572327044025	2
6	42225892	42225893	45	10	3	2	1	1	NA	NA	NA	unphased	1.11421911421911	1.11421911421911	1
6	42541584	42541585	41	19	3	2	1	1	NA	NA	NA	unphased	1.94059829059829	0.970299145299145	2
6	42541585	42541586	40	20	3	2	1	1	NA	NA	NA	unphased	2.04273504273504	1.02136752136752	2
6	44219847	44219848	26	4	3	2	1	1	NA	NA	NA	unphased	0.817094017094017	0.817094017094017	1
6	44249876	44249877	39	19	3	2	1	1	NA	NA	NA	unphased	2.00751547303271	1.00375773651636	2
6	44344902	44344903	12	8	3	2	1	1	NA	NA	NA	unphased	2.45128205128205	1.22564102564103	2
6	44988327	44988328	58	22	3	2	1	1	NA	NA	NA	unphased	1.68525641025641	0.842628205128205	2
6	46995497	46995498	34	7	3	2	1	1	NA	NA	NA	unphased	1.0462789243277	1.0462789243277	1
6	49660510	49660511	65	12	3	2	1	1	NA	NA	NA	unphased	0.955044955044955	0.955044955044955	1
6	49701532	49701533	67	26	3	2	1	1	NA	NA	NA	unphased	1.71326164874552	0.85663082437276	2
6	49754588	49754589	61	21	3	2	1	1	NA	NA	NA	unphased	1.56941838649156	0.784709193245778	2
6	49754736	49754737	47	22	3	2	1	1	NA	NA	NA	unphased	1.95392047565961	0.976960237829803	2
6	49815967	49815968	86	25	3	2	1	1	NA	NA	NA	unphased	1.38022638022638	1.38022638022638	1
6	51875133	51875134	29	13	3	2	1	1	NA	NA	NA	unphased	1.8968253968254	0.948412698412698	2
6	56510774	56510775	8	3	3	2	1	1	NA	NA	NA	unphased	1.67132867132867	1.67132867132867	1
6	66205300	66205301	22	6	3	2	1	1	NA	NA	NA	unphased	1.31318681318681	1.31318681318681	1
6	69640460	69640461	16	9	3	2	1	1	NA	NA	NA	unphased	2.20615384615385	1.10307692307692	2
6	70851914	70851915	18	11	3	2	1	1	NA	NA	NA	unphased	2.32449160035367	1.16224580017683	2
6	71246008	71246009	60	5	3	2	1	1	NA	NA	NA	unphased	0.471400394477318	0.471400394477318	1
6	74331598	74331599	36	10	3	2	1	1	NA	NA	NA	unphased	1.33221850613155	1.33221850613155	1
6	80634725	80634726	45	24	3	2	1	1	NA	NA	NA	unphased	2.13154960981048	1.06577480490524	2
6	87725102	87725103	38	12	3	2	1	1	NA	NA	NA	unphased	1.47076923076923	1.47076923076923	1
6	97247544	97247545	90	12	3	2	1	1	NA	NA	NA	unphased	0.720965309200603	0.720965309200603	1
6	101847125	101847126	15	5	3	2	1	1	NA	NA	NA	unphased	1.53205128205128	1.53205128205128	1
6	106553509	106553510	38	16	3	2	1	1	NA	NA	NA	unphased	1.81576448243115	0.907882241215574	2
6	108985714	108985715	17	6	3	2	1	1	NA	NA	NA	unphased	1.59866220735786	1.59866220735786	1
6	110422791	110422792	85	13	3	2	1	1	NA	NA	NA	unphased	0.812925170068027	0.812925170068027	1
6	110734559	110734560	141	36	3	2	1	1	NA	NA	NA	unphased	1.24641460234681	1.24641460234681	1
6	117237402	117237403	106	41	3	2	1	1	NA	NA	NA	unphased	1.70922728065585	0.854613640327926	2
6	119669821	119669822	43	10	3	2	1	1	NA	NA	NA	unphased	1.15626511852927	1.15626511852927	1
6	128134521	128134522	38	15	3	2	1	1	NA	NA	NA	unphased	1.7343976777939	0.867198838896952	2
6	128134778	128134779	46	12	3	2	1	1	NA	NA	NA	unphased	1.26790450928382	1.26790450928382	1
6	129573241	129573242	26	5	3	2	1	1	NA	NA	NA	unphased	0.988420181968569	0.988420181968569	1
6	129618854	129618855	59	9	3	2	1	1	NA	NA	NA	unphased	0.811085972850679	0.811085972850679	1
6	132695875	132695876	35	11	3	2	1	1	NA	NA	NA	unphased	1.4654403567447	1.4654403567447	1
6	133136444	133136445	32	13	3	2	1	1	NA	NA	NA	unphased	1.77037037037037	0.885185185185185	2
6	134210577	134210578	98	36	3	2	1	1	NA	NA	NA	unphased	1.64638346727899	0.823191733639495	2
6	142732544	142732545	115	18	3	2	1	1	NA	NA	NA	unphased	0.829381145170619	0.829381145170619	1
6	150001243	150001244	80	22	3	2	1	1	NA	NA	NA	unphased	1.32176973353444	1.32176973353444	1
6	150057681	150057682	39	12	3	2	1	1	NA	NA	NA	unphased	1.44193061840121	1.44193061840121	1
6	151672115	151672116	68	12	3	2	1	1	NA	NA	NA	unphased	0.919230769230769	0.919230769230769	1
6	155597018	155597019	60	32	3	2	1	1	NA	NA	NA	unphased	2.13154960981048	1.06577480490524	2
6	158053869	158053870	269	89	3	2	1	1	NA	NA	NA	unphased	1.5234923363415	0.761746168170749	2
6	158053870	158053871	268	90	3	2	1	1	NA	NA	NA	unphased	1.54061022776107	0.770305113880533	2
6	158450010	158450011	59	11	3	2	1	1	NA	NA	NA	unphased	0.963003663003663	0.963003663003663	1
6	160430101	160430102	48	32	3	2	1	1	NA	NA	NA	unphased	2.45128205128205	1.22564102564103	2
6	161123314	161123315	79	13	3	2	1	1	NA	NA	NA	unphased	0.865942028985507	0.865942028985507	1
6	161969911	161969912	118	49	3	2	1	1	NA	NA	NA	unphased	1.79809611546138	0.899048057730692	2
6	167416709	167416710	21	4	3	2	1	1	NA	NA	NA	unphased	0.98051282051282	0.98051282051282	1
6	167416771	167416772	16	4	3	2	1	1	NA	NA	NA	unphased	1.22564102564103	1.22564102564103	1
6	167721355	167721356	50	6	3	2	1	1	NA	NA	NA	unphased	0.656593406593406	0.656593406593406	1
6	169067169	169067170	30	7	3	2	1	1	NA	NA	NA	unphased	1.15939015939016	1.15939015939016	1
6	170871115	170871116	35	15	3	2	1	1	NA	NA	NA	unphased	1.83846153846154	0.919230769230769	2
7	4281480	4281481	30	9	4	2	2	1	NA	NA	NA	unphased	1.64497041420118	1.64497041420118	1
7	4841356	4841357	4	3	4	2	2	1	NA	NA	NA	unphased	3.05494505494505	1.52747252747253	2
7	4899792	4899793	89	18	4	2	2	1	NA	NA	NA	unphased	1.19913731128684	1.19913731128684	1
7	6189537	6189538	35	6	4	2	2	1	NA	NA	NA	unphased	1.04315196998124	1.04315196998124	1
7	14378243	14378244	38	14	4	2	2	1	NA	NA	NA	unphased	1.91913214990138	0.95956607495069	2
7	15599800	15599801	73	16	4	2	2	1	NA	NA	NA	unphased	1.28147507922789	1.28147507922789	1
7	18801851	18801852	27	8	4	2	2	1	NA	NA	NA	unphased	1.62930402930403	1.62930402930403	1
7	20698287	20698288	30	12	4	2	2	1	NA	NA	NA	unphased	2.03663003663004	1.01831501831502	2
7	26400639	26400640	71	26	4	2	2	1	NA	NA	NA	unphased	1.9106529209622	0.9553264604811	2
7	27237954	27237955	129	47	4	2	2	1	NA	NA	NA	unphased	1.90355477855478	0.951777389277389	2
7	28610145	28610146	58	12	4	2	2	1	NA	NA	NA	unphased	1.22197802197802	1.22197802197802	1
7	32598190	32598191	39	10	4	2	2	1	NA	NA	NA	unphased	1.45473574045003	1.45473574045003	1
7	33136952	33136953	39	17	4	2	2	1	NA	NA	NA	unphased	2.16391941391941	1.08195970695971	2
7	36552819	36552820	52	22	4	2	2	1	NA	NA	NA	unphased	2.11919611919612	1.05959805959806	2
7	39379521	39379522	45	17	4	2	2	1	NA	NA	NA	unphased	1.95450785773366	0.977253928866832	2
7	41729163	41729164	8	6	4	2	2	1	NA	NA	NA	unphased	3.05494505494505	1.52747252747253	2
7	41729791	41729792	30	9	4	2	2	1	NA	NA	NA	unphased	1.64497041420118	1.64497041420118	1
7	42005523	42005524	37	6	4	2	2	1	NA	NA	NA	unphased	0.994633273703041	0.994633273703041	1
7	43477685	43477686	39	12	4	2	2	1	NA	NA	NA	unphased	1.67722473604827	0.838612368024133	2
7	43484344	43484345	8	4	4	2	2	1	NA	NA	NA	unphased	2.37606837606838	2.37606837606838	1
7	43906463	43906464	64	7	4	2	2	1	NA	NA	NA	unphased	0.70278078728783	0.70278078728783	1
7	43917514	43917515	42	16	4	2	2	1	NA	NA	NA	unphased	1.96640141467728	0.983200707338638	2
7	45007524	45007525	28	11	4	2	2	1	NA	NA	NA	unphased	2.01051939513478	1.00525969756739	2
7	55874856	55874857	41	11	4	2	2	1	NA	NA	NA	unphased	1.50788954635108	1.50788954635108	1
7	70880960	70880961	53	25	4	2	2	1	NA	NA	NA	unphased	2.28468113083498	1.14234056541749	2
7	72988398	72988399	54	12	4	2	2	1	NA	NA	NA	unphased	1.2960372960373	1.2960372960373	1
7	73634096	73634097	176	59	4	2	2	1	NA	NA	NA	unphased	1.78963447899618	0.894817239498091	2
7	75608895	75608896	59	22	4	2	2	1	NA	NA	NA	unphased	1.93605571383349	0.968027856916746	2
7	77762303	77762304	169	76	4	2	2	1	NA	NA	NA	unphased	2.21119832548404	1.10559916274202	2
7	87160717	87160718	81	23	4	2	2	1	NA	NA	NA	unphased	1.57642998027613	0.788214990138067	2
7	87407135	87407136	21	12	4	2	2	1	NA	NA	NA	unphased	2.59207459207459	1.2960372960373	2
7	88847494	88847495	35	14	4	2	2	1	NA	NA	NA	unphased	2.03663003663004	1.01831501831502	2
7	88963100	88963101	18	16	4	2	2	1	NA	NA	NA	unphased	3.35444947209653	1.67722473604827	2
7	92887684	92887685	80	25	4	2	2	1	NA	NA	NA	unphased	1.6971916971917	0.848595848595849	2
7	95775938	95775939	159	80	4	2	2	1	NA	NA	NA	unphased	2.38601008475485	1.19300504237743	2
7	97365607	97365608	54	20	4	2	2	1	NA	NA	NA	unphased	1.92654192654193	0.963270963270963	2
7	97365652	97365653	62	22	4	2	2	1	NA	NA	NA	unphased	1.86691086691087	0.933455433455434	2
7	97617758	97617759	54	29	4	2	2	1	NA	NA	NA	unphased	2.49057769539697	1.24528884769849	2
7	97619393	97619394	51	22	4	2	2	1	NA	NA	NA	unphased	2.14822620302072	1.07411310151036	2
7	98564666	98564667	47	13	4	2	2	1	NA	NA	NA	unphased	1.54444444444444	1.54444444444444	1
7	98591354	98591355	32	12	4	2	2	1	NA	NA	NA	unphased	1.94405594405594	0.972027972027972	2
7	98633175	98633176	41	24	4	2	2	1	NA	NA	NA	unphased	2.63195266272189	1.31597633136095	2
7	99047932	99047933	38	18	4	2	2	1	NA	NA	NA	unphased	2.29120879120879	1.1456043956044	2
7	99695831	99695832	32	9	4	2	2	1	NA	NA	NA	unphased	1.56472795497186	1.56472795497186	1
7	100552235	100552236	274	36	4	2	2	1	NA	NA	NA	unphased	0.827791563275434	0.827791563275434	1
7	100817859	100817860	46	17	4	2	2	1	NA	NA	NA	unphased	1.92348392348392	0.961741961741962	2
7	101176380	101176381	6	5	4	2	2	1	NA	NA	NA	unphased	3.24009324009324	1.62004662004662	2
7	103131116	103131117	87	41	4	2	2	1	NA	NA	NA	unphased	2.28325320512821	1.1416266025641	2
7	103243855	103243856	90	38	4	2	2	1	NA	NA	NA	unphased	2.1161858974359	1.05809294871795	2
7	104746302	104746303	45	9	4	2	2	1	NA	NA	NA	unphased	1.18803418803419	1.18803418803419	1
7	107114492	107114493	19	8	4	2	2	1	NA	NA	NA	unphased	2.11206077872745	1.05603038936372	2
7	107115595	107115596	43	14	4	2	2	1	NA	NA	NA	unphased	1.75078722447144	0.875393612235718	2
7	112423919	112423920	85	35	4	2	2	1	NA	NA	NA	unphased	2.07905982905983	1.03952991452991	2
7	112723808	112723809	31	20	4	2	2	1	NA	NA	NA	unphased	2.79537456008044	1.39768728004022	2
7	116552134	116552135	66	27	4	2	2	1	NA	NA	NA	unphased	2.06947890818859	1.03473945409429	2
7	116552135	116552136	66	27	4	2	2	1	NA	NA	NA	unphased	2.06947890818859	1.03473945409429	2
7	117170967	117170968	25	10	4	2	2	1	NA	NA	NA	unphased	2.03663003663004	1.01831501831502	2
7	120655842	120655843	26	11	4	2	2	1	NA	NA	NA	unphased	2.11919611919612	1.05959805959806	2
7	121650905	121650906	27	5	4	2	2	1	NA	NA	NA	unphased	1.11378205128205	1.11378205128205	1
7	121652128	121652129	75	14	4	2	2	1	NA	NA	NA	unphased	1.1212906943244	1.1212906943244	1
7	123092811	123092812	27	13	4	2	2	1	NA	NA	NA	unphased	2.31666666666667	1.15833333333333	2
7	123101659	123101660	5	5	4	2	2	1	NA	NA	NA	unphased	3.56410256410256	1.78205128205128	2
7	129938611	129938612	35	13	4	2	2	1	NA	NA	NA	unphased	1.93055555555556	0.965277777777778	2
7	133868524	133868525	123	48	4	2	2	1	NA	NA	NA	unphased	2.00089968511021	1.00044984255511	2
7	134870859	134870860	39	7	4	2	2	1	NA	NA	NA	unphased	1.08472686733556	1.08472686733556	1
7	136700110	136700111	112	49	4	2	2	1	NA	NA	NA	unphased	2.16945373467113	1.08472686733556	2
7	136700859	136700860	129	66	4	2	2	1	NA	NA	NA	unphased	2.41262327416174	1.20631163708087	2
7	137150700	137150701	47	13	4	2	2	1	NA	NA	NA	unphased	1.54444444444444	1.54444444444444	1
7	138264262	138264263	43	20	4	2	2	1	NA	NA	NA	unphased	2.26292226292226	1.13146113146113	2
7	138305865	138305866	45	10	4	2	2	1	NA	NA	NA	unphased	1.2960372960373	1.2960372960373	1
7	138713460	138713461	106	20	4	2	2	1	NA	NA	NA	unphased	1.13146113146113	1.13146113146113	1
7	139655361	139655362	57	14	4	2	2	1	NA	NA	NA	unphased	1.40556157457566	1.40556157457566	1
7	140221737	140221738	36	6	4	2	2	1	NA	NA	NA	unphased	1.01831501831502	1.01831501831502	1
7	140285454	140285455	116	39	4	2	2	1	NA	NA	NA	unphased	1.79354838709677	0.896774193548387	2
7	141619409	141619410	44	15	4	2	2	1	NA	NA	NA	unphased	1.8122555410691	0.90612777053455	2
7	141719068	141719069	47	23	4	2	2	1	NA	NA	NA	unphased	2.34212454212454	1.17106227106227	2
7	141766482	141766483	181	49	4	2	2	1	NA	NA	NA	unphased	1.51861761426979	0.759308807134894	2
7	142104201	142104202	143	62	4	2	2	1	NA	NA	NA	unphased	2.15584740462789	1.07792370231395	2
7	142428867	142428868	31	3	4	2	2	1	NA	NA	NA	unphased	0.6289592760181	0.6289592760181	1
7	142561856	142561857	184	67	4	2	2	1	NA	NA	NA	unphased	1.90274798242926	0.951373991214629	2
7	142574531	142574532	61	49	4	2	2	1	NA	NA	NA	unphased	3.17529137529138	1.58764568764569	2
7	142724167	142724168	30	20	4	2	2	1	NA	NA	NA	unphased	2.85128205128205	1.42564102564103	2
7	143417193	143417194	92	21	4	2	2	1	NA	NA	NA	unphased	1.32471068754255	1.32471068754255	1
7	143701461	143701462	78	19	4	2	2	1	NA	NA	NA	unphased	1.39624636531853	1.39624636531853	1
7	143807246	143807247	139	61	4	2	2	1	NA	NA	NA	unphased	2.17410256410256	1.08705128205128	2
7	144098215	144098216	18	10	4	2	2	1	NA	NA	NA	unphased	2.54578754578755	1.27289377289377	2
7	146471377	146471378	35	11	4	2	2	1	NA	NA	NA	unphased	1.70457079152731	0.852285395763657	2
7	147259300	147259301	53	18	4	2	2	1	NA	NA	NA	unphased	1.80715059588299	0.903575297941495	2
7	148768604	148768605	27	12	4	2	2	1	NA	NA	NA	unphased	2.19329388560158	1.09664694280079	2
7	149427645	149427646	14	7	4	2	2	1	NA	NA	NA	unphased	2.37606837606838	1.18803418803419	2
7	149477096	149477097	11	3	4	2	2	1	NA	NA	NA	unphased	1.52747252747253	1.52747252747253	1
7	150417430	150417431	35	12	4	2	2	1	NA	NA	NA	unphased	1.81996726677578	0.909983633387889	2
7	150707684	150707685	12	6	4	2	2	1	NA	NA	NA	unphased	2.37606837606838	1.18803418803419	2
7	151860039	151860040	37	20	4	2	2	1	NA	NA	NA	unphased	2.50112460638776	1.25056230319388	2
7	152345742	152345743	25	4	4	2	2	1	NA	NA	NA	unphased	0.983200707338638	0.983200707338638	1
7	154863224	154863225	32	12	4	2	2	1	NA	NA	NA	unphased	1.94405594405594	0.972027972027972	2
7	158534283	158534284	36	23	NA	NA	NA	NA	NA	NA	NA	unphased	NA	NA	1
8	1496868	1496869	14	6	2.26	2	2	0.13	1	1	0.87	unphased	1.61646153846154	1.61646153846154	1
8	1497624	1497625	76	16	2.26	2	2	0.13	1	1	0.87	unphased	0.937079152731327	0.937079152731327	1
8	2944786	2944787	71	21	2.26	2	2	0.13	1	1	0.87	unphased	1.22991638795987	1.22991638795987	1
8	7308655	7308656	69	9	2.26	2	2	0.13	1	1	0.87	unphased	0.621715976331361	0.621715976331361	1
8	8234232	8234233	37	12	2.26	2	2	0.13	1	1	0.87	unphased	1.31956043956044	1.31956043956044	1
8	10466403	10466404	110	38	2.26	2	2	0.13	1	1	0.87	unphased	1.38345807345807	1.22429918005139	1.13
8	10469308	10469309	53	25	2.26	2	2	0.13	1	1	0.87	unphased	1.72698882314267	1.52830869304661	1.13
8	10469309	10469310	52	26	2.26	2	2	0.13	1	1	0.87	unphased	1.79606837606838	1.58944104076847	1.13
8	10555263	10555264	228	84	2.26	2	2	0.13	1	1	0.87	unphased	1.45067061143984	1.28377930215915	1.13
8	10583410	10583411	34	12	2.26	2	2	0.13	1	1	0.87	unphased	1.40561872909699	1.40561872909699	1
8	21768282	21768283	20	8	4	2	2	1	NA	NA	NA	unphased	2.03663003663004	1.01831501831502	2
8	22035415	22035416	152	34	4	2	2	1	NA	NA	NA	unphased	1.30300523848911	1.30300523848911	1
8	22035416	22035417	152	34	4	2	2	1	NA	NA	NA	unphased	1.30300523848911	1.30300523848911	1
8	22138987	22138988	44	11	4	2	2	1	NA	NA	NA	unphased	1.42564102564103	1.42564102564103	1
8	28321312	28321313	27	14	4	2	2	1	NA	NA	NA	unphased	2.43402126328956	1.21701063164478	2
8	30567404	30567405	18	6	4	2	2	1	NA	NA	NA	unphased	1.78205128205128	1.78205128205128	1
8	30705251	30705252	84	15	4	2	2	1	NA	NA	NA	unphased	1.08003108003108	1.08003108003108	1
8	32617781	32617782	109	41	4	2	2	1	NA	NA	NA	unphased	1.94837606837607	0.974188034188034	2
8	33416288	33416289	27	7	4	2	2	1	NA	NA	NA	unphased	1.46757164404223	1.46757164404223	1
8	36793065	36793066	87	47	4	2	2	1	NA	NA	NA	unphased	2.50019135093762	1.25009567546881	2
8	37687410	37687411	63	22	4	2	2	1	NA	NA	NA	unphased	1.84494720965309	0.922473604826546	2
8	41530082	41530083	142	50	4	2	2	1	NA	NA	NA	unphased	1.85630341880342	0.92815170940171	2
8	41580668	41580669	86	27	4	2	2	1	NA	NA	NA	unphased	1.70319945541184	0.851599727705922	2
8	42146231	42146232	12	6	4	2	2	1	NA	NA	NA	unphased	2.37606837606838	1.18803418803419	2
8	48689478	48689479	19	16	4	2	2	1	NA	NA	NA	unphased	3.25860805860806	1.62930402930403	2
8	51617257	51617258	34	39	6.15	5	2	0.83	1	1	0.17	unphased	4.95684931506849	1.02626279815083	4.83
8	51705289	51705290	152	19	6.15	5	2	0.83	1	1	0.17	unphased	1.03091168091168	1.03091168091168	1
8	51705358	51705359	75	73	6.15	5	2	0.83	1	1	0.17	unphased	4.57641198891199	0.982062658564805	4.66
8	52232490	52232491	30	17	6.15	5	2	0.83	1	1	0.17	unphased	3.35594653573377	0.961589265253229	3.49
8	52366196	52366197	55	19	6.15	5	2	0.83	1	1	0.17	unphased	2.38224185724186	0.895579645579646	2.66
8	52366325	52366326	97	16	6.15	5	2	0.83	1	1	0.17	unphased	1.31372815974586	1.31372815974586	1
8	56436131	56436132	144	166	6.15	5	2	0.83	1	1	0.17	unphased	4.96832919768404	1.02863958544183	4.83
8	57876396	57876397	126	50	6.15	5	2	0.83	1	1	0.17	unphased	2.63585372960373	0.990922454738244	2.66
8	57878816	57878817	76	21	6.15	5	2	0.83	1	1	0.17	unphased	2.00868358445678	1.09764130298185	1.83
8	69011922	69011923	79	27	6.15	5	2	0.83	1	1	0.17	unphased	2.36331640058055	0.888464812248328	2.66
8	71593455	71593456	259	41	5.68	5	2	0.78	1	0	0.22	unphased	1.20378803418803	1.20378803418803	1
8	72983984	72983985	35	36	5.68	5	2	0.78	1	0	0.22	unphased	4.46613217768147	0.979414951245937	4.56
8	75898470	75898471	150	23	5.68	5	2	0.78	1	0	0.22	unphased	1.17103305172669	1.17103305172669	1
8	77766313	77766314	35	15	5.68	5	2	0.78	1	0	0.22	unphased	2.64246153846154	1.03221153846154	2.56
8	87163694	87163695	36	27	5.68	5	2	0.78	1	0	0.22	unphased	3.77494505494505	0.998662712948427	3.78
8	87666256	87666257	47	42	5.68	5	2	0.78	1	0	0.22	unphased	4.15668107173725	1.00890317275176	4.12
8	87679266	87679267	58	45	5.68	5	2	0.78	1	0	0.22	unphased	3.84824495892457	1.01805422193772	3.78
8	89128841	89128842	89	92	5.68	5	2	0.78	1	0	0.22	unphased	4.47709873919819	0.981819898946971	4.56
8	89128842	89128843	90	93	5.68	5	2	0.78	1	0	0.22	unphased	4.47630096679277	0.981644948858063	4.56
8	95750605	95750606	68	19	5.68	5	2	0.78	1	0	0.22	unphased	1.92363100501032	1.08069157584849	1.78
8	99102060	99102061	52	7	5.68	5	2	0.78	1	0	0.22	unphased	1.04504128639722	1.04504128639722	1
8	104831655	104831656	8	18	5.68	5	2	0.78	1	0	0.22	unphased	6.09798816568047	1.27572974177416	4.78
8	106815463	106815464	23	3	5.68	5	2	0.78	1	0	0.22	unphased	1.01633136094675	1.01633136094675	1
8	110308680	110308681	203	55	5.68	5	2	0.78	1	0	0.22	unphased	1.87771814748559	1.05489783566606	1.78
8	110466948	110466949	86	78	5.68	5	2	0.78	1	0	0.22	unphased	4.18926829268293	1.01681269239877	4.12
8	113402891	113402892	70	8	5.68	5	2	0.78	1	0	0.22	unphased	0.903405654174885	0.903405654174885	1
8	113966911	113966912	14	22	5.68	5	2	0.78	1	0	0.22	unphased	5.38279202279202	1.12610711773892	4.78
8	116631711	116631712	69	74	5.68	5	2	0.78	1	0	0.22	unphased	4.55809216424601	0.99958161496623	4.56
8	121224794	121224795	104	25	5.68	5	2	0.78	1	0	0.22	unphased	1.70701649771417	0.958998032423692	1.78
8	124162329	124162330	38	33	5.68	5	2	0.78	1	0	0.22	unphased	4.09395449620802	0.993678275778645	4.12
8	124195291	124195292	20	16	5.68	5	2	0.78	1	0	0.22	unphased	3.91475783475783	1.03565022083541	3.78
8	124748096	124748097	43	49	5.68	5	2	0.78	1	0	0.22	unphased	4.69132664437012	0.98144908878036	4.78
8	125603472	125603473	72	10	5.68	5	2	0.78	1	0	0.22	unphased	1.07417135709819	1.07417135709819	1
8	130762747	130762748	43	49	5.68	5	2	0.78	1	0	0.22	unphased	4.69132664437012	0.98144908878036	4.78
8	133014951	133014952	25	29	5.68	5	2	0.78	1	0	0.22	unphased	4.73033238366572	0.989609285285715	4.78
8	133015495	133015496	75	14	5.68	5	2	0.78	1	0	0.22	unphased	1.38556035724575	1.38556035724575	1
8	139380194	139380195	79	56	5.68	5	2	0.78	1	0	0.22	unphased	3.65377397910731	1.02634100536722	3.56
8	139620185	139620186	81	22	5.68	5	2	0.78	1	0	0.22	unphased	1.8813642021409	1.05694618097803	1.78
8	139767419	139767420	76	25	5.68	5	2	0.78	1	0	0.22	unphased	2.18024879411018	0.851659685199289	2.56
8	143955803	143955804	57	41	5.68	5	2	0.78	1	0	0.22	unphased	3.6850654107797	0.974885029306798	3.78
8	144464035	144464036	34	30	5.68	5	2	0.78	1	0	0.22	unphased	4.12884615384615	1.00214712471994	4.12
8	144811212	144811213	117	91	5.68	5	2	0.78	1	0	0.22	unphased	3.85358974358974	1.01946818613485	3.78
8	144941190	144941191	63	6	5.68	5	2	0.78	1	0	0.22	unphased	0.765930880713489	0.765930880713489	1
8	144991002	144991003	50	38	5.68	5	2	0.78	1	0	0.22	unphased	3.80354312354312	1.00622833956167	3.78
8	145579727	145579728	99	24	NA	NA	NA	NA	NA	NA	NA	unphased	NA	NA	1
9	990868	990869	18	12	2	2	0	1	NA	NA	NA	unphased	2.05128205128205	1.02564102564103	2
9	2834128	2834129	6	8	2	2	0	1	NA	NA	NA	unphased	2.93040293040293	1.46520146520147	2
9	5231713	5231714	15	11	2	2	0	1	NA	NA	NA	unphased	2.16962524654832	1.08481262327416	2
9	14307438	14307439	10	16	2	2	0	1	NA	NA	NA	unphased	3.15581854043393	1.57790927021696	2
9	18889717	18889718	5	3	2	2	0	1	NA	NA	NA	unphased	1.92307692307692	1.92307692307692	1
9	20414337	20414338	10	4	2	2	0	1	NA	NA	NA	unphased	1.46520146520147	1.46520146520147	1
9	20740331	20740332	23	18	2	2	0	1	NA	NA	NA	unphased	2.25140712945591	1.12570356472795	2
9	35044852	35044853	38	33	2	2	0	1	NA	NA	NA	unphased	2.38353196099675	1.19176598049837	2
9	35748806	35748807	6	8	2	2	0	1	NA	NA	NA	unphased	2.93040293040293	1.46520146520147	2
9	70177785	70177786	60	19	2	2	0	1	NA	NA	NA	unphased	1.23336579032782	1.23336579032782	1
9	77354769	77354770	36	15	2	2	0	1	NA	NA	NA	unphased	1.50829562594268	1.50829562594268	1
9	77745522	77745523	41	26	2	2	0	1	NA	NA	NA	unphased	1.99004975124378	0.995024875621891	2
9	84608661	84608662	23	8	2	2	0	1	NA	NA	NA	unphased	1.32340777502068	1.32340777502068	1
9	88938431	88938432	42	39	2	2	0	1	NA	NA	NA	unphased	2.46913580246914	1.23456790123457	2
9	90255719	90255720	90	54	2	2	0	1	NA	NA	NA	unphased	1.92307692307692	0.961538461538461	2
9	95599154	95599155	19	11	2	2	0	1	NA	NA	NA	unphased	1.88034188034188	0.94017094017094	2
9	100667196	100667197	27	12	2	2	0	1	NA	NA	NA	unphased	1.57790927021696	1.57790927021696	1
9	101800986	101800987	52	32	2	2	0	1	NA	NA	NA	unphased	1.95360195360195	0.976800976800977	2
9	105767106	105767107	15	4	2	2	0	1	NA	NA	NA	unphased	1.07962213225371	1.07962213225371	1
9	107267455	107267456	25	13	2	2	0	1	NA	NA	NA	unphased	1.75438596491228	0.87719298245614	2
9	107332232	107332233	26	12	2	2	0	1	NA	NA	NA	unphased	1.61943319838057	0.809716599190283	2
9	112018504	112018505	34	25	2	2	0	1	NA	NA	NA	unphased	2.17296827466319	1.08648413733159	2
9	124534958	124534959	36	22	2	2	0	1	NA	NA	NA	unphased	1.94518125552608	0.972590627763042	2
9	124976560	124976561	17	8	2	2	0	1	NA	NA	NA	unphased	1.64102564102564	1.64102564102564	1
9	126125313	126125314	21	7	2	2	0	1	NA	NA	NA	unphased	1.28205128205128	1.28205128205128	1
9	126125365	126125366	9	12	2	2	0	1	NA	NA	NA	unphased	2.93040293040293	1.46520146520147	2
9	130207407	130207408	99	47	2	2	0	1	NA	NA	NA	unphased	1.65086055497014	0.825430277485072	2
9	133799138	133799139	6	8	2	2	0	1	NA	NA	NA	unphased	2.93040293040293	1.46520146520147	2
9	136595227	136595228	41	21	2	2	0	1	NA	NA	NA	unphased	1.73697270471464	0.86848635235732	2
X	3239344	3239345	6	9	NA	NA	NA	NA	NA	NA	NA	unphased	NA	NA	1
X	11790777	11790778	8	8	NA	NA	NA	NA	NA	NA	NA	unphased	NA	NA	1
X	14622518	14622519	21	38	NA	NA	NA	NA	NA	NA	NA	unphased	NA	NA	1
X	22291499	22291500	17	16	NA	NA	NA	NA	NA	NA	NA	unphased	NA	NA	1
X	26212974	26212975	52	42	NA	NA	NA	NA	NA	NA	NA	unphased	NA	NA	1
X	34147993	34147994	5	14	NA	NA	NA	NA	NA	NA	NA	unphased	NA	NA	1
X	34148497	34148498	16	17	NA	NA	NA	NA	NA	NA	NA	unphased	NA	NA	1
X	37965996	37965997	15	8	NA	NA	NA	NA	NA	NA	NA	unphased	NA	NA	1
X	47775275	47775276	9	11	NA	NA	NA	NA	NA	NA	NA	unphased	NA	NA	1
X	47775276	47775277	9	12	NA	NA	NA	NA	NA	NA	NA	unphased	NA	NA	1
X	50094342	50094343	54	63	NA	NA	NA	NA	NA	NA	NA	unphased	NA	NA	1
X	50377002	50377003	7	6	NA	NA	NA	NA	NA	NA	NA	unphased	NA	NA	1
X	53439184	53439185	13	7	NA	NA	NA	NA	NA	NA	NA	unphased	NA	NA	1
X	63444720	63444721	14	17	NA	NA	NA	NA	NA	NA	NA	unphased	NA	NA	1
X	64709137	64709138	24	25	NA	NA	NA	NA	NA	NA	NA	unphased	NA	NA	1
X	70148373	70148374	2	6	NA	NA	NA	NA	NA	NA	NA	unphased	NA	NA	1
X	70343027	70343028	13	25	NA	NA	NA	NA	NA	NA	NA	unphased	NA	NA	1
X	70345906	70345907	47	56	NA	NA	NA	NA	NA	NA	NA	unphased	NA	NA	1
X	73062795	73062796	21	23	NA	NA	NA	NA	NA	NA	NA	unphased	NA	NA	1
X	77528532	77528533	11	16	NA	NA	NA	NA	NA	NA	NA	unphased	NA	NA	1
X	86067904	86067905	7	21	NA	NA	NA	NA	NA	NA	NA	unphased	NA	NA	1
X	99955907	99955908	28	24	NA	NA	NA	NA	NA	NA	NA	unphased	NA	NA	1
X	100178006	100178007	25	19	NA	NA	NA	NA	NA	NA	NA	unphased	NA	NA	1
X	100615556	100615557	16	17	NA	NA	NA	NA	NA	NA	NA	unphased	NA	NA	1
X	101820678	101820679	13	4	NA	NA	NA	NA	NA	NA	NA	unphased	NA	NA	1
X	103349076	103349077	14	4	NA	NA	NA	NA	NA	NA	NA	unphased	NA	NA	1
X	105280604	105280605	45	24	NA	NA	NA	NA	NA	NA	NA	unphased	NA	NA	1
X	110970073	110970074	28	16	NA	NA	NA	NA	NA	NA	NA	unphased	NA	NA	1
X	111195568	111195569	16	12	NA	NA	NA	NA	NA	NA	NA	unphased	NA	NA	1
X	114141350	114141351	64	59	NA	NA	NA	NA	NA	NA	NA	unphased	NA	NA	1
X	117786006	117786007	12	5	NA	NA	NA	NA	NA	NA	NA	unphased	NA	NA	1
X	120009173	120009174	4	9	NA	NA	NA	NA	NA	NA	NA	unphased	NA	NA	1
X	125298781	125298782	29	14	NA	NA	NA	NA	NA	NA	NA	unphased	NA	NA	1
X	129173178	129173179	20	14	NA	NA	NA	NA	NA	NA	NA	unphased	NA	NA	1
X	129354418	129354419	26	13	NA	NA	NA	NA	NA	NA	NA	unphased	NA	NA	1
X	148037341	148037342	31	29	NA	NA	NA	NA	NA	NA	NA	unphased	NA	NA	1
X	151283836	151283837	14	33	NA	NA	NA	NA	NA	NA	NA	unphased	NA	NA	1
X	153170499	153170500	6	10	NA	NA	NA	NA	NA	NA	NA	unphased	NA	NA	1
X	153205580	153205581	19	22	NA	NA	NA	NA	NA	NA	NA	unphased	NA	NA	1
